  0.000000E+00  1.806301E-07  1.057951E-04 -9.660444E-08  1.926552E-04 -6.215686E-03  2.038159E-08  2.038204E-08
  1.000000E+00  1.812723E-07  1.069684E-04 -5.180539E-07  1.905634E-04 -1.442732E-02  2.038215E-08  2.038861E-08
  2.000000E+00 -5.080158E-08  1.058887E-04 -3.207886E-07  1.925578E-04 -2.624400E-02  2.038268E-08  2.038973E-08
  3.000000E+00  1.485512E-07  1.060807E-04 -2.501421E-08  1.921356E-04 -3.440460E-03  2.038176E-08  2.038205E-08
  4.000000E+00  2.324128E-07  1.069032E-04 -4.973482E-07  1.907036E-04 -2.019414E-02  2.038267E-08  2.039063E-08
  5.000000E+00 -5.597240E-08  1.056946E-04 -4.191276E-07  1.928967E-04 -2.174452E-02  2.038332E-08  2.038834E-08
  6.000000E+00  1.096053E-07  1.063914E-04  1.869716E-08  1.915817E-04 -3.393733E-03  2.038254E-08  2.038361E-08
  7.000000E+00  2.711710E-07  1.067100E-04 -4.522497E-07  1.910695E-04 -2.469637E-02  2.038282E-08  2.039155E-08
  8.000000E+00 -4.029130E-08  1.056312E-04 -5.104256E-07  1.929906E-04 -1.621105E-02  2.038315E-08  2.038614E-08
  9.000000E+00  6.321972E-08  1.066546E-04  2.687335E-08  1.911076E-04 -5.868170E-03  2.038215E-08  2.038467E-08
  1.000000E+01  2.946718E-07  1.064412E-04 -3.791480E-07  1.915566E-04 -2.704641E-02  2.038207E-08  2.039071E-08
  1.100000E+01 -3.920438E-09  1.056995E-04 -5.887665E-07  1.928420E-04 -1.091827E-02  2.038210E-08  2.038353E-08
  1.200000E+01  1.018539E-08  1.068225E-04 -8.365059E-10  1.908048E-04 -1.010247E-02  2.038121E-08  2.038546E-08
  1.300000E+01  3.039186E-07  1.061599E-04 -2.804908E-07  1.920561E-04 -2.695949E-02  2.038125E-08  2.038902E-08
  1.400000E+01  4.698271E-08  1.058714E-04 -6.508985E-07  1.925080E-04 -6.921917E-03  2.038061E-08  2.038122E-08
  1.500000E+01 -4.213518E-08  1.068749E-04 -5.835857E-08  1.907122E-04 -1.509259E-02  2.038003E-08  2.038593E-08
  1.600000E+01  2.983120E-07  1.059184E-04 -1.705598E-07  1.924727E-04 -2.473934E-02  2.038016E-08  2.038649E-08
  1.700000E+01  1.056460E-07  1.061024E-04 -6.898233E-07  1.920698E-04 -4.796885E-03  2.037884E-08  2.037941E-08
  1.800000E+01 -8.671626E-08  1.068159E-04 -1.380957E-07  1.908180E-04 -1.987016E-02  2.037839E-08  2.038559E-08
  1.900000E+01  2.772033E-07  1.057517E-04 -6.291741E-08  1.927462E-04 -2.100124E-02  2.037874E-08  2.038337E-08
  2.000000E+01  1.660735E-07  1.063505E-04 -6.991069E-07  1.916071E-04 -4.695431E-03  2.037729E-08  2.037852E-08
  2.100000E+01 -1.188324E-07  1.066644E-04 -2.320426E-07  1.910900E-04 -2.367493E-02  2.037680E-08  2.038476E-08
  2.200000E+01  2.410266E-07  1.056795E-04  3.256920E-08  1.928489E-04 -1.644163E-02  2.037742E-08  2.038036E-08
  2.300000E+01  2.240186E-07  1.065797E-04 -6.759888E-07  1.911877E-04 -6.508601E-03  2.037629E-08  2.037875E-08
  2.400000E+01 -1.354103E-07  1.064463E-04 -3.342954E-07  1.914829E-04 -2.599377E-02  2.037577E-08  2.038386E-08
  2.500000E+01  1.909422E-07  1.057082E-04  1.087321E-07  1.927706E-04 -1.179954E-02  2.037602E-08  2.037756E-08
  2.600000E+01  2.770325E-07  1.067560E-04 -6.207049E-07  1.908710E-04 -9.891847E-03  2.037564E-08  2.037968E-08
  2.700000E+01 -1.362179E-07  1.061950E-04 -4.401317E-07  1.919362E-04 -2.648699E-02  2.037553E-08  2.038311E-08
  2.800000E+01  1.321017E-07  1.058365E-04  1.606973E-07  1.925206E-04 -7.804144E-03  2.037509E-08  2.037573E-08
  2.900000E+01  3.245779E-07  1.068479E-04 -5.431479E-07  1.907139E-04 -1.434259E-02  2.037528E-08  2.038103E-08
  3.000000E+01 -1.247791E-07  1.059500E-04 -5.454574E-07  1.923776E-04 -2.498453E-02  2.037605E-08  2.038252E-08
  3.100000E+01  7.262872E-08  1.060508E-04  1.885951E-07  1.921287E-04 -5.154072E-03  2.037514E-08  2.037556E-08
  3.200000E+01  3.633976E-07  1.068328E-04 -4.568546E-07  1.907606E-04 -1.915850E-02  2.037574E-08  2.038299E-08
  3.300000E+01 -1.022746E-07  1.057573E-04 -6.427169E-07  1.927265E-04 -2.161269E-02  2.037746E-08  2.038240E-08
  3.400000E+01  1.875866E-08  1.063204E-04  1.894638E-07  1.916569E-04 -4.419238E-03  2.037684E-08  2.037780E-08
  3.500000E+01  3.882308E-07  1.067061E-04 -3.698533E-07  1.910236E-04 -2.347413E-02  2.037776E-08  2.038601E-08
  3.600000E+01 -6.686163E-08  1.056594E-04 -7.229157E-07  1.929085E-04 -1.689882E-02  2.037969E-08  2.038292E-08
  3.700000E+01 -2.857268E-08  1.065965E-04  1.587994E-07  1.911903E-04 -5.911834E-03  2.037986E-08  2.038212E-08
  3.800000E+01  3.965764E-07  1.064827E-04 -2.818848E-07  1.914685E-04 -2.639678E-02  2.038099E-08  2.038951E-08
  3.900000E+01 -1.825686E-08  1.056857E-04 -7.812703E-07  1.928694E-04 -1.169910E-02  2.038216E-08  2.038386E-08
  4.000000E+01 -7.070989E-08  1.068145E-04  9.718314E-08  1.908297E-04 -9.528220E-03  2.038246E-08  2.038654E-08
  4.100000E+01  3.888178E-07  1.062016E-04 -1.905752E-07  1.920061E-04 -2.712386E-02  2.038386E-08  2.039183E-08
  4.200000E+01  4.032713E-08  1.058401E-04 -8.158027E-07  1.925952E-04 -7.122947E-03  2.038378E-08  2.038449E-08
  4.300000E+01 -1.090583E-07  1.069181E-04  1.227288E-08  1.906708E-04 -1.458201E-02  2.038399E-08  2.038998E-08
  4.400000E+01  3.647262E-07  1.059276E-04 -9.290481E-08  1.925109E-04 -2.533861E-02  2.038568E-08  2.039235E-08
  4.500000E+01  1.082502E-07  1.060954E-04 -8.255056E-07  1.921400E-04 -4.279289E-03  2.038499E-08  2.038554E-08
  4.600000E+01 -1.452453E-07  1.068814E-04 -9.325291E-08  1.907681E-04 -1.994426E-02  2.038551E-08  2.039308E-08
  4.700000E+01  3.260132E-07  1.057309E-04  1.293184E-08  1.928656E-04 -2.138467E-02  2.038720E-08  2.039207E-08
  4.800000E+01  1.805382E-07  1.063946E-04 -8.095623E-07  1.916129E-04 -3.924940E-03  2.038643E-08  2.038772E-08
  4.900000E+01 -1.761837E-07  1.067101E-04 -2.120403E-07  1.911051E-04 -2.438076E-02  2.038679E-08  2.039522E-08
  5.000000E+01  2.775614E-07  1.056557E-04  1.165542E-07  1.929873E-04 -1.613608E-02  2.038755E-08  2.039049E-08
  5.100000E+01  2.485241E-07  1.066628E-04 -7.703688E-07  1.911318E-04 -6.162654E-03  2.038627E-08  2.038903E-08
  5.200000E+01 -1.938333E-07  1.064433E-04 -3.335522E-07  1.915915E-04 -2.685173E-02  2.038629E-08  2.039474E-08
  5.300000E+01  2.218442E-07  1.057158E-04  1.996899E-07  1.928469E-04 -1.084169E-02  2.038577E-08  2.038713E-08
  5.400000E+01  3.088845E-07  1.068357E-04 -7.100519E-07  1.908099E-04 -1.038527E-02  2.038421E-08  2.038878E-08
  5.500000E+01 -1.932292E-07  1.061502E-04 -4.553588E-07  1.921029E-04 -2.680925E-02  2.038445E-08  2.039208E-08
  5.600000E+01  1.578882E-07  1.058945E-04  2.531949E-07  1.924917E-04 -6.760300E-03  2.038335E-08  2.038386E-08
  5.700000E+01  3.597601E-07  1.068821E-04 -6.250650E-07  1.907221E-04 -1.551750E-02  2.038231E-08  2.038857E-08
  5.800000E+01 -1.736134E-07  1.059016E-04 -5.743721E-07  1.925271E-04 -2.438770E-02  2.038286E-08  2.038904E-08
  5.900000E+01  9.000627E-08  1.061438E-04  2.718562E-07  1.920206E-04 -4.740646E-03  2.038156E-08  2.038208E-08
  6.000000E+01  3.956178E-07  1.068016E-04 -5.193401E-07  1.908691E-04 -2.038849E-02  2.038090E-08  2.038837E-08
  6.100000E+01 -1.351421E-07  1.057449E-04 -6.793404E-07  1.927807E-04 -2.029271E-02  2.038137E-08  2.038579E-08
  6.200000E+01  2.265274E-08  1.063999E-04  2.521769E-07  1.915380E-04 -5.066679E-03  2.037936E-08  2.038065E-08
  6.300000E+01  4.117123E-07  1.066218E-04 -3.977683E-07  1.911897E-04 -2.398645E-02  2.037914E-08  2.038716E-08
  6.400000E+01 -7.890866E-08  1.057019E-04 -7.597929E-07  1.928273E-04 -1.552809E-02  2.037975E-08  2.038249E-08
  6.500000E+01 -4.027650E-08  1.066118E-04  1.930204E-07  1.911409E-04 -7.425891E-03  2.037732E-08  2.037990E-08
  6.600000E+01  4.078567E-07  1.063897E-04 -2.680180E-07  1.916019E-04 -2.573012E-02  2.037772E-08  2.038557E-08
  6.700000E+01 -1.138189E-08  1.057672E-04 -8.098194E-07  1.926827E-04 -1.111239E-02  2.037825E-08  2.037972E-08
  6.800000E+01 -9.304416E-08  1.067482E-04  1.024770E-07  1.908948E-04 -1.111115E-02  2.037642E-08  2.038049E-08
  6.900000E+01  3.872757E-07  1.061543E-04 -1.443768E-07  1.920226E-04 -2.552227E-02  2.037739E-08  2.038443E-08
  7.000000E+01  5.938328E-08  1.059157E-04 -8.290080E-07  1.923981E-04 -7.801104E-03  2.037737E-08  2.037819E-08
  7.100000E+01 -1.297371E-07  1.067956E-04 -8.326906E-09  1.908220E-04 -1.533711E-02  2.037654E-08  2.038205E-08
  7.200000E+01  3.511025E-07  1.059521E-04 -3.969640E-08  1.923841E-04 -2.360694E-02  2.037783E-08  2.038364E-08
  7.300000E+01  1.287769E-07  1.061160E-04 -8.156919E-07  1.920296E-04 -6.006724E-03  2.037705E-08  2.037785E-08
  7.400000E+01 -1.488912E-07  1.067537E-04 -1.313804E-07  1.909154E-04 -1.941971E-02  2.037708E-08  2.038373E-08
  7.500000E+01  3.016344E-07  1.058088E-04  4.111582E-08  1.926407E-04 -2.037413E-02  2.037885E-08  2.038318E-08
  7.600000E+01  1.934436E-07  1.063390E-04 -7.716165E-07  1.916303E-04 -5.891259E-03  2.037743E-08  2.037879E-08
  7.700000E+01 -1.522142E-07  1.066285E-04 -2.584802E-07  1.911572E-04 -2.281651E-02  2.037751E-08  2.038488E-08
  7.800000E+01  2.426086E-07  1.057416E-04  9.829408E-08  1.927547E-04 -1.632040E-02  2.037947E-08  2.038231E-08
  7.900000E+01  2.478906E-07  1.065529E-04 -6.995919E-07  1.912535E-04 -7.426657E-03  2.037806E-08  2.038050E-08
  8.000000E+01 -1.394600E-07  1.064373E-04 -3.787995E-07  1.915167E-04 -2.499835E-02  2.037817E-08  2.038570E-08
  8.100000E+01  1.780846E-07  1.057661E-04  1.278703E-07  1.927007E-04 -1.209108E-02  2.037971E-08  2.038128E-08
  8.200000E+01  2.885519E-07  1.067226E-04 -6.047243E-07  1.909631E-04 -1.044899E-02  2.037897E-08  2.038286E-08
  8.300000E+01 -1.138789E-07  1.062091E-04 -4.823917E-07  1.919441E-04 -2.550535E-02  2.037959E-08  2.038667E-08
  8.400000E+01  1.128579E-07  1.058876E-04  1.322731E-07  1.924763E-04 -8.411466E-03  2.038012E-08  2.038086E-08
  8.500000E+01  3.162909E-07  1.068113E-04 -4.973889E-07  1.908238E-04 -1.455240E-02  2.037998E-08  2.038544E-08
  8.600000E+01 -8.096296E-08  1.059843E-04 -5.662932E-07  1.923634E-04 -2.407709E-02  2.038159E-08  2.038762E-08
  8.700000E+01  5.441345E-08  1.060911E-04  1.161344E-07  1.921100E-04 -6.020165E-03  2.038080E-08  2.038134E-08
  8.800000E+01  3.300076E-07  1.067922E-04 -3.916848E-07  1.908799E-04 -1.901940E-02  2.038080E-08  2.038760E-08
  8.900000E+01 -4.238929E-08  1.058092E-04 -6.268584E-07  1.926824E-04 -2.085922E-02  2.038313E-08  2.038770E-08
  9.000000E+01  7.471187E-09  1.063418E-04  7.878595E-08  1.916656E-04 -5.498916E-03  2.038175E-08  2.038284E-08
  9.100000E+01  3.281908E-07  1.066621E-04 -2.958034E-07  1.911379E-04 -2.294011E-02  2.038181E-08  2.038944E-08
  9.200000E+01  3.960008E-09  1.057269E-04 -6.628627E-07  1.928249E-04 -1.643542E-02  2.038402E-08  2.038699E-08
  9.300000E+01 -2.750112E-08  1.065867E-04  1.557184E-08  1.912376E-04 -7.086856E-03  2.038287E-08  2.038518E-08
  9.400000E+01  3.108125E-07  1.064461E-04 -2.106609E-07  1.915526E-04 -2.539129E-02  2.038346E-08  2.039121E-08
  9.500000E+01  5.704908E-08  1.057635E-04 -6.733640E-07  1.927527E-04 -1.174132E-02  2.038479E-08  2.038638E-08
  9.600000E+01 -5.045311E-08  1.067666E-04 -7.146959E-08  1.909303E-04 -1.054438E-02  2.038385E-08  2.038779E-08
  9.700000E+01  2.797299E-07  1.061922E-04 -1.379472E-07  1.920292E-04 -2.572435E-02  2.038527E-08  2.039239E-08
  9.800000E+01  1.124654E-07  1.059141E-04 -6.583184E-07  1.924759E-04 -7.880397E-03  2.038527E-08  2.038603E-08
  9.900000E+01 -6.390929E-08  1.068369E-04 -1.713118E-07  1.908234E-04 -1.508849E-02  2.038466E-08  2.039022E-08
  1.000000E+02  2.380539E-07  1.059624E-04 -7.525122E-08  1.924522E-04 -2.382164E-02  2.038692E-08  2.039276E-08
  1.010000E+02  1.679546E-07  1.061432E-04 -6.220486E-07  1.920626E-04 -5.772494E-03  2.038580E-08  2.038650E-08
  1.020000E+02 -6.995348E-08  1.067827E-04 -2.776419E-07  1.909426E-04 -1.965132E-02  2.038543E-08  2.039222E-08
  1.030000E+02  1.883355E-07  1.058090E-04 -2.056823E-08  1.927233E-04 -2.016821E-02  2.038771E-08  2.039192E-08
  1.040000E+02  2.173696E-07  1.063937E-04 -5.644212E-07  1.916115E-04 -5.855092E-03  2.038591E-08  2.038732E-08
  1.050000E+02 -6.363989E-08  1.066199E-04 -3.823393E-07  1.912480E-04 -2.319837E-02  2.038535E-08  2.039274E-08
  1.060000E+02  1.333765E-07  1.057618E-04  1.376646E-08  1.927850E-04 -1.567564E-02  2.038677E-08  2.038936E-08
  1.070000E+02  2.550387E-07  1.066030E-04 -4.862138E-07  1.912249E-04 -8.006710E-03  2.038450E-08  2.038714E-08
  1.080000E+02 -4.067188E-08  1.063927E-04 -4.776834E-07  1.916523E-04 -2.493722E-02  2.038407E-08  2.039135E-08
  1.090000E+02  7.461754E-08  1.058250E-04  1.788645E-08  1.926375E-04 -1.142364E-02  2.038454E-08  2.038589E-08
  1.100000E+02  2.791731E-07  1.067291E-04 -3.887909E-07  1.909861E-04 -1.161018E-02  2.038240E-08  2.038647E-08
  1.110000E+02 -1.479467E-09  1.061588E-04 -5.597116E-07  1.920596E-04 -2.461466E-02  2.038264E-08  2.038915E-08
  1.120000E+02  1.635243E-08  1.059768E-04 -1.101779E-08  1.923368E-04 -8.313712E-03  2.038253E-08  2.038327E-08
  1.130000E+02  2.874123E-07  1.067545E-04 -2.787607E-07  1.909355E-04 -1.577176E-02  2.038070E-08  2.038609E-08
  1.140000E+02  4.901607E-08  1.059677E-04 -6.194701E-07  1.923857E-04 -2.250131E-02  2.038151E-08  2.038680E-08
  1.150000E+02 -3.351886E-08  1.061737E-04 -6.981633E-08  1.919597E-04 -6.900579E-03  2.038058E-08  2.038139E-08
  1.160000E+02  2.756559E-07  1.066830E-04 -1.684897E-07  1.910607E-04 -1.955917E-02  2.037903E-08  2.038533E-08
  1.170000E+02  1.083921E-07  1.058505E-04 -6.466470E-07  1.925727E-04 -1.919141E-02  2.038017E-08  2.038406E-08
  1.180000E+02 -7.012673E-08  1.063718E-04 -1.578073E-07  1.915809E-04 -7.309811E-03  2.037826E-08  2.037973E-08
  1.190000E+02  2.428524E-07  1.065368E-04 -6.686319E-08  1.913160E-04 -2.229280E-02  2.037713E-08  2.038382E-08
  1.200000E+02  1.727494E-07  1.058197E-04 -6.357931E-07  1.926006E-04 -1.541347E-02  2.037852E-08  2.038109E-08
  1.210000E+02 -9.146633E-08  1.065370E-04 -2.688709E-07  1.912667E-04 -9.267339E-03  2.037610E-08  2.037864E-08
  1.220000E+02  1.942737E-07  1.063522E-04  1.757971E-08  1.916425E-04 -2.360666E-02  2.037591E-08  2.038244E-08
  1.230000E+02  2.336618E-07  1.058718E-04 -5.902927E-07  1.924862E-04 -1.189274E-02  2.037742E-08  2.037901E-08
  1.240000E+02 -9.414529E-08  1.066473E-04 -3.889779E-07  1.910674E-04 -1.223576E-02  2.037530E-08  2.037909E-08
  1.250000E+02  1.354360E-07  1.061651E-04  7.330274E-08  1.919820E-04 -2.342734E-02  2.037621E-08  2.038212E-08
  1.260000E+02  2.837658E-07  1.059917E-04 -5.149303E-07  1.922625E-04 -9.225866E-03  2.037736E-08  2.037842E-08
  1.270000E+02 -7.517220E-08  1.066902E-04 -5.058908E-07  1.910088E-04 -1.562667E-02  2.037628E-08  2.038127E-08
  1.280000E+02  7.022849E-08  1.060045E-04  9.096737E-08  1.922843E-04 -2.186928E-02  2.037813E-08  2.038307E-08
  1.290000E+02  3.197136E-07  1.061591E-04 -4.146567E-07  1.919670E-04 -7.789546E-03  2.037842E-08  2.037948E-08
  1.300000E+02 -3.614640E-08  1.066584E-04 -6.115146E-07  1.910945E-04 -1.894060E-02  2.037818E-08  2.038414E-08
  1.310000E+02  3.207370E-09  1.058921E-04  6.988934E-08  1.925022E-04 -1.917743E-02  2.038071E-08  2.038446E-08
  1.320000E+02  3.395741E-07  1.063481E-04 -2.969748E-07  1.916407E-04 -7.776903E-03  2.038000E-08  2.038156E-08
  1.330000E+02  1.933737E-08  1.065534E-04 -6.988930E-07  1.913111E-04 -2.168395E-02  2.038006E-08  2.038659E-08
  1.340000E+02 -6.189402E-08  1.058448E-04  1.409777E-08  1.925934E-04 -1.578650E-02  2.038247E-08  2.038502E-08
  1.350000E+02  3.424945E-07  1.065279E-04 -1.686571E-07  1.913319E-04 -9.205532E-03  2.038132E-08  2.038382E-08
  1.360000E+02  8.541230E-08  1.063880E-04 -7.612933E-07  1.916283E-04 -2.337170E-02  2.038139E-08  2.038802E-08
  1.370000E+02 -1.212741E-07  1.058783E-04 -6.787091E-08  1.925328E-04 -1.222896E-02  2.038352E-08  2.038506E-08
  1.380000E+02  3.297740E-07  1.066655E-04 -3.845400E-08  1.911023E-04 -1.192764E-02  2.038257E-08  2.038632E-08
  1.390000E+02  1.539354E-07  1.061923E-04 -7.943588E-07  1.919993E-04 -2.355801E-02  2.038319E-08  2.038936E-08
  1.400000E+02 -1.688469E-07  1.059970E-04 -1.648611E-07  1.923207E-04 -9.224759E-03  2.038455E-08  2.038549E-08
  1.410000E+02  3.009789E-07  1.067255E-04  8.177626E-08  1.910156E-04 -1.551918E-02  2.038379E-08  2.038885E-08
  1.420000E+02  2.209533E-07  1.060086E-04 -7.938357E-07  1.923457E-04 -2.203914E-02  2.038534E-08  2.039056E-08
  1.430000E+02 -1.985145E-07  1.061811E-04 -2.741457E-07  1.919904E-04 -7.530343E-03  2.038517E-08  2.038612E-08
  1.440000E+02  2.543749E-07  1.066849E-04  1.812639E-07  1.911063E-04 -1.922763E-02  2.038440E-08  2.039050E-08
  1.450000E+02  2.861629E-07  1.058787E-04 -7.559801E-07  1.925785E-04 -1.904480E-02  2.038626E-08  2.039019E-08
  1.460000E+02 -2.081466E-07  1.063909E-04 -3.969384E-07  1.916105E-04 -7.588323E-03  2.038502E-08  2.038661E-08
  1.470000E+02  1.927961E-07  1.065485E-04  2.533041E-07  1.913604E-04 -2.221519E-02  2.038414E-08  2.039075E-08
  1.480000E+02  3.476700E-07  1.058359E-04 -6.848658E-07  1.926403E-04 -1.518537E-02  2.038590E-08  2.038850E-08
  1.490000E+02 -1.979524E-07  1.065784E-04 -5.292543E-07  1.912695E-04 -9.443753E-03  2.038428E-08  2.038703E-08
  1.500000E+02  1.194546E-07  1.063491E-04  2.955685E-07  1.917228E-04 -2.374924E-02  2.038379E-08  2.039032E-08
  1.510000E+02  4.017094E-07  1.058949E-04 -5.837261E-07  1.925155E-04 -1.138674E-02  2.038509E-08  2.038665E-08
  1.520000E+02 -1.681194E-07  1.066974E-04 -6.633666E-07  1.910575E-04 -1.268090E-02  2.038370E-08  2.038786E-08
  1.530000E+02  3.656377E-08  1.061384E-04  3.065405E-07  1.921059E-04 -2.341089E-02  2.038422E-08  2.039005E-08
  1.540000E+02  4.477744E-07  1.060424E-04 -4.565752E-07  1.922389E-04 -8.599452E-03  2.038473E-08  2.038581E-08
  1.550000E+02 -1.234218E-07  1.067191E-04 -7.941729E-07  1.910273E-04 -1.653597E-02  2.038346E-08  2.038893E-08
  1.560000E+02 -5.032832E-08  1.059670E-04  2.910662E-07  1.924163E-04 -2.128594E-02  2.038516E-08  2.038982E-08
  1.570000E+02  4.825924E-07  1.062400E-04 -3.117613E-07  1.918788E-04 -7.477188E-03  2.038463E-08  2.038589E-08
  1.580000E+02 -6.606890E-08  1.066413E-04 -9.132064E-07  1.911795E-04 -2.007044E-02  2.038352E-08  2.038988E-08
  1.590000E+02 -1.336963E-07  1.058723E-04  2.471472E-07  1.925796E-04 -1.798244E-02  2.038555E-08  2.038888E-08
  1.600000E+02  4.980516E-07  1.064342E-04 -1.574660E-07  1.915248E-04 -8.178298E-03  2.038410E-08  2.038611E-08
  1.610000E+02  7.058879E-09  1.064878E-04 -1.006837E-06  1.914600E-04 -2.246122E-02  2.038302E-08  2.038972E-08
  1.620000E+02 -2.103631E-07  1.058677E-04  1.657963E-07  1.925677E-04 -1.434984E-02  2.038460E-08  2.038675E-08
  1.630000E+02  4.891564E-07  1.065814E-04  4.200460E-09  1.912517E-04 -1.040552E-02  2.038277E-08  2.038586E-08
  1.640000E+02  9.751288E-08  1.062976E-04 -1.066352E-06  1.917942E-04 -2.327133E-02  2.038174E-08  2.038818E-08
  1.650000E+02 -2.799593E-07  1.059452E-04  4.358042E-08  1.924009E-04 -1.116182E-02  2.038268E-08  2.038403E-08
  1.660000E+02  4.580754E-07  1.066574E-04  1.706410E-07  1.911055E-04 -1.357042E-02  2.038093E-08  2.038519E-08
  1.670000E+02  1.976065E-07  1.061146E-04 -1.089535E-06  1.921103E-04 -2.248418E-02  2.038056E-08  2.038626E-08
  1.680000E+02 -3.358641E-07  1.060812E-04 -1.097197E-07  1.921314E-04 -9.029640E-03  2.038071E-08  2.038180E-08
  1.690000E+02  4.059319E-07  1.066549E-04  3.275900E-07  1.911041E-04 -1.693837E-02  2.037926E-08  2.038454E-08
  1.700000E+02  2.990293E-07  1.059741E-04 -1.071530E-06  1.923485E-04 -2.042367E-02  2.037970E-08  2.038438E-08
  1.710000E+02 -3.709054E-07  1.062450E-04 -2.835408E-07  1.918198E-04 -8.280046E-03  2.037919E-08  2.038054E-08
  1.720000E+02  3.315016E-07  1.065803E-04  4.616832E-07  1.912346E-04 -1.986852E-02  2.037782E-08  2.038378E-08
  1.730000E+02  3.972622E-07  1.058959E-04 -1.006014E-06  1.924742E-04 -1.754288E-02  2.037909E-08  2.038265E-08
  1.740000E+02 -3.807343E-07  1.064068E-04 -4.725232E-07  1.915184E-04 -8.953155E-03  2.037805E-08  2.038010E-08
  1.750000E+02  2.364119E-07  1.064498E-04  5.627897E-07  1.914672E-04 -2.188580E-02  2.037677E-08  2.038297E-08
  1.760000E+02  4.858968E-07  1.058889E-04 -8.907712E-07  1.924738E-04 -1.435929E-02  2.037874E-08  2.038127E-08
  1.770000E+02 -3.627085E-07  1.065418E-04 -6.660499E-07  1.912746E-04 -1.085415E-02  2.037754E-08  2.038061E-08
  1.780000E+02  1.269151E-07  1.062887E-04  6.202505E-07  1.917615E-04 -2.269767E-02  2.037684E-08  2.038282E-08
  1.790000E+02  5.585531E-07  1.059514E-04 -7.329084E-07  1.923531E-04 -1.144637E-02  2.037874E-08  2.038053E-08
  1.800000E+02 -3.163981E-07  1.066292E-04 -8.516694E-07  1.911277E-04 -1.360784E-02  2.037791E-08  2.038215E-08
  1.810000E+02  1.027465E-08  1.061246E-04  6.269874E-07  1.920684E-04 -2.220827E-02  2.037816E-08  2.038351E-08
  1.820000E+02  6.117801E-07  1.060739E-04 -5.440677E-07  1.921335E-04 -9.285822E-03  2.037947E-08  2.038091E-08
  1.830000E+02 -2.464556E-07  1.066536E-04 -1.018466E-06  1.911050E-04 -1.675366E-02  2.037917E-08  2.038455E-08
  1.840000E+02 -1.033251E-07  1.059860E-04  5.836360E-07  1.923368E-04 -2.046532E-02  2.038075E-08  2.038515E-08
  1.850000E+02  6.413322E-07  1.062381E-04 -3.410815E-07  1.918497E-04 -8.273583E-03  2.038105E-08  2.038262E-08
  1.860000E+02 -1.572866E-07  1.066056E-04 -1.154139E-06  1.912190E-04 -1.975296E-02  2.038105E-08  2.038728E-08
  1.870000E+02 -2.058801E-07  1.058989E-04  4.922007E-07  1.925112E-04 -1.774223E-02  2.038351E-08  2.038683E-08
  1.880000E+02  6.435641E-07  1.064152E-04 -1.369145E-07  1.915489E-04 -8.651853E-03  2.038295E-08  2.038512E-08
  1.890000E+02 -5.277071E-08  1.064880E-04 -1.248044E-06  1.914555E-04 -2.204209E-02  2.038277E-08  2.038943E-08
  1.900000E+02 -2.953745E-07  1.058809E-04  3.587527E-07  1.925496E-04 -1.449608E-02  2.038518E-08  2.038744E-08
  1.910000E+02  6.206239E-07  1.065724E-04  6.254466E-08  1.912847E-04 -1.040644E-02  2.038457E-08  2.038772E-08
  1.920000E+02  6.069530E-08  1.063205E-04 -1.299026E-06  1.917754E-04 -2.314965E-02  2.038420E-08  2.039077E-08
  1.930000E+02 -3.709150E-07  1.059415E-04  1.953816E-07  1.924396E-04 -1.131280E-02  2.038605E-08  2.038750E-08
  1.940000E+02  5.764494E-07  1.066763E-04  2.521321E-07  1.911154E-04 -1.328389E-02  2.038569E-08  2.039003E-08
  1.950000E+02  1.749329E-07  1.061381E-04 -1.307999E-06  1.921191E-04 -2.274404E-02  2.038589E-08  2.039187E-08
  1.960000E+02 -4.255896E-07  1.060755E-04  1.260780E-08  1.921969E-04 -8.907976E-03  2.038658E-08  2.038767E-08
  1.970000E+02  5.108240E-07  1.066980E-04  4.181438E-07  1.910924E-04 -1.672657E-02  2.038633E-08  2.039179E-08
  1.980000E+02  2.846761E-07  1.059827E-04 -1.270023E-06  1.924054E-04 -2.081557E-02  2.038722E-08  2.039218E-08
  1.990000E+02 -4.549641E-07  1.062560E-04 -1.827808E-07  1.918707E-04 -7.879024E-03  2.038677E-08  2.038808E-08
  2.000000E+02  4.249829E-07  1.066287E-04  5.506128E-07  1.912270E-04 -1.999660E-02  2.038621E-08  2.039246E-08
  2.010000E+02  3.878189E-07  1.058884E-04 -1.185778E-06  1.925676E-04 -1.773178E-02  2.038748E-08  2.039121E-08
  2.020000E+02 -4.603885E-07  1.064429E-04 -3.853976E-07  1.915300E-04 -8.477379E-03  2.038627E-08  2.038834E-08
  2.030000E+02  3.247689E-07  1.064830E-04  6.472530E-07  1.914904E-04 -2.236053E-02  2.038538E-08  2.039191E-08
  2.040000E+02  4.800553E-07  1.058784E-04 -1.063320E-06  1.925680E-04 -1.417915E-02  2.038674E-08  2.038931E-08
  2.050000E+02 -4.424691E-07  1.065931E-04 -5.860711E-07  1.912544E-04 -1.058464E-02  2.038525E-08  2.038845E-08
  2.060000E+02  2.135208E-07  1.062952E-04  7.064260E-07  1.918228E-04 -2.325156E-02  2.038434E-08  2.039060E-08
  2.070000E+02  5.587291E-07  1.059548E-04 -9.070866E-07  1.924077E-04 -1.098446E-02  2.038528E-08  2.038704E-08
  2.080000E+02 -4.014504E-07  1.066725E-04 -7.792545E-07  1.911057E-04 -1.373350E-02  2.038380E-08  2.038826E-08
  2.090000E+02  9.359456E-08  1.061089E-04  7.266075E-07  1.921481E-04 -2.246330E-02  2.038347E-08  2.038893E-08
  2.100000E+02  6.228471E-07  1.060975E-04 -7.209614E-07  1.921272E-04 -8.860061E-03  2.038342E-08  2.038488E-08
  2.110000E+02 -3.404335E-07  1.066651E-04 -9.602991E-07  1.911133E-04 -1.718816E-02  2.038212E-08  2.038768E-08
  2.120000E+02 -2.683572E-08  1.059655E-04  7.070354E-07  1.923900E-04 -2.025336E-02  2.038252E-08  2.038686E-08
  2.130000E+02  6.668161E-07  1.062692E-04 -5.165844E-07  1.917975E-04 -8.204846E-03  2.038148E-08  2.038320E-08
  2.140000E+02 -2.613052E-07  1.065800E-04 -1.116352E-06  1.912617E-04 -2.016442E-02  2.038053E-08  2.038683E-08
  2.150000E+02 -1.386319E-07  1.058916E-04  6.436826E-07  1.925037E-04 -1.722736E-02  2.038149E-08  2.038465E-08
  2.160000E+02  6.839030E-07  1.064324E-04 -3.065574E-07  1.914914E-04 -9.027421E-03  2.038006E-08  2.038247E-08
  2.170000E+02 -1.632893E-07  1.064414E-04 -1.234546E-06  1.915076E-04 -2.210699E-02  2.037936E-08  2.038590E-08
  2.180000E+02 -2.394271E-07  1.058950E-04  5.329645E-07  1.924815E-04 -1.403916E-02  2.038082E-08  2.038296E-08
  2.190000E+02  6.737620E-07  1.065582E-04 -9.534077E-08  1.912631E-04 -1.105560E-02  2.037941E-08  2.038276E-08
  2.200000E+02 -4.910551E-08  1.062791E-04 -1.311861E-06  1.917997E-04 -2.272363E-02  2.037904E-08  2.038534E-08
  2.210000E+02 -3.266369E-07  1.059685E-04  3.781350E-07  1.923386E-04 -1.129133E-02  2.038052E-08  2.038199E-08
  2.220000E+02  6.383017E-07  1.066271E-04  1.102395E-07  1.911472E-04 -1.382018E-02  2.037952E-08  2.038387E-08
  2.230000E+02  7.300046E-08  1.061237E-04 -1.345076E-06  1.920822E-04 -2.200546E-02  2.037954E-08  2.038518E-08
  2.240000E+02 -3.940735E-07  1.060922E-04  1.904691E-07  1.921084E-04 -9.456841E-03  2.038029E-08  2.038152E-08
  2.250000E+02  5.787516E-07  1.066312E-04  2.966976E-07  1.911536E-04 -1.676957E-02  2.038007E-08  2.038530E-08
  2.260000E+02  1.951954E-07  1.060015E-04 -1.329961E-06  1.923060E-04 -2.018342E-02  2.038058E-08  2.038530E-08
  2.270000E+02 -4.379590E-07  1.062418E-04 -1.752526E-08  1.918375E-04 -8.773005E-03  2.038037E-08  2.038181E-08
  2.280000E+02  4.977009E-07  1.065731E-04  4.542269E-07  1.912710E-04 -1.941936E-02  2.038050E-08  2.038634E-08
  2.290000E+02  3.093067E-07  1.059287E-04 -1.264726E-06  1.924392E-04 -1.760385E-02  2.038168E-08  2.038537E-08
  2.300000E+02 -4.558910E-07  1.063941E-04 -2.314812E-07  1.915665E-04 -9.285438E-03  2.038066E-08  2.038271E-08
  2.310000E+02  4.004340E-07  1.064615E-04  5.734788E-07  1.914798E-04 -2.137601E-02  2.038056E-08  2.038665E-08
  2.320000E+02  4.074405E-07  1.059161E-04 -1.153236E-06  1.924597E-04 -1.467883E-02  2.038239E-08  2.038510E-08
  2.330000E+02 -4.456824E-07  1.065266E-04 -4.374079E-07  1.913357E-04 -1.091747E-02  2.038114E-08  2.038410E-08
  2.340000E+02  2.917544E-07  1.063128E-04  6.459486E-07  1.917541E-04 -2.229324E-02  2.038085E-08  2.038676E-08
  2.350000E+02  4.855707E-07  1.059697E-04 -1.001699E-06  1.923579E-04 -1.190018E-02  2.038267E-08  2.038463E-08
  2.360000E+02 -4.076394E-07  1.066150E-04 -6.269532E-07  1.911897E-04 -1.343784E-02  2.038184E-08  2.038588E-08
  2.370000E+02  1.773697E-07  1.061550E-04  6.673683E-07  1.920476E-04 -2.194603E-02  2.038190E-08  2.038721E-08
  2.380000E+02  5.441003E-07  1.060827E-04 -8.219278E-07  1.921507E-04 -9.801116E-03  2.038289E-08  2.038447E-08
  2.390000E+02 -3.483847E-07  1.066389E-04 -7.952606E-07  1.911631E-04 -1.639615E-02  2.038268E-08  2.038775E-08
  2.400000E+02  6.626096E-08  1.060196E-04  6.433618E-07  1.923008E-04 -2.034720E-02  2.038344E-08  2.038783E-08
  2.410000E+02  5.815248E-07  1.062351E-04 -6.306824E-07  1.918756E-04 -8.825069E-03  2.038313E-08  2.038479E-08
  2.420000E+02 -2.737779E-07  1.065892E-04 -9.342937E-07  1.912669E-04 -1.922494E-02  2.038322E-08  2.038906E-08
  2.430000E+02 -3.398552E-08  1.059345E-04  5.792132E-07  1.924577E-04 -1.776845E-02  2.038469E-08  2.038800E-08
  2.440000E+02  5.956012E-07  1.063990E-04 -4.412880E-07  1.915864E-04 -9.185161E-03  2.038373E-08  2.038593E-08
  2.450000E+02 -1.878358E-07  1.064741E-04 -1.036109E-06  1.914856E-04 -2.137436E-02  2.038359E-08  2.038979E-08
  2.460000E+02 -1.201174E-07  1.059188E-04  4.802109E-07  1.924845E-04 -1.470153E-02  2.038553E-08  2.038781E-08
  2.470000E+02  5.879279E-07  1.065412E-04 -2.616475E-07  1.913418E-04 -1.084919E-02  2.038459E-08  2.038767E-08
  2.480000E+02 -9.587427E-08  1.063186E-04 -1.099370E-06  1.917792E-04 -2.234795E-02  2.038461E-08  2.039068E-08
  2.490000E+02 -1.897445E-07  1.059795E-04  3.549921E-07  1.923732E-04 -1.182945E-02  2.038620E-08  2.038772E-08
  2.500000E+02  5.600113E-07  1.066273E-04 -9.785237E-08  1.912016E-04 -1.349110E-02  2.038546E-08  2.038956E-08
  2.510000E+02 -2.103483E-09  1.061588E-04 -1.123501E-06  1.920789E-04 -2.188494E-02  2.038599E-08  2.039146E-08
  2.520000E+02 -2.404939E-07  1.061037E-04  2.099865E-07  1.921487E-04 -9.821079E-03  2.038671E-08  2.038791E-08
  2.530000E+02  5.138441E-07  1.066373E-04  4.362408E-08  1.911997E-04 -1.651460E-02  2.038623E-08  2.039124E-08
  2.540000E+02  8.924563E-08  1.060303E-04 -1.108887E-06  1.923149E-04 -2.010121E-02  2.038708E-08  2.039161E-08
  2.550000E+02 -2.736381E-07  1.062598E-04  5.478459E-08  1.918658E-04 -9.083744E-03  2.038678E-08  2.038818E-08
  2.560000E+02  4.553321E-07  1.065707E-04  1.602860E-07  1.913285E-04 -1.923791E-02  2.038625E-08  2.039185E-08
  2.570000E+02  1.731981E-07  1.059575E-04 -1.063139E-06  1.924360E-04 -1.744677E-02  2.038694E-08  2.039039E-08
  2.580000E+02 -2.894160E-07  1.064105E-04 -1.004125E-07  1.915857E-04 -9.704137E-03  2.038577E-08  2.038779E-08
  2.590000E+02  3.879845E-07  1.064459E-04  2.496112E-07  1.915486E-04 -2.109035E-02  2.038502E-08  2.039080E-08
  2.600000E+02  2.469802E-07  1.059524E-04 -9.909349E-07  1.924215E-04 -1.455184E-02  2.038536E-08  2.038786E-08
  2.610000E+02 -2.867299E-07  1.065241E-04 -2.509701E-07  1.913663E-04 -1.148061E-02  2.038378E-08  2.038669E-08
  2.620000E+02  3.122506E-07  1.062949E-04  3.090095E-07  1.918079E-04 -2.171567E-02  2.038340E-08  2.038890E-08
  2.630000E+02  3.101709E-07  1.060140E-04 -8.928174E-07  1.922874E-04 -1.204078E-02  2.038367E-08  2.038551E-08
  2.640000E+02 -2.676910E-07  1.065815E-04 -3.942364E-07  1.912527E-04 -1.398335E-02  2.038200E-08  2.038586E-08
  2.650000E+02  2.312761E-07  1.061515E-04  3.400316E-07  1.920535E-04 -2.106966E-02  2.038225E-08  2.038710E-08
  2.660000E+02  3.610069E-07  1.061241E-04 -7.735990E-07  1.920724E-04 -1.039464E-02  2.038241E-08  2.038401E-08
  2.670000E+02 -2.347222E-07  1.065769E-04 -5.245946E-07  1.912594E-04 -1.663542E-02  2.038101E-08  2.038570E-08
  2.680000E+02  1.514858E-07  1.060425E-04  3.420496E-07  1.922376E-04 -1.941324E-02  2.038151E-08  2.038550E-08
  2.690000E+02  3.951309E-07  1.062540E-04 -6.424621E-07  1.918252E-04 -9.857732E-03  2.038120E-08  2.038296E-08
  2.700000E+02 -1.889332E-07  1.065158E-04 -6.323398E-07  1.913688E-04 -1.890304E-02  2.038016E-08  2.038539E-08
  2.710000E+02  7.770674E-08  1.059828E-04  3.131634E-07  1.923310E-04 -1.714319E-02  2.038079E-08  2.038385E-08
  2.720000E+02  4.105406E-07  1.063793E-04 -5.073927E-07  1.915897E-04 -1.042473E-02  2.038007E-08  2.038232E-08
  2.730000E+02 -1.321976E-07  1.064136E-04 -7.118460E-07  1.915528E-04 -2.042521E-02  2.037958E-08  2.038500E-08
  2.740000E+02  1.267127E-08  1.059796E-04  2.548000E-07  1.923266E-04 -1.468722E-02  2.038050E-08  2.038275E-08
  2.750000E+02  4.093932E-07  1.064811E-04 -3.757271E-07  1.914048E-04 -1.192167E-02  2.037955E-08  2.038252E-08
  2.760000E+02 -6.838564E-08  1.062900E-04 -7.641359E-07  1.917786E-04 -2.100491E-02  2.037965E-08  2.038491E-08
  2.770000E+02 -4.040787E-08  1.060311E-04  1.719876E-07  1.922302E-04 -1.247698E-02  2.038079E-08  2.038247E-08
  2.780000E+02  3.930560E-07  1.065444E-04 -2.550909E-07  1.913006E-04 -1.404513E-02  2.037999E-08  2.038376E-08
  2.790000E+02 -2.248194E-09  1.061673E-04 -7.878930E-07  1.920084E-04 -2.058183E-02  2.038069E-08  2.038547E-08
  2.800000E+02 -7.716949E-08  1.061272E-04  7.054158E-08  1.920608E-04 -1.089628E-02  2.038166E-08  2.038310E-08
  2.810000E+02  3.618273E-07  1.065579E-04 -1.545028E-07  1.912948E-04 -1.640805E-02  2.038123E-08  2.038574E-08
  2.820000E+02  6.128458E-08  1.060661E-04 -7.794980E-07  1.922016E-04 -1.923626E-02  2.038231E-08  2.038636E-08
  2.830000E+02 -9.645353E-08  1.062498E-04 -4.062387E-08  1.918462E-04 -1.022582E-02  2.038256E-08  2.038412E-08
  2.840000E+02  3.202669E-07  1.065167E-04 -8.019507E-08  1.913880E-04 -1.858321E-02  2.038250E-08  2.038754E-08
  2.850000E+02  1.164305E-07  1.060038E-04 -7.431668E-07  1.923205E-04 -1.718496E-02  2.038370E-08  2.038692E-08
  2.860000E+02 -9.947620E-08  1.063785E-04 -1.488494E-07  1.916213E-04 -1.059379E-02  2.038324E-08  2.038529E-08
  2.870000E+02  2.727402E-07  1.064248E-04 -3.345876E-08  1.915669E-04 -2.019707E-02  2.038331E-08  2.038856E-08
  2.880000E+02  1.586831E-07  1.059940E-04 -6.838156E-07  1.923388E-04 -1.476200E-02  2.038453E-08  2.038694E-08
  2.890000E+02 -8.660047E-08  1.064904E-04 -2.447689E-07  1.914278E-04 -1.197692E-02  2.038376E-08  2.038657E-08
  2.900000E+02  2.214218E-07  1.062996E-04 -1.542504E-08  1.918018E-04 -2.093119E-02  2.038399E-08  2.038910E-08
  2.910000E+02  1.870704E-07  1.060423E-04 -6.049825E-07  1.922495E-04 -1.244857E-02  2.038499E-08  2.038679E-08
  2.920000E+02 -6.130093E-08  1.065602E-04 -3.234565E-07  1.913113E-04 -1.412894E-02  2.038414E-08  2.038784E-08
  2.930000E+02  1.718178E-07  1.061677E-04 -2.382276E-08  1.920449E-04 -2.056524E-02  2.038465E-08  2.038926E-08
  2.940000E+02  2.008713E-07  1.061418E-04 -5.171146E-07  1.920665E-04 -1.077629E-02  2.038510E-08  2.038663E-08
  2.950000E+02 -2.887382E-08  1.065691E-04 -3.789321E-07  1.913050E-04 -1.660247E-02  2.038439E-08  2.038890E-08
  2.960000E+02  1.298550E-07  1.060588E-04 -5.308044E-08  1.922413E-04 -1.910559E-02  2.038516E-08  2.038900E-08
  2.970000E+02  2.013613E-07  1.062742E-04 -4.332128E-07  1.918276E-04 -1.014143E-02  2.038527E-08  2.038695E-08
  2.980000E+02  6.644776E-09  1.065136E-04 -4.103055E-07  1.914155E-04 -1.889326E-02  2.038472E-08  2.038979E-08
  2.990000E+02  9.891847E-08  1.059986E-04 -9.798400E-08  1.923479E-04 -1.682815E-02  2.038573E-08  2.038866E-08
  3.000000E+02  1.921875E-07  1.064096E-04 -3.631994E-07  1.915856E-04 -1.071936E-02  2.038537E-08  2.038759E-08
  3.010000E+02  3.964485E-08  1.064048E-04 -4.201054E-07  1.916190E-04 -2.047755E-02  2.038490E-08  2.039016E-08
  3.020000E+02  8.244516E-08  1.060005E-04 -1.502011E-07  1.923368E-04 -1.426028E-02  2.038572E-08  2.038785E-08
  3.030000E+02  1.757897E-07  1.065133E-04 -3.160680E-07  1.913971E-04 -1.237134E-02  2.038477E-08  2.038780E-08
  3.040000E+02  6.672415E-08  1.062677E-04 -4.103234E-07  1.918638E-04 -2.095520E-02  2.038445E-08  2.038947E-08
  3.050000E+02  8.003619E-08  1.060649E-04 -2.025538E-07  1.922074E-04 -1.202520E-02  2.038498E-08  2.038658E-08
  3.060000E+02  1.528856E-07  1.065619E-04 -2.916313E-07  1.913077E-04 -1.471521E-02  2.038390E-08  2.038779E-08
  3.070000E+02  8.878600E-08  1.061376E-04 -3.831749E-07  1.920933E-04 -2.020757E-02  2.038416E-08  2.038858E-08
  3.080000E+02  8.684113E-08  1.061773E-04 -2.527076E-07  1.919976E-04 -1.063669E-02  2.038464E-08  2.038613E-08
  3.090000E+02  1.270121E-07  1.065490E-04 -2.831686E-07  1.913375E-04 -1.721030E-02  2.038379E-08  2.038841E-08
  3.100000E+02  1.049692E-07  1.060434E-04 -3.450299E-07  1.922599E-04 -1.847222E-02  2.038442E-08  2.038802E-08
  3.110000E+02  9.958994E-08  1.063087E-04 -2.961339E-07  1.917601E-04 -1.035189E-02  2.038467E-08  2.038644E-08
  3.120000E+02  1.022768E-07  1.064800E-04 -2.876236E-07  1.914705E-04 -1.928917E-02  2.038399E-08  2.038906E-08
  3.130000E+02  1.129909E-07  1.060003E-04 -3.021894E-07  1.923291E-04 -1.620028E-02  2.038426E-08  2.038702E-08
  3.140000E+02  1.167119E-07  1.064251E-04 -3.269020E-07  1.915431E-04 -1.115715E-02  2.038373E-08  2.038609E-08
  3.150000E+02  8.122701E-08  1.063706E-04 -3.040192E-07  1.916645E-04 -2.051510E-02  2.038318E-08  2.038833E-08
  3.160000E+02  1.129642E-07  1.060128E-04 -2.598685E-07  1.922885E-04 -1.389668E-02  2.038308E-08  2.038513E-08
  3.170000E+02  1.372075E-07  1.065051E-04 -3.443838E-07  1.913869E-04 -1.282394E-02  2.038200E-08  2.038512E-08
  3.180000E+02  6.465235E-08  1.062456E-04 -3.310228E-07  1.918781E-04 -2.069626E-02  2.038185E-08  2.038671E-08
  3.190000E+02  1.059840E-07  1.060777E-04 -2.205909E-07  1.921562E-04 -1.199239E-02  2.038201E-08  2.038364E-08
  3.200000E+02  1.595812E-07  1.065408E-04 -3.495000E-07  1.913204E-04 -1.498701E-02  2.038114E-08  2.038505E-08
  3.210000E+02  5.416155E-08  1.061329E-04 -3.670054E-07  1.920771E-04 -1.988906E-02  2.038167E-08  2.038596E-08
  3.220000E+02  9.086393E-08  1.061794E-04 -1.865741E-07  1.919695E-04 -1.082355E-02  2.038202E-08  2.038355E-08
  3.230000E+02  1.833250E-07  1.065301E-04 -3.394318E-07  1.913499E-04 -1.721126E-02  2.038150E-08  2.038609E-08
  3.240000E+02  5.063847E-08  1.060489E-04 -4.117025E-07  1.922278E-04 -1.833751E-02  2.038213E-08  2.038570E-08
  3.250000E+02  6.826806E-08  1.062963E-04 -1.601624E-07  1.917619E-04 -1.052382E-02  2.038245E-08  2.038421E-08
  3.260000E+02  2.064956E-07  1.064749E-04 -3.138513E-07  1.914608E-04 -1.911631E-02  2.038204E-08  2.038707E-08
  3.270000E+02  5.440777E-08  1.060031E-04 -4.614872E-07  1.923067E-04 -1.631092E-02  2.038239E-08  2.038521E-08
  3.280000E+02  4.107308E-08  1.064089E-04 -1.444693E-07  1.915587E-04 -1.112930E-02  2.038228E-08  2.038455E-08
  3.290000E+02  2.238620E-07  1.063803E-04 -2.740632E-07  1.916351E-04 -2.039586E-02  2.038196E-08  2.038714E-08
  3.300000E+02  6.695446E-08  1.060047E-04 -5.071181E-07  1.922955E-04 -1.409722E-02  2.038220E-08  2.038435E-08
  3.310000E+02  1.127479E-08  1.065001E-04 -1.441863E-07  1.913931E-04 -1.257906E-02  2.038177E-08  2.038477E-08
  3.320000E+02  2.320591E-07  1.062621E-04 -2.211990E-07  1.918493E-04 -2.081648E-02  2.038190E-08  2.038688E-08
  3.330000E+02  9.058091E-08  1.060582E-04 -5.438038E-07  1.921950E-04 -1.205731E-02  2.038237E-08  2.038406E-08
  3.340000E+02 -2.098601E-08  1.065562E-04 -1.640605E-07  1.912995E-04 -1.466988E-02  2.038195E-08  2.038578E-08
  3.350000E+02  2.323027E-07  1.061412E-04 -1.565818E-07  1.920722E-04 -2.028579E-02  2.038257E-08  2.038705E-08
  3.360000E+02  1.242859E-07  1.061568E-04 -5.731302E-07  1.920189E-04 -1.058317E-02  2.038298E-08  2.038450E-08
  3.370000E+02 -5.135435E-08  1.065624E-04 -2.058058E-07  1.913015E-04 -1.704207E-02  2.038259E-08  2.038721E-08
  3.380000E+02  2.232970E-07  1.060398E-04 -8.785386E-08  1.922583E-04 -1.883856E-02  2.038341E-08  2.038716E-08
  3.390000E+02  1.658188E-07  1.062843E-04 -5.905684E-07  1.917930E-04 -1.001049E-02  2.038357E-08  2.038529E-08
  3.400000E+02 -7.499770E-08  1.065109E-04 -2.690345E-07  1.914088E-04 -1.923046E-02  2.038335E-08  2.038853E-08
  3.410000E+02  2.023630E-07  1.059797E-04 -2.243373E-08  1.923647E-04 -1.666144E-02  2.038392E-08  2.038682E-08
  3.420000E+02  2.134294E-07  1.064179E-04 -5.892372E-07  1.915571E-04 -1.052985E-02  2.038398E-08  2.038627E-08
  3.430000E+02 -9.011216E-08  1.064088E-04 -3.517728E-07  1.916076E-04 -2.079118E-02  2.038433E-08  2.038973E-08
  3.440000E+02  1.680571E-07  1.059778E-04  3.728879E-08  1.923666E-04 -1.413219E-02  2.038456E-08  2.038665E-08
  3.450000E+02  2.632504E-07  1.065296E-04 -5.629276E-07  1.913631E-04 -1.211562E-02  2.038434E-08  2.038748E-08
  3.460000E+02 -9.512920E-08  1.062766E-04 -4.475921E-07  1.918583E-04 -2.137721E-02  2.038540E-08  2.039064E-08
  3.470000E+02  1.217884E-07  1.060380E-04  8.695627E-08  1.922589E-04 -1.179788E-02  2.038532E-08  2.038684E-08
  3.480000E+02  3.094613E-07  1.065937E-04 -5.094909E-07  1.912575E-04 -1.446332E-02  2.038472E-08  2.038879E-08
  3.490000E+02 -8.753695E-08  1.061401E-04 -5.469451E-07  1.921075E-04 -2.082425E-02  2.038588E-08  2.039060E-08
  3.500000E+02  6.697965E-08  1.061504E-04  1.185930E-07  1.920580E-04 -1.015256E-02  2.038597E-08  2.038728E-08
  3.510000E+02  3.463565E-07  1.065938E-04 -4.309233E-07  1.912686E-04 -1.710116E-02  2.038507E-08  2.038998E-08
  3.520000E+02 -6.595740E-08  1.060280E-04 -6.395461E-07  1.923030E-04 -1.917195E-02  2.038575E-08  2.038968E-08
  3.530000E+02  8.610423E-09  1.062920E-04  1.251696E-07  1.918018E-04 -9.587914E-03  2.038606E-08  2.038759E-08
  3.540000E+02  3.701229E-07  1.065293E-04 -3.339686E-07  1.913953E-04 -1.948321E-02  2.038533E-08  2.039080E-08
  3.550000E+02 -2.963318E-08  1.059650E-04 -7.183808E-07  1.924034E-04 -1.675200E-02  2.038517E-08  2.038819E-08
  3.560000E+02 -4.846369E-08  1.064298E-04  1.010098E-07  1.915461E-04 -1.023795E-02  2.038515E-08  2.038728E-08
  3.570000E+02  3.784414E-07  1.064157E-04 -2.263996E-07  1.916036E-04 -2.109698E-02  2.038509E-08  2.039074E-08
  3.580000E+02  2.082303E-08  1.059637E-04 -7.782652E-07  1.923893E-04 -1.411398E-02  2.038425E-08  2.038647E-08
  3.590000E+02 -1.007346E-07  1.065326E-04  4.434333E-08  1.913481E-04 -1.192118E-02  2.038337E-08  2.038634E-08
  3.600000E+02  3.712796E-07  1.062777E-04 -1.152376E-07  1.918440E-04 -2.160581E-02  2.038398E-08  2.038940E-08
  3.610000E+02  8.099102E-08  1.060245E-04 -8.153519E-07  1.922655E-04 -1.181244E-02  2.038342E-08  2.038511E-08
  3.620000E+02 -1.443360E-07  1.065841E-04 -3.925563E-08  1.912486E-04 -1.427370E-02  2.038199E-08  2.038586E-08
  3.630000E+02  3.493688E-07  1.061432E-04 -8.877735E-09  1.920735E-04 -2.094965E-02  2.038283E-08  2.038765E-08
  3.640000E+02  1.451078E-07  1.061344E-04 -8.261805E-07  1.920605E-04 -1.027609E-02  2.038314E-08  2.038465E-08
  3.650000E+02 -1.756080E-07  1.065798E-04 -1.413380E-07  1.912631E-04 -1.683377E-02  2.038190E-08  2.038656E-08
  3.660000E+02  3.128326E-07  1.060365E-04  8.522040E-08  1.922551E-04 -1.931913E-02  2.038225E-08  2.038623E-08
  3.670000E+02  2.090618E-07  1.062660E-04 -8.074809E-07  1.918180E-04 -9.736625E-03  2.038276E-08  2.038448E-08
  3.680000E+02 -1.923829E-07  1.065251E-04 -2.554967E-07  1.913741E-04 -1.909732E-02  2.038244E-08  2.038767E-08
  3.690000E+02  2.630561E-07  1.059737E-04  1.615156E-07  1.923584E-04 -1.711050E-02  2.038196E-08  2.038504E-08
  3.700000E+02  2.683728E-07  1.063926E-04 -7.582035E-07  1.915838E-04 -1.020525E-02  2.038203E-08  2.038426E-08
  3.710000E+02 -1.945028E-07  1.064307E-04 -3.728639E-07  1.915518E-04 -2.068456E-02  2.038262E-08  2.038811E-08
  3.720000E+02  2.050696E-07  1.059634E-04  2.153869E-07  1.923700E-04 -1.469919E-02  2.038198E-08  2.038425E-08
  3.730000E+02  3.188480E-07  1.064971E-04 -6.848693E-07  1.913935E-04 -1.157462E-02  2.038149E-08  2.038445E-08
  3.740000E+02 -1.818701E-07  1.063120E-04 -4.850982E-07  1.917714E-04 -2.137658E-02  2.038294E-08  2.038833E-08
  3.750000E+02  1.433161E-07  1.060074E-04  2.428372E-07  1.922909E-04 -1.245302E-02  2.038267E-08  2.038435E-08
  3.760000E+02  3.594548E-07  1.065676E-04 -5.955223E-07  1.912771E-04 -1.361586E-02  2.038206E-08  2.038586E-08
  3.770000E+02 -1.547571E-07  1.061877E-04 -5.898917E-07  1.920028E-04 -2.112325E-02  2.038379E-08  2.038876E-08
  3.780000E+02  7.885082E-08  1.060974E-04  2.435102E-07  1.921368E-04 -1.069207E-02  2.038405E-08  2.038539E-08
  3.790000E+02  3.917053E-07  1.065941E-04 -4.935767E-07  1.912489E-04 -1.601594E-02  2.038338E-08  2.038801E-08
  3.800000E+02 -1.162822E-07  1.060728E-04 -6.876146E-07  1.922122E-04 -1.997958E-02  2.038443E-08  2.038875E-08
  3.810000E+02  1.463267E-08  1.062187E-04  2.211411E-07  1.919232E-04 -9.680875E-03  2.038488E-08  2.038625E-08
  3.820000E+02  4.126843E-07  1.065682E-04 -3.824841E-07  1.913126E-04 -1.841351E-02  2.038439E-08  2.038968E-08
  3.830000E+02 -6.958379E-08  1.059865E-04 -7.697241E-07  1.923617E-04 -1.807748E-02  2.038442E-08  2.038795E-08
  3.840000E+02 -4.437701E-08  1.063520E-04  1.777911E-07  1.916804E-04 -9.637494E-03  2.038465E-08  2.038639E-08
  3.850000E+02  4.174643E-07  1.064906E-04 -2.679982E-07  1.914625E-04 -2.039595E-02  2.038472E-08  2.039042E-08
  3.860000E+02 -1.455212E-08  1.059468E-04 -8.264126E-07  1.924225E-04 -1.567113E-02  2.038404E-08  2.038674E-08
  3.870000E+02 -9.755087E-08  1.064759E-04  1.127031E-07  1.914503E-04 -1.063643E-02  2.038370E-08  2.038612E-08
  3.880000E+02  4.040268E-07  1.063724E-04 -1.496527E-07  1.916811E-04 -2.157539E-02  2.038484E-08  2.039055E-08
  3.890000E+02  4.972735E-08  1.059664E-04 -8.544068E-07  1.923779E-04 -1.316288E-02  2.038382E-08  2.038581E-08
  3.900000E+02 -1.437286E-07  1.065680E-04  2.304670E-08  1.912815E-04 -1.255893E-02  2.038288E-08  2.038620E-08
  3.910000E+02  3.743488E-07  1.062341E-04 -3.147038E-08  1.919311E-04 -2.171372E-02  2.038483E-08  2.039017E-08
  3.920000E+02  1.204169E-07  1.060460E-04 -8.552511E-07  1.922312E-04 -1.102230E-02  2.038412E-08  2.038566E-08
  3.930000E+02 -1.781194E-07  1.066100E-04 -8.957491E-08  1.912128E-04 -1.507929E-02  2.038287E-08  2.038711E-08
  3.940000E+02  3.300167E-07  1.061010E-04  7.556467E-08  1.921654E-04 -2.076230E-02  2.038455E-08  2.038920E-08
  3.950000E+02  1.927260E-07  1.061717E-04 -8.280345E-07  1.920058E-04 -9.673162E-03  2.038464E-08  2.038611E-08
  3.960000E+02 -1.955267E-07  1.065920E-04 -2.199814E-07  1.912616E-04 -1.771227E-02  2.038377E-08  2.038879E-08
  3.970000E+02  2.719652E-07  1.059997E-04  1.602104E-07  1.923389E-04 -1.885799E-02  2.038425E-08  2.038799E-08
  3.980000E+02  2.621271E-07  1.063168E-04 -7.707621E-07  1.917440E-04 -9.419868E-03  2.038471E-08  2.038651E-08
  3.990000E+02 -1.948750E-07  1.065172E-04 -3.599952E-07  1.914160E-04 -1.992060E-02  2.038505E-08  2.039056E-08
  4.000000E+02  2.029910E-07  1.059514E-04  2.179134E-07  1.924176E-04 -1.635970E-02  2.038418E-08  2.038697E-08
  4.010000E+02  3.240502E-07  1.064514E-04 -6.851433E-07  1.914992E-04 -1.032243E-02  2.038427E-08  2.038673E-08
  4.020000E+02 -1.762672E-07  1.064015E-04 -5.003454E-07  1.916400E-04 -2.129040E-02  2.038616E-08  2.039179E-08
  4.030000E+02  1.275192E-07  1.059669E-04  2.450938E-07  1.923889E-04 -1.375534E-02  2.038493E-08  2.038691E-08
  4.040000E+02  3.719451E-07  1.065491E-04 -5.744659E-07  1.913245E-04 -1.218554E-02  2.038393E-08  2.038724E-08
  4.050000E+02 -1.406249E-07  1.062667E-04 -6.270810E-07  1.918867E-04 -2.158853E-02  2.038641E-08  2.039177E-08
  4.060000E+02  5.183872E-08  1.060419E-04  2.382234E-07  1.922567E-04 -1.155909E-02  2.038590E-08  2.038737E-08
  4.070000E+02  4.005150E-07  1.065920E-04 -4.468352E-07  1.912533E-04 -1.461355E-02  2.038390E-08  2.038806E-08
  4.080000E+02 -9.030948E-08  1.061372E-04 -7.275385E-07  1.921086E-04 -2.078283E-02  2.038547E-08  2.039023E-08
  4.090000E+02 -1.858044E-08  1.061554E-04  1.973670E-07  1.920466E-04 -1.018585E-02  2.038572E-08  2.038705E-08
  4.100000E+02  4.084349E-07  1.065773E-04 -3.121093E-07  1.912867E-04 -1.710052E-02  2.038384E-08  2.038870E-08
  4.110000E+02 -2.789955E-08  1.060368E-04 -7.968492E-07  1.922693E-04 -1.909690E-02  2.038391E-08  2.038788E-08
  4.120000E+02 -7.933778E-08  1.062803E-04  1.239412E-07  1.918046E-04 -9.827315E-03  2.038407E-08  2.038563E-08
  4.130000E+02  3.944504E-07  1.065159E-04 -1.780572E-07  1.914037E-04 -1.916440E-02  2.038379E-08  2.038909E-08
  4.140000E+02  4.476675E-08  1.059836E-04 -8.309195E-07  1.923492E-04 -1.693902E-02  2.038294E-08  2.038609E-08
  4.150000E+02 -1.278221E-07  1.063947E-04  1.940550E-08  1.915839E-04 -1.043617E-02  2.038241E-08  2.038449E-08
  4.160000E+02  3.612147E-07  1.064231E-04 -5.219617E-08  1.915774E-04 -2.048828E-02  2.038398E-08  2.038939E-08
  4.170000E+02  1.216215E-07  1.059852E-04 -8.298897E-07  1.923429E-04 -1.471460E-02  2.038328E-08  2.038572E-08
  4.180000E+02 -1.599169E-07  1.064834E-04 -1.075690E-07  1.914233E-04 -1.184207E-02  2.038198E-08  2.038475E-08
  4.190000E+02  3.129212E-07  1.063141E-04  5.361459E-08  1.917792E-04 -2.094164E-02  2.038436E-08  2.038955E-08
  4.200000E+02  1.943398E-07  1.060344E-04 -7.950631E-07  1.922561E-04 -1.276597E-02  2.038411E-08  2.038605E-08
  4.210000E+02 -1.720813E-07  1.065370E-04 -2.432834E-07  1.913370E-04 -1.375840E-02  2.038255E-08  2.038607E-08
  4.220000E+02  2.517922E-07  1.062024E-04  1.303582E-07  1.919779E-04 -2.057752E-02  2.038419E-08  2.038891E-08
  4.230000E+02  2.570513E-07  1.061154E-04 -7.258832E-07  1.921064E-04 -1.130750E-02  2.038415E-08  2.038585E-08
  4.240000E+02 -1.627796E-07  1.065511E-04 -3.772557E-07  1.913210E-04 -1.586068E-02  2.038289E-08  2.038712E-08
  4.250000E+02  1.802737E-07  1.061022E-04  1.728563E-07  1.921475E-04 -1.950205E-02  2.038340E-08  2.038748E-08
  4.260000E+02  3.061557E-07  1.062173E-04 -6.241845E-07  1.919138E-04 -1.051282E-02  2.038345E-08  2.038517E-08
  4.270000E+02 -1.337456E-07  1.065250E-04 -5.007679E-07  1.913782E-04 -1.785486E-02  2.038331E-08  2.038811E-08
  4.280000E+02  1.052979E-07  1.060317E-04  1.786618E-07  1.922673E-04 -1.785285E-02  2.038319E-08  2.038653E-08
  4.290000E+02  3.391489E-07  1.063284E-04 -5.017544E-07  1.917097E-04 -1.053178E-02  2.038305E-08  2.038507E-08
  4.300000E+02 -8.922744E-08  1.064617E-04 -6.051538E-07  1.915073E-04 -1.945071E-02  2.038434E-08  2.038947E-08
  4.310000E+02  3.264285E-08  1.060036E-04  1.513675E-07  1.923183E-04 -1.585405E-02  2.038387E-08  2.038649E-08
  4.320000E+02  3.567081E-07  1.064316E-04 -3.707826E-07  1.915266E-04 -1.139262E-02  2.038317E-08  2.038573E-08
  4.330000E+02 -3.225587E-08  1.063670E-04 -6.891808E-07  1.916906E-04 -2.040361E-02  2.038530E-08  2.039047E-08
  4.340000E+02 -3.398195E-08  1.060233E-04  9.388973E-08  1.922849E-04 -1.380006E-02  2.038474E-08  2.038675E-08
  4.350000E+02  3.596297E-07  1.065075E-04 -2.394047E-07  1.913949E-04 -1.298202E-02  2.038327E-08  2.038652E-08
  4.360000E+02  3.277223E-08  1.062548E-04 -7.506877E-07  1.918943E-04 -2.053259E-02  2.038540E-08  2.039032E-08
  4.370000E+02 -8.996910E-08  1.060887E-04  1.112166E-08  1.921678E-04 -1.203965E-02  2.038536E-08  2.038699E-08
  4.380000E+02  3.459841E-07  1.065427E-04 -1.152280E-07  1.913399E-04 -1.503455E-02  2.038357E-08  2.038753E-08
  4.390000E+02  1.019005E-07  1.061465E-04 -7.824122E-07  1.920861E-04 -1.977327E-02  2.038528E-08  2.038967E-08
  4.400000E+02 -1.310391E-07  1.061903E-04 -9.264814E-08  1.919855E-04 -1.093044E-02  2.038579E-08  2.038735E-08
  4.410000E+02  3.131528E-07  1.065316E-04 -4.611397E-09  1.913791E-04 -1.715045E-02  2.038492E-08  2.038948E-08
  4.420000E+02  1.730052E-07  1.060650E-04 -7.772753E-07  1.922290E-04 -1.828818E-02  2.038536E-08  2.038907E-08
  4.430000E+02 -1.575161E-07  1.063042E-04 -2.128746E-07  1.917781E-04 -1.070294E-02  2.038565E-08  2.038747E-08
  4.440000E+02  2.633956E-07  1.064761E-04  9.116295E-08  1.914991E-04 -1.887903E-02  2.038644E-08  2.039135E-08
  4.450000E+02  2.444794E-07  1.060274E-04 -7.384432E-07  1.922930E-04 -1.638115E-02  2.038559E-08  2.038860E-08
  4.460000E+02 -1.703032E-07  1.064049E-04 -3.455564E-07  1.915913E-04 -1.138403E-02  2.038493E-08  2.038727E-08
  4.470000E+02  1.999368E-07  1.063874E-04  1.711512E-07  1.916677E-04 -1.990272E-02  2.038699E-08  2.039193E-08
  4.480000E+02  3.118738E-07  1.060405E-04 -6.685882E-07  1.922670E-04 -1.442341E-02  2.038597E-08  2.038838E-08
  4.490000E+02 -1.648089E-07  1.064743E-04 -4.856810E-07  1.914618E-04 -1.281843E-02  2.038409E-08  2.038710E-08
  4.500000E+02  1.232967E-07  1.062826E-04  2.256820E-07  1.918501E-04 -2.007744E-02  2.038621E-08  2.039088E-08
  4.510000E+02  3.702838E-07  1.060982E-04 -5.645596E-07  1.921568E-04 -1.280074E-02  2.038582E-08  2.038786E-08
  4.520000E+02 -1.382576E-07  1.065018E-04 -6.257682E-07  1.914114E-04 -1.466605E-02  2.038345E-08  2.038714E-08
  4.530000E+02  3.873849E-08  1.061833E-04  2.446748E-07  1.920105E-04 -1.943216E-02  2.038446E-08  2.038863E-08
  4.540000E+02  4.146151E-07  1.061835E-04 -4.325749E-07  1.919905E-04 -1.181132E-02  2.038480E-08  2.038674E-08
  4.550000E+02 -9.174515E-08  1.064884E-04 -7.546432E-07  1.914419E-04 -1.648661E-02  2.038358E-08  2.038781E-08
  4.560000E+02 -4.594782E-08  1.061119E-04  2.236666E-07  1.921241E-04 -1.817260E-02  2.038328E-08  2.038684E-08
  4.570000E+02  4.381118E-07  1.062742E-04 -2.825072E-07  1.918130E-04 -1.160614E-02  2.038339E-08  2.038551E-08
  4.580000E+02 -2.525930E-08  1.064436E-04 -8.587415E-07  1.915338E-04 -1.790714E-02  2.038428E-08  2.038885E-08
  4.590000E+02 -1.254903E-07  1.060815E-04  1.581226E-07  1.921754E-04 -1.663640E-02  2.038345E-08  2.038642E-08
  4.600000E+02  4.373913E-07  1.063503E-04 -1.220562E-07  1.916673E-04 -1.212352E-02  2.038237E-08  2.038484E-08
  4.610000E+02  5.858136E-08  1.063780E-04 -9.290255E-07  1.916569E-04 -1.872021E-02  2.038450E-08  2.038916E-08
  4.620000E+02 -1.959780E-07  1.060902E-04  4.995838E-08  1.921610E-04 -1.513970E-02  2.038406E-08  2.038658E-08
  4.630000E+02  4.137523E-07  1.064018E-04  3.980844E-08  1.915717E-04 -1.315787E-02  2.038180E-08  2.038470E-08
  4.640000E+02  1.507315E-07  1.063025E-04 -9.603657E-07  1.917867E-04 -1.890094E-02  2.038376E-08  2.038829E-08
  4.650000E+02 -2.494987E-07  1.061283E-04 -8.941957E-08  1.920890E-04 -1.390512E-02  2.038410E-08  2.038634E-08
  4.660000E+02  3.672385E-07  1.064289E-04  1.871501E-07  1.915273E-04 -1.445886E-02  2.038191E-08  2.038525E-08
  4.670000E+02  2.445945E-07  1.062307E-04 -9.472062E-07  1.919091E-04 -1.854359E-02  2.038312E-08  2.038735E-08
  4.680000E+02 -2.810688E-07  1.061842E-04 -2.510198E-07  1.919825E-04 -1.306122E-02  2.038377E-08  2.038592E-08
  4.690000E+02  2.980889E-07  1.064341E-04  3.097503E-07  1.915306E-04 -1.577395E-02  2.038286E-08  2.038659E-08
  4.700000E+02  3.364643E-07  1.061757E-04 -8.868564E-07  1.920107E-04 -1.779903E-02  2.038363E-08  2.038748E-08
  4.710000E+02 -2.896017E-07  1.062473E-04 -4.283248E-07  1.918679E-04 -1.268903E-02  2.038380E-08  2.038604E-08
  4.720000E+02  2.121264E-07  1.064196E-04  4.004434E-07  1.915767E-04 -1.688129E-02  2.038461E-08  2.038861E-08
  4.730000E+02  4.186877E-07  1.061452E-04 -7.844692E-07  1.920775E-04 -1.683812E-02  2.038522E-08  2.038867E-08
  4.740000E+02 -2.734033E-07  1.063086E-04 -6.074053E-07  1.917649E-04 -1.279900E-02  2.038459E-08  2.038707E-08
  4.750000E+02  1.159941E-07  1.063852E-04  4.501422E-07  1.916555E-04 -1.767667E-02  2.038613E-08  2.039025E-08
  4.760000E+02  4.842385E-07  1.061368E-04 -6.473820E-07  1.921012E-04 -1.576811E-02  2.038648E-08  2.038955E-08
  4.770000E+02 -2.312721E-07  1.063613E-04 -7.751711E-07  1.916756E-04 -1.333970E-02  2.038506E-08  2.038789E-08
  4.780000E+02  1.321644E-08  1.063305E-04  4.534162E-07  1.917551E-04 -1.812434E-02  2.038607E-08  2.039015E-08
  4.790000E+02  5.299543E-07  1.061491E-04 -4.799712E-07  1.920734E-04 -1.467289E-02  2.038623E-08  2.038897E-08
  4.800000E+02 -1.657977E-07  1.063971E-04 -9.230516E-07  1.916063E-04 -1.424338E-02  2.038430E-08  2.038756E-08
  4.810000E+02 -9.047111E-08  1.062665E-04  4.105624E-07  1.918626E-04 -1.811092E-02  2.038521E-08  2.038911E-08
  4.820000E+02  5.537200E-07  1.061851E-04 -2.919521E-07  1.919972E-04 -1.377495E-02  2.038531E-08  2.038786E-08
  4.830000E+02 -8.225369E-08  1.064110E-04 -1.042285E-06  1.915821E-04 -1.533305E-02  2.038404E-08  2.038773E-08
  4.840000E+02 -1.874078E-07  1.062105E-04  3.256233E-07  1.919602E-04 -1.762755E-02  2.038501E-08  2.038861E-08
  4.850000E+02  5.522196E-07  1.062408E-04 -9.588154E-08  1.918945E-04 -1.328046E-02  2.038523E-08  2.038775E-08
  4.860000E+02  1.580326E-08  1.064010E-04 -1.123165E-06  1.916133E-04 -1.640273E-02  2.038511E-08  2.038913E-08
  4.870000E+02 -2.727390E-07  1.061735E-04  2.015923E-07  1.920288E-04 -1.679074E-02  2.038550E-08  2.038874E-08
  4.880000E+02  5.268093E-07  1.063011E-04  9.732552E-08  1.917862E-04 -1.329362E-02  2.038528E-08  2.038795E-08
  4.890000E+02  1.229415E-07  1.063660E-04 -1.163769E-06  1.916870E-04 -1.723119E-02  2.038596E-08  2.039017E-08
  4.900000E+02 -3.430562E-07  1.061618E-04  4.646729E-08  1.920494E-04 -1.575437E-02  2.038577E-08  2.038867E-08
  4.910000E+02  4.808787E-07  1.063489E-04  2.779195E-07  1.916934E-04 -1.381266E-02  2.038443E-08  2.038737E-08
  4.920000E+02  2.317461E-07  1.063128E-04 -1.164565E-06  1.917825E-04 -1.759609E-02  2.038578E-08  2.038999E-08
  4.930000E+02 -3.903983E-07  1.061800E-04 -1.316627E-07  1.920131E-04 -1.476378E-02  2.038573E-08  2.038839E-08
  4.940000E+02  4.127996E-07  1.063748E-04  4.312965E-07  1.916422E-04 -1.470829E-02  2.038369E-08  2.038696E-08
  4.950000E+02  3.378033E-07  1.062571E-04 -1.118505E-06  1.918781E-04 -1.743057E-02  2.038531E-08  2.038933E-08
  4.960000E+02 -4.117761E-07  1.062229E-04 -3.264865E-07  1.919327E-04 -1.408631E-02  2.038562E-08  2.038822E-08
  4.970000E+02  3.246045E-07  1.063751E-04  5.497108E-07  1.916460E-04 -1.571916E-02  2.038384E-08  2.038739E-08
  4.980000E+02  4.383859E-07  1.062145E-04 -1.027339E-06  1.919489E-04 -1.685001E-02  2.038486E-08  2.038860E-08
  4.990000E+02 -4.099952E-07  1.062752E-04 -5.301233E-07  1.918359E-04 -1.387020E-02  2.038543E-08  2.038816E-08
  5.000000E+02  2.231125E-07  1.063531E-04  6.329658E-07  1.916965E-04 -1.654834E-02  2.038473E-08  2.038845E-08
  5.010000E+02  5.283792E-07  1.061948E-04 -9.003938E-07  1.919808E-04 -1.604570E-02  2.038474E-08  2.038817E-08
  5.020000E+02 -3.846929E-07  1.063201E-04 -7.326060E-07  1.917502E-04 -1.412811E-02  2.038487E-08  2.038786E-08
  5.030000E+02  1.107358E-07  1.063156E-04  6.782690E-07  1.917715E-04 -1.699680E-02  2.038536E-08  2.038908E-08
  5.040000E+02  6.021612E-07  1.062006E-04 -7.377071E-07  1.919684E-04 -1.523260E-02  2.038478E-08  2.038797E-08
  5.050000E+02 -3.336150E-07  1.063433E-04 -9.245662E-07  1.916972E-04 -1.474977E-02  2.038350E-08  2.038681E-08
  5.060000E+02 -1.056176E-08  1.062721E-04  6.794105E-07  1.918433E-04 -1.697380E-02  2.038464E-08  2.038823E-08
  5.070000E+02  6.564693E-07  1.062281E-04 -5.404333E-07  1.919138E-04 -1.463977E-02  2.038445E-08  2.038752E-08
  5.080000E+02 -2.585251E-07  1.063420E-04 -1.097939E-06  1.916894E-04 -1.552021E-02  2.038217E-08  2.038578E-08
  5.090000E+02 -1.323942E-07  1.062356E-04  6.327594E-07  1.918944E-04 -1.654154E-02  2.038322E-08  2.038658E-08
  5.100000E+02  6.859739E-07  1.062682E-04 -3.208635E-07  1.918373E-04 -1.440576E-02  2.038410E-08  2.038719E-08
  5.110000E+02 -1.633916E-07  1.063246E-04 -1.238620E-06  1.917236E-04 -1.620904E-02  2.038225E-08  2.038607E-08
  5.120000E+02 -2.458539E-07  1.062170E-04  5.386687E-07  1.919222E-04 -1.588991E-02  2.038282E-08  2.038592E-08
  5.130000E+02  6.856406E-07  1.063079E-04 -9.258951E-08  1.917666E-04 -1.454775E-02  2.038415E-08  2.038737E-08
  5.140000E+02 -4.862769E-08  1.062996E-04 -1.336139E-06  1.917830E-04 -1.664162E-02  2.038364E-08  2.038756E-08
  5.150000E+02 -3.465256E-07  1.062189E-04  3.941911E-07  1.919248E-04 -1.523908E-02  2.038367E-08  2.038658E-08
  5.160000E+02  6.550589E-07  1.063334E-04  1.358675E-07  1.917211E-04 -1.498187E-02  2.038406E-08  2.038746E-08
  5.170000E+02  7.963462E-08  1.062714E-04 -1.384425E-06  1.918446E-04 -1.671638E-02  2.038475E-08  2.038865E-08
  5.180000E+02 -4.265254E-07  1.062379E-04  2.049032E-07  1.918988E-04 -1.474599E-02  2.038470E-08  2.038753E-08
  5.190000E+02  5.966949E-07  1.063393E-04  3.465556E-07  1.917077E-04 -1.556984E-02  2.038360E-08  2.038716E-08
  5.200000E+02  2.098676E-07  1.062432E-04 -1.378570E-06  1.918946E-04 -1.643835E-02  2.038475E-08  2.038851E-08
  5.210000E+02 -4.780784E-07  1.062678E-04 -1.268288E-08  1.918482E-04 -1.447434E-02  2.038515E-08  2.038801E-08
  5.220000E+02  5.110910E-07  1.063294E-04  5.233878E-07  1.917226E-04 -1.618747E-02  2.038308E-08  2.038677E-08
  5.230000E+02  3.359803E-07  1.062209E-04 -1.314454E-06  1.919282E-04 -1.592489E-02  2.038420E-08  2.038775E-08
  5.240000E+02 -4.998608E-07  1.063026E-04 -2.474604E-07  1.917865E-04 -1.444862E-02  2.038527E-08  2.038825E-08
  5.250000E+02  4.038982E-07  1.063102E-04  6.588690E-07  1.917626E-04 -1.668834E-02  2.038348E-08  2.038723E-08
  5.260000E+02  4.524975E-07  1.062126E-04 -1.198747E-06  1.919435E-04 -1.532051E-02  2.038442E-08  2.038778E-08
  5.270000E+02 -4.951331E-07  1.063356E-04 -4.856379E-07  1.917314E-04 -1.470189E-02  2.038567E-08  2.038887E-08
  5.280000E+02  2.845905E-07  1.062852E-04  7.514452E-07  1.918230E-04 -1.694716E-02  2.038503E-08  2.038874E-08
  5.290000E+02  5.505707E-07  1.062210E-04 -1.042916E-06  1.919376E-04 -1.473254E-02  2.038560E-08  2.038878E-08
  5.300000E+02 -4.613508E-07  1.063607E-04 -7.116117E-07  1.916937E-04 -1.521243E-02  2.038631E-08  2.038979E-08
  5.310000E+02  1.583582E-07  1.062534E-04  7.915629E-07  1.918921E-04 -1.694535E-02  2.038626E-08  2.038985E-08
  5.320000E+02  6.244459E-07  1.062433E-04 -8.524669E-07  1.919043E-04 -1.421651E-02  2.038649E-08  2.038955E-08
  5.330000E+02 -3.986972E-07  1.063712E-04 -9.136630E-07  1.916761E-04 -1.590752E-02  2.038624E-08  2.039001E-08
  5.340000E+02  2.922773E-08  1.062174E-04  7.761457E-07  1.919571E-04 -1.664983E-02  2.038635E-08  2.038972E-08
  5.350000E+02  6.744062E-07  1.062768E-04 -6.357336E-07  1.918415E-04 -1.387080E-02  2.038635E-08  2.038937E-08
  5.360000E+02 -3.134094E-07  1.063625E-04 -1.087024E-06  1.916862E-04 -1.665989E-02  2.038539E-08  2.038943E-08
  5.370000E+02 -9.535318E-08  1.061868E-04  7.113540E-07  1.920048E-04 -1.604647E-02  2.038576E-08  2.038884E-08
  5.380000E+02  6.983581E-07  1.063204E-04 -4.058902E-07  1.917601E-04 -1.382139E-02  2.038606E-08  2.038916E-08
  5.390000E+02 -2.105301E-07  1.063350E-04 -1.223174E-06  1.917335E-04 -1.733552E-02  2.038492E-08  2.038915E-08
  5.400000E+02 -2.080181E-07  1.061724E-04  6.010187E-07  1.920261E-04 -1.520116E-02  2.038552E-08  2.038830E-08
  5.410000E+02  6.948529E-07  1.063677E-04 -1.764996E-07  1.916764E-04 -1.417654E-02  2.038613E-08  2.038944E-08
  5.420000E+02 -9.583522E-08  1.062895E-04 -1.314261E-06  1.918171E-04 -1.778325E-02  2.038492E-08  2.038919E-08
  5.430000E+02 -3.051632E-07  1.061804E-04  4.536626E-07  1.920070E-04 -1.425418E-02  2.038532E-08  2.038783E-08
  5.440000E+02  6.670966E-07  1.064045E-04  4.245368E-08  1.916085E-04 -1.495491E-02  2.038573E-08  2.038936E-08
  5.450000E+02  2.424492E-08  1.062315E-04 -1.361224E-06  1.919209E-04 -1.780743E-02  2.038481E-08  2.038897E-08
  5.460000E+02 -3.827122E-07  1.062127E-04  2.787193E-07  1.919394E-04 -1.342907E-02  2.038456E-08  2.038693E-08
  5.470000E+02  6.157916E-07  1.064180E-04  2.421776E-07  1.915769E-04 -1.603548E-02  2.038461E-08  2.038859E-08
  5.480000E+02  1.446052E-07  1.061737E-04 -1.361107E-06  1.920205E-04 -1.730035E-02  2.038448E-08  2.038835E-08
  5.490000E+02 -4.359077E-07  1.062663E-04  8.237698E-08  1.918329E-04 -1.294084E-02  2.038366E-08  2.038607E-08
  5.500000E+02  5.414982E-07  1.063998E-04  4.126334E-07  1.915985E-04 -1.719912E-02  2.038302E-08  2.038730E-08
  5.510000E+02  2.613030E-07  1.061327E-04 -1.311663E-06  1.920861E-04 -1.631274E-02  2.038391E-08  2.038737E-08
  5.520000E+02 -4.632713E-07  1.063314E-04 -1.287070E-07  1.917118E-04 -1.297531E-02  2.038327E-08  2.038590E-08
  5.530000E+02  4.477417E-07  1.063531E-04  5.478338E-07  1.916776E-04 -1.814187E-02  2.038216E-08  2.038657E-08
  5.540000E+02  3.697806E-07  1.061211E-04 -1.216077E-06  1.920999E-04 -1.506377E-02  2.038354E-08  2.038658E-08
  5.550000E+02 -4.635033E-07  1.063951E-04 -3.464860E-07  1.916043E-04 -1.358618E-02  2.038388E-08  2.038692E-08
  5.560000E+02  3.413653E-07  1.062881E-04  6.393127E-07  1.918016E-04 -1.863712E-02  2.038269E-08  2.038702E-08
  5.570000E+02  4.626477E-07  1.061414E-04 -1.081776E-06  1.920606E-04 -1.380554E-02  2.038364E-08  2.038634E-08
  5.580000E+02 -4.367611E-07  1.064410E-04 -5.559755E-07  1.915311E-04 -1.468490E-02  2.038456E-08  2.038811E-08
  5.590000E+02  2.267635E-07  1.062154E-04  6.836260E-07  1.919407E-04 -1.856064E-02  2.038355E-08  2.038762E-08
  5.600000E+02  5.361464E-07  1.061896E-04 -9.143758E-07  1.919706E-04 -1.279425E-02  2.038361E-08  2.038610E-08
  5.610000E+02 -3.854593E-07  1.064539E-04 -7.475578E-07  1.915081E-04 -1.606393E-02  2.038415E-08  2.038822E-08
  5.620000E+02  1.097385E-07  1.061508E-04  6.806623E-07  1.920589E-04 -1.786503E-02  2.038396E-08  2.038759E-08
  5.630000E+02  5.864708E-07  1.062570E-04 -7.222789E-07  1.918458E-04 -1.227718E-02  2.038343E-08  2.038593E-08
  5.640000E+02 -3.142817E-07  1.064305E-04 -9.095784E-07  1.915460E-04 -1.741150E-02  2.038325E-08  2.038772E-08
  5.650000E+02 -1.099498E-09  1.061091E-04  6.324661E-07  1.921310E-04 -1.668113E-02  2.038402E-08  2.038714E-08
  5.660000E+02  6.103176E-07  1.063335E-04 -5.199609E-07  1.917142E-04 -1.235936E-02  2.038408E-08  2.038677E-08
  5.670000E+02 -2.259247E-07  1.063798E-04 -1.033092E-06  1.916397E-04 -1.848953E-02  2.038312E-08  2.038781E-08
  5.680000E+02 -1.012159E-07  1.060950E-04  5.405761E-07  1.921527E-04 -1.525581E-02  2.038406E-08  2.038667E-08
  5.690000E+02  6.073717E-07  1.064057E-04 -3.162642E-07  1.915946E-04 -1.300265E-02  2.038503E-08  2.038807E-08
  5.700000E+02 -1.242741E-07  1.063109E-04 -1.114142E-06  1.917714E-04 -1.912636E-02  2.038367E-08  2.038839E-08
  5.710000E+02 -1.869364E-07  1.061112E-04  4.096569E-07  1.921222E-04 -1.382258E-02  2.038437E-08  2.038658E-08
  5.720000E+02  5.804964E-07  1.064589E-04 -1.210216E-07  1.915059E-04 -1.413827E-02  2.038548E-08  2.038899E-08
  5.730000E+02 -1.682673E-08  1.062331E-04 -1.152067E-06  1.919196E-04 -1.915506E-02  2.038449E-08  2.038901E-08
  5.740000E+02 -2.521884E-07  1.061568E-04  2.495772E-07  1.920381E-04 -1.263232E-02  2.038453E-08  2.038649E-08
  5.750000E+02  5.312144E-07  1.064818E-04  5.226177E-08  1.914650E-04 -1.560678E-02  2.038504E-08  2.038904E-08
  5.760000E+02  8.852161E-08  1.061582E-04 -1.143172E-06  1.920564E-04 -1.854601E-02  2.038485E-08  2.038898E-08
  5.770000E+02 -2.925321E-07  1.062242E-04  7.240455E-08  1.919121E-04 -1.187582E-02  2.038428E-08  2.038621E-08
  5.780000E+02  4.635342E-07  1.064709E-04  1.912345E-07  1.914806E-04 -1.714192E-02  2.038411E-08  2.038853E-08
  5.790000E+02  1.855220E-07  1.060990E-04 -1.090164E-06  1.921574E-04 -1.742870E-02  2.038461E-08  2.038822E-08
  5.800000E+02 -3.088599E-07  1.063049E-04 -1.085409E-07  1.917667E-04 -1.166014E-02  2.038435E-08  2.038646E-08
  5.810000E+02  3.834624E-07  1.064317E-04  2.925512E-07  1.915543E-04 -1.849080E-02  2.038396E-08  2.038866E-08
  5.820000E+02  2.697558E-07  1.060659E-04 -1.001334E-06  1.922137E-04 -1.598937E-02  2.038472E-08  2.038778E-08
  5.830000E+02 -3.011989E-07  1.063903E-04 -2.843567E-07  1.916233E-04 -1.204396E-02  2.038537E-08  2.038786E-08
  5.840000E+02  2.953096E-07  1.063676E-04  3.525780E-07  1.916812E-04 -1.948551E-02  2.038479E-08  2.038958E-08
  5.850000E+02  3.366322E-07  1.060657E-04 -8.814153E-07  1.922173E-04 -1.437133E-02  2.038556E-08  2.038809E-08
  5.860000E+02 -2.715750E-07  1.064657E-04 -4.440852E-07  1.914997E-04 -1.305743E-02  2.038642E-08  2.038946E-08
  5.870000E+02  2.056774E-07  1.062820E-04  3.697377E-07  1.918456E-04 -1.991752E-02  2.038569E-08  2.039035E-08
  5.880000E+02  3.832832E-07  1.061003E-04 -7.412194E-07  1.921536E-04 -1.281247E-02  2.038588E-08  2.038799E-08
  5.890000E+02 -2.251680E-07  1.065138E-04 -5.775314E-07  1.914187E-04 -1.458088E-02  2.038655E-08  2.039024E-08
  5.900000E+02  1.212834E-07  1.061889E-04  3.486914E-07  1.920151E-04 -1.965155E-02  2.038594E-08  2.039023E-08
  5.910000E+02  4.089076E-07  1.061659E-04 -5.935595E-07  1.920291E-04 -1.160212E-02  2.038556E-08  2.038745E-08
  5.920000E+02 -1.654601E-07  1.065257E-04 -6.801060E-07  1.913976E-04 -1.637004E-02  2.038604E-08  2.039036E-08
  5.930000E+02  4.546157E-08  1.061041E-04  2.935841E-07  1.921635E-04 -1.868964E-02  2.038577E-08  2.038951E-08
  5.940000E+02  4.148394E-07  1.062560E-04 -4.462764E-07  1.918609E-04 -1.096629E-02  2.038516E-08  2.038708E-08
  5.950000E+02 -9.647755E-08  1.064954E-04 -7.510452E-07  1.914488E-04 -1.816256E-02  2.038505E-08  2.038988E-08
  5.960000E+02 -1.920470E-08  1.060446E-04  2.102954E-07  1.922629E-04 -1.711251E-02  2.038545E-08  2.038853E-08
  5.970000E+02  4.030177E-07  1.063583E-04 -3.062200E-07  1.916744E-04 -1.110048E-02  2.038491E-08  2.038713E-08
  5.980000E+02 -2.404797E-08  1.064243E-04 -7.892590E-07  1.915746E-04 -1.961551E-02  2.038427E-08  2.038938E-08
  5.990000E+02 -6.895954E-08  1.060247E-04  1.073224E-07  1.922882E-04 -1.516972E-02  2.038495E-08  2.038737E-08
  6.000000E+02  3.743664E-07  1.064528E-04 -1.817282E-07  1.915058E-04 -1.204348E-02  2.038485E-08  2.038762E-08
  6.010000E+02  4.669503E-08  1.063246E-04 -7.922119E-07  1.917549E-04 -2.040995E-02  2.038401E-08  2.038910E-08
  6.020000E+02 -1.011922E-07  1.060483E-04 -7.253021E-09  1.922326E-04 -1.322288E-02  2.038415E-08  2.038603E-08
  6.030000E+02  3.325694E-07  1.065194E-04 -8.119884E-08  1.913849E-04 -1.365022E-02  2.038432E-08  2.038776E-08
  6.040000E+02  1.119168E-07  1.062133E-04 -7.640260E-07  1.919515E-04 -2.038509E-02  2.038357E-08  2.038835E-08
  6.050000E+02 -1.150686E-07  1.061100E-04 -1.264391E-07  1.921036E-04 -1.163217E-02  2.038274E-08  2.038432E-08
  6.060000E+02  2.801592E-07  1.065447E-04 -8.474618E-09  1.913327E-04 -1.562877E-02  2.038300E-08  2.038712E-08
  6.070000E+02  1.690640E-07  1.061106E-04 -7.076051E-07  1.921262E-04 -1.954315E-02  2.038274E-08  2.038697E-08
  6.080000E+02 -1.094966E-07  1.062018E-04 -2.460391E-07  1.919254E-04 -1.066111E-02  2.038166E-08  2.038322E-08
  6.090000E+02  2.202422E-07  1.065270E-04  3.159232E-08  1.913618E-04 -1.764349E-02  2.038204E-08  2.038674E-08
  6.100000E+02  2.143890E-07  1.060363E-04 -6.259852E-07  1.922535E-04 -1.803575E-02  2.038253E-08  2.038608E-08
  6.110000E+02 -8.630023E-08  1.063110E-04 -3.569626E-07  1.917323E-04 -1.047372E-02  2.038213E-08  2.038396E-08
  6.120000E+02  1.579823E-07  1.064696E-04  3.824866E-08  1.914722E-04 -1.937677E-02  2.038214E-08  2.038721E-08
  6.130000E+02  2.445189E-07  1.060020E-04 -5.266569E-07  1.923148E-04 -1.609555E-02  2.038311E-08  2.038592E-08
  6.140000E+02 -4.916275E-08  1.064176E-04 -4.492801E-07  1.915523E-04 -1.113273E-02  2.038326E-08  2.038561E-08
  6.150000E+02  9.874649E-08  1.063794E-04  1.430416E-08  1.916443E-04 -2.051256E-02  2.038272E-08  2.038788E-08
  6.160000E+02  2.560411E-07  1.060110E-04 -4.174851E-07  1.922957E-04 -1.404343E-02  2.038345E-08  2.038562E-08
  6.170000E+02 -1.293098E-09  1.065008E-04 -5.133889E-07  1.914111E-04 -1.253077E-02  2.038385E-08  2.038688E-08
  6.180000E+02  4.860600E-08  1.062726E-04 -3.898752E-08  1.918448E-04 -2.083626E-02  2.038343E-08  2.038838E-08
  6.190000E+02  2.471827E-07  1.060618E-04 -3.091525E-07  1.922011E-04 -1.223174E-02  2.038367E-08  2.038539E-08
  6.200000E+02  5.526473E-08  1.065488E-04 -5.439779E-07  1.913323E-04 -1.443005E-02  2.038410E-08  2.038788E-08
  6.210000E+02  9.739735E-09  1.061665E-04 -1.193833E-07  1.920413E-04 -2.032833E-02  2.038414E-08  2.038862E-08
  6.220000E+02  2.212096E-07  1.061467E-04 -2.088319E-07  1.920483E-04 -1.092549E-02  2.038408E-08  2.038560E-08
  6.230000E+02  1.140555E-07  1.065558E-04 -5.420866E-07  1.913282E-04 -1.652741E-02  2.038435E-08  2.038883E-08
  6.240000E+02 -1.362662E-08  1.060770E-04 -2.175274E-07  1.922057E-04 -1.908911E-02  2.038488E-08  2.038873E-08
  6.250000E+02  1.820374E-07  1.062531E-04 -1.283643E-07  1.918604E-04 -1.031978E-02  2.038468E-08  2.038629E-08
  6.260000E+02  1.679865E-07  1.065205E-04 -5.095149E-07  1.914021E-04 -1.849108E-02  2.038477E-08  2.038977E-08
  6.270000E+02 -1.772109E-08  1.060189E-04 -3.223947E-07  1.923119E-04 -1.730605E-02  2.038565E-08  2.038879E-08
  6.280000E+02  1.314827E-07  1.063659E-04 -7.688365E-08  1.916657E-04 -1.053274E-02  2.038556E-08  2.038752E-08
  6.290000E+02  2.139696E-07  1.064473E-04 -4.472709E-07  1.915461E-04 -2.001228E-02  2.038548E-08  2.039075E-08
  6.300000E+02 -3.481128E-09  1.059999E-04 -4.269774E-07  1.923424E-04 -1.524800E-02  2.038590E-08  2.038836E-08
  6.310000E+02  7.440518E-08  1.064665E-04 -5.666388E-08  1.914910E-04 -1.153364E-02  2.038602E-08  2.038858E-08
  6.320000E+02  2.474711E-07  1.063462E-04 -3.612408E-07  1.917352E-04 -2.086480E-02  2.038587E-08  2.039112E-08
  6.330000E+02  2.574462E-08  1.060221E-04 -5.193010E-07  1.922940E-04 -1.319259E-02  2.038565E-08  2.038756E-08
  6.340000E+02  1.898189E-08  1.065406E-04 -6.797224E-08  1.913601E-04 -1.318535E-02  2.038585E-08  2.038914E-08
  6.350000E+02  2.638946E-07  1.062310E-04 -2.639234E-07  1.919414E-04 -2.093649E-02  2.038566E-08  2.039061E-08
  6.360000E+02  6.798147E-08  1.060845E-04 -5.884393E-07  1.921723E-04 -1.142372E-02  2.038516E-08  2.038673E-08
  6.370000E+02 -3.156734E-08  1.065762E-04 -1.095955E-07  1.912946E-04 -1.527612E-02  2.038506E-08  2.038914E-08
  6.380000E+02  2.625587E-07  1.061188E-04 -1.612056E-07  1.921367E-04 -2.016434E-02  2.038517E-08  2.038956E-08
  6.390000E+02  1.209423E-07  1.061822E-04 -6.310668E-07  1.919896E-04 -1.024092E-02  2.038481E-08  2.038631E-08
  6.400000E+02 -7.482620E-08  1.065654E-04 -1.790054E-07  1.913149E-04 -1.750321E-02  2.038442E-08  2.038919E-08
  6.410000E+02  2.441041E-07  1.060301E-04 -5.849089E-08  1.922889E-04 -1.861627E-02  2.038487E-08  2.038853E-08
  6.420000E+02  1.798655E-07  1.063014E-04 -6.443966E-07  1.917747E-04 -9.895380E-03  2.038493E-08  2.038669E-08
  6.430000E+02 -1.058196E-07  1.065096E-04 -2.708898E-07  1.914245E-04 -1.948259E-02  2.038468E-08  2.038994E-08
  6.440000E+02  2.090131E-07  1.059812E-04  3.381089E-08  1.923728E-04 -1.653204E-02  2.038513E-08  2.038798E-08
  6.450000E+02  2.409329E-07  1.064217E-04 -6.261314E-07  1.915637E-04 -1.047914E-02  2.038541E-08  2.038771E-08
  6.460000E+02 -1.207653E-07  1.064161E-04 -3.808132E-07  1.916056E-04 -2.087228E-02  2.038548E-08  2.039094E-08
  6.470000E+02  1.604932E-07  1.059791E-04  1.053554E-07  1.923712E-04 -1.425446E-02  2.038526E-08  2.038738E-08
  6.480000E+02  2.990201E-07  1.065199E-04 -5.783321E-07  1.913894E-04 -1.190191E-02  2.038532E-08  2.038837E-08
  6.490000E+02 -1.192499E-07  1.062978E-04 -4.988315E-07  1.918226E-04 -2.143477E-02  2.038564E-08  2.039098E-08
  6.500000E+02  1.013113E-07  1.060257E-04  1.529447E-07  1.922788E-04 -1.215514E-02  2.038498E-08  2.038657E-08
  6.510000E+02  3.506988E-07  1.065783E-04 -5.036253E-07  1.912831E-04 -1.394918E-02  2.038465E-08  2.038853E-08
  6.520000E+02 -1.008480E-07  1.061732E-04 -6.184201E-07  1.920396E-04 -2.104488E-02  2.038495E-08  2.038986E-08
  6.530000E+02  3.085277E-08  1.061155E-04  1.762498E-07  1.921080E-04 -1.057303E-02  2.038450E-08  2.038584E-08
  6.540000E+02  3.924870E-07  1.065886E-04 -3.977970E-07  1.912664E-04 -1.629262E-02  2.038411E-08  2.038876E-08
  6.550000E+02 -6.548537E-08  1.060645E-04 -7.326457E-07  1.922232E-04 -1.976219E-02  2.038408E-08  2.038831E-08
  6.560000E+02 -4.559192E-08  1.062321E-04  1.705951E-07  1.918899E-04 -9.783369E-03  2.038389E-08  2.038531E-08
  6.570000E+02  4.205183E-07  1.065501E-04 -2.681700E-07  1.913397E-04 -1.852746E-02  2.038377E-08  2.038902E-08
  6.580000E+02 -1.503037E-08  1.059905E-04 -8.321404E-07  1.923423E-04 -1.782969E-02  2.038322E-08  2.038669E-08
  6.590000E+02 -1.207429E-07  1.063535E-04  1.335065E-07  1.916634E-04 -9.916544E-03  2.038308E-08  2.038490E-08
  6.600000E+02  4.301845E-07  1.064696E-04 -1.254299E-07  1.914862E-04 -2.026873E-02  2.038328E-08  2.038884E-08
  6.610000E+02  5.091977E-08  1.059634E-04 -9.079889E-07  1.923785E-04 -1.556589E-02  2.038261E-08  2.038533E-08
  6.620000E+02 -1.881544E-07  1.064611E-04  5.866010E-08  1.914645E-04 -1.095609E-02  2.038229E-08  2.038476E-08
  6.630000E+02  4.181923E-07  1.063590E-04  2.028873E-08  1.916827E-04 -2.125394E-02  2.038258E-08  2.038814E-08
  6.640000E+02  1.323841E-07  1.059876E-04 -9.535900E-07  1.923262E-04 -1.331060E-02  2.038238E-08  2.038449E-08
  6.650000E+02 -2.460578E-07  1.065393E-04 -5.549590E-08  1.913235E-04 -1.274738E-02  2.038181E-08  2.038509E-08
  6.660000E+02  3.867190E-07  1.062351E-04  1.635689E-07  1.919021E-04 -2.132264E-02  2.038211E-08  2.038731E-08
  6.670000E+02  2.227852E-07  1.060577E-04 -9.676914E-07  1.921933E-04 -1.141367E-02  2.038225E-08  2.038399E-08
  6.680000E+02 -2.902949E-07  1.065770E-04 -1.993021E-07  1.912627E-04 -1.496716E-02  2.038191E-08  2.038602E-08
  6.690000E+02  3.363434E-07  1.061198E-04  2.955600E-07  1.921095E-04 -2.048280E-02  2.038235E-08  2.038694E-08
  6.700000E+02  3.128900E-07  1.061613E-04 -9.435564E-07  1.920062E-04 -1.017889E-02  2.038256E-08  2.038423E-08
  6.710000E+02 -3.129080E-07  1.065711E-04 -3.610138E-07  1.912896E-04 -1.724239E-02  2.038291E-08  2.038775E-08
  6.720000E+02  2.652324E-07  1.060318E-04  4.018398E-07  1.922734E-04 -1.892273E-02  2.038345E-08  2.038728E-08
  6.730000E+02  3.978672E-07  1.062818E-04 -8.733683E-07  1.917965E-04 -9.786539E-03  2.038350E-08  2.038541E-08
  6.740000E+02 -3.113942E-07  1.065226E-04 -5.330642E-07  1.913971E-04 -1.924299E-02  2.038434E-08  2.038971E-08
  6.750000E+02  1.759549E-07  1.059823E-04  4.751811E-07  1.923685E-04 -1.689568E-02  2.038475E-08  2.038778E-08
  6.760000E+02  4.735885E-07  1.064018E-04 -7.587569E-07  1.915935E-04 -1.026726E-02  2.038482E-08  2.038721E-08
  6.770000E+02 -2.872942E-07  1.064375E-04 -7.058397E-07  1.915676E-04 -2.070391E-02  2.038562E-08  2.039125E-08
  6.780000E+02  7.542830E-08  1.059771E-04  5.127617E-07  1.923826E-04 -1.466617E-02  2.038596E-08  2.038825E-08
  6.790000E+02  5.351032E-07  1.065046E-04 -6.093865E-07  1.914219E-04 -1.156317E-02  2.038595E-08  2.038903E-08
  6.800000E+02 -2.410323E-07  1.063262E-04 -8.690292E-07  1.917800E-04 -2.139843E-02  2.038657E-08  2.039215E-08
  6.810000E+02 -2.973503E-08  1.060167E-04  5.097767E-07  1.923117E-04 -1.252860E-02  2.038664E-08  2.038837E-08
  6.820000E+02  5.783292E-07  1.065736E-04 -4.350517E-07  1.913070E-04 -1.348633E-02  2.038642E-08  2.039029E-08
  6.830000E+02 -1.741398E-07  1.062043E-04 -1.013120E-06  1.920000E-04 -2.122376E-02  2.038663E-08  2.039187E-08
  6.840000E+02 -1.312603E-07  1.060954E-04  4.622234E-07  1.921651E-04 -1.079561E-02  2.038664E-08  2.038805E-08
  6.850000E+02  5.983413E-07  1.065998E-04 -2.481660E-07  1.912662E-04 -1.574870E-02  2.038641E-08  2.039107E-08
  6.860000E+02 -8.957201E-08  1.060925E-04 -1.125686E-06  1.921968E-04 -2.020202E-02  2.038648E-08  2.039113E-08
  6.870000E+02 -2.225197E-07  1.062055E-04  3.703697E-07  1.919645E-04 -9.768072E-03  2.038670E-08  2.038811E-08
  6.880000E+02  5.934163E-07  1.065793E-04 -6.057341E-08  1.913137E-04 -1.802452E-02  2.038677E-08  2.039207E-08
  6.890000E+02  8.472236E-09  1.060087E-04 -1.199674E-06  1.923435E-04 -1.845101E-02  2.038663E-08  2.039054E-08
  6.900000E+02 -3.007956E-07  1.063298E-04  2.403278E-07  1.917377E-04 -9.650907E-03  2.038649E-08  2.038824E-08
  6.910000E+02  5.631058E-07  1.065109E-04  1.226489E-07  1.914442E-04 -1.995772E-02  2.038685E-08  2.039254E-08
  6.920000E+02  1.146504E-07  1.059647E-04 -1.229610E-06  1.924108E-04 -1.621912E-02  2.038607E-08  2.038920E-08
  6.930000E+02 -3.627430E-07  1.064458E-04  7.997124E-08  1.915180E-04 -1.046723E-02  2.038517E-08  2.038753E-08
  6.940000E+02  5.100025E-07  1.064028E-04  2.925613E-07  1.916328E-04 -2.122639E-02  2.038569E-08  2.039146E-08
  6.950000E+02  2.223860E-07  1.059709E-04 -1.215079E-06  1.923835E-04 -1.382963E-02  2.038510E-08  2.038752E-08
  6.960000E+02 -4.059351E-07  1.065382E-04 -9.956144E-08  1.913442E-04 -1.211387E-02  2.038397E-08  2.038715E-08
  6.970000E+02  4.368735E-07  1.062725E-04  4.419196E-07  1.918590E-04 -2.160000E-02  2.038459E-08  2.039008E-08
  6.980000E+02  3.279451E-07  1.060324E-04 -1.158445E-06  1.922638E-04 -1.166735E-02  2.038481E-08  2.038674E-08
  6.990000E+02 -4.267750E-07  1.065924E-04 -2.938445E-07  1.912539E-04 -1.437312E-02  2.038410E-08  2.038818E-08
  7.000000E+02  3.478234E-07  1.061416E-04  5.599844E-07  1.920887E-04 -2.099340E-02  2.038410E-08  2.038901E-08
  7.010000E+02  4.256937E-07  1.061366E-04 -1.063136E-06  1.920696E-04 -1.012415E-02  2.038457E-08  2.038632E-08
  7.020000E+02 -4.224144E-07  1.065965E-04 -4.939939E-07  1.912586E-04 -1.686186E-02  2.038460E-08  2.038952E-08
  7.030000E+02  2.481658E-07  1.060332E-04  6.364863E-07  1.922770E-04 -1.950254E-02  2.038387E-08  2.038799E-08
  7.040000E+02  5.109147E-07  1.062627E-04 -9.357945E-07  1.918344E-04 -9.489067E-03  2.038393E-08  2.038585E-08
  7.050000E+02 -3.930590E-07  1.065495E-04 -6.903545E-07  1.913543E-04 -1.912274E-02  2.038497E-08  2.039052E-08
  7.060000E+02  1.402841E-07  1.059688E-04  6.697994E-07  1.923905E-04 -1.737700E-02  2.038432E-08  2.038756E-08
  7.070000E+02  5.784742E-07  1.063905E-04 -7.768162E-07  1.916038E-04 -9.873816E-03  2.038383E-08  2.038622E-08
  7.080000E+02 -3.399396E-07  1.064571E-04 -8.715576E-07  1.915265E-04 -2.079131E-02  2.038495E-08  2.039080E-08
  7.090000E+02  2.748174E-08  1.059568E-04  6.595705E-07  1.924093E-04 -1.494504E-02  2.038480E-08  2.038721E-08
  7.100000E+02  6.255427E-07  1.064981E-04 -5.904190E-07  1.914120E-04 -1.120474E-02  2.038373E-08  2.038682E-08
  7.110000E+02 -2.666916E-07  1.063339E-04 -1.028807E-06  1.917439E-04 -2.160269E-02  2.038413E-08  2.038994E-08
  7.120000E+02 -8.576456E-08  1.059949E-04  6.092743E-07  1.923293E-04 -1.262445E-02  2.038429E-08  2.038607E-08
  7.130000E+02  6.505847E-07  1.065691E-04 -3.842842E-07  1.912861E-04 -1.320288E-02  2.038340E-08  2.038729E-08
  7.140000E+02 -1.769361E-07  1.062029E-04 -1.155919E-06  1.919692E-04 -2.146184E-02  2.038299E-08  2.038843E-08
  7.150000E+02 -1.925104E-07  1.060756E-04  5.202461E-07  1.921696E-04 -1.080148E-02  2.038332E-08  2.038475E-08
  7.160000E+02  6.500298E-07  1.065953E-04 -1.693118E-07  1.912430E-04 -1.554086E-02  2.038314E-08  2.038781E-08
  7.170000E+02 -7.330376E-08  1.060866E-04 -1.243469E-06  1.921714E-04 -2.040004E-02  2.038257E-08  2.038738E-08
  7.180000E+02 -2.851781E-07  1.061868E-04  3.912886E-07  1.919595E-04 -9.762277E-03  2.038260E-08  2.038402E-08
  7.190000E+02  6.229870E-07  1.065737E-04  4.003398E-08  1.912898E-04 -1.785541E-02  2.038322E-08  2.038851E-08
  7.200000E+02  4.047241E-08  1.060036E-04 -1.286472E-06  1.923183E-04 -1.861696E-02  2.038291E-08  2.038695E-08
  7.210000E+02 -3.577106E-07  1.063098E-04  2.247207E-07  1.917358E-04 -9.638421E-03  2.038244E-08  2.038418E-08
  7.220000E+02  5.700245E-07  1.065084E-04  2.310959E-07  1.914167E-04 -1.978050E-02  2.038350E-08  2.038918E-08
  7.230000E+02  1.602164E-07  1.059650E-04 -1.282498E-06  1.923882E-04 -1.640764E-02  2.038367E-08  2.038691E-08
  7.240000E+02 -4.074098E-07  1.064268E-04  2.662534E-08  1.915312E-04 -1.041542E-02  2.038295E-08  2.038527E-08
  7.250000E+02  4.945409E-07  1.064087E-04  3.955442E-07  1.916057E-04 -2.103290E-02  2.038400E-08  2.038973E-08
  7.260000E+02  2.778461E-07  1.059741E-04 -1.231460E-06  1.923720E-04 -1.408669E-02  2.038444E-08  2.038697E-08
  7.270000E+02 -4.310022E-07  1.065211E-04 -1.895576E-07  1.913722E-04 -1.196283E-02  2.038373E-08  2.038682E-08
  7.280000E+02  4.019750E-07  1.062891E-04  5.221482E-07  1.918265E-04 -2.146277E-02  2.038437E-08  2.038985E-08
  7.290000E+02  3.812671E-07  1.060287E-04 -1.133940E-06  1.922732E-04 -1.198827E-02  2.038501E-08  2.038703E-08
  7.300000E+02 -4.246381E-07  1.065813E-04 -4.028193E-07  1.912794E-04 -1.405041E-02  2.038479E-08  2.038874E-08
  7.310000E+02  2.974795E-07  1.061693E-04  5.987633E-07  1.920488E-04 -2.103484E-02  2.038518E-08  2.039013E-08
  7.320000E+02  4.632828E-07  1.061225E-04 -9.941341E-07  1.921095E-04 -1.042725E-02  2.038604E-08  2.038781E-08
  7.330000E+02 -3.901119E-07  1.065996E-04 -5.971632E-07  1.912701E-04 -1.637361E-02  2.038658E-08  2.039133E-08
  7.340000E+02  1.853709E-07  1.060662E-04  6.253025E-07  1.922445E-04 -1.978713E-02  2.038665E-08  2.039088E-08
  7.350000E+02  5.238516E-07  1.062411E-04 -8.206814E-07  1.919019E-04 -9.652411E-03  2.038692E-08  2.038874E-08
  7.360000E+02 -3.320392E-07  1.065671E-04 -7.685572E-07  1.913454E-04 -1.860730E-02  2.038760E-08  2.039299E-08
  7.370000E+02  7.329917E-08  1.059921E-04  6.044951E-07  1.923775E-04 -1.784963E-02  2.038725E-08  2.039064E-08
  7.380000E+02  5.615964E-07  1.063665E-04 -6.277750E-07  1.916738E-04 -9.781854E-03  2.038669E-08  2.038888E-08
  7.390000E+02 -2.558231E-07  1.064862E-04 -9.096108E-07  1.914936E-04 -2.042804E-02  2.038716E-08  2.039294E-08
  7.400000E+02 -2.929963E-08  1.059613E-04  5.391252E-07  1.924236E-04 -1.548179E-02  2.038702E-08  2.038956E-08
  7.410000E+02  5.766246E-07  1.064829E-04 -4.344681E-07  1.914620E-04 -1.083338E-02  2.038623E-08  2.038904E-08
  7.420000E+02 -1.685004E-07  1.063697E-04 -1.014520E-06  1.917025E-04 -2.152059E-02  2.038662E-08  2.039244E-08
  7.430000E+02 -1.171902E-07  1.059849E-04  4.388534E-07  1.923721E-04 -1.307513E-02  2.038680E-08  2.038864E-08
  7.440000E+02  5.684812E-07  1.065706E-04 -2.508913E-07  1.913087E-04 -1.270193E-02  2.038624E-08  2.038985E-08
  7.450000E+02 -7.508594E-08  1.062349E-04 -1.078079E-06  1.919410E-04 -2.166323E-02  2.038604E-08  2.039156E-08
  7.460000E+02 -1.870912E-07  1.060587E-04  3.109494E-07  1.922274E-04 -1.102414E-02  2.038616E-08  2.038756E-08
  7.470000E+02  5.373271E-07  1.066118E-04 -8.377610E-08  1.912385E-04 -1.509981E-02  2.038595E-08  2.039040E-08
  7.480000E+02  2.004998E-08  1.061039E-04 -1.096873E-06  1.921660E-04 -2.078625E-02  2.038517E-08  2.039006E-08
  7.490000E+02 -2.390860E-07  1.061704E-04  1.642663E-07  1.920105E-04 -9.699182E-03  2.038487E-08  2.038618E-08
  7.500000E+02  4.867863E-07  1.065968E-04  6.394498E-08  1.912667E-04 -1.759972E-02  2.038527E-08  2.039043E-08
  7.510000E+02  1.145693E-07  1.060049E-04 -1.076183E-06  1.923337E-04 -1.901081E-02  2.038463E-08  2.038869E-08
  7.520000E+02 -2.740622E-07  1.063033E-04  4.261505E-09  1.917639E-04 -9.387740E-03  2.038424E-08  2.038584E-08
  7.530000E+02  4.223117E-07  1.065284E-04  1.893895E-07  1.913958E-04 -1.976018E-02  2.038510E-08  2.039070E-08
  7.540000E+02  2.027169E-07  1.059566E-04 -1.022042E-06  1.924157E-04 -1.663208E-02  2.038489E-08  2.038805E-08
  7.550000E+02 -2.889351E-07  1.064324E-04 -1.601397E-07  1.915331E-04 -1.016188E-02  2.038427E-08  2.038649E-08
  7.560000E+02  3.487002E-07  1.064169E-04  2.822554E-07  1.915993E-04 -2.120203E-02  2.038483E-08  2.039052E-08
  7.570000E+02  2.787038E-07  1.059639E-04 -9.391378E-07  1.923940E-04 -1.409233E-02  2.038479E-08  2.038714E-08
  7.580000E+02 -2.811019E-07  1.065318E-04 -3.195316E-07  1.913556E-04 -1.184612E-02  2.038402E-08  2.038705E-08
  7.590000E+02  2.673969E-07  1.062846E-04  3.360759E-07  1.918339E-04 -2.166511E-02  2.038421E-08  2.038963E-08
  7.600000E+02  3.416592E-07  1.060234E-04 -8.296278E-07  1.922756E-04 -1.187615E-02  2.038427E-08  2.038607E-08
  7.610000E+02 -2.520634E-07  1.065860E-04 -4.708802E-07  1.912618E-04 -1.409289E-02  2.038381E-08  2.038771E-08
  7.620000E+02  1.808518E-07  1.061569E-04  3.517708E-07  1.920592E-04 -2.109315E-02  2.038388E-08  2.038873E-08
  7.630000E+02  3.894111E-07  1.061232E-04 -6.965771E-07  1.920881E-04 -1.035814E-02  2.038391E-08  2.038548E-08
  7.640000E+02 -2.062478E-07  1.065898E-04 -6.060325E-07  1.912649E-04 -1.649412E-02  2.038411E-08  2.038879E-08
  7.650000E+02  9.588677E-08  1.060547E-04  3.324015E-07  1.922398E-04 -1.965086E-02  2.038400E-08  2.038807E-08
  7.660000E+02  4.178759E-07  1.062432E-04 -5.501999E-07  1.918676E-04 -9.738530E-03  2.038366E-08  2.038534E-08
  7.670000E+02 -1.452527E-07  1.065451E-04 -7.154161E-07  1.913539E-04 -1.866787E-02  2.038427E-08  2.038952E-08
  7.680000E+02  1.616954E-08  1.059906E-04  2.780402E-07  1.923482E-04 -1.764051E-02  2.038393E-08  2.038716E-08
  7.690000E+02  4.246921E-07  1.063620E-04 -3.958459E-07  1.916483E-04 -1.004749E-02  2.038307E-08  2.038513E-08
  7.700000E+02 -7.200446E-08  1.064594E-04 -7.917818E-07  1.915076E-04 -2.028712E-02  2.038360E-08  2.038913E-08
  7.710000E+02 -5.434294E-08  1.059719E-04  1.911818E-07  1.923706E-04 -1.536240E-02  2.038347E-08  2.038592E-08
  7.720000E+02  4.115093E-07  1.064649E-04 -2.428776E-07  1.914598E-04 -1.119873E-02  2.038247E-08  2.038514E-08
  7.730000E+02  5.686510E-09  1.063468E-04 -8.317622E-07  1.917053E-04 -2.115327E-02  2.038268E-08  2.038818E-08
  7.740000E+02 -1.077585E-07  1.060008E-04  8.076850E-08  1.923094E-04 -1.313370E-02  2.038319E-08  2.038501E-08
  7.750000E+02  3.780475E-07  1.065420E-04 -1.069140E-07  1.913285E-04 -1.300415E-02  2.038279E-08  2.038621E-08
  7.760000E+02  8.373192E-08  1.062264E-04 -8.312965E-07  1.919245E-04 -2.118102E-02  2.038287E-08  2.038804E-08
  7.770000E+02 -1.392348E-07  1.060731E-04 -4.912770E-08  1.921789E-04 -1.128779E-02  2.038371E-08  2.038515E-08
  7.780000E+02  3.257332E-07  1.065821E-04  1.093746E-09  1.912752E-04 -1.518380E-02  2.038416E-08  2.038834E-08
  7.790000E+02  1.593618E-07  1.061162E-04 -7.908817E-07  1.921336E-04 -2.035729E-02  2.038427E-08  2.038886E-08
  7.800000E+02 -1.488428E-07  1.061768E-04 -1.928799E-07  1.919958E-04 -1.013361E-02  2.038445E-08  2.038584E-08
  7.810000E+02  2.594851E-07  1.065747E-04  7.708031E-08  1.913067E-04 -1.741772E-02  2.038537E-08  2.039019E-08
  7.820000E+02  2.255795E-07  1.060316E-04 -7.144152E-07  1.922942E-04 -1.878061E-02  2.038567E-08  2.038952E-08
  7.830000E+02 -1.360657E-07  1.062960E-04 -3.368711E-07  1.917845E-04 -9.849386E-03  2.038495E-08  2.038659E-08
  7.840000E+02  1.861670E-07  1.065194E-04  1.141345E-07  1.914181E-04 -1.937524E-02  2.038591E-08  2.039117E-08
  7.850000E+02  2.732347E-07  1.059853E-04 -6.078605E-07  1.923796E-04 -1.667942E-02  2.038658E-08  2.038961E-08
  7.860000E+02 -1.031859E-07  1.064155E-04 -4.607617E-07  1.915777E-04 -1.045297E-02  2.038572E-08  2.038790E-08
  7.870000E+02  1.136051E-07  1.064248E-04  1.101470E-07  1.915976E-04 -2.076799E-02  2.038633E-08  2.039174E-08
  7.880000E+02  2.994594E-07  1.059851E-04 -4.844898E-07  1.923767E-04 -1.438087E-02  2.038695E-08  2.038924E-08
  7.890000E+02 -5.510023E-08  1.065161E-04 -5.545989E-07  1.914071E-04 -1.187013E-02  2.038651E-08  2.038943E-08
  7.900000E+02  4.844212E-08  1.063044E-04  6.927407E-08  1.918194E-04 -2.134679E-02  2.038661E-08  2.039184E-08
  7.910000E+02  3.033175E-07  1.060331E-04 -3.568506E-07  1.922823E-04 -1.224411E-02  2.038677E-08  2.038849E-08
  7.920000E+02  5.483996E-09  1.065785E-04 -6.141857E-07  1.913024E-04 -1.391859E-02  2.038675E-08  2.039051E-08
  7.930000E+02 -5.682954E-09  1.061796E-04 -6.157503E-09  1.920453E-04 -2.095642E-02  2.038682E-08  2.039158E-08
  7.940000E+02  2.881656E-07  1.061249E-04 -2.351268E-07  1.921109E-04 -1.065520E-02  2.038660E-08  2.038804E-08
  7.950000E+02  7.273545E-08  1.065908E-04 -6.412775E-07  1.912889E-04 -1.626478E-02  2.038694E-08  2.039149E-08
  7.960000E+02 -4.712957E-08  1.060735E-04 -1.058337E-07  1.922339E-04 -1.965457E-02  2.038699E-08  2.039104E-08
  7.970000E+02  2.592514E-07  1.062452E-04 -1.271047E-07  1.918926E-04 -9.915677E-03  2.038666E-08  2.038818E-08
  7.980000E+02  1.367115E-07  1.065489E-04 -6.379125E-07  1.913714E-04 -1.850419E-02  2.038691E-08  2.039206E-08
  7.990000E+02 -7.076926E-08  1.060051E-04 -2.141632E-07  1.923508E-04 -1.763614E-02  2.038699E-08  2.039021E-08
  8.000000E+02  2.173834E-07  1.063708E-04 -4.378154E-08  1.916639E-04 -1.018924E-02  2.038639E-08  2.038832E-08
  8.010000E+02  1.907637E-07  1.064586E-04 -6.000276E-07  1.915352E-04 -2.020234E-02  2.038640E-08  2.039183E-08
  8.020000E+02 -7.186320E-08  1.059868E-04 -3.218412E-07  1.923703E-04 -1.527566E-02  2.038635E-08  2.038879E-08
  8.030000E+02  1.622859E-07  1.064754E-04  5.556519E-09  1.914679E-04 -1.142851E-02  2.038528E-08  2.038788E-08
  8.040000E+02  2.360444E-07  1.063381E-04 -5.280541E-07  1.917447E-04 -2.101568E-02  2.038525E-08  2.039058E-08
  8.050000E+02 -5.524675E-08  1.060221E-04 -4.270459E-07  1.922895E-04 -1.304313E-02  2.038520E-08  2.038705E-08
  8.060000E+02  1.002078E-07  1.065413E-04  2.527923E-08  1.913443E-04 -1.335548E-02  2.038425E-08  2.038762E-08
  8.070000E+02  2.739038E-07  1.062128E-04 -4.357044E-07  1.919607E-04 -2.082469E-02  2.038426E-08  2.038917E-08
  8.080000E+02 -2.858843E-08  1.061035E-04 -5.259297E-07  1.921314E-04 -1.134051E-02  2.038451E-08  2.038607E-08
  8.090000E+02  4.033808E-08  1.065615E-04  2.293418E-08  1.913141E-04 -1.559592E-02  2.038424E-08  2.038835E-08
  8.100000E+02  2.999759E-07  1.061081E-04 -3.377072E-07  1.921464E-04 -1.974533E-02  2.038430E-08  2.038856E-08
  8.110000E+02  8.712108E-09  1.062114E-04 -6.102329E-07  1.919330E-04 -1.047044E-02  2.038436E-08  2.038596E-08
  8.120000E+02 -1.514691E-08  1.065347E-04 -4.547058E-09  1.913740E-04 -1.771031E-02  2.038478E-08  2.038946E-08
  8.130000E+02  3.105449E-07  1.060401E-04 -2.352568E-07  1.922674E-04 -1.805239E-02  2.038473E-08  2.038823E-08
  8.140000E+02  5.801951E-08  1.063192E-04 -6.736565E-07  1.917319E-04 -1.053284E-02  2.038366E-08  2.038560E-08
  8.150000E+02 -6.624075E-08  1.064657E-04 -5.991213E-08  1.914989E-04 -1.930137E-02  2.038427E-08  2.038925E-08
  8.160000E+02  3.060908E-07  1.060144E-04 -1.287767E-07  1.923034E-04 -1.606996E-02  2.038429E-08  2.038706E-08
  8.170000E+02  1.154019E-07  1.064109E-04 -7.138009E-07  1.915590E-04 -1.139287E-02  2.038265E-08  2.038514E-08
  8.180000E+02 -1.091614E-07  1.063703E-04 -1.384960E-07  1.916626E-04 -2.018883E-02  2.038305E-08  2.038805E-08
  8.190000E+02  2.844281E-07  1.060313E-04 -2.399699E-08  1.922611E-04 -1.411057E-02  2.038366E-08  2.038583E-08
  8.200000E+02  1.793933E-07  1.064816E-04 -7.250206E-07  1.914371E-04 -1.283062E-02  2.038285E-08  2.038599E-08
  8.210000E+02 -1.410759E-07  1.062689E-04 -2.397767E-07  1.918462E-04 -2.036398E-02  2.038306E-08  2.038783E-08
  8.220000E+02  2.428451E-07  1.060848E-04  7.571012E-08  1.921618E-04 -1.247009E-02  2.038386E-08  2.038564E-08
  8.230000E+02  2.489178E-07  1.065236E-04 -7.009459E-07  1.913788E-04 -1.459645E-02  2.038419E-08  2.038801E-08
  8.240000E+02 -1.608332E-07  1.061755E-04 -3.625773E-07  1.920240E-04 -1.985913E-02  2.038421E-08  2.038858E-08
  8.250000E+02  1.851668E-07  1.061633E-04  1.647588E-07  1.920208E-04 -1.137534E-02  2.038425E-08  2.038588E-08
  8.260000E+02  3.174506E-07  1.065272E-04 -6.436804E-07  1.913848E-04 -1.644268E-02  2.038494E-08  2.038935E-08
  8.270000E+02 -1.644935E-07  1.060995E-04 -4.971572E-07  1.921660E-04 -1.872074E-02  2.038514E-08  2.038896E-08
  8.280000E+02  1.156113E-07  1.062564E-04  2.316235E-07  1.918513E-04 -1.095965E-02  2.038420E-08  2.038595E-08
  8.290000E+02  3.776447E-07  1.064882E-04 -5.554142E-07  1.914559E-04 -1.812557E-02  2.038445E-08  2.038930E-08
  8.300000E+02 -1.455446E-07  1.060515E-04 -6.343248E-07  1.922487E-04 -1.706093E-02  2.038530E-08  2.038849E-08
  8.310000E+02  3.749873E-08  1.063540E-04  2.603781E-07  1.916751E-04 -1.128324E-02  2.038412E-08  2.038623E-08
  8.320000E+02  4.234055E-07  1.064136E-04 -4.376045E-07  1.915895E-04 -1.939582E-02  2.038390E-08  2.038893E-08
  8.330000E+02 -1.028163E-07  1.060411E-04 -7.628348E-07  1.922589E-04 -1.515660E-02  2.038500E-08  2.038760E-08
  8.340000E+02 -4.403448E-08  1.064416E-04  2.442763E-07  1.915231E-04 -1.230534E-02  2.038448E-08  2.038715E-08
  8.350000E+02  4.504772E-07  1.063196E-04 -2.969314E-07  1.917667E-04 -2.002435E-02  2.038448E-08  2.038943E-08
  8.360000E+02 -3.919363E-08  1.060729E-04 -8.716670E-07  1.921985E-04 -1.336616E-02  2.038522E-08  2.038737E-08
  8.370000E+02 -1.244837E-07  1.065024E-04  1.852614E-07  1.914274E-04 -1.386330E-02  2.038551E-08  2.038884E-08
  8.380000E+02  4.555230E-07  1.062244E-04 -1.395918E-07  1.919550E-04 -1.987382E-02  2.038627E-08  2.039087E-08
  8.390000E+02  4.092176E-08  1.061415E-04 -9.503506E-07  1.920794E-04 -1.202851E-02  2.038612E-08  2.038807E-08
  8.400000E+02 -1.988749E-07  1.065225E-04  8.792250E-08  1.914077E-04 -1.567625E-02  2.038672E-08  2.039067E-08
  8.410000E+02  4.387771E-07  1.061416E-04  2.421906E-08  1.921149E-04 -1.897698E-02  2.038771E-08  2.039176E-08
  8.420000E+02  1.295511E-07  1.062335E-04 -9.925297E-07  1.919190E-04 -1.134821E-02  2.038692E-08  2.038893E-08
  8.430000E+02 -2.568156E-07  1.064971E-04 -4.059914E-08  1.914649E-04 -1.742143E-02  2.038737E-08  2.039181E-08
  8.440000E+02  3.982775E-07  1.060856E-04  1.752968E-07  1.922158E-04 -1.748941E-02  2.038820E-08  2.039159E-08
  8.450000E+02  2.207985E-07  1.063316E-04 -9.892176E-07  1.917454E-04 -1.144367E-02  2.038726E-08  2.038960E-08
  8.460000E+02 -2.900761E-07  1.064342E-04 -1.954970E-07  1.915862E-04 -1.878366E-02  2.038773E-08  2.039244E-08
  8.470000E+02  3.332866E-07  1.060687E-04  2.977357E-07  1.922419E-04 -1.572612E-02  2.038832E-08  2.039107E-08
  8.480000E+02  3.126498E-07  1.064153E-04 -9.372085E-07  1.915982E-04 -1.227455E-02  2.038744E-08  2.039028E-08
  8.490000E+02 -3.008604E-07  1.063485E-04 -3.708386E-07  1.917436E-04 -1.949705E-02  2.038778E-08  2.039249E-08
  8.500000E+02  2.504525E-07  1.060922E-04  3.902763E-07  1.921925E-04 -1.405633E-02  2.038811E-08  2.039036E-08
  8.510000E+02  3.986007E-07  1.064688E-04 -8.442968E-07  1.915039E-04 -1.364779E-02  2.038729E-08  2.039071E-08
  8.520000E+02 -2.934593E-07  1.062560E-04 -5.498827E-07  1.919057E-04 -1.944697E-02  2.038727E-08  2.039174E-08
  8.530000E+02  1.600819E-07  1.061484E-04  4.527229E-07  1.920802E-04 -1.276552E-02  2.038735E-08  2.038932E-08
  8.540000E+02  4.670394E-07  1.064846E-04 -7.212582E-07  1.914747E-04 -1.527960E-02  2.038673E-08  2.039070E-08
  8.550000E+02 -2.646855E-07  1.061758E-04 -7.120232E-07  1.920417E-04 -1.869792E-02  2.038661E-08  2.039066E-08
  8.560000E+02  6.611308E-08  1.062222E-04  4.753011E-07  1.919316E-04 -1.210159E-02  2.038590E-08  2.038785E-08
  8.570000E+02  5.140958E-07  1.064625E-04 -5.726949E-07  1.915096E-04 -1.680853E-02  2.038571E-08  2.039009E-08
  8.580000E+02 -2.135225E-07  1.061242E-04 -8.503531E-07  1.921232E-04 -1.748637E-02  2.038580E-08  2.038935E-08
  8.590000E+02 -2.869033E-08  1.062939E-04  4.536039E-07  1.917830E-04 -1.214910E-02  2.038387E-08  2.038603E-08
  8.600000E+02  5.412513E-07  1.064089E-04 -4.054281E-07  1.915914E-04 -1.791682E-02  2.038376E-08  2.038831E-08
  8.610000E+02 -1.457484E-07  1.061072E-04 -9.629057E-07  1.921375E-04 -1.608453E-02  2.038453E-08  2.038761E-08
  8.620000E+02 -1.157280E-07  1.063535E-04  3.918840E-07  1.916624E-04 -1.279278E-02  2.038231E-08  2.038483E-08
  8.630000E+02  5.486032E-07  1.063388E-04 -2.368225E-07  1.917028E-04 -1.847344E-02  2.038198E-08  2.038649E-08
  8.640000E+02 -6.652034E-08  1.061231E-04 -1.045464E-06  1.920954E-04 -1.475305E-02  2.038354E-08  2.038626E-08
  8.650000E+02 -1.919993E-07  1.063981E-04  2.979367E-07  1.915866E-04 -1.381740E-02  2.038250E-08  2.038546E-08
  8.660000E+02  5.367819E-07  1.062711E-04 -7.344711E-08  1.918275E-04 -1.850146E-02  2.038224E-08  2.038652E-08
  8.670000E+02  2.330168E-08  1.061627E-04 -1.098559E-06  1.920208E-04 -1.373210E-02  2.038352E-08  2.038605E-08
  8.680000E+02 -2.581304E-07  1.064226E-04  1.740260E-07  1.915593E-04 -1.498006E-02  2.038394E-08  2.038733E-08
  8.690000E+02  5.088836E-07  1.062174E-04  8.330727E-08  1.919419E-04 -1.808351E-02  2.038425E-08  2.038820E-08
  8.700000E+02  1.174245E-07  1.062133E-04 -1.123028E-06  1.919318E-04 -1.316364E-02  2.038395E-08  2.038646E-08
  8.710000E+02 -3.108614E-07  1.064206E-04  3.000841E-08  1.915739E-04 -1.607318E-02  2.038477E-08  2.038851E-08
  8.720000E+02  4.657998E-07  1.061804E-04  2.261276E-07  1.920212E-04 -1.732616E-02  2.038582E-08  2.038939E-08
  8.730000E+02  2.108034E-07  1.062659E-04 -1.116347E-06  1.918379E-04 -1.305201E-02  2.038409E-08  2.038673E-08
  8.740000E+02 -3.456242E-07  1.063928E-04 -1.278873E-07  1.916222E-04 -1.695986E-02  2.038430E-08  2.038826E-08
  8.750000E+02  4.022056E-07  1.061608E-04  3.503902E-07  1.920553E-04 -1.635404E-02  2.038602E-08  2.038918E-08
  8.760000E+02  3.030803E-07  1.063181E-04 -1.067509E-06  1.917474E-04 -1.333184E-02  2.038441E-08  2.038728E-08
  8.770000E+02 -3.601264E-07  1.063489E-04 -3.009033E-07  1.917006E-04 -1.757935E-02  2.038399E-08  2.038804E-08
  8.780000E+02  3.186841E-07  1.061596E-04  4.509899E-07  1.920499E-04 -1.533749E-02  2.038553E-08  2.038834E-08
  8.790000E+02  3.914833E-07  1.063654E-04 -9.753136E-07  1.916722E-04 -1.391687E-02  2.038532E-08  2.038851E-08
  8.800000E+02 -3.553650E-07  1.062993E-04 -4.826161E-07  1.917995E-04 -1.787728E-02  2.038490E-08  2.038893E-08
  8.810000E+02  2.211934E-07  1.061776E-04  5.248324E-07  1.920147E-04 -1.442391E-02  2.038555E-08  2.038809E-08
  8.820000E+02  4.703366E-07  1.063969E-04 -8.468781E-07  1.916243E-04 -1.474685E-02  2.038601E-08  2.038954E-08
  8.830000E+02 -3.283195E-07  1.062498E-04 -6.642052E-07  1.919008E-04 -1.775811E-02  2.038621E-08  2.039009E-08
  8.840000E+02  1.154778E-07  1.062129E-04  5.609339E-07  1.919497E-04 -1.376468E-02  2.038560E-08  2.038800E-08
  8.850000E+02  5.334103E-07  1.064019E-04 -6.884146E-07  1.916136E-04 -1.570883E-02  2.038555E-08  2.038938E-08
  8.860000E+02 -2.779356E-07  1.062067E-04 -8.340540E-07  1.919794E-04 -1.720838E-02  2.038649E-08  2.039012E-08
  8.870000E+02  9.674327E-09  1.062608E-04  5.502136E-07  1.918602E-04 -1.347697E-02  2.038536E-08  2.038779E-08
  8.880000E+02  5.725776E-07  1.063807E-04 -5.093208E-07  1.916475E-04 -1.660962E-02  2.038479E-08  2.038884E-08
  8.890000E+02 -2.060824E-07  1.061811E-04 -9.742333E-07  1.920211E-04 -1.634166E-02  2.038629E-08  2.038961E-08
  8.900000E+02 -8.892676E-08  1.063136E-04  4.901902E-07  1.917673E-04 -1.363291E-02  2.038556E-08  2.038818E-08
  8.910000E+02  5.813369E-07  1.063429E-04 -3.186836E-07  1.917227E-04 -1.724978E-02  2.038531E-08  2.038941E-08
  8.920000E+02 -1.135845E-07  1.061812E-04 -1.070973E-06  1.920228E-04 -1.539076E-02  2.038679E-08  2.038982E-08
  8.930000E+02 -1.792059E-07  1.063563E-04  3.815631E-07  1.916984E-04 -1.419941E-02  2.038628E-08  2.038918E-08
  8.940000E+02  5.636394E-07  1.062971E-04 -1.221329E-07  1.918176E-04 -1.746163E-02  2.038655E-08  2.039052E-08
  8.950000E+02 -7.379318E-09  1.062047E-04 -1.126277E-06  1.919828E-04 -1.459778E-02  2.038731E-08  2.039018E-08
  8.960000E+02 -2.568760E-07  1.063757E-04  2.346039E-07  1.916698E-04 -1.500638E-02  2.038673E-08  2.038993E-08
  8.970000E+02  5.255280E-07  1.062534E-04  6.654615E-08  1.919028E-04 -1.719796E-02  2.038730E-08  2.039102E-08
  8.980000E+02  1.007411E-07  1.062442E-04 -1.142200E-06  1.919102E-04 -1.414557E-02  2.038731E-08  2.039015E-08
  8.990000E+02 -3.100899E-07  1.063703E-04  6.287247E-08  1.916846E-04 -1.583920E-02  2.038700E-08  2.039045E-08
  9.000000E+02  4.673625E-07  1.062240E-04  2.232402E-07  1.919579E-04 -1.658939E-02  2.038772E-08  2.039112E-08
  9.010000E+02  2.030051E-07  1.062869E-04 -1.112815E-06  1.918305E-04 -1.410897E-02  2.038704E-08  2.039000E-08
  9.020000E+02 -3.331612E-07  1.063464E-04 -1.228803E-07  1.917320E-04 -1.647440E-02  2.038724E-08  2.039083E-08
  9.030000E+02  3.898547E-07  1.062163E-04  3.359138E-07  1.919749E-04 -1.584633E-02  2.038831E-08  2.039140E-08
  9.040000E+02  2.957222E-07  1.063209E-04 -1.036395E-06  1.917696E-04 -1.443929E-02  2.038700E-08  2.039015E-08
  9.050000E+02 -3.303154E-07  1.063110E-04 -3.116231E-07  1.917954E-04 -1.677344E-02  2.038709E-08  2.039070E-08
  9.060000E+02  3.009241E-07  1.062288E-04  4.062818E-07  1.919519E-04 -1.517271E-02  2.038848E-08  2.039134E-08
  9.070000E+02  3.707014E-07  1.063380E-04 -9.218459E-07  1.917394E-04 -1.500319E-02  2.038689E-08  2.039025E-08
  9.080000E+02 -3.055033E-07  1.062740E-04 -4.835167E-07  1.918556E-04 -1.669761E-02  2.038642E-08  2.038993E-08
  9.090000E+02  2.079866E-07  1.062532E-04  4.359386E-07  1.918975E-04 -1.475216E-02  2.038751E-08  2.039028E-08
  9.100000E+02  4.241381E-07  1.063368E-04 -7.808138E-07  1.917409E-04 -1.559198E-02  2.038663E-08  2.039014E-08
  9.110000E+02 -2.613234E-07  1.062471E-04 -6.286927E-07  1.918956E-04 -1.634734E-02  2.038562E-08  2.038897E-08
  9.120000E+02  1.127535E-07  1.062773E-04  4.286411E-07  1.918370E-04 -1.464952E-02  2.038573E-08  2.038851E-08
  9.130000E+02  4.595885E-07  1.063218E-04 -6.197804E-07  1.917596E-04 -1.604573E-02  2.038560E-08  2.038919E-08
  9.140000E+02 -2.035408E-07  1.062361E-04 -7.493647E-07  1.919094E-04 -1.587633E-02  2.038513E-08  2.038832E-08
  9.150000E+02  2.339429E-08  1.062945E-04  3.889845E-07  1.917891E-04 -1.483126E-02  2.038388E-08  2.038676E-08
  9.160000E+02  4.771369E-07  1.062974E-04 -4.552337E-07  1.917862E-04 -1.628755E-02  2.038367E-08  2.038724E-08
  9.170000E+02 -1.381191E-07  1.062402E-04 -8.405999E-07  1.918964E-04 -1.540035E-02  2.038470E-08  2.038777E-08
  9.180000E+02 -5.123874E-08  1.063042E-04  3.213782E-07  1.917616E-04 -1.519231E-02  2.038271E-08  2.038573E-08
  9.190000E+02  4.735852E-07  1.062700E-04 -3.022256E-07  1.918176E-04 -1.630315E-02  2.038175E-08  2.038522E-08
  9.200000E+02 -6.423560E-08  1.062539E-04 -8.966757E-07  1.918627E-04 -1.503657E-02  2.038385E-08  2.038686E-08
  9.210000E+02 -1.109006E-07  1.063075E-04  2.239600E-07  1.917543E-04 -1.559442E-02  2.038245E-08  2.038560E-08
  9.220000E+02  4.511924E-07  1.062484E-04 -1.631809E-07  1.918498E-04 -1.612894E-02  2.038109E-08  2.038442E-08
  9.230000E+02  1.615921E-08  1.062713E-04 -9.204626E-07  1.918219E-04 -1.487774E-02  2.038291E-08  2.038593E-08
  9.240000E+02 -1.584960E-07  1.063060E-04  1.031339E-07  1.917635E-04 -1.592792E-02  2.038302E-08  2.038627E-08
  9.250000E+02  4.175147E-07  1.062386E-04 -3.872797E-08  1.918772E-04 -1.583145E-02  2.038222E-08  2.038539E-08
  9.260000E+02  9.573040E-08  1.062886E-04 -9.208686E-07  1.917884E-04 -1.492890E-02  2.038265E-08  2.038575E-08
  9.270000E+02 -1.924000E-07  1.062970E-04 -2.775113E-08  1.917847E-04 -1.616085E-02  2.038347E-08  2.038677E-08
  9.280000E+02  3.715237E-07  1.062405E-04  6.874814E-08  1.918904E-04 -1.545515E-02  2.038411E-08  2.038711E-08
  9.290000E+02  1.712309E-07  1.063052E-04 -8.930492E-07  1.917644E-04 -1.516463E-02  2.038322E-08  2.038644E-08
  9.300000E+02 -2.086269E-07  1.062803E-04 -1.655803E-07  1.918180E-04 -1.627800E-02  2.038378E-08  2.038708E-08
  9.310000E+02  3.109517E-07  1.062518E-04  1.531787E-07  1.918831E-04 -1.507534E-02  2.038561E-08  2.038848E-08
  9.320000E+02  2.405007E-07  1.063200E-04 -8.305995E-07  1.917529E-04 -1.550146E-02  2.038472E-08  2.038808E-08
  9.330000E+02 -2.060682E-07  1.062621E-04 -3.069620E-07  1.918598E-04 -1.626245E-02  2.038473E-08  2.038798E-08
  9.340000E+02  2.389775E-07  1.062694E-04  2.096161E-07  1.918621E-04 -1.477768E-02  2.038684E-08  2.038963E-08
  9.350000E+02  2.992022E-07  1.063303E-04 -7.361962E-07  1.917552E-04 -1.585979E-02  2.038683E-08  2.039030E-08
  9.360000E+02 -1.825598E-07  1.062461E-04 -4.450313E-07  1.919030E-04 -1.611120E-02  2.038629E-08  2.038947E-08
  9.370000E+02  1.594367E-07  1.062906E-04  2.304307E-07  1.918314E-04 -1.462676E-02  2.038768E-08  2.039046E-08
  9.380000E+02  3.446155E-07  1.063294E-04 -6.152193E-07  1.917696E-04 -1.622569E-02  2.038807E-08  2.039163E-08
  9.390000E+02 -1.394711E-07  1.062342E-04 -5.731515E-07  1.919362E-04 -1.577514E-02  2.038766E-08  2.039071E-08
  9.400000E+02  7.716687E-08  1.063142E-04  2.142349E-07  1.917908E-04 -1.467543E-02  2.038790E-08  2.039074E-08
  9.410000E+02  3.748690E-07  1.063119E-04 -4.757882E-07  1.918000E-04 -1.655379E-02  2.038782E-08  2.039142E-08
  9.420000E+02 -8.285810E-08  1.062305E-04 -6.823799E-07  1.919451E-04 -1.526137E-02  2.038804E-08  2.039095E-08
  9.430000E+02  1.117977E-09  1.063376E-04  1.655406E-07  1.917467E-04 -1.496399E-02  2.038760E-08  2.039059E-08
  9.440000E+02  3.824020E-07  1.062825E-04 -3.294187E-07  1.918467E-04 -1.674694E-02  2.038708E-08  2.039064E-08
  9.450000E+02 -1.632189E-08  1.062392E-04 -7.544435E-07  1.919251E-04 -1.472040E-02  2.038776E-08  2.039054E-08
  9.460000E+02 -6.176312E-08  1.063531E-04  8.564037E-08  1.917151E-04 -1.545661E-02  2.038706E-08  2.039026E-08
  9.470000E+02  3.632957E-07  1.062498E-04 -1.867171E-07  1.919002E-04 -1.668511E-02  2.038653E-08  2.038995E-08
  9.480000E+02  5.830879E-08  1.062617E-04 -7.799027E-07  1.918807E-04 -1.430486E-02  2.038748E-08  2.039022E-08
  9.490000E+02 -1.095601E-07  1.063543E-04 -2.343064E-08  1.917106E-04 -1.605394E-02  2.038662E-08  2.039001E-08
  9.500000E+02  3.224573E-07  1.062215E-04 -5.573251E-08  1.919478E-04 -1.631656E-02  2.038627E-08  2.038946E-08
  9.510000E+02  1.344248E-07  1.062952E-04 -7.629637E-07  1.918166E-04 -1.416292E-02  2.038714E-08  2.038994E-08
  9.520000E+02 -1.363634E-07  1.063376E-04 -1.534478E-07  1.917403E-04 -1.662736E-02  2.038638E-08  2.038993E-08
  9.530000E+02  2.666427E-07  1.062062E-04  4.588020E-08  1.919715E-04 -1.571414E-02  2.038605E-08  2.038898E-08
  9.540000E+02  2.036263E-07  1.063296E-04 -7.100153E-07  1.917493E-04 -1.437629E-02  2.038651E-08  2.038948E-08
  9.550000E+02 -1.382997E-07  1.063061E-04 -2.908464E-07  1.917970E-04 -1.698997E-02  2.038626E-08  2.038985E-08
  9.560000E+02  2.003282E-07  1.062100E-04  1.065078E-07  1.919619E-04 -1.502886E-02  2.038596E-08  2.038867E-08
  9.570000E+02  2.623992E-07  1.063549E-04 -6.270456E-07  1.917007E-04 -1.488937E-02  2.038605E-08  2.038925E-08
  9.580000E+02 -1.176887E-07  1.062686E-04 -4.265804E-07  1.918644E-04 -1.703916E-02  2.038621E-08  2.038974E-08
  9.590000E+02  1.298159E-07  1.062328E-04  1.254199E-07  1.919239E-04 -1.442174E-02  2.038650E-08  2.038905E-08
  9.600000E+02  3.051597E-07  1.063647E-04 -5.219412E-07  1.916840E-04 -1.559132E-02  2.038593E-08  2.038936E-08
  9.610000E+02 -7.980050E-08  1.062333E-04 -5.449204E-07  1.919259E-04 -1.676140E-02  2.038606E-08  2.038942E-08
  9.620000E+02  6.338835E-08  1.062680E-04  1.061198E-07  1.918634E-04 -1.406024E-02  2.038692E-08  2.038945E-08
  9.630000E+02  3.256521E-07  1.063556E-04 -4.059928E-07  1.917013E-04 -1.630701E-02  2.038580E-08  2.038942E-08
  9.640000E+02 -2.667995E-08  1.062075E-04 -6.315469E-07  1.919651E-04 -1.622263E-02  2.038544E-08  2.038859E-08
  9.650000E+02  3.224828E-09  1.063047E-04  5.085228E-08  1.917915E-04 -1.405332E-02  2.038632E-08  2.038894E-08
  9.660000E+02  3.236773E-07  1.063302E-04 -2.834091E-07  1.917451E-04 -1.684212E-02  2.038540E-08  2.038909E-08
  9.670000E+02  3.762813E-08  1.061985E-04 -6.825988E-07  1.919724E-04 -1.555662E-02  2.038471E-08  2.038765E-08
  9.680000E+02 -4.979905E-08  1.063337E-04 -3.300425E-08  1.917280E-04 -1.440201E-02  2.038502E-08  2.038785E-08
  9.690000E+02  3.058155E-07  1.062956E-04 -1.615796E-07  1.918023E-04 -1.708082E-02  2.038477E-08  2.038842E-08
  9.700000E+02  1.032669E-07  1.062081E-04 -7.028654E-07  1.919504E-04 -1.490600E-02  2.038441E-08  2.038719E-08
  9.710000E+02 -9.082725E-08  1.063506E-04 -1.297979E-07  1.916895E-04 -1.498622E-02  2.038400E-08  2.038707E-08
  9.720000E+02  2.747975E-07  1.062594E-04 -5.259836E-08  1.918601E-04 -1.702428E-02  2.038399E-08  2.038750E-08
  9.730000E+02  1.654390E-07  1.062309E-04 -6.937297E-07  1.919072E-04 -1.438896E-02  2.038437E-08  2.038706E-08
  9.740000E+02 -1.148431E-07  1.063552E-04 -2.341808E-07  1.916790E-04 -1.564362E-02  2.038356E-08  2.038687E-08
  9.750000E+02  2.309483E-07  1.062289E-04  3.317569E-08  1.919086E-04 -1.673982E-02  2.038339E-08  2.038671E-08
  9.760000E+02  2.232389E-07  1.062597E-04 -6.550701E-07  1.918533E-04 -1.410461E-02  2.038424E-08  2.038693E-08
  9.770000E+02 -1.222130E-07  1.063497E-04 -3.440198E-07  1.916930E-04 -1.622222E-02  2.038380E-08  2.038730E-08
  9.780000E+02  1.779413E-07  1.062086E-04  9.333627E-08  1.919423E-04 -1.632375E-02  2.038322E-08  2.038634E-08
  9.790000E+02  2.755924E-07  1.062875E-04 -5.933486E-07  1.917998E-04 -1.406968E-02  2.038390E-08  2.038666E-08
  9.800000E+02 -1.151906E-07  1.063355E-04 -4.552283E-07  1.917223E-04 -1.664635E-02  2.038406E-08  2.038767E-08
  9.810000E+02  1.177124E-07  1.062002E-04  1.307555E-07  1.919590E-04 -1.582782E-02  2.038354E-08  2.038646E-08
  9.820000E+02  3.198348E-07  1.063138E-04 -5.101756E-07  1.917532E-04 -1.425822E-02  2.038393E-08  2.038682E-08
  9.830000E+02 -9.333319E-08  1.063135E-04 -5.628307E-07  1.917653E-04 -1.691850E-02  2.038432E-08  2.038798E-08
  9.840000E+02  5.214474E-08  1.062058E-04  1.429325E-07  1.919575E-04 -1.527695E-02  2.038462E-08  2.038736E-08
  9.850000E+02  3.539770E-07  1.063375E-04 -4.076335E-07  1.917193E-04 -1.465944E-02  2.038477E-08  2.038784E-08
  9.860000E+02 -5.897391E-08  1.062863E-04 -6.608336E-07  1.918218E-04 -1.700278E-02  2.038508E-08  2.038871E-08
  9.870000E+02 -1.455563E-08  1.062222E-04  1.309570E-07  1.919373E-04 -1.475737E-02  2.038578E-08  2.038839E-08
  9.880000E+02  3.768494E-07  1.063531E-04 -2.931731E-07  1.917022E-04 -1.518099E-02  2.038578E-08  2.038905E-08
  9.890000E+02 -1.152330E-08  1.062593E-04 -7.473915E-07  1.918774E-04 -1.689570E-02  2.038584E-08  2.038938E-08
  9.900000E+02 -7.847480E-08  1.062433E-04  9.029599E-08  1.919019E-04 -1.438718E-02  2.038618E-08  2.038874E-08
  9.910000E+02  3.843427E-07  1.063578E-04 -1.711434E-07  1.917001E-04 -1.570289E-02  2.038629E-08  2.038972E-08
  9.920000E+02  5.096439E-08  1.062372E-04 -8.159114E-07  1.919219E-04 -1.661999E-02  2.038642E-08  2.038985E-08
  9.930000E+02 -1.361775E-07  1.062706E-04  1.410045E-08  1.918577E-04 -1.420757E-02  2.038677E-08  2.038936E-08
  9.940000E+02  3.732036E-07  1.063520E-04 -4.566397E-08  1.917197E-04 -1.618272E-02  2.038711E-08  2.039066E-08
  9.950000E+02  1.258957E-07  1.062263E-04 -8.576373E-07  1.919547E-04 -1.616366E-02  2.038797E-08  2.039124E-08
  9.960000E+02 -1.843615E-07  1.063031E-04 -9.524352E-08  1.918127E-04 -1.428929E-02  2.038820E-08  2.039090E-08
  9.970000E+02  3.422284E-07  1.063352E-04  7.765976E-08  1.917646E-04 -1.656383E-02  2.038852E-08  2.039210E-08
  9.980000E+02  2.058419E-07  1.062271E-04 -8.637945E-07  1.919658E-04 -1.562137E-02  2.038948E-08  2.039259E-08
  9.990000E+02 -2.181684E-07  1.063295E-04 -2.269651E-07  1.917746E-04 -1.460973E-02  2.038912E-08  2.039202E-08
  1.000000E+03  2.917040E-07  1.063096E-04  1.888193E-07  1.918181E-04 -1.673974E-02  2.038924E-08  2.039278E-08
  1.001000E+03  2.848128E-07  1.062351E-04 -8.298349E-07  1.919496E-04 -1.513377E-02  2.038945E-08  2.039245E-08
  1.002000E+03 -2.347363E-07  1.063424E-04 -3.714761E-07  1.917490E-04 -1.502954E-02  2.038876E-08  2.039185E-08
  1.003000E+03  2.240274E-07  1.062824E-04  2.800135E-07  1.918627E-04 -1.668793E-02  2.038880E-08  2.039223E-08
  1.004000E+03  3.569768E-07  1.062491E-04 -7.555854E-07  1.919146E-04 -1.479037E-02  2.038852E-08  2.039146E-08
  1.005000E+03 -2.304410E-07  1.063436E-04 -5.201593E-07  1.917405E-04 -1.546299E-02  2.038794E-08  2.039121E-08
  1.006000E+03  1.442651E-07  1.062608E-04  3.396247E-07  1.918937E-04 -1.647320E-02  2.038801E-08  2.039130E-08
  1.007000E+03  4.160115E-07  1.062677E-04 -6.458175E-07  1.918717E-04 -1.464683E-02  2.038757E-08  2.039053E-08
  1.008000E+03 -2.024266E-07  1.063338E-04 -6.627535E-07  1.917504E-04 -1.585592E-02  2.038699E-08  2.039040E-08
  1.009000E+03  5.721192E-08  1.062480E-04  3.578120E-07  1.919072E-04 -1.614101E-02  2.038711E-08  2.039025E-08
  1.010000E+03  4.573813E-07  1.062840E-04 -5.062854E-07  1.918303E-04 -1.471683E-02  2.038628E-08  2.038930E-08
  1.011000E+03 -1.516304E-07  1.063157E-04 -7.893427E-07  1.917721E-04 -1.610092E-02  2.038574E-08  2.038921E-08
  1.012000E+03 -3.057249E-08  1.062452E-04  3.308468E-07  1.918998E-04 -1.579009E-02  2.038588E-08  2.038890E-08
  1.013000E+03  4.789436E-07  1.062925E-04 -3.483374E-07  1.918016E-04 -1.492499E-02  2.038480E-08  2.038789E-08
  1.014000E+03 -8.441757E-08  1.062967E-04 -8.901759E-07  1.917936E-04 -1.615795E-02  2.038437E-08  2.038785E-08
  1.015000E+03 -1.104669E-07  1.062497E-04  2.641431E-07  1.918795E-04 -1.552715E-02  2.038468E-08  2.038763E-08
  1.016000E+03  4.797835E-07  1.062946E-04 -1.885142E-07  1.917890E-04 -1.516558E-02  2.038380E-08  2.038696E-08
  1.017000E+03 -6.100565E-09  1.062829E-04 -9.588694E-07  1.918101E-04 -1.609261E-02  2.038349E-08  2.038694E-08
  1.018000E+03 -1.772093E-07  1.062569E-04  1.638738E-07  1.918579E-04 -1.539299E-02  2.038381E-08  2.038675E-08
  1.019000E+03  4.587705E-07  1.062926E-04 -3.642222E-08  1.917881E-04 -1.536303E-02  2.038325E-08  2.038644E-08
  1.020000E+03  7.963188E-08  1.062773E-04 -9.899954E-07  1.918191E-04 -1.596838E-02  2.038341E-08  2.038683E-08
  1.021000E+03 -2.270954E-07  1.062629E-04  3.428205E-08  1.918424E-04 -1.539935E-02  2.038332E-08  2.038629E-08
  1.022000E+03  4.178444E-07  1.062879E-04  9.883532E-08  1.917952E-04 -1.545417E-02  2.038308E-08  2.038626E-08
  1.023000E+03  1.669539E-07  1.062805E-04 -9.824678E-07  1.918188E-04 -1.584288E-02  2.038403E-08  2.038743E-08
  1.024000E+03 -2.600990E-07  1.062652E-04 -1.129480E-07  1.918396E-04 -1.549776E-02  2.038343E-08  2.038646E-08
  1.025000E+03  3.624847E-07  1.062845E-04  2.125178E-07  1.918045E-04 -1.542332E-02  2.038341E-08  2.038654E-08
  1.026000E+03  2.499430E-07  1.062894E-04 -9.422297E-07  1.918124E-04 -1.578717E-02  2.038509E-08  2.038850E-08
  1.027000E+03 -2.762505E-07  1.062640E-04 -2.658895E-07  1.918513E-04 -1.559461E-02  2.038440E-08  2.038748E-08
  1.028000E+03  2.976342E-07  1.062867E-04  3.004573E-07  1.918096E-04 -1.532509E-02  2.038443E-08  2.038750E-08
  1.029000E+03  3.232813E-07  1.062972E-04 -8.746638E-07  1.918078E-04 -1.585766E-02  2.038606E-08  2.038952E-08
  1.030000E+03 -2.744966E-07  1.062607E-04 -4.147580E-07  1.918702E-04 -1.559085E-02  2.038578E-08  2.038886E-08
  1.031000E+03  2.275770E-07  1.062943E-04  3.568718E-07  1.918053E-04 -1.525796E-02  2.038543E-08  2.038847E-08
  1.032000E+03  3.844868E-07  1.062948E-04 -7.862547E-07  1.918115E-04 -1.601293E-02  2.038595E-08  2.038945E-08
  1.033000E+03 -2.580985E-07  1.062559E-04 -5.517755E-07  1.918803E-04 -1.544227E-02  2.038598E-08  2.038903E-08
  1.034000E+03  1.537621E-07  1.063047E-04  3.870751E-07  1.917881E-04 -1.528168E-02  2.038560E-08  2.038865E-08
  1.035000E+03  4.335214E-07  1.062819E-04 -6.798818E-07  1.918264E-04 -1.616532E-02  2.038500E-08  2.038851E-08
  1.036000E+03 -2.282625E-07  1.062536E-04 -6.758337E-07  1.918758E-04 -1.518488E-02  2.038514E-08  2.038813E-08
  1.037000E+03  7.743466E-08  1.063186E-04  3.924255E-07  1.917649E-04 -1.541776E-02  2.038576E-08  2.038888E-08
  1.038000E+03  4.677611E-07  1.062657E-04 -5.558022E-07  1.918551E-04 -1.626285E-02  2.038493E-08  2.038841E-08
  1.039000E+03 -1.844806E-07  1.062582E-04 -7.820944E-07  1.918655E-04 -1.487999E-02  2.038503E-08  2.038797E-08
  1.040000E+03  9.588577E-10  1.063345E-04  3.698795E-07  1.917464E-04 -1.566330E-02  2.038676E-08  2.038999E-08
  1.041000E+03  4.871847E-07  1.062495E-04 -4.187480E-07  1.918958E-04 -1.627810E-02  2.038613E-08  2.038955E-08
  1.042000E+03 -1.276095E-07  1.062709E-04 -8.697819E-07  1.918497E-04 -1.459883E-02  2.038585E-08  2.038877E-08
  1.043000E+03 -7.337116E-08  1.063419E-04  3.191959E-07  1.917386E-04 -1.602745E-02  2.038723E-08  2.039059E-08
  1.044000E+03  4.932284E-07  1.062313E-04 -2.745583E-07  1.919338E-04 -1.612265E-02  2.038673E-08  2.039002E-08
  1.045000E+03 -5.902466E-08  1.062908E-04 -9.406054E-07  1.918172E-04 -1.441864E-02  2.038629E-08  2.038922E-08
  1.046000E+03 -1.412602E-07  1.063346E-04  2.394638E-07  1.917464E-04 -1.646531E-02  2.038652E-08  2.039001E-08
  1.047000E+03  4.837866E-07  1.062148E-04 -1.300622E-07  1.919594E-04 -1.573545E-02  2.038641E-08  2.038952E-08
  1.048000E+03  1.807173E-08  1.063196E-04 -9.875944E-07  1.917694E-04 -1.441077E-02  2.038673E-08  2.038976E-08
  1.049000E+03 -1.973128E-07  1.063165E-04  1.325014E-07  1.917788E-04 -1.689863E-02  2.038634E-08  2.038993E-08
  1.050000E+03  4.555232E-07  1.062063E-04  6.752444E-09  1.919735E-04 -1.517228E-02  2.038645E-08  2.038933E-08
  1.051000E+03  9.971844E-08  1.063561E-04 -1.000656E-06  1.917170E-04 -1.461306E-02  2.038810E-08  2.039132E-08
  1.052000E+03 -2.377438E-07  1.062893E-04  3.030109E-09  1.918378E-04 -1.727041E-02  2.038727E-08  2.039091E-08
  1.053000E+03  4.083209E-07  1.062097E-04  1.283806E-07  1.919723E-04 -1.450058E-02  2.038717E-08  2.038982E-08
  1.054000E+03  1.814710E-07  1.063901E-04 -9.757516E-07  1.916682E-04 -1.507965E-02  2.038928E-08  2.039275E-08
  1.055000E+03 -2.600984E-07  1.062501E-04 -1.421196E-07  1.919146E-04 -1.743639E-02  2.038785E-08  2.039145E-08
  1.056000E+03  3.464721E-07  1.062285E-04  2.262165E-07  1.919402E-04 -1.380596E-02  2.038757E-08  2.039003E-08
  1.057000E+03  2.569464E-07  1.064082E-04 -9.160456E-07  1.916346E-04 -1.583051E-02  2.038894E-08  2.039271E-08
  1.058000E+03 -2.628029E-07  1.062034E-04 -2.914679E-07  1.919949E-04 -1.720568E-02  2.038751E-08  2.039094E-08
  1.059000E+03  2.760968E-07  1.062650E-04  2.918621E-07  1.918677E-04 -1.329339E-02  2.038701E-08  2.038940E-08
  1.060000E+03  3.203633E-07  1.064036E-04 -8.288894E-07  1.916349E-04 -1.674752E-02  2.038777E-08  2.039183E-08
  1.061000E+03 -2.457375E-07  1.061624E-04 -4.334999E-07  1.920603E-04 -1.655490E-02  2.038679E-08  2.038994E-08
  1.062000E+03  2.017719E-07  1.063169E-04  3.211608E-07  1.917702E-04 -1.312417E-02  2.038667E-08  2.038913E-08
  1.063000E+03  3.678255E-07  1.063759E-04 -7.201464E-07  1.916787E-04 -1.766855E-02  2.038680E-08  2.039107E-08
  1.064000E+03 -2.108002E-07  1.061358E-04 -5.587631E-07  1.920988E-04 -1.556833E-02  2.038609E-08  2.038889E-08
  1.065000E+03  1.275592E-07  1.063772E-04  3.144512E-07  1.916635E-04 -1.337489E-02  2.038680E-08  2.038951E-08
  1.066000E+03  3.959923E-07  1.063246E-04 -5.951202E-07  1.917658E-04 -1.842435E-02  2.038596E-08  2.039032E-08
  1.067000E+03 -1.613038E-07  1.061313E-04 -6.577097E-07  1.920956E-04 -1.436170E-02  2.038526E-08  2.038772E-08
  1.068000E+03  5.831275E-08  1.064319E-04  2.742371E-07  1.915653E-04 -1.409980E-02  2.038664E-08  2.038973E-08
  1.069000E+03  4.055612E-07  1.062560E-04 -4.641617E-07  1.918849E-04 -1.876888E-02  2.038532E-08  2.038959E-08
  1.070000E+03 -1.034328E-07  1.061557E-04 -7.264506E-07  1.920396E-04 -1.318211E-02  2.038432E-08  2.038651E-08
  1.071000E+03 -1.196786E-09  1.064651E-04  2.088644E-07  1.915022E-04 -1.524346E-02  2.038592E-08  2.038948E-08
  1.072000E+03  3.987787E-07  1.061821E-04 -3.387788E-07  1.920110E-04 -1.852734E-02  2.038464E-08  2.038862E-08
  1.073000E+03 -4.348926E-08  1.062087E-04 -7.641076E-07  1.919337E-04 -1.229709E-02  2.038348E-08  2.038556E-08
  1.074000E+03 -4.583865E-08  1.064670E-04  1.266066E-07  1.914917E-04 -1.665416E-02  2.038472E-08  2.038875E-08
  1.075000E+03  3.769146E-07  1.061161E-04 -2.303680E-07  1.921191E-04 -1.767981E-02  2.038374E-08  2.038726E-08
  1.076000E+03  1.500885E-08  1.062840E-04 -7.702226E-07  1.917938E-04 -1.187665E-02  2.038317E-08  2.038534E-08
  1.077000E+03 -7.476935E-08  1.064359E-04  3.381135E-08  1.915417E-04 -1.809596E-02  2.038358E-08  2.038800E-08
  1.078000E+03  3.434030E-07  1.060705E-04 -1.435625E-07  1.921911E-04 -1.632401E-02  2.038309E-08  2.038604E-08
  1.079000E+03  7.108657E-08  1.063716E-04 -7.508622E-07  1.916420E-04 -1.203445E-02  2.038379E-08  2.038628E-08
  1.080000E+03 -9.209232E-08  1.063731E-04 -6.405155E-08  1.916549E-04 -1.929180E-02  2.038313E-08  2.038777E-08
  1.081000E+03  3.054142E-07  1.060581E-04 -7.625108E-08  1.922076E-04 -1.464858E-02  2.038299E-08  2.038537E-08
  1.082000E+03  1.203528E-07  1.064548E-04 -7.166773E-07  1.915038E-04 -1.287538E-02  2.038481E-08  2.038781E-08
  1.083000E+03 -9.875345E-08  1.062874E-04 -1.573493E-07  1.918183E-04 -1.992714E-02  2.038382E-08  2.038845E-08
  1.084000E+03  2.676317E-07  1.060864E-04 -3.054039E-08  1.921566E-04 -1.297686E-02  2.038348E-08  2.038540E-08
  1.085000E+03  1.592451E-07  1.065145E-04 -6.740312E-07  1.914097E-04 -1.433427E-02  2.038582E-08  2.038946E-08
  1.086000E+03 -9.507884E-08  1.061930E-04 -2.386443E-07  1.920001E-04 -1.981791E-02  2.038507E-08  2.038942E-08
  1.087000E+03  2.304469E-07  1.061514E-04 -6.109972E-09  1.920429E-04 -1.161680E-02  2.038424E-08  2.038592E-08
  1.088000E+03  1.880134E-07  1.065359E-04 -6.239245E-07  1.913793E-04 -1.616889E-02  2.038611E-08  2.039040E-08
  1.089000E+03 -8.353242E-08  1.061049E-04 -3.063307E-07  1.921636E-04 -1.893759E-02  2.038584E-08  2.038968E-08
  1.090000E+03  1.931522E-07  1.062453E-04  2.596630E-09  1.918810E-04 -1.081309E-02  2.038526E-08  2.038695E-08
  1.091000E+03  2.074969E-07  1.065134E-04 -5.656532E-07  1.914256E-04 -1.807197E-02  2.038607E-08  2.039090E-08
  1.092000E+03 -6.556761E-08  1.060386E-04 -3.608516E-07  1.922806E-04 -1.738790E-02  2.038609E-08  2.038929E-08
  1.093000E+03  1.582501E-07  1.063567E-04 -3.641109E-09  1.916937E-04 -1.074863E-02  2.038673E-08  2.038871E-08
  1.094000E+03  2.181499E-07  1.064499E-04 -5.046345E-07  1.915499E-04 -1.973118E-02  2.038650E-08  2.039168E-08
  1.095000E+03 -4.222113E-08  1.060076E-04 -4.022326E-07  1.923327E-04 -1.538505E-02  2.038631E-08  2.038882E-08
  1.096000E+03  1.280855E-07  1.064670E-04 -2.474608E-08  1.915095E-04 -1.151698E-02  2.038809E-08  2.039063E-08
  1.097000E+03  2.209959E-07  1.063536E-04 -4.464559E-07  1.917355E-04 -2.083904E-02  2.038733E-08  2.039259E-08
  1.098000E+03 -1.445254E-08  1.060195E-04 -4.317095E-07  1.923066E-04 -1.324776E-02  2.038646E-08  2.038836E-08
  1.099000E+03  1.037773E-07  1.065537E-04 -5.974761E-08  1.913615E-04 -1.304516E-02  2.038855E-08  2.039184E-08
  1.100000E+03  2.164992E-07  1.062382E-04 -3.937632E-07  1.919503E-04 -2.112958E-02  2.038789E-08  2.039293E-08
  1.101000E+03  1.530612E-08  1.060770E-04 -4.481342E-07  1.921992E-04 -1.133563E-02  2.038660E-08  2.038808E-08
  1.102000E+03  8.623666E-08  1.066003E-04 -1.045381E-07  1.912809E-04 -1.513160E-02  2.038827E-08  2.039238E-08
  1.103000E+03  2.040388E-07  1.061198E-04 -3.478558E-07  1.921613E-04 -2.048237E-02  2.038784E-08  2.039235E-08
  1.104000E+03  4.464294E-08  1.061780E-04 -4.481958E-07  1.920183E-04 -9.967544E-03  2.038710E-08  2.038846E-08
  1.105000E+03  7.585394E-08  1.065966E-04 -1.546051E-07  1.912911E-04 -1.751890E-02  2.038785E-08  2.039274E-08
  1.106000E+03  1.828311E-07  1.060174E-04 -3.088479E-07  1.923366E-04 -1.891535E-02  2.038739E-08  2.039114E-08
  1.107000E+03  7.182925E-08  1.063104E-04 -4.288404E-07  1.917854E-04 -9.426541E-03  2.038788E-08  2.038946E-08
  1.108000E+03  7.474052E-08  1.065381E-04 -2.082813E-07  1.914009E-04 -1.983246E-02  2.038749E-08  2.039297E-08
  1.109000E+03  1.547526E-07  1.059521E-04 -2.825873E-07  1.924421E-04 -1.660039E-02  2.038683E-08  2.038969E-08
  1.110000E+03  9.282185E-08  1.064501E-04 -3.903793E-07  1.915355E-04 -9.944675E-03  2.038797E-08  2.039014E-08
  1.111000E+03  8.469308E-08  1.064296E-04 -2.589795E-07  1.915992E-04 -2.158120E-02  2.038708E-08  2.039285E-08
  1.112000E+03  1.249216E-07  1.059407E-04 -2.770637E-07  1.924473E-04 -1.391768E-02  2.038603E-08  2.038805E-08
  1.113000E+03  1.042694E-07  1.065703E-04 -3.402304E-07  1.913187E-04 -1.150871E-02  2.038755E-08  2.039058E-08
  1.114000E+03  1.029632E-07  1.062891E-04 -2.976139E-07  1.918533E-04 -2.238002E-02  2.038680E-08  2.039248E-08
  1.115000E+03  9.998609E-08  1.059905E-04 -2.924420E-07  1.923461E-04 -1.135368E-02  2.038554E-08  2.038692E-08
  1.116000E+03  1.036353E-07  1.066477E-04 -2.895819E-07  1.911808E-04 -1.389567E-02  2.038703E-08  2.039107E-08
  1.117000E+03  1.268137E-07  1.061373E-04 -3.167455E-07  1.921210E-04 -2.202098E-02  2.038626E-08  2.039145E-08
  1.118000E+03  8.501514E-08  1.060983E-04 -3.275592E-07  1.921448E-04 -9.361112E-03  2.038534E-08  2.038643E-08
  1.119000E+03  8.779905E-08  1.066634E-04 -2.459499E-07  1.911517E-04 -1.679154E-02  2.038603E-08  2.039105E-08
  1.120000E+03  1.546475E-07  1.059986E-04 -3.087375E-07  1.923551E-04 -2.044632E-02  2.038512E-08  2.038947E-08
  1.121000E+03  8.199263E-08  1.062481E-04 -3.809030E-07  1.918672E-04 -8.345317E-03  2.038480E-08  2.038603E-08
  1.122000E+03  5.895823E-08  1.066110E-04 -2.152010E-07  1.912440E-04 -1.969661E-02  2.038476E-08  2.039058E-08
  1.123000E+03  1.824042E-07  1.059009E-04 -2.745319E-07  1.925102E-04 -1.787702E-02  2.038374E-08  2.038705E-08
  1.124000E+03  8.921568E-08  1.064130E-04 -4.428578E-07  1.915635E-04 -8.548236E-03  2.038411E-08  2.038592E-08
  1.125000E+03  2.479866E-08  1.064984E-04 -2.004892E-07  1.914469E-04 -2.203505E-02  2.038385E-08  2.039012E-08
  1.126000E+03  2.016928E-07  1.058657E-04 -2.223936E-07  1.925530E-04 -1.478424E-02  2.038253E-08  2.038481E-08
  1.127000E+03  1.088040E-07  1.065622E-04 -4.983760E-07  1.912927E-04 -9.992919E-03  2.038355E-08  2.038631E-08
  1.128000E+03 -1.003737E-08  1.063432E-04 -2.100457E-07  1.917266E-04 -2.333501E-02  2.038327E-08  2.038956E-08
  1.129000E+03  2.070860E-07  1.059039E-04 -1.570075E-07  1.924700E-04 -1.170685E-02  2.038193E-08  2.038338E-08
  1.130000E+03  1.421622E-07  1.066695E-04 -5.377537E-07  1.911057E-04 -1.250040E-02  2.038355E-08  2.038746E-08
  1.131000E+03 -4.349511E-08  1.061707E-04 -2.484511E-07  1.920382E-04 -2.332364E-02  2.038329E-08  2.038913E-08
  1.132000E+03  2.004427E-07  1.060130E-04 -8.409290E-08  1.922735E-04 -9.144201E-03  2.038263E-08  2.038358E-08
  1.133000E+03  1.846343E-07  1.067151E-04 -5.607424E-07  1.910384E-04 -1.570826E-02  2.038416E-08  2.038925E-08
  1.134000E+03 -7.173621E-08  1.060092E-04 -3.096333E-07  1.923311E-04 -2.194207E-02  2.038395E-08  2.038894E-08
  1.135000E+03  1.834410E-07  1.061751E-04 -1.279835E-08  1.919914E-04 -7.563038E-03  2.038411E-08  2.038503E-08
  1.136000E+03  2.307551E-07  1.066867E-04 -5.660383E-07  1.911073E-04 -1.906105E-02  2.038490E-08  2.039101E-08
  1.137000E+03 -9.028445E-08  1.058883E-04 -3.864402E-07  1.925475E-04 -1.938880E-02  2.038471E-08  2.038859E-08
  1.138000E+03  1.555181E-07  1.063606E-04  4.836297E-08  1.916682E-04 -7.325428E-03  2.038539E-08  2.038677E-08
  1.139000E+03  2.754822E-07  1.065862E-04 -5.481966E-07  1.913042E-04 -2.191648E-02  2.038548E-08  2.039223E-08
  1.140000E+03 -9.643074E-08  1.058316E-04 -4.710573E-07  1.926438E-04 -1.609548E-02  2.038516E-08  2.038789E-08
  1.141000E+03  1.170897E-07  1.065384E-04  9.359174E-08  1.913600E-04 -8.524612E-03  2.038645E-08  2.038871E-08
  1.142000E+03  3.141436E-07  1.064316E-04 -5.040552E-07  1.915985E-04 -2.375740E-02  2.038638E-08  2.039330E-08
  1.143000E+03 -8.975781E-08  1.058508E-04 -5.544538E-07  1.926045E-04 -1.263300E-02  2.038572E-08  2.038744E-08
  1.144000E+03  6.904738E-08  1.066773E-04  1.212866E-07  1.911241E-04 -1.096004E-02  2.038737E-08  2.039081E-08
  1.145000E+03  3.457814E-07  1.062499E-04 -4.345862E-07  1.919390E-04 -2.425068E-02  2.038751E-08  2.039409E-08
  1.146000E+03 -6.975795E-08  1.059433E-04 -6.351389E-07  1.924373E-04 -9.594071E-03  2.038650E-08  2.038756E-08
  1.147000E+03  1.271976E-08  1.067512E-04  1.292907E-07  1.910026E-04 -1.422504E-02  2.038770E-08  2.039239E-08
  1.148000E+03  3.709539E-07  1.060680E-04 -3.429370E-07  1.922658E-04 -2.328760E-02  2.038772E-08  2.039350E-08
  1.149000E+03 -3.767546E-08  1.060950E-04 -7.131699E-07  1.921620E-04 -7.483172E-03  2.038686E-08  2.038772E-08
  1.150000E+03 -4.638808E-08  1.067464E-04  1.153943E-07  1.910164E-04 -1.782084E-02  2.038707E-08  2.039290E-08
  1.151000E+03  3.884044E-07  1.059149E-04 -2.390944E-07  1.925255E-04 -2.098557E-02  2.038683E-08  2.039147E-08
  1.152000E+03  4.624271E-09  1.062837E-04 -7.844258E-07  1.918185E-04 -6.665752E-03  2.038674E-08  2.038792E-08
  1.153000E+03 -1.032539E-07  1.066654E-04  7.904894E-08  1.911688E-04 -2.115257E-02  2.038655E-08  2.039323E-08
  1.154000E+03  3.955600E-07  1.058182E-04 -1.309489E-07  1.926783E-04 -1.772959E-02  2.038568E-08  2.038905E-08
  1.155000E+03  5.701006E-08  1.064786E-04 -8.436241E-07  1.914661E-04 -7.299311E-03  2.038650E-08  2.038849E-08
  1.156000E+03 -1.567577E-07  1.065217E-04  1.956001E-08  1.914386E-04 -2.363552E-02  2.038668E-08  2.039377E-08
  1.157000E+03  3.900181E-07  1.057983E-04 -1.869552E-08  1.926993E-04 -1.404104E-02  2.038525E-08  2.038742E-08
  1.158000E+03  1.191468E-07  1.066469E-04 -8.856506E-07  1.911671E-04 -9.338196E-03  2.038650E-08  2.038967E-08
  1.159000E+03 -2.051150E-07  1.063347E-04 -6.392597E-08  1.917838E-04 -2.483060E-02  2.038699E-08  2.039398E-08
  1.160000E+03  3.706252E-07  1.058633E-04  9.506671E-08  1.925785E-04 -1.047715E-02  2.038587E-08  2.038712E-08
  1.161000E+03  1.885729E-07  1.067599E-04 -9.060811E-07  1.909731E-04 -1.254924E-02  2.038666E-08  2.039123E-08
  1.162000E+03 -2.457609E-07  1.061308E-04 -1.686571E-07  1.921524E-04 -2.447226E-02  2.038718E-08  2.039353E-08
  1.163000E+03  3.354418E-07  1.060062E-04  2.068436E-07  1.923221E-04 -7.655904E-03  2.038673E-08  2.038749E-08
  1.164000E+03  2.655340E-07  1.067928E-04 -9.012283E-07  1.909246E-04 -1.643676E-02  2.038662E-08  2.039256E-08
  1.165000E+03 -2.765386E-07  1.059441E-04 -2.969722E-07  1.924768E-04 -2.254239E-02  2.038659E-08  2.039187E-08
  1.166000E+03  2.836686E-07  1.062017E-04  3.129846E-07  1.919655E-04 -6.131118E-03  2.038667E-08  2.038750E-08
  1.167000E+03  3.468009E-07  1.067374E-04 -8.667237E-07  1.910347E-04 -2.028216E-02  2.038635E-08  2.039339E-08
  1.168000E+03 -2.945138E-07  1.058107E-04 -4.448928E-07  1.926967E-04 -1.933729E-02  2.038556E-08  2.038953E-08
  1.169000E+03  2.188614E-07  1.064165E-04  4.045518E-07  1.915737E-04 -6.210252E-03  2.038622E-08  2.038770E-08
  1.170000E+03  4.226455E-07  1.066034E-04 -8.013888E-07  1.912875E-04 -2.339852E-02  2.038632E-08  2.039401E-08
  1.171000E+03 -2.925971E-07  1.057597E-04 -5.989365E-07  1.927752E-04 -1.538851E-02  2.038543E-08  2.038809E-08
  1.172000E+03  1.411287E-07  1.066137E-04  4.672062E-07  1.912211E-04 -7.949391E-03  2.038614E-08  2.038876E-08
  1.173000E+03  4.866462E-07  1.064110E-04 -6.999481E-07  1.916436E-04 -2.521153E-02  2.038650E-08  2.039425E-08
  1.174000E+03 -2.642827E-07  1.058022E-04 -7.517662E-07  1.926887E-04 -1.141005E-02  2.038555E-08  2.038713E-08
  1.175000E+03  4.949241E-08  1.067537E-04  4.887118E-07  1.909726E-04 -1.108527E-02  2.038579E-08  2.038979E-08
  1.176000E+03  5.355601E-07  1.061901E-04 -5.576612E-07  1.920365E-04 -2.533525E-02  2.038583E-08  2.039301E-08
  1.177000E+03 -2.118507E-07  1.059298E-04 -8.949143E-07  1.924435E-04 -8.113918E-03  2.038483E-08  2.038577E-08
  1.178000E+03 -4.891801E-08  1.068106E-04  4.675509E-07  1.908708E-04 -1.507355E-02  2.038470E-08  2.039013E-08
  1.179000E+03  5.660080E-07  1.059794E-04 -3.859632E-07  1.923952E-04 -2.372685E-02  2.038418E-08  2.039027E-08
  1.180000E+03 -1.414029E-07  1.061202E-04 -1.016370E-06  1.920824E-04 -6.072997E-03  2.038345E-08  2.038433E-08
  1.181000E+03 -1.448122E-07  1.067746E-04  4.080357E-07  1.909358E-04 -1.919933E-02  2.038334E-08  2.038997E-08
  1.182000E+03  5.736941E-07  1.058207E-04 -1.998470E-07  1.926555E-04 -2.067094E-02  2.038259E-08  2.038727E-08
  1.183000E+03 -5.487986E-08  1.063404E-04 -1.105842E-06  1.916750E-04 -5.685116E-03  2.038246E-08  2.038390E-08
  1.184000E+03 -2.310257E-07  1.066536E-04  3.079359E-07  1.911599E-04 -2.270150E-02  2.038264E-08  2.039005E-08
  1.185000E+03  5.569598E-07  1.057461E-04 -1.229011E-08  1.927723E-04 -1.672164E-02  2.038207E-08  2.038527E-08
  1.186000E+03  4.433666E-08  1.065527E-04 -1.157102E-06  1.912980E-04 -7.048042E-03  2.038281E-08  2.038531E-08
  1.187000E+03 -3.018571E-07  1.064695E-04  1.691691E-07  1.915064E-04 -2.495555E-02  2.038325E-08  2.039087E-08
  1.188000E+03  5.175420E-07  1.057667E-04  1.637650E-07  1.927288E-04 -1.256907E-02  2.038268E-08  2.038459E-08
  1.189000E+03  1.501330E-07  1.067187E-04 -1.168411E-06  1.910147E-04 -9.913990E-03  2.038383E-08  2.038774E-08
  1.190000E+03 -3.528740E-07  1.062539E-04  2.279447E-10  1.919094E-04 -2.558415E-02  2.038446E-08  2.039169E-08
  1.191000E+03  4.579758E-07  1.058755E-04  3.172427E-07  1.925327E-04 -8.942034E-03  2.038367E-08  2.038471E-08
  1.192000E+03  2.555327E-07  1.068066E-04 -1.138894E-06  1.908718E-04 -1.374910E-02  2.038445E-08  2.038983E-08
  1.193000E+03 -3.821318E-07  1.060436E-04 -1.865327E-07  1.922928E-04 -2.447249E-02  2.038531E-08  2.039163E-08
  1.194000E+03  3.828499E-07  1.060535E-04  4.403095E-07  1.922155E-04 -6.478577E-03  2.038471E-08  2.038543E-08
  1.195000E+03  3.530027E-07  1.068034E-04 -1.071327E-06  1.908953E-04 -1.787461E-02  2.038500E-08  2.039167E-08
  1.196000E+03 -3.900628E-07  1.058753E-04 -3.756058E-07  1.925926E-04 -2.183051E-02  2.038595E-08  2.039099E-08
  1.197000E+03  2.972702E-07  1.062719E-04  5.294659E-07  1.918339E-04 -5.580474E-03  2.038624E-08  2.038724E-08
  1.198000E+03  4.370305E-07  1.067155E-04 -9.712529E-07  1.910807E-04 -2.160401E-02  2.038651E-08  2.039409E-08
  1.199000E+03 -3.764313E-07  1.057771E-04 -5.561160E-07  1.927674E-04 -1.816413E-02  2.038700E-08  2.039063E-08
  1.200000E+03  2.033879E-07  1.064923E-04  5.823975E-07  1.914554E-04 -6.346994E-03  2.038811E-08  2.038994E-08
  1.201000E+03  5.062043E-07  1.065595E-04 -8.417865E-07  1.913913E-04 -2.431992E-02  2.038854E-08  2.039652E-08
  1.202000E+03 -3.410485E-07  1.057625E-04 -7.253881E-07  1.927914E-04 -1.411250E-02  2.038806E-08  2.039041E-08
  1.203000E+03  1.027823E-07  1.066738E-04  5.973736E-07  1.911399E-04 -8.638176E-03  2.038885E-08  2.039189E-08
  1.204000E+03  5.592061E-07  1.063583E-04 -6.849741E-07  1.917704E-04 -2.553172E-02  2.038973E-08  2.039750E-08
  1.205000E+03 -2.854644E-07  1.058355E-04 -8.794473E-07  1.926543E-04 -1.034396E-02  2.038858E-08  2.038997E-08
  1.206000E+03  3.093605E-10  1.067867E-04  5.733546E-07  1.909416E-04 -1.209256E-02  2.038853E-08  2.039296E-08
  1.207000E+03  5.932946E-07  1.061434E-04 -5.082276E-07  1.921538E-04 -2.506150E-02  2.038946E-08  2.039645E-08
  1.208000E+03 -2.127634E-07  1.059847E-04 -1.010147E-06  1.923771E-04 -7.454011E-03  2.038847E-08  2.038939E-08
  1.209000E+03 -9.881111E-08  1.068166E-04  5.120721E-07  1.908933E-04 -1.614664E-02  2.038790E-08  2.039367E-08
  1.210000E+03  6.056032E-07  1.059494E-04 -3.195833E-07  1.924840E-04 -2.302357E-02  2.038816E-08  2.039393E-08
  1.211000E+03 -1.244572E-07  1.061846E-04 -1.110432E-06  1.920057E-04 -5.893422E-03  2.038770E-08  2.038871E-08
  1.212000E+03 -1.910457E-07  1.067585E-04  4.135407E-07  1.910031E-04 -2.011362E-02  2.038709E-08  2.039394E-08
  1.213000E+03  5.954318E-07  1.058112E-04 -1.255424E-07  1.927085E-04 -1.972662E-02  2.038674E-08  2.039106E-08
  1.214000E+03 -2.460620E-08  1.064026E-04 -1.175423E-06  1.916016E-04 -5.977194E-03  2.038656E-08  2.038825E-08
  1.215000E+03 -2.719128E-07  1.066202E-04  2.820851E-07  1.912595E-04 -2.328872E-02  2.038659E-08  2.039406E-08
  1.216000E+03  5.633557E-07  1.057585E-04  6.439723E-08  1.927848E-04 -1.570014E-02  2.038613E-08  2.038900E-08
  1.217000E+03  8.215288E-08  1.066013E-04 -1.202308E-06  1.912403E-04 -7.765940E-03  2.038585E-08  2.038870E-08
  1.218000E+03 -3.358555E-07  1.064232E-04  1.222683E-07  1.916205E-04 -2.510546E-02  2.038644E-08  2.039393E-08
  1.219000E+03  5.080506E-07  1.058016E-04  2.402028E-07  1.926933E-04 -1.166226E-02  2.038587E-08  2.038753E-08
  1.220000E+03  1.933386E-07  1.067421E-04 -1.186304E-06  1.909876E-04 -1.095834E-02  2.038519E-08  2.038946E-08
  1.221000E+03 -3.777116E-07  1.061997E-04 -6.534014E-08  1.920164E-04 -2.522558E-02  2.038560E-08  2.039254E-08
  1.222000E+03  4.320657E-07  1.059287E-04  3.893201E-07  1.924450E-04 -8.340286E-03  2.038475E-08  2.038567E-08
  1.223000E+03  3.016490E-07  1.067996E-04 -1.126286E-06  1.908852E-04 -1.494000E-02  2.038418E-08  2.038988E-08
  1.224000E+03 -3.942467E-07  1.059916E-04 -2.688346E-07  1.923748E-04 -2.362533E-02  2.038443E-08  2.039031E-08
  1.225000E+03  3.408042E-07  1.061182E-04  5.006268E-07  1.920886E-04 -6.314099E-03  2.038369E-08  2.038447E-08
  1.226000E+03  3.987953E-07  1.067666E-04 -1.026018E-06  1.909520E-04 -1.900775E-02  2.038361E-08  2.039049E-08
  1.227000E+03 -3.832852E-07  1.058402E-04 -4.734212E-07  1.926352E-04 -2.060816E-02  2.038421E-08  2.038875E-08
  1.228000E+03  2.382529E-07  1.063378E-04  5.663404E-07  1.916949E-04 -5.953199E-03  2.038405E-08  2.038529E-08
  1.229000E+03  4.770739E-07  1.066496E-04 -8.869221E-07  1.911801E-04 -2.243212E-02  2.038416E-08  2.039176E-08
  1.230000E+03 -3.435508E-07  1.057720E-04 -6.647118E-07  1.927502E-04 -1.675048E-02  2.038472E-08  2.038786E-08
  1.231000E+03  1.291275E-07  1.065449E-04  5.798617E-07  1.913334E-04 -7.326914E-03  2.038505E-08  2.038727E-08
  1.232000E+03  5.313228E-07  1.064672E-04 -7.140567E-07  1.915238E-04 -2.458041E-02  2.038485E-08  2.039256E-08
  1.233000E+03 -2.782209E-07  1.057947E-04 -8.296154E-07  1.926968E-04 -1.274068E-02  2.038463E-08  2.038658E-08
  1.234000E+03  1.984019E-08  1.066988E-04  5.420892E-07  1.910625E-04 -1.016390E-02  2.038507E-08  2.038858E-08
  1.235000E+03  5.586653E-07  1.062545E-04 -5.178454E-07  1.919117E-04 -2.506381E-02  2.038508E-08  2.039229E-08
  1.236000E+03 -1.917422E-07  1.059012E-04 -9.585467E-07  1.924890E-04 -9.323782E-03  2.038394E-08  2.038511E-08
  1.237000E+03 -8.209558E-08  1.067723E-04  4.555302E-07  1.909307E-04 -1.389025E-02  2.038413E-08  2.038898E-08
  1.238000E+03  5.591824E-07  1.060540E-04 -3.134556E-07  1.922676E-04 -2.385354E-02  2.038496E-08  2.039115E-08
  1.239000E+03 -9.160097E-08  1.060726E-04 -1.045264E-06  1.921732E-04 -7.118190E-03  2.038378E-08  2.038474E-08
  1.240000E+03 -1.690813E-07  1.067567E-04  3.287264E-07  1.909651E-04 -1.778809E-02  2.038357E-08  2.038956E-08
  1.241000E+03  5.347772E-07  1.059016E-04 -1.177839E-07  1.925317E-04 -2.123270E-02  2.038483E-08  2.038969E-08
  1.242000E+03  1.371422E-08  1.062776E-04 -1.086328E-06  1.918100E-04 -6.462676E-03  2.038468E-08  2.038598E-08
  1.243000E+03 -2.355115E-07  1.066616E-04  1.739393E-07  1.911547E-04 -2.117572E-02  2.038429E-08  2.039104E-08
  1.244000E+03  4.874256E-07  1.058204E-04  5.621534E-08  1.926687E-04 -1.773183E-02  2.038507E-08  2.038851E-08
  1.245000E+03  1.170697E-07  1.064768E-04 -1.079606E-06  1.914629E-04 -7.395144E-03  2.038579E-08  2.038793E-08
  1.246000E+03 -2.772445E-07  1.065089E-04  1.959684E-09  1.914545E-04 -2.347367E-02  2.038600E-08  2.039301E-08
  1.247000E+03  4.201087E-07  1.058197E-04  1.976690E-07  1.926631E-04 -1.402914E-02  2.038555E-08  2.038775E-08
  1.248000E+03  2.128427E-07  1.066319E-04 -1.026279E-06  1.911909E-04 -9.670084E-03  2.038609E-08  2.038935E-08
  1.249000E+03 -2.944093E-07  1.063257E-04 -1.758033E-07  1.917996E-04 -2.432424E-02  2.038721E-08  2.039396E-08
  1.250000E+03  3.385469E-07  1.058962E-04  3.019423E-07  1.925193E-04 -1.076390E-02  2.038589E-08  2.038720E-08
  1.251000E+03  2.974185E-07  1.067202E-04 -9.347473E-07  1.910367E-04 -1.283826E-02  2.038580E-08  2.039027E-08
  1.252000E+03 -2.895088E-07  1.061424E-04 -3.499447E-07  1.921314E-04 -2.367211E-02  2.038757E-08  2.039359E-08
  1.253000E+03  2.498091E-07  1.060365E-04  3.680167E-07  1.922675E-04 -8.406996E-03  2.038665E-08  2.038754E-08
  1.254000E+03  3.668692E-07  1.067354E-04 -8.158554E-07  1.910215E-04 -1.637706E-02  2.038602E-08  2.039161E-08
  1.255000E+03 -2.630530E-07  1.059855E-04 -5.121353E-07  1.924065E-04 -2.171295E-02  2.038749E-08  2.039245E-08
  1.256000E+03  1.577735E-07  1.062165E-04  3.935988E-07  1.919484E-04 -7.267407E-03  2.038755E-08  2.038853E-08
  1.257000E+03  4.197017E-07  1.066794E-04 -6.761187E-07  1.911441E-04 -1.970717E-02  2.038718E-08  2.039361E-08
  1.258000E+03 -2.159427E-07  1.058818E-04 -6.586045E-07  1.925873E-04 -1.879567E-02  2.038789E-08  2.039165E-08
  1.259000E+03  6.546348E-08  1.064040E-04  3.779120E-07  1.916162E-04 -7.541416E-03  2.038814E-08  2.038970E-08
  1.260000E+03  4.550188E-07  1.065611E-04 -5.208450E-07  1.913811E-04 -2.224861E-02  2.038874E-08  2.039558E-08
  1.261000E+03 -1.519614E-07  1.058505E-04 -7.843122E-07  1.926410E-04 -1.542105E-02  2.038872E-08  2.039134E-08
  1.262000E+03 -2.227588E-08  1.065657E-04  3.244136E-07  1.913311E-04 -9.180609E-03  2.038847E-08  2.039098E-08
  1.263000E+03  4.707183E-07  1.063975E-04 -3.579715E-07  1.916887E-04 -2.358785E-02  2.038953E-08  2.039630E-08
  1.264000E+03 -7.420652E-08  1.058952E-04 -8.823841E-07  1.925543E-04 -1.214743E-02  2.038908E-08  2.039080E-08
  1.265000E+03 -1.007564E-07  1.066750E-04  2.353167E-07  1.911387E-04 -1.189686E-02  2.038828E-08  2.039192E-08
  1.266000E+03  4.624247E-07  1.062143E-04 -1.931751E-07  1.920144E-04 -2.352037E-02  2.038904E-08  2.039522E-08
  1.267000E+03  1.504186E-08  1.060057E-04 -9.420770E-07  1.923384E-04 -9.530096E-03  2.038805E-08  2.038926E-08
  1.268000E+03 -1.656276E-07  1.067126E-04  1.114807E-07  1.910695E-04 -1.519800E-02  2.038717E-08  2.039195E-08
  1.269000E+03  4.280173E-07  1.060459E-04 -3.338322E-08  1.923007E-04 -2.204776E-02  2.038775E-08  2.039295E-08
  1.270000E+03  1.107360E-07  1.061641E-04 -9.548111E-07  1.920352E-04 -8.029926E-03  2.038659E-08  2.038778E-08
  1.271000E+03 -2.137790E-07  1.066746E-04 -3.961239E-08  1.911392E-04 -1.849424E-02  2.038622E-08  2.039192E-08
  1.272000E+03  3.701287E-07  1.059284E-04  1.129014E-07  1.924981E-04 -1.945522E-02  2.038716E-08  2.039114E-08
  1.273000E+03  2.075038E-07  1.063420E-04 -9.212801E-07  1.917094E-04 -7.935871E-03  2.038612E-08  2.038778E-08
  1.274000E+03 -2.413322E-07  1.065689E-04 -2.104864E-07  1.913375E-04 -2.116851E-02  2.038607E-08  2.039232E-08
  1.275000E+03  2.935393E-07  1.058824E-04  2.337951E-07  1.925689E-04 -1.627016E-02  2.038696E-08  2.038975E-08
  1.276000E+03  2.976880E-07  1.065029E-04 -8.445384E-07  1.914215E-04 -9.252533E-03  2.038608E-08  2.038858E-08
  1.277000E+03 -2.439774E-07  1.064134E-04 -3.894415E-07  1.916219E-04 -2.270743E-02  2.038589E-08  2.039219E-08
  1.278000E+03  2.035617E-07  1.059110E-04  3.160927E-07  1.924974E-04 -1.309918E-02  2.038584E-08  2.038765E-08
  1.279000E+03  3.744519E-07  1.066139E-04 -7.294122E-07  1.912188E-04 -1.168039E-02  2.038520E-08  2.038876E-08
  1.280000E+03 -2.190856E-07  1.062398E-04 -5.649895E-07  1.919301E-04 -2.283166E-02  2.038531E-08  2.039117E-08
  1.281000E+03  1.043664E-07  1.060059E-04  3.509432E-07  1.923040E-04 -1.053888E-02  2.038423E-08  2.038546E-08
  1.282000E+03  4.316963E-07  1.066559E-04 -5.790633E-07  1.911374E-04 -1.471460E-02  2.038373E-08  2.038833E-08
  1.283000E+03 -1.668197E-07  1.060848E-04 -7.247350E-07  1.921995E-04 -2.159283E-02  2.038470E-08  2.038975E-08
  1.284000E+03  2.560410E-09  1.061484E-04  3.330210E-07  1.920354E-04 -9.053865E-03  2.038342E-08  2.038454E-08
  1.285000E+03  4.637344E-07  1.066250E-04 -4.019028E-07  1.911926E-04 -1.774895E-02  2.038270E-08  2.038811E-08
  1.286000E+03 -9.274270E-08  1.059779E-04 -8.524913E-07  1.923803E-04 -1.931401E-02  2.038426E-08  2.038829E-08
  1.287000E+03 -9.190828E-08  1.063084E-04  2.649936E-07  1.917497E-04 -8.860089E-03  2.038380E-08  2.038528E-08
  1.288000E+03  4.683352E-07  1.065354E-04 -2.160114E-07  1.913656E-04 -2.018794E-02  2.038305E-08  2.038891E-08
  1.289000E+03 -3.914756E-09  1.059338E-04 -9.377349E-07  1.924500E-04 -1.652832E-02  2.038417E-08  2.038720E-08
  1.290000E+03 -1.708357E-07  1.064530E-04  1.540286E-07  1.914991E-04 -9.884905E-03  2.038465E-08  2.038684E-08
  1.291000E+03  4.447592E-07  1.064094E-04 -3.724178E-08  1.916108E-04 -2.161743E-02  2.038443E-08  2.039033E-08
  1.292000E+03  9.520817E-08  1.059536E-04 -9.751676E-07  1.924076E-04 -1.380259E-02  2.038434E-08  2.038657E-08
  1.293000E+03 -2.292944E-07  1.065536E-04  4.864086E-09  1.913232E-04 -1.185241E-02  2.038473E-08  2.038781E-08
  1.294000E+03  3.955110E-07  1.062713E-04  1.223619E-07  1.918712E-04 -2.185018E-02  2.038553E-08  2.039104E-08
  1.295000E+03  1.992072E-07  1.060288E-04 -9.651855E-07  1.922682E-04 -1.160462E-02  2.038459E-08  2.038633E-08
  1.296000E+03 -2.669503E-07  1.065971E-04 -1.718969E-07  1.912480E-04 -1.432689E-02  2.038439E-08  2.038836E-08
  1.297000E+03  3.266689E-07  1.061449E-04  2.569280E-07  1.920991E-04 -2.097786E-02  2.038585E-08  2.039067E-08
  1.298000E+03  2.992114E-07  1.061431E-04 -9.124132E-07  1.920659E-04 -1.021628E-02  2.038540E-08  2.038701E-08
  1.299000E+03 -2.805707E-07  1.065874E-04 -3.611945E-07  1.912793E-04 -1.683365E-02  2.038508E-08  2.038981E-08
  1.300000E+03  2.422995E-07  1.060515E-04  3.564811E-07  1.922695E-04 -1.927739E-02  2.038667E-08  2.039063E-08
  1.301000E+03  3.858767E-07  1.062763E-04 -8.170276E-07  1.918408E-04 -9.805168E-03  2.038715E-08  2.038898E-08
  1.302000E+03 -2.673468E-07  1.065335E-04 -5.466559E-07  1.914061E-04 -1.895754E-02  2.038750E-08  2.039275E-08
  1.303000E+03  1.460295E-07  1.060035E-04  4.122746E-07  1.923638E-04 -1.711827E-02  2.038826E-08  2.039135E-08
  1.304000E+03  4.554983E-07  1.064019E-04 -6.831466E-07  1.916299E-04 -1.038582E-02  2.038869E-08  2.039102E-08
  1.305000E+03 -2.305936E-07  1.064441E-04 -7.180003E-07  1.915945E-04 -2.037867E-02  2.038987E-08  2.039533E-08
  1.306000E+03  4.358490E-08  1.060049E-04  4.260705E-07  1.923680E-04 -1.486257E-02  2.038971E-08  2.039205E-08
  1.307000E+03  5.066101E-07  1.064968E-04 -5.210217E-07  1.914648E-04 -1.180876E-02  2.038896E-08  2.039198E-08
  1.308000E+03 -1.757278E-07  1.063302E-04 -8.676472E-07  1.918063E-04 -2.089593E-02  2.039035E-08  2.039567E-08
  1.309000E+03 -5.783903E-08  1.060517E-04  4.025973E-07  1.922773E-04 -1.284930E-02  2.038966E-08  2.039147E-08
  1.310000E+03  5.361918E-07  1.065481E-04 -3.425272E-07  1.913687E-04 -1.378239E-02  2.038803E-08  2.039179E-08
  1.311000E+03 -1.039262E-07  1.062114E-04 -9.885208E-07  1.920078E-04 -2.047464E-02  2.038915E-08  2.039403E-08
  1.312000E+03 -1.526642E-07  1.061363E-04  3.394470E-07  1.921099E-04 -1.139634E-02  2.038850E-08  2.039008E-08
  1.313000E+03  5.424002E-07  1.065543E-04 -1.572948E-07  1.913584E-04 -1.594484E-02  2.038746E-08  2.039188E-08
  1.314000E+03 -1.597087E-08  1.061124E-04 -1.076248E-06  1.921738E-04 -1.924132E-02  2.038825E-08  2.039250E-08
  1.315000E+03 -2.376238E-07  1.062448E-04  2.353964E-07  1.919041E-04 -1.074544E-02  2.038764E-08  2.038932E-08
  1.316000E+03  5.254506E-07  1.065169E-04  2.792655E-08  1.914345E-04 -1.794535E-02  2.038772E-08  2.039262E-08
  1.317000E+03  8.496776E-08  1.060513E-04 -1.128549E-06  1.922796E-04 -1.742554E-02  2.038840E-08  2.039193E-08
  1.318000E+03 -3.085776E-07  1.063572E-04  9.327386E-08  1.916992E-04 -1.099605E-02  2.038735E-08  2.038944E-08
  1.319000E+03  4.855387E-07  1.064389E-04  2.046504E-07  1.915823E-04 -1.943538E-02  2.038796E-08  2.039308E-08
  1.320000E+03  1.941361E-07  1.060384E-04 -1.141751E-06  1.922978E-04 -1.536152E-02  2.038853E-08  2.039140E-08
  1.321000E+03 -3.606519E-07  1.064493E-04 -8.153841E-08  1.915321E-04 -1.210333E-02  2.038696E-08  2.038969E-08
  1.322000E+03  4.215839E-07  1.063322E-04  3.640078E-07  1.917710E-04 -2.010663E-02  2.038731E-08  2.039230E-08
  1.323000E+03  3.061304E-07  1.060734E-04 -1.109058E-06  1.922186E-04 -1.345027E-02  2.038744E-08  2.038982E-08
  1.324000E+03 -3.897726E-07  1.065017E-04 -2.816677E-07  1.914320E-04 -1.382986E-02  2.038588E-08  2.038933E-08
  1.325000E+03  3.334686E-07  1.062209E-04  4.979125E-07  1.919599E-04 -1.981969E-02  2.038614E-08  2.039069E-08
  1.326000E+03  4.153655E-07  1.061480E-04 -1.025455E-06  1.920636E-04 -1.208853E-02  2.038568E-08  2.038786E-08
  1.327000E+03 -3.934207E-07  1.065069E-04 -4.980461E-07  1.914184E-04 -1.578969E-02  2.038484E-08  2.038895E-08
  1.328000E+03  2.250162E-07  1.061325E-04  5.980319E-07  1.921099E-04 -1.869050E-02  2.038554E-08  2.038945E-08
  1.329000E+03  5.155509E-07  1.062472E-04 -8.932437E-07  1.918759E-04 -1.154039E-02  2.038492E-08  2.038720E-08
  1.330000E+03 -3.702900E-07  1.064678E-04 -7.191513E-07  1.914937E-04 -1.757553E-02  2.038477E-08  2.038938E-08
  1.331000E+03  1.031931E-07  1.060847E-04  6.557807E-07  1.921936E-04 -1.701733E-02  2.038585E-08  2.038906E-08
  1.332000E+03  5.984170E-07  1.063472E-04 -7.193472E-07  1.916991E-04 -1.186329E-02  2.038523E-08  2.038789E-08
  1.333000E+03 -3.202622E-07  1.063946E-04 -9.284667E-07  1.916350E-04 -1.881117E-02  2.038532E-08  2.039016E-08
  1.334000E+03 -2.218518E-08  1.060816E-04  6.625237E-07  1.921947E-04 -1.521507E-02  2.038596E-08  2.038857E-08
  1.335000E+03  6.549998E-07  1.064225E-04 -5.158197E-07  1.915660E-04 -1.291431E-02  2.038523E-08  2.038841E-08
  1.336000E+03 -2.431459E-07  1.063034E-04 -1.108144E-06  1.918013E-04 -1.924430E-02  2.038536E-08  2.039013E-08
  1.337000E+03 -1.444183E-07  1.061196E-04  6.121436E-07  1.921143E-04 -1.368786E-02  2.038518E-08  2.038740E-08
  1.338000E+03  6.795192E-07  1.064552E-04 -2.911796E-07  1.914998E-04 -1.442854E-02  2.038402E-08  2.038775E-08
  1.339000E+03 -1.404834E-07  1.062164E-04 -1.245249E-06  1.919492E-04 -1.881176E-02  2.038455E-08  2.038897E-08
  1.340000E+03 -2.586349E-07  1.061872E-04  5.035714E-07  1.919779E-04 -1.274797E-02  2.038394E-08  2.038605E-08
  1.341000E+03  6.728574E-07  1.064458E-04 -5.597010E-08  1.915108E-04 -1.601142E-02  2.038290E-08  2.038706E-08
  1.342000E+03 -2.116648E-08  1.061547E-04 -1.333947E-06  1.920504E-04 -1.774121E-02  2.038384E-08  2.038779E-08
  1.343000E+03 -3.562683E-07  1.062674E-04  3.473454E-07  1.918303E-04 -1.249830E-02  2.038371E-08  2.038597E-08
  1.344000E+03  6.361497E-07  1.064075E-04  1.716228E-07  1.915876E-04 -1.731110E-02  2.038331E-08  2.038771E-08
  1.345000E+03  1.048896E-07  1.061283E-04 -1.368035E-06  1.920975E-04 -1.639700E-02  2.038425E-08  2.038772E-08
  1.346000E+03 -4.286630E-07  1.063409E-04  1.559841E-07  1.917064E-04 -1.288361E-02  2.038454E-08  2.038715E-08
  1.347000E+03  5.707700E-07  1.063536E-04  3.730315E-07  1.917039E-04 -1.808206E-02  2.038507E-08  2.038950E-08
  1.348000E+03  2.325662E-07  1.061377E-04 -1.345896E-06  1.920898E-04 -1.511074E-02  2.038566E-08  2.038875E-08
  1.349000E+03 -4.742750E-07  1.063914E-04 -6.154805E-08  1.916261E-04 -1.377146E-02  2.038543E-08  2.038848E-08
  1.350000E+03  4.811413E-07  1.062936E-04  5.413691E-07  1.918276E-04 -1.823171E-02  2.038665E-08  2.039090E-08
  1.351000E+03  3.568634E-07  1.061741E-04 -1.272139E-06  1.920329E-04 -1.409669E-02  2.038690E-08  2.038977E-08
  1.352000E+03 -4.934646E-07  1.064120E-04 -2.948959E-07  1.915961E-04 -1.490293E-02  2.038586E-08  2.038934E-08
  1.353000E+03  3.754550E-07  1.062383E-04  6.703514E-07  1.919322E-04 -1.783429E-02  2.038732E-08  2.039123E-08
  1.354000E+03  4.693052E-07  1.062262E-04 -1.155973E-06  1.919441E-04 -1.348278E-02  2.038764E-08  2.039045E-08
  1.355000E+03 -4.848779E-07  1.064076E-04 -5.281858E-07  1.916144E-04 -1.600123E-02  2.038662E-08  2.039047E-08
  1.356000E+03  2.599845E-07  1.061984E-04  7.518904E-07  1.920062E-04 -1.708929E-02  2.038779E-08  2.039130E-08
  1.357000E+03  5.622266E-07  1.062841E-04 -1.003444E-06  1.918464E-04 -1.331850E-02  2.038841E-08  2.039132E-08
  1.358000E+03 -4.484502E-07  1.063862E-04 -7.460710E-07  1.916725E-04 -1.687956E-02  2.038840E-08  2.039249E-08
  1.359000E+03  1.387956E-07  1.061796E-04  7.823773E-07  1.920484E-04 -1.617925E-02  2.038896E-08  2.039209E-08
  1.360000E+03  6.333953E-07  1.063372E-04 -8.208142E-07  1.917571E-04 -1.359982E-02  2.038903E-08  2.039216E-08
  1.361000E+03 -3.874022E-07  1.063493E-04 -9.413100E-07  1.917564E-04 -1.742981E-02  2.039006E-08  2.039424E-08
  1.362000E+03  1.484134E-08  1.061831E-04  7.657576E-07  1.920510E-04 -1.522621E-02  2.039021E-08  2.039302E-08
  1.363000E+03  6.826314E-07  1.063756E-04 -6.138625E-07  1.916885E-04 -1.426792E-02  2.038891E-08  2.039233E-08
  1.364000E+03 -3.066791E-07  1.062999E-04 -1.109310E-06  1.918484E-04 -1.758359E-02  2.039031E-08  2.039444E-08
  1.365000E+03 -1.065238E-07  1.062073E-04  7.073873E-07  1.920079E-04 -1.437669E-02  2.039053E-08  2.039311E-08
  1.366000E+03  7.084517E-07  1.063934E-04 -3.920794E-07  1.916534E-04 -1.516856E-02  2.038831E-08  2.039203E-08
  1.367000E+03 -2.099189E-07  1.062479E-04 -1.243980E-06  1.919321E-04 -1.733180E-02  2.038932E-08  2.039328E-08
  1.368000E+03 -2.197650E-07  1.062472E-04  6.098408E-07  1.919271E-04 -1.381041E-02  2.038978E-08  2.039230E-08
  1.369000E+03  7.095809E-07  1.063886E-04 -1.654960E-07  1.916596E-04 -1.610553E-02  2.038775E-08  2.039172E-08
  1.370000E+03 -1.007358E-07  1.062053E-04 -1.339663E-06  1.919958E-04 -1.670358E-02  2.038814E-08  2.039182E-08
  1.371000E+03 -3.187209E-07  1.062970E-04  4.751095E-07  1.918258E-04 -1.365643E-02  2.038861E-08  2.039124E-08
  1.372000E+03  6.848079E-07  1.063625E-04  5.454357E-08  1.917080E-04 -1.691542E-02  2.038763E-08  2.039175E-08
  1.373000E+03  1.754223E-08  1.061837E-04 -1.391079E-06  1.920281E-04 -1.580371E-02  2.038772E-08  2.039109E-08
  1.374000E+03 -3.984709E-07  1.063462E-04  3.056706E-07  1.917272E-04 -1.399148E-02  2.038747E-08  2.039036E-08
  1.375000E+03  6.337877E-07  1.063171E-04  2.584467E-07  1.917908E-04 -1.741894E-02  2.038755E-08  2.039165E-08
  1.376000E+03  1.422506E-07  1.061894E-04 -1.395254E-06  1.920134E-04 -1.482237E-02  2.038755E-08  2.039065E-08
  1.377000E+03 -4.561565E-07  1.063795E-04  1.044326E-07  1.916568E-04 -1.475677E-02  2.038614E-08  2.038940E-08
  1.378000E+03  5.579007E-07  1.062605E-04  4.392882E-07  1.918853E-04 -1.745272E-02  2.038672E-08  2.039063E-08
  1.379000E+03  2.681963E-07  1.062207E-04 -1.350521E-06  1.919471E-04 -1.402009E-02  2.038675E-08  2.038970E-08
  1.380000E+03 -4.889790E-07  1.063853E-04 -1.205638E-07  1.916339E-04 -1.575167E-02  2.038451E-08  2.038815E-08
  1.381000E+03  4.608880E-07  1.062064E-04  5.882439E-07  1.919639E-04 -1.697326E-02  2.038486E-08  2.038844E-08
  1.382000E+03  3.873928E-07  1.062699E-04 -1.257562E-06  1.918417E-04 -1.363176E-02  2.038510E-08  2.038808E-08
  1.383000E+03 -4.939579E-07  1.063622E-04 -3.558204E-07  1.916655E-04 -1.671880E-02  2.038312E-08  2.038704E-08
  1.384000E+03  3.483726E-07  1.061730E-04  6.945135E-07  1.920082E-04 -1.606709E-02  2.038346E-08  2.038662E-08
  1.385000E+03  4.915227E-07  1.063263E-04 -1.120561E-06  1.917297E-04 -1.379111E-02  2.038397E-08  2.038717E-08
  1.386000E+03 -4.702560E-07  1.063186E-04 -5.853402E-07  1.917471E-04 -1.740521E-02  2.038319E-08  2.038725E-08
  1.387000E+03  2.262882E-07  1.061718E-04  7.513383E-07  1.920083E-04 -1.499577E-02  2.038357E-08  2.038635E-08
  1.388000E+03  5.737923E-07  1.063732E-04 -9.456294E-07  1.916466E-04 -1.446384E-02  2.038393E-08  2.038746E-08
  1.389000E+03 -4.194750E-07  1.062657E-04 -7.941015E-07  1.918544E-04 -1.761400E-02  2.038439E-08  2.038839E-08
  1.390000E+03  1.030651E-07  1.062012E-04  7.547239E-07  1.919616E-04 -1.407763E-02  2.038454E-08  2.038708E-08
  1.391000E+03  6.279244E-07  1.063947E-04 -7.443357E-07  1.916143E-04 -1.544785E-02  2.038432E-08  2.038818E-08
  1.392000E+03 -3.443724E-07  1.062158E-04 -9.671316E-07  1.919531E-04 -1.728196E-02  2.038541E-08  2.038919E-08
  1.393000E+03 -1.472891E-08  1.062518E-04  7.045921E-07  1.918778E-04 -1.354620E-02  2.038548E-08  2.038796E-08
  1.394000E+03  6.535795E-07  1.063854E-04 -5.295873E-07  1.916369E-04 -1.648355E-02  2.038459E-08  2.038871E-08
  1.395000E+03 -2.506127E-07  1.061810E-04 -1.098902E-06  1.920179E-04 -1.649234E-02  2.038587E-08  2.038933E-08
  1.396000E+03 -1.214347E-07  1.063106E-04  6.074835E-07  1.917780E-04 -1.352437E-02  2.038617E-08  2.038878E-08
  1.397000E+03  6.524280E-07  1.063500E-04 -3.141848E-07  1.917070E-04 -1.731775E-02  2.038499E-08  2.038922E-08
  1.398000E+03 -1.472585E-07  1.061704E-04 -1.185015E-06  1.920365E-04 -1.546407E-02  2.038616E-08  2.038928E-08
  1.399000E+03 -2.095375E-07  1.063622E-04  4.751791E-07  1.916912E-04 -1.398826E-02  2.038670E-08  2.038959E-08
  1.400000E+03  6.275686E-07  1.063010E-04 -1.158799E-07  1.918045E-04 -1.773469E-02  2.038580E-08  2.038996E-08
  1.401000E+03 -4.311933E-08  1.061864E-04 -1.224160E-06  1.920086E-04 -1.449112E-02  2.038657E-08  2.038943E-08
  1.402000E+03 -2.748488E-07  1.063938E-04  3.217978E-07  1.916403E-04 -1.480066E-02  2.038709E-08  2.039032E-08
  1.403000E+03  5.822641E-07  1.062513E-04  5.411943E-08  1.919035E-04 -1.764375E-02  2.038682E-08  2.039075E-08
  1.404000E+03  5.811035E-08  1.062247E-04 -1.219733E-06  1.919444E-04 -1.380525E-02  2.038730E-08  2.039004E-08
  1.405000E+03 -3.175698E-07  1.063994E-04  1.549353E-07  1.916340E-04 -1.578544E-02  2.038720E-08  2.039075E-08
  1.406000E+03  5.196840E-07  1.062100E-04  1.935058E-07  1.919844E-04 -1.707567E-02  2.038769E-08  2.039126E-08
  1.407000E+03  1.542889E-07  1.062755E-04 -1.176271E-06  1.918572E-04 -1.352181E-02  2.038786E-08  2.039064E-08
  1.408000E+03 -3.403477E-07  1.063797E-04 -1.884023E-08  1.916702E-04 -1.672482E-02  2.038698E-08  2.039077E-08
  1.409000E+03  4.460722E-07  1.061851E-04  3.022564E-07  1.920298E-04 -1.620238E-02  2.038803E-08  2.039120E-08
  1.410000E+03  2.408483E-07  1.063266E-04 -1.102411E-06  1.917690E-04 -1.365094E-02  2.038826E-08  2.039121E-08
  1.411000E+03 -3.440911E-07  1.063433E-04 -1.895720E-07  1.917376E-04 -1.740557E-02  2.038691E-08  2.039083E-08
  1.412000E+03  3.667248E-07  1.061810E-04  3.776658E-07  1.920355E-04 -1.525939E-02  2.038814E-08  2.039097E-08
  1.413000E+03  3.140833E-07  1.063690E-04 -1.005627E-06  1.916973E-04 -1.414868E-02  2.038862E-08  2.039182E-08
  1.414000E+03 -3.288766E-07  1.062979E-04 -3.497493E-07  1.918249E-04 -1.769113E-02  2.038739E-08  2.039129E-08
  1.415000E+03  2.838494E-07  1.061978E-04  4.179993E-07  1.920045E-04 -1.440830E-02  2.038834E-08  2.039090E-08
  1.416000E+03  3.720790E-07  1.063965E-04 -8.887142E-07  1.916519E-04 -1.493951E-02  2.038881E-08  2.039231E-08
  1.417000E+03 -2.967333E-07  1.062504E-04 -4.937882E-07  1.919189E-04 -1.754302E-02  2.038833E-08  2.039206E-08
  1.418000E+03  2.002771E-07  1.062315E-04  4.249120E-07  1.919436E-04 -1.376185E-02  2.038853E-08  2.039095E-08
  1.419000E+03  4.148904E-07  1.064039E-04 -7.574101E-07  1.916377E-04 -1.589152E-02  2.038842E-08  2.039222E-08
  1.420000E+03 -2.510207E-07  1.062087E-04 -6.189249E-07  1.919990E-04 -1.703013E-02  2.038901E-08  2.039247E-08
  1.421000E+03  1.187008E-07  1.062767E-04  4.028501E-07  1.918625E-04 -1.342684E-02  2.038867E-08  2.039108E-08
  1.422000E+03  4.425766E-07  1.063887E-04 -6.171763E-07  1.916608E-04 -1.681633E-02  2.038766E-08  2.039169E-08
  1.423000E+03 -1.954491E-07  1.061790E-04 -7.221037E-07  1.920472E-04 -1.625849E-02  2.038869E-08  2.039184E-08
  1.424000E+03  4.225931E-08  1.063263E-04  3.565844E-07  1.917722E-04 -1.346777E-02  2.038859E-08  2.039113E-08
  1.425000E+03  4.544665E-07  1.063535E-04 -4.737454E-07  1.917198E-04 -1.754694E-02  2.038694E-08  2.039108E-08
  1.426000E+03 -1.326678E-07  1.061656E-04 -7.997094E-07  1.920585E-04 -1.532879E-02  2.038761E-08  2.039045E-08
  1.427000E+03 -2.488958E-08  1.063729E-04  2.878807E-07  1.916839E-04 -1.390073E-02  2.038801E-08  2.039082E-08
  1.428000E+03  4.501545E-07  1.063022E-04 -3.351256E-07  1.918064E-04 -1.797263E-02  2.038615E-08  2.039025E-08
  1.429000E+03 -6.600035E-08  1.061724E-04 -8.480836E-07  1.920306E-04 -1.434398E-02  2.038624E-08  2.038882E-08
  1.430000E+03 -7.831916E-08  1.064059E-04  1.996304E-07  1.916119E-04 -1.471247E-02  2.038644E-08  2.038960E-08
  1.431000E+03  4.289061E-07  1.062424E-04 -2.095834E-07  1.919060E-04 -1.795762E-02  2.038526E-08  2.038917E-08
  1.432000E+03  1.800320E-09  1.062029E-04 -8.633949E-07  1.919600E-04 -1.351401E-02  2.038485E-08  2.038727E-08
  1.433000E+03 -1.148730E-07  1.064146E-04  9.466444E-08  1.915793E-04 -1.578455E-02  2.038430E-08  2.038784E-08
  1.434000E+03  3.912053E-07  1.061862E-04 -1.038754E-07  1.919948E-04 -1.744409E-02  2.038410E-08  2.038765E-08
  1.435000E+03  6.865890E-08  1.062553E-04 -8.448401E-07  1.918559E-04 -1.304317E-02  2.038397E-08  2.038640E-08
  1.436000E+03 -1.340812E-07  1.063963E-04 -2.324881E-08  1.916019E-04 -1.690664E-02  2.038282E-08  2.038669E-08
  1.437000E+03  3.418436E-07  1.061469E-04 -2.304548E-08  1.920556E-04 -1.650018E-02  2.038333E-08  2.038645E-08
  1.438000E+03  1.293732E-07  1.063200E-04 -7.975970E-07  1.917393E-04 -1.307148E-02  2.038397E-08  2.038658E-08
  1.439000E+03 -1.369677E-07  1.063547E-04 -1.427801E-07  1.916806E-04 -1.781976E-02  2.038290E-08  2.038694E-08
  1.440000E+03  2.878642E-07  1.061361E-04  2.893789E-08  1.920749E-04 -1.531030E-02  2.038369E-08  2.038638E-08
  1.441000E+03  1.777915E-07  1.063798E-04 -7.305547E-07  1.916372E-04 -1.366081E-02  2.038442E-08  2.038737E-08
  1.442000E+03 -1.246144E-07  1.062955E-04 -2.506420E-07  1.917970E-04 -1.827540E-02  2.038376E-08  2.038779E-08
  1.443000E+03  2.352189E-07  1.061570E-04  4.915677E-08  1.920411E-04 -1.413322E-02  2.038447E-08  2.038682E-08
  1.444000E+03  2.094041E-07  1.064178E-04 -6.518148E-07  1.915738E-04 -1.470255E-02  2.038466E-08  2.038802E-08
  1.445000E+03 -9.956082E-08  1.062314E-04 -3.356004E-07  1.919200E-04 -1.814450E-02  2.038458E-08  2.038839E-08
  1.446000E+03  1.879514E-07  1.062051E-04  3.925416E-08  1.919588E-04 -1.324608E-02  2.038522E-08  2.038740E-08
  1.447000E+03  2.235485E-07  1.064260E-04 -5.689358E-07  1.915672E-04 -1.591998E-02  2.038515E-08  2.038890E-08
  1.448000E+03 -6.514659E-08  1.061795E-04 -3.934662E-07  1.920196E-04 -1.748234E-02  2.038543E-08  2.038889E-08
  1.449000E+03  1.476218E-07  1.062705E-04  4.606204E-09  1.918503E-04 -1.287331E-02  2.038633E-08  2.038855E-08
  1.450000E+03  2.224747E-07  1.064068E-04 -4.869778E-07  1.916194E-04 -1.703773E-02  2.038666E-08  2.039066E-08
  1.451000E+03 -2.650707E-08  1.061510E-04 -4.243674E-07  1.920808E-04 -1.646112E-02  2.038680E-08  2.038985E-08
  1.452000E+03  1.167693E-07  1.063374E-04 -4.664053E-08  1.917419E-04 -1.306326E-02  2.038760E-08  2.039005E-08
  1.453000E+03  2.106084E-07  1.063640E-04 -4.148297E-07  1.917112E-04 -1.786652E-02  2.038792E-08  2.039203E-08
  1.454000E+03  9.070323E-09  1.061484E-04 -4.309620E-07  1.920938E-04 -1.527394E-02  2.038807E-08  2.039072E-08
  1.455000E+03  9.861452E-08  1.063893E-04 -1.025979E-07  1.916542E-04 -1.373194E-02  2.038803E-08  2.039083E-08
  1.456000E+03  1.927585E-07  1.063050E-04 -3.630771E-07  1.918176E-04 -1.823769E-02  2.038778E-08  2.039183E-08
  1.457000E+03  3.653289E-08  1.061712E-04 -4.185902E-07  1.920535E-04 -1.416448E-02  2.038851E-08  2.039087E-08
  1.458000E+03  9.369539E-08  1.064184E-04 -1.535732E-07  1.916041E-04 -1.471308E-02  2.038800E-08  2.039120E-08
  1.459000E+03  1.712618E-07  1.062438E-04 -3.348005E-07  1.919221E-04 -1.807972E-02  2.038720E-08  2.039102E-08
  1.460000E+03  5.611610E-08  1.062164E-04 -3.921490E-07  1.919700E-04 -1.337605E-02  2.038853E-08  2.039076E-08
  1.461000E+03  9.878082E-08  1.064241E-04 -1.972751E-07  1.916018E-04 -1.582252E-02  2.038849E-08  2.039205E-08
  1.462000E+03  1.486305E-07  1.061949E-04 -3.256566E-07  1.920117E-04 -1.745014E-02  2.038755E-08  2.039102E-08
  1.463000E+03  6.790909E-08  1.062732E-04 -3.567629E-07  1.918679E-04 -1.304235E-02  2.038868E-08  2.039096E-08
  1.464000E+03  1.097577E-07  1.064070E-04 -2.303638E-07  1.916416E-04 -1.685793E-02  2.038912E-08  2.039296E-08
  1.465000E+03  1.304541E-07  1.061671E-04 -3.321626E-07  1.920704E-04 -1.650791E-02  2.038877E-08  2.039185E-08
  1.466000E+03  7.205527E-08  1.063290E-04 -3.237861E-07  1.917697E-04 -1.318936E-02  2.038890E-08  2.039138E-08
  1.467000E+03  1.229452E-07  1.063694E-04 -2.499780E-07  1.917135E-04 -1.760860E-02  2.038929E-08  2.039326E-08
  1.468000E+03  1.189916E-07  1.061640E-04 -3.488549E-07  1.920826E-04 -1.545966E-02  2.038982E-08  2.039255E-08
  1.469000E+03  6.839287E-08  1.063740E-04 -2.976197E-07  1.916926E-04 -1.376151E-02  2.038917E-08  2.039194E-08
  1.470000E+03  1.377970E-07  1.063174E-04 -2.553255E-07  1.918048E-04 -1.794492E-02  2.038891E-08  2.039285E-08
  1.471000E+03  1.135483E-07  1.061819E-04 -3.740415E-07  1.920473E-04 -1.448871E-02  2.038982E-08  2.039229E-08
  1.472000E+03  5.758489E-08  1.064027E-04 -2.774348E-07  1.916420E-04 -1.463022E-02  2.038905E-08  2.039216E-08
  1.473000E+03  1.532995E-07  1.062598E-04 -2.468712E-07  1.919004E-04 -1.785954E-02  2.038805E-08  2.039180E-08
  1.474000E+03  1.120613E-07  1.062147E-04 -4.039203E-07  1.919745E-04 -1.372749E-02  2.038858E-08  2.039092E-08
  1.475000E+03  4.289770E-08  1.064107E-04 -2.618809E-07  1.916211E-04 -1.562908E-02  2.038803E-08  2.039149E-08
  1.476000E+03  1.676953E-07  1.062074E-04 -2.296750E-07  1.919827E-04 -1.738430E-02  2.038691E-08  2.039037E-08
  1.477000E+03  1.144510E-07  1.062592E-04 -4.348921E-07  1.918784E-04 -1.329953E-02  2.038704E-08  2.038938E-08
  1.478000E+03  2.501192E-08  1.063958E-04 -2.513802E-07  1.916373E-04 -1.661244E-02  2.038660E-08  2.039033E-08
  1.479000E+03  1.794968E-07  1.061702E-04 -2.038319E-07  1.920376E-04 -1.658025E-02  2.038588E-08  2.038899E-08
  1.480000E+03  1.227209E-07  1.063119E-04 -4.656818E-07  1.917749E-04 -1.328872E-02  2.038615E-08  2.038866E-08
  1.481000E+03  4.569960E-09  1.063606E-04 -2.505083E-07  1.916941E-04 -1.744494E-02  2.038560E-08  2.038950E-08
  1.482000E+03  1.867216E-07  1.061544E-04 -1.689367E-07  1.920582E-04 -1.555795E-02  2.038535E-08  2.038811E-08
  1.483000E+03  1.388706E-07  1.063628E-04 -4.940168E-07  1.916798E-04 -1.371759E-02  2.038568E-08  2.038849E-08
  1.484000E+03 -1.806120E-08  1.063101E-04 -2.635974E-07  1.917821E-04 -1.795520E-02  2.038510E-08  2.038903E-08
  1.485000E+03  1.877582E-07  1.061633E-04 -1.243479E-07  1.920361E-04 -1.451874E-02  2.038503E-08  2.038749E-08
  1.486000E+03  1.636421E-07  1.063979E-04 -5.172935E-07  1.916119E-04 -1.452642E-02  2.038495E-08  2.038813E-08
  1.487000E+03 -4.222036E-08  1.062521E-04 -2.927039E-07  1.918808E-04 -1.799296E-02  2.038443E-08  2.038823E-08
  1.488000E+03  1.813212E-07  1.061968E-04 -7.029460E-08  1.919707E-04 -1.366132E-02  2.038477E-08  2.038705E-08
  1.489000E+03  1.961810E-07  1.064095E-04 -5.321982E-07  1.915865E-04 -1.557765E-02  2.038416E-08  2.038772E-08
  1.490000E+03 -6.513367E-08  1.061972E-04 -3.384845E-07  1.919711E-04 -1.753106E-02  2.038367E-08  2.038718E-08
  1.491000E+03  1.650835E-07  1.062506E-04 -1.035949E-08  1.918728E-04 -1.314983E-02  2.038484E-08  2.038710E-08
  1.492000E+03  2.344170E-07  1.063970E-04 -5.322832E-07  1.916136E-04 -1.665931E-02  2.038429E-08  2.038817E-08
  1.493000E+03 -8.103132E-08  1.061604E-04 -4.017152E-07  1.920355E-04 -1.667896E-02  2.038372E-08  2.038687E-08
  1.494000E+03  1.377935E-07  1.063116E-04  4.493418E-08  1.917667E-04 -1.313861E-02  2.038526E-08  2.038768E-08
  1.495000E+03  2.744065E-07  1.063641E-04 -5.116600E-07  1.916882E-04 -1.748613E-02  2.038563E-08  2.038968E-08
  1.496000E+03 -8.465585E-08  1.061511E-04 -4.789701E-07  1.920587E-04 -1.565435E-02  2.038474E-08  2.038755E-08
  1.497000E+03  9.907755E-08  1.063632E-04  8.534164E-08  1.916787E-04 -1.364650E-02  2.038567E-08  2.038838E-08
  1.498000E+03  3.120285E-07  1.063164E-04 -4.660515E-07  1.917870E-04 -1.788256E-02  2.038685E-08  2.039089E-08
  1.499000E+03 -7.263685E-08  1.061701E-04 -5.648517E-07  1.920355E-04 -1.464895E-02  2.038624E-08  2.038880E-08
  1.500000E+03  4.895781E-08  1.063947E-04  1.040714E-07  1.916277E-04 -1.453341E-02  2.038602E-08  2.038909E-08
  1.501000E+03  3.443892E-07  1.062635E-04 -3.930266E-07  1.918862E-04 -1.780299E-02  2.038726E-08  2.039112E-08
  1.502000E+03 -4.450879E-08  1.062123E-04 -6.539437E-07  1.919715E-04 -1.386062E-02  2.038779E-08  2.039022E-08
  1.503000E+03 -9.165899E-09  1.064036E-04  9.727915E-08  1.916249E-04 -1.556183E-02  2.038711E-08  2.039051E-08
  1.504000E+03  3.685045E-07  1.062165E-04 -2.968637E-07  1.919697E-04 -1.731228E-02  2.038729E-08  2.039086E-08
  1.505000E+03 -4.226140E-09  1.062679E-04 -7.368663E-07  1.918820E-04 -1.344179E-02  2.038905E-08  2.039153E-08
  1.506000E+03 -6.867805E-08  1.063928E-04  6.725108E-08  1.916655E-04 -1.652867E-02  2.038904E-08  2.039270E-08
  1.507000E+03  3.802546E-07  1.061858E-04 -1.873316E-07  1.920287E-04 -1.653301E-02  2.038794E-08  2.039116E-08
  1.508000E+03  4.628277E-08  1.063230E-04 -8.036911E-07  1.917882E-04 -1.347304E-02  2.038964E-08  2.039231E-08
  1.509000E+03 -1.232047E-07  1.063639E-04  1.240871E-08  1.917337E-04 -1.726246E-02  2.039051E-08  2.039432E-08
  1.510000E+03  3.744067E-07  1.061780E-04 -7.276100E-08  1.920526E-04 -1.559340E-02  2.038928E-08  2.039216E-08
  1.511000E+03  1.045514E-07  1.063666E-04 -8.417932E-07  1.917105E-04 -1.394081E-02  2.038961E-08  2.039258E-08
  1.512000E+03 -1.683916E-07  1.063195E-04 -6.601708E-08  1.918161E-04 -1.762922E-02  2.039062E-08  2.039443E-08
  1.513000E+03  3.512352E-07  1.061939E-04  3.786349E-08  1.920309E-04 -1.466695E-02  2.039031E-08  2.039292E-08
  1.514000E+03  1.677051E-07  1.063918E-04 -8.492643E-07  1.916635E-04 -1.473466E-02  2.038922E-08  2.039253E-08
  1.515000E+03 -2.026124E-07  1.062678E-04 -1.636413E-07  1.918985E-04 -1.757515E-02  2.038949E-08  2.039316E-08
  1.516000E+03  3.125595E-07  1.062278E-04  1.397173E-07  1.919677E-04 -1.393991E-02  2.039032E-08  2.039278E-08
  1.517000E+03  2.333824E-07  1.063981E-04 -8.277401E-07  1.916532E-04 -1.565393E-02  2.038904E-08  2.039266E-08
  1.518000E+03 -2.227748E-07  1.062214E-04 -2.783646E-07  1.919683E-04 -1.716887E-02  2.038814E-08  2.039158E-08
  1.519000E+03  2.626251E-07  1.062702E-04  2.229546E-07  1.918828E-04 -1.354323E-02  2.038956E-08  2.039199E-08
  1.520000E+03  2.961046E-07  1.063869E-04 -7.810640E-07  1.916756E-04 -1.650061E-02  2.038901E-08  2.039288E-08
  1.521000E+03 -2.267085E-07  1.061907E-04 -4.010345E-07  1.920162E-04 -1.650510E-02  2.038755E-08  2.039073E-08
  1.522000E+03  2.054579E-07  1.063126E-04  2.797697E-07  1.917958E-04 -1.355614E-02  2.038843E-08  2.039098E-08
  1.523000E+03  3.502874E-07  1.063583E-04 -7.125481E-07  1.917257E-04 -1.712107E-02  2.038864E-08  2.039263E-08
  1.524000E+03 -2.129294E-07  1.061798E-04 -5.216998E-07  1.920315E-04 -1.568133E-02  2.038735E-08  2.039026E-08
  1.525000E+03  1.427128E-07  1.063500E-04  3.057646E-07  1.917200E-04 -1.395591E-02  2.038744E-08  2.039021E-08
  1.526000E+03  3.934850E-07  1.063163E-04 -6.234251E-07  1.917951E-04 -1.746752E-02  2.038783E-08  2.039182E-08
  1.527000E+03 -1.834672E-07  1.061876E-04 -6.337091E-07  1.920105E-04 -1.484149E-02  2.038690E-08  2.038960E-08
  1.528000E+03  7.615704E-08  1.063762E-04  3.035058E-07  1.916655E-04 -1.463156E-02  2.038647E-08  2.038952E-08
  1.529000E+03  4.255240E-07  1.062692E-04 -5.170981E-07  1.918699E-04 -1.750185E-02  2.038673E-08  2.039059E-08
  1.530000E+03 -1.425186E-07  1.062130E-04 -7.331237E-07  1.919582E-04 -1.414612E-02  2.038641E-08  2.038898E-08
  1.531000E+03  7.815258E-09  1.063864E-04  2.796938E-07  1.916440E-04 -1.544587E-02  2.038588E-08  2.038921E-08
  1.532000E+03  4.455108E-07  1.062261E-04 -3.968705E-07  1.919378E-04 -1.719750E-02  2.038579E-08  2.038943E-08
  1.533000E+03 -9.227062E-08  1.062532E-04 -8.162763E-07  1.918846E-04 -1.371724E-02  2.038644E-08  2.038901E-08
  1.534000E+03 -5.769655E-08  1.063793E-04  2.347744E-07  1.916605E-04 -1.628535E-02  2.038601E-08  2.038958E-08
  1.535000E+03  4.515892E-07  1.061925E-04 -2.704299E-07  1.919916E-04 -1.658124E-02  2.038526E-08  2.038859E-08
  1.536000E+03 -3.328851E-08  1.063016E-04 -8.789538E-07  1.917984E-04 -1.362245E-02  2.038658E-08  2.038928E-08
  1.537000E+03 -1.169952E-07  1.063551E-04  1.669885E-07  1.917109E-04 -1.702918E-02  2.038647E-08  2.039020E-08
  1.538000E+03  4.429700E-07  1.061741E-04 -1.438993E-07  1.920198E-04 -1.575666E-02  2.038499E-08  2.038799E-08
  1.539000E+03  3.310752E-08  1.063466E-04 -9.184406E-07  1.917137E-04 -1.390143E-02  2.038614E-08  2.038908E-08
  1.540000E+03 -1.680006E-07  1.063167E-04  7.720945E-08  1.917840E-04 -1.750663E-02  2.038671E-08  2.039050E-08
  1.541000E+03  4.200858E-07  1.061785E-04 -2.182887E-08  1.920104E-04 -1.489574E-02  2.038512E-08  2.038784E-08
  1.542000E+03  1.042153E-07  1.063768E-04 -9.332945E-07  1.916530E-04 -1.454338E-02  2.038528E-08  2.038854E-08
  1.543000E+03 -2.088900E-07  1.062704E-04 -3.069245E-08  1.918642E-04 -1.757371E-02  2.038635E-08  2.039004E-08
  1.544000E+03  3.828986E-07  1.062068E-04  9.215161E-08  1.919611E-04 -1.417335E-02  2.038553E-08  2.038807E-08
  1.545000E+03  1.781365E-07  1.063865E-04 -9.218144E-07  1.916329E-04 -1.541661E-02  2.038474E-08  2.038831E-08
  1.546000E+03 -2.371112E-07  1.062249E-04 -1.550863E-07  1.919358E-04 -1.722938E-02  2.038533E-08  2.038881E-08
  1.547000E+03  3.311625E-07  1.062519E-04  1.931240E-07  1.918825E-04 -1.371597E-02  2.038597E-08  2.038846E-08
  1.548000E+03  2.511315E-07  1.063767E-04 -8.803070E-07  1.916559E-04 -1.631651E-02  2.038502E-08  2.038885E-08
  1.549000E+03 -2.495167E-07  1.061891E-04 -2.911504E-07  1.919882E-04 -1.657122E-02  2.038427E-08  2.038747E-08
  1.550000E+03  2.675402E-07  1.063014E-04  2.724853E-07  1.917906E-04 -1.362714E-02  2.038573E-08  2.038831E-08
  1.551000E+03  3.167091E-07  1.063509E-04 -8.085692E-07  1.917119E-04 -1.703436E-02  2.038577E-08  2.038975E-08
  1.552000E+03 -2.423374E-07  1.061745E-04 -4.290662E-07  1.920116E-04 -1.574274E-02  2.038420E-08  2.038712E-08
  1.553000E+03  1.939704E-07  1.063442E-04  3.210032E-07  1.917110E-04 -1.395108E-02  2.038536E-08  2.038815E-08
  1.554000E+03  3.707678E-07  1.063153E-04 -7.069871E-07  1.917880E-04 -1.740705E-02  2.038691E-08  2.039089E-08
  1.555000E+03 -2.132999E-07  1.061873E-04 -5.625365E-07  1.920002E-04 -1.493366E-02  2.038570E-08  2.038841E-08
  1.556000E+03  1.150168E-07  1.063718E-04  3.302051E-07  1.916690E-04 -1.460458E-02  2.038600E-08  2.038904E-08
  1.557000E+03  4.099451E-07  1.062775E-04 -5.818549E-07  1.918671E-04 -1.738499E-02  2.038807E-08  2.039191E-08
  1.558000E+03 -1.648332E-07  1.062224E-04 -6.827271E-07  1.919588E-04 -1.430133E-02  2.038823E-08  2.039085E-08
  1.559000E+03  3.707599E-08  1.063829E-04  2.994987E-07  1.916694E-04 -1.541174E-02  2.038792E-08  2.039121E-08
  1.560000E+03  4.318053E-07  1.062428E-04 -4.439416E-07  1.919372E-04 -1.703973E-02  2.038899E-08  2.039259E-08
  1.561000E+03 -1.013946E-07  1.062659E-04 -7.809298E-07  1.918969E-04 -1.393413E-02  2.039011E-08  2.039274E-08
  1.562000E+03 -3.504251E-08  1.063781E-04  2.337261E-07  1.916993E-04 -1.617387E-02  2.038994E-08  2.039343E-08
  1.563000E+03  4.337082E-07  1.062174E-04 -3.006530E-07  1.919869E-04 -1.648909E-02  2.038958E-08  2.039290E-08
  1.564000E+03 -2.893851E-08  1.063073E-04 -8.467449E-07  1.918291E-04 -1.386890E-02  2.039088E-08  2.039363E-08
  1.565000E+03 -9.548148E-08  1.063605E-04  1.398410E-07  1.917458E-04 -1.675947E-02  2.039131E-08  2.039493E-08
  1.566000E+03  4.153355E-07  1.062066E-04 -1.634863E-07  1.920103E-04 -1.584483E-02  2.039021E-08  2.039327E-08
  1.567000E+03  4.500461E-08  1.063410E-04 -8.730900E-07  1.917688E-04 -1.411698E-02  2.039086E-08  2.039379E-08
  1.568000E+03 -1.404159E-07  1.063309E-04  2.970244E-08  1.918025E-04 -1.709677E-02  2.039156E-08  2.039519E-08
  1.569000E+03  3.779412E-07  1.062104E-04 -4.120060E-08  1.920030E-04 -1.518012E-02  2.039038E-08  2.039319E-08
  1.570000E+03  1.163728E-07  1.063633E-04 -8.590097E-07  1.917224E-04 -1.462185E-02  2.039005E-08  2.039320E-08
  1.571000E+03 -1.680774E-07  1.062920E-04 -9.004021E-08  1.918607E-04 -1.717988E-02  2.039025E-08  2.039382E-08
  1.572000E+03  3.263989E-07  1.062253E-04  5.848134E-08  1.919652E-04 -1.457375E-02  2.038940E-08  2.039204E-08
  1.573000E+03  1.830279E-07  1.063732E-04 -8.124675E-07  1.916933E-04 -1.526427E-02  2.038866E-08  2.039205E-08
  1.574000E+03 -1.785373E-07  1.062528E-04 -2.150294E-07  1.919123E-04 -1.703158E-02  2.038828E-08  2.039172E-08
  1.575000E+03  2.666723E-07  1.062492E-04  1.306000E-07  1.919083E-04 -1.413137E-02  2.038807E-08  2.039062E-08
  1.576000E+03  2.413519E-07  1.063713E-04 -7.423518E-07  1.916891E-04 -1.590803E-02  2.038763E-08  2.039122E-08
  1.577000E+03 -1.705978E-07  1.062217E-04 -3.390199E-07  1.919538E-04 -1.666827E-02  2.038682E-08  2.039009E-08
  1.578000E+03  2.033731E-07  1.062803E-04  1.688032E-07  1.918429E-04 -1.394568E-02  2.038713E-08  2.038970E-08
  1.579000E+03  2.857563E-07  1.063566E-04 -6.531478E-07  1.917121E-04 -1.648605E-02  2.038706E-08  2.039079E-08
  1.580000E+03 -1.445956E-07  1.062004E-04 -4.504940E-07  1.919795E-04 -1.611847E-02  2.038566E-08  2.038872E-08
  1.581000E+03  1.403196E-07  1.063133E-04  1.705005E-07  1.917743E-04 -1.403162E-02  2.038615E-08  2.038882E-08
  1.582000E+03  3.159482E-07  1.063305E-04 -5.522778E-07  1.917552E-04 -1.694018E-02  2.038649E-08  2.039027E-08
  1.583000E+03 -1.058543E-07  1.061925E-04 -5.443082E-07  1.919848E-04 -1.545343E-02  2.038492E-08  2.038778E-08
  1.584000E+03  7.979314E-08  1.063430E-04  1.444375E-07  1.917138E-04 -1.437080E-02  2.038531E-08  2.038816E-08
  1.585000E+03  3.324171E-07  1.062988E-04 -4.447449E-07  1.918124E-04 -1.718357E-02  2.038642E-08  2.039017E-08
  1.586000E+03 -5.841967E-08  1.062040E-04 -6.179849E-07  1.919671E-04 -1.481811E-02  2.038543E-08  2.038813E-08
  1.587000E+03  2.433882E-08  1.063625E-04  9.656634E-08  1.916811E-04 -1.492378E-02  2.038541E-08  2.038848E-08
  1.588000E+03  3.332776E-07  1.062660E-04 -3.340498E-07  1.918732E-04 -1.714167E-02  2.038660E-08  2.039022E-08
  1.589000E+03 -3.048817E-09  1.062301E-04 -6.670878E-07  1.919257E-04 -1.434955E-02  2.038619E-08  2.038882E-08
  1.590000E+03 -2.377724E-08  1.063668E-04  2.646949E-08  1.916796E-04 -1.556466E-02  2.038587E-08  2.038915E-08
  1.591000E+03  3.176701E-07  1.062342E-04 -2.240109E-07  1.919231E-04 -1.683983E-02  2.038591E-08  2.038932E-08
  1.592000E+03  5.899621E-08  1.062631E-04 -6.888096E-07  1.918654E-04 -1.408294E-02  2.038619E-08  2.038884E-08
  1.593000E+03 -6.149013E-08  1.063575E-04 -6.593925E-08  1.917005E-04 -1.618708E-02  2.038611E-08  2.038956E-08
  1.594000E+03  2.876695E-07  1.062095E-04 -1.225620E-07  1.919579E-04 -1.633887E-02  2.038503E-08  2.038820E-08
  1.595000E+03  1.222236E-07  1.062985E-04 -6.826211E-07  1.917978E-04 -1.406134E-02  2.038581E-08  2.038856E-08
  1.596000E+03 -8.577801E-08  1.063388E-04 -1.722098E-07  1.917419E-04 -1.668523E-02  2.038677E-08  2.039033E-08
  1.597000E+03  2.461410E-07  1.062023E-04 -3.822676E-08  1.919739E-04 -1.573502E-02  2.038555E-08  2.038847E-08
  1.598000E+03  1.829844E-07  1.063288E-04 -6.511580E-07  1.917446E-04 -1.433433E-02  2.038588E-08  2.038881E-08
  1.599000E+03 -9.558163E-08  1.063138E-04 -2.859164E-07  1.917966E-04 -1.694015E-02  2.038771E-08  2.039128E-08
  1.600000E+03  1.953817E-07  1.062142E-04  2.490113E-08  1.919652E-04 -1.516160E-02  2.038709E-08  2.038983E-08
  1.601000E+03  2.366619E-07  1.063479E-04 -5.950859E-07  1.917193E-04 -1.481962E-02  2.038671E-08  2.038984E-08
  1.602000E+03 -8.962050E-08  1.062846E-04 -3.988776E-07  1.918513E-04 -1.693917E-02  2.038792E-08  2.039143E-08
  1.603000E+03  1.376718E-07  1.062381E-04  6.229757E-08  1.919323E-04 -1.469834E-02  2.038831E-08  2.039094E-08
  1.604000E+03  2.771221E-07  1.063555E-04 -5.137389E-07  1.917177E-04 -1.538948E-02  2.038781E-08  2.039113E-08
  1.605000E+03 -6.656563E-08  1.062558E-04 -4.999043E-07  1.919006E-04 -1.671223E-02  2.038771E-08  2.039109E-08
  1.606000E+03  7.513246E-08  1.062670E-04  6.947744E-08  1.918825E-04 -1.440761E-02  2.038867E-08  2.039128E-08
  1.607000E+03  3.021879E-07  1.063524E-04 -4.095164E-07  1.917346E-04 -1.592881E-02  2.038885E-08  2.039230E-08
  1.608000E+03 -2.547178E-08  1.062358E-04 -5.854310E-07  1.919366E-04 -1.633006E-02  2.038782E-08  2.039104E-08
  1.609000E+03  1.050888E-08  1.062948E-04  4.219253E-08  1.918319E-04 -1.434898E-02  2.038863E-08  2.039130E-08
  1.610000E+03  3.124589E-07  1.063416E-04 -2.884477E-07  1.917641E-04 -1.633583E-02  2.038978E-08  2.039330E-08
  1.611000E+03  3.038999E-08  1.062297E-04 -6.538635E-07  1.919546E-04 -1.589205E-02  2.038870E-08  2.039178E-08
  1.612000E+03 -4.804313E-08  1.063159E-04 -1.996206E-08  1.917952E-04 -1.450787E-02  2.038873E-08  2.039150E-08
  1.613000E+03  3.056404E-07  1.063249E-04 -1.649581E-07  1.917979E-04 -1.655644E-02  2.039010E-08  2.039362E-08
  1.614000E+03  9.564358E-08  1.062333E-04 -6.959913E-07  1.919528E-04 -1.548366E-02  2.038935E-08  2.039233E-08
  1.615000E+03 -9.247931E-08  1.063293E-04 -1.130659E-07  1.917733E-04 -1.477836E-02  2.038888E-08  2.039178E-08
  1.616000E+03  2.792199E-07  1.063044E-04 -5.306239E-08  1.918294E-04 -1.663163E-02  2.038948E-08  2.039295E-08
  1.617000E+03  1.660493E-07  1.062407E-04 -7.031385E-07  1.919358E-04 -1.513237E-02  2.038907E-08  2.039198E-08
  1.618000E+03 -1.202097E-07  1.063377E-04 -2.308156E-07  1.917586E-04 -1.508413E-02  2.038885E-08  2.039188E-08
  1.619000E+03  2.344097E-07  1.062835E-04  4.099814E-08  1.918580E-04 -1.661833E-02  2.038852E-08  2.039191E-08
  1.620000E+03  2.350567E-07  1.062510E-04 -6.721364E-07  1.919119E-04 -1.483658E-02  2.038858E-08  2.039145E-08
  1.621000E+03 -1.301049E-07  1.063434E-04 -3.610148E-07  1.917505E-04 -1.539919E-02  2.038899E-08  2.039216E-08
  1.622000E+03  1.739991E-07  1.062647E-04  1.125672E-07  1.918868E-04 -1.652750E-02  2.038801E-08  2.039131E-08
  1.623000E+03  2.955776E-07  1.062637E-04 -6.025259E-07  1.918836E-04 -1.463087E-02  2.038808E-08  2.039092E-08
  1.624000E+03 -1.202111E-07  1.063434E-04 -4.910918E-07  1.917487E-04 -1.573184E-02  2.038870E-08  2.039200E-08
  1.625000E+03  1.023238E-07  1.062478E-04  1.540098E-07  1.919110E-04 -1.633753E-02  2.038740E-08  2.039058E-08
  1.626000E+03  3.438588E-07  1.062783E-04 -4.998076E-07  1.918483E-04 -1.453692E-02  2.038717E-08  2.039003E-08
  1.627000E+03 -9.175395E-08  1.063363E-04 -6.124562E-07  1.917547E-04 -1.605878E-02  2.038786E-08  2.039129E-08
  1.628000E+03  2.633971E-08  1.062349E-04  1.618371E-07  1.919277E-04 -1.603583E-02  2.038679E-08  2.038984E-08
  1.629000E+03  3.773370E-07  1.062958E-04 -3.757664E-07  1.918109E-04 -1.455342E-02  2.038654E-08  2.038945E-08
  1.630000E+03 -4.780171E-08  1.063246E-04 -7.173326E-07  1.917723E-04 -1.634813E-02  2.038739E-08  2.039091E-08
  1.631000E+03 -4.574545E-08  1.062303E-04  1.351924E-07  1.919364E-04 -1.567242E-02  2.038695E-08  2.038987E-08
  1.632000E+03  3.917731E-07  1.063145E-04 -2.432679E-07  1.917802E-04 -1.469482E-02  2.038681E-08  2.038980E-08
  1.633000E+03  1.127373E-08  1.063084E-04 -7.968841E-07  1.918004E-04 -1.657069E-02  2.038721E-08  2.039079E-08
  1.634000E+03 -1.093070E-07  1.062326E-04  7.086620E-08  1.919331E-04 -1.530051E-02  2.038717E-08  2.038997E-08
  1.635000E+03  3.858147E-07  1.063290E-04 -1.104480E-07  1.917565E-04 -1.494708E-02  2.038700E-08  2.039009E-08
  1.636000E+03  8.341489E-08  1.062862E-04 -8.466331E-07  1.918335E-04 -1.666414E-02  2.038642E-08  2.039000E-08
  1.637000E+03 -1.630756E-07  1.062407E-04 -2.809310E-08  1.919112E-04 -1.495880E-02  2.038649E-08  2.038923E-08
  1.638000E+03  3.611772E-07  1.063365E-04  1.867529E-08  1.917415E-04 -1.527720E-02  2.038673E-08  2.038993E-08
  1.639000E+03  1.634208E-07  1.062638E-04 -8.655766E-07  1.918659E-04 -1.659202E-02  2.038559E-08  2.038912E-08
  1.640000E+03 -2.053998E-07  1.062539E-04 -1.526476E-07  1.918774E-04 -1.472076E-02  2.038552E-08  2.038825E-08
  1.641000E+03  3.190135E-07  1.063387E-04  1.397965E-07  1.917389E-04 -1.562194E-02  2.038678E-08  2.039008E-08
  1.642000E+03  2.442830E-07  1.062485E-04 -8.500351E-07  1.918944E-04 -1.640190E-02  2.038575E-08  2.038920E-08
  1.643000E+03 -2.324195E-07  1.062701E-04 -2.920168E-07  1.918468E-04 -1.460913E-02  2.038541E-08  2.038818E-08
  1.644000E+03  2.604503E-07  1.063353E-04  2.441957E-07  1.917468E-04 -1.594957E-02  2.038687E-08  2.039023E-08
  1.645000E+03  3.211830E-07  1.062395E-04 -7.981503E-07  1.919149E-04 -1.613309E-02  2.038628E-08  2.038963E-08
  1.646000E+03 -2.409229E-07  1.062875E-04 -4.392664E-07  1.918200E-04 -1.460419E-02  2.038589E-08  2.038873E-08
  1.647000E+03  1.879131E-07  1.063245E-04  3.233433E-07  1.917628E-04 -1.624843E-02  2.038640E-08  2.038981E-08
  1.648000E+03  3.906221E-07  1.062360E-04 -7.118024E-07  1.919241E-04 -1.578077E-02  2.038671E-08  2.038995E-08
  1.649000E+03 -2.288116E-07  1.063053E-04 -5.891611E-07  1.917957E-04 -1.470632E-02  2.038670E-08  2.038965E-08
  1.650000E+03  1.051281E-07  1.063093E-04  3.698352E-07  1.917899E-04 -1.645708E-02  2.038629E-08  2.038972E-08
  1.651000E+03  4.500069E-07  1.062379E-04 -5.962600E-07  1.919226E-04 -1.541393E-02  2.038703E-08  2.039015E-08
  1.652000E+03 -1.960356E-07  1.063215E-04 -7.365325E-07  1.917760E-04 -1.489603E-02  2.038764E-08  2.039074E-08
  1.653000E+03  1.634009E-08  1.062941E-04  3.799387E-07  1.918228E-04 -1.656004E-02  2.038685E-08  2.039025E-08
  1.654000E+03  4.960665E-07  1.062429E-04 -4.572545E-07  1.919140E-04 -1.511261E-02  2.038718E-08  2.039022E-08
  1.655000E+03 -1.446646E-07  1.063344E-04 -8.730374E-07  1.917597E-04 -1.514082E-02  2.038831E-08  2.039156E-08
  1.656000E+03 -7.348359E-08  1.062804E-04  3.535631E-07  1.918553E-04 -1.658173E-02  2.038765E-08  2.039102E-08
  1.657000E+03  5.230335E-07  1.062501E-04 -2.998328E-07  1.919025E-04 -1.486801E-02  2.038741E-08  2.039039E-08
  1.658000E+03 -7.754105E-08  1.063427E-04 -9.846545E-07  1.917465E-04 -1.542624E-02  2.038841E-08  2.039181E-08
  1.659000E+03 -1.584969E-07  1.062653E-04  2.914183E-07  1.918871E-04 -1.650223E-02  2.038817E-08  2.039147E-08
  1.660000E+03  5.262753E-07  1.062620E-04 -1.317785E-07  1.918841E-04 -1.464722E-02  2.038780E-08  2.039073E-08
  1.661000E+03  4.138366E-09  1.063450E-04 -1.061051E-06  1.917403E-04 -1.577660E-02  2.038808E-08  2.039164E-08
  1.662000E+03 -2.347102E-07  1.062500E-04  1.924956E-07  1.919167E-04 -1.630237E-02  2.038843E-08  2.039164E-08
  1.663000E+03  5.050731E-07  1.062807E-04  3.950627E-08  1.918558E-04 -1.449662E-02  2.038843E-08  2.039133E-08
  1.664000E+03  9.881433E-08  1.063416E-04 -1.099449E-06  1.917478E-04 -1.616977E-02  2.038810E-08  2.039182E-08
  1.665000E+03 -2.985560E-07  1.062364E-04  5.687606E-08  1.919416E-04 -1.600502E-02  2.038858E-08  2.039168E-08
  1.666000E+03  4.624150E-07  1.063046E-04  2.042969E-07  1.918209E-04 -1.444046E-02  2.038932E-08  2.039224E-08
  1.667000E+03  2.009846E-07  1.063320E-04 -1.101145E-06  1.917707E-04 -1.654841E-02  2.038857E-08  2.039241E-08
  1.668000E+03 -3.443799E-07  1.062254E-04 -1.092218E-07  1.919600E-04 -1.561685E-02  2.038854E-08  2.039152E-08
  1.669000E+03  4.002250E-07  1.063298E-04  3.495843E-07  1.917792E-04 -1.451615E-02  2.038969E-08  2.039268E-08
  1.670000E+03  3.032782E-07  1.063130E-04 -1.063698E-06  1.918055E-04 -1.686900E-02  2.038852E-08  2.039243E-08
  1.671000E+03 -3.672819E-07  1.062202E-04 -2.951788E-07  1.919637E-04 -1.513064E-02  2.038808E-08  2.039094E-08
  1.672000E+03  3.205678E-07  1.063530E-04  4.637565E-07  1.917338E-04 -1.478260E-02  2.038923E-08  2.039235E-08
  1.673000E+03  3.990670E-07  1.062860E-04 -9.855873E-07  1.918532E-04 -1.703676E-02  2.038835E-08  2.039225E-08
  1.674000E+03 -3.644866E-07  1.062282E-04 -4.900509E-07  1.919483E-04 -1.459986E-02  2.038814E-08  2.039089E-08
  1.675000E+03  2.243909E-07  1.063704E-04  5.404260E-07  1.917012E-04 -1.525993E-02  2.038895E-08  2.039225E-08
  1.676000E+03  4.819798E-07  1.062573E-04 -8.632647E-07  1.919100E-04 -1.696781E-02  2.038890E-08  2.039271E-08
  1.677000E+03 -3.355632E-07  1.062515E-04 -6.814037E-07  1.919130E-04 -1.417872E-02  2.038899E-08  2.039171E-08
  1.678000E+03  1.164368E-07  1.063749E-04  5.746690E-07  1.916956E-04 -1.587450E-02  2.038903E-08  2.039251E-08
  1.679000E+03  5.465112E-07  1.062299E-04 -7.015505E-07  1.919601E-04 -1.665050E-02  2.038908E-08  2.039270E-08
  1.680000E+03 -2.847119E-07  1.062820E-04 -8.545818E-07  1.918578E-04 -1.397544E-02  2.038904E-08  2.039183E-08
  1.681000E+03  5.176704E-09  1.063616E-04  5.676781E-07  1.917135E-04 -1.648873E-02  2.038818E-08  2.039181E-08
  1.682000E+03  5.893730E-07  1.062061E-04 -5.146529E-07  1.919875E-04 -1.612793E-02  2.038758E-08  2.039096E-08
  1.683000E+03 -2.152623E-07  1.063129E-04 -1.000128E-06  1.917889E-04 -1.400997E-02  2.038764E-08  2.039058E-08
  1.684000E+03 -1.021403E-07  1.063349E-04  5.199416E-07  1.917477E-04 -1.699449E-02  2.038653E-08  2.039025E-08
  1.685000E+03  6.079117E-07  1.061915E-04 -3.148687E-07  1.919917E-04 -1.549230E-02  2.038544E-08  2.038857E-08
  1.686000E+03 -1.289329E-07  1.063426E-04 -1.111241E-06  1.917214E-04 -1.426262E-02  2.038609E-08  2.038925E-08
  1.687000E+03 -1.986881E-07  1.063017E-04  4.290727E-07  1.917978E-04 -1.732327E-02  2.038538E-08  2.038913E-08
  1.688000E+03  6.013735E-07  1.061934E-04 -1.152693E-07  1.919784E-04 -1.481325E-02  2.038461E-08  2.038751E-08
  1.689000E+03 -2.917263E-08  1.063681E-04 -1.183456E-06  1.916708E-04 -1.475378E-02  2.038543E-08  2.038886E-08
  1.690000E+03 -2.786040E-07  1.062664E-04  2.969858E-07  1.918626E-04 -1.739505E-02  2.038547E-08  2.038915E-08
  1.691000E+03  5.703710E-07  1.062135E-04  7.184051E-08  1.919468E-04 -1.420345E-02  2.038528E-08  2.038801E-08
  1.692000E+03  7.964480E-08  1.063835E-04 -1.214259E-06  1.916468E-04 -1.544109E-02  2.038562E-08  2.038933E-08
  1.693000E+03 -3.384854E-07  1.062312E-04  1.295582E-07  1.919301E-04 -1.718804E-02  2.038596E-08  2.038948E-08
  1.694000E+03  5.161758E-07  1.062468E-04  2.385355E-07  1.918958E-04 -1.374922E-02  2.038638E-08  2.038902E-08
  1.695000E+03  1.908721E-07  1.063852E-04 -1.200521E-06  1.916512E-04 -1.620357E-02  2.038616E-08  2.039014E-08
  1.696000E+03 -3.773160E-07  1.062000E-04 -6.072232E-08  1.919881E-04 -1.673033E-02  2.038629E-08  2.038960E-08
  1.697000E+03  4.422788E-07  1.062872E-04  3.797869E-07  1.918295E-04 -1.352944E-02  2.038717E-08  2.038981E-08
  1.698000E+03  2.955788E-07  1.063731E-04 -1.141615E-06  1.916816E-04 -1.691825E-02  2.038685E-08  2.039102E-08
  1.699000E+03 -3.930609E-07  1.061800E-04 -2.576517E-07  1.920283E-04 -1.607907E-02  2.038694E-08  2.039002E-08
  1.700000E+03  3.536056E-07  1.063310E-04  4.872913E-07  1.917588E-04 -1.361958E-02  2.038801E-08  2.039076E-08
  1.701000E+03  3.881665E-07  1.063485E-04 -1.042648E-06  1.917384E-04 -1.747845E-02  2.038797E-08  2.039225E-08
  1.702000E+03 -3.852788E-07  1.061755E-04 -4.503578E-07  1.920454E-04 -1.530351E-02  2.038813E-08  2.039099E-08
  1.703000E+03  2.541918E-07  1.063720E-04  5.567095E-07  1.916945E-04 -1.403222E-02  2.038892E-08  2.039188E-08
  1.704000E+03  4.664303E-07  1.063114E-04 -9.098437E-07  1.918174E-04 -1.778538E-02  2.038914E-08  2.039339E-08
  1.705000E+03 -3.542227E-07  1.061868E-04 -6.341938E-07  1.920319E-04 -1.448789E-02  2.038912E-08  2.039178E-08
  1.706000E+03  1.495556E-07  1.064012E-04  5.838284E-07  1.916460E-04 -1.471265E-02  2.038915E-08  2.039238E-08
  1.707000E+03  5.262915E-07  1.062648E-04 -7.508006E-07  1.919023E-04 -1.777688E-02  2.038923E-08  2.039333E-08
  1.708000E+03 -3.006538E-07  1.062135E-04 -8.003124E-07  1.919817E-04 -1.377546E-02  2.038911E-08  2.039166E-08
  1.709000E+03  4.463774E-08  1.064139E-04  5.659504E-07  1.916218E-04 -1.557733E-02  2.038874E-08  2.039226E-08
  1.710000E+03  5.640722E-07  1.062170E-04 -5.723002E-07  1.919800E-04 -1.744839E-02  2.038844E-08  2.039228E-08
  1.711000E+03 -2.278310E-07  1.062540E-04 -9.385349E-07  1.919035E-04 -1.328180E-02  2.038871E-08  2.039125E-08
  1.712000E+03 -5.545705E-08  1.064092E-04  5.052567E-07  1.916289E-04 -1.651634E-02  2.038830E-08  2.039209E-08
  1.713000E+03  5.779319E-07  1.061771E-04 -3.830253E-07  1.920442E-04 -1.680515E-02  2.038782E-08  2.039132E-08
  1.714000E+03 -1.411496E-07  1.063047E-04 -1.040547E-06  1.918082E-04 -1.312224E-02  2.038835E-08  2.039101E-08
  1.715000E+03 -1.454658E-07  1.063841E-04  4.080859E-07  1.916741E-04 -1.737928E-02  2.038799E-08  2.039198E-08
  1.716000E+03  5.674132E-07  1.061525E-04 -1.931599E-07  1.920813E-04 -1.588792E-02  2.038734E-08  2.039045E-08
  1.717000E+03 -4.568561E-08  1.063576E-04 -1.101087E-06  1.917084E-04 -1.337839E-02  2.038782E-08  2.039075E-08
  1.718000E+03 -2.204252E-07  1.063395E-04  2.803913E-07  1.917538E-04 -1.800434E-02  2.038769E-08  2.039176E-08
  1.719000E+03  5.336689E-07  1.061511E-04 -1.366399E-08  1.920807E-04 -1.480183E-02  2.038735E-08  2.039007E-08
  1.720000E+03  5.484902E-08  1.064038E-04 -1.119295E-06  1.916241E-04 -1.406544E-02  2.038751E-08  2.039080E-08
  1.721000E+03 -2.761940E-07  1.062822E-04  1.260887E-07  1.918571E-04 -1.826150E-02  2.038761E-08  2.039161E-08
  1.722000E+03  4.776707E-07  1.061766E-04  1.463097E-07  1.920371E-04 -1.375968E-02  2.038793E-08  2.039035E-08
  1.723000E+03  1.562151E-07  1.064325E-04 -1.093496E-06  1.915760E-04 -1.509245E-02  2.038759E-08  2.039130E-08
  1.724000E+03 -3.094296E-07  1.062217E-04 -4.916347E-08  1.919646E-04 -1.805760E-02  2.038749E-08  2.039127E-08
  1.725000E+03  4.059505E-07  1.062235E-04  2.744558E-07  1.919530E-04 -1.298929E-02  2.038820E-08  2.039047E-08
  1.726000E+03  2.508244E-07  1.064362E-04 -1.030325E-06  1.915733E-04 -1.625741E-02  2.038764E-08  2.039173E-08
  1.727000E+03 -3.178109E-07  1.061681E-04 -2.321029E-07  1.920548E-04 -1.739473E-02  2.038701E-08  2.039046E-08
  1.728000E+03  3.233284E-07  1.062838E-04  3.619865E-07  1.918398E-04 -1.264672E-02  2.038783E-08  2.039013E-08
  1.729000E+03  3.328265E-07  1.064141E-04 -9.344608E-07  1.916164E-04 -1.736589E-02  2.038760E-08  2.039197E-08
  1.730000E+03 -2.998895E-07  1.061332E-04 -4.122129E-07  1.921125E-04 -1.636917E-02  2.038678E-08  2.038985E-08
  1.731000E+03  2.318709E-07  1.063478E-04  4.042233E-07  1.917212E-04 -1.280754E-02  2.038745E-08  2.038995E-08
  1.732000E+03  3.985757E-07  1.063700E-04 -8.069371E-07  1.917006E-04 -1.821136E-02  2.038781E-08  2.039231E-08
  1.733000E+03 -2.591796E-07  1.061254E-04 -5.791611E-07  1.921272E-04 -1.515712E-02  2.038723E-08  2.038991E-08
  1.734000E+03  1.364527E-07  1.064035E-04  4.040569E-07  1.916224E-04 -1.345226E-02  2.038745E-08  2.039029E-08
  1.735000E+03  4.435697E-07  1.063105E-04 -6.536969E-07  1.918102E-04 -1.864423E-02  2.038790E-08  2.039234E-08
  1.736000E+03 -2.012647E-07  1.061439E-04 -7.191235E-07  1.920940E-04 -1.397525E-02  2.038761E-08  2.039000E-08
  1.737000E+03  4.299338E-08  1.064414E-04  3.676424E-07  1.915561E-04 -1.446572E-02  2.038737E-08  2.039061E-08
  1.738000E+03  4.648406E-07  1.062412E-04 -4.840963E-07  1.919250E-04 -1.862611E-02  2.038681E-08  2.039103E-08
  1.739000E+03 -1.300032E-07  1.061831E-04 -8.228352E-07  1.920135E-04 -1.298325E-02  2.038687E-08  2.038909E-08
  1.740000E+03 -4.158305E-08  1.064564E-04  2.968090E-07  1.915259E-04 -1.569577E-02  2.038664E-08  2.039032E-08
  1.741000E+03  4.620670E-07  1.061754E-04 -3.117733E-07  1.920308E-04 -1.812540E-02  2.038560E-08  2.038946E-08
  1.742000E+03 -4.991107E-08  1.062409E-04 -8.857864E-07  1.918995E-04 -1.236237E-02  2.038603E-08  2.038824E-08
  1.743000E+03 -1.105003E-07  1.064470E-04  1.948335E-07  1.915443E-04 -1.695838E-02  2.038637E-08  2.039042E-08
  1.744000E+03  4.361767E-07  1.061278E-04 -1.511382E-07  1.921146E-04 -1.718171E-02  2.038569E-08  2.038908E-08
  1.745000E+03  3.486048E-08  1.063114E-04 -9.062898E-07  1.917730E-04 -1.226965E-02  2.038612E-08  2.038852E-08
  1.746000E+03 -1.587524E-07  1.064120E-04  6.577449E-08  1.916163E-04 -1.805613E-02  2.038695E-08  2.039125E-08
  1.747000E+03  3.900654E-07  1.061055E-04 -1.472788E-08  1.921605E-04 -1.591388E-02  2.038670E-08  2.038958E-08
  1.748000E+03  1.200437E-07  1.063803E-04 -8.865131E-07  1.916527E-04 -1.273574E-02  2.038642E-08  2.038916E-08
  1.749000E+03 -1.856025E-07  1.063514E-04 -8.242265E-08  1.917271E-04 -1.880556E-02  2.038685E-08  2.039122E-08
  1.750000E+03  3.286422E-07  1.061089E-04  9.177729E-08  1.921508E-04 -1.451315E-02  2.038677E-08  2.038918E-08
  1.751000E+03  1.990781E-07  1.064356E-04 -8.307073E-07  1.915537E-04 -1.365997E-02  2.038623E-08  2.038942E-08
  1.752000E+03 -1.899254E-07  1.062765E-04 -2.375376E-07  1.918565E-04 -1.907830E-02  2.038613E-08  2.039041E-08
  1.753000E+03  2.566011E-07  1.061401E-04  1.621002E-07  1.920876E-04 -1.322692E-02  2.038640E-08  2.038847E-08
  1.754000E+03  2.645486E-07  1.064716E-04 -7.419608E-07  1.914952E-04 -1.490658E-02  2.038654E-08  2.039022E-08
  1.755000E+03 -1.708840E-07  1.062031E-04 -3.853869E-07  1.919912E-04 -1.881252E-02  2.038646E-08  2.039047E-08
  1.756000E+03  1.780861E-07  1.061999E-04  1.910132E-07  1.919842E-04 -1.229333E-02  2.038717E-08  2.038909E-08
  1.757000E+03  3.126210E-07  1.064813E-04 -6.253202E-07  1.914955E-04 -1.633072E-02  2.038797E-08  2.039210E-08
  1.758000E+03 -1.314167E-07  1.061423E-04 -5.157520E-07  1.921120E-04 -1.798971E-02  2.038791E-08  2.039151E-08
  1.759000E+03  9.932721E-08  1.062780E-04  1.790904E-07  1.918538E-04 -1.188437E-02  2.038841E-08  2.039039E-08
  1.760000E+03  3.410598E-07  1.064571E-04 -4.913916E-07  1.915552E-04 -1.770356E-02  2.038922E-08  2.039369E-08
  1.761000E+03 -7.656652E-08  1.061013E-04 -6.198258E-07  1.921904E-04 -1.671241E-02  2.038880E-08  2.039190E-08
  1.762000E+03  2.674979E-08  1.063596E-04  1.309683E-07  1.917119E-04 -1.207242E-02  2.038891E-08  2.039117E-08
  1.763000E+03  3.484221E-07  1.064002E-04 -3.518517E-07  1.916606E-04 -1.880531E-02  2.038912E-08  2.039376E-08
  1.764000E+03 -1.012529E-08  1.060873E-04 -6.914651E-07  1.922106E-04 -1.515039E-02  2.038875E-08  2.039135E-08
  1.765000E+03 -3.560277E-08  1.064324E-04  5.080672E-08  1.915800E-04 -1.285195E-02  2.038863E-08  2.039135E-08
  1.766000E+03  3.353926E-07  1.063200E-04 -2.154112E-07  1.917999E-04 -1.942558E-02  2.038833E-08  2.039292E-08
  1.767000E+03  6.395880E-08  1.061077E-04 -7.286674E-07  1.921654E-04 -1.358442E-02  2.038834E-08  2.039053E-08
  1.768000E+03 -8.436915E-08  1.064835E-04 -5.633656E-08  1.914887E-04 -1.412867E-02  2.038834E-08  2.039162E-08
  1.769000E+03  3.032959E-07  1.062328E-04 -8.995781E-08  1.919524E-04 -1.939689E-02  2.038781E-08  2.039212E-08
  1.770000E+03  1.390378E-07  1.061612E-04 -7.284070E-07  1.920620E-04 -1.233860E-02  2.038798E-08  2.038995E-08
  1.771000E+03 -1.149310E-07  1.065034E-04 -1.810544E-07  1.914589E-04 -1.568182E-02  2.038852E-08  2.039236E-08
  1.772000E+03  2.533150E-07  1.061536E-04  1.421604E-08  1.920917E-04 -1.870840E-02  2.038767E-08  2.039153E-08
  1.773000E+03  2.103418E-07  1.062381E-04 -6.889798E-07  1.919183E-04 -1.163154E-02  2.038766E-08  2.038964E-08
  1.774000E+03 -1.258195E-07  1.064874E-04 -3.150185E-07  1.914934E-04 -1.726487E-02  2.038859E-08  2.039290E-08
  1.775000E+03  1.881463E-07  1.060960E-04  9.185214E-08  1.921917E-04 -1.746859E-02  2.038765E-08  2.039093E-08
  1.776000E+03  2.735947E-07  1.063233E-04 -6.121455E-07  1.917582E-04 -1.159575E-02  2.038700E-08  2.038921E-08
  1.777000E+03 -1.176574E-07  1.064353E-04 -4.491036E-07  1.915836E-04 -1.860396E-02  2.038774E-08  2.039236E-08
  1.778000E+03  1.141578E-07  1.060688E-04  1.387535E-07  1.922306E-04 -1.587897E-02  2.038710E-08  2.038979E-08
  1.779000E+03  3.245635E-07  1.064022E-04 -5.070787E-07  1.916085E-04 -1.222179E-02  2.038605E-08  2.038868E-08
  1.780000E+03 -9.073001E-08  1.063558E-04 -5.745598E-07  1.917153E-04 -1.945564E-02  2.038617E-08  2.039088E-08
  1.781000E+03  3.729838E-08  1.060775E-04  1.504037E-07  1.922015E-04 -1.420161E-02  2.038620E-08  2.038838E-08
  1.782000E+03  3.594308E-07  1.064643E-04 -3.824670E-07  1.914953E-04 -1.340180E-02  2.038559E-08  2.038876E-08
  1.783000E+03 -4.296935E-08  1.062634E-04 -6.854857E-07  1.918714E-04 -1.968337E-02  2.038496E-08  2.038953E-08
  1.784000E+03 -3.887293E-08  1.061219E-04  1.196022E-07  1.921114E-04 -1.272344E-02  2.038558E-08  2.038742E-08
  1.785000E+03  3.760769E-07  1.065009E-04 -2.436484E-07  1.914385E-04 -1.495166E-02  2.038610E-08  2.038985E-08
  1.786000E+03  2.400248E-08  1.061781E-04 -7.762340E-07  1.920285E-04 -1.923649E-02  2.038545E-08  2.038967E-08
  1.787000E+03 -1.094992E-07  1.061944E-04  4.545322E-08  1.919811E-04 -1.173754E-02  2.038591E-08  2.038766E-08
  1.788000E+03  3.714958E-07  1.065058E-04 -9.781081E-08  1.914490E-04 -1.659528E-02  2.038763E-08  2.039190E-08
  1.789000E+03  1.050411E-07  1.061127E-04 -8.363630E-07  1.921589E-04 -1.821147E-02  2.038712E-08  2.039087E-08
  1.790000E+03 -1.680203E-07  1.062816E-04 -6.731870E-08  1.918322E-04 -1.137990E-02  2.038692E-08  2.038881E-08
  1.791000E+03  3.429889E-07  1.064735E-04  4.417276E-08  1.915191E-04 -1.811459E-02  2.038838E-08  2.039300E-08
  1.792000E+03  1.929862E-07  1.060712E-04 -8.543238E-07  1.922379E-04 -1.672854E-02  2.038805E-08  2.039125E-08
  1.793000E+03 -2.102172E-07  1.063702E-04 -2.079355E-07  1.916770E-04 -1.167193E-02  2.038732E-08  2.038958E-08
  1.794000E+03  2.919234E-07  1.064056E-04  1.726542E-07  1.916379E-04 -1.929348E-02  2.038754E-08  2.039234E-08
  1.795000E+03  2.809792E-07  1.060596E-04 -8.269958E-07  1.922488E-04 -1.498601E-02  2.038754E-08  2.039018E-08
  1.796000E+03 -2.324832E-07  1.064489E-04 -3.657006E-07  1.915368E-04 -1.257522E-02  2.038726E-08  2.039007E-08
  1.797000E+03  2.197564E-07  1.063161E-04  2.791402E-07  1.917938E-04 -1.991935E-02  2.038672E-08  2.039146E-08
  1.798000E+03  3.630714E-07  1.060859E-04 -7.522174E-07  1.921922E-04 -1.329011E-02  2.038708E-08  2.038929E-08
  1.799000E+03 -2.301758E-07  1.065075E-04 -5.326328E-07  1.914434E-04 -1.398366E-02  2.038817E-08  2.039163E-08
  1.800000E+03  1.294765E-07  1.062236E-04  3.517445E-07  1.919676E-04 -1.986547E-02  2.038747E-08  2.039191E-08
  1.801000E+03  4.346700E-07  1.061475E-04 -6.320644E-07  1.920807E-04 -1.196880E-02  2.038742E-08  2.038939E-08
  1.802000E+03 -2.022404E-07  1.065305E-04 -7.004054E-07  1.914148E-04 -1.570694E-02  2.038899E-08  2.039310E-08
  1.803000E+03  2.776628E-08  1.061391E-04  3.826309E-07  1.921242E-04 -1.908193E-02  2.038818E-08  2.039214E-08
  1.804000E+03  4.907726E-07  1.062310E-04 -4.756853E-07  1.919248E-04 -1.123635E-02  2.038706E-08  2.038904E-08
  1.805000E+03 -1.501321E-07  1.065087E-04 -8.577220E-07  1.914518E-04 -1.745029E-02  2.038817E-08  2.039283E-08
  1.806000E+03 -7.590936E-08  1.060745E-04  3.666249E-07  1.922297E-04 -1.766999E-02  2.038749E-08  2.039082E-08
  1.807000E+03  5.261442E-07  1.063247E-04 -2.976198E-07  1.917477E-04 -1.117829E-02  2.038624E-08  2.038847E-08
  1.808000E+03 -7.638408E-08  1.064493E-04 -9.918950E-07  1.915513E-04 -1.893019E-02  2.038685E-08  2.039187E-08
  1.809000E+03 -1.751262E-07  1.060455E-04  3.033211E-07  1.922713E-04 -1.587858E-02  2.038694E-08  2.038964E-08
  1.810000E+03  5.375645E-07  1.064171E-04 -1.080219E-07  1.915858E-04 -1.183258E-02  2.038657E-08  2.038926E-08
  1.811000E+03  1.538972E-08  1.063660E-04 -1.093362E-06  1.917056E-04 -1.988129E-02  2.038693E-08  2.039208E-08
  1.812000E+03 -2.640464E-07  1.060587E-04  1.949861E-07  1.922445E-04 -1.406268E-02  2.038719E-08  2.038937E-08
  1.813000E+03  5.219997E-07  1.064891E-04  8.397344E-08  1.914703E-04 -1.310197E-02  2.038776E-08  2.039103E-08
  1.814000E+03  1.200832E-07  1.062714E-04 -1.151659E-06  1.918835E-04 -2.012338E-02  2.038761E-08  2.039261E-08
  1.815000E+03 -3.354044E-07  1.061082E-04  4.566420E-08  1.921521E-04 -1.253355E-02  2.038732E-08  2.038918E-08
  1.816000E+03  4.770516E-07  1.065266E-04  2.658181E-07  1.914138E-04 -1.477074E-02  2.038845E-08  2.039231E-08
  1.817000E+03  2.325490E-07  1.061786E-04 -1.157562E-06  1.920522E-04 -1.960391E-02  2.038792E-08  2.039253E-08
  1.818000E+03 -3.848094E-07  1.061863E-04 -1.380578E-07  1.920067E-04 -1.150335E-02  2.038713E-08  2.038893E-08
  1.819000E+03  4.046244E-07  1.065233E-04  4.270605E-07  1.914244E-04 -1.658717E-02  2.038837E-08  2.039277E-08
  1.820000E+03  3.470360E-07  1.061036E-04 -1.109976E-06  1.921850E-04 -1.839418E-02  2.038808E-08  2.039212E-08
  1.821000E+03 -4.102901E-07  1.062806E-04 -3.463102E-07  1.918338E-04 -1.114345E-02  2.038695E-08  2.038894E-08
  1.822000E+03  3.117198E-07  1.064792E-04  5.577484E-07  1.915032E-04 -1.824033E-02  2.038772E-08  2.039249E-08
  1.823000E+03  4.546243E-07  1.060600E-04 -1.015341E-06  1.922551E-04 -1.672869E-02  2.038772E-08  2.039114E-08
  1.824000E+03 -4.093446E-07  1.063741E-04 -5.633098E-07  1.916641E-04 -1.152032E-02  2.038674E-08  2.038917E-08
  1.825000E+03  2.043526E-07  1.064023E-04  6.477089E-07  1.916362E-04 -1.942350E-02  2.038669E-08  2.039160E-08
  1.826000E+03  5.489183E-07  1.060549E-04 -8.802699E-07  1.922500E-04 -1.491256E-02  2.038679E-08  2.038964E-08
  1.827000E+03 -3.815651E-07  1.064522E-04 -7.765538E-07  1.915268E-04 -1.255516E-02  2.038685E-08  2.038988E-08
  1.828000E+03  8.540829E-08  1.063082E-04  6.936534E-07  1.918015E-04 -1.995279E-02  2.038603E-08  2.039083E-08
  1.829000E+03  6.254838E-07  1.060877E-04 -7.067676E-07  1.921771E-04 -1.325532E-02  2.038583E-08  2.038825E-08
  1.830000E+03 -3.288858E-07  1.065027E-04 -9.754773E-07  1.914416E-04 -1.406844E-02  2.038704E-08  2.039074E-08
  1.831000E+03 -3.899245E-08  1.062143E-04  6.942321E-07  1.919713E-04 -1.974856E-02  2.038612E-08  2.039059E-08
  1.832000E+03  6.798791E-07  1.061510E-04 -5.033327E-07  1.920528E-04 -1.203233E-02  2.038511E-08  2.038733E-08
  1.833000E+03 -2.533334E-07  1.065158E-04 -1.149421E-06  1.914207E-04 -1.579529E-02  2.038678E-08  2.039113E-08
  1.834000E+03 -1.623627E-07  1.061350E-04  6.479673E-07  1.921143E-04 -1.884952E-02  2.038642E-08  2.039039E-08
  1.835000E+03  7.076189E-07  1.062341E-04 -2.791629E-07  1.918971E-04 -1.142615E-02  2.038468E-08  2.038693E-08
  1.836000E+03 -1.560480E-07  1.064879E-04 -1.288397E-06  1.914667E-04 -1.745936E-02  2.038578E-08  2.039063E-08
  1.837000E+03 -2.786954E-07  1.060816E-04  5.520104E-07  1.922040E-04 -1.741144E-02  2.038621E-08  2.038958E-08
  1.838000E+03  7.081286E-07  1.063241E-04 -4.583731E-08  1.917346E-04 -1.149899E-02  2.038467E-08  2.038716E-08
  1.839000E+03 -3.999759E-08  1.064279E-04 -1.388710E-06  1.915714E-04 -1.879389E-02  2.038494E-08  2.039010E-08
  1.840000E+03 -3.829148E-07  1.060609E-04  4.079831E-07  1.922312E-04 -1.572489E-02  2.038569E-08  2.038849E-08
  1.841000E+03  6.819430E-07  1.064091E-04  1.859875E-07  1.915919E-04 -1.217895E-02  2.038562E-08  2.038854E-08
  1.842000E+03  9.027391E-08  1.063496E-04 -1.447549E-06  1.917185E-04 -1.961972E-02  2.038527E-08  2.039052E-08
  1.843000E+03 -4.683860E-07  1.060753E-04  2.193390E-07  1.921999E-04 -1.407815E-02  2.038565E-08  2.038800E-08
  1.844000E+03  6.260767E-07  1.064757E-04  4.055330E-07  1.914890E-04 -1.336569E-02  2.038710E-08  2.039054E-08
  1.845000E+03  2.291643E-07  1.062637E-04 -1.454120E-06  1.918856E-04 -1.980350E-02  2.038647E-08  2.039158E-08
  1.846000E+03 -5.285250E-07  1.061219E-04 -8.297541E-09  1.921140E-04 -1.270116E-02  2.038586E-08  2.038795E-08
  1.847000E+03  5.402064E-07  1.065096E-04  5.998460E-07  1.914386E-04 -1.491148E-02  2.038778E-08  2.039176E-08
  1.848000E+03  3.684062E-07  1.061812E-04 -1.400702E-06  1.920425E-04 -1.927971E-02  2.038752E-08  2.039225E-08
  1.849000E+03 -5.590125E-07  1.061936E-04 -2.620094E-07  1.919829E-04 -1.179777E-02  2.038593E-08  2.038798E-08
  1.850000E+03  4.273055E-07  1.065033E-04  7.577032E-07  1.914510E-04 -1.656455E-02  2.038737E-08  2.039181E-08
  1.851000E+03  4.993260E-07  1.061158E-04 -1.285847E-06  1.921588E-04 -1.813520E-02  2.038773E-08  2.039193E-08
  1.852000E+03 -5.584266E-07  1.062816E-04 -5.255842E-07  1.918289E-04 -1.149140E-02  2.038654E-08  2.038879E-08
  1.853000E+03  2.935844E-07  1.064616E-04  8.709337E-07  1.915281E-04 -1.806988E-02  2.038706E-08  2.039182E-08
  1.854000E+03  6.150063E-07  1.060788E-04 -1.116117E-06  1.922206E-04 -1.659165E-02  2.038773E-08  2.039134E-08
  1.855000E+03 -5.267453E-07  1.063717E-04 -7.851405E-07  1.916771E-04 -1.184994E-02  2.038759E-08  2.039026E-08
  1.856000E+03  1.476777E-07  1.063927E-04  9.321062E-07  1.916592E-04 -1.915488E-02  2.038740E-08  2.039227E-08
  1.857000E+03  7.071927E-07  1.060764E-04 -9.018011E-07  1.922164E-04 -1.495035E-02  2.038735E-08  2.039042E-08
  1.858000E+03 -4.636705E-07  1.064440E-04 -1.024347E-06  1.915544E-04 -1.281615E-02  2.038813E-08  2.039137E-08
  1.859000E+03 -1.680566E-09  1.063068E-04  9.331487E-07  1.918158E-04 -1.959709E-02  2.038741E-08  2.039216E-08
  1.860000E+03  7.708616E-07  1.061074E-04 -6.561502E-07  1.921453E-04 -1.348262E-02  2.038619E-08  2.038886E-08
  1.861000E+03 -3.706929E-07  1.064848E-04 -1.231834E-06  1.914794E-04 -1.421757E-02  2.038759E-08  2.039144E-08
  1.862000E+03 -1.477024E-07  1.062203E-04  8.712494E-07  1.919682E-04 -1.931319E-02  2.038711E-08  2.039151E-08
  1.863000E+03  8.033494E-07  1.061681E-04 -3.905259E-07  1.920250E-04 -1.240796E-02  2.038536E-08  2.038784E-08
  1.864000E+03 -2.519945E-07  1.064907E-04 -1.398671E-06  1.914680E-04 -1.580890E-02  2.038701E-08  2.039143E-08
  1.865000E+03 -2.837541E-07  1.061504E-04  7.491359E-07  1.920932E-04 -1.839337E-02  2.038732E-08  2.039122E-08
  1.866000E+03  8.036763E-07  1.062481E-04 -1.174200E-07  1.918828E-04 -1.189911E-02  2.038574E-08  2.038824E-08
  1.867000E+03 -1.163005E-07  1.064634E-04 -1.515424E-06  1.915216E-04 -1.730975E-02  2.038699E-08  2.039184E-08
  1.868000E+03 -4.008057E-07  1.061068E-04  5.766149E-07  1.921694E-04 -1.707544E-02  2.038750E-08  2.039087E-08
  1.869000E+03  7.710375E-07  1.063296E-04  1.457111E-07  1.917408E-04 -1.202515E-02  2.038625E-08  2.038896E-08
  1.870000E+03  2.775664E-08  1.064063E-04 -1.573090E-06  1.916237E-04 -1.844922E-02  2.038650E-08  2.039158E-08
  1.871000E+03 -4.920200E-07  1.060932E-04  3.651833E-07  1.921803E-04 -1.560930E-02  2.038653E-08  2.038941E-08
  1.872000E+03  7.066639E-07  1.063977E-04  3.840757E-07  1.916189E-04 -1.272708E-02  2.038615E-08  2.038922E-08
  1.873000E+03  1.742436E-07  1.063314E-04 -1.569066E-06  1.917542E-04 -1.902597E-02  2.038581E-08  2.039088E-08
  1.874000E+03 -5.543017E-07  1.061117E-04  1.241153E-07  1.921314E-04 -1.422257E-02  2.038533E-08  2.038785E-08
  1.875000E+03  6.153338E-07  1.064429E-04  5.873654E-07  1.915388E-04 -1.386059E-02  2.038598E-08  2.038947E-08
  1.876000E+03  3.161504E-07  1.062559E-04 -1.506956E-06  1.918904E-04 -1.897711E-02  2.038583E-08  2.039068E-08
  1.877000E+03 -5.861838E-07  1.061583E-04 -1.337584E-07  1.920402E-04 -1.316325E-02  2.038489E-08  2.038723E-08
  1.878000E+03  5.031861E-07  1.064590E-04  7.473805E-07  1.915149E-04 -1.519520E-02  2.038613E-08  2.039002E-08
  1.879000E+03  4.470868E-07  1.061938E-04 -1.393629E-06  1.920076E-04 -1.836223E-02  2.038658E-08  2.039105E-08
  1.880000E+03 -5.863798E-07  1.062221E-04 -3.966974E-07  1.919261E-04 -1.260588E-02  2.038517E-08  2.038755E-08
  1.881000E+03  3.751345E-07  1.064436E-04  8.573316E-07  1.915457E-04 -1.649400E-02  2.038604E-08  2.039023E-08
  1.882000E+03  5.606115E-07  1.061519E-04 -1.233448E-06  1.920826E-04 -1.734243E-02  2.038686E-08  2.039086E-08
  1.883000E+03 -5.556995E-07  1.062903E-04 -6.510660E-07  1.918080E-04 -1.257039E-02  2.038571E-08  2.038829E-08
  1.884000E+03  2.366095E-07  1.064026E-04  9.142000E-07  1.916194E-04 -1.754532E-02  2.038566E-08  2.039001E-08
  1.885000E+03  6.515969E-07  1.061334E-04 -1.032937E-06  1.921074E-04 -1.614186E-02  2.038636E-08  2.038990E-08
  1.886000E+03 -4.975524E-07  1.063517E-04 -8.836432E-07  1.917026E-04 -1.299998E-02  2.038617E-08  2.038910E-08
  1.887000E+03  9.347840E-08  1.063459E-04  9.198167E-07  1.917215E-04 -1.818753E-02  2.038543E-08  2.038978E-08
  1.888000E+03  7.165232E-07  1.061396E-04 -8.008746E-07  1.920839E-04 -1.497795E-02  2.038543E-08  2.038858E-08
  1.889000E+03 -4.156294E-07  1.063961E-04 -1.084199E-06  1.916253E-04 -1.380536E-02  2.038624E-08  2.038957E-08
  1.890000E+03 -4.633267E-08  1.062851E-04  8.748168E-07  1.918335E-04 -1.832143E-02  2.038561E-08  2.038979E-08
  1.891000E+03  7.532195E-07  1.061690E-04 -5.513311E-07  1.920211E-04 -1.404123E-02  2.038469E-08  2.038758E-08
  1.892000E+03 -3.124495E-07  1.064177E-04 -1.246215E-06  1.915885E-04 -1.483556E-02  2.038616E-08  2.038991E-08
  1.893000E+03 -1.768364E-07  1.062309E-04  7.791399E-07  1.919360E-04 -1.796686E-02  2.038624E-08  2.039013E-08
  1.894000E+03  7.614937E-07  1.062170E-04 -2.961729E-07  1.919345E-04 -1.344924E-02  2.038485E-08  2.038764E-08
  1.895000E+03 -1.912688E-07  1.064146E-04 -1.366520E-06  1.915979E-04 -1.592473E-02  2.038622E-08  2.039032E-08
  1.896000E+03 -2.929859E-07  1.061912E-04  6.350106E-07  1.920123E-04 -1.722620E-02  2.038699E-08  2.039051E-08
  1.897000E+03  7.421301E-07  1.062744E-04 -4.621211E-08  1.918398E-04 -1.325650E-02  2.038587E-08  2.038869E-08
  1.898000E+03 -5.747442E-08  1.063884E-04 -1.442081E-06  1.916487E-04 -1.689462E-02  2.038630E-08  2.039066E-08
  1.899000E+03 -3.880262E-07  1.061679E-04  4.474746E-07  1.920506E-04 -1.626553E-02  2.038690E-08  2.039006E-08
  1.900000E+03  6.954389E-07  1.063297E-04  1.847118E-07  1.917476E-04 -1.345069E-02  2.038662E-08  2.038960E-08
  1.901000E+03  7.990776E-08  1.063461E-04 -1.465799E-06  1.917274E-04 -1.757946E-02  2.038631E-08  2.039079E-08
  1.902000E+03 -4.546810E-07  1.061642E-04  2.284434E-07  1.920479E-04 -1.526956E-02  2.038624E-08  2.038908E-08
  1.903000E+03  6.218711E-07  1.063731E-04  3.815920E-07  1.916737E-04 -1.398016E-02  2.038694E-08  2.039014E-08
  1.904000E+03  2.124894E-07  1.062973E-04 -1.431403E-06  1.918198E-04 -1.785107E-02  2.038669E-08  2.039112E-08
  1.905000E+03 -4.904146E-07  1.061836E-04 -7.396680E-09  1.920093E-04 -1.440812E-02  2.038612E-08  2.038876E-08
  1.906000E+03  5.228400E-07  1.063978E-04  5.381242E-07  1.916346E-04 -1.477411E-02  2.038728E-08  2.039074E-08
  1.907000E+03  3.354096E-07  1.062514E-04 -1.337574E-06  1.919110E-04 -1.766054E-02  2.038764E-08  2.039186E-08
  1.908000E+03 -4.961340E-07  1.062226E-04 -2.495021E-07  1.919421E-04 -1.384408E-02  2.038664E-08  2.038922E-08
  1.909000E+03  4.041440E-07  1.063989E-04  6.511699E-07  1.916390E-04 -1.568005E-02  2.038768E-08  2.039136E-08
  1.910000E+03  4.427217E-07  1.062163E-04 -1.190877E-06  1.919790E-04 -1.709497E-02  2.038832E-08  2.039222E-08
  1.911000E+03 -4.723379E-07  1.062694E-04 -4.854971E-07  1.918614E-04 -1.365779E-02  2.038711E-08  2.038978E-08
  1.912000E+03  2.747677E-07  1.063773E-04  7.140440E-07  1.916794E-04 -1.648509E-02  2.038757E-08  2.039138E-08
  1.913000E+03  5.271223E-07  1.061962E-04 -1.003116E-06  1.920088E-04 -1.632580E-02  2.038787E-08  2.039144E-08
  1.914000E+03 -4.200049E-07  1.063119E-04 -6.998683E-07  1.917838E-04 -1.382730E-02  2.038696E-08  2.038983E-08
  1.915000E+03  1.447941E-07  1.063396E-04  7.200865E-07  1.917412E-04 -1.702072E-02  2.038673E-08  2.039055E-08
  1.916000E+03  5.844894E-07  1.061938E-04 -7.910253E-07  1.919981E-04 -1.552478E-02  2.038655E-08  2.038981E-08
  1.917000E+03 -3.439502E-07  1.063420E-04 -8.802134E-07  1.917237E-04 -1.429661E-02  2.038619E-08  2.038932E-08
  1.918000E+03  2.268859E-08  1.062961E-04  6.717304E-07  1.918120E-04 -1.717543E-02  2.038587E-08  2.038958E-08
  1.919000E+03  6.147886E-07  1.062111E-04 -5.715866E-07  1.919545E-04 -1.485879E-02  2.038545E-08  2.038850E-08
  1.920000E+03 -2.510446E-07  1.063563E-04 -1.020585E-06  1.916960E-04 -1.496284E-02  2.038580E-08  2.038920E-08
  1.921000E+03 -8.607422E-08  1.062586E-04  5.780978E-07  1.918791E-04 -1.695846E-02  2.038588E-08  2.038939E-08
  1.922000E+03  6.178503E-07  1.062424E-04 -3.556554E-07  1.918920E-04 -1.448450E-02  2.038493E-08  2.038790E-08
  1.923000E+03 -1.479924E-07  1.063526E-04 -1.114906E-06  1.917051E-04 -1.564816E-02  2.038585E-08  2.038947E-08
  1.924000E+03 -1.770333E-07  1.062348E-04  4.488442E-07  1.919231E-04 -1.648971E-02  2.038613E-08  2.038940E-08
  1.925000E+03  5.950341E-07  1.062762E-04 -1.533590E-07  1.918290E-04 -1.444018E-02  2.038473E-08  2.038772E-08
  1.926000E+03 -4.147074E-08  1.063323E-04 -1.160195E-06  1.917398E-04 -1.618923E-02  2.038547E-08  2.038921E-08
  1.927000E+03 -2.463266E-07  1.062245E-04  2.940823E-07  1.919350E-04 -1.590490E-02  2.038563E-08  2.038868E-08
  1.928000E+03  5.496811E-07  1.063040E-04  2.468328E-08  1.917762E-04 -1.464586E-02  2.038438E-08  2.038747E-08
  1.929000E+03  6.259072E-08  1.063028E-04 -1.158094E-06  1.917858E-04 -1.649918E-02  2.038459E-08  2.038835E-08
  1.930000E+03 -2.907402E-07  1.062283E-04  1.229777E-07  1.919200E-04 -1.532571E-02  2.038495E-08  2.038783E-08
  1.931000E+03  4.852585E-07  1.063228E-04  1.690473E-07  1.917425E-04 -1.502514E-02  2.038430E-08  2.038750E-08
  1.932000E+03  1.607254E-07  1.062731E-04 -1.112603E-06  1.918367E-04 -1.653675E-02  2.038430E-08  2.038798E-08
  1.933000E+03 -3.099623E-07  1.062459E-04 -5.777082E-08  1.918843E-04 -1.491187E-02  2.038465E-08  2.038747E-08
  1.934000E+03  4.076473E-07  1.063296E-04  2.740744E-07  1.917361E-04 -1.549811E-02  2.038478E-08  2.038810E-08
  1.935000E+03  2.483092E-07  1.062509E-04 -1.031583E-06  1.918814E-04 -1.631089E-02  2.038486E-08  2.038839E-08
  1.936000E+03 -3.061606E-07  1.062726E-04 -2.370164E-07  1.918381E-04 -1.475341E-02  2.038492E-08  2.038776E-08
  1.937000E+03  3.220909E-07  1.063227E-04  3.396348E-07  1.917573E-04 -1.595176E-02  2.038557E-08  2.038895E-08
  1.938000E+03  3.219499E-07  1.062405E-04 -9.226686E-07  1.919080E-04 -1.589458E-02  2.038583E-08  2.038916E-08
  1.939000E+03 -2.820708E-07  1.063002E-04 -4.056023E-07  1.917947E-04 -1.485199E-02  2.038556E-08  2.038852E-08
  1.940000E+03  2.313797E-07  1.063034E-04  3.688382E-07  1.917978E-04 -1.626985E-02  2.038607E-08  2.038945E-08
  1.941000E+03  3.793613E-07  1.062428E-04 -7.895108E-07  1.919085E-04 -1.540293E-02  2.038647E-08  2.038963E-08
  1.942000E+03 -2.406062E-07  1.063205E-04 -5.564423E-07  1.917630E-04 -1.516443E-02  2.038599E-08  2.038913E-08
  1.943000E+03  1.394061E-07  1.062774E-04  3.642082E-07  1.918459E-04 -1.635779E-02  2.038615E-08  2.038946E-08
  1.944000E+03  4.164883E-07  1.062568E-04 -6.364615E-07  1.918824E-04 -1.498594E-02  2.038652E-08  2.038956E-08
  1.945000E+03 -1.844360E-07  1.063283E-04 -6.791037E-07  1.917517E-04 -1.559883E-02  2.038615E-08  2.038947E-08
  1.946000E+03  5.330896E-08  1.062530E-04  3.250007E-07  1.918895E-04 -1.617888E-02  2.038617E-08  2.038933E-08
  1.947000E+03  4.307398E-07  1.062805E-04 -4.756490E-07  1.918364E-04 -1.478775E-02  2.038623E-08  2.038923E-08
  1.948000E+03 -1.162907E-07  1.063219E-04 -7.660441E-07  1.917671E-04 -1.604030E-02  2.038642E-08  2.038987E-08
  1.949000E+03 -2.272866E-08  1.062390E-04  2.531234E-07  1.919167E-04 -1.578443E-02  2.038650E-08  2.038948E-08
  1.950000E+03  4.236355E-07  1.063066E-04 -3.167789E-07  1.917870E-04 -1.487043E-02  2.038597E-08  2.038904E-08
  1.951000E+03 -3.835630E-08  1.063028E-04 -8.184470E-07  1.918051E-04 -1.635152E-02  2.038669E-08  2.039019E-08
  1.952000E+03 -8.603454E-08  1.062379E-04  1.506828E-07  1.919180E-04 -1.530395E-02  2.038658E-08  2.038940E-08
  1.953000E+03  3.986356E-07  1.063271E-04 -1.681813E-07  1.917490E-04 -1.516930E-02  2.038577E-08  2.038895E-08
  1.954000E+03  4.294605E-08  1.062763E-04 -8.377716E-07  1.918513E-04 -1.646564E-02  2.038648E-08  2.038996E-08
  1.955000E+03 -1.303467E-07  1.062480E-04  2.522404E-08  1.918949E-04 -1.486208E-02  2.038619E-08  2.038891E-08
  1.956000E+03  3.584016E-07  1.063386E-04 -4.471637E-08  1.917284E-04 -1.559301E-02  2.038565E-08  2.038897E-08
  1.957000E+03  1.200013E-07  1.062492E-04 -8.228508E-07  1.918967E-04 -1.637083E-02  2.038613E-08  2.038951E-08
  1.958000E+03 -1.512755E-07  1.062691E-04 -1.117066E-07  1.918555E-04 -1.453358E-02  2.038616E-08  2.038885E-08
  1.959000E+03  3.030751E-07  1.063391E-04  4.467432E-08  1.917306E-04 -1.608646E-02  2.038581E-08  2.038925E-08
  1.960000E+03  1.896203E-07  1.062276E-04 -7.712404E-07  1.919363E-04 -1.604283E-02  2.038631E-08  2.038952E-08
  1.961000E+03 -1.504000E-07  1.062989E-04 -2.523499E-07  1.918048E-04 -1.442841E-02  2.038651E-08  2.038926E-08
  1.962000E+03  2.358640E-07  1.063259E-04  1.004189E-07  1.917605E-04 -1.654843E-02  2.038632E-08  2.038983E-08
  1.963000E+03  2.472878E-07  1.062178E-04 -6.855232E-07  1.919574E-04 -1.553017E-02  2.038683E-08  2.038985E-08
  1.964000E+03 -1.313615E-07  1.063303E-04 -3.845170E-07  1.917526E-04 -1.462016E-02  2.038694E-08  2.038985E-08
  1.965000E+03  1.648249E-07  1.063005E-04  1.229415E-07  1.918140E-04 -1.684663E-02  2.038702E-08  2.039053E-08
  1.966000E+03  2.875587E-07  1.062232E-04 -5.772303E-07  1.919506E-04 -1.495423E-02  2.038733E-08  2.039016E-08
  1.967000E+03 -9.639023E-08  1.063536E-04 -4.953588E-07  1.917133E-04 -1.508168E-02  2.038709E-08  2.039024E-08
  1.968000E+03  9.557512E-08  1.062671E-04  1.119176E-07  1.918767E-04 -1.687992E-02  2.038728E-08  2.039068E-08
  1.969000E+03  3.089764E-07  1.062424E-04 -4.564024E-07  1.919130E-04 -1.446090E-02  2.038717E-08  2.038987E-08
  1.970000E+03 -4.748154E-08  1.063610E-04 -5.802410E-07  1.916972E-04 -1.569697E-02  2.038660E-08  2.038998E-08
  1.971000E+03  3.276881E-08  1.062334E-04  6.737451E-08  1.919313E-04 -1.661152E-02  2.038669E-08  2.038992E-08
  1.972000E+03  3.119987E-07  1.062720E-04 -3.327837E-07  1.918525E-04 -1.416593E-02  2.038649E-08  2.038917E-08
  1.973000E+03  1.121789E-08  1.063521E-04 -6.365356E-07  1.917093E-04 -1.633190E-02  2.038597E-08  2.038956E-08
  1.974000E+03 -1.792309E-08  1.062086E-04 -7.207022E-09  1.919691E-04 -1.608765E-02  2.038613E-08  2.038912E-08
  1.975000E+03  2.963480E-07  1.063073E-04 -2.175317E-07  1.917827E-04 -1.416633E-02  2.038586E-08  2.038862E-08
  1.976000E+03  7.476066E-08  1.063274E-04 -6.594520E-07  1.917509E-04 -1.685444E-02  2.038549E-08  2.038919E-08
  1.977000E+03 -5.374457E-08  1.061999E-04 -1.042436E-07  1.919787E-04 -1.541296E-02  2.038570E-08  2.038846E-08
  1.978000E+03  2.644198E-07  1.063395E-04 -1.182344E-07  1.917190E-04 -1.450994E-02  2.038515E-08  2.038809E-08
  1.979000E+03  1.366970E-07  1.062916E-04 -6.482858E-07  1.918135E-04 -1.711873E-02  2.038517E-08  2.038887E-08
  1.980000E+03 -7.388071E-08  1.062079E-04 -2.114720E-07  1.919563E-04 -1.474268E-02  2.038506E-08  2.038766E-08
  1.981000E+03  2.213631E-07  1.063615E-04 -4.093422E-08  1.916747E-04 -1.509632E-02  2.038449E-08  2.038766E-08
  1.982000E+03  1.910251E-07  1.062515E-04 -6.082481E-07  1.918821E-04 -1.708651E-02  2.038478E-08  2.038836E-08
  1.983000E+03 -7.877622E-08  1.062309E-04 -3.164519E-07  1.919080E-04 -1.418478E-02  2.038452E-08  2.038703E-08
  1.984000E+03  1.712613E-07  1.063706E-04  1.176858E-08  1.916579E-04 -1.580615E-02  2.038423E-08  2.038764E-08
  1.985000E+03  2.358799E-07  1.062145E-04 -5.459488E-07  1.919461E-04 -1.677151E-02  2.038459E-08  2.038796E-08
  1.986000E+03 -6.926187E-08  1.062668E-04 -4.147243E-07  1.918427E-04 -1.383326E-02  2.038456E-08  2.038708E-08
  1.987000E+03  1.175319E-07  1.063645E-04  3.861959E-08  1.916724E-04 -1.655709E-02  2.038435E-08  2.038796E-08
  1.988000E+03  2.698772E-07  1.061873E-04 -4.670706E-07  1.919960E-04 -1.619078E-02  2.038487E-08  2.038799E-08
  1.989000E+03 -4.579512E-08  1.063105E-04 -5.031169E-07  1.917675E-04 -1.379698E-02  2.038495E-08  2.038760E-08
  1.990000E+03  6.455210E-08  1.063413E-04  3.679290E-08  1.917207E-04 -1.720354E-02  2.038481E-08  2.038856E-08
  1.991000E+03  2.904410E-07  1.061782E-04 -3.782056E-07  1.920194E-04 -1.540383E-02  2.038586E-08  2.038868E-08
  1.992000E+03 -9.517618E-09  1.063545E-04 -5.754764E-07  1.916978E-04 -1.414244E-02  2.038588E-08  2.038878E-08
  1.993000E+03  1.455374E-08  1.063041E-04  6.673171E-09  1.917991E-04 -1.759052E-02  2.038587E-08  2.038963E-08
  1.994000E+03  2.974530E-07  1.061888E-04 -2.837370E-07  1.920073E-04 -1.457179E-02  2.038686E-08  2.038944E-08
  1.995000E+03  3.770295E-08  1.063873E-04 -6.299671E-07  1.916484E-04 -1.479887E-02  2.038672E-08  2.038994E-08
  1.996000E+03 -3.095843E-08  1.062596E-04 -4.927409E-08  1.918883E-04 -1.761503E-02  2.038680E-08  2.039044E-08
  1.997000E+03  2.905589E-07  1.062154E-04 -1.863853E-07  1.919582E-04 -1.389850E-02  2.038695E-08  2.038937E-08
  1.998000E+03  9.140951E-08  1.064006E-04 -6.620636E-07  1.916290E-04 -1.560594E-02  2.038696E-08  2.039048E-08
  1.999000E+03 -6.766474E-08  1.062171E-04 -1.257885E-07  1.919675E-04 -1.725986E-02  2.038720E-08  2.039061E-08
  2.000000E+03  2.693977E-07  1.062572E-04 -9.452178E-08  1.918819E-04 -1.350843E-02  2.038696E-08  2.038937E-08
  2.001000E+03  1.462742E-07  1.063927E-04 -6.664824E-07  1.916473E-04 -1.646749E-02  2.038710E-08  2.039089E-08
  2.002000E+03 -9.303984E-08  1.061860E-04 -2.143247E-07  1.920265E-04 -1.655349E-02  2.038774E-08  2.039085E-08
  2.003000E+03  2.344574E-07  1.063091E-04 -1.363854E-08  1.917921E-04 -1.349850E-02  2.038739E-08  2.038992E-08
  2.004000E+03  2.008268E-07  1.063627E-04 -6.429462E-07  1.917066E-04 -1.722768E-02  2.038741E-08  2.039136E-08
  2.005000E+03 -1.075650E-07  1.061730E-04 -3.115168E-07  1.920499E-04 -1.561615E-02  2.038802E-08  2.039081E-08
  2.006000E+03  1.895297E-07  1.063572E-04  5.398749E-08  1.917070E-04 -1.389976E-02  2.038745E-08  2.039022E-08
  2.007000E+03  2.521342E-07  1.063153E-04 -5.965645E-07  1.917922E-04 -1.768144E-02  2.038725E-08  2.039122E-08
  2.008000E+03 -1.093118E-07  1.061799E-04 -4.131206E-07  1.920274E-04 -1.466550E-02  2.038726E-08  2.038981E-08
  2.009000E+03  1.387864E-07  1.063907E-04  1.009121E-07  1.916440E-04 -1.461347E-02  2.038696E-08  2.039004E-08
  2.010000E+03  2.947142E-07  1.062615E-04 -5.310299E-07  1.918855E-04 -1.772099E-02  2.038683E-08  2.039067E-08
  2.011000E+03 -9.386893E-08  1.062085E-04 -5.118943E-07  1.919667E-04 -1.388301E-02  2.038652E-08  2.038893E-08
  2.012000E+03  8.444216E-08  1.064036E-04  1.163762E-07  1.916176E-04 -1.554777E-02  2.038635E-08  2.038976E-08
  2.013000E+03  3.252768E-07  1.062124E-04 -4.479777E-07  1.919718E-04 -1.730866E-02  2.038673E-08  2.039029E-08
  2.014000E+03 -6.168906E-08  1.062560E-04 -6.008398E-07  1.918779E-04 -1.344103E-02  2.038634E-08  2.038876E-08
  2.015000E+03  2.810719E-08  1.063904E-04  9.991181E-08  1.916390E-04 -1.654140E-02  2.038576E-08  2.038944E-08
  2.016000E+03  3.425917E-07  1.061784E-04 -3.495910E-07  1.920296E-04 -1.649674E-02  2.038662E-08  2.038982E-08
  2.017000E+03 -1.677827E-08  1.063111E-04 -6.740573E-07  1.917784E-04 -1.345424E-02  2.038633E-08  2.038893E-08
  2.018000E+03 -2.579505E-08  1.063538E-04  5.578417E-08  1.917043E-04 -1.734296E-02  2.038542E-08  2.038925E-08
  2.019000E+03  3.440662E-07  1.061670E-04 -2.425400E-07  1.920449E-04 -1.547914E-02  2.038640E-08  2.038923E-08
  2.020000E+03  3.669713E-08  1.063605E-04 -7.227721E-07  1.916899E-04 -1.392716E-02  2.038626E-08  2.038917E-08
  2.021000E+03 -7.282604E-08  1.063037E-04 -1.143223E-08  1.917978E-04 -1.775514E-02  2.038560E-08  2.038942E-08
  2.022000E+03  3.295615E-07  1.061817E-04 -1.356250E-07  1.920140E-04 -1.452080E-02  2.038622E-08  2.038877E-08
  2.023000E+03  9.383190E-08  1.063897E-04 -7.425089E-07  1.916352E-04 -1.475890E-02  2.038578E-08  2.038905E-08
  2.024000E+03 -1.087045E-07  1.062510E-04 -9.554369E-08  1.918927E-04 -1.766383E-02  2.038562E-08  2.038927E-08
  2.025000E+03  3.013148E-07  1.062162E-04 -3.936291E-08  1.919437E-04 -1.384601E-02  2.038558E-08  2.038799E-08
  2.026000E+03  1.509185E-07  1.063929E-04 -7.345910E-07  1.916245E-04 -1.571103E-02  2.038496E-08  2.038856E-08
  2.027000E+03 -1.305677E-07  1.062074E-04 -1.915493E-07  1.919662E-04 -1.712807E-02  2.038524E-08  2.038861E-08
  2.028000E+03  2.620845E-07  1.062629E-04  3.813396E-08  1.918531E-04 -1.356140E-02  2.038498E-08  2.038742E-08
  2.029000E+03  2.048616E-07  1.063734E-04 -7.019128E-07  1.916570E-04 -1.658850E-02  2.038441E-08  2.038823E-08
  2.030000E+03 -1.372857E-07  1.061823E-04 -2.941963E-07  1.920070E-04 -1.631186E-02  2.038504E-08  2.038810E-08
  2.031000E+03  2.146028E-07  1.063119E-04  9.225717E-08  1.917648E-04 -1.369762E-02  2.038496E-08  2.038756E-08
  2.032000E+03  2.522454E-07  1.063387E-04 -6.470422E-07  1.917237E-04 -1.721661E-02  2.038464E-08  2.038855E-08
  2.033000E+03 -1.298723E-07  1.061796E-04 -3.957531E-07  1.920120E-04 -1.541538E-02  2.038534E-08  2.038811E-08
  2.034000E+03  1.642011E-07  1.063519E-04  1.204829E-07  1.916961E-04 -1.420777E-02  2.038519E-08  2.038804E-08
  2.035000E+03  2.885314E-07  1.062957E-04 -5.768091E-07  1.918069E-04 -1.747918E-02  2.038513E-08  2.038900E-08
  2.036000E+03 -1.102028E-07  1.061968E-04 -4.854959E-07  1.919826E-04 -1.460235E-02  2.038576E-08  2.038834E-08
  2.037000E+03  1.136737E-07  1.063767E-04  1.241881E-07  1.916552E-04 -1.496859E-02  2.038537E-08  2.038852E-08
  2.038000E+03  3.137024E-07  1.062501E-04 -4.968136E-07  1.918911E-04 -1.736690E-02  2.038537E-08  2.038906E-08
  2.039000E+03 -8.102326E-08  1.062294E-04 -5.610402E-07  1.919244E-04 -1.397602E-02  2.038602E-08  2.038851E-08
  2.040000E+03  6.365421E-08  1.063832E-04  1.083494E-07  1.916462E-04 -1.583984E-02  2.038538E-08  2.038881E-08
  2.041000E+03  3.278251E-07  1.062103E-04 -4.083861E-07  1.919629E-04 -1.691453E-02  2.038551E-08  2.038893E-08
  2.042000E+03 -4.373320E-08  1.062709E-04 -6.213230E-07  1.918465E-04 -1.366835E-02  2.038579E-08  2.038833E-08
  2.043000E+03  1.741483E-08  1.063696E-04  7.297894E-08  1.916720E-04 -1.663818E-02  2.038525E-08  2.038890E-08
  2.044000E+03  3.288074E-07  1.061863E-04 -3.163120E-07  1.920076E-04 -1.619396E-02  2.038590E-08  2.038901E-08
  2.045000E+03 -4.165685E-10  1.063172E-04 -6.603573E-07  1.917649E-04 -1.376980E-02  2.038597E-08  2.038867E-08
  2.046000E+03 -2.136002E-08  1.063384E-04  1.911208E-08  1.917334E-04 -1.724094E-02  2.038559E-08  2.038933E-08
  2.047000E+03  3.181984E-07  1.061831E-04 -2.293201E-07  1.920203E-04 -1.529739E-02  2.038694E-08  2.038972E-08
  2.048000E+03  4.654923E-08  1.063613E-04 -6.792219E-07  1.916938E-04 -1.427667E-02  2.038672E-08  2.038971E-08
  2.049000E+03 -5.135624E-08  1.062932E-04 -4.959824E-08  1.918220E-04 -1.755430E-02  2.038623E-08  2.038994E-08
  2.050000E+03  2.980857E-07  1.061997E-04 -1.518371E-07  1.919943E-04 -1.439807E-02  2.038763E-08  2.039016E-08
  2.051000E+03  9.429651E-08  1.063910E-04 -6.796582E-07  1.916465E-04 -1.507130E-02  2.038716E-08  2.039049E-08
  2.052000E+03 -6.983362E-08  1.062422E-04 -1.297341E-07  1.919167E-04 -1.747261E-02  2.038655E-08  2.039010E-08
  2.053000E+03  2.688867E-07  1.062344E-04 -8.972635E-08  1.919281E-04 -1.371849E-02  2.038745E-08  2.038985E-08
  2.054000E+03  1.381539E-07  1.063987E-04 -6.585080E-07  1.916373E-04 -1.599043E-02  2.038734E-08  2.039099E-08
  2.055000E+03 -7.589810E-08  1.061989E-04 -2.126735E-07  1.919984E-04 -1.695348E-02  2.038709E-08  2.039036E-08
  2.056000E+03  2.314633E-07  1.062851E-04 -4.552190E-08  1.918369E-04 -1.343076E-02  2.038756E-08  2.039000E-08
  2.057000E+03  1.760980E-07  1.063806E-04 -6.157726E-07  1.916754E-04 -1.690010E-02  2.038762E-08  2.039150E-08
  2.058000E+03 -7.206818E-08  1.061735E-04 -2.921963E-07  1.920509E-04 -1.604255E-02  2.038809E-08  2.039101E-08
  2.059000E+03  1.897367E-07  1.063428E-04 -1.751774E-08  1.917369E-04 -1.364799E-02  2.038793E-08  2.039057E-08
  2.060000E+03  2.057435E-07  1.063348E-04 -5.572900E-07  1.917577E-04 -1.761772E-02  2.038736E-08  2.039133E-08
  2.061000E+03 -5.955178E-08  1.061714E-04 -3.624754E-07  1.920518E-04 -1.491546E-02  2.038814E-08  2.039072E-08
  2.062000E+03  1.482785E-07  1.063908E-04 -7.198054E-09  1.916492E-04 -1.434632E-02  2.038761E-08  2.039061E-08
  2.063000E+03  2.242087E-07  1.062702E-04 -4.897811E-07  1.918651E-04 -1.790872E-02  2.038628E-08  2.039016E-08
  2.064000E+03 -3.646390E-08  1.061954E-04 -4.193331E-07  1.919945E-04 -1.385026E-02  2.038697E-08  2.038930E-08
  2.065000E+03  1.085547E-07  1.064168E-04 -1.960485E-08  1.915964E-04 -1.540006E-02  2.038665E-08  2.039006E-08
  2.066000E+03  2.325240E-07  1.062045E-04 -4.170734E-07  1.919761E-04 -1.762146E-02  2.038557E-08  2.038917E-08
  2.067000E+03 -3.730606E-09  1.062460E-04 -4.640476E-07  1.918906E-04 -1.315347E-02  2.038585E-08  2.038813E-08
  2.068000E+03  7.292823E-08  1.064110E-04 -5.489894E-08  1.916022E-04 -1.660896E-02  2.038576E-08  2.038954E-08
  2.069000E+03  2.321097E-07  1.061563E-04 -3.451302E-07  1.920617E-04 -1.674956E-02  2.038571E-08  2.038890E-08
  2.070000E+03  3.359474E-08  1.063131E-04 -4.951496E-07  1.917661E-04 -1.303860E-02  2.038551E-08  2.038795E-08
  2.071000E+03  4.557218E-08  1.063715E-04 -1.064963E-07  1.916711E-04 -1.767734E-02  2.038516E-08  2.038918E-08
  2.072000E+03  2.206248E-07  1.061364E-04 -2.803341E-07  1.920967E-04 -1.548222E-02  2.038601E-08  2.038873E-08
  2.073000E+03  7.216578E-08  1.063804E-04 -5.050719E-07  1.916487E-04 -1.353948E-02  2.038579E-08  2.038859E-08
  2.074000E+03  2.937246E-08  1.063064E-04 -1.701419E-07  1.917869E-04 -1.835221E-02  2.038474E-08  2.038880E-08
  2.075000E+03  1.976421E-07  1.061502E-04 -2.281187E-07  1.920689E-04 -1.412266E-02  2.038613E-08  2.038845E-08
  2.076000E+03  1.074803E-07  1.064296E-04 -4.891040E-07  1.915655E-04 -1.457278E-02  2.038608E-08  2.038936E-08
  2.077000E+03  2.426919E-08  1.062301E-04 -2.367376E-07  1.919226E-04 -1.841326E-02  2.038451E-08  2.038839E-08
  2.078000E+03  1.685259E-07  1.061963E-04 -1.929531E-07  1.919794E-04 -1.302709E-02  2.038576E-08  2.038786E-08
  2.079000E+03  1.335741E-07  1.064460E-04 -4.529223E-07  1.915389E-04 -1.592321E-02  2.038596E-08  2.038971E-08
  2.080000E+03  3.027700E-08  1.061615E-04 -2.943112E-07  1.920445E-04 -1.777985E-02  2.038451E-08  2.038802E-08
  2.081000E+03  1.378676E-07  1.062654E-04 -1.787950E-07  1.918477E-04 -1.248143E-02  2.038519E-08  2.038731E-08
  2.082000E+03  1.483324E-07  1.064236E-04 -4.039435E-07  1.915775E-04 -1.730068E-02  2.038532E-08  2.038945E-08
  2.083000E+03  4.739860E-08  1.061168E-04 -3.386156E-07  1.921222E-04 -1.657221E-02  2.038460E-08  2.038761E-08
  2.084000E+03  1.071912E-07  1.063434E-04 -1.869536E-07  1.917058E-04 -1.259581E-02  2.038503E-08  2.038741E-08
  2.085000E+03  1.536817E-07  1.063691E-04 -3.468783E-07  1.916744E-04 -1.839799E-02  2.038479E-08  2.038911E-08
  2.086000E+03  7.328533E-08  1.061063E-04 -3.715126E-07  1.921407E-04 -1.507307E-02  2.038502E-08  2.038755E-08
  2.087000E+03  7.974762E-08  1.064131E-04 -2.154911E-07  1.915858E-04 -1.334531E-02  2.038543E-08  2.038825E-08
  2.088000E+03  1.497897E-07  1.062954E-04 -2.884026E-07  1.918099E-04 -1.895565E-02  2.038484E-08  2.038913E-08
  2.089000E+03  1.047599E-07  1.061329E-04 -3.906206E-07  1.920958E-04 -1.363322E-02  2.038578E-08  2.038794E-08
  2.090000E+03  5.984854E-08  1.064600E-04 -2.617118E-07  1.915126E-04 -1.459120E-02  2.038626E-08  2.038961E-08
  2.091000E+03  1.357605E-07  1.062157E-04 -2.364139E-07  1.919575E-04 -1.884216E-02  2.038529E-08  2.038931E-08
  2.092000E+03  1.381518E-07  1.061896E-04 -3.909993E-07  1.919960E-04 -1.251984E-02  2.038637E-08  2.038835E-08
  2.093000E+03  4.856153E-08  1.064742E-04 -3.191536E-07  1.914952E-04 -1.611195E-02  2.038665E-08  2.039053E-08
  2.094000E+03  1.124232E-07  1.061431E-04 -1.937668E-07  1.920875E-04 -1.808490E-02  2.038542E-08  2.038899E-08
  2.095000E+03  1.707399E-07  1.062648E-04 -3.719861E-07  1.918572E-04 -1.192617E-02  2.038621E-08  2.038823E-08
  2.096000E+03  4.607291E-08  1.064536E-04 -3.825075E-07  1.915352E-04 -1.761399E-02  2.038646E-08  2.039078E-08
  2.097000E+03  8.151407E-08  1.060930E-04 -1.623211E-07  1.921763E-04 -1.682119E-02  2.038567E-08  2.038871E-08
  2.098000E+03  1.975587E-07  1.063479E-04 -3.328220E-07  1.917074E-04 -1.197154E-02  2.038623E-08  2.038850E-08
  2.099000E+03  5.369354E-08  1.064030E-04 -4.429180E-07  1.916330E-04 -1.881306E-02  2.038671E-08  2.039129E-08
  2.100000E+03  4.541742E-08  1.060760E-04 -1.467510E-07  1.922122E-04 -1.525184E-02  2.038674E-08  2.038923E-08
  2.101000E+03  2.168717E-07  1.064284E-04 -2.768121E-07  1.915723E-04 -1.267988E-02  2.038710E-08  2.038983E-08
  2.102000E+03  7.284581E-08  1.063265E-04 -4.981120E-07  1.917780E-04 -1.954158E-02  2.038719E-08  2.039181E-08
  2.103000E+03  6.796231E-09  1.060949E-04 -1.521928E-07  1.921845E-04 -1.358977E-02  2.038792E-08  2.038995E-08
  2.104000E+03  2.277278E-07  1.064917E-04 -2.084939E-07  1.914695E-04 -1.399019E-02  2.038792E-08  2.039124E-08
  2.105000E+03  1.042255E-07  1.062320E-04 -5.467743E-07  1.919485E-04 -1.964834E-02  2.038713E-08  2.039156E-08
  2.106000E+03 -3.114546E-08  1.061487E-04 -1.827862E-07  1.920860E-04 -1.211028E-02  2.038818E-08  2.038991E-08
  2.107000E+03  2.286200E-07  1.065228E-04 -1.330162E-07  1.914204E-04 -1.570880E-02  2.038813E-08  2.039210E-08
  2.108000E+03  1.463797E-07  1.061377E-04 -5.846329E-07  1.921130E-04 -1.902471E-02  2.038675E-08  2.039076E-08
  2.109000E+03 -6.669833E-08  1.062322E-04 -2.370738E-07  1.919292E-04 -1.114755E-02  2.038779E-08  2.038948E-08
  2.110000E+03  2.185790E-07  1.065127E-04 -5.298464E-08  1.914442E-04 -1.754594E-02  2.038810E-08  2.039263E-08
  2.111000E+03  1.953679E-07  1.060642E-04 -6.063691E-07  1.922419E-04 -1.768081E-02  2.038680E-08  2.039023E-08
  2.112000E+03 -9.648098E-08  1.063347E-04 -3.100306E-07  1.917403E-04 -1.096265E-02  2.038742E-08  2.038938E-08
  2.113000E+03  1.951803E-07  1.064577E-04  2.688060E-08  1.915464E-04 -1.919217E-02  2.038783E-08  2.039273E-08
  2.114000E+03  2.463151E-07  1.060263E-04 -6.029402E-07  1.923071E-04 -1.577404E-02  2.038709E-08  2.038984E-08
  2.115000E+03 -1.142626E-07  1.064394E-04 -3.971918E-07  1.915512E-04 -1.164266E-02  2.038722E-08  2.038973E-08
  2.116000E+03  1.546815E-07  1.063625E-04  9.726092E-08  1.917149E-04 -2.034661E-02  2.038705E-08  2.039206E-08
  2.117000E+03  2.978328E-07  1.060339E-04 -5.656381E-07  1.922871E-04 -1.361712E-02  2.038706E-08  2.038919E-08
  2.118000E+03 -1.170077E-07  1.065256E-04 -4.983641E-07  1.913966E-04 -1.313952E-02  2.038687E-08  2.039015E-08
  2.119000E+03  9.771977E-08  1.062413E-04  1.515120E-07  1.919234E-04 -2.071929E-02  2.038581E-08  2.039062E-08
  2.120000E+03  3.491271E-07  1.060900E-04 -4.950637E-07  1.921723E-04 -1.164981E-02  2.038618E-08  2.038788E-08
  2.121000E+03 -1.046993E-07  1.065703E-04 -6.119668E-07  1.913130E-04 -1.523450E-02  2.038593E-08  2.039006E-08
  2.122000E+03  3.105378E-08  1.061184E-04  1.838167E-07  1.921302E-04 -2.009478E-02  2.038443E-08  2.038873E-08
  2.123000E+03  3.946903E-07  1.061881E-04 -4.000860E-07  1.919783E-04 -1.032898E-02  2.038473E-08  2.038633E-08
  2.124000E+03 -7.717112E-08  1.065613E-04 -7.270750E-07  1.913274E-04 -1.753026E-02  2.038497E-08  2.038986E-08
  2.125000E+03 -3.754553E-08  1.060214E-04  1.871924E-07  1.922923E-04 -1.851878E-02  2.038361E-08  2.038718E-08
  2.126000E+03  4.266948E-07  1.063122E-04 -2.896229E-07  1.917442E-04 -9.970875E-03  2.038374E-08  2.038560E-08
  2.127000E+03 -3.281134E-08  1.064985E-04 -8.293385E-07  1.914426E-04 -1.959866E-02  2.038444E-08  2.038986E-08
  2.128000E+03 -1.059298E-07  1.059715E-04  1.565624E-07  1.923763E-04 -1.626477E-02  2.038371E-08  2.038645E-08
  2.129000E+03  4.413292E-07  1.064393E-04 -1.647307E-07  1.915176E-04 -1.066776E-02  2.038384E-08  2.038630E-08
  2.130000E+03  2.854191E-08  1.063906E-04 -9.112374E-07  1.916399E-04 -2.104551E-02  2.038416E-08  2.038979E-08
  2.131000E+03 -1.729397E-07  1.059790E-04  9.060940E-08  1.923603E-04 -1.374723E-02  2.038422E-08  2.038621E-08
  2.132000E+03  4.375207E-07  1.065425E-04 -2.682097E-08  1.913410E-04 -1.232887E-02  2.038439E-08  2.038766E-08
  2.133000E+03  1.026674E-07  1.062570E-04 -9.670041E-07  1.918805E-04 -2.153951E-02  2.038392E-08  2.038939E-08
  2.134000E+03 -2.335485E-07  1.060423E-04 -6.485022E-09  1.922413E-04 -1.149044E-02  2.038436E-08  2.038584E-08
  2.135000E+03  4.134698E-07  1.065983E-04  1.155452E-07  1.912496E-04 -1.463455E-02  2.038470E-08  2.038885E-08
  2.136000E+03  1.845787E-07  1.061245E-04 -9.887566E-07  1.921138E-04 -2.093942E-02  2.038352E-08  2.038848E-08
  2.137000E+03 -2.815059E-07  1.061490E-04 -1.300485E-07  1.920422E-04 -9.951834E-03  2.038407E-08  2.038541E-08
  2.138000E+03  3.682663E-07  1.065966E-04  2.505868E-07  1.912598E-04 -1.715198E-02  2.038464E-08  2.038957E-08
  2.139000E+03  2.713079E-07  1.060190E-04 -9.721267E-07  1.922990E-04 -1.932590E-02  2.038355E-08  2.038774E-08
  2.140000E+03 -3.142177E-07  1.062820E-04 -2.763371E-07  1.918013E-04 -9.418398E-03  2.038412E-08  2.038571E-08
  2.141000E+03  3.048908E-07  1.065402E-04  3.705409E-07  1.913729E-04 -1.943347E-02  2.038506E-08  2.039054E-08
  2.142000E+03  3.592755E-07  1.059618E-04 -9.200409E-07  1.924053E-04 -1.701544E-02  2.038467E-08  2.038799E-08
  2.143000E+03 -3.280699E-07  1.064180E-04 -4.412497E-07  1.915678E-04 -9.974002E-03  2.038525E-08  2.038743E-08
  2.144000E+03  2.272191E-07  1.064402E-04  4.648296E-07  1.915698E-04 -2.106750E-02  2.038620E-08  2.039188E-08
  2.145000E+03  4.417353E-07  1.059599E-04 -8.345157E-07  1.924149E-04 -1.445102E-02  2.038613E-08  2.038865E-08
  2.146000E+03 -3.192944E-07  1.065313E-04 -6.144546E-07  1.913798E-04 -1.148403E-02  2.038658E-08  2.038960E-08
  2.147000E+03  1.373758E-07  1.063112E-04  5.240632E-07  1.918104E-04 -2.178871E-02  2.038677E-08  2.039230E-08
  2.148000E+03  5.147904E-07  1.060097E-04 -7.164863E-07  1.923237E-04 -1.206038E-02  2.038669E-08  2.038860E-08
  2.149000E+03 -2.884881E-07  1.066027E-04 -7.876104E-07  1.912609E-04 -1.368942E-02  2.038703E-08  2.039099E-08
  2.150000E+03  3.768523E-08  1.061750E-04  5.474528E-07  1.920541E-04 -2.147804E-02  2.038665E-08  2.039171E-08
  2.151000E+03  5.746197E-07  1.061042E-04 -5.673538E-07  1.921475E-04 -1.023133E-02  2.038659E-08  2.038821E-08
  2.152000E+03 -2.386945E-07  1.066229E-04 -9.504347E-07  1.912336E-04 -1.621910E-02  2.038720E-08  2.039208E-08
  2.153000E+03 -6.667342E-08  1.060562E-04  5.366826E-07  1.922646E-04 -2.018750E-02  2.038669E-08  2.039102E-08
  2.154000E+03  6.162818E-07  1.062306E-04 -3.932979E-07  1.919184E-04 -9.271853E-03  2.038672E-08  2.038840E-08
  2.155000E+03 -1.717123E-07  1.065886E-04 -1.091460E-06  1.913066E-04 -1.867750E-02  2.038754E-08  2.039316E-08
  2.156000E+03 -1.692255E-07  1.059740E-04  4.898274E-07  1.924094E-04 -1.810855E-02  2.038705E-08  2.039050E-08
  2.157000E+03  6.361509E-07  1.063688E-04 -2.042266E-07  1.916707E-04 -9.360549E-03  2.038689E-08  2.038898E-08
  2.158000E+03 -8.726376E-08  1.065017E-04 -1.203637E-06  1.914701E-04 -2.067301E-02  2.038753E-08  2.039359E-08
  2.159000E+03 -2.655830E-07  1.059411E-04  4.025751E-07  1.924611E-04 -1.554064E-02  2.038707E-08  2.038965E-08
  2.160000E+03  6.326146E-07  1.064977E-04 -7.578011E-09  1.914410E-04 -1.049945E-02  2.038690E-08  2.038971E-08
  2.161000E+03  1.441887E-08  1.063752E-04 -1.283528E-06  1.916994E-04 -2.189550E-02  2.038718E-08  2.039333E-08
  2.162000E+03 -3.519554E-07  1.059644E-04  2.721493E-07  1.924094E-04 -1.289197E-02  2.038684E-08  2.038869E-08
  2.163000E+03  6.054218E-07  1.065949E-04  1.892462E-07  1.912700E-04 -1.251295E-02  2.038680E-08  2.039052E-08
  2.164000E+03  1.280258E-07  1.062301E-04 -1.326085E-06  1.919574E-04 -2.210342E-02  2.038668E-08  2.039254E-08
  2.165000E+03 -4.229053E-07  1.060428E-04  1.045675E-07  1.922582E-04 -1.063958E-02  2.038645E-08  2.038785E-08
  2.166000E+03  5.537847E-07  1.066408E-04  3.759940E-07  1.911925E-04 -1.508189E-02  2.038661E-08  2.039125E-08
  2.167000E+03  2.475461E-07  1.060917E-04 -1.324582E-06  1.921998E-04 -2.118450E-02  2.038622E-08  2.039147E-08
  2.168000E+03 -4.743292E-07  1.061654E-04 -9.160284E-08  1.920291E-04 -9.214959E-03  2.038598E-08  2.038733E-08
  2.169000E+03  4.773973E-07  1.066232E-04  5.446813E-07  1.912278E-04 -1.778606E-02  2.038610E-08  2.039152E-08
  2.170000E+03  3.662686E-07  1.059848E-04 -1.272663E-06  1.923800E-04 -1.923932E-02  2.038559E-08  2.038995E-08
  2.171000E+03 -5.007306E-07  1.063099E-04 -3.075783E-07  1.917588E-04 -8.921900E-03  2.038504E-08  2.038675E-08
  2.172000E+03  3.789376E-07  1.065430E-04  6.819723E-07  1.913714E-04 -2.012379E-02  2.038516E-08  2.039105E-08
  2.173000E+03  4.765908E-07  1.059302E-04 -1.169204E-06  1.924594E-04 -1.662864E-02  2.038445E-08  2.038785E-08
  2.174000E+03 -4.974937E-07  1.064487E-04 -5.320319E-07  1.914998E-04 -9.809854E-03  2.038391E-08  2.038635E-08
  2.175000E+03  2.612051E-07  1.064165E-04  7.761965E-07  1.915944E-04 -2.165996E-02  2.038403E-08  2.039002E-08
  2.176000E+03  5.741853E-07  1.059391E-04 -1.016129E-06  1.924252E-04 -1.384932E-02  2.038340E-08  2.038595E-08
  2.177000E+03 -4.646203E-07  1.065567E-04 -7.562664E-07  1.913034E-04 -1.170088E-02  2.038327E-08  2.038665E-08
  2.178000E+03  1.314084E-07  1.062687E-04  8.211902E-07  1.918560E-04 -2.210887E-02  2.038332E-08  2.038901E-08
  2.179000E+03  6.558885E-07  1.060093E-04 -8.252147E-07  1.922869E-04 -1.142465E-02  2.038286E-08  2.038482E-08
  2.180000E+03 -4.070921E-07  1.066144E-04 -9.696622E-07  1.912056E-04 -1.423526E-02  2.038322E-08  2.038761E-08
  2.181000E+03  2.027875E-10  1.061271E-04  8.178474E-07  1.921078E-04 -2.139299E-02  2.038317E-08  2.038822E-08
  2.182000E+03  7.147510E-07  1.061256E-04 -6.119280E-07  1.920714E-04 -9.797250E-03  2.038272E-08  2.038448E-08
  2.183000E+03 -3.263481E-07  1.066110E-04 -1.157024E-06  1.912214E-04 -1.693622E-02  2.038337E-08  2.038864E-08
  2.184000E+03 -1.260712E-07  1.060180E-04  7.636348E-07  1.923022E-04 -1.964960E-02  2.038356E-08  2.038772E-08
  2.185000E+03  7.458517E-07  1.062674E-04 -3.847989E-07  1.918188E-04 -9.266209E-03  2.038321E-08  2.038517E-08
  2.186000E+03 -2.239360E-07  1.065493E-04 -1.307140E-06  1.913466E-04 -1.932460E-02  2.038404E-08  2.038991E-08
  2.187000E+03 -2.434014E-07  1.059601E-04  6.582299E-07  1.924069E-04 -1.723061E-02  2.038443E-08  2.038764E-08
  2.188000E+03  7.475237E-07  1.064074E-04 -1.504630E-07  1.915774E-04 -9.874404E-03  2.038426E-08  2.038675E-08
  2.189000E+03 -1.066042E-07  1.064433E-04 -1.410885E-06  1.915517E-04 -2.099200E-02  2.038490E-08  2.039103E-08
  2.190000E+03 -3.461484E-07  1.059587E-04  5.103677E-07  1.924074E-04 -1.461694E-02  2.038505E-08  2.038743E-08
  2.191000E+03  7.196385E-07  1.065185E-04  7.985710E-08  1.913876E-04 -1.142541E-02  2.038499E-08  2.038823E-08
  2.192000E+03  1.921955E-08  1.063137E-04 -1.462503E-06  1.917921E-04 -2.166613E-02  2.038533E-08  2.039133E-08
  2.193000E+03 -4.295517E-07  1.060105E-04  3.288919E-07  1.923082E-04 -1.228806E-02  2.038515E-08  2.038694E-08
  2.194000E+03  6.641948E-07  1.065843E-04  2.948856E-07  1.912791E-04 -1.359490E-02  2.038545E-08  2.038949E-08
  2.195000E+03  1.482887E-07  1.061856E-04 -1.461521E-06  1.920277E-04 -2.126670E-02  2.038596E-08  2.039148E-08
  2.196000E+03 -4.900341E-07  1.061070E-04  1.212842E-07  1.921338E-04 -1.062972E-02  2.038559E-08  2.038713E-08
  2.197000E+03  5.859529E-07  1.065969E-04  4.833620E-07  1.912697E-04 -1.600758E-02  2.038615E-08  2.039092E-08
  2.198000E+03  2.754028E-07  1.060807E-04 -1.413055E-06  1.922205E-04 -1.992152E-02  2.038685E-08  2.039163E-08
  2.199000E+03 -5.249184E-07  1.062301E-04 -1.042960E-07  1.919182E-04 -9.877235E-03  2.038650E-08  2.038816E-08
  2.200000E+03  4.894287E-07  1.065565E-04  6.360428E-07  1.913567E-04 -1.826056E-02  2.038690E-08  2.039219E-08
  2.201000E+03  3.946604E-07  1.060128E-04 -1.321130E-06  1.923391E-04 -1.791915E-02  2.038713E-08  2.039107E-08
  2.202000E+03 -5.318155E-07  1.063554E-04 -3.380341E-07  1.916952E-04 -1.010347E-02  2.038677E-08  2.038887E-08
  2.203000E+03  3.775016E-07  1.064714E-04  7.456636E-07  1.915170E-04 -1.996281E-02  2.038703E-08  2.039255E-08
  2.204000E+03  5.012548E-07  1.059923E-04 -1.187420E-06  1.923662E-04 -1.561361E-02  2.038685E-08  2.038999E-08
  2.205000E+03 -5.109571E-07  1.064626E-04 -5.700735E-07  1.915022E-04 -1.124330E-02  2.038653E-08  2.038932E-08
  2.206000E+03  2.530436E-07  1.063583E-04  8.102329E-07  1.917239E-04 -2.083791E-02  2.038699E-08  2.039241E-08
  2.207000E+03  5.916295E-07  1.060236E-04 -1.014653E-06  1.923006E-04 -1.340973E-02  2.038658E-08  2.038908E-08
  2.208000E+03 -4.660705E-07  1.065346E-04 -7.900782E-07  1.913761E-04 -1.307345E-02  2.038644E-08  2.039004E-08
  2.209000E+03  1.225474E-07  1.062384E-04  8.316856E-07  1.919404E-04 -2.076713E-02  2.038704E-08  2.039205E-08
  2.210000E+03  6.613234E-07  1.060992E-04 -8.120591E-07  1.921586E-04 -1.168958E-02  2.038648E-08  2.038860E-08
  2.211000E+03 -3.981203E-07  1.065597E-04 -9.882591E-07  1.913374E-04 -1.524102E-02  2.038648E-08  2.039085E-08
  2.212000E+03 -8.027239E-09  1.061320E-04  8.068606E-07  1.921278E-04 -1.979431E-02  2.038693E-08  2.039129E-08
  2.213000E+03  7.061815E-07  1.062039E-04 -5.880586E-07  1.919645E-04 -1.074595E-02  2.038621E-08  2.038829E-08
  2.214000E+03 -3.069798E-07  1.065334E-04 -1.156376E-06  1.913890E-04 -1.736584E-02  2.038624E-08  2.039124E-08
  2.215000E+03 -1.330713E-07  1.060569E-04  7.307047E-07  1.922523E-04 -1.810941E-02  2.038634E-08  2.038994E-08
  2.216000E+03  7.255048E-07  1.063168E-04 -3.533244E-07  1.917524E-04 -1.073020E-02  2.038533E-08  2.038768E-08
  2.217000E+03 -1.996748E-07  1.064621E-04 -1.287011E-06  1.915168E-04 -1.905969E-02  2.038559E-08  2.039094E-08
  2.218000E+03 -2.439016E-07  1.060265E-04  6.099067E-07  1.922917E-04 -1.605566E-02  2.038538E-08  2.038823E-08
  2.219000E+03  7.173536E-07  1.064172E-04 -1.236454E-07  1.915653E-04 -1.159191E-02  2.038448E-08  2.038734E-08
  2.220000E+03 -8.329779E-08  1.063624E-04 -1.370201E-06  1.916944E-04 -2.002736E-02  2.038499E-08  2.039039E-08
  2.221000E+03 -3.327947E-07  1.060467E-04  4.521103E-07  1.922444E-04 -1.403041E-02  2.038488E-08  2.038714E-08
  2.222000E+03  6.783742E-07  1.064872E-04  8.832839E-08  1.914405E-04 -1.314596E-02  2.038421E-08  2.038769E-08
  2.223000E+03  3.884174E-08  1.062544E-04 -1.396374E-06  1.918886E-04 -2.009873E-02  2.038489E-08  2.039001E-08
  2.224000E+03 -3.974432E-07  1.061108E-04  2.619915E-07  1.921210E-04 -1.244617E-02  2.038454E-08  2.038646E-08
  2.225000E+03  6.113136E-07  1.065119E-04  2.756097E-07  1.914011E-04 -1.504236E-02  2.038419E-08  2.038825E-08
  2.226000E+03  1.612223E-07  1.061596E-04 -1.366326E-06  1.920549E-04 -1.929988E-02  2.038467E-08  2.038925E-08
  2.227000E+03 -4.371904E-07  1.062004E-04  5.008356E-08  1.919497E-04 -1.160205E-02  2.038377E-08  2.038568E-08
  2.228000E+03  5.226503E-07  1.064880E-04  4.313365E-07  1.914455E-04 -1.686564E-02  2.038375E-08  2.038824E-08
  2.229000E+03  2.755310E-07  1.060966E-04 -1.285963E-06  1.921577E-04 -1.785967E-02  2.038403E-08  2.038796E-08
  2.230000E+03 -4.487624E-07  1.062957E-04 -1.697105E-07  1.917693E-04 -1.161610E-02  2.038288E-08  2.038506E-08
  2.231000E+03  4.178691E-07  1.064247E-04  5.442375E-07  1.915568E-04 -1.827083E-02  2.038297E-08  2.038765E-08
  2.232000E+03  3.750151E-07  1.060761E-04 -1.160529E-06  1.921833E-04 -1.610670E-02  2.038341E-08  2.038668E-08
  2.233000E+03 -4.311585E-07  1.063791E-04 -3.846776E-07  1.916178E-04 -1.240416E-02  2.038257E-08  2.038524E-08
  2.234000E+03  3.036586E-07  1.063399E-04  6.065789E-07  1.917099E-04 -1.902075E-02  2.038273E-08  2.038733E-08
  2.235000E+03  4.557090E-07  1.060981E-04 -1.000071E-06  1.921374E-04 -1.442771E-02  2.038329E-08  2.038604E-08
  2.236000E+03 -3.894460E-07  1.064345E-04 -5.825141E-07  1.915246E-04 -1.372159E-02  2.038291E-08  2.038615E-08
  2.237000E+03  1.895572E-07  1.062543E-04  6.203826E-07  1.918705E-04 -1.899994E-02  2.038340E-08  2.038769E-08
  2.238000E+03  5.154034E-07  1.061553E-04 -8.218652E-07  1.920353E-04 -1.319087E-02  2.038379E-08  2.038625E-08
  2.239000E+03 -3.296561E-07  1.064515E-04 -7.536199E-07  1.915067E-04 -1.524620E-02  2.038380E-08  2.038757E-08
  2.240000E+03  8.299596E-08  1.061866E-04  5.914101E-07  1.920029E-04 -1.826127E-02  2.038474E-08  2.038855E-08
  2.241000E+03  5.515632E-07  1.062321E-04 -6.386758E-07  1.919026E-04 -1.264288E-02  2.038460E-08  2.038704E-08
  2.242000E+03 -2.557119E-07  1.064293E-04 -8.895448E-07  1.915600E-04 -1.664892E-02  2.038478E-08  2.038893E-08
  2.243000E+03 -1.375667E-08  1.061467E-04  5.256037E-07  1.920812E-04 -1.703167E-02  2.038582E-08  2.038908E-08
  2.244000E+03  5.637939E-07  1.063104E-04 -4.547230E-07  1.917676E-04 -1.279635E-02  2.038523E-08  2.038788E-08
  2.245000E+03 -1.711671E-07  1.063776E-04 -9.864558E-07  1.916631E-04 -1.767253E-02  2.038547E-08  2.038979E-08
  2.246000E+03 -9.825926E-08  1.061386E-04  4.280152E-07  1.920964E-04 -1.562419E-02  2.038635E-08  2.038911E-08
  2.247000E+03  5.533988E-07  1.063757E-04 -2.760276E-07  1.916588E-04 -1.350207E-02  2.038597E-08  2.038898E-08
  2.248000E+03 -8.236340E-08  1.063118E-04 -1.041545E-06  1.917910E-04 -1.816612E-02  2.038628E-08  2.039057E-08
  2.249000E+03 -1.650810E-07  1.061617E-04  3.067416E-07  1.920551E-04 -1.435702E-02  2.038679E-08  2.038919E-08
  2.250000E+03  5.227127E-07  1.064147E-04 -1.155002E-07  1.915958E-04 -1.458702E-02  2.038645E-08  2.038985E-08
  2.251000E+03  6.139627E-09  1.062455E-04 -1.055605E-06  1.919172E-04 -1.803494E-02  2.038703E-08  2.039109E-08
  2.252000E+03 -2.124033E-07  1.062110E-04  1.693891E-07  1.919668E-04 -1.347817E-02  2.038714E-08  2.038940E-08
  2.253000E+03  4.754886E-07  1.064202E-04  1.999402E-08  1.915916E-04 -1.582213E-02  2.038667E-08  2.039042E-08
  2.254000E+03  9.289070E-08  1.061917E-04 -1.034933E-06  1.920155E-04 -1.732733E-02  2.038740E-08  2.039107E-08
  2.255000E+03 -2.415187E-07  1.062752E-04  1.997960E-08  1.918517E-04 -1.313544E-02  2.038732E-08  2.038965E-08
  2.256000E+03  4.148953E-07  1.063947E-04  1.303410E-07  1.916437E-04 -1.694165E-02  2.038696E-08  2.039094E-08
  2.257000E+03  1.745803E-07  1.061601E-04 -9.830669E-07  1.920688E-04 -1.625396E-02  2.038735E-08  2.039058E-08
  2.258000E+03 -2.505891E-07  1.063399E-04 -1.364092E-07  1.917339E-04 -1.336419E-02  2.038714E-08  2.038974E-08
  2.259000E+03  3.419047E-07  1.063447E-04  2.110160E-07  1.917378E-04 -1.772173E-02  2.038710E-08  2.039114E-08
  2.260000E+03  2.469028E-07  1.061574E-04 -8.982747E-07  1.920671E-04 -1.505342E-02  2.038704E-08  2.038988E-08
  2.261000E+03 -2.406937E-07  1.063889E-04 -2.902019E-07  1.916390E-04 -1.412351E-02  2.038624E-08  2.038923E-08
  2.262000E+03  2.624882E-07  1.062795E-04  2.590785E-07  1.918521E-04 -1.796399E-02  2.038667E-08  2.039056E-08
  2.263000E+03  3.054092E-07  1.061864E-04 -7.887497E-07  1.920062E-04 -1.399063E-02  2.038646E-08  2.038902E-08
  2.264000E+03 -2.145277E-07  1.064110E-04 -4.301531E-07  1.915926E-04 -1.524777E-02  2.038519E-08  2.038863E-08
  2.265000E+03  1.835080E-07  1.062133E-04  2.740729E-07  1.919623E-04 -1.759115E-02  2.038580E-08  2.038937E-08
  2.266000E+03  3.462022E-07  1.062435E-04 -6.649463E-07  1.918968E-04 -1.331098E-02  2.038599E-08  2.038847E-08
  2.267000E+03 -1.716494E-07  1.064005E-04 -5.488090E-07  1.916103E-04 -1.650591E-02  2.038465E-08  2.038847E-08
  2.268000E+03  1.075571E-07  1.061623E-04  2.528938E-07  1.920444E-04 -1.665560E-02  2.038506E-08  2.038818E-08
  2.269000E+03  3.675840E-07  1.063148E-04 -5.306222E-07  1.917612E-04 -1.323283E-02  2.038526E-08  2.038790E-08
  2.270000E+03 -1.131435E-07  1.063571E-04 -6.418299E-07  1.916911E-04 -1.756398E-02  2.038458E-08  2.038863E-08
  2.271000E+03  3.777116E-08  1.061417E-04  1.950374E-07  1.920722E-04 -1.537480E-02  2.038447E-08  2.038712E-08
  2.272000E+03  3.714502E-07  1.063802E-04 -3.937005E-07  1.916360E-04 -1.381102E-02  2.038433E-08  2.038731E-08
  2.273000E+03 -4.777736E-08  1.062905E-04 -7.055242E-07  1.918128E-04 -1.813301E-02  2.038454E-08  2.038860E-08
  2.274000E+03 -1.898080E-08  1.061603E-04  1.122444E-07  1.920354E-04 -1.405808E-02  2.038452E-08  2.038681E-08
  2.275000E+03  3.576514E-07  1.064225E-04 -2.678559E-07  1.915564E-04 -1.495481E-02  2.038363E-08  2.038708E-08
  2.276000E+03  1.746084E-08  1.062126E-04 -7.336126E-07  1.919488E-04 -1.802853E-02  2.038407E-08  2.038790E-08
  2.277000E+03 -5.595070E-08  1.062151E-04  1.278359E-08  1.919329E-04 -1.302450E-02  2.038445E-08  2.038657E-08
  2.278000E+03  3.238750E-07  1.064287E-04 -1.646694E-07  1.915426E-04 -1.642677E-02  2.038288E-08  2.038679E-08
  2.279000E+03  7.966665E-08  1.061415E-04 -7.189628E-07  1.920655E-04 -1.721378E-02  2.038310E-08  2.038650E-08
  2.280000E+03 -7.203385E-08  1.062927E-04 -9.845402E-08  1.917845E-04 -1.256465E-02  2.038369E-08  2.038591E-08
  2.281000E+03  2.734874E-07  1.063958E-04 -8.924137E-08  1.916022E-04 -1.782807E-02  2.038244E-08  2.038668E-08
  2.282000E+03  1.359031E-07  1.061006E-04 -6.658271E-07  1.921303E-04 -1.587201E-02  2.038258E-08  2.038545E-08
  2.283000E+03 -7.173551E-08  1.063752E-04 -2.117123E-07  1.916324E-04 -1.286370E-02  2.038326E-08  2.038583E-08
  2.284000E+03  2.165562E-07  1.063314E-04 -4.113216E-08  1.917265E-04 -1.878061E-02  2.038295E-08  2.038730E-08
  2.285000E+03  1.800002E-07  1.061039E-04 -5.891563E-07  1.921263E-04 -1.431538E-02  2.038326E-08  2.038565E-08
  2.286000E+03 -5.543546E-08  1.064422E-04 -3.142678E-07  1.915172E-04 -1.391095E-02  2.038354E-08  2.038665E-08
  2.287000E+03  1.587760E-07  1.062480E-04 -2.445081E-08  1.918860E-04 -1.904755E-02  2.038380E-08  2.038798E-08
  2.288000E+03  2.087640E-07  1.061494E-04 -4.976609E-07  1.920490E-04 -1.290958E-02  2.038418E-08  2.038624E-08
  2.289000E+03 -2.269175E-08  1.064768E-04 -4.000811E-07  1.914648E-04 -1.544717E-02  2.038413E-08  2.038785E-08
  2.290000E+03  1.033031E-07  1.061639E-04 -4.278578E-08  1.920423E-04 -1.855258E-02  2.038446E-08  2.038825E-08
  2.291000E+03  2.224570E-07  1.062262E-04 -3.979075E-07  1.919156E-04 -1.196923E-02  2.038501E-08  2.038697E-08
  2.292000E+03  2.022289E-08  1.064712E-04 -4.643126E-07  1.914870E-04 -1.711808E-02  2.038485E-08  2.038911E-08
  2.293000E+03  5.749833E-08  1.060984E-04 -8.983031E-08  1.921625E-04 -1.738162E-02  2.038505E-08  2.038829E-08
  2.294000E+03  2.208319E-07  1.063195E-04 -3.044760E-07  1.917528E-04 -1.173162E-02  2.038566E-08  2.038780E-08
  2.295000E+03  6.669523E-08  1.064243E-04 -5.008076E-07  1.915814E-04 -1.858516E-02  2.038540E-08  2.039000E-08
  2.296000E+03  2.540291E-08  1.060659E-04 -1.557531E-07  1.922199E-04 -1.573855E-02  2.038546E-08  2.038810E-08
  2.297000E+03  2.043846E-07  1.064111E-04 -2.259109E-07  1.915909E-04 -1.230587E-02  2.038586E-08  2.038843E-08
  2.298000E+03  1.136609E-07  1.063446E-04 -5.079405E-07  1.917325E-04 -1.953631E-02  2.038582E-08  2.039051E-08
  2.299000E+03  4.171863E-09  1.060755E-04 -2.319624E-07  1.922018E-04 -1.393174E-02  2.038592E-08  2.038803E-08
  2.300000E+03  1.766669E-07  1.064854E-04 -1.595342E-07  1.914663E-04 -1.357553E-02  2.038650E-08  2.038967E-08
  2.301000E+03  1.585088E-07  1.062489E-04 -4.906144E-07  1.919147E-04 -1.979002E-02  2.038674E-08  2.039126E-08
  2.302000E+03 -6.653045E-09  1.061261E-04 -3.128194E-07  1.921144E-04 -1.231446E-02  2.038681E-08  2.038858E-08
  2.303000E+03  1.416089E-07  1.065285E-04 -1.077877E-07  1.914028E-04 -1.532342E-02  2.038747E-08  2.039132E-08
  2.304000E+03  1.964748E-07  1.061524E-04 -4.526507E-07  1.920968E-04 -1.927716E-02  2.038774E-08  2.039185E-08
  2.305000E+03 -4.526832E-09  1.062096E-04 -3.909283E-07  1.919682E-04 -1.117884E-02  2.038759E-08  2.038926E-08
  2.306000E+03  1.030806E-07  1.065254E-04 -7.909649E-08  1.914119E-04 -1.728859E-02  2.038718E-08  2.039165E-08
  2.307000E+03  2.247101E-07  1.060703E-04 -3.993883E-07  1.922401E-04 -1.798681E-02  2.038766E-08  2.039116E-08
  2.308000E+03  1.055025E-08  1.063139E-04 -4.605646E-07  1.917776E-04 -1.079374E-02  2.038743E-08  2.038931E-08
  2.309000E+03  6.267433E-08  1.064739E-04 -7.482230E-08  1.915022E-04 -1.909454E-02  2.038626E-08  2.039118E-08
  2.310000E+03  2.428047E-07  1.060211E-04 -3.336761E-07  1.923154E-04 -1.610604E-02  2.038684E-08  2.038963E-08
  2.311000E+03  3.756728E-08  1.064238E-04 -5.200392E-07  1.915776E-04 -1.129268E-02  2.038711E-08  2.038950E-08
  2.312000E+03  2.061625E-08  1.063852E-04 -9.312730E-08  1.916667E-04 -2.038956E-02  2.038626E-08  2.039136E-08
  2.313000E+03  2.496207E-07  1.060173E-04 -2.549951E-07  1.923122E-04 -1.397368E-02  2.038643E-08  2.038855E-08
  2.314000E+03  7.539371E-08  1.065178E-04 -5.660987E-07  1.914092E-04 -1.262843E-02  2.038687E-08  2.038999E-08
  2.315000E+03 -2.071700E-08  1.062737E-04 -1.337731E-07  1.918761E-04 -2.090189E-02  2.038693E-08  2.039189E-08
  2.316000E+03  2.436364E-07  1.060616E-04 -1.668191E-07  1.922252E-04 -1.199241E-02  2.038624E-08  2.038787E-08
  2.317000E+03  1.215903E-07  1.065739E-04 -5.935982E-07  1.913062E-04 -1.459619E-02  2.038608E-08  2.039003E-08
  2.318000E+03 -5.685706E-08  1.061553E-04 -1.956813E-07  1.920868E-04 -2.049460E-02  2.038675E-08  2.039128E-08
  2.319000E+03  2.257470E-07  1.061494E-04 -7.889270E-08  1.920591E-04 -1.051827E-02  2.038583E-08  2.038725E-08
  2.320000E+03  1.713443E-07  1.065785E-04 -6.002188E-07  1.912917E-04 -1.689301E-02  2.038468E-08  2.038942E-08
  2.321000E+03 -8.284994E-08  1.060465E-04 -2.734194E-07  1.922626E-04 -1.915755E-02  2.038503E-08  2.038888E-08
  2.322000E+03  1.956553E-07  1.062693E-04 -9.163817E-10  1.918306E-04 -9.827092E-03  2.038471E-08  2.038626E-08
  2.323000E+03  2.244691E-07  1.065280E-04 -5.852040E-07  1.913753E-04 -1.914991E-02  2.038310E-08  2.038845E-08
  2.324000E+03 -9.770357E-08  1.059690E-04 -3.674614E-07  1.923738E-04 -1.703220E-02  2.038270E-08  2.038573E-08
  2.325000E+03  1.536013E-07  1.064027E-04  6.491112E-08  1.915762E-04 -1.012616E-02  2.038319E-08  2.038523E-08
  2.326000E+03  2.787664E-07  1.064306E-04 -5.471547E-07  1.915517E-04 -2.093658E-02  2.038248E-08  2.038816E-08
  2.327000E+03 -1.002175E-07  1.059467E-04 -4.744168E-07  1.923972E-04 -1.447110E-02  2.038172E-08  2.038394E-08
  2.328000E+03  1.035224E-07  1.065249E-04  1.128087E-07  1.913548E-04 -1.146579E-02  2.038271E-08  2.038555E-08
  2.329000E+03  3.256968E-07  1.063021E-04 -4.866775E-07  1.917944E-04 -2.185247E-02  2.038327E-08  2.038890E-08
  2.330000E+03 -8.556084E-08  1.059907E-04 -5.812599E-07  1.923208E-04 -1.195208E-02  2.038277E-08  2.038437E-08
  2.331000E+03  4.691201E-08  1.066078E-04  1.317915E-07  1.912151E-04 -1.370657E-02  2.038310E-08  2.038690E-08
  2.332000E+03  3.589102E-07  1.061589E-04 -4.013395E-07  1.920590E-04 -2.162310E-02  2.038400E-08  2.038918E-08
  2.333000E+03 -5.015727E-08  1.060938E-04 -6.782899E-07  1.921397E-04 -9.967639E-03  2.038382E-08  2.038512E-08
  2.334000E+03 -1.623439E-08  1.066313E-04  1.146769E-07  1.911849E-04 -1.646327E-02  2.038353E-08  2.038828E-08
  2.335000E+03  3.758912E-07  1.060279E-04 -2.889799E-07  1.922922E-04 -2.021752E-02  2.038416E-08  2.038855E-08
  2.336000E+03  2.051368E-09  1.062369E-04 -7.570801E-07  1.918839E-04 -8.928080E-03  2.038434E-08  2.038576E-08
  2.337000E+03 -7.863589E-08  1.065905E-04  6.315655E-08  1.912733E-04 -1.919241E-02  2.038417E-08  2.038968E-08
  2.338000E+03  3.743349E-07  1.059376E-04 -1.622574E-07  1.924507E-04 -1.786296E-02  2.038452E-08  2.038792E-08
  2.339000E+03  6.421435E-08  1.063951E-04 -8.071378E-07  1.916047E-04 -9.077617E-03  2.038496E-08  2.038692E-08
  2.340000E+03 -1.314991E-07  1.064919E-04 -1.652701E-08  1.914691E-04 -2.137807E-02  2.038524E-08  2.039119E-08
  2.341000E+03  3.534433E-07  1.059089E-04 -3.815842E-08  1.925012E-04 -1.499989E-02  2.038530E-08  2.038770E-08
  2.342000E+03  1.329908E-07  1.065363E-04 -8.240008E-07  1.913593E-04 -1.043551E-02  2.038561E-08  2.038843E-08
  2.343000E+03 -1.716502E-07  1.063533E-04 -1.203759E-07  1.917336E-04 -2.257111E-02  2.038632E-08  2.039228E-08
  2.344000E+03  3.160519E-07  1.059473E-04  7.451314E-08  1.924316E-04 -1.218425E-02  2.038609E-08  2.038771E-08
  2.345000E+03  2.049534E-07  1.066347E-04 -8.104349E-07  1.911958E-04 -1.272942E-02  2.038645E-08  2.039030E-08
  2.346000E+03 -1.966628E-07  1.062002E-04 -2.435794E-07  1.920177E-04 -2.255432E-02  2.038714E-08  2.039269E-08
  2.347000E+03  2.658455E-07  1.060440E-04  1.677292E-07  1.922568E-04 -9.914687E-03  2.038668E-08  2.038784E-08
  2.348000E+03  2.723775E-07  1.066723E-04 -7.672350E-07  1.911387E-04 -1.556013E-02  2.038674E-08  2.039161E-08
  2.349000E+03 -2.030790E-07  1.060570E-04 -3.735736E-07  1.922724E-04 -2.131480E-02  2.038721E-08  2.039200E-08
  2.350000E+03  2.067467E-07  1.061812E-04  2.311854E-07  1.920028E-04 -8.581756E-03  2.038635E-08  2.038746E-08
  2.351000E+03  3.289033E-07  1.066417E-04 -6.968422E-07  1.911958E-04 -1.844307E-02  2.038597E-08  2.039167E-08
  2.352000E+03 -1.912763E-07  1.059497E-04 -4.972560E-07  1.924513E-04 -1.906426E-02  2.038645E-08  2.039027E-08
  2.353000E+03  1.411222E-07  1.063368E-04  2.636151E-07  1.917155E-04 -8.416568E-03  2.038570E-08  2.038718E-08
  2.354000E+03  3.734581E-07  1.065533E-04 -6.030946E-07  1.913604E-04 -2.086178E-02  2.038565E-08  2.039186E-08
  2.355000E+03 -1.645973E-07  1.058996E-04 -6.096112E-07  1.925286E-04 -1.625387E-02  2.038601E-08  2.038883E-08
  2.356000E+03  7.289992E-08  1.064874E-04  2.683748E-07  1.914503E-04 -9.427614E-03  2.038615E-08  2.038836E-08
  2.357000E+03  4.052564E-07  1.064238E-04 -4.932127E-07  1.916078E-04 -2.243294E-02  2.038650E-08  2.039283E-08
  2.358000E+03 -1.257212E-07  1.059124E-04 -7.067688E-07  1.924997E-04 -1.332252E-02  2.038629E-08  2.038826E-08
  2.359000E+03  7.354436E-09  1.066067E-04  2.463349E-07  1.912451E-04 -1.145790E-02  2.038667E-08  2.038987E-08
  2.360000E+03  4.221407E-07  1.062691E-04 -3.759497E-07  1.918961E-04 -2.289593E-02  2.038728E-08  2.039331E-08
  2.361000E+03 -7.528665E-08  1.059839E-04 -7.838469E-07  1.923623E-04 -1.071243E-02  2.038615E-08  2.038752E-08
  2.362000E+03 -5.188572E-08  1.066721E-04  1.956748E-07  1.911288E-04 -1.419601E-02  2.038605E-08  2.039030E-08
  2.363000E+03  4.232048E-07  1.061124E-04 -2.578214E-07  1.921728E-04 -2.216035E-02  2.038692E-08  2.039226E-08
  2.364000E+03 -1.520790E-08  1.061077E-04 -8.373866E-07  1.921316E-04 -8.851713E-03  2.038585E-08  2.038702E-08
  2.365000E+03 -1.035264E-07  1.066732E-04  1.191334E-07  1.911285E-04 -1.723403E-02  2.038526E-08  2.039050E-08
  2.366000E+03  4.091686E-07  1.059808E-04 -1.420445E-07  1.923974E-04 -2.029983E-02  2.038622E-08  2.039061E-08
  2.367000E+03  5.189428E-08  1.062670E-04 -8.665928E-07  1.918431E-04 -8.086872E-03  2.038593E-08  2.038732E-08
  2.368000E+03 -1.475775E-07  1.066103E-04  2.198544E-08  1.912534E-04 -2.006295E-02  2.038548E-08  2.039144E-08
  2.369000E+03  3.809305E-07  1.058972E-04 -2.936735E-08  1.925356E-04 -1.759428E-02  2.038583E-08  2.038911E-08
  2.370000E+03  1.229789E-07  1.064335E-04 -8.706683E-07  1.915430E-04 -8.591351E-03  2.038584E-08  2.038788E-08
  2.371000E+03 -1.820227E-07  1.064917E-04 -9.138343E-08  1.914814E-04 -2.218864E-02  2.038616E-08  2.039247E-08
  2.372000E+03  3.398405E-07  1.058778E-04  7.500309E-08  1.925598E-04 -1.448735E-02  2.038567E-08  2.038792E-08
  2.373000E+03  1.921231E-07  1.065750E-04 -8.472588E-07  1.912861E-04 -1.030351E-02  2.038523E-08  2.038824E-08
  2.374000E+03 -2.022256E-07  1.063343E-04 -2.130384E-07  1.917684E-04 -2.322738E-02  2.038606E-08  2.039228E-08
  2.375000E+03  2.869048E-07  1.059283E-04  1.608896E-07  1.924579E-04 -1.151128E-02  2.038537E-08  2.038681E-08
  2.376000E+03  2.562657E-07  1.066662E-04 -7.957672E-07  1.911203E-04 -1.295091E-02  2.038437E-08  2.038849E-08
  2.377000E+03 -2.056058E-07  1.061626E-04 -3.390362E-07  1.920686E-04 -2.294263E-02  2.038513E-08  2.039082E-08
  2.378000E+03  2.231224E-07  1.060427E-04  2.222523E-07  1.922385E-04 -9.197559E-03  2.038462E-08  2.038563E-08
  2.379000E+03  3.145360E-07  1.066915E-04 -7.174557E-07  1.910789E-04 -1.609928E-02  2.038386E-08  2.038905E-08
  2.380000E+03 -1.924878E-07  1.060090E-04 -4.673492E-07  1.923308E-04 -2.136374E-02  2.038414E-08  2.038893E-08
  2.381000E+03  1.527000E-07  1.062016E-04  2.561440E-07  1.919432E-04 -7.970262E-03  2.038402E-08  2.038507E-08
  2.382000E+03  3.616599E-07  1.066491E-04 -6.162651E-07  1.911703E-04 -1.919080E-02  2.038439E-08  2.039042E-08
  2.383000E+03 -1.624641E-07  1.059033E-04 -5.877287E-07  1.925132E-04 -1.877307E-02  2.038419E-08  2.038790E-08
  2.384000E+03  8.194015E-08  1.063756E-04  2.563538E-07  1.916290E-04 -8.055185E-03  2.038399E-08  2.038554E-08
  2.385000E+03  3.914635E-07  1.065440E-04 -4.995776E-07  1.913761E-04 -2.168456E-02  2.038518E-08  2.039169E-08
  2.386000E+03 -1.154599E-07  1.058645E-04 -6.878323E-07  1.925793E-04 -1.562055E-02  2.038483E-08  2.038746E-08
  2.387000E+03  1.385288E-08  1.065311E-04  2.201558E-07  1.913525E-04 -9.446705E-03  2.038409E-08  2.038652E-08
  2.388000E+03  4.020586E-07  1.063919E-04 -3.718262E-07  1.916563E-04 -2.312135E-02  2.038524E-08  2.039175E-08
  2.389000E+03 -5.380778E-08  1.058975E-04 -7.618702E-07  1.925106E-04 -1.248537E-02  2.038480E-08  2.038655E-08
  2.390000E+03 -4.901247E-08  1.066412E-04  1.500563E-07  1.911600E-04 -1.187356E-02  2.038408E-08  2.038758E-08
  2.391000E+03  3.926446E-07  1.062205E-04 -2.374487E-07  1.919627E-04 -2.323214E-02  2.038487E-08  2.039090E-08
  2.392000E+03  1.683845E-08  1.059970E-04 -8.033963E-07  1.923209E-04 -9.915203E-03  2.038444E-08  2.038567E-08
  2.393000E+03 -1.001799E-07  1.066890E-04  5.187544E-08  1.910846E-04 -1.492730E-02  2.038435E-08  2.038894E-08
  2.394000E+03  3.638417E-07  1.060614E-04 -1.099886E-07  1.922466E-04 -2.199469E-02  2.038501E-08  2.039016E-08
  2.395000E+03  8.994190E-08  1.061471E-04 -8.080641E-07  1.920477E-04 -8.348654E-03  2.038459E-08  2.038573E-08
  2.396000E+03 -1.338457E-07  1.066684E-04 -6.621691E-08  1.911401E-04 -1.809472E-02  2.038528E-08  2.039079E-08
  2.397000E+03  3.181410E-07  1.059440E-04 -3.239431E-09  1.924599E-04 -1.965537E-02  2.038603E-08  2.039007E-08
  2.398000E+03  1.603601E-07  1.063194E-04 -7.764798E-07  1.917452E-04 -8.026070E-03  2.038559E-08  2.038710E-08
  2.399000E+03 -1.476799E-07  1.065852E-04 -1.958808E-07  1.913128E-04 -2.081146E-02  2.038670E-08  2.039283E-08
  2.400000E+03  2.602908E-07  1.058876E-04  7.405424E-08  1.925658E-04 -1.668224E-02  2.038750E-08  2.039040E-08
  2.401000E+03  2.222153E-07  1.064821E-04 -7.131558E-07  1.914664E-04 -8.980856E-03  2.038692E-08  2.038919E-08
  2.402000E+03 -1.412357E-07  1.064531E-04 -3.256877E-07  1.915708E-04 -2.257591E-02  2.038811E-08  2.039443E-08
  2.403000E+03  1.965176E-07  1.058996E-04  1.156677E-07  1.925439E-04 -1.361307E-02  2.038843E-08  2.039036E-08
  2.404000E+03  2.701661E-07  1.066053E-04 -6.260338E-07  1.912552E-04 -1.103954E-02  2.038758E-08  2.039082E-08
  2.405000E+03 -1.165753E-07  1.062934E-04 -4.431400E-07  1.918665E-04 -2.307671E-02  2.038872E-08  2.039475E-08
  2.406000E+03  1.319552E-07  1.059747E-04  1.213522E-07  1.923988E-04 -1.094817E-02  2.038819E-08  2.038945E-08
  2.407000E+03  3.014154E-07  1.066713E-04 -5.230365E-07  1.911432E-04 -1.381511E-02  2.038754E-08  2.039181E-08
  2.408000E+03 -7.778815E-08  1.061343E-04 -5.391182E-07  1.921474E-04 -2.232222E-02  2.038836E-08  2.039371E-08
  2.409000E+03  6.981129E-08  1.061005E-04  9.658089E-08  1.921624E-04 -9.083194E-03  2.038768E-08  2.038868E-08
  2.410000E+03  3.160704E-07  1.066737E-04 -4.107013E-07  1.911472E-04 -1.684717E-02  2.038748E-08  2.039267E-08
  2.411000E+03 -2.921141E-08  1.060031E-04 -6.101272E-07  1.923725E-04 -2.048490E-02  2.038779E-08  2.039221E-08
  2.412000E+03  1.334511E-08  1.062550E-04  4.728044E-08  1.918771E-04 -8.312317E-03  2.038720E-08  2.038838E-08
  2.413000E+03  3.155857E-07  1.066131E-04 -2.968221E-07  1.912653E-04 -1.962243E-02  2.038747E-08  2.039333E-08
  2.414000E+03  2.437657E-08  1.059195E-04 -6.550016E-07  1.925075E-04 -1.787366E-02  2.038704E-08  2.039042E-08
  2.415000E+03 -3.218196E-08  1.064102E-04 -2.144892E-08  1.915870E-04 -8.758590E-03  2.038604E-08  2.038780E-08
  2.416000E+03  2.990909E-07  1.064969E-04 -1.912264E-07  1.914738E-04 -2.167569E-02  2.038658E-08  2.039274E-08
  2.417000E+03  8.029163E-08  1.058978E-04 -6.696958E-07  1.925247E-04 -1.491480E-02  2.038568E-08  2.038808E-08
  2.418000E+03 -6.208116E-08  1.065400E-04 -1.082251E-07  1.913408E-04 -1.035143E-02  2.038437E-08  2.038701E-08
  2.419000E+03  2.664802E-07  1.063453E-04 -1.032454E-07  1.917374E-04 -2.265827E-02  2.038513E-08  2.039115E-08
  2.420000E+03  1.369881E-07  1.059444E-04 -6.526751E-07  1.924224E-04 -1.210094E-02  2.038458E-08  2.038622E-08
  2.421000E+03 -7.692260E-08  1.066251E-04 -2.094545E-07  1.911851E-04 -1.281988E-02  2.038347E-08  2.038713E-08
  2.422000E+03  2.200813E-07  1.061855E-04 -3.372513E-08  1.920163E-04 -2.240250E-02  2.038424E-08  2.038971E-08
  2.423000E+03  1.940486E-07  1.060523E-04 -6.082593E-07  1.922185E-04 -9.939859E-03  2.038421E-08  2.038546E-08
  2.424000E+03 -8.022603E-08  1.066524E-04 -3.212869E-07  1.911497E-04 -1.573584E-02  2.038405E-08  2.038870E-08
  2.425000E+03  1.647731E-07  1.060460E-04  2.023299E-08  1.922649E-04 -2.095797E-02  2.038444E-08  2.038903E-08
  2.426000E+03  2.465812E-07  1.061986E-04 -5.420670E-07  1.919493E-04 -8.824135E-03  2.038394E-08  2.038523E-08
  2.427000E+03 -7.036575E-08  1.066153E-04 -4.352834E-07  1.912334E-04 -1.857597E-02  2.038488E-08  2.039033E-08
  2.428000E+03  1.040695E-07  1.059510E-04  5.235577E-08  1.924343E-04 -1.859507E-02  2.038509E-08  2.038864E-08
  2.429000E+03  2.873836E-07  1.063542E-04 -4.549971E-07  1.916658E-04 -8.918221E-03  2.038365E-08  2.038539E-08
  2.430000E+03 -4.375944E-08  1.065198E-04 -5.400365E-07  1.914172E-04 -2.081630E-02  2.038530E-08  2.039119E-08
  2.431000E+03  4.086026E-08  1.059189E-04  5.297242E-08  1.924903E-04 -1.576318E-02  2.038583E-08  2.038837E-08
  2.432000E+03  3.130182E-07  1.064926E-04 -3.499151E-07  1.914234E-04 -1.017338E-02  2.038413E-08  2.038664E-08
  2.433000E+03 -3.396839E-10  1.063861E-04 -6.286959E-07  1.916673E-04 -2.207712E-02  2.038577E-08  2.039169E-08
  2.434000E+03 -2.266761E-08  1.059531E-04  2.007633E-08  1.924282E-04 -1.300149E-02  2.038664E-08  2.038838E-08
  2.435000E+03  3.233211E-07  1.065911E-04 -2.310754E-07  1.912640E-04 -1.232003E-02  2.038550E-08  2.038893E-08
  2.436000E+03  5.672193E-08  1.062374E-04 -6.982191E-07  1.919388E-04 -2.218359E-02  2.038608E-08  2.039164E-08
  2.437000E+03 -8.112685E-08  1.060425E-04 -4.456862E-08  1.922617E-04 -1.078156E-02  2.038674E-08  2.038801E-08
  2.438000E+03  3.163371E-07  1.066334E-04 -1.076307E-07  1.912056E-04 -1.496476E-02  2.038662E-08  2.039096E-08
  2.439000E+03  1.231252E-07  1.061007E-04 -7.409980E-07  1.921864E-04 -2.110798E-02  2.038657E-08  2.039142E-08
  2.440000E+03 -1.279783E-07  1.061703E-04 -1.379163E-07  1.920240E-04 -9.469784E-03  2.038634E-08  2.038756E-08
  2.441000E+03  2.888309E-07  1.066135E-04  1.004739E-08  1.912546E-04 -1.765613E-02  2.038713E-08  2.039223E-08
  2.442000E+03  1.956215E-07  1.060008E-04 -7.477521E-07  1.923658E-04 -1.908339E-02  2.038721E-08  2.039115E-08
  2.443000E+03 -1.584578E-07  1.063135E-04 -2.575148E-07  1.917629E-04 -9.252298E-03  2.038612E-08  2.038768E-08
  2.444000E+03  2.399381E-07  1.065372E-04  1.131249E-07  1.914008E-04 -1.991492E-02  2.038727E-08  2.039282E-08
  2.445000E+03  2.693724E-07  1.059539E-04 -7.126048E-07  1.924453E-04 -1.653332E-02  2.038754E-08  2.039054E-08
  2.446000E+03 -1.696792E-07  1.064459E-04 -3.961109E-07  1.915246E-04 -1.012922E-02  2.038597E-08  2.038820E-08
  2.447000E+03  1.723189E-07  1.064185E-04  1.935265E-07  1.916157E-04 -2.134722E-02  2.038681E-08  2.039246E-08
  2.448000E+03  3.383204E-07  1.059654E-04 -6.357191E-07  1.924118E-04 -1.392662E-02  2.038701E-08  2.038922E-08
  2.449000E+03 -1.595079E-07  1.065453E-04 -5.433590E-07  1.913483E-04 -1.190185E-02  2.038582E-08  2.038891E-08
  2.450000E+03  9.036026E-08  1.062797E-04  2.432094E-07  1.918615E-04 -2.171506E-02  2.038619E-08  2.039154E-08
  2.451000E+03  3.963138E-07  1.060324E-04 -5.206469E-07  1.922776E-04 -1.169251E-02  2.038627E-08  2.038795E-08
  2.452000E+03 -1.271755E-07  1.065988E-04 -6.875550E-07  1.912593E-04 -1.428431E-02  2.038592E-08  2.038994E-08
  2.453000E+03  4.537880E-10  1.061453E-04  2.551613E-07  1.921021E-04 -2.098485E-02  2.038625E-08  2.039097E-08
  2.454000E+03  4.377760E-07  1.061440E-04 -3.754605E-07  1.920692E-04 -1.018663E-02  2.038594E-08  2.038744E-08
  2.455000E+03 -7.379581E-08  1.065966E-04 -8.165404E-07  1.912742E-04 -1.687040E-02  2.038629E-08  2.039115E-08
  2.456000E+03 -8.884066E-08  1.060389E-04  2.242967E-07  1.922917E-04 -1.931655E-02  2.038660E-08  2.039049E-08
  2.457000E+03  4.586092E-07  1.062766E-04 -2.138543E-07  1.918243E-04 -9.677025E-03  2.038549E-08  2.038719E-08
  2.458000E+03 -3.249798E-09  1.065391E-04 -9.187602E-07  1.913884E-04 -1.913566E-02  2.038662E-08  2.039206E-08
  2.459000E+03 -1.694288E-07  1.059796E-04  1.514886E-07  1.923927E-04 -1.704692E-02  2.038674E-08  2.038976E-08
  2.460000E+03  4.563029E-07  1.064058E-04 -4.994540E-08  1.915902E-04 -1.021813E-02  2.038524E-08  2.038746E-08
  2.461000E+03  8.127308E-08  1.064389E-04 -9.864412E-07  1.915764E-04 -2.069874E-02  2.038681E-08  2.039249E-08
  2.462000E+03 -2.367763E-07  1.059778E-04  3.926692E-08  1.923915E-04 -1.459660E-02  2.038706E-08  2.038931E-08
  2.463000E+03  4.287857E-07  1.065100E-04  1.089274E-07  1.914091E-04 -1.169710E-02  2.038560E-08  2.038855E-08
  2.464000E+03  1.760863E-07  1.063139E-04 -1.012267E-06  1.918051E-04 -2.131171E-02  2.038693E-08  2.039248E-08
  2.465000E+03 -2.883639E-07  1.060321E-04 -1.071163E-07  1.922900E-04 -1.239742E-02  2.038735E-08  2.038906E-08
  2.466000E+03  3.791271E-07  1.065711E-04  2.550752E-07  1.913104E-04 -1.383948E-02  2.038621E-08  2.038997E-08
  2.467000E+03  2.732277E-07  1.061855E-04 -9.955932E-07  1.920346E-04 -2.086494E-02  2.038686E-08  2.039193E-08
  2.468000E+03 -3.218972E-07  1.061302E-04 -2.736244E-07  1.921052E-04 -1.083994E-02  2.038695E-08  2.038847E-08
  2.469000E+03  3.121457E-07  1.065776E-04  3.797654E-07  1.913094E-04 -1.622881E-02  2.038661E-08  2.039110E-08
  2.470000E+03  3.641835E-07  1.060788E-04 -9.388182E-07  1.922199E-04 -1.946029E-02  2.038659E-08  2.039093E-08
  2.471000E+03 -3.325757E-07  1.062520E-04 -4.472570E-07  1.918746E-04 -1.021280E-02  2.038601E-08  2.038770E-08
  2.472000E+03  2.289693E-07  1.065293E-04  4.723862E-07  1.914027E-04 -1.841724E-02  2.038654E-08  2.039154E-08
  2.473000E+03  4.455195E-07  1.060143E-04 -8.412703E-07  1.923268E-04 -1.737776E-02  2.038631E-08  2.038982E-08
  2.474000E+03 -3.181745E-07  1.063743E-04 -6.230169E-07  1.916459E-04 -1.059843E-02  2.038505E-08  2.038725E-08
  2.475000E+03  1.308455E-07  1.064369E-04  5.274001E-07  1.915702E-04 -2.000042E-02  2.038606E-08  2.039128E-08
  2.476000E+03  5.170395E-07  1.060059E-04 -7.052885E-07  1.923368E-04 -1.502682E-02  2.038654E-08  2.038926E-08
  2.477000E+03 -2.805319E-07  1.064751E-04 -7.989369E-07  1.914663E-04 -1.191566E-02  2.038494E-08  2.038788E-08
  2.478000E+03  2.232196E-08  1.063197E-04  5.446097E-07  1.917827E-04 -2.067231E-02  2.038592E-08  2.039099E-08
  2.479000E+03  5.771679E-07  1.060526E-04 -5.386626E-07  1.922486E-04 -1.290453E-02  2.038676E-08  2.038893E-08
  2.480000E+03 -2.234553E-07  1.065357E-04 -9.685935E-07  1.913671E-04 -1.387878E-02  2.038546E-08  2.038923E-08
  2.481000E+03 -8.851099E-08  1.062000E-04  5.247440E-07  1.919972E-04 -2.034063E-02  2.038588E-08  2.039051E-08
  2.482000E+03  6.188954E-07  1.061386E-04 -3.516531E-07  1.920811E-04 -1.142271E-02  2.038589E-08  2.038782E-08
  2.483000E+03 -1.481748E-07  1.065440E-04 -1.116850E-06  1.913578E-04 -1.605628E-02  2.038539E-08  2.038991E-08
  2.484000E+03 -1.947518E-07  1.061010E-04  4.643701E-07  1.921678E-04 -1.910721E-02  2.038548E-08  2.038944E-08
  2.485000E+03  6.352742E-07  1.062455E-04 -1.521833E-07  1.918738E-04 -1.079753E-02  2.038454E-08  2.038656E-08
  2.486000E+03 -5.371640E-08  1.065050E-04 -1.230577E-06  1.914336E-04 -1.802695E-02  2.038533E-08  2.039040E-08
  2.487000E+03 -2.933151E-07  1.060422E-04  3.588911E-07  1.922705E-04 -1.727538E-02  2.038575E-08  2.038899E-08
  2.488000E+03  6.233493E-07  1.063565E-04  5.607473E-08  1.916744E-04 -1.105073E-02  2.038457E-08  2.038696E-08
  2.489000E+03  5.810319E-08  1.064298E-04 -1.302285E-06  1.915782E-04 -1.950529E-02  2.038576E-08  2.039113E-08
  2.490000E+03 -3.811125E-07  1.060315E-04  2.093150E-07  1.922936E-04 -1.521544E-02  2.038681E-08  2.038938E-08
  2.491000E+03  5.844086E-07  1.064525E-04  2.658136E-07  1.915147E-04 -1.211163E-02  2.038572E-08  2.038868E-08
  2.492000E+03  1.804595E-07  1.063289E-04 -1.328721E-06  1.917665E-04 -2.025147E-02  2.038614E-08  2.039150E-08
  2.493000E+03 -4.518230E-07  1.060653E-04  2.394697E-08  1.922295E-04 -1.328574E-02  2.038708E-08  2.038917E-08
  2.494000E+03  5.208056E-07  1.065135E-04  4.623179E-07  1.914127E-04 -1.378935E-02  2.038610E-08  2.038974E-08
  2.495000E+03  3.054206E-07  1.062200E-04 -1.307829E-06  1.919619E-04 -2.009299E-02  2.038607E-08  2.039112E-08
  2.496000E+03 -4.972476E-07  1.061372E-04 -1.882889E-07  1.920893E-04 -1.183065E-02  2.038639E-08  2.038827E-08
  2.497000E+03  4.325594E-07  1.065299E-04  6.290963E-07  1.913879E-04 -1.575424E-02  2.038600E-08  2.039027E-08
  2.498000E+03  4.270253E-07  1.061268E-04 -1.234546E-06  1.921292E-04 -1.906968E-02  2.038635E-08  2.039083E-08
  2.499000E+03 -5.115434E-07  1.062359E-04 -4.204133E-07  1.919053E-04 -1.112598E-02  2.038597E-08  2.038795E-08
  2.500000E+03  3.221137E-07  1.065019E-04  7.523165E-07  1.914488E-04 -1.763650E-02  2.038649E-08  2.039123E-08
  2.501000E+03  5.384718E-07  1.060673E-04 -1.107964E-06  1.922389E-04 -1.743387E-02  2.038717E-08  2.039097E-08
  2.502000E+03 -4.939955E-07  1.063417E-04 -6.593702E-07  1.917176E-04 -1.125742E-02  2.038629E-08  2.038866E-08
  2.503000E+03  1.963742E-07  1.064344E-04  8.246345E-07  1.915798E-04 -1.910372E-02  2.038696E-08  2.039193E-08
  2.504000E+03  6.321982E-07  1.060485E-04 -9.354900E-07  1.922716E-04 -1.549404E-02  2.038767E-08  2.039080E-08
  2.505000E+03 -4.464683E-07  1.064363E-04 -8.883692E-07  1.915537E-04 -1.217364E-02  2.038676E-08  2.038973E-08
  2.506000E+03  6.207642E-08  1.063378E-04  8.440337E-07  1.917577E-04 -1.990849E-02  2.038707E-08  2.039200E-08
  2.507000E+03  7.019290E-07  1.060745E-04 -7.252883E-07  1.922191E-04 -1.357886E-02  2.038766E-08  2.039025E-08
  2.508000E+03 -3.704539E-07  1.065013E-04 -1.093524E-06  1.914411E-04 -1.375658E-02  2.038680E-08  2.039051E-08
  2.509000E+03 -7.516391E-08  1.062305E-04  8.087072E-07  1.919521E-04 -1.985165E-02  2.038716E-08  2.039175E-08
  2.510000E+03  7.450121E-07  1.061417E-04 -4.863748E-07  1.920878E-04 -1.208604E-02  2.038704E-08  2.038932E-08
  2.511000E+03 -2.714741E-07  1.065219E-04 -1.264780E-06  1.914077E-04 -1.568263E-02  2.038660E-08  2.039103E-08
  2.512000E+03 -2.066836E-07  1.061346E-04  7.223393E-07  1.921205E-04 -1.893167E-02  2.038699E-08  2.039102E-08
  2.513000E+03  7.607328E-07  1.062362E-04 -2.355461E-07  1.919061E-04 -1.130856E-02  2.038607E-08  2.038835E-08
  2.514000E+03 -1.560512E-07  1.064950E-04 -1.395122E-06  1.914589E-04 -1.756378E-02  2.038628E-08  2.039127E-08
  2.515000E+03 -3.233507E-07  1.060699E-04  5.902228E-07  1.922297E-04 -1.735518E-02  2.038672E-08  2.039009E-08
  2.516000E+03  7.465852E-07  1.063400E-04  1.099186E-08  1.917137E-04 -1.137138E-02  2.038553E-08  2.038809E-08
  2.517000E+03 -2.735645E-08  1.064273E-04 -1.476801E-06  1.915825E-04 -1.906505E-02  2.038590E-08  2.039122E-08
  2.518000E+03 -4.204667E-07  1.060488E-04  4.147101E-07  1.922625E-04 -1.541839E-02  2.038679E-08  2.038951E-08
  2.519000E+03  7.028710E-07  1.064350E-04  2.435399E-07  1.915453E-04 -1.228047E-02  2.038558E-08  2.038866E-08
  2.520000E+03  1.098305E-07  1.063303E-04 -1.506334E-06  1.917603E-04 -1.988161E-02  2.038591E-08  2.039125E-08
  2.521000E+03 -4.956037E-07  1.060769E-04  2.033282E-07  1.922080E-04 -1.350541E-02  2.038697E-08  2.038919E-08
  2.522000E+03  6.331262E-07  1.064979E-04  4.541937E-07  1.914372E-04 -1.387500E-02  2.038570E-08  2.038941E-08
  2.523000E+03  2.470145E-07  1.062241E-04 -1.483558E-06  1.919525E-04 -1.979431E-02  2.038598E-08  2.039102E-08
  2.524000E+03 -5.458529E-07  1.061466E-04 -2.934081E-08  1.920738E-04 -1.206046E-02  2.038650E-08  2.038849E-08
  2.525000E+03  5.410278E-07  1.065140E-04  6.339623E-07  1.914121E-04 -1.579118E-02  2.038553E-08  2.038984E-08
  2.526000E+03  3.757818E-07  1.061310E-04 -1.408663E-06  1.921134E-04 -1.883342E-02  2.038557E-08  2.039006E-08
  2.527000E+03 -5.675277E-07  1.062422E-04 -2.695447E-07  1.918915E-04 -1.135225E-02  2.038567E-08  2.038774E-08
  2.528000E+03  4.298727E-07  1.064836E-04  7.726174E-07  1.914695E-04 -1.764783E-02  2.038519E-08  2.038995E-08
  2.529000E+03  4.908772E-07  1.060710E-04 -1.283777E-06  1.922161E-04 -1.722046E-02  2.038553E-08  2.038934E-08
  2.530000E+03 -5.591768E-07  1.063448E-04 -5.079650E-07  1.917021E-04 -1.150551E-02  2.038517E-08  2.038762E-08
  2.531000E+03  3.026974E-07  1.064147E-04  8.646443E-07  1.915986E-04 -1.906220E-02  2.038520E-08  2.039017E-08
  2.532000E+03  5.908062E-07  1.060574E-04 -1.113725E-06  1.922418E-04 -1.529779E-02  2.038629E-08  2.038943E-08
  2.533000E+03 -5.207700E-07  1.064346E-04 -7.416246E-07  1.915466E-04 -1.247944E-02  2.038560E-08  2.038865E-08
  2.534000E+03  1.652374E-07  1.063208E-04  9.050757E-07  1.917751E-04 -1.975361E-02  2.038570E-08  2.039058E-08
  2.535000E+03  6.732744E-07  1.060902E-04 -9.080665E-07  1.921828E-04 -1.348938E-02  2.038685E-08  2.038948E-08
  2.536000E+03 -4.564626E-07  1.064907E-04 -9.623578E-07  1.914530E-04 -1.405972E-02  2.038595E-08  2.038970E-08
  2.537000E+03  2.753124E-08  1.062200E-04  8.936723E-07  1.919568E-04 -1.958708E-02  2.038574E-08  2.039025E-08
  2.538000E+03  7.327281E-07  1.061586E-04 -6.822232E-07  1.920515E-04 -1.215189E-02  2.038641E-08  2.038879E-08
  2.539000E+03 -3.688485E-07  1.065047E-04 -1.156786E-06  1.914330E-04 -1.589724E-02  2.038594E-08  2.039035E-08
  2.540000E+03 -1.026733E-07  1.061320E-04  8.290176E-07  1.921107E-04 -1.862890E-02  2.038556E-08  2.038949E-08
  2.541000E+03  7.624844E-07  1.062479E-04 -4.460456E-07  1.918793E-04 -1.148755E-02  2.038542E-08  2.038782E-08
  2.542000E+03 -2.591413E-07  1.064783E-04 -1.310441E-06  1.914850E-04 -1.764052E-02  2.038583E-08  2.039076E-08
  2.543000E+03 -2.232760E-07  1.060753E-04  7.117534E-07  1.922130E-04 -1.710412E-02  2.038607E-08  2.038936E-08
  2.544000E+03  7.611780E-07  1.063452E-04 -2.025859E-07  1.917034E-04 -1.159443E-02  2.038537E-08  2.038803E-08
  2.545000E+03 -1.328695E-07  1.064170E-04 -1.415851E-06  1.916022E-04 -1.902152E-02  2.038604E-08  2.039127E-08
  2.546000E+03 -3.315605E-07  1.060578E-04  5.506650E-07  1.922484E-04 -1.527853E-02  2.038706E-08  2.038972E-08
  2.547000E+03  7.311949E-07  1.064353E-04  4.065636E-08  1.915501E-04 -1.244521E-02  2.038611E-08  2.038924E-08
  2.548000E+03 -2.223274E-10  1.063273E-04 -1.469091E-06  1.917668E-04 -1.983148E-02  2.038603E-08  2.039130E-08
  2.549000E+03 -4.190861E-07  1.060804E-04  3.590048E-07  1.922051E-04 -1.344699E-02  2.038735E-08  2.038951E-08
  2.550000E+03  6.741934E-07  1.064991E-04  2.653013E-07  1.914412E-04 -1.391073E-02  2.038634E-08  2.039007E-08
  2.551000E+03  1.306302E-07  1.062244E-04 -1.466504E-06  1.919498E-04 -1.985051E-02  2.038573E-08  2.039074E-08
  2.552000E+03 -4.785198E-07  1.061414E-04  1.469164E-07  1.920842E-04 -1.197544E-02  2.038662E-08  2.038852E-08
  2.553000E+03  5.917217E-07  1.065231E-04  4.552893E-07  1.914009E-04 -1.574430E-02  2.038608E-08  2.039041E-08
  2.554000E+03  2.568035E-07  1.061307E-04 -1.408734E-06  1.921170E-04 -1.901770E-02  2.038582E-08  2.039031E-08
  2.555000E+03 -5.078757E-07  1.062314E-04 -8.150329E-08  1.919114E-04 -1.117395E-02  2.038574E-08  2.038767E-08
  2.556000E+03  4.895205E-07  1.065015E-04  6.017182E-07  1.914431E-04 -1.758966E-02  2.038582E-08  2.039062E-08
  2.557000E+03  3.719740E-07  1.060656E-04 -1.301905E-06  1.922335E-04 -1.749235E-02  2.038623E-08  2.039005E-08
  2.558000E+03 -5.078375E-07  1.063342E-04 -3.129625E-07  1.917224E-04 -1.119574E-02  2.038536E-08  2.038761E-08
  2.559000E+03  3.761850E-07  1.064365E-04  6.986081E-07  1.915610E-04 -1.911547E-02  2.038536E-08  2.039040E-08
  2.560000E+03  4.693469E-07  1.060409E-04 -1.157475E-06  1.922735E-04 -1.555938E-02  2.038639E-08  2.038950E-08
  2.561000E+03 -4.792568E-07  1.064307E-04 -5.330789E-07  1.915504E-04 -1.204923E-02  2.038536E-08  2.038818E-08
  2.562000E+03  2.568444E-07  1.063392E-04  7.432817E-07  1.917346E-04 -2.002098E-02  2.038482E-08  2.038983E-08
  2.563000E+03  5.449110E-07  1.060629E-04 -9.823198E-07  1.922267E-04 -1.358060E-02  2.038624E-08  2.038876E-08
  2.564000E+03 -4.259093E-07  1.065018E-04 -7.305618E-07  1.914281E-04 -1.361411E-02  2.038554E-08  2.038909E-08
  2.565000E+03  1.362127E-07  1.062285E-04  7.392930E-07  1.919346E-04 -2.006708E-02  2.038482E-08  2.038950E-08
  2.566000E+03  5.976774E-07  1.061298E-04 -7.850648E-07  1.920991E-04 -1.196559E-02  2.038598E-08  2.038814E-08
  2.567000E+03 -3.543288E-07  1.065299E-04 -8.978341E-07  1.913847E-04 -1.560786E-02  2.038571E-08  2.038999E-08
  2.568000E+03  2.195247E-08  1.061276E-04  6.932152E-07  1.921178E-04 -1.919225E-02  2.038525E-08  2.038933E-08
  2.569000E+03  6.266954E-07  1.062276E-04 -5.802945E-07  1.919159E-04 -1.106661E-02  2.038552E-08  2.038763E-08
  2.570000E+03 -2.678359E-07  1.065068E-04 -1.030145E-06  1.914303E-04 -1.761439E-02  2.038547E-08  2.039034E-08
  2.571000E+03 -8.018442E-08  1.060575E-04  6.067996E-07  1.922426E-04 -1.756035E-02  2.038562E-08  2.038896E-08
  2.572000E+03  6.303892E-07  1.063385E-04 -3.782184E-07  1.917139E-04 -1.107065E-02  2.038532E-08  2.038770E-08
  2.573000E+03 -1.691749E-07  1.064392E-04 -1.121978E-06  1.915575E-04 -1.924897E-02  2.038545E-08  2.039067E-08
  2.574000E+03 -1.670876E-07  1.060334E-04  4.828995E-07  1.922882E-04 -1.549724E-02  2.038652E-08  2.038913E-08
  2.575000E+03  6.114675E-07  1.064427E-04 -1.874043E-07  1.915355E-04 -1.197498E-02  2.038609E-08  2.038900E-08
  2.576000E+03 -6.418337E-08  1.063417E-04 -1.173785E-06  1.917439E-04 -2.020110E-02  2.038622E-08  2.039147E-08
  2.577000E+03 -2.368867E-07  1.060595E-04  3.316452E-07  1.922472E-04 -1.343190E-02  2.038780E-08  2.038981E-08
  2.578000E+03  5.729384E-07  1.065161E-04 -1.418368E-08  1.914173E-04 -1.358383E-02  2.038713E-08  2.039070E-08
  2.579000E+03  4.087830E-08  1.062319E-04 -1.186251E-06  1.919473E-04 -2.026290E-02  2.038674E-08  2.039171E-08
  2.580000E+03 -2.866900E-07  1.061270E-04  1.631419E-07  1.921238E-04 -1.178910E-02  2.038810E-08  2.038979E-08
  2.581000E+03  5.162185E-07  1.065435E-04  1.344202E-07  1.913758E-04 -1.557364E-02  2.038737E-08  2.039159E-08
  2.582000E+03  1.392154E-07  1.061298E-04 -1.156411E-06  1.921248E-04 -1.943943E-02  2.038631E-08  2.039074E-08
  2.583000E+03 -3.157831E-07  1.062213E-04 -9.567861E-09  1.919434E-04 -1.084581E-02  2.038727E-08  2.038894E-08
  2.584000E+03  4.436772E-07  1.065233E-04  2.549448E-07  1.914127E-04 -1.757689E-02  2.038677E-08  2.039153E-08
  2.585000E+03  2.274089E-07  1.060550E-04 -1.086101E-06  1.922509E-04 -1.788692E-02  2.038590E-08  2.038962E-08
  2.586000E+03 -3.238827E-07  1.063277E-04 -1.798562E-07  1.917414E-04 -1.075417E-02  2.038625E-08  2.038822E-08
  2.587000E+03  3.580326E-07  1.064603E-04  3.444955E-07  1.915253E-04 -1.924219E-02  2.038607E-08  2.039113E-08
  2.588000E+03  3.041798E-07  1.060224E-04 -9.796872E-07  1.923033E-04 -1.590010E-02  2.038588E-08  2.038886E-08
  2.589000E+03 -3.113360E-07  1.064262E-04 -3.448563E-07  1.915565E-04 -1.154744E-02  2.038528E-08  2.038780E-08
  2.590000E+03  2.661404E-07  1.063649E-04  3.979041E-07  1.916931E-04 -2.025283E-02  2.038523E-08  2.039031E-08
  2.591000E+03  3.667154E-07  1.060373E-04 -8.485402E-07  1.922703E-04 -1.384640E-02  2.038588E-08  2.038823E-08
  2.592000E+03 -2.805681E-07  1.065007E-04 -4.968409E-07  1.914205E-04 -1.307444E-02  2.038467E-08  2.038791E-08
  2.593000E+03  1.782943E-07  1.062517E-04  4.112368E-07  1.918874E-04 -2.045611E-02  2.038410E-08  2.038891E-08
  2.594000E+03  4.095166E-07  1.060951E-04 -7.086397E-07  1.921563E-04 -1.206157E-02  2.038537E-08  2.038729E-08
  2.595000E+03 -2.325267E-07  1.065401E-04 -6.239495E-07  1.913544E-04 -1.504336E-02  2.038462E-08  2.038861E-08
  2.596000E+03  1.000114E-07  1.061426E-04  3.816779E-07  1.920777E-04 -1.982133E-02  2.038362E-08  2.038790E-08
  2.597000E+03  4.287737E-07  1.061864E-04 -5.678119E-07  1.919826E-04 -1.088443E-02  2.038473E-08  2.038652E-08
  2.598000E+03 -1.674831E-07  1.065368E-04 -7.182947E-07  1.913712E-04 -1.711600E-02  2.038508E-08  2.038973E-08
  2.599000E+03  2.978557E-08  1.060585E-04  3.110609E-07  1.922325E-04 -1.840632E-02  2.038443E-08  2.038801E-08
  2.600000E+03  4.281340E-07  1.062983E-04 -4.261511E-07  1.917800E-04 -1.054855E-02  2.038475E-08  2.038672E-08
  2.601000E+03 -9.303384E-08  1.064862E-04 -7.807060E-07  1.914729E-04 -1.897930E-02  2.038555E-08  2.039065E-08
  2.602000E+03 -3.038157E-08  1.060138E-04  2.129381E-07  1.923192E-04 -1.640128E-02  2.038575E-08  2.038856E-08
  2.603000E+03  4.116542E-07  1.064114E-04 -2.911501E-07  1.915813E-04 -1.113056E-02  2.038518E-08  2.038760E-08
  2.604000E+03 -2.022442E-08  1.063939E-04 -8.098848E-07  1.916429E-04 -2.030905E-02  2.038544E-08  2.039071E-08
  2.605000E+03 -7.377535E-08  1.060165E-04  1.037595E-07  1.923148E-04 -1.416321E-02  2.038650E-08  2.038860E-08
  2.606000E+03  3.809504E-07  1.065046E-04 -1.776843E-07  1.914205E-04 -1.254474E-02  2.038556E-08  2.038866E-08
  2.607000E+03  4.545048E-08  1.062767E-04 -8.043773E-07  1.918528E-04 -2.082018E-02  2.038506E-08  2.039018E-08
  2.608000E+03 -9.843689E-08  1.060685E-04 -7.109517E-09  1.922169E-04 -1.212515E-02  2.038665E-08  2.038827E-08
  2.609000E+03  3.380247E-07  1.065607E-04 -9.140277E-08  1.913306E-04 -1.455665E-02  2.038616E-08  2.039003E-08
  2.610000E+03  1.037677E-07  1.061573E-04 -7.680159E-07  1.920692E-04 -2.035406E-02  2.038533E-08  2.038997E-08
  2.611000E+03 -1.066298E-07  1.061626E-04 -1.172839E-07  1.920418E-04 -1.069902E-02  2.038650E-08  2.038794E-08
  2.612000E+03  2.876316E-07  1.065637E-04 -3.182479E-08  1.913336E-04 -1.682304E-02  2.038633E-08  2.039090E-08
  2.613000E+03  1.530236E-07  1.060598E-04 -7.088967E-07  1.922433E-04 -1.894440E-02  2.038563E-08  2.038954E-08
  2.614000E+03 -1.009490E-07  1.062796E-04 -2.211202E-07  1.918238E-04 -1.018142E-02  2.038590E-08  2.038753E-08
  2.615000E+03  2.351951E-07  1.065113E-04  1.623227E-09  1.914290E-04 -1.888668E-02  2.038572E-08  2.039077E-08
  2.616000E+03  1.904536E-07  1.060050E-04 -6.355535E-07  1.923359E-04 -1.687453E-02  2.038567E-08  2.038876E-08
  2.617000E+03 -8.204406E-08  1.063982E-04 -3.125076E-07  1.916078E-04 -1.068184E-02  2.038557E-08  2.038770E-08
  2.618000E+03  1.831642E-07  1.064161E-04  8.151280E-09  1.916014E-04 -2.034120E-02  2.038525E-08  2.039047E-08
  2.619000E+03  2.146260E-07  1.060056E-04 -5.516826E-07  1.923327E-04 -1.456058E-02  2.038617E-08  2.038850E-08
  2.620000E+03 -5.383357E-08  1.064971E-04 -3.852164E-07  1.914383E-04 -1.211489E-02  2.038612E-08  2.038899E-08
  2.621000E+03  1.354544E-07  1.062964E-04 -7.716422E-09  1.918204E-04 -2.090361E-02  2.038537E-08  2.039041E-08
  2.622000E+03  2.258185E-07  1.060575E-04 -4.653893E-07  1.922351E-04 -1.245895E-02  2.038640E-08  2.038819E-08
  2.623000E+03 -2.087524E-08  1.065531E-04 -4.359051E-07  1.913444E-04 -1.417100E-02  2.038629E-08  2.038996E-08
  2.624000E+03  9.631201E-08  1.061766E-04 -4.045457E-08  1.920355E-04 -2.045194E-02  2.038542E-08  2.038997E-08
  2.625000E+03  2.240782E-07  1.061493E-04 -3.852466E-07  1.920632E-04 -1.099779E-02  2.038614E-08  2.038770E-08
  2.626000E+03  1.502667E-08  1.065569E-04 -4.631246E-07  1.913429E-04 -1.642423E-02  2.038614E-08  2.039053E-08
  2.627000E+03  6.797168E-08  1.060813E-04 -8.834958E-08  1.922045E-04 -1.910828E-02  2.038558E-08  2.038943E-08
  2.628000E+03  2.106031E-07  1.062637E-04 -3.167700E-07  1.918562E-04 -1.042466E-02  2.038625E-08  2.038793E-08
  2.629000E+03  5.315623E-08  1.065126E-04 -4.686700E-07  1.914321E-04 -1.845739E-02  2.038646E-08  2.039136E-08
  2.630000E+03  4.964381E-08  1.060275E-04 -1.492873E-07  1.923037E-04 -1.716244E-02  2.038648E-08  2.038955E-08
  2.631000E+03  1.896549E-07  1.063787E-04 -2.620188E-07  1.916554E-04 -1.079756E-02  2.038686E-08  2.038896E-08
  2.632000E+03  9.108545E-08  1.064289E-04 -4.590274E-07  1.915912E-04 -1.991329E-02  2.038681E-08  2.039193E-08
  2.633000E+03  4.100322E-08  1.060205E-04 -2.181105E-07  1.923165E-04 -1.498938E-02  2.038721E-08  2.038957E-08
  2.634000E+03  1.638873E-07  1.064724E-04 -2.226102E-07  1.914909E-04 -1.201464E-02  2.038703E-08  2.038975E-08
  2.635000E+03  1.239402E-07  1.063219E-04 -4.353588E-07  1.917850E-04 -2.057055E-02  2.038662E-08  2.039164E-08
  2.636000E+03  4.379223E-08  1.060583E-04 -2.865158E-07  1.922449E-04 -1.297282E-02  2.038746E-08  2.038930E-08
  2.637000E+03  1.340435E-07  1.065321E-04 -2.026809E-07  1.913862E-04 -1.382545E-02  2.038682E-08  2.039026E-08
  2.638000E+03  1.474283E-07  1.062097E-04 -3.954857E-07  1.919821E-04 -2.037314E-02  2.038613E-08  2.039077E-08
  2.639000E+03  5.780586E-08  1.061333E-04 -3.457031E-07  1.921054E-04 -1.141744E-02  2.038745E-08  2.038902E-08
  2.640000E+03  1.009285E-07  1.065516E-04 -2.025081E-07  1.913570E-04 -1.589953E-02  2.038683E-08  2.039097E-08
  2.641000E+03  1.613604E-07  1.061113E-04 -3.408635E-07  1.921541E-04 -1.939973E-02  2.038589E-08  2.038995E-08
  2.642000E+03  7.980535E-08  1.062310E-04 -3.925207E-07  1.919229E-04 -1.057249E-02  2.038703E-08  2.038863E-08
  2.643000E+03  6.610667E-08  1.065281E-04 -2.169218E-07  1.914058E-04 -1.787239E-02  2.038683E-08  2.039153E-08
  2.644000E+03  1.671452E-07  1.060426E-04 -2.758410E-07  1.922735E-04 -1.780910E-02  2.038595E-08  2.038931E-08
  2.645000E+03  1.068709E-07  1.063366E-04 -4.273014E-07  1.917255E-04 -1.058701E-02  2.038629E-08  2.038821E-08
  2.646000E+03  3.613450E-08  1.064618E-04 -2.456647E-07  1.915251E-04 -1.945503E-02  2.038626E-08  2.039128E-08
  2.647000E+03  1.619469E-07  1.060145E-04 -2.111667E-07  1.923180E-04 -1.581067E-02  2.038595E-08  2.038858E-08
  2.648000E+03  1.366592E-07  1.064346E-04 -4.423418E-07  1.915425E-04 -1.146987E-02  2.038540E-08  2.038789E-08
  2.649000E+03  1.794051E-08  1.063620E-04 -2.899558E-07  1.916975E-04 -2.042291E-02  2.038508E-08  2.039013E-08
  2.650000E+03  1.431297E-07  1.060313E-04 -1.585077E-07  1.922776E-04 -1.372301E-02  2.038552E-08  2.038754E-08
  2.651000E+03  1.680048E-07  1.065104E-04 -4.313484E-07  1.914060E-04 -1.304357E-02  2.038499E-08  2.038819E-08
  2.652000E+03  1.225873E-08  1.062464E-04 -3.480811E-07  1.918980E-04 -2.060224E-02  2.038415E-08  2.038896E-08
  2.653000E+03  1.130130E-07  1.060934E-04 -1.213237E-07  1.921579E-04 -1.192121E-02  2.038523E-08  2.038684E-08
  2.654000E+03  1.991258E-07  1.065498E-04 -3.974575E-07  1.913441E-04 -1.506893E-02  2.038537E-08  2.038932E-08
  2.655000E+03  1.725088E-08  1.061365E-04 -4.148876E-07  1.920943E-04 -1.990320E-02  2.038419E-08  2.038849E-08
  2.656000E+03  7.674938E-08  1.061908E-04 -1.003289E-07  1.919778E-04 -1.076904E-02  2.038509E-08  2.038661E-08
  2.657000E+03  2.241697E-07  1.065394E-04 -3.460153E-07  1.913717E-04 -1.720744E-02  2.038561E-08  2.039021E-08
  2.658000E+03  3.356614E-08  1.060534E-04 -4.791704E-07  1.922437E-04 -1.837034E-02  2.038466E-08  2.038826E-08
  2.659000E+03  3.858098E-08  1.063055E-04 -1.004574E-07  1.917677E-04 -1.052781E-02  2.038483E-08  2.038660E-08
  2.660000E+03  2.378072E-07  1.064780E-04 -2.809866E-07  1.914852E-04 -1.905816E-02  2.038526E-08  2.039026E-08
  2.661000E+03  6.126643E-08  1.060158E-04 -5.302735E-07  1.923118E-04 -1.627238E-02  2.038539E-08  2.038822E-08
  2.662000E+03  2.838268E-09  1.064174E-04 -1.255386E-07  1.915708E-04 -1.126794E-02  2.038517E-08  2.038748E-08
  2.663000E+03  2.374650E-07  1.063787E-04 -2.088716E-07  1.916686E-04 -2.024223E-02  2.038528E-08  2.039036E-08
  2.664000E+03  9.884599E-08  1.060334E-04 -5.617378E-07  1.922830E-04 -1.406452E-02  2.038640E-08  2.038858E-08
  2.665000E+03 -2.748840E-08  1.065019E-04 -1.751053E-07  1.914308E-04 -1.285811E-02  2.038606E-08  2.038910E-08
  2.666000E+03  2.251804E-07  1.062617E-04 -1.374221E-07  1.918832E-04 -2.048735E-02  2.038555E-08  2.039036E-08
  2.667000E+03  1.411773E-07  1.060978E-04 -5.732704E-07  1.921641E-04 -1.220710E-02  2.038668E-08  2.038846E-08
  2.668000E+03 -5.100081E-08  1.065396E-04 -2.400503E-07  1.913720E-04 -1.491804E-02  2.038643E-08  2.039022E-08
  2.669000E+03  2.049067E-07  1.061529E-04 -7.283003E-08  1.920777E-04 -1.976070E-02  2.038563E-08  2.038988E-08
  2.670000E+03  1.848977E-07  1.061942E-04 -5.699377E-07  1.919849E-04 -1.107689E-02  2.038642E-08  2.038813E-08
  2.671000E+03 -6.629685E-08  1.065267E-04 -3.148163E-07  1.914036E-04 -1.699558E-02  2.038665E-08  2.039106E-08
  2.672000E+03  1.774946E-07  1.060786E-04 -1.864078E-08  1.922147E-04 -1.826416E-02  2.038646E-08  2.039000E-08
  2.673000E+03  2.258772E-07  1.063048E-04 -5.499161E-07  1.917912E-04 -1.088861E-02  2.038711E-08  2.038906E-08
  2.674000E+03 -7.215472E-08  1.064685E-04 -3.921497E-07  1.915193E-04 -1.870631E-02  2.038721E-08  2.039199E-08
  2.675000E+03  1.445453E-07  1.060496E-04  2.132068E-08  1.922715E-04 -1.632994E-02  2.038761E-08  2.039043E-08
  2.676000E+03  2.590242E-07  1.064042E-04 -5.120665E-07  1.916198E-04 -1.161822E-02  2.038777E-08  2.039021E-08
  2.677000E+03 -6.698376E-08  1.063772E-04 -4.631803E-07  1.916870E-04 -1.971876E-02  2.038715E-08  2.039200E-08
  2.678000E+03  1.083972E-07  1.060644E-04  4.185725E-08  1.922375E-04 -1.438914E-02  2.038745E-08  2.038967E-08
  2.679000E+03  2.810485E-07  1.064719E-04 -4.582731E-07  1.914977E-04 -1.301842E-02  2.038740E-08  2.039045E-08
  2.680000E+03 -5.042217E-08  1.062758E-04 -5.216061E-07  1.918639E-04 -1.989593E-02  2.038644E-08  2.039107E-08
  2.681000E+03  6.959339E-08  1.061163E-04  4.177743E-08  1.921330E-04 -1.281410E-02  2.038677E-08  2.038862E-08
  2.682000E+03  2.944876E-07  1.065034E-04 -3.917978E-07  1.914430E-04 -1.475361E-02  2.038711E-08  2.039078E-08
  2.683000E+03 -2.364039E-08  1.061861E-04 -5.715246E-07  1.920234E-04 -1.931607E-02  2.038642E-08  2.039061E-08
  2.684000E+03  2.739881E-08  1.061946E-04  2.406194E-08  1.919902E-04 -1.183246E-02  2.038690E-08  2.038865E-08
  2.685000E+03  3.027300E-07  1.064962E-04 -3.140630E-07  1.914612E-04 -1.651035E-02  2.038711E-08  2.039129E-08
  2.686000E+03  1.069228E-08  1.061194E-04 -6.174611E-07  1.921407E-04 -1.814416E-02  2.038651E-08  2.039014E-08
  2.687000E+03 -1.424544E-08  1.062822E-04 -9.297341E-09  1.918319E-04 -1.154578E-02  2.038696E-08  2.038886E-08
  2.688000E+03  3.047180E-07  1.064524E-04 -2.320829E-07  1.915396E-04 -1.800052E-02  2.038655E-08  2.039106E-08
  2.689000E+03  5.040915E-08  1.060832E-04 -6.554366E-07  1.921980E-04 -1.659531E-02  2.038617E-08  2.038922E-08
  2.690000E+03 -4.981457E-08  1.063645E-04 -5.867348E-08  1.916783E-04 -1.197648E-02  2.038631E-08  2.038858E-08
  2.691000E+03  2.955825E-07  1.063826E-04 -1.527933E-07  1.916627E-04 -1.898557E-02  2.038590E-08  2.039051E-08
  2.692000E+03  9.521950E-08  1.060841E-04 -6.754178E-07  1.921903E-04 -1.495580E-02  2.038606E-08  2.038860E-08
  2.693000E+03 -7.697433E-08  1.064306E-04 -1.254794E-07  1.915582E-04 -1.302426E-02  2.038592E-08  2.038871E-08
  2.694000E+03  2.743280E-07  1.063000E-04 -8.003311E-08  1.918103E-04 -1.935951E-02  2.038561E-08  2.039009E-08
  2.695000E+03  1.428202E-07  1.061181E-04 -6.734344E-07  1.921259E-04 -1.347998E-02  2.038619E-08  2.038836E-08
  2.696000E+03 -9.677486E-08  1.064710E-04 -2.041886E-07  1.914883E-04 -1.444714E-02  2.038582E-08  2.038917E-08
  2.697000E+03  2.438021E-07  1.062154E-04 -1.412830E-08  1.919589E-04 -1.909861E-02  2.038527E-08  2.038941E-08
  2.698000E+03  1.903967E-07  1.061790E-04 -6.527998E-07  1.920113E-04 -1.238974E-02  2.038601E-08  2.038802E-08
  2.699000E+03 -1.082464E-07  1.064775E-04 -2.899752E-07  1.914796E-04 -1.600943E-02  2.038566E-08  2.038953E-08
  2.700000E+03  2.056238E-07  1.061440E-04  4.158723E-08  1.920814E-04 -1.822837E-02  2.038490E-08  2.038855E-08
  2.701000E+03  2.341787E-07  1.062569E-04 -6.135420E-07  1.918636E-04 -1.191434E-02  2.038538E-08  2.038747E-08
  2.702000E+03 -1.059967E-07  1.064481E-04 -3.798767E-07  1.915342E-04 -1.745648E-02  2.038535E-08  2.038962E-08
  2.703000E+03  1.595587E-07  1.060998E-04  7.647843E-08  1.921557E-04 -1.688300E-02  2.038479E-08  2.038787E-08
  2.704000E+03  2.708679E-07  1.063393E-04 -5.523680E-07  1.917118E-04 -1.213083E-02  2.038501E-08  2.038739E-08
  2.705000E+03 -8.886863E-08  1.063877E-04 -4.682551E-07  1.916442E-04 -1.854717E-02  2.038508E-08  2.038953E-08
  2.706000E+03  1.092426E-07  1.060938E-04  8.511001E-08  1.921675E-04 -1.528960E-02  2.038539E-08  2.038793E-08
  2.707000E+03  2.972537E-07  1.064121E-04 -4.738364E-07  1.915878E-04 -1.301910E-02  2.038553E-08  2.038838E-08
  2.708000E+03 -5.903905E-08  1.063074E-04 -5.467968E-07  1.917937E-04 -1.905379E-02  2.038539E-08  2.038979E-08
  2.709000E+03  6.025082E-08  1.061269E-04  6.708565E-08  1.921113E-04 -1.378498E-02  2.038624E-08  2.038838E-08
  2.710000E+03  3.090279E-07  1.064571E-04 -3.854649E-07  1.915178E-04 -1.440077E-02  2.038632E-08  2.038970E-08
  2.711000E+03 -1.864543E-08  1.062222E-04 -6.050158E-07  1.919486E-04 -1.883930E-02  2.038558E-08  2.038969E-08
  2.712000E+03  1.651825E-08  1.061898E-04  2.333404E-08  1.919945E-04 -1.269452E-02  2.038622E-08  2.038818E-08
  2.713000E+03  3.049837E-07  1.064630E-04 -2.941275E-07  1.915128E-04 -1.597527E-02  2.038642E-08  2.039029E-08
  2.714000E+03  2.919003E-08  1.061524E-04 -6.378159E-07  1.920714E-04 -1.794288E-02  2.038557E-08  2.038920E-08
  2.715000E+03 -2.078981E-08  1.062689E-04 -4.086800E-08  1.918459E-04 -1.226280E-02  2.038571E-08  2.038776E-08
  2.716000E+03  2.859641E-07  1.064298E-04 -2.028872E-07  1.915747E-04 -1.738730E-02  2.038618E-08  2.039037E-08
  2.717000E+03  8.073949E-08  1.061177E-04 -6.437017E-07  1.921347E-04 -1.658246E-02  2.038609E-08  2.038920E-08
  2.718000E+03 -4.799751E-08  1.063480E-04 -1.211746E-07  1.917057E-04 -1.259807E-02  2.038590E-08  2.038828E-08
  2.719000E+03  2.533654E-07  1.063652E-04 -1.203248E-07  1.916933E-04 -1.832070E-02  2.038607E-08  2.039034E-08
  2.720000E+03  1.315402E-07  1.061238E-04 -6.216606E-07  1.921253E-04 -1.506599E-02  2.038676E-08  2.038938E-08
  2.721000E+03 -6.055220E-08  1.064078E-04 -2.125133E-07  1.916033E-04 -1.360558E-02  2.038619E-08  2.038905E-08
  2.722000E+03  2.113568E-07  1.062842E-04 -5.915573E-08  1.918365E-04 -1.857987E-02  2.038568E-08  2.038978E-08
  2.723000E+03  1.761689E-07  1.061633E-04 -5.754306E-07  1.920471E-04 -1.375996E-02  2.038642E-08  2.038874E-08
  2.724000E+03 -5.750808E-08  1.064362E-04 -3.047958E-07  1.915574E-04 -1.495311E-02  2.038638E-08  2.038974E-08
  2.725000E+03  1.657747E-07  1.062113E-04 -2.627397E-08  1.919664E-04 -1.817781E-02  2.038562E-08  2.038938E-08
  2.726000E+03  2.112881E-07  1.062256E-04 -5.138839E-07  1.919321E-04 -1.295241E-02  2.038640E-08  2.038862E-08
  2.727000E+03 -4.188513E-08  1.064316E-04 -3.887319E-07  1.915748E-04 -1.631372E-02  2.038691E-08  2.039070E-08
  2.728000E+03  1.208815E-07  1.061633E-04 -1.925772E-08  1.920594E-04 -1.725343E-02  2.038662E-08  2.038992E-08
  2.729000E+03  2.361049E-07  1.062963E-04 -4.449068E-07  1.918105E-04 -1.279466E-02  2.038707E-08  2.038943E-08
  2.730000E+03 -1.713360E-08  1.063942E-04 -4.597760E-07  1.916480E-04 -1.741464E-02  2.038714E-08  2.039118E-08
  2.731000E+03  7.942472E-08  1.061451E-04 -3.352484E-08  1.920942E-04 -1.602759E-02  2.038725E-08  2.039009E-08
  2.732000E+03  2.484241E-07  1.063577E-04 -3.721425E-07  1.917030E-04 -1.325653E-02  2.038730E-08  2.038996E-08
  2.733000E+03  1.485389E-08  1.063336E-04 -5.118980E-07  1.917534E-04 -1.804051E-02  2.038651E-08  2.039058E-08
  2.734000E+03  4.391722E-08  1.061564E-04 -6.742210E-08  1.920674E-04 -1.478055E-02  2.038696E-08  2.038944E-08
  2.735000E+03  2.464215E-07  1.064017E-04 -2.990795E-07  1.916277E-04 -1.416496E-02  2.038746E-08  2.039051E-08
  2.736000E+03  5.253891E-08  1.062686E-04 -5.401162E-07  1.918707E-04 -1.812147E-02  2.038650E-08  2.039042E-08
  2.737000E+03  1.559552E-08  1.061940E-04 -1.189161E-07  1.919968E-04 -1.379284E-02  2.038697E-08  2.038924E-08
  2.738000E+03  2.315249E-07  1.064207E-04 -2.294241E-07  1.916000E-04 -1.530898E-02  2.038782E-08  2.039126E-08
  2.739000E+03  9.374885E-08  1.062130E-04 -5.454406E-07  1.919759E-04 -1.768217E-02  2.038714E-08  2.039078E-08
  2.740000E+03 -5.164579E-09  1.062476E-04 -1.839626E-07  1.919014E-04 -1.323448E-02  2.038727E-08  2.038951E-08
  2.741000E+03  2.067456E-07  1.064095E-04 -1.665078E-07  1.916205E-04 -1.645076E-02  2.038747E-08  2.039122E-08
  2.742000E+03  1.355391E-07  1.061725E-04 -5.314031E-07  1.920447E-04 -1.682686E-02  2.038698E-08  2.039023E-08
  2.743000E+03 -1.706891E-08  1.063057E-04 -2.577520E-07  1.917925E-04 -1.317785E-02  2.038686E-08  2.038926E-08
  2.744000E+03  1.742973E-07  1.063705E-04 -1.148251E-07  1.916842E-04 -1.735408E-02  2.038648E-08  2.039039E-08
  2.745000E+03  1.758381E-07  1.061560E-04 -5.006794E-07  1.920637E-04 -1.573259E-02  2.038620E-08  2.038906E-08
  2.746000E+03 -1.743598E-08  1.063590E-04 -3.384157E-07  1.916909E-04 -1.365246E-02  2.038616E-08  2.038887E-08
  2.747000E+03  1.331646E-07  1.063155E-04 -7.889553E-08  1.917803E-04 -1.785742E-02  2.038596E-08  2.038987E-08
  2.748000E+03  2.119318E-07  1.061666E-04 -4.489070E-07  1.920373E-04 -1.462292E-02  2.038576E-08  2.038831E-08
  2.749000E+03 -5.877704E-09  1.063986E-04 -4.208323E-07  1.916196E-04 -1.451872E-02  2.038591E-08  2.038903E-08
  2.750000E+03  8.595341E-08  1.062552E-04 -6.172848E-08  1.918887E-04 -1.790779E-02  2.038591E-08  2.038966E-08
  2.751000E+03  2.409366E-07  1.062023E-04 -3.788554E-07  1.919717E-04 -1.370268E-02  2.038592E-08  2.038827E-08
  2.752000E+03  1.582680E-08  1.064137E-04 -4.976850E-07  1.915936E-04 -1.561423E-02  2.038571E-08  2.038924E-08
  2.753000E+03  3.600283E-08  1.061997E-04 -6.260576E-08  1.919852E-04 -1.746797E-02  2.038566E-08  2.038911E-08
  2.754000E+03  2.598185E-07  1.062561E-04 -2.946383E-07  1.918720E-04 -1.319484E-02  2.038580E-08  2.038814E-08
  2.755000E+03  4.931699E-08  1.063980E-04 -5.642799E-07  1.916214E-04 -1.670443E-02  2.038530E-08  2.038915E-08
  2.756000E+03 -1.439153E-08  1.061601E-04 -8.678579E-08  1.920467E-04 -1.658025E-02  2.038491E-08  2.038797E-08
  2.757000E+03  2.648176E-07  1.063174E-04 -1.976516E-07  1.917561E-04 -1.322376E-02  2.038522E-08  2.038774E-08
  2.758000E+03  9.603452E-08  1.063556E-04 -6.142954E-07  1.916969E-04 -1.757052E-02  2.038490E-08  2.038893E-08
  2.759000E+03 -6.118261E-08  1.061477E-04 -1.406280E-07  1.920622E-04 -1.542041E-02  2.038455E-08  2.038722E-08
  2.760000E+03  2.543899E-07  1.063740E-04 -9.470688E-08  1.916531E-04 -1.379884E-02  2.038496E-08  2.038781E-08
  2.761000E+03  1.531455E-07  1.062963E-04 -6.422043E-07  1.918066E-04 -1.802384E-02  2.038501E-08  2.038904E-08
  2.762000E+03 -9.776750E-08  1.061691E-04 -2.240874E-07  1.920266E-04 -1.425668E-02  2.038521E-08  2.038758E-08
  2.763000E+03  2.281251E-07  1.064105E-04  1.279063E-09  1.915930E-04 -1.481978E-02  2.038526E-08  2.038851E-08
  2.764000E+03  2.139247E-07  1.062312E-04 -6.414281E-07  1.919263E-04 -1.789500E-02  2.038530E-08  2.038912E-08
  2.765000E+03 -1.178412E-07  1.062203E-04 -3.290439E-07  1.919397E-04 -1.338314E-02  2.038607E-08  2.038833E-08
  2.766000E+03  1.856779E-07  1.064160E-04  7.793229E-08  1.915914E-04 -1.607231E-02  2.038576E-08  2.038941E-08
  2.767000E+03  2.736917E-07  1.061756E-04 -6.072685E-07  1.920263E-04 -1.717786E-02  2.038551E-08  2.038897E-08
  2.768000E+03 -1.199835E-07  1.062889E-04 -4.473084E-07  1.918200E-04 -1.302780E-02  2.038660E-08  2.038896E-08
  2.769000E+03  1.266020E-07  1.063910E-04  1.327807E-07  1.916493E-04 -1.723336E-02  2.038674E-08  2.039067E-08
  2.770000E+03  3.293670E-07  1.061465E-04 -5.361941E-07  1.920834E-04 -1.606393E-02  2.038635E-08  2.038938E-08
  2.771000E+03 -1.038752E-07  1.063569E-04 -5.729655E-07  1.917027E-04 -1.329730E-02  2.038710E-08  2.038977E-08
  2.772000E+03  5.426715E-08  1.063398E-04  1.622999E-07  1.917524E-04 -1.800223E-02  2.038760E-08  2.039161E-08
  2.773000E+03  3.750188E-07  1.061509E-04 -4.299011E-07  1.920817E-04 -1.479901E-02  2.038742E-08  2.039007E-08
  2.774000E+03 -6.940728E-08  1.064081E-04 -6.941892E-07  1.916140E-04 -1.415317E-02  2.038723E-08  2.039036E-08
  2.775000E+03 -2.392856E-08  1.062709E-04  1.599413E-07  1.918763E-04 -1.820759E-02  2.038749E-08  2.039138E-08
  2.776000E+03  4.050691E-07  1.061866E-04 -2.984829E-07  1.920165E-04 -1.366482E-02  2.038768E-08  2.039006E-08
  2.777000E+03 -1.734195E-08  1.064321E-04 -7.991186E-07  1.915739E-04 -1.536369E-02  2.038721E-08  2.039083E-08
  2.778000E+03 -1.010916E-07  1.062034E-04  1.213384E-07  1.919910E-04 -1.783926E-02  2.038686E-08  2.039045E-08
  2.779000E+03  4.151659E-07  1.062437E-04 -1.520681E-07  1.919093E-04 -1.292913E-02  2.038745E-08  2.038975E-08
  2.780000E+03  5.001590E-08  1.064281E-04 -8.770368E-07  1.915884E-04 -1.662399E-02  2.038757E-08  2.039161E-08
  2.781000E+03 -1.699722E-07  1.061540E-04  4.492021E-08  1.920778E-04 -1.700491E-02  2.038688E-08  2.039010E-08
  2.782000E+03  4.040328E-07  1.063101E-04 -4.132495E-09  1.917890E-04 -1.274317E-02  2.038745E-08  2.038987E-08
  2.783000E+03  1.281772E-07  1.063948E-04 -9.215383E-07  1.916532E-04 -1.769429E-02  2.038771E-08  2.039203E-08
  2.784000E+03 -2.253663E-07  1.061319E-04 -6.474552E-08  1.921176E-04 -1.584464E-02  2.038725E-08  2.039005E-08
  2.785000E+03  3.722277E-07  1.063706E-04  1.343892E-07  1.916771E-04 -1.316004E-02  2.038704E-08  2.038975E-08
  2.786000E+03  2.117785E-07  1.063351E-04 -9.291552E-07  1.917538E-04 -1.834558E-02  2.038672E-08  2.039112E-08
  2.787000E+03 -2.634269E-07  1.061391E-04 -2.001725E-07  1.920952E-04 -1.458899E-02  2.038663E-08  2.038909E-08
  2.788000E+03  3.211142E-07  1.064151E-04  2.546004E-07  1.915918E-04 -1.407402E-02  2.038624E-08  2.038935E-08
  2.789000E+03  2.948882E-07  1.062621E-04 -8.975528E-07  1.918729E-04 -1.845808E-02  2.038535E-08  2.038961E-08
  2.790000E+03 -2.822481E-07  1.061752E-04 -3.510722E-07  1.920171E-04 -1.349396E-02  2.038559E-08  2.038784E-08
  2.791000E+03  2.534892E-07  1.064384E-04  3.502782E-07  1.915501E-04 -1.531567E-02  2.038590E-08  2.038945E-08
  2.792000E+03  3.732766E-07  1.061936E-04 -8.287323E-07  1.919942E-04 -1.800513E-02  2.038524E-08  2.038919E-08
  2.793000E+03 -2.820831E-07  1.062345E-04 -5.087291E-07  1.919053E-04 -1.277361E-02  2.038530E-08  2.038754E-08
  2.794000E+03  1.726632E-07  1.064348E-04  4.190989E-07  1.915615E-04 -1.666575E-02  2.038597E-08  2.038993E-08
  2.795000E+03  4.442760E-07  1.061417E-04 -7.270636E-07  1.920918E-04 -1.707084E-02  2.038597E-08  2.038948E-08
  2.796000E+03 -2.639493E-07  1.063052E-04 -6.669117E-07  1.917790E-04 -1.257173E-02  2.038550E-08  2.038792E-08
  2.797000E+03  8.348575E-08  1.063990E-04  4.589582E-07  1.916264E-04 -1.785200E-02  2.038561E-08  2.038984E-08
  2.798000E+03  5.051175E-07  1.061154E-04 -5.999224E-07  1.921367E-04 -1.581046E-02  2.038612E-08  2.038917E-08
  2.799000E+03 -2.269269E-07  1.063760E-04 -8.208434E-07  1.916541E-04 -1.298338E-02  2.038567E-08  2.038847E-08
  2.800000E+03 -1.101616E-08  1.063352E-04  4.654175E-07  1.917405E-04 -1.862505E-02  2.038523E-08  2.038952E-08
  2.801000E+03  5.515349E-07  1.061213E-04 -4.497413E-07  1.921189E-04 -1.441068E-02  2.038578E-08  2.038842E-08
  2.802000E+03 -1.690249E-07  1.064355E-04 -9.636549E-07  1.915541E-04 -1.395987E-02  2.038617E-08  2.038950E-08
  2.803000E+03 -1.082944E-07  1.062562E-04  4.322965E-07  1.918866E-04 -1.883770E-02  2.038552E-08  2.038967E-08
  2.804000E+03  5.790307E-07  1.061602E-04 -2.777927E-07  1.920434E-04 -1.312478E-02  2.038560E-08  2.038794E-08
  2.805000E+03 -9.125525E-08  1.064689E-04 -1.085443E-06  1.914999E-04 -1.536103E-02  2.038639E-08  2.039031E-08
  2.806000E+03 -2.041369E-07  1.061774E-04  3.580243E-07  1.920335E-04 -1.839418E-02  2.038618E-08  2.038999E-08
  2.807000E+03  5.855721E-07  1.062281E-04 -9.080100E-08  1.919196E-04 -1.224823E-02  2.038572E-08  2.038798E-08
  2.808000E+03  1.715343E-09  1.064618E-04 -1.178131E-06  1.915115E-04 -1.693605E-02  2.038574E-08  2.039020E-08
  2.809000E+03 -2.935258E-07  1.061149E-04  2.476855E-07  1.921425E-04 -1.729704E-02  2.038613E-08  2.038945E-08
  2.810000E+03  5.699224E-07  1.063133E-04  1.022088E-07  1.917652E-04 -1.202851E-02  2.038572E-08  2.038814E-08
  2.811000E+03  1.058377E-07  1.064135E-04 -1.235768E-06  1.915952E-04 -1.832981E-02  2.038489E-08  2.038972E-08
  2.812000E+03 -3.713185E-07  1.060852E-04  1.050167E-07  1.921868E-04 -1.575113E-02  2.038563E-08  2.038842E-08
  2.813000E+03  5.298490E-07  1.063984E-04  2.928130E-07  1.916145E-04 -1.257538E-02  2.038586E-08  2.038867E-08
  2.814000E+03  2.188024E-07  1.063348E-04 -1.251893E-06  1.917384E-04 -1.920227E-02  2.038470E-08  2.038964E-08
  2.815000E+03 -4.305182E-07  1.060979E-04 -7.132790E-08  1.921562E-04 -1.409379E-02  2.038535E-08  2.038770E-08
  2.816000E+03  4.636921E-07  1.064618E-04  4.683722E-07  1.915054E-04 -1.380364E-02  2.038606E-08  2.038943E-08
  2.817000E+03  3.348716E-07  1.062424E-04 -1.218261E-06  1.919095E-04 -1.929362E-02  2.038514E-08  2.038988E-08
  2.818000E+03 -4.640117E-07  1.061523E-04 -2.759040E-07  1.920538E-04 -1.270666E-02  2.038531E-08  2.038742E-08
  2.819000E+03  3.737556E-07  1.064869E-04  6.126220E-07  1.914640E-04 -1.548204E-02  2.038598E-08  2.038992E-08
  2.820000E+03  4.466559E-07  1.061571E-04 -1.133180E-06  1.920665E-04 -1.856710E-02  2.038570E-08  2.038999E-08
  2.821000E+03 -4.688007E-07  1.062376E-04 -4.964289E-07  1.919021E-04 -1.189767E-02  2.038578E-08  2.038792E-08
  2.822000E+03  2.646347E-07  1.064693E-04  7.156059E-07  1.915028E-04 -1.723160E-02  2.038615E-08  2.039057E-08
  2.823000E+03  5.483820E-07  1.061001E-04 -1.000943E-06  1.921735E-04 -1.720633E-02  2.038661E-08  2.039033E-08
  2.824000E+03 -4.440871E-07  1.063336E-04 -7.219840E-07  1.917380E-04 -1.187386E-02  2.038676E-08  2.038922E-08
  2.825000E+03  1.403523E-07  1.064137E-04  7.722782E-07  1.916154E-04 -1.860505E-02  2.038698E-08  2.039165E-08
  2.826000E+03  6.334186E-07  1.060832E-04 -8.239623E-07  1.922078E-04 -1.553365E-02  2.038755E-08  2.039069E-08
  2.827000E+03 -3.898796E-07  1.064170E-04 -9.392372E-07  1.915971E-04 -1.263403E-02  2.038756E-08  2.039055E-08
  2.828000E+03  7.944907E-09  1.063317E-04  7.766363E-07  1.917707E-04 -1.931766E-02  2.038749E-08  2.039213E-08
  2.829000E+03  6.939061E-07  1.061065E-04 -6.096509E-07  1.921645E-04 -1.388562E-02  2.038795E-08  2.039061E-08
  2.830000E+03 -3.088069E-07  1.064719E-04 -1.130146E-06  1.915045E-04 -1.397858E-02  2.038786E-08  2.039148E-08
  2.831000E+03 -1.230839E-07  1.062404E-04  7.258312E-07  1.919332E-04 -1.929049E-02  2.038726E-08  2.039163E-08
  2.832000E+03  7.247624E-07  1.061632E-04 -3.727583E-07  1.920564E-04 -1.257847E-02  2.038771E-08  2.039010E-08
  2.833000E+03 -2.057729E-07  1.064904E-04 -1.280302E-06  1.914743E-04 -1.562098E-02  2.038769E-08  2.039193E-08
  2.834000E+03 -2.440894E-07  1.061579E-04  6.223212E-07  1.920747E-04 -1.855809E-02  2.038673E-08  2.039064E-08
  2.835000E+03  7.250097E-07  1.062413E-04 -1.298182E-07  1.919066E-04 -1.185080E-02  2.038697E-08  2.038932E-08
  2.836000E+03 -8.654877E-08  1.064720E-04 -1.382804E-06  1.915080E-04 -1.725298E-02  2.038720E-08  2.039195E-08
  2.837000E+03 -3.485770E-07  1.060999E-04  4.721457E-07  1.921744E-04 -1.726250E-02  2.038664E-08  2.039000E-08
  2.838000E+03  6.959706E-07  1.063274E-04  1.049866E-07  1.917458E-04 -1.181083E-02  2.038640E-08  2.038895E-08
  2.839000E+03  4.254644E-08  1.064207E-04 -1.434902E-06  1.916003E-04 -1.858680E-02  2.038672E-08  2.039179E-08
  2.840000E+03 -4.320774E-07  1.060774E-04  2.841792E-07  1.922157E-04 -1.564407E-02  2.038726E-08  2.039006E-08
  2.841000E+03  6.402196E-07  1.064065E-04  3.204733E-07  1.916045E-04 -1.245929E-02  2.038639E-08  2.038932E-08
  2.842000E+03  1.751153E-07  1.063429E-04 -1.436297E-06  1.917359E-04 -1.939354E-02  2.038592E-08  2.039107E-08
  2.843000E+03 -4.911598E-07  1.060927E-04  6.834140E-08  1.921838E-04 -1.401141E-02  2.038730E-08  2.038966E-08
  2.844000E+03  5.609791E-07  1.064648E-04  5.069910E-07  1.915029E-04 -1.368998E-02  2.038640E-08  2.038984E-08
  2.845000E+03  3.037450E-07  1.062499E-04 -1.387121E-06  1.918946E-04 -1.949893E-02  2.038491E-08  2.038986E-08
  2.846000E+03 -5.229581E-07  1.061425E-04 -1.629247E-07  1.920808E-04 -1.263692E-02  2.038630E-08  2.038841E-08
  2.847000E+03  4.616994E-07  1.064935E-04  6.558282E-07  1.914553E-04 -1.530614E-02  2.038636E-08  2.039036E-08
  2.848000E+03  4.224383E-07  1.061610E-04 -1.289176E-06  1.920521E-04 -1.887136E-02  2.038481E-08  2.038931E-08
  2.849000E+03 -5.276003E-07  1.062193E-04 -3.974581E-07  1.919308E-04 -1.175939E-02  2.038535E-08  2.038745E-08
  2.850000E+03  3.466616E-07  1.064857E-04  7.635793E-07  1.914733E-04 -1.703337E-02  2.038621E-08  2.039069E-08
  2.851000E+03  5.276531E-07  1.060944E-04 -1.148035E-06  1.921759E-04 -1.761037E-02  2.038562E-08  2.038954E-08
  2.852000E+03 -5.055516E-07  1.063122E-04 -6.277436E-07  1.917602E-04 -1.158582E-02  2.038507E-08  2.038743E-08
  2.853000E+03  2.207642E-07  1.064369E-04  8.269883E-07  1.915629E-04 -1.855162E-02  2.038585E-08  2.039065E-08
  2.854000E+03  6.156135E-07  1.060632E-04 -9.703103E-07  1.922354E-04 -1.588973E-02  2.038654E-08  2.038982E-08
  2.855000E+03 -4.575388E-07  1.064056E-04 -8.455718E-07  1.915979E-04 -1.218756E-02  2.038558E-08  2.038844E-08
  2.856000E+03  8.940113E-08  1.063523E-04  8.429006E-07  1.917137E-04 -1.957406E-02  2.038529E-08  2.039015E-08
  2.857000E+03  6.819508E-07  1.060741E-04 -7.631024E-07  1.922130E-04 -1.400462E-02  2.038683E-08  2.038953E-08
  2.858000E+03 -3.847483E-07  1.064813E-04 -1.041149E-06  1.914723E-04 -1.349565E-02  2.038636E-08  2.038990E-08
  2.859000E+03 -4.129537E-08  1.062470E-04  8.084539E-07  1.919012E-04 -1.984613E-02  2.038491E-08  2.038955E-08
  2.860000E+03  7.231970E-07  1.061280E-04 -5.357668E-07  1.921057E-04 -1.235487E-02  2.038624E-08  2.038855E-08
  2.861000E+03 -2.890211E-07  1.065182E-04 -1.205932E-06  1.914115E-04 -1.532116E-02  2.038642E-08  2.039070E-08
  2.862000E+03 -1.655997E-07  1.061435E-04  7.224485E-07  1.920864E-04 -1.917999E-02  2.038498E-08  2.038912E-08
  2.863000E+03  7.365961E-07  1.062195E-04 -2.974504E-07  1.919315E-04 -1.132262E-02  2.038555E-08  2.038777E-08
  2.864000E+03 -1.748885E-07  1.065055E-04 -1.330505E-06  1.914387E-04 -1.732691E-02  2.038621E-08  2.039113E-08
  2.865000E+03 -2.777958E-07  1.060684E-04  5.890995E-07  1.922255E-04 -1.766579E-02  2.038588E-08  2.038933E-08
  2.866000E+03  7.206997E-07  1.063313E-04 -5.840029E-08  1.917315E-04 -1.117784E-02  2.038579E-08  2.038824E-08
  2.867000E+03 -4.755660E-08  1.064438E-04 -1.407504E-06  1.915554E-04 -1.907327E-02  2.038619E-08  2.039152E-08
  2.868000E+03 -3.723313E-07  1.060388E-04  4.141174E-07  1.922831E-04 -1.564383E-02  2.038697E-08  2.038971E-08
  2.869000E+03  6.752867E-07  1.064358E-04  1.704156E-07  1.915505E-04 -1.197245E-02  2.038636E-08  2.038931E-08
  2.870000E+03  8.607902E-08  1.063425E-04 -1.430585E-06  1.917368E-04 -2.010611E-02  2.038566E-08  2.039106E-08
  2.871000E+03 -4.427630E-07  1.060603E-04  2.058461E-07  1.922365E-04 -1.356640E-02  2.038679E-08  2.038895E-08
  2.872000E+03  6.022443E-07  1.065080E-04  3.744359E-07  1.914240E-04 -1.356646E-02  2.038632E-08  2.038993E-08
  2.873000E+03  2.175056E-07  1.062252E-04 -1.396256E-06  1.919418E-04 -2.015622E-02  2.038492E-08  2.039003E-08
  2.874000E+03 -4.833466E-07  1.061308E-04 -2.352360E-08  1.920997E-04 -1.187280E-02  2.038626E-08  2.038812E-08
  2.875000E+03  5.054206E-07  1.065352E-04  5.388252E-07  1.913820E-04 -1.563814E-02  2.038642E-08  2.039070E-08
  2.876000E+03  3.402696E-07  1.061224E-04 -1.306730E-06  1.921280E-04 -1.923318E-02  2.038531E-08  2.038984E-08
  2.877000E+03 -4.910659E-07  1.062347E-04 -2.636043E-07  1.919103E-04 -1.096792E-02  2.038631E-08  2.038820E-08
  2.878000E+03  3.891915E-07  1.065098E-04  6.537787E-07  1.914381E-04 -1.768975E-02  2.038684E-08  2.039164E-08
  2.879000E+03  4.484651E-07  1.060567E-04 -1.165745E-06  1.922506E-04 -1.754894E-02  2.038632E-08  2.039011E-08
  2.880000E+03 -4.671236E-07  1.063464E-04 -5.014992E-07  1.917094E-04 -1.106510E-02  2.038636E-08  2.038863E-08
  2.881000E+03  2.618016E-07  1.064369E-04  7.146597E-07  1.915756E-04 -1.925455E-02  2.038693E-08  2.039195E-08
  2.882000E+03  5.352984E-07  1.060394E-04 -9.840567E-07  1.922828E-04 -1.547205E-02  2.038711E-08  2.039015E-08
  2.883000E+03 -4.154413E-07  1.064436E-04 -7.202022E-07  1.915394E-04 -1.207490E-02  2.038665E-08  2.038953E-08
  2.884000E+03  1.328389E-07  1.063351E-04  7.211447E-07  1.917600E-04 -2.007572E-02  2.038670E-08  2.039165E-08
  2.885000E+03  5.948012E-07  1.060706E-04 -7.758248E-07  1.922271E-04 -1.343936E-02  2.038779E-08  2.039023E-08
  2.886000E+03 -3.401804E-07  1.065099E-04 -9.041596E-07  1.914294E-04 -1.374996E-02  2.038720E-08  2.039082E-08
  2.887000E+03  1.088635E-08  1.062235E-04  6.742529E-07  1.919571E-04 -2.004041E-02  2.038626E-08  2.039086E-08
  2.888000E+03  6.241253E-07  1.061413E-04 -5.558591E-07  1.920941E-04 -1.184452E-02  2.038770E-08  2.038978E-08
  2.889000E+03 -2.461868E-07  1.065316E-04 -1.043502E-06  1.913946E-04 -1.577392E-02  2.038704E-08  2.039138E-08
  2.890000E+03 -9.808494E-08  1.061211E-04  5.786126E-07  1.921299E-04 -1.913020E-02  2.038530E-08  2.038932E-08
  2.891000E+03  6.239934E-07  1.062378E-04 -3.367766E-07  1.919060E-04 -1.096858E-02  2.038645E-08  2.038849E-08
  2.892000E+03 -1.400931E-07  1.065066E-04 -1.134008E-06  1.914391E-04 -1.776941E-02  2.038632E-08  2.039125E-08
  2.893000E+03 -1.891199E-07  1.060513E-04  4.433121E-07  1.922508E-04 -1.749268E-02  2.038534E-08  2.038863E-08
  2.894000E+03  5.968235E-07  1.063464E-04 -1.306030E-07  1.917051E-04 -1.098177E-02  2.038591E-08  2.038822E-08
  2.895000E+03 -2.817452E-08  1.064413E-04 -1.175167E-06  1.915618E-04 -1.938585E-02  2.038626E-08  2.039154E-08
  2.896000E+03 -2.592025E-07  1.060290E-04  2.783808E-07  1.922978E-04 -1.546314E-02  2.038671E-08  2.038929E-08
  2.897000E+03  5.471703E-07  1.064465E-04  5.270456E-08  1.915305E-04 -1.190416E-02  2.038631E-08  2.038914E-08
  2.898000E+03  8.266218E-08  1.063422E-04 -1.170221E-06  1.917425E-04 -2.030947E-02  2.038611E-08  2.039141E-08
  2.899000E+03 -3.049311E-07  1.060544E-04  9.478690E-08  1.922529E-04 -1.340331E-02  2.038744E-08  2.038945E-08
  2.900000E+03  4.793012E-07  1.065188E-04  2.026597E-07  1.914074E-04 -1.355699E-02  2.038661E-08  2.039012E-08
  2.901000E+03  1.854097E-07  1.062239E-04 -1.121751E-06  1.919469E-04 -2.037195E-02  2.038512E-08  2.039011E-08
  2.902000E+03 -3.250394E-07  1.061219E-04 -9.447236E-08  1.921203E-04 -1.165331E-02  2.038679E-08  2.038846E-08
  2.903000E+03  3.975311E-07  1.065498E-04  3.130260E-07  1.913553E-04 -1.564636E-02  2.038637E-08  2.039058E-08
  2.904000E+03  2.760051E-07  1.061121E-04 -1.034951E-06  1.921399E-04 -1.950903E-02  2.038448E-08  2.038890E-08
  2.905000E+03 -3.209725E-07  1.062246E-04 -2.799965E-07  1.919240E-04 -1.060845E-02  2.038591E-08  2.038758E-08
  2.906000E+03  3.057819E-07  1.065310E-04  3.833518E-07  1.913960E-04 -1.780918E-02  2.038638E-08  2.039119E-08
  2.907000E+03  3.520408E-07  1.060329E-04 -9.156417E-07  1.922846E-04 -1.780422E-02  2.038526E-08  2.038890E-08
  2.908000E+03 -2.954309E-07  1.063471E-04 -4.546372E-07  1.917039E-04 -1.053775E-02  2.038602E-08  2.038804E-08
  2.909000E+03  2.080606E-07  1.064621E-04  4.156354E-07  1.915305E-04 -1.965268E-02  2.038681E-08  2.039198E-08
  2.910000E+03  4.098696E-07  1.060027E-04 -7.687549E-07  1.923471E-04 -1.554917E-02  2.038685E-08  2.038968E-08
  2.911000E+03 -2.495811E-07  1.064627E-04 -6.100676E-07  1.915023E-04 -1.149650E-02  2.038651E-08  2.038919E-08
  2.912000E+03  1.097274E-07  1.063506E-04  4.076348E-07  1.917332E-04 -2.077251E-02  2.038656E-08  2.039174E-08
  2.913000E+03  4.462273E-07  1.060273E-04 -6.022682E-07  1.923004E-04 -1.320858E-02  2.038731E-08  2.038943E-08
  2.914000E+03 -1.846054E-07  1.065450E-04 -7.387170E-07  1.913581E-04 -1.331364E-02  2.038645E-08  2.038997E-08
  2.915000E+03  1.649570E-08  1.062160E-04  3.568373E-07  1.919639E-04 -2.086652E-02  2.038520E-08  2.039004E-08
  2.916000E+03  4.602597E-07  1.061047E-04 -4.269319E-07  1.921460E-04 -1.125316E-02  2.038630E-08  2.038799E-08
  2.917000E+03 -1.046499E-07  1.065770E-04 -8.353218E-07  1.913014E-04 -1.569273E-02  2.038583E-08  2.039022E-08
  2.918000E+03 -6.567683E-08  1.060899E-04  2.664772E-07  1.921810E-04 -1.982807E-02  2.038444E-08  2.038861E-08
  2.919000E+03  4.509453E-07  1.062262E-04 -2.538432E-07  1.919192E-04 -1.010858E-02  2.038582E-08  2.038747E-08
  2.920000E+03 -1.482962E-08  1.065524E-04 -8.934528E-07  1.913562E-04 -1.819022E-02  2.038608E-08  2.039123E-08
  2.921000E+03 -1.315046E-07  1.060037E-04  1.423105E-07  1.923404E-04 -1.784428E-02  2.038555E-08  2.038886E-08
  2.922000E+03  4.170769E-07  1.063648E-04 -9.259061E-08  1.916732E-04 -1.008174E-02  2.038625E-08  2.038825E-08
  2.923000E+03  7.959860E-08  1.064703E-04 -9.061870E-07  1.915151E-04 -2.022319E-02  2.038650E-08  2.039207E-08
  2.924000E+03 -1.758609E-07  1.059756E-04 -9.485878E-09  1.923951E-04 -1.534089E-02  2.038679E-08  2.038924E-08
  2.925000E+03  3.614654E-07  1.064880E-04  4.411971E-08  1.914570E-04 -1.121582E-02  2.038658E-08  2.038927E-08
  2.926000E+03  1.702981E-07  1.063434E-04 -8.720396E-07  1.917432E-04 -2.131808E-02  2.038599E-08  2.039157E-08
  2.927000E+03 -1.953766E-07  1.060108E-04 -1.750425E-07  1.923273E-04 -1.280647E-02  2.038711E-08  2.038887E-08
  2.928000E+03  2.897424E-07  1.065725E-04  1.446993E-07  1.913118E-04 -1.329465E-02  2.038678E-08  2.039033E-08
  2.929000E+03  2.488374E-07  1.062009E-04 -7.951138E-07  1.919955E-04 -2.126426E-02  2.038549E-08  2.039066E-08
  2.930000E+03 -1.876017E-07  1.061026E-04 -3.395134E-07  1.921566E-04 -1.077461E-02  2.038713E-08  2.038853E-08
  2.931000E+03  2.062167E-07  1.066026E-04  2.005383E-07  1.912692E-04 -1.587908E-02  2.038724E-08  2.039165E-08
  2.932000E+03  3.104121E-07  1.060749E-04 -6.799567E-07  1.922221E-04 -2.007216E-02  2.038583E-08  2.039026E-08
  2.933000E+03 -1.537989E-07  1.062320E-04 -4.921638E-07  1.919213E-04 -9.691871E-03  2.038723E-08  2.038869E-08
  2.934000E+03  1.161516E-07  1.065696E-04  2.096713E-07  1.913396E-04 -1.843691E-02  2.038751E-08  2.039261E-08
  2.935000E+03  3.526242E-07  1.059903E-04 -5.350931E-07  1.923750E-04 -1.794497E-02  2.038661E-08  2.039012E-08
  2.936000E+03 -9.973597E-08  1.063720E-04 -6.232406E-07  1.916679E-04 -9.778020E-03  2.038712E-08  2.038904E-08
  2.937000E+03  2.822165E-08  1.064795E-04  1.762663E-07  1.915053E-04 -2.046444E-02  2.038712E-08  2.039260E-08
  2.938000E+03  3.720353E-07  1.059623E-04 -3.750120E-07  1.924222E-04 -1.532710E-02  2.038711E-08  2.038968E-08
  2.939000E+03 -3.050185E-08  1.064968E-04 -7.214804E-07  1.914450E-04 -1.098104E-02  2.038705E-08  2.038974E-08
  2.940000E+03 -4.915280E-08  1.063505E-04  1.033449E-07  1.917359E-04 -2.158294E-02  2.038647E-08  2.039195E-08
  2.941000E+03  3.664776E-07  1.059952E-04 -2.147789E-07  1.923555E-04 -1.274053E-02  2.038711E-08  2.038894E-08
  2.942000E+03  4.898012E-08  1.065837E-04 -7.783151E-07  1.912915E-04 -1.308491E-02  2.038680E-08  2.039043E-08
  2.943000E+03 -1.104526E-07  1.062045E-04 -3.921785E-09  1.919900E-04 -2.158304E-02  2.038545E-08  2.039055E-08
  2.944000E+03  3.372266E-07  1.060823E-04 -6.657524E-08  1.921855E-04 -1.063483E-02  2.038632E-08  2.038771E-08
  2.945000E+03  1.329761E-07  1.066163E-04 -7.914019E-07  1.912334E-04 -1.571246E-02  2.038608E-08  2.039067E-08
  2.946000E+03 -1.517875E-07  1.060688E-04 -1.373403E-07  1.922224E-04 -2.043451E-02  2.038453E-08  2.038892E-08
  2.947000E+03  2.873689E-07  1.062092E-04  5.914103E-08  1.919441E-04 -9.392995E-03  2.038532E-08  2.038667E-08
  2.948000E+03  2.148316E-07  1.065889E-04 -7.612498E-07  1.912855E-04 -1.838271E-02  2.038547E-08  2.039085E-08
  2.949000E+03 -1.711138E-07  1.059728E-04 -2.852877E-07  1.923909E-04 -1.832673E-02  2.038478E-08  2.038828E-08
  2.950000E+03  2.216034E-07  1.063574E-04  1.542428E-07  1.916782E-04 -9.300849E-03  2.038550E-08  2.038723E-08
  2.951000E+03  2.889385E-07  1.065037E-04 -6.925029E-07  1.914493E-04 -2.061276E-02  2.038574E-08  2.039160E-08
  2.952000E+03 -1.688446E-07  1.059366E-04 -4.361416E-07  1.924618E-04 -1.560424E-02  2.038626E-08  2.038882E-08
  2.953000E+03  1.459834E-07  1.065004E-04  2.143812E-07  1.914338E-04 -1.045666E-02  2.038667E-08  2.038915E-08
  2.954000E+03  3.510466E-07  1.063703E-04 -5.936881E-07  1.916995E-04 -2.198443E-02  2.038622E-08  2.039215E-08
  2.955000E+03 -1.443364E-07  1.059656E-04 -5.819116E-07  1.924118E-04 -1.273861E-02  2.038738E-08  2.038916E-08
  2.956000E+03  6.494252E-08  1.066058E-04  2.344701E-07  1.912551E-04 -1.265720E-02  2.038727E-08  2.039074E-08
  2.957000E+03  3.959847E-07  1.062114E-04 -4.692903E-07  1.919836E-04 -2.216845E-02  2.038584E-08  2.039141E-08
  2.958000E+03 -9.718610E-08  1.060561E-04 -7.125518E-07  1.922399E-04 -1.032259E-02  2.038712E-08  2.038845E-08
  2.959000E+03 -1.828739E-08  1.066497E-04  2.109343E-07  1.911819E-04 -1.548489E-02  2.038705E-08  2.039155E-08
  2.960000E+03  4.212503E-07  1.060622E-04 -3.236626E-07  1.922465E-04 -2.102102E-02  2.038559E-08  2.039038E-08
  2.961000E+03 -3.095318E-08  1.061988E-04 -8.199882E-07  1.919793E-04 -8.891108E-03  2.038716E-08  2.038849E-08
  2.962000E+03 -1.002330E-07  1.066246E-04  1.479546E-07  1.912413E-04 -1.845108E-02  2.038756E-08  2.039294E-08
  2.963000E+03  4.263622E-07  1.059553E-04 -1.633726E-07  1.924433E-04 -1.870737E-02  2.038682E-08  2.039057E-08
  2.964000E+03  4.914838E-08  1.063671E-04 -8.987927E-07  1.916825E-04 -8.780291E-03  2.038792E-08  2.038973E-08
  2.965000E+03 -1.751325E-07  1.065314E-04  5.107837E-08  1.914257E-04 -2.098439E-02  2.038835E-08  2.039429E-08
  2.966000E+03  4.099002E-07  1.059109E-04  1.216633E-09  1.925261E-04 -1.568872E-02  2.038811E-08  2.039077E-08
  2.967000E+03  1.389663E-07  1.065199E-04 -9.425592E-07  1.914088E-04 -1.001510E-02  2.038782E-08  2.039051E-08
  2.968000E+03 -2.371340E-07  1.063821E-04 -7.635732E-08  1.916905E-04 -2.250985E-02  2.038727E-08  2.039331E-08
  2.969000E+03  3.717419E-07  1.059377E-04  1.584511E-07  1.924633E-04 -1.258408E-02  2.038750E-08  2.038926E-08
  2.970000E+03  2.333748E-07  1.066268E-04 -9.466562E-07  1.912110E-04 -1.236386E-02  2.038666E-08  2.039045E-08
  2.971000E+03 -2.810031E-07  1.062077E-04 -2.285308E-07  1.919864E-04 -2.267396E-02  2.038519E-08  2.039086E-08
  2.972000E+03  3.120177E-07  1.060350E-04  2.977012E-07  1.922689E-04 -1.000425E-02  2.038622E-08  2.038743E-08
  2.973000E+03  3.269106E-07  1.066707E-04 -9.066714E-07  1.911328E-04 -1.541221E-02  2.038586E-08  2.039078E-08
  2.974000E+03 -3.016999E-07  1.060464E-04 -3.987765E-07  1.922635E-04 -2.142571E-02  2.038417E-08  2.038906E-08
  2.975000E+03  2.314363E-07  1.061839E-04  4.082328E-07  1.919874E-04 -8.480190E-03  2.038523E-08  2.038637E-08
  2.976000E+03  4.143383E-07  1.066421E-04 -8.195499E-07  1.911918E-04 -1.855045E-02  2.038558E-08  2.039144E-08
  2.977000E+03 -2.964281E-07  1.059323E-04 -5.789663E-07  1.924631E-04 -1.902274E-02  2.038438E-08  2.038825E-08
  2.978000E+03  1.342273E-07  1.063524E-04  4.808089E-07  1.916773E-04 -8.340124E-03  2.038464E-08  2.038621E-08
  2.979000E+03  4.908061E-07  1.065432E-04 -6.896393E-07  1.913743E-04 -2.113749E-02  2.038508E-08  2.039149E-08
  2.980000E+03 -2.650671E-07  1.058877E-04 -7.594541E-07  1.925415E-04 -1.591634E-02  2.038520E-08  2.038800E-08
  2.981000E+03  2.820343E-08  1.065093E-04  5.085023E-07  1.913991E-04 -9.601574E-03  2.038484E-08  2.038725E-08
  2.982000E+03  5.500804E-07  1.063925E-04 -5.273058E-07  1.916450E-04 -2.270503E-02  2.038434E-08  2.039083E-08
  2.983000E+03 -2.078116E-07  1.059171E-04 -9.275476E-07  1.924832E-04 -1.271416E-02  2.038561E-08  2.038754E-08
  2.984000E+03 -7.937475E-08  1.066253E-04  4.854925E-07  1.912004E-04 -1.198119E-02  2.038534E-08  2.038883E-08
  2.985000E+03  5.850286E-07  1.062195E-04 -3.410362E-07  1.919528E-04 -2.295641E-02  2.038376E-08  2.038985E-08
  2.986000E+03 -1.241675E-07  1.060142E-04 -1.069337E-06  1.923006E-04 -1.003872E-02  2.038557E-08  2.038698E-08
  2.987000E+03 -1.839716E-07  1.066803E-04  4.069060E-07  1.911165E-04 -1.503549E-02  2.038607E-08  2.039068E-08
  2.988000E+03  5.936760E-07  1.060595E-04 -1.382552E-07  1.922449E-04 -2.180817E-02  2.038455E-08  2.038982E-08
  2.989000E+03 -2.075633E-08  1.061639E-04 -1.175189E-06  1.920317E-04 -8.402776E-03  2.038611E-08  2.038748E-08
  2.990000E+03 -2.806320E-07  1.066642E-04  2.818090E-07  1.911667E-04 -1.823364E-02  2.038726E-08  2.039285E-08
  2.991000E+03  5.773765E-07  1.059433E-04  6.992203E-08  1.924692E-04 -1.945206E-02  2.038696E-08  2.039113E-08
  2.992000E+03  9.279877E-08  1.063388E-04 -1.239591E-06  1.917273E-04 -8.119241E-03  2.038739E-08  2.038921E-08
  2.993000E+03 -3.603800E-07  1.065752E-04  1.218587E-07  1.913438E-04 -2.099149E-02  2.038802E-08  2.039425E-08
  2.994000E+03  5.341233E-07  1.058882E-04  2.671759E-07  1.925737E-04 -1.634526E-02  2.038856E-08  2.039157E-08
  2.995000E+03  2.095274E-07  1.065060E-04 -1.252546E-06  1.914365E-04 -9.216058E-03  2.038828E-08  2.039096E-08
  2.996000E+03 -4.165028E-07  1.064261E-04 -6.468164E-08  1.916150E-04 -2.280220E-02  2.038753E-08  2.039396E-08
  2.997000E+03  4.635691E-07  1.059035E-04  4.403145E-07  1.925358E-04 -1.301825E-02  2.038849E-08  2.039047E-08
  2.998000E+03  3.254446E-07  1.066370E-04 -1.209948E-06  1.912072E-04 -1.152034E-02  2.038840E-08  2.039223E-08
  2.999000E+03 -4.469188E-07  1.062445E-04 -2.715854E-07  1.919364E-04 -2.330919E-02  2.038665E-08  2.039281E-08
  3.000000E+03  3.692641E-07  1.059889E-04  5.821178E-07  1.923645E-04 -1.005961E-02  2.038748E-08  2.038876E-08
  3.001000E+03  4.347340E-07  1.067059E-04 -1.113954E-06  1.910841E-04 -1.465540E-02  2.038761E-08  2.039267E-08
  3.002000E+03 -4.490319E-07  1.060657E-04 -4.893864E-07  1.922483E-04 -2.237335E-02  2.038585E-08  2.039130E-08
  3.003000E+03  2.586217E-07  1.061325E-04  6.810264E-07  1.920878E-04 -8.078190E-03  2.038610E-08  2.038717E-08
  3.004000E+03  5.293499E-07  1.066944E-04 -9.725774E-07  1.911013E-04 -1.804635E-02  2.038611E-08  2.039224E-08
  3.005000E+03 -4.234877E-07  1.059265E-04 -7.013647E-07  1.924871E-04 -2.007550E-02  2.038537E-08  2.038978E-08
  3.006000E+03  1.402609E-07  1.063134E-04  7.309635E-07  1.917532E-04 -7.536036E-03  2.038536E-08  2.038676E-08
  3.007000E+03  6.057837E-07  1.066021E-04 -8.001349E-07  1.912690E-04 -2.106963E-02  2.038516E-08  2.039199E-08
  3.008000E+03 -3.738273E-07  1.058544E-04 -8.974408E-07  1.926069E-04 -1.679563E-02  2.038541E-08  2.038864E-08
  3.009000E+03  2.040321E-08  1.064972E-04  7.337213E-07  1.914239E-04 -8.565587E-03  2.038537E-08  2.038761E-08
  3.010000E+03  6.607577E-07  1.064437E-04 -6.063242E-07  1.915558E-04 -2.315900E-02  2.038444E-08  2.039148E-08
  3.011000E+03 -3.009748E-07  1.058620E-04 -1.070237E-06  1.925794E-04 -1.315766E-02  2.038508E-08  2.038725E-08
  3.012000E+03 -9.701929E-08  1.066425E-04  6.877931E-07  1.911632E-04 -1.096323E-02  2.038490E-08  2.038832E-08
  3.013000E+03  6.899638E-07  1.062486E-04 -3.953604E-07  1.918995E-04 -2.383829E-02  2.038327E-08  2.038999E-08
  3.014000E+03 -2.058663E-07  1.059530E-04 -1.210297E-06  1.924028E-04 -9.900541E-03  2.038466E-08  2.038611E-08
  3.015000E+03 -2.092407E-07  1.067209E-04  5.926931E-07  1.910294E-04 -1.430906E-02  2.038474E-08  2.038945E-08
  3.016000E+03  6.935776E-07  1.060598E-04 -1.729517E-07  1.922393E-04 -2.287147E-02  2.038353E-08  2.038940E-08
  3.017000E+03 -9.388404E-08  1.061164E-04 -1.313367E-06  1.921101E-04 -7.758696E-03  2.038541E-08  2.038670E-08
  3.018000E+03 -3.113429E-07  1.067160E-04  4.550290E-07  1.910633E-04 -1.796766E-02  2.038623E-08  2.039208E-08
  3.019000E+03  6.724114E-07  1.059162E-04  5.032419E-08  1.925079E-04 -2.042577E-02  2.038546E-08  2.039013E-08
  3.020000E+03  2.867184E-08  1.063145E-04 -1.375691E-06  1.917617E-04 -7.187054E-03  2.038651E-08  2.038821E-08
  3.021000E+03 -3.962128E-07  1.066244E-04  2.813744E-07  1.912508E-04 -2.119230E-02  2.038742E-08  2.039404E-08
  3.022000E+03  6.256415E-07  1.058439E-04  2.608788E-07  1.926420E-04 -1.700163E-02  2.038704E-08  2.039037E-08
  3.023000E+03  1.569480E-07  1.065033E-04 -1.391460E-06  1.914263E-04 -8.254491E-03  2.038684E-08  2.038944E-08
  3.024000E+03 -4.598633E-07  1.064626E-04  7.807067E-08  1.915459E-04 -2.333049E-02  2.038693E-08  2.039379E-08
  3.025000E+03  5.547981E-07  1.058568E-04  4.493914E-07  1.926128E-04 -1.327687E-02  2.038758E-08  2.038971E-08
  3.026000E+03  2.853533E-07  1.066492E-04 -1.358965E-06  1.911691E-04 -1.073903E-02  2.038686E-08  2.039067E-08
  3.027000E+03 -4.996982E-07  1.062646E-04 -1.458684E-07  1.918951E-04 -2.397734E-02  2.038578E-08  2.039235E-08
  3.028000E+03  4.624493E-07  1.059508E-04  6.084475E-07  1.924309E-04 -9.991208E-03  2.038718E-08  2.038851E-08
  3.029000E+03  4.044665E-07  1.067267E-04 -1.275307E-06  1.910380E-04 -1.413180E-02  2.038682E-08  2.039194E-08
  3.030000E+03 -5.091328E-07  1.060714E-04 -3.771454E-07  1.922324E-04 -2.303727E-02  2.038496E-08  2.039075E-08
  3.031000E+03  3.502212E-07  1.061048E-04  7.234249E-07  1.921364E-04 -7.805695E-03  2.038598E-08  2.038702E-08
  3.032000E+03  5.073773E-07  1.067220E-04 -1.137841E-06  1.910550E-04 -1.774870E-02  2.038657E-08  2.039282E-08
  3.033000E+03 -4.863755E-07  1.059227E-04 -6.034074E-07  1.924936E-04 -2.070303E-02  2.038509E-08  2.038977E-08
  3.034000E+03  2.228683E-07  1.062895E-04  7.866552E-07  1.917920E-04 -7.125695E-03  2.038495E-08  2.038627E-08
  3.035000E+03  5.928581E-07  1.066361E-04 -9.550696E-07  1.912138E-04 -2.093273E-02  2.038583E-08  2.039283E-08
  3.036000E+03 -4.382139E-07  1.058442E-04 -8.163804E-07  1.926302E-04 -1.742171E-02  2.038569E-08  2.038915E-08
  3.037000E+03  9.246699E-08  1.064710E-04  8.014457E-07  1.914624E-04 -8.010335E-03  2.038455E-08  2.038662E-08
  3.038000E+03  6.546611E-07  1.064834E-04 -7.459148E-07  1.914829E-04 -2.313684E-02  2.038430E-08  2.039154E-08
  3.039000E+03 -3.669099E-07  1.058445E-04 -1.001575E-06  1.926172E-04 -1.379774E-02  2.038553E-08  2.038788E-08
  3.040000E+03 -3.012087E-08  1.066201E-04  7.630484E-07  1.911981E-04 -1.025170E-02  2.038448E-08  2.038765E-08
  3.041000E+03  6.869177E-07  1.062927E-04 -5.271815E-07  1.918174E-04 -2.399078E-02  2.038292E-08  2.038986E-08
  3.042000E+03 -2.723976E-07  1.059235E-04 -1.147254E-06  1.924609E-04 -1.047443E-02  2.038501E-08  2.038657E-08
  3.043000E+03 -1.430638E-07  1.067135E-04  6.697637E-07  1.910434E-04 -1.346449E-02  2.038507E-08  2.038951E-08
  3.044000E+03  6.919578E-07  1.061020E-04 -3.045434E-07  1.921649E-04 -2.332260E-02  2.038354E-08  2.038969E-08
  3.045000E+03 -1.613765E-07  1.060689E-04 -1.252368E-06  1.921945E-04 -8.076630E-03  2.038519E-08  2.038643E-08
  3.046000E+03 -2.421600E-07  1.067313E-04  5.314591E-07  1.910317E-04 -1.707940E-02  2.038608E-08  2.039170E-08
  3.047000E+03  6.723330E-07  1.059458E-04 -8.862671E-08  1.924569E-04 -2.123431E-02  2.038540E-08  2.039042E-08
  3.048000E+03 -4.462182E-08  1.062550E-04 -1.312825E-06  1.918632E-04 -7.060714E-03  2.038592E-08  2.038739E-08
  3.049000E+03 -3.196132E-07  1.066633E-04  3.631161E-07  1.911689E-04 -2.045616E-02  2.038643E-08  2.039292E-08
  3.050000E+03  6.278230E-07  1.058515E-04  1.050913E-07  1.926301E-04 -1.805928E-02  2.038686E-08  2.039055E-08
  3.051000E+03  7.162308E-08  1.064506E-04 -1.322842E-06  1.915200E-04 -7.647640E-03  2.038681E-08  2.038903E-08
  3.052000E+03 -3.746801E-07  1.065192E-04  1.766444E-07  1.914376E-04 -2.296716E-02  2.038641E-08  2.039329E-08
  3.053000E+03  5.613637E-07  1.058358E-04  2.726048E-07  1.926523E-04 -1.432920E-02  2.038742E-08  2.038983E-08
  3.054000E+03  1.848764E-07  1.066211E-04 -1.286193E-06  1.912233E-04 -9.755052E-03  2.038748E-08  2.039084E-08
  3.055000E+03 -4.089297E-07  1.063251E-04 -2.162668E-08  1.917911E-04 -2.415735E-02  2.038626E-08  2.039300E-08
  3.056000E+03  4.782472E-07  1.059033E-04  4.125388E-07  1.925190E-04 -1.071913E-02  2.038722E-08  2.038864E-08
  3.057000E+03  2.888782E-07  1.067304E-04 -1.208158E-06  1.910319E-04 -1.301727E-02  2.038718E-08  2.039190E-08
  3.058000E+03 -4.188193E-07  1.061190E-04 -2.221492E-07  1.921583E-04 -2.373282E-02  2.038591E-08  2.039199E-08
  3.059000E+03  3.833794E-07  1.060458E-04  5.135773E-07  1.922492E-04 -7.994875E-03  2.038657E-08  2.038751E-08
  3.060000E+03  3.785230E-07  1.067543E-04 -1.094225E-06  1.909947E-04 -1.681441E-02  2.038662E-08  2.039261E-08
  3.061000E+03 -4.045570E-07  1.059441E-04 -4.144861E-07  1.924658E-04 -2.171147E-02  2.038581E-08  2.039081E-08
  3.062000E+03  2.823897E-07  1.062392E-04  5.713223E-07  1.918946E-04 -6.744005E-03  2.038627E-08  2.038734E-08
  3.063000E+03  4.522779E-07  1.066866E-04 -9.543969E-07  1.911269E-04 -2.042314E-02  2.038643E-08  2.039335E-08
  3.064000E+03 -3.708938E-07  1.058339E-04 -5.914921E-07  1.926548E-04 -1.844389E-02  2.038594E-08  2.038964E-08
  3.065000E+03  1.821269E-07  1.064437E-04  5.894607E-07  1.915229E-04 -7.216561E-03  2.038587E-08  2.038764E-08
  3.066000E+03  5.053469E-07  1.065370E-04 -7.983306E-07  1.913982E-04 -2.315112E-02  2.038552E-08  2.039286E-08
  3.067000E+03 -3.184160E-07  1.058092E-04 -7.430290E-07  1.926839E-04 -1.453909E-02  2.038557E-08  2.038799E-08
  3.068000E+03  8.609924E-08  1.066171E-04  5.661690E-07  1.912053E-04 -9.320168E-03  2.038486E-08  2.038777E-08
  3.069000E+03  5.347037E-07  1.063364E-04 -6.304872E-07  1.917523E-04 -2.443526E-02  2.038417E-08  2.039132E-08
  3.070000E+03 -2.476405E-07  1.058778E-04 -8.625727E-07  1.925457E-04 -1.081789E-02  2.038512E-08  2.038657E-08
  3.071000E+03 -6.049426E-09  1.067264E-04  5.027907E-07  1.910123E-04 -1.262645E-02  2.038443E-08  2.038866E-08
  3.072000E+03  5.443946E-07  1.061290E-04 -4.536126E-07  1.921204E-04 -2.400984E-02  2.038367E-08  2.039007E-08
  3.073000E+03 -1.648220E-07  1.060256E-04 -9.529030E-07  1.922716E-04 -8.083462E-03  2.038504E-08  2.038605E-08
  3.074000E+03 -8.844625E-08  1.067512E-04  4.068694E-07  1.909850E-04 -1.643986E-02  2.038513E-08  2.039059E-08
  3.075000E+03  5.348150E-07  1.059567E-04 -2.798463E-07  1.924290E-04 -2.198681E-02  2.038421E-08  2.038943E-08
  3.076000E+03 -7.750113E-08  1.062176E-04 -1.008363E-06  1.919220E-04 -6.847820E-03  2.038501E-08  2.038617E-08
  3.077000E+03 -1.534321E-07  1.066875E-04  2.870048E-07  1.911166E-04 -1.999940E-02  2.038568E-08  2.039205E-08
  3.078000E+03  5.045280E-07  1.058509E-04 -1.233495E-07  1.926183E-04 -1.879317E-02  2.038523E-08  2.038907E-08
  3.079000E+03  1.355595E-08  1.064156E-04 -1.025409E-06  1.915653E-04 -7.293456E-03  2.038500E-08  2.038684E-08
  3.080000E+03 -2.015841E-07  1.065485E-04  1.452300E-07  1.913756E-04 -2.265723E-02  2.038555E-08  2.039234E-08
  3.081000E+03  4.581808E-07  1.058291E-04  1.306171E-08  1.926550E-04 -1.505336E-02  2.038618E-08  2.038870E-08
  3.082000E+03  1.021776E-07  1.065837E-04 -1.008100E-06  1.912679E-04 -9.269273E-03  2.038516E-08  2.038808E-08
  3.083000E+03 -2.316040E-07  1.063609E-04 -7.164315E-09  1.917115E-04 -2.395058E-02  2.038475E-08  2.039141E-08
  3.084000E+03  4.017014E-07  1.058895E-04  1.217066E-07  1.925346E-04 -1.148910E-02  2.038605E-08  2.038755E-08
  3.085000E+03  1.779985E-07  1.066934E-04 -9.594791E-07  1.910777E-04 -1.234464E-02  2.038518E-08  2.038934E-08
  3.086000E+03 -2.384432E-07  1.061630E-04 -1.536693E-07  1.920619E-04 -2.368749E-02  2.038414E-08  2.039017E-08
  3.087000E+03  3.345622E-07  1.060195E-04  1.928919E-07  1.922872E-04 -8.773672E-03  2.038539E-08  2.038635E-08
  3.088000E+03  2.407637E-07  1.067289E-04 -8.782681E-07  1.910264E-04 -1.593516E-02  2.038546E-08  2.039083E-08
  3.089000E+03 -2.243635E-07  1.059931E-04 -2.918374E-07  1.923666E-04 -2.196246E-02  2.038462E-08  2.038964E-08
  3.090000E+03  2.592366E-07  1.061937E-04  2.290462E-07  1.919668E-04 -7.356315E-03  2.038510E-08  2.038607E-08
  3.091000E+03  2.895215E-07  1.066837E-04 -7.686227E-07  1.911188E-04 -1.940588E-02  2.038541E-08  2.039172E-08
  3.092000E+03 -1.952847E-07  1.058786E-04 -4.146916E-07  1.925712E-04 -1.909520E-02  2.038545E-08  2.038925E-08
  3.093000E+03  1.872429E-07  1.063812E-04  2.322102E-07  1.916277E-04 -7.439771E-03  2.038502E-08  2.038651E-08
  3.094000E+03  3.183120E-07  1.065635E-04 -6.485893E-07  1.913382E-04 -2.215278E-02  2.038466E-08  2.039147E-08
  3.095000E+03 -1.531680E-07  1.058376E-04 -5.085779E-07  1.926357E-04 -1.559766E-02  2.038562E-08  2.038820E-08
  3.096000E+03  1.248279E-07  1.065504E-04  2.009804E-07  1.913244E-04 -9.009149E-03  2.038486E-08  2.038730E-08
  3.097000E+03  3.267616E-07  1.063914E-04 -5.304001E-07  1.916483E-04 -2.368739E-02  2.038402E-08  2.039079E-08
  3.098000E+03 -9.997208E-08  1.058777E-04 -5.710696E-07  1.925515E-04 -1.210763E-02  2.038542E-08  2.038701E-08
  3.099000E+03  7.219104E-08  1.066735E-04  1.391218E-07  1.911108E-04 -1.178273E-02  2.038503E-08  2.038868E-08
  3.100000E+03  3.211618E-07  1.061995E-04 -4.198393E-07  1.919965E-04 -2.375155E-02  2.038419E-08  2.039041E-08
  3.101000E+03 -4.486120E-08  1.059921E-04 -6.069684E-07  1.923375E-04 -9.238578E-03  2.038539E-08  2.038640E-08
  3.102000E+03  3.327752E-08  1.067257E-04  6.167390E-08  1.910278E-04 -1.526434E-02  2.038520E-08  2.039009E-08
  3.103000E+03  3.049188E-07  1.060241E-04 -3.277485E-07  1.923143E-04 -2.232239E-02  2.038488E-08  2.039013E-08
  3.104000E+03  5.214974E-09  1.061605E-04 -6.171732E-07  1.920323E-04 -7.543594E-03  2.038566E-08  2.038661E-08
  3.105000E+03  1.088804E-08  1.066954E-04 -1.979460E-08  1.910971E-04 -1.877484E-02  2.038559E-08  2.039149E-08
  3.106000E+03  2.774065E-07  1.058990E-04 -2.592198E-07  1.925390E-04 -1.965014E-02  2.038576E-08  2.038978E-08
  3.107000E+03  5.018534E-08  1.063536E-04 -6.003646E-07  1.916905E-04 -7.373119E-03  2.038641E-08  2.038785E-08
  3.108000E+03  1.245129E-10  1.065860E-04 -1.009502E-07  1.913103E-04 -2.167638E-02  2.038621E-08  2.039269E-08
  3.109000E+03  2.440922E-07  1.058477E-04 -2.090885E-07  1.926280E-04 -1.619287E-02  2.038655E-08  2.038930E-08
  3.110000E+03  8.840985E-08  1.065325E-04 -5.661258E-07  1.913734E-04 -8.797494E-03  2.038670E-08  2.038906E-08
  3.111000E+03 -1.678016E-09  1.064161E-04 -1.762173E-07  1.916252E-04 -2.338756E-02  2.038643E-08  2.039296E-08
  3.112000E+03  2.099169E-07  1.058799E-04 -1.762271E-07  1.925596E-04 -1.261623E-02  2.038656E-08  2.038823E-08
  3.113000E+03  1.168340E-07  1.066594E-04 -5.217720E-07  1.911445E-04 -1.152899E-02  2.038600E-08  2.038957E-08
  3.114000E+03  6.629859E-09  1.062218E-04 -2.404415E-07  1.919720E-04 -2.357346E-02  2.038594E-08  2.039199E-08
  3.115000E+03  1.754439E-07  1.059907E-04 -1.634270E-07  1.923494E-04 -9.659982E-03  2.038629E-08  2.038731E-08
  3.116000E+03  1.366417E-07  1.067123E-04 -4.694482E-07  1.910556E-04 -1.498299E-02  2.038569E-08  2.039048E-08
  3.117000E+03  2.218219E-08  1.060449E-04 -2.935497E-07  1.922835E-04 -2.223609E-02  2.038565E-08  2.039079E-08
  3.118000E+03  1.435201E-07  1.061571E-04 -1.673651E-07  1.920452E-04 -7.925842E-03  2.038632E-08  2.038724E-08
  3.119000E+03  1.467978E-07  1.066817E-04 -4.139888E-07  1.911228E-04 -1.847136E-02  2.038583E-08  2.039159E-08
  3.120000E+03  4.236791E-08  1.059194E-04 -3.312279E-07  1.925024E-04 -1.962451E-02  2.038582E-08  2.038978E-08
  3.121000E+03  1.195252E-07  1.063430E-04 -1.873975E-07  1.917065E-04 -7.744760E-03  2.038603E-08  2.038741E-08
  3.122000E+03  1.432746E-07  1.065727E-04 -3.627585E-07  1.913264E-04 -2.129837E-02  2.038556E-08  2.039188E-08
  3.123000E+03  6.899432E-08  1.058687E-04 -3.469292E-07  1.925833E-04 -1.626703E-02  2.038584E-08  2.038858E-08
  3.124000E+03  1.016741E-07  1.065097E-04 -2.256284E-07  1.914005E-04 -9.118197E-03  2.038516E-08  2.038743E-08
  3.125000E+03  1.292921E-07  1.064112E-04 -3.149251E-07  1.916187E-04 -2.292046E-02  2.038502E-08  2.039136E-08
  3.126000E+03  1.002078E-07  1.059013E-04 -3.455376E-07  1.925140E-04 -1.290412E-02  2.038579E-08  2.038753E-08
  3.127000E+03  8.858353E-08  1.066262E-04 -2.771495E-07  1.911936E-04 -1.166520E-02  2.038486E-08  2.038824E-08
  3.128000E+03  1.097609E-07  1.062341E-04 -2.719102E-07  1.919368E-04 -2.308801E-02  2.038479E-08  2.039066E-08
  3.129000E+03  1.282787E-07  1.060034E-04 -3.303079E-07  1.923210E-04 -1.021904E-02  2.038562E-08  2.038678E-08
  3.130000E+03  8.668432E-08  1.066731E-04 -3.319310E-07  1.911179E-04 -1.478952E-02  2.038491E-08  2.038938E-08
  3.131000E+03  8.348980E-08  1.060759E-04 -2.456171E-07  1.922174E-04 -2.185933E-02  2.038477E-08  2.038978E-08
  3.132000E+03  1.509203E-07  1.061504E-04 -2.968895E-07  1.920487E-04 -8.679519E-03  2.038528E-08  2.038635E-08
  3.133000E+03  9.700102E-08  1.066460E-04 -3.862542E-07  1.911751E-04 -1.789370E-02  2.038480E-08  2.039015E-08
  3.134000E+03  5.160721E-08  1.059654E-04 -2.390699E-07  1.924127E-04 -1.952772E-02  2.038520E-08  2.038912E-08
  3.135000E+03  1.675980E-07  1.063151E-04 -2.470928E-07  1.917520E-04 -8.496420E-03  2.038539E-08  2.038683E-08
  3.136000E+03  1.169128E-07  1.065541E-04 -4.368027E-07  1.913498E-04 -2.043918E-02  2.038486E-08  2.039074E-08
  3.137000E+03  2.087701E-08  1.059181E-04 -2.527891E-07  1.924934E-04 -1.658049E-02  2.038574E-08  2.038856E-08
  3.138000E+03  1.714748E-07  1.064652E-04 -1.886597E-07  1.914842E-04 -9.608856E-03  2.038546E-08  2.038764E-08
  3.139000E+03  1.469113E-07  1.064167E-04 -4.702588E-07  1.916027E-04 -2.197396E-02  2.038480E-08  2.039078E-08
  3.140000E+03 -4.585222E-09  1.059374E-04 -2.912842E-07  1.924482E-04 -1.360560E-02  2.038557E-08  2.038748E-08
  3.141000E+03  1.599405E-07  1.065738E-04 -1.276269E-07  1.912898E-04 -1.172888E-02  2.038508E-08  2.038820E-08
  3.142000E+03  1.863441E-07  1.062612E-04 -4.808191E-07  1.918821E-04 -2.227543E-02  2.038456E-08  2.039019E-08
  3.143000E+03 -2.571923E-08  1.060166E-04 -3.524398E-07  1.922931E-04 -1.113594E-02  2.038500E-08  2.038635E-08
  3.144000E+03  1.362453E-07  1.066263E-04 -6.488675E-08  1.911974E-04 -1.445239E-02  2.038454E-08  2.038864E-08
  3.145000E+03  2.280839E-07  1.061162E-04 -4.689168E-07  1.921424E-04 -2.135053E-02  2.038478E-08  2.038971E-08
  3.146000E+03 -3.623713E-08  1.061435E-04 -4.273140E-07  1.920610E-04 -9.565249E-03  2.038510E-08  2.038632E-08
  3.147000E+03  1.005102E-07  1.066144E-04 -1.317787E-08  1.912252E-04 -1.731794E-02  2.038431E-08  2.038926E-08
  3.148000E+03  2.658035E-07  1.060054E-04 -4.293815E-07  1.923386E-04 -1.938857E-02  2.038511E-08  2.038910E-08
  3.149000E+03 -3.052561E-08  1.062929E-04 -5.079953E-07  1.917914E-04 -9.144853E-03  2.038522E-08  2.038674E-08
  3.150000E+03  5.299184E-08  1.065405E-04  1.600060E-08  1.913660E-04 -1.977771E-02  2.038424E-08  2.038974E-08
  3.151000E+03  2.981062E-07  1.059490E-04 -3.615343E-07  1.924340E-04 -1.676262E-02  2.038532E-08  2.038831E-08
  3.152000E+03 -9.885594E-09  1.064372E-04 -5.905641E-07  1.915329E-04 -9.955597E-03  2.038522E-08  2.038741E-08
  3.153000E+03  3.179183E-10  1.064188E-04  1.959235E-08  1.915944E-04 -2.136678E-02  2.038460E-08  2.039024E-08
  3.154000E+03  3.209482E-07  1.059593E-04 -2.752329E-07  1.924105E-04 -1.397675E-02  2.038569E-08  2.038782E-08
  3.155000E+03  2.328294E-08  1.065485E-04 -6.648414E-07  1.913370E-04 -1.186257E-02  2.038524E-08  2.038837E-08
  3.156000E+03 -5.102527E-08  1.062729E-04 -3.129545E-09  1.918655E-04 -2.178250E-02  2.038526E-08  2.039061E-08
  3.157000E+03  3.286255E-07  1.060332E-04 -1.786312E-07  1.922733E-04 -1.156728E-02  2.038600E-08  2.038755E-08
  3.158000E+03  7.026245E-08  1.066039E-04 -7.204628E-07  1.912434E-04 -1.445510E-02  2.038518E-08  2.038929E-08
  3.159000E+03 -9.863093E-08  1.061311E-04 -5.680129E-08  1.921212E-04 -2.096558E-02  2.038556E-08  2.039025E-08
  3.160000E+03  3.208257E-07  1.061562E-04 -7.629789E-08  1.920506E-04 -9.988082E-03  2.038634E-08  2.038771E-08
  3.161000E+03  1.266294E-07  1.065942E-04 -7.530157E-07  1.912718E-04 -1.720692E-02  2.038545E-08  2.039040E-08
  3.162000E+03 -1.384714E-07  1.060252E-04 -1.359801E-07  1.923113E-04 -1.910027E-02  2.038612E-08  2.038992E-08
  3.163000E+03  2.988469E-07  1.063037E-04  2.256306E-08  1.917906E-04 -9.588485E-03  2.038712E-08  2.038875E-08
  3.164000E+03  1.858406E-07  1.065213E-04 -7.595102E-07  1.914194E-04 -1.954104E-02  2.038636E-08  2.039184E-08
  3.165000E+03 -1.646511E-07  1.059780E-04 -2.325620E-07  1.923966E-04 -1.657153E-02  2.038702E-08  2.038988E-08
  3.166000E+03  2.627209E-07  1.064400E-04  1.060776E-07  1.915481E-04 -1.048826E-02  2.038727E-08  2.038953E-08
  3.167000E+03  2.450857E-07  1.063997E-04 -7.376062E-07  1.916486E-04 -2.092350E-02  2.038689E-08  2.039246E-08
  3.168000E+03 -1.765594E-07  1.059983E-04 -3.414221E-07  1.923560E-04 -1.393222E-02  2.038742E-08  2.038950E-08
  3.169000E+03  2.163204E-07  1.065344E-04  1.697053E-07  1.913773E-04 -1.243905E-02  2.038668E-08  2.038979E-08
  3.170000E+03  2.996780E-07  1.062588E-04 -6.910755E-07  1.919015E-04 -2.109748E-02  2.038669E-08  2.039190E-08
  3.171000E+03 -1.760136E-07  1.060796E-04 -4.515881E-07  1.922037E-04 -1.178120E-02  2.038747E-08  2.038910E-08
  3.172000E+03  1.623441E-07  1.065712E-04  2.147892E-07  1.913163E-04 -1.493934E-02  2.038652E-08  2.039049E-08
  3.173000E+03  3.458721E-07  1.061341E-04 -6.221365E-07  1.921240E-04 -2.011194E-02  2.038678E-08  2.039131E-08
  3.174000E+03 -1.601413E-07  1.061988E-04 -5.579917E-07  1.919860E-04 -1.058128E-02  2.038754E-08  2.038913E-08
  3.175000E+03  9.941690E-08  1.065447E-04  2.367337E-07  1.913704E-04 -1.739483E-02  2.038641E-08  2.039104E-08
  3.176000E+03  3.840497E-07  1.060488E-04 -5.283527E-07  1.922686E-04 -1.824613E-02  2.038645E-08  2.039014E-08
  3.177000E+03 -1.296183E-07  1.063246E-04 -6.608213E-07  1.917488E-04 -1.053491E-02  2.038649E-08  2.038843E-08
  3.178000E+03  3.005905E-08  1.064636E-04  2.347406E-07  1.915145E-04 -1.926982E-02  2.038554E-08  2.039050E-08
  3.179000E+03  4.146172E-07  1.060185E-04 -4.151360E-07  1.923078E-04 -1.594951E-02  2.038559E-08  2.038844E-08
  3.180000E+03 -8.882986E-08  1.064313E-04 -7.571417E-07  1.915439E-04 -1.156720E-02  2.038491E-08  2.038750E-08
  3.181000E+03 -3.951097E-08  1.063500E-04  2.123014E-07  1.917114E-04 -2.024308E-02  2.038433E-08  2.038927E-08
  3.182000E+03  4.332279E-07  1.060467E-04 -2.912631E-07  1.922447E-04 -1.372044E-02  2.038500E-08  2.038720E-08
  3.183000E+03 -3.724055E-08  1.065004E-04 -8.386769E-07  1.914148E-04 -1.337018E-02  2.038393E-08  2.038731E-08
  3.184000E+03 -1.048746E-07  1.062309E-04  1.645598E-07  1.919200E-04 -2.018408E-02  2.038369E-08  2.038827E-08
  3.185000E+03  4.360405E-07  1.061214E-04 -1.623262E-07  1.921009E-04 -1.204310E-02  2.038455E-08  2.038640E-08
  3.186000E+03  2.632581E-08  1.065184E-04 -8.987141E-07  1.913820E-04 -1.548540E-02  2.038326E-08  2.038737E-08
  3.187000E+03 -1.652605E-07  1.061321E-04  8.849246E-08  1.920921E-04 -1.917321E-02  2.038340E-08  2.038739E-08
  3.188000E+03  4.224274E-07  1.062228E-04 -2.933819E-08  1.919128E-04 -1.123413E-02  2.038423E-08  2.038609E-08
  3.189000E+03  1.000031E-07  1.064873E-04 -9.343958E-07  1.914423E-04 -1.745452E-02  2.038308E-08  2.038773E-08
  3.190000E+03 -2.159926E-07  1.060715E-04 -1.615156E-08  1.921982E-04 -1.750862E-02  2.038363E-08  2.038692E-08
  3.191000E+03  3.908394E-07  1.063300E-04  9.962981E-08  1.917216E-04 -1.136983E-02  2.038444E-08  2.038661E-08
  3.192000E+03  1.788239E-07  1.064186E-04 -9.383590E-07  1.915762E-04 -1.892788E-02  2.038361E-08  2.038854E-08
  3.193000E+03 -2.497820E-07  1.060562E-04 -1.456268E-07  1.922270E-04 -1.556288E-02  2.038440E-08  2.038703E-08
  3.194000E+03  3.402487E-07  1.064217E-04  2.108111E-07  1.915618E-04 -1.233888E-02  2.038478E-08  2.038748E-08
  3.195000E+03  2.589741E-07  1.063253E-04 -9.052750E-07  1.917526E-04 -1.966409E-02  2.038420E-08  2.038911E-08
  3.196000E+03 -2.643213E-07  1.060855E-04 -2.942433E-07  1.921761E-04 -1.369537E-02  2.038519E-08  2.038732E-08
  3.197000E+03  2.713725E-07  1.064813E-04  2.989552E-07  1.914595E-04 -1.391624E-02  2.038489E-08  2.038822E-08
  3.198000E+03  3.363416E-07  1.062259E-04 -8.330668E-07  1.919389E-04 -1.952708E-02  2.038499E-08  2.038957E-08
  3.199000E+03 -2.588516E-07  1.061564E-04 -4.543872E-07  1.920532E-04 -1.228819E-02  2.038613E-08  2.038804E-08
  3.200000E+03  1.888190E-07  1.064971E-04  3.585946E-07  1.914395E-04 -1.580684E-02  2.038520E-08  2.038914E-08
  3.201000E+03  4.043718E-07  1.061406E-04 -7.253865E-07  1.920977E-04 -1.854711E-02  2.038585E-08  2.038987E-08
  3.202000E+03 -2.315383E-07  1.062539E-04 -6.144571E-07  1.918826E-04 -1.163400E-02  2.038689E-08  2.038889E-08
  3.203000E+03  9.789415E-08  1.064662E-04  3.815034E-07  1.915052E-04 -1.761922E-02  2.038568E-08  2.039007E-08
  3.204000E+03  4.556630E-07  1.060843E-04 -5.865631E-07  1.921971E-04 -1.694103E-02  2.038617E-08  2.038951E-08
  3.205000E+03 -1.823934E-07  1.063574E-04 -7.595698E-07  1.916974E-04 -1.182596E-02  2.038700E-08  2.038939E-08
  3.206000E+03  6.151425E-09  1.063941E-04  3.612428E-07  1.916414E-04 -1.899306E-02  2.038583E-08  2.039043E-08
  3.207000E+03  4.839871E-07  1.060707E-04 -4.264464E-07  1.922162E-04 -1.501239E-02  2.038622E-08  2.038889E-08
  3.208000E+03 -1.145804E-07  1.064450E-04 -8.745039E-07  1.915364E-04 -1.286941E-02  2.038641E-08  2.038942E-08
  3.209000E+03 -7.983493E-08  1.062954E-04  2.985453E-07  1.918224E-04 -1.960190E-02  2.038593E-08  2.039045E-08
  3.210000E+03  4.874700E-07  1.061078E-04 -2.566431E-07  1.921461E-04 -1.319164E-02  2.038642E-08  2.038859E-08
  3.211000E+03 -3.296359E-08  1.064952E-04 -9.513315E-07  1.914436E-04 -1.457494E-02  2.038566E-08  2.038939E-08
  3.212000E+03 -1.557366E-07  1.061910E-04  1.994816E-07  1.920082E-04 -1.926110E-02  2.038576E-08  2.038989E-08
  3.213000E+03  4.679012E-07  1.061889E-04 -8.738193E-08  1.919977E-04 -1.189553E-02  2.038658E-08  2.038854E-08
  3.214000E+03  5.591261E-08  1.064963E-04 -9.880495E-07  1.914431E-04 -1.656882E-02  2.038519E-08  2.038957E-08
  3.215000E+03 -2.156916E-07  1.061053E-04  7.218735E-08  1.921565E-04 -1.803719E-02  2.038550E-08  2.038902E-08
  3.216000E+03  4.277384E-07  1.062974E-04  6.745523E-08  1.918051E-04 -1.142417E-02  2.038705E-08  2.038914E-08
  3.217000E+03  1.462588E-07  1.064487E-04 -9.846429E-07  1.915385E-04 -1.840421E-02  2.038557E-08  2.039042E-08
  3.218000E+03 -2.541886E-07  1.060605E-04 -7.641964E-08  1.922343E-04 -1.620662E-02  2.038578E-08  2.038862E-08
  3.219000E+03  3.683908E-07  1.064058E-04  1.955882E-07  1.916132E-04 -1.195022E-02  2.038729E-08  2.038982E-08
  3.220000E+03  2.335634E-07  1.063596E-04 -9.400837E-07  1.917088E-04 -1.959832E-02  2.038615E-08  2.039112E-08
  3.221000E+03 -2.683517E-07  1.060678E-04 -2.397340E-07  1.922167E-04 -1.417136E-02  2.038596E-08  2.038819E-08
  3.222000E+03  2.948998E-07  1.064842E-04  2.869246E-07  1.914677E-04 -1.337768E-02  2.038646E-08  2.038965E-08
  3.223000E+03  3.118547E-07  1.062478E-04 -8.593930E-07  1.919096E-04 -1.982139E-02  2.038597E-08  2.039071E-08
  3.224000E+03 -2.601009E-07  1.061284E-04 -4.041137E-07  1.921018E-04 -1.241649E-02  2.038589E-08  2.038777E-08
  3.225000E+03  2.128609E-07  1.065148E-04  3.405355E-07  1.914082E-04 -1.538262E-02  2.038540E-08  2.038929E-08
  3.226000E+03  3.765960E-07  1.061436E-04 -7.499327E-07  1.920935E-04 -1.901603E-02  2.038582E-08  2.039001E-08
  3.227000E+03 -2.317812E-07  1.062304E-04 -5.584359E-07  1.919212E-04 -1.138909E-02  2.038654E-08  2.038841E-08
  3.228000E+03  1.254181E-07  1.064923E-04  3.584428E-07  1.914545E-04 -1.748222E-02  2.038532E-08  2.038978E-08
  3.229000E+03  4.258121E-07  1.060717E-04 -6.163308E-07  1.922191E-04 -1.739727E-02  2.038592E-08  2.038939E-08
  3.230000E+03 -1.847486E-07  1.063456E-04 -6.975716E-07  1.917176E-04 -1.134663E-02  2.038701E-08  2.038923E-08
  3.231000E+03  3.602431E-08  1.064204E-04  3.404171E-07  1.915910E-04 -1.914063E-02  2.038545E-08  2.039021E-08
  3.232000E+03  4.582265E-07  1.060461E-04 -4.644336E-07  1.922529E-04 -1.536625E-02  2.038526E-08  2.038800E-08
  3.233000E+03 -1.224456E-07  1.064443E-04 -8.160107E-07  1.915344E-04 -1.229071E-02  2.038620E-08  2.038904E-08
  3.234000E+03 -5.021049E-08  1.063161E-04  2.890039E-07  1.917782E-04 -1.997920E-02  2.038505E-08  2.038978E-08
  3.235000E+03  4.729197E-07  1.060736E-04 -3.037224E-07  1.921903E-04 -1.336773E-02  2.038449E-08  2.038666E-08
  3.236000E+03 -4.874299E-08  1.065068E-04 -9.085934E-07  1.914156E-04 -1.399116E-02  2.038507E-08  2.038867E-08
  3.237000E+03 -1.285473E-07  1.062049E-04  2.079267E-07  1.919766E-04 -1.983403E-02  2.038486E-08  2.038924E-08
  3.238000E+03  4.671012E-07  1.061488E-04 -1.413324E-07  1.920515E-04 -1.182711E-02  2.038461E-08  2.038648E-08
  3.239000E+03  3.458551E-08  1.065207E-04 -9.681951E-07  1.913884E-04 -1.607560E-02  2.038420E-08  2.038853E-08
  3.240000E+03 -1.955935E-07  1.061101E-04  9.784723E-08  1.921442E-04 -1.875332E-02  2.038487E-08  2.038866E-08
  3.241000E+03  4.385367E-07  1.062539E-04  1.783094E-08  1.918654E-04 -1.107551E-02  2.038520E-08  2.038711E-08
  3.242000E+03  1.265994E-07  1.064831E-04 -9.895213E-07  1.914572E-04 -1.807370E-02  2.038362E-08  2.038851E-08
  3.243000E+03 -2.478097E-07  1.060494E-04 -4.237296E-08  1.922431E-04 -1.700562E-02  2.038432E-08  2.038742E-08
  3.244000E+03  3.865486E-07  1.063651E-04  1.672350E-07  1.916678E-04 -1.126072E-02  2.038548E-08  2.038773E-08
  3.245000E+03  2.236640E-07  1.064038E-04 -9.681009E-07  1.916028E-04 -1.956669E-02  2.038336E-08  2.038851E-08
  3.246000E+03 -2.806452E-07  1.060343E-04 -2.093239E-07  1.922573E-04 -1.496315E-02  2.038358E-08  2.038602E-08
  3.247000E+03  3.137315E-07  1.064613E-04  2.955157E-07  1.914958E-04 -1.235019E-02  2.038532E-08  2.038817E-08
  3.248000E+03  3.179962E-07  1.062991E-04 -9.024882E-07  1.917965E-04 -2.027329E-02  2.038361E-08  2.038871E-08
  3.249000E+03 -2.895065E-07  1.060682E-04 -3.912959E-07  1.921901E-04 -1.297631E-02  2.038354E-08  2.038550E-08
  3.250000E+03  2.239854E-07  1.065243E-04  3.901061E-07  1.913825E-04 -1.414460E-02  2.038485E-08  2.038843E-08
  3.251000E+03  4.014426E-07  1.061876E-04 -7.935445E-07  1.920044E-04 -2.003647E-02  2.038440E-08  2.038912E-08
  3.252000E+03 -2.696232E-07  1.061479E-04 -5.759868E-07  1.920493E-04 -1.142834E-02  2.038431E-08  2.038604E-08
  3.253000E+03  1.199953E-07  1.065395E-04  4.391230E-07  1.913581E-04 -1.630270E-02  2.038449E-08  2.038879E-08
  3.254000E+03  4.700357E-07  1.060914E-04 -6.432705E-07  1.921820E-04 -1.888373E-02  2.038522E-08  2.038931E-08
  3.255000E+03 -2.204621E-07  1.062590E-04 -7.558802E-07  1.918573E-04 -1.068141E-02  2.038540E-08  2.038726E-08
  3.256000E+03  7.563479E-09  1.065029E-04  4.365309E-07  1.914318E-04 -1.838796E-02  2.038461E-08  2.038945E-08
  3.257000E+03  5.185613E-07  1.060281E-04 -4.588645E-07  1.922933E-04 -1.703684E-02  2.038553E-08  2.038885E-08
  3.258000E+03 -1.459382E-07  1.063810E-04 -9.171493E-07  1.916479E-04 -1.088453E-02  2.038648E-08  2.038880E-08
  3.259000E+03 -1.012053E-07  1.064208E-04  3.798403E-07  1.915913E-04 -2.000561E-02  2.038522E-08  2.039035E-08
  3.260000E+03  5.386455E-07  1.060102E-04 -2.574853E-07  1.923193E-04 -1.480505E-02  2.038557E-08  2.038814E-08
  3.261000E+03 -5.123437E-08  1.064909E-04 -1.038533E-06  1.914583E-04 -1.203576E-02  2.038709E-08  2.039015E-08
  3.262000E+03 -1.966025E-07  1.063063E-04  2.711591E-07  1.918088E-04 -2.083363E-02  2.038606E-08  2.039114E-08
  3.263000E+03  5.259127E-07  1.060460E-04 -5.489802E-08  1.922498E-04 -1.259200E-02  2.038570E-08  2.038765E-08
  3.264000E+03  5.907075E-08  1.065635E-04 -1.107321E-06  1.913302E-04 -1.399614E-02  2.038682E-08  2.039076E-08
  3.265000E+03 -2.753431E-07  1.061789E-04  1.168774E-07  1.920419E-04 -2.062825E-02  2.038645E-08  2.039114E-08
  3.266000E+03  4.818362E-07  1.061331E-04  1.410358E-07  1.920871E-04 -1.086237E-02  2.038560E-08  2.038723E-08
  3.267000E+03  1.760609E-07  1.065789E-04 -1.118846E-06  1.912995E-04 -1.640466E-02  2.038574E-08  2.039055E-08
  3.268000E+03 -3.328868E-07  1.060665E-04 -6.897266E-08  1.922392E-04 -1.933462E-02  2.038632E-08  2.039033E-08
  3.269000E+03  4.117979E-07  1.062584E-04  3.165883E-07  1.918631E-04 -1.000771E-02  2.038604E-08  2.038774E-08
  3.270000E+03  2.907102E-07  1.065339E-04 -1.076200E-06  1.913823E-04 -1.877771E-02  2.038511E-08  2.039057E-08
  3.271000E+03 -3.636460E-07  1.059950E-04 -2.730352E-07  1.923609E-04 -1.720163E-02  2.038628E-08  2.038947E-08
  3.272000E+03  3.208030E-07  1.063965E-04  4.562494E-07  1.916228E-04 -1.027894E-02  2.038692E-08  2.038906E-08
  3.273000E+03  3.967629E-07  1.064366E-04 -9.840886E-07  1.915659E-04 -2.059635E-02  2.038530E-08  2.039108E-08
  3.274000E+03 -3.652766E-07  1.059795E-04 -4.847450E-07  1.923787E-04 -1.467529E-02  2.038600E-08  2.038840E-08
  3.275000E+03  2.155936E-07  1.065152E-04  5.495400E-07  1.914140E-04 -1.165970E-02  2.038711E-08  2.039002E-08
  3.276000E+03  4.876082E-07  1.063039E-04 -8.504028E-07  1.918104E-04 -2.142648E-02  2.038551E-08  2.039120E-08
  3.277000E+03 -3.381525E-07  1.060245E-04 -6.904983E-07  1.922827E-04 -1.226612E-02  2.038515E-08  2.038699E-08
  3.278000E+03  1.026105E-07  1.065856E-04  5.917014E-07  1.912821E-04 -1.389899E-02  2.038595E-08  2.038976E-08
  3.279000E+03  5.570269E-07  1.061627E-04 -6.827644E-07  1.920612E-04 -2.103295E-02  2.038524E-08  2.039041E-08
  3.280000E+03 -2.843501E-07  1.061256E-04 -8.760219E-07  1.920892E-04 -1.047786E-02  2.038445E-08  2.038606E-08
  3.281000E+03 -1.352471E-08  1.065927E-04  5.829514E-07  1.912634E-04 -1.655340E-02  2.038450E-08  2.038916E-08
  3.282000E+03  6.036382E-07  1.060462E-04 -4.892787E-07  1.922656E-04 -1.947693E-02  2.038516E-08  2.038951E-08
  3.283000E+03 -2.076060E-07  1.062625E-04 -1.035344E-06  1.918425E-04 -9.718991E-03  2.038469E-08  2.038650E-08
  3.284000E+03 -1.289943E-07  1.065376E-04  5.275325E-07  1.913654E-04 -1.904747E-02  2.038392E-08  2.038921E-08
  3.285000E+03  6.275465E-07  1.059760E-04 -2.777065E-07  1.923812E-04 -1.715448E-02  2.038479E-08  2.038819E-08
  3.286000E+03 -1.116227E-07  1.064035E-04 -1.165506E-06  1.915926E-04 -1.011354E-02  2.038508E-08  2.038747E-08
  3.287000E+03 -2.376667E-07  1.064321E-04  4.276383E-07  1.915593E-04 -2.086341E-02  2.038362E-08  2.038920E-08
  3.288000E+03  6.263141E-07  1.059629E-04 -5.828306E-08  1.923867E-04 -1.455128E-02  2.038370E-08  2.038623E-08
  3.289000E+03 -2.634499E-10  1.065197E-04 -1.258306E-06  1.913841E-04 -1.156328E-02  2.038481E-08  2.038804E-08
  3.290000E+03 -3.336513E-07  1.062967E-04  2.859919E-07  1.918044E-04 -2.163788E-02  2.038340E-08  2.038888E-08
  3.291000E+03  5.999323E-07  1.060113E-04  1.571623E-07  1.922841E-04 -1.213325E-02  2.038279E-08  2.038469E-08
  3.292000E+03  1.214404E-07  1.065891E-04 -1.309420E-06  1.912563E-04 -1.384395E-02  2.038388E-08  2.038810E-08
  3.293000E+03 -4.133741E-07  1.061581E-04  1.096457E-07  1.920556E-04 -2.120360E-02  2.038368E-08  2.038867E-08
  3.294000E+03  5.484913E-07  1.061142E-04  3.613707E-07  1.920954E-04 -1.034639E-02  2.038297E-08  2.038456E-08
  3.295000E+03  2.491561E-07  1.065988E-04 -1.315323E-06  1.912398E-04 -1.650872E-02  2.038316E-08  2.038830E-08
  3.296000E+03 -4.715891E-07  1.060428E-04 -9.718228E-08  1.922630E-04 -1.967232E-02  2.038416E-08  2.038839E-08
  3.297000E+03  4.690677E-07  1.062490E-04  5.463018E-07  1.918570E-04 -9.536813E-03  2.038370E-08  2.038539E-08
  3.298000E+03  3.794493E-07  1.065481E-04 -1.267202E-06  1.913359E-04 -1.899504E-02  2.038280E-08  2.038862E-08
  3.299000E+03 -5.035520E-07  1.059715E-04 -3.316500E-07  1.923834E-04 -1.740970E-02  2.038407E-08  2.038744E-08
  3.300000E+03  3.622691E-07  1.063892E-04  7.019028E-07  1.916118E-04 -9.857717E-03  2.038444E-08  2.038660E-08
  3.301000E+03  5.061690E-07  1.064484E-04 -1.161016E-06  1.915237E-04 -2.082978E-02  2.038297E-08  2.038912E-08
  3.302000E+03 -5.061422E-07  1.059551E-04 -5.840676E-07  1.924003E-04 -1.483786E-02  2.038356E-08  2.038615E-08
  3.303000E+03  2.351982E-07  1.065097E-04  8.158257E-07  1.914000E-04 -1.124351E-02  2.038466E-08  2.038758E-08
  3.304000E+03  6.168525E-07  1.063177E-04 -1.000374E-06  1.917690E-04 -2.168714E-02  2.038364E-08  2.038971E-08
  3.305000E+03 -4.753816E-07  1.059992E-04 -8.327958E-07  1.923135E-04 -1.237963E-02  2.038352E-08  2.038552E-08
  3.306000E+03  9.502402E-08  1.065874E-04  8.739438E-07  1.912644E-04 -1.346480E-02  2.038452E-08  2.038835E-08
  3.307000E+03  7.032801E-07  1.061792E-04 -7.926500E-07  1.920260E-04 -2.139237E-02  2.038451E-08  2.039009E-08
  3.308000E+03 -4.082042E-07  1.060963E-04 -1.063941E-06  1.921367E-04 -1.049026E-02  2.038388E-08  2.038562E-08
  3.309000E+03 -5.422963E-08  1.066080E-04  8.666529E-07  1.912329E-04 -1.610261E-02  2.038431E-08  2.038902E-08
  3.310000E+03  7.627277E-07  1.060574E-04 -5.435977E-07  1.922463E-04 -2.001544E-02  2.038505E-08  2.038984E-08
  3.311000E+03 -3.067776E-07  1.062310E-04 -1.270174E-06  1.918985E-04 -9.517772E-03  2.038465E-08  2.038653E-08
  3.312000E+03 -2.037500E-07  1.065678E-04  7.907692E-07  1.913149E-04 -1.869196E-02  2.038446E-08  2.038987E-08
  3.313000E+03  7.914006E-07  1.059760E-04 -2.676795E-07  1.923910E-04 -1.779073E-02  2.038561E-08  2.038945E-08
  3.314000E+03 -1.787166E-07  1.063801E-04 -1.437355E-06  1.916418E-04 -9.678026E-03  2.038592E-08  2.038834E-08
  3.315000E+03 -3.410117E-07  1.064722E-04  6.508773E-07  1.915018E-04 -2.073749E-02  2.038524E-08  2.039104E-08
  3.316000E+03  7.831996E-07  1.059516E-04  1.515409E-08  1.924307E-04 -1.510419E-02  2.038601E-08  2.038890E-08
  3.317000E+03 -3.176822E-08  1.065123E-04 -1.546601E-06  1.914139E-04 -1.098953E-02  2.038671E-08  2.038999E-08
  3.318000E+03 -4.564250E-07  1.063363E-04  4.543400E-07  1.917565E-04 -2.180390E-02  2.038584E-08  2.039162E-08
  3.319000E+03  7.370544E-07  1.059901E-04  2.865490E-07  1.923511E-04 -1.246289E-02  2.038573E-08  2.038786E-08
  3.320000E+03  1.245836E-07  1.065988E-04 -1.587646E-06  1.912599E-04 -1.323693E-02  2.038629E-08  2.039058E-08
  3.321000E+03 -5.453928E-07  1.061871E-04  2.162810E-07  1.920258E-04 -2.163911E-02  2.038589E-08  2.039124E-08
  3.322000E+03  6.580125E-07  1.060875E-04  5.329491E-07  1.921661E-04 -1.039777E-02  2.038532E-08  2.038703E-08
  3.323000E+03  2.804388E-07  1.066222E-04 -1.562162E-06  1.912175E-04 -1.598935E-02  2.038543E-08  2.039069E-08
  3.324000E+03 -6.031374E-07  1.060571E-04 -4.749350E-08  1.922577E-04 -2.024080E-02  2.038612E-08  2.039072E-08
  3.325000E+03  5.517230E-07  1.062261E-04  7.399207E-07  1.919136E-04 -9.367144E-03  2.038534E-08  2.038707E-08
  3.326000E+03  4.269724E-07  1.065771E-04 -1.473951E-06  1.913016E-04 -1.867602E-02  2.038482E-08  2.039082E-08
  3.327000E+03 -6.255511E-07  1.059729E-04 -3.227653E-07  1.924022E-04 -1.791110E-02  2.038614E-08  2.038982E-08
  3.328000E+03  4.246737E-07  1.063759E-04  8.936590E-07  1.916456E-04 -9.578520E-03  2.038553E-08  2.038771E-08
  3.329000E+03  5.586093E-07  1.064742E-04 -1.331280E-06  1.914909E-04 -2.074472E-02  2.038445E-08  2.039082E-08
  3.330000E+03 -6.144580E-07  1.059482E-04 -5.967705E-07  1.924301E-04 -1.517354E-02  2.038527E-08  2.038807E-08
  3.331000E+03  2.849116E-07  1.065043E-04  9.909449E-07  1.914146E-04 -1.093582E-02  2.038525E-08  2.038818E-08
  3.332000E+03  6.694491E-07  1.063367E-04 -1.145270E-06  1.917410E-04 -2.177545E-02  2.038428E-08  2.039058E-08
  3.333000E+03 -5.718758E-07  1.059882E-04 -8.559269E-07  1.923416E-04 -1.258631E-02  2.038433E-08  2.038648E-08
  3.334000E+03  1.396125E-07  1.065849E-04  1.029693E-06  1.912688E-04 -1.315803E-02  2.038459E-08  2.038841E-08
  3.335000E+03  7.535704E-07  1.061926E-04 -9.252741E-07  1.920009E-04 -2.154671E-02  2.038434E-08  2.039014E-08
  3.336000E+03 -4.998226E-07  1.060849E-04 -1.086609E-06  1.921560E-04 -1.065668E-02  2.038369E-08  2.038555E-08
  3.337000E+03 -7.604969E-09  1.066036E-04  1.010862E-06  1.912350E-04 -1.581812E-02  2.038379E-08  2.038846E-08
  3.338000E+03  8.114368E-07  1.060682E-04 -6.789605E-07  1.922194E-04 -2.015632E-02  2.038423E-08  2.038921E-08
  3.339000E+03 -4.020273E-07  1.062179E-04 -1.286558E-06  1.919125E-04 -9.690737E-03  2.038357E-08  2.038553E-08
  3.340000E+03 -1.542120E-07  1.065606E-04  9.397829E-07  1.913141E-04 -1.841122E-02  2.038310E-08  2.038845E-08
  3.341000E+03  8.435278E-07  1.059849E-04 -4.118209E-07  1.923579E-04 -1.794116E-02  2.038375E-08  2.038775E-08
  3.342000E+03 -2.831019E-07  1.063603E-04 -1.452792E-06  1.916572E-04 -9.815446E-03  2.038375E-08  2.038620E-08
  3.343000E+03 -2.924543E-07  1.064671E-04  8.190875E-07  1.914883E-04 -2.042403E-02  2.038296E-08  2.038867E-08
  3.344000E+03  8.468138E-07  1.059592E-04 -1.368448E-07  1.923934E-04 -1.535675E-02  2.038345E-08  2.038653E-08
  3.345000E+03 -1.479693E-07  1.064835E-04 -1.575010E-06  1.914386E-04 -1.103705E-02  2.038382E-08  2.038705E-08
  3.346000E+03 -4.153038E-07  1.063415E-04  6.526552E-07  1.917234E-04 -2.143787E-02  2.038346E-08  2.038914E-08
  3.347000E+03  8.205908E-07  1.059956E-04  1.324477E-07  1.923215E-04 -1.289202E-02  2.038355E-08  2.038590E-08
  3.348000E+03 -1.785340E-09  1.065644E-04 -1.647388E-06  1.912974E-04 -1.311850E-02  2.038373E-08  2.038789E-08
  3.349000E+03 -5.174790E-07  1.062051E-04  4.463278E-07  1.919729E-04 -2.129413E-02  2.038388E-08  2.038915E-08
  3.350000E+03  7.652740E-07  1.060848E-04  3.850886E-07  1.921553E-04 -1.097275E-02  2.038353E-08  2.038548E-08
  3.351000E+03  1.504958E-07  1.065885E-04 -1.666520E-06  1.912553E-04 -1.566134E-02  2.038312E-08  2.038818E-08
  3.352000E+03 -5.948306E-07  1.060832E-04  2.065100E-07  1.921886E-04 -2.005748E-02  2.038389E-08  2.038845E-08
  3.353000E+03  6.791224E-07  1.062094E-04  6.142295E-07  1.919272E-04 -9.933397E-03  2.038347E-08  2.038539E-08
  3.354000E+03  3.046298E-07  1.065549E-04 -1.625278E-06  1.913207E-04 -1.815741E-02  2.038280E-08  2.038857E-08
  3.355000E+03 -6.415415E-07  1.059985E-04 -6.324602E-08  1.923337E-04 -1.800662E-02  2.038377E-08  2.038749E-08
  3.356000E+03  5.639035E-07  1.063467E-04  8.066695E-07  1.916811E-04 -9.947604E-03  2.038364E-08  2.038589E-08
  3.357000E+03  4.521221E-07  1.064715E-04 -1.519944E-06  1.914818E-04 -2.013991E-02  2.038322E-08  2.038939E-08
  3.358000E+03 -6.553017E-07  1.059688E-04 -3.478480E-07  1.923818E-04 -1.554946E-02  2.038400E-08  2.038691E-08
  3.359000E+03  4.270542E-07  1.064691E-04  9.514041E-07  1.914656E-04 -1.103868E-02  2.038393E-08  2.038682E-08
  3.360000E+03  5.835307E-07  1.063536E-04 -1.357385E-06  1.917055E-04 -2.122431E-02  2.038399E-08  2.039016E-08
  3.361000E+03 -6.338801E-07  1.059982E-04 -6.302313E-07  1.923243E-04 -1.315012E-02  2.038427E-08  2.038655E-08
  3.362000E+03  2.759686E-07  1.065531E-04  1.037624E-06  1.913213E-04 -1.296945E-02  2.038417E-08  2.038785E-08
  3.363000E+03  6.894599E-07  1.062223E-04 -1.144420E-06  1.919477E-04 -2.121754E-02  2.038453E-08  2.039030E-08
  3.364000E+03 -5.748626E-07  1.060813E-04 -8.935818E-07  1.921722E-04 -1.122434E-02  2.038460E-08  2.038654E-08
  3.365000E+03  1.185322E-07  1.065848E-04  1.053730E-06  1.912740E-04 -1.538722E-02  2.038449E-08  2.038896E-08
  3.366000E+03  7.658029E-07  1.061032E-04 -8.933806E-07  1.921655E-04 -2.013135E-02  2.038524E-08  2.039028E-08
  3.367000E+03 -4.836181E-07  1.062041E-04 -1.125053E-06  1.919562E-04 -1.012958E-02  2.038548E-08  2.038744E-08
  3.368000E+03 -3.648729E-08  1.065594E-04  1.003012E-06  1.913355E-04 -1.784145E-02  2.038535E-08  2.039046E-08
  3.369000E+03  8.107236E-07  1.060199E-04 -6.203135E-07  1.923193E-04 -1.817807E-02  2.038630E-08  2.039043E-08
  3.370000E+03 -3.683745E-07  1.063424E-04 -1.313917E-06  1.917164E-04 -1.010322E-02  2.038655E-08  2.038892E-08
  3.371000E+03 -1.773635E-07  1.064788E-04  8.919680E-07  1.914961E-04 -1.984266E-02  2.038626E-08  2.039173E-08
  3.372000E+03  8.203117E-07  1.059875E-04 -3.454366E-07  1.923747E-04 -1.572388E-02  2.038679E-08  2.038998E-08
  3.373000E+03 -2.374831E-07  1.064665E-04 -1.445171E-06  1.914965E-04 -1.116932E-02  2.038669E-08  2.038978E-08
  3.374000E+03 -2.968541E-07  1.063572E-04  7.311843E-07  1.917199E-04 -2.098298E-02  2.038630E-08  2.039177E-08
  3.375000E+03  7.966437E-07  1.060138E-04 -8.507957E-08  1.923173E-04 -1.324341E-02  2.038650E-08  2.038891E-08
  3.376000E+03 -9.944044E-08  1.065508E-04 -1.515717E-06  1.913428E-04 -1.312510E-02  2.038597E-08  2.038993E-08
  3.377000E+03 -3.924745E-07  1.062215E-04  5.356081E-07  1.919623E-04 -2.100028E-02  2.038603E-08  2.039112E-08
  3.378000E+03  7.459638E-07  1.060952E-04  1.504227E-07  1.921591E-04 -1.128572E-02  2.038586E-08  2.038782E-08
  3.379000E+03  3.619197E-08  1.065779E-04 -1.529923E-06  1.912922E-04 -1.555847E-02  2.038505E-08  2.038986E-08
  3.380000E+03 -4.609000E-07  1.061008E-04  3.216079E-07  1.921732E-04 -1.988427E-02  2.038569E-08  2.039009E-08
  3.381000E+03  6.735798E-07  1.062142E-04  3.498483E-07  1.919345E-04 -1.026218E-02  2.038509E-08  2.038700E-08
  3.382000E+03  1.640186E-07  1.065427E-04 -1.493838E-06  1.913540E-04 -1.796225E-02  2.038408E-08  2.038954E-08
  3.383000E+03 -5.016393E-07  1.060173E-04  9.960510E-08  1.923074E-04 -1.790982E-02  2.038464E-08  2.038820E-08
  3.384000E+03  5.831753E-07  1.063438E-04  5.090582E-07  1.916906E-04 -1.031796E-02  2.038401E-08  2.038624E-08
  3.385000E+03  2.822673E-07  1.064570E-04 -1.413347E-06  1.915073E-04 -1.985246E-02  2.038329E-08  2.038908E-08
  3.386000E+03 -5.176674E-07  1.059873E-04 -1.242936E-07  1.923443E-04 -1.552606E-02  2.038360E-08  2.038634E-08
  3.387000E+03  4.813776E-07  1.064578E-04  6.283607E-07  1.914800E-04 -1.138683E-02  2.038321E-08  2.038604E-08
  3.388000E+03  3.870139E-07  1.063424E-04 -1.298410E-06  1.917180E-04 -2.085721E-02  2.038332E-08  2.038909E-08
  3.389000E+03 -5.118467E-07  1.060161E-04 -3.397539E-07  1.922829E-04 -1.325003E-02  2.038330E-08  2.038542E-08
  3.390000E+03  3.739113E-07  1.065326E-04  7.086097E-07  1.913470E-04 -1.321979E-02  2.038291E-08  2.038647E-08
  3.391000E+03  4.745980E-07  1.062205E-04 -1.157399E-06  1.919390E-04 -2.081503E-02  2.038345E-08  2.038883E-08
  3.392000E+03 -4.842163E-07  1.060938E-04 -5.393873E-07  1.921380E-04 -1.150230E-02  2.038331E-08  2.038511E-08
  3.393000E+03  2.630434E-07  1.065561E-04  7.479436E-07  1.913077E-04 -1.545363E-02  2.038257E-08  2.038685E-08
  3.394000E+03  5.433358E-07  1.061107E-04 -9.934286E-07  1.921296E-04 -1.978590E-02  2.038301E-08  2.038772E-08
  3.395000E+03 -4.349977E-07  1.062053E-04 -7.196208E-07  1.919344E-04 -1.054705E-02  2.038332E-08  2.038515E-08
  3.396000E+03  1.510742E-07  1.065271E-04  7.448403E-07  1.913661E-04 -1.768338E-02  2.038248E-08  2.038732E-08
  3.397000E+03  5.927907E-07  1.060338E-04 -8.107470E-07  1.922603E-04 -1.797193E-02  2.038280E-08  2.038667E-08
  3.398000E+03 -3.669704E-07  1.063287E-04 -8.771989E-07  1.917115E-04 -1.056160E-02  2.038331E-08  2.038549E-08
  3.399000E+03  4.252313E-08  1.064535E-04  7.010178E-07  1.915110E-04 -1.945747E-02  2.038316E-08  2.038830E-08
  3.400000E+03  6.215164E-07  1.060056E-04 -6.171987E-07  1.923084E-04 -1.575302E-02  2.038324E-08  2.038627E-08
  3.401000E+03 -2.845528E-07  1.064380E-04 -1.005435E-06  1.915157E-04 -1.153152E-02  2.038319E-08  2.038601E-08
  3.402000E+03 -5.689077E-08  1.063488E-04  6.204615E-07  1.917091E-04 -2.043829E-02  2.038378E-08  2.038890E-08
  3.403000E+03  6.293088E-07  1.060302E-04 -4.241009E-07  1.922623E-04 -1.357292E-02  2.038374E-08  2.038610E-08
  3.404000E+03 -1.918406E-07  1.065127E-04 -1.100415E-06  1.913828E-04 -1.326267E-02  2.038289E-08  2.038648E-08
  3.405000E+03 -1.454676E-07  1.062318E-04  5.099472E-07  1.919216E-04 -2.046373E-02  2.038392E-08  2.038869E-08
  3.406000E+03  6.161561E-07  1.061022E-04 -2.348593E-07  1.921302E-04 -1.182886E-02  2.038401E-08  2.038596E-08
  3.407000E+03 -9.169046E-08  1.065412E-04 -1.159672E-06  1.913371E-04 -1.540278E-02  2.038287E-08  2.038721E-08
  3.408000E+03 -2.182931E-07  1.061239E-04  3.710104E-07  1.921125E-04 -1.954817E-02  2.038384E-08  2.038801E-08
  3.409000E+03  5.801778E-07  1.062082E-04 -5.774009E-08  1.919381E-04 -1.081918E-02  2.038421E-08  2.038609E-08
  3.410000E+03  1.018962E-08  1.065200E-04 -1.174542E-06  1.913871E-04 -1.755493E-02  2.038341E-08  2.038837E-08
  3.411000E+03 -2.691672E-07  1.060475E-04  2.098165E-07  1.922476E-04 -1.787669E-02  2.038412E-08  2.038754E-08
  3.412000E+03  5.236783E-07  1.063260E-04  9.282704E-08  1.917263E-04 -1.074703E-02  2.038431E-08  2.038643E-08
  3.413000E+03  1.075851E-07  1.064541E-04 -1.144339E-06  1.915200E-04 -1.928648E-02  2.038430E-08  2.038960E-08
  3.414000E+03 -2.972660E-07  1.060168E-04  3.814815E-08  1.923000E-04 -1.580968E-02  2.038449E-08  2.038718E-08
  3.415000E+03  4.527868E-07  1.064309E-04  2.099422E-07  1.915373E-04 -1.160194E-02  2.038411E-08  2.038676E-08
  3.416000E+03  1.930930E-07  1.063552E-04 -1.075046E-06  1.917054E-04 -2.027438E-02  2.038469E-08  2.038999E-08
  3.417000E+03 -3.010755E-07  1.060374E-04 -1.304142E-07  1.922600E-04 -1.372307E-02  2.038483E-08  2.038691E-08
  3.418000E+03  3.742259E-07  1.065060E-04  2.848116E-07  1.914058E-04 -1.321376E-02  2.038410E-08  2.038741E-08
  3.419000E+03  2.608124E-07  1.062430E-04 -9.751224E-07  1.919122E-04 -2.035322E-02  2.038512E-08  2.039010E-08
  3.420000E+03 -2.830562E-07  1.061059E-04 -2.819080E-07  1.921387E-04 -1.199413E-02  2.038558E-08  2.038731E-08
  3.421000E+03  2.940275E-07  1.065387E-04  3.172186E-07  1.913589E-04 -1.526554E-02  2.038475E-08  2.038874E-08
  3.422000E+03  3.099994E-07  1.061409E-04 -8.560527E-07  1.921016E-04 -1.952801E-02  2.038595E-08  2.039034E-08
  3.423000E+03 -2.492257E-07  1.062076E-04 -4.096900E-07  1.919610E-04 -1.098550E-02  2.038648E-08  2.038818E-08
  3.424000E+03  2.195736E-07  1.065219E-04  3.129395E-07  1.914041E-04 -1.734169E-02  2.038567E-08  2.039022E-08
  3.425000E+03  3.401921E-07  1.060658E-04 -7.322751E-07  1.922337E-04 -1.799273E-02  2.038612E-08  2.038978E-08
  3.426000E+03 -2.061338E-07  1.063191E-04 -5.072281E-07  1.917577E-04 -1.087997E-02  2.038631E-08  2.038828E-08
  3.427000E+03  1.569700E-07  1.064569E-04  2.799114E-07  1.915266E-04 -1.903168E-02  2.038564E-08  2.039051E-08
  3.428000E+03  3.512038E-07  1.060318E-04 -6.158993E-07  1.922832E-04 -1.599687E-02  2.038552E-08  2.038841E-08
  3.429000E+03 -1.575128E-07  1.064201E-04 -5.709541E-07  1.915672E-04 -1.168730E-02  2.038521E-08  2.038773E-08
  3.430000E+03  1.072990E-07  1.063593E-04  2.247081E-07  1.917035E-04 -2.001067E-02  2.038538E-08  2.039026E-08
  3.431000E+03  3.473007E-07  1.060480E-04 -5.127498E-07  1.922437E-04 -1.395669E-02  2.038507E-08  2.038732E-08
  3.432000E+03 -1.082564E-07  1.064927E-04 -6.052535E-07  1.914336E-04 -1.322769E-02  2.038451E-08  2.038772E-08
  3.433000E+03  6.879018E-08  1.062513E-04  1.586782E-07  1.918999E-04 -2.012291E-02  2.038549E-08  2.039008E-08
  3.434000E+03  3.358094E-07  1.061100E-04 -4.255376E-07  1.921287E-04 -1.228929E-02  2.038523E-08  2.038710E-08
  3.435000E+03 -6.263327E-08  1.065224E-04 -6.211965E-07  1.913826E-04 -1.517792E-02  2.038419E-08  2.038810E-08
  3.436000E+03  4.050205E-08  1.061517E-04  9.120444E-08  1.920751E-04 -1.937102E-02  2.038527E-08  2.038933E-08
  3.437000E+03  3.200358E-07  1.062023E-04 -3.551993E-07  1.919589E-04 -1.129763E-02  2.038518E-08  2.038696E-08
  3.438000E+03 -2.311932E-08  1.065047E-04 -6.233077E-07  1.914173E-04 -1.714581E-02  2.038386E-08  2.038833E-08
  3.439000E+03  2.286385E-08  1.060778E-04  2.689488E-08  1.921957E-04 -1.793629E-02  2.038442E-08  2.038782E-08
  3.440000E+03  3.015697E-07  1.063057E-04 -3.039576E-07  1.917653E-04 -1.115131E-02  2.038447E-08  2.038648E-08
  3.441000E+03  8.467328E-09  1.064463E-04 -6.132259E-07  1.915278E-04 -1.873593E-02  2.038386E-08  2.038865E-08
  3.442000E+03  1.360820E-08  1.060443E-04 -2.865725E-08  1.922440E-04 -1.611368E-02  2.038373E-08  2.038647E-08
  3.443000E+03  2.820849E-07  1.063996E-04 -2.686884E-07  1.915892E-04 -1.184601E-02  2.038358E-08  2.038606E-08
  3.444000E+03  3.284176E-08  1.063597E-04 -5.949268E-07  1.916887E-04 -1.966849E-02  2.038401E-08  2.038883E-08
  3.445000E+03  9.504239E-09  1.060553E-04 -7.412459E-08  1.922149E-04 -1.425124E-02  2.038333E-08  2.038550E-08
  3.446000E+03  2.632625E-07  1.064659E-04 -2.443380E-07  1.914623E-04 -1.321302E-02  2.038243E-08  2.038551E-08
  3.447000E+03  5.084368E-08  1.062618E-04 -5.725066E-07  1.918628E-04 -1.982464E-02  2.038368E-08  2.038827E-08
  3.448000E+03  9.361208E-09  1.061072E-04 -1.101757E-07  1.921168E-04 -1.269165E-02  2.038334E-08  2.038516E-08
  3.449000E+03  2.454207E-07  1.064959E-04 -2.287856E-07  1.914071E-04 -1.496075E-02  2.038179E-08  2.038550E-08
  3.450000E+03  6.470925E-08  1.061698E-04 -5.485178E-07  1.920215E-04 -1.922808E-02  2.038311E-08  2.038725E-08
  3.451000E+03  1.305564E-08  1.061887E-04 -1.411984E-07  1.919678E-04 -1.170600E-02  2.038342E-08  2.038516E-08
  3.452000E+03  2.283996E-07  1.064872E-04 -2.216465E-07  1.914320E-04 -1.673082E-02  2.038221E-08  2.038643E-08
  3.453000E+03  7.478476E-08  1.060998E-04 -5.229355E-07  1.921405E-04 -1.801684E-02  2.038276E-08  2.038631E-08
  3.454000E+03  2.050841E-08  1.062817E-04 -1.678207E-07  1.917968E-04 -1.145406E-02  2.038315E-08  2.038507E-08
  3.455000E+03  2.139403E-07  1.064443E-04 -2.242513E-07  1.915242E-04 -1.819623E-02  2.038329E-08  2.038783E-08
  3.456000E+03  8.012266E-08  1.060653E-04 -4.984475E-07  1.922010E-04 -1.644516E-02  2.038310E-08  2.038604E-08
  3.457000E+03  2.997290E-08  1.063682E-04 -1.866444E-07  1.916395E-04 -1.194895E-02  2.038288E-08  2.038520E-08
  3.458000E+03  2.034224E-07  1.063760E-04 -2.342707E-07  1.916603E-04 -1.913288E-02  2.038432E-08  2.038895E-08
  3.459000E+03  8.057214E-08  1.060704E-04 -4.776972E-07  1.921942E-04 -1.481270E-02  2.038389E-08  2.038631E-08
  3.460000E+03  3.962412E-08  1.064343E-04 -1.958049E-07  1.915244E-04 -1.304524E-02  2.038303E-08  2.038587E-08
  3.461000E+03  1.978005E-07  1.062933E-04 -2.488541E-07  1.918161E-04 -1.941908E-02  2.038491E-08  2.038938E-08
  3.462000E+03  7.464572E-08  1.061137E-04 -4.613299E-07  1.921223E-04 -1.337576E-02  2.038497E-08  2.038704E-08
  3.463000E+03  4.884137E-08  1.064705E-04 -1.917822E-07  1.914691E-04 -1.455210E-02  2.038365E-08  2.038705E-08
  3.464000E+03  1.984250E-07  1.062101E-04 -2.679098E-07  1.919683E-04 -1.900626E-02  2.038529E-08  2.038939E-08
  3.465000E+03  6.357075E-08  1.061855E-04 -4.531093E-07  1.919986E-04 -1.237118E-02  2.038592E-08  2.038785E-08
  3.466000E+03  5.477147E-08  1.064725E-04 -1.746015E-07  1.914811E-04 -1.617661E-02  2.038481E-08  2.038871E-08
  3.467000E+03  2.052112E-07  1.061424E-04 -2.856320E-07  1.920905E-04 -1.801290E-02  2.038564E-08  2.038923E-08
  3.468000E+03  5.284842E-08  1.062679E-04 -4.575721E-07  1.918484E-04 -1.199330E-02  2.038586E-08  2.038790E-08
  3.469000E+03  5.232800E-08  1.064407E-04 -1.509653E-07  1.915500E-04 -1.758804E-02  2.038556E-08  2.038980E-08
  3.470000E+03  2.197428E-07  1.061030E-04 -2.931548E-07  1.921561E-04 -1.668000E-02  2.038551E-08  2.038857E-08
  3.471000E+03  4.575683E-08  1.063443E-04 -4.807048E-07  1.917030E-04 -1.228442E-02  2.038499E-08  2.038734E-08
  3.472000E+03  3.846371E-08  1.063818E-04 -1.248534E-07  1.916595E-04 -1.852820E-02  2.038558E-08  2.038994E-08
  3.473000E+03  2.411800E-07  1.060996E-04 -2.836366E-07  1.921572E-04 -1.523259E-02  2.038545E-08  2.038804E-08
  3.474000E+03  4.512683E-08  1.064044E-04 -5.232422E-07  1.915916E-04 -1.315765E-02  2.038441E-08  2.038722E-08
  3.475000E+03  1.360683E-08  1.063105E-04 -1.023206E-07  1.917933E-04 -1.885383E-02  2.038602E-08  2.039026E-08
  3.476000E+03  2.638086E-07  1.061321E-04 -2.530490E-07  1.921014E-04 -1.394676E-02  2.038614E-08  2.038841E-08
  3.477000E+03  5.502072E-08  1.064393E-04 -5.771778E-07  1.915346E-04 -1.442405E-02  2.038469E-08  2.038799E-08
  3.478000E+03 -1.930365E-08  1.062382E-04 -9.404433E-08  1.919244E-04 -1.859525E-02  2.038618E-08  2.039013E-08
  3.479000E+03  2.816254E-07  1.061863E-04 -2.021614E-07  1.920017E-04 -1.302560E-02  2.038621E-08  2.038834E-08
  3.480000E+03  7.700895E-08  1.064436E-04 -6.317916E-07  1.915304E-04 -1.578330E-02  2.038464E-08  2.038839E-08
  3.481000E+03 -5.685952E-08  1.061760E-04 -1.060963E-07  1.920249E-04 -1.787215E-02  2.038517E-08  2.038872E-08
  3.482000E+03  2.895667E-07  1.062483E-04 -1.334901E-07  1.918774E-04 -1.258722E-02  2.038503E-08  2.038720E-08
  3.483000E+03  1.111295E-07  1.064212E-04 -6.769418E-07  1.915712E-04 -1.696066E-02  2.038431E-08  2.038839E-08
  3.484000E+03 -9.433367E-08  1.061379E-04 -1.425972E-07  1.920811E-04 -1.687335E-02  2.038418E-08  2.038731E-08
  3.485000E+03  2.840793E-07  1.063092E-04 -5.349371E-08  1.917579E-04 -1.269376E-02  2.038399E-08  2.038635E-08
  3.486000E+03  1.543410E-07  1.063803E-04 -7.028857E-07  1.916508E-04 -1.776648E-02  2.038466E-08  2.038889E-08
  3.487000E+03 -1.262978E-07  1.061293E-04 -2.020799E-07  1.920918E-04 -1.578592E-02  2.038404E-08  2.038681E-08
  3.488000E+03  2.651699E-07  1.063574E-04  2.691422E-08  1.916659E-04 -1.328107E-02  2.038329E-08  2.038595E-08
  3.489000E+03  2.030959E-07  1.063277E-04 -7.066019E-07  1.917486E-04 -1.811289E-02  2.038484E-08  2.038904E-08
  3.490000E+03 -1.495735E-07  1.061462E-04 -2.801352E-07  1.920592E-04 -1.477303E-02  2.038414E-08  2.038665E-08
  3.491000E+03  2.347430E-07  1.063874E-04  9.971718E-08  1.916093E-04 -1.418466E-02  2.038276E-08  2.038577E-08
  3.492000E+03  2.533829E-07  1.062733E-04 -6.884856E-07  1.918452E-04 -1.803131E-02  2.038471E-08  2.038873E-08
  3.493000E+03 -1.616330E-07  1.061822E-04 -3.708652E-07  1.919941E-04 -1.399207E-02  2.038436E-08  2.038673E-08
  3.494000E+03  1.948385E-07  1.063976E-04  1.580910E-07  1.915948E-04 -1.518239E-02  2.038287E-08  2.038621E-08
  3.495000E+03  3.004609E-07  1.062270E-04 -6.485791E-07  1.919245E-04 -1.761749E-02  2.038439E-08  2.038816E-08
  3.496000E+03 -1.611132E-07  1.062260E-04 -4.659096E-07  1.919128E-04 -1.355113E-02  2.038426E-08  2.038663E-08
  3.497000E+03  1.474781E-07  1.063898E-04  1.975668E-07  1.916167E-04 -1.605383E-02  2.038343E-08  2.038700E-08
  3.498000E+03  3.410014E-07  1.061939E-04 -5.880971E-07  1.919761E-04 -1.700546E-02  2.038375E-08  2.038723E-08
  3.499000E+03 -1.481422E-07  1.062670E-04 -5.584704E-07  1.918302E-04 -1.346430E-02  2.038339E-08  2.038586E-08
  3.500000E+03  9.538049E-08  1.063697E-04  2.160757E-07  1.916590E-04 -1.668675E-02  2.038388E-08  2.038757E-08
  3.501000E+03  3.728411E-07  1.061778E-04 -5.106521E-07  1.920004E-04 -1.631615E-02  2.038347E-08  2.038668E-08
  3.502000E+03 -1.242623E-07  1.063027E-04 -6.428808E-07  1.917598E-04 -1.368379E-02  2.038268E-08  2.038535E-08
  3.503000E+03  4.121313E-08  1.063430E-04  2.144350E-07  1.917138E-04 -1.708042E-02  2.038444E-08  2.038817E-08
  3.504000E+03  3.962023E-07  1.061790E-04 -4.217940E-07  1.920026E-04 -1.562653E-02  2.038416E-08  2.038714E-08
  3.505000E+03 -9.078760E-08  1.063308E-04 -7.184634E-07  1.917100E-04 -1.413583E-02  2.038265E-08  2.038556E-08
  3.506000E+03 -1.362467E-08  1.063103E-04  1.940877E-07  1.917750E-04 -1.724592E-02  2.038463E-08  2.038830E-08
  3.507000E+03  4.124448E-07  1.061933E-04 -3.254982E-07  1.919796E-04 -1.501115E-02  2.038466E-08  2.038747E-08
  3.508000E+03 -5.045375E-08  1.063471E-04 -7.856099E-07  1.916841E-04 -1.469961E-02  2.038285E-08  2.038599E-08
  3.509000E+03 -6.702929E-08  1.062764E-04  1.587314E-07  1.918315E-04 -1.717705E-02  2.038415E-08  2.038771E-08
  3.510000E+03  4.212591E-07  1.062146E-04 -2.257269E-07  1.919366E-04 -1.455605E-02  2.038430E-08  2.038702E-08
  3.511000E+03 -4.609449E-09  1.063535E-04 -8.425447E-07  1.916794E-04 -1.524432E-02  2.038341E-08  2.038676E-08
  3.512000E+03 -1.157388E-07  1.062487E-04  1.082852E-07  1.918778E-04 -1.694970E-02  2.038384E-08  2.038725E-08
  3.513000E+03  4.186864E-07  1.062381E-04 -1.256477E-07  1.918888E-04 -1.429587E-02  2.038383E-08  2.038652E-08
  3.514000E+03  4.844843E-08  1.063538E-04 -8.827698E-07  1.916893E-04 -1.571315E-02  2.038438E-08  2.038789E-08
  3.515000E+03 -1.589574E-07  1.062308E-04  3.864595E-08  1.919130E-04 -1.664939E-02  2.038425E-08  2.038751E-08
  3.516000E+03  4.031200E-07  1.062611E-04 -2.548496E-08  1.918458E-04 -1.422573E-02  2.038368E-08  2.038639E-08
  3.517000E+03  1.085306E-07  1.063491E-04 -9.028949E-07  1.917092E-04 -1.607932E-02  2.038546E-08  2.038908E-08
  3.518000E+03 -1.965339E-07  1.062229E-04 -4.993534E-08  1.919357E-04 -1.631708E-02  2.038526E-08  2.038840E-08
  3.519000E+03  3.761497E-07  1.062804E-04  7.309717E-08  1.918141E-04 -1.429481E-02  2.038400E-08  2.038677E-08
  3.520000E+03  1.711321E-07  1.063395E-04 -9.022602E-07  1.917340E-04 -1.632358E-02  2.038619E-08  2.038987E-08
  3.521000E+03 -2.243471E-07  1.062209E-04 -1.519321E-07  1.919439E-04 -1.600033E-02  2.038584E-08  2.038889E-08
  3.522000E+03  3.365132E-07  1.062946E-04  1.628976E-07  1.917917E-04 -1.442832E-02  2.038431E-08  2.038714E-08
  3.523000E+03  2.340305E-07  1.063246E-04 -8.764277E-07  1.917572E-04 -1.648595E-02  2.038574E-08  2.038944E-08
  3.524000E+03 -2.399452E-07  1.062192E-04 -2.649764E-07  1.919393E-04 -1.569065E-02  2.038514E-08  2.038811E-08
  3.525000E+03  2.836102E-07  1.063055E-04  2.395030E-07  1.917696E-04 -1.458199E-02  2.038400E-08  2.038689E-08
  3.526000E+03  2.964442E-07  1.063085E-04 -8.235226E-07  1.917774E-04 -1.660566E-02  2.038475E-08  2.038845E-08
  3.527000E+03 -2.422953E-07  1.062182E-04 -3.883814E-07  1.919312E-04 -1.538802E-02  2.038418E-08  2.038708E-08
  3.528000E+03  2.207171E-07  1.063201E-04  2.980350E-07  1.917482E-04 -1.472554E-02  2.038448E-08  2.038743E-08
  3.529000E+03  3.529253E-07  1.062969E-04 -7.454672E-07  1.918001E-04 -1.676563E-02  2.038490E-08  2.038862E-08
  3.530000E+03 -2.291239E-07  1.062183E-04 -5.131451E-07  1.919314E-04 -1.510206E-02  2.038430E-08  2.038714E-08
  3.531000E+03  1.517074E-07  1.063387E-04  3.306106E-07  1.917280E-04 -1.486682E-02  2.038585E-08  2.038887E-08
  3.532000E+03  3.978950E-07  1.062852E-04 -6.452723E-07  1.918300E-04 -1.694598E-02  2.038577E-08  2.038950E-08
  3.533000E+03 -1.982348E-07  1.062184E-04 -6.299360E-07  1.919323E-04 -1.480336E-02  2.038450E-08  2.038727E-08
  3.534000E+03  7.938217E-08  1.063530E-04  3.304209E-07  1.917045E-04 -1.506319E-02  2.038603E-08  2.038914E-08
  3.535000E+03  4.292681E-07  1.062657E-04 -5.267820E-07  1.918613E-04 -1.704065E-02  2.038532E-08  2.038902E-08
  3.536000E+03 -1.511568E-07  1.062217E-04 -7.332564E-07  1.919172E-04 -1.447608E-02  2.038363E-08  2.038634E-08
  3.537000E+03  7.570053E-09  1.063626E-04  2.972615E-07  1.916783E-04 -1.538982E-02  2.038499E-08  2.038823E-08
  3.538000E+03  4.449284E-07  1.062410E-04 -3.958795E-07  1.918979E-04 -1.698544E-02  2.038449E-08  2.038809E-08
  3.539000E+03 -9.271214E-08  1.062358E-04 -8.147283E-07  1.918877E-04 -1.412883E-02  2.038331E-08  2.038598E-08
  3.540000E+03 -5.595970E-08  1.063703E-04  2.341756E-07  1.916612E-04 -1.589171E-02  2.038448E-08  2.038790E-08
  3.541000E+03  4.418309E-07  1.062126E-04 -2.655711E-07  1.919463E-04 -1.676966E-02  2.038425E-08  2.038768E-08
  3.542000E+03 -2.672898E-08  1.062635E-04 -8.649573E-07  1.918437E-04 -1.379156E-02  2.038404E-08  2.038670E-08
  3.543000E+03 -1.066599E-07  1.063705E-04  1.449650E-07  1.916639E-04 -1.654201E-02  2.038459E-08  2.038823E-08
  3.544000E+03  4.206144E-07  1.061832E-04 -1.455407E-07  1.919967E-04 -1.635055E-02  2.038409E-08  2.038729E-08
  3.545000E+03  4.219794E-08  1.063023E-04 -8.812963E-07  1.917814E-04 -1.357875E-02  2.038492E-08  2.038763E-08
  3.546000E+03 -1.437538E-07  1.063568E-04  3.819802E-08  1.916933E-04 -1.723432E-02  2.038487E-08  2.038869E-08
  3.547000E+03  3.853985E-07  1.061600E-04 -4.087360E-08  1.920346E-04 -1.570022E-02  2.038389E-08  2.038681E-08
  3.548000E+03  1.083237E-07  1.063483E-04 -8.671080E-07  1.917048E-04 -1.364674E-02  2.038559E-08  2.038846E-08
  3.549000E+03 -1.659334E-07  1.063263E-04 -7.570047E-08  1.917526E-04 -1.785130E-02  2.038510E-08  2.038905E-08
  3.550000E+03  3.397608E-07  1.061503E-04  4.274109E-08  1.920473E-04 -1.485292E-02  2.038362E-08  2.038623E-08
  3.551000E+03  1.671644E-07  1.063925E-04 -8.257449E-07  1.916238E-04 -1.409952E-02  2.038531E-08  2.038845E-08
  3.552000E+03 -1.730200E-07  1.062768E-04 -1.878733E-07  1.918377E-04 -1.822510E-02  2.038450E-08  2.038846E-08
  3.553000E+03  2.882982E-07  1.061606E-04  1.010109E-07  1.920206E-04 -1.388157E-02  2.038306E-08  2.038538E-08
  3.554000E+03  2.169020E-07  1.064258E-04 -7.648887E-07  1.915569E-04 -1.494172E-02  2.038431E-08  2.038783E-08
  3.555000E+03 -1.684894E-07  1.062147E-04 -2.916935E-07  1.919408E-04 -1.818781E-02  2.038356E-08  2.038736E-08
  3.556000E+03  2.358804E-07  1.061983E-04  1.367543E-07  1.919493E-04 -1.297104E-02  2.038298E-08  2.038511E-08
  3.557000E+03  2.564432E-07  1.064406E-04 -6.933894E-07  1.915294E-04 -1.610438E-02  2.038385E-08  2.038779E-08
  3.558000E+03 -1.534351E-07  1.061533E-04 -3.840285E-07  1.920467E-04 -1.766013E-02  2.038322E-08  2.038671E-08
  3.559000E+03  1.850216E-07  1.062611E-04  1.500172E-07  1.918413E-04 -1.237094E-02  2.038371E-08  2.038582E-08
  3.560000E+03  2.852338E-07  1.064287E-04 -6.158249E-07  1.915564E-04 -1.740559E-02  2.038400E-08  2.038831E-08
  3.561000E+03 -1.286529E-07  1.061046E-04 -4.630842E-07  1.921297E-04 -1.666991E-02  2.038301E-08  2.038609E-08
  3.562000E+03  1.355018E-07  1.063355E-04  1.425869E-07  1.917108E-04 -1.227712E-02  2.038413E-08  2.038642E-08
  3.563000E+03  3.050005E-07  1.063870E-04 -5.332303E-07  1.916341E-04 -1.856940E-02  2.038386E-08  2.038843E-08
  3.564000E+03 -9.774662E-08  1.060803E-04 -5.292462E-07  1.921675E-04 -1.533531E-02  2.038279E-08  2.038541E-08
  3.565000E+03  8.983303E-08  1.064088E-04  1.195559E-07  1.915803E-04 -1.278699E-02  2.038416E-08  2.038682E-08
  3.566000E+03  3.150313E-07  1.063199E-04 -4.500445E-07  1.917566E-04 -1.932703E-02  2.038373E-08  2.038835E-08
  3.567000E+03 -6.160132E-08  1.060892E-04 -5.803274E-07  1.921482E-04 -1.385598E-02  2.038288E-08  2.038509E-08
  3.568000E+03  4.924926E-08  1.064674E-04  8.164695E-08  1.914781E-04 -1.386461E-02  2.038421E-08  2.038739E-08
  3.569000E+03  3.137546E-07  1.062383E-04 -3.674021E-07  1.919056E-04 -1.949514E-02  2.038385E-08  2.038829E-08
  3.570000E+03 -1.921220E-08  1.061330E-04 -6.140288E-07  1.920707E-04 -1.250672E-02  2.038344E-08  2.038536E-08
  3.571000E+03  1.359963E-08  1.065001E-04  2.697001E-08  1.914274E-04 -1.535196E-02  2.038462E-08  2.038837E-08
  3.572000E+03  3.028263E-07  1.061564E-04 -2.864170E-07  1.920553E-04 -1.901717E-02  2.038422E-08  2.038826E-08
  3.573000E+03  2.571356E-08  1.062076E-04 -6.305064E-07  1.919448E-04 -1.154544E-02  2.038463E-08  2.038647E-08
  3.574000E+03 -1.396194E-08  1.064993E-04 -3.972402E-08  1.914397E-04 -1.705270E-02  2.038522E-08  2.038951E-08
  3.575000E+03  2.834673E-07  1.060873E-04 -2.144711E-07  1.921820E-04 -1.790953E-02  2.038479E-08  2.038828E-08
  3.576000E+03  6.895511E-08  1.063014E-04 -6.286023E-07  1.917853E-04 -1.118256E-02  2.038577E-08  2.038777E-08
  3.577000E+03 -2.917116E-08  1.064594E-04 -1.136021E-07  1.915182E-04 -1.867653E-02  2.038537E-08  2.039008E-08
  3.578000E+03  2.537271E-07  1.060417E-04 -1.584644E-07  1.922567E-04 -1.630754E-02  2.038451E-08  2.038737E-08
  3.579000E+03  1.094935E-07  1.063959E-04 -6.035249E-07  1.916143E-04 -1.152051E-02  2.038563E-08  2.038802E-08
  3.580000E+03 -3.092902E-08  1.063846E-04 -1.935569E-07  1.916496E-04 -1.989531E-02  2.038453E-08  2.038945E-08
  3.581000E+03  2.150002E-07  1.060308E-04 -1.217985E-07  1.922619E-04 -1.445523E-02  2.038355E-08  2.038580E-08
  3.582000E+03  1.448251E-07  1.064784E-04 -5.559349E-07  1.914616E-04 -1.256220E-02  2.038491E-08  2.038788E-08
  3.583000E+03 -2.259137E-08  1.062861E-04 -2.716865E-07  1.918217E-04 -2.047535E-02  2.038372E-08  2.038857E-08
  3.584000E+03  1.747483E-07  1.060638E-04 -1.041140E-07  1.921945E-04 -1.262747E-02  2.038326E-08  2.038503E-08
  3.585000E+03  1.682055E-07  1.065371E-04 -4.950554E-07  1.913584E-04 -1.424383E-02  2.038469E-08  2.038837E-08
  3.586000E+03 -4.183188E-09  1.061784E-04 -3.344173E-07  1.920160E-04 -2.026517E-02  2.038378E-08  2.038829E-08
  3.587000E+03  1.367900E-07  1.061376E-04 -1.086278E-07  1.920598E-04 -1.113355E-02  2.038351E-08  2.038502E-08
  3.588000E+03  1.770956E-07  1.065570E-04 -4.263871E-07  1.913247E-04 -1.633813E-02  2.038426E-08  2.038866E-08
  3.589000E+03  2.459480E-08  1.060762E-04 -3.769029E-07  1.921949E-04 -1.924200E-02  2.038353E-08  2.038747E-08
  3.590000E+03  1.017827E-07  1.062411E-04 -1.365037E-07  1.918710E-04 -1.023906E-02  2.038353E-08  2.038507E-08
  3.591000E+03  1.746150E-07  1.065302E-04 -3.539202E-07  1.913723E-04 -1.848138E-02  2.038345E-08  2.038848E-08
  3.592000E+03  5.915020E-08  1.059983E-04 -4.014830E-07  1.923239E-04 -1.750693E-02  2.038288E-08  2.038610E-08
  3.593000E+03  7.481062E-08  1.063620E-04 -1.828637E-07  1.916530E-04 -1.018416E-02  2.038355E-08  2.038544E-08
  3.594000E+03  1.623170E-07  1.064582E-04 -2.892001E-07  1.915057E-04 -2.031457E-02  2.038315E-08  2.038856E-08
  3.595000E+03  9.419914E-08  1.059635E-04 -4.067580E-07  1.923786E-04 -1.528247E-02  2.038273E-08  2.038518E-08
  3.596000E+03  6.217673E-08  1.064814E-04 -2.424827E-07  1.914443E-04 -1.108706E-02  2.038401E-08  2.038657E-08
  3.597000E+03  1.390892E-07  1.063493E-04 -2.439402E-07  1.917114E-04 -2.148245E-02  2.038367E-08  2.038916E-08
  3.598000E+03  1.265552E-07  1.059818E-04 -3.877662E-07  1.923441E-04 -1.289825E-02  2.038328E-08  2.038507E-08
  3.599000E+03  6.305639E-08  1.065756E-04 -3.082524E-07  1.912854E-04 -1.285988E-02  2.038466E-08  2.038808E-08
  3.600000E+03  1.084532E-07  1.062186E-04 -2.194965E-07  1.919548E-04 -2.170860E-02  2.038437E-08  2.038957E-08
  3.601000E+03  1.533174E-07  1.060546E-04 -3.491025E-07  1.922162E-04 -1.076754E-02  2.038423E-08  2.038557E-08
  3.602000E+03  7.420622E-08  1.066245E-04 -3.715685E-07  1.912084E-04 -1.527110E-02  2.038513E-08  2.038948E-08
  3.603000E+03  7.491313E-08  1.060868E-04 -2.132054E-07  1.921939E-04 -2.087043E-02  2.038480E-08  2.038939E-08
  3.604000E+03  1.693057E-07  1.061739E-04 -2.953854E-07  1.920046E-04 -9.328231E-03  2.038499E-08  2.038622E-08
  3.605000E+03  9.616664E-08  1.066136E-04 -4.224845E-07  1.912358E-04 -1.794986E-02  2.038506E-08  2.039027E-08
  3.606000E+03  4.211506E-08  1.059785E-04 -2.292721E-07  1.923815E-04 -1.901559E-02  2.038461E-08  2.038834E-08
  3.607000E+03  1.716125E-07  1.063196E-04 -2.314538E-07  1.917409E-04 -8.919254E-03  2.038500E-08  2.038653E-08
  3.608000E+03  1.261612E-07  1.065402E-04 -4.527824E-07  1.913706E-04 -2.038447E-02  2.038443E-08  2.039024E-08
  3.609000E+03  1.452727E-08  1.059177E-04 -2.659406E-07  1.924763E-04 -1.642938E-02  2.038389E-08  2.038666E-08
  3.610000E+03  1.613225E-07  1.064654E-04 -1.672144E-07  1.914766E-04 -9.681010E-03  2.038468E-08  2.038688E-08
  3.611000E+03  1.600945E-07  1.064162E-04 -4.611377E-07  1.915957E-04 -2.206008E-02  2.038393E-08  2.038995E-08
  3.612000E+03 -4.812426E-09  1.059211E-04 -3.175805E-07  1.924583E-04 -1.355653E-02  2.038353E-08  2.038543E-08
  3.613000E+03  1.407133E-07  1.065835E-04 -1.107201E-07  1.912658E-04 -1.155118E-02  2.038442E-08  2.038755E-08
  3.614000E+03  1.961183E-07  1.062623E-04 -4.505461E-07  1.918730E-04 -2.261135E-02  2.038365E-08  2.038944E-08
  3.615000E+03 -1.550314E-08  1.059907E-04 -3.808209E-07  1.923240E-04 -1.093774E-02  2.038333E-08  2.038464E-08
  3.616000E+03  1.124538E-07  1.066489E-04 -6.505985E-08  1.911494E-04 -1.424085E-02  2.038381E-08  2.038798E-08
  3.617000E+03  2.312368E-07  1.061057E-04 -4.238070E-07  1.921475E-04 -2.190187E-02  2.038306E-08  2.038821E-08
  3.618000E+03 -1.531907E-08  1.061138E-04 -4.515464E-07  1.920919E-04 -9.098921E-03  2.038276E-08  2.038386E-08
  3.619000E+03  7.774801E-08  1.066474E-04 -3.573646E-08  1.911514E-04 -1.724965E-02  2.038277E-08  2.038789E-08
  3.620000E+03  2.613712E-07  1.059775E-04 -3.798505E-07  1.923661E-04 -2.002589E-02  2.038239E-08  2.038660E-08
  3.621000E+03 -3.093612E-09  1.062687E-04 -5.225590E-07  1.918070E-04 -8.397068E-03  2.038235E-08  2.038369E-08
  3.622000E+03  3.648208E-08  1.065824E-04 -2.499665E-08  1.912749E-04 -1.999461E-02  2.038246E-08  2.038827E-08
  3.623000E+03  2.860071E-07  1.059022E-04 -3.180075E-07  1.924930E-04 -1.735513E-02  2.038236E-08  2.038553E-08
  3.624000E+03  1.899779E-08  1.064275E-04 -5.909636E-07  1.915268E-04 -8.919080E-03  2.038292E-08  2.038490E-08
  3.625000E+03 -9.388640E-09  1.064670E-04 -3.014198E-08  1.914942E-04 -2.201570E-02  2.038287E-08  2.038900E-08
  3.626000E+03  3.040197E-07  1.058912E-04 -2.412448E-07  1.925105E-04 -1.436411E-02  2.038307E-08  2.038527E-08
  3.627000E+03  4.878472E-08  1.065628E-04 -6.526434E-07  1.912956E-04 -1.058440E-02  2.038384E-08  2.038676E-08
  3.628000E+03 -5.409299E-08  1.063181E-04 -5.174880E-08  1.917723E-04 -2.295862E-02  2.038349E-08  2.038951E-08
  3.629000E+03  3.105783E-07  1.059460E-04 -1.570261E-07  1.924104E-04 -1.155678E-02  2.038375E-08  2.038522E-08
  3.630000E+03  8.857023E-08  1.066494E-04 -6.998619E-07  1.911502E-04 -1.313259E-02  2.038430E-08  2.038829E-08
  3.631000E+03 -9.561948E-08  1.061607E-04 -9.616590E-08  1.920597E-04 -2.263587E-02  2.038396E-08  2.038945E-08
  3.632000E+03  3.036150E-07  1.060565E-04 -6.762418E-08  1.922088E-04 -9.416323E-03  2.038409E-08  2.038519E-08
  3.633000E+03  1.410002E-07  1.066738E-04 -7.307273E-07  1.911148E-04 -1.612454E-02  2.038430E-08  2.038933E-08
  3.634000E+03 -1.349206E-07  1.060206E-04 -1.678951E-07  1.923091E-04 -2.111449E-02  2.038418E-08  2.038881E-08
  3.635000E+03  2.851549E-07  1.062054E-04  2.714231E-08  1.919404E-04 -8.269556E-03  2.038441E-08  2.038555E-08
  3.636000E+03  2.010638E-07  1.066336E-04 -7.450218E-07  1.911963E-04 -1.907028E-02  2.038424E-08  2.039011E-08
  3.637000E+03 -1.681060E-07  1.059222E-04 -2.601958E-07  1.924815E-04 -1.865500E-02  2.038452E-08  2.038812E-08
  3.638000E+03  2.543708E-07  1.063691E-04  1.201640E-07  1.916497E-04 -8.321146E-03  2.038491E-08  2.038652E-08
  3.639000E+03  2.623289E-07  1.065343E-04 -7.355801E-07  1.913853E-04 -2.147012E-02  2.038440E-08  2.039078E-08
  3.640000E+03 -1.884653E-07  1.058818E-04 -3.658846E-07  1.925463E-04 -1.567049E-02  2.038465E-08  2.038722E-08
  3.641000E+03  2.072796E-07  1.065195E-04  2.013643E-07  1.913832E-04 -9.585350E-03  2.038511E-08  2.038753E-08
  3.642000E+03  3.238453E-07  1.063907E-04 -6.935855E-07  1.916508E-04 -2.290145E-02  2.038452E-08  2.039097E-08
  3.643000E+03 -1.944237E-07  1.059066E-04 -4.843994E-07  1.924901E-04 -1.263970E-02  2.038435E-08  2.038608E-08
  3.644000E+03  1.458465E-07  1.066294E-04  2.658977E-07  1.911853E-04 -1.187185E-02  2.038454E-08  2.038800E-08
  3.645000E+03  3.825631E-07  1.062240E-04 -6.203776E-07  1.919472E-04 -2.309737E-02  2.038397E-08  2.039003E-08
  3.646000E+03 -1.855347E-07  1.059959E-04 -6.099936E-07  1.923155E-04 -1.006696E-02  2.038363E-08  2.038484E-08
  3.647000E+03  7.572925E-08  1.066804E-04  3.080263E-07  1.910931E-04 -1.484539E-02  2.038365E-08  2.038820E-08
  3.648000E+03  4.316095E-07  1.060635E-04 -5.214450E-07  1.922277E-04 -2.198480E-02  2.038342E-08  2.038870E-08
  3.649000E+03 -1.569115E-07  1.061390E-04 -7.330378E-07  1.920504E-04 -8.409054E-03  2.038330E-08  2.038443E-08
  3.650000E+03  2.412625E-10  1.066640E-04  3.150955E-07  1.911304E-04 -1.802273E-02  2.038343E-08  2.038893E-08
  3.651000E+03  4.655803E-07  1.059393E-04 -3.988220E-07  1.924461E-04 -1.972202E-02  2.038365E-08  2.038786E-08
  3.652000E+03 -1.065247E-07  1.063117E-04 -8.444090E-07  1.917421E-04 -7.981641E-03  2.038378E-08  2.038530E-08
  3.653000E+03 -7.766328E-08  1.065802E-04  2.804999E-07  1.912959E-04 -2.083278E-02  2.038392E-08  2.039007E-08
  3.654000E+03  4.834095E-07  1.058749E-04 -2.575329E-07  1.925595E-04 -1.668642E-02  2.038438E-08  2.038745E-08
  3.655000E+03 -3.999796E-08  1.064806E-04 -9.371539E-07  1.914453E-04 -8.908421E-03  2.038440E-08  2.038673E-08
  3.656000E+03 -1.508910E-07  1.064408E-04  2.094710E-07  1.915594E-04 -2.272347E-02  2.038447E-08  2.039083E-08
  3.657000E+03  4.830798E-07  1.058834E-04 -1.101051E-07  1.925396E-04 -1.343121E-02  2.038490E-08  2.038695E-08
  3.658000E+03  3.667196E-08  1.066121E-04 -1.002088E-06  1.912155E-04 -1.104832E-02  2.038465E-08  2.038807E-08
  3.659000E+03 -2.141301E-07  1.062715E-04  1.095141E-07  1.918703E-04 -2.330567E-02  2.038480E-08  2.039088E-08
  3.660000E+03  4.618157E-07  1.059649E-04  3.516202E-08  1.923867E-04 -1.058691E-02  2.038509E-08  2.038645E-08
  3.661000E+03  1.206821E-07  1.066815E-04 -1.031236E-06  1.910986E-04 -1.401884E-02  2.038467E-08  2.038924E-08
  3.662000E+03 -2.645890E-07  1.061047E-04 -1.612680E-08  1.921689E-04 -2.247206E-02  2.038488E-08  2.039024E-08
  3.663000E+03  4.196818E-07  1.061033E-04  1.726039E-07  1.921313E-04 -8.685544E-03  2.038501E-08  2.038611E-08
  3.664000E+03  2.066838E-07  1.066762E-04 -1.020152E-06  1.911168E-04 -1.724189E-02  2.038458E-08  2.039015E-08
  3.665000E+03 -2.991459E-07  1.059718E-04 -1.593748E-07  1.923998E-04 -2.038806E-02  2.038472E-08  2.038906E-08
  3.666000E+03  3.607866E-07  1.062711E-04  2.924323E-07  1.918239E-04 -8.059252E-03  2.038468E-08  2.038602E-08
  3.667000E+03  2.901630E-07  1.065995E-04 -9.732288E-07  1.912626E-04 -2.011008E-02  2.038438E-08  2.039064E-08
  3.668000E+03 -3.160951E-07  1.058974E-04 -3.126188E-07  1.925215E-04 -1.748260E-02  2.038442E-08  2.038765E-08
  3.669000E+03  2.882137E-07  1.064346E-04  3.885819E-07  1.915252E-04 -8.788240E-03  2.038412E-08  2.038612E-08
  3.670000E+03  3.686666E-07  1.064676E-04 -8.945643E-07  1.915023E-04 -2.209707E-02  2.038380E-08  2.039031E-08
  3.671000E+03 -3.133418E-07  1.058933E-04 -4.727214E-07  1.925134E-04 -1.433696E-02  2.038379E-08  2.038603E-08
  3.672000E+03  2.057511E-07  1.065612E-04  4.536020E-07  1.912909E-04 -1.069352E-02  2.038303E-08  2.038595E-08
  3.673000E+03  4.371299E-07  1.063066E-04 -7.874373E-07  1.917846E-04 -2.283638E-02  2.038267E-08  2.038894E-08
  3.674000E+03 -2.891495E-07  1.059577E-04 -6.309916E-07  1.923795E-04 -1.156508E-02  2.038273E-08  2.038430E-08
  3.675000E+03  1.163996E-07  1.066303E-04  4.814360E-07  1.911616E-04 -1.338256E-02  2.038179E-08  2.038571E-08
  3.676000E+03  4.909878E-07  1.061478E-04 -6.539714E-07  1.920593E-04 -2.222709E-02  2.038164E-08  2.038726E-08
  3.677000E+03 -2.435564E-07  1.060774E-04 -7.782232E-07  1.921511E-04 -9.644710E-03  2.038194E-08  2.038325E-08
  3.678000E+03  2.232160E-08  1.066341E-04  4.703105E-07  1.911578E-04 -1.634554E-02  2.038123E-08  2.038605E-08
  3.679000E+03  5.287668E-07  1.060209E-04 -4.972513E-07  1.922820E-04 -2.043367E-02  2.038166E-08  2.038630E-08
  3.680000E+03 -1.815078E-07  1.062293E-04 -9.072241E-07  1.918761E-04 -8.878110E-03  2.038207E-08  2.038357E-08
  3.681000E+03 -7.003879E-08  1.065772E-04  4.246494E-07  1.912755E-04 -1.904416E-02  2.038191E-08  2.038738E-08
  3.682000E+03  5.495671E-07  1.059475E-04 -3.294562E-07  1.924156E-04 -1.787950E-02  2.038270E-08  2.038627E-08
  3.683000E+03 -1.083110E-07  1.063819E-04 -1.011646E-06  1.916078E-04 -9.345942E-03  2.038271E-08  2.038480E-08
  3.684000E+03 -1.526588E-07  1.064731E-04  3.482533E-07  1.914820E-04 -2.099770E-02  2.038320E-08  2.038897E-08
  3.685000E+03  5.489484E-07  1.059358E-04 -1.629082E-07  1.924414E-04 -1.507998E-02  2.038412E-08  2.038672E-08
  3.686000E+03 -2.336536E-08  1.065070E-04 -1.083080E-06  1.913924E-04 -1.086450E-02  2.038344E-08  2.038636E-08
  3.687000E+03 -2.232577E-07  1.063398E-04  2.379638E-07  1.917348E-04 -2.189884E-02  2.038415E-08  2.038981E-08
  3.688000E+03  5.257390E-07  1.059837E-04 -1.187692E-09  1.923580E-04 -1.250205E-02  2.038521E-08  2.038708E-08
  3.689000E+03  7.162874E-08  1.065866E-04 -1.117716E-06  1.912616E-04 -1.311735E-02  2.038417E-08  2.038803E-08
  3.690000E+03 -2.812343E-07  1.062010E-04  9.668345E-08  1.919916E-04 -2.165402E-02  2.038492E-08  2.039011E-08
  3.691000E+03  4.822867E-07  1.060827E-04  1.524884E-07  1.921837E-04 -1.056676E-02  2.038622E-08  2.038771E-08
  3.692000E+03  1.690443E-07  1.066104E-04 -1.113748E-06  1.912361E-04 -1.571998E-02  2.038524E-08  2.038999E-08
  3.693000E+03 -3.222746E-07  1.060805E-04 -6.395289E-08  1.922125E-04 -2.034408E-02  2.038579E-08  2.039022E-08
  3.694000E+03  4.202549E-07  1.062147E-04  2.880285E-07  1.919492E-04 -9.600473E-03  2.038690E-08  2.038840E-08
  3.695000E+03  2.627129E-07  1.065759E-04 -1.069240E-06  1.913168E-04 -1.823368E-02  2.038637E-08  2.039179E-08
  3.696000E+03 -3.423578E-07  1.059982E-04 -2.349901E-07  1.923606E-04 -1.822489E-02  2.038649E-08  2.039003E-08
  3.697000E+03  3.409565E-07  1.063534E-04  3.962296E-07  1.916978E-04 -9.725748E-03  2.038674E-08  2.038863E-08
  3.698000E+03  3.496725E-07  1.064889E-04 -9.842962E-07  1.914829E-04 -2.021144E-02  2.038664E-08  2.039243E-08
  3.699000E+03 -3.410914E-07  1.059685E-04 -4.108125E-07  1.924070E-04 -1.570075E-02  2.038657E-08  2.038926E-08
  3.700000E+03  2.486048E-07  1.064729E-04  4.726982E-07  1.914769E-04 -1.089158E-02  2.038589E-08  2.038844E-08
  3.701000E+03  4.246803E-07  1.063639E-04 -8.628970E-07  1.917042E-04 -2.128436E-02  2.038578E-08  2.039154E-08
  3.702000E+03 -3.170895E-07  1.059982E-04 -5.820704E-07  1.923416E-04 -1.320984E-02  2.038607E-08  2.038808E-08
  3.703000E+03  1.503189E-07  1.065529E-04  5.085588E-07  1.913273E-04 -1.290331E-02  2.038477E-08  2.038815E-08
  3.704000E+03  4.805593E-07  1.062245E-04 -7.132074E-07  1.919452E-04 -2.122814E-02  2.038469E-08  2.039002E-08
  3.705000E+03 -2.678539E-07  1.060849E-04 -7.364795E-07  1.921745E-04 -1.123722E-02  2.038552E-08  2.038716E-08
  3.706000E+03  5.134037E-08  1.065784E-04  4.943069E-07  1.912833E-04 -1.540043E-02  2.038425E-08  2.038845E-08
  3.707000E+03  5.153591E-07  1.061019E-04 -5.440911E-07  1.921596E-04 -2.004279E-02  2.038440E-08  2.038898E-08
  3.708000E+03 -1.963906E-07  1.062100E-04 -8.675491E-07  1.919427E-04 -1.021835E-02  2.038517E-08  2.038685E-08
  3.709000E+03 -4.418584E-08  1.065436E-04  4.324362E-07  1.913548E-04 -1.784644E-02  2.038439E-08  2.038922E-08
  3.710000E+03  5.301593E-07  1.060216E-04 -3.648010E-07  1.923002E-04 -1.799422E-02  2.038467E-08  2.038832E-08
  3.711000E+03 -1.109890E-07  1.063442E-04 -9.703561E-07  1.916968E-04 -1.035332E-02  2.038474E-08  2.038686E-08
  3.712000E+03 -1.285297E-07  1.064557E-04  3.329905E-07  1.915212E-04 -1.971482E-02  2.038456E-08  2.038970E-08
  3.713000E+03  5.237279E-07  1.059992E-04 -1.898159E-07  1.923344E-04 -1.554758E-02  2.038483E-08  2.038760E-08
  3.714000E+03 -1.814749E-08  1.064571E-04 -1.036865E-06  1.914897E-04 -1.157419E-02  2.038408E-08  2.038692E-08
  3.715000E+03 -1.969656E-07  1.063351E-04  2.049841E-07  1.917411E-04 -2.061883E-02  2.038448E-08  2.038956E-08
  3.716000E+03  4.928671E-07  1.060373E-04 -2.589555E-08  1.922598E-04 -1.323051E-02  2.038492E-08  2.038700E-08
  3.717000E+03  7.770830E-08  1.065256E-04 -1.056864E-06  1.913671E-04 -1.354871E-02  2.038363E-08  2.038729E-08
  3.718000E+03 -2.457242E-07  1.062116E-04  5.408565E-08  1.919632E-04 -2.041665E-02  2.038447E-08  2.038914E-08
  3.719000E+03  4.386403E-07  1.061246E-04  1.184763E-07  1.920991E-04 -1.157433E-02  2.038507E-08  2.038682E-08
  3.720000E+03  1.717427E-07  1.065369E-04 -1.028353E-06  1.913518E-04 -1.581052E-02  2.038348E-08  2.038787E-08
  3.721000E+03 -2.737344E-07  1.061116E-04 -1.109048E-07  1.921381E-04 -1.921395E-02  2.038431E-08  2.038831E-08
  3.722000E+03  3.677591E-07  1.062376E-04  2.354044E-07  1.918914E-04 -1.089708E-02  2.038488E-08  2.038667E-08
  3.723000E+03  2.591745E-07  1.064923E-04 -9.607265E-07  1.914372E-04 -1.785238E-02  2.038334E-08  2.038822E-08
  3.724000E+03 -2.806066E-07  1.060521E-04 -2.807126E-07  1.922326E-04 -1.733807E-02  2.038361E-08  2.038686E-08
  3.725000E+03  2.862602E-07  1.063506E-04  3.189418E-07  1.916827E-04 -1.122839E-02  2.038428E-08  2.038645E-08
  3.726000E+03  3.338773E-07  1.064079E-04 -8.608741E-07  1.915927E-04 -1.930220E-02  2.038317E-08  2.038824E-08
  3.727000E+03 -2.657271E-07  1.060427E-04 -4.435528E-07  1.922391E-04 -1.522748E-02  2.038320E-08  2.038577E-08
  3.728000E+03  1.987446E-07  1.064411E-04  3.639183E-07  1.915159E-04 -1.242649E-02  2.038359E-08  2.038635E-08
  3.729000E+03  3.914925E-07  1.063037E-04 -7.343121E-07  1.917819E-04 -1.991634E-02  2.038309E-08  2.038803E-08
  3.730000E+03 -2.289733E-07  1.060823E-04 -5.907718E-07  1.921630E-04 -1.332529E-02  2.038327E-08  2.038536E-08
  3.731000E+03  1.069006E-07  1.064900E-04  3.686435E-07  1.914232E-04 -1.419766E-02  2.038260E-08  2.038603E-08
  3.732000E+03  4.293490E-07  1.062001E-04 -5.821473E-07  1.919660E-04 -1.955894E-02  2.038291E-08  2.038741E-08
  3.733000E+03 -1.714451E-07  1.061609E-04 -7.160609E-07  1.920179E-04 -1.202428E-02  2.038331E-08  2.038522E-08
  3.734000E+03  1.588883E-08  1.064894E-04  3.309120E-07  1.914215E-04 -1.615058E-02  2.038171E-08  2.038573E-08
  3.735000E+03  4.472825E-07  1.061189E-04 -4.146096E-07  1.921069E-04 -1.835599E-02  2.038273E-08  2.038659E-08
  3.736000E+03 -9.867679E-08  1.062623E-04 -8.143555E-07  1.918370E-04 -1.156580E-02  2.038367E-08  2.038574E-08
  3.737000E+03 -6.731817E-08  1.064470E-04  2.558791E-07  1.915079E-04 -1.788588E-02  2.038218E-08  2.038660E-08
  3.738000E+03  4.463912E-07  1.060748E-04 -2.466487E-07  1.921853E-04 -1.664171E-02  2.038320E-08  2.038635E-08
  3.739000E+03 -1.611817E-08  1.063653E-04 -8.831992E-07  1.916601E-04 -1.196911E-02  2.038453E-08  2.038702E-08
  3.740000E+03 -1.353303E-07  1.063742E-04  1.481730E-07  1.916593E-04 -1.908262E-02  2.038390E-08  2.038847E-08
  3.741000E+03  4.253452E-07  1.060739E-04 -9.197714E-08  1.921928E-04 -1.476940E-02  2.038441E-08  2.038692E-08
  3.742000E+03  7.135360E-08  1.064484E-04 -9.157473E-07  1.915205E-04 -1.310701E-02  2.038531E-08  2.038842E-08
  3.743000E+03 -1.830580E-07  1.062839E-04  1.323955E-08  1.918419E-04 -1.952397E-02  2.038582E-08  2.039028E-08
  3.744000E+03  3.840552E-07  1.061169E-04  3.925469E-08  1.921272E-04 -1.307546E-02  2.038621E-08  2.038826E-08
  3.745000E+03  1.587238E-07  1.064951E-04 -9.075296E-07  1.914472E-04 -1.476057E-02  2.038597E-08  2.038975E-08
  3.746000E+03 -2.097546E-07  1.061916E-04 -1.394835E-07  1.920206E-04 -1.911876E-02  2.038724E-08  2.039132E-08
  3.747000E+03  3.249357E-07  1.061981E-04  1.434803E-07  1.919950E-04 -1.189814E-02  2.038806E-08  2.038993E-08
  3.748000E+03  2.407097E-07  1.064971E-04 -8.588782E-07  1.914573E-04 -1.663605E-02  2.038682E-08  2.039119E-08
  3.749000E+03 -2.156965E-07  1.061141E-04 -2.991443E-07  1.921637E-04 -1.793466E-02  2.038800E-08  2.039151E-08
  3.750000E+03  2.513067E-07  1.063026E-04  2.184151E-07  1.918171E-04 -1.148423E-02  2.038932E-08  2.039132E-08
  3.751000E+03  3.118121E-07  1.064530E-04 -7.717594E-07  1.915517E-04 -1.836585E-02  2.038781E-08  2.039260E-08
  3.752000E+03 -2.026993E-07  1.060699E-04 -4.531393E-07  1.922417E-04 -1.618455E-02  2.038840E-08  2.039126E-08
  3.753000E+03  1.675433E-07  1.064079E-04  2.639637E-07  1.916328E-04 -1.195540E-02  2.038978E-08  2.039221E-08
  3.754000E+03  3.683141E-07  1.063698E-04 -6.517846E-07  1.917115E-04 -1.957171E-02  2.038842E-08  2.039335E-08
  3.755000E+03 -1.709471E-07  1.060711E-04 -5.938420E-07  1.922340E-04 -1.421700E-02  2.038842E-08  2.039071E-08
  3.756000E+03  7.843841E-08  1.064896E-04  2.763957E-07  1.914831E-04 -1.326430E-02  2.038916E-08  2.039223E-08
  3.757000E+03  4.052644E-07  1.062610E-04 -5.043487E-07  1.919051E-04 -1.994260E-02  2.038798E-08  2.039272E-08
  3.758000E+03 -1.190775E-07  1.061212E-04 -7.124690E-07  1.921318E-04 -1.244264E-02  2.038768E-08  2.038960E-08
  3.759000E+03 -8.897774E-09  1.065266E-04  2.468900E-07  1.914045E-04 -1.519395E-02  2.038731E-08  2.039111E-08
  3.760000E+03  4.199546E-07  1.061489E-04 -3.414217E-07  1.920926E-04 -1.929197E-02  2.038663E-08  2.039084E-08
  3.761000E+03 -4.783502E-08  1.062129E-04 -8.029408E-07  1.919497E-04 -1.128299E-02  2.038625E-08  2.038810E-08
  3.762000E+03 -8.824438E-08  1.065090E-04  1.716202E-07  1.914223E-04 -1.733217E-02  2.038514E-08  2.038958E-08
  3.763000E+03  4.125537E-07  1.060617E-04 -1.756487E-07  1.922297E-04 -1.773800E-02  2.038500E-08  2.038847E-08
  3.764000E+03  3.777421E-08  1.063266E-04 -8.613141E-07  1.917301E-04 -1.104962E-02  2.038477E-08  2.038691E-08
  3.765000E+03 -1.535757E-07  1.064396E-04  5.549058E-08  1.915374E-04 -1.917593E-02  2.038343E-08  2.038829E-08
  3.766000E+03  3.848140E-07  1.060222E-04 -2.063701E-08  1.922805E-04 -1.564498E-02  2.038351E-08  2.038620E-08
  3.767000E+03  1.295800E-07  1.064354E-04 -8.841197E-07  1.915252E-04 -1.184671E-02  2.038363E-08  2.038638E-08
  3.768000E+03 -2.014477E-07  1.063317E-04 -8.802827E-08  1.917254E-04 -2.027364E-02  2.038231E-08  2.038724E-08
  3.769000E+03  3.376096E-07  1.060396E-04  1.159449E-07  1.922319E-04 -1.344566E-02  2.038235E-08  2.038439E-08
  3.770000E+03  2.203782E-07  1.065156E-04 -8.669504E-07  1.913789E-04 -1.352075E-02  2.038297E-08  2.038652E-08
  3.771000E+03 -2.280186E-07  1.062087E-04 -2.477472E-07  1.919462E-04 -2.036969E-02  2.038213E-08  2.038679E-08
  3.772000E+03  2.716215E-07  1.061126E-04  2.257946E-07  1.920938E-04 -1.161475E-02  2.038220E-08  2.038385E-08
  3.773000E+03  3.037698E-07  1.065477E-04 -8.056997E-07  1.913273E-04 -1.573718E-02  2.038296E-08  2.038732E-08
  3.774000E+03 -2.297033E-07  1.060994E-04 -4.138749E-07  1.921493E-04 -1.941142E-02  2.038309E-08  2.038718E-08
  3.775000E+03  1.909797E-07  1.062247E-04  2.981746E-07  1.918966E-04 -1.060096E-02  2.038301E-08  2.038464E-08
  3.776000E+03  3.746458E-07  1.065211E-04 -7.042956E-07  1.913849E-04 -1.798046E-02  2.038323E-08  2.038823E-08
  3.777000E+03 -2.064198E-07  1.060280E-04 -5.762156E-07  1.922825E-04 -1.760492E-02  2.038417E-08  2.038753E-08
  3.778000E+03  1.022123E-07  1.063492E-04  3.273351E-07  1.916830E-04 -1.063995E-02  2.038417E-08  2.038614E-08
  3.779000E+03  4.288750E-07  1.064432E-04 -5.723212E-07  1.915344E-04 -1.974860E-02  2.038357E-08  2.038890E-08
  3.780000E+03 -1.609420E-07  1.060058E-04 -7.240947E-07  1.923203E-04 -1.536624E-02  2.038466E-08  2.038729E-08
  3.781000E+03  1.093237E-08  1.064610E-04  3.140474E-07  1.914944E-04 -1.166647E-02  2.038529E-08  2.038789E-08
  3.782000E+03  4.640949E-07  1.063319E-04 -4.190341E-07  1.917415E-04 -2.072378E-02  2.038387E-08  2.038918E-08
  3.783000E+03 -9.703699E-08  1.060338E-04 -8.495417E-07  1.922627E-04 -1.313512E-02  2.038460E-08  2.038664E-08
  3.784000E+03 -7.901614E-08  1.065390E-04  2.625925E-07  1.913624E-04 -1.345493E-02  2.038571E-08  2.038909E-08
  3.785000E+03  4.771429E-07  1.062094E-04 -2.494528E-07  1.919660E-04 -2.072341E-02  2.038423E-08  2.038919E-08
  3.786000E+03 -1.840587E-08  1.061075E-04 -9.430352E-07  1.921214E-04 -1.135110E-02  2.038421E-08  2.038595E-08
  3.787000E+03 -1.613349E-07  1.065672E-04  1.750188E-07  1.913131E-04 -1.567882E-02  2.038520E-08  2.038938E-08
  3.788000E+03  4.646017E-07  1.061003E-04 -7.330948E-08  1.921640E-04 -1.972586E-02  2.038470E-08  2.038902E-08
  3.789000E+03  7.029819E-08  1.062146E-04 -9.937272E-07  1.919244E-04 -1.036194E-02  2.038407E-08  2.038583E-08
  3.790000E+03 -2.294880E-07  1.065416E-04  5.508446E-08  1.913596E-04 -1.791457E-02  2.038449E-08  2.038933E-08
  3.791000E+03  4.274950E-07  1.060236E-04  9.538636E-08  1.922991E-04 -1.794595E-02  2.038496E-08  2.038848E-08
  3.792000E+03  1.646083E-07  1.063360E-04 -9.998531E-07  1.917085E-04 -1.031095E-02  2.038444E-08  2.038655E-08
  3.793000E+03 -2.795631E-07  1.064697E-04 -9.158178E-08  1.914923E-04 -1.976797E-02  2.038415E-08  2.038941E-08
  3.794000E+03  3.693837E-07  1.059886E-04  2.457268E-07  1.923542E-04 -1.572188E-02  2.038483E-08  2.038753E-08
  3.795000E+03  2.608257E-07  1.064543E-04 -9.654038E-07  1.915046E-04 -1.116301E-02  2.038521E-08  2.038795E-08
  3.796000E+03 -3.080960E-07  1.063642E-04 -2.605114E-07  1.916919E-04 -2.095941E-02  2.038468E-08  2.039005E-08
  3.797000E+03  2.953764E-07  1.060024E-04  3.663801E-07  1.923256E-04 -1.337577E-02  2.038515E-08  2.038714E-08
  3.798000E+03  3.529910E-07  1.065505E-04 -8.955457E-07  1.913464E-04 -1.280642E-02  2.038639E-08  2.038995E-08
  3.799000E+03 -3.114639E-07  1.062420E-04 -4.428291E-07  1.919282E-04 -2.127649E-02  2.038623E-08  2.039141E-08
  3.800000E+03  2.091248E-07  1.060669E-04  4.469421E-07  1.922143E-04 -1.130876E-02  2.038627E-08  2.038778E-08
  3.801000E+03  4.352637E-07  1.066056E-04 -7.926197E-07  1.912658E-04 -1.502734E-02  2.038770E-08  2.039215E-08
  3.802000E+03 -2.871641E-07  1.061208E-04 -6.289401E-07  1.921607E-04 -2.061469E-02  2.038792E-08  2.039261E-08
  3.803000E+03  1.125826E-07  1.061741E-04  4.807123E-07  1.920288E-04 -9.894675E-03  2.038749E-08  2.038884E-08
  3.804000E+03  5.018796E-07  1.066042E-04 -6.556201E-07  1.912823E-04 -1.748494E-02  2.038838E-08  2.039362E-08
  3.805000E+03 -2.396179E-07  1.060197E-04 -8.034791E-07  1.923468E-04 -1.897868E-02  2.038888E-08  2.039283E-08
  3.806000E+03  1.149634E-08  1.063103E-04  4.716581E-07  1.917918E-04 -9.412003E-03  2.038854E-08  2.039012E-08
  3.807000E+03  5.485261E-07  1.065430E-04 -4.924043E-07  1.914021E-04 -1.979401E-02  2.038856E-08  2.039437E-08
  3.808000E+03 -1.750428E-07  1.059586E-04 -9.524603E-07  1.924518E-04 -1.658354E-02  2.038911E-08  2.039220E-08
  3.809000E+03 -8.848786E-08  1.064519E-04  4.274431E-07  1.915424E-04 -1.001888E-02  2.038904E-08  2.039123E-08
  3.810000E+03  5.698696E-07  1.064285E-04 -3.097545E-07  1.916101E-04 -2.150978E-02  2.038807E-08  2.039409E-08
  3.811000E+03 -9.467060E-08  1.059529E-04 -1.064113E-06  1.924456E-04 -1.385499E-02  2.038822E-08  2.039050E-08
  3.812000E+03 -1.815378E-07  1.065679E-04  3.455520E-07  1.913298E-04 -1.169649E-02  2.038822E-08  2.039130E-08
  3.813000E+03  5.638602E-07  1.062795E-04 -1.176362E-07  1.918699E-04 -2.218002E-02  2.038681E-08  2.039263E-08
  3.814000E+03  5.419933E-10  1.060095E-04 -1.133498E-06  1.923174E-04 -1.134844E-02  2.038616E-08  2.038787E-08
  3.815000E+03 -2.632108E-07  1.066321E-04  2.241065E-07  1.912037E-04 -1.418080E-02  2.038640E-08  2.039049E-08
  3.816000E+03  5.330422E-07  1.061268E-04  7.284656E-08  1.921298E-04 -2.158569E-02  2.038538E-08  2.039057E-08
  3.817000E+03  1.069598E-07  1.061209E-04 -1.162620E-06  1.920908E-04 -9.598338E-03  2.038391E-08  2.038543E-08
  3.818000E+03 -3.281161E-07  1.066304E-04  6.579902E-08  1.911966E-04 -1.700337E-02  2.038442E-08  2.038944E-08
  3.819000E+03  4.788701E-07  1.060024E-04  2.496170E-07  1.923357E-04 -1.982844E-02  2.038405E-08  2.038832E-08
  3.820000E+03  2.172000E-07  1.062646E-04 -1.148083E-06  1.918141E-04 -8.949417E-03  2.038224E-08  2.038399E-08
  3.821000E+03 -3.706114E-07  1.065629E-04 -1.193625E-07  1.913103E-04 -1.959468E-02  2.038266E-08  2.038834E-08
  3.822000E+03  4.038010E-07  1.059298E-04  3.992350E-07  1.924456E-04 -1.727459E-02  2.038267E-08  2.038591E-08
  3.823000E+03  3.235382E-07  1.064120E-04 -1.088218E-06  1.915419E-04 -9.500137E-03  2.038145E-08  2.038382E-08
  3.824000E+03 -3.882010E-07  1.064436E-04 -3.179919E-07  1.915192E-04 -2.146505E-02  2.038130E-08  2.038727E-08
  3.825000E+03  3.108610E-07  1.059212E-04  5.140969E-07  1.924408E-04 -1.442436E-02  2.038144E-08  2.038373E-08
  3.826000E+03  4.214865E-07  1.065348E-04 -9.852635E-07  1.913231E-04 -1.114457E-02  2.038131E-08  2.038455E-08
  3.827000E+03 -3.805971E-07  1.062968E-04 -5.213174E-07  1.917835E-04 -2.224347E-02  2.038092E-08  2.038678E-08
  3.828000E+03  2.044409E-07  1.059764E-04  5.898674E-07  1.923259E-04 -1.183036E-02  2.038059E-08  2.038219E-08
  3.829000E+03  5.057749E-07  1.066087E-04 -8.435352E-07  1.911970E-04 -1.355133E-02  2.038139E-08  2.038560E-08
  3.830000E+03 -3.470566E-07  1.061533E-04 -7.193848E-07  1.920469E-04 -2.180574E-02  2.038158E-08  2.038693E-08
  3.831000E+03  9.243433E-08  1.060837E-04  6.183000E-07  1.921300E-04 -9.984479E-03  2.038085E-08  2.038214E-08
  3.832000E+03  5.693366E-07  1.066246E-04 -6.728479E-07  1.911845E-04 -1.625086E-02  2.038228E-08  2.038736E-08
  3.833000E+03 -2.886786E-07  1.060393E-04 -8.970538E-07  1.922643E-04 -2.030976E-02  2.038336E-08  2.038794E-08
  3.834000E+03 -1.685143E-08  1.062222E-04  5.944956E-07  1.918956E-04 -9.146129E-03  2.038272E-08  2.038409E-08
  3.835000E+03  6.076431E-07  1.065842E-04 -4.860204E-07  1.912804E-04 -1.878183E-02  2.038387E-08  2.038959E-08
  3.836000E+03 -2.080777E-07  1.059675E-04 -1.042988E-06  1.924044E-04 -1.808388E-02  2.038529E-08  2.038898E-08
  3.837000E+03 -1.190401E-07  1.063657E-04  5.199637E-07  1.916583E-04 -9.354026E-03  2.038497E-08  2.038678E-08
  3.838000E+03  6.198198E-07  1.064946E-04 -2.910980E-07  1.914608E-04 -2.073304E-02  2.038515E-08  2.039120E-08
  3.839000E+03 -1.102281E-07  1.059440E-04 -1.151173E-06  1.924460E-04 -1.551944E-02  2.038604E-08  2.038888E-08
  3.840000E+03 -2.106851E-07  1.064898E-04  4.017512E-07  1.914480E-04 -1.053138E-02  2.038613E-08  2.038864E-08
  3.841000E+03  6.052295E-07  1.063721E-04 -9.446112E-08  1.916931E-04 -2.178650E-02  2.038595E-08  2.039193E-08
  3.842000E+03 -3.826159E-09  1.059739E-04 -1.212889E-06  1.923861E-04 -1.302871E-02  2.038617E-08  2.038833E-08
  3.843000E+03 -2.857719E-07  1.065786E-04  2.521867E-07  1.913004E-04 -1.248588E-02  2.038694E-08  2.039031E-08
  3.844000E+03  5.639373E-07  1.062419E-04  9.174854E-08  1.919413E-04 -2.182618E-02  2.038735E-08  2.039291E-08
  3.845000E+03  1.039274E-07  1.060521E-04 -1.222107E-06  1.922452E-04 -1.103038E-02  2.038676E-08  2.038852E-08
  3.846000E+03 -3.409361E-07  1.066212E-04  8.286085E-08  1.912393E-04 -1.488396E-02  2.038790E-08  2.039215E-08
  3.847000E+03  4.973311E-07  1.061220E-04  2.595831E-07  1.921661E-04 -2.093513E-02  2.038857E-08  2.039345E-08
  3.848000E+03  2.107555E-07  1.061640E-04 -1.179666E-06  1.920463E-04 -9.774543E-03  2.038743E-08  2.038909E-08
  3.849000E+03 -3.751447E-07  1.066095E-04 -1.025342E-07  1.912703E-04 -1.734479E-02  2.038817E-08  2.039318E-08
  3.850000E+03  4.122282E-07  1.060258E-04  4.011345E-07  1.923346E-04 -1.921781E-02  2.038867E-08  2.039269E-08
  3.851000E+03  3.120101E-07  1.062935E-04 -1.095288E-06  1.918117E-04 -9.419656E-03  2.038742E-08  2.038932E-08
  3.852000E+03 -3.868182E-07  1.065448E-04 -2.960102E-07  1.913895E-04 -1.951055E-02  2.038767E-08  2.039321E-08
  3.853000E+03  3.178675E-07  1.059690E-04  5.053237E-07  1.924225E-04 -1.690466E-02  2.038791E-08  2.039100E-08
  3.854000E+03  4.016612E-07  1.064241E-04 -9.823806E-07  1.915749E-04 -1.004379E-02  2.038716E-08  2.038961E-08
  3.855000E+03 -3.713063E-07  1.064379E-04 -4.894288E-07  1.915834E-04 -2.107636E-02  2.038720E-08  2.039296E-08
  3.856000E+03  2.171208E-07  1.059618E-04  5.603496E-07  1.924169E-04 -1.436477E-02  2.038674E-08  2.038898E-08
  3.857000E+03  4.741492E-07  1.065342E-04 -8.419563E-07  1.913765E-04 -1.155296E-02  2.038679E-08  2.039003E-08
  3.858000E+03 -3.282260E-07  1.063066E-04 -6.719462E-07  1.918214E-04 -2.176100E-02  2.038706E-08  2.039270E-08
  3.859000E+03  1.128469E-07  1.060092E-04  5.629969E-07  1.923167E-04 -1.202630E-02  2.038586E-08  2.038748E-08
  3.860000E+03  5.272489E-07  1.066031E-04 -6.778565E-07  1.912554E-04 -1.373666E-02  2.038648E-08  2.039060E-08
  3.861000E+03 -2.651403E-07  1.061725E-04 -8.326206E-07  1.920639E-04 -2.138906E-02  2.038724E-08  2.039242E-08
  3.862000E+03  1.099885E-08  1.061060E-04  5.233691E-07  1.921347E-04 -1.030333E-02  2.038557E-08  2.038689E-08
  3.863000E+03  5.573837E-07  1.066151E-04 -4.989829E-07  1.912373E-04 -1.625989E-02  2.038608E-08  2.039099E-08
  3.864000E+03 -1.881377E-07  1.060581E-04 -9.590553E-07  1.922642E-04 -1.998797E-02  2.038711E-08  2.039156E-08
  3.865000E+03 -8.113437E-08  1.062339E-04  4.474649E-07  1.918992E-04 -9.516395E-03  2.038527E-08  2.038668E-08
  3.866000E+03  5.600576E-07  1.065667E-04 -3.161359E-07  1.913245E-04 -1.866169E-02  2.038527E-08  2.039076E-08
  3.867000E+03 -9.964190E-08  1.059825E-04 -1.040143E-06  1.923824E-04 -1.782770E-02  2.038593E-08  2.038950E-08
  3.868000E+03 -1.585167E-07  1.063674E-04  3.358453E-07  1.916526E-04 -9.775459E-03  2.038462E-08  2.038648E-08
  3.869000E+03  5.368869E-07  1.064695E-04 -1.408176E-07  1.914958E-04 -2.050313E-02  2.038418E-08  2.038993E-08
  3.870000E+03 -2.795117E-09  1.059590E-04 -1.076442E-06  1.924004E-04 -1.533948E-02  2.038414E-08  2.038688E-08
  3.871000E+03 -2.203688E-07  1.064805E-04  1.941579E-07  1.914423E-04 -1.100290E-02  2.038365E-08  2.038622E-08
  3.872000E+03  4.926526E-07  1.063456E-04  2.131509E-08  1.917166E-04 -2.142011E-02  2.038353E-08  2.038917E-08
  3.873000E+03  9.725579E-08  1.059918E-04 -1.073158E-06  1.923191E-04 -1.303839E-02  2.038251E-08  2.038461E-08
  3.874000E+03 -2.639001E-07  1.065517E-04  3.035716E-08  1.913111E-04 -1.292998E-02  2.038282E-08  2.038620E-08
  3.875000E+03  4.309615E-07  1.062203E-04  1.615690E-07  1.919397E-04 -2.127939E-02  2.038329E-08  2.038846E-08
  3.876000E+03  1.936576E-07  1.060710E-04 -1.031672E-06  1.921614E-04 -1.134236E-02  2.038145E-08  2.038322E-08
  3.877000E+03 -2.857571E-07  1.065705E-04 -1.446548E-07  1.912757E-04 -1.518174E-02  2.038200E-08  2.038613E-08
  3.878000E+03  3.542953E-07  1.061143E-04  2.710824E-07  1.921243E-04 -2.018450E-02  2.038299E-08  2.038745E-08
  3.879000E+03  2.798923E-07  1.061797E-04 -9.513975E-07  1.919603E-04 -1.046783E-02  2.038117E-08  2.038294E-08
  3.880000E+03 -2.847219E-07  1.065389E-04 -3.188225E-07  1.913333E-04 -1.736212E-02  2.038136E-08  2.038609E-08
  3.881000E+03  2.673014E-07  1.060406E-04  3.434318E-07  1.922440E-04 -1.841348E-02  2.038222E-08  2.038585E-08
  3.882000E+03  3.497691E-07  1.062950E-04 -8.363746E-07  1.917507E-04 -1.044891E-02  2.038103E-08  2.038307E-08
  3.883000E+03 -2.608947E-07  1.064695E-04 -4.796207E-07  1.914619E-04 -1.909696E-02  2.038114E-08  2.038621E-08
  3.884000E+03  1.749202E-07  1.060087E-04  3.745915E-07  1.922883E-04 -1.635571E-02  2.038152E-08  2.038437E-08
  3.885000E+03  3.995462E-07  1.063987E-04 -6.933293E-07  1.915689E-04 -1.120088E-02  2.038141E-08  2.038394E-08
  3.886000E+03 -2.155629E-07  1.063804E-04 -6.184286E-07  1.916372E-04 -2.012202E-02  2.038232E-08  2.038747E-08
  3.887000E+03  8.502599E-08  1.060242E-04  3.604116E-07  1.922628E-04 -1.437403E-02  2.038240E-08  2.038462E-08
  3.888000E+03  4.270249E-07  1.064790E-04 -5.362037E-07  1.914454E-04 -1.257708E-02  2.038330E-08  2.038643E-08
  3.889000E+03 -1.522495E-07  1.062880E-04 -7.278142E-07  1.918319E-04 -2.036849E-02  2.038521E-08  2.039016E-08
  3.890000E+03  5.635622E-09  1.060791E-04  3.011122E-07  1.921819E-04 -1.274400E-02  2.038483E-08  2.038664E-08
  3.891000E+03  4.323850E-07  1.065255E-04 -3.812606E-07  1.913905E-04 -1.431830E-02  2.038588E-08  2.038962E-08
  3.892000E+03 -7.479639E-08  1.061998E-04 -8.048514E-07  1.920135E-04 -1.990863E-02  2.038775E-08  2.039229E-08
  3.893000E+03 -6.025281E-08  1.061576E-04  2.018483E-07  1.920558E-04 -1.161104E-02  2.038681E-08  2.038845E-08
  3.894000E+03  4.169784E-07  1.065318E-04 -2.356814E-07  1.913979E-04 -1.613546E-02  2.038731E-08  2.039159E-08
  3.895000E+03  9.906194E-09  1.061244E-04 -8.463622E-07  1.921545E-04 -1.884654E-02  2.038867E-08  2.039266E-08
  3.896000E+03 -1.101662E-07  1.062492E-04  7.434929E-08  1.918985E-04 -1.108210E-02  2.038782E-08  2.038953E-08
  3.897000E+03  3.837930E-07  1.065008E-04 -1.069917E-07  1.914660E-04 -1.777859E-02  2.038806E-08  2.039272E-08
  3.898000E+03  9.125773E-08  1.060744E-04 -8.492807E-07  1.922413E-04 -1.734879E-02  2.038880E-08  2.039218E-08
  3.899000E+03 -1.410021E-07  1.063447E-04 -6.273817E-08  1.917335E-04 -1.124069E-02  2.038855E-08  2.039058E-08
  3.900000E+03  3.315601E-07  1.064401E-04 -3.402388E-10  1.915887E-04 -1.905078E-02  2.038903E-08  2.039387E-08
  3.901000E+03  1.639721E-07  1.060578E-04 -8.065349E-07  1.922677E-04 -1.563577E-02  2.038900E-08  2.039178E-08
  3.902000E+03 -1.499697E-07  1.064293E-04 -2.011799E-07  1.915874E-04 -1.206067E-02  2.038904E-08  2.039157E-08
  3.903000E+03  2.629479E-07  1.063579E-04  7.638203E-08  1.917460E-04 -1.977381E-02  2.038972E-08  2.039450E-08
  3.904000E+03  2.258649E-07  1.060759E-04 -7.216176E-07  1.922276E-04 -1.397217E-02  2.038873E-08  2.039102E-08
  3.905000E+03 -1.407619E-07  1.064859E-04 -3.334268E-07  1.914841E-04 -1.338790E-02  2.038853E-08  2.039165E-08
  3.906000E+03  1.883490E-07  1.062671E-04  1.217043E-07  1.919071E-04 -1.980100E-02  2.038941E-08  2.039392E-08
  3.907000E+03  2.751582E-07  1.061257E-04 -6.138907E-07  1.921241E-04 -1.265641E-02  2.038768E-08  2.038967E-08
  3.908000E+03 -1.149598E-07  1.065044E-04 -4.545534E-07  1.914432E-04 -1.497856E-02  2.038725E-08  2.039094E-08
  3.909000E+03  1.150035E-07  1.061824E-04  1.326093E-07  1.920428E-04 -1.914209E-02  2.038783E-08  2.039187E-08
  3.910000E+03  3.079045E-07  1.061998E-04 -4.945252E-07  1.919748E-04 -1.188923E-02  2.038624E-08  2.038817E-08
  3.911000E+03 -7.057946E-08  1.064850E-04 -5.583251E-07  1.914701E-04 -1.659057E-02  2.038590E-08  2.039005E-08
  3.912000E+03  4.642297E-08  1.061181E-04  1.021060E-07  1.921365E-04 -1.792247E-02  2.038588E-08  2.038934E-08
  3.913000E+03  3.219281E-07  1.062863E-04 -3.687159E-07  1.918071E-04 -1.176840E-02  2.038506E-08  2.038717E-08
  3.914000E+03 -1.050618E-08  1.064347E-04 -6.379014E-07  1.915594E-04 -1.796500E-02  2.038527E-08  2.038973E-08
  3.915000E+03 -1.644447E-08  1.060867E-04  3.518079E-08  1.921781E-04 -1.636415E-02  2.038481E-08  2.038767E-08
  3.916000E+03  3.181442E-07  1.063676E-04 -2.391512E-07  1.916558E-04 -1.229726E-02  2.038443E-08  2.038691E-08
  3.917000E+03  5.859070E-08  1.063651E-04 -6.894154E-07  1.916896E-04 -1.884572E-02  2.038546E-08  2.039001E-08
  3.918000E+03 -6.799948E-08  1.060918E-04 -5.955518E-08  1.921603E-04 -1.482287E-02  2.038439E-08  2.038679E-08
  3.919000E+03  2.941101E-07  1.064248E-04 -1.149923E-07  1.915508E-04 -1.332242E-02  2.038394E-08  2.038688E-08
  3.920000E+03  1.301672E-07  1.062872E-04 -7.023594E-07  1.918263E-04 -1.909978E-02  2.038495E-08  2.038938E-08
  3.921000E+03 -1.022248E-07  1.061273E-04 -1.741007E-07  1.920849E-04 -1.357678E-02  2.038358E-08  2.038568E-08
  3.922000E+03  2.502739E-07  1.064478E-04 -8.714178E-09  1.915018E-04 -1.462936E-02  2.038277E-08  2.038615E-08
  3.923000E+03  1.993679E-07  1.062131E-04 -6.734800E-07  1.919441E-04 -1.870198E-02  2.038340E-08  2.038751E-08
  3.924000E+03 -1.170227E-07  1.061849E-04 -3.004934E-07  1.919661E-04 -1.280657E-02  2.038224E-08  2.038428E-08
  3.925000E+03  1.912761E-07  1.064385E-04  7.149787E-08  1.915115E-04 -1.598170E-02  2.038159E-08  2.038535E-08
  3.926000E+03  2.612368E-07  1.061570E-04 -6.078617E-07  1.920285E-04 -1.779430E-02  2.038194E-08  2.038560E-08
  3.927000E+03 -1.101563E-07  1.062518E-04 -4.306891E-07  1.918352E-04 -1.257147E-02  2.038123E-08  2.038340E-08
  3.928000E+03  1.216391E-07  1.064071E-04  1.172798E-07  1.915702E-04 -1.712280E-02  2.038145E-08  2.038545E-08
  3.929000E+03  3.127209E-07  1.061273E-04 -5.119797E-07  1.920745E-04 -1.664818E-02  2.038153E-08  2.038473E-08
  3.930000E+03 -8.118272E-08  1.063163E-04 -5.589315E-07  1.917226E-04 -1.279324E-02  2.038156E-08  2.038401E-08
  3.931000E+03  4.548214E-08  1.063648E-04  1.242173E-07  1.916596E-04 -1.791455E-02  2.038257E-08  2.038667E-08
  3.932000E+03  3.502055E-07  1.061250E-04 -3.910187E-07  1.920843E-04 -1.550725E-02  2.038249E-08  2.038530E-08
  3.933000E+03 -3.300951E-08  1.063683E-04 -6.754696E-07  1.916413E-04 -1.339566E-02  2.038272E-08  2.038553E-08
  3.934000E+03 -2.966088E-08  1.063148E-04  9.170713E-08  1.917627E-04 -1.828443E-02  2.038380E-08  2.038786E-08
  3.935000E+03  3.671945E-07  1.061445E-04 -2.545598E-07  1.920552E-04 -1.450854E-02  2.038345E-08  2.038598E-08
  3.936000E+03  3.076914E-08  1.064001E-04 -7.641749E-07  1.915927E-04 -1.426728E-02  2.038341E-08  2.038660E-08
  3.937000E+03 -9.888662E-08  1.062608E-04  2.277629E-08  1.918630E-04 -1.820574E-02  2.038414E-08  2.038802E-08
  3.938000E+03  3.606367E-07  1.061801E-04 -1.098453E-07  1.919898E-04 -1.373980E-02  2.038358E-08  2.038594E-08
  3.939000E+03  1.058811E-07  1.064099E-04 -8.152612E-07  1.915793E-04 -1.524554E-02  2.038357E-08  2.038712E-08
  3.940000E+03 -1.585569E-07  1.062140E-04 -7.710337E-08  1.919470E-04 -1.773101E-02  2.038427E-08  2.038787E-08
  3.941000E+03  3.324175E-07  1.062299E-04  3.420125E-08  1.919042E-04 -1.331050E-02  2.038415E-08  2.038648E-08
  3.942000E+03  1.865257E-07  1.064032E-04 -8.275540E-07  1.916071E-04 -1.619255E-02  2.038494E-08  2.038877E-08
  3.943000E+03 -2.033448E-07  1.061845E-04 -2.008333E-07  1.920117E-04 -1.698402E-02  2.038573E-08  2.038902E-08
  3.944000E+03  2.846978E-07  1.062884E-04  1.650268E-07  1.918185E-04 -1.326439E-02  2.038629E-08  2.038873E-08
  3.945000E+03  2.701367E-07  1.063821E-04 -8.032000E-07  1.916728E-04 -1.700193E-02  2.038760E-08  2.039164E-08
  3.946000E+03 -2.277042E-07  1.061724E-04 -3.480022E-07  1.920515E-04 -1.607767E-02  2.038793E-08  2.039091E-08
  3.947000E+03  2.183712E-07  1.063443E-04  2.707223E-07  1.917399E-04 -1.358075E-02  2.038855E-08  2.039121E-08
  3.948000E+03  3.515687E-07  1.063445E-04 -7.395925E-07  1.917620E-04 -1.756242E-02  2.038970E-08  2.039380E-08
  3.949000E+03 -2.273379E-07  1.061767E-04 -5.119470E-07  1.920536E-04 -1.510984E-02  2.038930E-08  2.039202E-08
  3.950000E+03  1.387919E-07  1.063850E-04  3.380719E-07  1.916754E-04 -1.421356E-02  2.038933E-08  2.039228E-08
  3.951000E+03  4.221495E-07  1.062963E-04 -6.400709E-07  1.918565E-04 -1.774093E-02  2.039042E-08  2.039445E-08
  3.952000E+03 -2.030419E-07  1.062012E-04 -6.745608E-07  1.920125E-04 -1.426538E-02  2.038987E-08  2.039243E-08
  3.953000E+03  5.036560E-08  1.064039E-04  3.649061E-07  1.916456E-04 -1.505768E-02  2.038952E-08  2.039278E-08
  3.954000E+03  4.769636E-07  1.062496E-04 -5.092823E-07  1.919403E-04 -1.749279E-02  2.039046E-08  2.039429E-08
  3.955000E+03 -1.561860E-07  1.062436E-04 -8.247942E-07  1.919383E-04 -1.374537E-02  2.039030E-08  2.039285E-08
  3.956000E+03 -4.577491E-08  1.063995E-04  3.530078E-07  1.916594E-04 -1.596839E-02  2.038986E-08  2.039338E-08
  3.957000E+03  5.118043E-07  1.062120E-04 -3.459039E-07  1.920012E-04 -1.688096E-02  2.038994E-08  2.039345E-08
  3.958000E+03 -8.804680E-08  1.062932E-04 -9.531020E-07  1.918453E-04 -1.362344E-02  2.038996E-08  2.039266E-08
  3.959000E+03 -1.424802E-07  1.063733E-04  2.988254E-07  1.917088E-04 -1.676272E-02  2.038983E-08  2.039353E-08
  3.960000E+03  5.237936E-07  1.061888E-04 -1.618396E-07  1.920296E-04 -1.602869E-02  2.038877E-08  2.039195E-08
  3.961000E+03 -3.832082E-09  1.063367E-04 -1.049245E-06  1.917523E-04 -1.388198E-02  2.038833E-08  2.039129E-08
  3.962000E+03 -2.312650E-07  1.063307E-04  2.055640E-07  1.917744E-04 -1.730225E-02  2.038845E-08  2.039223E-08
  3.963000E+03  5.110395E-07  1.061848E-04  2.747875E-08  1.920184E-04 -1.512254E-02  2.038711E-08  2.038998E-08
  3.964000E+03  9.440116E-08  1.063647E-04 -1.107662E-06  1.916812E-04 -1.444143E-02  2.038599E-08  2.038926E-08
  3.965000E+03 -3.061016E-07  1.062813E-04  7.219974E-08  1.918411E-04 -1.748146E-02  2.038600E-08  2.038974E-08
  3.966000E+03  4.741663E-07  1.062014E-04  2.094049E-07  1.919674E-04 -1.439533E-02  2.038510E-08  2.038777E-08
  3.967000E+03  2.016382E-07  1.063712E-04 -1.125317E-06  1.916496E-04 -1.516948E-02  2.038365E-08  2.038723E-08
  3.968000E+03 -3.621666E-07  1.062364E-04 -9.531734E-08  1.918970E-04 -1.722916E-02  2.038342E-08  2.038700E-08
  3.969000E+03  4.172719E-07  1.062340E-04  3.707405E-07  1.918881E-04 -1.401953E-02  2.038304E-08  2.038567E-08
  3.970000E+03  3.097725E-07  1.063598E-04 -1.103509E-06  1.916608E-04 -1.589952E-02  2.038242E-08  2.038624E-08
  3.971000E+03 -3.956798E-07  1.062056E-04 -2.839321E-07  1.919354E-04 -1.666393E-02  2.038178E-08  2.038515E-08
  3.972000E+03  3.404768E-07  1.062739E-04  5.037866E-07  1.918059E-04 -1.398912E-02  2.038197E-08  2.038469E-08
  3.973000E+03  4.141291E-07  1.063381E-04 -1.038480E-06  1.917028E-04 -1.651597E-02  2.038253E-08  2.038650E-08
  3.974000E+03 -4.045848E-07  1.061923E-04 -4.860101E-07  1.919576E-04 -1.594360E-02  2.038182E-08  2.038497E-08
  3.975000E+03  2.434423E-07  1.063121E-04  6.047003E-07  1.917374E-04 -1.424377E-02  2.038195E-08  2.038484E-08
  3.976000E+03  5.100382E-07  1.063070E-04 -9.255531E-07  1.917624E-04 -1.694012E-02  2.038277E-08  2.038680E-08
  3.977000E+03 -3.884680E-07  1.061971E-04 -6.925211E-07  1.919535E-04 -1.520306E-02  2.038255E-08  2.038553E-08
  3.978000E+03  1.319038E-07  1.063388E-04  6.677441E-07  1.916913E-04 -1.475212E-02  2.038201E-08  2.038511E-08
  3.979000E+03  5.886509E-07  1.062704E-04 -7.686836E-07  1.918268E-04 -1.705304E-02  2.038254E-08  2.038652E-08
  3.980000E+03 -3.448214E-07  1.062162E-04 -8.878303E-07  1.919173E-04 -1.461318E-02  2.038256E-08  2.038546E-08
  3.981000E+03  1.234789E-08  1.063494E-04  6.823281E-07  1.916727E-04 -1.537842E-02  2.038186E-08  2.038519E-08
  3.982000E+03  6.447228E-07  1.062364E-04 -5.764186E-07  1.918839E-04 -1.683674E-02  2.038216E-08  2.038596E-08
  3.983000E+03 -2.735643E-07  1.062456E-04 -1.061468E-06  1.918623E-04 -1.425235E-02  2.038245E-08  2.038537E-08
  3.984000E+03 -1.103254E-07  1.063476E-04  6.440982E-07  1.916827E-04 -1.599794E-02  2.038239E-08  2.038589E-08
  3.985000E+03  6.775687E-07  1.062132E-04 -3.580178E-07  1.919302E-04 -1.638613E-02  2.038277E-08  2.038635E-08
  3.986000E+03 -1.785262E-07  1.062839E-04 -1.208781E-06  1.918034E-04 -1.415764E-02  2.038356E-08  2.038661E-08
  3.987000E+03 -2.278761E-07  1.063365E-04  5.536993E-07  1.917218E-04 -1.655854E-02  2.038423E-08  2.038788E-08
  3.988000E+03  6.846679E-07  1.062035E-04 -1.278824E-07  1.919644E-04 -1.577781E-02  2.038476E-08  2.038808E-08
  3.989000E+03 -6.625153E-08  1.063257E-04 -1.319106E-06  1.917481E-04 -1.433974E-02  2.038565E-08  2.038891E-08
  3.990000E+03 -3.307684E-07  1.063128E-04  4.161234E-07  1.917844E-04 -1.700296E-02  2.038620E-08  2.038992E-08
  3.991000E+03  6.625822E-07  1.062054E-04  9.776782E-08  1.919749E-04 -1.507126E-02  2.038645E-08  2.038951E-08
  3.992000E+03  5.694767E-08  1.063599E-04 -1.380132E-06  1.916996E-04 -1.476532E-02  2.038692E-08  2.039045E-08
  3.993000E+03 -4.134527E-07  1.062773E-04  2.393063E-07  1.918568E-04 -1.720680E-02  2.038699E-08  2.039070E-08
  3.994000E+03  6.103312E-07  1.062198E-04  3.086202E-07  1.919511E-04 -1.439305E-02  2.038689E-08  2.038974E-08
  3.995000E+03  1.857047E-07  1.063790E-04 -1.385298E-06  1.916681E-04 -1.537950E-02  2.038706E-08  2.039087E-08
  3.996000E+03 -4.725752E-07  1.062386E-04  3.116213E-08  1.919281E-04 -1.706634E-02  2.038720E-08  2.039079E-08
  3.997000E+03  5.324995E-07  1.062522E-04  4.940129E-07  1.918966E-04 -1.389574E-02  2.038747E-08  2.039022E-08
  3.998000E+03  3.132080E-07  1.063822E-04 -1.337989E-06  1.916719E-04 -1.612172E-02  2.038782E-08  2.039189E-08
  3.999000E+03 -5.068045E-07  1.062075E-04 -1.957605E-07  1.919914E-04 -1.658481E-02  2.038812E-08  2.039151E-08
  4.000000E+03  4.348005E-07  1.063011E-04  6.463825E-07  1.918234E-04 -1.371711E-02  2.038912E-08  2.039190E-08
  4.001000E+03  4.334496E-07  1.063654E-04 -1.244546E-06  1.917187E-04 -1.688314E-02  2.038934E-08  2.039361E-08
  4.002000E+03 -5.138255E-07  1.061893E-04 -4.313700E-07  1.920323E-04 -1.580322E-02  2.038923E-08  2.039236E-08
  4.003000E+03  3.220213E-07  1.063530E-04  7.569814E-07  1.917413E-04 -1.394019E-02  2.039029E-08  2.039325E-08
  4.004000E+03  5.385238E-07  1.063266E-04 -1.107823E-06  1.917989E-04 -1.745231E-02  2.039022E-08  2.039456E-08
  4.005000E+03 -4.915135E-07  1.061889E-04 -6.615981E-07  1.920326E-04 -1.484499E-02  2.038949E-08  2.039237E-08
  4.006000E+03  1.997026E-07  1.063938E-04  8.167995E-07  1.916666E-04 -1.456935E-02  2.038998E-08  2.039323E-08
  4.007000E+03  6.237564E-07  1.062741E-04 -9.349554E-07  1.918941E-04 -1.764317E-02  2.039021E-08  2.039446E-08
  4.008000E+03 -4.413049E-07  1.062121E-04 -8.758238E-07  1.919874E-04 -1.394801E-02  2.038940E-08  2.039212E-08
  4.009000E+03  6.998741E-08  1.064130E-04  8.268896E-07  1.916259E-04 -1.550176E-02  2.038904E-08  2.039262E-08
  4.010000E+03  6.885084E-07  1.062207E-04 -7.297025E-07  1.919822E-04 -1.738659E-02  2.038939E-08  2.039341E-08
  4.011000E+03 -3.667464E-07  1.062551E-04 -1.069728E-06  1.919038E-04 -1.336273E-02  2.038893E-08  2.039164E-08
  4.012000E+03 -6.094493E-08  1.064052E-04  7.890921E-07  1.916338E-04 -1.650767E-02  2.038806E-08  2.039193E-08
  4.013000E+03  7.283413E-07  1.061771E-04 -5.006837E-07  1.920431E-04 -1.671940E-02  2.038773E-08  2.039141E-08
  4.014000E+03 -2.716258E-07  1.063079E-04 -1.231152E-06  1.917955E-04 -1.324769E-02  2.038759E-08  2.039048E-08
  4.015000E+03 -1.841570E-07  1.063701E-04  7.033710E-07  1.916867E-04 -1.738453E-02  2.038666E-08  2.039071E-08
  4.016000E+03  7.377130E-07  1.061517E-04 -2.611166E-07  1.920654E-04 -1.572427E-02  2.038555E-08  2.038882E-08
  4.017000E+03 -1.589690E-07  1.063599E-04 -1.346369E-06  1.916839E-04 -1.361940E-02  2.038558E-08  2.038879E-08
  4.018000E+03 -2.929767E-07  1.063152E-04  5.700987E-07  1.917717E-04 -1.797482E-02  2.038495E-08  2.038906E-08
  4.019000E+03  7.159916E-07  1.061510E-04 -2.386726E-08  1.920457E-04 -1.459313E-02  2.038368E-08  2.038657E-08
  4.020000E+03 -3.331098E-08  1.063991E-04 -1.410231E-06  1.915955E-04 -1.440067E-02  2.038348E-08  2.038709E-08
  4.021000E+03 -3.832116E-07  1.062521E-04  3.948008E-07  1.918698E-04 -1.814611E-02  2.038321E-08  2.038721E-08
  4.022000E+03  6.683719E-07  1.061766E-04  1.981950E-07  1.919842E-04 -1.360362E-02  2.038234E-08  2.038496E-08
  4.023000E+03  9.774581E-08  1.064164E-04 -1.426672E-06  1.915505E-04 -1.544707E-02  2.038169E-08  2.038572E-08
  4.024000E+03 -4.509042E-07  1.061921E-04  1.893679E-07  1.919615E-04 -1.783205E-02  2.038156E-08  2.038534E-08
  4.025000E+03  5.978705E-07  1.062238E-04  3.945371E-07  1.918891E-04 -1.296620E-02  2.038148E-08  2.038398E-08
  4.026000E+03  2.274222E-07  1.064105E-04 -1.395952E-06  1.915585E-04 -1.654801E-02  2.038103E-08  2.038541E-08
  4.027000E+03 -4.917054E-07  1.061448E-04 -3.629869E-08  1.920351E-04 -1.708598E-02  2.038055E-08  2.038400E-08
  4.028000E+03  5.060263E-07  1.062847E-04  5.551033E-07  1.917767E-04 -1.276759E-02  2.038126E-08  2.038383E-08
  4.029000E+03  3.489971E-07  1.063816E-04 -1.315414E-06  1.916146E-04 -1.755740E-02  2.038113E-08  2.038576E-08
  4.030000E+03 -5.028720E-07  1.061181E-04 -2.710404E-07  1.920799E-04 -1.600173E-02  2.038055E-08  2.038361E-08
  4.031000E+03  3.961263E-07  1.063494E-04  6.715691E-07  1.916641E-04 -1.306148E-02  2.038163E-08  2.038443E-08
  4.032000E+03  4.561329E-07  1.063332E-04 -1.186240E-06  1.917115E-04 -1.830303E-02  2.038188E-08  2.038659E-08
  4.033000E+03 -4.849479E-07  1.061186E-04 -5.016571E-07  1.920851E-04 -1.474818E-02  2.038158E-08  2.038429E-08
  4.034000E+03  2.756204E-07  1.064069E-04  7.386533E-07  1.915711E-04 -1.383762E-02  2.038253E-08  2.038569E-08
  4.035000E+03  5.423937E-07  1.062720E-04 -1.017895E-06  1.918354E-04 -1.862807E-02  2.038318E-08  2.038780E-08
  4.036000E+03 -4.402612E-07  1.061471E-04 -7.132244E-07  1.920461E-04 -1.354270E-02  2.038327E-08  2.038570E-08
  4.037000E+03  1.532643E-07  1.064469E-04  7.535432E-07  1.915155E-04 -1.496942E-02  2.038395E-08  2.038754E-08
  4.038000E+03  6.031110E-07  1.062067E-04 -8.239775E-07  1.919658E-04 -1.846851E-02  2.038458E-08  2.038893E-08
  4.039000E+03 -3.711543E-07  1.062004E-04 -8.943570E-07  1.919644E-04 -1.259844E-02  2.038509E-08  2.038740E-08
  4.040000E+03  3.387570E-08  1.064607E-04  7.168236E-07  1.915091E-04 -1.628727E-02  2.038549E-08  2.038950E-08
  4.041000E+03  6.369409E-07  1.061481E-04 -6.130191E-07  1.920828E-04 -1.778041E-02  2.038601E-08  2.038994E-08
  4.042000E+03 -2.818032E-07  1.062742E-04 -1.038782E-06  1.918472E-04 -1.211745E-02  2.038692E-08  2.038931E-08
  4.043000E+03 -7.737052E-08  1.064439E-04  6.324583E-07  1.915609E-04 -1.760744E-02  2.038733E-08  2.039167E-08
  4.044000E+03  6.449424E-07  1.061085E-04 -3.963240E-07  1.921671E-04 -1.661214E-02  2.038775E-08  2.039114E-08
  4.045000E+03 -1.811504E-07  1.063588E-04 -1.140976E-06  1.917147E-04 -1.222235E-02  2.038902E-08  2.039169E-08
  4.046000E+03 -1.725956E-07  1.063964E-04  5.116759E-07  1.916684E-04 -1.871744E-02  2.038926E-08  2.039381E-08
  4.047000E+03  6.266384E-07  1.060949E-04 -1.893161E-07  1.922006E-04 -1.513345E-02  2.038918E-08  2.039201E-08
  4.048000E+03 -7.550231E-08  1.064366E-04 -1.194585E-06  1.915881E-04 -1.293242E-02  2.039027E-08  2.039341E-08
  4.049000E+03 -2.458321E-07  1.063219E-04  3.620431E-07  1.918137E-04 -1.936840E-02  2.039017E-08  2.039470E-08
  4.050000E+03  5.835063E-07  1.061126E-04 -5.250307E-09  1.921677E-04 -1.358227E-02  2.038953E-08  2.039188E-08
  4.051000E+03  3.208775E-08  1.064928E-04 -1.199965E-06  1.914903E-04 -1.418932E-02  2.039028E-08  2.039398E-08
  4.052000E+03 -2.971963E-07  1.062332E-04  1.897947E-07  1.919733E-04 -1.939359E-02  2.039010E-08  2.039441E-08
  4.053000E+03  5.214607E-07  1.061652E-04  1.510467E-07  1.920696E-04 -1.224641E-02  2.038957E-08  2.039161E-08
  4.054000E+03  1.378372E-07  1.065161E-04 -1.165765E-06  1.914494E-04 -1.582458E-02  2.038990E-08  2.039419E-08
  4.055000E+03 -3.289838E-07  1.061476E-04  4.495662E-09  1.921218E-04 -1.871495E-02  2.038969E-08  2.039357E-08
  4.056000E+03  4.472115E-07  1.062469E-04  2.784468E-07  1.919211E-04 -1.141170E-02  2.038969E-08  2.039165E-08
  4.057000E+03  2.332587E-07  1.064974E-04 -1.098207E-06  1.914825E-04 -1.755342E-02  2.038925E-08  2.039405E-08
  4.058000E+03 -3.384993E-07  1.060824E-04 -1.791055E-07  1.922276E-04 -1.737929E-02  2.038889E-08  2.039220E-08
  4.059000E+03  3.665245E-07  1.063425E-04  3.666010E-07  1.917442E-04 -1.133032E-02  2.038925E-08  2.039143E-08
  4.060000E+03  3.113357E-07  1.064373E-04 -1.002873E-06  1.915883E-04 -1.901383E-02  2.038847E-08  2.039354E-08
  4.061000E+03 -3.236234E-07  1.060513E-04 -3.487226E-07  1.922659E-04 -1.561611E-02  2.038757E-08  2.039027E-08
  4.062000E+03  2.796939E-07  1.064330E-04  4.109988E-07  1.915719E-04 -1.205699E-02  2.038808E-08  2.039072E-08
  4.063000E+03  3.721803E-07  1.063475E-04 -8.804508E-07  1.917461E-04 -1.991089E-02  2.038768E-08  2.039277E-08
  4.064000E+03 -2.886603E-07  1.060614E-04 -5.008988E-07  1.922306E-04 -1.374993E-02  2.038632E-08  2.038849E-08
  4.065000E+03  1.891920E-07  1.065005E-04  4.181739E-07  1.914396E-04 -1.345567E-02  2.038657E-08  2.038983E-08
  4.066000E+03  4.172151E-07  1.062442E-04 -7.371245E-07  1.919235E-04 -2.008577E-02  2.038665E-08  2.039150E-08
  4.067000E+03 -2.393765E-07  1.061123E-04 -6.335587E-07  1.921250E-04 -1.214444E-02  2.038532E-08  2.038716E-08
  4.068000E+03  1.018065E-07  1.065311E-04  3.939064E-07  1.913754E-04 -1.527410E-02  2.038506E-08  2.038897E-08
  4.069000E+03  4.429813E-07  1.061451E-04 -5.835746E-07  1.920882E-04 -1.947108E-02  2.038536E-08  2.038972E-08
  4.070000E+03 -1.779836E-07  1.061956E-04 -7.378598E-07  1.919645E-04 -1.110564E-02  2.038453E-08  2.038631E-08
  4.071000E+03  2.341062E-08  1.065191E-04  3.376153E-07  1.913924E-04 -1.719110E-02  2.038393E-08  2.038840E-08
  4.072000E+03  4.468709E-07  1.060663E-04 -4.293719E-07  1.922115E-04 -1.816728E-02  2.038380E-08  2.038751E-08
  4.073000E+03 -1.068404E-07  1.062963E-04 -8.065440E-07  1.917757E-04 -1.079731E-02  2.038386E-08  2.038585E-08
  4.074000E+03 -4.128711E-08  1.064669E-04  2.500117E-07  1.914840E-04 -1.889597E-02  2.038306E-08  2.038792E-08
  4.075000E+03  4.295123E-07  1.060199E-04 -2.845151E-07  1.922756E-04 -1.638095E-02  2.038230E-08  2.038529E-08
  4.076000E+03 -2.874574E-08  1.063967E-04 -8.384785E-07  1.915856E-04 -1.129874E-02  2.038278E-08  2.038523E-08
  4.077000E+03 -8.998155E-08  1.063814E-04  1.347480E-07  1.916351E-04 -2.009098E-02  2.038231E-08  2.038731E-08
  4.078000E+03  3.935800E-07  1.060167E-04 -1.559247E-07  1.922676E-04 -1.437997E-02  2.038146E-08  2.038378E-08
  4.079000E+03  5.090635E-08  1.064813E-04 -8.344234E-07  1.914294E-04 -1.255758E-02  2.038205E-08  2.038515E-08
  4.080000E+03 -1.207590E-07  1.062770E-04  1.025440E-09  1.918250E-04 -2.055430E-02  2.038228E-08  2.038714E-08
  4.081000E+03  3.434685E-07  1.060621E-04 -5.120576E-08  1.921862E-04 -1.250291E-02  2.038208E-08  2.038389E-08
  4.082000E+03  1.230054E-07  1.065357E-04 -7.954139E-07  1.913413E-04 -1.439642E-02  2.038257E-08  2.038640E-08
  4.083000E+03 -1.304014E-07  1.061703E-04 -1.356023E-07  1.920234E-04 -2.018656E-02  2.038304E-08  2.038749E-08
  4.084000E+03  2.824716E-07  1.061477E-04  2.035728E-08  1.920417E-04 -1.108880E-02  2.038353E-08  2.038511E-08
  4.085000E+03  1.813158E-07  1.065480E-04 -7.227339E-07  1.913356E-04 -1.650710E-02  2.038365E-08  2.038817E-08
  4.086000E+03 -1.183362E-07  1.060775E-04 -2.630953E-07  1.921952E-04 -1.901106E-02  2.038390E-08  2.038774E-08
  4.087000E+03  2.160277E-07  1.062592E-04  5.296056E-08  1.918501E-04 -1.041918E-02  2.038473E-08  2.038638E-08
  4.088000E+03  2.228605E-07  1.065138E-04 -6.247645E-07  1.914158E-04 -1.852066E-02  2.038494E-08  2.038997E-08
  4.089000E+03 -8.900430E-08  1.060173E-04 -3.716718E-07  1.923092E-04 -1.717770E-02  2.038510E-08  2.038821E-08
  4.090000E+03  1.523811E-07  1.063797E-04  4.847456E-08  1.916462E-04 -1.064483E-02  2.038611E-08  2.038815E-08
  4.091000E+03  2.460564E-07  1.064378E-04 -5.167171E-07  1.915730E-04 -2.009754E-02  2.038649E-08  2.039178E-08
  4.092000E+03 -4.682221E-08  1.060017E-04 -4.543720E-07  1.923438E-04 -1.499034E-02  2.038648E-08  2.038887E-08
  4.093000E+03  9.723812E-08  1.064864E-04  1.089155E-08  1.914679E-04 -1.174302E-02  2.038732E-08  2.039000E-08
  4.094000E+03  2.488867E-07  1.063307E-04 -4.083330E-07  1.917803E-04 -2.092552E-02  2.038767E-08  2.039290E-08
  4.095000E+03  6.333324E-09  1.060349E-04 -5.055376E-07  1.922865E-04 -1.283733E-02  2.038740E-08  2.038922E-08
  4.096000E+03  5.248649E-08  1.065606E-04 -5.763227E-08  1.913467E-04 -1.355608E-02  2.038813E-08  2.039159E-08
  4.097000E+03  2.341271E-07  1.062124E-04 -3.057801E-07  1.920028E-04 -2.083365E-02  2.038865E-08  2.039349E-08
  4.098000E+03  6.339499E-08  1.061137E-04 -5.246998E-07  1.921484E-04 -1.109575E-02  2.038832E-08  2.038983E-08
  4.099000E+03  2.069007E-08  1.065912E-04 -1.450893E-07  1.913070E-04 -1.578702E-02  2.038911E-08  2.039337E-08
  4.100000E+03  2.060609E-07  1.061045E-04 -2.178749E-07  1.922047E-04 -1.984618E-02  2.038977E-08  2.039398E-08
  4.101000E+03  1.154030E-07  1.062258E-04 -5.127993E-07  1.919562E-04 -1.006220E-02  2.038967E-08  2.039117E-08
  4.102000E+03  6.584631E-09  1.065698E-04 -2.375273E-07  1.913602E-04 -1.805455E-02  2.038989E-08  2.039482E-08
  4.103000E+03  1.671618E-07  1.060242E-04 -1.562502E-07  1.923483E-04 -1.809219E-02  2.039023E-08  2.039365E-08
  4.104000E+03  1.573762E-07  1.063522E-04 -4.705456E-07  1.917352E-04 -9.955248E-03  2.039045E-08  2.039228E-08
  4.105000E+03  1.111235E-08  1.064967E-04 -3.257430E-07  1.914991E-04 -1.996636E-02  2.038996E-08  2.039530E-08
  4.106000E+03  1.201088E-07  1.059866E-04 -1.250910E-07  1.924041E-04 -1.584194E-02  2.038970E-08  2.039230E-08
  4.107000E+03  1.903238E-07  1.064709E-04 -4.041851E-07  1.915220E-04 -1.084543E-02  2.039033E-08  2.039278E-08
  4.108000E+03  2.998713E-08  1.063849E-04 -4.080974E-07  1.917023E-04 -2.115837E-02  2.038967E-08  2.039510E-08
  4.109000E+03  6.994381E-08  1.060013E-04 -1.200988E-07  1.923629E-04 -1.347669E-02  2.038887E-08  2.039076E-08
  4.110000E+03  2.135264E-07  1.065586E-04 -3.232339E-07  1.913594E-04 -1.259923E-02  2.038938E-08  2.039263E-08
  4.111000E+03  5.874776E-08  1.062556E-04 -4.793281E-07  1.919320E-04 -2.137158E-02  2.038920E-08  2.039436E-08
  4.112000E+03  2.372991E-08  1.060672E-04 -1.383518E-07  1.922317E-04 -1.144882E-02  2.038814E-08  2.038959E-08
  4.113000E+03  2.227062E-07  1.065979E-04 -2.382245E-07  1.912816E-04 -1.489549E-02  2.038796E-08  2.039204E-08
  4.114000E+03  9.699728E-08  1.061307E-04 -5.304995E-07  1.921439E-04 -2.056658E-02  2.038806E-08  2.039264E-08
  4.115000E+03 -1.423637E-08  1.061730E-04 -1.827285E-07  1.920299E-04 -1.013093E-02  2.038734E-08  2.038867E-08
  4.116000E+03  2.160698E-07  1.065830E-04 -1.562562E-07  1.913023E-04 -1.733451E-02  2.038651E-08  2.039132E-08
  4.117000E+03  1.429266E-07  1.060304E-04 -5.564599E-07  1.923029E-04 -1.889358E-02  2.038632E-08  2.039013E-08
  4.118000E+03 -4.340485E-08  1.062997E-04 -2.500643E-07  1.917894E-04 -9.749946E-03  2.038618E-08  2.038777E-08
  4.119000E+03  1.952434E-07  1.065164E-04 -7.982592E-08  1.914162E-04 -1.949953E-02  2.038509E-08  2.039039E-08
  4.120000E+03  1.934346E-07  1.059721E-04 -5.578241E-07  1.923814E-04 -1.664681E-02  2.038424E-08  2.038720E-08
  4.121000E+03 -6.509330E-08  1.064214E-04 -3.330004E-07  1.915519E-04 -1.038522E-02  2.038413E-08  2.038630E-08
  4.122000E+03  1.618952E-07  1.064096E-04 -7.712805E-09  1.916010E-04 -2.094705E-02  2.038372E-08  2.038918E-08
  4.123000E+03  2.459147E-07  1.059680E-04 -5.357138E-07  1.923635E-04 -1.423250E-02  2.038232E-08  2.038454E-08
  4.124000E+03 -7.761327E-08  1.065167E-04 -4.277434E-07  1.913647E-04 -1.191633E-02  2.038210E-08  2.038506E-08
  4.125000E+03  1.165504E-07  1.062815E-04  5.624080E-08  1.918214E-04 -2.144725E-02  2.038238E-08  2.038763E-08
  4.126000E+03  2.956120E-07  1.060190E-04 -4.871165E-07  1.922548E-04 -1.204962E-02  2.038119E-08  2.038289E-08
  4.127000E+03 -7.446532E-08  1.065735E-04 -5.302996E-07  1.912590E-04 -1.407429E-02  2.038113E-08  2.038496E-08
  4.128000E+03  5.934003E-08  1.061521E-04  9.886281E-08  1.920428E-04 -2.098876E-02  2.038126E-08  2.038600E-08
  4.129000E+03  3.389948E-07  1.061152E-04 -4.092736E-07  1.920746E-04 -1.042475E-02  2.038092E-08  2.038238E-08
  4.130000E+03 -5.258538E-08  1.065844E-04 -6.361940E-07  1.912468E-04 -1.652170E-02  2.038114E-08  2.038581E-08
  4.131000E+03 -7.420084E-09  1.060418E-04  1.120148E-07  1.922353E-04 -1.962718E-02  2.038105E-08  2.038507E-08
  4.132000E+03  3.744286E-07  1.062420E-04 -3.054403E-07  1.918484E-04 -9.639287E-03  2.038141E-08  2.038299E-08
  4.133000E+03 -1.336433E-08  1.065453E-04 -7.409519E-07  1.913340E-04 -1.885709E-02  2.038211E-08  2.038745E-08
  4.134000E+03 -7.759296E-08  1.059738E-04  9.324093E-08  1.923652E-04 -1.753077E-02  2.038254E-08  2.038571E-08
  4.135000E+03  3.956048E-07  1.063784E-04 -1.825510E-07  1.916181E-04 -9.892235E-03  2.038303E-08  2.038507E-08
  4.136000E+03  4.257582E-08  1.064593E-04 -8.313647E-07  1.915116E-04 -2.064800E-02  2.038384E-08  2.038953E-08
  4.137000E+03 -1.453746E-07  1.059601E-04  3.882545E-08  1.924021E-04 -1.506393E-02  2.038462E-08  2.038697E-08
  4.138000E+03  3.964020E-07  1.064988E-04 -4.703095E-08  1.914236E-04 -1.115380E-02  2.038510E-08  2.038786E-08
  4.139000E+03  1.142702E-07  1.063396E-04 -8.943063E-07  1.917469E-04 -2.156060E-02  2.038555E-08  2.039122E-08
  4.140000E+03 -2.074393E-07  1.060020E-04 -5.213824E-08  1.923349E-04 -1.266893E-02  2.038624E-08  2.038796E-08
  4.141000E+03  3.760666E-07  1.065819E-04  9.508185E-08  1.912969E-04 -1.319808E-02  2.038702E-08  2.039063E-08
  4.142000E+03  1.962068E-07  1.062085E-04 -9.235465E-07  1.919989E-04 -2.142354E-02  2.038724E-08  2.039252E-08
  4.143000E+03 -2.567679E-07  1.060931E-04 -1.745796E-07  1.921772E-04 -1.077703E-02  2.038748E-08  2.038887E-08
  4.144000E+03  3.337943E-07  1.066136E-04  2.303708E-07  1.912618E-04 -1.567705E-02  2.038859E-08  2.039305E-08
  4.145000E+03  2.812028E-07  1.060921E-04 -9.113236E-07  1.922222E-04 -2.026047E-02  2.038907E-08  2.039368E-08
  4.146000E+03 -2.847965E-07  1.062179E-04 -3.213921E-07  1.919618E-04 -9.730111E-03  2.038881E-08  2.039025E-08
  4.147000E+03  2.688588E-07  1.065853E-04  3.422492E-07  1.913276E-04 -1.814798E-02  2.038935E-08  2.039447E-08
  4.148000E+03  3.644215E-07  1.060101E-04 -8.520400E-07  1.923728E-04 -1.826690E-02  2.039006E-08  2.039382E-08
  4.149000E+03 -2.892720E-07  1.063535E-04 -4.847846E-07  1.917248E-04 -9.719345E-03  2.038965E-08  2.039150E-08
  4.150000E+03  1.858483E-07  1.065026E-04  4.222637E-07  1.914848E-04 -2.013001E-02  2.038950E-08  2.039499E-08
  4.151000E+03  4.412318E-07  1.059762E-04 -7.509535E-07  1.924238E-04 -1.581568E-02  2.038979E-08  2.039270E-08
  4.152000E+03 -2.716981E-07  1.064773E-04 -6.541649E-07  1.915071E-04 -1.072608E-02  2.038998E-08  2.039254E-08
  4.153000E+03  9.332304E-08  1.063851E-04  4.661124E-07  1.917040E-04 -2.129547E-02  2.038982E-08  2.039533E-08
  4.154000E+03  5.038030E-07  1.059966E-04 -6.185651E-07  1.923750E-04 -1.336899E-02  2.038928E-08  2.039147E-08
  4.155000E+03 -2.319210E-07  1.065677E-04 -8.139293E-07  1.913487E-04 -1.255954E-02  2.038999E-08  2.039343E-08
  4.156000E+03 -2.637774E-09  1.062547E-04  4.682845E-07  1.919441E-04 -2.146613E-02  2.039027E-08  2.039546E-08
  4.157000E+03  5.465356E-07  1.060680E-04 -4.622998E-07  1.922393E-04 -1.133957E-02  2.038913E-08  2.039088E-08
  4.158000E+03 -1.711825E-07  1.066082E-04 -9.517633E-07  1.912780E-04 -1.490833E-02  2.038953E-08  2.039387E-08
  4.159000E+03 -9.799357E-08  1.061309E-04  4.278189E-07  1.921618E-04 -2.061988E-02  2.038996E-08  2.039453E-08
  4.160000E+03  5.682651E-07  1.061783E-04 -2.892807E-07  1.920363E-04 -1.003955E-02  2.038906E-08  2.039069E-08
  4.161000E+03 -9.453383E-08  1.065922E-04 -1.061005E-06  1.913054E-04 -1.738872E-02  2.038857E-08  2.039369E-08
  4.162000E+03 -1.863573E-07  1.060313E-04  3.494006E-07  1.923219E-04 -1.890456E-02  2.038850E-08  2.039227E-08
  4.163000E+03  5.670407E-07  1.063071E-04 -1.106729E-07  1.917950E-04 -9.676064E-03  2.038822E-08  2.039008E-08
  4.164000E+03 -6.571378E-09  1.065251E-04 -1.133803E-06  1.914240E-04 -1.955538E-02  2.038756E-08  2.039322E-08
  4.165000E+03 -2.635914E-07  1.059737E-04  2.387260E-07  1.924012E-04 -1.663403E-02  2.038664E-08  2.038956E-08
  4.166000E+03  5.447715E-07  1.064294E-04  6.357620E-08  1.915594E-04 -1.030529E-02  2.038647E-08  2.038887E-08
  4.167000E+03  8.930727E-08  1.064198E-04 -1.171086E-06  1.916086E-04 -2.101130E-02  2.038646E-08  2.039231E-08
  4.168000E+03 -3.274533E-07  1.059704E-04  1.007035E-07  1.923858E-04 -1.422499E-02  2.038513E-08  2.038732E-08
  4.169000E+03  5.051811E-07  1.065244E-04  2.257742E-07  1.913753E-04 -1.182190E-02  2.038472E-08  2.038785E-08
  4.170000E+03  1.872695E-07  1.062922E-04 -1.175346E-06  1.918267E-04 -2.152781E-02  2.038495E-08  2.039065E-08
  4.171000E+03 -3.722833E-07  1.060234E-04 -5.778896E-08  1.922752E-04 -1.206651E-02  2.038418E-08  2.038586E-08
  4.172000E+03  4.477265E-07  1.065782E-04  3.650133E-07  1.912736E-04 -1.399927E-02  2.038358E-08  2.038753E-08
  4.173000E+03  2.827359E-07  1.061623E-04 -1.141573E-06  1.920452E-04 -2.102967E-02  2.038345E-08  2.038865E-08
  4.174000E+03 -3.952742E-07  1.061213E-04 -2.299511E-07  1.920862E-04 -1.051848E-02  2.038331E-08  2.038480E-08
  4.175000E+03  3.723151E-07  1.065829E-04  4.757317E-07  1.912690E-04 -1.643418E-02  2.038325E-08  2.038794E-08
  4.176000E+03  3.750396E-07  1.060540E-04 -1.069012E-06  1.922291E-04 -1.960344E-02  2.038276E-08  2.038721E-08
  4.177000E+03 -3.997802E-07  1.062437E-04 -4.115733E-07  1.918555E-04 -9.853513E-03  2.038246E-08  2.038411E-08
  4.178000E+03  2.816511E-07  1.065378E-04  5.623557E-07  1.913583E-04 -1.866456E-02  2.038334E-08  2.038856E-08
  4.179000E+03  4.612965E-07  1.059868E-04 -9.606287E-07  1.923440E-04 -1.752272E-02  2.038279E-08  2.038640E-08
  4.180000E+03 -3.851448E-07  1.063691E-04 -5.974216E-07  1.916270E-04 -1.015612E-02  2.038213E-08  2.038428E-08
  4.181000E+03  1.789535E-07  1.064494E-04  6.208120E-07  1.915227E-04 -2.033979E-02  2.038326E-08  2.038873E-08
  4.182000E+03  5.365487E-07  1.059723E-04 -8.186493E-07  1.923668E-04 -1.515465E-02  2.038322E-08  2.038603E-08
  4.183000E+03 -3.487831E-07  1.064789E-04 -7.797454E-07  1.914386E-04 -1.137896E-02  2.038285E-08  2.038573E-08
  4.184000E+03  6.847555E-08  1.063317E-04  6.422677E-07  1.917390E-04 -2.119421E-02  2.038336E-08  2.038875E-08
  4.185000E+03  5.971831E-07  1.060118E-04 -6.485293E-07  1.922942E-04 -1.288097E-02  2.038377E-08  2.038596E-08
  4.186000E+03 -2.908264E-07  1.065564E-04 -9.511718E-07  1.913176E-04 -1.332951E-02  2.038430E-08  2.038805E-08
  4.187000E+03 -4.346386E-08  1.062070E-04  6.215801E-07  1.919748E-04 -2.106608E-02  2.038455E-08  2.038954E-08
  4.188000E+03  6.369733E-07  1.060967E-04 -4.576388E-07  1.921438E-04 -1.109292E-02  2.038456E-08  2.038640E-08
  4.189000E+03 -2.124416E-07  1.065877E-04 -1.098191E-06  1.912837E-04 -1.564325E-02  2.038598E-08  2.039059E-08
  4.190000E+03 -1.492190E-07  1.060984E-04  5.545529E-07  1.921848E-04 -2.000787E-02  2.038642E-08  2.039074E-08
  4.191000E+03  6.493347E-07  1.062110E-04 -2.557078E-07  1.919464E-04 -1.008656E-02  2.038579E-08  2.038760E-08
  4.192000E+03 -1.143954E-07  1.065658E-04 -1.206916E-06  1.913415E-04 -1.791605E-02  2.038719E-08  2.039248E-08
  4.193000E+03 -2.445605E-07  1.060227E-04  4.391079E-07  1.923296E-04 -1.820862E-02  2.038792E-08  2.039146E-08
  4.194000E+03  6.337882E-07  1.063383E-04 -5.082511E-08  1.917326E-04 -1.001085E-02  2.038749E-08  2.038959E-08
  4.195000E+03 -2.788240E-09  1.064943E-04 -1.271164E-06  1.914852E-04 -1.978871E-02  2.038809E-08  2.039378E-08
  4.196000E+03 -3.259448E-07  1.059909E-04  2.844718E-07  1.923867E-04 -1.595543E-02  2.038866E-08  2.039140E-08
  4.197000E+03  5.935347E-07  1.064578E-04  1.471501E-07  1.915345E-04 -1.087419E-02  2.038914E-08  2.039180E-08
  4.198000E+03  1.132197E-07  1.063896E-04 -1.289531E-06  1.916892E-04 -2.095837E-02  2.038926E-08  2.039504E-08
  4.199000E+03 -3.858497E-07  1.060080E-04  1.026155E-07  1.923537E-04 -1.366362E-02  2.038913E-08  2.039122E-08
  4.200000E+03  5.289460E-07  1.065481E-04  3.227848E-07  1.913855E-04 -1.252460E-02  2.039017E-08  2.039355E-08
  4.201000E+03  2.250560E-07  1.062716E-04 -1.255429E-06  1.919154E-04 -2.122230E-02  2.039057E-08  2.039611E-08
  4.202000E+03 -4.171603E-07  1.060711E-04 -9.532263E-08  1.922392E-04 -1.174113E-02  2.038962E-08  2.039129E-08
  4.203000E+03  4.420150E-07  1.065921E-04  4.600769E-07  1.913149E-04 -1.464926E-02  2.039047E-08  2.039459E-08
  4.204000E+03  3.278810E-07  1.061581E-04 -1.168721E-06  1.921222E-04 -2.053586E-02  2.039103E-08  2.039602E-08
  4.205000E+03 -4.203287E-07  1.061699E-04 -2.992309E-07  1.920607E-04 -1.047728E-02  2.038994E-08  2.039150E-08
  4.206000E+03  3.407107E-07  1.065835E-04  5.531165E-07  1.913341E-04 -1.690398E-02  2.039015E-08  2.039491E-08
  4.207000E+03  4.162502E-07  1.060643E-04 -1.040764E-06  1.922772E-04 -1.903604E-02  2.039005E-08  2.039429E-08
  4.208000E+03 -3.966661E-07  1.062876E-04 -4.970472E-07  1.918428E-04 -1.004621E-02  2.038947E-08  2.039125E-08
  4.209000E+03  2.345838E-07  1.065267E-04  5.963675E-07  1.914370E-04 -1.892393E-02  2.038949E-08  2.039468E-08
  4.210000E+03  4.843334E-07  1.060071E-04 -8.857603E-07  1.923593E-04 -1.698425E-02  2.038851E-08  2.039191E-08
  4.211000E+03 -3.491894E-07  1.064033E-04 -6.744749E-07  1.916237E-04 -1.053427E-02  2.038826E-08  2.039055E-08
  4.212000E+03  1.291527E-07  1.064333E-04  5.911704E-07  1.916039E-04 -2.035802E-02  2.038881E-08  2.039415E-08
  4.213000E+03  5.313931E-07  1.059980E-04 -7.141674E-07  1.923568E-04 -1.475171E-02  2.038722E-08  2.038988E-08
  4.214000E+03 -2.848825E-07  1.064959E-04 -8.240572E-07  1.914464E-04 -1.184628E-02  2.038682E-08  2.038982E-08
  4.215000E+03  2.975048E-08  1.063188E-04  5.469962E-07  1.918021E-04 -2.097420E-02  2.038769E-08  2.039288E-08
  4.216000E+03  5.564396E-07  1.060379E-04 -5.358552E-07  1.922701E-04 -1.271267E-02  2.038628E-08  2.038836E-08
  4.217000E+03 -2.097376E-07  1.065524E-04 -9.386780E-07  1.913395E-04 -1.374693E-02  2.038576E-08  2.038954E-08
  4.218000E+03 -5.862163E-08  1.061989E-04  4.716069E-07  1.920021E-04 -2.070217E-02  2.038604E-08  2.039080E-08
  4.219000E+03  5.598177E-07  1.061184E-04 -3.611683E-07  1.921099E-04 -1.116928E-02  2.038512E-08  2.038690E-08
  4.220000E+03 -1.275318E-07  1.065651E-04 -1.015799E-06  1.913169E-04 -1.591314E-02  2.038514E-08  2.038965E-08
  4.221000E+03 -1.347496E-07  1.060926E-04  3.715534E-07  1.921741E-04 -1.959797E-02  2.038434E-08  2.038845E-08
  4.222000E+03  5.449779E-07  1.062225E-04 -1.954984E-07  1.919036E-04 -1.036560E-02  2.038339E-08  2.038518E-08
  4.223000E+03 -4.066147E-08  1.065316E-04 -1.060303E-06  1.913748E-04 -1.798933E-02  2.038416E-08  2.038925E-08
  4.224000E+03 -1.973332E-07  1.060192E-04  2.505388E-07  1.922886E-04 -1.783638E-02  2.038303E-08  2.038639E-08
  4.225000E+03  5.139339E-07  1.063336E-04 -4.318101E-08  1.916895E-04 -1.042239E-02  2.038193E-08  2.038402E-08
  4.226000E+03  4.744459E-08  1.064583E-04 -1.073304E-06  1.915018E-04 -1.965811E-02  2.038302E-08  2.038844E-08
  4.227000E+03 -2.428825E-07  1.059923E-04  1.124670E-07  1.923258E-04 -1.573919E-02  2.038254E-08  2.038516E-08
  4.228000E+03  4.676530E-07  1.064372E-04  8.794358E-08  1.915059E-04 -1.131759E-02  2.038206E-08  2.038468E-08
  4.229000E+03  1.324578E-07  1.063590E-04 -1.053041E-06  1.916835E-04 -2.065669E-02  2.038292E-08  2.038838E-08
  4.230000E+03 -2.701339E-07  1.060157E-04 -3.504513E-08  1.922826E-04 -1.366435E-02  2.038307E-08  2.038510E-08
  4.231000E+03  4.079384E-07  1.065158E-04  1.937933E-07  1.913815E-04 -1.290436E-02  2.038346E-08  2.038676E-08
  4.232000E+03  2.113198E-07  1.062471E-04 -1.000521E-06  1.918921E-04 -2.079996E-02  2.038357E-08  2.038875E-08
  4.233000E+03 -2.796234E-07  1.060794E-04 -1.853935E-07  1.921647E-04 -1.192675E-02  2.038326E-08  2.038493E-08
  4.234000E+03  3.365504E-07  1.065541E-04  2.739392E-07  1.913273E-04 -1.489152E-02  2.038444E-08  2.038842E-08
  4.235000E+03  2.817294E-07  1.061422E-04 -9.173122E-07  1.920845E-04 -2.009213E-02  2.038416E-08  2.038880E-08
  4.236000E+03 -2.704710E-07  1.061718E-04 -3.347068E-07  1.919957E-04 -1.079557E-02  2.038335E-08  2.038493E-08
  4.237000E+03  2.564401E-07  1.065478E-04  3.240883E-07  1.913487E-04 -1.695548E-02  2.038486E-08  2.038943E-08
  4.238000E+03  3.407098E-07  1.060638E-04 -8.067987E-07  1.922303E-04 -1.867949E-02  2.038513E-08  2.038907E-08
  4.239000E+03 -2.428434E-07  1.062825E-04 -4.768609E-07  1.918074E-04 -1.044887E-02  2.038466E-08  2.038645E-08
  4.240000E+03  1.712280E-07  1.065000E-04  3.414777E-07  1.914509E-04 -1.876936E-02  2.038593E-08  2.039089E-08
  4.241000E+03  3.853166E-07  1.060229E-04 -6.737357E-07  1.923098E-04 -1.680389E-02  2.038637E-08  2.038956E-08
  4.242000E+03 -1.976539E-07  1.063925E-04 -6.051577E-07  1.916277E-04 -1.092850E-02  2.038654E-08  2.038880E-08
  4.243000E+03  8.787616E-08  1.064200E-04  3.219864E-07  1.916145E-04 -2.003781E-02  2.038752E-08  2.039262E-08
  4.244000E+03  4.107981E-07  1.060217E-04 -5.280476E-07  1.923144E-04 -1.478689E-02  2.038728E-08  2.038979E-08
  4.245000E+03 -1.362915E-07  1.064848E-04 -7.088608E-07  1.914810E-04 -1.209650E-02  2.038833E-08  2.039122E-08
  4.246000E+03  1.431153E-08  1.063226E-04  2.616229E-07  1.918084E-04 -2.061207E-02  2.038923E-08  2.039421E-08
  4.247000E+03  4.142352E-07  1.060609E-04 -3.831657E-07  1.922504E-04 -1.291863E-02  2.038854E-08  2.039054E-08
  4.248000E+03 -6.400009E-08  1.065465E-04 -7.776178E-07  1.913907E-04 -1.377169E-02  2.039008E-08  2.039368E-08
  4.249000E+03 -4.588694E-08  1.062216E-04  1.678629E-07  1.920042E-04 -2.042991E-02  2.039074E-08  2.039535E-08
  4.250000E+03  3.973709E-07  1.061346E-04 -2.477728E-07  1.921270E-04 -1.146576E-02  2.038998E-08  2.039167E-08
  4.251000E+03  1.264784E-08  1.065674E-04 -8.093080E-07  1.913685E-04 -1.573132E-02  2.039112E-08  2.039539E-08
  4.252000E+03 -9.053419E-08  1.061279E-04  5.204358E-08  1.921736E-04 -1.949619E-02  2.039109E-08  2.039515E-08
  4.253000E+03  3.626025E-07  1.062317E-04 -1.283107E-07  1.919534E-04 -1.063958E-02  2.039038E-08  2.039206E-08
  4.254000E+03  8.479106E-08  1.065435E-04 -8.011672E-07  1.914175E-04 -1.768790E-02  2.039110E-08  2.039592E-08
  4.255000E+03 -1.151534E-07  1.060562E-04 -7.185926E-08  1.922906E-04 -1.793666E-02  2.039032E-08  2.039369E-08
  4.256000E+03  3.128544E-07  1.063387E-04 -3.627712E-08  1.917557E-04 -1.057644E-02  2.038990E-08  2.039183E-08
  4.257000E+03  1.454345E-07  1.064801E-04 -7.530869E-07  1.915333E-04 -1.933087E-02  2.039068E-08  2.039583E-08
  4.258000E+03 -1.187537E-07  1.060215E-04 -1.906373E-07  1.923389E-04 -1.599620E-02  2.038945E-08  2.039213E-08
  4.259000E+03  2.540115E-07  1.064382E-04  2.130168E-08  1.915713E-04 -1.130755E-02  2.038920E-08  2.039161E-08
  4.260000E+03  1.917121E-07  1.063857E-04 -6.744404E-07  1.916977E-04 -2.039879E-02  2.038966E-08  2.039488E-08
  4.261000E+03 -1.029846E-07  1.060290E-04 -2.971203E-07  1.923079E-04 -1.398105E-02  2.038822E-08  2.039031E-08
  4.262000E+03  1.928615E-07  1.065131E-04  4.193298E-08  1.914297E-04 -1.271215E-02  2.038812E-08  2.039117E-08
  4.263000E+03  2.228471E-07  1.062739E-04 -5.782023E-07  1.918836E-04 -2.070093E-02  2.038786E-08  2.039286E-08
  4.264000E+03 -7.204700E-08  1.060778E-04 -3.861531E-07  1.921984E-04 -1.221940E-02  2.038647E-08  2.038817E-08
  4.265000E+03  1.365080E-07  1.065519E-04  2.798069E-08  1.913536E-04 -1.457351E-02  2.038692E-08  2.039066E-08
  4.266000E+03  2.392395E-07  1.061645E-04 -4.789890E-07  1.920628E-04 -2.017493E-02  2.038611E-08  2.039063E-08
  4.267000E+03 -3.168310E-08  1.061596E-04 -4.536266E-07  1.920308E-04 -1.101262E-02  2.038467E-08  2.038623E-08
  4.268000E+03  8.899930E-08  1.065485E-04 -1.248044E-08  1.913546E-04 -1.658612E-02  2.038575E-08  2.039011E-08
  4.269000E+03  2.405649E-07  1.060760E-04 -3.846578E-07  1.922056E-04 -1.891493E-02  2.038475E-08  2.038861E-08
  4.270000E+03  1.392070E-08  1.062607E-04 -4.953072E-07  1.918354E-04 -1.053730E-02  2.038343E-08  2.038515E-08
  4.271000E+03  5.283617E-08  1.065043E-04 -7.317772E-08  1.914315E-04 -1.842813E-02  2.038482E-08  2.038963E-08
  4.272000E+03  2.272940E-07  1.060234E-04 -3.006365E-07  1.922887E-04 -1.714251E-02  2.038410E-08  2.038723E-08
  4.273000E+03  6.150842E-08  1.063659E-04 -5.093549E-07  1.916462E-04 -1.085591E-02  2.038341E-08  2.038553E-08
  4.274000E+03  2.747790E-08  1.064264E-04 -1.471059E-07  1.915721E-04 -1.982038E-02  2.038433E-08  2.038937E-08
  4.275000E+03  2.040763E-07  1.060135E-04 -2.298166E-07  1.922984E-04 -1.516141E-02  2.038388E-08  2.038633E-08
  4.276000E+03  1.064583E-07  1.064565E-04 -5.011587E-07  1.914921E-04 -1.190161E-02  2.038413E-08  2.038683E-08
  4.277000E+03  1.201683E-08  1.063271E-04 -2.242013E-07  1.917526E-04 -2.051358E-02  2.038420E-08  2.038918E-08
  4.278000E+03  1.751099E-07  1.060437E-04 -1.739660E-07  1.922338E-04 -1.329211E-02  2.038338E-08  2.038531E-08
  4.279000E+03  1.457718E-07  1.065166E-04 -4.765884E-07  1.913891E-04 -1.350576E-02  2.038426E-08  2.038763E-08
  4.280000E+03  6.807379E-09  1.062221E-04 -2.987416E-07  1.919400E-04 -2.040337E-02  2.038402E-08  2.038868E-08
  4.281000E+03  1.428264E-07  1.061100E-04 -1.358771E-07  1.921076E-04 -1.180374E-02  2.038313E-08  2.038475E-08
  4.282000E+03  1.773311E-07  1.065402E-04 -4.387184E-07  1.913544E-04 -1.540938E-02  2.038452E-08  2.038855E-08
  4.283000E+03  1.374541E-08  1.061313E-04 -3.680936E-07  1.921075E-04 -1.954436E-02  2.038473E-08  2.038886E-08
  4.284000E+03  1.079747E-07  1.062040E-04 -1.200004E-07  1.919453E-04 -1.093924E-02  2.038415E-08  2.038575E-08
  4.285000E+03  1.993137E-07  1.065246E-04 -3.874941E-07  1.913978E-04 -1.731239E-02  2.038552E-08  2.039008E-08
  4.286000E+03  3.330557E-08  1.060665E-04 -4.290011E-07  1.922299E-04 -1.809777E-02  2.038581E-08  2.038931E-08
  4.287000E+03  6.972726E-08  1.063083E-04 -1.265817E-07  1.917702E-04 -1.080864E-02  2.038556E-08  2.038739E-08
  4.288000E+03  2.122333E-07  1.064709E-04 -3.216925E-07  1.915071E-04 -1.891551E-02  2.038628E-08  2.039118E-08
  4.289000E+03  6.338891E-08  1.060340E-04 -4.807007E-07  1.922863E-04 -1.629577E-02  2.038618E-08  2.038902E-08
  4.290000E+03  2.899021E-08  1.064071E-04 -1.521784E-07  1.916040E-04 -1.139556E-02  2.038669E-08  2.038898E-08
  4.291000E+03  2.161360E-07  1.063896E-04 -2.431734E-07  1.916637E-04 -1.999103E-02  2.038694E-08  2.039194E-08
  4.292000E+03  1.006033E-07  1.060392E-04 -5.203823E-07  1.922751E-04 -1.439300E-02  2.038659E-08  2.038886E-08
  4.293000E+03 -9.440662E-09  1.064880E-04 -1.940775E-07  1.914715E-04 -1.261635E-02  2.038780E-08  2.039069E-08
  4.294000E+03  2.080803E-07  1.062934E-04 -1.590573E-07  1.918476E-04 -2.039242E-02  2.038790E-08  2.039273E-08
  4.295000E+03  1.422137E-07  1.060829E-04 -5.397956E-07  1.921989E-04 -1.267041E-02  2.038738E-08  2.038925E-08
  4.296000E+03 -3.979755E-08  1.065389E-04 -2.517180E-07  1.913944E-04 -1.430660E-02  2.038887E-08  2.039244E-08
  4.297000E+03  1.863421E-07  1.061950E-04 -7.945881E-08  1.920318E-04 -2.005828E-02  2.038871E-08  2.039315E-08
  4.298000E+03  1.884225E-07  1.061582E-04 -5.356493E-07  1.920656E-04 -1.138229E-02  2.038801E-08  2.038969E-08
  4.299000E+03 -5.778067E-08  1.065508E-04 -3.291853E-07  1.913845E-04 -1.621011E-02  2.038950E-08  2.039372E-08
  4.300000E+03  1.507457E-07  1.061101E-04 -1.286785E-08  1.921870E-04 -1.902106E-02  2.038928E-08  2.039314E-08
  4.301000E+03  2.369619E-07  1.062554E-04 -5.056500E-07  1.918962E-04 -1.072660E-02  2.038884E-08  2.039059E-08
  4.302000E+03 -5.976657E-08  1.065225E-04 -4.250225E-07  1.914470E-04 -1.804051E-02  2.039009E-08  2.039483E-08
  4.303000E+03  1.031800E-07  1.060529E-04  3.181858E-08  1.922903E-04 -1.743705E-02  2.038984E-08  2.039302E-08
  4.304000E+03  2.827230E-07  1.063607E-04 -4.492221E-07  1.917169E-04 -1.082351E-02  2.038994E-08  2.039202E-08
  4.305000E+03 -4.462726E-08  1.064569E-04 -5.299288E-07  1.915750E-04 -1.951881E-02  2.039060E-08  2.039564E-08
  4.306000E+03  4.655606E-08  1.060311E-04  4.984308E-08  1.923244E-04 -1.554179E-02  2.038992E-08  2.039244E-08
  4.307000E+03  3.197359E-07  1.064556E-04 -3.671078E-07  1.915522E-04 -1.167471E-02  2.039042E-08  2.039305E-08
  4.308000E+03 -1.436489E-08  1.063612E-04 -6.301951E-07  1.917467E-04 -2.039890E-02  2.039016E-08  2.039525E-08
  4.309000E+03 -1.263878E-08  1.060487E-04  3.967855E-08  1.922783E-04 -1.361408E-02  2.038897E-08  2.039094E-08
  4.310000E+03  3.405148E-07  1.065238E-04 -2.659380E-07  1.914280E-04 -1.316452E-02  2.038988E-08  2.039317E-08
  4.311000E+03  2.940766E-08  1.062514E-04 -7.093991E-07  1.919357E-04 -2.049227E-02  2.038916E-08  2.039401E-08
  4.312000E+03 -6.695001E-08  1.061064E-04 -1.811967E-09  1.921581E-04 -1.198197E-02  2.038775E-08  2.038938E-08
  4.313000E+03  3.390803E-07  1.065523E-04 -1.555764E-07  1.913694E-04 -1.509938E-02  2.038852E-08  2.039249E-08
  4.314000E+03  8.562311E-08  1.061470E-04 -7.546130E-07  1.921094E-04 -1.974813E-02  2.038786E-08  2.039221E-08
  4.315000E+03 -1.128411E-07  1.061950E-04 -7.550961E-08  1.919831E-04 -1.094803E-02  2.038643E-08  2.038800E-08
  4.316000E+03  3.162546E-07  1.065345E-04 -4.383276E-08  1.913902E-04 -1.712946E-02  2.038667E-08  2.039122E-08
  4.317000E+03  1.509461E-07  1.060666E-04 -7.646349E-07  1.922337E-04 -1.830089E-02  2.038615E-08  2.038985E-08
  4.318000E+03 -1.480365E-07  1.062988E-04 -1.766589E-07  1.917831E-04 -1.071062E-02  2.038514E-08  2.038694E-08
  4.319000E+03  2.772731E-07  1.064732E-04  6.024127E-08  1.914882E-04 -1.888019E-02  2.038473E-08  2.038964E-08
  4.320000E+03  2.187586E-07  1.060241E-04 -7.443230E-07  1.922853E-04 -1.641005E-02  2.038413E-08  2.038714E-08
  4.321000E+03 -1.684833E-07  1.063983E-04 -2.954294E-07  1.915932E-04 -1.131220E-02  2.038388E-08  2.038618E-08
  4.322000E+03  2.262645E-07  1.063806E-04  1.449692E-07  1.916452E-04 -2.002063E-02  2.038324E-08  2.038825E-08
  4.323000E+03  2.815542E-07  1.060275E-04 -6.955512E-07  1.922577E-04 -1.441810E-02  2.038249E-08  2.038488E-08
  4.324000E+03 -1.713527E-07  1.064758E-04 -4.191576E-07  1.914497E-04 -1.262566E-02  2.038314E-08  2.038610E-08
  4.325000E+03  1.664082E-07  1.062767E-04  2.019463E-07  1.918306E-04 -2.035789E-02  2.038290E-08  2.038770E-08
  4.326000E+03  3.348046E-07  1.060755E-04 -6.208340E-07  1.921626E-04 -1.269622E-02  2.038210E-08  2.038408E-08
  4.327000E+03 -1.569587E-07  1.065195E-04 -5.384753E-07  1.913776E-04 -1.440016E-02  2.038333E-08  2.038699E-08
  4.328000E+03  1.018738E-07  1.061797E-04  2.282363E-07  1.920095E-04 -1.989837E-02  2.038348E-08  2.038784E-08
  4.329000E+03  3.750137E-07  1.061556E-04 -5.255587E-07  1.920214E-04 -1.150920E-02  2.038279E-08  2.038462E-08
  4.330000E+03 -1.271932E-07  1.065227E-04 -6.447389E-07  1.913817E-04 -1.630840E-02  2.038379E-08  2.038808E-08
  4.331000E+03  3.534118E-08  1.061012E-04  2.253482E-07  1.921507E-04 -1.877119E-02  2.038384E-08  2.038761E-08
  4.332000E+03  4.023617E-07  1.062521E-04 -4.152646E-07  1.918527E-04 -1.100621E-02  2.038352E-08  2.038544E-08
  4.333000E+03 -8.575942E-08  1.064865E-04 -7.351423E-07  1.914546E-04 -1.804223E-02  2.038402E-08  2.038877E-08
  4.334000E+03 -3.028467E-08  1.060523E-04  1.982378E-07  1.922360E-04 -1.715689E-02  2.038406E-08  2.038717E-08
  4.335000E+03  4.185129E-07  1.063528E-04 -2.972129E-07  1.916820E-04 -1.123048E-02  2.038463E-08  2.038688E-08
  4.336000E+03 -3.561343E-08  1.064205E-04 -8.105004E-07  1.915877E-04 -1.935292E-02  2.038504E-08  2.039004E-08
  4.337000E+03 -8.992003E-08  1.060437E-04  1.484955E-07  1.922590E-04 -1.531258E-02  2.038548E-08  2.038796E-08
  4.338000E+03  4.216182E-07  1.064428E-04 -1.800370E-07  1.915411E-04 -1.216624E-02  2.038667E-08  2.038944E-08
  4.339000E+03  2.241376E-08  1.063347E-04 -8.663866E-07  1.917624E-04 -2.003265E-02  2.038690E-08  2.039188E-08
  4.340000E+03 -1.397358E-07  1.060735E-04  7.451523E-08  1.922156E-04 -1.354442E-02  2.038710E-08  2.038910E-08
  4.341000E+03  4.087246E-07  1.065049E-04 -6.890446E-08  1.914471E-04 -1.364895E-02  2.038815E-08  2.039153E-08
  4.342000E+03  8.779842E-08  1.062389E-04 -8.964191E-07  1.919446E-04 -1.998330E-02  2.038792E-08  2.039263E-08
  4.343000E+03 -1.801208E-07  1.061350E-04 -2.231811E-08  1.921064E-04 -1.211721E-02  2.038772E-08  2.038945E-08
  4.344000E+03  3.804210E-07  1.065284E-04  3.646181E-08  1.914122E-04 -1.543930E-02  2.038839E-08  2.039238E-08
  4.345000E+03  1.574849E-07  1.061511E-04 -8.991669E-07  1.921045E-04 -1.919264E-02  2.038835E-08  2.039258E-08
  4.346000E+03 -2.115510E-07  1.062226E-04 -1.354570E-07  1.919500E-04 -1.128894E-02  2.038814E-08  2.038987E-08
  4.347000E+03  3.373236E-07  1.065109E-04  1.364914E-07  1.914515E-04 -1.723862E-02  2.038865E-08  2.039312E-08
  4.348000E+03  2.275121E-07  1.060880E-04 -8.724793E-07  1.922180E-04 -1.779339E-02  2.038880E-08  2.039241E-08
  4.349000E+03 -2.308540E-07  1.063228E-04 -2.596563E-07  1.917767E-04 -1.119945E-02  2.038895E-08  2.039095E-08
  4.350000E+03  2.793673E-07  1.064555E-04  2.248651E-07  1.915611E-04 -1.874578E-02  2.038915E-08  2.039391E-08
  4.351000E+03  2.950590E-07  1.060609E-04 -8.138116E-07  1.922655E-04 -1.602393E-02  2.038923E-08  2.039220E-08
  4.352000E+03 -2.344309E-07  1.064164E-04 -3.923265E-07  1.916158E-04 -1.188226E-02  2.038963E-08  2.039212E-08
  4.353000E+03  2.094150E-07  1.063707E-04  2.919017E-07  1.917206E-04 -1.967739E-02  2.038951E-08  2.039430E-08
  4.354000E+03  3.557251E-07  1.060733E-04 -7.251519E-07  1.922364E-04 -1.420249E-02  2.038910E-08  2.039152E-08
  4.355000E+03 -2.186149E-07  1.064851E-04 -5.277622E-07  1.914953E-04 -1.320419E-02  2.038962E-08  2.039275E-08
  4.356000E+03  1.318382E-07  1.062724E-04  3.264932E-07  1.918972E-04 -1.986653E-02  2.038935E-08  2.039391E-08
  4.357000E+03  4.044340E-07  1.061241E-04 -6.109412E-07  1.921371E-04 -1.265032E-02  2.038875E-08  2.039081E-08
  4.358000E+03 -1.814802E-07  1.065172E-04 -6.574104E-07  1.914381E-04 -1.493691E-02  2.038916E-08  2.039295E-08
  4.359000E+03  5.139543E-08  1.061779E-04  3.206983E-07  1.920606E-04 -1.928041E-02  2.038881E-08  2.039290E-08
  4.360000E+03  4.370479E-07  1.062048E-04 -4.772010E-07  1.919852E-04 -1.164055E-02  2.038836E-08  2.039032E-08
  4.361000E+03 -1.258937E-07  1.065065E-04 -7.705038E-07  1.914558E-04 -1.677230E-02  2.038842E-08  2.039279E-08
  4.362000E+03 -2.723446E-08  1.061051E-04  2.762750E-07  1.921800E-04 -1.802783E-02  2.038797E-08  2.039145E-08
  4.363000E+03  4.517469E-07  1.062991E-04 -3.317762E-07  1.918085E-04 -1.137460E-02  2.038776E-08  2.038988E-08
  4.364000E+03 -5.803153E-08  1.064553E-04 -8.581013E-07  1.915446E-04 -1.834758E-02  2.038751E-08  2.039226E-08
  4.365000E+03 -9.723383E-08  1.060671E-04  1.998005E-07  1.922323E-04 -1.636092E-02  2.038678E-08  2.038964E-08
  4.366000E+03  4.452308E-07  1.063874E-04 -1.855427E-07  1.916388E-04 -1.191242E-02  2.038652E-08  2.038904E-08
  4.367000E+03  1.691972E-08  1.063726E-04 -9.091337E-07  1.916845E-04 -1.935574E-02  2.038615E-08  2.039101E-08
  4.368000E+03 -1.521430E-07  1.060704E-04  9.617029E-08  1.922078E-04 -1.457768E-02  2.038539E-08  2.038770E-08
  4.369000E+03  4.150798E-07  1.064534E-04 -4.941050E-08  1.915090E-04 -1.312684E-02  2.038502E-08  2.038808E-08
  4.370000E+03  9.525020E-08  1.062754E-04 -9.155649E-07  1.918468E-04 -1.963076E-02  2.038466E-08  2.038935E-08
  4.371000E+03 -1.898330E-07  1.061134E-04 -2.898239E-08  1.921144E-04 -1.302381E-02  2.038418E-08  2.038613E-08
  4.372000E+03  3.657741E-07  1.064864E-04  6.850929E-08  1.914431E-04 -1.475949E-02  2.038387E-08  2.038750E-08
  4.373000E+03  1.724591E-07  1.061835E-04 -8.825466E-07  1.920006E-04 -1.916401E-02  2.038355E-08  2.038784E-08
  4.374000E+03 -2.091179E-07  1.061869E-04 -1.676282E-07  1.919725E-04 -1.199910E-02  2.038350E-08  2.038534E-08
  4.375000E+03  3.046941E-07  1.064799E-04  1.595192E-07  1.914534E-04 -1.648295E-02  2.038316E-08  2.038729E-08
  4.376000E+03  2.426544E-07  1.061141E-04 -8.198679E-07  1.921155E-04 -1.804690E-02  2.038284E-08  2.038659E-08
  4.377000E+03 -2.079141E-07  1.062748E-04 -3.097103E-07  1.918093E-04 -1.169835E-02  2.038311E-08  2.038513E-08
  4.378000E+03  2.361405E-07  1.064371E-04  2.157527E-07  1.915353E-04 -1.793735E-02  2.038318E-08  2.038761E-08
  4.379000E+03  3.015482E-07  1.060815E-04 -7.325027E-07  1.921719E-04 -1.651523E-02  2.038310E-08  2.038625E-08
  4.380000E+03 -1.874328E-07  1.063607E-04 -4.455763E-07  1.916601E-04 -1.215425E-02  2.038360E-08  2.038601E-08
  4.381000E+03  1.643169E-07  1.063692E-04  2.360473E-07  1.916703E-04 -1.887150E-02  2.038418E-08  2.038867E-08
  4.382000E+03  3.459484E-07  1.060901E-04 -6.261659E-07  1.921643E-04 -1.488648E-02  2.038446E-08  2.038709E-08
  4.383000E+03 -1.524972E-07  1.064286E-04 -5.646851E-07  1.915532E-04 -1.323494E-02  2.038496E-08  2.038790E-08
  4.384000E+03  9.366047E-08  1.062892E-04  2.262985E-07  1.918281E-04 -1.916444E-02  2.038551E-08  2.038983E-08
  4.385000E+03  3.719781E-07  1.061325E-04 -5.064575E-07  1.920967E-04 -1.347268E-02  2.038585E-08  2.038811E-08
  4.386000E+03 -1.051678E-07  1.064663E-04 -6.574835E-07  1.915005E-04 -1.468659E-02  2.038616E-08  2.038967E-08
  4.387000E+03  2.680471E-08  1.062090E-04  1.883934E-07  1.919780E-04 -1.880018E-02  2.038620E-08  2.039016E-08
  4.388000E+03  3.798122E-07  1.061997E-04 -3.788185E-07  1.919808E-04 -1.247806E-02  2.038671E-08  2.038880E-08
  4.389000E+03 -4.873696E-08  1.064694E-04 -7.215060E-07  1.915069E-04 -1.625331E-02  2.038692E-08  2.039094E-08
  4.390000E+03 -3.298415E-08  1.061455E-04  1.261535E-07  1.920969E-04 -1.784824E-02  2.038698E-08  2.039045E-08
  4.391000E+03  3.734039E-07  1.062823E-04 -2.531945E-07  1.918395E-04 -1.210206E-02  2.038766E-08  2.038983E-08
  4.392000E+03  1.208818E-08  1.064395E-04 -7.606693E-07  1.915777E-04 -1.764090E-02  2.038827E-08  2.039265E-08
  4.393000E+03 -8.128178E-08  1.061125E-04  4.525208E-08  1.921666E-04 -1.649169E-02  2.038851E-08  2.039145E-08
  4.394000E+03  3.543836E-07  1.063650E-04 -1.398708E-07  1.917037E-04 -1.241352E-02  2.038900E-08  2.039148E-08
  4.395000E+03  7.508086E-08  1.063807E-04 -7.763441E-07  1.916983E-04 -1.861218E-02  2.038948E-08  2.039400E-08
  4.396000E+03 -1.151436E-07  1.061124E-04 -5.235580E-08  1.921727E-04 -1.497606E-02  2.038962E-08  2.039208E-08
  4.397000E+03  3.222296E-07  1.064303E-04 -4.431812E-08  1.915930E-04 -1.333570E-02  2.038948E-08  2.039240E-08
  4.398000E+03  1.382997E-07  1.063016E-04 -7.658214E-07  1.918422E-04 -1.899101E-02  2.038945E-08  2.039387E-08
  4.399000E+03 -1.340422E-07  1.061448E-04 -1.632202E-07  1.921094E-04 -1.358074E-02  2.038953E-08  2.039164E-08
  4.400000E+03  2.768246E-07  1.064662E-04  3.250444E-08  1.915278E-04 -1.468722E-02  2.038904E-08  2.039246E-08
  4.401000E+03  1.991119E-07  1.062189E-04 -7.266128E-07  1.919834E-04 -1.869146E-02  2.038870E-08  2.039280E-08
  4.402000E+03 -1.378466E-07  1.062060E-04 -2.821629E-07  1.919903E-04 -1.258502E-02  2.038891E-08  2.039090E-08
  4.403000E+03  2.184568E-07  1.064661E-04  9.008695E-08  1.915265E-04 -1.620677E-02  2.038841E-08  2.039229E-08
  4.404000E+03  2.540498E-07  1.061515E-04 -6.563302E-07  1.920950E-04 -1.776276E-02  2.038796E-08  2.039158E-08
  4.405000E+03 -1.257367E-07  1.062845E-04 -4.029172E-07  1.918414E-04 -1.221857E-02  2.038825E-08  2.039038E-08
  4.406000E+03  1.505215E-07  1.064301E-04  1.238766E-07  1.915925E-04 -1.757454E-02  2.038806E-08  2.039224E-08
  4.407000E+03  2.981572E-07  1.061147E-04 -5.575564E-07  1.921531E-04 -1.639795E-02  2.038753E-08  2.039061E-08
  4.408000E+03 -9.726218E-08  1.063625E-04 -5.159097E-07  1.916961E-04 -1.256308E-02  2.038767E-08  2.039015E-08
  4.409000E+03  7.885853E-08  1.063662E-04  1.279719E-07  1.917090E-04 -1.849988E-02  2.038786E-08  2.039214E-08
  4.410000E+03  3.271470E-07  1.061152E-04 -4.383579E-07  1.921453E-04 -1.490880E-02  2.038727E-08  2.038986E-08
  4.411000E+03 -5.179447E-08  1.064227E-04 -6.130634E-07  1.915848E-04 -1.353028E-02  2.038710E-08  2.039007E-08
  4.412000E+03  9.626389E-09  1.062858E-04  9.584103E-08  1.918487E-04 -1.880464E-02  2.038718E-08  2.039132E-08
  4.413000E+03  3.379741E-07  1.061515E-04 -3.085044E-07  1.920718E-04 -1.357793E-02  2.038682E-08  2.038907E-08
  4.414000E+03  9.709711E-09  1.064528E-04 -6.874408E-07  1.915275E-04 -1.491700E-02  2.038637E-08  2.038989E-08
  4.415000E+03 -5.200422E-08  1.062049E-04  2.498239E-08  1.919834E-04 -1.842561E-02  2.038611E-08  2.038992E-08
  4.416000E+03  3.301086E-07  1.062156E-04 -1.779329E-07  1.919488E-04 -1.265645E-02  2.038632E-08  2.038844E-08
  4.417000E+03  8.234755E-08  1.064485E-04 -7.337825E-07  1.915345E-04 -1.643485E-02  2.038580E-08  2.038982E-08
  4.418000E+03 -1.013785E-07  1.061423E-04 -7.873468E-08  1.920870E-04 -1.745764E-02  2.038546E-08  2.038880E-08
  4.419000E+03  3.038872E-07  1.062946E-04 -5.628482E-08  1.918029E-04 -1.237281E-02  2.038605E-08  2.038828E-08
  4.420000E+03  1.572443E-07  1.064111E-04 -7.451722E-07  1.916069E-04 -1.775141E-02  2.038589E-08  2.039023E-08
  4.421000E+03 -1.326609E-07  1.061112E-04 -2.024698E-07  1.921378E-04 -1.611666E-02  2.038533E-08  2.038817E-08
  4.422000E+03  2.579899E-07  1.063690E-04  4.584322E-08  1.916654E-04 -1.278677E-02  2.038560E-08  2.038815E-08
  4.423000E+03  2.265774E-07  1.063464E-04 -7.122645E-07  1.917252E-04 -1.857252E-02  2.038577E-08  2.039021E-08
  4.424000E+03 -1.422959E-07  1.061159E-04 -3.335459E-07  1.921223E-04 -1.467444E-02  2.038504E-08  2.038747E-08
  4.425000E+03  1.942333E-07  1.064221E-04  1.197524E-07  1.915629E-04 -1.379405E-02  2.038458E-08  2.038758E-08
  4.426000E+03  2.857808E-07  1.062679E-04 -6.348031E-07  1.918597E-04 -1.875132E-02  2.038495E-08  2.038922E-08
  4.427000E+03 -1.311116E-07  1.061551E-04 -4.620798E-07  1.920438E-04 -1.343229E-02  2.038460E-08  2.038677E-08
  4.428000E+03  1.205831E-07  1.064455E-04  1.602914E-07  1.915164E-04 -1.516372E-02  2.038371E-08  2.038720E-08
  4.429000E+03  3.315108E-07  1.061919E-04 -5.259339E-07  1.919846E-04 -1.829331E-02  2.038379E-08  2.038771E-08
  4.430000E+03 -1.002848E-07  1.062201E-04 -5.803452E-07  1.919205E-04 -1.262999E-02  2.038419E-08  2.038632E-08
  4.431000E+03  4.446331E-08  1.064376E-04  1.634733E-07  1.915338E-04 -1.660441E-02  2.038359E-08  2.038750E-08
  4.432000E+03  3.620499E-07  1.061341E-04 -3.991052E-07  1.920803E-04 -1.730219E-02  2.038323E-08  2.038666E-08
  4.433000E+03 -5.159456E-08  1.062975E-04 -6.833691E-07  1.917791E-04 -1.242103E-02  2.038407E-08  2.038638E-08
  4.434000E+03 -2.770210E-08  1.064002E-04  1.273765E-07  1.916110E-04 -1.782744E-02  2.038421E-08  2.038839E-08
  4.435000E+03  3.754768E-07  1.061082E-04 -2.655819E-07  1.921289E-04 -1.596049E-02  2.038385E-08  2.038677E-08
  4.436000E+03  9.786729E-09  1.063722E-04 -7.628656E-07  1.916507E-04 -1.286077E-02  2.038462E-08  2.038731E-08
  4.437000E+03 -9.031427E-08  1.063412E-04  5.760461E-08  1.917340E-04 -1.857674E-02  2.038571E-08  2.038995E-08
  4.438000E+03  3.698915E-07  1.061206E-04 -1.349889E-07  1.921187E-04 -1.456421E-02  2.038559E-08  2.038807E-08
  4.439000E+03  7.966223E-08  1.064283E-04 -8.114259E-07  1.915643E-04 -1.386521E-02  2.038589E-08  2.038908E-08
  4.440000E+03 -1.414162E-07  1.062698E-04 -3.908359E-08  1.918760E-04 -1.871395E-02  2.038704E-08  2.039113E-08
  4.441000E+03  3.456204E-07  1.061666E-04 -1.153773E-08  1.920490E-04 -1.336685E-02  2.038737E-08  2.038957E-08
  4.442000E+03  1.541973E-07  1.064560E-04 -8.264250E-07  1.915310E-04 -1.523502E-02  2.038726E-08  2.039096E-08
  4.443000E+03 -1.803092E-07  1.061978E-04 -1.555804E-07  1.920111E-04 -1.822998E-02  2.038778E-08  2.039152E-08
  4.444000E+03  3.053432E-07  1.062362E-04  1.010748E-07  1.919314E-04 -1.258221E-02  2.038845E-08  2.039056E-08
  4.445000E+03  2.286948E-07  1.064512E-04 -8.092288E-07  1.915568E-04 -1.668346E-02  2.038860E-08  2.039276E-08
  4.446000E+03 -2.055212E-07  1.061433E-04 -2.837069E-07  1.921153E-04 -1.720632E-02  2.038873E-08  2.039201E-08
  4.447000E+03  2.516178E-07  1.063168E-04  1.977024E-07  1.917934E-04 -1.239928E-02  2.038929E-08  2.039155E-08
  4.448000E+03  3.000837E-07  1.064143E-04 -7.623501E-07  1.916402E-04 -1.791326E-02  2.038998E-08  2.039443E-08
  4.449000E+03 -2.145907E-07  1.061201E-04 -4.193980E-07  1.921657E-04 -1.584482E-02  2.039007E-08  2.039289E-08
  4.450000E+03  1.866301E-07  1.063912E-04  2.715284E-07  1.916663E-04 -1.289271E-02  2.038992E-08  2.039253E-08
  4.451000E+03  3.643697E-07  1.063503E-04 -6.867635E-07  1.917646E-04 -1.866313E-02  2.039067E-08  2.039517E-08
  4.452000E+03 -2.037397E-07  1.061308E-04 -5.578596E-07  1.921470E-04 -1.442558E-02  2.039060E-08  2.039303E-08
  4.453000E+03  1.122979E-07  1.064437E-04  3.133207E-07  1.915741E-04 -1.393562E-02  2.038987E-08  2.039294E-08
  4.454000E+03  4.180923E-07  1.062713E-04 -5.833620E-07  1.919029E-04 -1.878792E-02  2.039017E-08  2.039450E-08
  4.455000E+03 -1.713532E-07  1.061732E-04 -6.935201E-07  1.920626E-04 -1.322403E-02  2.039011E-08  2.039231E-08
  4.456000E+03  2.949862E-08  1.064647E-04  3.190832E-07  1.915340E-04 -1.532328E-02  2.038922E-08  2.039278E-08
  4.457000E+03  4.593605E-07  1.061936E-04 -4.522910E-07  1.920301E-04 -1.825431E-02  2.038896E-08  2.039291E-08
  4.458000E+03 -1.196877E-07  1.062400E-04 -8.206490E-07  1.919281E-04 -1.249597E-02  2.038886E-08  2.039107E-08
  4.459000E+03 -5.786128E-08  1.064486E-04  2.900079E-07  1.915565E-04 -1.679194E-02  2.038805E-08  2.039203E-08
  4.460000E+03  4.839321E-07  1.061347E-04 -2.977706E-07  1.921188E-04 -1.714332E-02  2.038748E-08  2.039091E-08
  4.461000E+03 -5.262022E-08  1.063162E-04 -9.274047E-07  1.917745E-04 -1.240114E-02  2.038717E-08  2.038962E-08
  4.462000E+03 -1.434915E-07  1.064000E-04  2.285036E-07  1.916363E-04 -1.800924E-02  2.038679E-08  2.039104E-08
  4.463000E+03  4.874813E-07  1.061086E-04 -1.287397E-07  1.921494E-04 -1.572632E-02  2.038618E-08  2.038909E-08
  4.464000E+03  2.789339E-08  1.063871E-04 -1.003422E-06  1.916363E-04 -1.296206E-02  2.038592E-08  2.038880E-08
  4.465000E+03 -2.208984E-07  1.063300E-04  1.329447E-07  1.917588E-04 -1.872166E-02  2.038614E-08  2.039043E-08
  4.466000E+03  4.671942E-07  1.061210E-04  4.416065E-08  1.921177E-04 -1.429728E-02  2.038564E-08  2.038811E-08
  4.467000E+03  1.199507E-07  1.064379E-04 -1.041418E-06  1.915424E-04 -1.407161E-02  2.038535E-08  2.038876E-08
  4.468000E+03 -2.835539E-07  1.062501E-04  1.568741E-09  1.918994E-04 -1.878192E-02  2.038574E-08  2.038986E-08
  4.469000E+03  4.243588E-07  1.061668E-04  2.067109E-07  1.920277E-04 -1.311894E-02  2.038520E-08  2.038741E-08
  4.470000E+03  2.193523E-07  1.064553E-04 -1.040389E-06  1.915076E-04 -1.550152E-02  2.038454E-08  2.038849E-08
  4.471000E+03 -3.263787E-07  1.061760E-04 -1.615316E-07  1.920231E-04 -1.817987E-02  2.038488E-08  2.038864E-08
  4.472000E+03  3.621097E-07  1.062360E-04  3.460227E-07  1.918952E-04 -1.244657E-02  2.038460E-08  2.038677E-08
  4.473000E+03  3.188274E-07  1.064381E-04 -1.000412E-06  1.915393E-04 -1.693275E-02  2.038415E-08  2.038852E-08
  4.474000E+03 -3.455966E-07  1.061252E-04 -3.449771E-07  1.921072E-04 -1.705744E-02  2.038444E-08  2.038775E-08
  4.475000E+03  2.823824E-07  1.063158E-04  4.528521E-07  1.917521E-04 -1.241596E-02  2.038471E-08  2.038707E-08
  4.476000E+03  4.104165E-07  1.063932E-04 -9.185667E-07  1.916323E-04 -1.807465E-02  2.038504E-08  2.038965E-08
  4.477000E+03 -3.391680E-07  1.061068E-04 -5.345185E-07  1.921410E-04 -1.565919E-02  2.038498E-08  2.038783E-08
  4.478000E+03  1.886421E-07  1.063879E-04  5.201358E-07  1.916263E-04 -1.302531E-02  2.038500E-08  2.038773E-08
  4.479000E+03  4.866653E-07  1.063276E-04 -7.954390E-07  1.917625E-04 -1.871182E-02  2.038607E-08  2.039070E-08
  4.480000E+03 -3.081014E-07  1.061220E-04 -7.143145E-07  1.921152E-04 -1.426083E-02  2.038558E-08  2.038807E-08
  4.481000E+03  8.749571E-08  1.064362E-04  5.442477E-07  1.915412E-04 -1.411778E-02  2.038489E-08  2.038808E-08
  4.482000E+03  5.420297E-07  1.062534E-04 -6.395612E-07  1.918994E-04 -1.872565E-02  2.038640E-08  2.039081E-08
  4.483000E+03 -2.535828E-07  1.061697E-04 -8.722098E-07  1.920318E-04 -1.314190E-02  2.038620E-08  2.038851E-08
  4.484000E+03 -1.563632E-08  1.064542E-04  5.229334E-07  1.915162E-04 -1.548348E-02  2.038526E-08  2.038892E-08
  4.485000E+03  5.749517E-07  1.061861E-04 -4.604922E-07  1.920208E-04 -1.813236E-02  2.038659E-08  2.039060E-08
  4.486000E+03 -1.796633E-07  1.062419E-04 -1.001607E-06  1.919090E-04 -1.251620E-02  2.038717E-08  2.038950E-08
  4.487000E+03 -1.144776E-07  1.064409E-04  4.589636E-07  1.915560E-04 -1.687847E-02  2.038649E-08  2.039053E-08
  4.488000E+03  5.860383E-07  1.061370E-04 -2.713635E-07  1.921096E-04 -1.704452E-02  2.038698E-08  2.039048E-08
  4.489000E+03 -9.349065E-08  1.063216E-04 -1.097612E-06  1.917696E-04 -1.248619E-02  2.038767E-08  2.039025E-08
  4.490000E+03 -2.010317E-07  1.063978E-04  3.598594E-07  1.916505E-04 -1.799482E-02  2.038790E-08  2.039216E-08
  4.491000E+03  5.744006E-07  1.061189E-04 -8.748260E-08  1.921457E-04 -1.566654E-02  2.038780E-08  2.039078E-08
  4.492000E+03  4.785829E-10  1.063905E-04 -1.154624E-06  1.916459E-04 -1.309458E-02  2.038755E-08  2.039055E-08
  4.493000E+03 -2.706245E-07  1.063333E-04  2.305769E-07  1.917785E-04 -1.857063E-02  2.038892E-08  2.039318E-08
  4.494000E+03  5.402903E-07  1.061380E-04  8.154258E-08  1.921171E-04 -1.430727E-02  2.038883E-08  2.039139E-08
  4.495000E+03  9.951438E-08  1.064366E-04 -1.170814E-06  1.915672E-04 -1.422073E-02  2.038771E-08  2.039120E-08
  4.496000E+03 -3.234658E-07  1.062583E-04  7.678140E-08  1.919155E-04 -1.853392E-02  2.038911E-08  2.039316E-08
  4.497000E+03  4.871080E-07  1.061883E-04  2.332244E-07  1.920283E-04 -1.321478E-02  2.038938E-08  2.039169E-08
  4.498000E+03  1.998019E-07  1.064528E-04 -1.149752E-06  1.915467E-04 -1.561022E-02  2.038820E-08  2.039219E-08
  4.499000E+03 -3.595723E-07  1.061878E-04 -9.384700E-08  1.920373E-04 -1.790690E-02  2.038875E-08  2.039243E-08
  4.500000E+03  4.183129E-07  1.062594E-04  3.646369E-07  1.918970E-04 -1.260846E-02  2.038924E-08  2.039152E-08
  4.501000E+03  2.969226E-07  1.064349E-04 -1.094607E-06  1.915875E-04 -1.698873E-02  2.038865E-08  2.039303E-08
  4.502000E+03 -3.785011E-07  1.061400E-04 -2.728089E-07  1.921199E-04 -1.676851E-02  2.038874E-08  2.039196E-08
  4.503000E+03  3.379300E-07  1.063350E-04  4.714463E-07  1.917531E-04 -1.268013E-02  2.038843E-08  2.039092E-08
  4.504000E+03  3.852178E-07  1.063854E-04 -1.008626E-06  1.916818E-04 -1.803352E-02  2.038883E-08  2.039340E-08
  4.505000E+03 -3.776152E-07  1.061264E-04 -4.509895E-07  1.921414E-04 -1.537372E-02  2.038886E-08  2.039164E-08
  4.506000E+03  2.501435E-07  1.063979E-04  5.447736E-07  1.916328E-04 -1.338776E-02  2.038750E-08  2.039038E-08
  4.507000E+03  4.596127E-07  1.063157E-04 -8.958760E-07  1.918055E-04 -1.853480E-02  2.038843E-08  2.039296E-08
  4.508000E+03 -3.532466E-07  1.061483E-04 -6.213294E-07  1.920970E-04 -1.404949E-02  2.038876E-08  2.039121E-08
  4.509000E+03  1.561618E-07  1.064366E-04  5.762148E-07  1.915616E-04 -1.453499E-02  2.038701E-08  2.039034E-08
  4.510000E+03  5.182167E-07  1.062407E-04 -7.571668E-07  1.919342E-04 -1.840698E-02  2.038777E-08  2.039205E-08
  4.511000E+03 -3.055787E-07  1.062005E-04 -7.798731E-07  1.919954E-04 -1.309104E-02  2.038826E-08  2.039059E-08
  4.512000E+03  5.696551E-08  1.064433E-04  5.652993E-07  1.915520E-04 -1.589396E-02  2.038685E-08  2.039060E-08
  4.513000E+03  5.599006E-07  1.061751E-04 -5.935029E-07  1.920436E-04 -1.766222E-02  2.038707E-08  2.039090E-08
  4.514000E+03 -2.391007E-07  1.062690E-04 -9.205104E-07  1.918592E-04 -1.267160E-02  2.038706E-08  2.038948E-08
  4.515000E+03 -4.178243E-08  1.064164E-04  5.162026E-07  1.915983E-04 -1.719233E-02  2.038619E-08  2.039025E-08
  4.516000E+03  5.812996E-07  1.061327E-04 -4.133847E-07  1.921078E-04 -1.648040E-02  2.038615E-08  2.038948E-08
  4.517000E+03 -1.588674E-07  1.063397E-04 -1.032155E-06  1.917193E-04 -1.285358E-02  2.038569E-08  2.038842E-08
  4.518000E+03 -1.327152E-07  1.063623E-04  4.327793E-07  1.916919E-04 -1.814632E-02  2.038544E-08  2.038965E-08
  4.519000E+03  5.784200E-07  1.061248E-04 -2.281984E-07  1.921141E-04 -1.511618E-02  2.038574E-08  2.038858E-08
  4.520000E+03 -6.726914E-08  1.063995E-04 -1.104738E-06  1.916071E-04 -1.362504E-02  2.038501E-08  2.038818E-08
  4.521000E+03 -2.104155E-07  1.062921E-04  3.151978E-07  1.918195E-04 -1.852930E-02  2.038539E-08  2.038953E-08
  4.522000E+03  5.507579E-07  1.061536E-04 -4.839852E-08  1.920596E-04 -1.385844E-02  2.038586E-08  2.038834E-08
  4.523000E+03  3.228942E-08  1.064341E-04 -1.134332E-06  1.915459E-04 -1.485186E-02  2.038476E-08  2.038843E-08
  4.524000E+03 -2.707246E-07  1.062184E-04  1.667410E-07  1.919514E-04 -1.825692E-02  2.038538E-08  2.038923E-08
  4.525000E+03  5.033523E-07  1.062095E-04  1.133467E-07  1.919523E-04 -1.297886E-02  2.038545E-08  2.038777E-08
  4.526000E+03  1.319034E-07  1.064345E-04 -1.124301E-06  1.915444E-04 -1.624152E-02  2.038425E-08  2.038837E-08
  4.527000E+03 -3.098417E-07  1.061576E-04  4.170021E-11  1.920549E-04 -1.739982E-02  2.038500E-08  2.038843E-08
  4.528000E+03  4.394617E-07  1.062812E-04  2.466126E-07  1.918171E-04 -1.265139E-02  2.038492E-08  2.038730E-08
  4.529000E+03  2.252559E-07  1.064031E-04 -1.075788E-06  1.916044E-04 -1.748520E-02  2.038419E-08  2.038862E-08
  4.530000E+03 -3.256064E-07  1.061243E-04 -1.740552E-07  1.921112E-04 -1.615521E-02  2.038501E-08  2.038797E-08
  4.531000E+03  3.622755E-07  1.063561E-04  3.443291E-07  1.916842E-04 -1.296166E-02  2.038507E-08  2.038772E-08
  4.532000E+03  3.068766E-07  1.063481E-04 -9.905201E-07  1.917159E-04 -1.835008E-02  2.038518E-08  2.038971E-08
  4.533000E+03 -3.199997E-07  1.061242E-04 -3.428629E-07  1.921147E-04 -1.476149E-02  2.038579E-08  2.038833E-08
  4.534000E+03  2.794232E-07  1.064163E-04  4.039488E-07  1.915798E-04 -1.383588E-02  2.038527E-08  2.038833E-08
  4.535000E+03  3.709525E-07  1.062789E-04 -8.788562E-07  1.918525E-04 -1.863815E-02  2.038634E-08  2.039074E-08
  4.536000E+03 -2.942834E-07  1.061580E-04 -4.936206E-07  1.920593E-04 -1.351704E-02  2.038678E-08  2.038903E-08
  4.537000E+03  1.964030E-07  1.064476E-04  4.233035E-07  1.915289E-04 -1.508625E-02  2.038547E-08  2.038898E-08
  4.538000E+03  4.139629E-07  1.062091E-04 -7.488318E-07  1.919839E-04 -1.827235E-02  2.038703E-08  2.039109E-08
  4.539000E+03 -2.495869E-07  1.062201E-04 -6.182878E-07  1.919530E-04 -1.269250E-02  2.038764E-08  2.038982E-08
  4.540000E+03  1.167717E-07  1.064456E-04  4.016197E-07  1.915416E-04 -1.648252E-02  2.038599E-08  2.038991E-08
  4.541000E+03  4.366536E-07  1.061518E-04 -6.082322E-07  1.920874E-04 -1.733999E-02  2.038735E-08  2.039092E-08
  4.542000E+03 -1.909924E-07  1.062988E-04 -7.140149E-07  1.918167E-04 -1.243189E-02  2.038831E-08  2.039064E-08
  4.543000E+03  4.392110E-08  1.064134E-04  3.462072E-07  1.916154E-04 -1.774841E-02  2.038724E-08  2.039144E-08
  4.544000E+03  4.426253E-07  1.061196E-04 -4.669537E-07  1.921469E-04 -1.603374E-02  2.038792E-08  2.039096E-08
  4.545000E+03 -1.259988E-07  1.063761E-04 -7.816213E-07  1.916792E-04 -1.280706E-02  2.038841E-08  2.039109E-08
  4.546000E+03 -1.735280E-08  1.063547E-04  2.680317E-07  1.917358E-04 -1.858869E-02  2.038849E-08  2.039277E-08
  4.547000E+03  4.342455E-07  1.061230E-04 -3.366589E-07  1.921458E-04 -1.458465E-02  2.038891E-08  2.039146E-08
  4.548000E+03 -6.036605E-08  1.064356E-04 -8.209361E-07  1.915720E-04 -1.380321E-02  2.038814E-08  2.039131E-08
  4.549000E+03 -6.414932E-08  1.062777E-04  1.761854E-07  1.918805E-04 -1.880794E-02  2.038901E-08  2.039313E-08
  4.550000E+03  4.122991E-07  1.061627E-04 -2.238481E-07  1.920767E-04 -1.327370E-02  2.038958E-08  2.039179E-08
  4.551000E+03  3.496400E-09  1.064663E-04 -8.314754E-07  1.915189E-04 -1.522424E-02  2.038795E-08  2.039167E-08
  4.552000E+03 -9.675446E-08  1.061967E-04  7.575460E-08  1.920221E-04 -1.836808E-02  2.038867E-08  2.039243E-08
  4.553000E+03  3.782847E-07  1.062329E-04 -1.292288E-07  1.919497E-04 -1.236736E-02  2.038980E-08  2.039189E-08
  4.554000E+03  6.508948E-08  1.064619E-04 -8.158234E-07  1.915340E-04 -1.680425E-02  2.038819E-08  2.039239E-08
  4.555000E+03 -1.173767E-07  1.061306E-04 -3.036828E-08  1.921355E-04 -1.730426E-02  2.038839E-08  2.039165E-08
  4.556000E+03  3.358288E-07  1.063194E-04 -5.146596E-08  1.917883E-04 -1.213119E-02  2.038932E-08  2.039156E-08
  4.557000E+03  1.221032E-07  1.064192E-04 -7.792907E-07  1.916182E-04 -1.819867E-02  2.038848E-08  2.039300E-08
  4.558000E+03 -1.281052E-07  1.060957E-04 -1.357541E-07  1.921919E-04 -1.578624E-02  2.038819E-08  2.039089E-08
  4.559000E+03  2.904220E-07  1.064023E-04  8.940858E-09  1.916290E-04 -1.265625E-02  2.038812E-08  2.039075E-08
  4.560000E+03  1.699889E-07  1.063462E-04 -7.290189E-07  1.917507E-04 -1.910866E-02  2.038825E-08  2.039285E-08
  4.561000E+03 -1.260840E-07  1.061005E-04 -2.337061E-07  1.921781E-04 -1.412071E-02  2.038816E-08  2.039037E-08
  4.562000E+03  2.438871E-07  1.064651E-04  4.469338E-08  1.915080E-04 -1.382390E-02  2.038697E-08  2.039014E-08
  4.563000E+03  2.056395E-07  1.062569E-04 -6.660121E-07  1.919068E-04 -1.934022E-02  2.038760E-08  2.039203E-08
  4.564000E+03 -1.086894E-07  1.061462E-04 -3.202254E-07  1.920916E-04 -1.267078E-02  2.038816E-08  2.039006E-08
  4.565000E+03  1.953958E-07  1.064934E-04  5.122813E-08  1.914536E-04 -1.541742E-02  2.038612E-08  2.038987E-08
  4.566000E+03  2.297531E-07  1.061686E-04 -5.892033E-07  1.920557E-04 -1.879119E-02  2.038669E-08  2.039070E-08
  4.567000E+03 -7.843588E-08  1.062211E-04 -3.945640E-07  1.919455E-04 -1.177680E-02  2.038726E-08  2.038910E-08
  4.568000E+03  1.460984E-07  1.064804E-04  3.261337E-08  1.914731E-04 -1.710440E-02  2.038514E-08  2.038938E-08
  4.569000E+03  2.423916E-07  1.060980E-04 -5.009571E-07  1.921650E-04 -1.758302E-02  2.038517E-08  2.038859E-08
  4.570000E+03 -4.162698E-08  1.063093E-04 -4.514528E-07  1.917694E-04 -1.158603E-02  2.038551E-08  2.038757E-08
  4.571000E+03  1.032018E-07  1.064307E-04 -4.650197E-09  1.915587E-04 -1.855562E-02  2.038422E-08  2.038879E-08
  4.572000E+03  2.411377E-07  1.060608E-04 -4.136867E-07  1.922172E-04 -1.595095E-02  2.038410E-08  2.038690E-08
  4.573000E+03 -2.324944E-09  1.063965E-04 -4.825589E-07  1.916009E-04 -1.213480E-02  2.038416E-08  2.038667E-08
  4.574000E+03  7.235785E-08  1.063542E-04 -5.723551E-08  1.916985E-04 -1.950782E-02  2.038407E-08  2.038872E-08
  4.575000E+03  2.242321E-07  1.060659E-04 -3.372443E-07  1.922029E-04 -1.420075E-02  2.038412E-08  2.038637E-08
  4.576000E+03  3.864847E-08  1.064660E-04 -4.836441E-07  1.914742E-04 -1.334317E-02  2.038368E-08  2.038678E-08
  4.577000E+03  5.457307E-08  1.062631E-04 -1.243524E-07  1.918672E-04 -1.977376E-02  2.038442E-08  2.038890E-08
  4.578000E+03  1.965198E-07  1.061120E-04 -2.777972E-07  1.921208E-04 -1.265721E-02  2.038469E-08  2.038656E-08
  4.579000E+03  7.674399E-08  1.065039E-04 -4.605516E-07  1.914111E-04 -1.499877E-02  2.038374E-08  2.038747E-08
  4.580000E+03  5.000104E-08  1.061728E-04 -1.969907E-07  1.920336E-04 -1.927900E-02  2.038495E-08  2.038903E-08
  4.581000E+03  1.641130E-07  1.061920E-04 -2.408837E-07  1.919830E-04 -1.159663E-02  2.038569E-08  2.038742E-08
  4.582000E+03  1.069954E-07  1.065036E-04 -4.213149E-07  1.914259E-04 -1.680175E-02  2.038468E-08  2.038897E-08
  4.583000E+03  5.966816E-08  1.060998E-04 -2.660495E-07  1.921693E-04 -1.809953E-02  2.038580E-08  2.038931E-08
  4.584000E+03  1.286635E-07  1.062928E-04 -2.299795E-07  1.918126E-04 -1.122937E-02  2.038701E-08  2.038890E-08
  4.585000E+03  1.259736E-07  1.064657E-04 -3.663190E-07  1.915173E-04 -1.844656E-02  2.038654E-08  2.039123E-08
  4.586000E+03  8.291258E-08  1.060573E-04 -3.240721E-07  1.922544E-04 -1.641493E-02  2.038723E-08  2.039011E-08
  4.587000E+03  9.436387E-08  1.063962E-04 -2.473416E-07  1.916382E-04 -1.163934E-02  2.038820E-08  2.039051E-08
  4.588000E+03  1.310472E-07  1.063946E-04 -3.017374E-07  1.916683E-04 -1.964911E-02  2.038855E-08  2.039339E-08
  4.589000E+03  1.147997E-07  1.060539E-04 -3.615489E-07  1.922696E-04 -1.451198E-02  2.038879E-08  2.039107E-08
  4.590000E+03  6.781321E-08  1.064822E-04 -2.887005E-07  1.914919E-04 -1.277823E-02  2.038882E-08  2.039174E-08
  4.591000E+03  1.209420E-07  1.063014E-04 -2.397401E-07  1.918516E-04 -2.016864E-02  2.038994E-08  2.039468E-08
  4.592000E+03  1.499133E-07  1.060925E-04 -3.712855E-07  1.922077E-04 -1.272596E-02  2.039014E-08  2.039198E-08
  4.593000E+03  5.342210E-08  1.065341E-04 -3.469459E-07  1.914026E-04 -1.447410E-02  2.038876E-08  2.039238E-08
  4.594000E+03  9.599877E-08  1.061993E-04 -1.894815E-07  1.920353E-04 -1.987966E-02  2.038998E-08  2.039434E-08
  4.595000E+03  1.849427E-07  1.061667E-04 -3.511340E-07  1.920721E-04 -1.137722E-02  2.039035E-08  2.039198E-08
  4.596000E+03  5.154357E-08  1.065429E-04 -4.157275E-07  1.913878E-04 -1.642073E-02  2.038827E-08  2.039256E-08
  4.597000E+03  5.957602E-08  1.061074E-04 -1.545445E-07  1.921885E-04 -1.882160E-02  2.038902E-08  2.039279E-08
  4.598000E+03  2.167220E-07  1.062641E-04 -3.051347E-07  1.918858E-04 -1.073779E-02  2.038939E-08  2.039111E-08
  4.599000E+03  6.176254E-08  1.065079E-04 -4.883288E-07  1.914535E-04 -1.825001E-02  2.038792E-08  2.039271E-08
  4.600000E+03  1.717654E-08  1.060457E-04 -1.388029E-07  1.922856E-04 -1.716371E-02  2.038805E-08  2.039114E-08
  4.601000E+03  2.391402E-07  1.063667E-04 -2.391165E-07  1.916870E-04 -1.095072E-02  2.038788E-08  2.038998E-08
  4.602000E+03  8.490039E-08  1.064349E-04 -5.531726E-07  1.915868E-04 -1.963787E-02  2.038759E-08  2.039264E-08
  4.603000E+03 -2.565482E-08  1.060258E-04 -1.486514E-07  1.923085E-04 -1.520060E-02  2.038730E-08  2.038972E-08
  4.604000E+03  2.479418E-07  1.064577E-04 -1.605805E-07  1.915131E-04 -1.196591E-02  2.038659E-08  2.038926E-08
  4.605000E+03  1.206914E-07  1.063368E-04 -6.014805E-07  1.917632E-04 -2.038061E-02  2.038726E-08  2.039229E-08
  4.606000E+03 -6.691584E-08  1.060516E-04 -1.852691E-07  1.922548E-04 -1.326326E-02  2.038714E-08  2.038903E-08
  4.607000E+03  2.431957E-07  1.065233E-04 -7.360893E-08  1.913954E-04 -1.359922E-02  2.038619E-08  2.038956E-08
  4.608000E+03  1.675042E-07  1.062287E-04 -6.319952E-07  1.919556E-04 -2.036449E-02  2.038697E-08  2.039172E-08
  4.609000E+03 -1.050602E-07  1.061184E-04 -2.467005E-07  1.921301E-04 -1.167877E-02  2.038715E-08  2.038875E-08
  4.610000E+03  2.270609E-07  1.065491E-04  1.684367E-08  1.913533E-04 -1.558501E-02  2.038605E-08  2.039012E-08
  4.611000E+03  2.194954E-07  1.061280E-04 -6.440558E-07  1.921294E-04 -1.953581E-02  2.038642E-08  2.039065E-08
  4.612000E+03 -1.352746E-07  1.062128E-04 -3.253225E-07  1.919513E-04 -1.075184E-02  2.038650E-08  2.038810E-08
  4.613000E+03  2.009023E-07  1.065298E-04  9.993780E-08  1.913914E-04 -1.757389E-02  2.038574E-08  2.039038E-08
  4.614000E+03  2.719006E-07  1.060527E-04 -6.363285E-07  1.922547E-04 -1.801431E-02  2.038583E-08  2.038941E-08
  4.615000E+03 -1.522500E-07  1.063212E-04 -4.161031E-07  1.917503E-04 -1.063167E-02  2.038597E-08  2.038786E-08
  4.616000E+03  1.625392E-07  1.064709E-04  1.668710E-07  1.915058E-04 -1.924942E-02  2.038601E-08  2.039101E-08
  4.617000E+03  3.242184E-07  1.060185E-04 -6.040023E-07  1.923156E-04 -1.604156E-02  2.038639E-08  2.038926E-08
  4.618000E+03 -1.541848E-07  1.064269E-04 -5.195764E-07  1.915636E-04 -1.137083E-02  2.038621E-08  2.038866E-08
  4.619000E+03  1.112754E-07  1.063807E-04  2.146187E-07  1.916810E-04 -2.032980E-02  2.038696E-08  2.039202E-08
  4.620000E+03  3.757149E-07  1.060286E-04 -5.450504E-07  1.922971E-04 -1.398047E-02  2.038699E-08  2.038926E-08
  4.621000E+03 -1.424208E-07  1.065067E-04 -6.331197E-07  1.914210E-04 -1.282688E-02  2.038594E-08  2.038911E-08
  4.622000E+03  5.038638E-08  1.062729E-04  2.430747E-07  1.918763E-04 -2.062971E-02  2.038691E-08  2.039177E-08
  4.623000E+03  4.216866E-07  1.060773E-04 -4.620306E-07  1.921987E-04 -1.219373E-02  2.038641E-08  2.038826E-08
  4.624000E+03 -1.173543E-07  1.065477E-04 -7.469425E-07  1.913436E-04 -1.469053E-02  2.038503E-08  2.038895E-08
  4.625000E+03 -1.677269E-08  1.061677E-04  2.501648E-07  1.920576E-04 -2.011560E-02  2.038619E-08  2.039059E-08
  4.626000E+03  4.562001E-07  1.061592E-04 -3.566083E-07  1.920419E-04 -1.096976E-02  2.038579E-08  2.038750E-08
  4.627000E+03 -7.629702E-08  1.065495E-04 -8.514221E-07  1.913468E-04 -1.665936E-02  2.038508E-08  2.038967E-08
  4.628000E+03 -9.009656E-08  1.060834E-04  2.303972E-07  1.922052E-04 -1.890978E-02  2.038614E-08  2.038993E-08
  4.629000E+03  4.769783E-07  1.062624E-04 -2.270467E-07  1.918576E-04 -1.046640E-02  2.038614E-08  2.038798E-08
  4.630000E+03 -1.793682E-08  1.065135E-04 -9.431057E-07  1.914279E-04 -1.846713E-02  2.038618E-08  2.039127E-08
  4.631000E+03 -1.673857E-07  1.060297E-04  1.792531E-07  1.923013E-04 -1.719899E-02  2.038664E-08  2.038976E-08
  4.632000E+03  4.824606E-07  1.063686E-04 -7.643055E-08  1.916700E-04 -1.073788E-02  2.038648E-08  2.038869E-08
  4.633000E+03  5.605781E-08  1.064424E-04 -1.017430E-06  1.915692E-04 -1.984475E-02  2.038707E-08  2.039243E-08
  4.634000E+03 -2.416642E-07  1.060141E-04  9.411707E-08  1.923267E-04 -1.523735E-02  2.038697E-08  2.038944E-08
  4.635000E+03  4.688268E-07  1.064600E-04  8.449124E-08  1.915060E-04 -1.174667E-02  2.038632E-08  2.038909E-08
  4.636000E+03  1.417800E-07  1.063480E-04 -1.063375E-06  1.917464E-04 -2.057115E-02  2.038753E-08  2.039289E-08
  4.637000E+03 -3.056431E-07  1.060396E-04 -2.339661E-08  1.922766E-04 -1.335045E-02  2.038713E-08  2.038910E-08
  4.638000E+03  4.335140E-07  1.065248E-04  2.432647E-07  1.913937E-04 -1.331666E-02  2.038636E-08  2.038980E-08
  4.639000E+03  2.361802E-07  1.062454E-04 -1.073183E-06  1.919348E-04 -2.055306E-02  2.038789E-08  2.039298E-08
  4.640000E+03 -3.540070E-07  1.061028E-04 -1.717081E-07  1.921627E-04 -1.180004E-02  2.038758E-08  2.038928E-08
  4.641000E+03  3.758932E-07  1.065554E-04  3.897469E-07  1.913503E-04 -1.520715E-02  2.038704E-08  2.039113E-08
  4.642000E+03  3.342475E-07  1.061497E-04 -1.041302E-06  1.921094E-04 -1.981155E-02  2.038836E-08  2.039298E-08
  4.643000E+03 -3.812793E-07  1.061939E-04 -3.454336E-07  1.920007E-04 -1.082574E-02  2.038810E-08  2.038978E-08
  4.644000E+03  2.983437E-07  1.065455E-04  5.108976E-07  1.913827E-04 -1.713314E-02  2.038798E-08  2.039263E-08
  4.645000E+03  4.281919E-07  1.060753E-04 -9.658480E-07  1.922439E-04 -1.841864E-02  2.038887E-08  2.039286E-08
  4.646000E+03 -3.824777E-07  1.062983E-04 -5.331823E-07  1.918128E-04 -1.060004E-02  2.038822E-08  2.039016E-08
  4.647000E+03  2.051506E-07  1.064950E-04  5.930393E-07  1.914852E-04 -1.880045E-02  2.038862E-08  2.039362E-08
  4.648000E+03  5.117117E-07  1.060337E-04 -8.500406E-07  1.923137E-04 -1.658870E-02  2.038893E-08  2.039223E-08
  4.649000E+03 -3.568942E-07  1.063999E-04 -7.228976E-07  1.916290E-04 -1.114381E-02  2.038805E-08  2.039049E-08
  4.650000E+03  1.003927E-07  1.064138E-04  6.312589E-07  1.916393E-04 -1.997313E-02  2.038899E-08  2.039411E-08
  4.651000E+03  5.813530E-07  1.060316E-04 -6.991205E-07  1.923107E-04 -1.462823E-02  2.038884E-08  2.039152E-08
  4.652000E+03 -3.068974E-07  1.064846E-04 -9.056124E-07  1.914809E-04 -1.234105E-02  2.038822E-08  2.039133E-08
  4.653000E+03 -1.116151E-08  1.063172E-04  6.262367E-07  1.918217E-04 -2.048477E-02  2.038966E-08  2.039465E-08
  4.654000E+03  6.326757E-07  1.060680E-04 -5.188711E-07  1.922408E-04 -1.285829E-02  2.038891E-08  2.039113E-08
  4.655000E+03 -2.355723E-07  1.065370E-04 -1.069765E-06  1.913913E-04 -1.398248E-02  2.038827E-08  2.039210E-08
  4.656000E+03 -1.220798E-07  1.062173E-04  5.778127E-07  1.920004E-04 -2.025674E-02  2.038958E-08  2.039421E-08
  4.657000E+03  6.598772E-07  1.061349E-04 -3.192618E-07  1.921117E-04 -1.152697E-02  2.038839E-08  2.039037E-08
  4.658000E+03 -1.466973E-07  1.065497E-04 -1.200463E-06  1.913678E-04 -1.582760E-02  2.038762E-08  2.039212E-08
  4.659000E+03 -2.258988E-07  1.061270E-04  4.880498E-07  1.921501E-04 -1.932423E-02  2.038851E-08  2.039261E-08
  4.660000E+03  6.608566E-07  1.062247E-04 -1.114835E-07  1.919398E-04 -1.080110E-02  2.038757E-08  2.038955E-08
  4.661000E+03 -4.435073E-08  1.065242E-04 -1.289996E-06  1.914146E-04 -1.763677E-02  2.038713E-08  2.039217E-08
  4.662000E+03 -3.180053E-07  1.060624E-04  3.611957E-07  1.922542E-04 -1.783849E-02  2.038769E-08  2.039116E-08
  4.663000E+03  6.358527E-07  1.063241E-04  9.499021E-08  1.917546E-04 -1.080740E-02  2.038694E-08  2.038918E-08
  4.664000E+03  6.687301E-08  1.064662E-04 -1.334913E-06  1.915250E-04 -1.912863E-02  2.038721E-08  2.039259E-08
  4.665000E+03 -3.944140E-07  1.060306E-04  2.030731E-07  1.922974E-04 -1.607342E-02  2.038678E-08  2.038963E-08
  4.666000E+03  5.863141E-07  1.064142E-04  2.909116E-07  1.915850E-04 -1.149000E-02  2.038603E-08  2.038870E-08
  4.667000E+03  1.833639E-07  1.063840E-04 -1.335035E-06  1.916725E-04 -2.009531E-02  2.038678E-08  2.039227E-08
  4.668000E+03 -4.506588E-07  1.060326E-04  1.711486E-08  1.922768E-04 -1.426816E-02  2.038554E-08  2.038787E-08
  4.669000E+03  5.150082E-07  1.064835E-04  4.649386E-07  1.914523E-04 -1.268683E-02  2.038487E-08  2.038809E-08
  4.670000E+03  2.995718E-07  1.062911E-04 -1.291175E-06  1.918364E-04 -2.041611E-02  2.038625E-08  2.039160E-08
  4.671000E+03 -4.828166E-07  1.060719E-04 -1.888829E-07  1.921973E-04 -1.268187E-02  2.038509E-08  2.038707E-08
  4.672000E+03  4.259072E-07  1.065262E-04  6.057897E-07  1.913802E-04 -1.425120E-02  2.038493E-08  2.038873E-08
  4.673000E+03  4.096153E-07  1.062004E-04 -1.206283E-06  1.920005E-04 -2.006686E-02  2.038643E-08  2.039142E-08
  4.674000E+03 -4.896981E-07  1.061431E-04 -4.041193E-07  1.920696E-04 -1.154066E-02  2.038551E-08  2.038736E-08
  4.675000E+03  3.227327E-07  1.065365E-04  7.078905E-07  1.913758E-04 -1.600311E-02  2.038589E-08  2.039023E-08
  4.676000E+03  5.084216E-07  1.061214E-04 -1.083498E-06  1.921434E-04 -1.909777E-02  2.038682E-08  2.039127E-08
  4.677000E+03 -4.709232E-07  1.062333E-04 -6.187266E-07  1.919098E-04 -1.095653E-02  2.038599E-08  2.038794E-08
  4.678000E+03  2.083751E-07  1.065127E-04  7.680049E-07  1.914330E-04 -1.769836E-02  2.038685E-08  2.039160E-08
  4.679000E+03  5.913963E-07  1.060637E-04 -9.246957E-07  1.922450E-04 -1.764945E-02  2.038703E-08  2.039086E-08
  4.680000E+03 -4.268677E-07  1.063301E-04 -8.231504E-07  1.917393E-04 -1.098033E-02  2.038644E-08  2.038871E-08
  4.681000E+03  8.711095E-08  1.064590E-04  7.832289E-07  1.915434E-04 -1.910701E-02  2.038779E-08  2.039281E-08
  4.682000E+03  6.541569E-07  1.060374E-04 -7.347209E-07  1.922923E-04 -1.592060E-02  2.038759E-08  2.039078E-08
  4.683000E+03 -3.582501E-07  1.064224E-04 -1.007971E-06  1.915826E-04 -1.164568E-02  2.038729E-08  2.039008E-08
  4.684000E+03 -3.573087E-08  1.063807E-04  7.504469E-07  1.916988E-04 -2.002017E-02  2.038896E-08  2.039402E-08
  4.685000E+03  6.937918E-07  1.060487E-04 -5.217899E-07  1.922749E-04 -1.413293E-02  2.038846E-08  2.039109E-08
  4.686000E+03 -2.671514E-07  1.064956E-04 -1.165555E-06  1.914627E-04 -1.290984E-02  2.038825E-08  2.039167E-08
  4.687000E+03 -1.542410E-07  1.062880E-04  6.687847E-07  1.918779E-04 -2.026905E-02  2.039012E-08  2.039497E-08
  4.688000E+03  7.077518E-07  1.060951E-04 -2.955965E-07  1.921917E-04 -1.256014E-02  2.038899E-08  2.039121E-08
  4.689000E+03 -1.581961E-07  1.065363E-04 -1.286826E-06  1.913990E-04 -1.456656E-02  2.038877E-08  2.039287E-08
  4.690000E+03 -2.608403E-07  1.061948E-04  5.410507E-07  1.920462E-04 -1.983361E-02  2.039030E-08  2.039475E-08
  4.691000E+03  6.930188E-07  1.061674E-04 -6.878809E-08  1.920569E-04 -1.143329E-02  2.038884E-08  2.039088E-08
  4.692000E+03 -3.704236E-08  1.065402E-04 -1.360877E-06  1.913979E-04 -1.633739E-02  2.038885E-08  2.039355E-08
  4.693000E+03 -3.505161E-07  1.061139E-04  3.743254E-07  1.921811E-04 -1.880600E-02  2.038949E-08  2.039340E-08
  4.694000E+03  6.496824E-07  1.062577E-04  1.484860E-07  1.918899E-04 -1.088109E-02  2.038858E-08  2.039064E-08
  4.695000E+03  9.146838E-08  1.065098E-04 -1.383746E-06  1.914595E-04 -1.801906E-02  2.038900E-08  2.039417E-08
  4.696000E+03 -4.202980E-07  1.060588E-04  1.757962E-07  1.922709E-04 -1.731216E-02  2.038898E-08  2.039229E-08
  4.697000E+03  5.792786E-07  1.063552E-04  3.489430E-07  1.917149E-04 -1.101756E-02  2.038864E-08  2.039097E-08
  4.698000E+03  2.202966E-07  1.064486E-04 -1.352496E-06  1.915809E-04 -1.935828E-02  2.038970E-08  2.039512E-08
  4.699000E+03 -4.644925E-07  1.060376E-04 -4.526287E-08  1.923005E-04 -1.557244E-02  2.038862E-08  2.039136E-08
  4.700000E+03  4.866256E-07  1.064405E-04  5.170197E-07  1.915596E-04 -1.182200E-02  2.038827E-08  2.039105E-08
  4.701000E+03  3.393481E-07  1.063641E-04 -1.268174E-06  1.917364E-04 -2.012651E-02  2.038974E-08  2.039516E-08
  4.702000E+03 -4.787634E-07  1.060534E-04 -2.722781E-07  1.922623E-04 -1.384161E-02  2.038811E-08  2.039038E-08
  4.703000E+03  3.780343E-07  1.065004E-04  6.386037E-07  1.914474E-04 -1.317234E-02  2.038746E-08  2.039079E-08
  4.704000E+03  4.431977E-07  1.062685E-04 -1.138819E-06  1.919015E-04 -2.021525E-02  2.038892E-08  2.039410E-08
  4.705000E+03 -4.624093E-07  1.061059E-04 -4.949483E-07  1.921615E-04 -1.236815E-02  2.038792E-08  2.038989E-08
  4.706000E+03  2.593059E-07  1.065301E-04  7.073219E-07  1.913974E-04 -1.488026E-02  2.038732E-08  2.039123E-08
  4.707000E+03  5.281723E-07  1.061764E-04 -9.729447E-07  1.920581E-04 -1.963463E-02  2.038811E-08  2.039282E-08
  4.708000E+03 -4.172671E-07  1.061862E-04 -7.043206E-07  1.920137E-04 -1.137224E-02  2.038789E-08  2.038981E-08
  4.709000E+03  1.385140E-07  1.065267E-04  7.199582E-07  1.914142E-04 -1.668283E-02  2.038789E-08  2.039230E-08
  4.710000E+03  5.894568E-07  1.061003E-04 -7.826558E-07  1.921860E-04 -1.848160E-02  2.038751E-08  2.039162E-08
  4.711000E+03 -3.470688E-07  1.062792E-04 -8.875268E-07  1.918399E-04 -1.100068E-02  2.038736E-08  2.038946E-08
  4.712000E+03  2.201389E-08  1.064884E-04  6.785743E-07  1.914916E-04 -1.829118E-02  2.038823E-08  2.039301E-08
  4.713000E+03  6.236509E-07  1.060542E-04 -5.778131E-07  1.922634E-04 -1.689028E-02  2.038743E-08  2.039087E-08
  4.714000E+03 -2.574941E-07  1.063710E-04 -1.032875E-06  1.916696E-04 -1.133068E-02  2.038678E-08  2.038927E-08
  4.715000E+03 -8.525483E-08  1.064205E-04  5.903566E-07  1.916197E-04 -1.944628E-02  2.038842E-08  2.039334E-08
  4.716000E+03  6.313527E-07  1.060456E-04 -3.688542E-07  1.922749E-04 -1.512865E-02  2.038757E-08  2.039038E-08
  4.717000E+03 -1.568063E-07  1.064482E-04 -1.134497E-06  1.915310E-04 -1.229884E-02  2.038658E-08  2.038961E-08
  4.718000E+03 -1.797315E-07  1.063321E-04  4.688636E-07  1.917763E-04 -2.002239E-02  2.038790E-08  2.039274E-08
  4.719000E+03  6.146781E-07  1.060727E-04 -1.647441E-07  1.922171E-04 -1.346899E-02  2.038713E-08  2.038944E-08
  4.720000E+03 -5.071149E-08  1.065015E-04 -1.191762E-06  1.914373E-04 -1.375310E-02  2.038643E-08  2.039009E-08
  4.721000E+03 -2.564015E-07  1.062350E-04  3.212707E-07  1.919429E-04 -1.993704E-02  2.038701E-08  2.039156E-08
  4.722000E+03  5.733027E-07  1.061323E-04  2.471800E-08  1.920998E-04 -1.210729E-02  2.038650E-08  2.038850E-08
  4.723000E+03  5.919142E-08  1.065254E-04 -1.202651E-06  1.914024E-04 -1.549493E-02  2.038677E-08  2.039105E-08
  4.724000E+03 -3.119890E-07  1.061471E-04  1.479882E-07  1.921007E-04 -1.918232E-02  2.038718E-08  2.039124E-08
  4.725000E+03  5.099116E-07  1.062180E-04  1.906527E-07  1.919462E-04 -1.125368E-02  2.038684E-08  2.038876E-08
  4.726000E+03  1.679577E-07  1.065146E-04 -1.168329E-06  1.914370E-04 -1.726666E-02  2.038780E-08  2.039260E-08
  4.727000E+03 -3.445918E-07  1.060825E-04 -4.267551E-08  1.922201E-04 -1.788632E-02  2.038793E-08  2.039142E-08
  4.728000E+03  4.315067E-07  1.063136E-04  3.232464E-07  1.917792E-04 -1.107725E-02  2.038749E-08  2.038958E-08
  4.729000E+03  2.680050E-07  1.064674E-04 -1.096378E-06  1.915347E-04 -1.875817E-02  2.038862E-08  2.039375E-08
  4.730000E+03 -3.532057E-07  1.060503E-04 -2.363432E-07  1.922765E-04 -1.624485E-02  2.038829E-08  2.039119E-08
  4.731000E+03  3.429852E-07  1.064047E-04  4.162919E-07  1.916208E-04 -1.162167E-02  2.038797E-08  2.039044E-08
  4.732000E+03  3.528477E-07  1.063894E-04 -9.910893E-07  1.916815E-04 -1.973670E-02  2.038891E-08  2.039411E-08
  4.733000E+03 -3.370178E-07  1.060561E-04 -4.206780E-07  1.922612E-04 -1.446559E-02  2.038834E-08  2.039072E-08
  4.734000E+03  2.462277E-07  1.064794E-04  4.665466E-07  1.914929E-04 -1.283436E-02  2.038838E-08  2.039139E-08
  4.735000E+03  4.182344E-07  1.062930E-04 -8.526053E-07  1.918591E-04 -2.005452E-02  2.038918E-08  2.039418E-08
  4.736000E+03 -2.957823E-07  1.061011E-04 -5.873476E-07  1.921772E-04 -1.281813E-02  2.038853E-08  2.039053E-08
  4.737000E+03  1.447077E-07  1.065235E-04  4.705445E-07  1.914204E-04 -1.453625E-02  2.038862E-08  2.039226E-08
  4.738000E+03  4.623337E-07  1.061965E-04 -6.863388E-07  1.920355E-04 -1.963065E-02  2.038957E-08  2.039413E-08
  4.739000E+03 -2.337472E-07  1.061787E-04 -7.290373E-07  1.920373E-04 -1.163918E-02  2.038889E-08  2.039075E-08
  4.740000E+03  4.468722E-08  1.065261E-04  4.314643E-07  1.914248E-04 -1.638345E-02  2.038900E-08  2.039320E-08
  4.741000E+03  4.852893E-07  1.061189E-04 -5.049953E-07  1.921733E-04 -1.852178E-02  2.038973E-08  2.039368E-08
  4.742000E+03 -1.561870E-07  1.062738E-04 -8.415233E-07  1.918663E-04 -1.119130E-02  2.038909E-08  2.039109E-08
  4.743000E+03 -4.645628E-08  1.064873E-04  3.535926E-07  1.915042E-04 -1.802351E-02  2.038945E-08  2.039402E-08
  4.744000E+03  4.860750E-07  1.060724E-04 -3.225215E-07  1.922485E-04 -1.694379E-02  2.038934E-08  2.039261E-08
  4.745000E+03 -6.781246E-08  1.063683E-04 -9.187127E-07  1.916941E-04 -1.152057E-02  2.038882E-08  2.039121E-08
  4.746000E+03 -1.223573E-07  1.064146E-04  2.409495E-07  1.916382E-04 -1.920194E-02  2.038935E-08  2.039407E-08
  4.747000E+03  4.646708E-07  1.060644E-04 -1.516912E-07  1.922525E-04 -1.514592E-02  2.038880E-08  2.039144E-08
  4.748000E+03  2.636258E-08  1.064465E-04 -9.562761E-07  1.915505E-04 -1.255158E-02  2.038827E-08  2.039121E-08
  4.749000E+03 -1.788292E-07  1.063225E-04  1.000275E-07  1.918042E-04 -1.971498E-02  2.038913E-08  2.039375E-08
  4.750000E+03  4.214797E-07  1.060988E-04 -1.262199E-09  1.921851E-04 -1.346599E-02  2.038876E-08  2.039091E-08
  4.751000E+03  1.218154E-07  1.064941E-04 -9.511536E-07  1.914672E-04 -1.409903E-02  2.038809E-08  2.039166E-08
  4.752000E+03 -2.133946E-07  1.062281E-04 -6.220462E-08  1.919711E-04 -1.947207E-02  2.038887E-08  2.039316E-08
  4.753000E+03  3.586521E-07  1.061660E-04  1.219479E-07  1.920576E-04 -1.225095E-02  2.038845E-08  2.039036E-08
  4.754000E+03  2.105720E-07  1.065018E-04 -9.008437E-07  1.914565E-04 -1.583202E-02  2.038791E-08  2.039204E-08
  4.755000E+03 -2.254639E-07  1.061495E-04 -2.302282E-07  1.921044E-04 -1.854685E-02  2.038828E-08  2.039207E-08
  4.756000E+03  2.822399E-07  1.062503E-04  2.115764E-07  1.918972E-04 -1.170775E-02  2.038773E-08  2.038967E-08
  4.757000E+03  2.846137E-07  1.064722E-04 -8.106472E-07  1.915140E-04 -1.740612E-02  2.038783E-08  2.039235E-08
  4.758000E+03 -2.145647E-07  1.061020E-04 -3.883344E-07  1.921847E-04 -1.714411E-02  2.038819E-08  2.039142E-08
  4.759000E+03  1.981444E-07  1.063380E-04  2.616249E-07  1.917394E-04 -1.188536E-02  2.038774E-08  2.038994E-08
  4.760000E+03  3.404050E-07  1.064135E-04 -6.893971E-07  1.916274E-04 -1.858059E-02  2.038822E-08  2.039292E-08
  4.761000E+03 -1.816204E-07  1.060911E-04 -5.286291E-07  1.922046E-04 -1.552683E-02  2.038874E-08  2.039144E-08
  4.762000E+03  1.124205E-07  1.064146E-04  2.687687E-07  1.916081E-04 -1.271807E-02  2.038826E-08  2.039090E-08
  4.763000E+03  3.778415E-07  1.063325E-04 -5.491709E-07  1.917757E-04 -1.919874E-02  2.038824E-08  2.039287E-08
  4.764000E+03 -1.295304E-07  1.061149E-04 -6.484215E-07  1.921555E-04 -1.396779E-02  2.038857E-08  2.039086E-08
  4.765000E+03  3.140814E-08  1.064652E-04  2.334096E-07  1.915196E-04 -1.404882E-02  2.038816E-08  2.039135E-08
  4.766000E+03  3.949115E-07  1.062453E-04 -4.009873E-07  1.919318E-04 -1.911808E-02  2.038812E-08  2.039245E-08
  4.767000E+03 -6.128525E-08  1.061697E-04 -7.411111E-07  1.920480E-04 -1.276100E-02  2.038802E-08  2.039010E-08
  4.768000E+03 -3.963692E-08  1.064819E-04  1.570603E-07  1.914938E-04 -1.560285E-02  2.038813E-08  2.039185E-08
  4.769000E+03  3.894828E-07  1.061722E-04 -2.535829E-07  1.920667E-04 -1.836908E-02  2.038871E-08  2.039256E-08
  4.770000E+03  1.658740E-08  1.062459E-04 -7.968281E-07  1.919106E-04 -1.213782E-02  2.038821E-08  2.039032E-08
  4.771000E+03 -9.726764E-08  1.064624E-04  4.988828E-08  1.915356E-04 -1.710444E-02  2.038835E-08  2.039247E-08
  4.772000E+03  3.643714E-07  1.061241E-04 -1.162938E-07  1.921553E-04 -1.712585E-02  2.038933E-08  2.039262E-08
  4.773000E+03  9.559242E-08  1.063287E-04 -8.139631E-07  1.917649E-04 -1.218901E-02  2.038861E-08  2.039098E-08
  4.774000E+03 -1.393636E-07  1.064083E-04 -7.285024E-08  1.916360E-04 -1.828170E-02  2.038826E-08  2.039261E-08
  4.775000E+03  3.226145E-07  1.061077E-04  4.020902E-09  1.921782E-04 -1.561676E-02  2.038909E-08  2.039183E-08
  4.776000E+03  1.708348E-07  1.064032E-04 -7.944310E-07  1.916333E-04 -1.289842E-02  2.038871E-08  2.039152E-08
  4.777000E+03 -1.624846E-07  1.063303E-04 -2.042625E-07  1.917787E-04 -1.889602E-02  2.038824E-08  2.039257E-08
  4.778000E+03  2.640820E-07  1.061275E-04  1.005596E-07  1.921320E-04 -1.411475E-02  2.038846E-08  2.039074E-08
  4.779000E+03  2.401819E-07  1.064545E-04 -7.361456E-07  1.915418E-04 -1.416085E-02  2.038845E-08  2.039181E-08
  4.780000E+03 -1.646148E-07  1.062443E-04 -3.417878E-07  1.919356E-04 -1.881712E-02  2.038846E-08  2.039254E-08
  4.781000E+03  1.924483E-07  1.061817E-04  1.661278E-07  1.920275E-04 -1.290951E-02  2.038811E-08  2.039014E-08
  4.782000E+03  3.013063E-07  1.064720E-04 -6.444994E-07  1.915129E-04 -1.573292E-02  2.038824E-08  2.039215E-08
  4.783000E+03 -1.469038E-07  1.061690E-04 -4.797657E-07  1.920735E-04 -1.806628E-02  2.038892E-08  2.039258E-08
  4.784000E+03  1.151376E-07  1.062605E-04  1.966836E-07  1.918864E-04 -1.225958E-02  2.038841E-08  2.039044E-08
  4.785000E+03  3.495482E-07  1.064498E-04 -5.304239E-07  1.915575E-04 -1.727975E-02  2.038822E-08  2.039254E-08
  4.786000E+03 -1.122334E-07  1.061207E-04 -6.063672E-07  1.921605E-04 -1.677633E-02  2.038933E-08  2.039248E-08
  4.787000E+03  3.964394E-08  1.063483E-04  1.916063E-07  1.917345E-04 -1.235019E-02  2.038909E-08  2.039139E-08
  4.788000E+03  3.806859E-07  1.063897E-04 -4.053655E-07  1.916723E-04 -1.844892E-02  2.038848E-08  2.039298E-08
  4.789000E+03 -6.154386E-08  1.061113E-04 -7.123045E-07  1.921758E-04 -1.516705E-02  2.038968E-08  2.039232E-08
  4.790000E+03 -3.141573E-08  1.064266E-04  1.505461E-07  1.916014E-04 -1.323314E-02  2.038970E-08  2.039249E-08
  4.791000E+03  3.918551E-07  1.063037E-04 -2.721325E-07  1.918345E-04 -1.897672E-02  2.038904E-08  2.039344E-08
  4.792000E+03  3.271703E-09  1.061444E-04 -7.902025E-07  1.921136E-04 -1.358676E-02  2.038990E-08  2.039216E-08
  4.793000E+03 -9.526259E-08  1.064742E-04  7.492971E-08  1.915207E-04 -1.471884E-02  2.038982E-08  2.039321E-08
  4.794000E+03  3.817662E-07  1.062128E-04 -1.352052E-07  1.920022E-04 -1.870949E-02  2.038952E-08  2.039357E-08
  4.795000E+03  7.765173E-08  1.062121E-04 -8.335669E-07  1.919863E-04 -1.245303E-02  2.038967E-08  2.039180E-08
  4.796000E+03 -1.491827E-07  1.064776E-04 -2.839888E-08  1.915156E-04 -1.642318E-02  2.038937E-08  2.039333E-08
  4.797000E+03  3.515054E-07  1.061384E-04 -9.666373E-10  1.921319E-04 -1.769636E-02  2.038938E-08  2.039288E-08
  4.798000E+03  1.566945E-07  1.062989E-04 -8.403870E-07  1.918220E-04 -1.204589E-02  2.038898E-08  2.039126E-08
  4.799000E+03 -1.893969E-07  1.064356E-04 -1.528232E-07  1.915878E-04 -1.795397E-02  2.038848E-08  2.039283E-08
  4.800000E+03  3.057571E-07  1.060990E-04  1.189817E-07  1.921950E-04 -1.614156E-02  2.038904E-08  2.039192E-08
  4.801000E+03  2.339991E-07  1.063879E-04 -8.145989E-07  1.916587E-04 -1.247388E-02  2.038858E-08  2.039126E-08
  4.802000E+03 -2.104566E-07  1.063594E-04 -2.901429E-07  1.917256E-04 -1.897104E-02  2.038815E-08  2.039263E-08
  4.803000E+03  2.467224E-07  1.061059E-04  2.118082E-07  1.921800E-04 -1.439817E-02  2.038933E-08  2.039166E-08
  4.804000E+03  3.058889E-07  1.064586E-04 -7.574798E-07  1.915370E-04 -1.366566E-02  2.038886E-08  2.039214E-08
  4.805000E+03 -2.095973E-07  1.062645E-04 -4.353353E-07  1.918983E-04 -1.923841E-02  2.038821E-08  2.039254E-08
  4.806000E+03  1.745756E-07  1.061541E-04  2.718080E-07  1.920869E-04 -1.287402E-02  2.038914E-08  2.039111E-08
  4.807000E+03  3.700825E-07  1.064929E-04 -6.674285E-07  1.914798E-04 -1.532543E-02  2.038884E-08  2.039275E-08
  4.808000E+03 -1.889417E-07  1.061702E-04 -5.819998E-07  1.920624E-04 -1.869731E-02  2.038775E-08  2.039170E-08
  4.809000E+03  9.408326E-08  1.062313E-04  2.991691E-07  1.919340E-04 -1.189746E-02  2.038795E-08  2.038983E-08
  4.810000E+03  4.204185E-07  1.064830E-04 -5.487513E-07  1.914958E-04 -1.709034E-02  2.038806E-08  2.039251E-08
  4.811000E+03 -1.514468E-07  1.061000E-04 -7.152257E-07  1.921826E-04 -1.744232E-02  2.038747E-08  2.039088E-08
  4.812000E+03  1.216551E-08  1.063249E-04  2.939125E-07  1.917574E-04 -1.169654E-02  2.038719E-08  2.038928E-08
  4.813000E+03  4.500713E-07  1.064314E-04 -4.095139E-07  1.915873E-04 -1.861878E-02  2.038737E-08  2.039215E-08
  4.814000E+03 -9.797102E-08  1.060698E-04 -8.205632E-07  1.922371E-04 -1.570422E-02  2.038803E-08  2.039084E-08
  4.815000E+03 -6.556925E-08  1.064182E-04  2.529646E-07  1.915931E-04 -1.234299E-02  2.038744E-08  2.039000E-08
  4.816000E+03  4.584040E-07  1.063452E-04 -2.604409E-07  1.917414E-04 -1.960865E-02  2.038686E-08  2.039171E-08
  4.817000E+03 -3.189011E-08  1.060837E-04 -8.938441E-07  1.922104E-04 -1.381361E-02  2.038845E-08  2.039074E-08
  4.818000E+03 -1.337976E-07  1.064914E-04  1.785542E-07  1.914695E-04 -1.371477E-02  2.038794E-08  2.039115E-08
  4.819000E+03  4.478925E-07  1.062399E-04 -1.143477E-07  1.919293E-04 -1.981580E-02  2.038655E-08  2.039116E-08
  4.820000E+03  4.298180E-08  1.061390E-04 -9.367802E-07  1.921023E-04 -1.216822E-02  2.038803E-08  2.038999E-08
  4.821000E+03 -1.883553E-07  1.065287E-04  7.478273E-08  1.914111E-04 -1.554666E-02  2.038831E-08  2.039224E-08
  4.822000E+03  4.185851E-07  1.061395E-04  2.035638E-08  1.921138E-04 -1.915170E-02  2.038713E-08  2.039123E-08
  4.823000E+03  1.246348E-07  1.062282E-04 -9.477492E-07  1.919361E-04 -1.113228E-02  2.038777E-08  2.038970E-08
  4.824000E+03 -2.258941E-07  1.065209E-04 -5.717560E-08  1.914338E-04 -1.752592E-02  2.038858E-08  2.039314E-08
  4.825000E+03  3.705042E-07  1.060641E-04  1.369244E-07  1.922587E-04 -1.769822E-02  2.038855E-08  2.039197E-08
  4.826000E+03  2.088289E-07  1.063393E-04 -9.231684E-07  1.917420E-04 -1.091877E-02  2.038850E-08  2.039070E-08
  4.827000E+03 -2.470230E-07  1.064653E-04 -2.082802E-07  1.915431E-04 -1.930708E-02  2.038890E-08  2.039391E-08
  4.828000E+03  3.089640E-07  1.060277E-04  2.320333E-07  1.923322E-04 -1.567902E-02  2.039003E-08  2.039269E-08
  4.829000E+03  2.879793E-07  1.064532E-04 -8.672267E-07  1.915521E-04 -1.160182E-02  2.038997E-08  2.039272E-08
  4.830000E+03 -2.519811E-07  1.063689E-04 -3.630848E-07  1.917276E-04 -2.051575E-02  2.038957E-08  2.039472E-08
  4.831000E+03  2.377572E-07  1.060398E-04  3.029189E-07  1.923128E-04 -1.346401E-02  2.039096E-08  2.039295E-08
  4.832000E+03  3.565957E-07  1.065455E-04 -7.828483E-07  1.914011E-04 -1.314445E-02  2.039116E-08  2.039468E-08
  4.833000E+03 -2.392199E-07  1.062467E-04 -5.118825E-07  1.919554E-04 -2.082898E-02  2.039020E-08  2.039516E-08
  4.834000E+03  1.584231E-07  1.061021E-04  3.451521E-07  1.921943E-04 -1.148473E-02  2.039087E-08  2.039242E-08
  4.835000E+03  4.114673E-07  1.065936E-04 -6.703790E-07  1.913212E-04 -1.533498E-02  2.039122E-08  2.039559E-08
  4.836000E+03 -2.098626E-07  1.061208E-04 -6.472602E-07  1.921801E-04 -2.010381E-02  2.039018E-08  2.039461E-08
  4.837000E+03  7.720509E-08  1.062074E-04  3.556486E-07  1.919931E-04 -1.013629E-02  2.039005E-08  2.039148E-08
  4.838000E+03  4.494320E-07  1.065841E-04 -5.396590E-07  1.913362E-04 -1.780124E-02  2.039018E-08  2.039532E-08
  4.839000E+03 -1.655811E-07  1.060182E-04 -7.614333E-07  1.923544E-04 -1.840556E-02  2.038962E-08  2.039330E-08
  4.840000E+03  1.054457E-10  1.063392E-04  3.326324E-07  1.917457E-04 -9.753045E-03  2.038911E-08  2.039082E-08
  4.841000E+03  4.691916E-07  1.065145E-04 -4.016388E-07  1.914573E-04 -2.002656E-02  2.038889E-08  2.039456E-08
  4.842000E+03 -1.070123E-07  1.059635E-04 -8.512485E-07  1.924392E-04 -1.599728E-02  2.038892E-08  2.039175E-08
  4.843000E+03 -7.086294E-08  1.064735E-04  2.756615E-07  1.914994E-04 -1.051641E-02  2.038848E-08  2.039083E-08
  4.844000E+03  4.714869E-07  1.063944E-04 -2.609970E-07  1.916709E-04 -2.152478E-02  2.038798E-08  2.039379E-08
  4.845000E+03 -3.834308E-08  1.059725E-04 -9.146122E-07  1.924118E-04 -1.329868E-02  2.038856E-08  2.039061E-08
  4.846000E+03 -1.320208E-07  1.065819E-04  1.900007E-07  1.913052E-04 -1.238351E-02  2.038810E-08  2.039138E-08
  4.847000E+03  4.553643E-07  1.062451E-04 -1.243109E-07  1.919382E-04 -2.192520E-02  2.038760E-08  2.039311E-08
  4.848000E+03  3.552287E-08  1.060469E-04 -9.454126E-07  1.922682E-04 -1.087871E-02  2.038823E-08  2.038977E-08
  4.849000E+03 -1.790243E-07  1.066374E-04  8.178753E-08  1.912079E-04 -1.502795E-02  2.038762E-08  2.039192E-08
  4.850000E+03  4.198929E-07  1.060955E-04  4.874540E-10  1.921999E-04 -2.108301E-02  2.038702E-08  2.039184E-08
  4.851000E+03  1.114597E-07  1.061719E-04 -9.391049E-07  1.920307E-04 -9.263316E-03  2.038738E-08  2.038879E-08
  4.852000E+03 -2.118401E-07  1.066266E-04 -4.272556E-08  1.912306E-04 -1.789840E-02  2.038699E-08  2.039221E-08
  4.853000E+03  3.705306E-07  1.059769E-04  1.086614E-07  1.924007E-04 -1.912848E-02  2.038629E-08  2.039017E-08
  4.854000E+03  1.848400E-07  1.063254E-04 -9.026971E-07  1.917461E-04 -8.796288E-03  2.038670E-08  2.038842E-08
  4.855000E+03 -2.299147E-07  1.065516E-04 -1.747136E-07  1.913734E-04 -2.044457E-02  2.038689E-08  2.039273E-08
  4.856000E+03  3.142445E-07  1.059183E-04  1.931378E-07  1.925052E-04 -1.638668E-02  2.038709E-08  2.038992E-08
  4.857000E+03  2.501734E-07  1.064803E-04 -8.454918E-07  1.914740E-04 -9.656481E-03  2.038726E-08  2.038971E-08
  4.858000E+03 -2.294734E-07  1.064259E-04 -3.063736E-07  1.916171E-04 -2.214402E-02  2.038802E-08  2.039407E-08
  4.859000E+03  2.528467E-07  1.059323E-04  2.447812E-07  1.924891E-04 -1.340069E-02  2.038898E-08  2.039088E-08
  4.860000E+03  3.053663E-07  1.066036E-04 -7.693391E-07  1.912697E-04 -1.168919E-02  2.038864E-08  2.039208E-08
  4.861000E+03 -2.112675E-07  1.062692E-04 -4.328561E-07  1.919098E-04 -2.266536E-02  2.038886E-08  2.039466E-08
  4.862000E+03  1.874299E-07  1.060105E-04  2.641665E-07  1.923491E-04 -1.073967E-02  2.038985E-08  2.039112E-08
  4.863000E+03  3.494796E-07  1.066709E-04 -6.756310E-07  1.911641E-04 -1.446323E-02  2.038951E-08  2.039401E-08
  4.864000E+03 -1.804241E-07  1.061101E-04 -5.478872E-07  1.921931E-04 -2.191594E-02  2.038873E-08  2.039389E-08
  4.865000E+03  1.229123E-07  1.061366E-04  2.573884E-07  1.921120E-04 -8.881590E-03  2.038931E-08  2.039035E-08
  4.866000E+03  3.777022E-07  1.066715E-04 -5.701342E-07  1.911717E-04 -1.747315E-02  2.038947E-08  2.039492E-08
  4.867000E+03 -1.401772E-07  1.059815E-04 -6.390326E-07  1.924189E-04 -2.001534E-02  2.038876E-08  2.039299E-08
  4.868000E+03  6.284375E-08  1.062921E-04  2.279081E-07  1.918237E-04 -8.204132E-03  2.038866E-08  2.038993E-08
  4.869000E+03  3.875025E-07  1.066063E-04 -4.578159E-07  1.912968E-04 -2.021820E-02  2.038927E-08  2.039540E-08
  4.870000E+03 -9.107512E-08  1.059077E-04 -7.007359E-07  1.925507E-04 -1.727788E-02  2.038957E-08  2.039275E-08
  4.871000E+03  7.756041E-09  1.064531E-04  1.763727E-07  1.915360E-04 -8.837459E-03  2.038881E-08  2.039073E-08
  4.872000E+03  3.822596E-07  1.064842E-04 -3.426355E-07  1.915235E-04 -2.224047E-02  2.038918E-08  2.039559E-08
  4.873000E+03 -3.730909E-08  1.058986E-04 -7.362012E-07  1.925637E-04 -1.416412E-02  2.039017E-08  2.039237E-08
  4.874000E+03 -3.843594E-08  1.065911E-04  1.078545E-07  1.912964E-04 -1.062578E-02  2.038934E-08  2.039222E-08
  4.875000E+03  3.644292E-07  1.063257E-04 -2.345611E-07  1.918131E-04 -2.316787E-02  2.038919E-08  2.039542E-08
  4.876000E+03  1.657354E-08  1.059538E-04 -7.464729E-07  1.924517E-04 -1.125062E-02  2.038970E-08  2.039116E-08
  4.877000E+03 -6.976423E-08  1.066802E-04  2.638500E-08  1.911431E-04 -1.326157E-02  2.038940E-08  2.039338E-08
  4.878000E+03  3.347197E-07  1.061585E-04 -1.461906E-07  1.921132E-04 -2.281152E-02  2.038913E-08  2.039477E-08
  4.879000E+03  6.980081E-08  1.060676E-04 -7.323135E-07  1.922336E-04 -9.036734E-03  2.038893E-08  2.039002E-08
  4.880000E+03 -8.613311E-08  1.067052E-04 -6.656645E-08  1.911044E-04 -1.636772E-02  2.038910E-08  2.039416E-08
  4.881000E+03  2.968186E-07  1.060106E-04 -8.087153E-08  1.923774E-04 -2.117344E-02  2.038949E-08  2.039418E-08
  4.882000E+03  1.188643E-07  1.062273E-04 -6.981315E-07  1.919433E-04 -7.893215E-03  2.038898E-08  2.039015E-08
  4.883000E+03 -8.914051E-08  1.066592E-04 -1.625827E-07  1.911980E-04 -1.946943E-02  2.038917E-08  2.039509E-08
  4.884000E+03  2.552604E-07  1.059093E-04 -3.927236E-08  1.925584E-04 -1.849211E-02  2.039023E-08  2.039378E-08
  4.885000E+03  1.592195E-07  1.064049E-04 -6.491502E-07  1.916295E-04 -8.064059E-03  2.038966E-08  2.039138E-08
  4.886000E+03 -8.003723E-08  1.065475E-04 -2.514620E-07  1.914138E-04 -2.197423E-02  2.038974E-08  2.039615E-08
  4.887000E+03  2.110013E-07  1.058736E-04 -1.969788E-08  1.926164E-04 -1.525385E-02  2.039062E-08  2.039303E-08
  4.888000E+03  1.890708E-07  1.065654E-04 -5.857548E-07  1.913476E-04 -9.566438E-03  2.039010E-08  2.039276E-08
  4.889000E+03 -6.054907E-08  1.063866E-04 -3.281195E-07  1.917129E-04 -2.336268E-02  2.039012E-08  2.039653E-08
  4.890000E+03  1.669078E-07  1.059119E-04 -2.113278E-08  1.925342E-04 -1.202601E-02  2.039019E-08  2.039169E-08
  4.891000E+03  2.077612E-07  1.066758E-04 -5.131433E-07  1.911486E-04 -1.219427E-02  2.038941E-08  2.039321E-08
  4.892000E+03 -3.408547E-08  1.062041E-04 -3.883179E-07  1.920376E-04 -2.333021E-02  2.038963E-08  2.039553E-08
  4.893000E+03  1.288777E-07  1.060198E-04 -4.177189E-08  1.923215E-04 -9.402171E-03  2.038899E-08  2.038996E-08
  4.894000E+03  2.146625E-07  1.067153E-04 -4.426291E-07  1.910733E-04 -1.548880E-02  2.038801E-08  2.039295E-08
  4.895000E+03 -3.756475E-09  1.060355E-04 -4.281342E-07  1.923274E-04 -2.186638E-02  2.038866E-08  2.039364E-08
  4.896000E+03  1.008320E-07  1.061805E-04 -7.872063E-08  1.920187E-04 -7.882248E-03  2.038802E-08  2.038896E-08
  4.897000E+03  2.105838E-07  1.066782E-04 -3.827838E-07  1.911438E-04 -1.883148E-02  2.038726E-08  2.039314E-08
  4.898000E+03  2.770087E-08  1.059164E-04 -4.468524E-07  1.925303E-04 -1.924098E-02  2.038834E-08  2.039217E-08
  4.899000E+03  8.227073E-08  1.063631E-04 -1.260513E-07  1.916873E-04 -7.789742E-03  2.038784E-08  2.038927E-08
  4.900000E+03  1.977243E-07  1.065715E-04 -3.344841E-07  1.913488E-04 -2.155256E-02  2.038760E-08  2.039401E-08
  4.901000E+03  5.691115E-08  1.058697E-04 -4.460036E-07  1.926061E-04 -1.597910E-02  2.038855E-08  2.039121E-08
  4.902000E+03  7.262547E-08  1.065275E-04 -1.764949E-07  1.913917E-04 -9.158826E-03  2.038762E-08  2.038994E-08
  4.903000E+03  1.764707E-07  1.064155E-04 -2.969187E-07  1.916413E-04 -2.308851E-02  2.038816E-08  2.039458E-08
  4.904000E+03  8.097802E-08  1.059016E-04 -4.238870E-07  1.925374E-04 -1.274839E-02  2.038836E-08  2.039007E-08
  4.905000E+03  7.281340E-08  1.066404E-04 -2.250163E-07  1.911880E-04 -1.166811E-02  2.038698E-08  2.039040E-08
  4.906000E+03  1.489802E-07  1.062389E-04 -2.737763E-07  1.919555E-04 -2.320733E-02  2.038766E-08  2.039359E-08
  4.907000E+03  9.710868E-08  1.060026E-04 -3.824479E-07  1.923423E-04 -1.010600E-02  2.038775E-08  2.038888E-08
  4.908000E+03  8.177955E-08  1.066859E-04 -2.651008E-07  1.911081E-04 -1.481939E-02  2.038631E-08  2.039083E-08
  4.909000E+03  1.217462E-07  1.060777E-04 -2.684924E-07  1.922372E-04 -2.194852E-02  2.038717E-08  2.039223E-08
  4.910000E+03  1.025038E-07  1.061531E-04 -3.323390E-07  1.920650E-04 -8.531528E-03  2.038755E-08  2.038858E-08
  4.911000E+03  1.004870E-07  1.066611E-04 -2.919474E-07  1.911670E-04 -1.797939E-02  2.038679E-08  2.039222E-08
  4.912000E+03  9.927515E-08  1.059655E-04 -2.868581E-07  1.924393E-04 -1.960500E-02  2.038801E-08  2.039198E-08
  4.913000E+03  9.756470E-08  1.063213E-04 -2.829595E-07  1.917658E-04 -8.318908E-03  2.038808E-08  2.038947E-08
  4.914000E+03  1.288519E-07  1.065751E-04 -3.062909E-07  1.913469E-04 -2.052606E-02  2.038851E-08  2.039447E-08
  4.915000E+03  8.195760E-08  1.059195E-04 -3.290388E-07  1.925286E-04 -1.669939E-02  2.038970E-08  2.039257E-08
  4.916000E+03  8.572742E-08  1.064737E-04 -2.380336E-07  1.915021E-04 -9.407458E-03  2.038904E-08  2.039117E-08
  4.917000E+03  1.606460E-07  1.064438E-04 -3.097069E-07  1.916014E-04 -2.207302E-02  2.038981E-08  2.039585E-08
  4.918000E+03  7.198968E-08  1.059381E-04 -3.843983E-07  1.924950E-04 -1.374917E-02  2.039063E-08  2.039260E-08
  4.919000E+03  6.763864E-08  1.065848E-04 -2.025275E-07  1.913100E-04 -1.147285E-02  2.038940E-08  2.039245E-08
  4.920000E+03  1.895879E-07  1.062922E-04 -2.981208E-07  1.918793E-04 -2.243320E-02  2.039015E-08  2.039586E-08
  4.921000E+03  7.365214E-08  1.060137E-04 -4.439773E-07  1.923517E-04 -1.126344E-02  2.039062E-08  2.039201E-08
  4.922000E+03  4.138625E-08  1.066405E-04 -1.834073E-07  1.912168E-04 -1.410108E-02  2.038943E-08  2.039343E-08
  4.923000E+03  2.124441E-07  1.061501E-04 -2.649237E-07  1.921365E-04 -2.161024E-02  2.039054E-08  2.039556E-08
  4.924000E+03  8.630775E-08  1.061344E-04 -5.007329E-07  1.921296E-04 -9.678445E-03  2.039060E-08  2.039183E-08
  4.925000E+03  8.436080E-09  1.066356E-04 -1.806466E-07  1.912372E-04 -1.686176E-02  2.038980E-08  2.039464E-08
  4.926000E+03  2.267482E-07  1.060395E-04 -2.109509E-07  1.923373E-04 -1.976839E-02  2.039137E-08  2.039547E-08
  4.927000E+03  1.087821E-07  1.062788E-04 -5.487042E-07  1.918683E-04 -9.196360E-03  2.039067E-08  2.039213E-08
  4.928000E+03 -2.761192E-08  1.065729E-04 -1.949654E-07  1.913643E-04 -1.929784E-02  2.039045E-08  2.039585E-08
  4.929000E+03  2.301489E-07  1.059776E-04 -1.414247E-07  1.924466E-04 -1.729073E-02  2.039197E-08  2.039509E-08
  4.930000E+03  1.420543E-07  1.064183E-04 -5.840044E-07  1.916170E-04 -9.815373E-03  2.039058E-08  2.039264E-08
  4.931000E+03 -6.318161E-08  1.064658E-04 -2.313909E-07  1.915672E-04 -2.098417E-02  2.039086E-08  2.039648E-08
  4.932000E+03  2.222336E-07  1.059719E-04 -6.317801E-08  1.924472E-04 -1.466793E-02  2.039180E-08  2.039405E-08
  4.933000E+03  1.845101E-07  1.065275E-04 -6.044232E-07  1.914178E-04 -1.137589E-02  2.038993E-08  2.039279E-08
  4.934000E+03 -9.487563E-08  1.063314E-04 -2.895863E-07  1.918081E-04 -2.162695E-02  2.039045E-08  2.039589E-08
  4.935000E+03  2.033776E-07  1.060233E-04  1.664134E-08  1.923383E-04 -1.233146E-02  2.039079E-08  2.039243E-08
  4.936000E+03  2.335297E-07  1.065883E-04 -6.084734E-07  1.913021E-04 -1.363389E-02  2.038867E-08  2.039243E-08
  4.937000E+03 -1.188567E-07  1.061944E-04 -3.675700E-07  1.920469E-04 -2.111152E-02  2.038976E-08  2.039464E-08
  4.938000E+03  1.730592E-07  1.061245E-04  9.076905E-08  1.921398E-04 -1.069994E-02  2.038957E-08  2.039095E-08
  4.939000E+03  2.856726E-07  1.065916E-04 -5.921626E-07  1.912949E-04 -1.618437E-02  2.038776E-08  2.039233E-08
  4.940000E+03 -1.327989E-07  1.060842E-04 -4.604186E-07  1.922386E-04 -1.957173E-02  2.038958E-08  2.039367E-08
  4.941000E+03  1.300774E-07  1.062559E-04  1.555589E-07  1.918974E-04 -1.007738E-02  2.038919E-08  2.039071E-08
  4.942000E+03  3.372081E-07  1.065394E-04 -5.498864E-07  1.913998E-04 -1.849767E-02  2.038813E-08  2.039327E-08
  4.943000E+03 -1.341668E-07  1.060224E-04 -5.628049E-07  1.923466E-04 -1.736775E-02  2.038999E-08  2.039321E-08
  4.944000E+03  7.568024E-08  1.063853E-04  2.048481E-07  1.916634E-04 -1.055540E-02  2.038903E-08  2.039104E-08
  4.945000E+03  3.835629E-07  1.064421E-04 -4.802392E-07  1.915851E-04 -2.008160E-02  2.038861E-08  2.039396E-08
  4.946000E+03 -1.193474E-07  1.060158E-04 -6.686304E-07  1.923478E-04 -1.498868E-02  2.038961E-08  2.039208E-08
  4.947000E+03  1.275686E-08  1.064822E-04  2.289053E-07  1.914801E-04 -1.197333E-02  2.038776E-08  2.039047E-08
  4.948000E+03  4.215019E-07  1.063193E-04 -3.862590E-07  1.918026E-04 -2.062718E-02  2.038799E-08  2.039316E-08
  4.949000E+03 -8.605145E-08  1.060647E-04 -7.733532E-07  1.922412E-04 -1.292289E-02  2.038830E-08  2.039027E-08
  4.950000E+03 -5.546336E-08  1.065300E-04  2.203668E-07  1.913845E-04 -1.400957E-02  2.038619E-08  2.038967E-08
  4.951000E+03  4.484636E-07  1.062000E-04 -2.722432E-07  1.920096E-04 -2.006170E-02  2.038732E-08  2.039195E-08
  4.952000E+03 -3.489405E-08  1.061612E-04 -8.712994E-07  1.920584E-04 -1.157169E-02  2.038780E-08  2.038963E-08
  4.953000E+03 -1.237841E-07  1.065250E-04  1.760231E-07  1.913982E-04 -1.625342E-02  2.038601E-08  2.039016E-08
  4.954000E+03  4.589511E-07  1.061124E-04 -1.439306E-07  1.921684E-04 -1.858090E-02  2.038793E-08  2.039181E-08
  4.955000E+03  3.262544E-08  1.062801E-04 -9.501410E-07  1.918486E-04 -1.119897E-02  2.038840E-08  2.039046E-08
  4.956000E+03 -1.892921E-07  1.064726E-04  9.639450E-08  1.915121E-04 -1.815817E-02  2.038743E-08  2.039201E-08
  4.957000E+03  4.501388E-07  1.060733E-04 -4.757747E-09  1.922449E-04 -1.661708E-02  2.038925E-08  2.039235E-08
  4.958000E+03  1.121783E-07  1.063875E-04 -1.000497E-06  1.916616E-04 -1.181428E-02  2.038897E-08  2.039154E-08
  4.959000E+03 -2.497292E-07  1.063853E-04 -1.175276E-08  1.916859E-04 -1.928185E-02  2.038877E-08  2.039345E-08
  4.960000E+03  4.230563E-07  1.060854E-04  1.398571E-07  1.922238E-04 -1.464485E-02  2.038995E-08  2.039242E-08
  4.961000E+03  1.965300E-07  1.064591E-04 -1.018245E-06  1.915324E-04 -1.320959E-02  2.038859E-08  2.039182E-08
  4.962000E+03 -2.994210E-07  1.062840E-04 -1.387362E-07  1.918720E-04 -1.945235E-02  2.038907E-08  2.039353E-08
  4.963000E+03  3.773746E-07  1.061419E-04  2.787931E-07  1.921179E-04 -1.306644E-02  2.039002E-08  2.039212E-08
  4.964000E+03  2.816160E-07  1.064839E-04 -9.992483E-07  1.914852E-04 -1.500655E-02  2.038780E-08  2.039168E-08
  4.965000E+03 -3.317626E-07  1.061958E-04 -2.820394E-07  1.920300E-04 -1.871766E-02  2.038921E-08  2.039320E-08
  4.966000E+03  3.123537E-07  1.062283E-04  3.994111E-07  1.919619E-04 -1.222964E-02  2.039026E-08  2.039231E-08
  4.967000E+03  3.666975E-07  1.064640E-04 -9.413872E-07  1.915304E-04 -1.672259E-02  2.038824E-08  2.039260E-08
  4.968000E+03 -3.433889E-07  1.061431E-04 -4.430574E-07  1.921293E-04 -1.736765E-02  2.039012E-08  2.039356E-08
  4.969000E+03  2.320507E-07  1.063210E-04  4.914782E-07  1.918016E-04 -1.228357E-02  2.039101E-08  2.039329E-08
  4.970000E+03  4.477224E-07  1.064100E-04 -8.493469E-07  1.916466E-04 -1.796629E-02  2.038983E-08  2.039442E-08
  4.971000E+03 -3.333389E-07  1.061310E-04 -6.144692E-07  1.921589E-04 -1.576451E-02  2.039147E-08  2.039439E-08
  4.972000E+03  1.409965E-07  1.063975E-04  5.491867E-07  1.916702E-04 -1.308889E-02  2.039148E-08  2.039420E-08
  4.973000E+03  5.188516E-07  1.063358E-04 -7.272365E-07  1.917952E-04 -1.854513E-02  2.039120E-08  2.039575E-08
  4.974000E+03 -3.001901E-07  1.061560E-04 -7.857591E-07  1.921181E-04 -1.427529E-02  2.039242E-08  2.039497E-08
  4.975000E+03  4.128703E-08  1.064412E-04  5.678854E-07  1.915924E-04 -1.436397E-02  2.039123E-08  2.039446E-08
  4.976000E+03  5.764108E-07  1.062609E-04 -5.761237E-07  1.919375E-04 -1.839197E-02  2.039200E-08  2.039628E-08
  4.977000E+03 -2.466684E-07  1.062123E-04 -9.472116E-07  1.920205E-04 -1.325435E-02  2.039315E-08  2.039557E-08
  4.978000E+03 -6.186689E-08  1.064455E-04  5.485930E-07  1.915857E-04 -1.580167E-02  2.039089E-08  2.039457E-08
  4.979000E+03  6.161572E-07  1.061985E-04 -4.028497E-07  1.920482E-04 -1.755646E-02  2.039209E-08  2.039592E-08
  4.980000E+03 -1.765831E-07  1.062869E-04 -1.087042E-06  1.918851E-04 -1.287942E-02  2.039318E-08  2.039573E-08
  4.981000E+03 -1.618504E-07  1.064127E-04  4.933049E-07  1.916466E-04 -1.711384E-02  2.039065E-08  2.039465E-08
  4.982000E+03  6.320314E-07  1.061608E-04 -2.155219E-07  1.921090E-04 -1.624837E-02  2.039174E-08  2.039504E-08
  4.983000E+03 -8.873855E-08  1.063633E-04 -1.194097E-06  1.917426E-04 -1.317784E-02  2.039260E-08  2.039551E-08
  4.984000E+03 -2.545888E-07  1.063543E-04  3.961323E-07  1.917565E-04 -1.804616E-02  2.039081E-08  2.039495E-08
  4.985000E+03  6.222018E-07  1.061570E-04 -2.076112E-08  1.921118E-04 -1.479544E-02  2.039177E-08  2.039457E-08
  4.986000E+03  1.433048E-08  1.064242E-04 -1.262528E-06  1.916282E-04 -1.406894E-02  2.039186E-08  2.039528E-08
  4.987000E+03 -3.360292E-07  1.062802E-04  2.587010E-07  1.918923E-04 -1.838355E-02  2.039091E-08  2.039497E-08
  4.988000E+03  5.903025E-07  1.061895E-04  1.701794E-07  1.920509E-04 -1.349885E-02  2.039193E-08  2.039440E-08
  4.989000E+03  1.245142E-07  1.064528E-04 -1.292699E-06  1.915676E-04 -1.540756E-02  2.039048E-08  2.039446E-08
  4.990000E+03 -4.000365E-07  1.062024E-04  9.205798E-08  1.920247E-04 -1.797895E-02  2.039019E-08  2.039395E-08
  4.991000E+03  5.376626E-07  1.062514E-04  3.438345E-07  1.919280E-04 -1.266211E-02  2.039099E-08  2.039335E-08
  4.992000E+03  2.361396E-07  1.064397E-04 -1.282427E-06  1.915757E-04 -1.690101E-02  2.038834E-08  2.039281E-08
  4.993000E+03 -4.427101E-07  1.061403E-04 -9.573469E-08  1.921192E-04 -1.689311E-02  2.038868E-08  2.039197E-08
  4.994000E+03  4.623014E-07  1.063316E-04  4.940607E-07  1.917701E-04 -1.251483E-02  2.038962E-08  2.039215E-08
  4.995000E+03  3.460486E-07  1.063897E-04 -1.225029E-06  1.916584E-04 -1.819084E-02  2.038710E-08  2.039187E-08
  4.996000E+03 -4.625152E-07  1.061130E-04 -2.996437E-07  1.921560E-04 -1.537865E-02  2.038785E-08  2.039064E-08
  4.997000E+03  3.668094E-07  1.064130E-04  6.155579E-07  1.916191E-04 -1.314188E-02  2.038900E-08  2.039194E-08
  4.998000E+03  4.483863E-07  1.063123E-04 -1.120702E-06  1.918014E-04 -1.896776E-02  2.038718E-08  2.039199E-08
  4.999000E+03 -4.582854E-07  1.061285E-04 -5.089025E-07  1.921239E-04 -1.375769E-02  2.038790E-08  2.039028E-08
  5.000000E+03  2.562179E-07  1.064727E-04  7.016773E-07  1.915108E-04 -1.444675E-02  2.038854E-08  2.039205E-08
  5.001000E+03  5.364666E-07  1.062204E-04 -9.738361E-07  1.919701E-04 -1.899271E-02  2.038746E-08  2.039203E-08
  5.002000E+03 -4.272621E-07  1.061855E-04 -7.124360E-07  1.920178E-04 -1.241206E-02  2.038794E-08  2.039012E-08
  5.003000E+03  1.367647E-07  1.064909E-04  7.415391E-07  1.914736E-04 -1.617385E-02  2.038753E-08  2.039164E-08
  5.004000E+03  6.066217E-07  1.061345E-04 -7.938267E-07  1.921227E-04 -1.814393E-02  2.038750E-08  2.039156E-08
  5.005000E+03 -3.697172E-07  1.062762E-04 -9.026412E-07  1.918527E-04 -1.171337E-02  2.038798E-08  2.039024E-08
  5.006000E+03  1.529812E-08  1.064595E-04  7.298302E-07  1.915272E-04 -1.795612E-02  2.038661E-08  2.039118E-08
  5.007000E+03  6.564254E-07  1.060777E-04 -5.923592E-07  1.922201E-04 -1.655095E-02  2.038747E-08  2.039087E-08
  5.008000E+03 -2.893670E-07  1.063817E-04 -1.071463E-06  1.916671E-04 -1.188704E-02  2.038843E-08  2.039111E-08
  5.009000E+03 -1.010902E-07  1.063865E-04  6.679510E-07  1.916663E-04 -1.935167E-02  2.038690E-08  2.039170E-08
  5.010000E+03  6.806398E-07  1.060678E-04 -3.792029E-07  1.922391E-04 -1.458633E-02  2.038821E-08  2.039095E-08
  5.011000E+03 -1.896497E-07  1.064767E-04 -1.205436E-06  1.915097E-04 -1.294842E-02  2.038961E-08  2.039294E-08
  5.012000E+03 -2.075856E-07  1.062869E-04  5.586911E-07  1.918624E-04 -1.997799E-02  2.038839E-08  2.039311E-08
  5.013000E+03  6.769522E-07  1.061098E-04 -1.620533E-07  1.921700E-04 -1.270677E-02  2.038948E-08  2.039170E-08
  5.014000E+03 -7.686370E-08  1.065362E-04 -1.294522E-06  1.914172E-04 -1.472831E-02  2.039064E-08  2.039475E-08
  5.015000E+03 -2.994968E-07  1.061785E-04  4.106927E-07  1.920700E-04 -1.964248E-02  2.038977E-08  2.039410E-08
  5.016000E+03  6.462289E-07  1.061945E-04  4.892134E-08  1.920220E-04 -1.129466E-02  2.039039E-08  2.039238E-08
  5.017000E+03  4.039166E-08  1.065434E-04 -1.333106E-06  1.914084E-04 -1.687421E-02  2.039039E-08  2.039525E-08
  5.018000E+03 -3.712003E-07  1.060854E-04  2.364244E-07  1.922398E-04 -1.836361E-02  2.039040E-08  2.039409E-08
  5.019000E+03  5.902882E-07  1.063068E-04  2.408653E-07  1.918234E-04 -1.069212E-02  2.039097E-08  2.039305E-08
  5.020000E+03  1.577411E-07  1.064962E-04 -1.321099E-06  1.914955E-04 -1.889098E-02  2.038989E-08  2.039528E-08
  5.021000E+03 -4.188877E-07  1.060337E-04  4.141942E-08  1.923317E-04 -1.641589E-02  2.039090E-08  2.039386E-08
  5.022000E+03  5.119659E-07  1.064250E-04  4.036998E-07  1.916204E-04 -1.112547E-02  2.039193E-08  2.039445E-08
  5.023000E+03  2.719578E-07  1.064052E-04 -1.261436E-06  1.916690E-04 -2.030027E-02  2.039039E-08  2.039598E-08
  5.024000E+03 -4.424330E-07  1.060344E-04 -1.679458E-07  1.923298E-04 -1.419394E-02  2.039152E-08  2.039382E-08
  5.025000E+03  4.182505E-07  1.065240E-04  5.311926E-07  1.914543E-04 -1.252259E-02  2.039288E-08  2.039608E-08
  5.026000E+03  3.761839E-07  1.062881E-04 -1.162295E-06  1.918914E-04 -2.081742E-02  2.039135E-08  2.039678E-08
  5.027000E+03 -4.396842E-07  1.060849E-04 -3.797319E-07  1.922357E-04 -1.212224E-02  2.039181E-08  2.039364E-08
  5.028000E+03  3.129925E-07  1.065828E-04  6.157248E-07  1.913563E-04 -1.457418E-02  2.039313E-08  2.039711E-08
  5.029000E+03  4.646128E-07  1.061689E-04 -1.026444E-06  1.921126E-04 -2.036471E-02  2.039216E-08  2.039710E-08
  5.030000E+03 -4.097190E-07  1.061768E-04 -5.830605E-07  1.920689E-04 -1.062033E-02  2.039212E-08  2.039378E-08
  5.031000E+03  1.990376E-07  1.065889E-04  6.530085E-07  1.913474E-04 -1.690346E-02  2.039259E-08  2.039731E-08
  5.032000E+03  5.353566E-07  1.060690E-04 -8.579869E-07  1.922912E-04 -1.899031E-02  2.039247E-08  2.039669E-08
  5.033000E+03 -3.589750E-07  1.062962E-04 -7.686301E-07  1.918542E-04 -9.997618E-03  2.039236E-08  2.039420E-08
  5.034000E+03  8.431537E-08  1.065380E-04  6.491954E-07  1.914363E-04 -1.909222E-02  2.039153E-08  2.039678E-08
  5.035000E+03  5.842992E-07  1.060053E-04 -6.693351E-07  1.923933E-04 -1.689451E-02  2.039180E-08  2.039518E-08
  5.036000E+03 -2.897819E-07  1.064216E-04 -9.261761E-07  1.916249E-04 -1.039429E-02  2.039192E-08  2.039430E-08
  5.037000E+03 -2.409532E-08  1.064406E-04  6.029101E-07  1.916080E-04 -2.072939E-02  2.039049E-08  2.039598E-08
  5.038000E+03  6.058745E-07  1.059907E-04 -4.699512E-07  1.924017E-04 -1.446716E-02  2.039066E-08  2.039322E-08
  5.039000E+03 -2.009508E-07  1.065306E-04 -1.045532E-06  1.914254E-04 -1.173981E-02  2.039126E-08  2.039441E-08
  5.040000E+03 -1.223629E-07  1.063151E-04  5.084856E-07  1.918324E-04 -2.150936E-02  2.038997E-08  2.039536E-08
  5.041000E+03  5.999734E-07  1.060319E-04 -2.674411E-07  1.923152E-04 -1.214787E-02  2.039004E-08  2.039195E-08
  5.042000E+03 -9.729272E-08  1.066018E-04 -1.122360E-06  1.912957E-04 -1.385404E-02  2.039051E-08  2.039457E-08
  5.043000E+03 -2.061944E-07  1.061799E-04  3.719164E-07  1.920716E-04 -2.123749E-02  2.038954E-08  2.039448E-08
  5.044000E+03  5.714438E-07  1.061223E-04 -7.457890E-08  1.921404E-04 -1.034713E-02  2.038929E-08  2.039086E-08
  5.045000E+03  1.174601E-08  1.066175E-04 -1.158323E-06  1.912598E-04 -1.639939E-02  2.038889E-08  2.039384E-08
  5.046000E+03 -2.696298E-07  1.060580E-04  2.070849E-07  1.922782E-04 -1.989180E-02  2.038861E-08  2.039281E-08
  5.047000E+03  5.217802E-07  1.062479E-04  9.538061E-08  1.919008E-04 -9.432115E-03  2.038814E-08  2.038975E-08
  5.048000E+03  1.190585E-07  1.065740E-04 -1.150341E-06  1.913317E-04 -1.889258E-02  2.038734E-08  2.039299E-08
  5.049000E+03 -3.095116E-07  1.059754E-04  2.557017E-08  1.924124E-04 -1.770760E-02  2.038778E-08  2.039109E-08
  5.050000E+03  4.517056E-07  1.063872E-04  2.354738E-07  1.916439E-04 -9.607466E-03  2.038752E-08  2.038954E-08
  5.051000E+03  2.198479E-07  1.064796E-04 -1.095764E-06  1.915027E-04 -2.086891E-02  2.038669E-08  2.039271E-08
  5.052000E+03 -3.258774E-07  1.059476E-04 -1.629564E-07  1.924511E-04 -1.507733E-02  2.038742E-08  2.038985E-08
  5.053000E+03  3.657912E-07  1.065156E-04  3.418656E-07  1.914166E-04 -1.084832E-02  2.038766E-08  2.039041E-08
  5.054000E+03  3.074456E-07  1.063487E-04 -9.980715E-07  1.917430E-04 -2.197796E-02  2.038669E-08  2.039270E-08
  5.055000E+03 -3.172068E-07  1.059806E-04 -3.463957E-07  1.923828E-04 -1.245989E-02  2.038725E-08  2.038899E-08
  5.056000E+03  2.699303E-07  1.066075E-04  4.064585E-07  1.912588E-04 -1.297593E-02  2.038791E-08  2.039156E-08
  5.057000E+03  3.761415E-07  1.062039E-04 -8.642205E-07  1.920099E-04 -2.195243E-02  2.038729E-08  2.039286E-08
  5.058000E+03 -2.826409E-07  1.060722E-04 -5.140085E-07  1.922138E-04 -1.035324E-02  2.038744E-08  2.038879E-08
  5.059000E+03  1.700488E-07  1.066434E-04  4.224567E-07  1.912045E-04 -1.565880E-02  2.038819E-08  2.039276E-08
  5.060000E+03  4.246307E-07  1.060717E-04 -7.050022E-07  1.922538E-04 -2.073882E-02  2.038831E-08  2.039309E-08
  5.061000E+03 -2.270100E-07  1.062073E-04 -6.590401E-07  1.919740E-04 -9.144088E-03  2.038818E-08  2.038955E-08
  5.062000E+03  7.476882E-08  1.066164E-04  3.921895E-07  1.912672E-04 -1.841134E-02  2.038877E-08  2.039410E-08
  5.063000E+03  4.507259E-07  1.059769E-04 -5.358705E-07  1.924295E-04 -1.855804E-02  2.038956E-08  2.039336E-08
  5.064000E+03 -1.557322E-07  1.063606E-04 -7.724597E-07  1.917092E-04 -9.044020E-03  2.038946E-08  2.039125E-08
  5.065000E+03 -9.172476E-09  1.065311E-04  3.207798E-07  1.914372E-04 -2.069907E-02  2.038964E-08  2.039544E-08
  5.066000E+03  4.526336E-07  1.059389E-04 -3.688290E-07  1.925005E-04 -1.583791E-02  2.039074E-08  2.039352E-08
  5.067000E+03 -7.259653E-08  1.065035E-04 -8.474216E-07  1.914679E-04 -1.012358E-02  2.039096E-08  2.039351E-08
  5.068000E+03 -8.091380E-08  1.064017E-04  2.151048E-07  1.916860E-04 -2.206403E-02  2.039074E-08  2.039659E-08
  5.069000E+03  4.320081E-07  1.059656E-04 -2.070236E-07  1.924518E-04 -1.306562E-02  2.039154E-08  2.039347E-08
  5.070000E+03  1.694191E-08  1.066075E-04 -8.825828E-07  1.912933E-04 -1.222866E-02  2.039178E-08  2.039529E-08
  5.071000E+03 -1.368531E-07  1.062513E-04  8.304408E-08  1.919657E-04 -2.222376E-02  2.039157E-08  2.039703E-08
  5.072000E+03  3.912000E-07  1.060512E-04 -5.970363E-08  1.922927E-04 -1.074065E-02  2.039168E-08  2.039308E-08
  5.073000E+03  1.047615E-07  1.066529E-04 -8.757179E-07  1.912184E-04 -1.494519E-02  2.039173E-08  2.039623E-08
  5.074000E+03 -1.707509E-07  1.061105E-04 -6.442073E-08  1.922187E-04 -2.118619E-02  2.039185E-08  2.039659E-08
  5.075000E+03  3.333950E-07  1.061790E-04  5.786779E-08  1.920577E-04 -9.299708E-03  2.039161E-08  2.039286E-08
  5.076000E+03  1.852664E-07  1.066358E-04 -8.284408E-07  1.912570E-04 -1.773871E-02  2.039164E-08  2.039696E-08
  5.077000E+03 -1.824802E-07  1.060061E-04 -2.161540E-07  1.924042E-04 -1.918299E-02  2.039227E-08  2.039609E-08
  5.078000E+03  2.648452E-07  1.063261E-04  1.400862E-07  1.917928E-04 -8.993815E-03  2.039176E-08  2.039330E-08
  5.079000E+03  2.550157E-07  1.065597E-04 -7.503707E-07  1.914035E-04 -2.008993E-02  2.039179E-08  2.039762E-08
  5.080000E+03 -1.733987E-07  1.059551E-04 -3.640799E-07  1.924900E-04 -1.658658E-02  2.039249E-08  2.039536E-08
  5.081000E+03  1.897011E-07  1.064653E-04  1.861287E-07  1.915457E-04 -9.836529E-03  2.039199E-08  2.039415E-08
  5.082000E+03  3.096733E-07  1.064407E-04 -6.461377E-07  1.916255E-04 -2.161208E-02  2.039200E-08  2.039796E-08
  5.083000E+03 -1.419020E-07  1.059632E-04 -5.008578E-07  1.924662E-04 -1.388042E-02  2.039236E-08  2.039443E-08
  5.084000E+03  1.098950E-07  1.065725E-04  1.911184E-07  1.913556E-04 -1.164215E-02  2.039187E-08  2.039487E-08
  5.085000E+03  3.464082E-07  1.063003E-04 -5.172027E-07  1.918799E-04 -2.208575E-02  2.039191E-08  2.039760E-08
  5.086000E+03 -9.197804E-08  1.060265E-04 -6.173874E-07  1.923396E-04 -1.153689E-02  2.039173E-08  2.039326E-08
  5.087000E+03  3.096960E-08  1.066296E-04  1.583262E-07  1.912525E-04 -1.407059E-02  2.039115E-08  2.039507E-08
  5.088000E+03  3.644534E-07  1.061620E-04 -3.740470E-07  1.921222E-04 -2.144428E-02  2.039139E-08  2.039646E-08
  5.089000E+03 -3.029511E-08  1.061334E-04 -7.064221E-07  1.921333E-04 -9.935594E-03  2.039076E-08  2.039209E-08
  5.090000E+03 -3.962158E-08  1.066302E-04  9.477484E-08  1.912519E-04 -1.670152E-02  2.039038E-08  2.039512E-08
  5.091000E+03  3.610901E-07  1.060482E-04 -2.293218E-07  1.923154E-04 -1.983796E-02  2.039069E-08  2.039490E-08
  5.092000E+03  4.071742E-08  1.062661E-04 -7.604200E-07  1.918846E-04 -9.287020E-03  2.038995E-08  2.039147E-08
  5.093000E+03 -9.653079E-08  1.065765E-04  7.703954E-10  1.913522E-04 -1.910337E-02  2.038993E-08  2.039527E-08
  5.094000E+03  3.341023E-07  1.059782E-04 -9.187704E-08  1.924302E-04 -1.755922E-02  2.039026E-08  2.039353E-08
  5.095000E+03  1.203362E-07  1.064004E-04 -7.743097E-07  1.916368E-04 -9.694503E-03  2.038927E-08  2.039132E-08
  5.096000E+03 -1.378754E-07  1.064761E-04 -1.238442E-07  1.915334E-04 -2.086879E-02  2.038929E-08  2.039492E-08
  5.097000E+03  2.869939E-07  1.059624E-04  3.150656E-08  1.924447E-04 -1.499309E-02  2.038962E-08  2.039200E-08
  5.098000E+03  2.033335E-07  1.065118E-04 -7.506589E-07  1.914278E-04 -1.110450E-02  2.038807E-08  2.039089E-08
  5.099000E+03 -1.614786E-07  1.063444E-04 -2.704269E-07  1.917627E-04 -2.168522E-02  2.038809E-08  2.039362E-08
  5.100000E+03  2.253875E-07  1.060030E-04  1.316439E-07  1.923524E-04 -1.258769E-02  2.038832E-08  2.039002E-08
  5.101000E+03  2.793600E-07  1.065819E-04 -6.919117E-07  1.912949E-04 -1.324716E-02  2.038678E-08  2.039047E-08
  5.102000E+03 -1.614469E-07  1.062081E-04 -4.232236E-07  1.919996E-04 -2.141598E-02  2.038722E-08  2.039231E-08
  5.103000E+03  1.509677E-07  1.060936E-04  1.952518E-07  1.921752E-04 -1.078440E-02  2.038738E-08  2.038874E-08
  5.104000E+03  3.421695E-07  1.066017E-04 -5.961086E-07  1.912645E-04 -1.571595E-02  2.038661E-08  2.039113E-08
  5.105000E+03 -1.364670E-07  1.060930E-04 -5.708065E-07  1.922052E-04 -2.015447E-02  2.038747E-08  2.039185E-08
  5.106000E+03  6.619659E-08  1.062168E-04  2.175843E-07  1.919507E-04 -9.879572E-03  2.038739E-08  2.038878E-08
  5.107000E+03  3.887409E-07  1.065695E-04 -4.656126E-07  1.913377E-04 -1.808175E-02  2.038744E-08  2.039259E-08
  5.108000E+03 -8.998882E-08  1.060163E-04 -7.041536E-07  1.923450E-04 -1.815821E-02  2.038835E-08  2.039190E-08
  5.109000E+03 -2.109488E-08  1.063477E-04  1.988739E-07  1.917185E-04 -9.968239E-03  2.038780E-08  2.038957E-08
  5.110000E+03  4.142414E-07  1.064902E-04 -3.120245E-07  1.914942E-04 -1.993896E-02  2.038821E-08  2.039369E-08
  5.111000E+03 -2.425875E-08  1.059903E-04 -8.116317E-07  1.923920E-04 -1.579972E-02  2.038914E-08  2.039189E-08
  5.112000E+03 -1.029258E-07  1.064623E-04  1.368065E-07  1.915178E-04 -1.102145E-02  2.038819E-08  2.039060E-08
  5.113000E+03  4.161185E-07  1.063784E-04 -1.491974E-07  1.917045E-04 -2.095198E-02  2.038874E-08  2.039419E-08
  5.114000E+03  5.694746E-08  1.060181E-04 -8.848814E-07  1.923382E-04 -1.351374E-02  2.038947E-08  2.039160E-08
  5.115000E+03 -1.738219E-07  1.065427E-04  3.428540E-08  1.913829E-04 -1.282601E-02  2.038877E-08  2.039197E-08
  5.116000E+03  3.948149E-07  1.062562E-04  1.148966E-08  1.919321E-04 -2.097513E-02  2.038949E-08  2.039455E-08
  5.117000E+03  1.469791E-07  1.060938E-04 -9.191019E-07  1.922014E-04 -1.167646E-02  2.038999E-08  2.039177E-08
  5.118000E+03 -2.267536E-07  1.065786E-04 -1.013397E-07  1.913363E-04 -1.503300E-02  2.039005E-08  2.039405E-08
  5.119000E+03  3.505922E-07  1.061474E-04  1.556875E-07  1.921378E-04 -2.007892E-02  2.039083E-08  2.039526E-08
  5.120000E+03  2.390540E-07  1.062017E-04 -9.090164E-07  1.920133E-04 -1.059394E-02  2.039100E-08  2.039275E-08
  5.121000E+03 -2.586410E-07  1.065644E-04 -2.590753E-07  1.913820E-04 -1.724624E-02  2.039147E-08  2.039613E-08
  5.122000E+03  2.856244E-07  1.060705E-04  2.753474E-07  1.922853E-04 -1.844592E-02  2.039231E-08  2.039597E-08
  5.123000E+03  3.271190E-07  1.063205E-04 -8.538145E-07  1.918072E-04 -1.044044E-02  2.039192E-08  2.039396E-08
  5.124000E+03 -2.687078E-07  1.065031E-04 -4.274223E-07  1.915089E-04 -1.904696E-02  2.039259E-08  2.039766E-08
  5.125000E+03  2.036469E-07  1.060369E-04  3.657136E-07  1.923488E-04 -1.638316E-02  2.039334E-08  2.039620E-08
  5.126000E+03  4.069117E-07  1.064265E-04 -7.573552E-07  1.916201E-04 -1.120062E-02  2.039217E-08  2.039474E-08
  5.127000E+03 -2.558959E-07  1.064085E-04 -5.987213E-07  1.916853E-04 -2.014259E-02  2.039281E-08  2.039798E-08
  5.128000E+03  1.102570E-07  1.060498E-04  4.198708E-07  1.923221E-04 -1.428994E-02  2.039363E-08  2.039584E-08
  5.129000E+03  4.728664E-07  1.065042E-04 -6.261240E-07  1.914826E-04 -1.267954E-02  2.039205E-08  2.039529E-08
  5.130000E+03 -2.200139E-07  1.063003E-04 -7.619518E-07  1.918802E-04 -2.039629E-02  2.039268E-08  2.039766E-08
  5.131000E+03  1.294544E-08  1.061037E-04  4.310256E-07  1.922152E-04 -1.256315E-02  2.039314E-08  2.039494E-08
  5.132000E+03  5.197208E-07  1.065410E-04 -4.706711E-07  1.914187E-04 -1.453972E-02  2.039179E-08  2.039569E-08
  5.133000E+03 -1.629408E-07  1.062003E-04 -9.049323E-07  1.920564E-04 -1.981181E-02  2.039244E-08  2.039699E-08
  5.134000E+03 -8.374059E-08  1.061862E-04  3.990633E-07  1.920563E-04 -1.148783E-02  2.039238E-08  2.039406E-08
  5.135000E+03  5.469485E-07  1.065353E-04 -2.996831E-07  1.914341E-04 -1.642347E-02  2.039173E-08  2.039619E-08
  5.136000E+03 -8.722704E-08  1.061248E-04 -1.024423E-06  1.921870E-04 -1.856853E-02  2.039229E-08  2.039626E-08
  5.137000E+03 -1.778622E-07  1.062801E-04  3.274500E-07  1.918785E-04 -1.117208E-02  2.039160E-08  2.039343E-08
  5.138000E+03  5.534952E-07  1.064912E-04 -1.161539E-07  1.915160E-04 -1.802988E-02  2.039145E-08  2.039627E-08
  5.139000E+03  3.726512E-09  1.060816E-04 -1.115395E-06  1.922540E-04 -1.693659E-02  2.039169E-08  2.039506E-08
  5.140000E+03 -2.638535E-07  1.063674E-04  2.182574E-07  1.917092E-04 -1.158353E-02  2.039024E-08  2.039247E-08
  5.141000E+03  5.369816E-07  1.064172E-04  7.076759E-08  1.916422E-04 -1.912361E-02  2.039030E-08  2.039522E-08
  5.142000E+03  1.042457E-07  1.060738E-04 -1.168214E-06  1.922487E-04 -1.520869E-02  2.039019E-08  2.039303E-08
  5.143000E+03 -3.345172E-07  1.064360E-04  7.672956E-08  1.915709E-04 -1.260568E-02  2.038842E-08  2.039119E-08
  5.144000E+03  4.968038E-07  1.063268E-04  2.471360E-07  1.917914E-04 -1.957842E-02  2.038866E-08  2.039346E-08
  5.145000E+03  2.089376E-07  1.061033E-04 -1.177051E-06  1.921773E-04 -1.363973E-02  2.038875E-08  2.039121E-08
  5.146000E+03 -3.845450E-07  1.064797E-04 -9.083862E-08  1.914873E-04 -1.405367E-02  2.038749E-08  2.039087E-08
  5.147000E+03  4.324437E-07  1.062376E-04  4.027277E-07  1.919446E-04 -1.936884E-02  2.038791E-08  2.039236E-08
  5.148000E+03  3.151720E-07  1.061644E-04 -1.138615E-06  1.920595E-04 -1.246991E-02  2.038830E-08  2.039058E-08
  5.149000E+03 -4.106175E-07  1.064926E-04 -2.820018E-07  1.914715E-04 -1.566996E-02  2.038780E-08  2.039175E-08
  5.150000E+03  3.446809E-07  1.061632E-04  5.302058E-07  1.920780E-04 -1.855086E-02  2.038811E-08  2.039205E-08
  5.151000E+03  4.195471E-07  1.062431E-04 -1.051563E-06  1.919142E-04 -1.189003E-02  2.038811E-08  2.039045E-08
  5.152000E+03 -4.111393E-07  1.064713E-04 -4.912893E-07  1.915182E-04 -1.718663E-02  2.038819E-08  2.039259E-08
  5.153000E+03  2.387702E-07  1.061133E-04  6.218686E-07  1.921672E-04 -1.726521E-02  2.038846E-08  2.039182E-08
  5.154000E+03  5.149374E-07  1.063254E-04 -9.203563E-07  1.917618E-04 -1.197258E-02  2.038769E-08  2.039029E-08
  5.155000E+03 -3.854761E-07  1.064190E-04 -7.049255E-07  1.916167E-04 -1.836419E-02  2.038822E-08  2.039289E-08
  5.156000E+03  1.220503E-07  1.060972E-04  6.701624E-07  1.921958E-04 -1.573233E-02  2.038891E-08  2.039171E-08
  5.157000E+03  5.923038E-07  1.063979E-04 -7.520091E-07  1.916303E-04 -1.269887E-02  2.038741E-08  2.039044E-08
  5.158000E+03 -3.342718E-07  1.063466E-04 -9.041964E-07  1.917528E-04 -1.897658E-02  2.038858E-08  2.039328E-08
  5.159000E+03  1.124860E-09  1.061187E-04  6.707316E-07  1.921588E-04 -1.425909E-02  2.038958E-08  2.039194E-08
  5.160000E+03  6.454684E-07  1.064487E-04 -5.545046E-07  1.915490E-04 -1.389296E-02  2.038817E-08  2.039170E-08
  5.161000E+03 -2.591789E-07  1.062693E-04 -1.075274E-06  1.918989E-04 -1.896495E-02  2.038929E-08  2.039382E-08
  5.162000E+03 -1.189366E-07  1.061686E-04  6.225594E-07  1.920704E-04 -1.310989E-02  2.039009E-08  2.039222E-08
  5.163000E+03  6.719501E-07  1.064715E-04 -3.359071E-07  1.915247E-04 -1.528200E-02  2.038955E-08  2.039354E-08
  5.164000E+03 -1.624576E-07  1.062013E-04 -1.211239E-06  1.920277E-04 -1.841345E-02  2.039013E-08  2.039433E-08
  5.165000E+03 -2.320705E-07  1.062340E-04  5.249992E-07  1.919519E-04 -1.245042E-02  2.039023E-08  2.039233E-08
  5.166000E+03  6.703596E-07  1.064627E-04 -1.072123E-07  1.915529E-04 -1.661897E-02  2.039042E-08  2.039476E-08
  5.167000E+03 -4.868322E-08  1.061541E-04 -1.305385E-06  1.921169E-04 -1.742180E-02  2.039091E-08  2.039469E-08
  5.168000E+03 -3.302333E-07  1.063033E-04  3.803635E-07  1.918247E-04 -1.238123E-02  2.039004E-08  2.039232E-08
  5.169000E+03  6.396141E-07  1.064222E-04  1.163435E-07  1.916291E-04 -1.766815E-02  2.039041E-08  2.039493E-08
  5.170000E+03  7.508609E-08  1.061346E-04 -1.349498E-06  1.921500E-04 -1.614803E-02  2.039110E-08  2.039445E-08
  5.171000E+03 -4.052436E-07  1.063670E-04  1.958350E-07  1.917102E-04 -1.287523E-02  2.038994E-08  2.039257E-08
  5.172000E+03  5.816828E-07  1.063614E-04  3.166353E-07  1.917396E-04 -1.829167E-02  2.039029E-08  2.039478E-08
  5.173000E+03  1.989581E-07  1.061454E-04 -1.339071E-06  1.921281E-04 -1.484370E-02  2.039126E-08  2.039424E-08
  5.174000E+03 -4.527303E-07  1.064162E-04 -1.244829E-08  1.916295E-04 -1.380718E-02  2.039055E-08  2.039363E-08
  5.175000E+03  5.019276E-07  1.062958E-04  4.802925E-07  1.918636E-04 -1.843373E-02  2.039083E-08  2.039513E-08
  5.176000E+03  3.142343E-07  1.061822E-04 -1.277436E-06  1.920640E-04 -1.376926E-02  2.039186E-08  2.039460E-08
  5.177000E+03 -4.725799E-07  1.064434E-04 -2.271044E-07  1.915958E-04 -1.496111E-02  2.039183E-08  2.039536E-08
  5.178000E+03  4.047053E-07  1.062374E-04  6.033593E-07  1.919788E-04 -1.809561E-02  2.039199E-08  2.039596E-08
  5.179000E+03  4.183275E-07  1.062351E-04 -1.171134E-06  1.919724E-04 -1.310547E-02  2.039246E-08  2.039513E-08
  5.180000E+03 -4.661632E-07  1.064426E-04 -4.417617E-07  1.916076E-04 -1.613362E-02  2.039256E-08  2.039648E-08
  5.181000E+03  2.943198E-07  1.061940E-04  6.849083E-07  1.920649E-04 -1.731924E-02  2.039309E-08  2.039664E-08
  5.182000E+03  5.094306E-07  1.062950E-04 -1.027268E-06  1.918667E-04 -1.293540E-02  2.039276E-08  2.039553E-08
  5.183000E+03 -4.364196E-07  1.064148E-04 -6.502742E-07  1.916621E-04 -1.713135E-02  2.039270E-08  2.039689E-08
  5.184000E+03  1.779233E-07  1.061711E-04  7.247262E-07  1.921072E-04 -1.627227E-02  2.039354E-08  2.039665E-08
  5.185000E+03  5.823487E-07  1.063505E-04 -8.557645E-07  1.917659E-04 -1.323425E-02  2.039260E-08  2.039560E-08
  5.186000E+03 -3.847559E-07  1.063689E-04 -8.409997E-07  1.917451E-04 -1.778988E-02  2.039249E-08  2.039680E-08
  5.187000E+03  6.336785E-08  1.061694E-04  7.189223E-07  1.921024E-04 -1.520275E-02  2.039304E-08  2.039579E-08
  5.188000E+03  6.319756E-07  1.063926E-04 -6.680332E-07  1.916856E-04 -1.388630E-02  2.039196E-08  2.039526E-08
  5.189000E+03 -3.130809E-07  1.063150E-04 -1.002044E-06  1.918374E-04 -1.805443E-02  2.039186E-08  2.039614E-08
  5.190000E+03 -4.674091E-08  1.061856E-04  6.691026E-07  1.920593E-04 -1.427876E-02  2.039185E-08  2.039433E-08
  5.191000E+03  6.581687E-07  1.064174E-04 -4.691880E-07  1.916342E-04 -1.473811E-02  2.039099E-08  2.039461E-08
  5.192000E+03 -2.246925E-07  1.062611E-04 -1.130300E-06  1.919242E-04 -1.795013E-02  2.039080E-08  2.039493E-08
  5.193000E+03 -1.516307E-07  1.062161E-04  5.812336E-07  1.919895E-04 -1.358730E-02  2.039049E-08  2.039284E-08
  5.194000E+03  6.620521E-07  1.064232E-04 -2.617423E-07  1.916159E-04 -1.566365E-02  2.038987E-08  2.039376E-08
  5.195000E+03 -1.234660E-07  1.062140E-04 -1.224710E-06  1.919962E-04 -1.751173E-02  2.038955E-08  2.039345E-08
  5.196000E+03 -2.457736E-07  1.062569E-04  4.583726E-07  1.919020E-04 -1.320927E-02  2.038913E-08  2.039148E-08
  5.197000E+03  6.420316E-07  1.064096E-04 -5.544037E-08  1.916324E-04 -1.654775E-02  2.038874E-08  2.039284E-08
  5.198000E+03 -1.511428E-08  1.061792E-04 -1.277183E-06  1.920453E-04 -1.679448E-02  2.038833E-08  2.039194E-08
  5.199000E+03 -3.210514E-07  1.063024E-04  3.050534E-07  1.918067E-04 -1.320006E-02  2.038774E-08  2.039023E-08
  5.200000E+03  5.979561E-07  1.063794E-04  1.335345E-07  1.916798E-04 -1.728251E-02  2.038774E-08  2.039194E-08
  5.201000E+03  9.534063E-08  1.061620E-04 -1.283119E-06  1.920661E-04 -1.589821E-02  2.038754E-08  2.039083E-08
  5.202000E+03 -3.743026E-07  1.063473E-04  1.286628E-07  1.917185E-04 -1.354712E-02  2.038687E-08  2.038961E-08
  5.203000E+03  5.320214E-07  1.063360E-04  2.969506E-07  1.917529E-04 -1.777793E-02  2.038701E-08  2.039120E-08
  5.204000E+03  2.052867E-07  1.061647E-04 -1.244694E-06  1.920550E-04 -1.493951E-02  2.038720E-08  2.039019E-08
  5.205000E+03 -4.042275E-07  1.063859E-04 -6.666270E-08  1.916496E-04 -1.420055E-02  2.038676E-08  2.038984E-08
  5.206000E+03  4.476069E-07  1.062840E-04  4.293051E-07  1.918449E-04 -1.795008E-02  2.038675E-08  2.039080E-08
  5.207000E+03  3.091668E-07  1.061884E-04 -1.163947E-06  1.920093E-04 -1.405645E-02  2.038715E-08  2.038993E-08
  5.208000E+03 -4.094451E-07  1.064111E-04 -2.709379E-07  1.916102E-04 -1.510239E-02  2.038712E-08  2.039058E-08
  5.209000E+03  3.502575E-07  1.062329E-04  5.230788E-07  1.919422E-04 -1.772565E-02  2.038738E-08  2.039117E-08
  5.210000E+03  3.992312E-07  1.062300E-04 -1.045387E-06  1.919344E-04 -1.344017E-02  2.038735E-08  2.039004E-08
  5.211000E+03 -3.893861E-07  1.064157E-04 -4.690773E-07  1.916127E-04 -1.607547E-02  2.038797E-08  2.039177E-08
  5.212000E+03  2.458911E-07  1.061945E-04  5.720647E-07  1.920220E-04 -1.713232E-02  2.038869E-08  2.039213E-08
  5.213000E+03  4.692095E-07  1.062810E-04 -8.955418E-07  1.918488E-04 -1.320842E-02  2.038811E-08  2.039084E-08
  5.214000E+03 -3.453093E-07  1.063977E-04 -6.474043E-07  1.916569E-04 -1.692508E-02  2.038893E-08  2.039296E-08
  5.215000E+03  1.405666E-07  1.061734E-04  5.736083E-07  1.920679E-04 -1.627562E-02  2.038981E-08  2.039288E-08
  5.216000E+03  5.155708E-07  1.063339E-04 -7.235656E-07  1.917642E-04 -1.338464E-02  2.038921E-08  2.039210E-08
  5.217000E+03 -2.809360E-07  1.063600E-04 -7.956398E-07  1.917329E-04 -1.755852E-02  2.038956E-08  2.039369E-08
  5.218000E+03  4.069160E-08  1.061721E-04  5.297052E-07  1.920735E-04 -1.529002E-02  2.039047E-08  2.039319E-08
  5.219000E+03  5.383083E-07  1.063820E-04 -5.423279E-07  1.916921E-04 -1.392903E-02  2.039062E-08  2.039376E-08
  5.220000E+03 -2.014032E-07  1.063130E-04 -9.093751E-07  1.918295E-04 -1.788979E-02  2.039071E-08  2.039483E-08
  5.221000E+03 -4.808667E-08  1.061906E-04  4.458462E-07  1.920460E-04 -1.435534E-02  2.039137E-08  2.039382E-08
  5.222000E+03  5.369590E-07  1.064164E-04 -3.627803E-07  1.916459E-04 -1.473599E-02  2.039204E-08  2.039548E-08
  5.223000E+03 -1.118355E-07  1.062665E-04 -9.832955E-07  1.919294E-04 -1.784297E-02  2.039241E-08  2.039639E-08
  5.224000E+03 -1.207476E-07  1.062255E-04  3.280331E-07  1.919916E-04 -1.365291E-02  2.039249E-08  2.039479E-08
  5.225000E+03  5.132811E-07  1.064276E-04 -1.965155E-07  1.916351E-04 -1.566076E-02  2.039277E-08  2.039648E-08
  5.226000E+03 -2.037151E-08  1.062264E-04 -1.013970E-06  1.920105E-04 -1.740501E-02  2.039350E-08  2.039722E-08
  5.227000E+03 -1.743896E-07  1.062698E-04  1.901377E-07  1.919161E-04 -1.329973E-02  2.039308E-08  2.039539E-08
  5.228000E+03  4.722922E-07  1.064154E-04 -5.365703E-08  1.916597E-04 -1.653582E-02  2.039275E-08  2.039665E-08
  5.229000E+03  6.475318E-08  1.061968E-04 -1.004437E-06  1.920601E-04 -1.668926E-02  2.039333E-08  2.039674E-08
  5.230000E+03 -2.086458E-07  1.063173E-04  4.839479E-08  1.918315E-04 -1.328994E-02  2.039321E-08  2.039564E-08
  5.231000E+03  4.185714E-07  1.063855E-04  6.114040E-08  1.917119E-04 -1.726515E-02  2.039232E-08  2.039633E-08
  5.232000E+03  1.392770E-07  1.061802E-04 -9.602492E-07  1.920787E-04 -1.582403E-02  2.039239E-08  2.039548E-08
  5.233000E+03 -2.233267E-07  1.063617E-04 -8.879479E-08  1.917468E-04 -1.361496E-02  2.039263E-08  2.039530E-08
  5.234000E+03  3.561237E-07  1.063428E-04  1.440689E-07  1.917846E-04 -1.774964E-02  2.039170E-08  2.039571E-08
  5.235000E+03  2.024880E-07  1.061800E-04 -8.888468E-07  1.920650E-04 -1.492716E-02  2.039119E-08  2.039398E-08
  5.236000E+03 -2.203613E-07  1.063959E-04 -2.183495E-07  1.916755E-04 -1.424271E-02  2.039141E-08  2.039440E-08
  5.237000E+03  2.905159E-07  1.062939E-04  1.942424E-07  1.918677E-04 -1.789608E-02  2.039110E-08  2.039499E-08
  5.238000E+03  2.537197E-07  1.061985E-04 -8.008452E-07  1.920219E-04 -1.411549E-02  2.039041E-08  2.039299E-08
  5.239000E+03 -2.022792E-07  1.064155E-04 -3.367663E-07  1.916327E-04 -1.508063E-02  2.039038E-08  2.039371E-08
  5.240000E+03  2.266967E-07  1.062459E-04  2.125096E-07  1.919498E-04 -1.769102E-02  2.039069E-08  2.039435E-08
  5.241000E+03  2.904231E-07  1.062333E-04 -7.040077E-07  1.919547E-04 -1.351801E-02  2.039012E-08  2.039259E-08
  5.242000E+03 -1.703371E-07  1.064179E-04 -4.378479E-07  1.916266E-04 -1.599256E-02  2.038989E-08  2.039352E-08
  5.243000E+03  1.666253E-07  1.062044E-04  1.997197E-07  1.920178E-04 -1.718564E-02  2.039013E-08  2.039350E-08
  5.244000E+03  3.122674E-07  1.062780E-04 -6.019881E-07  1.918711E-04 -1.321960E-02  2.038990E-08  2.039238E-08
  5.245000E+03 -1.280870E-07  1.064022E-04 -5.178903E-07  1.916537E-04 -1.686663E-02  2.038947E-08  2.039335E-08
  5.246000E+03  1.108337E-07  1.061722E-04  1.625551E-07  1.920635E-04 -1.643994E-02  2.038906E-08  2.039209E-08
  5.247000E+03  3.214589E-07  1.063267E-04 -4.977431E-07  1.917769E-04 -1.324815E-02  2.038921E-08  2.039181E-08
  5.248000E+03 -7.993287E-08  1.063692E-04 -5.775593E-07  1.917080E-04 -1.761291E-02  2.038868E-08  2.039272E-08
  5.249000E+03  6.094333E-08  1.061552E-04  1.084777E-07  1.920828E-04 -1.549363E-02  2.038815E-08  2.039084E-08
  5.250000E+03  3.179970E-07  1.063745E-04 -3.945301E-07  1.916843E-04 -1.363501E-02  2.038843E-08  2.039127E-08
  5.251000E+03 -2.884756E-08  1.063220E-04 -6.143098E-07  1.917906E-04 -1.809476E-02  2.038822E-08  2.039230E-08
  5.252000E+03  2.024561E-08  1.061604E-04  4.064544E-08  1.920679E-04 -1.447259E-02  2.038786E-08  2.039025E-08
  5.253000E+03  3.033483E-07  1.064148E-04 -3.002182E-07  1.916117E-04 -1.437800E-02  2.038823E-08  2.039140E-08
  5.254000E+03  2.184171E-08  1.062680E-04 -6.282427E-07  1.918920E-04 -1.821343E-02  2.038860E-08  2.039257E-08
  5.255000E+03 -7.551733E-09  1.061891E-04 -3.742823E-08  1.920176E-04 -1.356823E-02  2.038830E-08  2.039048E-08
  5.256000E+03  2.787000E-07  1.064391E-04 -2.232731E-07  1.915748E-04 -1.538090E-02  2.038864E-08  2.039218E-08
  5.257000E+03  6.897467E-08  1.062144E-04 -6.190394E-07  1.919937E-04 -1.792970E-02  2.038922E-08  2.039295E-08
  5.258000E+03 -2.060824E-08  1.062365E-04 -1.209676E-07  1.919374E-04 -1.292060E-02  2.038905E-08  2.039117E-08
  5.259000E+03  2.445298E-07  1.064384E-04 -1.678020E-07  1.915807E-04 -1.648466E-02  2.038877E-08  2.039264E-08
  5.260000E+03  1.107188E-07  1.061671E-04 -5.860921E-07  1.920749E-04 -1.722924E-02  2.038902E-08  2.039240E-08
  5.261000E+03 -1.945493E-08  1.062945E-04 -2.058360E-07  1.918323E-04 -1.265732E-02  2.038908E-08  2.039129E-08
  5.262000E+03  2.026042E-07  1.064118E-04 -1.342492E-07  1.916294E-04 -1.749495E-02  2.038851E-08  2.039261E-08
  5.263000E+03  1.447246E-07  1.061368E-04 -5.309402E-07  1.921197E-04 -1.621716E-02  2.038829E-08  2.039127E-08
  5.264000E+03 -5.615848E-09  1.063556E-04 -2.860084E-07  1.917218E-04 -1.285521E-02  2.038900E-08  2.039145E-08
  5.265000E+03  1.576062E-07  1.063679E-04 -1.235587E-07  1.917166E-04 -1.823686E-02  2.038910E-08  2.039329E-08
  5.266000E+03  1.653109E-07  1.061321E-04 -4.581330E-07  1.921267E-04 -1.507986E-02  2.038848E-08  2.039108E-08
  5.267000E+03  1.929142E-08  1.064094E-04 -3.486851E-07  1.916299E-04 -1.350681E-02  2.038937E-08  2.039220E-08
  5.268000E+03  1.156355E-07  1.063128E-04 -1.376991E-07  1.918280E-04 -1.858230E-02  2.039026E-08  2.039439E-08
  5.269000E+03  1.687860E-07  1.061550E-04 -3.767693E-07  1.920931E-04 -1.399160E-02  2.038965E-08  2.039194E-08
  5.270000E+03  5.271252E-08  1.064447E-04 -3.842621E-07  1.915750E-04 -1.451612E-02  2.039000E-08  2.039325E-08
  5.271000E+03  8.289846E-08  1.062536E-04 -1.768474E-07  1.919427E-04 -1.845325E-02  2.039114E-08  2.039506E-08
  5.272000E+03  1.566521E-07  1.062005E-04 -3.006053E-07  1.920206E-04 -1.312945E-02  2.039094E-08  2.039306E-08
  5.273000E+03  9.121458E-08  1.064563E-04 -3.928212E-07  1.915641E-04 -1.570190E-02  2.039069E-08  2.039435E-08
  5.274000E+03  6.245685E-08  1.061984E-04 -2.367251E-07  1.920421E-04 -1.789011E-02  2.039132E-08  2.039490E-08
  5.275000E+03  1.329279E-07  1.062608E-04 -2.392317E-07  1.919193E-04 -1.261821E-02  2.039188E-08  2.039399E-08
  5.276000E+03  1.309511E-07  1.064448E-04 -3.791467E-07  1.915964E-04 -1.687990E-02  2.039154E-08  2.039554E-08
  5.277000E+03  5.601113E-08  1.061570E-04 -3.110578E-07  1.921162E-04 -1.697605E-02  2.039154E-08  2.039473E-08
  5.278000E+03  1.014855E-07  1.063274E-04 -1.993782E-07  1.918039E-04 -1.257109E-02  2.039239E-08  2.039466E-08
  5.279000E+03  1.652767E-07  1.064108E-04 -3.453334E-07  1.916706E-04 -1.785272E-02  2.039257E-08  2.039678E-08
  5.280000E+03  6.498959E-08  1.061376E-04 -3.877142E-07  1.921521E-04 -1.582905E-02  2.039202E-08  2.039480E-08
  5.281000E+03  6.695124E-08  1.063888E-04 -1.878733E-07  1.916951E-04 -1.301740E-02  2.039250E-08  2.039507E-08
  5.282000E+03  1.872840E-07  1.063578E-04 -2.947683E-07  1.917733E-04 -1.847405E-02  2.039310E-08  2.039734E-08
  5.283000E+03  8.733562E-08  1.061439E-04 -4.510550E-07  1.921424E-04 -1.460189E-02  2.039258E-08  2.039501E-08
  5.284000E+03  3.291476E-08  1.064369E-04 -2.036553E-07  1.916099E-04 -1.389385E-02  2.039239E-08  2.039537E-08
  5.285000E+03  1.927111E-07  1.062925E-04 -2.310179E-07  1.918906E-04 -1.865801E-02  2.039298E-08  2.039710E-08
  5.286000E+03  1.209536E-07  1.061747E-04 -4.907229E-07  1.920857E-04 -1.348341E-02  2.039278E-08  2.039497E-08
  5.287000E+03  1.172111E-09  1.064637E-04 -2.440500E-07  1.915619E-04 -1.505687E-02  2.039208E-08  2.039551E-08
  5.288000E+03  1.826217E-07  1.062263E-04 -1.586012E-07  1.920037E-04 -1.837085E-02  2.039240E-08  2.039623E-08
  5.289000E+03  1.612369E-07  1.062251E-04 -5.049143E-07  1.919905E-04 -1.267884E-02  2.039256E-08  2.039465E-08
  5.290000E+03 -2.428992E-08  1.064654E-04 -3.032116E-07  1.915596E-04 -1.631177E-02  2.039177E-08  2.039562E-08
  5.291000E+03  1.610264E-07  1.061693E-04 -8.896079E-08  1.920956E-04 -1.765589E-02  2.039148E-08  2.039493E-08
  5.292000E+03  2.021480E-07  1.062880E-04 -4.965224E-07  1.918697E-04 -1.232589E-02  2.039191E-08  2.039408E-08
  5.293000E+03 -3.777844E-08  1.064405E-04 -3.738790E-07  1.916046E-04 -1.747786E-02  2.039138E-08  2.039555E-08
  5.294000E+03  1.291407E-07  1.061309E-04 -3.457615E-08  1.921528E-04 -1.658385E-02  2.039054E-08  2.039354E-08
  5.295000E+03  2.411225E-07  1.063541E-04 -4.657960E-07  1.917423E-04 -1.248808E-02  2.039099E-08  2.039343E-08
  5.296000E+03 -3.778250E-08  1.063924E-04 -4.521919E-07  1.916916E-04 -1.836487E-02  2.039109E-08  2.039543E-08
  5.297000E+03  8.850906E-08  1.061181E-04  1.952614E-10  1.921658E-04 -1.531400E-02  2.038987E-08  2.039243E-08
  5.298000E+03  2.755011E-07  1.064125E-04 -4.135632E-07  1.916300E-04 -1.314768E-02  2.039006E-08  2.039288E-08
  5.299000E+03 -2.651967E-08  1.063289E-04 -5.309092E-07  1.918041E-04 -1.884792E-02  2.039071E-08  2.039504E-08
  5.300000E+03  4.352948E-08  1.061338E-04  1.604670E-08  1.921326E-04 -1.404743E-02  2.038974E-08  2.039195E-08
  5.301000E+03  3.020977E-07  1.064536E-04 -3.459353E-07  1.915510E-04 -1.421785E-02  2.038924E-08  2.039252E-08
  5.302000E+03 -4.963896E-09  1.062578E-04 -6.027955E-07  1.919247E-04 -1.885396E-02  2.038987E-08  2.039404E-08
  5.303000E+03 -4.712190E-09  1.061747E-04  1.400619E-08  1.920530E-04 -1.299191E-02  2.038944E-08  2.039143E-08
  5.304000E+03  3.198459E-07  1.064688E-04 -2.641822E-07  1.915184E-04 -1.551313E-02  2.038829E-08  2.039203E-08
  5.305000E+03  2.681135E-08  1.061876E-04 -6.656452E-07  1.920335E-04 -1.834578E-02  2.038815E-08  2.039200E-08
  5.306000E+03 -5.469274E-08  1.062342E-04 -7.081846E-09  1.919336E-04 -1.231637E-02  2.038835E-08  2.039031E-08
  5.307000E+03  3.287070E-07  1.064565E-04 -1.713314E-07  1.915377E-04 -1.681967E-02  2.038756E-08  2.039167E-08
  5.308000E+03  6.763246E-08  1.061322E-04 -7.183764E-07  1.921162E-04 -1.738000E-02  2.038663E-08  2.039006E-08
  5.309000E+03 -1.018510E-07  1.063039E-04 -4.876149E-08  1.917966E-04 -1.215081E-02  2.038722E-08  2.038934E-08
  5.310000E+03  3.274288E-07  1.064223E-04 -7.547673E-08  1.916067E-04 -1.793049E-02  2.038796E-08  2.039231E-08
  5.311000E+03  1.174625E-07  1.061056E-04 -7.584411E-07  1.921638E-04 -1.613131E-02  2.038700E-08  2.038998E-08
  5.312000E+03 -1.420112E-07  1.063735E-04 -1.145313E-07  1.916737E-04 -1.253793E-02  2.038739E-08  2.038984E-08
  5.313000E+03  3.123806E-07  1.063720E-04  1.809682E-08  1.917131E-04 -1.869595E-02  2.038935E-08  2.039379E-08
  5.314000E+03  1.766806E-07  1.061111E-04 -7.788681E-07  1.921696E-04 -1.480144E-02  2.038910E-08  2.039168E-08
  5.315000E+03 -1.733147E-07  1.064323E-04 -2.067432E-07  1.915842E-04 -1.339292E-02  2.038892E-08  2.039181E-08
  5.316000E+03  2.818116E-07  1.063082E-04  1.071528E-07  1.918412E-04 -1.902062E-02  2.039060E-08  2.039494E-08
  5.317000E+03  2.428466E-07  1.061444E-04 -7.740518E-07  1.921268E-04 -1.355198E-02  2.039131E-08  2.039360E-08
  5.318000E+03 -1.949390E-07  1.064718E-04 -3.211977E-07  1.915340E-04 -1.458328E-02  2.039079E-08  2.039418E-08
  5.319000E+03  2.365594E-07  1.062375E-04  1.893218E-07  1.919748E-04 -1.883873E-02  2.039129E-08  2.039536E-08
  5.320000E+03  3.101099E-07  1.061991E-04 -7.406694E-07  1.920343E-04 -1.258647E-02  2.039226E-08  2.039442E-08
  5.321000E+03 -2.049161E-07  1.064843E-04 -4.478221E-07  1.915286E-04 -1.593107E-02  2.039221E-08  2.039608E-08
  5.322000E+03  1.779109E-07  1.061745E-04  2.595480E-07  1.920908E-04 -1.815204E-02  2.039179E-08  2.039544E-08
  5.323000E+03  3.716019E-07  1.062662E-04 -6.754306E-07  1.919103E-04 -1.210566E-02  2.039207E-08  2.039428E-08
  5.324000E+03 -1.985164E-07  1.064683E-04 -5.768611E-07  1.915699E-04 -1.719638E-02  2.039310E-08  2.039735E-08
  5.325000E+03  1.071349E-07  1.061328E-04  3.072421E-07  1.921691E-04 -1.707887E-02  2.039247E-08  2.039565E-08
  5.326000E+03  4.218090E-07  1.063367E-04 -5.761674E-07  1.917820E-04 -1.217570E-02  2.039196E-08  2.039439E-08
  5.327000E+03 -1.721443E-07  1.064255E-04 -7.003118E-07  1.916522E-04 -1.821986E-02  2.039329E-08  2.039778E-08
  5.328000E+03  2.782236E-08  1.061165E-04  3.221069E-07  1.921996E-04 -1.576080E-02  2.039302E-08  2.039573E-08
  5.329000E+03  4.585124E-07  1.064026E-04 -4.481971E-07  1.916653E-04 -1.276543E-02  2.039202E-08  2.039482E-08
  5.330000E+03 -1.256538E-07  1.063603E-04 -8.138403E-07  1.917672E-04 -1.886835E-02  2.039279E-08  2.039734E-08
  5.331000E+03 -5.587399E-08  1.061276E-04  3.002961E-07  1.921736E-04 -1.439316E-02  2.039281E-08  2.039512E-08
  5.332000E+03  4.801391E-07  1.064520E-04 -2.985187E-07  1.915777E-04 -1.377855E-02  2.039190E-08  2.039514E-08
  5.333000E+03 -5.963960E-08  1.062848E-04 -9.137775E-07  1.918964E-04 -1.900263E-02  2.039199E-08  2.039640E-08
  5.334000E+03 -1.369968E-07  1.061639E-04  2.370518E-07  1.920952E-04 -1.323680E-02  2.039179E-08  2.039385E-08
  5.335000E+03  4.827642E-07  1.064763E-04 -1.377545E-07  1.915339E-04 -1.504316E-02  2.039152E-08  2.039521E-08
  5.336000E+03  2.006476E-08  1.062136E-04 -9.872451E-07  1.920166E-04 -1.859804E-02  2.039125E-08  2.039538E-08
  5.337000E+03 -2.063068E-07  1.062207E-04  1.361916E-07  1.919820E-04 -1.248095E-02  2.039087E-08  2.039286E-08
  5.338000E+03  4.623000E-07  1.064724E-04  1.902738E-08  1.915418E-04 -1.636872E-02  2.039119E-08  2.039526E-08
  5.339000E+03  1.079138E-07  1.061576E-04 -1.021285E-06  1.921102E-04 -1.772102E-02  2.039075E-08  2.039447E-08
  5.340000E+03 -2.584347E-07  1.062892E-04  4.264663E-09  1.918522E-04 -1.222669E-02  2.039028E-08  2.039241E-08
  5.341000E+03  4.179753E-07  1.064408E-04  1.616974E-07  1.915997E-04 -1.755931E-02  2.039088E-08  2.039521E-08
  5.342000E+03  1.992697E-07  1.061246E-04 -1.010379E-06  1.921633E-04 -1.650258E-02  2.039048E-08  2.039374E-08
  5.343000E+03 -2.905655E-07  1.063582E-04 -1.518180E-07  1.917252E-04 -1.250506E-02  2.038995E-08  2.039238E-08
  5.344000E+03  3.534577E-07  1.063875E-04  2.814612E-07  1.916974E-04 -1.842293E-02  2.039075E-08  2.039517E-08
  5.345000E+03  2.876233E-07  1.061214E-04 -9.563289E-07  1.921674E-04 -1.516109E-02  2.039072E-08  2.039356E-08
  5.346000E+03 -3.013222E-07  1.064153E-04 -3.201548E-07  1.916240E-04 -1.328238E-02  2.038993E-08  2.039279E-08
  5.347000E+03  2.748248E-07  1.063226E-04  3.703519E-07  1.918166E-04 -1.880812E-02  2.039083E-08  2.039516E-08
  5.348000E+03  3.683979E-07  1.061472E-04 -8.674305E-07  1.921213E-04 -1.395381E-02  2.039116E-08  2.039368E-08
  5.349000E+03 -2.906493E-07  1.064495E-04 -4.915967E-07  1.915672E-04 -1.438838E-02  2.039012E-08  2.039345E-08
  5.350000E+03  1.869854E-07  1.062551E-04  4.240585E-07  1.919331E-04 -1.867126E-02  2.039031E-08  2.039438E-08
  5.351000E+03  4.370869E-07  1.061923E-04 -7.496921E-07  1.920327E-04 -1.306886E-02  2.039065E-08  2.039302E-08
  5.352000E+03 -2.601555E-07  1.064576E-04 -6.557117E-07  1.915563E-04 -1.557975E-02  2.039015E-08  2.039391E-08
  5.353000E+03  9.513205E-08  1.061959E-04  4.413706E-07  1.920292E-04 -1.807787E-02  2.038938E-08  2.039308E-08
  5.354000E+03  4.881567E-07  1.062472E-04 -6.088136E-07  1.919203E-04 -1.260656E-02  2.038937E-08  2.039174E-08
  5.355000E+03 -2.120247E-07  1.064456E-04 -7.995119E-07  1.915842E-04 -1.667560E-02  2.039046E-08  2.039456E-08
  5.356000E+03  3.898389E-09  1.061558E-04  4.227123E-07  1.920999E-04 -1.718316E-02  2.038951E-08  2.039279E-08
  5.357000E+03  5.177522E-07  1.063063E-04 -4.508075E-07  1.918100E-04 -1.257078E-02  2.038900E-08  2.039151E-08
  5.358000E+03 -1.474471E-07  1.064168E-04 -9.142324E-07  1.916439E-04 -1.760293E-02  2.039098E-08  2.039532E-08
  5.359000E+03 -8.429606E-08  1.061390E-04  3.684051E-07  1.921395E-04 -1.611054E-02  2.039086E-08  2.039374E-08
  5.360000E+03  5.269641E-07  1.063619E-04 -2.814688E-07  1.917153E-04 -1.295230E-02  2.038949E-08  2.039224E-08
  5.361000E+03 -6.970436E-08  1.063698E-04 -9.992575E-07  1.917289E-04 -1.824568E-02  2.039079E-08  2.039523E-08
  5.362000E+03 -1.658442E-07  1.061430E-04  2.819572E-07  1.921337E-04 -1.500019E-02  2.039135E-08  2.039389E-08
  5.363000E+03  5.170985E-07  1.064060E-04 -1.091633E-07  1.916428E-04 -1.364726E-02  2.039006E-08  2.039311E-08
  5.364000E+03  1.761525E-08  1.063115E-04 -1.054142E-06  1.918269E-04 -1.851678E-02  2.038992E-08  2.039431E-08
  5.365000E+03 -2.352673E-07  1.061629E-04  1.658914E-07  1.920852E-04 -1.401066E-02  2.039032E-08  2.039262E-08
  5.366000E+03  4.882340E-07  1.064372E-04  5.503274E-08  1.915943E-04 -1.453016E-02  2.039061E-08  2.039400E-08
  5.367000E+03  1.108198E-07  1.062531E-04 -1.075884E-06  1.919297E-04 -1.841379E-02  2.038967E-08  2.039389E-08
  5.368000E+03 -2.877931E-07  1.061990E-04  2.354355E-08  1.920098E-04 -1.324248E-02  2.038946E-08  2.039164E-08
  5.369000E+03  4.395863E-07  1.064527E-04  2.022011E-07  1.915764E-04 -1.554422E-02  2.039137E-08  2.039509E-08
  5.370000E+03  2.064236E-07  1.062043E-04 -1.059926E-06  1.920289E-04 -1.792217E-02  2.039102E-08  2.039496E-08
  5.371000E+03 -3.196772E-07  1.062510E-04 -1.412860E-07  1.919195E-04 -1.280578E-02  2.038996E-08  2.039217E-08
  5.372000E+03  3.714548E-07  1.064449E-04  3.245611E-07  1.915985E-04 -1.661349E-02  2.039187E-08  2.039587E-08
  5.373000E+03  2.992153E-07  1.061694E-04 -1.002411E-06  1.921034E-04 -1.706278E-02  2.039253E-08  2.039609E-08
  5.374000E+03 -3.284047E-07  1.063102E-04 -3.202769E-07  1.918202E-04 -1.277423E-02  2.039077E-08  2.039316E-08
  5.375000E+03  2.863143E-07  1.064110E-04  4.149422E-07  1.916598E-04 -1.754833E-02  2.039157E-08  2.039574E-08
  5.376000E+03  3.845194E-07  1.061497E-04 -9.043108E-07  1.921327E-04 -1.599435E-02  2.039222E-08  2.039539E-08
  5.377000E+03 -3.137215E-07  1.063663E-04 -5.042516E-07  1.917225E-04 -1.311270E-02  2.039107E-08  2.039375E-08
  5.378000E+03  1.872152E-07  1.063605E-04  4.702237E-07  1.917484E-04 -1.818326E-02  2.039108E-08  2.039528E-08
  5.379000E+03  4.574350E-07  1.061502E-04 -7.675631E-07  1.921181E-04 -1.490850E-02  2.039112E-08  2.039396E-08
  5.380000E+03 -2.757871E-07  1.064121E-04 -6.832257E-07  1.916437E-04 -1.378822E-02  2.039128E-08  2.039434E-08
  5.381000E+03  8.111770E-08  1.063038E-04  4.847713E-07  1.918545E-04 -1.839659E-02  2.039141E-08  2.039549E-08
  5.382000E+03  5.109596E-07  1.061763E-04 -6.001624E-07  1.920664E-04 -1.396667E-02  2.039091E-08  2.039350E-08
  5.383000E+03 -2.155958E-07  1.064394E-04 -8.422773E-07  1.916039E-04 -1.474310E-02  2.039199E-08  2.039546E-08
  5.384000E+03 -2.471476E-08  1.062502E-04  4.543688E-07  1.919609E-04 -1.813721E-02  2.039253E-08  2.039636E-08
  5.385000E+03  5.407921E-07  1.062229E-04 -4.130238E-07  1.919868E-04 -1.331822E-02  2.039159E-08  2.039407E-08
  5.386000E+03 -1.340058E-07  1.064417E-04 -9.720295E-07  1.916089E-04 -1.582356E-02  2.039263E-08  2.039648E-08
  5.387000E+03 -1.242639E-07  1.062071E-04  3.755912E-07  1.920434E-04 -1.747693E-02  2.039326E-08  2.039674E-08
  5.388000E+03  5.428904E-07  1.062784E-04 -2.147826E-07  1.918906E-04 -1.306828E-02  2.039209E-08  2.039461E-08
  5.389000E+03 -3.392464E-08  1.064201E-04 -1.061872E-06  1.916530E-04 -1.680097E-02  2.039285E-08  2.039697E-08
  5.390000E+03 -2.108348E-07  1.061805E-04  2.485532E-07  1.920873E-04 -1.658038E-02  2.039312E-08  2.039624E-08
  5.391000E+03  5.160178E-07  1.063306E-04 -1.783346E-08  1.917968E-04 -1.321339E-02  2.039208E-08  2.039474E-08
  5.392000E+03  7.563805E-08  1.063816E-04 -1.101613E-06  1.917213E-04 -1.750420E-02  2.039250E-08  2.039676E-08
  5.393000E+03 -2.786562E-07  1.061735E-04  8.642129E-08  1.920902E-04 -1.563140E-02  2.039240E-08  2.039522E-08
  5.394000E+03  4.639955E-07  1.063711E-04  1.629573E-07  1.917221E-04 -1.368251E-02  2.039178E-08  2.039467E-08
  5.395000E+03  1.856280E-07  1.063342E-04 -1.091182E-06  1.917998E-04 -1.785362E-02  2.039162E-08  2.039588E-08
  5.396000E+03 -3.234189E-07  1.061848E-04 -9.629757E-08  1.920575E-04 -1.477494E-02  2.039136E-08  2.039396E-08
  5.397000E+03  3.911651E-07  1.063953E-04  3.152163E-07  1.916743E-04 -1.437667E-02  2.039114E-08  2.039428E-08
  5.398000E+03  2.891202E-07  1.062865E-04 -1.033380E-06  1.918764E-04 -1.781971E-02  2.039063E-08  2.039475E-08
  5.399000E+03 -3.400152E-07  1.062092E-04 -2.900580E-07  1.919988E-04 -1.413920E-02  2.039000E-08  2.039250E-08
  5.400000E+03  3.004668E-07  1.064041E-04  4.261642E-07  1.916545E-04 -1.515560E-02  2.039048E-08  2.039385E-08
  5.401000E+03  3.818044E-07  1.062470E-04 -9.304262E-07  1.919427E-04 -1.748291E-02  2.039022E-08  2.039412E-08
  5.402000E+03 -3.271530E-07  1.062410E-04 -4.873043E-07  1.919311E-04 -1.377161E-02  2.038903E-08  2.039154E-08
  5.403000E+03  1.965617E-07  1.063995E-04  4.892168E-07  1.916603E-04 -1.589558E-02  2.038998E-08  2.039354E-08
  5.404000E+03  4.600688E-07  1.062200E-04 -7.885976E-07  1.919916E-04 -1.695200E-02  2.039041E-08  2.039406E-08
  5.405000E+03 -2.888909E-07  1.062750E-04 -6.773067E-07  1.918674E-04 -1.365649E-02  2.038881E-08  2.039142E-08
  5.406000E+03  8.789277E-08  1.063835E-04  5.053060E-07  1.916860E-04 -1.651950E-02  2.038945E-08  2.039314E-08
  5.407000E+03  5.187232E-07  1.062033E-04 -6.204187E-07  1.920172E-04 -1.635080E-02  2.039015E-08  2.039354E-08
  5.408000E+03 -2.299132E-07  1.063094E-04 -8.456282E-07  1.918100E-04 -1.372571E-02  2.038928E-08  2.039205E-08
  5.409000E+03 -1.791009E-08  1.063597E-04  4.773165E-07  1.917276E-04 -1.701492E-02  2.038915E-08  2.039292E-08
  5.410000E+03  5.516204E-07  1.061948E-04 -4.359617E-07  1.920261E-04 -1.570661E-02  2.038965E-08  2.039280E-08
  5.411000E+03 -1.518148E-07  1.063451E-04 -9.785512E-07  1.917545E-04 -1.396556E-02  2.039017E-08  2.039314E-08
  5.412000E+03 -1.173029E-07  1.063309E-04  4.054215E-07  1.917875E-04 -1.736403E-02  2.038987E-08  2.039365E-08
  5.413000E+03  5.575511E-07  1.061965E-04 -2.413134E-07  1.920197E-04 -1.505900E-02  2.038951E-08  2.039243E-08
  5.414000E+03 -5.738148E-08  1.063759E-04 -1.071263E-06  1.917067E-04 -1.439440E-02  2.039087E-08  2.039410E-08
  5.415000E+03 -2.075891E-07  1.062990E-04  2.929110E-07  1.918574E-04 -1.749540E-02  2.039113E-08  2.039487E-08
  5.416000E+03  5.394573E-07  1.062101E-04 -4.440962E-08  1.919948E-04 -1.448857E-02  2.038965E-08  2.039240E-08
  5.417000E+03  4.753902E-08  1.063932E-04 -1.124672E-06  1.916753E-04 -1.499815E-02  2.039065E-08  2.039415E-08
  5.418000E+03 -2.827065E-07  1.062643E-04  1.463495E-07  1.919227E-04 -1.735521E-02  2.039147E-08  2.039507E-08
  5.419000E+03  4.986024E-07  1.062373E-04  1.414875E-07  1.919479E-04 -1.403015E-02  2.039002E-08  2.039266E-08
  5.420000E+03  1.570943E-07  1.063950E-04 -1.136309E-06  1.916686E-04 -1.573298E-02  2.039005E-08  2.039382E-08
  5.421000E+03 -3.371977E-07  1.062305E-04 -2.717249E-08  1.919783E-04 -1.693993E-02  2.039102E-08  2.039442E-08
  5.422000E+03  4.354838E-07  1.062779E-04  3.049859E-07  1.918807E-04 -1.375472E-02  2.039074E-08  2.039337E-08
  5.423000E+03  2.672398E-07  1.063828E-04 -1.103715E-06  1.916959E-04 -1.648466E-02  2.039038E-08  2.039437E-08
  5.424000E+03 -3.675784E-07  1.062073E-04 -2.225086E-07  1.920172E-04 -1.631512E-02  2.039091E-08  2.039409E-08
  5.425000E+03  3.512702E-07  1.063225E-04  4.380844E-07  1.918073E-04 -1.379239E-02  2.039148E-08  2.039421E-08
  5.426000E+03  3.724443E-07  1.063576E-04 -1.024504E-06  1.917550E-04 -1.704384E-02  2.039163E-08  2.039573E-08
  5.427000E+03 -3.719875E-07  1.062010E-04 -4.301368E-07  1.920277E-04 -1.560668E-02  2.039106E-08  2.039403E-08
  5.428000E+03  2.499318E-07  1.063569E-04  5.336464E-07  1.917463E-04 -1.415635E-02  2.039149E-08  2.039440E-08
  5.429000E+03  4.660421E-07  1.063220E-04 -9.009515E-07  1.918254E-04 -1.727474E-02  2.039222E-08  2.039629E-08
  5.430000E+03 -3.499683E-07  1.062128E-04 -6.370536E-07  1.920043E-04 -1.493730E-02  2.039103E-08  2.039386E-08
  5.431000E+03  1.359303E-07  1.063746E-04  5.869368E-07  1.917106E-04 -1.475716E-02  2.039093E-08  2.039405E-08
  5.432000E+03  5.418369E-07  1.062836E-04 -7.367219E-07  1.918892E-04 -1.718228E-02  2.039166E-08  2.039559E-08
  5.433000E+03 -3.002569E-07  1.062398E-04 -8.318892E-07  1.919538E-04 -1.442663E-02  2.039101E-08  2.039381E-08
  5.434000E+03  1.460294E-08  1.063777E-04  5.908497E-07  1.917062E-04 -1.545629E-02  2.039083E-08  2.039417E-08
  5.435000E+03  5.943820E-07  1.062532E-04 -5.378797E-07  1.919399E-04 -1.683556E-02  2.039133E-08  2.039505E-08
  5.436000E+03 -2.236322E-07  1.062758E-04 -1.003032E-06  1.918930E-04 -1.418640E-02  2.039153E-08  2.039439E-08
  5.437000E+03 -1.061272E-07  1.063677E-04  5.401715E-07  1.917333E-04 -1.608796E-02  2.039158E-08  2.039507E-08
  5.438000E+03  6.207872E-07  1.062364E-04 -3.178732E-07  1.919721E-04 -1.630840E-02  2.039171E-08  2.039518E-08
  5.439000E+03 -1.253108E-07  1.063101E-04 -1.140213E-06  1.918364E-04 -1.424242E-02  2.039207E-08  2.039509E-08
  5.440000E+03 -2.173640E-07  1.063470E-04  4.377731E-07  1.917795E-04 -1.651582E-02  2.039238E-08  2.039594E-08
  5.441000E+03  6.193854E-07  1.062340E-04 -9.315195E-08  1.919779E-04 -1.574502E-02  2.039205E-08  2.039531E-08
  5.442000E+03 -1.107954E-08  1.063328E-04 -1.235129E-06  1.917962E-04 -1.452389E-02  2.039207E-08  2.039529E-08
  5.443000E+03 -3.123483E-07  1.063217E-04  2.894998E-07  1.918253E-04 -1.668347E-02  2.039236E-08  2.039591E-08
  5.444000E+03  5.883516E-07  1.062422E-04  1.242636E-07  1.919589E-04 -1.529758E-02  2.039175E-08  2.039485E-08
  5.445000E+03  1.135607E-07  1.063425E-04 -1.279408E-06  1.917752E-04 -1.491305E-02  2.039159E-08  2.039500E-08
  5.446000E+03 -3.875063E-07  1.062981E-04  1.033477E-07  1.918606E-04 -1.664076E-02  2.039159E-08  2.039510E-08
  5.447000E+03  5.286633E-07  1.062561E-04  3.263555E-07  1.919284E-04 -1.498958E-02  2.039127E-08  2.039429E-08
  5.448000E+03  2.408251E-07  1.063431E-04 -1.268352E-06  1.917694E-04 -1.531691E-02  2.039097E-08  2.039455E-08
  5.449000E+03 -4.379667E-07  1.062806E-04 -1.092080E-07  1.918880E-04 -1.643383E-02  2.039121E-08  2.039464E-08
  5.450000E+03  4.434408E-07  1.062729E-04  5.006659E-07  1.918958E-04 -1.484215E-02  2.039107E-08  2.039405E-08
  5.451000E+03  3.616780E-07  1.063378E-04 -1.200502E-06  1.917781E-04 -1.565796E-02  2.039077E-08  2.039446E-08
  5.452000E+03 -4.585485E-07  1.062713E-04 -3.344437E-07  1.919046E-04 -1.616174E-02  2.039129E-08  2.039465E-08
  5.453000E+03  3.386000E-07  1.062885E-04  6.317223E-07  1.918677E-04 -1.485477E-02  2.039107E-08  2.039406E-08
  5.454000E+03  4.693020E-07  1.063289E-04 -1.081913E-06  1.917958E-04 -1.588660E-02  2.039087E-08  2.039460E-08
  5.455000E+03 -4.476098E-07  1.062673E-04 -5.600649E-07  1.919091E-04 -1.591054E-02  2.039109E-08  2.039440E-08
  5.456000E+03  2.197629E-07  1.062999E-04  7.114152E-07  1.918459E-04 -1.494429E-02  2.039093E-08  2.039395E-08
  5.457000E+03  5.600252E-07  1.063189E-04 -9.207385E-07  1.918151E-04 -1.600144E-02  2.039095E-08  2.039469E-08
  5.458000E+03 -4.074827E-07  1.062656E-04 -7.766979E-07  1.919060E-04 -1.570475E-02  2.039049E-08  2.039379E-08
  5.459000E+03  9.389898E-08  1.063068E-04  7.384684E-07  1.918282E-04 -1.506681E-02  2.039033E-08  2.039338E-08
  5.460000E+03  6.314294E-07  1.063095E-04 -7.289159E-07  1.918300E-04 -1.604880E-02  2.039073E-08  2.039445E-08
  5.461000E+03 -3.432773E-07  1.062671E-04 -9.751116E-07  1.918999E-04 -1.553747E-02  2.039017E-08  2.039348E-08
  5.462000E+03 -3.167526E-08  1.063107E-04  7.168903E-07  1.918166E-04 -1.521397E-02  2.038979E-08  2.039289E-08
  5.463000E+03  6.785171E-07  1.062995E-04 -5.168708E-07  1.918451E-04 -1.602223E-02  2.039042E-08  2.039409E-08
  5.464000E+03 -2.571227E-07  1.062759E-04 -1.143442E-06  1.918869E-04 -1.539207E-02  2.039055E-08  2.039388E-08
  5.465000E+03 -1.505548E-07  1.063113E-04  6.454791E-07  1.918154E-04 -1.544299E-02  2.038970E-08  2.039287E-08
  5.466000E+03  6.960654E-07  1.062882E-04 -2.930052E-07  1.918642E-04 -1.587716E-02  2.039034E-08  2.039390E-08
  5.467000E+03 -1.522310E-07  1.062914E-04 -1.268446E-06  1.918629E-04 -1.530975E-02  2.039099E-08  2.039438E-08
  5.468000E+03 -2.575789E-07  1.063072E-04  5.262738E-07  1.918287E-04 -1.569516E-02  2.039026E-08  2.039350E-08
  5.469000E+03  6.833655E-07  1.062798E-04 -6.708264E-08  1.918775E-04 -1.566969E-02  2.039020E-08  2.039363E-08
  5.470000E+03 -3.359807E-08  1.063054E-04 -1.344426E-06  1.918360E-04 -1.533683E-02  2.039080E-08  2.039427E-08
  5.471000E+03 -3.499384E-07  1.062979E-04  3.669101E-07  1.918496E-04 -1.585030E-02  2.039064E-08  2.039390E-08
  5.472000E+03  6.434624E-07  1.062788E-04  1.526468E-07  1.918768E-04 -1.545213E-02  2.039000E-08  2.039332E-08
  5.473000E+03  9.362871E-08  1.063124E-04 -1.373095E-06  1.918156E-04 -1.550480E-02  2.038993E-08  2.039351E-08
  5.474000E+03 -4.252124E-07  1.062836E-04  1.756597E-07  1.918719E-04 -1.584142E-02  2.039028E-08  2.039353E-08
  5.475000E+03  5.818683E-07  1.062903E-04  3.566024E-07  1.918592E-04 -1.524325E-02  2.039039E-08  2.039364E-08
  5.476000E+03  2.223883E-07  1.063113E-04 -1.359490E-06  1.918129E-04 -1.582278E-02  2.038933E-08  2.039304E-08
  5.477000E+03 -4.782438E-07  1.062704E-04 -3.770087E-08  1.918949E-04 -1.562137E-02  2.039026E-08  2.039344E-08
  5.478000E+03  5.005694E-07  1.063147E-04  5.327221E-07  1.918258E-04 -1.517475E-02  2.039156E-08  2.039481E-08
  5.479000E+03  3.457388E-07  1.063008E-04 -1.301661E-06  1.918420E-04 -1.615120E-02  2.039030E-08  2.039410E-08
  5.480000E+03 -5.020694E-07  1.062677E-04 -2.651798E-07  1.919057E-04 -1.525522E-02  2.039101E-08  2.039410E-08
  5.481000E+03  3.986292E-07  1.063392E-04  6.678149E-07  1.917902E-04 -1.539094E-02  2.039240E-08  2.039575E-08
  5.482000E+03  4.585154E-07  1.062796E-04 -1.193308E-06  1.918943E-04 -1.627158E-02  2.039175E-08  2.039553E-08
  5.483000E+03 -4.953610E-07  1.062792E-04 -4.975355E-07  1.918886E-04 -1.487019E-02  2.039151E-08  2.039456E-08
  5.484000E+03  2.796833E-07  1.063481E-04  7.561015E-07  1.917703E-04 -1.585177E-02  2.039186E-08  2.039534E-08
  5.485000E+03  5.560783E-07  1.062525E-04 -1.037767E-06  1.919430E-04 -1.607663E-02  2.039178E-08  2.039542E-08
  5.486000E+03 -4.614507E-07  1.063031E-04 -7.225934E-07  1.918422E-04 -1.460696E-02  2.039124E-08  2.039432E-08
  5.487000E+03  1.509402E-07  1.063378E-04  7.981103E-07  1.917794E-04 -1.638803E-02  2.039065E-08  2.039425E-08
  5.488000E+03  6.338258E-07  1.062322E-04 -8.455862E-07  1.919698E-04 -1.561739E-02  2.039088E-08  2.039431E-08
  5.489000E+03 -4.031012E-07  1.063371E-04 -9.287434E-07  1.917828E-04 -1.460846E-02  2.039146E-08  2.039469E-08
  5.490000E+03  2.057900E-08  1.063129E-04  7.923947E-07  1.918228E-04 -1.685946E-02  2.039033E-08  2.039400E-08
  5.491000E+03  6.879102E-07  1.062272E-04 -6.299082E-07  1.919724E-04 -1.499856E-02  2.039039E-08  2.039360E-08
  5.492000E+03 -3.224837E-07  1.063720E-04 -1.106396E-06  1.917274E-04 -1.493884E-02  2.039215E-08  2.039563E-08
  5.493000E+03 -1.038913E-07  1.062768E-04  7.368931E-07  1.918937E-04 -1.709829E-02  2.039087E-08  2.039450E-08
  5.494000E+03  7.147599E-07  1.062410E-04 -4.027664E-07  1.919465E-04 -1.433473E-02  2.039049E-08  2.039351E-08
  5.495000E+03 -2.223216E-07  1.063920E-04 -1.246044E-06  1.916913E-04 -1.558551E-02  2.039194E-08  2.039573E-08
  5.496000E+03 -2.157032E-07  1.062350E-04  6.312879E-07  1.919700E-04 -1.693717E-02  2.039101E-08  2.039447E-08
  5.497000E+03  7.121893E-07  1.062737E-04 -1.758895E-07  1.918856E-04 -1.383086E-02  2.039044E-08  2.039335E-08
  5.498000E+03 -1.073930E-07  1.063894E-04 -1.339208E-06  1.916906E-04 -1.640919E-02  2.039110E-08  2.039519E-08
  5.499000E+03 -3.106298E-07  1.061996E-04  4.815642E-07  1.920286E-04 -1.638662E-02  2.039063E-08  2.039383E-08
  5.500000E+03  6.822016E-07  1.063188E-04  4.051505E-08  1.918051E-04 -1.364555E-02  2.039058E-08  2.039352E-08
  5.501000E+03  1.512373E-08  1.063669E-04 -1.383772E-06  1.917289E-04 -1.719762E-02  2.039059E-08  2.039490E-08
  5.502000E+03 -3.868290E-07  1.061796E-04  3.005699E-07  1.920596E-04 -1.558090E-02  2.039033E-08  2.039324E-08
  5.503000E+03  6.296331E-07  1.063670E-04  2.386078E-07  1.917249E-04 -1.381924E-02  2.039125E-08  2.039434E-08
  5.504000E+03  1.370999E-07  1.063291E-04 -1.382499E-06  1.917987E-04 -1.778728E-02  2.039056E-08  2.039497E-08
  5.505000E+03 -4.403620E-07  1.061795E-04  1.012691E-07  1.920567E-04 -1.468304E-02  2.039028E-08  2.039293E-08
  5.506000E+03  5.585665E-07  1.064076E-04  4.069807E-07  1.916571E-04 -1.437942E-02  2.039166E-08  2.039500E-08
  5.507000E+03  2.506097E-07  1.062789E-04 -1.336812E-06  1.918889E-04 -1.801929E-02  2.039043E-08  2.039479E-08
  5.508000E+03 -4.675095E-07  1.061999E-04 -1.035935E-07  1.920154E-04 -1.381273E-02  2.039006E-08  2.039252E-08
  5.509000E+03  4.701919E-07  1.064329E-04  5.371424E-07  1.916118E-04 -1.526520E-02  2.039142E-08  2.039507E-08
  5.510000E+03  3.520709E-07  1.062231E-04 -1.246037E-06  1.919857E-04 -1.782619E-02  2.039007E-08  2.039421E-08
  5.511000E+03 -4.682139E-07  1.062384E-04 -3.068695E-07  1.919408E-04 -1.308943E-02  2.038973E-08  2.039211E-08
  5.512000E+03  3.687696E-07  1.064392E-04  6.253320E-07  1.915976E-04 -1.634030E-02  2.039078E-08  2.039476E-08
  5.513000E+03  4.396200E-07  1.061732E-04 -1.117141E-06  1.920729E-04 -1.724447E-02  2.038997E-08  2.039378E-08
  5.514000E+03 -4.465719E-07  1.062927E-04 -5.013092E-07  1.918438E-04 -1.268796E-02  2.038995E-08  2.039239E-08
  5.515000E+03  2.617241E-07  1.064231E-04  6.734289E-07  1.916277E-04 -1.741697E-02  2.039052E-08  2.039476E-08
  5.516000E+03  5.116400E-07  1.061389E-04 -9.636593E-07  1.921354E-04 -1.631095E-02  2.039033E-08  2.039373E-08
  5.517000E+03 -4.051311E-07  1.063582E-04 -6.814834E-07  1.917362E-04 -1.273439E-02  2.039107E-08  2.039374E-08
  5.518000E+03  1.537057E-07  1.063819E-04  6.825743E-07  1.917045E-04 -1.837059E-02  2.039045E-08  2.039485E-08
  5.519000E+03  5.662149E-07  1.061227E-04 -7.932972E-07  1.921607E-04 -1.509043E-02  2.039029E-08  2.039325E-08
  5.520000E+03 -3.474260E-07  1.064256E-04 -8.405185E-07  1.916240E-04 -1.326880E-02  2.039189E-08  2.039496E-08
  5.521000E+03  5.110176E-08  1.063175E-04  6.544052E-07  1.918209E-04 -1.903757E-02  2.039021E-08  2.039463E-08
  5.522000E+03  6.002248E-07  1.061305E-04 -6.162203E-07  1.921376E-04 -1.372393E-02  2.038974E-08  2.039228E-08
  5.523000E+03 -2.772905E-07  1.064804E-04 -9.688647E-07  1.915262E-04 -1.428711E-02  2.039172E-08  2.039531E-08
  5.524000E+03 -4.164737E-08  1.062385E-04  5.928267E-07  1.919625E-04 -1.918414E-02  2.039006E-08  2.039430E-08
  5.525000E+03  6.106082E-07  1.061691E-04 -4.387317E-07  1.920592E-04 -1.247289E-02  2.038917E-08  2.039141E-08
  5.526000E+03 -1.955881E-07  1.065101E-04 -1.059632E-06  1.914707E-04 -1.571420E-02  2.039105E-08  2.039522E-08
  5.527000E+03 -1.230625E-07  1.061578E-04  4.983084E-07  1.921069E-04 -1.868592E-02  2.039009E-08  2.039396E-08
  5.528000E+03  5.994113E-07  1.062394E-04 -2.655543E-07  1.919315E-04 -1.158199E-02  2.038932E-08  2.039145E-08
  5.529000E+03 -1.050283E-07  1.065043E-04 -1.114613E-06  1.914782E-04 -1.738708E-02  2.039016E-08  2.039489E-08
  5.530000E+03 -1.928701E-07  1.060876E-04  3.760607E-07  1.922276E-04 -1.752484E-02  2.038984E-08  2.039317E-08
  5.531000E+03  5.727044E-07  1.063353E-04 -1.024316E-07  1.917665E-04 -1.124481E-02  2.039026E-08  2.039253E-08
  5.532000E+03 -1.238306E-08  1.064588E-04 -1.140212E-06  1.915619E-04 -1.903025E-02  2.038976E-08  2.039491E-08
  5.533000E+03 -2.481662E-07  1.060442E-04  2.372067E-07  1.922979E-04 -1.582276E-02  2.038953E-08  2.039222E-08
  5.534000E+03  5.335189E-07  1.064405E-04  4.220771E-08  1.915895E-04 -1.165341E-02  2.039149E-08  2.039417E-08
  5.535000E+03  7.613044E-08  1.063778E-04 -1.137201E-06  1.917181E-04 -2.026539E-02  2.039036E-08  2.039570E-08
  5.536000E+03 -2.848342E-07  1.060418E-04  9.071761E-08  1.922974E-04 -1.384423E-02  2.038960E-08  2.039170E-08
  5.537000E+03  4.815601E-07  1.065317E-04  1.603438E-07  1.914351E-04 -1.288017E-02  2.039222E-08  2.039553E-08
  5.538000E+03  1.570396E-07  1.062708E-04 -1.102017E-06  1.919204E-04 -2.076578E-02  2.039114E-08  2.039635E-08
  5.539000E+03 -3.015915E-07  1.060861E-04 -5.752618E-08  1.922132E-04 -1.194150E-02  2.038969E-08  2.039136E-08
  5.540000E+03  4.173628E-07  1.065843E-04  2.489417E-07  1.913395E-04 -1.478309E-02  2.039155E-08  2.039560E-08
  5.541000E+03  2.283940E-07  1.061554E-04 -1.034066E-06  1.921253E-04 -2.032175E-02  2.039092E-08  2.039569E-08
  5.542000E+03 -2.998000E-07  1.061764E-04 -2.024403E-07  1.920496E-04 -1.050252E-02  2.039001E-08  2.039150E-08
  5.543000E+03  3.458067E-07  1.065866E-04  3.065633E-07  1.913332E-04 -1.706051E-02  2.039058E-08  2.039535E-08
  5.544000E+03  2.879272E-07  1.060546E-04 -9.412147E-07  1.922971E-04 -1.893498E-02  2.039033E-08  2.039439E-08
  5.545000E+03 -2.839336E-07  1.063014E-04 -3.356425E-07  1.918336E-04 -9.846594E-03  2.039120E-08  2.039286E-08
  5.546000E+03  2.741684E-07  1.065388E-04  3.359725E-07  1.914284E-04 -1.930371E-02  2.039075E-08  2.039608E-08
  5.547000E+03  3.344847E-07  1.059889E-04 -8.370964E-07  1.924072E-04 -1.683466E-02  2.039014E-08  2.039335E-08
  5.548000E+03 -2.588383E-07  1.064351E-04 -4.506672E-07  1.916038E-04 -1.016377E-02  2.039232E-08  2.039450E-08
  5.549000E+03  2.073730E-07  1.064456E-04  3.426937E-07  1.916085E-04 -2.103354E-02  2.039138E-08  2.039698E-08
  5.550000E+03  3.674561E-07  1.059730E-04 -7.310853E-07  1.924263E-04 -1.439931E-02  2.038987E-08  2.039227E-08
  5.551000E+03 -2.277959E-07  1.065476E-04 -5.434797E-07  1.914019E-04 -1.148552E-02  2.039208E-08  2.039504E-08
  5.552000E+03  1.489265E-07  1.063186E-04  3.303215E-07  1.918379E-04 -2.185340E-02  2.039107E-08  2.039658E-08
  5.553000E+03  3.866316E-07  1.060132E-04 -6.300475E-07  1.923409E-04 -1.203402E-02  2.038920E-08  2.039096E-08
  5.554000E+03 -1.909922E-07  1.066188E-04 -6.134997E-07  1.912671E-04 -1.363262E-02  2.039078E-08  2.039465E-08
  5.555000E+03  9.823629E-08  1.061791E-04  2.997362E-07  1.920790E-04 -2.157968E-02  2.039002E-08  2.039506E-08
  5.556000E+03  3.947235E-07  1.061078E-04 -5.351126E-07  1.921659E-04 -1.011056E-02  2.038926E-08  2.039068E-08
  5.557000E+03 -1.501352E-07  1.066417E-04 -6.647158E-07  1.912283E-04 -1.627954E-02  2.039021E-08  2.039501E-08
  5.558000E+03  5.537491E-08  1.060529E-04  2.543082E-07  1.922988E-04 -2.028481E-02  2.038966E-08  2.039395E-08
  5.559000E+03  3.951890E-07  1.062413E-04 -4.493842E-07  1.919322E-04 -8.990688E-03  2.039029E-08  2.039173E-08
  5.560000E+03 -1.101860E-07  1.066109E-04 -6.998306E-07  1.912969E-04 -1.894435E-02  2.039067E-08  2.039625E-08
  5.561000E+03  2.171037E-08  1.059613E-04  2.028357E-07  1.924579E-04 -1.817766E-02  2.038971E-08  2.039311E-08
  5.562000E+03  3.892650E-07  1.063891E-04 -3.766694E-07  1.916748E-04 -8.911494E-03  2.039130E-08  2.039314E-08
  5.563000E+03 -7.331944E-08  1.065250E-04 -7.194687E-07  1.914610E-04 -2.116577E-02  2.039081E-08  2.039689E-08
  5.564000E+03 -2.408899E-09  1.059176E-04  1.493909E-07  1.925241E-04 -1.552350E-02  2.038923E-08  2.039170E-08
  5.565000E+03  3.778665E-07  1.065276E-04 -3.184512E-07  1.914257E-04 -9.956777E-03  2.039110E-08  2.039368E-08
  5.566000E+03 -4.107454E-08  1.063943E-04 -7.241520E-07  1.916964E-04 -2.257699E-02  2.039021E-08  2.039639E-08
  5.567000E+03 -1.892206E-08  1.059320E-04  9.872537E-08  1.924820E-04 -1.270352E-02  2.038836E-08  2.039001E-08
  5.568000E+03  3.642518E-07  1.066361E-04 -2.736210E-07  1.912284E-04 -1.198993E-02  2.039039E-08  2.039394E-08
  5.569000E+03 -1.445590E-08  1.062411E-04 -7.195684E-07  1.919703E-04 -2.292711E-02  2.038978E-08  2.039567E-08
  5.570000E+03 -2.896639E-08  1.060101E-04  5.383085E-08  1.923387E-04 -1.016622E-02  2.038878E-08  2.038989E-08
  5.571000E+03  3.493963E-07  1.066987E-04 -2.407277E-07  1.911233E-04 -1.477562E-02  2.039039E-08  2.039501E-08
  5.572000E+03  8.710839E-09  1.060874E-04 -7.095383E-07  1.922480E-04 -2.209869E-02  2.039011E-08  2.039534E-08
  5.573000E+03 -3.508383E-08  1.061444E-04  1.251294E-08  1.921066E-04 -8.347187E-03  2.039033E-08  2.039126E-08
  5.574000E+03  3.338234E-07  1.066979E-04 -2.151114E-07  1.911378E-04 -1.791802E-02  2.039073E-08  2.039636E-08
  5.575000E+03  3.022052E-08  1.059548E-04 -6.966487E-07  1.924796E-04 -2.011521E-02  2.039001E-08  2.039428E-08
  5.576000E+03 -4.236097E-08  1.063118E-04 -2.448303E-08  1.918088E-04 -7.624341E-03  2.039095E-08  2.039216E-08
  5.577000E+03  3.217488E-07  1.066250E-04 -1.901579E-07  1.912746E-04 -2.086209E-02  2.039021E-08  2.039660E-08
  5.578000E+03  4.819500E-08  1.058685E-04 -6.877642E-07  1.926134E-04 -1.722133E-02  2.038868E-08  2.039184E-08
  5.579000E+03 -5.220524E-08  1.064847E-04 -5.217892E-08  1.914921E-04 -8.217702E-03  2.039029E-08  2.039221E-08
  5.580000E+03  3.154167E-07  1.064908E-04 -1.649590E-07  1.915183E-04 -2.304497E-02  2.038952E-08  2.039625E-08
  5.581000E+03  6.094997E-08  1.058515E-04 -6.859532E-07  1.926229E-04 -1.388370E-02  2.038746E-08  2.038957E-08
  5.582000E+03 -6.213539E-08  1.066345E-04 -6.931311E-08  1.912196E-04 -1.012026E-02  2.038956E-08  2.039256E-08
  5.583000E+03  3.120441E-07  1.063185E-04 -1.421196E-07  1.918331E-04 -2.404973E-02  2.038952E-08  2.039611E-08
  5.584000E+03  7.233329E-08  1.059152E-04 -6.889154E-07  1.925040E-04 -1.066992E-02  2.038794E-08  2.038924E-08
  5.585000E+03 -7.196187E-08  1.067322E-04 -8.377979E-08  1.910494E-04 -1.310957E-02  2.038936E-08  2.039361E-08
  5.586000E+03  3.081350E-07  1.061336E-04 -1.190295E-07  1.921661E-04 -2.362216E-02  2.038959E-08  2.039554E-08
  5.587000E+03  8.755855E-08  1.060510E-04 -6.940867E-07  1.922647E-04 -8.157075E-03  2.038918E-08  2.039009E-08
  5.588000E+03 -8.511963E-08  1.067551E-04 -1.031164E-07  1.910184E-04 -1.667773E-02  2.038935E-08  2.039480E-08
  5.589000E+03  3.045222E-07  1.059670E-04 -8.949900E-08  1.924557E-04 -2.173717E-02  2.038914E-08  2.039406E-08
  5.590000E+03  1.082643E-07  1.062356E-04 -7.045422E-07  1.919376E-04 -6.848105E-03  2.039014E-08  2.039117E-08
  5.591000E+03 -1.039038E-07  1.066985E-04 -1.286519E-07  1.911357E-04 -2.018160E-02  2.038973E-08  2.039615E-08
  5.592000E+03  3.019507E-07  1.058514E-04 -4.955355E-08  1.926490E-04 -1.871841E-02  2.038861E-08  2.039227E-08
  5.593000E+03  1.338933E-07  1.064356E-04 -7.213025E-07  1.915827E-04 -7.023280E-03  2.039071E-08  2.039240E-08
  5.594000E+03 -1.271566E-07  1.065725E-04 -1.602568E-07  1.913808E-04 -2.297805E-02  2.039055E-08  2.039752E-08
  5.595000E+03  2.987237E-07  1.058108E-04 -6.776484E-11  1.927112E-04 -1.510346E-02  2.038861E-08  2.039104E-08
  5.596000E+03  1.648157E-07  1.066122E-04 -7.412744E-07  1.912668E-04 -8.706265E-03  2.039060E-08  2.039337E-08
  5.597000E+03 -1.534738E-07  1.063962E-04 -1.998769E-07  1.917091E-04 -2.451436E-02  2.039100E-08  2.039799E-08
  5.598000E+03  2.930513E-07  1.058572E-04  5.766766E-08  1.926257E-04 -1.149565E-02  2.038947E-08  2.039090E-08
  5.599000E+03  2.010474E-07  1.067345E-04 -7.608749E-07  1.910510E-04 -1.165920E-02  2.039035E-08  2.039442E-08
  5.600000E+03 -1.800213E-07  1.061976E-04 -2.499686E-07  1.920663E-04 -2.449198E-02  2.039087E-08  2.039732E-08
  5.601000E+03  2.806802E-07  1.059831E-04  1.215972E-07  1.924021E-04 -8.516970E-03  2.039064E-08  2.039148E-08
  5.602000E+03  2.424424E-07  1.067843E-04 -7.714325E-07  1.909749E-04 -1.535528E-02  2.039072E-08  2.039612E-08
  5.603000E+03 -2.040378E-07  1.060123E-04 -3.126009E-07  1.923926E-04 -2.295261E-02  2.039062E-08  2.039609E-08
  5.604000E+03  2.571708E-07  1.061636E-04  1.899706E-07  1.920811E-04 -6.700647E-03  2.039157E-08  2.039234E-08
  5.605000E+03  2.906918E-07  1.067540E-04 -7.654731E-07  1.910491E-04 -1.911006E-02  2.039153E-08  2.039805E-08
  5.606000E+03 -2.240967E-07  1.058728E-04 -3.923926E-07  1.926308E-04 -2.019533E-02  2.039020E-08  2.039445E-08
  5.607000E+03  2.216085E-07  1.063643E-04  2.607036E-07  1.917198E-04 -6.357639E-03  2.039173E-08  2.039297E-08
  5.608000E+03  3.441732E-07  1.066464E-04 -7.397703E-07  1.912559E-04 -2.226016E-02  2.039170E-08  2.039894E-08
  5.609000E+03 -2.372522E-07  1.058037E-04 -4.886040E-07  1.927388E-04 -1.665257E-02  2.038965E-08  2.039263E-08
  5.610000E+03  1.757453E-07  1.065508E-04  3.263777E-07  1.913775E-04 -7.589893E-03  2.039085E-08  2.039301E-08
  5.611000E+03  3.987809E-07  1.064774E-04 -6.943326E-07  1.915598E-04 -2.427877E-02  2.039078E-08  2.039821E-08
  5.612000E+03 -2.387495E-07  1.058185E-04 -5.970530E-07  1.926956E-04 -1.289621E-02  2.038906E-08  2.039093E-08
  5.613000E+03  1.186427E-07  1.066947E-04  3.782419E-07  1.911129E-04 -1.021169E-02  2.038967E-08  2.039307E-08
  5.614000E+03  4.510158E-07  1.062767E-04 -6.242798E-07  1.919138E-04 -2.483632E-02  2.038967E-08  2.039673E-08
  5.615000E+03 -2.255161E-07  1.059159E-04 -7.133372E-07  1.925106E-04 -9.562878E-03  2.038901E-08  2.039013E-08
  5.616000E+03  5.139465E-08  1.067743E-04  4.091858E-07  1.909743E-04 -1.376081E-02  2.038921E-08  2.039394E-08
  5.617000E+03  4.970678E-07  1.060789E-04 -5.285507E-07  1.922617E-04 -2.385323E-02  2.038911E-08  2.039531E-08
  5.618000E+03 -1.983303E-07  1.060777E-04 -8.291346E-07  1.922168E-04 -7.222988E-03  2.038939E-08  2.039027E-08
  5.619000E+03 -2.197341E-08  1.067741E-04  4.173296E-07  1.909849E-04 -1.761546E-02  2.038908E-08  2.039502E-08
  5.620000E+03  5.344619E-07  1.059153E-04 -4.131164E-07  1.925406E-04 -2.150193E-02  2.038828E-08  2.039330E-08
  5.621000E+03 -1.565515E-07  1.062740E-04 -9.400200E-07  1.918591E-04 -6.273337E-03  2.038922E-08  2.039040E-08
  5.622000E+03 -9.984280E-08  1.066933E-04  4.000011E-07  1.911397E-04 -2.110499E-02  2.038878E-08  2.039560E-08
  5.623000E+03  5.617159E-07  1.058142E-04 -2.799615E-07  1.927029E-04 -1.816167E-02  2.038734E-08  2.039104E-08
  5.624000E+03 -9.863773E-08  1.064728E-04 -1.044334E-06  1.914943E-04 -6.917190E-03  2.038844E-08  2.039044E-08
  5.625000E+03 -1.808339E-07  1.065450E-04  3.529214E-07  1.914147E-04 -2.364772E-02  2.038858E-08  2.039580E-08
  5.626000E+03  5.766432E-07  1.057968E-04 -1.299874E-07  1.927243E-04 -1.434240E-02  2.038752E-08  2.038996E-08
  5.627000E+03 -2.761224E-08  1.066443E-04 -1.135097E-06  1.911886E-04 -9.077024E-03  2.038832E-08  2.039154E-08
  5.628000E+03 -2.579508E-07  1.063535E-04  2.761801E-07  1.917698E-04 -2.483204E-02  2.038911E-08  2.039618E-08
  5.629000E+03  5.757960E-07  1.058685E-04  2.569815E-08  1.925988E-04 -1.069263E-02  2.038898E-08  2.039045E-08
  5.630000E+03  5.188369E-08  1.067576E-04 -1.201409E-06  1.909999E-04 -1.239292E-02  2.038913E-08  2.039374E-08
  5.631000E+03 -3.250323E-07  1.061499E-04  1.738320E-07  1.921423E-04 -2.443893E-02  2.038980E-08  2.039620E-08
  5.632000E+03  5.554821E-07  1.060138E-04  1.778734E-07  1.923408E-04 -7.884468E-03  2.039015E-08  2.039112E-08
  5.633000E+03  1.399932E-07  1.067886E-04 -1.235974E-06  1.909616E-04 -1.623598E-02  2.038984E-08  2.039578E-08
  5.634000E+03 -3.819769E-07  1.059687E-04  4.550268E-08  1.924592E-04 -2.252056E-02  2.038947E-08  2.039479E-08
  5.635000E+03  5.149988E-07  1.062054E-04  3.269356E-07  1.919935E-04 -6.407123E-03  2.039034E-08  2.039137E-08
  5.636000E+03  2.368004E-07  1.067344E-04 -1.237451E-06  1.910756E-04 -1.993628E-02  2.039028E-08  2.039726E-08
  5.637000E+03 -4.275417E-07  1.058444E-04 -1.100401E-07  1.926696E-04 -1.940915E-02  2.038916E-08  2.039318E-08
  5.638000E+03  4.560977E-07  1.064115E-04  4.688887E-07  1.916207E-04 -6.541198E-03  2.039021E-08  2.039184E-08
  5.639000E+03  3.355147E-07  1.066048E-04 -1.203551E-06  1.913225E-04 -2.287998E-02  2.039056E-08  2.039813E-08
  5.640000E+03 -4.564892E-07  1.058015E-04 -2.836324E-07  1.927386E-04 -1.563818E-02  2.038954E-08  2.039229E-08
  5.641000E+03  3.795155E-07  1.065933E-04  5.925781E-07  1.912926E-04 -8.279544E-03  2.038981E-08  2.039247E-08
  5.642000E+03  4.308138E-07  1.064201E-04 -1.131200E-06  1.916588E-04 -2.449651E-02  2.039022E-08  2.039778E-08
  5.643000E+03 -4.636149E-07  1.058468E-04 -4.690323E-07  1.926468E-04 -1.189696E-02  2.038959E-08  2.039130E-08
  5.644000E+03  2.857715E-07  1.067166E-04  6.871013E-07  1.910686E-04 -1.129141E-02  2.038889E-08  2.039281E-08
  5.645000E+03  5.191379E-07  1.062137E-04 -1.018396E-06  1.920195E-04 -2.449511E-02  2.038900E-08  2.039597E-08
  5.646000E+03 -4.470559E-07  1.059708E-04 -6.606803E-07  1.924117E-04 -8.862468E-03  2.038922E-08  2.039034E-08
  5.647000E+03  1.791033E-07  1.067650E-04  7.450895E-07  1.909884E-04 -1.499251E-02  2.038859E-08  2.039376E-08
  5.648000E+03  5.959592E-07  1.060280E-04 -8.697803E-07  1.923441E-04 -2.294348E-02  2.038849E-08  2.039444E-08
  5.649000E+03 -4.070112E-07  1.061502E-04 -8.493079E-07  1.920868E-04 -7.082206E-03  2.038955E-08  2.039064E-08
  5.650000E+03  6.407185E-08  1.067345E-04  7.630402E-07  1.910657E-04 -1.868786E-02  2.038975E-08  2.039594E-08
  5.651000E+03  6.584705E-07  1.058980E-04 -6.921161E-07  1.925792E-04 -2.017275E-02  2.038959E-08  2.039427E-08
  5.652000E+03 -3.443017E-07  1.063483E-04 -1.028572E-06  1.917353E-04 -6.876039E-03  2.039025E-08  2.039185E-08
  5.653000E+03 -5.550575E-08  1.066266E-04  7.393375E-07  1.912796E-04 -2.169637E-02  2.039070E-08  2.039749E-08
  5.654000E+03  7.030266E-07  1.058424E-04 -4.899548E-07  1.926759E-04 -1.668581E-02  2.039044E-08  2.039381E-08
  5.655000E+03 -2.615552E-07  1.065255E-04 -1.188900E-06  1.914171E-04 -8.217702E-03  2.039012E-08  2.039267E-08
  5.656000E+03 -1.730494E-07  1.064608E-04  6.736317E-07  1.915822E-04 -2.348321E-02  2.039038E-08  2.039723E-08
  5.657000E+03  7.249305E-07  1.058688E-04 -2.725001E-07  1.926168E-04 -1.313255E-02  2.039036E-08  2.039262E-08
  5.658000E+03 -1.623384E-07  1.066552E-04 -1.317801E-06  1.911875E-04 -1.080366E-02  2.038995E-08  2.039369E-08
  5.659000E+03 -2.814581E-07  1.062733E-04  5.670143E-07  1.919192E-04 -2.381604E-02  2.039010E-08  2.039651E-08
  5.660000E+03  7.207537E-07  1.059713E-04 -5.108743E-08  1.924275E-04 -1.014964E-02  2.039074E-08  2.039228E-08
  5.661000E+03 -4.945640E-08  1.067210E-04 -1.405987E-06  1.910862E-04 -1.413112E-02  2.039086E-08  2.039584E-08
  5.662000E+03 -3.762937E-07  1.060995E-04  4.213251E-07  1.922368E-04 -2.271643E-02  2.039096E-08  2.039652E-08
  5.663000E+03  6.908496E-07  1.061265E-04  1.650627E-07  1.921508E-04 -8.236281E-03  2.039161E-08  2.039292E-08
  5.664000E+03  7.232966E-08  1.067103E-04 -1.450093E-06  1.911234E-04 -1.757968E-02  2.039169E-08  2.039773E-08
  5.665000E+03 -4.533217E-07  1.059660E-04  2.425081E-07  1.924748E-04 -2.042303E-02  2.039154E-08  2.039600E-08
  5.666000E+03  6.365301E-07  1.063022E-04  3.663189E-07  1.918321E-04 -7.686394E-03  2.039157E-08  2.039316E-08
  5.667000E+03  1.967255E-07  1.066235E-04 -1.447372E-06  1.912839E-04 -2.052997E-02  2.039106E-08  2.039779E-08
  5.668000E+03 -5.059686E-07  1.058942E-04  3.758710E-08  1.925874E-04 -1.735697E-02  2.039082E-08  2.039413E-08
  5.669000E+03  5.581168E-07  1.064673E-04  5.391970E-07  1.915241E-04 -8.574601E-03  2.039030E-08  2.039257E-08
  5.670000E+03  3.175132E-07  1.064782E-04 -1.393149E-06  1.915380E-04 -2.245738E-02  2.038949E-08  2.039642E-08
  5.671000E+03 -5.318540E-07  1.058975E-04 -1.829798E-07  1.925585E-04 -1.407974E-02  2.038945E-08  2.039174E-08
  5.672000E+03  4.597364E-07  1.065943E-04  6.753831E-07  1.912851E-04 -1.071051E-02  2.038873E-08  2.039197E-08
  5.673000E+03  4.303291E-07  1.063073E-04 -1.291983E-06  1.918390E-04 -2.304472E-02  2.038848E-08  2.039510E-08
  5.674000E+03 -5.339832E-07  1.059733E-04 -4.078531E-07  1.924065E-04 -1.121182E-02  2.038867E-08  2.039028E-08
  5.675000E+03  3.486797E-07  1.066634E-04  7.746787E-07  1.911607E-04 -1.362318E-02  2.038795E-08  2.039223E-08
  5.676000E+03  5.296438E-07  1.061441E-04 -1.153794E-06  1.921283E-04 -2.229401E-02  2.038821E-08  2.039410E-08
  5.677000E+03 -5.116993E-07  1.061033E-04 -6.264840E-07  1.921661E-04 -9.268481E-03  2.038858E-08  2.038995E-08
  5.678000E+03  2.288339E-07  1.066644E-04  8.324374E-07  1.911678E-04 -1.673136E-02  2.038794E-08  2.039314E-08
  5.679000E+03  6.113948E-07  1.060161E-04 -9.829164E-07  1.923538E-04 -2.040241E-02  2.038837E-08  2.039326E-08
  5.680000E+03 -4.641940E-07  1.062607E-04 -8.314007E-07  1.918809E-04 -8.564942E-03  2.038866E-08  2.039028E-08
  5.681000E+03  1.035910E-07  1.065975E-04  8.441334E-07  1.912992E-04 -1.946025E-02  2.038815E-08  2.039396E-08
  5.682000E+03  6.729389E-07  1.059457E-04 -7.839056E-07  1.924750E-04 -1.772769E-02  2.038869E-08  2.039248E-08
  5.683000E+03 -3.945867E-07  1.064152E-04 -1.014623E-06  1.916031E-04 -9.201351E-03  2.038861E-08  2.039087E-08
  5.684000E+03 -1.970485E-08  1.064774E-04  8.097511E-07  1.915253E-04 -2.131647E-02  2.038849E-08  2.039448E-08
  5.685000E+03  7.120844E-07  1.059439E-04 -5.696437E-07  1.924735E-04 -1.479183E-02  2.038916E-08  2.039194E-08
  5.686000E+03 -3.070531E-07  1.065373E-04 -1.168174E-06  1.913871E-04 -1.098181E-02  2.038864E-08  2.039180E-08
  5.687000E+03 -1.347971E-07  1.063302E-04  7.323287E-07  1.917960E-04 -2.200956E-02  2.038877E-08  2.039451E-08
  5.688000E+03  7.259224E-07  1.060062E-04 -3.502139E-07  1.923571E-04 -1.217171E-02  2.038954E-08  2.039161E-08
  5.689000E+03 -2.026421E-07  1.066077E-04 -1.285311E-06  1.912684E-04 -1.349855E-02  2.038882E-08  2.039298E-08
  5.690000E+03 -2.383210E-07  1.061838E-04  6.110948E-07  1.920605E-04 -2.148785E-02  2.038900E-08  2.039413E-08
  5.691000E+03  7.132471E-07  1.061203E-04 -1.313457E-07  1.921520E-04 -1.032321E-02  2.039013E-08  2.039186E-08
  5.692000E+03 -8.608714E-08  1.066177E-04 -1.359563E-06  1.912658E-04 -1.628172E-02  2.038962E-08  2.039468E-08
  5.693000E+03 -3.258533E-07  1.060667E-04  4.517764E-07  1.922759E-04 -1.988428E-02  2.039004E-08  2.039431E-08
  5.694000E+03  6.755893E-07  1.062626E-04  7.676269E-08  1.919013E-04 -9.572096E-03  2.039101E-08  2.039283E-08
  5.695000E+03  3.463761E-08  1.065666E-04 -1.387181E-06  1.913779E-04 -1.877966E-02  2.039089E-08  2.039657E-08
  5.696000E+03 -3.925563E-07  1.060009E-04  2.662583E-07  1.923995E-04 -1.755042E-02  2.039138E-08  2.039471E-08
  5.697000E+03  6.142474E-07  1.063996E-04  2.632798E-07  1.916562E-04 -1.004063E-02  2.039112E-08  2.039339E-08
  5.698000E+03  1.535080E-07  1.064619E-04 -1.365621E-06  1.915710E-04 -2.049956E-02  2.039073E-08  2.039664E-08
  5.699000E+03 -4.345458E-07  1.059924E-04  6.332222E-08  1.924038E-04 -1.496078E-02  2.039106E-08  2.039354E-08
  5.700000E+03  5.316632E-07  1.065046E-04  4.183112E-07  1.914576E-04 -1.154523E-02  2.038975E-08  2.039273E-08
  5.701000E+03  2.654617E-07  1.063271E-04 -1.295459E-06  1.918013E-04 -2.115754E-02  2.038912E-08  2.039484E-08
  5.702000E+03 -4.503719E-07  1.060433E-04 -1.480999E-07  1.922950E-04 -1.261544E-02  2.038997E-08  2.039186E-08
  5.703000E+03  4.336152E-07  1.065658E-04  5.339997E-07  1.913457E-04 -1.374755E-02  2.038898E-08  2.039276E-08
  5.704000E+03  3.647334E-07  1.061966E-04 -1.183373E-06  1.920330E-04 -2.070002E-02  2.038889E-08  2.039406E-08
  5.705000E+03 -4.401202E-07  1.061454E-04 -3.563500E-07  1.921094E-04 -1.099545E-02  2.039030E-08  2.039196E-08
  5.706000E+03  3.252215E-07  1.065741E-04  6.061383E-07  1.913468E-04 -1.620570E-02  2.038995E-08  2.039444E-08
  5.707000E+03  4.479228E-07  1.060969E-04 -1.036738E-06  1.922230E-04 -1.925677E-02  2.039048E-08  2.039486E-08
  5.708000E+03 -4.056169E-07  1.062710E-04 -5.530329E-07  1.918879E-04 -1.042314E-02  2.039101E-08  2.039284E-08
  5.709000E+03  2.121656E-07  1.065230E-04  6.335338E-07  1.914517E-04 -1.837000E-02  2.039057E-08  2.039552E-08
  5.710000E+03  5.122322E-07  1.060428E-04 -8.645821E-07  1.923201E-04 -1.716552E-02  2.039115E-08  2.039467E-08
  5.711000E+03 -3.502185E-07  1.063877E-04 -7.296552E-07  1.916723E-04 -1.094540E-02  2.039036E-08  2.039269E-08
  5.712000E+03  1.025703E-07  1.064243E-04  6.159814E-07  1.916242E-04 -1.979139E-02  2.038948E-08  2.039456E-08
  5.713000E+03  5.527174E-07  1.060426E-04 -6.789965E-07  1.923068E-04 -1.488203E-02  2.039046E-08  2.039319E-08
  5.714000E+03 -2.776975E-07  1.064781E-04 -8.730538E-07  1.915060E-04 -1.236351E-02  2.038963E-08  2.039267E-08
  5.715000E+03  2.678879E-09  1.063052E-04  5.557203E-07  1.918323E-04 -2.026212E-02  2.038858E-08  2.039343E-08
  5.716000E+03  5.675673E-07  1.060963E-04 -4.909774E-07  1.922004E-04 -1.288319E-02  2.039005E-08  2.039224E-08
  5.717000E+03 -1.920754E-07  1.065279E-04 -9.761496E-07  1.914227E-04 -1.437387E-02  2.038975E-08  2.039356E-08
  5.718000E+03 -8.627540E-08  1.061940E-04  4.597758E-07  1.920380E-04 -1.972148E-02  2.038933E-08  2.039365E-08
  5.719000E+03  5.604320E-07  1.061906E-04 -3.061257E-07  1.920312E-04 -1.159158E-02  2.039054E-08  2.039252E-08
  5.720000E+03 -9.983102E-08  1.065257E-04 -1.040733E-06  1.914373E-04 -1.653944E-02  2.039020E-08  2.039468E-08
  5.721000E+03 -1.584312E-07  1.061106E-04  3.361521E-07  1.921939E-04 -1.832052E-02  2.039039E-08  2.039401E-08
  5.722000E+03  5.329153E-07  1.063011E-04 -1.375916E-07  1.918327E-04 -1.123302E-02  2.039074E-08  2.039286E-08
  5.723000E+03 -8.453305E-09  1.064701E-04 -1.063621E-06  1.915385E-04 -1.839423E-02  2.038968E-08  2.039459E-08
  5.724000E+03 -2.084885E-07  1.060698E-04  1.953631E-07  1.922619E-04 -1.638470E-02  2.039043E-08  2.039332E-08
  5.725000E+03  4.863535E-07  1.064030E-04  2.831745E-09  1.916430E-04 -1.186051E-02  2.038997E-08  2.039252E-08
  5.726000E+03  7.971001E-08  1.063752E-04 -1.045488E-06  1.917027E-04 -1.952619E-02  2.038853E-08  2.039352E-08
  5.727000E+03 -2.376936E-07  1.060788E-04  4.319260E-08  1.922304E-04 -1.435455E-02  2.038946E-08  2.039173E-08
  5.728000E+03  4.256608E-07  1.064765E-04  1.134442E-07  1.915049E-04 -1.327219E-02  2.038897E-08  2.039213E-08
  5.729000E+03  1.618358E-07  1.062664E-04 -9.937954E-07  1.918928E-04 -1.973173E-02  2.038779E-08  2.039253E-08
  5.730000E+03 -2.488733E-07  1.061346E-04 -1.122680E-07  1.921174E-04 -1.267373E-02  2.038866E-08  2.039056E-08
  5.731000E+03  3.571714E-07  1.065090E-04  1.945065E-07  1.914470E-04 -1.513248E-02  2.038849E-08  2.039229E-08
  5.732000E+03  2.324083E-07  1.061676E-04 -9.165509E-07  1.920687E-04 -1.903729E-02  2.038778E-08  2.039201E-08
  5.733000E+03 -2.418919E-07  1.062242E-04 -2.600512E-07  1.919520E-04 -1.166510E-02  2.038857E-08  2.039041E-08
  5.734000E+03  2.836823E-07  1.064929E-04  2.433531E-07  1.914770E-04 -1.707968E-02  2.038796E-08  2.039229E-08
  5.735000E+03  2.875259E-07  1.060987E-04 -8.160372E-07  1.921922E-04 -1.758527E-02  2.038819E-08  2.039174E-08
  5.736000E+03 -2.158172E-07  1.063287E-04 -3.931147E-07  1.917653E-04 -1.155931E-02  2.038880E-08  2.039091E-08
  5.737000E+03  2.074548E-07  1.064312E-04  2.561761E-07  1.915915E-04 -1.866864E-02  2.038776E-08  2.039239E-08
  5.738000E+03  3.257188E-07  1.060748E-04 -6.955404E-07  1.922351E-04 -1.569984E-02  2.038879E-08  2.039164E-08
  5.739000E+03 -1.746625E-07  1.064229E-04 -5.050712E-07  1.915999E-04 -1.237107E-02  2.038906E-08  2.039171E-08
  5.740000E+03  1.334463E-07  1.063393E-04  2.367983E-07  1.917623E-04 -1.952089E-02  2.038799E-08  2.039259E-08
  5.741000E+03  3.469130E-07  1.060991E-04 -5.649591E-07  1.921888E-04 -1.383752E-02  2.038911E-08  2.039141E-08
  5.742000E+03 -1.228803E-07  1.064845E-04 -5.919627E-07  1.914930E-04 -1.386568E-02  2.038908E-08  2.039238E-08
  5.743000E+03  6.792052E-08  1.062379E-04  1.888078E-07  1.919464E-04 -1.946751E-02  2.038811E-08  2.039239E-08
  5.744000E+03  3.500948E-07  1.061659E-04 -4.360123E-07  1.920665E-04 -1.239126E-02  2.038935E-08  2.039133E-08
  5.745000E+03 -6.392473E-08  1.065030E-04 -6.487970E-07  1.914650E-04 -1.573069E-02  2.038907E-08  2.039301E-08
  5.746000E+03  1.496903E-08  1.061496E-04  1.156449E-07  1.921086E-04 -1.852799E-02  2.038876E-08  2.039248E-08
  5.747000E+03  3.368225E-07  1.062645E-04 -3.182548E-07  1.918961E-04 -1.165859E-02  2.039036E-08  2.039235E-08
  5.748000E+03 -1.697930E-09  1.064764E-04 -6.753667E-07  1.915275E-04 -1.758794E-02  2.039000E-08  2.039445E-08
  5.749000E+03 -2.244455E-08  1.060959E-04  2.261478E-08  1.922163E-04 -1.692416E-02  2.039044E-08  2.039349E-08
  5.750000E+03  3.080756E-07  1.063713E-04 -2.184801E-07  1.917173E-04 -1.182751E-02  2.039180E-08  2.039410E-08
  5.751000E+03  5.895316E-08  1.064086E-04 -6.694935E-07  1.916659E-04 -1.899783E-02  2.039121E-08  2.039592E-08
  5.752000E+03 -4.165372E-08  1.060856E-04 -8.282421E-08  1.922413E-04 -1.502421E-02  2.039173E-08  2.039415E-08
  5.753000E+03  2.657786E-07  1.064585E-04 -1.436925E-07  1.915654E-04 -1.285377E-02  2.039208E-08  2.039493E-08
  5.754000E+03  1.142382E-07  1.063101E-04 -6.318009E-07  1.918438E-04 -1.962872E-02  2.039101E-08  2.039563E-08
  5.755000E+03 -4.364829E-08  1.061195E-04 -1.922088E-07  1.921716E-04 -1.321690E-02  2.039137E-08  2.039333E-08
  5.756000E+03  2.140885E-07  1.065085E-04 -9.546005E-08  1.914696E-04 -1.451412E-02  2.039098E-08  2.039449E-08
  5.757000E+03  1.588625E-07  1.062023E-04 -5.661129E-07  1.920252E-04 -1.934649E-02  2.038970E-08  2.039394E-08
  5.758000E+03 -2.840366E-08  1.061945E-04 -2.949208E-07  1.920247E-04 -1.184904E-02  2.039053E-08  2.039229E-08
  5.759000E+03  1.586130E-07  1.065153E-04 -7.862977E-08  1.914546E-04 -1.649083E-02  2.039008E-08  2.039422E-08
  5.760000E+03  1.880737E-07  1.061118E-04 -4.796315E-07  1.921793E-04 -1.822305E-02  2.038910E-08  2.039273E-08
  5.761000E+03  1.303216E-09  1.062969E-04 -3.790350E-07  1.918360E-04 -1.124485E-02  2.039027E-08  2.039216E-08
  5.762000E+03  1.044045E-07  1.064758E-04 -9.194424E-08  1.915293E-04 -1.836580E-02  2.038980E-08  2.039442E-08
  5.763000E+03  2.022051E-07  1.060596E-04 -3.827939E-07  1.922703E-04 -1.647758E-02  2.038935E-08  2.039228E-08
  5.764000E+03  4.099233E-08  1.064028E-04 -4.413878E-07  1.916449E-04 -1.159206E-02  2.039019E-08  2.039252E-08
  5.765000E+03  5.757937E-08  1.063940E-04 -1.316343E-07  1.916783E-04 -1.970344E-02  2.038947E-08  2.039429E-08
  5.766000E+03  1.998967E-07  1.060562E-04 -2.867273E-07  1.922727E-04 -1.445166E-02  2.038959E-08  2.039186E-08
  5.767000E+03  8.731542E-08  1.064892E-04 -4.763819E-07  1.914900E-04 -1.282335E-02  2.038995E-08  2.039293E-08
  5.768000E+03  2.393139E-08  1.062853E-04 -1.959288E-07  1.918692E-04 -2.021983E-02  2.038870E-08  2.039340E-08
  5.769000E+03  1.811271E-07  1.061035E-04 -2.030555E-07  1.921823E-04 -1.256078E-02  2.038960E-08  2.039140E-08
  5.770000E+03  1.363810E-07  1.065393E-04 -4.806448E-07  1.914038E-04 -1.470722E-02  2.038981E-08  2.039356E-08
  5.771000E+03  3.313834E-09  1.061731E-04 -2.768825E-07  1.920685E-04 -1.976030E-02  2.038853E-08  2.039279E-08
  5.772000E+03  1.499633E-07  1.061951E-04 -1.349632E-07  1.920158E-04 -1.122712E-02  2.038986E-08  2.039148E-08
  5.773000E+03  1.833050E-07  1.065401E-04 -4.581705E-07  1.914116E-04 -1.686944E-02  2.039011E-08  2.039455E-08
  5.774000E+03 -4.082156E-09  1.060831E-04 -3.648451E-07  1.922325E-04 -1.837523E-02  2.038917E-08  2.039276E-08
  5.775000E+03  1.105131E-07  1.063112E-04 -8.634907E-08  1.918091E-04 -1.077192E-02  2.039027E-08  2.039208E-08
  5.776000E+03  2.212700E-07  1.064886E-04 -4.113801E-07  1.915119E-04 -1.885298E-02  2.039021E-08  2.039514E-08
  5.777000E+03  5.073697E-09  1.060339E-04 -4.489664E-07  1.923202E-04 -1.635609E-02  2.038974E-08  2.039258E-08
  5.778000E+03  6.537283E-08  1.064263E-04 -6.612634E-08  1.916022E-04 -1.132474E-02  2.039021E-08  2.039252E-08
  5.779000E+03  2.464441E-07  1.063916E-04 -3.422123E-07  1.916849E-04 -2.022104E-02  2.038949E-08  2.039459E-08
  5.780000E+03  3.126612E-08  1.060359E-04 -5.219613E-07  1.923081E-04 -1.409200E-02  2.038954E-08  2.039170E-08
  5.781000E+03  1.590618E-08  1.065174E-04 -7.643578E-08  1.914362E-04 -1.279020E-02  2.038962E-08  2.039266E-08
  5.782000E+03  2.595146E-07  1.062696E-04 -2.539956E-07  1.918986E-04 -2.066143E-02  2.038863E-08  2.039354E-08
  5.783000E+03  7.137771E-08  1.060908E-04 -5.825439E-07  1.921974E-04 -1.206510E-02  2.038888E-08  2.039060E-08
  5.784000E+03 -3.267756E-08  1.065665E-04 -1.154701E-07  1.913489E-04 -1.487492E-02  2.038913E-08  2.039298E-08
  5.785000E+03  2.605101E-07  1.061482E-04 -1.572219E-07  1.921106E-04 -2.008030E-02  2.038808E-08  2.039247E-08
  5.786000E+03  1.207780E-07  1.061877E-04 -6.268097E-07  1.920131E-04 -1.067796E-02  2.038827E-08  2.038986E-08
  5.787000E+03 -7.518961E-08  1.065620E-04 -1.783642E-07  1.913581E-04 -1.717785E-02  2.038849E-08  2.039308E-08
  5.788000E+03  2.476797E-07  1.060516E-04 -6.081981E-08  1.922764E-04 -1.857214E-02  2.038770E-08  2.039136E-08
  5.789000E+03  1.765788E-07  1.063096E-04 -6.487695E-07  1.917912E-04 -1.020387E-02  2.038818E-08  2.039001E-08
  5.790000E+03 -1.073125E-07  1.065043E-04 -2.630083E-07  1.914636E-04 -1.927513E-02  2.038791E-08  2.039304E-08
  5.791000E+03  2.190345E-07  1.059986E-04  2.823675E-08  1.923658E-04 -1.640060E-02  2.038776E-08  2.039059E-08
  5.792000E+03  2.360942E-07  1.064353E-04 -6.421288E-07  1.915699E-04 -1.077396E-02  2.038862E-08  2.039101E-08
  5.793000E+03 -1.275940E-07  1.064037E-04 -3.652478E-07  1.916518E-04 -2.075330E-02  2.038807E-08  2.039341E-08
  5.794000E+03  1.753401E-07  1.060005E-04  1.063745E-07  1.923596E-04 -1.398038E-02  2.038822E-08  2.039028E-08
  5.795000E+03  2.952404E-07  1.065381E-04 -6.049320E-07  1.913938E-04 -1.229362E-02  2.038919E-08  2.039238E-08
  5.796000E+03 -1.342906E-07  1.062782E-04 -4.783681E-07  1.918850E-04 -2.128379E-02  2.038857E-08  2.039377E-08
  5.797000E+03  1.188717E-07  1.060595E-04  1.681436E-07  1.922541E-04 -1.179121E-02  2.038896E-08  2.039049E-08
  5.798000E+03  3.492881E-07  1.065965E-04 -5.377045E-07  1.913005E-04 -1.450539E-02  2.038981E-08  2.039388E-08
  5.799000E+03 -1.248063E-07  1.061513E-04 -5.950875E-07  1.921197E-04 -2.070355E-02  2.038939E-08  2.039409E-08
  5.800000E+03  5.291870E-08  1.061679E-04  2.055131E-07  1.920654E-04 -1.026739E-02  2.039011E-08  2.039146E-08
  5.801000E+03  3.941647E-07  1.065969E-04 -4.435722E-07  1.913128E-04 -1.702940E-02  2.039040E-08  2.039527E-08
  5.802000E+03 -9.799657E-08  1.060466E-04 -7.082012E-07  1.923105E-04 -1.907880E-02  2.039016E-08  2.039408E-08
  5.803000E+03 -1.813275E-08  1.063054E-04  2.124306E-07  1.918257E-04 -9.719616E-03  2.039114E-08  2.039270E-08
  5.804000E+03  4.268038E-07  1.065383E-04 -3.287247E-07  1.914309E-04 -1.937573E-02  2.039090E-08  2.039635E-08
  5.805000E+03 -5.316430E-08  1.059849E-04 -8.121442E-07  1.924171E-04 -1.673194E-02  2.039046E-08  2.039352E-08
  5.806000E+03 -9.075856E-08  1.064442E-04  1.844801E-07  1.915803E-04 -1.028332E-02  2.039153E-08  2.039368E-08
  5.807000E+03  4.436307E-07  1.064311E-04 -1.971853E-07  1.916329E-04 -2.105454E-02  2.039118E-08  2.039686E-08
  5.808000E+03  8.934446E-09  1.059816E-04 -8.990866E-07  1.924165E-04 -1.411001E-02  2.039058E-08  2.039285E-08
  5.809000E+03 -1.601859E-07  1.065573E-04  1.190973E-07  1.913801E-04 -1.189321E-02  2.039151E-08  2.039451E-08
  5.810000E+03  4.394041E-07  1.062936E-04 -5.406018E-08  1.918836E-04 -2.170059E-02  2.039121E-08  2.039671E-08
  5.811000E+03  8.821942E-08  1.060402E-04 -9.584275E-07  1.923059E-04 -1.168517E-02  2.039077E-08  2.039249E-08
  5.812000E+03 -2.226614E-07  1.066222E-04  1.323245E-08  1.912668E-04 -1.428435E-02  2.039121E-08  2.039519E-08
  5.813000E+03  4.125404E-07  1.061505E-04  9.446356E-08  1.921359E-04 -2.116335E-02  2.039076E-08  2.039569E-08
  5.814000E+03  1.782699E-07  1.061507E-04 -9.814915E-07  1.921014E-04 -9.926750E-03  2.039070E-08  2.039222E-08
  5.815000E+03 -2.737724E-07  1.066249E-04 -1.239881E-07  1.912632E-04 -1.702501E-02  2.039048E-08  2.039536E-08
  5.816000E+03  3.670650E-07  1.060303E-04  2.360747E-07  1.923402E-04 -1.951438E-02  2.039001E-08  2.039409E-08
  5.817000E+03  2.695594E-07  1.062930E-04 -9.682168E-07  1.918396E-04 -9.222321E-03  2.039034E-08  2.039209E-08
  5.818000E+03 -3.071347E-07  1.065643E-04 -2.788837E-07  1.913756E-04 -1.956211E-02  2.038991E-08  2.039548E-08
  5.819000E+03  3.032513E-07  1.059585E-04  3.577109E-07  1.924561E-04 -1.706123E-02  2.038940E-08  2.039249E-08
  5.820000E+03  3.565912E-07  1.064374E-04 -9.144498E-07  1.915740E-04 -9.736807E-03  2.038967E-08  2.039202E-08
  5.821000E+03 -3.161618E-07  1.064517E-04 -4.460442E-07  1.915794E-04 -2.138400E-02  2.038930E-08  2.039517E-08
  5.822000E+03  2.210600E-07  1.059491E-04  4.461706E-07  1.924586E-04 -1.430024E-02  2.038872E-08  2.039091E-08
  5.823000E+03  4.356053E-07  1.065567E-04 -8.168949E-07  1.913575E-04 -1.134779E-02  2.038910E-08  2.039233E-08
  5.824000E+03 -3.015024E-07  1.063088E-04 -6.173592E-07  1.918355E-04 -2.214805E-02  2.038881E-08  2.039458E-08
  5.825000E+03  1.276325E-07  1.060046E-04  4.966477E-07  1.923499E-04 -1.173305E-02  2.038857E-08  2.039010E-08
  5.826000E+03  5.019778E-07  1.066299E-04 -6.859458E-07  1.912321E-04 -1.375818E-02  2.038912E-08  2.039333E-08
  5.827000E+03 -2.658181E-07  1.061623E-04 -7.812601E-07  1.920988E-04 -2.171005E-02  2.038885E-08  2.039412E-08
  5.828000E+03  3.059708E-08  1.061142E-04  5.079635E-07  1.921506E-04 -9.838751E-03  2.038893E-08  2.039016E-08
  5.829000E+03  5.495209E-07  1.066432E-04 -5.316369E-07  1.912180E-04 -1.654464E-02  2.038930E-08  2.039442E-08
  5.830000E+03 -2.098971E-07  1.060366E-04 -9.246390E-07  1.923202E-04 -2.015817E-02  2.038884E-08  2.039332E-08
  5.831000E+03 -6.508342E-08  1.062561E-04  4.774558E-07  1.918914E-04 -8.972531E-03  2.038882E-08  2.039017E-08
  5.832000E+03  5.748915E-07  1.065909E-04 -3.610805E-07  1.913153E-04 -1.919931E-02  2.038871E-08  2.039451E-08
  5.833000E+03 -1.358503E-07  1.059547E-04 -1.038972E-06  1.924551E-04 -1.774533E-02  2.038831E-08  2.039184E-08
  5.834000E+03 -1.555346E-07  1.064056E-04  4.060519E-07  1.916189E-04 -9.290892E-03  2.038846E-08  2.039034E-08
  5.835000E+03  5.773832E-07  1.064846E-04 -1.814574E-07  1.915090E-04 -2.122864E-02  2.038817E-08  2.039429E-08
  5.836000E+03 -4.700045E-08  1.059336E-04 -1.119996E-06  1.924818E-04 -1.492374E-02  2.038802E-08  2.039064E-08
  5.837000E+03 -2.358904E-07  1.065377E-04  2.962650E-07  1.913863E-04 -1.073733E-02  2.038868E-08  2.039141E-08
  5.838000E+03  5.565892E-07  1.063443E-04 -2.197716E-09  1.917682E-04 -2.226356E-02  2.038839E-08  2.039441E-08
  5.839000E+03  5.265410E-08  1.059764E-04 -1.163473E-06  1.923976E-04 -1.220427E-02  2.038810E-08  2.039001E-08
  5.840000E+03 -3.021580E-07  1.066268E-04  1.527133E-07  1.912347E-04 -1.305181E-02  2.038901E-08  2.039275E-08
  5.841000E+03  5.142208E-07  1.061937E-04  1.672112E-07  1.920438E-04 -2.210078E-02  2.038886E-08  2.039439E-08
  5.842000E+03  1.585029E-07  1.060759E-04 -1.168899E-06  1.922161E-04 -1.005928E-02  2.038846E-08  2.039000E-08
  5.843000E+03 -3.519463E-07  1.066568E-04 -1.738445E-08  1.911885E-04 -1.586367E-02  2.038900E-08  2.039373E-08
  5.844000E+03  4.528753E-07  1.060593E-04  3.197424E-07  1.922888E-04 -2.074014E-02  2.038963E-08  2.039432E-08
  5.845000E+03  2.643467E-07  1.062179E-04 -1.136186E-06  1.919652E-04 -8.888597E-03  2.038933E-08  2.039093E-08
  5.846000E+03 -3.815474E-07  1.066218E-04 -2.047437E-07  1.912633E-04 -1.869023E-02  2.038929E-08  2.039484E-08
  5.847000E+03  3.734732E-07  1.059632E-04  4.471577E-07  1.924583E-04 -1.843407E-02  2.039002E-08  2.039368E-08
  5.848000E+03  3.648822E-07  1.063758E-04 -1.062649E-06  1.916866E-04 -8.887597E-03  2.039002E-08  2.039207E-08
  5.849000E+03 -3.884985E-07  1.065269E-04 -4.008150E-07  1.914447E-04 -2.101102E-02  2.038951E-08  2.039557E-08
  5.850000E+03  2.777576E-07  1.059223E-04  5.430171E-07  1.925186E-04 -1.560929E-02  2.038954E-08  2.039217E-08
  5.851000E+03  4.558925E-07  1.065200E-04 -9.481816E-07  1.914307E-04 -1.005209E-02  2.039018E-08  2.039303E-08
  5.852000E+03 -3.716009E-07  1.063912E-04 -5.981505E-07  1.916989E-04 -2.237746E-02  2.038997E-08  2.039613E-08
  5.853000E+03  1.705784E-07  1.059475E-04  6.007620E-07  1.924644E-04 -1.275085E-02  2.038948E-08  2.039127E-08
  5.854000E+03  5.307633E-07  1.066271E-04 -7.968704E-07  1.912459E-04 -1.221810E-02  2.039047E-08  2.039432E-08
  5.855000E+03 -3.304097E-07  1.062376E-04 -7.838398E-07  1.919863E-04 -2.254178E-02  2.039099E-08  2.039682E-08
  5.856000E+03  5.842924E-08  1.060371E-04  6.139430E-07  1.923034E-04 -1.034921E-02  2.039021E-08  2.039148E-08
  5.857000E+03  5.847117E-07  1.066754E-04 -6.176718E-07  1.911683E-04 -1.505037E-02  2.039065E-08  2.039551E-08
  5.858000E+03 -2.655570E-07  1.060889E-04 -9.477312E-07  1.922520E-04 -2.147251E-02  2.039109E-08  2.039622E-08
  5.859000E+03 -5.322129E-08  1.061741E-04  5.791514E-07  1.920548E-04 -8.821930E-03  2.039046E-08  2.039162E-08
  5.860000E+03  6.165692E-07  1.066536E-04 -4.205748E-07  1.912113E-04 -1.804182E-02  2.039005E-08  2.039578E-08
  5.861000E+03 -1.817054E-07  1.059715E-04 -1.083487E-06  1.924459E-04 -1.931875E-02  2.038997E-08  2.039414E-08
  5.862000E+03 -1.571085E-07  1.063360E-04  4.995408E-07  1.917595E-04 -8.467904E-03  2.039021E-08  2.039171E-08
  5.863000E+03  6.224789E-07  1.065680E-04 -2.168775E-07  1.913729E-04 -2.063420E-02  2.038988E-08  2.039616E-08
  5.864000E+03 -8.212660E-08  1.059131E-04 -1.180559E-06  1.925373E-04 -1.645795E-02  2.038946E-08  2.039261E-08
  5.865000E+03 -2.472590E-07  1.064938E-04  3.765750E-07  1.914785E-04 -9.418345E-03  2.039036E-08  2.039263E-08
  5.866000E+03  5.975103E-07  1.064350E-04 -1.436436E-08  1.916266E-04 -2.232851E-02  2.039069E-08  2.039708E-08
  5.867000E+03  3.190879E-08  1.059256E-04 -1.227952E-06  1.925093E-04 -1.343134E-02  2.038983E-08  2.039208E-08
  5.868000E+03 -3.198743E-07  1.066138E-04  2.095570E-07  1.912658E-04 -1.152256E-02  2.039021E-08  2.039349E-08
  5.869000E+03  5.447959E-07  1.062744E-04  1.766516E-07  1.919205E-04 -2.277275E-02  2.039095E-08  2.039699E-08
  5.870000E+03  1.519096E-07  1.060069E-04 -1.224696E-06  1.923585E-04 -1.078115E-02  2.039015E-08  2.039181E-08
  5.871000E+03 -3.725715E-07  1.066717E-04  1.351053E-08  1.911625E-04 -1.439048E-02  2.038951E-08  2.039388E-08
  5.872000E+03  4.721326E-07  1.061150E-04  3.447112E-07  1.921971E-04 -2.186769E-02  2.039013E-08  2.039539E-08
  5.873000E+03  2.662121E-07  1.061397E-04 -1.176478E-06  1.921084E-04 -9.028364E-03  2.038951E-08  2.039099E-08
  5.874000E+03 -3.980784E-07  1.066595E-04 -1.943486E-07  1.911864E-04 -1.744400E-02  2.038875E-08  2.039407E-08
  5.875000E+03  3.814234E-07  1.059900E-04  4.735736E-07  1.924043E-04 -1.984183E-02  2.038893E-08  2.039316E-08
  5.876000E+03  3.682751E-07  1.062971E-04 -1.081527E-06  1.918147E-04 -8.491064E-03  2.038861E-08  2.039037E-08
  5.877000E+03 -3.919531E-07  1.065847E-04 -4.046772E-07  1.913286E-04 -2.008908E-02  2.038859E-08  2.039456E-08
  5.878000E+03  2.750143E-07  1.059237E-04  5.523060E-07  1.925098E-04 -1.712706E-02  2.038836E-08  2.039150E-08
  5.879000E+03  4.542052E-07  1.064501E-04 -9.412254E-07  1.915388E-04 -9.213345E-03  2.038845E-08  2.039086E-08
  5.880000E+03 -3.585108E-07  1.064644E-04 -6.059595E-07  1.915577E-04 -2.187798E-02  2.038920E-08  2.039541E-08
  5.881000E+03  1.612655E-07  1.059248E-04  5.824264E-07  1.925045E-04 -1.421333E-02  2.038894E-08  2.039112E-08
  5.882000E+03  5.199746E-07  1.065724E-04 -7.689262E-07  1.913269E-04 -1.101785E-02  2.038893E-08  2.039222E-08
  5.883000E+03 -3.033096E-07  1.063172E-04 -7.853467E-07  1.918295E-04 -2.256454E-02  2.038958E-08  2.039562E-08
  5.884000E+03  4.941526E-08  1.059866E-04  5.671995E-07  1.923885E-04 -1.159256E-02  2.038924E-08  2.039073E-08
  5.885000E+03  5.604194E-07  1.066425E-04 -5.787750E-07  1.912060E-04 -1.354639E-02  2.038881E-08  2.039305E-08
  5.886000E+03 -2.297323E-07  1.061665E-04 -9.295681E-07  1.920938E-04 -2.205819E-02  2.038895E-08  2.039444E-08
  5.887000E+03 -5.504089E-08  1.060965E-04  5.087211E-07  1.921800E-04 -9.696118E-03  2.038866E-08  2.038984E-08
  5.888000E+03  5.749555E-07  1.066531E-04 -3.813150E-07  1.911921E-04 -1.634864E-02  2.038850E-08  2.039360E-08
  5.889000E+03 -1.407375E-07  1.060406E-04 -1.034919E-06  1.923114E-04 -2.048221E-02  2.038854E-08  2.039320E-08
  5.890000E+03 -1.486042E-07  1.062372E-04  4.099429E-07  1.919225E-04 -8.813228E-03  2.038852E-08  2.038980E-08
  5.891000E+03  5.650380E-07  1.066074E-04 -1.848215E-07  1.912862E-04 -1.897955E-02  2.038884E-08  2.039460E-08
  5.892000E+03 -4.053614E-08  1.059585E-04 -1.100720E-06  1.924539E-04 -1.814714E-02  2.038878E-08  2.039248E-08
  5.893000E+03 -2.253951E-07  1.063849E-04  2.742959E-07  1.916589E-04 -9.038127E-03  2.038877E-08  2.039053E-08
  5.894000E+03  5.312769E-07  1.065118E-04 -1.630774E-09  1.914688E-04 -2.103691E-02  2.038917E-08  2.039525E-08
  5.895000E+03  6.584175E-08  1.059301E-04 -1.123893E-06  1.924973E-04 -1.543729E-02  2.038883E-08  2.039161E-08
  5.896000E+03 -2.819970E-07  1.065149E-04  1.089645E-07  1.914266E-04 -1.031174E-02  2.038870E-08  2.039124E-08
  5.897000E+03  4.754886E-07  1.063806E-04  1.598373E-07  1.917109E-04 -2.216693E-02  2.038932E-08  2.039534E-08
  5.898000E+03  1.734217E-07  1.059608E-04 -1.103833E-06  1.924333E-04 -1.277452E-02  2.038873E-08  2.039077E-08
  5.899000E+03 -3.169033E-07  1.066082E-04 -7.734447E-08  1.912633E-04 -1.243857E-02  2.038865E-08  2.039214E-08
  5.900000E+03  4.009647E-07  1.062341E-04  2.937394E-07  1.919774E-04 -2.218907E-02  2.038954E-08  2.039511E-08
  5.901000E+03  2.749744E-07  1.060480E-04 -1.040969E-06  1.922715E-04 -1.056712E-02  2.038888E-08  2.039046E-08
  5.902000E+03 -3.290278E-07  1.066504E-04 -2.710335E-07  1.911971E-04 -1.511535E-02  2.038891E-08  2.039338E-08
  5.903000E+03  3.110357E-07  1.060971E-04  3.950433E-07  1.922231E-04 -2.113605E-02  2.038975E-08  2.039456E-08
  5.904000E+03  3.653095E-07  1.061771E-04 -9.375512E-07  1.920387E-04 -9.187250E-03  2.038926E-08  2.039077E-08
  5.905000E+03 -3.168049E-07  1.066335E-04 -4.630128E-07  1.912412E-04 -1.787838E-02  2.038946E-08  2.039479E-08
  5.906000E+03  2.085280E-07  1.059926E-04  4.581849E-07  1.924076E-04 -1.915120E-02  2.039004E-08  2.039390E-08
  5.907000E+03  4.397903E-07  1.063273E-04 -7.952933E-07  1.917725E-04 -8.881571E-03  2.038985E-08  2.039166E-08
  5.908000E+03 -2.799846E-07  1.065602E-04 -6.441786E-07  1.913922E-04 -2.024249E-02  2.039061E-08  2.039649E-08
  5.909000E+03  9.934980E-08  1.059396E-04  4.776071E-07  1.924998E-04 -1.655958E-02  2.039056E-08  2.039343E-08
  5.910000E+03  4.952208E-07  1.064724E-04 -6.233327E-07  1.915197E-04 -9.711569E-03  2.039060E-08  2.039306E-08
  5.911000E+03 -2.207508E-07  1.064420E-04 -8.062409E-07  1.916219E-04 -2.182018E-02  2.039177E-08  2.039785E-08
  5.912000E+03 -8.591596E-09  1.059477E-04  4.509328E-07  1.924822E-04 -1.380622E-02  2.039109E-08  2.039310E-08
  5.913000E+03  5.283672E-07  1.065843E-04 -4.347917E-07  1.913238E-04 -1.155825E-02  2.039075E-08  2.039409E-08
  5.914000E+03 -1.416621E-07  1.062962E-04 -9.405121E-07  1.918870E-04 -2.231584E-02  2.039179E-08  2.039765E-08
  5.915000E+03 -1.083627E-07  1.060168E-04  3.773713E-07  1.923513E-04 -1.135225E-02  2.039115E-08  2.039256E-08
  5.916000E+03  5.360136E-07  1.066422E-04 -2.408513E-07  1.912222E-04 -1.410826E-02  2.039033E-08  2.039460E-08
  5.917000E+03 -4.815120E-08  1.061492E-04 -1.035882E-06  1.921404E-04 -2.161266E-02  2.039079E-08  2.039605E-08
  5.918000E+03 -1.928033E-07  1.061341E-04  2.617132E-07  1.921303E-04 -9.651224E-03  2.039062E-08  2.039182E-08
  5.919000E+03  5.156834E-07  1.066398E-04 -5.378021E-08  1.912329E-04 -1.688233E-02  2.039014E-08  2.039523E-08
  5.920000E+03  5.381076E-08  1.060306E-04 -1.082266E-06  1.923407E-04 -1.987519E-02  2.038998E-08  2.039438E-08
  5.921000E+03 -2.564024E-07  1.062779E-04  1.112419E-07  1.918651E-04 -9.017877E-03  2.039019E-08  2.039159E-08
  5.922000E+03  4.669808E-07  1.065808E-04  1.156860E-07  1.913525E-04 -1.937023E-02  2.039068E-08  2.039633E-08
  5.923000E+03  1.593039E-07  1.059629E-04 -1.074659E-06  1.924541E-04 -1.746909E-02  2.038989E-08  2.039335E-08
  5.924000E+03 -2.971193E-07  1.064174E-04 -6.590247E-08  1.916073E-04 -9.567271E-03  2.038942E-08  2.039141E-08
  5.925000E+03  3.935178E-07  1.064732E-04  2.603562E-07  1.915522E-04 -2.109365E-02  2.039064E-08  2.039647E-08
  5.926000E+03  2.624352E-07  1.059547E-04 -1.015277E-06  1.924558E-04 -1.483428E-02  2.038935E-08  2.039195E-08
  5.927000E+03 -3.133785E-07  1.065243E-04 -2.592262E-07  1.914033E-04 -1.112874E-02  2.038784E-08  2.039063E-08
  5.928000E+03  3.033144E-07  1.063375E-04  3.702033E-07  1.917853E-04 -2.177242E-02  2.038914E-08  2.039476E-08
  5.929000E+03  3.541595E-07  1.060041E-04 -9.124962E-07  1.923507E-04 -1.243247E-02  2.038838E-08  2.039034E-08
  5.930000E+03 -3.027392E-07  1.065874E-04 -4.526419E-07  1.912861E-04 -1.334400E-02  2.038688E-08  2.039057E-08
  5.931000E+03  2.042413E-07  1.062018E-04  4.335885E-07  1.920153E-04 -2.140739E-02  2.038771E-08  2.039279E-08
  5.932000E+03  4.272138E-07  1.061003E-04 -7.759195E-07  1.921689E-04 -1.067193E-02  2.038801E-08  2.038965E-08
  5.933000E+03 -2.641475E-07  1.066054E-04 -6.324569E-07  1.912705E-04 -1.579547E-02  2.038792E-08  2.039243E-08
  5.934000E+03  1.003838E-07  1.060910E-04  4.448990E-07  1.922139E-04 -2.015576E-02  2.038802E-08  2.039235E-08
  5.935000E+03  4.782557E-07  1.062219E-04 -6.108955E-07  1.919517E-04 -9.797197E-03  2.038849E-08  2.039016E-08
  5.936000E+03 -2.018796E-07  1.065766E-04 -7.882964E-07  1.913462E-04 -1.808038E-02  2.038970E-08  2.039487E-08
  5.937000E+03 -2.056368E-09  1.060177E-04  4.074212E-07  1.923507E-04 -1.826370E-02  2.038919E-08  2.039268E-08
  5.938000E+03  5.060091E-07  1.063445E-04 -4.287948E-07  1.917317E-04 -9.870894E-03  2.038863E-08  2.039063E-08
  5.939000E+03 -1.243727E-07  1.065045E-04 -9.103775E-07  1.914885E-04 -1.985834E-02  2.039037E-08  2.039591E-08
  5.940000E+03 -9.531495E-08  1.059893E-04  3.314663E-07  1.924012E-04 -1.605449E-02  2.038984E-08  2.039254E-08
  5.941000E+03  5.093977E-07  1.064499E-04 -2.442979E-07  1.915410E-04 -1.079869E-02  2.038832E-08  2.039087E-08
  5.942000E+03 -3.762597E-08  1.064022E-04 -9.914046E-07  1.916709E-04 -2.090678E-02  2.038976E-08  2.039536E-08
  5.943000E+03 -1.748993E-07  1.060068E-04  2.252454E-07  1.923639E-04 -1.386785E-02  2.038992E-08  2.039196E-08
  5.944000E+03  4.889395E-07  1.065288E-04 -6.687569E-08  1.914029E-04 -1.239063E-02  2.038835E-08  2.039157E-08
  5.945000E+03  5.592637E-08  1.062854E-04 -1.030336E-06  1.918750E-04 -2.113096E-02  2.038895E-08  2.039431E-08
  5.946000E+03 -2.377731E-07  1.060664E-04  9.105205E-08  1.922480E-04 -1.200388E-02  2.038958E-08  2.039120E-08
  5.947000E+03  4.470354E-07  1.065743E-04  9.531644E-08  1.913338E-04 -1.440786E-02  2.038914E-08  2.039307E-08
  5.948000E+03  1.528266E-07  1.061736E-04 -1.029038E-06  1.920755E-04 -2.054395E-02  2.038904E-08  2.039391E-08
  5.949000E+03 -2.807936E-07  1.061573E-04 -6.685451E-08  1.920770E-04 -1.073413E-02  2.038920E-08  2.039069E-08
  5.950000E+03  3.865756E-07  1.065791E-04  2.334906E-07  1.913418E-04 -1.652965E-02  2.039026E-08  2.039483E-08
  5.951000E+03  2.489855E-07  1.060835E-04 -9.898194E-07  1.922402E-04 -1.924971E-02  2.038973E-08  2.039395E-08
  5.952000E+03 -3.011179E-07  1.062656E-04 -2.426898E-07  1.918787E-04 -1.022030E-02  2.038903E-08  2.039069E-08
  5.953000E+03  3.096868E-07  1.065387E-04  3.401147E-07  1.914252E-04 -1.845729E-02  2.039072E-08  2.039574E-08
  5.954000E+03  3.393639E-07  1.060262E-04 -9.126423E-07  1.923415E-04 -1.739103E-02  2.039016E-08  2.039363E-08
  5.955000E+03 -2.989461E-07  1.063763E-04 -4.261564E-07  1.916771E-04 -1.053698E-02  2.038878E-08  2.039087E-08
  5.956000E+03  2.205372E-07  1.064576E-04  4.120245E-07  1.915724E-04 -1.993011E-02  2.039029E-08  2.039551E-08
  5.957000E+03  4.180391E-07  1.060118E-04 -8.008151E-07  1.923611E-04 -1.523964E-02  2.039018E-08  2.039293E-08
  5.958000E+03 -2.752580E-07  1.064751E-04 -6.045152E-07  1.915034E-04 -1.165090E-02  2.038897E-08  2.039172E-08
  5.959000E+03  1.231601E-07  1.063497E-04  4.477379E-07  1.917672E-04 -2.070566E-02  2.039000E-08  2.039514E-08
  5.960000E+03  4.794057E-07  1.060470E-04 -6.576468E-07  1.922940E-04 -1.316491E-02  2.039043E-08  2.039260E-08
  5.961000E+03 -2.301369E-07  1.065453E-04 -7.664311E-07  1.913931E-04 -1.340988E-02  2.039020E-08  2.039373E-08
  5.962000E+03  2.127243E-08  1.062354E-04  4.442426E-07  1.919785E-04 -2.061974E-02  2.039058E-08  2.039535E-08
  5.963000E+03  5.201992E-07  1.061241E-04 -4.878129E-07  1.921543E-04 -1.154971E-02  2.039084E-08  2.039269E-08
  5.964000E+03 -1.661072E-07  1.065726E-04 -9.031846E-07  1.913641E-04 -1.549683E-02  2.039173E-08  2.039601E-08
  5.965000E+03 -7.789838E-08  1.061350E-04  4.004275E-07  1.921653E-04 -1.968425E-02  2.039150E-08  2.039568E-08
  5.966000E+03  5.386250E-07  1.062259E-04 -3.043013E-07  1.919696E-04 -1.066170E-02  2.039097E-08  2.039280E-08
  5.967000E+03 -8.638951E-08  1.065509E-04 -1.008414E-06  1.914148E-04 -1.753852E-02  2.039229E-08  2.039718E-08
  5.968000E+03 -1.670262E-07  1.060650E-04  3.164960E-07  1.922897E-04 -1.808928E-02  2.039187E-08  2.039534E-08
  5.969000E+03  5.326853E-07  1.063320E-04 -1.201238E-07  1.917721E-04 -1.064301E-02  2.039036E-08  2.039244E-08
  5.970000E+03  6.313680E-09  1.064849E-04 -1.075793E-06  1.915334E-04 -1.914418E-02  2.039169E-08  2.039692E-08
  5.971000E+03 -2.393569E-07  1.060376E-04  1.921001E-07  1.923281E-04 -1.616122E-02  2.039136E-08  2.039414E-08
  5.972000E+03  5.010350E-07  1.064231E-04  5.229846E-08  1.916013E-04 -1.144138E-02  2.038947E-08  2.039202E-08
  5.973000E+03  1.062840E-07  1.063911E-04 -1.097726E-06  1.916950E-04 -2.003129E-02  2.039055E-08  2.039582E-08
  5.974000E+03 -2.910817E-07  1.060554E-04  3.547147E-08  1.922833E-04 -1.426503E-02  2.039062E-08  2.039285E-08
  5.975000E+03  4.469838E-07  1.064885E-04  2.024802E-07  1.914864E-04 -1.284789E-02  2.038942E-08  2.039254E-08
  5.976000E+03  2.063198E-07  1.062905E-04 -1.074702E-06  1.918703E-04 -2.016585E-02  2.038985E-08  2.039488E-08
  5.977000E+03 -3.202699E-07  1.061100E-04 -1.405704E-07  1.921754E-04 -1.273695E-02  2.039007E-08  2.039198E-08
  5.978000E+03  3.729740E-07  1.065212E-04  3.244523E-07  1.914396E-04 -1.455370E-02  2.039022E-08  2.039390E-08
  5.979000E+03  3.008229E-07  1.062003E-04 -1.006839E-06  1.920289E-04 -1.962885E-02  2.038961E-08  2.039421E-08
  5.980000E+03 -3.260554E-07  1.061828E-04 -3.255173E-07  1.920318E-04 -1.177659E-02  2.038906E-08  2.039089E-08
  5.981000E+03  2.837357E-07  1.065172E-04  4.124276E-07  1.914515E-04 -1.622985E-02  2.039020E-08  2.039436E-08
  5.982000E+03  3.835703E-07  1.061306E-04 -8.983174E-07  1.921457E-04 -1.855540E-02  2.038904E-08  2.039309E-08
  5.983000E+03 -3.094123E-07  1.062610E-04 -5.060313E-07  1.918750E-04 -1.144071E-02  2.038750E-08  2.038947E-08
  5.984000E+03  1.881162E-07  1.064811E-04  4.607940E-07  1.915115E-04 -1.765635E-02  2.038918E-08  2.039365E-08
  5.985000E+03  4.481961E-07  1.060899E-04 -7.614690E-07  1.922097E-04 -1.714202E-02  2.038851E-08  2.039197E-08
  5.986000E+03 -2.716199E-07  1.063377E-04 -6.682260E-07  1.917299E-04 -1.169397E-02  2.038672E-08  2.038901E-08
  5.987000E+03  9.267846E-08  1.064218E-04  4.665067E-07  1.916120E-04 -1.870486E-02  2.038813E-08  2.039274E-08
  5.988000E+03  4.908023E-07  1.060813E-04 -6.061468E-07  1.922208E-04 -1.559688E-02  2.038854E-08  2.039146E-08
  5.989000E+03 -2.129069E-07  1.064068E-04 -8.040731E-07  1.916121E-04 -1.246748E-02  2.038726E-08  2.039001E-08
  5.990000E+03  6.797796E-10  1.063482E-04  4.272388E-07  1.917439E-04 -1.928838E-02  2.038783E-08  2.039239E-08
  5.991000E+03  5.112412E-07  1.061019E-04 -4.387693E-07  1.921795E-04 -1.414755E-02  2.038858E-08  2.039106E-08
  5.992000E+03 -1.379530E-07  1.064599E-04 -9.092720E-07  1.915319E-04 -1.361845E-02  2.038857E-08  2.039184E-08
  5.993000E+03 -8.369755E-08  1.062711E-04  3.488154E-07  1.918878E-04 -1.935597E-02  2.038831E-08  2.039266E-08
  5.994000E+03  5.107833E-07  1.061453E-04 -2.688276E-07  1.920968E-04 -1.296777E-02  2.038847E-08  2.039066E-08
  5.995000E+03 -5.488597E-08  1.064896E-04 -9.794216E-07  1.914938E-04 -1.496890E-02  2.038981E-08  2.039360E-08
  5.996000E+03 -1.548290E-07  1.062004E-04  2.427565E-07  1.920247E-04 -1.889515E-02  2.038945E-08  2.039345E-08
  5.997000E+03  4.901633E-07  1.062060E-04 -1.082524E-07  1.919837E-04 -1.220328E-02  2.038830E-08  2.039038E-08
  5.998000E+03  3.185644E-08  1.064887E-04 -1.012202E-06  1.915035E-04 -1.635714E-02  2.039023E-08  2.039447E-08
  5.999000E+03 -2.096267E-07  1.061459E-04  1.153375E-07  1.921301E-04 -1.795569E-02  2.039053E-08  2.039407E-08
  6.000000E+03  4.503292E-07  1.062777E-04  3.594034E-08  1.918554E-04 -1.195610E-02  2.038850E-08  2.039066E-08
  6.001000E+03  1.181210E-07  1.064573E-04 -1.005964E-06  1.915631E-04 -1.760685E-02  2.039013E-08  2.039468E-08
  6.002000E+03 -2.467507E-07  1.061143E-04 -2.624232E-08  1.921868E-04 -1.669701E-02  2.039092E-08  2.039397E-08
  6.003000E+03  3.961450E-07  1.063526E-04  1.568966E-07  1.917307E-04 -1.221645E-02  2.038954E-08  2.039194E-08
  6.004000E+03  1.998118E-07  1.064018E-04 -9.669768E-07  1.916662E-04 -1.856451E-02  2.039012E-08  2.039481E-08
  6.005000E+03 -2.659214E-07  1.061100E-04 -1.739921E-07  1.921909E-04 -1.530441E-02  2.039099E-08  2.039360E-08
  6.006000E+03  3.324663E-07  1.064182E-04  2.499004E-07  1.916264E-04 -1.296417E-02  2.039082E-08  2.039360E-08
  6.007000E+03  2.732559E-07  1.063311E-04 -9.018559E-07  1.917990E-04 -1.903434E-02  2.039051E-08  2.039514E-08
  6.008000E+03 -2.666366E-07  1.061339E-04 -3.209605E-07  1.921408E-04 -1.400898E-02  2.039066E-08  2.039294E-08
  6.009000E+03  2.623044E-07  1.064617E-04  3.113660E-07  1.915594E-04 -1.409188E-02  2.039171E-08  2.039493E-08
  6.010000E+03  3.349172E-07  1.062589E-04 -8.136267E-07  1.919366E-04 -1.891499E-02  2.039133E-08  2.039570E-08
  6.011000E+03 -2.483297E-07  1.061816E-04 -4.605272E-07  1.920488E-04 -1.303459E-02  2.039032E-08  2.039244E-08
  6.012000E+03  1.879843E-07  1.064747E-04  3.381658E-07  1.915418E-04 -1.539849E-02  2.039194E-08  2.039557E-08
  6.013000E+03  3.825345E-07  1.061993E-04 -7.050259E-07  1.920489E-04 -1.826445E-02  2.039206E-08  2.039603E-08
  6.014000E+03 -2.117430E-07  1.062442E-04 -5.875129E-07  1.919354E-04 -1.253735E-02  2.039041E-08  2.039257E-08
  6.015000E+03  1.113654E-07  1.064565E-04  3.302006E-07  1.915754E-04 -1.664861E-02  2.039162E-08  2.039556E-08
  6.016000E+03  4.144759E-07  1.061604E-04 -5.783942E-07  1.921159E-04 -1.725136E-02  2.039207E-08  2.039558E-08
  6.017000E+03 -1.601206E-07  1.063093E-04 -6.958636E-07  1.918214E-04 -1.254435E-02  2.039079E-08  2.039314E-08
  6.018000E+03  3.627517E-08  1.064139E-04  2.907143E-07  1.916501E-04 -1.761960E-02  2.039107E-08  2.039518E-08
  6.019000E+03  4.296089E-07  1.061464E-04 -4.404534E-07  1.921331E-04 -1.607524E-02  2.039160E-08  2.039466E-08
  6.020000E+03 -9.913235E-08  1.063664E-04 -7.784520E-07  1.917231E-04 -1.302560E-02  2.039117E-08  2.039384E-08
  6.021000E+03 -3.155482E-08  1.063576E-04  2.261964E-07  1.917505E-04 -1.817530E-02  2.039076E-08  2.039487E-08
  6.022000E+03  4.263095E-07  1.061555E-04 -3.013312E-07  1.921047E-04 -1.496252E-02  2.039070E-08  2.039340E-08
  6.023000E+03 -3.235903E-08  1.064055E-04 -8.289514E-07  1.916531E-04 -1.384488E-02  2.039100E-08  2.039404E-08
  6.024000E+03 -8.657761E-08  1.062993E-04  1.390964E-07  1.918530E-04 -1.827114E-02  2.039043E-08  2.039440E-08
  6.025000E+03  4.033386E-07  1.061812E-04 -1.711138E-07  1.920436E-04 -1.408528E-02  2.038940E-08  2.039186E-08
  6.026000E+03  3.684568E-08  1.064216E-04 -8.420026E-07  1.916184E-04 -1.478532E-02  2.039011E-08  2.039350E-08
  6.027000E+03 -1.245802E-07  1.062500E-04  3.254864E-08  1.919366E-04 -1.796796E-02  2.038997E-08  2.039370E-08
  6.028000E+03  3.645917E-07  1.062177E-04 -6.159969E-08  1.919679E-04 -1.354577E-02  2.038851E-08  2.039087E-08
  6.029000E+03  1.031294E-07  1.064193E-04 -8.208541E-07  1.916178E-04 -1.569941E-02  2.038931E-08  2.039298E-08
  6.030000E+03 -1.443554E-07  1.062135E-04 -8.372436E-08  1.919964E-04 -1.741554E-02  2.038952E-08  2.039297E-08
  6.031000E+03  3.148877E-07  1.062590E-04  2.066227E-08  1.918905E-04 -1.331548E-02  2.038829E-08  2.039066E-08
  6.032000E+03  1.626361E-07  1.064025E-04 -7.718900E-07  1.916436E-04 -1.650869E-02  2.038859E-08  2.039246E-08
  6.033000E+03 -1.447401E-07  1.061875E-04 -2.029696E-07  1.920346E-04 -1.669975E-02  2.038884E-08  2.039200E-08
  6.034000E+03  2.577571E-07  1.063014E-04  7.031474E-08  1.918119E-04 -1.335256E-02  2.038805E-08  2.039052E-08
  6.035000E+03  2.116859E-07  1.063738E-04 -6.990558E-07  1.916903E-04 -1.716559E-02  2.038782E-08  2.039181E-08
  6.036000E+03 -1.275658E-07  1.061729E-04 -3.162251E-07  1.920489E-04 -1.589926E-02  2.038782E-08  2.039071E-08
  6.037000E+03  1.991027E-07  1.063418E-04  8.598732E-08  1.917385E-04 -1.361966E-02  2.038793E-08  2.039057E-08
  6.038000E+03  2.460850E-07  1.063390E-04 -6.106252E-07  1.917533E-04 -1.762450E-02  2.038770E-08  2.039172E-08
  6.039000E+03 -9.707226E-08  1.061726E-04 -4.114370E-07  1.920439E-04 -1.510080E-02  2.038749E-08  2.039014E-08
  6.040000E+03  1.444440E-07  1.063779E-04  7.147724E-08  1.916805E-04 -1.408854E-02  2.038855E-08  2.039143E-08
  6.041000E+03  2.635516E-07  1.063017E-04 -5.157366E-07  1.918303E-04 -1.783299E-02  2.038864E-08  2.039259E-08
  6.042000E+03 -5.644991E-08  1.061884E-04 -4.812901E-07  1.920192E-04 -1.438352E-02  2.038809E-08  2.039057E-08
  6.043000E+03  9.581609E-08  1.064025E-04  3.145433E-08  1.916446E-04 -1.475914E-02  2.038925E-08  2.039239E-08
  6.044000E+03  2.643335E-07  1.062612E-04 -4.186914E-07  1.919107E-04 -1.773407E-02  2.038945E-08  2.039322E-08
  6.045000E+03 -8.477287E-09  1.062185E-04 -5.239054E-07  1.919675E-04 -1.382035E-02  2.038855E-08  2.039094E-08
  6.046000E+03  5.442082E-08  1.064088E-04 -2.952643E-08  1.916349E-04 -1.557935E-02  2.038916E-08  2.039257E-08
  6.047000E+03  2.515424E-07  1.062225E-04 -3.245670E-07  1.919798E-04 -1.729991E-02  2.038953E-08  2.039303E-08
  6.048000E+03  4.068168E-08  1.062606E-04 -5.402616E-07  1.918930E-04 -1.350248E-02  2.038880E-08  2.039121E-08
  6.049000E+03  2.432856E-08  1.063949E-04 -1.025616E-07  1.916584E-04 -1.641827E-02  2.038873E-08  2.039236E-08
  6.050000E+03  2.288213E-07  1.061953E-04 -2.446593E-07  1.920237E-04 -1.659723E-02  2.038921E-08  2.039239E-08
  6.051000E+03  8.516704E-08  1.063070E-04 -5.326656E-07  1.918118E-04 -1.351971E-02  2.038907E-08  2.039162E-08
  6.052000E+03  8.970253E-09  1.063665E-04 -1.788114E-07  1.917158E-04 -1.705518E-02  2.038918E-08  2.039293E-08
  6.053000E+03  1.982961E-07  1.061877E-04 -1.876816E-07  1.920352E-04 -1.580522E-02  2.038923E-08  2.039211E-08
  6.054000E+03  1.226749E-07  1.063490E-04 -5.034183E-07  1.917468E-04 -1.385764E-02  2.039013E-08  2.039289E-08
  6.055000E+03  8.928372E-09  1.063309E-04 -2.541448E-07  1.917930E-04 -1.740037E-02  2.039043E-08  2.039418E-08
  6.056000E+03  1.622304E-07  1.061985E-04 -1.567406E-07  1.920193E-04 -1.505356E-02  2.038986E-08  2.039252E-08
  6.057000E+03  1.509275E-07  1.063779E-04 -4.551190E-07  1.917043E-04 -1.446174E-02  2.039098E-08  2.039399E-08
  6.058000E+03  2.210646E-08  1.062928E-04 -3.221911E-07  1.918711E-04 -1.742138E-02  2.039142E-08  2.039507E-08
  6.059000E+03  1.243665E-07  1.062233E-04 -1.508257E-07  1.919780E-04 -1.445949E-02  2.039040E-08  2.039292E-08
  6.060000E+03  1.683694E-07  1.063860E-04 -3.939572E-07  1.916896E-04 -1.519599E-02  2.039073E-08  2.039399E-08
  6.061000E+03  4.497005E-08  1.062592E-04 -3.768006E-07  1.919300E-04 -1.712147E-02  2.039135E-08  2.039482E-08
  6.062000E+03  8.804317E-08  1.062555E-04 -1.656911E-07  1.919197E-04 -1.413233E-02  2.039049E-08  2.039298E-08
  6.063000E+03  1.739298E-07  1.063766E-04 -3.257255E-07  1.917043E-04 -1.586876E-02  2.039028E-08  2.039371E-08
  6.064000E+03  7.523301E-08  1.062374E-04 -4.138660E-07  1.919621E-04 -1.663470E-02  2.039072E-08  2.039399E-08
  6.065000E+03  5.707587E-08  1.062872E-04 -2.000076E-07  1.918641E-04 -1.406467E-02  2.039069E-08  2.039325E-08
  6.066000E+03  1.663670E-07  1.063599E-04 -2.570285E-07  1.917373E-04 -1.636119E-02  2.039044E-08  2.039395E-08
  6.067000E+03  1.125839E-07  1.062278E-04 -4.306255E-07  1.919742E-04 -1.613408E-02  2.039035E-08  2.039344E-08
  6.068000E+03  3.339384E-08  1.063132E-04 -2.547997E-07  1.918206E-04 -1.419160E-02  2.039101E-08  2.039368E-08
  6.069000E+03  1.460308E-07  1.063413E-04 -1.920422E-07  1.917768E-04 -1.664857E-02  2.039097E-08  2.039451E-08
  6.070000E+03  1.561202E-07  1.062285E-04 -4.270099E-07  1.919735E-04 -1.568049E-02  2.039055E-08  2.039350E-08
  6.071000E+03  1.855306E-08  1.063303E-04 -3.295852E-07  1.917902E-04 -1.446716E-02  2.039098E-08  2.039379E-08
  6.072000E+03  1.161545E-07  1.063230E-04 -1.366594E-07  1.918144E-04 -1.673857E-02  2.039142E-08  2.039491E-08
  6.073000E+03  1.998290E-07  1.062363E-04 -4.043717E-07  1.919622E-04 -1.531773E-02  2.039097E-08  2.039384E-08
  6.074000E+03  1.455429E-08  1.063399E-04 -4.139935E-07  1.917726E-04 -1.481076E-02  2.039084E-08  2.039381E-08
  6.075000E+03  8.051444E-08  1.063055E-04 -9.813159E-08  1.918455E-04 -1.670990E-02  2.039138E-08  2.039480E-08
  6.076000E+03  2.356750E-07  1.062463E-04 -3.634245E-07  1.919442E-04 -1.504122E-02  2.039105E-08  2.039386E-08
  6.077000E+03  2.489389E-08  1.063440E-04 -4.948698E-07  1.917628E-04 -1.514432E-02  2.039049E-08  2.039359E-08
  6.078000E+03  3.772064E-08  1.062868E-04 -8.229509E-08  1.918696E-04 -1.662976E-02  2.039040E-08  2.039374E-08
  6.079000E+03  2.598683E-07  1.062547E-04 -2.981326E-07  1.919202E-04 -1.480982E-02  2.039018E-08  2.039295E-08
  6.080000E+03  5.219281E-08  1.063456E-04 -5.668404E-07  1.917539E-04 -1.544271E-02  2.038975E-08  2.039298E-08
  6.081000E+03 -1.169355E-08  1.062687E-04 -9.487286E-08  1.918914E-04 -1.651076E-02  2.038927E-08  2.039253E-08
  6.082000E+03  2.702632E-07  1.062653E-04 -2.077322E-07  1.918906E-04 -1.464286E-02  2.038912E-08  2.039186E-08
  6.083000E+03  9.452489E-08  1.063458E-04 -6.239464E-07  1.917497E-04 -1.574857E-02  2.038925E-08  2.039260E-08
  6.084000E+03 -6.318873E-08  1.062530E-04 -1.358782E-07  1.919155E-04 -1.632128E-02  2.038888E-08  2.039205E-08
  6.085000E+03  2.661234E-07  1.062808E-04 -1.007146E-07  1.918576E-04 -1.455147E-02  2.038862E-08  2.039137E-08
  6.086000E+03  1.486788E-07  1.063404E-04 -6.619602E-07  1.917567E-04 -1.607805E-02  2.038886E-08  2.039233E-08
  6.087000E+03 -1.114092E-07  1.062419E-04 -2.034403E-07  1.919344E-04 -1.603130E-02  2.038885E-08  2.039191E-08
  6.088000E+03  2.480862E-07  1.062982E-04  1.161296E-08  1.918227E-04 -1.458453E-02  2.038823E-08  2.039103E-08
  6.089000E+03  2.111113E-07  1.063258E-04 -6.791313E-07  1.917771E-04 -1.634713E-02  2.038813E-08  2.039168E-08
  6.090000E+03 -1.497344E-07  1.062365E-04 -2.961037E-07  1.919366E-04 -1.567165E-02  2.038818E-08  2.039113E-08
  6.091000E+03  2.165821E-07  1.063136E-04  1.155785E-07  1.917887E-04 -1.475843E-02  2.038753E-08  2.039042E-08
  6.092000E+03  2.765180E-07  1.063039E-04 -6.717863E-07  1.918073E-04 -1.649394E-02  2.038709E-08  2.039066E-08
  6.093000E+03 -1.711761E-07  1.062387E-04 -4.091886E-07  1.919223E-04 -1.528040E-02  2.038720E-08  2.039008E-08
  6.094000E+03  1.697928E-07  1.063277E-04  1.986957E-07  1.917607E-04 -1.505784E-02  2.038715E-08  2.039017E-08
  6.095000E+03  3.404932E-07  1.062824E-04 -6.325020E-07  1.918460E-04 -1.650911E-02  2.038709E-08  2.039061E-08
  6.096000E+03 -1.722783E-07  1.062513E-04 -5.367991E-07  1.918997E-04 -1.494510E-02  2.038732E-08  2.039015E-08
  6.097000E+03  1.069407E-07  1.063359E-04  2.546849E-07  1.917520E-04 -1.542670E-02  2.038769E-08  2.039083E-08
  6.098000E+03  3.994517E-07  1.062683E-04 -5.566487E-07  1.918829E-04 -1.636806E-02  2.038833E-08  2.039178E-08
  6.099000E+03 -1.547944E-07  1.062716E-04 -6.702305E-07  1.918754E-04 -1.477155E-02  2.038868E-08  2.039155E-08
  6.100000E+03  3.133388E-08  1.063343E-04  2.842393E-07  1.917670E-04 -1.576533E-02  2.038888E-08  2.039211E-08
  6.101000E+03  4.493170E-07  1.062617E-04 -4.473859E-07  1.919051E-04 -1.611391E-02  2.038951E-08  2.039286E-08
  6.102000E+03 -1.210397E-07  1.062896E-04 -7.993106E-07  1.918513E-04 -1.479366E-02  2.038958E-08  2.039254E-08
  6.103000E+03 -4.956860E-08  1.063246E-04  2.856296E-07  1.917915E-04 -1.598390E-02  2.038954E-08  2.039281E-08
  6.104000E+03  4.830038E-07  1.062597E-04 -3.136398E-07  1.919088E-04 -1.584209E-02  2.038962E-08  2.039288E-08
  6.105000E+03 -6.957281E-08  1.063007E-04 -9.110352E-07  1.918312E-04 -1.491725E-02  2.038953E-08  2.039261E-08
  6.106000E+03 -1.296330E-07  1.063140E-04  2.507116E-07  1.918117E-04 -1.608175E-02  2.038962E-08  2.039290E-08
  6.107000E+03  4.970141E-07  1.062635E-04 -1.647433E-07  1.919036E-04 -1.562173E-02  2.038986E-08  2.039304E-08
  6.108000E+03 -2.502252E-10  1.063083E-04 -9.984984E-07  1.918228E-04 -1.506870E-02  2.039004E-08  2.039322E-08
  6.109000E+03 -2.052335E-07  1.063087E-04  1.760947E-07  1.918293E-04 -1.609682E-02  2.039048E-08  2.039375E-08
  6.110000E+03  4.908788E-07  1.062717E-04 -7.580630E-09  1.919014E-04 -1.547855E-02  2.039125E-08  2.039439E-08
  6.111000E+03  8.408374E-08  1.063146E-04 -1.058324E-06  1.918256E-04 -1.521107E-02  2.039149E-08  2.039476E-08
  6.112000E+03 -2.717136E-07  1.063076E-04  6.351044E-08  1.918442E-04 -1.609100E-02  2.039186E-08  2.039514E-08
  6.113000E+03  4.636253E-07  1.062746E-04  1.493234E-07  1.919051E-04 -1.539786E-02  2.039223E-08  2.039533E-08
  6.114000E+03  1.782876E-07  1.063204E-04 -1.084158E-06  1.918251E-04 -1.526115E-02  2.039255E-08  2.039589E-08
  6.115000E+03 -3.253437E-07  1.063065E-04 -7.990070E-08  1.918513E-04 -1.616112E-02  2.039238E-08  2.039571E-08
  6.116000E+03  4.158320E-07  1.062688E-04  2.979797E-07  1.919131E-04 -1.530802E-02  2.039199E-08  2.039502E-08
  6.117000E+03  2.755431E-07  1.063282E-04 -1.071330E-06  1.918092E-04 -1.525762E-02  2.039235E-08  2.039574E-08
  6.118000E+03 -3.621468E-07  1.063006E-04 -2.438406E-07  1.918605E-04 -1.627874E-02  2.039218E-08  2.039557E-08
  6.119000E+03  3.495662E-07  1.062634E-04  4.286279E-07  1.919166E-04 -1.514930E-02  2.039136E-08  2.039432E-08
  6.120000E+03  3.692468E-07  1.063362E-04 -1.018344E-06  1.917853E-04 -1.535181E-02  2.039132E-08  2.039479E-08
  6.121000E+03 -3.784138E-07  1.062879E-04 -4.182136E-07  1.918794E-04 -1.632397E-02  2.039175E-08  2.039516E-08
  6.122000E+03  2.658511E-07  1.062657E-04  5.329395E-07  1.919052E-04 -1.495332E-02  2.039066E-08  2.039355E-08
  6.123000E+03  4.577397E-07  1.063405E-04 -9.258368E-07  1.917677E-04 -1.558539E-02  2.039019E-08  2.039378E-08
  6.124000E+03 -3.729015E-07  1.062695E-04 -6.007496E-07  1.919032E-04 -1.625052E-02  2.039076E-08  2.039415E-08
  6.125000E+03  1.674892E-07  1.062772E-04  6.060184E-07  1.918788E-04 -1.473810E-02  2.039013E-08  2.039297E-08
  6.126000E+03  5.380407E-07  1.063410E-04 -7.968891E-07  1.917627E-04 -1.592116E-02  2.038966E-08  2.039337E-08
  6.127000E+03 -3.444791E-07  1.062485E-04 -7.864257E-07  1.919286E-04 -1.607886E-02  2.038949E-08  2.039284E-08
  6.128000E+03  6.023461E-08  1.062964E-04  6.406698E-07  1.918397E-04 -1.456713E-02  2.038971E-08  2.039255E-08
  6.129000E+03  6.050191E-07  1.063361E-04 -6.386740E-07  1.917733E-04 -1.629887E-02  2.038971E-08  2.039354E-08
  6.130000E+03 -2.936689E-07  1.062326E-04 -9.644856E-07  1.919497E-04 -1.579607E-02  2.038878E-08  2.039206E-08
  6.131000E+03 -5.055582E-08  1.063170E-04  6.333596E-07  1.917953E-04 -1.457337E-02  2.038894E-08  2.039184E-08
  6.132000E+03  6.523505E-07  1.063219E-04 -4.565443E-07  1.917997E-04 -1.657847E-02  2.038971E-08  2.039359E-08
  6.133000E+03 -2.198756E-07  1.062271E-04 -1.122730E-06  1.919546E-04 -1.541964E-02  2.038835E-08  2.039155E-08
  6.134000E+03 -1.607129E-07  1.063331E-04  5.793249E-07  1.917573E-04 -1.478328E-02  2.038792E-08  2.039095E-08
  6.135000E+03  6.752765E-07  1.063000E-04 -2.548069E-07  1.918330E-04 -1.670646E-02  2.038900E-08  2.039284E-08
  6.136000E+03 -1.254759E-07  1.062341E-04 -1.249564E-06  1.919387E-04 -1.502263E-02  2.038813E-08  2.039128E-08
  6.137000E+03 -2.652556E-07  1.063427E-04  4.790795E-07  1.917351E-04 -1.515739E-02  2.038729E-08  2.039047E-08
  6.138000E+03  6.712801E-07  1.062734E-04 -4.131698E-08  1.918704E-04 -1.665029E-02  2.038790E-08  2.039164E-08
  6.139000E+03 -1.568662E-08  1.062521E-04 -1.335466E-06  1.919030E-04 -1.468249E-02  2.038790E-08  2.039104E-08
  6.140000E+03 -3.587010E-07  1.063461E-04  3.384154E-07  1.917316E-04 -1.562482E-02  2.038742E-08  2.039079E-08
  6.141000E+03  6.402268E-07  1.062489E-04  1.730229E-07  1.919083E-04 -1.642841E-02  2.038729E-08  2.039087E-08
  6.142000E+03  1.038944E-07  1.062757E-04 -1.375377E-06  1.918585E-04 -1.446431E-02  2.038775E-08  2.039093E-08
  6.143000E+03 -4.348454E-07  1.063453E-04  1.632733E-07  1.917432E-04 -1.607936E-02  2.038834E-08  2.039187E-08
  6.144000E+03  5.848622E-07  1.062324E-04  3.733977E-07  1.919408E-04 -1.612201E-02  2.038769E-08  2.039109E-08
  6.145000E+03  2.268550E-07  1.062979E-04 -1.369327E-06  1.918177E-04 -1.440853E-02  2.038770E-08  2.039095E-08
  6.146000E+03 -4.887847E-07  1.063378E-04 -3.765770E-08  1.917637E-04 -1.643309E-02  2.038897E-08  2.039263E-08
  6.147000E+03  5.088653E-07  1.062250E-04  5.468056E-07  1.919586E-04 -1.577410E-02  2.038827E-08  2.039150E-08
  6.148000E+03  3.464744E-07  1.063165E-04 -1.318960E-06  1.917838E-04 -1.451510E-02  2.038764E-08  2.039101E-08
  6.149000E+03 -5.157123E-07  1.063215E-04 -2.549854E-07  1.917924E-04 -1.664929E-02  2.038882E-08  2.039254E-08
  6.150000E+03  4.136812E-07  1.062264E-04  6.823513E-07  1.919571E-04 -1.538328E-02  2.038851E-08  2.039159E-08
  6.151000E+03  4.574652E-07  1.063344E-04 -1.222655E-06  1.917569E-04 -1.476632E-02  2.038813E-08  2.039164E-08
  6.152000E+03 -5.136996E-07  1.063022E-04 -4.797351E-07  1.918313E-04 -1.674739E-02  2.038922E-08  2.039296E-08
  6.153000E+03  3.007018E-07  1.062354E-04  7.749688E-07  1.919460E-04 -1.499101E-02  2.038917E-08  2.039211E-08
  6.154000E+03  5.566062E-07  1.063531E-04 -1.080454E-06  1.917383E-04 -1.510660E-02  2.038965E-08  2.039331E-08
  6.155000E+03 -4.865429E-07  1.062814E-04 -7.021861E-07  1.918787E-04 -1.677880E-02  2.039027E-08  2.039400E-08
  6.156000E+03  1.759438E-07  1.062494E-04  8.271389E-07  1.919286E-04 -1.460837E-02  2.039012E-08  2.039294E-08
  6.157000E+03  6.393631E-07  1.063663E-04 -9.005667E-07  1.917246E-04 -1.554070E-02  2.039058E-08  2.039441E-08
  6.158000E+03 -4.362356E-07  1.062553E-04 -9.115213E-07  1.919282E-04 -1.667502E-02  2.039056E-08  2.039424E-08
  6.159000E+03  4.813950E-08  1.062703E-04  8.353958E-07  1.918924E-04 -1.427182E-02  2.039039E-08  2.039314E-08
  6.160000E+03  6.994979E-07  1.063692E-04 -6.952031E-07  1.917220E-04 -1.607231E-02  2.039067E-08  2.039466E-08
  6.161000E+03 -3.632038E-07  1.062290E-04 -1.094841E-06  1.919733E-04 -1.636622E-02  2.039040E-08  2.039396E-08
  6.162000E+03 -7.637153E-08  1.062995E-04  7.951720E-07  1.918388E-04 -1.408208E-02  2.039036E-08  2.039312E-08
  6.163000E+03  7.337076E-07  1.063612E-04 -4.742764E-07  1.917419E-04 -1.660778E-02  2.039108E-08  2.039518E-08
  6.164000E+03 -2.688902E-07  1.062109E-04 -1.244275E-06  1.920052E-04 -1.589865E-02  2.039047E-08  2.039387E-08
  6.165000E+03 -1.918057E-07  1.063324E-04  7.044180E-07  1.917816E-04 -1.412028E-02  2.039055E-08  2.039342E-08
  6.166000E+03  7.400539E-07  1.063412E-04 -2.477498E-07  1.917852E-04 -1.702794E-02  2.039171E-08  2.039585E-08
  6.167000E+03 -1.571372E-07  1.062069E-04 -1.352640E-06  1.920167E-04 -1.529836E-02  2.039110E-08  2.039434E-08
  6.168000E+03 -2.934185E-07  1.063632E-04  5.667957E-07  1.917288E-04 -1.446360E-02  2.039075E-08  2.039381E-08
  6.169000E+03  7.186998E-07  1.063067E-04 -2.529663E-08  1.918487E-04 -1.724192E-02  2.039178E-08  2.039584E-08
  6.170000E+03 -3.530069E-08  1.062215E-04 -1.413971E-06  1.919954E-04 -1.461911E-02  2.039186E-08  2.039494E-08
  6.171000E+03 -3.765861E-07  1.063857E-04  3.931304E-07  1.916947E-04 -1.509753E-02  2.039126E-08  2.039458E-08
  6.172000E+03  6.713811E-07  1.062637E-04  1.823070E-07  1.919229E-04 -1.717321E-02  2.039143E-08  2.039531E-08
  6.173000E+03  8.938229E-08  1.062515E-04 -1.425563E-06  1.919393E-04 -1.404398E-02  2.039183E-08  2.039483E-08
  6.174000E+03 -4.380176E-07  1.063930E-04  1.951484E-07  1.916883E-04 -1.587281E-02  2.039174E-08  2.039534E-08
  6.175000E+03  6.012432E-07  1.062228E-04  3.657569E-07  1.919877E-04 -1.682364E-02  2.039058E-08  2.039419E-08
  6.176000E+03  2.120792E-07  1.062880E-04 -1.389602E-06  1.918605E-04 -1.374276E-02  2.039054E-08  2.039357E-08
  6.177000E+03 -4.764220E-07  1.063816E-04 -1.854401E-08  1.917087E-04 -1.659607E-02  2.039148E-08  2.039530E-08
  6.178000E+03  5.108929E-07  1.061940E-04  5.202288E-07  1.920286E-04 -1.622131E-02  2.038960E-08  2.039290E-08
  6.179000E+03  3.287468E-07  1.063255E-04 -1.307867E-06  1.917778E-04 -1.377837E-02  2.038893E-08  2.039209E-08
  6.180000E+03 -4.908857E-07  1.063523E-04 -2.406042E-07  1.917519E-04 -1.717625E-02  2.039024E-08  2.039420E-08
  6.181000E+03  4.067726E-07  1.061848E-04  6.383750E-07  1.920384E-04 -1.543145E-02  2.038913E-08  2.039210E-08
  6.182000E+03  4.329102E-07  1.063606E-04 -1.187764E-06  1.917074E-04 -1.416904E-02  2.038807E-08  2.039144E-08
  6.183000E+03 -4.813078E-07  1.063085E-04 -4.581072E-07  1.918173E-04 -1.751828E-02  2.038868E-08  2.039267E-08
  6.184000E+03  2.959713E-07  1.061950E-04  7.139272E-07  1.920106E-04 -1.461482E-02  2.038838E-08  2.039110E-08
  6.185000E+03  5.201230E-07  1.063866E-04 -1.039735E-06  1.916598E-04 -1.482650E-02  2.038780E-08  2.039145E-08
  6.186000E+03 -4.491739E-07  1.062574E-04 -6.608477E-07  1.918955E-04 -1.752883E-02  2.038718E-08  2.039108E-08
  6.187000E+03  1.829633E-07  1.062213E-04  7.460429E-07  1.919494E-04 -1.391580E-02  2.038714E-08  2.038968E-08
  6.188000E+03  5.871013E-07  1.064003E-04 -8.699580E-07  1.916378E-04 -1.565583E-02  2.038782E-08  2.039175E-08
  6.189000E+03 -3.949737E-07  1.062106E-04 -8.418075E-07  1.919735E-04 -1.721530E-02  2.038661E-08  2.039032E-08
  6.190000E+03  7.058637E-08  1.062591E-04  7.332782E-07  1.918702E-04 -1.346870E-02  2.038611E-08  2.038860E-08
  6.191000E+03  6.309239E-07  1.063958E-04 -6.816385E-07  1.916463E-04 -1.651241E-02  2.038759E-08  2.039175E-08
  6.192000E+03 -3.206450E-07  1.061781E-04 -9.934595E-07  1.920312E-04 -1.661608E-02  2.038669E-08  2.039015E-08
  6.193000E+03 -3.615969E-08  1.063022E-04  6.752491E-07  1.917877E-04 -1.338413E-02  2.038563E-08  2.038819E-08
  6.194000E+03  6.482385E-07  1.063704E-04 -4.819542E-07  1.916887E-04 -1.722009E-02  2.038698E-08  2.039126E-08
  6.195000E+03 -2.311013E-07  1.061649E-04 -1.104863E-06  1.920540E-04 -1.579748E-02  2.038685E-08  2.039004E-08
  6.196000E+03 -1.302762E-07  1.063465E-04  5.758413E-07  1.917134E-04 -1.367873E-02  2.038615E-08  2.038890E-08
  6.197000E+03  6.398286E-07  1.063306E-04 -2.856389E-07  1.917628E-04 -1.767395E-02  2.038706E-08  2.039131E-08
  6.198000E+03 -1.327207E-07  1.061721E-04 -1.172135E-06  1.920427E-04 -1.490876E-02  2.038731E-08  2.039024E-08
  6.199000E+03 -2.080310E-07  1.063863E-04  4.446776E-07  1.916565E-04 -1.430355E-02  2.038754E-08  2.039058E-08
  6.200000E+03  6.114971E-07  1.062834E-04 -1.051567E-07  1.918575E-04 -1.782143E-02  2.038803E-08  2.039214E-08
  6.201000E+03 -3.153419E-08  1.061973E-04 -1.201778E-06  1.920007E-04 -1.409763E-02  2.038794E-08  2.039068E-08
  6.202000E+03 -2.674045E-07  1.064108E-04  2.921492E-07  1.916252E-04 -1.515677E-02  2.038865E-08  2.039202E-08
  6.203000E+03  5.660746E-07  1.062358E-04  5.301194E-08  1.919512E-04 -1.760610E-02  2.038893E-08  2.039278E-08
  6.204000E+03  6.757243E-08  1.062381E-04 -1.195297E-06  1.919309E-04 -1.351343E-02  2.038851E-08  2.039118E-08
  6.205000E+03 -3.054554E-07  1.064145E-04  1.255572E-07  1.916294E-04 -1.609572E-02  2.038950E-08  2.039317E-08
  6.206000E+03  5.042403E-07  1.061964E-04  1.823761E-07  1.920278E-04 -1.702841E-02  2.038970E-08  2.039320E-08
  6.207000E+03  1.600146E-07  1.062910E-04 -1.150137E-06  1.918444E-04 -1.325783E-02  2.038954E-08  2.039227E-08
  6.208000E+03 -3.227268E-07  1.063976E-04 -4.542155E-08  1.916732E-04 -1.698971E-02  2.039062E-08  2.039453E-08
  6.209000E+03  4.292744E-07  1.061718E-04  2.812202E-07  1.920764E-04 -1.618593E-02  2.039042E-08  2.039354E-08
  6.210000E+03  2.420625E-07  1.063457E-04 -1.069696E-06  1.917538E-04 -1.340565E-02  2.039036E-08  2.039327E-08
  6.211000E+03 -3.217844E-07  1.063610E-04 -2.110968E-07  1.917499E-04 -1.765683E-02  2.039153E-08  2.039555E-08
  6.212000E+03  3.469801E-07  1.061687E-04  3.497352E-07  1.920856E-04 -1.519743E-02  2.039112E-08  2.039387E-08
  6.213000E+03  3.103859E-07  1.063923E-04 -9.627877E-07  1.916744E-04 -1.399451E-02  2.039068E-08  2.039387E-08
  6.214000E+03 -3.054338E-07  1.063075E-04 -3.623766E-07  1.918490E-04 -1.795147E-02  2.039170E-08  2.039567E-08
  6.215000E+03  2.648328E-07  1.061900E-04  3.871628E-07  1.920479E-04 -1.420044E-02  2.039150E-08  2.039395E-08
  6.216000E+03  3.627241E-07  1.064234E-04 -8.424979E-07  1.916248E-04 -1.492237E-02  2.039110E-08  2.039465E-08
  6.217000E+03 -2.759590E-07  1.062471E-04 -4.927641E-07  1.919535E-04 -1.783924E-02  2.039126E-08  2.039505E-08
  6.218000E+03  1.885721E-07  1.062320E-04  3.931819E-07  1.919697E-04 -1.338801E-02  2.039150E-08  2.039378E-08
  6.219000E+03  3.972379E-07  1.064330E-04 -7.187868E-07  1.916152E-04 -1.601744E-02  2.039158E-08  2.039547E-08
  6.220000E+03 -2.326751E-07  1.061920E-04 -5.991495E-07  1.920456E-04 -1.730842E-02  2.039066E-08  2.039415E-08
  6.221000E+03  1.195072E-07  1.062867E-04  3.652962E-07  1.918624E-04 -1.297181E-02  2.039071E-08  2.039300E-08
  6.222000E+03  4.131075E-07  1.064164E-04 -5.935836E-07  1.916485E-04 -1.707136E-02  2.039157E-08  2.039572E-08
  6.223000E+03 -1.769708E-07  1.061557E-04 -6.786971E-07  1.921071E-04 -1.638210E-02  2.039052E-08  2.039364E-08
  6.224000E+03  5.868173E-08  1.063462E-04  3.054032E-07  1.917482E-04 -1.306891E-02  2.038994E-08  2.039242E-08
  6.225000E+03  4.123153E-07  1.063743E-04 -4.706817E-07  1.917240E-04 -1.789256E-02  2.039125E-08  2.039551E-08
  6.226000E+03 -1.155813E-07  1.061475E-04 -7.296285E-07  1.921218E-04 -1.522133E-02  2.039088E-08  2.039361E-08
  6.227000E+03  9.818233E-09  1.063995E-04  2.238517E-07  1.916526E-04 -1.368005E-02  2.038984E-08  2.039265E-08
  6.228000E+03  3.974435E-07  1.063132E-04 -3.597703E-07  1.918283E-04 -1.833267E-02  2.039046E-08  2.039466E-08
  6.229000E+03 -5.591906E-08  1.061673E-04 -7.507901E-07  1.920808E-04 -1.408060E-02  2.039069E-08  2.039312E-08
  6.230000E+03 -2.445052E-08  1.064343E-04  1.332843E-07  1.915938E-04 -1.465903E-02  2.038995E-08  2.039317E-08
  6.231000E+03  3.707918E-07  1.062444E-04 -2.681074E-07  1.919403E-04 -1.826498E-02  2.038918E-08  2.039314E-08
  6.232000E+03 -7.456327E-10  1.062092E-04 -7.444403E-07  1.919894E-04 -1.320730E-02  2.038927E-08  2.039155E-08
  6.233000E+03 -4.542152E-08  1.064439E-04  4.035965E-08  1.915771E-04 -1.582850E-02  2.038967E-08  2.039328E-08
  6.234000E+03  3.350374E-07  1.061826E-04 -1.953773E-07  1.920405E-04 -1.767737E-02  2.038817E-08  2.039176E-08
  6.235000E+03  4.916295E-08  1.062644E-04 -7.152949E-07  1.918703E-04 -1.275404E-02  2.038733E-08  2.038963E-08
  6.236000E+03 -5.506315E-08  1.064270E-04 -5.167880E-08  1.916021E-04 -1.698803E-02  2.038870E-08  2.039264E-08
  6.237000E+03  2.952380E-07  1.061406E-04 -1.419519E-07  1.921084E-04 -1.670084E-02  2.038765E-08  2.039079E-08
  6.238000E+03  9.006031E-08  1.063252E-04 -6.703115E-07  1.917496E-04 -1.277823E-02  2.038615E-08  2.038862E-08
  6.239000E+03 -5.398616E-08  1.063837E-04 -1.347804E-07  1.916695E-04 -1.793628E-02  2.038723E-08  2.039137E-08
  6.240000E+03  2.577143E-07  1.061248E-04 -1.120119E-07  1.921272E-04 -1.549595E-02  2.038702E-08  2.038972E-08
  6.241000E+03  1.177358E-07  1.063850E-04 -6.185888E-07  1.916429E-04 -1.329607E-02  2.038614E-08  2.038894E-08
  6.242000E+03 -4.277935E-08  1.063212E-04 -1.999804E-07  1.917769E-04 -1.851019E-02  2.038645E-08  2.039060E-08
  6.243000E+03  2.246130E-07  1.061377E-04 -1.062106E-07  1.920952E-04 -1.425250E-02  2.038648E-08  2.038881E-08
  6.244000E+03  1.335832E-07  1.064330E-04 -5.656329E-07  1.915649E-04 -1.425670E-02  2.038674E-08  2.038996E-08
  6.245000E+03 -2.463639E-08  1.062501E-04 -2.473471E-07  1.919062E-04 -1.858531E-02  2.038653E-08  2.039051E-08
  6.246000E+03  1.962661E-07  1.061778E-04 -1.184147E-07  1.920164E-04 -1.319279E-02  2.038612E-08  2.038822E-08
  6.247000E+03  1.394362E-07  1.064556E-04 -5.136795E-07  1.915296E-04 -1.552917E-02  2.038694E-08  2.039061E-08
  6.248000E+03 -3.884377E-09  1.061825E-04 -2.768632E-07  1.920296E-04 -1.808627E-02  2.038685E-08  2.039050E-08
  6.249000E+03  1.757293E-07  1.062400E-04 -1.425436E-07  1.919012E-04 -1.252300E-02  2.038598E-08  2.038805E-08
  6.250000E+03  1.345180E-07  1.064463E-04 -4.682046E-07  1.915494E-04 -1.688036E-02  2.038683E-08  2.039089E-08
  6.251000E+03  1.602031E-08  1.061312E-04 -2.840102E-07  1.921219E-04 -1.706851E-02  2.038716E-08  2.039035E-08
  6.252000E+03  1.656638E-07  1.063166E-04 -1.739288E-07  1.917682E-04 -1.238174E-02  2.038658E-08  2.038883E-08
  6.253000E+03  1.226206E-07  1.064075E-04 -4.377996E-07  1.916295E-04 -1.805993E-02  2.038749E-08  2.039182E-08
  6.254000E+03  3.245423E-08  1.061082E-04 -2.741637E-07  1.921669E-04 -1.572044E-02  2.038796E-08  2.039066E-08
  6.255000E+03  1.647467E-07  1.063941E-04 -2.061669E-07  1.916427E-04 -1.284912E-02  2.038796E-08  2.039057E-08
  6.256000E+03  1.079566E-07  1.063469E-04 -4.234106E-07  1.917566E-04 -1.883802E-02  2.038910E-08  2.039348E-08
  6.257000E+03  4.367870E-08  1.061194E-04 -2.543009E-07  1.921550E-04 -1.430631E-02  2.038929E-08  2.039157E-08
  6.258000E+03  1.735624E-07  1.064541E-04 -2.362641E-07  1.915519E-04 -1.385275E-02  2.038953E-08  2.039263E-08
  6.259000E+03  9.180345E-08  1.062736E-04 -4.273050E-07  1.919048E-04 -1.901251E-02  2.039073E-08  2.039495E-08
  6.260000E+03  4.778030E-08  1.061633E-04 -2.253516E-07  1.920849E-04 -1.307836E-02  2.039062E-08  2.039263E-08
  6.261000E+03  1.904954E-07  1.064843E-04 -2.589933E-07  1.915130E-04 -1.522213E-02  2.039076E-08  2.039438E-08
  6.262000E+03  7.688205E-08  1.061996E-04 -4.485643E-07  1.920443E-04 -1.854991E-02  2.039152E-08  2.039539E-08
  6.263000E+03  4.312343E-08  1.062325E-04 -1.913839E-07  1.919665E-04 -1.225306E-02  2.039156E-08  2.039349E-08
  6.264000E+03  2.119977E-07  1.064805E-04 -2.680325E-07  1.915345E-04 -1.670486E-02  2.039184E-08  2.039592E-08
  6.265000E+03  6.621926E-08  1.061404E-04 -4.826487E-07  1.921516E-04 -1.753867E-02  2.039191E-08  2.039531E-08
  6.266000E+03  2.850597E-08  1.063158E-04 -1.574515E-07  1.918206E-04 -1.203115E-02  2.039209E-08  2.039417E-08
  6.267000E+03  2.355014E-07  1.064431E-04 -2.587689E-07  1.916169E-04 -1.801399E-02  2.039298E-08  2.039737E-08
  6.268000E+03  6.203165E-08  1.061089E-04 -5.262949E-07  1.922093E-04 -1.612201E-02  2.039246E-08  2.039533E-08
  6.269000E+03  5.334864E-09  1.063970E-04 -1.292123E-07  1.916761E-04 -1.248354E-02  2.039218E-08  2.039464E-08
  6.270000E+03  2.569694E-07  1.063745E-04 -2.305757E-07  1.917447E-04 -1.891576E-02  2.039309E-08  2.039758E-08
  6.271000E+03  6.773464E-08  1.061119E-04 -5.743124E-07  1.922000E-04 -1.452164E-02  2.039255E-08  2.039494E-08
  6.272000E+03 -2.416735E-08  1.064602E-04 -1.154308E-07  1.915601E-04 -1.354885E-02  2.039166E-08  2.039464E-08
  6.273000E+03  2.724668E-07  1.062859E-04 -1.845524E-07  1.918940E-04 -1.922610E-02  2.039186E-08  2.039621E-08
  6.274000E+03  8.664896E-08  1.061497E-04 -6.216360E-07  1.921191E-04 -1.306507E-02  2.039164E-08  2.039371E-08
  6.275000E+03 -5.922794E-08  1.064935E-04 -1.234408E-07  1.914960E-04 -1.503388E-02  2.039078E-08  2.039434E-08
  6.276000E+03  2.803557E-07  1.061960E-04 -1.208502E-07  1.920401E-04 -1.884120E-02  2.039028E-08  2.039428E-08
  6.277000E+03  1.185558E-07  1.062158E-04 -6.647866E-07  1.919809E-04 -1.208318E-02  2.038992E-08  2.039190E-08
  6.278000E+03 -9.765950E-08  1.064900E-04 -1.546744E-07  1.914985E-04 -1.664760E-02  2.038985E-08  2.039392E-08
  6.279000E+03  2.810900E-07  1.061222E-04 -4.425312E-08  1.921570E-04 -1.779721E-02  2.038889E-08  2.039237E-08
  6.280000E+03  1.598203E-07  1.062987E-04 -7.015667E-07  1.918128E-04 -1.175014E-02  2.038803E-08  2.039018E-08
  6.281000E+03 -1.334180E-07  1.064492E-04 -2.069981E-07  1.915660E-04 -1.812701E-02  2.038870E-08  2.039315E-08
  6.282000E+03  2.699557E-07  1.060789E-04  3.712704E-08  1.922219E-04 -1.626989E-02  2.038799E-08  2.039087E-08
  6.283000E+03  2.090514E-07  1.063838E-04 -7.213140E-07  1.916494E-04 -1.210240E-02  2.038690E-08  2.038944E-08
  6.284000E+03 -1.619336E-07  1.063795E-04 -2.815272E-07  1.916866E-04 -1.921061E-02  2.038776E-08  2.039239E-08
  6.285000E+03  2.426007E-07  1.060756E-04  1.178311E-07  1.922204E-04 -1.458515E-02  2.038773E-08  2.039007E-08
  6.286000E+03  2.670439E-07  1.064558E-04 -7.159630E-07  1.915225E-04 -1.309477E-02  2.038693E-08  2.039002E-08
  6.287000E+03 -1.844510E-07  1.062913E-04 -3.787936E-07  1.918411E-04 -1.968058E-02  2.038709E-08  2.039166E-08
  6.288000E+03  2.014355E-07  1.061094E-04  1.982980E-07  1.921494E-04 -1.304646E-02  2.038712E-08  2.038907E-08
  6.289000E+03  3.294493E-07  1.065005E-04 -6.866368E-07  1.914468E-04 -1.455483E-02  2.038702E-08  2.039073E-08
  6.290000E+03 -1.989044E-07  1.061983E-04 -4.918267E-07  1.920021E-04 -1.942550E-02  2.038646E-08  2.039073E-08
  6.291000E+03  1.499061E-07  1.061734E-04  2.714281E-07  1.920201E-04 -1.189949E-02  2.038598E-08  2.038775E-08
  6.292000E+03  3.881577E-07  1.065091E-04 -6.333217E-07  1.914319E-04 -1.625338E-02  2.038654E-08  2.039084E-08
  6.293000E+03 -1.985509E-07  1.061189E-04 -6.100992E-07  1.921405E-04 -1.846709E-02  2.038628E-08  2.039007E-08
  6.294000E+03  8.774754E-08  1.062604E-04  3.238989E-07  1.918561E-04 -1.136527E-02  2.038540E-08  2.038725E-08
  6.295000E+03  4.402700E-07  1.064794E-04 -5.530045E-07  1.914894E-04 -1.789536E-02  2.038641E-08  2.039116E-08
  6.296000E+03 -1.794157E-07  1.060688E-04 -7.311864E-07  1.922307E-04 -1.696460E-02  2.038674E-08  2.038995E-08
  6.297000E+03  1.499591E-08  1.063570E-04  3.476923E-07  1.916881E-04 -1.154796E-02  2.038602E-08  2.038820E-08
  6.298000E+03  4.831693E-07  1.064151E-04 -4.435190E-07  1.916144E-04 -1.918725E-02  2.038691E-08  2.039188E-08
  6.299000E+03 -1.419764E-07  1.060560E-04 -8.494215E-07  1.922541E-04 -1.517723E-02  2.038736E-08  2.039002E-08
  6.300000E+03 -6.248657E-08  1.064461E-04  3.387526E-07  1.915414E-04 -1.244920E-02  2.038726E-08  2.038997E-08
  6.301000E+03  5.124229E-07  1.063259E-04 -3.128523E-07  1.917862E-04 -1.988982E-02  2.038781E-08  2.039275E-08
  6.302000E+03 -8.850194E-08  1.060836E-04 -9.539555E-07  1.922043E-04 -1.340672E-02  2.038790E-08  2.039012E-08
  6.303000E+03 -1.408223E-07  1.065091E-04  2.983215E-07  1.914414E-04 -1.394330E-02  2.038827E-08  2.039164E-08
  6.304000E+03  5.255319E-07  1.062271E-04 -1.666583E-07  1.919732E-04 -1.982563E-02  2.038874E-08  2.039338E-08
  6.305000E+03 -1.931461E-08  1.061482E-04 -1.039492E-06  1.920871E-04 -1.197910E-02  2.038823E-08  2.039022E-08
  6.306000E+03 -2.160808E-07  1.065321E-04  2.236838E-07  1.914097E-04 -1.577300E-02  2.038873E-08  2.039276E-08
  6.307000E+03  5.202295E-07  1.061370E-04 -1.089530E-08  1.921388E-04 -1.896876E-02  2.038936E-08  2.039347E-08
  6.308000E+03  6.324029E-08  1.062419E-04 -1.099469E-06  1.919215E-04 -1.116935E-02  2.038883E-08  2.039087E-08
  6.309000E+03 -2.815410E-07  1.065123E-04  1.138018E-07  1.914580E-04 -1.763337E-02  2.038946E-08  2.039404E-08
  6.310000E+03  4.934326E-07  1.060744E-04  1.435686E-07  1.922569E-04 -1.745790E-02  2.039043E-08  2.039386E-08
  6.311000E+03  1.568582E-07  1.063511E-04 -1.125719E-06  1.917386E-04 -1.115662E-02  2.039034E-08  2.039270E-08
  6.312000E+03 -3.342902E-07  1.064526E-04 -2.918554E-08  1.915858E-04 -1.918203E-02  2.039107E-08  2.039598E-08
  6.313000E+03  4.449236E-07  1.060517E-04  2.910670E-07  1.923052E-04 -1.555541E-02  2.039183E-08  2.039457E-08
  6.314000E+03  2.582052E-07  1.064516E-04 -1.114954E-06  1.915717E-04 -1.198314E-02  2.039165E-08  2.039459E-08
  6.315000E+03 -3.728381E-07  1.063604E-04 -1.998543E-07  1.917658E-04 -2.009164E-02  2.039216E-08  2.039713E-08
  6.316000E+03  3.777952E-07  1.060703E-04  4.259594E-07  1.922690E-04 -1.359819E-02  2.039216E-08  2.039432E-08
  6.317000E+03  3.580102E-07  1.065232E-04 -1.065454E-06  1.914492E-04 -1.346525E-02  2.039193E-08  2.039558E-08
  6.318000E+03 -3.920236E-07  1.062542E-04 -3.839902E-07  1.919595E-04 -2.019887E-02  2.039234E-08  2.039710E-08
  6.319000E+03  2.943703E-07  1.061301E-04  5.358870E-07  1.921563E-04 -1.196330E-02  2.039210E-08  2.039389E-08
  6.320000E+03  4.490198E-07  1.065564E-04 -9.756836E-07  1.913971E-04 -1.535384E-02  2.039219E-08  2.039655E-08
  6.321000E+03 -3.877084E-07  1.061558E-04 -5.705593E-07  1.921380E-04 -1.949194E-02  2.039269E-08  2.039700E-08
  6.322000E+03  1.958293E-07  1.062222E-04  6.115249E-07  1.919886E-04 -1.098020E-02  2.039223E-08  2.039395E-08
  6.323000E+03  5.287305E-07  1.065430E-04 -8.458709E-07  1.914295E-04 -1.732406E-02  2.039242E-08  2.039736E-08
  6.324000E+03 -3.613691E-07  1.060797E-04 -7.532670E-07  1.922688E-04 -1.805957E-02  2.039248E-08  2.039618E-08
  6.325000E+03  8.972164E-08  1.063288E-04  6.493806E-07  1.917907E-04 -1.081165E-02  2.039168E-08  2.039364E-08
  6.326000E+03  5.921456E-07  1.064820E-04 -6.869118E-07  1.915379E-04 -1.902795E-02  2.039165E-08  2.039697E-08
  6.327000E+03 -3.138824E-07  1.060387E-04 -9.213232E-07  1.923249E-04 -1.612030E-02  2.039124E-08  2.039428E-08
  6.328000E+03 -1.687456E-08  1.064299E-04  6.451605E-07  1.915973E-04 -1.148151E-02  2.039033E-08  2.039279E-08
  6.329000E+03  6.329996E-07  1.063870E-04 -5.076682E-07  1.917010E-04 -2.015142E-02  2.039034E-08  2.039574E-08
  6.330000E+03 -2.420227E-07  1.060430E-04 -1.064897E-06  1.922971E-04 -1.406774E-02  2.038974E-08  2.039219E-08
  6.331000E+03 -1.232997E-07  1.065075E-04  5.918180E-07  1.914489E-04 -1.286847E-02  2.038905E-08  2.039218E-08
  6.332000E+03  6.519861E-07  1.062756E-04 -3.100593E-07  1.918906E-04 -2.047745E-02  2.038902E-08  2.039420E-08
  6.333000E+03 -1.486237E-07  1.060917E-04 -1.182959E-06  1.921903E-04 -1.228826E-02  2.038825E-08  2.039033E-08
  6.334000E+03 -2.253327E-07  1.065475E-04  4.914364E-07  1.913707E-04 -1.474370E-02  2.038786E-08  2.039171E-08
  6.335000E+03  6.501424E-07  1.061650E-04 -1.034541E-07  1.920753E-04 -1.992626E-02  2.038762E-08  2.039230E-08
  6.336000E+03 -4.234082E-08  1.061769E-04 -1.270187E-06  1.920200E-04 -1.106439E-02  2.038684E-08  2.038883E-08
  6.337000E+03 -3.126780E-07  1.065434E-04  3.525990E-07  1.913757E-04 -1.680279E-02  2.038694E-08  2.039145E-08
  6.338000E+03  6.227856E-07  1.060760E-04  9.546527E-08  1.922241E-04 -1.858224E-02  2.038685E-08  2.039084E-08
  6.339000E+03  7.184804E-08  1.062851E-04 -1.312912E-06  1.918164E-04 -1.063770E-02  2.038607E-08  2.038826E-08
  6.340000E+03 -3.811814E-07  1.064953E-04  1.817547E-07  1.914667E-04 -1.868034E-02  2.038675E-08  2.039173E-08
  6.341000E+03  5.680831E-07  1.060257E-04  2.799198E-07  1.923085E-04 -1.669108E-02  2.038679E-08  2.039001E-08
  6.342000E+03  1.928572E-07  1.063941E-04 -1.306523E-06  1.916182E-04 -1.109333E-02  2.038579E-08  2.038846E-08
  6.343000E+03 -4.317588E-07  1.064104E-04 -1.813142E-08  1.916235E-04 -2.002011E-02  2.038665E-08  2.039185E-08
  6.344000E+03  4.911655E-07  1.060219E-04  4.473597E-07  1.923098E-04 -1.460040E-02  2.038688E-08  2.038939E-08
  6.345000E+03  3.123512E-07  1.064844E-04 -1.254199E-06  1.914598E-04 -1.233767E-02  2.038593E-08  2.038927E-08
  6.346000E+03 -4.602558E-07  1.063029E-04 -2.338645E-07  1.918188E-04 -2.057851E-02  2.038658E-08  2.039169E-08
  6.347000E+03  3.968700E-07  1.060651E-04  5.852987E-07  1.922271E-04 -1.267218E-02  2.038696E-08  2.038894E-08
  6.348000E+03  4.222114E-07  1.065415E-04 -1.158712E-06  1.913686E-04 -1.414411E-02  2.038666E-08  2.039074E-08
  6.349000E+03 -4.613415E-07  1.061932E-04 -4.536915E-07  1.920196E-04 -2.026602E-02  2.038699E-08  2.039173E-08
  6.350000E+03  2.866670E-07  1.061464E-04  6.817669E-07  1.920780E-04 -1.125504E-02  2.038709E-08  2.038882E-08
  6.351000E+03  5.185098E-07  1.065559E-04 -1.019658E-06  1.913586E-04 -1.618347E-02  2.038771E-08  2.039247E-08
  6.352000E+03 -4.341022E-07  1.061019E-04 -6.705010E-07  1.921897E-04 -1.915377E-02  2.038794E-08  2.039212E-08
  6.353000E+03  1.653936E-07  1.062511E-04  7.307896E-07  1.918907E-04 -1.060577E-02  2.038745E-08  2.038923E-08
  6.354000E+03  5.948427E-07  1.065247E-04 -8.412764E-07  1.914308E-04 -1.810558E-02  2.038876E-08  2.039401E-08
  6.355000E+03 -3.798692E-07  1.060452E-04 -8.702865E-07  1.922994E-04 -1.742544E-02  2.038933E-08  2.039284E-08
  6.356000E+03  4.012392E-08  1.063617E-04  7.289896E-07  1.916994E-04 -1.082436E-02  2.038827E-08  2.039040E-08
  6.357000E+03  6.459755E-07  1.064521E-04 -6.333042E-07  1.915729E-04 -1.958853E-02  2.038943E-08  2.039491E-08
  6.358000E+03 -3.012395E-07  1.060314E-04 -1.040307E-06  1.923265E-04 -1.539852E-02  2.039024E-08  2.039309E-08
  6.359000E+03 -8.317191E-08  1.064590E-04  6.764776E-07  1.915356E-04 -1.184998E-02  2.038925E-08  2.039195E-08
  6.360000E+03  6.712793E-07  1.063509E-04 -4.071997E-07  1.917601E-04 -2.038110E-02  2.038963E-08  2.039503E-08
  6.361000E+03 -2.030831E-07  1.060603E-04 -1.175133E-06  1.922695E-04 -1.340742E-02  2.039033E-08  2.039267E-08
  6.362000E+03 -1.957070E-07  1.065288E-04  5.755215E-07  1.914232E-04 -1.347974E-02  2.039024E-08  2.039363E-08
  6.363000E+03  6.690120E-07  1.062423E-04 -1.791290E-07  1.919637E-04 -2.034654E-02  2.039045E-08  2.039548E-08
  6.364000E+03 -9.106753E-08  1.061301E-04 -1.266415E-06  1.921439E-04 -1.180616E-02  2.039084E-08  2.039290E-08
  6.365000E+03 -2.885727E-07  1.065599E-04  4.298879E-07  1.913869E-04 -1.545332E-02  2.039174E-08  2.039583E-08
  6.366000E+03  6.371780E-07  1.061481E-04  3.471382E-08  1.921497E-04 -1.948374E-02  2.039246E-08  2.039690E-08
  6.367000E+03  3.336492E-08  1.062289E-04 -1.308907E-06  1.919734E-04 -1.092919E-02  2.039190E-08  2.039397E-08
  6.368000E+03 -3.613109E-07  1.065418E-04  2.420830E-07  1.914347E-04 -1.743512E-02  2.039270E-08  2.039736E-08
  6.369000E+03  5.790061E-07  1.060794E-04  2.306460E-07  1.922787E-04 -1.792010E-02  2.039353E-08  2.039722E-08
  6.370000E+03  1.635708E-07  1.063362E-04 -1.303416E-06  1.917806E-04 -1.088295E-02  2.039201E-08  2.039438E-08
  6.371000E+03 -4.120978E-07  1.064768E-04  2.389587E-08  1.915530E-04 -1.906658E-02  2.039225E-08  2.039726E-08
  6.372000E+03  4.994802E-07  1.060469E-04  4.007385E-07  1.923255E-04 -1.594817E-02  2.039293E-08  2.039586E-08
  6.373000E+03  2.864902E-07  1.064354E-04 -1.248781E-06  1.915995E-04 -1.163183E-02  2.039159E-08  2.039449E-08
  6.374000E+03 -4.335171E-07  1.063829E-04 -2.047755E-07  1.917211E-04 -2.008343E-02  2.039174E-08  2.039683E-08
  6.375000E+03  3.991603E-07  1.060573E-04  5.296098E-07  1.922916E-04 -1.396288E-02  2.039195E-08  2.039424E-08
  6.376000E+03  3.951878E-07  1.065106E-04 -1.140194E-06  1.914654E-04 -1.302504E-02  2.039136E-08  2.039491E-08
  6.377000E+03 -4.239758E-07  1.062772E-04 -4.313585E-07  1.919098E-04 -2.033386E-02  2.039141E-08  2.039632E-08
  6.378000E+03  2.803590E-07  1.061084E-04  6.120804E-07  1.921859E-04 -1.229810E-02  2.039100E-08  2.039287E-08
  6.379000E+03  4.876978E-07  1.065463E-04 -9.806207E-07  1.913991E-04 -1.484745E-02  2.039061E-08  2.039482E-08
  6.380000E+03 -3.895890E-07  1.061736E-04 -6.466708E-07  1.920850E-04 -1.974851E-02  2.039038E-08  2.039486E-08
  6.381000E+03  1.554224E-07  1.061913E-04  6.498747E-07  1.920200E-04 -1.121126E-02  2.038957E-08  2.039129E-08
  6.382000E+03  5.568988E-07  1.065365E-04 -7.887763E-07  1.914103E-04 -1.680536E-02  2.038931E-08  2.039409E-08
  6.383000E+03 -3.322243E-07  1.060901E-04 -8.348045E-07  1.922173E-04 -1.842339E-02  2.038889E-08  2.039277E-08
  6.384000E+03  3.340523E-08  1.062903E-04  6.389993E-07  1.918228E-04 -1.088888E-02  2.038771E-08  2.038959E-08
  6.385000E+03  5.986140E-07  1.064844E-04 -5.792823E-07  1.914962E-04 -1.853183E-02  2.038787E-08  2.039301E-08
  6.386000E+03 -2.511944E-07  1.060423E-04 -9.879549E-07  1.922831E-04 -1.662727E-02  2.038733E-08  2.039055E-08
  6.387000E+03 -8.160107E-08  1.063869E-04  5.745718E-07  1.916323E-04 -1.137967E-02  2.038585E-08  2.038815E-08
  6.388000E+03  6.145256E-07  1.063998E-04 -3.617993E-07  1.916391E-04 -1.972006E-02  2.038639E-08  2.039164E-08
  6.389000E+03 -1.513888E-07  1.060392E-04 -1.105319E-06  1.922715E-04 -1.468393E-02  2.038612E-08  2.038875E-08
  6.390000E+03 -1.831949E-07  1.064657E-04  4.609407E-07  1.914840E-04 -1.257949E-02  2.038486E-08  2.038776E-08
  6.391000E+03  6.041957E-07  1.062987E-04 -1.488162E-07  1.918162E-04 -2.016513E-02  2.038566E-08  2.039072E-08
  6.392000E+03 -4.039152E-08  1.060839E-04 -1.179528E-06  1.921861E-04 -1.293758E-02  2.038614E-08  2.038836E-08
  6.393000E+03 -2.650869E-07  1.065139E-04  3.079645E-07  1.914094E-04 -1.428040E-02  2.038568E-08  2.038924E-08
  6.394000E+03  5.656465E-07  1.061988E-04  4.872124E-08  1.919983E-04 -1.979537E-02  2.038599E-08  2.039061E-08
  6.395000E+03  7.758620E-08  1.061629E-04 -1.203005E-06  1.920413E-04 -1.172384E-02  2.038625E-08  2.038832E-08
  6.396000E+03 -3.253883E-07  1.065215E-04  1.224893E-07  1.914128E-04 -1.614814E-02  2.038693E-08  2.039109E-08
  6.397000E+03  5.008023E-07  1.061185E-04  2.253712E-07  1.921473E-04 -1.869995E-02  2.038681E-08  2.039079E-08
  6.398000E+03  1.968387E-07  1.062567E-04 -1.174734E-06  1.918671E-04 -1.125003E-02  2.038586E-08  2.038805E-08
  6.399000E+03 -3.625260E-07  1.064874E-04 -8.536558E-08  1.914848E-04 -1.781666E-02  2.038748E-08  2.039208E-08
  6.400000E+03  4.146693E-07  1.060723E-04  3.736895E-07  1.922344E-04 -1.710398E-02  2.038777E-08  2.039105E-08
  6.401000E+03  3.096285E-07  1.063505E-04 -1.098156E-06  1.916995E-04 -1.153959E-02  2.038598E-08  2.038851E-08
  6.402000E+03 -3.728021E-07  1.064205E-04 -3.032165E-07  1.916121E-04 -1.902544E-02  2.038776E-08  2.039257E-08
  6.403000E+03  3.119022E-07  1.060677E-04  4.822630E-07  1.922482E-04 -1.532203E-02  2.038894E-08  2.039158E-08
  6.404000E+03  4.099598E-07  1.064305E-04 -9.774939E-07  1.915692E-04 -1.250058E-02  2.038722E-08  2.039026E-08
  6.405000E+03 -3.551684E-07  1.063342E-04 -5.199113E-07  1.917743E-04 -1.959961E-02  2.038825E-08  2.039303E-08
  6.406000E+03  1.978730E-07  1.061027E-04  5.443897E-07  1.921905E-04 -1.367825E-02  2.039002E-08  2.039219E-08
  6.407000E+03  4.924262E-07  1.064854E-04 -8.189166E-07  1.914952E-04 -1.392588E-02  2.038946E-08  2.039307E-08
  6.408000E+03 -3.106746E-07  1.062474E-04 -7.236890E-07  1.919451E-04 -1.945729E-02  2.038980E-08  2.039431E-08
  6.409000E+03  7.931108E-08  1.061662E-04  5.564209E-07  1.920798E-04 -1.247615E-02  2.039080E-08  2.039273E-08
  6.410000E+03  5.484531E-07  1.065058E-04 -6.286104E-07  1.914833E-04 -1.552286E-02  2.039163E-08  2.039575E-08
  6.411000E+03 -2.400785E-07  1.061764E-04 -8.966709E-07  1.920900E-04 -1.868081E-02  2.039187E-08  2.039596E-08
  6.412000E+03 -3.812651E-08  1.062434E-04  5.150396E-07  1.919423E-04 -1.190241E-02  2.039115E-08  2.039309E-08
  6.413000E+03  5.760222E-07  1.064865E-04 -4.162158E-07  1.915277E-04 -1.701876E-02  2.039215E-08  2.039665E-08
  6.414000E+03 -1.473696E-07  1.061282E-04 -1.031388E-06  1.921808E-04 -1.741865E-02  2.039271E-08  2.039628E-08
  6.415000E+03 -1.489875E-07  1.063232E-04  4.235976E-07  1.917965E-04 -1.196454E-02  2.039096E-08  2.039312E-08
  6.416000E+03  5.754029E-07  1.064336E-04 -1.929192E-07  1.916202E-04 -1.820266E-02  2.039145E-08  2.039613E-08
  6.417000E+03 -4.039544E-08  1.061101E-04 -1.121668E-06  1.922074E-04 -1.590387E-02  2.039257E-08  2.039564E-08
  6.418000E+03 -2.422690E-07  1.063963E-04  2.884500E-07  1.916686E-04 -1.259987E-02  2.039122E-08  2.039378E-08
  6.419000E+03  5.437695E-07  1.063635E-04  2.158759E-08  1.917487E-04 -1.890473E-02  2.039141E-08  2.039607E-08
  6.420000E+03  7.509302E-08  1.061246E-04 -1.156911E-06  1.921764E-04 -1.445422E-02  2.039251E-08  2.039518E-08
  6.421000E+03 -3.104951E-07  1.064506E-04  1.147570E-07  1.915814E-04 -1.367020E-02  2.039206E-08  2.039511E-08
  6.422000E+03  4.828177E-07  1.062884E-04  2.108315E-07  1.918901E-04 -1.902173E-02  2.039201E-08  2.039643E-08
  6.423000E+03  1.954119E-07  1.061648E-04 -1.137375E-06  1.920969E-04 -1.330318E-02  2.039212E-08  2.039456E-08
  6.424000E+03 -3.538968E-07  1.064744E-04 -8.988146E-08  1.915420E-04 -1.498444E-02  2.039203E-08  2.039559E-08
  6.425000E+03  4.007620E-07  1.062174E-04  3.682485E-07  1.920154E-04 -1.854613E-02  2.039187E-08  2.039590E-08
  6.426000E+03  3.114540E-07  1.062234E-04 -1.071772E-06  1.919786E-04 -1.260018E-02  2.039099E-08  2.039338E-08
  6.427000E+03 -3.687243E-07  1.064655E-04 -3.103734E-07  1.915541E-04 -1.633050E-02  2.039119E-08  2.039518E-08
  6.428000E+03  3.026020E-07  1.061618E-04  4.820260E-07  1.921054E-04 -1.758414E-02  2.039110E-08  2.039463E-08
  6.429000E+03  4.134349E-07  1.062904E-04 -9.617790E-07  1.918437E-04 -1.241769E-02  2.038958E-08  2.039211E-08
  6.430000E+03 -3.520080E-07  1.064292E-04 -5.295984E-07  1.916136E-04 -1.749030E-02  2.039017E-08  2.039446E-08
  6.431000E+03  1.904435E-07  1.061311E-04  5.443955E-07  1.921493E-04 -1.634312E-02  2.039029E-08  2.039332E-08
  6.432000E+03  4.964125E-07  1.063548E-04 -8.073982E-07  1.917184E-04 -1.275505E-02  2.038851E-08  2.039133E-08
  6.433000E+03 -3.074145E-07  1.063728E-04 -7.344885E-07  1.917082E-04 -1.828866E-02  2.038912E-08  2.039356E-08
  6.434000E+03  7.089331E-08  1.061293E-04  5.570720E-07  1.921418E-04 -1.504497E-02  2.038957E-08  2.039215E-08
  6.435000E+03  5.556560E-07  1.064064E-04 -6.178582E-07  1.916218E-04 -1.354273E-02  2.038792E-08  2.039111E-08
  6.436000E+03 -2.403845E-07  1.063051E-04 -9.108828E-07  1.918225E-04 -1.860588E-02  2.038817E-08  2.039257E-08
  6.437000E+03 -4.665538E-08  1.061549E-04  5.229516E-07  1.920836E-04 -1.390700E-02  2.038863E-08  2.039092E-08
  6.438000E+03  5.871470E-07  1.064372E-04 -4.085957E-07  1.915688E-04 -1.461460E-02  2.038787E-08  2.039145E-08
  6.439000E+03 -1.539915E-07  1.062380E-04 -1.048077E-06  1.919366E-04 -1.840697E-02  2.038750E-08  2.039169E-08
  6.440000E+03 -1.550629E-07  1.061998E-04  4.421018E-07  1.919861E-04 -1.312928E-02  2.038714E-08  2.038930E-08
  6.441000E+03  5.912390E-07  1.064410E-04 -1.942600E-07  1.915615E-04 -1.578367E-02  2.038746E-08  2.039139E-08
  6.442000E+03 -5.195036E-08  1.061830E-04 -1.143603E-06  1.920284E-04 -1.773644E-02  2.038695E-08  2.039081E-08
  6.443000E+03 -2.491894E-07  1.062548E-04  3.175897E-07  1.918703E-04 -1.280839E-02  2.038547E-08  2.038771E-08
  6.444000E+03  5.689013E-07  1.064187E-04  1.399168E-08  1.915969E-04 -1.684722E-02  2.038660E-08  2.039077E-08
  6.445000E+03  6.077576E-08  1.061522E-04 -1.195162E-06  1.920818E-04 -1.673629E-02  2.038704E-08  2.039053E-08
  6.446000E+03 -3.240458E-07  1.063125E-04  1.551200E-07  1.917628E-04 -1.297531E-02  2.038506E-08  2.038753E-08
  6.447000E+03  5.195692E-07  1.063749E-04  2.066172E-07  1.916729E-04 -1.762644E-02  2.038602E-08  2.039028E-08
  6.448000E+03  1.796281E-07  1.061501E-04 -1.197720E-06  1.920871E-04 -1.560869E-02  2.038759E-08  2.039072E-08
  6.449000E+03 -3.773094E-07  1.063629E-04 -3.813405E-08  1.916830E-04 -1.357750E-02  2.038608E-08  2.038889E-08
  6.450000E+03  4.461125E-07  1.063196E-04  3.764937E-07  1.917762E-04 -1.797900E-02  2.038628E-08  2.039044E-08
  6.451000E+03  2.977537E-07  1.061715E-04 -1.151179E-06  1.920453E-04 -1.461232E-02  2.038757E-08  2.039046E-08
  6.452000E+03 -4.069016E-07  1.063959E-04 -2.501801E-07  1.916387E-04 -1.444153E-02  2.038745E-08  2.039064E-08
  6.453000E+03  3.544445E-07  1.062665E-04  5.143856E-07  1.918812E-04 -1.787330E-02  2.038729E-08  2.039122E-08
  6.454000E+03  4.061212E-07  1.062089E-04 -1.059695E-06  1.919737E-04 -1.392782E-02  2.038733E-08  2.039012E-08
  6.455000E+03 -4.087616E-07  1.064072E-04 -4.663452E-07  1.916324E-04 -1.537709E-02  2.038866E-08  2.039221E-08
  6.456000E+03  2.482441E-07  1.062273E-04  6.089850E-07  1.919663E-04 -1.738952E-02  2.038899E-08  2.039260E-08
  6.457000E+03  4.998469E-07  1.062541E-04 -9.264826E-07  1.918952E-04 -1.362533E-02  2.038777E-08  2.039058E-08
  6.458000E+03 -3.815749E-07  1.063960E-04 -6.779402E-07  1.916608E-04 -1.622828E-02  2.038925E-08  2.039307E-08
  6.459000E+03  1.296987E-07  1.062068E-04  6.557794E-07  1.920175E-04 -1.663895E-02  2.039074E-08  2.039402E-08
  6.460000E+03  5.772508E-07  1.063003E-04 -7.544990E-07  1.918239E-04 -1.369833E-02  2.038903E-08  2.039198E-08
  6.461000E+03 -3.271947E-07  1.063685E-04 -8.800035E-07  1.917185E-04 -1.685244E-02  2.038990E-08  2.039388E-08
  6.462000E+03  5.133289E-09  1.062039E-04  6.530812E-07  1.920315E-04 -1.581968E-02  2.039193E-08  2.039491E-08
  6.463000E+03  6.321338E-07  1.063403E-04 -5.511505E-07  1.917704E-04 -1.403497E-02  2.039092E-08  2.039406E-08
  6.464000E+03 -2.479168E-07  1.063360E-04 -1.058115E-06  1.917894E-04 -1.720148E-02  2.039111E-08  2.039515E-08
  6.465000E+03 -1.166275E-07  1.062135E-04  5.979532E-07  1.920173E-04 -1.513361E-02  2.039249E-08  2.039527E-08
  6.466000E+03  6.586812E-07  1.063682E-04 -3.291946E-07  1.917374E-04 -1.450888E-02  2.039261E-08  2.039593E-08
  6.467000E+03 -1.469460E-07  1.063054E-04 -1.197847E-06  1.918585E-04 -1.726231E-02  2.039255E-08  2.039656E-08
  6.468000E+03 -2.291692E-07  1.062323E-04  4.913477E-07  1.919849E-04 -1.465245E-02  2.039281E-08  2.039549E-08
  6.469000E+03  6.548410E-07  1.063798E-04 -9.976498E-08  1.917239E-04 -1.506672E-02  2.039323E-08  2.039673E-08
  6.470000E+03 -3.079762E-08  1.062784E-04 -1.289504E-06  1.919147E-04 -1.705000E-02  2.039342E-08  2.039732E-08
  6.471000E+03 -3.259514E-07  1.062559E-04  3.407602E-07  1.919395E-04 -1.438413E-02  2.039259E-08  2.039526E-08
  6.472000E+03  6.205390E-07  1.063757E-04  1.240595E-07  1.917280E-04 -1.562184E-02  2.039271E-08  2.039633E-08
  6.473000E+03  9.372295E-08  1.062579E-04 -1.327113E-06  1.919496E-04 -1.665649E-02  2.039333E-08  2.039708E-08
  6.474000E+03 -4.006819E-07  1.062789E-04  1.544828E-07  1.918900E-04 -1.432125E-02  2.039176E-08  2.039450E-08
  6.475000E+03  5.570604E-07  1.063609E-04  3.285351E-07  1.917451E-04 -1.606509E-02  2.039155E-08  2.039523E-08
  6.476000E+03  2.211862E-07  1.062447E-04 -1.308612E-06  1.919625E-04 -1.621003E-02  2.039233E-08  2.039592E-08
  6.477000E+03 -4.495932E-07  1.062981E-04 -5.979795E-08  1.918450E-04 -1.440732E-02  2.039065E-08  2.039351E-08
  6.478000E+03  4.704331E-07  1.063416E-04  5.009345E-07  1.917699E-04 -1.635307E-02  2.039039E-08  2.039407E-08
  6.479000E+03  3.432930E-07  1.062390E-04 -1.239012E-06  1.919589E-04 -1.579985E-02  2.039098E-08  2.039445E-08
  6.480000E+03 -4.692957E-07  1.063141E-04 -2.883054E-07  1.918096E-04 -1.458501E-02  2.038990E-08  2.039291E-08
  6.481000E+03  3.678746E-07  1.063201E-04  6.282713E-07  1.917994E-04 -1.651919E-02  2.038935E-08  2.039299E-08
  6.482000E+03  4.510287E-07  1.062380E-04 -1.125104E-06  1.919433E-04 -1.544813E-02  2.038925E-08  2.039262E-08
  6.483000E+03 -4.576790E-07  1.063268E-04 -5.147311E-07  1.917807E-04 -1.482354E-02  2.038918E-08  2.039234E-08
  6.484000E+03  2.539490E-07  1.062976E-04  7.024000E-07  1.918304E-04 -1.659133E-02  2.038831E-08  2.039188E-08
  6.485000E+03  5.387368E-07  1.062396E-04 -9.712192E-07  1.919201E-04 -1.514686E-02  2.038718E-08  2.039046E-08
  6.486000E+03 -4.174205E-07  1.063349E-04 -7.254180E-07  1.917548E-04 -1.511168E-02  2.038790E-08  2.039122E-08
  6.487000E+03  1.331349E-07  1.062765E-04  7.248686E-07  1.918613E-04 -1.654598E-02  2.038755E-08  2.039102E-08
  6.488000E+03  6.037773E-07  1.062462E-04 -7.840990E-07  1.918928E-04 -1.489738E-02  2.038563E-08  2.038884E-08
  6.489000E+03 -3.532434E-07  1.063385E-04 -9.110200E-07  1.917372E-04 -1.545232E-02  2.038662E-08  2.039011E-08
  6.490000E+03  1.149793E-08  1.062604E-04  6.999788E-07  1.918901E-04 -1.639002E-02  2.038758E-08  2.039093E-08
  6.491000E+03  6.448314E-07  1.062607E-04 -5.748035E-07  1.918674E-04 -1.471641E-02  2.038576E-08  2.038893E-08
  6.492000E+03 -2.697158E-07  1.063367E-04 -1.064979E-06  1.917364E-04 -1.582574E-02  2.038607E-08  2.038971E-08
  6.493000E+03 -1.049083E-07  1.062484E-04  6.317302E-07  1.919111E-04 -1.616786E-02  2.038758E-08  2.039081E-08
  6.494000E+03  6.630369E-07  1.062792E-04 -3.564701E-07  1.918418E-04 -1.461906E-02  2.038662E-08  2.038977E-08
  6.495000E+03 -1.726092E-07  1.063278E-04 -1.184643E-06  1.917520E-04 -1.614920E-02  2.038591E-08  2.038966E-08
  6.496000E+03 -2.088775E-07  1.062378E-04  5.255548E-07  1.919196E-04 -1.590251E-02  2.038654E-08  2.038965E-08
  6.497000E+03  6.583494E-07  1.062981E-04 -1.435414E-07  1.918110E-04 -1.461336E-02  2.038697E-08  2.039013E-08
  6.498000E+03 -6.715626E-08  1.063167E-04 -1.265447E-06  1.917776E-04 -1.638337E-02  2.038642E-08  2.039024E-08
  6.499000E+03 -2.944741E-07  1.062321E-04  3.868891E-07  1.919220E-04 -1.562914E-02  2.038578E-08  2.038880E-08
  6.500000E+03  6.295113E-07  1.063151E-04  5.313157E-08  1.917819E-04 -1.471753E-02  2.038710E-08  2.039030E-08
  6.501000E+03  4.350011E-08  1.063090E-04 -1.302173E-06  1.918077E-04 -1.650228E-02  2.038810E-08  2.039194E-08
  6.502000E+03 -3.602438E-07  1.062344E-04  2.208041E-07  1.919255E-04 -1.538990E-02  2.038666E-08  2.038962E-08
  6.503000E+03  5.768615E-07  1.063273E-04  2.303365E-07  1.917653E-04 -1.490067E-02  2.038762E-08  2.039087E-08
  6.504000E+03  1.573154E-07  1.063022E-04 -1.293754E-06  1.918349E-04 -1.653179E-02  2.038969E-08  2.039353E-08
  6.505000E+03 -4.056978E-07  1.062420E-04  3.098995E-08  1.919263E-04 -1.518024E-02  2.038829E-08  2.039121E-08
  6.506000E+03  5.037584E-07  1.063339E-04  3.842179E-07  1.917593E-04 -1.512568E-02  2.038818E-08  2.039146E-08
  6.507000E+03  2.672354E-07  1.062908E-04 -1.240904E-06  1.918562E-04 -1.651121E-02  2.038977E-08  2.039358E-08
  6.508000E+03 -4.294941E-07  1.062525E-04 -1.695266E-07  1.919179E-04 -1.494385E-02  2.038948E-08  2.039238E-08
  6.509000E+03  4.163435E-07  1.063401E-04  5.068244E-07  1.917559E-04 -1.539274E-02  2.038892E-08  2.039226E-08
  6.510000E+03  3.667413E-07  1.062755E-04 -1.150384E-06  1.918803E-04 -1.646749E-02  2.038940E-08  2.039315E-08
  6.511000E+03 -4.313635E-07  1.062657E-04 -3.678767E-07  1.919018E-04 -1.468395E-02  2.039038E-08  2.039325E-08
  6.512000E+03  3.186013E-07  1.063491E-04  5.942063E-07  1.917539E-04 -1.569751E-02  2.039033E-08  2.039375E-08
  6.513000E+03  4.527117E-07  1.062593E-04 -1.027533E-06  1.919123E-04 -1.640881E-02  2.038972E-08  2.039339E-08
  6.514000E+03 -4.099858E-07  1.062805E-04 -5.589178E-07  1.918797E-04 -1.446247E-02  2.039094E-08  2.039382E-08
  6.515000E+03  2.133879E-07  1.063561E-04  6.412671E-07  1.917559E-04 -1.600818E-02  2.039180E-08  2.039529E-08
  6.516000E+03  5.212217E-07  1.062441E-04 -8.747293E-07  1.919469E-04 -1.626787E-02  2.039053E-08  2.039410E-08
  6.517000E+03 -3.647939E-07  1.062971E-04 -7.352484E-07  1.918504E-04 -1.433761E-02  2.039105E-08  2.039397E-08
  6.518000E+03  1.054801E-07  1.063546E-04  6.427801E-07  1.917649E-04 -1.632425E-02  2.039236E-08  2.039591E-08
  6.519000E+03  5.692477E-07  1.062315E-04 -6.989864E-07  1.919755E-04 -1.597061E-02  2.039125E-08  2.039466E-08
  6.520000E+03 -2.977941E-07  1.063192E-04 -8.890762E-07  1.918114E-04 -1.435810E-02  2.039113E-08  2.039415E-08
  6.521000E+03  7.574415E-10  1.063414E-04  5.977467E-07  1.917890E-04 -1.666149E-02  2.039228E-08  2.039588E-08
  6.522000E+03  5.946716E-07  1.062241E-04 -5.103060E-07  1.919923E-04 -1.549537E-02  2.039176E-08  2.039496E-08
  6.523000E+03 -2.150735E-07  1.063465E-04 -1.010937E-06  1.917655E-04 -1.455861E-02  2.039143E-08  2.039461E-08
  6.524000E+03 -9.409220E-08  1.063156E-04  5.126767E-07  1.918329E-04 -1.696539E-02  2.039190E-08  2.039551E-08
  6.525000E+03  5.940781E-07  1.062257E-04 -3.192050E-07  1.919884E-04 -1.489541E-02  2.039185E-08  2.039482E-08
  6.526000E+03 -1.224387E-07  1.063719E-04 -1.089000E-06  1.917218E-04 -1.496505E-02  2.039153E-08  2.039493E-08
  6.527000E+03 -1.733995E-07  1.062791E-04  3.943869E-07  1.918908E-04 -1.711737E-02  2.039098E-08  2.039454E-08
  6.528000E+03  5.686824E-07  1.062385E-04 -1.381151E-07  1.919552E-04 -1.430593E-02  2.039093E-08  2.039372E-08
  6.529000E+03 -2.498091E-08  1.063866E-04 -1.121352E-06  1.916900E-04 -1.556205E-02  2.039078E-08  2.039443E-08
  6.530000E+03 -2.343216E-07  1.062368E-04  2.506761E-07  1.919515E-04 -1.700164E-02  2.038937E-08  2.039278E-08
  6.531000E+03  5.244515E-07  1.062640E-04  2.214582E-08  1.918926E-04 -1.384136E-02  2.038933E-08  2.039201E-08
  6.532000E+03  7.084744E-08  1.063862E-04 -1.114461E-06  1.916828E-04 -1.627314E-02  2.038970E-08  2.039359E-08
  6.533000E+03 -2.743618E-07  1.061995E-04  9.237351E-08  1.920065E-04 -1.655399E-02  2.038820E-08  2.039139E-08
  6.534000E+03  4.670740E-07  1.063021E-04  1.516942E-07  1.918119E-04 -1.364470E-02  2.038810E-08  2.039080E-08
  6.535000E+03  1.585130E-07  1.063690E-04 -1.074169E-06  1.917101E-04 -1.698611E-02  2.038907E-08  2.039313E-08
  6.536000E+03 -2.919329E-07  1.061773E-04 -6.875045E-08  1.920445E-04 -1.581049E-02  2.038822E-08  2.039112E-08
  6.537000E+03  4.012515E-07  1.063473E-04  2.433179E-07  1.917273E-04 -1.382719E-02  2.038772E-08  2.039057E-08
  6.538000E+03  2.332711E-07  1.063316E-04 -1.005865E-06  1.917722E-04 -1.758315E-02  2.038830E-08  2.039245E-08
  6.539000E+03 -2.898133E-07  1.061737E-04 -2.207848E-07  1.920484E-04 -1.486396E-02  2.038823E-08  2.039084E-08
  6.540000E+03  3.313696E-07  1.063875E-04  2.988476E-07  1.916524E-04 -1.438101E-02  2.038731E-08  2.039041E-08
  6.541000E+03  2.928378E-07  1.062784E-04 -9.164058E-07  1.918562E-04 -1.788837E-02  2.038692E-08  2.039101E-08
  6.542000E+03 -2.722270E-07  1.061915E-04 -3.555258E-07  1.920076E-04 -1.392426E-02  2.038761E-08  2.039000E-08
  6.543000E+03  2.607621E-07  1.064138E-04  3.239192E-07  1.916056E-04 -1.521716E-02  2.038713E-08  2.039054E-08
  6.544000E+03  3.361194E-07  1.062221E-04 -8.115559E-07  1.919480E-04 -1.777923E-02  2.038590E-08  2.038979E-08
  6.545000E+03 -2.426739E-07  1.062302E-04 -4.677818E-07  1.919299E-04 -1.322330E-02  2.038697E-08  2.038927E-08
  6.546000E+03  1.926066E-07  1.064216E-04  3.228462E-07  1.915995E-04 -1.619975E-02  2.038765E-08  2.039137E-08
  6.547000E+03  3.649281E-07  1.061753E-04 -6.992505E-07  1.920338E-04 -1.723387E-02  2.038622E-08  2.038979E-08
  6.548000E+03 -2.052398E-07  1.062829E-04 -5.576983E-07  1.918316E-04 -1.291913E-02  2.038672E-08  2.038909E-08
  6.549000E+03  1.291010E-07  1.064040E-04  3.019588E-07  1.916368E-04 -1.716483E-02  2.038791E-08  2.039187E-08
  6.550000E+03  3.817793E-07  1.061472E-04 -5.860582E-07  1.920896E-04 -1.631004E-02  2.038707E-08  2.039023E-08
  6.551000E+03 -1.618660E-07  1.063393E-04 -6.286688E-07  1.917298E-04 -1.309718E-02  2.038667E-08  2.038926E-08
  6.552000E+03  7.346095E-08  1.063611E-04  2.624064E-07  1.917114E-04 -1.792605E-02  2.038736E-08  2.039142E-08
  6.553000E+03  3.865272E-07  1.061423E-04 -4.783159E-07  1.920990E-04 -1.517306E-02  2.038747E-08  2.039024E-08
  6.554000E+03 -1.146517E-07  1.063922E-04 -6.786046E-07  1.916407E-04 -1.371680E-02  2.038715E-08  2.039010E-08
  6.555000E+03  2.693741E-08  1.063007E-04  2.073370E-07  1.918165E-04 -1.834050E-02  2.038681E-08  2.039083E-08
  6.556000E+03  3.808930E-07  1.061620E-04 -3.800098E-07  1.920624E-04 -1.400154E-02  2.038774E-08  2.039016E-08
  6.557000E+03 -6.388719E-08  1.064353E-04 -7.107157E-07  1.915773E-04 -1.470642E-02  2.038838E-08  2.039176E-08
  6.558000E+03 -1.077783E-08  1.062350E-04  1.375977E-07  1.919406E-04 -1.833100E-02  2.038738E-08  2.039121E-08
  6.559000E+03  3.662090E-07  1.062047E-04 -2.916607E-07  1.919885E-04 -1.300746E-02  2.038835E-08  2.039056E-08
  6.560000E+03 -1.188435E-08  1.064590E-04 -7.257015E-07  1.915519E-04 -1.592715E-02  2.038983E-08  2.039367E-08
  6.561000E+03 -3.903136E-08  1.061753E-04  5.727482E-08  1.920619E-04 -1.784403E-02  2.038898E-08  2.039249E-08
  6.562000E+03  3.439202E-07  1.062652E-04 -2.158177E-07  1.918859E-04 -1.239777E-02  2.038923E-08  2.039139E-08
  6.563000E+03  3.640860E-08  1.064535E-04 -7.222319E-07  1.915753E-04 -1.718094E-02  2.039085E-08  2.039508E-08
  6.564000E+03 -5.750473E-08  1.061313E-04 -2.396095E-08  1.921541E-04 -1.688757E-02  2.039067E-08  2.039376E-08
  6.565000E+03  3.159528E-07  1.063373E-04 -1.547688E-07  1.917655E-04 -1.232008E-02  2.039029E-08  2.039261E-08
  6.566000E+03  7.767451E-08  1.064149E-04 -7.013395E-07  1.916503E-04 -1.830490E-02  2.039103E-08  2.039551E-08
  6.567000E+03 -6.600617E-08  1.061097E-04 -9.960808E-08  1.921980E-04 -1.554971E-02  2.039161E-08  2.039423E-08
  6.568000E+03  2.848956E-07  1.064121E-04 -1.111141E-07  1.916417E-04 -1.281521E-02  2.039132E-08  2.039399E-08
  6.569000E+03  1.095709E-07  1.063480E-04 -6.662220E-07  1.917725E-04 -1.910003E-02  2.039091E-08  2.039545E-08
  6.570000E+03 -6.356272E-08  1.061155E-04 -1.657920E-07  1.921831E-04 -1.404087E-02  2.039161E-08  2.039378E-08
  6.571000E+03  2.533256E-07  1.064759E-04 -8.901361E-08  1.915356E-04 -1.383797E-02  2.039197E-08  2.039514E-08
  6.572000E+03  1.308739E-07  1.062645E-04 -6.210106E-07  1.919233E-04 -1.938663E-02  2.039079E-08  2.039520E-08
  6.573000E+03 -5.072361E-08  1.061520E-04 -2.195836E-07  1.921076E-04 -1.265445E-02  2.039096E-08  2.039283E-08
  6.574000E+03  2.235938E-07  1.065124E-04 -8.937518E-08  1.914711E-04 -1.527726E-02  2.039167E-08  2.039541E-08
  6.575000E+03  1.437924E-07  1.061783E-04 -5.723196E-07  1.920748E-04 -1.900376E-02  2.039049E-08  2.039454E-08
  6.576000E+03 -3.264928E-08  1.062176E-04 -2.610063E-07  1.919765E-04 -1.168649E-02  2.038989E-08  2.039167E-08
  6.577000E+03  1.980195E-07  1.065093E-04 -1.038135E-07  1.914713E-04 -1.690339E-02  2.039057E-08  2.039483E-08
  6.578000E+03  1.487727E-07  1.061072E-04 -5.251908E-07  1.921953E-04 -1.791854E-02  2.039002E-08  2.039354E-08
  6.579000E+03 -1.377525E-08  1.063039E-04 -2.871618E-07  1.918122E-04 -1.136310E-02  2.038906E-08  2.039100E-08
  6.580000E+03  1.793261E-07  1.064646E-04 -1.257460E-07  1.915443E-04 -1.842512E-02  2.038922E-08  2.039385E-08
  6.581000E+03  1.440547E-07  1.060653E-04 -4.835915E-07  1.922577E-04 -1.631464E-02  2.038916E-08  2.039205E-08
  6.582000E+03  3.515733E-09  1.063956E-04 -2.924750E-07  1.916418E-04 -1.179909E-02  2.038843E-08  2.039077E-08
  6.583000E+03  1.708152E-07  1.063829E-04 -1.532092E-07  1.916806E-04 -1.955340E-02  2.038763E-08  2.039239E-08
  6.584000E+03  1.317253E-07  1.060608E-04 -4.559407E-07  1.922463E-04 -1.444786E-02  2.038768E-08  2.038998E-08
  6.585000E+03  1.706498E-08  1.064745E-04 -2.792924E-07  1.914938E-04 -1.296266E-02  2.038750E-08  2.039044E-08
  6.586000E+03  1.710150E-07  1.062793E-04 -1.806064E-07  1.918574E-04 -2.001602E-02  2.038639E-08  2.039103E-08
  6.587000E+03  1.183094E-07  1.060985E-04 -4.448639E-07  1.921612E-04 -1.267090E-02  2.038638E-08  2.038824E-08
  6.588000E+03  2.460541E-08  1.065250E-04 -2.587855E-07  1.914018E-04 -1.467261E-02  2.038688E-08  2.039052E-08
  6.589000E+03  1.776723E-07  1.061758E-04 -2.014541E-07  1.920427E-04 -1.968268E-02  2.038633E-08  2.039060E-08
  6.590000E+03  1.091153E-07  1.061760E-04 -4.503751E-07  1.920176E-04 -1.136003E-02  2.038635E-08  2.038803E-08
  6.591000E+03  2.259451E-08  1.065353E-04 -2.385902E-07  1.913918E-04 -1.664063E-02  2.038716E-08  2.039146E-08
  6.592000E+03  1.892969E-07  1.060901E-04 -2.073590E-07  1.922018E-04 -1.856444E-02  2.038720E-08  2.039089E-08
  6.593000E+03  1.084024E-07  1.062788E-04 -4.731240E-07  1.918373E-04 -1.078114E-02  2.038705E-08  2.038885E-08
  6.594000E+03  9.146071E-09  1.064985E-04 -2.256516E-07  1.914667E-04 -1.850953E-02  2.038742E-08  2.039222E-08
  6.595000E+03  2.032000E-07  1.060354E-04 -1.922305E-07  1.922993E-04 -1.682647E-02  2.038765E-08  2.039065E-08
  6.596000E+03  1.166330E-07  1.063870E-04 -5.081030E-07  1.916458E-04 -1.106039E-02  2.038738E-08  2.038959E-08
  6.597000E+03 -1.272258E-08  1.064198E-04 -2.234802E-07  1.916115E-04 -1.993618E-02  2.038720E-08  2.039224E-08
  6.598000E+03  2.158326E-07  1.060227E-04 -1.590952E-07  1.923165E-04 -1.475373E-02  2.038770E-08  2.039002E-08
  6.599000E+03  1.322919E-07  1.064839E-04 -5.468845E-07  1.914772E-04 -1.216790E-02  2.038773E-08  2.039058E-08
  6.600000E+03 -3.835878E-08  1.063133E-04 -2.330119E-07  1.918055E-04 -2.066507E-02  2.038714E-08  2.039212E-08
  6.601000E+03  2.223228E-07  1.060577E-04 -1.131339E-07  1.922501E-04 -1.270883E-02  2.038795E-08  2.038974E-08
  6.602000E+03  1.548386E-07  1.065521E-04 -5.792163E-07  1.913652E-04 -1.394820E-02  2.038838E-08  2.039202E-08
  6.603000E+03 -6.366041E-08  1.061992E-04 -2.566704E-07  1.920170E-04 -2.052827E-02  2.038775E-08  2.039238E-08
  6.604000E+03  2.185333E-07  1.061360E-04 -5.905008E-08  1.921098E-04 -1.109767E-02  2.038851E-08  2.039001E-08
  6.605000E+03  1.835263E-07  1.065779E-04 -5.961461E-07  1.913342E-04 -1.609635E-02  2.038936E-08  2.039377E-08
  6.606000E+03 -8.552796E-08  1.060972E-04 -2.956070E-07  1.922078E-04 -1.951718E-02  2.038882E-08  2.039286E-08
  6.607000E+03  2.033065E-07  1.062430E-04 -2.081206E-09  1.919190E-04 -1.021407E-02  2.038898E-08  2.039051E-08
  6.608000E+03  2.171429E-07  1.065532E-04 -5.943103E-07  1.913894E-04 -1.823092E-02  2.038976E-08  2.039480E-08
  6.609000E+03 -1.017792E-07  1.060240E-04 -3.492528E-07  1.923406E-04 -1.776810E-02  2.038950E-08  2.039281E-08
  6.610000E+03  1.796165E-07  1.063613E-04  5.084302E-08  1.917061E-04 -1.023120E-02  2.038904E-08  2.039092E-08
  6.611000E+03  2.534618E-07  1.064792E-04 -5.777804E-07  1.915239E-04 -1.999627E-02  2.038925E-08  2.039466E-08
  6.612000E+03 -1.113833E-07  1.059936E-04 -4.140161E-07  1.923897E-04 -1.553951E-02  2.038962E-08  2.039217E-08
  6.613000E+03  1.501428E-07  1.064749E-04  9.535837E-08  1.915057E-04 -1.118041E-02  2.038927E-08  2.039176E-08
  6.614000E+03  2.900420E-07  1.063680E-04 -5.498524E-07  1.917248E-04 -2.108460E-02  2.038885E-08  2.039431E-08
  6.615000E+03 -1.142868E-07  1.060149E-04 -4.850371E-07  1.923453E-04 -1.319447E-02  2.038969E-08  2.039158E-08
  6.616000E+03  1.159353E-07  1.065657E-04  1.304598E-07  1.913562E-04 -1.293472E-02  2.039031E-08  2.039362E-08
  6.617000E+03  3.256561E-07  1.062403E-04 -5.115852E-07  1.919622E-04 -2.128228E-02  2.038951E-08  2.039469E-08
  6.618000E+03 -1.107114E-07  1.060860E-04 -5.596600E-07  1.922134E-04 -1.118915E-02  2.038989E-08  2.039138E-08
  6.619000E+03  7.662073E-08  1.066120E-04  1.569116E-07  1.912863E-04 -1.524115E-02  2.039105E-08  2.039522E-08
  6.620000E+03  3.574695E-07  1.061172E-04 -4.598042E-07  1.921899E-04 -2.046447E-02  2.039039E-08  2.039499E-08
  6.621000E+03 -9.758129E-08  1.061954E-04 -6.348202E-07  1.920106E-04 -9.910299E-03  2.038965E-08  2.039108E-08
  6.622000E+03  3.163571E-08  1.065984E-04  1.690156E-07  1.913130E-04 -1.769739E-02  2.039047E-08  2.039539E-08
  6.623000E+03  3.830503E-07  1.060212E-04 -3.912964E-07  1.923598E-04 -1.868464E-02  2.039066E-08  2.039444E-08
  6.624000E+03 -7.203268E-08  1.063271E-04 -7.080816E-07  1.917699E-04 -9.614239E-03  2.038939E-08  2.039114E-08
  6.625000E+03 -1.973829E-08  1.065267E-04  1.616318E-07  1.914395E-04 -1.986800E-02  2.038940E-08  2.039482E-08
  6.626000E+03  4.037060E-07  1.059712E-04 -3.057367E-07  1.924387E-04 -1.626812E-02  2.039027E-08  2.039316E-08
  6.627000E+03 -3.461241E-08  1.064596E-04 -7.816034E-07  1.915360E-04 -1.036586E-02  2.038975E-08  2.039215E-08
  6.628000E+03 -7.584860E-08  1.064119E-04  1.344449E-07  1.916476E-04 -2.136157E-02  2.038893E-08  2.039451E-08
  6.629000E+03  4.175425E-07  1.059776E-04 -2.048253E-07  1.924145E-04 -1.367725E-02  2.038972E-08  2.039182E-08
  6.630000E+03  1.270158E-08  1.065664E-04 -8.498872E-07  1.913510E-04 -1.207513E-02  2.039010E-08  2.039337E-08
  6.631000E+03 -1.312629E-07  1.062741E-04  8.678190E-08  1.918996E-04 -2.183747E-02  2.038910E-08  2.039446E-08
  6.632000E+03  4.193523E-07  1.060410E-04 -9.502296E-08  1.922890E-04 -1.138791E-02  2.038919E-08  2.039075E-08
  6.633000E+03  6.875965E-08  1.066251E-04 -9.014856E-07  1.912500E-04 -1.447524E-02  2.038992E-08  2.039416E-08
  6.634000E+03 -1.830364E-07  1.061380E-04  1.843339E-08  1.921476E-04 -2.116258E-02  2.038960E-08  2.039438E-08
  6.635000E+03  4.060142E-07  1.061509E-04  2.042376E-08  1.920835E-04 -9.817632E-03  2.038884E-08  2.039021E-08
  6.636000E+03  1.347909E-07  1.066221E-04 -9.311782E-07  1.912551E-04 -1.713157E-02  2.038903E-08  2.039414E-08
  6.637000E+03 -2.296158E-07  1.060272E-04 -7.439941E-08  1.923398E-04 -1.946325E-02  2.038940E-08  2.039337E-08
  6.638000E+03  3.754659E-07  1.062859E-04  1.401577E-07  1.918341E-04 -9.239814E-03  2.038840E-08  2.038995E-08
  6.639000E+03  2.096358E-07  1.065585E-04 -9.338289E-07  1.913652E-04 -1.953073E-02  2.038770E-08  2.039342E-08
  6.640000E+03 -2.663362E-07  1.059606E-04 -1.933777E-07  1.924398E-04 -1.708807E-02  2.038807E-08  2.039114E-08
  6.641000E+03  3.288098E-07  1.064212E-04  2.538623E-07  1.915836E-04 -9.756012E-03  2.038758E-08  2.038967E-08
  6.642000E+03  2.864968E-07  1.064492E-04 -9.058370E-07  1.915593E-04 -2.121906E-02  2.038674E-08  2.039271E-08
  6.643000E+03 -2.875403E-07  1.059523E-04 -3.296824E-07  1.924355E-04 -1.447794E-02  2.038685E-08  2.038910E-08
  6.644000E+03  2.682555E-07  1.065338E-04  3.482788E-07  1.913790E-04 -1.129422E-02  2.038703E-08  2.038991E-08
  6.645000E+03  3.594616E-07  1.063155E-04 -8.465844E-07  1.918035E-04 -2.190839E-02  2.038680E-08  2.039262E-08
  6.646000E+03 -2.898306E-07  1.060040E-04 -4.743402E-07  1.923346E-04 -1.207032E-02  2.038676E-08  2.038843E-08
  6.647000E+03  1.958244E-07  1.066056E-04  4.148511E-07  1.912569E-04 -1.358187E-02  2.038718E-08  2.039096E-08
  6.648000E+03  4.234961E-07  1.061793E-04 -7.558255E-07  1.920549E-04 -2.152072E-02  2.038754E-08  2.039285E-08
  6.649000E+03 -2.703080E-07  1.061054E-04 -6.197157E-07  1.921543E-04 -1.025587E-02  2.038754E-08  2.038894E-08
  6.650000E+03  1.149262E-07  1.066237E-04  4.448360E-07  1.912364E-04 -1.621342E-02  2.038765E-08  2.039229E-08
  6.651000E+03  4.747359E-07  1.060607E-04 -6.371060E-07  1.922701E-04 -2.012401E-02  2.038816E-08  2.039270E-08
  6.652000E+03 -2.292886E-07  1.062374E-04 -7.577732E-07  1.919188E-04 -9.345473E-03  2.038807E-08  2.038959E-08
  6.653000E+03  2.996298E-08  1.065837E-04  4.351028E-07  1.913196E-04 -1.872475E-02  2.038797E-08  2.039327E-08
  6.654000E+03  5.098152E-07  1.059808E-04 -4.963916E-07  1.924107E-04 -1.794065E-02  2.038855E-08  2.039216E-08
  6.655000E+03 -1.721606E-07  1.063776E-04 -8.771395E-07  1.916686E-04 -9.510264E-03  2.038833E-08  2.039033E-08
  6.656000E+03 -5.244622E-08  1.064941E-04  3.908153E-07  1.914921E-04 -2.068223E-02  2.038843E-08  2.039408E-08
  6.657000E+03  5.262931E-07  1.059562E-04 -3.448946E-07  1.924553E-04 -1.534891E-02  2.038943E-08  2.039212E-08
  6.658000E+03 -1.033790E-07  1.065059E-04 -9.690983E-07  1.914492E-04 -1.074271E-02  2.038929E-08  2.039207E-08
  6.659000E+03 -1.276800E-07  1.063696E-04  3.169716E-07  1.917312E-04 -2.177089E-02  2.038953E-08  2.039517E-08
  6.660000E+03  5.222889E-07  1.059920E-04 -1.902921E-07  1.923960E-04 -1.277418E-02  2.039077E-08  2.039272E-08
  6.661000E+03 -2.499360E-08  1.065992E-04 -1.028116E-06  1.912994E-04 -1.284580E-02  2.039068E-08  2.039439E-08
  6.662000E+03 -1.933842E-07  1.062291E-04  2.156768E-07  1.919957E-04 -2.178810E-02  2.039069E-08  2.039594E-08
  6.663000E+03  4.995011E-07  1.060793E-04 -3.876781E-08  1.922371E-04 -1.068261E-02  2.039121E-08  2.039272E-08
  6.664000E+03  5.951999E-08  1.066364E-04 -1.054633E-06  1.912431E-04 -1.544038E-02  2.039104E-08  2.039569E-08
  6.665000E+03 -2.460241E-07  1.060973E-04  9.089028E-08  1.922319E-04 -2.069160E-02  2.039092E-08  2.039547E-08
  6.666000E+03  4.607607E-07  1.062029E-04  1.001533E-07  1.920038E-04 -9.462304E-03  2.039046E-08  2.039190E-08
  6.667000E+03  1.448006E-07  1.066096E-04 -1.049751E-06  1.912931E-04 -1.804963E-02  2.039036E-08  2.039579E-08
  6.668000E+03 -2.826645E-07  1.060016E-04 -4.912614E-08  1.923957E-04 -1.865199E-02  2.039071E-08  2.039436E-08
  6.669000E+03  4.077867E-07  1.063442E-04  2.191024E-07  1.917436E-04 -9.345538E-03  2.038993E-08  2.039169E-08
  6.670000E+03  2.274964E-07  1.065257E-04 -1.014056E-06  1.914457E-04 -2.022489E-02  2.038971E-08  2.039559E-08
  6.671000E+03 -3.027375E-07  1.059602E-04 -1.981232E-07  1.924596E-04 -1.606054E-02  2.039043E-08  2.039317E-08
  6.672000E+03  3.426850E-07  1.064778E-04  3.151368E-07  1.915056E-04 -1.034718E-02  2.039001E-08  2.039244E-08
  6.673000E+03  3.037697E-07  1.064002E-04 -9.484963E-07  1.916730E-04 -2.158218E-02  2.038929E-08  2.039524E-08
  6.674000E+03 -3.062311E-07  1.059796E-04 -3.483998E-07  1.924121E-04 -1.340647E-02  2.038992E-08  2.039189E-08
  6.675000E+03  2.703079E-07  1.065765E-04  3.840805E-07  1.913318E-04 -1.228936E-02  2.038994E-08  2.039323E-08
  6.676000E+03  3.684770E-07  1.062569E-04 -8.584217E-07  1.919310E-04 -2.181891E-02  2.038914E-08  2.039476E-08
  6.677000E+03 -2.911204E-07  1.060566E-04 -4.913525E-07  1.922601E-04 -1.121339E-02  2.038917E-08  2.039068E-08
  6.678000E+03  1.925278E-07  1.066173E-04  4.202633E-07  1.912565E-04 -1.482134E-02  2.038902E-08  2.039319E-08
  6.679000E+03  4.204581E-07  1.061235E-04 -7.466021E-07  1.921669E-04 -2.082244E-02  2.038901E-08  2.039391E-08
  6.680000E+03 -2.559956E-07  1.061771E-04 -6.258564E-07  1.920332E-04 -9.898704E-03  2.038852E-08  2.038997E-08
  6.681000E+03  1.081963E-07  1.065951E-04  4.218342E-07  1.912963E-04 -1.744539E-02  2.038815E-08  2.039305E-08
  6.682000E+03  4.607992E-07  1.060259E-04 -6.116590E-07  1.923351E-04 -1.885673E-02  2.038888E-08  2.039285E-08
  6.683000E+03 -2.036944E-07  1.063159E-04 -7.516662E-07  1.917808E-04 -9.660417E-03  2.038839E-08  2.039017E-08
  6.684000E+03  2.213252E-08  1.065192E-04  3.903726E-07  1.914372E-04 -1.965263E-02  2.038781E-08  2.039316E-08
  6.685000E+03  4.857585E-07  1.059817E-04 -4.600748E-07  1.924073E-04 -1.638492E-02  2.038891E-08  2.039194E-08
  6.686000E+03 -1.391415E-07  1.064450E-04 -8.570498E-07  1.915526E-04 -1.050604E-02  2.038868E-08  2.039111E-08
  6.687000E+03 -5.663406E-08  1.064064E-04  3.280488E-07  1.916494E-04 -2.100508E-02  2.038822E-08  2.039366E-08
  6.688000E+03  4.910614E-07  1.059984E-04 -3.063362E-07  1.923719E-04 -1.391903E-02  2.038914E-08  2.039140E-08
  6.689000E+03 -6.456241E-08  1.065377E-04 -9.315132E-07  1.913920E-04 -1.226497E-02  2.038892E-08  2.039217E-08
  6.690000E+03 -1.246255E-07  1.062790E-04  2.363593E-07  1.918873E-04 -2.124320E-02  2.038899E-08  2.039412E-08
  6.691000E+03  4.752584E-07  1.060681E-04 -1.561919E-07  1.922411E-04 -1.191582E-02  2.038920E-08  2.039096E-08
  6.692000E+03  1.811305E-08  1.065791E-04 -9.704930E-07  1.913229E-04 -1.454730E-02  2.038887E-08  2.039294E-08
  6.693000E+03 -1.792755E-07  1.061600E-04  1.169862E-07  1.921026E-04 -2.042528E-02  2.038936E-08  2.039387E-08
  6.694000E+03  4.391420E-07  1.061723E-04 -1.547663E-08  1.920478E-04 -1.065601E-02  2.038899E-08  2.039060E-08
  6.695000E+03  1.032926E-07  1.065675E-04 -9.707969E-07  1.913475E-04 -1.688903E-02  2.038853E-08  2.039330E-08
  6.696000E+03 -2.169268E-07  1.060689E-04 -2.196238E-08  1.922593E-04 -1.881978E-02  2.038912E-08  2.039287E-08
  6.697000E+03  3.845368E-07  1.062909E-04  1.068993E-07  1.918298E-04 -1.028740E-02  2.038868E-08  2.039046E-08
  6.698000E+03  1.854308E-07  1.065085E-04 -9.313471E-07  1.914547E-04 -1.889296E-02  2.038792E-08  2.039315E-08
  6.699000E+03 -2.354266E-07  1.060204E-04 -1.711849E-07  1.923356E-04 -1.673836E-02  2.038864E-08  2.039160E-08
  6.700000E+03  3.170614E-07  1.064050E-04  2.018034E-07  1.916229E-04 -1.086122E-02  2.038844E-08  2.039068E-08
  6.701000E+03  2.579628E-07  1.064142E-04 -8.578166E-07  1.916280E-04 -2.022285E-02  2.038777E-08  2.039315E-08
  6.702000E+03 -2.327021E-07  1.060239E-04 -3.192634E-07  1.923231E-04 -1.453824E-02  2.038869E-08  2.039098E-08
  6.703000E+03  2.425781E-07  1.064952E-04  2.600545E-07  1.914640E-04 -1.229006E-02  2.038846E-08  2.039136E-08
  6.704000E+03  3.146358E-07  1.063016E-04 -7.566359E-07  1.918373E-04 -2.064519E-02  2.038826E-08  2.039342E-08
  6.705000E+03 -2.063442E-07  1.060766E-04 -4.556947E-07  1.922251E-04 -1.260953E-02  2.038897E-08  2.039080E-08
  6.706000E+03  1.645171E-07  1.065445E-04  2.738770E-07  1.913798E-04 -1.428846E-02  2.038837E-08  2.039200E-08
  6.707000E+03  3.535698E-07  1.061889E-04 -6.330890E-07  1.920423E-04 -2.010644E-02  2.038864E-08  2.039328E-08
  6.708000E+03 -1.592184E-07  1.061657E-04 -5.742491E-07  1.920584E-04 -1.127869E-02  2.038871E-08  2.039038E-08
  6.709000E+03  8.707462E-08  1.065447E-04  2.454389E-07  1.913813E-04 -1.645796E-02  2.038790E-08  2.039219E-08
  6.710000E+03  3.747966E-07  1.060988E-04 -4.956352E-07  1.922038E-04 -1.873358E-02  2.038903E-08  2.039293E-08
  6.711000E+03 -9.956524E-08  1.062786E-04 -6.679404E-07  1.918561E-04 -1.078851E-02  2.038901E-08  2.039085E-08
  6.712000E+03  1.731657E-08  1.064971E-04  1.852533E-07  1.914766E-04 -1.840199E-02  2.038824E-08  2.039298E-08
  6.713000E+03  3.776332E-07  1.060509E-04 -3.578885E-07  1.922924E-04 -1.679630E-02  2.038991E-08  2.039303E-08
  6.714000E+03 -3.336853E-08  1.063934E-04 -7.302763E-07  1.916588E-04 -1.126770E-02  2.038994E-08  2.039226E-08
  6.715000E+03 -4.045329E-08  1.064095E-04  1.016622E-07  1.916481E-04 -1.973473E-02  2.038920E-08  2.039409E-08
  6.716000E+03  3.620283E-07  1.060523E-04 -2.284532E-07  1.922884E-04 -1.467503E-02  2.039044E-08  2.039285E-08
  6.717000E+03  3.729993E-08  1.064836E-04 -7.593813E-07  1.915022E-04 -1.261860E-02  2.039022E-08  2.039322E-08
  6.718000E+03 -8.370655E-08  1.062982E-04 -3.334468E-09  1.918548E-04 -2.018118E-02  2.038966E-08  2.039436E-08
  6.719000E+03  3.299717E-07  1.061028E-04 -1.141123E-07  1.921910E-04 -1.278347E-02  2.039034E-08  2.039225E-08
  6.720000E+03  1.065401E-07  1.065305E-04 -7.542058E-07  1.914199E-04 -1.455217E-02  2.038990E-08  2.039364E-08
  6.721000E+03 -1.089091E-07  1.061894E-04 -1.209047E-07  1.920523E-04 -1.964779E-02  2.038999E-08  2.039423E-08
  6.722000E+03  2.839918E-07  1.061932E-04 -2.413071E-08  1.920246E-04 -1.154018E-02  2.039035E-08  2.039208E-08
  6.723000E+03  1.693243E-07  1.065247E-04 -7.155292E-07  1.914345E-04 -1.663877E-02  2.038968E-08  2.039406E-08
  6.724000E+03 -1.168656E-07  1.061069E-04 -2.402575E-07  1.921995E-04 -1.825284E-02  2.039030E-08  2.039387E-08
  6.725000E+03  2.268850E-07  1.063034E-04  4.071622E-08  1.918251E-04 -1.121780E-02  2.039037E-08  2.039228E-08
  6.726000E+03  2.249024E-07  1.064664E-04 -6.483284E-07  1.915407E-04 -1.844394E-02  2.038918E-08  2.039395E-08
  6.727000E+03 -1.092344E-07  1.060656E-04 -3.584666E-07  1.922630E-04 -1.629956E-02  2.038977E-08  2.039262E-08
  6.728000E+03  1.636057E-07  1.064079E-04  7.952197E-08  1.916329E-04 -1.184731E-02  2.038983E-08  2.039221E-08
  6.729000E+03  2.689207E-07  1.063710E-04 -5.588342E-07  1.917089E-04 -1.959723E-02  2.038835E-08  2.039321E-08
  6.730000E+03 -8.583104E-08  1.060746E-04 -4.669413E-07  1.922329E-04 -1.424167E-02  2.038897E-08  2.039121E-08
  6.731000E+03  1.004800E-07  1.064825E-04  8.650319E-08  1.914928E-04 -1.327520E-02  2.038884E-08  2.039187E-08
  6.732000E+03  2.961087E-07  1.062627E-04 -4.552492E-07  1.919008E-04 -1.980894E-02  2.038789E-08  2.039249E-08
  6.733000E+03 -4.547583E-08  1.061332E-04 -5.561004E-07  1.921183E-04 -1.257734E-02  2.038851E-08  2.039041E-08
  6.734000E+03  3.775748E-08  1.065106E-04  5.907604E-08  1.914396E-04 -1.517252E-02  2.038799E-08  2.039169E-08
  6.735000E+03  3.070251E-07  1.061651E-04 -3.385527E-07  1.920733E-04 -1.903556E-02  2.038779E-08  2.039186E-08
  6.736000E+03  1.043925E-08  1.062262E-04 -6.258754E-07  1.919464E-04 -1.165706E-02  2.038836E-08  2.039024E-08
  6.737000E+03 -2.288527E-08  1.064899E-04 -1.396904E-09  1.914800E-04 -1.710889E-02  2.038770E-08  2.039194E-08
  6.738000E+03  3.020551E-07  1.060984E-04 -2.124434E-07  1.921923E-04 -1.751247E-02  2.038817E-08  2.039154E-08
  6.739000E+03  7.525614E-08  1.063314E-04 -6.713439E-07  1.917586E-04 -1.161611E-02  2.038857E-08  2.039076E-08
  6.740000E+03 -7.295537E-08  1.064271E-04 -8.880301E-08  1.915995E-04 -1.866405E-02  2.038783E-08  2.039239E-08
  6.741000E+03  2.799322E-07  1.060760E-04 -9.290366E-08  1.922332E-04 -1.561440E-02  2.038885E-08  2.039152E-08
  6.742000E+03  1.437852E-07  1.064237E-04 -6.855212E-07  1.915969E-04 -1.242974E-02  2.038888E-08  2.039160E-08
  6.743000E+03 -1.070409E-07  1.063369E-04 -1.973445E-07  1.917664E-04 -1.950647E-02  2.038797E-08  2.039255E-08
  6.744000E+03  2.409444E-07  1.061003E-04  8.945552E-09  1.921875E-04 -1.378814E-02  2.038922E-08  2.039135E-08
  6.745000E+03  2.120325E-07  1.064840E-04 -6.655685E-07  1.914939E-04 -1.388722E-02  2.038907E-08  2.039242E-08
  6.746000E+03 -1.220017E-07  1.062404E-04 -3.216821E-07  1.919449E-04 -1.945869E-02  2.038844E-08  2.039275E-08
  6.747000E+03  1.866333E-07  1.061654E-04  8.547511E-08  1.920702E-04 -1.241637E-02  2.038963E-08  2.039149E-08
  6.748000E+03  2.743902E-07  1.065039E-04 -6.097861E-07  1.914693E-04 -1.566679E-02  2.038971E-08  2.039369E-08
  6.749000E+03 -1.157349E-07  1.061573E-04 -4.523470E-07  1.921020E-04 -1.858851E-02  2.038951E-08  2.039333E-08
  6.750000E+03  1.190407E-07  1.062555E-04  1.307127E-07  1.919106E-04 -1.172819E-02  2.039014E-08  2.039201E-08
  6.751000E+03  3.263199E-07  1.064804E-04 -5.183932E-07  1.915198E-04 -1.743163E-02  2.039000E-08  2.039446E-08
  6.752000E+03 -8.943746E-08  1.060998E-04 -5.791952E-07  1.922078E-04 -1.709910E-02  2.039023E-08  2.039344E-08
  6.753000E+03  4.292036E-08  1.063534E-04  1.429964E-07  1.917365E-04 -1.179330E-02  2.039040E-08  2.039256E-08
  6.754000E+03  3.650528E-07  1.064165E-04 -3.985739E-07  1.916345E-04 -1.886617E-02  2.038946E-08  2.039419E-08
  6.755000E+03 -4.659352E-08  1.060794E-04 -6.936820E-07  1.922402E-04 -1.526050E-02  2.039035E-08  2.039297E-08
  6.756000E+03 -3.355267E-08  1.064423E-04  1.223329E-07  1.915790E-04 -1.262483E-02  2.039048E-08  2.039316E-08
  6.757000E+03  3.851008E-07  1.063241E-04 -2.620597E-07  1.917992E-04 -1.965889E-02  2.038894E-08  2.039367E-08
  6.758000E+03  1.216240E-08  1.061034E-04 -7.842368E-07  1.921884E-04 -1.344907E-02  2.039000E-08  2.039215E-08
  6.759000E+03 -1.042596E-07  1.065033E-04  6.476210E-08  1.914714E-04 -1.412281E-02  2.039030E-08  2.039365E-08
  6.760000E+03  3.818373E-07  1.062198E-04 -1.171873E-07  1.919841E-04 -1.959500E-02  2.038859E-08  2.039300E-08
  6.761000E+03  8.691254E-08  1.061675E-04 -8.416331E-07  1.920601E-04 -1.200994E-02  2.038907E-08  2.039101E-08
  6.762000E+03 -1.659455E-07  1.065230E-04 -3.266595E-08  1.914326E-04 -1.603639E-02  2.038935E-08  2.039338E-08
  6.763000E+03  3.565185E-07  1.061237E-04  2.842802E-08  1.921535E-04 -1.864200E-02  2.038850E-08  2.039233E-08
  6.764000E+03  1.714217E-07  1.062658E-04 -8.630605E-07  1.918777E-04 -1.121874E-02  2.038874E-08  2.039075E-08
  6.765000E+03 -2.140323E-07  1.064943E-04 -1.613390E-07  1.914835E-04 -1.802216E-02  2.038859E-08  2.039321E-08
  6.766000E+03  3.114493E-07  1.060593E-04  1.636147E-07  1.922689E-04 -1.694998E-02  2.038898E-08  2.039209E-08
  6.767000E+03  2.578155E-07  1.063800E-04 -8.464135E-07  1.916775E-04 -1.132911E-02  2.038935E-08  2.039175E-08
  6.768000E+03 -2.434546E-07  1.064186E-04 -3.097680E-07  1.916251E-04 -1.961842E-02  2.038854E-08  2.039350E-08
  6.769000E+03  2.489005E-07  1.060415E-04  2.762516E-07  1.922974E-04 -1.484920E-02  2.038926E-08  2.039165E-08
  6.770000E+03  3.419551E-07  1.064814E-04 -7.927138E-07  1.914996E-04 -1.239213E-02  2.038959E-08  2.039265E-08
  6.771000E+03 -2.518204E-07  1.063066E-04 -4.716826E-07  1.918260E-04 -2.040838E-02  2.038812E-08  2.039307E-08
  6.772000E+03  1.722994E-07  1.060754E-04  3.585996E-07  1.922227E-04 -1.276452E-02  2.038844E-08  2.039028E-08
  6.773000E+03  4.176765E-07  1.065456E-04 -7.035748E-07  1.913820E-04 -1.422886E-02  2.038885E-08  2.039271E-08
  6.774000E+03 -2.368847E-07  1.061856E-04 -6.366177E-07  1.920410E-04 -2.016517E-02  2.038784E-08  2.039244E-08
  6.775000E+03  8.513379E-08  1.061595E-04  4.031639E-07  1.920628E-04 -1.117669E-02  2.038802E-08  2.038960E-08
  6.776000E+03  4.782724E-07  1.065592E-04 -5.802661E-07  1.913610E-04 -1.646478E-02  2.038851E-08  2.039314E-08
  6.777000E+03 -1.980432E-07  1.060840E-04 -7.916123E-07  1.922250E-04 -1.892497E-02  2.038835E-08  2.039233E-08
  6.778000E+03 -9.863899E-09  1.062790E-04  4.063921E-07  1.918526E-04 -1.046116E-02  2.038878E-08  2.039047E-08
  6.779000E+03  5.218476E-07  1.065168E-04 -4.266571E-07  1.914487E-04 -1.862919E-02  2.038897E-08  2.039416E-08
  6.780000E+03 -1.377594E-07  1.060221E-04 -9.307504E-07  1.923373E-04 -1.691759E-02  2.038909E-08  2.039231E-08
  6.781000E+03 -1.073489E-07  1.064064E-04  3.686618E-07  1.916317E-04 -1.080064E-02  2.038966E-08  2.039182E-08
  6.782000E+03  5.457244E-07  1.064239E-04 -2.511967E-07  1.916231E-04 -2.026593E-02  2.038909E-08  2.039453E-08
  6.783000E+03 -5.972028E-08  1.060115E-04 -1.045497E-06  1.923500E-04 -1.453405E-02  2.038916E-08  2.039166E-08
  6.784000E+03 -1.989068E-07  1.065123E-04  2.901824E-07  1.914428E-04 -1.214228E-02  2.038950E-08  2.039241E-08
  6.785000E+03  5.456746E-07  1.062996E-04 -6.717529E-08  1.918455E-04 -2.098463E-02  2.038861E-08  2.039393E-08
  6.786000E+03  3.299452E-08  1.060569E-04 -1.124721E-06  1.922581E-04 -1.228553E-02  2.038877E-08  2.039074E-08
  6.787000E+03 -2.792531E-07  1.065752E-04  1.726210E-07  1.913294E-04 -1.421944E-02  2.038890E-08  2.039268E-08
  6.788000E+03  5.206949E-07  1.061708E-04  1.156464E-07  1.920709E-04 -2.063018E-02  2.038798E-08  2.039283E-08
  6.789000E+03  1.368149E-07  1.061509E-04 -1.163352E-06  1.920825E-04 -1.063435E-02  2.038857E-08  2.039034E-08
  6.790000E+03 -3.452020E-07  1.065855E-04  2.042571E-08  1.913169E-04 -1.661804E-02  2.038878E-08  2.039339E-08
  6.791000E+03  4.711128E-07  1.060635E-04  2.905868E-07  1.922598E-04 -1.928093E-02  2.038796E-08  2.039207E-08
  6.792000E+03  2.465683E-07  1.062749E-04 -1.157622E-06  1.918585E-04 -9.911196E-03  2.038873E-08  2.039067E-08
  6.793000E+03 -3.921981E-07  1.065410E-04 -1.599069E-07  1.914072E-04 -1.887506E-02  2.038908E-08  2.039432E-08
  6.794000E+03  3.983651E-07  1.059979E-04  4.472628E-07  1.923775E-04 -1.717877E-02  2.038860E-08  2.039184E-08
  6.795000E+03  3.559206E-07  1.064046E-04 -1.105000E-06  1.916271E-04 -1.026592E-02  2.038892E-08  2.039137E-08
  6.796000E+03 -4.144759E-07  1.064475E-04 -3.605818E-07  1.915797E-04 -2.059199E-02  2.038886E-08  2.039443E-08
  6.797000E+03  3.055224E-07  1.059836E-04  5.714619E-07  1.923989E-04 -1.470175E-02  2.038893E-08  2.039133E-08
  6.798000E+03  4.581533E-07  1.065161E-04 -1.005907E-06  1.914281E-04 -1.160239E-02  2.038881E-08  2.039203E-08
  6.799000E+03 -4.096086E-07  1.063220E-04 -5.701753E-07  1.918026E-04 -2.145273E-02  2.038815E-08  2.039371E-08
  6.800000E+03  1.976173E-07  1.060233E-04  6.540019E-07  1.923180E-04 -1.232653E-02  2.038864E-08  2.039039E-08
  6.801000E+03  5.476907E-07  1.065905E-04 -8.656856E-07  1.913006E-04 -1.364148E-02  2.038893E-08  2.039302E-08
  6.802000E+03 -3.766090E-07  1.061902E-04 -7.783272E-07  1.920391E-04 -2.127210E-02  2.038805E-08  2.039325E-08
  6.803000E+03  7.896324E-08  1.061113E-04  6.892088E-07  1.921522E-04 -1.051903E-02  2.038839E-08  2.038982E-08
  6.804000E+03  6.183293E-07  1.066158E-04 -6.876955E-07  1.912680E-04 -1.604598E-02  2.038956E-08  2.039450E-08
  6.805000E+03 -3.162661E-07  1.060749E-04 -9.718979E-07  1.922511E-04 -2.007401E-02  2.038891E-08  2.039347E-08
  6.806000E+03 -4.437094E-08  1.062348E-04  6.734754E-07  1.919315E-04 -9.566220E-03  2.038887E-08  2.039034E-08
  6.807000E+03  6.671777E-07  1.065861E-04 -4.816581E-07  1.913345E-04 -1.848290E-02  2.039013E-08  2.039574E-08
  6.808000E+03 -2.350638E-07  1.059928E-04 -1.139529E-06  1.924039E-04 -1.802160E-02  2.039012E-08  2.039386E-08
  6.809000E+03 -1.627448E-07  1.063750E-04  6.115829E-07  1.916870E-04 -9.614015E-03  2.038976E-08  2.039165E-08
  6.810000E+03  6.903716E-07  1.065015E-04 -2.636389E-07  1.914946E-04 -2.055558E-02  2.039016E-08  2.039618E-08
  6.811000E+03 -1.375417E-07  1.059585E-04 -1.269573E-06  1.924618E-04 -1.544868E-02  2.039054E-08  2.039344E-08
  6.812000E+03 -2.680649E-07  1.065059E-04  5.057284E-07  1.914583E-04 -1.070010E-02  2.039028E-08  2.039290E-08
  6.813000E+03  6.832843E-07  1.063735E-04 -4.594227E-08  1.917242E-04 -2.183100E-02  2.038953E-08  2.039559E-08
  6.814000E+03 -2.432556E-08  1.059796E-04 -1.352196E-06  1.924066E-04 -1.281130E-02  2.038950E-08  2.039170E-08
  6.815000E+03 -3.589693E-07  1.066028E-04  3.560043E-07  1.912845E-04 -1.269083E-02  2.038981E-08  2.039338E-08
  6.816000E+03  6.464371E-07  1.062246E-04  1.682487E-07  1.919868E-04 -2.199689E-02  2.038878E-08  2.039446E-08
  6.817000E+03  1.013773E-07  1.060590E-04 -1.385702E-06  1.922447E-04 -1.057782E-02  2.038815E-08  2.038993E-08
  6.818000E+03 -4.333971E-07  1.066449E-04  1.670921E-07  1.912063E-04 -1.531030E-02  2.038878E-08  2.039334E-08
  6.819000E+03  5.831986E-07  1.060847E-04  3.719108E-07  1.922333E-04 -2.094440E-02  2.038854E-08  2.039347E-08
  6.820000E+03  2.315598E-07  1.061879E-04 -1.370010E-06  1.920044E-04 -9.214115E-03  2.038768E-08  2.038942E-08
  6.821000E+03 -4.854772E-07  1.066211E-04 -4.994168E-08  1.912501E-04 -1.810181E-02  2.038796E-08  2.039338E-08
  6.822000E+03  4.964291E-07  1.059804E-04  5.507993E-07  1.924137E-04 -1.883312E-02  2.038848E-08  2.039242E-08
  6.823000E+03  3.588835E-07  1.063428E-04 -1.304587E-06  1.917272E-04 -9.014077E-03  2.038797E-08  2.039011E-08
  6.824000E+03 -5.104152E-07  1.065332E-04 -2.844527E-07  1.914136E-04 -2.051211E-02  2.038762E-08  2.039360E-08
  6.825000E+03  3.891457E-07  1.059323E-04  6.926989E-07  1.924890E-04 -1.604849E-02  2.038818E-08  2.039108E-08
  6.826000E+03  4.764952E-07  1.064903E-04 -1.189635E-06  1.914656E-04 -1.004743E-02  2.038820E-08  2.039110E-08
  6.827000E+03 -5.054082E-07  1.063988E-04 -5.250684E-07  1.916620E-04 -2.201826E-02  2.038767E-08  2.039380E-08
  6.828000E+03  2.666906E-07  1.059505E-04  7.874069E-07  1.924427E-04 -1.316640E-02  2.038764E-08  2.038965E-08
  6.829000E+03  5.775002E-07  1.065983E-04 -1.029987E-06  1.912742E-04 -1.211031E-02  2.038802E-08  2.039189E-08
  6.830000E+03 -4.704100E-07  1.062466E-04 -7.579739E-07  1.919410E-04 -2.229478E-02  2.038801E-08  2.039385E-08
  6.831000E+03  1.354458E-07  1.060326E-04  8.293698E-07  1.922866E-04 -1.077583E-02  2.038747E-08  2.038893E-08
  6.832000E+03  6.561996E-07  1.066473E-04 -8.335937E-07  1.911932E-04 -1.479527E-02  2.038800E-08  2.039283E-08
  6.833000E+03 -4.072744E-07  1.061056E-04 -9.701313E-07  1.921954E-04 -2.132834E-02  2.038837E-08  2.039356E-08
  6.834000E+03  1.440388E-09  1.061627E-04  8.171549E-07  1.920545E-04 -9.287551E-03  2.038815E-08  2.038947E-08
  6.835000E+03  7.092137E-07  1.066322E-04 -6.096773E-07  1.912346E-04 -1.760336E-02  2.038861E-08  2.039425E-08
  6.836000E+03 -3.193969E-07  1.060011E-04 -1.151845E-06  1.923838E-04 -1.934395E-02  2.038908E-08  2.039339E-08
  6.837000E+03 -1.278297E-07  1.063125E-04  7.511716E-07  1.917911E-04 -8.953985E-03  2.038898E-08  2.039059E-08
  6.838000E+03  7.345759E-07  1.065573E-04 -3.716180E-07  1.913836E-04 -1.998662E-02  2.038926E-08  2.039539E-08
  6.839000E+03 -2.114645E-07  1.059481E-04 -1.295152E-06  1.924727E-04 -1.675249E-02  2.038925E-08  2.039262E-08
  6.840000E+03 -2.445803E-07  1.064528E-04  6.341780E-07  1.915411E-04 -9.772887E-03  2.038912E-08  2.039137E-08
  6.841000E+03  7.278515E-07  1.064376E-04 -1.312633E-07  1.916041E-04 -2.155513E-02  2.038915E-08  2.039539E-08
  6.842000E+03 -8.784286E-08  1.059528E-04 -1.387407E-06  1.924520E-04 -1.400885E-02  2.038883E-08  2.039137E-08
  6.843000E+03 -3.419273E-07  1.065618E-04  4.690568E-07  1.913457E-04 -1.154610E-02  2.038878E-08  2.039190E-08
  6.844000E+03  6.885850E-07  1.062971E-04  9.794352E-08  1.918562E-04 -2.209860E-02  2.038878E-08  2.039474E-08
  6.845000E+03  4.463628E-08  1.060145E-04 -1.421849E-06  1.923320E-04 -1.159697E-02  2.038860E-08  2.039058E-08
  6.846000E+03 -4.176304E-07  1.066236E-04  2.676194E-07  1.912407E-04 -1.393418E-02  2.038878E-08  2.039283E-08
  6.847000E+03  6.214053E-07  1.061618E-04  3.075403E-07  1.921011E-04 -2.153100E-02  2.038908E-08  2.039441E-08
  6.848000E+03  1.791096E-07  1.061215E-04 -1.401908E-06  1.921357E-04 -9.958651E-03  2.038872E-08  2.039048E-08
  6.849000E+03 -4.685677E-07  1.066289E-04  4.098597E-08  1.912427E-04 -1.651652E-02  2.038922E-08  2.039410E-08
  6.850000E+03  5.305563E-07  1.060528E-04  4.876227E-07  1.922996E-04 -1.996037E-02  2.038985E-08  2.039431E-08
  6.851000E+03  3.074412E-07  1.062549E-04 -1.329151E-06  1.918959E-04 -9.327302E-03  2.038899E-08  2.039090E-08
  6.852000E+03 -4.914011E-07  1.065775E-04 -1.973513E-07  1.913453E-04 -1.889894E-02  2.038946E-08  2.039496E-08
  6.853000E+03  4.225013E-07  1.059842E-04  6.259535E-07  1.924194E-04 -1.767642E-02  2.039023E-08  2.039370E-08
  6.854000E+03  4.222382E-07  1.063921E-04 -1.210239E-06  1.916504E-04 -9.728372E-03  2.038912E-08  2.039153E-08
  6.855000E+03 -4.842695E-07  1.064793E-04 -4.341288E-07  1.915285E-04 -2.070398E-02  2.038945E-08  2.039526E-08
  6.856000E+03  3.030090E-07  1.059661E-04  7.138572E-07  1.924409E-04 -1.509872E-02  2.038988E-08  2.039244E-08
  6.857000E+03  5.170256E-07  1.065106E-04 -1.051226E-06  1.914413E-04 -1.105113E-02  2.038928E-08  2.039242E-08
  6.858000E+03 -4.470360E-07  1.063525E-04 -6.564527E-07  1.917610E-04 -2.163620E-02  2.038949E-08  2.039527E-08
  6.859000E+03  1.766767E-07  1.060026E-04  7.471257E-07  1.923635E-04 -1.266607E-02  2.038940E-08  2.039126E-08
  6.860000E+03  5.896253E-07  1.065922E-04 -8.594851E-07  1.913029E-04 -1.310195E-02  2.038964E-08  2.039363E-08
  6.861000E+03 -3.846636E-07  1.062195E-04 -8.557005E-07  1.920083E-04 -2.151994E-02  2.039030E-08  2.039570E-08
  6.862000E+03  5.021976E-08  1.060902E-04  7.299859E-07  1.922014E-04 -1.079078E-02  2.038950E-08  2.039097E-08
  6.863000E+03  6.394888E-07  1.066194E-04 -6.480412E-07  1.912628E-04 -1.556899E-02  2.038985E-08  2.039466E-08
  6.864000E+03 -3.032168E-07  1.061015E-04 -1.025581E-06  1.922233E-04 -2.034978E-02  2.039095E-08  2.039568E-08
  6.865000E+03 -6.747468E-08  1.062116E-04  6.670207E-07  1.919787E-04 -9.803537E-03  2.038939E-08  2.039085E-08
  6.866000E+03  6.615844E-07  1.065840E-04 -4.304474E-07  1.913273E-04 -1.800367E-02  2.038913E-08  2.039455E-08
  6.867000E+03 -2.072179E-07  1.060166E-04 -1.152114E-06  1.923612E-04 -1.833496E-02  2.039004E-08  2.039392E-08
  6.868000E+03 -1.690720E-07  1.063449E-04  5.610420E-07  1.917310E-04 -9.849420E-03  2.038861E-08  2.039044E-08
  6.869000E+03  6.534106E-07  1.064949E-04 -2.193020E-07  1.914836E-04 -1.996514E-02  2.038796E-08  2.039369E-08
  6.870000E+03 -9.865478E-08  1.059820E-04 -1.228573E-06  1.924013E-04 -1.584856E-02  2.038852E-08  2.039153E-08
  6.871000E+03 -2.539492E-07  1.064662E-04  4.155111E-07  1.915078E-04 -1.091243E-02  2.038789E-08  2.039038E-08
  6.872000E+03  6.167391E-07  1.063744E-04 -1.737250E-08  1.917030E-04 -2.108282E-02  2.038776E-08  2.039343E-08
  6.873000E+03  1.964280E-08  1.060068E-04 -1.256097E-06  1.923419E-04 -1.342524E-02  2.038772E-08  2.039003E-08
  6.874000E+03 -3.224778E-07  1.065492E-04  2.364321E-07  1.913585E-04 -1.278792E-02  2.038742E-08  2.039074E-08
  6.875000E+03  5.579562E-07  1.062467E-04  1.706235E-07  1.919377E-04 -2.111754E-02  2.038820E-08  2.039346E-08
  6.876000E+03  1.394833E-07  1.060838E-04 -1.240509E-06  1.921934E-04 -1.157857E-02  2.038724E-08  2.038918E-08
  6.877000E+03 -3.699644E-07  1.065748E-04  3.624970E-08  1.913114E-04 -1.508161E-02  2.038665E-08  2.039076E-08
  6.878000E+03  4.811628E-07  1.061346E-04  3.317465E-07  1.921349E-04 -2.007722E-02  2.038805E-08  2.039259E-08
  6.879000E+03  2.525671E-07  1.061950E-04 -1.182949E-06  1.919866E-04 -1.060348E-02  2.038687E-08  2.038879E-08
  6.880000E+03 -3.905608E-07  1.065440E-04 -1.733618E-07  1.913685E-04 -1.732384E-02  2.038612E-08  2.039084E-08
  6.881000E+03  3.871168E-07  1.060596E-04  4.535963E-07  1.922617E-04 -1.825609E-02  2.038780E-08  2.039148E-08
  6.882000E+03  3.539951E-07  1.063167E-04 -1.080750E-06  1.917705E-04 -1.059645E-02  2.038726E-08  2.038949E-08
  6.883000E+03 -3.836475E-07  1.064723E-04 -3.830887E-07  1.915111E-04 -1.907184E-02  2.038692E-08  2.039199E-08
  6.884000E+03  2.806362E-07  1.060332E-04  5.308064E-07  1.923044E-04 -1.613412E-02  2.038800E-08  2.039087E-08
  6.885000E+03  4.380383E-07  1.064228E-04 -9.386904E-07  1.915884E-04 -1.147740E-02  2.038803E-08  2.039079E-08
  6.886000E+03 -3.490184E-07  1.063760E-04 -5.815948E-07  1.917005E-04 -2.003426E-02  2.038824E-08  2.039334E-08
  6.887000E+03  1.677644E-07  1.060547E-04  5.577918E-07  1.922639E-04 -1.411243E-02  2.038846E-08  2.039069E-08
  6.888000E+03  4.978179E-07  1.064949E-04 -7.630286E-07  1.914663E-04 -1.302213E-02  2.038846E-08  2.039185E-08
  6.889000E+03 -2.868289E-07  1.062738E-04 -7.549250E-07  1.918961E-04 -2.011422E-02  2.038939E-08  2.039424E-08
  6.890000E+03  5.498304E-08  1.061150E-04  5.293192E-07  1.921537E-04 -1.254121E-02  2.038879E-08  2.039065E-08
  6.891000E+03  5.315197E-07  1.065230E-04 -5.652373E-07  1.914218E-04 -1.486683E-02  2.038857E-08  2.039257E-08
  6.892000E+03 -2.034922E-07  1.061860E-04 -8.939468E-07  1.920610E-04 -1.938296E-02  2.039036E-08  2.039472E-08
  6.893000E+03 -4.986845E-08  1.062017E-04  4.515682E-07  1.920008E-04 -1.167956E-02  2.038942E-08  2.039120E-08
  6.894000E+03  5.392326E-07  1.065069E-04 -3.611451E-07  1.914598E-04 -1.665139E-02  2.038896E-08  2.039340E-08
  6.895000E+03 -1.069957E-07  1.061248E-04 -9.920049E-07  1.921718E-04 -1.803773E-02  2.039088E-08  2.039465E-08
  6.896000E+03 -1.376244E-07  1.062977E-04  3.327473E-07  1.918342E-04 -1.158170E-02  2.039017E-08  2.039215E-08
  6.897000E+03  5.196207E-07  1.064551E-04 -1.680268E-07  1.915634E-04 -1.810517E-02  2.038956E-08  2.039425E-08
  6.898000E+03 -4.942022E-09  1.060947E-04 -1.039910E-06  1.922198E-04 -1.636732E-02  2.039078E-08  2.039394E-08
  6.899000E+03 -2.029144E-07  1.063853E-04  1.835384E-07  1.916794E-04 -1.215371E-02  2.039036E-08  2.039276E-08
  6.900000E+03  4.749640E-07  1.063808E-04  1.375545E-09  1.917064E-04 -1.902143E-02  2.039019E-08  2.039490E-08
  6.901000E+03  9.684605E-08  1.060998E-04 -1.037263E-06  1.922018E-04 -1.471261E-02  2.039036E-08  2.039301E-08
  6.902000E+03 -2.445206E-07  1.064486E-04  1.459999E-08  1.915642E-04 -1.326062E-02  2.038995E-08  2.039287E-08
  6.903000E+03  4.105734E-07  1.062990E-04  1.400708E-07  1.918611E-04 -1.924414E-02  2.039087E-08  2.039535E-08
  6.904000E+03  1.915033E-07  1.061397E-04 -9.888612E-07  1.921233E-04 -1.338734E-02  2.039007E-08  2.039241E-08
  6.905000E+03 -2.619385E-07  1.064769E-04 -1.607044E-07  1.915108E-04 -1.470133E-02  2.038926E-08  2.039273E-08
  6.906000E+03  3.324487E-07  1.062234E-04  2.419121E-07  1.919994E-04 -1.875586E-02  2.039124E-08  2.039529E-08
  6.907000E+03  2.739086E-07  1.062058E-04 -9.023790E-07  1.920001E-04 -1.258749E-02  2.038992E-08  2.039216E-08
  6.908000E+03 -2.561236E-07  1.064666E-04 -3.312667E-07  1.915267E-04 -1.619913E-02  2.038851E-08  2.039243E-08
  6.909000E+03  2.447722E-07  1.061635E-04  3.052409E-07  1.920962E-04 -1.770404E-02  2.039040E-08  2.039392E-08
  6.910000E+03  3.414589E-07  1.062831E-04 -7.839938E-07  1.918529E-04 -1.239089E-02  2.038916E-08  2.039153E-08
  6.911000E+03 -2.281799E-07  1.064220E-04 -4.909117E-07  1.916021E-04 -1.747037E-02  2.038758E-08  2.039179E-08
  6.912000E+03  1.533191E-07  1.061304E-04  3.273348E-07  1.921360E-04 -1.631768E-02  2.038877E-08  2.039172E-08
  6.913000E+03  3.909387E-07  1.063589E-04 -6.425593E-07  1.917092E-04 -1.282168E-02  2.038830E-08  2.039100E-08
  6.914000E+03 -1.816908E-07  1.063558E-04 -6.301125E-07  1.917249E-04 -1.828186E-02  2.038764E-08  2.039194E-08
  6.915000E+03  6.455227E-08  1.061351E-04  3.098648E-07  1.921174E-04 -1.487019E-02  2.038815E-08  2.039064E-08
  6.916000E+03  4.211438E-07  1.064163E-04 -4.900315E-07  1.916058E-04 -1.381705E-02  2.038803E-08  2.039117E-08
  6.917000E+03 -1.198599E-07  1.062842E-04 -7.437080E-07  1.918671E-04 -1.844949E-02  2.038898E-08  2.039313E-08
  6.918000E+03 -1.780419E-08  1.061766E-04  2.560823E-07  1.920454E-04 -1.371671E-02  2.038881E-08  2.039103E-08
  6.919000E+03  4.318961E-07  1.064389E-04 -3.337417E-07  1.915705E-04 -1.512350E-02  2.038822E-08  2.039180E-08
  6.920000E+03 -4.815792E-08  1.062214E-04 -8.266601E-07  1.919887E-04 -1.794922E-02  2.039002E-08  2.039385E-08
  6.921000E+03 -8.655566E-08  1.062404E-04  1.708243E-07  1.919333E-04 -1.312126E-02  2.038931E-08  2.039150E-08
  6.922000E+03  4.226443E-07  1.064216E-04 -1.876753E-07  1.916031E-04 -1.641074E-02  2.038796E-08  2.039186E-08
  6.923000E+03  2.803790E-08  1.061782E-04 -8.732604E-07  1.920614E-04 -1.691444E-02  2.038981E-08  2.039321E-08
  6.924000E+03 -1.385296E-07  1.063115E-04  6.218189E-08  1.918049E-04 -1.315439E-02  2.038930E-08  2.039169E-08
  6.925000E+03  3.914070E-07  1.063732E-04 -5.651192E-08  1.916905E-04 -1.741568E-02  2.038764E-08  2.039168E-08
  6.926000E+03  1.088750E-07  1.061637E-04 -8.796533E-07  1.920770E-04 -1.561636E-02  2.038912E-08  2.039208E-08
  6.927000E+03 -1.767785E-07  1.063733E-04 -6.752944E-08  1.916930E-04 -1.375243E-02  2.038908E-08  2.039184E-08
  6.928000E+03  3.417697E-07  1.063112E-04  6.281479E-08  1.918095E-04 -1.790353E-02  2.038824E-08  2.039222E-08
  6.929000E+03  1.917778E-07  1.061821E-04 -8.508400E-07  1.920372E-04 -1.444734E-02  2.038879E-08  2.039144E-08
  6.930000E+03 -2.015752E-07  1.064072E-04 -2.129010E-07  1.916303E-04 -1.474275E-02  2.038864E-08  2.039183E-08
  6.931000E+03  2.800550E-07  1.062514E-04  1.654432E-07  1.919240E-04 -1.774791E-02  2.038897E-08  2.039270E-08
  6.932000E+03  2.681348E-07  1.062255E-04 -7.921578E-07  1.919526E-04 -1.371309E-02  2.038834E-08  2.039088E-08
  6.933000E+03 -2.065379E-07  1.064053E-04 -3.620887E-07  1.916268E-04 -1.585736E-02  2.038754E-08  2.039111E-08
  6.934000E+03  2.064975E-07  1.062064E-04  2.383491E-07  1.920036E-04 -1.702370E-02  2.038907E-08  2.039241E-08
  6.935000E+03  3.326579E-07  1.062802E-04 -6.995537E-07  1.918483E-04 -1.351138E-02  2.038782E-08  2.039044E-08
  6.936000E+03 -1.876229E-07  1.063743E-04 -5.079261E-07  1.916748E-04 -1.681383E-02  2.038640E-08  2.039021E-08
  6.937000E+03  1.230104E-07  1.061848E-04  2.717699E-07  1.920354E-04 -1.600887E-02  2.038863E-08  2.039157E-08
  6.938000E+03  3.833522E-07  1.063344E-04 -5.751653E-07  1.917517E-04 -1.380029E-02  2.038786E-08  2.039072E-08
  6.939000E+03 -1.464598E-07  1.063270E-04 -6.450105E-07  1.917606E-04 -1.741689E-02  2.038623E-08  2.039013E-08
  6.940000E+03  3.485660E-08  1.061889E-04  2.644777E-07  1.920215E-04 -1.497743E-02  2.038827E-08  2.039088E-08
  6.941000E+03  4.164042E-07  1.063773E-04 -4.263052E-07  1.916818E-04 -1.447787E-02  2.038846E-08  2.039163E-08
  6.942000E+03 -8.537486E-08  1.062757E-04 -7.636885E-07  1.918634E-04 -1.757027E-02  2.038727E-08  2.039110E-08
  6.943000E+03 -5.029331E-08  1.062145E-04  2.145839E-07  1.919718E-04 -1.414937E-02  2.038814E-08  2.039055E-08
  6.944000E+03  4.267102E-07  1.063989E-04 -2.640204E-07  1.916497E-04 -1.536235E-02  2.038890E-08  2.039238E-08
  6.945000E+03 -7.948260E-09  1.062322E-04 -8.506417E-07  1.919581E-04 -1.725200E-02  2.038909E-08  2.039272E-08
  6.946000E+03 -1.254315E-07  1.062576E-04  1.232870E-07  1.918993E-04 -1.368456E-02  2.038884E-08  2.039123E-08
  6.947000E+03  4.136609E-07  1.063943E-04 -1.018713E-07  1.916634E-04 -1.629140E-02  2.038920E-08  2.039293E-08
  6.948000E+03  7.862162E-08  1.062040E-04 -8.984868E-07  1.920255E-04 -1.652275E-02  2.039110E-08  2.039442E-08
  6.949000E+03 -1.840402E-07  1.063121E-04 -5.246428E-10  1.918165E-04 -1.365784E-02  2.039052E-08  2.039306E-08
  6.950000E+03  3.794489E-07  1.063652E-04  4.516941E-08  1.917220E-04 -1.711944E-02  2.038956E-08  2.039344E-08
  6.951000E+03  1.641216E-07  1.061929E-04 -9.028917E-07  1.920549E-04 -1.552983E-02  2.039241E-08  2.039540E-08
  6.952000E+03 -2.195480E-07  1.063668E-04 -1.419510E-07  1.917327E-04 -1.406040E-02  2.039198E-08  2.039480E-08
  6.953000E+03  3.262679E-07  1.063153E-04  1.620196E-07  1.918151E-04 -1.766360E-02  2.038971E-08  2.039360E-08
  6.954000E+03  2.437919E-07  1.062000E-04 -8.641922E-07  1.920356E-04 -1.448321E-02  2.039204E-08  2.039474E-08
  6.955000E+03 -2.316615E-07  1.064080E-04 -2.916784E-07  1.916636E-04 -1.480901E-02  2.039230E-08  2.039551E-08
  6.956000E+03  2.580184E-07  1.062578E-04  2.447531E-07  1.919231E-04 -1.774653E-02  2.039012E-08  2.039385E-08
  6.957000E+03  3.138996E-07  1.062282E-04 -7.870321E-07  1.919722E-04 -1.364223E-02  2.039096E-08  2.039349E-08
  6.958000E+03 -2.223852E-07  1.064252E-04 -4.404912E-07  1.916297E-04 -1.579852E-02  2.039168E-08  2.039529E-08
  6.959000E+03  1.823906E-07  1.062072E-04  2.908182E-07  1.920233E-04 -1.729255E-02  2.039120E-08  2.039462E-08
  6.960000E+03  3.697070E-07  1.062770E-04 -6.828109E-07  1.918786E-04 -1.320889E-02  2.039051E-08  2.039305E-08
  6.961000E+03 -1.948639E-07  1.064110E-04 -5.761785E-07  1.916478E-04 -1.686625E-02  2.039053E-08  2.039447E-08
  6.962000E+03  1.040098E-07  1.061719E-04  3.025764E-07  1.920890E-04 -1.637499E-02  2.039173E-08  2.039474E-08
  6.963000E+03  4.102988E-07  1.063342E-04 -5.600398E-07  1.917703E-04 -1.327847E-02  2.038994E-08  2.039265E-08
  6.964000E+03 -1.529477E-07  1.063655E-04 -6.936069E-07  1.917141E-04 -1.774789E-02  2.038855E-08  2.039269E-08
  6.965000E+03  2.721955E-08  1.061567E-04  2.840486E-07  1.920993E-04 -1.521207E-02  2.039026E-08  2.039287E-08
  6.966000E+03  4.335209E-07  1.063885E-04 -4.256037E-07  1.916649E-04 -1.381995E-02  2.038900E-08  2.039202E-08
  6.967000E+03 -1.002645E-07  1.062984E-04 -7.853441E-07  1.918173E-04 -1.825176E-02  2.038648E-08  2.039063E-08
  6.968000E+03 -4.294956E-08  1.061678E-04  2.382203E-07  1.920541E-04 -1.400979E-02  2.038797E-08  2.039025E-08
  6.969000E+03  4.393693E-07  1.064298E-04 -2.896079E-07  1.915847E-04 -1.479306E-02  2.038808E-08  2.039153E-08
  6.970000E+03 -3.747469E-08  1.062270E-04 -8.508172E-07  1.919417E-04 -1.821990E-02  2.038601E-08  2.038998E-08
  6.971000E+03 -1.073457E-07  1.062096E-04  1.671445E-07  1.919641E-04 -1.305839E-02  2.038669E-08  2.038881E-08
  6.972000E+03  4.314292E-07  1.064441E-04 -1.534153E-07  1.915599E-04 -1.602712E-02  2.038781E-08  2.039167E-08
  6.973000E+03  3.161615E-08  1.061699E-04 -8.939744E-07  1.920542E-04 -1.758860E-02  2.038721E-08  2.039085E-08
  6.974000E+03 -1.618482E-07  1.062726E-04  7.494244E-08  1.918489E-04 -1.264008E-02  2.038666E-08  2.038883E-08
  6.975000E+03  4.104552E-07  1.064225E-04 -2.595192E-08  1.916000E-04 -1.723337E-02  2.038753E-08  2.039170E-08
  6.976000E+03  1.018013E-07  1.061373E-04 -9.118771E-07  1.921213E-04 -1.646098E-02  2.038847E-08  2.039167E-08
  6.977000E+03 -2.001928E-07  1.063426E-04 -3.328276E-08  1.917286E-04 -1.284902E-02  2.038725E-08  2.038969E-08
  6.978000E+03  3.747112E-07  1.063678E-04  8.168016E-08  1.916942E-04 -1.816673E-02  2.038672E-08  2.039101E-08
  6.979000E+03  1.726920E-07  1.061336E-04 -9.007043E-07  1.921277E-04 -1.505798E-02  2.038890E-08  2.039166E-08
  6.980000E+03 -2.225030E-07  1.064058E-04 -1.566443E-07  1.916244E-04 -1.362287E-02  2.038806E-08  2.039093E-08
  6.981000E+03  3.246394E-07  1.062947E-04  1.693508E-07  1.918242E-04 -1.861920E-02  2.038636E-08  2.039057E-08
  6.982000E+03  2.434768E-07  1.061603E-04 -8.606502E-07  1.920750E-04 -1.372182E-02  2.038882E-08  2.039124E-08
  6.983000E+03 -2.326672E-07  1.064479E-04 -2.901848E-07  1.915607E-04 -1.478967E-02  2.038900E-08  2.039238E-08
  6.984000E+03  2.654760E-07  1.062233E-04  2.403936E-07  1.919614E-04 -1.846402E-02  2.038730E-08  2.039123E-08
  6.985000E+03  3.099757E-07  1.062111E-04 -7.986603E-07  1.919789E-04 -1.279681E-02  2.038862E-08  2.039090E-08
  6.986000E+03 -2.310678E-07  1.064588E-04 -4.251777E-07  1.915519E-04 -1.608444E-02  2.038975E-08  2.039359E-08
  6.987000E+03  2.007510E-07  1.061694E-04  2.925566E-07  1.920735E-04 -1.773799E-02  2.038911E-08  2.039264E-08
  6.988000E+03  3.652238E-07  1.062739E-04 -7.158690E-07  1.918644E-04 -1.245192E-02  2.038860E-08  2.039095E-08
  6.989000E+03 -2.136670E-07  1.064361E-04 -5.510824E-07  1.915944E-04 -1.726522E-02  2.038952E-08  2.039371E-08
  6.990000E+03  1.315337E-07  1.061392E-04  3.168113E-07  1.921371E-04 -1.661206E-02  2.039047E-08  2.039352E-08
  6.991000E+03  4.056431E-07  1.063395E-04 -6.113637E-07  1.917508E-04 -1.266524E-02  2.038906E-08  2.039165E-08
  6.992000E+03 -1.784493E-07  1.063851E-04 -6.624331E-07  1.916808E-04 -1.815938E-02  2.038861E-08  2.039296E-08
  6.993000E+03  5.847654E-08  1.061337E-04  3.085496E-07  1.921455E-04 -1.528576E-02  2.039074E-08  2.039334E-08
  6.994000E+03  4.316102E-07  1.063993E-04 -4.867775E-07  1.916511E-04 -1.336041E-02  2.038972E-08  2.039267E-08
  6.995000E+03 -1.286986E-07  1.063178E-04 -7.571773E-07  1.917978E-04 -1.864572E-02  2.038797E-08  2.039232E-08
  6.996000E+03 -1.313696E-08  1.061516E-04  2.698498E-07  1.921028E-04 -1.402171E-02  2.039001E-08  2.039226E-08
  6.997000E+03  4.419246E-07  1.064428E-04 -3.517003E-07  1.915798E-04 -1.438611E-02  2.039018E-08  2.039355E-08
  6.998000E+03 -6.740178E-08  1.062504E-04 -8.303472E-07  1.919229E-04 -1.864002E-02  2.038834E-08  2.039251E-08
  6.999000E+03 -7.726358E-08  1.061892E-04  2.015433E-07  1.920234E-04 -1.306951E-02  2.038907E-08  2.039113E-08
  7.000000E+03  4.334862E-07  1.064614E-04 -2.156231E-07  1.915508E-04 -1.554653E-02  2.039031E-08  2.039408E-08
  7.001000E+03  2.536453E-09  1.061940E-04 -8.732280E-07  1.920334E-04 -1.813449E-02  2.038944E-08  2.039330E-08
  7.002000E+03 -1.290151E-07  1.062422E-04  1.052848E-07  1.919231E-04 -1.255056E-02  2.038873E-08  2.039078E-08
  7.003000E+03  4.070651E-07  1.064516E-04 -8.902718E-08  1.915671E-04 -1.671493E-02  2.038978E-08  2.039386E-08
  7.004000E+03  7.378650E-08  1.061528E-04 -8.810963E-07  1.921148E-04 -1.717933E-02  2.039051E-08  2.039395E-08
  7.005000E+03 -1.638124E-07  1.063075E-04 -8.115187E-09  1.918081E-04 -1.251260E-02  2.038904E-08  2.039127E-08
  7.006000E+03  3.676749E-07  1.064123E-04  1.459658E-08  1.916328E-04 -1.777652E-02  2.038887E-08  2.039315E-08
  7.007000E+03  1.384606E-07  1.061317E-04 -8.572780E-07  1.921511E-04 -1.590517E-02  2.039073E-08  2.039371E-08
  7.008000E+03 -1.811597E-07  1.063748E-04 -1.232310E-07  1.916921E-04 -1.296801E-02  2.038950E-08  2.039206E-08
  7.009000E+03  3.224546E-07  1.063512E-04  8.814385E-08  1.917399E-04 -1.852930E-02  2.038828E-08  2.039260E-08
  7.010000E+03  1.912022E-07  1.061351E-04 -8.115354E-07  1.921350E-04 -1.456300E-02  2.039012E-08  2.039269E-08
  7.011000E+03 -1.811632E-07  1.064306E-04 -2.292084E-07  1.915976E-04 -1.384206E-02  2.038989E-08  2.039290E-08
  7.012000E+03  2.749211E-07  1.062804E-04  1.288193E-07  1.918706E-04 -1.878125E-02  2.038849E-08  2.039267E-08
  7.013000E+03  2.298737E-07  1.061658E-04 -7.491066E-07  1.920699E-04 -1.340019E-02  2.038943E-08  2.039172E-08
  7.014000E+03 -1.650912E-07  1.064614E-04 -3.206666E-07  1.915450E-04 -1.503671E-02  2.038983E-08  2.039331E-08
  7.015000E+03  2.254597E-07  1.062124E-04  1.388415E-07  1.919990E-04 -1.842856E-02  2.038923E-08  2.039308E-08
  7.016000E+03  2.583994E-07  1.062200E-04 -6.741234E-07  1.919638E-04 -1.265609E-02  2.038877E-08  2.039096E-08
  7.017000E+03 -1.408240E-07  1.064583E-04 -3.987492E-07  1.915494E-04 -1.633383E-02  2.038932E-08  2.039321E-08
  7.018000E+03  1.793152E-07  1.061610E-04  1.295582E-07  1.920944E-04 -1.753306E-02  2.038980E-08  2.039320E-08
  7.019000E+03  2.791613E-07  1.062869E-04 -5.991628E-07  1.918371E-04 -1.248782E-02  2.038818E-08  2.039048E-08
  7.020000E+03 -1.162875E-07  1.064208E-04 -4.614614E-07  1.916103E-04 -1.747819E-02  2.038820E-08  2.039236E-08
  7.021000E+03  1.415439E-07  1.061351E-04  1.125700E-07  1.921354E-04 -1.627170E-02  2.038961E-08  2.039252E-08
  7.022000E+03  2.897670E-07  1.063534E-04 -5.323381E-07  1.917153E-04 -1.289439E-02  2.038788E-08  2.039048E-08
  7.023000E+03 -9.125634E-08  1.063593E-04 -5.041886E-07  1.917142E-04 -1.825015E-02  2.038719E-08  2.039143E-08
  7.024000E+03  1.112325E-07  1.061387E-04  8.820536E-08  1.921188E-04 -1.492518E-02  2.038898E-08  2.039146E-08
  7.025000E+03  2.919816E-07  1.064064E-04 -4.733245E-07  1.916243E-04 -1.374650E-02  2.038813E-08  2.039113E-08
  7.026000E+03 -6.493359E-08  1.062907E-04 -5.311596E-07  1.918365E-04 -1.851622E-02  2.038694E-08  2.039107E-08
  7.027000E+03  8.367415E-08  1.061684E-04  5.888995E-08  1.920549E-04 -1.380791E-02  2.038822E-08  2.039044E-08
  7.028000E+03  2.906631E-07  1.064347E-04 -4.168200E-07  1.915803E-04 -1.483259E-02  2.038856E-08  2.039196E-08
  7.029000E+03 -3.858121E-08  1.062305E-04 -5.510567E-07  1.919500E-04 -1.823417E-02  2.038755E-08  2.039142E-08
  7.030000E+03  5.818124E-08  1.062155E-04  2.774782E-08  1.919619E-04 -1.314267E-02  2.038756E-08  2.038969E-08
  7.031000E+03  2.868635E-07  1.064333E-04 -3.623430E-07  1.915854E-04 -1.593885E-02  2.038849E-08  2.039221E-08
  7.032000E+03 -1.414798E-08  1.061896E-04 -5.643259E-07  1.920315E-04 -1.748365E-02  2.038863E-08  2.039214E-08
  7.033000E+03  3.945124E-08  1.062696E-04 -5.324054E-09  1.918623E-04 -1.299243E-02  2.038741E-08  2.038964E-08
  7.034000E+03  2.781209E-07  1.064052E-04 -3.172266E-07  1.916328E-04 -1.687558E-02  2.038784E-08  2.039176E-08
  7.035000E+03  9.131857E-09  1.061725E-04 -5.666760E-07  1.920677E-04 -1.646741E-02  2.038956E-08  2.039267E-08
  7.036000E+03  2.704211E-08  1.063209E-04 -4.148624E-08  1.917750E-04 -1.330354E-02  2.038788E-08  2.039033E-08
  7.037000E+03  2.650998E-07  1.063605E-04 -2.811509E-07  1.917102E-04 -1.748651E-02  2.038729E-08  2.039126E-08
  7.038000E+03  3.311116E-08  1.061768E-04 -5.610270E-07  1.920586E-04 -1.544863E-02  2.038973E-08  2.039252E-08
  7.039000E+03  1.701512E-08  1.063609E-04 -8.109204E-08  1.917129E-04 -1.391137E-02  2.038879E-08  2.039153E-08
  7.040000E+03  2.522940E-07  1.063136E-04 -2.500461E-07  1.917990E-04 -1.770554E-02  2.038765E-08  2.039154E-08
  7.041000E+03  5.460484E-08  1.061951E-04 -5.536841E-07  1.920187E-04 -1.465134E-02  2.038925E-08  2.039184E-08
  7.042000E+03  8.801392E-09  1.063856E-04 -1.172545E-07  1.916782E-04 -1.463015E-02  2.038962E-08  2.039265E-08
  7.043000E+03  2.431182E-07  1.062757E-04 -2.256908E-07  1.918805E-04 -1.758571E-02  2.038908E-08  2.039280E-08
  7.044000E+03  6.883614E-08  1.062206E-04 -5.474220E-07  1.919669E-04 -1.417509E-02  2.038879E-08  2.039129E-08
  7.045000E+03  6.307706E-09  1.063914E-04 -1.437177E-07  1.916704E-04 -1.531703E-02  2.038969E-08  2.039295E-08
  7.046000E+03  2.356735E-07  1.062498E-04 -2.143104E-07  1.919391E-04 -1.719752E-02  2.039048E-08  2.039399E-08
  7.047000E+03  7.488138E-08  1.062505E-04 -5.376345E-07  1.919133E-04 -1.399562E-02  2.038888E-08  2.039141E-08
  7.048000E+03  1.108144E-08  1.063797E-04 -1.599495E-07  1.916870E-04 -1.592337E-02  2.038902E-08  2.039243E-08
  7.049000E+03  2.287966E-07  1.062337E-04 -2.180191E-07  1.919712E-04 -1.662675E-02  2.039100E-08  2.039426E-08
  7.050000E+03  7.607997E-08  1.062838E-04 -5.248413E-07  1.918598E-04 -1.403751E-02  2.038959E-08  2.039221E-08
  7.051000E+03  1.792467E-08  1.063580E-04 -1.682128E-07  1.917250E-04 -1.642296E-02  2.038874E-08  2.039225E-08
  7.052000E+03  2.240226E-07  1.062262E-04 -2.276856E-07  1.919824E-04 -1.600410E-02  2.039094E-08  2.039398E-08
  7.053000E+03  7.627495E-08  1.063173E-04 -5.154153E-07  1.918106E-04 -1.424421E-02  2.039072E-08  2.039348E-08
  7.054000E+03  1.942493E-08  1.063340E-04 -1.698882E-07  1.917780E-04 -1.677074E-02  2.038965E-08  2.039319E-08
  7.055000E+03  2.265501E-07  1.062261E-04 -2.328627E-07  1.919800E-04 -1.543822E-02  2.039086E-08  2.039372E-08
  7.056000E+03  7.421675E-08  1.063441E-04 -5.187331E-07  1.917678E-04 -1.459226E-02  2.039121E-08  2.039415E-08
  7.057000E+03  1.303679E-08  1.063085E-04 -1.602869E-07  1.918366E-04 -1.689745E-02  2.039096E-08  2.039446E-08
  7.058000E+03  2.389407E-07  1.062347E-04 -2.306273E-07  1.919604E-04 -1.498984E-02  2.039057E-08  2.039332E-08
  7.059000E+03  6.864919E-08  1.063556E-04 -5.388677E-07  1.917408E-04 -1.505073E-02  2.039040E-08  2.039352E-08
  7.060000E+03  8.853165E-10  1.062839E-04 -1.387028E-07  1.918849E-04 -1.675970E-02  2.039140E-08  2.039478E-08
  7.061000E+03  2.559276E-07  1.062517E-04 -2.207433E-07  1.919230E-04 -1.471938E-02  2.038994E-08  2.039266E-08
  7.062000E+03  6.712596E-08  1.063513E-04 -5.716983E-07  1.917376E-04 -1.552314E-02  2.038909E-08  2.039237E-08
  7.063000E+03 -1.916114E-08  1.062656E-04 -1.184908E-07  1.919130E-04 -1.642670E-02  2.039100E-08  2.039422E-08
  7.064000E+03  2.725289E-07  1.062742E-04 -1.946651E-07  1.918785E-04 -1.466011E-02  2.038955E-08  2.039231E-08
  7.065000E+03  7.820544E-08  1.063360E-04 -6.145366E-07  1.917603E-04 -1.589702E-02  2.038844E-08  2.039181E-08
  7.066000E+03 -5.056809E-08  1.062582E-04 -1.138833E-07  1.919189E-04 -1.601715E-02  2.039035E-08  2.039342E-08
  7.067000E+03  2.873748E-07  1.062953E-04 -1.442569E-07  1.918394E-04 -1.481373E-02  2.038940E-08  2.039228E-08
  7.068000E+03  1.016983E-07  1.063160E-04 -6.644681E-07  1.917987E-04 -1.608359E-02  2.038864E-08  2.039203E-08
  7.069000E+03 -9.175535E-08  1.062612E-04 -1.258518E-07  1.919052E-04 -1.566415E-02  2.038959E-08  2.039256E-08
  7.070000E+03  2.986107E-07  1.063064E-04 -7.110730E-08  1.918171E-04 -1.508480E-02  2.038907E-08  2.039207E-08
  7.071000E+03  1.364970E-07  1.062984E-04 -7.168186E-07  1.918319E-04 -1.607032E-02  2.038879E-08  2.039215E-08
  7.072000E+03 -1.358925E-07  1.062697E-04 -1.580146E-07  1.918791E-04 -1.548144E-02  2.038849E-08  2.039145E-08
  7.073000E+03  2.990118E-07  1.063019E-04  1.723978E-08  1.918141E-04 -1.534705E-02  2.038781E-08  2.039088E-08
  7.074000E+03  1.818434E-07  1.062891E-04 -7.564217E-07  1.918426E-04 -1.588191E-02  2.038821E-08  2.039151E-08
  7.075000E+03 -1.751223E-07  1.062787E-04 -2.155709E-07  1.918516E-04 -1.551531E-02  2.038728E-08  2.039030E-08
  7.076000E+03  2.833788E-07  1.062868E-04  1.094442E-07  1.918291E-04 -1.547065E-02  2.038647E-08  2.038954E-08
  7.077000E+03  2.369087E-07  1.062940E-04 -7.721208E-07  1.918302E-04 -1.562631E-02  2.038790E-08  2.039117E-08
  7.078000E+03 -2.068714E-07  1.062837E-04 -2.990570E-07  1.918413E-04 -1.572664E-02  2.038707E-08  2.039020E-08
  7.079000E+03  2.519949E-07  1.062734E-04  2.000929E-07  1.918525E-04 -1.539664E-02  2.038639E-08  2.038940E-08
  7.080000E+03  2.987516E-07  1.063100E-04 -7.619680E-07  1.918061E-04 -1.548836E-02  2.038846E-08  2.039175E-08
  7.081000E+03 -2.286050E-07  1.062818E-04 -4.047308E-07  1.918559E-04 -1.596676E-02  2.038820E-08  2.039142E-08
  7.082000E+03  2.082011E-07  1.062692E-04  2.812337E-07  1.918695E-04 -1.518214E-02  2.038747E-08  2.039038E-08
  7.083000E+03  3.614933E-07  1.063276E-04 -7.276479E-07  1.917821E-04 -1.557000E-02  2.038925E-08  2.039264E-08
  7.084000E+03 -2.369867E-07  1.062698E-04 -5.236346E-07  1.918882E-04 -1.609796E-02  2.038928E-08  2.039253E-08
  7.085000E+03  1.530531E-07  1.062774E-04  3.452591E-07  1.918660E-04 -1.488618E-02  2.038877E-08  2.039160E-08
  7.086000E+03  4.212918E-07  1.063371E-04 -6.679938E-07  1.917680E-04 -1.588630E-02  2.038948E-08  2.039301E-08
  7.087000E+03 -2.304828E-07  1.062494E-04 -6.493596E-07  1.919258E-04 -1.600983E-02  2.038938E-08  2.039259E-08
  7.088000E+03  8.800884E-08  1.063008E-04  3.878399E-07  1.918342E-04 -1.462840E-02  2.038996E-08  2.039276E-08
  7.089000E+03  4.753010E-07  1.063324E-04 -5.835011E-07  1.917774E-04 -1.637833E-02  2.038943E-08  2.039313E-08
  7.090000E+03 -2.098359E-07  1.062293E-04 -7.755521E-07  1.919571E-04 -1.564018E-02  2.038898E-08  2.039206E-08
  7.091000E+03  1.640521E-08  1.063351E-04  4.076135E-07  1.917810E-04 -1.456662E-02  2.039089E-08  2.039377E-08
  7.092000E+03  5.198027E-07  1.063138E-04 -4.776934E-07  1.918172E-04 -1.686726E-02  2.038993E-08  2.039374E-08
  7.093000E+03 -1.771500E-07  1.062202E-04 -8.929399E-07  1.919719E-04 -1.506023E-02  2.038899E-08  2.039191E-08
  7.094000E+03 -5.875661E-08  1.063697E-04  4.062400E-07  1.917254E-04 -1.480018E-02  2.039154E-08  2.039459E-08
  7.095000E+03  5.519215E-07  1.062849E-04 -3.541413E-07  1.918793E-04 -1.716426E-02  2.039087E-08  2.039470E-08
  7.096000E+03 -1.305025E-07  1.062295E-04 -9.973904E-07  1.919612E-04 -1.442405E-02  2.038983E-08  2.039262E-08
  7.097000E+03 -1.367715E-07  1.063922E-04  3.792528E-07  1.916861E-04 -1.535998E-02  2.039150E-08  2.039481E-08
  7.098000E+03  5.687779E-07  1.062473E-04 -2.117980E-07  1.919494E-04 -1.711448E-02  2.039112E-08  2.039483E-08
  7.099000E+03 -6.493607E-08  1.062572E-04 -1.087359E-06  1.919140E-04 -1.389385E-02  2.039027E-08  2.039302E-08
  7.100000E+03 -2.182679E-07  1.063925E-04  3.172279E-07  1.916762E-04 -1.614723E-02  2.039026E-08  2.039384E-08
  7.101000E+03  5.712973E-07  1.062073E-04 -5.019262E-08  1.920058E-04 -1.668035E-02  2.038958E-08  2.039305E-08
  7.102000E+03  1.876369E-08  1.062978E-04 -1.164033E-06  1.918353E-04 -1.359649E-02  2.038978E-08  2.039260E-08
  7.103000E+03 -3.008436E-07  1.063731E-04  2.196890E-07  1.917010E-04 -1.696258E-02  2.038889E-08  2.039272E-08
  7.104000E+03  5.609711E-07  1.061777E-04  1.245717E-07  1.920401E-04 -1.595890E-02  2.038778E-08  2.039095E-08
  7.105000E+03  1.138400E-07  1.063454E-04 -1.224627E-06  1.917470E-04 -1.362805E-02  2.038951E-08  2.039254E-08
  7.106000E+03 -3.765426E-07  1.063419E-04  9.340622E-08  1.917610E-04 -1.761282E-02  2.038907E-08  2.039306E-08
  7.107000E+03  5.329834E-07  1.061687E-04  3.006286E-07  1.920517E-04 -1.510345E-02  2.038756E-08  2.039043E-08
  7.108000E+03  2.162687E-07  1.063890E-04 -1.256023E-06  1.916722E-04 -1.403365E-02  2.038981E-08  2.039315E-08
  7.109000E+03 -4.362016E-07  1.063019E-04 -6.137410E-08  1.918426E-04 -1.796824E-02  2.038995E-08  2.039398E-08
  7.110000E+03  4.801393E-07  1.061796E-04  4.657208E-07  1.920364E-04 -1.423826E-02  2.038828E-08  2.039090E-08
  7.111000E+03  3.251506E-07  1.064206E-04 -1.242993E-06  1.916181E-04 -1.475357E-02  2.038990E-08  2.039361E-08
  7.112000E+03 -4.766744E-07  1.062534E-04 -2.455366E-07  1.919301E-04 -1.800086E-02  2.038992E-08  2.039388E-08
  7.113000E+03  4.022157E-07  1.062076E-04  6.137171E-07  1.919884E-04 -1.344648E-02  2.038879E-08  2.039123E-08
  7.114000E+03  4.377881E-07  1.064358E-04 -1.182781E-06  1.915891E-04 -1.569496E-02  2.038942E-08  2.039351E-08
  7.115000E+03 -4.965372E-07  1.062021E-04 -4.548793E-07  1.920136E-04 -1.768434E-02  2.038906E-08  2.039285E-08
  7.116000E+03  3.024337E-07  1.062526E-04  7.390005E-07  1.919097E-04 -1.285226E-02  2.038922E-08  2.039158E-08
  7.117000E+03  5.481530E-07  1.064331E-04 -1.076702E-06  1.915959E-04 -1.673680E-02  2.038929E-08  2.039375E-08
  7.118000E+03 -4.908877E-07  1.061574E-04 -6.814828E-07  1.920867E-04 -1.701188E-02  2.038848E-08  2.039201E-08
  7.119000E+03  1.859919E-07  1.063112E-04  8.272725E-07  1.918095E-04 -1.259363E-02  2.038988E-08  2.039232E-08
  7.120000E+03  6.462859E-07  1.064113E-04 -9.266805E-07  1.916431E-04 -1.775619E-02  2.038979E-08  2.039454E-08
  7.121000E+03 -4.565775E-07  1.061269E-04 -9.080282E-07  1.921413E-04 -1.601178E-02  2.038875E-08  2.039196E-08
  7.122000E+03  5.781455E-08  1.063776E-04  8.679936E-07  1.916974E-04 -1.277982E-02  2.039064E-08  2.039332E-08
  7.123000E+03  7.252761E-07  1.063675E-04 -7.366995E-07  1.917338E-04 -1.858882E-02  2.039073E-08  2.039564E-08
  7.124000E+03 -3.933991E-07  1.061189E-04 -1.120807E-06  1.921593E-04 -1.477009E-02  2.038950E-08  2.039238E-08
  7.125000E+03 -7.719297E-08  1.064399E-04  8.565500E-07  1.915905E-04 -1.347976E-02  2.039101E-08  2.039410E-08
  7.126000E+03  7.803577E-07  1.063013E-04 -5.125383E-07  1.918579E-04 -1.905413E-02  2.039103E-08  2.039591E-08
  7.127000E+03 -3.039236E-07  1.061386E-04 -1.308042E-06  1.921223E-04 -1.345807E-02  2.038974E-08  2.039234E-08
  7.128000E+03 -2.112726E-07  1.064824E-04  7.914703E-07  1.915098E-04 -1.465984E-02  2.039022E-08  2.039383E-08
  7.129000E+03  8.062392E-07  1.062191E-04 -2.652588E-07  1.919934E-04 -1.897862E-02  2.038970E-08  2.039433E-08
  7.130000E+03 -1.921372E-07  1.061887E-04 -1.455690E-06  1.920230E-04 -1.230801E-02  2.038913E-08  2.039159E-08
  7.131000E+03 -3.372758E-07  1.064938E-04  6.746487E-07  1.914799E-04 -1.616951E-02  2.038875E-08  2.039291E-08
  7.132000E+03  8.011417E-07  1.061389E-04 -7.703572E-09  1.921177E-04 -1.825075E-02  2.038777E-08  2.039195E-08
  7.133000E+03 -6.371110E-08  1.062666E-04 -1.555325E-06  1.918741E-04 -1.162953E-02  2.038842E-08  2.039096E-08
  7.134000E+03 -4.483318E-07  1.064704E-04  5.116025E-07  1.915194E-04 -1.775536E-02  2.038794E-08  2.039258E-08
  7.135000E+03  7.657150E-07  1.060807E-04  2.457651E-07  1.922090E-04 -1.692853E-02  2.038674E-08  2.039034E-08
  7.136000E+03  7.487206E-08  1.063608E-04 -1.602705E-06  1.917037E-04 -1.165272E-02  2.038836E-08  2.039123E-08
  7.137000E+03 -5.381782E-07  1.064137E-04  3.100002E-07  1.916314E-04 -1.909679E-02  2.038848E-08  2.039343E-08
  7.138000E+03  7.036146E-07  1.060588E-04  4.794361E-07  1.922464E-04 -1.521596E-02  2.038706E-08  2.039003E-08
  7.139000E+03  2.180465E-07  1.064505E-04 -1.600415E-06  1.915482E-04 -1.242231E-02  2.038882E-08  2.039224E-08
  7.140000E+03 -6.029330E-07  1.063301E-04  7.770421E-08  1.917930E-04 -1.990167E-02  2.038933E-08  2.039435E-08
  7.141000E+03  6.172195E-07  1.060801E-04  6.834731E-07  1.922130E-04 -1.342936E-02  2.038814E-08  2.039058E-08
  7.142000E+03  3.611305E-07  1.065148E-04 -1.549229E-06  1.914400E-04 -1.384534E-02  2.038925E-08  2.039334E-08
  7.143000E+03 -6.396767E-07  1.062315E-04 -1.783755E-07  1.919720E-04 -1.995948E-02  2.038941E-08  2.039423E-08
  7.144000E+03  5.091581E-07  1.061418E-04  8.497610E-07  1.921058E-04 -1.191025E-02  2.038900E-08  2.039109E-08
  7.145000E+03  4.970483E-07  1.065413E-04 -1.448375E-06  1.913998E-04 -1.568151E-02  2.038948E-08  2.039426E-08
  7.146000E+03 -6.478432E-07  1.061361E-04 -4.445049E-07  1.921374E-04 -1.921648E-02  2.038895E-08  2.039334E-08
  7.147000E+03  3.838267E-07  1.062351E-04  9.734011E-07  1.919432E-04 -1.093932E-02  2.038987E-08  2.039189E-08
  7.148000E+03  6.198658E-07  1.065282E-04 -1.301610E-06  1.914384E-04 -1.760946E-02  2.039043E-08  2.039580E-08
  7.149000E+03 -6.292059E-07  1.060660E-04 -7.072431E-07  1.922645E-04 -1.780487E-02  2.038951E-08  2.039333E-08
  7.150000E+03  2.448241E-07  1.063441E-04  1.054877E-06  1.917594E-04 -1.075242E-02  2.039131E-08  2.039355E-08
  7.151000E+03  7.240512E-07  1.064766E-04 -1.111433E-06  1.915534E-04 -1.925882E-02  2.039217E-08  2.039791E-08
  7.152000E+03 -5.803419E-07  1.060349E-04 -9.584023E-07  1.923270E-04 -1.598003E-02  2.039077E-08  2.039400E-08
  7.153000E+03  9.530197E-08  1.064438E-04  1.084616E-06  1.915890E-04 -1.141461E-02  2.039214E-08  2.039484E-08
  7.154000E+03  8.036532E-07  1.063894E-04 -8.790849E-07  1.917169E-04 -2.030734E-02  2.039244E-08  2.039826E-08
  7.155000E+03 -4.991179E-07  1.060433E-04 -1.187850E-06  1.923054E-04 -1.403355E-02  2.039070E-08  2.039339E-08
  7.156000E+03 -5.804839E-08  1.065155E-04  1.052604E-06  1.914541E-04 -1.278239E-02  2.039117E-08  2.039449E-08
  7.157000E+03  8.555646E-07  1.062810E-04 -6.153528E-07  1.918964E-04 -2.058679E-02  2.039061E-08  2.039619E-08
  7.158000E+03 -3.889975E-07  1.060911E-04 -1.386378E-06  1.922037E-04 -1.227360E-02  2.038956E-08  2.039189E-08
  7.159000E+03 -2.089611E-07  1.065542E-04  9.604423E-07  1.913773E-04 -1.462552E-02  2.038988E-08  2.039388E-08
  7.160000E+03  8.777676E-07  1.061746E-04 -3.311013E-07  1.920721E-04 -2.008259E-02  2.038906E-08  2.039416E-08
  7.161000E+03 -2.561899E-07  1.061725E-04 -1.544619E-06  1.920476E-04 -1.101409E-02  2.038894E-08  2.039116E-08
  7.162000E+03 -3.489768E-07  1.065566E-04  8.133688E-07  1.913762E-04 -1.662681E-02  2.038959E-08  2.039424E-08
  7.163000E+03  8.672667E-07  1.060879E-04 -4.076599E-08  1.922204E-04 -1.889489E-02  2.038862E-08  2.039307E-08
  7.164000E+03 -1.079468E-07  1.062740E-04 -1.650351E-06  1.918631E-04 -1.046372E-02  2.038893E-08  2.039132E-08
  7.165000E+03 -4.690350E-07  1.065190E-04  6.182040E-07  1.914502E-04 -1.847779E-02  2.038961E-08  2.039476E-08
  7.166000E+03  8.230934E-07  1.060317E-04  2.382752E-07  1.923138E-04 -1.718907E-02  2.038835E-08  2.039206E-08
  7.167000E+03  4.925067E-08  1.063797E-04 -1.696082E-06  1.916723E-04 -1.071062E-02  2.038887E-08  2.039167E-08
  7.168000E+03 -5.630575E-07  1.064439E-04  3.827704E-07  1.915870E-04 -1.991370E-02  2.038923E-08  2.039464E-08
  7.169000E+03  7.452422E-07  1.060142E-04  4.938138E-07  1.923361E-04 -1.517010E-02  2.038801E-08  2.039098E-08
  7.170000E+03  2.105450E-07  1.064758E-04 -1.677644E-06  1.915009E-04 -1.173401E-02  2.038880E-08  2.039222E-08
  7.171000E+03 -6.260662E-07  1.063423E-04  1.125701E-07  1.917707E-04 -2.071637E-02  2.038897E-08  2.039439E-08
  7.172000E+03  6.378000E-07  1.060403E-04  7.123495E-07  1.922841E-04 -1.312429E-02  2.038811E-08  2.039045E-08
  7.173000E+03  3.667489E-07  1.065483E-04 -1.595391E-06  1.913765E-04 -1.341582E-02  2.038901E-08  2.039318E-08
  7.174000E+03 -6.547032E-07  1.062287E-04 -1.768089E-07  1.919767E-04 -2.074612E-02  2.038905E-08  2.039421E-08
  7.175000E+03  5.083041E-07  1.061091E-04  8.806864E-07  1.921607E-04 -1.138332E-02  2.038867E-08  2.039060E-08
  7.176000E+03  5.075153E-07  1.065820E-04 -1.455614E-06  1.913259E-04 -1.550671E-02  2.038945E-08  2.039438E-08
  7.177000E+03 -6.479287E-07  1.061220E-04 -4.654645E-07  1.921687E-04 -1.993791E-02  2.038927E-08  2.039393E-08
  7.178000E+03  3.663370E-07  1.062112E-04  9.885364E-07  1.919804E-04 -1.028950E-02  2.038938E-08  2.039121E-08
  7.179000E+03  6.248607E-07  1.065683E-04 -1.270739E-06  1.913633E-04 -1.766723E-02  2.039007E-08  2.039563E-08
  7.180000E+03 -6.076499E-07  1.060404E-04 -7.357227E-07  1.923127E-04 -1.837478E-02  2.038947E-08  2.039346E-08
  7.181000E+03  2.190717E-07  1.063309E-04  1.033595E-06  1.917700E-04 -1.006565E-02  2.039004E-08  2.039208E-08
  7.182000E+03  7.143885E-07  1.065067E-04 -1.051419E-06  1.914844E-04 -1.955811E-02  2.039047E-08  2.039643E-08
  7.183000E+03 -5.368711E-07  1.059973E-04 -9.761784E-07  1.923843E-04 -1.625905E-02  2.038952E-08  2.039277E-08
  7.184000E+03  7.130338E-08  1.064478E-04  1.017797E-06  1.915632E-04 -1.075888E-02  2.039029E-08  2.039284E-08
  7.185000E+03  7.733221E-07  1.064061E-04 -8.049110E-07  1.916696E-04 -2.085223E-02  2.039037E-08  2.039642E-08
  7.186000E+03 -4.398847E-07  1.060033E-04 -1.177580E-06  1.923668E-04 -1.394654E-02  2.038953E-08  2.039211E-08
  7.187000E+03 -7.186984E-08  1.065401E-04  9.454049E-07  1.913986E-04 -1.230095E-02  2.039009E-08  2.039335E-08
  7.188000E+03  8.006205E-07  1.062826E-04 -5.405710E-07  1.918892E-04 -2.126618E-02  2.038987E-08  2.039565E-08
  7.189000E+03 -3.226146E-07  1.060615E-04 -1.332767E-06  1.922548E-04 -1.188336E-02  2.038939E-08  2.039151E-08
  7.190000E+03 -2.035744E-07  1.065889E-04  8.224422E-07  1.913131E-04 -1.444901E-02  2.038972E-08  2.039377E-08
  7.191000E+03  7.980704E-07  1.061595E-04 -2.737387E-07  1.921030E-04 -2.066484E-02  2.038920E-08  2.039438E-08
  7.192000E+03 -1.921327E-07  1.061620E-04 -1.439279E-06  1.920671E-04 -1.047644E-02  2.038910E-08  2.039107E-08
  7.193000E+03 -3.182028E-07  1.065870E-04  6.583214E-07  1.913260E-04 -1.678289E-02  2.038999E-08  2.039475E-08
  7.194000E+03  7.684433E-07  1.060626E-04 -1.805360E-08  1.922722E-04 -1.918522E-02  2.038913E-08  2.039351E-08
  7.195000E+03 -5.408550E-08  1.062838E-04 -1.497855E-06  1.918471E-04 -9.973554E-03  2.038922E-08  2.039139E-08
  7.196000E+03 -4.097897E-07  1.065356E-04  4.592851E-07  1.914285E-04 -1.888376E-02  2.039031E-08  2.039558E-08
  7.197000E+03  7.118020E-07  1.060072E-04  2.144441E-07  1.923663E-04 -1.712757E-02  2.038921E-08  2.039272E-08
  7.198000E+03  8.545364E-08  1.064022E-04 -1.503424E-06  1.916339E-04 -1.042875E-02  2.038916E-08  2.039181E-08
  7.199000E+03 -4.742427E-07  1.064411E-04  2.340358E-07  1.915962E-04 -2.037972E-02  2.038948E-08  2.039496E-08
  7.200000E+03  6.297306E-07  1.060001E-04  4.141755E-07  1.923660E-04 -1.483307E-02  2.038856E-08  2.039125E-08
  7.201000E+03  2.208146E-07  1.064986E-04 -1.454319E-06  1.914589E-04 -1.174558E-02  2.038870E-08  2.039203E-08
  7.202000E+03 -5.107021E-07  1.063222E-04 -6.768261E-09  1.918023E-04 -2.102173E-02  2.038835E-08  2.039372E-08
  7.203000E+03  5.268965E-07  1.060444E-04  5.754199E-07  1.922751E-04 -1.271081E-02  2.038806E-08  2.039013E-08
  7.204000E+03  3.452218E-07  1.065600E-04 -1.354121E-06  1.913555E-04 -1.369486E-02  2.038893E-08  2.039303E-08
  7.205000E+03 -5.175387E-07  1.062043E-04 -2.509060E-07  1.920144E-04 -2.072846E-02  2.038839E-08  2.039335E-08
  7.206000E+03  4.094846E-07  1.061297E-04  6.896117E-07  1.921192E-04 -1.114905E-02  2.038828E-08  2.039003E-08
  7.207000E+03  4.513557E-07  1.065774E-04 -1.208995E-06  1.913384E-04 -1.589580E-02  2.038978E-08  2.039458E-08
  7.208000E+03 -4.926003E-07  1.061062E-04 -4.855106E-07  1.921944E-04 -1.961292E-02  2.038909E-08  2.039344E-08
  7.209000E+03  2.843890E-07  1.062359E-04  7.465280E-07  1.919296E-04 -1.035134E-02  2.038872E-08  2.039045E-08
  7.210000E+03  5.337303E-07  1.065472E-04 -1.028103E-06  1.913996E-04 -1.797140E-02  2.038979E-08  2.039511E-08
  7.211000E+03 -4.365504E-07  1.060398E-04 -6.989907E-07  1.923108E-04 -1.787887E-02  2.038934E-08  2.039297E-08
  7.212000E+03  1.557291E-07  1.063475E-04  7.439777E-07  1.917313E-04 -1.040363E-02  2.038904E-08  2.039105E-08
  7.213000E+03  5.897212E-07  1.064762E-04 -8.174744E-07  1.915298E-04 -1.960588E-02  2.038944E-08  2.039503E-08
  7.214000E+03 -3.535210E-07  1.060158E-04 -8.825378E-07  1.923485E-04 -1.581929E-02  2.038942E-08  2.039235E-08
  7.215000E+03  2.970072E-08  1.064502E-04  6.849627E-07  1.915549E-04 -1.129339E-02  2.038975E-08  2.039227E-08
  7.216000E+03  6.167249E-07  1.063779E-04 -5.873335E-07  1.917134E-04 -2.055600E-02  2.038976E-08  2.039531E-08
  7.217000E+03 -2.515595E-07  1.060373E-04 -1.024035E-06  1.923054E-04 -1.377787E-02  2.038960E-08  2.039195E-08
  7.218000E+03 -8.406452E-08  1.065263E-04  5.774131E-07  1.914292E-04 -1.285958E-02  2.039055E-08  2.039374E-08
  7.219000E+03  6.142532E-07  1.062679E-04 -3.566162E-07  1.919160E-04 -2.069417E-02  2.039015E-08  2.039536E-08
  7.220000E+03 -1.393281E-07  1.060961E-04 -1.115091E-06  1.921912E-04 -1.206847E-02  2.038926E-08  2.039124E-08
  7.221000E+03 -1.778242E-07  1.065614E-04  4.321106E-07  1.913689E-04 -1.481001E-02  2.039031E-08  2.039418E-08
  7.222000E+03  5.843532E-07  1.061633E-04 -1.426316E-07  1.920978E-04 -2.002713E-02  2.038965E-08  2.039429E-08
  7.223000E+03 -2.460824E-08  1.061835E-04 -1.153160E-06  1.920250E-04 -1.093786E-02  2.038866E-08  2.039054E-08
  7.224000E+03 -2.463797E-07  1.065514E-04  2.602438E-07  1.913837E-04 -1.683873E-02  2.038931E-08  2.039378E-08
  7.225000E+03  5.301019E-07  1.060813E-04  4.154134E-08  1.922330E-04 -1.865622E-02  2.038878E-08  2.039269E-08
  7.226000E+03  8.686704E-08  1.062894E-04 -1.139521E-06  1.918309E-04 -1.058726E-02  2.038845E-08  2.039051E-08
  7.227000E+03 -2.884545E-07  1.064989E-04  7.224067E-08  1.914793E-04 -1.863013E-02  2.038879E-08  2.039368E-08
  7.228000E+03  4.556372E-07  1.060373E-04  1.897975E-07  1.923039E-04 -1.677554E-02  2.038851E-08  2.039164E-08
  7.229000E+03  1.904532E-07  1.063964E-04 -1.078515E-06  1.916429E-04 -1.109529E-02  2.038885E-08  2.039135E-08
  7.230000E+03 -3.046795E-07  1.064136E-04 -1.220262E-07  1.916403E-04 -1.987485E-02  2.038911E-08  2.039415E-08
  7.231000E+03  3.691051E-07  1.060383E-04  2.964348E-07  1.922981E-04 -1.473290E-02  2.038876E-08  2.039119E-08
  7.232000E+03  2.790727E-07  1.064834E-04 -9.804556E-07  1.914948E-04 -1.235760E-02  2.038946E-08  2.039258E-08
  7.233000E+03 -2.963903E-07  1.063101E-04 -3.071925E-07  1.918327E-04 -2.036622E-02  2.038953E-08  2.039445E-08
  7.234000E+03  2.785325E-07  1.060828E-04  3.572696E-07  1.922155E-04 -1.289762E-02  2.038907E-08  2.039099E-08
  7.235000E+03  3.472258E-07  1.065340E-04 -8.567666E-07  1.914118E-04 -1.413467E-02  2.038983E-08  2.039362E-08
  7.236000E+03 -2.658106E-07  1.062058E-04 -4.703042E-07  1.920212E-04 -2.000565E-02  2.038968E-08  2.039421E-08
  7.237000E+03  1.883494E-07  1.061635E-04  3.729800E-07  1.920690E-04 -1.158613E-02  2.038935E-08  2.039104E-08
  7.238000E+03  3.934615E-07  1.065412E-04 -7.151085E-07  1.914093E-04 -1.611119E-02  2.039034E-08  2.039472E-08
  7.239000E+03 -2.166705E-07  1.061206E-04 -6.052542E-07  1.921747E-04 -1.887070E-02  2.039007E-08  2.039401E-08
  7.240000E+03  1.009369E-07  1.062662E-04  3.490243E-07  1.918884E-04 -1.102314E-02  2.039001E-08  2.039178E-08
  7.241000E+03  4.183172E-07  1.065045E-04 -5.607253E-07  1.914867E-04 -1.795113E-02  2.039090E-08  2.039571E-08
  7.242000E+03 -1.531377E-07  1.060693E-04 -7.095566E-07  1.922667E-04 -1.718028E-02  2.039058E-08  2.039384E-08
  7.243000E+03  2.130897E-08  1.063686E-04  2.894874E-07  1.917072E-04 -1.129721E-02  2.039033E-08  2.039244E-08
  7.244000E+03  4.212341E-07  1.064299E-04 -4.032146E-07  1.916239E-04 -1.929796E-02  2.039071E-08  2.039569E-08
  7.245000E+03 -7.741852E-08  1.060584E-04 -7.802011E-07  1.922762E-04 -1.528503E-02  2.039014E-08  2.039278E-08
  7.246000E+03 -4.633186E-08  1.064510E-04  1.952069E-07  1.915592E-04 -1.228936E-02  2.039013E-08  2.039277E-08
  7.247000E+03  4.039602E-07  1.063346E-04 -2.525164E-07  1.917898E-04 -1.993015E-02  2.038984E-08  2.039471E-08
  7.248000E+03  6.796391E-09  1.060885E-04 -8.175424E-07  1.922092E-04 -1.354425E-02  2.038932E-08  2.039150E-08
  7.249000E+03 -9.931220E-08  1.065031E-04  7.131184E-08  1.914685E-04 -1.378950E-02  2.039006E-08  2.039331E-08
  7.250000E+03  3.693328E-07  1.062379E-04 -1.164302E-07  1.919595E-04 -1.978061E-02  2.038938E-08  2.039389E-08
  7.251000E+03  9.117616E-08  1.061546E-04 -8.201541E-07  1.920847E-04 -1.224266E-02  2.038914E-08  2.039110E-08
  7.252000E+03 -1.335095E-07  1.065177E-04 -6.898474E-08  1.914504E-04 -1.554665E-02  2.039039E-08  2.039422E-08
  7.253000E+03  3.180979E-07  1.061570E-04 -3.878184E-09  1.921059E-04 -1.888763E-02  2.038974E-08  2.039370E-08
  7.254000E+03  1.689597E-07  1.062415E-04 -7.837508E-07  1.919266E-04 -1.160594E-02  2.038919E-08  2.039118E-08
  7.255000E+03 -1.471106E-07  1.064904E-04 -2.136482E-07  1.915030E-04 -1.722683E-02  2.039020E-08  2.039449E-08
  7.256000E+03  2.509811E-07  1.061054E-04  8.087531E-08  1.921963E-04 -1.744705E-02  2.038997E-08  2.039327E-08
  7.257000E+03  2.375833E-07  1.063299E-04 -7.075971E-07  1.917668E-04 -1.170240E-02  2.038915E-08  2.039140E-08
  7.258000E+03 -1.396829E-07  1.064302E-04 -3.578970E-07  1.916098E-04 -1.849788E-02  2.038959E-08  2.039412E-08
  7.259000E+03  1.723528E-07  1.060900E-04  1.332221E-07  1.922170E-04 -1.580616E-02  2.038975E-08  2.039245E-08
  7.260000E+03  2.929226E-07  1.064060E-04 -5.969462E-07  1.916347E-04 -1.243541E-02  2.038950E-08  2.039217E-08
  7.261000E+03 -1.109774E-07  1.063521E-04 -4.936568E-07  1.917507E-04 -1.917311E-02  2.038935E-08  2.039389E-08
  7.262000E+03  9.187195E-08  1.061104E-04  1.443978E-07  1.921726E-04 -1.428161E-02  2.038943E-08  2.039168E-08
  7.263000E+03  3.282643E-07  1.064587E-04 -4.654633E-07  1.915484E-04 -1.364951E-02  2.039008E-08  2.039326E-08
  7.264000E+03 -6.181080E-08  1.062695E-04 -6.067388E-07  1.919022E-04 -1.917319E-02  2.038961E-08  2.039394E-08
  7.265000E+03  1.584293E-08  1.061614E-04  1.106494E-07  1.920756E-04 -1.309036E-02  2.038927E-08  2.039127E-08
  7.266000E+03  3.411710E-07  1.064788E-04 -3.237314E-07  1.915182E-04 -1.514408E-02  2.039030E-08  2.039396E-08
  7.267000E+03  4.087459E-09  1.061955E-04 -6.890546E-07  1.920363E-04 -1.852437E-02  2.038989E-08  2.039382E-08
  7.268000E+03 -5.056558E-08  1.062327E-04  3.504903E-08  1.919441E-04 -1.239888E-02  2.038917E-08  2.039114E-08
  7.269000E+03  3.308557E-07  1.064635E-04 -1.814629E-07  1.915469E-04 -1.664963E-02  2.038992E-08  2.039398E-08
  7.270000E+03  8.020086E-08  1.061441E-04 -7.334472E-07  1.921261E-04 -1.738580E-02  2.038997E-08  2.039341E-08
  7.271000E+03 -1.012102E-07  1.063100E-04 -7.456505E-08  1.918053E-04 -1.231934E-02  2.038928E-08  2.039144E-08
  7.272000E+03  2.972670E-07  1.064180E-04 -5.095887E-08  1.916295E-04 -1.784848E-02  2.038958E-08  2.039385E-08
  7.273000E+03  1.596218E-07  1.061230E-04 -7.339034E-07  1.921584E-04 -1.600288E-02  2.038982E-08  2.039277E-08
  7.274000E+03 -1.313410E-07  1.063812E-04 -2.083764E-07  1.916837E-04 -1.281918E-02  2.038985E-08  2.039239E-08
  7.275000E+03  2.430725E-07  1.063529E-04  5.595385E-08  1.917500E-04 -1.856488E-02  2.038966E-08  2.039395E-08
  7.276000E+03  2.346472E-07  1.061338E-04 -6.891934E-07  1.921340E-04 -1.462203E-02  2.038973E-08  2.039228E-08
  7.277000E+03 -1.391168E-07  1.064340E-04 -3.524815E-07  1.915967E-04 -1.380353E-02  2.039046E-08  2.039347E-08
  7.278000E+03  1.755200E-07  1.062796E-04  1.293749E-07  1.918850E-04 -1.870936E-02  2.038990E-08  2.039401E-08
  7.279000E+03  2.983139E-07  1.061750E-04 -6.079231E-07  1.920581E-04 -1.347075E-02  2.038992E-08  2.039222E-08
  7.280000E+03 -1.254436E-07  1.064582E-04 -4.921134E-07  1.915600E-04 -1.511067E-02  2.039080E-08  2.039431E-08
  7.281000E+03  1.005261E-07  1.062122E-04  1.660622E-07  1.920097E-04 -1.823208E-02  2.039039E-08  2.039413E-08
  7.282000E+03  3.475214E-07  1.062383E-04 -4.993291E-07  1.919451E-04 -1.277497E-02  2.039025E-08  2.039250E-08
  7.283000E+03 -9.318994E-08  1.064489E-04 -6.185874E-07  1.915830E-04 -1.645531E-02  2.039103E-08  2.039496E-08
  7.284000E+03  2.507003E-08  1.061642E-04  1.658090E-07  1.920972E-04 -1.725350E-02  2.039082E-08  2.039410E-08
  7.285000E+03  3.803272E-07  1.063098E-04 -3.757734E-07  1.918197E-04 -1.265494E-02  2.039068E-08  2.039308E-08
  7.286000E+03 -4.642593E-08  1.064103E-04 -7.245182E-07  1.916581E-04 -1.756063E-02  2.039126E-08  2.039546E-08
  7.287000E+03 -4.446717E-08  1.061442E-04  1.313342E-07  1.921326E-04 -1.600346E-02  2.039116E-08  2.039398E-08
  7.288000E+03  3.944950E-07  1.063754E-04 -2.481652E-07  1.917070E-04 -1.310945E-02  2.039116E-08  2.039387E-08
  7.289000E+03  1.200061E-08  1.063499E-04 -8.029754E-07  1.917693E-04 -1.822455E-02  2.039126E-08  2.039552E-08
  7.290000E+03 -1.049026E-07  1.061542E-04  6.563732E-08  1.921084E-04 -1.473692E-02  2.039090E-08  2.039335E-08
  7.291000E+03  3.875234E-07  1.064215E-04 -1.207601E-07  1.916266E-04 -1.403199E-02  2.039118E-08  2.039428E-08
  7.292000E+03  7.943277E-08  1.062799E-04 -8.466594E-07  1.918905E-04 -1.833780E-02  2.039068E-08  2.039480E-08
  7.293000E+03 -1.549078E-07  1.061919E-04 -2.707953E-08  1.920313E-04 -1.369633E-02  2.039026E-08  2.039250E-08
  7.294000E+03  3.616352E-07  1.064383E-04  1.870706E-09  1.915944E-04 -1.523865E-02  2.039061E-08  2.039412E-08
  7.295000E+03  1.496596E-07  1.062163E-04 -8.547232E-07  1.919970E-04 -1.786502E-02  2.038995E-08  2.039378E-08
  7.296000E+03 -1.922764E-07  1.062492E-04 -1.362235E-07  1.919195E-04 -1.310756E-02  2.038955E-08  2.039177E-08
  7.297000E+03  3.190141E-07  1.064241E-04  1.134257E-07  1.916186E-04 -1.644468E-02  2.039007E-08  2.039390E-08
  7.298000E+03  2.208306E-07  1.061732E-04 -8.299712E-07  1.920664E-04 -1.694424E-02  2.038937E-08  2.039279E-08
  7.299000E+03 -2.137305E-07  1.063121E-04 -2.608807E-07  1.918007E-04 -1.307390E-02  2.038900E-08  2.039142E-08
  7.300000E+03  2.603789E-07  1.063849E-04  2.067025E-07  1.916884E-04 -1.740031E-02  2.038967E-08  2.039366E-08
  7.301000E+03  2.934777E-07  1.061563E-04 -7.743029E-07  1.920905E-04 -1.578994E-02  2.038907E-08  2.039209E-08
  7.302000E+03 -2.180583E-07  1.063701E-04 -4.031569E-07  1.916977E-04 -1.353385E-02  2.038903E-08  2.039179E-08
  7.303000E+03  1.889702E-07  1.063293E-04  2.764943E-07  1.917889E-04 -1.797054E-02  2.038950E-08  2.039349E-08
  7.304000E+03  3.632849E-07  1.061681E-04 -6.905376E-07  1.920676E-04 -1.462082E-02  2.038927E-08  2.039196E-08
  7.305000E+03 -2.047606E-07  1.064120E-04 -5.548064E-07  1.916300E-04 -1.438002E-02  2.038961E-08  2.039278E-08
  7.306000E+03  1.094794E-07  1.062699E-04  3.177837E-07  1.919001E-04 -1.804310E-02  2.038990E-08  2.039373E-08
  7.307000E+03  4.223582E-07  1.062071E-04 -5.813481E-07  1.920014E-04 -1.371345E-02  2.038999E-08  2.039250E-08
  7.308000E+03 -1.726278E-07  1.064279E-04 -7.010017E-07  1.916131E-04 -1.545133E-02  2.039054E-08  2.039412E-08
  7.309000E+03  2.345068E-08  1.062172E-04  3.268188E-07  1.919987E-04 -1.758610E-02  2.039040E-08  2.039393E-08
  7.310000E+03  4.670402E-07  1.062629E-04 -4.467087E-07  1.919034E-04 -1.324441E-02  2.039042E-08  2.039293E-08
  7.311000E+03 -1.221045E-07  1.064141E-04 -8.340130E-07  1.916447E-04 -1.653796E-02  2.039091E-08  2.039483E-08
  7.312000E+03 -6.618289E-08  1.061792E-04  3.019840E-07  1.920644E-04 -1.669242E-02  2.039040E-08  2.039354E-08
  7.313000E+03  4.938476E-07  1.063226E-04 -2.895323E-07  1.917926E-04 -1.326329E-02  2.039010E-08  2.039277E-08
  7.314000E+03 -5.359217E-08  1.063750E-04 -9.464975E-07  1.917142E-04 -1.741944E-02  2.039050E-08  2.039463E-08
  7.315000E+03 -1.515743E-07  1.061647E-04  2.373720E-07  1.920833E-04 -1.558617E-02  2.039000E-08  2.039275E-08
  7.316000E+03  4.960593E-07  1.063745E-04 -1.198371E-07  1.916958E-04 -1.374204E-02  2.038962E-08  2.039258E-08
  7.317000E+03  3.049081E-08  1.063210E-04 -1.022881E-06  1.918092E-04 -1.789296E-02  2.039009E-08  2.039426E-08
  7.318000E+03 -2.252397E-07  1.061786E-04  1.314397E-07  1.920535E-04 -1.452448E-02  2.038982E-08  2.039229E-08
  7.319000E+03  4.713396E-07  1.064091E-04  4.933750E-08  1.916364E-04 -1.457972E-02  2.038969E-08  2.039298E-08
  7.320000E+03  1.247790E-07  1.062620E-04 -1.053879E-06  1.919129E-04 -1.786763E-02  2.038979E-08  2.039383E-08
  7.321000E+03 -2.805673E-07  1.062178E-04 -1.068854E-08  1.919802E-04 -1.370430E-02  2.038980E-08  2.039215E-08
  7.322000E+03  4.217126E-07  1.064197E-04  2.029737E-07  1.916231E-04 -1.564337E-02  2.038997E-08  2.039359E-08
  7.323000E+03  2.214864E-07  1.062094E-04 -1.036897E-06  1.920047E-04 -1.735226E-02  2.038963E-08  2.039338E-08
  7.324000E+03 -3.126311E-07  1.062733E-04 -1.775821E-07  1.918780E-04 -1.328650E-02  2.038972E-08  2.039211E-08
  7.325000E+03  3.513514E-07  1.064040E-04  3.276025E-07  1.916567E-04 -1.670869E-02  2.039019E-08  2.039407E-08
  7.326000E+03  3.132837E-07  1.061748E-04 -9.740507E-07  1.920663E-04 -1.644121E-02  2.038985E-08  2.039321E-08
  7.327000E+03 -3.199362E-07  1.063340E-04 -3.557917E-07  1.917700E-04 -1.335316E-02  2.038985E-08  2.039247E-08
  7.328000E+03  2.656083E-07  1.063652E-04  4.156408E-07  1.917318E-04 -1.754832E-02  2.039045E-08  2.039446E-08
  7.329000E+03  3.930445E-07  1.061650E-04 -8.699975E-07  1.920843E-04 -1.533171E-02  2.039022E-08  2.039321E-08
  7.330000E+03 -3.021368E-07  1.063882E-04 -5.312938E-07  1.916790E-04 -1.386939E-02  2.039043E-08  2.039340E-08
  7.331000E+03  1.712799E-07  1.063108E-04  4.605790E-07  1.918342E-04 -1.800080E-02  2.039074E-08  2.039471E-08
  7.332000E+03  4.548265E-07  1.061831E-04 -7.333106E-07  1.920538E-04 -1.424700E-02  2.039080E-08  2.039348E-08
  7.333000E+03 -2.608589E-07  1.064247E-04 -6.907563E-07  1.916229E-04 -1.476876E-02  2.039119E-08  2.039457E-08
  7.334000E+03  7.318705E-08  1.062514E-04  4.615595E-07  1.919448E-04 -1.794749E-02  2.039112E-08  2.039489E-08
  7.335000E+03  4.966850E-07  1.062264E-04 -5.720134E-07  1.919775E-04 -1.343382E-02  2.039123E-08  2.039376E-08
  7.336000E+03 -1.999197E-07  1.064345E-04 -8.270055E-07  1.916136E-04 -1.589032E-02  2.039172E-08  2.039551E-08
  7.337000E+03 -2.164249E-08  1.061979E-04  4.202403E-07  1.920401E-04 -1.737791E-02  2.039118E-08  2.039461E-08
  7.338000E+03  5.183132E-07  1.062842E-04 -3.999650E-07  1.918701E-04 -1.304285E-02  2.039102E-08  2.039356E-08
  7.339000E+03 -1.279024E-07  1.064151E-04 -9.320816E-07  1.916500E-04 -1.699849E-02  2.039151E-08  2.039563E-08
  7.340000E+03 -1.032051E-07  1.061606E-04  3.453095E-07  1.921013E-04 -1.639236E-02  2.039086E-08  2.039388E-08
  7.341000E+03  5.199666E-07  1.063457E-04 -2.374857E-07  1.917535E-04 -1.313475E-02  2.039040E-08  2.039313E-08
  7.342000E+03 -4.982879E-08  1.063705E-04 -1.002202E-06  1.917278E-04 -1.785690E-02  2.039094E-08  2.039524E-08
  7.343000E+03 -1.689863E-07  1.061506E-04  2.447071E-07  1.921122E-04 -1.522047E-02  2.039046E-08  2.039308E-08
  7.344000E+03  5.009550E-07  1.064004E-04 -8.903748E-08  1.916558E-04 -1.371819E-02  2.039033E-08  2.039337E-08
  7.345000E+03  3.356203E-08  1.063108E-04 -1.035346E-06  1.918351E-04 -1.829026E-02  2.039073E-08  2.039502E-08
  7.346000E+03 -2.201147E-07  1.061707E-04  1.208835E-07  1.920728E-04 -1.409415E-02  2.039048E-08  2.039281E-08
  7.347000E+03  4.625150E-07  1.064376E-04  4.658935E-08  1.915956E-04 -1.470706E-02  2.039077E-08  2.039419E-08
  7.348000E+03  1.185453E-07  1.062457E-04 -1.030813E-06  1.919529E-04 -1.820063E-02  2.039080E-08  2.039489E-08
  7.349000E+03 -2.559319E-07  1.062156E-04 -1.923983E-08  1.919889E-04 -1.321625E-02  2.039044E-08  2.039263E-08
  7.350000E+03  4.084733E-07  1.064477E-04  1.647977E-07  1.915835E-04 -1.589881E-02  2.039104E-08  2.039483E-08
  7.351000E+03  1.997054E-07  1.061889E-04 -9.916586E-07  1.920534E-04 -1.759680E-02  2.039079E-08  2.039454E-08
  7.352000E+03 -2.738466E-07  1.062755E-04 -1.669976E-07  1.918770E-04 -1.278438E-02  2.039016E-08  2.039241E-08
  7.353000E+03  3.424545E-07  1.064278E-04  2.572797E-07  1.916216E-04 -1.704028E-02  2.039091E-08  2.039497E-08
  7.354000E+03  2.750955E-07  1.061519E-04 -9.235004E-07  1.921158E-04 -1.658487E-02  2.039067E-08  2.039399E-08
  7.355000E+03 -2.750335E-07  1.063416E-04 -3.174730E-07  1.917577E-04 -1.289329E-02  2.039012E-08  2.039261E-08
  7.356000E+03  2.667797E-07  1.063807E-04  3.244100E-07  1.917065E-04 -1.794377E-02  2.039059E-08  2.039478E-08
  7.357000E+03  3.438764E-07  1.061405E-04 -8.302846E-07  1.921288E-04 -1.533284E-02  2.039025E-08  2.039315E-08
  7.358000E+03 -2.590909E-07  1.064013E-04 -4.693229E-07  1.916516E-04 -1.351187E-02  2.039011E-08  2.039299E-08
  7.359000E+03  1.832973E-07  1.063169E-04  3.637998E-07  1.918210E-04 -1.844075E-02  2.039035E-08  2.039448E-08
  7.360000E+03  4.011074E-07  1.061584E-04 -7.114981E-07  1.920912E-04 -1.409681E-02  2.039006E-08  2.039260E-08
  7.361000E+03 -2.237913E-07  1.064429E-04 -6.145256E-07  1.915817E-04 -1.453215E-02  2.039036E-08  2.039371E-08
  7.362000E+03  9.466539E-08  1.062487E-04  3.686987E-07  1.919457E-04 -1.839802E-02  2.039053E-08  2.039445E-08
  7.363000E+03  4.426197E-07  1.062040E-04 -5.689158E-07  1.920077E-04 -1.313568E-02  2.039022E-08  2.039258E-08
  7.364000E+03 -1.706704E-07  1.064556E-04 -7.433904E-07  1.915641E-04 -1.578864E-02  2.039054E-08  2.039435E-08
  7.365000E+03  5.539628E-09  1.061876E-04  3.382097E-07  1.920554E-04 -1.777768E-02  2.039067E-08  2.039420E-08
  7.366000E+03  4.662043E-07  1.062689E-04 -4.100025E-07  1.918890E-04 -1.264870E-02  2.039020E-08  2.039256E-08
  7.367000E+03 -1.027050E-07  1.064351E-04 -8.489309E-07  1.916029E-04 -1.705103E-02  2.039031E-08  2.039449E-08
  7.368000E+03 -7.663019E-08  1.061448E-04  2.719406E-07  1.921258E-04 -1.668809E-02  2.039030E-08  2.039337E-08
  7.369000E+03  4.675964E-07  1.063397E-04 -2.460795E-07  1.917582E-04 -1.272000E-02  2.038986E-08  2.039241E-08
  7.370000E+03 -2.219441E-08  1.063869E-04 -9.206109E-07  1.916902E-04 -1.805031E-02  2.038999E-08  2.039438E-08
  7.371000E+03 -1.461609E-07  1.061312E-04  1.696491E-07  1.921434E-04 -1.536529E-02  2.039000E-08  2.039262E-08
  7.372000E+03  4.451625E-07  1.064043E-04 -8.716900E-08  1.916456E-04 -1.333441E-02  2.039010E-08  2.039300E-08
  7.373000E+03  6.613139E-08  1.063229E-04 -9.511006E-07  1.918114E-04 -1.859311E-02  2.039042E-08  2.039481E-08
  7.374000E+03 -1.975324E-07  1.061500E-04  3.611702E-08  1.921095E-04 -1.408033E-02  2.039039E-08  2.039267E-08
  7.375000E+03  3.999994E-07  1.064502E-04  5.469839E-08  1.915739E-04 -1.437884E-02  2.039097E-08  2.039429E-08
  7.376000E+03  1.535709E-07  1.062546E-04 -9.351596E-07  1.919425E-04 -1.858580E-02  2.039126E-08  2.039547E-08
  7.377000E+03 -2.246664E-07  1.061961E-04 -1.163710E-07  1.920305E-04 -1.306478E-02  2.039116E-08  2.039325E-08
  7.378000E+03  3.360425E-07  1.064670E-04  1.639419E-07  1.915539E-04 -1.565678E-02  2.039167E-08  2.039540E-08
  7.379000E+03  2.335492E-07  1.061920E-04 -8.750702E-07  1.920575E-04 -1.801256E-02  2.039166E-08  2.039551E-08
  7.380000E+03 -2.258163E-07  1.062611E-04 -2.760976E-07  1.919143E-04 -1.251262E-02  2.039143E-08  2.039355E-08
  7.381000E+03  2.580583E-07  1.064512E-04  2.329735E-07  1.915880E-04 -1.694943E-02  2.039186E-08  2.039592E-08
  7.382000E+03  2.996841E-07  1.061466E-04 -7.749498E-07  1.921362E-04 -1.696118E-02  2.039167E-08  2.039505E-08
  7.383000E+03 -2.026519E-07  1.063331E-04 -4.288094E-07  1.917835E-04 -1.251561E-02  2.039134E-08  2.039368E-08
  7.384000E+03  1.758516E-07  1.064070E-04  2.567601E-07  1.916700E-04 -1.801936E-02  2.039172E-08  2.039597E-08
  7.385000E+03  3.446758E-07  1.061273E-04 -6.482554E-07  1.921652E-04 -1.563849E-02  2.039148E-08  2.039437E-08
  7.386000E+03 -1.594344E-07  1.063987E-04 -5.561926E-07  1.916647E-04 -1.305414E-02  2.039114E-08  2.039386E-08
  7.387000E+03  9.702178E-08  1.063437E-04  2.373624E-07  1.917850E-04 -1.865226E-02  2.039157E-08  2.039582E-08
  7.388000E+03  3.673954E-07  1.061389E-04 -5.092910E-07  1.921378E-04 -1.432827E-02  2.039121E-08  2.039369E-08
  7.389000E+03 -9.974465E-08  1.064452E-04 -6.529147E-07  1.915816E-04 -1.404584E-02  2.039092E-08  2.039411E-08
  7.390000E+03  2.490658E-08  1.062714E-04  1.791200E-07  1.919112E-04 -1.873207E-02  2.039109E-08  2.039515E-08
  7.391000E+03  3.697060E-07  1.061785E-04 -3.663578E-07  1.920580E-04 -1.325281E-02  2.039063E-08  2.039286E-08
  7.392000E+03 -3.045703E-08  1.064658E-04 -7.168382E-07  1.915454E-04 -1.532264E-02  2.039064E-08  2.039431E-08
  7.393000E+03 -3.540999E-08  1.062014E-04  9.149689E-08  1.920298E-04 -1.824673E-02  2.039045E-08  2.039416E-08
  7.394000E+03  3.541149E-07  1.062391E-04 -2.318169E-07  1.919397E-04 -1.256536E-02  2.038989E-08  2.039204E-08
  7.395000E+03  4.079499E-08  1.064572E-04 -7.464702E-07  1.915620E-04 -1.666892E-02  2.039033E-08  2.039441E-08
  7.396000E+03 -7.900437E-08  1.061479E-04 -1.438059E-08  1.921202E-04 -1.728077E-02  2.039010E-08  2.039336E-08
  7.397000E+03  3.221870E-07  1.063103E-04 -1.169007E-07  1.918064E-04 -1.239844E-02  2.038942E-08  2.039169E-08
  7.398000E+03  1.080554E-07  1.064206E-04 -7.398596E-07  1.916309E-04 -1.782636E-02  2.039024E-08  2.039459E-08
  7.399000E+03 -1.045743E-07  1.061218E-04 -1.276585E-07  1.921643E-04 -1.600730E-02  2.039021E-08  2.039300E-08
  7.400000E+03  2.782377E-07  1.063795E-04 -2.791804E-08  1.916821E-04 -1.281470E-02  2.038936E-08  2.039194E-08
  7.401000E+03  1.682401E-07  1.063601E-04 -7.030391E-07  1.917409E-04 -1.859090E-02  2.039006E-08  2.039449E-08
  7.402000E+03 -1.149249E-07  1.061273E-04 -2.397394E-07  1.921516E-04 -1.463404E-02  2.039034E-08  2.039273E-08
  7.403000E+03  2.267379E-07  1.064347E-04  3.694248E-08  1.915869E-04 -1.374819E-02  2.038957E-08  2.039257E-08
  7.404000E+03  2.199131E-07  1.062854E-04 -6.437640E-07  1.918731E-04 -1.883243E-02  2.038969E-08  2.039398E-08
  7.405000E+03 -1.101634E-07  1.061632E-04 -3.476461E-07  1.920811E-04 -1.341040E-02  2.039012E-08  2.039225E-08
  7.406000E+03  1.695264E-07  1.064650E-04  7.632313E-08  1.915383E-04 -1.503088E-02  2.038982E-08  2.039329E-08
  7.407000E+03  2.626140E-07  1.062109E-04 -5.653356E-07  1.920053E-04 -1.845546E-02  2.038959E-08  2.039355E-08
  7.408000E+03 -9.050012E-08  1.062252E-04 -4.502737E-07  1.919640E-04 -1.259389E-02  2.038980E-08  2.039185E-08
  7.409000E+03  1.087758E-07  1.064619E-04  8.878771E-08  1.915500E-04 -1.643954E-02  2.039001E-08  2.039390E-08
  7.410000E+03  2.968130E-07  1.061530E-04 -4.725215E-07  1.921084E-04 -1.750206E-02  2.038976E-08  2.039324E-08
  7.411000E+03 -5.880161E-08  1.062999E-04 -5.461143E-07  1.918252E-04 -1.236275E-02  2.038945E-08  2.039167E-08
  7.412000E+03  4.782484E-08  1.064263E-04  7.723983E-08  1.916188E-04 -1.767997E-02  2.039009E-08  2.039426E-08
  7.413000E+03  3.199784E-07  1.061245E-04 -3.698648E-07  1.921598E-04 -1.618599E-02  2.039019E-08  2.039316E-08
  7.414000E+03 -1.489140E-08  1.063725E-04 -6.302318E-07  1.916966E-04 -1.275160E-02  2.038959E-08  2.039216E-08
  7.415000E+03 -1.194201E-08  1.063651E-04  4.014039E-08  1.917326E-04 -1.848924E-02  2.039017E-08  2.039442E-08
  7.416000E+03  3.287235E-07  1.061302E-04 -2.572498E-07  1.921488E-04 -1.477467E-02  2.039057E-08  2.039309E-08
  7.417000E+03  4.237902E-08  1.064300E-04 -6.968033E-07  1.916013E-04 -1.368287E-02  2.039022E-08  2.039327E-08
  7.418000E+03 -6.851451E-08  1.062905E-04 -2.653839E-08  1.918706E-04 -1.872169E-02  2.039044E-08  2.039455E-08
  7.419000E+03  3.201038E-07  1.061683E-04 -1.361969E-07  1.920787E-04 -1.354042E-02  2.039080E-08  2.039302E-08
  7.420000E+03  1.096276E-07  1.064606E-04 -7.370187E-07  1.915557E-04 -1.498258E-02  2.039084E-08  2.039440E-08
  7.421000E+03 -1.163845E-07  1.062184E-04 -1.207131E-07  1.920030E-04 -1.833748E-02  2.039083E-08  2.039462E-08
  7.422000E+03  2.929274E-07  1.062299E-04 -1.675436E-08  1.919667E-04 -1.272552E-02  2.039095E-08  2.039306E-08
  7.423000E+03  1.815717E-07  1.064578E-04 -7.439630E-07  1.915684E-04 -1.636869E-02  2.039122E-08  2.039522E-08
  7.424000E+03 -1.493262E-07  1.061648E-04 -2.370953E-07  1.921007E-04 -1.743210E-02  2.039124E-08  2.039460E-08
  7.425000E+03  2.470703E-07  1.063020E-04  8.867352E-08  1.918378E-04 -1.250484E-02  2.039114E-08  2.039336E-08
  7.426000E+03  2.529301E-07  1.064236E-04 -7.128689E-07  1.916368E-04 -1.754303E-02  2.039154E-08  2.039583E-08
  7.427000E+03 -1.631072E-07  1.061392E-04 -3.686942E-07  1.921461E-04 -1.620290E-02  2.039157E-08  2.039450E-08
  7.428000E+03  1.841697E-07  1.063700E-04  1.701813E-07  1.917179E-04 -1.289102E-02  2.039134E-08  2.039386E-08
  7.429000E+03  3.171027E-07  1.063668E-04 -6.413791E-07  1.917434E-04 -1.830028E-02  2.039172E-08  2.039609E-08
  7.430000E+03 -1.538573E-07  1.061424E-04 -5.055581E-07  1.921365E-04 -1.489589E-02  2.039157E-08  2.039412E-08
  7.431000E+03  1.091869E-07  1.064203E-04  2.157474E-07  1.916269E-04 -1.374441E-02  2.039107E-08  2.039398E-08
  7.432000E+03  3.675134E-07  1.062993E-04 -5.338368E-07  1.918630E-04 -1.852514E-02  2.039141E-08  2.039566E-08
  7.433000E+03 -1.205228E-07  1.061729E-04 -6.353745E-07  1.920736E-04 -1.379355E-02  2.039106E-08  2.039339E-08
  7.434000E+03  2.786860E-08  1.064431E-04  2.183380E-07  1.915822E-04 -1.488167E-02  2.039035E-08  2.039367E-08
  7.435000E+03  3.994726E-07  1.062346E-04 -3.977772E-07  1.919714E-04 -1.818311E-02  2.039063E-08  2.039458E-08
  7.436000E+03 -6.512683E-08  1.062247E-04 -7.469894E-07  1.919728E-04 -1.308048E-02  2.039051E-08  2.039278E-08
  7.437000E+03 -5.235550E-08  1.064392E-04  1.756613E-07  1.915879E-04 -1.611131E-02  2.038982E-08  2.039351E-08
  7.438000E+03  4.087209E-07  1.061835E-04 -2.444855E-07  1.920557E-04 -1.738805E-02  2.039005E-08  2.039358E-08
  7.439000E+03  7.630583E-09  1.062883E-04 -8.278224E-07  1.918554E-04 -1.283089E-02  2.039031E-08  2.039271E-08
  7.440000E+03 -1.219570E-07  1.064138E-04  8.900986E-08  1.916412E-04 -1.720296E-02  2.039026E-08  2.039422E-08
  7.441000E+03  3.938420E-07  1.061549E-04 -9.189648E-08  1.921059E-04 -1.633752E-02  2.039026E-08  2.039335E-08
  7.442000E+03  9.101313E-08  1.063496E-04 -8.692640E-07  1.917450E-04 -1.306917E-02  2.039027E-08  2.039295E-08
  7.443000E+03 -1.756200E-07  1.063693E-04 -3.262856E-08  1.917291E-04 -1.794523E-02  2.039080E-08  2.039488E-08
  7.444000E+03  3.566961E-07  1.061517E-04  4.771618E-08  1.921111E-04 -1.519712E-02  2.039056E-08  2.039325E-08
  7.445000E+03  1.776973E-07  1.063978E-04 -8.687868E-07  1.916568E-04 -1.374384E-02  2.038995E-08  2.039299E-08
  7.446000E+03 -2.108895E-07  1.063107E-04 -1.766383E-07  1.918351E-04 -1.822777E-02  2.039074E-08  2.039476E-08
  7.447000E+03  3.034413E-07  1.061745E-04  1.641509E-07  1.920670E-04 -1.413829E-02  2.039058E-08  2.039297E-08
  7.448000E+03  2.598620E-07  1.064272E-04 -8.320730E-07  1.916045E-04 -1.474995E-02  2.038970E-08  2.039316E-08
  7.449000E+03 -2.262647E-07  1.062500E-04 -3.285875E-07  1.919427E-04 -1.803762E-02  2.039060E-08  2.039441E-08
  7.450000E+03  2.378652E-07  1.062217E-04  2.511512E-07  1.919839E-04 -1.335048E-02  2.039105E-08  2.039330E-08
  7.451000E+03  3.319778E-07  1.064339E-04 -7.620029E-07  1.916012E-04 -1.591638E-02  2.039028E-08  2.039413E-08
  7.452000E+03 -2.210307E-07  1.061977E-04 -4.779768E-07  1.920373E-04 -1.739521E-02  2.039083E-08  2.039433E-08
  7.453000E+03  1.631836E-07  1.062840E-04  3.045292E-07  1.918736E-04 -1.299854E-02  2.039138E-08  2.039367E-08
  7.454000E+03  3.909335E-07  1.064137E-04 -6.623767E-07  1.916483E-04 -1.702018E-02  2.039105E-08  2.039519E-08
  7.455000E+03 -1.979232E-07  1.061633E-04 -6.162139E-07  1.920983E-04 -1.637966E-02  2.039105E-08  2.039416E-08
  7.456000E+03  8.499289E-08  1.063467E-04  3.249943E-07  1.917563E-04 -1.316508E-02  2.039088E-08  2.039339E-08
  7.457000E+03  4.344436E-07  1.063684E-04 -5.424844E-07  1.917328E-04 -1.783561E-02  2.039108E-08  2.039533E-08
  7.458000E+03 -1.600400E-07  1.061564E-04 -7.360561E-07  1.921069E-04 -1.520032E-02  2.039104E-08  2.039379E-08
  7.459000E+03  8.514954E-09  1.063973E-04  3.143032E-07  1.916607E-04 -1.382127E-02  2.039023E-08  2.039309E-08
  7.460000E+03  4.604605E-07  1.063063E-04 -4.110670E-07  1.918412E-04 -1.816748E-02  2.039056E-08  2.039474E-08
  7.461000E+03 -1.081103E-07  1.061814E-04 -8.327647E-07  1.920565E-04 -1.411501E-02  2.039080E-08  2.039330E-08
  7.462000E+03 -6.503988E-08  1.064247E-04  2.728857E-07  1.916090E-04 -1.487948E-02  2.038968E-08  2.039294E-08
  7.463000E+03  4.695644E-07  1.062394E-04 -2.710531E-07  1.919544E-04 -1.789705E-02  2.038985E-08  2.039374E-08
  7.464000E+03 -4.303266E-08  1.062333E-04 -9.067367E-07  1.919558E-04 -1.334681E-02  2.039029E-08  2.039273E-08
  7.465000E+03 -1.344519E-07  1.064236E-04  2.015041E-07  1.916116E-04 -1.613374E-02  2.038935E-08  2.039301E-08
  7.466000E+03  4.643402E-07  1.061850E-04 -1.271052E-07  1.920469E-04 -1.709497E-02  2.038951E-08  2.039297E-08
  7.467000E+03  3.019661E-08  1.063003E-04 -9.588921E-07  1.918320E-04 -1.307183E-02  2.039006E-08  2.039262E-08
  7.468000E+03 -1.959522E-07  1.063950E-04  1.069733E-07  1.916705E-04 -1.726093E-02  2.038975E-08  2.039369E-08
  7.469000E+03  4.453068E-07  1.061594E-04  1.275936E-08  1.920958E-04 -1.596580E-02  2.039017E-08  2.039318E-08
  7.470000E+03  1.080608E-07  1.063652E-04 -9.872643E-07  1.917195E-04 -1.339049E-02  2.039044E-08  2.039332E-08
  7.471000E+03 -2.449566E-07  1.063435E-04 -7.562127E-09  1.917731E-04 -1.795858E-02  2.039054E-08  2.039456E-08
  7.472000E+03  4.098315E-07  1.061671E-04  1.415817E-07  1.920844E-04 -1.478662E-02  2.039082E-08  2.039345E-08
  7.473000E+03  1.898389E-07  1.064115E-04 -9.859462E-07  1.916420E-04 -1.422497E-02  2.039085E-08  2.039414E-08
  7.474000E+03 -2.793261E-07  1.062798E-04 -1.424835E-07  1.918920E-04 -1.807745E-02  2.039090E-08  2.039481E-08
  7.475000E+03  3.573787E-07  1.062025E-04  2.555218E-07  1.920176E-04 -1.379699E-02  2.039080E-08  2.039319E-08
  7.476000E+03  2.733419E-07  1.064297E-04 -9.519891E-07  1.916109E-04 -1.535332E-02  2.039070E-08  2.039441E-08
  7.477000E+03 -2.968970E-07  1.062209E-04 -2.952434E-07  1.919975E-04 -1.762705E-02  2.039098E-08  2.039460E-08
  7.478000E+03  2.897145E-07  1.062575E-04  3.487207E-07  1.919158E-04 -1.322435E-02  2.039071E-08  2.039305E-08
  7.479000E+03  3.534084E-07  1.064167E-04 -8.845256E-07  1.916345E-04 -1.650619E-02  2.039034E-08  2.039439E-08
  7.480000E+03 -2.947477E-07  1.061821E-04 -4.579697E-07  1.920661E-04 -1.672469E-02  2.039113E-08  2.039439E-08
  7.481000E+03  2.083590E-07  1.063213E-04  4.140073E-07  1.918060E-04 -1.319346E-02  2.039129E-08  2.039377E-08
  7.482000E+03  4.238611E-07  1.063786E-04 -7.813252E-07  1.917076E-04 -1.744241E-02  2.039049E-08  2.039472E-08
  7.483000E+03 -2.705206E-07  1.061684E-04 -6.202673E-07  1.920886E-04 -1.559855E-02  2.039127E-08  2.039416E-08
  7.484000E+03  1.172628E-07  1.063779E-04  4.432640E-07  1.917088E-04 -1.367254E-02  2.039168E-08  2.039445E-08
  7.485000E+03  4.774739E-07  1.063256E-04 -6.441438E-07  1.918089E-04 -1.795900E-02  2.039091E-08  2.039515E-08
  7.486000E+03 -2.241076E-07  1.061808E-04 -7.677079E-07  1.920609E-04 -1.454534E-02  2.039102E-08  2.039366E-08
  7.487000E+03  2.229866E-08  1.064118E-04  4.312492E-07  1.916452E-04 -1.452433E-02  2.039115E-08  2.039428E-08
  7.488000E+03  5.095072E-07  1.062692E-04 -4.807272E-07  1.919112E-04 -1.791860E-02  2.039097E-08  2.039501E-08
  7.489000E+03 -1.573132E-07  1.062155E-04 -8.892236E-07  1.919910E-04 -1.377125E-02  2.039048E-08  2.039301E-08
  7.490000E+03 -6.984713E-08  1.064181E-04  3.758682E-07  1.916251E-04 -1.557017E-02  2.038991E-08  2.039337E-08
  7.491000E+03  5.178476E-07  1.062196E-04 -3.027031E-07  1.919955E-04 -1.736826E-02  2.039061E-08  2.039431E-08
  7.492000E+03 -7.503071E-08  1.062662E-04 -9.763817E-07  1.918963E-04 -1.336896E-02  2.039027E-08  2.039284E-08
  7.493000E+03 -1.501150E-07  1.064017E-04  2.792027E-07  1.916510E-04 -1.660759E-02  2.038918E-08  2.039293E-08
  7.494000E+03  5.010393E-07  1.061869E-04 -1.270301E-07  1.920500E-04 -1.651106E-02  2.039042E-08  2.039372E-08
  7.495000E+03  1.628736E-08  1.063225E-04 -1.020736E-06  1.917979E-04 -1.339644E-02  2.039060E-08  2.039335E-08
  7.496000E+03 -2.097580E-07  1.063680E-04  1.467347E-07  1.917175E-04 -1.741212E-02  2.038951E-08  2.039342E-08
  7.497000E+03  4.598476E-07  1.061751E-04  2.806032E-08  1.920677E-04 -1.553820E-02  2.039034E-08  2.039326E-08
  7.498000E+03  1.097108E-07  1.063723E-04 -1.017895E-06  1.917111E-04 -1.383745E-02  2.039079E-08  2.039382E-08
  7.499000E+03 -2.463016E-07  1.063195E-04 -9.726968E-09  1.918095E-04 -1.784154E-02  2.038984E-08  2.039375E-08
  7.500000E+03  3.997420E-07  1.061834E-04  1.529167E-07  1.920447E-04 -1.456104E-02  2.038979E-08  2.039239E-08
  7.501000E+03  1.979289E-07  1.064062E-04 -9.725937E-07  1.916447E-04 -1.461995E-02  2.039001E-08  2.039339E-08
  7.502000E+03 -2.607914E-07  1.062646E-04 -1.745975E-07  1.919079E-04 -1.784015E-02  2.038978E-08  2.039355E-08
  7.503000E+03  3.281174E-07  1.062135E-04  2.433129E-07  1.919843E-04 -1.374238E-02  2.038941E-08  2.039180E-08
  7.504000E+03  2.744087E-07  1.064196E-04 -8.941034E-07  1.916164E-04 -1.561202E-02  2.038926E-08  2.039300E-08
  7.505000E+03 -2.551292E-07  1.062141E-04 -3.331223E-07  1.919974E-04 -1.741080E-02  2.038974E-08  2.039326E-08
  7.506000E+03  2.520879E-07  1.062637E-04  2.969838E-07  1.918939E-04 -1.327103E-02  2.038956E-08  2.039191E-08
  7.507000E+03  3.347162E-07  1.064081E-04 -7.929253E-07  1.916386E-04 -1.665388E-02  2.038906E-08  2.039309E-08
  7.508000E+03 -2.320115E-07  1.061752E-04 -4.740846E-07  1.920641E-04 -1.656469E-02  2.038965E-08  2.039282E-08
  7.509000E+03  1.752983E-07  1.063250E-04  3.162294E-07  1.917840E-04 -1.324994E-02  2.038964E-08  2.039213E-08
  7.510000E+03  3.778505E-07  1.063712E-04 -6.755268E-07  1.917069E-04 -1.757523E-02  2.038894E-08  2.039314E-08
  7.511000E+03 -1.955219E-07  1.061560E-04 -5.919792E-07  1.920934E-04 -1.541962E-02  2.038945E-08  2.039224E-08
  7.512000E+03  1.026934E-07  1.063851E-04  3.050249E-07  1.916763E-04 -1.369420E-02  2.038959E-08  2.039238E-08
  7.513000E+03  4.043808E-07  1.063163E-04 -5.523314E-07  1.918104E-04 -1.816199E-02  2.038920E-08  2.039341E-08
  7.514000E+03 -1.498919E-07  1.061668E-04 -6.843295E-07  1.920745E-04 -1.422756E-02  2.038987E-08  2.039234E-08
  7.515000E+03  3.812715E-08  1.064298E-04  2.685760E-07  1.916014E-04 -1.458197E-02  2.038994E-08  2.039312E-08
  7.516000E+03  4.141685E-07  1.062521E-04 -4.309644E-07  1.919322E-04 -1.820935E-02  2.038982E-08  2.039383E-08
  7.517000E+03 -9.639134E-08  1.062095E-04 -7.497708E-07  1.920004E-04 -1.327317E-02  2.039047E-08  2.039276E-08
  7.518000E+03 -1.814268E-08  1.064456E-04  2.092135E-07  1.915794E-04 -1.580153E-02  2.039024E-08  2.039385E-08
  7.519000E+03  4.096086E-07  1.061909E-04 -3.139930E-07  1.920449E-04 -1.763013E-02  2.039026E-08  2.039390E-08
  7.520000E+03 -3.619995E-08  1.062743E-04 -7.921059E-07  1.918826E-04 -1.277842E-02  2.039052E-08  2.039285E-08
  7.521000E+03 -6.718821E-08  1.064269E-04  1.302254E-07  1.916170E-04 -1.706574E-02  2.039023E-08  2.039419E-08
  7.522000E+03  3.926725E-07  1.061508E-04 -2.009497E-07  1.921195E-04 -1.652623E-02  2.039085E-08  2.039400E-08
  7.523000E+03  2.709682E-08  1.063466E-04 -8.122290E-07  1.917528E-04 -1.289591E-02  2.039055E-08  2.039314E-08
  7.524000E+03 -1.062416E-07  1.063765E-04  3.644827E-08  1.917116E-04 -1.802951E-02  2.039030E-08  2.039442E-08
  7.525000E+03  3.630952E-07  1.061451E-04 -9.716940E-08  1.921323E-04 -1.517072E-02  2.039156E-08  2.039423E-08
  7.526000E+03  9.048185E-08  1.064092E-04 -8.070262E-07  1.916471E-04 -1.363924E-02  2.039111E-08  2.039411E-08
  7.527000E+03 -1.319544E-07  1.063067E-04 -6.892004E-08  1.918418E-04 -1.845146E-02  2.039061E-08  2.039467E-08
  7.528000E+03  3.208770E-07  1.061727E-04 -9.380698E-09  1.920801E-04 -1.390485E-02  2.039169E-08  2.039401E-08
  7.529000E+03  1.513902E-07  1.064468E-04 -7.743033E-07  1.915875E-04 -1.480188E-02  2.039165E-08  2.039512E-08
  7.530000E+03 -1.414972E-07  1.062357E-04 -1.831464E-07  1.919722E-04 -1.826170E-02  2.039089E-08  2.039471E-08
  7.531000E+03  2.684148E-07  1.062244E-04  5.467984E-08  1.919792E-04 -1.303695E-02  2.039115E-08  2.039332E-08
  7.532000E+03  2.064689E-07  1.064495E-04 -7.160082E-07  1.915843E-04 -1.609774E-02  2.039140E-08  2.039528E-08
  7.533000E+03 -1.340843E-07  1.061794E-04 -3.001650E-07  1.920718E-04 -1.748068E-02  2.039095E-08  2.039438E-08
  7.534000E+03  2.077945E-07  1.062899E-04  9.164923E-08  1.918544E-04 -1.273568E-02  2.039053E-08  2.039276E-08
  7.535000E+03  2.531543E-07  1.064180E-04 -6.341390E-07  1.916365E-04 -1.727543E-02  2.039052E-08  2.039468E-08
  7.536000E+03 -1.112966E-07  1.061476E-04 -4.134723E-07  1.921241E-04 -1.627034E-02  2.039081E-08  2.039378E-08
  7.537000E+03  1.439989E-07  1.063581E-04  1.004409E-07  1.917307E-04 -1.301010E-02  2.039038E-08  2.039287E-08
  7.538000E+03  2.858020E-07  1.063628E-04 -5.338790E-07  1.917320E-04 -1.815070E-02  2.038979E-08  2.039405E-08
  7.539000E+03 -7.434325E-08  1.061452E-04 -5.106916E-07  1.921231E-04 -1.493363E-02  2.039066E-08  2.039322E-08
  7.540000E+03  8.251948E-08  1.064134E-04  7.878585E-08  1.916329E-04 -1.377764E-02  2.039038E-08  2.039326E-08
  7.541000E+03  2.995255E-07  1.062965E-04 -4.220821E-07  1.918504E-04 -1.850876E-02  2.038953E-08  2.039370E-08
  7.542000E+03 -2.482545E-08  1.061709E-04 -5.806339E-07  1.920688E-04 -1.378505E-02  2.039019E-08  2.039248E-08
  7.543000E+03  2.774019E-08  1.064432E-04  2.615116E-08  1.915779E-04 -1.488186E-02  2.038991E-08  2.039323E-08
  7.544000E+03  2.927538E-07  1.062308E-04 -3.062136E-07  1.919672E-04 -1.825126E-02  2.038942E-08  2.039330E-08
  7.545000E+03  3.371216E-08  1.062194E-04 -6.171098E-07  1.919732E-04 -1.300574E-02  2.038956E-08  2.039175E-08
  7.546000E+03 -1.481304E-08  1.064438E-04 -5.506845E-08  1.915727E-04 -1.612916E-02  2.038908E-08  2.039279E-08
  7.547000E+03  2.660461E-07  1.061766E-04 -1.978557E-07  1.920606E-04 -1.747831E-02  2.038923E-08  2.039269E-08
  7.548000E+03  9.508667E-08  1.062826E-04 -6.159530E-07  1.918557E-04 -1.268566E-02  2.038929E-08  2.039157E-08
  7.549000E+03 -3.985485E-08  1.064185E-04 -1.569708E-07  1.916192E-04 -1.728586E-02  2.038878E-08  2.039279E-08
  7.550000E+03  2.233583E-07  1.061452E-04 -1.110136E-07  1.921158E-04 -1.638534E-02  2.038944E-08  2.039243E-08
  7.551000E+03  1.523972E-07  1.063485E-04 -5.792083E-07  1.917389E-04 -1.290374E-02  2.038945E-08  2.039198E-08
  7.552000E+03 -4.515648E-08  1.063696E-04 -2.675962E-07  1.917114E-04 -1.811167E-02  2.038892E-08  2.039307E-08
  7.553000E+03  1.692024E-07  1.061416E-04 -5.402619E-08  1.921209E-04 -1.514286E-02  2.038967E-08  2.039224E-08
  7.554000E+03  2.006085E-07  1.064041E-04 -5.116344E-07  1.916406E-04 -1.364648E-02  2.038945E-08  2.039237E-08
  7.555000E+03 -2.947164E-08  1.063057E-04 -3.778926E-07  1.918312E-04 -1.844950E-02  2.038928E-08  2.039337E-08
  7.556000E+03  1.092312E-07  1.061666E-04 -3.423402E-08  1.920755E-04 -1.395742E-02  2.039002E-08  2.039226E-08
  7.557000E+03  2.351541E-07  1.064401E-04 -4.206830E-07  1.915806E-04 -1.475937E-02  2.038964E-08  2.039300E-08
  7.558000E+03  3.068710E-09  1.062398E-04 -4.751500E-07  1.919554E-04 -1.826207E-02  2.038991E-08  2.039377E-08
  7.559000E+03  5.193269E-08  1.062175E-04 -5.059847E-08  1.919890E-04 -1.306128E-02  2.039086E-08  2.039296E-08
  7.560000E+03  2.515772E-07  1.064495E-04 -3.195971E-07  1.915750E-04 -1.603021E-02  2.039045E-08  2.039422E-08
  7.561000E+03  4.771513E-08  1.061822E-04 -5.463492E-07  1.920641E-04 -1.755421E-02  2.039065E-08  2.039415E-08
  7.562000E+03  3.180958E-09  1.062869E-04 -9.860149E-08  1.918697E-04 -1.264975E-02  2.039159E-08  2.039375E-08
  7.563000E+03  2.485303E-07  1.064272E-04 -2.190273E-07  1.916260E-04 -1.727441E-02  2.039117E-08  2.039525E-08
  7.564000E+03  9.982298E-08  1.061441E-04 -5.848086E-07  1.921350E-04 -1.639204E-02  2.039126E-08  2.039430E-08
  7.565000E+03 -3.418365E-08  1.063602E-04 -1.713402E-07  1.917374E-04 -1.283880E-02  2.039155E-08  2.039399E-08
  7.566000E+03  2.277868E-07  1.063755E-04 -1.261984E-07  1.917238E-04 -1.823489E-02  2.039133E-08  2.039555E-08
  7.567000E+03  1.547769E-07  1.061358E-04 -5.901432E-07  1.921487E-04 -1.500562E-02  2.039156E-08  2.039416E-08
  7.568000E+03 -5.774944E-08  1.064202E-04 -2.616038E-07  1.916248E-04 -1.360557E-02  2.039086E-08  2.039373E-08
  7.569000E+03  1.907036E-07  1.063046E-04 -4.711739E-08  1.918494E-04 -1.864888E-02  2.039093E-08  2.039507E-08
  7.570000E+03  2.086015E-07  1.061628E-04 -5.616780E-07  1.920967E-04 -1.371307E-02  2.039162E-08  2.039390E-08
  7.571000E+03 -6.607527E-08  1.064554E-04 -3.626369E-07  1.915607E-04 -1.481730E-02  2.039043E-08  2.039381E-08
  7.572000E+03  1.418862E-07  1.062288E-04  1.137948E-08  1.919798E-04 -1.841990E-02  2.039032E-08  2.039417E-08
  7.573000E+03  2.573360E-07  1.062197E-04 -5.052791E-07  1.919890E-04 -1.278035E-02  2.039134E-08  2.039350E-08
  7.574000E+03 -6.025274E-08  1.064595E-04 -4.655469E-07  1.915586E-04 -1.621804E-02  2.039056E-08  2.039441E-08
  7.575000E+03  8.584256E-08  1.061658E-04  4.762890E-08  1.920893E-04 -1.759702E-02  2.039015E-08  2.039356E-08
  7.576000E+03  2.979807E-07  1.062933E-04 -4.274379E-07  1.918517E-04 -1.241416E-02  2.039098E-08  2.039323E-08
  7.577000E+03 -4.126562E-08  1.064290E-04 -5.634641E-07  1.916186E-04 -1.750645E-02  2.039066E-08  2.039485E-08
  7.578000E+03  2.566142E-08  1.061317E-04  6.096499E-08  1.921502E-04 -1.632710E-02  2.039050E-08  2.039340E-08
  7.579000E+03  3.287528E-07  1.063660E-04 -3.328362E-07  1.917154E-04 -1.275068E-02  2.039035E-08  2.039291E-08
  7.580000E+03 -9.839773E-09  1.063673E-04 -6.521854E-07  1.917275E-04 -1.837555E-02  2.039009E-08  2.039442E-08
  7.581000E+03 -3.501558E-08  1.061331E-04  4.973062E-08  1.921433E-04 -1.487466E-02  2.039052E-08  2.039296E-08
  7.582000E+03  3.480853E-07  1.064230E-04 -2.274506E-07  1.916093E-04 -1.369768E-02  2.038973E-08  2.039275E-08
  7.583000E+03  3.536764E-08  1.062906E-04 -7.297107E-07  1.918599E-04 -1.866685E-02  2.038935E-08  2.039359E-08
  7.584000E+03 -9.377168E-08  1.061684E-04  9.159753E-09  1.920743E-04 -1.359098E-02  2.039034E-08  2.039248E-08
  7.585000E+03  3.527963E-07  1.064532E-04 -1.134153E-07  1.915577E-04 -1.499681E-02  2.038963E-08  2.039314E-08
  7.586000E+03  9.450448E-08  1.062195E-04 -7.897728E-07  1.919883E-04 -1.831335E-02  2.038948E-08  2.039343E-08
  7.587000E+03 -1.477227E-07  1.062296E-04 -6.351235E-08  1.919629E-04 -1.279531E-02  2.039048E-08  2.039255E-08
  7.588000E+03  3.412228E-07  1.064493E-04  4.897114E-09  1.915731E-04 -1.634999E-02  2.039009E-08  2.039399E-08
  7.589000E+03  1.642105E-07  1.061679E-04 -8.261552E-07  1.920861E-04 -1.737099E-02  2.039029E-08  2.039382E-08
  7.590000E+03 -1.940407E-07  1.063032E-04 -1.639529E-07  1.918331E-04 -1.262655E-02  2.039083E-08  2.039308E-08
  7.591000E+03  3.121288E-07  1.064129E-04  1.228616E-07  1.916446E-04 -1.753570E-02  2.039031E-08  2.039447E-08
  7.592000E+03  2.426456E-07  1.061414E-04 -8.348000E-07  1.921340E-04 -1.606374E-02  2.039074E-08  2.039381E-08
  7.593000E+03 -2.308037E-07  1.063730E-04 -2.901090E-07  1.917077E-04 -1.304275E-02  2.039079E-08  2.039338E-08
  7.594000E+03  2.656454E-07  1.063524E-04  2.365041E-07  1.917519E-04 -1.834516E-02  2.038985E-08  2.039408E-08
  7.595000E+03  3.244325E-07  1.061428E-04 -8.113696E-07  1.921233E-04 -1.468780E-02  2.039029E-08  2.039297E-08
  7.596000E+03 -2.531964E-07  1.064256E-04 -4.352952E-07  1.916074E-04 -1.394355E-02  2.038995E-08  2.039303E-08
  7.597000E+03  2.015233E-07  1.062799E-04  3.363614E-07  1.918779E-04 -1.857977E-02  2.038925E-08  2.039334E-08
  7.598000E+03  4.039380E-07  1.061747E-04 -7.505437E-07  1.920554E-04 -1.350927E-02  2.038956E-08  2.039199E-08
  7.599000E+03 -2.555308E-07  1.064506E-04 -5.930582E-07  1.915546E-04 -1.519678E-02  2.038875E-08  2.039235E-08
  7.600000E+03  1.192276E-07  1.062102E-04  4.114621E-07  1.919997E-04 -1.816737E-02  2.038896E-08  2.039272E-08
  7.601000E+03  4.759694E-07  1.062334E-04 -6.468047E-07  1.919458E-04 -1.273864E-02  2.038941E-08  2.039179E-08
  7.602000E+03 -2.341906E-07  1.064453E-04 -7.560579E-07  1.915639E-04 -1.656314E-02  2.038828E-08  2.039236E-08
  7.603000E+03  2.405156E-08  1.061559E-04  4.500106E-07  1.920945E-04 -1.723454E-02  2.038893E-08  2.039224E-08
  7.604000E+03  5.328415E-07  1.063068E-04 -5.042138E-07  1.918158E-04 -1.250737E-02  2.038972E-08  2.039224E-08
  7.605000E+03 -1.887076E-07  1.064094E-04 -9.092520E-07  1.916334E-04 -1.776479E-02  2.038837E-08  2.039278E-08
  7.606000E+03 -7.657384E-08  1.061266E-04  4.447082E-07  1.921420E-04 -1.595615E-02  2.038879E-08  2.039162E-08
  7.607000E+03  5.687931E-07  1.063803E-04 -3.327737E-07  1.916851E-04 -1.289678E-02  2.038981E-08  2.039266E-08
  7.608000E+03 -1.179557E-07  1.063486E-04 -1.042027E-06  1.917497E-04 -1.856683E-02  2.038879E-08  2.039333E-08
  7.609000E+03 -1.775024E-07  1.061295E-04  3.888892E-07  1.921337E-04 -1.453829E-02  2.038890E-08  2.039131E-08
  7.610000E+03  5.811986E-07  1.064393E-04 -1.405792E-07  1.915789E-04 -1.386959E-02  2.038957E-08  2.039289E-08
  7.611000E+03 -2.601087E-08  1.062740E-04 -1.145621E-06  1.918904E-04 -1.880688E-02  2.038936E-08  2.039382E-08
  7.612000E+03 -2.707649E-07  1.061675E-04  2.839256E-07  1.920685E-04 -1.325253E-02  2.038964E-08  2.039177E-08
  7.613000E+03  5.678241E-07  1.064689E-04  5.826755E-08  1.915268E-04 -1.524365E-02  2.038928E-08  2.039310E-08
  7.614000E+03  7.968913E-08  1.061988E-04 -1.209180E-06  1.920271E-04 -1.836589E-02  2.038962E-08  2.039378E-08
  7.615000E+03 -3.472288E-07  1.062380E-04  1.369498E-07  1.919488E-04 -1.240503E-02  2.039069E-08  2.039278E-08
  7.616000E+03  5.274634E-07  1.064613E-04  2.464476E-07  1.915486E-04 -1.677248E-02  2.038964E-08  2.039390E-08
  7.617000E+03  1.918915E-07  1.061406E-04 -1.224075E-06  1.921332E-04 -1.726892E-02  2.039009E-08  2.039377E-08
  7.618000E+03 -4.011858E-07  1.063273E-04 -4.234849E-08  1.917983E-04 -1.223030E-02  2.039187E-08  2.039419E-08
  7.619000E+03  4.618727E-07  1.064183E-04  4.109875E-07  1.916432E-04 -1.812106E-02  2.039100E-08  2.039552E-08
  7.620000E+03  3.055592E-07  1.061137E-04 -1.189526E-06  1.921862E-04 -1.574609E-02  2.039105E-08  2.039421E-08
  7.621000E+03 -4.317911E-07  1.064125E-04 -2.445701E-07  1.916520E-04 -1.279604E-02  2.039250E-08  2.039527E-08
  7.622000E+03  3.764292E-07  1.063461E-04  5.455896E-07  1.917874E-04 -1.895441E-02  2.039217E-08  2.039672E-08
  7.623000E+03  4.153035E-07  1.061261E-04 -1.111728E-06  1.921664E-04 -1.412812E-02  2.039185E-08  2.039455E-08
  7.624000E+03 -4.387931E-07  1.064707E-04 -4.591023E-07  1.915447E-04 -1.402146E-02  2.039190E-08  2.039528E-08
  7.625000E+03  2.766466E-07  1.062568E-04  6.450307E-07  1.919461E-04 -1.904179E-02  2.039188E-08  2.039619E-08
  7.626000E+03  5.135021E-07  1.061769E-04 -9.952383E-07  1.920702E-04 -1.276554E-02  2.039176E-08  2.039420E-08
  7.627000E+03 -4.215667E-07  1.064910E-04 -6.711634E-07  1.915024E-04 -1.564338E-02  2.039079E-08  2.039481E-08
  7.628000E+03  1.668475E-07  1.061722E-04  7.043566E-07  1.920865E-04 -1.837580E-02  2.039079E-08  2.039465E-08
  7.629000E+03  5.935782E-07  1.062561E-04 -8.431159E-07  1.919220E-04 -1.196389E-02  2.039142E-08  2.039384E-08
  7.630000E+03 -3.810207E-07  1.064721E-04 -8.667602E-07  1.915381E-04 -1.728317E-02  2.039043E-08  2.039497E-08
  7.631000E+03  5.125603E-08  1.061151E-04  7.217792E-07  1.921825E-04 -1.710652E-02  2.039049E-08  2.039377E-08
  7.632000E+03  6.519123E-07  1.063452E-04 -6.607527E-07  1.917596E-04 -1.195033E-02  2.039127E-08  2.039393E-08
  7.633000E+03 -3.199855E-07  1.064168E-04 -1.036198E-06  1.916442E-04 -1.855814E-02  2.039064E-08  2.039547E-08
  7.634000E+03 -6.478764E-08  1.060960E-04  6.984172E-07  1.922126E-04 -1.549602E-02  2.039053E-08  2.039325E-08
  7.635000E+03  6.882287E-07  1.064241E-04 -4.586429E-07  1.916157E-04 -1.271001E-02  2.039087E-08  2.039398E-08
  7.636000E+03 -2.403607E-07  1.063344E-04 -1.177298E-06  1.917886E-04 -1.928043E-02  2.038993E-08  2.039481E-08
  7.637000E+03 -1.778592E-07  1.061120E-04  6.351579E-07  1.921705E-04 -1.386006E-02  2.038964E-08  2.039190E-08
  7.638000E+03  7.033223E-07  1.064768E-04 -2.443477E-07  1.915105E-04 -1.402451E-02  2.038943E-08  2.039310E-08
  7.639000E+03 -1.432135E-07  1.062422E-04 -1.290744E-06  1.919393E-04 -1.933581E-02  2.038824E-08  2.039294E-08
  7.640000E+03 -2.840312E-07  1.061598E-04  5.307857E-07  1.920668E-04 -1.252239E-02  2.038817E-08  2.039017E-08
  7.641000E+03  6.958754E-07  1.064951E-04 -2.463172E-08  1.914657E-04 -1.560915E-02  2.038768E-08  2.039189E-08
  7.642000E+03 -3.115334E-08  1.061606E-04 -1.371655E-06  1.920748E-04 -1.866006E-02  2.038722E-08  2.039154E-08
  7.643000E+03 -3.765050E-07  1.062367E-04  3.847272E-07  1.919217E-04 -1.177169E-02  2.038771E-08  2.038971E-08
  7.644000E+03  6.632150E-07  1.064784E-04  1.891307E-07  1.914986E-04 -1.721325E-02  2.038744E-08  2.039208E-08
  7.645000E+03  9.273702E-08  1.061062E-04 -1.412024E-06  1.921760E-04 -1.737372E-02  2.038799E-08  2.039178E-08
  7.646000E+03 -4.510219E-07  1.063294E-04  1.995334E-07  1.917652E-04 -1.174244E-02  2.038887E-08  2.039114E-08
  7.647000E+03  6.068978E-07  1.064288E-04  3.870502E-07  1.916018E-04 -1.858248E-02  2.038842E-08  2.039332E-08
  7.648000E+03  2.211167E-07  1.060833E-04 -1.408697E-06  1.922237E-04 -1.572691E-02  2.038921E-08  2.039244E-08
  7.649000E+03 -5.037479E-07  1.064188E-04 -1.332502E-08  1.916184E-04 -1.239507E-02  2.039022E-08  2.039298E-08
  7.650000E+03  5.295316E-07  1.063506E-04  5.591914E-07  1.917532E-04 -1.946692E-02  2.038920E-08  2.039412E-08
  7.651000E+03  3.462850E-07  1.060939E-04 -1.360325E-06  1.922020E-04 -1.399377E-02  2.038946E-08  2.039221E-08
  7.652000E+03 -5.308233E-07  1.064876E-04 -2.416763E-07  1.915001E-04 -1.364512E-02  2.039048E-08  2.039388E-08
  7.653000E+03  4.300358E-07  1.062573E-04  6.987232E-07  1.919277E-04 -1.965964E-02  2.038977E-08  2.039446E-08
  7.654000E+03  4.635741E-07  1.061420E-04 -1.260745E-06  1.921129E-04 -1.246392E-02  2.038967E-08  2.039209E-08
  7.655000E+03 -5.294445E-07  1.065234E-04 -4.785397E-07  1.914382E-04 -1.534519E-02  2.039026E-08  2.039436E-08
  7.656000E+03  3.107879E-07  1.061658E-04  7.979776E-07  1.920974E-04 -1.908233E-02  2.039047E-08  2.039468E-08
  7.657000E+03  5.673741E-07  1.062237E-04 -1.109934E-06  1.919695E-04 -1.143050E-02  2.039038E-08  2.039271E-08
  7.658000E+03 -5.005553E-07  1.065153E-04 -7.118347E-07  1.914555E-04 -1.719950E-02  2.038993E-08  2.039466E-08
  7.659000E+03  1.804644E-07  1.060920E-04  8.514280E-07  1.922274E-04 -1.778033E-02  2.039055E-08  2.039413E-08
  7.660000E+03  6.505753E-07  1.063275E-04 -9.192432E-07  1.917889E-04 -1.113958E-02  2.039116E-08  2.039369E-08
  7.661000E+03 -4.448035E-07  1.064632E-04 -9.267209E-07  1.915569E-04 -1.887306E-02  2.039013E-08  2.039529E-08
  7.662000E+03  4.769569E-08  1.060526E-04  8.529921E-07  1.922925E-04 -1.595365E-02  2.039052E-08  2.039339E-08
  7.663000E+03  7.077686E-07  1.064347E-04 -7.013875E-07  1.916049E-04 -1.171512E-02  2.039201E-08  2.039500E-08
  7.664000E+03 -3.626782E-07  1.063786E-04 -1.111911E-06  1.917269E-04 -2.002150E-02  2.039155E-08  2.039688E-08
  7.665000E+03 -8.155677E-08  1.060577E-04  7.985521E-07  1.922819E-04 -1.396261E-02  2.039097E-08  2.039323E-08
  7.666000E+03  7.359611E-07  1.065192E-04 -4.657851E-07  1.914585E-04 -1.306923E-02  2.039227E-08  2.039591E-08
  7.667000E+03 -2.595235E-07  1.062717E-04 -1.256817E-06  1.919271E-04 -2.037881E-02  2.039219E-08  2.039738E-08
  7.668000E+03 -2.003056E-07  1.061090E-04  6.928686E-07  1.921856E-04 -1.216435E-02  2.039112E-08  2.039295E-08
  7.669000E+03  7.351942E-07  1.065592E-04 -2.265121E-07  1.913812E-04 -1.500101E-02  2.039113E-08  2.039546E-08
  7.670000E+03 -1.447407E-07  1.061605E-04 -1.353481E-06  1.921159E-04 -1.978320E-02  2.039114E-08  2.039587E-08
  7.671000E+03 -3.007617E-07  1.062007E-04  5.481687E-07  1.920128E-04 -1.092618E-02  2.039067E-08  2.039237E-08
  7.672000E+03  7.065978E-07  1.065493E-04 -1.868895E-10  1.913955E-04 -1.713995E-02  2.039007E-08  2.039501E-08
  7.673000E+03 -2.567963E-08  1.060730E-04 -1.397884E-06  1.922608E-04 -1.833526E-02  2.039025E-08  2.039431E-08
  7.674000E+03 -3.767058E-07  1.063175E-04  3.739000E-07  1.918039E-04 -1.055363E-02  2.039098E-08  2.039290E-08
  7.675000E+03  6.515220E-07  1.064948E-04  1.995382E-07  1.915068E-04 -1.903697E-02  2.039078E-08  2.039611E-08
  7.676000E+03  9.407886E-08  1.060293E-04 -1.389676E-06  1.923364E-04 -1.635091E-02  2.039057E-08  2.039389E-08
  7.677000E+03 -4.263308E-07  1.064317E-04  1.757121E-07  1.916044E-04 -1.116273E-02  2.039151E-08  2.039396E-08
  7.678000E+03  5.757602E-07  1.064013E-04  3.640756E-07  1.916879E-04 -2.027470E-02  2.039166E-08  2.039705E-08
  7.679000E+03  2.100189E-07  1.060365E-04 -1.336633E-06  1.923202E-04 -1.419408E-02  2.039092E-08  2.039357E-08
  7.680000E+03 -4.514887E-07  1.065171E-04 -3.573635E-08  1.914508E-04 -1.264505E-02  2.039117E-08  2.039433E-08
  7.681000E+03  4.867907E-07  1.062850E-04  4.907484E-07  1.918958E-04 -2.061377E-02  2.039131E-08  2.039643E-08
  7.682000E+03  3.171594E-07  1.060918E-04 -1.249522E-06  1.922122E-04 -1.227586E-02  2.039059E-08  2.039278E-08
  7.683000E+03 -4.538262E-07  1.065600E-04 -2.490271E-07  1.913724E-04 -1.467036E-02  2.039044E-08  2.039439E-08
  7.684000E+03  3.900280E-07  1.061731E-04  5.782328E-07  1.920892E-04 -2.004140E-02  2.039060E-08  2.039518E-08
  7.685000E+03  4.093104E-07  1.061820E-04 -1.133926E-06  1.920425E-04 -1.098991E-02  2.039024E-08  2.039226E-08
  7.686000E+03 -4.347761E-07  1.065565E-04 -4.504963E-07  1.913834E-04 -1.678250E-02  2.039028E-08  2.039491E-08
  7.687000E+03  2.887800E-07  1.060884E-04  6.265780E-07  1.922378E-04 -1.869749E-02  2.039063E-08  2.039449E-08
  7.688000E+03  4.836858E-07  1.062910E-04 -9.941094E-07  1.918476E-04 -1.056866E-02  2.039054E-08  2.039271E-08
  7.689000E+03 -3.978513E-07  1.065083E-04 -6.315400E-07  1.914780E-04 -1.863967E-02  2.039045E-08  2.039554E-08
  7.690000E+03  1.854774E-07  1.060413E-04  6.407631E-07  1.923173E-04 -1.683969E-02  2.039069E-08  2.039379E-08
  7.691000E+03  5.391547E-07  1.063976E-04 -8.339883E-07  1.916571E-04 -1.103219E-02  2.039062E-08  2.039320E-08
  7.692000E+03 -3.458708E-07  1.064229E-04 -7.874736E-07  1.916309E-04 -1.996649E-02  2.038986E-08  2.039516E-08
  7.693000E+03  8.280888E-08  1.060325E-04  6.241525E-07  1.923163E-04 -1.478850E-02  2.038955E-08  2.039196E-08
  7.694000E+03  5.750354E-07  1.064828E-04 -6.583820E-07  1.914946E-04 -1.222074E-02  2.038936E-08  2.039253E-08
  7.695000E+03 -2.813696E-07  1.063167E-04 -9.147584E-07  1.918126E-04 -2.054388E-02  2.038859E-08  2.039380E-08
  7.696000E+03 -1.403480E-08  1.060632E-04  5.773988E-07  1.922379E-04 -1.290271E-02  2.038766E-08  2.038955E-08
  7.697000E+03  5.894788E-07  1.065362E-04 -4.761394E-07  1.913875E-04 -1.391069E-02  2.038772E-08  2.039155E-08
  7.698000E+03 -2.045929E-07  1.062114E-04 -1.009470E-06  1.919953E-04 -2.032103E-02  2.038787E-08  2.039275E-08
  7.699000E+03 -1.000686E-07  1.061313E-04  4.967298E-07  1.921033E-04 -1.149046E-02  2.038683E-08  2.038846E-08
  7.700000E+03  5.833965E-07  1.065535E-04 -2.980570E-07  1.913574E-04 -1.583833E-02  2.038725E-08  2.039169E-08
  7.701000E+03 -1.180096E-07  1.061218E-04 -1.071326E-06  1.921564E-04 -1.937381E-02  2.038815E-08  2.039247E-08
  7.702000E+03 -1.716930E-07  1.062274E-04  3.840271E-07  1.919336E-04 -1.072749E-02  2.038744E-08  2.038908E-08
  7.703000E+03  5.594452E-07  1.065291E-04 -1.336411E-07  1.914091E-04 -1.774102E-02  2.038744E-08  2.039237E-08
  7.704000E+03 -2.663280E-08  1.060555E-04 -1.101377E-06  1.922708E-04 -1.780658E-02  2.038814E-08  2.039179E-08
  7.705000E+03 -2.251291E-07  1.063378E-04  2.461306E-07  1.917433E-04 -1.070014E-02  2.038839E-08  2.039032E-08
  7.706000E+03  5.183099E-07  1.064663E-04  8.928731E-09  1.915357E-04 -1.934712E-02  2.038827E-08  2.039348E-08
  7.707000E+03  6.342428E-08  1.060253E-04 -1.095769E-06  1.923217E-04 -1.582971E-02  2.038841E-08  2.039136E-08
  7.708000E+03 -2.578331E-07  1.064461E-04  9.314834E-08  1.915613E-04 -1.147631E-02  2.038961E-08  2.039209E-08
  7.709000E+03  4.615362E-07  1.063777E-04  1.232191E-07  1.917204E-04 -2.037916E-02  2.039053E-08  2.039576E-08
  7.710000E+03  1.469481E-07  1.060407E-04 -1.053147E-06  1.923021E-04 -1.379409E-02  2.038991E-08  2.039224E-08
  7.711000E+03 -2.696274E-07  1.065297E-04 -6.459571E-08  1.914266E-04 -1.295841E-02  2.039090E-08  2.039409E-08
  7.712000E+03  3.913645E-07  1.062726E-04  2.069558E-07  1.919285E-04 -2.061738E-02  2.039241E-08  2.039735E-08
  7.713000E+03  2.201630E-07  1.060999E-04 -9.747826E-07  1.922032E-04 -1.203356E-02  2.039125E-08  2.039317E-08
  7.714000E+03 -2.624155E-07  1.065689E-04 -2.178857E-07  1.913638E-04 -1.492222E-02  2.039117E-08  2.039510E-08
  7.715000E+03  3.150941E-07  1.061655E-04  2.577187E-07  1.921211E-04 -1.994247E-02  2.039258E-08  2.039697E-08
  7.716000E+03  2.796923E-07  1.061961E-04 -8.724546E-07  1.920326E-04 -1.084976E-02  2.039191E-08  2.039370E-08
  7.717000E+03 -2.398937E-07  1.065605E-04 -3.567743E-07  1.913893E-04 -1.704428E-02  2.039158E-08  2.039616E-08
  7.718000E+03  2.395184E-07  1.060800E-04  2.771233E-07  1.922694E-04 -1.848271E-02  2.039246E-08  2.039612E-08
  7.719000E+03  3.227375E-07  1.063139E-04 -7.574191E-07  1.918265E-04 -1.049327E-02  2.039270E-08  2.039467E-08
  7.720000E+03 -2.042443E-07  1.065080E-04 -4.737711E-07  1.915032E-04 -1.892606E-02  2.039296E-08  2.039798E-08
  7.721000E+03  1.706124E-07  1.060356E-04  2.644424E-07  1.923469E-04 -1.652922E-02  2.039284E-08  2.039573E-08
  7.722000E+03  3.462858E-07  1.064255E-04 -6.391051E-07  1.916277E-04 -1.108895E-02  2.039282E-08  2.039526E-08
  7.723000E+03 -1.589552E-07  1.064152E-04 -5.598377E-07  1.916786E-04 -2.016045E-02  2.039337E-08  2.039852E-08
  7.724000E+03  1.128232E-07  1.060392E-04  2.228802E-07  1.923294E-04 -1.442221E-02  2.039232E-08  2.039453E-08
  7.725000E+03  3.516507E-07  1.065061E-04 -5.275720E-07  1.914737E-04 -1.250685E-02  2.039153E-08  2.039461E-08
  7.726000E+03 -1.100029E-07  1.063013E-04 -6.125003E-07  1.918745E-04 -2.050234E-02  2.039223E-08  2.039717E-08
  7.727000E+03  6.720361E-08  1.060884E-04  1.635450E-07  1.922214E-04 -1.259091E-02  2.039085E-08  2.039260E-08
  7.728000E+03  3.423651E-07  1.065450E-04 -4.279584E-07  1.913960E-04 -1.439625E-02  2.039018E-08  2.039393E-08
  7.729000E+03 -6.247515E-08  1.061942E-04 -6.345049E-07  1.920533E-04 -1.997377E-02  2.039088E-08  2.039535E-08
  7.730000E+03  3.530606E-08  1.061714E-04  9.533225E-08  1.920586E-04 -1.138056E-02  2.038981E-08  2.039140E-08
  7.731000E+03  3.211208E-07  1.065416E-04 -3.456866E-07  1.914048E-04 -1.635415E-02  2.038984E-08  2.039415E-08
  7.732000E+03 -2.029501E-08  1.061135E-04 -6.279042E-07  1.921880E-04 -1.876496E-02  2.039015E-08  2.039400E-08
  7.733000E+03  1.665525E-08  1.062688E-04  2.653154E-08  1.918760E-04 -1.097215E-02  2.038920E-08  2.039092E-08
  7.734000E+03  2.929870E-07  1.064966E-04 -2.841388E-07  1.914876E-04 -1.803962E-02  2.038947E-08  2.039415E-08
  7.735000E+03  1.667980E-08  1.060696E-04 -6.030061E-07  1.922548E-04 -1.711681E-02  2.038940E-08  2.039259E-08
  7.736000E+03  8.959097E-09  1.063605E-04 -4.118194E-08  1.917044E-04 -1.137263E-02  2.038846E-08  2.039055E-08
  7.737000E+03  2.631180E-07  1.064232E-04 -2.431189E-07  1.916191E-04 -1.918265E-02  2.038896E-08  2.039376E-08
  7.738000E+03  4.741386E-08  1.060637E-04 -5.692818E-07  1.922512E-04 -1.537346E-02  2.038847E-08  2.039107E-08
  7.739000E+03  1.085489E-08  1.064332E-04 -1.045617E-07  1.915711E-04 -1.236947E-02  2.038797E-08  2.039057E-08
  7.740000E+03  2.360455E-07  1.063401E-04 -2.237658E-07  1.917721E-04 -1.966232E-02  2.038913E-08  2.039382E-08
  7.741000E+03  7.048478E-08  1.060914E-04 -5.346203E-07  1.921934E-04 -1.384279E-02  2.038811E-08  2.039028E-08
  7.742000E+03  1.980737E-08  1.064808E-04 -1.585805E-07  1.914914E-04 -1.371051E-02  2.038824E-08  2.039139E-08
  7.743000E+03  2.137887E-07  1.062616E-04 -2.227129E-07  1.919222E-04 -1.953338E-02  2.039006E-08  2.039446E-08
  7.744000E+03  8.499676E-08  1.061451E-04 -5.023130E-07  1.920997E-04 -1.270175E-02  2.038880E-08  2.039073E-08
  7.745000E+03  3.312375E-08  1.064994E-04 -1.991343E-07  1.914689E-04 -1.519322E-02  2.038896E-08  2.039262E-08
  7.746000E+03  1.953332E-07  1.061934E-04 -2.336812E-07  1.920492E-04 -1.889686E-02  2.039073E-08  2.039471E-08
  7.747000E+03  9.195756E-08  1.062139E-04 -4.711837E-07  1.919800E-04 -1.203743E-02  2.038947E-08  2.039137E-08
  7.748000E+03  4.758265E-08  1.064862E-04 -2.254921E-07  1.914994E-04 -1.660837E-02  2.038923E-08  2.039328E-08
  7.749000E+03  1.792579E-07  1.061395E-04 -2.489817E-07  1.921359E-04 -1.785739E-02  2.038997E-08  2.039346E-08
  7.750000E+03  9.247612E-08  1.062874E-04 -4.393251E-07  1.918433E-04 -1.188964E-02  2.038909E-08  2.039114E-08
  7.751000E+03  6.169113E-08  1.064473E-04 -2.386050E-07  1.915727E-04 -1.778567E-02  2.038918E-08  2.039349E-08
  7.752000E+03  1.666150E-07  1.061075E-04 -2.665147E-07  1.921799E-04 -1.655895E-02  2.038894E-08  2.039193E-08
  7.753000E+03  8.627484E-08  1.063600E-04 -4.086146E-07  1.917095E-04 -1.225049E-02  2.038870E-08  2.039105E-08
  7.754000E+03  7.380350E-08  1.063939E-04 -2.365070E-07  1.916811E-04 -1.861875E-02  2.039018E-08  2.039458E-08
  7.755000E+03  1.604024E-07  1.061052E-04 -2.855383E-07  1.921845E-04 -1.520337E-02  2.038941E-08  2.039196E-08
  7.756000E+03  7.462088E-08  1.064218E-04 -3.861600E-07  1.916052E-04 -1.306283E-02  2.038923E-08  2.039200E-08
  7.757000E+03  8.283599E-08  1.063292E-04 -2.208171E-07  1.918109E-04 -1.900135E-02  2.039142E-08  2.039575E-08
  7.758000E+03  1.628780E-07  1.061318E-04 -3.058065E-07  1.921427E-04 -1.395139E-02  2.039047E-08  2.039269E-08
  7.759000E+03  6.019554E-08  1.064593E-04 -3.787927E-07  1.915439E-04 -1.422299E-02  2.038957E-08  2.039280E-08
  7.760000E+03  8.644033E-08  1.062572E-04 -1.949143E-07  1.919398E-04 -1.882832E-02  2.039138E-08  2.039544E-08
  7.761000E+03  1.750769E-07  1.061829E-04 -3.234861E-07  1.920490E-04 -1.298391E-02  2.039060E-08  2.039265E-08
  7.762000E+03  4.574766E-08  1.064691E-04 -3.909442E-07  1.915339E-04 -1.554305E-02  2.038998E-08  2.039364E-08
  7.763000E+03  8.299830E-08  1.061935E-04 -1.629375E-07  1.920486E-04 -1.815774E-02  2.039095E-08  2.039462E-08
  7.764000E+03  1.963909E-07  1.062499E-04 -3.348053E-07  1.919262E-04 -1.247058E-02  2.039055E-08  2.039263E-08
  7.765000E+03  3.219392E-08  1.064553E-04 -4.221769E-07  1.915760E-04 -1.678753E-02  2.039140E-08  2.039540E-08
  7.766000E+03  7.180759E-08  1.061524E-04 -1.261278E-07  1.921245E-04 -1.716329E-02  2.039146E-08  2.039469E-08
  7.767000E+03  2.241405E-07  1.063192E-04 -3.360602E-07  1.918042E-04 -1.249193E-02  2.039088E-08  2.039316E-08
  7.768000E+03  2.223460E-08  1.064184E-04 -4.694168E-07  1.916595E-04 -1.773973E-02  2.039289E-08  2.039708E-08
  7.769000E+03  5.117429E-08  1.061385E-04 -8.846201E-08  1.921529E-04 -1.600382E-02  2.039222E-08  2.039502E-08
  7.770000E+03  2.539841E-07  1.063773E-04 -3.201324E-07  1.917040E-04 -1.299372E-02  2.039124E-08  2.039385E-08
  7.771000E+03  2.051892E-08  1.063630E-04 -5.279174E-07  1.917644E-04 -1.826445E-02  2.039323E-08  2.039744E-08
  7.772000E+03  2.158969E-08  1.061503E-04 -5.970275E-08  1.921286E-04 -1.485284E-02  2.039227E-08  2.039473E-08
  7.773000E+03  2.816467E-07  1.064178E-04 -2.843517E-07  1.916373E-04 -1.383479E-02  2.039167E-08  2.039466E-08
  7.774000E+03  2.969805E-08  1.063032E-04 -5.913566E-07  1.918715E-04 -1.835042E-02  2.039312E-08  2.039720E-08
  7.775000E+03 -1.583165E-08  1.061832E-04 -4.613088E-08  1.920649E-04 -1.393780E-02  2.039208E-08  2.039433E-08
  7.776000E+03  3.047449E-07  1.064354E-04 -2.289185E-07  1.916123E-04 -1.483873E-02  2.039208E-08  2.039543E-08
  7.777000E+03  5.184121E-08  1.062516E-04 -6.567158E-07  1.919616E-04 -1.802317E-02  2.039291E-08  2.039676E-08
  7.778000E+03 -5.778837E-08  1.062283E-04 -5.472893E-08  1.919789E-04 -1.341326E-02  2.039177E-08  2.039398E-08
  7.779000E+03  3.179851E-07  1.064287E-04 -1.559376E-07  1.916275E-04 -1.581124E-02  2.039212E-08  2.039573E-08
  7.780000E+03  8.730313E-08  1.062152E-04 -7.136612E-07  1.920204E-04 -1.737416E-02  2.039240E-08  2.039596E-08
  7.781000E+03 -9.932176E-08  1.062748E-04 -9.045220E-08  1.918892E-04 -1.329905E-02  2.039117E-08  2.039348E-08
  7.782000E+03  3.173215E-07  1.064036E-04 -7.191162E-08  1.916715E-04 -1.658120E-02  2.039174E-08  2.039552E-08
  7.783000E+03  1.333267E-07  1.061960E-04 -7.517042E-07  1.920434E-04 -1.658874E-02  2.039145E-08  2.039472E-08
  7.784000E+03 -1.377578E-07  1.063138E-04 -1.500483E-07  1.918112E-04 -1.351279E-02  2.039031E-08  2.039280E-08
  7.785000E+03  3.016437E-07  1.063698E-04  1.873631E-08  1.917292E-04 -1.705934E-02  2.039123E-08  2.039505E-08
  7.786000E+03  1.867275E-07  1.061912E-04 -7.658890E-07  1.920366E-04 -1.585457E-02  2.039004E-08  2.039310E-08
  7.787000E+03 -1.690014E-07  1.063391E-04 -2.306221E-07  1.917541E-04 -1.391040E-02  2.038899E-08  2.039170E-08
  7.788000E+03  2.697585E-07  1.063362E-04  1.087978E-07  1.917809E-04 -1.726508E-02  2.039022E-08  2.039399E-08
  7.789000E+03  2.444425E-07  1.061954E-04 -7.511975E-07  1.920127E-04 -1.527211E-02  2.038849E-08  2.039139E-08
  7.790000E+03 -1.891327E-07  1.063522E-04 -3.293722E-07  1.917169E-04 -1.436357E-02  2.038741E-08  2.039033E-08
  7.791000E+03  2.235754E-07  1.063069E-04  1.887632E-07  1.918201E-04 -1.728705E-02  2.038876E-08  2.039245E-08
  7.792000E+03  3.027011E-07  1.062053E-04 -7.082404E-07  1.919812E-04 -1.485590E-02  2.038716E-08  2.038998E-08
  7.793000E+03 -1.973866E-07  1.063590E-04 -4.393768E-07  1.916978E-04 -1.478733E-02  2.038655E-08  2.038964E-08
  7.794000E+03  1.696634E-07  1.062811E-04  2.514743E-07  1.918525E-04 -1.721461E-02  2.038726E-08  2.039086E-08
  7.795000E+03  3.558716E-07  1.062193E-04 -6.453994E-07  1.919465E-04 -1.453945E-02  2.038626E-08  2.038903E-08
  7.796000E+03 -1.910182E-07  1.063658E-04 -5.516673E-07  1.916903E-04 -1.518286E-02  2.038694E-08  2.039020E-08
  7.797000E+03  1.104041E-07  1.062571E-04  2.893781E-07  1.918900E-04 -1.707781E-02  2.038670E-08  2.039018E-08
  7.798000E+03  4.010600E-07  1.062382E-04 -5.649843E-07  1.919093E-04 -1.427539E-02  2.038602E-08  2.038876E-08
  7.799000E+03 -1.671310E-07  1.063731E-04 -6.629074E-07  1.916906E-04 -1.561163E-02  2.038824E-08  2.039168E-08
  7.800000E+03  4.467560E-08  1.062367E-04  2.976140E-07  1.919348E-04 -1.685557E-02  2.038763E-08  2.039097E-08
  7.801000E+03  4.376887E-07  1.062628E-04 -4.642462E-07  1.918729E-04 -1.406458E-02  2.038693E-08  2.038967E-08
  7.802000E+03 -1.284735E-07  1.063754E-04 -7.695843E-07  1.917000E-04 -1.610136E-02  2.038952E-08  2.039314E-08
  7.803000E+03 -2.374112E-08  1.062194E-04  2.784700E-07  1.919782E-04 -1.650931E-02  2.038902E-08  2.039219E-08
  7.804000E+03  4.640535E-07  1.062917E-04 -3.493250E-07  1.918322E-04 -1.395577E-02  2.038818E-08  2.039095E-08
  7.805000E+03 -8.030718E-08  1.063650E-04 -8.637721E-07  1.917243E-04 -1.659139E-02  2.038995E-08  2.039373E-08
  7.806000E+03 -9.007652E-08  1.062082E-04  2.384381E-07  1.920048E-04 -1.601129E-02  2.038987E-08  2.039284E-08
  7.807000E+03  4.769204E-07  1.063243E-04 -2.270375E-07  1.917866E-04 -1.403597E-02  2.038957E-08  2.039244E-08
  7.808000E+03 -2.299499E-08  1.063441E-04 -9.386618E-07  1.917692E-04 -1.699391E-02  2.039058E-08  2.039446E-08
  7.809000E+03 -1.523927E-07  1.062081E-04  1.765896E-07  1.920096E-04 -1.544251E-02  2.039054E-08  2.039334E-08
  7.810000E+03  4.731362E-07  1.063558E-04 -9.858015E-08  1.917477E-04 -1.431802E-02  2.039140E-08  2.039442E-08
  7.811000E+03  4.304519E-08  1.063182E-04 -9.875599E-07  1.918290E-04 -1.722538E-02  2.039190E-08  2.039579E-08
  7.812000E+03 -2.075153E-07  1.062177E-04  9.104812E-08  1.919962E-04 -1.490970E-02  2.039114E-08  2.039380E-08
  7.813000E+03  4.520741E-07  1.063767E-04  3.020473E-08  1.917226E-04 -1.473772E-02  2.039260E-08  2.039578E-08
  7.814000E+03  1.161105E-07  1.062906E-04 -1.007750E-06  1.918855E-04 -1.724147E-02  2.039259E-08  2.039643E-08
  7.815000E+03 -2.519767E-07  1.062333E-04 -1.773135E-08  1.919667E-04 -1.448562E-02  2.039111E-08  2.039370E-08
  7.816000E+03  4.135945E-07  1.063838E-04  1.524685E-07  1.917100E-04 -1.522566E-02  2.039248E-08  2.039582E-08
  7.817000E+03  1.941938E-07  1.062643E-04 -9.972337E-07  1.919289E-04 -1.705690E-02  2.039223E-08  2.039595E-08
  7.818000E+03 -2.834518E-07  1.062546E-04 -1.477047E-07  1.919268E-04 -1.418319E-02  2.039107E-08  2.039364E-08
  7.819000E+03  3.591256E-07  1.063827E-04  2.623174E-07  1.917112E-04 -1.574363E-02  2.039223E-08  2.039570E-08
  7.820000E+03  2.750604E-07  1.062432E-04 -9.569697E-07  1.919624E-04 -1.675442E-02  2.039184E-08  2.039543E-08
  7.821000E+03 -3.011894E-07  1.062799E-04 -2.950240E-07  1.918850E-04 -1.401176E-02  2.039152E-08  2.039413E-08
  7.822000E+03  2.914105E-07  1.063763E-04  3.558950E-07  1.917253E-04 -1.623887E-02  2.039235E-08  2.039593E-08
  7.823000E+03  3.526347E-07  1.062274E-04 -8.872716E-07  1.919876E-04 -1.639221E-02  2.039160E-08  2.039503E-08
  7.824000E+03 -3.013189E-07  1.063040E-04 -4.507930E-07  1.918441E-04 -1.396478E-02  2.039179E-08  2.039449E-08
  7.825000E+03  2.124614E-07  1.063634E-04  4.237018E-07  1.917464E-04 -1.665693E-02  2.039196E-08  2.039562E-08
  7.826000E+03  4.202936E-07  1.062160E-04 -7.865163E-07  1.920024E-04 -1.596037E-02  2.039114E-08  2.039441E-08
  7.827000E+03 -2.806394E-07  1.063277E-04 -6.044413E-07  1.918013E-04 -1.404984E-02  2.039177E-08  2.039459E-08
  7.828000E+03  1.255906E-07  1.063428E-04  4.564721E-07  1.917763E-04 -1.700266E-02  2.039109E-08  2.039479E-08
  7.829000E+03  4.747701E-07  1.062099E-04 -6.585645E-07  1.920055E-04 -1.544847E-02  2.039045E-08  2.039354E-08
  7.830000E+03 -2.397144E-07  1.063520E-04 -7.489219E-07  1.917553E-04 -1.429725E-02  2.039146E-08  2.039447E-08
  7.831000E+03  3.594111E-08  1.063153E-04  4.509378E-07  1.918194E-04 -1.725122E-02  2.039031E-08  2.039400E-08
  7.832000E+03  5.116024E-07  1.062111E-04 -5.099333E-07  1.919934E-04 -1.490051E-02  2.038957E-08  2.039248E-08
  7.833000E+03 -1.794911E-07  1.063739E-04 -8.744590E-07  1.917114E-04 -1.471045E-02  2.039088E-08  2.039412E-08
  7.834000E+03 -5.081742E-08  1.062833E-04  4.041519E-07  1.918733E-04 -1.734113E-02  2.038986E-08  2.039349E-08
  7.835000E+03  5.272602E-07  1.062221E-04 -3.489950E-07  1.919658E-04 -1.436712E-02  2.038890E-08  2.039167E-08
  7.836000E+03 -1.044397E-07  1.063891E-04 -9.701342E-07  1.916784E-04 -1.527684E-02  2.039011E-08  2.039361E-08
  7.837000E+03 -1.287103E-07  1.062493E-04  3.199845E-07  1.919315E-04 -1.722605E-02  2.038957E-08  2.039306E-08
  7.838000E+03  5.222093E-07  1.062450E-04 -1.881537E-07  1.919225E-04 -1.390510E-02  2.038883E-08  2.039149E-08
  7.839000E+03 -2.231019E-08  1.063930E-04 -1.030252E-06  1.916646E-04 -1.597443E-02  2.038917E-08  2.039293E-08
  7.840000E+03 -1.928662E-07  1.062146E-04  2.098414E-07  1.919860E-04 -1.687866E-02  2.038881E-08  2.039211E-08
  7.841000E+03  4.970277E-07  1.062798E-04 -3.769272E-08  1.918591E-04 -1.359397E-02  2.038886E-08  2.039149E-08
  7.842000E+03  6.273296E-08  1.063805E-04 -1.052412E-06  1.916803E-04 -1.671408E-02  2.038819E-08  2.039218E-08
  7.843000E+03 -2.393055E-07  1.061858E-04  7.868578E-08  1.920246E-04 -1.627517E-02  2.038759E-08  2.039065E-08
  7.844000E+03  4.502515E-07  1.063234E-04  9.564405E-08  1.917792E-04 -1.357208E-02  2.038874E-08  2.039145E-08
  7.845000E+03  1.487832E-07  1.063535E-04 -1.032041E-06  1.917303E-04 -1.735864E-02  2.038812E-08  2.039224E-08
  7.846000E+03 -2.682273E-07  1.061718E-04 -6.948107E-08  1.920416E-04 -1.548687E-02  2.038695E-08  2.038974E-08
  7.847000E+03  3.877296E-07  1.063662E-04  2.072522E-07  1.917002E-04 -1.390459E-02  2.038845E-08  2.039136E-08
  7.848000E+03  2.302108E-07  1.063153E-04 -9.760753E-07  1.918041E-04 -1.777204E-02  2.038849E-08  2.039263E-08
  7.849000E+03 -2.801099E-07  1.061772E-04 -2.229372E-07  1.920317E-04 -1.463165E-02  2.038719E-08  2.038975E-08
  7.850000E+03  3.166057E-07  1.063975E-04  2.919809E-07  1.916422E-04 -1.453429E-02  2.038809E-08  2.039125E-08
  7.851000E+03  3.006022E-07  1.062702E-04 -8.933820E-07  1.918844E-04 -1.785906E-02  2.038835E-08  2.039239E-08
  7.852000E+03 -2.722103E-07  1.062035E-04 -3.711422E-07  1.919901E-04 -1.386244E-02  2.038806E-08  2.039046E-08
  7.853000E+03  2.390681E-07  1.064136E-04  3.424462E-07  1.916177E-04 -1.537749E-02  2.038833E-08  2.039177E-08
  7.854000E+03  3.578412E-07  1.062261E-04 -7.865480E-07  1.919630E-04 -1.758919E-02  2.038832E-08  2.039214E-08
  7.855000E+03 -2.445623E-07  1.062472E-04 -5.098145E-07  1.919202E-04 -1.334951E-02  2.038917E-08  2.039155E-08
  7.856000E+03  1.574199E-07  1.064113E-04  3.567455E-07  1.916333E-04 -1.629221E-02  2.038923E-08  2.039293E-08
  7.857000E+03  4.016484E-07  1.061920E-04 -6.599624E-07  1.920270E-04 -1.697746E-02  2.038880E-08  2.039231E-08
  7.858000E+03 -2.016802E-07  1.062956E-04 -6.345305E-07  1.918363E-04 -1.321913E-02  2.038958E-08  2.039207E-08
  7.859000E+03  7.717105E-08  1.063886E-04  3.392358E-07  1.916820E-04 -1.704885E-02  2.038981E-08  2.039365E-08
  7.860000E+03  4.305026E-07  1.061761E-04 -5.233952E-07  1.920577E-04 -1.615178E-02  2.038928E-08  2.039245E-08
  7.861000E+03 -1.470352E-07  1.063394E-04 -7.392635E-07  1.917601E-04 -1.346957E-02  2.038980E-08  2.039251E-08
  7.862000E+03  1.856581E-09  1.063534E-04  2.938676E-07  1.917509E-04 -1.752404E-02  2.039023E-08  2.039411E-08
  7.863000E+03  4.426679E-07  1.061808E-04 -3.824647E-07  1.920563E-04 -1.527947E-02  2.039032E-08  2.039319E-08
  7.864000E+03 -8.243742E-08  1.063775E-04 -8.189767E-07  1.917053E-04 -1.401846E-02  2.039113E-08  2.039413E-08
  7.865000E+03 -6.493910E-08  1.063132E-04  2.212118E-07  1.918342E-04 -1.772640E-02  2.039131E-08  2.039512E-08
  7.866000E+03  4.366078E-07  1.062022E-04 -2.430589E-07  1.920304E-04 -1.447952E-02  2.039192E-08  2.039456E-08
  7.867000E+03 -1.113377E-08  1.064045E-04 -8.678047E-07  1.916731E-04 -1.477598E-02  2.039264E-08  2.039596E-08
  7.868000E+03 -1.181570E-07  1.062720E-04  1.234642E-07  1.919193E-04 -1.763629E-02  2.039247E-08  2.039613E-08
  7.869000E+03  4.116978E-07  1.062323E-04 -1.148093E-07  1.919804E-04 -1.388104E-02  2.039255E-08  2.039505E-08
  7.870000E+03  6.355558E-08  1.064123E-04 -8.816520E-07  1.916640E-04 -1.558031E-02  2.039292E-08  2.039652E-08
  7.871000E+03 -1.552938E-07  1.062375E-04  5.154794E-09  1.919850E-04 -1.725895E-02  2.039296E-08  2.039640E-08
  7.872000E+03  3.690897E-07  1.062673E-04 -3.731352E-09  1.919171E-04 -1.357280E-02  2.039262E-08  2.039509E-08
  7.873000E+03  1.390076E-07  1.064035E-04 -8.605888E-07  1.916791E-04 -1.631330E-02  2.039262E-08  2.039642E-08
  7.874000E+03 -1.763439E-07  1.062127E-04 -1.284504E-07  1.920278E-04 -1.668268E-02  2.039294E-08  2.039614E-08
  7.875000E+03  3.120237E-07  1.063067E-04  8.739125E-08  1.918493E-04 -1.353202E-02  2.039300E-08  2.039553E-08
  7.876000E+03  2.096747E-07  1.063821E-04 -8.063798E-07  1.917178E-04 -1.695465E-02  2.039242E-08  2.039636E-08
  7.877000E+03 -1.793479E-07  1.061955E-04 -2.678805E-07  1.920510E-04 -1.597766E-02  2.039235E-08  2.039529E-08
  7.878000E+03  2.440973E-07  1.063460E-04  1.515435E-07  1.917773E-04 -1.372714E-02  2.039283E-08  2.039549E-08
  7.879000E+03  2.687939E-07  1.063491E-04 -7.204676E-07  1.917748E-04 -1.744240E-02  2.039198E-08  2.039598E-08
  7.880000E+03 -1.624060E-07  1.061891E-04 -4.011712E-07  1.920501E-04 -1.520490E-02  2.039127E-08  2.039399E-08
  7.881000E+03  1.698590E-07  1.063778E-04  1.810162E-07  1.917083E-04 -1.418799E-02  2.039146E-08  2.039435E-08
  7.882000E+03  3.124168E-07  1.063076E-04 -6.086139E-07  1.918431E-04 -1.766140E-02  2.039121E-08  2.039515E-08
  7.883000E+03 -1.271693E-07  1.061998E-04 -5.189757E-07  1.920201E-04 -1.446783E-02  2.039036E-08  2.039289E-08
  7.884000E+03  9.530069E-08  1.063960E-04  1.740005E-07  1.916604E-04 -1.489592E-02  2.038964E-08  2.039279E-08
  7.885000E+03  3.381964E-07  1.062627E-04 -4.808508E-07  1.919115E-04 -1.755739E-02  2.038989E-08  2.039366E-08
  7.886000E+03 -7.585460E-08  1.062273E-04 -6.146813E-07  1.919612E-04 -1.388877E-02  2.038955E-08  2.039201E-08
  7.887000E+03  2.573559E-08  1.063976E-04  1.304055E-07  1.916468E-04 -1.571498E-02  2.038825E-08  2.039166E-08
  7.888000E+03  3.445684E-07  1.062217E-04 -3.465166E-07  1.919691E-04 -1.714753E-02  2.038829E-08  2.039180E-08
  7.889000E+03 -1.211982E-08  1.062655E-04 -6.820150E-07  1.918826E-04 -1.357492E-02  2.038863E-08  2.039112E-08
  7.890000E+03 -3.357104E-08  1.063839E-04  5.307629E-08  1.916689E-04 -1.647432E-02  2.038771E-08  2.039133E-08
  7.891000E+03  3.325331E-07  1.061942E-04 -2.170473E-07  1.920073E-04 -1.651199E-02  2.038727E-08  2.039048E-08
  7.892000E+03  5.531235E-08  1.063067E-04 -7.155238E-07  1.918005E-04 -1.361816E-02  2.038778E-08  2.039042E-08
  7.893000E+03 -7.676346E-08  1.063562E-04 -4.546938E-08  1.917212E-04 -1.703626E-02  2.038778E-08  2.039150E-08
  7.894000E+03  3.042480E-07  1.061869E-04 -1.060555E-07  1.920178E-04 -1.574765E-02  2.038725E-08  2.039017E-08
  7.895000E+03  1.209998E-07  1.063415E-04 -7.148875E-07  1.917338E-04 -1.401685E-02  2.038726E-08  2.039013E-08
  7.896000E+03 -1.002534E-07  1.063190E-04 -1.573659E-07  1.917896E-04 -1.730574E-02  2.038784E-08  2.039154E-08
  7.897000E+03  2.584489E-07  1.062012E-04 -1.966978E-08  1.919967E-04 -1.500087E-02  2.038798E-08  2.039067E-08
  7.898000E+03  1.832424E-07  1.063641E-04 -6.761106E-07  1.916974E-04 -1.466876E-02  2.038751E-08  2.039065E-08
  7.899000E+03 -1.047553E-07  1.062796E-04 -2.785862E-07  1.918607E-04 -1.725589E-02  2.038785E-08  2.039143E-08
  7.900000E+03  2.000538E-07  1.062307E-04  3.933754E-08  1.919468E-04 -1.444857E-02  2.038852E-08  2.039108E-08
  7.901000E+03  2.380340E-07  1.063706E-04 -6.056482E-07  1.916950E-04 -1.538971E-02  2.038831E-08  2.039168E-08
  7.902000E+03 -9.308007E-08  1.062488E-04 -3.986748E-07  1.919189E-04 -1.691549E-02  2.038823E-08  2.039164E-08
  7.903000E+03  1.370171E-07  1.062636E-04  6.980945E-08  1.918873E-04 -1.419774E-02  2.038858E-08  2.039113E-08
  7.904000E+03  2.784079E-07  1.063626E-04 -5.135235E-07  1.917178E-04 -1.598396E-02  2.038899E-08  2.039250E-08
  7.905000E+03 -6.412118E-08  1.062337E-04 -5.045795E-07  1.919528E-04 -1.640972E-02  2.038911E-08  2.039233E-08
  7.906000E+03  7.364373E-08  1.062927E-04  6.583920E-08  1.918380E-04 -1.423840E-02  2.038892E-08  2.039155E-08
  7.907000E+03  3.020898E-07  1.063451E-04 -4.064409E-07  1.917543E-04 -1.637740E-02  2.038940E-08  2.039296E-08
  7.908000E+03 -1.975262E-08  1.062350E-04 -5.901269E-07  1.919618E-04 -1.587457E-02  2.039048E-08  2.039354E-08
  7.909000E+03  1.174609E-08  1.063166E-04  2.964177E-08  1.918065E-04 -1.450861E-02  2.039007E-08  2.039283E-08
  7.910000E+03  3.117672E-07  1.063235E-04 -2.903420E-07  1.918000E-04 -1.655782E-02  2.039005E-08  2.039359E-08
  7.911000E+03  3.439467E-08  1.062443E-04 -6.558997E-07  1.919498E-04 -1.543138E-02  2.039116E-08  2.039411E-08
  7.912000E+03 -4.447787E-08  1.063317E-04 -3.105951E-08  1.917895E-04 -1.485820E-02  2.039106E-08  2.039396E-08
  7.913000E+03  3.066212E-07  1.063045E-04 -1.729614E-07  1.918411E-04 -1.656203E-02  2.039077E-08  2.039423E-08
  7.914000E+03  9.452512E-08  1.062536E-04 -6.970053E-07  1.919299E-04 -1.514216E-02  2.039091E-08  2.039382E-08
  7.915000E+03 -9.083775E-08  1.063380E-04 -1.122229E-07  1.917814E-04 -1.514800E-02  2.039130E-08  2.039432E-08
  7.916000E+03  2.852870E-07  1.062938E-04 -6.155180E-08  1.918676E-04 -1.647089E-02  2.039157E-08  2.039494E-08
  7.917000E+03  1.577725E-07  1.062617E-04 -7.082484E-07  1.919166E-04 -1.498819E-02  2.039110E-08  2.039401E-08
  7.918000E+03 -1.252769E-07  1.063401E-04 -2.098485E-07  1.917787E-04 -1.536760E-02  2.039135E-08  2.039446E-08
  7.919000E+03  2.481592E-07  1.062889E-04  3.941658E-08  1.918853E-04 -1.634938E-02  2.039255E-08  2.039584E-08
  7.920000E+03  2.225119E-07  1.062710E-04 -6.890321E-07  1.919081E-04 -1.491927E-02  2.039200E-08  2.039492E-08
  7.921000E+03 -1.444216E-07  1.063389E-04 -3.235579E-07  1.917821E-04 -1.556432E-02  2.039142E-08  2.039461E-08
  7.922000E+03  1.957875E-07  1.062828E-04  1.226941E-07  1.918965E-04 -1.622474E-02  2.039262E-08  2.039584E-08
  7.923000E+03  2.846358E-07  1.062800E-04 -6.369465E-07  1.918948E-04 -1.487634E-02  2.039233E-08  2.039526E-08
  7.924000E+03 -1.441273E-07  1.063364E-04 -4.486430E-07  1.917872E-04 -1.573931E-02  2.039143E-08  2.039469E-08
  7.925000E+03  1.310553E-07  1.062729E-04  1.774857E-07  1.919047E-04 -1.611662E-02  2.039163E-08  2.039478E-08
  7.926000E+03  3.396881E-07  1.062886E-04 -5.539731E-07  1.918739E-04 -1.482553E-02  2.039177E-08  2.039472E-08
  7.927000E+03 -1.230446E-07  1.063339E-04 -5.773042E-07  1.917926E-04 -1.590226E-02  2.039148E-08  2.039482E-08
  7.928000E+03  5.739847E-08  1.062642E-04  1.981403E-07  1.919151E-04 -1.598078E-02  2.039111E-08  2.039418E-08
  7.929000E+03  3.838473E-07  1.062981E-04 -4.437466E-07  1.918502E-04 -1.482894E-02  2.039108E-08  2.039406E-08
  7.930000E+03 -8.241135E-08  1.063285E-04 -7.008034E-07  1.918035E-04 -1.604073E-02  2.039156E-08  2.039496E-08
  7.931000E+03 -2.101533E-08  1.062605E-04  1.835795E-07  1.919221E-04 -1.578807E-02  2.039119E-08  2.039419E-08
  7.932000E+03  4.124076E-07  1.063065E-04 -3.106155E-07  1.918292E-04 -1.493128E-02  2.039041E-08  2.039345E-08
  7.933000E+03 -2.470192E-08  1.063183E-04 -8.075678E-07  1.918181E-04 -1.613259E-02  2.039111E-08  2.039455E-08
  7.934000E+03 -9.765777E-08  1.062599E-04  1.331898E-07  1.919177E-04 -1.558764E-02  2.039068E-08  2.039362E-08
  7.935000E+03  4.199477E-07  1.063110E-04 -1.630593E-07  1.918142E-04 -1.506355E-02  2.038963E-08  2.039272E-08
  7.936000E+03  4.772788E-08  1.063067E-04 -8.846879E-07  1.918287E-04 -1.617844E-02  2.039000E-08  2.039347E-08
  7.937000E+03 -1.652110E-07  1.062599E-04  4.544421E-08  1.919048E-04 -1.544423E-02  2.038935E-08  2.039227E-08
  7.938000E+03  4.030323E-07  1.063126E-04 -1.284388E-08  1.918053E-04 -1.515335E-02  2.038898E-08  2.039208E-08
  7.939000E+03  1.304558E-07  1.062997E-04 -9.214772E-07  1.918341E-04 -1.619184E-02  2.038924E-08  2.039273E-08
  7.940000E+03 -2.194093E-07  1.062606E-04 -7.442065E-08  1.918945E-04 -1.538487E-02  2.038842E-08  2.039134E-08
  7.941000E+03  3.634253E-07  1.063128E-04  1.299503E-07  1.918020E-04 -1.520638E-02  2.038866E-08  2.039175E-08
  7.942000E+03  2.193056E-07  1.062978E-04 -9.179073E-07  1.918369E-04 -1.617499E-02  2.038917E-08  2.039268E-08
  7.943000E+03 -2.574915E-07  1.062612E-04 -2.203758E-07  1.918913E-04 -1.537035E-02  2.038819E-08  2.039115E-08
  7.944000E+03  3.047141E-07  1.063130E-04  2.567052E-07  1.917989E-04 -1.525553E-02  2.038833E-08  2.039143E-08
  7.945000E+03  3.064681E-07  1.062944E-04 -8.745053E-07  1.918383E-04 -1.617751E-02  2.038868E-08  2.039220E-08
  7.946000E+03 -2.744548E-07  1.062588E-04 -3.810088E-07  1.918917E-04 -1.529478E-02  2.038779E-08  2.039075E-08
  7.947000E+03  2.318203E-07  1.063169E-04  3.531575E-07  1.917853E-04 -1.532788E-02  2.038762E-08  2.039073E-08
  7.948000E+03  3.825330E-07  1.062839E-04 -7.931097E-07  1.918465E-04 -1.623255E-02  2.038751E-08  2.039104E-08
  7.949000E+03 -2.659338E-07  1.062576E-04 -5.411459E-07  1.918888E-04 -1.507363E-02  2.038733E-08  2.039026E-08
  7.950000E+03  1.469055E-07  1.063294E-04  4.086858E-07  1.917641E-04 -1.547643E-02  2.038773E-08  2.039091E-08
  7.951000E+03  4.445789E-07  1.062693E-04 -6.755645E-07  1.918736E-04 -1.630819E-02  2.038757E-08  2.039108E-08
  7.952000E+03 -2.326493E-07  1.062636E-04 -6.942998E-07  1.918808E-04 -1.477498E-02  2.038772E-08  2.039061E-08
  7.953000E+03  5.363417E-08  1.063469E-04  4.216033E-07  1.917456E-04 -1.574811E-02  2.038901E-08  2.039231E-08
  7.954000E+03  4.919150E-07  1.062519E-04 -5.286423E-07  1.919183E-04 -1.632160E-02  2.038896E-08  2.039242E-08
  7.955000E+03 -1.811436E-07  1.062779E-04 -8.334850E-07  1.918623E-04 -1.448475E-02  2.038858E-08  2.039146E-08
  7.956000E+03 -3.966743E-08  1.063561E-04  3.979327E-07  1.917387E-04 -1.613440E-02  2.038993E-08  2.039336E-08
  7.957000E+03  5.221341E-07  1.062314E-04 -3.670143E-07  1.919636E-04 -1.614228E-02  2.038989E-08  2.039322E-08
  7.958000E+03 -1.145872E-07  1.063019E-04 -9.511516E-07  1.918238E-04 -1.429666E-02  2.038915E-08  2.039207E-08
  7.959000E+03 -1.264376E-07  1.063490E-04  3.384308E-07  1.917533E-04 -1.659616E-02  2.038996E-08  2.039353E-08
  7.960000E+03  5.301227E-07  1.062148E-04 -1.994909E-07  1.919949E-04 -1.569462E-02  2.039020E-08  2.039332E-08
  7.961000E+03 -3.311210E-08  1.063393E-04 -1.036912E-06  1.917692E-04 -1.432241E-02  2.039051E-08  2.039358E-08
  7.962000E+03 -2.029998E-07  1.063252E-04  2.402171E-07  1.918038E-04 -1.706698E-02  2.039060E-08  2.039426E-08
  7.963000E+03  5.152435E-07  1.062121E-04 -3.291471E-08  1.920050E-04 -1.501032E-02  2.039095E-08  2.039383E-08
  7.964000E+03  6.085220E-08  1.063807E-04 -1.087406E-06  1.917141E-04 -1.467315E-02  2.039249E-08  2.039581E-08
  7.965000E+03 -2.687187E-07  1.062889E-04  1.076301E-07  1.918844E-04 -1.736073E-02  2.039211E-08  2.039576E-08
  7.966000E+03  4.808733E-07  1.062264E-04  1.285485E-07  1.919859E-04 -1.426244E-02  2.039190E-08  2.039455E-08
  7.967000E+03  1.612601E-07  1.064081E-04 -1.104248E-06  1.916746E-04 -1.533717E-02  2.039333E-08  2.039697E-08
  7.968000E+03 -3.203741E-07  1.062458E-04 -4.993712E-08  1.919713E-04 -1.727023E-02  2.039310E-08  2.039663E-08
  7.969000E+03  4.283208E-07  1.062602E-04  2.773086E-07  1.919281E-04 -1.368740E-02  2.039242E-08  2.039496E-08
  7.970000E+03  2.593812E-07  1.064105E-04 -1.082597E-06  1.916706E-04 -1.620277E-02  2.039308E-08  2.039704E-08
  7.971000E+03 -3.519368E-07  1.062076E-04 -2.200999E-07  1.920405E-04 -1.673674E-02  2.039331E-08  2.039661E-08
  7.972000E+03  3.577589E-07  1.063094E-04  4.011023E-07  1.918430E-04 -1.346654E-02  2.039286E-08  2.039544E-08
  7.973000E+03  3.496253E-07  1.063880E-04 -1.018019E-06  1.917122E-04 -1.705405E-02  2.039291E-08  2.039709E-08
  7.974000E+03 -3.607109E-07  1.061852E-04 -3.939318E-07  1.920746E-04 -1.590782E-02  2.039290E-08  2.039591E-08
  7.975000E+03  2.707988E-07  1.063596E-04  4.931336E-07  1.917550E-04 -1.365769E-02  2.039309E-08  2.039585E-08
  7.976000E+03  4.324598E-07  1.063460E-04 -9.141501E-07  1.917864E-04 -1.766365E-02  2.039253E-08  2.039679E-08
  7.977000E+03 -3.480207E-07  1.061829E-04 -5.712388E-07  1.920661E-04 -1.497906E-02  2.039185E-08  2.039461E-08
  7.978000E+03  1.713353E-07  1.063967E-04  5.527318E-07  1.916816E-04 -1.424379E-02  2.039221E-08  2.039525E-08
  7.979000E+03  5.036589E-07  1.062935E-04 -7.752015E-07  1.918731E-04 -1.785689E-02  2.039162E-08  2.039580E-08
  7.980000E+03 -3.120923E-07  1.062014E-04 -7.450474E-07  1.920172E-04 -1.414556E-02  2.039045E-08  2.039305E-08
  7.981000E+03  6.581887E-08  1.064145E-04  5.708131E-07  1.916378E-04 -1.509953E-02  2.039072E-08  2.039407E-08
  7.982000E+03  5.561848E-07  1.062425E-04 -6.081139E-07  1.919542E-04 -1.763228E-02  2.039053E-08  2.039449E-08
  7.983000E+03 -2.518374E-07  1.062352E-04 -9.021467E-07  1.919431E-04 -1.355494E-02  2.038924E-08  2.039180E-08
  7.984000E+03 -3.920254E-08  1.064146E-04  5.395888E-07  1.916300E-04 -1.601688E-02  2.038962E-08  2.039326E-08
  7.985000E+03  5.865409E-07  1.062012E-04 -4.230531E-07  1.920173E-04 -1.712731E-02  2.038947E-08  2.039314E-08
  7.986000E+03 -1.714111E-07  1.062776E-04 -1.031955E-06  1.918608E-04 -1.325547E-02  2.038871E-08  2.039134E-08
  7.987000E+03 -1.382281E-07  1.063999E-04  4.627016E-07  1.916545E-04 -1.685693E-02  2.038912E-08  2.039298E-08
  7.988000E+03  5.926142E-07  1.061734E-04 -2.292649E-07  1.920587E-04 -1.643243E-02  2.038877E-08  2.039212E-08
  7.989000E+03 -7.586872E-08  1.063225E-04 -1.125903E-06  1.917789E-04 -1.327330E-02  2.038863E-08  2.039142E-08
  7.990000E+03 -2.237618E-07  1.063718E-04  3.438967E-07  1.917052E-04 -1.753177E-02  2.038888E-08  2.039289E-08
  7.991000E+03  5.711300E-07  1.061601E-04 -3.901007E-08  1.920773E-04 -1.559369E-02  2.038847E-08  2.039149E-08
  7.992000E+03  3.048853E-08  1.063670E-04 -1.173728E-06  1.917004E-04 -1.361123E-02  2.038870E-08  2.039176E-08
  7.993000E+03 -2.903699E-07  1.063308E-04  1.871678E-07  1.917784E-04 -1.800352E-02  2.038864E-08  2.039269E-08
  7.994000E+03  5.227312E-07  1.061617E-04  1.362427E-07  1.920704E-04 -1.465358E-02  2.038833E-08  2.039102E-08
  7.995000E+03  1.427549E-07  1.064084E-04 -1.172526E-06  1.916303E-04 -1.423483E-02  2.038901E-08  2.039241E-08
  7.996000E+03 -3.370194E-07  1.062811E-04  1.488927E-09  1.918717E-04 -1.821931E-02  2.038896E-08  2.039296E-08
  7.997000E+03  4.519158E-07  1.061815E-04  2.905689E-07  1.920351E-04 -1.373240E-02  2.038865E-08  2.039107E-08
  7.998000E+03  2.533673E-07  1.064404E-04 -1.124865E-06  1.915814E-04 -1.511531E-02  2.038967E-08  2.039345E-08
  7.999000E+03 -3.615608E-07  1.062280E-04 -1.997815E-07  1.919756E-04 -1.809962E-02  2.038985E-08  2.039369E-08
  8.000000E+03  3.655141E-07  1.062211E-04  4.138058E-07  1.919681E-04 -1.298703E-02  2.038934E-08  2.039160E-08
  8.001000E+03  3.511593E-07  1.064513E-04 -1.034915E-06  1.915690E-04 -1.617506E-02  2.039010E-08  2.039425E-08
  8.002000E+03 -3.606851E-07  1.061764E-04 -3.970363E-07  1.920701E-04 -1.755749E-02  2.039017E-08  2.039374E-08
  8.003000E+03  2.704430E-07  1.062772E-04  4.933861E-07  1.918676E-04 -1.257421E-02  2.038953E-08  2.039178E-08
  8.004000E+03  4.289260E-07  1.064335E-04 -9.104118E-07  1.916020E-04 -1.727238E-02  2.038982E-08  2.039427E-08
  8.005000E+03 -3.344478E-07  1.061370E-04 -5.757505E-07  1.921361E-04 -1.656831E-02  2.038994E-08  2.039313E-08
  8.006000E+03  1.719027E-07  1.063472E-04  5.249727E-07  1.917441E-04 -1.265089E-02  2.038981E-08  2.039226E-08
  8.007000E+03  4.835516E-07  1.063876E-04 -7.591384E-07  1.916905E-04 -1.822754E-02  2.039011E-08  2.039470E-08
  8.008000E+03 -2.864619E-07  1.061229E-04 -7.265719E-07  1.921580E-04 -1.526060E-02  2.039000E-08  2.039276E-08
  8.009000E+03  7.334079E-08  1.064167E-04  5.128752E-07  1.916270E-04 -1.328114E-02  2.039051E-08  2.039334E-08
  8.010000E+03  5.172141E-07  1.063218E-04 -5.898864E-07  1.918201E-04 -1.880637E-02  2.039106E-08  2.039562E-08
  8.011000E+03 -2.207332E-07  1.061379E-04 -8.504498E-07  1.921269E-04 -1.391682E-02  2.038997E-08  2.039239E-08
  8.012000E+03 -2.129618E-08  1.064658E-04  4.617670E-07  1.915432E-04 -1.434929E-02  2.039071E-08  2.039400E-08
  8.013000E+03  5.317563E-07  1.062459E-04 -4.121624E-07  1.919588E-04 -1.883027E-02  2.039122E-08  2.039555E-08
  8.014000E+03 -1.420075E-07  1.061843E-04 -9.470267E-07  1.920396E-04 -1.280263E-02  2.038993E-08  2.039215E-08
  8.015000E+03 -1.046905E-07  1.064824E-04  3.749236E-07  1.915149E-04 -1.572757E-02  2.039045E-08  2.039422E-08
  8.016000E+03  5.249304E-07  1.061762E-04 -2.387477E-07  1.920830E-04 -1.818311E-02  2.039128E-08  2.039517E-08
  8.017000E+03 -5.374599E-08  1.062605E-04 -1.008825E-06  1.919081E-04 -1.219772E-02  2.039073E-08  2.039299E-08
  8.018000E+03 -1.715769E-07  1.064631E-04  2.547948E-07  1.915602E-04 -1.718695E-02  2.039109E-08  2.039526E-08
  8.019000E+03  4.957673E-07  1.061283E-04 -7.939341E-08  1.921702E-04 -1.696045E-02  2.039177E-08  2.039510E-08
  8.020000E+03  4.164512E-08  1.063475E-04 -1.031837E-06  1.917622E-04 -1.223650E-02  2.039189E-08  2.039441E-08
  8.021000E+03 -2.218406E-07  1.064108E-04  1.061177E-07  1.916677E-04 -1.837964E-02  2.039207E-08  2.039646E-08
  8.022000E+03  4.472258E-07  1.061123E-04  6.313835E-08  1.921968E-04 -1.544924E-02  2.039202E-08  2.039478E-08
  8.023000E+03  1.395727E-07  1.064210E-04 -1.018081E-06  1.916338E-04 -1.292617E-02  2.039215E-08  2.039511E-08
  8.024000E+03 -2.562465E-07  1.063373E-04 -6.122361E-08  1.918071E-04 -1.898474E-02  2.039258E-08  2.039697E-08
  8.025000E+03  3.832209E-07  1.061333E-04  1.870351E-07  1.921540E-04 -1.401939E-02  2.039193E-08  2.039426E-08
  8.026000E+03  2.314050E-07  1.064673E-04 -9.680370E-07  1.915545E-04 -1.410442E-02  2.039226E-08  2.039572E-08
  8.027000E+03 -2.706437E-07  1.062609E-04 -2.334358E-07  1.919481E-04 -1.891626E-02  2.039293E-08  2.039709E-08
  8.028000E+03  3.066969E-07  1.061838E-04  2.814371E-07  1.920601E-04 -1.294777E-02  2.039197E-08  2.039406E-08
  8.029000E+03  3.104301E-07  1.064799E-04 -8.818794E-07  1.915345E-04 -1.551004E-02  2.039212E-08  2.039605E-08
  8.030000E+03 -2.623272E-07  1.061944E-04 -3.993463E-07  1.920623E-04 -1.826788E-02  2.039254E-08  2.039633E-08
  8.031000E+03  2.214598E-07  1.062502E-04  3.376521E-07  1.919359E-04 -1.238412E-02  2.039166E-08  2.039373E-08
  8.032000E+03  3.736501E-07  1.064594E-04 -7.646910E-07  1.915690E-04 -1.685464E-02  2.039142E-08  2.039570E-08
  8.033000E+03 -2.319191E-07  1.061485E-04 -5.523984E-07  1.921324E-04 -1.719428E-02  2.039155E-08  2.039491E-08
  8.034000E+03  1.314425E-07  1.063195E-04  3.535654E-07  1.918046E-04 -1.239041E-02  2.039101E-08  2.039324E-08
  8.035000E+03  4.173546E-07  1.064151E-04 -6.212005E-07  1.916475E-04 -1.789514E-02  2.039093E-08  2.039538E-08
  8.036000E+03 -1.803450E-07  1.061290E-04 -6.843446E-07  1.921557E-04 -1.593543E-02  2.039071E-08  2.039363E-08
  8.037000E+03  4.321171E-08  1.063804E-04  3.254191E-07  1.916900E-04 -1.290005E-02  2.039037E-08  2.039292E-08
  8.038000E+03  4.373772E-07  1.063562E-04 -4.610381E-07  1.917515E-04 -1.851601E-02  2.039046E-08  2.039491E-08
  8.039000E+03 -1.103450E-07  1.061330E-04 -7.844685E-07  1.921327E-04 -1.471963E-02  2.038942E-08  2.039200E-08
  8.040000E+03 -3.814486E-08  1.064235E-04  2.543656E-07  1.916031E-04 -1.376220E-02  2.038914E-08  2.039208E-08
  8.041000E+03  4.341110E-07  1.062910E-04 -2.947638E-07  1.918592E-04 -1.868463E-02  2.038934E-08  2.039363E-08
  8.042000E+03 -2.830202E-08  1.061577E-04 -8.480990E-07  1.920720E-04 -1.367523E-02  2.038801E-08  2.039036E-08
  8.043000E+03 -1.065961E-07  1.064480E-04  1.480713E-07  1.915509E-04 -1.483231E-02  2.038797E-08  2.039132E-08
  8.044000E+03  4.083225E-07  1.062295E-04 -1.351523E-07  1.919636E-04 -1.841442E-02  2.038875E-08  2.039274E-08
  8.045000E+03  5.788566E-08  1.062029E-04 -8.700186E-07  1.919851E-04 -1.291889E-02  2.038767E-08  2.038992E-08
  8.046000E+03 -1.546381E-07  1.064540E-04  1.598708E-08  1.915438E-04 -1.599535E-02  2.038800E-08  2.039174E-08
  8.047000E+03  3.611996E-07  1.061778E-04  1.701582E-09  1.920575E-04 -1.775859E-02  2.038904E-08  2.039264E-08
  8.048000E+03  1.439119E-07  1.062633E-04 -8.489304E-07  1.918799E-04 -1.253639E-02  2.038819E-08  2.039050E-08
  8.049000E+03 -1.789649E-07  1.064363E-04 -1.360630E-07  1.915842E-04 -1.711599E-02  2.038854E-08  2.039259E-08
  8.050000E+03  2.954159E-07  1.061407E-04  1.068670E-07  1.921226E-04 -1.677198E-02  2.038915E-08  2.039230E-08
  8.051000E+03  2.252980E-07  1.063301E-04 -7.863746E-07  1.917637E-04 -1.260232E-02  2.038864E-08  2.039115E-08
  8.052000E+03 -1.792926E-07  1.063958E-04 -2.993217E-07  1.916672E-04 -1.802802E-02  2.038927E-08  2.039350E-08
  8.053000E+03  2.176369E-07  1.061264E-04  1.740710E-07  1.921467E-04 -1.556981E-02  2.038937E-08  2.039207E-08
  8.054000E+03  2.947645E-07  1.063952E-04 -6.895170E-07  1.916564E-04 -1.314006E-02  2.038956E-08  2.039241E-08
  8.055000E+03 -1.579217E-07  1.063395E-04 -4.571937E-07  1.917833E-04 -1.860486E-02  2.039061E-08  2.039489E-08
  8.056000E+03  1.365519E-07  1.061390E-04  2.005019E-07  1.921286E-04 -1.432754E-02  2.039025E-08  2.039257E-08
  8.057000E+03  3.450497E-07  1.064458E-04 -5.696054E-07  1.915786E-04 -1.407821E-02  2.039072E-08  2.039399E-08
  8.058000E+03 -1.176885E-07  1.062736E-04 -5.926604E-07  1.919150E-04 -1.869410E-02  2.039193E-08  2.039608E-08
  8.059000E+03  5.860881E-08  1.061802E-04  1.863422E-07  1.920603E-04 -1.327240E-02  2.039121E-08  2.039329E-08
  8.060000E+03  3.718039E-07  1.064666E-04 -4.358748E-07  1.915498E-04 -1.531306E-02  2.039127E-08  2.039497E-08
  8.061000E+03 -6.284017E-08  1.062096E-04 -6.933476E-07  1.920354E-04 -1.816848E-02  2.039263E-08  2.039645E-08
  8.062000E+03 -1.178449E-08  1.062462E-04  1.363551E-07  1.919455E-04 -1.266846E-02  2.039184E-08  2.039390E-08
  8.063000E+03  3.744122E-07  1.064534E-04 -2.966563E-07  1.915832E-04 -1.662591E-02  2.039187E-08  2.039591E-08
  8.064000E+03  3.115577E-09  1.061620E-04 -7.550187E-07  1.921190E-04 -1.713424E-02  2.039274E-08  2.039611E-08
  8.065000E+03 -7.265578E-08  1.063213E-04  5.590169E-08  1.918122E-04 -1.262921E-02  2.039210E-08  2.039435E-08
  8.066000E+03  3.555403E-07  1.064104E-04 -1.581938E-07  1.916686E-04 -1.772771E-02  2.039232E-08  2.039654E-08
  8.067000E+03  7.725188E-08  1.061408E-04 -7.805260E-07  1.921487E-04 -1.584154E-02  2.039226E-08  2.039518E-08
  8.068000E+03 -1.207544E-07  1.063871E-04 -5.191782E-08  1.916921E-04 -1.313579E-02  2.039182E-08  2.039442E-08
  8.069000E+03  3.185203E-07  1.063479E-04 -2.986995E-08  1.917843E-04 -1.835563E-02  2.039241E-08  2.039662E-08
  8.070000E+03  1.547529E-07  1.061520E-04 -7.724446E-07  1.921181E-04 -1.458996E-02  2.039156E-08  2.039413E-08
  8.071000E+03 -1.529059E-07  1.064302E-04 -1.801423E-07  1.916130E-04 -1.408878E-02  2.039139E-08  2.039443E-08
  8.072000E+03  2.672399E-07  1.062804E-04  7.861017E-08  1.919064E-04 -1.837507E-02  2.039245E-08  2.039644E-08
  8.073000E+03  2.307957E-07  1.061921E-04 -7.344606E-07  1.920384E-04 -1.363043E-02  2.039107E-08  2.039345E-08
  8.074000E+03 -1.668696E-07  1.064419E-04 -3.209977E-07  1.915905E-04 -1.526937E-02  2.039087E-08  2.039434E-08
  8.075000E+03  2.030663E-07  1.062218E-04  1.615742E-07  1.920049E-04 -1.783915E-02  2.039187E-08  2.039551E-08
  8.076000E+03  3.012209E-07  1.062480E-04 -6.657624E-07  1.919299E-04 -1.313452E-02  2.039041E-08  2.039280E-08
  8.077000E+03 -1.608369E-07  1.064229E-04 -4.676733E-07  1.916209E-04 -1.639470E-02  2.039011E-08  2.039390E-08
  8.078000E+03  1.271065E-07  1.061851E-04  2.144410E-07  1.920603E-04 -1.692706E-02  2.039102E-08  2.039425E-08
  8.079000E+03  3.618381E-07  1.063063E-04 -5.649893E-07  1.918212E-04 -1.316727E-02  2.039003E-08  2.039260E-08
  8.080000E+03 -1.345482E-07  1.063845E-04 -6.119709E-07  1.916926E-04 -1.721185E-02  2.039010E-08  2.039406E-08
  8.081000E+03  4.334726E-08  1.061752E-04  2.332777E-07  1.920710E-04 -1.590721E-02  2.039059E-08  2.039345E-08
  8.082000E+03  4.068007E-07  1.063539E-04 -4.351501E-07  1.917371E-04 -1.363582E-02  2.039010E-08  2.039293E-08
  8.083000E+03 -8.748509E-08  1.063384E-04 -7.425857E-07  1.917816E-04 -1.761162E-02  2.039059E-08  2.039458E-08
  8.084000E+03 -4.164758E-08  1.061873E-04  2.114272E-07  1.920435E-04 -1.502328E-02  2.039027E-08  2.039288E-08
  8.085000E+03  4.310431E-07  1.063807E-04 -2.851005E-07  1.916877E-04 -1.435711E-02  2.038977E-08  2.039288E-08
  8.086000E+03 -2.063581E-08  1.062930E-04 -8.484932E-07  1.918628E-04 -1.758046E-02  2.039052E-08  2.039441E-08
  8.087000E+03 -1.231116E-07  1.062138E-04  1.467968E-07  1.919879E-04 -1.439935E-02  2.038965E-08  2.039213E-08
  8.088000E+03  4.338267E-07  1.063879E-04 -1.237864E-07  1.916730E-04 -1.513798E-02  2.038935E-08  2.039271E-08
  8.089000E+03  6.165820E-08  1.062579E-04 -9.244951E-07  1.919268E-04 -1.720998E-02  2.039072E-08  2.039442E-08
  8.090000E+03 -1.949687E-07  1.062485E-04  4.291217E-08  1.919242E-04 -1.408320E-02  2.038963E-08  2.039212E-08
  8.091000E+03  4.137012E-07  1.063816E-04  3.782406E-08  1.916893E-04 -1.583908E-02  2.038965E-08  2.039319E-08
  8.092000E+03  1.529982E-07  1.062359E-04 -9.622023E-07  1.919673E-04 -1.670625E-02  2.039098E-08  2.039449E-08
  8.093000E+03 -2.502130E-07  1.062818E-04 -9.336331E-08  1.918655E-04 -1.403945E-02  2.038979E-08  2.039238E-08
  8.094000E+03  3.686877E-07  1.063644E-04  1.873455E-07  1.917233E-04 -1.636192E-02  2.038979E-08  2.039342E-08
  8.095000E+03  2.487958E-07  1.062230E-04 -9.537126E-07  1.919829E-04 -1.616909E-02  2.039033E-08  2.039367E-08
  8.096000E+03 -2.841397E-07  1.063090E-04 -2.568346E-07  1.918118E-04 -1.419053E-02  2.038926E-08  2.039201E-08
  8.097000E+03  2.981591E-07  1.063396E-04  3.158609E-07  1.917656E-04 -1.667675E-02  2.038945E-08  2.039307E-08
  8.098000E+03  3.424907E-07  1.062202E-04 -8.921535E-07  1.919786E-04 -1.562104E-02  2.038952E-08  2.039270E-08
  8.099000E+03 -2.932277E-07  1.063334E-04 -4.373321E-07  1.917663E-04 -1.451435E-02  2.038901E-08  2.039197E-08
  8.100000E+03  2.082268E-07  1.063125E-04  4.110661E-07  1.918183E-04 -1.681965E-02  2.038980E-08  2.039337E-08
  8.101000E+03  4.252277E-07  1.062296E-04 -7.822287E-07  1.919600E-04 -1.511575E-02  2.038950E-08  2.039255E-08
  8.102000E+03 -2.763003E-07  1.063512E-04 -6.180684E-07  1.917390E-04 -1.496394E-02  2.038939E-08  2.039257E-08
  8.103000E+03  1.071575E-07  1.062865E-04  4.635238E-07  1.918726E-04 -1.677511E-02  2.039060E-08  2.039405E-08
  8.104000E+03  4.912643E-07  1.062477E-04 -6.356367E-07  1.919270E-04 -1.475785E-02  2.038959E-08  2.039257E-08
  8.105000E+03 -2.325846E-07  1.063549E-04 -7.881659E-07  1.917355E-04 -1.543245E-02  2.038959E-08  2.039297E-08
  8.106000E+03  6.925385E-10  1.062651E-04  4.667688E-07  1.919122E-04 -1.652702E-02  2.039078E-08  2.039409E-08
  8.107000E+03  5.381400E-07  1.062716E-04 -4.618088E-07  1.918825E-04 -1.461435E-02  2.038949E-08  2.039248E-08
  8.108000E+03 -1.640557E-07  1.063471E-04 -9.409905E-07  1.917528E-04 -1.586520E-02  2.038979E-08  2.039334E-08
  8.109000E+03 -1.049174E-07  1.062518E-04  4.194220E-07  1.919366E-04 -1.612544E-02  2.039097E-08  2.039410E-08
  8.110000E+03  5.633965E-07  1.062994E-04 -2.712023E-07  1.918369E-04 -1.466579E-02  2.038997E-08  2.039304E-08
  8.111000E+03 -7.781067E-08  1.063311E-04 -1.065530E-06  1.917908E-04 -1.620262E-02  2.039065E-08  2.039430E-08
  8.112000E+03 -2.011969E-07  1.062510E-04  3.284930E-07  1.919429E-04 -1.566570E-02  2.039163E-08  2.039462E-08
  8.113000E+03  5.630187E-07  1.063226E-04 -7.741268E-08  1.918044E-04 -1.489932E-02  2.039087E-08  2.039405E-08
  8.114000E+03  1.992277E-08  1.063106E-04 -1.148389E-06  1.918405E-04 -1.631513E-02  2.039197E-08  2.039563E-08
  8.115000E+03 -2.818873E-07  1.062632E-04  2.011415E-07  1.919246E-04 -1.530769E-02  2.039213E-08  2.039505E-08
  8.116000E+03  5.351020E-07  1.063317E-04  1.086134E-07  1.917954E-04 -1.525571E-02  2.039155E-08  2.039484E-08
  8.117000E+03  1.249511E-07  1.062913E-04 -1.182152E-06  1.918814E-04 -1.617486E-02  2.039265E-08  2.039624E-08
  8.118000E+03 -3.451126E-07  1.062818E-04  4.418870E-08  1.918878E-04 -1.515468E-02  2.039184E-08  2.039479E-08
  8.119000E+03  4.824823E-07  1.063248E-04  2.806797E-07  1.918078E-04 -1.560858E-02  2.039144E-08  2.039478E-08
  8.120000E+03  2.332964E-07  1.062803E-04 -1.169114E-06  1.918990E-04 -1.586131E-02  2.039252E-08  2.039601E-08
  8.121000E+03 -3.881439E-07  1.062997E-04 -1.367066E-07  1.918489E-04 -1.523322E-02  2.039111E-08  2.039417E-08
  8.122000E+03  4.087396E-07  1.063074E-04  4.302401E-07  1.918361E-04 -1.581591E-02  2.039105E-08  2.039438E-08
  8.123000E+03  3.399394E-07  1.062821E-04 -1.112174E-06  1.918896E-04 -1.552965E-02  2.039197E-08  2.039538E-08
  8.124000E+03 -4.076883E-07  1.063110E-04 -3.342760E-07  1.918248E-04 -1.549126E-02  2.039064E-08  2.039387E-08
  8.125000E+03  3.180380E-07  1.062874E-04  5.471148E-07  1.918709E-04 -1.580083E-02  2.039091E-08  2.039416E-08
  8.126000E+03  4.386368E-07  1.062955E-04 -1.014358E-06  1.918600E-04 -1.530335E-02  2.039147E-08  2.039486E-08
  8.127000E+03 -4.014343E-07  1.063100E-04 -5.379519E-07  1.918257E-04 -1.581539E-02  2.039045E-08  2.039382E-08
  8.128000E+03  2.146174E-07  1.062719E-04  6.230315E-07  1.918956E-04 -1.557442E-02  2.039063E-08  2.039374E-08
  8.129000E+03  5.237417E-07  1.063137E-04 -8.793559E-07  1.918184E-04 -1.529786E-02  2.039054E-08  2.039398E-08
  8.130000E+03 -3.698944E-07  1.062934E-04 -7.359484E-07  1.918495E-04 -1.607574E-02  2.038970E-08  2.039316E-08
  8.131000E+03  1.013951E-07  1.062692E-04  6.565241E-07  1.918955E-04 -1.517893E-02  2.039023E-08  2.039319E-08
  8.132000E+03  5.931162E-07  1.063294E-04 -7.111991E-07  1.917807E-04 -1.557772E-02  2.038945E-08  2.039304E-08
  8.133000E+03 -3.157513E-07  1.062670E-04 -9.216745E-07  1.918905E-04 -1.612980E-02  2.038898E-08  2.039244E-08
  8.134000E+03 -1.737211E-08  1.062833E-04  6.493415E-07  1.918676E-04 -1.477335E-02  2.039011E-08  2.039297E-08
  8.135000E+03  6.427227E-07  1.063350E-04 -5.149872E-07  1.917671E-04 -1.605038E-02  2.038892E-08  2.039268E-08
  8.136000E+03 -2.397608E-07  1.062430E-04 -1.086370E-06  1.919316E-04 -1.592305E-02  2.038879E-08  2.039218E-08
  8.137000E+03 -1.350615E-07  1.063089E-04  5.973360E-07  1.918204E-04 -1.458699E-02  2.039005E-08  2.039293E-08
  8.138000E+03  6.666286E-07  1.063243E-04 -2.989525E-07  1.917857E-04 -1.652319E-02  2.038870E-08  2.039255E-08
  8.139000E+03 -1.433005E-07  1.062294E-04 -1.216936E-06  1.919538E-04 -1.547694E-02  2.038869E-08  2.039195E-08
  8.140000E+03 -2.439516E-07  1.063376E-04  4.966696E-07  1.917652E-04 -1.473348E-02  2.038963E-08  2.039264E-08
  8.141000E+03  6.614526E-07  1.062984E-04 -7.571752E-08  1.918327E-04 -1.682738E-02  2.038862E-08  2.039248E-08
  8.142000E+03 -2.918246E-08  1.062327E-04 -1.304171E-06  1.919498E-04 -1.486815E-02  2.038909E-08  2.039221E-08
  8.143000E+03 -3.381725E-07  1.063621E-04  3.479707E-07  1.917219E-04 -1.518033E-02  2.038959E-08  2.039284E-08
  8.144000E+03  6.279820E-07  1.062656E-04  1.422487E-07  1.918956E-04 -1.688542E-02  2.038900E-08  2.039274E-08
  8.145000E+03  9.557786E-08  1.062535E-04 -1.343656E-06  1.919188E-04 -1.430979E-02  2.038995E-08  2.039298E-08
  8.146000E+03 -4.121966E-07  1.063736E-04  1.606071E-07  1.917048E-04 -1.582748E-02  2.038978E-08  2.039329E-08
  8.147000E+03  5.692930E-07  1.062335E-04  3.412071E-07  1.919573E-04 -1.663215E-02  2.038947E-08  2.039301E-08
  8.148000E+03  2.219220E-07  1.062879E-04 -1.333821E-06  1.918619E-04 -1.399050E-02  2.039060E-08  2.039366E-08
  8.149000E+03 -4.599198E-07  1.063658E-04 -5.244123E-08  1.917208E-04 -1.653286E-02  2.038975E-08  2.039350E-08
  8.150000E+03  4.849623E-07  1.062077E-04  5.092543E-07  1.920026E-04 -1.605599E-02  2.038953E-08  2.039278E-08
  8.151000E+03  3.424592E-07  1.063288E-04 -1.267494E-06  1.917889E-04 -1.397765E-02  2.039069E-08  2.039388E-08
  8.152000E+03 -4.768511E-07  1.063422E-04 -2.801657E-07  1.917653E-04 -1.715675E-02  2.038973E-08  2.039365E-08
  8.153000E+03  3.774995E-07  1.061957E-04  6.352187E-07  1.920246E-04 -1.528561E-02  2.038980E-08  2.039273E-08
  8.154000E+03  4.497068E-07  1.063690E-04 -1.143313E-06  1.917194E-04 -1.426625E-02  2.039093E-08  2.039432E-08
  8.155000E+03 -4.626475E-07  1.063083E-04 -5.078240E-07  1.918315E-04 -1.756875E-02  2.039014E-08  2.039414E-08
  8.156000E+03  2.560817E-07  1.062028E-04  7.105591E-07  1.920189E-04 -1.448338E-02  2.039080E-08  2.039346E-08
  8.157000E+03  5.377364E-07  1.064019E-04 -9.746488E-07  1.916684E-04 -1.485418E-02  2.039163E-08  2.039528E-08
  8.158000E+03 -4.204453E-07  1.062665E-04 -7.208198E-07  1.919151E-04 -1.764574E-02  2.039096E-08  2.039490E-08
  8.159000E+03  1.308035E-07  1.062281E-04  7.329414E-07  1.919795E-04 -1.377365E-02  2.039169E-08  2.039416E-08
  8.160000E+03  6.027667E-07  1.064196E-04 -7.785498E-07  1.916421E-04 -1.568587E-02  2.039197E-08  2.039591E-08
  8.161000E+03 -3.527557E-07  1.062212E-04 -9.094066E-07  1.919995E-04 -1.735336E-02  2.039136E-08  2.039512E-08
  8.162000E+03  8.890788E-09  1.062674E-04  7.012293E-07  1.919101E-04 -1.325044E-02  2.039200E-08  2.039439E-08
  8.163000E+03  6.425919E-07  1.064189E-04 -5.676487E-07  1.916442E-04 -1.663349E-02  2.039174E-08  2.039596E-08
  8.164000E+03 -2.634141E-07  1.061809E-04 -1.065870E-06  1.920709E-04 -1.673002E-02  2.039141E-08  2.039491E-08
  8.165000E+03 -1.049823E-07  1.063183E-04  6.191307E-07  1.918199E-04 -1.302425E-02  2.039223E-08  2.039468E-08
  8.166000E+03  6.557975E-07  1.063974E-04 -3.501276E-07  1.916822E-04 -1.756228E-02  2.039135E-08  2.039578E-08
  8.167000E+03 -1.598443E-07  1.061540E-04 -1.181017E-06  1.921186E-04 -1.579561E-02  2.039162E-08  2.039479E-08
  8.168000E+03 -2.057295E-07  1.063752E-04  4.972114E-07  1.917185E-04 -1.322410E-02  2.039230E-08  2.039497E-08
  8.169000E+03  6.431551E-07  1.063530E-04 -1.368673E-07  1.917609E-04 -1.829671E-02  2.039093E-08  2.039543E-08
  8.170000E+03 -5.040900E-08  1.061473E-04 -1.249243E-06  1.921240E-04 -1.467228E-02  2.039125E-08  2.039409E-08
  8.171000E+03 -2.880026E-07  1.064257E-04  3.476999E-07  1.916227E-04 -1.388585E-02  2.039162E-08  2.039466E-08
  8.172000E+03  6.051239E-07  1.062892E-04  6.099276E-08  1.918686E-04 -1.864281E-02  2.039002E-08  2.039443E-08
  8.173000E+03  6.080079E-08  1.061661E-04 -1.267970E-06  1.920769E-04 -1.353926E-02  2.039018E-08  2.039275E-08
  8.174000E+03 -3.484877E-07  1.064594E-04  1.759815E-07  1.915528E-04 -1.496472E-02  2.039032E-08  2.039384E-08
  8.175000E+03  5.440409E-07  1.062172E-04  2.347941E-07  1.919897E-04 -1.846323E-02  2.038912E-08  2.039324E-08
  8.176000E+03  1.706048E-07  1.062141E-04 -1.239174E-06  1.919808E-04 -1.261159E-02  2.038944E-08  2.039186E-08
  8.177000E+03 -3.858987E-07  1.064691E-04 -1.265360E-08  1.915306E-04 -1.634576E-02  2.038937E-08  2.039339E-08
  8.178000E+03  4.657469E-07  1.061508E-04  3.769547E-07  1.921067E-04 -1.770980E-02  2.038909E-08  2.039274E-08
  8.179000E+03  2.749787E-07  1.062859E-04 -1.171147E-06  1.918503E-04 -1.209680E-02  2.038950E-08  2.039197E-08
  8.180000E+03 -3.992177E-07  1.064479E-04 -2.109897E-07  1.915704E-04 -1.777240E-02  2.038904E-08  2.039348E-08
  8.181000E+03  3.744627E-07  1.061041E-04  4.818183E-07  1.921878E-04 -1.650021E-02  2.038915E-08  2.039226E-08
  8.182000E+03  3.681515E-07  1.063659E-04 -1.067435E-06  1.917069E-04 -1.216945E-02  2.038957E-08  2.039230E-08
  8.183000E+03 -3.869943E-07  1.063939E-04 -4.086715E-07  1.916681E-04 -1.890917E-02  2.038866E-08  2.039336E-08
  8.184000E+03  2.736923E-07  1.060884E-04  5.434726E-07  1.922093E-04 -1.500339E-02  2.038888E-08  2.039145E-08
  8.185000E+03  4.455224E-07  1.064396E-04 -9.311403E-07  1.915735E-04 -1.291948E-02  2.038930E-08  2.039247E-08
  8.186000E+03 -3.512631E-07  1.063136E-04 -5.947130E-07  1.918118E-04 -1.950246E-02  2.038833E-08  2.039302E-08
  8.187000E+03  1.663858E-07  1.061102E-04  5.634817E-07  1.921634E-04 -1.343648E-02  2.038866E-08  2.039078E-08
  8.188000E+03  5.046311E-07  1.064937E-04 -7.660877E-07  1.914780E-04 -1.426137E-02  2.038914E-08  2.039287E-08
  8.189000E+03 -2.945673E-07  1.062239E-04 -7.619948E-07  1.919748E-04 -1.944290E-02  2.038845E-08  2.039291E-08
  8.190000E+03  5.837071E-08  1.061668E-04  5.419705E-07  1.920600E-04 -1.211501E-02  2.038890E-08  2.039074E-08
  8.191000E+03  5.409810E-07  1.065157E-04 -5.801394E-07  1.914432E-04 -1.593476E-02  2.038913E-08  2.039343E-08
  8.192000E+03 -2.200636E-07  1.061411E-04 -8.987804E-07  1.921237E-04 -1.871444E-02  2.038865E-08  2.039269E-08
