  0.000000E+00  1.079199E-05  1.056765E-04  1.025200E-06  1.925140E-04 -7.117423E-04  2.034419E-08  2.045040E-08
  1.000000E+00  1.072219E-05  1.071312E-04 -4.903362E-07  1.899462E-04 -1.755665E-02  2.034603E-08  2.046018E-08
  2.000000E+00  1.001976E-05  1.055259E-04  2.508961E-07  1.928873E-04 -2.829734E-02  2.034646E-08  2.044618E-08
  3.000000E+00  1.068535E-05  1.060713E-04  1.092922E-06  1.918040E-04  1.751205E-03  2.034486E-08  2.044932E-08
  4.000000E+00  1.079945E-05  1.069897E-04 -3.421452E-07  1.902319E-04 -2.476863E-02  2.034661E-08  2.046398E-08
  5.000000E+00  1.005432E-05  1.053169E-04  6.609782E-08  1.932442E-04 -2.175046E-02  2.034707E-08  2.044463E-08
  6.000000E+00  1.057088E-05  1.064748E-04  1.121422E-06  1.910872E-04  7.823486E-04  2.034597E-08  2.044963E-08
  7.000000E+00  1.086195E-05  1.066996E-04 -1.655986E-07  1.907789E-04 -3.003370E-02  2.034685E-08  2.046614E-08
  8.000000E+00  1.010583E-05  1.052807E-04 -1.035591E-07  1.932849E-04 -1.426925E-02  2.034710E-08  2.044298E-08
  9.000000E+00  1.045879E-05  1.068063E-04  1.113818E-06  1.905029E-04 -3.251671E-03  2.034680E-08  2.045043E-08
  1.000000E+01  1.090620E-05  1.063295E-04  2.176745E-08  1.914606E-04 -3.240415E-02  2.034724E-08  2.046701E-08
  1.100000E+01  1.017023E-05  1.054123E-04 -2.475946E-07  1.930282E-04 -7.392245E-03  2.034699E-08  2.044211E-08
  1.200000E+01  1.035825E-05  1.070106E-04  1.070428E-06  1.901537E-04 -9.365802E-03  2.034757E-08  2.045167E-08
  1.300000E+01  1.092696E-05  1.059543E-04  2.060327E-07  1.921407E-04 -3.165198E-02  2.034794E-08  2.046676E-08
  1.400000E+01  1.024735E-05  1.056723E-04 -3.552881E-07  1.925473E-04 -2.326771E-03  2.034686E-08  2.044246E-08
  1.500000E+01  1.027155E-05  1.070620E-04  9.896428E-07  1.900807E-04 -1.629609E-02  2.034772E-08  2.045237E-08
  1.600000E+01  1.092293E-05  1.056369E-04  3.837021E-07  1.926986E-04 -2.817341E-02  2.034800E-08  2.046469E-08
  1.700000E+01  1.033591E-05  1.060039E-04 -4.229643E-07  1.919371E-04  2.001565E-04  2.034608E-08  2.044342E-08
  1.800000E+01  1.020039E-05  1.069637E-04  8.725572E-07  1.902720E-04 -2.279079E-02  2.034691E-08  2.045186E-08
  1.900000E+01  1.089537E-05  1.054232E-04  5.502681E-07  1.930542E-04 -2.274215E-02  2.034713E-08  2.046091E-08
  2.000000E+01  1.043267E-05  1.063518E-04 -4.503622E-07  1.913008E-04 -2.025184E-05  2.034518E-08  2.044536E-08
  2.100000E+01  1.014733E-05  1.067423E-04  7.235327E-07  1.906821E-04 -2.786696E-02  2.034595E-08  2.045077E-08
  2.200000E+01  1.084690E-05  1.053382E-04  6.983675E-07  1.931744E-04 -1.629962E-02  2.034593E-08  2.045648E-08
  2.300000E+01  1.053199E-05  1.066682E-04 -4.379367E-07  1.907279E-04 -2.811673E-03  2.034452E-08  2.044834E-08
  2.400000E+01  1.011464E-05  1.064337E-04  5.519317E-07  1.912447E-04 -3.089714E-02  2.034516E-08  2.044938E-08
  2.500000E+01  1.078168E-05  1.053886E-04  8.198622E-07  1.930499E-04 -9.827657E-03  2.034428E-08  2.045169E-08
  2.600000E+01  1.062643E-05  1.069064E-04 -3.876836E-07  1.903005E-04 -7.653061E-03  2.034375E-08  2.045161E-08
  2.700000E+01  1.010518E-05  1.060834E-04  3.702391E-07  1.918727E-04 -3.145230E-02  2.034446E-08  2.044766E-08
  2.800000E+01  1.070180E-05  1.055707E-04  9.072099E-07  1.926957E-04 -4.312372E-03  2.034282E-08  2.044751E-08
  2.900000E+01  1.070728E-05  1.070298E-04 -2.963442E-07  1.900914E-04 -1.383746E-02  2.034350E-08  2.045529E-08
  3.000000E+01  1.012312E-05  1.057453E-04  1.924261E-07  1.924760E-04 -2.936030E-02  2.034466E-08  2.044661E-08
  3.100000E+01  1.060786E-05  1.058683E-04  9.515242E-07  1.921558E-04 -6.490717E-04  2.034321E-08  2.044579E-08
  3.200000E+01  1.076972E-05  1.070123E-04 -1.609925E-07  1.901553E-04 -2.051854E-02  2.034466E-08  2.045975E-08
  3.300000E+01  1.016781E-05  1.054759E-04  2.873033E-08  1.929586E-04 -2.477530E-02  2.034625E-08  2.044686E-08
  3.400000E+01  1.050325E-05  1.062376E-04  9.512290E-07  1.915054E-04  4.278077E-04  2.034506E-08  2.044635E-08
  3.500000E+01  1.081265E-05  1.068411E-04  1.247384E-08  1.905043E-04 -2.655273E-02  2.034651E-08  2.046384E-08
  3.600000E+01  1.023317E-05  1.053295E-04 -1.134479E-07  1.932139E-04 -1.834490E-02  2.034770E-08  2.044712E-08
  3.700000E+01  1.039701E-05  1.066081E-04  9.107927E-07  1.908551E-04 -1.474243E-03  2.034669E-08  2.044765E-08
  3.800000E+01  1.083431E-05  1.065358E-04  2.074275E-07  1.910861E-04 -3.069167E-02  2.034793E-08  2.046611E-08
  3.900000E+01  1.031259E-05  1.053471E-04 -2.249177E-07  1.931669E-04 -1.123432E-02  2.034829E-08  2.044700E-08
  4.000000E+01  1.030012E-05  1.069028E-04  8.341029E-07  1.903425E-04 -6.193636E-03  2.034775E-08  2.044924E-08
  4.100000E+01  1.083243E-05  1.061544E-04  4.037184E-07  1.917905E-04 -3.194405E-02  2.034902E-08  2.046653E-08
  4.200000E+01  1.040123E-05  1.055359E-04 -2.969877E-07  1.928132E-04 -4.911183E-03  2.034846E-08  2.044732E-08
  4.300000E+01  1.022273E-05  1.070553E-04  7.221900E-07  1.900908E-04 -1.287506E-02  2.034853E-08  2.045107E-08
  4.400000E+01  1.080785E-05  1.057788E-04  5.802566E-07  1.924677E-04 -2.992701E-02  2.034988E-08  2.046528E-08
  4.500000E+01  1.049049E-05  1.058592E-04 -3.239659E-07  1.922229E-04 -7.707723E-04  2.034855E-08  2.044865E-08
  4.600000E+01  1.017374E-05  1.070290E-04  5.847431E-07  1.901661E-04 -2.009556E-02  2.034917E-08  2.045287E-08
  4.700000E+01  1.076191E-05  1.054936E-04  7.180072E-07  1.929667E-04 -2.501652E-02  2.035039E-08  2.046256E-08
  4.800000E+01  1.057547E-05  1.062439E-04 -3.043648E-07  1.915261E-04  2.522091E-04  2.034847E-08  2.045091E-08
  4.900000E+01  1.015541E-05  1.068285E-04  4.296757E-07  1.905481E-04 -2.628242E-02  2.034894E-08  2.045351E-08
  5.000000E+01  1.069506E-05  1.053578E-04  8.120423E-07  1.931790E-04 -1.829305E-02  2.034952E-08  2.045781E-08
  5.100000E+01  1.065494E-05  1.066020E-04 -2.380227E-07  1.908732E-04 -1.996261E-03  2.034743E-08  2.045308E-08
  5.200000E+01  1.016279E-05  1.065045E-04  2.636596E-07  1.911363E-04 -3.012885E-02  2.034764E-08  2.045252E-08
  5.300000E+01  1.061206E-05  1.053943E-04  8.682196E-07  1.930710E-04 -1.131569E-02  2.034729E-08  2.045175E-08
  5.400000E+01  1.072298E-05  1.068587E-04 -1.294424E-07  1.904057E-04 -6.856093E-03  2.034603E-08  2.045519E-08
  5.500000E+01  1.019157E-05  1.061386E-04  1.023277E-07  1.917911E-04 -3.091984E-02  2.034672E-08  2.045126E-08
  5.600000E+01  1.052260E-05  1.055864E-04  8.869264E-07  1.926953E-04 -5.603743E-03  2.034568E-08  2.044702E-08
  5.700000E+01  1.077336E-05  1.069717E-04  7.216518E-09  1.902145E-04 -1.313731E-02  2.034582E-08  2.045813E-08
  5.800000E+01  1.023915E-05  1.058106E-04 -3.961536E-08  1.923769E-04 -2.871907E-02  2.034713E-08  2.045083E-08
  5.900000E+01  1.043200E-05  1.058805E-04  8.688382E-07  1.921571E-04 -2.182355E-03  2.034564E-08  2.044487E-08
  6.000000E+01  1.080526E-05  1.069322E-04  1.619591E-07  1.903080E-04 -1.950742E-02  2.034618E-08  2.046085E-08
  6.100000E+01  1.030145E-05  1.055754E-04 -1.570238E-07  1.927873E-04 -2.424350E-02  2.034761E-08  2.045026E-08
  6.200000E+01  1.034578E-05  1.062068E-04  8.174167E-07  1.915675E-04 -1.458968E-03  2.034575E-08  2.044391E-08
  6.300000E+01  1.081917E-05  1.067611E-04  3.233110E-07  1.906321E-04 -2.475587E-02  2.034586E-08  2.046186E-08
  6.400000E+01  1.037324E-05  1.054629E-04 -2.463966E-07  1.929633E-04 -1.855395E-02  2.034696E-08  2.044870E-08
  6.500000E+01  1.026969E-05  1.065052E-04  7.382658E-07  1.910293E-04 -3.285224E-03  2.034550E-08  2.044352E-08
  6.600000E+01  1.081339E-05  1.065030E-04  4.811624E-07  1.911085E-04 -2.805144E-02  2.034561E-08  2.046174E-08
  6.700000E+01  1.045294E-05  1.054800E-04 -3.029718E-07  1.929050E-04 -1.273971E-02  2.034596E-08  2.044732E-08
  6.800000E+01  1.020672E-05  1.067328E-04  6.319850E-07  1.906237E-04 -7.130449E-03  2.034529E-08  2.044387E-08
  6.900000E+01  1.078530E-05  1.062085E-04  6.317305E-07  1.916482E-04 -2.906370E-02  2.034607E-08  2.046110E-08
  7.000000E+01  1.053936E-05  1.056122E-04 -3.204637E-07  1.926481E-04 -7.732109E-03  2.034538E-08  2.044710E-08
  7.100000E+01  1.015823E-05  1.068606E-04  4.998160E-07  1.904038E-04 -1.220017E-02  2.034515E-08  2.044470E-08
  7.200000E+01  1.073682E-05  1.059246E-04  7.706360E-07  1.921622E-04 -2.782813E-02  2.034682E-08  2.045971E-08
  7.300000E+01  1.062723E-05  1.058325E-04 -2.982347E-07  1.922429E-04 -4.247344E-03  2.034537E-08  2.044826E-08
  7.400000E+01  1.012812E-05  1.068738E-04  3.490133E-07  1.903957E-04 -1.763326E-02  2.034515E-08  2.044583E-08
  7.500000E+01  1.067099E-05  1.056911E-04  8.874833E-07  1.925766E-04 -2.461417E-02  2.034747E-08  2.045741E-08
  7.600000E+01  1.071002E-05  1.061104E-04 -2.367731E-07  1.917442E-04 -2.779524E-03  2.034598E-08  2.045074E-08
  7.700000E+01  1.012117E-05  1.067713E-04  1.885837E-07  1.906031E-04 -2.265493E-02  2.034571E-08  2.044749E-08
  7.800000E+01  1.059129E-05  1.055394E-04  9.696166E-07  1.928336E-04 -1.990154E-02  2.034751E-08  2.045402E-08
  7.900000E+01  1.078397E-05  1.064035E-04 -1.398995E-07  1.912194E-04 -3.525904E-03  2.034629E-08  2.045353E-08
  8.000000E+01  1.013781E-05  1.065666E-04  2.576604E-08  1.909945E-04 -2.650567E-02  2.034648E-08  2.044915E-08
  8.100000E+01  1.050240E-05  1.054957E-04  1.012250E-06  1.928880E-04 -1.442854E-02  2.034675E-08  2.044974E-08
  8.200000E+01  1.084457E-05  1.066616E-04 -1.312193E-08  1.907558E-04 -6.388006E-03  2.034590E-08  2.045600E-08
  8.300000E+01  1.017941E-05  1.062900E-04 -1.315975E-07  1.915081E-04 -2.847692E-02  2.034714E-08  2.045044E-08
  8.400000E+01  1.040915E-05  1.055800E-04  1.008420E-06  1.927185E-04 -9.104484E-03  2.034638E-08  2.044616E-08
  8.500000E+01  1.088459E-05  1.068372E-04  1.400102E-07  1.904503E-04 -1.100806E-02  2.034594E-08  2.045885E-08
  8.600000E+01  1.024727E-05  1.059883E-04 -2.700713E-07  1.920614E-04 -2.807355E-02  2.034825E-08  2.045186E-08
  8.700000E+01  1.031402E-05  1.057886E-04  9.534575E-07  1.923407E-04 -4.930340E-03  2.034721E-08  2.044441E-08
  8.800000E+01  1.090088E-05  1.068897E-04  3.172288E-07  1.903796E-04 -1.665848E-02  2.034679E-08  2.046200E-08
  8.900000E+01  1.033672E-05  1.057180E-04 -3.793306E-07  1.925461E-04 -2.522293E-02  2.034912E-08  2.045279E-08
  9.000000E+01  1.022194E-05  1.060843E-04  8.524984E-07  1.918119E-04 -2.810038E-03  2.034815E-08  2.044374E-08
  9.100000E+01  1.089306E-05  1.067986E-04  5.089491E-07  1.905712E-04 -2.223645E-02  2.034772E-08  2.046427E-08
  9.200000E+01  1.043760E-05  1.055396E-04 -4.499272E-07  1.928515E-04 -2.037980E-02  2.034924E-08  2.045281E-08
  9.300000E+01  1.014118E-05  1.064031E-04  7.188887E-07  1.912391E-04 -3.316660E-03  2.034832E-08  2.044343E-08
  9.400000E+01  1.086176E-05  1.065782E-04  6.980144E-07  1.909910E-04 -2.647908E-02  2.034835E-08  2.046500E-08
  9.500000E+01  1.054169E-05  1.054988E-04 -4.761069E-07  1.929022E-04 -1.454409E-02  2.034880E-08  2.045237E-08
  9.600000E+01  1.007895E-05  1.066717E-04  5.629579E-07  1.907556E-04 -6.419788E-03  2.034780E-08  2.044346E-08
  9.700000E+01  1.080820E-05  1.062784E-04  8.688870E-07  1.915420E-04 -2.840291E-02  2.034857E-08  2.046396E-08
  9.800000E+01  1.064354E-05  1.056065E-04 -4.556083E-07  1.926882E-04 -9.035583E-03  2.034830E-08  2.045230E-08
  9.900000E+01  1.004313E-05  1.068306E-04  3.889451E-07  1.904770E-04 -1.139358E-02  2.034746E-08  2.044441E-08
  1.000000E+02  1.073457E-05  1.059721E-04  1.003851E-06  1.920963E-04 -2.759777E-02  2.034909E-08  2.046196E-08
  1.010000E+02  1.073551E-05  1.058349E-04 -3.863414E-07  1.922672E-04 -5.135374E-03  2.034832E-08  2.045341E-08
  1.020000E+02  1.003891E-05  1.068487E-04  2.077448E-07  1.904653E-04 -1.704154E-02  2.034801E-08  2.044658E-08
  1.030000E+02  1.064556E-05  1.057294E-04  1.088480E-06  1.925291E-04 -2.434258E-02  2.034995E-08  2.045936E-08
  1.040000E+02  1.081449E-05  1.061248E-04 -2.750708E-07  1.917445E-04 -3.649830E-03  2.034871E-08  2.045559E-08
  1.050000E+02  1.006199E-05  1.067299E-04  2.930417E-08  1.907016E-04 -2.211261E-02  2.034858E-08  2.044869E-08
  1.060000E+02  1.054711E-05  1.055956E-04  1.126355E-06  1.927539E-04 -1.950843E-02  2.035010E-08  2.045561E-08
  1.070000E+02  1.087808E-05  1.064045E-04 -1.316308E-07  1.912383E-04 -4.691523E-03  2.034839E-08  2.045755E-08
  1.080000E+02  1.010621E-05  1.065115E-04 -1.363066E-07  1.911052E-04 -2.555929E-02  2.034826E-08  2.044955E-08
  1.090000E+02  1.044739E-05  1.055869E-04  1.122807E-06  1.927417E-04 -1.428358E-02  2.034891E-08  2.045072E-08
  1.100000E+02  1.092171E-05  1.066173E-04  3.141421E-08  1.908522E-04 -7.760847E-03  2.034754E-08  2.045906E-08
  1.110000E+02  1.016779E-05  1.062516E-04 -2.766539E-07  1.915744E-04 -2.682317E-02  2.034777E-08  2.044981E-08
  1.120000E+02  1.035208E-05  1.056911E-04  1.080608E-06  1.925281E-04 -9.771398E-03  2.034754E-08  2.044629E-08
  1.130000E+02  1.094347E-05  1.067349E-04  2.043073E-07  1.906469E-04 -1.203760E-02  2.034719E-08  2.046076E-08
  1.140000E+02  1.024532E-05  1.060050E-04 -3.867186E-07  1.920193E-04 -2.592950E-02  2.034817E-08  2.045062E-08
  1.150000E+02  1.026293E-05  1.058753E-04  1.001099E-06  1.921833E-04 -6.693322E-03  2.034700E-08  2.044352E-08
  1.160000E+02  1.094559E-05  1.067486E-04  3.816373E-07  1.906325E-04 -1.665209E-02  2.034694E-08  2.046200E-08
  1.170000E+02  1.033317E-05  1.058093E-04 -4.661437E-07  1.923663E-04 -2.331056E-02  2.034862E-08  2.045127E-08
  1.180000E+02  1.018380E-05  1.060979E-04  8.922662E-07  1.917761E-04 -5.383700E-03  2.034675E-08  2.044190E-08
  1.190000E+02  1.092972E-05  1.066663E-04  5.542188E-07  1.907871E-04 -2.080212E-02  2.034615E-08  2.046196E-08
  1.200000E+02  1.042599E-05  1.056864E-04 -5.136773E-07  1.925687E-04 -1.958216E-02  2.034800E-08  2.045084E-08
  1.210000E+02  1.011996E-05  1.063228E-04  7.603581E-07  1.913675E-04 -5.862197E-03  2.034638E-08  2.044103E-08
  1.220000E+02  1.089365E-05  1.065082E-04  7.133604E-07  1.910755E-04 -2.388834E-02  2.034531E-08  2.046096E-08
  1.230000E+02  1.052235E-05  1.056473E-04 -5.236331E-07  1.926127E-04 -1.536327E-02  2.034661E-08  2.044982E-08
  1.240000E+02  1.007337E-05  1.065202E-04  6.066106E-07  1.910110E-04 -7.933750E-03  2.034590E-08  2.044084E-08
  1.250000E+02  1.083718E-05  1.063033E-04  8.552957E-07  1.914534E-04 -2.552683E-02  2.034551E-08  2.046002E-08
  1.260000E+02  1.061970E-05  1.056970E-04 -4.934585E-07  1.925035E-04 -1.129442E-02  2.034574E-08  2.044965E-08
  1.270000E+02  1.004413E-05  1.066632E-04  4.359947E-07  1.907616E-04 -1.124713E-02  2.034595E-08  2.044177E-08
  1.280000E+02  1.076367E-05  1.060835E-04  9.769426E-07  1.918661E-04 -2.549564E-02  2.034723E-08  2.045971E-08
  1.290000E+02  1.071215E-05  1.058333E-04 -4.248349E-07  1.922558E-04 -8.011044E-03  2.034641E-08  2.045144E-08
  1.300000E+02  1.003449E-05  1.067239E-04  2.584810E-07  1.906684E-04 -1.533918E-02  2.034649E-08  2.044357E-08
  1.310000E+02  1.067728E-05  1.058791E-04  1.070231E-06  1.922452E-04 -2.372586E-02  2.034902E-08  2.045872E-08
  1.320000E+02  1.079354E-05  1.060372E-04 -3.208703E-07  1.918936E-04 -6.073335E-03  2.034748E-08  2.045401E-08
  1.330000E+02  1.004620E-05  1.066843E-04  8.490518E-08  1.907562E-04 -1.956377E-02  2.034681E-08  2.044530E-08
  1.340000E+02  1.058390E-05  1.057235E-04  1.126594E-06  1.925152E-04 -2.045540E-02  2.034912E-08  2.045559E-08
  1.350000E+02  1.085838E-05  1.062730E-04 -1.887218E-07  1.914694E-04 -5.873013E-03  2.034767E-08  2.045607E-08
  1.360000E+02  1.008090E-05  1.065481E-04 -7.506931E-08  1.910163E-04 -2.312859E-02  2.034698E-08  2.044682E-08
  1.370000E+02  1.048971E-05  1.056526E-04  1.137462E-06  1.926204E-04 -1.623788E-02  2.034817E-08  2.045131E-08
  1.380000E+02  1.090111E-05  1.064961E-04 -3.600253E-08  1.910691E-04 -7.535966E-03  2.034753E-08  2.045794E-08
  1.390000E+02  1.014039E-05  1.063412E-04 -2.118275E-07  1.914063E-04 -2.527593E-02  2.034787E-08  2.044890E-08
  1.400000E+02  1.039826E-05  1.056897E-04  1.096145E-06  1.925383E-04 -1.187426E-02  2.034788E-08  2.044797E-08
  1.410000E+02  1.092027E-05  1.066599E-04  1.313677E-07  1.907835E-04 -1.084236E-02  2.034775E-08  2.046008E-08
  1.420000E+02  1.022061E-05  1.061020E-04 -3.189532E-07  1.918501E-04 -2.550682E-02  2.034905E-08  2.045097E-08
  1.430000E+02  1.031219E-05  1.058321E-04  1.008606E-06  1.922747E-04 -8.259751E-03  2.034814E-08  2.044580E-08
  1.440000E+02  1.091820E-05  1.067235E-04  3.060890E-07  1.906808E-04 -1.517544E-02  2.034777E-08  2.046162E-08
  1.450000E+02  1.031258E-05  1.058813E-04 -3.934898E-07  1.922464E-04 -2.369151E-02  2.034958E-08  2.045203E-08
  1.460000E+02  1.023664E-05  1.060486E-04  8.884269E-07  1.918805E-04 -6.219802E-03  2.034826E-08  2.044438E-08
  1.470000E+02  1.089513E-05  1.066717E-04  4.776347E-07  1.907876E-04 -1.955708E-02  2.034775E-08  2.046236E-08
  1.480000E+02  1.040834E-05  1.057315E-04 -4.290595E-07  1.925037E-04 -2.023427E-02  2.034954E-08  2.045226E-08
  1.490000E+02  1.017718E-05  1.062879E-04  7.468887E-07  1.914488E-04 -6.229121E-03  2.034829E-08  2.044389E-08
  1.500000E+02  1.085317E-05  1.065209E-04  6.330287E-07  1.910745E-04 -2.297874E-02  2.034805E-08  2.046247E-08
  1.510000E+02  1.050176E-05  1.056853E-04 -4.246637E-07  1.925720E-04 -1.595476E-02  2.034943E-08  2.045238E-08
  1.520000E+02  1.013708E-05  1.064942E-04  5.934720E-07  1.910812E-04 -8.211013E-03  2.034835E-08  2.044434E-08
  1.530000E+02  1.079734E-05  1.063107E-04  7.613690E-07  1.914656E-04 -2.471208E-02  2.034864E-08  2.046192E-08
  1.540000E+02  1.058409E-05  1.057469E-04 -3.829174E-07  1.924485E-04 -1.186110E-02  2.034939E-08  2.045271E-08
  1.550000E+02  1.012177E-05  1.066239E-04  4.411408E-07  1.908581E-04 -1.158699E-02  2.034866E-08  2.044570E-08
  1.560000E+02  1.073081E-05  1.060932E-04  8.490532E-07  1.918650E-04 -2.448963E-02  2.034947E-08  2.046075E-08
  1.570000E+02  1.065052E-05  1.058923E-04 -3.060855E-07  1.921763E-04 -8.862571E-03  2.034918E-08  2.045316E-08
  1.580000E+02  1.013160E-05  1.066557E-04  2.992201E-07  1.908123E-04 -1.551529E-02  2.034876E-08  2.044721E-08
  1.590000E+02  1.065571E-05  1.059127E-04  8.935449E-07  1.921860E-04 -2.254007E-02  2.034977E-08  2.045842E-08
  1.600000E+02  1.070283E-05  1.060802E-04 -1.999141E-07  1.918259E-04 -7.452500E-03  2.034836E-08  2.045337E-08
  1.610000E+02  1.015925E-05  1.065937E-04  1.704742E-07  1.909285E-04 -1.913875E-02  2.034805E-08  2.044789E-08
  1.620000E+02  1.057880E-05  1.058004E-04  9.037944E-07  1.923729E-04 -1.944528E-02  2.034928E-08  2.045509E-08
  1.630000E+02  1.074172E-05  1.062683E-04 -7.865811E-08  1.914757E-04 -7.711056E-03  2.034720E-08  2.045354E-08
  1.640000E+02  1.019682E-05  1.064645E-04  6.016680E-08  1.911614E-04 -2.179601E-02  2.034708E-08  2.044803E-08
  1.650000E+02  1.050937E-05  1.057686E-04  8.877033E-07  1.924112E-04 -1.597174E-02  2.034847E-08  2.045169E-08
  1.660000E+02  1.076317E-05  1.064253E-04  4.250190E-08  1.911925E-04 -9.341707E-03  2.034683E-08  2.045450E-08
  1.670000E+02  1.024395E-05  1.063015E-04 -2.325327E-08  1.914571E-04 -2.314830E-02  2.034673E-08  2.044849E-08
  1.680000E+02  1.044954E-05  1.058097E-04  8.441803E-07  1.923202E-04 -1.277319E-02  2.034768E-08  2.044881E-08
  1.690000E+02  1.076664E-05  1.065307E-04  1.597619E-07  1.910089E-04 -1.189355E-02  2.034687E-08  2.045567E-08
  1.700000E+02  1.029971E-05  1.061333E-04 -7.793864E-08  1.917624E-04 -2.314103E-02  2.034693E-08  2.044922E-08
  1.710000E+02  1.039940E-05  1.059083E-04  7.750293E-07  1.921287E-04 -1.030545E-02  2.034694E-08  2.044655E-08
  1.720000E+02  1.075642E-05  1.065739E-04  2.692549E-07  1.909377E-04 -1.490106E-02  2.034673E-08  2.045640E-08
  1.730000E+02  1.035874E-05  1.059845E-04 -1.079111E-07  1.920316E-04 -2.190553E-02  2.034749E-08  2.045004E-08
  1.740000E+02  1.035996E-05  1.060463E-04  6.901564E-07  1.918718E-04 -8.862151E-03  2.034650E-08  2.044524E-08
  1.750000E+02  1.073621E-05  1.065519E-04  3.658073E-07  1.909826E-04 -1.790106E-02  2.034630E-08  2.045646E-08
  1.760000E+02  1.041757E-05  1.058727E-04 -1.176167E-07  1.922280E-04 -1.968980E-02  2.034776E-08  2.045039E-08
  1.770000E+02  1.033167E-05  1.062034E-04  5.961552E-07  1.915835E-04 -8.590765E-03  2.034606E-08  2.044458E-08
  1.780000E+02  1.070698E-05  1.064677E-04  4.476572E-07  1.911363E-04 -2.045778E-02  2.034559E-08  2.045576E-08
  1.790000E+02  1.047331E-05  1.058124E-04 -1.065825E-07  1.923212E-04 -1.685108E-02  2.034708E-08  2.044969E-08
  1.800000E+02  1.031474E-05  1.063579E-04  4.986378E-07  1.913036E-04 -9.498004E-03  2.034573E-08  2.044462E-08
  1.810000E+02  1.067021E-05  1.063351E-04  5.131312E-07  1.913811E-04 -2.217063E-02  2.034553E-08  2.045516E-08
  1.820000E+02  1.052134E-05  1.058187E-04 -7.377887E-08  1.922963E-04 -1.382664E-02  2.034659E-08  2.044917E-08
  1.830000E+02  1.031199E-05  1.064843E-04  4.044797E-07  1.910836E-04 -1.150149E-02  2.034606E-08  2.044587E-08
  1.840000E+02  1.062534E-05  1.061761E-04  5.570566E-07  1.916809E-04 -2.270191E-02  2.034670E-08  2.045517E-08
  1.850000E+02  1.055955E-05  1.058960E-04 -1.629887E-08  1.921523E-04 -1.115419E-02  2.034689E-08  2.044956E-08
  1.860000E+02  1.032359E-05  1.065544E-04  3.177765E-07  1.909715E-04 -1.431645E-02  2.034676E-08  2.044786E-08
  1.870000E+02  1.057432E-05  1.060171E-04  5.773915E-07  1.919773E-04 -2.187543E-02  2.034801E-08  2.045478E-08
  1.880000E+02  1.058732E-05  1.060325E-04  6.245635E-08  1.919041E-04 -9.368728E-03  2.034719E-08  2.045020E-08
  1.890000E+02  1.034710E-05  1.065469E-04  2.418569E-07  1.909975E-04 -1.742060E-02  2.034710E-08  2.044957E-08
  1.900000E+02  1.052479E-05  1.058911E-04  5.725320E-07  1.922017E-04 -1.977446E-02  2.034847E-08  2.045327E-08
  1.910000E+02  1.060062E-05  1.062004E-04  1.505985E-07  1.916004E-04 -8.868209E-03  2.034724E-08  2.045082E-08
  1.920000E+02  1.038086E-05  1.064643E-04  1.862370E-07  1.911593E-04 -2.014536E-02  2.034752E-08  2.045122E-08
  1.930000E+02  1.048459E-05  1.058294E-04  5.390804E-07  1.923063E-04 -1.685466E-02  2.034878E-08  2.045168E-08
  1.940000E+02  1.059613E-05  1.063637E-04  2.352198E-07  1.913131E-04 -9.783949E-03  2.034780E-08  2.045204E-08
  1.950000E+02  1.042381E-05  1.063271E-04  1.585274E-07  1.914236E-04 -2.187991E-02  2.034865E-08  2.045329E-08
  1.960000E+02  1.045408E-05  1.058492E-04  4.788821E-07  1.922706E-04 -1.377507E-02  2.034976E-08  2.045111E-08
  1.970000E+02  1.057710E-05  1.064834E-04  3.127954E-07  1.911119E-04 -1.194337E-02  2.034879E-08  2.045368E-08
  1.980000E+02  1.047133E-05  1.061663E-04  1.560942E-07  1.917276E-04 -2.220526E-02  2.034999E-08  2.045516E-08
  1.990000E+02  1.043419E-05  1.059435E-04  4.004177E-07  1.921019E-04 -1.125268E-02  2.035067E-08  2.045105E-08
  2.000000E+02  1.054764E-05  1.065304E-04  3.779863E-07  1.910426E-04 -1.480988E-02  2.034961E-08  2.045495E-08
  2.010000E+02  1.051565E-05  1.060211E-04  1.773855E-07  1.919927E-04 -2.109272E-02  2.035074E-08  2.045597E-08
  2.020000E+02  1.042935E-05  1.060822E-04  3.155031E-07  1.918469E-04 -9.874490E-03  2.035055E-08  2.045075E-08
  2.030000E+02  1.050913E-05  1.064977E-04  4.206577E-07  1.911089E-04 -1.763774E-02  2.034950E-08  2.045487E-08
  2.040000E+02  1.055181E-05  1.059235E-04  2.238259E-07  1.921570E-04 -1.890782E-02  2.035030E-08  2.045522E-08
  2.050000E+02  1.044081E-05  1.062280E-04  2.330398E-07  1.915713E-04 -9.859346E-03  2.034926E-08  2.045004E-08
  2.060000E+02  1.046696E-05  1.064025E-04  4.336959E-07  1.912802E-04 -1.977371E-02  2.034871E-08  2.045364E-08
  2.070000E+02  1.057439E-05  1.058917E-04  2.892376E-07  1.921971E-04 -1.625597E-02  2.034938E-08  2.045378E-08
  2.080000E+02  1.046698E-05  1.063494E-04  1.652670E-07  1.913427E-04 -1.105071E-02  2.034793E-08  2.044990E-08
  2.090000E+02  1.042842E-05  1.062761E-04  4.140888E-07  1.915064E-04 -2.084394E-02  2.034813E-08  2.045228E-08
  2.100000E+02  1.057803E-05  1.059250E-04  3.635797E-07  1.921249E-04 -1.378768E-02  2.034890E-08  2.045265E-08
  2.110000E+02  1.050674E-05  1.064259E-04  1.239345E-07  1.912052E-04 -1.303921E-02  2.034746E-08  2.045100E-08
  2.120000E+02  1.039527E-05  1.061484E-04  3.625592E-07  1.917351E-04 -2.078595E-02  2.034797E-08  2.045108E-08
  2.130000E+02  1.056407E-05  1.060054E-04  4.421266E-07  1.919710E-04 -1.198128E-02  2.034850E-08  2.045163E-08
  2.140000E+02  1.055563E-05  1.064474E-04  1.101634E-07  1.911702E-04 -1.530320E-02  2.034718E-08  2.045241E-08
  2.150000E+02  1.036805E-05  1.060416E-04  2.876038E-07  1.919189E-04 -1.976727E-02  2.034741E-08  2.044934E-08
  2.160000E+02  1.053734E-05  1.061071E-04  5.197012E-07  1.917733E-04 -1.107995E-02  2.034725E-08  2.044988E-08
  2.170000E+02  1.060485E-05  1.064189E-04  1.217559E-07  1.912218E-04 -1.736528E-02  2.034654E-08  2.045326E-08
  2.180000E+02  1.035310E-05  1.059714E-04  2.014978E-07  1.920337E-04 -1.811115E-02  2.034675E-08  2.044765E-08
  2.190000E+02  1.049881E-05  1.062118E-04  5.826942E-07  1.915736E-04 -1.108760E-02  2.034613E-08  2.044833E-08
  2.200000E+02  1.064785E-05  1.063549E-04  1.623902E-07  1.913399E-04 -1.893320E-02  2.034630E-08  2.045416E-08
  2.210000E+02  1.035513E-05  1.059448E-04  1.133539E-07  1.920768E-04 -1.617637E-02  2.034688E-08  2.044711E-08
  2.220000E+02  1.044963E-05  1.063071E-04  6.206994E-07  1.914040E-04 -1.187224E-02  2.034617E-08  2.044795E-08
  2.230000E+02  1.068301E-05  1.062677E-04  2.311502E-07  1.915038E-04 -1.986914E-02  2.034665E-08  2.045524E-08
  2.240000E+02  1.037330E-05  1.059599E-04  2.716691E-08  1.920490E-04 -1.426410E-02  2.034743E-08  2.044742E-08
  2.250000E+02  1.039387E-05  1.063797E-04  6.318994E-07  1.912814E-04 -1.326673E-02  2.034667E-08  2.044803E-08
  2.260000E+02  1.070827E-05  1.061682E-04  3.215719E-07  1.916889E-04 -2.006652E-02  2.034717E-08  2.045604E-08
  2.270000E+02  1.040692E-05  1.060137E-04 -5.236755E-08  1.919518E-04 -1.264559E-02  2.034790E-08  2.044816E-08
  2.280000E+02  1.033620E-05  1.064165E-04  6.136815E-07  1.912229E-04 -1.506797E-02  2.034696E-08  2.044790E-08
  2.290000E+02  1.072255E-05  1.060726E-04  4.252331E-07  1.918653E-04 -1.945715E-02  2.034779E-08  2.045649E-08
  2.300000E+02  1.045424E-05  1.060980E-04 -1.215496E-07  1.917967E-04 -1.162411E-02  2.034788E-08  2.044895E-08
  2.310000E+02  1.028005E-05  1.064087E-04  5.666403E-07  1.912429E-04 -1.695643E-02  2.034697E-08  2.044742E-08
  2.320000E+02  1.072568E-05  1.059967E-04  5.353888E-07  1.919981E-04 -1.813855E-02  2.034782E-08  2.045597E-08
  2.330000E+02  1.051122E-05  1.061995E-04 -1.765772E-07  1.916081E-04 -1.138392E-02  2.034735E-08  2.044973E-08
  2.340000E+02  1.023026E-05  1.063547E-04  4.947431E-07  1.913424E-04 -1.860176E-02  2.034665E-08  2.044651E-08
  2.350000E+02  1.071531E-05  1.059566E-04  6.443178E-07  1.920594E-04 -1.630951E-02  2.034726E-08  2.045456E-08
  2.360000E+02  1.057395E-05  1.063015E-04 -2.094082E-07  1.914205E-04 -1.200610E-02  2.034683E-08  2.045089E-08
  2.370000E+02  1.019107E-05  1.062649E-04  4.022234E-07  1.915094E-04 -1.968204E-02  2.034679E-08  2.044599E-08
  2.380000E+02  1.068678E-05  1.059659E-04  7.474688E-07  1.920365E-04 -1.430837E-02  2.034723E-08  2.045340E-08
  2.390000E+02  1.064271E-05  1.063817E-04 -2.109250E-07  1.912790E-04 -1.343045E-02  2.034674E-08  2.045282E-08
  2.400000E+02  1.016315E-05  1.061572E-04  2.879241E-07  1.917113E-04 -1.991637E-02  2.034751E-08  2.044593E-08
  2.410000E+02  1.063972E-05  1.060275E-04  8.438234E-07  1.919268E-04 -1.258834E-02  2.034790E-08  2.045282E-08
  2.420000E+02  1.071533E-05  1.064169E-04 -1.784946E-07  1.912246E-04 -1.538393E-02  2.034713E-08  2.045533E-08
  2.430000E+02  1.014766E-05  1.060558E-04  1.552510E-07  1.918993E-04 -1.916678E-02  2.034829E-08  2.044589E-08
  2.440000E+02  1.057697E-05  1.061287E-04  9.286366E-07  1.917490E-04 -1.159955E-02  2.034870E-08  2.045242E-08
  2.450000E+02  1.078658E-05  1.063960E-04 -1.133611E-07  1.912754E-04 -1.741071E-02  2.034785E-08  2.045801E-08
  2.460000E+02  1.014861E-05  1.059856E-04  1.128093E-08  1.920251E-04 -1.757661E-02  2.034876E-08  2.044566E-08
  2.470000E+02  1.050000E-05  1.062429E-04  9.925826E-07  1.915462E-04 -1.159691E-02  2.034907E-08  2.045166E-08
  2.480000E+02  1.085188E-05  1.063252E-04 -1.455668E-08  1.914153E-04 -1.900236E-02  2.034859E-08  2.046032E-08
  2.490000E+02  1.016897E-05  1.059648E-04 -1.373537E-07  1.920583E-04 -1.555571E-02  2.034895E-08  2.044553E-08
  2.500000E+02  1.041261E-05  1.063401E-04  1.026446E-06  1.913722E-04 -1.256292E-02  2.034895E-08  2.045048E-08
  2.510000E+02  1.090557E-05  1.062240E-04  1.151105E-07  1.916045E-04 -1.976895E-02  2.034902E-08  2.046176E-08
  2.520000E+02  1.020945E-05  1.059982E-04 -2.798771E-07  1.919944E-04 -1.361739E-02  2.034918E-08  2.044599E-08
  2.530000E+02  1.032006E-05  1.063980E-04  1.024282E-06  1.912718E-04 -1.422988E-02  2.034888E-08  2.044935E-08
  2.540000E+02  1.094261E-05  1.061202E-04  2.693932E-07  1.917956E-04 -1.955469E-02  2.034949E-08  2.046262E-08
  2.550000E+02  1.027198E-05  1.060754E-04 -4.078119E-07  1.918572E-04 -1.222936E-02  2.034981E-08  2.044758E-08
  2.560000E+02  1.022515E-05  1.064058E-04  9.798321E-07  1.912650E-04 -1.616912E-02  2.034904E-08  2.044835E-08
  2.570000E+02  1.095992E-05  1.060372E-04  4.452894E-07  1.919438E-04 -1.848414E-02  2.034970E-08  2.046263E-08
  2.580000E+02  1.035495E-05  1.061730E-04 -5.135700E-07  1.916815E-04 -1.168720E-02  2.035001E-08  2.044946E-08
  2.590000E+02  1.013403E-05  1.063645E-04  8.910800E-07  1.913429E-04 -1.789898E-02  2.034883E-08  2.044682E-08
  2.600000E+02  1.095390E-05  1.059903E-04  6.335515E-07  1.920164E-04 -1.687424E-02  2.034897E-08  2.046119E-08
  2.610000E+02  1.045304E-05  1.062639E-04 -5.853874E-07  1.915088E-04 -1.202939E-02  2.034900E-08  2.045069E-08
  2.620000E+02  1.005619E-05  1.062899E-04  7.605817E-07  1.914744E-04 -1.902632E-02  2.034812E-08  2.044477E-08
  2.630000E+02  1.092071E-05  1.059869E-04  8.183554E-07  1.920082E-04 -1.514170E-02  2.034803E-08  2.045909E-08
  2.640000E+02  1.056202E-05  1.063324E-04 -6.119461E-07  1.913780E-04 -1.307995E-02  2.034794E-08  2.045225E-08
  2.650000E+02  9.998141E-06  1.062027E-04  5.912538E-07  1.916282E-04 -1.941374E-02  2.034760E-08  2.044300E-08
  2.660000E+02  1.086024E-05  1.060227E-04  9.867373E-07  1.919353E-04 -1.363787E-02  2.034760E-08  2.045717E-08
  2.670000E+02  1.067628E-05  1.063704E-04 -5.881906E-07  1.913090E-04 -1.454767E-02  2.034745E-08  2.045453E-08
  2.680000E+02  9.962193E-06  1.061180E-04  3.924139E-07  1.917755E-04 -1.910672E-02  2.034711E-08  2.044147E-08
  2.690000E+02  1.077744E-05  1.060831E-04  1.129809E-06  1.918165E-04 -1.259108E-02  2.034688E-08  2.045475E-08
  2.700000E+02  1.078767E-05  1.063739E-04 -5.171279E-07  1.912990E-04 -1.612888E-02  2.034657E-08  2.045631E-08
  2.710000E+02  9.950791E-06  1.060472E-04  1.783285E-07  1.918926E-04 -1.821898E-02  2.034629E-08  2.043993E-08
  2.720000E+02  1.067739E-05  1.061571E-04  1.238326E-06  1.916714E-04 -1.211698E-02  2.034579E-08  2.045185E-08
  2.730000E+02  1.088820E-05  1.063457E-04 -4.020786E-07  1.913448E-04 -1.757376E-02  2.034556E-08  2.045763E-08
  2.740000E+02  9.966556E-06  1.060014E-04 -3.716235E-08  1.919654E-04 -1.692653E-02  2.034568E-08  2.043906E-08
  2.750000E+02  1.056323E-05  1.062361E-04  1.304320E-06  1.915246E-04 -1.225510E-02  2.034529E-08  2.044945E-08
  2.760000E+02  1.097185E-05  1.062914E-04 -2.442532E-07  1.914424E-04 -1.868825E-02  2.034514E-08  2.045905E-08
  2.770000E+02  1.000937E-05  1.059861E-04 -2.418787E-07  1.919870E-04 -1.541819E-02  2.034554E-08  2.043919E-08
  2.780000E+02  1.044085E-05  1.063105E-04  1.322995E-06  1.913944E-04 -1.297922E-02  2.034552E-08  2.044780E-08
  2.790000E+02  1.103411E-05  1.062159E-04 -5.159958E-08  1.915817E-04 -1.932753E-02  2.034524E-08  2.046037E-08
  2.800000E+02  1.007552E-05  1.060042E-04 -4.235688E-07  1.919507E-04 -1.387731E-02  2.034561E-08  2.044008E-08
  2.810000E+02  1.031866E-05  1.063689E-04  1.294619E-06  1.912975E-04 -1.422669E-02  2.034604E-08  2.044657E-08
  2.820000E+02  1.107183E-05  1.061303E-04  1.616493E-07  1.917452E-04 -1.934896E-02  2.034617E-08  2.046183E-08
  2.830000E+02  1.016199E-05  1.060569E-04 -5.733574E-07  1.918569E-04 -1.256621E-02  2.034614E-08  2.044198E-08
  2.840000E+02  1.020175E-05  1.063970E-04  1.220885E-06  1.912580E-04 -1.583116E-02  2.034673E-08  2.044563E-08
  2.850000E+02  1.108444E-05  1.060499E-04  3.857836E-07  1.919008E-04 -1.868674E-02  2.034750E-08  2.046302E-08
  2.860000E+02  1.026578E-05  1.061386E-04 -6.875077E-07  1.917171E-04 -1.176237E-02  2.034718E-08  2.044496E-08
  2.870000E+02  1.009570E-05  1.063828E-04  1.103050E-06  1.912933E-04 -1.751792E-02  2.034719E-08  2.044455E-08
  2.880000E+02  1.107220E-05  1.059900E-04  6.093531E-07  1.920105E-04 -1.739257E-02  2.034811E-08  2.046288E-08
  2.890000E+02  1.038093E-05  1.062356E-04 -7.614133E-07  1.915506E-04 -1.168845E-02  2.034810E-08  2.044833E-08
  2.900000E+02  1.000800E-05  1.063252E-04  9.467104E-07  1.914047E-04 -1.893859E-02  2.034749E-08  2.044345E-08
  2.910000E+02  1.103418E-05  1.059649E-04  8.181207E-07  1.920479E-04 -1.567080E-02  2.034783E-08  2.046131E-08
  2.920000E+02  1.050286E-05  1.063269E-04 -7.893297E-07  1.913902E-04 -1.242672E-02  2.034837E-08  2.045142E-08
  2.930000E+02  9.941861E-06  1.062369E-04  7.582864E-07  1.915714E-04 -1.975128E-02  2.034798E-08  2.044265E-08
  2.940000E+02  1.097170E-05  1.059857E-04  1.004461E-06  1.920044E-04 -1.388141E-02  2.034777E-08  2.045957E-08
  2.950000E+02  1.062761E-05  1.063917E-04 -7.705365E-07  1.912792E-04 -1.387031E-02  2.034855E-08  2.045464E-08
  2.960000E+02  9.898643E-06  1.061377E-04  5.445744E-07  1.917568E-04 -1.974846E-02  2.034866E-08  2.044220E-08
  2.970000E+02  1.088657E-05  1.060508E-04  1.164146E-06  1.918882E-04 -1.242984E-02  2.034833E-08  2.045826E-08
  2.980000E+02  1.074936E-05  1.064128E-04 -7.036214E-07  1.912486E-04 -1.571251E-02  2.034878E-08  2.045784E-08
  2.990000E+02  9.880307E-06  1.060496E-04  3.156247E-07  1.919179E-04 -1.888802E-02  2.034918E-08  2.044181E-08
  3.000000E+02  1.078044E-05  1.061454E-04  1.291793E-06  1.917230E-04 -1.165895E-02  2.034914E-08  2.045708E-08
  3.010000E+02  1.086382E-05  1.063867E-04 -5.882873E-07  1.913064E-04 -1.752140E-02  2.034933E-08  2.046109E-08
  3.020000E+02  9.886515E-06  1.059919E-04  8.031318E-08  1.920187E-04 -1.738808E-02  2.034936E-08  2.044143E-08
  3.030000E+02  1.065811E-05  1.062452E-04  1.383974E-06  1.915455E-04 -1.174910E-02  2.034939E-08  2.045532E-08
  3.040000E+02  1.096513E-05  1.063216E-04 -4.291736E-07  1.914318E-04 -1.889213E-02  2.034970E-08  2.046365E-08
  3.050000E+02  9.918308E-06  1.059754E-04 -1.504716E-07  1.920408E-04 -1.561317E-02  2.034911E-08  2.044114E-08
  3.060000E+02  1.052760E-05  1.063261E-04  1.431750E-06  1.913971E-04 -1.261305E-02  2.034889E-08  2.045284E-08
  3.070000E+02  1.104433E-05  1.062349E-04 -2.346777E-07  1.915877E-04 -1.955790E-02  2.034941E-08  2.046488E-08
  3.080000E+02  9.978692E-06  1.060002E-04 -3.612742E-07  1.919890E-04 -1.393659E-02  2.034890E-08  2.044158E-08
  3.090000E+02  1.039500E-05  1.063770E-04  1.423863E-06  1.913063E-04 -1.399416E-02  2.034859E-08  2.045060E-08
  3.100000E+02  1.109591E-05  1.061455E-04 -1.235675E-08  1.917446E-04 -1.948615E-02  2.034895E-08  2.046517E-08
  3.110000E+02  1.006671E-05  1.060578E-04 -5.402255E-07  1.918814E-04 -1.266363E-02  2.034890E-08  2.044298E-08
  3.120000E+02  1.026616E-05  1.063933E-04  1.357219E-06  1.912830E-04 -1.559462E-02  2.034875E-08  2.044882E-08
  3.130000E+02  1.111789E-05  1.060686E-04  2.277253E-07  1.918763E-04 -1.878002E-02  2.034846E-08  2.046469E-08
  3.140000E+02  1.017761E-05  1.061310E-04 -6.792844E-07  1.917416E-04 -1.198511E-02  2.034828E-08  2.044444E-08
  3.150000E+02  1.014819E-05  1.063759E-04  1.235309E-06  1.913176E-04 -1.709236E-02  2.034862E-08  2.044684E-08
  3.160000E+02  1.110828E-05  1.060152E-04  4.730072E-07  1.919627E-04 -1.763857E-02  2.034780E-08  2.046337E-08
  3.170000E+02  1.030435E-05  1.062051E-04 -7.684049E-07  1.915965E-04 -1.194130E-02  2.034708E-08  2.044584E-08
  3.180000E+02  1.004903E-05  1.063314E-04  1.065489E-06  1.913941E-04 -1.827730E-02  2.034781E-08  2.044435E-08
  3.190000E+02  1.106659E-05  1.059901E-04  7.079388E-07  1.919977E-04 -1.626724E-02  2.034716E-08  2.046147E-08
  3.200000E+02  1.043916E-05  1.062740E-04 -7.999712E-07  1.914683E-04 -1.242722E-02  2.034652E-08  2.044819E-08
  3.210000E+02  9.974335E-06  1.062671E-04  8.584994E-07  1.915023E-04 -1.907122E-02  2.034670E-08  2.044185E-08
  3.220000E+02  1.099706E-05  1.059924E-04  9.175094E-07  1.919838E-04 -1.482468E-02  2.034659E-08  2.045915E-08
  3.230000E+02  1.057268E-05  1.063314E-04 -7.744958E-07  1.913657E-04 -1.335582E-02  2.034638E-08  2.045104E-08
  3.240000E+02  9.928587E-06  1.061896E-04  6.293427E-07  1.916348E-04 -1.937745E-02  2.034580E-08  2.043991E-08
  3.250000E+02  1.090435E-05  1.060218E-04  1.088758E-06  1.919181E-04 -1.350861E-02  2.034565E-08  2.045613E-08
  3.260000E+02  1.069697E-05  1.063688E-04 -6.945417E-07  1.913002E-04 -1.463113E-02  2.034620E-08  2.045375E-08
  3.270000E+02  9.914551E-06  1.061110E-04  3.915983E-07  1.917730E-04 -1.912842E-02  2.034550E-08  2.043899E-08
  3.280000E+02  1.079283E-05  1.060759E-04  1.212377E-06  1.918097E-04 -1.252671E-02  2.034479E-08  2.045299E-08
  3.290000E+02  1.080800E-05  1.063796E-04 -5.654344E-07  1.912849E-04 -1.608069E-02  2.034619E-08  2.045635E-08
  3.300000E+02  9.931389E-06  1.060445E-04  1.540918E-07  1.918948E-04 -1.834952E-02  2.034595E-08  2.043928E-08
  3.310000E+02  1.066921E-05  1.061500E-04  1.284306E-06  1.916765E-04 -1.202688E-02  2.034499E-08  2.045088E-08
  3.320000E+02  1.090106E-05  1.063580E-04 -3.966536E-07  1.913289E-04 -1.751836E-02  2.034624E-08  2.045859E-08
  3.330000E+02  9.974952E-06  1.059994E-04 -7.017706E-08  1.919772E-04 -1.710796E-02  2.034649E-08  2.044008E-08
  3.340000E+02  1.054300E-05  1.062335E-04  1.304755E-06  1.915327E-04 -1.212752E-02  2.034569E-08  2.044943E-08
  3.350000E+02  1.096857E-05  1.063028E-04 -2.008051E-07  1.914330E-04 -1.867636E-02  2.034632E-08  2.046018E-08
  3.360000E+02  1.004202E-05  1.059834E-04 -2.632283E-07  1.919990E-04 -1.557686E-02  2.034624E-08  2.044053E-08
  3.370000E+02  1.041980E-05  1.063110E-04  1.275401E-06  1.914009E-04 -1.283721E-02  2.034634E-08  2.044815E-08
  3.380000E+02  1.100759E-05  1.062254E-04  1.338957E-08  1.915794E-04 -1.932144E-02  2.034680E-08  2.046142E-08
  3.390000E+02  1.012851E-05  1.060042E-04 -4.156163E-07  1.919576E-04 -1.403330E-02  2.034631E-08  2.044179E-08
  3.400000E+02  1.030441E-05  1.063671E-04  1.200324E-06  1.913118E-04 -1.407726E-02  2.034726E-08  2.044739E-08
  3.410000E+02  1.101888E-05  1.061435E-04  2.355715E-07  1.917393E-04 -1.930928E-02  2.034809E-08  2.046271E-08
  3.420000E+02  1.022813E-05  1.060614E-04 -5.235518E-07  1.918632E-04 -1.280265E-02  2.034760E-08  2.044471E-08
  3.430000E+02  1.020379E-05  1.063881E-04  1.086239E-06  1.912909E-04 -1.561843E-02  2.034858E-08  2.044730E-08
  3.440000E+02  1.100452E-05  1.060727E-04  4.500586E-07  1.918766E-04 -1.862976E-02  2.034933E-08  2.046327E-08
  3.450000E+02  1.033549E-05  1.061395E-04 -5.865434E-07  1.917328E-04 -1.214503E-02  2.034893E-08  2.044807E-08
  3.460000E+02  1.012363E-05  1.063699E-04  9.390858E-07  1.913384E-04 -1.710013E-02  2.034967E-08  2.044722E-08
  3.470000E+02  1.096614E-05  1.060244E-04  6.439797E-07  1.919619E-04 -1.745553E-02  2.034954E-08  2.046226E-08
  3.480000E+02  1.044654E-05  1.062197E-04 -6.044367E-07  1.915924E-04 -1.214417E-02  2.034940E-08  2.045085E-08
  3.490000E+02  1.006676E-05  1.063199E-04  7.645847E-07  1.914353E-04 -1.823323E-02  2.035000E-08  2.044664E-08
  3.500000E+02  1.090564E-05  1.060081E-04  8.100023E-07  1.919846E-04 -1.604636E-02  2.034931E-08  2.046038E-08
  3.510000E+02  1.055711E-05  1.062870E-04 -5.774693E-07  1.914724E-04 -1.276489E-02  2.034937E-08  2.045330E-08
  3.520000E+02  1.003492E-05  1.062525E-04  5.696562E-07  1.915593E-04 -1.882676E-02  2.035005E-08  2.044602E-08
  3.530000E+02  1.082529E-05  1.060262E-04  9.427377E-07  1.919497E-04 -1.468850E-02  2.034950E-08  2.045866E-08
  3.540000E+02  1.066174E-05  1.063306E-04 -5.055269E-07  1.913968E-04 -1.384555E-02  2.034938E-08  2.045576E-08
  3.550000E+02  1.002798E-05  1.061814E-04  3.653530E-07  1.916848E-04 -1.883765E-02  2.034976E-08  2.044534E-08
  3.560000E+02  1.072895E-05  1.060687E-04  1.039109E-06  1.918691E-04 -1.363595E-02  2.034942E-08  2.045652E-08
  3.570000E+02  1.075468E-05  1.063475E-04 -3.914504E-07  1.913725E-04 -1.508279E-02  2.034967E-08  2.045826E-08
  3.580000E+02  1.004471E-05  1.061199E-04  1.642814E-07  1.917878E-04 -1.839738E-02  2.034905E-08  2.044459E-08
  3.590000E+02  1.062275E-05  1.061197E-04  1.096349E-06  1.917667E-04 -1.302185E-02  2.034849E-08  2.045351E-08
  3.600000E+02  1.082960E-05  1.063415E-04 -2.421457E-07  1.913868E-04 -1.620626E-02  2.034968E-08  2.046005E-08
  3.610000E+02  1.008531E-05  1.060756E-04 -2.100813E-08  1.918590E-04 -1.766251E-02  2.034838E-08  2.044430E-08
  3.620000E+02  1.051278E-05  1.061708E-04  1.108848E-06  1.916621E-04 -1.285800E-02  2.034723E-08  2.045024E-08
  3.630000E+02  1.088151E-05  1.063147E-04 -6.558294E-08  1.914291E-04 -1.712020E-02  2.034874E-08  2.046033E-08
  3.640000E+02  1.014922E-05  1.060507E-04 -1.800046E-07  1.918951E-04 -1.671464E-02  2.034778E-08  2.044450E-08
  3.650000E+02  1.040502E-05  1.062194E-04  1.072624E-06  1.915654E-04 -1.309321E-02  2.034622E-08  2.044737E-08
  3.660000E+02  1.090841E-05  1.062711E-04  1.279203E-07  1.914945E-04 -1.779317E-02  2.034711E-08  2.045933E-08
  3.670000E+02  1.023250E-05  1.060443E-04 -3.053063E-07  1.918953E-04 -1.566619E-02  2.034690E-08  2.044484E-08
  3.680000E+02  1.030606E-05  1.062635E-04  9.899594E-07  1.914846E-04 -1.362649E-02  2.034593E-08  2.044546E-08
  3.690000E+02  1.090952E-05  1.062198E-04  3.258345E-07  1.915778E-04 -1.819424E-02  2.034599E-08  2.045825E-08
  3.700000E+02  1.033037E-05  1.060535E-04 -3.912661E-07  1.918657E-04 -1.469066E-02  2.034582E-08  2.044533E-08
  3.710000E+02  1.022300E-05  1.063008E-04  8.643540E-07  1.914242E-04 -1.434941E-02  2.034646E-08  2.044471E-08
  3.720000E+02  1.088286E-05  1.061682E-04  5.155492E-07  1.916722E-04 -1.830639E-02  2.034608E-08  2.045774E-08
  3.730000E+02  1.043716E-05  1.060788E-04 -4.290563E-07  1.918148E-04 -1.386486E-02  2.034554E-08  2.044688E-08
  3.740000E+02  1.016110E-05  1.063241E-04  7.027347E-07  1.913894E-04 -1.525306E-02  2.034693E-08  2.044432E-08
  3.750000E+02  1.082930E-05  1.061182E-04  6.857585E-07  1.917675E-04 -1.805224E-02  2.034671E-08  2.045715E-08
  3.760000E+02  1.054401E-05  1.061206E-04 -4.128675E-07  1.917398E-04 -1.327511E-02  2.034574E-08  2.044905E-08
  3.770000E+02  1.012372E-05  1.063235E-04  5.199986E-07  1.913913E-04 -1.626203E-02  2.034671E-08  2.044366E-08
  3.780000E+02  1.075505E-05  1.060763E-04  8.243970E-07  1.918415E-04 -1.741042E-02  2.034675E-08  2.045546E-08
  3.790000E+02  1.064015E-05  1.061729E-04 -3.459164E-07  1.916456E-04 -1.304756E-02  2.034583E-08  2.045105E-08
  3.800000E+02  1.011463E-05  1.062968E-04  3.345841E-07  1.914350E-04 -1.718927E-02  2.034591E-08  2.044287E-08
  3.810000E+02  1.066585E-05  1.060496E-04  9.189779E-07  1.918767E-04 -1.648254E-02  2.034567E-08  2.045233E-08
  3.820000E+02  1.072043E-05  1.062274E-04 -2.353623E-07  1.915460E-04 -1.324278E-02  2.034565E-08  2.045263E-08
  3.830000E+02  1.013512E-05  1.062515E-04  1.557376E-07  1.915148E-04 -1.785742E-02  2.034549E-08  2.044289E-08
  3.840000E+02  1.056639E-05  1.060461E-04  9.629002E-07  1.918724E-04 -1.543013E-02  2.034489E-08  2.044931E-08
  3.850000E+02  1.078341E-05  1.062752E-04 -8.938091E-08  1.914638E-04 -1.384767E-02  2.034590E-08  2.045442E-08
  3.860000E+02  1.018086E-05  1.061995E-04 -9.949569E-09  1.916169E-04 -1.814237E-02  2.034627E-08  2.044444E-08
  3.870000E+02  1.046599E-05  1.060690E-04  9.568875E-07  1.918329E-04 -1.448097E-02  2.034539E-08  2.044764E-08
  3.880000E+02  1.082685E-05  1.063043E-04  7.519637E-08  1.914228E-04 -1.473274E-02  2.034686E-08  2.045659E-08
  3.890000E+02  1.024460E-05  1.061508E-04 -1.517793E-07  1.917149E-04 -1.799945E-02  2.034739E-08  2.044656E-08
  3.900000E+02  1.037314E-05  1.061110E-04  9.082361E-07  1.917664E-04 -1.382711E-02  2.034658E-08  2.044694E-08
  3.910000E+02  1.084690E-05  1.063083E-04  2.446143E-07  1.914281E-04 -1.568809E-02  2.034789E-08  2.045832E-08
  3.920000E+02  1.032114E-05  1.061132E-04 -2.575361E-07  1.917865E-04 -1.747512E-02  2.034796E-08  2.044829E-08
  3.930000E+02  1.029180E-05  1.061598E-04  8.240357E-07  1.916866E-04 -1.356100E-02  2.034754E-08  2.044638E-08
  3.940000E+02  1.084256E-05  1.062902E-04  4.117866E-07  1.914700E-04 -1.650908E-02  2.034861E-08  2.045918E-08
  3.950000E+02  1.040602E-05  1.060932E-04 -3.214348E-07  1.918234E-04 -1.671046E-02  2.034832E-08  2.044995E-08
  3.960000E+02  1.022402E-05  1.062061E-04  7.114699E-07  1.916118E-04 -1.368607E-02  2.034843E-08  2.044611E-08
  3.970000E+02  1.081596E-05  1.062599E-04  5.707268E-07  1.915347E-04 -1.707185E-02  2.034950E-08  2.045967E-08
  3.980000E+02  1.049388E-05  1.060932E-04 -3.431625E-07  1.918298E-04 -1.589423E-02  2.034927E-08  2.045229E-08
  3.990000E+02  1.017410E-05  1.062429E-04  5.776301E-07  1.915572E-04 -1.412062E-02  2.034957E-08  2.044651E-08
  4.000000E+02  1.076963E-05  1.062249E-04  7.106824E-07  1.916067E-04 -1.734223E-02  2.035036E-08  2.045964E-08
  4.010000E+02  1.057942E-05  1.061064E-04 -3.232446E-07  1.918112E-04 -1.517781E-02  2.035004E-08  2.045450E-08
  4.020000E+02  1.014523E-05  1.062659E-04  4.304514E-07  1.915259E-04 -1.468603E-02  2.035048E-08  2.044707E-08
  4.030000E+02  1.070638E-05  1.061912E-04  8.228124E-07  1.916687E-04 -1.737702E-02  2.035046E-08  2.045847E-08
  4.040000E+02  1.065991E-05  1.061233E-04 -2.650246E-07  1.917776E-04 -1.464243E-02  2.034989E-08  2.045577E-08
  4.050000E+02  1.013897E-05  1.062748E-04  2.740500E-07  1.915106E-04 -1.523246E-02  2.035039E-08  2.044704E-08
  4.060000E+02  1.062865E-05  1.061638E-04  9.018927E-07  1.917135E-04 -1.722740E-02  2.035001E-08  2.045642E-08
  4.070000E+02  1.073260E-05  1.061418E-04 -1.710100E-07  1.917362E-04 -1.434034E-02  2.034914E-08  2.045638E-08
  4.080000E+02  1.015585E-05  1.062709E-04  1.135539E-07  1.915094E-04 -1.571891E-02  2.034936E-08  2.044645E-08
  4.090000E+02  1.054059E-05  1.061432E-04  9.433225E-07  1.917416E-04 -1.691188E-02  2.034915E-08  2.045374E-08
  4.100000E+02  1.079244E-05  1.061630E-04 -4.526979E-08  1.916894E-04 -1.425394E-02  2.034826E-08  2.045670E-08
  4.110000E+02  1.019421E-05  1.062568E-04 -3.951124E-08  1.915227E-04 -1.615767E-02  2.034794E-08  2.044584E-08
  4.120000E+02  1.044778E-05  1.061270E-04  9.456475E-07  1.917566E-04 -1.647474E-02  2.034779E-08  2.045042E-08
  4.130000E+02  1.083643E-05  1.061888E-04  1.035996E-07  1.916393E-04 -1.429215E-02  2.034786E-08  2.045726E-08
  4.140000E+02  1.024956E-05  1.062379E-04 -1.752640E-07  1.915498E-04 -1.657932E-02  2.034706E-08  2.044608E-08
  4.150000E+02  1.035724E-05  1.061152E-04  9.118771E-07  1.917656E-04 -1.596256E-02  2.034666E-08  2.044738E-08
  4.160000E+02  1.086003E-05  1.062174E-04  2.653379E-07  1.915884E-04 -1.443561E-02  2.034790E-08  2.045790E-08
  4.170000E+02  1.031994E-05  1.062160E-04 -2.828963E-07  1.915912E-04 -1.692646E-02  2.034713E-08  2.044753E-08
  4.180000E+02  1.027359E-05  1.061115E-04  8.420293E-07  1.917659E-04 -1.543526E-02  2.034614E-08  2.044508E-08
  4.190000E+02  1.085965E-05  1.062404E-04  4.337350E-07  1.915439E-04 -1.472910E-02  2.034751E-08  2.045770E-08
  4.200000E+02  1.040440E-05  1.061902E-04 -3.544041E-07  1.916390E-04 -1.708436E-02  2.034722E-08  2.044920E-08
  4.210000E+02  1.020058E-05  1.061184E-04  7.347732E-07  1.917484E-04 -1.496421E-02  2.034574E-08  2.044316E-08
  4.220000E+02  1.083613E-05  1.062516E-04  6.005767E-07  1.915141E-04 -1.517795E-02  2.034634E-08  2.045630E-08
  4.230000E+02  1.049895E-05  1.061612E-04 -3.880408E-07  1.916824E-04 -1.701053E-02  2.034630E-08  2.044999E-08
  4.240000E+02  1.014201E-05  1.061381E-04  5.948928E-07  1.917093E-04 -1.459214E-02  2.034549E-08  2.044171E-08
  4.250000E+02  1.079235E-05  1.062509E-04  7.557364E-07  1.915083E-04 -1.573037E-02  2.034542E-08  2.045475E-08
  4.260000E+02  1.059731E-05  1.061354E-04 -3.842042E-07  1.917192E-04 -1.670438E-02  2.034536E-08  2.045076E-08
  4.270000E+02  1.010271E-05  1.061683E-04  4.308774E-07  1.916548E-04 -1.442154E-02  2.034555E-08  2.044102E-08
  4.280000E+02  1.072860E-05  1.062383E-04  8.892428E-07  1.915325E-04 -1.626442E-02  2.034540E-08  2.045368E-08
  4.290000E+02  1.069271E-05  1.061203E-04 -3.377381E-07  1.917416E-04 -1.621621E-02  2.034499E-08  2.045204E-08
  4.300000E+02  1.008757E-05  1.061999E-04  2.521266E-07  1.916007E-04 -1.450369E-02  2.034583E-08  2.044110E-08
  4.310000E+02  1.064784E-05  1.062168E-04  9.887485E-07  1.915773E-04 -1.664611E-02  2.034590E-08  2.045272E-08
  4.320000E+02  1.077641E-05  1.061180E-04 -2.470662E-07  1.917449E-04 -1.565879E-02  2.034509E-08  2.045357E-08
  4.330000E+02  1.009779E-05  1.062226E-04  7.519896E-08  1.915590E-04 -1.480445E-02  2.034568E-08  2.044128E-08
  4.340000E+02  1.055600E-05  1.061915E-04  1.046801E-06  1.916239E-04 -1.680661E-02  2.034595E-08  2.045100E-08
  4.350000E+02  1.084125E-05  1.061288E-04 -1.179782E-07  1.917265E-04 -1.518936E-02  2.034536E-08  2.045498E-08
  4.360000E+02  1.013353E-05  1.062323E-04 -8.567033E-08  1.915416E-04 -1.522032E-02  2.034555E-08  2.044197E-08
  4.370000E+02  1.045841E-05  1.061709E-04  1.058469E-06  1.916622E-04 -1.671592E-02  2.034610E-08  2.044921E-08
  4.380000E+02  1.088490E-05  1.061492E-04  4.076667E-08  1.916958E-04 -1.492870E-02  2.034609E-08  2.045653E-08
  4.390000E+02  1.019243E-05  1.062302E-04 -2.237706E-07  1.915530E-04 -1.560468E-02  2.034624E-08  2.044387E-08
  4.400000E+02  1.036046E-05  1.061607E-04  1.023933E-06  1.916859E-04 -1.644723E-02  2.034675E-08  2.044786E-08
  4.410000E+02  1.090809E-05  1.061721E-04  2.177503E-07  1.916677E-04 -1.488358E-02  2.034751E-08  2.045846E-08
  4.420000E+02  1.026855E-05  1.062211E-04 -3.355094E-07  1.915821E-04 -1.588905E-02  2.034748E-08  2.044660E-08
  4.430000E+02  1.027119E-05  1.061606E-04  9.473374E-07  1.916957E-04 -1.611419E-02  2.034788E-08  2.044716E-08
  4.440000E+02  1.090918E-05  1.061914E-04  3.961840E-07  1.916481E-04 -1.500973E-02  2.034908E-08  2.046017E-08
  4.450000E+02  1.035426E-05  1.062106E-04 -4.110252E-07  1.916151E-04 -1.604581E-02  2.034894E-08  2.044968E-08
  4.460000E+02  1.019880E-05  1.061656E-04  8.370482E-07  1.916964E-04 -1.582495E-02  2.034902E-08  2.044681E-08
  4.470000E+02  1.088799E-05  1.062031E-04  5.597831E-07  1.916386E-04 -1.518621E-02  2.035026E-08  2.046105E-08
  4.480000E+02  1.044413E-05  1.062028E-04 -4.453374E-07  1.916394E-04 -1.610054E-02  2.035000E-08  2.045244E-08
  4.490000E+02  1.014404E-05  1.061695E-04  7.033193E-07  1.916931E-04 -1.564991E-02  2.034947E-08  2.044614E-08
  4.500000E+02  1.084932E-05  1.062066E-04  7.029112E-07  1.916329E-04 -1.532745E-02  2.035030E-08  2.046043E-08
  4.510000E+02  1.053318E-05  1.061973E-04 -4.438307E-07  1.916500E-04 -1.609630E-02  2.035007E-08  2.045419E-08
  4.520000E+02  1.010722E-05  1.061720E-04  5.558786E-07  1.916872E-04 -1.556889E-02  2.034935E-08  2.044527E-08
  4.530000E+02  1.079516E-05  1.062033E-04  8.232302E-07  1.916296E-04 -1.544039E-02  2.034927E-08  2.045842E-08
  4.540000E+02  1.061724E-05  1.061925E-04 -4.069196E-07  1.916517E-04 -1.601616E-02  2.034937E-08  2.045507E-08
  4.550000E+02  1.009009E-05  1.061769E-04  4.016170E-07  1.916761E-04 -1.555290E-02  2.034911E-08  2.044469E-08
  4.560000E+02  1.072643E-05  1.061966E-04  9.164492E-07  1.916318E-04 -1.556792E-02  2.034818E-08  2.045606E-08
  4.570000E+02  1.069500E-05  1.061863E-04 -3.353427E-07  1.916523E-04 -1.587537E-02  2.034829E-08  2.045542E-08
  4.580000E+02  1.009079E-05  1.061852E-04  2.447611E-07  1.916595E-04 -1.554669E-02  2.034893E-08  2.044452E-08
  4.590000E+02  1.064750E-05  1.061908E-04  9.825684E-07  1.916385E-04 -1.572506E-02  2.034772E-08  2.045413E-08
  4.600000E+02  1.076348E-05  1.061792E-04 -2.353285E-07  1.916563E-04 -1.571806E-02  2.034740E-08  2.045578E-08
  4.610000E+02  1.010772E-05  1.061931E-04  9.266877E-08  1.916400E-04 -1.554983E-02  2.034839E-08  2.044430E-08
  4.620000E+02  1.056442E-05  1.061868E-04  1.019633E-06  1.916470E-04 -1.584536E-02  2.034782E-08  2.045267E-08
  4.630000E+02  1.081713E-05  1.061751E-04 -1.142715E-07  1.916598E-04 -1.559973E-02  2.034702E-08  2.045640E-08
  4.640000E+02  1.014360E-05  1.061970E-04 -4.581543E-08  1.916247E-04 -1.560014E-02  2.034749E-08  2.044409E-08
  4.650000E+02  1.047892E-05  1.061820E-04  1.020705E-06  1.916543E-04 -1.588025E-02  2.034767E-08  2.045089E-08
  4.660000E+02  1.085401E-05  1.061778E-04  2.598765E-08  1.916551E-04 -1.552140E-02  2.034707E-08  2.045715E-08
  4.670000E+02  1.019696E-05  1.061944E-04 -1.655771E-07  1.916198E-04 -1.573345E-02  2.034643E-08  2.044407E-08
  4.680000E+02  1.039475E-05  1.061749E-04  9.854836E-07  1.916592E-04 -1.579489E-02  2.034686E-08  2.044842E-08
  4.690000E+02  1.087449E-05  1.061874E-04  1.775943E-07  1.916390E-04 -1.548254E-02  2.034720E-08  2.045772E-08
  4.700000E+02  1.026227E-05  1.061858E-04 -2.626105E-07  1.916289E-04 -1.590848E-02  2.034569E-08  2.044459E-08
  4.710000E+02  1.031810E-05  1.061690E-04  9.198187E-07  1.916599E-04 -1.560288E-02  2.034585E-08  2.044587E-08
  4.720000E+02  1.087580E-05  1.062000E-04  3.304877E-07  1.916156E-04 -1.553736E-02  2.034712E-08  2.045773E-08
  4.730000E+02  1.033731E-05  1.061736E-04 -3.294552E-07  1.916512E-04 -1.602817E-02  2.034569E-08  2.044601E-08
  4.740000E+02  1.025263E-05  1.061692E-04  8.250463E-07  1.916521E-04 -1.538782E-02  2.034514E-08  2.044382E-08
  4.750000E+02  1.085663E-05  1.062065E-04  4.784482E-07  1.915975E-04 -1.571256E-02  2.034639E-08  2.045674E-08
  4.760000E+02  1.041922E-05  1.061593E-04 -3.610079E-07  1.916746E-04 -1.599505E-02  2.034544E-08  2.044726E-08
  4.770000E+02  1.020023E-05  1.061773E-04  7.052835E-07  1.916319E-04 -1.522303E-02  2.034460E-08  2.044223E-08
  4.780000E+02  1.082069E-05  1.062027E-04  6.144869E-07  1.915933E-04 -1.597716E-02  2.034513E-08  2.045489E-08
  4.790000E+02  1.050190E-05  1.061466E-04 -3.595232E-07  1.916897E-04 -1.579227E-02  2.034468E-08  2.044799E-08
  4.800000E+02  1.016414E-05  1.061946E-04  5.700273E-07  1.915985E-04 -1.520147E-02  2.034437E-08  2.044134E-08
  4.810000E+02  1.077096E-05  1.061905E-04  7.295531E-07  1.916122E-04 -1.625047E-02  2.034470E-08  2.045358E-08
  4.820000E+02  1.057939E-05  1.061442E-04 -3.258989E-07  1.916940E-04 -1.545465E-02  2.034477E-08  2.044944E-08
  4.830000E+02  1.014779E-05  1.062160E-04  4.283039E-07  1.915686E-04 -1.537426E-02  2.034524E-08  2.044197E-08
  4.840000E+02  1.070942E-05  1.061709E-04  8.150677E-07  1.916533E-04 -1.641194E-02  2.034527E-08  2.045299E-08
  4.850000E+02  1.064866E-05  1.061531E-04 -2.615014E-07  1.916830E-04 -1.505441E-02  2.034544E-08  2.045134E-08
  4.860000E+02  1.015050E-05  1.062323E-04  2.868064E-07  1.915509E-04 -1.571632E-02  2.034637E-08  2.044327E-08
  4.870000E+02  1.064118E-05  1.061474E-04  8.679989E-07  1.917013E-04 -1.638855E-02  2.034586E-08  2.045220E-08
  4.880000E+02  1.070407E-05  1.061722E-04 -1.717872E-07  1.916546E-04 -1.470205E-02  2.034620E-08  2.045310E-08
  4.890000E+02  1.017139E-05  1.062375E-04  1.575861E-07  1.915497E-04 -1.617566E-02  2.034710E-08  2.044454E-08
  4.900000E+02  1.057247E-05  1.061277E-04  8.848184E-07  1.917432E-04 -1.614388E-02  2.034662E-08  2.045151E-08
  4.910000E+02  1.074037E-05  1.061995E-04 -6.478117E-08  1.916148E-04 -1.453261E-02  2.034725E-08  2.045487E-08
  4.920000E+02  1.020981E-05  1.062314E-04  5.177970E-08  1.915736E-04 -1.660967E-02  2.034833E-08  2.044658E-08
  4.930000E+02  1.050408E-05  1.061207E-04  8.661264E-07  1.917688E-04 -1.574176E-02  2.034812E-08  2.045153E-08
  4.940000E+02  1.075977E-05  1.062270E-04  5.604974E-08  1.915784E-04 -1.463657E-02  2.034863E-08  2.045673E-08
  4.950000E+02  1.026094E-05  1.062123E-04 -3.096262E-08  1.916175E-04 -1.688988E-02  2.034923E-08  2.044847E-08
  4.960000E+02  1.044027E-05  1.061261E-04  8.179782E-07  1.917673E-04 -1.526241E-02  2.034915E-08  2.045119E-08
  4.970000E+02  1.076332E-05  1.062476E-04  1.812225E-07  1.915501E-04 -1.498876E-02  2.034944E-08  2.045778E-08
  4.980000E+02  1.031762E-05  1.061828E-04 -8.658501E-08  1.916692E-04 -1.695806E-02  2.034905E-08  2.044929E-08
  4.990000E+02  1.038922E-05  1.061411E-04  7.477605E-07  1.917397E-04 -1.477345E-02  2.034924E-08  2.045016E-08
  5.000000E+02  1.074951E-05  1.062606E-04  2.956268E-07  1.915320E-04 -1.549716E-02  2.034986E-08  2.045814E-08
  5.010000E+02  1.037509E-05  1.061518E-04 -1.079942E-07  1.917212E-04 -1.684523E-02  2.034867E-08  2.044987E-08
  5.020000E+02  1.035365E-05  1.061631E-04  6.627154E-07  1.916978E-04 -1.437386E-02  2.034913E-08  2.044929E-08
  5.030000E+02  1.072317E-05  1.062663E-04  3.896353E-07  1.915281E-04 -1.605761E-02  2.035036E-08  2.045834E-08
  5.040000E+02  1.042970E-05  1.061257E-04 -1.017852E-07  1.917687E-04 -1.658032E-02  2.034878E-08  2.045086E-08
  5.050000E+02  1.033196E-05  1.061899E-04  5.715391E-07  1.916478E-04 -1.416048E-02  2.034903E-08  2.044876E-08
  5.060000E+02  1.069105E-05  1.062596E-04  4.607047E-07  1.915415E-04 -1.659973E-02  2.035033E-08  2.045785E-08
  5.070000E+02  1.047665E-05  1.061072E-04 -7.741482E-08  1.918027E-04 -1.612248E-02  2.034900E-08  2.045178E-08
  5.080000E+02  1.032406E-05  1.062199E-04  4.839567E-07  1.915907E-04 -1.420040E-02  2.034870E-08  2.044836E-08
  5.090000E+02  1.065441E-05  1.062371E-04  5.079304E-07  1.915746E-04 -1.707582E-02  2.034936E-08  2.045629E-08
  5.100000E+02  1.051490E-05  1.060975E-04 -3.651909E-08  1.918141E-04 -1.548557E-02  2.034856E-08  2.045184E-08
  5.110000E+02  1.032970E-05  1.062518E-04  4.022617E-07  1.915306E-04 -1.448147E-02  2.034833E-08  2.044827E-08
  5.120000E+02  1.061429E-05  1.062008E-04  5.309216E-07  1.916269E-04 -1.744803E-02  2.034783E-08  2.045401E-08
  5.130000E+02  1.054524E-05  1.060970E-04  1.812933E-08  1.918011E-04 -1.473627E-02  2.034732E-08  2.045096E-08
  5.140000E+02  1.034296E-05  1.062817E-04  3.299566E-07  1.914724E-04 -1.497588E-02  2.034774E-08  2.044816E-08
  5.150000E+02  1.057594E-05  1.061554E-04  5.370927E-07  1.916959E-04 -1.763039E-02  2.034640E-08  2.045180E-08
  5.160000E+02  1.056619E-05  1.061107E-04  7.727264E-08  1.917625E-04 -1.398549E-02  2.034606E-08  2.044992E-08
  5.170000E+02  1.036192E-05  1.063038E-04  2.716400E-07  1.914292E-04 -1.568891E-02  2.034715E-08  2.044823E-08
  5.180000E+02  1.054020E-05  1.061086E-04  5.295578E-07  1.917746E-04 -1.751916E-02  2.034581E-08  2.045037E-08
  5.190000E+02  1.057588E-05  1.061425E-04  1.407928E-07  1.916987E-04 -1.339461E-02  2.034555E-08  2.044952E-08
  5.200000E+02  1.038887E-05  1.063083E-04  2.291035E-07  1.914186E-04 -1.656795E-02  2.034661E-08  2.044849E-08
  5.210000E+02  1.050658E-05  1.060672E-04  5.041728E-07  1.918458E-04 -1.703012E-02  2.034559E-08  2.044924E-08
  5.220000E+02  1.057684E-05  1.061899E-04  2.075468E-07  1.916124E-04 -1.311296E-02  2.034556E-08  2.044960E-08
  5.230000E+02  1.042002E-05  1.062878E-04  2.005303E-07  1.914506E-04 -1.747698E-02  2.034575E-08  2.044846E-08
  5.240000E+02  1.047909E-05  1.060381E-04  4.650971E-07  1.918907E-04 -1.615821E-02  2.034506E-08  2.044783E-08
  5.250000E+02  1.056872E-05  1.062462E-04  2.697246E-07  1.915104E-04 -1.326803E-02  2.034547E-08  2.044958E-08
  5.260000E+02  1.045097E-05  1.062434E-04  1.903586E-07  1.915268E-04 -1.822597E-02  2.034507E-08  2.044849E-08
  5.270000E+02  1.046410E-05  1.060299E-04  4.157463E-07  1.918964E-04 -1.503692E-02  2.034447E-08  2.044657E-08
  5.280000E+02  1.054931E-05  1.063005E-04  3.164588E-07  1.914147E-04 -1.387720E-02  2.034553E-08  2.044964E-08
  5.290000E+02  1.048129E-05  1.061824E-04  2.034235E-07  1.916356E-04 -1.863954E-02  2.034480E-08  2.044877E-08
  5.300000E+02  1.045970E-05  1.060484E-04  3.585838E-07  1.918582E-04 -1.387474E-02  2.034430E-08  2.044600E-08
  5.310000E+02  1.052213E-05  1.063388E-04  3.485536E-07  1.913490E-04 -1.488252E-02  2.034558E-08  2.044961E-08
  5.320000E+02  1.050867E-05  1.061154E-04  2.346190E-07  1.917554E-04 -1.856421E-02  2.034470E-08  2.044900E-08
  5.330000E+02  1.046423E-05  1.060946E-04  2.996800E-07  1.917751E-04 -1.293407E-02  2.034460E-08  2.044622E-08
  5.340000E+02  1.049278E-05  1.063512E-04  3.645453E-07  1.913329E-04 -1.614053E-02  2.034584E-08  2.044976E-08
  5.350000E+02  1.052647E-05  1.060568E-04  2.783516E-07  1.918640E-04 -1.793343E-02  2.034522E-08  2.044950E-08
  5.360000E+02  1.047972E-05  1.061618E-04  2.506647E-07  1.916628E-04 -1.242966E-02  2.034569E-08  2.044763E-08
  5.370000E+02  1.046379E-05  1.063364E-04  3.582374E-07  1.913748E-04 -1.739975E-02  2.034703E-08  2.045074E-08
  5.380000E+02  1.053252E-05  1.060181E-04  3.314296E-07  1.919420E-04 -1.687903E-02  2.034644E-08  2.045040E-08
  5.390000E+02  1.050486E-05  1.062369E-04  2.169905E-07  1.915437E-04 -1.245239E-02  2.034742E-08  2.045005E-08
  5.400000E+02  1.043743E-05  1.062948E-04  3.302667E-07  1.914648E-04 -1.844380E-02  2.034826E-08  2.045168E-08
  5.410000E+02  1.052639E-05  1.060035E-04  3.896394E-07  1.919745E-04 -1.556076E-02  2.034750E-08  2.045090E-08
  5.420000E+02  1.053739E-05  1.063052E-04  2.014747E-07  1.914308E-04 -1.302737E-02  2.034837E-08  2.045200E-08
  5.430000E+02  1.041884E-05  1.062301E-04  2.807993E-07  1.915869E-04 -1.907494E-02  2.034859E-08  2.045167E-08
  5.440000E+02  1.050548E-05  1.060171E-04  4.448947E-07  1.919508E-04 -1.416515E-02  2.034803E-08  2.045063E-08
  5.450000E+02  1.057450E-05  1.063582E-04  2.117563E-07  1.913438E-04 -1.408139E-02  2.034896E-08  2.045378E-08
  5.460000E+02  1.041121E-05  1.061554E-04  2.127719E-07  1.917234E-04 -1.921172E-02  2.034872E-08  2.045148E-08
  5.470000E+02  1.047213E-05  1.060578E-04  4.887571E-07  1.918809E-04 -1.291528E-02  2.034877E-08  2.045048E-08
  5.480000E+02  1.061140E-05  1.063903E-04  2.471830E-07  1.912973E-04 -1.544876E-02  2.034974E-08  2.045581E-08
  5.490000E+02  1.041513E-05  1.060816E-04  1.352601E-07  1.918586E-04 -1.884215E-02  2.034906E-08  2.045157E-08
  5.500000E+02  1.043112E-05  1.061205E-04  5.159597E-07  1.917726E-04 -1.201126E-02  2.034954E-08  2.045037E-08
  5.510000E+02  1.064216E-05  1.063919E-04  3.032743E-07  1.913017E-04 -1.693556E-02  2.035004E-08  2.045720E-08
  5.520000E+02  1.043223E-05  1.060183E-04  5.881644E-08  1.919698E-04 -1.794032E-02  2.034903E-08  2.045141E-08
  5.530000E+02  1.038616E-05  1.061973E-04  5.200718E-07  1.916339E-04 -1.163760E-02  2.034962E-08  2.044972E-08
  5.540000E+02  1.066208E-05  1.063605E-04  3.765834E-07  1.913609E-04 -1.831612E-02  2.034983E-08  2.045775E-08
  5.550000E+02  1.046185E-05  1.059758E-04 -6.541900E-09  1.920386E-04 -1.659693E-02  2.034864E-08  2.045105E-08
  5.560000E+02  1.033912E-05  1.062788E-04  5.008052E-07  1.914846E-04 -1.187182E-02  2.034932E-08  2.044884E-08
  5.570000E+02  1.067047E-05  1.062988E-04  4.639275E-07  1.914689E-04 -1.941316E-02  2.034908E-08  2.045737E-08
  5.580000E+02  1.050230E-05  1.059613E-04 -5.800837E-08  1.920527E-04 -1.498341E-02  2.034787E-08  2.045053E-08
  5.590000E+02  1.029525E-05  1.063537E-04  4.570650E-07  1.913452E-04 -1.271489E-02  2.034863E-08  2.044782E-08
  5.600000E+02  1.066473E-05  1.062131E-04  5.569955E-07  1.916143E-04 -2.004571E-02  2.034786E-08  2.045605E-08
  5.610000E+02  1.055177E-05  1.059816E-04 -8.880241E-08  1.920035E-04 -1.332402E-02  2.034704E-08  2.045020E-08
  5.620000E+02  1.025870E-05  1.064095E-04  3.889275E-07  1.912404E-04 -1.411566E-02  2.034778E-08  2.044689E-08
  5.630000E+02  1.064441E-05  1.061156E-04  6.478207E-07  1.917795E-04 -2.003981E-02  2.034672E-08  2.045429E-08
  5.640000E+02  1.060861E-05  1.060381E-04 -9.660621E-08  1.918921E-04 -1.190114E-02  2.034643E-08  2.045041E-08
  5.650000E+02  1.023051E-05  1.064336E-04  2.988176E-07  1.911958E-04 -1.588709E-02  2.034709E-08  2.044631E-08
  5.660000E+02  1.061093E-05  1.060230E-04  7.331033E-07  1.919364E-04 -1.931912E-02  2.034588E-08  2.045237E-08
  5.670000E+02  1.066748E-05  1.061229E-04 -7.969460E-08  1.917320E-04 -1.100822E-02  2.034593E-08  2.045102E-08
  5.680000E+02  1.021489E-05  1.064168E-04  1.938856E-07  1.912245E-04 -1.773555E-02  2.034629E-08  2.044576E-08
  5.690000E+02  1.056520E-05  1.059500E-04  8.036137E-07  1.920537E-04 -1.793545E-02  2.034481E-08  2.044983E-08
  5.700000E+02  1.072302E-05  1.062242E-04 -3.532689E-08  1.915428E-04 -1.084393E-02  2.034527E-08  2.045170E-08
  5.710000E+02  1.021543E-05  1.063586E-04  8.183349E-08  1.913270E-04 -1.936314E-02  2.034547E-08  2.044531E-08
  5.720000E+02  1.050743E-05  1.059125E-04  8.519577E-07  1.921094E-04 -1.605374E-02  2.034417E-08  2.044742E-08
  5.730000E+02  1.077283E-05  1.063269E-04  3.814259E-08  1.913573E-04 -1.150558E-02  2.034508E-08  2.045299E-08
  5.740000E+02  1.023141E-05  1.062683E-04 -3.194089E-08  1.914930E-04 -2.047547E-02  2.034537E-08  2.044562E-08
  5.750000E+02  1.044141E-05  1.059210E-04  8.763328E-07  1.920918E-04 -1.398206E-02  2.034457E-08  2.044595E-08
  5.760000E+02  1.081494E-05  1.064116E-04  1.347834E-07  1.912118E-04 -1.293293E-02  2.034546E-08  2.045490E-08
  5.770000E+02  1.026149E-05  1.061596E-04 -1.422965E-07  1.916936E-04 -2.084175E-02  2.034571E-08  2.044634E-08
  5.780000E+02  1.037037E-05  1.059755E-04  8.766719E-07  1.919975E-04 -1.210238E-02  2.034553E-08  2.044513E-08
  5.790000E+02  1.084634E-05  1.064606E-04  2.506717E-07  1.911355E-04 -1.488925E-02  2.034615E-08  2.045699E-08
  5.800000E+02  1.030721E-05  1.060506E-04 -2.444878E-07  1.918924E-04 -2.034758E-02  2.034609E-08  2.044713E-08
  5.810000E+02  1.029702E-05  1.060667E-04  8.475659E-07  1.918382E-04 -1.076714E-02  2.034647E-08  2.044452E-08
  5.820000E+02  1.086336E-05  1.064645E-04  3.834861E-07  1.911430E-04 -1.703290E-02  2.034699E-08  2.045889E-08
  5.830000E+02  1.036673E-05  1.059594E-04 -3.296272E-07  1.920551E-04 -1.905536E-02  2.034635E-08  2.044787E-08
  5.840000E+02  1.022670E-05  1.061793E-04  7.881126E-07  1.916409E-04 -1.019556E-02  2.034724E-08  2.044409E-08
  5.850000E+02  1.086424E-05  1.064224E-04  5.240341E-07  1.912307E-04 -1.902935E-02  2.034755E-08  2.046002E-08
  5.860000E+02  1.043788E-05  1.059005E-04 -3.922748E-07  1.921559E-04 -1.716619E-02  2.034642E-08  2.044854E-08
  5.870000E+02  1.016276E-05  1.062947E-04  6.998532E-07  1.914353E-04 -1.049521E-02  2.034744E-08  2.044351E-08
  5.880000E+02  1.084760E-05  1.063408E-04  6.667602E-07  1.913855E-04 -2.053681E-02  2.034779E-08  2.046024E-08
  5.890000E+02  1.051950E-05  1.058865E-04 -4.286529E-07  1.921773E-04 -1.497824E-02  2.034670E-08  2.044966E-08
  5.900000E+02  1.010813E-05  1.063949E-04  5.825929E-07  1.912585E-04 -1.164553E-02  2.034756E-08  2.044323E-08
  5.910000E+02  1.081234E-05  1.062333E-04  8.067000E-07  1.915833E-04 -2.131369E-02  2.034791E-08  2.045966E-08
  5.920000E+02  1.060702E-05  1.059194E-04 -4.326805E-07  1.921175E-04 -1.284209E-02  2.034730E-08  2.045137E-08
  5.930000E+02  1.006822E-05  1.064659E-04  4.408770E-07  1.911384E-04 -1.345656E-02  2.034788E-08  2.044356E-08
  5.940000E+02  1.075773E-05  1.061143E-04  9.336258E-07  1.917956E-04 -2.125960E-02  2.034766E-08  2.045807E-08
  5.950000E+02  1.069522E-05  1.059945E-04 -3.984218E-07  1.919823E-04 -1.106758E-02  2.034782E-08  2.045324E-08
  5.960000E+02  1.004770E-05  1.064965E-04  2.811942E-07  1.910924E-04 -1.566730E-02  2.034817E-08  2.044424E-08
  5.970000E+02  1.068491E-05  1.060030E-04  1.037155E-06  1.919926E-04 -2.033846E-02  2.034759E-08  2.045603E-08
  5.980000E+02  1.078005E-05  1.061029E-04 -3.246646E-07  1.917895E-04 -9.972094E-03  2.034840E-08  2.045543E-08
  5.990000E+02  1.004819E-05  1.064814E-04  1.103139E-07  1.911344E-04 -1.793971E-02  2.034898E-08  2.044572E-08
  6.000000E+02  1.059825E-05  1.059188E-04  1.110321E-06  1.921454E-04 -1.865492E-02  2.034826E-08  2.045431E-08
  6.010000E+02  1.085677E-05  1.062289E-04 -2.161753E-07  1.915693E-04 -9.762517E-03  2.034923E-08  2.045805E-08
  6.020000E+02  1.007015E-05  1.064193E-04 -6.263792E-08  1.912623E-04 -1.991576E-02  2.034997E-08  2.044756E-08
  6.030000E+02  1.050133E-05  1.058743E-04  1.149103E-06  1.922251E-04 -1.644094E-02  2.034894E-08  2.045233E-08
  6.040000E+02  1.091994E-05  1.063503E-04 -7.546569E-08  1.913533E-04 -1.050188E-02  2.034936E-08  2.046000E-08
  6.050000E+02  1.011342E-05  1.063157E-04 -2.265890E-07  1.914531E-04 -2.127457E-02  2.034986E-08  2.044840E-08
  6.060000E+02  1.040033E-05  1.058763E-04  1.148590E-06  1.922108E-04 -1.403420E-02  2.034856E-08  2.044928E-08
  6.070000E+02  1.096405E-05  1.064474E-04  8.975782E-08  1.911742E-04 -1.208586E-02  2.034851E-08  2.046082E-08
  6.080000E+02  1.017503E-05  1.061864E-04 -3.679422E-07  1.916763E-04 -2.179354E-02  2.034859E-08  2.044811E-08
  6.090000E+02  1.030177E-05  1.059284E-04  1.109097E-06  1.921045E-04 -1.178911E-02  2.034792E-08  2.044621E-08
  6.100000E+02  1.098649E-05  1.065076E-04  2.686035E-07  1.910653E-04 -1.429223E-02  2.034783E-08  2.046150E-08
  6.110000E+02  1.025261E-05  1.060533E-04 -4.793943E-07  1.919042E-04 -2.136517E-02  2.034742E-08  2.044792E-08
  6.120000E+02  1.021046E-05  1.060265E-04  1.031340E-06  1.919222E-04 -1.008631E-02  2.034780E-08  2.044411E-08
  6.130000E+02  1.098636E-05  1.065191E-04  4.521965E-07  1.910511E-04 -1.680812E-02  2.034771E-08  2.046226E-08
  6.140000E+02  1.034349E-05  1.059372E-04 -5.569021E-07  1.921007E-04 -1.999835E-02  2.034655E-08  2.044804E-08
  6.150000E+02  1.013067E-05  1.061526E-04  9.169789E-07  1.916863E-04 -9.269788E-03  2.034712E-08  2.044201E-08
  6.160000E+02  1.096520E-05  1.064740E-04  6.306251E-07  1.911345E-04 -1.919781E-02  2.034710E-08  2.046192E-08
  6.170000E+02  1.044285E-05  1.058581E-04 -5.993957E-07  1.922251E-04 -1.786521E-02  2.034533E-08  2.044783E-08
  6.180000E+02  1.006507E-05  1.062850E-04  7.734486E-07  1.914344E-04 -9.506681E-03  2.034569E-08  2.043977E-08
  6.190000E+02  1.092539E-05  1.063793E-04  7.965009E-07  1.913007E-04 -2.105934E-02  2.034592E-08  2.046035E-08
  6.200000E+02  1.054348E-05  1.058308E-04 -6.054884E-07  1.922555E-04 -1.531416E-02  2.034416E-08  2.044771E-08
  6.210000E+02  1.001876E-05  1.064025E-04  6.108724E-07  1.912115E-04 -1.076113E-02  2.034420E-08  2.043812E-08
  6.220000E+02  1.086672E-05  1.062518E-04  9.397661E-07  1.915225E-04 -2.208971E-02  2.034464E-08  2.045796E-08
  6.230000E+02  1.064195E-05  1.058614E-04 -5.718358E-07  1.921884E-04 -1.277505E-02  2.034368E-08  2.044840E-08
  6.240000E+02  9.992854E-06  1.064878E-04  4.351637E-07  1.910575E-04 -1.282320E-02  2.034362E-08  2.043792E-08
  6.250000E+02  1.079058E-05  1.061129E-04  1.056956E-06  1.917673E-04 -2.212094E-02  2.034400E-08  2.045551E-08
  6.260000E+02  1.073548E-05  1.059460E-04 -4.988719E-07  1.920347E-04 -1.067214E-02  2.034416E-08  2.045026E-08
  6.270000E+02  9.986684E-06  1.065273E-04  2.525034E-07  1.910007E-04 -1.534917E-02  2.034439E-08  2.043945E-08
  6.280000E+02  1.070242E-05  1.059853E-04  1.144787E-06  1.919965E-04 -2.113892E-02  2.034427E-08  2.045344E-08
  6.290000E+02  1.081789E-05  1.060679E-04 -3.922195E-07  1.918185E-04 -9.375002E-03  2.034489E-08  2.045251E-08
  6.300000E+02  1.000183E-05  1.065133E-04  7.394903E-08  1.910467E-04 -1.790293E-02  2.034576E-08  2.044185E-08
  6.310000E+02  1.060608E-05  1.058895E-04  1.196779E-06  1.921709E-04 -1.929637E-02  2.034510E-08  2.045158E-08
  6.320000E+02  1.088564E-05  1.062056E-04 -2.566058E-07  1.915748E-04 -9.089087E-03  2.034548E-08  2.045470E-08
  6.330000E+02  1.003979E-05  1.064482E-04 -9.468189E-08  1.911826E-04 -2.009124E-02  2.034693E-08  2.044420E-08
  6.340000E+02  1.050303E-05  1.058396E-04  1.208661E-06  1.922626E-04 -1.689484E-02  2.034609E-08  2.044969E-08
  6.350000E+02  1.093698E-05  1.063387E-04 -9.345675E-08  1.913430E-04 -9.817771E-03  2.034618E-08  2.045701E-08
  6.360000E+02  1.009833E-05  1.063425E-04 -2.479189E-07  1.913851E-04 -2.161844E-02  2.034762E-08  2.044615E-08
  6.370000E+02  1.040001E-05  1.058426E-04  1.179184E-06  1.922604E-04 -1.429703E-02  2.034726E-08  2.044806E-08
  6.380000E+02  1.096832E-05  1.064499E-04  8.674762E-08  1.911563E-04 -1.144446E-02  2.034723E-08  2.045951E-08
  6.390000E+02  1.017339E-05  1.062117E-04 -3.751161E-07  1.916290E-04 -2.226397E-02  2.034819E-08  2.044796E-08
  6.400000E+02  1.030424E-05  1.058996E-04  1.110287E-06  1.921643E-04 -1.187898E-02  2.034868E-08  2.044702E-08
  6.410000E+02  1.097714E-05  1.065224E-04  2.716333E-07  1.910447E-04 -1.374343E-02  2.034862E-08  2.046201E-08
  6.420000E+02  1.026169E-05  1.060753E-04 -4.683888E-07  1.918809E-04 -2.188731E-02  2.034895E-08  2.044988E-08
  6.430000E+02  1.021950E-05  1.060018E-04  1.005348E-06  1.919848E-04 -1.004728E-02  2.034970E-08  2.044610E-08
  6.440000E+02  1.096356E-05  1.065435E-04  4.535407E-07  1.910277E-04 -1.634546E-02  2.035004E-08  2.046407E-08
  6.450000E+02  1.035781E-05  1.059548E-04 -5.233349E-07  1.920993E-04 -2.053554E-02  2.034956E-08  2.045154E-08
  6.460000E+02  1.014926E-05  1.061315E-04  8.722989E-07  1.917502E-04 -9.090904E-03  2.034990E-08  2.044500E-08
  6.470000E+02  1.092743E-05  1.065070E-04  6.255819E-07  1.911035E-04 -1.886742E-02  2.035025E-08  2.046431E-08
  6.480000E+02  1.045699E-05  1.058671E-04 -5.355902E-07  1.922466E-04 -1.840101E-02  2.034914E-08  2.045209E-08
  6.490000E+02  1.009848E-05  1.062697E-04  7.164634E-07  1.914925E-04 -9.155916E-03  2.034900E-08  2.044352E-08
  6.500000E+02  1.087131E-05  1.064172E-04  7.756509E-07  1.912624E-04 -2.093010E-02  2.034915E-08  2.046258E-08
  6.510000E+02  1.055277E-05  1.058283E-04 -5.047611E-07  1.922972E-04 -1.579743E-02  2.034795E-08  2.045180E-08
  6.520000E+02  1.006981E-05  1.063972E-04  5.485247E-07  1.912534E-04 -1.026324E-02  2.034775E-08  2.044241E-08
  6.530000E+02  1.080305E-05  1.062896E-04  8.916573E-07  1.914867E-04 -2.217942E-02  2.034805E-08  2.046022E-08
  6.540000E+02  1.063937E-05  1.058509E-04 -4.416934E-07  1.922445E-04 -1.313231E-02  2.034750E-08  2.045223E-08
  6.550000E+02  1.006383E-05  1.064937E-04  3.796137E-07  1.910806E-04 -1.228333E-02  2.034734E-08  2.044277E-08
  6.560000E+02  1.072608E-05  1.061461E-04  9.695222E-07  1.917442E-04 -2.236878E-02  2.034781E-08  2.045818E-08
  6.570000E+02  1.071260E-05  1.059307E-04 -3.496751E-07  1.920952E-04 -1.088948E-02  2.034757E-08  2.045320E-08
  6.580000E+02  1.008057E-05  1.065399E-04  2.181537E-07  1.910060E-04 -1.485469E-02  2.034751E-08  2.044416E-08
  6.590000E+02  1.064275E-05  1.060090E-04  1.007184E-06  1.919837E-04 -2.148296E-02  2.034731E-08  2.045541E-08
  6.600000E+02  1.077069E-05  1.060485E-04 -2.319482E-07  1.918740E-04 -9.431174E-03  2.034704E-08  2.045366E-08
  6.610000E+02  1.011539E-05  1.065287E-04  7.162729E-08  1.910316E-04 -1.751919E-02  2.034723E-08  2.044531E-08
  6.620000E+02  1.055659E-05  1.058987E-04  1.010929E-06  1.921644E-04 -1.970544E-02  2.034601E-08  2.045160E-08
  6.630000E+02  1.081269E-05  1.061847E-04 -9.474512E-08  1.916164E-04 -8.951396E-03  2.034590E-08  2.045358E-08
  6.640000E+02  1.016195E-05  1.064642E-04 -5.259412E-08  1.911495E-04 -1.986714E-02  2.034655E-08  2.044606E-08
  6.650000E+02  1.047547E-05  1.058351E-04  9.867781E-07  1.922628E-04 -1.730846E-02  2.034511E-08  2.044819E-08
  6.660000E+02  1.083453E-05  1.063200E-04  4.957328E-08  1.913662E-04 -9.537130E-03  2.034512E-08  2.045380E-08
  6.670000E+02  1.021877E-05  1.063589E-04 -1.450944E-07  1.913440E-04 -2.153589E-02  2.034643E-08  2.044722E-08
  6.680000E+02  1.040397E-05  1.058309E-04  9.337618E-07  1.922677E-04 -1.467588E-02  2.034567E-08  2.044651E-08
  6.690000E+02  1.083623E-05  1.064346E-04  1.917902E-07  1.911681E-04 -1.109691E-02  2.034566E-08  2.045518E-08
  6.700000E+02  1.028585E-05  1.062285E-04 -2.059102E-07  1.915866E-04 -2.227998E-02  2.034690E-08  2.044881E-08
  6.710000E+02  1.034141E-05  1.058830E-04  8.525018E-07  1.921768E-04 -1.223103E-02  2.034673E-08  2.044570E-08
  6.720000E+02  1.082269E-05  1.065079E-04  3.290958E-07  1.910490E-04 -1.335480E-02  2.034641E-08  2.045660E-08
  6.730000E+02  1.035814E-05  1.060901E-04 -2.405537E-07  1.918331E-04 -2.199306E-02  2.034666E-08  2.044944E-08
  6.740000E+02  1.029062E-05  1.059764E-04  7.506985E-07  1.919998E-04 -1.035935E-02  2.034635E-08  2.044400E-08
  6.750000E+02  1.079666E-05  1.065279E-04  4.534120E-07  1.910167E-04 -1.591438E-02  2.034604E-08  2.045660E-08
  6.760000E+02  1.042988E-05  1.059647E-04 -2.496287E-07  1.920414E-04 -2.075189E-02  2.034522E-08  2.044861E-08
  6.770000E+02  1.025626E-05  1.060963E-04  6.359459E-07  1.917660E-04 -9.318310E-03  2.034478E-08  2.044175E-08
  6.780000E+02  1.075847E-05  1.064965E-04  5.551425E-07  1.910735E-04 -1.838176E-02  2.034522E-08  2.045576E-08
  6.790000E+02  1.049676E-05  1.058758E-04 -2.301028E-07  1.921875E-04 -1.875826E-02  2.034443E-08  2.044822E-08
  6.800000E+02  1.023938E-05  1.062302E-04  5.159986E-07  1.915185E-04 -9.263146E-03  2.034418E-08  2.044117E-08
  6.810000E+02  1.071022E-05  1.064203E-04  6.303383E-07  1.912194E-04 -2.041880E-02  2.034539E-08  2.045544E-08
  6.820000E+02  1.055479E-05  1.058389E-04 -1.827927E-07  1.922534E-04 -1.631277E-02  2.034517E-08  2.044917E-08
  6.830000E+02  1.023968E-05  1.063572E-04  3.991360E-07  1.912985E-04 -1.020626E-02  2.034491E-08  2.044252E-08
  6.840000E+02  1.065327E-05  1.063096E-04  6.784648E-07  1.914316E-04 -2.171144E-02  2.034621E-08  2.045526E-08
  6.850000E+02  1.060253E-05  1.058551E-04 -1.092125E-07  1.922263E-04 -1.380736E-02  2.034620E-08  2.045035E-08
  6.860000E+02  1.025588E-05  1.064573E-04  2.893276E-07  1.911352E-04 -1.195187E-02  2.034627E-08  2.044498E-08
  6.870000E+02  1.059096E-05  1.061806E-04  6.992183E-07  1.916741E-04 -2.208898E-02  2.034711E-08  2.045470E-08
  6.880000E+02  1.063746E-05  1.059191E-04 -1.388421E-08  1.921118E-04 -1.160908E-02  2.034693E-08  2.045123E-08
  6.890000E+02  1.028586E-05  1.065157E-04  1.934918E-07  1.910472E-04 -1.422505E-02  2.034747E-08  2.044760E-08
  6.900000E+02  1.053021E-05  1.060525E-04  6.909528E-07  1.919102E-04 -2.150205E-02  2.034785E-08  2.045371E-08
  6.910000E+02  1.065814E-05  1.060224E-04  9.049314E-08  1.919268E-04 -1.003462E-02  2.034750E-08  2.045199E-08
  6.920000E+02  1.032691E-05  1.065235E-04  1.168264E-07  1.910467E-04 -1.673437E-02  2.034811E-08  2.044982E-08
  6.930000E+02  1.047642E-05  1.059432E-04  6.544873E-07  1.921065E-04 -2.001666E-02  2.034830E-08  2.045234E-08
  6.940000E+02  1.066257E-05  1.061526E-04  1.947876E-07  1.916953E-04 -9.317033E-03  2.034808E-08  2.045280E-08
  6.950000E+02  1.037636E-05  1.064802E-04  6.561386E-08  1.911396E-04 -1.911289E-02  2.034887E-08  2.045213E-08
  6.960000E+02  1.043443E-05  1.058725E-04  5.910492E-07  1.922341E-04 -1.785291E-02  2.034907E-08  2.045140E-08
  6.970000E+02  1.065105E-05  1.062898E-04  2.890152E-07  1.914580E-04 -9.579584E-03  2.034909E-08  2.045407E-08
  6.980000E+02  1.042806E-05  1.063913E-04  4.452402E-08  1.913152E-04 -2.096006E-02  2.034980E-08  2.045437E-08
  6.990000E+02  1.040600E-05  1.058520E-04  5.114785E-07  1.922696E-04 -1.535647E-02  2.034972E-08  2.045064E-08
  7.000000E+02  1.062480E-05  1.064087E-04  3.686086E-07  1.912513E-04 -1.081414E-02  2.034963E-08  2.045483E-08
  7.010000E+02  1.047777E-05  1.062673E-04  5.475074E-08  1.915430E-04 -2.194353E-02  2.034985E-08  2.045532E-08
  7.020000E+02  1.039138E-05  1.058835E-04  4.241004E-07  1.921996E-04 -1.293053E-02  2.034907E-08  2.044901E-08
  7.030000E+02  1.058573E-05  1.064872E-04  4.314174E-07  1.911054E-04 -1.284018E-02  2.034861E-08  2.045394E-08
  7.040000E+02  1.052094E-05  1.061283E-04  9.630558E-08  1.917804E-04 -2.189025E-02  2.034845E-08  2.045434E-08
  7.050000E+02  1.039141E-05  1.059630E-04  3.373250E-07  1.920374E-04 -1.094495E-02  2.034763E-08  2.044716E-08
  7.060000E+02  1.054020E-05  1.065169E-04  4.703143E-07  1.910468E-04 -1.530337E-02  2.034733E-08  2.045265E-08
  7.070000E+02  1.055464E-05  1.060015E-04  1.589713E-07  1.919925E-04 -2.085155E-02  2.034707E-08  2.045293E-08
  7.080000E+02  1.040548E-05  1.060787E-04  2.575748E-07  1.918182E-04 -9.728014E-03  2.034686E-08  2.044658E-08
  7.090000E+02  1.049453E-05  1.064970E-04  4.811168E-07  1.910888E-04 -1.777807E-02  2.034716E-08  2.045234E-08
  7.100000E+02  1.057533E-05  1.059095E-04  2.330391E-07  1.921490E-04 -1.904304E-02  2.034672E-08  2.045214E-08
  7.110000E+02  1.043300E-05  1.062080E-04  1.924499E-07  1.915819E-04 -9.491791E-03  2.034661E-08  2.044713E-08
  7.120000E+02  1.045420E-05  1.064303E-04  4.603130E-07  1.912177E-04 -1.984356E-02  2.034735E-08  2.045222E-08
  7.130000E+02  1.058029E-05  1.058631E-04  3.098263E-07  1.922238E-04 -1.677784E-02  2.034655E-08  2.045122E-08
  7.140000E+02  1.047127E-05  1.063292E-04  1.497372E-07  1.913620E-04 -1.022894E-02  2.034631E-08  2.044812E-08
  7.150000E+02  1.042193E-05  1.063266E-04  4.110342E-07  1.914066E-04 -2.122000E-02  2.034704E-08  2.045142E-08
  7.160000E+02  1.057121E-05  1.058658E-04  3.824546E-07  1.922067E-04 -1.439683E-02  2.034600E-08  2.044976E-08
  7.170000E+02  1.051486E-05  1.064246E-04  1.306860E-07  1.911874E-04 -1.178515E-02  2.034564E-08  2.044904E-08
  7.180000E+02  1.039886E-05  1.062005E-04  3.431683E-07  1.916256E-04 -2.172938E-02  2.034594E-08  2.044967E-08
  7.190000E+02  1.054959E-05  1.059153E-04  4.473160E-07  1.921015E-04 -1.222982E-02  2.034498E-08  2.044779E-08
  7.200000E+02  1.055827E-05  1.064824E-04  1.370075E-07  1.910821E-04 -1.390128E-02  2.034493E-08  2.044999E-08
  7.210000E+02  1.038621E-05  1.060730E-04  2.667664E-07  1.918441E-04 -2.132088E-02  2.034485E-08  2.044784E-08
  7.220000E+02  1.051790E-05  1.060055E-04  4.998391E-07  1.919292E-04 -1.058861E-02  2.034441E-08  2.044636E-08
  7.230000E+02  1.059579E-05  1.064984E-04  1.685764E-07  1.910629E-04 -1.625610E-02  2.034520E-08  2.045178E-08
  7.240000E+02  1.038664E-05  1.059664E-04  1.910089E-07  1.920351E-04 -2.008274E-02  2.034517E-08  2.044747E-08
  7.250000E+02  1.047808E-05  1.061227E-04  5.330491E-07  1.917214E-04 -9.735750E-03  2.034502E-08  2.044629E-08
  7.260000E+02  1.062562E-05  1.064680E-04  2.230738E-07  1.911333E-04 -1.850188E-02  2.034611E-08  2.045389E-08
  7.270000E+02  1.039996E-05  1.058951E-04  1.196642E-07  1.921653E-04 -1.821331E-02  2.034599E-08  2.044774E-08
  7.280000E+02  1.043193E-05  1.062455E-04  5.457560E-07  1.915053E-04 -9.813144E-03  2.034560E-08  2.044636E-08
  7.290000E+02  1.065059E-05  1.063929E-04  2.944495E-07  1.912773E-04 -2.028218E-02  2.034636E-08  2.045498E-08
  7.300000E+02  1.042299E-05  1.058657E-04  4.978972E-08  1.922106E-04 -1.598855E-02  2.034591E-08  2.044729E-08
  7.310000E+02  1.038300E-05  1.063561E-04  5.413528E-07  1.913079E-04 -1.076727E-02  2.034557E-08  2.044601E-08
  7.320000E+02  1.066983E-05  1.062863E-04  3.762884E-07  1.914719E-04 -2.134477E-02  2.034621E-08  2.045524E-08
  7.330000E+02  1.045565E-05  1.058844E-04 -1.682122E-08  1.921705E-04 -1.371939E-02  2.034594E-08  2.044727E-08
  7.340000E+02  1.033664E-05  1.064416E-04  5.153867E-07  1.911623E-04 -1.244278E-02  2.034604E-08  2.044637E-08
  7.350000E+02  1.067702E-05  1.061676E-04  4.633020E-07  1.916929E-04 -2.155289E-02  2.034685E-08  2.045577E-08
  7.360000E+02  1.049835E-05  1.059489E-04 -6.780250E-08  1.920558E-04 -1.177323E-02  2.034669E-08  2.044839E-08
  7.370000E+02  1.029514E-05  1.064888E-04  4.650935E-07  1.910928E-04 -1.457850E-02  2.034709E-08  2.044742E-08
  7.380000E+02  1.066928E-05  1.060533E-04  5.533170E-07  1.919051E-04 -2.089143E-02  2.034773E-08  2.045597E-08
  7.390000E+02  1.055015E-05  1.060478E-04 -9.657297E-08  1.918811E-04 -1.044508E-02  2.034747E-08  2.045000E-08
  7.400000E+02  1.025872E-05  1.064899E-04  3.921570E-07  1.911063E-04 -1.685746E-02  2.034799E-08  2.044833E-08
  7.410000E+02  1.064462E-05  1.059587E-04  6.476105E-07  1.920753E-04 -1.945988E-02  2.034820E-08  2.045526E-08
  7.420000E+02  1.061006E-05  1.061664E-04 -9.826558E-08  1.916711E-04 -9.902340E-03  2.034804E-08  2.045188E-08
  7.430000E+02  1.023087E-05  1.064455E-04  2.956058E-07  1.912000E-04 -1.894498E-02  2.034873E-08  2.044907E-08
  7.440000E+02  1.060409E-05  1.058986E-04  7.382421E-07  1.921796E-04 -1.748190E-02  2.034845E-08  2.045397E-08
  7.450000E+02  1.067383E-05  1.062863E-04 -7.138784E-08  1.914583E-04 -1.023313E-02  2.034832E-08  2.045384E-08
  7.460000E+02  1.021559E-05  1.063615E-04  1.805379E-07  1.913609E-04 -2.050409E-02  2.034917E-08  2.044945E-08
  7.470000E+02  1.055060E-05  1.058840E-04  8.147128E-07  1.921994E-04 -1.525549E-02  2.034847E-08  2.045224E-08
  7.480000E+02  1.073596E-05  1.063883E-04 -1.704934E-08  1.912769E-04 -1.141108E-02  2.034829E-08  2.045568E-08
  7.490000E+02  1.021831E-05  1.062497E-04  5.336705E-08  1.915637E-04 -2.129073E-02  2.034898E-08  2.044923E-08
  7.500000E+02  1.048583E-05  1.059175E-04  8.646495E-07  1.921319E-04 -1.309538E-02  2.034838E-08  2.045035E-08
  7.510000E+02  1.078890E-05  1.064589E-04  6.779630E-08  1.911539E-04 -1.326877E-02  2.034825E-08  2.045746E-08
  7.520000E+02  1.024302E-05  1.061279E-04 -7.415610E-08  1.917801E-04 -2.119577E-02  2.034865E-08  2.044898E-08
  7.530000E+02  1.041159E-05  1.059945E-04  8.785165E-07  1.919891E-04 -1.132700E-02  2.034847E-08  2.044868E-08
  7.540000E+02  1.082914E-05  1.064864E-04  1.825526E-07  1.911101E-04 -1.551894E-02  2.034817E-08  2.045896E-08
  7.550000E+02  1.028728E-05  1.060148E-04 -1.928913E-07  1.919747E-04 -2.023357E-02  2.034800E-08  2.044855E-08
  7.560000E+02  1.033178E-05  1.060994E-04  8.578608E-07  1.917902E-04 -1.026958E-02  2.034775E-08  2.044641E-08
  7.570000E+02  1.085441E-05  1.064648E-04  3.212924E-07  1.911507E-04 -1.774993E-02  2.034762E-08  2.045958E-08
  7.580000E+02  1.034664E-05  1.059302E-04 -2.944534E-07  1.921113E-04 -1.857345E-02  2.034687E-08  2.044779E-08
  7.590000E+02  1.025461E-05  1.062140E-04  8.046134E-07  1.915698E-04 -1.010517E-02  2.034636E-08  2.044383E-08
  7.600000E+02  1.085922E-05  1.063994E-04  4.722491E-07  1.912658E-04 -1.960325E-02  2.034665E-08  2.045914E-08
  7.610000E+02  1.041837E-05  1.058886E-04 -3.654810E-07  1.921721E-04 -1.647273E-02  2.034608E-08  2.044758E-08
  7.620000E+02  1.018759E-05  1.063232E-04  7.178185E-07  1.913668E-04 -1.082952E-02  2.034554E-08  2.044227E-08
  7.630000E+02  1.084147E-05  1.063017E-04  6.221214E-07  1.914410E-04 -2.080486E-02  2.034610E-08  2.045838E-08
  7.640000E+02  1.050058E-05  1.058967E-04 -4.001526E-07  1.921501E-04 -1.426829E-02  2.034599E-08  2.044838E-08
  7.650000E+02  1.013353E-05  1.064102E-04  5.988802E-07  1.912144E-04 -1.231240E-02  2.034562E-08  2.044201E-08
  7.660000E+02  1.080337E-05  1.061866E-04  7.633443E-07  1.916479E-04 -2.118853E-02  2.034587E-08  2.045726E-08
  7.670000E+02  1.058681E-05  1.059489E-04 -3.973704E-07  1.920486E-04 -1.232053E-02  2.034580E-08  2.044937E-08
  7.680000E+02  1.009751E-05  1.064615E-04  4.564184E-07  1.911294E-04 -1.430109E-02  2.034583E-08  2.044229E-08
  7.690000E+02  1.074788E-05  1.060704E-04  8.831987E-07  1.918513E-04 -2.073346E-02  2.034537E-08  2.045525E-08
  7.700000E+02  1.067075E-05  1.060348E-04 -3.576855E-07  1.918834E-04 -1.089843E-02  2.034511E-08  2.045010E-08
  7.710000E+02  1.008284E-05  1.064699E-04  3.003055E-07  1.911199E-04 -1.647918E-02  2.034574E-08  2.044262E-08
  7.720000E+02  1.067642E-05  1.059730E-04  9.738158E-07  1.920198E-04 -1.951829E-02  2.034504E-08  2.045292E-08
  7.730000E+02  1.075032E-05  1.061425E-04 -2.821617E-07  1.916839E-04 -1.022204E-02  2.034475E-08  2.045137E-08
  7.740000E+02  1.008698E-05  1.064343E-04  1.368641E-07  1.911905E-04 -1.851339E-02  2.034575E-08  2.044322E-08
  7.750000E+02  1.059457E-05  1.059115E-04  1.035511E-06  1.921284E-04 -1.771497E-02  2.034542E-08  2.045100E-08
  7.760000E+02  1.081974E-05  1.062573E-04 -1.770910E-07  1.914834E-04 -1.040519E-02  2.034540E-08  2.045374E-08
  7.770000E+02  1.010820E-05  1.063594E-04 -2.076870E-08  1.913353E-04 -2.008462E-02  2.034620E-08  2.044434E-08
  7.780000E+02  1.050817E-05  1.058948E-04  1.066815E-06  1.921609E-04 -1.558073E-02  2.034638E-08  2.044958E-08
  7.790000E+02  1.087250E-05  1.063607E-04 -4.860895E-08  1.913101E-04 -1.143683E-02  2.034655E-08  2.045653E-08
  7.800000E+02  1.014719E-05  1.062565E-04 -1.601541E-07  1.915300E-04 -2.095331E-02  2.034684E-08  2.044568E-08
  7.810000E+02  1.042100E-05  1.059224E-04  1.063040E-06  1.921104E-04 -1.347826E-02  2.034696E-08  2.044790E-08
  7.820000E+02  1.090754E-05  1.064338E-04  9.656970E-08  1.911876E-04 -1.313385E-02  2.034707E-08  2.045847E-08
  7.830000E+02  1.020160E-05  1.061423E-04 -2.771178E-07  1.917370E-04 -2.098794E-02  2.034692E-08  2.044647E-08
  7.840000E+02  1.033584E-05  1.059886E-04  1.026559E-06  1.919848E-04 -1.175613E-02  2.034680E-08  2.044576E-08
  7.850000E+02  1.092764E-05  1.064657E-04  2.504819E-07  1.911356E-04 -1.518914E-02  2.034703E-08  2.045959E-08
  7.860000E+02  1.026949E-05  1.060377E-04 -3.756025E-07  1.919236E-04 -2.018484E-02  2.034700E-08  2.044727E-08
  7.870000E+02  1.025483E-05  1.060843E-04  9.594451E-07  1.918095E-04 -1.068830E-02  2.034681E-08  2.044414E-08
  7.880000E+02  1.093142E-05  1.064551E-04  4.100321E-07  1.911645E-04 -1.727089E-02  2.034741E-08  2.046070E-08
  7.890000E+02  1.034943E-05  1.059593E-04 -4.515889E-07  1.920658E-04 -1.870570E-02  2.034760E-08  2.044868E-08
  7.900000E+02  1.018097E-05  1.061946E-04  8.620110E-07  1.916143E-04 -1.041690E-02  2.034730E-08  2.044343E-08
  7.910000E+02  1.091793E-05  1.064040E-04  5.699950E-07  1.912689E-04 -1.906850E-02  2.034807E-08  2.046155E-08
  7.920000E+02  1.043607E-05  1.059172E-04 -4.986035E-07  1.921415E-04 -1.679403E-02  2.034823E-08  2.045023E-08
  7.930000E+02  1.011936E-05  1.063015E-04  7.406187E-07  1.914281E-04 -1.095497E-02  2.034786E-08  2.044327E-08
  7.940000E+02  1.088441E-05  1.063200E-04  7.224783E-07  1.914287E-04 -2.031995E-02  2.034850E-08  2.046152E-08
  7.950000E+02  1.052601E-05  1.059160E-04 -5.081938E-07  1.921403E-04 -1.474044E-02  2.034852E-08  2.045158E-08
  7.960000E+02  1.007562E-05  1.063900E-04  5.973234E-07  1.912755E-04 -1.220499E-02  2.034828E-08  2.044347E-08
  7.970000E+02  1.082868E-05  1.062154E-04  8.580439E-07  1.916202E-04 -2.086395E-02  2.034859E-08  2.046044E-08
  7.980000E+02  1.061929E-05  1.059560E-04 -4.760150E-07  1.920631E-04 -1.283668E-02  2.034856E-08  2.045291E-08
  7.990000E+02  1.004999E-05  1.064468E-04  4.317987E-07  1.911800E-04 -1.398294E-02  2.034851E-08  2.044391E-08
  8.000000E+02  1.075524E-05  1.061047E-04  9.723803E-07  1.918150E-04 -2.061699E-02  2.034815E-08  2.045823E-08
  8.010000E+02  1.071270E-05  1.060297E-04 -4.083640E-07  1.919202E-04 -1.135930E-02  2.034794E-08  2.045383E-08
  8.020000E+02  1.004082E-05  1.064635E-04  2.519464E-07  1.911539E-04 -1.600735E-02  2.034830E-08  2.044419E-08
  8.030000E+02  1.067162E-05  1.060065E-04  1.062354E-06  1.919832E-04 -1.961236E-02  2.034756E-08  2.045547E-08
  8.040000E+02  1.079582E-05  1.061286E-04 -3.114400E-07  1.917344E-04 -1.055112E-02  2.034736E-08  2.045489E-08
  8.050000E+02  1.005359E-05  1.064375E-04  7.401341E-08  1.912044E-04 -1.800134E-02  2.034801E-08  2.044468E-08
  8.060000E+02  1.058028E-05  1.059395E-04  1.114843E-06  1.921017E-04 -1.796114E-02  2.034788E-08  2.045334E-08
  8.070000E+02  1.085921E-05  1.062389E-04 -1.821435E-07  1.915351E-04 -1.060561E-02  2.034732E-08  2.045641E-08
  8.080000E+02  1.009412E-05  1.063690E-04 -8.805854E-08  1.913323E-04 -1.961890E-02  2.034791E-08  2.044563E-08
  8.090000E+02  1.048167E-05  1.059149E-04  1.117761E-06  1.921439E-04 -1.591521E-02  2.034832E-08  2.045117E-08
  8.100000E+02  1.090090E-05  1.063386E-04 -1.967173E-08  1.913556E-04 -1.152780E-02  2.034713E-08  2.045759E-08
  8.110000E+02  1.015759E-05  1.062661E-04 -2.261318E-07  1.915126E-04 -2.055589E-02  2.034698E-08  2.044589E-08
  8.120000E+02  1.038358E-05  1.059342E-04  1.074140E-06  1.920941E-04 -1.384079E-02  2.034739E-08  2.044774E-08
  8.130000E+02  1.092034E-05  1.064094E-04  1.608000E-07  1.912234E-04 -1.313957E-02  2.034621E-08  2.045778E-08
  8.140000E+02  1.023631E-05  1.061480E-04 -3.325335E-07  1.917105E-04 -2.065307E-02  2.034534E-08  2.044542E-08
  8.150000E+02  1.029565E-05  1.059939E-04  9.911990E-07  1.919641E-04 -1.210025E-02  2.034554E-08  2.044382E-08
  8.160000E+02  1.091516E-05  1.064422E-04  3.419216E-07  1.911620E-04 -1.513520E-02  2.034538E-08  2.045759E-08
  8.170000E+02  1.032616E-05  1.060422E-04 -3.989917E-07  1.918940E-04 -1.991473E-02  2.034483E-08  2.044607E-08
  8.180000E+02  1.022284E-05  1.060850E-04  8.729586E-07  1.917880E-04 -1.103305E-02  2.034460E-08  2.044139E-08
  8.190000E+02  1.088815E-05  1.064329E-04  5.113515E-07  1.911856E-04 -1.715905E-02  2.034544E-08  2.045777E-08
  8.200000E+02  1.041935E-05  1.059678E-04 -4.244529E-07  1.920320E-04 -1.849234E-02  2.034573E-08  2.044806E-08
  8.210000E+02  1.016957E-05  1.061913E-04  7.312661E-07  1.915999E-04 -1.079987E-02  2.034506E-08  2.044101E-08
  8.220000E+02  1.084508E-05  1.063792E-04  6.552314E-07  1.912885E-04 -1.888576E-02  2.034549E-08  2.045740E-08
  8.230000E+02  1.050709E-05  1.059310E-04 -4.129827E-07  1.920973E-04 -1.661055E-02  2.034625E-08  2.044954E-08
  8.240000E+02  1.014006E-05  1.062928E-04  5.802112E-07  1.914228E-04 -1.139112E-02  2.034554E-08  2.044135E-08
  8.250000E+02  1.078745E-05  1.062903E-04  7.638419E-07  1.914474E-04 -2.003720E-02  2.034492E-08  2.045585E-08
  8.260000E+02  1.058602E-05  1.059346E-04 -3.647103E-07  1.920789E-04 -1.460594E-02  2.034564E-08  2.044980E-08
  8.270000E+02  1.013345E-05  1.063736E-04  4.272606E-07  1.912809E-04 -1.267764E-02  2.034562E-08  2.044189E-08
  8.280000E+02  1.071829E-05  1.061866E-04  8.362881E-07  1.916343E-04 -2.043919E-02  2.034473E-08  2.045418E-08
  8.290000E+02  1.065422E-05  1.059792E-04 -2.840785E-07  1.919903E-04 -1.282784E-02  2.034531E-08  2.045033E-08
  8.300000E+02  1.014389E-05  1.064225E-04  2.812916E-07  1.912016E-04 -1.442605E-02  2.034605E-08  2.044318E-08
  8.310000E+02  1.064298E-05  1.060889E-04  8.797436E-07  1.918196E-04 -2.003999E-02  2.034584E-08  2.045343E-08
  8.320000E+02  1.070971E-05  1.060575E-04 -1.802426E-07  1.918523E-04 -1.159528E-02  2.034601E-08  2.045192E-08
  8.330000E+02  1.016835E-05  1.064299E-04  1.488458E-07  1.912008E-04 -1.632762E-02  2.034678E-08  2.044496E-08
  8.340000E+02  1.056604E-05  1.060120E-04  8.964183E-07  1.919674E-04 -1.893457E-02  2.034720E-08  2.045272E-08
  8.350000E+02  1.075040E-05  1.061534E-04 -6.044759E-08  1.916864E-04 -1.110245E-02  2.034690E-08  2.045370E-08
  8.360000E+02  1.020550E-05  1.063946E-04  3.530110E-08  1.912741E-04 -1.803862E-02  2.034722E-08  2.044651E-08
  8.370000E+02  1.049292E-05  1.059649E-04  8.843310E-07  1.920519E-04 -1.733882E-02  2.034771E-08  2.045118E-08
  8.380000E+02  1.077536E-05  1.062503E-04  6.513678E-08  1.915187E-04 -1.135878E-02  2.034761E-08  2.045523E-08
  8.390000E+02  1.025341E-05  1.063280E-04 -5.583850E-08  1.914035E-04 -1.930133E-02  2.034777E-08  2.044815E-08
  8.400000E+02  1.042829E-05  1.059539E-04  8.433616E-07  1.920711E-04 -1.553441E-02  2.034823E-08  2.044983E-08
  8.410000E+02  1.078247E-05  1.063351E-04  1.889269E-07  1.913755E-04 -1.228274E-02  2.034839E-08  2.045669E-08
  8.420000E+02  1.031201E-05  1.062423E-04 -1.202609E-07  1.915673E-04 -1.997164E-02  2.034850E-08  2.044993E-08
  8.430000E+02  1.037049E-05  1.059790E-04  7.750590E-07  1.920260E-04 -1.380706E-02  2.034878E-08  2.044878E-08
  8.440000E+02  1.077430E-05  1.063933E-04  3.120579E-07  1.912773E-04 -1.371804E-02  2.034872E-08  2.045748E-08
  8.450000E+02  1.037795E-05  1.061488E-04 -1.602530E-07  1.917387E-04 -1.993904E-02  2.034880E-08  2.045120E-08
  8.460000E+02  1.031857E-05  1.060351E-04  6.869841E-07  1.919191E-04 -1.243323E-02  2.034858E-08  2.044729E-08
  8.470000E+02  1.075464E-05  1.064156E-04  4.332039E-07  1.912387E-04 -1.542173E-02  2.034835E-08  2.045736E-08
  8.480000E+02  1.044336E-05  1.060633E-04 -1.767169E-07  1.918888E-04 -1.921653E-02  2.034860E-08  2.045176E-08
  8.490000E+02  1.028009E-05  1.061144E-04  5.884716E-07  1.917692E-04 -1.162640E-02  2.034810E-08  2.044602E-08
  8.500000E+02  1.072217E-05  1.064017E-04  5.383212E-07  1.912677E-04 -1.711603E-02  2.034824E-08  2.045713E-08
  8.510000E+02  1.050487E-05  1.060011E-04 -1.640917E-07  1.919980E-04 -1.794855E-02  2.034871E-08  2.045247E-08
  8.520000E+02  1.026242E-05  1.062053E-04  4.799873E-07  1.916047E-04 -1.150158E-02  2.034810E-08  2.044586E-08
  8.530000E+02  1.067382E-05  1.063528E-04  6.151859E-07  1.913612E-04 -1.854773E-02  2.034829E-08  2.045658E-08
  8.540000E+02  1.056482E-05  1.059709E-04 -1.182335E-07  1.920480E-04 -1.632272E-02  2.034879E-08  2.045308E-08
  8.550000E+02  1.026303E-05  1.062908E-04  3.589909E-07  1.914488E-04 -1.209240E-02  2.034776E-08  2.044593E-08
  8.560000E+02  1.061437E-05  1.062718E-04  6.648189E-07  1.915019E-04 -1.946828E-02  2.034739E-08  2.045460E-08
  8.570000E+02  1.061902E-05  1.059764E-04 -4.515224E-08  1.920221E-04 -1.458701E-02  2.034764E-08  2.045244E-08
  8.580000E+02  1.027906E-05  1.063551E-04  2.363655E-07  1.913246E-04 -1.330585E-02  2.034655E-08  2.044557E-08
  8.590000E+02  1.055070E-05  1.061750E-04  6.870897E-07  1.916640E-04 -1.970508E-02  2.034597E-08  2.045177E-08
  8.600000E+02  1.065963E-05  1.060190E-04  4.804829E-08  1.919270E-04 -1.306293E-02  2.034617E-08  2.045140E-08
  8.610000E+02  1.031206E-05  1.063903E-04  1.265422E-07  1.912597E-04 -1.491136E-02  2.034590E-08  2.044615E-08
  8.620000E+02  1.048417E-05  1.060859E-04  6.777074E-07  1.918211E-04 -1.923966E-02  2.034575E-08  2.044988E-08
  8.630000E+02  1.068228E-05  1.060921E-04  1.623657E-07  1.917882E-04 -1.207519E-02  2.034573E-08  2.045129E-08
  8.640000E+02  1.036085E-05  1.063874E-04  3.927679E-08  1.912711E-04 -1.659674E-02  2.034604E-08  2.044771E-08
  8.650000E+02  1.042141E-05  1.060211E-04  6.333478E-07  1.919411E-04 -1.813605E-02  2.034646E-08  2.044884E-08
  8.660000E+02  1.068446E-05  1.061798E-04  2.865912E-07  1.916307E-04 -1.182315E-02  2.034590E-08  2.045168E-08
  8.670000E+02  1.041826E-05  1.063421E-04 -1.423064E-08  1.913542E-04 -1.804610E-02  2.034570E-08  2.044878E-08
  8.680000E+02  1.037181E-05  1.059885E-04  5.604347E-07  1.919962E-04 -1.655473E-02  2.034660E-08  2.044741E-08
  8.690000E+02  1.066369E-05  1.062646E-04  4.040453E-07  1.914783E-04 -1.232001E-02  2.034582E-08  2.045161E-08
  8.700000E+02  1.048132E-05  1.062661E-04 -2.644204E-08  1.914884E-04 -1.899833E-02  2.034506E-08  2.044942E-08
  8.710000E+02  1.033936E-05  1.059930E-04  4.614807E-07  1.919782E-04 -1.486042E-02  2.034609E-08  2.044573E-08
  8.720000E+02  1.062213E-05  1.063307E-04  5.048107E-07  1.913623E-04 -1.340975E-02  2.034585E-08  2.045138E-08
  8.730000E+02  1.054520E-05  1.061809E-04  2.420587E-09  1.916439E-04 -1.929673E-02  2.034515E-08  2.045058E-08
  8.740000E+02  1.032485E-05  1.060327E-04  3.455224E-07  1.919003E-04 -1.344291E-02  2.034588E-08  2.044487E-08
  8.750000E+02  1.057042E-05  1.063654E-04  5.782071E-07  1.913060E-04 -1.485072E-02  2.034609E-08  2.045120E-08
  8.760000E+02  1.060039E-05  1.061047E-04  5.911798E-08  1.917889E-04 -1.889643E-02  2.034607E-08  2.045221E-08
  8.770000E+02  1.032909E-05  1.060974E-04  2.310098E-07  1.917829E-04 -1.257143E-02  2.034607E-08  2.044503E-08
  8.780000E+02  1.051522E-05  1.063609E-04  6.169194E-07  1.913172E-04 -1.633951E-02  2.034597E-08  2.045048E-08
  8.790000E+02  1.064038E-05  1.060492E-04  1.358191E-07  1.918913E-04 -1.790503E-02  2.034666E-08  2.045309E-08
  8.800000E+02  1.035371E-05  1.061731E-04  1.295860E-07  1.916483E-04 -1.235090E-02  2.034635E-08  2.044589E-08
  8.810000E+02  1.045929E-05  1.063229E-04  6.152890E-07  1.913889E-04 -1.758585E-02  2.034588E-08  2.044960E-08
  8.820000E+02  1.066278E-05  1.060213E-04  2.290285E-07  1.919388E-04 -1.656815E-02  2.034681E-08  2.045317E-08
  8.830000E+02  1.039385E-05  1.062474E-04  5.021826E-08  1.915207E-04 -1.273640E-02  2.034692E-08  2.044754E-08
  8.840000E+02  1.040653E-05  1.062643E-04  5.797608E-07  1.915035E-04 -1.841500E-02  2.034653E-08  2.044932E-08
  8.850000E+02  1.066747E-05  1.060238E-04  3.310335E-07  1.919334E-04 -1.517002E-02  2.034717E-08  2.045318E-08
  8.860000E+02  1.044424E-05  1.063063E-04 -2.309354E-09  1.914224E-04 -1.361553E-02  2.034753E-08  2.044953E-08
  8.870000E+02  1.035876E-05  1.061974E-04  5.193799E-07  1.916348E-04 -1.872162E-02  2.034754E-08  2.044931E-08
  8.880000E+02  1.065830E-05  1.060535E-04  4.348624E-07  1.918808E-04 -1.396890E-02  2.034764E-08  2.045320E-08
  8.890000E+02  1.050041E-05  1.063391E-04 -3.195363E-08  1.913687E-04 -1.478838E-02  2.034775E-08  2.045129E-08
  8.900000E+02  1.031834E-05  1.061324E-04  4.410957E-07  1.917562E-04 -1.848303E-02  2.034806E-08  2.044879E-08
  8.910000E+02  1.063991E-05  1.061044E-04  5.318252E-07  1.917905E-04 -1.313582E-02  2.034806E-08  2.045316E-08
  8.920000E+02  1.055514E-05  1.063433E-04 -4.181583E-08  1.913665E-04 -1.604692E-02  2.034793E-08  2.045291E-08
  8.930000E+02  1.029288E-05  1.060790E-04  3.529005E-07  1.918524E-04 -1.776439E-02  2.034830E-08  2.044814E-08
  8.940000E+02  1.060894E-05  1.061693E-04  6.094829E-07  1.916780E-04 -1.277181E-02  2.034865E-08  2.045323E-08
  8.950000E+02  1.060612E-05  1.063207E-04 -2.319367E-08  1.914147E-04 -1.721453E-02  2.034832E-08  2.045459E-08
  8.960000E+02  1.028537E-05  1.060448E-04  2.568880E-07  1.919141E-04 -1.667832E-02  2.034866E-08  2.044790E-08
  8.970000E+02  1.056240E-05  1.062367E-04  6.643909E-07  1.915587E-04 -1.294261E-02  2.034885E-08  2.045280E-08
  8.980000E+02  1.065526E-05  1.062731E-04  2.827299E-08  1.915048E-04 -1.809673E-02  2.034848E-08  2.045584E-08
  8.990000E+02  1.028931E-05  1.060358E-04  1.547650E-07  1.919254E-04 -1.542172E-02  2.034855E-08  2.044743E-08
  9.000000E+02  1.050526E-05  1.062922E-04  7.053560E-07  1.914536E-04 -1.363018E-02  2.034814E-08  2.045139E-08
  9.010000E+02  1.070046E-05  1.062089E-04  1.044240E-07  1.916188E-04 -1.849727E-02  2.034814E-08  2.045632E-08
  9.020000E+02  1.030212E-05  1.060552E-04  5.298879E-08  1.918815E-04 -1.423695E-02  2.034796E-08  2.044676E-08
  9.030000E+02  1.044405E-05  1.063269E-04  7.319943E-07  1.913865E-04 -1.468991E-02  2.034734E-08  2.044988E-08
  9.040000E+02  1.073614E-05  1.061410E-04  1.969003E-07  1.917365E-04 -1.836209E-02  2.034767E-08  2.045632E-08
  9.050000E+02  1.032866E-05  1.061021E-04 -4.140563E-08  1.917939E-04 -1.332117E-02  2.034792E-08  2.044706E-08
  9.060000E+02  1.037956E-05  1.063356E-04  7.338381E-07  1.913733E-04 -1.594960E-02  2.034720E-08  2.044894E-08
  9.070000E+02  1.076242E-05  1.060834E-04  3.039957E-07  1.918392E-04 -1.770045E-02  2.034777E-08  2.045658E-08
  9.080000E+02  1.037104E-05  1.061670E-04 -1.304683E-07  1.916772E-04 -1.289954E-02  2.034809E-08  2.044808E-08
  9.090000E+02  1.031403E-05  1.063110E-04  7.047560E-07  1.914207E-04 -1.713590E-02  2.034714E-08  2.044794E-08
  9.100000E+02  1.077674E-05  1.060493E-04  4.234303E-07  1.918969E-04 -1.661130E-02  2.034772E-08  2.045639E-08
  9.110000E+02  1.042763E-05  1.062323E-04 -2.076696E-07  1.915534E-04 -1.313161E-02  2.034741E-08  2.044872E-08
  9.120000E+02  1.025569E-05  1.062569E-04  6.409534E-07  1.915162E-04 -1.793725E-02  2.034663E-08  2.044641E-08
  9.130000E+02  1.077129E-05  1.060451E-04  5.453203E-07  1.918920E-04 -1.534877E-02  2.034681E-08  2.045499E-08
  9.140000E+02  1.049787E-05  1.062848E-04 -2.568228E-07  1.914512E-04 -1.391808E-02  2.034638E-08  2.044944E-08
  9.150000E+02  1.020602E-05  1.061888E-04  5.423030E-07  1.916343E-04 -1.823600E-02  2.034603E-08  2.044475E-08
  9.160000E+02  1.074411E-05  1.060706E-04  6.683749E-07  1.918349E-04 -1.418716E-02  2.034600E-08  2.045340E-08
  9.170000E+02  1.057968E-05  1.063151E-04 -2.721903E-07  1.913938E-04 -1.504330E-02  2.034576E-08  2.045083E-08
  9.180000E+02  1.016492E-05  1.061231E-04  4.130867E-07  1.917498E-04 -1.800596E-02  2.034578E-08  2.044346E-08
  9.190000E+02  1.069899E-05  1.061201E-04  7.895753E-07  1.917412E-04 -1.338231E-02  2.034578E-08  2.045223E-08
  9.200000E+02  1.066298E-05  1.063139E-04 -2.527965E-07  1.913934E-04 -1.627067E-02  2.034510E-08  2.045217E-08
  9.210000E+02  1.013940E-05  1.060730E-04  2.675331E-07  1.918355E-04 -1.725587E-02  2.034553E-08  2.044233E-08
  9.220000E+02  1.063674E-05  1.061835E-04  8.941179E-07  1.916262E-04 -1.313146E-02  2.034579E-08  2.045118E-08
  9.230000E+02  1.073985E-05  1.062816E-04 -1.934657E-07  1.914523E-04 -1.732952E-02  2.034479E-08  2.045359E-08
  9.240000E+02  1.013772E-05  1.060491E-04  1.145049E-07  1.918736E-04 -1.614372E-02  2.034538E-08  2.044171E-08
  9.250000E+02  1.055511E-05  1.062472E-04  9.673240E-07  1.915152E-04 -1.348302E-02  2.034610E-08  2.045025E-08
  9.260000E+02  1.080774E-05  1.062277E-04 -8.752442E-08  1.915557E-04 -1.800149E-02  2.034523E-08  2.045540E-08
  9.270000E+02  1.016136E-05  1.060554E-04 -4.213956E-08  1.918612E-04 -1.492477E-02  2.034565E-08  2.044204E-08
  9.280000E+02  1.046238E-05  1.062968E-04  9.991603E-07  1.914328E-04 -1.432108E-02  2.034660E-08  2.044940E-08
  9.290000E+02  1.086063E-05  1.061662E-04  5.355238E-08  1.916759E-04 -1.817458E-02  2.034614E-08  2.045723E-08
  9.300000E+02  1.020697E-05  1.060875E-04 -1.874472E-07  1.918045E-04 -1.389131E-02  2.034609E-08  2.044309E-08
  9.310000E+02  1.036954E-05  1.063197E-04  9.869422E-07  1.913951E-04 -1.542131E-02  2.034665E-08  2.044810E-08
  9.320000E+02  1.089262E-05  1.061109E-04  2.127468E-07  1.917819E-04 -1.781798E-02  2.034691E-08  2.045838E-08
  9.330000E+02  1.027160E-05  1.061387E-04 -3.070214E-07  1.917178E-04 -1.325569E-02  2.034688E-08  2.044505E-08
  9.340000E+02  1.028304E-05  1.063137E-04  9.310801E-07  1.914100E-04 -1.654582E-02  2.034671E-08  2.044684E-08
  9.350000E+02  1.090168E-05  1.060714E-04  3.788102E-07  1.918573E-04 -1.701382E-02  2.034763E-08  2.045893E-08
  9.360000E+02  1.034886E-05  1.062024E-04 -3.913302E-07  1.916161E-04 -1.311878E-02  2.034834E-08  2.044809E-08
  9.370000E+02  1.020900E-05  1.062828E-04  8.391666E-07  1.914770E-04 -1.751455E-02  2.034760E-08  2.044652E-08
  9.380000E+02  1.088627E-05  1.060545E-04  5.407561E-07  1.918936E-04 -1.592838E-02  2.034861E-08  2.045924E-08
  9.390000E+02  1.043380E-05  1.062649E-04 -4.330364E-07  1.915169E-04 -1.351460E-02  2.034967E-08  2.045133E-08
  9.400000E+02  1.015225E-05  1.062336E-04  7.170568E-07  1.915804E-04 -1.813617E-02  2.034893E-08  2.044679E-08
  9.410000E+02  1.084638E-05  1.060601E-04  6.889274E-07  1.918840E-04 -1.479485E-02  2.034902E-08  2.045858E-08
  9.420000E+02  1.052441E-05  1.063097E-04 -4.304124E-07  1.914377E-04 -1.432358E-02  2.034961E-08  2.045338E-08
  9.430000E+02  1.011256E-05  1.061736E-04  5.689277E-07  1.916908E-04 -1.829406E-02  2.034910E-08  2.044607E-08
  9.440000E+02  1.079018E-05  1.060859E-04  8.167684E-07  1.918280E-04 -1.382078E-02  2.034832E-08  2.045659E-08
  9.450000E+02  1.061506E-05  1.063310E-04 -3.950321E-07  1.913915E-04 -1.537216E-02  2.034844E-08  2.045436E-08
  9.460000E+02  1.009026E-05  1.061143E-04  4.058562E-07  1.917909E-04 -1.798009E-02  2.034846E-08  2.044472E-08
  9.470000E+02  1.072464E-05  1.061322E-04  9.176544E-07  1.917384E-04 -1.313983E-02  2.034787E-08  2.045484E-08
  9.480000E+02  1.069769E-05  1.063282E-04 -3.340296E-07  1.913908E-04 -1.653167E-02  2.034746E-08  2.045534E-08
  9.490000E+02  1.008878E-05  1.060643E-04  2.410723E-07  1.918731E-04 -1.723011E-02  2.034786E-08  2.044368E-08
  9.500000E+02  1.065017E-05  1.061950E-04  9.843302E-07  1.916254E-04 -1.287380E-02  2.034797E-08  2.045362E-08
  9.510000E+02  1.076904E-05  1.062982E-04 -2.454335E-07  1.914431E-04 -1.763715E-02  2.034688E-08  2.045641E-08
  9.520000E+02  1.010532E-05  1.060331E-04  8.355835E-08  1.919191E-04 -1.612124E-02  2.034714E-08  2.044283E-08
  9.530000E+02  1.056726E-05  1.062594E-04  1.022032E-06  1.915037E-04 -1.315902E-02  2.034731E-08  2.045167E-08
  9.540000E+02  1.082823E-05  1.062430E-04 -1.294849E-07  1.915399E-04 -1.840728E-02  2.034633E-08  2.045710E-08
  9.550000E+02  1.013664E-05  1.060300E-04 -6.218229E-08  1.919114E-04 -1.486199E-02  2.034612E-08  2.044199E-08
  9.560000E+02  1.048016E-05  1.063135E-04  1.033617E-06  1.914022E-04 -1.395787E-02  2.034666E-08  2.044977E-08
  9.570000E+02  1.087072E-05  1.061753E-04  9.192156E-09  1.916640E-04 -1.867678E-02  2.034643E-08  2.045793E-08
  9.580000E+02  1.018322E-05  1.060592E-04 -1.874058E-07  1.918550E-04 -1.368423E-02  2.034610E-08  2.044254E-08
  9.590000E+02  1.039220E-05  1.063491E-04  1.015279E-06  1.913456E-04 -1.514019E-02  2.034709E-08  2.044901E-08
  9.600000E+02  1.089572E-05  1.061062E-04  1.645558E-07  1.917963E-04 -1.840431E-02  2.034732E-08  2.045905E-08
  9.610000E+02  1.024610E-05  1.061175E-04 -2.914435E-07  1.917580E-04 -1.279137E-02  2.034721E-08  2.044473E-08
  9.620000E+02  1.030505E-05  1.063528E-04  9.634786E-07  1.913465E-04 -1.654634E-02  2.034745E-08  2.044816E-08
  9.630000E+02  1.090523E-05  1.060467E-04  3.315305E-07  1.919061E-04 -1.755102E-02  2.034788E-08  2.045938E-08
  9.640000E+02  1.032101E-05  1.061927E-04 -3.746428E-07  1.916272E-04 -1.243354E-02  2.034782E-08  2.044685E-08
  9.650000E+02  1.022619E-05  1.063183E-04  8.804392E-07  1.914092E-04 -1.786304E-02  2.034705E-08  2.044656E-08
  9.660000E+02  1.089757E-05  1.060112E-04  4.965494E-07  1.919617E-04 -1.624593E-02  2.034741E-08  2.045829E-08
  9.670000E+02  1.040393E-05  1.062695E-04 -4.301938E-07  1.914880E-04 -1.274891E-02  2.034769E-08  2.044862E-08
  9.680000E+02  1.016348E-05  1.062547E-04  7.674724E-07  1.915241E-04 -1.877756E-02  2.034675E-08  2.044516E-08
  9.690000E+02  1.086676E-05  1.060102E-04  6.489292E-07  1.919527E-04 -1.478211E-02  2.034672E-08  2.045658E-08
  9.700000E+02  1.049547E-05  1.063323E-04 -4.466094E-07  1.913757E-04 -1.367699E-02  2.034752E-08  2.045067E-08
  9.710000E+02  1.011932E-05  1.061767E-04  6.212942E-07  1.916682E-04 -1.908844E-02  2.034699E-08  2.044442E-08
  9.720000E+02  1.081313E-05  1.060437E-04  7.835353E-07  1.918850E-04 -1.345759E-02  2.034636E-08  2.045490E-08
  9.730000E+02  1.059056E-05  1.063671E-04 -4.202024E-07  1.913131E-04 -1.503532E-02  2.034712E-08  2.045263E-08
  9.740000E+02  1.009407E-05  1.060985E-04  4.518232E-07  1.918099E-04 -1.873368E-02  2.034718E-08  2.044376E-08
  9.750000E+02  1.074168E-05  1.061046E-04  8.954222E-07  1.917705E-04 -1.252307E-02  2.034615E-08  2.045322E-08
  9.760000E+02  1.068023E-05  1.063648E-04 -3.533276E-07  1.913123E-04 -1.655314E-02  2.034611E-08  2.045381E-08
  9.770000E+02  1.009117E-05  1.060351E-04  2.741319E-07  1.919159E-04 -1.779185E-02  2.034660E-08  2.044263E-08
  9.780000E+02  1.065596E-05  1.061815E-04  9.745750E-07  1.916298E-04 -1.217078E-02  2.034603E-08  2.045158E-08
  9.790000E+02  1.075627E-05  1.063277E-04 -2.461526E-07  1.913764E-04 -1.790753E-02  2.034535E-08  2.045485E-08
  9.800000E+02  1.011353E-05  1.059995E-04  1.022016E-07  1.919694E-04 -1.644723E-02  2.034591E-08  2.044180E-08
  9.810000E+02  1.056278E-05  1.062610E-04  1.009370E-06  1.914894E-04 -1.248383E-02  2.034627E-08  2.045037E-08
  9.820000E+02  1.081328E-05  1.062657E-04 -1.076805E-07  1.914934E-04 -1.885788E-02  2.034556E-08  2.045628E-08
  9.830000E+02  1.015886E-05  1.059974E-04 -5.115342E-08  1.919659E-04 -1.496585E-02  2.034560E-08  2.044185E-08
  9.840000E+02  1.046987E-05  1.063275E-04  9.977663E-07  1.913770E-04 -1.336983E-02  2.034683E-08  2.044961E-08
  9.850000E+02  1.084690E-05  1.061926E-04  5.024465E-08  1.916364E-04 -1.924945E-02  2.034660E-08  2.045790E-08
  9.860000E+02  1.022527E-05  1.060262E-04 -1.755283E-07  1.919126E-04 -1.362383E-02  2.034587E-08  2.044303E-08
  9.870000E+02  1.038300E-05  1.063678E-04  9.386440E-07  1.913104E-04 -1.463004E-02  2.034709E-08  2.044871E-08
  9.880000E+02  1.085404E-05  1.061189E-04  2.187063E-07  1.917754E-04 -1.904028E-02  2.034731E-08  2.045848E-08
  9.890000E+02  1.030585E-05  1.060813E-04 -2.587971E-07  1.918174E-04 -1.261272E-02  2.034662E-08  2.044512E-08
  9.900000E+02  1.030789E-05  1.063771E-04  8.409994E-07  1.912977E-04 -1.608400E-02  2.034707E-08  2.044772E-08
  9.910000E+02  1.083691E-05  1.060540E-04  3.842797E-07  1.918923E-04 -1.827134E-02  2.034756E-08  2.045800E-08
  9.920000E+02  1.039059E-05  1.061566E-04 -2.968817E-07  1.916905E-04 -1.207679E-02  2.034772E-08  2.044786E-08
  9.930000E+02  1.024985E-05  1.063567E-04  7.203707E-07  1.913433E-04 -1.752545E-02  2.034752E-08  2.044744E-08
  9.940000E+02  1.079938E-05  1.060079E-04  5.330114E-07  1.919751E-04 -1.706045E-02  2.034791E-08  2.045713E-08
  9.950000E+02  1.047284E-05  1.062388E-04 -2.918391E-07  1.915513E-04 -1.210610E-02  2.034869E-08  2.045063E-08
  9.960000E+02  1.021286E-05  1.063088E-04  5.867421E-07  1.914404E-04 -1.869747E-02  2.034823E-08  2.044765E-08
  9.970000E+02  1.074570E-05  1.059868E-04  6.532768E-07  1.920075E-04 -1.561446E-02  2.034778E-08  2.045548E-08
  9.980000E+02  1.055016E-05  1.063125E-04 -2.501394E-07  1.914207E-04 -1.269562E-02  2.034876E-08  2.045258E-08
  9.990000E+02  1.019739E-05  1.062407E-04  4.446091E-07  1.915694E-04 -1.939875E-02  2.034863E-08  2.044775E-08
  1.000000E+03  1.068092E-05  1.059968E-04  7.397786E-07  1.919841E-04 -1.414961E-02  2.034767E-08  2.045372E-08
  1.001000E+03  1.061865E-05  1.063687E-04 -1.785642E-07  1.913203E-04 -1.379362E-02  2.034856E-08  2.045420E-08
  1.002000E+03  1.020369E-05  1.061621E-04  3.015892E-07  1.917156E-04 -1.952769E-02  2.034904E-08  2.044806E-08
  1.003000E+03  1.060988E-05  1.060404E-04  7.878983E-07  1.919073E-04 -1.286526E-02  2.034823E-08  2.045264E-08
  1.004000E+03  1.067488E-05  1.063986E-04 -8.391755E-08  1.912713E-04 -1.526953E-02  2.034862E-08  2.045590E-08
  1.005000E+03  1.022878E-05  1.060826E-04  1.671332E-07  1.918583E-04 -1.904627E-02  2.034913E-08  2.044823E-08
  1.006000E+03  1.053622E-05  1.061093E-04  8.005011E-07  1.917819E-04 -1.198252E-02  2.034839E-08  2.045131E-08
  1.007000E+03  1.071711E-05  1.063920E-04  2.796014E-08  1.912838E-04 -1.685877E-02  2.034817E-08  2.045676E-08
  1.008000E+03  1.026796E-05  1.060140E-04  4.876934E-08  1.919665E-04 -1.799755E-02  2.034785E-08  2.044716E-08
  1.009000E+03  1.046480E-05  1.061916E-04  7.828888E-07  1.916239E-04 -1.167073E-02  2.034746E-08  2.044915E-08
  1.010000E+03  1.074350E-05  1.063509E-04  1.488958E-07  1.913540E-04 -1.829630E-02  2.034728E-08  2.045673E-08
  1.011000E+03  1.031793E-05  1.059709E-04 -4.702014E-08  1.920254E-04 -1.652927E-02  2.034632E-08  2.044600E-08
  1.012000E+03  1.039901E-05  1.062773E-04  7.387547E-07  1.914631E-04 -1.199575E-02  2.034671E-08  2.044750E-08
  1.013000E+03  1.075194E-05  1.062843E-04  2.738717E-07  1.914756E-04 -1.936936E-02  2.034703E-08  2.045682E-08
  1.014000E+03  1.037874E-05  1.059642E-04 -1.160139E-07  1.920293E-04 -1.487189E-02  2.034598E-08  2.044626E-08
  1.015000E+03  1.033988E-05  1.063512E-04  6.671529E-07  1.913310E-04 -1.295274E-02  2.034659E-08  2.044675E-08
  1.016000E+03  1.074147E-05  1.061992E-04  4.016516E-07  1.916313E-04 -1.986079E-02  2.034707E-08  2.045660E-08
  1.017000E+03  1.044765E-05  1.059965E-04 -1.539252E-07  1.919681E-04 -1.330667E-02  2.034615E-08  2.044734E-08
  1.018000E+03  1.029088E-05  1.063964E-04  5.705988E-07  1.912518E-04 -1.441763E-02  2.034638E-08  2.044619E-08
  1.019000E+03  1.071381E-05  1.061077E-04  5.237707E-07  1.917921E-04 -1.961177E-02  2.034670E-08  2.045539E-08
  1.020000E+03  1.051911E-05  1.060627E-04 -1.594827E-07  1.918446E-04 -1.211891E-02  2.034607E-08  2.044844E-08
  1.021000E+03  1.025559E-05  1.064048E-04  4.572184E-07  1.912399E-04 -1.613927E-02  2.034619E-08  2.044587E-08
  1.022000E+03  1.067009E-05  1.060284E-04  6.321015E-07  1.919278E-04 -1.867779E-02  2.034624E-08  2.045360E-08
  1.023000E+03  1.058905E-05  1.061502E-04 -1.314686E-07  1.916854E-04 -1.153237E-02  2.034608E-08  2.044984E-08
  1.024000E+03  1.023932E-05  1.063770E-04  3.305930E-07  1.912977E-04 -1.777944E-02  2.034646E-08  2.044625E-08
  1.025000E+03  1.061014E-05  1.059762E-04  7.160810E-07  1.920154E-04 -1.725786E-02  2.034605E-08  2.045168E-08
  1.026000E+03  1.065352E-05  1.062425E-04 -6.617157E-08  1.915220E-04 -1.163596E-02  2.034640E-08  2.045170E-08
  1.027000E+03  1.024521E-05  1.063179E-04  1.960033E-07  1.914136E-04 -1.904335E-02  2.034701E-08  2.044711E-08
  1.028000E+03  1.053627E-05  1.059593E-04  7.674564E-07  1.920410E-04 -1.559462E-02  2.034605E-08  2.044971E-08
  1.029000E+03  1.070858E-05  1.063235E-04  3.515846E-08  1.913813E-04 -1.240367E-02  2.034676E-08  2.045360E-08
  1.030000E+03  1.027284E-05  1.062388E-04  6.173189E-08  1.915632E-04 -1.974683E-02  2.034748E-08  2.044808E-08
  1.031000E+03  1.045291E-05  1.059791E-04  7.832565E-07  1.920032E-04 -1.397190E-02  2.034633E-08  2.044795E-08
  1.032000E+03  1.074863E-05  1.063796E-04  1.683952E-07  1.912857E-04 -1.369033E-02  2.034699E-08  2.045519E-08
  1.033000E+03  1.032363E-05  1.061527E-04 -6.220966E-08  1.917202E-04 -1.978863E-02  2.034763E-08  2.044896E-08
  1.034000E+03  1.036825E-05  1.060311E-04  7.536277E-07  1.919084E-04 -1.266472E-02  2.034663E-08  2.044635E-08
  1.035000E+03  1.076736E-05  1.064023E-04  3.224912E-07  1.912489E-04 -1.527262E-02  2.034695E-08  2.045609E-08
  1.036000E+03  1.039456E-05  1.060728E-04 -1.605302E-07  1.918597E-04 -1.916786E-02  2.034737E-08  2.044961E-08
  1.037000E+03  1.029101E-05  1.061068E-04  6.771779E-07  1.917728E-04 -1.185606E-02  2.034698E-08  2.044517E-08
  1.038000E+03  1.076313E-05  1.063912E-04  4.813357E-07  1.912747E-04 -1.690198E-02  2.034703E-08  2.045660E-08
  1.039000E+03  1.047880E-05  1.060105E-04 -2.240969E-07  1.919639E-04 -1.802221E-02  2.034689E-08  2.045020E-08
  1.040000E+03  1.022846E-05  1.061922E-04  5.614171E-07  1.916207E-04 -1.161710E-02  2.034725E-08  2.044440E-08
  1.041000E+03  1.073407E-05  1.063514E-04  6.318857E-07  1.913543E-04 -1.830593E-02  2.034740E-08  2.045678E-08
  1.042000E+03  1.056916E-05  1.059741E-04 -2.430136E-07  1.920202E-04 -1.658400E-02  2.034637E-08  2.045086E-08
  1.043000E+03  1.018705E-05  1.062715E-04  4.152774E-07  1.914762E-04 -1.195733E-02  2.034700E-08  2.044368E-08
  1.044000E+03  1.067935E-05  1.062904E-04  7.619072E-07  1.914690E-04 -1.927113E-02  2.034754E-08  2.045604E-08
  1.045000E+03  1.065776E-05  1.059704E-04 -2.088735E-07  1.920219E-04 -1.507803E-02  2.034632E-08  2.045203E-08
  1.046000E+03  1.016975E-05  1.063358E-04  2.520365E-07  1.913601E-04 -1.285597E-02  2.034674E-08  2.044353E-08
  1.047000E+03  1.060415E-05  1.062160E-04  8.610001E-07  1.916065E-04 -1.967572E-02  2.034774E-08  2.045473E-08
  1.048000E+03  1.073793E-05  1.060000E-04 -1.263422E-07  1.919695E-04 -1.368927E-02  2.034685E-08  2.045374E-08
  1.049000E+03  1.017653E-05  1.063779E-04  8.514303E-08  1.912899E-04 -1.416499E-02  2.034698E-08  2.044441E-08
  1.050000E+03  1.051710E-05  1.061370E-04  9.218483E-07  1.917477E-04 -1.951349E-02  2.034765E-08  2.045273E-08
  1.051000E+03  1.080375E-05  1.060549E-04 -7.745507E-09  1.918725E-04 -1.256738E-02  2.034741E-08  2.045537E-08
  1.052000E+03  1.020670E-05  1.063936E-04 -7.291719E-08  1.912713E-04 -1.564932E-02  2.034755E-08  2.044605E-08
  1.053000E+03  1.042559E-05  1.060628E-04  9.395344E-07  1.918734E-04 -1.884832E-02  2.034701E-08  2.044993E-08
  1.054000E+03  1.085039E-05  1.061275E-04  1.362473E-07  1.917421E-04 -1.185420E-02  2.034767E-08  2.045654E-08
  1.055000E+03  1.025844E-05  1.063825E-04 -2.109082E-07  1.913027E-04 -1.714008E-02  2.034827E-08  2.044817E-08
  1.056000E+03  1.033402E-05  1.060056E-04  9.139117E-07  1.919729E-04 -1.773106E-02  2.034701E-08  2.044768E-08
  1.057000E+03  1.087617E-05  1.062108E-04  2.981873E-07  1.915949E-04 -1.169725E-02  2.034805E-08  2.045763E-08
  1.058000E+03  1.032833E-05  1.063452E-04 -3.225177E-07  1.913847E-04 -1.845519E-02  2.034938E-08  2.045092E-08
  1.059000E+03  1.024592E-05  1.059750E-04  8.488410E-07  1.920315E-04 -1.630037E-02  2.034784E-08  2.044629E-08
  1.060000E+03  1.088052E-05  1.062905E-04  4.714996E-07  1.914543E-04 -1.213610E-02  2.034827E-08  2.045834E-08
  1.061000E+03  1.041204E-05  1.062815E-04 -4.028645E-07  1.915048E-04 -1.938443E-02  2.034959E-08  2.045284E-08
  1.062000E+03  1.016667E-05  1.059769E-04  7.484424E-07  1.920290E-04 -1.474932E-02  2.034843E-08  2.044488E-08
  1.063000E+03  1.086306E-05  1.063535E-04  6.456816E-07  1.913424E-04 -1.313063E-02  2.034818E-08  2.045846E-08
  1.064000E+03  1.050512E-05  1.061974E-04 -4.474300E-07  1.916476E-04 -1.974291E-02  2.034852E-08  2.045343E-08
  1.065000E+03  1.010185E-05  1.060115E-04  6.168447E-07  1.919597E-04 -1.328801E-02  2.034814E-08  2.044299E-08
  1.066000E+03  1.082526E-05  1.063935E-04  8.082611E-07  1.912750E-04 -1.454394E-02  2.034826E-08  2.045841E-08
  1.067000E+03  1.060286E-05  1.061086E-04 -4.550881E-07  1.917975E-04 -1.947586E-02  2.034751E-08  2.045397E-08
  1.068000E+03  1.005536E-05  1.060743E-04  4.602337E-07  1.918384E-04 -1.215763E-02  2.034762E-08  2.044139E-08
  1.069000E+03  1.076702E-05  1.064049E-04  9.515144E-07  1.912629E-04 -1.616918E-02  2.034865E-08  2.045828E-08
  1.070000E+03  1.070217E-05  1.060315E-04 -4.230299E-07  1.919303E-04 -1.863820E-02  2.034713E-08  2.045504E-08
  1.071000E+03  1.002969E-05  1.061532E-04  2.826334E-07  1.916882E-04 -1.156402E-02  2.034697E-08  2.044028E-08
  1.072000E+03  1.068915E-05  1.063802E-04  1.069720E-06  1.913076E-04 -1.773087E-02  2.034814E-08  2.045675E-08
  1.073000E+03  1.079949E-05  1.059792E-04 -3.498292E-07  1.920159E-04 -1.731915E-02  2.034664E-08  2.045587E-08
  1.074000E+03  1.002506E-05  1.062355E-04  9.103448E-08  1.915313E-04 -1.163761E-02  2.034605E-08  2.043953E-08
  1.075000E+03  1.059571E-05  1.063221E-04  1.158971E-06  1.914042E-04 -1.895726E-02  2.034684E-08  2.045393E-08
  1.076000E+03  1.088846E-05  1.059608E-04 -2.381780E-07  1.920364E-04 -1.574227E-02  2.034580E-08  2.045623E-08
  1.077000E+03  1.004372E-05  1.063092E-04 -1.037016E-07  1.913963E-04 -1.234077E-02  2.034564E-08  2.043989E-08
  1.078000E+03  1.049050E-05  1.062446E-04  1.211479E-06  1.915369E-04 -1.966099E-02  2.034584E-08  2.045095E-08
  1.079000E+03  1.096078E-05  1.059779E-04 -8.864138E-08  1.919960E-04 -1.420154E-02  2.034528E-08  2.045668E-08
  1.080000E+03  1.009043E-05  1.063631E-04 -2.889786E-07  1.913054E-04 -1.351884E-02  2.034598E-08  2.044162E-08
  1.081000E+03  1.037507E-05  1.061607E-04  1.216380E-06  1.916842E-04 -1.974522E-02  2.034536E-08  2.044808E-08
  1.082000E+03  1.101277E-05  1.060251E-04  9.882130E-08  1.919049E-04 -1.292877E-02  2.034504E-08  2.045721E-08
  1.083000E+03  1.016428E-05  1.063884E-04 -4.566387E-07  1.912658E-04 -1.500256E-02  2.034618E-08  2.044374E-08
  1.084000E+03  1.025438E-05  1.060818E-04  1.171242E-06  1.918217E-04 -1.920613E-02  2.034505E-08  2.044507E-08
  1.085000E+03  1.104164E-05  1.060934E-04  3.166439E-07  1.917775E-04 -1.208680E-02  2.034484E-08  2.045753E-08
  1.086000E+03  1.026138E-05  1.063820E-04 -5.977219E-07  1.912792E-04 -1.656427E-02  2.034586E-08  2.044574E-08
  1.087000E+03  1.013799E-05  1.060199E-04  1.075711E-06  1.919263E-04 -1.817111E-02  2.034464E-08  2.044194E-08
  1.088000E+03  1.104287E-05  1.061715E-04  5.494615E-07  1.916356E-04 -1.177620E-02  2.034483E-08  2.045773E-08
  1.089000E+03  1.037786E-05  1.063484E-04 -6.998615E-07  1.913437E-04 -1.792891E-02  2.034582E-08  2.044825E-08
  1.090000E+03  1.003626E-05  1.059864E-04  9.286984E-07  1.919847E-04 -1.684679E-02  2.034488E-08  2.043971E-08
  1.091000E+03  1.101375E-05  1.062473E-04  7.787934E-07  1.915045E-04 -1.205695E-02  2.034535E-08  2.045804E-08
  1.092000E+03  1.050712E-05  1.062939E-04 -7.519450E-07  1.914495E-04 -1.887480E-02  2.034628E-08  2.045133E-08
  1.093000E+03  9.955424E-06  1.059842E-04  7.381126E-07  1.919918E-04 -1.543379E-02  2.034568E-08  2.043849E-08
  1.094000E+03  1.095443E-05  1.063107E-04  9.919856E-07  1.914011E-04 -1.285751E-02  2.034631E-08  2.045834E-08
  1.095000E+03  1.064096E-05  1.062256E-04 -7.472465E-07  1.915778E-04 -1.933197E-02  2.034668E-08  2.045424E-08
  1.096000E+03  9.900408E-06  1.060081E-04  5.162441E-07  1.919530E-04 -1.407189E-02  2.034657E-08  2.043794E-08
  1.097000E+03  1.086694E-05  1.063564E-04  1.177395E-06  1.913303E-04 -1.401791E-02  2.034721E-08  2.045810E-08
  1.098000E+03  1.077046E-05  1.061525E-04 -6.822261E-07  1.917124E-04 -1.930390E-02  2.034695E-08  2.045679E-08
  1.099000E+03  9.875444E-06  1.060550E-04  2.773889E-07  1.918737E-04 -1.293550E-02  2.034746E-08  2.043809E-08
  1.100000E+03  1.075613E-05  1.063811E-04  1.322364E-06  1.913019E-04 -1.537165E-02  2.034850E-08  2.045779E-08
  1.101000E+03  1.088816E-05  1.060853E-04 -5.602656E-07  1.918388E-04 -1.881880E-02  2.034768E-08  2.045944E-08
  1.102000E+03  9.882718E-06  1.061181E-04  3.464846E-08  1.917655E-04 -1.219236E-02  2.034827E-08  2.043896E-08
  1.103000E+03  1.062987E-05  1.063813E-04  1.415771E-06  1.913177E-04 -1.674796E-02  2.034977E-08  2.045711E-08
  1.104000E+03  1.098722E-05  1.060310E-04 -3.913062E-07  1.919419E-04 -1.792830E-02  2.034853E-08  2.046179E-08
  1.105000E+03  9.922486E-06  1.061882E-04 -1.984250E-07  1.916426E-04 -1.189747E-02  2.034874E-08  2.044026E-08
  1.106000E+03  1.049766E-05  1.063537E-04  1.448976E-06  1.913713E-04 -1.800869E-02  2.034974E-08  2.045490E-08
  1.107000E+03  1.106129E-05  1.059956E-04 -1.890152E-07  1.920056E-04 -1.670314E-02  2.034890E-08  2.046312E-08
  1.108000E+03  9.990789E-06  1.062593E-04 -4.057063E-07  1.915140E-04 -1.212257E-02  2.034865E-08  2.044171E-08
  1.109000E+03  1.036726E-05  1.062965E-04  1.423289E-06  1.914647E-04 -1.899001E-02  2.034837E-08  2.045120E-08
  1.110000E+03  1.110806E-05  1.059861E-04  3.299264E-08  1.920138E-04 -1.524558E-02  2.034843E-08  2.046310E-08
  1.111000E+03  1.008161E-05  1.063249E-04 -5.773864E-07  1.913953E-04 -1.290194E-02  2.034839E-08  2.044359E-08
  1.112000E+03  1.024352E-05  1.062180E-04  1.346665E-06  1.915955E-04 -1.951965E-02  2.034701E-08  2.044742E-08
  1.113000E+03  1.112662E-05  1.060075E-04  2.657679E-07  1.919623E-04 -1.378321E-02  2.034751E-08  2.046218E-08
  1.114000E+03  1.019136E-05  1.063731E-04 -7.085782E-07  1.913112E-04 -1.413699E-02  2.034833E-08  2.044613E-08
  1.115000E+03  1.012943E-05  1.061341E-04  1.223736E-06  1.917414E-04 -1.947758E-02  2.034644E-08  2.044440E-08
  1.116000E+03  1.111762E-05  1.060554E-04  5.027220E-07  1.918621E-04 -1.260945E-02  2.034639E-08  2.046070E-08
  1.117000E+03  1.031474E-05  1.063907E-04 -7.960508E-07  1.912771E-04 -1.561220E-02  2.034762E-08  2.044828E-08
  1.118000E+03  1.002866E-05  1.060584E-04  1.062029E-06  1.918704E-04 -1.883015E-02  2.034586E-08  2.044147E-08
  1.119000E+03  1.108478E-05  1.061227E-04  7.333015E-07  1.917280E-04 -1.192554E-02  2.034525E-08  2.045896E-08
  1.120000E+03  1.044409E-05  1.063726E-04 -8.407415E-07  1.912997E-04 -1.710264E-02  2.034607E-08  2.044962E-08
  1.121000E+03  9.946500E-06  1.060040E-04  8.723997E-07  1.919584E-04 -1.765664E-02  2.034518E-08  2.043866E-08
  1.122000E+03  1.102897E-05  1.062028E-04  9.461412E-07  1.915812E-04 -1.184468E-02  2.034502E-08  2.045791E-08
  1.123000E+03  1.057360E-05  1.063239E-04 -8.394035E-07  1.913821E-04 -1.838635E-02  2.034505E-08  2.045135E-08
  1.124000E+03  9.890005E-06  1.059802E-04  6.604989E-07  1.919945E-04 -1.616207E-02  2.034497E-08  2.043680E-08
  1.125000E+03  1.094783E-05  1.062821E-04  1.129091E-06  1.914474E-04 -1.237769E-02  2.034587E-08  2.045762E-08
  1.126000E+03  1.070177E-05  1.062543E-04 -7.860063E-07  1.915112E-04 -1.923282E-02  2.034512E-08  2.045394E-08
  1.127000E+03  9.860151E-06  1.059894E-04  4.284854E-07  1.919739E-04 -1.463184E-02  2.034503E-08  2.043579E-08
  1.128000E+03  1.084394E-05  1.063420E-04  1.277961E-06  1.913477E-04 -1.343221E-02  2.034647E-08  2.045675E-08
  1.129000E+03  1.082478E-05  1.061752E-04 -6.824951E-07  1.916559E-04 -1.947112E-02  2.034524E-08  2.045628E-08
  1.130000E+03  9.856177E-06  1.060273E-04  1.847232E-07  1.919015E-04 -1.331260E-02  2.034500E-08  2.043533E-08
  1.131000E+03  1.072398E-05  1.063725E-04  1.388581E-06  1.912938E-04 -1.481983E-02  2.034618E-08  2.045471E-08
  1.132000E+03  1.093268E-05  1.061000E-04 -5.337635E-07  1.917892E-04 -1.909150E-02  2.034512E-08  2.045791E-08
  1.133000E+03  9.880894E-06  1.060877E-04 -5.324520E-08  1.917932E-04 -1.238579E-02  2.034533E-08  2.043597E-08
  1.134000E+03  1.059375E-05  1.063739E-04  1.450337E-06  1.912940E-04 -1.629686E-02  2.034598E-08  2.045251E-08
  1.135000E+03  1.101744E-05  1.060414E-04 -3.445893E-07  1.918951E-04 -1.821770E-02  2.034545E-08  2.045943E-08
  1.136000E+03  9.935546E-06  1.061599E-04 -2.703281E-07  1.916678E-04 -1.200134E-02  2.034597E-08  2.043770E-08
  1.137000E+03  1.045872E-05  1.063467E-04  1.456044E-06  1.913472E-04 -1.761114E-02  2.034598E-08  2.045027E-08
  1.138000E+03  1.107537E-05  1.060060E-04 -1.228262E-07  1.919569E-04 -1.702291E-02  2.034565E-08  2.046028E-08
  1.139000E+03  1.001884E-05  1.062289E-04 -4.579981E-07  1.915431E-04 -1.219783E-02  2.034589E-08  2.043942E-08
  1.140000E+03  1.032584E-05  1.062954E-04  1.402353E-06  1.914370E-04 -1.855318E-02  2.034537E-08  2.044726E-08
  1.141000E+03  1.110416E-05  1.059960E-04  1.195497E-07  1.919661E-04 -1.570273E-02  2.034512E-08  2.045988E-08
  1.142000E+03  1.012741E-05  1.062862E-04 -6.087432E-07  1.914375E-04 -1.285564E-02  2.034549E-08  2.044141E-08
  1.143000E+03  1.020343E-05  1.062323E-04  1.288926E-06  1.915459E-04 -1.905128E-02  2.034467E-08  2.044418E-08
  1.144000E+03  1.110353E-05  1.060103E-04  3.660661E-07  1.919339E-04 -1.443912E-02  2.034485E-08  2.045927E-08
  1.145000E+03  1.025296E-05  1.063303E-04 -7.148950E-07  1.913629E-04 -1.383107E-02  2.034573E-08  2.044444E-08
  1.146000E+03  1.009825E-05  1.061675E-04  1.126637E-06  1.916644E-04 -1.912251E-02  2.034481E-08  2.044209E-08
  1.147000E+03  1.107521E-05  1.060466E-04  6.016507E-07  1.918711E-04 -1.337168E-02  2.034546E-08  2.045913E-08
  1.148000E+03  1.038505E-05  1.063575E-04 -7.710012E-07  1.913247E-04 -1.502102E-02  2.034653E-08  2.044820E-08
  1.149000E+03  1.001690E-05  1.061064E-04  9.308130E-07  1.917826E-04 -1.876523E-02  2.034578E-08  2.044117E-08
  1.150000E+03  1.101901E-05  1.060999E-04  8.132075E-07  1.917808E-04 -1.262613E-02  2.034630E-08  2.045884E-08
  1.151000E+03  1.051506E-05  1.063606E-04 -7.693079E-07  1.913278E-04 -1.628529E-02  2.034704E-08  2.045158E-08
  1.152000E+03  9.964330E-06  1.060564E-04  7.145382E-07  1.918801E-04 -1.798848E-02  2.034683E-08  2.044077E-08
  1.153000E+03  1.093716E-05  1.061642E-04  9.888666E-07  1.916704E-04 -1.232420E-02  2.034699E-08  2.045805E-08
  1.154000E+03  1.063630E-05  1.063361E-04 -7.085570E-07  1.913760E-04 -1.744660E-02  2.034709E-08  2.045422E-08
  1.155000E+03  9.941328E-06  1.060246E-04  4.905971E-07  1.919400E-04 -1.686477E-02  2.034747E-08  2.044047E-08
  1.156000E+03  1.083725E-05  1.062345E-04  1.120570E-06  1.915543E-04 -1.250527E-02  2.034809E-08  2.045750E-08
  1.157000E+03  1.074310E-05  1.062886E-04 -5.991639E-07  1.914678E-04 -1.838214E-02  2.034740E-08  2.045673E-08
  1.158000E+03  9.946381E-06  1.060159E-04  2.716642E-07  1.919591E-04 -1.551975E-02  2.034826E-08  2.044085E-08
  1.159000E+03  1.072713E-05  1.063022E-04  1.204631E-06  1.914467E-04 -1.316999E-02  2.034944E-08  2.045714E-08
  1.160000E+03  1.083026E-05  1.062247E-04 -4.524569E-07  1.915939E-04 -1.894725E-02  2.034836E-08  2.045935E-08
  1.161000E+03  9.977727E-06  1.060329E-04  6.971536E-08  1.919312E-04 -1.417841E-02  2.034898E-08  2.044173E-08
  1.162000E+03  1.061420E-05  1.063501E-04  1.238262E-06  1.913675E-04 -1.424539E-02  2.034988E-08  2.045589E-08
  1.163000E+03  1.089545E-05  1.061528E-04 -2.813099E-07  1.917296E-04 -1.895412E-02  2.034898E-08  2.046102E-08
  1.164000E+03  1.002879E-05  1.060759E-04 -1.049650E-07  1.918504E-04 -1.310514E-02  2.034895E-08  2.044242E-08
  1.165000E+03  1.050595E-05  1.063638E-04  1.228271E-06  1.913364E-04 -1.558305E-02  2.034880E-08  2.045318E-08
  1.166000E+03  1.093758E-05  1.060873E-04 -9.984706E-08  1.918428E-04 -1.833916E-02  2.034866E-08  2.046114E-08
  1.167000E+03  1.009475E-05  1.061394E-04 -2.460752E-07  1.917311E-04 -1.252370E-02  2.034863E-08  2.044331E-08
  1.168000E+03  1.040819E-05  1.063450E-04  1.179368E-06  1.913645E-04 -1.692361E-02  2.034774E-08  2.045061E-08
  1.169000E+03  1.095372E-05  1.060415E-04  8.279848E-08  1.919156E-04 -1.727746E-02  2.034799E-08  2.046032E-08
  1.170000E+03  1.017609E-05  1.062099E-04 -3.480942E-07  1.916032E-04 -1.249275E-02  2.034856E-08  2.044495E-08
  1.171000E+03  1.032109E-05  1.063015E-04  1.090438E-06  1.914417E-04 -1.800383E-02  2.034725E-08  2.044864E-08
  1.172000E+03  1.094681E-05  1.060217E-04  2.637350E-07  1.919415E-04 -1.600902E-02  2.034735E-08  2.045910E-08
  1.173000E+03  1.026936E-05  1.062710E-04 -4.139932E-07  1.914895E-04 -1.298187E-02  2.034807E-08  2.044652E-08
  1.174000E+03  1.024350E-05  1.062407E-04  9.694111E-07  1.915469E-04 -1.862497E-02  2.034654E-08  2.044644E-08
  1.175000E+03  1.092314E-05  1.060291E-04  4.398922E-07  1.919147E-04 -1.477150E-02  2.034633E-08  2.045727E-08
  1.176000E+03  1.036791E-05  1.063107E-04 -4.507445E-07  1.914072E-04 -1.389439E-02  2.034667E-08  2.044739E-08
  1.177000E+03  1.018080E-05  1.061755E-04  8.250273E-07  1.916546E-04 -1.871106E-02  2.034546E-08  2.044397E-08
  1.178000E+03  1.088283E-05  1.060605E-04  6.003680E-07  1.918466E-04 -1.377650E-02  2.034542E-08  2.045539E-08
  1.179000E+03  1.046585E-05  1.063267E-04 -4.535451E-07  1.913692E-04 -1.501362E-02  2.034535E-08  2.044832E-08
  1.180000E+03  1.013974E-05  1.061183E-04  6.633420E-07  1.917471E-04 -1.834180E-02  2.034446E-08  2.044186E-08
  1.181000E+03  1.082530E-05  1.061063E-04  7.320974E-07  1.917556E-04 -1.316756E-02  2.034472E-08  2.045354E-08
  1.182000E+03  1.055943E-05  1.063200E-04 -4.180144E-07  1.913745E-04 -1.611243E-02  2.034431E-08  2.044939E-08
  1.183000E+03  1.012041E-05  1.060755E-04  4.918536E-07  1.918139E-04 -1.763399E-02  2.034360E-08  2.044024E-08
  1.184000E+03  1.075304E-05  1.061559E-04  8.327723E-07  1.916573E-04 -1.297653E-02  2.034384E-08  2.045136E-08
  1.185000E+03  1.064392E-05  1.062948E-04 -3.451021E-07  1.914122E-04 -1.703249E-02  2.034316E-08  2.045008E-08
  1.186000E+03  1.012196E-05  1.060504E-04  3.207347E-07  1.918506E-04 -1.671917E-02  2.034299E-08  2.043926E-08
  1.187000E+03  1.067030E-05  1.062041E-04  9.004393E-07  1.915656E-04 -1.315274E-02  2.034328E-08  2.044942E-08
  1.188000E+03  1.071335E-05  1.062584E-04 -2.382321E-07  1.914748E-04 -1.769329E-02  2.034263E-08  2.045099E-08
  1.189000E+03  1.014419E-05  1.060455E-04  1.622156E-07  1.918598E-04 -1.574379E-02  2.034334E-08  2.043967E-08
  1.190000E+03  1.058229E-05  1.062484E-04  9.310735E-07  1.914925E-04 -1.363818E-02  2.034388E-08  2.044859E-08
  1.191000E+03  1.076328E-05  1.062174E-04 -1.041048E-07  1.915575E-04 -1.805879E-02  2.034342E-08  2.045273E-08
  1.192000E+03  1.018602E-05  1.060575E-04  2.609324E-08  1.918445E-04 -1.484624E-02  2.034431E-08  2.044114E-08
  1.193000E+03  1.049580E-05  1.062840E-04  9.210100E-07  1.914410E-04 -1.434060E-02  2.034502E-08  2.044838E-08
  1.194000E+03  1.078973E-05  1.061746E-04  4.704083E-08  1.916476E-04 -1.813365E-02  2.034476E-08  2.045447E-08
  1.195000E+03  1.024574E-05  1.060814E-04 -7.815769E-08  1.918081E-04 -1.408578E-02  2.034526E-08  2.044302E-08
  1.196000E+03  1.041855E-05  1.063056E-04  8.671090E-07  1.914104E-04 -1.516936E-02  2.034565E-08  2.044784E-08
  1.197000E+03  1.079067E-05  1.061329E-04  2.014748E-07  1.917335E-04 -1.790638E-02  2.034598E-08  2.045552E-08
  1.198000E+03  1.031897E-05  1.061176E-04 -1.426885E-07  1.917502E-04 -1.353589E-02  2.034622E-08  2.044528E-08
  1.199000E+03  1.035565E-05  1.063092E-04  7.737621E-07  1.914103E-04 -1.604458E-02  2.034607E-08  2.044731E-08
  1.200000E+03  1.076924E-05  1.060994E-04  3.462056E-07  1.918057E-04 -1.734940E-02  2.034741E-08  2.045627E-08
  1.201000E+03  1.039726E-05  1.061673E-04 -1.666194E-07  1.916759E-04 -1.330658E-02  2.034791E-08  2.044850E-08
  1.202000E+03  1.031000E-05  1.062944E-04  6.555018E-07  1.914514E-04 -1.688089E-02  2.034732E-08  2.044787E-08
  1.203000E+03  1.073113E-05  1.060789E-04  4.705443E-07  1.918551E-04 -1.652978E-02  2.034899E-08  2.045680E-08
  1.204000E+03  1.047266E-05  1.062225E-04 -1.545348E-07  1.915954E-04 -1.343986E-02  2.034990E-08  2.045210E-08
  1.205000E+03  1.028380E-05  1.062643E-04  5.264205E-07  1.915253E-04 -1.756084E-02  2.034916E-08  2.044930E-08
  1.206000E+03  1.068018E-05  1.060717E-04  5.667775E-07  1.918727E-04 -1.562395E-02  2.034978E-08  2.045632E-08
  1.207000E+03  1.053983E-05  1.062667E-04 -1.096347E-07  1.915219E-04 -1.387368E-02  2.035044E-08  2.045417E-08
  1.208000E+03  1.027829E-05  1.062231E-04  3.961608E-07  1.916075E-04 -1.792733E-02  2.034987E-08  2.044986E-08
  1.209000E+03  1.062083E-05  1.060795E-04  6.286350E-07  1.918532E-04 -1.478864E-02  2.034946E-08  2.045463E-08
  1.210000E+03  1.059528E-05  1.062911E-04 -3.781076E-08  1.914684E-04 -1.454512E-02  2.034923E-08  2.045432E-08
  1.211000E+03  1.029075E-05  1.061773E-04  2.740667E-07  1.916843E-04 -1.788925E-02  2.034926E-08  2.044932E-08
  1.212000E+03  1.055949E-05  1.061068E-04  6.560683E-07  1.917988E-04 -1.413936E-02  2.034912E-08  2.045299E-08
  1.213000E+03  1.063546E-05  1.062969E-04  5.107292E-08  1.914507E-04 -1.538692E-02  2.034821E-08  2.045436E-08
  1.214000E+03  1.031893E-05  1.061377E-04  1.692296E-07  1.917499E-04 -1.748779E-02  2.034878E-08  2.044912E-08
  1.215000E+03  1.050133E-05  1.061488E-04  6.492169E-07  1.917251E-04 -1.378860E-02  2.034946E-08  2.045221E-08
  1.216000E+03  1.065790E-05  1.062851E-04  1.487372E-07  1.914741E-04 -1.621655E-02  2.034817E-08  2.045498E-08
  1.217000E+03  1.035940E-05  1.061115E-04  8.950982E-08  1.917929E-04 -1.684048E-02  2.034854E-08  2.044934E-08
  1.218000E+03  1.044953E-05  1.061892E-04  6.122105E-07  1.916483E-04 -1.380859E-02  2.034903E-08  2.045090E-08
  1.219000E+03  1.066453E-05  1.062584E-04  2.471449E-07  1.915223E-04 -1.679895E-02  2.034799E-08  2.045504E-08
  1.220000E+03  1.040540E-05  1.061006E-04  3.682158E-08  1.918020E-04 -1.613193E-02  2.034766E-08  2.044907E-08
  1.221000E+03  1.040620E-05  1.062161E-04  5.568459E-07  1.915840E-04 -1.412992E-02  2.034727E-08  2.044848E-08
  1.222000E+03  1.065587E-05  1.062256E-04  3.416168E-07  1.915708E-04 -1.707565E-02  2.034676E-08  2.045366E-08
  1.223000E+03  1.045435E-05  1.061035E-04  1.234357E-08  1.917839E-04 -1.551077E-02  2.034650E-08  2.044865E-08
  1.224000E+03  1.037347E-05  1.062309E-04  4.864838E-07  1.915417E-04 -1.460254E-02  2.034548E-08  2.044624E-08
  1.225000E+03  1.063183E-05  1.061955E-04  4.279744E-07  1.916126E-04 -1.711711E-02  2.034542E-08  2.045180E-08
  1.226000E+03  1.050467E-05  1.061144E-04  1.761131E-08  1.917542E-04 -1.504774E-02  2.034559E-08  2.044859E-08
  1.227000E+03  1.035224E-05  1.062370E-04  4.035388E-07  1.915215E-04 -1.506754E-02  2.034435E-08  2.044487E-08
  1.228000E+03  1.059566E-05  1.061727E-04  5.015754E-07  1.916456E-04 -1.700644E-02  2.034459E-08  2.045020E-08
  1.229000E+03  1.055479E-05  1.061279E-04  4.741111E-08  1.917237E-04 -1.476293E-02  2.034501E-08  2.044892E-08
  1.230000E+03  1.034189E-05  1.062389E-04  3.116895E-07  1.915163E-04 -1.544677E-02  2.034405E-08  2.044448E-08
  1.231000E+03  1.055137E-05  1.061567E-04  5.602693E-07  1.916725E-04 -1.682811E-02  2.034443E-08  2.044910E-08
  1.232000E+03  1.060180E-05  1.061407E-04  9.619069E-08  1.916961E-04 -1.461398E-02  2.034459E-08  2.044940E-08
  1.233000E+03  1.034375E-05  1.062398E-04  2.156341E-07  1.915154E-04 -1.576920E-02  2.034403E-08  2.044458E-08
  1.234000E+03  1.050218E-05  1.061427E-04  5.986182E-07  1.916979E-04 -1.663370E-02  2.034453E-08  2.044816E-08
  1.235000E+03  1.064222E-05  1.061547E-04  1.604477E-07  1.916690E-04 -1.450669E-02  2.034442E-08  2.045003E-08
  1.236000E+03  1.035804E-05  1.062388E-04  1.221845E-07  1.915164E-04 -1.610552E-02  2.034384E-08  2.044476E-08
  1.237000E+03  1.045054E-05  1.061263E-04  6.140784E-07  1.917243E-04 -1.639154E-02  2.034426E-08  2.044680E-08
  1.238000E+03  1.067171E-05  1.061727E-04  2.389834E-07  1.916328E-04 -1.442078E-02  2.034406E-08  2.045027E-08
  1.239000E+03  1.038592E-05  1.062329E-04  3.907254E-08  1.915251E-04 -1.648040E-02  2.034350E-08  2.044505E-08
  1.240000E+03  1.039850E-05  1.061104E-04  6.025766E-07  1.917494E-04 -1.604112E-02  2.034399E-08  2.044539E-08
  1.241000E+03  1.068648E-05  1.061968E-04  3.309163E-07  1.915877E-04 -1.441898E-02  2.034388E-08  2.045046E-08
  1.242000E+03  1.042783E-05  1.062237E-04 -2.646873E-08  1.915505E-04 -1.683519E-02  2.034431E-08  2.044673E-08
  1.243000E+03  1.034919E-05  1.061025E-04  5.605410E-07  1.917694E-04 -1.562765E-02  2.034472E-08  2.044502E-08
  1.244000E+03  1.068516E-05  1.062227E-04  4.311281E-07  1.915483E-04 -1.454175E-02  2.034461E-08  2.045130E-08
  1.245000E+03  1.048166E-05  1.062089E-04 -6.987532E-08  1.915912E-04 -1.708915E-02  2.034573E-08  2.044921E-08
  1.246000E+03  1.030574E-05  1.061060E-04  4.895477E-07  1.917744E-04 -1.519279E-02  2.034607E-08  2.044540E-08
  1.247000E+03  1.066783E-05  1.062437E-04  5.332653E-07  1.915198E-04 -1.484690E-02  2.034554E-08  2.045206E-08
  1.248000E+03  1.054316E-05  1.061850E-04 -8.766251E-08  1.916423E-04 -1.715211E-02  2.034654E-08  2.045114E-08
  1.249000E+03  1.027363E-05  1.061216E-04  3.934553E-07  1.917528E-04 -1.476991E-02  2.034690E-08  2.044550E-08
  1.250000E+03  1.063408E-05  1.062563E-04  6.266560E-07  1.915052E-04 -1.533536E-02  2.034623E-08  2.045232E-08
  1.251000E+03  1.060604E-05  1.061556E-04 -7.366041E-08  1.916957E-04 -1.700410E-02  2.034663E-08  2.045231E-08
  1.252000E+03  1.025846E-05  1.061449E-04  2.800649E-07  1.917094E-04 -1.442070E-02  2.034686E-08  2.044512E-08
  1.253000E+03  1.058410E-05  1.062614E-04  6.998974E-07  1.915055E-04 -1.588192E-02  2.034707E-08  2.045241E-08
  1.254000E+03  1.066499E-05  1.061305E-04 -2.365673E-08  1.917436E-04 -1.671425E-02  2.034700E-08  2.045366E-08
  1.255000E+03  1.026139E-05  1.061714E-04  1.591158E-07  1.916612E-04 -1.421553E-02  2.034688E-08  2.044519E-08
  1.256000E+03  1.052272E-05  1.062594E-04  7.465309E-07  1.915219E-04 -1.636037E-02  2.034828E-08  2.045259E-08
  1.257000E+03  1.071342E-05  1.061179E-04  5.825151E-08  1.917788E-04 -1.633257E-02  2.034846E-08  2.045589E-08
  1.258000E+03  1.028147E-05  1.061981E-04  4.462488E-08  1.916220E-04 -1.421806E-02  2.034783E-08  2.044658E-08
  1.259000E+03  1.045656E-05  1.062493E-04  7.627941E-07  1.915531E-04 -1.671963E-02  2.034954E-08  2.045267E-08
  1.260000E+03  1.074586E-05  1.061155E-04  1.634465E-07  1.917978E-04 -1.588407E-02  2.035016E-08  2.045807E-08
  1.261000E+03  1.031826E-05  1.062231E-04 -5.204712E-08  1.915904E-04 -1.439482E-02  2.034921E-08  2.044876E-08
  1.262000E+03  1.039072E-05  1.062312E-04  7.451951E-07  1.915922E-04 -1.698587E-02  2.035014E-08  2.045204E-08
  1.263000E+03  1.076017E-05  1.061164E-04  2.834961E-07  1.918001E-04 -1.540896E-02  2.035073E-08  2.045878E-08
  1.264000E+03  1.036852E-05  1.062446E-04 -1.238044E-07  1.915601E-04 -1.465311E-02  2.035005E-08  2.045068E-08
  1.265000E+03  1.033018E-05  1.062081E-04  6.959878E-07  1.916326E-04 -1.717569E-02  2.034993E-08  2.045067E-08
  1.266000E+03  1.075883E-05  1.061177E-04  4.063029E-07  1.917889E-04 -1.495701E-02  2.034993E-08  2.045785E-08
  1.267000E+03  1.042651E-05  1.062627E-04 -1.707188E-07  1.915267E-04 -1.497139E-02  2.034987E-08  2.045176E-08
  1.268000E+03  1.027931E-05  1.061828E-04  6.230015E-07  1.916757E-04 -1.725954E-02  2.034964E-08  2.044936E-08
  1.269000E+03  1.074457E-05  1.061236E-04  5.207247E-07  1.917669E-04 -1.455235E-02  2.034884E-08  2.045640E-08
  1.270000E+03  1.048800E-05  1.062775E-04 -1.946704E-07  1.914963E-04 -1.538438E-02  2.034934E-08  2.045259E-08
  1.271000E+03  1.024227E-05  1.061550E-04  5.311227E-07  1.917240E-04 -1.721683E-02  2.034944E-08  2.044836E-08
  1.272000E+03  1.071781E-05  1.061372E-04  6.180298E-07  1.917335E-04 -1.417351E-02  2.034802E-08  2.045502E-08
  1.273000E+03  1.054849E-05  1.062845E-04 -1.926612E-07  1.914748E-04 -1.592544E-02  2.034823E-08  2.045283E-08
  1.274000E+03  1.022055E-05  1.061214E-04  4.281409E-07  1.917735E-04 -1.699476E-02  2.034833E-08  2.044666E-08
  1.275000E+03  1.067909E-05  1.061604E-04  6.948002E-07  1.916790E-04 -1.384454E-02  2.034677E-08  2.045302E-08
  1.276000E+03  1.060577E-05  1.062786E-04 -1.638695E-07  1.914706E-04 -1.657062E-02  2.034644E-08  2.045235E-08
  1.277000E+03  1.021293E-05  1.060864E-04  3.195639E-07  1.918146E-04 -1.655600E-02  2.034613E-08  2.044408E-08
  1.278000E+03  1.063035E-05  1.061932E-04  7.518204E-07  1.916020E-04 -1.368611E-02  2.034492E-08  2.045032E-08
  1.279000E+03  1.065741E-05  1.062563E-04 -1.101003E-07  1.914928E-04 -1.723638E-02  2.034430E-08  2.045137E-08
  1.280000E+03  1.021742E-05  1.060591E-04  2.119707E-07  1.918366E-04 -1.588656E-02  2.034346E-08  2.044122E-08
  1.281000E+03  1.057613E-05  1.062333E-04  7.891854E-07  1.915119E-04 -1.382951E-02  2.034299E-08  2.044753E-08
  1.282000E+03  1.070142E-05  1.062170E-04 -3.880504E-08  1.915496E-04 -1.777475E-02  2.034262E-08  2.045062E-08
  1.283000E+03  1.023234E-05  1.060511E-04  1.107576E-07  1.918302E-04 -1.502584E-02  2.034151E-08  2.043926E-08
  1.284000E+03  1.051946E-05  1.062734E-04  8.076848E-07  1.914302E-04 -1.435155E-02  2.034184E-08  2.044560E-08
  1.285000E+03  1.073715E-05  1.061659E-04  4.450226E-08  1.916373E-04 -1.802744E-02  2.034204E-08  2.045069E-08
  1.286000E+03  1.025904E-05  1.060697E-04  1.613256E-08  1.917904E-04 -1.412216E-02  2.034112E-08  2.043914E-08
  1.287000E+03  1.046035E-05  1.063047E-04  8.046154E-07  1.913800E-04 -1.522134E-02  2.034224E-08  2.044524E-08
  1.288000E+03  1.076255E-05  1.061114E-04  1.415356E-07  1.917413E-04 -1.789711E-02  2.034268E-08  2.045163E-08
  1.289000E+03  1.029823E-05  1.061129E-04 -6.845462E-08  1.917201E-04 -1.336079E-02  2.034217E-08  2.044080E-08
  1.290000E+03  1.040025E-05  1.063153E-04  7.772767E-07  1.913735E-04 -1.630841E-02  2.034322E-08  2.044545E-08
  1.291000E+03  1.077650E-05  1.060635E-04  2.503703E-07  1.918357E-04 -1.733035E-02  2.034372E-08  2.045264E-08
  1.292000E+03  1.034634E-05  1.061710E-04 -1.376293E-07  1.916245E-04 -1.297685E-02  2.034324E-08  2.044282E-08
  1.293000E+03  1.034297E-05  1.062967E-04  7.296186E-07  1.914163E-04 -1.734931E-02  2.034385E-08  2.044525E-08
  1.294000E+03  1.077707E-05  1.060345E-04  3.649791E-07  1.918913E-04 -1.638687E-02  2.034437E-08  2.045295E-08
  1.295000E+03  1.039953E-05  1.062340E-04 -1.842969E-07  1.915208E-04 -1.312144E-02  2.034428E-08  2.044509E-08
  1.296000E+03  1.029544E-05  1.062543E-04  6.634078E-07  1.915044E-04 -1.812356E-02  2.034482E-08  2.044542E-08
  1.297000E+03  1.076127E-05  1.060324E-04  4.740034E-07  1.919019E-04 -1.523408E-02  2.034547E-08  2.045338E-08
  1.298000E+03  1.045679E-05  1.062935E-04 -2.015288E-07  1.914340E-04 -1.375764E-02  2.034627E-08  2.044852E-08
  1.299000E+03  1.025979E-05  1.062009E-04  5.788498E-07  1.916239E-04 -1.851014E-02  2.034716E-08  2.044702E-08
  1.300000E+03  1.073033E-05  1.060566E-04  5.721144E-07  1.918735E-04 -1.412394E-02  2.034741E-08  2.045446E-08
  1.301000E+03  1.051758E-05  1.063352E-04 -1.913806E-07  1.913840E-04 -1.471352E-02  2.034865E-08  2.045248E-08
  1.302000E+03  1.023630E-05  1.061458E-04  4.767795E-07  1.917445E-04 -1.845428E-02  2.034942E-08  2.044863E-08
  1.303000E+03  1.068788E-05  1.060967E-04  6.556371E-07  1.918105E-04 -1.328140E-02  2.034867E-08  2.045475E-08
  1.304000E+03  1.057636E-05  1.063490E-04 -1.563674E-07  1.913709E-04 -1.578199E-02  2.034957E-08  2.045489E-08
  1.305000E+03  1.022893E-05  1.060946E-04  3.649832E-07  1.918408E-04 -1.796243E-02  2.034998E-08  2.044873E-08
  1.306000E+03  1.063691E-05  1.061483E-04  7.140582E-07  1.917191E-04 -1.279594E-02  2.034899E-08  2.045411E-08
  1.307000E+03  1.062651E-05  1.063360E-04 -9.684790E-08  1.913934E-04 -1.686423E-02  2.034912E-08  2.045571E-08
  1.308000E+03  1.024125E-05  1.060541E-04  2.536701E-07  1.919064E-04 -1.710044E-02  2.034948E-08  2.044805E-08
  1.309000E+03  1.057986E-05  1.062094E-04  7.381100E-07  1.916106E-04 -1.272149E-02  2.034920E-08  2.045337E-08
  1.310000E+03  1.066469E-05  1.063032E-04 -1.487496E-08  1.914541E-04 -1.784709E-02  2.034895E-08  2.045650E-08
  1.311000E+03  1.027022E-05  1.060301E-04  1.521621E-07  1.919421E-04 -1.600579E-02  2.034902E-08  2.044772E-08
  1.312000E+03  1.052111E-05  1.062719E-04  7.301632E-07  1.915015E-04 -1.305153E-02  2.034949E-08  2.045282E-08
  1.313000E+03  1.068849E-05  1.062539E-04  8.281727E-08  1.915474E-04 -1.858109E-02  2.034914E-08  2.045726E-08
  1.314000E+03  1.031029E-05  1.060268E-04  7.005914E-08  1.919414E-04 -1.481228E-02  2.034871E-08  2.044777E-08
  1.315000E+03  1.046704E-05  1.063250E-04  6.959092E-07  1.914061E-04 -1.378465E-02  2.034931E-08  2.045199E-08
  1.316000E+03  1.069580E-05  1.061898E-04  1.852012E-07  1.916632E-04 -1.890204E-02  2.034904E-08  2.045723E-08
  1.317000E+03  1.035658E-05  1.060485E-04  1.575285E-08  1.918931E-04 -1.366965E-02  2.034807E-08  2.044771E-08
  1.318000E+03  1.042225E-05  1.063583E-04  6.412093E-07  1.913400E-04 -1.489562E-02  2.034833E-08  2.045060E-08
  1.319000E+03  1.068705E-05  1.061187E-04  2.826911E-07  1.917854E-04 -1.869587E-02  2.034845E-08  2.045623E-08
  1.320000E+03  1.040460E-05  1.060957E-04 -7.732105E-09  1.917974E-04 -1.276168E-02  2.034723E-08  2.044763E-08
  1.321000E+03  1.038915E-05  1.063659E-04  5.730486E-07  1.913209E-04 -1.623302E-02  2.034734E-08  2.044942E-08
  1.322000E+03  1.066635E-05  1.060513E-04  3.669249E-07  1.918944E-04 -1.798396E-02  2.034736E-08  2.045436E-08
  1.323000E+03  1.044987E-05  1.061626E-04 -4.884645E-09  1.916669E-04 -1.224490E-02  2.034633E-08  2.044763E-08
  1.324000E+03  1.036899E-05  1.063447E-04  4.993225E-07  1.913547E-04 -1.760456E-02  2.034640E-08  2.044846E-08
  1.325000E+03  1.063916E-05  1.060013E-04  4.306845E-07  1.919704E-04 -1.684604E-02  2.034622E-08  2.045222E-08
  1.326000E+03  1.048810E-05  1.062396E-04  1.704574E-08  1.915221E-04 -1.226388E-02  2.034570E-08  2.044797E-08
  1.327000E+03  1.036237E-05  1.062933E-04  4.281684E-07  1.914434E-04 -1.875512E-02  2.034557E-08  2.044773E-08
  1.328000E+03  1.060890E-05  1.059800E-04  4.698820E-07  1.919945E-04 -1.540951E-02  2.034515E-08  2.045008E-08
  1.329000E+03  1.051631E-05  1.063127E-04  5.372957E-08  1.913871E-04 -1.289791E-02  2.034518E-08  2.044842E-08
  1.330000E+03  1.036863E-05  1.062159E-04  3.661321E-07  1.915775E-04 -1.942878E-02  2.034473E-08  2.044700E-08
  1.331000E+03  1.057730E-05  1.059949E-04  4.843502E-07  1.919527E-04 -1.389570E-02  2.034405E-08  2.044795E-08
  1.332000E+03  1.053470E-05  1.063651E-04  1.014780E-07  1.912874E-04 -1.412703E-02  2.034429E-08  2.044843E-08
  1.333000E+03  1.038579E-05  1.061269E-04  3.144879E-07  1.917320E-04 -1.942028E-02  2.034409E-08  2.044642E-08
  1.334000E+03  1.054420E-05  1.060452E-04  4.781851E-07  1.918479E-04 -1.263605E-02  2.034294E-08  2.044595E-08
  1.335000E+03  1.054588E-05  1.063824E-04  1.584182E-07  1.912488E-04 -1.571395E-02  2.034299E-08  2.044791E-08
  1.336000E+03  1.040944E-05  1.060460E-04  2.717832E-07  1.918677E-04 -1.871146E-02  2.034324E-08  2.044557E-08
  1.337000E+03  1.051286E-05  1.061203E-04  4.574679E-07  1.917014E-04 -1.192383E-02  2.034196E-08  2.044437E-08
  1.338000E+03  1.055137E-05  1.063609E-04  2.167037E-07  1.912820E-04 -1.729307E-02  2.034188E-08  2.044736E-08
  1.339000E+03  1.043480E-05  1.059918E-04  2.390587E-07  1.919552E-04 -1.745836E-02  2.034259E-08  2.044484E-08
  1.340000E+03  1.048805E-05  1.062065E-04  4.277344E-07  1.915471E-04 -1.190691E-02  2.034210E-08  2.044426E-08
  1.341000E+03  1.054840E-05  1.063087E-04  2.690992E-07  1.913820E-04 -1.855066E-02  2.034206E-08  2.044773E-08
  1.342000E+03  1.046271E-05  1.059735E-04  2.211495E-07  1.919864E-04 -1.590750E-02  2.034289E-08  2.044513E-08
  1.343000E+03  1.046995E-05  1.062891E-04  3.871378E-07  1.914124E-04 -1.256743E-02  2.034343E-08  2.044567E-08
  1.344000E+03  1.053644E-05  1.062369E-04  3.157182E-07  1.915293E-04 -1.928460E-02  2.034368E-08  2.044915E-08
  1.345000E+03  1.049384E-05  1.059914E-04  2.185528E-07  1.919599E-04 -1.434912E-02  2.034401E-08  2.044638E-08
  1.346000E+03  1.045716E-05  1.063488E-04  3.355270E-07  1.913207E-04 -1.374906E-02  2.034480E-08  2.044731E-08
  1.347000E+03  1.051717E-05  1.061598E-04  3.579006E-07  1.916871E-04 -1.936159E-02  2.034566E-08  2.045055E-08
  1.348000E+03  1.052343E-05  1.060397E-04  2.319530E-07  1.918810E-04 -1.310493E-02  2.034526E-08  2.044793E-08
  1.349000E+03  1.045350E-05  1.063746E-04  2.792033E-07  1.912878E-04 -1.518239E-02  2.034582E-08  2.044876E-08
  1.350000E+03  1.049149E-05  1.060900E-04  3.872276E-07  1.918239E-04 -1.880223E-02  2.034700E-08  2.045101E-08
  1.351000E+03  1.054660E-05  1.061107E-04  2.637297E-07  1.917647E-04 -1.234896E-02  2.034673E-08  2.044979E-08
  1.352000E+03  1.046242E-05  1.063693E-04  2.250191E-07  1.913154E-04 -1.664660E-02  2.034727E-08  2.045081E-08
  1.353000E+03  1.045846E-05  1.060375E-04  3.975617E-07  1.919287E-04 -1.775081E-02  2.034842E-08  2.045131E-08
  1.354000E+03  1.056255E-05  1.061937E-04  3.164586E-07  1.916321E-04 -1.214591E-02  2.034863E-08  2.045216E-08
  1.355000E+03  1.048321E-05  1.063365E-04  1.751683E-07  1.913953E-04 -1.795957E-02  2.034902E-08  2.045325E-08
  1.356000E+03  1.042051E-05  1.060074E-04  3.882390E-07  1.919914E-04 -1.638197E-02  2.034978E-08  2.045143E-08
  1.357000E+03  1.057089E-05  1.062747E-04  3.855750E-07  1.915009E-04 -1.248936E-02  2.035011E-08  2.045414E-08
  1.358000E+03  1.051397E-05  1.062797E-04  1.320932E-07  1.915129E-04 -1.891239E-02  2.035030E-08  2.045525E-08
  1.359000E+03  1.038322E-05  1.060049E-04  3.583295E-07  1.919995E-04 -1.490386E-02  2.035063E-08  2.045108E-08
  1.360000E+03  1.056749E-05  1.063385E-04  4.634131E-07  1.913905E-04 -1.335647E-02  2.035035E-08  2.045479E-08
  1.361000E+03  1.055370E-05  1.062066E-04  1.049519E-07  1.916505E-04 -1.929734E-02  2.035075E-08  2.045638E-08
  1.362000E+03  1.035360E-05  1.060334E-04  3.038519E-07  1.919450E-04 -1.357607E-02  2.035069E-08  2.045024E-08
  1.363000E+03  1.054826E-05  1.063757E-04  5.393841E-07  1.913239E-04 -1.462058E-02  2.035004E-08  2.045464E-08
  1.364000E+03  1.060100E-05  1.061278E-04  1.031223E-07  1.917869E-04 -1.906583E-02  2.035023E-08  2.045647E-08
  1.365000E+03  1.033594E-05  1.060872E-04  2.239187E-07  1.918363E-04 -1.259504E-02  2.034977E-08  2.044882E-08
  1.366000E+03  1.051280E-05  1.063827E-04  6.052056E-07  1.913087E-04 -1.608201E-02  2.034930E-08  2.045373E-08
  1.367000E+03  1.065146E-05  1.060560E-04  1.311850E-07  1.919042E-04 -1.826651E-02  2.034920E-08  2.045597E-08
  1.368000E+03  1.033344E-05  1.061589E-04  1.246435E-07  1.916923E-04 -1.209490E-02  2.034836E-08  2.044741E-08
  1.369000E+03  1.046300E-05  1.063560E-04  6.528352E-07  1.913485E-04 -1.753074E-02  2.034793E-08  2.045182E-08
  1.370000E+03  1.069947E-05  1.060056E-04  1.901797E-07  1.919798E-04 -1.700081E-02  2.034799E-08  2.045517E-08
  1.371000E+03  1.034722E-05  1.062363E-04  1.640292E-08  1.915376E-04 -1.221353E-02  2.034673E-08  2.044630E-08
  1.372000E+03  1.040313E-05  1.062971E-04  6.763878E-07  1.914426E-04 -1.866545E-02  2.034626E-08  2.044923E-08
  1.373000E+03  1.073846E-05  1.059887E-04  2.771351E-07  1.919915E-04 -1.549668E-02  2.034649E-08  2.045393E-08
  1.374000E+03  1.037769E-05  1.063032E-04 -8.801398E-08  1.914047E-04 -1.296176E-02  2.034523E-08  2.044582E-08
  1.375000E+03  1.033885E-05  1.062166E-04  6.701499E-07  1.915755E-04 -1.921462E-02  2.034475E-08  2.044646E-08
  1.376000E+03  1.076121E-05  1.060098E-04  3.868430E-07  1.919333E-04 -1.406195E-02  2.034480E-08  2.045231E-08
  1.377000E+03  1.042511E-05  1.063463E-04 -1.743080E-07  1.913205E-04 -1.421453E-02  2.034418E-08  2.044618E-08
  1.378000E+03  1.027601E-05  1.061314E-04  6.286257E-07  1.917201E-04 -1.906589E-02  2.034383E-08  2.044406E-08
  1.379000E+03  1.076366E-05  1.060633E-04  5.110049E-07  1.918197E-04 -1.297756E-02  2.034332E-08  2.045071E-08
  1.380000E+03  1.048731E-05  1.063573E-04 -2.324529E-07  1.912982E-04 -1.572611E-02  2.034345E-08  2.044715E-08
  1.381000E+03  1.021961E-05  1.060595E-04  5.518861E-07  1.918450E-04 -1.828286E-02  2.034359E-08  2.044228E-08
  1.382000E+03  1.074572E-05  1.061374E-04  6.396910E-07  1.916783E-04 -1.243463E-02  2.034266E-08  2.044978E-08
  1.383000E+03  1.055948E-05  1.063321E-04 -2.581564E-07  1.913402E-04 -1.720179E-02  2.034260E-08  2.044808E-08
  1.384000E+03  1.017365E-05  1.060148E-04  4.461941E-07  1.919212E-04 -1.702085E-02  2.034354E-08  2.044082E-08
  1.385000E+03  1.070936E-05  1.062165E-04  7.631583E-07  1.915357E-04 -1.255177E-02  2.034265E-08  2.044937E-08
  1.386000E+03  1.063655E-05  1.062758E-04 -2.510184E-07  1.914413E-04 -1.829273E-02  2.034217E-08  2.044932E-08
  1.387000E+03  1.014216E-05  1.060061E-04  3.182727E-07  1.919322E-04 -1.554979E-02  2.034352E-08  2.043970E-08
  1.388000E+03  1.065710E-05  1.062830E-04  8.711512E-07  1.914202E-04 -1.331038E-02  2.034292E-08  2.044909E-08
  1.389000E+03  1.071379E-05  1.062038E-04 -2.120870E-07  1.915774E-04 -1.875387E-02  2.034268E-08  2.045126E-08
  1.390000E+03  1.012635E-05  1.060319E-04  1.765829E-07  1.918807E-04 -1.422871E-02  2.034342E-08  2.043893E-08
  1.391000E+03  1.059333E-05  1.063216E-04  9.574617E-07  1.913559E-04 -1.448041E-02  2.034313E-08  2.044859E-08
  1.392000E+03  1.078592E-05  1.061363E-04 -1.456654E-07  1.917087E-04 -1.856128E-02  2.034374E-08  2.045345E-08
  1.393000E+03  1.012841E-05  1.060820E-04  2.989332E-08  1.917901E-04 -1.333915E-02  2.034366E-08  2.043906E-08
  1.394000E+03  1.051901E-05  1.063278E-04  1.016927E-06  1.913514E-04 -1.573421E-02  2.034345E-08  2.044791E-08
  1.395000E+03  1.084934E-05  1.060861E-04 -5.058125E-08  1.918068E-04 -1.785630E-02  2.034479E-08  2.045536E-08
  1.396000E+03  1.014993E-05  1.061449E-04 -1.159713E-07  1.916847E-04 -1.298505E-02  2.034463E-08  2.044047E-08
  1.397000E+03  1.043551E-05  1.063066E-04  1.045116E-06  1.914006E-04 -1.683477E-02  2.034427E-08  2.044743E-08
  1.398000E+03  1.090326E-05  1.060587E-04  7.107221E-08  1.918628E-04 -1.683780E-02  2.034584E-08  2.045705E-08
  1.399000E+03  1.018876E-05  1.062087E-04 -2.575229E-07  1.915825E-04 -1.314941E-02  2.034596E-08  2.044275E-08
  1.400000E+03  1.034506E-05  1.062679E-04  1.044475E-06  1.914879E-04 -1.761813E-02  2.034586E-08  2.044742E-08
  1.401000E+03  1.094658E-05  1.060557E-04  2.157507E-07  1.918770E-04 -1.573882E-02  2.034713E-08  2.045885E-08
  1.402000E+03  1.024380E-05  1.062606E-04 -3.916732E-07  1.915029E-04 -1.371908E-02  2.034729E-08  2.044544E-08
  1.403000E+03  1.025165E-05  1.062215E-04  1.013793E-06  1.915901E-04 -1.797748E-02  2.034770E-08  2.044746E-08
  1.404000E+03  1.097375E-05  1.060751E-04  3.802188E-07  1.918541E-04 -1.476007E-02  2.034872E-08  2.046073E-08
  1.405000E+03  1.031591E-05  1.062938E-04 -5.079516E-07  1.914574E-04 -1.454593E-02  2.034859E-08  2.044845E-08
  1.406000E+03  1.016081E-05  1.061742E-04  9.466234E-07  1.916895E-04 -1.791315E-02  2.034921E-08  2.044709E-08
  1.407000E+03  1.097883E-05  1.061116E-04  5.583997E-07  1.917984E-04 -1.404472E-02  2.035003E-08  2.046206E-08
  1.408000E+03  1.040587E-05  1.063045E-04 -5.951354E-07  1.914472E-04 -1.550950E-02  2.034924E-08  2.045115E-08
  1.409000E+03  1.007595E-05  1.061293E-04  8.384508E-07  1.917739E-04 -1.744620E-02  2.034973E-08  2.044570E-08
  1.410000E+03  1.096003E-05  1.061600E-04  7.450084E-07  1.917123E-04 -1.367200E-02  2.035027E-08  2.046200E-08
  1.411000E+03  1.051039E-05  1.062914E-04 -6.467849E-07  1.914735E-04 -1.646936E-02  2.034923E-08  2.045341E-08
  1.412000E+03  1.000172E-05  1.060958E-04  6.919440E-07  1.918322E-04 -1.663206E-02  2.034978E-08  2.044398E-08
  1.413000E+03  1.091680E-05  1.062118E-04  9.311474E-07  1.916120E-04 -1.372054E-02  2.034955E-08  2.046066E-08
  1.414000E+03  1.062319E-05  1.062590E-04 -6.564371E-07  1.915347E-04 -1.721802E-02  2.034926E-08  2.045574E-08
  1.415000E+03  9.945571E-06  1.060849E-04  5.133068E-07  1.918523E-04 -1.565799E-02  2.035015E-08  2.044293E-08
  1.416000E+03  1.084917E-05  1.062566E-04  1.101840E-06  1.915273E-04 -1.418598E-02  2.034900E-08  2.045915E-08
  1.417000E+03  1.073828E-05  1.062132E-04 -6.190059E-07  1.916176E-04 -1.761373E-02  2.034917E-08  2.045788E-08
  1.418000E+03  9.913401E-06  1.060966E-04  3.095715E-07  1.918283E-04 -1.474331E-02  2.035013E-08  2.044203E-08
  1.419000E+03  1.075769E-05  1.062848E-04  1.244749E-06  1.914742E-04 -1.493264E-02  2.034853E-08  2.045730E-08
  1.420000E+03  1.084975E-05  1.061602E-04 -5.305566E-07  1.917038E-04 -1.759755E-02  2.034816E-08  2.045888E-08
  1.421000E+03  9.909794E-06  1.061255E-04  8.866197E-08  1.917599E-04 -1.406322E-02  2.034859E-08  2.044028E-08
  1.422000E+03  1.064536E-05  1.062883E-04  1.348107E-06  1.914559E-04 -1.582864E-02  2.034697E-08  2.045393E-08
  1.423000E+03  1.095145E-05  1.061102E-04 -3.918379E-07  1.917746E-04 -1.712775E-02  2.034624E-08  2.045867E-08
  1.424000E+03  9.936962E-06  1.061669E-04 -1.389283E-07  1.916585E-04 -1.376540E-02  2.034586E-08  2.043808E-08
  1.425000E+03  1.051817E-05  1.062652E-04  1.402341E-06  1.914785E-04 -1.670378E-02  2.034467E-08  2.044945E-08
  1.426000E+03  1.103613E-05  1.060795E-04 -2.086994E-07  1.918120E-04 -1.628540E-02  2.034462E-08  2.045836E-08
  1.427000E+03  9.993843E-06  1.062120E-04 -3.577562E-07  1.915553E-04 -1.394652E-02  2.034349E-08  2.043697E-08
  1.428000E+03  1.038376E-05  1.062207E-04  1.403038E-06  1.915415E-04 -1.732339E-02  2.034262E-08  2.044493E-08
  1.429000E+03  1.109786E-05  1.060778E-04  8.569007E-09  1.918021E-04 -1.530498E-02  2.034357E-08  2.045823E-08
  1.430000E+03  1.007666E-05  1.062480E-04 -5.526469E-07  1.914802E-04 -1.457221E-02  2.034224E-08  2.043758E-08
  1.431000E+03  1.025159E-05  1.061659E-04  1.349712E-06  1.916289E-04 -1.749521E-02  2.034135E-08  2.044104E-08
  1.432000E+03  1.113132E-05  1.061039E-04  2.455257E-07  1.917448E-04 -1.447083E-02  2.034274E-08  2.045791E-08
  1.433000E+03  1.018040E-05  1.062639E-04 -7.086410E-07  1.914500E-04 -1.547576E-02  2.034179E-08  2.043943E-08
  1.434000E+03  1.013082E-05  1.061154E-04  1.244581E-06  1.917159E-04 -1.715429E-02  2.034103E-08  2.043816E-08
  1.435000E+03  1.113222E-05  1.061503E-04  4.874387E-07  1.916560E-04 -1.400016E-02  2.034234E-08  2.045756E-08
  1.436000E+03  1.030038E-05  1.062543E-04 -8.131086E-07  1.914711E-04 -1.642895E-02  2.034188E-08  2.044207E-08
  1.437000E+03  1.002660E-05  1.060852E-04  1.092654E-06  1.917772E-04 -1.637597E-02  2.034200E-08  2.043679E-08
  1.438000E+03  1.110151E-05  1.062042E-04  7.231201E-07  1.915627E-04 -1.404263E-02  2.034276E-08  2.045760E-08
  1.439000E+03  1.043129E-05  1.062195E-04 -8.634072E-07  1.915402E-04 -1.715274E-02  2.034232E-08  2.044513E-08
  1.440000E+03  9.941554E-06  1.060850E-04  9.023652E-07  1.917903E-04 -1.537517E-02  2.034366E-08  2.043647E-08
  1.441000E+03  1.104346E-05  1.062500E-04  9.436834E-07  1.914921E-04 -1.460715E-02  2.034387E-08  2.045794E-08
  1.442000E+03  1.056616E-05  1.061696E-04 -8.621524E-07  1.916394E-04 -1.741066E-02  2.034320E-08  2.044852E-08
  1.443000E+03  9.878459E-06  1.061137E-04  6.853250E-07  1.917501E-04 -1.445926E-02  2.034519E-08  2.043654E-08
  1.444000E+03  1.096318E-05  1.062750E-04  1.139155E-06  1.914631E-04 -1.552125E-02  2.034528E-08  2.045821E-08
  1.445000E+03  1.069829E-05  1.061226E-04 -8.138806E-07  1.917394E-04 -1.713338E-02  2.034489E-08  2.045251E-08
  1.446000E+03  9.840543E-06  1.061616E-04  4.522557E-07  1.916750E-04 -1.391299E-02  2.034655E-08  2.043711E-08
  1.447000E+03  1.086439E-05  1.062729E-04  1.299867E-06  1.914824E-04 -1.649523E-02  2.034663E-08  2.045800E-08
  1.448000E+03  1.082114E-05  1.060911E-04 -7.204749E-07  1.918103E-04 -1.644042E-02  2.034662E-08  2.045629E-08
  1.449000E+03  9.831599E-06  1.062140E-04  2.130492E-07  1.915900E-04 -1.383977E-02  2.034759E-08  2.043807E-08
  1.450000E+03  1.075016E-05  1.062445E-04  1.415573E-06  1.915417E-04 -1.726121E-02  2.034722E-08  2.045660E-08
  1.451000E+03  1.092997E-05  1.060814E-04 -5.840412E-07  1.918330E-04 -1.553284E-02  2.034747E-08  2.045892E-08
  1.452000E+03  9.852184E-06  1.062588E-04 -2.323565E-08  1.915157E-04 -1.421903E-02  2.034816E-08  2.043924E-08
  1.453000E+03  1.062330E-05  1.061992E-04  1.482742E-06  1.916246E-04 -1.765327E-02  2.034721E-08  2.045417E-08
  1.454000E+03  1.102279E-05  1.060965E-04 -4.085511E-07  1.918071E-04 -1.463333E-02  2.034790E-08  2.046091E-08
  1.455000E+03  9.899722E-06  1.062886E-04 -2.504198E-07  1.914685E-04 -1.497627E-02  2.034863E-08  2.044090E-08
  1.456000E+03  1.048774E-05  1.061505E-04  1.503206E-06  1.917167E-04 -1.759145E-02  2.034768E-08  2.045190E-08
  1.457000E+03  1.109658E-05  1.061330E-04 -1.992783E-07  1.917467E-04 -1.393705E-02  2.034867E-08  2.046301E-08
  1.458000E+03  9.971829E-06  1.062991E-04 -4.604038E-07  1.914585E-04 -1.593553E-02  2.034927E-08  2.044321E-08
  1.459000E+03  1.035076E-05  1.061086E-04  1.475507E-06  1.918005E-04 -1.711236E-02  2.034871E-08  2.045004E-08
  1.460000E+03  1.114476E-05  1.061818E-04  3.474796E-08  1.916662E-04 -1.357397E-02  2.034959E-08  2.046491E-08
  1.461000E+03  1.006751E-05  1.062860E-04 -6.390835E-07  1.914861E-04 -1.689111E-02  2.034938E-08  2.044539E-08
  1.462000E+03  1.021981E-05  1.060796E-04  1.395266E-06  1.918544E-04 -1.632542E-02  2.034913E-08  2.044761E-08
  1.463000E+03  1.116298E-05  1.062332E-04  2.822864E-07  1.915770E-04 -1.361247E-02  2.034995E-08  2.046582E-08
  1.464000E+03  1.018456E-05  1.062499E-04 -7.758247E-07  1.915476E-04 -1.764289E-02  2.034874E-08  2.044711E-08
  1.465000E+03  1.009896E-05  1.060686E-04  1.263468E-06  1.918664E-04 -1.535385E-02  2.034860E-08  2.044443E-08
  1.466000E+03  1.114920E-05  1.062780E-04  5.369136E-07  1.914906E-04 -1.409182E-02  2.034922E-08  2.046515E-08
  1.467000E+03  1.031860E-05  1.061973E-04 -8.628184E-07  1.916353E-04 -1.801728E-02  2.034785E-08  2.044873E-08
  1.468000E+03  9.994686E-06  1.060809E-04  1.083339E-06  1.918338E-04 -1.436277E-02  2.034781E-08  2.044134E-08
  1.469000E+03  1.110419E-05  1.063084E-04  7.849600E-07  1.914253E-04 -1.497943E-02  2.034783E-08  2.046333E-08
  1.470000E+03  1.046094E-05  1.061361E-04 -8.941569E-07  1.917354E-04 -1.793814E-02  2.034679E-08  2.045018E-08
  1.471000E+03  9.914946E-06  1.061177E-04  8.655531E-07  1.917591E-04 -1.351558E-02  2.034718E-08  2.043900E-08
  1.472000E+03  1.103035E-05  1.063174E-04  1.008366E-06  1.913995E-04 -1.612792E-02  2.034646E-08  2.046099E-08
  1.473000E+03  1.060270E-05  1.060776E-04 -8.670713E-07  1.918290E-04 -1.739206E-02  2.034569E-08  2.045147E-08
  1.474000E+03  9.867159E-06  1.061735E-04  6.215767E-07  1.916500E-04 -1.302893E-02  2.034642E-08  2.043729E-08
  1.475000E+03  1.092974E-05  1.062994E-04  1.190476E-06  1.914249E-04 -1.730270E-02  2.034530E-08  2.045828E-08
  1.476000E+03  1.073577E-05  1.060340E-04 -7.787346E-07  1.918933E-04 -1.643400E-02  2.034446E-08  2.045238E-08
  1.477000E+03  9.854502E-06  1.062373E-04  3.650170E-07  1.915234E-04 -1.306387E-02  2.034519E-08  2.043598E-08
  1.478000E+03  1.080890E-05  1.062530E-04  1.319292E-06  1.914987E-04 -1.827138E-02  2.034392E-08  2.045479E-08
  1.479000E+03  1.085236E-05  1.060153E-04 -6.356823E-07  1.919102E-04 -1.518921E-02  2.034307E-08  2.045279E-08
  1.480000E+03  9.875615E-06  1.062962E-04  1.126651E-07  1.914030E-04 -1.366664E-02  2.034351E-08  2.043503E-08
  1.481000E+03  1.067593E-05  1.061838E-04  1.390637E-06  1.916109E-04 -1.879906E-02  2.034239E-08  2.045071E-08
  1.482000E+03  1.094640E-05  1.060314E-04 -4.489337E-07  1.918694E-04 -1.386279E-02  2.034223E-08  2.045340E-08
  1.483000E+03  9.926653E-06  1.063381E-04 -1.199595E-07  1.913193E-04 -1.479702E-02  2.034230E-08  2.043524E-08
  1.484000E+03  1.054008E-05  1.061039E-04  1.404305E-06  1.917454E-04 -1.871070E-02  2.034138E-08  2.044685E-08
  1.485000E+03  1.101312E-05  1.060847E-04 -2.330553E-07  1.917701E-04 -1.275328E-02  2.034221E-08  2.045448E-08
  1.486000E+03  1.000265E-05  1.063520E-04 -3.190646E-07  1.912978E-04 -1.628160E-02  2.034220E-08  2.043706E-08
  1.487000E+03  1.041067E-05  1.060317E-04  1.362315E-06  1.918743E-04 -1.795426E-02  2.034147E-08  2.044401E-08
  1.488000E+03  1.104957E-05  1.061664E-04 -4.183885E-09  1.916294E-04 -1.215884E-02  2.034310E-08  2.045614E-08
  1.489000E+03  1.009814E-05  1.063312E-04 -4.739901E-07  1.913509E-04 -1.780333E-02  2.034334E-08  2.044040E-08
  1.490000E+03  1.029455E-05  1.059852E-04  1.269790E-06  1.919666E-04 -1.662920E-02  2.034281E-08  2.044255E-08
  1.491000E+03  1.105617E-05  1.062590E-04  2.234850E-07  1.914771E-04 -1.227750E-02  2.034464E-08  2.045813E-08
  1.492000E+03  1.020713E-05  1.062750E-04 -5.805125E-07  1.914713E-04 -1.901025E-02  2.034494E-08  2.044427E-08
  1.493000E+03  1.019471E-05  1.059769E-04  1.136200E-06  1.919942E-04 -1.497540E-02  2.034466E-08  2.044192E-08
  1.494000E+03  1.103479E-05  1.063400E-04  4.424038E-07  1.913459E-04 -1.315235E-02  2.034597E-08  2.045958E-08
  1.495000E+03  1.032432E-05  1.061916E-04 -6.378222E-07  1.916346E-04 -1.958232E-02  2.034609E-08  2.044757E-08
  1.496000E+03  1.011315E-05  1.060112E-04  9.704824E-07  1.919417E-04 -1.334585E-02  2.034617E-08  2.044139E-08
  1.497000E+03  1.098886E-05  1.063896E-04  6.455883E-07  1.912685E-04 -1.462605E-02  2.034680E-08  2.046016E-08
  1.498000E+03  1.044397E-05  1.060999E-04 -6.478893E-07  1.918047E-04 -1.934025E-02  2.034666E-08  2.045008E-08
  1.499000E+03  1.005186E-05  1.060839E-04  7.825086E-07  1.918179E-04 -1.212736E-02  2.034730E-08  2.044113E-08
  1.500000E+03  1.092368E-05  1.063988E-04  8.245220E-07  1.912652E-04 -1.640722E-02  2.034765E-08  2.046037E-08
  1.501000E+03  1.055907E-05  1.060214E-04 -6.153827E-07  1.919498E-04 -1.831787E-02  2.034737E-08  2.045243E-08
  1.502000E+03  1.001346E-05  1.061813E-04  5.840694E-07  1.916513E-04 -1.159530E-02  2.034842E-08  2.044158E-08
  1.503000E+03  1.084308E-05  1.063656E-04  9.706323E-07  1.913392E-04 -1.814054E-02  2.034856E-08  2.046021E-08
  1.504000E+03  1.066335E-05  1.059719E-04 -5.426510E-07  1.920409E-04 -1.671384E-02  2.034810E-08  2.045450E-08
  1.505000E+03  1.000256E-05  1.062803E-04  3.838509E-07  1.914767E-04 -1.185818E-02  2.034877E-08  2.044205E-08
  1.506000E+03  1.074917E-05  1.062943E-04  1.072878E-06  1.914723E-04 -1.943381E-02  2.034858E-08  2.045866E-08
  1.507000E+03  1.075286E-05  1.059627E-04 -4.305386E-07  1.920520E-04 -1.487492E-02  2.034810E-08  2.045561E-08
  1.508000E+03  1.001924E-05  1.063589E-04  1.897153E-07  1.913329E-04 -1.286028E-02  2.034828E-08  2.044238E-08
  1.509000E+03  1.064523E-05  1.062014E-04  1.128298E-06  1.916366E-04 -1.998011E-02  2.034803E-08  2.045604E-08
  1.510000E+03  1.082647E-05  1.059980E-04 -2.846410E-07  1.919831E-04 -1.318913E-02  2.034805E-08  2.045655E-08
  1.511000E+03  1.006174E-05  1.064055E-04  5.435687E-09  1.912514E-04 -1.441611E-02  2.034809E-08  2.044358E-08
  1.512000E+03  1.053684E-05  1.061054E-04  1.135627E-06  1.918056E-04 -1.969857E-02  2.034765E-08  2.045323E-08
  1.513000E+03  1.087965E-05  1.060694E-04 -1.123421E-07  1.918504E-04 -1.196807E-02  2.034800E-08  2.045735E-08
  1.514000E+03  1.012661E-05  1.064132E-04 -1.569228E-07  1.912416E-04 -1.624606E-02  2.034794E-08  2.044523E-08
  1.515000E+03  1.043203E-05  1.060209E-04  1.094947E-06  1.919491E-04 -1.868213E-02  2.034707E-08  2.045007E-08
  1.516000E+03  1.090869E-05  1.061615E-04  7.340913E-08  1.916767E-04 -1.139331E-02  2.034736E-08  2.045736E-08
  1.517000E+03  1.020816E-05  1.063795E-04 -2.850552E-07  1.912996E-04 -1.802584E-02  2.034706E-08  2.044635E-08
  1.518000E+03  1.033645E-05  1.059628E-04  1.012848E-06  1.920401E-04 -1.710794E-02  2.034614E-08  2.044663E-08
  1.519000E+03  1.090996E-05  1.062583E-04  2.643848E-07  1.914926E-04 -1.155889E-02  2.034633E-08  2.045671E-08
  1.520000E+03  1.030263E-05  1.063098E-04 -3.684176E-07  1.914190E-04 -1.941120E-02  2.034589E-08  2.044722E-08
  1.521000E+03  1.025520E-05  1.059447E-04  8.925467E-07  1.920608E-04 -1.524158E-02  2.034547E-08  2.044375E-08
  1.522000E+03  1.088248E-05  1.063443E-04  4.511601E-07  1.913334E-04 -1.248110E-02  2.034564E-08  2.045607E-08
  1.523000E+03  1.040571E-05  1.062155E-04 -4.013938E-07  1.915838E-04 -2.014256E-02  2.034504E-08  2.044829E-08
  1.524000E+03  1.019215E-05  1.059701E-04  7.393565E-07  1.920057E-04 -1.341170E-02  2.034503E-08  2.044157E-08
  1.525000E+03  1.082992E-05  1.064034E-04  6.228294E-07  1.912252E-04 -1.402868E-02  2.034502E-08  2.045513E-08
  1.526000E+03  1.050998E-05  1.061099E-04 -3.849850E-07  1.917658E-04 -2.006891E-02  2.034415E-08  2.044908E-08
  1.527000E+03  1.015242E-05  1.060346E-04  5.638345E-07  1.918773E-04 -1.193988E-02  2.034418E-08  2.043965E-08
  1.528000E+03  1.075776E-05  1.064227E-04  7.644059E-07  1.911872E-04 -1.594645E-02  2.034408E-08  2.045350E-08
  1.529000E+03  1.060633E-05  1.060117E-04 -3.224172E-07  1.919317E-04 -1.915519E-02  2.034327E-08  2.044948E-08
  1.530000E+03  1.014085E-05  1.061303E-04  3.801081E-07  1.916956E-04 -1.109897E-02  2.034346E-08  2.043868E-08
  1.531000E+03  1.067268E-05  1.063977E-04  8.604341E-07  1.912317E-04 -1.792576E-02  2.034334E-08  2.045172E-08
  1.532000E+03  1.068761E-05  1.059411E-04 -2.209997E-07  1.920513E-04 -1.753173E-02  2.034300E-08  2.045007E-08
  1.533000E+03  1.015779E-05  1.062422E-04  2.023013E-07  1.914933E-04 -1.109008E-02  2.034342E-08  2.043926E-08
  1.534000E+03  1.057972E-05  1.063304E-04  9.059314E-07  1.913592E-04 -1.958191E-02  2.034340E-08  2.045035E-08
  1.535000E+03  1.074929E-05  1.059154E-04 -8.697332E-08  1.920980E-04 -1.547071E-02  2.034369E-08  2.045123E-08
  1.536000E+03  1.019958E-05  1.063476E-04  4.259731E-08  1.913116E-04 -1.198500E-02  2.034407E-08  2.044126E-08
  1.537000E+03  1.048544E-05  1.062298E-04  9.026213E-07  1.915497E-04 -2.053469E-02  2.034401E-08  2.044917E-08
  1.538000E+03  1.078792E-05  1.059406E-04  6.942034E-08  1.920528E-04 -1.337802E-02  2.034437E-08  2.045208E-08
  1.539000E+03  1.026121E-05  1.064223E-04 -8.774554E-08  1.911865E-04 -1.364622E-02  2.034461E-08  2.044369E-08
  1.540000E+03  1.039742E-05  1.061146E-04  8.540966E-07  1.917625E-04 -2.054885E-02  2.034450E-08  2.044766E-08
  1.541000E+03  1.080117E-05  1.060123E-04  2.349532E-07  1.919204E-04 -1.168060E-02  2.034452E-08  2.045217E-08
  1.542000E+03  1.033733E-05  1.064491E-04 -1.794996E-07  1.911443E-04 -1.575063E-02  2.034461E-08  2.044587E-08
  1.543000E+03  1.032257E-05  1.060086E-04  7.651781E-07  1.919525E-04 -1.958878E-02  2.034471E-08  2.044581E-08
  1.544000E+03  1.078969E-05  1.061206E-04  3.951843E-07  1.917267E-04 -1.072245E-02  2.034499E-08  2.045245E-08
  1.545000E+03  1.042059E-05  1.064239E-04 -2.276670E-07  1.912006E-04 -1.791126E-02  2.034504E-08  2.044849E-08
  1.546000E+03  1.026561E-05  1.059350E-04  6.466017E-07  1.920857E-04 -1.782382E-02  2.034537E-08  2.044459E-08
  1.547000E+03  1.075678E-05  1.062466E-04  5.378035E-07  1.915118E-04 -1.071663E-02  2.034631E-08  2.045351E-08
  1.548000E+03  1.050486E-05  1.063523E-04 -2.336364E-07  1.913489E-04 -1.970317E-02  2.034645E-08  2.045186E-08
  1.549000E+03  1.022874E-05  1.059099E-04  5.088109E-07  1.921367E-04 -1.560660E-02  2.034670E-08  2.044442E-08
  1.550000E+03  1.070509E-05  1.063606E-04  6.561074E-07  1.913206E-04 -1.169215E-02  2.034758E-08  2.045444E-08
  1.551000E+03  1.058675E-05  1.062483E-04 -1.998434E-07  1.915550E-04 -2.071023E-02  2.034803E-08  2.045502E-08
  1.552000E+03  1.021129E-05  1.059381E-04  3.591956E-07  1.920910E-04 -1.341950E-02  2.034793E-08  2.044466E-08
  1.553000E+03  1.063995E-05  1.064369E-04  7.469075E-07  1.911934E-04 -1.344112E-02  2.034821E-08  2.045460E-08
  1.554000E+03  1.066109E-05  1.061311E-04 -1.325312E-07  1.917733E-04 -2.071399E-02  2.034874E-08  2.045683E-08
  1.555000E+03  1.021163E-05  1.060144E-04  2.095255E-07  1.919559E-04 -1.168232E-02  2.034870E-08  2.044508E-08
  1.556000E+03  1.056548E-05  1.064625E-04  8.099230E-07  1.911545E-04 -1.562896E-02  2.034830E-08  2.045405E-08
  1.557000E+03  1.072317E-05  1.060228E-04 -3.601966E-08  1.919647E-04 -1.971901E-02  2.034867E-08  2.045734E-08
  1.558000E+03  1.023035E-05  1.061249E-04  6.875619E-08  1.917578E-04 -1.070741E-02  2.034911E-08  2.044582E-08
  1.559000E+03  1.048495E-05  1.064354E-04  8.412092E-07  1.912106E-04 -1.785136E-02  2.034834E-08  2.045318E-08
  1.560000E+03  1.076907E-05  1.059440E-04  8.653323E-08  1.920971E-04 -1.794125E-02  2.034825E-08  2.045704E-08
  1.561000E+03  1.026769E-05  1.062468E-04 -5.542471E-08  1.915352E-04 -1.067664E-02  2.034884E-08  2.044658E-08
  1.562000E+03  1.040349E-05  1.063615E-04  8.358866E-07  1.913490E-04 -1.966369E-02  2.034824E-08  2.045190E-08
  1.563000E+03  1.079718E-05  1.059121E-04  2.261692E-07  1.921452E-04 -1.572955E-02  2.034798E-08  2.045654E-08
  1.564000E+03  1.032325E-05  1.063549E-04 -1.594398E-07  1.913341E-04 -1.162306E-02  2.034794E-08  2.044735E-08
  1.565000E+03  1.032490E-05  1.062536E-04  7.914680E-07  1.915421E-04 -2.068870E-02  2.034769E-08  2.044987E-08
  1.566000E+03  1.080592E-05  1.059347E-04  3.766066E-07  1.920950E-04 -1.352142E-02  2.034768E-08  2.045580E-08
  1.567000E+03  1.039654E-05  1.064273E-04 -2.397030E-07  1.911966E-04 -1.336640E-02  2.034673E-08  2.044828E-08
  1.568000E+03  1.025410E-05  1.061307E-04  7.047852E-07  1.917510E-04 -2.072626E-02  2.034631E-08  2.044681E-08
  1.569000E+03  1.079464E-05  1.060041E-04  5.285334E-07  1.919526E-04 -1.175769E-02  2.034636E-08  2.045394E-08
  1.570000E+03  1.048236E-05  1.064512E-04 -2.904705E-07  1.911445E-04 -1.553906E-02  2.034510E-08  2.044906E-08
  1.571000E+03  1.019657E-05  1.060158E-04  5.815573E-07  1.919348E-04 -1.980345E-02  2.034414E-08  2.044292E-08
  1.572000E+03  1.076154E-05  1.061053E-04  6.724433E-07  1.917468E-04 -1.074875E-02  2.034417E-08  2.045113E-08
  1.573000E+03  1.057297E-05  1.064251E-04 -3.014743E-07  1.911825E-04 -1.772809E-02  2.034341E-08  2.044973E-08
  1.574000E+03  1.015776E-05  1.059324E-04  4.326922E-07  1.920654E-04 -1.809237E-02  2.034262E-08  2.043988E-08
  1.575000E+03  1.070596E-05  1.062225E-04  7.979893E-07  1.915211E-04 -1.066023E-02  2.034269E-08  2.044893E-08
  1.576000E+03  1.066210E-05  1.063550E-04 -2.660594E-07  1.913068E-04 -1.956227E-02  2.034255E-08  2.045098E-08
  1.577000E+03  1.013955E-05  1.058974E-04  2.691520E-07  1.921224E-04 -1.588855E-02  2.034270E-08  2.043880E-08
  1.578000E+03  1.063054E-05  1.063359E-04  8.991042E-07  1.913186E-04 -1.152120E-02  2.034267E-08  2.044810E-08
  1.579000E+03  1.074610E-05  1.062510E-04 -1.863705E-07  1.914993E-04 -2.070611E-02  2.034264E-08  2.045277E-08
  1.580000E+03  1.014293E-05  1.059169E-04  9.748561E-08  1.920879E-04 -1.361903E-02  2.034346E-08  2.043894E-08
  1.581000E+03  1.054018E-05  1.064222E-04  9.696257E-07  1.911747E-04 -1.319279E-02  2.034346E-08  2.044797E-08
  1.582000E+03  1.081717E-05  1.061303E-04 -6.559861E-08  1.917236E-04 -2.090699E-02  2.034324E-08  2.045448E-08
  1.583000E+03  1.017138E-05  1.059859E-04 -6.966109E-08  1.919632E-04 -1.171341E-02  2.034399E-08  2.043959E-08
  1.584000E+03  1.044223E-05  1.064631E-04  9.962697E-07  1.911137E-04 -1.537526E-02  2.034415E-08  2.044761E-08
  1.585000E+03  1.086846E-05  1.060144E-04  8.733511E-08  1.919357E-04 -2.009345E-02  2.034385E-08  2.045553E-08
  1.586000E+03  1.022471E-05  1.060923E-04 -2.183669E-07  1.917692E-04 -1.052452E-02  2.034412E-08  2.044064E-08
  1.587000E+03  1.034411E-05  1.064494E-04  9.730456E-07  1.911491E-04 -1.766564E-02  2.034454E-08  2.044682E-08
  1.588000E+03  1.089761E-05  1.059277E-04  2.595640E-07  1.920951E-04 -1.838427E-02  2.034475E-08  2.045624E-08
  1.589000E+03  1.029736E-05  1.062205E-04 -3.390944E-07  1.915437E-04 -1.030301E-02  2.034479E-08  2.044299E-08
  1.590000E+03  1.025320E-05  1.063824E-04  9.048397E-07  1.912820E-04 -1.966182E-02  2.034511E-08  2.044610E-08
  1.591000E+03  1.090358E-05  1.058897E-04  4.371290E-07  1.921695E-04 -1.607755E-02  2.034614E-08  2.045694E-08
  1.592000E+03  1.038255E-05  1.063480E-04 -4.239818E-07  1.913305E-04 -1.114381E-02  2.034636E-08  2.044680E-08
  1.593000E+03  1.017517E-05  1.062740E-04  8.004279E-07  1.914940E-04 -2.095816E-02  2.034636E-08  2.044595E-08
  1.594000E+03  1.088492E-05  1.059084E-04  6.098932E-07  1.921402E-04 -1.364162E-02  2.034737E-08  2.045712E-08
  1.595000E+03  1.047650E-05  1.064439E-04 -4.668591E-07  1.911735E-04 -1.289802E-02  2.034756E-08  2.045062E-08
  1.596000E+03  1.011428E-05  1.061448E-04  6.637291E-07  1.917376E-04 -2.121800E-02  2.034737E-08  2.044550E-08
  1.597000E+03  1.084180E-05  1.059803E-04  7.691502E-07  1.920087E-04 -1.159039E-02  2.034777E-08  2.045628E-08
  1.598000E+03  1.057301E-05  1.064843E-04 -4.627847E-07  1.911059E-04 -1.522624E-02  2.034741E-08  2.045318E-08
  1.599000E+03  1.007480E-05  1.060200E-04  5.035800E-07  1.919598E-04 -2.032377E-02  2.034737E-08  2.044409E-08
  1.600000E+03  1.077725E-05  1.060945E-04  9.036874E-07  1.917969E-04 -1.034372E-02  2.034751E-08  2.045475E-08
  1.601000E+03  1.066679E-05  1.064628E-04 -4.133252E-07  1.911464E-04 -1.768724E-02  2.034681E-08  2.045509E-08
  1.602000E+03  1.005857E-05  1.059276E-04  3.290099E-07  1.921191E-04 -1.844934E-02  2.034725E-08  2.044278E-08
  1.603000E+03  1.069624E-05  1.062303E-04  1.005609E-06  1.915518E-04 -1.016566E-02  2.034755E-08  2.045359E-08
  1.604000E+03  1.075473E-05  1.063877E-04 -3.257784E-07  1.912910E-04 -1.977756E-02  2.034703E-08  2.045745E-08
  1.605000E+03  1.006490E-05  1.058882E-04  1.468964E-07  1.921861E-04 -1.603019E-02  2.034762E-08  2.044236E-08
  1.606000E+03  1.060537E-05  1.063574E-04  1.070646E-06  1.913282E-04 -1.108873E-02  2.034792E-08  2.045289E-08
  1.607000E+03  1.083093E-05  1.062738E-04 -2.083580E-07  1.915066E-04 -2.105135E-02  2.034763E-08  2.045961E-08
  1.608000E+03  1.009100E-05  1.059065E-04 -2.853643E-08  1.921465E-04 -1.357729E-02  2.034769E-08  2.044218E-08
  1.609000E+03  1.051152E-05  1.064464E-04  1.098511E-06  1.911673E-04 -1.290895E-02  2.034737E-08  2.045139E-08
  1.610000E+03  1.088842E-05  1.061414E-04 -6.896109E-08  1.917421E-04 -2.124553E-02  2.034718E-08  2.045998E-08
  1.611000E+03  1.013590E-05  1.059781E-04 -1.824857E-07  1.920058E-04 -1.154775E-02  2.034705E-08  2.044194E-08
  1.612000E+03  1.041649E-05  1.064815E-04  1.089571E-06  1.910976E-04 -1.527685E-02  2.034598E-08  2.044905E-08
  1.613000E+03  1.092525E-05  1.060143E-04  9.047246E-08  1.919550E-04 -2.033425E-02  2.034577E-08  2.045866E-08
  1.614000E+03  1.019867E-05  1.060900E-04 -3.101898E-07  1.917903E-04 -1.029897E-02  2.034595E-08  2.044195E-08
  1.615000E+03  1.032190E-05  1.064604E-04  1.044373E-06  1.911329E-04 -1.773683E-02  2.034489E-08  2.044688E-08
  1.616000E+03  1.094203E-05  1.059190E-04  2.661815E-07  1.921106E-04 -1.852489E-02  2.034466E-08  2.045708E-08
  1.617000E+03  1.027549E-05  1.062217E-04 -4.096511E-07  1.915447E-04 -1.007241E-02  2.034516E-08  2.044292E-08
  1.618000E+03  1.023389E-05  1.063892E-04  9.653029E-07  1.912663E-04 -1.983299E-02  2.034468E-08  2.044544E-08
  1.619000E+03  1.093818E-05  1.058750E-04  4.463338E-07  1.921829E-04 -1.616428E-02  2.034471E-08  2.045622E-08
  1.620000E+03  1.036367E-05  1.063470E-04 -4.773419E-07  1.913184E-04 -1.092159E-02  2.034493E-08  2.044500E-08
  1.621000E+03  1.015860E-05  1.062787E-04  8.525304E-07  1.914717E-04 -2.116020E-02  2.034481E-08  2.044424E-08
  1.622000E+03  1.091394E-05  1.058892E-04  6.183570E-07  1.921540E-04 -1.369410E-02  2.034512E-08  2.045546E-08
  1.623000E+03  1.046042E-05  1.064398E-04 -5.114141E-07  1.911517E-04 -1.268520E-02  2.034451E-08  2.044724E-08
  1.624000E+03  1.009943E-05  1.061457E-04  7.087523E-07  1.917066E-04 -2.145727E-02  2.034415E-08  2.044215E-08
  1.625000E+03  1.087031E-05  1.059569E-04  7.745790E-07  1.920217E-04 -1.157521E-02  2.034465E-08  2.045371E-08
  1.626000E+03  1.055960E-05  1.064829E-04 -5.086017E-07  1.910715E-04 -1.503748E-02  2.034355E-08  2.044905E-08
  1.627000E+03  1.006071E-05  1.060146E-04  5.425874E-07  1.919290E-04 -2.065916E-02  2.034293E-08  2.043956E-08
  1.628000E+03  1.080758E-05  1.060667E-04  9.060694E-07  1.918095E-04 -1.019999E-02  2.034354E-08  2.045130E-08
  1.629000E+03  1.065452E-05  1.064711E-04 -4.637499E-07  1.910941E-04 -1.754357E-02  2.034286E-08  2.045096E-08
  1.630000E+03  1.004614E-05  1.059129E-04  3.643235E-07  1.921034E-04 -1.889503E-02  2.034259E-08  2.043807E-08
  1.631000E+03  1.072624E-05  1.062015E-04  1.004932E-06  1.915609E-04 -9.835092E-03  2.034307E-08  2.044957E-08
  1.632000E+03  1.074134E-05  1.064054E-04 -3.746062E-07  1.912214E-04 -1.975868E-02  2.034302E-08  2.045330E-08
  1.633000E+03  1.005425E-05  1.058609E-04  1.829146E-07  1.921966E-04 -1.647632E-02  2.034335E-08  2.043804E-08
  1.634000E+03  1.063133E-05  1.063361E-04  1.069839E-06  1.913230E-04 -1.057512E-02  2.034341E-08  2.044873E-08
  1.635000E+03  1.081506E-05  1.062945E-04 -2.469604E-07  1.914314E-04 -2.126486E-02  2.034351E-08  2.045538E-08
  1.636000E+03  1.008288E-05  1.058686E-04  1.028076E-08  1.921839E-04 -1.384526E-02  2.034429E-08  2.043869E-08
  1.637000E+03  1.053152E-05  1.064446E-04  1.097705E-06  1.911385E-04 -1.230331E-02  2.034413E-08  2.044841E-08
  1.638000E+03  1.086971E-05  1.061577E-04 -9.315986E-08  1.916855E-04 -2.175637E-02  2.034409E-08  2.045680E-08
  1.639000E+03  1.013089E-05  1.059361E-04 -1.406065E-07  1.920631E-04 -1.150720E-02  2.034507E-08  2.043981E-08
  1.640000E+03  1.043482E-05  1.065047E-04  1.083957E-06  1.910450E-04 -1.471888E-02  2.034499E-08  2.044837E-08
  1.641000E+03  1.090224E-05  1.060208E-04  7.332236E-08  1.919377E-04 -2.107247E-02  2.034487E-08  2.045763E-08
  1.642000E+03  1.019726E-05  1.060529E-04 -2.627572E-07  1.918540E-04 -9.922108E-03  2.034568E-08  2.044149E-08
  1.643000E+03  1.034610E-05  1.065024E-04  1.026506E-06  1.910641E-04 -1.739198E-02  2.034571E-08  2.044821E-08
  1.644000E+03  1.091214E-05  1.059118E-04  2.431363E-07  1.921391E-04 -1.927818E-02  2.034601E-08  2.045811E-08
  1.645000E+03  1.027754E-05  1.061992E-04 -3.513303E-07  1.915955E-04 -9.437169E-03  2.034639E-08  2.044397E-08
  1.646000E+03  1.026942E-05  1.064379E-04  9.307847E-07  1.911983E-04 -1.980826E-02  2.034675E-08  2.044834E-08
  1.647000E+03  1.090003E-05  1.058553E-04  4.075799E-07  1.922474E-04 -1.673831E-02  2.034756E-08  2.045848E-08
  1.648000E+03  1.036537E-05  1.063474E-04 -4.021406E-07  1.913436E-04 -1.015748E-02  2.034784E-08  2.044773E-08
  1.649000E+03  1.020803E-05  1.063243E-04  8.068256E-07  1.914234E-04 -2.149257E-02  2.034825E-08  2.044885E-08
  1.650000E+03  1.086751E-05  1.058623E-04  5.587541E-07  1.922413E-04 -1.397013E-02  2.034912E-08  2.045858E-08
  1.651000E+03  1.045345E-05  1.064642E-04 -4.121526E-07  1.911485E-04 -1.194969E-02  2.034902E-08  2.045147E-08
  1.652000E+03  1.016499E-05  1.061798E-04  6.666653E-07  1.916913E-04 -2.207287E-02  2.034878E-08  2.044831E-08
  1.653000E+03  1.081758E-05  1.059281E-04  6.879710E-07  1.921155E-04 -1.150532E-02  2.034909E-08  2.045701E-08
  1.654000E+03  1.053579E-05  1.065228E-04 -3.822655E-07  1.910425E-04 -1.446811E-02  2.034825E-08  2.045324E-08
  1.655000E+03  1.014300E-05  1.060320E-04  5.200296E-07  1.919444E-04 -2.139088E-02  2.034759E-08  2.044604E-08
  1.656000E+03  1.075398E-05  1.060420E-04  7.865647E-07  1.918915E-04 -9.831441E-03  2.034757E-08  2.045409E-08
  1.657000E+03  1.061008E-05  1.065156E-04 -3.180457E-07  1.910491E-04 -1.722802E-02  2.034668E-08  2.045395E-08
  1.658000E+03  1.014306E-05  1.059140E-04  3.706859E-07  1.921393E-04 -1.959063E-02  2.034633E-08  2.044386E-08
  1.659000E+03  1.068052E-05  1.061854E-04  8.492904E-07  1.916196E-04 -9.286807E-03  2.034632E-08  2.045168E-08
  1.660000E+03  1.067460E-05  1.064471E-04 -2.256336E-07  1.911718E-04 -1.971623E-02  2.034574E-08  2.045484E-08
  1.661000E+03  1.016215E-05  1.058492E-04  2.246992E-07  1.922427E-04 -1.704738E-02  2.034577E-08  2.044263E-08
  1.662000E+03  1.060316E-05  1.063281E-04  8.771182E-07  1.913555E-04 -9.962314E-03  2.034547E-08  2.044996E-08
  1.663000E+03  1.072581E-05  1.063292E-04 -1.139936E-07  1.913825E-04 -2.144856E-02  2.034487E-08  2.045518E-08
  1.664000E+03  1.019550E-05  1.058463E-04  9.326584E-08  1.922319E-04 -1.426963E-02  2.034498E-08  2.044156E-08
  1.665000E+03  1.052798E-05  1.064398E-04  8.744356E-07  1.911464E-04 -1.169156E-02  2.034421E-08  2.044813E-08
  1.666000E+03  1.075884E-05  1.061837E-04  8.820387E-09  1.916357E-04 -2.207129E-02  2.034364E-08  2.045438E-08
  1.667000E+03  1.024056E-05  1.059054E-04 -1.164869E-08  1.921082E-04 -1.178706E-02  2.034389E-08  2.044069E-08
  1.668000E+03  1.045806E-05  1.065016E-04  8.437131E-07  1.910304E-04 -1.414091E-02  2.034302E-08  2.044655E-08
  1.669000E+03  1.077236E-05  1.060391E-04  1.377472E-07  1.918860E-04 -2.148531E-02  2.034272E-08  2.045315E-08
  1.670000E+03  1.029545E-05  1.060158E-04 -8.578440E-08  1.918979E-04 -1.005409E-02  2.034319E-08  2.044078E-08
  1.671000E+03  1.039578E-05  1.065061E-04  7.866981E-07  1.910265E-04 -1.687701E-02  2.034259E-08  2.044579E-08
  1.672000E+03  1.076737E-05  1.059207E-04  2.671681E-07  1.920932E-04 -1.983843E-02  2.034265E-08  2.045213E-08
  1.673000E+03  1.035693E-05  1.061566E-04 -1.283578E-07  1.916412E-04 -9.345644E-03  2.034309E-08  2.044202E-08
  1.674000E+03  1.034371E-05  1.064535E-04  7.077151E-07  1.911338E-04 -1.940030E-02  2.034304E-08  2.044588E-08
  1.675000E+03  1.074825E-05  1.058507E-04  3.881650E-07  1.922212E-04 -1.743714E-02  2.034366E-08  2.045183E-08
  1.676000E+03  1.042148E-05  1.063029E-04 -1.451494E-07  1.913859E-04 -9.779542E-03  2.034390E-08  2.044460E-08
  1.677000E+03  1.030452E-05  1.063517E-04  6.115364E-07  1.913341E-04 -2.125922E-02  2.034411E-08  2.044647E-08
  1.678000E+03  1.071748E-05  1.058391E-04  4.932414E-07  1.922446E-04 -1.471579E-02  2.034480E-08  2.045150E-08
  1.679000E+03  1.048534E-05  1.064259E-04 -1.379697E-07  1.911729E-04 -1.128602E-02  2.034444E-08  2.044718E-08
  1.680000E+03  1.028305E-05  1.062145E-04  5.015711E-07  1.915867E-04 -2.212743E-02  2.034430E-08  2.044612E-08
  1.681000E+03  1.067532E-05  1.058848E-04  5.724515E-07  1.921525E-04 -1.214705E-02  2.034453E-08  2.044976E-08
  1.682000E+03  1.054374E-05  1.065030E-04 -1.032227E-07  1.910345E-04 -1.358255E-02  2.034387E-08  2.044868E-08
  1.683000E+03  1.028078E-05  1.060675E-04  3.861564E-07  1.918446E-04 -2.184883E-02  2.034362E-08  2.044488E-08
  1.684000E+03  1.062416E-05  1.059836E-04  6.207665E-07  1.919629E-04 -1.017983E-02  2.034386E-08  2.044778E-08
  1.685000E+03  1.059297E-05  1.065251E-04 -4.254015E-08  1.909998E-04 -1.629157E-02  2.034357E-08  2.045026E-08
  1.686000E+03  1.029522E-05  1.059395E-04  2.748872E-07  1.920726E-04 -2.045048E-02  2.034381E-08  2.044452E-08
  1.687000E+03  1.056714E-05  1.061241E-04  6.405409E-07  1.917120E-04 -9.169730E-03  2.034441E-08  2.044732E-08
  1.688000E+03  1.062951E-05  1.064870E-04  4.078400E-08  1.910864E-04 -1.896842E-02  2.034456E-08  2.045269E-08
  1.689000E+03  1.032349E-05  1.058541E-04  1.772704E-07  1.922322E-04 -1.812661E-02  2.034522E-08  2.044547E-08
  1.690000E+03  1.050803E-05  1.062791E-04  6.343254E-07  1.914432E-04 -9.339374E-03  2.034553E-08  2.044779E-08
  1.691000E+03  1.065088E-05  1.063911E-04  1.412780E-07  1.912796E-04 -2.109287E-02  2.034594E-08  2.045488E-08
  1.692000E+03  1.036190E-05  1.058292E-04  1.014651E-07  1.922831E-04 -1.530732E-02  2.034679E-08  2.044679E-08
  1.693000E+03  1.045217E-05  1.064168E-04  6.049322E-07  1.912084E-04 -1.069291E-02  2.034663E-08  2.044863E-08
  1.694000E+03  1.065641E-05  1.062540E-04  2.487969E-07  1.915414E-04 -2.222242E-02  2.034702E-08  2.045604E-08
  1.695000E+03  1.040786E-05  1.058718E-04  5.103891E-08  1.922100E-04 -1.254103E-02  2.034802E-08  2.044812E-08
  1.696000E+03  1.040581E-05  1.065096E-04  5.522414E-07  1.910541E-04 -1.301624E-02  2.034738E-08  2.044948E-08
  1.697000E+03  1.064566E-05  1.061008E-04  3.511385E-07  1.918235E-04 -2.209237E-02  2.034766E-08  2.045601E-08
  1.698000E+03  1.046041E-05  1.059734E-04  2.766996E-08  1.920236E-04 -1.037328E-02  2.034830E-08  2.044899E-08
  1.699000E+03  1.037228E-05  1.065391E-04  4.753146E-07  1.910113E-04 -1.584984E-02  2.034762E-08  2.045004E-08
  1.700000E+03  1.061903E-05  1.059623E-04  4.413004E-07  1.920684E-04 -2.073819E-02  2.034764E-08  2.045468E-08
  1.701000E+03  1.051529E-05  1.061136E-04  3.423448E-08  1.917630E-04 -9.215475E-03  2.034780E-08  2.044957E-08
  1.702000E+03  1.035423E-05  1.065019E-04  3.804896E-07  1.910879E-04 -1.862417E-02  2.034770E-08  2.045053E-08
  1.703000E+03  1.057972E-05  1.058698E-04  5.112012E-07  1.922310E-04 -1.843592E-02  2.034799E-08  2.045329E-08
  1.704000E+03  1.056542E-05  1.062669E-04  7.032353E-08  1.914863E-04 -9.302096E-03  2.034779E-08  2.045097E-08
  1.705000E+03  1.035256E-05  1.064060E-04  2.811836E-07  1.912709E-04 -2.081988E-02  2.034796E-08  2.045115E-08
  1.706000E+03  1.053094E-05  1.058396E-04  5.563015E-07  1.922815E-04 -1.564374E-02  2.034850E-08  2.045190E-08
  1.707000E+03  1.060682E-05  1.064006E-04  1.329244E-07  1.912460E-04 -1.060531E-02  2.034754E-08  2.045231E-08
  1.708000E+03  1.036617E-05  1.062674E-04  1.863415E-07  1.915176E-04 -2.202487E-02  2.034713E-08  2.045056E-08
  1.709000E+03  1.047739E-05  1.058714E-04  5.747589E-07  1.922072E-04 -1.290457E-02  2.034756E-08  2.044916E-08
  1.710000E+03  1.063681E-05  1.064879E-04  2.148918E-07  1.910805E-04 -1.281526E-02  2.034610E-08  2.045240E-08
  1.711000E+03  1.039412E-05  1.061138E-04  1.021801E-07  1.917765E-04 -2.201872E-02  2.034519E-08  2.044871E-08
  1.712000E+03  1.042390E-05  1.059579E-04  5.643563E-07  1.920252E-04 -1.074524E-02  2.034542E-08  2.044557E-08
  1.713000E+03  1.065296E-05  1.065178E-04  3.085428E-07  1.910200E-04 -1.547090E-02  2.034460E-08  2.045216E-08
  1.714000E+03  1.043546E-05  1.059789E-04  3.436087E-08  1.920037E-04 -2.085547E-02  2.034391E-08  2.044746E-08
  1.715000E+03  1.037489E-05  1.060830E-04  5.232229E-07  1.917820E-04 -9.551762E-03  2.034387E-08  2.044306E-08
  1.716000E+03  1.065384E-05  1.064881E-04  4.062824E-07  1.910716E-04 -1.811433E-02  2.034351E-08  2.045186E-08
  1.717000E+03  1.048723E-05  1.058844E-04 -1.170776E-08  1.921624E-04 -1.879146E-02  2.034340E-08  2.044701E-08
  1.718000E+03  1.033410E-05  1.062218E-04  4.540967E-07  1.915208E-04 -9.485356E-03  2.034277E-08  2.044154E-08
  1.719000E+03  1.063892E-05  1.064038E-04  5.009992E-07  1.912212E-04 -2.026812E-02  2.034249E-08  2.045102E-08
  1.720000E+03  1.054388E-05  1.058450E-04 -3.018853E-08  1.922230E-04 -1.621721E-02  2.034316E-08  2.044692E-08
  1.721000E+03  1.030469E-05  1.063487E-04  3.654278E-07  1.912880E-04 -1.051211E-02  2.034211E-08  2.044099E-08
  1.722000E+03  1.061027E-05  1.062826E-04  5.846181E-07  1.914398E-04 -2.153716E-02  2.034201E-08  2.045006E-08
  1.723000E+03  1.059978E-05  1.058660E-04 -2.044883E-08  1.921775E-04 -1.363543E-02  2.034318E-08  2.044724E-08
  1.724000E+03  1.028865E-05  1.064437E-04  2.668249E-07  1.911228E-04 -1.241815E-02  2.034226E-08  2.044168E-08
  1.725000E+03  1.056668E-05  1.061463E-04  6.541373E-07  1.916893E-04 -2.174576E-02  2.034230E-08  2.044920E-08
  1.726000E+03  1.065263E-05  1.059403E-04  2.191259E-08  1.920378E-04 -1.148774E-02  2.034319E-08  2.044779E-08
  1.727000E+03  1.028676E-05  1.064909E-04  1.622318E-07  1.910487E-04 -1.484421E-02  2.034271E-08  2.044298E-08
  1.728000E+03  1.051059E-05  1.060178E-04  7.059247E-07  1.919237E-04 -2.090048E-02  2.034289E-08  2.044809E-08
  1.729000E+03  1.069903E-05  1.060539E-04  9.494324E-08  1.918312E-04 -1.009681E-02  2.034341E-08  2.044878E-08
  1.730000E+03  1.029822E-05  1.064849E-04  5.920033E-08  1.910753E-04 -1.737279E-02  2.034356E-08  2.044481E-08
  1.731000E+03  1.044863E-05  1.059198E-04  7.359054E-07  1.921074E-04 -1.916052E-02  2.034425E-08  2.044745E-08
  1.732000E+03  1.073454E-05  1.061906E-04  1.890633E-07  1.915937E-04 -9.692858E-03  2.034451E-08  2.045083E-08
  1.733000E+03  1.032470E-05  1.064262E-04 -3.481219E-08  1.912032E-04 -1.959666E-02  2.034511E-08  2.044738E-08
  1.734000E+03  1.038557E-05  1.058693E-04  7.366508E-07  1.922094E-04 -1.680725E-02  2.034620E-08  2.044730E-08
  1.735000E+03  1.075731E-05  1.063249E-04  2.962906E-07  1.913663E-04 -1.035263E-02  2.034592E-08  2.045328E-08
  1.736000E+03  1.036756E-05  1.063235E-04 -1.172320E-07  1.914075E-04 -2.111858E-02  2.034658E-08  2.044984E-08
  1.737000E+03  1.032545E-05  1.058745E-04  7.019691E-07  1.922074E-04 -1.427211E-02  2.034778E-08  2.044694E-08
  1.738000E+03  1.076605E-05  1.064316E-04  4.096144E-07  1.911871E-04 -1.197138E-02  2.034690E-08  2.045526E-08
  1.739000E+03  1.042432E-05  1.061924E-04 -1.833517E-07  1.916519E-04 -2.164822E-02  2.034720E-08  2.045132E-08
  1.740000E+03  1.027100E-05  1.059366E-04  6.345001E-07  1.920956E-04 -1.199693E-02  2.034849E-08  2.044604E-08
  1.741000E+03  1.075919E-05  1.064918E-04  5.248971E-07  1.910901E-04 -1.429146E-02  2.034746E-08  2.045661E-08
  1.742000E+03  1.049146E-05  1.060570E-04 -2.270090E-07  1.918955E-04 -2.105483E-02  2.034734E-08  2.045217E-08
  1.743000E+03  1.022418E-05  1.060440E-04  5.396541E-07  1.918946E-04 -1.040212E-02  2.034817E-08  2.044461E-08
  1.744000E+03  1.073641E-05  1.064947E-04  6.384751E-07  1.910957E-04 -1.685721E-02  2.034780E-08  2.045735E-08
  1.745000E+03  1.056387E-05  1.059464E-04 -2.431934E-07  1.920912E-04 -1.946038E-02  2.034752E-08  2.045292E-08
  1.746000E+03  1.018725E-05  1.061756E-04  4.257417E-07  1.916497E-04 -9.795033E-03  2.034754E-08  2.044345E-08
  1.747000E+03  1.069787E-05  1.064404E-04  7.456562E-07  1.912019E-04 -1.917270E-02  2.034787E-08  2.045729E-08
  1.748000E+03  1.063595E-05  1.058856E-04 -2.274309E-07  1.922005E-04 -1.718347E-02  2.034826E-08  2.045415E-08
  1.749000E+03  1.016482E-05  1.063063E-04  3.000836E-07  1.914121E-04 -1.033251E-02  2.034723E-08  2.044323E-08
  1.750000E+03  1.064399E-05  1.063380E-04  8.368163E-07  1.913920E-04 -2.076399E-02  2.034784E-08  2.045646E-08
  1.751000E+03  1.070438E-05  1.058870E-04 -1.777053E-07  1.921969E-04 -1.468754E-02  2.034896E-08  2.045536E-08
  1.752000E+03  1.015888E-05  1.064089E-04  1.676672E-07  1.912311E-04 -1.189698E-02  2.034725E-08  2.044389E-08
  1.753000E+03  1.057731E-05  1.062075E-04  9.058113E-07  1.916239E-04 -2.132648E-02  2.034727E-08  2.045443E-08
  1.754000E+03  1.076731E-05  1.059435E-04 -9.755754E-08  1.920837E-04 -1.247010E-02  2.034845E-08  2.045551E-08
  1.755000E+03  1.016922E-05  1.064636E-04  3.237426E-08  1.911344E-04 -1.410320E-02  2.034684E-08  2.044451E-08
  1.756000E+03  1.050241E-05  1.060767E-04  9.491162E-07  1.918479E-04 -2.079572E-02  2.034620E-08  2.045141E-08
  1.757000E+03  1.082050E-05  1.060395E-04  7.446103E-09  1.918902E-04 -1.095811E-02  2.034673E-08  2.045462E-08
  1.758000E+03  1.019694E-05  1.064628E-04 -9.822118E-08  1.911347E-04 -1.646420E-02  2.034598E-08  2.044489E-08
  1.759000E+03  1.042270E-05  1.059757E-04  9.616191E-07  1.920191E-04 -1.933858E-02  2.034555E-08  2.044849E-08
  1.760000E+03  1.085982E-05  1.061549E-04  1.339838E-07  1.916662E-04 -1.042663E-02  2.034521E-08  2.045403E-08
  1.761000E+03  1.024286E-05  1.064117E-04 -2.165296E-07  1.912262E-04 -1.852920E-02  2.034520E-08  2.044548E-08
  1.762000E+03  1.034170E-05  1.059221E-04  9.386457E-07  1.921101E-04 -1.731064E-02  2.034566E-08  2.044624E-08
  1.763000E+03  1.088247E-05  1.062672E-04  2.773685E-07  1.914573E-04 -1.090758E-02  2.034443E-08  2.045417E-08
  1.764000E+03  1.030444E-05  1.063215E-04 -3.147219E-07  1.913857E-04 -1.994686E-02  2.034437E-08  2.044599E-08
  1.765000E+03  1.026502E-05  1.059208E-04  8.805035E-07  1.921069E-04 -1.512804E-02  2.034578E-08  2.044417E-08
  1.766000E+03  1.088586E-05  1.063568E-04  4.285329E-07  1.912983E-04 -1.222278E-02  2.034435E-08  2.045484E-08
  1.767000E+03  1.037758E-05  1.062117E-04 -3.841286E-07  1.915820E-04 -2.048723E-02  2.034398E-08  2.044683E-08
  1.768000E+03  1.019805E-05  1.059653E-04  7.908260E-07  1.920178E-04 -1.320563E-02  2.034545E-08  2.044206E-08
  1.769000E+03  1.086929E-05  1.064087E-04  5.772929E-07  1.912089E-04 -1.406690E-02  2.034428E-08  2.045520E-08
  1.770000E+03  1.045969E-05  1.061033E-04 -4.210777E-07  1.917750E-04 -2.012713E-02  2.034384E-08  2.044782E-08
  1.771000E+03  1.014343E-05  1.060424E-04  6.725728E-07  1.918668E-04 -1.185749E-02  2.034458E-08  2.043992E-08
  1.772000E+03  1.083463E-05  1.064154E-04  7.167116E-07  1.911969E-04 -1.606520E-02  2.034367E-08  2.045460E-08
  1.773000E+03  1.054565E-05  1.060144E-04 -4.249671E-07  1.919285E-04 -1.899855E-02  2.034351E-08  2.044851E-08
  1.774000E+03  1.010504E-05  1.061356E-04  5.326812E-07  1.916840E-04 -1.126920E-02  2.034321E-08  2.043786E-08
  1.775000E+03  1.078449E-05  1.063805E-04  8.367422E-07  1.912573E-04 -1.785276E-02  2.034280E-08  2.045325E-08
  1.776000E+03  1.062986E-05  1.059596E-04 -3.962699E-07  1.920204E-04 -1.736545E-02  2.034334E-08  2.044928E-08
  1.777000E+03  1.008661E-05  1.062319E-04  3.792338E-07  1.915032E-04 -1.148384E-02  2.034241E-08  2.043703E-08
  1.778000E+03  1.071976E-05  1.063135E-04  9.291608E-07  1.913803E-04 -1.917346E-02  2.034257E-08  2.045202E-08
  1.779000E+03  1.070729E-05  1.059480E-04 -3.324426E-07  1.920414E-04 -1.553174E-02  2.034396E-08  2.045076E-08
  1.780000E+03  1.008906E-05  1.063177E-04  2.215480E-07  1.913572E-04 -1.242157E-02  2.034308E-08  2.043824E-08
  1.781000E+03  1.064320E-05  1.062275E-04  9.897280E-07  1.915465E-04 -1.984271E-02  2.034350E-08  2.045146E-08
  1.782000E+03  1.077369E-05  1.059788E-04 -2.354101E-07  1.919941E-04 -1.379641E-02  2.034538E-08  2.045298E-08
  1.783000E+03  1.010849E-05  1.063772E-04  7.151164E-08  1.912671E-04 -1.390185E-02  2.034449E-08  2.044061E-08
  1.784000E+03  1.056090E-05  1.061347E-04  1.021109E-06  1.917267E-04 -1.973905E-02  2.034490E-08  2.045097E-08
  1.785000E+03  1.082480E-05  1.060459E-04 -1.137606E-07  1.918816E-04 -1.245159E-02  2.034668E-08  2.045503E-08
  1.786000E+03  1.014229E-05  1.063980E-04 -6.012307E-08  1.912477E-04 -1.567045E-02  2.034587E-08  2.044321E-08
  1.787000E+03  1.047795E-05  1.060516E-04  1.024163E-06  1.918862E-04 -1.886508E-02  2.034622E-08  2.045017E-08
  1.788000E+03  1.085939E-05  1.061349E-04  2.332688E-08  1.917235E-04 -1.175196E-02  2.034714E-08  2.045618E-08
  1.789000E+03  1.018927E-05  1.063773E-04 -1.698256E-07  1.913013E-04 -1.736147E-02  2.034706E-08  2.044575E-08
  1.790000E+03  1.039744E-05  1.059981E-04  9.986311E-07  1.919921E-04 -1.742606E-02  2.034770E-08  2.044949E-08
  1.791000E+03  1.087827E-05  1.062290E-04  1.689493E-07  1.915592E-04 -1.182236E-02  2.034772E-08  2.045742E-08
  1.792000E+03  1.024856E-05  1.063225E-04 -2.584743E-07  1.914177E-04 -1.864431E-02  2.034846E-08  2.044849E-08
  1.793000E+03  1.032390E-05  1.059878E-04  9.424255E-07  1.920258E-04 -1.574405E-02  2.034987E-08  2.044966E-08
  1.794000E+03  1.088066E-05  1.063110E-04  3.146832E-07  1.914254E-04 -1.267487E-02  2.034900E-08  2.045924E-08
  1.795000E+03  1.031775E-05  1.062418E-04 -3.224901E-07  1.915764E-04 -1.928031E-02  2.034964E-08  2.045092E-08
  1.796000E+03  1.026098E-05  1.060202E-04  8.572182E-07  1.919777E-04 -1.414049E-02  2.035148E-08  2.044960E-08
  1.797000E+03  1.086819E-05  1.063619E-04  4.517902E-07  1.913467E-04 -1.410887E-02  2.034997E-08  2.046057E-08
  1.798000E+03  1.039292E-05  1.061492E-04 -3.617306E-07  1.917408E-04 -1.913830E-02  2.034941E-08  2.045180E-08
  1.799000E+03  1.020939E-05  1.060824E-04  7.502940E-07  1.918568E-04 -1.291736E-02  2.035092E-08  2.044782E-08
  1.800000E+03  1.084316E-05  1.063713E-04  5.768530E-07  1.913299E-04 -1.578014E-02  2.034948E-08  2.046017E-08
  1.801000E+03  1.046879E-05  1.060672E-04 -3.763513E-07  1.918749E-04 -1.826058E-02  2.034824E-08  2.045157E-08
  1.802000E+03  1.017119E-05  1.061593E-04  6.305329E-07  1.916926E-04 -1.236581E-02  2.034840E-08  2.044459E-08
  1.803000E+03  1.080615E-05  1.063380E-04  6.852851E-07  1.913779E-04 -1.729685E-02  2.034771E-08  2.045810E-08
  1.804000E+03  1.054108E-05  1.060208E-04 -3.638356E-07  1.919448E-04 -1.687650E-02  2.034724E-08  2.045137E-08
  1.805000E+03  1.014846E-05  1.062351E-04  5.047070E-07  1.915354E-04 -1.261664E-02  2.034616E-08  2.044220E-08
  1.806000E+03  1.075641E-05  1.062744E-04  7.735090E-07  1.914810E-04 -1.831514E-02  2.034612E-08  2.045572E-08
  1.807000E+03  1.060697E-05  1.060199E-04 -3.202553E-07  1.919398E-04 -1.536760E-02  2.034704E-08  2.045194E-08
  1.808000E+03  1.014190E-05  1.062929E-04  3.779186E-07  1.914254E-04 -1.354851E-02  2.034529E-08  2.044163E-08
  1.809000E+03  1.069715E-05  1.061960E-04  8.373911E-07  1.916123E-04 -1.864712E-02  2.034493E-08  2.045328E-08
  1.810000E+03  1.066332E-05  1.060566E-04 -2.493846E-07  1.918655E-04 -1.409152E-02  2.034659E-08  2.045225E-08
  1.811000E+03  1.015090E-05  1.063179E-04  2.570022E-07  1.913777E-04 -1.486468E-02  2.034463E-08  2.044159E-08
  1.812000E+03  1.063249E-05  1.061212E-04  8.746300E-07  1.917351E-04 -1.824629E-02  2.034376E-08  2.045054E-08
  1.813000E+03  1.070889E-05  1.061141E-04 -1.584552E-07  1.917440E-04 -1.333153E-02  2.034493E-08  2.045139E-08
  1.814000E+03  1.017423E-05  1.063067E-04  1.454674E-07  1.913903E-04 -1.619014E-02  2.034341E-08  2.044117E-08
  1.815000E+03  1.056482E-05  1.060691E-04  8.856485E-07  1.918168E-04 -1.730335E-02  2.034279E-08  2.044781E-08
  1.816000E+03  1.074421E-05  1.061766E-04 -5.269355E-08  1.916135E-04 -1.320917E-02  2.034308E-08  2.045037E-08
  1.817000E+03  1.020899E-05  1.062694E-04  4.476119E-08  1.914521E-04 -1.721655E-02  2.034249E-08  2.044111E-08
  1.818000E+03  1.049849E-05  1.060524E-04  8.725480E-07  1.918464E-04 -1.613112E-02  2.034313E-08  2.044645E-08
  1.819000E+03  1.076796E-05  1.062317E-04  6.027864E-08  1.915123E-04 -1.366737E-02  2.034278E-08  2.045082E-08
  1.820000E+03  1.025169E-05  1.062192E-04 -3.951231E-08  1.915477E-04 -1.774817E-02  2.034284E-08  2.044227E-08
  1.821000E+03  1.043878E-05  1.060687E-04  8.378274E-07  1.918268E-04 -1.503610E-02  2.034453E-08  2.044637E-08
  1.822000E+03  1.077622E-05  1.062687E-04  1.731842E-07  1.914565E-04 -1.451682E-02  2.034368E-08  2.045225E-08
  1.823000E+03  1.030137E-05  1.061655E-04 -9.860866E-08  1.916513E-04 -1.775795E-02  2.034355E-08  2.044375E-08
  1.824000E+03  1.038856E-05  1.061069E-04  7.809705E-07  1.917649E-04 -1.422519E-02  2.034552E-08  2.044623E-08
  1.825000E+03  1.076828E-05  1.062810E-04  2.808904E-07  1.914447E-04 -1.553001E-02  2.034448E-08  2.045326E-08
  1.826000E+03  1.035454E-05  1.061171E-04 -1.281471E-07  1.917395E-04 -1.730641E-02  2.034380E-08  2.044471E-08
  1.827000E+03  1.035051E-05  1.061563E-04  7.066800E-07  1.916752E-04 -1.380051E-02  2.034560E-08  2.044556E-08
  1.828000E+03  1.074851E-05  1.062688E-04  3.742643E-07  1.914711E-04 -1.651055E-02  2.034463E-08  2.045331E-08
  1.829000E+03  1.040637E-05  1.060834E-04 -1.327528E-07  1.917996E-04 -1.649400E-02  2.034399E-08  2.044553E-08
  1.830000E+03  1.032722E-05  1.062093E-04  6.224612E-07  1.915767E-04 -1.381875E-02  2.034528E-08  2.044493E-08
  1.831000E+03  1.071949E-05  1.062372E-04  4.459018E-07  1.915332E-04 -1.727266E-02  2.034492E-08  2.045319E-08
  1.832000E+03  1.045324E-05  1.060742E-04 -1.145417E-07  1.918230E-04 -1.549667E-02  2.034503E-08  2.044711E-08
  1.833000E+03  1.031885E-05  1.062571E-04  5.354445E-07  1.914936E-04 -1.429330E-02  2.034547E-08  2.044523E-08
  1.834000E+03  1.068438E-05  1.061917E-04  4.927454E-07  1.916233E-04 -1.766207E-02  2.034562E-08  2.045322E-08
  1.835000E+03  1.049326E-05  1.060938E-04 -7.824364E-08  1.918028E-04 -1.450940E-02  2.034693E-08  2.044951E-08
  1.836000E+03  1.032234E-05  1.062894E-04  4.520371E-07  1.914472E-04 -1.513921E-02  2.034648E-08  2.044663E-08
  1.837000E+03  1.064714E-05  1.061407E-04  5.176061E-07  1.917252E-04 -1.756271E-02  2.034671E-08  2.045341E-08
  1.838000E+03  1.052276E-05  1.061397E-04 -2.864439E-08  1.917371E-04 -1.377071E-02  2.034899E-08  2.045201E-08
  1.839000E+03  1.033431E-05  1.062966E-04  3.825190E-07  1.914500E-04 -1.620565E-02  2.034782E-08  2.044853E-08
  1.840000E+03  1.061233E-05  1.060935E-04  5.233295E-07  1.918162E-04 -1.694737E-02  2.034754E-08  2.045324E-08
  1.841000E+03  1.053932E-05  1.062017E-04  2.713691E-08  1.916329E-04 -1.348030E-02  2.034988E-08  2.045330E-08
  1.842000E+03  1.035127E-05  1.062736E-04  3.347485E-07  1.915039E-04 -1.724057E-02  2.034880E-08  2.045007E-08
  1.843000E+03  1.058206E-05  1.060647E-04  5.151518E-07  1.918707E-04 -1.590925E-02  2.034814E-08  2.045284E-08
  1.844000E+03  1.054651E-05  1.062640E-04  8.180623E-08  1.915188E-04 -1.374917E-02  2.034962E-08  2.045345E-08
  1.845000E+03  1.036957E-05  1.062251E-04  3.046325E-07  1.915989E-04 -1.794718E-02  2.034933E-08  2.045104E-08
  1.846000E+03  1.055702E-05  1.060678E-04  4.998152E-07  1.918704E-04 -1.470133E-02  2.034906E-08  2.045292E-08
  1.847000E+03  1.054774E-05  1.063119E-04  1.310858E-07  1.914311E-04 -1.457455E-02  2.034925E-08  2.045351E-08
  1.848000E+03  1.038759E-05  1.061608E-04  2.867527E-07  1.917173E-04 -1.811333E-02  2.034953E-08  2.045145E-08
  1.849000E+03  1.053823E-05  1.061073E-04  4.796698E-07  1.918072E-04 -1.363805E-02  2.035024E-08  2.045350E-08
  1.850000E+03  1.054533E-05  1.063308E-04  1.708951E-07  1.914006E-04 -1.579732E-02  2.034924E-08  2.045391E-08
  1.851000E+03  1.040413E-05  1.060950E-04  2.774306E-07  1.918304E-04 -1.762767E-02  2.034908E-08  2.045098E-08
  1.852000E+03  1.052738E-05  1.061738E-04  4.557114E-07  1.916890E-04 -1.302261E-02  2.035063E-08  2.045367E-08
  1.853000E+03  1.054033E-05  1.063120E-04  1.969824E-07  1.914359E-04 -1.713213E-02  2.034894E-08  2.045389E-08
  1.854000E+03  1.041685E-05  1.060425E-04  2.765953E-07  1.919071E-04 -1.655160E-02  2.034753E-08  2.044920E-08
  1.855000E+03  1.052508E-05  1.062490E-04  4.321258E-07  1.915383E-04 -1.305571E-02  2.034901E-08  2.045225E-08
  1.856000E+03  1.053282E-05  1.062559E-04  2.080283E-07  1.915274E-04 -1.822883E-02  2.034753E-08  2.045254E-08
  1.857000E+03  1.042593E-05  1.060213E-04  2.839241E-07  1.919219E-04 -1.510229E-02  2.034549E-08  2.044685E-08
  1.858000E+03  1.052919E-05  1.063135E-04  4.103707E-07  1.913975E-04 -1.379632E-02  2.034620E-08  2.044996E-08
  1.859000E+03  1.052370E-05  1.061750E-04  2.075654E-07  1.916557E-04 -1.877108E-02  2.034545E-08  2.045026E-08
  1.860000E+03  1.043002E-05  1.060442E-04  2.987431E-07  1.918659E-04 -1.362542E-02  2.034437E-08  2.044542E-08
  1.861000E+03  1.053698E-05  1.063532E-04  3.954739E-07  1.913118E-04 -1.512483E-02  2.034430E-08  2.044876E-08
  1.862000E+03  1.051615E-05  1.060894E-04  1.983676E-07  1.917962E-04 -1.858581E-02  2.034402E-08  2.044841E-08
  1.863000E+03  1.042754E-05  1.061096E-04  3.160445E-07  1.917492E-04 -1.251206E-02  2.034483E-08  2.044568E-08
  1.864000E+03  1.054631E-05  1.063562E-04  3.924797E-07  1.913089E-04 -1.675272E-02  2.034403E-08  2.044921E-08
  1.865000E+03  1.051317E-05  1.060186E-04  1.821763E-07  1.919172E-04 -1.764157E-02  2.034362E-08  2.044747E-08
  1.866000E+03  1.041758E-05  1.061989E-04  3.305441E-07  1.915930E-04 -1.209064E-02  2.034548E-08  2.044627E-08
  1.867000E+03  1.055784E-05  1.063156E-04  4.026243E-07  1.913871E-04 -1.827413E-02  2.034404E-08  2.044982E-08
  1.868000E+03  1.051448E-05  1.059769E-04  1.578755E-07  1.919815E-04 -1.611823E-02  2.034297E-08  2.044626E-08
  1.869000E+03  1.040155E-05  1.062872E-04  3.416266E-07  1.914272E-04 -1.249769E-02  2.034467E-08  2.044556E-08
  1.870000E+03  1.057097E-05  1.062395E-04  4.236030E-07  1.915216E-04 -1.931200E-02  2.034336E-08  2.044953E-08
  1.871000E+03  1.052051E-05  1.059764E-04  1.263348E-07  1.919705E-04 -1.436516E-02  2.034224E-08  2.044510E-08
  1.872000E+03  1.038128E-05  1.063575E-04  3.468549E-07  1.912940E-04 -1.363441E-02  2.034366E-08  2.044475E-08
  1.873000E+03  1.058175E-05  1.061486E-04  4.551176E-07  1.916860E-04 -1.964332E-02  2.034326E-08  2.044951E-08
  1.874000E+03  1.053352E-05  1.060213E-04  9.354661E-08  1.918923E-04 -1.278726E-02  2.034300E-08  2.044574E-08
  1.875000E+03  1.035730E-05  1.063977E-04  3.412317E-07  1.912307E-04 -1.525302E-02  2.034414E-08  2.044542E-08
  1.876000E+03  1.058731E-05  1.060633E-04  4.985404E-07  1.918506E-04 -1.919980E-02  2.034457E-08  2.045056E-08
  1.877000E+03  1.055513E-05  1.061014E-04  6.388625E-08  1.917656E-04 -1.172590E-02  2.034520E-08  2.044825E-08
  1.878000E+03  1.033073E-05  1.063985E-04  3.205356E-07  1.912488E-04 -1.702126E-02  2.034564E-08  2.044698E-08
  1.879000E+03  1.058477E-05  1.059942E-04  5.541087E-07  1.919827E-04 -1.807154E-02  2.034573E-08  2.045113E-08
  1.880000E+03  1.058471E-05  1.061994E-04  4.368220E-08  1.916058E-04 -1.134711E-02  2.034711E-08  2.045088E-08
  1.881000E+03  1.030536E-05  1.063576E-04  2.828017E-07  1.913373E-04 -1.864307E-02  2.034665E-08  2.044790E-08
  1.882000E+03  1.057251E-05  1.059504E-04  6.155723E-07  1.920582E-04 -1.642348E-02  2.034591E-08  2.045046E-08
  1.883000E+03  1.062122E-05  1.062997E-04  3.708950E-08  1.914319E-04 -1.173568E-02  2.034775E-08  2.045264E-08
  1.884000E+03  1.028541E-05  1.062814E-04  2.265124E-07  1.914840E-04 -1.984216E-02  2.034719E-08  2.044823E-08
  1.885000E+03  1.054929E-05  1.059441E-04  6.755296E-07  1.920650E-04 -1.449775E-02  2.034601E-08  2.044953E-08
  1.886000E+03  1.066384E-05  1.063876E-04  4.728359E-08  1.912772E-04 -1.288755E-02  2.034783E-08  2.045418E-08
  1.887000E+03  1.027497E-05  1.061818E-04  1.497994E-07  1.916714E-04 -2.039279E-02  2.034778E-08  2.044852E-08
  1.888000E+03  1.051437E-05  1.059819E-04  7.263929E-07  1.919986E-04 -1.260563E-02  2.034675E-08  2.044915E-08
  1.889000E+03  1.070994E-05  1.064458E-04  7.800782E-08  1.911764E-04 -1.466340E-02  2.034773E-08  2.045573E-08
  1.890000E+03  1.027575E-05  1.060742E-04  5.649580E-08  1.918696E-04 -2.012553E-02  2.034829E-08  2.044867E-08
  1.891000E+03  1.046804E-05  1.060624E-04  7.644547E-07  1.918610E-04 -1.111427E-02  2.034798E-08  2.044928E-08
  1.892000E+03  1.075399E-05  1.064612E-04  1.334155E-07  1.911570E-04 -1.678591E-02  2.034794E-08  2.045754E-08
  1.893000E+03  1.029051E-05  1.059760E-04 -4.464941E-08  1.920449E-04 -1.901039E-02  2.034847E-08  2.044853E-08
  1.894000E+03  1.041109E-05  1.061761E-04  7.835108E-07  1.916660E-04 -1.034004E-02  2.034926E-08  2.044957E-08
  1.895000E+03  1.079000E-05  1.064255E-04  2.170339E-07  1.912328E-04 -1.891152E-02  2.034842E-08  2.045932E-08
  1.896000E+03  1.032148E-05  1.059060E-04 -1.434931E-07  1.921637E-04 -1.713049E-02  2.034831E-08  2.044819E-08
  1.897000E+03  1.034581E-05  1.063041E-04  7.771424E-07  1.914402E-04 -1.053286E-02  2.034974E-08  2.044927E-08
  1.898000E+03  1.081347E-05  1.063380E-04  3.281340E-07  1.913995E-04 -2.062523E-02  2.034871E-08  2.046040E-08
  1.899000E+03  1.036725E-05  1.058835E-04 -2.298129E-07  1.921933E-04 -1.474490E-02  2.034788E-08  2.044785E-08
  1.900000E+03  1.027720E-05  1.064196E-04  7.438836E-07  1.912285E-04 -1.178960E-02  2.034905E-08  2.044804E-08
  1.901000E+03  1.082355E-05  1.062122E-04  4.573836E-07  1.916291E-04 -2.151145E-02  2.034865E-08  2.046052E-08
  1.902000E+03  1.042363E-05  1.059216E-04 -2.983144E-07  1.921166E-04 -1.232270E-02  2.034775E-08  2.044816E-08
  1.903000E+03  1.021204E-05  1.064973E-04  6.863222E-07  1.910874E-04 -1.392887E-02  2.034831E-08  2.044700E-08
  1.904000E+03  1.081937E-05  1.060733E-04  5.918831E-07  1.918779E-04 -2.130955E-02  2.034849E-08  2.045989E-08
  1.905000E+03  1.048875E-05  1.060183E-04 -3.456166E-07  1.919417E-04 -1.039844E-02  2.034824E-08  2.044957E-08
  1.906000E+03  1.015766E-05  1.065176E-04  6.020076E-07  1.910557E-04 -1.656338E-02  2.034800E-08  2.044657E-08
  1.907000E+03  1.079771E-05  1.059476E-04  7.196987E-07  1.920952E-04 -1.997657E-02  2.034797E-08  2.045824E-08
  1.908000E+03  1.056165E-05  1.061545E-04 -3.644722E-07  1.916947E-04 -9.423285E-03  2.034836E-08  2.045118E-08
  1.909000E+03  1.011788E-05  1.064712E-04  4.895410E-07  1.911428E-04 -1.916565E-02  2.034748E-08  2.044599E-08
  1.910000E+03  1.075816E-05  1.058609E-04  8.334698E-07  1.922308E-04 -1.772130E-02  2.034653E-08  2.045515E-08
  1.911000E+03  1.063863E-05  1.063002E-04 -3.508607E-07  1.914206E-04 -9.658430E-03  2.034711E-08  2.045192E-08
  1.912000E+03  1.009368E-05  1.063634E-04  3.555710E-07  1.913312E-04 -2.117013E-02  2.034608E-08  2.044446E-08
  1.913000E+03  1.070377E-05  1.058344E-04  9.286335E-07  1.922511E-04 -1.495584E-02  2.034450E-08  2.045118E-08
  1.914000E+03  1.071432E-05  1.064263E-04 -3.063205E-07  1.911788E-04 -1.110260E-02  2.034520E-08  2.045233E-08
  1.915000E+03  1.008463E-05  1.062184E-04  2.112255E-07  1.915835E-04 -2.215581E-02  2.034469E-08  2.044281E-08
  1.916000E+03  1.063677E-05  1.058777E-04  1.004147E-06  1.921562E-04 -1.223341E-02  2.034355E-08  2.044824E-08
  1.917000E+03  1.078549E-05  1.065094E-04 -2.325843E-07  1.910245E-04 -1.348948E-02  2.034407E-08  2.045358E-08
  1.918000E+03  1.009099E-05  1.060662E-04  6.276032E-08  1.918526E-04 -2.192416E-02  2.034420E-08  2.044193E-08
  1.919000E+03  1.055780E-05  1.059814E-04  1.058922E-06  1.919654E-04 -1.013129E-02  2.034372E-08  2.044655E-08
  1.920000E+03  1.084977E-05  1.065314E-04 -1.289005E-07  1.909895E-04 -1.632367E-02  2.034366E-08  2.045540E-08
  1.921000E+03  1.011457E-05  1.059347E-04 -8.657953E-08  1.920825E-04 -2.051826E-02  2.034391E-08  2.044127E-08
  1.922000E+03  1.047009E-05  1.061208E-04  1.086584E-06  1.917120E-04 -9.067148E-03  2.034380E-08  2.044504E-08
  1.923000E+03  1.090399E-05  1.064878E-04  9.588039E-10  1.910735E-04 -1.902704E-02  2.034331E-08  2.045686E-08
  1.924000E+03  1.015625E-05  1.058456E-04 -2.311826E-07  1.922285E-04 -1.822698E-02  2.034316E-08  2.044033E-08
  1.925000E+03  1.037760E-05  1.062706E-04  1.081954E-06  1.914419E-04 -9.182051E-03  2.034379E-08  2.044375E-08
  1.926000E+03  1.094493E-05  1.063916E-04  1.517803E-07  1.912561E-04 -2.114215E-02  2.034350E-08  2.045826E-08
  1.927000E+03  1.021528E-05  1.058163E-04 -3.639529E-07  1.922749E-04 -1.546885E-02  2.034339E-08  2.044073E-08
  1.928000E+03  1.028424E-05  1.064075E-04  1.043231E-06  1.912064E-04 -1.044160E-02  2.034468E-08  2.044364E-08
  1.929000E+03  1.096926E-05  1.062625E-04  3.185731E-07  1.915077E-04 -2.232697E-02  2.034502E-08  2.046030E-08
  1.930000E+03  1.028907E-05  1.058518E-04 -4.759902E-07  1.922193E-04 -1.274016E-02  2.034510E-08  2.044307E-08
  1.931000E+03  1.019524E-05  1.065078E-04  9.710840E-07  1.910464E-04 -1.261804E-02  2.034631E-08  2.044455E-08
  1.932000E+03  1.097239E-05  1.061200E-04  4.947271E-07  1.917852E-04 -2.238422E-02  2.034715E-08  2.046214E-08
  1.933000E+03  1.037548E-05  1.059426E-04 -5.562035E-07  1.920682E-04 -1.049253E-02  2.034709E-08  2.044625E-08
  1.934000E+03  1.011438E-05  1.065530E-04  8.666358E-07  1.909839E-04 -1.533195E-02  2.034752E-08  2.044519E-08
  1.935000E+03  1.095257E-05  1.059842E-04  6.741757E-07  1.920378E-04 -2.132053E-02  2.034834E-08  2.046226E-08
  1.936000E+03  1.047245E-05  1.060728E-04 -5.993409E-07  1.918406E-04 -9.079560E-03  2.034823E-08  2.044916E-08
  1.937000E+03  1.004636E-05  1.065369E-04  7.299796E-07  1.910288E-04 -1.811136E-02  2.034828E-08  2.044549E-08
  1.938000E+03  1.090894E-05  1.058783E-04  8.481870E-07  1.922256E-04 -1.932149E-02  2.034873E-08  2.046093E-08
  1.939000E+03  1.057638E-05  1.062250E-04 -6.005870E-07  1.915741E-04 -8.734598E-03  2.034917E-08  2.045241E-08
  1.940000E+03  9.998040E-06  1.064638E-04  5.624729E-07  1.911791E-04 -2.053377E-02  2.034937E-08  2.044619E-08
  1.941000E+03  1.084190E-05  1.058220E-04  1.002634E-06  1.923251E-04 -1.666828E-02  2.034939E-08  2.045936E-08
  1.942000E+03  1.068215E-05  1.063760E-04 -5.563558E-07  1.913106E-04 -9.573908E-03  2.034992E-08  2.045588E-08
  1.943000E+03  9.974272E-06  1.063408E-04  3.702814E-07  1.914163E-04 -2.219928E-02  2.035035E-08  2.044687E-08
  1.944000E+03  1.075610E-05  1.058264E-04  1.123798E-06  1.923123E-04 -1.375245E-02  2.034980E-08  2.045725E-08
  1.945000E+03  1.078317E-05  1.064972E-04 -4.703825E-07  1.910939E-04 -1.151974E-02  2.034962E-08  2.045851E-08
  1.946000E+03  9.975184E-06  1.061834E-04  1.665171E-07  1.917003E-04 -2.277215E-02  2.035011E-08  2.044636E-08
  1.947000E+03  1.065720E-05  1.058949E-04  1.206579E-06  1.921770E-04 -1.106254E-02  2.034933E-08  2.045426E-08
  1.948000E+03  1.087229E-05  1.065656E-04 -3.479037E-07  1.909678E-04 -1.428009E-02  2.034852E-08  2.046023E-08
  1.949000E+03  1.000195E-05  1.060197E-04 -3.546241E-08  1.919826E-04 -2.208117E-02  2.034898E-08  2.044505E-08
  1.950000E+03  1.054900E-05  1.060216E-04  1.245376E-06  1.919360E-04 -9.129210E-03  2.034851E-08  2.045114E-08
  1.951000E+03  1.094182E-05  1.065657E-04 -1.899687E-07  1.909688E-04 -1.738060E-02  2.034766E-08  2.046171E-08
  1.952000E+03  1.005498E-05  1.058841E-04 -2.205542E-07  1.922113E-04 -2.016627E-02  2.034799E-08  2.044408E-08
  1.953000E+03  1.043528E-05  1.061840E-04  1.236097E-06  1.916337E-04 -8.403775E-03  2.034772E-08  2.044842E-08
  1.954000E+03  1.098891E-05  1.064942E-04 -1.749193E-09  1.911031E-04 -2.022510E-02  2.034722E-08  2.046291E-08
  1.955000E+03  1.012868E-05  1.058060E-04 -3.782380E-07  1.923375E-04 -1.735336E-02  2.034740E-08  2.044377E-08
  1.956000E+03  1.032210E-05  1.063487E-04  1.184849E-06  1.913312E-04 -9.078152E-03  2.034698E-08  2.044620E-08
  1.957000E+03  1.101312E-05  1.063613E-04  2.049748E-07  1.913453E-04 -2.221906E-02  2.034672E-08  2.046316E-08
  1.958000E+03  1.021680E-05  1.058040E-04 -5.022688E-07  1.923285E-04 -1.418153E-02  2.034708E-08  2.044409E-08
  1.959000E+03  1.021895E-05  1.064802E-04  1.096038E-06  1.910915E-04 -1.107247E-02  2.034622E-08  2.044446E-08
  1.960000E+03  1.101126E-05  1.061929E-04  4.138326E-07  1.916465E-04 -2.290588E-02  2.034616E-08  2.046233E-08
  1.961000E+03  1.031669E-05  1.058779E-04 -5.840094E-07  1.921818E-04 -1.132118E-02  2.034651E-08  2.044469E-08
  1.962000E+03  1.013258E-05  1.065511E-04  9.691973E-07  1.909651E-04 -1.395868E-02  2.034556E-08  2.044324E-08
  1.963000E+03  1.098360E-05  1.060251E-04  6.110423E-07  1.919397E-04 -2.217635E-02  2.034542E-08  2.046039E-08
  1.964000E+03  1.042568E-05  1.060071E-04 -6.216742E-07  1.919316E-04 -9.376214E-03  2.034522E-08  2.044522E-08
  1.965000E+03  1.006459E-05  1.065474E-04  8.083701E-07  1.909720E-04 -1.707512E-02  2.034461E-08  2.044193E-08
  1.966000E+03  1.093370E-05  1.058937E-04  7.903549E-07  1.921610E-04 -2.023049E-02  2.034447E-08  2.045752E-08
  1.967000E+03  1.053793E-05  1.061636E-04 -6.174415E-07  1.916359E-04 -8.707268E-03  2.034399E-08  2.044635E-08
  1.968000E+03  1.001810E-05  1.064751E-04  6.225719E-07  1.911046E-04 -1.979531E-02  2.034390E-08  2.044093E-08
  1.969000E+03  1.086361E-05  1.058240E-04  9.437414E-07  1.922745E-04 -1.750019E-02  2.034415E-08  2.045480E-08
  1.970000E+03  1.064621E-05  1.063195E-04 -5.692465E-07  1.913562E-04 -9.376851E-03  2.034400E-08  2.044907E-08
  1.971000E+03  9.995723E-06  1.063540E-04  4.241421E-07  1.913343E-04 -2.165521E-02  2.034441E-08  2.044120E-08
  1.972000E+03  1.077594E-05  1.058271E-04  1.063717E-06  1.922709E-04 -1.453697E-02  2.034532E-08  2.045335E-08
  1.973000E+03  1.074478E-05  1.064451E-04 -4.774124E-07  1.911457E-04 -1.120205E-02  2.034524E-08  2.045311E-08
  1.974000E+03  9.997142E-06  1.062084E-04  2.248664E-07  1.916131E-04 -2.233668E-02  2.034585E-08  2.044240E-08
  1.975000E+03  1.067629E-05  1.058932E-04  1.146129E-06  1.921543E-04 -1.193869E-02  2.034639E-08  2.045186E-08
  1.976000E+03  1.082870E-05  1.065141E-04 -3.489623E-07  1.910335E-04 -1.374845E-02  2.034585E-08  2.045630E-08
  1.977000E+03  1.002270E-05  1.060631E-04  3.437124E-08  1.918790E-04 -2.176092E-02  2.034646E-08  2.044286E-08
  1.978000E+03  1.056950E-05  1.060044E-04  1.186149E-06  1.919479E-04 -1.014405E-02  2.034627E-08  2.044943E-08
  1.979000E+03  1.089516E-05  1.065196E-04 -1.912345E-07  1.910296E-04 -1.649849E-02  2.034564E-08  2.045825E-08
  1.980000E+03  1.007221E-05  1.059458E-04 -1.415424E-07  1.920863E-04 -2.013326E-02  2.034661E-08  2.044305E-08
  1.981000E+03  1.045913E-05  1.061418E-04  1.181067E-06  1.916984E-04 -9.394752E-03  2.034632E-08  2.044751E-08
  1.982000E+03  1.094209E-05  1.064704E-04 -9.626811E-09  1.911320E-04 -1.897745E-02  2.034623E-08  2.046039E-08
  1.983000E+03  1.014430E-05  1.058770E-04 -2.975231E-07  1.922119E-04 -1.783601E-02  2.034758E-08  2.044442E-08
  1.984000E+03  1.035076E-05  1.062834E-04  1.128942E-06  1.914560E-04 -9.741110E-03  2.034763E-08  2.044722E-08
  1.985000E+03  1.096500E-05  1.063778E-04  1.885408E-07  1.913202E-04 -2.081050E-02  2.034782E-08  2.046274E-08
  1.986000E+03  1.023555E-05  1.058634E-04 -4.216328E-07  1.922430E-04 -1.526750E-02  2.034911E-08  2.044679E-08
  1.987000E+03  1.025092E-05  1.064038E-04  1.030996E-06  1.912525E-04 -1.110299E-02  2.034874E-08  2.044716E-08
  1.988000E+03  1.096101E-05  1.062535E-04  3.925884E-07  1.915600E-04 -2.169810E-02  2.034913E-08  2.046391E-08
  1.989000E+03  1.034011E-05  1.059049E-04 -5.030714E-07  1.921689E-04 -1.283433E-02  2.034995E-08  2.044893E-08
  1.990000E+03  1.016487E-05  1.064814E-04  8.945170E-07  1.911188E-04 -1.324328E-02  2.034882E-08  2.044645E-08
  1.991000E+03  1.093082E-05  1.061177E-04  5.913278E-07  1.918081E-04 -2.148811E-02  2.034953E-08  2.046329E-08
  1.992000E+03  1.045106E-05  1.059955E-04 -5.373208E-07  1.920003E-04 -1.094542E-02  2.034995E-08  2.045069E-08
  1.993000E+03  1.009912E-05  1.065044E-04  7.278166E-07  1.910819E-04 -1.577302E-02  2.034852E-08  2.044573E-08
  1.994000E+03  1.087514E-05  1.059946E-04  7.710734E-07  1.920233E-04 -2.023178E-02  2.034927E-08  2.046125E-08
  1.995000E+03  1.056103E-05  1.061220E-04 -5.195191E-07  1.917656E-04 -9.943539E-03  2.034954E-08  2.045240E-08
  1.996000E+03  1.005945E-05  1.064695E-04  5.407914E-07  1.911532E-04 -1.825849E-02  2.034859E-08  2.044568E-08
  1.997000E+03  1.079738E-05  1.059091E-04  9.173157E-07  1.921687E-04 -1.814653E-02  2.034907E-08  2.045868E-08
  1.998000E+03  1.066459E-05  1.062600E-04 -4.518842E-07  1.915098E-04 -1.004162E-02  2.034880E-08  2.045407E-08
  1.999000E+03  1.004688E-05  1.063821E-04  3.434491E-07  1.913190E-04 -2.022652E-02  2.034875E-08  2.044593E-08
  2.000000E+03  1.070324E-05  1.058798E-04  1.023118E-06  1.922140E-04 -1.561993E-02  2.034909E-08  2.045603E-08
  2.001000E+03  1.075719E-05  1.063814E-04 -3.419331E-07  1.912857E-04 -1.124139E-02  2.034796E-08  2.045573E-08
  2.002000E+03  1.006199E-05  1.062561E-04  1.444537E-07  1.915470E-04 -2.127705E-02  2.034842E-08  2.044581E-08
  2.003000E+03  1.059946E-05  1.059137E-04  1.081554E-06  1.921446E-04 -1.312713E-02  2.034900E-08  2.045326E-08
  2.004000E+03  1.083103E-05  1.064607E-04 -1.965759E-07  1.911391E-04 -1.333259E-02  2.034698E-08  2.045707E-08
  2.005000E+03  1.010590E-05  1.061144E-04 -4.149597E-08  1.917933E-04 -2.115452E-02  2.034749E-08  2.044524E-08
  2.006000E+03  1.049097E-05  1.060058E-04  1.086146E-06  1.919666E-04 -1.119359E-02  2.034830E-08  2.045011E-08
  2.007000E+03  1.088098E-05  1.064811E-04 -2.131255E-08  1.911027E-04 -1.590342E-02  2.034626E-08  2.045818E-08
  2.008000E+03  1.017483E-05  1.059891E-04 -2.008534E-07  1.920065E-04 -1.987036E-02  2.034659E-08  2.044486E-08
  2.009000E+03  1.038324E-05  1.061334E-04  1.039800E-06  1.917213E-04 -1.024627E-02  2.034697E-08  2.044677E-08
  2.010000E+03  1.090617E-05  1.064395E-04  1.736201E-07  1.911818E-04 -1.836059E-02  2.034588E-08  2.045896E-08
  2.011000E+03  1.026016E-05  1.059105E-04 -3.244625E-07  1.921382E-04 -1.774022E-02  2.034625E-08  2.044523E-08
  2.012000E+03  1.028401E-05  1.062661E-04  9.532404E-07  1.914705E-04 -1.048233E-02  2.034570E-08  2.044405E-08
  2.013000E+03  1.090561E-05  1.063448E-04  3.734934E-07  1.913546E-04 -2.015597E-02  2.034542E-08  2.045881E-08
  2.014000E+03  1.035600E-05  1.058970E-04 -4.053498E-07  1.921585E-04 -1.523631E-02  2.034666E-08  2.044660E-08
  2.015000E+03  1.020131E-05  1.063761E-04  8.314020E-07  1.912708E-04 -1.185462E-02  2.034522E-08  2.044270E-08
  2.016000E+03  1.087867E-05  1.062185E-04  5.627126E-07  1.915836E-04 -2.091436E-02  2.034528E-08  2.045806E-08
  2.017000E+03  1.045832E-05  1.059480E-04 -4.387431E-07  1.920642E-04 -1.293846E-02  2.034712E-08  2.044840E-08
  2.018000E+03  1.013947E-05  1.064396E-04  6.787093E-07  1.911634E-04 -1.400424E-02  2.034535E-08  2.044247E-08
  2.019000E+03  1.082852E-05  1.060893E-04  7.298764E-07  1.918148E-04 -2.051071E-02  2.034523E-08  2.045657E-08
  2.020000E+03  1.056203E-05  1.060439E-04 -4.267166E-07  1.918816E-04 -1.134328E-02  2.034657E-08  2.044958E-08
  2.021000E+03  1.010132E-05  1.064439E-04  5.029529E-07  1.911592E-04 -1.638891E-02  2.034500E-08  2.044212E-08
  2.022000E+03  1.075838E-05  1.059852E-04  8.665546E-07  1.919945E-04 -1.910229E-02  2.034486E-08  2.045413E-08
  2.023000E+03  1.066216E-05  1.061612E-04 -3.714420E-07  1.916568E-04 -1.073596E-02  2.034534E-08  2.045041E-08
  2.024000E+03  1.008792E-05  1.063936E-04  3.132084E-07  1.912517E-04 -1.848370E-02  2.034449E-08  2.044183E-08
  2.025000E+03  1.067132E-05  1.059305E-04  9.679603E-07  1.920896E-04 -1.705470E-02  2.034520E-08  2.045201E-08
  2.026000E+03  1.075254E-05  1.062781E-04 -2.738282E-07  1.914456E-04 -1.119425E-02  2.034521E-08  2.045249E-08
  2.027000E+03  1.009952E-05  1.063048E-04  1.216814E-07  1.914217E-04 -1.989428E-02  2.034502E-08  2.044273E-08
  2.028000E+03  1.057183E-05  1.059333E-04  1.029783E-06  1.920902E-04 -1.484497E-02  2.034651E-08  2.045072E-08
  2.029000E+03  1.082699E-05  1.063717E-04 -1.376131E-07  1.912898E-04 -1.255705E-02  2.034621E-08  2.045562E-08
  2.030000E+03  1.013562E-05  1.061955E-04 -5.881507E-08  1.916304E-04 -2.039252E-02  2.034606E-08  2.044426E-08
  2.031000E+03  1.046590E-05  1.059849E-04  1.047878E-06  1.920017E-04 -1.289571E-02  2.034759E-08  2.044929E-08
  2.032000E+03  1.088087E-05  1.064234E-04  2.916164E-08  1.912075E-04 -1.449628E-02  2.034682E-08  2.045803E-08
  2.033000E+03  1.019539E-05  1.060864E-04 -2.182210E-07  1.918344E-04 -1.990789E-02  2.034699E-08  2.044584E-08
  2.034000E+03  1.035782E-05  1.060730E-04  1.020233E-06  1.918431E-04 -1.156523E-02  2.034801E-08  2.044748E-08
  2.035000E+03  1.091235E-05  1.064255E-04  2.193963E-07  1.912115E-04 -1.660970E-02  2.034697E-08  2.045949E-08
  2.036000E+03  1.027649E-05  1.060013E-04 -3.508624E-07  1.919934E-04 -1.858414E-02  2.034804E-08  2.044775E-08
  2.037000E+03  1.025477E-05  1.061815E-04  9.454331E-07  1.916521E-04 -1.109265E-02  2.034865E-08  2.044629E-08
  2.038000E+03  1.091719E-05  1.063810E-04  4.223268E-07  1.913020E-04 -1.848481E-02  2.034742E-08  2.046053E-08
  2.039000E+03  1.037533E-05  1.059542E-04 -4.451505E-07  1.920813E-04 -1.672618E-02  2.034897E-08  2.044982E-08
  2.040000E+03  1.016577E-05  1.062912E-04  8.229684E-07  1.914626E-04 -1.152732E-02  2.034944E-08  2.044581E-08
  2.041000E+03  1.089343E-05  1.062998E-04  6.215051E-07  1.914619E-04 -1.979329E-02  2.034837E-08  2.046124E-08
  2.042000E+03  1.048527E-05  1.059523E-04 -4.914780E-07  1.920858E-04 -1.468177E-02  2.034974E-08  2.045203E-08
  2.043000E+03  1.009626E-05  1.063807E-04  6.615177E-07  1.913072E-04 -1.278939E-02  2.034974E-08  2.044542E-08
  2.044000E+03  1.084378E-05  1.061966E-04  8.036462E-07  1.916597E-04 -2.028354E-02  2.034943E-08  2.046125E-08
  2.045000E+03  1.059914E-05  1.059975E-04 -4.891324E-07  1.920053E-04 -1.282642E-02  2.035040E-08  2.045441E-08
  2.046000E+03  1.004985E-05  1.064303E-04  4.724116E-07  1.912186E-04 -1.465150E-02  2.034927E-08  2.044477E-08
  2.047000E+03  1.076975E-05  1.060891E-04  9.602487E-07  1.918551E-04 -1.983514E-02  2.034973E-08  2.045973E-08
  2.048000E+03  1.070944E-05  1.060827E-04 -4.347303E-07  1.918494E-04 -1.151851E-02  2.035055E-08  2.045651E-08
  2.049000E+03  1.003057E-05  1.064293E-04  2.672647E-07  1.912184E-04 -1.675497E-02  2.034838E-08  2.044416E-08
  2.050000E+03  1.067455E-05  1.059971E-04  1.080433E-06  1.920093E-04 -1.852115E-02  2.034894E-08  2.045648E-08
  2.051000E+03  1.080916E-05  1.061934E-04 -3.287629E-07  1.916429E-04 -1.103586E-02  2.034997E-08  2.045802E-08
  2.052000E+03  1.003878E-05  1.063776E-04  5.986741E-08  1.913112E-04 -1.869246E-02  2.034766E-08  2.044405E-08
  2.053000E+03  1.056503E-05  1.059416E-04  1.157643E-06  1.920922E-04 -1.657854E-02  2.034776E-08  2.045247E-08
  2.054000E+03  1.089370E-05  1.063056E-04 -1.810187E-07  1.914279E-04 -1.153729E-02  2.034849E-08  2.045869E-08
  2.055000E+03  1.007423E-05  1.062848E-04 -1.403375E-07  1.914784E-04 -2.003340E-02  2.034716E-08  2.044437E-08
  2.056000E+03  1.044904E-05  1.059385E-04  1.185659E-06  1.920846E-04 -1.438911E-02  2.034705E-08  2.044888E-08
  2.057000E+03  1.095702E-05  1.063936E-04 -2.109859E-09  1.912568E-04 -1.294935E-02  2.034679E-08  2.045895E-08
  2.058000E+03  1.013758E-05  1.061683E-04 -3.217777E-07  1.916842E-04 -2.046026E-02  2.034653E-08  2.044475E-08
  2.059000E+03  1.033229E-05  1.059926E-04  1.158236E-06  1.919818E-04 -1.241181E-02  2.034708E-08  2.044621E-08
  2.060000E+03  1.099514E-05  1.064376E-04  1.998760E-07  1.911712E-04 -1.502146E-02  2.034551E-08  2.045924E-08
  2.061000E+03  1.022584E-05  1.060502E-04 -4.738841E-07  1.918873E-04 -1.983773E-02  2.034569E-08  2.044505E-08
  2.062000E+03  1.022017E-05  1.060932E-04  1.076821E-06  1.917964E-04 -1.110106E-02  2.034703E-08  2.044389E-08
  2.063000E+03  1.100668E-05  1.064271E-04  4.152941E-07  1.911920E-04 -1.731568E-02  2.034495E-08  2.045965E-08
  2.064000E+03  1.033077E-05  1.059568E-04 -5.868599E-07  1.920435E-04 -1.827257E-02  2.034492E-08  2.044553E-08
  2.065000E+03  1.012087E-05  1.062152E-04  9.509246E-07  1.915681E-04 -1.077339E-02  2.034626E-08  2.044147E-08
  2.066000E+03  1.098874E-05  1.063640E-04  6.301930E-07  1.913102E-04 -1.930416E-02  2.034473E-08  2.045959E-08
  2.067000E+03  1.044527E-05  1.059117E-04 -6.487554E-07  1.921173E-04 -1.610197E-02  2.034483E-08  2.044682E-08
  2.068000E+03  1.004075E-05  1.063299E-04  7.893964E-07  1.913543E-04 -1.150340E-02  2.034534E-08  2.043958E-08
  2.069000E+03  1.094048E-05  1.062640E-04  8.324660E-07  1.914972E-04 -2.052270E-02  2.034497E-08  2.045907E-08
  2.070000E+03  1.056513E-05  1.059274E-04 -6.543429E-07  1.920919E-04 -1.384516E-02  2.034585E-08  2.044946E-08
  2.071000E+03  9.982919E-06  1.064121E-04  5.980205E-07  1.912097E-04 -1.311163E-02  2.034527E-08  2.043913E-08
  2.072000E+03  1.086732E-05  1.061482E-04  1.011265E-06  1.917108E-04 -2.071586E-02  2.034538E-08  2.045785E-08
  2.073000E+03  1.068383E-05  1.059972E-04 -6.088822E-07  1.919721E-04 -1.200224E-02  2.034704E-08  2.045253E-08
  2.074000E+03  9.949844E-06  1.064466E-04  3.878085E-07  1.911585E-04 -1.523478E-02  2.034582E-08  2.043978E-08
  2.075000E+03  1.077500E-05  1.060382E-04  1.156717E-06  1.919072E-04 -1.989422E-02  2.034547E-08  2.045563E-08
  2.076000E+03  1.079598E-05  1.061015E-04 -5.193183E-07  1.917841E-04 -1.090248E-02  2.034737E-08  2.045496E-08
  2.077000E+03  9.944678E-06  1.064309E-04  1.668699E-07  1.911993E-04 -1.742154E-02  2.034642E-08  2.044089E-08
  2.078000E+03  1.066539E-05  1.059576E-04  1.260872E-06  1.920522E-04 -1.826536E-02  2.034601E-08  2.045335E-08
  2.079000E+03  1.089828E-05  1.062191E-04 -3.866058E-07  1.915725E-04 -1.072677E-02  2.034749E-08  2.045734E-08
  2.080000E+03  9.968052E-06  1.063699E-04 -5.870005E-08  1.913210E-04 -1.925281E-02  2.034702E-08  2.044231E-08
  2.081000E+03  1.054263E-05  1.059231E-04  1.318933E-06  1.921194E-04 -1.617154E-02  2.034722E-08  2.045146E-08
  2.082000E+03  1.098479E-05  1.063278E-04 -2.139404E-07  1.913812E-04 -1.149708E-02  2.034779E-08  2.045988E-08
  2.083000E+03  1.001812E-05  1.062742E-04 -2.753586E-07  1.915008E-04 -2.038256E-02  2.034736E-08  2.044367E-08
  2.084000E+03  1.041483E-05  1.059390E-04  1.327673E-06  1.920948E-04 -1.401083E-02  2.034833E-08  2.044950E-08
  2.085000E+03  1.104720E-05  1.064088E-04 -1.053590E-08  1.912423E-04 -1.305109E-02  2.034813E-08  2.046217E-08
  2.086000E+03  1.009300E-05  1.061613E-04 -4.648471E-07  1.917081E-04 -2.060340E-02  2.034766E-08  2.044512E-08
  2.087000E+03  1.028870E-05  1.060011E-04  1.285114E-06  1.919836E-04 -1.218113E-02  2.034896E-08  2.044731E-08
  2.088000E+03  1.108110E-05  1.064488E-04  2.139142E-07  1.911790E-04 -1.509394E-02  2.034846E-08  2.046395E-08
  2.089000E+03  1.018955E-05  1.060529E-04 -6.155725E-07  1.919061E-04 -1.989257E-02  2.034818E-08  2.044693E-08
  2.090000E+03  1.016957E-05  1.060977E-04  1.193033E-06  1.918087E-04 -1.101039E-02  2.034923E-08  2.044521E-08
  2.091000E+03  1.108550E-05  1.064391E-04  4.495324E-07  1.912016E-04 -1.726549E-02  2.034829E-08  2.046458E-08
  2.092000E+03  1.030339E-05  1.059683E-04 -7.218048E-07  1.920565E-04 -1.837104E-02  2.034847E-08  2.044866E-08
  2.093000E+03  1.006512E-05  1.062115E-04  1.053654E-06  1.916005E-04 -1.071513E-02  2.034900E-08  2.044320E-08
  2.094000E+03  1.106017E-05  1.063809E-04  6.811016E-07  1.913074E-04 -1.916434E-02  2.034772E-08  2.046402E-08
  2.095000E+03  1.042799E-05  1.059231E-04 -7.775082E-07  1.921296E-04 -1.633048E-02  2.034824E-08  2.045004E-08
  2.096000E+03  9.982419E-06  1.063226E-04  8.740347E-07  1.913973E-04 -1.134172E-02  2.034855E-08  2.044167E-08
  2.097000E+03  1.100643E-05  1.062870E-04  8.932507E-07  1.914802E-04 -2.042411E-02  2.034761E-08  2.046306E-08
  2.098000E+03  1.055843E-05  1.059274E-04 -7.811342E-07  1.921140E-04 -1.416695E-02  2.034810E-08  2.045171E-08
  2.099000E+03  9.925522E-06  1.064092E-04  6.605871E-07  1.912403E-04 -1.278641E-02  2.034806E-08  2.044077E-08
  2.100000E+03  1.092722E-05  1.061748E-04  1.075349E-06  1.916868E-04 -2.078638E-02  2.034791E-08  2.046168E-08
  2.101000E+03  1.068659E-05  1.059813E-04 -7.316120E-07  1.920122E-04 -1.228486E-02  2.034818E-08  2.045381E-08
  2.102000E+03  9.896101E-06  1.064530E-04  4.282477E-07  1.911606E-04 -1.479133E-02  2.034740E-08  2.044027E-08
  2.103000E+03  1.082713E-05  1.060625E-04  1.220111E-06  1.918846E-04 -2.019141E-02  2.034761E-08  2.045898E-08
  2.104000E+03  1.080413E-05  1.060752E-04 -6.310368E-07  1.918395E-04 -1.100589E-02  2.034819E-08  2.045594E-08
  2.105000E+03  9.894103E-06  1.064445E-04  1.937661E-07  1.911729E-04 -1.700484E-02  2.034637E-08  2.043985E-08
  2.106000E+03  1.071165E-05  1.059692E-04  1.322924E-06  1.920354E-04 -1.873645E-02  2.034627E-08  2.045474E-08
  2.107000E+03  1.090450E-05  1.061914E-04 -4.848701E-07  1.916208E-04 -1.060360E-02  2.034733E-08  2.045722E-08
  2.108000E+03  9.919135E-06  1.063842E-04 -2.933854E-08  1.912782E-04 -1.897768E-02  2.034531E-08  2.043969E-08
  2.109000E+03  1.058873E-05  1.059178E-04  1.377793E-06  1.921091E-04 -1.666382E-02  2.034494E-08  2.045028E-08
  2.110000E+03  1.098230E-05  1.063056E-04 -3.044335E-07  1.914029E-04 -1.122806E-02  2.034591E-08  2.045783E-08
  2.111000E+03  9.970917E-06  1.062853E-04 -2.299877E-07  1.914576E-04 -2.026315E-02  2.034494E-08  2.044039E-08
  2.112000E+03  1.046493E-05  1.059234E-04  1.379656E-06  1.920899E-04 -1.441060E-02  2.034471E-08  2.044697E-08
  2.113000E+03  1.103571E-05  1.063916E-04 -1.013726E-07  1.912407E-04 -1.276466E-02  2.034475E-08  2.045846E-08
  2.114000E+03  1.004799E-05  1.061705E-04 -4.032500E-07  1.916689E-04 -2.057302E-02  2.034527E-08  2.044192E-08
  2.115000E+03  1.034368E-05  1.059850E-04  1.328514E-06  1.919821E-04 -1.249595E-02  2.034563E-08  2.044511E-08
  2.116000E+03  1.106658E-05  1.064296E-04  1.158539E-07  1.911750E-04 -1.482926E-02  2.034444E-08  2.045952E-08
  2.117000E+03  1.014370E-05  1.060633E-04 -5.471639E-07  1.918605E-04 -1.987729E-02  2.034533E-08  2.044324E-08
  2.118000E+03  1.023069E-05  1.060841E-04  1.232865E-06  1.918077E-04 -1.133749E-02  2.034645E-08  2.044364E-08
  2.119000E+03  1.107487E-05  1.064142E-04  3.358191E-07  1.912100E-04 -1.695306E-02  2.034455E-08  2.046042E-08
  2.120000E+03  1.024960E-05  1.059837E-04 -6.544275E-07  1.919955E-04 -1.836514E-02  2.034496E-08  2.044415E-08
  2.121000E+03  1.013319E-05  1.061972E-04  1.103495E-06  1.916036E-04 -1.112264E-02  2.034651E-08  2.044206E-08
  2.122000E+03  1.105689E-05  1.063557E-04  5.471089E-07  1.913280E-04 -1.870293E-02  2.034526E-08  2.046119E-08
  2.123000E+03  1.036130E-05  1.059493E-04 -7.138668E-07  1.920560E-04 -1.640538E-02  2.034546E-08  2.044603E-08
  2.124000E+03  1.005639E-05  1.062997E-04  9.447462E-07  1.914213E-04 -1.182659E-02  2.034661E-08  2.044115E-08
  2.125000E+03  1.101019E-05  1.062712E-04  7.414012E-07  1.914984E-04 -1.973017E-02  2.034680E-08  2.046193E-08
  2.126000E+03  1.047676E-05  1.059660E-04 -7.187998E-07  1.920362E-04 -1.446421E-02  2.034718E-08  2.044934E-08
  2.127000E+03  1.000176E-05  1.063701E-04  7.594765E-07  1.913028E-04 -1.322284E-02  2.034713E-08  2.044122E-08
  2.128000E+03  1.093985E-05  1.061775E-04  9.113524E-07  1.916793E-04 -1.989368E-02  2.034801E-08  2.046158E-08
  2.129000E+03  1.059053E-05  1.060233E-04 -6.747994E-07  1.919443E-04 -1.291325E-02  2.034888E-08  2.045285E-08
  2.130000E+03  9.969787E-06  1.063989E-04  5.582315E-07  1.912612E-04 -1.496132E-02  2.034770E-08  2.044174E-08
  2.131000E+03  1.085344E-05  1.060911E-04  1.049526E-06  1.918362E-04 -1.925955E-02  2.034834E-08  2.045981E-08
  2.132000E+03  1.069560E-05  1.061049E-04 -5.910653E-07  1.918024E-04 -1.198525E-02  2.034971E-08  2.045561E-08
  2.133000E+03  9.962848E-06  1.063868E-04  3.530355E-07  1.912909E-04 -1.669638E-02  2.034798E-08  2.044234E-08
  2.134000E+03  1.075558E-05  1.060257E-04  1.147202E-06  1.919465E-04 -1.803733E-02  2.034796E-08  2.045699E-08
  2.135000E+03  1.078741E-05  1.061944E-04 -4.729643E-07  1.916381E-04 -1.178862E-02  2.034948E-08  2.045732E-08
  2.136000E+03  9.981707E-06  1.063394E-04  1.524025E-07  1.913802E-04 -1.812922E-02  2.034791E-08  2.044290E-08
  2.137000E+03  1.064996E-05  1.059941E-04  1.199672E-06  1.919970E-04 -1.645343E-02  2.034779E-08  2.045420E-08
  2.138000E+03  1.086263E-05  1.062760E-04 -3.250792E-07  1.914840E-04 -1.234204E-02  2.034861E-08  2.045830E-08
  2.139000E+03  1.002300E-05  1.062682E-04 -3.406148E-08  1.915125E-04 -1.900326E-02  2.034803E-08  2.044382E-08
  2.140000E+03  1.054364E-05  1.060022E-04  1.207658E-06  1.919816E-04 -1.483204E-02  2.034824E-08  2.045209E-08
  2.141000E+03  1.091637E-05  1.063371E-04 -1.574269E-07  1.913738E-04 -1.348005E-02  2.034829E-08  2.045954E-08
  2.142000E+03  1.008226E-05  1.061870E-04 -1.927581E-07  1.916636E-04 -1.920993E-02  2.034844E-08  2.044515E-08
  2.143000E+03  1.044175E-05  1.060458E-04  1.175750E-06  1.919065E-04 -1.346507E-02  2.034904E-08  2.045060E-08
  2.144000E+03  1.094537E-05  1.063658E-04  2.250076E-08  1.913240E-04 -1.497196E-02  2.034805E-08  2.046042E-08
  2.145000E+03  1.015699E-05  1.061083E-04 -3.149747E-07  1.918046E-04 -1.871558E-02  2.034849E-08  2.044622E-08
  2.146000E+03  1.034779E-05  1.061158E-04  1.105982E-06  1.917807E-04 -1.259975E-02  2.034934E-08  2.044900E-08
  2.147000E+03  1.095057E-05  1.063560E-04  2.068623E-07  1.913409E-04 -1.655227E-02  2.034747E-08  2.046042E-08
  2.148000E+03  1.024120E-05  1.060461E-04 -3.974671E-07  1.919081E-04 -1.761190E-02  2.034795E-08  2.044672E-08
  2.149000E+03  1.026771E-05  1.061985E-04  1.005281E-06  1.916260E-04 -1.240523E-02  2.034883E-08  2.044710E-08
  2.150000E+03  1.093496E-05  1.063102E-04  3.811409E-07  1.914222E-04 -1.790091E-02  2.034687E-08  2.045983E-08
  2.151000E+03  1.032884E-05  1.060151E-04 -4.410692E-07  1.919528E-04 -1.612630E-02  2.034725E-08  2.044711E-08
  2.152000E+03  1.020764E-05  1.062772E-04  8.805718E-07  1.914765E-04 -1.293603E-02  2.034789E-08  2.044537E-08
  2.153000E+03  1.090059E-05  1.062381E-04  5.312322E-07  1.915543E-04 -1.870958E-02  2.034679E-08  2.045916E-08
  2.154000E+03  1.041557E-05  1.060258E-04 -4.462308E-07  1.919273E-04 -1.458221E-02  2.034708E-08  2.044812E-08
  2.155000E+03  1.017004E-05  1.063335E-04  7.384522E-07  1.913716E-04 -1.410105E-02  2.034718E-08  2.044444E-08
  2.156000E+03  1.084973E-05  1.061560E-04  6.503081E-07  1.917063E-04 -1.878801E-02  2.034720E-08  2.045839E-08
  2.157000E+03  1.049697E-05  1.060751E-04 -4.136580E-07  1.918372E-04 -1.333582E-02  2.034734E-08  2.044966E-08
  2.158000E+03  1.015278E-05  1.063518E-04  5.896670E-07  1.913355E-04 -1.562962E-02  2.034639E-08  2.044381E-08
  2.159000E+03  1.078761E-05  1.060808E-04  7.381409E-07  1.918381E-04 -1.812458E-02  2.034699E-08  2.045657E-08
  2.160000E+03  1.056827E-05  1.061504E-04 -3.498393E-07  1.916993E-04 -1.266513E-02  2.034734E-08  2.045100E-08
  2.161000E+03  1.015187E-05  1.063253E-04  4.471738E-07  1.913772E-04 -1.714474E-02  2.034524E-08  2.044301E-08
  2.162000E+03  1.072041E-05  1.060297E-04  7.974724E-07  1.919134E-04 -1.686867E-02  2.034563E-08  2.045339E-08
  2.163000E+03  1.062547E-05  1.062325E-04 -2.637377E-07  1.915438E-04 -1.275590E-02  2.034652E-08  2.045154E-08
  2.164000E+03  1.016628E-05  1.062618E-04  3.198970E-07  1.914863E-04 -1.825183E-02  2.034429E-08  2.044248E-08
  2.165000E+03  1.065233E-05  1.060195E-04  8.267522E-07  1.919166E-04 -1.531596E-02  2.034451E-08  2.045044E-08
  2.166000E+03  1.066747E-05  1.063026E-04 -1.628793E-07  1.914138E-04 -1.362090E-02  2.034589E-08  2.045219E-08
  2.167000E+03  1.019399E-05  1.061810E-04  2.117832E-07  1.916380E-04 -1.866894E-02  2.034477E-08  2.044335E-08
  2.168000E+03  1.058801E-05  1.060560E-04  8.261008E-07  1.918518E-04 -1.387522E-02  2.034508E-08  2.044940E-08
  2.169000E+03  1.069519E-05  1.063407E-04 -5.735061E-08  1.913509E-04 -1.504059E-02  2.034610E-08  2.045349E-08
  2.170000E+03  1.023246E-05  1.061038E-04  1.231748E-07  1.917896E-04 -1.828430E-02  2.034621E-08  2.044514E-08
  2.171000E+03  1.052923E-05  1.061289E-04  7.991039E-07  1.917339E-04 -1.294756E-02  2.034681E-08  2.044989E-08
  2.172000E+03  1.070901E-05  1.063337E-04  4.895167E-08  1.913713E-04 -1.664123E-02  2.034641E-08  2.045454E-08
  2.173000E+03  1.027940E-05  1.060468E-04  5.525332E-08  1.918973E-04 -1.717687E-02  2.034710E-08  2.044639E-08
  2.174000E+03  1.047671E-05  1.062184E-04  7.497023E-07  1.915865E-04 -1.276754E-02  2.034836E-08  2.045061E-08
  2.175000E+03  1.071143E-05  1.062826E-04  1.523943E-07  1.914688E-04 -1.800157E-02  2.034651E-08  2.045498E-08
  2.176000E+03  1.032927E-05  1.060250E-04  7.708994E-09  1.919333E-04 -1.561734E-02  2.034724E-08  2.044691E-08
  2.177000E+03  1.043357E-05  1.062996E-04  6.864042E-07  1.914470E-04 -1.340242E-02  2.034891E-08  2.045074E-08
  2.178000E+03  1.070251E-05  1.062043E-04  2.467207E-07  1.916170E-04 -1.872024E-02  2.034699E-08  2.045530E-08
  2.179000E+03  1.037596E-05  1.060467E-04 -1.431221E-08  1.918918E-04 -1.404890E-02  2.034748E-08  2.044760E-08
  2.180000E+03  1.040542E-05  1.063513E-04  6.166582E-07  1.913580E-04 -1.468304E-02  2.034898E-08  2.045081E-08
  2.181000E+03  1.068030E-05  1.061218E-04  3.222835E-07  1.917758E-04 -1.861487E-02  2.034807E-08  2.045570E-08
  2.182000E+03  1.041836E-05  1.061077E-04 -5.956701E-09  1.917881E-04 -1.288762E-02  2.034850E-08  2.044922E-08
  2.183000E+03  1.039187E-05  1.063614E-04  5.430581E-07  1.913454E-04 -1.627876E-02  2.034907E-08  2.045116E-08
  2.184000E+03  1.064810E-05  1.060545E-04  3.770778E-07  1.919047E-04 -1.774355E-02  2.034916E-08  2.045571E-08
  2.185000E+03  1.045503E-05  1.061911E-04  2.738069E-08  1.916484E-04 -1.239784E-02  2.034978E-08  2.045128E-08
  2.186000E+03  1.039022E-05  1.063286E-04  4.707896E-07  1.914090E-04 -1.777781E-02  2.034904E-08  2.045146E-08
  2.187000E+03  1.061185E-05  1.060144E-04  4.113897E-07  1.919734E-04 -1.635498E-02  2.034923E-08  2.045454E-08
  2.188000E+03  1.048337E-05  1.062771E-04  7.597003E-08  1.915018E-04 -1.264030E-02  2.035062E-08  2.045298E-08
  2.189000E+03  1.040091E-05  1.062622E-04  4.047001E-07  1.915298E-04 -1.886474E-02  2.034876E-08  2.045154E-08
  2.190000E+03  1.057557E-05  1.060082E-04  4.209505E-07  1.919737E-04 -1.474269E-02  2.034858E-08  2.045268E-08
  2.191000E+03  1.050162E-05  1.063475E-04  1.332567E-07  1.913743E-04 -1.357434E-02  2.035031E-08  2.045353E-08
  2.192000E+03  1.042232E-05  1.061775E-04  3.497061E-07  1.916818E-04 -1.930794E-02  2.034850E-08  2.045159E-08
  2.193000E+03  1.054323E-05  1.060401E-04  4.056058E-07  1.919078E-04 -1.324110E-02  2.034814E-08  2.045124E-08
  2.194000E+03  1.050840E-05  1.063882E-04  1.924439E-07  1.912976E-04 -1.501971E-02  2.034951E-08  2.045345E-08
  2.195000E+03  1.045044E-05  1.060923E-04  3.120332E-07  1.918343E-04 -1.901130E-02  2.034847E-08  2.045176E-08
  2.196000E+03  1.051853E-05  1.061054E-04  3.702427E-07  1.917888E-04 -1.216414E-02  2.034831E-08  2.045079E-08
  2.197000E+03  1.050199E-05  1.063911E-04  2.475622E-07  1.912901E-04 -1.669513E-02  2.034873E-08  2.045311E-08
  2.198000E+03  1.048059E-05  1.060185E-04  2.991028E-07  1.919610E-04 -1.801579E-02  2.034812E-08  2.045147E-08
  2.199000E+03  1.050414E-05  1.061939E-04  3.219671E-07  1.916305E-04 -1.169586E-02  2.034861E-08  2.045092E-08
  2.200000E+03  1.048321E-05  1.063537E-04  2.925495E-07  1.913543E-04 -1.833884E-02  2.034782E-08  2.045229E-08
  2.201000E+03  1.050880E-05  1.059680E-04  3.127082E-07  1.920392E-04 -1.645678E-02  2.034725E-08  2.045054E-08
  2.202000E+03  1.050076E-05  1.062900E-04  2.681725E-07  1.914540E-04 -1.196722E-02  2.034819E-08  2.045080E-08
  2.203000E+03  1.045642E-05  1.062786E-04  3.222493E-07  1.914829E-04 -1.962821E-02  2.034661E-08  2.045080E-08
  2.204000E+03  1.053060E-05  1.059533E-04  3.478909E-07  1.920476E-04 -1.457906E-02  2.034592E-08  2.044902E-08
  2.205000E+03  1.050929E-05  1.063755E-04  2.170693E-07  1.912917E-04 -1.301009E-02  2.034703E-08  2.045041E-08
  2.206000E+03  1.042746E-05  1.061765E-04  3.299000E-07  1.916595E-04 -2.025247E-02  2.034555E-08  2.044913E-08
  2.207000E+03  1.054149E-05  1.059850E-04  3.967672E-07  1.919769E-04 -1.270152E-02  2.034503E-08  2.044788E-08
  2.208000E+03  1.053159E-05  1.064352E-04  1.761112E-07  1.911818E-04 -1.472981E-02  2.034626E-08  2.045081E-08
  2.209000E+03  1.039948E-05  1.060636E-04  3.090292E-07  1.918598E-04 -2.002179E-02  2.034527E-08  2.044795E-08
  2.210000E+03  1.053956E-05  1.060652E-04  4.546404E-07  1.918311E-04 -1.117382E-02  2.034533E-08  2.044792E-08
  2.211000E+03  1.056441E-05  1.064531E-04  1.519078E-07  1.911563E-04 -1.690120E-02  2.034628E-08  2.045223E-08
  2.212000E+03  1.037648E-05  1.059611E-04  2.627594E-07  1.920465E-04 -1.886287E-02  2.034583E-08  2.044746E-08
  2.213000E+03  1.052471E-05  1.061831E-04  5.135648E-07  1.916267E-04 -1.037574E-02  2.034643E-08  2.044886E-08
  2.214000E+03  1.060129E-05  1.064156E-04  1.501912E-07  1.912332E-04 -1.912768E-02  2.034647E-08  2.045376E-08
  2.215000E+03  1.036250E-05  1.058904E-04  2.006140E-07  1.921707E-04 -1.688006E-02  2.034614E-08  2.044671E-08
  2.216000E+03  1.049575E-05  1.063153E-04  5.664353E-07  1.913948E-04 -1.060106E-02  2.034704E-08  2.044942E-08
  2.217000E+03  1.064121E-05  1.063212E-04  1.742165E-07  1.914062E-04 -2.090551E-02  2.034608E-08  2.045447E-08
  2.218000E+03  1.035758E-05  1.058714E-04  1.245932E-07  1.921937E-04 -1.438052E-02  2.034572E-08  2.044538E-08
  2.219000E+03  1.045524E-05  1.064353E-04  6.109704E-07  1.911826E-04 -1.192942E-02  2.034713E-08  2.044956E-08
  2.220000E+03  1.068202E-05  1.061868E-04  2.207145E-07  1.916492E-04 -2.179487E-02  2.034578E-08  2.045491E-08
  2.221000E+03  1.036129E-05  1.059166E-04  3.941933E-08  1.921040E-04 -1.185767E-02  2.034557E-08  2.044465E-08
  2.222000E+03  1.040957E-05  1.065166E-04  6.425909E-07  1.910454E-04 -1.417879E-02  2.034747E-08  2.045003E-08
  2.223000E+03  1.071715E-05  1.060417E-04  2.824236E-07  1.919169E-04 -2.150034E-02  2.034650E-08  2.045585E-08
  2.224000E+03  1.037666E-05  1.060230E-04 -4.431658E-08  1.919146E-04 -9.901688E-03  2.034637E-08  2.044545E-08
  2.225000E+03  1.036133E-05  1.065372E-04  6.529781E-07  1.910236E-04 -1.694319E-02  2.034820E-08  2.045081E-08
  2.226000E+03  1.074223E-05  1.059165E-04  3.579044E-07  1.921505E-04 -1.998861E-02  2.034784E-08  2.045690E-08
  2.227000E+03  1.040614E-05  1.061712E-04 -1.199419E-07  1.916590E-04 -8.977739E-03  2.034786E-08  2.044765E-08
  2.228000E+03  1.031127E-05  1.064858E-04  6.365726E-07  1.911281E-04 -1.967324E-02  2.034849E-08  2.045089E-08
  2.229000E+03  1.075632E-05  1.058359E-04  4.464338E-07  1.922925E-04 -1.750851E-02  2.034833E-08  2.045668E-08
  2.230000E+03  1.044709E-05  1.063302E-04 -1.832908E-07  1.913830E-04 -9.322893E-03  2.034891E-08  2.045006E-08
  2.231000E+03  1.026264E-05  1.063703E-04  5.958927E-07  1.913414E-04 -2.176337E-02  2.034823E-08  2.045006E-08
  2.232000E+03  1.075810E-05  1.058180E-04  5.426426E-07  1.923104E-04 -1.454096E-02  2.034775E-08  2.045520E-08
  2.233000E+03  1.049668E-05  1.064687E-04 -2.292860E-07  1.911420E-04 -1.091332E-02  2.034943E-08  2.045245E-08
  2.234000E+03  1.021837E-05  1.062175E-04  5.341332E-07  1.916238E-04 -2.275922E-02  2.034852E-08  2.044941E-08
  2.235000E+03  1.074517E-05  1.058712E-04  6.426518E-07  1.922075E-04 -1.167171E-02  2.034786E-08  2.045434E-08
  2.236000E+03  1.055573E-05  1.065614E-04 -2.538343E-07  1.909899E-04 -1.347228E-02  2.035031E-08  2.045556E-08
  2.237000E+03  1.017890E-05  1.060591E-04  4.492355E-07  1.919226E-04 -2.246306E-02  2.035000E-08  2.044961E-08
  2.238000E+03  1.071549E-05  1.059854E-04  7.473698E-07  1.920076E-04 -9.469179E-03  2.034908E-08  2.045466E-08
  2.239000E+03  1.062396E-05  1.065872E-04 -2.525618E-07  1.909578E-04 -1.651203E-02  2.035089E-08  2.045851E-08
  2.240000E+03  1.014643E-05  1.059211E-04  3.399081E-07  1.921753E-04 -2.092776E-02  2.035097E-08  2.044909E-08
  2.241000E+03  1.066969E-05  1.061375E-04  8.517861E-07  1.917414E-04 -8.333962E-03  2.035024E-08  2.045506E-08
  2.242000E+03  1.069725E-05  1.065399E-04 -2.232486E-07  1.910484E-04 -1.947224E-02  2.035042E-08  2.046027E-08
  2.243000E+03  1.012744E-05  1.058239E-04  2.088949E-07  1.923354E-04 -1.842460E-02  2.035022E-08  2.044693E-08
  2.244000E+03  1.060880E-05  1.063013E-04  9.420483E-07  1.914471E-04 -8.452378E-03  2.035036E-08  2.045457E-08
  2.245000E+03  1.076989E-05  1.064305E-04 -1.630284E-07  1.912442E-04 -2.185077E-02  2.034935E-08  2.046107E-08
  2.246000E+03  1.012676E-05  1.057835E-04  6.351268E-08  1.923811E-04 -1.539721E-02  2.034833E-08  2.044397E-08
  2.247000E+03  1.053455E-05  1.064487E-04  1.006947E-06  1.911752E-04 -9.789576E-03  2.034938E-08  2.045307E-08
  2.248000E+03  1.083835E-05  1.062807E-04 -7.240378E-08  1.915096E-04 -2.323991E-02  2.034828E-08  2.046138E-08
  2.249000E+03  1.014430E-05  1.058077E-04 -8.906832E-08  1.923109E-04 -1.237084E-02  2.034642E-08  2.044153E-08
  2.250000E+03  1.044993E-05  1.065554E-04  1.044088E-06  1.909734E-04 -1.212368E-02  2.034775E-08  2.045092E-08
  2.251000E+03  1.089731E-05  1.061141E-04  4.718422E-08  1.918017E-04 -2.340401E-02  2.034729E-08  2.046117E-08
  2.252000E+03  1.018135E-05  1.058974E-04 -2.392469E-07  1.921353E-04 -9.807869E-03  2.034564E-08  2.044092E-08
  2.253000E+03  1.035843E-05  1.066059E-04  1.047914E-06  1.908783E-04 -1.514154E-02  2.034642E-08  2.044899E-08
  2.254000E+03  1.093896E-05  1.059528E-04  1.954041E-07  1.920804E-04 -2.229836E-02  2.034641E-08  2.046035E-08
  2.255000E+03  1.023985E-05  1.060409E-04 -3.729803E-07  1.918725E-04 -8.101842E-03  2.034565E-08  2.044192E-08
  2.256000E+03  1.026561E-05  1.065895E-04  1.009788E-06  1.909109E-04 -1.838569E-02  2.034566E-08  2.044747E-08
  2.257000E+03  1.095853E-05  1.058213E-04  3.651798E-07  1.922998E-04 -2.005947E-02  2.034531E-08  2.045862E-08
  2.258000E+03  1.031611E-05  1.062131E-04 -4.775532E-07  1.915564E-04 -7.582588E-03  2.034522E-08  2.044328E-08
  2.259000E+03  1.018013E-05  1.065045E-04  9.296962E-07  1.910677E-04 -2.128702E-02  2.034496E-08  2.044585E-08
  2.260000E+03  1.095398E-05  1.057435E-04  5.408532E-07  1.924169E-04 -1.701078E-02  2.034390E-08  2.045602E-08
  2.261000E+03  1.040698E-05  1.063865E-04 -5.461443E-07  1.912381E-04 -8.400020E-03  2.034444E-08  2.044502E-08
  2.262000E+03  1.010597E-05  1.063633E-04  8.105408E-07  1.913275E-04 -2.334144E-02  2.034468E-08  2.044442E-08
  2.263000E+03  1.092548E-05  1.057397E-04  7.142521E-07  1.924104E-04 -1.361296E-02  2.034353E-08  2.045408E-08
  2.264000E+03  1.050883E-05  1.065355E-04 -5.760271E-07  1.909776E-04 -1.049856E-02  2.034477E-08  2.044842E-08
  2.265000E+03  1.004592E-05  1.061873E-04  6.572470E-07  1.916560E-04 -2.419280E-02  2.034547E-08  2.044384E-08
  2.266000E+03  1.087506E-05  1.058153E-04  8.780542E-07  1.922770E-04 -1.041130E-02  2.034474E-08  2.045357E-08
  2.267000E+03  1.061318E-05  1.066320E-04 -5.639838E-07  1.908253E-04 -1.359035E-02  2.034620E-08  2.045313E-08
  2.268000E+03  1.000613E-05  1.060030E-04  4.816079E-07  1.919991E-04 -2.361672E-02  2.034682E-08  2.044372E-08
  2.269000E+03  1.080501E-05  1.059592E-04  1.017945E-06  1.920272E-04 -7.992501E-03  2.034641E-08  2.045358E-08
  2.270000E+03  1.071186E-05  1.066519E-04 -5.076556E-07  1.908120E-04 -1.718113E-02  2.034747E-08  2.045750E-08
  2.271000E+03  9.990726E-06  1.058413E-04  2.964936E-07  1.922906E-04 -2.161333E-02  2.034754E-08  2.044306E-08
  2.272000E+03  1.071650E-05  1.061477E-04  1.124619E-06  1.916949E-04 -6.841899E-03  2.034749E-08  2.045319E-08
  2.273000E+03  1.080376E-05  1.065873E-04 -4.084260E-07  1.909459E-04 -2.063810E-02  2.034808E-08  2.046080E-08
  2.274000E+03  9.998202E-06  1.057349E-04  1.054321E-07  1.924727E-04 -1.847631E-02  2.034761E-08  2.044197E-08
  2.275000E+03  1.061499E-05  1.063464E-04  1.196442E-06  1.913415E-04 -7.230015E-03  2.034795E-08  2.045243E-08
  2.276000E+03  1.088599E-05  1.064493E-04 -2.748085E-07  1.912069E-04 -2.328736E-02  2.034832E-08  2.046310E-08
  2.277000E+03  1.002490E-05  1.057086E-04 -8.263941E-08  1.925098E-04 -1.477279E-02  2.034772E-08  2.044133E-08
  2.278000E+03  1.051005E-05  1.065207E-04  1.232577E-06  1.910375E-04 -9.143800E-03  2.034859E-08  2.045219E-08
  2.279000E+03  1.095218E-05  1.062645E-04 -1.205669E-07  1.915528E-04 -2.461297E-02  2.034911E-08  2.046507E-08
  2.280000E+03  1.007037E-05  1.057704E-04 -2.545449E-07  1.923961E-04 -1.119646E-02  2.034854E-08  2.044203E-08
  2.281000E+03  1.040702E-05  1.066387E-04  1.229369E-06  1.908436E-04 -1.225649E-02  2.034979E-08  2.045274E-08
  2.282000E+03  1.099721E-05  1.060668E-04  4.794040E-08  1.919195E-04 -2.437347E-02  2.035023E-08  2.046646E-08
  2.283000E+03  1.013725E-05  1.059057E-04 -4.022490E-07  1.921545E-04 -8.392037E-03  2.034954E-08  2.044377E-08
  2.284000E+03  1.030547E-05  1.066756E-04  1.181843E-06  1.907934E-04 -1.596100E-02  2.035041E-08  2.045269E-08
  2.285000E+03  1.102088E-05  1.058900E-04  2.317352E-07  1.922318E-04 -2.262795E-02  2.035023E-08  2.046589E-08
  2.286000E+03  1.022172E-05  1.060851E-04 -5.220787E-07  1.918260E-04 -6.871653E-03  2.034941E-08  2.044526E-08
  2.287000E+03  1.020968E-05  1.066257E-04  1.094069E-06  1.908891E-04 -1.954819E-02  2.034980E-08  2.045121E-08
  2.288000E+03  1.102212E-05  1.057660E-04  4.231646E-07  1.924338E-04 -1.971610E-02  2.034901E-08  2.046346E-08
  2.289000E+03  1.031700E-05  1.062787E-04 -6.060999E-07  1.914708E-04 -6.874600E-03  2.034879E-08  2.044699E-08
  2.290000E+03  1.012612E-05  1.065055E-04  9.741040E-07  1.911114E-04 -2.241422E-02  2.034931E-08  2.044967E-08
  2.291000E+03  1.099880E-05  1.057177E-04  6.110163E-07  1.925038E-04 -1.618797E-02  2.034838E-08  2.046115E-08
  2.292000E+03  1.042131E-05  1.064547E-04 -6.484810E-07  1.911575E-04 -8.344336E-03  2.034890E-08  2.045003E-08
  2.293000E+03  1.005619E-05  1.063406E-04  8.243309E-07  1.914193E-04 -2.410968E-02  2.034974E-08  2.044879E-08
  2.294000E+03  1.095176E-05  1.057480E-04  7.917995E-07  1.924393E-04 -1.269445E-02  2.034844E-08  2.045929E-08
  2.295000E+03  1.053203E-05  1.065815E-04 -6.486780E-07  1.909351E-04 -1.096030E-02  2.034893E-08  2.045334E-08
  2.296000E+03  1.000309E-05  1.061554E-04  6.472837E-07  1.917531E-04 -2.439841E-02  2.034956E-08  2.044713E-08
  2.297000E+03  1.088356E-05  1.058459E-04  9.568303E-07  1.922505E-04 -9.780131E-03  2.034796E-08  2.045688E-08
  2.298000E+03  1.064233E-05  1.066410E-04 -6.060098E-07  1.908292E-04 -1.425778E-02  2.034815E-08  2.045586E-08
  2.299000E+03  9.975049E-06  1.059771E-04  4.496381E-07  1.920587E-04 -2.329710E-02  2.034831E-08  2.044445E-08
  2.300000E+03  1.079598E-05  1.059949E-04  1.088120E-06  1.919697E-04 -7.831154E-03  2.034719E-08  2.045425E-08
  2.301000E+03  1.074494E-05  1.066304E-04 -5.178073E-07  1.908518E-04 -1.771985E-02  2.034740E-08  2.045814E-08
  2.302000E+03  9.975604E-06  1.058343E-04  2.429635E-07  1.922967E-04 -2.104409E-02  2.034707E-08  2.044206E-08
  2.303000E+03  1.069231E-05  1.061713E-04  1.175696E-06  1.916440E-04 -7.123637E-03  2.034657E-08  2.045193E-08
  2.304000E+03  1.083538E-05  1.065522E-04 -3.868785E-07  1.909979E-04 -2.080690E-02  2.034684E-08  2.046007E-08
  2.305000E+03  1.000286E-05  1.057471E-04  3.792820E-08  1.924321E-04 -1.800363E-02  2.034584E-08  2.044010E-08
  2.306000E+03  1.057743E-05  1.063463E-04  1.219226E-06  1.913187E-04 -7.780684E-03  2.034541E-08  2.044929E-08
  2.307000E+03  1.090840E-05  1.064163E-04 -2.184992E-07  1.912438E-04 -2.302881E-02  2.034607E-08  2.046103E-08
  2.308000E+03  1.005497E-05  1.057301E-04 -1.533968E-07  1.924412E-04 -1.462379E-02  2.034465E-08  2.043876E-08
  2.309000E+03  1.045936E-05  1.064945E-04  1.215534E-06  1.910448E-04 -9.711134E-03  2.034426E-08  2.044691E-08
  2.310000E+03  1.095807E-05  1.062430E-04 -2.374567E-08  1.915527E-04 -2.406767E-02  2.034525E-08  2.046102E-08
  2.311000E+03  1.012872E-05  1.057886E-04 -3.163065E-07  1.923225E-04 -1.140091E-02  2.034422E-08  2.043883E-08
  2.312000E+03  1.034784E-05  1.065933E-04  1.162747E-06  1.908708E-04 -1.261236E-02  2.034394E-08  2.044564E-08
  2.313000E+03  1.098127E-05  1.060593E-04  1.804971E-07  1.918779E-04 -2.374958E-02  2.034471E-08  2.046033E-08
  2.314000E+03  1.021891E-05  1.059134E-04 -4.400811E-07  1.920919E-04 -8.869561E-03  2.034430E-08  2.044015E-08
  2.315000E+03  1.025014E-05  1.066242E-04  1.065092E-06  1.908275E-04 -1.601256E-02  2.034422E-08  2.044519E-08
  2.316000E+03  1.097762E-05  1.058952E-04  3.799268E-07  1.921636E-04 -2.209281E-02  2.034425E-08  2.045884E-08
  2.317000E+03  1.031995E-05  1.060835E-04 -5.191940E-07  1.917825E-04 -7.488121E-03  2.034439E-08  2.044219E-08
  2.318000E+03  1.017054E-05  1.065803E-04  9.301815E-07  1.909236E-04 -1.933749E-02  2.034490E-08  2.044523E-08
  2.319000E+03  1.094684E-05  1.057830E-04  5.662151E-07  1.923587E-04 -1.935258E-02  2.034447E-08  2.045731E-08
  2.320000E+03  1.042738E-05  1.062689E-04 -5.492649E-07  1.914529E-04 -7.532880E-03  2.034490E-08  2.044526E-08
  2.321000E+03  1.011135E-05  1.064719E-04  7.649498E-07  1.911435E-04 -2.197310E-02  2.034650E-08  2.044615E-08
  2.322000E+03  1.089229E-05  1.057452E-04  7.318326E-07  1.924302E-04 -1.604943E-02  2.034595E-08  2.045658E-08
  2.323000E+03  1.053152E-05  1.064353E-04 -5.287443E-07  1.911680E-04 -8.992900E-03  2.034621E-08  2.044946E-08
  2.324000E+03  1.007693E-05  1.063171E-04  5.851371E-07  1.914447E-04 -2.346017E-02  2.034825E-08  2.044720E-08
  2.325000E+03  1.081904E-05  1.057873E-04  8.636728E-07  1.923646E-04 -1.276585E-02  2.034807E-08  2.045634E-08
  2.326000E+03  1.062468E-05  1.065546E-04 -4.612643E-07  1.909769E-04 -1.158653E-02  2.034810E-08  2.045424E-08
  2.327000E+03  1.006917E-05  1.061420E-04  4.045606E-07  1.917727E-04 -2.357782E-02  2.034947E-08  2.044774E-08
  2.328000E+03  1.073040E-05  1.058971E-04  9.550971E-07  1.921760E-04 -1.004404E-02  2.034985E-08  2.045584E-08
  2.329000E+03  1.070615E-05  1.066070E-04 -3.528497E-07  1.909087E-04 -1.479403E-02  2.034998E-08  2.045879E-08
  2.330000E+03  1.008389E-05  1.059799E-04  2.282604E-07  1.920676E-04 -2.234429E-02  2.035023E-08  2.044787E-08
  2.331000E+03  1.063359E-05  1.060493E-04  1.008335E-06  1.919019E-04 -8.403297E-03  2.035035E-08  2.045437E-08
  2.332000E+03  1.077420E-05  1.065848E-04 -2.165471E-07  1.909684E-04 -1.797969E-02  2.035104E-08  2.046207E-08
  2.333000E+03  1.011568E-05  1.058615E-04  6.432913E-08  1.922745E-04 -2.003919E-02  2.035037E-08  2.044749E-08
  2.334000E+03  1.053827E-05  1.062146E-04  1.026033E-06  1.915985E-04 -8.097642E-03  2.034988E-08  2.045244E-08
  2.335000E+03  1.082499E-05  1.064985E-04 -6.844001E-08  1.911356E-04 -2.059797E-02  2.035133E-08  2.046390E-08
  2.336000E+03  1.016424E-05  1.058062E-04 -7.926544E-08  1.923665E-04 -1.713454E-02  2.035057E-08  2.044748E-08
  2.337000E+03  1.044709E-05  1.063658E-04  1.006460E-06  1.913255E-04 -9.066308E-03  2.034966E-08  2.045117E-08
  2.338000E+03  1.085655E-05  1.063669E-04  8.776108E-08  1.913753E-04 -2.228199E-02  2.035095E-08  2.046428E-08
  2.339000E+03  1.023009E-05  1.058166E-04 -1.990412E-07  1.923381E-04 -1.415594E-02  2.035052E-08  2.044771E-08
  2.340000E+03  1.036093E-05  1.064792E-04  9.478437E-07  1.911228E-04 -1.104179E-02  2.034936E-08  2.045013E-08
  2.341000E+03  1.086781E-05  1.062107E-04  2.512662E-07  1.916437E-04 -2.282869E-02  2.034931E-08  2.046259E-08
  2.342000E+03  1.030855E-05  1.058833E-04 -2.887904E-07  1.921959E-04 -1.157847E-02  2.034897E-08  2.044699E-08
  2.343000E+03  1.028533E-05  1.065381E-04  8.548746E-07  1.910109E-04 -1.364463E-02  2.034805E-08  2.044831E-08
  2.344000E+03  1.085654E-05  1.060580E-04  4.128094E-07  1.918968E-04 -2.217954E-02  2.034720E-08  2.045964E-08
  2.345000E+03  1.039377E-05  1.059940E-04 -3.390477E-07  1.919719E-04 -9.800193E-03  2.034689E-08  2.044626E-08
  2.346000E+03  1.022516E-05  1.065407E-04  7.351091E-07  1.910048E-04 -1.641992E-02  2.034706E-08  2.044701E-08
  2.347000E+03  1.082210E-05  1.059387E-04  5.631879E-07  1.921003E-04 -2.053217E-02  2.034657E-08  2.045748E-08
  2.348000E+03  1.048361E-05  1.061297E-04 -3.467129E-07  1.917171E-04 -9.068776E-03  2.034604E-08  2.044725E-08
  2.349000E+03  1.018230E-05  1.064906E-04  5.912471E-07  1.911021E-04 -1.891512E-02  2.034694E-08  2.044667E-08
  2.350000E+03  1.076589E-05  1.058666E-04  6.974007E-07  1.922235E-04 -1.825509E-02  2.034666E-08  2.045557E-08
  2.351000E+03  1.057455E-05  1.062660E-04 -3.115774E-07  1.914682E-04 -9.429567E-03  2.034566E-08  2.044908E-08
  2.352000E+03  1.016023E-05  1.063918E-04  4.273980E-07  1.912801E-04 -2.076128E-02  2.034625E-08  2.044582E-08
  2.353000E+03  1.069280E-05  1.058471E-04  8.042928E-07  1.922436E-04 -1.568160E-02  2.034593E-08  2.045256E-08
  2.354000E+03  1.065839E-05  1.063817E-04 -2.364331E-07  1.912551E-04 -1.077718E-02  2.034486E-08  2.045063E-08
  2.355000E+03  1.016293E-05  1.062622E-04  2.566105E-07  1.915083E-04 -2.168640E-02  2.034531E-08  2.044479E-08
  2.356000E+03  1.060761E-05  1.058828E-04  8.717532E-07  1.921634E-04 -1.321030E-02  2.034503E-08  2.044934E-08
  2.357000E+03  1.072786E-05  1.064619E-04 -1.246722E-07  1.911141E-04 -1.284298E-02  2.034469E-08  2.045266E-08
  2.358000E+03  1.019124E-05  1.061284E-04  9.280625E-08  1.917501E-04 -2.160170E-02  2.034538E-08  2.044496E-08
  2.359000E+03  1.051468E-05  1.059669E-04  8.943754E-07  1.920073E-04 -1.126383E-02  2.034513E-08  2.044726E-08
  2.360000E+03  1.077874E-05  1.064952E-04  1.853086E-08  1.910678E-04 -1.526809E-02  2.034542E-08  2.045522E-08
  2.361000E+03  1.024157E-05  1.060092E-04 -5.250041E-08  1.919645E-04 -2.059070E-02  2.034569E-08  2.044552E-08
  2.362000E+03  1.042034E-05  1.060829E-04  8.739431E-07  1.917979E-04 -1.012069E-02  2.034543E-08  2.044572E-08
  2.363000E+03  1.080768E-05  1.064738E-04  1.833257E-07  1.911175E-04 -1.766993E-02  2.034584E-08  2.045689E-08
  2.364000E+03  1.030952E-05  1.059220E-04 -1.687941E-07  1.921146E-04 -1.879718E-02  2.034557E-08  2.044586E-08
  2.365000E+03  1.033295E-05  1.062102E-04  8.121842E-07  1.915662E-04 -9.961566E-03  2.034528E-08  2.044419E-08
  2.366000E+03  1.081209E-05  1.064021E-04  3.551544E-07  1.912543E-04 -1.962491E-02  2.034594E-08  2.045750E-08
  2.367000E+03  1.038964E-05  1.058847E-04 -2.462001E-07  1.921758E-04 -1.651647E-02  2.034570E-08  2.044666E-08
  2.368000E+03  1.026126E-05  1.063270E-04  7.125127E-07  1.913564E-04 -1.083181E-02  2.034515E-08  2.044327E-08
  2.369000E+03  1.079166E-05  1.062937E-04  5.166915E-07  1.914548E-04 -2.078302E-02  2.034605E-08  2.045729E-08
  2.370000E+03  1.047574E-05  1.059061E-04 -2.788156E-07  1.921370E-04 -1.417517E-02  2.034645E-08  2.044833E-08
  2.371000E+03  1.021052E-05  1.064117E-04  5.829124E-07  1.912120E-04 -1.256546E-02  2.034558E-08  2.044347E-08
  2.372000E+03  1.074811E-05  1.061708E-04  6.559146E-07  1.916795E-04 -2.094869E-02  2.034630E-08  2.045641E-08
  2.373000E+03  1.056386E-05  1.059788E-04 -2.666906E-07  1.920086E-04 -1.223879E-02  2.034732E-08  2.045044E-08
  2.374000E+03  1.018145E-05  1.064501E-04  4.307138E-07  1.911603E-04 -1.474627E-02  2.034683E-08  2.044490E-08
  2.375000E+03  1.068574E-05  1.060597E-04  7.676971E-07  1.918825E-04 -2.015693E-02  2.034687E-08  2.045522E-08
  2.376000E+03  1.064719E-05  1.060825E-04 -2.126546E-07  1.918224E-04 -1.109489E-02  2.034775E-08  2.045238E-08
  2.377000E+03  1.017456E-05  1.064382E-04  2.691784E-07  1.912026E-04 -1.688497E-02  2.034835E-08  2.044686E-08
  2.378000E+03  1.061080E-05  1.059829E-04  8.456571E-07  1.920243E-04 -1.863891E-02  2.034776E-08  2.045397E-08
  2.379000E+03  1.071732E-05  1.061935E-04 -1.220746E-07  1.916225E-04 -1.091135E-02  2.034786E-08  2.045408E-08
  2.380000E+03  1.019082E-05  1.063811E-04  1.143478E-07  1.913191E-04 -1.859175E-02  2.034923E-08  2.044837E-08
  2.381000E+03  1.052781E-05  1.059530E-04  8.839879E-07  1.920841E-04 -1.670282E-02  2.034906E-08  2.045296E-08
  2.382000E+03  1.077145E-05  1.062918E-04 -1.621650E-09  1.914509E-04 -1.162634E-02  2.034829E-08  2.045604E-08
  2.383000E+03  1.022798E-05  1.062940E-04 -2.623658E-08  1.914815E-04 -1.961648E-02  2.034942E-08  2.044931E-08
  2.384000E+03  1.044009E-05  1.059701E-04  8.843606E-07  1.920587E-04 -1.475785E-02  2.035027E-08  2.045189E-08
  2.385000E+03  1.080942E-05  1.063622E-04  1.421587E-07  1.913370E-04 -1.298359E-02  2.034931E-08  2.045840E-08
  2.386000E+03  1.028175E-05  1.061961E-04 -1.485186E-07  1.916574E-04 -1.985590E-02  2.034924E-08  2.044992E-08
  2.387000E+03  1.035460E-05  1.060219E-04  8.494652E-07  1.919608E-04 -1.319300E-02  2.035029E-08  2.044991E-08
  2.388000E+03  1.082883E-05  1.063961E-04  2.973327E-07  1.912882E-04 -1.464045E-02  2.035014E-08  2.046023E-08
  2.389000E+03  1.034812E-05  1.061071E-04 -2.443154E-07  1.918150E-04 -1.935356E-02  2.034913E-08  2.045064E-08
  2.390000E+03  1.027844E-05  1.060940E-04  7.812623E-07  1.918195E-04 -1.224071E-02  2.034937E-08  2.044742E-08
  2.391000E+03  1.082861E-05  1.063923E-04  4.505619E-07  1.913011E-04 -1.628712E-02  2.035028E-08  2.046089E-08
  2.392000E+03  1.042470E-05  1.060428E-04 -3.093997E-07  1.919301E-04 -1.827832E-02  2.034940E-08  2.045183E-08
  2.393000E+03  1.021386E-05  1.061725E-04  6.826228E-07  1.916685E-04 -1.197077E-02  2.034846E-08  2.044540E-08
  2.394000E+03  1.080875E-05  1.063544E-04  5.973167E-07  1.913654E-04 -1.768405E-02  2.034937E-08  2.045996E-08
  2.395000E+03  1.050878E-05  1.060083E-04 -3.414225E-07  1.919866E-04 -1.687292E-02  2.034928E-08  2.045276E-08
  2.396000E+03  1.016234E-05  1.062444E-04  5.577438E-07  1.915299E-04 -1.232761E-02  2.034744E-08  2.044370E-08
  2.397000E+03  1.076980E-05  1.062887E-04  7.341626E-07  1.914669E-04 -1.863595E-02  2.034724E-08  2.045725E-08
  2.398000E+03  1.059563E-05  1.060045E-04 -3.374717E-07  1.919759E-04 -1.539003E-02  2.034790E-08  2.045256E-08
  2.399000E+03  1.012690E-05  1.063011E-04  4.135519E-07  1.914188E-04 -1.320403E-02  2.034625E-08  2.044225E-08
  2.400000E+03  1.071235E-05  1.062093E-04  8.545381E-07  1.915927E-04 -1.900426E-02  2.034525E-08  2.045408E-08
  2.401000E+03  1.068124E-05  1.060301E-04 -2.952665E-07  1.919069E-04 -1.407986E-02  2.034590E-08  2.045187E-08
  2.402000E+03  1.011018E-05  1.063363E-04  2.558261E-07  1.913517E-04 -1.441554E-02  2.034552E-08  2.044166E-08
  2.403000E+03  1.063740E-05  1.061330E-04  9.522454E-07  1.917223E-04 -1.878823E-02  2.034448E-08  2.045161E-08
  2.404000E+03  1.076169E-05  1.060804E-04 -2.134955E-07  1.918007E-04 -1.314937E-02  2.034453E-08  2.045191E-08
  2.405000E+03  1.011491E-05  1.063429E-04  9.013496E-08  1.913386E-04 -1.576606E-02  2.034497E-08  2.044163E-08
  2.406000E+03  1.054855E-05  1.060710E-04  1.018781E-06  1.918296E-04 -1.804444E-02  2.034426E-08  2.044930E-08
  2.407000E+03  1.083170E-05  1.061462E-04 -9.484830E-08  1.916732E-04 -1.273446E-02  2.034374E-08  2.045253E-08
  2.408000E+03  1.014331E-05  1.063165E-04 -7.485055E-08  1.913813E-04 -1.703640E-02  2.034404E-08  2.044154E-08
  2.409000E+03  1.045222E-05  1.060337E-04  1.044134E-06  1.918919E-04 -1.687384E-02  2.034411E-08  2.044684E-08
  2.410000E+03  1.088481E-05  1.062163E-04  5.328533E-08  1.915450E-04 -1.291404E-02  2.034351E-08  2.045360E-08
  2.411000E+03  1.019550E-05  1.062638E-04 -2.262261E-07  1.914755E-04 -1.796297E-02  2.034364E-08  2.044226E-08
  2.412000E+03  1.035511E-05  1.060300E-04  1.022339E-06  1.918985E-04 -1.551854E-02  2.034456E-08  2.044499E-08
  2.413000E+03  1.091530E-05  1.062779E-04  2.223310E-07  1.914437E-04 -1.366324E-02  2.034434E-08  2.045544E-08
  2.414000E+03  1.026993E-05  1.061969E-04 -3.511834E-07  1.916037E-04 -1.836844E-02  2.034429E-08  2.044424E-08
  2.415000E+03  1.026161E-05  1.060610E-04  9.527658E-07  1.918491E-04 -1.427556E-02  2.034562E-08  2.044394E-08
  2.416000E+03  1.092217E-05  1.063157E-04  4.043402E-07  1.913920E-04 -1.482298E-02  2.034574E-08  2.045747E-08
  2.417000E+03  1.036125E-05  1.061296E-04 -4.431003E-07  1.917339E-04 -1.816619E-02  2.034528E-08  2.044670E-08
  2.418000E+03  1.017576E-05  1.061173E-04  8.427219E-07  1.917533E-04 -1.341999E-02  2.034651E-08  2.044306E-08
  2.419000E+03  1.090611E-05  1.063195E-04  5.905745E-07  1.913989E-04 -1.611553E-02  2.034678E-08  2.045865E-08
  2.420000E+03  1.046174E-05  1.060774E-04 -4.968110E-07  1.918343E-04 -1.738413E-02  2.034622E-08  2.044915E-08
  2.421000E+03  1.010542E-05  1.061849E-04  7.009800E-07  1.916332E-04 -1.315744E-02  2.034680E-08  2.044209E-08
  2.422000E+03  1.086786E-05  1.062894E-04  7.646487E-07  1.914626E-04 -1.721276E-02  2.034743E-08  2.045886E-08
  2.423000E+03  1.056194E-05  1.060547E-04 -5.056898E-07  1.918815E-04 -1.622413E-02  2.034725E-08  2.045166E-08
  2.424000E+03  1.005945E-05  1.062479E-04  5.389570E-07  1.915227E-04 -1.353251E-02  2.034703E-08  2.044172E-08
  2.425000E+03  1.080787E-05  1.062366E-04  9.083577E-07  1.915657E-04 -1.786783E-02  2.034803E-08  2.045839E-08
  2.426000E+03  1.065687E-05  1.060656E-04 -4.663523E-07  1.918699E-04 -1.500044E-02  2.034851E-08  2.045436E-08
  2.427000E+03  1.003932E-05  1.062926E-04  3.654213E-07  1.914521E-04 -1.437793E-02  2.034784E-08  2.044250E-08
  2.428000E+03  1.072985E-05  1.061754E-04  1.015555E-06  1.916781E-04 -1.800343E-02  2.034820E-08  2.045696E-08
  2.429000E+03  1.074447E-05  1.061043E-04 -3.845304E-07  1.918072E-04 -1.400991E-02  2.034958E-08  2.045690E-08
  2.430000E+03  1.004209E-05  1.063111E-04  1.870321E-07  1.914338E-04 -1.544827E-02  2.034910E-08  2.044417E-08
  2.431000E+03  1.063964E-05  1.061201E-04  1.087158E-06  1.917762E-04 -1.762532E-02  2.034815E-08  2.045492E-08
  2.432000E+03  1.082010E-05  1.061579E-04 -2.679691E-07  1.917105E-04 -1.347449E-02  2.034974E-08  2.045850E-08
  2.433000E+03  1.006586E-05  1.063007E-04  1.472905E-08  1.914641E-04 -1.647945E-02  2.035001E-08  2.044578E-08
  2.434000E+03  1.054470E-05  1.060839E-04  1.120637E-06  1.918399E-04 -1.683049E-02  2.034824E-08  2.045285E-08
  2.435000E+03  1.087756E-05  1.062115E-04 -1.263419E-07  1.916069E-04 -1.348596E-02  2.034900E-08  2.045905E-08
  2.436000E+03  1.010957E-05  1.062659E-04 -1.381327E-07  1.915291E-04 -1.723889E-02  2.034998E-08  2.044670E-08
  2.437000E+03  1.044958E-05  1.060749E-04  1.114189E-06  1.918573E-04 -1.581903E-02  2.034869E-08  2.045113E-08
  2.438000E+03  1.091455E-05  1.062551E-04  3.313895E-08  1.915229E-04 -1.399403E-02  2.034830E-08  2.045936E-08
  2.439000E+03  1.017118E-05  1.062164E-04 -2.651878E-07  1.916121E-04 -1.762408E-02  2.034919E-08  2.044704E-08
  2.440000E+03  1.035740E-05  1.060921E-04  1.069235E-06  1.918294E-04 -1.483123E-02  2.034935E-08  2.044974E-08
  2.441000E+03  1.093243E-05  1.062840E-04  2.030655E-07  1.914749E-04 -1.481798E-02  2.034848E-08  2.046024E-08
  2.442000E+03  1.024592E-05  1.061636E-04 -3.650448E-07  1.916994E-04 -1.761012E-02  2.034834E-08  2.044745E-08
  2.443000E+03  1.027214E-05  1.061279E-04  9.920131E-07  1.917646E-04 -1.408367E-02  2.034955E-08  2.044815E-08
  2.444000E+03  1.093265E-05  1.062932E-04  3.742030E-07  1.914662E-04 -1.575125E-02  2.034902E-08  2.046113E-08
  2.445000E+03  1.032935E-05  1.061170E-04 -4.368813E-07  1.917761E-04 -1.719998E-02  2.034769E-08  2.044812E-08
  2.446000E+03  1.019818E-05  1.061725E-04  8.876383E-07  1.916755E-04 -1.371818E-02  2.034876E-08  2.044596E-08
  2.447000E+03  1.091563E-05  1.062800E-04  5.373949E-07  1.914914E-04 -1.663310E-02  2.034889E-08  2.046094E-08
  2.448000E+03  1.041767E-05  1.060843E-04 -4.782312E-07  1.918261E-04 -1.647052E-02  2.034698E-08  2.044877E-08
  2.449000E+03  1.013873E-05  1.062172E-04  7.610312E-07  1.915787E-04 -1.378282E-02  2.034701E-08  2.044321E-08
  2.450000E+03  1.088228E-05  1.062466E-04  6.853793E-07  1.915420E-04 -1.732520E-02  2.034763E-08  2.045921E-08
  2.451000E+03  1.050714E-05  1.060712E-04 -4.877747E-07  1.918394E-04 -1.555927E-02  2.034618E-08  2.044936E-08
  2.452000E+03  1.009613E-05  1.062548E-04  6.176963E-07  1.914937E-04 -1.422944E-02  2.034506E-08  2.044068E-08
  2.453000E+03  1.083347E-05  1.061991E-04  8.127492E-07  1.916114E-04 -1.770222E-02  2.034577E-08  2.045644E-08
  2.454000E+03  1.059408E-05  1.060807E-04 -4.640690E-07  1.918121E-04 -1.464869E-02  2.034538E-08  2.044997E-08
  2.455000E+03  1.007213E-05  1.062822E-04  4.635383E-07  1.914378E-04 -1.495620E-02  2.034415E-08  2.043960E-08
  2.456000E+03  1.076935E-05  1.061456E-04  9.158349E-07  1.916931E-04 -1.771897E-02  2.034418E-08  2.045350E-08
  2.457000E+03  1.067451E-05  1.061114E-04 -4.040321E-07  1.917490E-04 -1.388938E-02  2.034480E-08  2.045077E-08
  2.458000E+03  1.006877E-05  1.062946E-04  3.047952E-07  1.914182E-04 -1.587198E-02  2.034416E-08  2.043985E-08
  2.459000E+03  1.069146E-05  1.060942E-04  9.892257E-07  1.917755E-04 -1.734830E-02  2.034321E-08  2.045080E-08
  2.460000E+03  1.074458E-05  1.061589E-04 -3.074735E-07  1.916574E-04 -1.342166E-02  2.034431E-08  2.045163E-08
  2.461000E+03  1.008501E-05  1.062846E-04  1.500902E-07  1.914404E-04 -1.684061E-02  2.034428E-08  2.044053E-08
  2.462000E+03  1.060523E-05  1.060565E-04  1.030354E-06  1.918376E-04 -1.658528E-02  2.034283E-08  2.044843E-08
  2.463000E+03  1.080210E-05  1.062137E-04 -1.834209E-07  1.915525E-04 -1.340505E-02  2.034367E-08  2.045226E-08
  2.464000E+03  1.011822E-05  1.062500E-04  6.081254E-09  1.915059E-04 -1.762501E-02  2.034435E-08  2.044135E-08
  2.465000E+03  1.051779E-05  1.060447E-04  1.038435E-06  1.918596E-04 -1.554201E-02  2.034324E-08  2.044681E-08
  2.466000E+03  1.084213E-05  1.062663E-04 -4.196273E-08  1.914585E-04 -1.391519E-02  2.034361E-08  2.045329E-08
  2.467000E+03  1.016831E-05  1.061968E-04 -1.172050E-07  1.916075E-04 -1.803923E-02  2.034479E-08  2.044270E-08
  2.468000E+03  1.043558E-05  1.060653E-04  1.008124E-06  1.918326E-04 -1.443428E-02  2.034466E-08  2.044635E-08
  2.469000E+03  1.086045E-05  1.063051E-04  1.075628E-07  1.914021E-04 -1.486672E-02  2.034476E-08  2.045521E-08
  2.470000E+03  1.023454E-05  1.061368E-04 -2.106700E-07  1.917236E-04 -1.798525E-02  2.034564E-08  2.044460E-08
  2.471000E+03  1.036107E-05  1.061136E-04  9.387846E-07  1.917613E-04 -1.352662E-02  2.034662E-08  2.044669E-08
  2.472000E+03  1.085898E-05  1.063195E-04  2.585372E-07  1.913976E-04 -1.603729E-02  2.034668E-08  2.045752E-08
  2.473000E+03  1.031047E-05  1.060834E-04 -2.726802E-07  1.918275E-04 -1.743386E-02  2.034661E-08  2.044667E-08
  2.474000E+03  1.029739E-05  1.061790E-04  8.406889E-07  1.916579E-04 -1.305760E-02  2.034831E-08  2.044717E-08
  2.475000E+03  1.084180E-05  1.063041E-04  4.011903E-07  1.914469E-04 -1.717422E-02  2.034858E-08  2.045940E-08
  2.476000E+03  1.038641E-05  1.060506E-04 -3.031333E-07  1.918953E-04 -1.645063E-02  2.034786E-08  2.044894E-08
  2.477000E+03  1.024948E-05  1.062468E-04  7.290771E-07  1.915441E-04 -1.319951E-02  2.034918E-08  2.044733E-08
  2.478000E+03  1.081160E-05  1.062611E-04  5.233016E-07  1.915411E-04 -1.799941E-02  2.035006E-08  2.046046E-08
  2.479000E+03  1.045468E-05  1.060467E-04 -3.008659E-07  1.919095E-04 -1.525185E-02  2.034900E-08  2.045098E-08
  2.480000E+03  1.022179E-05  1.063007E-04  6.155901E-07  1.914499E-04 -1.389860E-02  2.034931E-08  2.044728E-08
  2.481000E+03  1.076902E-05  1.062008E-04  6.153878E-07  1.916553E-04 -1.834063E-02  2.035052E-08  2.046004E-08
  2.482000E+03  1.051422E-05  1.060719E-04 -2.662330E-07  1.918677E-04 -1.411398E-02  2.034973E-08  2.045255E-08
  2.483000E+03  1.021369E-05  1.063314E-04  5.028832E-07  1.913978E-04 -1.495425E-02  2.034932E-08  2.044753E-08
  2.484000E+03  1.071678E-05  1.061380E-04  6.763438E-07  1.917650E-04 -1.816919E-02  2.035019E-08  2.045849E-08
  2.485000E+03  1.056561E-05  1.061202E-04 -2.052353E-07  1.917825E-04 -1.329004E-02  2.035021E-08  2.045387E-08
  2.486000E+03  1.022000E-05  1.063363E-04  3.942257E-07  1.913974E-04 -1.612652E-02  2.034985E-08  2.044852E-08
  2.487000E+03  1.066177E-05  1.060868E-04  7.107299E-07  1.918517E-04 -1.756351E-02  2.034980E-08  2.045671E-08
  2.488000E+03  1.060754E-05  1.061787E-04 -1.305678E-07  1.916774E-04 -1.292783E-02  2.035035E-08  2.045486E-08
  2.489000E+03  1.023620E-05  1.063150E-04  2.960998E-07  1.914431E-04 -1.715636E-02  2.035029E-08  2.044951E-08
  2.490000E+03  1.061054E-05  1.060540E-04  7.220045E-07  1.919002E-04 -1.665206E-02  2.034896E-08  2.045451E-08
  2.491000E+03  1.063685E-05  1.062333E-04 -5.270177E-08  1.915695E-04 -1.306473E-02  2.034933E-08  2.045461E-08
  2.492000E+03  1.026108E-05  1.062719E-04  2.159246E-07  1.915162E-04 -1.789277E-02  2.034953E-08  2.044932E-08
  2.493000E+03  1.056550E-05  1.060421E-04  7.105528E-07  1.919058E-04 -1.558021E-02  2.034762E-08  2.045193E-08
  2.494000E+03  1.065179E-05  1.062779E-04  2.500876E-08  1.914720E-04 -1.364544E-02  2.034736E-08  2.045325E-08
  2.495000E+03  1.029330E-05  1.062153E-04  1.583410E-07  1.916038E-04 -1.828240E-02  2.034785E-08  2.044821E-08
  2.496000E+03  1.052574E-05  1.060538E-04  6.798183E-07  1.918705E-04 -1.452309E-02  2.034645E-08  2.044969E-08
  2.497000E+03  1.065539E-05  1.063083E-04  1.018256E-07  1.914043E-04 -1.454386E-02  2.034571E-08  2.045206E-08
  2.498000E+03  1.032896E-05  1.061545E-04  1.205948E-07  1.916986E-04 -1.825882E-02  2.034629E-08  2.044714E-08
  2.499000E+03  1.049076E-05  1.060888E-04  6.380870E-07  1.917989E-04 -1.366084E-02  2.034581E-08  2.044820E-08
  2.500000E+03  1.065053E-05  1.063205E-04  1.762727E-07  1.913806E-04 -1.561134E-02  2.034520E-08  2.045183E-08
  2.501000E+03  1.036498E-05  1.060985E-04  9.954273E-08  1.917894E-04 -1.781141E-02  2.034535E-08  2.044659E-08
  2.502000E+03  1.046294E-05  1.061411E-04  5.895110E-07  1.917000E-04 -1.313798E-02  2.034550E-08  2.044733E-08
  2.503000E+03  1.063755E-05  1.063101E-04  2.432767E-07  1.914025E-04 -1.670571E-02  2.034519E-08  2.045189E-08
  2.504000E+03  1.039965E-05  1.060550E-04  9.595969E-08  1.918590E-04 -1.698404E-02  2.034468E-08  2.044619E-08
  2.505000E+03  1.044480E-05  1.062009E-04  5.353665E-07  1.915858E-04 -1.305736E-02  2.034485E-08  2.044646E-08
  2.506000E+03  1.061843E-05  1.062776E-04  2.960996E-07  1.914646E-04 -1.763912E-02  2.034524E-08  2.045179E-08
  2.507000E+03  1.043119E-05  1.060326E-04  1.074012E-07  1.918925E-04 -1.591289E-02  2.034429E-08  2.044600E-08
  2.508000E+03  1.043597E-05  1.062569E-04  4.795574E-07  1.914779E-04 -1.344429E-02  2.034400E-08  2.044572E-08
  2.509000E+03  1.059719E-05  1.062276E-04  3.320084E-07  1.915570E-04 -1.822605E-02  2.034526E-08  2.045145E-08
  2.510000E+03  1.045587E-05  1.060384E-04  1.289550E-07  1.918801E-04 -1.479153E-02  2.034443E-08  2.044628E-08
  2.511000E+03  1.043776E-05  1.063009E-04  4.284279E-07  1.913999E-04 -1.424889E-02  2.034391E-08  2.044603E-08
  2.512000E+03  1.057514E-05  1.061667E-04  3.472831E-07  1.916675E-04 -1.836637E-02  2.034527E-08  2.045091E-08
  2.513000E+03  1.047016E-05  1.060740E-04  1.610518E-07  1.918213E-04 -1.377961E-02  2.034532E-08  2.044721E-08
  2.514000E+03  1.045036E-05  1.063251E-04  3.889364E-07  1.913677E-04 -1.536829E-02  2.034479E-08  2.044757E-08
  2.515000E+03  1.055277E-05  1.061062E-04  3.410968E-07  1.917776E-04 -1.802142E-02  2.034549E-08  2.045042E-08
  2.516000E+03  1.047467E-05  1.061309E-04  2.021211E-07  1.917252E-04 -1.309396E-02  2.034622E-08  2.044814E-08
  2.517000E+03  1.046889E-05  1.063225E-04  3.640027E-07  1.913886E-04 -1.655012E-02  2.034612E-08  2.044960E-08
  2.518000E+03  1.053415E-05  1.060612E-04  3.197899E-07  1.918622E-04 -1.722386E-02  2.034612E-08  2.045031E-08
  2.519000E+03  1.046972E-05  1.061961E-04  2.437893E-07  1.916130E-04 -1.293060E-02  2.034686E-08  2.044882E-08
  2.520000E+03  1.048889E-05  1.062930E-04  3.568439E-07  1.914579E-04 -1.752496E-02  2.034751E-08  2.045158E-08
  2.521000E+03  1.052410E-05  1.060417E-04  2.882005E-07  1.919028E-04 -1.613623E-02  2.034705E-08  2.045063E-08
  2.522000E+03  1.045482E-05  1.062561E-04  2.767314E-07  1.915101E-04 -1.331484E-02  2.034732E-08  2.044929E-08
  2.523000E+03  1.050898E-05  1.062432E-04  3.696033E-07  1.915578E-04 -1.812708E-02  2.034836E-08  2.045285E-08
  2.524000E+03  1.052507E-05  1.060496E-04  2.470131E-07  1.918911E-04 -1.500118E-02  2.034769E-08  2.045094E-08
  2.525000E+03  1.043161E-05  1.062973E-04  2.946321E-07  1.914375E-04 -1.412451E-02  2.034727E-08  2.044917E-08
  2.526000E+03  1.052768E-05  1.061837E-04  4.002384E-07  1.916636E-04 -1.824367E-02  2.034817E-08  2.045289E-08
  2.527000E+03  1.053647E-05  1.060830E-04  1.996815E-07  1.918308E-04 -1.405211E-02  2.034798E-08  2.045122E-08
  2.528000E+03  1.040405E-05  1.063140E-04  2.952992E-07  1.914108E-04 -1.516482E-02  2.034730E-08  2.044905E-08
  2.529000E+03  1.054098E-05  1.061315E-04  4.442466E-07  1.917564E-04 -1.786439E-02  2.034814E-08  2.045286E-08
  2.530000E+03  1.055750E-05  1.061325E-04  1.549582E-07  1.917426E-04 -1.351597E-02  2.034826E-08  2.045186E-08
  2.531000E+03  1.037781E-05  1.063084E-04  2.754931E-07  1.914327E-04 -1.616565E-02  2.034824E-08  2.044977E-08
  2.532000E+03  1.054231E-05  1.060966E-04  4.958374E-07  1.918219E-04 -1.716047E-02  2.034865E-08  2.045307E-08
  2.533000E+03  1.058628E-05  1.061853E-04  1.276546E-07  1.916517E-04 -1.342259E-02  2.034875E-08  2.045302E-08
  2.534000E+03  1.035679E-05  1.062844E-04  2.356432E-07  1.914882E-04 -1.696185E-02  2.034927E-08  2.045057E-08
  2.535000E+03  1.052761E-05  1.060799E-04  5.506466E-07  1.918525E-04 -1.630523E-02  2.034898E-08  2.045281E-08
  2.536000E+03  1.062275E-05  1.062304E-04  1.260020E-07  1.915709E-04 -1.369888E-02  2.034874E-08  2.045392E-08
  2.537000E+03  1.034092E-05  1.062467E-04  1.759537E-07  1.915591E-04 -1.746070E-02  2.034942E-08  2.045046E-08
  2.538000E+03  1.049817E-05  1.060811E-04  6.077298E-07  1.918476E-04 -1.542583E-02  2.034897E-08  2.045198E-08
  2.539000E+03  1.066315E-05  1.062637E-04  1.505947E-07  1.915083E-04 -1.426903E-02  2.034831E-08  2.045455E-08
  2.540000E+03  1.033210E-05  1.062046E-04  1.023066E-07  1.916348E-04 -1.763814E-02  2.034932E-08  2.045013E-08
  2.541000E+03  1.045878E-05  1.060987E-04  6.591599E-07  1.918146E-04 -1.467240E-02  2.034909E-08  2.045117E-08
  2.542000E+03  1.070068E-05  1.062829E-04  1.976386E-07  1.914754E-04 -1.497849E-02  2.034827E-08  2.045552E-08
  2.543000E+03  1.033695E-05  1.061667E-04  2.274933E-08  1.917035E-04 -1.752197E-02  2.034940E-08  2.045015E-08
  2.544000E+03  1.041142E-05  1.061269E-04  6.899157E-07  1.917634E-04 -1.417830E-02  2.034921E-08  2.045032E-08
  2.545000E+03  1.073159E-05  1.062856E-04  2.663575E-07  1.914738E-04 -1.567908E-02  2.034841E-08  2.045649E-08
  2.546000E+03  1.036005E-05  1.061350E-04 -5.913280E-08  1.917557E-04 -1.715717E-02  2.034900E-08  2.044998E-08
  2.547000E+03  1.035675E-05  1.061594E-04  6.902696E-07  1.916981E-04 -1.397359E-02  2.034856E-08  2.044867E-08
  2.548000E+03  1.075621E-05  1.062728E-04  3.551325E-07  1.914945E-04 -1.630768E-02  2.034794E-08  2.045668E-08
  2.549000E+03  1.039830E-05  1.061099E-04 -1.413302E-07  1.917871E-04 -1.660826E-02  2.034769E-08  2.044916E-08
  2.550000E+03  1.029845E-05  1.061906E-04  6.632941E-07  1.916253E-04 -1.401695E-02  2.034682E-08  2.044593E-08
  2.551000E+03  1.077282E-05  1.062485E-04  4.580766E-07  1.915287E-04 -1.681044E-02  2.034676E-08  2.045595E-08
  2.552000E+03  1.044747E-05  1.060948E-04 -2.167747E-07  1.917965E-04 -1.597432E-02  2.034602E-08  2.044819E-08
  2.553000E+03  1.024220E-05  1.062184E-04  6.126277E-07  1.915574E-04 -1.427107E-02  2.034485E-08  2.044307E-08
  2.554000E+03  1.077505E-05  1.062175E-04  5.691985E-07  1.915754E-04 -1.712051E-02  2.034568E-08  2.045496E-08
  2.555000E+03  1.050620E-05  1.060958E-04 -2.715008E-07  1.917839E-04 -1.534621E-02  2.034508E-08  2.044819E-08
  2.556000E+03  1.019099E-05  1.062406E-04  5.384214E-07  1.915105E-04 -1.471442E-02  2.034399E-08  2.044144E-08
  2.557000E+03  1.076114E-05  1.061829E-04  6.840137E-07  1.916329E-04 -1.718838E-02  2.034514E-08  2.045410E-08
  2.558000E+03  1.057335E-05  1.061147E-04 -3.010067E-07  1.917473E-04 -1.481211E-02  2.034498E-08  2.044926E-08
  2.559000E+03  1.014584E-05  1.062503E-04  4.421135E-07  1.914941E-04 -1.531611E-02  2.034392E-08  2.044073E-08
  2.560000E+03  1.073154E-05  1.061498E-04  8.000532E-07  1.916877E-04 -1.697338E-02  2.034469E-08  2.045296E-08
  2.561000E+03  1.064554E-05  1.061440E-04 -3.032768E-07  1.916899E-04 -1.449916E-02  2.034460E-08  2.045025E-08
  2.562000E+03  1.011161E-05  1.062446E-04  3.263470E-07  1.915086E-04 -1.590377E-02  2.034417E-08  2.044048E-08
  2.563000E+03  1.068598E-05  1.061283E-04  9.078248E-07  1.917234E-04 -1.653400E-02  2.034451E-08  2.045175E-08
  2.564000E+03  1.072021E-05  1.061753E-04 -2.756296E-07  1.916306E-04 -1.448392E-02  2.034430E-08  2.045148E-08
  2.565000E+03  1.009321E-05  1.062272E-04  1.920328E-07  1.915482E-04 -1.631393E-02  2.034492E-08  2.044094E-08
  2.566000E+03  1.062359E-05  1.061247E-04  9.981781E-07  1.917353E-04 -1.599009E-02  2.034525E-08  2.045113E-08
  2.567000E+03  1.079586E-05  1.062023E-04 -2.149697E-07  1.915872E-04 -1.475019E-02  2.034480E-08  2.045361E-08
  2.568000E+03  1.009173E-05  1.062041E-04  4.128926E-08  1.916010E-04 -1.650302E-02  2.034603E-08  2.044200E-08
  2.569000E+03  1.054590E-05  1.061380E-04  1.067625E-06  1.917236E-04 -1.548982E-02  2.034671E-08  2.045100E-08
  2.570000E+03  1.086656E-05  1.062176E-04 -1.193508E-07  1.915710E-04 -1.518719E-02  2.034586E-08  2.045622E-08
  2.571000E+03  1.010868E-05  1.061840E-04 -1.152682E-07  1.916506E-04 -1.642028E-02  2.034749E-08  2.044368E-08
  2.572000E+03  1.045756E-05  1.061620E-04  1.109146E-06  1.916929E-04 -1.522575E-02  2.034814E-08  2.045074E-08
  2.573000E+03  1.092517E-05  1.062165E-04  8.019870E-09  1.915883E-04 -1.559115E-02  2.034737E-08  2.045899E-08
  2.574000E+03  1.014630E-05  1.061767E-04 -2.652261E-07  1.916775E-04 -1.612865E-02  2.034904E-08  2.044581E-08
  2.575000E+03  1.036118E-05  1.061844E-04  1.116001E-06  1.916640E-04 -1.526295E-02  2.034937E-08  2.045021E-08
  2.576000E+03  1.096764E-05  1.062059E-04  1.653569E-07  1.916244E-04 -1.579374E-02  2.034910E-08  2.046160E-08
  2.577000E+03  1.020583E-05  1.061816E-04 -4.015062E-07  1.916782E-04 -1.583698E-02  2.035015E-08  2.044796E-08
  2.578000E+03  1.026098E-05  1.061952E-04  1.082102E-06  1.916513E-04 -1.547515E-02  2.035001E-08  2.044904E-08
  2.579000E+03  1.099098E-05  1.061920E-04  3.467171E-07  1.916555E-04 -1.577701E-02  2.034975E-08  2.046269E-08
  2.580000E+03  1.028502E-05  1.061927E-04 -5.161482E-07  1.916592E-04 -1.565544E-02  2.035031E-08  2.044960E-08
  2.581000E+03  1.016429E-05  1.061914E-04  1.005719E-06  1.916539E-04 -1.573647E-02  2.034947E-08  2.044675E-08
  2.582000E+03  1.099390E-05  1.061837E-04  5.385209E-07  1.916687E-04 -1.557598E-02  2.034962E-08  2.046258E-08
  2.583000E+03  1.038130E-05  1.062052E-04 -6.044021E-07  1.916326E-04 -1.568568E-02  2.034989E-08  2.045106E-08
  2.584000E+03  1.007835E-05  1.061769E-04  8.857771E-07  1.916738E-04 -1.589188E-02  2.034875E-08  2.044440E-08
  2.585000E+03  1.097348E-05  1.061895E-04  7.286795E-07  1.916588E-04 -1.530157E-02  2.034977E-08  2.046232E-08
  2.586000E+03  1.049017E-05  1.062112E-04 -6.565004E-07  1.916198E-04 -1.594534E-02  2.034958E-08  2.045294E-08
  2.587000E+03  1.001042E-05  1.061596E-04  7.251323E-07  1.917015E-04 -1.581076E-02  2.034841E-08  2.044268E-08
  2.588000E+03  1.092672E-05  1.062075E-04  9.051923E-07  1.916258E-04 -1.515856E-02  2.034977E-08  2.046147E-08
  2.589000E+03  1.060564E-05  1.062026E-04 -6.613363E-07  1.916323E-04 -1.628967E-02  2.034914E-08  2.045481E-08
  2.590000E+03  9.963281E-06  1.061467E-04  5.334233E-07  1.917174E-04 -1.548158E-02  2.034773E-08  2.044094E-08
  2.591000E+03  1.085455E-05  1.062275E-04  1.061654E-06  1.915805E-04 -1.525120E-02  2.034876E-08  2.045921E-08
  2.592000E+03  1.072210E-05  1.061808E-04 -6.159639E-07  1.916613E-04 -1.656135E-02  2.034795E-08  2.045589E-08
  2.593000E+03  9.935384E-06  1.061437E-04  3.232678E-07  1.917112E-04 -1.502624E-02  2.034665E-08  2.043916E-08
  2.594000E+03  1.076308E-05  1.062418E-04  1.195971E-06  1.915416E-04 -1.554339E-02  2.034727E-08  2.045616E-08
  2.595000E+03  1.083125E-05  1.061533E-04 -5.255451E-07  1.916966E-04 -1.664820E-02  2.034642E-08  2.045644E-08
  2.596000E+03  9.928481E-06  1.061553E-04  1.098529E-07  1.916835E-04 -1.460498E-02  2.034606E-08  2.043833E-08
  2.597000E+03  1.065918E-05  1.062469E-04  1.298738E-06  1.915250E-04 -1.598965E-02  2.034634E-08  2.045344E-08
  2.598000E+03  1.092347E-05  1.061274E-04 -3.956631E-07  1.917342E-04 -1.647652E-02  2.034548E-08  2.045717E-08
  2.599000E+03  9.949431E-06  1.061818E-04 -9.338572E-08  1.916385E-04 -1.434237E-02  2.034643E-08  2.043907E-08
  2.600000E+03  1.054451E-05  1.062422E-04  1.354745E-06  1.915382E-04 -1.651794E-02  2.034666E-08  2.045175E-08
  2.601000E+03  1.099649E-05  1.061084E-04 -2.277217E-07  1.917681E-04 -1.607188E-02  2.034558E-08  2.045852E-08
  2.602000E+03  9.999328E-06  1.062142E-04 -2.827972E-07  1.915856E-04 -1.431214E-02  2.034702E-08  2.044067E-08
  2.603000E+03  1.042227E-05  1.062263E-04  1.359066E-06  1.915733E-04 -1.699790E-02  2.034719E-08  2.045006E-08
  2.604000E+03  1.105208E-05  1.060964E-04 -2.964930E-08  1.917871E-04 -1.552534E-02  2.034547E-08  2.045931E-08
  2.605000E+03  1.007210E-05  1.062436E-04 -4.567636E-07  1.915307E-04 -1.449058E-02  2.034677E-08  2.044193E-08
  2.606000E+03  1.029956E-05  1.061995E-04  1.317822E-06  1.916166E-04 -1.736597E-02  2.034653E-08  2.044711E-08
  2.607000E+03  1.108767E-05  1.060944E-04  1.864868E-07  1.917865E-04 -1.487956E-02  2.034522E-08  2.045958E-08
  2.608000E+03  1.016395E-05  1.062698E-04 -6.068586E-07  1.914801E-04 -1.488109E-02  2.034629E-08  2.044339E-08
  2.609000E+03  1.018400E-05  1.061654E-04  1.232123E-06  1.916727E-04 -1.754730E-02  2.034588E-08  2.044422E-08
  2.610000E+03  1.109712E-05  1.061082E-04  4.105933E-07  1.917645E-04 -1.422016E-02  2.034573E-08  2.046015E-08
  2.611000E+03  1.027291E-05  1.062919E-04 -7.190700E-07  1.914467E-04 -1.548850E-02  2.034679E-08  2.044621E-08
  2.612000E+03  1.008082E-05  1.061278E-04  1.101451E-06  1.917436E-04 -1.748034E-02  2.034622E-08  2.044245E-08
  2.613000E+03  1.107787E-05  1.061382E-04  6.343999E-07  1.917187E-04 -1.366511E-02  2.034678E-08  2.046078E-08
  2.614000E+03  1.039525E-05  1.063023E-04 -7.850687E-07  1.914377E-04 -1.627848E-02  2.034758E-08  2.044961E-08
  2.615000E+03  9.994229E-06  1.060877E-04  9.297022E-07  1.918174E-04 -1.710321E-02  2.034648E-08  2.044081E-08
  2.616000E+03  1.103081E-05  1.061823E-04  8.486644E-07  1.916436E-04 -1.330642E-02  2.034735E-08  2.046052E-08
  2.617000E+03  1.052358E-05  1.062921E-04 -8.002940E-07  1.914580E-04 -1.718756E-02  2.034746E-08  2.045221E-08
  2.618000E+03  9.930516E-06  1.060506E-04  7.263523E-07  1.918799E-04 -1.632702E-02  2.034627E-08  2.043902E-08
  2.619000E+03  1.095797E-05  1.062392E-04  1.039011E-06  1.915415E-04 -1.326496E-02  2.034743E-08  2.045940E-08
  2.620000E+03  1.065256E-05  1.062576E-04 -7.642757E-07  1.915187E-04 -1.807724E-02  2.034699E-08  2.045441E-08
  2.621000E+03  9.893039E-06  1.060300E-04  4.992477E-07  1.919116E-04 -1.521887E-02  2.034603E-08  2.043763E-08
  2.622000E+03  1.086213E-05  1.063003E-04  1.196314E-06  1.914330E-04 -1.367707E-02  2.034748E-08  2.045797E-08
  2.623000E+03  1.077687E-05  1.062008E-04 -6.780509E-07  1.916210E-04 -1.871029E-02  2.034674E-08  2.045661E-08
  2.624000E+03  9.882905E-06  1.060374E-04  2.581280E-07  1.918957E-04 -1.396183E-02  2.034615E-08  2.043716E-08
  2.625000E+03  1.074856E-05  1.063519E-04  1.313840E-06  1.913438E-04 -1.460994E-02  2.034761E-08  2.045641E-08
  2.626000E+03  1.088843E-05  1.061284E-04 -5.453009E-07  1.917538E-04 -1.884330E-02  2.034691E-08  2.045879E-08
  2.627000E+03  9.900975E-06  1.060805E-04  1.848921E-08  1.918226E-04 -1.279195E-02  2.034696E-08  2.043805E-08
  2.628000E+03  1.062332E-05  1.063780E-04  1.384685E-06  1.913039E-04 -1.599000E-02  2.034794E-08  2.045489E-08
  2.629000E+03  1.097870E-05  1.060552E-04 -3.708627E-07  1.918911E-04 -1.830192E-02  2.034764E-08  2.046090E-08
  2.630000E+03  9.948684E-06  1.061565E-04 -2.037168E-07  1.916975E-04 -1.202786E-02  2.034846E-08  2.044040E-08
  2.631000E+03  1.049085E-05  1.063683E-04  1.402155E-06  1.913366E-04 -1.754505E-02  2.034901E-08  2.045390E-08
  2.632000E+03  1.104203E-05  1.059971E-04 -1.588619E-07  1.919980E-04 -1.714054E-02  2.034825E-08  2.046223E-08
  2.633000E+03  1.002451E-05  1.062487E-04 -3.958579E-07  1.915427E-04 -1.189231E-02  2.034972E-08  2.044330E-08
  2.634000E+03  1.035814E-05  1.063185E-04  1.363328E-06  1.914359E-04 -1.894635E-02  2.034953E-08  2.045219E-08
  2.635000E+03  1.107694E-05  1.059668E-04  7.793914E-08  1.920454E-04 -1.552547E-02  2.034800E-08  2.046210E-08
  2.636000E+03  1.012249E-05  1.063379E-04 -5.498382E-07  1.913838E-04 -1.249585E-02  2.034977E-08  2.044564E-08
  2.637000E+03  1.023441E-05  1.062347E-04  1.272305E-06  1.915864E-04 -1.986465E-02  2.034912E-08  2.044947E-08
  2.638000E+03  1.108346E-05  1.059770E-04  3.209910E-07  1.920184E-04 -1.371340E-02  2.034762E-08  2.046136E-08
  2.639000E+03  1.023650E-05  1.064066E-04 -6.604852E-07  1.912575E-04 -1.382773E-02  2.034911E-08  2.044777E-08
  2.640000E+03  1.012850E-05  1.061341E-04  1.133831E-06  1.917638E-04 -2.005515E-02  2.034858E-08  2.044669E-08
  2.641000E+03  1.105990E-05  1.060325E-04  5.539757E-07  1.919171E-04 -1.210347E-02  2.034797E-08  2.046095E-08
  2.642000E+03  1.036173E-05  1.064385E-04 -7.202796E-07  1.912022E-04 -1.565777E-02  2.034878E-08  2.045050E-08
  2.643000E+03  1.004757E-05  1.060361E-04  9.514242E-07  1.919336E-04 -1.940976E-02  2.034806E-08  2.044412E-08
  2.644000E+03  1.100545E-05  1.061223E-04  7.631693E-07  1.917556E-04 -1.107275E-02  2.034829E-08  2.046020E-08
  2.645000E+03  1.049185E-05  1.064241E-04 -7.221896E-07  1.912301E-04 -1.762440E-02  2.034832E-08  2.045311E-08
  2.646000E+03  9.992359E-06  1.059568E-04  7.371953E-07  1.920599E-04 -1.801594E-02  2.034675E-08  2.044107E-08
  2.647000E+03  1.092600E-05  1.062274E-04  9.420911E-07  1.915589E-04 -1.081997E-02  2.034760E-08  2.045825E-08
  2.648000E+03  1.061933E-05  1.063655E-04 -6.716143E-07  1.913307E-04 -1.936933E-02  2.034717E-08  2.045479E-08
  2.649000E+03  9.961277E-06  1.059112E-04  5.076306E-07  1.921210E-04 -1.610048E-02  2.034512E-08  2.043809E-08
  2.650000E+03  1.082951E-05  1.063309E-04  1.087101E-06  1.913611E-04 -1.141230E-02  2.034626E-08  2.045560E-08
  2.651000E+03  1.073545E-05  1.062728E-04 -5.770783E-07  1.914902E-04 -2.058281E-02  2.034589E-08  2.045589E-08
  2.652000E+03  9.956688E-06  1.059122E-04  2.782221E-07  1.921062E-04 -1.397346E-02  2.034441E-08  2.043660E-08
  2.653000E+03  1.072091E-05  1.064167E-04  1.189239E-06  1.912028E-04 -1.279344E-02  2.034551E-08  2.045348E-08
  2.654000E+03  1.083273E-05  1.061623E-04 -4.420755E-07  1.916881E-04 -2.101688E-02  2.034556E-08  2.045727E-08
  2.655000E+03  9.981077E-06  1.059625E-04  6.188444E-08  1.920147E-04 -1.203610E-02  2.034488E-08  2.043703E-08
  2.656000E+03  1.060376E-05  1.064691E-04  1.240465E-06  1.911171E-04 -1.473491E-02  2.034586E-08  2.045238E-08
  2.657000E+03  1.090895E-05  1.060498E-04 -2.718738E-07  1.918909E-04 -2.057777E-02  2.034569E-08  2.045844E-08
  2.658000E+03  1.003195E-05  1.060532E-04 -1.347961E-07  1.918557E-04 -1.061648E-02  2.034576E-08  2.043866E-08
  2.659000E+03  1.048345E-05  1.064772E-04  1.241175E-06  1.911145E-04 -1.695716E-02  2.034641E-08  2.045136E-08
  2.660000E+03  1.096307E-05  1.059489E-04 -7.643482E-08  1.920664E-04 -1.929211E-02  2.034544E-08  2.045858E-08
  2.661000E+03  1.010502E-05  1.061705E-04 -3.060787E-07  1.916452E-04 -9.929891E-03  2.034608E-08  2.044047E-08
  2.662000E+03  1.036561E-05  1.064361E-04  1.195163E-06  1.911955E-04 -1.913946E-02  2.034638E-08  2.044967E-08
  2.663000E+03  1.099343E-05  1.058776E-04  1.343760E-07  1.921856E-04 -1.728022E-02  2.034510E-08  2.045804E-08
  2.664000E+03  1.019546E-05  1.063006E-04 -4.444486E-07  1.914135E-04 -1.014487E-02  2.034634E-08  2.044289E-08
  2.665000E+03  1.025691E-05  1.063492E-04  1.106428E-06  1.913601E-04 -2.092546E-02  2.034655E-08  2.044808E-08
  2.666000E+03  1.099608E-05  1.058544E-04  3.505328E-07  1.922235E-04 -1.481996E-02  2.034547E-08  2.045768E-08
  2.667000E+03  1.030036E-05  1.064234E-04 -5.395284E-07  1.912030E-04 -1.134072E-02  2.034716E-08  2.044645E-08
  2.668000E+03  1.016468E-05  1.062276E-04  9.745524E-07  1.915910E-04 -2.195775E-02  2.034734E-08  2.044709E-08
  2.669000E+03  1.096769E-05  1.058895E-04  5.601567E-07  1.921637E-04 -1.232397E-02  2.034657E-08  2.045759E-08
  2.670000E+03  1.041382E-05  1.065129E-04 -5.795520E-07  1.910558E-04 -1.341698E-02  2.034807E-08  2.045045E-08
  2.671000E+03  1.009479E-05  1.060874E-04  8.063475E-07  1.918517E-04 -2.192016E-02  2.034816E-08  2.044616E-08
  2.672000E+03  1.091045E-05  1.059834E-04  7.495630E-07  1.920016E-04 -1.024128E-02  2.034792E-08  2.045749E-08
  2.673000E+03  1.053011E-05  1.065469E-04 -5.640385E-07  1.910084E-04 -1.609182E-02  2.034873E-08  2.045427E-08
  2.674000E+03  1.005137E-05  1.059531E-04  6.098253E-07  1.920933E-04 -2.069576E-02  2.034853E-08  2.044492E-08
  2.675000E+03  1.082810E-05  1.061227E-04  9.072703E-07  1.917578E-04 -9.005459E-03  2.034903E-08  2.045706E-08
  2.676000E+03  1.064443E-05  1.065162E-04 -4.963591E-07  1.910781E-04 -1.889048E-02  2.034928E-08  2.045782E-08
  2.677000E+03  1.003593E-05  1.058529E-04  3.933238E-07  1.922665E-04 -1.847106E-02  2.034850E-08  2.044359E-08
  2.678000E+03  1.072553E-05  1.062813E-04  1.026056E-06  1.914766E-04 -8.931309E-03  2.034957E-08  2.045610E-08
  2.679000E+03  1.075080E-05  1.064223E-04 -3.812614E-07  1.912564E-04 -2.125868E-02  2.034934E-08  2.046043E-08
  2.680000E+03  1.004875E-05  1.058089E-04  1.686053E-07  1.923319E-04 -1.562536E-02  2.034794E-08  2.044223E-08
  2.681000E+03  1.061091E-05  1.064260E-04  1.098358E-06  1.912113E-04 -1.011856E-02  2.034882E-08  2.045400E-08
  2.682000E+03  1.083863E-05  1.062802E-04 -2.260929E-07  1.915130E-04 -2.264386E-02  2.034883E-08  2.046167E-08
  2.683000E+03  1.008915E-05  1.058359E-04 -4.243935E-08  1.922698E-04 -1.268827E-02  2.034741E-08  2.044159E-08
  2.684000E+03  1.049463E-05  1.065299E-04  1.116656E-06  1.910227E-04 -1.238812E-02  2.034808E-08  2.045206E-08
  2.685000E+03  1.089815E-05  1.061186E-04 -4.336070E-08  1.918011E-04 -2.275997E-02  2.034839E-08  2.046199E-08
  2.686000E+03  1.015559E-05  1.059308E-04 -2.188894E-07  1.920937E-04 -1.022743E-02  2.034757E-08  2.044248E-08
  2.687000E+03  1.038270E-05  1.065745E-04  1.078922E-06  1.909491E-04 -1.532565E-02  2.034792E-08  2.045083E-08
  2.688000E+03  1.092617E-05  1.059656E-04  1.575854E-07  1.920656E-04 -2.163004E-02  2.034759E-08  2.046098E-08
  2.689000E+03  1.024390E-05  1.060712E-04 -3.507491E-07  1.918344E-04 -8.699388E-03  2.034733E-08  2.044382E-08
  2.690000E+03  1.027924E-05  1.065489E-04  9.899981E-07  1.909976E-04 -1.836024E-02  2.034716E-08  2.044897E-08
  2.691000E+03  1.092568E-05  1.058470E-04  3.659015E-07  1.922557E-04 -1.942862E-02  2.034584E-08  2.045825E-08
  2.692000E+03  1.034631E-05  1.062302E-04 -4.373815E-07  1.915341E-04 -8.381736E-03  2.034599E-08  2.044479E-08
  2.693000E+03  1.019066E-05  1.064596E-04  8.599851E-07  1.911552E-04 -2.094765E-02  2.034585E-08  2.044652E-08
  2.694000E+03  1.089827E-05  1.057868E-04  5.673577E-07  1.923433E-04 -1.652299E-02  2.034461E-08  2.045545E-08
  2.695000E+03  1.045590E-05  1.063856E-04 -4.760576E-07  1.912499E-04 -9.336463E-03  2.034535E-08  2.044699E-08
  2.696000E+03  1.012527E-05  1.063253E-04  6.957237E-07  1.914020E-04 -2.266916E-02  2.034564E-08  2.044521E-08
  2.697000E+03  1.084415E-05  1.057974E-04  7.450487E-07  1.923185E-04 -1.343407E-02  2.034496E-08  2.045385E-08
  2.698000E+03  1.056559E-05  1.065108E-04 -4.611570E-07  1.910344E-04 -1.140106E-02  2.034589E-08  2.045065E-08
  2.699000E+03  1.008746E-05  1.061672E-04  5.076550E-07  1.916953E-04 -2.323739E-02  2.034626E-08  2.044482E-08
  2.700000E+03  1.076702E-05  1.058730E-04  8.870025E-07  1.921834E-04 -1.069393E-02  2.034588E-08  2.045267E-08
  2.701000E+03  1.066927E-05  1.065824E-04 -3.948863E-07  1.909185E-04 -1.420829E-02  2.034651E-08  2.045435E-08
  2.702000E+03  1.007494E-05  1.060071E-04  3.100232E-07  1.919837E-04 -2.254506E-02  2.034645E-08  2.044408E-08
  2.703000E+03  1.067437E-05  1.060018E-04  9.914347E-07  1.919513E-04 -8.739624E-03  2.034640E-08  2.045120E-08
  2.704000E+03  1.076098E-05  1.065883E-04 -2.871687E-07  1.909202E-04 -1.732693E-02  2.034680E-08  2.045742E-08
  2.705000E+03  1.008720E-05  1.058711E-04  1.152572E-07  1.922225E-04 -2.065920E-02  2.034647E-08  2.044333E-08
  2.706000E+03  1.057127E-05  1.061657E-04  1.055026E-06  1.916571E-04 -7.908619E-03  2.034677E-08  2.044982E-08
  2.707000E+03  1.083586E-05  1.065264E-04 -1.440568E-07  1.910447E-04 -2.027055E-02  2.034712E-08  2.045996E-08
  2.708000E+03  1.012455E-05  1.057833E-04 -6.716667E-08  1.923721E-04 -1.786784E-02  2.034651E-08  2.044295E-08
  2.709000E+03  1.046178E-05  1.063377E-04  1.073633E-06  1.913502E-04 -8.362395E-03  2.034702E-08  2.044863E-08
  2.710000E+03  1.089185E-05  1.064045E-04  2.804006E-08  1.912753E-04 -2.252219E-02  2.034740E-08  2.046173E-08
  2.711000E+03  1.018493E-05  1.057607E-04 -2.313345E-07  1.924023E-04 -1.462626E-02  2.034641E-08  2.044291E-08
  2.712000E+03  1.035194E-05  1.064883E-04  1.046293E-06  1.910811E-04 -1.008809E-02  2.034686E-08  2.044738E-08
  2.713000E+03  1.092591E-05  1.062397E-04  2.196282E-07  1.915767E-04 -2.366257E-02  2.034735E-08  2.046227E-08
  2.714000E+03  1.026511E-05  1.058122E-04 -3.683706E-07  1.922997E-04 -1.146444E-02  2.034631E-08  2.044348E-08
  2.715000E+03  1.025022E-05  1.065889E-04  9.721937E-07  1.909027E-04 -1.285894E-02  2.034643E-08  2.044620E-08
  2.716000E+03  1.093530E-05  1.060585E-04  4.159947E-07  1.918993E-04 -2.340586E-02  2.034699E-08  2.046156E-08
  2.717000E+03  1.036079E-05  1.059351E-04 -4.690977E-07  1.920726E-04 -8.963944E-03  2.034642E-08  2.044496E-08
  2.718000E+03  1.016168E-05  1.066186E-04  8.556806E-07  1.908577E-04 -1.623693E-02  2.034631E-08  2.044553E-08
  2.719000E+03  1.091923E-05  1.058953E-04  6.076497E-07  1.921845E-04 -2.172088E-02  2.034664E-08  2.045997E-08
  2.720000E+03  1.046718E-05  1.061084E-04 -5.278305E-07  1.917596E-04 -7.630043E-03  2.034672E-08  2.044736E-08
  2.721000E+03  1.008905E-05  1.065703E-04  7.040477E-07  1.909598E-04 -1.959731E-02  2.034674E-08  2.044548E-08
  2.722000E+03  1.087659E-05  1.057820E-04  7.900772E-07  1.923766E-04 -1.890945E-02  2.034635E-08  2.045770E-08
  2.723000E+03  1.057982E-05  1.062974E-04 -5.385261E-07  1.914198E-04 -7.743989E-03  2.034682E-08  2.045021E-08
  2.724000E+03  1.003673E-05  1.064513E-04  5.224738E-07  1.911890E-04 -2.226893E-02  2.034727E-08  2.044550E-08
  2.725000E+03  1.080687E-05  1.057435E-04  9.548654E-07  1.924357E-04 -1.548728E-02  2.034637E-08  2.045524E-08
  2.726000E+03  1.069217E-05  1.064646E-04 -4.945442E-07  1.911208E-04 -9.336231E-03  2.034671E-08  2.045324E-08
  2.727000E+03  1.001083E-05  1.062828E-04  3.188769E-07  1.915031E-04 -2.369371E-02  2.034777E-08  2.044545E-08
  2.728000E+03  1.071304E-05  1.057919E-04  1.087173E-06  1.923468E-04 -1.209654E-02  2.034724E-08  2.045339E-08
  2.729000E+03  1.079575E-05  1.065782E-04 -3.946302E-07  1.909277E-04 -1.213443E-02  2.034724E-08  2.045697E-08
  2.730000E+03  1.001546E-05  1.060979E-04  1.067754E-07  1.918418E-04 -2.359758E-02  2.034835E-08  2.044552E-08
  2.731000E+03  1.060108E-05  1.059161E-04  1.173662E-06  1.921282E-04 -9.402920E-03  2.034856E-08  2.045206E-08
  2.732000E+03  1.088469E-05  1.066175E-04 -2.457499E-07  1.908744E-04 -1.559039E-02  2.034809E-08  2.046072E-08
  2.733000E+03  1.005066E-05  1.059305E-04 -1.020675E-07  1.921378E-04 -2.205150E-02  2.034831E-08  2.044515E-08
  2.734000E+03  1.047811E-05  1.060839E-04  1.208142E-06  1.918219E-04 -7.918446E-03  2.034857E-08  2.044972E-08
  2.735000E+03  1.095446E-05  1.065760E-04 -5.834544E-08  1.909603E-04 -1.895951E-02  2.034813E-08  2.046306E-08
  2.736000E+03  1.011374E-05  1.058124E-04 -2.962355E-07  1.923323E-04 -1.940433E-02  2.034732E-08  2.044416E-08
  2.737000E+03  1.035286E-05  1.062604E-04  1.188544E-06  1.914907E-04 -7.877035E-03  2.034724E-08  2.044650E-08
  2.738000E+03  1.099937E-05  1.064666E-04  1.549255E-07  1.911615E-04 -2.158954E-02  2.034756E-08  2.046390E-08
  2.739000E+03  1.020056E-05  1.057671E-04 -4.607473E-07  1.923980E-04 -1.617590E-02  2.034671E-08  2.044403E-08
  2.740000E+03  1.023459E-05  1.064179E-04  1.115289E-06  1.912012E-04 -9.242199E-03  2.034636E-08  2.044423E-08
  2.741000E+03  1.101452E-05  1.063132E-04  3.796163E-07  1.914406E-04 -2.309369E-02  2.034724E-08  2.046395E-08
  2.742000E+03  1.030599E-05  1.057985E-04 -5.813986E-07  1.923331E-04 -1.296929E-02  2.034684E-08  2.044520E-08
  2.743000E+03  1.013075E-05  1.065297E-04  9.922588E-07  1.910027E-04 -1.168992E-02  2.034608E-08  2.044303E-08
  2.744000E+03  1.099830E-05  1.061432E-04  6.021512E-07  1.917433E-04 -2.328440E-02  2.034672E-08  2.046273E-08
  2.745000E+03  1.042288E-05  1.058923E-04 -6.488152E-07  1.921536E-04 -1.034374E-02  2.034650E-08  2.044651E-08
  2.746000E+03  1.004593E-05  1.065805E-04  8.299508E-07  1.909171E-04 -1.470711E-02  2.034583E-08  2.044223E-08
  2.747000E+03  1.095479E-05  1.059838E-04  8.098186E-07  1.920194E-04 -2.220598E-02  2.034594E-08  2.046036E-08
  2.748000E+03  1.054406E-05  1.060302E-04 -6.650523E-07  1.918936E-04 -8.678326E-03  2.034575E-08  2.044792E-08
  2.749000E+03  9.985094E-06  1.065657E-04  6.385110E-07  1.909511E-04 -1.778923E-02  2.034562E-08  2.044175E-08
  2.750000E+03  1.088669E-05  1.058612E-04  9.903221E-07  1.922297E-04 -2.006683E-02  2.034557E-08  2.045770E-08
  2.751000E+03  1.066252E-05  1.061915E-04 -6.295754E-07  1.915969E-04 -8.215253E-03  2.034526E-08  2.045001E-08
  2.752000E+03  9.953118E-06  1.064888E-04  4.278290E-07  1.910996E-04 -2.047267E-02  2.034571E-08  2.044182E-08
  2.753000E+03  1.079792E-05  1.057943E-04  1.130523E-06  1.923421E-04 -1.722292E-02  2.034568E-08  2.045504E-08
  2.754000E+03  1.077204E-05  1.063504E-04 -5.448998E-07  1.913107E-04 -9.008791E-03  2.034514E-08  2.045270E-08
  2.755000E+03  9.949008E-06  1.063615E-04  2.112782E-07  1.913373E-04 -2.234907E-02  2.034584E-08  2.044207E-08
  2.756000E+03  1.069490E-05  1.057933E-04  1.226926E-06  1.923375E-04 -1.413461E-02  2.034598E-08  2.045241E-08
  2.757000E+03  1.086830E-05  1.064824E-04 -4.202424E-07  1.910806E-04 -1.092033E-02  2.034550E-08  2.045590E-08
  2.758000E+03  9.969476E-06  1.062032E-04  3.287754E-10  1.916298E-04 -2.309734E-02  2.034627E-08  2.044264E-08
  2.759000E+03  1.058321E-05  1.058611E-04  1.281352E-06  1.922122E-04 -1.131480E-02  2.034649E-08  2.045008E-08
  2.760000E+03  1.094649E-05  1.065629E-04 -2.627203E-07  1.909486E-04 -1.367296E-02  2.034613E-08  2.045915E-08
  2.761000E+03  1.001314E-05  1.060398E-04 -1.941495E-07  1.919289E-04 -2.251989E-02  2.034694E-08  2.044347E-08
  2.762000E+03  1.046622E-05  1.059886E-04  1.293719E-06  1.919820E-04 -9.265115E-03  2.034703E-08  2.044809E-08
  2.763000E+03  1.100277E-05  1.065738E-04 -7.577901E-08  1.909439E-04 -1.680743E-02  2.034675E-08  2.046188E-08
  2.764000E+03  1.008038E-05  1.058997E-04 -3.647619E-07  1.921776E-04 -2.067026E-02  2.034720E-08  2.044399E-08
  2.765000E+03  1.034727E-05  1.061535E-04  1.260374E-06  1.916825E-04 -8.385106E-03  2.034706E-08  2.044603E-08
  2.766000E+03  1.103559E-05  1.065119E-04  1.351762E-07  1.910694E-04 -1.976506E-02  2.034719E-08  2.046373E-08
  2.767000E+03  1.016784E-05  1.058120E-04 -5.055349E-07  1.923275E-04 -1.787421E-02  2.034731E-08  2.044462E-08
  2.768000E+03  1.023366E-05  1.063247E-04  1.181818E-06  1.913741E-04 -8.861436E-03  2.034698E-08  2.044441E-08
  2.769000E+03  1.104599E-05  1.063891E-04  3.545450E-07  1.913043E-04 -2.195101E-02  2.034780E-08  2.046491E-08
  2.770000E+03  1.026935E-05  1.057994E-04 -6.133010E-07  1.923465E-04 -1.468895E-02  2.034795E-08  2.044612E-08
  2.771000E+03  1.013237E-05  1.064668E-04  1.064502E-06  1.911249E-04 -1.065323E-02  2.034729E-08  2.044374E-08
  2.772000E+03  1.103368E-05  1.062290E-04  5.686223E-07  1.916049E-04 -2.286820E-02  2.034866E-08  2.046540E-08
  2.773000E+03  1.038097E-05  1.058662E-04 -6.840597E-07  1.922265E-04 -1.176709E-02  2.034888E-08  2.044840E-08
  2.774000E+03  1.004862E-05  1.065489E-04  9.118694E-07  1.909877E-04 -1.342982E-02  2.034770E-08  2.044362E-08
  2.775000E+03  1.099658E-05  1.060614E-04  7.686522E-07  1.919053E-04 -2.233528E-02  2.034868E-08  2.046409E-08
  2.776000E+03  1.049838E-05  1.059931E-04 -7.099490E-07  1.919906E-04 -9.681531E-03  2.034871E-08  2.045014E-08
  2.777000E+03  9.986287E-06  1.065548E-04  7.292635E-07  1.909831E-04 -1.657133E-02  2.034738E-08  2.044306E-08
  2.778000E+03  1.093502E-05  1.059213E-04  9.465790E-07  1.921400E-04 -2.051815E-02  2.034744E-08  2.046072E-08
  2.779000E+03  1.061669E-05  1.061497E-04 -6.874711E-07  1.916919E-04 -8.829572E-03  2.034724E-08  2.045110E-08
  2.780000E+03  9.948309E-06  1.064892E-04  5.240359E-07  1.911049E-04 -1.938352E-02  2.034678E-08  2.044239E-08
  2.781000E+03  1.085048E-05  1.058417E-04  1.095220E-06  1.922666E-04 -1.785473E-02  2.034657E-08  2.045718E-08
  2.782000E+03  1.072908E-05  1.063049E-04 -6.137629E-07  1.914031E-04 -9.358510E-03  2.034620E-08  2.045281E-08
  2.783000E+03  9.937334E-06  1.063722E-04  3.075731E-07  1.913256E-04 -2.130692E-02  2.034711E-08  2.044271E-08
  2.784000E+03  1.074740E-05  1.058377E-04  1.205468E-06  1.922708E-04 -1.493754E-02  2.034722E-08  2.045491E-08
  2.785000E+03  1.082866E-05  1.064273E-04 -4.918167E-07  1.911856E-04 -1.110391E-02  2.034612E-08  2.045552E-08
  2.786000E+03  9.954502E-06  1.062267E-04  9.280231E-08  1.915922E-04 -2.204614E-02  2.034725E-08  2.044294E-08
  2.787000E+03  1.063188E-05  1.058991E-04  1.269803E-06  1.921560E-04 -1.234308E-02  2.034760E-08  2.045239E-08
  2.788000E+03  1.090978E-05  1.064934E-04 -3.291013E-07  1.910685E-04 -1.360276E-02  2.034565E-08  2.045756E-08
  2.789000E+03  9.999415E-06  1.060806E-04 -1.086361E-07  1.918449E-04 -2.154644E-02  2.034630E-08  2.044221E-08
  2.790000E+03  1.051167E-05  1.060069E-04  1.282401E-06  1.919497E-04 -1.054204E-02  2.034687E-08  2.044907E-08
  2.791000E+03  1.096777E-05  1.064983E-04 -1.371710E-07  1.910640E-04 -1.627933E-02  2.034531E-08  2.045918E-08
  2.792000E+03  1.006826E-05  1.059642E-04 -2.840707E-07  1.920420E-04 -2.001461E-02  2.034550E-08  2.044186E-08
  2.793000E+03  1.039576E-05  1.061386E-04  1.243239E-06  1.917040E-04 -9.800340E-03  2.034621E-08  2.044631E-08
  2.794000E+03  1.099993E-05  1.064498E-04  6.822528E-08  1.911637E-04 -1.864151E-02  2.034581E-08  2.046090E-08
  2.795000E+03  1.015444E-05  1.058961E-04 -4.224314E-07  1.921593E-04 -1.782498E-02  2.034570E-08  2.044276E-08
  2.796000E+03  1.029244E-05  1.062682E-04  1.158450E-06  1.914654E-04 -1.017662E-02  2.034562E-08  2.044419E-08
  2.797000E+03  1.100447E-05  1.063577E-04  2.719640E-07  1.913392E-04 -2.031723E-02  2.034620E-08  2.046166E-08
  2.798000E+03  1.025087E-05  1.058829E-04 -5.140384E-07  1.921788E-04 -1.539553E-02  2.034603E-08  2.044407E-08
  2.799000E+03  1.020614E-05  1.063745E-04  1.038524E-06  1.912704E-04 -1.151862E-02  2.034494E-08  2.044254E-08
  2.800000E+03  1.098366E-05  1.062385E-04  4.631755E-07  1.915556E-04 -2.109162E-02  2.034606E-08  2.046103E-08
  2.801000E+03  1.035192E-05  1.059222E-04 -5.586914E-07  1.921035E-04 -1.311276E-02  2.034628E-08  2.044560E-08
  2.802000E+03  1.013797E-05  1.064451E-04  8.938012E-07  1.911482E-04 -1.351190E-02  2.034493E-08  2.044201E-08
  2.803000E+03  1.094222E-05  1.061148E-04  6.356203E-07  1.917795E-04 -2.092348E-02  2.034618E-08  2.045996E-08
  2.804000E+03  1.045282E-05  1.060059E-04 -5.617477E-07  1.919534E-04 -1.134795E-02  2.034688E-08  2.044777E-08
  2.805000E+03  1.008958E-05  1.064695E-04  7.324435E-07  1.911173E-04 -1.579781E-02  2.034563E-08  2.044253E-08
  2.806000E+03  1.088465E-05  1.060062E-04  7.821157E-07  1.919746E-04 -1.985877E-02  2.034649E-08  2.045854E-08
  2.807000E+03  1.054755E-05  1.061191E-04 -5.270944E-07  1.917493E-04 -1.042014E-02  2.034717E-08  2.044988E-08
  2.808000E+03  1.006380E-05  1.064421E-04  5.641648E-07  1.911821E-04 -1.799477E-02  2.034653E-08  2.044350E-08
  2.809000E+03  1.081556E-05  1.059300E-04  8.930381E-07  1.921090E-04 -1.803811E-02  2.034681E-08  2.045674E-08
  2.810000E+03  1.063096E-05  1.062439E-04 -4.596357E-07  1.915231E-04 -1.048222E-02  2.034704E-08  2.045171E-08
  2.811000E+03  1.006044E-05  1.063672E-04  3.994150E-07  1.913313E-04 -1.976294E-02  2.034740E-08  2.044460E-08
  2.812000E+03  1.073977E-05  1.059026E-04  9.646139E-07  1.921591E-04 -1.575782E-02  2.034763E-08  2.045531E-08
  2.813000E+03  1.070105E-05  1.063584E-04 -3.673130E-07  1.913199E-04 -1.153216E-02  2.034711E-08  2.045377E-08
  2.814000E+03  1.007550E-05  1.062582E-04  2.457040E-07  1.915407E-04 -2.076745E-02  2.034839E-08  2.044583E-08
  2.815000E+03  1.065994E-05  1.059323E-04  1.002657E-06  1.921105E-04 -1.347361E-02  2.034887E-08  2.045437E-08
  2.816000E+03  1.075757E-05  1.064379E-04 -2.552643E-07  1.911867E-04 -1.336850E-02  2.034769E-08  2.045623E-08
  2.817000E+03  1.010666E-05  1.061355E-04  1.054590E-07  1.917691E-04 -2.076290E-02  2.034912E-08  2.044677E-08
  2.818000E+03  1.057769E-05  1.060134E-04  1.010413E-06  1.919662E-04 -1.168066E-02  2.034960E-08  2.045316E-08
  2.819000E+03  1.079884E-05  1.064628E-04 -1.252969E-07  1.911508E-04 -1.564210E-02  2.034797E-08  2.045809E-08
  2.820000E+03  1.015206E-05  1.060214E-04 -1.631482E-08  1.919667E-04 -1.971085E-02  2.034863E-08  2.044646E-08
  2.821000E+03  1.049729E-05  1.061271E-04  9.879665E-07  1.917516E-04 -1.073306E-02  2.034887E-08  2.045089E-08
  2.822000E+03  1.082332E-05  1.064280E-04  1.531576E-08  1.912155E-04 -1.788558E-02  2.034743E-08  2.045862E-08
  2.823000E+03  1.020760E-05  1.059429E-04 -1.130169E-07  1.920912E-04 -1.782864E-02  2.034747E-08  2.044551E-08
  2.824000E+03  1.042330E-05  1.062495E-04  9.396651E-07  1.915175E-04 -1.083522E-02  2.034745E-08  2.044842E-08
  2.825000E+03  1.083229E-05  1.063449E-04  1.563137E-07  1.913689E-04 -1.958832E-02  2.034720E-08  2.045887E-08
  2.826000E+03  1.027003E-05  1.059225E-04 -1.844690E-07  1.921199E-04 -1.555217E-02  2.034736E-08  2.044578E-08
  2.827000E+03  1.035883E-05  1.063563E-04  8.693836E-07  1.913238E-04 -1.198552E-02  2.034703E-08  2.044740E-08
  2.828000E+03  1.082598E-05  1.062328E-04  2.912788E-07  1.915799E-04 -2.039898E-02  2.034784E-08  2.045932E-08
  2.829000E+03  1.033795E-05  1.059616E-04 -2.298875E-07  1.920488E-04 -1.339923E-02  2.034798E-08  2.044708E-08
  2.830000E+03  1.030713E-05  1.064196E-04  7.771472E-07  1.912119E-04 -1.389399E-02  2.034674E-08  2.044687E-08
  2.831000E+03  1.080359E-05  1.061144E-04  4.143057E-07  1.917909E-04 -2.016844E-02  2.034763E-08  2.045828E-08
  2.832000E+03  1.040835E-05  1.060441E-04 -2.451375E-07  1.918926E-04 -1.183788E-02  2.034765E-08  2.044780E-08
  2.833000E+03  1.027128E-05  1.064269E-04  6.663392E-07  1.911958E-04 -1.606598E-02  2.034575E-08  2.044587E-08
  2.834000E+03  1.076612E-05  1.060169E-04  5.184004E-07  1.919529E-04 -1.899667E-02  2.034658E-08  2.045588E-08
  2.835000E+03  1.047587E-05  1.061511E-04 -2.276104E-07  1.916905E-04 -1.118869E-02  2.034689E-08  2.044842E-08
  2.836000E+03  1.025283E-05  1.063847E-04  5.464541E-07  1.912762E-04 -1.800594E-02  2.034557E-08  2.044578E-08
  2.837000E+03  1.071703E-05  1.059634E-04  5.974841E-07  1.920420E-04 -1.721158E-02  2.034642E-08  2.045405E-08
  2.838000E+03  1.053492E-05  1.062590E-04 -1.794888E-07  1.914968E-04 -1.152446E-02  2.034690E-08  2.044995E-08
  2.839000E+03  1.025176E-05  1.063075E-04  4.287149E-07  1.914286E-04 -1.933168E-02  2.034649E-08  2.044683E-08
  2.840000E+03  1.066150E-05  1.059583E-04  6.471513E-07  1.920484E-04 -1.525905E-02  2.034675E-08  2.045267E-08
  2.841000E+03  1.058104E-05  1.063412E-04 -1.073681E-07  1.913477E-04 -1.267028E-02  2.034651E-08  2.045102E-08
  2.842000E+03  1.026642E-05  1.062102E-04  3.234950E-07  1.916076E-04 -1.982432E-02  2.034668E-08  2.044715E-08
  2.843000E+03  1.060484E-05  1.059953E-04  6.661686E-07  1.919723E-04 -1.353615E-02  2.034631E-08  2.045068E-08
  2.844000E+03  1.061162E-05  1.063843E-04 -1.966773E-08  1.912626E-04 -1.432428E-02  2.034525E-08  2.045100E-08
  2.845000E+03  1.029497E-05  1.061138E-04  2.376272E-07  1.917750E-04 -1.947675E-02  2.034611E-08  2.044670E-08
  2.846000E+03  1.055145E-05  1.060660E-04  6.544634E-07  1.918393E-04 -1.231301E-02  2.034608E-08  2.044923E-08
  2.847000E+03  1.062625E-05  1.063897E-04  7.509197E-08  1.912535E-04 -1.613821E-02  2.034474E-08  2.045136E-08
  2.848000E+03  1.033355E-05  1.060363E-04  1.752163E-07  1.919090E-04 -1.847683E-02  2.034586E-08  2.044663E-08
  2.849000E+03  1.050682E-05  1.061549E-04  6.151402E-07  1.916809E-04 -1.175553E-02  2.034647E-08  2.044882E-08
  2.850000E+03  1.062599E-05  1.063587E-04  1.650122E-07  1.913176E-04 -1.776088E-02  2.034509E-08  2.045212E-08
  2.851000E+03  1.037580E-05  1.059895E-04  1.396031E-07  1.919891E-04 -1.704019E-02  2.034586E-08  2.044684E-08
  2.852000E+03  1.047450E-05  1.062445E-04  5.578909E-07  1.915198E-04 -1.197571E-02  2.034647E-08  2.044851E-08
  2.853000E+03  1.061316E-05  1.062951E-04  2.409281E-07  1.914410E-04 -1.889502E-02  2.034560E-08  2.045256E-08
  2.854000E+03  1.041624E-05  1.059801E-04  1.307706E-07  1.920009E-04 -1.538147E-02  2.034586E-08  2.044704E-08
  2.855000E+03  1.045586E-05  1.063204E-04  4.925735E-07  1.913821E-04 -1.292141E-02  2.034612E-08  2.044829E-08
  2.856000E+03  1.059111E-05  1.062108E-04  2.972368E-07  1.916010E-04 -1.938060E-02  2.034628E-08  2.045273E-08
  2.857000E+03  1.045117E-05  1.060101E-04  1.452060E-07  1.919457E-04 -1.377912E-02  2.034626E-08  2.044767E-08
  2.858000E+03  1.045026E-05  1.063698E-04  4.271858E-07  1.912951E-04 -1.439633E-02  2.034590E-08  2.044856E-08
  2.859000E+03  1.056333E-05  1.061230E-04  3.322675E-07  1.917660E-04 -1.917403E-02  2.034705E-08  2.045264E-08
  2.860000E+03  1.047769E-05  1.060745E-04  1.783390E-07  1.918347E-04 -1.255369E-02  2.034716E-08  2.044887E-08
  2.861000E+03  1.045530E-05  1.063833E-04  3.695819E-07  1.912798E-04 -1.608677E-02  2.034634E-08  2.044965E-08
  2.862000E+03  1.053405E-05  1.060475E-04  3.471800E-07  1.919044E-04 -1.831848E-02  2.034757E-08  2.045212E-08
  2.863000E+03  1.049430E-05  1.061614E-04  2.229492E-07  1.916847E-04 -1.195866E-02  2.034805E-08  2.045013E-08
  2.864000E+03  1.046919E-05  1.063572E-04  3.243188E-07  1.913395E-04 -1.768497E-02  2.034714E-08  2.045113E-08
  2.865000E+03  1.050722E-05  1.059984E-04  3.422279E-07  1.919924E-04 -1.692248E-02  2.034798E-08  2.045144E-08
  2.866000E+03  1.050056E-05  1.062534E-04  2.715068E-07  1.915215E-04 -1.213644E-02  2.034831E-08  2.045083E-08
  2.867000E+03  1.048909E-05  1.062936E-04  2.947039E-07  1.914642E-04 -1.886405E-02  2.034779E-08  2.045234E-08
  2.868000E+03  1.048601E-05  1.059891E-04  3.203906E-07  1.920068E-04 -1.523679E-02  2.034827E-08  2.045076E-08
  2.869000E+03  1.049731E-05  1.063299E-04  3.169073E-07  1.913842E-04 -1.307719E-02  2.034812E-08  2.045110E-08
  2.870000E+03  1.051264E-05  1.062072E-04  2.810915E-07  1.916267E-04 -1.934754E-02  2.034832E-08  2.045322E-08
  2.871000E+03  1.047126E-05  1.060231E-04  2.856914E-07  1.919422E-04 -1.366810E-02  2.034840E-08  2.045019E-08
  2.872000E+03  1.048571E-05  1.063744E-04  3.564842E-07  1.913059E-04 -1.457242E-02  2.034789E-08  2.045125E-08
  2.873000E+03  1.053848E-05  1.061166E-04  2.822969E-07  1.917888E-04 -1.906365E-02  2.034828E-08  2.045332E-08
  2.874000E+03  1.046256E-05  1.060906E-04  2.412041E-07  1.918160E-04 -1.252807E-02  2.034827E-08  2.044971E-08
  2.875000E+03  1.046723E-05  1.063781E-04  3.897654E-07  1.913003E-04 -1.627858E-02  2.034747E-08  2.045104E-08
  2.876000E+03  1.056318E-05  1.060422E-04  2.982988E-07  1.919158E-04 -1.809007E-02  2.034784E-08  2.045285E-08
  2.877000E+03  1.046001E-05  1.061754E-04  1.937515E-07  1.916572E-04 -1.206861E-02  2.034780E-08  2.044929E-08
  2.878000E+03  1.044474E-05  1.063413E-04  4.141359E-07  1.913683E-04 -1.778496E-02  2.034714E-08  2.045066E-08
  2.879000E+03  1.058339E-05  1.060039E-04  3.262056E-07  1.919806E-04 -1.663882E-02  2.034787E-08  2.045269E-08
  2.880000E+03  1.046545E-05  1.062605E-04  1.485018E-07  1.915043E-04 -1.242899E-02  2.034776E-08  2.044970E-08
  2.881000E+03  1.041871E-05  1.062732E-04  4.254769E-07  1.914969E-04 -1.877015E-02  2.034740E-08  2.045054E-08
  2.882000E+03  1.059782E-05  1.060081E-04  3.661607E-07  1.919715E-04 -1.503917E-02  2.034824E-08  2.045285E-08
  2.883000E+03  1.048095E-05  1.063248E-04  1.062408E-07  1.913909E-04 -1.349317E-02  2.034775E-08  2.045049E-08
  2.884000E+03  1.038920E-05  1.061885E-04  4.195760E-07  1.916509E-04 -1.904013E-02  2.034744E-08  2.044985E-08
  2.885000E+03  1.060608E-05  1.060477E-04  4.183943E-07  1.918907E-04 -1.366747E-02  2.034766E-08  2.045211E-08
  2.886000E+03  1.050646E-05  1.063517E-04  6.781180E-08  1.913368E-04 -1.494132E-02  2.034673E-08  2.045048E-08
  2.887000E+03  1.035757E-05  1.061083E-04  3.953769E-07  1.917865E-04 -1.856913E-02  2.034663E-08  2.044806E-08
  2.888000E+03  1.060677E-05  1.061110E-04  4.813542E-07  1.917613E-04 -1.283615E-02  2.034631E-08  2.045070E-08
  2.889000E+03  1.054049E-05  1.063419E-04  3.731855E-08  1.913481E-04 -1.641872E-02  2.034557E-08  2.045042E-08
  2.890000E+03  1.032751E-05  1.060517E-04  3.527166E-07  1.918806E-04 -1.754170E-02  2.034613E-08  2.044650E-08
  2.891000E+03  1.059727E-05  1.061868E-04  5.498784E-07  1.916213E-04 -1.264832E-02  2.034602E-08  2.045040E-08
  2.892000E+03  1.058162E-05  1.063033E-04  2.121081E-08  1.914201E-04 -1.766570E-02  2.034543E-08  2.045134E-08
  2.893000E+03  1.030280E-05  1.060256E-04  2.911978E-07  1.919247E-04 -1.622221E-02  2.034626E-08  2.044565E-08
  2.894000E+03  1.057577E-05  1.062570E-04  6.179227E-07  1.914978E-04 -1.305186E-02  2.034624E-08  2.045055E-08
  2.895000E+03  1.062689E-05  1.062439E-04  2.567560E-08  1.915307E-04 -1.844363E-02  2.034552E-08  2.045239E-08
  2.896000E+03  1.028770E-05  1.060290E-04  2.131590E-07  1.919105E-04 -1.489995E-02  2.034581E-08  2.044451E-08
  2.897000E+03  1.054078E-05  1.063061E-04  6.782115E-07  1.914058E-04 -1.392666E-02  2.034563E-08  2.044971E-08
  2.898000E+03  1.067332E-05  1.061754E-04  5.626291E-08  1.916535E-04 -1.860946E-02  2.034537E-08  2.045299E-08
  2.899000E+03  1.028415E-05  1.060611E-04  1.228972E-07  1.918443E-04 -1.379824E-02  2.034528E-08  2.044364E-08
  2.900000E+03  1.049335E-05  1.063317E-04  7.259274E-07  1.913593E-04 -1.511393E-02  2.034524E-08  2.044887E-08
  2.901000E+03  1.071804E-05  1.061116E-04  1.133208E-07  1.917711E-04 -1.823052E-02  2.034576E-08  2.045394E-08
  2.902000E+03  1.029399E-05  1.061165E-04  2.462281E-08  1.917474E-04 -1.304699E-02  2.034584E-08  2.044429E-08
  2.903000E+03  1.043640E-05  1.063323E-04  7.548846E-07  1.913659E-04 -1.640360E-02  2.034564E-08  2.044861E-08
  2.904000E+03  1.075584E-05  1.060627E-04  1.954118E-07  1.918653E-04 -1.742610E-02  2.034665E-08  2.045518E-08
  2.905000E+03  1.031930E-05  1.061850E-04 -7.299751E-08  1.916348E-04 -1.277595E-02  2.034708E-08  2.044611E-08
  2.906000E+03  1.037473E-05  1.063053E-04  7.567826E-07  1.914271E-04 -1.753498E-02  2.034658E-08  2.044867E-08
  2.907000E+03  1.078107E-05  1.060359E-04  2.977453E-07  1.919171E-04 -1.630697E-02  2.034739E-08  2.045600E-08
  2.908000E+03  1.036094E-05  1.062527E-04 -1.593218E-07  1.915210E-04 -1.306675E-02  2.034788E-08  2.044798E-08
  2.909000E+03  1.031397E-05  1.062536E-04  7.250829E-07  1.915318E-04 -1.828250E-02  2.034754E-08  2.044855E-08
  2.910000E+03  1.079101E-05  1.060371E-04  4.113252E-07  1.919142E-04 -1.505953E-02  2.034771E-08  2.045614E-08
  2.911000E+03  1.041586E-05  1.063057E-04 -2.262792E-07  1.914268E-04 -1.389562E-02  2.034779E-08  2.044934E-08
  2.912000E+03  1.025873E-05  1.061871E-04  6.619928E-07  1.916581E-04 -1.849457E-02  2.034814E-08  2.044796E-08
  2.913000E+03  1.078466E-05  1.060692E-04  5.277636E-07  1.918546E-04 -1.393441E-02  2.034790E-08  2.045596E-08
  2.914000E+03  1.047891E-05  1.063328E-04 -2.674664E-07  1.913780E-04 -1.510204E-02  2.034744E-08  2.045065E-08
  2.915000E+03  1.021293E-05  1.061197E-04  5.744912E-07  1.917794E-04 -1.812876E-02  2.034822E-08  2.044685E-08
  2.916000E+03  1.076100E-05  1.061275E-04  6.400346E-07  1.917489E-04 -1.317827E-02  2.034806E-08  2.045562E-08
  2.917000E+03  1.054618E-05  1.063277E-04 -2.774759E-07  1.913899E-04 -1.642809E-02  2.034730E-08  2.045220E-08
  2.918000E+03  1.017936E-05  1.060670E-04  4.680326E-07  1.918695E-04 -1.724489E-02  2.034800E-08  2.044555E-08
  2.919000E+03  1.072165E-05  1.061987E-04  7.411634E-07  1.916214E-04 -1.296963E-02  2.034822E-08  2.045518E-08
  2.920000E+03  1.061355E-05  1.062913E-04 -2.560370E-07  1.914609E-04 -1.756159E-02  2.034750E-08  2.045395E-08
  2.921000E+03  1.016000E-05  1.060426E-04  3.492285E-07  1.919087E-04 -1.602546E-02  2.034788E-08  2.044459E-08
  2.922000E+03  1.067087E-05  1.062644E-04  8.235066E-07  1.915027E-04 -1.338068E-02  2.034810E-08  2.045442E-08
  2.923000E+03  1.067639E-05  1.062326E-04 -2.077699E-07  1.915740E-04 -1.819822E-02  2.034804E-08  2.045572E-08
  2.924000E+03  1.015508E-05  1.060543E-04  2.271697E-07  1.918854E-04 -1.478258E-02  2.034804E-08  2.044428E-08
  2.925000E+03  1.061118E-05  1.063085E-04  8.844661E-07  1.914236E-04 -1.434143E-02  2.034787E-08  2.045350E-08
  2.926000E+03  1.073315E-05  1.061646E-04 -1.363887E-07  1.916988E-04 -1.821605E-02  2.034826E-08  2.045686E-08
  2.927000E+03  1.016432E-05  1.060967E-04  1.051932E-07  1.918068E-04 -1.378523E-02  2.034814E-08  2.044432E-08
  2.928000E+03  1.054419E-05  1.063218E-04  9.232100E-07  1.913992E-04 -1.559381E-02  2.034743E-08  2.045222E-08
  2.929000E+03  1.078301E-05  1.061032E-04 -4.442468E-08  1.918031E-04 -1.766943E-02  2.034775E-08  2.045697E-08
  2.930000E+03  1.018593E-05  1.061556E-04 -1.348053E-08  1.916941E-04 -1.325108E-02  2.034762E-08  2.044421E-08
  2.931000E+03  1.047429E-05  1.063024E-04  9.395955E-07  1.914316E-04 -1.677564E-02  2.034678E-08  2.045056E-08
  2.932000E+03  1.082270E-05  1.060655E-04  6.206040E-08  1.918621E-04 -1.671034E-02  2.034712E-08  2.045671E-08
  2.933000E+03  1.021931E-05  1.062173E-04 -1.217948E-07  1.915793E-04 -1.331361E-02  2.034722E-08  2.044462E-08
  2.934000E+03  1.040588E-05  1.062588E-04  9.310472E-07  1.915114E-04 -1.761035E-02  2.034662E-08  2.044924E-08
  2.935000E+03  1.084826E-05  1.060593E-04  1.776630E-07  1.918691E-04 -1.558643E-02  2.034704E-08  2.045676E-08
  2.936000E+03  1.026602E-05  1.062678E-04 -2.131048E-07  1.914893E-04 -1.392540E-02  2.034718E-08  2.044579E-08
  2.937000E+03  1.034024E-05  1.062016E-04  8.933611E-07  1.916162E-04 -1.795871E-02  2.034668E-08  2.044798E-08
  2.938000E+03  1.085886E-05  1.060796E-04  3.005074E-07  1.918260E-04 -1.456202E-02  2.034667E-08  2.045635E-08
  2.939000E+03  1.032480E-05  1.062938E-04 -2.847021E-07  1.914370E-04 -1.488393E-02  2.034631E-08  2.044642E-08
  2.940000E+03  1.027858E-05  1.061440E-04  8.279827E-07  1.917142E-04 -1.777897E-02  2.034610E-08  2.044599E-08
  2.941000E+03  1.085478E-05  1.061179E-04  4.278817E-07  1.917440E-04 -1.387753E-02  2.034550E-08  2.045502E-08
  2.942000E+03  1.039255E-05  1.062924E-04 -3.344825E-07  1.914309E-04 -1.589974E-02  2.034507E-08  2.044678E-08
  2.943000E+03  1.022414E-05  1.061010E-04  7.384309E-07  1.917838E-04 -1.716886E-02  2.034545E-08  2.044398E-08
  2.944000E+03  1.083537E-05  1.061670E-04  5.538958E-07  1.916492E-04 -1.364216E-02  2.034492E-08  2.045416E-08
  2.945000E+03  1.046574E-05  1.062703E-04 -3.580900E-07  1.914694E-04 -1.678508E-02  2.034464E-08  2.044795E-08
  2.946000E+03  1.018028E-05  1.060799E-04  6.288793E-07  1.918212E-04 -1.630543E-02  2.034568E-08  2.044301E-08
  2.947000E+03  1.080058E-05  1.062174E-04  6.717769E-07  1.915642E-04 -1.383397E-02  2.034551E-08  2.045429E-08
  2.948000E+03  1.054115E-05  1.062337E-04 -3.527093E-07  1.915407E-04 -1.740566E-02  2.034499E-08  2.044984E-08
  2.949000E+03  1.015033E-05  1.060795E-04  5.029701E-07  1.918222E-04 -1.539464E-02  2.034600E-08  2.044245E-08
  2.950000E+03  1.075104E-05  1.062574E-04  7.743461E-07  1.914999E-04 -1.435302E-02  2.034618E-08  2.045431E-08
  2.951000E+03  1.061451E-05  1.061898E-04 -3.159277E-07  1.916275E-04 -1.763151E-02  2.034571E-08  2.045190E-08
  2.952000E+03  1.013779E-05  1.060973E-04  3.662910E-07  1.917879E-04 -1.461060E-02  2.034601E-08  2.044199E-08
  2.953000E+03  1.068794E-05  1.062813E-04  8.535322E-07  1.914629E-04 -1.508999E-02  2.034660E-08  2.045383E-08
  2.954000E+03  1.068080E-05  1.061459E-04 -2.458521E-07  1.917138E-04 -1.746451E-02  2.034653E-08  2.045381E-08
  2.955000E+03  1.014266E-05  1.061308E-04  2.289156E-07  1.917274E-04 -1.404700E-02  2.034618E-08  2.044214E-08
  2.956000E+03  1.061557E-05  1.062877E-04  9.056675E-07  1.914573E-04 -1.594791E-02  2.034697E-08  2.045311E-08
  2.957000E+03  1.073713E-05  1.061090E-04 -1.486078E-07  1.917882E-04 -1.696748E-02  2.034752E-08  2.045562E-08
  2.958000E+03  1.016270E-05  1.061761E-04  9.859013E-08  1.916505E-04 -1.378348E-02  2.034676E-08  2.044313E-08
  2.959000E+03  1.054032E-05  1.062731E-04  9.297883E-07  1.914877E-04 -1.679299E-02  2.034712E-08  2.045206E-08
  2.960000E+03  1.077963E-05  1.060858E-04 -3.376769E-08  1.918353E-04 -1.619105E-02  2.034833E-08  2.045694E-08
  2.961000E+03  1.019723E-05  1.062266E-04 -1.636211E-08  1.915681E-04 -1.389381E-02  2.034766E-08  2.044483E-08
  2.962000E+03  1.046869E-05  1.062371E-04  9.216769E-07  1.915558E-04 -1.744831E-02  2.034723E-08  2.045090E-08
  2.963000E+03  1.080453E-05  1.060815E-04  8.886894E-08  1.918414E-04 -1.525450E-02  2.034847E-08  2.045726E-08
  2.964000E+03  1.024515E-05  1.062719E-04 -1.073949E-07  1.914946E-04 -1.439487E-02  2.034838E-08  2.044673E-08
  2.965000E+03  1.040456E-05  1.061861E-04  8.802518E-07  1.916521E-04 -1.773309E-02  2.034759E-08  2.044996E-08
  2.966000E+03  1.081136E-05  1.061002E-04  2.118877E-07  1.918007E-04 -1.436541E-02  2.034799E-08  2.045670E-08
  2.967000E+03  1.030257E-05  1.062995E-04 -1.702418E-07  1.914477E-04 -1.524444E-02  2.034844E-08  2.044822E-08
  2.968000E+03  1.035082E-05  1.061321E-04  8.108683E-07  1.917539E-04 -1.753366E-02  2.034811E-08  2.044923E-08
  2.969000E+03  1.080086E-05  1.061426E-04  3.288714E-07  1.917193E-04 -1.374379E-02  2.034766E-08  2.045611E-08
  2.970000E+03  1.036534E-05  1.062996E-04 -2.028387E-07  1.914479E-04 -1.628811E-02  2.034813E-08  2.044943E-08
  2.971000E+03  1.030950E-05  1.060896E-04  7.200704E-07  1.918338E-04 -1.684326E-02  2.034869E-08  2.044865E-08
  2.972000E+03  1.077593E-05  1.061994E-04  4.332193E-07  1.916164E-04 -1.357648E-02  2.034767E-08  2.045576E-08
  2.973000E+03  1.042908E-05  1.062692E-04 -2.072896E-07  1.915019E-04 -1.722724E-02  2.034774E-08  2.045046E-08
  2.974000E+03  1.028092E-05  1.060709E-04  6.164591E-07  1.918651E-04 -1.583402E-02  2.034875E-08  2.044777E-08
  2.975000E+03  1.074121E-05  1.062535E-04  5.203580E-07  1.915204E-04 -1.393138E-02  2.034773E-08  2.045543E-08
  2.976000E+03  1.048911E-05  1.062166E-04 -1.888828E-07  1.915956E-04 -1.776460E-02  2.034743E-08  2.045131E-08
  2.977000E+03  1.026537E-05  1.060823E-04  5.091148E-07  1.918369E-04 -1.479829E-02  2.034827E-08  2.044667E-08
  2.978000E+03  1.069970E-05  1.062905E-04  5.871061E-07  1.914569E-04 -1.474518E-02  2.034784E-08  2.045511E-08
  2.979000E+03  1.054105E-05  1.061555E-04 -1.499018E-07  1.917051E-04 -1.774414E-02  2.034735E-08  2.045204E-08
  2.980000E+03  1.026339E-05  1.061221E-04  4.064568E-07  1.917584E-04 -1.397996E-02  2.034782E-08  2.044600E-08
  2.981000E+03  1.065231E-05  1.063008E-04  6.316373E-07  1.914418E-04 -1.584423E-02  2.034787E-08  2.045461E-08
  2.982000E+03  1.058304E-05  1.061014E-04 -9.059156E-08  1.918013E-04 -1.718105E-02  2.034739E-08  2.045255E-08
  2.983000E+03  1.027332E-05  1.061775E-04  3.135845E-07  1.916510E-04 -1.358530E-02  2.034714E-08  2.044553E-08
  2.984000E+03  1.060141E-05  1.062805E-04  6.552307E-07  1.914768E-04 -1.691476E-02  2.034733E-08  2.045339E-08
  2.985000E+03  1.061585E-05  1.060693E-04 -1.639342E-08  1.918542E-04 -1.623979E-02  2.034716E-08  2.045257E-08
  2.986000E+03  1.029045E-05  1.062331E-04  2.329854E-07  1.915440E-04 -1.372512E-02  2.034640E-08  2.044531E-08
  2.987000E+03  1.055243E-05  1.062360E-04  6.627253E-07  1.915523E-04 -1.765361E-02  2.034658E-08  2.045181E-08
  2.988000E+03  1.063722E-05  1.060679E-04  6.375254E-08  1.918526E-04 -1.516786E-02  2.034706E-08  2.045254E-08
  2.989000E+03  1.031506E-05  1.062756E-04  1.690008E-07  1.914665E-04 -1.435363E-02  2.034611E-08  2.044579E-08
  2.990000E+03  1.051006E-05  1.061793E-04  6.495215E-07  1.916496E-04 -1.788269E-02  2.034596E-08  2.045029E-08
  2.991000E+03  1.064389E-05  1.060943E-04  1.431822E-07  1.917999E-04 -1.423318E-02  2.034682E-08  2.045222E-08
  2.992000E+03  1.034873E-05  1.062951E-04  1.267897E-07  1.914308E-04 -1.530907E-02  2.034577E-08  2.044645E-08
  2.993000E+03  1.047406E-05  1.061234E-04  6.126524E-07  1.917430E-04 -1.758561E-02  2.034527E-08  2.044865E-08
  2.994000E+03  1.063847E-05  1.061377E-04  2.201459E-07  1.917102E-04 -1.365248E-02  2.034578E-08  2.045102E-08
  2.995000E+03  1.038919E-05  1.062895E-04  1.030524E-07  1.914391E-04 -1.631059E-02  2.034527E-08  2.044701E-08
  2.996000E+03  1.044500E-05  1.060832E-04  5.562216E-07  1.918093E-04 -1.689830E-02  2.034483E-08  2.044732E-08
  2.997000E+03  1.062438E-05  1.061878E-04  2.906046E-07  1.916111E-04 -1.353120E-02  2.034490E-08  2.044999E-08
  2.998000E+03  1.043054E-05  1.062650E-04  9.598754E-08  1.914876E-04 -1.712136E-02  2.034544E-08  2.044815E-08
  2.999000E+03  1.042614E-05  1.060668E-04  4.892694E-07  1.918412E-04 -1.601319E-02  2.034538E-08  2.044715E-08
  3.000000E+03  1.060338E-05  1.062354E-04  3.464723E-07  1.915275E-04 -1.383614E-02  2.034504E-08  2.044996E-08
  3.001000E+03  1.046872E-05  1.062274E-04  1.055215E-07  1.915626E-04 -1.763470E-02  2.034603E-08  2.044951E-08
  3.002000E+03  1.041798E-05  1.060720E-04  4.195348E-07  1.918378E-04 -1.510074E-02  2.034631E-08  2.044763E-08
  3.003000E+03  1.057531E-05  1.062709E-04  3.868883E-07  1.914676E-04 -1.446393E-02  2.034531E-08  2.044999E-08
  3.004000E+03  1.050250E-05  1.061807E-04  1.330363E-07  1.916472E-04 -1.778920E-02  2.034600E-08  2.045005E-08
  3.005000E+03  1.042181E-05  1.060958E-04  3.483683E-07  1.917966E-04 -1.429720E-02  2.034674E-08  2.044793E-08
  3.006000E+03  1.054025E-05  1.062921E-04  4.091747E-07  1.914360E-04 -1.530186E-02  2.034576E-08  2.045009E-08
  3.007000E+03  1.052733E-05  1.061319E-04  1.822369E-07  1.917343E-04 -1.756994E-02  2.034598E-08  2.045030E-08
  3.008000E+03  1.043934E-05  1.061370E-04  2.834785E-07  1.917243E-04 -1.370840E-02  2.034714E-08  2.044858E-08
  3.009000E+03  1.050163E-05  1.062981E-04  4.070010E-07  1.914401E-04 -1.624325E-02  2.034704E-08  2.045095E-08
  3.010000E+03  1.054012E-05  1.060896E-04  2.488942E-07  1.918172E-04 -1.699323E-02  2.034687E-08  2.045113E-08
  3.011000E+03  1.046725E-05  1.061907E-04  2.338875E-07  1.916307E-04 -1.345830E-02  2.034755E-08  2.044958E-08
  3.012000E+03  1.046547E-05  1.062837E-04  3.818377E-07  1.914828E-04 -1.715837E-02  2.034850E-08  2.045195E-08
  3.013000E+03  1.054093E-05  1.060619E-04  3.208577E-07  1.918757E-04 -1.611333E-02  2.034807E-08  2.045201E-08
  3.014000E+03  1.050017E-05  1.062461E-04  2.041099E-07  1.915303E-04 -1.363493E-02  2.034746E-08  2.045034E-08
  3.015000E+03  1.043867E-05  1.062446E-04  3.386369E-07  1.915579E-04 -1.787214E-02  2.034874E-08  2.045180E-08
  3.016000E+03  1.052769E-05  1.060574E-04  3.860577E-07  1.918884E-04 -1.502925E-02  2.034890E-08  2.045224E-08
  3.017000E+03  1.053542E-05  1.062947E-04  2.005653E-07  1.914439E-04 -1.425760E-02  2.034740E-08  2.045130E-08
  3.018000E+03  1.042502E-05  1.061858E-04  2.794810E-07  1.916617E-04 -1.819030E-02  2.034838E-08  2.045111E-08
  3.019000E+03  1.050019E-05  1.060820E-04  4.370002E-07  1.918446E-04 -1.395405E-02  2.034927E-08  2.045183E-08
  3.020000E+03  1.057005E-05  1.063266E-04  2.261959E-07  1.913939E-04 -1.526816E-02  2.034789E-08  2.045286E-08
  3.021000E+03  1.042471E-05  1.061192E-04  2.101639E-07  1.917792E-04 -1.797900E-02  2.034817E-08  2.045063E-08
  3.022000E+03  1.046231E-05  1.061341E-04  4.700426E-07  1.917466E-04 -1.316163E-02  2.034910E-08  2.045084E-08
  3.023000E+03  1.059904E-05  1.063300E-04  2.774999E-07  1.913967E-04 -1.650578E-02  2.034844E-08  2.045438E-08
  3.024000E+03  1.043908E-05  1.060620E-04  1.396088E-07  1.918817E-04 -1.718987E-02  2.034835E-08  2.045068E-08
  3.025000E+03  1.041785E-05  1.062048E-04  4.792008E-07  1.916143E-04 -1.289585E-02  2.034867E-08  2.044970E-08
  3.026000E+03  1.061810E-05  1.062985E-04  3.505352E-07  1.914600E-04 -1.769057E-02  2.034872E-08  2.045533E-08
  3.027000E+03  1.046864E-05  1.060311E-04  7.601345E-08  1.919363E-04 -1.594715E-02  2.034863E-08  2.045104E-08
  3.028000E+03  1.037148E-05  1.062750E-04  4.594677E-07  1.914822E-04 -1.327624E-02  2.034797E-08  2.044845E-08
  3.029000E+03  1.062739E-05  1.062367E-04  4.357700E-07  1.915708E-04 -1.847717E-02  2.034837E-08  2.045526E-08
  3.030000E+03  1.050746E-05  1.060357E-04  2.414473E-08  1.919210E-04 -1.457292E-02  2.034832E-08  2.045106E-08
  3.031000E+03  1.033029E-05  1.063259E-04  4.167122E-07  1.913846E-04 -1.423702E-02  2.034706E-08  2.044722E-08
  3.032000E+03  1.062574E-05  1.061591E-04  5.199475E-07  1.917028E-04 -1.862617E-02  2.034746E-08  2.045418E-08
  3.033000E+03  1.055189E-05  1.060770E-04 -1.055641E-08  1.918361E-04 -1.341370E-02  2.034756E-08  2.045091E-08
  3.034000E+03  1.029916E-05  1.063452E-04  3.540652E-07  1.913465E-04 -1.558519E-02  2.034630E-08  2.044635E-08
  3.035000E+03  1.060802E-05  1.060860E-04  5.976433E-07  1.918270E-04 -1.806113E-02  2.034683E-08  2.045286E-08
  3.036000E+03  1.060450E-05  1.061471E-04 -1.997145E-08  1.917039E-04 -1.275785E-02  2.034716E-08  2.045150E-08
  3.037000E+03  1.027599E-05  1.063278E-04  2.681833E-07  1.913801E-04 -1.701977E-02  2.034607E-08  2.044607E-08
  3.038000E+03  1.057623E-05  1.060346E-04  6.714150E-07  1.919117E-04 -1.692804E-02  2.034636E-08  2.045130E-08
  3.039000E+03  1.066121E-05  1.062257E-04 -4.613298E-09  1.915575E-04 -1.275493E-02  2.034667E-08  2.045234E-08
  3.040000E+03  1.025955E-05  1.062787E-04  1.682796E-07  1.914717E-04 -1.816647E-02  2.034601E-08  2.044592E-08
  3.041000E+03  1.053435E-05  1.060158E-04  7.402885E-07  1.919353E-04 -1.554100E-02  2.034573E-08  2.044940E-08
  3.042000E+03  1.071393E-05  1.062920E-04  3.445188E-08  1.914326E-04 -1.337177E-02  2.034594E-08  2.045303E-08
  3.043000E+03  1.025675E-05  1.062111E-04  6.474386E-08  1.915955E-04 -1.874172E-02  2.034600E-08  2.044584E-08
  3.044000E+03  1.048064E-05  1.060339E-04  7.918678E-07  1.918975E-04 -1.421275E-02  2.034558E-08  2.044788E-08
  3.045000E+03  1.076010E-05  1.063333E-04  1.028759E-07  1.913553E-04 -1.448105E-02  2.034530E-08  2.045377E-08
  3.046000E+03  1.027065E-05  1.061394E-04 -3.992296E-08  1.917253E-04 -1.865002E-02  2.034607E-08  2.044594E-08
  3.047000E+03  1.041562E-05  1.060827E-04  8.195471E-07  1.918094E-04 -1.319944E-02  2.034590E-08  2.044679E-08
  3.048000E+03  1.080061E-05  1.063431E-04  1.988669E-07  1.913367E-04 -1.584461E-02  2.034478E-08  2.045451E-08
  3.049000E+03  1.029883E-05  1.060764E-04 -1.454362E-07  1.918349E-04 -1.796490E-02  2.034588E-08  2.044588E-08
  3.050000E+03  1.034482E-05  1.061503E-04  8.234988E-07  1.916886E-04 -1.267832E-02  2.034617E-08  2.044576E-08
  3.051000E+03  1.083183E-05  1.063226E-04  3.144122E-07  1.913772E-04 -1.715508E-02  2.034473E-08  2.045545E-08
  3.052000E+03  1.034363E-05  1.060328E-04 -2.464982E-07  1.919061E-04 -1.687113E-02  2.034545E-08  2.044584E-08
  3.053000E+03  1.027256E-05  1.062233E-04  7.953088E-07  1.915591E-04 -1.270354E-02  2.034641E-08  2.044484E-08
  3.054000E+03  1.084697E-05  1.062816E-04  4.466554E-07  1.914641E-04 -1.817982E-02  2.034575E-08  2.045700E-08
  3.055000E+03  1.040726E-05  1.060144E-04 -3.313715E-07  1.919373E-04 -1.559731E-02  2.034564E-08  2.044679E-08
  3.056000E+03  1.020226E-05  1.062884E-04  7.275980E-07  1.914421E-04 -1.324730E-02  2.034629E-08  2.044374E-08
  3.057000E+03  1.084424E-05  1.062249E-04  5.902632E-07  1.915782E-04 -1.878029E-02  2.034679E-08  2.045805E-08
  3.058000E+03  1.048433E-05  1.060226E-04 -3.918139E-07  1.919223E-04 -1.432948E-02  2.034601E-08  2.044826E-08
  3.059000E+03  1.013865E-05  1.063350E-04  6.271429E-07  1.913538E-04 -1.421229E-02  2.034555E-08  2.044224E-08
  3.060000E+03  1.082236E-05  1.061579E-04  7.367982E-07  1.917014E-04 -1.887255E-02  2.034699E-08  2.045771E-08
  3.061000E+03  1.057084E-05  1.060607E-04 -4.218639E-07  1.918581E-04 -1.321508E-02  2.034682E-08  2.045049E-08
  3.062000E+03  1.008607E-05  1.063595E-04  4.983056E-07  1.913130E-04 -1.548804E-02  2.034552E-08  2.044169E-08
  3.063000E+03  1.077862E-05  1.060899E-04  8.798955E-07  1.918262E-04 -1.840486E-02  2.034737E-08  2.045696E-08
  3.064000E+03  1.066520E-05  1.061286E-04 -4.146942E-07  1.917472E-04 -1.245842E-02  2.034829E-08  2.045373E-08
  3.065000E+03  1.004730E-05  1.063587E-04  3.418671E-07  1.913366E-04 -1.690392E-02  2.034739E-08  2.044325E-08
  3.066000E+03  1.071592E-05  1.060323E-04  1.011438E-06  1.919360E-04 -1.743036E-02  2.034832E-08  2.045628E-08
  3.067000E+03  1.075995E-05  1.062124E-04 -3.697714E-07  1.916056E-04 -1.222722E-02  2.034936E-08  2.045680E-08
  3.068000E+03  1.002758E-05  1.063259E-04  1.683385E-07  1.914173E-04 -1.822305E-02  2.034924E-08  2.044503E-08
  3.069000E+03  1.063789E-05  1.059964E-04  1.117812E-06  1.920033E-04 -1.603975E-02  2.034903E-08  2.045501E-08
  3.070000E+03  1.084636E-05  1.062959E-04 -2.869212E-07  1.914534E-04 -1.264443E-02  2.034909E-08  2.045859E-08
  3.071000E+03  1.003454E-05  1.062586E-04 -1.125427E-08  1.915453E-04 -1.917501E-02  2.034959E-08  2.044562E-08
  3.072000E+03  1.054356E-05  1.059963E-04  1.184535E-06  1.920017E-04 -1.439768E-02  2.034936E-08  2.045306E-08
  3.073000E+03  1.092081E-05  1.063641E-04 -1.610567E-07  1.913261E-04 -1.373818E-02  2.034831E-08  2.045983E-08
  3.074000E+03  1.006766E-05  1.061667E-04 -1.891898E-07  1.917069E-04 -1.948887E-02  2.034902E-08  2.044552E-08
  3.075000E+03  1.043783E-05  1.060389E-04  1.208439E-06  1.919188E-04 -1.285891E-02  2.034918E-08  2.045052E-08
  3.076000E+03  1.098095E-05  1.064010E-04 -6.827778E-11  1.912599E-04 -1.535043E-02  2.034784E-08  2.046118E-08
  3.077000E+03  1.012238E-05  1.060705E-04 -3.568597E-07  1.918728E-04 -1.900031E-02  2.034836E-08  2.044548E-08
  3.078000E+03  1.032940E-05  1.061203E-04  1.191265E-06  1.917657E-04 -1.181486E-02  2.034881E-08  2.044800E-08
  3.079000E+03  1.101830E-05  1.063937E-04  1.858704E-07  1.912778E-04 -1.718724E-02  2.034775E-08  2.046242E-08
  3.080000E+03  1.019991E-05  1.059943E-04 -4.982295E-07  1.920053E-04 -1.770012E-02  2.034828E-08  2.044625E-08
  3.081000E+03  1.022233E-05  1.062236E-04  1.127076E-06  1.915754E-04 -1.157462E-02  2.034846E-08  2.044584E-08
  3.082000E+03  1.103094E-05  1.063391E-04  3.902050E-07  1.913817E-04 -1.883340E-02  2.034774E-08  2.046307E-08
  3.083000E+03  1.029712E-05  1.059577E-04 -6.067993E-07  1.920650E-04 -1.585704E-02  2.034821E-08  2.044735E-08
  3.084000E+03  1.012033E-05  1.063229E-04  1.019015E-06  1.913934E-04 -1.223491E-02  2.034798E-08  2.044391E-08
  3.085000E+03  1.102288E-05  1.062468E-04  6.020513E-07  1.915470E-04 -1.987625E-02  2.034723E-08  2.046254E-08
  3.086000E+03  1.040472E-05  1.059684E-04 -6.826821E-07  1.920310E-04 -1.390940E-02  2.034725E-08  2.044788E-08
  3.087000E+03  1.003389E-05  1.063931E-04  8.767381E-07  1.912598E-04 -1.365360E-02  2.034682E-08  2.044176E-08
  3.088000E+03  1.099013E-05  1.061391E-04  8.037670E-07  1.917347E-04 -2.002246E-02  2.034648E-08  2.046097E-08
  3.089000E+03  1.051867E-05  1.060262E-04 -7.143507E-07  1.919122E-04 -1.231164E-02  2.034618E-08  2.044865E-08
  3.090000E+03  9.970188E-06  1.064199E-04  7.022833E-07  1.912089E-04 -1.551295E-02  2.034598E-08  2.044037E-08
  3.091000E+03  1.093174E-05  1.060438E-04  9.817293E-07  1.919045E-04 -1.923873E-02  2.034651E-08  2.045940E-08
  3.092000E+03  1.063682E-05  1.061186E-04 -6.981112E-07  1.917431E-04 -1.141633E-02  2.034618E-08  2.045089E-08
  3.093000E+03  9.926438E-06  1.064001E-04  5.023006E-07  1.912490E-04 -1.743495E-02  2.034582E-08  2.043989E-08
  3.094000E+03  1.085429E-05  1.059779E-04  1.135913E-06  1.920212E-04 -1.775602E-02  2.034680E-08  2.045759E-08
  3.095000E+03  1.075189E-05  1.062230E-04 -6.409180E-07  1.915595E-04 -1.135193E-02  2.034672E-08  2.045392E-08
  3.096000E+03  9.903666E-06  1.063380E-04  2.905591E-07  1.913648E-04 -1.901248E-02  2.034567E-08  2.043961E-08
  3.097000E+03  1.076119E-05  1.059493E-04  1.261321E-06  1.920616E-04 -1.590694E-02  2.034623E-08  2.045460E-08
  3.098000E+03  1.085596E-05  1.063165E-04 -5.428918E-07  1.913912E-04 -1.208250E-02  2.034655E-08  2.045626E-08
  3.099000E+03  9.907025E-06  1.062497E-04  7.855972E-08  1.915265E-04 -1.993201E-02  2.034560E-08  2.043963E-08
  3.100000E+03  1.065149E-05  1.059611E-04  1.348431E-06  1.920267E-04 -1.406361E-02  2.034535E-08  2.045111E-08
  3.101000E+03  1.094831E-05  1.063840E-04 -4.014642E-07  1.912661E-04 -1.344431E-02  2.034581E-08  2.045794E-08
  3.102000E+03  9.935667E-06  1.061544E-04 -1.315266E-07  1.917036E-04 -2.007306E-02  2.034608E-08  2.044039E-08
  3.103000E+03  1.052901E-05  1.060113E-04  1.395664E-06  1.919315E-04 -1.254030E-02  2.034532E-08  2.044842E-08
  3.104000E+03  1.102664E-05  1.064151E-04 -2.223671E-07  1.912074E-04 -1.518624E-02  2.034502E-08  2.045934E-08
  3.105000E+03  9.987437E-06  1.060656E-04 -3.332032E-07  1.918663E-04 -1.944571E-02  2.034656E-08  2.044138E-08
  3.106000E+03  1.040310E-05  1.060925E-04  1.399358E-06  1.917906E-04 -1.154465E-02  2.034620E-08  2.044681E-08
  3.107000E+03  1.108293E-05  1.064088E-04 -1.753227E-08  1.912249E-04 -1.701942E-02  2.034507E-08  2.046107E-08
  3.108000E+03  1.006539E-05  1.059938E-04 -5.130134E-07  1.919942E-04 -1.819882E-02  2.034683E-08  2.044251E-08
  3.109000E+03  1.027794E-05  1.061925E-04  1.349810E-06  1.916211E-04 -1.119999E-02  2.034745E-08  2.044584E-08
  3.110000E+03  1.111247E-05  1.063689E-04  2.086972E-07  1.913152E-04 -1.866695E-02  2.034644E-08  2.046345E-08
  3.111000E+03  1.016796E-05  1.059483E-04 -6.601338E-07  1.920729E-04 -1.654690E-02  2.034702E-08  2.044400E-08
  3.112000E+03  1.015854E-05  1.062942E-04  1.245858E-06  1.914447E-04 -1.156764E-02  2.034810E-08  2.044461E-08
  3.113000E+03  1.111406E-05  1.062988E-04  4.472706E-07  1.914601E-04 -1.989091E-02  2.034794E-08  2.046522E-08
  3.114000E+03  1.028767E-05  1.059378E-04 -7.657458E-07  1.920905E-04 -1.467103E-02  2.034745E-08  2.044609E-08
  3.115000E+03  1.005398E-05  1.063818E-04  1.094756E-06  1.912867E-04 -1.265423E-02  2.034780E-08  2.044290E-08
  3.116000E+03  1.108462E-05  1.062032E-04  6.825546E-07  1.916423E-04 -2.047325E-02  2.034876E-08  2.046543E-08
  3.117000E+03  1.041935E-05  1.059724E-04 -8.192510E-07  1.920317E-04 -1.280834E-02  2.034840E-08  2.044906E-08
  3.118000E+03  9.970161E-06  1.064419E-04  9.018737E-07  1.911840E-04 -1.436563E-02  2.034789E-08  2.044210E-08
  3.119000E+03  1.102580E-05  1.060947E-04  9.013126E-07  1.918411E-04 -2.025152E-02  2.034916E-08  2.046438E-08
  3.120000E+03  1.055635E-05  1.060524E-04 -8.182648E-07  1.918943E-04 -1.129681E-02  2.034955E-08  2.045257E-08
  3.121000E+03  9.908970E-06  1.064603E-04  6.789343E-07  1.911635E-04 -1.647286E-02  2.034857E-08  2.044230E-08
  3.122000E+03  1.094468E-05  1.059919E-04  1.093679E-06  1.920220E-04 -1.917042E-02  2.034903E-08  2.046213E-08
  3.123000E+03  1.068699E-05  1.061643E-04 -7.670287E-07  1.916914E-04 -1.050256E-02  2.034967E-08  2.045527E-08
  3.124000E+03  9.877544E-06  1.064259E-04  4.433091E-07  1.912341E-04 -1.860629E-02  2.034875E-08  2.044243E-08
  3.125000E+03  1.084335E-05  1.059180E-04  1.243516E-06  1.921449E-04 -1.729467E-02  2.034856E-08  2.045897E-08
  3.126000E+03  1.080325E-05  1.062877E-04 -6.628910E-07  1.914598E-04 -1.068641E-02  2.034865E-08  2.045692E-08
  3.127000E+03  9.880363E-06  1.063411E-04  2.072949E-07  1.913910E-04 -2.030109E-02  2.034854E-08  2.044254E-08
  3.128000E+03  1.072416E-05  1.058967E-04  1.339824E-06  1.921757E-04 -1.495814E-02  2.034849E-08  2.045585E-08
  3.129000E+03  1.090357E-05  1.063978E-04 -5.092287E-07  1.912577E-04 -1.189210E-02  2.034796E-08  2.045887E-08
  3.130000E+03  9.911643E-06  1.062211E-04 -2.106920E-08  1.916093E-04 -2.115207E-02  2.034840E-08  2.044290E-08
  3.131000E+03  1.059702E-05  1.059356E-04  1.385754E-06  1.920983E-04 -1.267890E-02  2.034843E-08  2.045275E-08
  3.132000E+03  1.098220E-05  1.064688E-04 -3.210033E-07  1.911322E-04 -1.390990E-02  2.034764E-08  2.046093E-08
  3.133000E+03  9.968511E-06  1.060891E-04 -2.277094E-07  1.918426E-04 -2.092376E-02  2.034795E-08  2.044306E-08
  3.134000E+03  1.047042E-05  1.060259E-04  1.379790E-06  1.919252E-04 -1.093630E-02  2.034783E-08  2.044943E-08
  3.135000E+03  1.103328E-05  1.064841E-04 -1.103326E-07  1.911088E-04 -1.631714E-02  2.034734E-08  2.046243E-08
  3.136000E+03  1.004937E-05  1.059758E-04 -3.995490E-07  1.920396E-04 -1.963631E-02  2.034762E-08  2.044351E-08
  3.137000E+03  1.034758E-05  1.061491E-04  1.322417E-06  1.916974E-04 -1.011070E-02  2.034746E-08  2.044679E-08
  3.138000E+03  1.105942E-05  1.064423E-04  1.141610E-07  1.911917E-04 -1.862472E-02  2.034735E-08  2.046358E-08
  3.139000E+03  1.014739E-05  1.059061E-04 -5.359293E-07  1.921604E-04 -1.758020E-02  2.034782E-08  2.044470E-08
  3.140000E+03  1.023401E-05  1.062797E-04  1.222610E-06  1.914644E-04 -1.037982E-02  2.034769E-08  2.044527E-08
  3.141000E+03  1.106132E-05  1.063511E-04  3.407363E-07  1.913622E-04 -2.037784E-02  2.034735E-08  2.046394E-08
  3.142000E+03  1.025519E-05  1.058896E-04 -6.319816E-07  1.921811E-04 -1.517533E-02  2.034765E-08  2.044574E-08
  3.143000E+03  1.013940E-05  1.063890E-04  1.086945E-06  1.912684E-04 -1.164111E-02  2.034748E-08  2.044393E-08
  3.144000E+03  1.103635E-05  1.062297E-04  5.522130E-07  1.915804E-04 -2.121728E-02  2.034694E-08  2.046301E-08
  3.145000E+03  1.037064E-05  1.059249E-04 -6.805748E-07  1.921008E-04 -1.291183E-02  2.034657E-08  2.044623E-08
  3.146000E+03  1.006473E-05  1.064578E-04  9.188472E-07  1.911413E-04 -1.359616E-02  2.034660E-08  2.044241E-08
  3.147000E+03  1.098744E-05  1.061044E-04  7.441000E-07  1.918017E-04 -2.103740E-02  2.034650E-08  2.046124E-08
  3.148000E+03  1.049018E-05  1.060042E-04 -6.845751E-07  1.919455E-04 -1.118779E-02  2.034575E-08  2.044736E-08
  3.149000E+03  1.000974E-05  1.064772E-04  7.256718E-07  1.911031E-04 -1.587785E-02  2.034555E-08  2.044105E-08
  3.150000E+03  1.091965E-05  1.059968E-04  9.125913E-07  1.919885E-04 -1.993611E-02  2.034612E-08  2.045894E-08
  3.151000E+03  1.060535E-05  1.061140E-04 -6.468913E-07  1.917441E-04 -1.026906E-02  2.034566E-08  2.044949E-08
  3.152000E+03  9.978833E-06  1.064471E-04  5.207058E-07  1.911584E-04 -1.810639E-02  2.034493E-08  2.044042E-08
  3.153000E+03  1.083361E-05  1.059210E-04  1.048322E-06  1.921152E-04 -1.813468E-02  2.034570E-08  2.045610E-08
  3.154000E+03  1.071090E-05  1.062347E-04 -5.642997E-07  1.915274E-04 -1.025494E-02  2.034578E-08  2.045196E-08
  3.155000E+03  9.975046E-06  1.063758E-04  3.118392E-07  1.912941E-04 -1.990710E-02  2.034504E-08  2.044079E-08
  3.156000E+03  1.073153E-05  1.058867E-04  1.143264E-06  1.921664E-04 -1.596357E-02  2.034527E-08  2.045295E-08
  3.157000E+03  1.080449E-05  1.063466E-04 -4.392587E-07  1.913275E-04 -1.110958E-02  2.034578E-08  2.045434E-08
  3.158000E+03  9.995252E-06  1.062764E-04  1.064969E-07  1.914859E-04 -2.100200E-02  2.034595E-08  2.044209E-08
  3.159000E+03  1.062066E-05  1.058998E-04  1.197519E-06  1.921390E-04 -1.375483E-02  2.034555E-08  2.045046E-08
  3.160000E+03  1.088006E-05  1.064348E-04 -2.811243E-07  1.911749E-04 -1.271271E-02  2.034601E-08  2.045680E-08
  3.161000E+03  1.003965E-05  1.061615E-04 -8.333709E-08  1.917065E-04 -2.126155E-02  2.034726E-08  2.044396E-08
  3.162000E+03  1.050692E-05  1.059608E-04  1.205606E-06  1.920351E-04 -1.179831E-02  2.034678E-08  2.044907E-08
  3.163000E+03  1.093205E-05  1.064846E-04 -9.705974E-08  1.910977E-04 -1.483669E-02  2.034673E-08  2.045935E-08
  3.164000E+03  1.010846E-05  1.060462E-04 -2.466772E-07  1.919223E-04 -2.062769E-02  2.034830E-08  2.044575E-08
  3.165000E+03  1.039408E-05  1.060632E-04  1.163886E-06  1.918620E-04 -1.041097E-02  2.034840E-08  2.044835E-08
  3.166000E+03  1.095854E-05  1.064859E-04  1.070324E-07  1.911134E-04 -1.717531E-02  2.034788E-08  2.046178E-08
  3.167000E+03  1.019645E-05  1.059481E-04 -3.751929E-07  1.920994E-04 -1.914385E-02  2.034884E-08  2.044720E-08
  3.168000E+03  1.029024E-05  1.061911E-04  1.075926E-06  1.916388E-04 -9.887016E-03  2.034933E-08  2.044748E-08
  3.169000E+03  1.095627E-05  1.064361E-04  3.176202E-07  1.912225E-04 -1.934633E-02  2.034917E-08  2.046359E-08
  3.170000E+03  1.029904E-05  1.058860E-04 -4.584147E-07  1.922073E-04 -1.699879E-02  2.034913E-08  2.044858E-08
  3.171000E+03  1.020451E-05  1.063235E-04  9.431205E-07  1.914045E-04 -1.034743E-02  2.034971E-08  2.044672E-08
  3.172000E+03  1.092560E-05  1.063405E-04  5.161327E-07  1.914113E-04 -2.096174E-02  2.035030E-08  2.046439E-08
  3.173000E+03  1.041012E-05  1.058773E-04 -4.918186E-07  1.922226E-04 -1.450770E-02  2.034988E-08  2.045063E-08
  3.174000E+03  1.013936E-05  1.064360E-04  7.756682E-07  1.912071E-04 -1.180048E-02  2.034991E-08  2.044642E-08
  3.175000E+03  1.087323E-05  1.062107E-04  6.918570E-07  1.916519E-04 -2.167051E-02  2.035071E-08  2.046368E-08
  3.176000E+03  1.051940E-05  1.059294E-04 -4.800732E-07  1.921270E-04 -1.213309E-02  2.035041E-08  2.045263E-08
  3.177000E+03  1.009857E-05  1.065022E-04  5.909642E-07  1.910895E-04 -1.407494E-02  2.034943E-08  2.044604E-08
  3.178000E+03  1.080386E-05  1.060699E-04  8.331732E-07  1.918976E-04 -2.122661E-02  2.034998E-08  2.046112E-08
  3.179000E+03  1.061724E-05  1.060336E-04 -4.243973E-07  1.919279E-04 -1.039985E-02  2.034970E-08  2.045354E-08
  3.180000E+03  1.008716E-05  1.065071E-04  4.041399E-07  1.910815E-04 -1.670167E-02  2.034869E-08  2.044589E-08
  3.181000E+03  1.072002E-05  1.059515E-04  9.278335E-07  1.920958E-04 -1.969139E-02  2.034889E-08  2.045762E-08
  3.182000E+03  1.069989E-05  1.061677E-04 -3.266266E-07  1.916740E-04 -9.687407E-03  2.034864E-08  2.045421E-08
  3.183000E+03  1.010276E-05  1.064528E-04  2.247113E-07  1.911854E-04 -1.910487E-02  2.034852E-08  2.044657E-08
  3.184000E+03  1.062690E-05  1.058828E-04  9.761571E-07  1.922084E-04 -1.741519E-02  2.034848E-08  2.045452E-08
  3.185000E+03  1.076484E-05  1.063041E-04 -1.950958E-07  1.914247E-04 -1.013458E-02  2.034819E-08  2.045554E-08
  3.186000E+03  1.013996E-05  1.063504E-04  6.236274E-08  1.913759E-04 -2.083015E-02  2.034849E-08  2.044746E-08
  3.187000E+03  1.053371E-05  1.058730E-04  9.811318E-07  1.922149E-04 -1.485873E-02  2.034813E-08  2.045153E-08
  3.188000E+03  1.080846E-05  1.064131E-04 -4.515712E-08  1.912245E-04 -1.160681E-02  2.034743E-08  2.045640E-08
  3.189000E+03  1.019430E-05  1.062180E-04 -7.179098E-08  1.916072E-04 -2.156789E-02  2.034741E-08  2.044725E-08
  3.190000E+03  1.044542E-05  1.059187E-04  9.474743E-07  1.921138E-04 -1.250836E-02  2.034686E-08  2.044795E-08
  3.191000E+03  1.083042E-05  1.064748E-04  1.134818E-07  1.911057E-04 -1.375863E-02  2.034602E-08  2.045628E-08
  3.192000E+03  1.026271E-05  1.060843E-04 -1.744410E-07  1.918331E-04 -2.120212E-02  2.034590E-08  2.044654E-08
  3.193000E+03  1.036346E-05  1.060117E-04  8.801291E-07  1.919311E-04 -1.081885E-02  2.034574E-08  2.044496E-08
  3.194000E+03  1.083234E-05  1.064838E-04  2.765169E-07  1.910899E-04 -1.617744E-02  2.034531E-08  2.045640E-08
  3.195000E+03  1.033975E-05  1.059768E-04 -2.442151E-07  1.920194E-04 -1.984826E-02  2.034559E-08  2.044693E-08
  3.196000E+03  1.029282E-05  1.061331E-04  7.857736E-07  1.917089E-04 -1.008106E-02  2.034562E-08  2.044357E-08
  3.197000E+03  1.081658E-05  1.064427E-04  4.319666E-07  1.911735E-04 -1.842958E-02  2.034558E-08  2.045698E-08
  3.198000E+03  1.041965E-05  1.059108E-04 -2.808865E-07  1.921364E-04 -1.783693E-02  2.034609E-08  2.044810E-08
  3.199000E+03  1.023807E-05  1.062575E-04  6.720625E-07  1.914889E-04 -1.032614E-02  2.034605E-08  2.044335E-08
  3.200000E+03  1.078382E-05  1.063608E-04  5.699959E-07  1.913316E-04 -2.012392E-02  2.034607E-08  2.045716E-08
  3.201000E+03  1.049908E-05  1.058908E-04 -2.830379E-07  1.921675E-04 -1.556228E-02  2.034630E-08  2.044903E-08
  3.202000E+03  1.020049E-05  1.063635E-04  5.445994E-07  1.913015E-04 -1.141943E-02  2.034616E-08  2.044336E-08
  3.203000E+03  1.073603E-05  1.062533E-04  6.864087E-07  1.915321E-04 -2.101268E-02  2.034643E-08  2.045659E-08
  3.204000E+03  1.057619E-05  1.059187E-04 -2.529689E-07  1.921116E-04 -1.340299E-02  2.034639E-08  2.044998E-08
  3.205000E+03  1.018072E-05  1.064380E-04  4.065682E-07  1.911742E-04 -1.317082E-02  2.034643E-08  2.044398E-08
  3.206000E+03  1.067435E-05  1.061385E-04  7.788913E-07  1.917455E-04 -2.101391E-02  2.034710E-08  2.045576E-08
  3.207000E+03  1.064913E-05  1.059894E-04 -1.914424E-07  1.919839E-04 -1.166946E-02  2.034688E-08  2.045151E-08
  3.208000E+03  1.018010E-05  1.064717E-04  2.605378E-07  1.911257E-04 -1.528922E-02  2.034711E-08  2.044538E-08
  3.209000E+03  1.060186E-05  1.060329E-04  8.421715E-07  1.919407E-04 -2.016635E-02  2.034790E-08  2.045461E-08
  3.210000E+03  1.071341E-05  1.060914E-04 -1.007778E-07  1.918045E-04 -1.059263E-02  2.034768E-08  2.045349E-08
  3.211000E+03  1.019925E-05  1.064599E-04  1.149791E-07  1.911617E-04 -1.745579E-02  2.034796E-08  2.044722E-08
  3.212000E+03  1.052419E-05  1.059496E-04  8.701423E-07  1.920904E-04 -1.859495E-02  2.034837E-08  2.045287E-08
  3.213000E+03  1.076299E-05  1.062117E-04  1.288694E-08  1.915930E-04 -1.033510E-02  2.034834E-08  2.045537E-08
  3.214000E+03  1.023839E-05  1.064009E-04 -1.813803E-08  1.912793E-04 -1.938908E-02  2.034846E-08  2.044889E-08
  3.215000E+03  1.044512E-05  1.059018E-04  8.591354E-07  1.921695E-04 -1.647713E-02  2.034834E-08  2.045052E-08
  3.216000E+03  1.079352E-05  1.063305E-04  1.456561E-07  1.913798E-04 -1.097673E-02  2.034829E-08  2.045647E-08
  3.217000E+03  1.029528E-05  1.063018E-04 -1.281577E-07  1.914633E-04 -2.073759E-02  2.034852E-08  2.045016E-08
  3.218000E+03  1.036787E-05  1.059039E-04  8.109218E-07  1.921578E-04 -1.415439E-02  2.034821E-08  2.044820E-08
  3.219000E+03  1.080420E-05  1.064244E-04  2.917408E-07  1.912099E-04 -1.247335E-02  2.034783E-08  2.045699E-08
  3.220000E+03  1.036516E-05  1.061808E-04 -2.094075E-07  1.916842E-04 -2.116497E-02  2.034862E-08  2.045138E-08
  3.221000E+03  1.029685E-05  1.059618E-04  7.312645E-07  1.920489E-04 -1.211565E-02  2.034836E-08  2.044649E-08
  3.222000E+03  1.079305E-05  1.064747E-04  4.440000E-07  1.911264E-04 -1.458997E-02  2.034797E-08  2.045776E-08
  3.223000E+03  1.044414E-05  1.060613E-04 -2.545632E-07  1.919016E-04 -2.054388E-02  2.034905E-08  2.045277E-08
  3.224000E+03  1.023932E-05  1.060669E-04  6.217880E-07  1.918632E-04 -1.075426E-02  2.034916E-08  2.044602E-08
  3.225000E+03  1.075978E-05  1.064722E-04  5.880590E-07  1.911490E-04 -1.693662E-02  2.034914E-08  2.045904E-08
  3.226000E+03  1.052686E-05  1.059665E-04 -2.584943E-07  1.920745E-04 -1.899786E-02  2.034980E-08  2.045432E-08
  3.227000E+03  1.020073E-05  1.061960E-04  4.885753E-07  1.916384E-04 -1.032142E-02  2.035016E-08  2.044648E-08
  3.228000E+03  1.070851E-05  1.064154E-04  7.094758E-07  1.912709E-04 -1.902757E-02  2.035049E-08  2.045990E-08
  3.229000E+03  1.060604E-05  1.059170E-04 -2.232040E-07  1.921643E-04 -1.682288E-02  2.035060E-08  2.045580E-08
  3.230000E+03  1.018308E-05  1.063178E-04  3.445656E-07  1.914196E-04 -1.096859E-02  2.035010E-08  2.044660E-08
  3.231000E+03  1.064448E-05  1.063133E-04  7.997231E-07  1.914622E-04 -2.038340E-02  2.035075E-08  2.045908E-08
  3.232000E+03  1.067489E-05  1.059231E-04 -1.534561E-07  1.921443E-04 -1.449761E-02  2.035038E-08  2.045618E-08
  3.233000E+03  1.018796E-05  1.064052E-04  2.020394E-07  1.912552E-04 -1.253472E-02  2.034894E-08  2.044625E-08
  3.234000E+03  1.057224E-05  1.061899E-04  8.517176E-07  1.916745E-04 -2.075517E-02  2.034951E-08  2.045625E-08
  3.235000E+03  1.072796E-05  1.059805E-04 -5.369809E-08  1.920256E-04 -1.251303E-02  2.034938E-08  2.045572E-08
  3.236000E+03  1.021503E-05  1.064460E-04  7.223719E-08  1.911792E-04 -1.459786E-02  2.034808E-08  2.044664E-08
  3.237000E+03  1.049700E-05  1.060754E-04  8.617011E-07  1.918683E-04 -2.013829E-02  2.034839E-08  2.045316E-08
  3.238000E+03  1.076379E-05  1.060764E-04  6.683802E-08  1.918445E-04 -1.126447E-02  2.034888E-08  2.045579E-08
  3.239000E+03  1.025972E-05  1.064382E-04 -3.799613E-08  1.912034E-04 -1.672503E-02  2.034850E-08  2.044852E-08
  3.240000E+03  1.042502E-05  1.059918E-04  8.334782E-07  1.920137E-04 -1.871618E-02  2.034831E-08  2.045100E-08
  3.241000E+03  1.078273E-05  1.061867E-04  1.952827E-07  1.916408E-04 -1.095896E-02  2.034847E-08  2.045596E-08
  3.242000E+03  1.031494E-05  1.063836E-04 -1.232832E-07  1.913077E-04 -1.853751E-02  2.034851E-08  2.044996E-08
  3.243000E+03  1.036149E-05  1.059470E-04  7.768778E-07  1.920826E-04 -1.680886E-02  2.034770E-08  2.044843E-08
  3.244000E+03  1.078605E-05  1.062846E-04  3.200956E-07  1.914492E-04 -1.153032E-02  2.034674E-08  2.045477E-08
  3.245000E+03  1.037506E-05  1.062938E-04 -1.813951E-07  1.914556E-04 -1.972803E-02  2.034658E-08  2.044930E-08
  3.246000E+03  1.030914E-05  1.059459E-04  7.008557E-07  1.920635E-04 -1.481122E-02  2.034610E-08  2.044517E-08
  3.247000E+03  1.077422E-05  1.063560E-04  4.354119E-07  1.913041E-04 -1.277930E-02  2.034467E-08  2.045310E-08
  3.248000E+03  1.043799E-05  1.061917E-04 -2.114709E-07  1.916223E-04 -2.011203E-02  2.034458E-08  2.044833E-08
  3.249000E+03  1.026872E-05  1.059891E-04  6.089701E-07  1.919714E-04 -1.311880E-02  2.034512E-08  2.044298E-08
  3.250000E+03  1.074866E-05  1.063972E-04  5.384914E-07  1.912320E-04 -1.444929E-02  2.034443E-08  2.045302E-08
  3.251000E+03  1.050201E-05  1.060976E-04 -2.148840E-07  1.917898E-04 -1.970527E-02  2.034448E-08  2.044905E-08
  3.252000E+03  1.023857E-05  1.060658E-04  5.061251E-07  1.918333E-04 -1.198216E-02  2.034549E-08  2.044260E-08
  3.253000E+03  1.071393E-05  1.064037E-04  6.287969E-07  1.912374E-04 -1.624754E-02  2.034568E-08  2.045419E-08
  3.254000E+03  1.056182E-05  1.060223E-04 -1.962643E-07  1.919315E-04 -1.863822E-02  2.034550E-08  2.045064E-08
  3.255000E+03  1.021879E-05  1.061581E-04  4.028740E-07  1.916703E-04 -1.151441E-02  2.034601E-08  2.044283E-08
  3.256000E+03  1.067294E-05  1.063723E-04  7.036100E-07  1.913080E-04 -1.788335E-02  2.034662E-08  2.045478E-08
  3.257000E+03  1.061456E-05  1.059759E-04 -1.590254E-07  1.920202E-04 -1.709170E-02  2.034654E-08  2.045206E-08
  3.258000E+03  1.021145E-05  1.062522E-04  3.031784E-07  1.915043E-04 -1.177762E-02  2.034634E-08  2.044335E-08
  3.259000E+03  1.062323E-05  1.063076E-04  7.608817E-07  1.914335E-04 -1.910889E-02  2.034712E-08  2.045453E-08
  3.260000E+03  1.066224E-05  1.059659E-04 -9.993645E-08  1.920400E-04 -1.532013E-02  2.034730E-08  2.045315E-08
  3.261000E+03  1.021752E-05  1.063336E-04  2.021763E-07  1.913642E-04 -1.270965E-02  2.034679E-08  2.044442E-08
  3.262000E+03  1.056505E-05  1.062224E-04  7.984693E-07  1.915938E-04 -1.973334E-02  2.034760E-08  2.045386E-08
  3.263000E+03  1.070498E-05  1.059933E-04 -1.959763E-08  1.919904E-04 -1.364689E-02  2.034780E-08  2.045402E-08
  3.264000E+03  1.023523E-05  1.063899E-04  1.011306E-07  1.912748E-04 -1.411281E-02  2.034769E-08  2.044624E-08
  3.265000E+03  1.050477E-05  1.061323E-04  8.144488E-07  1.917643E-04 -1.964726E-02  2.034847E-08  2.045330E-08
  3.266000E+03  1.073943E-05  1.060580E-04  7.207615E-08  1.918800E-04 -1.235588E-02  2.034886E-08  2.045551E-08
  3.267000E+03  1.026547E-05  1.064110E-04  6.043441E-09  1.912565E-04 -1.581031E-02  2.034926E-08  2.044896E-08
  3.268000E+03  1.044657E-05  1.060527E-04  8.034775E-07  1.919197E-04 -1.880995E-02  2.035000E-08  2.045321E-08
  3.269000E+03  1.076080E-05  1.061519E-04  1.707403E-07  1.917247E-04 -1.168738E-02  2.035055E-08  2.045767E-08
  3.270000E+03  1.030801E-05  1.063887E-04 -7.329371E-08  1.913177E-04 -1.754674E-02  2.035091E-08  2.045187E-08
  3.271000E+03  1.039214E-05  1.059969E-04  7.645679E-07  1.920271E-04 -1.732177E-02  2.035122E-08  2.045274E-08
  3.272000E+03  1.076715E-05  1.062525E-04  2.746752E-07  1.915482E-04 -1.180818E-02  2.035105E-08  2.045862E-08
  3.273000E+03  1.035923E-05  1.063222E-04 -1.298699E-07  1.914453E-04 -1.891891E-02  2.035124E-08  2.045341E-08
  3.274000E+03  1.034449E-05  1.059782E-04  7.024216E-07  1.920522E-04 -1.548929E-02  2.035089E-08  2.045086E-08
  3.275000E+03  1.075705E-05  1.063349E-04  3.790537E-07  1.913895E-04 -1.272531E-02  2.034974E-08  2.045766E-08
  3.276000E+03  1.041585E-05  1.062271E-04 -1.580254E-07  1.916098E-04 -1.956702E-02  2.035026E-08  2.045343E-08
  3.277000E+03  1.030710E-05  1.060065E-04  6.206412E-07  1.919867E-04 -1.374207E-02  2.034991E-08  2.044867E-08
  3.278000E+03  1.073131E-05  1.063846E-04  4.762152E-07  1.912940E-04 -1.424843E-02  2.034868E-08  2.045675E-08
  3.279000E+03  1.047483E-05  1.061287E-04 -1.567719E-07  1.917781E-04 -1.937923E-02  2.034934E-08  2.045330E-08
  3.280000E+03  1.028268E-05  1.060780E-04  5.230189E-07  1.918549E-04 -1.245187E-02  2.035001E-08  2.044807E-08
  3.281000E+03  1.069403E-05  1.063937E-04  5.571867E-07  1.912864E-04 -1.605203E-02  2.034905E-08  2.045700E-08
  3.282000E+03  1.052948E-05  1.060474E-04 -1.286127E-07  1.919199E-04 -1.840480E-02  2.034917E-08  2.045363E-08
  3.283000E+03  1.027312E-05  1.061732E-04  4.213768E-07  1.916842E-04 -1.190825E-02  2.035029E-08  2.044824E-08
  3.284000E+03  1.065102E-05  1.063584E-04  6.131873E-07  1.913630E-04 -1.771035E-02  2.034987E-08  2.045741E-08
  3.285000E+03  1.057334E-05  1.059997E-04 -7.971678E-08  1.920008E-04 -1.685259E-02  2.034915E-08  2.045382E-08
  3.286000E+03  1.027791E-05  1.062656E-04  3.291532E-07  1.915098E-04 -1.224320E-02  2.034937E-08  2.044776E-08
  3.287000E+03  1.060612E-05  1.062858E-04  6.419890E-07  1.914958E-04 -1.884999E-02  2.034967E-08  2.045651E-08
  3.288000E+03  1.060458E-05  1.059945E-04 -1.621467E-08  1.920000E-04 -1.509700E-02  2.034862E-08  2.045331E-08
  3.289000E+03  1.029457E-05  1.063321E-04  2.521177E-07  1.913738E-04 -1.331229E-02  2.034739E-08  2.044661E-08
  3.290000E+03  1.056308E-05  1.061956E-04  6.453340E-07  1.916460E-04 -1.924263E-02  2.034819E-08  2.045407E-08
  3.291000E+03  1.062133E-05  1.060327E-04  5.594585E-08  1.919219E-04 -1.356417E-02  2.034812E-08  2.045275E-08
  3.292000E+03  1.032009E-05  1.063642E-04  1.966194E-07  1.913117E-04 -1.479247E-02  2.034649E-08  2.044673E-08
  3.293000E+03  1.052706E-05  1.061121E-04  6.248602E-07  1.917858E-04 -1.886740E-02  2.034717E-08  2.045200E-08
  3.294000E+03  1.062410E-05  1.061028E-04  1.259541E-07  1.917948E-04 -1.259631E-02  2.034835E-08  2.045293E-08
  3.295000E+03  1.034956E-05  1.063633E-04  1.658306E-07  1.913290E-04 -1.633113E-02  2.034768E-08  2.044894E-08
  3.296000E+03  1.050008E-05  1.060500E-04  5.887166E-07  1.918960E-04 -1.790778E-02  2.034732E-08  2.045114E-08
  3.297000E+03  1.061888E-05  1.061842E-04  1.846198E-07  1.916492E-04 -1.230950E-02  2.034858E-08  2.045319E-08
  3.298000E+03  1.037654E-05  1.063297E-04  1.532444E-07  1.914038E-04 -1.766123E-02  2.034874E-08  2.045082E-08
  3.299000E+03  1.048277E-05  1.060156E-04  5.493285E-07  1.919561E-04 -1.656990E-02  2.034755E-08  2.045050E-08
  3.300000E+03  1.061038E-05  1.062574E-04  2.266890E-07  1.915083E-04 -1.268724E-02  2.034754E-08  2.045232E-08
  3.301000E+03  1.039728E-05  1.062674E-04  1.525869E-07  1.915124E-04 -1.854961E-02  2.034803E-08  2.045060E-08
  3.302000E+03  1.047509E-05  1.060134E-04  5.142128E-07  1.919508E-04 -1.510171E-02  2.034705E-08  2.044937E-08
  3.303000E+03  1.059873E-05  1.063120E-04  2.520906E-07  1.913978E-04 -1.360536E-02  2.034601E-08  2.045103E-08
  3.304000E+03  1.041500E-05  1.061917E-04  1.608362E-07  1.916375E-04 -1.885913E-02  2.034670E-08  2.044950E-08
  3.305000E+03  1.047371E-05  1.060456E-04  4.797950E-07  1.918870E-04 -1.379766E-02  2.034683E-08  2.044879E-08
  3.306000E+03  1.058548E-05  1.063437E-04  2.661953E-07  1.913419E-04 -1.486948E-02  2.034576E-08  2.045100E-08
  3.307000E+03  1.042984E-05  1.061184E-04  1.747558E-07  1.917631E-04 -1.858479E-02  2.034608E-08  2.044888E-08
  3.308000E+03  1.047372E-05  1.061037E-04  4.499748E-07  1.917819E-04 -1.288996E-02  2.034708E-08  2.044891E-08
  3.309000E+03  1.057626E-05  1.063483E-04  2.740692E-07  1.913446E-04 -1.624801E-02  2.034649E-08  2.045201E-08
  3.310000E+03  1.043816E-05  1.060583E-04  1.861713E-07  1.918709E-04 -1.777858E-02  2.034628E-08  2.044881E-08
  3.311000E+03  1.047306E-05  1.061762E-04  4.338199E-07  1.916512E-04 -1.252728E-02  2.034720E-08  2.044910E-08
  3.312000E+03  1.057220E-05  1.063222E-04  2.788603E-07  1.914028E-04 -1.751104E-02  2.034724E-08  2.045300E-08
  3.313000E+03  1.043949E-05  1.060222E-04  1.931804E-07  1.919382E-04 -1.655232E-02  2.034693E-08  2.044899E-08
  3.314000E+03  1.047302E-05  1.062514E-04  4.311660E-07  1.915174E-04 -1.277554E-02  2.034734E-08  2.044952E-08
  3.315000E+03  1.057044E-05  1.062698E-04  2.804506E-07  1.915080E-04 -1.843872E-02  2.034807E-08  2.045393E-08
  3.316000E+03  1.043806E-05  1.060181E-04  1.979543E-07  1.919514E-04 -1.513384E-02  2.034799E-08  2.044956E-08
  3.317000E+03  1.047330E-05  1.063159E-04  4.337988E-07  1.914081E-04 -1.358880E-02  2.034785E-08  2.045048E-08
  3.318000E+03  1.057011E-05  1.061998E-04  2.801676E-07  1.916441E-04 -1.884411E-02  2.034895E-08  2.045473E-08
  3.319000E+03  1.043554E-05  1.060479E-04  2.007766E-07  1.919030E-04 -1.380863E-02  2.034897E-08  2.045015E-08
  3.320000E+03  1.047414E-05  1.063568E-04  4.381519E-07  1.913454E-04 -1.482842E-02  2.034864E-08  2.045180E-08
  3.321000E+03  1.057389E-05  1.061264E-04  2.752549E-07  1.917851E-04 -1.862426E-02  2.034995E-08  2.045552E-08
  3.322000E+03  1.042994E-05  1.061092E-04  1.979734E-07  1.918032E-04 -1.282728E-02  2.035041E-08  2.045134E-08
  3.323000E+03  1.047555E-05  1.063661E-04  4.482030E-07  1.913462E-04 -1.628411E-02  2.035005E-08  2.045372E-08
  3.324000E+03  1.058235E-05  1.060642E-04  2.651728E-07  1.919063E-04 -1.779689E-02  2.035116E-08  2.045645E-08
  3.325000E+03  1.042092E-05  1.061907E-04  1.886721E-07  1.916693E-04 -1.240533E-02  2.035192E-08  2.045276E-08
  3.326000E+03  1.047648E-05  1.063380E-04  4.655212E-07  1.914139E-04 -1.766899E-02  2.035141E-08  2.045544E-08
  3.327000E+03  1.059450E-05  1.060241E-04  2.529100E-07  1.919777E-04 -1.649634E-02  2.035148E-08  2.045648E-08
  3.328000E+03  1.040925E-05  1.062721E-04  1.742574E-07  1.915218E-04 -1.267783E-02  2.035180E-08  2.045274E-08
  3.329000E+03  1.047324E-05  1.062745E-04  4.917418E-07  1.915321E-04 -1.866026E-02  2.035144E-08  2.045555E-08
  3.330000E+03  1.061278E-05  1.060161E-04  2.437689E-07  1.919765E-04 -1.497867E-02  2.035032E-08  2.045518E-08
  3.331000E+03  1.039560E-05  1.063346E-04  1.491942E-07  1.913952E-04 -1.359683E-02  2.035005E-08  2.045122E-08
  3.332000E+03  1.046367E-05  1.061921E-04  5.273756E-07  1.916726E-04 -1.902340E-02  2.035044E-08  2.045427E-08
  3.333000E+03  1.063739E-05  1.060477E-04  2.419610E-07  1.919075E-04 -1.357000E-02  2.034948E-08  2.045446E-08
  3.334000E+03  1.038242E-05  1.063667E-04  1.110288E-07  1.913267E-04 -1.498411E-02  2.034851E-08  2.044997E-08
  3.335000E+03  1.044731E-05  1.061103E-04  5.678480E-07  1.918095E-04 -1.867346E-02  2.034941E-08  2.045262E-08
  3.336000E+03  1.066610E-05  1.061150E-04  2.502574E-07  1.917850E-04 -1.260478E-02  2.034965E-08  2.045507E-08
  3.337000E+03  1.037606E-05  1.063608E-04  5.876635E-08  1.913376E-04 -1.654689E-02  2.034803E-08  2.044985E-08
  3.338000E+03  1.041946E-05  1.060451E-04  6.044603E-07  1.919143E-04 -1.766453E-02  2.034839E-08  2.045058E-08
  3.339000E+03  1.069633E-05  1.061991E-04  2.803701E-07  1.916296E-04 -1.233560E-02  2.034935E-08  2.045551E-08
  3.340000E+03  1.038364E-05  1.063176E-04 -8.454261E-09  1.914201E-04 -1.790351E-02  2.034807E-08  2.045032E-08
  3.341000E+03  1.037774E-05  1.060102E-04  6.249280E-07  1.919620E-04 -1.623070E-02  2.034725E-08  2.044811E-08
  3.342000E+03  1.072463E-05  1.062773E-04  3.399901E-07  1.914776E-04 -1.280227E-02  2.034805E-08  2.045516E-08
  3.343000E+03  1.040614E-05  1.062491E-04 -8.457835E-08  1.915470E-04 -1.873942E-02  2.034814E-08  2.045089E-08
  3.344000E+03  1.032578E-05  1.060151E-04  6.241681E-07  1.919444E-04 -1.471503E-02  2.034681E-08  2.044622E-08
  3.345000E+03  1.074669E-05  1.063322E-04  4.255160E-07  1.913683E-04 -1.388147E-02  2.034665E-08  2.045471E-08
  3.346000E+03  1.044380E-05  1.061701E-04 -1.611162E-07  1.916885E-04 -1.888952E-02  2.034795E-08  2.045125E-08
  3.347000E+03  1.026736E-05  1.060577E-04  5.984726E-07  1.918657E-04 -1.344433E-02  2.034701E-08  2.044504E-08
  3.348000E+03  1.075777E-05  1.063555E-04  5.334269E-07  1.913250E-04 -1.530236E-02  2.034607E-08  2.045490E-08
  3.349000E+03  1.049670E-05  1.060957E-04 -2.286452E-07  1.918161E-04 -1.839044E-02  2.034743E-08  2.045137E-08
  3.350000E+03  1.020737E-05  1.061258E-04  5.435023E-07  1.917447E-04 -1.264377E-02  2.034744E-08  2.044427E-08
  3.351000E+03  1.075296E-05  1.063470E-04  6.580887E-07  1.913484E-04 -1.675784E-02  2.034647E-08  2.045567E-08
  3.352000E+03  1.056378E-05  1.060409E-04 -2.763629E-07  1.919086E-04 -1.740647E-02  2.034707E-08  2.045184E-08
  3.353000E+03  1.015480E-05  1.062031E-04  4.536859E-07  1.916071E-04 -1.246383E-02  2.034770E-08  2.044369E-08
  3.354000E+03  1.072722E-05  1.063094E-04  7.857382E-07  1.914278E-04 -1.795587E-02  2.034730E-08  2.045631E-08
  3.355000E+03  1.063987E-05  1.060134E-04 -2.897527E-07  1.919520E-04 -1.612565E-02  2.034683E-08  2.045259E-08
  3.356000E+03  1.011661E-05  1.062728E-04  3.334695E-07  1.914773E-04 -1.290473E-02  2.034713E-08  2.044274E-08
  3.357000E+03  1.068099E-05  1.062486E-04  9.020481E-07  1.915412E-04 -1.869707E-02  2.034742E-08  2.045565E-08
  3.358000E+03  1.072081E-05  1.060165E-04 -2.661154E-07  1.919380E-04 -1.476556E-02  2.034638E-08  2.045329E-08
  3.359000E+03  1.009498E-05  1.063236E-04  1.893183E-07  1.913785E-04 -1.384281E-02  2.034611E-08  2.044174E-08
  3.360000E+03  1.061735E-05  1.061756E-04  9.999569E-07  1.916670E-04 -1.889151E-02  2.034673E-08  2.045364E-08
  3.361000E+03  1.080016E-05  1.060515E-04 -2.061196E-07  1.918706E-04 -1.355418E-02  2.034631E-08  2.045448E-08
  3.362000E+03  1.009249E-05  1.063505E-04  3.200612E-08  1.913299E-04 -1.511777E-02  2.034571E-08  2.044177E-08
  3.363000E+03  1.054143E-05  1.061058E-04  1.069919E-06  1.917916E-04 -1.849396E-02  2.034672E-08  2.045189E-08
  3.364000E+03  1.086916E-05  1.061146E-04 -1.126048E-07  1.917620E-04 -1.275018E-02  2.034711E-08  2.045654E-08
  3.365000E+03  1.011089E-05  1.063483E-04 -1.224015E-07  1.913455E-04 -1.650901E-02  2.034649E-08  2.044332E-08
  3.366000E+03  1.045546E-05  1.060520E-04  1.106486E-06  1.918930E-04 -1.756062E-02  2.034751E-08  2.045060E-08
  3.367000E+03  1.092515E-05  1.061927E-04  1.225315E-08  1.916311E-04 -1.252022E-02  2.034824E-08  2.045892E-08
  3.368000E+03  1.015017E-05  1.063153E-04 -2.685023E-07  1.914212E-04 -1.774518E-02  2.034779E-08  2.044565E-08
  3.369000E+03  1.036187E-05  1.060248E-04  1.107637E-06  1.919490E-04 -1.624928E-02  2.034867E-08  2.044949E-08
  3.370000E+03  1.096709E-05  1.062686E-04  1.644245E-07  1.915031E-04 -1.291931E-02  2.034906E-08  2.046092E-08
  3.371000E+03  1.020586E-05  1.062563E-04 -4.004300E-07  1.915426E-04 -1.854086E-02  2.034912E-08  2.044810E-08
  3.372000E+03  1.026764E-05  1.060308E-04  1.076357E-06  1.919415E-04 -1.485241E-02  2.034947E-08  2.044806E-08
  3.373000E+03  1.099347E-05  1.063263E-04  3.312118E-07  1.914068E-04 -1.386664E-02  2.034963E-08  2.046250E-08
  3.374000E+03  1.027607E-05  1.061854E-04 -5.135024E-07  1.916833E-04 -1.873171E-02  2.035041E-08  2.045057E-08
  3.375000E+03  1.017600E-05  1.060691E-04  1.013670E-06  1.918759E-04 -1.365766E-02  2.035020E-08  2.044678E-08
  3.376000E+03  1.100289E-05  1.063570E-04  5.072859E-07  1.913623E-04 -1.516081E-02  2.035038E-08  2.046396E-08
  3.377000E+03  1.036142E-05  1.061177E-04 -6.054616E-07  1.918163E-04 -1.832402E-02  2.035168E-08  2.045315E-08
  3.378000E+03  1.008796E-05  1.061313E-04  9.174920E-07  1.917709E-04 -1.286874E-02  2.035121E-08  2.044603E-08
  3.379000E+03  1.099566E-05  1.063549E-04  6.903846E-07  1.913761E-04 -1.654828E-02  2.035100E-08  2.046492E-08
  3.380000E+03  1.045923E-05  1.060642E-04 -6.746061E-07  1.919155E-04 -1.741707E-02  2.035228E-08  2.045518E-08
  3.381000E+03  1.000693E-05  1.062044E-04  7.902897E-07  1.916427E-04 -1.263768E-02  2.035167E-08  2.044509E-08
  3.382000E+03  1.096910E-05  1.063185E-04  8.759421E-07  1.914449E-04 -1.775431E-02  2.035093E-08  2.046468E-08
  3.383000E+03  1.056715E-05  1.060335E-04 -7.135692E-07  1.919593E-04 -1.617440E-02  2.035146E-08  2.045596E-08
  3.384000E+03  9.938857E-06  1.062733E-04  6.316632E-07  1.915126E-04 -1.300662E-02  2.035096E-08  2.044340E-08
  3.385000E+03  1.091862E-05  1.062564E-04  1.055919E-06  1.915530E-04 -1.854240E-02  2.035023E-08  2.046315E-08
  3.386000E+03  1.068395E-05  1.060325E-04 -7.120572E-07  1.919421E-04 -1.483936E-02  2.034986E-08  2.045620E-08
  3.387000E+03  9.887076E-06  1.063250E-04  4.412685E-07  1.914099E-04 -1.388177E-02  2.034969E-08  2.044157E-08
  3.388000E+03  1.084388E-05  1.061839E-04  1.223910E-06  1.916784E-04 -1.876061E-02  2.034957E-08  2.046099E-08
  3.389000E+03  1.080615E-05  1.060644E-04 -6.664337E-07  1.918727E-04 -1.367598E-02  2.034896E-08  2.045741E-08
  3.390000E+03  9.855514E-06  1.063493E-04  2.227180E-07  1.913587E-04 -1.512172E-02  2.034853E-08  2.044028E-08
  3.391000E+03  1.074666E-05  1.061134E-04  1.370507E-06  1.917987E-04 -1.835026E-02  2.034898E-08  2.045827E-08
  3.392000E+03  1.092575E-05  1.061235E-04 -5.734137E-07  1.917589E-04 -1.293140E-02  2.034842E-08  2.045912E-08
  3.393000E+03  9.850638E-06  1.063388E-04 -1.343645E-08  1.913704E-04 -1.649450E-02  2.034733E-08  2.043938E-08
  3.394000E+03  1.062926E-05  1.060582E-04  1.480753E-06  1.918861E-04 -1.737483E-02  2.034803E-08  2.045466E-08
  3.395000E+03  1.103372E-05  1.061952E-04 -4.298720E-07  1.916213E-04 -1.276947E-02  2.034760E-08  2.046057E-08
  3.396000E+03  9.877420E-06  1.062978E-04 -2.533037E-07  1.914410E-04 -1.766660E-02  2.034659E-08  2.043940E-08
  3.397000E+03  1.049516E-05  1.060321E-04  1.541667E-06  1.919215E-04 -1.609248E-02  2.034720E-08  2.045083E-08
  3.398000E+03  1.112296E-05  1.062622E-04 -2.367601E-07  1.914957E-04 -1.321015E-02  2.034698E-08  2.046204E-08
  3.399000E+03  9.936694E-06  1.062385E-04 -4.833374E-07  1.915530E-04 -1.835088E-02  2.034688E-08  2.044084E-08
  3.400000E+03  1.035113E-05  1.060408E-04  1.545789E-06  1.919013E-04 -1.481358E-02  2.034713E-08  2.044765E-08
  3.401000E+03  1.118801E-05  1.063090E-04 -2.994960E-09  1.914104E-04 -1.415351E-02  2.034661E-08  2.046341E-08
  3.402000E+03  1.002584E-05  1.061697E-04 -6.903156E-07  1.916787E-04 -1.842841E-02  2.034701E-08  2.044248E-08
  3.403000E+03  1.020462E-05  1.060788E-04  1.492015E-06  1.918266E-04 -1.377179E-02  2.034681E-08  2.044432E-08
  3.404000E+03  1.122369E-05  1.063266E-04  2.608785E-07  1.913761E-04 -1.538838E-02  2.034596E-08  2.046395E-08
  3.405000E+03  1.014379E-05  1.061052E-04 -8.629456E-07  1.917899E-04 -1.792594E-02  2.034664E-08  2.044400E-08
  3.406000E+03  1.006435E-05  1.061374E-04  1.374995E-06  1.917150E-04 -1.315257E-02  2.034637E-08  2.044117E-08
  3.407000E+03  1.122481E-05  1.063159E-04  5.417773E-07  1.913983E-04 -1.663432E-02  2.034586E-08  2.046429E-08
  3.408000E+03  1.028381E-05  1.060611E-04 -9.849733E-07  1.918684E-04 -1.699199E-02  2.034685E-08  2.044645E-08
  3.409000E+03  9.941854E-06  1.062057E-04  1.198460E-06  1.915956E-04 -1.307781E-02  2.034681E-08  2.043942E-08
  3.410000E+03  1.119069E-05  1.062811E-04  8.171143E-07  1.914733E-04 -1.764609E-02  2.034682E-08  2.046488E-08
  3.411000E+03  1.043545E-05  1.060443E-04 -1.046166E-06  1.919021E-04 -1.583673E-02  2.034758E-08  2.044966E-08
  3.412000E+03  9.844777E-06  1.062668E-04  9.768010E-07  1.914913E-04 -1.353845E-02  2.034731E-08  2.043836E-08
  3.413000E+03  1.112331E-05  1.062268E-04  1.069838E-06  1.915796E-04 -1.822446E-02  2.034752E-08  2.046436E-08
  3.414000E+03  1.059157E-05  1.060557E-04 -1.044334E-06  1.918833E-04 -1.465728E-02  2.034813E-08  2.045284E-08
  3.415000E+03  9.776639E-06  1.063094E-04  7.213851E-07  1.914184E-04 -1.442971E-02  2.034745E-08  2.043757E-08
  3.416000E+03  1.102817E-05  1.061645E-04  1.288152E-06  1.916965E-04 -1.826407E-02  2.034797E-08  2.046288E-08
  3.417000E+03  1.074261E-05  1.060967E-04 -9.823860E-07  1.918141E-04 -1.370150E-02  2.034893E-08  2.045634E-08
  3.418000E+03  9.739456E-06  1.063271E-04  4.496972E-07  1.913977E-04 -1.558661E-02  2.034828E-08  2.043806E-08
  3.419000E+03  1.091178E-05  1.061092E-04  1.462445E-06  1.918044E-04 -1.775729E-02  2.034900E-08  2.046139E-08
  3.420000E+03  1.088178E-05  1.061585E-04 -8.675855E-07  1.917119E-04 -1.318819E-02  2.035008E-08  2.046018E-08
  3.421000E+03  9.734467E-06  1.063152E-04  1.743187E-07  1.914344E-04 -1.675631E-02  2.034953E-08  2.043950E-08
  3.422000E+03  1.077795E-05  1.060708E-04  1.586973E-06  1.918805E-04 -1.679685E-02  2.035006E-08  2.045949E-08
  3.423000E+03  1.100521E-05  1.062247E-04 -7.042694E-07  1.915954E-04 -1.323167E-02  2.035038E-08  2.046305E-08
  3.424000E+03  9.759643E-06  1.062747E-04 -9.525828E-08  1.915163E-04 -1.766562E-02  2.035015E-08  2.044073E-08
  3.425000E+03  1.063245E-05  1.060591E-04  1.660867E-06  1.919022E-04 -1.561105E-02  2.035048E-08  2.045673E-08
  3.426000E+03  1.110959E-05  1.062776E-04 -5.012037E-07  1.914942E-04 -1.381893E-02  2.034961E-08  2.046466E-08
  3.427000E+03  9.811975E-06  1.062163E-04 -3.497644E-07  1.916211E-04 -1.807863E-02  2.034996E-08  2.044146E-08
  3.428000E+03  1.048272E-05  1.060788E-04  1.683815E-06  1.918642E-04 -1.450379E-02  2.035058E-08  2.045367E-08
  3.429000E+03  1.118937E-05  1.063095E-04 -2.685863E-07  1.914367E-04 -1.479362E-02  2.034932E-08  2.046633E-08
  3.430000E+03  9.891026E-06  1.061549E-04 -5.777071E-07  1.917302E-04 -1.793704E-02  2.034984E-08  2.044259E-08
  3.431000E+03  1.033321E-05  1.061247E-04  1.652889E-06  1.917809E-04 -1.370447E-02  2.035077E-08  2.045088E-08
  3.432000E+03  1.124137E-05  1.063166E-04 -1.264336E-08  1.914323E-04 -1.593977E-02  2.034985E-08  2.046828E-08
  3.433000E+03  9.996720E-06  1.061028E-04 -7.726430E-07  1.918243E-04 -1.730824E-02  2.035006E-08  2.044445E-08
  3.434000E+03  1.018622E-05  1.061844E-04  1.566262E-06  1.916719E-04 -1.335691E-02  2.035075E-08  2.044810E-08
  3.435000E+03  1.126352E-05  1.062950E-04  2.637679E-07  1.914766E-04 -1.702063E-02  2.035005E-08  2.046923E-08
  3.436000E+03  1.012578E-05  1.060701E-04 -9.275570E-07  1.918805E-04 -1.630113E-02  2.035007E-08  2.044649E-08
  3.437000E+03  1.004842E-05  1.062438E-04  1.424831E-06  1.915571E-04 -1.354911E-02  2.034989E-08  2.044483E-08
  3.438000E+03  1.125401E-05  1.062482E-04  5.488052E-07  1.915585E-04 -1.779257E-02  2.034952E-08  2.046869E-08
  3.439000E+03  1.027144E-05  1.060643E-04 -1.033083E-06  1.918841E-04 -1.513504E-02  2.034972E-08  2.044851E-08
  3.440000E+03  9.927856E-06  1.062905E-04  1.235289E-06  1.914632E-04 -1.423253E-02  2.034865E-08  2.044162E-08
  3.441000E+03  1.121280E-05  1.061885E-04  8.263307E-07  1.916603E-04 -1.808873E-02  2.034880E-08  2.046716E-08
  3.442000E+03  1.042792E-05  1.060884E-04 -1.084146E-06  1.918364E-04 -1.408324E-02  2.034960E-08  2.045110E-08
  3.443000E+03  9.831596E-06  1.063169E-04  1.003200E-06  1.914149E-04 -1.523892E-02  2.034827E-08  2.043977E-08
  3.444000E+03  1.113976E-05  1.061288E-04  1.082250E-06  1.917638E-04 -1.786653E-02  2.034841E-08  2.046519E-08
  3.445000E+03  1.058921E-05  1.061369E-04 -1.075372E-06  1.917475E-04 -1.337535E-02  2.034966E-08  2.045415E-08
  3.446000E+03  9.765231E-06  1.063155E-04  7.358777E-07  1.914198E-04 -1.638426E-02  2.034816E-08  2.043871E-08
  3.447000E+03  1.103711E-05  1.060788E-04  1.303428E-06  1.918480E-04 -1.712871E-02  2.034802E-08  2.046250E-08
  3.448000E+03  1.074663E-05  1.061986E-04 -1.003786E-06  1.916288E-04 -1.317701E-02  2.034895E-08  2.045657E-08
  3.449000E+03  9.733794E-06  1.062834E-04  4.464684E-07  1.914755E-04 -1.743573E-02  2.034758E-08  2.043772E-08
  3.450000E+03  1.090794E-05  1.060507E-04  1.477111E-06  1.918907E-04 -1.599334E-02  2.034753E-08  2.045913E-08
  3.451000E+03  1.089040E-05  1.062594E-04 -8.672359E-07  1.915088E-04 -1.353452E-02  2.034775E-08  2.045842E-08
  3.452000E+03  9.740543E-06  1.062304E-04  1.517946E-07  1.915702E-04 -1.812897E-02  2.034724E-08  2.043752E-08
  3.453000E+03  1.075914E-05  1.060533E-04  1.590854E-06  1.918815E-04 -1.477593E-02  2.034745E-08  2.045585E-08
  3.454000E+03  1.101134E-05  1.063063E-04 -6.717229E-07  1.914212E-04 -1.435473E-02  2.034718E-08  2.046058E-08
  3.455000E+03  9.784383E-06  1.061673E-04 -1.287463E-07  1.916846E-04 -1.830603E-02  2.034722E-08  2.043817E-08
  3.456000E+03  1.060039E-05  1.060861E-04  1.638589E-06  1.918204E-04 -1.374782E-02  2.034756E-08  2.045269E-08
  3.457000E+03  1.110314E-05  1.063263E-04 -4.312555E-07  1.913817E-04 -1.550684E-02  2.034647E-08  2.046207E-08
  3.458000E+03  9.862087E-06  1.061026E-04 -3.796933E-07  1.917949E-04 -1.787499E-02  2.034670E-08  2.043875E-08
  3.459000E+03  1.044146E-05  1.061425E-04  1.618424E-06  1.917119E-04 -1.309988E-02  2.034705E-08  2.044907E-08
  3.460000E+03  1.116126E-05  1.063146E-04 -1.616253E-07  1.913983E-04 -1.676586E-02  2.034558E-08  2.046269E-08
  3.461000E+03  9.968478E-06  1.060530E-04 -5.874991E-07  1.918764E-04 -1.691070E-02  2.034616E-08  2.043975E-08
  3.462000E+03  1.029381E-05  1.062148E-04  1.530964E-06  1.915817E-04 -1.298924E-02  2.034709E-08  2.044643E-08
  3.463000E+03  1.118205E-05  1.062766E-04  1.172787E-07  1.914752E-04 -1.786835E-02  2.034608E-08  2.046385E-08
  3.464000E+03  1.009588E-05  1.060329E-04 -7.382807E-07  1.919153E-04 -1.563301E-02  2.034685E-08  2.044236E-08
  3.465000E+03  1.016585E-05  1.062869E-04  1.384443E-06  1.914633E-04 -1.347604E-02  2.034819E-08  2.044539E-08
  3.466000E+03  1.116649E-05  1.062178E-04  3.877069E-07  1.915988E-04 -1.854744E-02  2.034770E-08  2.046523E-08
  3.467000E+03  1.023632E-05  1.060448E-04 -8.271739E-07  1.919008E-04 -1.428909E-02  2.034802E-08  2.044576E-08
  3.468000E+03  1.006083E-05  1.063396E-04  1.192086E-06  1.913761E-04 -1.449178E-02  2.034872E-08  2.044433E-08
  3.469000E+03  1.112027E-05  1.061471E-04  6.382894E-07  1.917385E-04 -1.862295E-02  2.034895E-08  2.046544E-08
  3.470000E+03  1.037898E-05  1.060890E-04 -8.563435E-07  1.918277E-04 -1.315594E-02  2.034905E-08  2.044925E-08
  3.471000E+03  9.982735E-06  1.063597E-04  9.722463E-07  1.913425E-04 -1.585823E-02  2.034857E-08  2.044312E-08
  3.472000E+03  1.104949E-05  1.060801E-04  8.557758E-07  1.918634E-04 -1.804090E-02  2.034959E-08  2.046437E-08
  3.473000E+03  1.051481E-05  1.061613E-04 -8.303279E-07  1.917091E-04 -1.249128E-02  2.035051E-08  2.045327E-08
  3.474000E+03  9.934088E-06  1.063436E-04  7.409261E-07  1.913796E-04 -1.730107E-02  2.034896E-08  2.044294E-08
  3.475000E+03  1.095904E-05  1.060319E-04  1.030914E-06  1.919523E-04 -1.688010E-02  2.035016E-08  2.046273E-08
  3.476000E+03  1.063964E-05  1.062487E-04 -7.553871E-07  1.915670E-04 -1.247695E-02  2.035216E-08  2.045753E-08
  3.477000E+03  9.913922E-06  1.062943E-04  5.073268E-07  1.914842E-04 -1.852292E-02  2.035018E-08  2.044397E-08
  3.478000E+03  1.085323E-05  1.060123E-04  1.161963E-06  1.919874E-04 -1.536356E-02  2.035062E-08  2.046064E-08
  3.479000E+03  1.075023E-05  1.063285E-04 -6.373823E-07  1.914288E-04 -1.315966E-02  2.035258E-08  2.046050E-08
  3.480000E+03  9.921315E-06  1.062207E-04  2.787946E-07  1.916308E-04 -1.920459E-02  2.035141E-08  2.044528E-08
  3.481000E+03  1.073737E-05  1.060289E-04  1.246237E-06  1.919553E-04 -1.383114E-02  2.035086E-08  2.045823E-08
  3.482000E+03  1.084355E-05  1.063799E-04 -4.844092E-07  1.913304E-04 -1.441963E-02  2.035159E-08  2.046187E-08
  3.483000E+03  9.954380E-06  1.061373E-04  6.297947E-08  1.917839E-04 -1.915873E-02  2.035169E-08  2.044590E-08
  3.484000E+03  1.061637E-05  1.060823E-04  1.283322E-06  1.918581E-04 -1.260998E-02  2.035113E-08  2.045594E-08
  3.485000E+03  1.091680E-05  1.063932E-04 -3.039373E-07  1.912992E-04 -1.601598E-02  2.035034E-08  2.046258E-08
  3.486000E+03  1.001194E-05  1.060601E-04 -1.334648E-07  1.919149E-04 -1.838930E-02  2.035107E-08  2.044587E-08
  3.487000E+03  1.049475E-05  1.061628E-04  1.271712E-06  1.917130E-04 -1.194748E-02  2.035134E-08  2.045384E-08
  3.488000E+03  1.096572E-05  1.063667E-04 -1.014179E-07  1.913437E-04 -1.762954E-02  2.034944E-08  2.046308E-08
  3.489000E+03  1.009121E-05  1.060030E-04 -2.995853E-07  1.920008E-04 -1.704374E-02  2.034971E-08  2.044541E-08
  3.490000E+03  1.037900E-05  1.062535E-04  1.211467E-06  1.915444E-04 -1.199496E-02  2.035080E-08  2.045134E-08
  3.491000E+03  1.098652E-05  1.063054E-04  1.133865E-07  1.914528E-04 -1.893787E-02  2.034882E-08  2.046313E-08
  3.492000E+03  1.018815E-05  1.059787E-04 -4.243164E-07  1.920260E-04 -1.536353E-02  2.034827E-08  2.044520E-08
  3.493000E+03  1.027531E-05  1.063347E-04  1.105378E-06  1.913857E-04 -1.278082E-02  2.034929E-08  2.044832E-08
  3.494000E+03  1.097776E-05  1.062203E-04  3.292300E-07  1.916049E-04 -1.964849E-02  2.034839E-08  2.046255E-08
  3.495000E+03  1.029826E-05  1.059956E-04 -5.009166E-07  1.919843E-04 -1.365004E-02  2.034760E-08  2.044613E-08
  3.496000E+03  1.018961E-05  1.063925E-04  9.574517E-07  1.912738E-04 -1.416978E-02  2.034805E-08  2.044603E-08
  3.497000E+03  1.094048E-05  1.061268E-04  5.333524E-07  1.917713E-04 -1.965848E-02  2.034814E-08  2.046135E-08
  3.498000E+03  1.041498E-05  1.060531E-04 -5.258650E-07  1.918814E-04 -1.222558E-02  2.034811E-08  2.044856E-08
  3.499000E+03  1.012736E-05  1.064167E-04  7.761558E-07  1.912327E-04 -1.592724E-02  2.034777E-08  2.044515E-08
  3.500000E+03  1.087727E-05  1.060380E-04  7.125157E-07  1.919258E-04 -1.894935E-02  2.034777E-08  2.045933E-08
  3.501000E+03  1.053061E-05  1.061407E-04 -4.977828E-07  1.917257E-04 -1.136641E-02  2.034858E-08  2.045121E-08
  3.502000E+03  1.009321E-05  1.063963E-04  5.730303E-07  1.912699E-04 -1.776512E-02  2.034720E-08  2.044442E-08
  3.503000E+03  1.079272E-05  1.059684E-04  8.534811E-07  1.920388E-04 -1.751140E-02  2.034693E-08  2.045625E-08
  3.504000E+03  1.063565E-05  1.062421E-04 -4.177484E-07  1.915354E-04 -1.129639E-02  2.034783E-08  2.045275E-08
  3.505000E+03  1.008911E-05  1.063326E-04  3.654670E-07  1.913817E-04 -1.932079E-02  2.034631E-08  2.044373E-08
  3.506000E+03  1.069414E-05  1.059370E-04  9.460523E-07  1.920833E-04 -1.558802E-02  2.034626E-08  2.045302E-08
  3.507000E+03  1.072067E-05  1.063397E-04 -2.924011E-07  1.913546E-04 -1.207845E-02  2.034711E-08  2.045419E-08
  3.508000E+03  1.011596E-05  1.062414E-04  1.716480E-07  1.915509E-04 -2.027342E-02  2.034645E-08  2.044438E-08
  3.509000E+03  1.058906E-05  1.059539E-04  9.819936E-07  1.920513E-04 -1.361725E-02  2.034670E-08  2.045089E-08
  3.510000E+03  1.077962E-05  1.064158E-04 -1.317056E-07  1.912270E-04 -1.355579E-02  2.034771E-08  2.045662E-08
  3.511000E+03  1.017089E-05  1.061386E-04  6.194338E-09  1.917483E-04 -2.043586E-02  2.034765E-08  2.044635E-08
  3.512000E+03  1.048419E-05  1.060147E-04  9.613488E-07  1.919473E-04 -1.196164E-02  2.034778E-08  2.044960E-08
  3.513000E+03  1.081221E-05  1.064523E-04  5.114260E-08  1.911727E-04 -1.548153E-02  2.034834E-08  2.045860E-08
  3.514000E+03  1.024585E-05  1.060378E-04 -1.234183E-07  1.919351E-04 -1.972627E-02  2.034841E-08  2.044801E-08
  3.515000E+03  1.038838E-05  1.061089E-04  8.926875E-07  1.917800E-04 -1.090407E-02  2.034836E-08  2.044826E-08
  3.516000E+03  1.081815E-05  1.064385E-04  2.385879E-07  1.912015E-04 -1.754567E-02  2.034807E-08  2.045910E-08
  3.517000E+03  1.033300E-05  1.059585E-04 -2.099086E-07  1.920742E-04 -1.820546E-02  2.034852E-08  2.044906E-08
  3.518000E+03  1.031021E-05  1.062227E-04  7.844501E-07  1.915775E-04 -1.067646E-02  2.034872E-08  2.044735E-08
  3.519000E+03  1.079645E-05  1.063766E-04  4.142244E-07  1.913165E-04 -1.936025E-02  2.034779E-08  2.045883E-08
  3.520000E+03  1.042758E-05  1.059189E-04 -2.472384E-07  1.921399E-04 -1.612887E-02  2.034861E-08  2.045018E-08
  3.521000E+03  1.025284E-05  1.063387E-04  6.434755E-07  1.913790E-04 -1.136879E-02  2.034968E-08  2.044774E-08
  3.522000E+03  1.075144E-05  1.062805E-04  5.680228E-07  1.915041E-04 -2.058539E-02  2.034885E-08  2.045916E-08
  3.523000E+03  1.052195E-05  1.059287E-04 -2.375371E-07  1.921224E-04 -1.390919E-02  2.034930E-08  2.045199E-08
  3.524000E+03  1.021916E-05  1.064331E-04  4.826628E-07  1.912243E-04 -1.288467E-02  2.035090E-08  2.044903E-08
  3.525000E+03  1.068904E-05  1.061674E-04  6.890888E-07  1.917264E-04 -2.097134E-02  2.035062E-08  2.045956E-08
  3.526000E+03  1.060701E-05  1.059857E-04 -1.849148E-07  1.920238E-04 -1.195463E-02  2.035032E-08  2.045419E-08
  3.527000E+03  1.021124E-05  1.064831E-04  3.185334E-07  1.911428E-04 -1.495672E-02  2.035121E-08  2.044997E-08
  3.528000E+03  1.061321E-05  1.060540E-04  7.698818E-07  1.919371E-04 -2.039138E-02  2.035145E-08  2.045846E-08
  3.529000E+03  1.067893E-05  1.060817E-04 -9.407978E-08  1.918544E-04 -1.060254E-02  2.035109E-08  2.045620E-08
  3.530000E+03  1.022745E-05  1.064777E-04  1.601502E-07  1.911520E-04 -1.724074E-02  2.035040E-08  2.045017E-08
  3.531000E+03  1.052880E-05  1.059592E-04  8.095314E-07  1.920991E-04 -1.889337E-02  2.035104E-08  2.045571E-08
  3.532000E+03  1.073522E-05  1.062035E-04  2.736988E-08  1.916373E-04 -1.011935E-02  2.035152E-08  2.045792E-08
  3.533000E+03  1.026374E-05  1.064195E-04  1.597477E-08  1.912582E-04 -1.933468E-02  2.034981E-08  2.045075E-08
  3.534000E+03  1.044265E-05  1.059026E-04  8.103064E-07  1.921856E-04 -1.675453E-02  2.035010E-08  2.045231E-08
  3.535000E+03  1.077162E-05  1.063271E-04  1.693476E-07  1.914124E-04 -1.065167E-02  2.035117E-08  2.045882E-08
  3.536000E+03  1.031743E-05  1.063207E-04 -1.030934E-07  1.914408E-04 -2.081426E-02  2.034973E-08  2.045187E-08
  3.537000E+03  1.036089E-05  1.058955E-04  7.723744E-07  1.921804E-04 -1.440757E-02  2.034893E-08  2.044883E-08
  3.538000E+03  1.078597E-05  1.064265E-04  3.213724E-07  1.912260E-04 -1.208081E-02  2.035003E-08  2.045873E-08
  3.539000E+03  1.038701E-05  1.062003E-04 -1.914605E-07  1.916601E-04 -2.139345E-02  2.034971E-08  2.045302E-08
  3.540000E+03  1.028539E-05  1.059410E-04  6.971600E-07  1.920882E-04 -1.225583E-02  2.034848E-08  2.044639E-08
  3.541000E+03  1.077944E-05  1.064866E-04  4.786735E-07  1.911156E-04 -1.414226E-02  2.034922E-08  2.045867E-08
  3.542000E+03  1.046826E-05  1.060786E-04 -2.478482E-07  1.918790E-04 -2.100917E-02  2.034976E-08  2.045416E-08
  3.543000E+03  1.022034E-05  1.060341E-04  5.895510E-07  1.919250E-04 -1.064340E-02  2.034944E-08  2.044585E-08
  3.544000E+03  1.075199E-05  1.064987E-04  6.328629E-07  1.911014E-04 -1.653161E-02  2.034927E-08  2.045902E-08
  3.545000E+03  1.055652E-05  1.059726E-04 -2.682025E-07  1.920657E-04 -1.972077E-02  2.034974E-08  2.045513E-08
  3.546000E+03  1.017225E-05  1.061551E-04  4.533455E-07  1.917096E-04 -9.870561E-03  2.034996E-08  2.044554E-08
  3.547000E+03  1.070256E-05  1.064558E-04  7.717940E-07  1.911838E-04 -1.879785E-02  2.034903E-08  2.045847E-08
  3.548000E+03  1.064766E-05  1.058987E-04 -2.468573E-07  1.921815E-04 -1.771348E-02  2.034858E-08  2.045489E-08
  3.549000E+03  1.014515E-05  1.062794E-04  2.933866E-07  1.914743E-04 -1.008968E-02  2.034873E-08  2.044421E-08
  3.550000E+03  1.063289E-05  1.063660E-04  8.858526E-07  1.913414E-04 -2.053082E-02  2.034793E-08  2.045637E-08
  3.551000E+03  1.073629E-05  1.058719E-04 -1.826925E-07  1.922074E-04 -1.533340E-02  2.034697E-08  2.045418E-08
  3.552000E+03  1.014196E-05  1.063898E-04  1.180234E-07  1.912646E-04 -1.124438E-02  2.034731E-08  2.044341E-08
  3.553000E+03  1.054563E-05  1.062494E-04  9.669072E-07  1.915496E-04 -2.148595E-02  2.034735E-08  2.045413E-08
  3.554000E+03  1.081495E-05  1.059010E-04 -7.465727E-08  1.921470E-04 -1.299542E-02  2.034684E-08  2.045493E-08
  3.555000E+03  1.016681E-05  1.064717E-04 -6.130260E-08  1.911225E-04 -1.315184E-02  2.034737E-08  2.044476E-08
  3.556000E+03  1.044463E-05  1.061233E-04  1.003389E-06  1.917813E-04 -2.151943E-02  2.034775E-08  2.045228E-08
  3.557000E+03  1.087667E-05  1.059804E-04  7.548602E-08  1.920080E-04 -1.106835E-02  2.034783E-08  2.045676E-08
  3.558000E+03  1.021894E-05  1.065067E-04 -2.299341E-07  1.910697E-04 -1.552553E-02  2.034776E-08  2.044699E-08
  3.559000E+03  1.033701E-05  1.060034E-04  9.907119E-07  1.919961E-04 -2.055173E-02  2.034795E-08  2.044981E-08
  3.560000E+03  1.091565E-05  1.060933E-04  2.583900E-07  1.918001E-04 -9.907458E-03  2.034772E-08  2.045738E-08
  3.561000E+03  1.029493E-05  1.064831E-04 -3.732678E-07  1.911128E-04 -1.793647E-02  2.034701E-08  2.044838E-08
  3.562000E+03  1.023295E-05  1.059118E-04  9.270510E-07  1.921468E-04 -1.871460E-02  2.034704E-08  2.044608E-08
  3.563000E+03  1.092590E-05  1.062213E-04  4.587230E-07  1.915595E-04 -9.733519E-03  2.034673E-08  2.045696E-08
  3.564000E+03  1.039204E-05  1.064096E-04 -4.769438E-07  1.912461E-04 -1.995318E-02  2.034637E-08  2.045003E-08
  3.565000E+03  1.013959E-05  1.058684E-04  8.117818E-07  1.922122E-04 -1.637233E-02  2.034646E-08  2.044286E-08
  3.566000E+03  1.090624E-05  1.063473E-04  6.631456E-07  1.913377E-04 -1.054266E-02  2.034713E-08  2.045764E-08
  3.567000E+03  1.050313E-05  1.063036E-04 -5.324792E-07  1.914517E-04 -2.127374E-02  2.034740E-08  2.045328E-08
  3.568000E+03  1.006443E-05  1.058811E-04  6.528715E-07  1.921915E-04 -1.392761E-02  2.034748E-08  2.044168E-08
  3.569000E+03  1.085885E-05  1.064498E-04  8.547225E-07  1.911722E-04 -1.221596E-02  2.034872E-08  2.045918E-08
  3.570000E+03  1.061793E-05  1.061797E-04 -5.354717E-07  1.916939E-04 -2.168774E-02  2.034922E-08  2.045708E-08
  3.571000E+03  1.001489E-05  1.059441E-04  4.645768E-07  1.920848E-04 -1.177224E-02  2.034883E-08  2.044156E-08
  3.572000E+03  1.078513E-05  1.065064E-04  1.017337E-06  1.910844E-04 -1.447151E-02  2.034958E-08  2.045955E-08
  3.573000E+03  1.073027E-05  1.060554E-04 -4.834619E-07  1.919251E-04 -2.109279E-02  2.035016E-08  2.045965E-08
  3.574000E+03  9.993176E-06  1.060467E-04  2.574139E-07  1.919036E-04 -1.025208E-02  2.034966E-08  2.044176E-08
  3.575000E+03  1.068919E-05  1.065076E-04  1.143064E-06  1.910904E-04 -1.692188E-02  2.034966E-08  2.045861E-08
  3.576000E+03  1.083450E-05  1.059528E-04 -3.798387E-07  1.921066E-04 -1.957681E-02  2.035033E-08  2.046106E-08
  3.577000E+03  9.998113E-06  1.061739E-04  4.375561E-08  1.916779E-04 -9.647692E-03  2.035025E-08  2.044259E-08
  3.578000E+03  1.058020E-05  1.064564E-04  1.226383E-06  1.911936E-04 -1.914988E-02  2.035006E-08  2.045750E-08
  3.579000E+03  1.092236E-05  1.058914E-04 -2.360233E-07  1.922109E-04 -1.743647E-02  2.035037E-08  2.046196E-08
  3.580000E+03  1.002925E-05  1.063034E-04 -1.594376E-07  1.914505E-04 -1.006196E-02  2.035081E-08  2.044420E-08
  3.581000E+03  1.046551E-05  1.063641E-04  1.261942E-06  1.913724E-04 -2.078622E-02  2.035077E-08  2.045629E-08
  3.582000E+03  1.098829E-05  1.058789E-04 -6.196953E-08  1.922252E-04 -1.505594E-02  2.035029E-08  2.046239E-08
  3.583000E+03  1.008810E-05  1.064112E-04 -3.422756E-07  1.912588E-04 -1.138191E-02  2.035077E-08  2.044599E-08
  3.584000E+03  1.034729E-05  1.062455E-04  1.244842E-06  1.915928E-04 -2.155321E-02  2.035114E-08  2.045431E-08
  3.585000E+03  1.103268E-05  1.059170E-04  1.376200E-07  1.921488E-04 -1.280405E-02  2.035016E-08  2.046253E-08
  3.586000E+03  1.017046E-05  1.064805E-04 -5.019340E-07  1.911346E-04 -1.337035E-02  2.035028E-08  2.044788E-08
  3.587000E+03  1.023167E-05  1.061203E-04  1.178265E-06  1.918173E-04 -2.134894E-02  2.035108E-08  2.045162E-08
  3.588000E+03  1.105380E-05  1.060007E-04  3.518794E-07  1.919941E-04 -1.105620E-02  2.035026E-08  2.046277E-08
  3.589000E+03  1.026970E-05  1.065021E-04 -6.292862E-07  1.911006E-04 -1.570386E-02  2.035010E-08  2.045037E-08
  3.590000E+03  1.012764E-05  1.060092E-04  1.067840E-06  1.920096E-04 -2.025854E-02  2.035062E-08  2.044850E-08
  3.591000E+03  1.104665E-05  1.061117E-04  5.670222E-07  1.917887E-04 -1.009330E-02  2.034999E-08  2.046240E-08
  3.592000E+03  1.038238E-05  1.064735E-04 -7.113215E-07  1.911558E-04 -1.795631E-02  2.034975E-08  2.045279E-08
  3.593000E+03  1.003887E-05  1.059285E-04  9.173804E-07  1.921384E-04 -1.849391E-02  2.034945E-08  2.044483E-08
  3.594000E+03  1.101028E-05  1.062303E-04  7.765208E-07  1.915664E-04 -1.002711E-02  2.034913E-08  2.046121E-08
  3.595000E+03  1.050452E-05  1.064011E-04 -7.427418E-07  1.912853E-04 -1.977891E-02  2.034899E-08  2.045473E-08
  3.596000E+03  9.966316E-06  1.058911E-04  7.340280E-07  1.921888E-04 -1.631843E-02  2.034837E-08  2.044155E-08
  3.597000E+03  1.094887E-05  1.063409E-04  9.748601E-07  1.913620E-04 -1.086195E-02  2.034840E-08  2.045993E-08
  3.598000E+03  1.062943E-05  1.062986E-04 -7.262005E-07  1.914718E-04 -2.091358E-02  2.034874E-08  2.045694E-08
  3.599000E+03  9.916158E-06  1.059043E-04  5.259403E-07  1.921576E-04 -1.407594E-02  2.034831E-08  2.043983E-08
  3.600000E+03  1.086420E-05  1.064266E-04  1.148089E-06  1.912127E-04 -1.244480E-02  2.034855E-08  2.045923E-08
  3.601000E+03  1.075013E-05  1.061844E-04 -6.593352E-07  1.916835E-04 -2.121060E-02  2.034921E-08  2.045949E-08
  3.602000E+03  9.894736E-06  1.059612E-04  3.017203E-07  1.920512E-04 -1.218024E-02  2.034847E-08  2.043911E-08
  3.603000E+03  1.075902E-05  1.064712E-04  1.281124E-06  1.911377E-04 -1.446663E-02  2.034853E-08  2.045799E-08
  3.604000E+03  1.086255E-05  1.060724E-04 -5.441606E-07  1.918789E-04 -2.065770E-02  2.034872E-08  2.046068E-08
  3.605000E+03  9.902156E-06  1.060462E-04  6.948846E-08  1.918842E-04 -1.088860E-02  2.034739E-08  2.043797E-08
  3.606000E+03  1.063840E-05  1.064681E-04  1.369415E-06  1.911374E-04 -1.657404E-02  2.034724E-08  2.045508E-08
  3.607000E+03  1.096150E-05  1.059805E-04 -3.864486E-07  1.920264E-04 -1.936598E-02  2.034724E-08  2.046045E-08
  3.608000E+03  9.939346E-06  1.061490E-04 -1.611802E-07  1.916856E-04 -1.035736E-02  2.034615E-08  2.043753E-08
  3.609000E+03  1.050751E-05  1.064244E-04  1.406668E-06  1.912131E-04 -1.846928E-02  2.034627E-08  2.045209E-08
  3.610000E+03  1.103956E-05  1.059261E-04 -1.902202E-07  1.921145E-04 -1.755895E-02  2.034679E-08  2.046079E-08
  3.611000E+03  1.000618E-05  1.062592E-04 -3.752130E-07  1.914926E-04 -1.065097E-02  2.034671E-08  2.043972E-08
  3.612000E+03  1.037327E-05  1.063512E-04  1.387216E-06  1.913604E-04 -1.989244E-02  2.034738E-08  2.045086E-08
  3.613000E+03  1.109018E-05  1.059156E-04  3.621247E-08  1.921372E-04 -1.554646E-02  2.034787E-08  2.046219E-08
  3.614000E+03  1.009818E-05  1.063563E-04 -5.556422E-07  1.913350E-04 -1.169159E-02  2.034830E-08  2.044363E-08
  3.615000E+03  1.024493E-05  1.062569E-04  1.312158E-06  1.915489E-04 -2.063368E-02  2.034905E-08  2.045002E-08
  3.616000E+03  1.110881E-05  1.059440E-04  2.781610E-07  1.920865E-04 -1.365393E-02  2.034851E-08  2.046269E-08
  3.617000E+03  1.021029E-05  1.064209E-04 -6.889982E-07  1.912277E-04 -1.327905E-02  2.034884E-08  2.044695E-08
  3.618000E+03  1.012900E-05  1.061542E-04  1.186063E-06  1.917380E-04 -2.060400E-02  2.034948E-08  2.044789E-08
  3.619000E+03  1.109485E-05  1.060046E-04  5.230582E-07  1.919709E-04 -1.213075E-02  2.034830E-08  2.046194E-08
  3.620000E+03  1.033735E-05  1.064481E-04 -7.696493E-07  1.911838E-04 -1.513066E-02  2.034882E-08  2.044999E-08
  3.621000E+03  1.003159E-05  1.060622E-04  1.014103E-06  1.919030E-04 -1.986556E-02  2.034964E-08  2.044567E-08
  3.622000E+03  1.105147E-05  1.060913E-04  7.559183E-07  1.918165E-04 -1.118093E-02  2.034880E-08  2.046158E-08
  3.623000E+03  1.046998E-05  1.064383E-04 -7.959591E-07  1.912125E-04 -1.699151E-02  2.034939E-08  2.045363E-08
  3.624000E+03  9.960216E-06  1.059943E-04  8.086494E-07  1.920280E-04 -1.854741E-02  2.035038E-08  2.044438E-08
  3.625000E+03  1.098204E-05  1.061903E-04  9.587353E-07  1.916469E-04 -1.093705E-02  2.034983E-08  2.046150E-08
  3.626000E+03  1.059943E-05  1.063915E-04 -7.671930E-07  1.913083E-04 -1.858386E-02  2.035006E-08  2.045712E-08
  3.627000E+03  9.920158E-06  1.059570E-04  5.827934E-07  1.920915E-04 -1.685812E-02  2.035054E-08  2.044307E-08
  3.628000E+03  1.088802E-05  1.062837E-04  1.119668E-06  1.914825E-04 -1.141093E-02  2.035013E-08  2.046043E-08
  3.629000E+03  1.072127E-05  1.063158E-04 -6.825193E-07  1.914502E-04 -1.966246E-02  2.035025E-08  2.045975E-08
  3.630000E+03  9.909752E-06  1.059543E-04  3.468654E-07  1.920846E-04 -1.508034E-02  2.034987E-08  2.044158E-08
  3.631000E+03  1.077613E-05  1.063582E-04  1.236309E-06  1.913487E-04 -1.248292E-02  2.034992E-08  2.045862E-08
  3.632000E+03  1.082950E-05  1.062264E-04 -5.502777E-07  1.916137E-04 -2.010131E-02  2.035032E-08  2.046177E-08
  3.633000E+03  9.924507E-06  1.059860E-04  1.167638E-07  1.920166E-04 -1.348601E-02  2.034923E-08  2.044075E-08
  3.634000E+03  1.065695E-05  1.064056E-04  1.308623E-06  1.912653E-04 -1.396694E-02  2.034971E-08  2.045674E-08
  3.635000E+03  1.091573E-05  1.061362E-04 -3.845753E-07  1.917751E-04 -1.989552E-02  2.035026E-08  2.046304E-08
  3.636000E+03  9.965213E-06  1.060460E-04 -9.133152E-08  1.919015E-04 -1.226724E-02  2.034886E-08  2.044090E-08
  3.637000E+03  1.053656E-05  1.064192E-04  1.329833E-06  1.912419E-04 -1.563955E-02  2.034931E-08  2.045460E-08
  3.638000E+03  1.097653E-05  1.060582E-04 -1.946688E-07  1.919110E-04 -1.908146E-02  2.035003E-08  2.046351E-08
  3.639000E+03  1.003197E-05  1.061250E-04 -2.706108E-07  1.917559E-04 -1.159947E-02  2.034873E-08  2.044200E-08
  3.640000E+03  1.041789E-05  1.063975E-04  1.297220E-06  1.912834E-04 -1.722406E-02  2.034906E-08  2.045250E-08
  3.641000E+03  1.101399E-05  1.060063E-04  1.173933E-08  1.919987E-04 -1.781198E-02  2.034985E-08  2.046351E-08
  3.642000E+03  1.011768E-05  1.062113E-04 -4.192208E-07  1.916063E-04 -1.158592E-02  2.034939E-08  2.044448E-08
  3.643000E+03  1.030810E-05  1.063482E-04  1.218915E-06  1.913816E-04 -1.848797E-02  2.034961E-08  2.045117E-08
  3.644000E+03  1.102675E-05  1.059842E-04  2.214256E-07  1.920326E-04 -1.631933E-02  2.034972E-08  2.046310E-08
  3.645000E+03  1.021615E-05  1.062899E-04 -5.291226E-07  1.914721E-04 -1.216723E-02  2.035005E-08  2.044739E-08
  3.646000E+03  1.021403E-05  1.062796E-04  1.101537E-06  1.915125E-04 -1.929451E-02  2.035008E-08  2.044986E-08
  3.647000E+03  1.101223E-05  1.059904E-04  4.228965E-07  1.920128E-04 -1.482029E-02  2.034928E-08  2.046194E-08
  3.648000E+03  1.032438E-05  1.063482E-04 -5.925220E-07  1.913676E-04 -1.320810E-02  2.034983E-08  2.044969E-08
  3.649000E+03  1.013612E-05  1.062016E-04  9.507230E-07  1.916521E-04 -1.954340E-02  2.034986E-08  2.044797E-08
  3.650000E+03  1.097241E-05  1.060222E-04  6.135002E-07  1.919427E-04 -1.352804E-02  2.034834E-08  2.045994E-08
  3.651000E+03  1.043787E-05  1.063782E-04 -6.096163E-07  1.913078E-04 -1.451435E-02  2.034884E-08  2.045135E-08
  3.652000E+03  1.007547E-05  1.061292E-04  7.745576E-07  1.917788E-04 -1.921180E-02  2.034958E-08  2.044617E-08
  3.653000E+03  1.091159E-05  1.060755E-04  7.874198E-07  1.918400E-04 -1.264212E-02  2.034790E-08  2.045823E-08
  3.654000E+03  1.054844E-05  1.063808E-04 -5.820128E-07  1.913022E-04 -1.587442E-02  2.034833E-08  2.045337E-08
  3.655000E+03  1.003832E-05  1.060735E-04  5.841566E-07  1.918773E-04 -1.843944E-02  2.034964E-08  2.044506E-08
  3.656000E+03  1.083140E-05  1.061412E-04  9.306727E-07  1.917258E-04 -1.223501E-02  2.034849E-08  2.045734E-08
  3.657000E+03  1.065004E-05  1.063597E-04 -5.077965E-07  1.913465E-04 -1.709892E-02  2.034857E-08  2.045587E-08
  3.658000E+03  1.002884E-05  1.060351E-04  3.881245E-07  1.919388E-04 -1.741126E-02  2.034915E-08  2.044391E-08
  3.659000E+03  1.073616E-05  1.062061E-04  1.031214E-06  1.916107E-04 -1.226765E-02  2.034869E-08  2.045591E-08
  3.660000E+03  1.073907E-05  1.063188E-04 -3.925956E-07  1.914214E-04 -1.805689E-02  2.034837E-08  2.045755E-08
  3.661000E+03  1.004559E-05  1.060133E-04  1.948833E-07  1.919602E-04 -1.626518E-02  2.034765E-08  2.044226E-08
  3.662000E+03  1.063304E-05  1.062624E-04  1.085764E-06  1.915015E-04 -1.268264E-02  2.034778E-08  2.045332E-08
  3.663000E+03  1.081122E-05  1.062649E-04 -2.471104E-07  1.915145E-04 -1.866083E-02  2.034773E-08  2.045834E-08
  3.664000E+03  1.008761E-05  1.060120E-04  1.396058E-08  1.919454E-04 -1.510834E-02  2.034618E-08  2.044119E-08
  3.665000E+03  1.052857E-05  1.063077E-04  1.090712E-06  1.914124E-04 -1.342879E-02  2.034677E-08  2.045067E-08
  3.666000E+03  1.086048E-05  1.062081E-04 -7.932874E-08  1.916185E-04 -1.888570E-02  2.034780E-08  2.045927E-08
  3.667000E+03  1.015137E-05  1.060335E-04 -1.395784E-07  1.919033E-04 -1.407432E-02  2.034616E-08  2.044208E-08
  3.668000E+03  1.042978E-05  1.063393E-04  1.047136E-06  1.913581E-04 -1.441285E-02  2.034677E-08  2.044916E-08
  3.669000E+03  1.088439E-05  1.061532E-04  9.873952E-08  1.917242E-04 -1.874565E-02  2.034856E-08  2.046029E-08
  3.670000E+03  1.023005E-05  1.060739E-04 -2.549371E-07  1.918373E-04 -1.326883E-02  2.034715E-08  2.044439E-08
  3.671000E+03  1.034183E-05  1.063519E-04  9.642674E-07  1.913432E-04 -1.551509E-02  2.034726E-08  2.044832E-08
  3.672000E+03  1.088221E-05  1.061014E-04  2.773195E-07  1.918177E-04 -1.825714E-02  2.034875E-08  2.046014E-08
  3.673000E+03  1.031886E-05  1.061286E-04 -3.265311E-07  1.917477E-04 -1.273859E-02  2.034825E-08  2.044714E-08
  3.674000E+03  1.026836E-05  1.063453E-04  8.486789E-07  1.913660E-04 -1.663794E-02  2.034806E-08  2.044801E-08
  3.675000E+03  1.085625E-05  1.060589E-04  4.471587E-07  1.918916E-04 -1.747050E-02  2.034871E-08  2.045926E-08
  3.676000E+03  1.041246E-05  1.061929E-04 -3.544686E-07  1.916422E-04 -1.256601E-02  2.034943E-08  2.045021E-08
  3.677000E+03  1.021250E-05  1.063202E-04  7.083750E-07  1.914294E-04 -1.763626E-02  2.034965E-08  2.044874E-08
  3.678000E+03  1.081161E-05  1.060345E-04  5.976094E-07  1.919383E-04 -1.644629E-02  2.034933E-08  2.045864E-08
  3.679000E+03  1.050309E-05  1.062562E-04 -3.422972E-07  1.915378E-04 -1.283008E-02  2.035040E-08  2.045315E-08
  3.680000E+03  1.017983E-05  1.062779E-04  5.542287E-07  1.915247E-04 -1.833506E-02  2.035142E-08  2.044993E-08
  3.681000E+03  1.075055E-05  1.060317E-04  7.154954E-07  1.919459E-04 -1.533128E-02  2.034996E-08  2.045775E-08
  3.682000E+03  1.058355E-05  1.063053E-04 -2.884485E-07  1.914505E-04 -1.350331E-02  2.035035E-08  2.045498E-08
  3.683000E+03  1.017382E-05  1.062226E-04  3.976831E-07  1.916303E-04 -1.862950E-02  2.035194E-08  2.045024E-08
  3.684000E+03  1.067469E-05  1.060515E-04  7.924767E-07  1.919098E-04 -1.427839E-02  2.035024E-08  2.045631E-08
  3.685000E+03  1.065194E-05  1.063354E-04 -1.945281E-07  1.913944E-04 -1.447141E-02  2.034987E-08  2.045620E-08
  3.686000E+03  1.018964E-05  1.061636E-04  2.467266E-07  1.917322E-04 -1.851474E-02  2.035148E-08  2.044984E-08
  3.687000E+03  1.059171E-05  1.060928E-04  8.316764E-07  1.918378E-04 -1.343296E-02  2.035077E-08  2.045509E-08
  3.688000E+03  1.070516E-05  1.063458E-04 -7.332001E-08  1.913814E-04 -1.558466E-02  2.035014E-08  2.045786E-08
  3.689000E+03  1.022267E-05  1.061115E-04  1.115227E-07  1.918210E-04 -1.802549E-02  2.035111E-08  2.044976E-08
  3.690000E+03  1.051066E-05  1.061476E-04  8.346560E-07  1.917427E-04 -1.295430E-02  2.035132E-08  2.045408E-08
  3.691000E+03  1.073898E-05  1.063340E-04  6.061481E-08  1.914121E-04 -1.664812E-02  2.035079E-08  2.045947E-08
  3.692000E+03  1.027248E-05  1.060722E-04  9.385560E-10  1.918819E-04 -1.723852E-02  2.035030E-08  2.044952E-08
  3.693000E+03  1.043595E-05  1.062014E-04  7.984716E-07  1.916389E-04 -1.289020E-02  2.035062E-08  2.045208E-08
  3.694000E+03  1.075235E-05  1.063025E-04  1.992953E-07  1.914699E-04 -1.747767E-02  2.035062E-08  2.045974E-08
  3.695000E+03  1.033600E-05  1.060506E-04 -8.026366E-08  1.919059E-04 -1.629537E-02  2.034904E-08  2.044909E-08
  3.696000E+03  1.037085E-05  1.062450E-04  7.265358E-07  1.915431E-04 -1.322054E-02  2.034871E-08  2.044914E-08
  3.697000E+03  1.074700E-05  1.062586E-04  3.346945E-07  1.915398E-04 -1.797866E-02  2.034948E-08  2.045855E-08
  3.698000E+03  1.040631E-05  1.060501E-04 -1.296748E-07  1.918935E-04 -1.535338E-02  2.034792E-08  2.044901E-08
  3.699000E+03  1.032030E-05  1.062776E-04  6.284981E-07  1.914716E-04 -1.384850E-02  2.034718E-08  2.044692E-08
  3.700000E+03  1.072405E-05  1.062113E-04  4.558997E-07  1.916161E-04 -1.815613E-02  2.034844E-08  2.045701E-08
  3.701000E+03  1.047877E-05  1.060690E-04 -1.455447E-07  1.918553E-04 -1.452445E-02  2.034775E-08  2.044999E-08
  3.702000E+03  1.028603E-05  1.062995E-04  5.122190E-07  1.914320E-04 -1.465131E-02  2.034695E-08  2.044632E-08
  3.703000E+03  1.068361E-05  1.061657E-04  5.593644E-07  1.916931E-04 -1.805397E-02  2.034791E-08  2.045557E-08
  3.704000E+03  1.055129E-05  1.061016E-04 -1.263402E-07  1.917985E-04 -1.388048E-02  2.034816E-08  2.045168E-08
  3.705000E+03  1.026617E-05  1.063095E-04  3.834813E-07  1.914225E-04 -1.551240E-02  2.034758E-08  2.044684E-08
  3.706000E+03  1.062917E-05  1.061250E-04  6.458397E-07  1.917635E-04 -1.770593E-02  2.034771E-08  2.045412E-08
  3.707000E+03  1.061776E-05  1.061407E-04 -7.381280E-08  1.917284E-04 -1.347651E-02  2.034834E-08  2.045311E-08
  3.708000E+03  1.026190E-05  1.063059E-04  2.535834E-07  1.914380E-04 -1.631984E-02  2.034829E-08  2.044769E-08
  3.709000E+03  1.056622E-05  1.060923E-04  7.082947E-07  1.918198E-04 -1.714373E-02  2.034762E-08  2.045256E-08
  3.710000E+03  1.067073E-05  1.061824E-04  7.367371E-09  1.916509E-04 -1.333960E-02  2.034814E-08  2.045401E-08
  3.711000E+03  1.027727E-05  1.062898E-04  1.340007E-07  1.914741E-04 -1.702219E-02  2.034879E-08  2.044864E-08
  3.712000E+03  1.049698E-05  1.060709E-04  7.366491E-07  1.918577E-04 -1.642326E-02  2.034778E-08  2.045111E-08
  3.713000E+03  1.070717E-05  1.062246E-04  1.153112E-07  1.915724E-04 -1.348887E-02  2.034784E-08  2.045459E-08
  3.714000E+03  1.031245E-05  1.062620E-04  3.067083E-08  1.915297E-04 -1.757369E-02  2.034918E-08  2.044977E-08
  3.715000E+03  1.042639E-05  1.060642E-04  7.263543E-07  1.918725E-04 -1.560501E-02  2.034832E-08  2.045003E-08
  3.716000E+03  1.072840E-05  1.062631E-04  2.390014E-07  1.915035E-04 -1.390881E-02  2.034779E-08  2.045521E-08
  3.717000E+03  1.036382E-05  1.062233E-04 -5.594688E-08  1.916017E-04 -1.790340E-02  2.034931E-08  2.045086E-08
  3.718000E+03  1.035940E-05  1.060740E-04  6.804318E-07  1.918586E-04 -1.476016E-02  2.034899E-08  2.044917E-08
  3.719000E+03  1.073396E-05  1.062947E-04  3.688510E-07  1.914523E-04 -1.457194E-02  2.034820E-08  2.045604E-08
  3.720000E+03  1.042698E-05  1.061761E-04 -1.211518E-07  1.916847E-04 -1.797852E-02  2.034904E-08  2.045168E-08
  3.721000E+03  1.030222E-05  1.060991E-04  6.024477E-07  1.918127E-04 -1.399068E-02  2.034917E-08  2.044808E-08
  3.722000E+03  1.072020E-05  1.063139E-04  4.955212E-07  1.914247E-04 -1.540888E-02  2.034868E-08  2.045661E-08
  3.723000E+03  1.049681E-05  1.061266E-04 -1.532435E-07  1.917679E-04 -1.775728E-02  2.034847E-08  2.045224E-08
  3.724000E+03  1.025982E-05  1.061363E-04  4.983960E-07  1.917374E-04 -1.343565E-02  2.034846E-08  2.044648E-08
  3.725000E+03  1.068639E-05  1.063142E-04  6.096576E-07  1.914282E-04 -1.628269E-02  2.034883E-08  2.045641E-08
  3.726000E+03  1.056958E-05  1.060850E-04 -1.475663E-07  1.918343E-04 -1.721945E-02  2.034773E-08  2.045261E-08
  3.727000E+03  1.023467E-05  1.061808E-04  3.737001E-07  1.916446E-04 -1.323549E-02  2.034720E-08  2.044480E-08
  3.728000E+03  1.063519E-05  1.062934E-04  7.040057E-07  1.914654E-04 -1.706255E-02  2.034855E-08  2.045536E-08
  3.729000E+03  1.064036E-05  1.060629E-04 -1.052355E-07  1.918708E-04 -1.640488E-02  2.034763E-08  2.045356E-08
  3.730000E+03  1.022729E-05  1.062276E-04  2.377713E-07  1.915570E-04 -1.344801E-02  2.034680E-08  2.044444E-08
  3.731000E+03  1.057361E-05  1.062562E-04  7.715042E-07  1.915348E-04 -1.761906E-02  2.034860E-08  2.045431E-08
  3.732000E+03  1.070377E-05  1.060668E-04 -3.575366E-08  1.918717E-04 -1.545772E-02  2.034879E-08  2.045564E-08
  3.733000E+03  1.023695E-05  1.062702E-04  1.020929E-07  1.914944E-04 -1.404220E-02  2.034814E-08  2.044623E-08
  3.734000E+03  1.050614E-05  1.062101E-04  8.098188E-07  1.916256E-04 -1.787252E-02  2.034933E-08  2.045371E-08
  3.735000E+03  1.075360E-05  1.060914E-04  5.717828E-08  1.918372E-04 -1.459216E-02  2.035012E-08  2.045772E-08
  3.736000E+03  1.026495E-05  1.062967E-04 -2.200180E-08  1.914637E-04 -1.486510E-02  2.034972E-08  2.044865E-08
  3.737000E+03  1.043577E-05  1.061619E-04  8.137595E-07  1.917149E-04 -1.775974E-02  2.034961E-08  2.045248E-08
  3.738000E+03  1.078451E-05  1.061262E-04  1.721470E-07  1.917707E-04 -1.398365E-02  2.034990E-08  2.045801E-08
  3.739000E+03  1.031042E-05  1.063002E-04 -1.229962E-07  1.914636E-04 -1.570616E-02  2.035010E-08  2.045016E-08
  3.740000E+03  1.036475E-05  1.061250E-04  7.831628E-07  1.917800E-04 -1.729310E-02  2.034961E-08  2.045086E-08
  3.741000E+03  1.079592E-05  1.061650E-04  3.050857E-07  1.916922E-04 -1.376599E-02  2.034907E-08  2.045747E-08
  3.742000E+03  1.037018E-05  1.062854E-04 -1.970626E-07  1.914935E-04 -1.639751E-02  2.035023E-08  2.045159E-08
  3.743000E+03  1.029674E-05  1.061097E-04  7.212745E-07  1.918130E-04 -1.663255E-02  2.035041E-08  2.045009E-08
  3.744000E+03  1.078855E-05  1.062023E-04  4.480736E-07  1.916282E-04 -1.392781E-02  2.034939E-08  2.045783E-08
  3.745000E+03  1.044000E-05  1.062586E-04 -2.419729E-07  1.915476E-04 -1.684218E-02  2.035070E-08  2.045344E-08
  3.746000E+03  1.023824E-05  1.061127E-04  6.310239E-07  1.918155E-04 -1.593076E-02  2.035149E-08  2.044981E-08
  3.747000E+03  1.076302E-05  1.062320E-04  5.874461E-07  1.915846E-04 -1.434946E-02  2.035031E-08  2.045849E-08
  3.748000E+03  1.051528E-05  1.062258E-04 -2.550893E-07  1.916097E-04 -1.703512E-02  2.035095E-08  2.045508E-08
  3.749000E+03  1.019491E-05  1.061242E-04  5.168260E-07  1.917919E-04 -1.533155E-02  2.035137E-08  2.044869E-08
  3.750000E+03  1.072134E-05  1.062488E-04  7.101836E-07  1.915567E-04 -1.486129E-02  2.035043E-08  2.045803E-08
  3.751000E+03  1.059164E-05  1.061942E-04 -2.366781E-07  1.916614E-04 -1.702281E-02  2.035038E-08  2.045588E-08
  3.752000E+03  1.017164E-05  1.061355E-04  3.832843E-07  1.917535E-04 -1.492587E-02  2.034959E-08  2.044636E-08
  3.753000E+03  1.066639E-05  1.062529E-04  8.039596E-07  1.915397E-04 -1.531120E-02  2.034927E-08  2.045601E-08
  3.754000E+03  1.066354E-05  1.061680E-04 -1.877602E-07  1.916943E-04 -1.688031E-02  2.034891E-08  2.045569E-08
  3.755000E+03  1.016927E-05  1.061449E-04  2.408401E-07  1.917129E-04 -1.468842E-02  2.034715E-08  2.044382E-08
  3.756000E+03  1.060207E-05  1.062491E-04  8.637510E-07  1.915294E-04 -1.567299E-02  2.034733E-08  2.045297E-08
  3.757000E+03  1.072786E-05  1.061489E-04 -1.135511E-07  1.917136E-04 -1.666050E-02  2.034737E-08  2.045527E-08
  3.758000E+03  1.018459E-05  1.061582E-04  9.849912E-08  1.916752E-04 -1.457480E-02  2.034574E-08  2.044269E-08
  3.759000E+03  1.053093E-05  1.062422E-04  8.938402E-07  1.915321E-04 -1.600355E-02  2.034619E-08  2.045057E-08
  3.760000E+03  1.078093E-05  1.061376E-04 -1.600669E-08  1.917297E-04 -1.636265E-02  2.034701E-08  2.045582E-08
  3.761000E+03  1.021411E-05  1.061784E-04 -3.341752E-08  1.916410E-04 -1.458137E-02  2.034598E-08  2.044353E-08
  3.762000E+03  1.045670E-05  1.062319E-04  8.980167E-07  1.915540E-04 -1.630498E-02  2.034645E-08  2.044948E-08
  3.763000E+03  1.081835E-05  1.061324E-04  1.011487E-07  1.917413E-04 -1.600598E-02  2.034735E-08  2.045677E-08
  3.764000E+03  1.025653E-05  1.062007E-04 -1.448823E-07  1.916081E-04 -1.471661E-02  2.034670E-08  2.044515E-08
  3.765000E+03  1.038300E-05  1.062153E-04  8.758449E-07  1.915896E-04 -1.653609E-02  2.034696E-08  2.044860E-08
  3.766000E+03  1.083645E-05  1.061321E-04  2.337462E-07  1.917398E-04 -1.561379E-02  2.034727E-08  2.045693E-08
  3.767000E+03  1.031195E-05  1.062188E-04 -2.286910E-07  1.915773E-04 -1.496755E-02  2.034683E-08  2.044645E-08
  3.768000E+03  1.031512E-05  1.061945E-04  8.225426E-07  1.916302E-04 -1.662646E-02  2.034727E-08  2.044758E-08
  3.769000E+03  1.083499E-05  1.061388E-04  3.713833E-07  1.917231E-04 -1.525638E-02  2.034690E-08  2.045646E-08
  3.770000E+03  1.037834E-05  1.062298E-04 -2.825532E-07  1.915599E-04 -1.527382E-02  2.034700E-08  2.044801E-08
  3.771000E+03  1.025651E-05  1.061773E-04  7.392886E-07  1.916667E-04 -1.657409E-02  2.034787E-08  2.044697E-08
  3.772000E+03  1.081633E-05  1.061533E-04  5.051338E-07  1.916987E-04 -1.503710E-02  2.034715E-08  2.045635E-08
  3.773000E+03  1.045222E-05  1.062323E-04 -3.082693E-07  1.915644E-04 -1.557096E-02  2.034786E-08  2.045036E-08
  3.774000E+03  1.020891E-05  1.061672E-04  6.315563E-07  1.916937E-04 -1.638263E-02  2.034885E-08  2.044693E-08
  3.775000E+03  1.078167E-05  1.061732E-04  6.304252E-07  1.916720E-04 -1.499098E-02  2.034815E-08  2.045674E-08
  3.776000E+03  1.052881E-05  1.062247E-04 -3.041431E-07  1.915893E-04 -1.582020E-02  2.034896E-08  2.045297E-08
  3.777000E+03  1.017536E-05  1.061648E-04  5.063602E-07  1.917057E-04 -1.607222E-02  2.034977E-08  2.044708E-08
  3.778000E+03  1.073172E-05  1.061929E-04  7.405899E-07  1.916460E-04 -1.513042E-02  2.034912E-08  2.045686E-08
  3.779000E+03  1.060298E-05  1.062090E-04 -2.672240E-07  1.916258E-04 -1.597233E-02  2.034979E-08  2.045521E-08
  3.780000E+03  1.015926E-05  1.061701E-04  3.710922E-07  1.916980E-04 -1.574722E-02  2.035007E-08  2.044695E-08
  3.781000E+03  1.066958E-05  1.062046E-04  8.261007E-07  1.916298E-04 -1.538576E-02  2.034957E-08  2.045625E-08
  3.782000E+03  1.066903E-05  1.061924E-04 -1.988654E-07  1.916585E-04 -1.597483E-02  2.035008E-08  2.045672E-08
  3.783000E+03  1.016254E-05  1.061798E-04  2.355714E-07  1.916762E-04 -1.553441E-02  2.034969E-08  2.044657E-08
  3.784000E+03  1.060105E-05  1.062051E-04  8.781376E-07  1.916302E-04 -1.561928E-02  2.034962E-08  2.045508E-08
  3.785000E+03  1.072375E-05  1.061837E-04 -1.079766E-07  1.916750E-04 -1.584330E-02  2.035021E-08  2.045784E-08
  3.786000E+03  1.018468E-05  1.061904E-04  1.066763E-07  1.916530E-04 -1.552968E-02  2.034925E-08  2.044656E-08
  3.787000E+03  1.052979E-05  1.061965E-04  8.946189E-07  1.916458E-04 -1.574570E-02  2.034959E-08  2.045370E-08
  3.788000E+03  1.076630E-05  1.061864E-04 -1.190722E-09  1.916707E-04 -1.566713E-02  2.035032E-08  2.045873E-08
  3.789000E+03  1.022400E-05  1.061948E-04 -1.246908E-08  1.916422E-04 -1.569571E-02  2.034890E-08  2.044700E-08
  3.790000E+03  1.045891E-05  1.061827E-04  8.762515E-07  1.916651E-04 -1.570388E-02  2.034901E-08  2.045171E-08
  3.791000E+03  1.079377E-05  1.061960E-04  1.177236E-07  1.916460E-04 -1.555692E-02  2.034958E-08  2.045853E-08
  3.792000E+03  1.027692E-05  1.061889E-04 -1.129588E-07  1.916457E-04 -1.592131E-02  2.034806E-08  2.044721E-08
  3.793000E+03  1.039324E-05  1.061713E-04  8.260968E-07  1.916745E-04 -1.550649E-02  2.034788E-08  2.044922E-08
  3.794000E+03  1.080322E-05  1.062089E-04  2.416027E-07  1.916113E-04 -1.560116E-02  2.034834E-08  2.045755E-08
  3.795000E+03  1.033789E-05  1.061760E-04 -1.841018E-07  1.916651E-04 -1.608261E-02  2.034760E-08  2.044792E-08
  3.796000E+03  1.033658E-05  1.061722E-04  7.520519E-07  1.916699E-04 -1.523590E-02  2.034765E-08  2.044782E-08
  3.797000E+03  1.079258E-05  1.062185E-04  3.645500E-07  1.915887E-04 -1.583004E-02  2.034772E-08  2.045684E-08
  3.798000E+03  1.040300E-05  1.061604E-04 -2.184248E-07  1.916966E-04 -1.604206E-02  2.034796E-08  2.044946E-08
  3.799000E+03  1.029067E-05  1.061881E-04  6.605095E-07  1.916483E-04 -1.501832E-02  2.034847E-08  2.044771E-08
  3.800000E+03  1.076352E-05  1.062176E-04  4.816611E-07  1.915912E-04 -1.619780E-02  2.034768E-08  2.045638E-08
  3.801000E+03  1.046819E-05  1.061450E-04 -2.158206E-07  1.917256E-04 -1.576814E-02  2.034819E-08  2.045079E-08
  3.802000E+03  1.025610E-05  1.062140E-04  5.590830E-07  1.916093E-04 -1.495277E-02  2.034932E-08  2.044793E-08
  3.803000E+03  1.072135E-05  1.062046E-04  5.872162E-07  1.916179E-04 -1.659961E-02  2.034790E-08  2.045590E-08
  3.804000E+03  1.052998E-05  1.061355E-04 -1.839269E-07  1.917419E-04 -1.531275E-02  2.034823E-08  2.045184E-08
  3.805000E+03  1.023794E-05  1.062417E-04  4.504748E-07  1.915633E-04 -1.510062E-02  2.034969E-08  2.044806E-08
  3.806000E+03  1.066901E-05  1.061836E-04  6.684935E-07  1.916632E-04 -1.687650E-02  2.034859E-08  2.045563E-08
  3.807000E+03  1.058460E-05  1.061380E-04 -1.254970E-07  1.917386E-04 -1.481981E-02  2.034851E-08  2.045302E-08
  3.808000E+03  1.024055E-05  1.062596E-04  3.384887E-07  1.915286E-04 -1.546301E-02  2.034933E-08  2.044789E-08
  3.809000E+03  1.061052E-05  1.061586E-04  7.132915E-07  1.917112E-04 -1.690118E-02  2.034888E-08  2.045475E-08
  3.810000E+03  1.063102E-05  1.061529E-04 -4.767731E-08  1.917117E-04 -1.443226E-02  2.034863E-08  2.045395E-08
  3.811000E+03  1.026095E-05  1.062621E-04  2.277523E-07  1.915155E-04 -1.596382E-02  2.034825E-08  2.044736E-08
  3.812000E+03  1.054999E-05  1.061334E-04  7.240900E-07  1.917498E-04 -1.665128E-02  2.034824E-08  2.045279E-08
  3.813000E+03  1.066704E-05  1.061784E-04  4.313269E-08  1.916654E-04 -1.420746E-02  2.034868E-08  2.045471E-08
  3.814000E+03  1.029376E-05  1.062509E-04  1.273003E-07  1.915276E-04 -1.651097E-02  2.034721E-08  2.044707E-08
  3.815000E+03  1.049263E-05  1.061139E-04  7.072328E-07  1.917747E-04 -1.618783E-02  2.034729E-08  2.045055E-08
  3.816000E+03  1.068823E-05  1.062100E-04  1.402607E-07  1.916080E-04 -1.421835E-02  2.034863E-08  2.045516E-08
  3.817000E+03  1.033457E-05  1.062297E-04  4.980745E-08  1.915647E-04 -1.697560E-02  2.034692E-08  2.044763E-08
  3.818000E+03  1.044179E-05  1.061035E-04  6.687192E-07  1.917845E-04 -1.560341E-02  2.034653E-08  2.044860E-08
  3.819000E+03  1.069373E-05  1.062393E-04  2.377096E-07  1.915501E-04 -1.446888E-02  2.034802E-08  2.045484E-08
  3.820000E+03  1.038152E-05  1.062024E-04 -1.422289E-09  1.916146E-04 -1.726923E-02  2.034691E-08  2.044852E-08
  3.821000E+03  1.039910E-05  1.061028E-04  6.109091E-07  1.917800E-04 -1.498539E-02  2.034612E-08  2.044717E-08
  3.822000E+03  1.068416E-05  1.062614E-04  3.316906E-07  1.915015E-04 -1.489062E-02  2.034696E-08  2.045381E-08
  3.823000E+03  1.043245E-05  1.061727E-04 -2.575447E-08  1.916663E-04 -1.737767E-02  2.034666E-08  2.044919E-08
  3.824000E+03  1.036741E-05  1.061148E-04  5.356785E-07  1.917602E-04 -1.441696E-02  2.034649E-08  2.044677E-08
  3.825000E+03  1.066179E-05  1.062768E-04  4.145017E-07  1.914714E-04 -1.544827E-02  2.034655E-08  2.045321E-08
  3.826000E+03  1.048197E-05  1.061420E-04 -2.317929E-08  1.917233E-04 -1.726843E-02  2.034686E-08  2.045021E-08
  3.827000E+03  1.034954E-05  1.061424E-04  4.514677E-07  1.917211E-04 -1.396755E-02  2.034776E-08  2.044762E-08
  3.828000E+03  1.062949E-05  1.062835E-04  4.780566E-07  1.914693E-04 -1.612004E-02  2.034739E-08  2.045367E-08
  3.829000E+03  1.052608E-05  1.061118E-04  3.984519E-09  1.917842E-04 -1.689620E-02  2.034766E-08  2.045165E-08
  3.830000E+03  1.034538E-05  1.061817E-04  3.663877E-07  1.916608E-04 -1.371194E-02  2.034895E-08  2.044873E-08
  3.831000E+03  1.058808E-05  1.062777E-04  5.218486E-07  1.914927E-04 -1.685371E-02  2.034852E-08  2.045423E-08
  3.832000E+03  1.056378E-05  1.060844E-04  5.494212E-08  1.918376E-04 -1.628641E-02  2.034828E-08  2.045272E-08
  3.833000E+03  1.035418E-05  1.062251E-04  2.830890E-07  1.915838E-04 -1.369211E-02  2.034909E-08  2.044915E-08
  3.834000E+03  1.053889E-05  1.062550E-04  5.462374E-07  1.915376E-04 -1.753087E-02  2.034869E-08  2.045363E-08
  3.835000E+03  1.059324E-05  1.060677E-04  1.285837E-07  1.918685E-04 -1.545996E-02  2.034861E-08  2.045333E-08
  3.836000E+03  1.037435E-05  1.062697E-04  2.066326E-07  1.915032E-04 -1.396815E-02  2.034900E-08  2.044964E-08
  3.837000E+03  1.048749E-05  1.062166E-04  5.496788E-07  1.916089E-04 -1.801672E-02  2.034875E-08  2.045275E-08
  3.838000E+03  1.061108E-05  1.060733E-04  2.165912E-07  1.918656E-04 -1.452084E-02  2.034968E-08  2.045447E-08
  3.839000E+03  1.040453E-05  1.063117E-04  1.449789E-07  1.914377E-04 -1.463926E-02  2.034988E-08  2.045143E-08
  3.840000E+03  1.044011E-05  1.061677E-04  5.295896E-07  1.917091E-04 -1.816619E-02  2.034995E-08  2.045296E-08
  3.841000E+03  1.061604E-05  1.061048E-04  3.075646E-07  1.918217E-04 -1.365752E-02  2.035132E-08  2.045603E-08
  3.842000E+03  1.044535E-05  1.063355E-04  1.000786E-07  1.914083E-04 -1.563116E-02  2.035100E-08  2.045370E-08
  3.843000E+03  1.039945E-05  1.061147E-04  4.823333E-07  1.918125E-04 -1.784873E-02  2.035088E-08  2.045285E-08
  3.844000E+03  1.060867E-05  1.061517E-04  3.955755E-07  1.917357E-04 -1.309120E-02  2.035132E-08  2.045586E-08
  3.845000E+03  1.049479E-05  1.063281E-04  7.260217E-08  1.914177E-04 -1.671365E-02  2.035023E-08  2.045420E-08
  3.846000E+03  1.036943E-05  1.060673E-04  4.086863E-07  1.918854E-04 -1.707606E-02  2.034979E-08  2.045081E-08
  3.847000E+03  1.059063E-05  1.062062E-04  4.713407E-07  1.916210E-04 -1.294535E-02  2.034964E-08  2.045397E-08
  3.848000E+03  1.054523E-05  1.062928E-04  6.569399E-08  1.914659E-04 -1.768572E-02  2.034827E-08  2.045343E-08
  3.849000E+03  1.035436E-05  1.060396E-04  3.202227E-07  1.919166E-04 -1.598864E-02  2.034815E-08  2.044846E-08
  3.850000E+03  1.056042E-05  1.062642E-04  5.274631E-07  1.915062E-04 -1.326939E-02  2.034846E-08  2.045251E-08
  3.851000E+03  1.059144E-05  1.062407E-04  8.684466E-08  1.915544E-04 -1.837485E-02  2.034744E-08  2.045357E-08
  3.852000E+03  1.035576E-05  1.060390E-04  2.261612E-07  1.919072E-04 -1.481089E-02  2.034741E-08  2.044737E-08
  3.853000E+03  1.051606E-05  1.063132E-04  5.626002E-07  1.914166E-04 -1.402031E-02  2.034812E-08  2.045171E-08
  3.854000E+03  1.063019E-05  1.061802E-04  1.428301E-07  1.916650E-04 -1.863587E-02  2.034750E-08  2.045430E-08
  3.855000E+03  1.036963E-05  1.060653E-04  1.364316E-07  1.918568E-04 -1.375804E-02  2.034743E-08  2.044738E-08
  3.856000E+03  1.046339E-05  1.063395E-04  5.797979E-07  1.913663E-04 -1.510420E-02  2.034748E-08  2.045050E-08
  3.857000E+03  1.065897E-05  1.061189E-04  2.240507E-07  1.917755E-04 -1.834129E-02  2.034758E-08  2.045467E-08
  3.858000E+03  1.039373E-05  1.061156E-04  5.798119E-08  1.917666E-04 -1.301683E-02  2.034771E-08  2.044802E-08
  3.859000E+03  1.040919E-05  1.063377E-04  5.777358E-07  1.913674E-04 -1.633935E-02  2.034684E-08  2.044922E-08
  3.860000E+03  1.067364E-05  1.060688E-04  3.204207E-07  1.918635E-04 -1.754891E-02  2.034760E-08  2.045460E-08
  3.861000E+03  1.043142E-05  1.061798E-04 -3.734406E-09  1.916539E-04 -1.273942E-02  2.034813E-08  2.044924E-08
  3.862000E+03  1.035746E-05  1.063109E-04  5.462717E-07  1.914202E-04 -1.745894E-02  2.034695E-08  2.044862E-08
  3.863000E+03  1.067352E-05  1.060377E-04  4.244756E-07  1.919142E-04 -1.646844E-02  2.034739E-08  2.045398E-08
  3.864000E+03  1.048244E-05  1.062434E-04 -4.713833E-08  1.915403E-04 -1.294197E-02  2.034819E-08  2.045052E-08
  3.865000E+03  1.031056E-05  1.062659E-04  4.838750E-07  1.915084E-04 -1.825627E-02  2.034742E-08  2.044832E-08
  3.866000E+03  1.066121E-05  1.060295E-04  5.292393E-07  1.919243E-04 -1.528609E-02  2.034726E-08  2.045324E-08
  3.867000E+03  1.054117E-05  1.062960E-04 -7.266699E-08  1.914425E-04 -1.358015E-02  2.034770E-08  2.045151E-08
  3.868000E+03  1.027220E-05  1.062113E-04  3.986742E-07  1.916135E-04 -1.863982E-02  2.034798E-08  2.044810E-08
  3.869000E+03  1.063572E-05  1.060474E-04  6.281417E-07  1.918955E-04 -1.417572E-02  2.034798E-08  2.045320E-08
  3.870000E+03  1.060151E-05  1.063305E-04 -7.306129E-08  1.913802E-04 -1.455226E-02  2.034739E-08  2.045276E-08
  3.871000E+03  1.024886E-05  1.061538E-04  2.973882E-07  1.917203E-04 -1.856857E-02  2.034834E-08  2.044782E-08
  3.872000E+03  1.059530E-05  1.060887E-04  7.096078E-07  1.918290E-04 -1.330957E-02  2.034909E-08  2.045339E-08
  3.873000E+03  1.065873E-05  1.063425E-04 -4.081188E-08  1.913645E-04 -1.568556E-02  2.034768E-08  2.045455E-08
  3.874000E+03  1.024311E-05  1.060995E-04  1.873301E-07  1.918157E-04 -1.805878E-02  2.034823E-08  2.044727E-08
  3.875000E+03  1.054169E-05  1.061427E-04  7.670268E-07  1.917318E-04 -1.280233E-02  2.034926E-08  2.045255E-08
  3.876000E+03  1.070979E-05  1.063318E-04  2.323116E-08  1.913880E-04 -1.680407E-02  2.034775E-08  2.045594E-08
  3.877000E+03  1.025470E-05  1.060537E-04  7.480658E-08  1.918882E-04 -1.719915E-02  2.034744E-08  2.044629E-08
  3.878000E+03  1.047964E-05  1.062023E-04  7.968389E-07  1.916141E-04 -1.270426E-02  2.034821E-08  2.045047E-08
  3.879000E+03  1.075196E-05  1.063001E-04  1.118484E-07  1.914458E-04 -1.777786E-02  2.034749E-08  2.045673E-08
  3.880000E+03  1.028304E-05  1.060278E-04 -3.417407E-08  1.919287E-04 -1.608750E-02  2.034715E-08  2.044611E-08
  3.881000E+03  1.041321E-05  1.062610E-04  7.967137E-07  1.915003E-04 -1.305962E-02  2.034727E-08  2.044855E-08
  3.882000E+03  1.078335E-05  1.062516E-04  2.184703E-07  1.915362E-04 -1.844653E-02  2.034756E-08  2.045749E-08
  3.883000E+03  1.032640E-05  1.060322E-04 -1.343425E-07  1.919269E-04 -1.489098E-02  2.034817E-08  2.044757E-08
  3.884000E+03  1.034711E-05  1.063113E-04  7.661385E-07  1.914159E-04 -1.386952E-02  2.034772E-08  2.044814E-08
  3.885000E+03  1.080134E-05  1.061915E-04  3.358952E-07  1.916523E-04 -1.867852E-02  2.034829E-08  2.045849E-08
  3.886000E+03  1.038184E-05  1.060628E-04 -2.179242E-07  1.918765E-04 -1.382841E-02  2.034901E-08  2.044921E-08
  3.887000E+03  1.028343E-05  1.063406E-04  7.092249E-07  1.913719E-04 -1.497611E-02  2.034832E-08  2.044795E-08
  3.888000E+03  1.080387E-05  1.061284E-04  4.616975E-07  1.917685E-04 -1.840263E-02  2.034863E-08  2.045864E-08
  3.889000E+03  1.044655E-05  1.061110E-04 -2.783766E-07  1.917848E-04 -1.307047E-02  2.034874E-08  2.045007E-08
  3.890000E+03  1.022379E-05  1.063426E-04  6.302242E-07  1.913703E-04 -1.617051E-02  2.034816E-08  2.044703E-08
  3.891000E+03  1.078888E-05  1.060759E-04  5.943634E-07  1.918624E-04 -1.765122E-02  2.034881E-08  2.045817E-08
  3.892000E+03  1.051633E-05  1.061736E-04 -3.079543E-07  1.916703E-04 -1.276154E-02  2.034867E-08  2.045141E-08
  3.893000E+03  1.017393E-05  1.063188E-04  5.326691E-07  1.914187E-04 -1.728556E-02  2.034836E-08  2.044656E-08
  3.894000E+03  1.075562E-05  1.060480E-04  7.230032E-07  1.919204E-04 -1.654787E-02  2.034999E-08  2.045831E-08
  3.895000E+03  1.058881E-05  1.062418E-04 -3.031380E-07  1.915588E-04 -1.299651E-02  2.034985E-08  2.045423E-08
  3.896000E+03  1.013866E-05  1.062741E-04  4.171964E-07  1.915146E-04 -1.811060E-02  2.034970E-08  2.044734E-08
  3.897000E+03  1.070416E-05  1.060471E-04  8.379111E-07  1.919292E-04 -1.535112E-02  2.035113E-08  2.045810E-08
  3.898000E+03  1.066473E-05  1.062965E-04 -2.646858E-07  1.914710E-04 -1.369429E-02  2.035078E-08  2.045700E-08
  3.899000E+03  1.012022E-05  1.062152E-04  2.804267E-07  1.916292E-04 -1.845808E-02  2.035047E-08  2.044768E-08
  3.900000E+03  1.064109E-05  1.060672E-04  9.289328E-07  1.918855E-04 -1.429369E-02  2.035067E-08  2.045618E-08
  3.901000E+03  1.073948E-05  1.063244E-04 -2.019047E-07  1.914145E-04 -1.468647E-02  2.034984E-08  2.045789E-08
  3.902000E+03  1.011891E-05  1.061555E-04  1.313320E-07  1.917339E-04 -1.826077E-02  2.035022E-08  2.044715E-08
  3.903000E+03  1.057098E-05  1.061072E-04  9.915362E-07  1.918021E-04 -1.356465E-02  2.034970E-08  2.045378E-08
  3.904000E+03  1.080599E-05  1.063240E-04 -1.179295E-07  1.914045E-04 -1.578354E-02  2.034835E-08  2.045805E-08
  3.905000E+03  1.013908E-05  1.061093E-04 -1.956740E-08  1.918106E-04 -1.761214E-02  2.034973E-08  2.044669E-08
  3.906000E+03  1.049216E-05  1.061601E-04  1.018439E-06  1.917037E-04 -1.327391E-02  2.034950E-08  2.045213E-08
  3.907000E+03  1.085796E-05  1.063008E-04 -4.012318E-09  1.914426E-04 -1.677145E-02  2.034764E-08  2.045860E-08
  3.908000E+03  1.018047E-05  1.060822E-04 -1.594083E-07  1.918507E-04 -1.671940E-02  2.034909E-08  2.044645E-08
  3.909000E+03  1.040703E-05  1.062123E-04  1.008118E-06  1.916087E-04 -1.341993E-02  2.034937E-08  2.045057E-08
  3.910000E+03  1.089298E-05  1.062614E-04  1.370905E-07  1.915141E-04 -1.744806E-02  2.034746E-08  2.045922E-08
  3.911000E+03  1.023686E-05  1.060740E-04 -2.780258E-07  1.918514E-04 -1.577959E-02  2.034791E-08  2.044602E-08
  3.912000E+03  1.032203E-05  1.062519E-04  9.675307E-07  1.915281E-04 -1.393110E-02  2.034824E-08  2.044809E-08
  3.913000E+03  1.090897E-05  1.062158E-04  2.942079E-07  1.915967E-04 -1.771670E-02  2.034740E-08  2.045944E-08
  3.914000E+03  1.030480E-05  1.060843E-04 -3.682874E-07  1.918203E-04 -1.495112E-02  2.034685E-08  2.044601E-08
  3.915000E+03  1.024587E-05  1.062733E-04  8.961559E-07  1.914761E-04 -1.466037E-02  2.034662E-08  2.044530E-08
  3.916000E+03  1.090312E-05  1.061739E-04  4.522520E-07  1.916725E-04 -1.759806E-02  2.034747E-08  2.045927E-08
  3.917000E+03  1.038294E-05  1.061116E-04 -4.233888E-07  1.917700E-04 -1.435312E-02  2.034693E-08  2.044745E-08
  3.918000E+03  1.018168E-05  1.062768E-04  7.940726E-07  1.914623E-04 -1.547034E-02  2.034556E-08  2.044327E-08
  3.919000E+03  1.087849E-05  1.061397E-04  6.023127E-07  1.917317E-04 -1.718400E-02  2.034735E-08  2.045846E-08
  3.920000E+03  1.046855E-05  1.061485E-04 -4.471399E-07  1.917058E-04 -1.405377E-02  2.034727E-08  2.044942E-08
  3.921000E+03  1.013072E-05  1.062647E-04  6.656452E-07  1.914832E-04 -1.620176E-02  2.034523E-08  2.044214E-08
  3.922000E+03  1.083768E-05  1.061156E-04  7.396346E-07  1.917673E-04 -1.660132E-02  2.034670E-08  2.045681E-08
  3.923000E+03  1.055662E-05  1.061852E-04 -4.404859E-07  1.916366E-04 -1.405953E-02  2.034696E-08  2.045089E-08
  3.924000E+03  1.009624E-05  1.062436E-04  5.181799E-07  1.915267E-04 -1.672248E-02  2.034564E-08  2.044196E-08
  3.925000E+03  1.078137E-05  1.061063E-04  8.570948E-07  1.917807E-04 -1.597553E-02  2.034654E-08  2.045537E-08
  3.926000E+03  1.064222E-05  1.062170E-04 -4.005763E-07  1.915789E-04 -1.432203E-02  2.034686E-08  2.045260E-08
  3.927000E+03  1.007910E-05  1.062203E-04  3.608400E-07  1.915826E-04 -1.699441E-02  2.034702E-08  2.044300E-08
  3.928000E+03  1.071229E-05  1.061122E-04  9.506389E-07  1.917787E-04 -1.539672E-02  2.034765E-08  2.045500E-08
  3.929000E+03  1.071913E-05  1.062404E-04 -3.275666E-07  1.915422E-04 -1.476655E-02  2.034729E-08  2.045472E-08
  3.930000E+03  1.007950E-05  1.061947E-04  2.059357E-07  1.916418E-04 -1.702954E-02  2.034839E-08  2.044429E-08
  3.931000E+03  1.063503E-05  1.061298E-04  1.015926E-06  1.917579E-04 -1.491572E-02  2.034897E-08  2.045474E-08
  3.932000E+03  1.078291E-05  1.062515E-04 -2.268841E-07  1.915283E-04 -1.530372E-02  2.034779E-08  2.045664E-08
  3.933000E+03  1.009852E-05  1.061695E-04  6.150621E-08  1.916941E-04 -1.684067E-02  2.034918E-08  2.044527E-08
  3.934000E+03  1.055170E-05  1.061556E-04  1.049021E-06  1.917178E-04 -1.462092E-02  2.034973E-08  2.045388E-08
  3.935000E+03  1.083369E-05  1.062499E-04 -1.028742E-07  1.915389E-04 -1.582751E-02  2.034844E-08  2.045843E-08
  3.936000E+03  1.013551E-05  1.061535E-04 -7.217701E-08  1.917317E-04 -1.645831E-02  2.035023E-08  2.044683E-08
  3.937000E+03  1.046734E-05  1.061863E-04  1.046860E-06  1.916714E-04 -1.460073E-02  2.035071E-08  2.045332E-08
  3.938000E+03  1.087026E-05  1.062366E-04  3.533894E-08  1.915754E-04 -1.624182E-02  2.034964E-08  2.046043E-08
  3.939000E+03  1.018842E-05  1.061499E-04 -1.909283E-07  1.917469E-04 -1.597855E-02  2.035132E-08  2.044873E-08
  3.940000E+03  1.038798E-05  1.062133E-04  1.008440E-06  1.916309E-04 -1.483696E-02  2.035152E-08  2.045274E-08
  3.941000E+03  1.088885E-05  1.062135E-04  1.789009E-07  1.916247E-04 -1.646679E-02  2.035038E-08  2.046154E-08
  3.942000E+03  1.025500E-05  1.061544E-04 -2.852517E-07  1.917352E-04 -1.551871E-02  2.035108E-08  2.044960E-08
  3.943000E+03  1.031703E-05  1.062275E-04  9.353501E-07  1.916005E-04 -1.521853E-02  2.035089E-08  2.045090E-08
  3.944000E+03  1.088790E-05  1.061866E-04  3.222943E-07  1.916709E-04 -1.642801E-02  2.035015E-08  2.046123E-08
  3.945000E+03  1.032858E-05  1.061666E-04 -3.463003E-07  1.917000E-04 -1.519059E-02  2.034978E-08  2.044963E-08
  3.946000E+03  1.025620E-05  1.062264E-04  8.395474E-07  1.915885E-04 -1.565611E-02  2.034926E-08  2.044824E-08
  3.947000E+03  1.086959E-05  1.061678E-04  4.601979E-07  1.917034E-04 -1.612570E-02  2.035009E-08  2.046069E-08
  3.948000E+03  1.040442E-05  1.061874E-04 -3.743748E-07  1.916560E-04 -1.511948E-02  2.034912E-08  2.045044E-08
  3.949000E+03  1.020655E-05  1.062118E-04  7.296354E-07  1.916055E-04 -1.604770E-02  2.034814E-08  2.044624E-08
  3.950000E+03  1.083386E-05  1.061644E-04  5.905204E-07  1.917122E-04 -1.568460E-02  2.035051E-08  2.046029E-08
  3.951000E+03  1.048130E-05  1.062088E-04 -3.683680E-07  1.916217E-04 -1.531729E-02  2.034952E-08  2.045242E-08
  3.952000E+03  1.017198E-05  1.061870E-04  6.047134E-07  1.916450E-04 -1.625061E-02  2.034753E-08  2.044494E-08
  3.953000E+03  1.078357E-05  1.061719E-04  7.030123E-07  1.916907E-04 -1.527841E-02  2.034979E-08  2.045851E-08
  3.954000E+03  1.055489E-05  1.062189E-04 -3.302652E-07  1.916028E-04 -1.566438E-02  2.034933E-08  2.045378E-08
  3.955000E+03  1.015451E-05  1.061616E-04  4.718006E-07  1.916859E-04 -1.616357E-02  2.034703E-08  2.044398E-08
  3.956000E+03  1.072629E-05  1.061861E-04  7.871349E-07  1.916476E-04 -1.506437E-02  2.034800E-08  2.045563E-08
  3.957000E+03  1.062131E-05  1.062136E-04 -2.720012E-07  1.916023E-04 -1.604330E-02  2.034815E-08  2.045398E-08
  3.958000E+03  1.015355E-05  1.061475E-04  3.391413E-07  1.917121E-04 -1.580829E-02  2.034721E-08  2.044396E-08
  3.959000E+03  1.066452E-05  1.062064E-04  8.419028E-07  1.916028E-04 -1.512018E-02  2.034712E-08  2.045365E-08
  3.960000E+03  1.067709E-05  1.061948E-04 -1.955971E-07  1.916270E-04 -1.635716E-02  2.034706E-08  2.045401E-08
  3.961000E+03  1.017011E-05  1.061521E-04  2.128945E-07  1.917135E-04 -1.530707E-02  2.034840E-08  2.044528E-08
  3.962000E+03  1.059972E-05  1.062261E-04  8.640732E-07  1.915745E-04 -1.545574E-02  2.034778E-08  2.045323E-08
  3.963000E+03  1.071986E-05  1.061658E-04 -1.019868E-07  1.916728E-04 -1.646794E-02  2.034634E-08  2.045407E-08
  3.964000E+03  1.019990E-05  1.061713E-04  1.014728E-07  1.916816E-04 -1.485999E-02  2.034884E-08  2.044617E-08
  3.965000E+03  1.053553E-05  1.062349E-04  8.591382E-07  1.915680E-04 -1.596159E-02  2.034861E-08  2.045300E-08
  3.966000E+03  1.074710E-05  1.061351E-04  3.695943E-09  1.917216E-04 -1.628405E-02  2.034569E-08  2.045382E-08
  3.967000E+03  1.023989E-05  1.061963E-04  1.251258E-08  1.916241E-04 -1.462592E-02  2.034760E-08  2.044568E-08
  3.968000E+03  1.047585E-05  1.062267E-04  8.298365E-07  1.915809E-04 -1.647280E-02  2.034824E-08  2.045162E-08
  3.969000E+03  1.075533E-05  1.061147E-04  1.165791E-07  1.917542E-04 -1.581450E-02  2.034540E-08  2.045349E-08
  3.970000E+03  1.028894E-05  1.062236E-04 -4.599069E-08  1.915614E-04 -1.469315E-02  2.034615E-08  2.044526E-08
  3.971000E+03  1.042417E-05  1.062037E-04  7.754792E-07  1.916145E-04 -1.687882E-02  2.034727E-08  2.044972E-08
  3.972000E+03  1.074748E-05  1.061133E-04  2.271319E-07  1.917624E-04 -1.516378E-02  2.034621E-08  2.045395E-08
  3.973000E+03  1.034185E-05  1.062505E-04 -7.548752E-08  1.915146E-04 -1.505363E-02  2.034622E-08  2.044652E-08
  3.974000E+03  1.038380E-05  1.061706E-04  7.036996E-07  1.916684E-04 -1.709646E-02  2.034656E-08  2.044821E-08
  3.975000E+03  1.072921E-05  1.061299E-04  3.238908E-07  1.917421E-04 -1.449541E-02  2.034744E-08  2.045467E-08
  3.976000E+03  1.039341E-05  1.062683E-04 -8.288589E-08  1.914914E-04 -1.563752E-02  2.034698E-08  2.044849E-08
  3.977000E+03  1.035741E-05  1.061328E-04  6.226754E-07  1.917304E-04 -1.702258E-02  2.034593E-08  2.044693E-08
  3.978000E+03  1.070203E-05  1.061597E-04  4.001728E-07  1.916903E-04 -1.400290E-02  2.034780E-08  2.045445E-08
  3.979000E+03  1.044320E-05  1.062714E-04 -7.086520E-08  1.914950E-04 -1.631797E-02  2.034772E-08  2.045040E-08
  3.980000E+03  1.034314E-05  1.061012E-04  5.348383E-07  1.917857E-04 -1.662906E-02  2.034588E-08  2.044637E-08
  3.981000E+03  1.066817E-05  1.061987E-04  4.578140E-07  1.916210E-04 -1.381534E-02  2.034795E-08  2.045401E-08
  3.982000E+03  1.048839E-05  1.062587E-04 -4.148716E-08  1.915276E-04 -1.697359E-02  2.034855E-08  2.045225E-08
  3.983000E+03  1.033907E-05  1.060843E-04  4.475093E-07  1.918236E-04 -1.597386E-02  2.034688E-08  2.044702E-08
  3.984000E+03  1.063236E-05  1.062399E-04  4.966302E-07  1.915515E-04 -1.397909E-02  2.034843E-08  2.045397E-08
  3.985000E+03  1.052332E-05  1.062306E-04  5.800917E-10  1.915853E-04 -1.748023E-02  2.034911E-08  2.045357E-08
  3.986000E+03  1.034480E-05  1.060840E-04  3.724324E-07  1.918328E-04 -1.517968E-02  2.034805E-08  2.044802E-08
  3.987000E+03  1.059633E-05  1.062747E-04  5.159391E-07  1.914932E-04 -1.445879E-02  2.034875E-08  2.045385E-08
  3.988000E+03  1.054623E-05  1.061895E-04  5.337190E-08  1.916584E-04 -1.771518E-02  2.034892E-08  2.045378E-08
  3.989000E+03  1.036055E-05  1.061022E-04  3.129183E-07  1.918070E-04 -1.437150E-02  2.034903E-08  2.044908E-08
  3.990000E+03  1.056020E-05  1.062979E-04  5.152146E-07  1.914569E-04 -1.519923E-02  2.034912E-08  2.045382E-08
  3.991000E+03  1.055868E-05  1.061432E-04  1.153301E-07  1.917388E-04 -1.760997E-02  2.034861E-08  2.045355E-08
  3.992000E+03  1.038458E-05  1.061383E-04  2.673286E-07  1.917480E-04 -1.371817E-02  2.034989E-08  2.045028E-08
  3.993000E+03  1.052714E-05  1.063067E-04  4.952126E-07  1.914517E-04 -1.610652E-02  2.034996E-08  2.045434E-08
  3.994000E+03  1.056227E-05  1.061005E-04  1.786970E-07  1.918148E-04 -1.718059E-02  2.034864E-08  2.045340E-08
  3.995000E+03  1.041301E-05  1.061866E-04  2.358002E-07  1.916659E-04 -1.335416E-02  2.035055E-08  2.045149E-08
  3.996000E+03  1.050107E-05  1.062976E-04  4.603848E-07  1.914795E-04 -1.703064E-02  2.035086E-08  2.045500E-08
  3.997000E+03  1.055546E-05  1.060661E-04  2.369039E-07  1.918743E-04 -1.645323E-02  2.034861E-08  2.045293E-08
  3.998000E+03  1.044277E-05  1.062395E-04  2.240233E-07  1.915689E-04 -1.334028E-02  2.035038E-08  2.045204E-08
  3.999000E+03  1.048602E-05  1.062677E-04  4.134509E-07  1.915372E-04 -1.783148E-02  2.035099E-08  2.045500E-08
  4.000000E+03  1.053785E-05  1.060490E-04  2.822077E-07  1.919049E-04 -1.545619E-02  2.034889E-08  2.045253E-08
  4.001000E+03  1.047000E-05  1.062891E-04  2.361060E-07  1.914717E-04 -1.376819E-02  2.034943E-08  2.045190E-08
  4.002000E+03  1.048277E-05  1.062183E-04  3.615244E-07  1.916226E-04 -1.833433E-02  2.035041E-08  2.045438E-08
  4.003000E+03  1.051191E-05  1.060592E-04  3.109356E-07  1.918908E-04 -1.434770E-02  2.034969E-08  2.045251E-08
  4.004000E+03  1.049333E-05  1.063280E-04  2.682744E-07  1.914001E-04 -1.463311E-02  2.034900E-08  2.045231E-08
  4.005000E+03  1.048984E-05  1.061557E-04  3.086066E-07  1.917265E-04 -1.843000E-02  2.034941E-08  2.045337E-08
  4.006000E+03  1.048081E-05  1.060952E-04  3.233419E-07  1.918280E-04 -1.333749E-02  2.035022E-08  2.045224E-08
  4.007000E+03  1.050936E-05  1.063481E-04  3.170498E-07  1.913679E-04 -1.578255E-02  2.034907E-08  2.045313E-08
  4.008000E+03  1.050681E-05  1.060886E-04  2.618653E-07  1.918308E-04 -1.807774E-02  2.034774E-08  2.045175E-08
  4.009000E+03  1.045205E-05  1.061486E-04  3.138375E-07  1.917206E-04 -1.263135E-02  2.034925E-08  2.045066E-08
  4.010000E+03  1.051237E-05  1.063410E-04  3.722654E-07  1.913788E-04 -1.700951E-02  2.034847E-08  2.045298E-08
  4.011000E+03  1.053302E-05  1.060304E-04  2.333801E-07  1.919136E-04 -1.725268E-02  2.034564E-08  2.044975E-08
  4.012000E+03  1.042940E-05  1.062112E-04  2.805438E-07  1.915845E-04 -1.241927E-02  2.034686E-08  2.044797E-08
  4.013000E+03  1.050255E-05  1.063048E-04  4.261728E-07  1.914347E-04 -1.809969E-02  2.034710E-08  2.045170E-08
  4.014000E+03  1.056592E-05  1.059989E-04  2.249654E-07  1.919560E-04 -1.603445E-02  2.034451E-08  2.044880E-08
  4.015000E+03  1.041359E-05  1.062753E-04  2.279664E-07  1.914516E-04 -1.282247E-02  2.034491E-08  2.044605E-08
  4.016000E+03  1.048355E-05  1.062443E-04  4.742139E-07  1.915346E-04 -1.885284E-02  2.034583E-08  2.045016E-08
  4.017000E+03  1.060050E-05  1.060047E-04  2.335674E-07  1.919461E-04 -1.462371E-02  2.034502E-08  2.044953E-08
  4.018000E+03  1.040666E-05  1.063294E-04  1.644203E-07  1.913531E-04 -1.380705E-02  2.034451E-08  2.044598E-08
  4.019000E+03  1.045661E-05  1.061679E-04  5.111834E-07  1.916641E-04 -1.910067E-02  2.034487E-08  2.044857E-08
  4.020000E+03  1.063202E-05  1.060439E-04  2.607347E-07  1.918786E-04 -1.331167E-02  2.034576E-08  2.045058E-08
  4.021000E+03  1.041171E-05  1.063612E-04  9.674757E-08  1.913056E-04 -1.515043E-02  2.034516E-08  2.044723E-08
  4.022000E+03  1.041958E-05  1.060895E-04  5.327188E-07  1.917974E-04 -1.876926E-02  2.034411E-08  2.044680E-08
  4.023000E+03  1.065823E-05  1.061076E-04  3.127063E-07  1.917613E-04 -1.239044E-02  2.034577E-08  2.045100E-08
  4.024000E+03  1.043012E-05  1.063635E-04  2.832502E-08  1.913159E-04 -1.659177E-02  2.034623E-08  2.044911E-08
  4.025000E+03  1.037478E-05  1.060272E-04  5.340498E-07  1.919094E-04 -1.786859E-02  2.034437E-08  2.044575E-08
  4.026000E+03  1.067603E-05  1.061869E-04  3.875135E-07  1.916198E-04 -1.206096E-02  2.034604E-08  2.045175E-08
  4.027000E+03  1.046065E-05  1.063347E-04 -3.354326E-08  1.913854E-04 -1.790867E-02  2.034765E-08  2.045144E-08
  4.028000E+03  1.032791E-05  1.059952E-04  5.128094E-07  1.919799E-04 -1.652253E-02  2.034616E-08  2.044613E-08
  4.029000E+03  1.068285E-05  1.062679E-04  4.758644E-07  1.914842E-04 -1.240356E-02  2.034706E-08  2.045325E-08
  4.030000E+03  1.050119E-05  1.062785E-04 -8.194661E-08  1.915016E-04 -1.887612E-02  2.034888E-08  2.045358E-08
  4.031000E+03  1.028439E-05  1.059975E-04  4.685694E-07  1.919925E-04 -1.498572E-02  2.034844E-08  2.044709E-08
  4.032000E+03  1.067698E-05  1.063355E-04  5.683329E-07  1.913779E-04 -1.332732E-02  2.034846E-08  2.045505E-08
  4.033000E+03  1.055045E-05  1.062032E-04 -1.122967E-07  1.916440E-04 -1.931348E-02  2.034941E-08  2.045498E-08
  4.034000E+03  1.024642E-05  1.060314E-04  4.020727E-07  1.919420E-04 -1.353475E-02  2.035001E-08  2.044756E-08
  4.035000E+03  1.065849E-05  1.063787E-04  6.604544E-07  1.913157E-04 -1.464851E-02  2.034973E-08  2.045653E-08
  4.036000E+03  1.060654E-05  1.061231E-04 -1.231197E-07  1.917890E-04 -1.913882E-02  2.034951E-08  2.045589E-08
  4.037000E+03  1.021520E-05  1.060905E-04  3.160942E-07  1.918381E-04 -1.244392E-02  2.035063E-08  2.044740E-08
  4.038000E+03  1.062778E-05  1.063901E-04  7.494639E-07  1.913070E-04 -1.614727E-02  2.035053E-08  2.045726E-08
  4.039000E+03  1.066545E-05  1.060533E-04 -1.118276E-07  1.919107E-04 -1.839054E-02  2.034932E-08  2.045641E-08
  4.040000E+03  1.019555E-05  1.061631E-04  2.145151E-07  1.917012E-04 -1.191028E-02  2.035016E-08  2.044660E-08
  4.041000E+03  1.058433E-05  1.063670E-04  8.261142E-07  1.913512E-04 -1.755245E-02  2.035032E-08  2.045663E-08
  4.042000E+03  1.072333E-05  1.060057E-04 -7.401950E-08  1.919873E-04 -1.718814E-02  2.034874E-08  2.045644E-08
  4.043000E+03  1.019105E-05  1.062379E-04  1.020624E-07  1.915568E-04 -1.199724E-02  2.034913E-08  2.044572E-08
  4.044000E+03  1.052766E-05  1.063157E-04  8.836380E-07  1.914405E-04 -1.864212E-02  2.034960E-08  2.045506E-08
  4.045000E+03  1.077986E-05  1.059888E-04 -8.520740E-09  1.920110E-04 -1.573789E-02  2.034849E-08  2.045679E-08
  4.046000E+03  1.020109E-05  1.063057E-04 -2.012656E-08  1.914307E-04 -1.266576E-02  2.034854E-08  2.044572E-08
  4.047000E+03  1.046132E-05  1.062461E-04  9.202300E-07  1.915629E-04 -1.927899E-02  2.034903E-08  2.045325E-08
  4.048000E+03  1.083148E-05  1.060038E-04  8.061995E-08  1.919811E-04 -1.428524E-02  2.034865E-08  2.045754E-08
  4.049000E+03  1.022505E-05  1.063561E-04 -1.443505E-07  1.913414E-04 -1.379004E-02  2.034840E-08  2.044653E-08
  4.050000E+03  1.038915E-05  1.061667E-04  9.338377E-07  1.916986E-04 -1.938479E-02  2.034817E-08  2.045085E-08
  4.051000E+03  1.087136E-05  1.060471E-04  1.915265E-07  1.918986E-04 -1.304408E-02  2.034856E-08  2.045797E-08
  4.052000E+03  1.026614E-05  1.063811E-04 -2.596376E-07  1.912996E-04 -1.520209E-02  2.034831E-08  2.044773E-08
  4.053000E+03  1.031247E-05  1.060899E-04  9.168669E-07  1.918279E-04 -1.891856E-02  2.034736E-08  2.044822E-08
  4.054000E+03  1.089401E-05  1.061121E-04  3.262180E-07  1.917751E-04 -1.222616E-02  2.034813E-08  2.045794E-08
  4.055000E+03  1.032731E-05  1.063768E-04 -3.574858E-07  1.913130E-04 -1.667285E-02  2.034845E-08  2.044948E-08
  4.056000E+03  1.023330E-05  1.060304E-04  8.616926E-07  1.919316E-04 -1.793636E-02  2.034732E-08  2.044620E-08
  4.057000E+03  1.089986E-05  1.061885E-04  4.803024E-07  1.916331E-04 -1.198671E-02  2.034776E-08  2.045786E-08
  4.058000E+03  1.040401E-05  1.063424E-04 -4.348515E-07  1.913810E-04 -1.796101E-02  2.034862E-08  2.045143E-08
  4.059000E+03  1.015551E-05  1.059972E-04  7.741244E-07  1.919893E-04 -1.659756E-02  2.034752E-08  2.044440E-08
  4.060000E+03  1.088955E-05  1.062630E-04  6.454365E-07  1.914937E-04 -1.237016E-02  2.034714E-08  2.045742E-08
  4.061000E+03  1.048990E-05  1.062790E-04 -4.876242E-07  1.914910E-04 -1.887158E-02  2.034785E-08  2.045241E-08
  4.062000E+03  1.008876E-05  1.059947E-04  6.586371E-07  1.919860E-04 -1.508314E-02  2.034719E-08  2.044230E-08
  4.063000E+03  1.085871E-05  1.063235E-04  8.059401E-07  1.913774E-04 -1.331848E-02  2.034610E-08  2.045631E-08
  4.064000E+03  1.058296E-05  1.061968E-04 -5.052870E-07  1.916249E-04 -1.925674E-02  2.034619E-08  2.045244E-08
  4.065000E+03  1.004024E-05  1.060238E-04  5.131623E-07  1.919214E-04 -1.364208E-02  2.034634E-08  2.044015E-08
  4.066000E+03  1.080405E-05  1.063618E-04  9.502234E-07  1.913058E-04 -1.465007E-02  2.034544E-08  2.045518E-08
  4.067000E+03  1.068090E-05  1.061140E-04 -4.792430E-07  1.917619E-04 -1.906383E-02  2.034492E-08  2.045277E-08
  4.068000E+03  1.001188E-05  1.060790E-04  3.406100E-07  1.918115E-04 -1.256738E-02  2.034557E-08  2.043864E-08
  4.069000E+03  1.072962E-05  1.063714E-04  1.070893E-06  1.912933E-04 -1.610263E-02  2.034551E-08  2.045434E-08
  4.070000E+03  1.077670E-05  1.060471E-04 -4.116368E-07  1.918784E-04 -1.831782E-02  2.034473E-08  2.045401E-08
  4.071000E+03  1.000508E-05  1.061501E-04  1.539300E-07  1.916789E-04 -1.206526E-02  2.034525E-08  2.043822E-08
  4.072000E+03  1.064108E-05  1.063490E-04  1.160290E-06  1.913403E-04 -1.743686E-02  2.034575E-08  2.045327E-08
  4.073000E+03  1.086282E-05  1.060058E-04 -3.074213E-07  1.919530E-04 -1.712423E-02  2.034515E-08  2.045560E-08
  4.074000E+03  1.002050E-05  1.062247E-04 -3.232318E-08  1.915434E-04 -1.220853E-02  2.034512E-08  2.043861E-08
  4.075000E+03  1.054314E-05  1.062984E-04  1.213105E-06  1.914354E-04 -1.845342E-02  2.034582E-08  2.045166E-08
  4.076000E+03  1.093220E-05  1.059953E-04 -1.699586E-07  1.919725E-04 -1.570957E-02  2.034567E-08  2.045698E-08
  4.077000E+03  1.005892E-05  1.062915E-04 -2.045951E-07  1.914292E-04 -1.290639E-02  2.034561E-08  2.044022E-08
  4.078000E+03  1.044035E-05  1.062305E-04  1.223841E-06  1.915613E-04 -1.901902E-02  2.034598E-08  2.044986E-08
  4.079000E+03  1.098094E-05  1.060168E-04 -5.122665E-09  1.919381E-04 -1.431843E-02  2.034658E-08  2.045847E-08
  4.080000E+03  1.011908E-05  1.063406E-04 -3.540203E-07  1.913563E-04 -1.401690E-02  2.034694E-08  2.044315E-08
  4.081000E+03  1.033704E-05  1.061590E-04  1.191346E-06  1.916991E-04 -1.902995E-02  2.034690E-08  2.044860E-08
  4.082000E+03  1.101011E-05  1.060648E-04  1.775110E-07  1.918582E-04 -1.322182E-02  2.034764E-08  2.045989E-08
  4.083000E+03  1.019591E-05  1.063616E-04 -4.783585E-07  1.913345E-04 -1.534267E-02  2.034825E-08  2.044637E-08
  4.084000E+03  1.023956E-05  1.060959E-04  1.120369E-06  1.918214E-04 -1.848231E-02  2.034799E-08  2.044745E-08
  4.085000E+03  1.101957E-05  1.061286E-04  3.652996E-07  1.917479E-04 -1.259881E-02  2.034833E-08  2.046078E-08
  4.086000E+03  1.028461E-05  1.063514E-04 -5.732546E-07  1.913631E-04 -1.664345E-02  2.034892E-08  2.044909E-08
  4.087000E+03  1.015243E-05  1.060505E-04  1.016674E-06  1.919058E-04 -1.750176E-02  2.034860E-08  2.044593E-08
  4.088000E+03  1.100804E-05  1.061974E-04  5.502569E-07  1.916263E-04 -1.251484E-02  2.034863E-08  2.046105E-08
  4.089000E+03  1.038330E-05  1.063142E-04 -6.345162E-07  1.914357E-04 -1.770607E-02  2.034913E-08  2.045140E-08
  4.090000E+03  1.007705E-05  1.060323E-04  8.828611E-07  1.919417E-04 -1.626944E-02  2.034932E-08  2.044474E-08
  4.091000E+03  1.097521E-05  1.062619E-04  7.298179E-07  1.915174E-04 -1.297649E-02  2.034929E-08  2.046143E-08
  4.092000E+03  1.048835E-05  1.062595E-04 -6.584310E-07  1.915422E-04 -1.836661E-02  2.034974E-08  2.045406E-08
  4.093000E+03  1.001644E-05  1.060421E-04  7.236247E-07  1.919278E-04 -1.503068E-02  2.035013E-08  2.044399E-08
  4.094000E+03  1.092371E-05  1.063105E-04  8.956519E-07  1.914392E-04 -1.386038E-02  2.035004E-08  2.046164E-08
  4.095000E+03  1.059238E-05  1.061982E-04 -6.439585E-07  1.916597E-04 -1.854389E-02  2.035042E-08  2.045659E-08
  4.096000E+03  9.976008E-06  1.060724E-04  5.491770E-07  1.918719E-04 -1.400166E-02  2.035030E-08  2.044312E-08
  4.097000E+03  1.085383E-05  1.063350E-04  1.036697E-06  1.913989E-04 -1.493720E-02  2.035013E-08  2.046082E-08
  4.098000E+03  1.069259E-05  1.061397E-04 -5.892632E-07  1.917625E-04 -1.827692E-02  2.035022E-08  2.045806E-08
  4.099000E+03  9.958526E-06  1.061161E-04  3.627771E-07  1.917878E-04 -1.329385E-02  2.034997E-08  2.044232E-08
  4.100000E+03  1.076659E-05  1.063356E-04  1.146465E-06  1.913972E-04 -1.602912E-02  2.034973E-08  2.045912E-08
  4.101000E+03  1.078805E-05  1.060927E-04 -4.956369E-07  1.918398E-04 -1.765170E-02  2.034964E-08  2.045899E-08
  4.102000E+03  9.962359E-06  1.061673E-04  1.676793E-07  1.916897E-04 -1.298883E-02  2.034946E-08  2.044191E-08
  4.103000E+03  1.066677E-05  1.063136E-04  1.224166E-06  1.914321E-04 -1.700533E-02  2.034890E-08  2.045665E-08
  4.104000E+03  1.087447E-05  1.060618E-04 -3.689996E-07  1.918829E-04 -1.677243E-02  2.034860E-08  2.045925E-08
  4.105000E+03  9.987211E-06  1.062171E-04 -2.725151E-08  1.915887E-04 -1.311875E-02  2.034826E-08  2.044133E-08
  4.106000E+03  1.056040E-05  1.062712E-04  1.265232E-06  1.914954E-04 -1.772749E-02  2.034726E-08  2.045310E-08
  4.107000E+03  1.094279E-05  1.060496E-04 -2.137173E-07  1.918846E-04 -1.576561E-02  2.034676E-08  2.045840E-08
  4.108000E+03  1.003552E-05  1.062589E-04 -2.058630E-07  1.914983E-04 -1.362802E-02  2.034652E-08  2.044077E-08
  4.109000E+03  1.045209E-05  1.062186E-04  1.260824E-06  1.915771E-04 -1.809487E-02  2.034573E-08  2.044947E-08
  4.110000E+03  1.098736E-05  1.060594E-04 -3.420068E-08  1.918507E-04 -1.479959E-02  2.034534E-08  2.045759E-08
  4.111000E+03  1.010753E-05  1.062893E-04 -3.570201E-07  1.914362E-04 -1.441571E-02  2.034550E-08  2.044143E-08
  4.112000E+03  1.034473E-05  1.061670E-04  1.207987E-06  1.916663E-04 -1.809236E-02  2.034530E-08  2.044683E-08
  4.113000E+03  1.100819E-05  1.060886E-04  1.637157E-07  1.917929E-04 -1.403530E-02  2.034503E-08  2.045754E-08
  4.114000E+03  1.019730E-05  1.063014E-04 -4.756870E-07  1.914136E-04 -1.532965E-02  2.034515E-08  2.044309E-08
  4.115000E+03  1.024366E-05  1.061222E-04  1.114063E-06  1.917443E-04 -1.773302E-02  2.034512E-08  2.044446E-08
  4.116000E+03  1.100520E-05  1.061277E-04  3.693554E-07  1.917164E-04 -1.360012E-02  2.034454E-08  2.045699E-08
  4.117000E+03  1.029860E-05  1.062905E-04 -5.563411E-07  1.914267E-04 -1.619798E-02  2.034417E-08  2.044426E-08
  4.118000E+03  1.015709E-05  1.060904E-04  9.845802E-07  1.917930E-04 -1.706917E-02  2.034443E-08  2.044178E-08
  4.119000E+03  1.097736E-05  1.061718E-04  5.671430E-07  1.916321E-04 -1.354969E-02  2.034405E-08  2.045609E-08
  4.120000E+03  1.040528E-05  1.062640E-04 -5.916710E-07  1.914739E-04 -1.688205E-02  2.034387E-08  2.044612E-08
  4.121000E+03  1.009359E-05  1.060788E-04  8.245460E-07  1.918127E-04 -1.624928E-02  2.034458E-08  2.044038E-08
  4.122000E+03  1.092606E-05  1.062174E-04  7.386287E-07  1.915615E-04 -1.383715E-02  2.034521E-08  2.045651E-08
  4.123000E+03  1.051007E-05  1.062319E-04 -5.782491E-07  1.915476E-04 -1.733652E-02  2.034540E-08  2.044968E-08
  4.124000E+03  1.005683E-05  1.060861E-04  6.454318E-07  1.918120E-04 -1.543235E-02  2.034617E-08  2.044096E-08
  4.125000E+03  1.085610E-05  1.062543E-04  8.723480E-07  1.915133E-04 -1.438024E-02  2.034700E-08  2.045723E-08
  4.126000E+03  1.060784E-05  1.061961E-04 -5.213194E-07  1.916291E-04 -1.750736E-02  2.034715E-08  2.045322E-08
  4.127000E+03  1.004341E-05  1.061050E-04  4.604535E-07  1.917865E-04 -1.474869E-02  2.034729E-08  2.044161E-08
  4.128000E+03  1.077459E-05  1.062727E-04  9.690517E-07  1.914876E-04 -1.504495E-02  2.034760E-08  2.045653E-08
  4.129000E+03  1.069285E-05  1.061617E-04 -4.302714E-07  1.916971E-04 -1.736594E-02  2.034782E-08  2.045537E-08
  4.130000E+03  1.005091E-05  1.061310E-04  2.832023E-07  1.917403E-04 -1.429255E-02  2.034752E-08  2.044187E-08
  4.131000E+03  1.068793E-05  1.062744E-04  1.028125E-06  1.914845E-04 -1.571232E-02  2.034739E-08  2.045488E-08
  4.132000E+03  1.075869E-05  1.061343E-04 -3.124640E-07  1.917465E-04 -1.698526E-02  2.034796E-08  2.045656E-08
  4.133000E+03  1.007887E-05  1.061634E-04  1.269937E-07  1.916863E-04 -1.406840E-02  2.034806E-08  2.044292E-08
  4.134000E+03  1.059963E-05  1.062654E-04  1.047484E-06  1.915053E-04 -1.632209E-02  2.034767E-08  2.045362E-08
  4.135000E+03  1.080528E-05  1.061170E-04 -1.748858E-07  1.917799E-04 -1.647208E-02  2.034834E-08  2.045762E-08
  4.136000E+03  1.012370E-05  1.061977E-04 -4.982077E-09  1.916334E-04 -1.406990E-02  2.034902E-08  2.044479E-08
  4.137000E+03  1.051383E-05  1.062486E-04  1.030810E-06  1.915468E-04 -1.678395E-02  2.034871E-08  2.045309E-08
  4.138000E+03  1.083449E-05  1.061111E-04 -2.748006E-08  1.917950E-04 -1.591797E-02  2.034900E-08  2.045865E-08
  4.139000E+03  1.018003E-05  1.062272E-04 -1.118783E-07  1.915872E-04 -1.430312E-02  2.034968E-08  2.044664E-08
  4.140000E+03  1.043687E-05  1.062247E-04  9.834747E-07  1.915982E-04 -1.705027E-02  2.034951E-08  2.045241E-08
  4.141000E+03  1.084520E-05  1.061153E-04  1.180157E-07  1.917889E-04 -1.537862E-02  2.034933E-08  2.045903E-08
  4.142000E+03  1.024532E-05  1.062474E-04 -1.892546E-07  1.915513E-04 -1.471033E-02  2.034963E-08  2.044799E-08
  4.143000E+03  1.037045E-05  1.061963E-04  9.090978E-07  1.916492E-04 -1.711364E-02  2.034946E-08  2.045100E-08
  4.144000E+03  1.083881E-05  1.061267E-04  2.569452E-07  1.917642E-04 -1.490064E-02  2.034903E-08  2.045850E-08
  4.145000E+03  1.031751E-05  1.062580E-04 -2.381724E-07  1.915278E-04 -1.520216E-02  2.034900E-08  2.044891E-08
  4.146000E+03  1.031329E-05  1.061702E-04  8.129394E-07  1.916939E-04 -1.699903E-02  2.034923E-08  2.044954E-08
  4.147000E+03  1.081910E-05  1.061461E-04  3.886660E-07  1.917287E-04 -1.456076E-02  2.034909E-08  2.045814E-08
  4.148000E+03  1.039156E-05  1.062610E-04 -2.619245E-07  1.915251E-04 -1.569585E-02  2.034914E-08  2.045061E-08
  4.149000E+03  1.026849E-05  1.061513E-04  7.024757E-07  1.917309E-04 -1.675088E-02  2.034964E-08  2.044893E-08
  4.150000E+03  1.078680E-05  1.061711E-04  5.063246E-07  1.916895E-04 -1.441662E-02  2.034977E-08  2.045823E-08
  4.151000E+03  1.046222E-05  1.062546E-04 -2.574858E-07  1.915435E-04 -1.613759E-02  2.034972E-08  2.045264E-08
  4.152000E+03  1.024064E-05  1.061388E-04  5.843205E-07  1.917548E-04 -1.638378E-02  2.034989E-08  2.044846E-08
  4.153000E+03  1.074061E-05  1.061944E-04  6.018027E-07  1.916471E-04 -1.447020E-02  2.034971E-08  2.045738E-08
  4.154000E+03  1.052805E-05  1.062366E-04 -2.209821E-07  1.915716E-04 -1.648182E-02  2.034916E-08  2.045339E-08
  4.155000E+03  1.023024E-05  1.061313E-04  4.609382E-07  1.917583E-04 -1.593686E-02  2.034897E-08  2.044716E-08
  4.156000E+03  1.068315E-05  1.062116E-04  6.718546E-07  1.916048E-04 -1.467510E-02  2.034847E-08  2.045516E-08
  4.157000E+03  1.058658E-05  1.062129E-04 -1.556040E-07  1.916014E-04 -1.668595E-02  2.034771E-08  2.045306E-08
  4.158000E+03  1.023669E-05  1.061292E-04  3.378058E-07  1.917446E-04 -1.551492E-02  2.034725E-08  2.044540E-08
  4.159000E+03  1.062003E-05  1.062212E-04  7.129059E-07  1.915702E-04 -1.496290E-02  2.034654E-08  2.045215E-08
  4.160000E+03  1.063262E-05  1.061894E-04 -6.815637E-08  1.916277E-04 -1.673829E-02  2.034598E-08  2.045218E-08
  4.161000E+03  1.026081E-05  1.061323E-04  2.246588E-07  1.917209E-04 -1.518475E-02  2.034545E-08  2.044395E-08
  4.162000E+03  1.055482E-05  1.062241E-04  7.202349E-07  1.915476E-04 -1.527779E-02  2.034460E-08  2.044909E-08
  4.163000E+03  1.066385E-05  1.061702E-04  3.616266E-08  1.916498E-04 -1.665410E-02  2.034468E-08  2.045141E-08
  4.164000E+03  1.030087E-05  1.061432E-04  1.276173E-07  1.916934E-04 -1.496688E-02  2.034466E-08  2.044387E-08
  4.165000E+03  1.049302E-05  1.062239E-04  6.926112E-07  1.915429E-04 -1.559710E-02  2.034397E-08  2.044737E-08
  4.166000E+03  1.067649E-05  1.061581E-04  1.495223E-07  1.916706E-04 -1.647490E-02  2.034462E-08  2.045151E-08
  4.167000E+03  1.035222E-05  1.061593E-04  5.828321E-08  1.916698E-04 -1.485519E-02  2.034529E-08  2.044546E-08
  4.168000E+03  1.044114E-05  1.062214E-04  6.338163E-07  1.915528E-04 -1.589724E-02  2.034444E-08  2.044691E-08
  4.169000E+03  1.066742E-05  1.061492E-04  2.615431E-07  1.916887E-04 -1.625203E-02  2.034492E-08  2.045154E-08
  4.170000E+03  1.041144E-05  1.061734E-04  2.584652E-08  1.916459E-04 -1.483672E-02  2.034546E-08  2.044678E-08
  4.171000E+03  1.040078E-05  1.062151E-04  5.493376E-07  1.915660E-04 -1.612812E-02  2.034455E-08  2.044628E-08
  4.172000E+03  1.064023E-05  1.061398E-04  3.659036E-07  1.916992E-04 -1.602389E-02  2.034430E-08  2.045032E-08
  4.173000E+03  1.047325E-05  1.061839E-04  2.760567E-08  1.916190E-04 -1.485366E-02  2.034462E-08  2.044716E-08
  4.174000E+03  1.037449E-05  1.062087E-04  4.476431E-07  1.915774E-04 -1.629006E-02  2.034448E-08  2.044572E-08
  4.175000E+03  1.060034E-05  1.061352E-04  4.528581E-07  1.917085E-04 -1.578289E-02  2.034448E-08  2.044967E-08
  4.176000E+03  1.052841E-05  1.061978E-04  6.057173E-08  1.915968E-04 -1.492347E-02  2.034489E-08  2.044854E-08
  4.177000E+03  1.036872E-05  1.062044E-04  3.417304E-07  1.915987E-04 -1.641454E-02  2.034588E-08  2.044701E-08
  4.178000E+03  1.055228E-05  1.061394E-04  5.055602E-07  1.917204E-04 -1.552755E-02  2.034663E-08  2.045082E-08
  4.179000E+03  1.057055E-05  1.062147E-04  1.210791E-07  1.915837E-04 -1.509395E-02  2.034670E-08  2.045125E-08
  4.180000E+03  1.038347E-05  1.061965E-04  2.444316E-07  1.916310E-04 -1.651077E-02  2.034776E-08  2.044914E-08
  4.181000E+03  1.050156E-05  1.061464E-04  5.193299E-07  1.917264E-04 -1.523169E-02  2.034872E-08  2.045185E-08
  4.182000E+03  1.059657E-05  1.062304E-04  2.007415E-07  1.915702E-04 -1.534556E-02  2.034818E-08  2.045335E-08
  4.183000E+03  1.041429E-05  1.061800E-04  1.657879E-07  1.916671E-04 -1.657201E-02  2.034841E-08  2.045034E-08
  4.184000E+03  1.045356E-05  1.061539E-04  4.984612E-07  1.917152E-04 -1.491567E-02  2.034906E-08  2.045119E-08
  4.185000E+03  1.060370E-05  1.062423E-04  2.910892E-07  1.915553E-04 -1.564015E-02  2.034879E-08  2.045423E-08
  4.186000E+03  1.045710E-05  1.061602E-04  1.148242E-07  1.917044E-04 -1.654243E-02  2.034860E-08  2.045127E-08
  4.187000E+03  1.041192E-05  1.061671E-04  4.480589E-07  1.916890E-04 -1.465942E-02  2.034889E-08  2.045018E-08
  4.188000E+03  1.059392E-05  1.062464E-04  3.831262E-07  1.915507E-04 -1.599680E-02  2.034898E-08  2.045438E-08
  4.189000E+03  1.050674E-05  1.061436E-04  9.200363E-08  1.917407E-04 -1.631872E-02  2.034933E-08  2.045283E-08
  4.190000E+03  1.037865E-05  1.061899E-04  3.767872E-07  1.916523E-04 -1.455144E-02  2.034939E-08  2.045006E-08
  4.191000E+03  1.057193E-05  1.062406E-04  4.688049E-07  1.915677E-04 -1.639701E-02  2.034953E-08  2.045463E-08
  4.192000E+03  1.055592E-05  1.061343E-04  9.411034E-08  1.917679E-04 -1.591487E-02  2.035058E-08  2.045486E-08
  4.193000E+03  1.035824E-05  1.062181E-04  2.954133E-07  1.916121E-04 -1.463973E-02  2.035050E-08  2.045087E-08
  4.194000E+03  1.053881E-05  1.062251E-04  5.381421E-07  1.916065E-04 -1.673338E-02  2.035058E-08  2.045512E-08
  4.195000E+03  1.060150E-05  1.061328E-04  1.216639E-07  1.917767E-04 -1.544346E-02  2.035136E-08  2.045636E-08
  4.196000E+03  1.035444E-05  1.062409E-04  2.070781E-07  1.915751E-04 -1.490618E-02  2.035084E-08  2.045128E-08
  4.197000E+03  1.049442E-05  1.062002E-04  5.837665E-07  1.916521E-04 -1.690239E-02  2.035059E-08  2.045428E-08
  4.198000E+03  1.064276E-05  1.061373E-04  1.755629E-07  1.917579E-04 -1.501766E-02  2.035037E-08  2.045606E-08
  4.199000E+03  1.036506E-05  1.062509E-04  1.150772E-07  1.915456E-04 -1.529956E-02  2.034950E-08  2.045030E-08
  4.200000E+03  1.044371E-05  1.061709E-04  6.058054E-07  1.916923E-04 -1.683899E-02  2.034925E-08  2.045189E-08
  4.201000E+03  1.067839E-05  1.061501E-04  2.469860E-07  1.917171E-04 -1.468809E-02  2.034859E-08  2.045491E-08
  4.202000E+03  1.038610E-05  1.062488E-04  2.547946E-08  1.915312E-04 -1.578265E-02  2.034743E-08  2.044877E-08
  4.203000E+03  1.039192E-05  1.061449E-04  6.078413E-07  1.917234E-04 -1.656270E-02  2.034767E-08  2.044918E-08
  4.204000E+03  1.070397E-05  1.061716E-04  3.291692E-07  1.916677E-04 -1.449665E-02  2.034754E-08  2.045438E-08
  4.205000E+03  1.041865E-05  1.062405E-04 -5.375979E-08  1.915390E-04 -1.626476E-02  2.034652E-08  2.044862E-08
  4.206000E+03  1.033980E-05  1.061266E-04  5.870277E-07  1.917460E-04 -1.619189E-02  2.034668E-08  2.044704E-08
  4.207000E+03  1.071687E-05  1.061958E-04  4.228554E-07  1.916186E-04 -1.447849E-02  2.034697E-08  2.045415E-08
  4.208000E+03  1.046217E-05  1.062271E-04 -1.169111E-07  1.915636E-04 -1.665079E-02  2.034642E-08  2.044943E-08
  4.209000E+03  1.028745E-05  1.061159E-04  5.443621E-07  1.917581E-04 -1.577480E-02  2.034606E-08  2.044527E-08
  4.210000E+03  1.071655E-05  1.062169E-04  5.283203E-07  1.915727E-04 -1.462818E-02  2.034608E-08  2.045340E-08
  4.211000E+03  1.051546E-05  1.062077E-04 -1.618741E-07  1.915965E-04 -1.689361E-02  2.034612E-08  2.045018E-08
  4.212000E+03  1.023931E-05  1.061134E-04  4.784689E-07  1.917561E-04 -1.533155E-02  2.034549E-08  2.044364E-08
  4.213000E+03  1.069950E-05  1.062317E-04  6.396559E-07  1.915337E-04 -1.492978E-02  2.034467E-08  2.045184E-08
  4.214000E+03  1.057918E-05  1.061836E-04 -1.821308E-07  1.916313E-04 -1.698308E-02  2.034516E-08  2.045041E-08
  4.215000E+03  1.019968E-05  1.061192E-04  3.843439E-07  1.917388E-04 -1.490274E-02  2.034490E-08  2.044218E-08
  4.216000E+03  1.066483E-05  1.062420E-04  7.489520E-07  1.915065E-04 -1.532676E-02  2.034365E-08  2.045035E-08
  4.217000E+03  1.065126E-05  1.061575E-04 -1.741267E-07  1.916699E-04 -1.693048E-02  2.034428E-08  2.045084E-08
  4.218000E+03  1.017230E-05  1.061347E-04  2.629144E-07  1.917088E-04 -1.452188E-02  2.034480E-08  2.044148E-08
  4.219000E+03  1.061278E-05  1.062509E-04  8.484846E-07  1.914957E-04 -1.578720E-02  2.034405E-08  2.044996E-08
  4.220000E+03  1.072624E-05  1.061346E-04 -1.337009E-07  1.917167E-04 -1.673535E-02  2.034493E-08  2.045281E-08
  4.221000E+03  1.016324E-05  1.061610E-04  1.199969E-07  1.916692E-04 -1.427724E-02  2.034571E-08  2.044219E-08
  4.222000E+03  1.054298E-05  1.062549E-04  9.264138E-07  1.915080E-04 -1.627943E-02  2.034596E-08  2.045072E-08
  4.223000E+03  1.079664E-05  1.061170E-04 -5.366487E-08  1.917640E-04 -1.638959E-02  2.034669E-08  2.045577E-08
  4.224000E+03  1.017655E-05  1.061917E-04 -3.284529E-08  1.916211E-04 -1.423473E-02  2.034650E-08  2.044329E-08
  4.225000E+03  1.045872E-05  1.062443E-04  9.717706E-07  1.915383E-04 -1.674940E-02  2.034699E-08  2.045028E-08
  4.226000E+03  1.085600E-05  1.061035E-04  6.486054E-08  1.917934E-04 -1.586438E-02  2.034740E-08  2.045745E-08
  4.227000E+03  1.021182E-05  1.062225E-04 -1.823091E-07  1.915639E-04 -1.439501E-02  2.034629E-08  2.044388E-08
  4.228000E+03  1.036628E-05  1.062171E-04  9.799740E-07  1.915844E-04 -1.712374E-02  2.034655E-08  2.044814E-08
  4.229000E+03  1.089939E-05  1.061000E-04  2.134878E-07  1.917952E-04 -1.519109E-02  2.034711E-08  2.045781E-08
  4.230000E+03  1.026845E-05  1.062532E-04 -3.179448E-07  1.915107E-04 -1.475594E-02  2.034640E-08  2.044527E-08
  4.231000E+03  1.027258E-05  1.061833E-04  9.463513E-07  1.916486E-04 -1.732262E-02  2.034683E-08  2.044661E-08
  4.232000E+03  1.092180E-05  1.061136E-04  3.826114E-07  1.917734E-04 -1.453824E-02  2.034762E-08  2.045862E-08
  4.233000E+03  1.034513E-05  1.062782E-04 -4.285648E-07  1.914797E-04 -1.532023E-02  2.034772E-08  2.044830E-08
  4.234000E+03  1.018549E-05  1.061492E-04  8.667919E-07  1.917253E-04 -1.724529E-02  2.034847E-08  2.044646E-08
  4.235000E+03  1.091916E-05  1.061446E-04  5.598713E-07  1.917269E-04 -1.407178E-02  2.034876E-08  2.045968E-08
  4.236000E+03  1.043674E-05  1.062850E-04 -5.016429E-07  1.914797E-04 -1.605061E-02  2.034880E-08  2.045137E-08
  4.237000E+03  1.011202E-05  1.061176E-04  7.455537E-07  1.917928E-04 -1.680997E-02  2.034972E-08  2.044607E-08
  4.238000E+03  1.089019E-05  1.061869E-04  7.322853E-07  1.916563E-04 -1.388150E-02  2.034943E-08  2.045990E-08
  4.239000E+03  1.053714E-05  1.062698E-04 -5.293290E-07  1.915127E-04 -1.679799E-02  2.034916E-08  2.045384E-08
  4.240000E+03  1.005820E-05  1.060959E-04  5.898657E-07  1.918327E-04 -1.609389E-02  2.035002E-08  2.044503E-08
  4.241000E+03  1.083595E-05  1.062309E-04  8.868318E-07  1.915785E-04 -1.400588E-02  2.034956E-08  2.045919E-08
  4.242000E+03  1.063918E-05  1.062380E-04 -5.076498E-07  1.915729E-04 -1.736047E-02  2.034926E-08  2.045599E-08
  4.243000E+03  1.002581E-05  1.060907E-04  4.125389E-07  1.918362E-04 -1.529336E-02  2.034966E-08  2.044377E-08
  4.244000E+03  1.076181E-05  1.062670E-04  1.015364E-06  1.915124E-04 -1.444541E-02  2.034932E-08  2.045781E-08
  4.245000E+03  1.073500E-05  1.061981E-04 -4.406432E-07  1.916484E-04 -1.759824E-02  2.034954E-08  2.045808E-08
  4.246000E+03  1.001418E-05  1.061046E-04  2.299303E-07  1.918071E-04 -1.456970E-02  2.034946E-08  2.044314E-08
  4.247000E+03  1.067372E-05  1.062889E-04  1.114084E-06  1.914727E-04 -1.512644E-02  2.034910E-08  2.045621E-08
  4.248000E+03  1.081998E-05  1.061575E-04 -3.363548E-07  1.917258E-04 -1.746633E-02  2.035002E-08  2.046004E-08
  4.249000E+03  1.002510E-05  1.061353E-04  4.983170E-08  1.917520E-04 -1.403916E-02  2.034965E-08  2.044343E-08
  4.250000E+03  1.057528E-05  1.062926E-04  1.176365E-06  1.914673E-04 -1.592539E-02  2.034898E-08  2.045449E-08
  4.251000E+03  1.089080E-05  1.061209E-04 -1.991372E-07  1.917875E-04 -1.704236E-02  2.034970E-08  2.046086E-08
  4.252000E+03  1.005947E-05  1.061740E-04 -1.218868E-07  1.916785E-04 -1.377586E-02  2.034935E-08  2.044379E-08
  4.253000E+03  1.047133E-05  1.062782E-04  1.196231E-06  1.914901E-04 -1.669205E-02  2.034840E-08  2.045214E-08
  4.254000E+03  1.094706E-05  1.060924E-04 -3.838565E-08  1.918238E-04 -1.641597E-02  2.034830E-08  2.046031E-08
  4.255000E+03  1.011347E-05  1.062111E-04 -2.811317E-07  1.915961E-04 -1.381646E-02  2.034770E-08  2.044328E-08
  4.256000E+03  1.036766E-05  1.062496E-04  1.176422E-06  1.915322E-04 -1.727115E-02  2.034719E-08  2.044907E-08
  4.257000E+03  1.098768E-05  1.060780E-04  1.351776E-07  1.918333E-04 -1.567121E-02  2.034679E-08  2.045934E-08
  4.258000E+03  1.018426E-05  1.062427E-04 -4.233221E-07  1.915223E-04 -1.413434E-02  2.034581E-08  2.044293E-08
  4.259000E+03  1.026803E-05  1.062134E-04  1.119430E-06  1.915867E-04 -1.761304E-02  2.034592E-08  2.044591E-08
  4.260000E+03  1.100917E-05  1.060799E-04  3.169992E-07  1.918186E-04 -1.493378E-02  2.034583E-08  2.045862E-08
  4.261000E+03  1.026926E-05  1.062666E-04 -5.392306E-07  1.914680E-04 -1.467333E-02  2.034447E-08  2.044345E-08
  4.262000E+03  1.017560E-05  1.061728E-04  1.027711E-06  1.916499E-04 -1.768835E-02  2.034483E-08  2.044296E-08
  4.263000E+03  1.100805E-05  1.060978E-04  5.036888E-07  1.917783E-04 -1.429756E-02  2.034519E-08  2.045784E-08
  4.264000E+03  1.036634E-05  1.062810E-04 -6.200386E-07  1.914395E-04 -1.536409E-02  2.034397E-08  2.044506E-08
  4.265000E+03  1.009292E-05  1.061326E-04  9.033639E-07  1.917162E-04 -1.749173E-02  2.034423E-08  2.044060E-08
  4.266000E+03  1.098203E-05  1.061275E-04  6.920867E-07  1.917171E-04 -1.384947E-02  2.034450E-08  2.045665E-08
  4.267000E+03  1.047321E-05  1.062844E-04 -6.591827E-07  1.914379E-04 -1.609617E-02  2.034422E-08  2.044759E-08
  4.268000E+03  1.002468E-05  1.060982E-04  7.470053E-07  1.917772E-04 -1.705796E-02  2.034425E-08  2.043907E-08
  4.269000E+03  1.093204E-05  1.061635E-04  8.719764E-07  1.916446E-04 -1.363987E-02  2.034377E-08  2.045504E-08
  4.270000E+03  1.058479E-05  1.062732E-04 -6.541975E-07  1.914605E-04 -1.678500E-02  2.034426E-08  2.044995E-08
  4.271000E+03  9.975655E-06  1.060741E-04  5.647299E-07  1.918220E-04 -1.639632E-02  2.034461E-08  2.043820E-08
  4.272000E+03  1.086067E-05  1.062052E-04  1.031556E-06  1.915668E-04 -1.371832E-02  2.034347E-08  2.045356E-08
  4.273000E+03  1.069447E-05  1.062466E-04 -6.046186E-07  1.915126E-04 -1.735720E-02  2.034450E-08  2.045240E-08
  4.274000E+03  9.951733E-06  1.060660E-04  3.647994E-07  1.918409E-04 -1.556861E-02  2.034533E-08  2.043814E-08
  4.275000E+03  1.076858E-05  1.062496E-04  1.158411E-06  1.914975E-04 -1.408217E-02  2.034451E-08  2.045310E-08
  4.276000E+03  1.079699E-05  1.062094E-04 -5.072876E-07  1.915918E-04 -1.774331E-02  2.034565E-08  2.045553E-08
  4.277000E+03  9.956922E-06  1.060762E-04  1.543581E-07  1.918310E-04 -1.471328E-02  2.034651E-08  2.043914E-08
  4.278000E+03  1.065883E-05  1.062887E-04  1.241888E-06  1.914479E-04 -1.470367E-02  2.034656E-08  2.045336E-08
  4.279000E+03  1.088608E-05  1.061657E-04 -3.629669E-07  1.916875E-04 -1.784942E-02  2.034740E-08  2.045891E-08
  4.280000E+03  9.991510E-06  1.061050E-04 -5.425000E-08  1.917889E-04 -1.397283E-02  2.034778E-08  2.044087E-08
  4.281000E+03  1.053769E-05  1.063105E-04  1.276025E-06  1.914258E-04 -1.555627E-02  2.034812E-08  2.045293E-08
  4.282000E+03  1.095579E-05  1.061211E-04 -1.791936E-07  1.917816E-04 -1.754733E-02  2.034895E-08  2.046158E-08
  4.283000E+03  1.005176E-05  1.061502E-04 -2.458669E-07  1.917153E-04 -1.348251E-02  2.034877E-08  2.044294E-08
  4.284000E+03  1.041406E-05  1.063086E-04  1.260735E-06  1.914405E-04 -1.651450E-02  2.034900E-08  2.045175E-08
  4.285000E+03  1.100157E-05  1.060844E-04  3.005164E-08  1.918554E-04 -1.685048E-02  2.034998E-08  2.046319E-08
  4.286000E+03  1.013297E-05  1.062047E-04 -4.073509E-07  1.916241E-04 -1.333968E-02  2.034957E-08  2.044536E-08
  4.287000E+03  1.029873E-05  1.062841E-04  1.196227E-06  1.914933E-04 -1.738438E-02  2.034962E-08  2.045036E-08
  4.288000E+03  1.101867E-05  1.060653E-04  2.471789E-07  1.918919E-04 -1.592915E-02  2.035049E-08  2.046371E-08
  4.289000E+03  1.023090E-05  1.062558E-04 -5.254933E-07  1.915354E-04 -1.361668E-02  2.034986E-08  2.044774E-08
  4.290000E+03  1.020044E-05  1.062423E-04  1.083525E-06  1.915743E-04 -1.793963E-02  2.035002E-08  2.044891E-08
  4.291000E+03  1.100514E-05  1.060682E-04  4.562711E-07  1.918822E-04 -1.499314E-02  2.035031E-08  2.046302E-08
  4.292000E+03  1.034092E-05  1.062925E-04 -5.924302E-07  1.914680E-04 -1.426507E-02  2.034955E-08  2.044981E-08
  4.293000E+03  1.012312E-05  1.061918E-04  9.286045E-07  1.916652E-04 -1.806911E-02  2.034995E-08  2.044722E-08
  4.294000E+03  1.096453E-05  1.060909E-04  6.463777E-07  1.918320E-04 -1.420176E-02  2.034957E-08  2.046134E-08
  4.295000E+03  1.045650E-05  1.063096E-04 -6.097120E-07  1.914332E-04 -1.513123E-02  2.034886E-08  2.045164E-08
  4.296000E+03  1.006829E-05  1.061423E-04  7.432704E-07  1.917472E-04 -1.780907E-02  2.034927E-08  2.044523E-08
  4.297000E+03  1.090162E-05  1.061267E-04  8.103815E-07  1.917549E-04 -1.367371E-02  2.034841E-08  2.045893E-08
  4.298000E+03  1.056756E-05  1.063068E-04 -5.783259E-07  1.914321E-04 -1.603722E-02  2.034792E-08  2.045309E-08
  4.299000E+03  1.003699E-05  1.061019E-04  5.468781E-07  1.918082E-04 -1.724900E-02  2.034820E-08  2.044323E-08
  4.300000E+03  1.082191E-05  1.061683E-04  9.414655E-07  1.916661E-04 -1.347310E-02  2.034701E-08  2.045608E-08
  4.301000E+03  1.066649E-05  1.062876E-04 -5.027971E-07  1.914610E-04 -1.682910E-02  2.034705E-08  2.045431E-08
  4.302000E+03  1.002870E-05  1.060753E-04  3.551773E-07  1.918433E-04 -1.650876E-02  2.034706E-08  2.044158E-08
  4.303000E+03  1.073075E-05  1.062105E-04  1.036106E-06  1.915809E-04 -1.356683E-02  2.034603E-08  2.045352E-08
  4.304000E+03  1.074913E-05  1.062577E-04 -3.903326E-07  1.915114E-04 -1.744972E-02  2.034647E-08  2.045543E-08
  4.305000E+03  1.004294E-05  1.060632E-04  1.769352E-07  1.918561E-04 -1.568668E-02  2.034636E-08  2.044083E-08
  4.306000E+03  1.063396E-05  1.062494E-04  1.090306E-06  1.915070E-04 -1.390877E-02  2.034553E-08  2.045140E-08
  4.307000E+03  1.081338E-05  1.062195E-04 -2.508033E-07  1.915772E-04 -1.785520E-02  2.034599E-08  2.045620E-08
  4.308000E+03  1.007987E-05  1.060664E-04  1.623301E-08  1.918433E-04 -1.487044E-02  2.034588E-08  2.044077E-08
  4.309000E+03  1.053468E-05  1.062814E-04  1.101058E-06  1.914492E-04 -1.448133E-02  2.034535E-08  2.044959E-08
  4.310000E+03  1.086037E-05  1.061753E-04 -9.150315E-08  1.916564E-04 -1.796905E-02  2.034588E-08  2.045693E-08
  4.311000E+03  1.013686E-05  1.060869E-04 -1.269556E-07  1.918020E-04 -1.414540E-02  2.034565E-08  2.044143E-08
  4.312000E+03  1.043541E-05  1.063026E-04  1.071458E-06  1.914155E-04 -1.526161E-02  2.034559E-08  2.044822E-08
  4.313000E+03  1.089182E-05  1.061306E-04  8.106559E-08  1.917408E-04 -1.775993E-02  2.034637E-08  2.045784E-08
  4.314000E+03  1.020867E-05  1.061219E-04 -2.515822E-07  1.917373E-04 -1.360273E-02  2.034565E-08  2.044269E-08
  4.315000E+03  1.034227E-05  1.063071E-04  1.006855E-06  1.914118E-04 -1.614328E-02  2.034577E-08  2.044691E-08
  4.316000E+03  1.090502E-05  1.060909E-04  2.569335E-07  1.918136E-04 -1.724667E-02  2.034665E-08  2.045813E-08
  4.317000E+03  1.029058E-05  1.061663E-04 -3.481785E-07  1.916549E-04 -1.333425E-02  2.034548E-08  2.044411E-08
  4.318000E+03  1.026171E-05  1.062914E-04  9.111841E-07  1.914402E-04 -1.699356E-02  2.034551E-08  2.044531E-08
  4.319000E+03  1.089533E-05  1.060620E-04  4.270818E-07  1.918600E-04 -1.647926E-02  2.034628E-08  2.045728E-08
  4.320000E+03  1.037996E-05  1.062158E-04 -4.051859E-07  1.915642E-04 -1.339991E-02  2.034531E-08  2.044580E-08
  4.321000E+03  1.019697E-05  1.062582E-04  7.869803E-07  1.915019E-04 -1.768165E-02  2.034547E-08  2.044414E-08
  4.322000E+03  1.086170E-05  1.060508E-04  5.859561E-07  1.918745E-04 -1.555056E-02  2.034599E-08  2.045604E-08
  4.323000E+03  1.047443E-05  1.062636E-04 -4.184256E-07  1.914821E-04 -1.381440E-02  2.034565E-08  2.044819E-08
  4.324000E+03  1.015056E-05  1.062140E-04  6.368477E-07  1.915905E-04 -1.808363E-02  2.034627E-08  2.044401E-08
  4.325000E+03  1.080625E-05  1.060606E-04  7.266545E-07  1.918548E-04 -1.463344E-02  2.034607E-08  2.045482E-08
  4.326000E+03  1.056865E-05  1.062995E-04 -3.876133E-07  1.914258E-04 -1.451513E-02  2.034632E-08  2.045098E-08
  4.327000E+03  1.012590E-05  1.061657E-04  4.686269E-07  1.916878E-04 -1.811075E-02  2.034733E-08  2.044444E-08
  4.328000E+03  1.073206E-05  1.060898E-04  8.396907E-07  1.918027E-04 -1.388906E-02  2.034634E-08  2.045353E-08
  4.329000E+03  1.065684E-05  1.063161E-04 -3.139962E-07  1.914033E-04 -1.540579E-02  2.034683E-08  2.045350E-08
  4.330000E+03  1.012551E-05  1.061185E-04  2.917418E-07  1.917760E-04 -1.775841E-02  2.034777E-08  2.044458E-08
  4.331000E+03  1.064517E-05  1.061348E-04  9.148047E-07  1.917243E-04 -1.338766E-02  2.034680E-08  2.045230E-08
  4.332000E+03  1.073076E-05  1.063121E-04 -2.026452E-07  1.914162E-04 -1.638987E-02  2.034712E-08  2.045551E-08
  4.333000E+03  1.015126E-05  1.060800E-04  1.211764E-07  1.918447E-04 -1.707487E-02  2.034793E-08  2.044487E-08
  4.334000E+03  1.055232E-05  1.061888E-04  9.424998E-07  1.916311E-04 -1.322726E-02  2.034730E-08  2.045112E-08
  4.335000E+03  1.078238E-05  1.062892E-04 -6.022565E-08  1.914672E-04 -1.725928E-02  2.034785E-08  2.045745E-08
  4.336000E+03  1.020189E-05  1.060606E-04 -2.585709E-08  1.918816E-04 -1.618954E-02  2.034841E-08  2.044594E-08
  4.337000E+03  1.045837E-05  1.062417E-04  9.211503E-07  1.915456E-04 -1.345349E-02  2.034828E-08  2.045051E-08
  4.338000E+03  1.080928E-05  1.062537E-04  1.055289E-07  1.915474E-04 -1.783670E-02  2.034938E-08  2.045958E-08
  4.339000E+03  1.027188E-05  1.060628E-04 -1.398115E-07  1.918856E-04 -1.526016E-02  2.034956E-08  2.044811E-08
  4.340000E+03  1.036916E-05  1.062852E-04  8.568294E-07  1.914815E-04 -1.401702E-02  2.034966E-08  2.045046E-08
  4.341000E+03  1.081255E-05  1.062102E-04  2.820080E-07  1.916404E-04 -1.807908E-02  2.035085E-08  2.046107E-08
  4.342000E+03  1.035373E-05  1.060817E-04 -2.163956E-07  1.918562E-04 -1.442961E-02  2.035031E-08  2.045018E-08
  4.343000E+03  1.029380E-05  1.063112E-04  7.568421E-07  1.914419E-04 -1.480047E-02  2.035018E-08  2.044984E-08
  4.344000E+03  1.079218E-05  1.061637E-04  4.508637E-07  1.917259E-04 -1.798555E-02  2.035103E-08  2.046073E-08
  4.345000E+03  1.044123E-05  1.061118E-04 -2.503428E-07  1.917967E-04 -1.380483E-02  2.034995E-08  2.045136E-08
  4.346000E+03  1.024004E-05  1.063175E-04  6.270062E-07  1.914281E-04 -1.566429E-02  2.034966E-08  2.044856E-08
  4.347000E+03  1.075064E-05  1.061210E-04  5.944348E-07  1.917944E-04 -1.757837E-02  2.035026E-08  2.045893E-08
  4.348000E+03  1.052847E-05  1.061500E-04 -2.414967E-07  1.917175E-04 -1.345492E-02  2.034898E-08  2.045206E-08
  4.349000E+03  1.021006E-05  1.063066E-04  4.773462E-07  1.914422E-04 -1.650084E-02  2.034880E-08  2.044733E-08
  4.350000E+03  1.069329E-05  1.060874E-04  7.037339E-07  1.918429E-04 -1.692539E-02  2.034920E-08  2.045650E-08
  4.351000E+03  1.060839E-05  1.061936E-04 -1.946356E-07  1.916308E-04 -1.339061E-02  2.034814E-08  2.045286E-08
  4.352000E+03  1.020337E-05  1.062817E-04  3.224798E-07  1.914825E-04 -1.724325E-02  2.034807E-08  2.044662E-08
  4.353000E+03  1.062452E-05  1.060643E-04  7.760242E-07  1.918682E-04 -1.613845E-02  2.034772E-08  2.045342E-08
  4.354000E+03  1.067613E-05  1.062357E-04 -1.144032E-07  1.915448E-04 -1.358155E-02  2.034702E-08  2.045323E-08
  4.355000E+03  1.021693E-05  1.062451E-04  1.747665E-07  1.915410E-04 -1.780025E-02  2.034708E-08  2.044594E-08
  4.356000E+03  1.054868E-05  1.060550E-04  8.136587E-07  1.918664E-04 -1.529870E-02  2.034601E-08  2.044999E-08
  4.357000E+03  1.072869E-05  1.062731E-04 -6.969794E-09  1.914674E-04 -1.403708E-02  2.034583E-08  2.045332E-08
  4.358000E+03  1.024698E-05  1.062000E-04  4.344525E-08  1.916170E-04 -1.808777E-02  2.034640E-08  2.044578E-08
  4.359000E+03  1.047064E-05  1.060644E-04  8.200391E-07  1.918370E-04 -1.446939E-02  2.034495E-08  2.044721E-08
  4.360000E+03  1.076384E-05  1.063016E-04  1.197613E-07  1.914109E-04 -1.476363E-02  2.034507E-08  2.045357E-08
  4.361000E+03  1.029217E-05  1.061489E-04 -6.585283E-08  1.917033E-04 -1.806840E-02  2.034579E-08  2.044587E-08
  4.362000E+03  1.039569E-05  1.060928E-04  7.933712E-07  1.917790E-04 -1.372448E-02  2.034446E-08  2.044514E-08
  4.363000E+03  1.077915E-05  1.063143E-04  2.572661E-07  1.913857E-04 -1.568323E-02  2.034452E-08  2.045368E-08
  4.364000E+03  1.035233E-05  1.060990E-04 -1.480960E-07  1.917866E-04 -1.768664E-02  2.034519E-08  2.044615E-08
  4.365000E+03  1.032666E-05  1.061391E-04  7.315451E-07  1.916939E-04 -1.322655E-02  2.034444E-08  2.044377E-08
  4.366000E+03  1.077604E-05  1.063073E-04  3.986445E-07  1.914037E-04 -1.665518E-02  2.034480E-08  2.045420E-08
  4.367000E+03  1.042461E-05  1.060618E-04 -2.036805E-07  1.918517E-04 -1.696437E-02  2.034521E-08  2.044721E-08
  4.368000E+03  1.026582E-05  1.061971E-04  6.383538E-07  1.915967E-04 -1.312122E-02  2.034527E-08  2.044354E-08
  4.369000E+03  1.075753E-05  1.062816E-04  5.367344E-07  1.914653E-04 -1.751952E-02  2.034612E-08  2.045539E-08
  4.370000E+03  1.050347E-05  1.060435E-04 -2.339438E-07  1.918888E-04 -1.600216E-02  2.034596E-08  2.044910E-08
  4.371000E+03  1.021832E-05  1.062541E-04  5.205328E-07  1.915034E-04 -1.344201E-02  2.034618E-08  2.044380E-08
  4.372000E+03  1.072219E-05  1.062387E-04  6.624158E-07  1.915575E-04 -1.810002E-02  2.034749E-08  2.045616E-08
  4.373000E+03  1.058353E-05  1.060480E-04 -2.314296E-07  1.918849E-04 -1.496701E-02  2.034674E-08  2.045110E-08
  4.374000E+03  1.018833E-05  1.062966E-04  3.853194E-07  1.914330E-04 -1.413809E-02  2.034666E-08  2.044402E-08
  4.375000E+03  1.066796E-05  1.061864E-04  7.690809E-07  1.916594E-04 -1.826088E-02  2.034823E-08  2.045579E-08
  4.376000E+03  1.066080E-05  1.060760E-04 -1.885803E-07  1.918381E-04 -1.406974E-02  2.034740E-08  2.045304E-08
  4.377000E+03  1.017685E-05  1.063188E-04  2.398632E-07  1.914017E-04 -1.507148E-02  2.034728E-08  2.044475E-08
  4.378000E+03  1.059779E-05  1.061367E-04  8.521744E-07  1.917541E-04 -1.798380E-02  2.034887E-08  2.045487E-08
  4.379000E+03  1.073031E-05  1.061217E-04 -1.070529E-07  1.917634E-04 -1.346431E-02  2.034842E-08  2.045532E-08
  4.380000E+03  1.018575E-05  1.063213E-04  9.257989E-08  1.914128E-04 -1.606087E-02  2.034864E-08  2.044658E-08
  4.381000E+03  1.051620E-05  1.060970E-04  9.041051E-07  1.918291E-04 -1.739845E-02  2.034941E-08  2.045357E-08
  4.382000E+03  1.078717E-05  1.061740E-04  8.255747E-09  1.916781E-04 -1.319219E-02  2.034946E-08  2.045752E-08
  4.383000E+03  1.021800E-05  1.063062E-04 -4.928092E-08  1.914549E-04 -1.695209E-02  2.034991E-08  2.044868E-08
  4.384000E+03  1.042837E-05  1.060695E-04  9.144387E-07  1.918778E-04 -1.660947E-02  2.034959E-08  2.045175E-08
  4.385000E+03  1.082891E-05  1.062248E-04  1.490182E-07  1.915884E-04 -1.327659E-02  2.034965E-08  2.045872E-08
  4.386000E+03  1.027144E-05  1.062728E-04 -1.788727E-07  1.915196E-04 -1.764164E-02  2.035016E-08  2.045005E-08
  4.387000E+03  1.034165E-05  1.060578E-04  8.812529E-07  1.918912E-04 -1.569288E-02  2.034905E-08  2.044924E-08
  4.388000E+03  1.085109E-05  1.062675E-04  3.043080E-07  1.915055E-04 -1.370983E-02  2.034890E-08  2.045868E-08
  4.389000E+03  1.034303E-05  1.062279E-04 -2.846911E-07  1.915971E-04 -1.804186E-02  2.034965E-08  2.045090E-08
  4.390000E+03  1.026241E-05  1.060641E-04  8.051929E-07  1.918698E-04 -1.479501E-02  2.034827E-08  2.044668E-08
  4.391000E+03  1.084787E-05  1.062983E-04  4.662963E-07  1.914452E-04 -1.439142E-02  2.034818E-08  2.045824E-08
  4.392000E+03  1.042944E-05  1.061793E-04 -3.521453E-07  1.916788E-04 -1.811837E-02  2.034897E-08  2.045175E-08
  4.393000E+03  1.019496E-05  1.060878E-04  6.892735E-07  1.918215E-04 -1.402326E-02  2.034791E-08  2.044484E-08
  4.394000E+03  1.081822E-05  1.063162E-04  6.271932E-07  1.914138E-04 -1.523860E-02  2.034802E-08  2.045787E-08
  4.395000E+03  1.052363E-05  1.061304E-04 -3.731639E-07  1.917610E-04 -1.787321E-02  2.034842E-08  2.045279E-08
  4.396000E+03  1.014363E-05  1.061274E-04  5.439077E-07  1.917483E-04 -1.344985E-02  2.034791E-08  2.044378E-08
  4.397000E+03  1.076573E-05  1.063178E-04  7.752411E-07  1.914140E-04 -1.620553E-02  2.034803E-08  2.045722E-08
  4.398000E+03  1.061768E-05  1.060861E-04 -3.481534E-07  1.918344E-04 -1.730163E-02  2.034791E-08  2.045378E-08
  4.399000E+03  1.011325E-05  1.061773E-04  3.809119E-07  1.916541E-04 -1.317408E-02  2.034754E-08  2.044286E-08
  4.400000E+03  1.069583E-05  1.062998E-04  8.960923E-07  1.914477E-04 -1.714217E-02  2.034787E-08  2.045599E-08
  4.401000E+03  1.070434E-05  1.060543E-04 -2.818339E-07  1.918826E-04 -1.647051E-02  2.034722E-08  2.045441E-08
  4.402000E+03  1.010678E-05  1.062291E-04  2.123174E-07  1.915544E-04 -1.325885E-02  2.034687E-08  2.044222E-08
  4.403000E+03  1.061548E-05  1.062653E-04  9.778374E-07  1.915128E-04 -1.785727E-02  2.034793E-08  2.045467E-08
  4.404000E+03  1.077780E-05  1.060431E-04 -1.832247E-07  1.918962E-04 -1.552035E-02  2.034682E-08  2.045511E-08
  4.405000E+03  1.012405E-05  1.062758E-04  4.992296E-08  1.914684E-04 -1.372050E-02  2.034655E-08  2.044250E-08
  4.406000E+03  1.052999E-05  1.062173E-04  1.016274E-06  1.915997E-04 -1.826783E-02  2.034780E-08  2.045292E-08
  4.407000E+03  1.083496E-05  1.060531E-04 -6.035313E-08  1.918727E-04 -1.455218E-02  2.034653E-08  2.045566E-08
  4.408000E+03  1.016277E-05  1.063100E-04 -9.805382E-08  1.914055E-04 -1.450533E-02  2.034618E-08  2.044320E-08
  4.409000E+03  1.044318E-05  1.061601E-04  1.012763E-06  1.916962E-04 -1.830425E-02  2.034708E-08  2.045040E-08
  4.410000E+03  1.087374E-05  1.060838E-04  8.091876E-08  1.918094E-04 -1.370482E-02  2.034596E-08  2.045568E-08
  4.411000E+03  1.021807E-05  1.063240E-04 -2.232913E-07  1.913781E-04 -1.550116E-02  2.034564E-08  2.044405E-08
  4.412000E+03  1.035883E-05  1.061046E-04  9.738039E-07  1.917854E-04 -1.791520E-02  2.034605E-08  2.044748E-08
  4.413000E+03  1.089293E-05  1.061333E-04  2.339935E-07  1.917143E-04 -1.316474E-02  2.034550E-08  2.045558E-08
  4.414000E+03  1.028458E-05  1.063158E-04 -3.187545E-07  1.913965E-04 -1.655238E-02  2.034567E-08  2.044564E-08
  4.415000E+03  1.028143E-05  1.060624E-04  9.063626E-07  1.918536E-04 -1.714815E-02  2.034547E-08  2.044505E-08
  4.416000E+03  1.089116E-05  1.061922E-04  3.910332E-07  1.916075E-04 -1.303998E-02  2.034549E-08  2.045569E-08
  4.417000E+03  1.035918E-05  1.062858E-04 -3.790291E-07  1.914572E-04 -1.746872E-02  2.034609E-08  2.044767E-08
  4.418000E+03  1.021506E-05  1.060409E-04  8.132588E-07  1.918882E-04 -1.612589E-02  2.034535E-08  2.044327E-08
  4.419000E+03  1.086872E-05  1.062484E-04  5.436055E-07  1.915083E-04 -1.335120E-02  2.034564E-08  2.045569E-08
  4.420000E+03  1.044147E-05  1.062404E-04 -4.043336E-07  1.915470E-04 -1.806921E-02  2.034670E-08  2.044990E-08
  4.421000E+03  1.016115E-05  1.060456E-04  6.940197E-07  1.918823E-04 -1.504795E-02  2.034596E-08  2.044250E-08
  4.422000E+03  1.082997E-05  1.062925E-04  6.850793E-07  1.914372E-04 -1.404931E-02  2.034634E-08  2.045602E-08
  4.423000E+03  1.052941E-05  1.061886E-04 -4.017080E-07  1.916510E-04 -1.824231E-02  2.034777E-08  2.045255E-08
  4.424000E+03  1.012151E-05  1.060763E-04  5.512361E-07  1.918374E-04 -1.413043E-02  2.034737E-08  2.044291E-08
  4.425000E+03  1.077842E-05  1.063170E-04  8.088444E-07  1.914080E-04 -1.501689E-02  2.034764E-08  2.045671E-08
  4.426000E+03  1.061767E-05  1.061377E-04 -3.736415E-07  1.917506E-04 -1.797651E-02  2.034867E-08  2.045490E-08
  4.427000E+03  1.010005E-05  1.061229E-04  3.922330E-07  1.917607E-04 -1.351222E-02  2.034834E-08  2.044337E-08
  4.428000E+03  1.071335E-05  1.063171E-04  9.076319E-07  1.914178E-04 -1.605498E-02  2.034835E-08  2.045652E-08
  4.429000E+03  1.070034E-05  1.060944E-04 -3.136193E-07  1.918253E-04 -1.734734E-02  2.034853E-08  2.045602E-08
  4.430000E+03  1.009860E-05  1.061752E-04  2.273510E-07  1.916653E-04 -1.326409E-02  2.034832E-08  2.044336E-08
  4.431000E+03  1.063605E-05  1.062967E-04  9.766747E-07  1.914606E-04 -1.696318E-02  2.034870E-08  2.045563E-08
  4.432000E+03  1.077107E-05  1.060684E-04 -2.188030E-07  1.918684E-04 -1.648619E-02  2.034840E-08  2.045691E-08
  4.433000E+03  1.011710E-05  1.062272E-04  6.940619E-08  1.915731E-04 -1.340559E-02  2.034846E-08  2.044401E-08
  4.434000E+03  1.054974E-05  1.062641E-04  1.013357E-06  1.915297E-04 -1.762915E-02  2.034957E-08  2.045497E-08
  4.435000E+03  1.082541E-05  1.060627E-04 -9.185688E-08  1.918817E-04 -1.556097E-02  2.034903E-08  2.045829E-08
  4.436000E+03  1.015649E-05  1.062717E-04 -7.348815E-08  1.914999E-04 -1.387354E-02  2.034907E-08  2.044562E-08
  4.437000E+03  1.045877E-05  1.062219E-04  1.012038E-06  1.916131E-04 -1.799619E-02  2.035021E-08  2.045386E-08
  4.438000E+03  1.086101E-05  1.060738E-04  6.047880E-08  1.918622E-04 -1.468694E-02  2.034936E-08  2.045907E-08
  4.439000E+03  1.021463E-05  1.063009E-04 -1.947677E-07  1.914485E-04 -1.458162E-02  2.034898E-08  2.044692E-08
  4.440000E+03  1.037084E-05  1.061717E-04  9.704261E-07  1.916968E-04 -1.801772E-02  2.034947E-08  2.045131E-08
  4.441000E+03  1.087565E-05  1.060996E-04  2.246379E-07  1.918066E-04 -1.394924E-02  2.034861E-08  2.045847E-08
  4.442000E+03  1.028733E-05  1.063131E-04 -2.863854E-07  1.914216E-04 -1.545600E-02  2.034820E-08  2.044783E-08
  4.443000E+03  1.029399E-05  1.061216E-04  8.901030E-07  1.917727E-04 -1.770830E-02  2.034805E-08  2.044817E-08
  4.444000E+03  1.086726E-05  1.061385E-04  3.862464E-07  1.917255E-04 -1.343595E-02  2.034762E-08  2.045729E-08
  4.445000E+03  1.037002E-05  1.063096E-04 -3.402763E-07  1.914262E-04 -1.638051E-02  2.034771E-08  2.044919E-08
  4.446000E+03  1.023401E-05  1.060813E-04  7.752565E-07  1.918354E-04 -1.711132E-02  2.034716E-08  2.044582E-08
  4.447000E+03  1.083634E-05  1.061876E-04  5.332186E-07  1.916332E-04 -1.324018E-02  2.034729E-08  2.045647E-08
  4.448000E+03  1.045590E-05  1.062880E-04 -3.516216E-07  1.914677E-04 -1.723129E-02  2.034769E-08  2.045100E-08
  4.449000E+03  1.019380E-05  1.060577E-04  6.370892E-07  1.918741E-04 -1.625764E-02  2.034703E-08  2.044455E-08
  4.450000E+03  1.078602E-05  1.062393E-04  6.570669E-07  1.915398E-04 -1.345682E-02  2.034720E-08  2.045565E-08
  4.451000E+03  1.053908E-05  1.062467E-04 -3.216810E-07  1.915436E-04 -1.785143E-02  2.034763E-08  2.045261E-08
  4.452000E+03  1.017268E-05  1.060550E-04  4.880133E-07  1.918734E-04 -1.525950E-02  2.034676E-08  2.044352E-08
  4.453000E+03  1.072164E-05  1.062825E-04  7.546020E-07  1.914596E-04 -1.407885E-02  2.034679E-08  2.045434E-08
  4.454000E+03  1.061376E-05  1.061927E-04 -2.561902E-07  1.916388E-04 -1.811108E-02  2.034731E-08  2.045365E-08
  4.455000E+03  1.016967E-05  1.060740E-04  3.405259E-07  1.918313E-04 -1.431068E-02  2.034622E-08  2.044265E-08
  4.456000E+03  1.065102E-05  1.063089E-04  8.210650E-07  1.914112E-04 -1.496265E-02  2.034643E-08  2.045299E-08
  4.457000E+03  1.067376E-05  1.061371E-04 -1.656170E-07  1.917327E-04 -1.797648E-02  2.034667E-08  2.045396E-08
  4.458000E+03  1.018519E-05  1.061125E-04  2.066861E-07  1.917565E-04 -1.359272E-02  2.034588E-08  2.044246E-08
  4.459000E+03  1.057990E-05  1.063145E-04  8.507252E-07  1.914035E-04 -1.596896E-02  2.034638E-08  2.045192E-08
  4.460000E+03  1.071695E-05  1.060889E-04 -5.966740E-08  1.918135E-04 -1.744125E-02  2.034618E-08  2.045401E-08
  4.461000E+03  1.021889E-05  1.061654E-04  9.105132E-08  1.916594E-04 -1.323824E-02  2.034581E-08  2.044305E-08
  4.462000E+03  1.051195E-05  1.062968E-04  8.411387E-07  1.914385E-04 -1.696561E-02  2.034638E-08  2.045087E-08
  4.463000E+03  1.074342E-05  1.060567E-04  5.422959E-08  1.918664E-04 -1.656595E-02  2.034592E-08  2.045390E-08
  4.464000E+03  1.026640E-05  1.062210E-04 -2.771473E-09  1.915571E-04 -1.332450E-02  2.034558E-08  2.044388E-08
  4.465000E+03  1.045032E-05  1.062594E-04  7.983978E-07  1.915102E-04 -1.771322E-02  2.034657E-08  2.045000E-08
  4.466000E+03  1.075408E-05  1.060483E-04  1.689403E-07  1.918777E-04 -1.555661E-02  2.034584E-08  2.045368E-08
  4.467000E+03  1.032158E-05  1.062688E-04 -7.139193E-08  1.914756E-04 -1.380029E-02  2.034594E-08  2.044556E-08
  4.468000E+03  1.039723E-05  1.062118E-04  7.329535E-07  1.916015E-04 -1.809814E-02  2.034702E-08  2.044940E-08
  4.469000E+03  1.074824E-05  1.060632E-04  2.806102E-07  1.918518E-04 -1.460299E-02  2.034624E-08  2.045372E-08
  4.470000E+03  1.037936E-05  1.063019E-04 -1.091157E-07  1.914244E-04 -1.458146E-02  2.034661E-08  2.044766E-08
  4.471000E+03  1.035487E-05  1.061595E-04  6.530808E-07  1.916972E-04 -1.809390E-02  2.034715E-08  2.044855E-08
  4.472000E+03  1.072585E-05  1.060969E-04  3.848983E-07  1.917921E-04 -1.381964E-02  2.034662E-08  2.045353E-08
  4.473000E+03  1.043716E-05  1.063151E-04 -1.135592E-07  1.914068E-04 -1.554670E-02  2.034697E-08  2.044945E-08
  4.474000E+03  1.032481E-05  1.061108E-04  5.626677E-07  1.917832E-04 -1.768978E-02  2.034708E-08  2.044762E-08
  4.475000E+03  1.069027E-05  1.061446E-04  4.757429E-07  1.917083E-04 -1.333062E-02  2.034700E-08  2.045321E-08
  4.476000E+03  1.049304E-05  1.063086E-04 -8.987598E-08  1.914286E-04 -1.650859E-02  2.034774E-08  2.045156E-08
  4.477000E+03  1.030811E-05  1.060790E-04  4.646715E-07  1.918474E-04 -1.696466E-02  2.034804E-08  2.044792E-08
  4.478000E+03  1.064529E-05  1.061997E-04  5.477855E-07  1.916214E-04 -1.325889E-02  2.034834E-08  2.045382E-08
  4.479000E+03  1.054519E-05  1.062853E-04 -4.411153E-08  1.914893E-04 -1.730019E-02  2.034944E-08  2.045443E-08
  4.480000E+03  1.030642E-05  1.060667E-04  3.613194E-07  1.918794E-04 -1.609000E-02  2.034938E-08  2.044888E-08
  4.481000E+03  1.059302E-05  1.062488E-04  5.958989E-07  1.915448E-04 -1.357897E-02  2.034954E-08  2.045426E-08
  4.482000E+03  1.059109E-05  1.062460E-04  2.165454E-08  1.915689E-04 -1.781011E-02  2.035021E-08  2.045612E-08
  4.483000E+03  1.031909E-05  1.060697E-04  2.582465E-07  1.918716E-04 -1.519536E-02  2.034941E-08  2.044884E-08
  4.484000E+03  1.053767E-05  1.062834E-04  6.177986E-07  1.914822E-04 -1.418730E-02  2.034932E-08  2.045328E-08
  4.485000E+03  1.062593E-05  1.061948E-04  1.030554E-07  1.916528E-04 -1.796773E-02  2.034925E-08  2.045574E-08
  4.486000E+03  1.034594E-05  1.060886E-04  1.652544E-07  1.918242E-04 -1.437261E-02  2.034826E-08  2.044799E-08
  4.487000E+03  1.048293E-05  1.063030E-04  6.106760E-07  1.914403E-04 -1.502619E-02  2.034838E-08  2.045161E-08
  4.488000E+03  1.064486E-05  1.061430E-04  1.968556E-07  1.917366E-04 -1.776065E-02  2.034828E-08  2.045495E-08
  4.489000E+03  1.038779E-05  1.061250E-04  9.141941E-08  1.917515E-04 -1.373527E-02  2.034771E-08  2.044812E-08
  4.490000E+03  1.043046E-05  1.063085E-04  5.714800E-07  1.914317E-04 -1.599175E-02  2.034821E-08  2.045076E-08
  4.491000E+03  1.064687E-05  1.060992E-04  3.005856E-07  1.918123E-04 -1.725859E-02  2.034809E-08  2.045453E-08
  4.492000E+03  1.044105E-05  1.061725E-04  4.181488E-08  1.916654E-04 -1.339259E-02  2.034778E-08  2.044923E-08
  4.493000E+03  1.038430E-05  1.062945E-04  5.039424E-07  1.914599E-04 -1.691447E-02  2.034823E-08  2.045014E-08
  4.494000E+03  1.063231E-05  1.060682E-04  4.057803E-07  1.918617E-04 -1.650793E-02  2.034766E-08  2.045352E-08
  4.495000E+03  1.049920E-05  1.062219E-04  2.131057E-08  1.915726E-04 -1.343312E-02  2.034738E-08  2.045009E-08
  4.496000E+03  1.035196E-05  1.062598E-04  4.147652E-07  1.915190E-04 -1.763772E-02  2.034759E-08  2.044900E-08
  4.497000E+03  1.060085E-05  1.060535E-04  4.976989E-07  1.918737E-04 -1.558531E-02  2.034641E-08  2.045135E-08
  4.498000E+03  1.055618E-05  1.062670E-04  3.578147E-08  1.914844E-04 -1.384066E-02  2.034651E-08  2.045058E-08
  4.499000E+03  1.033878E-05  1.062106E-04  3.115351E-07  1.915983E-04 -1.809483E-02  2.034644E-08  2.044759E-08
  4.500000E+03  1.055434E-05  1.060590E-04  5.639589E-07  1.918517E-04 -1.459175E-02  2.034544E-08  2.044922E-08
  4.501000E+03  1.060653E-05  1.063031E-04  8.616494E-08  1.914146E-04 -1.458258E-02  2.034580E-08  2.045119E-08
  4.502000E+03  1.034744E-05  1.061547E-04  2.029605E-07  1.916917E-04 -1.820778E-02  2.034559E-08  2.044679E-08
  4.503000E+03  1.049600E-05  1.060883E-04  5.964742E-07  1.917956E-04 -1.370270E-02  2.034536E-08  2.044784E-08
  4.504000E+03  1.064663E-05  1.063218E-04  1.690769E-07  1.913830E-04 -1.556674E-02  2.034573E-08  2.045227E-08
  4.505000E+03  1.037594E-05  1.061015E-04  9.799484E-08  1.917856E-04 -1.787324E-02  2.034549E-08  2.044696E-08
  4.506000E+03  1.043037E-05  1.061376E-04  5.953716E-07  1.917083E-04 -1.313509E-02  2.034570E-08  2.044690E-08
  4.507000E+03  1.067351E-05  1.063174E-04  2.779704E-07  1.914000E-04 -1.661210E-02  2.034634E-08  2.045374E-08
  4.508000E+03  1.041875E-05  1.060608E-04  7.366725E-09  1.918593E-04 -1.713248E-02  2.034577E-08  2.044770E-08
  4.509000E+03  1.036587E-05  1.061961E-04  5.645160E-07  1.916065E-04 -1.299359E-02  2.034615E-08  2.044624E-08
  4.510000E+03  1.068267E-05  1.062909E-04  3.997295E-07  1.914580E-04 -1.753358E-02  2.034711E-08  2.045491E-08
  4.511000E+03  1.047185E-05  1.060393E-04 -5.647940E-08  1.918993E-04 -1.613376E-02  2.034622E-08  2.044878E-08
  4.512000E+03  1.031149E-05  1.062533E-04  5.043406E-07  1.915098E-04 -1.327297E-02  2.034674E-08  2.044604E-08
  4.513000E+03  1.067100E-05  1.062462E-04  5.189938E-07  1.915449E-04 -1.818447E-02  2.034756E-08  2.045525E-08
  4.514000E+03  1.053340E-05  1.060409E-04 -8.568141E-08  1.918985E-04 -1.503477E-02  2.034678E-08  2.045017E-08
  4.515000E+03  1.027121E-05  1.063003E-04  4.151362E-07  1.914321E-04 -1.395466E-02  2.034731E-08  2.044617E-08
  4.516000E+03  1.063997E-05  1.061897E-04  6.264862E-07  1.916489E-04 -1.845144E-02  2.034768E-08  2.045472E-08
  4.517000E+03  1.060040E-05  1.060649E-04 -8.065148E-08  1.918543E-04 -1.402200E-02  2.034700E-08  2.045142E-08
  4.518000E+03  1.024640E-05  1.063301E-04  3.017392E-07  1.913868E-04 -1.491067E-02  2.034791E-08  2.044667E-08
  4.519000E+03  1.059418E-05  1.061318E-04  7.155185E-07  1.917534E-04 -1.829340E-02  2.034774E-08  2.045372E-08
  4.520000E+03  1.066598E-05  1.061071E-04 -4.476196E-08  1.917779E-04 -1.324978E-02  2.034722E-08  2.045279E-08
  4.521000E+03  1.023891E-05  1.063397E-04  1.763486E-07  1.913798E-04 -1.598279E-02  2.034868E-08  2.044765E-08
  4.522000E+03  1.053720E-05  1.060817E-04  7.793178E-07  1.918454E-04 -1.774182E-02  2.034808E-08  2.045268E-08
  4.523000E+03  1.072369E-05  1.061625E-04  2.036541E-08  1.916815E-04 -1.283154E-02  2.034770E-08  2.045441E-08
  4.524000E+03  1.024994E-05  1.063260E-04  5.094751E-08  1.914116E-04 -1.705632E-02  2.034908E-08  2.044855E-08
  4.525000E+03  1.046930E-05  1.060450E-04  8.152458E-07  1.919103E-04 -1.685250E-02  2.034824E-08  2.045118E-08
  4.526000E+03  1.077155E-05  1.062234E-04  1.158617E-07  1.915747E-04 -1.283102E-02  2.034804E-08  2.045587E-08
  4.527000E+03  1.027878E-05  1.062873E-04 -6.988882E-08  1.914782E-04 -1.799795E-02  2.034840E-08  2.044861E-08
  4.528000E+03  1.039447E-05  1.060255E-04  8.213056E-07  1.919347E-04 -1.571502E-02  2.034746E-08  2.044858E-08
  4.529000E+03  1.080660E-05  1.062812E-04  2.362387E-07  1.914680E-04 -1.326877E-02  2.034765E-08  2.045648E-08
  4.530000E+03  1.032393E-05  1.062300E-04 -1.789377E-07  1.915751E-04 -1.861272E-02  2.034750E-08  2.044861E-08
  4.531000E+03  1.031824E-05  1.060318E-04  7.958143E-07  1.919142E-04 -1.450340E-02  2.034686E-08  2.044617E-08
  4.532000E+03  1.082624E-05  1.063283E-04  3.726142E-07  1.913852E-04 -1.412122E-02  2.034764E-08  2.045729E-08
  4.533000E+03  1.038551E-05  1.061655E-04 -2.710977E-07  1.916923E-04 -1.877350E-02  2.034752E-08  2.044967E-08
  4.534000E+03  1.024261E-05  1.060655E-04  7.367807E-07  1.918536E-04 -1.342994E-02  2.034721E-08  2.044484E-08
  4.535000E+03  1.082993E-05  1.063568E-04  5.214195E-07  1.913441E-04 -1.527501E-02  2.034837E-08  2.045858E-08
  4.536000E+03  1.046056E-05  1.061027E-04 -3.427308E-07  1.918100E-04 -1.845997E-02  2.034808E-08  2.045139E-08
  4.537000E+03  1.017205E-05  1.061198E-04  6.463347E-07  1.917602E-04 -1.266974E-02  2.034793E-08  2.044413E-08
  4.538000E+03  1.081693E-05  1.063578E-04  6.743231E-07  1.913494E-04 -1.654916E-02  2.034872E-08  2.045913E-08
  4.539000E+03  1.054388E-05  1.060488E-04 -3.879016E-07  1.919036E-04 -1.769277E-02  2.034797E-08  2.045249E-08
  4.540000E+03  1.011265E-05  1.061852E-04  5.297186E-07  1.916410E-04 -1.236672E-02  2.034789E-08  2.044304E-08
  4.541000E+03  1.078461E-05  1.063286E-04  8.213331E-07  1.914012E-04 -1.772075E-02  2.034823E-08  2.045836E-08
  4.542000E+03  1.063252E-05  1.060131E-04 -3.987912E-07  1.919559E-04 -1.655684E-02  2.034705E-08  2.045283E-08
  4.543000E+03  1.006976E-05  1.062526E-04  3.883123E-07  1.915139E-04 -1.258563E-02  2.034724E-08  2.044184E-08
  4.544000E+03  1.072998E-05  1.062764E-04  9.542744E-07  1.914924E-04 -1.861189E-02  2.034759E-08  2.045686E-08
  4.545000E+03  1.072471E-05  1.060035E-04 -3.678799E-07  1.919638E-04 -1.522425E-02  2.034647E-08  2.045359E-08
  4.546000E+03  1.004584E-05  1.063129E-04  2.235154E-07  1.914033E-04 -1.329584E-02  2.034684E-08  2.044138E-08
  4.547000E+03  1.065371E-05  1.062095E-04  1.067580E-06  1.916097E-04 -1.910550E-02  2.034705E-08  2.045488E-08
  4.548000E+03  1.081635E-05  1.060220E-04 -2.930332E-07  1.919248E-04 -1.392280E-02  2.034628E-08  2.045483E-08
  4.549000E+03  1.004336E-05  1.063568E-04  4.150374E-08  1.913293E-04 -1.436847E-02  2.034708E-08  2.044203E-08
  4.550000E+03  1.056035E-05  1.061364E-04  1.152443E-06  1.917356E-04 -1.913042E-02  2.034640E-08  2.045229E-08
  4.551000E+03  1.089996E-05  1.060650E-04 -1.769661E-07  1.918434E-04 -1.282966E-02  2.034619E-08  2.045616E-08
  4.552000E+03  1.006569E-05  1.063778E-04 -1.456030E-07  1.912975E-04 -1.568170E-02  2.034731E-08  2.044316E-08
  4.553000E+03  1.045565E-05  1.060643E-04  1.197150E-06  1.918571E-04 -1.863290E-02  2.034565E-08  2.044923E-08
  4.554000E+03  1.096676E-05  1.061287E-04 -2.372637E-08  1.917236E-04 -1.209060E-02  2.034588E-08  2.045712E-08
  4.555000E+03  1.011570E-05  1.063701E-04 -3.226274E-07  1.913126E-04 -1.711743E-02  2.034696E-08  2.044420E-08
  4.556000E+03  1.034468E-05  1.060051E-04  1.191611E-06  1.919579E-04 -1.759486E-02  2.034538E-08  2.044637E-08
  4.557000E+03  1.101101E-05  1.062065E-04  1.613859E-07  1.915790E-04 -1.187979E-02  2.034550E-08  2.045780E-08
  4.558000E+03  1.019361E-05  1.063315E-04 -4.782083E-07  1.913826E-04 -1.843754E-02  2.034653E-08  2.044556E-08
  4.559000E+03  1.023161E-05  1.059731E-04  1.131789E-06  1.920147E-04 -1.615746E-02  2.034575E-08  2.044404E-08
  4.560000E+03  1.103090E-05  1.062871E-04  3.715822E-07  1.914385E-04 -1.227921E-02  2.034591E-08  2.045901E-08
  4.561000E+03  1.029236E-05  1.062668E-04 -6.026461E-07  1.915016E-04 -1.940507E-02  2.034644E-08  2.044748E-08
  4.562000E+03  1.012457E-05  1.059740E-04  1.024946E-06  1.920157E-04 -1.454845E-02  2.034652E-08  2.044227E-08
  4.563000E+03  1.102526E-05  1.063592E-04  5.915045E-07  1.913234E-04 -1.324151E-02  2.034722E-08  2.046077E-08
  4.564000E+03  1.040299E-05  1.061841E-04 -6.859669E-07  1.916554E-04 -1.985891E-02  2.034674E-08  2.044981E-08
  4.565000E+03  1.003403E-05  1.060076E-04  8.801107E-07  1.919562E-04 -1.301550E-02  2.034709E-08  2.044072E-08
  4.566000E+03  1.099152E-05  1.064080E-04  8.023061E-07  1.912505E-04 -1.464980E-02  2.034840E-08  2.046194E-08
  4.567000E+03  1.051996E-05  1.060959E-04 -7.182447E-07  1.918182E-04 -1.966317E-02  2.034719E-08  2.045220E-08
  4.568000E+03  9.967581E-06  1.060705E-04  7.019056E-07  1.918405E-04 -1.183960E-02  2.034720E-08  2.043937E-08
  4.569000E+03  1.093021E-05  1.064225E-04  9.882793E-07  1.912344E-04 -1.630949E-02  2.034895E-08  2.046194E-08
  4.570000E+03  1.064034E-05  1.060172E-04 -6.980501E-07  1.919605E-04 -1.880391E-02  2.034753E-08  2.045436E-08
  4.571000E+03  9.925289E-06  1.061559E-04  4.961968E-07  1.916880E-04 -1.120294E-02  2.034754E-08  2.043892E-08
  4.572000E+03  1.084682E-05  1.064006E-04  1.144609E-06  1.912809E-04 -1.799877E-02  2.034910E-08  2.046102E-08
  4.573000E+03  1.075831E-05  1.059591E-04 -6.314105E-07  1.920639E-04 -1.738052E-02  2.034785E-08  2.045635E-08
  4.574000E+03  9.906855E-06  1.062532E-04  2.749233E-07  1.915186E-04 -1.120491E-02  2.034818E-08  2.043946E-08
  4.575000E+03  1.074842E-05  1.063430E-04  1.265840E-06  1.913884E-04 -1.946958E-02  2.034897E-08  2.045935E-08
  4.576000E+03  1.086480E-05  1.059322E-04 -5.247976E-07  1.921083E-04 -1.559005E-02  2.034798E-08  2.045791E-08
  4.577000E+03  9.914367E-06  1.063464E-04  5.450366E-08  1.913571E-04 -1.190072E-02  2.034870E-08  2.044060E-08
  4.578000E+03  1.063741E-05  1.062558E-04  1.345719E-06  1.915448E-04 -2.043840E-02  2.034849E-08  2.045686E-08
  4.579000E+03  1.095511E-05  1.059434E-04 -3.789975E-07  1.920799E-04 -1.370280E-02  2.034770E-08  2.045883E-08
  4.580000E+03  9.948319E-06  1.064183E-04 -1.560057E-07  1.912301E-04 -1.325056E-02  2.034860E-08  2.044177E-08
  4.581000E+03  1.051640E-05  1.061507E-04  1.381030E-06  1.917268E-04 -2.068028E-02  2.034758E-08  2.045344E-08
  4.582000E+03  1.102612E-05  1.059959E-04 -1.965910E-07  1.919760E-04 -1.202697E-02  2.034719E-08  2.045935E-08
  4.583000E+03  1.000584E-05  1.064559E-04 -3.479152E-07  1.911647E-04 -1.509015E-02  2.034830E-08  2.044324E-08
  4.584000E+03  1.039337E-05  1.060463E-04  1.370712E-06  1.919066E-04 -2.009419E-02  2.034687E-08  2.044992E-08
  4.585000E+03  1.107491E-05  1.060829E-04  8.882877E-09  1.918126E-04 -1.087061E-02  2.034683E-08  2.045985E-08
  4.586000E+03  1.008336E-05  1.064520E-04 -5.122827E-07  1.911761E-04 -1.712186E-02  2.034810E-08  2.044514E-08
  4.587000E+03  1.027409E-05  1.059609E-04  1.316983E-06  1.920543E-04 -1.874858E-02  2.034667E-08  2.044679E-08
  4.588000E+03  1.109985E-05  1.061906E-04  2.272302E-07  1.916163E-04 -1.045255E-02  2.034673E-08  2.046045E-08
  4.589000E+03  1.017950E-05  1.064047E-04 -6.446454E-07  1.912643E-04 -1.901618E-02  2.034775E-08  2.044707E-08
  4.590000E+03  1.016161E-05  1.059093E-04  1.220041E-06  1.921422E-04 -1.684144E-02  2.034676E-08  2.044397E-08
  4.591000E+03  1.110033E-05  1.063005E-04  4.528436E-07  1.914186E-04 -1.086855E-02  2.034669E-08  2.046091E-08
  4.592000E+03  1.029161E-05  1.063200E-04 -7.415248E-07  1.914157E-04 -2.044082E-02  2.034706E-08  2.044873E-08
  4.593000E+03  1.006026E-05  1.059008E-04  1.081466E-06  1.921506E-04 -1.469564E-02  2.034671E-08  2.044128E-08
  4.594000E+03  1.107660E-05  1.063945E-04  6.768052E-07  1.912532E-04 -1.205737E-02  2.034682E-08  2.046128E-08
  4.595000E+03  1.041377E-05  1.062109E-04 -7.983711E-07  1.916065E-04 -2.115046E-02  2.034614E-08  2.045007E-08
  4.596000E+03  9.976946E-06  1.059369E-04  9.072747E-07  1.920761E-04 -1.266785E-02  2.034631E-08  2.043874E-08
  4.597000E+03  1.102838E-05  1.064588E-04  8.854688E-07  1.911452E-04 -1.384257E-02  2.034714E-08  2.046148E-08
  4.598000E+03  1.053926E-05  1.060946E-04 -8.088379E-07  1.918108E-04 -2.100549E-02  2.034560E-08  2.045157E-08
  4.599000E+03  9.917448E-06  1.060128E-04  7.060164E-07  1.919306E-04 -1.107067E-02  2.034586E-08  2.043685E-08
  4.600000E+03  1.095548E-05  1.064833E-04  1.067401E-06  1.911109E-04 -1.597629E-02  2.034752E-08  2.046125E-08
  4.601000E+03  1.066431E-05  1.059899E-04 -7.693281E-07  1.919989E-04 -2.000400E-02  2.034587E-08  2.045363E-08
  4.602000E+03  9.884038E-06  1.061170E-04  4.833238E-07  1.917389E-04 -1.014422E-02  2.034572E-08  2.043604E-08
  4.603000E+03  1.085959E-05  1.064618E-04  1.216577E-06  1.911547E-04 -1.815482E-02  2.034732E-08  2.045989E-08
  4.604000E+03  1.078391E-05  1.059113E-04 -6.789721E-07  1.921381E-04 -1.828757E-02  2.034620E-08  2.045550E-08
  4.605000E+03  9.877626E-06  1.062358E-04  2.484830E-07  1.915274E-04 -1.001170E-02  2.034604E-08  2.043651E-08
  4.606000E+03  1.074743E-05  1.063945E-04  1.325420E-06  1.912736E-04 -2.007584E-02  2.034635E-08  2.045724E-08
  4.607000E+03  1.088992E-05  1.058698E-04 -5.442986E-07  1.922053E-04 -1.606751E-02  2.034612E-08  2.045666E-08
  4.608000E+03  9.898000E-06  1.063530E-04  1.802938E-08  1.913195E-04 -1.075383E-02  2.034623E-08  2.043763E-08
  4.609000E+03  1.062709E-05  1.062878E-04  1.387436E-06  1.914596E-04 -2.140009E-02  2.034516E-08  2.045390E-08
  4.610000E+03  1.097383E-05  1.058751E-04 -3.742805E-07  1.921816E-04 -1.367566E-02  2.034534E-08  2.045679E-08
  4.611000E+03  9.946778E-06  1.064494E-04 -1.923009E-07  1.911495E-04 -1.231931E-02  2.034621E-08  2.043929E-08
  4.612000E+03  1.050373E-05  1.061609E-04  1.394966E-06  1.916859E-04 -2.185531E-02  2.034469E-08  2.045087E-08
  4.613000E+03  1.103000E-05  1.059302E-04 -1.744455E-07  1.920707E-04 -1.152745E-02  2.034473E-08  2.045677E-08
  4.614000E+03  1.002240E-05  1.065099E-04 -3.698674E-07  1.910508E-04 -1.448560E-02  2.034666E-08  2.044202E-08
  4.615000E+03  1.038167E-05  1.060346E-04  1.347446E-06  1.919201E-04 -2.133080E-02  2.034553E-08  2.044885E-08
  4.616000E+03  1.105873E-05  1.060317E-04  4.623177E-08  1.918913E-04 -9.944155E-03  2.034555E-08  2.045796E-08
  4.617000E+03  1.011731E-05  1.065215E-04 -5.088100E-07  1.910461E-04 -1.698009E-02  2.034757E-08  2.044553E-08
  4.618000E+03  1.026786E-05  1.059270E-04  1.254098E-06  1.921253E-04 -1.983147E-02  2.034726E-08  2.044759E-08
  4.619000E+03  1.106133E-05  1.061659E-04  2.727049E-07  1.916624E-04 -9.222227E-03  2.034716E-08  2.045979E-08
  4.620000E+03  1.022300E-05  1.064750E-04 -6.044559E-07  1.911439E-04 -1.941720E-02  2.034822E-08  2.044881E-08
  4.621000E+03  1.017091E-05  1.058564E-04  1.124668E-06  1.922555E-04 -1.756024E-02  2.034834E-08  2.044588E-08
  4.622000E+03  1.103757E-05  1.063083E-04  4.878503E-07  1.914182E-04 -9.538611E-03  2.034841E-08  2.046111E-08
  4.623000E+03  1.033430E-05  1.063767E-04 -6.519418E-07  1.913282E-04 -2.134006E-02  2.034823E-08  2.045127E-08
  4.624000E+03  1.009656E-05  1.058362E-04  9.646301E-07  1.922845E-04 -1.490472E-02  2.034839E-08  2.044358E-08
  4.625000E+03  1.098943E-05  1.064351E-04  6.784334E-07  1.912007E-04 -1.086384E-02  2.034927E-08  2.046186E-08
  4.626000E+03  1.044725E-05  1.062438E-04 -6.518361E-07  1.915716E-04 -2.238676E-02  2.034819E-08  2.045334E-08
  4.627000E+03  1.004524E-05  1.058742E-04  7.815729E-07  1.922081E-04 -1.229956E-02  2.034835E-08  2.044181E-08
  4.628000E+03  1.092403E-05  1.065250E-04  8.375283E-07  1.910510E-04 -1.303872E-02  2.034999E-08  2.046230E-08
  4.629000E+03  1.055488E-05  1.060980E-04 -6.125047E-07  1.918382E-04 -2.232235E-02  2.034858E-08  2.045535E-08
  4.630000E+03  1.001625E-05  1.059669E-04  5.901075E-07  1.920369E-04 -1.018665E-02  2.034850E-08  2.044097E-08
  4.631000E+03  1.084790E-05  1.065596E-04  9.608968E-07  1.909975E-04 -1.574694E-02  2.035010E-08  2.046193E-08
  4.632000E+03  1.065066E-05  1.059628E-04 -5.414763E-07  1.920797E-04 -2.111558E-02  2.034877E-08  2.045661E-08
  4.633000E+03  1.000945E-05  1.060974E-04  4.034643E-07  1.917936E-04 -8.963128E-03  2.034798E-08  2.044026E-08
  4.634000E+03  1.076370E-05  1.065271E-04  1.046617E-06  1.910511E-04 -1.851387E-02  2.034864E-08  2.045966E-08
  4.635000E+03  1.073206E-05  1.058620E-04 -4.419281E-07  1.922437E-04 -1.895335E-02  2.034764E-08  2.045607E-08
  4.636000E+03  1.002449E-05  1.062417E-04  2.270197E-07  1.915192E-04 -8.862867E-03  2.034652E-08  2.043944E-08
  4.637000E+03  1.067410E-05  1.064344E-04  1.093040E-06  1.912024E-04 -2.082409E-02  2.034610E-08  2.045590E-08
  4.638000E+03  1.079739E-05  1.058133E-04 -3.177731E-07  1.923027E-04 -1.623031E-02  2.034550E-08  2.045419E-08
  4.639000E+03  1.005812E-05  1.063775E-04  6.698853E-08  1.912637E-04 -9.870185E-03  2.034517E-08  2.043941E-08
  4.640000E+03  1.058343E-05  1.063018E-04  1.103051E-06  1.914274E-04 -2.229780E-02  2.034402E-08  2.045218E-08
  4.641000E+03  1.084538E-05  1.058260E-04 -1.766457E-07  1.922561E-04 -1.341747E-02  2.034387E-08  2.045265E-08
  4.642000E+03  1.010728E-05  1.064848E-04 -7.150936E-08  1.910707E-04 -1.182331E-02  2.034470E-08  2.044077E-08
  4.643000E+03  1.049496E-05  1.061528E-04  1.079957E-06  1.916929E-04 -2.268993E-02  2.034350E-08  2.044966E-08
  4.644000E+03  1.087426E-05  1.058983E-04 -2.357545E-08  1.921138E-04 -1.099509E-02  2.034329E-08  2.045207E-08
  4.645000E+03  1.017052E-05  1.065435E-04 -1.836581E-07  1.909726E-04 -1.441048E-02  2.034478E-08  2.044301E-08
  4.646000E+03  1.041097E-05  1.060111E-04  1.024732E-06  1.919511E-04 -2.192553E-02  2.034407E-08  2.044796E-08
  4.647000E+03  1.088281E-05  1.060160E-04  1.378833E-07  1.918987E-04 -9.357617E-03  2.034345E-08  2.045222E-08
  4.648000E+03  1.024427E-05  1.065419E-04 -2.639329E-07  1.909829E-04 -1.719955E-02  2.034467E-08  2.044515E-08
  4.649000E+03  1.033611E-05  1.058981E-04  9.405882E-07  1.921548E-04 -2.014279E-02  2.034469E-08  2.044623E-08
  4.650000E+03  1.087226E-05  1.061592E-04  2.973379E-07  1.916439E-04 -8.746333E-03  2.034399E-08  2.045277E-08
  4.651000E+03  1.032210E-05  1.064818E-04 -3.093250E-07  1.910977E-04 -1.973240E-02  2.034446E-08  2.044704E-08
  4.652000E+03  1.027584E-05  1.058310E-04  8.357657E-07  1.922729E-04 -1.765135E-02  2.034526E-08  2.044462E-08
  4.653000E+03  1.084509E-05  1.063064E-04  4.416882E-07  1.913908E-04 -9.225752E-03  2.034519E-08  2.045402E-08
  4.654000E+03  1.039918E-05  1.063759E-04 -3.206824E-07  1.913006E-04 -2.160337E-02  2.034503E-08  2.044934E-08
  4.655000E+03  1.023389E-05  1.058203E-04  7.167694E-07  1.922913E-04 -1.488153E-02  2.034606E-08  2.044367E-08
  4.656000E+03  1.080259E-05  1.064357E-04  5.623381E-07  1.911791E-04 -1.070992E-02  2.034711E-08  2.045595E-08
  4.657000E+03  1.047324E-05  1.062430E-04 -2.986464E-07  1.915593E-04 -2.254054E-02  2.034667E-08  2.045229E-08
  4.658000E+03  1.021220E-05  1.058675E-04  5.864981E-07  1.922111E-04 -1.227847E-02  2.034736E-08  2.044382E-08
  4.659000E+03  1.074793E-05  1.065243E-04  6.526864E-07  1.910405E-04 -1.299256E-02  2.034873E-08  2.045750E-08
  4.660000E+03  1.054003E-05  1.061004E-04 -2.459549E-07  1.918319E-04 -2.236208E-02  2.034836E-08  2.045478E-08
  4.661000E+03  1.021062E-05  1.059642E-04  4.536399E-07  1.920385E-04 -1.024106E-02  2.034814E-08  2.044415E-08
  4.662000E+03  1.068646E-05  1.065527E-04  7.084494E-07  1.909971E-04 -1.571701E-02  2.034875E-08  2.045727E-08
  4.663000E+03  1.059505E-05  1.059681E-04 -1.694988E-07  1.920682E-04 -2.104994E-02  2.034860E-08  2.045526E-08
  4.664000E+03  1.022742E-05  1.060951E-04  3.287164E-07  1.917950E-04 -9.087718E-03  2.034768E-08  2.044398E-08
  4.665000E+03  1.062384E-05  1.065169E-04  7.282700E-07  1.910569E-04 -1.844331E-02  2.034732E-08  2.045541E-08
  4.666000E+03  1.063496E-05  1.058708E-04 -7.780850E-08  1.922278E-04 -1.883638E-02  2.034770E-08  2.045415E-08
  4.667000E+03  1.025816E-05  1.062430E-04  2.222221E-07  1.915236E-04 -9.024801E-03  2.034722E-08  2.044447E-08
  4.668000E+03  1.056434E-05  1.064274E-04  7.174078E-07  1.912178E-04 -2.071941E-02  2.034644E-08  2.045385E-08
  4.669000E+03  1.065760E-05  1.058282E-04  2.238426E-08  1.922915E-04 -1.611296E-02  2.034721E-08  2.045312E-08
  4.670000E+03  1.029914E-05  1.063847E-04  1.416686E-07  1.912751E-04 -1.007637E-02  2.034771E-08  2.044645E-08
  4.671000E+03  1.051131E-05  1.062991E-04  6.804331E-07  1.914582E-04 -2.214359E-02  2.034686E-08  2.045332E-08
  4.672000E+03  1.066205E-05  1.058473E-04  1.251341E-07  1.922482E-04 -1.334265E-02  2.034714E-08  2.045231E-08
  4.673000E+03  1.034637E-05  1.064908E-04  9.230946E-08  1.910917E-04 -1.208469E-02  2.034804E-08  2.044860E-08
  4.674000E+03  1.046891E-05  1.061513E-04  6.218097E-07  1.917299E-04 -2.243426E-02  2.034726E-08  2.045256E-08
  4.675000E+03  1.064992E-05  1.059228E-04  2.207074E-07  1.921010E-04 -1.098776E-02  2.034666E-08  2.045108E-08
  4.676000E+03  1.039503E-05  1.065403E-04  7.505277E-08  1.910018E-04 -1.470644E-02  2.034718E-08  2.044963E-08
  4.677000E+03  1.043986E-05  1.060104E-04  5.488793E-07  1.919803E-04 -2.152384E-02  2.034720E-08  2.045124E-08
  4.678000E+03  1.062556E-05  1.060444E-04  2.999195E-07  1.918749E-04 -9.473953E-03  2.034634E-08  2.045016E-08
  4.679000E+03  1.044046E-05  1.065253E-04  8.514221E-08  1.910273E-04 -1.748291E-02  2.034612E-08  2.045027E-08
  4.680000E+03  1.042519E-05  1.059029E-04  4.701554E-07  1.921643E-04 -1.960281E-02  2.034685E-08  2.044966E-08
  4.681000E+03  1.059340E-05  1.061906E-04  3.569207E-07  1.916120E-04 -9.074319E-03  2.034656E-08  2.045004E-08
  4.682000E+03  1.047896E-05  1.064509E-04  1.168111E-07  1.911653E-04 -1.990166E-02  2.034568E-08  2.045110E-08
  4.683000E+03  1.042375E-05  1.058461E-04  3.940073E-07  1.922532E-04 -1.703698E-02  2.034629E-08  2.044808E-08
  4.684000E+03  1.055777E-05  1.063340E-04  3.902886E-07  1.913588E-04 -9.824420E-03  2.034696E-08  2.045039E-08
  4.685000E+03  1.050710E-05  1.063331E-04  1.643508E-07  1.913867E-04 -2.152813E-02  2.034602E-08  2.045215E-08
  4.686000E+03  1.043342E-05  1.058505E-04  3.292009E-07  1.922360E-04 -1.430027E-02  2.034620E-08  2.044728E-08
  4.687000E+03  1.052270E-05  1.064454E-04  4.008590E-07  1.911630E-04 -1.158595E-02  2.034705E-08  2.045067E-08
  4.688000E+03  1.052315E-05  1.061951E-04  2.210860E-07  1.916447E-04 -2.205500E-02  2.034678E-08  2.045298E-08
  4.689000E+03  1.045249E-05  1.059142E-04  2.806319E-07  1.921155E-04 -1.194638E-02  2.034631E-08  2.044716E-08
  4.690000E+03  1.049027E-05  1.065019E-04  3.902930E-07  1.910629E-04 -1.399578E-02  2.034658E-08  2.045048E-08
  4.691000E+03  1.052825E-05  1.060627E-04  2.818886E-07  1.918830E-04 -2.141680E-02  2.034696E-08  2.045267E-08
  4.692000E+03  1.047857E-05  1.060207E-04  2.480650E-07  1.919172E-04 -1.039908E-02  2.034610E-08  2.044724E-08
  4.693000E+03  1.046419E-05  1.064964E-04  3.601982E-07  1.910702E-04 -1.655992E-02  2.034550E-08  2.044967E-08
  4.694000E+03  1.052292E-05  1.059563E-04  3.388359E-07  1.920599E-04 -1.980548E-02  2.034596E-08  2.045074E-08
  4.695000E+03  1.050725E-05  1.061483E-04  2.342380E-07  1.916782E-04 -9.846771E-03  2.034533E-08  2.044718E-08
  4.696000E+03  1.044879E-05  1.064360E-04  3.157545E-07  1.911748E-04 -1.882238E-02  2.034428E-08  2.044867E-08
  4.697000E+03  1.050868E-05  1.058938E-04  3.819802E-07  1.921526E-04 -1.756960E-02  2.034462E-08  2.044824E-08
  4.698000E+03  1.053569E-05  1.062750E-04  2.385217E-07  1.914438E-04 -1.032479E-02  2.034460E-08  2.044749E-08
  4.699000E+03  1.044370E-05  1.063373E-04  2.629539E-07  1.913542E-04 -2.041433E-02  2.034384E-08  2.044834E-08
  4.700000E+03  1.048603E-05  1.058856E-04  4.115785E-07  1.921555E-04 -1.513757E-02  2.034417E-08  2.044654E-08
  4.701000E+03  1.056410E-05  1.063795E-04  2.597285E-07  1.912574E-04 -1.170561E-02  2.034447E-08  2.044862E-08
  4.702000E+03  1.044770E-05  1.062202E-04  2.024310E-07  1.915732E-04 -2.110672E-02  2.034440E-08  2.044884E-08
  4.703000E+03  1.045590E-05  1.059303E-04  4.293202E-07  1.920736E-04 -1.295494E-02  2.034471E-08  2.044593E-08
  4.704000E+03  1.058866E-05  1.064427E-04  2.992660E-07  1.911501E-04 -1.369965E-02  2.034462E-08  2.045004E-08
  4.705000E+03  1.046073E-05  1.061035E-04  1.419526E-07  1.917891E-04 -2.080853E-02  2.034508E-08  2.044932E-08
  4.706000E+03  1.042121E-05  1.060145E-04  4.328274E-07  1.919194E-04 -1.140782E-02  2.034491E-08  2.044520E-08
  4.707000E+03  1.060495E-05  1.064525E-04  3.550361E-07  1.911350E-04 -1.589152E-02  2.034424E-08  2.045069E-08
  4.708000E+03  1.048277E-05  1.060062E-04  9.035710E-08  1.919609E-04 -1.959158E-02  2.034515E-08  2.044912E-08
  4.709000E+03  1.038352E-05  1.061231E-04  4.207765E-07  1.917213E-04 -1.071290E-02  2.034490E-08  2.044455E-08
  4.710000E+03  1.061143E-05  1.064149E-04  4.252165E-07  1.912096E-04 -1.791413E-02  2.034429E-08  2.045139E-08
  4.711000E+03  1.051334E-05  1.059478E-04  5.117211E-08  1.920684E-04 -1.773703E-02  2.034601E-08  2.044978E-08
  4.712000E+03  1.034644E-05  1.062417E-04  3.910699E-07  1.915232E-04 -1.092675E-02  2.034653E-08  2.044585E-08
  4.713000E+03  1.060725E-05  1.063431E-04  5.033028E-07  1.913631E-04 -1.946725E-02  2.034630E-08  2.045359E-08
  4.714000E+03  1.055179E-05  1.059370E-04  2.668059E-08  1.921025E-04 -1.563508E-02  2.034827E-08  2.045204E-08
  4.715000E+03  1.031468E-05  1.063455E-04  3.409880E-07  1.913610E-04 -1.197902E-02  2.034893E-08  2.044823E-08
  4.716000E+03  1.058992E-05  1.062460E-04  5.819534E-07  1.915627E-04 -2.026408E-02  2.034858E-08  2.045552E-08
  4.717000E+03  1.059833E-05  1.059687E-04  2.168483E-08  1.920496E-04 -1.368127E-02  2.034935E-08  2.045347E-08
  4.718000E+03  1.029341E-05  1.064087E-04  2.656615E-07  1.912544E-04 -1.364909E-02  2.034923E-08  2.044882E-08
  4.719000E+03  1.055793E-05  1.061384E-04  6.520647E-07  1.917594E-04 -2.013677E-02  2.034892E-08  2.045491E-08
  4.720000E+03  1.064943E-05  1.060363E-04  4.225399E-08  1.919158E-04 -1.220846E-02  2.034853E-08  2.045335E-08
  4.721000E+03  1.028489E-05  1.064232E-04  1.702815E-07  1.912206E-04 -1.561782E-02  2.034783E-08  2.044791E-08
  4.722000E+03  1.051466E-05  1.060459E-04  7.062042E-07  1.919198E-04 -1.914104E-02  2.034858E-08  2.045317E-08
  4.723000E+03  1.069679E-05  1.061326E-04  8.867512E-08  1.917378E-04 -1.146175E-02  2.034830E-08  2.045407E-08
  4.724000E+03  1.029120E-05  1.063919E-04  6.970423E-08  1.912760E-04 -1.751919E-02  2.034710E-08  2.044779E-08
  4.725000E+03  1.046274E-05  1.059869E-04  7.379449E-07  1.920206E-04 -1.752041E-02  2.034854E-08  2.045146E-08
  4.726000E+03  1.073549E-05  1.062389E-04  1.598809E-07  1.915519E-04 -1.158318E-02  2.034890E-08  2.045576E-08
  4.727000E+03  1.031353E-05  1.063196E-04 -2.717027E-08  1.914105E-04 -1.898077E-02  2.034703E-08  2.044839E-08
  4.728000E+03  1.040243E-05  1.059690E-04  7.446791E-07  1.920411E-04 -1.559088E-02  2.034794E-08  2.044904E-08
  4.729000E+03  1.076385E-05  1.063288E-04  2.568227E-07  1.913869E-04 -1.255768E-02  2.034833E-08  2.045632E-08
  4.730000E+03  1.035152E-05  1.062210E-04 -1.166521E-07  1.915886E-04 -1.968009E-02  2.034679E-08  2.044880E-08
  4.731000E+03  1.033753E-05  1.059958E-04  7.238593E-07  1.919759E-04 -1.375995E-02  2.034672E-08  2.044609E-08
  4.732000E+03  1.078027E-05  1.063810E-04  3.731786E-07  1.912794E-04 -1.416538E-02  2.034645E-08  2.045544E-08
  4.733000E+03  1.040252E-05  1.061203E-04 -1.932864E-07  1.917657E-04 -1.946609E-02  2.034637E-08  2.044900E-08
  4.734000E+03  1.027581E-05  1.060629E-04  6.741908E-07  1.918427E-04 -1.244981E-02  2.034580E-08  2.044377E-08
  4.735000E+03  1.078265E-05  1.063849E-04  4.951653E-07  1.912587E-04 -1.602594E-02  2.034442E-08  2.045409E-08
  4.736000E+03  1.046205E-05  1.060375E-04 -2.490085E-07  1.919020E-04 -1.843075E-02  2.034536E-08  2.044855E-08
  4.737000E+03  1.022375E-05  1.061560E-04  5.991028E-07  1.916704E-04 -1.189706E-02  2.034551E-08  2.044257E-08
  4.738000E+03  1.076857E-05  1.063443E-04  6.118272E-07  1.913271E-04 -1.774846E-02  2.034335E-08  2.045321E-08
  4.739000E+03  1.052804E-05  1.059879E-04 -2.771598E-07  1.919760E-04 -1.683700E-02  2.034425E-08  2.044806E-08
  4.740000E+03  1.018474E-05  1.062529E-04  4.998831E-07  1.914939E-04 -1.218537E-02  2.034526E-08  2.044193E-08
  4.741000E+03  1.073598E-05  1.062709E-04  7.180958E-07  1.914650E-04 -1.894739E-02  2.034351E-08  2.045293E-08
  4.742000E+03  1.059771E-05  1.059825E-04 -2.712914E-07  1.919753E-04 -1.505891E-02  2.034372E-08  2.044829E-08
  4.743000E+03  1.016013E-05  1.063280E-04  3.809342E-07  1.913547E-04 -1.324964E-02  2.034457E-08  2.044131E-08
  4.744000E+03  1.068653E-05  1.061811E-04  8.098448E-07  1.916327E-04 -1.935506E-02  2.034395E-08  2.045232E-08
  4.745000E+03  1.066653E-05  1.060223E-04 -2.307976E-07  1.919003E-04 -1.349518E-02  2.034385E-08  2.044936E-08
  4.746000E+03  1.015085E-05  1.063657E-04  2.506026E-07  1.912848E-04 -1.482794E-02  2.034390E-08  2.044105E-08
  4.747000E+03  1.062329E-05  1.060939E-04  8.826158E-07  1.917913E-04 -1.892737E-02  2.034424E-08  2.045103E-08
  4.748000E+03  1.072962E-05  1.060975E-04 -1.577002E-07  1.917696E-04 -1.245260E-02  2.034470E-08  2.045130E-08
  4.749000E+03  1.015804E-05  1.063615E-04  1.176650E-07  1.912973E-04 -1.656016E-02  2.034387E-08  2.044167E-08
  4.750000E+03  1.055118E-05  1.060266E-04  9.298613E-07  1.919104E-04 -1.780981E-02  2.034439E-08  2.044927E-08
  4.751000E+03  1.078164E-05  1.061895E-04 -5.729550E-08  1.916109E-04 -1.213438E-02  2.034557E-08  2.045333E-08
  4.752000E+03  1.018233E-05  1.063175E-04 -7.641584E-09  1.913852E-04 -1.805572E-02  2.034428E-08  2.044286E-08
  4.753000E+03  1.047528E-05  1.059934E-04  9.459789E-07  1.919688E-04 -1.623027E-02  2.034475E-08  2.044758E-08
  4.754000E+03  1.082128E-05  1.062787E-04  6.128822E-08  1.914554E-04 -1.262980E-02  2.034600E-08  2.045495E-08
  4.755000E+03  1.022378E-05  1.062434E-04 -1.227676E-07  1.915289E-04 -1.900215E-02  2.034500E-08  2.044444E-08
  4.756000E+03  1.039827E-05  1.060045E-04  9.285755E-07  1.919550E-04 -1.450453E-02  2.034595E-08  2.044679E-08
  4.757000E+03  1.084851E-05  1.063471E-04  1.927368E-07  1.913414E-04 -1.384929E-02  2.034665E-08  2.045672E-08
  4.758000E+03  1.028007E-05  1.061557E-04 -2.256313E-07  1.916996E-04 -1.919932E-02  2.034627E-08  2.044657E-08
  4.759000E+03  1.032389E-05  1.060567E-04  8.791130E-07  1.918703E-04 -1.304554E-02  2.034739E-08  2.044648E-08
  4.760000E+03  1.086049E-05  1.063778E-04  3.319584E-07  1.912974E-04 -1.547763E-02  2.034736E-08  2.045828E-08
  4.761000E+03  1.034789E-05  1.060724E-04 -3.077295E-07  1.918559E-04 -1.860746E-02  2.034709E-08  2.044826E-08
  4.762000E+03  1.025603E-05  1.061339E-04  8.008786E-07  1.917305E-04 -1.218877E-02  2.034761E-08  2.044534E-08
  4.763000E+03  1.085306E-05  1.063635E-04  4.746624E-07  1.913249E-04 -1.714137E-02  2.034699E-08  2.045829E-08
  4.764000E+03  1.042383E-05  1.060100E-04 -3.577777E-07  1.919629E-04 -1.735331E-02  2.034692E-08  2.044896E-08
  4.765000E+03  1.019802E-05  1.062235E-04  6.979359E-07  1.915663E-04 -1.206225E-02  2.034736E-08  2.044420E-08
  4.766000E+03  1.082636E-05  1.063115E-04  6.140906E-07  1.914181E-04 -1.855603E-02  2.034644E-08  2.045757E-08
  4.767000E+03  1.050281E-05  1.059835E-04 -3.717036E-07  1.920083E-04 -1.568835E-02  2.034721E-08  2.045017E-08
  4.768000E+03  1.015331E-05  1.063125E-04  5.774638E-07  1.914141E-04 -1.268809E-02  2.034807E-08  2.044449E-08
  4.769000E+03  1.078312E-05  1.062316E-04  7.409079E-07  1.915687E-04 -1.944899E-02  2.034680E-08  2.045719E-08
  4.770000E+03  1.058213E-05  1.059995E-04 -3.526812E-07  1.919815E-04 -1.394200E-02  2.034797E-08  2.045193E-08
  4.771000E+03  1.012576E-05  1.063793E-04  4.416609E-07  1.913036E-04 -1.399556E-02  2.034876E-08  2.044525E-08
  4.772000E+03  1.072359E-05  1.061352E-04  8.472202E-07  1.917462E-04 -1.957373E-02  2.034712E-08  2.045617E-08
  4.773000E+03  1.066039E-05  1.060541E-04 -3.000131E-07  1.918769E-04 -1.247791E-02  2.034775E-08  2.045292E-08
  4.774000E+03  1.011857E-05  1.064067E-04  2.905398E-07  1.912555E-04 -1.574621E-02  2.034835E-08  2.044531E-08
  4.775000E+03  1.065004E-05  1.060430E-04  9.245799E-07  1.919102E-04 -1.885338E-02  2.034712E-08  2.045430E-08
  4.776000E+03  1.073262E-05  1.061391E-04 -2.140159E-07  1.917165E-04 -1.159718E-02  2.034724E-08  2.045378E-08
  4.777000E+03  1.013142E-05  1.063894E-04  1.344137E-07  1.912839E-04 -1.760234E-02  2.034743E-08  2.044517E-08
  4.778000E+03  1.056985E-05  1.059759E-04  9.673670E-07  1.920277E-04 -1.742922E-02  2.034723E-08  2.045226E-08
  4.779000E+03  1.079167E-05  1.062404E-04 -1.034079E-07  1.915346E-04 -1.149827E-02  2.034737E-08  2.045532E-08
  4.780000E+03  1.016293E-05  1.063277E-04 -1.120967E-08  1.913909E-04 -1.919935E-02  2.034640E-08  2.044507E-08
  4.781000E+03  1.048806E-05  1.059459E-04  9.740241E-07  1.920725E-04 -1.554588E-02  2.034684E-08  2.044965E-08
  4.782000E+03  1.083182E-05  1.063391E-04  2.659091E-08  1.913601E-04 -1.223931E-02  2.034753E-08  2.045680E-08
  4.783000E+03  1.021241E-05  1.062303E-04 -1.342013E-07  1.915607E-04 -2.019991E-02  2.034541E-08  2.044506E-08
  4.784000E+03  1.040690E-05  1.059609E-04  9.440541E-07  1.920301E-04 -1.354899E-02  2.034580E-08  2.044648E-08
  4.785000E+03  1.085134E-05  1.064126E-04  1.729860E-07  1.912264E-04 -1.374628E-02  2.034698E-08  2.045735E-08
  4.786000E+03  1.027851E-05  1.061186E-04 -2.299908E-07  1.917606E-04 -2.031261E-02  2.034517E-08  2.044581E-08
  4.787000E+03  1.032881E-05  1.060222E-04  8.780406E-07  1.919061E-04 -1.189104E-02  2.034487E-08  2.044371E-08
  4.788000E+03  1.085022E-05  1.064409E-04  3.308579E-07  1.911696E-04 -1.575231E-02  2.034574E-08  2.045685E-08
  4.789000E+03  1.035584E-05  1.060147E-04 -2.938938E-07  1.919435E-04 -1.945838E-02  2.034499E-08  2.044654E-08
  4.790000E+03  1.026084E-05  1.061199E-04  7.807987E-07  1.917237E-04 -1.091113E-02  2.034448E-08  2.044198E-08
  4.791000E+03  1.082942E-05  1.064167E-04  4.852360E-07  1.912049E-04 -1.787702E-02  2.034416E-08  2.045552E-08
  4.792000E+03  1.043826E-05  1.059357E-04 -3.226131E-07  1.920716E-04 -1.780177E-02  2.034403E-08  2.044641E-08
  4.793000E+03  1.020894E-05  1.062362E-04  6.595942E-07  1.915117E-04 -1.078328E-02  2.034430E-08  2.044109E-08
  4.794000E+03  1.079084E-05  1.063454E-04  6.225309E-07  1.913290E-04 -1.970074E-02  2.034301E-08  2.045405E-08
  4.795000E+03  1.052106E-05  1.058996E-04 -3.159431E-07  1.921209E-04 -1.565836E-02  2.034303E-08  2.044623E-08
  4.796000E+03  1.017767E-05  1.063488E-04  5.199496E-07  1.913117E-04 -1.159035E-02  2.034440E-08  2.044116E-08
  4.797000E+03  1.073646E-05  1.062417E-04  7.318926E-07  1.915210E-04 -2.082683E-02  2.034311E-08  2.045320E-08
  4.798000E+03  1.059929E-05  1.059170E-04 -2.735897E-07  1.920827E-04 -1.344606E-02  2.034298E-08  2.044704E-08
  4.799000E+03  1.016861E-05  1.064333E-04  3.705137E-07  1.911671E-04 -1.322815E-02  2.034476E-08  2.044210E-08
  4.800000E+03  1.066690E-05  1.061247E-04  8.096189E-07  1.917429E-04 -2.099101E-02  2.034418E-08  2.045268E-08
  4.801000E+03  1.066945E-05  1.059867E-04 -1.938492E-07  1.919624E-04 -1.158000E-02  2.034408E-08  2.044910E-08
  4.802000E+03  1.017939E-05  1.064718E-04  2.202955E-07  1.911087E-04 -1.540913E-02  2.034528E-08  2.044360E-08
  4.803000E+03  1.058721E-05  1.060140E-04  8.561194E-07  1.919499E-04 -2.015491E-02  2.034524E-08  2.045165E-08
  4.804000E+03  1.072597E-05  1.060949E-04 -8.207570E-08  1.917780E-04 -1.040524E-02  2.034556E-08  2.045160E-08
  4.805000E+03  1.020791E-05  1.064577E-04  8.233840E-08  1.911478E-04 -1.770561E-02  2.034597E-08  2.044548E-08
  4.806000E+03  1.050594E-05  1.059285E-04  8.683455E-07  1.921041E-04 -1.848480E-02  2.034582E-08  2.044991E-08
  4.807000E+03  1.076304E-05  1.062215E-04  4.951852E-08  1.915597E-04 -1.014105E-02  2.034672E-08  2.045375E-08
  4.808000E+03  1.025444E-05  1.063947E-04 -3.196689E-08  1.912743E-04 -1.971582E-02  2.034661E-08  2.044746E-08
  4.809000E+03  1.042795E-05  1.058847E-04  8.415697E-07  1.921818E-04 -1.626616E-02  2.034642E-08  2.044820E-08
  4.810000E+03  1.078047E-05  1.063447E-04  1.913120E-07  1.913468E-04 -1.085572E-02  2.034753E-08  2.045550E-08
  4.811000E+03  1.031772E-05  1.062933E-04 -1.211326E-07  1.914678E-04 -2.107785E-02  2.034723E-08  2.044941E-08
  4.812000E+03  1.035629E-05  1.058918E-04  7.757353E-07  1.921680E-04 -1.388674E-02  2.034704E-08  2.044671E-08
  4.813000E+03  1.078083E-05  1.064401E-04  3.350049E-07  1.911808E-04 -1.242670E-02  2.034773E-08  2.045650E-08
  4.814000E+03  1.039227E-05  1.061702E-04 -1.856365E-07  1.916932E-04 -2.150064E-02  2.034739E-08  2.045078E-08
  4.815000E+03  1.029499E-05  1.059489E-04  6.783819E-07  1.920589E-04 -1.180135E-02  2.034702E-08  2.044500E-08
  4.816000E+03  1.076287E-05  1.064913E-04  4.735445E-07  1.910928E-04 -1.456767E-02  2.034757E-08  2.045685E-08
  4.817000E+03  1.047342E-05  1.060468E-04 -2.189716E-07  1.919105E-04 -2.092285E-02  2.034705E-08  2.045146E-08
  4.818000E+03  1.024747E-05  1.060482E-04  5.559708E-07  1.918749E-04 -1.035311E-02  2.034690E-08  2.044378E-08
  4.819000E+03  1.072471E-05  1.064932E-04  6.016731E-07  1.910961E-04 -1.696437E-02  2.034752E-08  2.045686E-08
  4.820000E+03  1.055573E-05  1.059437E-04 -2.127305E-07  1.920914E-04 -1.943362E-02  2.034703E-08  2.045226E-08
  4.821000E+03  1.021684E-05  1.061747E-04  4.167679E-07  1.916477E-04 -9.754976E-03  2.034717E-08  2.044362E-08
  4.822000E+03  1.066938E-05  1.064432E-04  7.105701E-07  1.911929E-04 -1.923898E-02  2.034742E-08  2.045631E-08
  4.823000E+03  1.063135E-05  1.058787E-04 -1.662280E-07  1.922026E-04 -1.725913E-02  2.034714E-08  2.045295E-08
  4.824000E+03  1.020510E-05  1.063045E-04  2.748661E-07  1.914146E-04 -1.014367E-02  2.034718E-08  2.044389E-08
  4.825000E+03  1.060215E-05  1.063458E-04  7.916763E-07  1.913676E-04 -2.095403E-02  2.034668E-08  2.045459E-08
  4.826000E+03  1.069462E-05  1.058638E-04 -8.527929E-08  1.922160E-04 -1.477629E-02  2.034649E-08  2.045271E-08
  4.827000E+03  1.021596E-05  1.064152E-04  1.384331E-07  1.912150E-04 -1.147575E-02  2.034683E-08  2.044447E-08
  4.828000E+03  1.052497E-05  1.062189E-04  8.358942E-07  1.915928E-04 -2.177441E-02  2.034595E-08  2.045232E-08
  4.829000E+03  1.074388E-05  1.059044E-04  2.767171E-08  1.921297E-04 -1.241873E-02  2.034582E-08  2.045238E-08
  4.830000E+03  1.025030E-05  1.064895E-04  1.008792E-08  1.910865E-04 -1.355179E-02  2.034684E-08  2.044599E-08
  4.831000E+03  1.044276E-05  1.060857E-04  8.372339E-07  1.918331E-04 -2.155844E-02  2.034601E-08  2.045037E-08
  4.832000E+03  1.077653E-05  1.059950E-04  1.649385E-07  1.919609E-04 -1.059725E-02  2.034576E-08  2.045265E-08
  4.833000E+03  1.030472E-05  1.065119E-04 -1.020836E-07  1.910529E-04 -1.604684E-02  2.034680E-08  2.044782E-08
  4.834000E+03  1.036361E-05  1.059670E-04  7.955860E-07  1.920442E-04 -2.031369E-02  2.034615E-08  2.044827E-08
  4.835000E+03  1.078942E-05  1.061188E-04  3.129391E-07  1.917335E-04 -9.633206E-03  2.034557E-08  2.045278E-08
  4.836000E+03  1.037613E-05  1.064738E-04 -1.890971E-07  1.911198E-04 -1.852892E-02  2.034575E-08  2.044880E-08
  4.837000E+03  1.029125E-05  1.058827E-04  7.139976E-07  1.921810E-04 -1.823780E-02  2.034526E-08  2.044509E-08
  4.838000E+03  1.078147E-05  1.062522E-04  4.651494E-07  1.914846E-04 -9.706474E-03  2.034469E-08  2.045218E-08
  4.839000E+03  1.045988E-05  1.063838E-04 -2.447636E-07  1.912753E-04 -2.051074E-02  2.034431E-08  2.044934E-08
  4.840000E+03  1.022932E-05  1.058498E-04  5.987126E-07  1.922185E-04 -1.574928E-02  2.034376E-08  2.044153E-08
  4.841000E+03  1.075208E-05  1.063720E-04  6.147408E-07  1.912646E-04 -1.078234E-02  2.034401E-08  2.045166E-08
  4.842000E+03  1.054854E-05  1.062629E-04 -2.615659E-07  1.914915E-04 -2.162980E-02  2.034369E-08  2.045043E-08
  4.843000E+03  1.018454E-05  1.058748E-04  4.588631E-07  1.921594E-04 -1.331067E-02  2.034303E-08  2.043922E-08
  4.844000E+03  1.070112E-05  1.064581E-04  7.483203E-07  1.911135E-04 -1.267001E-02  2.034395E-08  2.045149E-08
  4.845000E+03  1.063706E-05  1.061327E-04 -2.348968E-07  1.917295E-04 -2.171738E-02  2.034397E-08  2.045207E-08
  4.846000E+03  1.016051E-05  1.059505E-04  3.015504E-07  1.920185E-04 -1.131988E-02  2.034315E-08  2.043843E-08
  4.847000E+03  1.063260E-05  1.064954E-04  8.552359E-07  1.910525E-04 -1.503206E-02  2.034392E-08  2.045102E-08
  4.848000E+03  1.072046E-05  1.060127E-04 -1.685643E-07  1.919440E-04 -2.081014E-02  2.034408E-08  2.045316E-08
  4.849000E+03  1.015823E-05  1.060609E-04  1.359032E-07  1.918185E-04 -1.007913E-02  2.034341E-08  2.043854E-08
  4.850000E+03  1.055276E-05  1.064798E-04  9.281126E-07  1.910871E-04 -1.743871E-02  2.034381E-08  2.045012E-08
  4.851000E+03  1.079199E-05  1.059225E-04 -6.934297E-08  1.920992E-04 -1.911163E-02  2.034392E-08  2.045358E-08
  4.852000E+03  1.018078E-05  1.061873E-04 -2.712178E-08  1.915946E-04 -9.764740E-03  2.034394E-08  2.043974E-08
  4.853000E+03  1.046340E-05  1.064179E-04  9.592656E-07  1.912088E-04 -1.948985E-02  2.034418E-08  2.044925E-08
  4.854000E+03  1.084701E-05  1.058763E-04  6.314179E-08  1.921781E-04 -1.691836E-02  2.034421E-08  2.045411E-08
  4.855000E+03  1.022823E-05  1.063090E-04 -1.782816E-07  1.913834E-04 -1.040927E-02  2.034468E-08  2.044189E-08
  4.856000E+03  1.036627E-05  1.063226E-04  9.470136E-07  1.913950E-04 -2.086936E-02  2.034519E-08  2.044857E-08
  4.857000E+03  1.088295E-05  1.058786E-04  2.275800E-07  1.921734E-04 -1.460929E-02  2.034489E-08  2.045478E-08
  4.858000E+03  1.029497E-05  1.064050E-04 -3.075897E-07  1.912197E-04 -1.183515E-02  2.034532E-08  2.044450E-08
  4.859000E+03  1.026919E-05  1.062091E-04  8.959572E-07  1.916097E-04 -2.138252E-02  2.034604E-08  2.044740E-08
  4.860000E+03  1.089552E-05  1.059285E-04  4.118973E-07  1.920860E-04 -1.255340E-02  2.034577E-08  2.045542E-08
  4.861000E+03  1.037754E-05  1.064630E-04 -4.034992E-07  1.911293E-04 -1.379309E-02  2.034626E-08  2.044778E-08
  4.862000E+03  1.018103E-05  1.060971E-04  8.054809E-07  1.918209E-04 -2.098612E-02  2.034716E-08  2.044637E-08
  4.863000E+03  1.088142E-05  1.060195E-04  6.011194E-07  1.919328E-04 -1.107950E-02  2.034736E-08  2.045654E-08
  4.864000E+03  1.047472E-05  1.064774E-04 -4.583091E-07  1.911256E-04 -1.600322E-02  2.034795E-08  2.045204E-08
  4.865000E+03  1.010651E-05  1.060019E-04  6.739575E-07  1.920011E-04 -1.977761E-02  2.034850E-08  2.044560E-08
  4.866000E+03  1.084357E-05  1.061321E-04  7.832358E-07  1.917375E-04 -1.038574E-02  2.034840E-08  2.045698E-08
  4.867000E+03  1.058170E-05  1.064445E-04 -4.737812E-07  1.912013E-04 -1.809020E-02  2.034898E-08  2.045567E-08
  4.868000E+03  1.005083E-05  1.059341E-04  5.066170E-07  1.921175E-04 -1.798334E-02  2.034850E-08  2.044376E-08
  4.869000E+03  1.078510E-05  1.062439E-04  9.451394E-07  1.915308E-04 -1.049698E-02  2.034786E-08  2.045571E-08
  4.870000E+03  1.068979E-05  1.063710E-04 -4.487728E-07  1.913328E-04 -1.972765E-02  2.034831E-08  2.045738E-08
  4.871000E+03  1.002073E-05  1.059060E-04  3.151785E-07  1.921532E-04 -1.590256E-02  2.034761E-08  2.044154E-08
  4.872000E+03  1.070570E-05  1.063434E-04  1.073560E-06  1.913474E-04 -1.137933E-02  2.034721E-08  2.045415E-08
  4.873000E+03  1.079329E-05  1.062700E-04 -3.777744E-07  1.915093E-04 -2.069343E-02  2.034733E-08  2.045843E-08
  4.874000E+03  1.001765E-05  1.059257E-04  1.098370E-07  1.921068E-04 -1.383507E-02  2.034711E-08  2.044035E-08
  4.875000E+03  1.060823E-05  1.064170E-04  1.163159E-06  1.912177E-04 -1.295935E-02  2.034711E-08  2.045291E-08
  4.876000E+03  1.088688E-05  1.061576E-04 -2.619741E-07  1.917084E-04 -2.082096E-02  2.034689E-08  2.045953E-08
  4.877000E+03  1.003870E-05  1.059869E-04 -9.623078E-08  1.919850E-04 -1.213758E-02  2.034640E-08  2.043966E-08
  4.878000E+03  1.049921E-05  1.064491E-04  1.214116E-06  1.911600E-04 -1.495408E-02  2.034653E-08  2.045098E-08
  4.879000E+03  1.096205E-05  1.060516E-04 -1.072405E-07  1.918886E-04 -2.010027E-02  2.034598E-08  2.045957E-08
  4.880000E+03  1.008445E-05  1.060730E-04 -2.864286E-07  1.918096E-04 -1.107980E-02  2.034457E-08  2.043860E-08
  4.881000E+03  1.038370E-05  1.064334E-04  1.221022E-06  1.911768E-04 -1.695810E-02  2.034468E-08  2.044754E-08
  4.882000E+03  1.101426E-05  1.059710E-04  8.022233E-08  1.920139E-04 -1.869272E-02  2.034435E-08  2.045831E-08
  4.883000E+03  1.015464E-05  1.061719E-04 -4.513810E-07  1.916148E-04 -1.080296E-02  2.034292E-08  2.043847E-08
  4.884000E+03  1.026678E-05  1.063768E-04  1.180007E-06  1.912677E-04 -1.864890E-02  2.034291E-08  2.044392E-08
  4.885000E+03  1.104167E-05  1.059321E-04  2.917102E-07  1.920687E-04 -1.686475E-02  2.034334E-08  2.045717E-08
  4.886000E+03  1.024631E-05  1.062697E-04 -5.848923E-07  1.914391E-04 -1.134287E-02  2.034286E-08  2.044058E-08
  4.887000E+03  1.015746E-05  1.062936E-04  1.089342E-06  1.914209E-04 -1.974608E-02  2.034285E-08  2.044187E-08
  4.888000E+03  1.104183E-05  1.059395E-04  5.112443E-07  1.920503E-04 -1.498155E-02  2.034344E-08  2.045672E-08
  4.889000E+03  1.035485E-05  1.063474E-04 -6.780735E-07  1.913136E-04 -1.255819E-02  2.034409E-08  2.044445E-08
  4.890000E+03  1.006252E-05  1.062021E-04  9.524746E-07  1.916012E-04 -2.008663E-02  2.034435E-08  2.044137E-08
  4.891000E+03  1.101351E-05  1.059843E-04  7.262439E-07  1.919701E-04 -1.341321E-02  2.034398E-08  2.045637E-08
  4.892000E+03  1.047561E-05  1.063901E-04 -7.244910E-07  1.912512E-04 -1.415202E-02  2.034520E-08  2.044846E-08
  4.893000E+03  9.984802E-06  1.061174E-04  7.762930E-07  1.917653E-04 -1.971054E-02  2.034568E-08  2.044081E-08
  4.894000E+03  1.095794E-05  1.060526E-04  9.299501E-07  1.918497E-04 -1.234919E-02  2.034460E-08  2.045581E-08
  4.895000E+03  1.060247E-05  1.063938E-04 -7.213696E-07  1.912505E-04 -1.582256E-02  2.034531E-08  2.045152E-08
  4.896000E+03  9.927659E-06  1.060499E-04  5.702697E-07  1.918877E-04 -1.875261E-02  2.034609E-08  2.043960E-08
  4.897000E+03  1.087737E-05  1.061330E-04  1.113705E-06  1.917088E-04 -1.188074E-02  2.034520E-08  2.045497E-08
  4.898000E+03  1.072828E-05  1.063634E-04 -6.671190E-07  1.913091E-04 -1.729422E-02  2.034525E-08  2.045423E-08
  4.899000E+03  9.896941E-06  1.060089E-04  3.437419E-07  1.919568E-04 -1.742446E-02  2.034605E-08  2.043838E-08
  4.900000E+03  1.077493E-05  1.062127E-04  1.263079E-06  1.915700E-04 -1.204559E-02  2.034568E-08  2.045380E-08
  4.901000E+03  1.084654E-05  1.063096E-04 -5.624407E-07  1.914127E-04 -1.835737E-02  2.034558E-08  2.045702E-08
  4.902000E+03  9.896314E-06  1.059958E-04  1.066490E-07  1.919716E-04 -1.599389E-02  2.034558E-08  2.043737E-08
  4.903000E+03  1.065746E-05  1.062783E-04  1.364841E-06  1.914527E-04 -1.271973E-02  2.034562E-08  2.045191E-08
  4.904000E+03  1.095087E-05  1.062437E-04 -4.156654E-07  1.915342E-04 -1.893285E-02  2.034566E-08  2.045911E-08
  4.905000E+03  9.925505E-06  1.060080E-04 -1.279774E-07  1.919404E-04 -1.465847E-02  2.034502E-08  2.043695E-08
  4.906000E+03  1.053153E-05  1.063225E-04  1.413924E-06  1.913695E-04 -1.373631E-02  2.034497E-08  2.044931E-08
  4.907000E+03  1.103601E-05  1.061762E-04 -2.354605E-07  1.916547E-04 -1.899878E-02  2.034549E-08  2.046044E-08
  4.908000E+03  9.983725E-06  1.060433E-04 -3.488620E-07  1.918704E-04 -1.360846E-02  2.034469E-08  2.043746E-08
  4.909000E+03  1.040029E-05  1.063423E-04  1.409226E-06  1.913323E-04 -1.492665E-02  2.034445E-08  2.044672E-08
  4.910000E+03  1.109838E-05  1.061145E-04 -2.509851E-08  1.917614E-04 -1.858656E-02  2.034516E-08  2.046103E-08
  4.911000E+03  1.006579E-05  1.060956E-04 -5.444070E-07  1.917706E-04 -1.295799E-02  2.034431E-08  2.043856E-08
  4.912000E+03  1.026918E-05  1.063364E-04  1.356499E-06  1.913443E-04 -1.610869E-02  2.034422E-08  2.044433E-08
  4.913000E+03  1.113333E-05  1.060673E-04  2.084513E-07  1.918409E-04 -1.777594E-02  2.034482E-08  2.046101E-08
  4.914000E+03  1.016544E-05  1.061559E-04 -6.999018E-07  1.916601E-04 -1.274353E-02  2.034420E-08  2.044043E-08
  4.915000E+03  1.014747E-05  1.063113E-04  1.260379E-06  1.913967E-04 -1.712809E-02  2.034465E-08  2.044267E-08
  4.916000E+03  1.113554E-05  1.060426E-04  4.511353E-07  1.918883E-04 -1.674501E-02  2.034548E-08  2.046134E-08
  4.917000E+03  1.028088E-05  1.062171E-04 -8.031027E-07  1.915608E-04 -1.295472E-02  2.034532E-08  2.044396E-08
  4.918000E+03  1.004169E-05  1.062725E-04  1.118919E-06  1.914825E-04 -1.786290E-02  2.034607E-08  2.044216E-08
  4.919000E+03  1.110496E-05  1.060435E-04  6.898503E-07  1.918983E-04 -1.567073E-02  2.034707E-08  2.046203E-08
  4.920000E+03  1.040913E-05  1.062687E-04 -8.513832E-07  1.914865E-04 -1.356189E-02  2.034715E-08  2.044855E-08
  4.921000E+03  9.954838E-06  1.062220E-04  9.355249E-07  1.915879E-04 -1.820119E-02  2.034747E-08  2.044183E-08
  4.922000E+03  1.104657E-05  1.060639E-04  9.143299E-07  1.918644E-04 -1.471004E-02  2.034767E-08  2.046130E-08
  4.923000E+03  1.054354E-05  1.063004E-04 -8.490472E-07  1.914393E-04 -1.444017E-02  2.034795E-08  2.045225E-08
  4.924000E+03  9.892904E-06  1.061674E-04  7.184216E-07  1.916893E-04 -1.810796E-02  2.034782E-08  2.044077E-08
  4.925000E+03  1.096422E-05  1.060974E-04  1.109243E-06  1.917941E-04 -1.399174E-02  2.034687E-08  2.045882E-08
  4.926000E+03  1.067670E-05  1.063066E-04 -7.974915E-07  1.914229E-04 -1.541979E-02  2.034709E-08  2.045427E-08
  4.927000E+03  9.860158E-06  1.061213E-04  4.788564E-07  1.917670E-04 -1.761154E-02  2.034741E-08  2.043939E-08
  4.928000E+03  1.086154E-05  1.061415E-04  1.262887E-06  1.917059E-04 -1.363155E-02  2.034605E-08  2.045607E-08
  4.929000E+03  1.080170E-05  1.062883E-04 -6.981255E-07  1.914460E-04 -1.633246E-02  2.034576E-08  2.045557E-08
  4.930000E+03  9.856265E-06  1.060948E-04  2.310093E-07  1.918078E-04 -1.683088E-02  2.034693E-08  2.043847E-08
  4.931000E+03  1.074370E-05  1.061883E-04  1.371538E-06  1.916205E-04 -1.371079E-02  2.034594E-08  2.045388E-08
  4.932000E+03  1.091089E-05  1.062531E-04 -5.547293E-07  1.915059E-04 -1.698437E-02  2.034515E-08  2.045717E-08
  4.933000E+03  9.880994E-06  1.060882E-04 -9.539815E-09  1.918078E-04 -1.599218E-02  2.034594E-08  2.043762E-08
  4.934000E+03  1.061691E-05  1.062255E-04  1.430319E-06  1.915537E-04 -1.411712E-02  2.034586E-08  2.045162E-08
  4.935000E+03  1.099751E-05  1.062114E-04 -3.740787E-07  1.915791E-04 -1.728301E-02  2.034485E-08  2.045852E-08
  4.936000E+03  9.932745E-06  1.060956E-04 -2.278810E-07  1.917757E-04 -1.528749E-02  2.034419E-08  2.043662E-08
  4.937000E+03  1.048731E-05  1.062443E-04  1.437212E-06  1.915093E-04 -1.470594E-02  2.034456E-08  2.044808E-08
  4.938000E+03  1.105784E-05  1.061726E-04 -1.652774E-07  1.916427E-04 -1.721887E-02  2.034419E-08  2.045891E-08
  4.939000E+03  1.000862E-05  1.061146E-04 -4.140314E-07  1.917247E-04 -1.481003E-02  2.034256E-08  2.043631E-08
  4.940000E+03  1.036222E-05  1.062423E-04  1.391760E-06  1.914937E-04 -1.535500E-02  2.034233E-08  2.044364E-08
  4.941000E+03  1.109119E-05  1.061456E-04  5.754355E-08  1.916840E-04 -1.683599E-02  2.034352E-08  2.045871E-08
  4.942000E+03  1.010432E-05  1.061424E-04 -5.629240E-07  1.916704E-04 -1.461925E-02  2.034217E-08  2.043773E-08
  4.943000E+03  1.024785E-05  1.062278E-04  1.297325E-06  1.915130E-04 -1.589180E-02  2.034143E-08  2.044066E-08
  4.944000E+03  1.109692E-05  1.061347E-04  2.824740E-07  1.916999E-04 -1.635110E-02  2.034330E-08  2.045844E-08
  4.945000E+03  1.021515E-05  1.061706E-04 -6.692651E-07  1.916294E-04 -1.467680E-02  2.034321E-08  2.044093E-08
  4.946000E+03  1.014784E-05  1.062119E-04  1.160179E-06  1.915522E-04 -1.622540E-02  2.034245E-08  2.043978E-08
  4.947000E+03  1.107520E-05  1.061344E-04  5.020177E-07  1.917013E-04 -1.594738E-02  2.034352E-08  2.045813E-08
  4.948000E+03  1.033448E-05  1.061914E-04 -7.277125E-07  1.916026E-04 -1.487023E-02  2.034430E-08  2.044438E-08
  4.949000E+03  1.006526E-05  1.061977E-04  9.910423E-07  1.915913E-04 -1.636948E-02  2.034384E-08  2.043955E-08
  4.950000E+03  1.102812E-05  1.061391E-04  7.082296E-07  1.916960E-04 -1.563433E-02  2.034396E-08  2.045760E-08
  4.951000E+03  1.045499E-05  1.062015E-04 -7.361999E-07  1.915852E-04 -1.513032E-02  2.034432E-08  2.044679E-08
  4.952000E+03  1.000383E-05  1.061866E-04  8.014512E-07  1.916218E-04 -1.633308E-02  2.034495E-08  2.043940E-08
  4.953000E+03  1.095772E-05  1.061483E-04  8.919003E-07  1.916846E-04 -1.544489E-02  2.034457E-08  2.045684E-08
  4.954000E+03  1.057290E-05  1.062032E-04 -6.956206E-07  1.915829E-04 -1.537544E-02  2.034431E-08  2.044911E-08
  4.955000E+03  9.965693E-06  1.061797E-04  5.971451E-07  1.916411E-04 -1.619157E-02  2.034572E-08  2.043932E-08
  4.956000E+03  1.086981E-05  1.061610E-04  1.043754E-06  1.916702E-04 -1.537470E-02  2.034551E-08  2.045612E-08
  4.957000E+03  1.068298E-05  1.062008E-04 -6.131500E-07  1.915947E-04 -1.557022E-02  2.034504E-08  2.045198E-08
  4.958000E+03  9.953326E-06  1.061758E-04  3.865310E-07  1.916536E-04 -1.601076E-02  2.034638E-08  2.043962E-08
  4.959000E+03  1.077176E-05  1.061742E-04  1.152487E-06  1.916549E-04 -1.539006E-02  2.034639E-08  2.045518E-08
  4.960000E+03  1.077783E-05  1.061961E-04 -4.972945E-07  1.916117E-04 -1.572667E-02  2.034591E-08  2.045469E-08
  4.961000E+03  9.969743E-06  1.061747E-04  1.818892E-07  1.916613E-04 -1.581634E-02  2.034703E-08  2.044047E-08
  4.962000E+03  1.066788E-05  1.061859E-04  1.208380E-06  1.916394E-04 -1.547839E-02  2.034697E-08  2.045382E-08
  4.963000E+03  1.085353E-05  1.061874E-04 -3.533014E-07  1.916312E-04 -1.583949E-02  2.034626E-08  2.045650E-08
  4.964000E+03  1.001268E-05  1.061764E-04 -6.946737E-09  1.916577E-04 -1.563236E-02  2.034704E-08  2.044120E-08
  4.965000E+03  1.056119E-05  1.061917E-04  1.213381E-06  1.916272E-04 -1.563008E-02  2.034672E-08  2.045159E-08
  4.966000E+03  1.090892E-05  1.061750E-04 -1.863085E-07  1.916509E-04 -1.581975E-02  2.034598E-08  2.045726E-08
  4.967000E+03  1.007483E-05  1.061821E-04 -1.714237E-07  1.916380E-04 -1.551824E-02  2.034608E-08  2.044136E-08
  4.968000E+03  1.045707E-05  1.061896E-04  1.177578E-06  1.916234E-04 -1.582111E-02  2.034587E-08  2.044879E-08
  4.969000E+03  1.094055E-05  1.061647E-04 -4.154673E-09  1.916652E-04 -1.565771E-02  2.034559E-08  2.045741E-08
  4.970000E+03  1.015099E-05  1.061916E-04 -3.001584E-07  1.916117E-04 -1.551428E-02  2.034511E-08  2.044185E-08
  4.971000E+03  1.036183E-05  1.061803E-04  1.106017E-06  1.916313E-04 -1.601293E-02  2.034485E-08  2.044596E-08
  4.972000E+03  1.094696E-05  1.061617E-04  1.817370E-07  1.916694E-04 -1.539545E-02  2.034554E-08  2.045741E-08
  4.973000E+03  1.023713E-05  1.062033E-04 -3.867363E-07  1.915886E-04 -1.564372E-02  2.034485E-08  2.044327E-08
  4.974000E+03  1.027940E-05  1.061629E-04  1.003449E-06  1.916540E-04 -1.612850E-02  2.034389E-08  2.044339E-08
  4.975000E+03  1.093137E-05  1.061679E-04  3.607124E-07  1.916547E-04 -1.510053E-02  2.034526E-08  2.045677E-08
  4.976000E+03  1.032704E-05  1.062118E-04 -4.323210E-07  1.915749E-04 -1.590824E-02  2.034495E-08  2.044517E-08
  4.977000E+03  1.021561E-05  1.061429E-04  8.773640E-07  1.916860E-04 -1.607553E-02  2.034348E-08  2.044165E-08
  4.978000E+03  1.089580E-05  1.061830E-04  5.193308E-07  1.916211E-04 -1.491195E-02  2.034465E-08  2.045548E-08
  4.979000E+03  1.041570E-05  1.062114E-04 -4.367022E-07  1.915792E-04 -1.623428E-02  2.034521E-08  2.044722E-08
  4.980000E+03  1.017490E-05  1.061295E-04  7.340459E-07  1.917148E-04 -1.580676E-02  2.034406E-08  2.044129E-08
  4.981000E+03  1.084236E-05  1.062041E-04  6.468435E-07  1.915799E-04 -1.494145E-02  2.034431E-08  2.045420E-08
  4.982000E+03  1.050109E-05  1.061962E-04 -4.023850E-07  1.916050E-04 -1.653879E-02  2.034494E-08  2.044862E-08
  4.983000E+03  1.015424E-05  1.061289E-04  5.801333E-07  1.917241E-04 -1.533204E-02  2.034508E-08  2.044172E-08
  4.984000E+03  1.077662E-05  1.062266E-04  7.446002E-07  1.915425E-04 -1.523859E-02  2.034455E-08  2.045334E-08
  4.985000E+03  1.057869E-05  1.061671E-04 -3.366761E-07  1.916521E-04 -1.670366E-02  2.034431E-08  2.044944E-08
  4.986000E+03  1.015194E-05  1.061422E-04  4.261743E-07  1.917035E-04 -1.478379E-02  2.034560E-08  2.044202E-08
  4.987000E+03  1.070449E-05  1.062435E-04  8.109406E-07  1.915204E-04 -1.573244E-02  2.034527E-08  2.045289E-08
  4.988000E+03  1.064060E-05  1.061346E-04 -2.446881E-07  1.917102E-04 -1.662529E-02  2.034427E-08  2.045046E-08
  4.989000E+03  1.016978E-05  1.061678E-04  2.865062E-07  1.916565E-04 -1.438467E-02  2.034565E-08  2.044232E-08
  4.990000E+03  1.062946E-05  1.062471E-04  8.392828E-07  1.915233E-04 -1.631398E-02  2.034610E-08  2.045246E-08
  4.991000E+03  1.068361E-05  1.061086E-04 -1.307321E-07  1.917601E-04 -1.628066E-02  2.034471E-08  2.045155E-08
  4.992000E+03  1.020539E-05  1.061987E-04  1.696178E-07  1.915959E-04 -1.427547E-02  2.034517E-08  2.044255E-08
  4.993000E+03  1.055639E-05  1.062310E-04  8.302547E-07  1.915494E-04 -1.686127E-02  2.034560E-08  2.045069E-08
  4.994000E+03  1.071030E-05  1.060945E-04 -6.737911E-09  1.917829E-04 -1.569637E-02  2.034461E-08  2.045174E-08
  4.995000E+03  1.025267E-05  1.062285E-04  7.552538E-08  1.915351E-04 -1.446491E-02  2.034435E-08  2.044275E-08
  4.996000E+03  1.049101E-05  1.061979E-04  7.911909E-07  1.915949E-04 -1.724276E-02  2.034395E-08  2.044781E-08
  4.997000E+03  1.072115E-05  1.060959E-04  1.153648E-07  1.917724E-04 -1.499006E-02  2.034397E-08  2.045111E-08
  4.998000E+03  1.030760E-05  1.062537E-04  6.731285E-09  1.914863E-04 -1.492342E-02  2.034386E-08  2.044351E-08
  4.999000E+03  1.043750E-05  1.061582E-04  7.265913E-07  1.916562E-04 -1.736712E-02  2.034281E-08  2.044557E-08
  5.000000E+03  1.071643E-05  1.061116E-04  2.269187E-07  1.917355E-04 -1.434896E-02  2.034326E-08  2.045017E-08
  5.001000E+03  1.036699E-05  1.062700E-04 -3.460648E-08  1.914581E-04 -1.554676E-02  2.034379E-08  2.044481E-08
  5.002000E+03  1.039620E-05  1.061213E-04  6.425880E-07  1.917198E-04 -1.723402E-02  2.034252E-08  2.044433E-08
  5.003000E+03  1.069717E-05  1.061387E-04  3.263827E-07  1.916852E-04 -1.387211E-02  2.034326E-08  2.044974E-08
  5.004000E+03  1.042523E-05  1.062743E-04 -4.572335E-08  1.914538E-04 -1.624317E-02  2.034392E-08  2.044628E-08
  5.005000E+03  1.036804E-05  1.060921E-04  5.496468E-07  1.917756E-04 -1.685449E-02  2.034298E-08  2.044402E-08
  5.006000E+03  1.066522E-05  1.061752E-04  4.103149E-07  1.916258E-04 -1.364429E-02  2.034401E-08  2.044991E-08
  5.007000E+03  1.047669E-05  1.062637E-04 -2.554629E-08  1.914779E-04 -1.692277E-02  2.034424E-08  2.044776E-08
  5.008000E+03  1.035487E-05  1.060737E-04  4.575017E-07  1.918147E-04 -1.624518E-02  2.034381E-08  2.044433E-08
  5.009000E+03  1.062313E-05  1.062168E-04  4.727793E-07  1.915608E-04 -1.372095E-02  2.034507E-08  2.045031E-08
  5.010000E+03  1.052025E-05  1.062392E-04  2.176677E-08  1.915309E-04 -1.747529E-02  2.034498E-08  2.044944E-08
  5.011000E+03  1.035593E-05  1.060667E-04  3.690836E-07  1.918324E-04 -1.547607E-02  2.034460E-08  2.044485E-08
  5.012000E+03  1.057604E-05  1.062574E-04  5.109470E-07  1.914962E-04 -1.407856E-02  2.034586E-08  2.045043E-08
  5.013000E+03  1.055395E-05  1.062042E-04  8.754543E-08  1.916027E-04 -1.783868E-02  2.034579E-08  2.045090E-08
  5.014000E+03  1.037116E-05  1.060734E-04  2.883314E-07  1.918275E-04 -1.463857E-02  2.034561E-08  2.044589E-08
  5.015000E+03  1.052892E-05  1.062923E-04  5.206449E-07  1.914405E-04 -1.469872E-02  2.034645E-08  2.045042E-08
  5.016000E+03  1.057504E-05  1.061607E-04  1.641802E-07  1.916859E-04 -1.797765E-02  2.034622E-08  2.045167E-08
  5.017000E+03  1.040114E-05  1.060964E-04  2.203003E-07  1.917938E-04 -1.383346E-02  2.034667E-08  2.044732E-08
  5.018000E+03  1.048488E-05  1.063147E-04  4.980940E-07  1.914048E-04 -1.555667E-02  2.034669E-08  2.045014E-08
  5.019000E+03  1.058231E-05  1.061101E-04  2.464554E-07  1.917728E-04 -1.780028E-02  2.034580E-08  2.045121E-08
  5.020000E+03  1.044098E-05  1.061344E-04  1.715974E-07  1.917232E-04 -1.319607E-02  2.034665E-08  2.044796E-08
  5.021000E+03  1.044738E-05  1.063187E-04  4.501262E-07  1.913987E-04 -1.654168E-02  2.034648E-08  2.044955E-08
  5.022000E+03  1.057599E-05  1.060609E-04  3.272212E-07  1.918509E-04 -1.725865E-02  2.034485E-08  2.044986E-08
  5.023000E+03  1.048403E-05  1.061845E-04  1.474689E-07  1.916227E-04 -1.286903E-02  2.034568E-08  2.044787E-08
  5.024000E+03  1.042165E-05  1.063013E-04  3.856331E-07  1.914294E-04 -1.751695E-02  2.034608E-08  2.044892E-08
  5.025000E+03  1.055440E-05  1.060266E-04  3.974007E-07  1.919075E-04 -1.635889E-02  2.034457E-08  2.044882E-08
  5.026000E+03  1.052727E-05  1.062425E-04  1.538555E-07  1.915115E-04 -1.299060E-02  2.034494E-08  2.044816E-08
  5.027000E+03  1.040863E-05  1.062582E-04  3.098836E-07  1.915019E-04 -1.834133E-02  2.034522E-08  2.044795E-08
  5.028000E+03  1.052094E-05  1.060151E-04  4.521947E-07  1.919245E-04 -1.515880E-02  2.034456E-08  2.044777E-08
  5.029000E+03  1.056724E-05  1.062990E-04  1.868975E-07  1.914054E-04 -1.362163E-02  2.034432E-08  2.044869E-08
  5.030000E+03  1.040804E-05  1.061913E-04  2.300648E-07  1.916095E-04 -1.885015E-02  2.034366E-08  2.044636E-08
  5.031000E+03  1.048147E-05  1.060298E-04  4.871346E-07  1.918877E-04 -1.385246E-02  2.034386E-08  2.044597E-08
  5.032000E+03  1.059776E-05  1.063430E-04  2.400843E-07  1.913251E-04 -1.466921E-02  2.034390E-08  2.044934E-08
  5.033000E+03  1.042448E-05  1.061155E-04  1.546670E-07  1.917365E-04 -1.887621E-02  2.034260E-08  2.044541E-08
  5.034000E+03  1.043772E-05  1.060731E-04  4.915330E-07  1.918011E-04 -1.274709E-02  2.034329E-08  2.044436E-08
  5.035000E+03  1.061659E-05  1.063626E-04  3.119017E-07  1.912934E-04 -1.599741E-02  2.034386E-08  2.045016E-08
  5.036000E+03  1.045606E-05  1.060467E-04  8.982315E-08  1.918594E-04 -1.831200E-02  2.034264E-08  2.044569E-08
  5.037000E+03  1.039255E-05  1.061407E-04  4.667271E-07  1.916775E-04 -1.211262E-02  2.034329E-08  2.044350E-08
  5.038000E+03  1.062502E-05  1.063483E-04  3.954448E-07  1.913223E-04 -1.740719E-02  2.034372E-08  2.045061E-08
  5.039000E+03  1.049525E-05  1.059978E-04  3.934059E-08  1.919498E-04 -1.717923E-02  2.034326E-08  2.044656E-08
  5.040000E+03  1.035179E-05  1.062200E-04  4.228512E-07  1.915388E-04 -1.208278E-02  2.034376E-08  2.044341E-08
  5.041000E+03  1.062129E-05  1.063011E-04  4.805436E-07  1.914100E-04 -1.860642E-02  2.034358E-08  2.045067E-08
  5.042000E+03  1.053882E-05  1.059779E-04  9.554686E-09  1.919858E-04 -1.570763E-02  2.034375E-08  2.044737E-08
  5.043000E+03  1.031988E-05  1.062958E-04  3.626002E-07  1.914103E-04 -1.266952E-02  2.034448E-08  2.044391E-08
  5.044000E+03  1.060116E-05  1.062306E-04  5.619001E-07  1.915406E-04 -1.935472E-02  2.034366E-08  2.045043E-08
  5.045000E+03  1.058697E-05  1.059900E-04  8.823833E-09  1.919605E-04 -1.419353E-02  2.034384E-08  2.044794E-08
  5.046000E+03  1.029812E-05  1.063535E-04  2.844601E-07  1.913122E-04 -1.378525E-02  2.034479E-08  2.044433E-08
  5.047000E+03  1.056618E-05  1.061505E-04  6.355387E-07  1.916890E-04 -1.950265E-02  2.034400E-08  2.044995E-08
  5.048000E+03  1.063693E-05  1.060323E-04  3.637496E-08  1.918828E-04 -1.288805E-02  2.034409E-08  2.044886E-08
  5.049000E+03  1.028873E-05  1.063831E-04  1.921186E-07  1.912633E-04 -1.523197E-02  2.034481E-08  2.044470E-08
  5.050000E+03  1.052095E-05  1.060768E-04  6.931176E-07  1.918273E-04 -1.903526E-02  2.034473E-08  2.044947E-08
  5.051000E+03  1.068360E-05  1.060999E-04  8.732526E-08  1.917700E-04 -1.201483E-02  2.034532E-08  2.045091E-08
  5.052000E+03  1.029482E-05  1.063815E-04  9.310962E-08  1.912766E-04 -1.675575E-02  2.034544E-08  2.044591E-08
  5.053000E+03  1.046814E-05  1.060181E-04  7.260516E-07  1.919355E-04 -1.806583E-02  2.034532E-08  2.044860E-08
  5.054000E+03  1.072441E-05  1.061805E-04  1.585243E-07  1.916350E-04 -1.169924E-02  2.034651E-08  2.045302E-08
  5.055000E+03  1.031553E-05  1.063481E-04 -6.597587E-09  1.913444E-04 -1.814434E-02  2.034576E-08  2.044697E-08
  5.056000E+03  1.041058E-05  1.059775E-04  7.336839E-07  1.920008E-04 -1.670294E-02  2.034491E-08  2.044656E-08
  5.057000E+03  1.075697E-05  1.062610E-04  2.463154E-07  1.914865E-04 -1.197333E-02  2.034609E-08  2.045357E-08
  5.058000E+03  1.034815E-05  1.062864E-04 -9.995178E-08  1.914532E-04 -1.920666E-02  2.034512E-08  2.044711E-08
  5.059000E+03  1.035199E-05  1.059632E-04  7.182709E-07  1.920137E-04 -1.510226E-02  2.034406E-08  2.044406E-08
  5.060000E+03  1.077625E-05  1.063323E-04  3.475658E-07  1.913483E-04 -1.282397E-02  2.034483E-08  2.045319E-08
  5.061000E+03  1.039329E-05  1.062065E-04 -1.773087E-07  1.915927E-04 -1.978704E-02  2.034440E-08  2.044722E-08
  5.062000E+03  1.029369E-05  1.059841E-04  6.774478E-07  1.919715E-04 -1.350479E-02  2.034407E-08  2.044252E-08
  5.063000E+03  1.078017E-05  1.063849E-04  4.613609E-07  1.912515E-04 -1.416681E-02  2.034423E-08  2.045328E-08
  5.064000E+03  1.045003E-05  1.061176E-04 -2.337284E-07  1.917484E-04 -1.976862E-02  2.034391E-08  2.044756E-08
  5.065000E+03  1.023860E-05  1.060390E-04  6.105579E-07  1.918736E-04 -1.215211E-02  2.034457E-08  2.044171E-08
  5.066000E+03  1.076863E-05  1.064095E-04  5.819289E-07  1.912122E-04 -1.583956E-02  2.034424E-08  2.045372E-08
  5.067000E+03  1.051412E-05  1.060303E-04 -2.653835E-07  1.918999E-04 -1.909637E-02  2.034350E-08  2.044794E-08
  5.068000E+03  1.019460E-05  1.061215E-04  5.194143E-07  1.917249E-04 -1.127342E-02  2.034485E-08  2.044111E-08
  5.069000E+03  1.074059E-05  1.063984E-04  6.943425E-07  1.912397E-04 -1.761752E-02  2.034444E-08  2.045395E-08
  5.070000E+03  1.058177E-05  1.059620E-04 -2.669176E-07  1.920211E-04 -1.778954E-02  2.034372E-08  2.044886E-08
  5.071000E+03  1.016535E-05  1.062192E-04  4.085037E-07  1.915476E-04 -1.110880E-02  2.034478E-08  2.044070E-08
  5.072000E+03  1.069676E-05  1.063477E-04  7.906230E-07  1.913383E-04 -1.916676E-02  2.034464E-08  2.045370E-08
  5.073000E+03  1.065122E-05  1.059277E-04 -2.382501E-07  1.920810E-04 -1.602879E-02  2.034408E-08  2.044992E-08
  5.074000E+03  1.014997E-05  1.063148E-04  2.821106E-07  1.913742E-04 -1.174615E-02  2.034450E-08  2.044060E-08
  5.075000E+03  1.063926E-05  1.062620E-04  8.707237E-07  1.914930E-04 -2.020524E-02  2.034427E-08  2.045234E-08
  5.076000E+03  1.071818E-05  1.059354E-04 -1.799999E-07  1.920632E-04 -1.407822E-02  2.034428E-08  2.045082E-08
  5.077000E+03  1.015142E-05  1.063939E-04  1.463082E-07  1.912370E-04 -1.309081E-02  2.034470E-08  2.044147E-08
  5.078000E+03  1.056909E-05  1.061583E-04  9.278329E-07  1.916819E-04 -2.054039E-02  2.034434E-08  2.045091E-08
  5.079000E+03  1.077684E-05  1.059873E-04 -8.917981E-08  1.919718E-04 -1.230033E-02  2.034504E-08  2.045231E-08
  5.080000E+03  1.017172E-05  1.064402E-04  1.108732E-08  1.911661E-04 -1.493710E-02  2.034549E-08  2.044335E-08
  5.081000E+03  1.049081E-05  1.060559E-04  9.540161E-07  1.918727E-04 -2.003794E-02  2.034515E-08  2.044979E-08
  5.082000E+03  1.082344E-05  1.060750E-04  2.823016E-08  1.918175E-04 -1.108883E-02  2.034580E-08  2.045384E-08
  5.083000E+03  1.020741E-05  1.064391E-04 -1.131031E-07  1.911767E-04 -1.698161E-02  2.034575E-08  2.044492E-08
  5.084000E+03  1.041214E-05  1.059704E-04  9.496125E-07  1.920235E-04 -1.872942E-02  2.034523E-08  2.044772E-08
  5.085000E+03  1.085448E-05  1.061814E-04  1.597651E-07  1.916228E-04 -1.065473E-02  2.034563E-08  2.045446E-08
  5.086000E+03  1.025825E-05  1.063885E-04 -2.189633E-07  1.912649E-04 -1.885972E-02  2.034477E-08  2.044536E-08
  5.087000E+03  1.033749E-05  1.059172E-04  9.113139E-07  1.921030E-04 -1.684050E-02  2.034413E-08  2.044445E-08
  5.088000E+03  1.086644E-05  1.062883E-04  2.995367E-07  1.914224E-04 -1.107713E-02  2.034471E-08  2.045425E-08
  5.089000E+03  1.032459E-05  1.063008E-04 -2.997678E-07  1.914175E-04 -2.021035E-02  2.034367E-08  2.044570E-08
  5.090000E+03  1.026905E-05  1.059103E-04  8.365655E-07  1.921014E-04 -1.472559E-02  2.034331E-08  2.044163E-08
  5.091000E+03  1.086018E-05  1.063772E-04  4.424206E-07  1.912571E-04 -1.232659E-02  2.034385E-08  2.045395E-08
  5.092000E+03  1.040081E-05  1.061926E-04 -3.523862E-07  1.916108E-04 -2.075926E-02  2.034327E-08  2.044663E-08
  5.093000E+03  1.021021E-05  1.059524E-04  7.337507E-07  1.920212E-04 -1.275811E-02  2.034345E-08  2.044013E-08
  5.094000E+03  1.083850E-05  1.064332E-04  5.791962E-07  1.911595E-04 -1.418406E-02  2.034368E-08  2.045413E-08
  5.095000E+03  1.047838E-05  1.060830E-04 -3.751916E-07  1.918104E-04 -2.043371E-02  2.034358E-08  2.044799E-08
  5.096000E+03  1.016637E-05  1.060347E-04  6.153932E-07  1.918768E-04 -1.128342E-02  2.034431E-08  2.043990E-08
  5.097000E+03  1.080096E-05  1.064456E-04  6.994122E-07  1.911457E-04 -1.630313E-02  2.034391E-08  2.045437E-08
  5.098000E+03  1.055265E-05  1.059889E-04 -3.633098E-07  1.919773E-04 -1.931626E-02  2.034368E-08  2.044889E-08
  5.099000E+03  1.014069E-05  1.061403E-04  4.881174E-07  1.916887E-04 -1.057038E-02  2.034475E-08  2.043990E-08
  5.100000E+03  1.074726E-05  1.064109E-04  7.969480E-07  1.912149E-04 -1.829612E-02  2.034395E-08  2.045393E-08
  5.101000E+03  1.062409E-05  1.059261E-04 -3.165290E-07  1.920822E-04 -1.758427E-02  2.034337E-08  2.044922E-08
  5.102000E+03  1.013039E-05  1.062489E-04  3.533781E-07  1.914884E-04 -1.074598E-02  2.034425E-08  2.043954E-08
  5.103000E+03  1.068296E-05  1.063377E-04  8.726669E-07  1.913508E-04 -1.980647E-02  2.034381E-08  2.045285E-08
  5.104000E+03  1.068968E-05  1.059063E-04 -2.434406E-07  1.921110E-04 -1.554822E-02  2.034330E-08  2.044971E-08
  5.105000E+03  1.013479E-05  1.063443E-04  2.178138E-07  1.913159E-04 -1.172962E-02  2.034395E-08  2.043989E-08
  5.106000E+03  1.061432E-05  1.062404E-04  9.225587E-07  1.915290E-04 -2.063406E-02  2.034380E-08  2.045152E-08
  5.107000E+03  1.074438E-05  1.059314E-04 -1.522930E-07  1.920658E-04 -1.353710E-02  2.034393E-08  2.045083E-08
  5.108000E+03  1.015549E-05  1.064138E-04  9.019298E-08  1.911954E-04 -1.335979E-02  2.034402E-08  2.044103E-08
  5.109000E+03  1.054313E-05  1.061310E-04  9.418557E-07  1.917258E-04 -2.067075E-02  2.034371E-08  2.044978E-08
  5.110000E+03  1.078664E-05  1.059970E-04 -4.541307E-08  1.919477E-04 -1.185206E-02  2.034445E-08  2.045182E-08
  5.111000E+03  1.019053E-05  1.064453E-04 -2.471979E-08  1.911446E-04 -1.538985E-02  2.034404E-08  2.044243E-08
  5.112000E+03  1.047138E-05  1.060264E-04  9.328328E-07  1.919103E-04 -1.988329E-02  2.034354E-08  2.044769E-08
  5.113000E+03  1.081478E-05  1.060931E-04  7.468748E-08  1.917713E-04 -1.079380E-02  2.034443E-08  2.045229E-08
  5.114000E+03  1.023735E-05  1.064330E-04 -1.213073E-07  1.911746E-04 -1.748073E-02  2.034416E-08  2.044406E-08
  5.115000E+03  1.040325E-05  1.059473E-04  8.970534E-07  1.920498E-04 -1.839073E-02  2.034373E-08  2.044587E-08
  5.116000E+03  1.082645E-05  1.062032E-04  2.016083E-07  1.915709E-04 -1.056400E-02  2.034431E-08  2.045265E-08
  5.117000E+03  1.029455E-05  1.063765E-04 -1.937029E-07  1.912821E-04 -1.926244E-02  2.034414E-08  2.044551E-08
  5.118000E+03  1.034044E-05  1.059076E-04  8.358602E-07  1.921188E-04 -1.641223E-02  2.034410E-08  2.044429E-08
  5.119000E+03  1.082201E-05  1.063098E-04  3.316298E-07  1.913780E-04 -1.123362E-02  2.034407E-08  2.045286E-08
  5.120000E+03  1.035966E-05  1.062811E-04 -2.404838E-07  1.914528E-04 -2.043946E-02  2.034357E-08  2.044628E-08
  5.121000E+03  1.028713E-05  1.059154E-04  7.506246E-07  1.920994E-04 -1.423887E-02  2.034422E-08  2.044271E-08
  5.122000E+03  1.080233E-05  1.063962E-04  4.555700E-07  1.912245E-04 -1.272524E-02  2.034392E-08  2.045306E-08
  5.123000E+03  1.042886E-05  1.061653E-04 -2.601538E-07  1.916619E-04 -2.078798E-02  2.034345E-08  2.044725E-08
  5.124000E+03  1.024792E-05  1.059716E-04  6.451135E-07  1.919944E-04 -1.229410E-02  2.034442E-08  2.044167E-08
  5.125000E+03  1.076901E-05  1.064454E-04  5.628781E-07  1.911450E-04 -1.476035E-02  2.034429E-08  2.045360E-08
  5.126000E+03  1.049654E-05  1.060521E-04 -2.510855E-07  1.918685E-04 -2.023040E-02  2.034390E-08  2.044849E-08
  5.127000E+03  1.022484E-05  1.060652E-04  5.288764E-07  1.918235E-04 -1.097503E-02  2.034456E-08  2.044119E-08
  5.128000E+03  1.072368E-05  1.064439E-04  6.480460E-07  1.911543E-04 -1.696573E-02  2.034427E-08  2.045342E-08
  5.129000E+03  1.055898E-05  1.059609E-04 -2.134254E-07  1.920289E-04 -1.883126E-02  2.034394E-08  2.044902E-08
  5.130000E+03  1.021834E-05  1.061787E-04  4.089596E-07  1.916157E-04 -1.051252E-02  2.034438E-08  2.044104E-08
  5.131000E+03  1.066757E-05  1.063904E-04  7.091168E-07  1.912495E-04 -1.895528E-02  2.034345E-08  2.045201E-08
  5.132000E+03  1.061340E-05  1.059085E-04 -1.472342E-07  1.921129E-04 -1.681656E-02  2.034351E-08  2.044885E-08
  5.133000E+03  1.022845E-05  1.062928E-04  2.909733E-07  1.914078E-04 -1.100413E-02  2.034404E-08  2.044134E-08
  5.134000E+03  1.060578E-05  1.062977E-04  7.416638E-07  1.914175E-04 -2.033453E-02  2.034303E-08  2.045059E-08
  5.135000E+03  1.065394E-05  1.059087E-04 -5.775497E-08  1.921074E-04 -1.458904E-02  2.034368E-08  2.044909E-08
  5.136000E+03  1.025350E-05  1.063874E-04  1.880746E-07  1.912444E-04 -1.238055E-02  2.034444E-08  2.044290E-08
  5.137000E+03  1.054632E-05  1.061850E-04  7.421878E-07  1.916301E-04 -2.083239E-02  2.034383E-08  2.045007E-08
  5.138000E+03  1.067740E-05  1.059608E-04  4.164245E-08  1.920168E-04 -1.258089E-02  2.034463E-08  2.045000E-08
  5.139000E+03  1.029057E-05  1.064434E-04  1.092070E-07  1.911564E-04 -1.437638E-02  2.034523E-08  2.044516E-08
  5.140000E+03  1.049328E-05  1.060719E-04  7.130813E-07  1.918415E-04 -2.038890E-02  2.034478E-08  2.044953E-08
  5.141000E+03  1.068429E-05  1.060514E-04  1.423306E-07  1.918576E-04 -1.114742E-02  2.034551E-08  2.045081E-08
  5.142000E+03  1.033728E-05  1.064489E-04  5.540912E-08  1.911550E-04 -1.659737E-02  2.034543E-08  2.044695E-08
  5.143000E+03  1.044820E-05  1.059765E-04  6.577902E-07  1.920083E-04 -1.911159E-02  2.034465E-08  2.044785E-08
  5.144000E+03  1.067580E-05  1.061615E-04  2.401819E-07  1.916551E-04 -1.053983E-02  2.034526E-08  2.045053E-08
  5.145000E+03  1.038978E-05  1.064038E-04  2.755199E-08  1.912367E-04 -1.860981E-02  2.034480E-08  2.044782E-08
  5.146000E+03  1.041304E-05  1.059186E-04  5.823867E-07  1.921031E-04 -1.721163E-02  2.034428E-08  2.044602E-08
  5.147000E+03  1.065551E-05  1.062731E-04  3.281900E-07  1.914492E-04 -1.088402E-02  2.034469E-08  2.045001E-08
  5.148000E+03  1.044081E-05  1.063196E-04  2.464833E-08  1.913907E-04 -2.004419E-02  2.034449E-08  2.044869E-08
  5.149000E+03  1.038983E-05  1.059112E-04  4.996922E-07  1.921125E-04 -1.506236E-02  2.034454E-08  2.044511E-08
  5.150000E+03  1.062797E-05  1.063661E-04  3.983848E-07  1.912833E-04 -1.211008E-02  2.034457E-08  2.045001E-08
  5.151000E+03  1.048390E-05  1.062113E-04  4.312350E-08  1.915860E-04 -2.067494E-02  2.034424E-08  2.044915E-08
  5.152000E+03  1.038008E-05  1.059513E-04  4.214437E-07  1.920347E-04 -1.307196E-02  2.034458E-08  2.044442E-08
  5.153000E+03  1.059516E-05  1.064228E-04  4.460485E-07  1.911828E-04 -1.394613E-02  2.034424E-08  2.044980E-08
  5.154000E+03  1.051691E-05  1.060963E-04  8.080802E-08  1.917835E-04 -2.041386E-02  2.034328E-08  2.044841E-08
  5.155000E+03  1.038380E-05  1.060283E-04  3.519333E-07  1.918825E-04 -1.157664E-02  2.034360E-08  2.044324E-08
  5.156000E+03  1.055846E-05  1.064356E-04  4.699795E-07  1.911595E-04 -1.603867E-02  2.034355E-08  2.044911E-08
  5.157000E+03  1.054081E-05  1.059979E-04  1.341037E-07  1.919507E-04 -1.932433E-02  2.034258E-08  2.044755E-08
  5.158000E+03  1.039978E-05  1.061299E-04  2.902371E-07  1.916902E-04 -1.082197E-02  2.034287E-08  2.044285E-08
  5.159000E+03  1.052091E-05  1.064041E-04  4.699960E-07  1.912177E-04 -1.804131E-02  2.034303E-08  2.044841E-08
  5.160000E+03  1.055542E-05  1.059345E-04  1.970675E-07  1.920622E-04 -1.759858E-02  2.034287E-08  2.044740E-08
  5.161000E+03  1.042545E-05  1.062382E-04  2.389255E-07  1.914925E-04 -1.095753E-02  2.034259E-08  2.044340E-08
  5.162000E+03  1.048739E-05  1.063305E-04  4.470774E-07  1.913498E-04 -1.958690E-02  2.034241E-08  2.044743E-08
  5.163000E+03  1.055895E-05  1.059166E-04  2.613970E-07  1.920916E-04 -1.553779E-02  2.034324E-08  2.044713E-08
  5.164000E+03  1.045676E-05  1.063344E-04  2.050519E-07  1.913212E-04 -1.196962E-02  2.034258E-08  2.044457E-08
  5.165000E+03  1.046150E-05  1.062278E-04  4.063378E-07  1.915346E-04 -2.038728E-02  2.034207E-08  2.044655E-08
  5.166000E+03  1.055091E-05  1.059473E-04  3.203112E-07  1.920332E-04 -1.351384E-02  2.034354E-08  2.044673E-08
  5.167000E+03  1.049021E-05  1.064055E-04  1.925811E-07  1.912081E-04 -1.364867E-02  2.034370E-08  2.044705E-08
  5.168000E+03  1.044392E-05  1.061185E-04  3.541549E-07  1.917406E-04 -2.036000E-02  2.034301E-08  2.044682E-08
  5.169000E+03  1.053299E-05  1.060192E-04  3.709738E-07  1.919080E-04 -1.188162E-02  2.034450E-08  2.044704E-08
  5.170000E+03  1.052363E-05  1.064384E-04  1.999996E-07  1.911700E-04 -1.568593E-02  2.034533E-08  2.045005E-08
  5.171000E+03  1.043374E-05  1.060208E-04  2.957130E-07  1.919301E-04 -1.951697E-02  2.034471E-08  2.044777E-08
  5.172000E+03  1.050627E-05  1.061189E-04  4.142816E-07  1.917342E-04 -1.094724E-02  2.034540E-08  2.044742E-08
  5.173000E+03  1.055702E-05  1.064196E-04  2.251053E-07  1.912139E-04 -1.774097E-02  2.034569E-08  2.045165E-08
  5.174000E+03  1.043195E-05  1.059501E-04  2.301383E-07  1.920615E-04 -1.791786E-02  2.034566E-08  2.044796E-08
  5.175000E+03  1.047072E-05  1.062283E-04  4.482964E-07  1.915353E-04 -1.091011E-02  2.034525E-08  2.044690E-08
  5.176000E+03  1.058922E-05  1.063496E-04  2.689963E-07  1.913354E-04 -1.941294E-02  2.034462E-08  2.045154E-08
  5.177000E+03  1.044152E-05  1.059206E-04  1.572600E-07  1.921044E-04 -1.585007E-02  2.034526E-08  2.044700E-08
  5.178000E+03  1.042923E-05  1.063295E-04  4.645571E-07  1.913506E-04 -1.176483E-02  2.034480E-08  2.044622E-08
  5.179000E+03  1.061352E-05  1.062474E-04  3.315852E-07  1.915148E-04 -2.039344E-02  2.034372E-08  2.045115E-08
  5.180000E+03  1.046449E-05  1.059402E-04  8.877128E-08  1.920575E-04 -1.376006E-02  2.034469E-08  2.044625E-08
  5.181000E+03  1.038619E-05  1.064058E-04  4.552326E-07  1.912203E-04 -1.333727E-02  2.034514E-08  2.044646E-08
  5.182000E+03  1.062368E-05  1.061354E-04  4.093611E-07  1.917204E-04 -2.051241E-02  2.034405E-08  2.045141E-08
  5.183000E+03  1.050193E-05  1.060051E-04  3.631588E-08  1.919375E-04 -1.203524E-02  2.034488E-08  2.044679E-08
  5.184000E+03  1.034411E-05  1.064414E-04  4.160008E-07  1.911672E-04 -1.535569E-02  2.034571E-08  2.044696E-08
  5.185000E+03  1.061853E-05  1.060318E-04  4.983269E-07  1.919127E-04 -1.973423E-02  2.034489E-08  2.045163E-08
  5.186000E+03  1.055103E-05  1.061030E-04  4.651472E-09  1.917623E-04 -1.097922E-02  2.034534E-08  2.044813E-08
  5.187000E+03  1.030509E-05  1.064252E-04  3.507144E-07  1.912014E-04 -1.746272E-02  2.034554E-08  2.044667E-08
  5.188000E+03  1.059892E-05  1.059546E-04  5.935228E-07  1.920493E-04 -1.817242E-02  2.034514E-08  2.045081E-08
  5.189000E+03  1.060738E-05  1.062148E-04 -4.143852E-09  1.915596E-04 -1.081428E-02  2.034527E-08  2.044941E-08
  5.190000E+03  1.027617E-05  1.063603E-04  2.622353E-07  1.913182E-04 -1.922177E-02  2.034491E-08  2.044586E-08
  5.191000E+03  1.056310E-05  1.059205E-04  6.822875E-07  1.921029E-04 -1.613096E-02  2.034499E-08  2.044926E-08
  5.192000E+03  1.066622E-05  1.063202E-04  1.749488E-08  1.913712E-04 -1.157686E-02  2.034527E-08  2.045109E-08
  5.193000E+03  1.026531E-05  1.062639E-04  1.532846E-07  1.914965E-04 -2.029251E-02  2.034497E-08  2.044576E-08
  5.194000E+03  1.051055E-05  1.059361E-04  7.490622E-07  1.920704E-04 -1.404125E-02  2.034519E-08  2.044786E-08
  5.195000E+03  1.072218E-05  1.063994E-04  7.521021E-08  1.912363E-04 -1.309075E-02  2.034567E-08  2.045328E-08
  5.196000E+03  1.027427E-05  1.061534E-04  3.317325E-08  1.916977E-04 -2.052355E-02  2.034507E-08  2.044579E-08
  5.197000E+03  1.044592E-05  1.059943E-04  7.863591E-07  1.919598E-04 -1.227942E-02  2.034512E-08  2.044618E-08
  5.198000E+03  1.077110E-05  1.064352E-04  1.632164E-07  1.911733E-04 -1.505185E-02  2.034528E-08  2.045457E-08
  5.199000E+03  1.030027E-05  1.060457E-04 -8.736445E-08  1.918814E-04 -1.986592E-02  2.034418E-08  2.044489E-08
  5.200000E+03  1.037469E-05  1.060842E-04  7.950580E-07  1.917863E-04 -1.114112E-02  2.034423E-08  2.044385E-08
  5.201000E+03  1.080811E-05  1.064239E-04  2.746800E-07  1.911917E-04 -1.711146E-02  2.034440E-08  2.045505E-08
  5.202000E+03  1.034325E-05  1.059628E-04 -1.985109E-07  1.920185E-04 -1.844502E-02  2.034336E-08  2.044421E-08
  5.203000E+03  1.030191E-05  1.061895E-04  7.709671E-07  1.915860E-04 -1.083984E-02  2.034323E-08  2.044168E-08
  5.204000E+03  1.082656E-05  1.063698E-04  4.051476E-07  1.912872E-04 -1.889913E-02  2.034355E-08  2.045502E-08
  5.205000E+03  1.040255E-05  1.059198E-04 -2.863323E-07  1.920862E-04 -1.655394E-02  2.034295E-08  2.044420E-08
  5.206000E+03  1.023291E-05  1.062898E-04  7.108372E-07  1.913984E-04 -1.139953E-02  2.034237E-08  2.043997E-08
  5.207000E+03  1.082395E-05  1.062815E-04  5.460438E-07  1.914400E-04 -2.008715E-02  2.034242E-08  2.045400E-08
  5.208000E+03  1.047495E-05  1.059223E-04 -3.430247E-07  1.920704E-04 -1.453872E-02  2.034239E-08  2.044439E-08
  5.209000E+03  1.017178E-05  1.063689E-04  6.176480E-07  1.912539E-04 -1.269519E-02  2.034183E-08  2.043890E-08
  5.210000E+03  1.080165E-05  1.061758E-04  6.879531E-07  1.916244E-04 -2.048220E-02  2.034161E-08  2.045263E-08
  5.211000E+03  1.055566E-05  1.059713E-04 -3.672741E-07  1.919785E-04 -1.273040E-02  2.034255E-08  2.044566E-08
  5.212000E+03  1.012257E-05  1.064181E-04  4.975709E-07  1.911783E-04 -1.450881E-02  2.034270E-08  2.043952E-08
  5.213000E+03  1.076169E-05  1.060733E-04  8.210351E-07  1.918157E-04 -2.004606E-02  2.034245E-08  2.045231E-08
  5.214000E+03  1.063961E-05  1.060572E-04 -3.587846E-07  1.918304E-04 -1.145631E-02  2.034367E-08  2.044822E-08
  5.215000E+03  1.008886E-05  1.064262E-04  3.577275E-07  1.911837E-04 -1.652624E-02  2.034418E-08  2.044100E-08
  5.216000E+03  1.070570E-05  1.059911E-04  9.366675E-07  1.919746E-04 -1.885773E-02  2.034399E-08  2.045219E-08
  5.217000E+03  1.072246E-05  1.061600E-04 -3.171649E-07  1.916494E-04 -1.096881E-02  2.034427E-08  2.045056E-08
  5.218000E+03  1.007299E-05  1.063863E-04  2.048117E-07  1.912649E-04 -1.834190E-02  2.034456E-08  2.044152E-08
  5.219000E+03  1.063429E-05  1.059417E-04  1.029649E-06  1.920630E-04 -1.711895E-02  2.034451E-08  2.045067E-08
  5.220000E+03  1.080012E-05  1.062615E-04 -2.401236E-07  1.914655E-04 -1.132557E-02  2.034411E-08  2.045230E-08
  5.221000E+03  1.007658E-05  1.063087E-04  4.569806E-08  1.914057E-04 -1.964346E-02  2.034417E-08  2.044138E-08
  5.222000E+03  1.055100E-05  1.059328E-04  1.093700E-06  1.920726E-04 -1.513691E-02  2.034447E-08  2.044841E-08
  5.223000E+03  1.086782E-05  1.063498E-04 -1.306698E-07  1.913122E-04 -1.239788E-02  2.034446E-08  2.045455E-08
  5.224000E+03  1.009996E-05  1.062104E-04 -1.103471E-07  1.915850E-04 -2.028829E-02  2.034413E-08  2.044170E-08
  5.225000E+03  1.045937E-05  1.059668E-04  1.125107E-06  1.920092E-04 -1.326282E-02  2.034481E-08  2.044652E-08
  5.226000E+03  1.092382E-05  1.064101E-04  5.534574E-09  1.912159E-04 -1.402077E-02  2.034530E-08  2.045718E-08
  5.227000E+03  1.014333E-05  1.061088E-04 -2.599862E-07  1.917744E-04 -2.014194E-02  2.034482E-08  2.044287E-08
  5.228000E+03  1.036164E-05  1.060381E-04  1.121573E-06  1.918820E-04 -1.184505E-02  2.034537E-08  2.044497E-08
  5.229000E+03  1.096710E-05  1.064288E-04  1.648923E-07  1.911940E-04 -1.592894E-02  2.034597E-08  2.045937E-08
  5.230000E+03  1.020697E-05  1.060193E-04 -4.013899E-07  1.919379E-04 -1.920155E-02  2.034537E-08  2.044406E-08
  5.231000E+03  1.026194E-05  1.061323E-04  1.078999E-06  1.917099E-04 -1.111896E-02  2.034535E-08  2.044310E-08
  5.232000E+03  1.099384E-05  1.064014E-04  3.423484E-07  1.912460E-04 -1.779971E-02  2.034562E-08  2.046010E-08
  5.233000E+03  1.028884E-05  1.059551E-04 -5.251665E-07  1.920444E-04 -1.763658E-02  2.034492E-08  2.044449E-08
  5.234000E+03  1.016591E-05  1.062342E-04  9.966561E-07  1.915208E-04 -1.116793E-02  2.034479E-08  2.044102E-08
  5.235000E+03  1.099840E-05  1.063344E-04  5.314135E-07  1.913639E-04 -1.931508E-02  2.034478E-08  2.045969E-08
  5.236000E+03  1.038664E-05  1.059286E-04 -6.180004E-07  1.920798E-04 -1.571168E-02  2.034424E-08  2.044500E-08
  5.237000E+03  1.007794E-05  1.063301E-04  8.753906E-07  1.913482E-04 -1.198762E-02  2.034460E-08  2.043968E-08
  5.238000E+03  1.097718E-05  1.062419E-04  7.263389E-07  1.915345E-04 -2.021468E-02  2.034484E-08  2.045942E-08
  5.239000E+03  1.049658E-05  1.059495E-04 -6.694206E-07  1.920410E-04 -1.376672E-02  2.034471E-08  2.044702E-08
  5.240000E+03  1.000273E-05  1.064008E-04  7.188247E-07  1.912300E-04 -1.348063E-02  2.034518E-08  2.043949E-08
  5.241000E+03  1.093084E-05  1.061397E-04  9.171085E-07  1.917258E-04 -2.030945E-02  2.034552E-08  2.045900E-08
  5.242000E+03  1.061187E-05  1.060114E-04 -6.749550E-07  1.919308E-04 -1.218573E-02  2.034535E-08  2.044955E-08
  5.243000E+03  9.947057E-06  1.064281E-04  5.347962E-07  1.911877E-04 -1.534746E-02  2.034535E-08  2.043925E-08
  5.244000E+03  1.086033E-05  1.060448E-04  1.089308E-06  1.918928E-04 -1.956863E-02  2.034533E-08  2.045701E-08
  5.245000E+03  1.072680E-05  1.060993E-04 -6.316070E-07  1.917665E-04 -1.126929E-02  2.034500E-08  2.045136E-08
  5.246000E+03  9.917660E-06  1.064096E-04  3.289890E-07  1.912222E-04 -1.721261E-02  2.034485E-08  2.043871E-08
  5.247000E+03  1.076650E-05  1.059746E-04  1.228662E-06  1.920069E-04 -1.816485E-02  2.034450E-08  2.045378E-08
  5.248000E+03  1.083592E-05  1.061983E-04 -5.364050E-07  1.915818E-04 -1.113614E-02  2.034441E-08  2.045312E-08
  5.249000E+03  9.918272E-06  1.063539E-04  1.092085E-07  1.913244E-04 -1.877774E-02  2.034451E-08  2.043868E-08
  5.250000E+03  1.065465E-05  1.059404E-04  1.323122E-06  1.920575E-04 -1.638691E-02  2.034392E-08  2.045042E-08
  5.251000E+03  1.093230E-05  1.062908E-04 -3.941269E-07  1.914119E-04 -1.175179E-02  2.034393E-08  2.045496E-08
  5.252000E+03  9.948698E-06  1.062713E-04 -1.104936E-07  1.914727E-04 -1.979602E-02  2.034407E-08  2.043888E-08
  5.253000E+03  1.053058E-05  1.059468E-04  1.368134E-06  1.920362E-04 -1.455577E-02  2.034346E-08  2.044704E-08
  5.254000E+03  1.101001E-05  1.063583E-04 -2.113020E-07  1.912862E-04 -1.298818E-02  2.034316E-08  2.045629E-08
  5.255000E+03  1.000588E-05  1.061766E-04 -3.155653E-07  1.916376E-04 -2.006946E-02  2.034334E-08  2.043902E-08
  5.256000E+03  1.040181E-05  1.059914E-04  1.363412E-06  1.919480E-04 -1.299714E-02  2.034312E-08  2.044387E-08
  5.257000E+03  1.106414E-05  1.063926E-04  1.138103E-09  1.912248E-04 -1.460689E-02  2.034274E-08  2.045755E-08
  5.258000E+03  1.008612E-05  1.060873E-04 -4.929917E-07  1.917932E-04 -1.960258E-02  2.034291E-08  2.043969E-08
  5.259000E+03  1.027751E-05  1.060648E-04  1.308525E-06  1.918130E-04 -1.195839E-02  2.034315E-08  2.044139E-08
  5.260000E+03  1.109016E-05  1.063923E-04  2.286585E-07  1.912322E-04 -1.633294E-02  2.034292E-08  2.045880E-08
  5.261000E+03  1.018573E-05  1.060164E-04 -6.305110E-07  1.919168E-04 -1.854726E-02  2.034283E-08  2.044095E-08
  5.262000E+03  1.016585E-05  1.061516E-04  1.203882E-06  1.916548E-04 -1.156851E-02  2.034311E-08  2.043932E-08
  5.263000E+03  1.108617E-05  1.063580E-04  4.564327E-07  1.913009E-04 -1.786920E-02  2.034313E-08  2.045935E-08
  5.264000E+03  1.029992E-05  1.059718E-04 -7.201766E-07  1.919888E-04 -1.710534E-02  2.034242E-08  2.044212E-08
  5.265000E+03  1.007182E-05  1.062367E-04  1.054892E-06  1.914979E-04 -1.182010E-02  2.034269E-08  2.043739E-08
  5.266000E+03  1.105595E-05  1.062962E-04  6.712333E-07  1.914142E-04 -1.899688E-02  2.034293E-08  2.045879E-08
  5.267000E+03  1.042224E-05  1.059596E-04 -7.641152E-07  1.920029E-04 -1.548060E-02  2.034211E-08  2.044357E-08
  5.268000E+03  9.998048E-06  1.063094E-04  8.722133E-07  1.913655E-04 -1.265023E-02  2.034234E-08  2.043607E-08
  5.269000E+03  1.100381E-05  1.062196E-04  8.640865E-07  1.915547E-04 -1.958574E-02  2.034296E-08  2.045782E-08
  5.270000E+03  1.054600E-05  1.059824E-04 -7.652323E-07  1.919620E-04 -1.394150E-02  2.034262E-08  2.044601E-08
  5.271000E+03  9.945597E-06  1.063590E-04  6.683916E-07  1.912805E-04 -1.392505E-02  2.034242E-08  2.043565E-08
  5.272000E+03  1.093130E-05  1.061397E-04  1.031520E-06  1.917010E-04 -1.955285E-02  2.034321E-08  2.045647E-08
  5.273000E+03  1.066477E-05  1.060343E-04 -7.211404E-07  1.918707E-04 -1.274878E-02  2.034323E-08  2.044866E-08
  5.274000E+03  9.916760E-06  1.063788E-04  4.544126E-07  1.912539E-04 -1.540444E-02  2.034296E-08  2.043612E-08
  5.275000E+03  1.083972E-05  1.060657E-04  1.167820E-06  1.918310E-04 -1.894065E-02  2.034305E-08  2.045417E-08
  5.276000E+03  1.077250E-05  1.061065E-04 -6.292876E-07  1.917426E-04 -1.201634E-02  2.034367E-08  2.045113E-08
  5.277000E+03  9.912935E-06  1.063687E-04  2.412112E-07  1.912835E-04 -1.690056E-02  2.034368E-08  2.043716E-08
  5.278000E+03  1.073245E-05  1.060085E-04  1.267290E-06  1.919319E-04 -1.783415E-02  2.034318E-08  2.045175E-08
  5.279000E+03  1.086657E-05  1.061892E-04 -4.942100E-07  1.915970E-04 -1.184363E-02  2.034410E-08  2.045354E-08
  5.280000E+03  9.933335E-06  1.063310E-04  3.472241E-08  1.913664E-04 -1.819311E-02  2.034481E-08  2.043894E-08
  5.281000E+03  1.061356E-05  1.059804E-04  1.328010E-06  1.919884E-04 -1.640514E-02  2.034427E-08  2.045003E-08
  5.282000E+03  1.094583E-05  1.062692E-04 -3.231327E-07  1.914616E-04 -1.228453E-02  2.034494E-08  2.045627E-08
  5.283000E+03  9.978174E-06  1.062720E-04 -1.629031E-07  1.914912E-04 -1.905443E-02  2.034645E-08  2.044149E-08
  5.284000E+03  1.048912E-05  1.059873E-04  1.344377E-06  1.919888E-04 -1.491146E-02  2.034612E-08  2.044904E-08
  5.285000E+03  1.100817E-05  1.063330E-04 -1.264163E-07  1.913617E-04 -1.326674E-02  2.034628E-08  2.045931E-08
  5.286000E+03  1.004532E-05  1.061989E-04 -3.456229E-07  1.916364E-04 -1.935565E-02  2.034776E-08  2.044392E-08
  5.287000E+03  1.036729E-05  1.060260E-04  1.313682E-06  1.919302E-04 -1.358469E-02  2.034771E-08  2.044797E-08
  5.288000E+03  1.104827E-05  1.063681E-04  8.409244E-08  1.913113E-04 -1.461406E-02  2.034725E-08  2.046159E-08
  5.289000E+03  1.013306E-05  1.061216E-04 -5.012688E-07  1.917742E-04 -1.904951E-02  2.034769E-08  2.044518E-08
  5.290000E+03  1.025372E-05  1.060867E-04  1.234545E-06  1.918183E-04 -1.264367E-02  2.034774E-08  2.044568E-08
  5.291000E+03  1.106024E-05  1.063688E-04  3.020586E-07  1.913141E-04 -1.607356E-02  2.034723E-08  2.046228E-08
  5.292000E+03  1.023938E-05  1.060549E-04 -6.162763E-07  1.918803E-04 -1.819574E-02  2.034649E-08  2.044552E-08
  5.293000E+03  1.015146E-05  1.061586E-04  1.108395E-06  1.916766E-04 -1.224434E-02  2.034659E-08  2.044263E-08
  5.294000E+03  1.104346E-05  1.063387E-04  5.218919E-07  1.913666E-04 -1.740084E-02  2.034659E-08  2.046169E-08
  5.295000E+03  1.035759E-05  1.060121E-04 -6.836973E-07  1.919420E-04 -1.696353E-02  2.034524E-08  2.044600E-08
  5.296000E+03  1.006628E-05  1.062298E-04  9.437369E-07  1.915351E-04 -1.242942E-02  2.034517E-08  2.043981E-08
  5.297000E+03  1.099945E-05  1.062846E-04  7.307189E-07  1.914575E-04 -1.839832E-02  2.034554E-08  2.045999E-08
  5.298000E+03  1.048048E-05  1.059989E-04 -7.003981E-07  1.919519E-04 -1.558057E-02  2.034421E-08  2.044683E-08
  5.299000E+03  1.000574E-05  1.062855E-04  7.485982E-07  1.914188E-04 -1.313733E-02  2.034329E-08  2.043713E-08
  5.300000E+03  1.092912E-05  1.062149E-04  9.125400E-07  1.915661E-04 -1.889050E-02  2.034354E-08  2.045665E-08
  5.301000E+03  1.060135E-05  1.060145E-04 -6.624999E-07  1.919056E-04 -1.430498E-02  2.034269E-08  2.044726E-08
  5.302000E+03  9.973909E-06  1.063174E-04  5.329504E-07  1.913461E-04 -1.417853E-02  2.034137E-08  2.043498E-08
  5.303000E+03  1.083864E-05  1.061442E-04  1.053907E-06  1.916726E-04 -1.882052E-02  2.034134E-08  2.045252E-08
  5.304000E+03  1.071200E-05  1.060552E-04 -5.753630E-07  1.918173E-04 -1.335622E-02  2.034142E-08  2.044792E-08
  5.305000E+03  9.971513E-06  1.063271E-04  3.126534E-07  1.913250E-04 -1.537153E-02  2.034062E-08  2.043454E-08
  5.306000E+03  1.073521E-05  1.060869E-04  1.147220E-06  1.917663E-04 -1.828396E-02  2.034049E-08  2.044937E-08
  5.307000E+03  1.080441E-05  1.061129E-04 -4.465717E-07  1.917112E-04 -1.285625E-02  2.034136E-08  2.044962E-08
  5.308000E+03  9.997875E-06  1.063171E-04  1.044188E-07  1.913533E-04 -1.652449E-02  2.034134E-08  2.043604E-08
  5.309000E+03  1.062389E-05  1.060484E-04  1.189486E-06  1.918377E-04 -1.742282E-02  2.034099E-08  2.044734E-08
  5.310000E+03  1.087345E-05  1.061734E-04 -2.819600E-07  1.916052E-04 -1.280679E-02  2.034171E-08  2.045145E-08
  5.311000E+03  1.004881E-05  1.062892E-04 -7.790471E-08  1.914155E-04 -1.745375E-02  2.034230E-08  2.043812E-08
  5.312000E+03  1.051047E-05  1.060303E-04  1.184166E-06  1.918755E-04 -1.639684E-02  2.034189E-08  2.044566E-08
  5.313000E+03  1.091851E-05  1.062254E-04 -9.260742E-08  1.915138E-04 -1.313489E-02  2.034187E-08  2.045273E-08
  5.314000E+03  1.011762E-05  1.062494E-04 -2.273163E-07  1.914953E-04 -1.803334E-02  2.034295E-08  2.044012E-08
  5.315000E+03  1.040274E-05  1.060331E-04  1.138079E-06  1.918764E-04 -1.539378E-02  2.034284E-08  2.044421E-08
  5.316000E+03  1.093945E-05  1.062656E-04  1.059449E-07  1.914495E-04 -1.372982E-02  2.034258E-08  2.045414E-08
  5.317000E+03  1.019868E-05  1.062045E-04 -3.387496E-07  1.915826E-04 -1.826381E-02  2.034354E-08  2.044216E-08
  5.318000E+03  1.030862E-05  1.060541E-04  1.055716E-06  1.918459E-04 -1.452942E-02  2.034390E-08  2.044322E-08
  5.319000E+03  1.093604E-05  1.062940E-04  2.979942E-07  1.914137E-04 -1.451416E-02  2.034398E-08  2.045581E-08
  5.320000E+03  1.028860E-05  1.061565E-04 -4.088275E-07  1.916726E-04 -1.818791E-02  2.034392E-08  2.044405E-08
  5.321000E+03  1.023341E-05  1.060892E-04  9.393699E-07  1.917879E-04 -1.382801E-02  2.034468E-08  2.044241E-08
  5.322000E+03  1.091005E-05  1.063080E-04  4.713662E-07  1.914017E-04 -1.544644E-02  2.034510E-08  2.045677E-08
  5.323000E+03  1.038438E-05  1.061099E-04 -4.385342E-07  1.917585E-04 -1.779335E-02  2.034426E-08  2.044594E-08
  5.324000E+03  1.017773E-05  1.061323E-04  7.945530E-07  1.917077E-04 -1.337342E-02  2.034456E-08  2.044116E-08
  5.325000E+03  1.086552E-05  1.063043E-04  6.213447E-07  1.914148E-04 -1.637875E-02  2.034548E-08  2.045660E-08
  5.326000E+03  1.048164E-05  1.060736E-04 -4.322705E-07  1.918251E-04 -1.712917E-02  2.034460E-08  2.044780E-08
  5.327000E+03  1.014109E-05  1.061786E-04  6.304690E-07  1.916191E-04 -1.324782E-02  2.034407E-08  2.044002E-08
  5.328000E+03  1.080611E-05  1.062809E-04  7.458064E-07  1.914549E-04 -1.718348E-02  2.034500E-08  2.045519E-08
  5.329000E+03  1.057334E-05  1.060548E-04 -3.913492E-07  1.918600E-04 -1.625380E-02  2.034498E-08  2.044960E-08
  5.330000E+03  1.012398E-05  1.062255E-04  4.608503E-07  1.915348E-04 -1.350461E-02  2.034402E-08  2.043982E-08
  5.331000E+03  1.073639E-05  1.062399E-04  8.398408E-07  1.915254E-04 -1.774637E-02  2.034444E-08  2.045336E-08
  5.332000E+03  1.065297E-05  1.060572E-04 -3.193850E-07  1.918548E-04 -1.528829E-02  2.034521E-08  2.045105E-08
  5.333000E+03  1.012515E-05  1.062654E-04  2.998219E-07  1.914687E-04 -1.411193E-02  2.034448E-08  2.044056E-08
  5.334000E+03  1.065903E-05  1.061900E-04  9.036708E-07  1.916152E-04 -1.796454E-02  2.034434E-08  2.045172E-08
  5.335000E+03  1.071812E-05  1.060789E-04 -2.196818E-07  1.918123E-04 -1.443131E-02  2.034512E-08  2.045199E-08
  5.336000E+03  1.014621E-05  1.062901E-04  1.508999E-07  1.914327E-04 -1.493156E-02  2.034513E-08  2.044191E-08
  5.337000E+03  1.057477E-05  1.061422E-04  9.334422E-07  1.917047E-04 -1.780075E-02  2.034474E-08  2.045031E-08
  5.338000E+03  1.076859E-05  1.061152E-04 -9.353789E-08  1.917443E-04 -1.384059E-02  2.034504E-08  2.045281E-08
  5.339000E+03  1.018638E-05  1.062954E-04  1.510034E-08  1.914316E-04 -1.581393E-02  2.034575E-08  2.044355E-08
  5.340000E+03  1.048786E-05  1.061058E-04  9.270710E-07  1.917775E-04 -1.729072E-02  2.034566E-08  2.044929E-08
  5.341000E+03  1.080329E-05  1.061597E-04  5.140090E-08  1.916658E-04 -1.360951E-02  2.034530E-08  2.045379E-08
  5.342000E+03  1.024226E-05  1.062794E-04 -1.024221E-07  1.914640E-04 -1.662348E-02  2.034587E-08  2.044492E-08
  5.343000E+03  1.040425E-05  1.060852E-04  8.863353E-07  1.918174E-04 -1.654966E-02  2.034620E-08  2.044793E-08
  5.344000E+03  1.081914E-05  1.062013E-04  2.058565E-07  1.915906E-04 -1.374698E-02  2.034525E-08  2.045421E-08
  5.345000E+03  1.031109E-05  1.062457E-04 -1.931676E-07  1.915190E-04 -1.719417E-02  2.034507E-08  2.044549E-08
  5.346000E+03  1.032982E-05  1.060807E-04  8.117008E-07  1.918168E-04 -1.574536E-02  2.034554E-08  2.044556E-08
  5.347000E+03  1.081313E-05  1.062319E-04  3.605634E-07  1.915306E-04 -1.415879E-02  2.034463E-08  2.045372E-08
  5.348000E+03  1.038758E-05  1.062042E-04 -2.465337E-07  1.915819E-04 -1.744343E-02  2.034371E-08  2.044554E-08
  5.349000E+03  1.026987E-05  1.060919E-04  7.092868E-07  1.917837E-04 -1.503836E-02  2.034440E-08  2.044306E-08
  5.350000E+03  1.078567E-05  1.062501E-04  5.045303E-07  1.914946E-04 -1.475121E-02  2.034410E-08  2.045292E-08
  5.351000E+03  1.046636E-05  1.061660E-04 -2.587457E-07  1.916443E-04 -1.737483E-02  2.034304E-08  2.044624E-08
  5.352000E+03  1.022910E-05  1.061157E-04  5.858671E-07  1.917317E-04 -1.456455E-02  2.034359E-08  2.044136E-08
  5.353000E+03  1.073880E-05  1.062547E-04  6.265441E-07  1.914868E-04 -1.540155E-02  2.034396E-08  2.045211E-08
  5.354000E+03  1.054369E-05  1.061381E-04 -2.307338E-07  1.916950E-04 -1.705377E-02  2.034319E-08  2.044768E-08
  5.355000E+03  1.021035E-05  1.061418E-04  4.465208E-07  1.916773E-04 -1.436017E-02  2.034287E-08  2.044027E-08
  5.356000E+03  1.067662E-05  1.062463E-04  7.174270E-07  1.914973E-04 -1.596581E-02  2.034328E-08  2.045042E-08
  5.357000E+03  1.061536E-05  1.061191E-04 -1.670975E-07  1.917247E-04 -1.660478E-02  2.034286E-08  2.044852E-08
  5.358000E+03  1.021296E-05  1.061642E-04  3.002764E-07  1.916276E-04 -1.434220E-02  2.034189E-08  2.043937E-08
  5.359000E+03  1.060633E-05  1.062302E-04  7.723178E-07  1.915147E-04 -1.639895E-02  2.034191E-08  2.044781E-08
  5.360000E+03  1.067392E-05  1.061093E-04 -7.596919E-08  1.917362E-04 -1.612634E-02  2.034234E-08  2.044895E-08
  5.361000E+03  1.023598E-05  1.061848E-04  1.629132E-07  1.915873E-04 -1.445068E-02  2.034153E-08  2.043951E-08
  5.362000E+03  1.053430E-05  1.062105E-04  7.876774E-07  1.915422E-04 -1.669272E-02  2.034096E-08  2.044552E-08
  5.363000E+03  1.071380E-05  1.061098E-04  3.465083E-08  1.917320E-04 -1.568517E-02  2.034214E-08  2.044939E-08
  5.364000E+03  1.027668E-05  1.062034E-04  4.795791E-08  1.915583E-04 -1.469968E-02  2.034195E-08  2.044081E-08
  5.365000E+03  1.046470E-05  1.061894E-04  7.654441E-07  1.915819E-04 -1.680799E-02  2.034109E-08  2.044429E-08
  5.366000E+03  1.073303E-05  1.061184E-04  1.580632E-07  1.917145E-04 -1.531902E-02  2.034205E-08  2.044959E-08
  5.367000E+03  1.033071E-05  1.062179E-04 -3.691523E-08  1.915393E-04 -1.505483E-02  2.034261E-08  2.044263E-08
  5.368000E+03  1.040148E-05  1.061695E-04  7.109740E-07  1.916274E-04 -1.675373E-02  2.034213E-08  2.044402E-08
  5.369000E+03  1.073301E-05  1.061308E-04  2.851138E-07  1.916920E-04 -1.502153E-02  2.034213E-08  2.044961E-08
  5.370000E+03  1.039229E-05  1.062277E-04 -8.956896E-08  1.915280E-04 -1.544028E-02  2.034316E-08  2.044448E-08
  5.371000E+03  1.034817E-05  1.061538E-04  6.328324E-07  1.916696E-04 -1.659853E-02  2.034365E-08  2.044441E-08
  5.372000E+03  1.071650E-05  1.061472E-04  4.063525E-07  1.916699E-04 -1.480365E-02  2.034299E-08  2.045015E-08
  5.373000E+03  1.045677E-05  1.062299E-04 -1.115514E-07  1.915290E-04 -1.582305E-02  2.034356E-08  2.044623E-08
  5.374000E+03  1.030762E-05  1.061437E-04  5.379680E-07  1.917005E-04 -1.635653E-02  2.034508E-08  2.044492E-08
  5.375000E+03  1.068634E-05  1.061685E-04  5.136425E-07  1.916457E-04 -1.472547E-02  2.034454E-08  2.045117E-08
  5.376000E+03  1.051893E-05  1.062216E-04 -1.041241E-07  1.915498E-04 -1.615650E-02  2.034407E-08  2.044801E-08
  5.377000E+03  1.028267E-05  1.061396E-04  4.344093E-07  1.917137E-04 -1.602374E-02  2.034581E-08  2.044504E-08
  5.378000E+03  1.064672E-05  1.061913E-04  5.976868E-07  1.916191E-04 -1.481626E-02  2.034604E-08  2.045200E-08
  5.379000E+03  1.057441E-05  1.062066E-04 -7.198340E-08  1.915864E-04 -1.638006E-02  2.034501E-08  2.045003E-08
  5.380000E+03  1.027411E-05  1.061407E-04  3.302372E-07  1.917116E-04 -1.567419E-02  2.034590E-08  2.044483E-08
  5.381000E+03  1.059940E-05  1.062102E-04  6.553649E-07  1.915950E-04 -1.502286E-02  2.034703E-08  2.045221E-08
  5.382000E+03  1.062215E-05  1.061912E-04 -1.774263E-08  1.916281E-04 -1.645331E-02  2.034647E-08  2.045237E-08
  5.383000E+03  1.028110E-05  1.061484E-04  2.283238E-07  1.916996E-04 -1.539020E-02  2.034620E-08  2.044518E-08
  5.384000E+03  1.054675E-05  1.062186E-04  6.863538E-07  1.915817E-04 -1.532138E-02  2.034715E-08  2.045145E-08
  5.385000E+03  1.066009E-05  1.061777E-04  5.558628E-08  1.916633E-04 -1.633389E-02  2.034765E-08  2.045420E-08
  5.386000E+03  1.030028E-05  1.061621E-04  1.356864E-07  1.916777E-04 -1.523789E-02  2.034653E-08  2.044585E-08
  5.387000E+03  1.049272E-05  1.062126E-04  6.940412E-07  1.915843E-04 -1.565628E-02  2.034617E-08  2.044953E-08
  5.388000E+03  1.068800E-05  1.061667E-04  1.402713E-07  1.916784E-04 -1.606861E-02  2.034724E-08  2.045423E-08
  5.389000E+03  1.032822E-05  1.061766E-04  5.569112E-08  1.916477E-04 -1.523283E-02  2.034614E-08  2.044601E-08
  5.390000E+03  1.044027E-05  1.061959E-04  6.827800E-07  1.916004E-04 -1.591167E-02  2.034460E-08  2.044700E-08
  5.391000E+03  1.070525E-05  1.061628E-04  2.309293E-07  1.916702E-04 -1.576630E-02  2.034572E-08  2.045295E-08
  5.392000E+03  1.036589E-05  1.061865E-04 -1.118411E-08  1.916231E-04 -1.536410E-02  2.034537E-08  2.044603E-08
  5.393000E+03  1.039234E-05  1.061785E-04  6.480938E-07  1.916229E-04 -1.598533E-02  2.034365E-08  2.044511E-08
  5.394000E+03  1.070860E-05  1.061674E-04  3.243558E-07  1.916489E-04 -1.555420E-02  2.034440E-08  2.045166E-08
  5.395000E+03  1.041309E-05  1.061883E-04 -5.830922E-08  1.916129E-04 -1.558166E-02  2.034458E-08  2.044621E-08
  5.396000E+03  1.035192E-05  1.061674E-04  5.878440E-07  1.916423E-04 -1.586838E-02  2.034361E-08  2.044422E-08
  5.397000E+03  1.069679E-05  1.061764E-04  4.156950E-07  1.916238E-04 -1.551704E-02  2.034347E-08  2.045054E-08
  5.398000E+03  1.046686E-05  1.061801E-04 -8.058091E-08  1.916187E-04 -1.577664E-02  2.034356E-08  2.044625E-08
  5.399000E+03  1.031923E-05  1.061650E-04  5.077489E-07  1.916451E-04 -1.564476E-02  2.034351E-08  2.044340E-08
  5.400000E+03  1.067218E-05  1.061839E-04  5.024199E-07  1.916047E-04 -1.563364E-02  2.034285E-08  2.044953E-08
  5.401000E+03  1.052164E-05  1.061662E-04 -7.800860E-08  1.916336E-04 -1.586229E-02  2.034244E-08  2.044618E-08
  5.402000E+03  1.029610E-05  1.061712E-04  4.174619E-07  1.916311E-04 -1.542907E-02  2.034328E-08  2.044266E-08
  5.403000E+03  1.063737E-05  1.061870E-04  5.786940E-07  1.915988E-04 -1.583844E-02  2.034276E-08  2.044886E-08
  5.404000E+03  1.057178E-05  1.061526E-04 -5.094883E-08  1.916509E-04 -1.580967E-02  2.034170E-08  2.044635E-08
  5.405000E+03  1.028722E-05  1.061839E-04  3.243182E-07  1.916057E-04 -1.531798E-02  2.034306E-08  2.044226E-08
  5.406000E+03  1.059262E-05  1.061823E-04  6.348300E-07  1.916095E-04 -1.605375E-02  2.034292E-08  2.044823E-08
  5.407000E+03  1.061439E-05  1.061457E-04  2.514180E-09  1.916614E-04 -1.560807E-02  2.034156E-08  2.044694E-08
  5.408000E+03  1.029542E-05  1.061974E-04  2.316736E-07  1.915779E-04 -1.539460E-02  2.034267E-08  2.044208E-08
  5.409000E+03  1.053995E-05  1.061694E-04  6.634068E-07  1.916333E-04 -1.618255E-02  2.034293E-08  2.044725E-08
  5.410000E+03  1.064926E-05  1.061482E-04  7.852316E-08  1.916576E-04 -1.532000E-02  2.034172E-08  2.044770E-08
  5.411000E+03  1.031809E-05  1.062065E-04  1.422069E-07  1.915577E-04 -1.563694E-02  2.034219E-08  2.044213E-08
  5.412000E+03  1.048576E-05  1.061544E-04  6.642134E-07  1.916596E-04 -1.618412E-02  2.034285E-08  2.044609E-08
  5.413000E+03  1.067334E-05  1.061587E-04  1.668009E-07  1.916433E-04 -1.506165E-02  2.034229E-08  2.044869E-08
  5.414000E+03  1.035168E-05  1.062093E-04  6.507957E-08  1.915531E-04 -1.593466E-02  2.034213E-08  2.044279E-08
  5.415000E+03  1.043702E-05  1.061407E-04  6.384261E-07  1.916814E-04 -1.607384E-02  2.034256E-08  2.044479E-08
  5.416000E+03  1.068181E-05  1.061757E-04  2.575042E-07  1.916198E-04 -1.490543E-02  2.034311E-08  2.044968E-08
  5.417000E+03  1.039399E-05  1.062050E-04  1.187129E-08  1.915657E-04 -1.623396E-02  2.034255E-08  2.044409E-08
  5.418000E+03  1.039639E-05  1.061292E-04  5.881705E-07  1.916980E-04 -1.583734E-02  2.034221E-08  2.044355E-08
  5.419000E+03  1.067400E-05  1.061964E-04  3.458262E-07  1.915869E-04 -1.489323E-02  2.034358E-08  2.045006E-08
  5.420000E+03  1.044162E-05  1.061943E-04 -1.318654E-08  1.915913E-04 -1.650763E-02  2.034313E-08  2.044562E-08
  5.421000E+03  1.036569E-05  1.061227E-04  5.187223E-07  1.917082E-04 -1.548847E-02  2.034216E-08  2.044278E-08
  5.422000E+03  1.065247E-05  1.062153E-04  4.259267E-07  1.915519E-04 -1.503439E-02  2.034343E-08  2.044962E-08
  5.423000E+03  1.048874E-05  1.061797E-04 -1.025098E-08  1.916236E-04 -1.668251E-02  2.034371E-08  2.044711E-08
  5.424000E+03  1.034679E-05  1.061249E-04  4.402033E-07  1.917091E-04 -1.510973E-02  2.034280E-08  2.044292E-08
  5.425000E+03  1.062138E-05  1.062301E-04  4.905017E-07  1.915271E-04 -1.529503E-02  2.034356E-08  2.044928E-08
  5.426000E+03  1.053100E-05  1.061634E-04  1.606281E-08  1.916596E-04 -1.672342E-02  2.034439E-08  2.044857E-08
  5.427000E+03  1.034093E-05  1.061394E-04  3.602964E-07  1.916983E-04 -1.476263E-02  2.034453E-08  2.044445E-08
  5.428000E+03  1.058400E-05  1.062426E-04  5.342672E-07  1.915197E-04 -1.567678E-02  2.034504E-08  2.045021E-08
  5.429000E+03  1.056581E-05  1.061441E-04  6.140018E-08  1.917033E-04 -1.663515E-02  2.034536E-08  2.045012E-08
  5.430000E+03  1.034829E-05  1.061639E-04  2.840668E-07  1.916719E-04 -1.446581E-02  2.034651E-08  2.044652E-08
  5.431000E+03  1.054459E-05  1.062474E-04  5.532031E-07  1.915268E-04 -1.617880E-02  2.034656E-08  2.045114E-08
  5.432000E+03  1.059128E-05  1.061196E-04  1.188122E-07  1.917473E-04 -1.637987E-02  2.034542E-08  2.045053E-08
  5.433000E+03  1.036576E-05  1.061913E-04  2.179358E-07  1.916236E-04 -1.427367E-02  2.034668E-08  2.044703E-08
  5.434000E+03  1.050744E-05  1.062386E-04  5.498779E-07  1.915447E-04 -1.669461E-02  2.034661E-08  2.045062E-08
  5.435000E+03  1.060650E-05  1.060983E-04  1.804367E-07  1.917788E-04 -1.591128E-02  2.034483E-08  2.045003E-08
  5.436000E+03  1.038991E-05  1.062210E-04  1.666888E-07  1.915602E-04 -1.431365E-02  2.034563E-08  2.044653E-08
  5.437000E+03  1.047459E-05  1.062170E-04  5.294671E-07  1.915811E-04 -1.712243E-02  2.034620E-08  2.044965E-08
  5.438000E+03  1.061011E-05  1.060923E-04  2.433579E-07  1.917907E-04 -1.527552E-02  2.034514E-08  2.045021E-08
  5.439000E+03  1.041961E-05  1.062525E-04  1.340286E-07  1.915038E-04 -1.464699E-02  2.034557E-08  2.044724E-08
  5.440000E+03  1.044679E-05  1.061848E-04  4.935667E-07  1.916399E-04 -1.739662E-02  2.034616E-08  2.044908E-08
  5.441000E+03  1.060188E-05  1.061026E-04  3.062452E-07  1.917763E-04 -1.459245E-02  2.034580E-08  2.045053E-08
  5.442000E+03  1.045260E-05  1.062770E-04  1.223274E-07  1.914636E-04 -1.523338E-02  2.034581E-08  2.044836E-08
  5.443000E+03  1.042603E-05  1.061414E-04  4.450227E-07  1.917101E-04 -1.742057E-02  2.034530E-08  2.044771E-08
  5.444000E+03  1.058425E-05  1.061262E-04  3.630503E-07  1.917258E-04 -1.397678E-02  2.034515E-08  2.044943E-08
  5.445000E+03  1.048515E-05  1.062854E-04  1.299098E-07  1.914430E-04 -1.600385E-02  2.034500E-08  2.044845E-08
  5.446000E+03  1.041600E-05  1.060956E-04  3.882029E-07  1.917767E-04 -1.710074E-02  2.034369E-08  2.044568E-08
  5.447000E+03  1.055929E-05  1.061630E-04  4.045581E-07  1.916455E-04 -1.356885E-02  2.034378E-08  2.044758E-08
  5.448000E+03  1.051516E-05  1.062760E-04  1.543860E-07  1.914531E-04 -1.684040E-02  2.034399E-08  2.044826E-08
  5.449000E+03  1.041718E-05  1.060615E-04  3.269014E-07  1.918280E-04 -1.645691E-02  2.034282E-08  2.044453E-08
  5.450000E+03  1.052921E-05  1.062069E-04  4.279214E-07  1.915562E-04 -1.351787E-02  2.034274E-08  2.044609E-08
  5.451000E+03  1.054177E-05  1.062467E-04  1.920623E-07  1.914979E-04 -1.756161E-02  2.034289E-08  2.044784E-08
  5.452000E+03  1.042749E-05  1.060466E-04  2.646021E-07  1.918462E-04 -1.560108E-02  2.034217E-08  2.044377E-08
  5.453000E+03  1.049533E-05  1.062491E-04  4.361925E-07  1.914730E-04 -1.387966E-02  2.034187E-08  2.044482E-08
  5.454000E+03  1.056255E-05  1.062010E-04  2.423623E-07  1.915721E-04 -1.798970E-02  2.034185E-08  2.044722E-08
  5.455000E+03  1.044593E-05  1.060538E-04  2.070758E-07  1.918247E-04 -1.467987E-02  2.034154E-08  2.044321E-08
  5.456000E+03  1.046075E-05  1.062829E-04  4.287258E-07  1.914110E-04 -1.458608E-02  2.034156E-08  2.044417E-08
  5.457000E+03  1.057309E-05  1.061487E-04  3.028305E-07  1.916620E-04 -1.806805E-02  2.034136E-08  2.044682E-08
  5.458000E+03  1.047299E-05  1.060815E-04  1.627408E-07  1.917717E-04 -1.385237E-02  2.034148E-08  2.044349E-08
  5.459000E+03  1.042814E-05  1.063022E-04  4.022600E-07  1.913813E-04 -1.550996E-02  2.034180E-08  2.044413E-08
  5.460000E+03  1.056945E-05  1.060984E-04  3.714764E-07  1.917514E-04 -1.778265E-02  2.034130E-08  2.044648E-08
  5.461000E+03  1.050955E-05  1.061256E-04  1.387630E-07  1.916926E-04 -1.328859E-02  2.034170E-08  2.044435E-08
  5.462000E+03  1.040013E-05  1.062992E-04  3.527477E-07  1.913913E-04 -1.649838E-02  2.034198E-08  2.044408E-08
  5.463000E+03  1.055238E-05  1.060584E-04  4.423597E-07  1.918230E-04 -1.709956E-02  2.034145E-08  2.044599E-08
  5.464000E+03  1.055142E-05  1.061807E-04  1.372559E-07  1.915967E-04 -1.311239E-02  2.034212E-08  2.044567E-08
  5.465000E+03  1.037998E-05  1.062760E-04  2.858590E-07  1.914415E-04 -1.740616E-02  2.034255E-08  2.044448E-08
  5.466000E+03  1.052520E-05  1.060364E-04  5.061026E-07  1.918676E-04 -1.613162E-02  2.034230E-08  2.044596E-08
  5.467000E+03  1.059376E-05  1.062382E-04  1.556433E-07  1.915022E-04 -1.335412E-02  2.034304E-08  2.044764E-08
  5.468000E+03  1.037126E-05  1.062382E-04  2.082453E-07  1.915238E-04 -1.808613E-02  2.034382E-08  2.044568E-08
  5.469000E+03  1.048923E-05  1.060364E-04  5.543992E-07  1.918784E-04 -1.508123E-02  2.034378E-08  2.044643E-08
  5.470000E+03  1.063231E-05  1.062878E-04  1.949295E-07  1.914284E-04 -1.394415E-02  2.034452E-08  2.045019E-08
  5.471000E+03  1.037843E-05  1.061890E-04  1.246382E-07  1.916247E-04 -1.841504E-02  2.034499E-08  2.044694E-08
  5.472000E+03  1.044449E-05  1.060592E-04  5.782682E-07  1.918492E-04 -1.408710E-02  2.034537E-08  2.044691E-08
  5.473000E+03  1.066235E-05  1.063214E-04  2.591302E-07  1.913827E-04 -1.485692E-02  2.034584E-08  2.045247E-08
  5.474000E+03  1.040443E-05  1.061324E-04  4.203226E-08  1.917324E-04 -1.831117E-02  2.034560E-08  2.044784E-08
  5.475000E+03  1.039078E-05  1.061015E-04  5.719848E-07  1.917779E-04 -1.328852E-02  2.034613E-08  2.044652E-08
  5.476000E+03  1.068106E-05  1.063327E-04  3.510507E-07  1.913703E-04 -1.598205E-02  2.034633E-08  2.045373E-08
  5.477000E+03  1.044719E-05  1.060773E-04 -3.214210E-08  1.918295E-04 -1.776587E-02  2.034555E-08  2.044828E-08
  5.478000E+03  1.033336E-05  1.061538E-04  5.351920E-07  1.916763E-04 -1.281896E-02  2.034551E-08  2.044482E-08
  5.479000E+03  1.068611E-05  1.063189E-04  4.621130E-07  1.913927E-04 -1.708695E-02  2.034569E-08  2.045354E-08
  5.480000E+03  1.050039E-05  1.060356E-04 -8.780996E-08  1.918973E-04 -1.686422E-02  2.034506E-08  2.044841E-08
  5.481000E+03  1.028189E-05  1.062113E-04  4.723248E-07  1.915636E-04 -1.277899E-02  2.034456E-08  2.044305E-08
  5.482000E+03  1.067460E-05  1.062833E-04  5.754014E-07  1.914536E-04 -1.799175E-02  2.034503E-08  2.045288E-08
  5.483000E+03  1.056087E-05  1.060192E-04 -1.164201E-07  1.919255E-04 -1.574824E-02  2.034527E-08  2.044938E-08
  5.484000E+03  1.024235E-05  1.062693E-04  3.846247E-07  1.914634E-04 -1.321901E-02  2.034489E-08  2.044293E-08
  5.485000E+03  1.064480E-05  1.062306E-04  6.803278E-07  1.915509E-04 -1.858482E-02  2.034506E-08  2.045241E-08
  5.486000E+03  1.062773E-05  1.060290E-04 -1.137532E-07  1.919091E-04 -1.458619E-02  2.034577E-08  2.045082E-08
  5.487000E+03  1.021752E-05  1.063154E-04  2.715267E-07  1.913896E-04 -1.406372E-02  2.034566E-08  2.044360E-08
  5.488000E+03  1.059707E-05  1.061654E-04  7.710746E-07  1.916660E-04 -1.874860E-02  2.034473E-08  2.045107E-08
  5.489000E+03  1.069740E-05  1.060606E-04 -7.744186E-08  1.918426E-04 -1.357324E-02  2.034508E-08  2.045126E-08
  5.490000E+03  1.020885E-05  1.063384E-04  1.389431E-07  1.913489E-04 -1.518711E-02  2.034540E-08  2.044359E-08
  5.491000E+03  1.053336E-05  1.060996E-04  8.430051E-07  1.917782E-04 -1.837411E-02  2.034415E-08  2.044900E-08
  5.492000E+03  1.076401E-05  1.061111E-04 -6.406841E-09  1.917374E-04 -1.288649E-02  2.034378E-08  2.045119E-08
  5.493000E+03  1.021757E-05  1.063357E-04 -2.374020E-09  1.913506E-04 -1.642298E-02  2.034466E-08  2.044339E-08
  5.494000E+03  1.045784E-05  1.060479E-04  8.900832E-07  1.918681E-04 -1.754604E-02  2.034408E-08  2.044710E-08
  5.495000E+03  1.082104E-05  1.061723E-04  9.654645E-08  1.916199E-04 -1.263608E-02  2.034310E-08  2.045173E-08
  5.496000E+03  1.024420E-05  1.063065E-04 -1.397401E-07  1.913966E-04 -1.755529E-02  2.034357E-08  2.044309E-08
  5.497000E+03  1.037577E-05  1.060188E-04  9.068061E-07  1.919144E-04 -1.644627E-02  2.034378E-08  2.044482E-08
  5.498000E+03  1.086338E-05  1.062343E-04  2.252424E-07  1.915074E-04 -1.288088E-02  2.034296E-08  2.045269E-08
  5.499000E+03  1.028985E-05  1.062540E-04 -2.638751E-07  1.914837E-04 -1.835982E-02  2.034248E-08  2.044298E-08
  5.500000E+03  1.029045E-05  1.060167E-04  8.880753E-07  1.919084E-04 -1.522666E-02  2.034314E-08  2.044218E-08
  5.501000E+03  1.088833E-05  1.062867E-04  3.753349E-07  1.914160E-04 -1.360239E-02  2.034309E-08  2.045371E-08
  5.502000E+03  1.035577E-05  1.061883E-04 -3.704168E-07  1.915976E-04 -1.869247E-02  2.034187E-08  2.044355E-08
  5.503000E+03  1.020430E-05  1.060390E-04  8.293079E-07  1.918555E-04 -1.409220E-02  2.034214E-08  2.043925E-08
  5.504000E+03  1.089475E-05  1.063200E-04  5.429531E-07  1.913560E-04 -1.466020E-02  2.034278E-08  2.045400E-08
  5.505000E+03  1.043869E-05  1.061235E-04 -4.542625E-07  1.917134E-04 -1.852822E-02  2.034181E-08  2.044484E-08
  5.506000E+03  1.012195E-05  1.060795E-04  7.331590E-07  1.917699E-04 -1.325975E-02  2.034107E-08  2.043648E-08
  5.507000E+03  1.088251E-05  1.063271E-04  7.189091E-07  1.913377E-04 -1.582847E-02  2.034183E-08  2.045327E-08
  5.508000E+03  1.053302E-05  1.060726E-04 -5.103650E-07  1.918062E-04 -1.790795E-02  2.034212E-08  2.044661E-08
  5.509000E+03  1.005184E-05  1.061339E-04  6.035824E-07  1.916706E-04 -1.285759E-02  2.034107E-08  2.043517E-08
  5.510000E+03  1.084881E-05  1.063109E-04  8.886015E-07  1.913679E-04 -1.690852E-02  2.034158E-08  2.045272E-08
  5.511000E+03  1.063449E-05  1.060413E-04 -5.294782E-07  1.918665E-04 -1.698198E-02  2.034285E-08  2.044891E-08
  5.512000E+03  9.999688E-06  1.061942E-04  4.443029E-07  1.915732E-04 -1.289136E-02  2.034227E-08  2.043554E-08
  5.513000E+03  1.079128E-05  1.062780E-04  1.042632E-06  1.914374E-04 -1.777433E-02  2.034236E-08  2.045263E-08
  5.514000E+03  1.074087E-05  1.060288E-04 -5.048775E-07  1.918915E-04 -1.595030E-02  2.034344E-08  2.045119E-08
  5.515000E+03  9.967703E-06  1.062475E-04  2.579068E-07  1.914889E-04 -1.327173E-02  2.034344E-08  2.043635E-08
  5.516000E+03  1.070963E-05  1.062331E-04  1.176759E-06  1.915282E-04 -1.829034E-02  2.034323E-08  2.045201E-08
  5.517000E+03  1.084666E-05  1.060352E-04 -4.313193E-07  1.918781E-04 -1.496368E-02  2.034355E-08  2.045306E-08
  5.518000E+03  9.959977E-06  1.062860E-04  5.194354E-08  1.914253E-04 -1.395621E-02  2.034385E-08  2.043693E-08
  5.519000E+03  1.060639E-05  1.061828E-04  1.280616E-06  1.916251E-04 -1.839537E-02  2.034386E-08  2.045058E-08
  5.520000E+03  1.094614E-05  1.060604E-04 -3.089788E-07  1.918311E-04 -1.413078E-02  2.034365E-08  2.045491E-08
  5.521000E+03  9.977392E-06  1.063089E-04 -1.628595E-07  1.913904E-04 -1.485786E-02  2.034425E-08  2.043799E-08
  5.522000E+03  1.048773E-05  1.061348E-04  1.347137E-06  1.917179E-04 -1.815125E-02  2.034459E-08  2.044887E-08
  5.523000E+03  1.103327E-05  1.061001E-04 -1.451005E-07  1.917638E-04 -1.351145E-02  2.034431E-08  2.045720E-08
  5.524000E+03  1.002086E-05  1.063150E-04 -3.751370E-07  1.913885E-04 -1.582812E-02  2.034492E-08  2.043980E-08
  5.525000E+03  1.036204E-05  1.060950E-04  1.367321E-06  1.917961E-04 -1.761786E-02  2.034546E-08  2.044708E-08
  5.526000E+03  1.109904E-05  1.061479E-04  5.119300E-08  1.916840E-04 -1.319824E-02  2.034508E-08  2.045932E-08
  5.527000E+03  1.009201E-05  1.063013E-04 -5.681525E-07  1.914205E-04 -1.671387E-02  2.034541E-08  2.044188E-08
  5.528000E+03  1.023452E-05  1.060696E-04  1.333470E-06  1.918452E-04 -1.685323E-02  2.034604E-08  2.044493E-08
  5.529000E+03  1.113688E-05  1.061961E-04  2.750645E-07  1.916011E-04 -1.326830E-02  2.034549E-08  2.046067E-08
  5.530000E+03  1.019119E-05  1.062698E-04 -7.290517E-07  1.914804E-04 -1.738211E-02  2.034551E-08  2.044398E-08
  5.531000E+03  1.010781E-05  1.060613E-04  1.242573E-06  1.918583E-04 -1.596773E-02  2.034614E-08  2.044230E-08
  5.532000E+03  1.114550E-05  1.062387E-04  5.223055E-07  1.915274E-04 -1.368442E-02  2.034572E-08  2.046136E-08
  5.533000E+03  1.031367E-05  1.062278E-04 -8.511651E-07  1.915588E-04 -1.775657E-02  2.034567E-08  2.044647E-08
  5.534000E+03  9.988518E-06  1.060710E-04  1.098521E-06  1.918377E-04 -1.511763E-02  2.034608E-08  2.043972E-08
  5.535000E+03  1.112475E-05  1.062706E-04  7.797625E-07  1.914760E-04 -1.434591E-02  2.034618E-08  2.046179E-08
  5.536000E+03  1.045111E-05  1.061842E-04 -9.270667E-07  1.916447E-04 -1.779321E-02  2.034641E-08  2.044971E-08
  5.537000E+03  9.886898E-06  1.060948E-04  9.092960E-07  1.917918E-04 -1.444108E-02  2.034599E-08  2.043754E-08
  5.538000E+03  1.107386E-05  1.062861E-04  1.027506E-06  1.914517E-04 -1.512954E-02  2.034633E-08  2.046132E-08
  5.539000E+03  1.059589E-05  1.061445E-04 -9.486628E-07  1.917195E-04 -1.752839E-02  2.034684E-08  2.045272E-08
  5.540000E+03  9.812065E-06  1.061241E-04  6.823981E-07  1.917309E-04 -1.400485E-02  2.034527E-08  2.043533E-08
  5.541000E+03  1.099287E-05  1.062832E-04  1.247165E-06  1.914497E-04 -1.588728E-02  2.034531E-08  2.045905E-08
  5.542000E+03  1.074133E-05  1.061149E-04 -9.103651E-07  1.917656E-04 -1.707980E-02  2.034622E-08  2.045468E-08
  5.543000E+03  9.767875E-06  1.061534E-04  4.279571E-07  1.916672E-04 -1.384819E-02  2.034418E-08  2.043341E-08
  5.544000E+03  1.088467E-05  1.062646E-04  1.428533E-06  1.914696E-04 -1.647486E-02  2.034369E-08  2.045554E-08
  5.545000E+03  1.088265E-05  1.060991E-04 -8.138583E-07  1.917791E-04 -1.654563E-02  2.034480E-08  2.045578E-08
  5.546000E+03  9.754324E-06  1.061808E-04  1.555760E-07  1.916116E-04 -1.394869E-02  2.034350E-08  2.043255E-08
  5.547000E+03  1.075347E-05  1.062383E-04  1.568015E-06  1.915068E-04 -1.685832E-02  2.034247E-08  2.045191E-08
  5.548000E+03  1.101482E-05  1.060910E-04 -6.633012E-07  1.917721E-04 -1.601106E-02  2.034270E-08  2.045607E-08
  5.549000E+03  9.771841E-06  1.062031E-04 -1.250036E-07  1.915621E-04 -1.419695E-02  2.034244E-08  2.043195E-08
  5.550000E+03  1.060520E-05  1.062109E-04  1.659678E-06  1.915468E-04 -1.709073E-02  2.034139E-08  2.044804E-08
  5.551000E+03  1.113125E-05  1.060885E-04 -4.649617E-07  1.917564E-04 -1.552256E-02  2.034070E-08  2.045620E-08
  5.552000E+03  9.820015E-06  1.062187E-04 -4.001673E-07  1.915208E-04 -1.452128E-02  2.034094E-08  2.043150E-08
  5.553000E+03  1.044730E-05  1.061891E-04  1.697966E-06  1.915833E-04 -1.717092E-02  2.034106E-08  2.044468E-08
  5.554000E+03  1.122284E-05  1.060928E-04 -2.260507E-07  1.917397E-04 -1.515005E-02  2.033988E-08  2.045710E-08
  5.555000E+03  9.900084E-06  1.062274E-04 -6.527295E-07  1.914964E-04 -1.485720E-02  2.033992E-08  2.043213E-08
  5.556000E+03  1.028579E-05  1.061743E-04  1.675257E-06  1.916131E-04 -1.712363E-02  2.034140E-08  2.044190E-08
  5.557000E+03  1.128325E-05  1.061035E-04  4.680939E-08  1.917255E-04 -1.489454E-02  2.034049E-08  2.045887E-08
  5.558000E+03  1.001013E-05  1.062322E-04 -8.682687E-07  1.914891E-04 -1.517827E-02  2.033996E-08  2.043436E-08
  5.559000E+03  1.012685E-05  1.061614E-04  1.590113E-06  1.916385E-04 -1.701879E-02  2.034166E-08  2.043906E-08
  5.560000E+03  1.131107E-05  1.061178E-04  3.423926E-07  1.917104E-04 -1.467763E-02  2.034170E-08  2.046065E-08
  5.561000E+03  1.014456E-05  1.062382E-04 -1.039185E-06  1.914915E-04 -1.547696E-02  2.034128E-08  2.043833E-08
  5.562000E+03  9.979193E-06  1.061486E-04  1.446308E-06  1.916670E-04 -1.691018E-02  2.034227E-08  2.043677E-08
  5.563000E+03  1.130422E-05  1.061347E-04  6.449582E-07  1.916926E-04 -1.448090E-02  2.034310E-08  2.046197E-08
  5.564000E+03  1.029671E-05  1.062468E-04 -1.155579E-06  1.914993E-04 -1.576669E-02  2.034365E-08  2.044371E-08
  5.565000E+03  9.851561E-06  1.061357E-04  1.249789E-06  1.917027E-04 -1.678442E-02  2.034363E-08  2.043560E-08
  5.566000E+03  1.126234E-05  1.061531E-04  9.372507E-07  1.916695E-04 -1.433552E-02  2.034421E-08  2.046234E-08
  5.567000E+03  1.046045E-05  1.062526E-04 -1.211529E-06  1.915076E-04 -1.609983E-02  2.034555E-08  2.044884E-08
  5.568000E+03  9.749431E-06  1.061193E-04  1.008140E-06  1.917419E-04 -1.656978E-02  2.034473E-08  2.043461E-08
  5.569000E+03  1.118706E-05  1.061738E-04  1.206886E-06  1.916366E-04 -1.420346E-02  2.034472E-08  2.046149E-08
  5.570000E+03  1.062768E-05  1.062521E-04 -1.203330E-06  1.915152E-04 -1.652833E-02  2.034611E-08  2.045274E-08
  5.571000E+03  9.679098E-06  1.060992E-04  7.322752E-07  1.917805E-04 -1.622095E-02  2.034507E-08  2.043342E-08
  5.572000E+03  1.107925E-05  1.062006E-04  1.440455E-06  1.915901E-04 -1.409838E-02  2.034495E-08  2.045976E-08
  5.573000E+03  1.079107E-05  1.062407E-04 -1.126479E-06  1.915342E-04 -1.703078E-02  2.034576E-08  2.045566E-08
  5.574000E+03  9.645392E-06  1.060828E-04  4.328013E-07  1.918091E-04 -1.569730E-02  2.034513E-08  2.043258E-08
  5.575000E+03  1.094243E-05  1.062334E-04  1.625239E-06  1.915333E-04 -1.417213E-02  2.034520E-08  2.045754E-08
  5.576000E+03  1.094581E-05  1.062165E-04 -9.839553E-07  1.915773E-04 -1.747449E-02  2.034556E-08  2.045850E-08
  5.577000E+03  9.647195E-06  1.060780E-04  1.203125E-07  1.918167E-04 -1.503922E-02  2.034522E-08  2.043243E-08
  5.578000E+03  1.078574E-05  1.062677E-04  1.755680E-06  1.914774E-04 -1.451618E-02  2.034572E-08  2.045530E-08
  5.579000E+03  1.108406E-05  1.061831E-04 -7.873678E-07  1.916425E-04 -1.775003E-02  2.034600E-08  2.046162E-08
  5.580000E+03  9.682906E-06  1.060873E-04 -1.880330E-07  1.918011E-04 -1.434690E-02  2.034557E-08  2.043323E-08
  5.581000E+03  1.061956E-05  1.062962E-04  1.826093E-06  1.914329E-04 -1.510780E-02  2.034626E-08  2.045295E-08
  5.582000E+03  1.119525E-05  1.061415E-04 -5.485907E-07  1.917197E-04 -1.778787E-02  2.034620E-08  2.046388E-08
  5.583000E+03  9.753463E-06  1.061098E-04 -4.718393E-07  1.917582E-04 -1.369431E-02  2.034552E-08  2.043435E-08
  5.584000E+03  1.044970E-05  1.063110E-04  1.829641E-06  1.914060E-04 -1.589179E-02  2.034600E-08  2.044973E-08
  5.585000E+03  1.127284E-05  1.060943E-04 -2.736568E-07  1.917956E-04 -1.752852E-02  2.034529E-08  2.046430E-08
  5.586000E+03  9.858141E-06  1.061456E-04 -7.173181E-07  1.916850E-04 -1.317897E-02  2.034475E-08  2.043548E-08
  5.587000E+03  1.028090E-05  1.063110E-04  1.763723E-06  1.914041E-04 -1.679457E-02  2.034549E-08  2.044629E-08
  5.588000E+03  1.131602E-05  1.060514E-04  2.860720E-08  1.918635E-04 -1.697264E-02  2.034446E-08  2.046405E-08
  5.589000E+03  9.989775E-06  1.061927E-04 -9.166876E-07  1.915954E-04 -1.290032E-02  2.034433E-08  2.043759E-08
  5.590000E+03  1.012116E-05  1.062959E-04  1.635879E-06  1.914326E-04 -1.770791E-02  2.034531E-08  2.044328E-08
  5.591000E+03  1.132517E-05  1.060198E-04  3.417502E-07  1.919153E-04 -1.616969E-02  2.034416E-08  2.046365E-08
  5.592000E+03  1.013958E-05  1.062448E-04 -1.063250E-06  1.914987E-04 -1.295567E-02  2.034402E-08  2.044028E-08
  5.593000E+03  9.979789E-06  1.062588E-04  1.455821E-06  1.914933E-04 -1.848924E-02  2.034438E-08  2.043978E-08
  5.594000E+03  1.129976E-05  1.060054E-04  6.475747E-07  1.919320E-04 -1.513549E-02  2.034350E-08  2.046220E-08
  5.595000E+03  1.029999E-05  1.062961E-04 -1.149431E-06  1.914007E-04 -1.345056E-02  2.034330E-08  2.044290E-08
  5.596000E+03  9.863678E-06  1.061993E-04  1.232822E-06  1.915876E-04 -1.898458E-02  2.034280E-08  2.043595E-08
  5.597000E+03  1.124143E-05  1.060146E-04  9.307942E-07  1.919023E-04 -1.395621E-02  2.034247E-08  2.045977E-08
  5.598000E+03  1.046293E-05  1.063419E-04 -1.171635E-06  1.913171E-04 -1.439177E-02  2.034291E-08  2.044605E-08
  5.599000E+03  9.778167E-06  1.061266E-04  9.785653E-07  1.917097E-04 -1.909636E-02  2.034178E-08  2.043310E-08
  5.600000E+03  1.115267E-05  1.060499E-04  1.178559E-06  1.918280E-04 -1.282718E-02  2.034166E-08  2.045706E-08
  5.601000E+03  1.062277E-05  1.063699E-04 -1.130037E-06  1.912675E-04 -1.567856E-02  2.034261E-08  2.044930E-08
  5.602000E+03  9.726499E-06  1.060515E-04  7.015864E-07  1.918400E-04 -1.868660E-02  2.034136E-08  2.043132E-08
  5.603000E+03  1.103797E-05  1.061090E-04  1.380519E-06  1.917117E-04 -1.199677E-02  2.034088E-08  2.045403E-08
  5.604000E+03  1.077468E-05  1.063692E-04 -1.029520E-06  1.912689E-04 -1.712226E-02  2.034213E-08  2.045219E-08
  5.605000E+03  9.707630E-06  1.059893E-04  4.124788E-07  1.919519E-04 -1.771140E-02  2.034166E-08  2.043072E-08
  5.606000E+03  1.090461E-05  1.061887E-04  1.532536E-06  1.915685E-04 -1.168917E-02  2.034102E-08  2.045178E-08
  5.607000E+03  1.091151E-05  1.063354E-04 -8.786069E-07  1.913342E-04 -1.851763E-02  2.034212E-08  2.045516E-08
  5.608000E+03  9.721334E-06  1.059535E-04  1.258087E-07  1.920217E-04 -1.626770E-02  2.034269E-08  2.043140E-08
  5.609000E+03  1.075929E-05  1.062790E-04  1.629331E-06  1.914204E-04 -1.203427E-02  2.034250E-08  2.045084E-08
  5.610000E+03  1.102514E-05  1.062686E-04 -6.838129E-07  1.914630E-04 -1.962484E-02  2.034260E-08  2.045799E-08
  5.611000E+03  9.767496E-06  1.059486E-04 -1.420176E-07  1.920287E-04 -1.456478E-02  2.034303E-08  2.043202E-08
  5.612000E+03  1.060721E-05  1.063599E-04  1.666689E-06  1.912864E-04 -1.302481E-02  2.034349E-08  2.044947E-08
  5.613000E+03  1.111225E-05  1.061767E-04 -4.527490E-07  1.916320E-04 -2.017096E-02  2.034272E-08  2.045973E-08
  5.614000E+03  9.843283E-06  1.059786E-04 -3.819090E-07  1.919656E-04 -1.286270E-02  2.034256E-08  2.043251E-08
  5.615000E+03  1.045494E-05  1.064172E-04  1.644672E-06  1.911901E-04 -1.456400E-02  2.034376E-08  2.044748E-08
  5.616000E+03  1.116987E-05  1.060774E-04 -1.960836E-07  1.918176E-04 -1.998437E-02  2.034345E-08  2.046125E-08
  5.617000E+03  9.944461E-06  1.060469E-04 -5.842538E-07  1.918437E-04 -1.145633E-02  2.034310E-08  2.043469E-08
  5.618000E+03  1.031201E-05  1.064412E-04  1.563651E-06  1.911606E-04 -1.645959E-02  2.034460E-08  2.044624E-08
  5.619000E+03  1.119457E-05  1.059878E-04  6.999170E-08  1.919909E-04 -1.906198E-02  2.034500E-08  2.046277E-08
  5.620000E+03  1.006425E-05  1.061455E-04 -7.363840E-07  1.916794E-04 -1.062206E-02  2.034476E-08  2.043861E-08
  5.621000E+03  1.018504E-05  1.064215E-04  1.431565E-06  1.912111E-04 -1.841853E-02  2.034552E-08  2.044527E-08
  5.622000E+03  1.118780E-05  1.059206E-04  3.309203E-07  1.921161E-04 -1.749306E-02  2.034594E-08  2.046293E-08
  5.623000E+03  1.019427E-05  1.062592E-04 -8.340059E-07  1.914869E-04 -1.058035E-02  2.034611E-08  2.044272E-08
  5.624000E+03  1.007785E-05  1.063544E-04  1.262021E-06  1.913395E-04 -2.010804E-02  2.034569E-08  2.044371E-08
  5.625000E+03  1.115349E-05  1.058893E-04  5.756732E-07  1.921657E-04 -1.543150E-02  2.034587E-08  2.046151E-08
  5.626000E+03  1.032681E-05  1.063691E-04 -8.784524E-07  1.912946E-04 -1.143444E-02  2.034651E-08  2.044621E-08
  5.627000E+03  9.996553E-06  1.062499E-04  1.065248E-06  1.915315E-04 -2.117411E-02  2.034566E-08  2.044212E-08
  5.628000E+03  1.109188E-05  1.059055E-04  7.917401E-07  1.921270E-04 -1.320900E-02  2.034554E-08  2.045939E-08
  5.629000E+03  1.045606E-05  1.064547E-04 -8.652462E-07  1.911439E-04 -1.310464E-02  2.034643E-08  2.044937E-08
  5.630000E+03  9.946437E-06  1.061270E-04  8.484132E-07  1.917566E-04 -2.135886E-02  2.034590E-08  2.044108E-08
  5.631000E+03  1.100554E-05  1.059721E-04  9.663124E-07  1.920035E-04 -1.124680E-02  2.034573E-08  2.045751E-08
  5.632000E+03  1.057764E-05  1.064989E-04 -7.957774E-07  1.910709E-04 -1.534412E-02  2.034645E-08  2.045254E-08
  5.633000E+03  9.925513E-06  1.060055E-04  6.220111E-07  1.919748E-04 -2.058543E-02  2.034607E-08  2.044021E-08
  5.634000E+03  1.090401E-05  1.060789E-04  1.095227E-06  1.918090E-04 -9.925778E-03  2.034588E-08  2.045562E-08
  5.635000E+03  1.068589E-05  1.064902E-04 -6.843706E-07  1.910920E-04 -1.777844E-02  2.034622E-08  2.045513E-08
  5.636000E+03  9.929475E-06  1.059058E-04  4.010982E-07  1.921451E-04 -1.893705E-02  2.034563E-08  2.043900E-08
  5.637000E+03  1.079600E-05  1.062071E-04  1.179679E-06  1.915698E-04 -9.537134E-03  2.034515E-08  2.045306E-08
  5.638000E+03  1.077480E-05  1.064245E-04 -5.433955E-07  1.912066E-04 -1.997360E-02  2.034500E-08  2.045612E-08
  5.639000E+03  9.958784E-06  1.058471E-04  1.973584E-07  1.922313E-04 -1.662380E-02  2.034431E-08  2.043730E-08
  5.640000E+03  1.068591E-05  1.063360E-04  1.214970E-06  1.913271E-04 -1.018891E-02  2.034391E-08  2.045029E-08
  5.641000E+03  1.084175E-05  1.063134E-04 -3.794742E-07  1.914001E-04 -2.152207E-02  2.034367E-08  2.045627E-08
  5.642000E+03  1.001072E-05  1.058435E-04  1.839204E-08  1.922199E-04 -1.402557E-02  2.034321E-08  2.043633E-08
  5.643000E+03  1.057729E-05  1.064462E-04  1.203550E-06  1.911259E-04 -1.181815E-02  2.034320E-08  2.044833E-08
  5.644000E+03  1.088683E-05  1.061750E-04 -1.997778E-07  1.916446E-04 -2.216971E-02  2.034286E-08  2.045616E-08
  5.645000E+03  1.007958E-05  1.058969E-04 -1.311063E-07  1.921096E-04 -1.159528E-02  2.034245E-08  2.043624E-08
  5.646000E+03  1.047555E-05  1.065161E-04  1.152225E-06  1.910020E-04 -1.417922E-02  2.034275E-08  2.044687E-08
  5.647000E+03  1.090885E-05  1.060301E-04 -1.416634E-08  1.918984E-04 -2.174877E-02  2.034219E-08  2.045540E-08
  5.648000E+03  1.016003E-05  1.059985E-04 -2.441884E-07  1.919124E-04 -9.750777E-03  2.034146E-08  2.043647E-08
  5.649000E+03  1.038622E-05  1.065298E-04  1.066995E-06  1.909779E-04 -1.687868E-02  2.034195E-08  2.044525E-08
  5.650000E+03  1.090858E-05  1.059045E-04  1.655556E-07  1.921159E-04 -2.024737E-02  2.034177E-08  2.045418E-08
  5.651000E+03  1.024498E-05  1.061351E-04 -3.163239E-07  1.916584E-04 -8.854161E-03  2.034088E-08  2.043760E-08
  5.652000E+03  1.031324E-05  1.064831E-04  9.587215E-07  1.910653E-04 -1.949070E-02  2.034136E-08  2.044395E-08
  5.653000E+03  1.088944E-05  1.058236E-04  3.285841E-07  1.922572E-04 -1.789249E-02  2.034209E-08  2.045318E-08
  5.654000E+03  1.032883E-05  1.062853E-04 -3.495920E-07  1.913931E-04 -9.114395E-03  2.034143E-08  2.044024E-08
  5.655000E+03  1.025988E-05  1.063821E-04  8.359022E-07  1.912553E-04 -2.155844E-02  2.034141E-08  2.044331E-08
  5.656000E+03  1.085356E-05  1.057990E-04  4.665129E-07  1.922946E-04 -1.509432E-02  2.034225E-08  2.045172E-08
  5.657000E+03  1.040819E-05  1.064219E-04 -3.454025E-07  1.911578E-04 -1.048454E-02  2.034227E-08  2.044340E-08
  5.658000E+03  1.022785E-05  1.062418E-04  7.038368E-07  1.915140E-04 -2.271148E-02  2.034155E-08  2.044278E-08
  5.659000E+03  1.080349E-05  1.058344E-04  5.737143E-07  1.922193E-04 -1.230982E-02  2.034188E-08  2.044963E-08
  5.660000E+03  1.048013E-05  1.065205E-04 -3.063457E-07  1.909906E-04 -1.274928E-02  2.034276E-08  2.044627E-08
  5.661000E+03  1.021573E-05  1.060885E-04  5.696338E-07  1.917998E-04 -2.268155E-02  2.034252E-08  2.044304E-08
  5.662000E+03  1.074475E-05  1.059298E-04  6.483113E-07  1.920445E-04 -1.003656E-02  2.034222E-08  2.044840E-08
  5.663000E+03  1.054005E-05  1.065622E-04 -2.395679E-07  1.909295E-04 -1.557594E-02  2.034340E-08  2.044906E-08
  5.664000E+03  1.022197E-05  1.059491E-04  4.439034E-07  1.920628E-04 -2.143155E-02  2.034421E-08  2.044401E-08
  5.665000E+03  1.068275E-05  1.060710E-04  6.888265E-07  1.917983E-04 -8.692975E-03  2.034347E-08  2.044843E-08
  5.666000E+03  1.058474E-05  1.065366E-04 -1.532150E-07  1.909897E-04 -1.850136E-02  2.034391E-08  2.045127E-08
  5.667000E+03  1.024480E-05  1.058467E-04  3.345668E-07  1.922523E-04 -1.916194E-02  2.034553E-08  2.044472E-08
  5.668000E+03  1.061965E-05  1.062335E-04  6.969276E-07  1.915183E-04 -8.534058E-03  2.034491E-08  2.044905E-08
  5.669000E+03  1.061448E-05  1.064473E-04 -5.187459E-08  1.911654E-04 -2.097333E-02  2.034456E-08  2.045301E-08
  5.670000E+03  1.028120E-05  1.058003E-04  2.436508E-07  1.923324E-04 -1.627714E-02  2.034613E-08  2.044493E-08
  5.671000E+03  1.056035E-05  1.063890E-04  6.745220E-07  1.912541E-04 -9.604676E-03  2.034640E-08  2.045015E-08
  5.672000E+03  1.062822E-05  1.063134E-04  5.553730E-08  1.914276E-04 -2.252383E-02  2.034616E-08  2.045497E-08
  5.673000E+03  1.032566E-05  1.058207E-04  1.780187E-07  1.922949E-04 -1.329694E-02  2.034699E-08  2.044573E-08
  5.674000E+03  1.051320E-05  1.065098E-04  6.255380E-07  1.910552E-04 -1.174957E-02  2.034784E-08  2.045169E-08
  5.675000E+03  1.062397E-05  1.061569E-04  1.539133E-07  1.917291E-04 -2.288509E-02  2.034804E-08  2.045643E-08
  5.676000E+03  1.037381E-05  1.059038E-04  1.453580E-07  1.921460E-04 -1.071418E-02  2.034782E-08  2.044687E-08
  5.677000E+03  1.048064E-05  1.065709E-04  5.566343E-07  1.909549E-04 -1.461561E-02  2.034805E-08  2.045234E-08
  5.678000E+03  1.060510E-05  1.060007E-04  2.354791E-07  1.920121E-04 -2.197175E-02  2.034850E-08  2.045581E-08
  5.679000E+03  1.042046E-05  1.060336E-04  1.433717E-07  1.919037E-04 -8.964555E-03  2.034743E-08  2.044718E-08
  5.680000E+03  1.046252E-05  1.065598E-04  4.784057E-07  1.909706E-04 -1.768514E-02  2.034662E-08  2.045149E-08
  5.681000E+03  1.057692E-05  1.058736E-04  2.960077E-07  1.922227E-04 -1.994238E-02  2.034726E-08  2.045305E-08
  5.682000E+03  1.046018E-05  1.061904E-04  1.660036E-07  1.916086E-04 -8.393799E-03  2.034628E-08  2.044706E-08
  5.683000E+03  1.046010E-05  1.064825E-04  4.006623E-07  1.911064E-04 -2.040076E-02  2.034525E-08  2.045072E-08
  5.684000E+03  1.054174E-05  1.058014E-04  3.309743E-07  1.923311E-04 -1.715697E-02  2.034591E-08  2.044996E-08
  5.685000E+03  1.048880E-05  1.063488E-04  2.122099E-07  1.913182E-04 -9.108268E-03  2.034562E-08  2.044763E-08
  5.686000E+03  1.047333E-05  1.063543E-04  3.318242E-07  1.913401E-04 -2.231271E-02  2.034478E-08  2.045073E-08
  5.687000E+03  1.050325E-05  1.057959E-04  3.373058E-07  1.923244E-04 -1.409127E-02  2.034511E-08  2.044746E-08
  5.688000E+03  1.050497E-05  1.064788E-04  2.757068E-07  1.910818E-04 -1.098944E-02  2.034493E-08  2.044824E-08
  5.689000E+03  1.049694E-05  1.061935E-04  2.791238E-07  1.916269E-04 -2.308582E-02  2.034411E-08  2.045030E-08
  5.690000E+03  1.046775E-05  1.058567E-04  3.202389E-07  1.921948E-04 -1.128798E-02  2.034381E-08  2.044477E-08
  5.691000E+03  1.050802E-05  1.065538E-04  3.444475E-07  1.909389E-04 -1.371298E-02  2.034335E-08  2.044783E-08
  5.692000E+03  1.052762E-05  1.060276E-04  2.467597E-07  1.919123E-04 -2.253595E-02  2.034284E-08  2.044898E-08
  5.693000E+03  1.043954E-05  1.059733E-04  2.827385E-07  1.919627E-04 -9.248091E-03  2.034205E-08  2.044216E-08
  5.694000E+03  1.049701E-05  1.065618E-04  4.105574E-07  1.909191E-04 -1.676088E-02  2.034183E-08  2.044711E-08
  5.695000E+03  1.056408E-05  1.058904E-04  2.376838E-07  1.921459E-04 -2.076934E-02  2.034202E-08  2.044791E-08
  5.696000E+03  1.042105E-05  1.061269E-04  2.252852E-07  1.916757E-04 -8.352495E-03  2.034124E-08  2.044114E-08
  5.697000E+03  1.047371E-05  1.065040E-04  4.676389E-07  1.910288E-04 -1.959574E-02  2.034144E-08  2.044701E-08
  5.698000E+03  1.060248E-05  1.058078E-04  2.516580E-07  1.922879E-04 -1.814033E-02  2.034222E-08  2.044778E-08
  5.699000E+03  1.041376E-05  1.062900E-04  1.543655E-07  1.913872E-04 -8.772380E-03  2.034176E-08  2.044209E-08
  5.700000E+03  1.044099E-05  1.063897E-04  5.102785E-07  1.912472E-04 -2.172794E-02  2.034192E-08  2.044722E-08
  5.701000E+03  1.063799E-05  1.057918E-04  2.870218E-07  1.923126E-04 -1.511395E-02  2.034278E-08  2.044801E-08
  5.702000E+03  1.041932E-05  1.064312E-04  7.825361E-08  1.911444E-04 -1.041477E-02  2.034264E-08  2.044398E-08
  5.703000E+03  1.040032E-05  1.062383E-04  5.339156E-07  1.915313E-04 -2.276539E-02  2.034269E-08  2.044710E-08
  5.704000E+03  1.066712E-05  1.058422E-04  3.438266E-07  1.922149E-04 -1.223571E-02  2.034294E-08  2.044795E-08
  5.705000E+03  1.043844E-05  1.065233E-04  3.357520E-09  1.909895E-04 -1.294002E-02  2.034314E-08  2.044588E-08
  5.706000E+03  1.035529E-05  1.060805E-04  5.340002E-07  1.918251E-04 -2.250782E-02  2.034374E-08  2.044676E-08
  5.707000E+03  1.068519E-05  1.059493E-04  4.188355E-07  1.920179E-04 -1.004576E-02  2.034315E-08  2.044812E-08
  5.708000E+03  1.047113E-05  1.065495E-04 -6.092518E-08  1.909523E-04 -1.586241E-02  2.034331E-08  2.044766E-08
  5.709000E+03  1.030987E-05  1.059453E-04  5.071902E-07  1.920728E-04 -2.102353E-02  2.034472E-08  2.044600E-08
  5.710000E+03  1.068865E-05  1.060949E-04  5.071468E-07  1.917576E-04 -8.941838E-03  2.034369E-08  2.044879E-08
  5.711000E+03  1.051650E-05  1.065080E-04 -1.066920E-07  1.910376E-04 -1.869165E-02  2.034349E-08  2.044946E-08
  5.712000E+03  1.026589E-05  1.058552E-04  4.536529E-07  1.922333E-04 -1.862850E-02  2.034538E-08  2.044478E-08
  5.713000E+03  1.067818E-05  1.062525E-04  6.044873E-07  1.914816E-04 -9.063776E-03  2.034456E-08  2.044995E-08
  5.714000E+03  1.057200E-05  1.064101E-04 -1.331324E-07  1.912284E-04 -2.091612E-02  2.034418E-08  2.045163E-08
  5.715000E+03  1.022675E-05  1.058238E-04  3.756161E-07  1.922826E-04 -1.580509E-02  2.034553E-08  2.044319E-08
  5.716000E+03  1.065370E-05  1.063922E-04  7.040762E-07  1.912407E-04 -1.031467E-02  2.034544E-08  2.045117E-08
  5.717000E+03  1.063360E-05  1.062771E-04 -1.366526E-07  1.914849E-04 -2.213557E-02  2.034548E-08  2.045410E-08
  5.718000E+03  1.019996E-05  1.058563E-04  2.747417E-07  1.922198E-04 -1.307314E-02  2.034594E-08  2.044230E-08
  5.719000E+03  1.061217E-05  1.064897E-04  7.934431E-07  1.910770E-04 -1.247525E-02  2.034615E-08  2.045206E-08
  5.720000E+03  1.069855E-05  1.061319E-04 -1.087631E-07  1.917609E-04 -2.215224E-02  2.034695E-08  2.045640E-08
  5.721000E+03  1.018693E-05  1.059466E-04  1.553949E-07  1.920572E-04 -1.088839E-02  2.034660E-08  2.044224E-08
  5.722000E+03  1.055504E-05  1.065260E-04  8.685067E-07  1.910187E-04 -1.516929E-02  2.034611E-08  2.045190E-08
  5.723000E+03  1.076444E-05  1.059982E-04 -5.034365E-08  1.920020E-04 -2.098574E-02  2.034740E-08  2.045736E-08
  5.724000E+03  1.018770E-05  1.060762E-04  2.232718E-08  1.918212E-04 -9.624958E-03  2.034672E-08  2.044232E-08
  5.725000E+03  1.048630E-05  1.064976E-04  9.257565E-07  1.910754E-04 -1.786236E-02  2.034583E-08  2.045107E-08
  5.726000E+03  1.082374E-05  1.059036E-04  3.705061E-08  1.921650E-04 -1.890800E-02  2.034734E-08  2.045752E-08
  5.727000E+03  1.020664E-05  1.062216E-04 -1.130364E-07  1.915613E-04 -9.513097E-03  2.034702E-08  2.044333E-08
  5.728000E+03  1.040827E-05  1.064165E-04  9.544698E-07  1.912358E-04 -2.004208E-02  2.034656E-08  2.045077E-08
  5.729000E+03  1.087001E-05  1.058660E-04  1.542483E-07  1.922303E-04 -1.635102E-02  2.034793E-08  2.045809E-08
  5.730000E+03  1.024720E-05  1.063560E-04 -2.407222E-07  1.913296E-04 -1.053517E-02  2.034791E-08  2.044567E-08
  5.731000E+03  1.032334E-05  1.062970E-04  9.456317E-07  1.914675E-04 -2.134120E-02  2.034779E-08  2.045044E-08
  5.732000E+03  1.090071E-05  1.058867E-04  2.986453E-07  1.921881E-04 -1.377758E-02  2.034822E-08  2.045823E-08
  5.733000E+03  1.030740E-05  1.064497E-04 -3.539047E-07  1.911615E-04 -1.246969E-02  2.034751E-08  2.044728E-08
  5.734000E+03  1.023836E-05  1.061572E-04  8.973712E-07  1.917173E-04 -2.153156E-02  2.034746E-08  2.044815E-08
  5.735000E+03  1.091336E-05  1.059584E-04  4.585986E-07  1.920389E-04 -1.166131E-02  2.034675E-08  2.045656E-08
  5.736000E+03  1.038209E-05  1.064844E-04 -4.432309E-07  1.910848E-04 -1.491933E-02  2.034529E-08  2.044735E-08
  5.737000E+03  1.016100E-05  1.060264E-04  8.134598E-07  1.919338E-04 -2.058689E-02  2.034574E-08  2.044428E-08
  5.738000E+03  1.090518E-05  1.060682E-04  6.210292E-07  1.918173E-04 -1.039625E-02  2.034462E-08  2.045423E-08
  5.739000E+03  1.046896E-05  1.064623E-04 -5.011133E-07  1.911151E-04 -1.738874E-02  2.034348E-08  2.044791E-08
  5.740000E+03  1.009598E-05  1.059319E-04  6.945382E-07  1.920853E-04 -1.879132E-02  2.034437E-08  2.044083E-08
  5.741000E+03  1.087435E-05  1.061947E-04  7.780554E-07  1.915765E-04 -1.016189E-02  2.034335E-08  2.045269E-08
  5.742000E+03  1.056441E-05  1.063916E-04 -5.208384E-07  1.912414E-04 -1.943206E-02  2.034265E-08  2.044935E-08
  5.743000E+03  1.004576E-05  1.058881E-04  5.457104E-07  1.921490E-04 -1.654000E-02  2.034352E-08  2.043817E-08
  5.744000E+03  1.082251E-05  1.063134E-04  9.233274E-07  1.913584E-04 -1.095503E-02  2.034274E-08  2.045171E-08
  5.745000E+03  1.066264E-05  1.062824E-04 -5.006988E-07  1.914367E-04 -2.070158E-02  2.034199E-08  2.045067E-08
  5.746000E+03  1.001353E-05  1.058986E-04  3.759029E-07  1.921121E-04 -1.420666E-02  2.034235E-08  2.043565E-08
  5.747000E+03  1.075113E-05  1.064005E-04  1.049168E-06  1.911963E-04 -1.260529E-02  2.034177E-08  2.045017E-08
  5.748000E+03  1.075768E-05  1.061565E-04 -4.385974E-07  1.916597E-04 -2.096021E-02  2.034147E-08  2.045170E-08
  5.749000E+03  1.000166E-05  1.059589E-04  1.950777E-07  1.919852E-04 -1.223774E-02  2.034102E-08  2.043362E-08
  5.750000E+03  1.066458E-05  1.064412E-04  1.147066E-06  1.911202E-04 -1.474123E-02  2.034085E-08  2.044841E-08
  5.751000E+03  1.084449E-05  1.060424E-04 -3.389441E-07  1.918637E-04 -2.022492E-02  2.034154E-08  2.045288E-08
  5.752000E+03  1.001060E-05  1.060582E-04  1.298223E-08  1.918020E-04 -1.100647E-02  2.034094E-08  2.043357E-08
  5.753000E+03  1.056815E-05  1.064318E-04  1.211605E-06  1.911458E-04 -1.694531E-02  2.034106E-08  2.044746E-08
  5.754000E+03  1.091761E-05  1.059621E-04 -2.077469E-07  1.920153E-04 -1.867749E-02  2.034280E-08  2.045484E-08
  5.755000E+03  1.004197E-05  1.061787E-04 -1.607794E-07  1.915981E-04 -1.073889E-02  2.034246E-08  2.043590E-08
  5.756000E+03  1.046643E-05  1.063754E-04  1.235598E-06  1.912679E-04 -1.881978E-02  2.034260E-08  2.044747E-08
  5.757000E+03  1.097425E-05  1.059271E-04 -5.179301E-08  1.920876E-04 -1.664214E-02  2.034447E-08  2.045685E-08
  5.758000E+03  1.009391E-05  1.062941E-04 -3.190342E-07  1.914099E-04 -1.143238E-02  2.034442E-08  2.043934E-08
  5.759000E+03  1.036343E-05  1.062846E-04  1.219354E-06  1.914560E-04 -2.000096E-02  2.034477E-08  2.044776E-08
  5.760000E+03  1.101281E-05  1.059392E-04  1.221926E-07  1.920699E-04 -1.454548E-02  2.034557E-08  2.045807E-08
  5.761000E+03  1.016497E-05  1.063785E-04 -4.573095E-07  1.912725E-04 -1.286116E-02  2.034559E-08  2.044253E-08
  5.762000E+03  1.026406E-05  1.061800E-04  1.161580E-06  1.916633E-04 -2.026610E-02  2.034663E-08  2.044748E-08
  5.763000E+03  1.102869E-05  1.059950E-04  3.082809E-07  1.919700E-04 -1.281823E-02  2.034620E-08  2.045863E-08
  5.764000E+03  1.025330E-05  1.064172E-04 -5.647961E-07  1.912121E-04 -1.472435E-02  2.034606E-08  2.044534E-08
  5.765000E+03  1.017185E-05  1.060834E-04  1.062971E-06  1.918477E-04 -1.962138E-02  2.034793E-08  2.044651E-08
  5.766000E+03  1.102137E-05  1.060836E-04  4.998226E-07  1.918138E-04 -1.176638E-02  2.034690E-08  2.045911E-08
  5.767000E+03  1.035421E-05  1.064069E-04 -6.364193E-07  1.912385E-04 -1.665928E-02  2.034628E-08  2.044804E-08
  5.768000E+03  1.008975E-05  1.060112E-04  9.304493E-07  1.919772E-04 -1.826109E-02  2.034835E-08  2.044469E-08
  5.769000E+03  1.099147E-05  1.061863E-04  6.903698E-07  1.916325E-04 -1.153057E-02  2.034740E-08  2.045928E-08
  5.770000E+03  1.046233E-05  1.063539E-04 -6.688518E-07  1.913429E-04 -1.827745E-02  2.034667E-08  2.045083E-08
  5.771000E+03  1.002518E-05  1.059770E-04  7.684319E-07  1.920313E-04 -1.650844E-02  2.034813E-08  2.044255E-08
  5.772000E+03  1.093799E-05  1.062814E-04  8.658768E-07  1.914637E-04 -1.212109E-02  2.034754E-08  2.045888E-08
  5.773000E+03  1.057268E-05  1.062712E-04 -6.557938E-07  1.915007E-04 -1.925436E-02  2.034723E-08  2.045355E-08
  5.774000E+03  9.983299E-06  1.059859E-04  5.825382E-07  1.920053E-04 -1.471511E-02  2.034766E-08  2.044070E-08
  5.775000E+03  1.086214E-05  1.063484E-04  1.014935E-06  1.913412E-04 -1.338902E-02  2.034701E-08  2.045750E-08
  5.776000E+03  1.068218E-05  1.061759E-04 -5.970583E-07  1.916731E-04 -1.943349E-02  2.034722E-08  2.045542E-08
  5.777000E+03  9.963870E-06  1.060335E-04  3.791251E-07  1.919073E-04 -1.323783E-02  2.034681E-08  2.043910E-08
  5.778000E+03  1.076856E-05  1.063745E-04  1.134039E-06  1.912871E-04 -1.503636E-02  2.034578E-08  2.045509E-08
  5.779000E+03  1.078540E-05  1.060882E-04 -4.973359E-07  1.918227E-04 -1.882349E-02  2.034651E-08  2.045625E-08
  5.780000E+03  9.967057E-06  1.061089E-04  1.689729E-07  1.917593E-04 -1.237322E-02  2.034580E-08  2.043805E-08
  5.781000E+03  1.066461E-05  1.063588E-04  1.216574E-06  1.913110E-04 -1.670030E-02  2.034477E-08  2.045259E-08
  5.782000E+03  1.087360E-05  1.060277E-04 -3.639105E-07  1.919243E-04 -1.758510E-02  2.034615E-08  2.045702E-08
  5.783000E+03  9.994130E-06  1.061966E-04 -3.141040E-08  1.915970E-04 -1.228185E-02  2.034543E-08  2.043837E-08
  5.784000E+03  1.055472E-05  1.063095E-04  1.256195E-06  1.914058E-04 -1.803894E-02  2.034495E-08  2.045095E-08
  5.785000E+03  1.094037E-05  1.060044E-04 -2.002173E-07  1.919631E-04 -1.604597E-02  2.034631E-08  2.045792E-08
  5.786000E+03  1.004550E-05  1.062758E-04 -2.095338E-07  1.914563E-04 -1.290371E-02  2.034547E-08  2.043978E-08
  5.787000E+03  1.044365E-05  1.062365E-04  1.247999E-06  1.915441E-04 -1.879524E-02  2.034537E-08  2.044926E-08
  5.788000E+03  1.098321E-05  1.060186E-04 -1.369331E-08  1.919293E-04 -1.455373E-02  2.034592E-08  2.045793E-08
  5.789000E+03  1.011772E-05  1.063270E-04 -3.574129E-07  1.913621E-04 -1.405936E-02  2.034494E-08  2.044110E-08
  5.790000E+03  1.033674E-05  1.061545E-04  1.194345E-06  1.916890E-04 -1.882749E-02  2.034504E-08  2.044666E-08
  5.791000E+03  1.100223E-05  1.060642E-04  1.848580E-07  1.918317E-04 -1.340871E-02  2.034464E-08  2.045680E-08
  5.792000E+03  1.020543E-05  1.063412E-04 -4.706709E-07  1.913293E-04 -1.547804E-02  2.034375E-08  2.044205E-08
  5.793000E+03  1.024128E-05  1.060829E-04  1.099768E-06  1.918089E-04 -1.817889E-02  2.034427E-08  2.044363E-08
  5.794000E+03  1.099726E-05  1.061285E-04  3.809387E-07  1.916981E-04 -1.283102E-02  2.034295E-08  2.045505E-08
  5.795000E+03  1.030347E-05  1.063202E-04 -5.445628E-07  1.913603E-04 -1.681540E-02  2.034259E-08  2.044310E-08
  5.796000E+03  1.016279E-05  1.060379E-04  9.699179E-07  1.918809E-04 -1.706750E-02  2.034368E-08  2.044102E-08
  5.797000E+03  1.096908E-05  1.061998E-04  5.627680E-07  1.915633E-04 -1.289017E-02  2.034229E-08  2.045409E-08
  5.798000E+03  1.040669E-05  1.062711E-04 -5.762592E-07  1.914482E-04 -1.782459E-02  2.034218E-08  2.044482E-08
  5.799000E+03  1.010402E-05  1.060275E-04  8.127810E-07  1.918959E-04 -1.573748E-02  2.034372E-08  2.043945E-08
  5.800000E+03  1.091973E-05  1.062626E-04  7.230719E-07  1.914531E-04 -1.356683E-02  2.034243E-08  2.045369E-08
  5.801000E+03  1.050928E-05  1.062041E-04 -5.648654E-07  1.915728E-04 -1.830004E-02  2.034241E-08  2.044695E-08
  5.802000E+03  1.006694E-05  1.060483E-04  6.383600E-07  1.918508E-04 -1.449203E-02  2.034332E-08  2.043795E-08
  5.803000E+03  1.085207E-05  1.063007E-04  8.554801E-07  1.913861E-04 -1.464622E-02  2.034230E-08  2.045272E-08
  5.804000E+03  1.060504E-05  1.061356E-04 -5.108227E-07  1.916969E-04 -1.817890E-02  2.034251E-08  2.044863E-08
  5.805000E+03  1.005149E-05  1.060921E-04  4.591573E-07  1.917608E-04 -1.360092E-02  2.034242E-08  2.043656E-08
  5.806000E+03  1.077127E-05  1.063082E-04  9.556562E-07  1.913723E-04 -1.584118E-02  2.034189E-08  2.045118E-08
  5.807000E+03  1.068948E-05  1.060826E-04 -4.207209E-07  1.917951E-04 -1.751858E-02  2.034301E-08  2.045038E-08
  5.808000E+03  1.005657E-05  1.061527E-04  2.851333E-07  1.916507E-04 -1.323953E-02  2.034246E-08  2.043671E-08
  5.809000E+03  1.068223E-05  1.062871E-04  1.021625E-06  1.914189E-04 -1.691564E-02  2.034244E-08  2.045030E-08
  5.810000E+03  1.076148E-05  1.060569E-04 -3.033795E-07  1.918538E-04 -1.646377E-02  2.034467E-08  2.045299E-08
  5.811000E+03  1.007806E-05  1.062195E-04  1.220860E-07  1.915452E-04 -1.346896E-02  2.034400E-08  2.043887E-08
  5.812000E+03  1.059112E-05  1.062435E-04  1.056401E-06  1.915177E-04 -1.766857E-02  2.034433E-08  2.045054E-08
  5.813000E+03  1.081835E-05  1.060614E-04 -1.689762E-07  1.918616E-04 -1.528180E-02  2.034674E-08  2.045578E-08
  5.814000E+03  1.011603E-05  1.062745E-04 -2.468914E-08  1.914667E-04 -1.419543E-02  2.034598E-08  2.044192E-08
  5.815000E+03  1.050320E-05  1.061885E-04  1.055322E-06  1.916401E-04 -1.791974E-02  2.034671E-08  2.045114E-08
  5.816000E+03  1.085420E-05  1.060920E-04 -2.298033E-08  1.918168E-04 -1.428426E-02  2.034816E-08  2.045765E-08
  5.817000E+03  1.017197E-05  1.063037E-04 -1.445791E-07  1.914311E-04 -1.520895E-02  2.034748E-08  2.044484E-08
  5.818000E+03  1.042082E-05  1.061354E-04  1.013400E-06  1.917534E-04 -1.762777E-02  2.034866E-08  2.045124E-08
  5.819000E+03  1.086935E-05  1.061401E-04  1.296022E-07  1.917337E-04 -1.367714E-02  2.034873E-08  2.045847E-08
  5.820000E+03  1.024212E-05  1.063021E-04 -2.350407E-07  1.914423E-04 -1.627577E-02  2.034802E-08  2.044701E-08
  5.821000E+03  1.034466E-05  1.060935E-04  9.375911E-07  1.918331E-04 -1.689467E-02  2.034933E-08  2.045007E-08
  5.822000E+03  1.086689E-05  1.061962E-04  2.847396E-07  1.916292E-04 -1.354546E-02  2.034841E-08  2.045824E-08
  5.823000E+03  1.032037E-05  1.062718E-04 -2.970649E-07  1.914975E-04 -1.718531E-02  2.034777E-08  2.044845E-08
  5.824000E+03  1.028072E-05  1.060730E-04  8.350511E-07  1.918656E-04 -1.588250E-02  2.034918E-08  2.044830E-08
  5.825000E+03  1.084502E-05  1.062504E-04  4.319341E-07  1.915270E-04 -1.392285E-02  2.034786E-08  2.045756E-08
  5.826000E+03  1.040147E-05  1.062191E-04 -3.224879E-07  1.915906E-04 -1.773275E-02  2.034739E-08  2.044962E-08
  5.827000E+03  1.023477E-05  1.060809E-04  7.114188E-07  1.918440E-04 -1.478616E-02  2.034876E-08  2.044665E-08
  5.828000E+03  1.080334E-05  1.062886E-04  5.599443E-07  1.914528E-04 -1.476429E-02  2.034704E-08  2.045633E-08
  5.829000E+03  1.048232E-05  1.061559E-04 -3.079077E-07  1.916984E-04 -1.777117E-02  2.034670E-08  2.045030E-08
  5.830000E+03  1.020822E-05  1.061139E-04  5.716528E-07  1.917698E-04 -1.390198E-02  2.034746E-08  2.044463E-08
  5.831000E+03  1.074560E-05  1.062991E-04  6.626776E-07  1.914235E-04 -1.585219E-02  2.034558E-08  2.045417E-08
  5.832000E+03  1.055822E-05  1.060975E-04 -2.568230E-07  1.917900E-04 -1.728142E-02  2.034540E-08  2.045014E-08
  5.833000E+03  1.020136E-05  1.061631E-04  4.250200E-07  1.916594E-04 -1.346148E-02  2.034532E-08  2.044233E-08
  5.834000E+03  1.067757E-05  1.062790E-04  7.346668E-07  1.914463E-04 -1.690579E-02  2.034382E-08  2.045140E-08
  5.835000E+03  1.062349E-05  1.060595E-04 -1.759806E-07  1.918441E-04 -1.636156E-02  2.034416E-08  2.044976E-08
  5.836000E+03  1.021328E-05  1.062190E-04  2.836570E-07  1.915405E-04 -1.358600E-02  2.034336E-08  2.044078E-08
  5.837000E+03  1.060435E-05  1.062340E-04  7.733642E-07  1.915192E-04 -1.768261E-02  2.034267E-08  2.044898E-08
  5.838000E+03  1.067430E-05  1.060531E-04 -7.231614E-08  1.918494E-04 -1.522196E-02  2.034387E-08  2.045007E-08
  5.839000E+03  1.024164E-05  1.062682E-04  1.572972E-07  1.914453E-04 -1.425835E-02  2.034247E-08  2.044076E-08
  5.840000E+03  1.053159E-05  1.061742E-04  7.786180E-07  1.916267E-04 -1.797817E-02  2.034253E-08  2.044736E-08
  5.841000E+03  1.070704E-05  1.060803E-04  4.588185E-08  1.918004E-04 -1.416783E-02  2.034419E-08  2.045077E-08
  5.842000E+03  1.028302E-05  1.062971E-04  5.610617E-08  1.913986E-04 -1.530990E-02  2.034274E-08  2.044221E-08
  5.843000E+03  1.046563E-05  1.061132E-04  7.518997E-07  1.917409E-04 -1.770623E-02  2.034304E-08  2.044635E-08
  5.844000E+03  1.071972E-05  1.061320E-04  1.675669E-07  1.917069E-04 -1.346279E-02  2.034440E-08  2.045116E-08
  5.845000E+03  1.033437E-05  1.062961E-04 -1.330089E-08  1.914058E-04 -1.650955E-02  2.034292E-08  2.044373E-08
  5.846000E+03  1.041005E-05  1.060634E-04  6.962905E-07  1.918313E-04 -1.690595E-02  2.034338E-08  2.044522E-08
  5.847000E+03  1.071448E-05  1.061931E-04  2.837489E-07  1.915879E-04 -1.327669E-02  2.034352E-08  2.045031E-08
  5.848000E+03  1.039110E-05  1.062644E-04 -5.130692E-08  1.914619E-04 -1.753894E-02  2.034245E-08  2.044458E-08
  5.849000E+03  1.036772E-05  1.060390E-04  6.185079E-07  1.918717E-04 -1.578844E-02  2.034334E-08  2.044394E-08
  5.850000E+03  1.069489E-05  1.062510E-04  3.855613E-07  1.914755E-04 -1.365584E-02  2.034257E-08  2.044929E-08
  5.851000E+03  1.044755E-05  1.062112E-04 -6.025047E-08  1.915571E-04 -1.815726E-02  2.034215E-08  2.044539E-08
  5.852000E+03  1.034055E-05  1.060489E-04  5.283111E-07  1.918552E-04 -1.461407E-02  2.034385E-08  2.044356E-08
  5.853000E+03  1.066335E-05  1.062957E-04  4.671424E-07  1.913993E-04 -1.453591E-02  2.034278E-08  2.044931E-08
  5.854000E+03  1.050108E-05  1.061481E-04 -4.267335E-08  1.916768E-04 -1.822153E-02  2.034275E-08  2.044686E-08
  5.855000E+03  1.032874E-05  1.060893E-04  4.308562E-07  1.917876E-04 -1.362482E-02  2.034472E-08  2.044397E-08
  5.856000E+03  1.062209E-05  1.063157E-04  5.261870E-07  1.913730E-04 -1.572972E-02  2.034344E-08  2.044963E-08
  5.857000E+03  1.054840E-05  1.060887E-04 -2.315071E-10  1.917915E-04 -1.771599E-02  2.034372E-08  2.044839E-08
  5.858000E+03  1.033107E-05  1.061492E-04  3.337831E-07  1.916830E-04 -1.304604E-02  2.034527E-08  2.044453E-08
  5.859000E+03  1.057526E-05  1.063066E-04  5.615659E-07  1.913998E-04 -1.695041E-02  2.034413E-08  2.044979E-08
  5.860000E+03  1.058431E-05  1.060478E-04  6.313588E-08  1.918739E-04 -1.676341E-02  2.034494E-08  2.044989E-08
  5.861000E+03  1.034798E-05  1.062171E-04  2.471506E-07  1.915655E-04 -1.302953E-02  2.034581E-08  2.044556E-08
  5.862000E+03  1.052557E-05  1.062694E-04  5.700889E-07  1.914781E-04 -1.792682E-02  2.034499E-08  2.044989E-08
  5.863000E+03  1.060841E-05  1.060350E-04  1.423628E-07  1.919076E-04 -1.553073E-02  2.034647E-08  2.045145E-08
  5.864000E+03  1.037642E-05  1.062804E-04  1.743834E-07  1.914593E-04 -1.360116E-02  2.034649E-08  2.044714E-08
  5.865000E+03  1.047669E-05  1.062095E-04  5.547570E-07  1.915962E-04 -1.845489E-02  2.034589E-08  2.044985E-08
  5.866000E+03  1.062375E-05  1.060531E-04  2.274562E-07  1.918829E-04 -1.424760E-02  2.034771E-08  2.045264E-08
  5.867000E+03  1.040962E-05  1.063258E-04  1.151615E-07  1.913854E-04 -1.465588E-02  2.034702E-08  2.044875E-08
  5.868000E+03  1.043356E-05  1.061405E-04  5.249586E-07  1.917301E-04 -1.840724E-02  2.034689E-08  2.044980E-08
  5.869000E+03  1.062780E-05  1.061012E-04  3.106561E-07  1.918038E-04 -1.320358E-02  2.034883E-08  2.045365E-08
  5.870000E+03  1.044680E-05  1.063445E-04  7.520945E-08  1.913630E-04 -1.600059E-02  2.034780E-08  2.045071E-08
  5.871000E+03  1.040107E-05  1.060779E-04  4.780373E-07  1.918534E-04 -1.778846E-02  2.034818E-08  2.045010E-08
  5.872000E+03  1.061582E-05  1.061688E-04  3.861937E-07  1.916876E-04 -1.263888E-02  2.034963E-08  2.045424E-08
  5.873000E+03  1.048977E-05  1.063304E-04  6.252283E-08  1.913977E-04 -1.734698E-02  2.034833E-08  2.045245E-08
  5.874000E+03  1.037730E-05  1.060322E-04  4.120416E-07  1.919382E-04 -1.670806E-02  2.034879E-08  2.044977E-08
  5.875000E+03  1.059123E-05  1.062403E-04  4.550031E-07  1.915537E-04 -1.267172E-02  2.034909E-08  2.045347E-08
  5.876000E+03  1.053517E-05  1.062831E-04  7.309691E-08  1.914804E-04 -1.841039E-02  2.034768E-08  2.045288E-08
  5.877000E+03  1.036090E-05  1.060126E-04  3.348379E-07  1.919636E-04 -1.535007E-02  2.034816E-08  2.044835E-08
  5.878000E+03  1.055892E-05  1.063028E-04  5.155966E-07  1.914263E-04 -1.331249E-02  2.034734E-08  2.045152E-08
  5.879000E+03  1.057764E-05  1.062108E-04  1.016849E-07  1.915983E-04 -1.897732E-02  2.034615E-08  2.045216E-08
  5.880000E+03  1.035684E-05  1.060261E-04  2.529760E-07  1.919232E-04 -1.395494E-02  2.034689E-08  2.044660E-08
  5.881000E+03  1.051925E-05  1.063455E-04  5.577003E-07  1.913334E-04 -1.447657E-02  2.034532E-08  2.044925E-08
  5.882000E+03  1.061313E-05  1.061283E-04  1.510253E-07  1.917319E-04 -1.893076E-02  2.034454E-08  2.045101E-08
  5.883000E+03  1.036882E-05  1.060726E-04  1.713987E-07  1.918240E-04 -1.281105E-02  2.034560E-08  2.044531E-08
  5.884000E+03  1.047262E-05  1.063600E-04  5.735139E-07  1.912972E-04 -1.595418E-02  2.034378E-08  2.044736E-08
  5.885000E+03  1.064046E-05  1.060528E-04  2.213383E-07  1.918554E-04 -1.826374E-02  2.034342E-08  2.045001E-08
  5.886000E+03  1.039601E-05  1.061434E-04  9.323253E-08  1.916848E-04 -1.217173E-02  2.034456E-08  2.044479E-08
  5.887000E+03  1.042350E-05  1.063420E-04  5.609048E-07  1.913286E-04 -1.743239E-02  2.034318E-08  2.044626E-08
  5.888000E+03  1.065593E-05  1.060002E-04  3.068016E-07  1.919437E-04 -1.708249E-02  2.034310E-08  2.044949E-08
  5.889000E+03  1.043504E-05  1.062237E-04  2.874522E-08  1.915316E-04 -1.220518E-02  2.034367E-08  2.044489E-08
  5.890000E+03  1.037804E-05  1.062904E-04  5.213858E-07  1.914213E-04 -1.862265E-02  2.034272E-08  2.044516E-08
  5.891000E+03  1.065622E-05  1.059795E-04  3.979136E-07  1.919754E-04 -1.555265E-02  2.034299E-08  2.044887E-08
  5.892000E+03  1.048206E-05  1.062968E-04 -1.206891E-08  1.913899E-04 -1.292783E-02  2.034244E-08  2.044499E-08
  5.893000E+03  1.033908E-05  1.062119E-04  4.602170E-07  1.915571E-04 -1.928216E-02  2.034187E-08  2.044355E-08
  5.894000E+03  1.064132E-05  1.059973E-04  4.889394E-07  1.919374E-04 -1.395780E-02  2.034286E-08  2.044802E-08
  5.895000E+03  1.053287E-05  1.063506E-04 -2.559159E-08  1.912916E-04 -1.420752E-02  2.034192E-08  2.044601E-08
  5.896000E+03  1.031050E-05  1.061263E-04  3.825802E-07  1.917129E-04 -1.927597E-02  2.034200E-08  2.044288E-08
  5.897000E+03  1.061246E-05  1.060541E-04  5.710678E-07  1.918402E-04 -1.266555E-02  2.034381E-08  2.044818E-08
  5.898000E+03  1.058256E-05  1.063749E-04 -1.011978E-08  1.912623E-04 -1.581735E-02  2.034297E-08  2.044859E-08
  5.899000E+03  1.029613E-05  1.060496E-04  2.950351E-07  1.918614E-04 -1.858055E-02  2.034332E-08  2.044348E-08
  5.900000E+03  1.057168E-05  1.061354E-04  6.348371E-07  1.917007E-04 -1.195321E-02  2.034477E-08  2.044838E-08
  5.901000E+03  1.062847E-05  1.063592E-04  3.254049E-08  1.913029E-04 -1.744076E-02  2.034374E-08  2.045072E-08
  5.902000E+03  1.029798E-05  1.059936E-04  2.011931E-07  1.919662E-04 -1.728814E-02  2.034415E-08  2.044376E-08
  5.903000E+03  1.052290E-05  1.062223E-04  6.728591E-07  1.915405E-04 -1.195086E-02  2.034443E-08  2.044737E-08
  5.904000E+03  1.066653E-05  1.063046E-04  9.801001E-08  1.914017E-04 -1.874080E-02  2.034332E-08  2.045129E-08
  5.905000E+03  1.031513E-05  1.059716E-04  1.100281E-07  1.920013E-04 -1.565075E-02  2.034420E-08  2.044355E-08
  5.906000E+03  1.047199E-05  1.063009E-04  6.819434E-07  1.913957E-04 -1.265266E-02  2.034391E-08  2.044633E-08
  5.907000E+03  1.069332E-05  1.062273E-04  1.773928E-07  1.915439E-04 -1.945928E-02  2.034334E-08  2.045185E-08
  5.908000E+03  1.034550E-05  1.059903E-04  3.022914E-08  1.919684E-04 -1.402311E-02  2.034480E-08  2.044425E-08
  5.909000E+03  1.042269E-05  1.063581E-04  6.631075E-07  1.912981E-04 -1.392890E-02  2.034413E-08  2.044617E-08
  5.910000E+03  1.070566E-05  1.061426E-04  2.658967E-07  1.917040E-04 -1.948385E-02  2.034410E-08  2.045262E-08
  5.911000E+03  1.038703E-05  1.060437E-04 -3.009598E-08  1.918771E-04 -1.270623E-02  2.034572E-08  2.044568E-08
  5.912000E+03  1.037705E-05  1.063838E-04  6.186932E-07  1.912625E-04 -1.551772E-02  2.034478E-08  2.044652E-08
  5.913000E+03  1.070252E-05  1.060654E-04  3.602794E-07  1.918526E-04 -1.882435E-02  2.034531E-08  2.045336E-08
  5.914000E+03  1.043596E-05  1.061219E-04 -6.566235E-08  1.917437E-04 -1.192552E-02  2.034675E-08  2.044761E-08
  5.915000E+03  1.033780E-05  1.063749E-04  5.539569E-07  1.912947E-04 -1.712562E-02  2.034598E-08  2.044743E-08
  5.916000E+03  1.068525E-05  1.060099E-04  4.539451E-07  1.919638E-04 -1.762609E-02  2.034691E-08  2.045409E-08
  5.917000E+03  1.048968E-05  1.062105E-04 -7.690756E-08  1.915937E-04 -1.181765E-02  2.034784E-08  2.044993E-08
  5.918000E+03  1.030649E-05  1.063330E-04  4.727986E-07  1.913875E-04 -1.847401E-02  2.034735E-08  2.044849E-08
  5.919000E+03  1.065691E-05  1.059827E-04  5.410896E-07  1.920185E-04 -1.610999E-02  2.034800E-08  2.045409E-08
  5.920000E+03  1.054490E-05  1.062914E-04 -6.721870E-08  1.914508E-04 -1.235874E-02  2.034803E-08  2.045157E-08
  5.921000E+03  1.028490E-05  1.062626E-04  3.803024E-07  1.915190E-04 -1.933750E-02  2.034751E-08  2.044830E-08
  5.922000E+03  1.062097E-05  1.059880E-04  6.152206E-07  1.920054E-04 -1.449482E-02  2.034812E-08  2.045305E-08
  5.923000E+03  1.059668E-05  1.063529E-04 -3.929502E-08  1.913361E-04 -1.347365E-02  2.034731E-08  2.045238E-08
  5.924000E+03  1.027634E-05  1.061764E-04  2.835927E-07  1.916709E-04 -1.956726E-02  2.034704E-08  2.044748E-08
  5.925000E+03  1.057913E-05  1.060290E-04  6.682219E-07  1.919270E-04 -1.305256E-02  2.034810E-08  2.045190E-08
  5.926000E+03  1.064101E-05  1.063883E-04  6.848210E-09  1.912741E-04 -1.500802E-02  2.034703E-08  2.045354E-08
  5.927000E+03  1.028233E-05  1.060910E-04  1.893846E-07  1.918238E-04 -1.913689E-02  2.034705E-08  2.044721E-08
  5.928000E+03  1.053062E-05  1.060993E-04  6.976996E-07  1.917981E-04 -1.205623E-02  2.034816E-08  2.045093E-08
  5.929000E+03  1.067768E-05  1.063890E-04  7.295494E-08  1.912779E-04 -1.669046E-02  2.034703E-08  2.045479E-08
  5.930000E+03  1.030107E-05  1.060202E-04  9.965654E-08  1.919470E-04 -1.811188E-02  2.034693E-08  2.044692E-08
  5.931000E+03  1.047627E-05  1.061814E-04  7.065404E-07  1.916389E-04 -1.170374E-02  2.034710E-08  2.044895E-08
  5.932000E+03  1.070590E-05  1.063505E-04  1.580185E-07  1.913436E-04 -1.816402E-02  2.034613E-08  2.045481E-08
  5.933000E+03  1.032966E-05  1.059777E-04  1.850754E-08  1.920111E-04 -1.664622E-02  2.034606E-08  2.044601E-08
  5.934000E+03  1.042166E-05  1.062596E-04  6.958163E-07  1.914788E-04 -1.207002E-02  2.034498E-08  2.044615E-08
  5.935000E+03  1.072262E-05  1.062794E-04  2.534591E-07  1.914579E-04 -1.915278E-02  2.034430E-08  2.045344E-08
  5.936000E+03  1.036816E-05  1.059730E-04 -4.804105E-08  1.920025E-04 -1.500879E-02  2.034478E-08  2.044492E-08
  5.937000E+03  1.037052E-05  1.063232E-04  6.622058E-07  1.913487E-04 -1.310236E-02  2.034306E-08  2.044376E-08
  5.938000E+03  1.072488E-05  1.061910E-04  3.542815E-07  1.916039E-04 -1.951096E-02  2.034273E-08  2.045180E-08
  5.939000E+03  1.041867E-05  1.060064E-04 -9.579724E-08  1.919278E-04 -1.350636E-02  2.034372E-08  2.044444E-08
  5.940000E+03  1.032475E-05  1.063628E-04  5.998640E-07  1.912740E-04 -1.456918E-02  2.034228E-08  2.044267E-08
  5.941000E+03  1.071186E-05  1.061046E-04  4.573903E-07  1.917537E-04 -1.922321E-02  2.034220E-08  2.045070E-08
  5.942000E+03  1.047915E-05  1.060679E-04 -1.213865E-07  1.918077E-04 -1.242988E-02  2.034307E-08  2.044477E-08
  5.943000E+03  1.028859E-05  1.063709E-04  5.092695E-07  1.912653E-04 -1.614188E-02  2.034240E-08  2.044261E-08
  5.944000E+03  1.068366E-05  1.060363E-04  5.541841E-07  1.918763E-04 -1.837621E-02  2.034242E-08  2.044993E-08
  5.945000E+03  1.054279E-05  1.061423E-04 -1.191507E-07  1.916664E-04 -1.197355E-02  2.034245E-08  2.044543E-08
  5.946000E+03  1.026627E-05  1.063437E-04  4.004948E-07  1.913165E-04 -1.753161E-02  2.034218E-08  2.044230E-08
  5.947000E+03  1.064092E-05  1.059959E-04  6.355893E-07  1.919463E-04 -1.711414E-02  2.034253E-08  2.044872E-08
  5.948000E+03  1.060315E-05  1.062157E-04 -8.491768E-08  1.915277E-04 -1.217857E-02  2.034173E-08  2.044614E-08
  5.949000E+03  1.026002E-05  1.062888E-04  2.845471E-07  1.914146E-04 -1.850624E-02  2.034175E-08  2.044188E-08
  5.950000E+03  1.058608E-05  1.059895E-04  6.950870E-07  1.919568E-04 -1.567285E-02  2.034292E-08  2.044758E-08
  5.951000E+03  1.065446E-05  1.062806E-04 -1.861213E-08  1.914168E-04 -1.295262E-02  2.034219E-08  2.044801E-08
  5.952000E+03  1.027007E-05  1.062222E-04  1.728510E-07  1.915457E-04 -1.896210E-02  2.034275E-08  2.044300E-08
  5.953000E+03  1.052425E-05  1.060165E-04  7.277879E-07  1.919188E-04 -1.432966E-02  2.034446E-08  2.044758E-08
  5.954000E+03  1.069248E-05  1.063284E-04  7.309933E-08  1.913518E-04 -1.411399E-02  2.034411E-08  2.045115E-08
  5.955000E+03  1.029727E-05  1.061566E-04  7.317497E-08  1.916855E-04 -1.889269E-02  2.034506E-08  2.044557E-08
  5.956000E+03  1.045998E-05  1.060656E-04  7.281028E-07  1.918441E-04 -1.331719E-02  2.034626E-08  2.044795E-08
  5.957000E+03  1.071507E-05  1.063484E-04  1.829118E-07  1.913358E-04 -1.540822E-02  2.034585E-08  2.045378E-08
  5.958000E+03  1.034077E-05  1.061001E-04 -9.430707E-09  1.918033E-04 -1.833886E-02  2.034693E-08  2.044790E-08
  5.959000E+03  1.039888E-05  1.061249E-04  6.929772E-07  1.917442E-04 -1.276099E-02  2.034718E-08  2.044768E-08
  5.960000E+03  1.072147E-05  1.063390E-04  3.002080E-07  1.913641E-04 -1.659834E-02  2.034665E-08  2.045506E-08
  5.961000E+03  1.039642E-05  1.060611E-04 -6.990288E-08  1.918808E-04 -1.742486E-02  2.034800E-08  2.044960E-08
  5.962000E+03  1.034719E-05  1.061856E-04  6.253837E-07  1.916364E-04 -1.271690E-02  2.034739E-08  2.044703E-08
  5.963000E+03  1.071069E-05  1.063076E-04  4.132979E-07  1.914290E-04 -1.751860E-02  2.034724E-08  2.045565E-08
  5.964000E+03  1.046041E-05  1.060422E-04 -1.029874E-07  1.919158E-04 -1.634901E-02  2.034846E-08  2.045087E-08
  5.965000E+03  1.030733E-05  1.062407E-04  5.309020E-07  1.915379E-04 -1.309091E-02  2.034737E-08  2.044650E-08
  5.966000E+03  1.068263E-05  1.062615E-04  5.173912E-07  1.915165E-04 -1.811897E-02  2.034749E-08  2.045543E-08
  5.967000E+03  1.052792E-05  1.060429E-04 -1.043736E-07  1.919111E-04 -1.526169E-02  2.034845E-08  2.045180E-08
  5.968000E+03  1.028072E-05  1.062836E-04  4.180182E-07  1.914588E-04 -1.378654E-02  2.034700E-08  2.044594E-08
  5.969000E+03  1.063991E-05  1.062074E-04  6.074297E-07  1.916137E-04 -1.834913E-02  2.034738E-08  2.045443E-08
  5.970000E+03  1.059240E-05  1.060633E-04 -7.369100E-08  1.918686E-04 -1.430728E-02  2.034814E-08  2.045248E-08
  5.971000E+03  1.026786E-05  1.063112E-04  2.994459E-07  1.914108E-04 -1.469356E-02  2.034691E-08  2.044595E-08
  5.972000E+03  1.058692E-05  1.061532E-04  6.786038E-07  1.917103E-04 -1.820765E-02  2.034729E-08  2.045315E-08
  5.973000E+03  1.064969E-05  1.060982E-04 -1.622675E-08  1.917978E-04 -1.359706E-02  2.034753E-08  2.045285E-08
  5.974000E+03  1.027031E-05  1.063198E-04  1.822223E-07  1.913953E-04 -1.568393E-02  2.034661E-08  2.044602E-08
  5.975000E+03  1.052567E-05  1.061053E-04  7.260945E-07  1.917920E-04 -1.773460E-02  2.034696E-08  2.045137E-08
  5.976000E+03  1.069712E-05  1.061412E-04  6.627215E-08  1.917073E-04 -1.322371E-02  2.034627E-08  2.045252E-08
  5.977000E+03  1.028922E-05  1.063064E-04  7.073294E-08  1.914137E-04 -1.660177E-02  2.034569E-08  2.044570E-08
  5.978000E+03  1.046096E-05  1.060714E-04  7.434478E-07  1.918445E-04 -1.697686E-02  2.034628E-08  2.044913E-08
  5.979000E+03  1.073102E-05  1.061876E-04  1.672967E-07  1.916113E-04 -1.323948E-02  2.034496E-08  2.045202E-08
  5.980000E+03  1.032438E-05  1.062744E-04 -2.746413E-08  1.914667E-04 -1.730387E-02  2.034497E-08  2.044577E-08
  5.981000E+03  1.039678E-05  1.060597E-04  7.276993E-07  1.918603E-04 -1.606802E-02  2.034601E-08  2.044731E-08
  5.982000E+03  1.074954E-05  1.062328E-04  2.804143E-07  1.915303E-04 -1.364132E-02  2.034490E-08  2.045259E-08
  5.983000E+03  1.037492E-05  1.062330E-04 -1.079147E-07  1.915471E-04 -1.771688E-02  2.034543E-08  2.044719E-08
  5.984000E+03  1.033393E-05  1.060687E-04  6.799203E-07  1.918435E-04 -1.519193E-02  2.034623E-08  2.044607E-08
  5.985000E+03  1.075268E-05  1.062682E-04  4.040295E-07  1.914753E-04 -1.430839E-02  2.034565E-08  2.045372E-08
  5.986000E+03  1.043790E-05  1.061884E-04 -1.681078E-07  1.916354E-04 -1.781518E-02  2.034624E-08  2.044908E-08
  5.987000E+03  1.027579E-05  1.060896E-04  6.031196E-07  1.917999E-04 -1.448026E-02  2.034585E-08  2.044441E-08
  5.988000E+03  1.074009E-05  1.062841E-04  5.316312E-07  1.914460E-04 -1.507564E-02  2.034536E-08  2.045350E-08
  5.989000E+03  1.050720E-05  1.061467E-04 -2.020991E-07  1.917066E-04 -1.761040E-02  2.034588E-08  2.044986E-08
  5.990000E+03  1.022876E-05  1.061165E-04  5.040910E-07  1.917360E-04 -1.403898E-02  2.034435E-08  2.044194E-08
  5.991000E+03  1.071002E-05  1.062786E-04  6.518586E-07  1.914432E-04 -1.579342E-02  2.034379E-08  2.045160E-08
  5.992000E+03  1.057948E-05  1.061167E-04 -2.035161E-07  1.917482E-04 -1.715312E-02  2.034469E-08  2.044984E-08
  5.993000E+03  1.019739E-05  1.061460E-04  3.857002E-07  1.916685E-04 -1.391164E-02  2.034288E-08  2.043990E-08
  5.994000E+03  1.066181E-05  1.062608E-04  7.561325E-07  1.914673E-04 -1.633475E-02  2.034276E-08  2.044980E-08
  5.995000E+03  1.065360E-05  1.061032E-04 -1.700622E-07  1.917634E-04 -1.660684E-02  2.034390E-08  2.045026E-08
  5.996000E+03  1.018333E-05  1.061750E-04  2.487908E-07  1.916156E-04 -1.403246E-02  2.034277E-08  2.043963E-08
  5.997000E+03  1.059779E-05  1.062405E-04  8.391543E-07  1.915088E-04 -1.668251E-02  2.034315E-08  2.044903E-08
  5.998000E+03  1.072412E-05  1.061012E-04 -1.017520E-07  1.917653E-04 -1.609353E-02  2.034389E-08  2.045144E-08
  5.999000E+03  1.018885E-05  1.061981E-04  1.023570E-07  1.915778E-04 -1.429625E-02  2.034312E-08  2.044021E-08
  6.000000E+03  1.052232E-05  1.062212E-04  8.926334E-07  1.915503E-04 -1.688256E-02  2.034380E-08  2.044825E-08
  6.001000E+03  1.078532E-05  1.061013E-04 -2.465856E-09  1.917621E-04 -1.565311E-02  2.034372E-08  2.045232E-08
  6.002000E+03  1.021570E-05  1.062141E-04 -4.359465E-08  1.915479E-04 -1.455677E-02  2.034292E-08  2.044063E-08
  6.003000E+03  1.043779E-05  1.062061E-04  9.110026E-07  1.915820E-04 -1.699224E-02  2.034424E-08  2.044709E-08
  6.004000E+03  1.083203E-05  1.061024E-04  1.274348E-07  1.917586E-04 -1.531480E-02  2.034367E-08  2.045309E-08
  6.005000E+03  1.026425E-05  1.062278E-04 -1.789876E-07  1.915274E-04 -1.474819E-02  2.034333E-08  2.044204E-08
  6.006000E+03  1.034805E-05  1.061972E-04  8.902242E-07  1.916090E-04 -1.707402E-02  2.034538E-08  2.044651E-08
  6.007000E+03  1.085985E-05  1.061069E-04  2.839526E-07  1.917608E-04 -1.505207E-02  2.034484E-08  2.045475E-08
  6.008000E+03  1.033215E-05  1.062449E-04 -2.929837E-07  1.915156E-04 -1.491052E-02  2.034530E-08  2.044539E-08
  6.009000E+03  1.025974E-05  1.061882E-04  8.293463E-07  1.916429E-04 -1.716093E-02  2.034721E-08  2.044665E-08
  6.010000E+03  1.086596E-05  1.061157E-04  4.561873E-07  1.917622E-04 -1.477170E-02  2.034677E-08  2.045676E-08
  6.011000E+03  1.041461E-05  1.062646E-04 -3.758045E-07  1.915037E-04 -1.516895E-02  2.034772E-08  2.044950E-08
  6.012000E+03  1.018048E-05  1.061690E-04  7.314595E-07  1.916918E-04 -1.719119E-02  2.034871E-08  2.044658E-08
  6.013000E+03  1.084835E-05  1.061308E-04  6.305095E-07  1.917459E-04 -1.441120E-02  2.034803E-08  2.045765E-08
  6.014000E+03  1.050604E-05  1.062804E-04 -4.186582E-07  1.914901E-04 -1.561789E-02  2.034916E-08  2.045287E-08
  6.015000E+03  1.011807E-05  1.061392E-04  6.011297E-07  1.917497E-04 -1.707481E-02  2.034920E-08  2.044575E-08
  6.016000E+03  1.080678E-05  1.061556E-04  7.914835E-07  1.917038E-04 -1.403065E-02  2.034843E-08  2.045724E-08
  6.017000E+03  1.060165E-05  1.062844E-04 -4.169251E-07  1.914873E-04 -1.624117E-02  2.034944E-08  2.045519E-08
  6.018000E+03  1.007742E-05  1.061060E-04  4.438013E-07  1.918042E-04 -1.672319E-02  2.034873E-08  2.044429E-08
  6.019000E+03  1.074299E-05  1.061897E-04  9.277581E-07  1.916372E-04 -1.379314E-02  2.034797E-08  2.045563E-08
  6.020000E+03  1.069784E-05  1.062716E-04 -3.710326E-07  1.915074E-04 -1.691885E-02  2.034887E-08  2.045667E-08
  6.021000E+03  1.006006E-05  1.060793E-04  2.653522E-07  1.918402E-04 -1.612873E-02  2.034763E-08  2.044260E-08
  6.022000E+03  1.066164E-05  1.062280E-04  1.032233E-06  1.915596E-04 -1.382089E-02  2.034706E-08  2.045332E-08
  6.023000E+03  1.078834E-05  1.062430E-04 -2.850025E-07  1.915524E-04 -1.749378E-02  2.034799E-08  2.045765E-08
  6.024000E+03  1.006580E-05  1.060681E-04  7.859972E-08  1.918482E-04 -1.538849E-02  2.034656E-08  2.044136E-08
  6.025000E+03  1.056931E-05  1.062640E-04  1.099687E-06  1.914898E-04 -1.415339E-02  2.034643E-08  2.045117E-08
  6.026000E+03  1.086660E-05  1.062028E-04 -1.664275E-07  1.916179E-04 -1.783962E-02  2.034712E-08  2.045832E-08
  6.027000E+03  1.009353E-05  1.060756E-04 -1.023852E-07  1.918246E-04 -1.462498E-02  2.034574E-08  2.044083E-08
  6.028000E+03  1.046934E-05  1.062905E-04  1.129499E-06  1.914398E-04 -1.477037E-02  2.034602E-08  2.044914E-08
  6.029000E+03  1.092871E-05  1.061554E-04 -1.868873E-08  1.916923E-04 -1.788839E-02  2.034592E-08  2.045823E-08
  6.030000E+03  1.014268E-05  1.060994E-04 -2.692566E-07  1.917713E-04 -1.393943E-02  2.034484E-08  2.044072E-08
  6.031000E+03  1.036563E-05  1.063033E-04  1.119465E-06  1.914144E-04 -1.557723E-02  2.034552E-08  2.044697E-08
  6.032000E+03  1.097047E-05  1.061073E-04  1.539861E-07  1.917647E-04 -1.762150E-02  2.034449E-08  2.045743E-08
  6.033000E+03  1.021025E-05  1.061346E-04 -4.109759E-07  1.916958E-04 -1.343161E-02  2.034371E-08  2.044081E-08
  6.034000E+03  1.026428E-05  1.063009E-04  1.070400E-06  1.914145E-04 -1.645383E-02  2.034477E-08  2.044457E-08
  6.035000E+03  1.098919E-05  1.060675E-04  3.416159E-07  1.918249E-04 -1.707574E-02  2.034343E-08  2.045650E-08
  6.036000E+03  1.029384E-05  1.061769E-04 -5.201082E-07  1.916111E-04 -1.319533E-02  2.034290E-08  2.044164E-08
  6.037000E+03  1.016936E-05  1.062837E-04  9.836406E-07  1.914415E-04 -1.727594E-02  2.034407E-08  2.044228E-08
  6.038000E+03  1.098480E-05  1.060420E-04  5.361080E-07  1.918666E-04 -1.630670E-02  2.034321E-08  2.045593E-08
  6.039000E+03  1.039137E-05  1.062244E-04 -5.947357E-07  1.915282E-04 -1.326678E-02  2.034317E-08  2.044393E-08
  6.040000E+03  1.008499E-05  1.062523E-04  8.598546E-07  1.914983E-04 -1.796092E-02  2.034386E-08  2.044059E-08
  6.041000E+03  1.095771E-05  1.060337E-04  7.288247E-07  1.918838E-04 -1.538057E-02  2.034374E-08  2.045567E-08
  6.042000E+03  1.049797E-05  1.062727E-04 -6.314990E-07  1.914527E-04 -1.367787E-02  2.034428E-08  2.044735E-08
  6.043000E+03  1.001787E-05  1.062084E-04  7.030622E-07  1.915818E-04 -1.842933E-02  2.034414E-08  2.043960E-08
  6.044000E+03  1.090826E-05  1.060416E-04  9.059957E-07  1.918696E-04 -1.441929E-02  2.034404E-08  2.045480E-08
  6.045000E+03  1.060719E-05  1.063135E-04 -6.255802E-07  1.913893E-04 -1.438626E-02  2.034516E-08  2.045066E-08
  6.046000E+03  9.974082E-06  1.061531E-04  5.210767E-07  1.916825E-04 -1.857433E-02  2.034419E-08  2.043869E-08
  6.047000E+03  1.083641E-05  1.060663E-04  1.055469E-06  1.918190E-04 -1.350612E-02  2.034368E-08  2.045288E-08
  6.048000E+03  1.071529E-05  1.063411E-04 -5.736945E-07  1.913436E-04 -1.537247E-02  2.034529E-08  2.045326E-08
  6.049000E+03  9.954895E-06  1.060929E-04  3.202594E-07  1.917918E-04 -1.831999E-02  2.034433E-08  2.043820E-08
  6.050000E+03  1.074383E-05  1.061122E-04  1.173233E-06  1.917348E-04 -1.274628E-02  2.034374E-08  2.045110E-08
  6.051000E+03  1.081827E-05  1.063497E-04 -4.757666E-07  1.913326E-04 -1.658431E-02  2.034537E-08  2.045576E-08
  6.052000E+03  9.959979E-06  1.060376E-04  1.089773E-07  1.918962E-04 -1.762854E-02  2.034504E-08  2.043861E-08
  6.053000E+03  1.063564E-05  1.061784E-04  1.255582E-06  1.916238E-04 -1.231123E-02  2.034477E-08  2.045014E-08
  6.054000E+03  1.090917E-05  1.063313E-04 -3.361280E-07  1.913747E-04 -1.783432E-02  2.034589E-08  2.045839E-08
  6.055000E+03  9.989398E-06  1.059974E-04 -9.883343E-08  1.919718E-04 -1.651883E-02  2.034573E-08  2.043938E-08
  6.056000E+03  1.051829E-05  1.062572E-04  1.296869E-06  1.914951E-04 -1.238557E-02  2.034618E-08  2.044957E-08
  6.057000E+03  1.098218E-05  1.062804E-04 -1.627884E-07  1.914742E-04 -1.890781E-02  2.034633E-08  2.046047E-08
  6.058000E+03  1.004340E-05  1.059827E-04 -2.917526E-07  1.919954E-04 -1.506839E-02  2.034588E-08  2.044005E-08
  6.059000E+03  1.039768E-05  1.063346E-04  1.291541E-06  1.913665E-04 -1.309321E-02  2.034713E-08  2.044868E-08
  6.060000E+03  1.103251E-05  1.062016E-04  3.651468E-08  1.916215E-04 -1.954665E-02  2.034663E-08  2.046176E-08
  6.061000E+03  1.012131E-05  1.060028E-04 -4.595317E-07  1.919547E-04 -1.348552E-02  2.034589E-08  2.044109E-08
  6.062000E+03  1.028042E-05  1.063941E-04  1.235319E-06  1.912672E-04 -1.441183E-02  2.034758E-08  2.044750E-08
  6.063000E+03  1.105696E-05  1.061093E-04  2.512057E-07  1.917917E-04 -1.955164E-02  2.034701E-08  2.046241E-08
  6.064000E+03  1.021906E-05  1.060607E-04 -5.923042E-07  1.918500E-04 -1.210929E-02  2.034626E-08  2.044305E-08
  6.065000E+03  1.017236E-05  1.064182E-04  1.131340E-06  1.912305E-04 -1.613177E-02  2.034775E-08  2.044622E-08
  6.066000E+03  1.105489E-05  1.060239E-04  4.701148E-07  1.919487E-04 -1.879608E-02  2.034756E-08  2.046250E-08
  6.067000E+03  1.032894E-05  1.061499E-04 -6.821612E-07  1.916958E-04 -1.130800E-02  2.034718E-08  2.044606E-08
  6.068000E+03  1.008030E-05  1.063970E-04  9.893175E-07  1.912761E-04 -1.791878E-02  2.034793E-08  2.044514E-08
  6.069000E+03  1.102657E-05  1.059640E-04  6.793439E-07  1.920558E-04 -1.735906E-02  2.034793E-08  2.046176E-08
  6.070000E+03  1.044259E-05  1.062518E-04 -7.224744E-07  1.915207E-04 -1.130623E-02  2.034812E-08  2.044946E-08
  6.071000E+03  1.000995E-05  1.063324E-04  8.211365E-07  1.913968E-04 -1.939218E-02  2.034785E-08  2.044398E-08
  6.072000E+03  1.097180E-05  1.059418E-04  8.675601E-07  1.920871E-04 -1.551928E-02  2.034760E-08  2.045977E-08
  6.073000E+03  1.055615E-05  1.063436E-04 -7.095840E-07  1.913584E-04 -1.213479E-02  2.034825E-08  2.045228E-08
  6.074000E+03  9.964669E-06  1.062372E-04  6.316922E-07  1.915662E-04 -2.021954E-02  2.034730E-08  2.044253E-08
  6.075000E+03  1.089214E-05  1.059620E-04  1.026705E-06  1.920361E-04 -1.364635E-02  2.034664E-08  2.045678E-08
  6.076000E+03  1.066777E-05  1.064069E-04 -6.450085E-07  1.912412E-04 -1.363737E-02  2.034749E-08  2.045432E-08
  6.077000E+03  9.944055E-06  1.061325E-04  4.250368E-07  1.917494E-04 -2.023012E-02  2.034669E-08  2.044120E-08
  6.078000E+03  1.079622E-05  1.060218E-04  1.150196E-06  1.919156E-04 -1.213070E-02  2.034575E-08  2.045377E-08
  6.079000E+03  1.077197E-05  1.064291E-04 -5.414146E-07  1.911958E-04 -1.550895E-02  2.034634E-08  2.045583E-08
  6.080000E+03  9.946133E-06  1.060387E-04  2.138633E-07  1.919080E-04 -1.944960E-02  2.034583E-08  2.043984E-08
  6.081000E+03  1.069221E-05  1.061073E-04  1.235003E-06  1.917511E-04 -1.125337E-02  2.034491E-08  2.045093E-08
  6.082000E+03  1.086284E-05  1.064073E-04 -4.101771E-07  1.912256E-04 -1.738335E-02  2.034473E-08  2.045651E-08
  6.083000E+03  9.970983E-06  1.059679E-04  1.000315E-08  1.920157E-04 -1.804245E-02  2.034419E-08  2.043800E-08
  6.084000E+03  1.058523E-05  1.062037E-04  1.276597E-06  1.915671E-04 -1.110956E-02  2.034388E-08  2.044809E-08
  6.085000E+03  1.093475E-05  1.063479E-04 -2.567298E-07  1.913227E-04 -1.895786E-02  2.034311E-08  2.045663E-08
  6.086000E+03  1.001760E-05  1.059314E-04 -1.743734E-07  1.920618E-04 -1.623155E-02  2.034270E-08  2.043669E-08
  6.087000E+03  1.047987E-05  1.062979E-04  1.273071E-06  1.913919E-04 -1.171865E-02  2.034316E-08  2.044582E-08
  6.088000E+03  1.098280E-05  1.062638E-04 -8.613283E-08  1.914719E-04 -2.001514E-02  2.034245E-08  2.045701E-08
  6.089000E+03  1.008318E-05  1.059342E-04 -3.270413E-07  1.920448E-04 -1.433192E-02  2.034202E-08  2.043666E-08
  6.090000E+03  1.037917E-05  1.063759E-04  1.227438E-06  1.912544E-04 -1.295002E-02  2.034316E-08  2.044449E-08
  6.091000E+03  1.100468E-05  1.061669E-04  9.750863E-08  1.916492E-04 -2.042030E-02  2.034257E-08  2.045743E-08
  6.092000E+03  1.016501E-05  1.059749E-04 -4.410050E-07  1.919675E-04 -1.261759E-02  2.034211E-08  2.043786E-08
  6.093000E+03  1.028487E-05  1.064249E-04  1.143708E-06  1.911707E-04 -1.464978E-02  2.034315E-08  2.044335E-08
  6.094000E+03  1.100281E-05  1.060668E-04  2.886092E-07  1.918320E-04 -2.006404E-02  2.034290E-08  2.045736E-08
  6.095000E+03  1.025822E-05  1.060527E-04 -5.169870E-07  1.918303E-04 -1.131736E-02  2.034281E-08  2.044012E-08
  6.096000E+03  1.020078E-05  1.064358E-04  1.028351E-06  1.911589E-04 -1.664486E-02  2.034334E-08  2.044258E-08
  6.097000E+03  1.098102E-05  1.059785E-04  4.762194E-07  1.919954E-04 -1.892377E-02  2.034374E-08  2.045720E-08
  6.098000E+03  1.035653E-05  1.061593E-04 -5.573115E-07  1.916498E-04 -1.065744E-02  2.034425E-08  2.044352E-08
  6.099000E+03  1.013402E-05  1.064046E-04  8.879277E-07  1.912314E-04 -1.861206E-02  2.034437E-08  2.044284E-08
  6.100000E+03  1.094132E-05  1.059188E-04  6.443382E-07  1.921095E-04 -1.715777E-02  2.034500E-08  2.045700E-08
  6.101000E+03  1.045413E-05  1.062776E-04 -5.610492E-07  1.914532E-04 -1.082407E-02  2.034599E-08  2.044749E-08
  6.102000E+03  1.008999E-05  1.063297E-04  7.294744E-07  1.913824E-04 -2.020005E-02  2.034548E-08  2.044337E-08
  6.103000E+03  1.088350E-05  1.059007E-04  7.822751E-07  1.921435E-04 -1.501509E-02  2.034584E-08  2.045603E-08
  6.104000E+03  1.054884E-05  1.063851E-04 -5.259071E-07  1.912711E-04 -1.190134E-02  2.034696E-08  2.045092E-08
  6.105000E+03  1.006790E-05  1.062193E-04  5.580536E-07  1.915905E-04 -2.105648E-02  2.034610E-08  2.044349E-08
  6.106000E+03  1.081015E-05  1.059321E-04  8.894198E-07  1.920814E-04 -1.283877E-02  2.034591E-08  2.045412E-08
  6.107000E+03  1.063609E-05  1.064601E-04 -4.531640E-07  1.911408E-04 -1.376732E-02  2.034694E-08  2.045338E-08
  6.108000E+03  1.006576E-05  1.060944E-04  3.845514E-07  1.918194E-04 -2.094288E-02  2.034649E-08  2.044343E-08
  6.109000E+03  1.072728E-05  1.060147E-04  9.646243E-07  1.919298E-04 -1.106671E-02  2.034613E-08  2.045243E-08
  6.110000E+03  1.071000E-05  1.064844E-04 -3.498616E-07  1.911035E-04 -1.609821E-02  2.034691E-08  2.045558E-08
  6.111000E+03  1.008219E-05  1.059837E-04  2.219882E-07  1.920223E-04 -1.980046E-02  2.034725E-08  2.044379E-08
  6.112000E+03  1.064018E-05  1.061355E-04  1.006121E-06  1.917191E-04 -1.012767E-02  2.034716E-08  2.045183E-08
  6.113000E+03  1.076726E-05  1.064494E-04 -2.238414E-07  1.911766E-04 -1.842403E-02  2.034718E-08  2.045758E-08
  6.114000E+03  1.011601E-05  1.059091E-04  7.798330E-08  1.921544E-04 -1.780936E-02  2.034768E-08  2.044399E-08
  6.115000E+03  1.055478E-05  1.062702E-04  1.011235E-06  1.914856E-04 -1.026201E-02  2.034814E-08  2.045160E-08
  6.116000E+03  1.080543E-05  1.063593E-04 -8.489213E-08  1.913453E-04 -2.029236E-02  2.034715E-08  2.045863E-08
  6.117000E+03  1.016598E-05  1.058840E-04 -4.146285E-08  1.921861E-04 -1.534726E-02  2.034704E-08  2.044341E-08
  6.118000E+03  1.047584E-05  1.063894E-04  9.783612E-07  1.912737E-04 -1.144166E-02  2.034817E-08  2.045081E-08
  6.119000E+03  1.082303E-05  1.062338E-04  5.867765E-08  1.915721E-04 -2.129969E-02  2.034682E-08  2.045862E-08
  6.120000E+03  1.022946E-05  1.059163E-04 -1.311463E-07  1.921131E-04 -1.291854E-02  2.034620E-08  2.044309E-08
  6.121000E+03  1.040691E-05  1.064689E-04  9.097662E-07  1.911306E-04 -1.345108E-02  2.034762E-08  2.044980E-08
  6.122000E+03  1.082211E-05  1.061016E-04  1.979651E-07  1.918123E-04 -2.120603E-02  2.034703E-08  2.045842E-08
  6.123000E+03  1.029824E-05  1.060031E-04 -1.881240E-07  1.919525E-04 -1.104730E-02  2.034632E-08  2.044415E-08
  6.124000E+03  1.035212E-05  1.064903E-04  8.184482E-07  1.910924E-04 -1.590866E-02  2.034692E-08  2.044885E-08
  6.125000E+03  1.080516E-05  1.059886E-04  3.225591E-07  1.920137E-04 -2.001879E-02  2.034719E-08  2.045756E-08
  6.126000E+03  1.036540E-05  1.061236E-04 -2.115479E-07  1.917360E-04 -1.011497E-02  2.034667E-08  2.044580E-08
  6.127000E+03  1.031343E-05  1.064497E-04  7.165908E-07  1.911620E-04 -1.829099E-02  2.034574E-08  2.044754E-08
  6.128000E+03  1.077370E-05  1.059114E-04  4.272356E-07  1.921356E-04 -1.801651E-02  2.034606E-08  2.045498E-08
  6.129000E+03  1.042682E-05  1.062515E-04 -2.008754E-07  1.915015E-04 -1.022925E-02  2.034626E-08  2.044695E-08
  6.130000E+03  1.029199E-05  1.063602E-04  6.115063E-07  1.913173E-04 -2.013899E-02  2.034441E-08  2.044610E-08
  6.131000E+03  1.073107E-05  1.058827E-04  5.067733E-07  1.921634E-04 -1.562805E-02  2.034430E-08  2.045158E-08
  6.132000E+03  1.048076E-05  1.063629E-04 -1.613656E-07  1.912931E-04 -1.131754E-02  2.034520E-08  2.044757E-08
  6.133000E+03  1.028538E-05  1.062442E-04  5.087840E-07  1.915237E-04 -2.113488E-02  2.034375E-08  2.044528E-08
  6.134000E+03  1.068276E-05  1.059064E-04  5.613958E-07  1.921030E-04 -1.333075E-02  2.034313E-08  2.044883E-08
  6.135000E+03  1.052560E-05  1.064394E-04 -1.026375E-07  1.911501E-04 -1.312903E-02  2.034415E-08  2.044817E-08
  6.136000E+03  1.029175E-05  1.061233E-04  4.132287E-07  1.917408E-04 -2.117324E-02  2.034361E-08  2.044491E-08
  6.137000E+03  1.063372E-05  1.059769E-04  5.905534E-07  1.919708E-04 -1.149773E-02  2.034312E-08  2.044750E-08
  6.138000E+03  1.055961E-05  1.064697E-04 -3.320261E-08  1.910941E-04 -1.534078E-02  2.034333E-08  2.044880E-08
  6.139000E+03  1.030998E-05  1.060145E-04  3.292904E-07  1.919354E-04 -2.026065E-02  2.034376E-08  2.044478E-08
  6.140000E+03  1.058814E-05  1.060835E-04  5.929206E-07  1.917822E-04 -1.042277E-02  2.034383E-08  2.044728E-08
  6.141000E+03  1.058104E-05  1.064499E-04  4.006467E-08  1.911351E-04 -1.760243E-02  2.034317E-08  2.044970E-08
  6.142000E+03  1.033763E-05  1.059320E-04  2.625846E-07  1.920793E-04 -1.855391E-02  2.034384E-08  2.044459E-08
  6.143000E+03  1.054854E-05  1.062070E-04  5.712471E-07  1.915648E-04 -1.023720E-02  2.034447E-08  2.044743E-08
  6.144000E+03  1.058774E-05  1.063854E-04  1.139070E-07  1.912612E-04 -1.954693E-02  2.034351E-08  2.045060E-08
  6.145000E+03  1.037185E-05  1.058880E-04  2.198391E-07  1.921515E-04 -1.635762E-02  2.034383E-08  2.044440E-08
  6.146000E+03  1.051729E-05  1.063274E-04  5.292102E-07  1.913532E-04 -1.094651E-02  2.034487E-08  2.044779E-08
  6.147000E+03  1.057909E-05  1.062835E-04  1.840971E-07  1.914517E-04 -2.087551E-02  2.034372E-08  2.045079E-08
  6.148000E+03  1.040950E-05  1.058929E-04  2.050009E-07  1.921352E-04 -1.400270E-02  2.034377E-08  2.044432E-08
  6.149000E+03  1.049493E-05  1.064252E-04  4.726849E-07  1.911809E-04 -1.252225E-02  2.034487E-08  2.044813E-08
  6.150000E+03  1.055897E-05  1.061573E-04  2.462247E-07  1.916836E-04 -2.129924E-02  2.034400E-08  2.045047E-08
  6.151000E+03  1.044598E-05  1.059532E-04  2.142185E-07  1.920246E-04 -1.184547E-02  2.034421E-08  2.044495E-08
  6.152000E+03  1.048265E-05  1.064818E-04  4.099019E-07  1.910867E-04 -1.478566E-02  2.034503E-08  2.044894E-08
  6.153000E+03  1.053324E-05  1.060294E-04  2.929347E-07  1.919215E-04 -2.064566E-02  2.034498E-08  2.045041E-08
  6.154000E+03  1.047524E-05  1.060636E-04  2.409036E-07  1.918322E-04 -1.032648E-02  2.034532E-08  2.044645E-08
  6.155000E+03  1.048487E-05  1.064817E-04  3.492086E-07  1.911002E-04 -1.734947E-02  2.034561E-08  2.045037E-08
  6.156000E+03  1.050458E-05  1.059268E-04  3.129918E-07  1.921137E-04 -1.897896E-02  2.034633E-08  2.045040E-08
  6.157000E+03  1.049374E-05  1.062038E-04  2.826554E-07  1.915939E-04 -9.802679E-03  2.034703E-08  2.044876E-08
  6.158000E+03  1.050174E-05  1.064205E-04  2.975787E-07  1.912260E-04 -1.969441E-02  2.034643E-08  2.045207E-08
  6.159000E+03  1.047391E-05  1.058702E-04  3.053243E-07  1.922168E-04 -1.658104E-02  2.034723E-08  2.044981E-08
  6.160000E+03  1.050138E-05  1.063470E-04  3.377556E-07  1.913493E-04 -1.046134E-02  2.034832E-08  2.045082E-08
  6.161000E+03  1.052948E-05  1.063048E-04  2.585085E-07  1.914448E-04 -2.133699E-02  2.034686E-08  2.045323E-08
  6.162000E+03  1.044484E-05  1.058736E-04  2.744614E-07  1.922025E-04 -1.386939E-02  2.034721E-08  2.044839E-08
  6.163000E+03  1.049718E-05  1.064609E-04  3.997538E-07  1.911501E-04 -1.222394E-02  2.034849E-08  2.045183E-08
  6.164000E+03  1.056318E-05  1.061603E-04  2.381029E-07  1.917113E-04 -2.185930E-02  2.034727E-08  2.045406E-08
  6.165000E+03  1.042124E-05  1.059417E-04  2.269194E-07  1.920723E-04 -1.144265E-02  2.034715E-08  2.044730E-08
  6.166000E+03  1.048121E-05  1.065194E-04  4.608339E-07  1.910509E-04 -1.472501E-02  2.034842E-08  2.045244E-08
  6.167000E+03  1.059866E-05  1.060220E-04  2.398489E-07  1.919657E-04 -2.111729E-02  2.034805E-08  2.045490E-08
  6.168000E+03  1.040711E-05  1.060621E-04  1.677280E-07  1.918564E-04 -9.883747E-03  2.034771E-08  2.044744E-08
  6.169000E+03  1.045390E-05  1.065075E-04  5.125974E-07  1.910774E-04 -1.744746E-02  2.034808E-08  2.045241E-08
  6.170000E+03  1.063401E-05  1.059167E-04  2.644816E-07  1.921508E-04 -1.924912E-02  2.034822E-08  2.045486E-08
  6.171000E+03  1.040509E-05  1.062074E-04  9.842674E-08  1.915970E-04 -9.504981E-03  2.034810E-08  2.044807E-08
  6.172000E+03  1.041658E-05  1.064276E-04  5.485927E-07  1.912187E-04 -1.983094E-02  2.034694E-08  2.045110E-08
  6.173000E+03  1.066659E-05  1.058621E-04  3.116020E-07  1.922284E-04 -1.666346E-02  2.034688E-08  2.045319E-08
  6.174000E+03  1.041724E-05  1.063463E-04  2.255493E-08  1.913426E-04 -1.034069E-02  2.034749E-08  2.044834E-08
  6.175000E+03  1.037141E-05  1.062998E-04  5.628170E-07  1.914405E-04 -2.138901E-02  2.034544E-08  2.044889E-08
  6.176000E+03  1.069136E-05  1.058701E-04  3.811634E-07  1.921891E-04 -1.391145E-02  2.034510E-08  2.045105E-08
  6.177000E+03  1.044537E-05  1.064495E-04 -5.128573E-08  1.911484E-04 -1.220897E-02  2.034613E-08  2.044841E-08
  6.178000E+03  1.032305E-05  1.061543E-04  5.476735E-07  1.916954E-04 -2.178203E-02  2.034446E-08  2.044672E-08
  6.179000E+03  1.070309E-05  1.059389E-04  4.683159E-07  1.920471E-04 -1.158727E-02  2.034389E-08  2.044955E-08
  6.180000E+03  1.048921E-05  1.064962E-04 -1.123708E-07  1.910566E-04 -1.469965E-02  2.034460E-08  2.044865E-08
  6.181000E+03  1.027375E-05  1.060206E-04  5.017551E-07  1.919282E-04 -2.096844E-02  2.034388E-08  2.044457E-08
  6.182000E+03  1.070020E-05  1.060523E-04  5.698528E-07  1.918345E-04 -1.013699E-02  2.034345E-08  2.044894E-08
  6.183000E+03  1.054682E-05  1.064821E-04 -1.558339E-07  1.910799E-04 -1.729488E-02  2.034356E-08  2.044948E-08
  6.184000E+03  1.022607E-05  1.059215E-04  4.267913E-07  1.920984E-04 -1.918493E-02  2.034360E-08  2.044253E-08
  6.185000E+03  1.068075E-05  1.061868E-04  6.822867E-07  1.915928E-04 -9.760946E-03  2.034367E-08  2.044907E-08
  6.186000E+03  1.061545E-05  1.064147E-04 -1.754829E-07  1.912051E-04 -1.953451E-02  2.034315E-08  2.045091E-08
  6.187000E+03  1.018550E-05  1.058683E-04  3.235891E-07  1.921834E-04 -1.681742E-02  2.034325E-08  2.044050E-08
  6.188000E+03  1.064379E-05  1.063175E-04  7.954347E-07  1.913606E-04 -1.042490E-02  2.034387E-08  2.044918E-08
  6.189000E+03  1.068927E-05  1.063077E-04 -1.643644E-07  1.913995E-04 -2.109761E-02  2.034272E-08  2.045210E-08
  6.190000E+03  1.015885E-05  1.058655E-04  1.980587E-07  1.921761E-04 -1.427131E-02  2.034275E-08  2.043868E-08
  6.191000E+03  1.059034E-05  1.064235E-04  8.947230E-07  1.911719E-04 -1.195599E-02  2.034373E-08  2.044885E-08
  6.192000E+03  1.076217E-05  1.061792E-04 -1.193316E-07  1.916320E-04 -2.173008E-02  2.034252E-08  2.045318E-08
  6.193000E+03  1.014985E-05  1.059174E-04  5.927225E-08  1.920768E-04 -1.196864E-02  2.034283E-08  2.043801E-08
  6.194000E+03  1.052436E-05  1.064897E-04  9.692578E-07  1.910614E-04 -1.414868E-02  2.034403E-08  2.044881E-08
  6.195000E+03  1.082981E-05  1.060497E-04 -4.462593E-08  1.918719E-04 -2.129758E-02  2.034334E-08  2.045482E-08
  6.196000E+03  1.015878E-05  1.060184E-04 -8.428717E-08  1.918992E-04 -1.028839E-02  2.034378E-08  2.043888E-08
  6.197000E+03  1.044813E-05  1.065057E-04  1.016541E-06  1.910502E-04 -1.668141E-02  2.034511E-08  2.044932E-08
  6.198000E+03  1.088870E-05  1.059380E-04  5.817495E-08  1.920832E-04 -1.986050E-02  2.034489E-08  2.045677E-08
  6.199000E+03  1.018725E-05  1.061516E-04 -2.269774E-07  1.916693E-04 -9.481063E-03  2.034509E-08  2.044085E-08
  6.200000E+03  1.036116E-05  1.064623E-04  1.033732E-06  1.911404E-04 -1.916167E-02  2.034551E-08  2.044876E-08
  6.201000E+03  1.093498E-05  1.058628E-04  1.933409E-07  1.922203E-04 -1.760788E-02  2.034583E-08  2.045772E-08
  6.202000E+03  1.023635E-05  1.062968E-04 -3.619821E-07  1.914190E-04 -9.739137E-03  2.034627E-08  2.044347E-08
  6.203000E+03  1.026786E-05  1.063627E-04  1.014892E-06  1.913276E-04 -2.112955E-02  2.034557E-08  2.044741E-08
  6.204000E+03  1.096427E-05  1.058426E-04  3.557490E-07  1.922524E-04 -1.488402E-02  2.034624E-08  2.045782E-08
  6.205000E+03  1.030378E-05  1.064297E-04 -4.785365E-07  1.911932E-04 -1.113015E-02  2.034737E-08  2.044668E-08
  6.206000E+03  1.017628E-05  1.062227E-04  9.577548E-07  1.915895E-04 -2.215163E-02  2.034617E-08  2.044621E-08
  6.207000E+03  1.097309E-05  1.058888E-04  5.322271E-07  1.921664E-04 -1.217692E-02  2.034676E-08  2.045784E-08
  6.208000E+03  1.038823E-05  1.065216E-04 -5.685231E-07  1.910428E-04 -1.350240E-02  2.034833E-08  2.045028E-08
  6.209000E+03  1.009277E-05  1.060692E-04  8.594998E-07  1.918777E-04 -2.193199E-02  2.034742E-08  2.044538E-08
  6.210000E+03  1.095882E-05  1.059953E-04  7.122514E-07  1.919744E-04 -1.004162E-02  2.034735E-08  2.045785E-08
  6.211000E+03  1.048806E-05  1.065483E-04 -6.252382E-07  1.910063E-04 -1.640033E-02  2.034865E-08  2.045353E-08
  6.212000E+03  1.002148E-05  1.059344E-04  7.198985E-07  1.921258E-04 -2.045450E-02  2.034846E-08  2.044423E-08
  6.213000E+03  1.092051E-05  1.061448E-04  8.882672E-07  1.917094E-04 -8.979756E-03  2.034812E-08  2.045803E-08
  6.214000E+03  1.059973E-05  1.064993E-04 -6.437990E-07  1.911018E-04 -1.924910E-02  2.034843E-08  2.045622E-08
  6.215000E+03  9.964602E-06  1.058459E-04  5.441752E-07  1.922778E-04 -1.795948E-02  2.034853E-08  2.044217E-08
  6.216000E+03  1.085854E-05  1.063072E-04  1.055585E-06  1.914215E-04 -9.248672E-03  2.034861E-08  2.045793E-08
  6.217000E+03  1.071748E-05  1.063833E-04 -6.200291E-07  1.913122E-04 -2.145911E-02  2.034774E-08  2.045818E-08
  6.218000E+03  9.925117E-06  1.058220E-04  3.413399E-07  1.923027E-04 -1.492879E-02  2.034759E-08  2.043945E-08
  6.219000E+03  1.077536E-05  1.064469E-04  1.206092E-06  1.911688E-04 -1.081524E-02  2.034813E-08  2.045682E-08
  6.220000E+03  1.083138E-05  1.062268E-04 -5.503408E-07  1.915914E-04 -2.253710E-02  2.034696E-08  2.045953E-08
  6.221000E+03  9.908993E-06  1.058700E-04  1.262577E-07  1.921967E-04 -1.202635E-02  2.034639E-08  2.043715E-08
  6.222000E+03  1.067485E-05  1.065336E-04  1.324488E-06  1.910094E-04 -1.335357E-02  2.034712E-08  2.045499E-08
  6.223000E+03  1.093295E-05  1.060642E-04 -4.352640E-07  1.918773E-04 -2.225690E-02  2.034628E-08  2.046029E-08
  6.224000E+03  9.920538E-06  1.059795E-04 -8.770368E-08  1.919857E-04 -9.865495E-03  2.034555E-08  2.043615E-08
  6.225000E+03  1.056034E-05  1.065517E-04  1.399259E-06  1.909773E-04 -1.631681E-02  2.034624E-08  2.045295E-08
  6.226000E+03  1.101902E-05  1.059268E-04 -2.788100E-07  1.921122E-04 -2.072461E-02  2.034547E-08  2.046031E-08
  6.227000E+03  9.959128E-06  1.061275E-04 -2.936859E-07  1.917135E-04 -8.827664E-03  2.034529E-08  2.043670E-08
  6.228000E+03  1.043649E-05  1.064994E-04  1.427677E-06  1.910728E-04 -1.914513E-02  2.034541E-08  2.045052E-08
  6.229000E+03  1.108776E-05  1.058378E-04 -8.876086E-08  1.922555E-04 -1.824817E-02  2.034451E-08  2.045967E-08
  6.230000E+03  1.002277E-05  1.062832E-04 -4.862634E-07  1.914284E-04 -9.083279E-03  2.034479E-08  2.043792E-08
  6.231000E+03  1.030973E-05  1.063886E-04  1.408241E-06  1.912711E-04 -2.130017E-02  2.034445E-08  2.044753E-08
  6.232000E+03  1.113385E-05  1.058118E-04  1.265276E-07  1.922842E-04 -1.531237E-02  2.034356E-08  2.045864E-08
  6.233000E+03  1.011093E-05  1.064164E-04 -6.543047E-07  1.911829E-04 -1.054941E-02  2.034387E-08  2.043951E-08
  6.234000E+03  1.018701E-05  1.062427E-04  1.336100E-06  1.915281E-04 -2.241451E-02  2.034336E-08  2.044404E-08
  6.235000E+03  1.115172E-05  1.058521E-04  3.578484E-07  1.921973E-04 -1.249570E-02  2.034289E-08  2.045759E-08
  6.236000E+03  1.022134E-05  1.065040E-04 -7.846565E-07  1.910241E-04 -1.288907E-02  2.034314E-08  2.044186E-08
  6.237000E+03  1.007323E-05  1.060909E-04  1.211587E-06  1.917962E-04 -2.230365E-02  2.034277E-08  2.044081E-08
  6.238000E+03  1.114083E-05  1.059503E-04  5.957897E-07  1.920141E-04 -1.034067E-02  2.034287E-08  2.045700E-08
  6.239000E+03  1.034828E-05  1.065334E-04 -8.713966E-07  1.909813E-04 -1.564102E-02  2.034339E-08  2.044547E-08
  6.240000E+03  9.971720E-06  1.059591E-04  1.043351E-06  1.920309E-04 -2.102827E-02  2.034292E-08  2.043822E-08
  6.241000E+03  1.110353E-05  1.060864E-04  8.316769E-07  1.917690E-04 -9.193025E-03  2.034323E-08  2.045670E-08
  6.242000E+03  1.048430E-05  1.065025E-04 -9.128162E-07  1.910513E-04 -1.835780E-02  2.034400E-08  2.044943E-08
  6.243000E+03  9.889074E-06  1.058641E-04  8.407333E-07  1.921975E-04 -1.884837E-02  2.034320E-08  2.043593E-08
  6.244000E+03  1.103902E-05  1.062346E-04  1.052941E-06  1.915026E-04 -9.130136E-03  2.034336E-08  2.045604E-08
  6.245000E+03  1.062335E-05  1.064165E-04 -9.021463E-07  1.912126E-04 -2.062058E-02  2.034386E-08  2.045242E-08
  6.246000E+03  9.832233E-06  1.058208E-04  6.099684E-07  1.922687E-04 -1.613241E-02  2.034338E-08  2.043402E-08
  6.247000E+03  1.094852E-05  1.063736E-04  1.244586E-06  1.912561E-04 -1.015706E-02  2.034355E-08  2.045527E-08
  6.248000E+03  1.075986E-05  1.062902E-04 -8.370999E-07  1.914461E-04 -2.204577E-02  2.034390E-08  2.045518E-08
  6.249000E+03  9.803490E-06  1.058411E-04  3.602421E-07  1.922313E-04 -1.333753E-02  2.034416E-08  2.043339E-08
  6.250000E+03  1.083814E-05  1.064846E-04  1.396785E-06  1.910752E-04 -1.214474E-02  2.034506E-08  2.045565E-08
  6.251000E+03  1.088742E-05  1.061441E-04 -7.244293E-07  1.917237E-04 -2.238163E-02  2.034524E-08  2.045868E-08
  6.252000E+03  9.803281E-06  1.059223E-04  1.040928E-07  1.920907E-04 -1.092717E-02  2.034547E-08  2.043412E-08
  6.253000E+03  1.071132E-05  1.065457E-04  1.505708E-06  1.909896E-04 -1.480210E-02  2.034688E-08  2.045609E-08
  6.254000E+03  1.099939E-05  1.060009E-04 -5.653870E-07  1.919945E-04 -2.154311E-02  2.034687E-08  2.046182E-08
  6.255000E+03  9.833576E-06  1.060503E-04 -1.468149E-07  1.918679E-04 -9.290534E-03  2.034677E-08  2.043582E-08
  6.256000E+03  1.057256E-05  1.065411E-04  1.563546E-06  1.910152E-04 -1.768889E-02  2.034779E-08  2.045526E-08
  6.257000E+03  1.108943E-05  1.058852E-04 -3.636094E-07  1.922055E-04 -1.961713E-02  2.034780E-08  2.046357E-08
  6.258000E+03  9.891944E-06  1.062067E-04 -3.776838E-07  1.915946E-04 -8.758790E-03  2.034785E-08  2.043825E-08
  6.259000E+03  1.043024E-05  1.064690E-04  1.568029E-06  1.911592E-04 -2.027998E-02  2.034834E-08  2.045371E-08
  6.260000E+03  1.115310E-05  1.058231E-04 -1.320933E-07  1.923142E-04 -1.691150E-02  2.034837E-08  2.046437E-08
  6.261000E+03  9.975778E-06  1.063641E-04 -5.773441E-07  1.913222E-04 -9.526567E-03  2.034888E-08  2.044154E-08
  6.262000E+03  1.029158E-05  1.063412E-04  1.518200E-06  1.914013E-04 -2.206999E-02  2.034889E-08  2.045181E-08
  6.263000E+03  1.118777E-05  1.058270E-04  1.168642E-07  1.922980E-04 -1.391915E-02  2.034835E-08  2.046412E-08
  6.264000E+03  1.008230E-05  1.064876E-04 -7.381451E-07  1.911031E-04 -1.147665E-02  2.034878E-08  2.044441E-08
  6.265000E+03  1.016322E-05  1.061821E-04  1.413987E-06  1.916902E-04 -2.265290E-02  2.034884E-08  2.044903E-08
  6.266000E+03  1.119276E-05  1.058981E-04  3.705391E-07  1.921563E-04 -1.124570E-02  2.034771E-08  2.046296E-08
  6.267000E+03  1.020602E-05  1.065507E-04 -8.540262E-07  1.909869E-04 -1.421591E-02  2.034773E-08  2.044674E-08
  6.268000E+03  1.005166E-05  1.060255E-04  1.260818E-06  1.919629E-04 -2.190468E-02  2.034808E-08  2.044543E-08
  6.269000E+03  1.116727E-05  1.060243E-04  6.165184E-07  1.919206E-04 -9.430657E-03  2.034734E-08  2.046192E-08
  6.270000E+03  1.034174E-05  1.065448E-04 -9.189165E-07  1.909996E-04 -1.720338E-02  2.034701E-08  2.044952E-08
  6.271000E+03  9.960765E-06  1.059009E-04  1.065867E-06  1.921707E-04 -2.002481E-02  2.034696E-08  2.044159E-08
  6.272000E+03  1.111212E-05  1.061793E-04  8.463353E-07  1.916358E-04 -8.812597E-03  2.034697E-08  2.046077E-08
  6.273000E+03  1.048351E-05  1.064720E-04 -9.294103E-07  1.911355E-04 -1.985463E-02  2.034657E-08  2.045238E-08
  6.274000E+03  9.892571E-06  1.058308E-04  8.393352E-07  1.922769E-04 -1.736546E-02  2.034575E-08  2.043798E-08
  6.275000E+03  1.103188E-05  1.063290E-04  1.052019E-06  1.913550E-04 -9.512832E-03  2.034566E-08  2.045859E-08
  6.276000E+03  1.062309E-05  1.063467E-04 -8.875880E-07  1.913608E-04 -2.162766E-02  2.034584E-08  2.045450E-08
  6.277000E+03  9.850390E-06  1.058277E-04  5.949520E-07  1.922602E-04 -1.447209E-02  2.034432E-08  2.043477E-08
  6.278000E+03  1.093160E-05  1.064453E-04  1.222581E-06  1.911357E-04 -1.132744E-02  2.034419E-08  2.045613E-08
  6.279000E+03  1.075075E-05  1.061976E-04 -7.952966E-07  1.916248E-04 -2.226282E-02  2.034505E-08  2.045593E-08
  6.280000E+03  9.838503E-06  1.058906E-04  3.485858E-07  1.921348E-04 -1.190071E-02  2.034384E-08  2.043335E-08
  6.281000E+03  1.081394E-05  1.065103E-04  1.347133E-06  1.910194E-04 -1.385851E-02  2.034358E-08  2.045426E-08
  6.282000E+03  1.086315E-05  1.060510E-04 -6.550364E-07  1.918789E-04 -2.172385E-02  2.034414E-08  2.045658E-08
  6.283000E+03  9.856456E-06  1.060031E-04  1.073657E-07  1.919274E-04 -1.007812E-02  2.034387E-08  2.043341E-08
  6.284000E+03  1.068397E-05  1.065150E-04  1.422250E-06  1.910195E-04 -1.660229E-02  2.034364E-08  2.045269E-08
  6.285000E+03  1.095828E-05  1.059304E-04 -4.752742E-07  1.920819E-04 -2.013974E-02  2.034319E-08  2.045662E-08
  6.286000E+03  9.899231E-06  1.061419E-04 -1.203759E-07  1.916709E-04 -9.321256E-03  2.034343E-08  2.043387E-08
  6.287000E+03  1.055291E-05  1.064591E-04  1.448428E-06  1.911259E-04 -1.909850E-02  2.034337E-08  2.045053E-08
  6.288000E+03  1.102946E-05  1.058566E-04 -2.728162E-07  1.922006E-04 -1.777636E-02  2.034250E-08  2.045634E-08
  6.289000E+03  9.964845E-06  1.062818E-04 -3.195415E-07  1.914113E-04 -9.740625E-03  2.034257E-08  2.043475E-08
  6.290000E+03  1.042834E-05  1.063556E-04  1.423164E-06  1.913162E-04 -2.091822E-02  2.034310E-08  2.044813E-08
  6.291000E+03  1.107136E-05  1.058434E-04 -5.833866E-08  1.922162E-04 -1.510914E-02  2.034249E-08  2.045626E-08
  6.292000E+03  1.005337E-05  1.063983E-04 -4.794742E-07  1.912018E-04 -1.119747E-02  2.034227E-08  2.043688E-08
  6.293000E+03  1.031224E-05  1.062264E-04  1.344621E-06  1.915546E-04 -2.174857E-02  2.034334E-08  2.044601E-08
  6.294000E+03  1.108485E-05  1.058907E-04  1.634084E-07  1.921290E-04 -1.267398E-02  2.034305E-08  2.045644E-08
  6.295000E+03  1.015844E-05  1.064725E-04 -5.964890E-07  1.910800E-04 -1.336583E-02  2.034294E-08  2.044040E-08
  6.296000E+03  1.020791E-05  1.060935E-04  1.222739E-06  1.917986E-04 -2.148503E-02  2.034389E-08  2.044405E-08
  6.297000E+03  1.107296E-05  1.059853E-04  3.832153E-07  1.919582E-04 -1.086450E-02  2.034355E-08  2.045640E-08
  6.298000E+03  1.027281E-05  1.064924E-04 -6.704449E-07  1.910580E-04 -1.584271E-02  2.034366E-08  2.044408E-08
  6.299000E+03  1.012119E-05  1.059791E-04  1.067118E-06  1.920043E-04 -2.021837E-02  2.034428E-08  2.044201E-08
  6.300000E+03  1.103514E-05  1.061095E-04  5.898300E-07  1.917355E-04 -9.950190E-03  2.034395E-08  2.045614E-08
  6.301000E+03  1.039102E-05  1.064575E-04 -6.955866E-07  1.911351E-04 -1.820628E-02  2.034439E-08  2.044767E-08
  6.302000E+03  1.005745E-05  1.059041E-04  8.841172E-07  1.921397E-04 -1.819660E-02  2.034503E-08  2.044061E-08
  6.303000E+03  1.097476E-05  1.062448E-04  7.695887E-07  1.915035E-04 -1.005795E-02  2.034522E-08  2.045668E-08
  6.304000E+03  1.050631E-05  1.063768E-04 -6.728919E-07  1.913027E-04 -2.005728E-02  2.034607E-08  2.045185E-08
  6.305000E+03  1.001764E-05  1.058828E-04  6.865076E-07  1.921843E-04 -1.580455E-02  2.034648E-08  2.044041E-08
  6.306000E+03  1.089660E-05  1.063671E-04  9.164532E-07  1.913050E-04 -1.116952E-02  2.034729E-08  2.045794E-08
  6.307000E+03  1.061288E-05  1.062655E-04 -6.070147E-07  1.915293E-04 -2.107753E-02  2.034844E-08  2.045623E-08
  6.308000E+03  1.000227E-05  1.059147E-04  4.855176E-07  1.921325E-04 -1.349043E-02  2.034781E-08  2.044073E-08
  6.309000E+03  1.080358E-05  1.064498E-04  1.026923E-06  1.911713E-04 -1.305072E-02  2.034841E-08  2.045809E-08
  6.310000E+03  1.070745E-05  1.061421E-04 -5.010120E-07  1.917642E-04 -2.108045E-02  2.034974E-08  2.045897E-08
  6.311000E+03  1.000942E-05  1.059932E-04  2.893785E-07  1.919932E-04 -1.163706E-02  2.034860E-08  2.044123E-08
  6.312000E+03  1.070275E-05  1.064781E-04  1.098823E-06  1.911276E-04 -1.533327E-02  2.034852E-08  2.045705E-08
  6.313000E+03  1.078597E-05  1.060304E-04 -3.655850E-07  1.919641E-04 -2.007669E-02  2.034992E-08  2.046000E-08
  6.314000E+03  1.003609E-05  1.061076E-04  1.087730E-07  1.917928E-04 -1.058550E-02  2.034954E-08  2.044260E-08
  6.315000E+03  1.060227E-05  1.064520E-04  1.131194E-06  1.911849E-04 -1.763365E-02  2.034884E-08  2.045609E-08
  6.316000E+03  1.084347E-05  1.059504E-04 -2.128693E-07  1.920999E-04 -1.828988E-02  2.034964E-08  2.046003E-08
  6.317000E+03  1.008351E-05  1.062341E-04 -4.734418E-08  1.915680E-04 -1.052939E-02  2.034993E-08  2.044418E-08
  6.318000E+03  1.050571E-05  1.063769E-04  1.118514E-06  1.913298E-04 -1.949293E-02  2.034921E-08  2.045494E-08
  6.319000E+03  1.087823E-05  1.059163E-04 -4.857862E-08  1.921445E-04 -1.609702E-02  2.034859E-08  2.045886E-08
  6.320000E+03  1.014969E-05  1.063397E-04 -1.738122E-07  1.913644E-04 -1.146010E-02  2.034829E-08  2.044436E-08
  6.321000E+03  1.041621E-05  1.062691E-04  1.062114E-06  1.915207E-04 -2.047836E-02  2.034847E-08  2.045247E-08
  6.322000E+03  1.089213E-05  1.059320E-04  1.193845E-07  1.920901E-04 -1.397090E-02  2.034650E-08  2.045641E-08
  6.323000E+03  1.022725E-05  1.064053E-04 -2.680951E-07  1.912227E-04 -1.311112E-02  2.034536E-08  2.044360E-08
  6.324000E+03  1.034059E-05  1.061521E-04  9.709645E-07  1.917128E-04 -2.050807E-02  2.034643E-08  2.044864E-08
  6.325000E+03  1.088293E-05  1.059950E-04  2.792032E-07  1.919562E-04 -1.228394E-02  2.034486E-08  2.045425E-08
  6.326000E+03  1.031130E-05  1.064268E-04 -3.215292E-07  1.911700E-04 -1.514440E-02  2.034328E-08  2.044380E-08
  6.327000E+03  1.028283E-05  1.060470E-04  8.514864E-07  1.918792E-04 -1.967631E-02  2.034428E-08  2.044478E-08
  6.328000E+03  1.085081E-05  1.060903E-04  4.227504E-07  1.917716E-04 -1.130910E-02  2.034382E-08  2.045255E-08
  6.329000E+03  1.039885E-05  1.064044E-04 -3.318838E-07  1.912100E-04 -1.715202E-02  2.034259E-08  2.044531E-08
  6.330000E+03  1.024034E-05  1.059714E-04  7.119140E-07  1.919949E-04 -1.818503E-02  2.034262E-08  2.044158E-08
  6.331000E+03  1.080382E-05  1.061947E-04  5.483207E-07  1.915710E-04 -1.119427E-02  2.034255E-08  2.045065E-08
  6.332000E+03  1.048113E-05  1.063437E-04 -3.078519E-07  1.913252E-04 -1.872688E-02  2.034266E-08  2.044725E-08
  6.333000E+03  1.021413E-05  1.059403E-04  5.690077E-07  1.920380E-04 -1.635100E-02  2.034184E-08  2.043959E-08
  6.334000E+03  1.074737E-05  1.062868E-04  6.492914E-07  1.913978E-04 -1.192423E-02  2.034161E-08  2.044912E-08
  6.335000E+03  1.055074E-05  1.062589E-04 -2.539909E-07  1.914853E-04 -1.961520E-02  2.034310E-08  2.044903E-08
  6.336000E+03  1.020861E-05  1.059572E-04  4.338442E-07  1.920075E-04 -1.452093E-02  2.034242E-08  2.043947E-08
  6.337000E+03  1.068114E-05  1.063539E-04  7.170413E-07  1.912842E-04 -1.328669E-02  2.034202E-08  2.044887E-08
  6.338000E+03  1.060811E-05  1.061644E-04 -1.699839E-07  1.916607E-04 -1.975986E-02  2.034358E-08  2.045037E-08
  6.339000E+03  1.022245E-05  1.060139E-04  3.067294E-07  1.919108E-04 -1.300490E-02  2.034350E-08  2.044044E-08
  6.340000E+03  1.061061E-05  1.063849E-04  7.495876E-07  1.912424E-04 -1.500192E-02  2.034301E-08  2.044912E-08
  6.341000E+03  1.065318E-05  1.060764E-04 -6.682978E-08  1.918217E-04 -1.914442E-02  2.034403E-08  2.045124E-08
  6.342000E+03  1.024867E-05  1.060969E-04  1.937218E-07  1.917635E-04 -1.209330E-02  2.034402E-08  2.044136E-08
  6.343000E+03  1.054544E-05  1.063731E-04  7.526569E-07  1.912763E-04 -1.672272E-02  2.034382E-08  2.044916E-08
  6.344000E+03  1.068144E-05  1.060146E-04  3.995024E-08  1.919344E-04 -1.788666E-02  2.034459E-08  2.045175E-08
  6.345000E+03  1.028636E-05  1.061898E-04  1.047006E-07  1.915986E-04 -1.197202E-02  2.034435E-08  2.044260E-08
  6.346000E+03  1.048875E-05  1.063244E-04  7.254204E-07  1.913789E-04 -1.809937E-02  2.034490E-08  2.044943E-08
  6.347000E+03  1.069109E-05  1.059914E-04  1.456115E-07  1.919805E-04 -1.627712E-02  2.034560E-08  2.045236E-08
  6.348000E+03  1.033377E-05  1.062751E-04  4.474461E-08  1.914539E-04 -1.261452E-02  2.034516E-08  2.044472E-08
  6.349000E+03  1.044056E-05  1.062492E-04  6.713904E-07  1.915281E-04 -1.889547E-02  2.034608E-08  2.044968E-08
  6.350000E+03  1.068599E-05  1.060082E-04  2.468180E-07  1.919532E-04 -1.465082E-02  2.034643E-08  2.045261E-08
  6.351000E+03  1.038494E-05  1.063343E-04  1.121531E-08  1.913558E-04 -1.383944E-02  2.034574E-08  2.044681E-08
  6.352000E+03  1.040305E-05  1.061647E-04  6.006641E-07  1.916878E-04 -1.897510E-02  2.034682E-08  2.044946E-08
  6.353000E+03  1.066854E-05  1.060574E-04  3.371225E-07  1.918601E-04 -1.337712E-02  2.034636E-08  2.045194E-08
  6.354000E+03  1.043700E-05  1.063552E-04  1.723525E-09  1.913229E-04 -1.531739E-02  2.034580E-08  2.044837E-08
  6.355000E+03  1.037819E-05  1.060923E-04  5.173040E-07  1.918196E-04 -1.835975E-02  2.034715E-08  2.044889E-08
  6.356000E+03  1.064039E-05  1.061281E-04  4.111483E-07  1.917297E-04 -1.271417E-02  2.034627E-08  2.045130E-08
  6.357000E+03  1.048714E-05  1.063362E-04  1.539273E-08  1.913619E-04 -1.671462E-02  2.034585E-08  2.044975E-08
  6.358000E+03  1.036675E-05  1.060477E-04  4.263583E-07  1.918982E-04 -1.722581E-02  2.034733E-08  2.044833E-08
  6.359000E+03  1.060521E-05  1.062073E-04  4.642474E-07  1.915938E-04 -1.275869E-02  2.034701E-08  2.045160E-08
  6.360000E+03  1.052960E-05  1.062872E-04  4.975469E-08  1.914618E-04 -1.778519E-02  2.034672E-08  2.045161E-08
  6.361000E+03  1.036936E-05  1.060358E-04  3.387941E-07  1.919179E-04 -1.585260E-02  2.034761E-08  2.044816E-08
  6.362000E+03  1.056417E-05  1.062767E-04  4.941153E-07  1.914791E-04 -1.341883E-02  2.034794E-08  2.045214E-08
  6.363000E+03  1.056188E-05  1.062223E-04  1.046096E-07  1.915938E-04 -1.833178E-02  2.034811E-08  2.045359E-08
  6.364000E+03  1.038536E-05  1.060553E-04  2.602349E-07  1.918813E-04 -1.456837E-02  2.034788E-08  2.044836E-08
  6.365000E+03  1.051801E-05  1.063166E-04  5.014530E-07  1.914102E-04 -1.447863E-02  2.034794E-08  2.045170E-08
  6.366000E+03  1.058409E-05  1.061578E-04  1.783745E-07  1.917180E-04 -1.823330E-02  2.034899E-08  2.045468E-08
  6.367000E+03  1.040816E-05  1.061006E-04  1.961093E-07  1.917991E-04 -1.368542E-02  2.034809E-08  2.044883E-08
  6.368000E+03  1.047500E-05  1.063202E-04  4.924407E-07  1.914010E-04 -1.567792E-02  2.034729E-08  2.045061E-08
  6.369000E+03  1.059360E-05  1.061069E-04  2.566623E-07  1.918078E-04 -1.756024E-02  2.034900E-08  2.045452E-08
  6.370000E+03  1.043514E-05  1.061621E-04  1.539209E-07  1.916899E-04 -1.335899E-02  2.034840E-08  2.044970E-08
  6.371000E+03  1.044060E-05  1.062930E-04  4.676578E-07  1.914513E-04 -1.676165E-02  2.034707E-08  2.044998E-08
  6.372000E+03  1.058848E-05  1.060785E-04  3.301688E-07  1.918513E-04 -1.653815E-02  2.034852E-08  2.045354E-08
  6.373000E+03  1.046949E-05  1.062236E-04  1.348167E-07  1.915792E-04 -1.360486E-02  2.034836E-08  2.045056E-08
  6.374000E+03  1.041274E-05  1.062450E-04  4.224739E-07  1.915421E-04 -1.749172E-02  2.034728E-08  2.044974E-08
  6.375000E+03  1.057349E-05  1.060735E-04  3.989705E-07  1.918457E-04 -1.544085E-02  2.034733E-08  2.045171E-08
  6.376000E+03  1.050826E-05  1.062671E-04  1.317546E-07  1.914891E-04 -1.428046E-02  2.034692E-08  2.045020E-08
  6.377000E+03  1.039292E-05  1.061879E-04  3.615232E-07  1.916422E-04 -1.771664E-02  2.034690E-08  2.044888E-08
  6.378000E+03  1.055358E-05  1.060927E-04  4.558276E-07  1.917939E-04 -1.452063E-02  2.034579E-08  2.044958E-08
  6.379000E+03  1.054415E-05  1.062822E-04  1.410698E-07  1.914408E-04 -1.521766E-02  2.034439E-08  2.044872E-08
  6.380000E+03  1.038791E-05  1.061343E-04  2.936901E-07  1.917249E-04 -1.741784E-02  2.034550E-08  2.044714E-08
  6.381000E+03  1.052510E-05  1.061318E-04  4.902605E-07  1.917082E-04 -1.396986E-02  2.034436E-08  2.044755E-08
  6.382000E+03  1.057621E-05  1.062715E-04  1.708651E-07  1.914439E-04 -1.619634E-02  2.034237E-08  2.044760E-08
  6.383000E+03  1.039773E-05  1.060933E-04  2.208561E-07  1.917789E-04 -1.674508E-02  2.034361E-08  2.044510E-08
  6.384000E+03  1.048864E-05  1.061800E-04  5.017262E-07  1.916089E-04 -1.384144E-02  2.034307E-08  2.044568E-08
  6.385000E+03  1.060227E-05  1.062405E-04  2.218361E-07  1.914914E-04 -1.699852E-02  2.034120E-08  2.044712E-08
  6.386000E+03  1.041747E-05  1.060716E-04  1.516156E-07  1.917972E-04 -1.587717E-02  2.034167E-08  2.044321E-08
  6.387000E+03  1.045007E-05  1.062242E-04  4.950665E-07  1.915142E-04 -1.415244E-02  2.034140E-08  2.044351E-08
  6.388000E+03  1.061637E-05  1.061963E-04  2.872782E-07  1.915678E-04 -1.744516E-02  2.034069E-08  2.044690E-08
  6.389000E+03  1.044568E-05  1.060755E-04  9.914035E-08  1.917772E-04 -1.499031E-02  2.034058E-08  2.044239E-08
  6.390000E+03  1.041263E-05  1.062559E-04  4.704011E-07  1.914485E-04 -1.483102E-02  2.034029E-08  2.044199E-08
  6.391000E+03  1.061707E-05  1.061485E-04  3.619032E-07  1.916576E-04 -1.745021E-02  2.034107E-08  2.044717E-08
  6.392000E+03  1.048191E-05  1.061070E-04  6.672995E-08  1.917240E-04 -1.425917E-02  2.034119E-08  2.044353E-08
  6.393000E+03  1.037877E-05  1.062696E-04  4.265618E-07  1.914299E-04 -1.574886E-02  2.034066E-08  2.044203E-08
  6.394000E+03  1.060696E-05  1.061047E-04  4.385848E-07  1.917452E-04 -1.701933E-02  2.034212E-08  2.044777E-08
  6.395000E+03  1.052112E-05  1.061579E-04  5.350857E-08  1.916444E-04 -1.382922E-02  2.034261E-08  2.044571E-08
  6.396000E+03  1.035389E-05  1.062605E-04  3.690681E-07  1.914603E-04 -1.670623E-02  2.034182E-08  2.044299E-08
  6.397000E+03  1.058716E-05  1.060763E-04  5.055354E-07  1.918078E-04 -1.622974E-02  2.034357E-08  2.044853E-08
  6.398000E+03  1.055914E-05  1.062160E-04  6.076709E-08  1.915534E-04 -1.386981E-02  2.034409E-08  2.044809E-08
  6.399000E+03  1.034174E-05  1.062288E-04  3.030664E-07  1.915385E-04 -1.741998E-02  2.034381E-08  2.044486E-08
  6.400000E+03  1.055799E-05  1.060747E-04  5.548915E-07  1.918262E-04 -1.525112E-02  2.034554E-08  2.044962E-08
  6.401000E+03  1.059382E-05  1.062678E-04  8.971332E-08  1.914771E-04 -1.443756E-02  2.034574E-08  2.045072E-08
  6.402000E+03  1.034175E-05  1.061794E-04  2.333832E-07  1.916499E-04 -1.768856E-02  2.034609E-08  2.044705E-08
  6.403000E+03  1.052204E-05  1.061037E-04  5.856464E-07  1.917912E-04 -1.429028E-02  2.034767E-08  2.045084E-08
  6.404000E+03  1.062188E-05  1.063002E-04  1.379393E-07  1.914378E-04 -1.543805E-02  2.034745E-08  2.045337E-08
  6.405000E+03  1.035349E-05  1.061232E-04  1.669314E-07  1.917689E-04 -1.742384E-02  2.034805E-08  2.044898E-08
  6.406000E+03  1.048265E-05  1.061561E-04  5.957479E-07  1.917075E-04 -1.359443E-02  2.034903E-08  2.045137E-08
  6.407000E+03  1.064069E-05  1.063031E-04  2.010027E-07  1.914477E-04 -1.660496E-02  2.034867E-08  2.045534E-08
  6.408000E+03  1.037618E-05  1.060784E-04  1.097409E-07  1.918626E-04 -1.666242E-02  2.034965E-08  2.045064E-08
  6.409000E+03  1.044273E-05  1.062193E-04  5.843055E-07  1.915995E-04 -1.339747E-02  2.034973E-08  2.045143E-08
  6.410000E+03  1.065243E-05  1.062722E-04  2.711632E-07  1.915111E-04 -1.760060E-02  2.034917E-08  2.045630E-08
  6.411000E+03  1.040635E-05  1.060606E-04  6.033069E-08  1.919001E-04 -1.556693E-02  2.035058E-08  2.045173E-08
  6.412000E+03  1.040659E-05  1.062788E-04  5.545995E-07  1.914956E-04 -1.383617E-02  2.034998E-08  2.045129E-08
  6.413000E+03  1.065487E-05  1.062122E-04  3.416951E-07  1.916184E-04 -1.815525E-02  2.034887E-08  2.045608E-08
  6.414000E+03  1.044166E-05  1.060746E-04  2.520700E-08  1.918680E-04 -1.438026E-02  2.035021E-08  2.045170E-08
  6.415000E+03  1.037842E-05  1.063197E-04  5.077452E-07  1.914197E-04 -1.483237E-02  2.034945E-08  2.045066E-08
  6.416000E+03  1.064586E-05  1.061386E-04  4.060076E-07  1.917431E-04 -1.812104E-02  2.034801E-08  2.045485E-08
  6.417000E+03  1.048192E-05  1.061172E-04  8.867523E-09  1.917747E-04 -1.340676E-02  2.034876E-08  2.045085E-08
  6.418000E+03  1.035596E-05  1.063300E-04  4.460754E-07  1.913935E-04 -1.612403E-02  2.034822E-08  2.044945E-08
  6.419000E+03  1.062883E-05  1.060737E-04  4.657214E-07  1.918510E-04 -1.747555E-02  2.034724E-08  2.045339E-08
  6.420000E+03  1.052362E-05  1.061785E-04  7.414451E-09  1.916473E-04 -1.293921E-02  2.034712E-08  2.045005E-08
  6.421000E+03  1.033899E-05  1.063047E-04  3.767986E-07  1.914278E-04 -1.737176E-02  2.034660E-08  2.044783E-08
  6.422000E+03  1.060514E-05  1.060353E-04  5.200778E-07  1.919131E-04 -1.633810E-02  2.034686E-08  2.045210E-08
  6.423000E+03  1.056057E-05  1.062450E-04  2.340716E-08  1.915172E-04 -1.313078E-02  2.034599E-08  2.044989E-08
  6.424000E+03  1.033311E-05  1.062477E-04  3.075800E-07  1.915183E-04 -1.827013E-02  2.034499E-08  2.044623E-08
  6.425000E+03  1.057189E-05  1.060324E-04  5.603358E-07  1.919099E-04 -1.498356E-02  2.034639E-08  2.045057E-08
  6.426000E+03  1.059199E-05  1.063008E-04  6.332956E-08  1.914130E-04 -1.395635E-02  2.034537E-08  2.045029E-08
  6.427000E+03  1.033767E-05  1.061736E-04  2.405364E-07  1.916433E-04 -1.859984E-02  2.034394E-08  2.044517E-08
  6.428000E+03  1.053133E-05  1.060618E-04  5.858872E-07  1.918442E-04 -1.375110E-02  2.034541E-08  2.044852E-08
  6.429000E+03  1.061841E-05  1.063326E-04  1.222264E-07  1.913545E-04 -1.517931E-02  2.034488E-08  2.045080E-08
  6.430000E+03  1.035033E-05  1.060996E-04  1.766131E-07  1.917721E-04 -1.829692E-02  2.034355E-08  2.044471E-08
  6.431000E+03  1.049007E-05  1.061159E-04  5.957444E-07  1.917336E-04 -1.290837E-02  2.034429E-08  2.044652E-08
  6.432000E+03  1.063670E-05  1.063307E-04  1.894885E-07  1.913510E-04 -1.655992E-02  2.034370E-08  2.045043E-08
  6.433000E+03  1.037292E-05  1.060411E-04  1.205354E-07  1.918733E-04 -1.739683E-02  2.034338E-08  2.044452E-08
  6.434000E+03  1.045115E-05  1.061853E-04  5.836545E-07  1.915986E-04 -1.264564E-02  2.034332E-08  2.044493E-08
  6.435000E+03  1.064523E-05  1.062953E-04  2.604158E-07  1.914070E-04 -1.781208E-02  2.034244E-08  2.044966E-08
  6.436000E+03  1.040666E-05  1.060100E-04  7.453969E-08  1.919250E-04 -1.609343E-02  2.034333E-08  2.044461E-08
  6.437000E+03  1.041512E-05  1.062561E-04  5.466860E-07  1.914678E-04 -1.300316E-02  2.034291E-08  2.044414E-08
  6.438000E+03  1.064375E-05  1.062347E-04  3.340799E-07  1.915122E-04 -1.867214E-02  2.034169E-08  2.044900E-08
  6.439000E+03  1.044829E-05  1.060107E-04  4.189386E-08  1.919182E-04 -1.467102E-02  2.034319E-08  2.044481E-08
  6.440000E+03  1.038449E-05  1.063146E-04  4.892378E-07  1.913637E-04 -1.390406E-02  2.034279E-08  2.044389E-08
  6.441000E+03  1.063003E-05  1.061588E-04  4.073528E-07  1.916457E-04 -1.898443E-02  2.034121E-08  2.044816E-08
  6.442000E+03  1.049347E-05  1.060417E-04  3.080174E-08  1.918532E-04 -1.337908E-02  2.034262E-08  2.044480E-08
  6.443000E+03  1.036287E-05  1.063488E-04  4.169330E-07  1.913015E-04 -1.519820E-02  2.034234E-08  2.044353E-08
  6.444000E+03  1.060370E-05  1.060811E-04  4.733204E-07  1.917841E-04 -1.865046E-02  2.034114E-08  2.044728E-08
  6.445000E+03  1.053794E-05  1.061027E-04  4.566457E-08  1.917390E-04 -1.245385E-02  2.034245E-08  2.044536E-08
  6.446000E+03  1.035254E-05  1.063524E-04  3.364328E-07  1.912997E-04 -1.670415E-02  2.034235E-08  2.044382E-08
  6.447000E+03  1.056839E-05  1.060180E-04  5.242950E-07  1.919063E-04 -1.767305E-02  2.034235E-08  2.044734E-08
  6.448000E+03  1.057635E-05  1.061875E-04  8.375335E-08  1.915968E-04 -1.208819E-02  2.034370E-08  2.044747E-08
  6.449000E+03  1.035653E-05  1.063234E-04  2.558310E-07  1.913679E-04 -1.816998E-02  2.034353E-08  2.044546E-08
  6.450000E+03  1.052654E-05  1.059823E-04  5.520921E-07  1.919881E-04 -1.621183E-02  2.034467E-08  2.044830E-08
  6.451000E+03  1.060569E-05  1.062777E-04  1.427370E-07  1.914511E-04 -1.240836E-02  2.034541E-08  2.045011E-08
  6.452000E+03  1.037584E-05  1.062626E-04  1.803419E-07  1.914964E-04 -1.924939E-02  2.034513E-08  2.044759E-08
  6.453000E+03  1.047949E-05  1.059828E-04  5.535289E-07  1.920027E-04 -1.454794E-02  2.034682E-08  2.044903E-08
  6.454000E+03  1.062573E-05  1.063538E-04  2.201412E-07  1.913299E-04 -1.341064E-02  2.034683E-08  2.045246E-08
  6.455000E+03  1.040708E-05  1.061776E-04  1.133594E-07  1.916638E-04 -1.966243E-02  2.034646E-08  2.044939E-08
  6.456000E+03  1.043227E-05  1.060243E-04  5.311561E-07  1.919371E-04 -1.299073E-02  2.034827E-08  2.044920E-08
  6.457000E+03  1.063327E-05  1.064007E-04  3.085709E-07  1.912614E-04 -1.497372E-02  2.034806E-08  2.045448E-08
  6.458000E+03  1.044708E-05  1.060843E-04  6.398716E-08  1.918417E-04 -1.927489E-02  2.034761E-08  2.045091E-08
  6.459000E+03  1.039234E-05  1.061035E-04  4.849493E-07  1.918011E-04 -1.183971E-02  2.034934E-08  2.044935E-08
  6.460000E+03  1.062363E-05  1.064076E-04  3.970547E-07  1.912654E-04 -1.684683E-02  2.034921E-08  2.045607E-08
  6.461000E+03  1.049347E-05  1.060044E-04  4.365865E-08  1.919953E-04 -1.810847E-02  2.034901E-08  2.045260E-08
  6.462000E+03  1.036333E-05  1.062056E-04  4.165597E-07  1.916226E-04 -1.138407E-02  2.035007E-08  2.044968E-08
  6.463000E+03  1.059876E-05  1.063685E-04  4.766328E-07  1.913484E-04 -1.862343E-02  2.034991E-08  2.045678E-08
  6.464000E+03  1.054221E-05  1.059581E-04  5.193018E-08  1.920848E-04 -1.636070E-02  2.035023E-08  2.045408E-08
  6.465000E+03  1.034606E-05  1.063087E-04  3.333896E-07  1.914390E-04 -1.180632E-02  2.035020E-08  2.044990E-08
  6.466000E+03  1.056259E-05  1.062853E-04  5.422856E-07  1.914997E-04 -1.987104E-02  2.034959E-08  2.045595E-08
  6.467000E+03  1.058847E-05  1.059589E-04  8.504537E-08  1.920809E-04 -1.434832E-02  2.035059E-08  2.045470E-08
  6.468000E+03  1.034285E-05  1.063904E-04  2.431781E-07  1.912893E-04 -1.310549E-02  2.034959E-08  2.044987E-08
  6.469000E+03  1.051776E-05  1.061723E-04  5.870753E-07  1.916916E-04 -2.028091E-02  2.034816E-08  2.045351E-08
  6.470000E+03  1.062951E-05  1.060081E-04  1.400051E-07  1.919760E-04 -1.250449E-02  2.034942E-08  2.045390E-08
  6.471000E+03  1.035445E-05  1.064311E-04  1.507953E-07  1.912078E-04 -1.502921E-02  2.034817E-08  2.044940E-08
  6.472000E+03  1.046742E-05  1.060567E-04  6.068519E-07  1.918805E-04 -1.972365E-02  2.034626E-08  2.045017E-08
  6.473000E+03  1.066226E-05  1.060960E-04  2.131439E-07  1.917951E-04 -1.126200E-02  2.034740E-08  2.045239E-08
  6.474000E+03  1.037990E-05  1.064228E-04  6.321649E-08  1.912139E-04 -1.716258E-02  2.034651E-08  2.044889E-08
  6.475000E+03  1.041560E-05  1.059664E-04  6.000504E-07  1.920280E-04 -1.829386E-02  2.034511E-08  2.044735E-08
  6.476000E+03  1.068226E-05  1.062059E-04  3.001667E-07  1.915811E-04 -1.090822E-02  2.034583E-08  2.045144E-08
  6.477000E+03  1.041853E-05  1.063651E-04 -1.003706E-08  1.913106E-04 -1.906584E-02  2.034508E-08  2.044864E-08
  6.478000E+03  1.036350E-05  1.059217E-04  5.669790E-07  1.921011E-04 -1.626428E-02  2.034497E-08  2.044545E-08
  6.479000E+03  1.068855E-05  1.063137E-04  3.994560E-07  1.913781E-04 -1.155959E-02  2.034475E-08  2.045103E-08
  6.480000E+03  1.046762E-05  1.062673E-04 -6.467720E-08  1.914785E-04 -2.031423E-02  2.034370E-08  2.044834E-08
  6.481000E+03  1.031265E-05  1.059291E-04  5.118696E-07  1.920779E-04 -1.407418E-02  2.034462E-08  2.044346E-08
  6.482000E+03  1.068208E-05  1.063946E-04  5.071890E-07  1.912259E-04 -1.305409E-02  2.034366E-08  2.045055E-08
  6.483000E+03  1.052318E-05  1.061483E-04 -9.921927E-08  1.916795E-04 -2.063149E-02  2.034212E-08  2.044760E-08
  6.484000E+03  1.026809E-05  1.059849E-04  4.383283E-07  1.919598E-04 -1.219763E-02  2.034333E-08  2.044089E-08
  6.485000E+03  1.066215E-05  1.064320E-04  6.137728E-07  1.911508E-04 -1.508534E-02  2.034225E-08  2.044955E-08
  6.486000E+03  1.058369E-05  1.060335E-04 -1.109239E-07  1.918717E-04 -1.995118E-02  2.034078E-08  2.044690E-08
  6.487000E+03  1.023533E-05  1.060786E-04  3.447718E-07  1.917745E-04 -1.099889E-02  2.034194E-08  2.043877E-08
  6.488000E+03  1.062712E-05  1.064217E-04  7.095801E-07  1.911671E-04 -1.725742E-02  2.034130E-08  2.044862E-08
  6.489000E+03  1.064754E-05  1.059466E-04 -9.516284E-08  1.920213E-04 -1.843428E-02  2.034056E-08  2.044718E-08
  6.490000E+03  1.021793E-05  1.061928E-04  2.313643E-07  1.915636E-04 -1.067446E-02  2.034152E-08  2.043824E-08
  6.491000E+03  1.057644E-05  1.063672E-04  7.878938E-07  1.912710E-04 -1.917279E-02  2.034121E-08  2.044805E-08
  6.492000E+03  1.071124E-05  1.059023E-04 -4.782289E-08  1.921038E-04 -1.637462E-02  2.034150E-08  2.044858E-08
  6.493000E+03  1.021859E-05  1.063075E-04  1.027967E-07  1.913642E-04 -1.126587E-02  2.034215E-08  2.043939E-08
  6.494000E+03  1.050957E-05  1.062764E-04  8.437795E-07  1.914437E-04 -2.050612E-02  2.034166E-08  2.044742E-08
  6.495000E+03  1.077132E-05  1.059069E-04  3.514393E-08  1.921015E-04 -1.413863E-02  2.034283E-08  2.045040E-08
  6.496000E+03  1.023737E-05  1.064007E-04 -3.399764E-08  1.912074E-04 -1.268472E-02  2.034297E-08  2.044128E-08
  6.497000E+03  1.042961E-05  1.061631E-04  8.744519E-07  1.916556E-04 -2.097965E-02  2.034228E-08  2.044637E-08
  6.498000E+03  1.082313E-05  1.059620E-04  1.514772E-07  1.920072E-04 -1.214128E-02  2.034397E-08  2.045208E-08
  6.499000E+03  1.027369E-05  1.064542E-04 -1.691888E-07  1.911234E-04 -1.472134E-02  2.034369E-08  2.044348E-08
  6.500000E+03  1.034315E-05  1.060462E-04  8.754539E-07  1.918715E-04 -2.044200E-02  2.034299E-08  2.044495E-08
  6.501000E+03  1.085995E-05  1.060615E-04  2.937288E-07  1.918352E-04 -1.071635E-02  2.034515E-08  2.045384E-08
  6.502000E+03  1.032919E-05  1.064598E-04 -2.906397E-07  1.911324E-04 -1.704297E-02  2.034497E-08  2.044657E-08
  6.503000E+03  1.025708E-05  1.059485E-04  8.375770E-07  1.920581E-04 -1.895816E-02  2.034461E-08  2.044419E-08
  6.504000E+03  1.087453E-05  1.061907E-04  4.541994E-07  1.916169E-04 -1.014130E-02  2.034689E-08  2.045608E-08
  6.505000E+03  1.040402E-05  1.064159E-04 -3.839727E-07  1.912385E-04 -1.925508E-02  2.034704E-08  2.045064E-08
  6.506000E+03  1.017676E-05  1.058910E-04  7.559227E-07  1.921796E-04 -1.678583E-02  2.034723E-08  2.044444E-08
  6.507000E+03  1.086588E-05  1.063249E-04  6.229898E-07  1.913919E-04 -1.060387E-02  2.034858E-08  2.045818E-08
  6.508000E+03  1.049500E-05  1.063240E-04 -4.444241E-07  1.914274E-04 -2.089397E-02  2.034888E-08  2.045449E-08
  6.509000E+03  1.010570E-05  1.058885E-04  6.339044E-07  1.921998E-04 -1.430430E-02  2.034967E-08  2.044473E-08
  6.510000E+03  1.083414E-05  1.064349E-04  7.929371E-07  1.912064E-04 -1.208772E-02  2.034956E-08  2.045939E-08
  6.511000E+03  1.059764E-05  1.061961E-04 -4.684654E-07  1.916658E-04 -2.155685E-02  2.034943E-08  2.045687E-08
  6.512000E+03  1.004986E-05  1.059452E-04  4.754345E-07  1.921023E-04 -1.197508E-02  2.035086E-08  2.044427E-08
  6.513000E+03  1.077818E-05  1.064994E-04  9.530118E-07  1.910995E-04 -1.436444E-02  2.034989E-08  2.045962E-08
  6.514000E+03  1.070428E-05  1.060572E-04 -4.472644E-07  1.919113E-04 -2.106567E-02  2.034906E-08  2.045802E-08
  6.515000E+03  1.001605E-05  1.060529E-04  2.900773E-07  1.919040E-04 -1.026427E-02  2.035090E-08  2.044343E-08
  6.516000E+03  1.070005E-05  1.065057E-04  1.087817E-06  1.910973E-04 -1.700830E-02  2.035001E-08  2.045915E-08
  6.517000E+03  1.080632E-05  1.059388E-04 -3.775522E-07  1.921159E-04 -1.949142E-02  2.034867E-08  2.045881E-08
  6.518000E+03  1.000821E-05  1.061907E-04  9.174710E-08  1.916473E-04 -9.567826E-03  2.035022E-08  2.044277E-08
  6.519000E+03  1.060336E-05  1.064503E-04  1.186294E-06  1.912038E-04 -1.947706E-02  2.034985E-08  2.045782E-08
  6.520000E+03  1.089650E-05  1.058675E-04 -2.604223E-07  1.922371E-04 -1.710436E-02  2.034868E-08  2.045963E-08
  6.521000E+03  1.002774E-05  1.063303E-04 -1.061891E-07  1.913842E-04 -1.008618E-02  2.034890E-08  2.044239E-08
  6.522000E+03  1.049329E-05  1.063387E-04  1.241215E-06  1.913998E-04 -2.126596E-02  2.034860E-08  2.045476E-08
  6.523000E+03  1.097105E-05  1.058600E-04 -1.030318E-07  1.922401E-04 -1.434942E-02  2.034845E-08  2.045998E-08
  6.524000E+03  1.007331E-05  1.064423E-04 -2.949749E-07  1.911707E-04 -1.174842E-02  2.034725E-08  2.044245E-08
  6.525000E+03  1.037858E-05  1.061905E-04  1.247788E-06  1.916468E-04 -2.197625E-02  2.034616E-08  2.044999E-08
  6.526000E+03  1.102588E-05  1.059173E-04  8.055519E-08  1.921169E-04 -1.180402E-02  2.034708E-08  2.045908E-08
  6.527000E+03  1.014234E-05  1.065032E-04 -4.642203E-07  1.910490E-04 -1.422045E-02  2.034527E-08  2.044275E-08
  6.528000E+03  1.026526E-05  1.060380E-04  1.206026E-06  1.918948E-04 -2.143131E-02  2.034347E-08  2.044457E-08
  6.529000E+03  1.105683E-05  1.060273E-04  2.817951E-07  1.918939E-04 -1.002106E-02  2.034496E-08  2.045736E-08
  6.530000E+03  1.023264E-05  1.065024E-04 -6.036555E-07  1.910439E-04 -1.698449E-02  2.034369E-08  2.044377E-08
  6.531000E+03  1.015607E-05  1.059156E-04  1.117994E-06  1.920959E-04 -1.974028E-02  2.034199E-08  2.044013E-08
  6.532000E+03  1.106226E-05  1.061682E-04  4.965443E-07  1.916236E-04 -9.361531E-03  2.034344E-08  2.045619E-08
  6.533000E+03  1.033986E-05  1.064422E-04 -7.063216E-07  1.911552E-04 -1.950023E-02  2.034311E-08  2.044586E-08
  6.534000E+03  1.005497E-05  1.058463E-04  9.890357E-07  1.922129E-04 -1.726986E-02  2.034199E-08  2.043722E-08
  6.535000E+03  1.104237E-05  1.063097E-04  7.167193E-07  1.913619E-04 -9.905962E-03  2.034263E-08  2.045564E-08
  6.536000E+03  1.045820E-05  1.063332E-04 -7.675897E-07  1.913537E-04 -2.129529E-02  2.034264E-08  2.044792E-08
  6.537000E+03  9.967213E-06  1.058393E-04  8.263248E-07  1.922211E-04 -1.452121E-02  2.034240E-08  2.043506E-08
  6.538000E+03  1.099762E-05  1.064242E-04  9.313420E-07  1.911542E-04 -1.150459E-02  2.034208E-08  2.045513E-08
  6.539000E+03  1.058410E-05  1.061941E-04 -7.853967E-07  1.915984E-04 -2.205107E-02  2.034167E-08  2.044923E-08
  6.540000E+03  9.898064E-06  1.058930E-04  6.324973E-07  1.921174E-04 -1.199781E-02  2.034241E-08  2.043310E-08
  6.541000E+03  1.092843E-05  1.064938E-04  1.129492E-06  1.910322E-04 -1.385080E-02  2.034179E-08  2.045452E-08
  6.542000E+03  1.071375E-05  1.060521E-04 -7.572744E-07  1.918489E-04 -2.164495E-02  2.034121E-08  2.045074E-08
  6.543000E+03  9.852924E-06  1.059993E-04  4.106091E-07  1.919248E-04 -1.015201E-02  2.034285E-08  2.043237E-08
  6.544000E+03  1.083648E-05  1.065096E-04  1.298863E-06  1.910183E-04 -1.654599E-02  2.034250E-08  2.045441E-08
  6.545000E+03  1.084138E-05  1.059319E-04 -6.817170E-07  1.920682E-04 -2.015104E-02  2.034203E-08  2.045321E-08
  6.546000E+03  9.835890E-06  1.061406E-04  1.687124E-07  1.916789E-04 -9.276460E-03  2.034403E-08  2.043333E-08
  6.547000E+03  1.072303E-05  1.064682E-04  1.430159E-06  1.911153E-04 -1.914019E-02  2.034399E-08  2.045448E-08
  6.548000E+03  1.096122E-05  1.058528E-04 -5.562715E-07  1.922186E-04 -1.782005E-02  2.034365E-08  2.045620E-08
  6.549000E+03  9.850115E-06  1.062903E-04 -8.425613E-08  1.914193E-04 -9.519773E-03  2.034508E-08  2.043514E-08
  6.550000E+03  1.059088E-05  1.063741E-04  1.514642E-06  1.913040E-04 -2.117705E-02  2.034523E-08  2.045360E-08
  6.551000E+03  1.106531E-05  1.058302E-04 -3.797767E-07  1.922657E-04 -1.507484E-02  2.034521E-08  2.045888E-08
  6.552000E+03  9.895481E-06  1.064212E-04 -3.322393E-07  1.911925E-04 -1.087096E-02  2.034575E-08  2.043745E-08
  6.553000E+03  1.044741E-05  1.062426E-04  1.546228E-06  1.915535E-04 -2.225073E-02  2.034610E-08  2.045174E-08
  6.554000E+03  1.114650E-05  1.058716E-04 -1.609523E-07  1.921978E-04 -1.239602E-02  2.034674E-08  2.046128E-08
  6.555000E+03  9.971382E-06  1.065112E-04 -5.603162E-07  1.910439E-04 -1.311703E-02  2.034656E-08  2.044067E-08
  6.556000E+03  1.029963E-05  1.060970E-04  1.520150E-06  1.918245E-04 -2.213650E-02  2.034702E-08  2.044940E-08
  6.557000E+03  1.119700E-05  1.059734E-04  9.279879E-08  1.920258E-04 -1.025505E-02  2.034856E-08  2.046373E-08
  6.558000E+03  1.007628E-05  1.065450E-04 -7.515459E-07  1.910042E-04 -1.590197E-02  2.034796E-08  2.044502E-08
  6.559000E+03  1.015583E-05  1.059623E-04  1.432390E-06  1.920726E-04 -2.083604E-02  2.034804E-08  2.044688E-08
  6.560000E+03  1.121277E-05  1.061175E-04  3.682518E-07  1.917764E-04 -9.049652E-03  2.035000E-08  2.046554E-08
  6.561000E+03  1.020530E-05  1.065136E-04 -8.936146E-07  1.910833E-04 -1.871714E-02  2.034941E-08  2.044970E-08
  6.562000E+03  1.002454E-05  1.058649E-04  1.285460E-06  1.922485E-04 -1.855315E-02  2.034887E-08  2.044419E-08
  6.563000E+03  1.119449E-05  1.062741E-04  6.477097E-07  1.914954E-04 -9.050720E-03  2.035018E-08  2.046587E-08
  6.564000E+03  1.035180E-05  1.064203E-04 -9.822197E-07  1.912652E-04 -2.099396E-02  2.035001E-08  2.045354E-08
  6.565000E+03  9.913480E-06  1.058276E-04  1.086113E-06  1.923117E-04 -1.571586E-02  2.034937E-08  2.044156E-08
  6.566000E+03  1.114359E-05  1.064136E-04  9.144270E-07  1.912411E-04 -1.030710E-02  2.034957E-08  2.046515E-08
  6.567000E+03  1.050753E-05  1.062819E-04 -1.013192E-06  1.915180E-04 -2.227317E-02  2.034985E-08  2.045637E-08
  6.568000E+03  9.828791E-06  1.058605E-04  8.456404E-07  1.922477E-04 -1.286280E-02  2.034974E-08  2.043946E-08
  6.569000E+03  1.106303E-05  1.065104E-04  1.153529E-06  1.910670E-04 -1.259194E-02  2.034901E-08  2.046410E-08
  6.570000E+03  1.066227E-05  1.061237E-04 -9.837048E-07  1.917964E-04 -2.230670E-02  2.034908E-08  2.045813E-08
  6.571000E+03  9.775172E-06  1.059563E-04  5.805699E-07  1.920672E-04 -1.053109E-02  2.034961E-08  2.043779E-08
  6.572000E+03  1.095709E-05  1.065461E-04  1.351918E-06  1.910043E-04 -1.547422E-02  2.034833E-08  2.046244E-08
  6.573000E+03  1.080670E-05  1.059749E-04 -8.943834E-07  1.920467E-04 -2.109300E-02  2.034761E-08  2.045863E-08
  6.574000E+03  9.755623E-06  1.060931E-04  3.070758E-07  1.918029E-04 -9.176312E-03  2.034811E-08  2.043584E-08
  6.575000E+03  1.082886E-05  1.065130E-04  1.500902E-06  1.910608E-04 -1.836787E-02  2.034702E-08  2.045953E-08
  6.576000E+03  1.093609E-05  1.058671E-04 -7.474361E-07  1.922172E-04 -1.887447E-02  2.034587E-08  2.045839E-08
  6.577000E+03  9.770924E-06  1.062435E-04  3.397920E-08  1.915121E-04 -9.059763E-03  2.034609E-08  2.043447E-08
  6.578000E+03  1.068516E-05  1.064197E-04  1.593101E-06  1.912235E-04 -2.070495E-02  2.034559E-08  2.045586E-08
  6.579000E+03  1.104562E-05  1.058225E-04 -5.523917E-07  1.922771E-04 -1.610988E-02  2.034461E-08  2.045826E-08
  6.580000E+03  9.818995E-06  1.063784E-04 -2.272350E-07  1.912550E-04 -1.018927E-02  2.034435E-08  2.043435E-08
  6.581000E+03  1.053646E-05  1.062837E-04  1.623729E-06  1.914580E-04 -2.206407E-02  2.034391E-08  2.045139E-08
  6.582000E+03  1.112960E-05  1.058453E-04 -3.254375E-07  1.922169E-04 -1.331888E-02  2.034346E-08  2.045791E-08
  6.583000E+03  9.894689E-06  1.064723E-04 -4.607396E-07  1.910751E-04 -1.230508E-02  2.034268E-08  2.043501E-08
  6.584000E+03  1.039032E-05  1.061312E-04  1.596668E-06  1.917166E-04 -2.221892E-02  2.034209E-08  2.044638E-08
  6.585000E+03  1.118382E-05  1.059279E-04 -7.815451E-08  1.920509E-04 -1.102522E-02  2.034232E-08  2.045735E-08
  6.586000E+03  9.995257E-06  1.065107E-04 -6.557344E-07  1.910012E-04 -1.497505E-02  2.034138E-08  2.043654E-08
  6.587000E+03  1.025015E-05  1.059929E-04  1.514504E-06  1.919521E-04 -2.118857E-02  2.034099E-08  2.044186E-08
  6.588000E+03  1.120629E-05  1.060528E-04  1.842657E-07  1.918164E-04 -9.652269E-03  2.034172E-08  2.045712E-08
  6.589000E+03  1.011662E-05  1.064901E-04 -8.047274E-07  1.910436E-04 -1.767214E-02  2.034107E-08  2.043929E-08
  6.590000E+03  1.012032E-05  1.058938E-04  1.381718E-06  1.921241E-04 -1.922298E-02  2.034099E-08  2.043843E-08
  6.591000E+03  1.119867E-05  1.061937E-04  4.516789E-07  1.915613E-04 -9.397858E-03  2.034170E-08  2.045730E-08
  6.592000E+03  1.025223E-05  1.064171E-04 -9.054410E-07  1.911875E-04 -1.988754E-02  2.034159E-08  2.044285E-08
  6.593000E+03  1.000528E-05  1.058488E-04  1.207649E-06  1.922045E-04 -1.673210E-02  2.034177E-08  2.043604E-08
  6.594000E+03  1.116346E-05  1.063256E-04  7.129598E-07  1.913304E-04 -1.024304E-02  2.034226E-08  2.045785E-08
  6.595000E+03  1.039551E-05  1.063077E-04 -9.572664E-07  1.914014E-04 -2.127849E-02  2.034282E-08  2.044690E-08
  6.596000E+03  9.911864E-06  1.058626E-04  9.996600E-07  1.921846E-04 -1.418883E-02  2.034312E-08  2.043478E-08
  6.597000E+03  1.110068E-05  1.064275E-04  9.543880E-07  1.911613E-04 -1.198447E-02  2.034335E-08  2.045859E-08
  6.598000E+03  1.054014E-05  1.061806E-04 -9.548733E-07  1.916462E-04 -2.166347E-02  2.034433E-08  2.045090E-08
  6.599000E+03  9.846925E-06  1.059302E-04  7.645862E-07  1.920727E-04 -1.199065E-02  2.034484E-08  2.043468E-08
  6.600000E+03  1.101102E-05  1.064837E-04  1.161594E-06  1.910791E-04 -1.429398E-02  2.034474E-08  2.045916E-08
  6.601000E+03  1.068112E-05  1.060555E-04 -8.953106E-07  1.918814E-04 -2.101788E-02  2.034560E-08  2.045427E-08
  6.602000E+03  9.814104E-06  1.060377E-04  5.093831E-07  1.918876E-04 -1.047403E-02  2.034621E-08  2.043518E-08
  6.603000E+03  1.089760E-05  1.064869E-04  1.324582E-06  1.910922E-04 -1.677827E-02  2.034595E-08  2.045901E-08
  6.604000E+03  1.081331E-05  1.059536E-04 -7.805073E-07  1.920687E-04 -1.948449E-02  2.034650E-08  2.045692E-08
  6.605000E+03  9.814793E-06  1.061673E-04  2.431661E-07  1.916608E-04 -9.886141E-03  2.034712E-08  2.043622E-08
  6.606000E+03  1.076605E-05  1.064368E-04  1.435749E-06  1.911995E-04 -1.901270E-02  2.034698E-08  2.045808E-08
  6.607000E+03  1.092981E-05  1.058940E-04 -6.158354E-07  1.921771E-04 -1.731518E-02  2.034736E-08  2.045915E-08
  6.608000E+03  9.848359E-06  1.062967E-04 -1.963907E-08  1.914354E-04 -1.032541E-02  2.034786E-08  2.043804E-08
  6.609000E+03  1.062382E-05  1.063446E-04  1.489984E-06  1.913826E-04 -2.059939E-02  2.034819E-08  2.045679E-08
  6.610000E+03  1.102127E-05  1.058898E-04 -4.082930E-07  1.921896E-04 -1.491974E-02  2.034866E-08  2.046143E-08
  6.611000E+03  9.912808E-06  1.064036E-04 -2.585613E-07  1.912559E-04 -1.171634E-02  2.034892E-08  2.044101E-08
  6.612000E+03  1.047985E-05  1.062271E-04  1.483660E-06  1.916091E-04 -2.126959E-02  2.034948E-08  2.045518E-08
  6.613000E+03  1.108075E-05  1.059405E-04 -1.698803E-07  1.921049E-04 -1.273259E-02  2.035004E-08  2.046340E-08
  6.614000E+03  1.000425E-05  1.064673E-04 -4.563317E-07  1.911546E-04 -1.378868E-02  2.034978E-08  2.044437E-08
  6.615000E+03  1.034372E-05  1.061039E-04  1.416383E-06  1.918360E-04 -2.089147E-02  2.035010E-08  2.045268E-08
  6.616000E+03  1.110533E-05  1.060335E-04  8.262838E-08  1.919355E-04 -1.115197E-02  2.035032E-08  2.046390E-08
  6.617000E+03  1.011586E-05  1.064746E-04 -6.012180E-07  1.911453E-04 -1.614321E-02  2.034947E-08  2.044689E-08
  6.618000E+03  1.022440E-05  1.059978E-04  1.294189E-06  1.920176E-04 -1.954423E-02  2.034957E-08  2.044909E-08
  6.619000E+03  1.109598E-05  1.061489E-04  3.303973E-07  1.917141E-04 -1.046893E-02  2.034913E-08  2.046266E-08
  6.620000E+03  1.024124E-05  1.064279E-04 -6.896967E-07  1.912260E-04 -1.830798E-02  2.034837E-08  2.044868E-08
  6.621000E+03  1.012608E-05  1.059328E-04  1.126379E-06  1.921197E-04 -1.755512E-02  2.034864E-08  2.044540E-08
  6.622000E+03  1.105633E-05  1.062657E-04  5.618935E-07  1.914941E-04 -1.077021E-02  2.034807E-08  2.046128E-08
  6.623000E+03  1.037293E-05  1.063424E-04 -7.226742E-07  1.913816E-04 -1.985733E-02  2.034796E-08  2.045100E-08
  6.624000E+03  1.005125E-05  1.059228E-04  9.257839E-07  1.921290E-04 -1.538754E-02  2.034843E-08  2.044298E-08
  6.625000E+03  1.099240E-05  1.063597E-04  7.669527E-07  1.913244E-04 -1.197155E-02  2.034774E-08  2.046037E-08
  6.626000E+03  1.049974E-05  1.062330E-04 -7.027092E-07  1.915774E-04 -2.051020E-02  2.034756E-08  2.045288E-08
  6.627000E+03  1.000355E-05  1.059617E-04  7.117695E-07  1.920440E-04 -1.345637E-02  2.034748E-08  2.044053E-08
  6.628000E+03  1.090979E-05  1.064104E-04  9.334684E-07  1.912270E-04 -1.377220E-02  2.034661E-08  2.045837E-08
  6.629000E+03  1.061430E-05  1.061196E-04 -6.347319E-07  1.917656E-04 -2.019757E-02  2.034594E-08  2.045300E-08
  6.630000E+03  9.985618E-06  1.060328E-04  4.969064E-07  1.918867E-04 -1.208324E-02  2.034481E-08  2.043723E-08
  6.631000E+03  1.081178E-05  1.064120E-04  1.053359E-06  1.912051E-04 -1.575591E-02  2.034398E-08  2.045450E-08
  6.632000E+03  1.071376E-05  1.060266E-04 -5.228933E-07  1.919078E-04 -1.908595E-02  2.034363E-08  2.045197E-08
  6.633000E+03  9.996743E-06  1.061234E-04  2.875384E-07  1.916983E-04 -1.146797E-02  2.034235E-08  2.043499E-08
  6.634000E+03  1.070508E-05  1.063732E-04  1.122296E-06  1.912607E-04 -1.754847E-02  2.034189E-08  2.045081E-08
  6.635000E+03  1.079487E-05  1.059731E-04 -3.778746E-07  1.919884E-04 -1.748055E-02  2.034250E-08  2.045172E-08
  6.636000E+03  1.003148E-05  1.062174E-04  9.483926E-08  1.915228E-04 -1.166490E-02  2.034168E-08  2.043525E-08
  6.637000E+03  1.059808E-05  1.063056E-04  1.144041E-06  1.913822E-04 -1.883182E-02  2.034139E-08  2.044846E-08
  6.638000E+03  1.085543E-05  1.059652E-04 -2.146819E-07  1.919991E-04 -1.572889E-02  2.034272E-08  2.045249E-08
  6.639000E+03  1.008465E-05  1.062960E-04 -7.235122E-08  1.913890E-04 -1.259172E-02  2.034227E-08  2.043731E-08
  6.640000E+03  1.049577E-05  1.062214E-04  1.124723E-06  1.915406E-04 -1.940070E-02  2.034188E-08  2.044690E-08
  6.641000E+03  1.089246E-05  1.059965E-04 -4.077801E-08  1.919406E-04 -1.415829E-02  2.034299E-08  2.045305E-08
  6.642000E+03  1.015502E-05  1.063440E-04 -2.069617E-07  1.913102E-04 -1.401126E-02  2.034269E-08  2.043960E-08
  6.643000E+03  1.040123E-05  1.061361E-04  1.064211E-06  1.917000E-04 -1.921123E-02  2.034253E-08  2.044539E-08
  6.644000E+03  1.090435E-05  1.060546E-04  1.390263E-07  1.918298E-04 -1.302032E-02  2.034270E-08  2.045280E-08
  6.645000E+03  1.023925E-05  1.063548E-04 -3.029122E-07  1.912933E-04 -1.557845E-02  2.034248E-08  2.044148E-08
  6.646000E+03  1.031833E-05  1.060676E-04  9.658987E-07  1.918267E-04 -1.838665E-02  2.034316E-08  2.044394E-08
  6.647000E+03  1.089214E-05  1.061278E-04  3.160548E-07  1.916962E-04 -1.248029E-02  2.034272E-08  2.045262E-08
  6.648000E+03  1.033248E-05  1.063339E-04 -3.581415E-07  1.913398E-04 -1.696335E-02  2.034297E-08  2.044408E-08
  6.649000E+03  1.024953E-05  1.060299E-04  8.374178E-07  1.919029E-04 -1.719720E-02  2.034444E-08  2.044335E-08
  6.650000E+03  1.085773E-05  1.062041E-04  4.837449E-07  1.915723E-04 -1.257503E-02  2.034415E-08  2.045363E-08
  6.651000E+03  1.042871E-05  1.062901E-04 -3.713370E-07  1.914386E-04 -1.794815E-02  2.034475E-08  2.044785E-08
  6.652000E+03  1.019823E-05  1.060267E-04  6.879408E-07  1.919247E-04 -1.589020E-02  2.034657E-08  2.044402E-08
  6.653000E+03  1.080398E-05  1.062698E-04  6.328066E-07  1.914782E-04 -1.323469E-02  2.034658E-08  2.045542E-08
  6.654000E+03  1.052203E-05  1.062319E-04 -3.431628E-07  1.915678E-04 -1.840557E-02  2.034716E-08  2.045198E-08
  6.655000E+03  1.017048E-05  1.060525E-04  5.241604E-07  1.918920E-04 -1.469879E-02  2.034843E-08  2.044498E-08
  6.656000E+03  1.073297E-05  1.063118E-04  7.493213E-07  1.914239E-04 -1.427952E-02  2.034854E-08  2.045646E-08
  6.657000E+03  1.060682E-05  1.061702E-04 -2.730192E-07  1.916953E-04 -1.830968E-02  2.034891E-08  2.045512E-08
  6.658000E+03  1.016888E-05  1.060982E-04  3.551521E-07  1.918154E-04 -1.381886E-02  2.034932E-08  2.044564E-08
  6.659000E+03  1.064972E-05  1.063220E-04  8.237531E-07  1.914150E-04 -1.545486E-02  2.034920E-08  2.045592E-08
  6.660000E+03  1.067859E-05  1.061178E-04 -1.671567E-07  1.917942E-04 -1.770760E-02  2.034958E-08  2.045680E-08
  6.661000E+03  1.019127E-05  1.061550E-04  1.917800E-07  1.917127E-04 -1.340657E-02  2.034944E-08  2.044616E-08
  6.662000E+03  1.056185E-05  1.063019E-04  8.539609E-07  1.914531E-04 -1.652503E-02  2.034905E-08  2.045435E-08
  6.663000E+03  1.073139E-05  1.060867E-04 -3.575377E-08  1.918494E-04 -1.674099E-02  2.034981E-08  2.045765E-08
  6.664000E+03  1.023477E-05  1.062134E-04  4.845617E-08  1.916066E-04 -1.354808E-02  2.034933E-08  2.044705E-08
  6.665000E+03  1.047546E-05  1.062596E-04  8.404503E-07  1.915318E-04 -1.728576E-02  2.034906E-08  2.045282E-08
  6.666000E+03  1.076050E-05  1.060845E-04  1.129336E-07  1.918550E-04 -1.564707E-02  2.035035E-08  2.045839E-08
  6.667000E+03  1.029672E-05  1.062608E-04 -6.304340E-08  1.915261E-04 -1.416929E-02  2.034968E-08  2.044888E-08
  6.668000E+03  1.039635E-05  1.062075E-04  7.836501E-07  1.916314E-04 -1.759054E-02  2.034955E-08  2.045172E-08
  6.669000E+03  1.076481E-05  1.061078E-04  2.682019E-07  1.918131E-04 -1.472029E-02  2.035067E-08  2.045858E-08
  6.670000E+03  1.037121E-05  1.062831E-04 -1.354368E-07  1.914880E-04 -1.506357E-02  2.034962E-08  2.045056E-08
  6.671000E+03  1.033124E-05  1.061554E-04  6.896789E-07  1.917210E-04 -1.738480E-02  2.034915E-08  2.044985E-08
  6.672000E+03  1.074527E-05  1.061453E-04  4.157675E-07  1.917310E-04 -1.417627E-02  2.034929E-08  2.045679E-08
  6.673000E+03  1.045221E-05  1.062738E-04 -1.654665E-07  1.914919E-04 -1.598428E-02  2.034798E-08  2.045073E-08
  6.674000E+03  1.028545E-05  1.061146E-04  5.660995E-07  1.917749E-04 -1.674743E-02  2.034725E-08  2.044674E-08
  6.675000E+03  1.070235E-05  1.061857E-04  5.444971E-07  1.916319E-04 -1.408214E-02  2.034655E-08  2.045334E-08
  6.676000E+03  1.053497E-05  1.062424E-04 -1.500158E-07  1.915302E-04 -1.670091E-02  2.034578E-08  2.045026E-08
  6.677000E+03  1.026007E-05  1.060977E-04  4.215188E-07  1.917872E-04 -1.591285E-02  2.034561E-08  2.044428E-08
  6.678000E+03  1.064141E-05  1.062219E-04  6.476423E-07  1.915500E-04 -1.440989E-02  2.034468E-08  2.045054E-08
  6.679000E+03  1.061139E-05  1.062022E-04 -9.294825E-08  1.915945E-04 -1.706368E-02  2.034481E-08  2.045076E-08
  6.680000E+03  1.025432E-05  1.061097E-04  2.728771E-07  1.917626E-04 -1.514217E-02  2.034554E-08  2.044386E-08
  6.681000E+03  1.057232E-05  1.062450E-04  7.182991E-07  1.915099E-04 -1.504272E-02  2.034466E-08  2.044948E-08
  6.682000E+03  1.067231E-05  1.061618E-04 -6.252847E-09  1.916664E-04 -1.702204E-02  2.034471E-08  2.045171E-08
  6.683000E+03  1.026920E-05  1.061395E-04  1.377204E-07  1.917070E-04 -1.462606E-02  2.034552E-08  2.044402E-08
  6.684000E+03  1.049991E-05  1.062463E-04  7.503498E-07  1.915089E-04 -1.578139E-02  2.034459E-08  2.044826E-08
  6.685000E+03  1.071512E-05  1.061269E-04  1.026282E-07  1.917208E-04 -1.661368E-02  2.034393E-08  2.045154E-08
  6.686000E+03  1.030541E-05  1.061750E-04  2.071360E-08  1.916310E-04 -1.444652E-02  2.034430E-08  2.044352E-08
  6.687000E+03  1.042510E-05  1.062265E-04  7.415867E-07  1.915367E-04 -1.643767E-02  2.034354E-08  2.044594E-08
  6.688000E+03  1.073983E-05  1.061054E-04  2.318144E-07  1.917462E-04 -1.594306E-02  2.034271E-08  2.045055E-08
  6.689000E+03  1.035886E-05  1.062086E-04 -7.466357E-08  1.915537E-04 -1.461696E-02  2.034248E-08  2.044287E-08
  6.690000E+03  1.035406E-05  1.061936E-04  6.949810E-07  1.915867E-04 -1.686374E-02  2.034240E-08  2.044350E-08
  6.691000E+03  1.074601E-05  1.061071E-04  3.692771E-07  1.917403E-04 -1.518871E-02  2.034267E-08  2.045041E-08
  6.692000E+03  1.042341E-05  1.062344E-04 -1.423015E-07  1.915017E-04 -1.511788E-02  2.034174E-08  2.044359E-08
  6.693000E+03  1.029296E-05  1.061560E-04  6.175391E-07  1.916525E-04 -1.694276E-02  2.034215E-08  2.044199E-08
  6.694000E+03  1.073346E-05  1.061336E-04  5.027805E-07  1.917014E-04 -1.457227E-02  2.034380E-08  2.045121E-08
  6.695000E+03  1.049541E-05  1.062464E-04 -1.786959E-07  1.914920E-04 -1.582175E-02  2.034279E-08  2.044626E-08
  6.696000E+03  1.024543E-05  1.061221E-04  5.135194E-07  1.917194E-04 -1.665269E-02  2.034284E-08  2.044158E-08
  6.697000E+03  1.070342E-05  1.061742E-04  6.240039E-07  1.916375E-04 -1.425861E-02  2.034490E-08  2.045176E-08
  6.698000E+03  1.057054E-05  1.062402E-04 -1.826167E-07  1.915204E-04 -1.653754E-02  2.034438E-08  2.044949E-08
  6.699000E+03  1.021465E-05  1.060983E-04  3.888873E-07  1.917691E-04 -1.605804E-02  2.034376E-08  2.044163E-08
  6.700000E+03  1.065559E-05  1.062168E-04  7.267739E-07  1.915632E-04 -1.430147E-02  2.034515E-08  2.045127E-08
  6.701000E+03  1.064548E-05  1.062162E-04 -1.506232E-07  1.915744E-04 -1.709859E-02  2.034532E-08  2.045198E-08
  6.702000E+03  1.020165E-05  1.060927E-04  2.494312E-07  1.917877E-04 -1.528458E-02  2.034490E-08  2.044224E-08
  6.703000E+03  1.059136E-05  1.062543E-04  8.078515E-07  1.914997E-04 -1.469255E-02  2.034548E-08  2.045062E-08
  6.704000E+03  1.071721E-05  1.061794E-04 -8.291609E-08  1.916490E-04 -1.736468E-02  2.034611E-08  2.045414E-08
  6.705000E+03  1.020467E-05  1.061127E-04  1.027169E-07  1.917685E-04 -1.450028E-02  2.034693E-08  2.044411E-08
  6.706000E+03  1.051600E-05  1.062803E-04  8.662569E-07  1.914685E-04 -1.541082E-02  2.034692E-08  2.045093E-08
  6.707000E+03  1.077954E-05  1.061382E-04  1.517625E-08  1.917363E-04 -1.722655E-02  2.034753E-08  2.045661E-08
  6.708000E+03  1.022472E-05  1.061551E-04 -3.969656E-08  1.917113E-04 -1.392561E-02  2.034915E-08  2.044663E-08
  6.709000E+03  1.043497E-05  1.062877E-04  8.952843E-07  1.914790E-04 -1.630456E-02  2.034915E-08  2.045192E-08
  6.710000E+03  1.082608E-05  1.061014E-04  1.381872E-07  1.918153E-04 -1.670036E-02  2.034904E-08  2.045876E-08
  6.711000E+03  1.026584E-05  1.062070E-04 -1.683958E-07  1.916290E-04 -1.369297E-02  2.035043E-08  2.044875E-08
  6.712000E+03  1.035115E-05  1.062716E-04  8.843833E-07  1.915247E-04 -1.715141E-02  2.035063E-08  2.045203E-08
  6.713000E+03  1.085326E-05  1.060783E-04  2.833668E-07  1.918627E-04 -1.588396E-02  2.034990E-08  2.045985E-08
  6.714000E+03  1.032766E-05  1.062568E-04 -2.759009E-07  1.915409E-04 -1.387157E-02  2.035056E-08  2.045025E-08
  6.715000E+03  1.026989E-05  1.062323E-04  8.296778E-07  1.915966E-04 -1.776270E-02  2.035053E-08  2.045047E-08
  6.716000E+03  1.085924E-05  1.060767E-04  4.415399E-07  1.918632E-04 -1.491831E-02  2.034994E-08  2.045974E-08
  6.717000E+03  1.040422E-05  1.062955E-04 -3.534143E-07  1.914653E-04 -1.448996E-02  2.034976E-08  2.045123E-08
  6.718000E+03  1.019740E-05  1.061761E-04  7.378583E-07  1.916870E-04 -1.797299E-02  2.034929E-08  2.044777E-08
  6.719000E+03  1.084263E-05  1.061001E-04  6.014178E-07  1.918113E-04 -1.400110E-02  2.034920E-08  2.045850E-08
  6.720000E+03  1.049217E-05  1.063150E-04 -3.952870E-07  1.914227E-04 -1.544813E-02  2.034868E-08  2.045220E-08
  6.721000E+03  1.013741E-05  1.061183E-04  6.124597E-07  1.917798E-04 -1.769161E-02  2.034816E-08  2.044525E-08
  6.722000E+03  1.080397E-05  1.061444E-04  7.550350E-07  1.917209E-04 -1.337790E-02  2.034828E-08  2.045682E-08
  6.723000E+03  1.058665E-05  1.063105E-04 -3.984338E-07  1.914272E-04 -1.651086E-02  2.034794E-08  2.045361E-08
  6.724000E+03  1.009609E-05  1.060734E-04  4.579586E-07  1.918524E-04 -1.698038E-02  2.034751E-08  2.044345E-08
  6.725000E+03  1.074577E-05  1.061994E-04  8.878621E-07  1.916134E-04 -1.321262E-02  2.034745E-08  2.045502E-08
  6.726000E+03  1.067854E-05  1.062794E-04 -3.601108E-07  1.914777E-04 -1.744945E-02  2.034704E-08  2.045469E-08
  6.727000E+03  1.007818E-05  1.060487E-04  2.886337E-07  1.918834E-04 -1.598404E-02  2.034639E-08  2.044159E-08
  6.728000E+03  1.067033E-05  1.062529E-04  9.883838E-07  1.915081E-04 -1.352441E-02  2.034644E-08  2.045285E-08
  6.729000E+03  1.076292E-05  1.062275E-04 -2.807162E-07  1.915604E-04 -1.809127E-02  2.034566E-08  2.045500E-08
  6.730000E+03  1.008415E-05  1.060470E-04  1.139622E-07  1.918672E-04 -1.489224E-02  2.034469E-08  2.043964E-08
  6.731000E+03  1.058004E-05  1.062945E-04  1.053630E-06  1.914218E-04 -1.424734E-02  2.034502E-08  2.045008E-08
  6.732000E+03  1.083700E-05  1.061666E-04 -1.626620E-07  1.916602E-04 -1.829052E-02  2.034452E-08  2.045521E-08
  6.733000E+03  1.011098E-05  1.060708E-04 -5.784601E-08  1.918106E-04 -1.391117E-02  2.034353E-08  2.043874E-08
  6.734000E+03  1.048429E-05  1.063165E-04  1.081646E-06  1.913737E-04 -1.526296E-02  2.034381E-08  2.044746E-08
  6.735000E+03  1.089385E-05  1.061098E-04 -1.889301E-08  1.917580E-04 -1.800964E-02  2.034410E-08  2.045566E-08
  6.736000E+03  1.015583E-05  1.061163E-04 -2.104599E-07  1.917260E-04 -1.324050E-02  2.034346E-08  2.043943E-08
  6.737000E+03  1.039135E-05  1.063146E-04  1.071032E-06  1.913756E-04 -1.637113E-02  2.034328E-08  2.044551E-08
  6.738000E+03  1.092884E-05  1.060650E-04  1.379214E-07  1.918340E-04 -1.732417E-02  2.034382E-08  2.045574E-08
  6.739000E+03  1.021904E-05  1.061734E-04 -3.348316E-07  1.916257E-04 -1.298711E-02  2.034384E-08  2.044108E-08
  6.740000E+03  1.030239E-05  1.062888E-04  1.020143E-06  1.914237E-04 -1.736438E-02  2.034312E-08  2.044389E-08
  6.741000E+03  1.094133E-05  1.060366E-04  3.059884E-07  1.918751E-04 -1.636240E-02  2.034307E-08  2.045488E-08
  6.742000E+03  1.029774E-05  1.062321E-04 -4.272729E-07  1.915212E-04 -1.317752E-02  2.034393E-08  2.044288E-08
  6.743000E+03  1.022073E-05  1.062467E-04  9.318691E-07  1.915076E-04 -1.807397E-02  2.034374E-08  2.044303E-08
  6.744000E+03  1.093166E-05  1.060304E-04  4.783572E-07  1.918819E-04 -1.527952E-02  2.034294E-08  2.045424E-08
  6.745000E+03  1.038667E-05  1.062821E-04 -4.839232E-07  1.914311E-04 -1.379336E-02  2.034376E-08  2.044474E-08
  6.746000E+03  1.015050E-05  1.061955E-04  8.132389E-07  1.916112E-04 -1.839558E-02  2.034481E-08  2.044270E-08
  6.747000E+03  1.090132E-05  1.060508E-04  6.454277E-07  1.918536E-04 -1.423834E-02  2.034417E-08  2.045464E-08
  6.748000E+03  1.048158E-05  1.063154E-04 -5.041763E-07  1.913771E-04 -1.473999E-02  2.034412E-08  2.044729E-08
  6.749000E+03  1.009495E-05  1.061408E-04  6.700487E-07  1.917188E-04 -1.827450E-02  2.034578E-08  2.044239E-08
  6.750000E+03  1.085362E-05  1.060965E-04  7.978641E-07  1.917869E-04 -1.341909E-02  2.034608E-08  2.045552E-08
  6.751000E+03  1.057712E-05  1.063258E-04 -4.900464E-07  1.913735E-04 -1.585436E-02  2.034539E-08  2.045076E-08
  6.752000E+03  1.005838E-05  1.060907E-04  5.093635E-07  1.918131E-04 -1.771540E-02  2.034640E-08  2.044196E-08
  6.753000E+03  1.079102E-05  1.061580E-04  9.249089E-07  1.916890E-04 -1.299078E-02  2.034761E-08  2.045590E-08
  6.754000E+03  1.066679E-05  1.063133E-04 -4.409779E-07  1.914181E-04 -1.693366E-02  2.034737E-08  2.045475E-08
  6.755000E+03  1.004492E-05  1.060536E-04  3.407044E-07  1.918808E-04 -1.682607E-02  2.034678E-08  2.044166E-08
  6.756000E+03  1.071407E-05  1.062226E-04  1.017800E-06  1.915786E-04 -1.300413E-02  2.034826E-08  2.045528E-08
  6.757000E+03  1.074801E-05  1.062801E-04 -3.558530E-07  1.914959E-04 -1.781649E-02  2.034898E-08  2.045809E-08
  6.758000E+03  1.005334E-05  1.060386E-04  1.702923E-07  1.919132E-04 -1.571807E-02  2.034768E-08  2.044230E-08
  6.759000E+03  1.062630E-05  1.062789E-04  1.075960E-06  1.914781E-04 -1.348752E-02  2.034823E-08  2.045390E-08
  6.760000E+03  1.081904E-05  1.062292E-04 -2.402603E-07  1.915954E-04 -1.833597E-02  2.034960E-08  2.046011E-08
  6.761000E+03  1.007936E-05  1.060526E-04  5.298089E-09  1.918967E-04 -1.458039E-02  2.034897E-08  2.044373E-08
  6.762000E+03  1.053441E-05  1.063178E-04  1.102301E-06  1.914122E-04 -1.438225E-02  2.034842E-08  2.045273E-08
  6.763000E+03  1.087437E-05  1.061679E-04 -1.029511E-07  1.917037E-04 -1.837733E-02  2.034934E-08  2.046076E-08
  6.764000E+03  1.012287E-05  1.060912E-04 -1.431147E-07  1.918285E-04 -1.364924E-02  2.034942E-08  2.044479E-08
  6.765000E+03  1.044347E-05  1.063329E-04  1.092679E-06  1.913920E-04 -1.548728E-02  2.034882E-08  2.045178E-08
  6.766000E+03  1.090981E-05  1.061097E-04  4.946884E-08  1.918003E-04 -1.794448E-02  2.034860E-08  2.046043E-08
  6.767000E+03  1.018371E-05  1.061429E-04 -2.663804E-07  1.917277E-04 -1.309841E-02  2.034878E-08  2.044526E-08
  6.768000E+03  1.035714E-05  1.063234E-04  1.044292E-06  1.914134E-04 -1.656629E-02  2.034893E-08  2.045053E-08
  6.769000E+03  1.092370E-05  1.060676E-04  2.110513E-07  1.918685E-04 -1.714640E-02  2.034805E-08  2.045980E-08
  6.770000E+03  1.025675E-05  1.061987E-04 -3.567778E-07  1.916185E-04 -1.301653E-02  2.034792E-08  2.044591E-08
  6.771000E+03  1.028032E-05  1.062915E-04  9.632391E-07  1.914710E-04 -1.745167E-02  2.034864E-08  2.044894E-08
  6.772000E+03  1.091566E-05  1.060500E-04  3.723028E-07  1.918959E-04 -1.613658E-02  2.034792E-08  2.045916E-08
  6.773000E+03  1.033830E-05  1.062482E-04 -4.103883E-07  1.915234E-04 -1.340916E-02  2.034719E-08  2.044698E-08
  6.774000E+03  1.021610E-05  1.062433E-04  8.543195E-07  1.915533E-04 -1.798073E-02  2.034796E-08  2.044704E-08
  6.775000E+03  1.088752E-05  1.060563E-04  5.254136E-07  1.918770E-04 -1.512931E-02  2.034744E-08  2.045786E-08
  6.776000E+03  1.042517E-05  1.062825E-04 -4.281734E-07  1.914583E-04 -1.412766E-02  2.034664E-08  2.044840E-08
  6.777000E+03  1.016699E-05  1.061902E-04  7.217808E-07  1.916425E-04 -1.808321E-02  2.034723E-08  2.044523E-08
  6.778000E+03  1.084380E-05  1.060807E-04  6.615132E-07  1.918211E-04 -1.433037E-02  2.034643E-08  2.045584E-08
  6.779000E+03  1.050999E-05  1.062974E-04 -4.128953E-07  1.914296E-04 -1.497674E-02  2.034618E-08  2.044985E-08
  6.780000E+03  1.013608E-05  1.061446E-04  5.777738E-07  1.917179E-04 -1.782229E-02  2.034658E-08  2.044375E-08
  6.781000E+03  1.078787E-05  1.061154E-04  7.714708E-07  1.917503E-04 -1.383231E-02  2.034571E-08  2.045401E-08
  6.782000E+03  1.058738E-05  1.062938E-04 -3.667161E-07  1.914320E-04 -1.582014E-02  2.034550E-08  2.045091E-08
  6.783000E+03  1.012523E-05  1.061097E-04  4.315534E-07  1.917699E-04 -1.731913E-02  2.034560E-08  2.044227E-08
  6.784000E+03  1.072095E-05  1.061541E-04  8.505393E-07  1.916745E-04 -1.363556E-02  2.034515E-08  2.045221E-08
  6.785000E+03  1.065520E-05  1.062751E-04 -2.902724E-07  1.914608E-04 -1.654010E-02  2.034473E-08  2.045161E-08
  6.786000E+03  1.013328E-05  1.060873E-04  2.883866E-07  1.917968E-04 -1.666098E-02  2.034438E-08  2.044090E-08
  6.787000E+03  1.064772E-05  1.061919E-04  8.970143E-07  1.915999E-04 -1.373703E-02  2.034444E-08  2.045025E-08
  6.788000E+03  1.071020E-05  1.062472E-04 -1.901697E-07  1.915110E-04 -1.704540E-02  2.034456E-08  2.045257E-08
  6.789000E+03  1.015748E-05  1.060797E-04  1.571773E-07  1.918017E-04 -1.595500E-02  2.034369E-08  2.044039E-08
  6.790000E+03  1.057464E-05  1.062237E-04  9.109147E-07  1.915381E-04 -1.408916E-02  2.034388E-08  2.044848E-08
  6.791000E+03  1.075015E-05  1.062168E-04 -7.750179E-08  1.915711E-04 -1.730304E-02  2.034502E-08  2.045379E-08
  6.792000E+03  1.019495E-05  1.060853E-04  4.482824E-08  1.917902E-04 -1.530701E-02  2.034374E-08  2.044094E-08
  6.793000E+03  1.050589E-05  1.062450E-04  8.944316E-07  1.914963E-04 -1.459262E-02  2.034336E-08  2.044686E-08
  6.794000E+03  1.077424E-05  1.061857E-04  4.004021E-08  1.916279E-04 -1.734050E-02  2.034508E-08  2.045424E-08
  6.795000E+03  1.024279E-05  1.061030E-04 -4.449225E-08  1.917620E-04 -1.477149E-02  2.034430E-08  2.044227E-08
  6.796000E+03  1.044298E-05  1.062554E-04  8.521393E-07  1.914795E-04 -1.516568E-02  2.034340E-08  2.044589E-08
  6.797000E+03  1.078244E-05  1.061546E-04  1.594400E-07  1.916780E-04 -1.718471E-02  2.034450E-08  2.045369E-08
  6.798000E+03  1.029782E-05  1.061313E-04 -1.080568E-07  1.917155E-04 -1.439152E-02  2.034491E-08  2.044385E-08
  6.799000E+03  1.038883E-05  1.062585E-04  7.878786E-07  1.914883E-04 -1.575009E-02  2.034474E-08  2.044635E-08
  6.800000E+03  1.077504E-05  1.061274E-04  2.745755E-07  1.917257E-04 -1.685671E-02  2.034447E-08  2.045335E-08
  6.801000E+03  1.035575E-05  1.061662E-04 -1.427557E-07  1.916571E-04 -1.421004E-02  2.034545E-08  2.044552E-08
  6.802000E+03  1.034555E-05  1.062526E-04  7.084970E-07  1.915186E-04 -1.630111E-02  2.034664E-08  2.044755E-08
  6.803000E+03  1.075498E-05  1.061110E-04  3.786973E-07  1.917637E-04 -1.636503E-02  2.034552E-08  2.045381E-08
  6.804000E+03  1.041351E-05  1.061978E-04 -1.518592E-07  1.916018E-04 -1.427305E-02  2.034563E-08  2.044689E-08
  6.805000E+03  1.031459E-05  1.062371E-04  6.189220E-07  1.915598E-04 -1.669533E-02  2.034793E-08  2.044829E-08
  6.806000E+03  1.072489E-05  1.061094E-04  4.666595E-07  1.917790E-04 -1.582124E-02  2.034700E-08  2.045454E-08
  6.807000E+03  1.046593E-05  1.062207E-04 -1.362577E-07  1.915655E-04 -1.452990E-02  2.034607E-08  2.044847E-08
  6.808000E+03  1.030057E-05  1.062141E-04  5.255858E-07  1.916023E-04 -1.689264E-02  2.034797E-08  2.044804E-08
  6.809000E+03  1.068479E-05  1.061219E-04  5.291420E-07  1.917677E-04 -1.532183E-02  2.034837E-08  2.045500E-08
  6.810000E+03  1.051051E-05  1.062346E-04 -9.381098E-08  1.915521E-04 -1.492267E-02  2.034720E-08  2.045060E-08
  6.811000E+03  1.030381E-05  1.061895E-04  4.332374E-07  1.916451E-04 -1.687606E-02  2.034780E-08  2.044782E-08
  6.812000E+03  1.063653E-05  1.061431E-04  5.639102E-07  1.917349E-04 -1.498165E-02  2.034905E-08  2.045470E-08
  6.813000E+03  1.054761E-05  1.062398E-04 -2.858308E-08  1.915592E-04 -1.534109E-02  2.034881E-08  2.045305E-08
  6.814000E+03  1.031862E-05  1.061716E-04  3.460192E-07  1.916817E-04 -1.667921E-02  2.034832E-08  2.044849E-08
  6.815000E+03  1.058841E-05  1.061638E-04  5.753406E-07  1.916971E-04 -1.486584E-02  2.034903E-08  2.045378E-08
  6.816000E+03  1.057483E-05  1.062368E-04  4.483422E-08  1.915771E-04 -1.566564E-02  2.035005E-08  2.045489E-08
  6.817000E+03  1.034014E-05  1.061637E-04  2.729047E-07  1.917014E-04 -1.642390E-02  2.034899E-08  2.044944E-08
  6.818000E+03  1.054709E-05  1.061754E-04  5.674363E-07  1.916710E-04 -1.490650E-02  2.034849E-08  2.045249E-08
  6.819000E+03  1.058940E-05  1.062296E-04  1.153924E-07  1.915902E-04 -1.584065E-02  2.035000E-08  2.045516E-08
  6.820000E+03  1.036715E-05  1.061614E-04  2.205146E-07  1.917039E-04 -1.622894E-02  2.034887E-08  2.044975E-08
  6.821000E+03  1.051398E-05  1.061780E-04  5.415013E-07  1.916588E-04 -1.497180E-02  2.034768E-08  2.045107E-08
  6.822000E+03  1.059153E-05  1.062222E-04  1.801037E-07  1.915925E-04 -1.591416E-02  2.034879E-08  2.045401E-08
  6.823000E+03  1.039709E-05  1.061601E-04  1.906215E-07  1.916982E-04 -1.611526E-02  2.034806E-08  2.044947E-08
  6.824000E+03  1.048963E-05  1.061779E-04  5.021571E-07  1.916542E-04 -1.499311E-02  2.034715E-08  2.045007E-08
  6.825000E+03  1.058351E-05  1.062189E-04  2.358787E-07  1.915876E-04 -1.597985E-02  2.034762E-08  2.045271E-08
  6.826000E+03  1.042695E-05  1.061558E-04  1.811918E-07  1.916981E-04 -1.605560E-02  2.034724E-08  2.044918E-08
  6.827000E+03  1.047435E-05  1.061809E-04  4.552392E-07  1.916467E-04 -1.495627E-02  2.034693E-08  2.044955E-08
  6.828000E+03  1.056725E-05  1.062168E-04  2.804996E-07  1.915827E-04 -1.611794E-02  2.034665E-08  2.045148E-08
  6.829000E+03  1.045434E-05  1.061463E-04  1.904319E-07  1.917062E-04 -1.595783E-02  2.034631E-08  2.044873E-08
  6.830000E+03  1.046873E-05  1.061897E-04  4.049984E-07  1.916268E-04 -1.490156E-02  2.034654E-08  2.044905E-08
  6.831000E+03  1.054508E-05  1.062100E-04  3.107654E-07  1.915837E-04 -1.635498E-02  2.034539E-08  2.044987E-08
  6.832000E+03  1.047691E-05  1.061333E-04  2.156761E-07  1.917167E-04 -1.573499E-02  2.034501E-08  2.044776E-08
  6.833000E+03  1.047278E-05  1.062044E-04  3.561878E-07  1.915917E-04 -1.490360E-02  2.034562E-08  2.044825E-08
  6.834000E+03  1.052061E-05  1.061965E-04  3.235713E-07  1.915999E-04 -1.659955E-02  2.034444E-08  2.044850E-08
  6.835000E+03  1.049167E-05  1.061253E-04  2.522252E-07  1.917194E-04 -1.540804E-02  2.034386E-08  2.044678E-08
  6.836000E+03  1.048567E-05  1.062233E-04  3.155103E-07  1.915544E-04 -1.503250E-02  2.034524E-08  2.044820E-08
  6.837000E+03  1.049630E-05  1.061791E-04  3.184689E-07  1.916342E-04 -1.676558E-02  2.034469E-08  2.044829E-08
  6.838000E+03  1.049632E-05  1.061266E-04  2.970913E-07  1.917136E-04 -1.503823E-02  2.034361E-08  2.044652E-08
  6.839000E+03  1.050575E-05  1.062401E-04  2.889745E-07  1.915247E-04 -1.531677E-02  2.034522E-08  2.044870E-08
  6.840000E+03  1.047402E-05  1.061591E-04  2.971670E-07  1.916764E-04 -1.680347E-02  2.034533E-08  2.044845E-08
  6.841000E+03  1.049341E-05  1.061394E-04  3.443461E-07  1.916962E-04 -1.468017E-02  2.034432E-08  2.044710E-08
  6.842000E+03  1.052936E-05  1.062478E-04  2.746105E-07  1.915099E-04 -1.575909E-02  2.034498E-08  2.044909E-08
  6.843000E+03  1.045562E-05  1.061381E-04  2.654709E-07  1.917171E-04 -1.663945E-02  2.034568E-08  2.044833E-08
  6.844000E+03  1.048402E-05  1.061633E-04  3.893591E-07  1.916626E-04 -1.442574E-02  2.034542E-08  2.044801E-08
  6.845000E+03  1.055407E-05  1.062419E-04  2.723546E-07  1.915196E-04 -1.626839E-02  2.034473E-08  2.044945E-08
  6.846000E+03  1.044613E-05  1.061216E-04  2.239401E-07  1.917438E-04 -1.627482E-02  2.034547E-08  2.044778E-08
  6.847000E+03  1.046655E-05  1.061927E-04  4.233634E-07  1.916193E-04 -1.436417E-02  2.034647E-08  2.044879E-08
  6.848000E+03  1.057686E-05  1.062267E-04  2.879423E-07  1.915524E-04 -1.669892E-02  2.034513E-08  2.045038E-08
  6.849000E+03  1.044779E-05  1.061131E-04  1.767182E-07  1.917553E-04 -1.580974E-02  2.034520E-08  2.044737E-08
  6.850000E+03  1.044210E-05  1.062201E-04  4.409542E-07  1.915763E-04 -1.450386E-02  2.034711E-08  2.044909E-08
  6.851000E+03  1.059600E-05  1.062076E-04  3.207088E-07  1.915967E-04 -1.697051E-02  2.034609E-08  2.045175E-08
  6.852000E+03  1.046035E-05  1.061133E-04  1.275225E-07  1.917556E-04 -1.533460E-02  2.034542E-08  2.044767E-08
  6.853000E+03  1.041144E-05  1.062395E-04  4.419529E-07  1.915415E-04 -1.480508E-02  2.034705E-08  2.044860E-08
  6.854000E+03  1.060960E-05  1.061891E-04  3.706832E-07  1.916400E-04 -1.705611E-02  2.034711E-08  2.045300E-08
  6.855000E+03  1.048259E-05  1.061220E-04  8.115390E-08  1.917477E-04 -1.492626E-02  2.034639E-08  2.044895E-08
  6.856000E+03  1.037751E-05  1.062499E-04  4.262782E-07  1.915207E-04 -1.520222E-02  2.034671E-08  2.044777E-08
  6.857000E+03  1.061608E-05  1.061715E-04  4.333095E-07  1.916768E-04 -1.698355E-02  2.034767E-08  2.045363E-08
  6.858000E+03  1.051254E-05  1.061378E-04  4.250968E-08  1.917304E-04 -1.461241E-02  2.034766E-08  2.045073E-08
  6.859000E+03  1.034537E-05  1.062525E-04  3.936002E-07  1.915152E-04 -1.563900E-02  2.034649E-08  2.044708E-08
  6.860000E+03  1.061125E-05  1.061526E-04  5.020334E-07  1.917076E-04 -1.679353E-02  2.034740E-08  2.045316E-08
  6.861000E+03  1.055093E-05  1.061582E-04  1.936579E-08  1.916993E-04 -1.439813E-02  2.034835E-08  2.045214E-08
  6.862000E+03  1.031825E-05  1.062507E-04  3.396539E-07  1.915226E-04 -1.606982E-02  2.034679E-08  2.044699E-08
  6.863000E+03  1.059140E-05  1.061313E-04  5.735142E-07  1.917378E-04 -1.651201E-02  2.034662E-08  2.045188E-08
  6.864000E+03  1.059751E-05  1.061817E-04  1.940601E-08  1.916541E-04 -1.426792E-02  2.034809E-08  2.045280E-08
  6.865000E+03  1.029691E-05  1.062459E-04  2.643233E-07  1.915372E-04 -1.650876E-02  2.034727E-08  2.044719E-08
  6.866000E+03  1.055968E-05  1.061105E-04  6.435285E-07  1.917707E-04 -1.612439E-02  2.034624E-08  2.045074E-08
  6.867000E+03  1.064874E-05  1.062103E-04  3.931907E-08  1.915983E-04 -1.424118E-02  2.034766E-08  2.045344E-08
  6.868000E+03  1.028276E-05  1.062346E-04  1.734877E-07  1.915646E-04 -1.696214E-02  2.034786E-08  2.044761E-08
  6.869000E+03  1.051919E-05  1.060979E-04  7.066025E-07  1.917987E-04 -1.559273E-02  2.034696E-08  2.045050E-08
  6.870000E+03  1.069736E-05  1.062417E-04  7.907886E-08  1.915393E-04 -1.444006E-02  2.034734E-08  2.045422E-08
  6.871000E+03  1.028245E-05  1.062097E-04  7.604991E-08  1.916142E-04 -1.730014E-02  2.034824E-08  2.044802E-08
  6.872000E+03  1.047122E-05  1.061015E-04  7.482741E-07  1.917999E-04 -1.494965E-02  2.034797E-08  2.045042E-08
  6.873000E+03  1.073633E-05  1.062662E-04  1.421309E-07  1.914918E-04 -1.494105E-02  2.034685E-08  2.045473E-08
  6.874000E+03  1.030170E-05  1.061702E-04 -1.872698E-08  1.916793E-04 -1.736532E-02  2.034755E-08  2.044761E-08
  6.875000E+03  1.041470E-05  1.061229E-04  7.579536E-07  1.917600E-04 -1.431997E-02  2.034805E-08  2.044928E-08
  6.876000E+03  1.076396E-05  1.062775E-04  2.320651E-07  1.914676E-04 -1.568622E-02  2.034620E-08  2.045490E-08
  6.877000E+03  1.033891E-05  1.061254E-04 -1.060782E-07  1.917475E-04 -1.709365E-02  2.034630E-08  2.044685E-08
  6.878000E+03  1.035278E-05  1.061608E-04  7.361600E-07  1.916845E-04 -1.388004E-02  2.034741E-08  2.044745E-08
  6.879000E+03  1.077927E-05  1.062722E-04  3.433930E-07  1.914779E-04 -1.652962E-02  2.034599E-08  2.045527E-08
  6.880000E+03  1.038888E-05  1.060895E-04 -1.796126E-07  1.918044E-04 -1.649561E-02  2.034566E-08  2.044688E-08
  6.881000E+03  1.029341E-05  1.062074E-04  6.865384E-07  1.915942E-04 -1.378338E-02  2.034679E-08  2.044580E-08
  6.882000E+03  1.077911E-05  1.062485E-04  4.628334E-07  1.915264E-04 -1.724987E-02  2.034637E-08  2.045583E-08
  6.883000E+03  1.044915E-05  1.060752E-04 -2.308536E-07  1.918308E-04 -1.568446E-02  2.034598E-08  2.044805E-08
  6.884000E+03  1.024141E-05  1.062489E-04  6.099181E-07  1.915154E-04 -1.411279E-02  2.034627E-08  2.044452E-08
  6.885000E+03  1.076284E-05  1.062093E-04  5.812386E-07  1.916010E-04 -1.762575E-02  2.034664E-08  2.045583E-08
  6.886000E+03  1.051529E-05  1.060856E-04 -2.547388E-07  1.918124E-04 -1.487324E-02  2.034629E-08  2.044939E-08
  6.887000E+03  1.020070E-05  1.062721E-04  5.118470E-07  1.914680E-04 -1.478835E-02  2.034547E-08  2.044321E-08
  6.888000E+03  1.073307E-05  1.061638E-04  6.885020E-07  1.916767E-04 -1.756764E-02  2.034598E-08  2.045448E-08
  6.889000E+03  1.058112E-05  1.061164E-04 -2.512497E-07  1.917536E-04 -1.426437E-02  2.034613E-08  2.045038E-08
  6.890000E+03  1.017445E-05  1.062730E-04  4.020242E-07  1.914615E-04 -1.561440E-02  2.034471E-08  2.044219E-08
  6.891000E+03  1.068975E-05  1.061243E-04  7.783181E-07  1.917348E-04 -1.712784E-02  2.034473E-08  2.045217E-08
  6.892000E+03  1.064501E-05  1.061583E-04 -2.188479E-07  1.916747E-04 -1.397281E-02  2.034588E-08  2.045138E-08
  6.893000E+03  1.016356E-05  1.062571E-04  2.829609E-07  1.914911E-04 -1.639192E-02  2.034456E-08  2.044202E-08
  6.894000E+03  1.063337E-05  1.061009E-04  8.484445E-07  1.917704E-04 -1.644981E-02  2.034425E-08  2.045035E-08
  6.895000E+03  1.070570E-05  1.061997E-04 -1.574882E-07  1.915989E-04 -1.404704E-02  2.034574E-08  2.045255E-08
  6.896000E+03  1.016613E-05  1.062312E-04  1.588144E-07  1.915470E-04 -1.691041E-02  2.034537E-08  2.044294E-08
  6.897000E+03  1.056834E-05  1.061003E-04  8.989265E-07  1.917771E-04 -1.573903E-02  2.034508E-08  2.044971E-08
  6.898000E+03  1.076091E-05  1.062281E-04 -7.405452E-08  1.915488E-04 -1.445647E-02  2.034574E-08  2.045383E-08
  6.899000E+03  1.018213E-05  1.062030E-04  3.416891E-08  1.916086E-04 -1.705800E-02  2.034645E-08  2.044427E-08
  6.900000E+03  1.049769E-05  1.061170E-04  9.271992E-07  1.917569E-04 -1.519012E-02  2.034633E-08  2.044948E-08
  6.901000E+03  1.080659E-05  1.062384E-04  2.881897E-08  1.915312E-04 -1.501739E-02  2.034567E-08  2.045486E-08
  6.902000E+03  1.021347E-05  1.061783E-04 -8.442618E-08  1.916566E-04 -1.689274E-02  2.034688E-08  2.044515E-08
  6.903000E+03  1.042337E-05  1.061408E-04  9.278333E-07  1.917219E-04 -1.486112E-02  2.034728E-08  2.044897E-08
  6.904000E+03  1.084034E-05  1.062372E-04  1.493043E-07  1.915367E-04 -1.554746E-02  2.034587E-08  2.045589E-08
  6.905000E+03  1.026026E-05  1.061593E-04 -1.922681E-07  1.916890E-04 -1.659241E-02  2.034677E-08  2.044577E-08
  6.906000E+03  1.034807E-05  1.061647E-04  8.982210E-07  1.916850E-04 -1.469089E-02  2.034798E-08  2.044824E-08
  6.907000E+03  1.085920E-05  1.062334E-04  2.844607E-07  1.915517E-04 -1.598579E-02  2.034659E-08  2.045712E-08
  6.908000E+03  1.032163E-05  1.061465E-04 -2.826746E-07  1.917148E-04 -1.627170E-02  2.034716E-08  2.044717E-08
  6.909000E+03  1.027727E-05  1.061868E-04  8.354835E-07  1.916506E-04 -1.465637E-02  2.034858E-08  2.044753E-08
  6.910000E+03  1.085942E-05  1.062282E-04  4.265419E-07  1.915732E-04 -1.631709E-02  2.034776E-08  2.045840E-08
  6.911000E+03  1.039445E-05  1.061394E-04 -3.454215E-07  1.917353E-04 -1.594739E-02  2.034808E-08  2.044935E-08
  6.912000E+03  1.021515E-05  1.062040E-04  7.423044E-07  1.916183E-04 -1.476036E-02  2.034842E-08  2.044625E-08
  6.913000E+03  1.083995E-05  1.062184E-04  5.680312E-07  1.915981E-04 -1.650986E-02  2.034846E-08  2.045879E-08
  6.914000E+03  1.047598E-05  1.061386E-04 -3.760619E-07  1.917418E-04 -1.563706E-02  2.034872E-08  2.045143E-08
  6.915000E+03  1.016489E-05  1.062145E-04  6.214797E-07  1.915921E-04 -1.498196E-02  2.034757E-08  2.044453E-08
  6.916000E+03  1.080012E-05  1.062014E-04  7.031121E-07  1.916240E-04 -1.655774E-02  2.034795E-08  2.045751E-08
  6.917000E+03  1.056138E-05  1.061439E-04 -3.690864E-07  1.917294E-04 -1.533163E-02  2.034852E-08  2.045278E-08
  6.918000E+03  1.013150E-05  1.062207E-04  4.784469E-07  1.915723E-04 -1.530377E-02  2.034656E-08  2.044299E-08
  6.919000E+03  1.074071E-05  1.061766E-04  8.210411E-07  1.916548E-04 -1.648352E-02  2.034650E-08  2.045486E-08
  6.920000E+03  1.064686E-05  1.061576E-04 -3.228329E-07  1.916970E-04 -1.501886E-02  2.034779E-08  2.045365E-08
  6.921000E+03  1.011506E-05  1.062232E-04  3.207366E-07  1.915631E-04 -1.573213E-02  2.034593E-08  2.044217E-08
  6.922000E+03  1.066532E-05  1.061504E-04  9.185747E-07  1.916912E-04 -1.626316E-02  2.034541E-08  2.045221E-08
  6.923000E+03  1.072793E-05  1.061803E-04 -2.407033E-07  1.916466E-04 -1.482587E-02  2.034686E-08  2.045428E-08
  6.924000E+03  1.011775E-05  1.062178E-04  1.555257E-07  1.915761E-04 -1.617157E-02  2.034613E-08  2.044252E-08
  6.925000E+03  1.058125E-05  1.061356E-04  9.850856E-07  1.917195E-04 -1.588509E-02  2.034570E-08  2.045075E-08
  6.926000E+03  1.079456E-05  1.062051E-04 -1.287883E-07  1.915960E-04 -1.490923E-02  2.034621E-08  2.045503E-08
  6.927000E+03  1.014572E-05  1.062006E-04 -2.296208E-09  1.916134E-04 -1.644779E-02  2.034670E-08  2.044364E-08
  6.928000E+03  1.049217E-05  1.061397E-04  1.005088E-06  1.917215E-04 -1.541949E-02  2.034684E-08  2.045005E-08
  6.929000E+03  1.084006E-05  1.062220E-04  1.128455E-08  1.915638E-04 -1.528937E-02  2.034592E-08  2.045580E-08
  6.930000E+03  1.019990E-05  1.061732E-04 -1.400698E-07  1.916631E-04 -1.644106E-02  2.034674E-08  2.044460E-08
  6.931000E+03  1.040047E-05  1.061622E-04  9.746873E-07  1.916875E-04 -1.501826E-02  2.034769E-08  2.044907E-08
  6.932000E+03  1.086497E-05  1.062245E-04  1.742403E-07  1.915619E-04 -1.585384E-02  2.034601E-08  2.045657E-08
  6.933000E+03  1.027204E-05  1.061450E-04 -2.518490E-07  1.917087E-04 -1.612552E-02  2.034627E-08  2.044531E-08
  6.934000E+03  1.031555E-05  1.061970E-04  9.023715E-07  1.916266E-04 -1.483826E-02  2.034792E-08  2.044771E-08
  6.935000E+03  1.086822E-05  1.062110E-04  3.421005E-07  1.915933E-04 -1.642343E-02  2.034657E-08  2.045736E-08
  6.936000E+03  1.035389E-05  1.061302E-04 -3.284028E-07  1.917348E-04 -1.557082E-02  2.034638E-08  2.044675E-08
  6.937000E+03  1.024546E-05  1.062312E-04  7.978661E-07  1.915636E-04 -1.501431E-02  2.034773E-08  2.044632E-08
  6.938000E+03  1.084754E-05  1.061828E-04  5.006372E-07  1.916510E-04 -1.675705E-02  2.034717E-08  2.045762E-08
  6.939000E+03  1.044075E-05  1.061383E-04 -3.611599E-07  1.917241E-04 -1.495800E-02  2.034699E-08  2.044884E-08
  6.940000E+03  1.019458E-05  1.062491E-04  6.668635E-07  1.915271E-04 -1.553694E-02  2.034713E-08  2.044494E-08
  6.941000E+03  1.080486E-05  1.061481E-04  6.393839E-07  1.917134E-04 -1.666603E-02  2.034719E-08  2.045671E-08
  6.942000E+03  1.052689E-05  1.061696E-04 -3.491008E-07  1.916721E-04 -1.453725E-02  2.034760E-08  2.045103E-08
  6.943000E+03  1.016399E-05  1.062422E-04  5.199435E-07  1.915359E-04 -1.624064E-02  2.034652E-08  2.044392E-08
  6.944000E+03  1.074589E-05  1.061190E-04  7.513163E-07  1.917575E-04 -1.614053E-02  2.034646E-08  2.045463E-08
  6.945000E+03  1.060665E-05  1.062136E-04 -2.988473E-07  1.915936E-04 -1.448645E-02  2.034771E-08  2.045278E-08
  6.946000E+03  1.015393E-05  1.062128E-04  3.682754E-07  1.915880E-04 -1.688316E-02  2.034620E-08  2.044350E-08
  6.947000E+03  1.067430E-05  1.061068E-04  8.327660E-07  1.917692E-04 -1.534265E-02  2.034562E-08  2.045215E-08
  6.948000E+03  1.067735E-05  1.062544E-04 -2.154757E-07  1.915181E-04 -1.483554E-02  2.034741E-08  2.045407E-08
  6.949000E+03  1.016326E-05  1.061694E-04  2.182340E-07  1.916656E-04 -1.723014E-02  2.034599E-08  2.044344E-08
  6.950000E+03  1.059321E-05  1.061187E-04  8.834000E-07  1.917421E-04 -1.451829E-02  2.034528E-08  2.045005E-08
  6.951000E+03  1.073932E-05  1.062773E-04 -1.055485E-07  1.914735E-04 -1.551866E-02  2.034684E-08  2.045499E-08
  6.952000E+03  1.018850E-05  1.061263E-04  7.212755E-08  1.917439E-04 -1.712351E-02  2.034608E-08  2.044384E-08
  6.953000E+03  1.050767E-05  1.061545E-04  9.058797E-07  1.916819E-04 -1.395962E-02  2.034591E-08  2.044898E-08
  6.954000E+03  1.078805E-05  1.062747E-04  2.463721E-08  1.914787E-04 -1.635285E-02  2.034663E-08  2.045599E-08
  6.955000E+03  1.022999E-05  1.060976E-04 -6.129027E-08  1.918007E-04 -1.656126E-02  2.034680E-08  2.044507E-08
  6.956000E+03  1.042251E-05  1.062030E-04  8.953751E-07  1.916061E-04 -1.387082E-02  2.034719E-08  2.044873E-08
  6.957000E+03  1.081921E-05  1.062481E-04  1.691156E-07  1.915322E-04 -1.707883E-02  2.034696E-08  2.045710E-08
  6.958000E+03  1.028789E-05  1.060870E-04 -1.734445E-07  1.918214E-04 -1.572394E-02  2.034725E-08  2.044630E-08
  6.959000E+03  1.033966E-05  1.062489E-04  8.499009E-07  1.915335E-04 -1.420410E-02  2.034817E-08  2.044836E-08
  6.960000E+03  1.083117E-05  1.062058E-04  3.253579E-07  1.916107E-04 -1.753377E-02  2.034704E-08  2.045745E-08
  6.961000E+03  1.036114E-05  1.060929E-04 -2.601486E-07  1.918057E-04 -1.482907E-02  2.034699E-08  2.044716E-08
  6.962000E+03  1.026446E-05  1.062825E-04  7.670575E-07  1.914769E-04 -1.482183E-02  2.034841E-08  2.044745E-08
  6.963000E+03  1.082059E-05  1.061602E-04  4.855105E-07  1.916926E-04 -1.766630E-02  2.034694E-08  2.045710E-08
  6.964000E+03  1.044724E-05  1.061124E-04 -3.125609E-07  1.917645E-04 -1.407176E-02  2.034658E-08  2.044822E-08
  6.965000E+03  1.020222E-05  1.063007E-04  6.472921E-07  1.914444E-04 -1.557775E-02  2.034820E-08  2.044633E-08
  6.966000E+03  1.078774E-05  1.061200E-04  6.386798E-07  1.917651E-04 -1.749348E-02  2.034700E-08  2.045640E-08
  6.967000E+03  1.054178E-05  1.061434E-04 -3.274434E-07  1.917073E-04 -1.357467E-02  2.034659E-08  2.044997E-08
  6.968000E+03  1.015664E-05  1.062996E-04  4.963072E-07  1.914402E-04 -1.639240E-02  2.034728E-08  2.044478E-08
  6.969000E+03  1.073323E-05  1.060859E-04  7.769019E-07  1.918224E-04 -1.698720E-02  2.034672E-08  2.045486E-08
  6.970000E+03  1.063618E-05  1.061855E-04 -2.986700E-07  1.916313E-04 -1.338505E-02  2.034666E-08  2.045191E-08
  6.971000E+03  1.013585E-05  1.062779E-04  3.244170E-07  1.914695E-04 -1.720626E-02  2.034596E-08  2.044325E-08
  6.972000E+03  1.065653E-05  1.060592E-04  8.843086E-07  1.918588E-04 -1.617216E-02  2.034572E-08  2.045210E-08
  6.973000E+03  1.072435E-05  1.062361E-04 -2.199853E-07  1.915404E-04 -1.350111E-02  2.034666E-08  2.045380E-08
  6.974000E+03  1.014107E-05  1.062397E-04  1.427664E-07  1.915322E-04 -1.793350E-02  2.034505E-08  2.044255E-08
  6.975000E+03  1.056220E-05  1.060439E-04  9.545199E-07  1.918722E-04 -1.515138E-02  2.034453E-08  2.044878E-08
  6.976000E+03  1.080164E-05  1.062892E-04 -9.656216E-08  1.914443E-04 -1.394540E-02  2.034649E-08  2.045544E-08
  6.977000E+03  1.016914E-05  1.061894E-04 -3.654098E-08  1.916257E-04 -1.843800E-02  2.034517E-08  2.044321E-08
  6.978000E+03  1.045923E-05  1.060490E-04  9.862176E-07  1.918562E-04 -1.406661E-02  2.034414E-08  2.044612E-08
  6.979000E+03  1.085915E-05  1.063351E-04  6.115079E-08  1.913645E-04 -1.474145E-02  2.034656E-08  2.045704E-08
  6.980000E+03  1.022083E-05  1.061319E-04 -1.963235E-07  1.917400E-04 -1.856658E-02  2.034623E-08  2.044513E-08
  6.981000E+03  1.035589E-05  1.060814E-04  9.707759E-07  1.918043E-04 -1.307783E-02  2.034512E-08  2.044493E-08
  6.982000E+03  1.088963E-05  1.063607E-04  2.427327E-07  1.913230E-04 -1.588051E-02  2.034668E-08  2.045824E-08
  6.983000E+03  1.029817E-05  1.060710E-04 -3.237498E-07  1.918589E-04 -1.815793E-02  2.034731E-08  2.044738E-08
  6.984000E+03  1.025657E-05  1.061441E-04  9.003242E-07  1.917059E-04 -1.238008E-02  2.034690E-08  2.044477E-08
  6.985000E+03  1.089090E-05  1.063529E-04  4.412064E-07  1.913418E-04 -1.725419E-02  2.034672E-08  2.045876E-08
  6.986000E+03  1.039734E-05  1.060150E-04 -4.111474E-07  1.919570E-04 -1.713390E-02  2.034734E-08  2.044882E-08
  6.987000E+03  1.016772E-05  1.062292E-04  7.770768E-07  1.915633E-04 -1.219352E-02  2.034810E-08  2.044445E-08
  6.988000E+03  1.086566E-05  1.063085E-04  6.413381E-07  1.914284E-04 -1.859561E-02  2.034694E-08  2.045885E-08
  6.989000E+03  1.050796E-05  1.059810E-04 -4.550841E-07  1.920089E-04 -1.561799E-02  2.034682E-08  2.044987E-08
  6.990000E+03  1.009791E-05  1.063195E-04  6.145292E-07  1.914063E-04 -1.268027E-02  2.034860E-08  2.044403E-08
  6.991000E+03  1.081562E-05  1.062347E-04  8.244393E-07  1.915735E-04 -1.955560E-02  2.034785E-08  2.045896E-08
  6.992000E+03  1.061997E-05  1.059852E-04 -4.503538E-07  1.919963E-04 -1.391923E-02  2.034679E-08  2.045148E-08
  6.993000E+03  1.005522E-05  1.063905E-04  4.259778E-07  1.912808E-04 -1.384402E-02  2.034852E-08  2.044371E-08
  6.994000E+03  1.074099E-05  1.061440E-04  9.740713E-07  1.917454E-04 -1.981864E-02  2.034862E-08  2.045818E-08
  6.995000E+03  1.072740E-05  1.060321E-04 -3.923098E-07  1.919099E-04 -1.242874E-02  2.034703E-08  2.045347E-08
  6.996000E+03  1.004164E-05  1.064204E-04  2.217124E-07  1.912233E-04 -1.549617E-02  2.034761E-08  2.044315E-08
  6.997000E+03  1.064603E-05  1.060523E-04  1.082594E-06  1.919023E-04 -1.923549E-02  2.034792E-08  2.045527E-08
  6.998000E+03  1.082337E-05  1.061149E-04 -2.836140E-07  1.917584E-04 -1.147376E-02  2.034709E-08  2.045533E-08
  6.999000E+03  1.005649E-05  1.064030E-04  1.616692E-08  1.912501E-04 -1.731853E-02  2.034654E-08  2.044287E-08
  7.000000E+03  1.053917E-05  1.059805E-04  1.144192E-06  1.920147E-04 -1.788920E-02  2.034656E-08  2.045128E-08
  7.001000E+03  1.090090E-05  1.062181E-04 -1.352137E-07  1.915736E-04 -1.128147E-02  2.034728E-08  2.045727E-08
  7.002000E+03  1.009796E-05  1.063447E-04 -1.751063E-07  1.913583E-04 -1.893076E-02  2.034630E-08  2.044374E-08
  7.003000E+03  1.042688E-05  1.059456E-04  1.156926E-06  1.920636E-04 -1.606618E-02  2.034566E-08  2.044758E-08
  7.004000E+03  1.095805E-05  1.063185E-04  4.153934E-08  1.913970E-04 -1.191635E-02  2.034760E-08  2.045921E-08
  7.005000E+03  1.016214E-05  1.062573E-04 -3.448520E-07  1.915225E-04 -1.999038E-02  2.034661E-08  2.044536E-08
  7.006000E+03  1.031285E-05  1.059536E-04  1.125532E-06  1.920403E-04 -1.413450E-02  2.034534E-08  2.044450E-08
  7.007000E+03  1.099464E-05  1.063923E-04  2.393577E-07  1.912627E-04 -1.326133E-02  2.034709E-08  2.046009E-08
  7.008000E+03  1.024666E-05  1.061576E-04 -4.907033E-07  1.917050E-04 -2.024738E-02  2.034677E-08  2.044693E-08
  7.009000E+03  1.019960E-05  1.060019E-04  1.052578E-06  1.919466E-04 -1.249583E-02  2.034512E-08  2.044175E-08
  7.010000E+03  1.100967E-05  1.064274E-04  4.540789E-07  1.911970E-04 -1.501273E-02  2.034632E-08  2.046032E-08
  7.011000E+03  1.034743E-05  1.060644E-04 -6.071176E-07  1.918704E-04 -1.970861E-02  2.034666E-08  2.044831E-08
  7.012000E+03  1.009355E-05  1.060812E-04  9.408176E-07  1.918038E-04 -1.142077E-02  2.034546E-08  2.043996E-08
  7.013000E+03  1.100102E-05  1.064210E-04  6.745746E-07  1.912084E-04 -1.686838E-02  2.034569E-08  2.046017E-08
  7.014000E+03  1.045938E-05  1.059902E-04 -6.855022E-07  1.919960E-04 -1.849697E-02  2.034622E-08  2.044942E-08
  7.015000E+03  1.000398E-05  1.061776E-04  7.925013E-07  1.916327E-04 -1.105163E-02  2.034585E-08  2.043880E-08
  7.016000E+03  1.096286E-05  1.063767E-04  8.871987E-07  1.912911E-04 -1.852915E-02  2.034543E-08  2.045963E-08
  7.017000E+03  1.058234E-05  1.059446E-04 -7.140395E-07  1.920659E-04 -1.683565E-02  2.034547E-08  2.045038E-08
  7.018000E+03  9.934379E-06  1.062757E-04  6.049708E-07  1.914604E-04 -1.138793E-02  2.034627E-08  2.043827E-08
  7.019000E+03  1.089344E-05  1.063069E-04  1.086457E-06  1.914261E-04 -1.977514E-02  2.034594E-08  2.045907E-08
  7.020000E+03  1.071499E-05  1.059312E-04 -6.880272E-07  1.920810E-04 -1.500723E-02  2.034507E-08  2.045194E-08
  7.021000E+03  9.886960E-06  1.063628E-04  3.789912E-07  1.913097E-04 -1.232487E-02  2.034668E-08  2.043832E-08
  7.022000E+03  1.079819E-05  1.062207E-04  1.263233E-06  1.915924E-04 -2.047688E-02  2.034681E-08  2.045816E-08
  7.023000E+03  1.084723E-05  1.059531E-04 -6.097720E-07  1.920400E-04 -1.323607E-02  2.034545E-08  2.045440E-08
  7.024000E+03  9.867991E-06  1.064249E-04  1.295030E-07  1.912005E-04 -1.378518E-02  2.034655E-08  2.043847E-08
  7.025000E+03  1.068068E-05  1.061241E-04  1.401893E-06  1.917697E-04 -2.048805E-02  2.034711E-08  2.045601E-08
  7.026000E+03  1.096837E-05  1.060113E-04 -4.772801E-07  1.919358E-04 -1.174639E-02  2.034596E-08  2.045698E-08
  7.027000E+03  9.885274E-06  1.064502E-04 -1.287139E-07  1.911534E-04 -1.562109E-02  2.034583E-08  2.043873E-08
  7.028000E+03  1.054328E-05  1.060284E-04  1.484718E-06  1.919336E-04 -1.973458E-02  2.034646E-08  2.045228E-08
  7.029000E+03  1.107042E-05  1.061020E-04 -2.884976E-07  1.917721E-04 -1.079396E-02  2.034621E-08  2.045918E-08
  7.030000E+03  9.940143E-06  1.064343E-04 -3.807169E-07  1.911852E-04 -1.757334E-02  2.034552E-08  2.044002E-08
  7.031000E+03  1.039366E-05  1.059504E-04  1.502471E-06  1.920614E-04 -1.828017E-02  2.034558E-08  2.044790E-08
  7.032000E+03  1.114725E-05  1.062136E-04 -5.359053E-08  1.915727E-04 -1.057152E-02  2.034648E-08  2.046124E-08
  7.033000E+03  1.002605E-05  1.063790E-04 -6.086123E-07  1.912969E-04 -1.934176E-02  2.034617E-08  2.044269E-08
  7.034000E+03  1.024393E-05  1.059059E-04  1.457946E-06  1.921336E-04 -1.631796E-02  2.034537E-08  2.044411E-08
  7.035000E+03  1.119174E-05  1.063278E-04  2.092230E-07  1.913712E-04 -1.118457E-02  2.034681E-08  2.046301E-08
  7.036000E+03  1.013923E-05  1.062889E-04 -7.948410E-07  1.914756E-04 -2.059507E-02  2.034741E-08  2.044623E-08
  7.037000E+03  1.010337E-05  1.059087E-04  1.350786E-06  1.921271E-04 -1.415315E-02  2.034589E-08  2.044128E-08
  7.038000E+03  1.119778E-05  1.064187E-04  4.864979E-07  1.912101E-04 -1.261701E-02  2.034671E-08  2.046381E-08
  7.039000E+03  1.027728E-05  1.061755E-04 -9.250775E-07  1.916870E-04 -2.101634E-02  2.034798E-08  2.044923E-08
  7.040000E+03  9.977146E-06  1.059622E-04  1.181387E-06  1.920302E-04 -1.219165E-02  2.034643E-08  2.043893E-08
  7.041000E+03  1.116666E-05  1.064665E-04  7.667626E-07  1.911268E-04 -1.463272E-02  2.034643E-08  2.046378E-08
  7.042000E+03  1.043272E-05  1.060594E-04 -9.955347E-07  1.918905E-04 -2.047355E-02  2.034754E-08  2.045127E-08
  7.043000E+03  9.870575E-06  1.060586E-04  9.602169E-07  1.918561E-04 -1.082413E-02  2.034679E-08  2.043707E-08
  7.044000E+03  1.110376E-05  1.064637E-04  1.034719E-06  1.911393E-04 -1.687714E-02  2.034651E-08  2.046341E-08
  7.045000E+03  1.059240E-05  1.059642E-04 -1.005771E-06  1.920531E-04 -1.903707E-02  2.034706E-08  2.045312E-08
  7.046000E+03  9.792830E-06  1.061810E-04  7.058689E-07  1.916398E-04 -1.031674E-02  2.034744E-08  2.043639E-08
  7.047000E+03  1.101308E-05  1.064146E-04  1.268531E-06  1.912467E-04 -1.893134E-02  2.034779E-08  2.046351E-08
  7.048000E+03  1.074489E-05  1.059103E-04 -9.540110E-07  1.921480E-04 -1.701489E-02  2.034750E-08  2.045570E-08
  7.049000E+03  9.750427E-06  1.063023E-04  4.357243E-07  1.914292E-04 -1.076773E-02  2.034817E-08  2.043677E-08
  7.050000E+03  1.089658E-05  1.063278E-04  1.453412E-06  1.914212E-04 -2.038676E-02  2.034918E-08  2.046292E-08
  7.051000E+03  1.088551E-05  1.059063E-04 -8.402243E-07  1.921542E-04 -1.482459E-02  2.034810E-08  2.045830E-08
  7.052000E+03  9.744926E-06  1.063948E-04  1.578583E-07  1.912655E-04 -1.205567E-02  2.034818E-08  2.043730E-08
  7.053000E+03  1.075766E-05  1.062179E-04  1.583315E-06  1.916213E-04 -2.095930E-02  2.034915E-08  2.046013E-08
  7.054000E+03  1.101241E-05  1.059489E-04 -6.696631E-07  1.920679E-04 -1.287747E-02  2.034771E-08  2.045985E-08
  7.055000E+03  9.771775E-06  1.064432E-04 -1.201098E-07  1.911733E-04 -1.390029E-02  2.034712E-08  2.043743E-08
  7.056000E+03  1.060631E-05  1.061062E-04  1.658861E-06  1.918084E-04 -2.059200E-02  2.034776E-08  2.045543E-08
  7.057000E+03  1.112007E-05  1.060286E-04 -4.576263E-07  1.919129E-04 -1.148294E-02  2.034690E-08  2.046092E-08
  7.058000E+03  9.826566E-06  1.064473E-04 -3.833119E-07  1.911618E-04 -1.596636E-02  2.034605E-08  2.043803E-08
  7.059000E+03  1.045340E-05  1.060128E-04  1.679586E-06  1.919598E-04 -1.944223E-02  2.034636E-08  2.045049E-08
  7.060000E+03  1.119999E-05  1.061299E-04 -2.187465E-07  1.917222E-04 -1.083536E-02  2.034626E-08  2.046193E-08
  7.061000E+03  9.910346E-06  1.064111E-04 -6.155861E-07  1.912289E-04 -1.788513E-02  2.034563E-08  2.043966E-08
  7.062000E+03  1.030134E-05  1.059514E-04  1.641331E-06  1.920551E-04 -1.777436E-02  2.034530E-08  2.044582E-08
  7.063000E+03  1.125005E-05  1.062333E-04  4.396506E-08  1.915294E-04 -1.098683E-02  2.034556E-08  2.046257E-08
  7.064000E+03  1.002176E-05  1.063419E-04 -8.115043E-07  1.913562E-04 -1.934201E-02  2.034536E-08  2.044175E-08
  7.065000E+03  1.015123E-05  1.059289E-04  1.545875E-06  1.920813E-04 -1.587728E-02  2.034439E-08  2.044136E-08
  7.066000E+03  1.127183E-05  1.063209E-04  3.269631E-07  1.913642E-04 -1.185824E-02  2.034458E-08  2.046258E-08
  7.067000E+03  1.015415E-05  1.062522E-04 -9.685306E-07  1.915174E-04 -2.012937E-02  2.034503E-08  2.044391E-08
  7.068000E+03  1.001200E-05  1.059463E-04  1.398992E-06  1.920377E-04 -1.407037E-02  2.034367E-08  2.043745E-08
  7.069000E+03  1.126435E-05  1.063809E-04  6.131492E-07  1.912506E-04 -1.326678E-02  2.034362E-08  2.046216E-08
  7.070000E+03  1.030010E-05  1.061566E-04 -1.078379E-06  1.916863E-04 -2.017881E-02  2.034462E-08  2.044601E-08
  7.071000E+03  9.892007E-06  1.059996E-04  1.208375E-06  1.919356E-04 -1.260280E-02  2.034349E-08  2.043463E-08
  7.072000E+03  1.122385E-05  1.064092E-04  8.889113E-07  1.912019E-04 -1.498701E-02  2.034336E-08  2.046180E-08
  7.073000E+03  1.045696E-05  1.060671E-04 -1.131198E-06  1.918433E-04 -1.954828E-02  2.034437E-08  2.044829E-08
  7.074000E+03  9.797381E-06  1.060817E-04  9.741251E-07  1.917905E-04 -1.163349E-02  2.034408E-08  2.043330E-08
  7.075000E+03  1.114778E-05  1.064054E-04  1.144140E-06  1.912232E-04 -1.678717E-02  2.034431E-08  2.046189E-08
  7.076000E+03  1.062006E-05  1.059967E-04 -1.117879E-06  1.919713E-04 -1.835536E-02  2.034489E-08  2.045135E-08
  7.077000E+03  9.732041E-06  1.061797E-04  7.022920E-07  1.916250E-04 -1.128671E-02  2.034538E-08  2.043348E-08
  7.078000E+03  1.104081E-05  1.063686E-04  1.366955E-06  1.913107E-04 -1.840113E-02  2.034602E-08  2.046199E-08
  7.079000E+03  1.077984E-05  1.059549E-04 -1.039641E-06  1.920507E-04 -1.675898E-02  2.034585E-08  2.045474E-08
  7.080000E+03  9.699575E-06  1.062751E-04  4.089955E-07  1.914607E-04 -1.163898E-02  2.034613E-08  2.043394E-08
  7.081000E+03  1.090913E-05  1.063011E-04  1.544856E-06  1.914477E-04 -1.954831E-02  2.034721E-08  2.046086E-08
  7.082000E+03  1.092490E-05  1.059499E-04 -8.991449E-07  1.920608E-04 -1.500208E-02  2.034654E-08  2.045765E-08
  7.083000E+03  9.704015E-06  1.063523E-04  1.137112E-07  1.913251E-04 -1.266307E-02  2.034624E-08  2.043463E-08
  7.084000E+03  1.075903E-05  1.062122E-04  1.664349E-06  1.916129E-04 -2.003155E-02  2.034754E-08  2.045824E-08
  7.085000E+03  1.104782E-05  1.059852E-04 -7.027068E-07  1.919959E-04 -1.337019E-02  2.034691E-08  2.045996E-08
  7.086000E+03  9.744983E-06  1.063994E-04 -1.683332E-07  1.912457E-04 -1.419249E-02  2.034639E-08  2.043612E-08
  7.087000E+03  1.059895E-05  1.061184E-04  1.718989E-06  1.917800E-04 -1.977267E-02  2.034740E-08  2.045469E-08
  7.088000E+03  1.114288E-05  1.060558E-04 -4.623641E-07  1.918684E-04 -1.215046E-02  2.034726E-08  2.046195E-08
  7.089000E+03  9.818993E-06  1.064084E-04 -4.226662E-07  1.912404E-04 -1.594601E-02  2.034700E-08  2.043865E-08
  7.090000E+03  1.043927E-05  1.060388E-04  1.706887E-06  1.919188E-04 -1.881878E-02  2.034725E-08  2.045094E-08
  7.091000E+03  1.120486E-05  1.061463E-04 -1.945319E-07  1.917043E-04 -1.159725E-02  2.034733E-08  2.046330E-08
  7.092000E+03  9.921718E-06  1.063777E-04 -6.350927E-07  1.913080E-04 -1.756716E-02  2.034776E-08  2.044172E-08
  7.093000E+03  1.029084E-05  1.059912E-04  1.627461E-06  1.920022E-04 -1.735346E-02  2.034748E-08  2.044769E-08
  7.094000E+03  1.123135E-05  1.062364E-04  8.105769E-08  1.915419E-04 -1.181213E-02  2.034730E-08  2.046412E-08
  7.095000E+03  1.004678E-05  1.063148E-04 -7.953432E-07  1.914294E-04 -1.873314E-02  2.034821E-08  2.044468E-08
  7.096000E+03  1.015901E-05  1.059826E-04  1.488945E-06  1.920145E-04 -1.570556E-02  2.034768E-08  2.044475E-08
  7.097000E+03  1.122473E-05  1.063080E-04  3.516440E-07  1.914134E-04 -1.269321E-02  2.034713E-08  2.046430E-08
  7.098000E+03  1.018720E-05  1.062335E-04 -9.021576E-07  1.915757E-04 -1.925074E-02  2.034799E-08  2.044701E-08
  7.099000E+03  1.004416E-05  1.060108E-04  1.305061E-06  1.919560E-04 -1.422013E-02  2.034736E-08  2.044177E-08
  7.100000E+03  1.119092E-05  1.063489E-04  6.113419E-07  1.913391E-04 -1.402150E-02  2.034672E-08  2.046379E-08
  7.101000E+03  1.033214E-05  1.061509E-04 -9.582407E-07  1.917177E-04 -1.906786E-02  2.034730E-08  2.044875E-08
  7.102000E+03  9.950186E-06  1.060678E-04  1.094203E-06  1.918440E-04 -1.316590E-02  2.034671E-08  2.043908E-08
  7.103000E+03  1.113478E-05  1.063568E-04  8.482088E-07  1.913282E-04 -1.550672E-02  2.034661E-08  2.046312E-08
  7.104000E+03  1.047087E-05  1.060840E-04 -9.641195E-07  1.918324E-04 -1.829582E-02  2.034695E-08  2.045059E-08
  7.105000E+03  9.884487E-06  1.061383E-04  8.716534E-07  1.917110E-04 -1.267192E-02  2.034624E-08  2.043735E-08
  7.106000E+03  1.105706E-05  1.063349E-04  1.046720E-06  1.913725E-04 -1.685326E-02  2.034669E-08  2.046208E-08
  7.107000E+03  1.060012E-05  1.060424E-04 -9.185384E-07  1.919028E-04 -1.716657E-02  2.034684E-08  2.045244E-08
  7.108000E+03  9.849240E-06  1.062060E-04  6.420846E-07  1.915837E-04 -1.274682E-02  2.034569E-08  2.043628E-08
  7.109000E+03  1.095825E-05  1.062890E-04  1.202089E-06  1.914542E-04 -1.782820E-02  2.034624E-08  2.045993E-08
  7.110000E+03  1.072073E-05  1.060289E-04 -8.231676E-07  1.919174E-04 -1.593436E-02  2.034620E-08  2.045366E-08
  7.111000E+03  9.841125E-06  1.062606E-04  4.066643E-07  1.914807E-04 -1.330476E-02  2.034506E-08  2.043576E-08
  7.112000E+03  1.084514E-05  1.062290E-04  1.315166E-06  1.915557E-04 -1.832706E-02  2.034536E-08  2.045687E-08
  7.113000E+03  1.082867E-05  1.060419E-04 -6.882404E-07  1.918807E-04 -1.480289E-02  2.034518E-08  2.045437E-08
  7.114000E+03  9.856506E-06  1.062966E-04  1.766135E-07  1.914143E-04 -1.419534E-02  2.034464E-08  2.043597E-08
  7.115000E+03  1.072598E-05  1.061673E-04  1.386214E-06  1.916602E-04 -1.833890E-02  2.034463E-08  2.045368E-08
  7.116000E+03  1.091883E-05  1.060772E-04 -5.259181E-07  1.918081E-04 -1.392586E-02  2.034449E-08  2.045523E-08
  7.117000E+03  9.893369E-06  1.063097E-04 -3.608496E-08  1.913915E-04 -1.525648E-02  2.034440E-08  2.043674E-08
  7.118000E+03  1.060458E-05  1.061146E-04  1.416003E-06  1.917526E-04 -1.787933E-02  2.034451E-08  2.045093E-08
  7.119000E+03  1.098660E-05  1.061272E-04 -3.399722E-07  1.917141E-04 -1.344212E-02  2.034423E-08  2.045626E-08
  7.120000E+03  9.952422E-06  1.062993E-04 -2.228033E-07  1.914130E-04 -1.629595E-02  2.034436E-08  2.043807E-08
  7.121000E+03  1.048508E-05  1.060792E-04  1.399581E-06  1.918166E-04 -1.707479E-02  2.034478E-08  2.044854E-08
  7.122000E+03  1.103014E-05  1.061817E-04 -1.370946E-07  1.916168E-04 -1.339714E-02  2.034438E-08  2.045738E-08
  7.123000E+03  1.003070E-05  1.062688E-04 -3.772555E-07  1.914724E-04 -1.712238E-02  2.034456E-08  2.043989E-08
  7.124000E+03  1.037262E-05  1.060657E-04  1.338506E-06  1.918416E-04 -1.610965E-02  2.034516E-08  2.044638E-08
  7.125000E+03  1.104985E-05  1.062305E-04  7.202087E-08  1.915341E-04 -1.375712E-02  2.034484E-08  2.045848E-08
  7.126000E+03  1.012308E-05  1.062252E-04 -4.958933E-07  1.915569E-04 -1.758835E-02  2.034502E-08  2.044208E-08
  7.127000E+03  1.027287E-05  1.060756E-04  1.238210E-06  1.918229E-04 -1.519555E-02  2.034538E-08  2.044439E-08
  7.128000E+03  1.104521E-05  1.062648E-04  2.764273E-07  1.914805E-04 -1.443759E-02  2.034551E-08  2.045938E-08
  7.129000E+03  1.022560E-05  1.061776E-04 -5.742864E-07  1.916497E-04 -1.762291E-02  2.034576E-08  2.044460E-08
  7.130000E+03  1.019046E-05  1.061060E-04  1.102714E-06  1.917683E-04 -1.449012E-02  2.034563E-08  2.044287E-08
  7.131000E+03  1.101780E-05  1.062783E-04  4.654767E-07  1.914632E-04 -1.531522E-02  2.034599E-08  2.045965E-08
  7.132000E+03  1.033196E-05  1.061344E-04 -6.102038E-07  1.917320E-04 -1.724183E-02  2.034633E-08  2.044693E-08
  7.133000E+03  1.012922E-05  1.061495E-04  9.413838E-07  1.916904E-04 -1.408864E-02  2.034582E-08  2.044182E-08
  7.134000E+03  1.097038E-05  1.062701E-04  6.291104E-07  1.914830E-04 -1.620337E-02  2.034625E-08  2.045926E-08
  7.135000E+03  1.043516E-05  1.061043E-04 -6.032084E-07  1.917881E-04 -1.655681E-02  2.034675E-08  2.044899E-08
  7.136000E+03  1.009140E-05  1.061975E-04  7.663759E-07  1.916066E-04 -1.405661E-02  2.034613E-08  2.044148E-08
  7.137000E+03  1.090665E-05  1.062433E-04  7.596268E-07  1.915384E-04 -1.689634E-02  2.034676E-08  2.045870E-08
  7.138000E+03  1.052727E-05  1.060959E-04 -5.539567E-07  1.918058E-04 -1.573742E-02  2.034730E-08  2.045098E-08
  7.139000E+03  1.007625E-05  1.062402E-04  5.942463E-07  1.915386E-04 -1.440707E-02  2.034700E-08  2.044223E-08
  7.140000E+03  1.083237E-05  1.062037E-04  8.536275E-07  1.916188E-04 -1.724018E-02  2.034761E-08  2.045811E-08
  7.141000E+03  1.060404E-05  1.061112E-04 -4.703884E-07  1.917823E-04 -1.495224E-02  2.034799E-08  2.045291E-08
  7.142000E+03  1.008039E-05  1.062660E-04  4.364423E-07  1.915022E-04 -1.506840E-02  2.034787E-08  2.044341E-08
  7.143000E+03  1.075337E-05  1.061605E-04  9.128924E-07  1.917004E-04 -1.717075E-02  2.034800E-08  2.045683E-08
  7.144000E+03  1.066344E-05  1.061435E-04 -3.624588E-07  1.917234E-04 -1.439214E-02  2.034809E-08  2.045405E-08
  7.145000E+03  1.010166E-05  1.062680E-04  2.988922E-07  1.915021E-04 -1.585421E-02  2.034800E-08  2.044415E-08
  7.146000E+03  1.067635E-05  1.061248E-04  9.360547E-07  1.917606E-04 -1.671657E-02  2.034771E-08  2.045481E-08
  7.147000E+03  1.070413E-05  1.061841E-04 -2.425010E-07  1.916455E-04 -1.419136E-02  2.034765E-08  2.045443E-08
  7.148000E+03  1.013611E-05  1.062485E-04  1.876557E-07  1.915369E-04 -1.655857E-02  2.034771E-08  2.044465E-08
  7.149000E+03  1.060843E-05  1.061062E-04  9.249401E-07  1.917891E-04 -1.600336E-02  2.034740E-08  2.045290E-08
  7.150000E+03  1.072783E-05  1.062235E-04 -1.263046E-07  1.915702E-04 -1.438617E-02  2.034715E-08  2.045456E-08
  7.151000E+03  1.017939E-05  1.062134E-04  1.030012E-07  1.915987E-04 -1.700704E-02  2.034741E-08  2.044518E-08
  7.152000E+03  1.054929E-05  1.061099E-04  8.885673E-07  1.917802E-04 -1.522187E-02  2.034741E-08  2.045152E-08
  7.153000E+03  1.073863E-05  1.062522E-04 -1.671549E-08  1.915182E-04 -1.492089E-02  2.034696E-08  2.045483E-08
  7.154000E+03  1.022819E-05  1.061711E-04  3.954116E-08  1.916719E-04 -1.709620E-02  2.034705E-08  2.044565E-08
  7.155000E+03  1.049745E-05  1.061340E-04  8.348706E-07  1.917328E-04 -1.459517E-02  2.034719E-08  2.045015E-08
  7.156000E+03  1.073857E-05  1.062615E-04  8.752217E-08  1.915012E-04 -1.565895E-02  2.034672E-08  2.045485E-08
  7.157000E+03  1.027754E-05  1.061315E-04 -2.552907E-09  1.917355E-04 -1.680408E-02  2.034630E-08  2.044562E-08
  7.158000E+03  1.045451E-05  1.061696E-04  7.724344E-07  1.916593E-04 -1.427059E-02  2.034631E-08  2.044842E-08
  7.159000E+03  1.073100E-05  1.062504E-04  1.802727E-07  1.915186E-04 -1.639498E-02  2.034619E-08  2.045438E-08
  7.160000E+03  1.032311E-05  1.061030E-04 -2.634165E-08  1.917765E-04 -1.620602E-02  2.034539E-08  2.044530E-08
  7.161000E+03  1.042247E-05  1.062083E-04  7.082880E-07  1.915773E-04 -1.429956E-02  2.034501E-08  2.044663E-08
  7.162000E+03  1.071744E-05  1.062222E-04  2.562595E-07  1.915650E-04 -1.696392E-02  2.034553E-08  2.045357E-08
  7.163000E+03  1.036362E-05  1.060935E-04 -3.375404E-08  1.917872E-04 -1.543548E-02  2.034496E-08  2.044536E-08
  7.164000E+03  1.040224E-05  1.062438E-04  6.441801E-07  1.915065E-04 -1.468725E-02  2.034418E-08  2.044562E-08
  7.165000E+03  1.069847E-05  1.061819E-04  3.131298E-07  1.916334E-04 -1.726600E-02  2.034498E-08  2.045265E-08
  7.166000E+03  1.039817E-05  1.061051E-04 -2.518938E-08  1.917628E-04 -1.466086E-02  2.034482E-08  2.044567E-08
  7.167000E+03  1.039227E-05  1.062686E-04  5.832934E-07  1.914623E-04 -1.534772E-02  2.034402E-08  2.044554E-08
  7.168000E+03  1.067675E-05  1.061358E-04  3.517483E-07  1.917092E-04 -1.724962E-02  2.034418E-08  2.045131E-08
  7.169000E+03  1.042735E-05  1.061345E-04 -6.511280E-09  1.917056E-04 -1.402377E-02  2.034458E-08  2.044587E-08
  7.170000E+03  1.038816E-05  1.062768E-04  5.281591E-07  1.914519E-04 -1.614940E-02  2.034425E-08  2.044595E-08
  7.171000E+03  1.065457E-05  1.060940E-04  3.789816E-07  1.917785E-04 -1.687632E-02  2.034365E-08  2.045013E-08
  7.172000E+03  1.045016E-05  1.061763E-04  1.855101E-08  1.916255E-04 -1.368882E-02  2.034419E-08  2.044593E-08
  7.173000E+03  1.038923E-05  1.062660E-04  4.814343E-07  1.914771E-04 -1.694978E-02  2.034458E-08  2.044651E-08
  7.174000E+03  1.063393E-05  1.060646E-04  3.945081E-07  1.918290E-04 -1.618403E-02  2.034361E-08  2.044940E-08
  7.175000E+03  1.046435E-05  1.062241E-04  4.788721E-08  1.915359E-04 -1.374030E-02  2.034382E-08  2.044599E-08
  7.176000E+03  1.039593E-05  1.062344E-04  4.471811E-07  1.915358E-04 -1.762378E-02  2.034452E-08  2.044670E-08
  7.177000E+03  1.061688E-05  1.060543E-04  3.956315E-07  1.918477E-04 -1.524382E-02  2.034391E-08  2.044905E-08
  7.178000E+03  1.046760E-05  1.062708E-04  7.936426E-08  1.914518E-04 -1.420350E-02  2.034368E-08  2.044620E-08
  7.179000E+03  1.040698E-05  1.061852E-04  4.311923E-07  1.916241E-04 -1.801952E-02  2.034434E-08  2.044672E-08
  7.180000E+03  1.060598E-05  1.060705E-04  3.827457E-07  1.918228E-04 -1.423409E-02  2.034467E-08  2.044933E-08
  7.181000E+03  1.046145E-05  1.063080E-04  1.065332E-07  1.913974E-04 -1.503145E-02  2.034479E-08  2.044756E-08
  7.182000E+03  1.041872E-05  1.061296E-04  4.335092E-07  1.917330E-04 -1.798710E-02  2.034526E-08  2.044770E-08
  7.183000E+03  1.060238E-05  1.061138E-04  3.622352E-07  1.917555E-04 -1.341295E-02  2.034608E-08  2.045052E-08
  7.184000E+03  1.045074E-05  1.063257E-04  1.229209E-07  1.913900E-04 -1.609869E-02  2.034705E-08  2.045000E-08
  7.185000E+03  1.042755E-05  1.060788E-04  4.474663E-07  1.918401E-04 -1.746798E-02  2.034707E-08  2.044937E-08
  7.186000E+03  1.060616E-05  1.061751E-04  3.412471E-07  1.916562E-04 -1.298201E-02  2.034741E-08  2.045195E-08
  7.187000E+03  1.044034E-05  1.063140E-04  1.242255E-07  1.914304E-04 -1.721591E-02  2.034872E-08  2.045179E-08
  7.188000E+03  1.043027E-05  1.060421E-04  4.660510E-07  1.919160E-04 -1.650603E-02  2.034841E-08  2.045035E-08
  7.189000E+03  1.061691E-05  1.062425E-04  3.265950E-07  1.915401E-04 -1.305600E-02  2.034796E-08  2.045293E-08
  7.190000E+03  1.043301E-05  1.062719E-04  1.088919E-07  1.915141E-04 -1.814286E-02  2.034921E-08  2.045231E-08
  7.191000E+03  1.042319E-05  1.060301E-04  4.868241E-07  1.919392E-04 -1.526403E-02  2.034897E-08  2.045037E-08
  7.192000E+03  1.063365E-05  1.063053E-04  3.264900E-07  1.914331E-04 -1.365723E-02  2.034846E-08  2.045412E-08
  7.193000E+03  1.043189E-05  1.062073E-04  7.619932E-08  1.916330E-04 -1.867088E-02  2.034927E-08  2.045234E-08
  7.194000E+03  1.040415E-05  1.060478E-04  5.053551E-07  1.919031E-04 -1.399178E-02  2.034890E-08  2.044960E-08
  7.195000E+03  1.065279E-05  1.063505E-04  3.483684E-07  1.913595E-04 -1.469699E-02  2.034898E-08  2.045548E-08
  7.196000E+03  1.043829E-05  1.061339E-04  3.226850E-08  1.917649E-04 -1.865951E-02  2.034922E-08  2.045222E-08
  7.197000E+03  1.037615E-05  1.060930E-04  5.164556E-07  1.918165E-04 -1.293839E-02  2.034868E-08  2.044865E-08
  7.198000E+03  1.067052E-05  1.063682E-04  3.894670E-07  1.913326E-04 -1.602542E-02  2.034910E-08  2.045643E-08
  7.199000E+03  1.045347E-05  1.060645E-04 -1.633630E-08  1.918860E-04 -1.807340E-02  2.034897E-08  2.045189E-08
  7.200000E+03  1.034292E-05  1.061597E-04  5.143975E-07  1.916910E-04 -1.231562E-02  2.034832E-08  2.044767E-08
  7.201000E+03  1.068263E-05  1.063527E-04  4.458864E-07  1.913606E-04 -1.743060E-02  2.034862E-08  2.045662E-08
  7.202000E+03  1.047965E-05  1.060118E-04 -6.306478E-08  1.919703E-04 -1.699685E-02  2.034817E-08  2.045112E-08
  7.203000E+03  1.030704E-05  1.062344E-04  4.924796E-07  1.915474E-04 -1.226484E-02  2.034740E-08  2.044629E-08
  7.204000E+03  1.068662E-05  1.063039E-04  5.145745E-07  1.914413E-04 -1.860255E-02  2.034745E-08  2.045579E-08
  7.205000E+03  1.051587E-05  1.059859E-04 -1.020713E-07  1.919982E-04 -1.560381E-02  2.034661E-08  2.044976E-08
  7.206000E+03  1.027103E-05  1.063041E-04  4.505152E-07  1.914118E-04 -1.280883E-02  2.034620E-08  2.044479E-08
  7.207000E+03  1.068175E-05  1.062319E-04  5.910878E-07  1.915630E-04 -1.930445E-02  2.034630E-08  2.045461E-08
  7.208000E+03  1.055811E-05  1.059939E-04 -1.284317E-07  1.919659E-04 -1.414816E-02  2.034517E-08  2.044871E-08
  7.209000E+03  1.023765E-05  1.063585E-04  3.941872E-07  1.913092E-04 -1.389204E-02  2.034539E-08  2.044385E-08
  7.210000E+03  1.066714E-05  1.061488E-04  6.706591E-07  1.917063E-04 -1.943911E-02  2.034555E-08  2.045342E-08
  7.211000E+03  1.060283E-05  1.060350E-04 -1.373409E-07  1.918806E-04 -1.285853E-02  2.034438E-08  2.044849E-08
  7.212000E+03  1.021274E-05  1.063873E-04  3.256510E-07  1.912561E-04 -1.535670E-02  2.034483E-08  2.044337E-08
  7.213000E+03  1.064117E-05  1.060655E-04  7.429539E-07  1.918471E-04 -1.897217E-02  2.034469E-08  2.045172E-08
  7.214000E+03  1.064782E-05  1.061020E-04 -1.236322E-07  1.917513E-04 -1.193527E-02  2.034374E-08  2.044864E-08
  7.215000E+03  1.019974E-05  1.063836E-04  2.463703E-07  1.912617E-04 -1.696263E-02  2.034417E-08  2.044297E-08
  7.216000E+03  1.060454E-05  1.059962E-04  8.004192E-07  1.919613E-04 -1.793004E-02  2.034390E-08  2.044974E-08
  7.217000E+03  1.069308E-05  1.061866E-04 -8.875252E-08  1.915936E-04 -1.159054E-02  2.034331E-08  2.044922E-08
  7.218000E+03  1.019776E-05  1.063470E-04  1.571053E-07  1.913329E-04 -1.842657E-02  2.034422E-08  2.044335E-08
  7.219000E+03  1.055834E-05  1.059551E-04  8.439181E-07  1.920290E-04 -1.646371E-02  2.034370E-08  2.044810E-08
  7.220000E+03  1.073804E-05  1.062747E-04 -3.439526E-08  1.914357E-04 -1.192382E-02  2.034333E-08  2.045048E-08
  7.221000E+03  1.020633E-05  1.062802E-04  5.944211E-08  1.914581E-04 -1.952017E-02  2.034433E-08  2.044377E-08
  7.222000E+03  1.050360E-05  1.059472E-04  8.735316E-07  1.920360E-04 -1.477539E-02  2.034346E-08  2.044628E-08
  7.223000E+03  1.078058E-05  1.063521E-04  3.920310E-08  1.912986E-04 -1.289111E-02  2.034331E-08  2.045183E-08
  7.224000E+03  1.022560E-05  1.061917E-04 -4.254490E-08  1.916174E-04 -2.006965E-02  2.034408E-08  2.044382E-08
  7.225000E+03  1.044255E-05  1.059763E-04  8.870309E-07  1.919776E-04 -1.310767E-02  2.034333E-08  2.044456E-08
  7.226000E+03  1.081657E-05  1.064084E-04  1.310881E-07  1.912059E-04 -1.437184E-02  2.034381E-08  2.045369E-08
  7.227000E+03  1.025740E-05  1.060957E-04 -1.420732E-07  1.917939E-04 -1.994298E-02  2.034447E-08  2.044451E-08
  7.228000E+03  1.037830E-05  1.060438E-04  8.781012E-07  1.918603E-04 -1.173726E-02  2.034420E-08  2.044398E-08
  7.229000E+03  1.084139E-05  1.064331E-04  2.389685E-07  1.911814E-04 -1.619054E-02  2.034536E-08  2.045639E-08
  7.230000E+03  1.030301E-05  1.060076E-04 -2.309495E-07  1.919624E-04 -1.908803E-02  2.034577E-08  2.044616E-08
  7.231000E+03  1.031141E-05  1.061398E-04  8.436920E-07  1.916958E-04 -1.095231E-02  2.034534E-08  2.044387E-08
  7.232000E+03  1.085403E-05  1.064146E-04  3.625468E-07  1.912341E-04 -1.805640E-02  2.034678E-08  2.045862E-08
  7.233000E+03  1.036190E-05  1.059425E-04 -3.067490E-07  1.920836E-04 -1.758370E-02  2.034667E-08  2.044753E-08
  7.234000E+03  1.024351E-05  1.062463E-04  7.834467E-07  1.915093E-04 -1.092957E-02  2.034593E-08  2.044347E-08
  7.235000E+03  1.085365E-05  1.063528E-04  4.993211E-07  1.913559E-04 -1.961583E-02  2.034731E-08  2.045950E-08
  7.236000E+03  1.043209E-05  1.059143E-04 -3.660263E-07  1.921316E-04 -1.565492E-02  2.034698E-08  2.044850E-08
  7.237000E+03  1.018012E-05  1.063488E-04  6.966502E-07  1.913347E-04 -1.169817E-02  2.034681E-08  2.044368E-08
  7.238000E+03  1.083743E-05  1.062576E-04  6.405863E-07  1.915336E-04 -2.061346E-02  2.034757E-08  2.045954E-08
  7.239000E+03  1.051096E-05  1.059309E-04 -4.009151E-07  1.920973E-04 -1.361134E-02  2.034716E-08  2.044960E-08
  7.240000E+03  1.012850E-05  1.064309E-04  5.823103E-07  1.912022E-04 -1.319447E-02  2.034806E-08  2.044465E-08
  7.241000E+03  1.080294E-05  1.061448E-04  7.738088E-07  1.917438E-04 -2.083000E-02  2.034819E-08  2.045929E-08
  7.242000E+03  1.059466E-05  1.059931E-04 -4.032306E-07  1.919837E-04 -1.181008E-02  2.034752E-08  2.045118E-08
  7.243000E+03  1.009238E-05  1.064742E-04  4.450332E-07  1.911399E-04 -1.521157E-02  2.034911E-08  2.044577E-08
  7.244000E+03  1.075136E-05  1.060351E-04  8.905151E-07  1.919484E-04 -2.013169E-02  2.034915E-08  2.045877E-08
  7.245000E+03  1.067613E-05  1.060917E-04 -3.692839E-07  1.918055E-04 -1.063449E-02  2.034783E-08  2.045296E-08
  7.246000E+03  1.007484E-05  1.064671E-04  2.963466E-07  1.911638E-04 -1.740708E-02  2.034957E-08  2.044656E-08
  7.247000E+03  1.068400E-05  1.059491E-04  9.834154E-07  1.921037E-04 -1.862725E-02  2.034968E-08  2.045732E-08
  7.248000E+03  1.074918E-05  1.062074E-04 -2.964148E-07  1.915972E-04 -1.029679E-02  2.034797E-08  2.045473E-08
  7.249000E+03  1.007854E-05  1.064099E-04  1.463888E-07  1.912688E-04 -1.935844E-02  2.034908E-08  2.044657E-08
  7.250000E+03  1.060332E-05  1.059004E-04  1.045002E-06  1.921793E-04 -1.659739E-02  2.034905E-08  2.045440E-08
  7.251000E+03  1.081226E-05  1.063206E-04 -1.882799E-07  1.913940E-04 -1.082945E-02  2.034792E-08  2.045641E-08
  7.252000E+03  1.010246E-05  1.063136E-04 -8.466023E-10  1.914398E-04 -2.069843E-02  2.034829E-08  2.044637E-08
  7.253000E+03  1.051584E-05  1.058987E-04  1.071777E-06  1.921636E-04 -1.440265E-02  2.034776E-08  2.045076E-08
  7.254000E+03  1.086288E-05  1.064140E-04 -5.579679E-08  1.912283E-04 -1.219114E-02  2.034785E-08  2.045803E-08
  7.255000E+03  1.014544E-05  1.061961E-04 -1.393270E-07  1.916499E-04 -2.121713E-02  2.034788E-08  2.044660E-08
  7.256000E+03  1.042954E-05  1.059436E-04  1.059252E-06  1.920640E-04 -1.240759E-02  2.034638E-08  2.044723E-08
  7.257000E+03  1.089552E-05  1.064704E-04  8.968796E-08  1.911261E-04 -1.416494E-02  2.034723E-08  2.045886E-08
  7.258000E+03  1.020519E-05  1.060754E-04 -2.560441E-07  1.918599E-04 -2.083511E-02  2.034721E-08  2.044660E-08
  7.259000E+03  1.034969E-05  1.060258E-04  1.007495E-06  1.918982E-04 -1.090088E-02  2.034495E-08  2.044403E-08
  7.260000E+03  1.090795E-05  1.064800E-04  2.395007E-07  1.911020E-04 -1.640908E-02  2.034580E-08  2.045844E-08
  7.261000E+03  1.027725E-05  1.059705E-04 -3.426738E-07  1.920329E-04 -1.963437E-02  2.034590E-08  2.044599E-08
  7.262000E+03  1.027659E-05  1.061342E-04  9.252318E-07  1.916913E-04 -1.011663E-02  2.034396E-08  2.044169E-08
  7.263000E+03  1.090262E-05  1.064418E-04  3.909415E-07  1.911643E-04 -1.856361E-02  2.034437E-08  2.045752E-08
  7.264000E+03  1.035611E-05  1.058975E-04 -3.994316E-07  1.921435E-04 -1.779720E-02  2.034430E-08  2.044511E-08
  7.265000E+03  1.021359E-05  1.062522E-04  8.206854E-07  1.914727E-04 -1.020170E-02  2.034335E-08  2.044023E-08
  7.266000E+03  1.088009E-05  1.063604E-04  5.368158E-07  1.913051E-04 -2.029072E-02  2.034311E-08  2.045618E-08
  7.267000E+03  1.043744E-05  1.058655E-04 -4.237346E-07  1.921751E-04 -1.558395E-02  2.034225E-08  2.044383E-08
  7.268000E+03  1.016426E-05  1.063616E-04  6.994711E-07  1.912689E-04 -1.116830E-02  2.034239E-08  2.043895E-08
  7.269000E+03  1.084174E-05  1.062487E-04  6.687652E-07  1.915023E-04 -2.131895E-02  2.034224E-08  2.045462E-08
  7.270000E+03  1.051851E-05  1.058840E-04 -4.160395E-07  1.921231E-04 -1.332114E-02  2.034095E-08  2.044343E-08
  7.271000E+03  1.012971E-05  1.064464E-04  5.661175E-07  1.911183E-04 -1.289626E-02  2.034217E-08  2.043884E-08
  7.272000E+03  1.079069E-05  1.061269E-04  7.818598E-07  1.917292E-04 -2.145831E-02  2.034294E-08  2.045406E-08
  7.273000E+03  1.059635E-05  1.059539E-04 -3.800547E-07  1.919986E-04 -1.138085E-02  2.034169E-08  2.044523E-08
  7.274000E+03  1.011056E-05  1.064925E-04  4.260747E-07  1.910517E-04 -1.513941E-02  2.034324E-08  2.044037E-08
  7.275000E+03  1.072958E-05  1.060105E-04  8.726215E-07  1.919507E-04 -2.067305E-02  2.034444E-08  2.045383E-08
  7.276000E+03  1.066879E-05  1.060630E-04 -3.192405E-07  1.918131E-04 -1.007571E-02  2.034325E-08  2.044807E-08
  7.277000E+03  1.010806E-05  1.064868E-04  2.826475E-07  1.910791E-04 -1.754634E-02  2.034426E-08  2.044207E-08
  7.278000E+03  1.065842E-05  1.059146E-04  9.385277E-07  1.921221E-04 -1.906706E-02  2.034483E-08  2.045210E-08
  7.279000E+03  1.073353E-05  1.061928E-04 -2.316243E-07  1.915869E-04 -9.630708E-03  2.034420E-08  2.045050E-08
  7.280000E+03  1.012377E-05  1.064289E-04  1.391349E-07  1.911986E-04 -1.968737E-02  2.034511E-08  2.044370E-08
  7.281000E+03  1.057999E-05  1.058598E-04  9.740674E-07  1.922148E-04 -1.685939E-02  2.034492E-08  2.044985E-08
  7.282000E+03  1.078559E-05  1.063247E-04 -1.185790E-07  1.913603E-04 -1.018657E-02  2.034527E-08  2.045314E-08
  7.283000E+03  1.015870E-05  1.063298E-04  4.643958E-09  1.913966E-04 -2.120511E-02  2.034659E-08  2.044601E-08
  7.284000E+03  1.049697E-05  1.058603E-04  9.749082E-07  1.922162E-04 -1.439559E-02  2.034596E-08  2.044852E-08
  7.285000E+03  1.082055E-05  1.064371E-04  1.832847E-08  1.911773E-04 -1.170636E-02  2.034697E-08  2.045631E-08
  7.286000E+03  1.021270E-05  1.062043E-04 -1.118139E-07  1.916418E-04 -2.183988E-02  2.034834E-08  2.044860E-08
  7.287000E+03  1.041293E-05  1.059151E-04  9.382969E-07  1.921233E-04 -1.208321E-02  2.034727E-08  2.044763E-08
  7.288000E+03  1.083639E-05  1.065076E-04  1.736431E-07  1.910696E-04 -1.391868E-02  2.034838E-08  2.045894E-08
  7.289000E+03  1.028229E-05  1.060721E-04 -2.031954E-07  1.918893E-04 -2.144228E-02  2.034941E-08  2.045048E-08
  7.290000E+03  1.033434E-05  1.060151E-04  8.656987E-07  1.919451E-04 -1.034651E-02  2.034800E-08  2.044656E-08
  7.291000E+03  1.083374E-05  1.065211E-04  3.338438E-07  1.910568E-04 -1.645647E-02  2.034883E-08  2.046020E-08
  7.292000E+03  1.036209E-05  1.059561E-04 -2.661297E-07  1.920924E-04 -2.005387E-02  2.034928E-08  2.045108E-08
  7.293000E+03  1.026860E-05  1.061444E-04  7.616006E-07  1.917098E-04 -9.511267E-03  2.034801E-08  2.044539E-08
  7.294000E+03  1.081096E-05  1.064769E-04  4.854300E-07  1.911433E-04 -1.888614E-02  2.034871E-08  2.046030E-08
  7.295000E+03  1.044905E-05  1.058786E-04 -2.947632E-07  1.922189E-04 -1.791072E-02  2.034861E-08  2.045117E-08
  7.296000E+03  1.022078E-05  1.062805E-04  6.277782E-07  1.914636E-04 -9.709075E-03  2.034788E-08  2.044478E-08
  7.297000E+03  1.076894E-05  1.063836E-04  6.174731E-07  1.913143E-04 -2.077614E-02  2.034831E-08  2.045946E-08
  7.298000E+03  1.053514E-05  1.058542E-04 -2.839873E-07  1.922480E-04 -1.539716E-02  2.034784E-08  2.045119E-08
  7.299000E+03  1.019295E-05  1.064010E-04  4.785819E-07  1.912497E-04 -1.092143E-02  2.034796E-08  2.044502E-08
  7.300000E+03  1.071228E-05  1.062574E-04  7.218713E-07  1.915437E-04 -2.179181E-02  2.034811E-08  2.045815E-08
  7.301000E+03  1.060996E-05  1.058860E-04 -2.341329E-07  1.921752E-04 -1.294838E-02  2.034694E-08  2.045103E-08
  7.302000E+03  1.018701E-05  1.064842E-04  3.333251E-07  1.911025E-04 -1.294638E-02  2.034768E-08  2.044549E-08
  7.303000E+03  1.064497E-05  1.061199E-04  7.914067E-07  1.917897E-04 -2.175015E-02  2.034789E-08  2.045626E-08
  7.304000E+03  1.066856E-05  1.059665E-04 -1.490107E-07  1.920142E-04 -1.097991E-02  2.034584E-08  2.045066E-08
  7.305000E+03  1.020309E-05  1.065143E-04  2.018300E-07  1.910463E-04 -1.540804E-02  2.034673E-08  2.044568E-08
  7.306000E+03  1.057104E-05  1.059956E-04  8.223445E-07  1.920036E-04 -2.069064E-02  2.034717E-08  2.045344E-08
  7.307000E+03  1.071075E-05  1.060821E-04 -3.656007E-08  1.917949E-04 -9.822827E-03  2.034502E-08  2.045061E-08
  7.308000E+03  1.023814E-05  1.064869E-04  8.705919E-08  1.910908E-04 -1.788467E-02  2.034542E-08  2.044572E-08
  7.309000E+03  1.049859E-05  1.059037E-04  8.138968E-07  1.921493E-04 -1.881920E-02  2.034572E-08  2.044975E-08
  7.310000E+03  1.073383E-05  1.062127E-04  8.926518E-08  1.915538E-04 -9.637699E-03  2.034450E-08  2.045086E-08
  7.311000E+03  1.028838E-05  1.064099E-04 -2.318445E-09  1.912260E-04 -1.996235E-02  2.034430E-08  2.044597E-08
  7.312000E+03  1.043465E-05  1.058566E-04  7.676448E-07  1.922094E-04 -1.646536E-02  2.034388E-08  2.044580E-08
  7.313000E+03  1.073704E-05  1.063379E-04  2.150118E-07  1.913253E-04 -1.043425E-02  2.034402E-08  2.045107E-08
  7.314000E+03  1.034789E-05  1.062982E-04 -5.967240E-08  1.914278E-04 -2.133106E-02  2.034381E-08  2.044672E-08
  7.315000E+03  1.038101E-05  1.058628E-04  6.939620E-07  1.921802E-04 -1.400530E-02  2.034274E-08  2.044286E-08
  7.316000E+03  1.072520E-05  1.064372E-04  3.329225E-07  1.911479E-04 -1.209184E-02  2.034376E-08  2.045140E-08
  7.317000E+03  1.041103E-05  1.061712E-04 -8.990789E-08  1.916652E-04 -2.173669E-02  2.034451E-08  2.044837E-08
  7.318000E+03  1.033893E-05  1.059230E-04  6.030801E-07  1.920663E-04 -1.186230E-02  2.034281E-08  2.044159E-08
  7.319000E+03  1.070126E-05  1.064905E-04  4.379650E-07  1.910557E-04 -1.434560E-02  2.034352E-08  2.045158E-08
  7.320000E+03  1.047393E-05  1.060460E-04 -9.560799E-08  1.918922E-04 -2.110964E-02  2.034487E-08  2.044937E-08
  7.321000E+03  1.030907E-05  1.060257E-04  5.022414E-07  1.918798E-04 -1.038135E-02  2.034310E-08  2.044110E-08
  7.322000E+03  1.066624E-05  1.064884E-04  5.279275E-07  1.910611E-04 -1.682003E-02  2.034292E-08  2.045109E-08
  7.323000E+03  1.053449E-05  1.059408E-04 -7.706090E-08  1.920675E-04 -1.959436E-02  2.034388E-08  2.044876E-08
  7.324000E+03  1.029185E-05  1.061517E-04  3.952813E-07  1.916506E-04 -9.756130E-03  2.034308E-08  2.044088E-08
  7.325000E+03  1.062130E-05  1.064371E-04  6.009718E-07  1.911605E-04 -1.906015E-02  2.034288E-08  2.045076E-08
  7.326000E+03  1.059016E-05  1.058755E-04 -3.438403E-08  1.921712E-04 -1.747483E-02  2.034311E-08  2.044820E-08
  7.327000E+03  1.028888E-05  1.062837E-04  2.859583E-07  1.914197E-04 -1.010177E-02  2.034376E-08  2.044198E-08
  7.328000E+03  1.056833E-05  1.063473E-04  6.522607E-07  1.913435E-04 -2.070228E-02  2.034450E-08  2.045163E-08
  7.329000E+03  1.063880E-05  1.058647E-04  3.044939E-08  1.921913E-04 -1.508330E-02  2.034396E-08  2.044919E-08
  7.330000E+03  1.030046E-05  1.063977E-04  1.783169E-07  1.912288E-04 -1.142564E-02  2.034497E-08  2.044412E-08
  7.331000E+03  1.050924E-05  1.062297E-04  6.795503E-07  1.915762E-04 -2.147731E-02  2.034638E-08  2.045228E-08
  7.332000E+03  1.067828E-05  1.059080E-04  1.154001E-07  1.921173E-04 -1.280554E-02  2.034510E-08  2.045048E-08
  7.333000E+03  1.032637E-05  1.064697E-04  7.681459E-08  1.911097E-04 -1.347562E-02  2.034554E-08  2.044601E-08
  7.334000E+03  1.044886E-05  1.061012E-04  6.791592E-07  1.918102E-04 -2.125139E-02  2.034671E-08  2.045102E-08
  7.335000E+03  1.070419E-05  1.059969E-04  2.145671E-07  1.919573E-04 -1.101233E-02  2.034565E-08  2.045122E-08
  7.336000E+03  1.036619E-05  1.064904E-04 -9.325818E-09  1.910814E-04 -1.587751E-02  2.034577E-08  2.044780E-08
  7.337000E+03  1.039011E-05  1.059875E-04  6.493912E-07  1.920103E-04 -2.006437E-02  2.034660E-08  2.044909E-08
  7.338000E+03  1.071258E-05  1.061199E-04  3.254416E-07  1.917417E-04 -1.004337E-02  2.034657E-08  2.045235E-08
  7.339000E+03  1.042220E-05  1.064599E-04 -7.408931E-08  1.911548E-04 -1.823253E-02  2.034694E-08  2.045067E-08
  7.340000E+03  1.033264E-05  1.059111E-04  5.860274E-07  1.921491E-04 -1.812043E-02  2.034737E-08  2.044791E-08
  7.341000E+03  1.070130E-05  1.062537E-04  4.505687E-07  1.915108E-04 -1.010642E-02  2.034769E-08  2.045367E-08
  7.342000E+03  1.049135E-05  1.063813E-04 -1.105881E-07  1.913170E-04 -2.009706E-02  2.034844E-08  2.045383E-08
  7.343000E+03  1.028268E-05  1.058842E-04  4.898156E-07  1.921971E-04 -1.576777E-02  2.034810E-08  2.044685E-08
  7.344000E+03  1.067164E-05  1.063701E-04  5.763386E-07  1.913060E-04 -1.117702E-02  2.034797E-08  2.045407E-08
  7.345000E+03  1.056515E-05  1.062666E-04 -1.141417E-07  1.915313E-04 -2.112344E-02  2.034883E-08  2.045563E-08
  7.346000E+03  1.024862E-05  1.059113E-04  3.706716E-07  1.921403E-04 -1.344517E-02  2.034799E-08  2.044540E-08
  7.347000E+03  1.062544E-05  1.064493E-04  6.843102E-07  1.911667E-04 -1.301909E-02  2.034785E-08  2.045389E-08
  7.348000E+03  1.063743E-05  1.061401E-04 -8.314626E-08  1.917577E-04 -2.115183E-02  2.034863E-08  2.045646E-08
  7.349000E+03  1.023515E-05  1.059855E-04  2.369419E-07  1.919973E-04 -1.157668E-02  2.034757E-08  2.044432E-08
  7.350000E+03  1.056418E-05  1.064816E-04  7.637757E-07  1.911146E-04 -1.527018E-02  2.034782E-08  2.045351E-08
  7.351000E+03  1.070374E-05  1.060248E-04 -1.677819E-08  1.919582E-04 -2.025288E-02  2.034816E-08  2.045667E-08
  7.352000E+03  1.024279E-05  1.060914E-04  9.716694E-08  1.917980E-04 -1.046667E-02  2.034700E-08  2.044382E-08
  7.353000E+03  1.049148E-05  1.064600E-04  8.106217E-07  1.911533E-04 -1.754717E-02  2.034705E-08  2.045202E-08
  7.354000E+03  1.075674E-05  1.059388E-04  8.395020E-08  1.920975E-04 -1.856711E-02  2.034708E-08  2.045585E-08
  7.355000E+03  1.027336E-05  1.062116E-04 -3.550158E-08  1.915731E-04 -1.029251E-02  2.034621E-08  2.044388E-08
  7.356000E+03  1.041374E-05  1.063877E-04  8.157196E-07  1.912787E-04 -1.945471E-02  2.034585E-08  2.044974E-08
  7.357000E+03  1.078923E-05  1.058975E-04  2.123731E-07  1.921505E-04 -1.638350E-02  2.034552E-08  2.045413E-08
  7.358000E+03  1.032460E-05  1.063244E-04 -1.446182E-07  1.913629E-04 -1.108500E-02  2.034529E-08  2.044450E-08
  7.359000E+03  1.033875E-05  1.062815E-04  7.769181E-07  1.914666E-04 -2.064457E-02  2.034503E-08  2.044757E-08
  7.360000E+03  1.079977E-05  1.059079E-04  3.540508E-07  1.921120E-04 -1.414478E-02  2.034414E-08  2.045230E-08
  7.361000E+03  1.039007E-05  1.064079E-04 -2.218047E-07  1.912078E-04 -1.267278E-02  2.034438E-08  2.044558E-08
  7.362000E+03  1.027380E-05  1.061627E-04  7.009322E-07  1.916778E-04 -2.091173E-02  2.034459E-08  2.044563E-08
  7.363000E+03  1.078827E-05  1.059649E-04  4.943922E-07  1.919942E-04 -1.226378E-02  2.034311E-08  2.045064E-08
  7.364000E+03  1.046496E-05  1.064464E-04 -2.627793E-07  1.911328E-04 -1.472531E-02  2.034320E-08  2.044657E-08
  7.365000E+03  1.022390E-05  1.060503E-04  5.931258E-07  1.918707E-04 -2.023947E-02  2.034379E-08  2.044332E-08
  7.366000E+03  1.075506E-05  1.060587E-04  6.230859E-07  1.918159E-04 -1.104421E-02  2.034251E-08  2.044930E-08
  7.367000E+03  1.054423E-05  1.064347E-04 -2.638576E-07  1.911491E-04 -1.690706E-02  2.034200E-08  2.044754E-08
  7.368000E+03  1.019032E-05  1.059619E-04  4.625805E-07  1.920145E-04 -1.876124E-02  2.034264E-08  2.044080E-08
  7.369000E+03  1.070500E-05  1.061735E-04  7.333810E-07  1.916055E-04 -1.067586E-02  2.034227E-08  2.044832E-08
  7.370000E+03  1.062090E-05  1.063787E-04 -2.288766E-07  1.912546E-04 -1.882609E-02  2.034180E-08  2.044925E-08
  7.371000E+03  1.017466E-05  1.059141E-04  3.219052E-07  1.920886E-04 -1.677199E-02  2.034204E-08  2.043910E-08
  7.372000E+03  1.064279E-05  1.062870E-04  8.180692E-07  1.914042E-04 -1.120904E-02  2.034249E-08  2.044786E-08
  7.373000E+03  1.068984E-05  1.062908E-04 -1.628569E-07  1.914271E-04 -2.011624E-02  2.034283E-08  2.045176E-08
  7.374000E+03  1.017676E-05  1.059158E-04  1.815834E-07  1.920822E-04 -1.466846E-02  2.034235E-08  2.043877E-08
  7.375000E+03  1.057265E-05  1.063757E-04  8.738750E-07  1.912516E-04 -1.252929E-02  2.034294E-08  2.044764E-08
  7.376000E+03  1.074987E-05  1.061869E-04 -7.327508E-08  1.916287E-04 -2.055062E-02  2.034416E-08  2.045408E-08
  7.377000E+03  1.019361E-05  1.059645E-04  4.653924E-08  1.919972E-04 -1.282647E-02  2.034321E-08  2.043947E-08
  7.378000E+03  1.049789E-05  1.064245E-04  9.039591E-07  1.911724E-04 -1.437898E-02  2.034331E-08  2.044732E-08
  7.379000E+03  1.079829E-05  1.060821E-04  3.552142E-08  1.918211E-04 -2.010175E-02  2.034468E-08  2.045510E-08
  7.380000E+03  1.022414E-05  1.060513E-04 -7.687866E-08  1.918470E-04 -1.151582E-02  2.034428E-08  2.044093E-08
  7.381000E+03  1.042246E-05  1.064281E-04  9.071556E-07  1.911783E-04 -1.643286E-02  2.034399E-08  2.044721E-08
  7.382000E+03  1.083342E-05  1.059961E-04  1.570393E-07  1.919762E-04 -1.886442E-02  2.034510E-08  2.045557E-08
  7.383000E+03  1.026816E-05  1.061608E-04 -1.851329E-07  1.916592E-04 -1.097808E-02  2.034548E-08  2.044307E-08
  7.384000E+03  1.034619E-05  1.063894E-04  8.839582E-07  1.912701E-04 -1.829116E-02  2.034570E-08  2.044792E-08
  7.385000E+03  1.085620E-05  1.059479E-04  2.908096E-07  1.920688E-04 -1.710034E-02  2.034631E-08  2.045654E-08
  7.386000E+03  1.032571E-05  1.062706E-04 -2.801387E-07  1.914753E-04 -1.132674E-02  2.034690E-08  2.044599E-08
  7.387000E+03  1.027144E-05  1.063158E-04  8.322688E-07  1.914263E-04 -1.960661E-02  2.034774E-08  2.044872E-08
  7.388000E+03  1.086349E-05  1.059435E-04  4.347690E-07  1.920830E-04 -1.514957E-02  2.034760E-08  2.045736E-08
  7.389000E+03  1.039404E-05  1.063593E-04 -3.532569E-07  1.913267E-04 -1.245575E-02  2.034779E-08  2.044877E-08
  7.390000E+03  1.020453E-05  1.062181E-04  7.522161E-07  1.916131E-04 -2.017250E-02  2.034865E-08  2.044824E-08
  7.391000E+03  1.085156E-05  1.059820E-04  5.794418E-07  1.920150E-04 -1.331922E-02  2.034832E-08  2.045740E-08
  7.392000E+03  1.047198E-05  1.064134E-04 -3.959510E-07  1.912369E-04 -1.414568E-02  2.034813E-08  2.045129E-08
  7.393000E+03  1.014910E-05  1.061146E-04  6.430248E-07  1.918003E-04 -1.990871E-02  2.034878E-08  2.044692E-08
  7.394000E+03  1.081848E-05  1.060581E-04  7.191172E-07  1.918775E-04 -1.194701E-02  2.034870E-08  2.045695E-08
  7.395000E+03  1.055791E-05  1.064239E-04 -4.030158E-07  1.912256E-04 -1.609414E-02  2.034835E-08  2.045378E-08
  7.396000E+03  1.010751E-05  1.060259E-04  5.059357E-07  1.919551E-04 -1.885844E-02  2.034859E-08  2.044534E-08
  7.397000E+03  1.076577E-05  1.061562E-04  8.477986E-07  1.916963E-04 -1.132199E-02  2.034844E-08  2.045579E-08
  7.398000E+03  1.064792E-05  1.063891E-04 -3.740976E-07  1.912937E-04 -1.791608E-02  2.034829E-08  2.045593E-08
  7.399000E+03  1.008380E-05  1.059686E-04  3.453597E-07  1.920476E-04 -1.723385E-02  2.034800E-08  2.044360E-08
  7.400000E+03  1.069442E-05  1.062553E-04  9.564898E-07  1.915081E-04 -1.154451E-02  2.034739E-08  2.045375E-08
  7.401000E+03  1.073520E-05  1.063151E-04 -3.053950E-07  1.914239E-04 -1.925742E-02  2.034748E-08  2.045701E-08
  7.402000E+03  1.008387E-05  1.059537E-04  1.699088E-07  1.920591E-04 -1.534897E-02  2.034698E-08  2.044191E-08
  7.403000E+03  1.060720E-05  1.063386E-04  1.030957E-06  1.913498E-04 -1.254644E-02  2.034626E-08  2.045153E-08
  7.404000E+03  1.081193E-05  1.062165E-04 -1.957836E-07  1.915925E-04 -1.989836E-02  2.034626E-08  2.045721E-08
  7.405000E+03  1.010849E-05  1.059825E-04 -5.329334E-09  1.919904E-04 -1.355021E-02  2.034575E-08  2.044064E-08
  7.406000E+03  1.051099E-05  1.063919E-04  1.063804E-06  1.912478E-04 -1.413651E-02  2.034518E-08  2.044928E-08
  7.407000E+03  1.087049E-05  1.061113E-04 -5.257401E-08  1.917692E-04 -1.973910E-02  2.034491E-08  2.045667E-08
  7.408000E+03  1.015601E-05  1.060488E-04 -1.636680E-07  1.918545E-04 -1.216188E-02  2.034443E-08  2.043997E-08
  7.409000E+03  1.041327E-05  1.064039E-04  1.051928E-06  1.912203E-04 -1.601629E-02  2.034397E-08  2.044684E-08
  7.410000E+03  1.090406E-05  1.060202E-04  1.150770E-07  1.919183E-04 -1.879922E-02  2.034361E-08  2.045550E-08
  7.411000E+03  1.022508E-05  1.061397E-04 -2.902178E-07  1.916776E-04 -1.146438E-02  2.034327E-08  2.044015E-08
  7.412000E+03  1.032064E-05  1.063729E-04  9.923897E-07  1.912742E-04 -1.780230E-02  2.034317E-08  2.044475E-08
  7.413000E+03  1.091091E-05  1.059633E-04  2.953440E-07  1.920110E-04 -1.726574E-02  2.034310E-08  2.045449E-08
  7.414000E+03  1.030919E-05  1.062382E-04 -3.759387E-07  1.914968E-04 -1.161763E-02  2.034290E-08  2.044169E-08
  7.415000E+03  1.024138E-05  1.063051E-04  8.911938E-07  1.914006E-04 -1.914109E-02  2.034314E-08  2.044341E-08
  7.416000E+03  1.089254E-05  1.059496E-04  4.703343E-07  1.920306E-04 -1.543858E-02  2.034314E-08  2.045359E-08
  7.417000E+03  1.039914E-05  1.063240E-04 -4.159844E-07  1.913454E-04 -1.256144E-02  2.034300E-08  2.044403E-08
  7.418000E+03  1.018221E-05  1.062138E-04  7.610580E-07  1.915698E-04 -1.980318E-02  2.034337E-08  2.044243E-08
  7.419000E+03  1.085249E-05  1.059788E-04  6.234975E-07  1.919739E-04 -1.368270E-02  2.034326E-08  2.045248E-08
  7.420000E+03  1.048908E-05  1.063786E-04 -4.124656E-07  1.912506E-04 -1.407677E-02  2.034295E-08  2.044632E-08
  7.421000E+03  1.014489E-05  1.061170E-04  6.122663E-07  1.917436E-04 -1.966827E-02  2.034332E-08  2.044131E-08
  7.422000E+03  1.079503E-05  1.060446E-04  7.476517E-07  1.918523E-04 -1.234623E-02  2.034335E-08  2.045124E-08
  7.423000E+03  1.057440E-05  1.063932E-04 -3.699921E-07  1.912302E-04 -1.585399E-02  2.034303E-08  2.044862E-08
  7.424000E+03  1.012855E-05  1.060340E-04  4.547962E-07  1.918910E-04 -1.877426E-02  2.034339E-08  2.044051E-08
  7.425000E+03  1.072558E-05  1.061347E-04  8.398972E-07  1.916908E-04 -1.168106E-02  2.034365E-08  2.045026E-08
  7.426000E+03  1.065051E-05  1.063677E-04 -2.955628E-07  1.912868E-04 -1.756234E-02  2.034360E-08  2.045111E-08
  7.427000E+03  1.013206E-05  1.059799E-04  2.988621E-07  1.919881E-04 -1.731623E-02  2.034383E-08  2.044036E-08
  7.428000E+03  1.064977E-05  1.062305E-04  8.977170E-07  1.915227E-04 -1.177206E-02  2.034415E-08  2.044961E-08
  7.429000E+03  1.071474E-05  1.063097E-04 -1.981659E-07  1.914057E-04 -1.887340E-02  2.034467E-08  2.045365E-08
  7.430000E+03  1.015219E-05  1.059642E-04  1.525819E-07  1.920185E-04 -1.562045E-02  2.034460E-08  2.044090E-08
  7.431000E+03  1.057133E-05  1.063137E-04  9.243768E-07  1.913813E-04 -1.256923E-02  2.034485E-08  2.044929E-08
  7.432000E+03  1.076559E-05  1.062299E-04 -8.407058E-08  1.915623E-04 -1.955682E-02  2.034576E-08  2.045571E-08
  7.433000E+03  1.018603E-05  1.059893E-04  2.143405E-08  1.919780E-04 -1.398758E-02  2.034561E-08  2.044207E-08
  7.434000E+03  1.049418E-05  1.063691E-04  9.223755E-07  1.912900E-04 -1.394164E-02  2.034537E-08  2.044892E-08
  7.435000E+03  1.080140E-05  1.061398E-04  4.033372E-08  1.917280E-04 -1.950182E-02  2.034610E-08  2.045647E-08
  7.436000E+03  1.023140E-05  1.060489E-04 -8.933955E-08  1.918725E-04 -1.266403E-02  2.034623E-08  2.044327E-08
  7.437000E+03  1.042082E-05  1.063892E-04  8.939657E-07  1.912613E-04 -1.563253E-02  2.034566E-08  2.044839E-08
  7.438000E+03  1.082217E-05  1.060563E-04  1.699648E-07  1.918754E-04 -1.874758E-02  2.034602E-08  2.045633E-08
  7.439000E+03  1.028667E-05  1.061319E-04 -1.783470E-07  1.917233E-04 -1.188389E-02  2.034651E-08  2.044458E-08
  7.440000E+03  1.035139E-05  1.063743E-04  8.423228E-07  1.913010E-04 -1.730502E-02  2.034646E-08  2.044834E-08
  7.441000E+03  1.082742E-05  1.059977E-04  3.049814E-07  1.919822E-04 -1.746138E-02  2.034657E-08  2.045642E-08
  7.442000E+03  1.035051E-05  1.062254E-04 -2.435235E-07  1.915622E-04 -1.179692E-02  2.034735E-08  2.044686E-08
  7.443000E+03  1.028931E-05  1.063268E-04  7.671472E-07  1.914058E-04 -1.866720E-02  2.034802E-08  2.044898E-08
  7.444000E+03  1.081590E-05  1.059753E-04  4.395852E-07  1.920310E-04 -1.585117E-02  2.034798E-08  2.045705E-08
  7.445000E+03  1.042101E-05  1.063119E-04 -2.806981E-07  1.914169E-04 -1.245637E-02  2.034831E-08  2.044961E-08
  7.446000E+03  1.023939E-05  1.062518E-04  6.681909E-07  1.915562E-04 -1.947907E-02  2.034933E-08  2.044935E-08
  7.447000E+03  1.078451E-05  1.059912E-04  5.667490E-07  1.920070E-04 -1.419527E-02  2.034900E-08  2.045701E-08
  7.448000E+03  1.049611E-05  1.063713E-04 -2.818838E-07  1.913120E-04 -1.373563E-02  2.034819E-08  2.045148E-08
  7.449000E+03  1.020549E-05  1.061596E-04  5.462875E-07  1.917184E-04 -1.957070E-02  2.034885E-08  2.044798E-08
  7.450000E+03  1.073479E-05  1.060414E-04  6.774212E-07  1.919080E-04 -1.279250E-02  2.034853E-08  2.045530E-08
  7.451000E+03  1.057146E-05  1.063949E-04 -2.464315E-07  1.912654E-04 -1.537755E-02  2.034727E-08  2.045259E-08
  7.452000E+03  1.018998E-05  1.060687E-04  4.081445E-07  1.918654E-04 -1.894164E-02  2.034727E-08  2.044563E-08
  7.453000E+03  1.067075E-05  1.061189E-04  7.633712E-07  1.917547E-04 -1.190007E-02  2.034736E-08  2.045286E-08
  7.454000E+03  1.064091E-05  1.063825E-04 -1.771706E-07  1.912882E-04 -1.709069E-02  2.034674E-08  2.045391E-08
  7.455000E+03  1.019625E-05  1.059993E-04  2.632371E-07  1.919759E-04 -1.772662E-02  2.034612E-08  2.044401E-08
  7.456000E+03  1.059553E-05  1.062099E-04  8.151328E-07  1.915811E-04 -1.169829E-02  2.034643E-08  2.045070E-08
  7.457000E+03  1.069866E-05  1.063343E-04 -7.542368E-08  1.913785E-04 -1.855419E-02  2.034661E-08  2.045522E-08
  7.458000E+03  1.022555E-05  1.059653E-04  1.221143E-07  1.920261E-04 -1.613787E-02  2.034546E-08  2.044328E-08
  7.459000E+03  1.051353E-05  1.062935E-04  8.264122E-07  1.914195E-04 -1.226887E-02  2.034511E-08  2.044825E-08
  7.460000E+03  1.074041E-05  1.062547E-04  5.362246E-08  1.915172E-04 -1.944442E-02  2.034575E-08  2.045524E-08
  7.461000E+03  1.027439E-05  1.059740E-04 -3.565924E-09  1.919982E-04 -1.444279E-02  2.034470E-08  2.044291E-08
  7.462000E+03  1.043351E-05  1.063530E-04  7.967432E-07  1.913003E-04 -1.352741E-02  2.034350E-08  2.044568E-08
  7.463000E+03  1.076132E-05  1.061574E-04  1.965323E-07  1.916754E-04 -1.960852E-02  2.034385E-08  2.045354E-08
  7.464000E+03  1.033733E-05  1.060220E-04 -9.943320E-08  1.918966E-04 -1.295246E-02  2.034356E-08  2.044262E-08
  7.465000E+03  1.036389E-05  1.063796E-04  7.298292E-07  1.912446E-04 -1.520135E-02  2.034217E-08  2.044361E-08
  7.466000E+03  1.075692E-05  1.060638E-04  3.401902E-07  1.918245E-04 -1.904002E-02  2.034196E-08  2.045115E-08
  7.467000E+03  1.041133E-05  1.060995E-04 -1.538945E-07  1.917443E-04 -1.198363E-02  2.034252E-08  2.044290E-08
  7.468000E+03  1.030964E-05  1.063691E-04  6.275454E-07  1.912653E-04 -1.692814E-02  2.034181E-08  2.044271E-08
  7.469000E+03  1.072729E-05  1.059955E-04  4.745413E-07  1.919379E-04 -1.783755E-02  2.034132E-08  2.044940E-08
  7.470000E+03  1.049065E-05  1.061916E-04 -1.622192E-07  1.915741E-04 -1.176598E-02  2.034215E-08  2.044424E-08
  7.471000E+03  1.027346E-05  1.063241E-04  4.991147E-07  1.913590E-04 -1.836698E-02  2.034265E-08  2.044315E-08
  7.472000E+03  1.067812E-05  1.059656E-04  5.893159E-07  1.919937E-04 -1.624489E-02  2.034204E-08  2.044860E-08
  7.473000E+03  1.056613E-05  1.062773E-04 -1.280087E-07  1.914226E-04 -1.231439E-02  2.034234E-08  2.044628E-08
  7.474000E+03  1.025855E-05  1.062548E-04  3.601845E-07  1.914980E-04 -1.925927E-02  2.034380E-08  2.044407E-08
  7.475000E+03  1.061527E-05  1.059769E-04  6.730472E-07  1.919823E-04 -1.460866E-02  2.034352E-08  2.044840E-08
  7.476000E+03  1.063010E-05  1.063405E-04 -5.644361E-08  1.913192E-04 -1.344655E-02  2.034314E-08  2.044884E-08
  7.477000E+03  1.026585E-05  1.061750E-04  2.254134E-07  1.916515E-04 -1.948218E-02  2.034475E-08  2.044497E-08
  7.478000E+03  1.054422E-05  1.060249E-04  7.191764E-07  1.919084E-04 -1.324359E-02  2.034529E-08  2.044849E-08
  7.479000E+03  1.067843E-05  1.063726E-04  4.497775E-08  1.912797E-04 -1.491580E-02  2.034465E-08  2.045182E-08
  7.480000E+03  1.029307E-05  1.060981E-04  1.049964E-07  1.917964E-04 -1.902005E-02  2.034555E-08  2.044589E-08
  7.481000E+03  1.047216E-05  1.060976E-04  7.261189E-07  1.917879E-04 -1.235176E-02  2.034668E-08  2.044841E-08
  7.482000E+03  1.070924E-05  1.063715E-04  1.634142E-07  1.913015E-04 -1.646786E-02  2.034626E-08  2.045450E-08
  7.483000E+03  1.033603E-05  1.060354E-04  6.329184E-09  1.919117E-04 -1.800191E-02  2.034613E-08  2.044677E-08
  7.484000E+03  1.040478E-05  1.061792E-04  6.974512E-07  1.916435E-04 -1.203569E-02  2.034707E-08  2.044764E-08
  7.485000E+03  1.072340E-05  1.063405E-04  2.866956E-07  1.913729E-04 -1.782961E-02  2.034746E-08  2.045633E-08
  7.486000E+03  1.039038E-05  1.059989E-04 -6.861868E-08  1.919792E-04 -1.665680E-02  2.034676E-08  2.044788E-08
  7.487000E+03  1.034617E-05  1.062569E-04  6.383800E-07  1.915046E-04 -1.231904E-02  2.034714E-08  2.044689E-08
  7.488000E+03  1.072138E-05  1.062868E-04  4.062015E-07  1.914826E-04 -1.877756E-02  2.034848E-08  2.045747E-08
  7.489000E+03  1.045161E-05  1.059964E-04 -1.169421E-07  1.919908E-04 -1.521440E-02  2.034798E-08  2.044979E-08
  7.490000E+03  1.029929E-05  1.063206E-04  5.554667E-07  1.913958E-04 -1.317023E-02  2.034755E-08  2.044684E-08
  7.491000E+03  1.070341E-05  1.062155E-04  5.157835E-07  1.916161E-04 -1.919767E-02  2.034885E-08  2.045744E-08
  7.492000E+03  1.051655E-05  1.060246E-04 -1.364032E-07  1.919420E-04 -1.386851E-02  2.034862E-08  2.045132E-08
  7.493000E+03  1.026381E-05  1.063592E-04  4.553184E-07  1.913274E-04 -1.444308E-02  2.034730E-08  2.044641E-08
  7.494000E+03  1.067156E-05  1.061340E-04  6.143278E-07  1.917525E-04 -1.901157E-02  2.034779E-08  2.045551E-08
  7.495000E+03  1.058242E-05  1.060776E-04 -1.287483E-07  1.918356E-04 -1.280042E-02  2.034779E-08  2.045156E-08
  7.496000E+03  1.023826E-05  1.063679E-04  3.448209E-07  1.913089E-04 -1.591107E-02  2.034655E-08  2.044565E-08
  7.497000E+03  1.062811E-05  1.060595E-04  7.028357E-07  1.918720E-04 -1.824406E-02  2.034647E-08  2.045293E-08
  7.498000E+03  1.064626E-05  1.061517E-04 -9.606212E-08  1.916924E-04 -1.221417E-02  2.034696E-08  2.045199E-08
  7.499000E+03  1.022553E-05  1.063480E-04  2.274302E-07  1.913507E-04 -1.736641E-02  2.034668E-08  2.044593E-08
  7.500000E+03  1.057291E-05  1.060094E-04  7.756534E-07  1.919584E-04 -1.702336E-02  2.034644E-08  2.045135E-08
  7.501000E+03  1.070551E-05  1.062344E-04 -3.584137E-08  1.915420E-04 -1.226658E-02  2.034683E-08  2.045327E-08
  7.502000E+03  1.022974E-05  1.062998E-04  1.047681E-07  1.914493E-04 -1.853341E-02  2.034752E-08  2.044707E-08
  7.503000E+03  1.050582E-05  1.059916E-04  8.245864E-07  1.919894E-04 -1.557151E-02  2.034679E-08  2.044993E-08
  7.504000E+03  1.075743E-05  1.063058E-04  5.455388E-08  1.914111E-04 -1.294981E-02  2.034642E-08  2.045429E-08
  7.505000E+03  1.025346E-05  1.062271E-04 -1.985186E-08  1.915811E-04 -1.916847E-02  2.034736E-08  2.044735E-08
  7.506000E+03  1.042843E-05  1.060087E-04  8.431435E-07  1.919514E-04 -1.412348E-02  2.034648E-08  2.044774E-08
  7.507000E+03  1.079839E-05  1.063523E-04  1.750142E-07  1.913212E-04 -1.415089E-02  2.034540E-08  2.045461E-08
  7.508000E+03  1.029752E-05  1.061421E-04 -1.398548E-07  1.917224E-04 -1.913768E-02  2.034610E-08  2.044667E-08
  7.509000E+03  1.034675E-05  1.060609E-04  8.244870E-07  1.918493E-04 -1.292413E-02  2.034601E-08  2.044549E-08
  7.510000E+03  1.082302E-05  1.063666E-04  3.180787E-07  1.912928E-04 -1.568435E-02  2.034467E-08  2.045490E-08
  7.511000E+03  1.036180E-05  1.060643E-04 -2.443496E-07  1.918498E-04 -1.843685E-02  2.034496E-08  2.044631E-08
  7.512000E+03  1.026577E-05  1.061379E-04  7.646058E-07  1.917041E-04 -1.226360E-02  2.034555E-08  2.044349E-08
  7.513000E+03  1.082651E-05  1.063448E-04  4.778068E-07  1.913372E-04 -1.719006E-02  2.034471E-08  2.045546E-08
  7.514000E+03  1.044419E-05  1.060126E-04 -3.218390E-07  1.919318E-04 -1.722582E-02  2.034417E-08  2.044657E-08
  7.515000E+03  1.019131E-05  1.062179E-04  6.627599E-07  1.915511E-04 -1.232129E-02  2.034461E-08  2.044138E-08
  7.516000E+03  1.080709E-05  1.062916E-04  6.440456E-07  1.914364E-04 -1.830740E-02  2.034467E-08  2.045528E-08
  7.517000E+03  1.053791E-05  1.059952E-04 -3.630165E-07  1.919514E-04 -1.577568E-02  2.034338E-08  2.044707E-08
  7.518000E+03  1.013184E-05  1.062830E-04  5.253086E-07  1.914214E-04 -1.302904E-02  2.034312E-08  2.043915E-08
  7.519000E+03  1.076299E-05  1.062195E-04  8.012916E-07  1.915608E-04 -1.886608E-02  2.034388E-08  2.045366E-08
  7.520000E+03  1.063491E-05  1.060136E-04 -3.573801E-07  1.919098E-04 -1.437643E-02  2.034294E-08  2.044809E-08
  7.521000E+03  1.009569E-05  1.063237E-04  3.613301E-07  1.913408E-04 -1.418606E-02  2.034201E-08  2.043783E-08
  7.522000E+03  1.069528E-05  1.061457E-04  9.318463E-07  1.916878E-04 -1.880063E-02  2.034324E-08  2.045153E-08
  7.523000E+03  1.072888E-05  1.060642E-04 -3.017287E-07  1.918198E-04 -1.332361E-02  2.034341E-08  2.045017E-08
  7.524000E+03  1.008547E-05  1.063352E-04  1.812555E-07  1.913280E-04 -1.552033E-02  2.034245E-08  2.043849E-08
  7.525000E+03  1.060956E-05  1.060850E-04  1.025739E-06  1.917959E-04 -1.816479E-02  2.034331E-08  2.044961E-08
  7.526000E+03  1.081296E-05  1.061323E-04 -2.014093E-07  1.917032E-04 -1.281004E-02  2.034422E-08  2.045263E-08
  7.527000E+03  1.010090E-05  1.063182E-04 -9.073502E-10  1.913753E-04 -1.675065E-02  2.034382E-08  2.044046E-08
  7.528000E+03  1.051306E-05  1.060455E-04  1.077278E-06  1.918669E-04 -1.713820E-02  2.034364E-08  2.044767E-08
  7.529000E+03  1.088045E-05  1.061993E-04 -6.524802E-08  1.915834E-04 -1.285814E-02  2.034434E-08  2.045427E-08
  7.530000E+03  1.013982E-05  1.062814E-04 -1.698238E-07  1.914570E-04 -1.766760E-02  2.034514E-08  2.044267E-08
  7.531000E+03  1.041211E-05  1.060338E-04  1.085446E-06  1.918956E-04 -1.596632E-02  2.034482E-08  2.044652E-08
  7.532000E+03  1.092663E-05  1.062563E-04  9.809340E-08  1.914881E-04 -1.336286E-02  2.034501E-08  2.045616E-08
  7.533000E+03  1.019959E-05  1.062357E-04 -3.137700E-07  1.915571E-04 -1.817351E-02  2.034685E-08  2.044551E-08
  7.534000E+03  1.031425E-05  1.060514E-04  1.049067E-06  1.918849E-04 -1.487719E-02  2.034742E-08  2.044693E-08
  7.535000E+03  1.094772E-05  1.062972E-04  2.766872E-07  1.914342E-04 -1.420558E-02  2.034688E-08  2.045883E-08
  7.536000E+03  1.027757E-05  1.061853E-04 -4.228523E-07  1.916638E-04 -1.823068E-02  2.034851E-08  2.044851E-08
  7.537000E+03  1.022447E-05  1.060894E-04  9.691907E-07  1.918346E-04 -1.402048E-02  2.034962E-08  2.044722E-08
  7.538000E+03  1.094509E-05  1.063154E-04  4.593495E-07  1.914188E-04 -1.522716E-02  2.034840E-08  2.046070E-08
  7.539000E+03  1.036863E-05  1.061340E-04 -4.954740E-07  1.917588E-04 -1.786168E-02  2.034887E-08  2.045032E-08
  7.540000E+03  1.014692E-05  1.061352E-04  8.525532E-07  1.917509E-04 -1.347305E-02  2.034967E-08  2.044572E-08
  7.541000E+03  1.092174E-05  1.063126E-04  6.351586E-07  1.914319E-04 -1.622089E-02  2.034895E-08  2.046114E-08
  7.542000E+03  1.046634E-05  1.060912E-04 -5.321525E-07  1.918310E-04 -1.718907E-02  2.034858E-08  2.045156E-08
  7.543000E+03  1.008595E-05  1.061847E-04  7.083749E-07  1.916530E-04 -1.327842E-02  2.034882E-08  2.044377E-08
  7.544000E+03  1.087985E-05  1.062933E-04  7.935079E-07  1.914712E-04 -1.709398E-02  2.034913E-08  2.046076E-08
  7.545000E+03  1.056499E-05  1.060657E-04 -5.323764E-07  1.918768E-04 -1.632107E-02  2.034884E-08  2.045335E-08
  7.546000E+03  1.004332E-05  1.062341E-04  5.466288E-07  1.915581E-04 -1.347496E-02  2.034816E-08  2.044248E-08
  7.547000E+03  1.082191E-05  1.062546E-04  9.287497E-07  1.915379E-04 -1.775066E-02  2.034858E-08  2.045925E-08
  7.548000E+03  1.066088E-05  1.060599E-04 -4.980068E-07  1.918825E-04 -1.533047E-02  2.034866E-08  2.045469E-08
  7.549000E+03  1.001908E-05  1.062759E-04  3.746791E-07  1.914755E-04 -1.405601E-02  2.034722E-08  2.044137E-08
  7.550000E+03  1.074930E-05  1.061988E-04  1.039583E-06  1.916264E-04 -1.805858E-02  2.034717E-08  2.045642E-08
  7.551000E+03  1.075104E-05  1.060752E-04 -4.292311E-07  1.918392E-04 -1.436472E-02  2.034729E-08  2.045480E-08
  7.552000E+03  1.001410E-05  1.063018E-04  1.977713E-07  1.914192E-04 -1.493568E-02  2.034594E-08  2.044033E-08
  7.553000E+03  1.066474E-05  1.061383E-04  1.121925E-06  1.917212E-04 -1.792345E-02  2.034570E-08  2.045315E-08
  7.554000E+03  1.083123E-05  1.061124E-04 -3.279198E-07  1.917550E-04 -1.363972E-02  2.034569E-08  2.045464E-08
  7.555000E+03  1.002780E-05  1.063055E-04  2.492229E-08  1.914066E-04 -1.597403E-02  2.034498E-08  2.043996E-08
  7.556000E+03  1.057129E-05  1.060869E-04  1.174363E-06  1.918034E-04 -1.734042E-02  2.034477E-08  2.045012E-08
  7.557000E+03  1.089795E-05  1.061658E-04 -1.972334E-07  1.916475E-04 -1.331979E-02  2.034461E-08  2.045492E-08
  7.558000E+03  1.006244E-05  1.062839E-04 -1.387876E-07  1.914450E-04 -1.696434E-02  2.034459E-08  2.044046E-08
  7.559000E+03  1.047012E-05  1.060575E-04  1.191318E-06  1.918518E-04 -1.640542E-02  2.034458E-08  2.044763E-08
  7.560000E+03  1.094930E-05  1.062240E-04 -3.785567E-08  1.915419E-04 -1.349952E-02  2.034449E-08  2.045603E-08
  7.561000E+03  1.011856E-05  1.062392E-04 -2.899781E-07  1.915276E-04 -1.768774E-02  2.034457E-08  2.044159E-08
  7.562000E+03  1.036529E-05  1.060562E-04  1.168237E-06  1.918529E-04 -1.529782E-02  2.034481E-08  2.044550E-08
  7.563000E+03  1.098236E-05  1.062717E-04  1.444980E-07  1.914574E-04 -1.418317E-02  2.034447E-08  2.045702E-08
  7.564000E+03  1.019447E-05  1.061810E-04 -4.213610E-07  1.916346E-04 -1.794713E-02  2.034467E-08  2.044303E-08
  7.565000E+03  1.026362E-05  1.060837E-04  1.102681E-06  1.918022E-04 -1.429882E-02  2.034500E-08  2.044350E-08
  7.566000E+03  1.099348E-05  1.062941E-04  3.392764E-07  1.914177E-04 -1.519661E-02  2.034423E-08  2.045741E-08
  7.567000E+03  1.028674E-05  1.061262E-04 -5.226459E-07  1.917333E-04 -1.765630E-02  2.034476E-08  2.044461E-08
  7.568000E+03  1.017144E-05  1.061319E-04  9.961305E-07  1.917142E-04 -1.370354E-02  2.034509E-08  2.044175E-08
  7.569000E+03  1.098190E-05  1.062867E-04  5.344138E-07  1.914343E-04 -1.623475E-02  2.034424E-08  2.045754E-08
  7.570000E+03  1.039010E-05  1.060880E-04 -5.878109E-07  1.917975E-04 -1.693626E-02  2.034450E-08  2.044598E-08
  7.571000E+03  1.009458E-05  1.061864E-04  8.541976E-07  1.916139E-04 -1.362456E-02  2.034490E-08  2.044020E-08
  7.572000E+03  1.094607E-05  1.062546E-04  7.195161E-07  1.914957E-04 -1.704282E-02  2.034434E-08  2.045715E-08
  7.573000E+03  1.049864E-05  1.060733E-04 -6.086830E-07  1.918177E-04 -1.598799E-02  2.034413E-08  2.044733E-08
  7.574000E+03  1.003947E-05  1.062327E-04  6.832542E-07  1.915269E-04 -1.401427E-02  2.034441E-08  2.043889E-08
  7.575000E+03  1.088681E-05  1.062109E-04  8.809424E-07  1.915792E-04 -1.746085E-02  2.034469E-08  2.045640E-08
  7.576000E+03  1.060546E-05  1.060847E-04 -5.810020E-07  1.917994E-04 -1.506270E-02  2.034466E-08  2.044964E-08
  7.577000E+03  1.001021E-05  1.062620E-04  4.936385E-07  1.914766E-04 -1.471584E-02  2.034449E-08  2.043868E-08
  7.578000E+03  1.080828E-05  1.061695E-04  1.006936E-06  1.916614E-04 -1.746342E-02  2.034549E-08  2.045559E-08
  7.579000E+03  1.070309E-05  1.061164E-04 -5.067177E-07  1.917534E-04 -1.440679E-02  2.034606E-08  2.045277E-08
  7.580000E+03  1.000816E-05  1.062701E-04  2.992138E-07  1.914718E-04 -1.551162E-02  2.034529E-08  2.043966E-08
  7.581000E+03  1.071554E-05  1.061355E-04  1.090399E-06  1.917253E-04 -1.711018E-02  2.034589E-08  2.045401E-08
  7.582000E+03  1.078502E-05  1.061558E-04 -3.904651E-07  1.916881E-04 -1.411410E-02  2.034677E-08  2.045506E-08
  7.583000E+03  1.003014E-05  1.062595E-04  1.157725E-07  1.914998E-04 -1.622170E-02  2.034600E-08  2.044094E-08
  7.584000E+03  1.061582E-05  1.061131E-04  1.131560E-06  1.917641E-04 -1.652202E-02  2.034591E-08  2.045186E-08
  7.585000E+03  1.084808E-05  1.061937E-04 -2.440356E-07  1.916202E-04 -1.414004E-02  2.034681E-08  2.045643E-08
  7.586000E+03  1.007177E-05  1.062404E-04 -4.655626E-08  1.915462E-04 -1.672808E-02  2.034710E-08  2.044289E-08
  7.587000E+03  1.051619E-05  1.061075E-04  1.133147E-06  1.917833E-04 -1.586228E-02  2.034709E-08  2.045090E-08
  7.588000E+03  1.088967E-05  1.062259E-04 -7.942495E-08  1.915696E-04 -1.441409E-02  2.034755E-08  2.045814E-08
  7.589000E+03  1.013008E-05  1.062179E-04 -1.800154E-07  1.916026E-04 -1.700201E-02  2.034868E-08  2.044556E-08
  7.590000E+03  1.042348E-05  1.061184E-04  1.095292E-06  1.917838E-04 -1.525238E-02  2.034942E-08  2.045125E-08
  7.591000E+03  1.090913E-05  1.062473E-04  9.021887E-08  1.915419E-04 -1.489020E-02  2.034856E-08  2.045974E-08
  7.592000E+03  1.019887E-05  1.061896E-04 -2.779897E-07  1.916590E-04 -1.703340E-02  2.034925E-08  2.044733E-08
  7.593000E+03  1.034450E-05  1.061372E-04  1.024635E-06  1.917581E-04 -1.475412E-02  2.035046E-08  2.045066E-08
  7.594000E+03  1.090695E-05  1.062570E-04  2.507942E-07  1.915286E-04 -1.545765E-02  2.034882E-08  2.046018E-08
  7.595000E+03  1.027427E-05  1.061574E-04 -3.381185E-07  1.917089E-04 -1.686768E-02  2.034842E-08  2.044778E-08
  7.596000E+03  1.028170E-05  1.061598E-04  9.268529E-07  1.917085E-04 -1.440632E-02  2.034963E-08  2.044855E-08
  7.597000E+03  1.088643E-05  1.062580E-04  3.945362E-07  1.915265E-04 -1.603186E-02  2.034860E-08  2.045977E-08
  7.598000E+03  1.035203E-05  1.061285E-04 -3.634161E-07  1.917527E-04 -1.653930E-02  2.034764E-08  2.044828E-08
  7.599000E+03  1.023475E-05  1.061859E-04  8.107633E-07  1.916472E-04 -1.425462E-02  2.034815E-08  2.044618E-08
  7.600000E+03  1.085343E-05  1.062480E-04  5.171094E-07  1.915413E-04 -1.655581E-02  2.034810E-08  2.045878E-08
  7.601000E+03  1.042747E-05  1.061107E-04 -3.616333E-07  1.917834E-04 -1.603540E-02  2.034765E-08  2.044951E-08
  7.602000E+03  1.020314E-05  1.062160E-04  6.862307E-07  1.915851E-04 -1.436647E-02  2.034729E-08  2.044481E-08
  7.603000E+03  1.080989E-05  1.062227E-04  6.178894E-07  1.915812E-04 -1.697115E-02  2.034734E-08  2.045726E-08
  7.604000E+03  1.049900E-05  1.061073E-04 -3.353389E-07  1.917872E-04 -1.538282E-02  2.034762E-08  2.045062E-08
  7.605000E+03  1.018703E-05  1.062444E-04  5.562799E-07  1.915299E-04 -1.476418E-02  2.034676E-08  2.044414E-08
  7.606000E+03  1.075710E-05  1.061827E-04  6.954215E-07  1.916427E-04 -1.717455E-02  2.034615E-08  2.045503E-08
  7.607000E+03  1.056431E-05  1.061195E-04 -2.851413E-07  1.917545E-04 -1.470666E-02  2.034669E-08  2.045076E-08
  7.608000E+03  1.018346E-05  1.062618E-04  4.280880E-07  1.914905E-04 -1.542043E-02  2.034571E-08  2.044326E-08
  7.609000E+03  1.069955E-05  1.061365E-04  7.518311E-07  1.917113E-04 -1.705586E-02  2.034460E-08  2.045223E-08
  7.610000E+03  1.061968E-05  1.061458E-04 -2.168715E-07  1.916875E-04 -1.418993E-02  2.034477E-08  2.044982E-08
  7.611000E+03  1.019228E-05  1.062612E-04  3.092907E-07  1.914800E-04 -1.618699E-02  2.034423E-08  2.044218E-08
  7.612000E+03  1.063923E-05  1.060983E-04  7.857088E-07  1.917660E-04 -1.660987E-02  2.034325E-08  2.044948E-08
  7.613000E+03  1.066307E-05  1.061833E-04 -1.327946E-07  1.916060E-04 -1.398016E-02  2.034338E-08  2.044932E-08
  7.614000E+03  1.021460E-05  1.062405E-04  2.030097E-07  1.915078E-04 -1.689993E-02  2.034298E-08  2.044151E-08
  7.615000E+03  1.057667E-05  1.060792E-04  7.943899E-07  1.917931E-04 -1.588757E-02  2.034269E-08  2.044744E-08
  7.616000E+03  1.069380E-05  1.062257E-04 -3.336758E-08  1.915268E-04 -1.419152E-02  2.034302E-08  2.044975E-08
  7.617000E+03  1.024963E-05  1.062026E-04  1.112850E-07  1.915759E-04 -1.736394E-02  2.034280E-08  2.044201E-08
  7.618000E+03  1.051488E-05  1.060854E-04  7.768738E-07  1.917831E-04 -1.503655E-02  2.034309E-08  2.044640E-08
  7.619000E+03  1.071073E-05  1.062595E-04  7.631044E-08  1.914711E-04 -1.480839E-02  2.034338E-08  2.045073E-08
  7.620000E+03  1.029315E-05  1.061597E-04  4.003807E-08  1.916635E-04 -1.742246E-02  2.034384E-08  2.044375E-08
  7.621000E+03  1.046029E-05  1.061150E-04  7.361284E-07  1.917400E-04 -1.431940E-02  2.034440E-08  2.044650E-08
  7.622000E+03  1.071153E-05  1.062736E-04  1.853065E-07  1.914563E-04 -1.563423E-02  2.034427E-08  2.045193E-08
  7.623000E+03  1.034067E-05  1.061227E-04 -2.232105E-09  1.917394E-04 -1.709917E-02  2.034493E-08  2.044552E-08
  7.624000E+03  1.041802E-05  1.061580E-04  6.768087E-07  1.916746E-04 -1.393808E-02  2.034582E-08  2.044708E-08
  7.625000E+03  1.069601E-05  1.062634E-04  2.835395E-07  1.914839E-04 -1.643550E-02  2.034498E-08  2.045257E-08
  7.626000E+03  1.038994E-05  1.060988E-04 -1.319967E-08  1.917834E-04 -1.646810E-02  2.034523E-08  2.044648E-08
  7.627000E+03  1.039052E-05  1.062035E-04  6.013367E-07  1.915995E-04 -1.397207E-02  2.034654E-08  2.044739E-08
  7.628000E+03  1.066709E-05  1.062352E-04  3.635422E-07  1.915449E-04 -1.700812E-02  2.034586E-08  2.045300E-08
  7.629000E+03  1.043826E-05  1.060944E-04  3.563080E-09  1.917929E-04 -1.568783E-02  2.034565E-08  2.044754E-08
  7.630000E+03  1.037934E-05  1.062419E-04  5.137889E-07  1.915377E-04 -1.437209E-02  2.034723E-08  2.044807E-08
  7.631000E+03  1.062927E-05  1.062025E-04  4.183496E-07  1.916205E-04 -1.726819E-02  2.034753E-08  2.045392E-08
  7.632000E+03  1.048119E-05  1.061098E-04  4.283763E-08  1.917778E-04 -1.497852E-02  2.034722E-08  2.044974E-08
  7.633000E+03  1.038549E-05  1.062645E-04  4.222599E-07  1.915069E-04 -1.498788E-02  2.034811E-08  2.044929E-08
  7.634000E+03  1.058683E-05  1.061695E-04  4.423015E-07  1.916897E-04 -1.720979E-02  2.034858E-08  2.045404E-08
  7.635000E+03  1.051265E-05  1.061374E-04  1.011921E-07  1.917384E-04 -1.447500E-02  2.034849E-08  2.045151E-08
  7.636000E+03  1.040663E-05  1.062650E-04  3.409700E-07  1.915044E-04 -1.569209E-02  2.034771E-08  2.044950E-08
  7.637000E+03  1.054633E-05  1.061376E-04  4.344755E-07  1.917359E-04 -1.685655E-02  2.034750E-08  2.045198E-08
  7.638000E+03  1.052757E-05  1.061684E-04  1.698200E-07  1.916776E-04 -1.422240E-02  2.034804E-08  2.045136E-08
  7.639000E+03  1.043750E-05  1.062518E-04  2.845749E-07  1.915215E-04 -1.632658E-02  2.034679E-08  2.044933E-08
  7.640000E+03  1.051347E-05  1.061139E-04  4.005544E-07  1.917621E-04 -1.634954E-02  2.034591E-08  2.044954E-08
  7.641000E+03  1.052539E-05  1.061979E-04  2.377108E-07  1.916142E-04 -1.420709E-02  2.034697E-08  2.045034E-08
  7.642000E+03  1.047267E-05  1.062341E-04  2.588662E-07  1.915530E-04 -1.678585E-02  2.034660E-08  2.044989E-08
  7.643000E+03  1.049020E-05  1.061044E-04  3.497999E-07  1.917755E-04 -1.580959E-02  2.034568E-08  2.044866E-08
  7.644000E+03  1.050939E-05  1.062228E-04  2.981661E-07  1.915639E-04 -1.441618E-02  2.034633E-08  2.044955E-08
  7.645000E+03  1.050597E-05  1.062124E-04  2.625353E-07  1.915942E-04 -1.704276E-02  2.034672E-08  2.045067E-08
  7.646000E+03  1.047952E-05  1.061079E-04  2.920267E-07  1.917742E-04 -1.527197E-02  2.034638E-08  2.044898E-08
  7.647000E+03  1.048106E-05  1.062420E-04  3.438462E-07  1.915287E-04 -1.480341E-02  2.034616E-08  2.044902E-08
  7.648000E+03  1.053485E-05  1.061856E-04  2.947350E-07  1.916421E-04 -1.710865E-02  2.034664E-08  2.045109E-08
  7.649000E+03  1.048297E-05  1.061225E-04  2.310323E-07  1.917529E-04 -1.477949E-02  2.034709E-08  2.044962E-08
  7.650000E+03  1.044313E-05  1.062549E-04  3.693803E-07  1.915094E-04 -1.531844E-02  2.034643E-08  2.044878E-08
  7.651000E+03  1.055715E-05  1.061554E-04  3.518857E-07  1.916927E-04 -1.700557E-02  2.034628E-08  2.045106E-08
  7.652000E+03  1.049977E-05  1.061447E-04  1.718500E-07  1.917120E-04 -1.438957E-02  2.034710E-08  2.044989E-08
  7.653000E+03  1.040390E-05  1.062599E-04  3.691774E-07  1.915046E-04 -1.589355E-02  2.034669E-08  2.044849E-08
  7.654000E+03  1.056827E-05  1.061270E-04  4.211923E-07  1.917415E-04 -1.671648E-02  2.034611E-08  2.045094E-08
  7.655000E+03  1.052777E-05  1.061735E-04  1.255686E-07  1.916565E-04 -1.417153E-02  2.034680E-08  2.045014E-08
  7.656000E+03  1.036974E-05  1.062529E-04  3.421524E-07  1.915202E-04 -1.646306E-02  2.034683E-08  2.044814E-08
  7.657000E+03  1.056573E-05  1.061077E-04  4.920171E-07  1.917772E-04 -1.623883E-02  2.034636E-08  2.045096E-08
  7.658000E+03  1.056606E-05  1.062072E-04  9.789673E-08  1.915972E-04 -1.420015E-02  2.034695E-08  2.045112E-08
  7.659000E+03  1.034158E-05  1.062314E-04  2.892931E-07  1.915602E-04 -1.694853E-02  2.034678E-08  2.044765E-08
  7.660000E+03  1.055030E-05  1.061023E-04  5.617895E-07  1.917878E-04 -1.561499E-02  2.034665E-08  2.045075E-08
  7.661000E+03  1.061107E-05  1.062381E-04  9.039194E-08  1.915413E-04 -1.454319E-02  2.034684E-08  2.045208E-08
  7.662000E+03  1.032077E-05  1.061935E-04  2.166444E-07  1.916217E-04 -1.720386E-02  2.034596E-08  2.044641E-08
  7.663000E+03  1.052312E-05  1.061115E-04  6.268583E-07  1.917605E-04 -1.494144E-02  2.034571E-08  2.044914E-08
  7.664000E+03  1.065697E-05  1.062560E-04  1.057404E-07  1.914991E-04 -1.515393E-02  2.034560E-08  2.045198E-08
  7.665000E+03  1.031100E-05  1.061488E-04  1.327892E-07  1.916871E-04 -1.712625E-02  2.034437E-08  2.044448E-08
  7.666000E+03  1.048530E-05  1.061340E-04  6.788629E-07  1.917030E-04 -1.437592E-02  2.034409E-08  2.044671E-08
  7.667000E+03  1.070104E-05  1.062572E-04  1.440278E-07  1.914819E-04 -1.589328E-02  2.034377E-08  2.045126E-08
  7.668000E+03  1.031400E-05  1.061128E-04  4.165968E-08  1.917385E-04 -1.675080E-02  2.034306E-08  2.044301E-08
  7.669000E+03  1.043741E-05  1.061684E-04  7.138086E-07  1.916330E-04 -1.410637E-02  2.034334E-08  2.044508E-08
  7.670000E+03  1.074344E-05  1.062413E-04  2.039929E-07  1.915030E-04 -1.658057E-02  2.034273E-08  2.045123E-08
  7.671000E+03  1.032927E-05  1.060948E-04 -5.660856E-08  1.917648E-04 -1.614899E-02  2.034259E-08  2.044259E-08
  7.672000E+03  1.038136E-05  1.062056E-04  7.310828E-07  1.915671E-04 -1.422238E-02  2.034344E-08  2.044427E-08
  7.673000E+03  1.078165E-05  1.062142E-04  2.839235E-07  1.915587E-04 -1.700546E-02  2.034331E-08  2.045262E-08
  7.674000E+03  1.035593E-05  1.060978E-04 -1.561927E-07  1.917632E-04 -1.548445E-02  2.034321E-08  2.044351E-08
  7.675000E+03  1.032114E-05  1.062353E-04  7.290323E-07  1.915238E-04 -1.463897E-02  2.034441E-08  2.044431E-08
  7.676000E+03  1.080936E-05  1.061852E-04  3.812364E-07  1.916255E-04 -1.713040E-02  2.034482E-08  2.045463E-08
  7.677000E+03  1.039528E-05  1.061148E-04 -2.455374E-07  1.917420E-04 -1.492835E-02  2.034439E-08  2.044530E-08
  7.678000E+03  1.025818E-05  1.062495E-04  7.038238E-07  1.915058E-04 -1.519076E-02  2.034505E-08  2.044397E-08
  7.679000E+03  1.082182E-05  1.061589E-04  4.970798E-07  1.916805E-04 -1.699110E-02  2.034565E-08  2.045561E-08
  7.680000E+03  1.044981E-05  1.061411E-04 -3.172342E-07  1.917049E-04 -1.456982E-02  2.034561E-08  2.044752E-08
  7.681000E+03  1.019373E-05  1.062470E-04  6.493798E-07  1.915149E-04 -1.575104E-02  2.034536E-08  2.044323E-08
  7.682000E+03  1.081595E-05  1.061405E-04  6.316066E-07  1.917154E-04 -1.662756E-02  2.034596E-08  2.045567E-08
  7.683000E+03  1.051933E-05  1.061722E-04 -3.649104E-07  1.916614E-04 -1.445616E-02  2.034699E-08  2.045027E-08
  7.684000E+03  1.013202E-05  1.062365E-04  5.624858E-07  1.915474E-04 -1.620525E-02  2.034665E-08  2.044345E-08
  7.685000E+03  1.079156E-05  1.061332E-04  7.764743E-07  1.917342E-04 -1.619302E-02  2.034669E-08  2.045582E-08
  7.686000E+03  1.060105E-05  1.061995E-04 -3.858309E-07  1.916260E-04 -1.454211E-02  2.034844E-08  2.045339E-08
  7.687000E+03  1.007969E-05  1.062240E-04  4.430552E-07  1.915883E-04 -1.648167E-02  2.034850E-08  2.044434E-08
  7.688000E+03  1.074720E-05  1.061340E-04  9.195812E-07  1.917405E-04 -1.581110E-02  2.034764E-08  2.045583E-08
  7.689000E+03  1.069214E-05  1.062157E-04 -3.746287E-07  1.916015E-04 -1.475936E-02  2.034886E-08  2.045568E-08
  7.690000E+03  1.004396E-05  1.062080E-04  2.905760E-07  1.916219E-04 -1.658133E-02  2.034897E-08  2.044411E-08
  7.691000E+03  1.068211E-05  1.061399E-04  1.047067E-06  1.917325E-04 -1.547881E-02  2.034803E-08  2.045493E-08
  7.692000E+03  1.078739E-05  1.062225E-04 -3.253138E-07  1.915830E-04 -1.507858E-02  2.034811E-08  2.045690E-08
  7.693000E+03  1.003088E-05  1.061894E-04  1.103721E-07  1.916495E-04 -1.652737E-02  2.034838E-08  2.044319E-08
  7.694000E+03  1.059756E-05  1.061519E-04  1.145679E-06  1.917103E-04 -1.521265E-02  2.034805E-08  2.045333E-08
  7.695000E+03  1.088007E-05  1.062234E-04 -2.347274E-07  1.915755E-04 -1.545172E-02  2.034738E-08  2.045811E-08
  7.696000E+03  1.004254E-05  1.061711E-04 -8.584163E-08  1.916724E-04 -1.638165E-02  2.034735E-08  2.044228E-08
  7.697000E+03  1.049848E-05  1.061659E-04  1.207035E-06  1.916794E-04 -1.504025E-02  2.034751E-08  2.045091E-08
  7.698000E+03  1.096056E-05  1.062198E-04 -1.044868E-07  1.915774E-04 -1.579269E-02  2.034679E-08  2.045920E-08
  7.699000E+03  1.007929E-05  1.061541E-04 -2.790255E-07  1.916897E-04 -1.618029E-02  2.034598E-08  2.044150E-08
  7.700000E+03  1.038926E-05  1.061793E-04  1.226625E-06  1.916432E-04 -1.495972E-02  2.034627E-08  2.044763E-08
  7.701000E+03  1.102145E-05  1.062123E-04  6.289114E-08  1.915859E-04 -1.606498E-02  2.034616E-08  2.045985E-08
  7.702000E+03  1.014064E-05  1.061433E-04 -4.538546E-07  1.917003E-04 -1.592758E-02  2.034512E-08  2.044170E-08
  7.703000E+03  1.027449E-05  1.061936E-04  1.201538E-06  1.916098E-04 -1.499875E-02  2.034545E-08  2.044470E-08
  7.704000E+03  1.105847E-05  1.061995E-04  2.618274E-07  1.916032E-04 -1.628394E-02  2.034547E-08  2.045997E-08
  7.705000E+03  1.022346E-05  1.061407E-04 -5.991026E-07  1.917014E-04 -1.561131E-02  2.034485E-08  2.044290E-08
  7.706000E+03  1.016221E-05  1.062064E-04  1.131196E-06  1.915807E-04 -1.519938E-02  2.034474E-08  2.044196E-08
  7.707000E+03  1.106968E-05  1.061786E-04  4.778575E-07  1.916315E-04 -1.638056E-02  2.034443E-08  2.045917E-08
  7.708000E+03  1.032334E-05  1.061464E-04 -7.070861E-07  1.916825E-04 -1.527808E-02  2.034404E-08  2.044391E-08
  7.709000E+03  1.006051E-05  1.062109E-04  1.017497E-06  1.915627E-04 -1.551875E-02  2.034359E-08  2.043899E-08
  7.710000E+03  1.105393E-05  1.061574E-04  6.956982E-07  1.916588E-04 -1.628623E-02  2.034331E-08  2.045773E-08
  7.711000E+03  1.043590E-05  1.061607E-04 -7.717322E-07  1.916512E-04 -1.503975E-02  2.034352E-08  2.044551E-08
  7.712000E+03  9.977105E-06  1.062084E-04  8.626753E-07  1.915655E-04 -1.585014E-02  2.034330E-08  2.043721E-08
  7.713000E+03  1.101073E-05  1.061470E-04  9.002561E-07  1.916776E-04 -1.606403E-02  2.034338E-08  2.045692E-08
  7.714000E+03  1.055671E-05  1.061813E-04 -7.882827E-07  1.916223E-04 -1.500734E-02  2.034441E-08  2.044875E-08
  7.715000E+03  9.914345E-06  1.062001E-04  6.736180E-07  1.915918E-04 -1.610341E-02  2.034443E-08  2.043717E-08
  7.716000E+03  1.094157E-05  1.061497E-04  1.085535E-06  1.916827E-04 -1.579266E-02  2.034452E-08  2.045669E-08
  7.717000E+03  1.068141E-05  1.061981E-04 -7.560125E-07  1.916048E-04 -1.518959E-02  2.034573E-08  2.045256E-08
  7.718000E+03  9.874175E-06  1.061849E-04  4.573998E-07  1.916293E-04 -1.617305E-02  2.034548E-08  2.043740E-08
  7.719000E+03  1.084986E-05  1.061596E-04  1.244716E-06  1.916685E-04 -1.552926E-02  2.034500E-08  2.045540E-08
  7.720000E+03  1.080295E-05  1.062037E-04 -6.757143E-07  1.915984E-04 -1.547988E-02  2.034603E-08  2.045531E-08
  7.721000E+03  9.857891E-06  1.061697E-04  2.271150E-07  1.916587E-04 -1.605571E-02  2.034572E-08  2.043722E-08
  7.722000E+03  1.074167E-05  1.061738E-04  1.370002E-06  1.916429E-04 -1.537151E-02  2.034506E-08  2.045341E-08
  7.723000E+03  1.091493E-05  1.061974E-04 -5.541201E-07  1.916061E-04 -1.577392E-02  2.034553E-08  2.045705E-08
  7.724000E+03  9.866401E-06  1.061621E-04 -5.175705E-09  1.916697E-04 -1.581153E-02  2.034551E-08  2.043705E-08
  7.725000E+03  1.062100E-05  1.061901E-04  1.456142E-06  1.916166E-04 -1.540197E-02  2.034537E-08  2.045150E-08
  7.726000E+03  1.101344E-05  1.061842E-04 -3.959354E-07  1.916313E-04 -1.595570E-02  2.034563E-08  2.045910E-08
  7.727000E+03  9.901746E-06  1.061665E-04 -2.333729E-07  1.916628E-04 -1.554298E-02  2.034571E-08  2.043783E-08
  7.728000E+03  1.049157E-05  1.062030E-04  1.495857E-06  1.916035E-04 -1.559588E-02  2.034640E-08  2.045017E-08
  7.729000E+03  1.109431E-05  1.061705E-04 -2.050452E-07  1.916645E-04 -1.596923E-02  2.034653E-08  2.046155E-08
  7.730000E+03  9.963020E-06  1.061782E-04 -4.483047E-07  1.916438E-04 -1.536326E-02  2.034599E-08  2.043923E-08
  7.731000E+03  1.035940E-05  1.062052E-04  1.485813E-06  1.916064E-04 -1.584191E-02  2.034706E-08  2.044839E-08
  7.732000E+03  1.115340E-05  1.061604E-04  9.992565E-09  1.916874E-04 -1.581745E-02  2.034705E-08  2.046318E-08
  7.733000E+03  1.004885E-05  1.061907E-04 -6.404699E-07  1.916191E-04 -1.532865E-02  2.034578E-08  2.044067E-08
  7.734000E+03  1.022906E-05  1.061944E-04  1.424855E-06  1.916201E-04 -1.604923E-02  2.034636E-08  2.044525E-08
  7.735000E+03  1.118419E-05  1.061568E-04  2.455579E-07  1.916889E-04 -1.554963E-02  2.034663E-08  2.046330E-08
  7.736000E+03  1.015732E-05  1.062026E-04 -7.951465E-07  1.915970E-04 -1.543119E-02  2.034569E-08  2.044270E-08
  7.737000E+03  1.010535E-05  1.061779E-04  1.312750E-06  1.916428E-04 -1.616741E-02  2.034557E-08  2.044208E-08
  7.738000E+03  1.118347E-05  1.061632E-04  4.947568E-07  1.916753E-04 -1.526507E-02  2.034649E-08  2.046313E-08
  7.739000E+03  1.028344E-05  1.062128E-04 -9.016076E-07  1.915871E-04 -1.565247E-02  2.034651E-08  2.044600E-08
  7.740000E+03  9.993393E-06  1.061638E-04  1.155102E-06  1.916744E-04 -1.613098E-02  2.034624E-08  2.044055E-08
  7.741000E+03  1.115078E-05  1.061779E-04  7.477019E-07  1.916521E-04 -1.510679E-02  2.034689E-08  2.046294E-08
  7.742000E+03  1.042171E-05  1.062143E-04 -9.542078E-07  1.915956E-04 -1.591200E-02  2.034762E-08  2.044982E-08
  7.743000E+03  9.899904E-06  1.061558E-04  9.572358E-07  1.916988E-04 -1.593553E-02  2.034735E-08  2.043976E-08
  7.744000E+03  1.108760E-05  1.061925E-04  9.896122E-07  1.916271E-04 -1.511925E-02  2.034704E-08  2.046198E-08
  7.745000E+03  1.056558E-05  1.062068E-04 -9.503522E-07  1.916144E-04 -1.609951E-02  2.034812E-08  2.045310E-08
  7.746000E+03  9.833170E-06  1.061538E-04  7.252378E-07  1.917075E-04 -1.566333E-02  2.034798E-08  2.043898E-08
  7.747000E+03  1.099600E-05  1.062046E-04  1.202082E-06  1.916059E-04 -1.524859E-02  2.034707E-08  2.046036E-08
  7.748000E+03  1.070839E-05  1.061938E-04 -8.884664E-07  1.916352E-04 -1.622610E-02  2.034780E-08  2.045551E-08
  7.749000E+03  9.799965E-06  1.061555E-04  4.666837E-07  1.917032E-04 -1.538403E-02  2.034793E-08  2.043818E-08
  7.750000E+03  1.088018E-05  1.062145E-04  1.367898E-06  1.915876E-04 -1.544783E-02  2.034696E-08  2.045816E-08
  7.751000E+03  1.084175E-05  1.061772E-04 -7.698300E-07  1.916560E-04 -1.631633E-02  2.034678E-08  2.045705E-08
  7.752000E+03  9.802334E-06  1.061569E-04  1.966843E-07  1.916890E-04 -1.512462E-02  2.034679E-08  2.043696E-08
  7.753000E+03  1.074766E-05  1.062212E-04  1.476515E-06  1.915674E-04 -1.567712E-02  2.034602E-08  2.045480E-08
  7.754000E+03  1.095804E-05  1.061578E-04 -6.030421E-07  1.916780E-04 -1.632632E-02  2.034540E-08  2.045787E-08
  7.755000E+03  9.837923E-06  1.061609E-04 -6.743650E-08  1.916643E-04 -1.490251E-02  2.034498E-08  2.043573E-08
  7.756000E+03  1.060590E-05  1.062251E-04  1.526288E-06  1.915521E-04 -1.592603E-02  2.034506E-08  2.045123E-08
  7.757000E+03  1.105027E-05  1.061397E-04 -3.970933E-07  1.917033E-04 -1.622505E-02  2.034466E-08  2.045883E-08
  7.758000E+03  9.902630E-06  1.061722E-04 -3.081338E-07  1.916341E-04 -1.473925E-02  2.034401E-08  2.043594E-08
  7.759000E+03  1.046185E-05  1.062270E-04  1.519510E-06  1.915487E-04 -1.623544E-02  2.034495E-08  2.044847E-08
  7.760000E+03  1.111444E-05  1.061232E-04 -1.625329E-07  1.917328E-04 -1.601973E-02  2.034469E-08  2.046001E-08
  7.761000E+03  9.991197E-06  1.061915E-04 -5.128446E-07  1.915970E-04 -1.465466E-02  2.034379E-08  2.043740E-08
  7.762000E+03  1.032272E-05  1.062200E-04  1.460577E-06  1.915591E-04 -1.662718E-02  2.034460E-08  2.044554E-08
  7.763000E+03  1.114789E-05  1.061077E-04  8.841376E-08  1.917569E-04 -1.565313E-02  2.034439E-08  2.046024E-08
  7.764000E+03  1.009790E-05  1.062158E-04 -6.713652E-07  1.915493E-04 -1.469078E-02  2.034337E-08  2.043906E-08
  7.765000E+03  1.019724E-05  1.061986E-04  1.353514E-06  1.915891E-04 -1.699086E-02  2.034357E-08  2.044215E-08
  7.766000E+03  1.114945E-05  1.061018E-04  3.392098E-07  1.917594E-04 -1.512489E-02  2.034369E-08  2.045943E-08
  7.767000E+03  1.021738E-05  1.062423E-04 -7.767285E-07  1.915015E-04 -1.495279E-02  2.034329E-08  2.044140E-08
  7.768000E+03  1.009146E-05  1.061682E-04  1.203940E-06  1.916447E-04 -1.716825E-02  2.034358E-08  2.044009E-08
  7.769000E+03  1.112142E-05  1.061159E-04  5.757616E-07  1.917357E-04 -1.457443E-02  2.034404E-08  2.045913E-08
  7.770000E+03  1.034472E-05  1.062650E-04 -8.293539E-07  1.914755E-04 -1.548276E-02  2.034471E-08  2.044545E-08
  7.771000E+03  1.000798E-05  1.061353E-04  1.019473E-06  1.917180E-04 -1.706646E-02  2.034508E-08  2.043982E-08
  7.772000E+03  1.106637E-05  1.061481E-04  7.906001E-07  1.916876E-04 -1.414838E-02  2.034523E-08  2.045925E-08
  7.773000E+03  1.047433E-05  1.062728E-04 -8.296054E-07  1.914814E-04 -1.617420E-02  2.034659E-08  2.045002E-08
  7.774000E+03  9.949526E-06  1.061057E-04  8.090589E-07  1.917845E-04 -1.665503E-02  2.034662E-08  2.043997E-08
  7.775000E+03  1.098849E-05  1.061878E-04  9.747021E-07  1.916206E-04 -1.398028E-02  2.034579E-08  2.045839E-08
  7.776000E+03  1.059869E-05  1.062569E-04 -7.795162E-07  1.915161E-04 -1.684255E-02  2.034703E-08  2.045298E-08
  7.777000E+03  9.917108E-06  1.060876E-04  5.868857E-07  1.918191E-04 -1.596517E-02  2.034704E-08  2.043945E-08
  7.778000E+03  1.089173E-05  1.062282E-04  1.122628E-06  1.915480E-04 -1.415406E-02  2.034576E-08  2.045669E-08
  7.779000E+03  1.071385E-05  1.062222E-04 -6.836109E-07  1.915776E-04 -1.731609E-02  2.034674E-08  2.045493E-08
  7.780000E+03  9.911023E-06  1.060890E-04  3.606870E-07  1.918143E-04 -1.515475E-02  2.034705E-08  2.043904E-08
  7.781000E+03  1.077984E-05  1.062628E-04  1.230579E-06  1.914911E-04 -1.465968E-02  2.034620E-08  2.045525E-08
  7.782000E+03  1.081578E-05  1.061799E-04 -5.459992E-07  1.916575E-04 -1.747878E-02  2.034706E-08  2.045713E-08
  7.783000E+03  9.932182E-06  1.061100E-04  1.377635E-07  1.917767E-04 -1.443344E-02  2.034730E-08  2.043947E-08
  7.784000E+03  1.065980E-05  1.062841E-04  1.290765E-06  1.914642E-04 -1.537461E-02  2.034720E-08  2.045423E-08
  7.785000E+03  1.089923E-05  1.061384E-04 -3.761823E-07  1.917378E-04 -1.730297E-02  2.034770E-08  2.045920E-08
  7.786000E+03  9.979547E-06  1.061442E-04 -7.044165E-08  1.917143E-04 -1.394727E-02  2.034737E-08  2.044034E-08
  7.787000E+03  1.053747E-05  1.062867E-04  1.300253E-06  1.914689E-04 -1.615269E-02  2.034794E-08  2.045287E-08
  7.788000E+03  1.096113E-05  1.061053E-04 -1.833212E-07  1.917994E-04 -1.683527E-02  2.034804E-08  2.046050E-08
  7.789000E+03  1.004985E-05  1.061830E-04 -2.549733E-07  1.916415E-04 -1.376034E-02  2.034714E-08  2.044146E-08
  7.790000E+03  1.041857E-05  1.062709E-04  1.260709E-06  1.914972E-04 -1.686835E-02  2.034769E-08  2.045051E-08
  7.791000E+03  1.099769E-05  1.060846E-04  2.432009E-08  1.918339E-04 -1.615809E-02  2.034797E-08  2.046089E-08
  7.792000E+03  1.013882E-05  1.062214E-04 -4.045496E-07  1.915695E-04 -1.387323E-02  2.034681E-08  2.044294E-08
  7.793000E+03  1.031108E-05  1.062408E-04  1.173898E-06  1.915459E-04 -1.741213E-02  2.034691E-08  2.044775E-08
  7.794000E+03  1.100293E-05  1.060784E-04  2.358269E-07  1.918379E-04 -1.540127E-02  2.034744E-08  2.046022E-08
  7.795000E+03  1.024284E-05  1.062543E-04 -5.040878E-07  1.915077E-04 -1.425231E-02  2.034646E-08  2.044476E-08
  7.796000E+03  1.021952E-05  1.062036E-04  1.043222E-06  1.916087E-04 -1.770121E-02  2.034635E-08  2.044539E-08
  7.797000E+03  1.097755E-05  1.060855E-04  4.415217E-07  1.918152E-04 -1.470403E-02  2.034662E-08  2.045873E-08
  7.798000E+03  1.035491E-05  1.062787E-04 -5.489735E-07  1.914648E-04 -1.479129E-02  2.034640E-08  2.044704E-08
  7.799000E+03  1.014635E-05  1.061653E-04  8.806083E-07  1.916764E-04 -1.772644E-02  2.034619E-08  2.044369E-08
  7.800000E+03  1.092798E-05  1.061041E-04  6.309582E-07  1.917732E-04 -1.414054E-02  2.034589E-08  2.045696E-08
  7.801000E+03  1.046575E-05  1.062931E-04 -5.441887E-07  1.914426E-04 -1.542915E-02  2.034660E-08  2.044958E-08
  7.802000E+03  1.009742E-05  1.061293E-04  6.997526E-07  1.917439E-04 -1.749827E-02  2.034653E-08  2.044288E-08
  7.803000E+03  1.085768E-05  1.061341E-04  7.894299E-07  1.917172E-04 -1.373681E-02  2.034582E-08  2.045551E-08
  7.804000E+03  1.056779E-05  1.062959E-04 -4.902221E-07  1.914413E-04 -1.616853E-02  2.034677E-08  2.045193E-08
  7.805000E+03  1.007863E-05  1.060959E-04  5.107961E-07  1.918059E-04 -1.703474E-02  2.034686E-08  2.044256E-08
  7.806000E+03  1.077060E-05  1.061732E-04  9.016889E-07  1.916454E-04 -1.353062E-02  2.034573E-08  2.045381E-08
  7.807000E+03  1.065619E-05  1.062829E-04 -3.908713E-07  1.914635E-04 -1.694358E-02  2.034638E-08  2.045344E-08
  7.808000E+03  1.008850E-05  1.060674E-04  3.247202E-07  1.918502E-04 -1.635219E-02  2.034632E-08  2.044187E-08
  7.809000E+03  1.067444E-05  1.062165E-04  9.641262E-07  1.915616E-04 -1.355756E-02  2.034514E-08  2.045151E-08
  7.810000E+03  1.072774E-05  1.062529E-04 -2.588647E-07  1.915127E-04 -1.760484E-02  2.034562E-08  2.045419E-08
  7.811000E+03  1.012323E-05  1.060515E-04  1.512300E-07  1.918661E-04 -1.550833E-02  2.034525E-08  2.044112E-08
  7.812000E+03  1.057598E-05  1.062614E-04  9.785810E-07  1.914787E-04 -1.388023E-02  2.034484E-08  2.044957E-08
  7.813000E+03  1.077881E-05  1.062104E-04 -1.047268E-07  1.915899E-04 -1.805215E-02  2.034553E-08  2.045510E-08
  7.814000E+03  1.017818E-05  1.060567E-04  1.580551E-09  1.918513E-04 -1.460253E-02  2.034496E-08  2.044157E-08
  7.815000E+03  1.048141E-05  1.063020E-04  9.490653E-07  1.914135E-04 -1.454343E-02  2.034549E-08  2.044871E-08
  7.816000E+03  1.080767E-05  1.061593E-04  6.061472E-08  1.916887E-04 -1.819165E-02  2.034618E-08  2.045622E-08
  7.817000E+03  1.024733E-05  1.060833E-04 -1.155530E-07  1.918030E-04 -1.375859E-02  2.034516E-08  2.044287E-08
  7.818000E+03  1.039715E-05  1.063258E-04  8.822244E-07  1.913770E-04 -1.549075E-02  2.034588E-08  2.044784E-08
  7.819000E+03  1.081347E-05  1.061039E-04  2.249819E-07  1.917891E-04 -1.792187E-02  2.034630E-08  2.045623E-08
  7.820000E+03  1.032365E-05  1.061276E-04 -1.925142E-07  1.917178E-04 -1.313467E-02  2.034478E-08  2.044386E-08
  7.821000E+03  1.032969E-05  1.063238E-04  7.865778E-07  1.913793E-04 -1.656503E-02  2.034539E-08  2.044638E-08
  7.822000E+03  1.079654E-05  1.060562E-04  3.750019E-07  1.918679E-04 -1.721756E-02  2.034576E-08  2.045504E-08
  7.823000E+03  1.040334E-05  1.061854E-04 -2.266835E-07  1.916093E-04 -1.289775E-02  2.034441E-08  2.044509E-08
  7.824000E+03  1.028054E-05  1.062968E-04  6.684941E-07  1.914291E-04 -1.756183E-02  2.034516E-08  2.044543E-08
  7.825000E+03  1.076019E-05  1.060302E-04  5.048684E-07  1.919115E-04 -1.618528E-02  2.034576E-08  2.045396E-08
  7.826000E+03  1.048315E-05  1.062479E-04 -2.219161E-07  1.915041E-04 -1.313774E-02  2.034514E-08  2.044759E-08
  7.827000E+03  1.024959E-05  1.062509E-04  5.346111E-07  1.915215E-04 -1.828989E-02  2.034593E-08  2.044567E-08
  7.828000E+03  1.070835E-05  1.060304E-04  6.114258E-07  1.919113E-04 -1.505469E-02  2.034613E-08  2.045299E-08
  7.829000E+03  1.055707E-05  1.062997E-04 -1.809816E-07  1.914227E-04 -1.380451E-02  2.034624E-08  2.045045E-08
  7.830000E+03  1.023804E-05  1.061945E-04  3.959472E-07  1.916334E-04 -1.858890E-02  2.034689E-08  2.044631E-08
  7.831000E+03  1.064458E-05  1.060542E-04  6.891866E-07  1.918673E-04 -1.404304E-02  2.034633E-08  2.045173E-08
  7.832000E+03  1.062150E-05  1.063301E-04 -1.079744E-07  1.913767E-04 -1.475908E-02  2.034689E-08  2.045271E-08
  7.833000E+03  1.024500E-05  1.061376E-04  2.605188E-07  1.917406E-04 -1.841016E-02  2.034743E-08  2.044674E-08
  7.834000E+03  1.057286E-05  1.060966E-04  7.365606E-07  1.917897E-04 -1.330880E-02  2.034643E-08  2.045034E-08
  7.835000E+03  1.067361E-05  1.063372E-04 -8.448516E-09  1.913718E-04 -1.582342E-02  2.034739E-08  2.045457E-08
  7.836000E+03  1.027072E-05  1.060902E-04  1.338059E-07  1.918284E-04 -1.782882E-02  2.034788E-08  2.044733E-08
  7.837000E+03  1.049718E-05  1.061493E-04  7.496422E-07  1.916957E-04 -1.294296E-02  2.034666E-08  2.044916E-08
  7.838000E+03  1.070868E-05  1.063237E-04  1.136322E-07  1.914045E-04 -1.682074E-02  2.034796E-08  2.045610E-08
  7.839000E+03  1.031661E-05  1.060585E-04  2.408486E-08  1.918871E-04 -1.699093E-02  2.034832E-08  2.044827E-08
  7.840000E+03  1.042230E-05  1.062041E-04  7.214906E-07  1.916030E-04 -1.293891E-02  2.034732E-08  2.044853E-08
  7.841000E+03  1.072423E-05  1.062944E-04  2.507767E-07  1.914642E-04 -1.764512E-02  2.034840E-08  2.045703E-08
  7.842000E+03  1.037879E-05  1.060416E-04 -6.037365E-08  1.919141E-04 -1.604470E-02  2.034826E-08  2.044902E-08
  7.843000E+03  1.035300E-05  1.062546E-04  6.558327E-07  1.915167E-04 -1.324629E-02  2.034774E-08  2.044785E-08
  7.844000E+03  1.072234E-05  1.062523E-04  3.916564E-07  1.915416E-04 -1.822562E-02  2.034835E-08  2.045703E-08
  7.845000E+03  1.044992E-05  1.060391E-04 -1.174416E-07  1.919090E-04 -1.507515E-02  2.034754E-08  2.044935E-08
  7.846000E+03  1.029673E-05  1.062961E-04  5.610329E-07  1.914408E-04 -1.383440E-02  2.034746E-08  2.044679E-08
  7.847000E+03  1.070022E-05  1.062011E-04  5.236452E-07  1.916313E-04 -1.849051E-02  2.034798E-08  2.045621E-08
  7.848000E+03  1.052576E-05  1.060538E-04 -1.378795E-07  1.918724E-04 -1.415332E-02  2.034676E-08  2.044977E-08
  7.849000E+03  1.025933E-05  1.063269E-04  4.406365E-07  1.913842E-04 -1.468141E-02  2.034710E-08  2.044607E-08
  7.850000E+03  1.065605E-05  1.061445E-04  6.365903E-07  1.917293E-04 -1.842469E-02  2.034756E-08  2.045479E-08
  7.851000E+03  1.060284E-05  1.060857E-04 -1.150500E-07  1.918058E-04 -1.335047E-02  2.034605E-08  2.045038E-08
  7.852000E+03  1.024116E-05  1.063425E-04  3.013093E-07  1.913540E-04 -1.572871E-02  2.034654E-08  2.044553E-08
  7.853000E+03  1.059487E-05  1.060866E-04  7.254521E-07  1.918243E-04 -1.802145E-02  2.034667E-08  2.045248E-08
  7.854000E+03  1.067400E-05  1.061327E-04 -5.299708E-08  1.917120E-04 -1.274902E-02  2.034526E-08  2.045092E-08
  7.855000E+03  1.024289E-05  1.063368E-04  1.568387E-07  1.913592E-04 -1.685422E-02  2.034564E-08  2.044499E-08
  7.856000E+03  1.052310E-05  1.060369E-04  7.833795E-07  1.919014E-04 -1.725515E-02  2.034560E-08  2.044969E-08
  7.857000E+03  1.073146E-05  1.061942E-04  4.205552E-08  1.915973E-04 -1.251566E-02  2.034493E-08  2.045182E-08
  7.858000E+03  1.026719E-05  1.063088E-04  2.058998E-08  1.914124E-04 -1.790983E-02  2.034556E-08  2.044563E-08
  7.859000E+03  1.044487E-05  1.060077E-04  8.014776E-07  1.919483E-04 -1.617816E-02  2.034533E-08  2.044752E-08
  7.860000E+03  1.077037E-05  1.062623E-04  1.659517E-07  1.914802E-04 -1.278145E-02  2.034547E-08  2.045341E-08
  7.861000E+03  1.031331E-05  1.062597E-04 -9.706461E-08  1.915099E-04 -1.873317E-02  2.034622E-08  2.044727E-08
  7.862000E+03  1.036661E-05  1.060026E-04  7.757581E-07  1.919539E-04 -1.492819E-02  2.034534E-08  2.044564E-08
  7.863000E+03  1.078822E-05  1.063223E-04  3.079433E-07  1.913789E-04 -1.350127E-02  2.034600E-08  2.045471E-08
  7.864000E+03  1.037673E-05  1.061926E-04 -1.871902E-07  1.916338E-04 -1.914990E-02  2.034637E-08  2.044857E-08
  7.865000E+03  1.029438E-05  1.060241E-04  7.101199E-07  1.919083E-04 -1.368261E-02  2.034500E-08  2.044358E-08
  7.866000E+03  1.078465E-05  1.063624E-04  4.561415E-07  1.913103E-04 -1.460521E-02  2.034605E-08  2.045520E-08
  7.867000E+03  1.045266E-05  1.061192E-04 -2.449798E-07  1.917645E-04 -1.902617E-02  2.034621E-08  2.044962E-08
  7.868000E+03  1.023185E-05  1.060740E-04  6.110549E-07  1.918145E-04 -1.268439E-02  2.034489E-08  2.044211E-08
  7.869000E+03  1.076090E-05  1.063750E-04  6.021076E-07  1.912929E-04 -1.596613E-02  2.034620E-08  2.045539E-08
  7.870000E+03  1.053515E-05  1.060539E-04 -2.678303E-07  1.918812E-04 -1.834334E-02  2.034633E-08  2.045092E-08
  7.871000E+03  1.018380E-05  1.061443E-04  4.863976E-07  1.916905E-04 -1.212999E-02  2.034536E-08  2.044167E-08
  7.872000E+03  1.071886E-05  1.063589E-04  7.346276E-07  1.913316E-04 -1.734364E-02  2.034676E-08  2.045558E-08
  7.873000E+03  1.061697E-05  1.060065E-04 -2.533633E-07  1.919638E-04 -1.724648E-02  2.034639E-08  2.045207E-08
  7.874000E+03  1.015557E-05  1.062211E-04  3.461499E-07  1.915577E-04 -1.208278E-02  2.034599E-08  2.044195E-08
  7.875000E+03  1.066063E-05  1.063163E-04  8.411764E-07  1.914163E-04 -1.849449E-02  2.034718E-08  2.045515E-08
  7.876000E+03  1.069376E-05  1.059842E-04 -2.020488E-07  1.919986E-04 -1.590958E-02  2.034625E-08  2.045293E-08
  7.877000E+03  1.014830E-05  1.062918E-04  1.980492E-07  1.914353E-04 -1.256544E-02  2.034639E-08  2.044254E-08
  7.878000E+03  1.058984E-05  1.062531E-04  9.163510E-07  1.915344E-04 -1.921905E-02  2.034736E-08  2.045405E-08
  7.879000E+03  1.076304E-05  1.059919E-04 -1.190758E-07  1.919796E-04 -1.452759E-02  2.034613E-08  2.045374E-08
  7.880000E+03  1.016074E-05  1.063464E-04  4.819763E-08  1.913419E-04 -1.353535E-02  2.034667E-08  2.044350E-08
  7.881000E+03  1.051066E-05  1.061787E-04  9.591047E-07  1.916692E-04 -1.941590E-02  2.034735E-08  2.045239E-08
  7.882000E+03  1.082069E-05  1.060273E-04 -9.291632E-09  1.919111E-04 -1.329254E-02  2.034602E-08  2.045447E-08
  7.883000E+03  1.019268E-05  1.063785E-04 -9.496202E-08  1.912897E-04 -1.483720E-02  2.034688E-08  2.044481E-08
  7.884000E+03  1.042674E-05  1.061045E-04  9.667083E-07  1.918010E-04 -1.908660E-02  2.034724E-08  2.045038E-08
  7.885000E+03  1.086267E-05  1.060841E-04  1.234079E-07  1.918058E-04 -1.237319E-02  2.034598E-08  2.045513E-08
  7.886000E+03  1.024213E-05  1.063854E-04 -2.216440E-07  1.912842E-04 -1.626301E-02  2.034715E-08  2.044648E-08
  7.887000E+03  1.034273E-05  1.060412E-04  9.392166E-07  1.919123E-04 -1.831173E-02  2.034719E-08  2.044831E-08
  7.888000E+03  1.088632E-05  1.061538E-04  2.719965E-07  1.916816E-04 -1.187303E-02  2.034628E-08  2.045596E-08
  7.889000E+03  1.030642E-05  1.063663E-04 -3.241491E-07  1.913245E-04 -1.762085E-02  2.034732E-08  2.044825E-08
  7.890000E+03  1.026301E-05  1.059957E-04  8.782516E-07  1.919896E-04 -1.719211E-02  2.034707E-08  2.044619E-08
  7.891000E+03  1.088872E-05  1.062302E-04  4.301308E-07  1.915508E-04 -1.185235E-02  2.034706E-08  2.045703E-08
  7.892000E+03  1.038621E-05  1.063227E-04 -3.972578E-07  1.914095E-04 -1.876492E-02  2.034759E-08  2.045027E-08
  7.893000E+03  1.019046E-05  1.059732E-04  7.799844E-07  1.920250E-04 -1.582475E-02  2.034697E-08  2.044420E-08
  7.894000E+03  1.086835E-05  1.063058E-04  5.933547E-07  1.914235E-04 -1.236239E-02  2.034787E-08  2.045785E-08
  7.895000E+03  1.047771E-05  1.062554E-04 -4.345913E-07  1.915353E-04 -1.954358E-02  2.034778E-08  2.045227E-08
  7.896000E+03  1.012876E-05  1.059781E-04  6.489148E-07  1.920084E-04 -1.432949E-02  2.034659E-08  2.044219E-08
  7.897000E+03  1.082950E-05  1.063677E-04  7.505657E-07  1.913130E-04 -1.341877E-02  2.034769E-08  2.045749E-08
  7.898000E+03  1.057273E-05  1.061705E-04 -4.378388E-07  1.916851E-04 -1.980326E-02  2.034731E-08  2.045347E-08
  7.899000E+03  1.008398E-05  1.060125E-04  4.962843E-07  1.919331E-04 -1.291411E-02  2.034561E-08  2.044000E-08
  7.900000E+03  1.077260E-05  1.064042E-04  8.892301E-07  1.912421E-04 -1.488081E-02  2.034672E-08  2.045604E-08
  7.901000E+03  1.066541E-05  1.060845E-04 -4.027793E-07  1.918338E-04 -1.944987E-02  2.034674E-08  2.045435E-08
  7.902000E+03  1.006203E-05  1.060773E-04  3.288424E-07  1.918112E-04 -1.185191E-02  2.034539E-08  2.043920E-08
  7.903000E+03  1.069692E-05  1.064099E-04  9.980841E-07  1.912362E-04 -1.651563E-02  2.034665E-08  2.045509E-08
  7.904000E+03  1.075343E-05  1.060114E-04 -3.260179E-07  1.919609E-04 -1.851490E-02  2.034656E-08  2.045537E-08
  7.905000E+03  1.006245E-05  1.061655E-04  1.516047E-07  1.916589E-04 -1.133870E-02  2.034625E-08  2.044013E-08
  7.906000E+03  1.060687E-05  1.063806E-04  1.074281E-06  1.912981E-04 -1.813600E-02  2.034705E-08  2.045423E-08
  7.907000E+03  1.083101E-05  1.059580E-04 -2.114627E-07  1.920485E-04 -1.706267E-02  2.034613E-08  2.045585E-08
  7.908000E+03  1.008527E-05  1.062623E-04 -2.381147E-08  1.914885E-04 -1.146837E-02  2.034668E-08  2.044129E-08
  7.909000E+03  1.051030E-05  1.063150E-04  1.111067E-06  1.914176E-04 -1.950221E-02  2.034670E-08  2.045230E-08
  7.910000E+03  1.088910E-05  1.059354E-04 -6.709956E-08  1.920739E-04 -1.526795E-02  2.034504E-08  2.045529E-08
  7.911000E+03  1.013188E-05  1.063490E-04 -1.804261E-07  1.913283E-04 -1.228581E-02  2.034604E-08  2.044204E-08
  7.912000E+03  1.041295E-05  1.062258E-04  1.100681E-06  1.915778E-04 -2.027673E-02  2.034632E-08  2.045008E-08
  7.913000E+03  1.092426E-05  1.059552E-04  9.844186E-08  1.920275E-04 -1.349261E-02  2.034446E-08  2.045491E-08
  7.914000E+03  1.019977E-05  1.064099E-04 -3.091586E-07  1.912182E-04 -1.371058E-02  2.034559E-08  2.044350E-08
  7.915000E+03  1.032028E-05  1.061280E-04  1.043550E-06  1.917524E-04 -2.029199E-02  2.034612E-08  2.044783E-08
  7.916000E+03  1.093597E-05  1.060150E-04  2.746361E-07  1.919175E-04 -1.203125E-02  2.034465E-08  2.045506E-08
  7.917000E+03  1.028375E-05  1.064362E-04 -4.045329E-07  1.911764E-04 -1.552104E-02  2.034564E-08  2.044579E-08
  7.918000E+03  1.023897E-05  1.060337E-04  9.443620E-07  1.919155E-04 -1.956650E-02  2.034562E-08  2.044528E-08
  7.919000E+03  1.092443E-05  1.061045E-04  4.478832E-07  1.917587E-04 -1.106040E-02  2.034522E-08  2.045539E-08
  7.920000E+03  1.037620E-05  1.064235E-04 -4.604459E-07  1.912064E-04 -1.745139E-02  2.034576E-08  2.044824E-08
  7.921000E+03  1.017293E-05  1.059596E-04  8.151060E-07  1.920415E-04 -1.819329E-02  2.034527E-08  2.044300E-08
  7.922000E+03  1.089216E-05  1.062080E-04  6.082012E-07  1.915752E-04 -1.079524E-02  2.034563E-08  2.045542E-08
  7.923000E+03  1.047134E-05  1.063717E-04 -4.770018E-07  1.913063E-04 -1.913485E-02  2.034585E-08  2.045053E-08
  7.924000E+03  1.012336E-05  1.059203E-04  6.663397E-07  1.921035E-04 -1.640738E-02  2.034491E-08  2.044100E-08
  7.925000E+03  1.084159E-05  1.063077E-04  7.510808E-07  1.913986E-04 -1.132712E-02  2.034583E-08  2.045513E-08
  7.926000E+03  1.056375E-05  1.062889E-04 -4.544526E-07  1.914607E-04 -2.026289E-02  2.034598E-08  2.045254E-08
  7.927000E+03  1.009200E-05  1.059229E-04  5.074708E-07  1.920924E-04 -1.447588E-02  2.034485E-08  2.043971E-08
  7.928000E+03  1.077654E-05  1.063895E-04  8.697526E-07  1.912582E-04 -1.256865E-02  2.034625E-08  2.045495E-08
  7.929000E+03  1.064799E-05  1.061889E-04 -3.957938E-07  1.916472E-04 -2.067524E-02  2.034646E-08  2.045448E-08
  7.930000E+03  1.008074E-05  1.059663E-04  3.478280E-07  1.920129E-04 -1.269357E-02  2.034526E-08  2.043943E-08
  7.931000E+03  1.070153E-05  1.064419E-04  9.565404E-07  1.911753E-04 -1.431066E-02  2.034697E-08  2.045494E-08
  7.932000E+03  1.072070E-05  1.060867E-04 -3.072878E-07  1.918361E-04 -2.034286E-02  2.034705E-08  2.045607E-08
  7.933000E+03  1.009022E-05  1.060440E-04  1.936293E-07  1.918772E-04 -1.132662E-02  2.034613E-08  2.044024E-08
  7.934000E+03  1.061970E-05  1.064552E-04  1.007518E-06  1.911622E-04 -1.630563E-02  2.034751E-08  2.045459E-08
  7.935000E+03  1.078092E-05  1.059974E-04 -1.943816E-07  1.919979E-04 -1.928600E-02  2.034749E-08  2.045709E-08
  7.936000E+03  1.011855E-05  1.061461E-04  4.836224E-08  1.917015E-04 -1.060907E-02  2.034723E-08  2.044191E-08
  7.937000E+03  1.053368E-05  1.064251E-04  1.024177E-06  1.912255E-04 -1.825833E-02  2.034780E-08  2.045377E-08
  7.938000E+03  1.082785E-05  1.059341E-04 -6.167519E-08  1.921058E-04 -1.763535E-02  2.034739E-08  2.045720E-08
  7.939000E+03  1.016384E-05  1.062574E-04 -8.468566E-08  1.915084E-04 -1.068212E-02  2.034803E-08  2.044388E-08
  7.940000E+03  1.044885E-05  1.063540E-04  1.005746E-06  1.913582E-04 -1.985771E-02  2.034771E-08  2.045236E-08
  7.941000E+03  1.085783E-05  1.059050E-04  8.313448E-08  1.921425E-04 -1.560594E-02  2.034638E-08  2.045608E-08
  7.942000E+03  1.022222E-05  1.063596E-04 -1.948731E-07  1.913233E-04 -1.154648E-02  2.034772E-08  2.044525E-08
  7.943000E+03  1.037119E-05  1.062526E-04  9.548887E-07  1.915406E-04 -2.082721E-02  2.034727E-08  2.045046E-08
  7.944000E+03  1.086788E-05  1.059197E-04  2.305953E-07  1.921004E-04 -1.350469E-02  2.034536E-08  2.045466E-08
  7.945000E+03  1.029224E-05  1.064361E-04 -2.749725E-07  1.911803E-04 -1.313537E-02  2.034674E-08  2.044632E-08
  7.946000E+03  1.030296E-05  1.061378E-04  8.725560E-07  1.917449E-04 -2.097851E-02  2.034690E-08  2.044850E-08
  7.947000E+03  1.085613E-05  1.059829E-04  3.777391E-07  1.919833E-04 -1.168765E-02  2.034556E-08  2.045427E-08
  7.948000E+03  1.037344E-05  1.064724E-04 -3.208382E-07  1.911156E-04 -1.523784E-02  2.034619E-08  2.044808E-08
  7.949000E+03  1.024516E-05  1.060284E-04  7.588409E-07  1.919384E-04 -2.023085E-02  2.034676E-08  2.044669E-08
  7.950000E+03  1.082574E-05  1.060851E-04  5.198824E-07  1.918040E-04 -1.051632E-02  2.034642E-08  2.045448E-08
  7.951000E+03  1.045886E-05  1.064576E-04 -3.328593E-07  1.911469E-04 -1.747461E-02  2.034594E-08  2.045012E-08
  7.952000E+03  1.020160E-05  1.059396E-04  6.244639E-07  1.920829E-04 -1.866779E-02  2.034564E-08  2.044398E-08
  7.953000E+03  1.078030E-05  1.062051E-04  6.462902E-07  1.915854E-04 -1.020581E-02  2.034629E-08  2.045374E-08
  7.954000E+03  1.053992E-05  1.063953E-04 -3.108962E-07  1.912638E-04 -1.942445E-02  2.034573E-08  2.045190E-08
  7.955000E+03  1.017948E-05  1.058899E-04  4.805074E-07  1.921538E-04 -1.656851E-02  2.034437E-08  2.044146E-08
  7.956000E+03  1.072018E-05  1.063214E-04  7.421865E-07  1.913721E-04 -1.081153E-02  2.034576E-08  2.045261E-08
  7.957000E+03  1.061097E-05  1.062995E-04 -2.508872E-07  1.914430E-04 -2.074836E-02  2.034593E-08  2.045360E-08
  7.958000E+03  1.018010E-05  1.058921E-04  3.372114E-07  1.921416E-04 -1.433216E-02  2.034418E-08  2.044055E-08
  7.959000E+03  1.064848E-05  1.064134E-04  8.022770E-07  1.912093E-04 -1.224163E-02  2.034570E-08  2.045190E-08
  7.960000E+03  1.067075E-05  1.061855E-04 -1.579478E-07  1.916531E-04 -2.121537E-02  2.034620E-08  2.045484E-08
  7.961000E+03  1.019939E-05  1.059466E-04  2.005847E-07  1.920468E-04 -1.232435E-02  2.034515E-08  2.044137E-08
  7.962000E+03  1.057147E-05  1.064650E-04  8.294030E-07  1.911232E-04 -1.429550E-02  2.034584E-08  2.045136E-08
  7.963000E+03  1.071564E-05  1.060679E-04 -4.160200E-08  1.918616E-04 -2.071766E-02  2.034600E-08  2.045502E-08
  7.964000E+03  1.023345E-05  1.060438E-04  8.124219E-08  1.918784E-04 -1.085331E-02  2.034632E-08  2.044296E-08
  7.965000E+03  1.049816E-05  1.064700E-04  8.236950E-07  1.911269E-04 -1.662322E-02  2.034646E-08  2.045130E-08
  7.966000E+03  1.074038E-05  1.059675E-04  8.453785E-08  1.920375E-04 -1.934857E-02  2.034593E-08  2.045472E-08
  7.967000E+03  1.028027E-05  1.061634E-04 -8.532239E-09  1.916650E-04 -1.020051E-02  2.034675E-08  2.044440E-08
  7.968000E+03  1.043407E-05  1.064276E-04  7.844485E-07  1.912156E-04 -1.878195E-02  2.034703E-08  2.045120E-08
  7.969000E+03  1.074427E-05  1.059022E-04  2.099920E-07  1.921468E-04 -1.738778E-02  2.034570E-08  2.045377E-08
  7.970000E+03  1.033933E-05  1.062829E-04 -6.687881E-08  1.914469E-04 -1.046268E-02  2.034641E-08  2.044559E-08
  7.971000E+03  1.038044E-05  1.063424E-04  7.116457E-07  1.913706E-04 -2.040225E-02  2.034658E-08  2.044998E-08
  7.972000E+03  1.073019E-05  1.058845E-04  3.297937E-07  1.921680E-04 -1.513046E-02  2.034528E-08  2.045235E-08
  7.973000E+03  1.040635E-05  1.063856E-04 -9.592789E-08  1.912600E-04 -1.162243E-02  2.034593E-08  2.044705E-08
  7.974000E+03  1.033994E-05  1.062277E-04  6.116260E-07  1.915733E-04 -2.122008E-02  2.034581E-08  2.044836E-08
  7.975000E+03  1.070185E-05  1.059193E-04  4.354328E-07  1.920981E-04 -1.291950E-02  2.034519E-08  2.045112E-08
  7.976000E+03  1.047098E-05  1.064569E-04 -9.427356E-08  1.911355E-04 -1.352550E-02  2.034583E-08  2.044898E-08
  7.977000E+03  1.031698E-05  1.061037E-04  5.014042E-07  1.917944E-04 -2.109997E-02  2.034556E-08  2.044726E-08
  7.978000E+03  1.066260E-05  1.060002E-04  5.151599E-07  1.919488E-04 -1.115123E-02  2.034535E-08  2.045021E-08
  7.979000E+03  1.052818E-05  1.064820E-04 -6.433587E-08  1.910955E-04 -1.584229E-02  2.034568E-08  2.045073E-08
  7.980000E+03  1.031042E-05  1.059911E-04  3.920709E-07  1.919926E-04 -2.003800E-02  2.034541E-08  2.044632E-08
  7.981000E+03  1.061470E-05  1.061134E-04  5.693040E-07  1.917429E-04 -1.014523E-02  2.034545E-08  2.044940E-08
  7.982000E+03  1.057692E-05  1.064547E-04 -9.786219E-09  1.911507E-04 -1.814260E-02  2.034555E-08  2.045219E-08
  7.983000E+03  1.031735E-05  1.059099E-04  2.882072E-07  1.921291E-04 -1.821937E-02  2.034500E-08  2.044522E-08
  7.984000E+03  1.056125E-05  1.062401E-04  6.011162E-07  1.915176E-04 -1.006536E-02  2.034581E-08  2.044909E-08
  7.985000E+03  1.061433E-05  1.063798E-04  6.561478E-08  1.912915E-04 -2.005075E-02  2.034546E-08  2.045321E-08
  7.986000E+03  1.033769E-05  1.058750E-04  1.956297E-07  1.921821E-04 -1.593998E-02  2.034469E-08  2.044446E-08
  7.987000E+03  1.050670E-05  1.063595E-04  6.069165E-07  1.913095E-04 -1.096136E-02  2.034636E-08  2.044922E-08
  7.988000E+03  1.063827E-05  1.062700E-04  1.547476E-07  1.914984E-04 -2.121202E-02  2.034595E-08  2.045423E-08
  7.989000E+03  1.037017E-05  1.058954E-04  1.197400E-07  1.921423E-04 -1.357987E-02  2.034511E-08  2.044480E-08
  7.990000E+03  1.045320E-05  1.064480E-04  5.874281E-07  1.911576E-04 -1.273623E-02  2.034669E-08  2.044934E-08
  7.991000E+03  1.065013E-05  1.061443E-04  2.520960E-07  1.917341E-04 -2.136291E-02  2.034683E-08  2.045503E-08
  7.992000E+03  1.041104E-05  1.059703E-04  6.094747E-08  1.920115E-04 -1.159178E-02  2.034615E-08  2.044618E-08
  7.993000E+03  1.040406E-05  1.064862E-04  5.473434E-07  1.910958E-04 -1.508478E-02  2.034675E-08  2.044929E-08
  7.994000E+03  1.064986E-05  1.060237E-04  3.510580E-07  1.919507E-04 -2.045502E-02  2.034707E-08  2.045465E-08
  7.995000E+03  1.045595E-05  1.060858E-04  2.304922E-08  1.918091E-04 -1.034071E-02  2.034714E-08  2.044793E-08
  7.996000E+03  1.036553E-05  1.064665E-04  4.900569E-07  1.911380E-04 -1.755016E-02  2.034667E-08  2.044918E-08
  7.997000E+03  1.063603E-05  1.059306E-04  4.403278E-07  1.921063E-04 -1.866869E-02  2.034640E-08  2.045291E-08
  7.998000E+03  1.050261E-05  1.062189E-04  1.091723E-08  1.915719E-04 -1.007117E-02  2.034752E-08  2.044949E-08
  7.999000E+03  1.034079E-05  1.063954E-04  4.174758E-07  1.912755E-04 -1.963394E-02  2.034690E-08  2.044938E-08
  8.000000E+03  1.060713E-05  1.058863E-04  5.147615E-07  1.921753E-04 -1.634871E-02  2.034601E-08  2.045111E-08
  8.001000E+03  1.055228E-05  1.063430E-04  2.649161E-08  1.913488E-04 -1.087978E-02  2.034741E-08  2.045094E-08
  8.002000E+03  1.032964E-05  1.062872E-04  3.272017E-07  1.914804E-04 -2.092471E-02  2.034745E-08  2.044980E-08
  8.003000E+03  1.056349E-05  1.058994E-04  5.745055E-07  1.921447E-04 -1.395803E-02  2.034604E-08  2.044960E-08
  8.004000E+03  1.060291E-05  1.064310E-04  7.087323E-08  1.911858E-04 -1.260162E-02  2.034649E-08  2.045179E-08
  8.005000E+03  1.033278E-05  1.061605E-04  2.227743E-07  1.917051E-04 -2.119015E-02  2.034694E-08  2.044906E-08
  8.006000E+03  1.050861E-05  1.059660E-04  6.151449E-07  1.920184E-04 -1.193545E-02  2.034596E-08  2.044802E-08
  8.007000E+03  1.064955E-05  1.064692E-04  1.412377E-07  1.911131E-04 -1.486336E-02  2.034542E-08  2.045245E-08
  8.008000E+03  1.035198E-05  1.060377E-04  1.126331E-07  1.919102E-04 -2.042289E-02  2.034547E-08  2.044735E-08
  8.009000E+03  1.044870E-05  1.060725E-04  6.278307E-07  1.918211E-04 -1.061206E-02  2.034581E-08  2.044661E-08
  8.010000E+03  1.068366E-05  1.064552E-04  2.324475E-07  1.911413E-04 -1.723915E-02  2.034495E-08  2.045336E-08
  8.011000E+03  1.038701E-05  1.059431E-04  1.412400E-08  1.920635E-04 -1.880615E-02  2.034422E-08  2.044598E-08
  8.012000E+03  1.038976E-05  1.061971E-04  6.078535E-07  1.915934E-04 -1.024041E-02  2.034559E-08  2.044550E-08
  8.013000E+03  1.069913E-05  1.063945E-04  3.376449E-07  1.912595E-04 -1.927745E-02  2.034517E-08  2.045436E-08
  8.014000E+03  1.043631E-05  1.058945E-04 -5.913876E-08  1.921401E-04 -1.667980E-02  2.034375E-08  2.044563E-08
  8.015000E+03  1.033413E-05  1.063127E-04  5.564017E-07  1.913794E-04 -1.088308E-02  2.034485E-08  2.044423E-08
  8.016000E+03  1.069633E-05  1.062972E-04  4.518350E-07  1.914379E-04 -2.060067E-02  2.034500E-08  2.045430E-08
  8.017000E+03  1.049527E-05  1.059002E-04 -1.039573E-07  1.921262E-04 -1.440751E-02  2.034410E-08  2.044640E-08
  8.018000E+03  1.028527E-05  1.064020E-04  4.797168E-07  1.912192E-04 -1.238548E-02  2.034454E-08  2.044371E-08
  8.019000E+03  1.067682E-05  1.061796E-04  5.666954E-07  1.916499E-04 -2.099828E-02  2.034483E-08  2.045357E-08
  8.020000E+03  1.055707E-05  1.059597E-04 -1.176403E-07  1.920240E-04 -1.237287E-02  2.034524E-08  2.044823E-08
  8.021000E+03  1.025035E-05  1.064536E-04  3.854275E-07  1.911393E-04 -1.449157E-02  2.034533E-08  2.044462E-08
  8.022000E+03  1.064072E-05  1.060619E-04  6.677603E-07  1.918637E-04 -2.044059E-02  2.034518E-08  2.045275E-08
  8.023000E+03  1.061640E-05  1.060589E-04 -9.586744E-08  1.918506E-04 -1.094509E-02  2.034623E-08  2.045018E-08
  8.024000E+03  1.023547E-05  1.064576E-04  2.789159E-07  1.911492E-04 -1.680271E-02  2.034641E-08  2.044615E-08
  8.025000E+03  1.058943E-05  1.059653E-04  7.415347E-07  1.920387E-04 -1.903992E-02  2.034575E-08  2.045164E-08
  8.026000E+03  1.067204E-05  1.061784E-04 -4.038708E-08  1.916374E-04 -1.038299E-02  2.034666E-08  2.045184E-08
  8.027000E+03  1.023960E-05  1.064098E-04  1.635988E-07  1.912460E-04 -1.889618E-02  2.034681E-08  2.044713E-08
  8.028000E+03  1.052724E-05  1.059076E-04  7.864575E-07  1.921389E-04 -1.700997E-02  2.034603E-08  2.044994E-08
  8.029000E+03  1.072141E-05  1.062985E-04  4.234142E-08  1.914221E-04 -1.079836E-02  2.034669E-08  2.045332E-08
  8.030000E+03  1.026066E-05  1.063176E-04  4.636799E-08  1.914155E-04 -2.040480E-02  2.034661E-08  2.044753E-08
  8.031000E+03  1.045906E-05  1.059017E-04  8.024675E-07  1.921442E-04 -1.470480E-02  2.034619E-08  2.044806E-08
  8.032000E+03  1.075945E-05  1.063990E-04  1.467912E-07  1.912440E-04 -1.216063E-02  2.034666E-08  2.045476E-08
  8.033000E+03  1.029743E-05  1.061977E-04 -6.154266E-08  1.916331E-04 -2.102575E-02  2.034650E-08  2.044798E-08
  8.034000E+03  1.039060E-05  1.059503E-04  7.871418E-07  1.920514E-04 -1.255723E-02  2.034630E-08  2.044631E-08
  8.035000E+03  1.078352E-05  1.064592E-04  2.637623E-07  1.911401E-04 -1.422517E-02  2.034657E-08  2.045597E-08
  8.036000E+03  1.034663E-05  1.060716E-04 -1.519832E-07  1.918572E-04 -2.060786E-02  2.034627E-08  2.044819E-08
  8.037000E+03  1.032525E-05  1.060451E-04  7.442010E-07  1.918753E-04 -1.097134E-02  2.034620E-08  2.044474E-08
  8.038000E+03  1.079351E-05  1.064647E-04  3.865223E-07  1.911316E-04 -1.662561E-02  2.034595E-08  2.045635E-08
  8.039000E+03  1.040464E-05  1.059634E-04 -2.216974E-07  1.920401E-04 -1.920809E-02  2.034546E-08  2.044775E-08
  8.040000E+03  1.026758E-05  1.061701E-04  6.769582E-07  1.916459E-04 -1.027937E-02  2.034600E-08  2.044357E-08
  8.041000E+03  1.078714E-05  1.064132E-04  5.078527E-07  1.912256E-04 -1.890312E-02  2.034529E-08  2.045617E-08
  8.042000E+03  1.046983E-05  1.058982E-04 -2.646816E-07  1.921453E-04 -1.706636E-02  2.034488E-08  2.044756E-08
  8.043000E+03  1.022029E-05  1.063005E-04  5.864369E-07  1.914108E-04 -1.068304E-02  2.034591E-08  2.044308E-08
  8.044000E+03  1.076427E-05  1.063159E-04  6.224565E-07  1.914101E-04 -2.052369E-02  2.034564E-08  2.045636E-08
  8.045000E+03  1.054083E-05  1.058928E-04 -2.794570E-07  1.921497E-04 -1.464043E-02  2.034509E-08  2.044834E-08
  8.046000E+03  1.018314E-05  1.064071E-04  4.755549E-07  1.912243E-04 -1.212218E-02  2.034614E-08  2.044335E-08
  8.047000E+03  1.072675E-05  1.061913E-04  7.291982E-07  1.916443E-04 -2.113214E-02  2.034641E-08  2.045627E-08
  8.048000E+03  1.061207E-05  1.059480E-04 -2.650154E-07  1.920501E-04 -1.242440E-02  2.034575E-08  2.044981E-08
  8.049000E+03  1.015819E-05  1.064654E-04  3.537534E-07  1.911244E-04 -1.431483E-02  2.034605E-08  2.044363E-08
  8.050000E+03  1.067723E-05  1.060627E-04  8.217034E-07  1.918738E-04 -2.061648E-02  2.034632E-08  2.045473E-08
  8.051000E+03  1.067814E-05  1.060522E-04 -2.220471E-07  1.918632E-04 -1.085366E-02  2.034632E-08  2.045144E-08
  8.052000E+03  1.014825E-05  1.064637E-04  2.294815E-07  1.911311E-04 -1.681226E-02  2.034566E-08  2.044381E-08
  8.053000E+03  1.061629E-05  1.059577E-04  8.938235E-07  1.920527E-04 -1.907196E-02  2.034576E-08  2.045223E-08
  8.054000E+03  1.073708E-05  1.061842E-04 -1.500180E-07  1.916280E-04 -1.027335E-02  2.034680E-08  2.045325E-08
  8.055000E+03  1.015625E-05  1.064051E-04  1.042128E-07  1.912465E-04 -1.905526E-02  2.034592E-08  2.044474E-08
  8.056000E+03  1.054396E-05  1.059010E-04  9.396170E-07  1.921460E-04 -1.684751E-02  2.034556E-08  2.044980E-08
  8.057000E+03  1.078805E-05  1.063137E-04 -4.829143E-08  1.913982E-04 -1.082900E-02  2.034706E-08  2.045505E-08
  8.058000E+03  1.018320E-05  1.063039E-04 -2.128340E-08  1.914418E-04 -2.055178E-02  2.034671E-08  2.044621E-08
  8.059000E+03  1.046343E-05  1.059034E-04  9.543638E-07  1.921373E-04 -1.443547E-02  2.034587E-08  2.044781E-08
  8.060000E+03  1.082907E-05  1.064117E-04  7.844040E-08  1.912217E-04 -1.238940E-02  2.034666E-08  2.045623E-08
  8.061000E+03  1.022912E-05  1.061776E-04 -1.429820E-07  1.916704E-04 -2.101756E-02  2.034661E-08  2.044675E-08
  8.062000E+03  1.038025E-05  1.059627E-04  9.332631E-07  1.920257E-04 -1.228840E-02  2.034603E-08  2.044587E-08
  8.063000E+03  1.085647E-05  1.064596E-04  2.221436E-07  1.911309E-04 -1.463118E-02  2.034555E-08  2.045651E-08
  8.064000E+03  1.029119E-05  1.060504E-04 -2.511476E-07  1.918869E-04 -2.038492E-02  2.034546E-08  2.044622E-08
  8.065000E+03  1.030209E-05  1.060669E-04  8.754201E-07  1.918331E-04 -1.081880E-02  2.034595E-08  2.044412E-08
  8.066000E+03  1.086572E-05  1.064525E-04  3.712848E-07  1.911448E-04 -1.707405E-02  2.034487E-08  2.045680E-08
  8.067000E+03  1.036428E-05  1.059498E-04 -3.322561E-07  1.920537E-04 -1.881873E-02  2.034445E-08  2.044582E-08
  8.068000E+03  1.023445E-05  1.061941E-04  7.864259E-07  1.916016E-04 -1.032527E-02  2.034588E-08  2.044295E-08
  8.069000E+03  1.085407E-05  1.063962E-04  5.171756E-07  1.912566E-04 -1.922894E-02  2.034522E-08  2.045747E-08
  8.070000E+03  1.044396E-05  1.058946E-04 -3.770328E-07  1.921455E-04 -1.666279E-02  2.034435E-08  2.044642E-08
  8.071000E+03  1.018141E-05  1.063179E-04  6.716835E-07  1.913781E-04 -1.087704E-02  2.034571E-08  2.044229E-08
  8.072000E+03  1.082071E-05  1.062990E-04  6.522902E-07  1.914406E-04 -2.069152E-02  2.034558E-08  2.045742E-08
  8.073000E+03  1.052518E-05  1.058944E-04 -3.794851E-07  1.921424E-04 -1.429798E-02  2.034472E-08  2.044759E-08
  8.074000E+03  1.014610E-05  1.064158E-04  5.386867E-07  1.912027E-04 -1.236000E-02  2.034544E-08  2.044209E-08
  8.075000E+03  1.076958E-05  1.061768E-04  7.669969E-07  1.916626E-04 -2.121084E-02  2.034555E-08  2.045625E-08
  8.076000E+03  1.060222E-05  1.059499E-04 -3.426591E-07  1.920424E-04 -1.214244E-02  2.034538E-08  2.044920E-08
  8.077000E+03  1.012979E-05  1.064725E-04  3.978325E-07  1.911075E-04 -1.451676E-02  2.034555E-08  2.044272E-08
  8.078000E+03  1.070682E-05  1.060514E-04  8.534547E-07  1.918871E-04 -2.069734E-02  2.034553E-08  2.045455E-08
  8.079000E+03  1.067000E-05  1.060512E-04 -2.745457E-07  1.918606E-04 -1.060798E-02  2.034591E-08  2.045083E-08
  8.080000E+03  1.013288E-05  1.064773E-04  2.589885E-07  1.911103E-04 -1.695508E-02  2.034599E-08  2.044397E-08
  8.081000E+03  1.063717E-05  1.059443E-04  9.068420E-07  1.920749E-04 -1.922262E-02  2.034547E-08  2.045240E-08
  8.082000E+03  1.072630E-05  1.061798E-04 -1.827465E-07  1.916282E-04 -9.961205E-03  2.034604E-08  2.045221E-08
  8.083000E+03  1.015300E-05  1.064258E-04  1.286405E-07  1.912106E-04 -1.924993E-02  2.034597E-08  2.044490E-08
  8.084000E+03  1.056369E-05  1.058776E-04  9.292786E-07  1.921876E-04 -1.700330E-02  2.034543E-08  2.045008E-08
  8.085000E+03  1.076983E-05  1.063151E-04 -7.233297E-08  1.913859E-04 -1.038641E-02  2.034611E-08  2.045366E-08
  8.086000E+03  1.018692E-05  1.063246E-04  1.216299E-08  1.913996E-04 -2.095872E-02  2.034602E-08  2.044584E-08
  8.087000E+03  1.049158E-05  1.058697E-04  9.228210E-07  1.921980E-04 -1.442613E-02  2.034584E-08  2.044828E-08
  8.088000E+03  1.079706E-05  1.064307E-04  4.927310E-08  1.911833E-04 -1.190026E-02  2.034634E-08  2.045525E-08
  8.089000E+03  1.023264E-05  1.061892E-04 -8.167097E-08  1.916487E-04 -2.167533E-02  2.034624E-08  2.044676E-08
  8.090000E+03  1.042441E-05  1.059254E-04  8.884104E-07  1.920953E-04 -1.197341E-02  2.034631E-08  2.044685E-08
  8.091000E+03  1.080755E-05  1.065007E-04  1.752662E-07  1.910644E-04 -1.425997E-02  2.034642E-08  2.045650E-08
  8.092000E+03  1.028853E-05  1.060443E-04 -1.505791E-07  1.919084E-04 -2.118894E-02  2.034622E-08  2.044725E-08
  8.093000E+03  1.036391E-05  1.060368E-04  8.278716E-07  1.918916E-04 -1.015683E-02  2.034652E-08  2.044563E-08
  8.094000E+03  1.080390E-05  1.065077E-04  2.999594E-07  1.910571E-04 -1.704690E-02  2.034609E-08  2.045703E-08
  8.095000E+03  1.034992E-05  1.059212E-04 -1.957641E-07  1.921244E-04 -1.952840E-02  2.034616E-08  2.044749E-08
  8.096000E+03  1.031265E-05  1.061844E-04  7.483768E-07  1.916244E-04 -9.415327E-03  2.034663E-08  2.044493E-08
  8.097000E+03  1.078979E-05  1.064470E-04  4.150392E-07  1.911737E-04 -1.967284E-02  2.034594E-08  2.045730E-08
  8.098000E+03  1.041349E-05  1.058485E-04 -2.217923E-07  1.922473E-04 -1.699758E-02  2.034614E-08  2.044769E-08
  8.099000E+03  1.027246E-05  1.063372E-04  6.550216E-07  1.913506E-04 -9.959068E-03  2.034667E-08  2.044482E-08
  8.100000E+03  1.076442E-05  1.063289E-04  5.175037E-07  1.913942E-04 -2.154304E-02  2.034602E-08  2.045718E-08
  8.101000E+03  1.047821E-05  1.058424E-04 -2.261927E-07  1.922469E-04 -1.411397E-02  2.034586E-08  2.044772E-08
  8.102000E+03  1.024526E-05  1.064622E-04  5.482279E-07  1.911285E-04 -1.169134E-02  2.034656E-08  2.044510E-08
  8.103000E+03  1.072677E-05  1.061771E-04  6.043710E-07  1.916702E-04 -2.226927E-02  2.034594E-08  2.045622E-08
  8.104000E+03  1.054058E-05  1.059057E-04 -2.038970E-07  1.921233E-04 -1.145515E-02  2.034562E-08  2.044802E-08
  8.105000E+03  1.023092E-05  1.065325E-04  4.351836E-07  1.910021E-04 -1.431716E-02  2.034586E-08  2.044514E-08
  8.106000E+03  1.067982E-05  1.060197E-04  6.733494E-07  1.919469E-04 -2.166246E-02  2.034538E-08  2.045415E-08
  8.107000E+03  1.059496E-05  1.060285E-04 -1.560873E-07  1.918943E-04 -9.560515E-03  2.034534E-08  2.044854E-08
  8.108000E+03  1.022957E-05  1.065312E-04  3.270468E-07  1.910028E-04 -1.733670E-02  2.034470E-08  2.044491E-08
  8.109000E+03  1.062696E-05  1.058900E-04  7.212840E-07  1.921660E-04 -1.979065E-02  2.034447E-08  2.045130E-08
  8.110000E+03  1.063747E-05  1.061867E-04 -8.623226E-08  1.916049E-04 -8.854756E-03  2.034509E-08  2.044934E-08
  8.111000E+03  1.024409E-05  1.064608E-04  2.292002E-07  1.911354E-04 -2.008785E-02  2.034433E-08  2.044548E-08
  8.112000E+03  1.056966E-05  1.058169E-04  7.411241E-07  1.922854E-04 -1.705932E-02  2.034409E-08  2.044877E-08
  8.113000E+03  1.066786E-05  1.063485E-04  2.900646E-09  1.913190E-04 -9.481963E-03  2.034557E-08  2.045109E-08
  8.114000E+03  1.027438E-05  1.063373E-04  1.422228E-07  1.913727E-04 -2.202275E-02  2.034512E-08  2.044709E-08
  8.115000E+03  1.051132E-05  1.058145E-04  7.301786E-07  1.922862E-04 -1.401121E-02  2.034466E-08  2.044725E-08
  8.116000E+03  1.068615E-05  1.064807E-04  1.044794E-07  1.910893E-04 -1.135266E-02  2.034601E-08  2.045287E-08
  8.117000E+03  1.031658E-05  1.061804E-04  6.937059E-08  1.916646E-04 -2.277510E-02  2.034575E-08  2.044831E-08
  8.118000E+03  1.045881E-05  1.058819E-04  6.903166E-07  1.921634E-04 -1.119952E-02  2.034535E-08  2.044623E-08
  8.119000E+03  1.069011E-05  1.065546E-04  2.066266E-07  1.909576E-04 -1.412242E-02  2.034538E-08  2.045344E-08
  8.120000E+03  1.036542E-05  1.060177E-04  1.963834E-08  1.919512E-04 -2.216987E-02  2.034523E-08  2.044808E-08
  8.121000E+03  1.041665E-05  1.060076E-04  6.282452E-07  1.919331E-04 -9.177154E-03  2.034550E-08  2.044529E-08
  8.122000E+03  1.067921E-05  1.065587E-04  3.006612E-07  1.909541E-04 -1.723214E-02  2.034480E-08  2.045366E-08
  8.123000E+03  1.041604E-05  1.058827E-04 -1.769758E-09  1.921824E-04 -2.032079E-02  2.034460E-08  2.044746E-08
  8.124000E+03  1.038692E-05  1.061692E-04  5.519626E-07  1.916405E-04 -8.362149E-03  2.034560E-08  2.044501E-08
  8.125000E+03  1.065461E-05  1.064946E-04  3.814560E-07  1.910833E-04 -2.007836E-02  2.034524E-08  2.045436E-08
  8.126000E+03  1.046481E-05  1.058013E-04  5.939414E-09  1.923197E-04 -1.758356E-02  2.034453E-08  2.044723E-08
  8.127000E+03  1.037039E-05  1.063353E-04  4.681085E-07  1.913430E-04 -8.893062E-03  2.034572E-08  2.044544E-08
  8.128000E+03  1.061931E-05  1.063745E-04  4.448644E-07  1.913138E-04 -2.217771E-02  2.034591E-08  2.045469E-08
  8.129000E+03  1.050810E-05  1.057864E-04  3.982407E-08  1.923422E-04 -1.443574E-02  2.034508E-08  2.044758E-08
  8.130000E+03  1.036823E-05  1.064772E-04  3.829626E-07  1.910917E-04 -1.065380E-02  2.034576E-08  2.044641E-08
  8.131000E+03  1.057912E-05  1.062165E-04  4.835964E-07  1.916049E-04 -2.318324E-02  2.034615E-08  2.045405E-08
  8.132000E+03  1.053999E-05  1.058438E-04  9.330567E-08  1.922392E-04 -1.142271E-02  2.034599E-08  2.044833E-08
  8.133000E+03  1.038127E-05  1.065693E-04  3.077261E-07  1.909330E-04 -1.339069E-02  2.034576E-08  2.044779E-08
  8.134000E+03  1.053941E-05  1.060440E-04  4.913649E-07  1.919123E-04 -2.284219E-02  2.034585E-08  2.045242E-08
  8.135000E+03  1.055815E-05  1.059652E-04  1.575577E-07  1.920167E-04 -9.090862E-03  2.034625E-08  2.044856E-08
  8.136000E+03  1.040605E-05  1.065927E-04  2.500366E-07  1.908986E-04 -1.664714E-02  2.034557E-08  2.044917E-08
  8.137000E+03  1.050352E-05  1.058883E-04  4.722804E-07  1.921809E-04 -2.115236E-02  2.034515E-08  2.045009E-08
  8.138000E+03  1.056426E-05  1.061299E-04  2.244455E-07  1.917121E-04 -7.884992E-03  2.034576E-08  2.044830E-08
  8.139000E+03  1.043760E-05  1.065427E-04  2.107660E-07  1.909979E-04 -1.983228E-02  2.034544E-08  2.045052E-08
  8.140000E+03  1.047339E-05  1.057825E-04  4.346504E-07  1.923612E-04 -1.839676E-02  2.034500E-08  2.044822E-08
  8.141000E+03  1.055980E-05  1.063115E-04  2.888145E-07  1.913848E-04 -8.077805E-03  2.034574E-08  2.044880E-08
  8.142000E+03  1.047071E-05  1.064268E-04  1.913871E-07  1.912212E-04 -2.237362E-02  2.034596E-08  2.045217E-08
  8.143000E+03  1.045186E-05  1.057497E-04  3.865334E-07  1.924198E-04 -1.503035E-02  2.034604E-08  2.044770E-08
  8.144000E+03  1.054461E-05  1.064764E-04  3.450628E-07  1.910963E-04 -9.705059E-03  2.034629E-08  2.045007E-08
  8.145000E+03  1.050314E-05  1.062595E-04  1.941781E-07  1.915321E-04 -2.377167E-02  2.034636E-08  2.045317E-08
  8.146000E+03  1.044070E-05  1.057962E-04  3.309289E-07  1.923338E-04 -1.164644E-02  2.034681E-08  2.044731E-08
  8.147000E+03  1.051865E-05  1.065917E-04  3.896993E-07  1.908977E-04 -1.250833E-02  2.034652E-08  2.045106E-08
  8.148000E+03  1.053406E-05  1.060690E-04  2.198766E-07  1.918739E-04 -2.370938E-02  2.034615E-08  2.045303E-08
  8.149000E+03  1.043915E-05  1.059159E-04  2.701251E-07  1.921099E-04 -8.895979E-03  2.034668E-08  2.044663E-08
  8.150000E+03  1.048768E-05  1.066326E-04  4.193207E-07  1.908305E-04 -1.600004E-02  2.034616E-08  2.045136E-08
  8.151000E+03  1.056099E-05  1.058939E-04  2.590739E-07  1.921805E-04 -2.211945E-02  2.034577E-08  2.045219E-08
  8.152000E+03  1.044581E-05  1.060887E-04  2.103191E-07  1.917883E-04 -7.367735E-03  2.034603E-08  2.044612E-08
  8.153000E+03  1.045643E-05  1.065889E-04  4.326795E-07  1.909157E-04 -1.951315E-02  2.034562E-08  2.045123E-08
  8.154000E+03  1.058214E-05  1.057700E-04  3.037813E-07  1.923902E-04 -1.927233E-02  2.034533E-08  2.045093E-08
  8.155000E+03  1.046098E-05  1.062835E-04  1.548362E-07  1.914337E-04 -7.358217E-03  2.034569E-08  2.044663E-08
  8.156000E+03  1.042443E-05  1.064695E-04  4.295626E-07  1.911395E-04 -2.238930E-02  2.034543E-08  2.045101E-08
  8.157000E+03  1.059537E-05  1.057209E-04  3.567559E-07  1.924658E-04 -1.570474E-02  2.034515E-08  2.044976E-08
  8.158000E+03  1.048596E-05  1.064653E-04  1.068697E-07  1.911119E-04 -8.877052E-03  2.034599E-08  2.044842E-08
  8.159000E+03  1.039123E-05  1.062953E-04  4.077660E-07  1.914631E-04 -2.409925E-02  2.034572E-08  2.045073E-08
  8.160000E+03  1.059811E-05  1.057574E-04  4.211209E-07  1.923923E-04 -1.205639E-02  2.034543E-08  2.044907E-08
  8.161000E+03  1.051904E-05  1.065977E-04  7.307084E-08  1.908811E-04 -1.171155E-02  2.034610E-08  2.045045E-08
  8.162000E+03  1.035957E-05  1.060966E-04  3.683887E-07  1.918258E-04 -2.426514E-02  2.034607E-08  2.044998E-08
  8.163000E+03  1.058829E-05  1.058731E-04  4.931427E-07  1.921780E-04 -9.014741E-03  2.034565E-08  2.044849E-08
  8.164000E+03  1.055772E-05  1.066531E-04  5.969918E-08  1.907869E-04 -1.533595E-02  2.034563E-08  2.045204E-08
  8.165000E+03  1.033442E-05  1.059106E-04  3.121891E-07  1.921544E-04 -2.283959E-02  2.034588E-08  2.044835E-08
  8.166000E+03  1.056546E-05  1.060470E-04  5.632247E-07  1.918625E-04 -7.146038E-03  2.034593E-08  2.044826E-08
  8.167000E+03  1.060138E-05  1.066233E-04  6.823249E-08  1.908501E-04 -1.905213E-02  2.034537E-08  2.045373E-08
  8.168000E+03  1.031942E-05  1.057720E-04  2.372924E-07  1.923910E-04 -2.010509E-02  2.034547E-08  2.044640E-08
  8.169000E+03  1.052944E-05  1.062482E-04  6.241796E-07  1.915024E-04 -6.810041E-03  2.034631E-08  2.044845E-08
  8.170000E+03  1.064913E-05  1.065142E-04  9.976474E-08  1.910602E-04 -2.218834E-02  2.034562E-08  2.045558E-08
  8.171000E+03  1.031651E-05  1.057060E-04  1.438361E-07  1.924960E-04 -1.654131E-02  2.034520E-08  2.044477E-08
  8.172000E+03  1.048282E-05  1.064380E-04  6.699142E-07  1.911601E-04 -8.105813E-03  2.034603E-08  2.044825E-08
  8.173000E+03  1.069518E-05  1.063458E-04  1.540241E-07  1.913743E-04 -2.417524E-02  2.034590E-08  2.045692E-08
  8.174000E+03  1.032771E-05  1.057245E-04  4.170234E-08  1.924514E-04 -1.279464E-02  2.034517E-08  2.044381E-08
  8.175000E+03  1.042860E-05  1.065809E-04  6.937818E-07  1.909011E-04 -1.076341E-02  2.034522E-08  2.044769E-08
  8.176000E+03  1.073284E-05  1.061482E-04  2.307539E-07  1.917314E-04 -2.465719E-02  2.034577E-08  2.045713E-08
  8.177000E+03  1.035485E-05  1.058247E-04 -5.719317E-08  1.922638E-04 -9.552993E-03  2.034533E-08  2.044374E-08
  8.178000E+03  1.036818E-05  1.066508E-04  6.909439E-07  1.907767E-04 -1.427112E-02  2.034442E-08  2.044705E-08
  8.179000E+03  1.075686E-05  1.059565E-04  3.316158E-07  1.920666E-04 -2.354825E-02  2.034507E-08  2.045602E-08
  8.180000E+03  1.039755E-05  1.059874E-04 -1.419990E-07  1.919647E-04 -7.413576E-03  2.034528E-08  2.044428E-08
  8.181000E+03  1.030605E-05  1.066393E-04  6.583029E-07  1.908075E-04 -1.798339E-02  2.034428E-08  2.044686E-08
  8.182000E+03  1.076496E-05  1.058040E-04  4.495433E-07  1.923252E-04 -2.108680E-02  2.034425E-08  2.045418E-08
  8.183000E+03  1.045251E-05  1.061826E-04 -2.052800E-07  1.916093E-04 -6.711516E-03  2.034513E-08  2.044550E-08
  8.184000E+03  1.024834E-05  1.065535E-04  5.972350E-07  1.909806E-04 -2.127293E-02  2.034505E-08  2.044731E-08
  8.185000E+03  1.075535E-05  1.057187E-04  5.737133E-07  1.924717E-04 -1.772619E-02  2.034466E-08  2.045313E-08
  8.186000E+03  1.051755E-05  1.063769E-04 -2.416243E-07  1.912630E-04 -7.559491E-03  2.034540E-08  2.044783E-08
  8.187000E+03  1.020207E-05  1.064062E-04  5.061353E-07  1.912655E-04 -2.359325E-02  2.034617E-08  2.044785E-08
  8.188000E+03  1.072625E-05  1.057164E-04  6.915821E-07  1.924788E-04 -1.401753E-02  2.034618E-08  2.045292E-08
  8.189000E+03  1.058887E-05  1.065368E-04 -2.441762E-07  1.909858E-04 -9.831987E-03  2.034603E-08  2.045099E-08
  8.190000E+03  1.017106E-05  1.062183E-04  3.893494E-07  1.916144E-04 -2.454198E-02  2.034683E-08  2.044767E-08
  8.191000E+03  1.068027E-05  1.057936E-04  7.932376E-07  1.923385E-04 -1.059201E-02  2.034704E-08  2.045205E-08
  8.192000E+03  1.066159E-05  1.066343E-04 -2.140052E-07  1.908213E-04 -1.309157E-02  2.034636E-08  2.045403E-08
