  0.000000E+00  2.673311E-07  1.063948E-04  1.064572E-07  1.926038E-04  4.568672E-03  2.049184E-08  2.049231E-08
  1.000000E+00  2.689291E-07  1.073493E-04 -7.163609E-07  1.909735E-04 -2.862134E-02  2.049249E-08  2.050595E-08
  2.000000E+00 -1.838757E-07  1.054111E-04 -3.935254E-07  1.944399E-04 -1.702456E-02  2.049315E-08  2.049832E-08
  3.000000E+00  1.788258E-07  1.072409E-04  2.308387E-07  1.911006E-04 -3.764045E-04  2.049381E-08  2.049800E-08
  4.000000E+00  3.649137E-07  1.065683E-04 -6.123846E-07  1.924406E-04 -3.591394E-02  2.049485E-08  2.050877E-08
  5.000000E+00 -1.591726E-07  1.057054E-04 -5.990068E-07  1.938842E-04 -1.591960E-03  2.049458E-08  2.049552E-08
  6.000000E+00  5.921652E-08  1.076244E-04  2.686345E-07  1.904615E-04 -1.524630E-02  2.049592E-08  2.050582E-08
  7.000000E+00  4.312588E-07  1.057345E-04 -4.262480E-07  1.939346E-04 -3.013695E-02  2.049626E-08  2.050657E-08
  8.000000E+00 -7.864525E-08  1.065216E-04 -7.867140E-07  1.924078E-04  5.063097E-03  2.049533E-08  2.049621E-08
  9.000000E+00 -7.337425E-08  1.073009E-04  2.066110E-07  1.911085E-04 -3.054732E-02  2.049656E-08  2.051051E-08
  1.000000E+01  4.520452E-07  1.053932E-04 -1.819297E-07  1.945056E-04 -1.487466E-02  2.049731E-08  2.050205E-08
  1.100000E+01  4.853456E-08  1.073497E-04 -9.189148E-07  1.909463E-04 -1.476498E-03  2.049800E-08  2.050319E-08
  1.200000E+01 -1.960857E-07  1.064732E-04  4.624651E-08  1.926543E-04 -3.649753E-02  2.049887E-08  2.051279E-08
  1.300000E+01  4.159188E-07  1.057687E-04  8.403935E-08  1.938044E-04  2.193562E-04  2.049844E-08  2.049921E-08
  1.400000E+01  2.024684E-07  1.076585E-04 -9.590817E-07  1.904375E-04 -1.715933E-02  2.049919E-08  2.051024E-08
  1.500000E+01 -2.797791E-07  1.056593E-04 -1.945235E-07  1.940998E-04 -2.918740E-02  2.049972E-08  2.050962E-08
  1.600000E+01  3.245649E-07  1.066221E-04  3.134650E-07  1.922554E-04  5.509911E-03  2.049836E-08  2.049950E-08
  1.700000E+01  3.545638E-07  1.072562E-04 -8.899276E-07  1.912248E-04 -3.198089E-02  2.049956E-08  2.051432E-08
  1.800000E+01 -3.025793E-07  1.053927E-04 -4.755335E-07  1.945342E-04 -1.325426E-02  2.050067E-08  2.050495E-08
  1.900000E+01  1.874546E-07  1.074203E-04  4.567523E-07  1.908495E-04 -2.446907E-03  2.050106E-08  2.050668E-08
  2.000000E+01  4.773896E-07  1.063984E-04 -7.102263E-07  1.928195E-04 -3.658018E-02  2.050198E-08  2.051614E-08
  2.100000E+01 -2.526456E-07  1.058389E-04 -7.516655E-07  1.937067E-04  1.261317E-03  2.050170E-08  2.050237E-08
  2.200000E+01  2.097687E-08  1.076601E-04  4.789490E-07  1.904738E-04 -1.860648E-02  2.050288E-08  2.051413E-08
  2.300000E+01  5.513887E-07  1.056196E-04 -4.379480E-07  1.941990E-04 -2.807003E-02  2.050315E-08  2.051285E-08
  2.400000E+01 -1.348286E-07  1.067107E-04 -9.811840E-07  1.921264E-04  5.247046E-03  2.050166E-08  2.050321E-08
  2.500000E+01 -1.512881E-07  1.071962E-04  3.725656E-07  1.913692E-04 -3.277828E-02  2.050304E-08  2.051754E-08
  2.600000E+01  5.637252E-07  1.054200E-04 -1.099638E-07  1.945068E-04 -1.184608E-02  2.050346E-08  2.050740E-08
  2.700000E+01  3.183010E-08  1.074639E-04 -1.125280E-06  1.907893E-04 -3.806095E-03  2.050282E-08  2.050913E-08
  2.800000E+01 -2.960814E-07  1.063176E-04  1.508960E-07  1.929716E-04 -3.610483E-02  2.050291E-08  2.051639E-08
  2.900000E+01  5.083283E-07  1.059174E-04  2.130585E-07  1.935641E-04  1.909448E-03  2.050177E-08  2.050232E-08
  3.000000E+01  2.187053E-07  1.076226E-04 -1.151477E-06  1.905343E-04 -2.012103E-02  2.050166E-08  2.051349E-08
  3.100000E+01 -3.827130E-07  1.055792E-04 -1.521759E-07  1.942476E-04 -2.653768E-02  2.050130E-08  2.051009E-08
  3.200000E+01  3.897409E-07  1.067878E-04  4.678345E-07  1.919636E-04  4.524077E-03  2.049916E-08  2.050090E-08
  3.300000E+01  3.953413E-07  1.070966E-04 -1.046734E-06  1.915222E-04 -3.330610E-02  2.050001E-08  2.051464E-08
  3.400000E+01 -3.920634E-07  1.054544E-04 -4.908573E-07  1.944049E-04 -1.029876E-02  2.049976E-08  2.050301E-08
  3.500000E+01  2.212913E-07  1.074815E-04  6.073808E-07  1.907250E-04 -5.512948E-03  2.049910E-08  2.050562E-08
  3.600000E+01  5.324354E-07  1.062183E-04 -8.160199E-07  1.931106E-04 -3.515464E-02  2.049922E-08  2.051232E-08
  3.700000E+01 -3.196675E-07  1.060061E-04 -8.110608E-07  1.933631E-04  2.337699E-03  2.049761E-08  2.049805E-08
  3.800000E+01  2.446324E-08  1.075608E-04  6.075008E-07  1.906182E-04 -2.171130E-02  2.049821E-08  2.050988E-08
  3.900000E+01  6.107912E-07  1.055441E-04 -4.875277E-07  1.942735E-04 -2.460784E-02  2.049821E-08  2.050637E-08
  4.000000E+01 -1.765716E-07  1.068739E-04 -1.067296E-06  1.917789E-04  3.408146E-03  2.049604E-08  2.049827E-08
  4.100000E+01 -1.719261E-07  1.069810E-04  4.690507E-07  1.917050E-04 -3.375400E-02  2.049712E-08  2.051105E-08
  4.200000E+01  6.175317E-07  1.055022E-04 -1.083399E-07  1.942857E-04 -8.486164E-03  2.049683E-08  2.049959E-08
  4.300000E+01  1.535238E-08  1.075046E-04 -1.218638E-06  1.906541E-04 -7.650669E-03  2.049558E-08  2.050295E-08
  4.400000E+01 -3.313371E-07  1.061030E-04  2.084977E-07  1.932767E-04 -3.405816E-02  2.049535E-08  2.050738E-08
  4.500000E+01  5.488385E-07  1.061085E-04  2.528391E-07  1.931418E-04  2.994091E-03  2.049389E-08  2.049429E-08
  4.600000E+01  2.248618E-07  1.074980E-04 -1.235127E-06  1.906988E-04 -2.372549E-02  2.049397E-08  2.050641E-08
  4.700000E+01 -4.230036E-07  1.054939E-04 -1.352110E-07  1.943193E-04 -2.244454E-02  2.049434E-08  2.050140E-08
  4.800000E+01  4.121436E-07  1.069743E-04  5.304960E-07  1.915704E-04  2.448332E-03  2.049304E-08  2.049569E-08
  4.900000E+01  4.174650E-07  1.068624E-04 -1.106469E-06  1.918957E-04 -3.450656E-02  2.049423E-08  2.050851E-08
  5.000000E+01 -4.279395E-07  1.055465E-04 -5.082940E-07  1.941793E-04 -6.435233E-03  2.049451E-08  2.049660E-08
  5.100000E+01  2.239803E-07  1.075438E-04  6.756010E-07  1.905764E-04 -9.716396E-03  2.049435E-08  2.050224E-08
  5.200000E+01  5.631280E-07  1.059955E-04 -8.433729E-07  1.934622E-04 -3.312201E-02  2.049488E-08  2.050676E-08
  5.300000E+01 -3.441144E-07  1.062154E-04 -8.534818E-07  1.929423E-04  3.737438E-03  2.049330E-08  2.049376E-08
  5.400000E+01  1.003815E-08  1.074555E-04  6.656911E-07  1.907891E-04 -2.565958E-02  2.049459E-08  2.050724E-08
  5.500000E+01  6.417154E-07  1.054591E-04 -4.815807E-07  1.943902E-04 -2.045464E-02  2.049592E-08  2.050257E-08
  5.600000E+01 -1.858992E-07  1.070775E-04 -1.121054E-06  1.913992E-04  1.567248E-03  2.049452E-08  2.049790E-08
  5.700000E+01 -1.954204E-07  1.067706E-04  5.042037E-07  1.920855E-04 -3.524136E-02  2.049637E-08  2.051034E-08
  5.800000E+01  6.395179E-07  1.055972E-04 -7.822369E-08  1.941106E-04 -4.610662E-03  2.049732E-08  2.049915E-08
  5.900000E+01  2.160125E-08  1.075877E-04 -1.266130E-06  1.905305E-04 -1.153142E-02  2.049737E-08  2.050628E-08
  6.000000E+01 -3.545887E-07  1.059142E-04  2.130162E-07  1.936346E-04 -3.238110E-02  2.049791E-08  2.050910E-08
  6.100000E+01  5.558354E-07  1.063157E-04  2.932711E-07  1.927937E-04  4.400168E-03  2.049680E-08  2.049738E-08
  6.200000E+01  2.448472E-07  1.074260E-04 -1.263196E-06  1.908870E-04 -2.726162E-02  2.049861E-08  2.051213E-08
  6.300000E+01 -4.400668E-07  1.054409E-04 -1.620093E-07  1.944547E-04 -1.884724E-02  2.049984E-08  2.050573E-08
  6.400000E+01  4.051853E-07  1.071652E-04  5.688721E-07  1.912786E-04  8.294905E-04  2.049841E-08  2.050215E-08
  6.500000E+01  4.426373E-07  1.066986E-04 -1.110982E-06  1.922566E-04 -3.571113E-02  2.050043E-08  2.051485E-08
  6.600000E+01 -4.348709E-07  1.056528E-04 -5.525289E-07  1.940476E-04 -3.238725E-03  2.050156E-08  2.050297E-08
  6.700000E+01  2.075792E-07  1.076141E-04  7.009620E-07  1.905255E-04 -1.301322E-02  2.050150E-08  2.051067E-08
  6.800000E+01  5.837872E-07  1.058613E-04 -8.261724E-07  1.937689E-04 -3.154505E-02  2.050244E-08  2.051359E-08
  6.900000E+01 -3.393828E-07  1.064060E-04 -8.972871E-07  1.926708E-04  4.583252E-03  2.050112E-08  2.050183E-08
  7.000000E+01 -1.181994E-08  1.073852E-04  6.721733E-07  1.910066E-04 -2.835017E-02  2.050305E-08  2.051636E-08
  7.100000E+01  6.522338E-07  1.054514E-04 -4.464090E-07  1.944724E-04 -1.743597E-02  2.050427E-08  2.050990E-08
  7.200000E+01 -1.733285E-07  1.072262E-04 -1.150672E-06  1.912014E-04 -2.286319E-04  2.050180E-08  2.050608E-08
  7.300000E+01 -2.140823E-07  1.066260E-04  4.930558E-07  1.924140E-04 -3.562137E-02  2.050333E-08  2.051702E-08
  7.400000E+01  6.378520E-07  1.057211E-04 -4.053111E-08  1.939449E-04 -2.329660E-03  2.050401E-08  2.050525E-08
  7.500000E+01  3.294604E-08  1.076039E-04 -1.271039E-06  1.905599E-04 -1.447882E-02  2.050284E-08  2.051254E-08
  7.600000E+01 -3.599490E-07  1.058161E-04  1.946901E-07  1.938509E-04 -3.035020E-02  2.050310E-08  2.051326E-08
  7.700000E+01  5.444537E-07  1.064866E-04  3.119465E-07  1.925292E-04  4.276837E-03  2.050159E-08  2.050239E-08
  7.800000E+01  2.450246E-07  1.073125E-04 -1.241067E-06  1.911419E-04 -2.909543E-02  2.050323E-08  2.051672E-08
  7.900000E+01 -4.249547E-07  1.054726E-04 -1.732349E-07  1.944206E-04 -1.601717E-02  2.050342E-08  2.050816E-08
  8.000000E+01  3.900447E-07  1.072612E-04  5.502197E-07  1.911312E-04 -1.586328E-03  2.050093E-08  2.050534E-08
  8.100000E+01  4.252683E-07  1.065403E-04 -1.068871E-06  1.925574E-04 -3.504377E-02  2.050255E-08  2.051597E-08
  8.200000E+01 -4.003679E-07  1.057983E-04 -5.434014E-07  1.937881E-04 -1.737122E-03  2.050241E-08  2.050323E-08
  8.300000E+01  1.978807E-07  1.075637E-04  6.404730E-07  1.906200E-04 -1.596912E-02  2.050119E-08  2.051069E-08
  8.400000E+01  5.485331E-07  1.057772E-04 -7.818285E-07  1.938999E-04 -2.873311E-02  2.050173E-08  2.051132E-08
  8.500000E+01 -2.964609E-07  1.065684E-04 -8.592458E-07  1.923632E-04  3.483648E-03  2.049971E-08  2.050065E-08
  8.600000E+01 -5.127616E-09  1.072137E-04  5.834217E-07  1.912999E-04 -2.968044E-02  2.050094E-08  2.051370E-08
  8.700000E+01  6.001929E-07  1.055066E-04 -4.220333E-07  1.943287E-04 -1.435981E-02  2.050083E-08  2.050504E-08
  8.800000E+01 -1.357140E-07  1.072881E-04 -1.075983E-06  1.910547E-04 -3.403679E-03  2.049777E-08  2.050266E-08
  8.900000E+01 -1.811255E-07  1.064327E-04  3.957759E-07  1.927098E-04 -3.421097E-02  2.049863E-08  2.051088E-08
  9.000000E+01  5.731063E-07  1.058834E-04 -5.836978E-08  1.935876E-04 -1.083193E-03  2.049769E-08  2.049832E-08
  9.100000E+01  5.405817E-08  1.075086E-04 -1.159627E-06  1.906766E-04 -1.778492E-02  2.049613E-08  2.050606E-08
  9.200000E+01 -3.007412E-07  1.057213E-04  1.107833E-07  1.939438E-04 -2.683374E-02  2.049662E-08  2.050490E-08
  9.300000E+01  4.772596E-07  1.066555E-04  2.445361E-07  1.921585E-04  2.676512E-03  2.049470E-08  2.049585E-08
  9.400000E+01  2.397522E-07  1.071010E-04 -1.105873E-06  1.914598E-04 -3.044586E-02  2.049605E-08  2.050887E-08
  9.500000E+01 -3.460357E-07  1.055352E-04 -2.197360E-07  1.942303E-04 -1.242305E-02  2.049654E-08  2.049976E-08
  9.600000E+01  3.339220E-07  1.073243E-04  4.362941E-07  1.909588E-04 -5.292093E-03  2.049423E-08  2.049947E-08
  9.700000E+01  3.871040E-07  1.063226E-04 -9.316500E-07  1.928765E-04 -3.345777E-02  2.049565E-08  2.050755E-08
  9.800000E+01 -3.105858E-07  1.059773E-04 -5.334023E-07  1.933947E-04 -2.261050E-04  2.049545E-08  2.049576E-08
  9.900000E+01  1.632163E-07  1.074690E-04  4.898575E-07  1.907412E-04 -1.968019E-02  2.049479E-08  2.050482E-08
  1.000000E+02  4.779192E-07  1.056745E-04 -6.632095E-07  1.940142E-04 -2.498031E-02  2.049597E-08  2.050366E-08
  1.010000E+02 -2.060813E-07  1.067548E-04 -7.862215E-07  1.919763E-04  1.957129E-03  2.049436E-08  2.049584E-08
  1.020000E+02 -9.846702E-09  1.070064E-04  4.100812E-07  1.916351E-04 -3.127221E-02  2.049617E-08  2.050858E-08
  1.030000E+02  5.046795E-07  1.055730E-04 -3.440479E-07  1.941624E-04 -1.055123E-02  2.049715E-08  2.049990E-08
  1.040000E+02 -5.750393E-08  1.073701E-04 -9.455076E-07  1.908860E-04 -7.093976E-03  2.049494E-08  2.050087E-08
  1.050000E+02 -1.504635E-07  1.062282E-04  2.207632E-07  1.930519E-04 -3.278985E-02  2.049653E-08  2.050758E-08
  1.060000E+02  4.639564E-07  1.060723E-04 -3.975588E-08  1.932308E-04  5.807295E-04  2.049644E-08  2.049668E-08
  1.070000E+02  1.088853E-07  1.074387E-04 -9.856518E-07  1.908156E-04 -2.144235E-02  2.049626E-08  2.050689E-08
  1.080000E+02 -2.344054E-07  1.056383E-04 -4.418447E-08  1.940882E-04 -2.329497E-02  2.049758E-08  2.050431E-08
  1.090000E+02  3.672770E-07  1.068487E-04  1.939894E-07  1.918232E-04  1.310815E-03  2.049603E-08  2.049783E-08
  1.100000E+02  2.617021E-07  1.069263E-04 -9.066029E-07  1.918035E-04 -3.197783E-02  2.049837E-08  2.051101E-08
  1.110000E+02 -2.490787E-07  1.056161E-04 -3.324554E-07  1.941057E-04 -8.915998E-03  2.049986E-08  2.050195E-08
  1.120000E+02  2.371269E-07  1.074111E-04  3.163740E-07  1.908442E-04 -8.659013E-03  2.049802E-08  2.050431E-08
  1.130000E+02  3.697180E-07  1.061596E-04 -7.298513E-07  1.932090E-04 -3.212276E-02  2.050041E-08  2.051126E-08
  1.140000E+02 -1.940035E-07  1.061673E-04 -5.833280E-07  1.931026E-04  1.143683E-03  2.050117E-08  2.050131E-08
  1.150000E+02  9.270618E-08  1.074129E-04  3.126384E-07  1.909172E-04 -2.283042E-02  2.050163E-08  2.051228E-08
  1.160000E+02  4.201935E-07  1.056324E-04 -4.837717E-07  1.941451E-04 -2.184516E-02  2.050312E-08  2.050943E-08
  1.170000E+02 -8.660566E-08  1.069308E-04 -7.593455E-07  1.917262E-04  5.198148E-04  2.050144E-08  2.050360E-08
  1.180000E+02 -4.106959E-08  1.068601E-04  1.989225E-07  1.919749E-04 -3.226486E-02  2.050379E-08  2.051595E-08
  1.190000E+02  4.113893E-07  1.056764E-04 -2.158347E-07  1.940385E-04 -7.740161E-03  2.050467E-08  2.050644E-08
  1.200000E+02  4.513258E-08  1.074283E-04 -8.369630E-07  1.908516E-04 -1.014846E-02  2.050180E-08  2.050855E-08
  1.210000E+02 -1.345754E-07  1.061073E-04  8.619706E-09  1.933331E-04 -3.116519E-02  2.050410E-08  2.051412E-08
  1.220000E+02  3.484261E-07  1.062543E-04  1.234151E-08  1.929727E-04  1.205673E-03  2.050417E-08  2.050431E-08
  1.230000E+02  1.752627E-07  1.073602E-04 -8.075150E-07  1.910338E-04 -2.391347E-02  2.050358E-08  2.051442E-08
  1.240000E+02 -1.706481E-07  1.056376E-04 -2.198826E-07  1.941438E-04 -2.037588E-02  2.050464E-08  2.051012E-08
  1.250000E+02  2.491615E-07  1.069885E-04  1.543394E-07  1.916364E-04 -5.733373E-04  2.050288E-08  2.050524E-08
  1.260000E+02  2.780150E-07  1.067776E-04 -6.873708E-07  1.921284E-04 -3.217387E-02  2.050440E-08  2.051632E-08
  1.270000E+02 -1.445639E-07  1.057420E-04 -4.395925E-07  1.939185E-04 -6.789749E-03  2.050484E-08  2.050615E-08
  1.280000E+02  1.364941E-07  1.074180E-04  1.844374E-07  1.908763E-04 -1.166379E-02  2.050215E-08  2.050896E-08
  1.290000E+02  3.331628E-07  1.060542E-04 -5.067484E-07  1.934226E-04 -2.990338E-02  2.050412E-08  2.051355E-08
  1.300000E+02 -6.550828E-08  1.063396E-04 -6.043438E-07  1.928144E-04  9.146249E-04  2.050379E-08  2.050398E-08
  1.310000E+02  2.882294E-08  1.072857E-04  1.073530E-07  1.911686E-04 -2.479673E-02  2.050336E-08  2.051384E-08
  1.320000E+02  3.349930E-07  1.056526E-04 -2.975145E-07  1.941043E-04 -1.876915E-02  2.050400E-08  2.050885E-08
  1.330000E+02  4.352439E-08  1.070334E-04 -6.864121E-07  1.915440E-04 -2.012289E-03  2.050157E-08  2.050432E-08
  1.340000E+02 -5.115042E-08  1.066811E-04 -4.829051E-08  1.922856E-04 -3.173591E-02  2.050292E-08  2.051403E-08
  1.350000E+02  2.879556E-07  1.058172E-04 -1.072655E-07  1.937586E-04 -5.943113E-03  2.050262E-08  2.050357E-08
  1.360000E+02  1.537027E-07  1.073842E-04 -6.737443E-07  1.909125E-04 -1.338513E-02  2.049915E-08  2.050630E-08
  1.370000E+02 -8.599774E-08  1.059943E-04 -2.386591E-07  1.934925E-04 -2.827505E-02  2.050091E-08  2.050929E-08
  1.380000E+02  2.054339E-07  1.064269E-04  2.028343E-08  1.926206E-04  3.553379E-04  2.050002E-08  2.050027E-08
  1.390000E+02  2.422499E-07  1.071835E-04 -5.761150E-07  1.913141E-04 -2.570936E-02  2.049895E-08  2.050937E-08
  1.400000E+02 -7.029241E-08  1.056671E-04 -4.231193E-07  1.940294E-04 -1.686506E-02  2.049961E-08  2.050358E-08
  1.410000E+02  1.091313E-07  1.070768E-04  5.889685E-08  1.914283E-04 -3.751482E-03  2.049738E-08  2.050045E-08
  1.420000E+02  2.881217E-07  1.065653E-04 -4.208166E-07  1.924514E-04 -3.121949E-02  2.049866E-08  2.050924E-08
  1.430000E+02 -5.911309E-09  1.058971E-04 -5.591679E-07  1.935718E-04 -4.899567E-03  2.049844E-08  2.049906E-08
  1.440000E+02  1.997856E-08  1.073536E-04 -2.822359E-09  1.909414E-04 -1.532140E-02  2.049585E-08  2.050321E-08
  1.450000E+02  2.820399E-07  1.059284E-04 -2.420999E-07  1.935745E-04 -2.659773E-02  2.049780E-08  2.050540E-08
  1.460000E+02  9.184812E-08  1.065212E-04 -6.176488E-07  1.924218E-04 -7.621444E-05  2.049700E-08  2.049754E-08
  1.470000E+02 -4.628206E-08  1.070920E-04 -1.462924E-07  1.914603E-04 -2.676072E-02  2.049654E-08  2.050679E-08
  1.480000E+02  2.300012E-07  1.056815E-04 -7.506598E-08  1.939767E-04 -1.496586E-02  2.049745E-08  2.050072E-08
  1.490000E+02  1.974123E-07  1.071270E-04 -5.918793E-07  1.913193E-04 -5.370400E-03  2.049516E-08  2.049887E-08
  1.500000E+02 -7.143642E-08  1.064625E-04 -3.346158E-07  1.926187E-04 -3.081630E-02  2.049694E-08  2.050695E-08
  1.510000E+02  1.430358E-07  1.059777E-04  3.672716E-08  1.934118E-04 -3.859356E-03  2.049719E-08  2.049751E-08
  1.520000E+02  2.843069E-07  1.073314E-04 -4.843709E-07  1.909787E-04 -1.713806E-02  2.049501E-08  2.050293E-08
  1.530000E+02 -4.615904E-08  1.058740E-04 -5.227349E-07  1.936610E-04 -2.504891E-02  2.049724E-08  2.050412E-08
  1.540000E+02  3.959458E-08  1.066159E-04  6.176127E-08  1.922515E-04 -4.487158E-04  2.049706E-08  2.049777E-08
  1.550000E+02  3.327620E-07  1.070135E-04 -3.169725E-07  1.916103E-04 -2.772400E-02  2.049701E-08  2.050742E-08
  1.560000E+02  2.549495E-08  1.057039E-04 -6.690705E-07  1.939369E-04 -1.322530E-02  2.049810E-08  2.050086E-08
  1.570000E+02 -5.476447E-08  1.071814E-04 -1.043223E-08  1.912385E-04 -6.825499E-03  2.049675E-08  2.050086E-08
  1.580000E+02  3.257665E-07  1.063794E-04 -1.274171E-07  1.927869E-04 -3.043929E-02  2.049907E-08  2.050877E-08
  1.590000E+02  1.317908E-07  1.060619E-04 -7.319098E-07  1.932828E-04 -2.944596E-03  2.049985E-08  2.050015E-08
  1.600000E+02 -1.212017E-07  1.073209E-04 -1.704682E-07  1.910354E-04 -1.875165E-02  2.049849E-08  2.050673E-08
  1.610000E+02  2.634373E-07  1.058409E-04  4.737001E-08  1.937541E-04 -2.365280E-02  2.050136E-08  2.050764E-08
  1.620000E+02  2.508013E-07  1.067091E-04 -6.956968E-07  1.921225E-04 -8.693807E-04  2.050122E-08  2.050241E-08
  1.630000E+02 -1.475963E-07  1.069522E-04 -3.841930E-07  1.917665E-04 -2.849652E-02  2.050153E-08  2.051191E-08
  1.640000E+02  1.593534E-07  1.057412E-04  1.739116E-07  1.939089E-04 -1.175334E-02  2.050275E-08  2.050495E-08
  1.650000E+02  3.533930E-07  1.072263E-04 -5.660130E-07  1.911982E-04 -8.198780E-03  2.050079E-08  2.050557E-08
  1.660000E+02 -1.207459E-07  1.063154E-04 -6.041403E-07  1.929393E-04 -2.992684E-02  2.050324E-08  2.051257E-08
  1.670000E+02  3.094121E-08  1.061448E-04  2.138456E-07  1.931682E-04 -2.370657E-03  2.050374E-08  2.050382E-08
  1.680000E+02  4.156345E-07  1.072960E-04 -3.597081E-07  1.911163E-04 -2.007416E-02  2.050188E-08  2.051053E-08
  1.690000E+02 -3.842353E-08  1.058246E-04 -7.851150E-07  1.938073E-04 -2.231671E-02  2.050447E-08  2.051028E-08
  1.700000E+02 -9.650886E-08  1.067826E-04  1.446111E-07  1.920166E-04 -1.525209E-03  2.050400E-08  2.050529E-08
  1.710000E+02  4.217952E-07  1.068832E-04 -1.149138E-07  1.919152E-04 -2.885147E-02  2.050397E-08  2.051428E-08
  1.720000E+02  8.759883E-08  1.057883E-04 -8.878819E-07  1.938389E-04 -1.058555E-02  2.050474E-08  2.050673E-08
  1.730000E+02 -1.940243E-07  1.072451E-04 -3.162781E-08  1.911867E-04 -9.567047E-03  2.050290E-08  2.050785E-08
  1.740000E+02  3.638641E-07  1.062565E-04  1.174807E-07  1.930594E-04 -2.909507E-02  2.050514E-08  2.051394E-08
  1.750000E+02  2.348180E-07  1.062273E-04 -8.805760E-07  1.930338E-04 -2.198625E-03  2.050542E-08  2.050574E-08
  1.760000E+02 -2.419971E-07  1.072508E-04 -2.849814E-07  1.912164E-04 -2.121871E-02  2.050349E-08  2.051212E-08
  1.770000E+02  2.495765E-07  1.058172E-04  2.935639E-07  1.938255E-04 -2.084915E-02  2.050562E-08  2.051072E-08
  1.780000E+02  3.753521E-07  1.068476E-04 -7.582522E-07  1.919083E-04 -2.489525E-03  2.050488E-08  2.050676E-08
  1.790000E+02 -2.291776E-07  1.068014E-04 -5.690247E-07  1.920666E-04 -2.898779E-02  2.050436E-08  2.051434E-08
  1.800000E+02  9.791239E-08  1.058414E-04  3.776737E-07  1.937386E-04 -9.439915E-03  2.050464E-08  2.050607E-08
  1.810000E+02  4.777606E-07  1.072478E-04 -5.353932E-07  1.911792E-04 -1.110882E-02  2.050228E-08  2.050784E-08
  1.820000E+02 -1.511493E-07  1.061897E-04 -8.254551E-07  1.931646E-04 -2.804441E-02  2.050404E-08  2.051231E-08
  1.830000E+02 -6.461574E-08  1.063080E-04  3.420880E-07  1.928710E-04 -2.190873E-03  2.050367E-08  2.050381E-08
  1.840000E+02  5.192510E-07  1.071834E-04 -2.474364E-07  1.913214E-04 -2.233458E-02  2.050136E-08  2.051022E-08
  1.850000E+02 -1.715109E-08  1.058103E-04 -1.003051E-06  1.938080E-04 -1.923599E-02  2.050308E-08  2.050771E-08
  1.860000E+02 -2.084377E-07  1.069005E-04  1.835869E-07  1.917850E-04 -3.702521E-03  2.050176E-08  2.050378E-08
  1.870000E+02  4.868296E-07  1.067034E-04  5.714722E-08  1.922148E-04 -2.889362E-02  2.050141E-08  2.051106E-08
  1.880000E+02  1.547827E-07  1.058978E-04 -1.063421E-06  1.936016E-04 -8.318777E-03  2.050127E-08  2.050262E-08
  1.890000E+02 -3.047549E-07  1.072366E-04 -8.329465E-08  1.911731E-04 -1.277889E-02  2.049909E-08  2.050483E-08
  1.900000E+02  3.808805E-07  1.061193E-04  3.217654E-07  1.932568E-04 -2.679527E-02  2.050092E-08  2.050847E-08
  1.910000E+02  3.341730E-07  1.063896E-04 -9.853742E-07  1.926935E-04 -2.267706E-03  2.050053E-08  2.050110E-08
  1.920000E+02 -3.345978E-07  1.071105E-04 -4.126100E-07  1.914272E-04 -2.348866E-02  2.049821E-08  2.050704E-08
  1.930000E+02  2.190698E-07  1.058019E-04  4.966059E-07  1.937855E-04 -1.754163E-02  2.049971E-08  2.050353E-08
  1.940000E+02  4.880310E-07  1.069547E-04 -7.797103E-07  1.916577E-04 -4.922762E-03  2.049845E-08  2.050125E-08
  1.950000E+02 -2.878454E-07  1.066051E-04 -7.471356E-07  1.923609E-04 -2.886519E-02  2.049813E-08  2.050748E-08
  1.960000E+02  2.639298E-08  1.059521E-04  5.438834E-07  1.934695E-04 -7.136233E-03  2.049797E-08  2.049877E-08
  1.970000E+02  5.861188E-07  1.072293E-04 -4.735404E-07  1.911631E-04 -1.442986E-02  2.049614E-08  2.050262E-08
  1.980000E+02 -1.676997E-07  1.060515E-04 -1.025436E-06  1.933509E-04 -2.561256E-02  2.049844E-08  2.050555E-08
  1.990000E+02 -1.627644E-07  1.064693E-04  4.451065E-07  1.925262E-04 -2.290855E-03  2.049806E-08  2.049850E-08
  2.000000E+02  6.089170E-07  1.070451E-04 -1.200541E-07  1.915319E-04 -2.457507E-02  2.049636E-08  2.050553E-08
  2.010000E+02  6.053784E-09  1.058018E-04 -1.195098E-06  1.937682E-04 -1.595382E-02  2.049841E-08  2.050195E-08
  2.020000E+02 -3.131740E-07  1.070085E-04  2.136061E-07  1.915543E-04 -6.061329E-03  2.049756E-08  2.050053E-08
  2.030000E+02  5.462082E-07  1.065237E-04  2.192146E-07  1.925057E-04 -2.877402E-02  2.049794E-08  2.050709E-08
  2.040000E+02  2.099917E-07  1.060159E-04 -1.219279E-06  1.933574E-04 -6.119402E-03  2.049857E-08  2.049950E-08
  2.050000E+02 -4.012996E-07  1.072274E-04 -1.217564E-07  1.911835E-04 -1.592286E-02  2.049752E-08  2.050419E-08
  2.060000E+02  4.064905E-07  1.060054E-04  4.921231E-07  1.934462E-04 -2.448275E-02  2.050019E-08  2.050669E-08
  2.070000E+02  4.114102E-07  1.065541E-04 -1.091055E-06  1.923938E-04 -2.430699E-03  2.050029E-08  2.050133E-08
  2.080000E+02 -4.149980E-07  1.069932E-04 -5.057701E-07  1.916564E-04 -2.549284E-02  2.049927E-08  2.050843E-08
  2.090000E+02  2.137494E-07  1.058167E-04  6.576586E-07  1.937617E-04 -1.454285E-02  2.050105E-08  2.050389E-08
  2.100000E+02  5.726927E-07  1.070631E-04 -8.302516E-07  1.914850E-04 -7.162325E-03  2.050045E-08  2.050423E-08
  2.110000E+02 -3.454026E-07  1.064586E-04 -8.712582E-07  1.926521E-04 -2.861504E-02  2.050107E-08  2.051001E-08
  2.120000E+02 -4.056388E-09  1.060808E-04  6.783563E-07  1.932647E-04 -5.293286E-03  2.050138E-08  2.050183E-08
  2.130000E+02  6.643691E-07  1.072243E-04 -4.703265E-07  1.912199E-04 -1.724461E-02  2.050037E-08  2.050771E-08
  2.140000E+02 -1.998572E-07  1.059722E-04 -1.155305E-06  1.935292E-04 -2.342808E-02  2.050309E-08  2.050932E-08
  2.150000E+02 -2.100654E-07  1.066270E-04  5.420411E-07  1.922848E-04 -2.668049E-03  2.050268E-08  2.050356E-08
  2.160000E+02  6.717202E-07  1.069425E-04 -7.276681E-08  1.917741E-04 -2.616412E-02  2.050179E-08  2.051117E-08
  2.170000E+02 -2.009692E-09  1.058413E-04 -1.312105E-06  1.937385E-04 -1.334954E-02  2.050372E-08  2.050648E-08
  2.180000E+02 -3.676453E-07  1.070995E-04  2.685865E-07  1.914448E-04 -8.222875E-03  2.050296E-08  2.050676E-08
  2.190000E+02  5.897527E-07  1.064037E-04  2.943872E-07  1.927739E-04 -2.823737E-02  2.050370E-08  2.051234E-08
  2.200000E+02  2.213900E-07  1.061502E-04 -1.312636E-06  1.931677E-04 -4.791879E-03  2.050455E-08  2.050531E-08
  2.210000E+02 -4.537148E-07  1.072067E-04 -1.063139E-07  1.912849E-04 -1.837429E-02  2.050356E-08  2.051085E-08
  2.220000E+02  4.314718E-07  1.059541E-04  5.766379E-07  1.935831E-04 -2.229576E-02  2.050584E-08  2.051144E-08
  2.230000E+02  4.345774E-07  1.066966E-04 -1.156584E-06  1.921868E-04 -3.186389E-03  2.050557E-08  2.050711E-08
  2.240000E+02 -4.561221E-07  1.068849E-04 -5.214698E-07  1.919060E-04 -2.658447E-02  2.050461E-08  2.051374E-08
  2.250000E+02  2.227938E-07  1.058750E-04  7.315664E-07  1.936935E-04 -1.221747E-02  2.050577E-08  2.050788E-08
  2.260000E+02  5.976953E-07  1.071256E-04 -8.659366E-07  1.914150E-04 -9.433744E-03  2.050454E-08  2.050909E-08
  2.270000E+02 -3.694503E-07  1.063446E-04 -9.028399E-07  1.928914E-04 -2.764561E-02  2.050513E-08  2.051337E-08
  2.280000E+02 -4.245855E-09  1.062172E-04  7.255181E-07  1.930519E-04 -4.426986E-03  2.050524E-08  2.050559E-08
  2.290000E+02  6.828515E-07  1.071722E-04 -4.832609E-07  1.913500E-04 -1.950467E-02  2.050350E-08  2.051127E-08
  2.300000E+02 -2.084592E-07  1.059338E-04 -1.185256E-06  1.936110E-04 -2.104799E-02  2.050539E-08  2.051064E-08
  2.310000E+02 -2.130904E-07  1.067527E-04  5.610400E-07  1.920761E-04 -3.858016E-03  2.050449E-08  2.050589E-08
  2.320000E+02  6.790527E-07  1.068115E-04 -7.212996E-08  1.920247E-04 -2.686950E-02  2.050304E-08  2.051217E-08
  2.330000E+02  6.686478E-10  1.059076E-04 -1.328372E-06  1.936123E-04 -1.113070E-02  2.050374E-08  2.050580E-08
  2.340000E+02 -3.678064E-07  1.071332E-04  2.634649E-07  1.913843E-04 -1.069762E-02  2.050243E-08  2.050693E-08
  2.350000E+02  5.842053E-07  1.062808E-04  2.986955E-07  1.929817E-04 -2.691557E-02  2.050283E-08  2.051061E-08
  2.360000E+02  2.275659E-07  1.062800E-04 -1.306234E-06  1.929147E-04 -4.231375E-03  2.050279E-08  2.050352E-08
  2.370000E+02 -4.457496E-07  1.071245E-04 -1.241247E-07  1.914173E-04 -2.054156E-02  2.050117E-08  2.050877E-08
  2.380000E+02  4.168607E-07  1.059174E-04  5.715800E-07  1.936123E-04 -1.977194E-02  2.050291E-08  2.050746E-08
  2.390000E+02  4.346917E-07  1.068015E-04 -1.128094E-06  1.919642E-04 -4.683331E-03  2.050184E-08  2.050395E-08
  2.400000E+02 -4.370410E-07  1.067349E-04 -5.354291E-07  1.921408E-04 -2.700052E-02  2.050065E-08  2.050939E-08
  2.410000E+02  2.061811E-07  1.059445E-04  7.062120E-07  1.935170E-04 -1.012601E-02  2.050101E-08  2.050246E-08
  2.420000E+02  5.863171E-07  1.071340E-04 -8.252596E-07  1.913603E-04 -1.202168E-02  2.049971E-08  2.050492E-08
  2.430000E+02 -3.428892E-07  1.062189E-04 -8.997103E-07  1.930671E-04 -2.605597E-02  2.050041E-08  2.050770E-08
  2.440000E+02 -1.448353E-08  1.063427E-04  6.809474E-07  1.927737E-04 -4.133566E-03  2.049991E-08  2.050031E-08
  2.450000E+02  6.605736E-07  1.070716E-04 -4.472039E-07  1.914890E-04 -2.154152E-02  2.049828E-08  2.050628E-08
  2.460000E+02 -1.834094E-07  1.059043E-04 -1.159724E-06  1.936050E-04 -1.844870E-02  2.050011E-08  2.050430E-08
  2.470000E+02 -2.077444E-07  1.068469E-04  5.082066E-07  1.918579E-04 -5.534912E-03  2.049911E-08  2.050113E-08
  2.480000E+02  6.465811E-07  1.066586E-04 -5.920877E-08  1.922545E-04 -2.706566E-02  2.049808E-08  2.050674E-08
  2.490000E+02  1.754129E-08  1.059858E-04 -1.277019E-06  1.934190E-04 -9.149986E-03  2.049880E-08  2.050024E-08
  2.500000E+02 -3.446260E-07  1.071330E-04  2.137836E-07  1.913499E-04 -1.329379E-02  2.049808E-08  2.050326E-08
  2.510000E+02  5.482927E-07  1.061663E-04  2.792187E-07  1.931477E-04 -2.517214E-02  2.049928E-08  2.050608E-08
  2.520000E+02  2.316845E-07  1.064099E-04 -1.238971E-06  1.926447E-04 -4.120655E-03  2.049913E-08  2.049996E-08
  2.530000E+02 -4.109459E-07  1.070251E-04 -1.572328E-07  1.915776E-04 -2.241727E-02  2.049847E-08  2.050628E-08
  2.540000E+02  3.900994E-07  1.059064E-04  5.227859E-07  1.936023E-04 -1.718780E-02  2.050069E-08  2.050424E-08
  2.550000E+02  4.200508E-07  1.068961E-04 -1.065223E-06  1.917779E-04 -6.449586E-03  2.049987E-08  2.050260E-08
  2.560000E+02 -3.962675E-07  1.065974E-04 -5.361504E-07  1.923804E-04 -2.701353E-02  2.049977E-08  2.050803E-08
  2.570000E+02  1.975600E-07  1.060397E-04  6.326855E-07  1.933393E-04 -8.301337E-03  2.050093E-08  2.050186E-08
  2.580000E+02  5.495051E-07  1.071368E-04 -7.819011E-07  1.913673E-04 -1.453468E-02  2.050032E-08  2.050615E-08
  2.590000E+02 -3.025738E-07  1.061278E-04 -8.567459E-07  1.932355E-04 -2.426897E-02  2.050162E-08  2.050797E-08
  2.600000E+02 -6.824728E-10  1.064803E-04  5.921757E-07  1.925389E-04 -4.178880E-03  2.050141E-08  2.050200E-08
  2.610000E+02  6.068791E-07  1.069830E-04 -4.355389E-07  1.916786E-04 -2.320221E-02  2.050083E-08  2.050895E-08
  2.620000E+02 -1.556541E-07  1.059148E-04 -1.074704E-06  1.935991E-04 -1.602830E-02  2.050238E-08  2.050564E-08
  2.630000E+02 -1.701909E-07  1.069399E-04  4.268974E-07  1.917163E-04 -7.314771E-03  2.050157E-08  2.050423E-08
  2.640000E+02  5.870662E-07  1.065418E-04 -8.980176E-08  1.924985E-04 -2.689334E-02  2.050171E-08  2.050985E-08
  2.650000E+02  2.081463E-08  1.060926E-04 -1.162994E-06  1.932593E-04 -7.615361E-03  2.050279E-08  2.050380E-08
  2.660000E+02 -2.850379E-07  1.071330E-04  1.644869E-07  1.913958E-04 -1.563305E-02  2.050231E-08  2.050806E-08
  2.670000E+02  4.959140E-07  1.060992E-04  2.003997E-07  1.933037E-04 -2.337546E-02  2.050376E-08  2.050964E-08
  2.680000E+02  2.035802E-07  1.065448E-04 -1.116313E-06  1.924446E-04 -4.380509E-03  2.050378E-08  2.050480E-08
  2.690000E+02 -3.357692E-07  1.069403E-04 -1.563921E-07  1.917810E-04 -2.380999E-02  2.050331E-08  2.051117E-08
  2.700000E+02  3.585826E-07  1.059333E-04  3.984655E-07  1.935852E-04 -1.495707E-02  2.050483E-08  2.050755E-08
  2.710000E+02  3.587050E-07  1.069783E-04 -9.594304E-07  1.916725E-04 -8.247318E-03  2.050410E-08  2.050737E-08
  2.720000E+02 -3.167792E-07  1.064913E-04 -4.734095E-07  1.926132E-04 -2.664472E-02  2.050436E-08  2.051207E-08
  2.730000E+02  1.992113E-07  1.061486E-04  4.760570E-07  1.931800E-04 -7.051162E-03  2.050528E-08  2.050589E-08
  2.740000E+02  4.606925E-07  1.071243E-04 -7.211969E-07  1.914341E-04 -1.670588E-02  2.050438E-08  2.051064E-08
  2.750000E+02 -2.340166E-07  1.060739E-04 -7.324249E-07  1.933623E-04 -2.245711E-02  2.050553E-08  2.051097E-08
  2.760000E+02  3.895695E-08  1.066018E-04  4.295765E-07  1.923543E-04 -4.650606E-03  2.050509E-08  2.050595E-08
  2.770000E+02  5.019140E-07  1.068933E-04 -4.374929E-07  1.918768E-04 -2.431389E-02  2.050429E-08  2.051232E-08
  2.780000E+02 -1.107928E-07  1.059492E-04 -9.017387E-07  1.935539E-04 -1.400749E-02  2.050488E-08  2.050735E-08
  2.790000E+02 -9.335283E-08  1.069983E-04  2.838575E-07  1.916338E-04 -9.111476E-03  2.050364E-08  2.050685E-08
  2.800000E+02  4.786810E-07  1.064404E-04 -1.620358E-07  1.926975E-04 -2.629283E-02  2.050371E-08  2.051120E-08
  2.810000E+02  3.086169E-08  1.061943E-04 -9.582791E-07  1.930847E-04 -6.724531E-03  2.050403E-08  2.050475E-08
  2.820000E+02 -1.776463E-07  1.070948E-04  6.753193E-08  1.914749E-04 -1.754559E-02  2.050281E-08  2.050889E-08
  2.830000E+02  4.004509E-07  1.060559E-04  5.911587E-08  1.933760E-04 -2.152850E-02  2.050392E-08  2.050890E-08
  2.840000E+02  1.708806E-07  1.066429E-04 -9.060951E-07  1.922639E-04 -5.179164E-03  2.050331E-08  2.050457E-08
  2.850000E+02 -2.090824E-07  1.068331E-04 -1.836457E-07  1.919663E-04 -2.451566E-02  2.050220E-08  2.050983E-08
  2.860000E+02  2.913536E-07  1.059760E-04  1.991252E-07  1.934849E-04 -1.314569E-02  2.050299E-08  2.050502E-08
  2.870000E+02  2.822574E-07  1.070063E-04 -7.729315E-07  1.916065E-04 -1.017036E-02  2.050205E-08  2.050574E-08
  2.880000E+02 -1.855571E-07  1.063859E-04 -4.183787E-07  1.927778E-04 -2.567049E-02  2.050208E-08  2.050903E-08
  2.890000E+02  1.720534E-07  1.062490E-04  2.390017E-07  1.929689E-04 -6.533021E-03  2.050232E-08  2.050281E-08
  2.900000E+02  3.477108E-07  1.070580E-04 -5.867574E-07  1.915295E-04 -1.848330E-02  2.050126E-08  2.050765E-08
  2.910000E+02 -1.172636E-07  1.060382E-04 -5.955355E-07  1.933885E-04 -2.040937E-02  2.050231E-08  2.050679E-08
  2.920000E+02  6.107912E-08  1.066880E-04  1.853404E-07  1.921639E-04 -5.827706E-03  2.050123E-08  2.050250E-08
  2.930000E+02  3.632834E-07  1.067690E-04 -3.809570E-07  1.920649E-04 -2.472008E-02  2.050033E-08  2.050792E-08
  2.940000E+02 -2.648867E-08  1.060029E-04 -6.913338E-07  1.934124E-04 -1.222603E-02  2.050074E-08  2.050253E-08
  2.950000E+02 -2.037713E-08  1.070096E-04  6.646757E-08  1.915791E-04 -1.125426E-02  2.049950E-08  2.050325E-08
  2.960000E+02  3.322874E-07  1.063327E-04 -1.993559E-07  1.928493E-04 -2.502739E-02  2.049978E-08  2.050638E-08
  2.970000E+02  7.007483E-08  1.063002E-04 -7.002341E-07  1.928529E-04 -6.393608E-03  2.049988E-08  2.050049E-08
  2.980000E+02 -6.460895E-08  1.070149E-04 -9.052164E-08  1.915875E-04 -1.930339E-02  2.049890E-08  2.050517E-08
  2.990000E+02  2.708319E-07  1.060288E-04 -6.862045E-08  1.933823E-04 -1.933388E-02  2.050027E-08  2.050427E-08
  3.000000E+02  1.565750E-07  1.067287E-04 -6.423265E-07  1.920770E-04 -6.549284E-03  2.049969E-08  2.050134E-08
  3.010000E+02 -7.064007E-08  1.067076E-04 -2.553315E-07  1.921671E-04 -2.474719E-02  2.049942E-08  2.050666E-08
  3.020000E+02  2.001338E-07  1.060433E-04 -5.933168E-09  1.933328E-04 -1.141936E-02  2.050031E-08  2.050176E-08
  3.030000E+02  2.132845E-07  1.070150E-04 -5.448993E-07  1.915754E-04 -1.239209E-02  2.049987E-08  2.050403E-08
  3.040000E+02 -4.046721E-08  1.062902E-04 -3.879476E-07  1.929338E-04 -2.423156E-02  2.050095E-08  2.050704E-08
  3.050000E+02  1.331939E-07  1.063638E-04 -1.674837E-08  1.927473E-04 -6.363476E-03  2.050092E-08  2.050147E-08
  3.060000E+02  2.360204E-07  1.069806E-04 -4.303650E-07  1.916675E-04 -2.014523E-02  2.050055E-08  2.050703E-08
  3.070000E+02  8.433364E-09  1.060278E-04 -4.676098E-07  1.933966E-04 -1.819836E-02  2.050202E-08  2.050558E-08
  3.080000E+02  8.085245E-08  1.067771E-04 -7.469466E-08  1.920050E-04 -7.273950E-03  2.050120E-08  2.050301E-08
  3.090000E+02  2.286385E-07  1.066564E-04 -3.226971E-07  1.922779E-04 -2.483321E-02  2.050135E-08  2.050849E-08
  3.100000E+02  5.832115E-08  1.060828E-04 -4.890872E-07  1.932759E-04 -1.060097E-02  2.050209E-08  2.050336E-08
  3.110000E+02  5.374835E-08  1.070231E-04 -1.527390E-07  1.915783E-04 -1.340780E-02  2.050145E-08  2.050579E-08
  3.120000E+02  1.950463E-07  1.062557E-04 -2.455130E-07  1.930084E-04 -2.360579E-02  2.050253E-08  2.050830E-08
  3.130000E+02  1.009313E-07  1.064174E-04 -4.540713E-07  1.926656E-04 -6.278806E-03  2.050256E-08  2.050322E-08
  3.140000E+02  5.098387E-08  1.069501E-04 -2.340733E-07  1.917377E-04 -2.082270E-02  2.050192E-08  2.050841E-08
  3.150000E+02  1.532193E-07  1.060311E-04 -2.099970E-07  1.933976E-04 -1.732448E-02  2.050308E-08  2.050629E-08
  3.160000E+02  1.273446E-07  1.068123E-04 -3.912924E-07  1.919555E-04 -7.876342E-03  2.050258E-08  2.050466E-08
  3.170000E+02  6.781073E-08  1.066128E-04 -2.978378E-07  1.923688E-04 -2.478537E-02  2.050267E-08  2.050959E-08
  3.180000E+02  1.215339E-07  1.061222E-04 -2.200926E-07  1.932135E-04 -1.006524E-02  2.050320E-08  2.050429E-08
  3.190000E+02  1.288729E-07  1.070228E-04 -3.304316E-07  1.915960E-04 -1.426140E-02  2.050306E-08  2.050765E-08
  3.200000E+02  9.912797E-08  1.062307E-04 -3.233707E-07  1.930678E-04 -2.291409E-02  2.050434E-08  2.050976E-08
  3.210000E+02  1.065397E-07  1.064675E-04 -2.705398E-07  1.925891E-04 -6.402034E-03  2.050406E-08  2.050478E-08
  3.220000E+02  1.102118E-07  1.069196E-04 -2.876768E-07  1.918121E-04 -2.135098E-02  2.050380E-08  2.051035E-08
  3.230000E+02  1.277107E-07  1.060406E-04 -3.074546E-07  1.933949E-04 -1.647963E-02  2.050494E-08  2.050786E-08
  3.240000E+02  1.129280E-07  1.068423E-04 -3.310323E-07  1.919177E-04 -8.517136E-03  2.050418E-08  2.050648E-08
  3.250000E+02  7.958794E-08  1.065749E-04 -2.781242E-07  1.924504E-04 -2.468950E-02  2.050414E-08  2.051090E-08
  3.260000E+02  1.387454E-07  1.061590E-04 -2.555131E-07  1.931579E-04 -9.609757E-03  2.050451E-08  2.050550E-08
  3.270000E+02  1.421220E-07  1.070146E-04 -3.736264E-07  1.916219E-04 -1.496892E-02  2.050404E-08  2.050879E-08
  3.280000E+02  4.553733E-08  1.062124E-04 -3.107011E-07  1.931009E-04 -2.232191E-02  2.050459E-08  2.050973E-08
  3.290000E+02  1.301996E-07  1.065032E-04 -1.827751E-07  1.925245E-04 -6.607151E-03  2.050403E-08  2.050485E-08
  3.300000E+02  1.828550E-07  1.068815E-04 -3.862375E-07  1.918778E-04 -2.162609E-02  2.050339E-08  2.050991E-08
  3.310000E+02  2.504334E-08  1.060550E-04 -3.756016E-07  1.933581E-04 -1.585304E-02  2.050401E-08  2.050671E-08
  3.320000E+02  9.948690E-08  1.068515E-04 -1.205899E-07  1.918927E-04 -9.202837E-03  2.050315E-08  2.050559E-08
  3.330000E+02  2.240979E-07  1.065365E-04 -3.558682E-07  1.925097E-04 -2.431656E-02  2.050325E-08  2.050978E-08
  3.340000E+02  3.349033E-08  1.061977E-04 -4.623330E-07  1.930761E-04 -9.476614E-03  2.050331E-08  2.050429E-08
  3.350000E+02  4.609845E-08  1.069870E-04 -9.867533E-08  1.916607E-04 -1.563286E-02  2.050270E-08  2.050746E-08
  3.360000E+02  2.557268E-07  1.062008E-04 -2.742355E-07  1.931091E-04 -2.149165E-02  2.050362E-08  2.050843E-08
  3.370000E+02  7.149975E-08  1.065387E-04 -5.515452E-07  1.924479E-04 -7.156702E-03  2.050262E-08  2.050367E-08
  3.380000E+02 -1.741849E-08  1.068288E-04 -1.272790E-07  1.919582E-04 -2.175822E-02  2.050182E-08  2.050810E-08
  3.390000E+02  2.625751E-07  1.060785E-04 -1.549577E-07  1.932980E-04 -1.509536E-02  2.050242E-08  2.050488E-08
  3.400000E+02  1.347793E-07  1.068571E-04 -6.104901E-07  1.918681E-04 -1.014817E-02  2.050141E-08  2.050419E-08
  3.410000E+02 -7.491483E-08  1.064882E-04 -2.096326E-07  1.925767E-04 -2.378002E-02  2.050134E-08  2.050745E-08
  3.420000E+02  2.350138E-07  1.062416E-04 -2.268288E-08  1.929775E-04 -9.268701E-03  2.050135E-08  2.050229E-08
  3.430000E+02  2.134743E-07  1.069543E-04 -6.132439E-07  1.917023E-04 -1.642410E-02  2.050063E-08  2.050563E-08
  3.440000E+02 -1.102569E-07  1.061849E-04 -3.380793E-07  1.931154E-04 -2.056688E-02  2.050161E-08  2.050599E-08
  3.450000E+02  1.761954E-07  1.065755E-04  8.877021E-08  1.923658E-04 -7.653008E-03  2.050087E-08  2.050204E-08
  3.460000E+02  2.932039E-07  1.067773E-04 -5.556193E-07  1.920389E-04 -2.191861E-02  2.050047E-08  2.050677E-08
  3.470000E+02 -1.092140E-07  1.061043E-04 -4.947417E-07  1.932383E-04 -1.435648E-02  2.050130E-08  2.050352E-08
  3.480000E+02  9.059080E-08  1.068646E-04  1.483550E-07  1.918518E-04 -1.104200E-02  2.050091E-08  2.050382E-08
  3.490000E+02  3.596383E-07  1.064499E-04 -4.360432E-07  1.926458E-04 -2.322877E-02  2.050160E-08  2.050752E-08
  3.500000E+02 -6.262929E-08  1.062904E-04 -6.581894E-07  1.928893E-04 -9.185326E-03  2.050142E-08  2.050244E-08
  3.510000E+02 -1.132387E-08  1.069263E-04  1.306235E-07  1.917589E-04 -1.714023E-02  2.050105E-08  2.050600E-08
  3.520000E+02  3.946643E-07  1.061812E-04 -2.619628E-07  1.931271E-04 -1.964885E-02  2.050250E-08  2.050662E-08
  3.530000E+02  2.447105E-08  1.066153E-04 -7.893837E-07  1.923004E-04 -8.252041E-03  2.050146E-08  2.050299E-08
  3.540000E+02 -1.096567E-07  1.067300E-04  3.108523E-08  1.921300E-04 -2.200886E-02  2.050108E-08  2.050707E-08
  3.550000E+02  3.823450E-07  1.061352E-04 -6.080422E-08  1.931850E-04 -1.363118E-02  2.050182E-08  2.050387E-08
  3.560000E+02  1.400237E-07  1.068717E-04 -8.484761E-07  1.918462E-04 -1.193664E-02  2.050147E-08  2.050482E-08
  3.570000E+02 -1.868145E-07  1.064143E-04 -1.393350E-07  1.927130E-04 -2.267988E-02  2.050215E-08  2.050762E-08
  3.580000E+02  3.194603E-07  1.063343E-04  1.353470E-07  1.928104E-04 -9.068915E-03  2.050152E-08  2.050254E-08
  3.590000E+02  2.643581E-07  1.068998E-04 -8.150091E-07  1.918113E-04 -1.776662E-02  2.050135E-08  2.050662E-08
  3.600000E+02 -2.226207E-07  1.061793E-04 -3.566955E-07  1.931314E-04 -1.886463E-02  2.050291E-08  2.050664E-08
  3.610000E+02  2.141977E-07  1.066447E-04  2.811414E-07  1.922501E-04 -8.745302E-03  2.050167E-08  2.050326E-08
  3.620000E+02  3.740523E-07  1.066934E-04 -6.881332E-07  1.922033E-04 -2.200438E-02  2.050186E-08  2.050796E-08
  3.630000E+02 -2.019456E-07  1.061678E-04 -5.860865E-07  1.931347E-04 -1.315432E-02  2.050291E-08  2.050482E-08
  3.640000E+02  8.010194E-08  1.068717E-04  3.372426E-07  1.918610E-04 -1.264042E-02  2.050286E-08  2.050619E-08
  3.650000E+02  4.524419E-07  1.063963E-04 -4.823386E-07  1.927603E-04 -2.212656E-02  2.050397E-08  2.050937E-08
  3.660000E+02 -1.239713E-07  1.063772E-04 -7.955089E-07  1.927511E-04 -9.187547E-03  2.050345E-08  2.050462E-08
  3.670000E+02 -6.139178E-08  1.068754E-04  2.866205E-07  1.918779E-04 -1.817141E-02  2.050364E-08  2.050869E-08
  3.680000E+02  4.823716E-07  1.061922E-04 -2.271926E-07  1.931263E-04 -1.820591E-02  2.050511E-08  2.050874E-08
  3.690000E+02  7.728476E-10  1.066678E-04 -9.438361E-07  1.922274E-04 -9.308709E-03  2.050358E-08  2.050552E-08
  3.700000E+02 -1.848081E-07  1.066633E-04  1.315264E-07  1.922726E-04 -2.184954E-02  2.050354E-08  2.050923E-08
  3.710000E+02  4.519780E-07  1.062007E-04  3.602805E-08  1.930841E-04 -1.286185E-02  2.050397E-08  2.050585E-08
  3.720000E+02  1.538874E-07  1.068601E-04 -9.946237E-07  1.918906E-04 -1.320511E-02  2.050365E-08  2.050732E-08
  3.730000E+02 -2.701534E-07  1.063828E-04 -1.064523E-07  1.927821E-04 -2.157193E-02  2.050392E-08  2.050888E-08
  3.740000E+02  3.633164E-07  1.064055E-04  2.667458E-07  1.926954E-04 -9.436265E-03  2.050293E-08  2.050414E-08
  3.750000E+02  3.100546E-07  1.068395E-04 -9.336654E-07  1.919359E-04 -1.833187E-02  2.050290E-08  2.050815E-08
  3.760000E+02 -2.981415E-07  1.062065E-04 -3.916903E-07  1.930882E-04 -1.765983E-02  2.050402E-08  2.050735E-08
  3.770000E+02  2.283447E-07  1.066733E-04  4.186386E-07  1.922095E-04 -9.914821E-03  2.050261E-08  2.050455E-08
  3.780000E+02  4.414709E-07  1.066313E-04 -7.643303E-07  1.923224E-04 -2.147426E-02  2.050287E-08  2.050860E-08
  3.790000E+02 -2.581169E-07  1.062379E-04 -6.774877E-07  1.930139E-04 -1.275767E-02  2.050372E-08  2.050558E-08
  3.800000E+02  6.464205E-08  1.068368E-04  4.582149E-07  1.919334E-04 -1.375760E-02  2.050362E-08  2.050709E-08
  3.810000E+02  5.273636E-07  1.063786E-04 -5.060405E-07  1.927897E-04 -2.084516E-02  2.050425E-08  2.050913E-08
  3.820000E+02 -1.551345E-07  1.064406E-04 -9.195852E-07  1.926372E-04 -9.950044E-03  2.050339E-08  2.050488E-08
  3.830000E+02 -1.040013E-07  1.067975E-04  3.782334E-07  1.920173E-04 -1.839856E-02  2.050350E-08  2.050830E-08
  3.840000E+02  5.515493E-07  1.062340E-04 -1.936684E-07  1.930390E-04 -1.703823E-02  2.050433E-08  2.050759E-08
  3.850000E+02 -4.364616E-09  1.066800E-04 -1.075415E-06  1.921997E-04 -1.077512E-02  2.050266E-08  2.050503E-08
  3.860000E+02 -2.477159E-07  1.065938E-04  1.868580E-07  1.923875E-04 -2.095039E-02  2.050283E-08  2.050794E-08
  3.870000E+02  5.049309E-07  1.062788E-04  1.209252E-07  1.929315E-04 -1.264699E-02  2.050289E-08  2.050479E-08
  3.880000E+02  1.702830E-07  1.068062E-04 -1.109976E-06  1.919745E-04 -1.446450E-02  2.050193E-08  2.050579E-08
  3.890000E+02 -3.391437E-07  1.063662E-04 -8.884995E-08  1.927927E-04 -2.000685E-02  2.050252E-08  2.050683E-08
  3.900000E+02  3.938962E-07  1.064696E-04  3.796433E-07  1.925652E-04 -1.043844E-02  2.050123E-08  2.050282E-08
  3.910000E+02  3.424925E-07  1.067452E-04 -1.016815E-06  1.920851E-04 -1.851651E-02  2.050065E-08  2.050565E-08
  3.920000E+02 -3.599205E-07  1.062560E-04 -4.106498E-07  1.929719E-04 -1.638721E-02  2.050167E-08  2.050460E-08
  3.930000E+02  2.359795E-07  1.066790E-04  5.339518E-07  1.921839E-04 -1.158986E-02  2.050061E-08  2.050299E-08
  3.940000E+02  4.846350E-07  1.065545E-04 -8.103327E-07  1.924401E-04 -2.038689E-02  2.050110E-08  2.050622E-08
  3.950000E+02 -3.037260E-07  1.063241E-04 -7.290628E-07  1.928372E-04 -1.262540E-02  2.050160E-08  2.050353E-08
  3.960000E+02  5.541473E-08  1.067738E-04  5.540462E-07  1.920314E-04 -1.509425E-02  2.050158E-08  2.050522E-08
  3.970000E+02  5.715207E-07  1.063659E-04 -5.197838E-07  1.927940E-04 -1.909265E-02  2.050297E-08  2.050718E-08
  3.980000E+02 -1.795035E-07  1.065092E-04 -9.883921E-07  1.925016E-04 -1.111279E-02  2.050192E-08  2.050385E-08
  3.990000E+02 -1.210912E-07  1.066987E-04  4.381896E-07  1.921812E-04 -1.852962E-02  2.050197E-08  2.050646E-08
  4.000000E+02  5.858423E-07  1.062935E-04 -1.849354E-07  1.929159E-04 -1.569385E-02  2.050318E-08  2.050606E-08
  4.010000E+02 -8.246806E-09  1.066859E-04 -1.139680E-06  1.921874E-04 -1.254980E-02  2.050208E-08  2.050493E-08
  4.020000E+02 -2.650105E-07  1.065210E-04  2.068995E-07  1.925121E-04 -1.976324E-02  2.050258E-08  2.050703E-08
  4.030000E+02  5.238947E-07  1.063731E-04  1.410935E-07  1.927572E-04 -1.256241E-02  2.050256E-08  2.050454E-08
  4.040000E+02  1.795833E-07  1.067438E-04 -1.153755E-06  1.920912E-04 -1.577789E-02  2.050201E-08  2.050604E-08
  4.050000E+02 -3.499003E-07  1.063640E-04 -9.929348E-08  1.927985E-04 -1.821273E-02  2.050342E-08  2.050703E-08
  4.060000E+02  3.963988E-07  1.065414E-04  3.988763E-07  1.924451E-04 -1.167687E-02  2.050197E-08  2.050399E-08
  4.070000E+02  3.531909E-07  1.066526E-04 -1.029411E-06  1.922615E-04 -1.854591E-02  2.050167E-08  2.050635E-08
  4.080000E+02 -3.582145E-07  1.063252E-04 -4.327987E-07  1.928537E-04 -1.511464E-02  2.050288E-08  2.050545E-08
  4.090000E+02  2.257286E-07  1.066840E-04  5.379949E-07  1.921942E-04 -1.334423E-02  2.050221E-08  2.050503E-08
  4.100000E+02  4.870702E-07  1.064931E-04 -7.920400E-07  1.925632E-04 -1.914631E-02  2.050291E-08  2.050736E-08
  4.110000E+02 -2.897532E-07  1.064179E-04 -7.438835E-07  1.926777E-04 -1.266350E-02  2.050272E-08  2.050478E-08
  4.120000E+02  4.034049E-08  1.067119E-04  5.375737E-07  1.921600E-04 -1.623889E-02  2.050305E-08  2.050679E-08
  4.130000E+02  5.598521E-07  1.063754E-04 -4.819062E-07  1.927876E-04 -1.742750E-02  2.050475E-08  2.050832E-08
  4.140000E+02 -1.578303E-07  1.065671E-04 -9.811760E-07  1.924084E-04 -1.237286E-02  2.050283E-08  2.050519E-08
  4.150000E+02 -1.304078E-07  1.066149E-04  4.025143E-07  1.923433E-04 -1.832926E-02  2.050322E-08  2.050734E-08
  4.160000E+02  5.574727E-07  1.063671E-04 -1.462944E-07  1.927911E-04 -1.473261E-02  2.050441E-08  2.050703E-08
  4.170000E+02  1.484925E-08  1.066729E-04 -1.100830E-06  1.922258E-04 -1.412770E-02  2.050324E-08  2.050644E-08
  4.180000E+02 -2.587067E-07  1.064742E-04  1.571972E-07  1.926011E-04 -1.841650E-02  2.050358E-08  2.050739E-08
  4.190000E+02  4.817404E-07  1.064606E-04  1.591119E-07  1.926061E-04 -1.291578E-02  2.050325E-08  2.050543E-08
  4.200000E+02  1.977398E-07  1.066714E-04 -1.084392E-06  1.922340E-04 -1.660260E-02  2.050305E-08  2.050704E-08
  4.210000E+02 -3.217325E-07  1.063884E-04 -1.550757E-07  1.927585E-04 -1.664050E-02  2.050443E-08  2.050750E-08
  4.220000E+02  3.486827E-07  1.065852E-04  3.781434E-07  1.923761E-04 -1.308397E-02  2.050269E-08  2.050515E-08
  4.230000E+02  3.588343E-07  1.065729E-04 -9.401642E-07  1.924154E-04 -1.804719E-02  2.050293E-08  2.050713E-08
  4.240000E+02 -3.073943E-07  1.064074E-04 -4.804183E-07  1.927153E-04 -1.441177E-02  2.050421E-08  2.050664E-08
  4.250000E+02  1.835511E-07  1.066556E-04  4.689781E-07  1.922610E-04 -1.484318E-02  2.050345E-08  2.050656E-08
  4.260000E+02  4.724652E-07  1.064608E-04 -6.990480E-07  1.926264E-04 -1.765870E-02  2.050397E-08  2.050774E-08
  4.270000E+02 -2.223393E-07  1.065023E-04 -7.638525E-07  1.925346E-04 -1.332325E-02  2.050356E-08  2.050592E-08
  4.280000E+02  1.185026E-08  1.066287E-04  4.262549E-07  1.923193E-04 -1.680118E-02  2.050387E-08  2.050747E-08
  4.290000E+02  5.215840E-07  1.064132E-04 -3.986454E-07  1.927164E-04 -1.591670E-02  2.050498E-08  2.050802E-08
  4.300000E+02 -8.607004E-08  1.065983E-04 -9.580005E-07  1.923572E-04 -1.396510E-02  2.050294E-08  2.050579E-08
  4.310000E+02 -1.393105E-07  1.065313E-04  2.685956E-07  1.924921E-04 -1.756334E-02  2.050327E-08  2.050686E-08
  4.320000E+02  4.971276E-07  1.064528E-04 -8.544452E-08  1.926301E-04 -1.420686E-02  2.050394E-08  2.050646E-08
  4.330000E+02  7.446860E-08  1.066282E-04 -1.025743E-06  1.923026E-04 -1.565504E-02  2.050237E-08  2.050585E-08
  4.340000E+02 -2.423650E-07  1.064423E-04  2.884739E-08  1.926420E-04 -1.676629E-02  2.050238E-08  2.050553E-08
  4.350000E+02  4.072024E-07  1.065396E-04  1.808133E-07  1.924510E-04 -1.376524E-02  2.050170E-08  2.050424E-08
  4.360000E+02  2.335660E-07  1.065736E-04 -9.644229E-07  1.923935E-04 -1.707245E-02  2.050108E-08  2.050489E-08
  4.370000E+02 -2.797745E-07  1.064283E-04 -2.553383E-07  1.926573E-04 -1.511220E-02  2.050186E-08  2.050449E-08
  4.380000E+02  2.725281E-07  1.066077E-04  3.509156E-07  1.923223E-04 -1.480375E-02  2.050079E-08  2.050376E-08
  4.390000E+02  3.656939E-07  1.064841E-04 -7.961816E-07  1.925587E-04 -1.713299E-02  2.050143E-08  2.050504E-08
  4.400000E+02 -2.441927E-07  1.064962E-04 -5.393291E-07  1.925360E-04 -1.397036E-02  2.050235E-08  2.050481E-08
  4.410000E+02  1.212598E-07  1.066054E-04  3.902287E-07  1.923418E-04 -1.642821E-02  2.050191E-08  2.050534E-08
  4.420000E+02  4.476307E-07  1.064332E-04 -5.593596E-07  1.926642E-04 -1.588093E-02  2.050329E-08  2.050634E-08
  4.430000E+02 -1.448222E-07  1.065861E-04 -7.710906E-07  1.923797E-04 -1.426979E-02  2.050290E-08  2.050572E-08
  4.440000E+02 -2.285542E-08  1.065308E-04  2.996533E-07  1.924875E-04 -1.728757E-02  2.050278E-08  2.050627E-08
  4.450000E+02  4.659662E-07  1.064605E-04 -2.907408E-07  1.926171E-04 -1.433335E-02  2.050401E-08  2.050658E-08
  4.460000E+02 -6.523101E-09  1.066239E-04 -9.065031E-07  1.923145E-04 -1.573015E-02  2.050278E-08  2.050620E-08
  4.470000E+02 -1.379516E-07  1.064453E-04  1.120630E-07  1.926419E-04 -1.663814E-02  2.050299E-08  2.050607E-08
  4.480000E+02  4.185404E-07  1.065460E-04 -3.152949E-08  1.924540E-04 -1.378327E-02  2.050326E-08  2.050581E-08
  4.490000E+02  1.396535E-07  1.065784E-04 -9.189898E-07  1.923948E-04 -1.721291E-02  2.050209E-08  2.050591E-08
  4.500000E+02 -2.025340E-07  1.064202E-04 -1.272951E-07  1.926819E-04 -1.495284E-02  2.050296E-08  2.050548E-08
  4.510000E+02  3.162090E-07  1.066254E-04  1.684270E-07  1.923011E-04 -1.478901E-02  2.050194E-08  2.050495E-08
  4.520000E+02  2.683732E-07  1.064761E-04 -8.115416E-07  1.925719E-04 -1.748033E-02  2.050117E-08  2.050483E-08
  4.530000E+02 -2.032770E-07  1.064831E-04 -3.784722E-07  1.925589E-04 -1.350003E-02  2.050240E-08  2.050464E-08
  4.540000E+02  1.823302E-07  1.066344E-04  2.662551E-07  1.922879E-04 -1.666191E-02  2.050165E-08  2.050524E-08
  4.550000E+02  3.592743E-07  1.063989E-04 -6.151780E-07  1.927158E-04 -1.613678E-02  2.050208E-08  2.050512E-08
  4.560000E+02 -1.405876E-07  1.065950E-04 -6.013578E-07  1.923604E-04 -1.354015E-02  2.050278E-08  2.050536E-08
  4.570000E+02  4.775387E-08  1.065568E-04  2.405431E-07  1.924427E-04 -1.802280E-02  2.050275E-08  2.050656E-08
  4.580000E+02  3.970828E-07  1.064136E-04 -3.792306E-07  1.927062E-04 -1.406330E-02  2.050453E-08  2.050691E-08
  4.590000E+02 -2.959319E-08  1.066719E-04 -7.551939E-07  1.922362E-04 -1.527551E-02  2.050380E-08  2.050716E-08
  4.600000E+02 -6.376069E-08  1.064385E-04  1.037690E-07  1.926666E-04 -1.766520E-02  2.050395E-08  2.050735E-08
  4.610000E+02  3.733895E-07  1.065180E-04 -1.441073E-07  1.925231E-04 -1.279692E-02  2.050550E-08  2.050767E-08
  4.620000E+02  1.020601E-07  1.066482E-04 -8.036347E-07  1.922910E-04 -1.753007E-02  2.050434E-08  2.050839E-08
  4.630000E+02 -1.333389E-07  1.063666E-04 -1.035923E-07  1.927932E-04 -1.562834E-02  2.050424E-08  2.050687E-08
  4.640000E+02  2.945762E-07  1.066423E-04  4.868844E-08  1.922862E-04 -1.343886E-02  2.050399E-08  2.050663E-08
  4.650000E+02  2.245791E-07  1.065286E-04 -7.377125E-07  1.925002E-04 -1.868427E-02  2.050320E-08  2.050736E-08
  4.660000E+02 -1.476413E-07  1.064052E-04 -3.328829E-07  1.927129E-04 -1.323017E-02  2.050385E-08  2.050585E-08
  4.670000E+02  1.791941E-07  1.066997E-04  1.597169E-07  1.921722E-04 -1.577394E-02  2.050217E-08  2.050567E-08
  4.680000E+02  3.139972E-07  1.063901E-04 -5.764517E-07  1.927356E-04 -1.771798E-02  2.050195E-08  2.050548E-08
  4.690000E+02 -1.017204E-07  1.065394E-04 -5.407974E-07  1.924611E-04 -1.219446E-02  2.050316E-08  2.050520E-08
  4.700000E+02  5.705376E-08  1.066428E-04  1.578435E-07  1.922808E-04 -1.827570E-02  2.050193E-08  2.050609E-08
  4.710000E+02  3.537346E-07  1.063333E-04 -3.662115E-07  1.928331E-04 -1.508246E-02  2.050226E-08  2.050481E-08
  4.720000E+02 -5.212323E-09  1.066812E-04 -6.879772E-07  1.922041E-04 -1.344768E-02  2.050271E-08  2.050554E-08
  4.730000E+02 -4.630148E-08  1.064977E-04  4.352372E-08  1.925538E-04 -1.917446E-02  2.050276E-08  2.050685E-08
  4.740000E+02  3.386050E-07  1.064093E-04 -1.532085E-07  1.927034E-04 -1.248463E-02  2.050384E-08  2.050571E-08
  4.750000E+02  1.193698E-07  1.067298E-04 -7.480741E-07  1.921293E-04 -1.633231E-02  2.050319E-08  2.050711E-08
  4.760000E+02 -1.147800E-07  1.063558E-04 -1.508017E-07  1.928146E-04 -1.764440E-02  2.050377E-08  2.050706E-08
  4.770000E+02  2.710161E-07  1.065744E-04  2.935663E-08  1.924124E-04 -1.175245E-02  2.050482E-08  2.050681E-08
  4.780000E+02  2.382323E-07  1.066418E-04 -7.014692E-07  1.922985E-04 -1.901532E-02  2.050336E-08  2.050795E-08
  4.790000E+02 -1.330130E-07  1.063129E-04 -3.701124E-07  1.928813E-04 -1.450195E-02  2.050361E-08  2.050587E-08
  4.800000E+02  1.623523E-07  1.067185E-04  1.432351E-07  1.921387E-04 -1.359590E-02  2.050285E-08  2.050577E-08
  4.810000E+02  3.263376E-07  1.064604E-04 -5.524010E-07  1.926115E-04 -1.959462E-02  2.050155E-08  2.050591E-08
  4.820000E+02 -9.594289E-08  1.064113E-04 -5.690883E-07  1.926783E-04 -1.177631E-02  2.050173E-08  2.050342E-08
  4.830000E+02  3.481935E-08  1.067434E-04  1.625513E-07  1.920827E-04 -1.694630E-02  2.050061E-08  2.050466E-08
  4.840000E+02  3.697809E-07  1.063067E-04 -3.342832E-07  1.928715E-04 -1.746262E-02  2.050041E-08  2.050373E-08
  4.850000E+02 -8.195279E-09  1.065986E-04 -7.172086E-07  1.923304E-04 -1.137988E-02  2.050083E-08  2.050290E-08
  4.860000E+02 -7.619392E-08  1.066252E-04  7.087555E-08  1.923020E-04 -1.970326E-02  2.050025E-08  2.050491E-08
  4.870000E+02  3.578952E-07  1.062873E-04 -1.086402E-07  1.929033E-04 -1.385075E-02  2.050120E-08  2.050332E-08
  4.880000E+02  1.166319E-07  1.067535E-04 -7.838253E-07  1.920600E-04 -1.378602E-02  2.050113E-08  2.050440E-08
  4.890000E+02 -1.476628E-07  1.064275E-04 -1.217764E-07  1.926679E-04 -1.995089E-02  2.050109E-08  2.050538E-08
  4.900000E+02  2.916984E-07  1.064235E-04  7.877043E-08  1.926585E-04 -1.108362E-02  2.050214E-08  2.050367E-08
  4.910000E+02  2.528020E-07  1.067682E-04 -7.524019E-07  1.920545E-04 -1.755572E-02  2.050216E-08  2.050671E-08
  4.920000E+02 -1.702085E-07  1.062779E-04 -3.718276E-07  1.929444E-04 -1.730194E-02  2.050266E-08  2.050582E-08
  4.930000E+02  1.826144E-07  1.066359E-04  2.013849E-07  1.922837E-04 -1.105456E-02  2.050310E-08  2.050510E-08
  4.940000E+02  3.624949E-07  1.066239E-04 -6.180522E-07  1.923308E-04 -2.036101E-02  2.050281E-08  2.050793E-08
  4.950000E+02 -1.370935E-07  1.062767E-04 -6.101710E-07  1.929473E-04 -1.327847E-02  2.050400E-08  2.050595E-08
  4.960000E+02  4.713519E-08  1.067905E-04  2.341557E-07  1.920106E-04 -1.399756E-02  2.050291E-08  2.050621E-08
  4.970000E+02  4.212150E-07  1.063988E-04 -3.953927E-07  1.927293E-04 -2.027832E-02  2.050196E-08  2.050652E-08
  4.980000E+02 -4.850098E-08  1.064347E-04 -7.887733E-07  1.926436E-04 -1.044488E-02  2.050285E-08  2.050435E-08
  4.990000E+02 -9.075976E-08  1.067836E-04  1.601790E-07  1.920276E-04 -1.815718E-02  2.050202E-08  2.050666E-08
  5.000000E+02  4.209055E-07  1.062394E-04 -1.255158E-07  1.930025E-04 -1.711394E-02  2.050146E-08  2.050463E-08
  5.010000E+02  8.189830E-08  1.066638E-04 -8.820386E-07  1.922187E-04 -1.073489E-02  2.050160E-08  2.050381E-08
  5.020000E+02 -1.938710E-07  1.066117E-04 -2.059072E-08  1.923458E-04 -2.098161E-02  2.050181E-08  2.050697E-08
  5.030000E+02  3.595591E-07  1.062562E-04  1.202800E-07  1.929710E-04 -1.270877E-02  2.050272E-08  2.050451E-08
  5.040000E+02  2.331311E-07  1.068228E-04 -8.709433E-07  1.919462E-04 -1.415018E-02  2.050218E-08  2.050592E-08
  5.050000E+02 -2.382425E-07  1.063746E-04 -2.843854E-07  1.927824E-04 -2.056801E-02  2.050282E-08  2.050733E-08
  5.060000E+02  2.427895E-07  1.064461E-04  2.911076E-07  1.926337E-04 -9.862332E-03  2.050411E-08  2.050541E-08
  5.070000E+02  3.764718E-07  1.068051E-04 -7.457862E-07  1.920066E-04 -1.866226E-02  2.050371E-08  2.050888E-08
  5.080000E+02 -2.173632E-07  1.062180E-04 -5.797191E-07  1.930647E-04 -1.697252E-02  2.050399E-08  2.050708E-08
  5.090000E+02  9.079001E-08  1.066952E-04  3.596976E-07  1.921862E-04 -1.045333E-02  2.050422E-08  2.050628E-08
  5.100000E+02  4.748529E-07  1.066095E-04 -5.193721E-07  1.923711E-04 -2.152572E-02  2.050384E-08  2.050946E-08
  5.110000E+02 -1.343459E-07  1.062474E-04 -8.318653E-07  1.930028E-04 -1.226463E-02  2.050450E-08  2.050626E-08
  5.120000E+02 -7.215435E-08  1.068489E-04  3.146556E-07  1.919100E-04 -1.427948E-02  2.050327E-08  2.050693E-08
  5.130000E+02  5.056316E-07  1.063512E-04 -2.228904E-07  1.928262E-04 -2.080432E-02  2.050286E-08  2.050762E-08
  5.140000E+02  2.996441E-09  1.064537E-04 -9.909218E-07  1.926153E-04 -9.429822E-03  2.050370E-08  2.050512E-08
  5.150000E+02 -2.145897E-07  1.068085E-04  1.486169E-07  1.919906E-04 -1.906677E-02  2.050250E-08  2.050762E-08
  5.160000E+02  4.621791E-07  1.061929E-04  8.692259E-08  1.930950E-04 -1.676442E-02  2.050244E-08  2.050552E-08
  5.170000E+02  1.738613E-07  1.067134E-04 -1.028951E-06  1.921349E-04 -1.036326E-02  2.050227E-08  2.050467E-08
  5.180000E+02 -3.018024E-07  1.065905E-04 -1.227282E-07  1.923906E-04 -2.184750E-02  2.050213E-08  2.050766E-08
  5.190000E+02  3.524094E-07  1.062419E-04  3.364873E-07  1.929974E-04 -1.183216E-02  2.050298E-08  2.050456E-08
  5.200000E+02  3.497794E-07  1.068645E-04 -9.409334E-07  1.918734E-04 -1.454602E-02  2.050228E-08  2.050642E-08
  5.210000E+02 -3.165455E-07  1.063295E-04 -4.561237E-07  1.928659E-04 -2.079884E-02  2.050290E-08  2.050754E-08
  5.220000E+02  1.926326E-07  1.064704E-04  4.803358E-07  1.925856E-04 -9.157531E-03  2.050380E-08  2.050503E-08
  5.230000E+02  4.940753E-07  1.068084E-04 -7.323634E-07  1.919969E-04 -1.944590E-02  2.050301E-08  2.050859E-08
  5.240000E+02 -2.553772E-07  1.061852E-04 -7.823281E-07  1.931204E-04 -1.645773E-02  2.050376E-08  2.050677E-08
  5.250000E+02  9.476762E-09  1.067338E-04  4.925691E-07  1.921049E-04 -1.046505E-02  2.050297E-08  2.050521E-08
  5.260000E+02  5.725898E-07  1.065718E-04 -4.307215E-07  1.924264E-04 -2.201621E-02  2.050225E-08  2.050806E-08
  5.270000E+02 -1.284762E-07  1.062499E-04 -1.027216E-06  1.929809E-04 -1.149953E-02  2.050284E-08  2.050451E-08
  5.280000E+02 -1.704777E-07  1.068674E-04  3.739574E-07  1.918625E-04 -1.489651E-02  2.050157E-08  2.050555E-08
  5.290000E+02  5.725731E-07  1.063035E-04 -7.880794E-08  1.928941E-04 -2.061013E-02  2.050097E-08  2.050566E-08
  5.300000E+02  4.504267E-08  1.064853E-04 -1.152094E-06  1.925322E-04 -9.083549E-03  2.050101E-08  2.050254E-08
  5.310000E+02 -3.129067E-07  1.067881E-04  1.371707E-07  1.920104E-04 -1.976017E-02  2.050043E-08  2.050580E-08
  5.320000E+02  4.950210E-07  1.061736E-04  2.555401E-07  1.931150E-04 -1.601165E-02  2.050109E-08  2.050396E-08
  5.330000E+02  2.400149E-07  1.067458E-04 -1.140795E-06  1.920538E-04 -1.076632E-02  2.049974E-08  2.050247E-08
  5.340000E+02 -3.839375E-07  1.065419E-04 -1.929655E-07  1.924597E-04 -2.202745E-02  2.050004E-08  2.050559E-08
  5.350000E+02  3.485824E-07  1.062634E-04  4.998576E-07  1.929425E-04 -1.112663E-02  2.050145E-08  2.050292E-08
  5.360000E+02  4.287816E-07  1.068689E-04 -9.903209E-07  1.918523E-04 -1.539671E-02  2.050060E-08  2.050513E-08
  5.370000E+02 -3.713582E-07  1.062858E-04 -5.711549E-07  1.929275E-04 -2.028085E-02  2.050124E-08  2.050570E-08
  5.380000E+02  1.581315E-07  1.065156E-04  6.123585E-07  1.924882E-04 -9.055953E-03  2.050217E-08  2.050351E-08
  5.390000E+02  5.720852E-07  1.067769E-04 -7.210532E-07  1.920487E-04 -2.013968E-02  2.050220E-08  2.050800E-08
  5.400000E+02 -2.804172E-07  1.061781E-04 -9.168514E-07  1.931259E-04 -1.554019E-02  2.050327E-08  2.050605E-08
  5.410000E+02 -4.338240E-08  1.067699E-04  5.795866E-07  1.920311E-04 -1.109410E-02  2.050188E-08  2.050444E-08
  5.420000E+02  6.358260E-07  1.065221E-04 -3.728770E-07  1.925142E-04 -2.205318E-02  2.050204E-08  2.050780E-08
  5.430000E+02 -1.235782E-07  1.062845E-04 -1.154400E-06  1.929194E-04 -1.080300E-02  2.050315E-08  2.050476E-08
  5.440000E+02 -2.304562E-07  1.068692E-04  4.075560E-07  1.918610E-04 -1.586321E-02  2.050146E-08  2.050578E-08
  5.450000E+02  6.113414E-07  1.062689E-04  1.057236E-08  1.929583E-04 -1.995039E-02  2.050140E-08  2.050584E-08
  5.460000E+02  7.501125E-08  1.065379E-04 -1.249479E-06  1.924430E-04 -9.098078E-03  2.050163E-08  2.050335E-08
  5.470000E+02 -3.679794E-07  1.067561E-04  1.182122E-07  1.920808E-04 -2.041548E-02  2.050153E-08  2.050705E-08
  5.480000E+02  5.070305E-07  1.061768E-04  3.545896E-07  1.931156E-04 -1.510593E-02  2.050205E-08  2.050466E-08
  5.490000E+02  2.824935E-07  1.067825E-04 -1.194859E-06  1.919997E-04 -1.141990E-02  2.050087E-08  2.050394E-08
  5.500000E+02 -4.237178E-07  1.065007E-04 -2.473958E-07  1.925511E-04 -2.200133E-02  2.050188E-08  2.050734E-08
  5.510000E+02  3.377452E-07  1.063008E-04  5.854496E-07  1.928884E-04 -1.055821E-02  2.050304E-08  2.050443E-08
  5.520000E+02  4.707605E-07  1.068709E-04 -9.993481E-07  1.918661E-04 -1.623778E-02  2.050219E-08  2.050701E-08
  5.530000E+02 -3.902706E-07  1.062635E-04 -6.396303E-07  1.929844E-04 -1.967297E-02  2.050322E-08  2.050746E-08
  5.540000E+02  1.315477E-07  1.065627E-04  6.684788E-07  1.924203E-04 -9.150201E-03  2.050397E-08  2.050545E-08
  5.550000E+02  6.052988E-07  1.067479E-04 -6.929779E-07  1.921197E-04 -2.062239E-02  2.050402E-08  2.050991E-08
  5.560000E+02 -2.791838E-07  1.061891E-04 -9.826886E-07  1.931175E-04 -1.480644E-02  2.050472E-08  2.050731E-08
  5.570000E+02 -7.753739E-08  1.067963E-04  6.017618E-07  1.920001E-04 -1.169888E-02  2.050351E-08  2.050632E-08
  5.580000E+02  6.553749E-07  1.064891E-04 -3.201594E-07  1.925922E-04 -2.189012E-02  2.050405E-08  2.050967E-08
  5.590000E+02 -1.051824E-07  1.063218E-04 -1.205871E-06  1.928650E-04 -1.046387E-02  2.050463E-08  2.050622E-08
  5.600000E+02 -2.609811E-07  1.068612E-04  3.935569E-07  1.918904E-04 -1.653705E-02  2.050285E-08  2.050734E-08
  5.610000E+02  6.128726E-07  1.062585E-04  6.916159E-08  1.929941E-04 -1.929883E-02  2.050344E-08  2.050761E-08
  5.620000E+02  1.044289E-07  1.065777E-04 -1.273650E-06  1.923870E-04 -9.391784E-03  2.050326E-08  2.050515E-08
  5.630000E+02 -3.864666E-07  1.067198E-04  7.399425E-08  1.921564E-04 -2.066534E-02  2.050251E-08  2.050799E-08
  5.640000E+02  4.906380E-07  1.062002E-04  4.025419E-07  1.930833E-04 -1.443509E-02  2.050335E-08  2.050575E-08
  5.650000E+02  3.147365E-07  1.067960E-04 -1.186014E-06  1.919891E-04 -1.215148E-02  2.050215E-08  2.050545E-08
  5.660000E+02 -4.267821E-07  1.064643E-04 -3.082412E-07  1.926223E-04 -2.158035E-02  2.050263E-08  2.050785E-08
  5.670000E+02  3.097343E-07  1.063480E-04  6.116061E-07  1.928101E-04 -1.040099E-02  2.050385E-08  2.050523E-08
  5.680000E+02  4.928211E-07  1.068437E-04 -9.604534E-07  1.919212E-04 -1.692293E-02  2.050265E-08  2.050756E-08
  5.690000E+02 -3.756011E-07  1.062563E-04 -6.933300E-07  1.929980E-04 -1.877155E-02  2.050364E-08  2.050752E-08
  5.700000E+02  1.015301E-07  1.066013E-04  6.614012E-07  1.923478E-04 -9.753321E-03  2.050356E-08  2.050526E-08
  5.710000E+02  6.063094E-07  1.066906E-04 -6.350059E-07  1.922136E-04 -2.068113E-02  2.050301E-08  2.050870E-08
  5.720000E+02 -2.479820E-07  1.062241E-04 -1.007126E-06  1.930461E-04 -1.402684E-02  2.050413E-08  2.050649E-08
  5.730000E+02 -1.003732E-07  1.067954E-04  5.571855E-07  1.919937E-04 -1.275223E-02  2.050238E-08  2.050545E-08
  5.740000E+02  6.341968E-07  1.064393E-04 -2.602586E-07  1.926640E-04 -2.111464E-02  2.050245E-08  2.050761E-08
  5.750000E+02 -6.794987E-08  1.063831E-04 -1.191260E-06  1.927423E-04 -1.046398E-02  2.050340E-08  2.050504E-08
  5.760000E+02 -2.656753E-07  1.068111E-04  3.241277E-07  1.919719E-04 -1.735424E-02  2.050165E-08  2.050619E-08
  5.770000E+02  5.753169E-07  1.062549E-04  1.053762E-07  1.929852E-04 -1.804150E-02  2.050228E-08  2.050593E-08
  5.780000E+02  1.327119E-07  1.066219E-04 -1.220570E-06  1.922915E-04 -1.037169E-02  2.050138E-08  2.050358E-08
  5.790000E+02 -3.646780E-07  1.066424E-04  3.001757E-09  1.922804E-04 -2.056221E-02  2.050092E-08  2.050609E-08
  5.800000E+02  4.434172E-07  1.062502E-04  3.939269E-07  1.929750E-04 -1.352927E-02  2.050175E-08  2.050386E-08
  5.810000E+02  3.244311E-07  1.067853E-04 -1.100652E-06  1.919892E-04 -1.356690E-02  2.049973E-08  2.050334E-08
  5.820000E+02 -3.803937E-07  1.064061E-04 -3.605927E-07  1.927024E-04 -2.045814E-02  2.050042E-08  2.050503E-08
  5.830000E+02  2.646336E-07  1.064215E-04  5.533598E-07  1.926554E-04 -1.053998E-02  2.050155E-08  2.050303E-08
  5.840000E+02  4.782352E-07  1.067764E-04 -8.617588E-07  1.920240E-04 -1.786880E-02  2.050035E-08  2.050526E-08
  5.850000E+02 -3.167324E-07  1.062574E-04 -7.071850E-07  1.929727E-04 -1.723385E-02  2.050174E-08  2.050503E-08
  5.860000E+02  7.436156E-08  1.066491E-04  5.658410E-07  1.922427E-04 -1.097522E-02  2.050127E-08  2.050336E-08
  5.870000E+02  5.640015E-07  1.066028E-04 -5.514216E-07  1.923558E-04 -2.047844E-02  2.050137E-08  2.050663E-08
  5.880000E+02 -1.880710E-07  1.062861E-04 -9.675209E-07  1.929178E-04 -1.304717E-02  2.050273E-08  2.050479E-08
  5.890000E+02 -9.945804E-08  1.067810E-04  4.393703E-07  1.920059E-04 -1.435379E-02  2.050047E-08  2.050390E-08
  5.900000E+02  5.675945E-07  1.063847E-04 -2.141031E-07  1.927490E-04 -1.981050E-02  2.050152E-08  2.050598E-08
  5.910000E+02 -1.811377E-08  1.064667E-04 -1.096894E-06  1.925841E-04 -1.071329E-02  2.050262E-08  2.050440E-08
  5.920000E+02 -2.340362E-07  1.067411E-04  2.038970E-07  1.920959E-04 -1.831141E-02  2.050108E-08  2.050566E-08
  5.930000E+02  4.976178E-07  1.062683E-04  9.943913E-08  1.929556E-04 -1.643999E-02  2.050231E-08  2.050532E-08
  5.940000E+02  1.586849E-07  1.066748E-04 -1.087326E-06  1.922035E-04 -1.169018E-02  2.050188E-08  2.050447E-08
  5.950000E+02 -3.035863E-07  1.065605E-04 -9.176661E-08  1.924367E-04 -2.029265E-02  2.050194E-08  2.050672E-08
  5.960000E+02  3.706021E-07  1.063226E-04  3.268793E-07  1.928500E-04 -1.263061E-02  2.050267E-08  2.050452E-08
  5.970000E+02  3.156699E-07  1.067746E-04 -9.519549E-07  1.920240E-04 -1.514765E-02  2.050093E-08  2.050485E-08
  5.980000E+02 -2.963710E-07  1.063624E-04 -4.039455E-07  1.927931E-04 -1.914084E-02  2.050218E-08  2.050616E-08
  5.990000E+02  2.100673E-07  1.065078E-04  4.283337E-07  1.925123E-04 -1.088173E-02  2.050285E-08  2.050451E-08
  6.000000E+02  4.320579E-07  1.067112E-04 -7.218125E-07  1.921582E-04 -1.874566E-02  2.050182E-08  2.050669E-08
  6.010000E+02 -2.230430E-07  1.062775E-04 -6.843293E-07  1.929454E-04 -1.571139E-02  2.050323E-08  2.050596E-08
  6.020000E+02  4.915407E-08  1.066993E-04  4.007770E-07  1.921724E-04 -1.225620E-02  2.050311E-08  2.050562E-08
  6.030000E+02  4.850059E-07  1.065291E-04 -4.452617E-07  1.925055E-04 -2.018850E-02  2.050325E-08  2.050808E-08
  6.040000E+02 -1.003633E-07  1.063569E-04 -8.761826E-07  1.928027E-04 -1.225070E-02  2.050435E-08  2.050620E-08
  6.050000E+02 -8.505170E-08  1.067707E-04  2.574870E-07  1.920501E-04 -1.576612E-02  2.050278E-08  2.050654E-08
  6.060000E+02  4.652528E-07  1.063495E-04 -1.686021E-07  1.928294E-04 -1.860731E-02  2.050375E-08  2.050758E-08
  6.070000E+02  4.706939E-08  1.065448E-04 -9.436875E-07  1.924601E-04 -1.106575E-02  2.050438E-08  2.050632E-08
  6.080000E+02 -1.760553E-07  1.066819E-04  3.469238E-08  1.922245E-04 -1.901193E-02  2.050317E-08  2.050774E-08
  6.090000E+02  3.859321E-07  1.062930E-04  6.645627E-08  1.929254E-04 -1.510635E-02  2.050428E-08  2.050678E-08
  6.100000E+02  1.879081E-07  1.067158E-04 -8.899610E-07  1.921513E-04 -1.289392E-02  2.050387E-08  2.050679E-08
  6.110000E+02 -2.082424E-07  1.064949E-04 -2.175478E-07  1.925734E-04 -1.988482E-02  2.050404E-08  2.050845E-08
  6.120000E+02  2.672767E-07  1.063952E-04  2.148146E-07  1.927380E-04 -1.201013E-02  2.050491E-08  2.050660E-08
  6.130000E+02  2.987663E-07  1.067566E-04 -7.377333E-07  1.920820E-04 -1.645757E-02  2.050325E-08  2.050738E-08
  6.140000E+02 -1.767474E-07  1.063338E-04 -4.570038E-07  1.928597E-04 -1.787697E-02  2.050424E-08  2.050766E-08
  6.150000E+02  1.346367E-07  1.065850E-04  2.487095E-07  1.923917E-04 -1.137647E-02  2.050474E-08  2.050664E-08
  6.160000E+02  3.645154E-07  1.066432E-04 -5.256861E-07  1.922952E-04 -1.934442E-02  2.050313E-08  2.050787E-08
  6.170000E+02 -9.383229E-08  1.063063E-04 -6.452644E-07  1.928990E-04 -1.433146E-02  2.050427E-08  2.050654E-08
  6.180000E+02  1.534641E-08  1.067338E-04  1.724420E-07  1.921179E-04 -1.362792E-02  2.050356E-08  2.050652E-08
  6.190000E+02  3.744439E-07  1.064511E-04 -2.995606E-07  1.926436E-04 -1.963090E-02  2.050317E-08  2.050750E-08
  6.200000E+02  1.878002E-08  1.064329E-04 -7.457458E-07  1.926633E-04 -1.163442E-02  2.050432E-08  2.050606E-08
  6.210000E+02 -6.920128E-08  1.067388E-04  1.309145E-08  1.921089E-04 -1.721545E-02  2.050244E-08  2.050654E-08
  6.220000E+02  3.293422E-07  1.063127E-04 -1.017599E-07  1.928859E-04 -1.712367E-02  2.050322E-08  2.050637E-08
  6.230000E+02  1.339980E-07  1.066238E-04 -7.404911E-07  1.923116E-04 -1.169533E-02  2.050358E-08  2.050581E-08
  6.240000E+02 -1.060244E-07  1.065969E-04 -1.857099E-07  1.923697E-04 -1.961818E-02  2.050208E-08  2.050662E-08
  6.250000E+02  2.424999E-07  1.063228E-04  3.276286E-08  1.928558E-04 -1.355870E-02  2.050308E-08  2.050507E-08
  6.260000E+02  2.275839E-07  1.067454E-04 -6.380403E-07  1.920851E-04 -1.446699E-02  2.050205E-08  2.050545E-08
  6.270000E+02 -8.933616E-08  1.064050E-04 -3.807310E-07  1.927155E-04 -1.918708E-02  2.050213E-08  2.050610E-08
  6.280000E+02  1.350720E-07  1.064752E-04  7.746310E-08  1.925723E-04 -1.139526E-02  2.050283E-08  2.050447E-08
  6.290000E+02  2.840992E-07  1.067133E-04 -4.686481E-07  1.921442E-04 -1.801881E-02  2.050101E-08  2.050544E-08
  6.300000E+02 -2.807042E-08  1.062945E-04 -5.353502E-07  1.929050E-04 -1.623522E-02  2.050204E-08  2.050485E-08
  6.310000E+02  3.659982E-08  1.066640E-04  2.854474E-08  1.922283E-04 -1.212739E-02  2.050233E-08  2.050464E-08
  6.320000E+02  2.929102E-07  1.065485E-04 -2.824281E-07  1.924469E-04 -1.990650E-02  2.050087E-08  2.050548E-08
  6.330000E+02  6.110489E-08  1.063410E-04 -6.167747E-07  1.928109E-04 -1.274040E-02  2.050203E-08  2.050389E-08
  6.340000E+02 -2.930588E-08  1.067588E-04 -9.839447E-08  1.920545E-04 -1.531588E-02  2.050111E-08  2.050467E-08
  6.350000E+02  2.519237E-07  1.063610E-04 -1.240443E-07  1.927856E-04 -1.880793E-02  2.050124E-08  2.050502E-08
  6.360000E+02  1.574591E-07  1.065155E-04 -6.059878E-07  1.924897E-04 -1.110740E-02  2.050187E-08  2.050364E-08
  6.370000E+02 -5.281934E-08  1.066922E-04 -2.698890E-07  1.921787E-04 -1.876289E-02  2.050035E-08  2.050488E-08
  6.380000E+02  1.754457E-07  1.062800E-04 -2.300951E-08  1.929248E-04 -1.544782E-02  2.050161E-08  2.050411E-08
  6.390000E+02  2.348111E-07  1.066986E-04 -5.121181E-07  1.921579E-04 -1.251721E-02  2.050137E-08  2.050403E-08
  6.400000E+02 -3.004382E-08  1.065081E-04 -4.375466E-07  1.925183E-04 -2.008329E-02  2.050062E-08  2.050516E-08
  6.410000E+02  8.262217E-08  1.063635E-04 -7.263329E-10  1.927677E-04 -1.210453E-02  2.050195E-08  2.050357E-08
  6.420000E+02  2.731187E-07  1.067655E-04 -3.581777E-07  1.920430E-04 -1.606216E-02  2.050093E-08  2.050486E-08
  6.430000E+02  3.638853E-08  1.063309E-04 -5.602797E-07  1.928431E-04 -1.835485E-02  2.050173E-08  2.050534E-08
  6.440000E+02 -5.838194E-09  1.065572E-04 -6.695519E-08  1.924192E-04 -1.104317E-02  2.050240E-08  2.050413E-08
  6.450000E+02  2.659857E-07  1.066707E-04 -1.800583E-07  1.922285E-04 -1.934407E-02  2.050132E-08  2.050604E-08
  6.460000E+02  1.278533E-07  1.062786E-04 -6.121738E-07  1.929342E-04 -1.473727E-02  2.050256E-08  2.050492E-08
  6.470000E+02 -6.299172E-08  1.067322E-04 -2.046719E-07  1.921098E-04 -1.297773E-02  2.050258E-08  2.050536E-08
  6.480000E+02  2.136352E-07  1.064753E-04 -3.060883E-08  1.925913E-04 -2.018166E-02  2.050204E-08  2.050653E-08
  6.490000E+02  2.226443E-07  1.063883E-04 -5.780393E-07  1.927325E-04 -1.156553E-02  2.050312E-08  2.050476E-08
  6.500000E+02 -7.287193E-08  1.067742E-04 -3.829236E-07  1.920428E-04 -1.671541E-02  2.050236E-08  2.050647E-08
  6.510000E+02  1.241322E-07  1.063064E-04  5.314243E-08  1.928966E-04 -1.798713E-02  2.050283E-08  2.050620E-08
  6.520000E+02  3.002309E-07  1.065925E-04 -4.588680E-07  1.923659E-04 -1.092954E-02  2.050354E-08  2.050547E-08
  6.530000E+02 -3.374597E-08  1.066562E-04 -5.628102E-07  1.922708E-04 -1.982098E-02  2.050284E-08  2.050770E-08
  6.540000E+02  1.855367E-08  1.062761E-04  5.263417E-08  1.929484E-04 -1.415806E-02  2.050375E-08  2.050583E-08
  6.550000E+02  3.371010E-07  1.067601E-04 -2.789504E-07  1.920713E-04 -1.330505E-02  2.050373E-08  2.050681E-08
  6.560000E+02  4.897207E-08  1.064501E-04 -6.944559E-07  1.926517E-04 -2.025688E-02  2.050359E-08  2.050815E-08
  6.570000E+02 -7.936181E-08  1.064091E-04 -3.863497E-08  1.927067E-04 -1.113034E-02  2.050448E-08  2.050592E-08
  6.580000E+02  3.197864E-07  1.067815E-04 -7.501199E-08  1.920436E-04 -1.724926E-02  2.050366E-08  2.050803E-08
  6.590000E+02  1.607645E-07  1.062878E-04 -7.410730E-07  1.929421E-04 -1.766201E-02  2.050420E-08  2.050760E-08
  6.600000E+02 -1.480769E-07  1.066244E-04 -2.077797E-07  1.923210E-04 -1.088266E-02  2.050490E-08  2.050680E-08
  6.610000E+02  2.504798E-07  1.066402E-04  1.092523E-07  1.923111E-04 -2.023722E-02  2.050388E-08  2.050883E-08
  6.620000E+02  2.794770E-07  1.062762E-04 -6.910011E-07  1.929542E-04 -1.363885E-02  2.050453E-08  2.050666E-08
  6.630000E+02 -1.655206E-07  1.067837E-04 -4.273653E-07  1.920361E-04 -1.367632E-02  2.050440E-08  2.050762E-08
  6.640000E+02  1.369718E-07  1.064220E-04  2.250744E-07  1.927074E-04 -2.028615E-02  2.050408E-08  2.050850E-08
  6.650000E+02  3.815271E-07  1.064287E-04 -5.424985E-07  1.926714E-04 -1.074156E-02  2.050458E-08  2.050617E-08
  6.660000E+02 -1.212796E-07  1.067820E-04 -6.587724E-07  1.920438E-04 -1.778450E-02  2.050358E-08  2.050818E-08
  6.670000E+02 -3.491955E-10  1.062668E-04  2.374142E-07  1.929777E-04 -1.728903E-02  2.050405E-08  2.050715E-08
  6.680000E+02  4.420648E-07  1.066509E-04 -3.175459E-07  1.922699E-04 -1.087002E-02  2.050455E-08  2.050671E-08
  6.690000E+02 -2.097933E-08  1.066192E-04 -8.493572E-07  1.923465E-04 -2.058736E-02  2.050347E-08  2.050864E-08
  6.700000E+02 -1.336499E-07  1.062766E-04  1.372356E-07  1.929503E-04 -1.310803E-02  2.050434E-08  2.050614E-08
  6.710000E+02  4.407784E-07  1.068009E-04 -5.594976E-08  1.920029E-04 -1.405354E-02  2.050405E-08  2.050756E-08
  6.720000E+02  1.221099E-07  1.063931E-04 -9.498471E-07  1.927570E-04 -2.022283E-02  2.050382E-08  2.050841E-08
  6.730000E+02 -2.392288E-07  1.064497E-04 -6.657302E-08  1.926297E-04 -1.041149E-02  2.050427E-08  2.050566E-08
  6.740000E+02  3.724324E-07  1.067774E-04  1.997103E-07  1.920500E-04 -1.830193E-02  2.050316E-08  2.050793E-08
  6.750000E+02  2.824429E-07  1.062474E-04 -9.316151E-07  1.930060E-04 -1.686203E-02  2.050348E-08  2.050672E-08
  6.760000E+02 -2.924789E-07  1.066756E-04 -3.417717E-07  1.922152E-04 -1.095834E-02  2.050345E-08  2.050563E-08
  6.770000E+02  2.453192E-07  1.065922E-04  3.953460E-07  1.923831E-04 -2.089589E-02  2.050206E-08  2.050719E-08
  6.780000E+02  4.285946E-07  1.062778E-04 -7.882548E-07  1.929324E-04 -1.259289E-02  2.050282E-08  2.050481E-08
  6.790000E+02 -2.732713E-07  1.068095E-04 -6.413991E-07  1.919682E-04 -1.450947E-02  2.050186E-08  2.050557E-08
  6.800000E+02  7.562811E-08  1.063602E-04  4.799408E-07  1.927948E-04 -2.009146E-02  2.050157E-08  2.050587E-08
  6.810000E+02  5.352455E-07  1.064680E-04 -5.331978E-07  1.925746E-04 -1.015763E-02  2.050198E-08  2.050365E-08
  6.820000E+02 -1.794376E-07  1.067629E-04 -9.175032E-07  1.920560E-04 -1.878329E-02  2.050085E-08  2.050589E-08
  6.830000E+02 -1.063127E-07  1.062308E-04  4.274222E-07  1.930150E-04 -1.640891E-02  2.050139E-08  2.050421E-08
  6.840000E+02  5.791737E-07  1.066927E-04 -2.090343E-07  1.921614E-04 -1.113889E-02  2.050095E-08  2.050345E-08
  6.850000E+02 -2.427270E-08  1.065666E-04 -1.115103E-06  1.924167E-04 -2.102530E-02  2.050066E-08  2.050603E-08
  6.860000E+02 -2.657843E-07  1.062867E-04  2.387952E-07  1.929046E-04 -1.221680E-02  2.050166E-08  2.050331E-08
  6.870000E+02  5.437821E-07  1.068110E-04  1.282903E-07  1.919561E-04 -1.490474E-02  2.050076E-08  2.050470E-08
  6.880000E+02  1.699780E-07  1.063447E-04 -1.185730E-06  1.928217E-04 -1.984186E-02  2.050153E-08  2.050605E-08
  6.890000E+02 -3.763030E-07  1.064906E-04 -6.150381E-08  1.925368E-04 -1.013639E-02  2.050232E-08  2.050382E-08
  6.900000E+02  4.306904E-07  1.067510E-04  4.258214E-07  1.920865E-04 -1.905498E-02  2.050171E-08  2.050676E-08
  6.910000E+02  3.693289E-07  1.062352E-04 -1.108085E-06  1.930169E-04 -1.603816E-02  2.050255E-08  2.050565E-08
  6.920000E+02 -4.130701E-07  1.067091E-04 -4.248677E-07  1.921415E-04 -1.145580E-02  2.050191E-08  2.050442E-08
  6.930000E+02  2.534562E-07  1.065485E-04  6.253050E-07  1.924604E-04 -2.097632E-02  2.050187E-08  2.050698E-08
  6.940000E+02  5.385380E-07  1.063054E-04 -8.833115E-07  1.928773E-04 -1.200599E-02  2.050242E-08  2.050442E-08
  6.950000E+02 -3.615757E-07  1.068064E-04 -7.928261E-07  1.919662E-04 -1.530612E-02  2.050082E-08  2.050488E-08
  6.960000E+02  3.701512E-08  1.063338E-04  6.804167E-07  1.928400E-04 -1.951520E-02  2.050151E-08  2.050561E-08
  6.970000E+02  6.503270E-07  1.065095E-04 -5.405335E-07  1.925018E-04 -1.022466E-02  2.050219E-08  2.050409E-08
  6.980000E+02 -2.274940E-07  1.067332E-04 -1.107951E-06  1.921178E-04 -1.923398E-02  2.050155E-08  2.050677E-08
  6.990000E+02 -1.800212E-07  1.062411E-04  5.744572E-07  1.930025E-04 -1.571040E-02  2.050227E-08  2.050493E-08
  7.000000E+02  6.794890E-07  1.067163E-04 -1.371109E-07  1.921298E-04 -1.174444E-02  2.050198E-08  2.050481E-08
  7.010000E+02 -2.850745E-08  1.065370E-04 -1.308222E-06  1.924904E-04 -2.082761E-02  2.050290E-08  2.050822E-08
  7.020000E+02 -3.581734E-07  1.063229E-04  3.135844E-07  1.928524E-04 -1.194752E-02  2.050315E-08  2.050481E-08
  7.030000E+02  6.143256E-07  1.068007E-04  2.581757E-07  1.919889E-04 -1.551273E-02  2.050208E-08  2.050623E-08
  7.040000E+02  2.044568E-07  1.063384E-04 -1.348498E-06  1.928479E-04 -1.923532E-02  2.050334E-08  2.050773E-08
  7.050000E+02 -4.702681E-07  1.065253E-04 -6.128462E-08  1.924911E-04 -1.042998E-02  2.050405E-08  2.050576E-08
  7.060000E+02  4.654184E-07  1.067228E-04  5.845710E-07  1.921558E-04 -1.921366E-02  2.050362E-08  2.050867E-08
  7.070000E+02  4.317020E-07  1.062607E-04 -1.220897E-06  1.929893E-04 -1.552195E-02  2.050470E-08  2.050776E-08
  7.080000E+02 -4.944442E-07  1.067222E-04 -4.882601E-07  1.921438E-04 -1.207607E-02  2.050452E-08  2.050730E-08
  7.090000E+02  2.519758E-07  1.065301E-04  7.854980E-07  1.925235E-04 -2.058186E-02  2.050521E-08  2.051016E-08
  7.100000E+02  6.163285E-07  1.063482E-04 -9.364156E-07  1.928290E-04 -1.196789E-02  2.050555E-08  2.050768E-08
  7.110000E+02 -4.197025E-07  1.067915E-04 -9.031021E-07  1.920244E-04 -1.578208E-02  2.050402E-08  2.050822E-08
  7.120000E+02  6.611169E-09  1.063408E-04  8.159708E-07  1.928550E-04 -1.887693E-02  2.050470E-08  2.050861E-08
  7.130000E+02  7.280987E-07  1.065412E-04 -5.370639E-07  1.924721E-04 -1.068393E-02  2.050503E-08  2.050719E-08
  7.140000E+02 -2.578226E-07  1.067032E-04 -1.238201E-06  1.921945E-04 -1.922124E-02  2.050397E-08  2.050914E-08
  7.150000E+02 -2.286923E-07  1.062742E-04  6.688017E-07  1.929637E-04 -1.526250E-02  2.050467E-08  2.050725E-08
  7.160000E+02  7.454121E-07  1.067191E-04 -8.939038E-08  1.921455E-04 -1.243903E-02  2.050400E-08  2.050708E-08
  7.170000E+02 -3.052020E-08  1.065155E-04 -1.435686E-06  1.925441E-04 -2.028027E-02  2.050472E-08  2.050984E-08
  7.180000E+02 -4.177294E-07  1.063668E-04  3.603929E-07  1.927892E-04 -1.201335E-02  2.050490E-08  2.050668E-08
  7.190000E+02  6.624912E-07  1.067721E-04  3.399648E-07  1.920535E-04 -1.598966E-02  2.050333E-08  2.050757E-08
  7.200000E+02  2.262762E-07  1.063445E-04 -1.458393E-06  1.928438E-04 -1.847403E-02  2.050437E-08  2.050857E-08
  7.210000E+02 -5.313093E-07  1.065515E-04 -6.001090E-08  1.924494E-04 -1.104283E-02  2.050453E-08  2.050649E-08
  7.220000E+02  4.932913E-07  1.066793E-04  6.838724E-07  1.922333E-04 -1.909192E-02  2.050358E-08  2.050849E-08
  7.230000E+02  4.690233E-07  1.062963E-04 -1.302269E-06  1.929228E-04 -1.505612E-02  2.050466E-08  2.050768E-08
  7.240000E+02 -5.479004E-07  1.067105E-04 -5.227605E-07  1.921596E-04 -1.289720E-02  2.050375E-08  2.050675E-08
  7.250000E+02  2.595185E-07  1.065012E-04  8.846022E-07  1.925643E-04 -1.983444E-02  2.050429E-08  2.050891E-08
  7.260000E+02  6.603582E-07  1.063939E-04 -9.828610E-07  1.927388E-04 -1.217577E-02  2.050472E-08  2.050704E-08
  7.270000E+02 -4.605083E-07  1.067443E-04 -9.598275E-07  1.920985E-04 -1.625698E-02  2.050270E-08  2.050694E-08
  7.280000E+02 -2.777077E-09  1.063489E-04  9.025250E-07  1.928249E-04 -1.793501E-02  2.050342E-08  2.050702E-08
  7.290000E+02  7.712032E-07  1.065625E-04 -5.497348E-07  1.924155E-04 -1.156521E-02  2.050292E-08  2.050540E-08
  7.300000E+02 -2.837689E-07  1.066443E-04 -1.303815E-06  1.922812E-04 -1.890362E-02  2.050203E-08  2.050695E-08
  7.310000E+02 -2.474969E-07  1.063191E-04  7.330767E-07  1.928624E-04 -1.479305E-02  2.050271E-08  2.050521E-08
  7.320000E+02  7.813733E-07  1.066914E-04 -7.850532E-08  1.921695E-04 -1.346815E-02  2.050098E-08  2.050430E-08
  7.330000E+02 -4.360733E-08  1.064840E-04 -1.496587E-06  1.925744E-04 -1.924028E-02  2.050230E-08  2.050700E-08
  7.340000E+02 -4.385359E-07  1.064188E-04  4.009628E-07  1.926757E-04 -1.243410E-02  2.050272E-08  2.050471E-08
  7.350000E+02  6.903205E-07  1.067069E-04  3.606184E-07  1.921479E-04 -1.643914E-02  2.050074E-08  2.050493E-08
  7.360000E+02  2.201408E-07  1.063635E-04 -1.508397E-06  1.927851E-04 -1.736873E-02  2.050221E-08  2.050607E-08
  7.370000E+02 -5.478694E-07  1.065695E-04 -3.609191E-08  1.923959E-04 -1.219856E-02  2.050202E-08  2.050433E-08
  7.380000E+02  5.132163E-07  1.066115E-04  7.019123E-07  1.923335E-04 -1.853832E-02  2.050145E-08  2.050597E-08
  7.390000E+02  4.641677E-07  1.063555E-04 -1.337737E-06  1.927926E-04 -1.466423E-02  2.050236E-08  2.050534E-08
  7.400000E+02 -5.568154E-07  1.066698E-04 -5.068477E-07  1.922078E-04 -1.405582E-02  2.050073E-08  2.050394E-08
  7.410000E+02  2.744535E-07  1.064743E-04  8.912842E-07  1.925862E-04 -1.852532E-02  2.050197E-08  2.050605E-08
  7.420000E+02  6.524672E-07  1.064530E-04 -1.006386E-06  1.926135E-04 -1.285243E-02  2.050258E-08  2.050518E-08
  7.430000E+02 -4.646929E-07  1.066678E-04 -9.413843E-07  1.922185E-04 -1.660954E-02  2.050070E-08  2.050478E-08
  7.440000E+02  1.416684E-08  1.063836E-04  8.985106E-07  1.927460E-04 -1.672337E-02  2.050215E-08  2.050536E-08
  7.450000E+02  7.564070E-07  1.065801E-04 -5.722173E-07  1.923783E-04 -1.294283E-02  2.050198E-08  2.050485E-08
  7.460000E+02 -2.885620E-07  1.065798E-04 -1.271430E-06  1.923946E-04 -1.815265E-02  2.050200E-08  2.050643E-08
  7.470000E+02 -2.231218E-07  1.063934E-04  7.249026E-07  1.927276E-04 -1.449575E-02  2.050278E-08  2.050527E-08
  7.480000E+02  7.601023E-07  1.066503E-04 -1.108586E-07  1.922473E-04 -1.465663E-02  2.050103E-08  2.050453E-08
  7.490000E+02 -5.535212E-08  1.064693E-04 -1.446537E-06  1.925973E-04 -1.786158E-02  2.050243E-08  2.050655E-08
  7.500000E+02 -4.038669E-07  1.064818E-04  3.989726E-07  1.925656E-04 -1.323122E-02  2.050293E-08  2.050521E-08
  7.510000E+02  6.680950E-07  1.066350E-04  3.088225E-07  1.922839E-04 -1.667506E-02  2.050134E-08  2.050533E-08
  7.520000E+02  1.962409E-07  1.064097E-04 -1.447730E-06  1.927051E-04 -1.625238E-02  2.050299E-08  2.050647E-08
  7.530000E+02 -5.034482E-07  1.065837E-04 -2.133312E-08  1.923836E-04 -1.357937E-02  2.050306E-08  2.050572E-08
  7.540000E+02  4.972292E-07  1.065590E-04  6.265551E-07  1.924443E-04 -1.767879E-02  2.050347E-08  2.050747E-08
  7.550000E+02  4.258130E-07  1.064353E-04 -1.278864E-06  1.926688E-04 -1.453062E-02  2.050460E-08  2.050758E-08
  7.560000E+02 -5.071458E-07  1.066281E-04 -4.676006E-07  1.923070E-04 -1.511785E-02  2.050298E-08  2.050629E-08
  7.570000E+02  2.741510E-07  1.064754E-04  7.943729E-07  1.926021E-04 -1.715981E-02  2.050436E-08  2.050789E-08
  7.580000E+02  5.996733E-07  1.065145E-04 -9.677896E-07  1.925270E-04 -1.377757E-02  2.050497E-08  2.050786E-08
  7.590000E+02 -4.175931E-07  1.065992E-04 -8.720513E-07  1.923651E-04 -1.665401E-02  2.050311E-08  2.050690E-08
  7.600000E+02  3.592513E-08  1.064421E-04  7.907436E-07  1.926607E-04 -1.572078E-02  2.050468E-08  2.050759E-08
  7.610000E+02  6.915336E-07  1.065882E-04 -5.680654E-07  1.923902E-04 -1.436959E-02  2.050441E-08  2.050760E-08
  7.620000E+02 -2.528639E-07  1.065317E-04 -1.170268E-06  1.925039E-04 -1.712875E-02  2.050476E-08  2.050860E-08
  7.630000E+02 -1.790580E-07  1.064799E-04  6.233747E-07  1.926012E-04 -1.449321E-02  2.050599E-08  2.050856E-08
  7.640000E+02  6.903298E-07  1.066031E-04 -1.467984E-07  1.923635E-04 -1.570284E-02  2.050402E-08  2.050757E-08
  7.650000E+02 -4.197805E-08  1.064757E-04 -1.319724E-06  1.926080E-04 -1.639059E-02  2.050532E-08  2.050882E-08
  7.660000E+02 -3.398843E-07  1.065466E-04  3.267604E-07  1.924804E-04 -1.427462E-02  2.050605E-08  2.050869E-08
  7.670000E+02  6.049474E-07  1.065621E-04  2.291622E-07  1.924425E-04 -1.666856E-02  2.050422E-08  2.050789E-08
  7.680000E+02  1.787949E-07  1.064725E-04 -1.311686E-06  1.926119E-04 -1.521896E-02  2.050550E-08  2.050864E-08
  7.690000E+02 -4.252161E-07  1.065880E-04 -4.353420E-08  1.923993E-04 -1.508996E-02  2.050512E-08  2.050816E-08
  7.700000E+02  4.524228E-07  1.065059E-04  5.058266E-07  1.925540E-04 -1.656543E-02  2.050533E-08  2.050872E-08
  7.710000E+02  3.755146E-07  1.065213E-04 -1.155036E-06  1.925284E-04 -1.457506E-02  2.050619E-08  2.050923E-08
  7.720000E+02 -4.240482E-07  1.065697E-04 -4.290611E-07  1.924233E-04 -1.619111E-02  2.050381E-08  2.050720E-08
  7.730000E+02  2.585122E-07  1.064765E-04  6.431332E-07  1.925988E-04 -1.558676E-02  2.050475E-08  2.050769E-08
  7.740000E+02  5.212501E-07  1.065744E-04 -8.807535E-07  1.924249E-04 -1.491548E-02  2.050528E-08  2.050852E-08
  7.750000E+02 -3.442418E-07  1.065134E-04 -7.714978E-07  1.925198E-04 -1.660816E-02  2.050312E-08  2.050658E-08
  7.760000E+02  5.785877E-08  1.065022E-04  6.315155E-07  1.925456E-04 -1.463098E-02  2.050434E-08  2.050698E-08
  7.770000E+02  5.956665E-07  1.065844E-04 -5.419450E-07  1.923957E-04 -1.597011E-02  2.050375E-08  2.050731E-08
  7.780000E+02 -2.037900E-07  1.064697E-04 -1.018126E-06  1.926056E-04 -1.592898E-02  2.050405E-08  2.050723E-08
  7.790000E+02 -1.180648E-07  1.065631E-04  4.835035E-07  1.924400E-04 -1.457274E-02  2.050482E-08  2.050755E-08
  7.800000E+02  5.925373E-07  1.065347E-04 -1.956730E-07  1.924755E-04 -1.679464E-02  2.050243E-08  2.050607E-08
  7.810000E+02 -2.961243E-08  1.064741E-04 -1.137392E-06  1.925904E-04 -1.473919E-02  2.050366E-08  2.050652E-08
  7.820000E+02 -2.460242E-07  1.066003E-04  2.350125E-07  1.923660E-04 -1.552092E-02  2.050381E-08  2.050693E-08
  7.830000E+02  5.216281E-07  1.064666E-04  1.055975E-07  1.925925E-04 -1.655378E-02  2.050186E-08  2.050519E-08
  7.840000E+02  1.476462E-07  1.065337E-04 -1.126332E-06  1.924776E-04 -1.410946E-02  2.050331E-08  2.050613E-08
  7.850000E+02 -3.120571E-07  1.065752E-04 -6.408244E-08  1.924027E-04 -1.678157E-02  2.050248E-08  2.050597E-08
  7.860000E+02  3.995831E-07  1.064388E-04  3.225815E-07  1.926462E-04 -1.526292E-02  2.050264E-08  2.050541E-08
  7.870000E+02  3.011237E-07  1.066054E-04 -9.981561E-07  1.923513E-04 -1.471890E-02  2.050347E-08  2.050665E-08
  7.880000E+02 -3.095036E-07  1.064936E-04 -3.660466E-07  1.925396E-04 -1.728358E-02  2.050118E-08  2.050469E-08
  7.890000E+02  2.489177E-07  1.064772E-04  4.260474E-07  1.925691E-04 -1.387241E-02  2.050225E-08  2.050462E-08
  7.900000E+02  4.096892E-07  1.066261E-04 -7.816822E-07  1.923084E-04 -1.626259E-02  2.050238E-08  2.050608E-08
  7.910000E+02 -2.454903E-07  1.064160E-04 -6.244280E-07  1.926722E-04 -1.641431E-02  2.050064E-08  2.050374E-08
  7.920000E+02  9.609554E-08  1.065677E-04  4.108810E-07  1.924040E-04 -1.354692E-02  2.050217E-08  2.050461E-08
  7.930000E+02  4.609478E-07  1.065687E-04 -5.197373E-07  1.924069E-04 -1.769173E-02  2.050134E-08  2.050532E-08
  7.940000E+02 -1.368536E-07  1.064054E-04 -8.028687E-07  1.926934E-04 -1.459149E-02  2.050143E-08  2.050397E-08
  7.950000E+02 -3.428129E-08  1.066476E-04  2.922958E-07  1.922658E-04 -1.475652E-02  2.050246E-08  2.050545E-08
  7.960000E+02  4.539066E-07  1.064610E-04 -2.597161E-07  1.925953E-04 -1.784523E-02  2.050062E-08  2.050435E-08
  7.970000E+02 -7.928451E-09  1.064785E-04 -8.819088E-07  1.925599E-04 -1.308772E-02  2.050174E-08  2.050401E-08
  7.980000E+02 -1.226497E-07  1.066505E-04  1.037958E-07  1.922616E-04 -1.681787E-02  2.050189E-08  2.050556E-08
  7.990000E+02  3.975672E-07  1.063805E-04 -4.635438E-08  1.927396E-04 -1.634097E-02  2.050100E-08  2.050401E-08
  8.000000E+02  1.168114E-07  1.065998E-04 -8.615332E-07  1.923522E-04 -1.312289E-02  2.050294E-08  2.050551E-08
  8.010000E+02 -1.610049E-07  1.065638E-04 -1.125227E-07  1.924255E-04 -1.835313E-02  2.050213E-08  2.050610E-08
  8.020000E+02  3.100920E-07  1.063907E-04  9.162019E-08  1.927287E-04 -1.404962E-02  2.050251E-08  2.050476E-08
  8.030000E+02  2.181549E-07  1.066859E-04 -7.634292E-07  1.922113E-04 -1.491596E-02  2.050394E-08  2.050728E-08
  8.040000E+02 -1.515019E-07  1.064351E-04 -3.175413E-07  1.926607E-04 -1.814353E-02  2.050249E-08  2.050612E-08
  8.050000E+02  2.121790E-07  1.064936E-04  1.435215E-07  1.925456E-04 -1.250486E-02  2.050327E-08  2.050524E-08
  8.060000E+02  2.818450E-07  1.066718E-04 -6.178084E-07  1.922424E-04 -1.740274E-02  2.050374E-08  2.050782E-08
  8.070000E+02 -1.041635E-07  1.063517E-04 -4.761649E-07  1.928108E-04 -1.610537E-02  2.050310E-08  2.050592E-08
  8.080000E+02  1.203708E-07  1.066361E-04  1.170410E-07  1.923018E-04 -1.284965E-02  2.050463E-08  2.050703E-08
  8.090000E+02  3.036226E-07  1.065570E-04 -4.539541E-07  1.924543E-04 -1.900569E-02  2.050365E-08  2.050795E-08
  8.100000E+02 -3.455660E-08  1.063767E-04 -5.688590E-07  1.927662E-04 -1.342382E-02  2.050400E-08  2.050605E-08
  8.110000E+02  4.817157E-08  1.067244E-04  3.289835E-08  1.921564E-04 -1.510088E-02  2.050544E-08  2.050876E-08
  8.120000E+02  2.890303E-07  1.064083E-04 -3.022637E-07  1.927233E-04 -1.849057E-02  2.050386E-08  2.050762E-08
  8.130000E+02  3.899168E-08  1.065063E-04 -5.932689E-07  1.925347E-04 -1.185853E-02  2.050471E-08  2.050659E-08
  8.140000E+02  5.625230E-09  1.066914E-04 -8.029782E-08  1.922213E-04 -1.795160E-02  2.050506E-08  2.050922E-08
  8.150000E+02  2.492779E-07  1.063246E-04 -1.904476E-07  1.928729E-04 -1.593777E-02  2.050453E-08  2.050725E-08
  8.160000E+02  1.008254E-07  1.066686E-04 -5.600450E-07  1.922551E-04 -1.258826E-02  2.050596E-08  2.050846E-08
  8.170000E+02 -4.974194E-09  1.065475E-04 -1.935838E-07  1.924838E-04 -1.955344E-02  2.050474E-08  2.050909E-08
  8.180000E+02  2.010216E-07  1.063678E-04 -1.349822E-07  1.927898E-04 -1.288474E-02  2.050492E-08  2.050677E-08
  8.190000E+02  1.424490E-07  1.067547E-04 -4.956433E-07  1.921080E-04 -1.537073E-02  2.050601E-08  2.050961E-08
  8.200000E+02  9.906095E-09  1.063794E-04 -2.856908E-07  1.927834E-04 -1.865125E-02  2.050462E-08  2.050832E-08
  8.210000E+02  1.586840E-07  1.065228E-04 -1.336031E-07  1.925090E-04 -1.133586E-02  2.050528E-08  2.050700E-08
  8.220000E+02  1.585456E-07  1.067022E-04 -4.244394E-07  1.922081E-04 -1.853879E-02  2.050551E-08  2.051000E-08
  8.230000E+02  4.041861E-08  1.062966E-04 -3.391327E-07  1.929272E-04 -1.563023E-02  2.050501E-08  2.050758E-08
  8.240000E+02  1.305687E-07  1.066992E-04 -1.730311E-07  1.921996E-04 -1.242586E-02  2.050596E-08  2.050845E-08
  8.250000E+02  1.516334E-07  1.065324E-04 -3.644838E-07  1.925120E-04 -2.008651E-02  2.050463E-08  2.050921E-08
  8.260000E+02  7.149397E-08  1.063567E-04 -3.479860E-07  1.928064E-04 -1.229550E-02  2.050470E-08  2.050638E-08
  8.270000E+02  1.204030E-07  1.067803E-04 -2.264812E-07  1.920552E-04 -1.565654E-02  2.050521E-08  2.050895E-08
  8.280000E+02  1.313832E-07  1.063467E-04 -3.300273E-07  1.928329E-04 -1.883624E-02  2.050351E-08  2.050727E-08
  8.290000E+02  9.047738E-08  1.065340E-04 -3.220523E-07  1.924779E-04 -1.079802E-02  2.050424E-08  2.050588E-08
  8.300000E+02  1.266420E-07  1.067079E-04 -2.680945E-07  1.921879E-04 -1.908951E-02  2.050424E-08  2.050893E-08
  8.310000E+02  1.094035E-07  1.062657E-04 -3.264052E-07  1.929665E-04 -1.539062E-02  2.050330E-08  2.050579E-08
  8.320000E+02  9.080584E-08  1.067229E-04 -2.793074E-07  1.921408E-04 -1.225331E-02  2.050428E-08  2.050684E-08
  8.330000E+02  1.439605E-07  1.065157E-04 -2.812039E-07  1.925322E-04 -2.054214E-02  2.050338E-08  2.050810E-08
  8.340000E+02  1.005899E-07  1.063452E-04 -3.539268E-07  1.928104E-04 -1.182382E-02  2.050304E-08  2.050459E-08
  8.350000E+02  7.133629E-08  1.067977E-04 -2.480568E-07  1.920056E-04 -1.592275E-02  2.050315E-08  2.050707E-08
  8.360000E+02  1.644121E-07  1.063186E-04 -2.578536E-07  1.928722E-04 -1.890997E-02  2.050224E-08  2.050600E-08
  8.370000E+02  1.121330E-07  1.065449E-04 -4.022297E-07  1.924446E-04 -1.042014E-02  2.050287E-08  2.050448E-08
  8.380000E+02  3.797883E-08  1.067075E-04 -2.466164E-07  1.921743E-04 -1.957110E-02  2.050252E-08  2.050739E-08
  8.390000E+02  1.776550E-07  1.062414E-04 -2.021561E-07  1.929950E-04 -1.509848E-02  2.050173E-08  2.050411E-08
  8.400000E+02  1.428692E-07  1.067434E-04 -4.502522E-07  1.920898E-04 -1.217216E-02  2.050280E-08  2.050548E-08
  8.410000E+02  3.700871E-09  1.064990E-04 -2.820454E-07  1.925509E-04 -2.092991E-02  2.050199E-08  2.050683E-08
  8.420000E+02  1.703658E-07  1.063357E-04 -1.298782E-07  1.928121E-04 -1.137903E-02  2.050148E-08  2.050291E-08
  8.430000E+02  1.889902E-07  1.068124E-04 -4.691993E-07  1.919657E-04 -1.612434E-02  2.050165E-08  2.050579E-08
  8.440000E+02 -2.116189E-08  1.062956E-04 -3.543374E-07  1.929021E-04 -1.901278E-02  2.050095E-08  2.050472E-08
  8.450000E+02  1.370136E-07  1.065542E-04 -5.724970E-08  1.924198E-04 -1.007514E-02  2.050210E-08  2.050363E-08
  8.460000E+02  2.438573E-07  1.067076E-04 -4.434760E-07  1.921675E-04 -1.991880E-02  2.050166E-08  2.050677E-08
  8.470000E+02 -2.791607E-08  1.062269E-04 -4.567681E-07  1.930140E-04 -1.490636E-02  2.050100E-08  2.050334E-08
  8.480000E+02  8.125075E-08  1.067616E-04 -3.899922E-09  1.920559E-04 -1.214349E-02  2.050269E-08  2.050537E-08
  8.490000E+02  2.923175E-07  1.064874E-04 -3.693165E-07  1.925771E-04 -2.113420E-02  2.050245E-08  2.050744E-08
  8.500000E+02 -4.202497E-09  1.063408E-04 -5.686028E-07  1.928071E-04 -1.110303E-02  2.050200E-08  2.050343E-08
  8.510000E+02  9.620182E-09  1.068232E-04  1.292728E-09  1.919521E-04 -1.640166E-02  2.050218E-08  2.050635E-08
  8.520000E+02  3.204432E-07  1.062833E-04 -2.494895E-07  1.929371E-04 -1.889769E-02  2.050234E-08  2.050614E-08
  8.530000E+02  5.380191E-08  1.065742E-04 -6.653583E-07  1.923963E-04 -9.966506E-03  2.050347E-08  2.050513E-08
  8.540000E+02 -6.729282E-08  1.067018E-04 -5.676783E-08  1.921864E-04 -2.024538E-02  2.050243E-08  2.050754E-08
  8.550000E+02  3.192359E-07  1.062242E-04 -9.821664E-08  1.930292E-04 -1.455632E-02  2.050220E-08  2.050447E-08
  8.560000E+02  1.375361E-07  1.067816E-04 -7.232751E-07  1.920326E-04 -1.229744E-02  2.050400E-08  2.050695E-08
  8.570000E+02 -1.319307E-07  1.064725E-04 -1.739796E-07  1.926156E-04 -2.123848E-02  2.050365E-08  2.050856E-08
  8.580000E+02  2.808401E-07  1.063526E-04  5.582292E-08  1.927949E-04 -1.080908E-02  2.050304E-08  2.050440E-08
  8.590000E+02  2.348989E-07  1.068303E-04 -7.182804E-07  1.919528E-04 -1.668881E-02  2.050353E-08  2.050801E-08
  8.600000E+02 -1.681699E-07  1.062754E-04 -3.382855E-07  1.929678E-04 -1.872251E-02  2.050413E-08  2.050780E-08
  8.610000E+02  2.037274E-07  1.065934E-04  1.821999E-07  1.923739E-04 -9.967447E-03  2.050478E-08  2.050641E-08
  8.620000E+02  3.309758E-07  1.066928E-04 -6.366491E-07  1.922163E-04 -2.041906E-02  2.050381E-08  2.050916E-08
  8.630000E+02 -1.630831E-07  1.062323E-04 -5.298262E-07  1.930298E-04 -1.426724E-02  2.050392E-08  2.050611E-08
  8.640000E+02  9.734282E-08  1.067952E-04  2.488355E-07  1.920229E-04 -1.259579E-02  2.050549E-08  2.050842E-08
  8.650000E+02  4.067942E-07  1.064580E-04 -4.831929E-07  1.926575E-04 -2.112031E-02  2.050537E-08  2.051038E-08
  8.660000E+02 -1.088962E-07  1.063758E-04 -7.170967E-07  1.927701E-04 -1.064525E-02  2.050491E-08  2.050634E-08
  8.670000E+02 -2.391085E-08  1.068290E-04  2.301597E-07  1.919719E-04 -1.708500E-02  2.050516E-08  2.050958E-08
  8.680000E+02  4.458361E-07  1.062690E-04 -2.741858E-07  1.929951E-04 -1.834949E-02  2.050596E-08  2.050963E-08
  8.690000E+02 -9.010731E-09  1.066195E-04 -8.653478E-07  1.923431E-04 -1.009555E-02  2.050647E-08  2.050835E-08
  8.700000E+02 -1.395356E-07  1.066772E-04  1.180679E-07  1.922589E-04 -2.064009E-02  2.050527E-08  2.051045E-08
  8.710000E+02  4.353996E-07  1.062412E-04 -4.056821E-08  1.930268E-04 -1.384179E-02  2.050543E-08  2.050757E-08
  8.720000E+02  1.204079E-07  1.068087E-04 -9.381037E-07  1.920084E-04 -1.297650E-02  2.050645E-08  2.050975E-08
  8.730000E+02 -2.259086E-07  1.064376E-04 -7.283353E-08  1.926999E-04 -2.101735E-02  2.050600E-08  2.051076E-08
  8.740000E+02  3.697218E-07  1.063950E-04  1.756139E-07  1.927391E-04 -1.041554E-02  2.050537E-08  2.050675E-08
  8.750000E+02  2.593942E-07  1.068232E-04 -9.097223E-07  1.919845E-04 -1.747134E-02  2.050528E-08  2.051008E-08
  8.760000E+02 -2.666389E-07  1.062573E-04 -3.153013E-07  1.930109E-04 -1.802972E-02  2.050548E-08  2.050891E-08
  8.770000E+02  2.557742E-07  1.066351E-04  3.372895E-07  1.923071E-04 -1.018283E-02  2.050561E-08  2.050745E-08
  8.780000E+02  3.860842E-07  1.066575E-04 -7.780977E-07  1.922874E-04 -2.077371E-02  2.050447E-08  2.050993E-08
  8.790000E+02 -2.509425E-07  1.062460E-04 -5.743435E-07  1.930062E-04 -1.355125E-02  2.050425E-08  2.050629E-08
  8.800000E+02  1.105665E-07  1.068090E-04  4.111258E-07  1.919934E-04 -1.330488E-02  2.050481E-08  2.050802E-08
  8.810000E+02  4.782979E-07  1.064174E-04 -5.605252E-07  1.927224E-04 -2.080805E-02  2.050459E-08  2.050948E-08
  8.820000E+02 -1.747467E-07  1.064130E-04 -8.095188E-07  1.926946E-04 -1.037339E-02  2.050409E-08  2.050557E-08
  8.830000E+02 -4.509810E-08  1.068061E-04  3.741827E-07  1.920020E-04 -1.780437E-02  2.050373E-08  2.050834E-08
  8.840000E+02  5.207141E-07  1.062484E-04 -2.866564E-07  1.930096E-04 -1.760606E-02  2.050378E-08  2.050723E-08
  8.850000E+02 -4.791112E-08  1.066511E-04 -9.837688E-07  1.922632E-04 -1.044977E-02  2.050396E-08  2.050609E-08
  8.860000E+02 -1.848059E-07  1.066314E-04  2.267265E-07  1.923220E-04 -2.086410E-02  2.050310E-08  2.050828E-08
  8.870000E+02  5.039027E-07  1.062525E-04 -1.355189E-09  1.929784E-04 -1.316922E-02  2.050267E-08  2.050469E-08
  8.880000E+02  1.077251E-07  1.068097E-04 -1.062932E-06  1.919750E-04 -1.372231E-02  2.050286E-08  2.050647E-08
  8.890000E+02 -2.837473E-07  1.063957E-04 -6.396035E-09  1.927464E-04 -2.059594E-02  2.050304E-08  2.050760E-08
  8.900000E+02  4.245964E-07  1.064291E-04  2.492152E-07  1.926535E-04 -1.024924E-02  2.050287E-08  2.050433E-08
  8.910000E+02  2.726577E-07  1.067902E-04 -1.026578E-06  1.920157E-04 -1.813297E-02  2.050203E-08  2.050703E-08
  8.920000E+02 -3.280098E-07  1.062418E-04 -2.970591E-07  1.930051E-04 -1.725260E-02  2.050216E-08  2.050534E-08
  8.930000E+02  2.925072E-07  1.066640E-04  4.308577E-07  1.922315E-04 -1.063419E-02  2.050302E-08  2.050510E-08
  8.940000E+02  4.203266E-07  1.066092E-04 -8.745791E-07  1.923538E-04 -2.089096E-02  2.050222E-08  2.050767E-08
  8.950000E+02 -3.083640E-07  1.062637E-04 -5.999686E-07  1.929459E-04 -1.294031E-02  2.050143E-08  2.050335E-08
  8.960000E+02  1.281378E-07  1.068065E-04  5.107647E-07  1.919733E-04 -1.406424E-02  2.050197E-08  2.050544E-08
  8.970000E+02  5.237449E-07  1.063812E-04 -6.276017E-07  1.927664E-04 -2.030075E-02  2.050250E-08  2.050720E-08
  8.980000E+02 -2.215493E-07  1.064488E-04 -8.646989E-07  1.926114E-04 -1.032759E-02  2.050216E-08  2.050374E-08
  8.990000E+02 -4.592271E-08  1.067693E-04  4.662989E-07  1.920449E-04 -1.837500E-02  2.050104E-08  2.050575E-08
  9.000000E+02  5.674887E-07  1.062447E-04 -3.187155E-07  1.929937E-04 -1.681144E-02  2.050166E-08  2.050488E-08
  9.010000E+02 -8.079569E-08  1.066794E-04 -1.051564E-06  1.922036E-04 -1.101877E-02  2.050292E-08  2.050532E-08
  9.020000E+02 -2.024051E-07  1.065822E-04  3.037014E-07  1.924003E-04 -2.081156E-02  2.050201E-08  2.050704E-08
  9.030000E+02  5.461130E-07  1.062869E-04  2.674090E-09  1.929060E-04 -1.263022E-02  2.050174E-08  2.050368E-08
  9.040000E+02  8.847594E-08  1.068060E-04 -1.131617E-06  1.919815E-04 -1.459783E-02  2.050260E-08  2.050649E-08
  9.050000E+02 -3.110113E-07  1.063648E-04  5.087238E-08  1.928036E-04 -1.986421E-02  2.050346E-08  2.050769E-08
  9.060000E+02  4.594380E-07  1.064814E-04  2.774487E-07  1.925634E-04 -1.037853E-02  2.050332E-08  2.050493E-08
  9.070000E+02  2.622447E-07  1.067496E-04 -1.087215E-06  1.920914E-04 -1.874213E-02  2.050208E-08  2.050717E-08
  9.080000E+02 -3.555056E-07  1.062517E-04 -2.569031E-07  1.929944E-04 -1.623071E-02  2.050329E-08  2.050613E-08
  9.090000E+02  3.203015E-07  1.067031E-04  4.646175E-07  1.921782E-04 -1.145482E-02  2.050466E-08  2.050708E-08
  9.100000E+02  4.159102E-07  1.065567E-04 -9.257519E-07  1.924635E-04 -2.073761E-02  2.050386E-08  2.050911E-08
  9.110000E+02 -3.309479E-07  1.063181E-04 -5.750749E-07  1.928689E-04 -1.229216E-02  2.050391E-08  2.050570E-08
  9.120000E+02  1.502686E-07  1.068065E-04  5.389962E-07  1.920049E-04 -1.515057E-02  2.050502E-08  2.050879E-08
  9.130000E+02  5.241012E-07  1.063540E-04 -6.711352E-07  1.928448E-04 -1.937600E-02  2.050597E-08  2.051027E-08
  9.140000E+02 -2.394403E-07  1.065186E-04 -8.525165E-07  1.925162E-04 -1.055643E-02  2.050542E-08  2.050718E-08
  9.150000E+02 -2.570132E-08  1.067274E-04  4.867282E-07  1.921548E-04 -1.902407E-02  2.050448E-08  2.050924E-08
  9.160000E+02  5.692868E-07  1.062682E-04 -3.595529E-07  1.929890E-04 -1.562380E-02  2.050609E-08  2.050893E-08
  9.170000E+02 -9.758254E-08  1.067251E-04 -1.042996E-06  1.921588E-04 -1.207561E-02  2.050667E-08  2.050945E-08
  9.180000E+02 -1.799741E-07  1.065262E-04  3.203809E-07  1.925345E-04 -2.053106E-02  2.050564E-08  2.051039E-08
  9.190000E+02  5.449871E-07  1.063560E-04 -4.037927E-08  1.928198E-04 -1.194938E-02  2.050608E-08  2.050790E-08
  9.200000E+02  6.986621E-08  1.068001E-04 -1.116019E-06  1.920315E-04 -1.586962E-02  2.050640E-08  2.051060E-08
  9.210000E+02 -2.854907E-07  1.063342E-04  6.889227E-08  1.928837E-04 -1.876367E-02  2.050652E-08  2.051026E-08
  9.220000E+02  4.556118E-07  1.065574E-04  2.302974E-07  1.924523E-04 -1.069869E-02  2.050605E-08  2.050789E-08
  9.230000E+02  2.381336E-07  1.066982E-04 -1.062376E-06  1.922160E-04 -1.940720E-02  2.050524E-08  2.051033E-08
  9.240000E+02 -3.274967E-07  1.062737E-04 -2.299165E-07  1.929759E-04 -1.496601E-02  2.050597E-08  2.050840E-08
  9.250000E+02  3.192181E-07  1.067431E-04  4.106260E-07  1.921241E-04 -1.261390E-02  2.050629E-08  2.050911E-08
  9.260000E+02  3.810747E-07  1.064947E-04 -8.985562E-07  1.925931E-04 -2.038306E-02  2.050589E-08  2.051079E-08
  9.270000E+02 -3.020970E-07  1.063833E-04 -5.277229E-07  1.927690E-04 -1.164217E-02  2.050601E-08  2.050768E-08
  9.280000E+02  1.599662E-07  1.067909E-04  4.755973E-07  1.920488E-04 -1.643139E-02  2.050629E-08  2.051038E-08
  9.290000E+02  4.770299E-07  1.063193E-04 -6.562136E-07  1.929064E-04 -1.826875E-02  2.050625E-08  2.051004E-08
  9.300000E+02 -2.143446E-07  1.065846E-04 -7.785340E-07  1.923999E-04 -1.087082E-02  2.050566E-08  2.050761E-08
  9.310000E+02  5.199869E-10  1.066714E-04  4.187775E-07  1.922629E-04 -1.964776E-02  2.050499E-08  2.050978E-08
  9.320000E+02  5.141296E-07  1.062811E-04 -3.711229E-07  1.929557E-04 -1.446286E-02  2.050541E-08  2.050785E-08
  9.330000E+02 -8.328154E-08  1.067525E-04 -9.454308E-07  1.920987E-04 -1.311443E-02  2.050524E-08  2.050835E-08
  9.340000E+02 -1.354771E-07  1.064647E-04  2.603832E-07  1.926360E-04 -2.019529E-02  2.050476E-08  2.050921E-08
  9.350000E+02  4.901933E-07  1.064063E-04 -8.794903E-08  1.927167E-04 -1.141252E-02  2.050494E-08  2.050665E-08
  9.360000E+02  6.820773E-08  1.067754E-04 -1.007676E-06  1.920610E-04 -1.696760E-02  2.050444E-08  2.050886E-08
  9.370000E+02 -2.249483E-07  1.062988E-04  2.855283E-08  1.929184E-04 -1.776186E-02  2.050377E-08  2.050708E-08
  9.380000E+02  4.105068E-07  1.066091E-04  1.443762E-07  1.923377E-04 -1.102642E-02  2.050371E-08  2.050573E-08
  9.390000E+02  2.149058E-07  1.066389E-04 -9.574518E-07  1.923042E-04 -1.990949E-02  2.050304E-08  2.050808E-08
  9.400000E+02 -2.569081E-07  1.062812E-04 -2.353090E-07  1.929289E-04 -1.391563E-02  2.050273E-08  2.050481E-08
  9.410000E+02  2.933391E-07  1.067623E-04  2.912192E-07  1.920608E-04 -1.357235E-02  2.050297E-08  2.050612E-08
  9.420000E+02  3.336364E-07  1.064333E-04 -8.138005E-07  1.926775E-04 -2.004637E-02  2.050317E-08  2.050777E-08
  9.430000E+02 -2.310179E-07  1.064241E-04 -4.861247E-07  1.926666E-04 -1.113363E-02  2.050311E-08  2.050468E-08
  9.440000E+02  1.597466E-07  1.067653E-04  3.367599E-07  1.920640E-04 -1.745940E-02  2.050265E-08  2.050699E-08
  9.450000E+02  4.085641E-07  1.062833E-04 -6.064978E-07  1.929341E-04 -1.733678E-02  2.050259E-08  2.050595E-08
  9.460000E+02 -1.565272E-07  1.066311E-04 -6.862696E-07  1.922912E-04 -1.112298E-02  2.050296E-08  2.050507E-08
  9.470000E+02  2.852405E-08  1.066162E-04  2.855561E-07  1.923369E-04 -2.017735E-02  2.050206E-08  2.050689E-08
  9.480000E+02  4.339228E-07  1.062869E-04 -3.681465E-07  1.929133E-04 -1.347417E-02  2.050229E-08  2.050439E-08
  9.490000E+02 -5.235526E-08  1.067745E-04 -8.108490E-07  1.920393E-04 -1.396542E-02  2.050290E-08  2.050629E-08
  9.500000E+02 -7.812010E-08  1.064087E-04  1.586172E-07  1.927175E-04 -1.995245E-02  2.050273E-08  2.050698E-08
  9.510000E+02  4.104166E-07  1.064444E-04 -1.426820E-07  1.926249E-04 -1.092464E-02  2.050261E-08  2.050422E-08
  9.520000E+02  6.288512E-08  1.067577E-04 -8.478404E-07  1.920754E-04 -1.789733E-02  2.050225E-08  2.050687E-08
  9.530000E+02 -1.426686E-07  1.062702E-04 -2.026937E-08  1.929523E-04 -1.693817E-02  2.050215E-08  2.050512E-08
  9.540000E+02  3.458271E-07  1.066540E-04  3.003885E-08  1.922456E-04 -1.127208E-02  2.050245E-08  2.050463E-08
  9.550000E+02  1.732085E-07  1.065942E-04 -8.009538E-07  1.923777E-04 -2.036037E-02  2.050210E-08  2.050711E-08
  9.560000E+02 -1.612655E-07  1.062972E-04 -2.226198E-07  1.928965E-04 -1.304586E-02  2.050262E-08  2.050444E-08
  9.570000E+02  2.568117E-07  1.067858E-04  1.304846E-07  1.920259E-04 -1.438009E-02  2.050352E-08  2.050695E-08
  9.580000E+02  2.607813E-07  1.063898E-04 -6.899248E-07  1.927618E-04 -1.975578E-02  2.050388E-08  2.050820E-08
  9.590000E+02 -1.360330E-07  1.064718E-04 -4.120329E-07  1.925885E-04 -1.077534E-02  2.050405E-08  2.050558E-08
  9.600000E+02  1.611743E-07  1.067524E-04  1.499887E-07  1.921052E-04 -1.828516E-02  2.050427E-08  2.050881E-08
  9.610000E+02  3.113549E-07  1.062698E-04 -5.393118E-07  1.929753E-04 -1.648986E-02  2.050465E-08  2.050762E-08
  9.620000E+02 -7.809270E-08  1.066830E-04 -5.526393E-07  1.922191E-04 -1.149346E-02  2.050516E-08  2.050745E-08
  9.630000E+02  7.219213E-08  1.065791E-04  1.007417E-07  1.924336E-04 -2.048729E-02  2.050510E-08  2.050990E-08
  9.640000E+02  3.220598E-07  1.063170E-04 -3.730129E-07  1.928905E-04 -1.263082E-02  2.050590E-08  2.050772E-08
  9.650000E+02 -3.441752E-09  1.067996E-04 -6.273117E-07  1.920282E-04 -1.484087E-02  2.050627E-08  2.050991E-08
  9.660000E+02  3.380053E-09  1.063735E-04  4.297165E-09  1.928111E-04 -1.955169E-02  2.050607E-08  2.051009E-08
  9.670000E+02  2.977931E-07  1.064998E-04 -2.209817E-07  1.925560E-04 -1.064551E-02  2.050601E-08  2.050758E-08
  9.680000E+02  7.167273E-08  1.067441E-04 -6.339306E-07  1.921361E-04 -1.868430E-02  2.050581E-08  2.051054E-08
  9.690000E+02 -3.322364E-08  1.062652E-04 -1.162397E-07  1.929916E-04 -1.606230E-02  2.050564E-08  2.050831E-08
  9.700000E+02  2.495256E-07  1.067048E-04 -1.146568E-07  1.921835E-04 -1.174903E-02  2.050549E-08  2.050788E-08
  9.710000E+02  1.348929E-07  1.065574E-04 -5.850536E-07  1.924803E-04 -2.055979E-02  2.050587E-08  2.051075E-08
  9.720000E+02 -3.529167E-08  1.063318E-04 -2.383782E-07  1.928682E-04 -1.226803E-02  2.050648E-08  2.050810E-08
  9.730000E+02  1.927076E-07  1.068039E-04 -6.971125E-08  1.920234E-04 -1.529541E-02  2.050645E-08  2.051017E-08
  9.740000E+02  1.771547E-07  1.063552E-04 -5.043687E-07  1.928460E-04 -1.928404E-02  2.050635E-08  2.051034E-08
  9.750000E+02 -9.055414E-09  1.065233E-04 -3.399080E-07  1.925166E-04 -1.056583E-02  2.050636E-08  2.050791E-08
  9.760000E+02  1.408348E-07  1.067340E-04 -8.367469E-08  1.921630E-04 -1.902013E-02  2.050662E-08  2.051134E-08
  9.770000E+02  1.940462E-07  1.062628E-04 -4.150908E-07  1.930003E-04 -1.567791E-02  2.050624E-08  2.050885E-08
  9.780000E+02  3.077562E-08  1.067234E-04 -4.016126E-07  1.921578E-04 -1.194913E-02  2.050627E-08  2.050876E-08
  9.790000E+02  1.017119E-07  1.065429E-04 -1.334011E-07  1.925186E-04 -2.062897E-02  2.050713E-08  2.051190E-08
  9.800000E+02  1.880707E-07  1.063430E-04 -3.342844E-07  1.928542E-04 -1.200884E-02  2.050721E-08  2.050882E-08
  9.810000E+02  7.005765E-08  1.068079E-04 -4.182054E-07  1.920209E-04 -1.561974E-02  2.050685E-08  2.051070E-08
  9.820000E+02  8.141374E-08  1.063404E-04 -1.956053E-07  1.928708E-04 -1.912454E-02  2.050622E-08  2.051005E-08
  9.830000E+02  1.662363E-07  1.065365E-04 -2.788733E-07  1.924869E-04 -1.049896E-02  2.050574E-08  2.050732E-08
  9.840000E+02  9.780353E-08  1.067230E-04 -3.954816E-07  1.921731E-04 -1.929321E-02  2.050549E-08  2.051031E-08
  9.850000E+02  8.231334E-08  1.062520E-04 -2.505100E-07  1.930014E-04 -1.540268E-02  2.050435E-08  2.050682E-08
  9.860000E+02  1.400461E-07  1.067302E-04 -2.617790E-07  1.921246E-04 -1.205888E-02  2.050401E-08  2.050656E-08
  9.870000E+02  1.091554E-07  1.065244E-04 -3.524384E-07  1.925302E-04 -2.073619E-02  2.050476E-08  2.050957E-08
  9.880000E+02  9.937249E-08  1.063387E-04 -2.849889E-07  1.928349E-04 -1.176720E-02  2.050439E-08  2.050591E-08
  9.890000E+02  1.206630E-07  1.068064E-04 -2.811849E-07  1.919977E-04 -1.581069E-02  2.050401E-08  2.050794E-08
  9.900000E+02  1.026944E-07  1.063225E-04 -3.098835E-07  1.928767E-04 -1.907506E-02  2.050340E-08  2.050722E-08
  9.910000E+02  1.239360E-07  1.065365E-04 -2.900370E-07  1.924602E-04 -1.035419E-02  2.050293E-08  2.050450E-08
  9.920000E+02  1.159133E-07  1.067175E-04 -3.257998E-07  1.921615E-04 -1.946818E-02  2.050312E-08  2.050801E-08
  9.930000E+02  8.235764E-08  1.062415E-04 -2.859556E-07  1.930021E-04 -1.528249E-02  2.050244E-08  2.050487E-08
  9.940000E+02  1.395459E-07  1.067331E-04 -2.615055E-07  1.921042E-04 -1.202537E-02  2.050239E-08  2.050496E-08
  9.950000E+02  1.283871E-07  1.065201E-04 -3.653044E-07  1.925290E-04 -2.084919E-02  2.050374E-08  2.050861E-08
  9.960000E+02  5.758992E-08  1.063353E-04 -2.925186E-07  1.928342E-04 -1.167151E-02  2.050368E-08  2.050517E-08
  9.970000E+02  1.372009E-07  1.068082E-04 -2.113840E-07  1.919877E-04 -1.584101E-02  2.050328E-08  2.050723E-08
  9.980000E+02  1.561692E-07  1.063190E-04 -3.807183E-07  1.928774E-04 -1.913012E-02  2.050278E-08  2.050665E-08
  9.990000E+02  3.806195E-08  1.065363E-04 -3.327892E-07  1.924574E-04 -1.029595E-02  2.050261E-08  2.050416E-08
  1.000000E+03  1.156324E-07  1.067168E-04 -1.576705E-07  1.921577E-04 -1.951609E-02  2.050255E-08  2.050744E-08
  1.001000E+03  1.927885E-07  1.062388E-04 -3.649022E-07  1.930010E-04 -1.528554E-02  2.050181E-08  2.050428E-08
  1.002000E+03  3.433722E-08  1.067322E-04 -4.017171E-07  1.921005E-04 -1.200417E-02  2.050183E-08  2.050440E-08
  1.003000E+03  7.705818E-08  1.065173E-04 -1.226184E-07  1.925259E-04 -2.087606E-02  2.050287E-08  2.050770E-08
  1.004000E+03  2.275098E-07  1.063322E-04 -3.144649E-07  1.928301E-04 -1.165931E-02  2.050266E-08  2.050420E-08
  1.005000E+03  5.526607E-08  1.068064E-04 -4.846807E-07  1.919852E-04 -1.579655E-02  2.050269E-08  2.050666E-08
  1.006000E+03  2.565302E-08  1.063204E-04 -1.265399E-07  1.928725E-04 -1.913996E-02  2.050252E-08  2.050633E-08
  1.007000E+03  2.484690E-07  1.065347E-04 -2.290297E-07  1.924602E-04 -1.030234E-02  2.050260E-08  2.050418E-08
  1.008000E+03  1.007917E-07  1.067205E-04 -5.584389E-07  1.921609E-04 -1.941493E-02  2.050365E-08  2.050857E-08
  1.009000E+03 -2.782563E-08  1.062487E-04 -1.770677E-07  1.930002E-04 -1.536124E-02  2.050361E-08  2.050604E-08
  1.010000E+03  2.428946E-07  1.067308E-04 -1.204392E-07  1.921206E-04 -1.201810E-02  2.050370E-08  2.050627E-08
  1.011000E+03  1.625605E-07  1.065284E-04 -5.920037E-07  1.925293E-04 -2.074992E-02  2.050541E-08  2.051032E-08
  1.012000E+03 -6.919163E-08  1.063424E-04 -2.680788E-07  1.928362E-04 -1.184600E-02  2.050523E-08  2.050677E-08
  1.013000E+03  2.045638E-07  1.068030E-04 -1.195464E-08  1.920133E-04 -1.572353E-02  2.050506E-08  2.050893E-08
  1.014000E+03  2.326602E-07  1.063360E-04 -5.675102E-07  1.928660E-04 -1.906878E-02  2.050488E-08  2.050880E-08
  1.015000E+03 -8.617905E-08  1.065371E-04 -3.929303E-07  1.924745E-04 -1.053663E-02  2.050453E-08  2.050614E-08
  1.016000E+03  1.358439E-07  1.067183E-04  7.073367E-08  1.921823E-04 -1.920985E-02  2.050559E-08  2.051033E-08
  1.017000E+03  3.009492E-07  1.062660E-04 -4.822873E-07  1.929858E-04 -1.542373E-02  2.050539E-08  2.050799E-08
  1.018000E+03 -6.952171E-08  1.067242E-04 -5.384609E-07  1.921463E-04 -1.218370E-02  2.050514E-08  2.050774E-08
  1.019000E+03  4.798252E-08  1.065319E-04  1.014089E-07  1.925339E-04 -2.049203E-02  2.050671E-08  2.051139E-08
  1.020000E+03  3.518348E-07  1.063534E-04 -3.471050E-07  1.928261E-04 -1.203535E-02  2.050622E-08  2.050793E-08
  1.021000E+03 -1.418045E-08  1.067939E-04 -6.778064E-07  1.920401E-04 -1.570958E-02  2.050618E-08  2.051009E-08
  1.022000E+03 -4.501198E-08  1.063475E-04  6.013265E-08  1.928567E-04 -1.889536E-02  2.050617E-08  2.050991E-08
  1.023000E+03  3.695300E-07  1.065381E-04 -1.779921E-07  1.924820E-04 -1.075228E-02  2.050547E-08  2.050720E-08
  1.024000E+03  7.452276E-08  1.067156E-04 -7.762641E-07  1.921983E-04 -1.903716E-02  2.050683E-08  2.051164E-08
  1.025000E+03 -1.279200E-07  1.062814E-04 -5.364391E-08  1.929734E-04 -1.545092E-02  2.050703E-08  2.050951E-08
  1.026000E+03  3.433767E-07  1.067170E-04  2.961828E-09  1.921719E-04 -1.229965E-02  2.050645E-08  2.050906E-08
  1.027000E+03  1.820549E-07  1.065372E-04 -8.025304E-07  1.925322E-04 -2.029323E-02  2.050762E-08  2.051243E-08
  1.028000E+03 -1.825131E-07  1.063627E-04 -2.246236E-07  1.928208E-04 -1.221402E-02  2.050741E-08  2.050907E-08
  1.029000E+03  2.717673E-07  1.067850E-04  1.612683E-07  1.920657E-04 -1.566556E-02  2.050721E-08  2.051100E-08
  1.030000E+03  2.919847E-07  1.063570E-04 -7.416328E-07  1.928421E-04 -1.880378E-02  2.050649E-08  2.051042E-08
  1.031000E+03 -1.945165E-07  1.065364E-04 -4.309508E-07  1.924876E-04 -1.094609E-02  2.050571E-08  2.050743E-08
  1.032000E+03  1.631817E-07  1.067119E-04  2.629084E-07  1.922081E-04 -1.887660E-02  2.050723E-08  2.051183E-08
  1.033000E+03  3.860123E-07  1.062880E-04 -5.969808E-07  1.929575E-04 -1.553169E-02  2.050661E-08  2.050934E-08
  1.034000E+03 -1.560986E-07  1.067058E-04 -6.424781E-07  1.921844E-04 -1.236352E-02  2.050563E-08  2.050825E-08
  1.035000E+03  3.481044E-08  1.065376E-04  2.801925E-07  1.925195E-04 -2.015201E-02  2.050641E-08  2.051098E-08
  1.036000E+03  4.451614E-07  1.063565E-04 -3.885299E-07  1.928124E-04 -1.236003E-02  2.050529E-08  2.050716E-08
  1.037000E+03 -6.692636E-08  1.067738E-04 -8.223368E-07  1.920639E-04 -1.556259E-02  2.050491E-08  2.050876E-08
  1.038000E+03 -9.331229E-08  1.063581E-04  1.980474E-07  1.928181E-04 -1.880589E-02  2.050414E-08  2.050787E-08
  1.039000E+03  4.529552E-07  1.065204E-04 -1.435959E-07  1.924915E-04 -1.098612E-02  2.050304E-08  2.050485E-08
  1.040000E+03  5.987439E-08  1.067119E-04 -9.288575E-07  1.921846E-04 -1.874358E-02  2.050478E-08  2.050955E-08
  1.041000E+03 -1.973831E-07  1.062837E-04  2.500541E-08  1.929463E-04 -1.569695E-02  2.050452E-08  2.050711E-08
  1.042000E+03  4.037855E-07  1.066898E-04  9.531083E-08  1.921927E-04 -1.219691E-02  2.050348E-08  2.050604E-08
  1.043000E+03  2.014334E-07  1.065488E-04 -9.346100E-07  1.924808E-04 -2.017479E-02  2.050442E-08  2.050929E-08
  1.044000E+03 -2.566979E-07  1.063424E-04 -2.091150E-07  1.928252E-04 -1.255490E-02  2.050387E-08  2.050563E-08
  1.045000E+03  3.023391E-07  1.067676E-04  2.843293E-07  1.920609E-04 -1.523635E-02  2.050350E-08  2.050715E-08
  1.046000E+03  3.385600E-07  1.063713E-04 -8.349443E-07  1.927822E-04 -1.905529E-02  2.050278E-08  2.050690E-08
  1.047000E+03 -2.586654E-07  1.064985E-04 -4.758503E-07  1.925202E-04 -1.105860E-02  2.050186E-08  2.050357E-08
  1.048000E+03  1.620236E-07  1.067192E-04  3.891856E-07  1.921620E-04 -1.840630E-02  2.050390E-08  2.050840E-08
  1.049000E+03  4.473309E-07  1.062888E-04 -6.388575E-07  1.929292E-04 -1.610332E-02  2.050355E-08  2.050653E-08
  1.050000E+03 -1.979688E-07  1.066668E-04 -7.322459E-07  1.922228E-04 -1.203015E-02  2.050231E-08  2.050479E-08
  1.051000E+03  6.512470E-09  1.065669E-04  3.824408E-07  1.924393E-04 -2.001155E-02  2.050356E-08  2.050818E-08
  1.052000E+03  5.063614E-07  1.063325E-04 -3.772491E-07  1.928371E-04 -1.293760E-02  2.050314E-08  2.050519E-08
  1.053000E+03 -8.125414E-08  1.067557E-04 -9.316994E-07  1.920739E-04 -1.484110E-02  2.050273E-08  2.050636E-08
  1.054000E+03 -1.408578E-07  1.063936E-04  2.602920E-07  1.927396E-04 -1.920075E-02  2.050248E-08  2.050643E-08
  1.055000E+03  5.032980E-07  1.064762E-04 -8.686078E-08  1.925603E-04 -1.123351E-02  2.050180E-08  2.050362E-08
  1.056000E+03  7.174645E-08  1.067257E-04 -1.035849E-06  1.921471E-04 -1.796268E-02  2.050372E-08  2.050832E-08
  1.057000E+03 -2.531608E-07  1.063021E-04  4.194214E-08  1.929061E-04 -1.653478E-02  2.050352E-08  2.050642E-08
  1.058000E+03  4.338659E-07  1.066424E-04  1.827303E-07  1.922709E-04 -1.186326E-02  2.050278E-08  2.050513E-08
  1.059000E+03  2.346029E-07  1.065903E-04 -1.017310E-06  1.923994E-04 -1.976906E-02  2.050389E-08  2.050877E-08
  1.060000E+03 -3.074583E-07  1.063280E-04 -2.374372E-07  1.928485E-04 -1.344928E-02  2.050335E-08  2.050536E-08
  1.061000E+03  3.060540E-07  1.067430E-04  3.809171E-07  1.921048E-04 -1.436281E-02  2.050372E-08  2.050703E-08
  1.062000E+03  3.850618E-07  1.064261E-04 -8.756841E-07  1.926936E-04 -1.932484E-02  2.050381E-08  2.050816E-08
  1.063000E+03 -2.956893E-07  1.064565E-04 -5.401324E-07  1.926079E-04 -1.158225E-02  2.050299E-08  2.050477E-08
  1.064000E+03  1.432669E-07  1.067319E-04  4.750884E-07  1.921496E-04 -1.736076E-02  2.050540E-08  2.050957E-08
  1.065000E+03  4.965792E-07  1.063297E-04 -6.376310E-07  1.928757E-04 -1.699934E-02  2.050546E-08  2.050882E-08
  1.066000E+03 -2.163567E-07  1.066161E-04 -8.153141E-07  1.923347E-04 -1.188980E-02  2.050453E-08  2.050683E-08
  1.067000E+03 -2.680784E-08  1.066136E-04  4.423846E-07  1.923744E-04 -1.927981E-02  2.050591E-08  2.051037E-08
  1.068000E+03  5.459880E-07  1.063388E-04 -3.406170E-07  1.928482E-04 -1.405515E-02  2.050523E-08  2.050763E-08
  1.069000E+03 -7.769989E-08  1.067240E-04 -1.011748E-06  1.921573E-04 -1.404700E-02  2.050577E-08  2.050906E-08
  1.070000E+03 -1.802064E-07  1.064587E-04  2.816675E-07  1.926552E-04 -1.917822E-02  2.050605E-08  2.051010E-08
  1.071000E+03  5.251216E-07  1.064483E-04 -2.562435E-08  1.926441E-04 -1.203691E-02  2.050515E-08  2.050711E-08
  1.072000E+03  9.219184E-08  1.067302E-04 -1.093243E-06  1.921679E-04 -1.690040E-02  2.050719E-08  2.051143E-08
  1.073000E+03 -2.878101E-07  1.063551E-04  2.690410E-08  1.928482E-04 -1.721608E-02  2.050734E-08  2.051053E-08
  1.074000E+03  4.368906E-07  1.065980E-04  2.483099E-07  1.923847E-04 -1.200306E-02  2.050636E-08  2.050859E-08
  1.075000E+03  2.615391E-07  1.066279E-04 -1.042615E-06  1.923582E-04 -1.893740E-02  2.050708E-08  2.051174E-08
  1.076000E+03 -3.270898E-07  1.063464E-04 -2.759790E-07  1.928464E-04 -1.444539E-02  2.050639E-08  2.050872E-08
  1.077000E+03  2.918868E-07  1.067095E-04  4.295052E-07  1.921928E-04 -1.384704E-02  2.050684E-08  2.050984E-08
  1.078000E+03  4.091038E-07  1.064801E-04 -8.652870E-07  1.926240E-04 -1.910501E-02  2.050688E-08  2.051125E-08
  1.079000E+03 -2.944947E-07  1.064391E-04 -5.880067E-07  1.926659E-04 -1.237854E-02  2.050560E-08  2.050755E-08
  1.080000E+03  1.176198E-07  1.067254E-04  4.912148E-07  1.921770E-04 -1.654656E-02  2.050735E-08  2.051120E-08
  1.081000E+03  5.097919E-07  1.063705E-04 -5.969894E-07  1.928204E-04 -1.738716E-02  2.050731E-08  2.051084E-08
  1.082000E+03 -1.952585E-07  1.065800E-04 -8.563397E-07  1.924135E-04 -1.212069E-02  2.050593E-08  2.050819E-08
  1.083000E+03 -5.449738E-08  1.066325E-04  4.210598E-07  1.923424E-04 -1.862865E-02  2.050639E-08  2.051065E-08
  1.084000E+03  5.407897E-07  1.063501E-04 -2.827280E-07  1.928347E-04 -1.471130E-02  2.050577E-08  2.050835E-08
  1.085000E+03 -4.185450E-08  1.066952E-04 -1.027387E-06  1.922129E-04 -1.373980E-02  2.050626E-08  2.050935E-08
  1.086000E+03 -1.982764E-07  1.064888E-04  2.245797E-07  1.925990E-04 -1.900164E-02  2.050594E-08  2.050998E-08
  1.087000E+03  4.965935E-07  1.064304E-04  3.024802E-08  1.926731E-04 -1.255637E-02  2.050465E-08  2.050669E-08
  1.088000E+03  1.345923E-07  1.067218E-04 -1.067979E-06  1.921727E-04 -1.637610E-02  2.050627E-08  2.051031E-08
  1.089000E+03 -2.870027E-07  1.063720E-04 -5.659143E-08  1.928055E-04 -1.748002E-02  2.050598E-08  2.050929E-08
  1.090000E+03  3.864584E-07  1.065660E-04  2.830355E-07  1.924231E-04 -1.209123E-02  2.050426E-08  2.050641E-08
  1.091000E+03  3.014712E-07  1.066376E-04 -9.727407E-07  1.923156E-04 -1.857379E-02  2.050454E-08  2.050909E-08
  1.092000E+03 -3.023021E-07  1.063396E-04 -3.719103E-07  1.928368E-04 -1.486566E-02  2.050391E-08  2.050637E-08
  1.093000E+03  2.283456E-07  1.066861E-04  4.267741E-07  1.922092E-04 -1.353383E-02  2.050417E-08  2.050701E-08
  1.094000E+03  4.324748E-07  1.064967E-04 -7.578560E-07  1.925671E-04 -1.914010E-02  2.050400E-08  2.050840E-08
  1.095000E+03 -2.434500E-07  1.064106E-04 -6.704541E-07  1.926902E-04 -1.262508E-02  2.050265E-08  2.050463E-08
  1.096000E+03  5.445067E-08  1.067242E-04  4.368701E-07  1.921498E-04 -1.612243E-02  2.050437E-08  2.050808E-08
  1.097000E+03  5.044246E-07  1.063729E-04 -4.695982E-07  1.927866E-04 -1.779084E-02  2.050402E-08  2.050767E-08
  1.098000E+03 -1.217146E-07  1.065464E-04 -8.987858E-07  1.924433E-04 -1.192641E-02  2.050268E-08  2.050482E-08
  1.099000E+03 -1.059320E-07  1.066521E-04  3.142705E-07  1.922773E-04 -1.847928E-02  2.050327E-08  2.050755E-08
  1.100000E+03  5.041522E-07  1.063284E-04 -1.557732E-07  1.928468E-04 -1.517895E-02  2.050272E-08  2.050538E-08
  1.101000E+03  4.212629E-08  1.066764E-04 -1.016197E-06  1.922160E-04 -1.317409E-02  2.050313E-08  2.050603E-08
  1.102000E+03 -2.260708E-07  1.065139E-04  8.036325E-08  1.925288E-04 -1.930813E-02  2.050318E-08  2.050740E-08
  1.103000E+03  4.320425E-07  1.063895E-04  1.310684E-07  1.927231E-04 -1.275062E-02  2.050205E-08  2.050403E-08
  1.104000E+03  2.132482E-07  1.067283E-04 -9.983717E-07  1.921324E-04 -1.575246E-02  2.050341E-08  2.050729E-08
  1.105000E+03 -2.800335E-07  1.063806E-04 -2.154202E-07  1.927664E-04 -1.813979E-02  2.050322E-08  2.050680E-08
  1.106000E+03  2.998135E-07  1.065252E-04  3.317803E-07  1.924762E-04 -1.178809E-02  2.050213E-08  2.050407E-08
  1.107000E+03  3.618622E-07  1.066690E-04 -8.467800E-07  1.922418E-04 -1.829206E-02  2.050282E-08  2.050736E-08
  1.108000E+03 -2.598052E-07  1.063230E-04 -5.205973E-07  1.928551E-04 -1.555950E-02  2.050244E-08  2.050511E-08
  1.109000E+03  1.332661E-07  1.066655E-04  4.121160E-07  1.922349E-04 -1.281983E-02  2.050314E-08  2.050569E-08
  1.110000E+03  4.646241E-07  1.065369E-04 -5.950709E-07  1.924900E-04 -1.942713E-02  2.050341E-08  2.050798E-08
  1.111000E+03 -1.720974E-07  1.063731E-04 -7.846868E-07  1.927581E-04 -1.298770E-02  2.050255E-08  2.050459E-08
  1.112000E+03 -3.206259E-08  1.067321E-04  3.596181E-07  1.921303E-04 -1.531391E-02  2.050407E-08  2.050753E-08
  1.113000E+03  4.983728E-07  1.063989E-04 -2.960646E-07  1.927401E-04 -1.852031E-02  2.050382E-08  2.050772E-08
  1.114000E+03 -2.932663E-08  1.065068E-04 -9.534587E-07  1.925228E-04 -1.175236E-02  2.050358E-08  2.050559E-08
  1.115000E+03 -1.684885E-07  1.066880E-04  1.786380E-07  1.922216E-04 -1.797633E-02  2.050442E-08  2.050862E-08
  1.116000E+03  4.572862E-07  1.063314E-04  2.937480E-10  1.928580E-04 -1.601172E-02  2.050423E-08  2.050711E-08
  1.117000E+03  1.406446E-07  1.066530E-04 -9.954709E-07  1.922755E-04 -1.256894E-02  2.050515E-08  2.050779E-08
  1.118000E+03 -2.536757E-07  1.065628E-04 -9.241790E-08  1.924641E-04 -1.932029E-02  2.050569E-08  2.051004E-08
  1.119000E+03  3.531194E-07  1.063699E-04  2.418641E-07  1.927853E-04 -1.335996E-02  2.050473E-08  2.050679E-08
  1.120000E+03  2.979556E-07  1.067270E-04 -9.050155E-07  1.921528E-04 -1.494971E-02  2.050561E-08  2.050920E-08
  1.121000E+03 -2.646722E-07  1.064226E-04 -3.921241E-07  1.927152E-04 -1.861436E-02  2.050570E-08  2.050953E-08
  1.122000E+03  2.016011E-07  1.064949E-04  3.724412E-07  1.925599E-04 -1.196628E-02  2.050517E-08  2.050703E-08
  1.123000E+03  4.165099E-07  1.066921E-04 -6.940643E-07  1.922243E-04 -1.759509E-02  2.050564E-08  2.050996E-08
  1.124000E+03 -1.998860E-07  1.063494E-04 -6.705951E-07  1.928406E-04 -1.628349E-02  2.050577E-08  2.050872E-08
  1.125000E+03  3.020769E-08  1.066395E-04  3.691323E-07  1.923154E-04 -1.259386E-02  2.050679E-08  2.050913E-08
  1.126000E+03  4.790246E-07  1.065743E-04 -4.039063E-07  1.924537E-04 -1.903833E-02  2.050690E-08  2.051134E-08
  1.127000E+03 -7.590556E-08  1.063794E-04 -8.820926E-07  1.927806E-04 -1.370156E-02  2.050596E-08  2.050822E-08
  1.128000E+03 -1.213140E-07  1.067156E-04  2.357638E-07  1.921865E-04 -1.481537E-02  2.050703E-08  2.051025E-08
  1.129000E+03  4.677367E-07  1.064376E-04 -9.947918E-08  1.926970E-04 -1.847732E-02  2.050672E-08  2.051061E-08
  1.130000E+03  8.643845E-08  1.064955E-04 -9.768854E-07  1.925683E-04 -1.226848E-02  2.050611E-08  2.050823E-08
  1.131000E+03 -2.251203E-07  1.066846E-04 -6.973583E-09  1.922449E-04 -1.737009E-02  2.050649E-08  2.051045E-08
  1.132000E+03  3.817911E-07  1.063632E-04  1.653841E-07  1.928209E-04 -1.628367E-02  2.050633E-08  2.050928E-08
  1.133000E+03  2.581867E-07  1.066316E-04 -9.324548E-07  1.923298E-04 -1.281747E-02  2.050674E-08  2.050938E-08
  1.134000E+03 -2.648445E-07  1.065698E-04 -3.142318E-07  1.924591E-04 -1.876581E-02  2.050671E-08  2.051088E-08
  1.135000E+03  2.409150E-07  1.063894E-04  3.444773E-07  1.927604E-04 -1.380266E-02  2.050571E-08  2.050788E-08
  1.136000E+03  4.001916E-07  1.067014E-04 -7.591960E-07  1.922026E-04 -1.493447E-02  2.050600E-08  2.050949E-08
  1.137000E+03 -2.285645E-07  1.064374E-04 -6.180399E-07  1.926876E-04 -1.821180E-02  2.050576E-08  2.050951E-08
  1.138000E+03  7.053126E-08  1.064989E-04  3.961856E-07  1.925527E-04 -1.245268E-02  2.050506E-08  2.050702E-08
  1.139000E+03  4.847476E-07  1.066704E-04 -4.868790E-07  1.922583E-04 -1.734581E-02  2.050518E-08  2.050933E-08
  1.140000E+03 -1.195976E-07  1.063674E-04 -8.618313E-07  1.928013E-04 -1.613097E-02  2.050510E-08  2.050808E-08
  1.141000E+03 -9.879404E-08  1.066286E-04  3.049925E-07  1.923246E-04 -1.301078E-02  2.050557E-08  2.050800E-08
  1.142000E+03  4.966035E-07  1.065573E-04 -1.642973E-07  1.924645E-04 -1.866191E-02  2.050494E-08  2.050919E-08
  1.143000E+03  4.220218E-08  1.063949E-04 -1.001490E-06  1.927357E-04 -1.376381E-02  2.050415E-08  2.050650E-08
  1.144000E+03 -2.321461E-07  1.066940E-04  8.458825E-08  1.922035E-04 -1.510279E-02  2.050462E-08  2.050788E-08
  1.145000E+03  4.318754E-07  1.064288E-04  1.430688E-07  1.926860E-04 -1.806024E-02  2.050400E-08  2.050770E-08
  1.146000E+03  2.264530E-07  1.065043E-04 -1.007551E-06  1.925285E-04 -1.251258E-02  2.050350E-08  2.050578E-08
  1.147000E+03 -3.030576E-07  1.066602E-04 -2.246679E-07  1.922653E-04 -1.744259E-02  2.050393E-08  2.050791E-08
  1.148000E+03  3.005793E-07  1.063632E-04  3.762527E-07  1.927930E-04 -1.597386E-02  2.050346E-08  2.050630E-08
  1.149000E+03  3.964519E-07  1.066277E-04 -8.731776E-07  1.923053E-04 -1.315099E-02  2.050330E-08  2.050610E-08
  1.150000E+03 -2.926990E-07  1.065451E-04 -5.645585E-07  1.924682E-04 -1.863606E-02  2.050298E-08  2.050713E-08
  1.151000E+03  1.233890E-07  1.063948E-04  4.835502E-07  1.927194E-04 -1.363883E-02  2.050244E-08  2.050457E-08
  1.152000E+03  5.167513E-07  1.066883E-04 -6.132810E-07  1.921938E-04 -1.525054E-02  2.050243E-08  2.050604E-08
  1.153000E+03 -1.994436E-07  1.064193E-04 -8.669361E-07  1.926837E-04 -1.796930E-02  2.050196E-08  2.050569E-08
  1.154000E+03 -6.925839E-08  1.065066E-04  4.398697E-07  1.925120E-04 -1.245808E-02  2.050220E-08  2.050420E-08
  1.155000E+03  5.658100E-07  1.066550E-04 -2.718741E-07  1.922634E-04 -1.755004E-02  2.050270E-08  2.050692E-08
  1.156000E+03 -4.146452E-08  1.063593E-04 -1.076595E-06  1.927889E-04 -1.590047E-02  2.050230E-08  2.050531E-08
  1.157000E+03 -2.379047E-07  1.066290E-04  2.523443E-07  1.922976E-04 -1.314111E-02  2.050274E-08  2.050526E-08
  1.158000E+03  5.288172E-07  1.065425E-04  8.454456E-08  1.924677E-04 -1.868965E-02  2.050242E-08  2.050668E-08
  1.159000E+03  1.553696E-07  1.063958E-04 -1.145950E-06  1.927160E-04 -1.360985E-02  2.050227E-08  2.050470E-08
  1.160000E+03 -3.474026E-07  1.066881E-04 -5.374143E-08  1.921956E-04 -1.525503E-02  2.050260E-08  2.050597E-08
  1.161000E+03  4.084508E-07  1.064224E-04  3.853162E-07  1.926828E-04 -1.796556E-02  2.050247E-08  2.050615E-08
  1.162000E+03  3.572528E-07  1.065112E-04 -1.055902E-06  1.925138E-04 -1.250366E-02  2.050327E-08  2.050565E-08
  1.163000E+03 -3.785017E-07  1.066540E-04 -4.261377E-07  1.922753E-04 -1.752558E-02  2.050378E-08  2.050785E-08
  1.164000E+03  2.283185E-07  1.063685E-04  5.758021E-07  1.927854E-04 -1.588263E-02  2.050371E-08  2.050653E-08
  1.165000E+03  5.228246E-07  1.066298E-04 -8.228431E-07  1.923080E-04 -1.325396E-02  2.050396E-08  2.050687E-08
  1.166000E+03 -3.188385E-07  1.065425E-04 -7.928638E-07  1.924792E-04 -1.855939E-02  2.050369E-08  2.050791E-08
  1.167000E+03  1.802102E-08  1.064077E-04  6.105172E-07  1.927078E-04 -1.367076E-02  2.050368E-08  2.050586E-08
  1.168000E+03  6.182956E-07  1.066804E-04 -4.803321E-07  1.922176E-04 -1.532372E-02  2.050345E-08  2.050711E-08
  1.169000E+03 -1.735010E-07  1.064300E-04 -1.084182E-06  1.926792E-04 -1.776993E-02  2.050360E-08  2.050738E-08
  1.170000E+03 -1.901366E-07  1.065186E-04  4.761554E-07  1.925120E-04 -1.270625E-02  2.050445E-08  2.050657E-08
  1.171000E+03  6.279207E-07  1.066428E-04 -8.020772E-08  1.923039E-04 -1.739835E-02  2.050473E-08  2.050889E-08
  1.172000E+03  3.094627E-08  1.063863E-04 -1.250179E-06  1.927624E-04 -1.580796E-02  2.050470E-08  2.050782E-08
  1.173000E+03 -3.542167E-07  1.066265E-04  1.944741E-07  1.923282E-04 -1.349187E-02  2.050543E-08  2.050807E-08
  1.174000E+03  5.444114E-07  1.065400E-04  3.007673E-07  1.924974E-04 -1.824092E-02  2.050525E-08  2.050936E-08
  1.175000E+03  2.591852E-07  1.064305E-04 -1.251178E-06  1.926826E-04 -1.384356E-02  2.050534E-08  2.050799E-08
  1.176000E+03 -4.406595E-07  1.066676E-04 -1.896205E-07  1.922612E-04 -1.543166E-02  2.050559E-08  2.050900E-08
  1.177000E+03  3.767496E-07  1.064421E-04  5.905012E-07  1.926754E-04 -1.741704E-02  2.050566E-08  2.050920E-08
  1.178000E+03  4.751394E-07  1.065362E-04 -1.078774E-06  1.925010E-04 -1.311610E-02  2.050657E-08  2.050925E-08
  1.179000E+03 -4.340681E-07  1.066231E-04 -6.166649E-07  1.923568E-04 -1.726801E-02  2.050663E-08  2.051058E-08
  1.180000E+03  1.538916E-07  1.064122E-04  7.380401E-07  1.927329E-04 -1.555027E-02  2.050665E-08  2.050945E-08
  1.181000E+03  6.371327E-07  1.066280E-04 -7.595879E-07  1.923408E-04 -1.403623E-02  2.050690E-08  2.051009E-08
  1.182000E+03 -3.313915E-07  1.065217E-04 -1.007357E-06  1.925385E-04 -1.781254E-02  2.050629E-08  2.051028E-08
  1.183000E+03 -8.437482E-08  1.064615E-04  7.087764E-07  1.926330E-04 -1.387178E-02  2.050603E-08  2.050839E-08
  1.184000E+03  7.119151E-07  1.066472E-04 -3.474904E-07  1.923013E-04 -1.584109E-02  2.050583E-08  2.050960E-08
  1.185000E+03 -1.438270E-07  1.064396E-04 -1.288616E-06  1.926792E-04 -1.681533E-02  2.050579E-08  2.050936E-08
  1.186000E+03 -3.020842E-07  1.065572E-04  4.987154E-07  1.924588E-04 -1.351932E-02  2.050600E-08  2.050847E-08
  1.187000E+03  6.839026E-07  1.065886E-04  9.840662E-08  1.924093E-04 -1.729268E-02  2.050557E-08  2.050959E-08
  1.188000E+03  9.867027E-08  1.064285E-04 -1.408404E-06  1.926920E-04 -1.506963E-02  2.050559E-08  2.050866E-08
  1.189000E+03 -4.596540E-07  1.066292E-04  1.379406E-07  1.923286E-04 -1.464269E-02  2.050563E-08  2.050868E-08
  1.190000E+03  5.563566E-07  1.064914E-04  4.983514E-07  1.925779E-04 -1.744555E-02  2.050477E-08  2.050854E-08
  1.191000E+03  3.510716E-07  1.064903E-04 -1.340683E-06  1.925710E-04 -1.373671E-02  2.050501E-08  2.050786E-08
  1.192000E+03 -5.256723E-07  1.066308E-04 -3.081067E-07  1.923262E-04 -1.637255E-02  2.050515E-08  2.050883E-08
  1.193000E+03  3.511298E-07  1.064254E-04  7.751869E-07  1.926903E-04 -1.627085E-02  2.050442E-08  2.050759E-08
  1.194000E+03  5.723958E-07  1.065825E-04 -1.098686E-06  1.924033E-04 -1.375737E-02  2.050487E-08  2.050797E-08
  1.195000E+03 -4.869050E-07  1.065599E-04 -7.688145E-07  1.924524E-04 -1.753534E-02  2.050457E-08  2.050856E-08
  1.196000E+03  9.893413E-08  1.064324E-04  8.809251E-07  1.926704E-04 -1.454723E-02  2.050421E-08  2.050680E-08
  1.197000E+03  7.260271E-07  1.066393E-04 -7.161106E-07  1.922967E-04 -1.512905E-02  2.050404E-08  2.050771E-08
  1.198000E+03 -3.449901E-07  1.064596E-04 -1.171401E-06  1.926179E-04 -1.732485E-02  2.050294E-08  2.050674E-08
  1.199000E+03 -1.606954E-07  1.065076E-04  7.903093E-07  1.925225E-04 -1.342742E-02  2.050326E-08  2.050565E-08
  1.200000E+03  7.831978E-07  1.066217E-04 -2.495593E-07  1.923259E-04 -1.688814E-02  2.050319E-08  2.050733E-08
  1.201000E+03 -1.219849E-07  1.064045E-04 -1.443733E-06  1.927075E-04 -1.587333E-02  2.050236E-08  2.050568E-08
  1.202000E+03 -3.849867E-07  1.065999E-04  5.156819E-07  1.923515E-04 -1.379271E-02  2.050270E-08  2.050545E-08
  1.203000E+03  7.295477E-07  1.065352E-04  2.276642E-07  1.924758E-04 -1.780702E-02  2.050220E-08  2.050637E-08
  1.204000E+03  1.448693E-07  1.064312E-04 -1.530920E-06  1.926517E-04 -1.411477E-02  2.050211E-08  2.050502E-08
  1.205000E+03 -5.333473E-07  1.066448E-04  1.006478E-07  1.922678E-04 -1.545123E-02  2.050192E-08  2.050536E-08
  1.206000E+03  5.715514E-07  1.064348E-04  6.315208E-07  1.926442E-04 -1.722663E-02  2.050101E-08  2.050467E-08
  1.207000E+03  4.105177E-07  1.065240E-04 -1.413190E-06  1.924809E-04 -1.322755E-02  2.050204E-08  2.050493E-08
  1.208000E+03 -5.795725E-07  1.066136E-04 -3.855528E-07  1.923341E-04 -1.726502E-02  2.050238E-08  2.050641E-08
  1.209000E+03  3.361256E-07  1.063938E-04  8.913899E-07  1.927197E-04 -1.553298E-02  2.050172E-08  2.050465E-08
  1.210000E+03  6.319398E-07  1.066202E-04 -1.112209E-06  1.923135E-04 -1.391880E-02  2.050252E-08  2.050586E-08
  1.211000E+03 -5.137064E-07  1.065208E-04 -8.659596E-07  1.925077E-04 -1.800557E-02  2.050275E-08  2.050689E-08
  1.212000E+03  6.322529E-08  1.064374E-04  9.590412E-07  1.926446E-04 -1.378572E-02  2.050264E-08  2.050506E-08
  1.213000E+03  7.725942E-07  1.066554E-04 -6.798040E-07  1.922549E-04 -1.575157E-02  2.050248E-08  2.050646E-08
  1.214000E+03 -3.447664E-07  1.064229E-04 -1.262625E-06  1.926745E-04 -1.716828E-02  2.050197E-08  2.050572E-08
  1.215000E+03 -2.045333E-07  1.065387E-04  8.214294E-07  1.924622E-04 -1.308756E-02  2.050291E-08  2.050532E-08
  1.216000E+03  8.088904E-07  1.066084E-04 -1.823294E-07  1.923473E-04 -1.751765E-02  2.050268E-08  2.050704E-08
  1.217000E+03 -9.897188E-08  1.063926E-04 -1.510542E-06  1.927270E-04 -1.529591E-02  2.050232E-08  2.050549E-08
  1.218000E+03 -4.249334E-07  1.066336E-04  4.994364E-07  1.922992E-04 -1.401919E-02  2.050353E-08  2.050647E-08
  1.219000E+03  7.318186E-07  1.065073E-04  3.041455E-07  1.925383E-04 -1.802543E-02  2.050341E-08  2.050759E-08
  1.220000E+03  1.811209E-07  1.064519E-04 -1.561458E-06  1.926268E-04 -1.359293E-02  2.050358E-08  2.050641E-08
  1.221000E+03 -5.599622E-07  1.066574E-04  4.891682E-08  1.922654E-04 -1.600519E-02  2.050390E-08  2.050757E-08
  1.222000E+03  5.542216E-07  1.064161E-04  6.960415E-07  1.926996E-04 -1.691977E-02  2.050342E-08  2.050693E-08
  1.223000E+03  4.488217E-07  1.065627E-04 -1.406876E-06  1.924343E-04 -1.317371E-02  2.050453E-08  2.050751E-08
  1.224000E+03 -5.879551E-07  1.065958E-04 -4.544220E-07  1.923888E-04 -1.768370E-02  2.050464E-08  2.050877E-08
  1.225000E+03  3.061754E-07  1.064020E-04  9.293425E-07  1.927265E-04 -1.491851E-02  2.050421E-08  2.050696E-08
  1.226000E+03  6.620949E-07  1.066536E-04 -1.075349E-06  1.922834E-04 -1.440994E-02  2.050558E-08  2.050916E-08
  1.227000E+03 -5.053661E-07  1.064886E-04 -9.309319E-07  1.925936E-04 -1.792433E-02  2.050573E-08  2.050978E-08
  1.228000E+03  3.141868E-08  1.064773E-04  9.656282E-07  1.926003E-04 -1.332645E-02  2.050573E-08  2.050808E-08
  1.229000E+03  7.876201E-07  1.066628E-04 -6.284227E-07  1.922796E-04 -1.649844E-02  2.050629E-08  2.051051E-08
  1.230000E+03 -3.257586E-07  1.064055E-04 -1.305691E-06  1.927427E-04 -1.654512E-02  2.050606E-08  2.050958E-08
  1.231000E+03 -2.276808E-07  1.065921E-04  8.009227E-07  1.924003E-04 -1.321112E-02  2.050655E-08  2.050911E-08
  1.232000E+03  8.052770E-07  1.065812E-04 -1.344633E-07  1.924306E-04 -1.800541E-02  2.050615E-08  2.051057E-08
  1.233000E+03 -7.604648E-08  1.064070E-04 -1.519979E-06  1.927314E-04 -1.443053E-02  2.050583E-08  2.050876E-08
  1.234000E+03 -4.334516E-07  1.066717E-04  4.607376E-07  1.922608E-04 -1.477132E-02  2.050655E-08  2.050980E-08
  1.235000E+03  7.134549E-07  1.064611E-04  3.340222E-07  1.926438E-04 -1.787309E-02  2.050580E-08  2.050980E-08
  1.236000E+03  1.988058E-07  1.064982E-04 -1.538278E-06  1.925620E-04 -1.298780E-02  2.050578E-08  2.050851E-08
  1.237000E+03 -5.532312E-07  1.066603E-04  9.488547E-09  1.922860E-04 -1.700335E-02  2.050631E-08  2.051029E-08
  1.238000E+03  5.313185E-07  1.063833E-04  6.993661E-07  1.927750E-04 -1.613537E-02  2.050538E-08  2.050856E-08
  1.239000E+03  4.526799E-07  1.066185E-04 -1.364866E-06  1.923419E-04 -1.326344E-02  2.050540E-08  2.050853E-08
  1.240000E+03 -5.678133E-07  1.065590E-04 -4.764662E-07  1.924664E-04 -1.835055E-02  2.050557E-08  2.050983E-08
  1.241000E+03  2.885471E-07  1.064044E-04  9.026450E-07  1.927276E-04 -1.387724E-02  2.050510E-08  2.050752E-08
  1.242000E+03  6.485675E-07  1.066903E-04 -1.031139E-06  1.922174E-04 -1.519866E-02  2.050536E-08  2.050926E-08
  1.243000E+03 -4.772230E-07  1.064292E-04 -9.247384E-07  1.926905E-04 -1.789755E-02  2.050460E-08  2.050851E-08
  1.244000E+03  2.661175E-08  1.065139E-04  9.140546E-07  1.925247E-04 -1.253510E-02  2.050495E-08  2.050715E-08
  1.245000E+03  7.577714E-07  1.066641E-04 -5.975356E-07  1.922721E-04 -1.760229E-02  2.050536E-08  2.050992E-08
  1.246000E+03 -2.982901E-07  1.063545E-04 -1.267095E-06  1.928137E-04 -1.584518E-02  2.050402E-08  2.050720E-08
  1.247000E+03 -2.119823E-07  1.066411E-04  7.359071E-07  1.922891E-04 -1.307183E-02  2.050417E-08  2.050682E-08
  1.248000E+03  7.617354E-07  1.065455E-04 -1.338175E-07  1.924783E-04 -1.887243E-02  2.050404E-08  2.050865E-08
  1.249000E+03 -6.041935E-08  1.063886E-04 -1.446083E-06  1.927381E-04 -1.342817E-02  2.050330E-08  2.050586E-08
  1.250000E+03 -3.933214E-07  1.067053E-04  4.012903E-07  1.921712E-04 -1.530971E-02  2.050329E-08  2.050681E-08
  1.251000E+03  6.644213E-07  1.064054E-04  2.908454E-07  1.927130E-04 -1.811079E-02  2.050234E-08  2.050628E-08
  1.252000E+03  1.939915E-07  1.065146E-04 -1.438927E-06  1.925012E-04 -1.218508E-02  2.050266E-08  2.050516E-08
  1.253000E+03 -4.925243E-07  1.066630E-04 -2.479825E-08  1.922534E-04 -1.787073E-02  2.050305E-08  2.050732E-08
  1.254000E+03  4.879208E-07  1.063335E-04  6.118942E-07  1.928265E-04 -1.572681E-02  2.050138E-08  2.050431E-08
  1.255000E+03  4.209387E-07  1.066499E-04 -1.257152E-06  1.922481E-04 -1.299752E-02  2.050151E-08  2.050459E-08
  1.256000E+03 -4.931761E-07  1.065339E-04 -4.681251E-07  1.924839E-04 -1.908741E-02  2.050233E-08  2.050675E-08
  1.257000E+03  2.640448E-07  1.063806E-04  7.743302E-07  1.927358E-04 -1.317186E-02  2.050156E-08  2.050369E-08
  1.258000E+03  5.860552E-07  1.067144E-04 -9.382237E-07  1.921404E-04 -1.545418E-02  2.050171E-08  2.050569E-08
  1.259000E+03 -3.991016E-07  1.063928E-04 -8.587325E-07  1.927289E-04 -1.820213E-02  2.050157E-08  2.050545E-08
  1.260000E+03  3.107787E-08  1.065175E-04  7.580728E-07  1.924909E-04 -1.196152E-02  2.050218E-08  2.050419E-08
  1.261000E+03  6.697344E-07  1.066663E-04 -5.428940E-07  1.922413E-04 -1.809758E-02  2.050231E-08  2.050695E-08
  1.262000E+03 -2.316911E-07  1.063250E-04 -1.142881E-06  1.928397E-04 -1.567696E-02  2.050117E-08  2.050416E-08
  1.263000E+03 -1.741529E-07  1.066585E-04  5.784402E-07  1.922359E-04 -1.288986E-02  2.050189E-08  2.050450E-08
  1.264000E+03  6.608927E-07  1.065319E-04 -1.351995E-07  1.924901E-04 -1.925189E-02  2.050253E-08  2.050713E-08
  1.265000E+03 -2.101926E-08  1.063802E-04 -1.277247E-06  1.927396E-04 -1.306535E-02  2.050193E-08  2.050426E-08
  1.266000E+03 -3.221215E-07  1.067188E-04  2.729886E-07  1.921375E-04 -1.546716E-02  2.050223E-08  2.050578E-08
  1.267000E+03  5.662052E-07  1.063917E-04  2.223163E-07  1.927386E-04 -1.819856E-02  2.050239E-08  2.050623E-08
  1.268000E+03  1.953705E-07  1.065232E-04 -1.247858E-06  1.924857E-04 -1.197784E-02  2.050271E-08  2.050504E-08
  1.269000E+03 -3.936165E-07  1.066592E-04 -9.869553E-08  1.922568E-04 -1.807854E-02  2.050260E-08  2.050686E-08
  1.270000E+03  4.073941E-07  1.063333E-04  4.764483E-07  1.928312E-04 -1.556117E-02  2.050189E-08  2.050466E-08
  1.271000E+03  3.812936E-07  1.066626E-04 -1.071142E-06  1.922365E-04 -1.309546E-02  2.050268E-08  2.050567E-08
  1.272000E+03 -3.807031E-07  1.065216E-04 -4.715649E-07  1.925151E-04 -1.907605E-02  2.050329E-08  2.050758E-08
  1.273000E+03  2.162930E-07  1.063983E-04  5.887640E-07  1.927168E-04 -1.301349E-02  2.050300E-08  2.050502E-08
  1.274000E+03  5.096524E-07  1.067192E-04 -7.898449E-07  1.921562E-04 -1.571876E-02  2.050422E-08  2.050813E-08
  1.275000E+03 -2.913305E-07  1.063891E-04 -7.869076E-07  1.927612E-04 -1.792372E-02  2.050439E-08  2.050805E-08
  1.276000E+03  2.642374E-08  1.065434E-04  5.506765E-07  1.924670E-04 -1.207224E-02  2.050460E-08  2.050661E-08
  1.277000E+03  5.645876E-07  1.066549E-04 -4.581009E-07  1.922887E-04 -1.823621E-02  2.050512E-08  2.050961E-08
  1.278000E+03 -1.464368E-07  1.063420E-04 -9.986382E-07  1.928405E-04 -1.528655E-02  2.050464E-08  2.050740E-08
  1.279000E+03 -1.309847E-07  1.066772E-04  3.806496E-07  1.922333E-04 -1.331867E-02  2.050510E-08  2.050780E-08
  1.280000E+03  5.427154E-07  1.065133E-04 -1.345429E-07  1.925504E-04 -1.904965E-02  2.050546E-08  2.050980E-08
  1.281000E+03  2.433140E-08  1.064168E-04 -1.078798E-06  1.927059E-04 -1.285395E-02  2.050547E-08  2.050765E-08
  1.282000E+03 -2.358566E-07  1.067207E-04  1.222057E-07  1.921749E-04 -1.597902E-02  2.050642E-08  2.051005E-08
  1.283000E+03  4.559587E-07  1.063846E-04  1.329880E-07  1.927848E-04 -1.767238E-02  2.050613E-08  2.050964E-08
  1.284000E+03  1.899299E-07  1.065632E-04 -1.028354E-06  1.924425E-04 -1.219364E-02  2.050577E-08  2.050809E-08
  1.285000E+03 -2.769216E-07  1.066410E-04 -1.720614E-07  1.923276E-04 -1.832663E-02  2.050656E-08  2.051076E-08
  1.286000E+03  3.267445E-07  1.063518E-04  3.063081E-07  1.928334E-04 -1.495691E-02  2.050588E-08  2.050838E-08
  1.287000E+03  3.226219E-07  1.066858E-04 -8.711958E-07  1.922219E-04 -1.370597E-02  2.050541E-08  2.050849E-08
  1.288000E+03 -2.535514E-07  1.064942E-04 -4.483646E-07  1.925879E-04 -1.886742E-02  2.050585E-08  2.050991E-08
  1.289000E+03  1.820917E-07  1.064368E-04  3.647387E-07  1.926732E-04 -1.267978E-02  2.050587E-08  2.050779E-08
  1.290000E+03  4.052522E-07  1.067154E-04 -6.478096E-07  1.921861E-04 -1.640375E-02  2.050645E-08  2.051041E-08
  1.291000E+03 -1.758720E-07  1.063707E-04 -6.658675E-07  1.928042E-04 -1.732417E-02  2.050564E-08  2.050897E-08
  1.292000E+03  4.740313E-08  1.065814E-04  3.097943E-07  1.924052E-04 -1.223083E-02  2.050527E-08  2.050736E-08
  1.293000E+03  4.283137E-07  1.066267E-04 -4.010268E-07  1.923481E-04 -1.861460E-02  2.050589E-08  2.051029E-08
  1.294000E+03 -6.355845E-08  1.063474E-04 -7.918155E-07  1.928319E-04 -1.459899E-02  2.050499E-08  2.050742E-08
  1.295000E+03 -5.373635E-08  1.066942E-04  1.629720E-07  1.921950E-04 -1.390387E-02  2.050410E-08  2.050698E-08
  1.296000E+03  3.947024E-07  1.064755E-04 -1.790524E-07  1.926052E-04 -1.894523E-02  2.050406E-08  2.050816E-08
  1.297000E+03  5.808066E-08  1.064426E-04 -8.136527E-07  1.926503E-04 -1.244325E-02  2.050460E-08  2.050659E-08
  1.298000E+03 -1.107411E-07  1.067076E-04 -3.385789E-08  1.921816E-04 -1.665107E-02  2.050440E-08  2.050818E-08
  1.299000E+03  3.198907E-07  1.063567E-04 -1.372477E-08  1.928046E-04 -1.715975E-02  2.050303E-08  2.050623E-08
  1.300000E+03  1.649755E-07  1.065884E-04 -7.443083E-07  1.923705E-04 -1.227054E-02  2.050291E-08  2.050519E-08
  1.301000E+03 -1.184191E-07  1.066078E-04 -2.373640E-07  1.923629E-04 -1.868805E-02  2.050380E-08  2.050800E-08
  1.302000E+03  2.268586E-07  1.063475E-04  6.826061E-08  1.928083E-04 -1.438622E-02  2.050255E-08  2.050480E-08
  1.303000E+03  2.361424E-07  1.066929E-04 -6.136145E-07  1.921773E-04 -1.414256E-02  2.050191E-08  2.050501E-08
  1.304000E+03 -8.140420E-08  1.064612E-04 -4.031770E-07  1.926191E-04 -1.878496E-02  2.050284E-08  2.050675E-08
  1.305000E+03  1.364432E-07  1.064515E-04  6.096503E-08  1.926193E-04 -1.241901E-02  2.050303E-08  2.050486E-08
  1.306000E+03  2.651360E-07  1.066961E-04 -4.576784E-07  1.921882E-04 -1.685485E-02  2.050282E-08  2.050675E-08
  1.307000E+03 -1.320169E-08  1.063538E-04 -5.089711E-07  1.927994E-04 -1.691982E-02  2.050201E-08  2.050511E-08
  1.308000E+03  6.342652E-08  1.065943E-04 -1.984284E-08  1.923508E-04 -1.242626E-02  2.050193E-08  2.050410E-08
  1.309000E+03  2.533581E-07  1.065934E-04 -3.064155E-07  1.923771E-04 -1.872269E-02  2.050254E-08  2.050678E-08
  1.310000E+03  6.409089E-08  1.063528E-04 -5.415799E-07  1.927871E-04 -1.424855E-02  2.050137E-08  2.050363E-08
  1.311000E+03  2.204173E-08  1.066887E-04 -1.411972E-07  1.921756E-04 -1.432954E-02  2.050086E-08  2.050387E-08
  1.312000E+03  2.089184E-07  1.064519E-04 -1.934966E-07  1.926224E-04 -1.866088E-02  2.050144E-08  2.050530E-08
  1.313000E+03  1.307802E-07  1.064588E-04 -5.026855E-07  1.925938E-04 -1.246852E-02  2.050171E-08  2.050364E-08
  1.314000E+03  1.774131E-08  1.066792E-04 -2.685127E-07  1.922038E-04 -1.691911E-02  2.050121E-08  2.050501E-08
  1.315000E+03  1.460847E-07  1.063591E-04 -1.398551E-07  1.927781E-04 -1.671108E-02  2.050085E-08  2.050383E-08
  1.316000E+03  1.738643E-07  1.065958E-04 -4.108289E-07  1.923393E-04 -1.271733E-02  2.050091E-08  2.050323E-08
  1.317000E+03  4.506643E-08  1.065738E-04 -3.724344E-07  1.924032E-04 -1.849594E-02  2.050165E-08  2.050571E-08
  1.318000E+03  8.851507E-08  1.063762E-04 -1.518469E-07  1.927442E-04 -1.417937E-02  2.050134E-08  2.050354E-08
  1.319000E+03  1.831122E-07  1.066788E-04 -3.049084E-07  1.921998E-04 -1.469550E-02  2.050144E-08  2.050456E-08
  1.320000E+03  9.301492E-08  1.064475E-04 -4.250353E-07  1.926399E-04 -1.817423E-02  2.050265E-08  2.050632E-08
  1.321000E+03  5.293838E-08  1.064874E-04 -2.199998E-07  1.925561E-04 -1.273222E-02  2.050314E-08  2.050513E-08
  1.322000E+03  1.574744E-07  1.066596E-04 -2.168821E-07  1.922590E-04 -1.706182E-02  2.050328E-08  2.050707E-08
  1.323000E+03  1.486640E-07  1.063770E-04 -4.149604E-07  1.927683E-04 -1.622987E-02  2.050342E-08  2.050630E-08
  1.324000E+03  4.621217E-08  1.066126E-04 -3.239798E-07  1.923343E-04 -1.321127E-02  2.050348E-08  2.050593E-08
  1.325000E+03  1.083210E-07  1.065557E-04 -1.683450E-07  1.924584E-04 -1.830749E-02  2.050411E-08  2.050801E-08
  1.326000E+03  1.897446E-07  1.064068E-04 -3.484134E-07  1.927133E-04 -1.396780E-02  2.050400E-08  2.050622E-08
  1.327000E+03  6.962128E-08  1.066772E-04 -4.211645E-07  1.922305E-04 -1.514156E-02  2.050427E-08  2.050749E-08
  1.328000E+03  5.252682E-08  1.064389E-04 -1.739571E-07  1.926703E-04 -1.776382E-02  2.050438E-08  2.050783E-08
  1.329000E+03  2.020116E-07  1.065169E-04 -2.481383E-07  1.925182E-04 -1.287836E-02  2.050475E-08  2.050686E-08
  1.330000E+03  1.192047E-07  1.066415E-04 -4.808463E-07  1.923127E-04 -1.724255E-02  2.050546E-08  2.050928E-08
  1.331000E+03  3.926322E-09  1.063878E-04 -2.359317E-07  1.927622E-04 -1.576712E-02  2.050501E-08  2.050770E-08
  1.332000E+03  1.811304E-07  1.066286E-04 -1.380681E-07  1.923161E-04 -1.368686E-02  2.050447E-08  2.050709E-08
  1.333000E+03  1.813528E-07  1.065323E-04 -4.847515E-07  1.925146E-04 -1.810037E-02  2.050566E-08  2.050950E-08
  1.334000E+03 -1.702612E-08  1.064374E-04 -3.423797E-07  1.926751E-04 -1.370335E-02  2.050590E-08  2.050806E-08
  1.335000E+03  1.286213E-07  1.066737E-04 -5.929588E-08  1.922515E-04 -1.572466E-02  2.050563E-08  2.050898E-08
  1.336000E+03  2.388432E-07  1.064264E-04 -4.234554E-07  1.927069E-04 -1.723326E-02  2.050606E-08  2.050938E-08
  1.337000E+03  3.358141E-10  1.065523E-04 -4.673006E-07  1.924718E-04 -1.300477E-02  2.050658E-08  2.050881E-08
  1.338000E+03  5.245099E-08  1.066208E-04 -3.841453E-08  1.923651E-04 -1.761141E-02  2.050695E-08  2.051074E-08
  1.339000E+03  2.771045E-07  1.063945E-04 -3.020471E-07  1.927615E-04 -1.517943E-02  2.050641E-08  2.050899E-08
  1.340000E+03  5.546822E-08  1.066508E-04 -5.818088E-07  1.922891E-04 -1.413988E-02  2.050573E-08  2.050860E-08
  1.341000E+03 -2.921468E-08  1.065051E-04 -8.743759E-08  1.925697E-04 -1.809639E-02  2.050630E-08  2.050998E-08
  1.342000E+03  2.787013E-07  1.064587E-04 -1.434990E-07  1.926399E-04 -1.333185E-02  2.050638E-08  2.050851E-08
  1.343000E+03  1.399555E-07  1.066711E-04 -6.457511E-07  1.922566E-04 -1.625656E-02  2.050551E-08  2.050914E-08
  1.344000E+03 -9.634222E-08  1.064038E-04 -2.043298E-07  1.927342E-04 -1.689151E-02  2.050472E-08  2.050781E-08
  1.345000E+03  2.383275E-07  1.065744E-04  1.683298E-08  1.924179E-04 -1.300247E-02  2.050508E-08  2.050737E-08
  1.346000E+03  2.390631E-07  1.065962E-04 -6.381447E-07  1.923948E-04 -1.792705E-02  2.050526E-08  2.050927E-08
  1.347000E+03 -1.301790E-07  1.063891E-04 -3.737771E-07  1.927463E-04 -1.471889E-02  2.050389E-08  2.050629E-08
  1.348000E+03  1.600320E-07  1.066608E-04  1.393636E-07  1.922480E-04 -1.448930E-02  2.050317E-08  2.050612E-08
  1.349000E+03  3.308667E-07  1.064736E-04 -5.511239E-07  1.926050E-04 -1.803164E-02  2.050402E-08  2.050780E-08
  1.350000E+03 -1.132953E-07  1.064729E-04 -5.654533E-07  1.925918E-04 -1.304017E-02  2.050405E-08  2.050617E-08
  1.351000E+03  5.198269E-08  1.066616E-04  1.841288E-07  1.922514E-04 -1.675173E-02  2.050296E-08  2.050662E-08
  1.352000E+03  3.989006E-07  1.063839E-04 -3.888086E-07  1.927517E-04 -1.647617E-02  2.050289E-08  2.050598E-08
  1.353000E+03 -4.634360E-08  1.065966E-04 -7.466904E-07  1.923643E-04 -1.307043E-02  2.050363E-08  2.050611E-08
  1.354000E+03 -6.892309E-08  1.065728E-04  1.402407E-07  1.924234E-04 -1.825793E-02  2.050368E-08  2.050760E-08
  1.355000E+03  4.270689E-07  1.063890E-04 -1.726543E-07  1.927332E-04 -1.424588E-02  2.050260E-08  2.050499E-08
  1.356000E+03  6.003126E-08  1.066736E-04 -8.783497E-07  1.922181E-04 -1.482832E-02  2.050234E-08  2.050564E-08
  1.357000E+03 -1.773012E-07  1.064485E-04  1.024227E-08  1.926397E-04 -1.802867E-02  2.050288E-08  2.050647E-08
  1.358000E+03  3.976176E-07  1.064856E-04  6.048058E-08  1.925538E-04 -1.279741E-02  2.050253E-08  2.050466E-08
  1.359000E+03  1.935873E-07  1.066531E-04 -9.169005E-07  1.922533E-04 -1.711183E-02  2.050141E-08  2.050544E-08
  1.360000E+03 -2.530759E-07  1.063690E-04 -1.963792E-07  1.927603E-04 -1.618705E-02  2.050103E-08  2.050390E-08
  1.361000E+03  3.120349E-07  1.066087E-04  2.702667E-07  1.923205E-04 -1.318703E-02  2.050125E-08  2.050377E-08
  1.362000E+03  3.332281E-07  1.065462E-04 -8.500661E-07  1.924475E-04 -1.837860E-02  2.050109E-08  2.050530E-08
  1.363000E+03 -2.771804E-07  1.063936E-04 -4.520954E-07  1.927030E-04 -1.389163E-02  2.050038E-08  2.050264E-08
  1.364000E+03  1.854208E-07  1.066743E-04  4.085488E-07  1.921968E-04 -1.523131E-02  2.050008E-08  2.050338E-08
  1.365000E+03  4.496931E-07  1.064214E-04 -6.863114E-07  1.926681E-04 -1.778052E-02  2.050077E-08  2.050451E-08
  1.366000E+03 -2.346902E-07  1.065084E-04 -7.104306E-07  1.924991E-04 -1.267793E-02  2.050112E-08  2.050332E-08
  1.367000E+03  3.217373E-08  1.066379E-04  4.357767E-07  1.922734E-04 -1.753572E-02  2.050049E-08  2.050441E-08
  1.368000E+03  5.258783E-07  1.063617E-04 -4.414794E-07  1.927702E-04 -1.566538E-02  2.050084E-08  2.050377E-08
  1.369000E+03 -1.299932E-07  1.066355E-04 -9.347790E-07  1.922765E-04 -1.345720E-02  2.050164E-08  2.050446E-08
  1.370000E+03 -1.257705E-07  1.065239E-04  3.447406E-07  1.924994E-04 -1.852350E-02  2.050228E-08  2.050622E-08
  1.371000E+03  5.460128E-07  1.064105E-04 -1.471131E-07  1.926871E-04 -1.341849E-02  2.050208E-08  2.050437E-08
  1.372000E+03  1.770645E-08  1.066900E-04 -1.080477E-06  1.921907E-04 -1.571510E-02  2.050230E-08  2.050604E-08
  1.373000E+03 -2.554820E-07  1.064029E-04  1.492886E-07  1.927214E-04 -1.758661E-02  2.050294E-08  2.050633E-08
  1.374000E+03  4.958748E-07  1.065382E-04  1.426312E-07  1.924652E-04 -1.249784E-02  2.050329E-08  2.050554E-08
  1.375000E+03  1.892478E-07  1.066351E-04 -1.105919E-06  1.923055E-04 -1.794810E-02  2.050321E-08  2.050757E-08
  1.376000E+03 -3.360105E-07  1.063578E-04 -1.281913E-07  1.927963E-04 -1.525909E-02  2.050300E-08  2.050559E-08
  1.377000E+03  3.791169E-07  1.066629E-04  3.841554E-07  1.922459E-04 -1.364627E-02  2.050359E-08  2.050645E-08
  1.378000E+03  3.598805E-07  1.065062E-04 -1.000432E-06  1.925529E-04 -1.864762E-02  2.050452E-08  2.050880E-08
  1.379000E+03 -3.504632E-07  1.064270E-04 -4.514602E-07  1.926758E-04 -1.301397E-02  2.050417E-08  2.050626E-08
  1.380000E+03  2.161191E-07  1.067034E-04  5.297548E-07  1.921858E-04 -1.618225E-02  2.050419E-08  2.050790E-08
  1.381000E+03  4.953810E-07  1.063831E-04 -7.792312E-07  1.927748E-04 -1.733056E-02  2.050490E-08  2.050848E-08
  1.382000E+03 -2.890325E-07  1.065695E-04 -7.606540E-07  1.924255E-04 -1.235090E-02  2.050513E-08  2.050742E-08
  1.383000E+03  3.029996E-08  1.066280E-04  5.433923E-07  1.923371E-04 -1.842624E-02  2.050503E-08  2.050924E-08
  1.384000E+03  5.745213E-07  1.063511E-04 -4.728319E-07  1.928232E-04 -1.473448E-02  2.050473E-08  2.050740E-08
  1.385000E+03 -1.590744E-07  1.066933E-04 -1.008966E-06  1.922057E-04 -1.386965E-02  2.050509E-08  2.050824E-08
  1.386000E+03 -1.501756E-07  1.064853E-04  4.191775E-07  1.926066E-04 -1.886529E-02  2.050613E-08  2.051012E-08
  1.387000E+03  5.814723E-07  1.064387E-04 -1.249150E-07  1.926679E-04 -1.249658E-02  2.050571E-08  2.050783E-08
  1.388000E+03  1.834521E-08  1.067199E-04 -1.150278E-06  1.921693E-04 -1.665661E-02  2.050545E-08  2.050962E-08
  1.389000E+03 -2.931000E-07  1.063595E-04  1.751195E-07  1.928254E-04 -1.721517E-02  2.050577E-08  2.050898E-08
  1.390000E+03  5.109872E-07  1.065924E-04  2.053145E-07  1.923922E-04 -1.204727E-02  2.050607E-08  2.050836E-08
  1.391000E+03  2.154022E-07  1.066267E-04 -1.154299E-06  1.923479E-04 -1.892275E-02  2.050575E-08  2.051046E-08
  1.392000E+03 -3.748926E-07  1.063346E-04 -1.513463E-07  1.928511E-04 -1.439546E-02  2.050463E-08  2.050695E-08
  1.393000E+03  3.755666E-07  1.067178E-04  4.627453E-07  1.921642E-04 -1.386380E-02  2.050538E-08  2.050850E-08
  1.394000E+03  3.981387E-07  1.064674E-04 -1.021030E-06  1.926384E-04 -1.919534E-02  2.050594E-08  2.051039E-08
  1.395000E+03 -3.760502E-07  1.064371E-04 -5.078549E-07  1.926623E-04 -1.208261E-02  2.050491E-08  2.050681E-08
  1.396000E+03  1.948279E-07  1.067337E-04  5.951172E-07  1.921390E-04 -1.695672E-02  2.050475E-08  2.050885E-08
  1.397000E+03  5.372709E-07  1.063348E-04 -7.677515E-07  1.928631E-04 -1.719434E-02  2.050504E-08  2.050856E-08
  1.398000E+03 -2.948208E-07  1.066057E-04 -8.384030E-07  1.923560E-04 -1.179182E-02  2.050483E-08  2.050712E-08
  1.399000E+03 -6.229451E-09  1.066214E-04  5.810077E-07  1.923451E-04 -1.934813E-02  2.050427E-08  2.050883E-08
  1.400000E+03  6.150686E-07  1.063168E-04 -4.305872E-07  1.928712E-04 -1.405494E-02  2.050343E-08  2.050590E-08
  1.401000E+03 -1.503115E-07  1.067346E-04 -1.094565E-06  1.921182E-04 -1.391002E-02  2.050367E-08  2.050704E-08
  1.402000E+03 -1.928690E-07  1.064458E-04  4.327752E-07  1.926587E-04 -1.947452E-02  2.050383E-08  2.050802E-08
  1.403000E+03  6.152857E-07  1.064323E-04 -6.576895E-08  1.926500E-04 -1.166782E-02  2.050277E-08  2.050472E-08
  1.404000E+03  3.435422E-08  1.067417E-04 -1.227924E-06  1.921048E-04 -1.724058E-02  2.050254E-08  2.050708E-08
  1.405000E+03 -3.344839E-07  1.063074E-04  1.736048E-07  1.928871E-04 -1.720712E-02  2.050230E-08  2.050549E-08
  1.406000E+03  5.348966E-07  1.066122E-04  2.690292E-07  1.923176E-04 -1.151462E-02  2.050205E-08  2.050432E-08
  1.407000E+03  2.340555E-07  1.066160E-04 -1.214482E-06  1.923321E-04 -1.971927E-02  2.050169E-08  2.050677E-08
  1.408000E+03 -4.108051E-07  1.062959E-04 -1.619707E-07  1.928836E-04 -1.382338E-02  2.050078E-08  2.050294E-08
  1.409000E+03  3.905561E-07  1.067472E-04  5.221817E-07  1.920731E-04 -1.387593E-02  2.050130E-08  2.050460E-08
  1.410000E+03  4.147183E-07  1.064293E-04 -1.062277E-06  1.926693E-04 -1.975006E-02  2.050167E-08  2.050633E-08
  1.411000E+03 -4.062556E-07  1.064271E-04 -5.185325E-07  1.926413E-04 -1.134542E-02  2.050093E-08  2.050268E-08
  1.412000E+03  2.066874E-07  1.067494E-04  6.456467E-07  1.920766E-04 -1.743670E-02  2.050095E-08  2.050534E-08
  1.413000E+03  5.491014E-07  1.062914E-04 -7.994592E-07  1.929070E-04 -1.722175E-02  2.050132E-08  2.050484E-08
  1.414000E+03 -3.215167E-07  1.066198E-04 -8.423203E-07  1.922937E-04 -1.135641E-02  2.050100E-08  2.050328E-08
  1.415000E+03  9.154002E-09  1.066135E-04  6.221376E-07  1.923326E-04 -1.993173E-02  2.050118E-08  2.050598E-08
  1.416000E+03  6.195464E-07  1.062905E-04 -4.638930E-07  1.928933E-04 -1.364662E-02  2.050081E-08  2.050317E-08
  1.417000E+03 -1.764926E-07  1.067562E-04 -1.084474E-06  1.920543E-04 -1.393856E-02  2.050099E-08  2.050449E-08
  1.418000E+03 -1.678637E-07  1.064198E-04  4.659718E-07  1.926856E-04 -1.982247E-02  2.050153E-08  2.050582E-08
  1.419000E+03  6.138110E-07  1.064318E-04 -1.136054E-07  1.926352E-04 -1.114429E-02  2.050124E-08  2.050307E-08
  1.420000E+03  4.412722E-09  1.067542E-04 -1.203487E-06  1.920729E-04 -1.759736E-02  2.050142E-08  2.050612E-08
  1.421000E+03 -2.980710E-07  1.062813E-04  2.059430E-07  1.929251E-04 -1.715492E-02  2.050132E-08  2.050446E-08
  1.422000E+03  5.334493E-07  1.066310E-04  1.988654E-07  1.922777E-04 -1.124602E-02  2.050146E-08  2.050373E-08
  1.423000E+03  1.938094E-07  1.066135E-04 -1.182680E-06  1.923442E-04 -2.008879E-02  2.050234E-08  2.050752E-08
  1.424000E+03 -3.622564E-07  1.062877E-04 -1.182180E-07  1.929062E-04 -1.348735E-02  2.050170E-08  2.050372E-08
  1.425000E+03  3.950012E-07  1.067712E-04  4.240448E-07  1.920410E-04 -1.397871E-02  2.050244E-08  2.050583E-08
  1.426000E+03  3.582525E-07  1.064183E-04 -1.030321E-06  1.927115E-04 -1.990088E-02  2.050397E-08  2.050861E-08
  1.427000E+03 -3.506677E-07  1.064397E-04 -4.481294E-07  1.926417E-04 -1.098763E-02  2.050349E-08  2.050511E-08
  1.428000E+03  2.239679E-07  1.067659E-04  5.245045E-07  1.920750E-04 -1.774338E-02  2.050383E-08  2.050833E-08
  1.429000E+03  4.749706E-07  1.062830E-04 -7.798868E-07  1.929520E-04 -1.711790E-02  2.050451E-08  2.050791E-08
  1.430000E+03 -2.708062E-07  1.066440E-04 -7.338620E-07  1.922820E-04 -1.118649E-02  2.050443E-08  2.050664E-08
  1.431000E+03  4.789122E-08  1.066193E-04  4.950872E-07  1.923613E-04 -2.020038E-02  2.050524E-08  2.051011E-08
  1.432000E+03  5.284223E-07  1.062932E-04 -4.740464E-07  1.929218E-04 -1.342391E-02  2.050442E-08  2.050662E-08
  1.433000E+03 -1.391582E-07  1.067806E-04 -9.331563E-07  1.920480E-04 -1.400084E-02  2.050499E-08  2.050846E-08
  1.434000E+03 -1.046278E-07  1.064199E-04  3.474427E-07  1.927286E-04 -1.993020E-02  2.050609E-08  2.051036E-08
  1.435000E+03  5.109440E-07  1.064445E-04 -1.632128E-07  1.926472E-04 -1.094080E-02  2.050501E-08  2.050670E-08
  1.436000E+03  2.263393E-08  1.067713E-04 -1.015447E-06  1.920796E-04 -1.779270E-02  2.050534E-08  2.051002E-08
  1.437000E+03 -2.126939E-07  1.062798E-04  1.088510E-07  1.929643E-04 -1.711704E-02  2.050521E-08  2.050828E-08
  1.438000E+03  4.344696E-07  1.066493E-04  1.031626E-07  1.922789E-04 -1.111880E-02  2.050513E-08  2.050730E-08
  1.439000E+03  1.834367E-07  1.066202E-04 -9.816575E-07  1.923643E-04 -2.030245E-02  2.050570E-08  2.051084E-08
  1.440000E+03 -2.579066E-07  1.062884E-04 -1.730522E-07  1.929310E-04 -1.334572E-02  2.050451E-08  2.050643E-08
  1.441000E+03  3.141860E-07  1.067890E-04  2.781646E-07  1.920357E-04 -1.399679E-02  2.050529E-08  2.050865E-08
  1.442000E+03  3.159861E-07  1.064155E-04 -8.418606E-07  1.927412E-04 -2.001452E-02  2.050655E-08  2.051109E-08
  1.443000E+03 -2.327964E-07  1.064443E-04 -4.503292E-07  1.926488E-04 -1.080072E-02  2.050517E-08  2.050669E-08
  1.444000E+03  1.694165E-07  1.067782E-04  3.332767E-07  1.920679E-04 -1.791441E-02  2.050537E-08  2.050990E-08
  1.445000E+03  4.041781E-07  1.062733E-04 -6.222499E-07  1.929819E-04 -1.710224E-02  2.050582E-08  2.050909E-08
  1.446000E+03 -1.541419E-07  1.066528E-04 -6.794101E-07  1.922732E-04 -1.099850E-02  2.050523E-08  2.050736E-08
  1.447000E+03  2.910449E-08  1.066212E-04  2.804737E-07  1.923575E-04 -2.048594E-02  2.050508E-08  2.051002E-08
  1.448000E+03  4.362116E-07  1.062805E-04 -3.709292E-07  1.929415E-04 -1.326385E-02  2.050412E-08  2.050616E-08
  1.449000E+03 -4.343015E-08  1.067929E-04 -8.217496E-07  1.920239E-04 -1.391843E-02  2.050481E-08  2.050825E-08
  1.450000E+03 -8.425791E-08  1.064098E-04  1.455825E-07  1.927370E-04 -2.020029E-02  2.050493E-08  2.050927E-08
  1.451000E+03  4.092992E-07  1.064352E-04 -1.298752E-07  1.926476E-04 -1.069445E-02  2.050331E-08  2.050485E-08
  1.452000E+03  8.238698E-08  1.067809E-04 -8.596942E-07  1.920486E-04 -1.790531E-02  2.050383E-08  2.050853E-08
  1.453000E+03 -1.565792E-07  1.062612E-04 -4.839156E-08  1.929812E-04 -1.723262E-02  2.050338E-08  2.050646E-08
  1.454000E+03  3.379098E-07  1.066457E-04  6.294048E-08  1.922584E-04 -1.088804E-02  2.050232E-08  2.050438E-08
  1.455000E+03  1.977672E-07  1.066186E-04 -8.031504E-07  1.923361E-04 -2.058149E-02  2.050226E-08  2.050744E-08
  1.456000E+03 -1.757747E-07  1.062659E-04 -2.601997E-07  1.929418E-04 -1.324478E-02  2.050133E-08  2.050319E-08
  1.457000E+03  2.399503E-07  1.067900E-04  1.709954E-07  1.919979E-04 -1.386640E-02  2.050149E-08  2.050481E-08
  1.458000E+03  2.843993E-07  1.064008E-04 -6.739541E-07  1.927239E-04 -2.032825E-02  2.050175E-08  2.050633E-08
  1.459000E+03 -1.434492E-07  1.064234E-04 -4.528794E-07  1.926421E-04 -1.056319E-02  2.050048E-08  2.050190E-08
  1.460000E+03  1.349985E-07  1.067811E-04  1.833344E-07  1.920233E-04 -1.791051E-02  2.050118E-08  2.050574E-08
  1.461000E+03  3.330256E-07  1.062521E-04 -5.037249E-07  1.929769E-04 -1.733115E-02  2.050114E-08  2.050440E-08
  1.462000E+03 -7.687720E-08  1.066375E-04 -5.958914E-07  1.922525E-04 -1.074715E-02  2.050014E-08  2.050216E-08
  1.463000E+03  4.566608E-08  1.066233E-04  1.174601E-07  1.923155E-04 -2.060642E-02  2.050097E-08  2.050598E-08
  1.464000E+03  3.371604E-07  1.062585E-04 -3.320116E-07  1.929471E-04 -1.333488E-02  2.050044E-08  2.050241E-08
  1.465000E+03  7.664585E-09  1.067861E-04 -6.648361E-07  1.919966E-04 -1.369515E-02  2.050065E-08  2.050398E-08
  1.466000E+03 -1.782362E-08  1.064081E-04 -2.157456E-09  1.927062E-04 -2.042482E-02  2.050123E-08  2.050567E-08
  1.467000E+03  3.030827E-07  1.064157E-04 -1.833257E-07  1.926563E-04 -1.060789E-02  2.050049E-08  2.050193E-08
  1.468000E+03  9.298728E-08  1.067830E-04 -6.596181E-07  1.920204E-04 -1.772789E-02  2.050129E-08  2.050588E-08
  1.469000E+03 -4.766624E-08  1.062585E-04 -1.475236E-07  1.929669E-04 -1.748956E-02  2.050124E-08  2.050440E-08
  1.470000E+03  2.460022E-07  1.066316E-04 -8.387788E-08  1.922692E-04 -1.072772E-02  2.050078E-08  2.050273E-08
  1.471000E+03  1.569999E-07  1.066317E-04 -5.940778E-07  1.923109E-04 -2.046985E-02  2.050215E-08  2.050724E-08
  1.472000E+03 -3.765294E-08  1.062642E-04 -2.799088E-07  1.929506E-04 -1.349934E-02  2.050187E-08  2.050378E-08
  1.473000E+03  1.790825E-07  1.067827E-04 -5.528545E-08  1.920142E-04 -1.363494E-02  2.050189E-08  2.050508E-08
  1.474000E+03  1.922797E-07  1.064213E-04 -4.886127E-07  1.927004E-04 -2.035482E-02  2.050318E-08  2.050770E-08
  1.475000E+03  1.702547E-09  1.064175E-04 -3.772293E-07  1.926714E-04 -1.076703E-02  2.050243E-08  2.050384E-08
  1.476000E+03  1.182563E-07  1.067822E-04 -8.845841E-08  1.920376E-04 -1.755689E-02  2.050303E-08  2.050743E-08
  1.477000E+03  1.974164E-07  1.062736E-04 -3.733647E-07  1.929543E-04 -1.757399E-02  2.050279E-08  2.050605E-08
  1.478000E+03  5.318717E-08  1.066238E-04 -4.243364E-07  1.922979E-04 -1.079637E-02  2.050233E-08  2.050425E-08
  1.479000E+03  8.138089E-08  1.066400E-04 -1.625913E-07  1.923117E-04 -2.021233E-02  2.050394E-08  2.050882E-08
  1.480000E+03  1.687739E-07  1.062720E-04 -2.806358E-07  1.929450E-04 -1.377219E-02  2.050271E-08  2.050472E-08
  1.481000E+03  1.056680E-07  1.067727E-04 -4.061052E-07  1.920448E-04 -1.348888E-02  2.050327E-08  2.050639E-08
  1.482000E+03  7.068354E-08  1.064399E-04 -2.575170E-07  1.926825E-04 -2.023945E-02  2.050491E-08  2.050932E-08
  1.483000E+03  1.229081E-07  1.064159E-04 -2.266997E-07  1.926904E-04 -1.103640E-02  2.050408E-08  2.050553E-08
  1.484000E+03  1.422018E-07  1.067806E-04 -3.427140E-07  1.920548E-04 -1.729452E-02  2.050466E-08  2.050898E-08
  1.485000E+03  8.735870E-08  1.062930E-04 -3.409630E-07  1.929376E-04 -1.767606E-02  2.050472E-08  2.050799E-08
  1.486000E+03  7.838054E-08  1.066188E-04 -2.272540E-07  1.923313E-04 -1.091345E-02  2.050491E-08  2.050679E-08
  1.487000E+03  1.497851E-07  1.066492E-04 -2.610991E-07  1.923160E-04 -1.998189E-02  2.050626E-08  2.051109E-08
  1.488000E+03  1.322519E-07  1.062845E-04 -3.881095E-07  1.929440E-04 -1.399253E-02  2.050495E-08  2.050704E-08
  1.489000E+03  4.351296E-08  1.067688E-04 -2.899428E-07  1.920744E-04 -1.346096E-02  2.050570E-08  2.050874E-08
  1.490000E+03  1.297337E-07  1.064528E-04 -1.784811E-07  1.926799E-04 -2.011641E-02  2.050717E-08  2.051155E-08
  1.491000E+03  1.878839E-07  1.064176E-04 -3.889467E-07  1.927012E-04 -1.124354E-02  2.050551E-08  2.050705E-08
  1.492000E+03  3.280888E-08  1.067782E-04 -3.910259E-07  1.920680E-04 -1.717694E-02  2.050565E-08  2.050990E-08
  1.493000E+03  8.609275E-08  1.063024E-04 -1.261334E-07  1.929295E-04 -1.767910E-02  2.050567E-08  2.050892E-08
  1.494000E+03  2.321582E-07  1.066111E-04 -3.354782E-07  1.923469E-04 -1.099664E-02  2.050507E-08  2.050700E-08
  1.495000E+03  5.345930E-08  1.066492E-04 -4.924700E-07  1.923088E-04 -1.986284E-02  2.050553E-08  2.051035E-08
  1.496000E+03  2.520326E-08  1.062850E-04 -1.226829E-07  1.929352E-04 -1.410421E-02  2.050408E-08  2.050616E-08
  1.497000E+03  2.541845E-07  1.067573E-04 -2.322647E-07  1.920850E-04 -1.338203E-02  2.050464E-08  2.050767E-08
  1.498000E+03  9.885629E-08  1.064552E-04 -5.682225E-07  1.926568E-04 -2.009363E-02  2.050517E-08  2.050963E-08
  1.499000E+03 -3.276790E-08  1.064096E-04 -1.697253E-07  1.926986E-04 -1.137420E-02  2.050366E-08  2.050516E-08
  1.500000E+03  2.396312E-07  1.067697E-04 -1.084253E-07  1.920646E-04 -1.703365E-02  2.050371E-08  2.050791E-08
  1.501000E+03  1.651267E-07  1.063043E-04 -5.874694E-07  1.929074E-04 -1.772855E-02  2.050366E-08  2.050704E-08
  1.502000E+03 -6.952011E-08  1.066013E-04 -2.728605E-07  1.923465E-04 -1.109225E-02  2.050312E-08  2.050501E-08
  1.503000E+03  1.873394E-07  1.066443E-04  1.087004E-09  1.922969E-04 -1.976798E-02  2.050336E-08  2.050810E-08
  1.504000E+03  2.415620E-07  1.062835E-04 -5.402360E-07  1.929216E-04 -1.415399E-02  2.050232E-08  2.050454E-08
  1.505000E+03 -7.439216E-08  1.067499E-04 -4.188229E-07  1.920818E-04 -1.340980E-02  2.050286E-08  2.050587E-08
  1.506000E+03  1.096035E-07  1.064523E-04  6.657401E-08  1.926432E-04 -2.007750E-02  2.050318E-08  2.050755E-08
  1.507000E+03  3.049744E-07  1.064014E-04 -4.338717E-07  1.926921E-04 -1.141240E-02  2.050137E-08  2.050300E-08
  1.508000E+03 -3.638472E-08  1.067667E-04 -5.701864E-07  1.920531E-04 -1.696877E-02  2.050193E-08  2.050615E-08
  1.509000E+03  1.771411E-08  1.063013E-04  5.839864E-08  1.928953E-04 -1.781485E-02  2.050177E-08  2.050506E-08
  1.510000E+03  3.380878E-07  1.065884E-04 -2.780190E-07  1.923474E-04 -1.104713E-02  2.050074E-08  2.050269E-08
  1.511000E+03  3.978255E-08  1.066463E-04 -6.897703E-07  1.922740E-04 -1.970398E-02  2.050134E-08  2.050618E-08
  1.512000E+03 -7.251329E-08  1.062778E-04 -2.559486E-08  1.929174E-04 -1.428680E-02  2.050075E-08  2.050287E-08
  1.513000E+03  3.315345E-07  1.067372E-04 -9.686139E-08  1.920851E-04 -1.325845E-02  2.050082E-08  2.050381E-08
  1.514000E+03  1.394718E-07  1.064590E-04 -7.487185E-07  1.926129E-04 -2.009821E-02  2.050124E-08  2.050580E-08
  1.515000E+03 -1.373060E-07  1.063919E-04 -1.738953E-07  1.927000E-04 -1.152949E-02  2.050035E-08  2.050189E-08
  1.516000E+03  2.737819E-07  1.067619E-04  7.141532E-08  1.920528E-04 -1.672964E-02  2.050105E-08  2.050515E-08
  1.517000E+03  2.524365E-07  1.063111E-04 -7.171030E-07  1.928717E-04 -1.795382E-02  2.050110E-08  2.050466E-08
  1.518000E+03 -1.624171E-07  1.065761E-04 -3.767217E-07  1.923666E-04 -1.111404E-02  2.050041E-08  2.050229E-08
  1.519000E+03  1.728103E-07  1.066528E-04  1.932065E-07  1.922664E-04 -1.943988E-02  2.050188E-08  2.050654E-08
  1.520000E+03  3.567270E-07  1.062874E-04 -5.947280E-07  1.929085E-04 -1.454674E-02  2.050158E-08  2.050399E-08
  1.521000E+03 -1.392342E-07  1.067253E-04 -5.973508E-07  1.921145E-04 -1.318568E-02  2.050169E-08  2.050461E-08
  1.522000E+03  4.807246E-08  1.064761E-04  2.376672E-07  1.925947E-04 -1.994051E-02  2.050266E-08  2.050703E-08
  1.523000E+03  4.254870E-07  1.063928E-04 -4.003009E-07  1.927134E-04 -1.182127E-02  2.050189E-08  2.050368E-08
  1.524000E+03 -6.094354E-08  1.067577E-04 -7.881703E-07  1.920767E-04 -1.645856E-02  2.050289E-08  2.050697E-08
  1.525000E+03 -8.484301E-08  1.063312E-04  1.802512E-07  1.928499E-04 -1.804644E-02  2.050263E-08  2.050605E-08
  1.526000E+03  4.465495E-07  1.065659E-04 -1.555463E-07  1.924025E-04 -1.123670E-02  2.050225E-08  2.050424E-08
  1.527000E+03  5.855710E-08  1.066627E-04 -9.153828E-07  1.922656E-04 -1.913052E-02  2.050381E-08  2.050856E-08
  1.528000E+03 -2.011990E-07  1.063000E-04  3.032828E-08  1.929025E-04 -1.484933E-02  2.050327E-08  2.050560E-08
  1.529000E+03  4.118185E-07  1.067110E-04  9.699002E-08  1.921554E-04 -1.305011E-02  2.050335E-08  2.050621E-08
  1.530000E+03  1.998577E-07  1.064971E-04 -9.491842E-07  1.925697E-04 -1.979299E-02  2.050409E-08  2.050870E-08
  1.531000E+03 -2.742038E-07  1.063929E-04 -1.934317E-07  1.927315E-04 -1.216291E-02  2.050376E-08  2.050549E-08
  1.532000E+03  3.167512E-07  1.067511E-04  3.081872E-07  1.921043E-04 -1.612521E-02  2.050469E-08  2.050856E-08
  1.533000E+03  3.483596E-07  1.063546E-04 -8.701816E-07  1.928217E-04 -1.814567E-02  2.050409E-08  2.050787E-08
  1.534000E+03 -2.916360E-07  1.065569E-04 -4.712788E-07  1.924370E-04 -1.146272E-02  2.050415E-08  2.050610E-08
  1.535000E+03  1.766501E-07  1.066685E-04  4.431304E-07  1.922741E-04 -1.874711E-02  2.050598E-08  2.051043E-08
  1.536000E+03  4.771109E-07  1.063172E-04 -6.888975E-07  1.928880E-04 -1.513290E-02  2.050497E-08  2.050770E-08
  1.537000E+03 -2.444650E-07  1.066988E-04 -7.570096E-07  1.921922E-04 -1.309121E-02  2.050492E-08  2.050779E-08
  1.538000E+03  1.458943E-08  1.065106E-04  4.675498E-07  1.925620E-04 -1.950341E-02  2.050600E-08  2.051029E-08
  1.539000E+03  5.560691E-07  1.064007E-04 -4.288266E-07  1.927344E-04 -1.246867E-02  2.050549E-08  2.050755E-08
  1.540000E+03 -1.329273E-07  1.067418E-04 -9.917052E-07  1.921316E-04 -1.602055E-02  2.050583E-08  2.050979E-08
  1.541000E+03 -1.482652E-07  1.063696E-04  3.666713E-07  1.928059E-04 -1.803610E-02  2.050536E-08  2.050885E-08
  1.542000E+03  5.723805E-07  1.065547E-04 -1.221059E-07  1.924545E-04 -1.165760E-02  2.050554E-08  2.050769E-08
  1.543000E+03  2.255893E-08  1.066663E-04 -1.135532E-06  1.922816E-04 -1.859712E-02  2.050642E-08  2.051108E-08
  1.544000E+03 -2.829951E-07  1.063274E-04  1.596054E-07  1.928750E-04 -1.520497E-02  2.050553E-08  2.050803E-08
  1.545000E+03  5.165587E-07  1.066899E-04  1.815435E-07  1.922140E-04 -1.312106E-02  2.050552E-08  2.050840E-08
  1.546000E+03  1.984969E-07  1.065156E-04 -1.153024E-06  1.925511E-04 -1.938013E-02  2.050585E-08  2.051045E-08
  1.547000E+03 -3.621916E-07  1.064031E-04 -1.274310E-07  1.927287E-04 -1.267181E-02  2.050529E-08  2.050721E-08
  1.548000E+03  3.913870E-07  1.067304E-04  4.265197E-07  1.921476E-04 -1.592098E-02  2.050539E-08  2.050917E-08
  1.549000E+03  3.717970E-07  1.063767E-04 -1.033004E-06  1.927854E-04 -1.796242E-02  2.050457E-08  2.050840E-08
  1.550000E+03 -3.739354E-07  1.065501E-04 -4.578661E-07  1.924525E-04 -1.189594E-02  2.050439E-08  2.050647E-08
  1.551000E+03  2.198963E-07  1.066543E-04  5.729357E-07  1.922876E-04 -1.843781E-02  2.050481E-08  2.050916E-08
  1.552000E+03  5.115496E-07  1.063310E-04 -7.982569E-07  1.928494E-04 -1.519500E-02  2.050350E-08  2.050635E-08
  1.553000E+03 -3.096033E-07  1.066795E-04 -7.774635E-07  1.922106E-04 -1.330657E-02  2.050311E-08  2.050602E-08
  1.554000E+03  2.907391E-08  1.065045E-04  5.845011E-07  1.925455E-04 -1.921086E-02  2.050317E-08  2.050738E-08
  1.555000E+03  5.923036E-07  1.064021E-04 -4.832352E-07  1.927026E-04 -1.271068E-02  2.050231E-08  2.050451E-08
  1.556000E+03 -1.766889E-07  1.067163E-04 -1.031059E-06  1.921428E-04 -1.601174E-02  2.050213E-08  2.050606E-08
  1.557000E+03 -1.522260E-07  1.063704E-04  4.550986E-07  1.927688E-04 -1.781549E-02  2.050164E-08  2.050508E-08
  1.558000E+03  6.015462E-07  1.065451E-04 -1.353560E-07  1.924352E-04 -1.196843E-02  2.050157E-08  2.050382E-08
  1.559000E+03  9.805694E-10  1.066433E-04 -1.177032E-06  1.922810E-04 -1.842990E-02  2.050200E-08  2.050659E-08
  1.560000E+03 -2.920231E-07  1.063303E-04  2.083009E-07  1.928315E-04 -1.513050E-02  2.050148E-08  2.050399E-08
  1.561000E+03  5.310215E-07  1.066733E-04  1.887864E-07  1.922083E-04 -1.333950E-02  2.050168E-08  2.050460E-08
  1.562000E+03  1.974588E-07  1.065033E-04 -1.180559E-06  1.925369E-04 -1.915844E-02  2.050205E-08  2.050657E-08
  1.563000E+03 -3.683259E-07  1.064015E-04 -1.209851E-07  1.926954E-04 -1.277458E-02  2.050140E-08  2.050336E-08
  1.564000E+03  3.918804E-07  1.067118E-04  4.381601E-07  1.921489E-04 -1.593149E-02  2.050194E-08  2.050570E-08
  1.565000E+03  3.815055E-07  1.063786E-04 -1.040958E-06  1.927560E-04 -1.782647E-02  2.050186E-08  2.050566E-08
  1.566000E+03 -3.707251E-07  1.065396E-04 -4.791620E-07  1.924451E-04 -1.208463E-02  2.050152E-08  2.050365E-08
  1.567000E+03  2.097652E-07  1.066426E-04  5.739510E-07  1.922833E-04 -1.824912E-02  2.050217E-08  2.050643E-08
  1.568000E+03  5.192077E-07  1.063399E-04 -7.839583E-07  1.928175E-04 -1.525585E-02  2.050181E-08  2.050468E-08
  1.569000E+03 -2.933772E-07  1.066629E-04 -8.041196E-07  1.922281E-04 -1.338586E-02  2.050176E-08  2.050466E-08
  1.570000E+03  1.117091E-08  1.065060E-04  5.656587E-07  1.925270E-04 -1.898979E-02  2.050157E-08  2.050570E-08
  1.571000E+03  5.916858E-07  1.064048E-04 -4.477811E-07  1.926878E-04 -1.293548E-02  2.050119E-08  2.050345E-08
  1.572000E+03 -1.523946E-07  1.067021E-04 -1.047340E-06  1.921635E-04 -1.586880E-02  2.050167E-08  2.050550E-08
  1.573000E+03 -1.706460E-07  1.063844E-04  4.208512E-07  1.927394E-04 -1.775560E-02  2.050124E-08  2.050467E-08
  1.574000E+03  5.904306E-07  1.065347E-04 -9.133371E-08  1.924502E-04 -1.219778E-02  2.050109E-08  2.050336E-08
  1.575000E+03  2.640407E-08  1.066411E-04 -1.173597E-06  1.922843E-04 -1.810610E-02  2.050205E-08  2.050650E-08
  1.576000E+03 -3.038287E-07  1.063480E-04  1.670836E-07  1.928066E-04 -1.532758E-02  2.050219E-08  2.050477E-08
  1.577000E+03  5.111900E-07  1.066577E-04  2.261484E-07  1.922484E-04 -1.336290E-02  2.050294E-08  2.050579E-08
  1.578000E+03  2.190033E-07  1.065174E-04 -1.157288E-06  1.925206E-04 -1.888488E-02  2.050314E-08  2.050757E-08
  1.579000E+03 -3.717490E-07  1.064114E-04 -1.606513E-07  1.926964E-04 -1.311369E-02  2.050334E-08  2.050540E-08
  1.580000E+03  3.707595E-07  1.067026E-04  4.600585E-07  1.921900E-04 -1.570227E-02  2.050464E-08  2.050825E-08
  1.581000E+03  3.953052E-07  1.064039E-04 -1.009590E-06  1.927318E-04 -1.779150E-02  2.050417E-08  2.050799E-08
  1.582000E+03 -3.666014E-07  1.065348E-04 -5.091159E-07  1.924779E-04 -1.237128E-02  2.050403E-08  2.050620E-08
  1.583000E+03  1.942166E-07  1.066455E-04  5.770800E-07  1.923022E-04 -1.785899E-02  2.050488E-08  2.050898E-08
  1.584000E+03  5.243927E-07  1.063664E-04 -7.572855E-07  1.927987E-04 -1.548044E-02  2.050485E-08  2.050781E-08
  1.585000E+03 -2.860551E-07  1.066496E-04 -8.195298E-07  1.922816E-04 -1.346830E-02  2.050489E-08  2.050773E-08
  1.586000E+03  6.525725E-09  1.065232E-04  5.546843E-07  1.925220E-04 -1.862018E-02  2.050450E-08  2.050851E-08
  1.587000E+03  5.888008E-07  1.064247E-04 -4.366206E-07  1.926882E-04 -1.332981E-02  2.050495E-08  2.050732E-08
  1.588000E+03 -1.475941E-07  1.066906E-04 -1.045154E-06  1.922203E-04 -1.571591E-02  2.050558E-08  2.050928E-08
  1.589000E+03 -1.608467E-07  1.064135E-04  4.044095E-07  1.927211E-04 -1.756583E-02  2.050497E-08  2.050835E-08
  1.590000E+03  5.796007E-07  1.065399E-04 -1.027002E-07  1.924773E-04 -1.262486E-02  2.050487E-08  2.050723E-08
  1.591000E+03  2.251670E-08  1.066360E-04 -1.149621E-06  1.923241E-04 -1.774786E-02  2.050544E-08  2.050970E-08
  1.592000E+03 -2.789210E-07  1.063784E-04  1.567551E-07  1.927812E-04 -1.540265E-02  2.050531E-08  2.050793E-08
  1.593000E+03  4.989268E-07  1.066452E-04  1.862692E-07  1.922927E-04 -1.366789E-02  2.050517E-08  2.050803E-08
  1.594000E+03  1.980091E-07  1.065205E-04 -1.118194E-06  1.925287E-04 -1.842107E-02  2.050477E-08  2.050899E-08
  1.595000E+03 -3.335158E-07  1.064357E-04 -1.471199E-07  1.926715E-04 -1.343110E-02  2.050528E-08  2.050743E-08
  1.596000E+03  3.643330E-07  1.066792E-04  3.899195E-07  1.922405E-04 -1.579969E-02  2.050552E-08  2.050905E-08
  1.597000E+03  3.507211E-07  1.064181E-04 -9.649280E-07  1.927100E-04 -1.737923E-02  2.050473E-08  2.050836E-08
  1.598000E+03 -3.176115E-07  1.065445E-04 -4.571978E-07  1.924688E-04 -1.284532E-02  2.050481E-08  2.050708E-08
  1.599000E+03  2.003403E-07  1.066223E-04  4.768719E-07  1.923437E-04 -1.767207E-02  2.050493E-08  2.050886E-08
  1.600000E+03  4.578869E-07  1.063874E-04 -7.213849E-07  1.927557E-04 -1.532376E-02  2.050438E-08  2.050724E-08
  1.601000E+03 -2.382094E-07  1.066378E-04 -7.239201E-07  1.922951E-04 -1.391505E-02  2.050395E-08  2.050683E-08
  1.602000E+03  3.596126E-08  1.065091E-04  4.399322E-07  1.925344E-04 -1.818679E-02  2.050328E-08  2.050707E-08
  1.603000E+03  5.052431E-07  1.064445E-04 -4.340313E-07  1.926382E-04 -1.351927E-02  2.050341E-08  2.050579E-08
  1.604000E+03 -1.126247E-07  1.066611E-04 -9.069300E-07  1.922530E-04 -1.595161E-02  2.050329E-08  2.050691E-08
  1.605000E+03 -9.942128E-08  1.064145E-04  2.918084E-07  1.926971E-04 -1.705926E-02  2.050279E-08  2.050597E-08
  1.606000E+03  4.841586E-07  1.065502E-04 -1.541121E-07  1.924407E-04 -1.309173E-02  2.050283E-08  2.050526E-08
  1.607000E+03  3.758559E-08  1.066007E-04 -9.738310E-07  1.923633E-04 -1.765534E-02  2.050286E-08  2.050690E-08
  1.608000E+03 -1.865797E-07  1.063924E-04  6.081417E-08  1.927281E-04 -1.506985E-02  2.050247E-08  2.050497E-08
  1.609000E+03  4.049020E-07  1.066366E-04  7.338094E-08  1.922832E-04 -1.421252E-02  2.050237E-08  2.050529E-08
  1.610000E+03  1.833425E-07  1.064953E-04 -9.237701E-07  1.925480E-04 -1.802948E-02  2.050213E-08  2.050605E-08
  1.611000E+03 -2.169429E-07  1.064535E-04 -2.023565E-07  1.926122E-04 -1.344639E-02  2.050239E-08  2.050454E-08
  1.612000E+03  2.874050E-07  1.066531E-04  2.173388E-07  1.922596E-04 -1.614404E-02  2.050241E-08  2.050593E-08
  1.613000E+03  2.969254E-07  1.064127E-04 -7.757691E-07  1.926940E-04 -1.688876E-02  2.050217E-08  2.050551E-08
  1.614000E+03 -1.873895E-07  1.065551E-04 -4.457430E-07  1.924289E-04 -1.317876E-02  2.050251E-08  2.050485E-08
  1.615000E+03  1.529347E-07  1.065902E-04  2.563479E-07  1.923765E-04 -1.765971E-02  2.050225E-08  2.050604E-08
  1.616000E+03  3.649081E-07  1.063991E-04 -5.617506E-07  1.927107E-04 -1.498340E-02  2.050194E-08  2.050460E-08
  1.617000E+03 -1.118508E-07  1.066331E-04 -6.330614E-07  1.922868E-04 -1.436396E-02  2.050202E-08  2.050495E-08
  1.618000E+03  2.983689E-08  1.064891E-04  1.972461E-07  1.925547E-04 -1.786695E-02  2.050172E-08  2.050531E-08
  1.619000E+03  3.812545E-07  1.064609E-04 -3.327995E-07  1.925923E-04 -1.350826E-02  2.050168E-08  2.050398E-08
  1.620000E+03 -9.346727E-09  1.066438E-04 -7.388163E-07  1.922727E-04 -1.621252E-02  2.050199E-08  2.050556E-08
  1.621000E+03 -5.906976E-08  1.064153E-04  6.080006E-08  1.926884E-04 -1.669224E-02  2.050214E-08  2.050517E-08
  1.622000E+03  3.455624E-07  1.065609E-04 -1.332486E-07  1.924218E-04 -1.331968E-02  2.050283E-08  2.050524E-08
  1.623000E+03  1.023634E-07  1.065813E-04 -7.494370E-07  1.923943E-04 -1.762114E-02  2.050245E-08  2.050633E-08
  1.624000E+03 -1.043526E-07  1.064093E-04 -1.250519E-07  1.926988E-04 -1.485422E-02  2.050268E-08  2.050512E-08
  1.625000E+03  2.743275E-07  1.066369E-04  6.582034E-09  1.922950E-04 -1.452387E-02  2.050358E-08  2.050650E-08
  1.626000E+03  1.995454E-07  1.064867E-04 -6.800951E-07  1.925722E-04 -1.775223E-02  2.050316E-08  2.050685E-08
  1.627000E+03 -1.039117E-07  1.064750E-04 -3.154090E-07  1.925839E-04 -1.349700E-02  2.050351E-08  2.050569E-08
  1.628000E+03  1.859021E-07  1.066431E-04  6.937448E-08  1.922936E-04 -1.633058E-02  2.050405E-08  2.050752E-08
  1.629000E+03  2.628929E-07  1.064202E-04 -5.527809E-07  1.926966E-04 -1.654744E-02  2.050401E-08  2.050714E-08
  1.630000E+03 -6.196197E-08  1.065708E-04 -4.694837E-07  1.924202E-04 -1.343818E-02  2.050453E-08  2.050695E-08
  1.631000E+03  9.641782E-08  1.065770E-04  5.175869E-08  1.924178E-04 -1.760243E-02  2.050414E-08  2.050783E-08
  1.632000E+03  2.872953E-07  1.064224E-04 -3.953605E-07  1.926921E-04 -1.477320E-02  2.050451E-08  2.050705E-08
  1.633000E+03  4.487618E-09  1.066373E-04 -5.650377E-07  1.923083E-04 -1.470765E-02  2.050503E-08  2.050802E-08
  1.634000E+03  2.636788E-08  1.064868E-04 -2.775698E-08  1.925874E-04 -1.756447E-02  2.050485E-08  2.050830E-08
  1.635000E+03  2.719947E-07  1.064900E-04 -2.473631E-07  1.925724E-04 -1.359131E-02  2.050513E-08  2.050741E-08
  1.636000E+03  7.800805E-08  1.066346E-04 -5.880424E-07  1.923201E-04 -1.642727E-02  2.050521E-08  2.050875E-08
  1.637000E+03 -1.101722E-08  1.064274E-04 -1.446141E-07  1.926937E-04 -1.632249E-02  2.050517E-08  2.050808E-08
  1.638000E+03  2.245432E-07  1.065790E-04 -1.400975E-07  1.924160E-04 -1.366069E-02  2.050560E-08  2.050808E-08
  1.639000E+03  1.442735E-07  1.065651E-04 -5.429532E-07  1.924439E-04 -1.753386E-02  2.050465E-08  2.050837E-08
  1.640000E+03 -1.223423E-08  1.064364E-04 -2.733204E-07  1.926726E-04 -1.464542E-02  2.050518E-08  2.050760E-08
  1.641000E+03  1.603005E-07  1.066359E-04 -9.147129E-08  1.923193E-04 -1.495659E-02  2.050584E-08  2.050884E-08
  1.642000E+03  1.872712E-07  1.064804E-04 -4.482791E-07  1.926026E-04 -1.734888E-02  2.050533E-08  2.050877E-08
  1.643000E+03  2.159909E-08  1.065075E-04 -3.817580E-07  1.925491E-04 -1.365439E-02  2.050601E-08  2.050829E-08
  1.644000E+03  9.587917E-08  1.066234E-04 -1.112576E-07  1.923478E-04 -1.659154E-02  2.050596E-08  2.050942E-08
  1.645000E+03  1.980196E-07  1.064303E-04 -3.300403E-07  1.926906E-04 -1.604293E-02  2.050549E-08  2.050838E-08
  1.646000E+03  7.721385E-08  1.065892E-04 -4.428120E-07  1.923976E-04 -1.394349E-02  2.050551E-08  2.050810E-08
  1.647000E+03  4.941491E-08  1.065466E-04 -1.865643E-07  1.924750E-04 -1.747850E-02  2.050442E-08  2.050799E-08
  1.648000E+03  1.763834E-07  1.064477E-04 -2.236040E-07  1.926434E-04 -1.447415E-02  2.050430E-08  2.050671E-08
  1.649000E+03  1.366984E-07  1.066290E-04 -4.433234E-07  1.923181E-04 -1.530932E-02  2.050428E-08  2.050742E-08
  1.650000E+03  3.604894E-08  1.064665E-04 -2.932647E-07  1.926153E-04 -1.704653E-02  2.050410E-08  2.050736E-08
  1.651000E+03  1.243662E-07  1.065208E-04 -1.600212E-07  1.925103E-04 -1.372737E-02  2.050442E-08  2.050675E-08
  1.652000E+03  1.861141E-07  1.066029E-04 -3.771764E-07  1.923667E-04 -1.679114E-02  2.050396E-08  2.050751E-08
  1.653000E+03  5.846190E-08  1.064286E-04 -4.060319E-07  1.926760E-04 -1.567590E-02  2.050372E-08  2.050648E-08
  1.654000E+03  6.022127E-08  1.065969E-04 -1.576739E-07  1.923716E-04 -1.420729E-02  2.050416E-08  2.050681E-08
  1.655000E+03  2.089120E-07  1.065257E-04 -2.681523E-07  1.925008E-04 -1.743478E-02  2.050316E-08  2.050672E-08
  1.656000E+03  1.108921E-07  1.064583E-04 -4.883561E-07  1.926137E-04 -1.424561E-02  2.050325E-08  2.050565E-08
  1.657000E+03  3.012358E-09  1.066278E-04 -2.190185E-07  1.923169E-04 -1.562376E-02  2.050382E-08  2.050700E-08
  1.658000E+03  1.919420E-07  1.064544E-04 -1.440638E-07  1.926324E-04 -1.683601E-02  2.050365E-08  2.050683E-08
  1.659000E+03  1.847366E-07  1.065353E-04 -5.083296E-07  1.924807E-04 -1.372507E-02  2.050405E-08  2.050650E-08
  1.660000E+03 -3.362011E-08  1.065907E-04 -3.370512E-07  1.923843E-04 -1.700669E-02  2.050341E-08  2.050696E-08
  1.661000E+03  1.384825E-07  1.064268E-04 -3.394502E-08  1.926727E-04 -1.538864E-02  2.050310E-08  2.050574E-08
  1.662000E+03  2.570191E-07  1.066048E-04 -4.558233E-07  1.923487E-04 -1.442524E-02  2.050315E-08  2.050600E-08
  1.663000E+03 -3.288971E-08  1.065078E-04 -4.789257E-07  1.925229E-04 -1.743044E-02  2.050207E-08  2.050560E-08
  1.664000E+03  5.824093E-08  1.064647E-04  2.239012E-08  1.925888E-04 -1.405415E-02  2.050188E-08  2.050418E-08
  1.665000E+03  3.075677E-07  1.066243E-04 -3.352989E-07  1.923102E-04 -1.590042E-02  2.050234E-08  2.050572E-08
  1.666000E+03  1.459089E-08  1.064412E-04 -6.119534E-07  1.926437E-04 -1.664233E-02  2.050238E-08  2.050554E-08
  1.667000E+03 -3.555089E-08  1.065461E-04 -2.940558E-09  1.924511E-04 -1.370713E-02  2.050299E-08  2.050536E-08
  1.668000E+03  3.259023E-07  1.065779E-04 -1.650871E-07  1.923962E-04 -1.719995E-02  2.050216E-08  2.050582E-08
  1.669000E+03  9.864537E-08  1.064238E-04 -7.083151E-07  1.926669E-04 -1.512438E-02  2.050200E-08  2.050468E-08
  1.670000E+03 -1.144006E-07  1.066149E-04 -1.105480E-07  1.923300E-04 -1.455017E-02  2.050306E-08  2.050588E-08
  1.671000E+03  2.985896E-07  1.064945E-04  8.765479E-09  1.925461E-04 -1.745650E-02  2.050197E-08  2.050549E-08
  1.672000E+03  2.056115E-07  1.064732E-04 -7.319065E-07  1.925745E-04 -1.384137E-02  2.050205E-08  2.050448E-08
  1.673000E+03 -1.582864E-07  1.066295E-04 -2.881286E-07  1.923097E-04 -1.611992E-02  2.050322E-08  2.050660E-08
  1.674000E+03  2.212114E-07  1.064327E-04  1.502865E-07  1.926678E-04 -1.650133E-02  2.050336E-08  2.050640E-08
  1.675000E+03  3.178930E-07  1.065613E-04 -6.614211E-07  1.924336E-04 -1.364408E-02  2.050406E-08  2.050666E-08
  1.676000E+03 -1.600919E-07  1.065750E-04 -5.063958E-07  1.924138E-04 -1.740020E-02  2.050339E-08  2.050710E-08
  1.677000E+03  1.101549E-07  1.064262E-04  2.337633E-07  1.926783E-04 -1.488427E-02  2.050374E-08  2.050622E-08
  1.678000E+03  4.045533E-07  1.066274E-04 -5.066339E-07  1.923209E-04 -1.468496E-02  2.050447E-08  2.050756E-08
  1.679000E+03 -1.098597E-07  1.064893E-04 -7.120211E-07  1.925725E-04 -1.747688E-02  2.050377E-08  2.050735E-08
  1.680000E+03 -1.859006E-08  1.064859E-04  2.282135E-07  1.925694E-04 -1.371543E-02  2.050400E-08  2.050624E-08
  1.681000E+03  4.435887E-07  1.066309E-04 -2.829729E-07  1.923217E-04 -1.630857E-02  2.050470E-08  2.050829E-08
  1.682000E+03 -6.659234E-09  1.064309E-04 -8.626459E-07  1.926828E-04 -1.634861E-02  2.050467E-08  2.050780E-08
  1.683000E+03 -1.444550E-07  1.065747E-04  1.170109E-07  1.924197E-04 -1.372578E-02  2.050514E-08  2.050760E-08
  1.684000E+03  4.289308E-07  1.065643E-04 -2.629160E-08  1.924387E-04 -1.748569E-02  2.050395E-08  2.050773E-08
  1.685000E+03  1.312365E-07  1.064319E-04 -9.332491E-07  1.926691E-04 -1.468516E-02  2.050394E-08  2.050660E-08
  1.686000E+03 -2.381006E-07  1.066339E-04 -8.523231E-08  1.923134E-04 -1.491756E-02  2.050484E-08  2.050785E-08
  1.687000E+03  3.561233E-07  1.064771E-04  2.092446E-07  1.925966E-04 -1.738482E-02  2.050403E-08  2.050753E-08
  1.688000E+03  2.833102E-07  1.065003E-04 -9.003469E-07  1.925481E-04 -1.360332E-02  2.050454E-08  2.050705E-08
  1.689000E+03 -2.777418E-07  1.066281E-04 -3.540766E-07  1.923318E-04 -1.658507E-02  2.050516E-08  2.050874E-08
  1.690000E+03  2.300682E-07  1.064252E-04  3.775062E-07  1.926980E-04 -1.609734E-02  2.050527E-08  2.050819E-08
  1.691000E+03  4.225802E-07  1.065918E-04 -7.541018E-07  1.923966E-04 -1.380551E-02  2.050595E-08  2.050876E-08
  1.692000E+03 -2.530836E-07  1.065524E-04 -6.441703E-07  1.924663E-04 -1.764244E-02  2.050454E-08  2.050835E-08
  1.693000E+03  7.163367E-08  1.064378E-04  4.433392E-07  1.926640E-04 -1.440092E-02  2.050461E-08  2.050700E-08
  1.694000E+03  5.193320E-07  1.066428E-04 -5.139310E-07  1.923034E-04 -1.517706E-02  2.050541E-08  2.050878E-08
  1.695000E+03 -1.607596E-07  1.064646E-04 -8.998301E-07  1.926249E-04 -1.730871E-02  2.050467E-08  2.050823E-08
  1.696000E+03 -1.001587E-07  1.065142E-04  3.864672E-07  1.925251E-04 -1.350729E-02  2.050478E-08  2.050706E-08
  1.697000E+03  5.553414E-07  1.066212E-04 -2.039123E-07  1.923449E-04 -1.682241E-02  2.050515E-08  2.050897E-08
  1.698000E+03 -1.087111E-08  1.064195E-04 -1.078147E-06  1.927040E-04 -1.584867E-02  2.050489E-08  2.050796E-08
  1.699000E+03 -2.534044E-07  1.066024E-04  2.036765E-07  1.923697E-04 -1.395863E-02  2.050508E-08  2.050773E-08
  1.700000E+03  5.207360E-07  1.065337E-04  1.206716E-07  1.924913E-04 -1.767954E-02  2.050361E-08  2.050746E-08
  1.701000E+03  1.715281E-07  1.064438E-04 -1.141779E-06  1.926419E-04 -1.415412E-02  2.050349E-08  2.050614E-08
  1.702000E+03 -3.560954E-07  1.066442E-04 -7.908188E-08  1.922909E-04 -1.550019E-02  2.050426E-08  2.050755E-08
  1.703000E+03  4.126444E-07  1.064467E-04  3.992961E-07  1.926475E-04 -1.712100E-02  2.050369E-08  2.050711E-08
  1.704000E+03  3.641707E-07  1.065289E-04 -1.069083E-06  1.924905E-04 -1.340923E-02  2.050396E-08  2.050663E-08
  1.705000E+03 -3.917139E-07  1.066115E-04 -4.301546E-07  1.923530E-04 -1.716124E-02  2.050403E-08  2.050785E-08
  1.706000E+03  2.437573E-07  1.064093E-04  5.905248E-07  1.927130E-04 -1.550233E-02  2.050400E-08  2.050677E-08
  1.707000E+03  5.315328E-07  1.066165E-04 -8.593025E-07  1.923355E-04 -1.407224E-02  2.050411E-08  2.050723E-08
  1.708000E+03 -3.485737E-07  1.065167E-04 -7.884872E-07  1.925130E-04 -1.784984E-02  2.050258E-08  2.050650E-08
  1.709000E+03  4.114698E-08  1.064442E-04  6.520170E-07  1.926311E-04 -1.382529E-02  2.050250E-08  2.050480E-08
  1.710000E+03  6.376760E-07  1.066511E-04 -5.395063E-07  1.922717E-04 -1.573559E-02  2.050345E-08  2.050717E-08
  1.711000E+03 -2.242835E-07  1.064312E-04 -1.085523E-06  1.926688E-04 -1.709088E-02  2.050299E-08  2.050654E-08
  1.712000E+03 -1.679044E-07  1.065375E-04  5.594566E-07  1.924675E-04 -1.325104E-02  2.050321E-08  2.050555E-08
  1.713000E+03  6.655949E-07  1.066074E-04 -1.508035E-07  1.923550E-04 -1.738949E-02  2.050335E-08  2.050746E-08
  1.714000E+03 -3.667390E-08  1.064004E-04 -1.275173E-06  1.927193E-04 -1.533909E-02  2.050300E-08  2.050601E-08
  1.715000E+03 -3.441970E-07  1.066256E-04  3.194927E-07  1.923120E-04 -1.409894E-02  2.050334E-08  2.050618E-08
  1.716000E+03  6.085788E-07  1.065056E-04  2.349815E-07  1.925275E-04 -1.795310E-02  2.050196E-08  2.050596E-08
  1.717000E+03  1.834127E-07  1.064457E-04 -1.322111E-06  1.926223E-04 -1.362813E-02  2.050192E-08  2.050457E-08
  1.718000E+03 -4.510086E-07  1.066559E-04 -3.399716E-08  1.922600E-04 -1.591217E-02  2.050307E-08  2.050661E-08
  1.719000E+03  4.680243E-07  1.064188E-04  5.450330E-07  1.926880E-04 -1.702147E-02  2.050264E-08  2.050607E-08
  1.720000E+03  4.065847E-07  1.065492E-04 -1.207911E-06  1.924482E-04 -1.311533E-02  2.050344E-08  2.050620E-08
  1.721000E+03 -4.741335E-07  1.066047E-04 -4.537641E-07  1.923619E-04 -1.763237E-02  2.050349E-08  2.050753E-08
  1.722000E+03  2.672270E-07  1.063944E-04  7.348015E-07  1.927337E-04 -1.509957E-02  2.050345E-08  2.050614E-08
  1.723000E+03  5.902930E-07  1.066419E-04 -9.474972E-07  1.922914E-04 -1.414015E-02  2.050427E-08  2.050759E-08
  1.724000E+03 -4.078561E-07  1.064996E-04 -8.607174E-07  1.925527E-04 -1.809662E-02  2.050343E-08  2.050746E-08
  1.725000E+03  3.840954E-08  1.064509E-04  7.699145E-07  1.926270E-04 -1.338047E-02  2.050348E-08  2.050571E-08
  1.726000E+03  6.957348E-07  1.066677E-04 -5.759480E-07  1.922534E-04 -1.609426E-02  2.050458E-08  2.050855E-08
  1.727000E+03 -2.556424E-07  1.064126E-04 -1.176483E-06  1.927157E-04 -1.700734E-02  2.050441E-08  2.050798E-08
  1.728000E+03 -1.878563E-07  1.065599E-04  6.351418E-07  1.924412E-04 -1.299442E-02  2.050479E-08  2.050713E-08
  1.729000E+03  7.091101E-07  1.066044E-04 -1.431126E-07  1.923703E-04 -1.781843E-02  2.050426E-08  2.050856E-08
  1.730000E+03 -4.344966E-08  1.063913E-04 -1.355390E-06  1.927438E-04 -1.496982E-02  2.050396E-08  2.050689E-08
  1.731000E+03 -3.720979E-07  1.066501E-04  3.528277E-07  1.922797E-04 -1.417480E-02  2.050459E-08  2.050754E-08
  1.732000E+03  6.328620E-07  1.064918E-04  2.720611E-07  1.925679E-04 -1.815369E-02  2.050353E-08  2.050760E-08
  1.733000E+03  1.931843E-07  1.064570E-04 -1.376632E-06  1.926181E-04 -1.325885E-02  2.050374E-08  2.050634E-08
  1.734000E+03 -4.787070E-07  1.066685E-04 -3.316625E-08  1.922541E-04 -1.625106E-02  2.050475E-08  2.050845E-08
  1.735000E+03  4.753371E-07  1.064073E-04  5.939331E-07  1.927290E-04 -1.687437E-02  2.050486E-08  2.050823E-08
  1.736000E+03  4.212745E-07  1.065733E-04 -1.232786E-06  1.924251E-04 -1.301017E-02  2.050564E-08  2.050845E-08
  1.737000E+03 -4.919768E-07  1.065972E-04 -4.696451E-07  1.923908E-04 -1.794582E-02  2.050502E-08  2.050916E-08
  1.738000E+03  2.614976E-07  1.063952E-04  7.738185E-07  1.927448E-04 -1.474432E-02  2.050488E-08  2.050747E-08
  1.739000E+03  6.034373E-07  1.066628E-04 -9.457556E-07  1.922701E-04 -1.435839E-02  2.050595E-08  2.050940E-08
  1.740000E+03 -4.123151E-07  1.064838E-04 -8.832113E-07  1.925973E-04 -1.814875E-02  2.050511E-08  2.050914E-08
  1.741000E+03  2.300310E-08  1.064683E-04  7.897248E-07  1.926088E-04 -1.311398E-02  2.050497E-08  2.050716E-08
  1.742000E+03  7.066645E-07  1.066710E-04 -5.536886E-07  1.922588E-04 -1.649166E-02  2.050566E-08  2.050977E-08
  1.743000E+03 -2.504040E-07  1.064014E-04 -1.201627E-06  1.927463E-04 -1.674006E-02  2.050561E-08  2.050907E-08
  1.744000E+03 -2.043600E-07  1.065832E-04  6.367785E-07  1.924079E-04 -1.303338E-02  2.050572E-08  2.050813E-08
  1.745000E+03  7.147835E-07  1.065880E-04 -1.149237E-07  1.924045E-04 -1.807721E-02  2.050465E-08  2.050900E-08
  1.746000E+03 -3.349979E-08  1.063962E-04 -1.373647E-06  1.927379E-04 -1.457489E-02  2.050440E-08  2.050723E-08
  1.747000E+03 -3.817554E-07  1.066650E-04  3.403229E-07  1.922585E-04 -1.452930E-02  2.050509E-08  2.050819E-08
  1.748000E+03  6.302355E-07  1.064711E-04  2.928372E-07  1.926102E-04 -1.808985E-02  2.050407E-08  2.050807E-08
  1.749000E+03  2.061577E-07  1.064754E-04 -1.380835E-06  1.925851E-04 -1.304944E-02  2.050384E-08  2.050642E-08
  1.750000E+03 -4.808487E-07  1.066634E-04 -5.699406E-08  1.922617E-04 -1.667988E-02  2.050444E-08  2.050827E-08
  1.751000E+03  4.659489E-07  1.063930E-04  6.048794E-07  1.927478E-04 -1.654232E-02  2.050421E-08  2.050745E-08
  1.752000E+03  4.326667E-07  1.065907E-04 -1.222629E-06  1.923819E-04 -1.311320E-02  2.050437E-08  2.050727E-08
  1.753000E+03 -4.863107E-07  1.065741E-04 -4.960015E-07  1.924190E-04 -1.814735E-02  2.050350E-08  2.050767E-08
  1.754000E+03  2.495435E-07  1.063968E-04  7.713440E-07  1.927260E-04 -1.434538E-02  2.050332E-08  2.050579E-08
  1.755000E+03  6.063847E-07  1.066698E-04 -9.245011E-07  1.922428E-04 -1.473422E-02  2.050428E-08  2.050788E-08
  1.756000E+03 -3.991650E-07  1.064599E-04 -8.984412E-07  1.926300E-04 -1.800765E-02  2.050404E-08  2.050797E-08
  1.757000E+03  1.359247E-08  1.064859E-04  7.707840E-07  1.925680E-04 -1.292200E-02  2.050407E-08  2.050624E-08
  1.758000E+03  6.983412E-07  1.066619E-04 -5.292944E-07  1.922658E-04 -1.692105E-02  2.050449E-08  2.050871E-08
  1.759000E+03 -2.347066E-07  1.063870E-04 -1.196651E-06  1.927598E-04 -1.636529E-02  2.050439E-08  2.050770E-08
  1.760000E+03 -2.058891E-07  1.066003E-04  6.071830E-07  1.923661E-04 -1.311816E-02  2.050452E-08  2.050700E-08
  1.761000E+03  6.953294E-07  1.065663E-04 -9.792910E-08  1.924300E-04 -1.829703E-02  2.050312E-08  2.050748E-08
  1.762000E+03 -2.088316E-08  1.063954E-04 -1.344686E-06  1.927216E-04 -1.419349E-02  2.050262E-08  2.050533E-08
  1.763000E+03 -3.697026E-07  1.066711E-04  3.069746E-07  1.922327E-04 -1.482233E-02  2.050341E-08  2.050662E-08
  1.764000E+03  6.012167E-07  1.064501E-04  2.901576E-07  1.926363E-04 -1.799757E-02  2.050283E-08  2.050673E-08
  1.765000E+03  2.086471E-07  1.064883E-04 -1.325880E-06  1.925506E-04 -1.287183E-02  2.050269E-08  2.050522E-08
  1.766000E+03 -4.511221E-07  1.066545E-04 -8.326145E-08  1.922668E-04 -1.700308E-02  2.050315E-08  2.050705E-08
  1.767000E+03  4.361398E-07  1.063818E-04  5.682077E-07  1.927554E-04 -1.623862E-02  2.050296E-08  2.050605E-08
  1.768000E+03  4.173553E-07  1.066044E-04 -1.153314E-06  1.923489E-04 -1.318231E-02  2.050347E-08  2.050637E-08
  1.769000E+03 -4.402375E-07  1.065587E-04 -4.992266E-07  1.924418E-04 -1.828752E-02  2.050292E-08  2.050706E-08
  1.770000E+03  2.305725E-07  1.063995E-04  6.949043E-07  1.927151E-04 -1.405499E-02  2.050277E-08  2.050513E-08
  1.771000E+03  5.674552E-07  1.066758E-04 -8.593789E-07  1.922294E-04 -1.496314E-02  2.050393E-08  2.050754E-08
  1.772000E+03 -3.432945E-07  1.064474E-04 -8.625339E-07  1.926537E-04 -1.791042E-02  2.050420E-08  2.050801E-08
  1.773000E+03  1.660744E-08  1.065006E-04  6.593586E-07  1.925470E-04 -1.279754E-02  2.050470E-08  2.050683E-08
  1.774000E+03  6.340273E-07  1.066552E-04 -4.888926E-07  1.922806E-04 -1.715976E-02  2.050470E-08  2.050889E-08
  1.775000E+03 -1.806100E-07  1.063839E-04 -1.109827E-06  1.927674E-04 -1.609240E-02  2.050469E-08  2.050783E-08
  1.776000E+03 -1.746392E-07  1.066162E-04  4.789009E-07  1.923466E-04 -1.322686E-02  2.050548E-08  2.050798E-08
  1.777000E+03  6.123546E-07  1.065543E-04 -9.930751E-08  1.924626E-04 -1.835688E-02  2.050427E-08  2.050851E-08
  1.778000E+03  1.631811E-08  1.064061E-04 -1.209209E-06  1.927103E-04 -1.397080E-02  2.050354E-08  2.050610E-08
  1.779000E+03 -3.092611E-07  1.066771E-04  1.907173E-07  1.922331E-04 -1.508797E-02  2.050454E-08  2.050779E-08
  1.780000E+03  5.134004E-07  1.064437E-04  2.351802E-07  1.926640E-04 -1.782506E-02  2.050461E-08  2.050833E-08
  1.781000E+03  2.143179E-07  1.065063E-04 -1.158238E-06  1.925326E-04 -1.286249E-02  2.050423E-08  2.050668E-08
  1.782000E+03 -3.638389E-07  1.066461E-04 -1.571831E-07  1.922909E-04 -1.721484E-02  2.050404E-08  2.050792E-08
  1.783000E+03  3.587269E-07  1.063860E-04  4.532520E-07  1.927586E-04 -1.594837E-02  2.050421E-08  2.050711E-08
  1.784000E+03  3.838529E-07  1.066189E-04 -9.778158E-07  1.923379E-04 -1.338802E-02  2.050502E-08  2.050788E-08
  1.785000E+03 -3.347862E-07  1.065449E-04 -5.096238E-07  1.924767E-04 -1.828255E-02  2.050399E-08  2.050802E-08
  1.786000E+03  1.774697E-07  1.064168E-04  5.269209E-07  1.926947E-04 -1.387432E-02  2.050398E-08  2.050623E-08
  1.787000E+03  4.977877E-07  1.066755E-04 -7.053847E-07  1.922414E-04 -1.528130E-02  2.050506E-08  2.050863E-08
  1.788000E+03 -2.356307E-07  1.064411E-04 -8.038026E-07  1.926760E-04 -1.763326E-02  2.050546E-08  2.050908E-08
  1.789000E+03 -6.725980E-10  1.065214E-04  4.612610E-07  1.925190E-04 -1.291090E-02  2.050568E-08  2.050782E-08
  1.790000E+03  5.370022E-07  1.066377E-04 -3.852560E-07  1.923169E-04 -1.732553E-02  2.050515E-08  2.050921E-08
  1.791000E+03 -8.907209E-08  1.063946E-04 -9.859899E-07  1.927553E-04 -1.572695E-02  2.050558E-08  2.050852E-08
  1.792000E+03 -1.484389E-07  1.066271E-04  2.810374E-07  1.923355E-04 -1.362440E-02  2.050628E-08  2.050887E-08
  1.793000E+03  5.008592E-07  1.065352E-04 -7.028029E-08  1.925050E-04 -1.817587E-02  2.050517E-08  2.050918E-08
  1.794000E+03  7.752782E-08  1.064313E-04 -1.035242E-06  1.926718E-04 -1.385001E-02  2.050434E-08  2.050680E-08
  1.795000E+03 -2.438710E-07  1.066660E-04  2.394924E-08  1.922577E-04 -1.550564E-02  2.050490E-08  2.050819E-08
  1.796000E+03  4.037360E-07  1.064381E-04  1.862538E-07  1.926760E-04 -1.738244E-02  2.050498E-08  2.050843E-08
  1.797000E+03  2.364946E-07  1.065271E-04 -9.597526E-07  1.924952E-04 -1.311916E-02  2.050418E-08  2.050664E-08
  1.798000E+03 -2.706326E-07  1.066180E-04 -2.676460E-07  1.923359E-04 -1.730887E-02  2.050340E-08  2.050719E-08
  1.799000E+03  2.677144E-07  1.064008E-04  3.365038E-07  1.927259E-04 -1.554556E-02  2.050370E-08  2.050642E-08
  1.800000E+03  3.632956E-07  1.066215E-04 -7.850419E-07  1.923284E-04 -1.390933E-02  2.050435E-08  2.050727E-08
  1.801000E+03 -2.279533E-07  1.065214E-04 -5.463296E-07  1.925149E-04 -1.794316E-02  2.050366E-08  2.050746E-08
  1.802000E+03  1.188920E-07  1.064453E-04  3.601769E-07  1.926390E-04 -1.384650E-02  2.050355E-08  2.050579E-08
  1.803000E+03  4.370486E-07  1.066550E-04 -5.471115E-07  1.922742E-04 -1.571812E-02  2.050447E-08  2.050800E-08
  1.804000E+03 -1.304499E-07  1.064358E-04 -7.607435E-07  1.926762E-04 -1.708314E-02  2.050466E-08  2.050802E-08
  1.805000E+03 -1.866180E-08  1.065404E-04  2.685295E-07  1.924742E-04 -1.327775E-02  2.050447E-08  2.050672E-08
  1.806000E+03  4.445453E-07  1.066039E-04 -2.835212E-07  1.923635E-04 -1.736957E-02  2.050361E-08  2.050750E-08
  1.807000E+03  3.272274E-10  1.064091E-04 -8.695458E-07  1.927118E-04 -1.530929E-02  2.050389E-08  2.050666E-08
  1.808000E+03 -1.238046E-07  1.066235E-04  8.848322E-08  1.923250E-04 -1.417772E-02  2.050430E-08  2.050702E-08
  1.809000E+03  3.899618E-07  1.065104E-04 -3.862103E-08  1.925354E-04 -1.777288E-02  2.050378E-08  2.050750E-08
  1.810000E+03  1.365683E-07  1.064596E-04 -8.608832E-07  1.926113E-04 -1.385100E-02  2.050334E-08  2.050578E-08
  1.811000E+03 -1.781946E-07  1.066414E-04 -1.387830E-07  1.922937E-04 -1.590887E-02  2.050388E-08  2.050721E-08
  1.812000E+03  2.909766E-07  1.064366E-04  1.389953E-07  1.926699E-04 -1.678901E-02  2.050424E-08  2.050741E-08
  1.813000E+03  2.534583E-07  1.065488E-04 -7.514628E-07  1.924544E-04 -1.352762E-02  2.050390E-08  2.050644E-08
  1.814000E+03 -1.693010E-07  1.065861E-04 -3.737642E-07  1.923911E-04 -1.730895E-02  2.050314E-08  2.050681E-08
  1.815000E+03  1.703578E-07  1.064207E-04  2.084335E-07  1.926842E-04 -1.513291E-02  2.050324E-08  2.050581E-08
  1.816000E+03  3.328521E-07  1.066205E-04 -5.727454E-07  1.923277E-04 -1.447367E-02  2.050392E-08  2.050690E-08
  1.817000E+03 -1.038968E-07  1.064997E-04 -5.761016E-07  1.925508E-04 -1.752869E-02  2.050346E-08  2.050703E-08
  1.818000E+03  5.484086E-08  1.064765E-04  1.636924E-07  1.925839E-04 -1.384977E-02  2.050369E-08  2.050595E-08
  1.819000E+03  3.594607E-07  1.066303E-04 -3.660062E-07  1.923178E-04 -1.610354E-02  2.050423E-08  2.050771E-08
  1.820000E+03 -3.157843E-09  1.064385E-04 -7.006537E-07  1.926706E-04 -1.646386E-02  2.050478E-08  2.050790E-08
  1.821000E+03 -3.360439E-08  1.065656E-04  3.036594E-08  1.924383E-04 -1.372549E-02  2.050536E-08  2.050777E-08
  1.822000E+03  3.264829E-07  1.065710E-04 -1.693114E-07  1.924309E-04 -1.730845E-02  2.050449E-08  2.050816E-08
  1.823000E+03  1.091035E-07  1.064380E-04 -7.169789E-07  1.926665E-04 -1.488261E-02  2.050477E-08  2.050739E-08
  1.824000E+03 -8.289304E-08  1.066247E-04 -1.536803E-07  1.923347E-04 -1.484016E-02  2.050538E-08  2.050830E-08
  1.825000E+03  2.483440E-07  1.064887E-04 -1.667747E-08  1.925838E-04 -1.725567E-02  2.050495E-08  2.050835E-08
  1.826000E+03  2.070573E-07  1.064987E-04 -6.346919E-07  1.925515E-04 -1.388472E-02  2.050451E-08  2.050695E-08
  1.827000E+03 -8.714819E-08  1.066153E-04 -3.421662E-07  1.923484E-04 -1.637196E-02  2.050453E-08  2.050794E-08
  1.828000E+03  1.490683E-07  1.064401E-04  6.310898E-08  1.926686E-04 -1.607053E-02  2.050501E-08  2.050788E-08
  1.829000E+03  2.713260E-07  1.065789E-04 -4.868229E-07  1.924136E-04 -1.404120E-02  2.050522E-08  2.050788E-08
  1.830000E+03 -4.036580E-08  1.065486E-04 -5.015211E-07  1.924686E-04 -1.727043E-02  2.050420E-08  2.050776E-08
  1.831000E+03  5.111602E-08  1.064549E-04  4.213866E-08  1.926335E-04 -1.463081E-02  2.050459E-08  2.050702E-08
  1.832000E+03  2.934616E-07  1.066235E-04 -3.112115E-07  1.923395E-04 -1.524956E-02  2.050553E-08  2.050866E-08
  1.833000E+03  4.403664E-08  1.064756E-04 -6.055659E-07  1.926100E-04 -1.692913E-02  2.050533E-08  2.050864E-08
  1.834000E+03 -2.380568E-08  1.065233E-04 -6.897686E-08  1.925144E-04 -1.391571E-02  2.050528E-08  2.050764E-08
  1.835000E+03  2.716186E-07  1.066003E-04 -1.489778E-07  1.923830E-04 -1.665562E-02  2.050525E-08  2.050873E-08
  1.836000E+03  1.406916E-07  1.064453E-04 -6.324309E-07  1.926696E-04 -1.562304E-02  2.050627E-08  2.050911E-08
  1.837000E+03 -6.149795E-08  1.065980E-04 -2.308525E-07  1.923932E-04 -1.437946E-02  2.050661E-08  2.050930E-08
  1.838000E+03  2.076577E-07  1.065277E-04 -2.922685E-08  1.925170E-04 -1.724282E-02  2.050535E-08  2.050881E-08
  1.839000E+03  2.263672E-07  1.064775E-04 -5.690302E-07  1.926044E-04 -1.434959E-02  2.050592E-08  2.050843E-08
  1.840000E+03 -5.706677E-08  1.066210E-04 -4.015814E-07  1.923525E-04 -1.571138E-02  2.050628E-08  2.050948E-08
  1.841000E+03  1.166808E-07  1.064628E-04  2.759938E-08  1.926358E-04 -1.657087E-02  2.050573E-08  2.050879E-08
  1.842000E+03  2.824863E-07  1.065475E-04 -4.315230E-07  1.924715E-04 -1.403051E-02  2.050534E-08  2.050791E-08
  1.843000E+03 -1.355635E-08  1.065756E-04 -5.426444E-07  1.924232E-04 -1.689353E-02  2.050469E-08  2.050819E-08
  1.844000E+03  2.207753E-08  1.064490E-04  1.061656E-08  1.926494E-04 -1.519146E-02  2.050497E-08  2.050755E-08
  1.845000E+03  3.001321E-07  1.066071E-04 -2.592285E-07  1.923644E-04 -1.482417E-02  2.050516E-08  2.050811E-08
  1.846000E+03  6.324919E-08  1.064980E-04 -6.324408E-07  1.925578E-04 -1.707485E-02  2.050404E-08  2.050746E-08
  1.847000E+03 -5.351731E-08  1.064975E-04 -8.515860E-08  1.925525E-04 -1.413328E-02  2.050431E-08  2.050669E-08
  1.848000E+03  2.758391E-07  1.066112E-04 -9.391470E-08  1.923590E-04 -1.621618E-02  2.050492E-08  2.050829E-08
  1.849000E+03  1.594958E-07  1.064456E-04 -6.542205E-07  1.926561E-04 -1.609878E-02  2.050473E-08  2.050775E-08
  1.850000E+03 -9.266018E-08  1.065734E-04 -2.451914E-07  1.924187E-04 -1.414806E-02  2.050466E-08  2.050724E-08
  1.851000E+03  2.113568E-07  1.065508E-04  2.904816E-08  1.924632E-04 -1.717946E-02  2.050409E-08  2.050759E-08
  1.852000E+03  2.537957E-07  1.064551E-04 -5.960087E-07  1.926370E-04 -1.464658E-02  2.050499E-08  2.050758E-08
  1.853000E+03 -8.961893E-08  1.066221E-04 -4.317846E-07  1.923378E-04 -1.528268E-02  2.050506E-08  2.050815E-08
  1.854000E+03  1.166068E-07  1.064710E-04  9.130857E-08  1.926079E-04 -1.693538E-02  2.050421E-08  2.050742E-08
  1.855000E+03  3.220715E-07  1.065238E-04 -4.598744E-07  1.925083E-04 -1.386602E-02  2.050474E-08  2.050724E-08
  1.856000E+03 -4.531047E-08  1.066022E-04 -5.971945E-07  1.923779E-04 -1.672887E-02  2.050505E-08  2.050859E-08
  1.857000E+03  1.301375E-08  1.064326E-04  7.923661E-08  1.926774E-04 -1.562361E-02  2.050465E-08  2.050735E-08
  1.858000E+03  3.454001E-07  1.066005E-04 -2.740913E-07  1.923686E-04 -1.434174E-02  2.050449E-08  2.050730E-08
  1.859000E+03  3.725999E-08  1.065233E-04 -7.022536E-07  1.925127E-04 -1.738681E-02  2.050399E-08  2.050760E-08
  1.860000E+03 -7.847963E-08  1.064624E-04 -1.636700E-08  1.926130E-04 -1.417295E-02  2.050399E-08  2.050631E-08
  1.861000E+03  3.216474E-07  1.066322E-04 -7.807678E-08  1.923122E-04 -1.578153E-02  2.050411E-08  2.050743E-08
  1.862000E+03  1.453282E-07  1.064411E-04 -7.336001E-07  1.926535E-04 -1.673064E-02  2.050338E-08  2.050663E-08
  1.863000E+03 -1.363379E-07  1.065471E-04 -1.860445E-07  1.924564E-04 -1.363137E-02  2.050376E-08  2.050613E-08
  1.864000E+03  2.577854E-07  1.065913E-04  8.103755E-08  1.923892E-04 -1.726595E-02  2.050396E-08  2.050763E-08
  1.865000E+03  2.547645E-07  1.064162E-04 -6.874975E-07  1.927003E-04 -1.508346E-02  2.050410E-08  2.050679E-08
  1.866000E+03 -1.442941E-07  1.066332E-04 -3.943201E-07  1.923152E-04 -1.446226E-02  2.050503E-08  2.050791E-08
  1.867000E+03  1.582030E-07  1.064963E-04  1.682822E-07  1.925641E-04 -1.771799E-02  2.050415E-08  2.050771E-08
  1.868000E+03  3.446356E-07  1.064716E-04 -5.574592E-07  1.926033E-04 -1.352091E-02  2.050491E-08  2.050724E-08
  1.869000E+03 -1.017315E-07  1.066573E-04 -6.007030E-07  1.922845E-04 -1.629900E-02  2.050582E-08  2.050939E-08
  1.870000E+03  3.683776E-08  1.064102E-04  1.724180E-07  1.927226E-04 -1.663631E-02  2.050482E-08  2.050782E-08
  1.871000E+03  3.951092E-07  1.065776E-04 -3.564633E-07  1.924131E-04 -1.322962E-02  2.050514E-08  2.050762E-08
  1.872000E+03 -1.974828E-08  1.065915E-04 -7.584214E-07  1.924042E-04 -1.791182E-02  2.050536E-08  2.050935E-08
  1.873000E+03 -7.872968E-08  1.063964E-04  9.529291E-08  1.927431E-04 -1.460251E-02  2.050499E-08  2.050732E-08
  1.874000E+03  3.898382E-07  1.066664E-04 -1.266762E-07  1.922584E-04 -1.453252E-02  2.050535E-08  2.050843E-08
  1.875000E+03  9.334208E-08  1.064725E-04 -8.295242E-07  1.926121E-04 -1.809894E-02  2.050454E-08  2.050835E-08
  1.876000E+03 -1.644155E-07  1.064741E-04 -6.417320E-08  1.925955E-04 -1.295585E-02  2.050471E-08  2.050673E-08
  1.877000E+03  3.292745E-07  1.066761E-04  8.448061E-08  1.922487E-04 -1.676332E-02  2.050547E-08  2.050925E-08
  1.878000E+03  2.217352E-07  1.063790E-04 -8.035180E-07  1.927781E-04 -1.654988E-02  2.050473E-08  2.050788E-08
  1.879000E+03 -2.023943E-07  1.066022E-04 -2.879066E-07  1.923672E-04 -1.287601E-02  2.050507E-08  2.050741E-08
  1.880000E+03  2.303955E-07  1.065872E-04  2.299284E-07  1.924109E-04 -1.851997E-02  2.050502E-08  2.050913E-08
  1.881000E+03  3.376455E-07  1.063770E-04 -6.936000E-07  1.927796E-04 -1.407922E-02  2.050529E-08  2.050767E-08
  1.882000E+03 -1.829571E-07  1.067024E-04 -5.285620E-07  1.922012E-04 -1.460772E-02  2.050613E-08  2.050932E-08
  1.883000E+03  1.070457E-07  1.064460E-04  2.807145E-07  1.926643E-04 -1.851039E-02  2.050483E-08  2.050858E-08
  1.884000E+03  4.182546E-07  1.064811E-04 -5.104168E-07  1.925900E-04 -1.226905E-02  2.050565E-08  2.050771E-08
  1.885000E+03 -1.105429E-07  1.067019E-04 -7.383222E-07  1.922160E-04 -1.728616E-02  2.050675E-08  2.051085E-08
  1.886000E+03 -2.416696E-08  1.063471E-04  2.335641E-07  1.928463E-04 -1.648972E-02  2.050587E-08  2.050874E-08
  1.887000E+03  4.475469E-07  1.066324E-04 -2.749166E-07  1.923230E-04 -1.245954E-02  2.050628E-08  2.050874E-08
  1.888000E+03 -2.025368E-09  1.065859E-04 -8.737218E-07  1.924255E-04 -1.916842E-02  2.050607E-08  2.051056E-08
  1.889000E+03 -1.375484E-07  1.063580E-04  1.029775E-07  1.928179E-04 -1.361456E-02  2.050583E-08  2.050783E-08
  1.890000E+03  4.181324E-07  1.067337E-04 -3.202404E-08  1.921451E-04 -1.469673E-02  2.050615E-08  2.050953E-08
  1.891000E+03  1.263653E-07  1.064207E-04 -9.086261E-07  1.927095E-04 -1.888208E-02  2.050463E-08  2.050870E-08
  1.892000E+03 -2.107460E-07  1.064827E-04 -9.539833E-08  1.925776E-04 -1.172936E-02  2.050477E-08  2.050651E-08
  1.893000E+03  3.370102E-07  1.067153E-04  1.695114E-07  1.921799E-04 -1.775040E-02  2.050530E-08  2.050958E-08
  1.894000E+03  2.569663E-07  1.063139E-04 -8.440070E-07  1.928901E-04 -1.641186E-02  2.050414E-08  2.050721E-08
  1.895000E+03 -2.299847E-07  1.066520E-04 -3.369398E-07  1.922711E-04 -1.214882E-02  2.050458E-08  2.050691E-08
  1.896000E+03  2.204565E-07  1.065745E-04  2.910363E-07  1.924297E-04 -1.969723E-02  2.050413E-08  2.050867E-08
  1.897000E+03  3.678985E-07  1.063387E-04 -6.959424E-07  1.928351E-04 -1.314926E-02  2.050405E-08  2.050615E-08
  1.898000E+03 -1.923201E-07  1.067599E-04 -5.809817E-07  1.920863E-04 -1.483192E-02  2.050486E-08  2.050837E-08
  1.899000E+03  8.717180E-08  1.063914E-04  3.133304E-07  1.927559E-04 -1.911034E-02  2.050384E-08  2.050774E-08
  1.900000E+03  4.387325E-07  1.064921E-04 -4.862948E-07  1.925540E-04 -1.119508E-02  2.050420E-08  2.050603E-08
  1.901000E+03 -1.089179E-07  1.067283E-04 -7.795366E-07  1.921548E-04 -1.828769E-02  2.050493E-08  2.050952E-08
  1.902000E+03 -4.263111E-08  1.062836E-04  2.436782E-07  1.929457E-04 -1.615800E-02  2.050429E-08  2.050700E-08
  1.903000E+03  4.549354E-07  1.066832E-04 -2.441286E-07  1.922150E-04 -1.192770E-02  2.050464E-08  2.050715E-08
  1.904000E+03  5.505542E-09  1.065635E-04 -8.935913E-07  1.924545E-04 -2.027772E-02  2.050441E-08  2.050931E-08
  1.905000E+03 -1.480951E-07  1.063248E-04  9.584301E-08  1.928606E-04 -1.256495E-02  2.050424E-08  2.050594E-08
  1.906000E+03  4.136224E-07  1.067919E-04 -8.153314E-09  1.920292E-04 -1.507235E-02  2.050483E-08  2.050857E-08
  1.907000E+03  1.361233E-07  1.063626E-04 -9.068313E-07  1.928101E-04 -1.939434E-02  2.050393E-08  2.050812E-08
  1.908000E+03 -2.114350E-07  1.064993E-04 -1.139842E-07  1.925367E-04 -1.060026E-02  2.050388E-08  2.050541E-08
  1.909000E+03  3.267456E-07  1.067438E-04  1.782479E-07  1.921240E-04 -1.883210E-02  2.050441E-08  2.050921E-08
  1.910000E+03  2.617494E-07  1.062503E-04 -8.273778E-07  1.929989E-04 -1.601674E-02  2.050357E-08  2.050646E-08
  1.911000E+03 -2.186203E-07  1.067081E-04 -3.544741E-07  1.921641E-04 -1.158124E-02  2.050408E-08  2.050648E-08
  1.912000E+03  2.098163E-07  1.065548E-04  2.764727E-07  1.924644E-04 -2.086985E-02  2.050354E-08  2.050851E-08
  1.913000E+03  3.610128E-07  1.063048E-04 -6.701786E-07  1.928874E-04 -1.204753E-02  2.050337E-08  2.050514E-08
  1.914000E+03 -1.694313E-07  1.068243E-04 -5.839937E-07  1.919704E-04 -1.516432E-02  2.050476E-08  2.050863E-08
  1.915000E+03  7.924042E-08  1.063346E-04  2.742809E-07  1.928608E-04 -1.973520E-02  2.050378E-08  2.050786E-08
  1.916000E+03  4.186654E-07  1.065063E-04 -4.563393E-07  1.925239E-04 -9.968558E-03  2.050398E-08  2.050557E-08
  1.917000E+03 -8.028525E-08  1.067662E-04 -7.609071E-07  1.920928E-04 -1.934488E-02  2.050518E-08  2.051032E-08
  1.918000E+03 -4.176300E-08  1.062189E-04  1.870620E-07  1.930647E-04 -1.589296E-02  2.050453E-08  2.050713E-08
  1.919000E+03  4.221995E-07  1.067379E-04 -2.222607E-07  1.921181E-04 -1.120191E-02  2.050501E-08  2.050752E-08
  1.920000E+03  3.086237E-08  1.065550E-04 -8.478298E-07  1.924786E-04 -2.150968E-02  2.050481E-08  2.051018E-08
  1.921000E+03 -1.318678E-07  1.062855E-04  3.457607E-08  1.929317E-04 -1.154586E-02  2.050448E-08  2.050589E-08
  1.922000E+03  3.723733E-07  1.068619E-04 -1.019196E-08  1.919144E-04 -1.522129E-02  2.050597E-08  2.051003E-08
  1.923000E+03  1.494583E-07  1.063130E-04 -8.357680E-07  1.929118E-04 -2.018836E-02  2.050487E-08  2.050930E-08
  1.924000E+03 -1.787611E-07  1.065072E-04 -1.635817E-07  1.925279E-04 -9.319617E-03  2.050471E-08  2.050599E-08
  1.925000E+03  2.868206E-07  1.067951E-04  1.430948E-07  1.920507E-04 -1.980910E-02  2.050604E-08  2.051138E-08
  1.926000E+03  2.559971E-07  1.061857E-04 -7.451633E-07  1.931305E-04 -1.595205E-02  2.050509E-08  2.050791E-08
  1.927000E+03 -1.731272E-07  1.067596E-04 -3.759744E-07  1.920820E-04 -1.067753E-02  2.050543E-08  2.050780E-08
  1.928000E+03  1.821090E-07  1.065610E-04  2.074564E-07  1.924719E-04 -2.217364E-02  2.050496E-08  2.051049E-08
  1.929000E+03  3.322422E-07  1.062595E-04 -5.952858E-07  1.929814E-04 -1.115887E-02  2.050484E-08  2.050632E-08
  1.930000E+03 -1.183435E-07  1.068942E-04 -5.645092E-07  1.918593E-04 -1.509997E-02  2.050631E-08  2.051046E-08
  1.931000E+03  7.280219E-08  1.062965E-04  1.790132E-07  1.929468E-04 -2.068656E-02  2.050519E-08  2.050962E-08
  1.932000E+03  3.680675E-07  1.065053E-04 -4.073254E-07  1.925380E-04 -8.738644E-03  2.050555E-08  2.050684E-08
  1.933000E+03 -3.421437E-08  1.068178E-04 -6.951276E-07  1.920154E-04 -2.013093E-02  2.050650E-08  2.051212E-08
  1.934000E+03 -2.067709E-08  1.061613E-04  8.179113E-08  1.931815E-04 -1.600336E-02  2.050578E-08  2.050842E-08
  1.935000E+03  3.569966E-07  1.067792E-04 -2.165567E-07  1.920530E-04 -1.031152E-02  2.050618E-08  2.050860E-08
  1.936000E+03  5.779340E-08  1.065629E-04 -7.397120E-07  1.924763E-04 -2.264995E-02  2.050558E-08  2.051144E-08
  1.937000E+03 -8.103666E-08  1.062428E-04 -5.467945E-08  1.930142E-04 -1.084593E-02  2.050515E-08  2.050637E-08
  1.938000E+03  3.051543E-07  1.069184E-04 -6.120364E-08  1.918153E-04 -1.511911E-02  2.050624E-08  2.051050E-08
  1.939000E+03  1.465334E-07  1.062799E-04 -7.022154E-07  1.929777E-04 -2.101243E-02  2.050513E-08  2.050983E-08
  1.940000E+03 -1.030877E-07  1.065026E-04 -2.123370E-07  1.925359E-04 -8.318995E-03  2.050486E-08  2.050593E-08
  1.941000E+03  2.309554E-07  1.068319E-04  3.533082E-08  1.919831E-04 -2.042316E-02  2.050564E-08  2.051137E-08
  1.942000E+03  2.207113E-07  1.061370E-04 -6.105174E-07  1.932151E-04 -1.604734E-02  2.050463E-08  2.050744E-08
  1.943000E+03 -8.695380E-08  1.067891E-04 -3.690066E-07  1.920223E-04 -1.000562E-02  2.050486E-08  2.050719E-08
  1.944000E+03  1.534741E-07  1.065623E-04  5.955722E-08  1.924698E-04 -2.301128E-02  2.050461E-08  2.051051E-08
  1.945000E+03  2.663091E-07  1.062264E-04 -4.918270E-07  1.930349E-04 -1.062003E-02  2.050425E-08  2.050554E-08
  1.946000E+03 -3.994308E-08  1.069334E-04 -4.920148E-07  1.917789E-04 -1.508681E-02  2.050524E-08  2.050957E-08
  1.947000E+03  8.344806E-08  1.062666E-04  1.803717E-08  1.929958E-04 -2.124449E-02  2.050437E-08  2.050902E-08
  1.948000E+03  2.789116E-07  1.065023E-04 -3.639629E-07  1.925315E-04 -8.011716E-03  2.050438E-08  2.050548E-08
  1.949000E+03  2.179776E-08  1.068400E-04 -5.611043E-07  1.919641E-04 -2.063128E-02  2.050507E-08  2.051097E-08
  1.950000E+03  2.914129E-08  1.061211E-04 -6.360352E-08  1.932390E-04 -1.601649E-02  2.050411E-08  2.050677E-08
  1.951000E+03  2.590295E-07  1.068009E-04 -2.434533E-07  1.919957E-04 -9.870198E-03  2.050431E-08  2.050671E-08
  1.952000E+03  8.163819E-08  1.065567E-04 -5.653022E-07  1.924771E-04 -2.326323E-02  2.050419E-08  2.051027E-08
  1.953000E+03  8.264820E-10  1.062175E-04 -1.602388E-07  1.930432E-04 -1.039112E-02  2.050346E-08  2.050457E-08
  1.954000E+03  2.164013E-07  1.069456E-04 -1.573968E-07  1.917474E-04 -1.520687E-02  2.050416E-08  2.050859E-08
  1.955000E+03  1.304229E-07  1.062500E-04 -5.170611E-07  1.930183E-04 -2.135023E-02  2.050351E-08  2.050828E-08
  1.956000E+03  1.147061E-09  1.065026E-04 -2.558683E-07  1.925166E-04 -7.747573E-03  2.050290E-08  2.050388E-08
  1.957000E+03  1.663460E-07  1.068450E-04 -1.219904E-07  1.919427E-04 -2.090047E-02  2.050364E-08  2.050963E-08
  1.958000E+03  1.631660E-07  1.061022E-04 -4.427484E-07  1.932623E-04 -1.592189E-02  2.050295E-08  2.050566E-08
  1.959000E+03  2.614636E-08  1.068108E-04 -3.378937E-07  1.919667E-04 -9.689787E-03  2.050317E-08  2.050554E-08
  1.960000E+03  1.230484E-07  1.065544E-04 -1.397080E-07  1.924756E-04 -2.356938E-02  2.050341E-08  2.050956E-08
  1.961000E+03  1.746730E-07  1.062058E-04 -3.663633E-07  1.930616E-04 -1.012816E-02  2.050321E-08  2.050432E-08
  1.962000E+03  6.419121E-08  1.069629E-04 -3.877831E-07  1.917189E-04 -1.518910E-02  2.050444E-08  2.050894E-08
  1.963000E+03  9.466834E-08  1.062413E-04 -1.936750E-07  1.930387E-04 -2.159398E-02  2.050389E-08  2.050869E-08
  1.964000E+03  1.627169E-07  1.065028E-04 -3.022592E-07  1.925246E-04 -7.401880E-03  2.050385E-08  2.050480E-08
  1.965000E+03  1.007757E-07  1.068631E-04 -3.907388E-07  1.919250E-04 -2.106796E-02  2.050515E-08  2.051130E-08
  1.966000E+03  8.581961E-08  1.060896E-04 -2.588461E-07  1.932973E-04 -1.601248E-02  2.050421E-08  2.050691E-08
  1.967000E+03  1.317208E-07  1.068230E-04 -2.626424E-07  1.919585E-04 -9.406302E-03  2.050468E-08  2.050703E-08
  1.968000E+03  1.235303E-07  1.065636E-04 -3.465063E-07  1.924753E-04 -2.387294E-02  2.050503E-08  2.051136E-08
  1.969000E+03  9.618466E-08  1.061942E-04 -3.108044E-07  1.930924E-04 -1.002405E-02  2.050426E-08  2.050533E-08
  1.970000E+03  9.728104E-08  1.069784E-04 -2.581191E-07  1.916972E-04 -1.509352E-02  2.050513E-08  2.050966E-08
  1.971000E+03  1.267170E-07  1.062375E-04 -2.814532E-07  1.930518E-04 -2.186644E-02  2.050444E-08  2.050938E-08
  1.972000E+03  1.235831E-07  1.064953E-04 -3.367593E-07  1.925379E-04 -7.154017E-03  2.050385E-08  2.050475E-08
  1.973000E+03  7.556977E-08  1.068758E-04 -2.960676E-07  1.918988E-04 -2.115352E-02  2.050476E-08  2.051099E-08
  1.974000E+03  1.085221E-07  1.060768E-04 -2.258987E-07  1.933176E-04 -1.614591E-02  2.050384E-08  2.050659E-08
  1.975000E+03  1.605452E-07  1.068242E-04 -3.277868E-07  1.919538E-04 -9.107956E-03  2.050447E-08  2.050679E-08
  1.976000E+03  7.531596E-08  1.065731E-04 -3.681644E-07  1.924582E-04 -2.409393E-02  2.050492E-08  2.051138E-08
  1.977000E+03  7.635401E-08  1.061818E-04 -2.022456E-07  1.931188E-04 -9.985476E-03  2.050469E-08  2.050573E-08
  1.978000E+03  1.890959E-07  1.069890E-04 -2.854349E-07  1.916844E-04 -1.487912E-02  2.050585E-08  2.051040E-08
  1.979000E+03  9.732246E-08  1.062435E-04 -4.398373E-07  1.930532E-04 -2.211966E-02  2.050562E-08  2.051070E-08
  1.980000E+03  3.727619E-08  1.064901E-04 -2.171485E-07  1.925628E-04 -7.011306E-03  2.050553E-08  2.050635E-08
  1.981000E+03  1.926229E-07  1.068902E-04 -2.115570E-07  1.918882E-04 -2.109145E-02  2.050641E-08  2.051268E-08
  1.982000E+03  1.418725E-07  1.060779E-04 -4.788044E-07  1.933332E-04 -1.633344E-02  2.050564E-08  2.050851E-08
  1.983000E+03 -2.285716E-09  1.068247E-04 -2.757869E-07  1.919670E-04 -8.964150E-03  2.050600E-08  2.050825E-08
  1.984000E+03  1.667130E-07  1.065851E-04 -1.155418E-07  1.924517E-04 -2.414555E-02  2.050650E-08  2.051300E-08
  1.985000E+03  1.987552E-07  1.061781E-04 -4.690858E-07  1.931362E-04 -1.010155E-02  2.050580E-08  2.050694E-08
  1.986000E+03 -2.620282E-08  1.069891E-04 -3.698040E-07  1.916862E-04 -1.475392E-02  2.050610E-08  2.051059E-08
  1.987000E+03  1.177732E-07  1.062490E-04 -3.354160E-08  1.930428E-04 -2.223679E-02  2.050553E-08  2.051062E-08
  1.988000E+03  2.547544E-07  1.064802E-04 -4.136959E-07  1.925742E-04 -7.052206E-03  2.050482E-08  2.050573E-08
  1.989000E+03 -1.684782E-08  1.068887E-04 -4.860451E-07  1.918779E-04 -2.096047E-02  2.050508E-08  2.051132E-08
  1.990000E+03  5.001159E-08  1.060780E-04 -3.055826E-09  1.933187E-04 -1.648368E-02  2.050407E-08  2.050691E-08
  1.991000E+03  2.968685E-07  1.068100E-04 -3.115043E-07  1.919743E-04 -8.929067E-03  2.050396E-08  2.050625E-08
  1.992000E+03  3.179626E-08  1.065864E-04 -6.034167E-07  1.924297E-04 -2.402308E-02  2.050449E-08  2.051101E-08
  1.993000E+03 -2.541670E-08  1.061745E-04 -4.388102E-08  1.931265E-04 -1.028106E-02  2.050402E-08  2.050511E-08
  1.994000E+03  3.102019E-07  1.069759E-04 -1.736023E-07  1.916944E-04 -1.459562E-02  2.050450E-08  2.050895E-08
  1.995000E+03  1.085455E-07  1.062575E-04 -6.847396E-07  1.930159E-04 -2.219140E-02  2.050434E-08  2.050954E-08
  1.996000E+03 -9.226168E-08  1.064742E-04 -1.458448E-07  1.925782E-04 -7.257038E-03  2.050406E-08  2.050490E-08
  1.997000E+03  2.807469E-07  1.068819E-04 -2.168291E-08  1.918864E-04 -2.070893E-02  2.050479E-08  2.051090E-08
  1.998000E+03  2.030620E-07  1.060918E-04 -6.951798E-07  1.932951E-04 -1.655270E-02  2.050422E-08  2.050724E-08
  1.999000E+03 -1.354943E-07  1.067991E-04 -2.995505E-07  1.919923E-04 -9.115036E-03  2.050376E-08  2.050597E-08
  2.000000E+03  2.064166E-07  1.065872E-04  1.163667E-07  1.924279E-04 -2.374248E-02  2.050457E-08  2.051091E-08
  2.001000E+03  2.993649E-07  1.061838E-04 -6.191520E-07  1.931093E-04 -1.049240E-02  2.050396E-08  2.050527E-08
  2.002000E+03 -1.404668E-07  1.069603E-04 -4.842916E-07  1.917167E-04 -1.462282E-02  2.050389E-08  2.050826E-08
  2.003000E+03  1.028228E-07  1.062647E-04  2.006644E-07  1.929945E-04 -2.201572E-02  2.050353E-08  2.050853E-08
  2.004000E+03  3.791672E-07  1.064697E-04 -4.740212E-07  1.925759E-04 -7.502240E-03  2.050293E-08  2.050397E-08
  2.005000E+03 -9.697262E-08  1.068716E-04 -6.716554E-07  1.918940E-04 -2.052894E-02  2.050369E-08  2.050975E-08
  2.006000E+03 -1.314654E-08  1.060998E-04  1.990942E-07  1.932659E-04 -1.661981E-02  2.050265E-08  2.050552E-08
  2.007000E+03  4.250140E-07  1.067815E-04 -2.802463E-07  1.920080E-04 -9.197818E-03  2.050205E-08  2.050436E-08
  2.008000E+03 -5.303487E-09  1.065898E-04 -8.272987E-07  1.924084E-04 -2.350130E-02  2.050312E-08  2.050950E-08
  2.009000E+03 -1.234781E-07  1.061839E-04  9.925903E-08  1.930965E-04 -1.073278E-02  2.050255E-08  2.050375E-08
  2.010000E+03  4.217416E-07  1.069436E-04 -6.213690E-08  1.917359E-04 -1.443838E-02  2.050280E-08  2.050711E-08
  2.011000E+03  1.196039E-07  1.062807E-04 -9.108167E-07  1.929608E-04 -2.193315E-02  2.050308E-08  2.050827E-08
  2.012000E+03 -2.110183E-07  1.064626E-04 -8.198049E-08  1.925926E-04 -7.751316E-03  2.050329E-08  2.050421E-08
  2.013000E+03  3.611043E-07  1.068693E-04  1.526993E-07  1.919060E-04 -2.018430E-02  2.050468E-08  2.051057E-08
  2.014000E+03  2.582874E-07  1.061217E-04 -8.920741E-07  1.932402E-04 -1.681053E-02  2.050408E-08  2.050728E-08
  2.015000E+03 -2.578126E-07  1.067682E-04 -3.194907E-07  1.920505E-04 -9.295523E-03  2.050400E-08  2.050616E-08
  2.016000E+03  2.473340E-07  1.066047E-04  3.261056E-07  1.924008E-04 -2.317353E-02  2.050533E-08  2.051148E-08
  2.017000E+03  3.881787E-07  1.061963E-04 -7.631004E-07  1.930943E-04 -1.112567E-02  2.050463E-08  2.050620E-08
  2.018000E+03 -2.472336E-07  1.069281E-04 -5.811092E-07  1.917780E-04 -1.429150E-02  2.050436E-08  2.050852E-08
  2.019000E+03  9.723662E-08  1.063027E-04  4.134687E-07  1.929317E-04 -2.179969E-02  2.050428E-08  2.050924E-08
  2.020000E+03  4.893936E-07  1.064576E-04 -5.424460E-07  1.926131E-04 -8.106953E-03  2.050446E-08  2.050568E-08
  2.021000E+03 -1.729788E-07  1.068615E-04 -8.324892E-07  1.919234E-04 -1.984877E-02  2.050519E-08  2.051099E-08
  2.022000E+03 -6.393205E-08  1.061417E-04  3.842835E-07  1.932069E-04 -1.695583E-02  2.050436E-08  2.050737E-08
  2.023000E+03  5.404494E-07  1.067482E-04 -2.640334E-07  1.920887E-04 -9.423145E-03  2.050421E-08  2.050651E-08
  2.024000E+03 -4.315741E-08  1.066140E-04 -1.025783E-06  1.923841E-04 -2.280380E-02  2.050551E-08  2.051171E-08
  2.025000E+03 -2.078865E-07  1.062062E-04  2.340455E-07  1.930808E-04 -1.152158E-02  2.050501E-08  2.050643E-08
  2.026000E+03  5.226412E-07  1.069044E-04  3.028963E-08  1.918227E-04 -1.407038E-02  2.050466E-08  2.050873E-08
  2.027000E+03  1.249077E-07  1.063306E-04 -1.111944E-06  1.928885E-04 -2.160377E-02  2.050517E-08  2.051036E-08
  2.028000E+03 -3.143953E-07  1.064516E-04 -1.793413E-08  1.926350E-04 -8.613881E-03  2.050555E-08  2.050663E-08
  2.029000E+03  4.305426E-07  1.068490E-04  3.048671E-07  1.919543E-04 -1.932698E-02  2.050629E-08  2.051179E-08
  2.030000E+03  3.062742E-07  1.061769E-04 -1.062405E-06  1.931577E-04 -1.712171E-02  2.050587E-08  2.050927E-08
  2.031000E+03 -3.639526E-07  1.067259E-04 -3.369223E-07  1.921440E-04 -9.754309E-03  2.050577E-08  2.050790E-08
  2.032000E+03  2.792092E-07  1.066220E-04  5.107167E-07  1.923812E-04 -2.219449E-02  2.050701E-08  2.051281E-08
  2.033000E+03  4.664861E-07  1.062310E-04 -8.818038E-07  1.930498E-04 -1.205433E-02  2.050639E-08  2.050829E-08
  2.034000E+03 -3.378004E-07  1.068731E-04 -6.690435E-07  1.918885E-04 -1.401532E-02  2.050570E-08  2.050956E-08
  2.035000E+03  9.239729E-08  1.063577E-04  5.940562E-07  1.928455E-04 -2.119457E-02  2.050600E-08  2.051079E-08
  2.036000E+03  5.792327E-07  1.064496E-04 -5.976550E-07  1.926404E-04 -9.295788E-03  2.050562E-08  2.050713E-08
  2.037000E+03 -2.312907E-07  1.068243E-04 -9.661929E-07  1.919945E-04 -1.884200E-02  2.050604E-08  2.051136E-08
  2.038000E+03 -1.022170E-07  1.062103E-04  5.258728E-07  1.930948E-04 -1.713651E-02  2.050565E-08  2.050875E-08
  2.039000E+03  6.242861E-07  1.066970E-04 -2.495186E-07  1.921882E-04 -1.020713E-02  2.050485E-08  2.050718E-08
  2.040000E+03 -6.392959E-08  1.066199E-04 -1.174773E-06  1.923706E-04 -2.154234E-02  2.050577E-08  2.051152E-08
  2.041000E+03 -2.691635E-07  1.062527E-04  3.187771E-07  1.930040E-04 -1.251438E-02  2.050560E-08  2.050731E-08
  2.042000E+03  5.874040E-07  1.068338E-04  1.034964E-07  1.919501E-04 -1.396065E-02  2.050476E-08  2.050852E-08
  2.043000E+03  1.370091E-07  1.063828E-04 -1.247300E-06  1.927895E-04 -2.074683E-02  2.050506E-08  2.051003E-08
  2.044000E+03 -3.825059E-07  1.064454E-04  7.432292E-09  1.926406E-04 -1.000060E-02  2.050468E-08  2.050606E-08
  2.045000E+03  4.668244E-07  1.067958E-04  4.119395E-07  1.920371E-04 -1.828087E-02  2.050532E-08  2.051024E-08
  2.046000E+03  3.413410E-07  1.062481E-04 -1.158598E-06  1.930193E-04 -1.719427E-02  2.050490E-08  2.050842E-08
  2.047000E+03 -4.229671E-07  1.066647E-04 -3.630128E-07  1.922363E-04 -1.074368E-02  2.050364E-08  2.050582E-08
  2.048000E+03  2.861212E-07  1.066172E-04  6.211442E-07  1.923633E-04 -2.075568E-02  2.050482E-08  2.051003E-08
  2.049000E+03  5.139262E-07  1.062801E-04 -9.294707E-07  1.929464E-04 -1.309323E-02  2.050460E-08  2.050686E-08
  2.050000E+03 -3.795544E-07  1.067893E-04 -7.317554E-07  1.920193E-04 -1.398159E-02  2.050359E-08  2.050714E-08
  2.051000E+03  7.565219E-08  1.064071E-04  6.877606E-07  1.927300E-04 -2.020243E-02  2.050365E-08  2.050812E-08
  2.052000E+03  6.286876E-07  1.064427E-04 -6.005110E-07  1.926340E-04 -1.076745E-02  2.050329E-08  2.050516E-08
  2.053000E+03 -2.519369E-07  1.067634E-04 -1.048040E-06  1.920809E-04 -1.775642E-02  2.050397E-08  2.050870E-08
  2.054000E+03 -1.332612E-07  1.062829E-04  5.885943E-07  1.929427E-04 -1.717079E-02  2.050349E-08  2.050665E-08
  2.055000E+03  6.643764E-07  1.066341E-04 -2.176712E-07  1.922807E-04 -1.123884E-02  2.050239E-08  2.050480E-08
  2.056000E+03 -6.328334E-08  1.066156E-04 -1.253635E-06  1.923546E-04 -2.002958E-02  2.050389E-08  2.050905E-08
  2.057000E+03 -3.051855E-07  1.063051E-04  3.434445E-07  1.928991E-04 -1.357273E-02  2.050427E-08  2.050631E-08
  2.058000E+03  6.107456E-07  1.067514E-04  1.571346E-07  1.920872E-04 -1.392733E-02  2.050359E-08  2.050703E-08
  2.059000E+03  1.553263E-07  1.064382E-04 -1.306130E-06  1.926749E-04 -1.975727E-02  2.050397E-08  2.050866E-08
  2.060000E+03 -4.158229E-07  1.064402E-04 -4.403173E-09  1.926489E-04 -1.144038E-02  2.050424E-08  2.050596E-08
  2.061000E+03  4.723483E-07  1.067425E-04  4.731144E-07  1.921266E-04 -1.717042E-02  2.050505E-08  2.050938E-08
  2.062000E+03  3.696315E-07  1.063256E-04 -1.189765E-06  1.928733E-04 -1.734038E-02  2.050428E-08  2.050793E-08
  2.063000E+03 -4.459768E-07  1.066010E-04 -4.017711E-07  1.923476E-04 -1.166395E-02  2.050306E-08  2.050528E-08
  2.064000E+03  2.749924E-07  1.066236E-04  6.741509E-07  1.923435E-04 -1.923064E-02  2.050455E-08  2.050917E-08
  2.065000E+03  5.433633E-07  1.063342E-04 -9.288992E-07  1.928529E-04 -1.428696E-02  2.050477E-08  2.050743E-08
  2.066000E+03 -3.861231E-07  1.067048E-04 -7.845910E-07  1.921702E-04 -1.382454E-02  2.050353E-08  2.050672E-08
  2.067000E+03  5.245203E-08  1.064732E-04  7.173068E-07  1.926097E-04 -1.918928E-02  2.050401E-08  2.050819E-08
  2.068000E+03  6.499324E-07  1.064401E-04 -5.704364E-07  1.926550E-04 -1.232686E-02  2.050466E-08  2.050690E-08
  2.069000E+03 -2.427743E-07  1.067098E-04 -1.096180E-06  1.921843E-04 -1.653950E-02  2.050514E-08  2.050925E-08
  2.070000E+03 -1.587426E-07  1.063739E-04  5.890200E-07  1.927912E-04 -1.732811E-02  2.050487E-08  2.050817E-08
  2.071000E+03  6.700958E-07  1.065719E-04 -1.719595E-07  1.924125E-04 -1.225790E-02  2.050422E-08  2.050668E-08
  2.072000E+03 -4.241612E-08  1.066258E-04 -1.279841E-06  1.923469E-04 -1.837225E-02  2.050568E-08  2.051023E-08
  2.073000E+03 -3.243792E-07  1.063721E-04  3.164555E-07  1.928010E-04 -1.488473E-02  2.050637E-08  2.050887E-08
  2.074000E+03  5.965429E-07  1.066622E-04  2.048921E-07  1.922639E-04 -1.380669E-02  2.050534E-08  2.050839E-08
  2.075000E+03  1.827418E-07  1.065119E-04 -1.298092E-06  1.925570E-04 -1.855372E-02  2.050609E-08  2.051044E-08
  2.076000E+03 -4.216577E-07  1.064467E-04 -5.381403E-08  1.926643E-04 -1.324690E-02  2.050668E-08  2.050885E-08
  2.077000E+03  4.434870E-07  1.066774E-04  5.053008E-07  1.922583E-04 -1.587659E-02  2.050704E-08  2.051067E-08
  2.078000E+03  3.930338E-07  1.064313E-04 -1.150174E-06  1.927068E-04 -1.731947E-02  2.050696E-08  2.051072E-08
  2.079000E+03 -4.340244E-07  1.065402E-04 -4.561385E-07  1.924862E-04 -1.299842E-02  2.050579E-08  2.050816E-08
  2.080000E+03  2.417134E-07  1.066250E-04  6.747345E-07  1.923574E-04 -1.736316E-02  2.050702E-08  2.051091E-08
  2.081000E+03  5.538106E-07  1.064172E-04 -8.713428E-07  1.927308E-04 -1.560945E-02  2.050737E-08  2.051051E-08
  2.082000E+03 -3.550549E-07  1.066076E-04 -8.273858E-07  1.923681E-04 -1.389499E-02  2.050593E-08  2.050880E-08
  2.083000E+03  2.187546E-08  1.065462E-04  6.785639E-07  1.924948E-04 -1.772812E-02  2.050637E-08  2.051013E-08
  2.084000E+03  6.411459E-07  1.064546E-04 -5.043187E-07  1.926504E-04 -1.434491E-02  2.050642E-08  2.050920E-08
  2.085000E+03 -1.976769E-07  1.066279E-04 -1.111462E-06  1.923384E-04 -1.523933E-02  2.050626E-08  2.050966E-08
  2.086000E+03 -1.778483E-07  1.064843E-04  5.145855E-07  1.926042E-04 -1.709268E-02  2.050632E-08  2.050970E-08
  2.087000E+03  6.386798E-07  1.065083E-04 -1.119827E-07  1.925379E-04 -1.390290E-02  2.050492E-08  2.050761E-08
  2.088000E+03  4.975880E-09  1.066083E-04 -1.252523E-06  1.923731E-04 -1.634194E-02  2.050584E-08  2.050960E-08
  2.089000E+03 -3.222948E-07  1.064609E-04  2.222797E-07  1.926450E-04 -1.610666E-02  2.050650E-08  2.050950E-08
  2.090000E+03  5.433823E-07  1.065555E-04  2.390847E-07  1.924567E-04 -1.414127E-02  2.050526E-08  2.050804E-08
  2.091000E+03  2.186606E-07  1.065709E-04 -1.219993E-06  1.924419E-04 -1.688573E-02  2.050579E-08  2.050965E-08
  2.092000E+03 -3.910003E-07  1.064650E-04 -1.461227E-07  1.926284E-04 -1.527611E-02  2.050579E-08  2.050857E-08
  2.093000E+03  3.775565E-07  1.065847E-04  4.928116E-07  1.924119E-04 -1.472845E-02  2.050594E-08  2.050889E-08
  2.094000E+03  4.054242E-07  1.065329E-04 -1.030166E-06  1.925127E-04 -1.691174E-02  2.050601E-08  2.050977E-08
  2.095000E+03 -3.742529E-07  1.064792E-04 -5.233957E-07  1.925876E-04 -1.470759E-02  2.050435E-08  2.050705E-08
  2.096000E+03  1.775109E-07  1.065955E-04  6.040685E-07  1.923850E-04 -1.543180E-02  2.050493E-08  2.050805E-08
  2.097000E+03  5.345289E-07  1.065004E-04 -7.319142E-07  1.925659E-04 -1.663689E-02  2.050551E-08  2.050907E-08
  2.098000E+03 -2.721857E-07  1.065031E-04 -8.493354E-07  1.925398E-04 -1.434473E-02  2.050397E-08  2.050668E-08
  2.099000E+03 -2.326430E-08  1.065917E-04  5.490076E-07  1.923844E-04 -1.611386E-02  2.050392E-08  2.050722E-08
  2.100000E+03  5.865892E-07  1.064709E-04 -3.767740E-07  1.926029E-04 -1.616171E-02  2.050393E-08  2.050722E-08
  2.101000E+03 -1.072564E-07  1.065389E-04 -1.069867E-06  1.924750E-04 -1.424194E-02  2.050399E-08  2.050681E-08
  2.102000E+03 -1.890787E-07  1.065724E-04  3.458523E-07  1.924204E-04 -1.670474E-02  2.050384E-08  2.050727E-08
  2.103000E+03  5.532663E-07  1.064503E-04 -2.853512E-08  1.926249E-04 -1.541911E-02  2.050255E-08  2.050550E-08
  2.104000E+03  8.592325E-08  1.065811E-04 -1.143768E-06  1.923917E-04 -1.460292E-02  2.050313E-08  2.050621E-08
  2.105000E+03 -2.945195E-07  1.065328E-04  4.399224E-08  1.924951E-04 -1.704270E-02  2.050406E-08  2.050751E-08
  2.106000E+03  4.385551E-07  1.064595E-04  2.602320E-07  1.926085E-04 -1.450439E-02  2.050284E-08  2.050545E-08
  2.107000E+03  2.744486E-07  1.066128E-04 -1.055163E-06  1.923358E-04 -1.546529E-02  2.050300E-08  2.050645E-08
  2.108000E+03 -3.261528E-07  1.064764E-04 -3.018981E-07  1.925908E-04 -1.688091E-02  2.050346E-08  2.050678E-08
  2.109000E+03  2.702663E-07  1.065068E-04  4.432369E-07  1.925298E-04 -1.380024E-02  2.050378E-08  2.050619E-08
  2.110000E+03  4.236059E-07  1.066144E-04 -8.334476E-07  1.923465E-04 -1.662449E-02  2.050407E-08  2.050787E-08
  2.111000E+03 -2.785205E-07  1.064269E-04 -6.278648E-07  1.926753E-04 -1.600807E-02  2.050322E-08  2.050621E-08
  2.112000E+03  8.475931E-08  1.065782E-04  4.836325E-07  1.924013E-04 -1.384318E-02  2.050382E-08  2.050638E-08
  2.113000E+03  5.090432E-07  1.065706E-04 -5.321917E-07  1.924385E-04 -1.755806E-02  2.050514E-08  2.050910E-08
  2.114000E+03 -1.569914E-07  1.064188E-04 -8.824229E-07  1.926923E-04 -1.460870E-02  2.050389E-08  2.050649E-08
  2.115000E+03 -8.685711E-08  1.066421E-04  3.695230E-07  1.922917E-04 -1.480690E-02  2.050415E-08  2.050715E-08
  2.116000E+03  5.186657E-07  1.064881E-04 -2.035220E-07  1.925858E-04 -1.771251E-02  2.050488E-08  2.050864E-08
  2.117000E+03  1.067999E-08  1.064713E-04 -1.021941E-06  1.926019E-04 -1.331378E-02  2.050475E-08  2.050712E-08
  2.118000E+03 -2.125525E-07  1.066633E-04  1.321252E-07  1.922700E-04 -1.645677E-02  2.050538E-08  2.050896E-08
  2.119000E+03  4.496231E-07  1.064046E-04  9.197753E-08  1.927302E-04 -1.672526E-02  2.050451E-08  2.050771E-08
  2.120000E+03  1.892180E-07  1.065701E-04 -1.015452E-06  1.924237E-04 -1.296503E-02  2.050489E-08  2.050743E-08
  2.121000E+03 -2.709841E-07  1.066152E-04 -1.749436E-07  1.923712E-04 -1.804519E-02  2.050637E-08  2.051038E-08
  2.122000E+03  3.127642E-07  1.063747E-04  3.047612E-07  1.927847E-04 -1.479708E-02  2.050517E-08  2.050764E-08
  2.123000E+03  3.451609E-07  1.066708E-04 -8.600824E-07  1.922505E-04 -1.402123E-02  2.050549E-08  2.050860E-08
  2.124000E+03 -2.547457E-07  1.065031E-04 -4.915800E-07  1.925726E-04 -1.861891E-02  2.050602E-08  2.051001E-08
  2.125000E+03  1.429800E-07  1.064328E-04  3.952295E-07  1.926821E-04 -1.282250E-02  2.050601E-08  2.050795E-08
  2.126000E+03  4.484983E-07  1.067144E-04 -6.024580E-07  1.921888E-04 -1.626060E-02  2.050660E-08  2.051052E-08
  2.127000E+03 -1.666669E-07  1.063841E-04 -7.570620E-07  1.927849E-04 -1.749720E-02  2.050611E-08  2.050954E-08
  2.128000E+03 -2.422316E-08  1.065622E-04  3.433553E-07  1.924500E-04 -1.208489E-02  2.050641E-08  2.050840E-08
  2.129000E+03  4.813775E-07  1.066615E-04 -2.991603E-07  1.923027E-04 -1.854480E-02  2.050778E-08  2.051227E-08
  2.130000E+03 -2.071929E-08  1.063322E-04 -9.264205E-07  1.928784E-04 -1.500977E-02  2.050687E-08  2.050948E-08
  2.131000E+03 -1.587034E-07  1.066991E-04  1.547624E-07  1.922136E-04 -1.322339E-02  2.050723E-08  2.050993E-08
  2.132000E+03  4.399127E-07  1.065225E-04 -6.334371E-09  1.925562E-04 -1.954237E-02  2.050766E-08  2.051210E-08
  2.133000E+03  1.471734E-07  1.063906E-04 -9.661968E-07  1.927682E-04 -1.239238E-02  2.050714E-08  2.050912E-08
  2.134000E+03 -2.335406E-07  1.067644E-04 -1.196796E-07  1.921100E-04 -1.593416E-02  2.050791E-08  2.051168E-08
  2.135000E+03  3.287871E-07  1.063664E-04  2.200060E-07  1.928275E-04 -1.839080E-02  2.050690E-08  2.051057E-08
  2.136000E+03  3.027457E-07  1.065415E-04 -8.608819E-07  1.924861E-04 -1.120423E-02  2.050647E-08  2.050846E-08
  2.137000E+03 -2.351006E-07  1.067066E-04 -4.227788E-07  1.922198E-04 -1.888343E-02  2.050747E-08  2.051211E-08
  2.138000E+03  1.672318E-07  1.062865E-04  3.393552E-07  1.929560E-04 -1.541081E-02  2.050619E-08  2.050870E-08
  2.139000E+03  4.166411E-07  1.067097E-04 -6.269496E-07  1.921797E-04 -1.236646E-02  2.050588E-08  2.050864E-08
  2.140000E+03 -1.647654E-07  1.065382E-04 -6.961340E-07  1.925126E-04 -2.034731E-02  2.050569E-08  2.051049E-08
  2.141000E+03 -3.784836E-09  1.063416E-04  3.249240E-07  1.928357E-04 -1.212594E-02  2.050494E-08  2.050655E-08
  2.142000E+03  4.645237E-07  1.067967E-04 -3.269950E-07  1.920273E-04 -1.554061E-02  2.050541E-08  2.050938E-08
  2.143000E+03 -3.255591E-08  1.063496E-04 -8.849420E-07  1.928402E-04 -1.918342E-02  2.050469E-08  2.050876E-08
  2.144000E+03 -1.473291E-07  1.065150E-04  1.697209E-07  1.925119E-04 -1.050472E-02  2.050428E-08  2.050580E-08
  2.145000E+03  4.372698E-07  1.067413E-04 -2.667437E-08  1.921401E-04 -1.906360E-02  2.050555E-08  2.051048E-08
  2.146000E+03  1.371445E-07  1.062514E-04 -9.538090E-07  1.930086E-04 -1.581458E-02  2.050487E-08  2.050771E-08
  2.147000E+03 -2.353246E-07  1.067141E-04 -9.878383E-08  1.921593E-04 -1.165049E-02  2.050472E-08  2.050712E-08
  2.148000E+03  3.399519E-07  1.065594E-04  2.154573E-07  1.924733E-04 -2.090362E-02  2.050535E-08  2.051039E-08
  2.149000E+03  3.034701E-07  1.063050E-04 -8.832362E-07  1.928968E-04 -1.204971E-02  2.050442E-08  2.050624E-08
  2.150000E+03 -2.491798E-07  1.068228E-04 -4.140603E-07  1.919763E-04 -1.510025E-02  2.050511E-08  2.050894E-08
  2.151000E+03  1.843350E-07  1.063470E-04  3.545750E-07  1.928462E-04 -1.983600E-02  2.050459E-08  2.050876E-08
  2.152000E+03  4.334134E-07  1.064907E-04 -6.724688E-07  1.925492E-04 -1.003928E-02  2.050366E-08  2.050531E-08
  2.153000E+03 -1.880797E-07  1.067690E-04 -7.121490E-07  1.920803E-04 -1.906714E-02  2.050449E-08  2.050954E-08
  2.154000E+03  5.892823E-10  1.062272E-04  3.673664E-07  1.930428E-04 -1.622532E-02  2.050370E-08  2.050644E-08
  2.155000E+03  5.011588E-07  1.067096E-04 -3.619211E-07  1.921508E-04 -1.111362E-02  2.050306E-08  2.050555E-08
  2.156000E+03 -6.289145E-08  1.065714E-04 -9.347444E-07  1.924341E-04 -2.124565E-02  2.050334E-08  2.050870E-08
  2.157000E+03 -1.664821E-07  1.062748E-04  2.428298E-07  1.929311E-04 -1.204852E-02  2.050223E-08  2.050378E-08
  2.158000E+03  4.886988E-07  1.068349E-04 -2.624267E-08  1.919323E-04 -1.479618E-02  2.050283E-08  2.050676E-08
  2.159000E+03  1.114187E-07  1.063405E-04 -1.035859E-06  1.928433E-04 -2.023477E-02  2.050286E-08  2.050743E-08
  2.160000E+03 -2.827557E-07  1.064740E-04 -1.433263E-08  1.925645E-04 -9.723276E-03  2.050214E-08  2.050347E-08
  2.161000E+03  3.982256E-07  1.067894E-04  2.662596E-07  1.920363E-04 -1.910342E-02  2.050371E-08  2.050885E-08
  2.162000E+03  3.020407E-07  1.062103E-04 -9.961616E-07  1.930726E-04 -1.646423E-02  2.050353E-08  2.050666E-08
  2.163000E+03 -3.260504E-07  1.067160E-04 -3.559282E-07  1.921456E-04 -1.069163E-02  2.050385E-08  2.050613E-08
  2.164000E+03  2.460402E-07  1.065908E-04  4.604762E-07  1.924166E-04 -2.157759E-02  2.050507E-08  2.051049E-08
  2.165000E+03  4.648431E-07  1.062562E-04 -8.157589E-07  1.929821E-04 -1.198718E-02  2.050408E-08  2.050594E-08
  2.166000E+03 -2.838876E-07  1.068628E-04 -7.046407E-07  1.919063E-04 -1.451738E-02  2.050549E-08  2.050943E-08
  2.167000E+03  5.039777E-08  1.063450E-04  5.188635E-07  1.928644E-04 -2.071222E-02  2.050576E-08  2.051030E-08
  2.168000E+03  5.688607E-07  1.064662E-04 -5.080583E-07  1.926062E-04 -9.330836E-03  2.050516E-08  2.050667E-08
  2.169000E+03 -1.631994E-07  1.068209E-04 -9.949273E-07  1.920033E-04 -1.919753E-02  2.050618E-08  2.051161E-08
  2.170000E+03 -1.528602E-07  1.061955E-04  4.291764E-07  1.931216E-04 -1.674630E-02  2.050576E-08  2.050871E-08
  2.171000E+03  5.947247E-07  1.067250E-04 -1.292052E-07  1.921458E-04 -1.024690E-02  2.050567E-08  2.050807E-08
  2.172000E+03  1.536308E-08  1.066057E-04 -1.174046E-06  1.924030E-04 -2.194395E-02  2.050632E-08  2.051219E-08
  2.173000E+03 -3.170200E-07  1.062374E-04  1.981703E-07  1.930247E-04 -1.190907E-02  2.050498E-08  2.050654E-08
  2.174000E+03  5.300256E-07  1.068813E-04  2.383849E-07  1.918756E-04 -1.432692E-02  2.050581E-08  2.050985E-08
  2.175000E+03  2.292828E-07  1.063419E-04 -1.201521E-06  1.928792E-04 -2.104125E-02  2.050661E-08  2.051165E-08
  2.176000E+03 -4.087860E-07  1.064584E-04 -1.540910E-07  1.926239E-04 -9.043768E-03  2.050560E-08  2.050683E-08
  2.177000E+03  3.828154E-07  1.068412E-04  5.238058E-07  1.919729E-04 -1.930086E-02  2.050679E-08  2.051225E-08
  2.178000E+03  4.395002E-07  1.061821E-04 -1.064980E-06  1.931562E-04 -1.690488E-02  2.050679E-08  2.051021E-08
  2.179000E+03 -4.109217E-07  1.067335E-04 -5.636346E-07  1.921420E-04 -9.894139E-03  2.050698E-08  2.050924E-08
  2.180000E+03  1.765579E-07  1.066223E-04  6.764606E-07  1.923899E-04 -2.228725E-02  2.050796E-08  2.051380E-08
  2.181000E+03  6.001637E-07  1.062189E-04 -7.772989E-07  1.930720E-04 -1.181740E-02  2.050647E-08  2.050839E-08
  2.182000E+03 -3.164694E-07  1.069042E-04 -9.458061E-07  1.918485E-04 -1.408483E-02  2.050738E-08  2.051150E-08
  2.183000E+03 -5.948858E-08  1.063435E-04  6.616812E-07  1.928917E-04 -2.150462E-02  2.050804E-08  2.051296E-08
  2.184000E+03  6.794140E-07  1.064439E-04 -3.727590E-07  1.926602E-04 -8.667126E-03  2.050673E-08  2.050817E-08
  2.185000E+03 -1.410239E-07  1.068672E-04 -1.227078E-06  1.919300E-04 -1.936017E-02  2.050718E-08  2.051301E-08
  2.186000E+03 -2.811629E-07  1.061639E-04  4.781733E-07  1.931909E-04 -1.723912E-02  2.050686E-08  2.051005E-08
  2.187000E+03  6.625598E-07  1.067310E-04  7.285887E-08  1.921417E-04 -9.408856E-03  2.050657E-08  2.050888E-08
  2.188000E+03  8.779829E-08  1.066384E-04 -1.358842E-06  1.923544E-04 -2.262241E-02  2.050711E-08  2.051352E-08
  2.189000E+03 -4.406032E-07  1.061928E-04  1.454867E-07  1.931095E-04 -1.186856E-02  2.050540E-08  2.050703E-08
  2.190000E+03  5.461385E-07  1.069114E-04  4.684532E-07  1.918188E-04 -1.372723E-02  2.050568E-08  2.050975E-08
  2.191000E+03  3.374396E-07  1.063472E-04 -1.310888E-06  1.928750E-04 -2.190980E-02  2.050679E-08  2.051235E-08
  2.192000E+03 -5.071528E-07  1.064200E-04 -2.947810E-07  1.926864E-04 -8.517914E-03  2.050494E-08  2.050612E-08
  2.193000E+03  3.491364E-07  1.068792E-04  7.404069E-07  1.918907E-04 -1.916962E-02  2.050536E-08  2.051102E-08
  2.194000E+03  5.621921E-07  1.061559E-04 -1.087442E-06  1.931900E-04 -1.761316E-02  2.050508E-08  2.050888E-08
  2.195000E+03 -4.679159E-07  1.067149E-04 -7.625307E-07  1.921541E-04 -9.087983E-03  2.050485E-08  2.050702E-08
  2.196000E+03  9.995484E-08  1.066542E-04  8.430571E-07  1.923127E-04 -2.266137E-02  2.050570E-08  2.051188E-08
  2.197000E+03  7.172067E-07  1.061737E-04 -7.117571E-07  1.931306E-04 -1.210292E-02  2.050389E-08  2.050600E-08
  2.198000E+03 -3.273660E-07  1.069088E-04 -1.166840E-06  1.918106E-04 -1.331914E-02  2.050442E-08  2.050853E-08
  2.199000E+03 -1.644501E-07  1.063597E-04  7.585482E-07  1.928421E-04 -2.222319E-02  2.050555E-08  2.051088E-08
  2.200000E+03  7.749748E-07  1.063945E-04 -2.362976E-07  1.927217E-04 -8.496006E-03  2.050380E-08  2.050524E-08
  2.201000E+03 -1.097001E-07  1.068895E-04 -1.436497E-06  1.918584E-04 -1.885001E-02  2.050401E-08  2.050993E-08
  2.202000E+03 -3.959903E-07  1.061557E-04  4.995803E-07  1.931778E-04 -1.806105E-02  2.050358E-08  2.050714E-08
  2.203000E+03  7.231817E-07  1.066911E-04  2.537645E-07  1.921806E-04 -8.826929E-03  2.050316E-08  2.050534E-08
  2.204000E+03  1.543870E-07  1.066714E-04 -1.525323E-06  1.922674E-04 -2.253020E-02  2.050423E-08  2.051087E-08
  2.205000E+03 -5.480046E-07  1.061627E-04  9.258720E-08  1.931378E-04 -1.252519E-02  2.050243E-08  2.050432E-08
  2.206000E+03  5.659979E-07  1.068919E-04  6.641809E-07  1.918236E-04 -1.291219E-02  2.050269E-08  2.050656E-08
  2.207000E+03  4.269068E-07  1.063807E-04 -1.414128E-06  1.927944E-04 -2.230147E-02  2.050450E-08  2.051042E-08
  2.208000E+03 -5.945988E-07  1.063756E-04 -4.067847E-07  1.927485E-04 -8.797281E-03  2.050293E-08  2.050421E-08
  2.209000E+03  3.303514E-07  1.068874E-04  9.249307E-07  1.918568E-04 -1.835675E-02  2.050362E-08  2.050910E-08
  2.210000E+03  6.584826E-07  1.061744E-04 -1.120025E-06  1.931440E-04 -1.837521E-02  2.050349E-08  2.050769E-08
  2.211000E+03 -5.253229E-07  1.066708E-04 -9.095018E-07  1.922223E-04 -8.873362E-03  2.050370E-08  2.050580E-08
  2.212000E+03  4.923118E-08  1.066858E-04  9.918312E-07  1.922489E-04 -2.215566E-02  2.050518E-08  2.051131E-08
  2.213000E+03  8.057191E-07  1.061714E-04 -6.762841E-07  1.931349E-04 -1.292667E-02  2.050369E-08  2.050612E-08
  2.214000E+03 -3.498599E-07  1.068788E-04 -1.323734E-06  1.918596E-04 -1.272960E-02  2.050407E-08  2.050800E-08
  2.215000E+03 -2.348762E-07  1.064004E-04  8.532327E-07  1.927701E-04 -2.217947E-02  2.050578E-08  2.051120E-08
  2.216000E+03  8.469240E-07  1.063735E-04 -1.503730E-07  1.927683E-04 -9.089099E-03  2.050459E-08  2.050620E-08
  2.217000E+03 -1.010764E-07  1.068841E-04 -1.583402E-06  1.918738E-04 -1.808965E-02  2.050491E-08  2.051063E-08
  2.218000E+03 -4.706418E-07  1.061913E-04  5.364558E-07  1.931257E-04 -1.846039E-02  2.050477E-08  2.050855E-08
  2.219000E+03  7.726070E-07  1.066614E-04  3.641662E-07  1.922497E-04 -9.015749E-03  2.050479E-08  2.050698E-08
  2.220000E+03  1.857212E-07  1.066927E-04 -1.644531E-06  1.922483E-04 -2.187793E-02  2.050658E-08  2.051309E-08
  2.221000E+03 -6.139015E-07  1.061840E-04  7.875020E-08  1.931275E-04 -1.316686E-02  2.050527E-08  2.050739E-08
  2.222000E+03  5.911760E-07  1.068674E-04  7.749177E-07  1.918916E-04 -1.270335E-02  2.050530E-08  2.050903E-08
  2.223000E+03  4.692273E-07  1.064175E-04 -1.493829E-06  1.927558E-04 -2.198443E-02  2.050764E-08  2.051355E-08
  2.224000E+03 -6.439537E-07  1.063797E-04 -4.540136E-07  1.927785E-04 -9.402110E-03  2.050682E-08  2.050827E-08
  2.225000E+03  3.328388E-07  1.068786E-04  1.019654E-06  1.919049E-04 -1.787484E-02  2.050725E-08  2.051252E-08
  2.226000E+03  7.004772E-07  1.062131E-04 -1.155120E-06  1.931072E-04 -1.846642E-02  2.050701E-08  2.051132E-08
  2.227000E+03 -5.559621E-07  1.066584E-04 -9.695661E-07  1.922791E-04 -9.243301E-03  2.050730E-08  2.050946E-08
  2.228000E+03  3.681057E-08  1.066984E-04  1.060687E-06  1.922624E-04 -2.158611E-02  2.050931E-08  2.051523E-08
  2.229000E+03  8.388731E-07  1.061990E-04 -6.758620E-07  1.931195E-04 -1.337333E-02  2.050726E-08  2.050986E-08
  2.230000E+03 -3.649151E-07  1.068578E-04 -1.377729E-06  1.919232E-04 -1.274018E-02  2.050683E-08  2.051067E-08
  2.231000E+03 -2.518472E-07  1.064280E-04  8.948901E-07  1.927476E-04 -2.178455E-02  2.050888E-08  2.051419E-08
  2.232000E+03  8.651623E-07  1.063813E-04 -1.303153E-07  1.927820E-04 -9.640029E-03  2.050744E-08  2.050919E-08
  2.233000E+03 -1.013685E-07  1.068692E-04 -1.618856E-06  1.919190E-04 -1.776936E-02  2.050700E-08  2.051253E-08
  2.234000E+03 -4.838057E-07  1.062215E-04  5.465033E-07  1.930873E-04 -1.843457E-02  2.050654E-08  2.051032E-08
  2.235000E+03  7.725131E-07  1.066474E-04  3.899757E-07  1.922889E-04 -9.387943E-03  2.050622E-08  2.050842E-08
  2.236000E+03  1.967414E-07  1.066963E-04 -1.652281E-06  1.922528E-04 -2.141717E-02  2.050797E-08  2.051429E-08
  2.237000E+03 -6.179794E-07  1.062006E-04  6.013566E-08  1.931032E-04 -1.352363E-02  2.050580E-08  2.050803E-08
  2.238000E+03  5.786545E-07  1.068420E-04  7.919057E-07  1.919367E-04 -1.266861E-02  2.050526E-08  2.050886E-08
  2.239000E+03  4.795138E-07  1.064371E-04 -1.476749E-06  1.927178E-04 -2.170433E-02  2.050750E-08  2.051331E-08
  2.240000E+03 -6.347206E-07  1.063736E-04 -4.807754E-07  1.927869E-04 -9.855814E-03  2.050644E-08  2.050797E-08
  2.241000E+03  3.162478E-07  1.068618E-04  1.013542E-06  1.919251E-04 -1.750788E-02  2.050631E-08  2.051137E-08
  2.242000E+03  6.997427E-07  1.062354E-04 -1.122147E-06  1.930575E-04 -1.856820E-02  2.050600E-08  2.051033E-08
  2.243000E+03 -5.336259E-07  1.066303E-04 -9.842089E-07  1.923161E-04 -9.480925E-03  2.050580E-08  2.050791E-08
  2.244000E+03  2.339080E-08  1.067033E-04  1.026669E-06  1.922359E-04 -2.113753E-02  2.050764E-08  2.051337E-08
  2.245000E+03  8.240233E-07  1.062046E-04 -6.389297E-07  1.930922E-04 -1.384734E-02  2.050530E-08  2.050800E-08
  2.246000E+03 -3.360600E-07  1.068208E-04 -1.369462E-06  1.919651E-04 -1.248909E-02  2.050426E-08  2.050787E-08
  2.247000E+03 -2.537598E-07  1.064529E-04  8.398407E-07  1.926751E-04 -2.161714E-02  2.050602E-08  2.051128E-08
  2.248000E+03  8.366344E-07  1.063578E-04 -1.060388E-07  1.927994E-04 -1.018662E-02  2.050465E-08  2.050644E-08
  2.249000E+03 -7.483309E-08  1.068484E-04 -1.582172E-06  1.919280E-04 -1.708557E-02  2.050421E-08  2.050940E-08
  2.250000E+03 -4.691317E-07  1.062512E-04  4.840498E-07  1.930074E-04 -1.879675E-02  2.050364E-08  2.050753E-08
  2.251000E+03  7.372629E-07  1.065989E-04  3.866561E-07  1.923499E-04 -9.592871E-03  2.050335E-08  2.050542E-08
  2.252000E+03  2.105995E-07  1.067077E-04 -1.593325E-06  1.922021E-04 -2.069740E-02  2.050506E-08  2.051110E-08
  2.253000E+03 -5.884296E-07  1.062097E-04  1.176411E-08  1.930631E-04 -1.433152E-02  2.050306E-08  2.050548E-08
  2.254000E+03  5.452623E-07  1.067898E-04  7.581591E-07  1.920044E-04 -1.223541E-02  2.050257E-08  2.050581E-08
  2.255000E+03  4.736126E-07  1.064748E-04 -1.407202E-06  1.926181E-04 -2.142371E-02  2.050428E-08  2.050999E-08
  2.256000E+03 -5.953133E-07  1.063469E-04 -4.976037E-07  1.928094E-04 -1.070318E-02  2.050352E-08  2.050516E-08
  2.257000E+03  2.925622E-07  1.068334E-04  9.535312E-07  1.919512E-04 -1.654186E-02  2.050400E-08  2.050857E-08
  2.258000E+03  6.728363E-07  1.062834E-04 -1.056461E-06  1.929534E-04 -1.896643E-02  2.050406E-08  2.050848E-08
  2.259000E+03 -4.943901E-07  1.065731E-04 -9.598380E-07  1.923988E-04 -9.939478E-03  2.050352E-08  2.050553E-08
  2.260000E+03  1.808026E-08  1.067131E-04  9.537666E-07  1.921960E-04 -2.004386E-02  2.050572E-08  2.051101E-08
  2.261000E+03  7.829281E-07  1.062368E-04 -5.989618E-07  1.930273E-04 -1.484698E-02  2.050435E-08  2.050727E-08
  2.262000E+03 -3.090619E-07  1.067550E-04 -1.308535E-06  1.920720E-04 -1.223317E-02  2.050311E-08  2.050633E-08
  2.263000E+03 -2.328951E-07  1.064991E-04  7.720258E-07  1.925765E-04 -2.091233E-02  2.050473E-08  2.050973E-08
  2.264000E+03  7.894200E-07  1.063539E-04 -1.128517E-07  1.928059E-04 -1.139074E-02  2.050434E-08  2.050633E-08
  2.265000E+03 -6.900652E-08  1.068052E-04 -1.494039E-06  1.920065E-04 -1.612072E-02  2.050464E-08  2.050923E-08
  2.266000E+03 -4.205306E-07  1.063190E-04  4.376695E-07  1.928925E-04 -1.884907E-02  2.050450E-08  2.050840E-08
  2.267000E+03  6.936011E-07  1.065566E-04  3.230472E-07  1.924360E-04 -1.049597E-02  2.050420E-08  2.050626E-08
  2.268000E+03  1.898005E-07  1.067067E-04 -1.492971E-06  1.922142E-04 -1.937407E-02  2.050669E-08  2.051207E-08
  2.269000E+03 -5.201377E-07  1.062724E-04  3.275424E-09  1.929770E-04 -1.519186E-02  2.050576E-08  2.050839E-08
  2.270000E+03  5.172509E-07  1.067260E-04  6.447784E-07  1.921416E-04 -1.241331E-02  2.050493E-08  2.050786E-08
  2.271000E+03  4.227260E-07  1.065189E-04 -1.315794E-06  1.925553E-04 -2.031298E-02  2.050655E-08  2.051176E-08
  2.272000E+03 -5.195787E-07  1.063739E-04 -4.526138E-07  1.927925E-04 -1.203681E-02  2.050662E-08  2.050851E-08
  2.273000E+03  2.912666E-07  1.067797E-04  8.063644E-07  1.920765E-04 -1.585595E-02  2.050729E-08  2.051130E-08
  2.274000E+03  5.931683E-07  1.063561E-04 -9.965766E-07  1.928475E-04 -1.858980E-02  2.050697E-08  2.051119E-08
  2.275000E+03 -4.262823E-07  1.065530E-04 -8.530756E-07  1.924662E-04 -1.113779E-02  2.050658E-08  2.050866E-08
  2.276000E+03  5.093960E-08  1.066956E-04  7.969270E-07  1.922539E-04 -1.879783E-02  2.050903E-08  2.051366E-08
  2.277000E+03  6.823357E-07  1.063105E-04 -5.908050E-07  1.929301E-04 -1.535601E-02  2.050807E-08  2.051104E-08
  2.278000E+03 -2.618395E-07  1.067017E-04 -1.145820E-06  1.921993E-04 -1.280112E-02  2.050632E-08  2.050932E-08
  2.279000E+03 -1.630785E-07  1.065259E-04  6.294234E-07  1.925507E-04 -1.967359E-02  2.050767E-08  2.051212E-08
  2.280000E+03  6.799323E-07  1.063952E-04 -1.705615E-07  1.927619E-04 -1.254926E-02  2.050733E-08  2.050951E-08
  2.281000E+03 -5.428273E-08  1.067488E-04 -1.290534E-06  1.921341E-04 -1.580795E-02  2.050753E-08  2.051160E-08
  2.282000E+03 -3.171069E-07  1.063760E-04  3.344255E-07  1.928054E-04 -1.821316E-02  2.050646E-08  2.051008E-08
  2.283000E+03  5.932155E-07  1.065486E-04  1.930663E-07  1.924679E-04 -1.167881E-02  2.050580E-08  2.050796E-08
  2.284000E+03  1.610977E-07  1.066767E-04 -1.276005E-06  1.922794E-04 -1.841602E-02  2.050826E-08  2.051298E-08
  2.285000E+03 -3.927997E-07  1.063319E-04 -3.226291E-08  1.928817E-04 -1.538622E-02  2.050705E-08  2.050968E-08
  2.286000E+03  4.447056E-07  1.066815E-04  4.479916E-07  1.922291E-04 -1.308011E-02  2.050554E-08  2.050836E-08
  2.287000E+03  3.469520E-07  1.065283E-04 -1.119384E-06  1.925384E-04 -1.926814E-02  2.050698E-08  2.051160E-08
  2.288000E+03 -3.832853E-07  1.064056E-04 -4.025508E-07  1.927388E-04 -1.287957E-02  2.050679E-08  2.050881E-08
  2.289000E+03  2.601366E-07  1.067267E-04  5.622518E-07  1.921673E-04 -1.574569E-02  2.050683E-08  2.051049E-08
  2.290000E+03  4.761359E-07  1.063928E-04 -8.514538E-07  1.927686E-04 -1.801781E-02  2.050586E-08  2.050972E-08
  2.291000E+03 -2.997019E-07  1.065409E-04 -7.153397E-07  1.924769E-04 -1.205455E-02  2.050516E-08  2.050729E-08
  2.292000E+03  7.007302E-08  1.066630E-04  5.356249E-07  1.922908E-04 -1.810561E-02  2.050695E-08  2.051114E-08
  2.293000E+03  5.382423E-07  1.063493E-04 -5.244920E-07  1.928409E-04 -1.547606E-02  2.050603E-08  2.050890E-08
  2.294000E+03 -1.658361E-07  1.066608E-04 -9.331547E-07  1.922579E-04 -1.326124E-02  2.050457E-08  2.050741E-08
  2.295000E+03 -9.201131E-08  1.065293E-04  3.905292E-07  1.925213E-04 -1.891358E-02  2.050549E-08  2.050958E-08
  2.296000E+03  5.305412E-07  1.064100E-04 -2.019917E-07  1.927160E-04 -1.318914E-02  2.050513E-08  2.050734E-08
  2.297000E+03 -6.590577E-09  1.067032E-04 -1.032731E-06  1.921921E-04 -1.563405E-02  2.050500E-08  2.050870E-08
  2.298000E+03 -2.017617E-07  1.064044E-04  1.581299E-07  1.927288E-04 -1.784591E-02  2.050394E-08  2.050739E-08
  2.299000E+03  4.592653E-07  1.065281E-04  6.393491E-08  1.924818E-04 -1.236047E-02  2.050316E-08  2.050532E-08
  2.300000E+03  1.514682E-07  1.066483E-04 -1.007132E-06  1.922927E-04 -1.778700E-02  2.050446E-08  2.050872E-08
  2.301000E+03 -2.488175E-07  1.063611E-04 -1.170807E-07  1.927977E-04 -1.559410E-02  2.050368E-08  2.050632E-08
  2.302000E+03  3.433546E-07  1.066378E-04  2.393932E-07  1.922820E-04 -1.336071E-02  2.050270E-08  2.050536E-08
  2.303000E+03  2.811756E-07  1.065339E-04 -8.738410E-07  1.924958E-04 -1.859655E-02  2.050378E-08  2.050801E-08
  2.304000E+03 -2.338571E-07  1.064118E-04 -3.814935E-07  1.926986E-04 -1.353802E-02  2.050353E-08  2.050566E-08
  2.305000E+03  2.060792E-07  1.066815E-04  3.089586E-07  1.922196E-04 -1.540701E-02  2.050385E-08  2.050718E-08
  2.306000E+03  3.669146E-07  1.064262E-04 -6.671192E-07  1.926832E-04 -1.776293E-02  2.050330E-08  2.050697E-08
  2.307000E+03 -1.690758E-07  1.065135E-04 -5.957906E-07  1.925025E-04 -1.274662E-02  2.050244E-08  2.050460E-08
  2.308000E+03  7.454402E-08  1.066392E-04  2.769665E-07  1.923011E-04 -1.730822E-02  2.050376E-08  2.050755E-08
  2.309000E+03  4.014317E-07  1.063871E-04 -4.347494E-07  1.927502E-04 -1.586410E-02  2.050355E-08  2.050645E-08
  2.310000E+03 -7.232338E-08  1.066110E-04 -7.329381E-07  1.923324E-04 -1.352013E-02  2.050288E-08  2.050553E-08
  2.311000E+03 -2.750992E-08  1.065448E-04  1.612322E-07  1.924754E-04 -1.808260E-02  2.050389E-08  2.050767E-08
  2.312000E+03  3.858899E-07  1.064261E-04 -2.239945E-07  1.926758E-04 -1.408194E-02  2.050370E-08  2.050607E-08
  2.313000E+03  3.673555E-08  1.066539E-04 -7.810541E-07  1.922747E-04 -1.518599E-02  2.050447E-08  2.050775E-08
  2.314000E+03 -8.953133E-08  1.064571E-04 -7.385694E-09  1.926378E-04 -1.747395E-02  2.050454E-08  2.050791E-08
  2.315000E+03  3.333197E-07  1.065078E-04 -6.486767E-08  1.925247E-04 -1.333063E-02  2.050355E-08  2.050582E-08
  2.316000E+03  1.345987E-07  1.066245E-04 -7.487015E-07  1.923353E-04 -1.675953E-02  2.050478E-08  2.050847E-08
  2.317000E+03 -1.079854E-07  1.064252E-04 -1.854730E-07  1.926982E-04 -1.599389E-02  2.050532E-08  2.050814E-08
  2.318000E+03  2.597982E-07  1.065891E-04  2.414523E-08  1.923924E-04 -1.386987E-02  2.050496E-08  2.050753E-08
  2.319000E+03  2.023885E-07  1.065522E-04 -6.537296E-07  1.924735E-04 -1.747157E-02  2.050535E-08  2.050907E-08
  2.320000E+03 -8.618395E-08  1.064537E-04 -3.337305E-07  1.926465E-04 -1.456668E-02  2.050575E-08  2.050819E-08
  2.321000E+03  1.793526E-07  1.066275E-04  3.942268E-08  1.923436E-04 -1.514618E-02  2.050676E-08  2.050978E-08
  2.322000E+03  2.370099E-07  1.064849E-04 -5.213409E-07  1.926042E-04 -1.707838E-02  2.050644E-08  2.050984E-08
  2.323000E+03 -3.814330E-08  1.065138E-04 -4.360157E-07  1.925336E-04 -1.395542E-02  2.050549E-08  2.050789E-08
  2.324000E+03  1.082348E-07  1.066069E-04 -3.325485E-09  1.923852E-04 -1.633917E-02  2.050686E-08  2.051018E-08
  2.325000E+03  2.427273E-07  1.064615E-04 -3.863854E-07  1.926482E-04 -1.602452E-02  2.050697E-08  2.050993E-08
  2.326000E+03  1.857604E-08  1.065709E-04 -4.880265E-07  1.924397E-04 -1.432000E-02  2.050637E-08  2.050902E-08
  2.327000E+03  6.464696E-08  1.065519E-04 -8.286287E-08  1.924821E-04 -1.685816E-02  2.050642E-08  2.050976E-08
  2.328000E+03  2.218810E-07  1.064805E-04 -2.861427E-07  1.926050E-04 -1.499684E-02  2.050638E-08  2.050902E-08
  2.329000E+03  7.025242E-08  1.065962E-04 -4.844619E-07  1.924049E-04 -1.520428E-02  2.050725E-08  2.051024E-08
  2.330000E+03  5.235670E-08  1.065041E-04 -1.750689E-07  1.925723E-04 -1.655897E-02  2.050693E-08  2.051006E-08
  2.331000E+03  1.852472E-07  1.065212E-04 -2.357375E-07  1.925247E-04 -1.457538E-02  2.050578E-08  2.050837E-08
  2.332000E+03  1.052249E-07  1.065798E-04 -4.379998E-07  1.924336E-04 -1.601376E-02  2.050691E-08  2.051010E-08
  2.333000E+03  6.539410E-08  1.064913E-04 -2.528429E-07  1.925962E-04 -1.584238E-02  2.050725E-08  2.051013E-08
  2.334000E+03  1.486735E-07  1.065588E-04 -2.349039E-07  1.924664E-04 -1.484007E-02  2.050674E-08  2.050948E-08
  2.335000E+03  1.129325E-07  1.065412E-04 -3.720282E-07  1.924979E-04 -1.635894E-02  2.050622E-08  2.050942E-08
  2.336000E+03  9.391856E-08  1.065054E-04 -2.884491E-07  1.925603E-04 -1.519256E-02  2.050634E-08  2.050907E-08
  2.337000E+03  1.253572E-07  1.065721E-04 -2.738989E-07  1.924477E-04 -1.542172E-02  2.050713E-08  2.051008E-08
  2.338000E+03  9.683795E-08  1.065106E-04 -3.148471E-07  1.925535E-04 -1.611606E-02  2.050632E-08  2.050935E-08
  2.339000E+03  1.240163E-07  1.065320E-04 -2.786425E-07  1.925027E-04 -1.499963E-02  2.050540E-08  2.050813E-08
  2.340000E+03  1.213058E-07  1.065559E-04 -3.298387E-07  1.924713E-04 -1.591183E-02  2.050635E-08  2.050943E-08
  2.341000E+03  6.948149E-08  1.065064E-04 -2.872316E-07  1.925587E-04 -1.561448E-02  2.050623E-08  2.050908E-08
  2.342000E+03  1.426836E-07  1.065510E-04 -2.385849E-07  1.924677E-04 -1.526920E-02  2.050524E-08  2.050810E-08
  2.343000E+03  1.414069E-07  1.065256E-04 -3.808129E-07  1.925116E-04 -1.602335E-02  2.050478E-08  2.050784E-08
  2.344000E+03  3.998701E-08  1.065195E-04 -3.053073E-07  1.925195E-04 -1.524080E-02  2.050470E-08  2.050748E-08
  2.345000E+03  1.391804E-07  1.065491E-04 -1.783865E-07  1.924669E-04 -1.565044E-02  2.050466E-08  2.050763E-08
  2.346000E+03  1.799876E-07  1.065092E-04 -4.017354E-07  1.925339E-04 -1.574129E-02  2.050410E-08  2.050706E-08
  2.347000E+03  1.958425E-08  1.065383E-04 -3.660646E-07  1.924778E-04 -1.526421E-02  2.050388E-08  2.050672E-08
  2.348000E+03  1.115839E-07  1.065319E-04 -1.186229E-07  1.924960E-04 -1.585470E-02  2.050438E-08  2.050737E-08
  2.349000E+03  2.218706E-07  1.065163E-04 -3.779205E-07  1.925219E-04 -1.539636E-02  2.050429E-08  2.050716E-08
  2.350000E+03  1.966762E-08  1.065470E-04 -4.480270E-07  1.924665E-04 -1.557337E-02  2.050424E-08  2.050722E-08
  2.351000E+03  6.229521E-08  1.065114E-04 -8.330451E-08  1.925263E-04 -1.577550E-02  2.050370E-08  2.050661E-08
  2.352000E+03  2.535250E-07  1.065316E-04 -3.043234E-07  1.924851E-04 -1.525583E-02  2.050336E-08  2.050623E-08
  2.353000E+03  4.903946E-08  1.065350E-04 -5.310713E-07  1.924824E-04 -1.583375E-02  2.050355E-08  2.050661E-08
  2.354000E+03  9.640226E-10  1.065092E-04 -9.659085E-08  1.925254E-04 -1.546568E-02  2.050328E-08  2.050609E-08
  2.355000E+03  2.658018E-07  1.065438E-04 -1.932276E-07  1.924597E-04 -1.548211E-02  2.050292E-08  2.050588E-08
  2.356000E+03  1.053128E-07  1.065160E-04 -5.955879E-07  1.925161E-04 -1.580294E-02  2.050348E-08  2.050651E-08
  2.357000E+03 -5.541198E-08  1.065277E-04 -1.660503E-07  1.924944E-04 -1.527493E-02  2.050359E-08  2.050638E-08
  2.358000E+03  2.513295E-07  1.065402E-04 -7.256602E-08  1.924736E-04 -1.582188E-02  2.050361E-08  2.050666E-08
  2.359000E+03  1.786843E-07  1.065058E-04 -6.201053E-07  1.925345E-04 -1.550253E-02  2.050358E-08  2.050651E-08
  2.360000E+03 -9.076629E-08  1.065455E-04 -2.840781E-07  1.924596E-04 -1.538133E-02  2.050328E-08  2.050617E-08
  2.361000E+03  2.032487E-07  1.065182E-04  3.118136E-08  1.925108E-04 -1.591011E-02  2.050332E-08  2.050633E-08
  2.362000E+03  2.569011E-07  1.065187E-04 -5.823890E-07  1.925097E-04 -1.517118E-02  2.050353E-08  2.050641E-08
  2.363000E+03 -9.452792E-08  1.065501E-04 -4.343235E-07  1.924558E-04 -1.576998E-02  2.050364E-08  2.050670E-08
  2.364000E+03  1.222837E-07  1.065003E-04  9.682148E-08  1.925466E-04 -1.563904E-02  2.050376E-08  2.050661E-08
  2.365000E+03  3.251430E-07  1.065476E-04 -4.731867E-07  1.924644E-04 -1.515851E-02  2.050426E-08  2.050721E-08
  2.366000E+03 -6.237905E-08  1.065370E-04 -5.909138E-07  1.924944E-04 -1.611208E-02  2.050511E-08  2.050827E-08
  2.367000E+03  2.152653E-08  1.065025E-04  1.064862E-07  1.925530E-04 -1.518411E-02  2.050500E-08  2.050770E-08
  2.368000E+03  3.667486E-07  1.065671E-04 -3.061062E-07  1.924349E-04 -1.552946E-02  2.050475E-08  2.050785E-08
  2.369000E+03  4.540525E-09  1.065088E-04 -7.204471E-07  1.925490E-04 -1.604201E-02  2.050552E-08  2.050864E-08
  2.370000E+03 -7.547541E-08  1.065312E-04  4.545340E-08  1.925075E-04 -1.489023E-02  2.050578E-08  2.050844E-08
  2.371000E+03  3.680920E-07  1.065622E-04 -1.173855E-07  1.924544E-04 -1.608477E-02  2.050572E-08  2.050896E-08
  2.372000E+03  1.026592E-07  1.064897E-04 -7.937066E-07  1.925828E-04 -1.553810E-02  2.050560E-08  2.050855E-08
  2.373000E+03 -1.511162E-07  1.065687E-04 -9.196660E-08  1.924431E-04 -1.506216E-02  2.050609E-08  2.050892E-08
  2.374000E+03  3.223143E-07  1.065334E-04  6.348434E-08  1.925170E-04 -1.641253E-02  2.050673E-08  2.050997E-08
  2.375000E+03  2.213252E-07  1.064984E-04 -7.896122E-07  1.925696E-04 -1.488203E-02  2.050608E-08  2.050888E-08
  2.376000E+03 -1.926242E-07  1.065871E-04 -2.941382E-07  1.924081E-04 -1.569131E-02  2.050570E-08  2.050881E-08
  2.377000E+03  2.344985E-07  1.064928E-04  2.078692E-07  1.925872E-04 -1.615570E-02  2.050647E-08  2.050950E-08
  2.378000E+03  3.364605E-07  1.065386E-04 -7.007704E-07  1.924971E-04 -1.455606E-02  2.050620E-08  2.050902E-08
  2.379000E+03 -1.895064E-07  1.065720E-04 -5.215301E-07  1.924408E-04 -1.643032E-02  2.050605E-08  2.050940E-08
  2.380000E+03  1.148956E-07  1.064697E-04  2.878708E-07  1.926191E-04 -1.541016E-02  2.050567E-08  2.050840E-08
  2.381000E+03  4.235973E-07  1.065859E-04 -5.296134E-07  1.924111E-04 -1.486539E-02  2.050605E-08  2.050908E-08
  2.382000E+03 -1.332943E-07  1.065288E-04 -7.323919E-07  1.925251E-04 -1.679844E-02  2.050658E-08  2.051001E-08
  2.383000E+03 -2.202096E-08  1.064852E-04  2.765097E-07  1.925895E-04 -1.454660E-02  2.050575E-08  2.050823E-08
  2.384000E+03  4.676050E-07  1.066091E-04 -2.935523E-07  1.923690E-04 -1.575239E-02  2.050575E-08  2.050911E-08
  2.385000E+03 -3.127807E-08  1.064766E-04 -8.918874E-07  1.926165E-04 -1.644202E-02  2.050639E-08  2.050964E-08
  2.386000E+03 -1.495123E-07  1.065388E-04  1.687937E-07  1.924957E-04 -1.412826E-02  2.050621E-08  2.050869E-08
  2.387000E+03  4.612764E-07  1.065895E-04 -3.968674E-08  1.924110E-04 -1.675807E-02  2.050611E-08  2.050972E-08
  2.388000E+03  1.022834E-07  1.064490E-04 -9.756586E-07  1.926582E-04 -1.546035E-02  2.050582E-08  2.050876E-08
  2.389000E+03 -2.430838E-07  1.065987E-04 -2.502708E-08  1.923886E-04 -1.453876E-02  2.050620E-08  2.050898E-08
  2.390000E+03  3.976940E-07  1.065313E-04  1.890637E-07  1.925192E-04 -1.721897E-02  2.050627E-08  2.050985E-08
  2.391000E+03  2.510205E-07  1.064683E-04 -9.583942E-07  1.926151E-04 -1.434332E-02  2.050529E-08  2.050796E-08
  2.392000E+03 -2.868865E-07  1.066249E-04 -2.843509E-07  1.923343E-04 -1.568040E-02  2.050511E-08  2.050837E-08
  2.393000E+03  2.830201E-07  1.064635E-04  3.572703E-07  1.926322E-04 -1.672261E-02  2.050544E-08  2.050865E-08
  2.394000E+03  3.879014E-07  1.065301E-04 -8.326853E-07  1.924958E-04 -1.379898E-02  2.050465E-08  2.050732E-08
  2.395000E+03 -2.746222E-07  1.065995E-04 -5.608508E-07  1.923769E-04 -1.692776E-02  2.050434E-08  2.050800E-08
  2.396000E+03  1.355085E-07  1.064259E-04  4.394764E-07  1.926822E-04 -1.551035E-02  2.050391E-08  2.050663E-08
  2.397000E+03  4.865598E-07  1.065995E-04 -6.152468E-07  1.923639E-04 -1.422262E-02  2.050382E-08  2.050679E-08
  2.398000E+03 -2.023137E-07  1.065308E-04 -8.058303E-07  1.924968E-04 -1.753715E-02  2.050368E-08  2.050744E-08
  2.399000E+03 -2.375595E-08  1.064457E-04  4.127264E-07  1.926330E-04 -1.418155E-02  2.050290E-08  2.050524E-08
  2.400000E+03  5.308843E-07  1.066351E-04 -3.357123E-07  1.922971E-04 -1.550752E-02  2.050316E-08  2.050660E-08
  2.401000E+03 -7.967545E-08  1.064551E-04 -9.807905E-07  1.926309E-04 -1.705512E-02  2.050356E-08  2.050705E-08
  2.402000E+03 -1.662535E-07  1.065177E-04  2.754864E-07  1.925029E-04 -1.352234E-02  2.050309E-08  2.050539E-08
  2.403000E+03  5.173115E-07  1.066143E-04 -4.728716E-08  1.923446E-04 -1.695077E-02  2.050373E-08  2.050754E-08
  2.404000E+03  7.177222E-08  1.064159E-04 -1.063271E-06  1.927007E-04 -1.571485E-02  2.050388E-08  2.050690E-08
  2.405000E+03 -2.658434E-07  1.066004E-04  5.102156E-08  1.923625E-04 -1.396102E-02  2.050393E-08  2.050658E-08
  2.406000E+03  4.438611E-07  1.065419E-04  2.003360E-07  1.924829E-04 -1.770257E-02  2.050428E-08  2.050810E-08
  2.407000E+03  2.313916E-07  1.064384E-04 -1.034544E-06  1.926569E-04 -1.420297E-02  2.050402E-08  2.050664E-08
  2.408000E+03 -3.077911E-07  1.066417E-04 -2.309180E-07  1.922916E-04 -1.535126E-02  2.050388E-08  2.050711E-08
  2.409000E+03  3.169082E-07  1.064580E-04  3.737543E-07  1.926308E-04 -1.722570E-02  2.050405E-08  2.050746E-08
  2.410000E+03  3.757981E-07  1.065128E-04 -8.902408E-07  1.925170E-04 -1.343613E-02  2.050368E-08  2.050624E-08
  2.411000E+03 -2.900224E-07  1.066186E-04 -5.260966E-07  1.923377E-04 -1.689054E-02  2.050386E-08  2.050757E-08
  2.412000E+03  1.582126E-07  1.064123E-04  4.532477E-07  1.927047E-04 -1.579633E-02  2.050360E-08  2.050640E-08
  2.413000E+03  4.783510E-07  1.065991E-04 -6.537356E-07  1.923620E-04 -1.387427E-02  2.050364E-08  2.050652E-08
  2.414000E+03 -2.153036E-07  1.065426E-04 -7.804270E-07  1.924795E-04 -1.770834E-02  2.050404E-08  2.050788E-08
  2.415000E+03 -3.644073E-09  1.064345E-04  4.236504E-07  1.926597E-04 -1.419940E-02  2.050357E-08  2.050589E-08
  2.416000E+03  5.218250E-07  1.066456E-04 -3.685197E-07  1.922848E-04 -1.531732E-02  2.050392E-08  2.050733E-08
  2.417000E+03 -9.255499E-08  1.064569E-04 -9.538035E-07  1.926351E-04 -1.728294E-02  2.050427E-08  2.050782E-08
  2.418000E+03 -1.425546E-07  1.065143E-04  2.836123E-07  1.925186E-04 -1.337777E-02  2.050415E-08  2.050639E-08
  2.419000E+03  5.020836E-07  1.066254E-04 -8.266834E-08  1.923354E-04 -1.693398E-02  2.050490E-08  2.050872E-08
  2.420000E+03  6.102513E-08  1.064139E-04 -1.025757E-06  1.927162E-04 -1.582568E-02  2.050511E-08  2.050813E-08
  2.421000E+03 -2.381471E-07  1.066057E-04  5.209985E-08  1.923645E-04 -1.385774E-02  2.050518E-08  2.050779E-08
  2.422000E+03  4.253685E-07  1.065484E-04  1.594880E-07  1.924890E-04 -1.774135E-02  2.050617E-08  2.050998E-08
  2.423000E+03  2.189356E-07  1.064424E-04 -9.894149E-07  1.926693E-04 -1.420395E-02  2.050611E-08  2.050870E-08
  2.424000E+03 -2.780310E-07  1.066505E-04 -2.279836E-07  1.922960E-04 -1.536939E-02  2.050604E-08  2.050927E-08
  2.425000E+03  3.039670E-07  1.064598E-04  3.248744E-07  1.926482E-04 -1.723419E-02  2.050624E-08  2.050963E-08
  2.426000E+03  3.541830E-07  1.065246E-04 -8.493741E-07  1.925192E-04 -1.341086E-02  2.050618E-08  2.050870E-08
  2.427000E+03 -2.573975E-07  1.066227E-04 -5.073139E-07  1.923537E-04 -1.698824E-02  2.050631E-08  2.051002E-08
  2.428000E+03  1.551302E-07  1.064137E-04  3.916684E-07  1.927193E-04 -1.571014E-02  2.050545E-08  2.050821E-08
  2.429000E+03  4.447608E-07  1.066127E-04 -6.235273E-07  1.923555E-04 -1.394562E-02  2.050555E-08  2.050843E-08
  2.430000E+03 -1.815954E-07  1.065381E-04 -7.390067E-07  1.925055E-04 -1.775891E-02  2.050593E-08  2.050974E-08
  2.431000E+03  3.284763E-09  1.064408E-04  3.527459E-07  1.926593E-04 -1.405635E-02  2.050479E-08  2.050706E-08
  2.432000E+03  4.818746E-07  1.066537E-04 -3.533100E-07  1.922795E-04 -1.553080E-02  2.050484E-08  2.050830E-08
  2.433000E+03 -6.601732E-08  1.064479E-04 -8.947840E-07  1.926614E-04 -1.719513E-02  2.050538E-08  2.050885E-08
  2.434000E+03 -1.234458E-07  1.065290E-04  2.179620E-07  1.925024E-04 -1.328734E-02  2.050528E-08  2.050750E-08
  2.435000E+03  4.618218E-07  1.066218E-04 -9.105244E-08  1.923460E-04 -1.721381E-02  2.050525E-08  2.050911E-08
  2.436000E+03  7.122378E-08  1.064070E-04 -9.543663E-07  1.927291E-04 -1.558416E-02  2.050523E-08  2.050812E-08
  2.437000E+03 -2.041479E-07  1.066223E-04  7.681362E-09  1.923386E-04 -1.394391E-02  2.050558E-08  2.050824E-08
  2.438000E+03  3.898257E-07  1.065330E-04  1.185885E-07  1.925145E-04 -1.792519E-02  2.050585E-08  2.050967E-08
  2.439000E+03  2.090218E-07  1.064411E-04 -9.127742E-07  1.926616E-04 -1.388569E-02  2.050513E-08  2.050759E-08
  2.440000E+03 -2.334840E-07  1.066602E-04 -2.406651E-07  1.922691E-04 -1.564861E-02  2.050495E-08  2.050828E-08
  2.441000E+03  2.818435E-07  1.064394E-04  2.536886E-07  1.926761E-04 -1.721422E-02  2.050529E-08  2.050862E-08
  2.442000E+03  3.227349E-07  1.065331E-04 -7.834731E-07  1.924931E-04 -1.315845E-02  2.050511E-08  2.050754E-08
  2.443000E+03 -2.116132E-07  1.066202E-04 -4.787756E-07  1.923444E-04 -1.735511E-02  2.050471E-08  2.050853E-08
  2.444000E+03  1.562826E-07  1.063991E-04  3.013076E-07  1.927356E-04 -1.548467E-02  2.050443E-08  2.050708E-08
  2.445000E+03  3.934918E-07  1.066261E-04 -5.888738E-07  1.923237E-04 -1.390622E-02  2.050475E-08  2.050762E-08
  2.446000E+03 -1.436269E-07  1.065259E-04 -6.660823E-07  1.925174E-04 -1.802193E-02  2.050476E-08  2.050860E-08
  2.447000E+03  3.280400E-08  1.064350E-04  2.572484E-07  1.926578E-04 -1.376298E-02  2.050360E-08  2.050576E-08
  2.448000E+03  4.177785E-07  1.066613E-04 -3.648942E-07  1.922533E-04 -1.568404E-02  2.050347E-08  2.050696E-08
  2.449000E+03 -4.644177E-08  1.064316E-04 -7.835357E-07  1.926786E-04 -1.724381E-02  2.050404E-08  2.050745E-08
  2.450000E+03 -6.634121E-08  1.065310E-04  1.385741E-07  1.924844E-04 -1.306513E-02  2.050381E-08  2.050597E-08
  2.451000E+03  3.963302E-07  1.066179E-04 -1.555753E-07  1.923346E-04 -1.743615E-02  2.050320E-08  2.050710E-08
  2.452000E+03  6.237931E-08  1.063955E-04 -8.199303E-07  1.927347E-04 -1.544834E-02  2.050365E-08  2.050642E-08
  2.453000E+03 -1.238559E-07  1.066263E-04 -3.282295E-08  1.923180E-04 -1.388124E-02  2.050418E-08  2.050683E-08
  2.454000E+03  3.343166E-07  1.065239E-04  1.536575E-09  1.925156E-04 -1.805858E-02  2.050417E-08  2.050799E-08
  2.455000E+03  1.663521E-07  1.064371E-04 -7.735093E-07  1.926529E-04 -1.376400E-02  2.050348E-08  2.050582E-08
  2.456000E+03 -1.393466E-07  1.066580E-04 -2.249910E-07  1.922607E-04 -1.565666E-02  2.050363E-08  2.050694E-08
  2.457000E+03  2.501323E-07  1.064353E-04  9.243031E-08  1.926728E-04 -1.721337E-02  2.050415E-08  2.050744E-08
  2.458000E+03  2.466148E-07  1.065313E-04 -6.666652E-07  1.924832E-04 -1.318095E-02  2.050371E-08  2.050607E-08
  2.459000E+03 -1.186690E-07  1.066117E-04 -3.968300E-07  1.923486E-04 -1.728435E-02  2.050354E-08  2.050727E-08
  2.460000E+03  1.613067E-07  1.064048E-04  1.159381E-07  1.927185E-04 -1.545149E-02  2.050373E-08  2.050636E-08
  2.461000E+03  2.895183E-07  1.066196E-04 -5.238512E-07  1.923280E-04 -1.403414E-02  2.050391E-08  2.050672E-08
  2.462000E+03 -6.680653E-08  1.065210E-04 -5.180623E-07  1.925204E-04 -1.782113E-02  2.050420E-08  2.050790E-08
  2.463000E+03  8.070027E-08  1.064478E-04  7.254682E-08  1.926355E-04 -1.386950E-02  2.050366E-08  2.050587E-08
  2.464000E+03  2.951182E-07  1.066479E-04 -3.702562E-07  1.922811E-04 -1.572434E-02  2.050385E-08  2.050722E-08
  2.465000E+03  2.367261E-09  1.064404E-04 -5.788090E-07  1.926651E-04 -1.701655E-02  2.050438E-08  2.050765E-08
  2.466000E+03  2.209926E-08  1.065391E-04 -2.053777E-08  1.924771E-04 -1.337159E-02  2.050451E-08  2.050676E-08
  2.467000E+03  2.716421E-07  1.066019E-04 -2.387619E-07  1.923725E-04 -1.722480E-02  2.050424E-08  2.050794E-08
  2.468000E+03  7.217137E-08  1.064184E-04 -5.831511E-07  1.927010E-04 -1.535889E-02  2.050451E-08  2.050720E-08
  2.469000E+03 -4.816152E-09  1.066206E-04 -1.376644E-07  1.923382E-04 -1.427087E-02  2.050513E-08  2.050785E-08
  2.470000E+03  2.288223E-07  1.065142E-04 -1.553041E-07  1.925411E-04 -1.760440E-02  2.050517E-08  2.050875E-08
  2.471000E+03  1.293154E-07  1.064692E-04 -5.405531E-07  1.926099E-04 -1.393537E-02  2.050503E-08  2.050737E-08
  2.472000E+03 -1.859834E-09  1.066366E-04 -2.515380E-07  1.923133E-04 -1.593538E-02  2.050503E-08  2.050833E-08
  2.473000E+03  1.791641E-07  1.064427E-04 -1.253378E-07  1.926686E-04 -1.664787E-02  2.050533E-08  2.050841E-08
  2.474000E+03  1.640101E-07  1.065584E-04 -4.684220E-07  1.924526E-04 -1.368182E-02  2.050553E-08  2.050799E-08
  2.475000E+03  2.181204E-08  1.065785E-04 -3.364242E-07  1.924206E-04 -1.721630E-02  2.050487E-08  2.050844E-08
  2.476000E+03  1.326864E-07  1.064338E-04 -1.381704E-07  1.926730E-04 -1.502042E-02  2.050460E-08  2.050713E-08
  2.477000E+03  1.739195E-07  1.066236E-04 -3.846682E-07  1.923322E-04 -1.476189E-02  2.050492E-08  2.050787E-08
  2.478000E+03  5.490788E-08  1.064915E-04 -3.796268E-07  1.925791E-04 -1.727689E-02  2.050498E-08  2.050838E-08
  2.479000E+03  1.007949E-07  1.064944E-04 -1.799317E-07  1.925616E-04 -1.384640E-02  2.050476E-08  2.050706E-08
  2.480000E+03  1.621061E-07  1.066227E-04 -3.138001E-07  1.923363E-04 -1.638346E-02  2.050466E-08  2.050810E-08
  2.481000E+03  8.509481E-08  1.064343E-04 -3.782563E-07  1.926800E-04 -1.614756E-02  2.050510E-08  2.050801E-08
  2.482000E+03  9.176359E-08  1.065836E-04 -2.324610E-07  1.924103E-04 -1.390923E-02  2.050580E-08  2.050832E-08
  2.483000E+03  1.366208E-07  1.065563E-04 -2.777932E-07  1.924636E-04 -1.743494E-02  2.050509E-08  2.050870E-08
  2.484000E+03  1.071883E-07  1.064423E-04 -3.443240E-07  1.926583E-04 -1.456812E-02  2.050481E-08  2.050724E-08
  2.485000E+03  1.020492E-07  1.066370E-04 -2.830692E-07  1.923124E-04 -1.520365E-02  2.050525E-08  2.050833E-08
  2.486000E+03  1.103916E-07  1.064695E-04 -2.790253E-07  1.926221E-04 -1.716764E-02  2.050536E-08  2.050867E-08
  2.487000E+03  1.149708E-07  1.065152E-04 -2.986353E-07  1.925259E-04 -1.362887E-02  2.050503E-08  2.050732E-08
  2.488000E+03  1.229912E-07  1.066151E-04 -3.133634E-07  1.923484E-04 -1.682936E-02  2.050433E-08  2.050789E-08
  2.489000E+03  9.749245E-08  1.064241E-04 -3.106916E-07  1.926980E-04 -1.573942E-02  2.050518E-08  2.050793E-08
  2.490000E+03  1.012498E-07  1.066053E-04 -2.635335E-07  1.923710E-04 -1.405844E-02  2.050574E-08  2.050838E-08
  2.491000E+03  1.480949E-07  1.065328E-04 -3.046034E-07  1.925023E-04 -1.761858E-02  2.050462E-08  2.050824E-08
  2.492000E+03  1.000817E-07  1.064496E-04 -3.616459E-07  1.926398E-04 -1.413311E-02  2.050439E-08  2.050670E-08
  2.493000E+03  7.220743E-08  1.066456E-04 -2.476901E-07  1.922945E-04 -1.560739E-02  2.050487E-08  2.050809E-08
  2.494000E+03  1.645065E-07  1.064439E-04 -2.596251E-07  1.926597E-04 -1.700903E-02  2.050449E-08  2.050771E-08
  2.495000E+03  1.206905E-07  1.065344E-04 -4.085744E-07  1.924826E-04 -1.341592E-02  2.050416E-08  2.050647E-08
  2.496000E+03  3.912645E-08  1.066059E-04 -2.641767E-07  1.923591E-04 -1.725264E-02  2.050357E-08  2.050723E-08
  2.497000E+03  1.592723E-07  1.064096E-04 -1.911672E-07  1.927131E-04 -1.534318E-02  2.050412E-08  2.050673E-08
  2.498000E+03  1.605949E-07  1.066258E-04 -4.270650E-07  1.923271E-04 -1.415506E-02  2.050497E-08  2.050774E-08
  2.499000E+03  1.159330E-08  1.065131E-04 -3.223897E-07  1.925328E-04 -1.785924E-02  2.050400E-08  2.050764E-08
  2.500000E+03  1.327651E-07  1.064533E-04 -1.182442E-07  1.926285E-04 -1.372366E-02  2.050401E-08  2.050619E-08
  2.501000E+03  2.085798E-07  1.066561E-04 -4.097729E-07  1.922743E-04 -1.593247E-02  2.050463E-08  2.050807E-08
  2.502000E+03  4.871250E-09  1.064262E-04 -4.113853E-07  1.926921E-04 -1.694358E-02  2.050455E-08  2.050772E-08
  2.503000E+03  8.675669E-08  1.065514E-04 -7.197921E-08  1.924536E-04 -1.324085E-02  2.050441E-08  2.050666E-08
  2.504000E+03  2.488827E-07  1.065984E-04 -3.488160E-07  1.923739E-04 -1.755936E-02  2.050360E-08  2.050742E-08
  2.505000E+03  3.017435E-08  1.064047E-04 -5.084127E-07  1.927221E-04 -1.503929E-02  2.050422E-08  2.050676E-08
  2.506000E+03  2.333375E-08  1.066405E-04 -7.580331E-08  1.922991E-04 -1.432818E-02  2.050477E-08  2.050757E-08
  2.507000E+03  2.743119E-07  1.064924E-04 -2.430979E-07  1.925687E-04 -1.787480E-02  2.050383E-08  2.050750E-08
  2.508000E+03  8.209005E-08  1.064659E-04 -5.955121E-07  1.926018E-04 -1.345481E-02  2.050367E-08  2.050589E-08
  2.509000E+03 -4.349577E-08  1.066559E-04 -1.292162E-07  1.922732E-04 -1.629556E-02  2.050435E-08  2.050783E-08
  2.510000E+03  2.710052E-07  1.064088E-04 -1.100321E-07  1.927198E-04 -1.664182E-02  2.050424E-08  2.050730E-08
  2.511000E+03  1.553040E-07  1.065743E-04 -6.417504E-07  1.924102E-04 -1.324069E-02  2.050419E-08  2.050663E-08
  2.512000E+03 -9.552363E-08  1.065825E-04 -2.349332E-07  1.924047E-04 -1.784899E-02  2.050371E-08  2.050753E-08
  2.513000E+03  2.283360E-07  1.064029E-04  2.242485E-08  1.927229E-04 -1.459629E-02  2.050410E-08  2.050648E-08
  2.514000E+03  2.433785E-07  1.066600E-04 -6.217126E-07  1.922666E-04 -1.463002E-02  2.050496E-08  2.050807E-08
  2.515000E+03 -1.217093E-07  1.064688E-04 -3.883129E-07  1.926136E-04 -1.791678E-02  2.050404E-08  2.050765E-08
  2.516000E+03  1.532054E-07  1.064826E-04  1.277152E-07  1.925749E-04 -1.309004E-02  2.050413E-08  2.050621E-08
  2.517000E+03  3.281910E-07  1.066603E-04 -5.358484E-07  1.922699E-04 -1.678336E-02  2.050468E-08  2.050850E-08
  2.518000E+03 -1.090514E-07  1.063891E-04 -5.632761E-07  1.927570E-04 -1.634979E-02  2.050450E-08  2.050747E-08
  2.519000E+03  5.626997E-08  1.066035E-04  1.727435E-07  1.923654E-04 -1.317263E-02  2.050504E-08  2.050741E-08
  2.520000E+03  3.884581E-07  1.065671E-04 -3.896752E-07  1.924394E-04 -1.825810E-02  2.050431E-08  2.050838E-08
  2.521000E+03 -4.998646E-08  1.064000E-04 -7.236478E-07  1.927289E-04 -1.410415E-02  2.050431E-08  2.050664E-08
  2.522000E+03 -5.178854E-08  1.066854E-04  1.350297E-07  1.922287E-04 -1.494604E-02  2.050571E-08  2.050885E-08
  2.523000E+03  4.127093E-07  1.064407E-04 -1.958239E-07  1.926717E-04 -1.796532E-02  2.050480E-08  2.050848E-08
  2.524000E+03  4.694137E-08  1.065014E-04 -8.408464E-07  1.925410E-04 -1.268739E-02  2.050423E-08  2.050641E-08
  2.525000E+03 -1.513571E-07  1.066659E-04  1.716326E-08  1.922657E-04 -1.733413E-02  2.050512E-08  2.050899E-08
  2.526000E+03  3.878668E-07  1.063639E-04  1.676615E-08  1.928050E-04 -1.597287E-02  2.050487E-08  2.050772E-08
  2.527000E+03  1.698536E-07  1.066361E-04 -8.807475E-07  1.923078E-04 -1.310559E-02  2.050520E-08  2.050789E-08
  2.528000E+03 -2.211587E-07  1.065495E-04 -1.729441E-07  1.924737E-04 -1.877954E-02  2.050437E-08  2.050847E-08
  2.529000E+03  3.113406E-07  1.063916E-04  2.083523E-07  1.927437E-04 -1.345583E-02  2.050445E-08  2.050654E-08
  2.530000E+03  3.009855E-07  1.067169E-04 -8.254980E-07  1.921744E-04 -1.530397E-02  2.050585E-08  2.050947E-08
  2.531000E+03 -2.468463E-07  1.064073E-04 -4.108814E-07  1.927308E-04 -1.818780E-02  2.050458E-08  2.050822E-08
  2.532000E+03  1.949455E-07  1.065161E-04  3.423737E-07  1.925141E-04 -1.206303E-02  2.050436E-08  2.050628E-08
  2.533000E+03  4.137935E-07  1.066781E-04 -6.790940E-07  1.922420E-04 -1.800377E-02  2.050468E-08  2.050910E-08
  2.534000E+03 -2.124521E-07  1.063306E-04 -6.562373E-07  1.928607E-04 -1.570546E-02  2.050447E-08  2.050722E-08
  2.535000E+03  5.276967E-08  1.066671E-04  3.774637E-07  1.922481E-04 -1.285104E-02  2.050486E-08  2.050738E-08
  2.536000E+03  4.874780E-07  1.065351E-04 -4.541117E-07  1.924959E-04 -1.940064E-02  2.050371E-08  2.050824E-08
  2.537000E+03 -1.198218E-07  1.063769E-04 -8.670092E-07  1.927625E-04 -1.286539E-02  2.050378E-08  2.050582E-08
  2.538000E+03 -9.508873E-08  1.067466E-04  3.027635E-07  1.921173E-04 -1.553052E-02  2.050540E-08  2.050897E-08
  2.539000E+03  5.112554E-07  1.063775E-04 -1.820906E-07  1.927837E-04 -1.843066E-02  2.050437E-08  2.050821E-08
  2.540000E+03  1.430342E-08  1.065270E-04 -1.010059E-06  1.924904E-04 -1.150965E-02  2.050407E-08  2.050610E-08
  2.541000E+03 -2.195419E-07  1.066906E-04  1.300710E-07  1.922216E-04 -1.852335E-02  2.050472E-08  2.050914E-08
  2.542000E+03  4.695375E-07  1.063035E-04  9.130956E-08  1.929116E-04 -1.548660E-02  2.050472E-08  2.050742E-08
  2.543000E+03  1.740437E-07  1.066949E-04 -1.043471E-06  1.921995E-04 -1.263377E-02  2.050507E-08  2.050791E-08
  2.544000E+03 -2.994157E-07  1.065261E-04 -1.248031E-07  1.925177E-04 -1.991725E-02  2.050409E-08  2.050862E-08
  2.545000E+03  3.647575E-07  1.063668E-04  3.229310E-07  1.927863E-04 -1.234400E-02  2.050451E-08  2.050632E-08
  2.546000E+03  3.359547E-07  1.067741E-04 -9.551282E-07  1.920736E-04 -1.572002E-02  2.050594E-08  2.051000E-08
  2.547000E+03 -3.208585E-07  1.063541E-04 -4.259847E-07  1.928293E-04 -1.868247E-02  2.050461E-08  2.050841E-08
  2.548000E+03  2.161673E-07  1.065352E-04  4.718279E-07  1.924769E-04 -1.101169E-02  2.050431E-08  2.050607E-08
  2.549000E+03  4.668579E-07  1.067023E-04 -7.587926E-07  1.922032E-04 -1.894543E-02  2.050483E-08  2.050976E-08
  2.550000E+03 -2.703126E-07  1.062798E-04 -7.183529E-07  1.929512E-04 -1.538066E-02  2.050438E-08  2.050704E-08
  2.551000E+03  4.429531E-08  1.067116E-04  4.967106E-07  1.921613E-04 -1.241468E-02  2.050427E-08  2.050687E-08
  2.552000E+03  5.471652E-07  1.065191E-04 -4.805070E-07  1.925275E-04 -2.027902E-02  2.050365E-08  2.050856E-08
  2.553000E+03 -1.542853E-07  1.063550E-04 -9.589186E-07  1.927978E-04 -1.204624E-02  2.050352E-08  2.050537E-08
  2.554000E+03 -1.273513E-07  1.067880E-04  3.933818E-07  1.920378E-04 -1.580646E-02  2.050477E-08  2.050863E-08
  2.555000E+03  5.653930E-07  1.063374E-04 -1.579728E-07  1.928547E-04 -1.879831E-02  2.050405E-08  2.050803E-08
  2.556000E+03  6.651253E-09  1.065408E-04 -1.110416E-06  1.924618E-04 -1.072680E-02  2.050386E-08  2.050581E-08
  2.557000E+03 -2.658954E-07  1.067067E-04  1.784033E-07  1.921933E-04 -1.921382E-02  2.050453E-08  2.050930E-08
  2.558000E+03  5.083560E-07  1.062659E-04  1.540098E-07  1.929758E-04 -1.523358E-02  2.050437E-08  2.050700E-08
  2.559000E+03  1.916042E-07  1.067298E-04 -1.132022E-06  1.921340E-04 -1.231934E-02  2.050487E-08  2.050783E-08
  2.560000E+03 -3.490651E-07  1.065120E-04 -1.234016E-07  1.925465E-04 -2.056133E-02  2.050419E-08  2.050897E-08
  2.561000E+03  3.826772E-07  1.063523E-04  4.071208E-07  1.928088E-04 -1.171817E-02  2.050425E-08  2.050592E-08
  2.562000E+03  3.725748E-07  1.068060E-04 -1.016532E-06  1.920140E-04 -1.597470E-02  2.050563E-08  2.050996E-08
  2.563000E+03 -3.641227E-07  1.063212E-04 -4.664510E-07  1.928892E-04 -1.890517E-02  2.050454E-08  2.050844E-08
  2.564000E+03  2.121049E-07  1.065512E-04  5.593557E-07  1.924480E-04 -1.042029E-02  2.050445E-08  2.050614E-08
  2.565000E+03  5.132035E-07  1.067125E-04 -7.842113E-07  1.921879E-04 -1.954781E-02  2.050494E-08  2.051019E-08
  2.566000E+03 -2.998447E-07  1.062508E-04 -7.877228E-07  1.930035E-04 -1.508915E-02  2.050444E-08  2.050704E-08
  2.567000E+03  2.141860E-08  1.067464E-04  5.709289E-07  1.921045E-04 -1.222644E-02  2.050493E-08  2.050763E-08
  2.568000E+03  5.914246E-07  1.065041E-04 -4.676325E-07  1.925635E-04 -2.082535E-02  2.050435E-08  2.050949E-08
  2.569000E+03 -1.648385E-07  1.063471E-04 -1.037871E-06  1.928132E-04 -1.145970E-02  2.050377E-08  2.050552E-08
  2.570000E+03 -1.615805E-07  1.068168E-04  4.386591E-07  1.919894E-04 -1.611033E-02  2.050503E-08  2.050913E-08
  2.571000E+03  5.973044E-07  1.063052E-04 -1.140096E-07  1.929136E-04 -1.894506E-02  2.050404E-08  2.050809E-08
  2.572000E+03  1.573438E-08  1.065577E-04 -1.179358E-06  1.924276E-04 -1.022236E-02  2.050358E-08  2.050550E-08
  2.573000E+03 -3.032333E-07  1.067118E-04  1.875197E-07  1.921826E-04 -1.980020E-02  2.050413E-08  2.050917E-08
  2.574000E+03  5.254347E-07  1.062380E-04  2.147299E-07  1.930198E-04 -1.490366E-02  2.050376E-08  2.050631E-08
  2.575000E+03  2.128071E-07  1.067623E-04 -1.180683E-06  1.920736E-04 -1.221630E-02  2.050470E-08  2.050779E-08
  2.576000E+03 -3.797806E-07  1.064928E-04 -1.427529E-07  1.925827E-04 -2.105981E-02  2.050411E-08  2.050909E-08
  2.577000E+03  3.854707E-07  1.063465E-04  4.651742E-07  1.928145E-04 -1.113290E-02  2.050388E-08  2.050543E-08
  2.578000E+03  3.948158E-07  1.068313E-04 -1.038005E-06  1.919662E-04 -1.634359E-02  2.050526E-08  2.050986E-08
  2.579000E+03 -3.781786E-07  1.062888E-04 -4.998248E-07  1.929477E-04 -1.896254E-02  2.050449E-08  2.050840E-08
  2.580000E+03  2.026538E-07  1.065692E-04  5.936457E-07  1.924087E-04 -9.973172E-03  2.050383E-08  2.050548E-08
  2.581000E+03  5.287773E-07  1.067141E-04 -7.769408E-07  1.921801E-04 -2.014193E-02  2.050417E-08  2.050968E-08
  2.582000E+03 -2.971404E-07  1.062269E-04 -8.201241E-07  1.930431E-04 -1.470442E-02  2.050414E-08  2.050663E-08
  2.583000E+03  6.715373E-09  1.067753E-04  5.762251E-07  1.920489E-04 -1.218207E-02  2.050456E-08  2.050738E-08
  2.584000E+03  5.963624E-07  1.064842E-04 -4.424348E-07  1.925955E-04 -2.128359E-02  2.050374E-08  2.050905E-08
  2.585000E+03 -1.515716E-07  1.063450E-04 -1.057078E-06  1.928150E-04 -1.089753E-02  2.050369E-08  2.050531E-08
  2.586000E+03 -1.710009E-07  1.068385E-04  4.194971E-07  1.919522E-04 -1.645599E-02  2.050510E-08  2.050941E-08
  2.587000E+03  5.869228E-07  1.062781E-04 -8.811468E-08  1.929638E-04 -1.899183E-02  2.050412E-08  2.050815E-08
  2.588000E+03  3.425175E-08  1.065758E-04 -1.172387E-06  1.923941E-04 -9.845243E-03  2.050355E-08  2.050545E-08
  2.589000E+03 -2.996981E-07  1.067141E-04  1.487640E-07  1.921821E-04 -2.029559E-02  2.050432E-08  2.050957E-08
  2.590000E+03  4.997390E-07  1.062224E-04  2.263143E-07  1.930544E-04 -1.457350E-02  2.050452E-08  2.050694E-08
  2.591000E+03  2.290940E-07  1.067852E-04 -1.142159E-06  1.920337E-04 -1.222085E-02  2.050482E-08  2.050800E-08
  2.592000E+03 -3.596871E-07  1.064784E-04 -1.890666E-07  1.926103E-04 -2.138528E-02  2.050414E-08  2.050923E-08
  2.593000E+03  3.514025E-07  1.063482E-04  4.504058E-07  1.928148E-04 -1.072604E-02  2.050433E-08  2.050576E-08
  2.594000E+03  3.976053E-07  1.068433E-04 -9.733928E-07  1.919463E-04 -1.660325E-02  2.050535E-08  2.051006E-08
  2.595000E+03 -3.408878E-07  1.062720E-04 -5.321243E-07  1.929780E-04 -1.896202E-02  2.050448E-08  2.050836E-08
  2.596000E+03  1.710276E-07  1.065821E-04  5.434900E-07  1.923854E-04 -9.767331E-03  2.050387E-08  2.050549E-08
  2.597000E+03  5.101054E-07  1.067138E-04 -7.016544E-07  1.921864E-04 -2.041625E-02  2.050466E-08  2.051024E-08
  2.598000E+03 -2.466350E-07  1.062212E-04 -8.199683E-07  1.930599E-04 -1.449526E-02  2.050491E-08  2.050730E-08
  2.599000E+03 -1.317135E-08  1.067879E-04  4.917775E-07  1.920292E-04 -1.223630E-02  2.050486E-08  2.050771E-08
  2.600000E+03  5.533959E-07  1.064775E-04 -3.726160E-07  1.926155E-04 -2.139559E-02  2.050452E-08  2.050979E-08
  2.601000E+03 -9.530812E-08  1.063504E-04 -1.013559E-06  1.928131E-04 -1.071507E-02  2.050457E-08  2.050612E-08
  2.602000E+03 -1.702141E-07  1.068405E-04  3.089073E-07  1.919530E-04 -1.658702E-02  2.050553E-08  2.050986E-08
  2.603000E+03  5.229366E-07  1.062769E-04 -4.359143E-08  1.929732E-04 -1.892743E-02  2.050493E-08  2.050887E-08
  2.604000E+03  8.343878E-08  1.065823E-04 -1.082670E-06  1.923889E-04 -9.856270E-03  2.050426E-08  2.050612E-08
  2.605000E+03 -2.718414E-07  1.067112E-04  3.252536E-08  1.921970E-04 -2.029273E-02  2.050536E-08  2.051056E-08
  2.606000E+03  4.243831E-07  1.062302E-04  2.260868E-07  1.930486E-04 -1.453980E-02  2.050541E-08  2.050776E-08
  2.607000E+03  2.580483E-07  1.067815E-04 -1.015644E-06  1.920430E-04 -1.232692E-02  2.050508E-08  2.050820E-08
  2.608000E+03 -3.034231E-07  1.064785E-04 -2.861897E-07  1.926154E-04 -2.121557E-02  2.050478E-08  2.050977E-08
  2.609000E+03  2.756607E-07  1.063571E-04  3.949054E-07  1.928022E-04 -1.085942E-02  2.050468E-08  2.050609E-08
  2.610000E+03  3.988573E-07  1.068285E-04 -8.261808E-07  1.919706E-04 -1.658738E-02  2.050512E-08  2.050968E-08
  2.611000E+03 -2.614754E-07  1.062838E-04 -5.917391E-07  1.929562E-04 -1.879320E-02  2.050450E-08  2.050830E-08
  2.612000E+03  1.058796E-07  1.065811E-04  4.350967E-07  1.923900E-04 -1.003572E-02  2.050410E-08  2.050573E-08
  2.613000E+03  4.808094E-07  1.067018E-04 -5.531679E-07  1.922070E-04 -2.016414E-02  2.050466E-08  2.051001E-08
  2.614000E+03 -1.557678E-07  1.062382E-04 -8.280923E-07  1.930241E-04 -1.456934E-02  2.050436E-08  2.050675E-08
  2.615000E+03 -5.430909E-08  1.067696E-04  3.436999E-07  1.920573E-04 -1.240780E-02  2.050431E-08  2.050710E-08
  2.616000E+03  4.944231E-07  1.064777E-04 -2.497183E-07  1.926059E-04 -2.101566E-02  2.050371E-08  2.050874E-08
  2.617000E+03 -6.839768E-09  1.063597E-04 -9.619227E-07  1.927848E-04 -1.105663E-02  2.050327E-08  2.050488E-08
  2.618000E+03 -1.792138E-07  1.068132E-04  1.423856E-07  1.919886E-04 -1.648142E-02  2.050414E-08  2.050832E-08
  2.619000E+03  4.409413E-07  1.062966E-04  3.303324E-08  1.929294E-04 -1.867264E-02  2.050416E-08  2.050795E-08
  2.620000E+03  1.565647E-07  1.065773E-04 -9.749686E-07  1.923962E-04 -1.032104E-02  2.050397E-08  2.050587E-08
  2.621000E+03 -2.460090E-07  1.066928E-04 -1.290686E-07  1.922229E-04 -1.988575E-02  2.050475E-08  2.050972E-08
  2.622000E+03  3.304663E-07  1.062598E-04  2.431792E-07  1.929926E-04 -1.465321E-02  2.050515E-08  2.050748E-08
  2.623000E+03  3.031730E-07  1.067555E-04 -8.644732E-07  1.920895E-04 -1.263443E-02  2.050498E-08  2.050801E-08
  2.624000E+03 -2.424410E-07  1.064803E-04 -4.183303E-07  1.926048E-04 -2.062761E-02  2.050426E-08  2.050900E-08
  2.625000E+03  1.827661E-07  1.063762E-04  3.425268E-07  1.927592E-04 -1.140087E-02  2.050366E-08  2.050518E-08
  2.626000E+03  4.065495E-07  1.067888E-04 -6.500622E-07  1.920311E-04 -1.647743E-02  2.050399E-08  2.050828E-08
  2.627000E+03 -1.722097E-07  1.063121E-04 -6.710409E-07  1.928969E-04 -1.836318E-02  2.050382E-08  2.050747E-08
  2.628000E+03  2.859573E-08  1.065753E-04  3.161717E-07  1.923931E-04 -1.079660E-02  2.050317E-08  2.050491E-08
  2.629000E+03  4.479889E-07  1.066705E-04 -3.784124E-07  1.922493E-04 -1.957295E-02  2.050340E-08  2.050834E-08
  2.630000E+03 -5.196338E-08  1.062823E-04 -8.386374E-07  1.929394E-04 -1.464757E-02  2.050385E-08  2.050627E-08
  2.631000E+03 -1.000296E-07  1.067325E-04  1.736228E-07  1.921180E-04 -1.297079E-02  2.050351E-08  2.050629E-08
  2.632000E+03  4.224633E-07  1.064750E-04 -1.085100E-07  1.925970E-04 -2.011596E-02  2.050260E-08  2.050719E-08
  2.633000E+03  9.518297E-08  1.063937E-04 -8.946480E-07  1.927148E-04 -1.176823E-02  2.050222E-08  2.050401E-08
  2.634000E+03 -1.815285E-07  1.067571E-04 -5.545394E-08  1.920796E-04 -1.644682E-02  2.050308E-08  2.050702E-08
  2.635000E+03  3.381176E-07  1.063333E-04  1.115793E-07  1.928565E-04 -1.793459E-02  2.050377E-08  2.050723E-08
  2.636000E+03  2.387291E-07  1.065765E-04 -8.330440E-07  1.923908E-04 -1.140493E-02  2.050301E-08  2.050511E-08
  2.637000E+03 -2.009848E-07  1.066477E-04 -3.221530E-07  1.922923E-04 -1.913021E-02  2.050378E-08  2.050832E-08
  2.638000E+03  2.127845E-07  1.063206E-04  2.398497E-07  1.928832E-04 -1.460924E-02  2.050528E-08  2.050757E-08
  2.639000E+03  3.485841E-07  1.067125E-04 -6.670359E-07  1.921664E-04 -1.347050E-02  2.050470E-08  2.050774E-08
  2.640000E+03 -1.549614E-07  1.064764E-04 -5.701058E-07  1.926049E-04 -1.945346E-02  2.050399E-08  2.050825E-08
  2.641000E+03  7.037729E-08  1.064266E-04  2.523653E-07  1.926741E-04 -1.221508E-02  2.050412E-08  2.050586E-08
  2.642000E+03  4.030031E-07  1.067253E-04 -4.277326E-07  1.921529E-04 -1.651855E-02  2.050477E-08  2.050875E-08
  2.643000E+03 -5.440057E-08  1.063593E-04 -7.489131E-07  1.928202E-04 -1.743120E-02  2.050510E-08  2.050846E-08
  2.644000E+03 -5.824193E-08  1.065828E-04  1.483071E-07  1.923921E-04 -1.208120E-02  2.050419E-08  2.050623E-08
  2.645000E+03  3.923396E-07  1.066214E-04 -1.685408E-07  1.923454E-04 -1.871110E-02  2.050454E-08  2.050890E-08
  2.646000E+03  7.892850E-08  1.063553E-04 -8.240400E-07  1.928218E-04 -1.455396E-02  2.050545E-08  2.050789E-08
  2.647000E+03 -1.456348E-07  1.066888E-04 -4.950705E-08  1.922087E-04 -1.396253E-02  2.050452E-08  2.050740E-08
  2.648000E+03  3.218174E-07  1.064742E-04  5.312297E-08  1.926057E-04 -1.879475E-02  2.050392E-08  2.050791E-08
  2.649000E+03  2.165533E-07  1.064515E-04 -7.852053E-07  1.926290E-04 -1.265144E-02  2.050401E-08  2.050609E-08
  2.650000E+03 -1.749712E-07  1.066896E-04 -2.975145E-07  1.922155E-04 -1.652308E-02  2.050460E-08  2.050830E-08
  2.651000E+03  2.082909E-07  1.063855E-04  1.922147E-07  1.927732E-04 -1.695998E-02  2.050533E-08  2.050845E-08
  2.652000E+03  3.290675E-07  1.065825E-04 -6.441992E-07  1.923969E-04 -1.274206E-02  2.050448E-08  2.050689E-08
  2.653000E+03 -1.408919E-07  1.065978E-04 -5.420692E-07  1.923903E-04 -1.820635E-02  2.050498E-08  2.050903E-08
  2.654000E+03  7.365518E-08  1.063939E-04  2.224925E-07  1.927576E-04 -1.459665E-02  2.050605E-08  2.050838E-08
  2.655000E+03  3.938203E-07  1.066636E-04 -4.275321E-07  1.922636E-04 -1.440557E-02  2.050541E-08  2.050850E-08
  2.656000E+03 -4.909548E-08  1.064809E-04 -7.347749E-07  1.926031E-04 -1.810825E-02  2.050519E-08  2.050898E-08
  2.657000E+03 -5.762174E-08  1.064785E-04  1.374865E-07  1.925935E-04 -1.319711E-02  2.050527E-08  2.050734E-08
  2.658000E+03  3.965184E-07  1.066555E-04 -1.727618E-07  1.922867E-04 -1.646683E-02  2.050565E-08  2.050932E-08
  2.659000E+03  8.046303E-08  1.064156E-04 -8.333162E-07  1.927239E-04 -1.655012E-02  2.050601E-08  2.050918E-08
  2.660000E+03 -1.553789E-07  1.065780E-04 -4.549333E-08  1.924107E-04 -1.340791E-02  2.050490E-08  2.050728E-08
  2.661000E+03  3.359214E-07  1.065734E-04  6.202462E-08  1.924281E-04 -1.767898E-02  2.050452E-08  2.050832E-08
  2.662000E+03  2.220919E-07  1.064266E-04 -8.167729E-07  1.926888E-04 -1.470104E-02  2.050500E-08  2.050763E-08
  2.663000E+03 -1.989406E-07  1.066298E-04 -2.910905E-07  1.923151E-04 -1.476394E-02  2.050429E-08  2.050725E-08
  2.664000E+03  2.241374E-07  1.064851E-04  2.276796E-07  1.925821E-04 -1.743182E-02  2.050402E-08  2.050749E-08
  2.665000E+03  3.488181E-07  1.064967E-04 -6.894051E-07  1.925526E-04 -1.378040E-02  2.050427E-08  2.050678E-08
  2.666000E+03 -1.788343E-07  1.066141E-04 -5.533781E-07  1.923510E-04 -1.628873E-02  2.050462E-08  2.050806E-08
  2.667000E+03  8.266953E-08  1.064504E-04  2.902000E-07  1.926560E-04 -1.616335E-02  2.050562E-08  2.050855E-08
  2.668000E+03  4.320008E-07  1.065670E-04 -4.726446E-07  1.924299E-04 -1.415830E-02  2.050461E-08  2.050739E-08
  2.669000E+03 -9.575478E-08  1.065478E-04 -7.758484E-07  1.924659E-04 -1.697877E-02  2.050386E-08  2.050743E-08
  2.670000E+03 -6.127351E-08  1.064710E-04  2.313578E-07  1.926050E-04 -1.492150E-02  2.050456E-08  2.050712E-08
  2.671000E+03  4.522700E-07  1.065907E-04 -2.057546E-07  1.923867E-04 -1.520068E-02  2.050426E-08  2.050738E-08
  2.672000E+03  3.652894E-08  1.064940E-04 -9.107120E-07  1.925628E-04 -1.657011E-02  2.050397E-08  2.050733E-08
  2.673000E+03 -1.815619E-07  1.065250E-04  5.926832E-08  1.925030E-04 -1.456701E-02  2.050420E-08  2.050679E-08
  2.674000E+03  4.044257E-07  1.065647E-04  6.391154E-08  1.924382E-04 -1.611767E-02  2.050445E-08  2.050774E-08
  2.675000E+03  1.930027E-07  1.064914E-04 -9.297928E-07  1.925813E-04 -1.561928E-02  2.050575E-08  2.050882E-08
  2.676000E+03 -2.518716E-07  1.065597E-04 -1.961030E-07  1.924441E-04 -1.513159E-02  2.050443E-08  2.050732E-08
  2.677000E+03  2.956417E-07  1.065118E-04  2.797126E-07  1.925203E-04 -1.620345E-02  2.050298E-08  2.050613E-08
  2.678000E+03  3.447368E-07  1.065229E-04 -8.262940E-07  1.925053E-04 -1.503361E-02  2.050391E-08  2.050690E-08
  2.679000E+03 -2.543070E-07  1.065458E-04 -4.910664E-07  1.924601E-04 -1.584657E-02  2.050325E-08  2.050638E-08
  2.680000E+03  1.443803E-07  1.064937E-04  3.933635E-07  1.925482E-04 -1.552531E-02  2.050271E-08  2.050556E-08
  2.681000E+03  4.630912E-07  1.065592E-04 -6.157014E-07  1.924310E-04 -1.537023E-02  2.050287E-08  2.050606E-08
  2.682000E+03 -1.859194E-07  1.065052E-04 -7.717392E-07  1.925350E-04 -1.602188E-02  2.050334E-08  2.050651E-08
  2.683000E+03 -2.278035E-08  1.065318E-04  3.799650E-07  1.924992E-04 -1.489827E-02  2.050502E-08  2.050772E-08
  2.684000E+03  5.212663E-07  1.065555E-04 -3.306965E-07  1.924478E-04 -1.621606E-02  2.050368E-08  2.050711E-08
  2.685000E+03 -5.669903E-08  1.064735E-04 -9.785226E-07  1.925875E-04 -1.535495E-02  2.050305E-08  2.050601E-08
  2.686000E+03 -1.748227E-07  1.065844E-04  2.367247E-07  1.924013E-04 -1.510475E-02  2.050463E-08  2.050755E-08
  2.687000E+03  5.016242E-07  1.065056E-04 -1.923715E-08  1.925438E-04 -1.660053E-02  2.050416E-08  2.050755E-08
  2.688000E+03  1.136200E-07  1.064996E-04 -1.062720E-06  1.925479E-04 -1.439410E-02  2.050416E-08  2.050693E-08
  2.689000E+03 -2.836979E-07  1.066046E-04 -1.795909E-08  1.923660E-04 -1.620917E-02  2.050441E-08  2.050776E-08
  2.690000E+03  4.055185E-07  1.064484E-04  2.628522E-07  1.926479E-04 -1.601396E-02  2.050443E-08  2.050745E-08
  2.691000E+03  2.939947E-07  1.065747E-04 -1.004631E-06  1.924276E-04 -1.410413E-02  2.050587E-08  2.050876E-08
  2.692000E+03 -3.271537E-07  1.065604E-04 -3.394001E-07  1.924517E-04 -1.732800E-02  2.050466E-08  2.050833E-08
  2.693000E+03  2.514352E-07  1.064318E-04  4.587500E-07  1.926662E-04 -1.461912E-02  2.050362E-08  2.050612E-08
  2.694000E+03  4.506533E-07  1.066426E-04 -8.160940E-07  1.923013E-04 -1.503917E-02  2.050519E-08  2.050857E-08
  2.695000E+03 -2.904653E-07  1.064718E-04 -6.721573E-07  1.926142E-04 -1.741429E-02  2.050488E-08  2.050844E-08
  2.696000E+03  6.456559E-08  1.064967E-04  5.215273E-07  1.925567E-04 -1.335801E-02  2.050482E-08  2.050704E-08
  2.697000E+03  5.545106E-07  1.066470E-04 -5.254334E-07  1.922974E-04 -1.686154E-02  2.050504E-08  2.050902E-08
  2.698000E+03 -1.772440E-07  1.063980E-04 -9.567554E-07  1.927453E-04 -1.610357E-02  2.050505E-08  2.050812E-08
  2.699000E+03 -1.228165E-07  1.066078E-04  4.350132E-07  1.923683E-04 -1.336252E-02  2.050613E-08  2.050862E-08
  2.700000E+03  5.840315E-07  1.065654E-04 -1.802580E-07  1.924507E-04 -1.823776E-02  2.050517E-08  2.050937E-08
  2.701000E+03 -6.830245E-09  1.063995E-04 -1.137159E-06  1.927315E-04 -1.402264E-02  2.050452E-08  2.050704E-08
  2.702000E+03 -2.758454E-07  1.066900E-04  2.119292E-07  1.922225E-04 -1.499652E-02  2.050592E-08  2.050915E-08
  2.703000E+03  5.262782E-07  1.064430E-04  1.605654E-07  1.926752E-04 -1.803691E-02  2.050560E-08  2.050939E-08
  2.704000E+03  1.934633E-07  1.065004E-04 -1.168407E-06  1.925579E-04 -1.253478E-02  2.050588E-08  2.050822E-08
  2.705000E+03 -3.677490E-07  1.066782E-04 -1.135871E-07  1.922518E-04 -1.744258E-02  2.050595E-08  2.050999E-08
  2.706000E+03  3.913130E-07  1.063558E-04  4.374406E-07  1.928234E-04 -1.610070E-02  2.050524E-08  2.050817E-08
  2.707000E+03  3.881250E-07  1.066384E-04 -1.044613E-06  1.923104E-04 -1.284219E-02  2.050598E-08  2.050879E-08
  2.708000E+03 -3.829883E-07  1.065635E-04 -4.832786E-07  1.924594E-04 -1.897522E-02  2.050546E-08  2.050981E-08
  2.709000E+03  2.064442E-07  1.063730E-04  6.003225E-07  1.927769E-04 -1.347867E-02  2.050439E-08  2.050650E-08
  2.710000E+03  5.411712E-07  1.067277E-04 -7.932749E-07  1.921508E-04 -1.505914E-02  2.050548E-08  2.050924E-08
  2.711000E+03 -3.131738E-07  1.064131E-04 -8.328184E-07  1.927306E-04 -1.846693E-02  2.050557E-08  2.050950E-08
  2.712000E+03  7.676806E-10  1.065056E-04  6.118601E-07  1.925460E-04 -1.184562E-02  2.050578E-08  2.050766E-08
  2.713000E+03  6.258958E-07  1.066993E-04 -4.520643E-07  1.922132E-04 -1.800814E-02  2.050569E-08  2.051030E-08
  2.714000E+03 -1.680785E-07  1.063153E-04 -1.102947E-06  1.928901E-04 -1.596614E-02  2.050455E-08  2.050757E-08
  2.715000E+03 -1.928116E-07  1.066706E-04  4.674773E-07  1.922467E-04 -1.243427E-02  2.050548E-08  2.050796E-08
  2.716000E+03  6.278548E-07  1.065543E-04 -7.492942E-08  1.924760E-04 -1.968390E-02  2.050516E-08  2.050993E-08
  2.717000E+03  2.584563E-08  1.063496E-04 -1.246378E-06  1.928123E-04 -1.284742E-02  2.050382E-08  2.050603E-08
  2.718000E+03 -3.412633E-07  1.067672E-04  1.951237E-07  1.920763E-04 -1.523714E-02  2.050507E-08  2.050872E-08
  2.719000E+03  5.421641E-07  1.063766E-04  2.770546E-07  1.927947E-04 -1.886088E-02  2.050519E-08  2.050923E-08
  2.720000E+03  2.387048E-07  1.065149E-04 -1.232040E-06  1.925233E-04 -1.109995E-02  2.050533E-08  2.050742E-08
  2.721000E+03 -4.190128E-07  1.067192E-04 -1.651538E-07  1.921732E-04 -1.871139E-02  2.050499E-08  2.050970E-08
  2.722000E+03  3.836174E-07  1.062692E-04  5.432271E-07  1.929625E-04 -1.574297E-02  2.050342E-08  2.050620E-08
  2.723000E+03  4.345526E-07  1.067071E-04 -1.062986E-06  1.921679E-04 -1.205476E-02  2.050418E-08  2.050709E-08
  2.724000E+03 -4.116710E-07  1.065395E-04 -5.534202E-07  1.924943E-04 -2.050968E-02  2.050393E-08  2.050889E-08
  2.725000E+03  1.816230E-07  1.063214E-04  6.742796E-07  1.928483E-04 -1.207553E-02  2.050240E-08  2.050411E-08
  2.726000E+03  5.797505E-07  1.068106E-04 -7.725090E-07  1.919844E-04 -1.549274E-02  2.050351E-08  2.050779E-08
  2.727000E+03 -3.177900E-07  1.063331E-04 -9.049374E-07  1.928636E-04 -1.932333E-02  2.050396E-08  2.050816E-08
  2.728000E+03 -3.152063E-08  1.065215E-04  6.441303E-07  1.924998E-04 -1.018537E-02  2.050430E-08  2.050586E-08
  2.729000E+03  6.521938E-07  1.067457E-04 -4.078554E-07  1.921201E-04 -1.948635E-02  2.050411E-08  2.050949E-08
  2.730000E+03 -1.553690E-07  1.062204E-04 -1.163522E-06  1.930467E-04 -1.555602E-02  2.050301E-08  2.050589E-08
  2.731000E+03 -2.217508E-07  1.067477E-04  4.634563E-07  1.920962E-04 -1.149253E-02  2.050448E-08  2.050703E-08
  2.732000E+03  6.372936E-07  1.065342E-04 -2.513345E-08  1.925107E-04 -2.144051E-02  2.050426E-08  2.050973E-08
  2.733000E+03  4.901061E-08  1.062934E-04 -1.281512E-06  1.929037E-04 -1.131031E-02  2.050307E-08  2.050487E-08
  2.734000E+03 -3.586206E-07  1.068611E-04  1.623195E-07  1.919011E-04 -1.561384E-02  2.050427E-08  2.050847E-08
  2.735000E+03  5.328197E-07  1.062955E-04  3.177237E-07  1.929364E-04 -1.991021E-02  2.050420E-08  2.050858E-08
  2.736000E+03  2.644115E-07  1.065256E-04 -1.232273E-06  1.924906E-04 -9.252520E-03  2.050430E-08  2.050605E-08
  2.737000E+03 -4.224822E-07  1.067773E-04 -2.129259E-07  1.920655E-04 -2.019113E-02  2.050406E-08  2.050960E-08
  2.738000E+03  3.612042E-07  1.061735E-04  5.661460E-07  1.931318E-04 -1.549173E-02  2.050302E-08  2.050569E-08
  2.739000E+03  4.529463E-07  1.067802E-04 -1.032398E-06  1.920322E-04 -1.091337E-02  2.050402E-08  2.050695E-08
  2.740000E+03 -3.991833E-07  1.065335E-04 -5.983787E-07  1.925138E-04 -2.229990E-02  2.050408E-08  2.050981E-08
  2.741000E+03  1.538337E-07  1.062656E-04  6.698644E-07  1.929560E-04 -1.071149E-02  2.050340E-08  2.050473E-08
  2.742000E+03  5.821272E-07  1.069021E-04 -7.198778E-07  1.918283E-04 -1.564095E-02  2.050434E-08  2.050907E-08
  2.743000E+03 -2.891927E-07  1.062677E-04 -9.301712E-07  1.929898E-04 -2.045131E-02  2.050430E-08  2.050892E-08
  2.744000E+03 -5.671939E-08  1.065254E-04  6.063481E-07  1.924886E-04 -8.515471E-03  2.050419E-08  2.050543E-08
  2.745000E+03  6.353109E-07  1.068059E-04 -3.464257E-07  1.920218E-04 -2.064757E-02  2.050470E-08  2.051077E-08
  2.746000E+03 -1.171234E-07  1.061421E-04 -1.158040E-06  1.931976E-04 -1.553822E-02  2.050394E-08  2.050680E-08
  2.747000E+03 -2.342980E-07  1.068031E-04  3.976991E-07  1.919973E-04 -1.041874E-02  2.050479E-08  2.050732E-08
  2.748000E+03  6.011771E-07  1.065420E-04  2.540186E-08  1.925154E-04 -2.287844E-02  2.050560E-08  2.051169E-08
  2.749000E+03  8.632168E-08  1.062490E-04 -1.237745E-06  1.930038E-04 -1.037898E-02  2.050536E-08  2.050690E-08
  2.750000E+03 -3.494759E-07  1.069311E-04  8.277453E-08  1.917907E-04 -1.556415E-02  2.050589E-08  2.051039E-08
  2.751000E+03  4.833274E-07  1.062567E-04  3.354692E-07  1.930242E-04 -2.084256E-02  2.050566E-08  2.051036E-08
  2.752000E+03  2.895317E-07  1.065271E-04 -1.153574E-06  1.924975E-04 -8.089527E-03  2.050552E-08  2.050702E-08
  2.753000E+03 -3.897355E-07  1.068237E-04 -2.856220E-07  1.920019E-04 -2.088507E-02  2.050587E-08  2.051186E-08
  2.754000E+03  3.110593E-07  1.061262E-04  5.382074E-07  1.932353E-04 -1.559469E-02  2.050484E-08  2.050752E-08
  2.755000E+03  4.563027E-07  1.068145E-04 -9.367560E-07  1.919778E-04 -1.019176E-02  2.050496E-08  2.050782E-08
  2.756000E+03 -3.486753E-07  1.065423E-04 -6.413014E-07  1.925182E-04 -2.315737E-02  2.050584E-08  2.051196E-08
  2.757000E+03  1.171008E-07  1.062414E-04  5.975388E-07  1.930186E-04 -1.022439E-02  2.050549E-08  2.050668E-08
  2.758000E+03  5.589468E-07  1.069399E-04 -6.313596E-07  1.917702E-04 -1.558723E-02  2.050539E-08  2.051023E-08
  2.759000E+03 -2.317088E-07  1.062447E-04 -9.262229E-07  1.930381E-04 -2.095145E-02  2.050478E-08  2.050957E-08
  2.760000E+03 -6.943608E-08  1.065302E-04  5.030924E-07  1.924847E-04 -7.916150E-03  2.050478E-08  2.050590E-08
  2.761000E+03  5.868747E-07  1.068251E-04 -2.866904E-07  1.919976E-04 -2.102044E-02  2.050564E-08  2.051187E-08
  2.762000E+03 -6.590565E-08  1.061168E-04 -1.100193E-06  1.932468E-04 -1.551928E-02  2.050427E-08  2.050710E-08
  2.763000E+03 -2.177929E-07  1.068242E-04  2.856612E-07  1.919578E-04 -1.015806E-02  2.050467E-08  2.050721E-08
  2.764000E+03  5.355072E-07  1.065365E-04  4.039986E-08  1.925325E-04 -2.325938E-02  2.050619E-08  2.051237E-08
  2.765000E+03  1.179235E-07  1.062420E-04 -1.132076E-06  1.930179E-04 -1.006979E-02  2.050556E-08  2.050697E-08
  2.766000E+03 -3.041101E-07  1.069443E-04 -1.168048E-08  1.917591E-04 -1.573301E-02  2.050500E-08  2.050960E-08
  2.767000E+03  4.155939E-07  1.062331E-04  2.955154E-07  1.930556E-04 -2.088840E-02  2.050441E-08  2.050907E-08
  2.768000E+03  2.892800E-07  1.065411E-04 -1.020939E-06  1.924628E-04 -7.839675E-03  2.050456E-08  2.050599E-08
  2.769000E+03 -3.198743E-07  1.068177E-04 -3.354206E-07  1.920051E-04 -2.125290E-02  2.050492E-08  2.051101E-08
  2.770000E+03  2.568956E-07  1.061097E-04  4.405844E-07  1.932525E-04 -1.526691E-02  2.050357E-08  2.050610E-08
  2.771000E+03  4.186283E-07  1.068375E-04 -8.037180E-07  1.919271E-04 -1.031072E-02  2.050392E-08  2.050683E-08
  2.772000E+03 -2.635992E-07  1.065179E-04 -6.288724E-07  1.925581E-04 -2.336351E-02  2.050528E-08  2.051139E-08
  2.773000E+03  9.060029E-08  1.062451E-04  4.502489E-07  1.930003E-04 -9.776102E-03  2.050435E-08  2.050540E-08
  2.774000E+03  4.881808E-07  1.069492E-04 -5.285955E-07  1.917397E-04 -1.605291E-02  2.050377E-08  2.050873E-08
  2.775000E+03 -1.505081E-07  1.062133E-04 -8.462935E-07  1.930820E-04 -2.075441E-02  2.050345E-08  2.050809E-08
  2.776000E+03 -5.605091E-08  1.065527E-04  3.346686E-07  1.924301E-04 -7.678288E-03  2.050334E-08  2.050444E-08
  2.777000E+03  4.923129E-07  1.068112E-04 -2.447931E-07  1.920076E-04 -2.156744E-02  2.050379E-08  2.051012E-08
  2.778000E+03 -6.536327E-09  1.061001E-04 -9.580146E-07  1.932647E-04 -1.496242E-02  2.050312E-08  2.050570E-08
  2.779000E+03 -1.608196E-07  1.068519E-04  1.285509E-07  1.918976E-04 -1.037748E-02  2.050353E-08  2.050622E-08
  2.780000E+03  4.300557E-07  1.065021E-04  4.899540E-09  1.925796E-04 -2.354327E-02  2.050445E-08  2.051061E-08
  2.781000E+03  1.421602E-07  1.062479E-04 -9.433124E-07  1.929916E-04 -9.443409E-03  2.050404E-08  2.050522E-08
  2.782000E+03 -2.116909E-07  1.069580E-04 -1.256051E-07  1.917238E-04 -1.630275E-02  2.050367E-08  2.050851E-08
  2.783000E+03  3.192108E-07  1.061982E-04  1.841724E-07  1.931090E-04 -2.069976E-02  2.050343E-08  2.050793E-08
  2.784000E+03  2.703791E-07  1.065667E-04 -8.188556E-07  1.924065E-04 -7.517783E-03  2.050355E-08  2.050488E-08
  2.785000E+03 -2.056645E-07  1.068081E-04 -3.806759E-07  1.920167E-04 -2.184710E-02  2.050404E-08  2.051032E-08
  2.786000E+03  1.865897E-07  1.060975E-04  2.678577E-07  1.932772E-04 -1.472175E-02  2.050401E-08  2.050632E-08
  2.787000E+03  3.564215E-07  1.068646E-04 -6.214537E-07  1.918785E-04 -1.050734E-02  2.050388E-08  2.050685E-08
  2.788000E+03 -1.411826E-07  1.064884E-04 -5.953509E-07  1.926059E-04 -2.360168E-02  2.050459E-08  2.051069E-08
  2.789000E+03  5.619982E-08  1.062575E-04  2.356266E-07  1.929746E-04 -9.252517E-03  2.050413E-08  2.050504E-08
  2.790000E+03  3.904321E-07  1.069595E-04 -3.909590E-07  1.917257E-04 -1.653684E-02  2.050409E-08  2.050914E-08
  2.791000E+03 -3.645519E-08  1.061920E-04 -7.372486E-07  1.931264E-04 -2.053716E-02  2.050416E-08  2.050863E-08
  2.792000E+03 -4.811377E-08  1.065770E-04  1.059239E-07  1.923894E-04 -7.532606E-03  2.050371E-08  2.050482E-08
  2.793000E+03  3.697653E-07  1.068045E-04 -1.720959E-07  1.920327E-04 -2.193608E-02  2.050502E-08  2.051136E-08
  2.794000E+03  8.257601E-08  1.061049E-04 -7.825215E-07  1.932779E-04 -1.458573E-02  2.050555E-08  2.050794E-08
  2.795000E+03 -1.077624E-07  1.068657E-04 -8.390293E-08  1.918857E-04 -1.061140E-02  2.050485E-08  2.050762E-08
  2.796000E+03  2.960571E-07  1.064867E-04 -2.392604E-09  1.926148E-04 -2.352218E-02  2.050525E-08  2.051128E-08
  2.797000E+03  1.933354E-07  1.062687E-04 -7.181171E-07  1.929651E-04 -9.287662E-03  2.050528E-08  2.050636E-08
  2.798000E+03 -1.174252E-07  1.069506E-04 -2.935373E-07  1.917510E-04 -1.655080E-02  2.050507E-08  2.050992E-08
  2.799000E+03  1.924060E-07  1.062002E-04  9.111841E-08  1.931153E-04 -2.040373E-02  2.050461E-08  2.050892E-08
  2.800000E+03  2.725297E-07  1.065808E-04 -5.724364E-07  1.923863E-04 -7.783893E-03  2.050407E-08  2.050538E-08
  2.801000E+03 -8.078464E-08  1.067923E-04 -4.747785E-07  1.920601E-04 -2.172954E-02  2.050570E-08  2.051183E-08
  2.802000E+03  8.818355E-08  1.061260E-04  9.449408E-08  1.932463E-04 -1.458295E-02  2.050628E-08  2.050849E-08
  2.803000E+03  3.051748E-07  1.068528E-04 -3.921292E-07  1.919090E-04 -1.093722E-02  2.050479E-08  2.050768E-08
  2.804000E+03 -4.391039E-09  1.064828E-04 -5.936096E-07  1.926232E-04 -2.307029E-02  2.050560E-08  2.051141E-08
  2.805000E+03  4.618101E-09  1.062934E-04  5.262267E-09  1.929274E-04 -9.579320E-03  2.050596E-08  2.050694E-08
  2.806000E+03  2.915782E-07  1.069246E-04 -2.189289E-07  1.918031E-04 -1.664789E-02  2.050563E-08  2.051043E-08
  2.807000E+03  9.064065E-08  1.062174E-04 -6.354319E-07  1.930903E-04 -1.994577E-02  2.050547E-08  2.050967E-08
  2.808000E+03 -4.320696E-08  1.065918E-04 -1.461448E-07  1.923776E-04 -8.329636E-03  2.050517E-08  2.050645E-08
  2.809000E+03  2.375990E-07  1.067671E-04 -8.654876E-08  1.921139E-04 -2.142703E-02  2.050674E-08  2.051260E-08
  2.810000E+03  1.788244E-07  1.061563E-04 -5.933559E-07  1.931941E-04 -1.445549E-02  2.050662E-08  2.050890E-08
  2.811000E+03 -4.661804E-08  1.068384E-04 -3.161330E-07  1.919393E-04 -1.142884E-02  2.050516E-08  2.050800E-08
  2.812000E+03  1.543328E-07  1.064721E-04 -1.993763E-08  1.926386E-04 -2.251161E-02  2.050543E-08  2.051090E-08
  2.813000E+03  2.396810E-07  1.063189E-04 -4.743374E-07  1.928760E-04 -9.860705E-03  2.050537E-08  2.050653E-08
  2.814000E+03 -9.543708E-09  1.068933E-04 -4.618270E-07  1.918536E-04 -1.681309E-02  2.050497E-08  2.050965E-08
  2.815000E+03  6.571830E-08  1.062290E-04 -2.864581E-08  1.930600E-04 -1.943318E-02  2.050470E-08  2.050857E-08
  2.816000E+03  2.588459E-07  1.066001E-04 -3.148476E-07  1.923548E-04 -8.913395E-03  2.050423E-08  2.050572E-08
  2.817000E+03  5.873519E-08  1.067324E-04 -5.484559E-07  1.921630E-04 -2.114709E-02  2.050544E-08  2.051110E-08
  2.818000E+03 -2.193465E-09  1.061862E-04 -1.132779E-07  1.931278E-04 -1.425252E-02  2.050542E-08  2.050751E-08
  2.819000E+03  2.333147E-07  1.068213E-04 -1.636667E-07  1.919593E-04 -1.205592E-02  2.050386E-08  2.050681E-08
  2.820000E+03  1.418448E-07  1.064525E-04 -5.583575E-07  1.926594E-04 -2.184045E-02  2.050418E-08  2.050940E-08
  2.821000E+03 -3.289735E-08  1.063533E-04 -2.536963E-07  1.928039E-04 -1.013503E-02  2.050428E-08  2.050544E-08
  2.822000E+03  1.740247E-07  1.068561E-04 -6.094408E-08  1.919121E-04 -1.714199E-02  2.050397E-08  2.050856E-08
  2.823000E+03  2.180322E-07  1.062405E-04 -4.972607E-07  1.930354E-04 -1.868252E-02  2.050461E-08  2.050830E-08
  2.824000E+03 -2.079157E-08  1.066204E-04 -4.113957E-07  1.923212E-04 -9.594270E-03  2.050442E-08  2.050605E-08
  2.825000E+03  9.054525E-08  1.066920E-04 -2.452272E-08  1.922319E-04 -2.096286E-02  2.050510E-08  2.051046E-08
  2.826000E+03  2.680128E-07  1.062206E-04 -3.699958E-07  1.930645E-04 -1.383589E-02  2.050547E-08  2.050753E-08
  2.827000E+03  3.240205E-08  1.068139E-04 -5.474255E-07  1.919781E-04 -1.278653E-02  2.050426E-08  2.050739E-08
  2.828000E+03  1.578568E-09  1.064296E-04 -6.449871E-08  1.926974E-04 -2.122583E-02  2.050410E-08  2.050890E-08
  2.829000E+03  2.753024E-07  1.063895E-04 -2.012686E-07  1.927351E-04 -1.026721E-02  2.050392E-08  2.050522E-08
  2.830000E+03  1.135702E-07  1.068252E-04 -6.201107E-07  1.919678E-04 -1.753198E-02  2.050385E-08  2.050852E-08
  2.831000E+03 -6.809549E-08  1.062474E-04 -1.730671E-07  1.930211E-04 -1.798953E-02  2.050467E-08  2.050801E-08
  2.832000E+03  2.358095E-07  1.066369E-04 -3.659099E-08  1.922842E-04 -1.020448E-02  2.050351E-08  2.050534E-08
  2.833000E+03  2.095279E-07  1.066517E-04 -6.119592E-07  1.922915E-04 -2.079339E-02  2.050378E-08  2.050908E-08
  2.834000E+03 -9.879160E-08  1.062539E-04 -3.386157E-07  1.929984E-04 -1.346274E-02  2.050497E-08  2.050687E-08
  2.835000E+03  1.573758E-07  1.068012E-04  7.989741E-08  1.919972E-04 -1.350224E-02  2.050365E-08  2.050686E-08
  2.836000E+03  2.984449E-07  1.064076E-04 -5.225904E-07  1.927268E-04 -2.057222E-02  2.050325E-08  2.050789E-08
  2.837000E+03 -7.918771E-08  1.064278E-04 -5.266056E-07  1.926610E-04 -1.048357E-02  2.050336E-08  2.050476E-08
  2.838000E+03  5.666600E-08  1.067908E-04  1.140598E-07  1.920330E-04 -1.786622E-02  2.050408E-08  2.050861E-08
  2.839000E+03  3.588298E-07  1.062619E-04 -3.691211E-07  1.929989E-04 -1.727188E-02  2.050538E-08  2.050860E-08
  2.840000E+03 -1.217370E-08  1.066550E-04 -6.929296E-07  1.922585E-04 -1.086959E-02  2.050413E-08  2.050623E-08
  2.841000E+03 -5.326247E-08  1.066176E-04  6.214772E-08  1.923607E-04 -2.052015E-02  2.050471E-08  2.050964E-08
  2.842000E+03  3.762207E-07  1.062931E-04 -1.666747E-07  1.929380E-04 -1.316244E-02  2.050620E-08  2.050814E-08
  2.843000E+03  9.136834E-08  1.067886E-04 -8.014745E-07  1.920332E-04 -1.416054E-02  2.050490E-08  2.050838E-08
  2.844000E+03 -1.491483E-07  1.063964E-04 -7.130390E-08  1.927549E-04 -1.989789E-02  2.050437E-08  2.050859E-08
  2.845000E+03  3.375361E-07  1.064653E-04  4.867840E-08  1.926035E-04 -1.078682E-02  2.050440E-08  2.050595E-08
  2.846000E+03  2.126921E-07  1.067566E-04 -8.131636E-07  1.921046E-04 -1.809641E-02  2.050508E-08  2.050975E-08
  2.847000E+03 -2.052492E-07  1.062818E-04 -2.681677E-07  1.929686E-04 -1.664734E-02  2.050620E-08  2.050912E-08
  2.848000E+03  2.456100E-07  1.066658E-04  2.245587E-07  1.922428E-04 -1.157963E-02  2.050436E-08  2.050660E-08
  2.849000E+03  3.327074E-07  1.065830E-04 -7.197972E-07  1.924219E-04 -2.014984E-02  2.050475E-08  2.050967E-08
  2.850000E+03 -2.053532E-07  1.063341E-04 -5.027834E-07  1.928651E-04 -1.300745E-02  2.050641E-08  2.050831E-08
  2.851000E+03  1.183369E-07  1.067658E-04  3.163820E-07  1.920775E-04 -1.479900E-02  2.050507E-08  2.050850E-08
  2.852000E+03  4.282293E-07  1.063887E-04 -5.396774E-07  1.927671E-04 -1.913750E-02  2.050449E-08  2.050861E-08
  2.853000E+03 -1.437699E-07  1.065030E-04 -7.339087E-07  1.925398E-04 -1.126452E-02  2.050477E-08  2.050657E-08
  2.854000E+03 -2.348504E-08  1.067136E-04  2.980489E-07  1.921879E-04 -1.821424E-02  2.050565E-08  2.051001E-08
  2.855000E+03  4.785372E-07  1.063089E-04 -2.985591E-07  1.929198E-04 -1.599317E-02  2.050648E-08  2.050937E-08
  2.856000E+03 -2.786973E-08  1.066743E-04 -9.157190E-07  1.922337E-04 -1.241495E-02  2.050481E-08  2.050744E-08
  2.857000E+03 -1.582253E-07  1.065460E-04  1.684009E-07  1.924907E-04 -1.962503E-02  2.050517E-08  2.050956E-08
  2.858000E+03  4.675567E-07  1.063800E-04 -2.716935E-08  1.927840E-04 -1.287332E-02  2.050667E-08  2.050868E-08
  2.859000E+03  1.227311E-07  1.067416E-04 -1.002659E-06  1.921287E-04 -1.548719E-02  2.050566E-08  2.050946E-08
  2.860000E+03 -2.587399E-07  1.063821E-04 -5.374231E-08  1.927826E-04 -1.828856E-02  2.050519E-08  2.050879E-08
  2.861000E+03  3.881981E-07  1.065411E-04  2.265152E-07  1.924761E-04 -1.176986E-02  2.050521E-08  2.050720E-08
  2.862000E+03  2.837705E-07  1.066685E-04 -9.634007E-07  1.922716E-04 -1.834359E-02  2.050587E-08  2.051042E-08
  2.863000E+03 -3.020614E-07  1.063369E-04 -3.374697E-07  1.928683E-04 -1.531561E-02  2.050660E-08  2.050919E-08
  2.864000E+03  2.502040E-07  1.066808E-04  4.105682E-07  1.922244E-04 -1.328157E-02  2.050484E-08  2.050759E-08
  2.865000E+03  4.277019E-07  1.065048E-04 -7.971643E-07  1.925566E-04 -1.910056E-02  2.050446E-08  2.050886E-08
  2.866000E+03 -2.739137E-07  1.064258E-04 -6.391908E-07  1.926922E-04 -1.276373E-02  2.050576E-08  2.050779E-08
  2.867000E+03  8.069333E-08  1.067140E-04  4.775508E-07  1.921777E-04 -1.621642E-02  2.050535E-08  2.050905E-08
  2.868000E+03  5.262925E-07  1.063716E-04 -5.366578E-07  1.927967E-04 -1.737972E-02  2.050501E-08  2.050854E-08
  2.869000E+03 -1.749316E-07  1.065816E-04 -9.032393E-07  1.924009E-04 -1.231064E-02  2.050484E-08  2.050717E-08
  2.870000E+03 -9.440738E-08  1.066190E-04  4.100404E-07  1.923565E-04 -1.853954E-02  2.050535E-08  2.050954E-08
  2.871000E+03  5.614418E-07  1.063620E-04 -2.195506E-07  1.928190E-04 -1.450034E-02  2.050646E-08  2.050901E-08
  2.872000E+03 -1.822386E-08  1.066929E-04 -1.084783E-06  1.922030E-04 -1.420791E-02  2.050463E-08  2.050790E-08
  2.873000E+03 -2.477428E-07  1.064578E-04  2.139792E-07  1.926322E-04 -1.862558E-02  2.050364E-08  2.050750E-08
  2.874000E+03  5.207842E-07  1.064725E-04  1.095656E-07  1.926025E-04 -1.246434E-02  2.050527E-08  2.050738E-08
  2.875000E+03  1.674055E-07  1.066910E-04 -1.138906E-06  1.922184E-04 -1.706022E-02  2.050498E-08  2.050920E-08
  2.876000E+03 -3.481768E-07  1.063540E-04 -7.672052E-08  1.928217E-04 -1.648328E-02  2.050458E-08  2.050756E-08
  2.877000E+03  4.069343E-07  1.066237E-04  3.879216E-07  1.923203E-04 -1.271799E-02  2.050424E-08  2.050674E-08
  2.878000E+03  3.514679E-07  1.065723E-04 -1.048773E-06  1.924363E-04 -1.883675E-02  2.050475E-08  2.050929E-08
  2.879000E+03 -3.754983E-07  1.063832E-04 -4.169873E-07  1.927758E-04 -1.369652E-02  2.050619E-08  2.050840E-08
  2.880000E+03  2.374352E-07  1.067065E-04  5.633662E-07  1.921780E-04 -1.506687E-02  2.050431E-08  2.050770E-08
  2.881000E+03  5.047775E-07  1.064144E-04 -8.276793E-07  1.927046E-04 -1.821729E-02  2.050314E-08  2.050713E-08
  2.882000E+03 -3.218193E-07  1.065162E-04 -7.554267E-07  1.925158E-04 -1.223536E-02  2.050451E-08  2.050666E-08
  2.883000E+03  4.319414E-08  1.066680E-04  5.982248E-07  1.922600E-04 -1.780963E-02  2.050473E-08  2.050886E-08
  2.884000E+03  6.018140E-07  1.063419E-04 -5.176936E-07  1.928415E-04 -1.563528E-02  2.050461E-08  2.050759E-08
  2.885000E+03 -1.958320E-07  1.066620E-04 -1.035876E-06  1.922485E-04 -1.317552E-02  2.050383E-08  2.050672E-08
  2.886000E+03 -1.483577E-07  1.065293E-04  4.897485E-07  1.925152E-04 -1.902939E-02  2.050479E-08  2.050897E-08
  2.887000E+03  6.274071E-07  1.064076E-04 -1.615368E-07  1.927354E-04 -1.294324E-02  2.050680E-08  2.050903E-08
  2.888000E+03 -1.603973E-08  1.067192E-04 -1.215351E-06  1.921633E-04 -1.588262E-02  2.050493E-08  2.050888E-08
  2.889000E+03 -3.082512E-07  1.063782E-04  2.532663E-07  1.927732E-04 -1.780780E-02  2.050362E-08  2.050709E-08
  2.890000E+03  5.713527E-07  1.065589E-04  1.914874E-07  1.924460E-04 -1.198899E-02  2.050537E-08  2.050761E-08
  2.891000E+03  1.861842E-07  1.066495E-04 -1.251311E-06  1.923030E-04 -1.849843E-02  2.050550E-08  2.051018E-08
  2.892000E+03 -4.065268E-07  1.063317E-04 -7.143790E-08  1.928610E-04 -1.490672E-02  2.050496E-08  2.050745E-08
  2.893000E+03  4.391660E-07  1.066945E-04  4.788228E-07  1.921908E-04 -1.352565E-02  2.050382E-08  2.050683E-08
  2.894000E+03  3.792831E-07  1.064928E-04 -1.131825E-06  1.925823E-04 -1.918828E-02  2.050486E-08  2.050941E-08
  2.895000E+03 -4.259826E-07  1.064275E-04 -4.350380E-07  1.926957E-04 -1.238161E-02  2.050655E-08  2.050852E-08
  2.896000E+03  2.539942E-07  1.067242E-04  6.501682E-07  1.921555E-04 -1.651407E-02  2.050485E-08  2.050880E-08
  2.897000E+03  5.352543E-07  1.063527E-04 -8.819996E-07  1.928210E-04 -1.741668E-02  2.050393E-08  2.050759E-08
  2.898000E+03 -3.635658E-07  1.065935E-04 -7.849722E-07  1.923841E-04 -1.196370E-02  2.050542E-08  2.050773E-08
  2.899000E+03  4.840902E-08  1.066274E-04  6.761063E-07  1.923482E-04 -1.894460E-02  2.050592E-08  2.051036E-08
  2.900000E+03  6.295590E-07  1.063352E-04 -5.478641E-07  1.928595E-04 -1.430308E-02  2.050566E-08  2.050827E-08
  2.901000E+03 -2.276671E-07  1.067187E-04 -1.067215E-06  1.921544E-04 -1.400640E-02  2.050445E-08  2.050779E-08
  2.902000E+03 -1.474579E-07  1.064592E-04  5.513544E-07  1.926460E-04 -1.915143E-02  2.050518E-08  2.050928E-08
  2.903000E+03  6.478600E-07  1.064545E-04 -1.780198E-07  1.926488E-04 -1.196624E-02  2.050687E-08  2.050896E-08
  2.904000E+03 -4.054609E-08  1.067242E-04 -1.237705E-06  1.921647E-04 -1.713905E-02  2.050561E-08  2.051002E-08
  2.905000E+03 -3.049485E-07  1.063307E-04  2.988110E-07  1.928621E-04 -1.696347E-02  2.050420E-08  2.050732E-08
  2.906000E+03  5.857939E-07  1.066257E-04  1.746331E-07  1.923266E-04 -1.198459E-02  2.050548E-08  2.050792E-08
  2.907000E+03  1.657834E-07  1.066050E-04 -1.264865E-06  1.923942E-04 -1.931834E-02  2.050635E-08  2.051121E-08
  2.908000E+03 -3.967727E-07  1.063383E-04 -3.856568E-08  1.928537E-04 -1.374802E-02  2.050579E-08  2.050794E-08
  2.909000E+03  4.497620E-07  1.067356E-04  4.521209E-07  1.921230E-04 -1.443437E-02  2.050423E-08  2.050765E-08
  2.910000E+03  3.583559E-07  1.064296E-04 -1.137481E-06  1.926975E-04 -1.905679E-02  2.050500E-08  2.050937E-08
  2.911000E+03 -4.084731E-07  1.064779E-04 -4.067194E-07  1.926020E-04 -1.167343E-02  2.050645E-08  2.050831E-08
  2.912000E+03  2.642428E-07  1.067167E-04  6.085505E-07  1.921765E-04 -1.765608E-02  2.050525E-08  2.050956E-08
  2.913000E+03  5.095207E-07  1.063167E-04 -8.835162E-07  1.928863E-04 -1.649143E-02  2.050424E-08  2.050753E-08
  2.914000E+03 -3.420712E-07  1.066532E-04 -7.501234E-07  1.922754E-04 -1.216397E-02  2.050528E-08  2.050780E-08
  2.915000E+03  6.273700E-08  1.065779E-04  6.237593E-07  1.924421E-04 -1.955716E-02  2.050615E-08  2.051067E-08
  2.916000E+03  5.957079E-07  1.063505E-04 -5.515142E-07  1.928319E-04 -1.323863E-02  2.050597E-08  2.050825E-08
  2.917000E+03 -2.070094E-07  1.067497E-04 -1.015890E-06  1.921036E-04 -1.497044E-02  2.050470E-08  2.050841E-08
  2.918000E+03 -1.247466E-07  1.063979E-04  4.946091E-07  1.927520E-04 -1.885381E-02  2.050477E-08  2.050863E-08
  2.919000E+03  6.044517E-07  1.065089E-04 -1.911836E-07  1.925449E-04 -1.142810E-02  2.050641E-08  2.050843E-08
  2.920000E+03 -2.659354E-08  1.067078E-04 -1.162864E-06  1.921985E-04 -1.826091E-02  2.050565E-08  2.051035E-08
  2.921000E+03 -2.712428E-07  1.062992E-04  2.472631E-07  1.929165E-04 -1.591414E-02  2.050428E-08  2.050699E-08
  2.922000E+03  5.381214E-07  1.066853E-04  1.430395E-07  1.922143E-04 -1.235833E-02  2.050488E-08  2.050756E-08
  2.923000E+03  1.654147E-07  1.065481E-04 -1.171376E-06  1.924939E-04 -1.987886E-02  2.050582E-08  2.051069E-08
  2.924000E+03 -3.499560E-07  1.063570E-04 -7.154670E-08  1.928159E-04 -1.260240E-02  2.050569E-08  2.050752E-08
  2.925000E+03  4.074356E-07  1.067644E-04  3.910401E-07  1.920716E-04 -1.551232E-02  2.050395E-08  2.050776E-08
  2.926000E+03  3.376120E-07  1.063646E-04 -1.039778E-06  1.928045E-04 -1.870115E-02  2.050399E-08  2.050807E-08
  2.927000E+03 -3.511980E-07  1.065340E-04 -4.073850E-07  1.924919E-04 -1.110845E-02  2.050567E-08  2.050750E-08
  2.928000E+03  2.377528E-07  1.066976E-04  5.156183E-07  1.922123E-04 -1.881266E-02  2.050495E-08  2.050958E-08
  2.929000E+03  4.690098E-07  1.062852E-04 -8.025523E-07  1.929376E-04 -1.540808E-02  2.050399E-08  2.050682E-08
  2.930000E+03 -2.846444E-07  1.067127E-04 -7.122439E-07  1.921627E-04 -1.254202E-02  2.050459E-08  2.050736E-08
  2.931000E+03  5.964113E-08  1.065226E-04  5.136894E-07  1.925428E-04 -2.009285E-02  2.050602E-08  2.051059E-08
  2.932000E+03  5.398559E-07  1.063704E-04 -5.052541E-07  1.927953E-04 -1.211689E-02  2.050622E-08  2.050816E-08
  2.933000E+03 -1.615637E-07  1.067771E-04 -9.393858E-07  1.920578E-04 -1.601464E-02  2.050475E-08  2.050883E-08
  2.934000E+03 -9.897197E-08  1.063408E-04  3.871853E-07  1.928544E-04 -1.848777E-02  2.050480E-08  2.050842E-08
  2.935000E+03  5.399936E-07  1.065615E-04 -1.951846E-07  1.924474E-04 -1.093048E-02  2.050625E-08  2.050822E-08
  2.936000E+03 -4.755987E-09  1.066873E-04 -1.052536E-06  1.922371E-04 -1.928450E-02  2.050545E-08  2.051040E-08
  2.937000E+03 -2.177389E-07  1.062764E-04  1.660439E-07  1.929554E-04 -1.492556E-02  2.050432E-08  2.050668E-08
  2.938000E+03  4.778520E-07  1.067343E-04  8.179843E-08  1.921220E-04 -1.274926E-02  2.050434E-08  2.050725E-08
  2.939000E+03  1.556978E-07  1.064956E-04 -1.046524E-06  1.925851E-04 -2.023934E-02  2.050528E-08  2.051010E-08
  2.940000E+03 -2.783252E-07  1.063803E-04 -1.041101E-07  1.927701E-04 -1.166472E-02  2.050555E-08  2.050714E-08
  2.941000E+03  3.667722E-07  1.067813E-04  2.802381E-07  1.920444E-04 -1.644608E-02  2.050397E-08  2.050810E-08
  2.942000E+03  2.940207E-07  1.063192E-04 -9.288809E-07  1.928871E-04 -1.825680E-02  2.050419E-08  2.050797E-08
  2.943000E+03 -2.763810E-07  1.065825E-04 -3.760007E-07  1.924038E-04 -1.082514E-02  2.050567E-08  2.050750E-08
  2.944000E+03  2.291585E-07  1.066743E-04  3.755001E-07  1.922606E-04 -1.960601E-02  2.050533E-08  2.051015E-08
  2.945000E+03  3.953691E-07  1.062776E-04 -7.327344E-07  1.929560E-04 -1.455423E-02  2.050473E-08  2.050721E-08
  2.946000E+03 -2.212500E-07  1.067482E-04 -6.138749E-07  1.920996E-04 -1.302105E-02  2.050456E-08  2.050753E-08
  2.947000E+03  9.071265E-08  1.064773E-04  3.673541E-07  1.926231E-04 -2.019857E-02  2.050581E-08  2.051030E-08
  2.948000E+03  4.460480E-07  1.064003E-04 -4.984852E-07  1.927381E-04 -1.150318E-02  2.050603E-08  2.050778E-08
  2.949000E+03 -1.254255E-07  1.067758E-04 -7.819588E-07  1.920618E-04 -1.678919E-02  2.050467E-08  2.050893E-08
  2.950000E+03 -2.814235E-08  1.063118E-04  2.655290E-07  1.929035E-04 -1.791879E-02  2.050462E-08  2.050798E-08
  2.951000E+03  4.435387E-07  1.066011E-04 -2.642573E-07  1.923688E-04 -1.100721E-02  2.050547E-08  2.050749E-08
  2.952000E+03 -7.624806E-09  1.066542E-04 -8.618530E-07  1.922983E-04 -1.970525E-02  2.050543E-08  2.051034E-08
  2.953000E+03 -1.122065E-07  1.062891E-04  9.568433E-08  1.929356E-04 -1.422101E-02  2.050488E-08  2.050700E-08
  2.954000E+03  3.949426E-07  1.067516E-04 -6.488673E-08  1.920934E-04 -1.340608E-02  2.050443E-08  2.050752E-08
  2.955000E+03  1.070081E-07  1.064572E-04 -8.493438E-07  1.926532E-04 -1.997397E-02  2.050523E-08  2.050976E-08
  2.956000E+03 -1.487926E-07  1.064219E-04 -1.021437E-07  1.926957E-04 -1.142205E-02  2.050571E-08  2.050724E-08
  2.957000E+03  3.139854E-07  1.067618E-04  6.493612E-08  1.920869E-04 -1.711088E-02  2.050455E-08  2.050877E-08
  2.958000E+03  2.020720E-07  1.063070E-04 -7.594652E-07  1.929065E-04 -1.751010E-02  2.050418E-08  2.050756E-08
  2.959000E+03 -1.427060E-07  1.066181E-04 -2.924230E-07  1.923334E-04 -1.127460E-02  2.050491E-08  2.050689E-08
  2.960000E+03  2.188146E-07  1.066304E-04  1.215443E-07  1.923409E-04 -1.970866E-02  2.050542E-08  2.051009E-08
  2.961000E+03  2.674158E-07  1.063073E-04 -6.203973E-07  1.929039E-04 -1.391117E-02  2.050511E-08  2.050730E-08
  2.962000E+03 -1.023840E-07  1.067512E-04 -4.492297E-07  1.920951E-04 -1.388729E-02  2.050440E-08  2.050754E-08
  2.963000E+03  1.294177E-07  1.064395E-04  1.070485E-07  1.926874E-04 -1.958262E-02  2.050562E-08  2.050976E-08
  2.964000E+03  2.939310E-07  1.064559E-04 -4.646687E-07  1.926429E-04 -1.149342E-02  2.050662E-08  2.050834E-08
  2.965000E+03 -3.958340E-08  1.067404E-04 -5.462884E-07  1.921362E-04 -1.748617E-02  2.050556E-08  2.050981E-08
  2.966000E+03  5.833631E-08  1.063105E-04  3.541101E-08  1.929068E-04 -1.690030E-02  2.050508E-08  2.050806E-08
  2.967000E+03  2.863739E-07  1.066443E-04 -3.202286E-07  1.922941E-04 -1.178266E-02  2.050564E-08  2.050788E-08
  2.968000E+03  3.020960E-08  1.065952E-04 -5.817523E-07  1.924082E-04 -1.968603E-02  2.050582E-08  2.051043E-08
  2.969000E+03  1.595892E-08  1.063312E-04 -7.056334E-08  1.928591E-04 -1.343523E-02  2.050508E-08  2.050699E-08
  2.970000E+03  2.518830E-07  1.067528E-04 -2.125306E-07  1.920924E-04 -1.457245E-02  2.050422E-08  2.050757E-08
  2.971000E+03  8.897713E-08  1.064094E-04 -5.566102E-07  1.927340E-04 -1.913084E-02  2.050495E-08  2.050895E-08
  2.972000E+03  8.315058E-09  1.064888E-04 -1.799809E-07  1.925764E-04 -1.140990E-02  2.050589E-08  2.050753E-08
  2.973000E+03  2.040399E-07  1.067184E-04 -1.631422E-07  1.921721E-04 -1.800896E-02  2.050497E-08  2.050930E-08
  2.974000E+03  1.298046E-07  1.063048E-04 -4.924432E-07  1.929126E-04 -1.623853E-02  2.050482E-08  2.050765E-08
  2.975000E+03  2.318291E-08  1.066727E-04 -2.705220E-07  1.922433E-04 -1.218038E-02  2.050559E-08  2.050793E-08
  2.976000E+03  1.581247E-07  1.065620E-04 -1.591634E-07  1.924711E-04 -1.977509E-02  2.050610E-08  2.051059E-08
  2.977000E+03  1.490729E-07  1.063549E-04 -4.165265E-07  1.928215E-04 -1.292104E-02  2.050579E-08  2.050766E-08
  2.978000E+03  5.050703E-08  1.067588E-04 -3.278711E-07  1.920887E-04 -1.525120E-02  2.050478E-08  2.050831E-08
  2.979000E+03  1.276689E-07  1.063829E-04 -1.906716E-07  1.927872E-04 -1.870118E-02  2.050567E-08  2.050939E-08
  2.980000E+03  1.449181E-07  1.065287E-04 -3.539791E-07  1.925120E-04 -1.136877E-02  2.050672E-08  2.050848E-08
  2.981000E+03  7.762968E-08  1.066954E-04 -3.392712E-07  1.922215E-04 -1.855345E-02  2.050562E-08  2.051005E-08
  2.982000E+03  1.150388E-07  1.063034E-04 -2.346181E-07  1.929191E-04 -1.552254E-02  2.050548E-08  2.050801E-08
  2.983000E+03  1.291350E-07  1.067023E-04 -3.179192E-07  1.921944E-04 -1.266749E-02  2.050595E-08  2.050854E-08
  2.984000E+03  9.475795E-08  1.065221E-04 -3.207373E-07  1.925413E-04 -1.982916E-02  2.050587E-08  2.051029E-08
  2.985000E+03  1.209612E-07  1.063784E-04 -2.723758E-07  1.927733E-04 -1.235959E-02  2.050535E-08  2.050706E-08
  2.986000E+03  1.107263E-07  1.067610E-04 -3.162485E-07  1.920836E-04 -1.595710E-02  2.050443E-08  2.050821E-08
  2.987000E+03  9.221955E-08  1.063509E-04 -2.829118E-07  1.928360E-04 -1.824526E-02  2.050487E-08  2.050839E-08
  2.988000E+03  1.429923E-07  1.065599E-04 -2.832715E-07  1.924421E-04 -1.128451E-02  2.050530E-08  2.050711E-08
  2.989000E+03  1.018411E-07  1.066721E-04 -3.529344E-07  1.922569E-04 -1.904076E-02  2.050473E-08  2.050928E-08
  2.990000E+03  7.239953E-08  1.062993E-04 -2.512690E-07  1.929203E-04 -1.487709E-02  2.050503E-08  2.050735E-08
  2.991000E+03  1.654998E-07  1.067245E-04 -2.607158E-07  1.921501E-04 -1.304955E-02  2.050538E-08  2.050816E-08
  2.992000E+03  1.115058E-07  1.064913E-04 -4.039051E-07  1.925953E-04 -1.985410E-02  2.050568E-08  2.051006E-08
  2.993000E+03  4.074228E-08  1.064036E-04 -2.473792E-07  1.927337E-04 -1.193239E-02  2.050610E-08  2.050773E-08
  2.994000E+03  1.768137E-07  1.067601E-04 -2.069544E-07  1.920934E-04 -1.652724E-02  2.050512E-08  2.050908E-08
  2.995000E+03  1.431075E-07  1.063327E-04 -4.487786E-07  1.928717E-04 -1.782131E-02  2.050532E-08  2.050870E-08
  2.996000E+03  7.078492E-09  1.065938E-04 -2.849430E-07  1.923869E-04 -1.137479E-02  2.050592E-08  2.050782E-08
  2.997000E+03  1.650381E-07  1.066461E-04 -1.326479E-07  1.923115E-04 -1.936159E-02  2.050544E-08  2.051000E-08
  2.998000E+03  1.911302E-07  1.063088E-04 -4.603215E-07  1.929056E-04 -1.431744E-02  2.050545E-08  2.050768E-08
  2.999000E+03 -1.531815E-08  1.067395E-04 -3.627289E-07  1.921232E-04 -1.360491E-02  2.050524E-08  2.050821E-08
  3.000000E+03  1.251776E-07  1.064570E-04 -6.015675E-08  1.926537E-04 -1.963457E-02  2.050538E-08  2.050957E-08
  3.001000E+03  2.483086E-07  1.064343E-04 -4.235349E-07  1.926721E-04 -1.167696E-02  2.050552E-08  2.050722E-08
  3.002000E+03 -1.600890E-08  1.067451E-04 -4.740442E-07  1.921163E-04 -1.713298E-02  2.050446E-08  2.050860E-08
  3.003000E+03  6.079055E-08  1.063145E-04 -1.245577E-08  1.928923E-04 -1.720585E-02  2.050421E-08  2.050730E-08
  3.004000E+03  2.971834E-07  1.066236E-04 -3.328094E-07  1.923210E-04 -1.162103E-02  2.050457E-08  2.050672E-08
  3.005000E+03  1.546575E-08  1.066110E-04 -5.922768E-07  1.923667E-04 -1.959800E-02  2.050448E-08  2.050911E-08
  3.006000E+03 -1.672878E-08  1.063189E-04 -1.820080E-08  1.928748E-04 -1.371305E-02  2.050431E-08  2.050629E-08
  3.007000E+03  3.223756E-07  1.067509E-04 -1.993550E-07  1.920956E-04 -1.420131E-02  2.050431E-08  2.050758E-08
  3.008000E+03  8.094104E-08  1.064242E-04 -6.886738E-07  1.927083E-04 -1.935939E-02  2.050499E-08  2.050914E-08
  3.009000E+03 -9.560711E-08  1.064714E-04 -8.945594E-08  1.926085E-04 -1.146468E-02  2.050594E-08  2.050756E-08
  3.010000E+03  3.129392E-07  1.067305E-04 -3.831514E-08  1.921530E-04 -1.773105E-02  2.050536E-08  2.050967E-08
  3.011000E+03  1.723364E-07  1.063061E-04 -7.360135E-07  1.929146E-04 -1.654077E-02  2.050520E-08  2.050822E-08
  3.012000E+03 -1.549670E-07  1.066646E-04 -2.254487E-07  1.922610E-04 -1.201847E-02  2.050596E-08  2.050825E-08
  3.013000E+03  2.613796E-07  1.065735E-04  1.148796E-07  1.924498E-04 -1.978727E-02  2.050604E-08  2.051060E-08
  3.014000E+03  2.768972E-07  1.063421E-04 -7.104586E-07  1.928408E-04 -1.303289E-02  2.050537E-08  2.050739E-08
  3.015000E+03 -1.827936E-07  1.067655E-04 -4.098862E-07  1.920754E-04 -1.504927E-02  2.050470E-08  2.050825E-08
  3.016000E+03  1.695354E-07  1.063826E-04  2.354104E-07  1.927853E-04 -1.891290E-02  2.050534E-08  2.050916E-08
  3.017000E+03  3.809543E-07  1.065141E-04 -6.057643E-07  1.925278E-04 -1.121065E-02  2.050563E-08  2.050751E-08
  3.018000E+03 -1.678029E-07  1.067093E-04 -6.241616E-07  1.921871E-04 -1.854605E-02  2.050463E-08  2.050921E-08
  3.019000E+03  4.890817E-08  1.062877E-04  2.929317E-07  1.929419E-04 -1.566782E-02  2.050484E-08  2.050741E-08
  3.020000E+03  4.576306E-07  1.067082E-04 -4.250743E-07  1.921823E-04 -1.237311E-02  2.050586E-08  2.050859E-08
  3.021000E+03 -1.010419E-07  1.065301E-04 -8.221617E-07  1.925273E-04 -2.014463E-02  2.050579E-08  2.051052E-08
  3.022000E+03 -8.240343E-08  1.063570E-04  2.569075E-07  1.928095E-04 -1.218809E-02  2.050511E-08  2.050675E-08
  3.023000E+03  4.904169E-07  1.067892E-04 -1.918957E-07  1.920396E-04 -1.583519E-02  2.050518E-08  2.050921E-08
  3.024000E+03  1.294325E-08  1.063384E-04 -9.683298E-07  1.928677E-04 -1.865597E-02  2.050567E-08  2.050956E-08
  3.025000E+03 -2.050044E-07  1.065568E-04  1.222658E-07  1.924541E-04 -1.079321E-02  2.050610E-08  2.050779E-08
  3.026000E+03  4.674126E-07  1.067006E-04  6.441104E-08  1.922151E-04 -1.939374E-02  2.050561E-08  2.051055E-08
  3.027000E+03  1.571430E-07  1.062675E-04 -1.027150E-06  1.929873E-04 -1.490883E-02  2.050599E-08  2.050860E-08
  3.028000E+03 -2.902325E-07  1.067555E-04 -9.836437E-08  1.921070E-04 -1.261701E-02  2.050685E-08  2.050966E-08
  3.029000E+03  3.824690E-07  1.064919E-04  2.922232E-07  1.926040E-04 -2.059386E-02  2.050641E-08  2.051120E-08
  3.030000E+03  3.128562E-07  1.063704E-04 -9.731353E-07  1.927904E-04 -1.133172E-02  2.050588E-08  2.050765E-08
  3.031000E+03 -3.246503E-07  1.068138E-04 -3.780859E-07  1.920018E-04 -1.660347E-02  2.050562E-08  2.050992E-08
  3.032000E+03  2.443343E-07  1.062926E-04  4.589663E-07  1.929492E-04 -1.844406E-02  2.050558E-08  2.050920E-08
  3.033000E+03  4.575444E-07  1.065920E-04 -8.071689E-07  1.923827E-04 -1.033025E-02  2.050536E-08  2.050738E-08
  3.034000E+03 -2.962564E-07  1.066911E-04 -6.814642E-07  1.922290E-04 -2.021845E-02  2.050493E-08  2.051018E-08
  3.035000E+03  7.344588E-08  1.062403E-04  5.264592E-07  1.930277E-04 -1.421864E-02  2.050526E-08  2.050742E-08
  3.036000E+03  5.571668E-07  1.067944E-04 -5.447109E-07  1.920290E-04 -1.274029E-02  2.050595E-08  2.050925E-08
  3.037000E+03 -1.982677E-07  1.064590E-04 -9.468151E-07  1.926604E-04 -2.105594E-02  2.050589E-08  2.051094E-08
  3.038000E+03 -1.049668E-07  1.063756E-04  4.632758E-07  1.927771E-04 -1.058018E-02  2.050563E-08  2.050695E-08
  3.039000E+03  5.946812E-07  1.068369E-04 -2.228295E-07  1.919626E-04 -1.716874E-02  2.050567E-08  2.051047E-08
  3.040000E+03 -4.329511E-08  1.062578E-04 -1.131735E-06  1.930141E-04 -1.836450E-02  2.050580E-08  2.050962E-08
  3.041000E+03 -2.611859E-07  1.066220E-04  2.726834E-07  1.923309E-04 -9.936685E-03  2.050569E-08  2.050743E-08
  3.042000E+03  5.579235E-07  1.066868E-04  1.091182E-07  1.922464E-04 -2.083623E-02  2.050571E-08  2.051127E-08
  3.043000E+03  1.453987E-07  1.062261E-04 -1.195690E-06  1.930603E-04 -1.372712E-02  2.050611E-08  2.050846E-08
  3.044000E+03 -3.638953E-07  1.068241E-04 -2.237076E-08  1.919788E-04 -1.289041E-02  2.050626E-08  2.050947E-08
  3.045000E+03  4.437566E-07  1.064314E-04  3.921521E-07  1.927120E-04 -2.130831E-02  2.050595E-08  2.051100E-08
  3.046000E+03  3.427093E-07  1.063892E-04 -1.114474E-06  1.927552E-04 -1.005314E-02  2.050604E-08  2.050765E-08
  3.047000E+03 -3.996068E-07  1.068454E-04 -3.825048E-07  1.919490E-04 -1.768958E-02  2.050566E-08  2.051053E-08
  3.048000E+03  2.696295E-07  1.062279E-04  5.873349E-07  1.930608E-04 -1.810067E-02  2.050508E-08  2.050861E-08
  3.049000E+03  5.147015E-07  1.066491E-04 -8.977793E-07  1.922733E-04 -9.761702E-03  2.050480E-08  2.050698E-08
  3.050000E+03 -3.571628E-07  1.066701E-04 -7.493904E-07  1.922724E-04 -2.131088E-02  2.050505E-08  2.051074E-08
  3.051000E+03  6.264300E-08  1.062128E-04  6.533387E-07  1.930694E-04 -1.319414E-02  2.050466E-08  2.050657E-08
  3.052000E+03  6.265525E-07  1.068459E-04 -5.735345E-07  1.919261E-04 -1.312812E-02  2.050476E-08  2.050848E-08
  3.053000E+03 -2.342823E-07  1.064030E-04 -1.056574E-06  1.927560E-04 -2.144442E-02  2.050510E-08  2.051031E-08
  3.054000E+03 -1.487968E-07  1.064009E-04  5.652543E-07  1.927245E-04 -9.628249E-03  2.050511E-08  2.050631E-08
  3.055000E+03  6.611162E-07  1.068493E-04 -1.849444E-07  1.919375E-04 -1.814668E-02  2.050500E-08  2.051028E-08
  3.056000E+03 -4.977010E-08  1.062080E-04 -1.256988E-06  1.930951E-04 -1.783255E-02  2.050499E-08  2.050868E-08
  3.057000E+03 -3.249808E-07  1.066779E-04  3.312693E-07  1.922244E-04 -9.743816E-03  2.050512E-08  2.050705E-08
  3.058000E+03  6.082592E-07  1.066508E-04  1.976343E-07  1.923124E-04 -2.165526E-02  2.050546E-08  2.051132E-08
  3.059000E+03  1.678171E-07  1.062159E-04 -1.310260E-06  1.930661E-04 -1.269316E-02  2.050503E-08  2.050718E-08
  3.060000E+03 -4.364062E-07  1.068668E-04 -1.401177E-08  1.918909E-04 -1.359179E-02  2.050488E-08  2.050855E-08
  3.061000E+03  4.724266E-07  1.063703E-04  5.133089E-07  1.928176E-04 -2.134109E-02  2.050540E-08  2.051044E-08
  3.062000E+03  3.907882E-07  1.064266E-04 -1.205149E-06  1.926754E-04 -9.273690E-03  2.050490E-08  2.050651E-08
  3.063000E+03 -4.691257E-07  1.068453E-04 -4.264790E-07  1.919434E-04 -1.879332E-02  2.050464E-08  2.050999E-08
  3.064000E+03  2.747444E-07  1.061856E-04  7.195972E-07  1.931347E-04 -1.729027E-02  2.050505E-08  2.050833E-08
  3.065000E+03  5.766859E-07  1.067132E-04 -9.524021E-07  1.921606E-04 -9.826030E-03  2.050508E-08  2.050758E-08
  3.066000E+03 -4.110987E-07  1.066247E-04 -8.317744E-07  1.923616E-04 -2.208872E-02  2.050550E-08  2.051147E-08
  3.067000E+03  4.513023E-08  1.062158E-04  7.714174E-07  1.930636E-04 -1.200755E-02  2.050493E-08  2.050657E-08
  3.068000E+03  6.937742E-07  1.068939E-04 -5.876790E-07  1.918460E-04 -1.407264E-02  2.050513E-08  2.050942E-08
  3.069000E+03 -2.691413E-07  1.063362E-04 -1.162932E-06  1.928829E-04 -2.136392E-02  2.050574E-08  2.051092E-08
  3.070000E+03 -1.832913E-07  1.064500E-04  6.582526E-07  1.926357E-04 -8.763061E-03  2.050528E-08  2.050645E-08
  3.071000E+03  7.260358E-07  1.068520E-04 -1.642239E-07  1.919392E-04 -1.946844E-02  2.050520E-08  2.051108E-08
  3.072000E+03 -6.774968E-08  1.061616E-04 -1.370995E-06  1.931855E-04 -1.689827E-02  2.050595E-08  2.050941E-08
  3.073000E+03 -3.662762E-07  1.067496E-04  3.961557E-07  1.921058E-04 -9.742456E-03  2.050624E-08  2.050846E-08
  3.074000E+03  6.608329E-07  1.066072E-04  2.405414E-07  1.924037E-04 -2.261121E-02  2.050637E-08  2.051258E-08
  3.075000E+03  1.644491E-07  1.062150E-04 -1.410643E-06  1.930721E-04 -1.141287E-02  2.050582E-08  2.050773E-08
  3.076000E+03 -4.761008E-07  1.069209E-04  2.114932E-08  1.918071E-04 -1.445296E-02  2.050604E-08  2.051024E-08
  3.077000E+03  5.084893E-07  1.063050E-04  5.649715E-07  1.929448E-04 -2.141724E-02  2.050630E-08  2.051136E-08
  3.078000E+03  3.961460E-07  1.064693E-04 -1.279526E-06  1.925974E-04 -8.333470E-03  2.050500E-08  2.050657E-08
  3.079000E+03 -5.021291E-07  1.068562E-04 -4.131979E-07  1.919355E-04 -2.003407E-02  2.050538E-08  2.051129E-08
  3.080000E+03  2.979991E-07  1.061372E-04  7.673952E-07  1.932298E-04 -1.652550E-02  2.050607E-08  2.050913E-08
  3.081000E+03  5.821399E-07  1.067768E-04 -1.001803E-06  1.920520E-04 -9.670460E-03  2.050573E-08  2.050847E-08
  3.082000E+03 -4.349413E-07  1.065928E-04 -8.252763E-07  1.924313E-04 -2.305671E-02  2.050634E-08  2.051266E-08
  3.083000E+03  6.097017E-08  1.062078E-04  8.066391E-07  1.930852E-04 -1.087110E-02  2.050594E-08  2.050733E-08
  3.084000E+03  6.933796E-07  1.069451E-04 -6.183700E-07  1.917664E-04 -1.469200E-02  2.050626E-08  2.051099E-08
  3.085000E+03 -2.838133E-07  1.062827E-04 -1.151598E-06  1.929886E-04 -2.159975E-02  2.050657E-08  2.051180E-08
  3.086000E+03 -1.675208E-07  1.064804E-04  6.755911E-07  1.925835E-04 -7.858761E-03  2.050573E-08  2.050680E-08
  3.087000E+03  7.157394E-07  1.068684E-04 -1.876510E-07  1.919228E-04 -2.045723E-02  2.050618E-08  2.051251E-08
  3.088000E+03 -7.563517E-08  1.061195E-04 -1.345184E-06  1.932694E-04 -1.640882E-02  2.050689E-08  2.051018E-08
  3.089000E+03 -3.449043E-07  1.067959E-04  3.961908E-07  1.920245E-04 -9.468734E-03  2.050652E-08  2.050886E-08
  3.090000E+03  6.409204E-07  1.065877E-04  2.130829E-07  1.924465E-04 -2.340666E-02  2.050682E-08  2.051332E-08
  3.091000E+03  1.596832E-07  1.062050E-04 -1.368274E-06  1.930958E-04 -1.060346E-02  2.050659E-08  2.050828E-08
  3.092000E+03 -4.453809E-07  1.069556E-04  8.354812E-09  1.917490E-04 -1.480229E-02  2.050638E-08  2.051083E-08
  3.093000E+03  4.839492E-07  1.062698E-04  5.225641E-07  1.930119E-04 -2.163218E-02  2.050655E-08  2.051164E-08
  3.094000E+03  3.840680E-07  1.064894E-04 -1.222843E-06  1.925631E-04 -7.736885E-03  2.050531E-08  2.050678E-08
  3.095000E+03 -4.572578E-07  1.068626E-04 -4.218809E-07  1.919300E-04 -2.063414E-02  2.050577E-08  2.051191E-08
  3.096000E+03  2.744253E-07  1.061122E-04  6.966193E-07  1.932751E-04 -1.620099E-02  2.050615E-08  2.050908E-08
  3.097000E+03  5.545373E-07  1.068051E-04 -9.358340E-07  1.919982E-04 -9.575912E-03  2.050545E-08  2.050823E-08
  3.098000E+03 -3.765167E-07  1.065720E-04 -8.133572E-07  1.924668E-04 -2.345637E-02  2.050593E-08  2.051235E-08
  3.099000E+03  4.358408E-08  1.062102E-04  7.049051E-07  1.930787E-04 -1.037427E-02  2.050583E-08  2.050707E-08
  3.100000E+03  6.460873E-07  1.069571E-04 -5.503271E-07  1.917409E-04 -1.504600E-02  2.050573E-08  2.051056E-08
  3.101000E+03 -2.206254E-07  1.062574E-04 -1.104605E-06  1.930288E-04 -2.150007E-02  2.050600E-08  2.051113E-08
  3.102000E+03 -1.679408E-07  1.065041E-04  5.523292E-07  1.925360E-04 -7.692915E-03  2.050526E-08  2.050631E-08
  3.103000E+03  6.467770E-07  1.068520E-04 -1.371858E-07  1.919492E-04 -2.082993E-02  2.050570E-08  2.051203E-08
  3.104000E+03 -1.817984E-08  1.061118E-04 -1.251688E-06  1.932710E-04 -1.596448E-02  2.050571E-08  2.050879E-08
  3.105000E+03 -3.224586E-07  1.068132E-04  2.676787E-07  1.919789E-04 -9.785231E-03  2.050490E-08  2.050736E-08
  3.106000E+03  5.568915E-07  1.065544E-04  2.296802E-07  1.924952E-04 -2.337584E-02  2.050560E-08  2.051192E-08
  3.107000E+03  2.034810E-07  1.062221E-04 -1.235483E-06  1.930473E-04 -1.025364E-02  2.050482E-08  2.050635E-08
  3.108000E+03 -4.005536E-07  1.069474E-04 -1.095618E-07  1.917453E-04 -1.535321E-02  2.050425E-08  2.050883E-08
  3.109000E+03  3.974702E-07  1.062487E-04  4.971578E-07  1.930383E-04 -2.114139E-02  2.050549E-08  2.051028E-08
  3.110000E+03  4.029690E-07  1.065207E-04 -1.067340E-06  1.924983E-04 -7.882312E-03  2.050441E-08  2.050589E-08
  3.111000E+03 -3.897775E-07  1.068281E-04 -5.074188E-07  1.919833E-04 -2.093498E-02  2.050471E-08  2.051080E-08
  3.112000E+03  1.987733E-07  1.061211E-04  6.191208E-07  1.932478E-04 -1.557200E-02  2.050518E-08  2.050783E-08
  3.113000E+03  5.438614E-07  1.068213E-04 -7.802110E-07  1.919622E-04 -1.022822E-02  2.050459E-08  2.050750E-08
  3.114000E+03 -2.954970E-07  1.065298E-04 -8.508040E-07  1.925370E-04 -2.314778E-02  2.050544E-08  2.051157E-08
  3.115000E+03 -9.647450E-09  1.062470E-04  5.847905E-07  1.930017E-04 -1.007876E-02  2.050482E-08  2.050596E-08
  3.116000E+03  6.106478E-07  1.069411E-04 -4.207208E-07  1.917632E-04 -1.582983E-02  2.050480E-08  2.050972E-08
  3.117000E+03 -1.410453E-07  1.062377E-04 -1.092590E-06  1.930630E-04 -2.068315E-02  2.050619E-08  2.051092E-08
  3.118000E+03 -1.891166E-07  1.065499E-04  4.119539E-07  1.924557E-04 -8.026791E-03  2.050547E-08  2.050666E-08
  3.119000E+03  5.891747E-07  1.068088E-04 -5.431041E-08  1.920287E-04 -2.122265E-02  2.050573E-08  2.051196E-08
  3.120000E+03  4.717911E-08  1.061289E-04 -1.186096E-06  1.932408E-04 -1.509917E-02  2.050610E-08  2.050885E-08
  3.121000E+03 -3.070880E-07  1.068377E-04  1.288042E-07  1.919421E-04 -1.064256E-02  2.050548E-08  2.050820E-08
  3.122000E+03  4.859796E-07  1.065059E-04  2.506702E-07  1.925853E-04 -2.305758E-02  2.050603E-08  2.051202E-08
  3.123000E+03  2.414323E-07  1.062678E-04 -1.124135E-06  1.929638E-04 -9.838486E-03  2.050485E-08  2.050626E-08
  3.124000E+03 -3.527276E-07  1.069348E-04 -2.182042E-07  1.917730E-04 -1.629820E-02  2.050449E-08  2.050928E-08
  3.125000E+03  3.286096E-07  1.062238E-04  4.532044E-07  1.930853E-04 -2.027028E-02  2.050603E-08  2.051040E-08
  3.126000E+03  4.044560E-07  1.065725E-04 -9.337528E-07  1.924113E-04 -8.137278E-03  2.050507E-08  2.050664E-08
  3.127000E+03 -3.187137E-07  1.067889E-04 -5.614833E-07  1.920638E-04 -2.146241E-02  2.050557E-08  2.051168E-08
  3.128000E+03  1.463781E-07  1.061339E-04  5.178728E-07  1.932311E-04 -1.465973E-02  2.050616E-08  2.050847E-08
  3.129000E+03  5.065542E-07  1.068524E-04 -6.508958E-07  1.919225E-04 -1.097860E-02  2.050615E-08  2.050926E-08
  3.130000E+03 -2.142160E-07  1.064883E-04 -8.363615E-07  1.926264E-04 -2.299558E-02  2.050703E-08  2.051295E-08
  3.131000E+03 -3.085600E-08  1.062873E-04  4.411126E-07  1.929379E-04 -9.616214E-03  2.050591E-08  2.050694E-08
  3.132000E+03  5.356402E-07  1.069367E-04 -3.252518E-07  1.917866E-04 -1.665027E-02  2.050619E-08  2.051124E-08
  3.133000E+03 -6.461788E-08  1.062174E-04 -1.000930E-06  1.931119E-04 -1.999680E-02  2.050775E-08  2.051213E-08
  3.134000E+03 -1.688379E-07  1.065928E-04  2.479017E-07  1.923882E-04 -8.187533E-03  2.050650E-08  2.050779E-08
  3.135000E+03  4.868198E-07  1.067778E-04 -2.028337E-08  1.920947E-04 -2.166296E-02  2.050663E-08  2.051281E-08
  3.136000E+03  1.042684E-07  1.061408E-04 -1.027038E-06  1.932282E-04 -1.436126E-02  2.050729E-08  2.050972E-08
  3.137000E+03 -2.457854E-07  1.068606E-04 -2.696398E-08  1.919151E-04 -1.123593E-02  2.050686E-08  2.050976E-08
  3.138000E+03  3.746959E-07  1.064738E-04  2.109024E-07  1.926537E-04 -2.291887E-02  2.050719E-08  2.051295E-08
  3.139000E+03  2.634061E-07  1.063031E-04 -9.223373E-07  1.929109E-04 -9.510898E-03  2.050610E-08  2.050736E-08
  3.140000E+03 -2.529821E-07  1.069273E-04 -3.329777E-07  1.918037E-04 -1.689844E-02  2.050613E-08  2.051102E-08
  3.141000E+03  2.268810E-07  1.062119E-04  3.313830E-07  1.931159E-04 -1.970462E-02  2.050722E-08  2.051128E-08
  3.142000E+03  3.799442E-07  1.066058E-04 -7.171769E-07  1.923597E-04 -8.357391E-03  2.050595E-08  2.050753E-08
  3.143000E+03 -1.886772E-07  1.067575E-04 -6.071597E-07  1.921266E-04 -2.168365E-02  2.050613E-08  2.051216E-08
  3.144000E+03  6.880528E-08  1.061518E-04  3.194282E-07  1.932041E-04 -1.407460E-02  2.050692E-08  2.050900E-08
  3.145000E+03  4.356473E-07  1.068615E-04 -4.481580E-07  1.919117E-04 -1.157595E-02  2.050661E-08  2.050977E-08
  3.146000E+03 -7.205807E-08  1.064599E-04 -8.000377E-07  1.926796E-04 -2.265839E-02  2.050738E-08  2.051304E-08
  3.147000E+03 -6.926674E-08  1.063261E-04  1.907728E-07  1.928753E-04 -9.506172E-03  2.050675E-08  2.050774E-08
  3.148000E+03  4.226560E-07  1.069121E-04 -1.688056E-07  1.918364E-04 -1.716222E-02  2.050662E-08  2.051160E-08
  3.149000E+03  6.845494E-08  1.062155E-04 -8.757842E-07  1.931132E-04 -1.930671E-02  2.050780E-08  2.051183E-08
  3.150000E+03 -1.584117E-07  1.066209E-04 -1.982824E-08  1.923367E-04 -8.700411E-03  2.050634E-08  2.050777E-08
  3.151000E+03  3.419830E-07  1.067306E-04  6.359174E-08  1.921720E-04 -2.161046E-02  2.050585E-08  2.051172E-08
  3.152000E+03  2.109589E-07  1.061708E-04 -8.206119E-07  1.931617E-04 -1.381755E-02  2.050618E-08  2.050836E-08
  3.153000E+03 -1.865704E-07  1.068534E-04 -2.782248E-07  1.919160E-04 -1.207513E-02  2.050539E-08  2.050848E-08
  3.154000E+03  2.162500E-07  1.064385E-04  2.091675E-07  1.927027E-04 -2.221463E-02  2.050593E-08  2.051123E-08
  3.155000E+03  3.280219E-07  1.063510E-04 -6.590106E-07  1.928140E-04 -9.625009E-03  2.050501E-08  2.050626E-08
  3.156000E+03 -1.505079E-07  1.068833E-04 -5.331023E-07  1.918747E-04 -1.746020E-02  2.050508E-08  2.050996E-08
  3.157000E+03  7.627994E-08  1.062159E-04  2.394073E-07  1.930938E-04 -1.876174E-02  2.050603E-08  2.050966E-08
  3.158000E+03  3.937522E-07  1.066355E-04 -4.326158E-07  1.922957E-04 -9.190792E-03  2.050469E-08  2.050644E-08
  3.159000E+03 -5.562193E-08  1.066964E-04 -7.299436E-07  1.922243E-04 -2.146293E-02  2.050492E-08  2.051065E-08
  3.160000E+03 -5.413553E-08  1.061957E-04  1.477394E-07  1.931073E-04 -1.349006E-02  2.050530E-08  2.050718E-08
  3.161000E+03  4.006335E-07  1.068468E-04 -1.825414E-07  1.919223E-04 -1.270556E-02  2.050462E-08  2.050794E-08
  3.162000E+03  7.315128E-08  1.064182E-04 -8.360999E-07  1.927377E-04 -2.164886E-02  2.050600E-08  2.051116E-08
  3.163000E+03 -1.487229E-07  1.063880E-04 -3.598662E-08  1.927522E-04 -9.734796E-03  2.050556E-08  2.050668E-08
  3.164000E+03  3.440297E-07  1.068550E-04  4.317184E-08  1.919291E-04 -1.787998E-02  2.050531E-08  2.051022E-08
  3.165000E+03  2.077132E-07  1.062227E-04 -8.222779E-07  1.930852E-04 -1.806578E-02  2.050668E-08  2.051025E-08
  3.166000E+03 -1.855224E-07  1.066602E-04 -2.726322E-07  1.922607E-04 -9.741379E-03  2.050558E-08  2.050737E-08
  3.167000E+03  2.320829E-07  1.066604E-04  1.957205E-07  1.922940E-04 -2.136959E-02  2.050548E-08  2.051095E-08
  3.168000E+03  3.243279E-07  1.062248E-04 -6.873126E-07  1.930525E-04 -1.310361E-02  2.050521E-08  2.050719E-08
  3.169000E+03 -1.623263E-07  1.068408E-04 -5.173708E-07  1.919330E-04 -1.338801E-02  2.050444E-08  2.050785E-08
  3.170000E+03  9.404257E-08  1.063935E-04  2.497314E-07  1.927756E-04 -2.108068E-02  2.050552E-08  2.051022E-08
  3.171000E+03  3.998005E-07  1.064220E-04 -4.717046E-07  1.926806E-04 -9.861617E-03  2.050446E-08  2.050585E-08
  3.172000E+03 -8.324557E-08  1.068250E-04 -7.218856E-07  1.919783E-04 -1.829059E-02  2.050465E-08  2.050962E-08
  3.173000E+03 -3.985310E-08  1.062237E-04  1.914761E-07  1.930744E-04 -1.737248E-02  2.050598E-08  2.050909E-08
  3.174000E+03  4.167403E-07  1.066851E-04 -2.220655E-07  1.922150E-04 -1.027043E-02  2.050539E-08  2.050749E-08
  3.175000E+03  3.954816E-08  1.066269E-04 -8.434068E-07  1.923590E-04 -2.133677E-02  2.050597E-08  2.051146E-08
  3.176000E+03 -1.434274E-07  1.062526E-04  2.591233E-08  1.930101E-04 -1.262749E-02  2.050620E-08  2.050786E-08
  3.177000E+03  3.732073E-07  1.068468E-04  1.181238E-08  1.919383E-04 -1.406120E-02  2.050597E-08  2.050962E-08
  3.178000E+03  1.764477E-07  1.063730E-04 -8.568277E-07  1.928273E-04 -2.064898E-02  2.050724E-08  2.051194E-08
  3.179000E+03 -1.949855E-07  1.064606E-04 -2.046801E-07  1.926305E-04 -9.805818E-03  2.050656E-08  2.050783E-08
  3.180000E+03  2.745128E-07  1.068085E-04  1.836818E-07  1.920256E-04 -1.879829E-02  2.050634E-08  2.051134E-08
  3.181000E+03  3.007871E-07  1.062235E-04 -7.533382E-07  1.930859E-04 -1.676548E-02  2.050737E-08  2.051049E-08
  3.182000E+03 -1.858163E-07  1.067128E-04 -4.544271E-07  1.921798E-04 -1.061927E-02  2.050689E-08  2.050907E-08
  3.183000E+03  1.377758E-07  1.065999E-04  2.641841E-07  1.924175E-04 -2.144181E-02  2.050696E-08  2.051225E-08
  3.184000E+03  3.903570E-07  1.062702E-04 -5.504270E-07  1.929808E-04 -1.219911E-02  2.050658E-08  2.050835E-08
  3.185000E+03 -1.182758E-07  1.068522E-04 -6.782016E-07  1.919359E-04 -1.455548E-02  2.050660E-08  2.051042E-08
  3.186000E+03 -5.920866E-09  1.063516E-04  2.355510E-07  1.928650E-04 -2.038362E-02  2.050725E-08  2.051159E-08
  3.187000E+03  4.251338E-07  1.064841E-04 -2.944624E-07  1.925840E-04 -9.736141E-03  2.050617E-08  2.050762E-08
  3.188000E+03 -6.348749E-10  1.067929E-04 -8.308938E-07  1.920534E-04 -1.914500E-02  2.050619E-08  2.051137E-08
  3.189000E+03 -1.292037E-07  1.062199E-04  9.425126E-08  1.930887E-04 -1.631212E-02  2.050714E-08  2.050988E-08
  3.190000E+03  3.989467E-07  1.067318E-04 -3.453103E-08  1.921441E-04 -1.091530E-02  2.050667E-08  2.050904E-08
  3.191000E+03  1.452173E-07  1.065753E-04 -8.846795E-07  1.924638E-04 -2.145499E-02  2.050716E-08  2.051259E-08
  3.192000E+03 -2.070497E-07  1.062922E-04 -1.349244E-07  1.929515E-04 -1.182163E-02  2.050780E-08  2.050931E-08
  3.193000E+03  3.151331E-07  1.068555E-04  1.780320E-07  1.919418E-04 -1.507191E-02  2.050771E-08  2.051165E-08
  3.194000E+03  2.883964E-07  1.063362E-04 -8.238518E-07  1.929048E-04 -2.001255E-02  2.050866E-08  2.051308E-08
  3.195000E+03 -2.225299E-07  1.065176E-04 -4.037681E-07  1.925414E-04 -9.741691E-03  2.050807E-08  2.050948E-08
  3.196000E+03  1.825249E-07  1.067729E-04  3.037640E-07  1.921023E-04 -1.950597E-02  2.050742E-08  2.051251E-08
  3.197000E+03  4.045470E-07  1.062246E-04 -6.481492E-07  1.930857E-04 -1.577806E-02  2.050790E-08  2.051071E-08
  3.198000E+03 -1.746430E-07  1.067495E-04 -6.653732E-07  1.921156E-04 -1.134749E-02  2.050691E-08  2.050945E-08
  3.199000E+03  2.520379E-08  1.065444E-04  3.233717E-07  1.925179E-04 -2.135269E-02  2.050702E-08  2.051212E-08
  3.200000E+03  4.700409E-07  1.063123E-04 -3.876540E-07  1.929033E-04 -1.152209E-02  2.050664E-08  2.050829E-08
  3.201000E+03 -6.993277E-08  1.068453E-04 -8.688245E-07  1.919471E-04 -1.559649E-02  2.050614E-08  2.051032E-08
  3.202000E+03 -1.232430E-07  1.063147E-04  2.254727E-07  1.929231E-04 -1.957067E-02  2.050664E-08  2.051064E-08
  3.203000E+03  4.694571E-07  1.065390E-04 -9.694542E-08  1.924822E-04 -9.841901E-03  2.050587E-08  2.050748E-08
  3.204000E+03  7.833460E-08  1.067442E-04 -9.744160E-07  1.921360E-04 -1.976783E-02  2.050541E-08  2.051072E-08
  3.205000E+03 -2.363582E-07  1.062256E-04  1.696329E-08  1.930621E-04 -1.529193E-02  2.050574E-08  2.050819E-08
  3.206000E+03  4.056244E-07  1.067600E-04  1.702029E-07  1.920810E-04 -1.178726E-02  2.050514E-08  2.050785E-08
  3.207000E+03  2.412562E-07  1.065136E-04 -9.668731E-07  1.925611E-04 -2.119538E-02  2.050578E-08  2.051103E-08
  3.208000E+03 -2.896683E-07  1.063370E-04 -2.632543E-07  1.928511E-04 -1.126491E-02  2.050591E-08  2.050737E-08
  3.209000E+03  2.875375E-07  1.068358E-04  3.594583E-07  1.919610E-04 -1.613065E-02  2.050564E-08  2.050986E-08
  3.210000E+03  3.870595E-07  1.063005E-04 -8.409130E-07  1.929471E-04 -1.904918E-02  2.050665E-08  2.051073E-08
  3.211000E+03 -2.733601E-07  1.065699E-04 -5.601130E-07  1.924287E-04 -1.003156E-02  2.050609E-08  2.050776E-08
  3.212000E+03  1.301349E-07  1.067168E-04  4.408768E-07  1.921911E-04 -2.000684E-02  2.050592E-08  2.051102E-08
  3.213000E+03  4.930824E-07  1.062362E-04 -6.094341E-07  1.930419E-04 -1.475927E-02  2.050580E-08  2.050836E-08
  3.214000E+03 -1.945852E-07  1.067720E-04 -8.241489E-07  1.920576E-04 -1.233732E-02  2.050481E-08  2.050778E-08
  3.215000E+03 -3.854552E-08  1.064824E-04  4.082600E-07  1.926143E-04 -2.095149E-02  2.050553E-08  2.051035E-08
  3.216000E+03  5.385039E-07  1.063632E-04 -3.122764E-07  1.927936E-04 -1.105752E-02  2.050488E-08  2.050652E-08
  3.217000E+03 -6.349233E-08  1.068209E-04 -1.007340E-06  1.919772E-04 -1.669758E-02  2.050433E-08  2.050885E-08
  3.218000E+03 -1.876408E-07  1.062829E-04  2.592364E-07  1.929635E-04 -1.848996E-02  2.050521E-08  2.050878E-08
  3.219000E+03  5.139391E-07  1.065978E-04 -3.036423E-09  1.923678E-04 -1.023626E-02  2.050490E-08  2.050679E-08
  3.220000E+03  1.012906E-07  1.066883E-04 -1.077926E-06  1.922367E-04 -2.028889E-02  2.050518E-08  2.051057E-08
  3.221000E+03 -2.894837E-07  1.062424E-04  1.031615E-08  1.930225E-04 -1.420147E-02  2.050511E-08  2.050726E-08
  3.222000E+03  4.268190E-07  1.067897E-04  2.588327E-07  1.920286E-04 -1.282056E-02  2.050499E-08  2.050811E-08
  3.223000E+03  2.682216E-07  1.064563E-04 -1.027731E-06  1.926665E-04 -2.085604E-02  2.050611E-08  2.051114E-08
  3.224000E+03 -3.227692E-07  1.063883E-04 -2.921569E-07  1.927548E-04 -1.074963E-02  2.050567E-08  2.050710E-08
  3.225000E+03  2.889558E-07  1.068203E-04  4.231661E-07  1.919907E-04 -1.721746E-02  2.050547E-08  2.051000E-08
  3.226000E+03  4.104072E-07  1.062696E-04 -8.604938E-07  1.929967E-04 -1.808765E-02  2.050632E-08  2.051005E-08
  3.227000E+03 -2.867200E-07  1.066273E-04 -5.961521E-07  1.923262E-04 -1.030091E-02  2.050614E-08  2.050806E-08
  3.228000E+03  1.206772E-07  1.066709E-04  4.738104E-07  1.922812E-04 -2.058921E-02  2.050646E-08  2.051164E-08
  3.229000E+03  5.050892E-07  1.062478E-04 -5.995829E-07  1.930214E-04 -1.371285E-02  2.050618E-08  2.050844E-08
  3.230000E+03 -1.911856E-07  1.068084E-04 -8.500755E-07  1.920050E-04 -1.320573E-02  2.050596E-08  2.050930E-08
  3.231000E+03 -4.801053E-08  1.064313E-04  4.084256E-07  1.927161E-04 -2.082011E-02  2.050658E-08  2.051125E-08
  3.232000E+03  5.330985E-07  1.064077E-04 -2.898764E-07  1.927222E-04 -1.041220E-02  2.050603E-08  2.050757E-08
  3.233000E+03 -4.807487E-08  1.068201E-04 -1.007869E-06  1.919940E-04 -1.771019E-02  2.050560E-08  2.051045E-08
  3.234000E+03 -1.901605E-07  1.062493E-04  2.309013E-07  1.930270E-04 -1.776075E-02  2.050576E-08  2.050904E-08
  3.235000E+03  4.938125E-07  1.066524E-04  1.637928E-08  1.922794E-04 -1.026072E-02  2.050598E-08  2.050802E-08
  3.236000E+03  1.186284E-07  1.066556E-04 -1.051049E-06  1.923114E-04 -2.094591E-02  2.050660E-08  2.051213E-08
  3.237000E+03 -2.797457E-07  1.062460E-04 -3.059797E-08  1.930249E-04 -1.325326E-02  2.050633E-08  2.050821E-08
  3.238000E+03  3.973795E-07  1.068301E-04  2.609826E-07  1.919732E-04 -1.348781E-02  2.050665E-08  2.051008E-08
  3.239000E+03  2.778956E-07  1.064139E-04 -9.771258E-07  1.927624E-04 -2.087851E-02  2.050813E-08  2.051307E-08
  3.240000E+03 -2.982622E-07  1.064254E-04 -3.287162E-07  1.927063E-04 -1.007448E-02  2.050781E-08  2.050914E-08
  3.241000E+03  2.558489E-07  1.068268E-04  3.990753E-07  1.919980E-04 -1.811980E-02  2.050716E-08  2.051200E-08
  3.242000E+03  4.087039E-07  1.062407E-04 -7.945270E-07  1.930621E-04 -1.751666E-02  2.050791E-08  2.051139E-08
  3.243000E+03 -2.512410E-07  1.066744E-04 -6.183616E-07  1.922560E-04 -1.024490E-02  2.050770E-08  2.050974E-08
  3.244000E+03  9.322450E-08  1.066443E-04  4.241934E-07  1.923432E-04 -2.117847E-02  2.050772E-08  2.051304E-08
  3.245000E+03  4.890289E-07  1.062497E-04 -5.343377E-07  1.930255E-04 -1.291874E-02  2.050720E-08  2.050921E-08
  3.246000E+03 -1.512444E-07  1.068401E-04 -8.474219E-07  1.919577E-04 -1.375326E-02  2.050685E-08  2.051045E-08
  3.247000E+03 -6.141926E-08  1.063929E-04  3.399729E-07  1.927941E-04 -2.082238E-02  2.050747E-08  2.051206E-08
  3.248000E+03  5.036728E-07  1.064382E-04 -2.424729E-07  1.926740E-04 -9.869093E-03  2.050688E-08  2.050832E-08
  3.249000E+03 -1.145912E-08  1.068199E-04 -9.766852E-07  1.920019E-04 -1.844858E-02  2.050613E-08  2.051123E-08
  3.250000E+03 -1.868160E-07  1.062249E-04  1.568914E-07  1.930731E-04 -1.724410E-02  2.050613E-08  2.050921E-08
  3.251000E+03  4.580928E-07  1.066882E-04  3.555251E-08  1.922155E-04 -1.028700E-02  2.050604E-08  2.050817E-08
  3.252000E+03  1.417140E-07  1.066273E-04 -9.978180E-07  1.923644E-04 -2.135138E-02  2.050661E-08  2.051220E-08
  3.253000E+03 -2.595758E-07  1.062498E-04 -9.026177E-08  1.930126E-04 -1.261616E-02  2.050592E-08  2.050762E-08
  3.254000E+03  3.647163E-07  1.068452E-04  2.450536E-07  1.919368E-04 -1.400946E-02  2.050551E-08  2.050915E-08
  3.255000E+03  2.812306E-07  1.063789E-04 -9.156535E-07  1.928159E-04 -2.073019E-02  2.050714E-08  2.051194E-08
  3.256000E+03 -2.669803E-07  1.064501E-04 -3.577569E-07  1.926489E-04 -9.766937E-03  2.050651E-08  2.050781E-08
  3.257000E+03  2.348378E-07  1.068121E-04  3.530285E-07  1.920123E-04 -1.866851E-02  2.050567E-08  2.051065E-08
  3.258000E+03  3.915439E-07  1.062246E-04 -7.410867E-07  1.930736E-04 -1.702348E-02  2.050619E-08  2.050945E-08
  3.259000E+03 -2.198475E-07  1.066958E-04 -6.074044E-07  1.922001E-04 -1.044897E-02  2.050584E-08  2.050798E-08
  3.260000E+03  9.288182E-08  1.066127E-04  3.630499E-07  1.923878E-04 -2.131066E-02  2.050634E-08  2.051162E-08
  3.261000E+03  4.539661E-07  1.062605E-04 -5.084269E-07  1.929868E-04 -1.251255E-02  2.050526E-08  2.050714E-08
  3.262000E+03 -1.292606E-07  1.068383E-04 -7.946818E-07  1.919435E-04 -1.424196E-02  2.050483E-08  2.050857E-08
  3.263000E+03 -3.738309E-08  1.063679E-04  2.796807E-07  1.928240E-04 -2.047427E-02  2.050599E-08  2.051040E-08
  3.264000E+03  4.587017E-07  1.064613E-04 -2.571024E-07  1.926138E-04 -9.880402E-03  2.050492E-08  2.050638E-08
  3.265000E+03 -7.762428E-09  1.067947E-04 -8.914051E-07  1.920334E-04 -1.877196E-02  2.050454E-08  2.050963E-08
  3.266000E+03 -1.393790E-07  1.062239E-04  1.155141E-07  1.930582E-04 -1.674755E-02  2.050452E-08  2.050742E-08
  3.267000E+03  4.163166E-07  1.067006E-04 -2.713731E-08  1.921776E-04 -1.070642E-02  2.050430E-08  2.050655E-08
  3.268000E+03  1.172266E-07  1.065957E-04 -8.984967E-07  1.924081E-04 -2.124406E-02  2.050524E-08  2.051065E-08
  3.269000E+03 -1.932809E-07  1.062696E-04 -9.010015E-08  1.929604E-04 -1.235362E-02  2.050427E-08  2.050589E-08
  3.270000E+03  3.386631E-07  1.068341E-04  1.341686E-07  1.919430E-04 -1.451769E-02  2.050389E-08  2.050762E-08
  3.271000E+03  2.260297E-07  1.063605E-04 -8.249689E-07  1.928331E-04 -2.026842E-02  2.050560E-08  2.051013E-08
  3.272000E+03 -1.932051E-07  1.064740E-04 -3.029197E-07  1.925916E-04 -9.918514E-03  2.050498E-08  2.050632E-08
  3.273000E+03  2.356789E-07  1.067854E-04  2.081554E-07  1.920530E-04 -1.889887E-02  2.050480E-08  2.050974E-08
  3.274000E+03  3.088420E-07  1.062297E-04 -6.831969E-07  1.930524E-04 -1.654275E-02  2.050510E-08  2.050813E-08
  3.275000E+03 -1.525739E-07  1.067080E-04 -4.941085E-07  1.921730E-04 -1.089768E-02  2.050518E-08  2.050742E-08
  3.276000E+03  1.301606E-07  1.065874E-04  2.046604E-07  1.924311E-04 -2.117861E-02  2.050612E-08  2.051126E-08
  3.277000E+03  3.514514E-07  1.062825E-04 -5.075287E-07  1.929441E-04 -1.228889E-02  2.050503E-08  2.050678E-08
  3.278000E+03 -8.325438E-08  1.068333E-04 -6.273325E-07  1.919563E-04 -1.470017E-02  2.050510E-08  2.050887E-08
  3.279000E+03  3.737822E-08  1.063556E-04  1.358969E-07  1.928456E-04 -2.009940E-02  2.050608E-08  2.051030E-08
  3.280000E+03  3.517229E-07  1.064867E-04 -3.262877E-07  1.925724E-04 -9.987632E-03  2.050538E-08  2.050684E-08
  3.281000E+03  2.562892E-09  1.067770E-04 -6.896405E-07  1.920744E-04 -1.900189E-02  2.050543E-08  2.051044E-08
  3.282000E+03 -3.278255E-08  1.062316E-04  1.858740E-08  1.930524E-04 -1.630385E-02  2.050554E-08  2.050827E-08
  3.283000E+03  3.210692E-07  1.067185E-04 -1.670214E-07  1.921581E-04 -1.110477E-02  2.050556E-08  2.050790E-08
  3.284000E+03  8.425063E-08  1.065757E-04 -6.885016E-07  1.924575E-04 -2.116832E-02  2.050670E-08  2.051190E-08
  3.285000E+03 -6.584606E-08  1.062937E-04 -1.173519E-07  1.929332E-04 -1.206693E-02  2.050609E-08  2.050762E-08
  3.286000E+03  2.674417E-07  1.068364E-04 -6.376076E-08  1.919563E-04 -1.499736E-02  2.050561E-08  2.050943E-08
  3.287000E+03  1.517553E-07  1.063492E-04 -6.322273E-07  1.928664E-04 -1.993765E-02  2.050711E-08  2.051139E-08
  3.288000E+03 -6.243068E-08  1.065010E-04 -2.518163E-07  1.925584E-04 -9.939605E-03  2.050665E-08  2.050800E-08
  3.289000E+03  2.026657E-07  1.067731E-04 -2.380930E-08  1.920922E-04 -1.917961E-02  2.050651E-08  2.051146E-08
  3.290000E+03  1.997763E-07  1.062346E-04 -5.401263E-07  1.930566E-04 -1.612789E-02  2.050663E-08  2.050941E-08
  3.291000E+03 -3.691341E-08  1.067266E-04 -3.640905E-07  1.921538E-04 -1.121082E-02  2.050664E-08  2.050896E-08
  3.292000E+03  1.455282E-07  1.065704E-04 -3.257694E-08  1.924771E-04 -2.115500E-02  2.050778E-08  2.051284E-08
  3.293000E+03  2.189259E-07  1.063035E-04 -4.421790E-07  1.929246E-04 -1.199607E-02  2.050709E-08  2.050870E-08
  3.294000E+03  3.455447E-09  1.068360E-04 -4.305980E-07  1.919679E-04 -1.511857E-02  2.050674E-08  2.051056E-08
  3.295000E+03  1.000605E-07  1.063482E-04 -7.878763E-08  1.928759E-04 -1.980552E-02  2.050798E-08  2.051208E-08
  3.296000E+03  2.148020E-07  1.065113E-04 -3.502981E-07  1.925481E-04 -1.000668E-02  2.050753E-08  2.050897E-08
  3.297000E+03  4.634209E-08  1.067645E-04 -4.534065E-07  1.921130E-04 -1.922539E-02  2.050707E-08  2.051202E-08
  3.298000E+03  7.092625E-08  1.062409E-04 -1.416798E-07  1.930501E-04 -1.595223E-02  2.050720E-08  2.050983E-08
  3.299000E+03  2.003599E-07  1.067294E-04 -2.829295E-07  1.921503E-04 -1.141920E-02  2.050674E-08  2.050913E-08
  3.300000E+03  7.569025E-08  1.065597E-04 -4.462917E-07  1.924952E-04 -2.103462E-02  2.050770E-08  2.051273E-08
  3.301000E+03  6.546572E-08  1.063143E-04 -1.951393E-07  1.929037E-04 -1.193419E-02  2.050696E-08  2.050848E-08
  3.302000E+03  1.790186E-07  1.068256E-04 -2.568885E-07  1.919793E-04 -1.530513E-02  2.050591E-08  2.050975E-08
  3.303000E+03  9.343575E-08  1.063465E-04 -4.173332E-07  1.928716E-04 -1.958118E-02  2.050729E-08  2.051134E-08
  3.304000E+03  7.287236E-08  1.065146E-04 -2.351726E-07  1.925313E-04 -1.016806E-02  2.050634E-08  2.050777E-08
  3.305000E+03  1.617351E-07  1.067510E-04 -2.589303E-07  1.921290E-04 -1.915963E-02  2.050619E-08  2.051106E-08
  3.306000E+03  1.005630E-07  1.062497E-04 -3.886659E-07  1.930229E-04 -1.590155E-02  2.050603E-08  2.050868E-08
  3.307000E+03  7.859102E-08  1.067176E-04 -2.532265E-07  1.921591E-04 -1.159372E-02  2.050538E-08  2.050775E-08
  3.308000E+03  1.597988E-07  1.065557E-04 -2.687193E-07  1.924916E-04 -2.077270E-02  2.050666E-08  2.051155E-08
  3.309000E+03  9.332156E-08  1.063224E-04 -3.796666E-07  1.928755E-04 -1.216208E-02  2.050548E-08  2.050710E-08
  3.310000E+03  8.098475E-08  1.068045E-04 -2.407891E-07  1.920062E-04 -1.526045E-02  2.050473E-08  2.050845E-08
  3.311000E+03  1.677660E-07  1.063555E-04 -2.791356E-07  1.928420E-04 -1.934989E-02  2.050598E-08  2.050994E-08
  3.312000E+03  8.456188E-08  1.065136E-04 -3.889406E-07  1.925222E-04 -1.054054E-02  2.050509E-08  2.050663E-08
  3.313000E+03  7.101159E-08  1.067299E-04 -2.164802E-07  1.921526E-04 -1.890465E-02  2.050476E-08  2.050944E-08
  3.314000E+03  1.816887E-07  1.062688E-04 -2.696556E-07  1.929776E-04 -1.584051E-02  2.050493E-08  2.050757E-08
  3.315000E+03  8.929956E-08  1.067035E-04 -4.195770E-07  1.921763E-04 -1.194819E-02  2.050442E-08  2.050686E-08
  3.316000E+03  4.114112E-08  1.065472E-04 -2.042419E-07  1.924951E-04 -2.036940E-02  2.050556E-08  2.051024E-08
  3.317000E+03  2.018061E-07  1.063398E-04 -2.257256E-07  1.928355E-04 -1.238443E-02  2.050451E-08  2.050621E-08
  3.318000E+03  1.069835E-07  1.067810E-04 -4.716467E-07  1.920424E-04 -1.535506E-02  2.050406E-08  2.050777E-08
  3.319000E+03  3.789703E-09  1.063657E-04 -2.119349E-07  1.928153E-04 -1.901201E-02  2.050524E-08  2.050905E-08
  3.320000E+03  2.133031E-07  1.065148E-04 -1.609611E-07  1.925107E-04 -1.096702E-02  2.050401E-08  2.050565E-08
  3.321000E+03  1.435838E-07  1.067104E-04 -5.204767E-07  1.921809E-04 -1.864308E-02  2.050413E-08  2.050872E-08
  3.322000E+03 -3.192720E-08  1.062898E-04 -2.577952E-07  1.929337E-04 -1.579638E-02  2.050432E-08  2.050693E-08
  3.323000E+03  2.017203E-07  1.066877E-04 -8.277844E-08  1.921993E-04 -1.228705E-02  2.050374E-08  2.050620E-08
  3.324000E+03  2.001391E-07  1.065422E-04 -5.385388E-07  1.924957E-04 -1.994389E-02  2.050484E-08  2.050944E-08
  3.325000E+03 -6.177165E-08  1.063595E-04 -3.469053E-07  1.928000E-04 -1.263972E-02  2.050446E-08  2.050623E-08
  3.326000E+03  1.661320E-07  1.067588E-04  1.201458E-09  1.920853E-04 -1.542251E-02  2.050436E-08  2.050795E-08
  3.327000E+03  2.620919E-07  1.063768E-04 -5.135436E-07  1.927941E-04 -1.863405E-02  2.050526E-08  2.050906E-08
  3.328000E+03 -6.903833E-08  1.065262E-04 -4.628233E-07  1.924982E-04 -1.139144E-02  2.050477E-08  2.050655E-08
  3.329000E+03  1.017406E-07  1.066892E-04  6.176484E-08  1.922248E-04 -1.846477E-02  2.050481E-08  2.050916E-08
  3.330000E+03  3.181541E-07  1.063123E-04 -4.279835E-07  1.928996E-04 -1.557151E-02  2.050512E-08  2.050779E-08
  3.331000E+03 -4.347374E-08  1.066855E-04 -5.908563E-07  1.922121E-04 -1.274872E-02  2.050457E-08  2.050718E-08
  3.332000E+03  1.287488E-08  1.065303E-04  7.574485E-08  1.925233E-04 -1.956625E-02  2.050564E-08  2.050994E-08
  3.333000E+03  3.601570E-07  1.063842E-04 -2.844428E-07  1.927635E-04 -1.269254E-02  2.050534E-08  2.050725E-08
  3.334000E+03  1.230457E-08  1.067441E-04 -7.131462E-07  1.921201E-04 -1.570588E-02  2.050515E-08  2.050888E-08
  3.335000E+03 -7.891049E-08  1.063831E-04  3.274360E-08  1.927929E-04 -1.821815E-02  2.050651E-08  2.051002E-08
  3.336000E+03  3.702489E-07  1.065406E-04 -1.122209E-07  1.924813E-04 -1.173201E-02  2.050567E-08  2.050762E-08
  3.337000E+03  1.005887E-07  1.066725E-04 -7.964339E-07  1.922646E-04 -1.840592E-02  2.050587E-08  2.051031E-08
  3.338000E+03 -1.589383E-07  1.063334E-04 -8.228680E-08  1.928747E-04 -1.535638E-02  2.050660E-08  2.050910E-08
  3.339000E+03  3.390599E-07  1.066834E-04  6.672570E-08  1.922287E-04 -1.311794E-02  2.050585E-08  2.050856E-08
  3.340000E+03  2.133995E-07  1.065232E-04 -8.166527E-07  1.925444E-04 -1.926125E-02  2.050665E-08  2.051103E-08
  3.341000E+03 -2.148641E-07  1.064072E-04 -2.626297E-07  1.927357E-04 -1.277480E-02  2.050679E-08  2.050867E-08
  3.342000E+03  2.675426E-07  1.067299E-04  2.275720E-07  1.921587E-04 -1.589042E-02  2.050648E-08  2.051014E-08
  3.343000E+03  3.286687E-07  1.063894E-04 -7.597791E-07  1.927877E-04 -1.786981E-02  2.050729E-08  2.051093E-08
  3.344000E+03 -2.247858E-07  1.065545E-04 -4.808966E-07  1.924664E-04 -1.204585E-02  2.050668E-08  2.050872E-08
  3.345000E+03  1.541167E-07  1.066538E-04  3.286257E-07  1.923068E-04 -1.830857E-02  2.050681E-08  2.051101E-08
  3.346000E+03  4.288551E-07  1.063526E-04 -6.100954E-07  1.928468E-04 -1.513134E-02  2.050741E-08  2.051010E-08
  3.347000E+03 -1.814843E-07  1.066795E-04 -7.079829E-07  1.922392E-04 -1.352445E-02  2.050612E-08  2.050898E-08
  3.348000E+03  1.307140E-08  1.065124E-04  3.454837E-07  1.925679E-04 -1.888716E-02  2.050721E-08  2.051123E-08
  3.349000E+03  4.963073E-07  1.064287E-04 -3.828375E-07  1.927000E-04 -1.286266E-02  2.050710E-08  2.050924E-08
  3.350000E+03 -8.874498E-08  1.067110E-04 -9.066463E-07  1.921929E-04 -1.610625E-02  2.050644E-08  2.051025E-08
  3.351000E+03 -1.277404E-07  1.063970E-04  2.654975E-07  1.927754E-04 -1.747974E-02  2.050759E-08  2.051088E-08
  3.352000E+03  5.092638E-07  1.065609E-04 -1.168064E-07  1.924539E-04 -1.239505E-02  2.050648E-08  2.050876E-08
  3.353000E+03  4.888903E-08  1.066351E-04 -1.031061E-06  1.923374E-04 -1.815696E-02  2.050654E-08  2.051087E-08
  3.354000E+03 -2.488560E-07  1.063720E-04  8.354103E-08  1.928081E-04 -1.504899E-02  2.050706E-08  2.050954E-08
  3.355000E+03  4.609797E-07  1.066652E-04  1.547938E-07  1.922638E-04 -1.379348E-02  2.050590E-08  2.050882E-08
  3.356000E+03  2.142256E-07  1.065087E-04 -1.055662E-06  1.925668E-04 -1.851886E-02  2.050652E-08  2.051070E-08
  3.357000E+03 -3.293014E-07  1.064448E-04 -1.818652E-07  1.926647E-04 -1.315931E-02  2.050639E-08  2.050848E-08
  3.358000E+03  3.526514E-07  1.066842E-04  3.900875E-07  1.922367E-04 -1.608336E-02  2.050596E-08  2.050959E-08
  3.359000E+03  3.764983E-07  1.064108E-04 -9.606407E-07  1.927392E-04 -1.715995E-02  2.050650E-08  2.051005E-08
  3.360000E+03 -3.426380E-07  1.065598E-04 -4.895894E-07  1.924448E-04 -1.289879E-02  2.050517E-08  2.050751E-08
  3.361000E+03  1.920850E-07  1.066102E-04  5.317540E-07  1.923692E-04 -1.780612E-02  2.050527E-08  2.050922E-08
  3.362000E+03  5.115235E-07  1.063945E-04 -7.438530E-07  1.927523E-04 -1.500532E-02  2.050548E-08  2.050831E-08
  3.363000E+03 -2.851972E-07  1.066434E-04 -7.949816E-07  1.922858E-04 -1.420960E-02  2.050394E-08  2.050697E-08
  3.364000E+03  3.933865E-09  1.064999E-04  5.548725E-07  1.925627E-04 -1.800390E-02  2.050460E-08  2.050832E-08
  3.365000E+03  5.971445E-07  1.064611E-04 -4.375585E-07  1.926175E-04 -1.347510E-02  2.050441E-08  2.050689E-08
  3.366000E+03 -1.610585E-07  1.066523E-04 -1.051777E-06  1.922758E-04 -1.614328E-02  2.050398E-08  2.050772E-08
  3.367000E+03 -1.775743E-07  1.064240E-04  4.427809E-07  1.926980E-04 -1.676830E-02  2.050480E-08  2.050794E-08
  3.368000E+03  6.102795E-07  1.065590E-04 -9.207403E-08  1.924354E-04 -1.338883E-02  2.050388E-08  2.050653E-08
  3.369000E+03  1.839909E-08  1.065876E-04 -1.206649E-06  1.923979E-04 -1.749680E-02  2.050409E-08  2.050817E-08
  3.370000E+03 -3.266127E-07  1.064197E-04  1.991389E-07  1.927000E-04 -1.497178E-02  2.050479E-08  2.050737E-08
  3.371000E+03  5.473215E-07  1.066285E-04  2.446927E-07  1.923176E-04 -1.454728E-02  2.050437E-08  2.050749E-08
  3.372000E+03  2.250994E-07  1.064975E-04 -1.232332E-06  1.925668E-04 -1.754979E-02  2.050473E-08  2.050866E-08
  3.373000E+03 -4.176021E-07  1.064851E-04 -1.395639E-07  1.925810E-04 -1.379257E-02  2.050506E-08  2.050746E-08
  3.374000E+03  4.118678E-07  1.066275E-04  5.201318E-07  1.923297E-04 -1.619555E-02  2.050495E-08  2.050851E-08
  3.375000E+03  4.223931E-07  1.064402E-04 -1.109477E-06  1.926734E-04 -1.634481E-02  2.050546E-08  2.050890E-08
  3.376000E+03 -4.284129E-07  1.065676E-04 -5.175903E-07  1.924245E-04 -1.394674E-02  2.050422E-08  2.050695E-08
  3.377000E+03  2.182409E-07  1.065598E-04  6.806584E-07  1.924471E-04 -1.719453E-02  2.050409E-08  2.050775E-08
  3.378000E+03  5.818545E-07  1.064486E-04 -8.456301E-07  1.926482E-04 -1.477102E-02  2.050490E-08  2.050786E-08
  3.379000E+03 -3.586184E-07  1.066158E-04 -8.796605E-07  1.923373E-04 -1.513564E-02  2.050385E-08  2.050715E-08
  3.380000E+03 -1.991539E-09  1.064818E-04  7.027135E-07  1.925893E-04 -1.696392E-02  2.050432E-08  2.050769E-08
  3.381000E+03  6.769944E-07  1.065148E-04 -4.834529E-07  1.925254E-04 -1.397665E-02  2.050479E-08  2.050763E-08
  3.382000E+03 -2.149801E-07  1.066016E-04 -1.169108E-06  1.923755E-04 -1.651427E-02  2.050473E-08  2.050852E-08
  3.383000E+03 -2.106358E-07  1.064459E-04  5.720247E-07  1.926618E-04 -1.575791E-02  2.050550E-08  2.050839E-08
  3.384000E+03  6.882694E-07  1.065856E-04 -8.356470E-08  1.923975E-04 -1.438574E-02  2.050469E-08  2.050778E-08
  3.385000E+03 -1.205234E-08  1.065368E-04 -1.337238E-06  1.924954E-04 -1.715004E-02  2.050482E-08  2.050873E-08
  3.386000E+03 -3.799101E-07  1.064717E-04  2.970540E-07  1.926175E-04 -1.445062E-02  2.050617E-08  2.050872E-08
  3.387000E+03  6.137200E-07  1.066201E-04  3.011178E-07  1.923507E-04 -1.557928E-02  2.050596E-08  2.050943E-08
  3.388000E+03  2.188937E-07  1.064734E-04 -1.357707E-06  1.926231E-04 -1.667012E-02  2.050639E-08  2.051005E-08
  3.389000E+03 -4.797928E-07  1.065432E-04 -8.265964E-08  1.924959E-04 -1.402038E-02  2.050713E-08  2.050976E-08
  3.390000E+03  4.601438E-07  1.065904E-04  6.069935E-07  1.924200E-04 -1.676013E-02  2.050725E-08  2.051095E-08
  3.391000E+03  4.371411E-07  1.064562E-04 -1.214497E-06  1.926656E-04 -1.536067E-02  2.050803E-08  2.051125E-08
  3.392000E+03 -4.899581E-07  1.066017E-04 -5.021256E-07  1.923852E-04 -1.477078E-02  2.050635E-08  2.050944E-08
  3.393000E+03  2.480858E-07  1.065154E-04  7.795257E-07  1.925456E-04 -1.701666E-02  2.050610E-08  2.050964E-08
  3.394000E+03  6.106591E-07  1.064962E-04 -9.247275E-07  1.925832E-04 -1.421533E-02  2.050731E-08  2.051026E-08
  3.395000E+03 -4.090275E-07  1.066125E-04 -8.997001E-07  1.923673E-04 -1.606610E-02  2.050612E-08  2.050974E-08
  3.396000E+03  1.153835E-08  1.064588E-04  7.915488E-07  1.926459E-04 -1.621944E-02  2.050616E-08  2.050926E-08
  3.397000E+03  7.104210E-07  1.065671E-04 -5.339735E-07  1.924496E-04 -1.413183E-02  2.050674E-08  2.050980E-08
  3.398000E+03 -2.479070E-07  1.065690E-04 -1.210771E-06  1.924570E-04 -1.701507E-02  2.050698E-08  2.051088E-08
  3.399000E+03 -2.102644E-07  1.064589E-04  6.361461E-07  1.926545E-04 -1.490305E-02  2.050750E-08  2.051016E-08
  3.400000E+03  7.199270E-07  1.066142E-04 -1.070803E-07  1.923629E-04 -1.508738E-02  2.050629E-08  2.050970E-08
  3.401000E+03 -2.967162E-08  1.064982E-04 -1.386461E-06  1.925815E-04 -1.695888E-02  2.050664E-08  2.051042E-08
  3.402000E+03 -3.863065E-07  1.065135E-04  3.361131E-07  1.925573E-04 -1.401436E-02  2.050794E-08  2.051046E-08
  3.403000E+03  6.379175E-07  1.066110E-04  2.962069E-07  1.923808E-04 -1.637312E-02  2.050717E-08  2.051089E-08
  3.404000E+03  2.097032E-07  1.064541E-04 -1.398409E-06  1.926634E-04 -1.596565E-02  2.050720E-08  2.051061E-08
  3.405000E+03 -4.859775E-07  1.065841E-04 -6.023526E-08  1.924263E-04 -1.424178E-02  2.050750E-08  2.051031E-08
  3.406000E+03  4.739308E-07  1.065539E-04  6.091629E-07  1.924886E-04 -1.713066E-02  2.050739E-08  2.051113E-08
  3.407000E+03  4.310179E-07  1.064656E-04 -1.237050E-06  1.926409E-04 -1.463898E-02  2.050742E-08  2.051045E-08
  3.408000E+03 -4.937513E-07  1.066155E-04 -4.874211E-07  1.923530E-04 -1.539795E-02  2.050537E-08  2.050870E-08
  3.409000E+03  2.529577E-07  1.064790E-04  7.834363E-07  1.926025E-04 -1.679120E-02  2.050524E-08  2.050863E-08
  3.410000E+03  6.032459E-07  1.065265E-04 -9.289179E-07  1.925169E-04 -1.396443E-02  2.050615E-08  2.050910E-08
  3.411000E+03 -4.087936E-07  1.065928E-04 -8.853721E-07  1.923942E-04 -1.662682E-02  2.050501E-08  2.050876E-08
  3.412000E+03  1.310359E-08  1.064457E-04  7.899648E-07  1.926539E-04 -1.562125E-02  2.050467E-08  2.050756E-08
  3.413000E+03  6.973061E-07  1.065923E-04 -5.275932E-07  1.923884E-04 -1.447407E-02  2.050498E-08  2.050819E-08
  3.414000E+03 -2.426056E-07  1.065296E-04 -1.188941E-06  1.925126E-04 -1.713551E-02  2.050528E-08  2.050912E-08
  3.415000E+03 -2.055395E-07  1.064717E-04  6.223777E-07  1.926089E-04 -1.436537E-02  2.050529E-08  2.050781E-08
  3.416000E+03  7.008464E-07  1.066159E-04 -1.025844E-07  1.923405E-04 -1.573016E-02  2.050402E-08  2.050763E-08
  3.417000E+03 -2.313787E-08  1.064626E-04 -1.353852E-06  1.926218E-04 -1.661513E-02  2.050419E-08  2.050777E-08
  3.418000E+03 -3.699939E-07  1.065424E-04  3.115934E-07  1.924839E-04 -1.388256E-02  2.050572E-08  2.050827E-08
  3.419000E+03  6.133808E-07  1.065849E-04  2.819707E-07  1.924084E-04 -1.690982E-02  2.050490E-08  2.050872E-08
  3.420000E+03  2.100114E-07  1.064406E-04 -1.350649E-06  1.926608E-04 -1.533123E-02  2.050452E-08  2.050767E-08
  3.421000E+03 -4.535597E-07  1.066077E-04 -8.417467E-08  1.923624E-04 -1.461475E-02  2.050512E-08  2.050810E-08
  3.422000E+03  4.480760E-07  1.065128E-04  5.643817E-07  1.925427E-04 -1.723136E-02  2.050521E-08  2.050887E-08
  3.423000E+03  4.189435E-07  1.064787E-04 -1.177799E-06  1.925930E-04 -1.408203E-02  2.050503E-08  2.050788E-08
  3.424000E+03 -4.486884E-07  1.066217E-04 -4.962488E-07  1.923293E-04 -1.604633E-02  2.050385E-08  2.050738E-08
  3.425000E+03  2.353176E-07  1.064442E-04  7.080141E-07  1.926505E-04 -1.647042E-02  2.050374E-08  2.050692E-08
  3.426000E+03  5.722000E-07  1.065571E-04 -8.720736E-07  1.924493E-04 -1.377099E-02  2.050489E-08  2.050780E-08
  3.427000E+03 -3.590352E-07  1.065764E-04 -8.604812E-07  1.924177E-04 -1.722610E-02  2.050414E-08  2.050801E-08
  3.428000E+03  1.423211E-08  1.064309E-04  6.918497E-07  1.926705E-04 -1.500677E-02  2.050378E-08  2.050641E-08
  3.429000E+03  6.455951E-07  1.066209E-04 -4.925750E-07  1.923281E-04 -1.474625E-02  2.050396E-08  2.050728E-08
  3.430000E+03 -1.983373E-07  1.064963E-04 -1.119687E-06  1.925653E-04 -1.736337E-02  2.050441E-08  2.050819E-08
  3.431000E+03 -1.804869E-07  1.064843E-04  5.177763E-07  1.925807E-04 -1.376797E-02  2.050488E-08  2.050721E-08
  3.432000E+03  6.346899E-07  1.066305E-04 -1.039508E-07  1.923174E-04 -1.632330E-02  2.050416E-08  2.050793E-08
  3.433000E+03  3.860582E-09  1.064315E-04 -1.243918E-06  1.926782E-04 -1.639672E-02  2.050428E-08  2.050765E-08
  3.434000E+03 -3.210442E-07  1.065746E-04  2.235604E-07  1.924296E-04 -1.361216E-02  2.050622E-08  2.050872E-08
  3.435000E+03  5.451155E-07  1.065785E-04  2.353913E-07  1.924317E-04 -1.751921E-02  2.050594E-08  2.050987E-08
  3.436000E+03  2.092842E-07  1.064259E-04 -1.216633E-06  1.926937E-04 -1.477893E-02  2.050537E-08  2.050823E-08
  3.437000E+03 -3.852179E-07  1.066402E-04 -1.319496E-07  1.923087E-04 -1.478795E-02  2.050560E-08  2.050868E-08
  3.438000E+03  3.919218E-07  1.064885E-04  4.711628E-07  1.925949E-04 -1.753901E-02  2.050598E-08  2.050963E-08
  3.439000E+03  3.860238E-07  1.064901E-04 -1.044291E-06  1.925843E-04 -1.348218E-02  2.050646E-08  2.050905E-08
  3.440000E+03 -3.681103E-07  1.066410E-04 -4.898799E-07  1.923081E-04 -1.656394E-02  2.050513E-08  2.050882E-08
  3.441000E+03  2.028334E-07  1.064200E-04  5.738278E-07  1.927091E-04 -1.632797E-02  2.050536E-08  2.050839E-08
  3.442000E+03  5.083181E-07  1.065891E-04 -7.625640E-07  1.924115E-04 -1.347582E-02  2.050711E-08  2.050989E-08
  3.443000E+03 -2.768808E-07  1.065760E-04 -7.947003E-07  1.924437E-04 -1.777127E-02  2.050663E-08  2.051060E-08
  3.444000E+03  1.433946E-08  1.064210E-04  5.311190E-07  1.927087E-04 -1.453136E-02  2.050609E-08  2.050851E-08
  3.445000E+03  5.585115E-07  1.066541E-04 -4.300960E-07  1.922880E-04 -1.487101E-02  2.050603E-08  2.050936E-08
  3.446000E+03 -1.292021E-07  1.064793E-04 -9.991629E-07  1.926185E-04 -1.764678E-02  2.050669E-08  2.051043E-08
  3.447000E+03 -1.433892E-07  1.064957E-04  3.558767E-07  1.925810E-04 -1.324954E-02  2.050725E-08  2.050940E-08
  3.448000E+03  5.345556E-07  1.066492E-04 -1.044119E-07  1.923033E-04 -1.674922E-02  2.050612E-08  2.050997E-08
  3.449000E+03  4.667470E-08  1.064119E-04 -1.078925E-06  1.927309E-04 -1.629864E-02  2.050614E-08  2.050934E-08
  3.450000E+03 -2.474709E-07  1.065991E-04  8.687410E-08  1.924007E-04 -1.335616E-02  2.050790E-08  2.051034E-08
  3.451000E+03  4.434587E-07  1.065772E-04  1.646982E-07  1.924517E-04 -1.793685E-02  2.050766E-08  2.051163E-08
  3.452000E+03  2.162318E-07  1.064155E-04 -1.022844E-06  1.927202E-04 -1.443504E-02  2.050627E-08  2.050890E-08
  3.453000E+03 -2.823361E-07  1.066614E-04 -2.195971E-07  1.922746E-04 -1.486480E-02  2.050601E-08  2.050912E-08
  3.454000E+03  3.034764E-07  1.064752E-04  3.336461E-07  1.926288E-04 -1.773067E-02  2.050696E-08  2.051056E-08
  3.455000E+03  3.513142E-07  1.064943E-04 -8.463495E-07  1.925805E-04 -1.314925E-02  2.050696E-08  2.050934E-08
  3.456000E+03 -2.480116E-07  1.066492E-04 -5.084604E-07  1.922952E-04 -1.681797E-02  2.050523E-08  2.050897E-08
  3.457000E+03  1.434181E-07  1.064066E-04  3.817455E-07  1.927348E-04 -1.626706E-02  2.050554E-08  2.050846E-08
  3.458000E+03  4.305354E-07  1.065998E-04 -5.903838E-07  1.923900E-04 -1.334713E-02  2.050690E-08  2.050955E-08
  3.459000E+03 -1.544266E-07  1.065697E-04 -7.307469E-07  1.924523E-04 -1.797637E-02  2.050628E-08  2.051023E-08
  3.460000E+03 -3.225636E-09  1.064138E-04  3.043039E-07  1.927120E-04 -1.434236E-02  2.050512E-08  2.050742E-08
  3.461000E+03  4.450050E-07  1.066619E-04 -3.140376E-07  1.922647E-04 -1.494805E-02  2.050502E-08  2.050828E-08
  3.462000E+03 -2.347830E-08  1.064677E-04 -8.533079E-07  1.926320E-04 -1.773081E-02  2.050587E-08  2.050954E-08
  3.463000E+03 -1.108424E-07  1.064961E-04  1.257039E-07  1.925693E-04 -1.308350E-02  2.050613E-08  2.050821E-08
  3.464000E+03  3.989446E-07  1.066486E-04 -7.043513E-08  1.922927E-04 -1.690204E-02  2.050482E-08  2.050861E-08
  3.465000E+03  1.158465E-07  1.064026E-04 -8.635321E-07  1.927355E-04 -1.625706E-02  2.050486E-08  2.050793E-08
  3.466000E+03 -1.629233E-07  1.066000E-04 -1.092548E-07  1.923840E-04 -1.331478E-02  2.050633E-08  2.050874E-08
  3.467000E+03  3.039719E-07  1.065689E-04  9.977724E-08  1.924511E-04 -1.800388E-02  2.050597E-08  2.050985E-08
  3.468000E+03  2.363484E-07  1.064113E-04 -7.645582E-07  1.927095E-04 -1.436244E-02  2.050435E-08  2.050684E-08
  3.469000E+03 -1.557714E-07  1.066597E-04 -3.500453E-07  1.922617E-04 -1.492593E-02  2.050430E-08  2.050740E-08
  3.470000E+03  1.822529E-07  1.064661E-04  1.734135E-07  1.926279E-04 -1.773132E-02  2.050511E-08  2.050862E-08
  3.471000E+03  3.165211E-07  1.064929E-04 -5.842500E-07  1.925645E-04 -1.311262E-02  2.050498E-08  2.050723E-08
  3.472000E+03 -9.837296E-08  1.066431E-04 -5.481428E-07  1.922884E-04 -1.688962E-02  2.050331E-08  2.050704E-08
  3.473000E+03  6.434063E-08  1.063998E-04  1.460519E-07  1.927266E-04 -1.623362E-02  2.050336E-08  2.050622E-08
  3.474000E+03  3.407308E-07  1.065950E-04 -3.711000E-07  1.923768E-04 -1.335037E-02  2.050458E-08  2.050711E-08
  3.475000E+03 -3.831411E-09  1.065630E-04 -6.635425E-07  1.924458E-04 -1.795669E-02  2.050431E-08  2.050820E-08
  3.476000E+03 -2.462252E-08  1.064131E-04  2.521733E-08  1.926971E-04 -1.435712E-02  2.050339E-08  2.050567E-08
  3.477000E+03  3.106879E-07  1.066569E-04 -1.755052E-07  1.922639E-04 -1.495772E-02  2.050397E-08  2.050712E-08
  3.478000E+03  1.048871E-07  1.064662E-04 -6.830565E-07  1.926276E-04 -1.765576E-02  2.050513E-08  2.050871E-08
  3.479000E+03 -7.119012E-08  1.064999E-04 -1.538596E-07  1.925586E-04 -1.316572E-02  2.050571E-08  2.050781E-08
  3.480000E+03  2.415979E-07  1.066437E-04 -3.470629E-08  1.923023E-04 -1.690192E-02  2.050489E-08  2.050857E-08
  3.481000E+03  1.996367E-07  1.064040E-04 -6.161580E-07  1.927311E-04 -1.617285E-02  2.050468E-08  2.050765E-08
  3.482000E+03 -6.786287E-08  1.065999E-04 -3.415381E-07  1.923789E-04 -1.342040E-02  2.050573E-08  2.050818E-08
  3.483000E+03  1.484980E-07  1.065647E-04  2.580704E-08  1.924562E-04 -1.795035E-02  2.050573E-08  2.050952E-08
  3.484000E+03  2.602042E-07  1.064186E-04 -4.777013E-07  1.927006E-04 -1.433674E-02  2.050482E-08  2.050722E-08
  3.485000E+03 -1.711222E-08  1.066566E-04 -4.965118E-07  1.922712E-04 -1.501388E-02  2.050468E-08  2.050781E-08
  3.486000E+03  5.125522E-08  1.064688E-04 -3.434025E-09  1.926297E-04 -1.761062E-02  2.050587E-08  2.050930E-08
  3.487000E+03  2.763271E-07  1.065049E-04 -2.991491E-07  1.925588E-04 -1.321694E-02  2.050666E-08  2.050887E-08
  3.488000E+03  6.376293E-08  1.066378E-04 -5.862597E-07  1.923152E-04 -1.689139E-02  2.050515E-08  2.050885E-08
  3.489000E+03 -2.171125E-08  1.064083E-04 -1.090594E-07  1.927236E-04 -1.609306E-02  2.050473E-08  2.050755E-08
  3.490000E+03  2.432349E-07  1.066015E-04 -1.326408E-07  1.923768E-04 -1.356020E-02  2.050578E-08  2.050830E-08
  3.491000E+03  1.564706E-07  1.065572E-04 -5.882852E-07  1.924699E-04 -1.784389E-02  2.050579E-08  2.050962E-08
  3.492000E+03 -5.230775E-08  1.064275E-04 -2.683242E-07  1.926863E-04 -1.428286E-02  2.050502E-08  2.050732E-08
  3.493000E+03  1.694778E-07  1.066555E-04 -1.971383E-08  1.922778E-04 -1.517627E-02  2.050513E-08  2.050826E-08
  3.494000E+03  2.407286E-07  1.064668E-04 -5.047077E-07  1.926412E-04 -1.743748E-02  2.050678E-08  2.051026E-08
  3.495000E+03 -3.681837E-08  1.065171E-04 -4.442414E-07  1.925476E-04 -1.326056E-02  2.050780E-08  2.051000E-08
  3.496000E+03  7.541212E-08  1.066350E-04  1.771162E-08  1.923342E-04 -1.698938E-02  2.050659E-08  2.051021E-08
  3.497000E+03  2.919779E-07  1.064131E-04 -3.576546E-07  1.927283E-04 -1.593459E-02  2.050621E-08  2.050909E-08
  3.498000E+03  2.450527E-08  1.066097E-04 -5.886046E-07  1.923747E-04 -1.368962E-02  2.050709E-08  2.050969E-08
  3.499000E+03 -1.703275E-08  1.065540E-04 -3.565881E-08  1.924887E-04 -1.783613E-02  2.050717E-08  2.051086E-08
  3.500000E+03  2.957438E-07  1.064341E-04 -1.795892E-07  1.926836E-04 -1.420313E-02  2.050604E-08  2.050839E-08
  3.501000E+03  1.186363E-07  1.066548E-04 -6.637309E-07  1.922829E-04 -1.529638E-02  2.050549E-08  2.050876E-08
  3.502000E+03 -8.779754E-08  1.064643E-04 -1.687911E-07  1.926463E-04 -1.736005E-02  2.050687E-08  2.051021E-08
  3.503000E+03  2.502267E-07  1.065192E-04 -8.441985E-09  1.925409E-04 -1.327253E-02  2.050750E-08  2.050971E-08
  3.504000E+03  2.247688E-07  1.066288E-04 -6.511234E-07  1.923400E-04 -1.699667E-02  2.050602E-08  2.050979E-08
  3.505000E+03 -1.161501E-07  1.064148E-04 -3.559235E-07  1.927187E-04 -1.588203E-02  2.050553E-08  2.050833E-08
  3.506000E+03  1.596385E-07  1.066069E-04  1.122132E-07  1.923735E-04 -1.376079E-02  2.050641E-08  2.050896E-08
  3.507000E+03  3.193853E-07  1.065505E-04 -5.420893E-07  1.924909E-04 -1.774398E-02  2.050677E-08  2.051059E-08
  3.508000E+03 -9.026265E-08  1.064396E-04 -5.595821E-07  1.926710E-04 -1.425108E-02  2.050573E-08  2.050811E-08
  3.509000E+03  4.109043E-08  1.066479E-04  1.469293E-07  1.922930E-04 -1.534088E-02  2.050523E-08  2.050837E-08
  3.510000E+03  3.794905E-07  1.064656E-04 -3.535360E-07  1.926406E-04 -1.723917E-02  2.050655E-08  2.051000E-08
  3.511000E+03 -1.309406E-08  1.065215E-04 -7.326692E-07  1.925331E-04 -1.340068E-02  2.050708E-08  2.050943E-08
  3.512000E+03 -7.944960E-08  1.066214E-04  8.279881E-08  1.923505E-04 -1.695211E-02  2.050573E-08  2.050931E-08
  3.513000E+03  3.858747E-07  1.064187E-04 -1.224152E-07  1.927064E-04 -1.582496E-02  2.050500E-08  2.050788E-08
  3.514000E+03  1.056528E-07  1.066042E-04 -8.306358E-07  1.923745E-04 -1.386713E-02  2.050597E-08  2.050872E-08
  3.515000E+03 -1.756720E-07  1.065473E-04 -8.014367E-08  1.924916E-04 -1.767207E-02  2.050625E-08  2.050990E-08
  3.516000E+03  3.317182E-07  1.064415E-04  1.047336E-07  1.926610E-04 -1.428497E-02  2.050504E-08  2.050744E-08
  3.517000E+03  2.443914E-07  1.066408E-04 -8.246061E-07  1.922985E-04 -1.535003E-02  2.050444E-08  2.050780E-08
  3.518000E+03 -2.237603E-07  1.064664E-04 -3.168303E-07  1.926280E-04 -1.720574E-02  2.050537E-08  2.050872E-08
  3.519000E+03  2.235277E-07  1.065165E-04  2.766536E-07  1.925299E-04 -1.348317E-02  2.050575E-08  2.050804E-08
  3.520000E+03  3.746700E-07  1.066161E-04 -7.068226E-07  1.923503E-04 -1.683586E-02  2.050474E-08  2.050852E-08
  3.521000E+03 -2.062789E-07  1.064247E-04 -5.841749E-07  1.926886E-04 -1.588913E-02  2.050424E-08  2.050714E-08
  3.522000E+03  7.651706E-08  1.065948E-04  3.482970E-07  1.923853E-04 -1.392694E-02  2.050528E-08  2.050787E-08
  3.523000E+03  4.693711E-07  1.065486E-04 -4.875152E-07  1.924856E-04 -1.748487E-02  2.050594E-08  2.050977E-08
  3.524000E+03 -1.218701E-07  1.064508E-04 -8.301268E-07  1.926470E-04 -1.447211E-02  2.050528E-08  2.050786E-08
  3.525000E+03 -8.216164E-08  1.066273E-04  2.974630E-07  1.923233E-04 -1.533485E-02  2.050451E-08  2.050760E-08
  3.526000E+03  5.054477E-07  1.064730E-04 -2.031887E-07  1.926132E-04 -1.700193E-02  2.050516E-08  2.050862E-08
  3.527000E+03  1.499403E-08  1.065210E-04 -9.991988E-07  1.925212E-04 -1.376417E-02  2.050562E-08  2.050820E-08
  3.528000E+03 -2.203422E-07  1.066022E-04  1.292967E-07  1.923745E-04 -1.669756E-02  2.050469E-08  2.050817E-08
  3.529000E+03  4.680370E-07  1.064362E-04  9.395476E-08  1.926642E-04 -1.578089E-02  2.050389E-08  2.050685E-08
  3.530000E+03  1.852051E-07  1.065906E-04 -1.048572E-06  1.923906E-04 -1.419066E-02  2.050496E-08  2.050790E-08
  3.531000E+03 -3.118099E-07  1.065423E-04 -1.377069E-07  1.924957E-04 -1.726051E-02  2.050588E-08  2.050943E-08
  3.532000E+03  3.605263E-07  1.064638E-04  3.502139E-07  1.926253E-04 -1.452958E-02  2.050547E-08  2.050803E-08
  3.533000E+03  3.589436E-07  1.066171E-04 -9.634030E-07  1.923444E-04 -1.545556E-02  2.050476E-08  2.050820E-08
  3.534000E+03 -3.356151E-07  1.064762E-04 -4.603168E-07  1.926076E-04 -1.678158E-02  2.050522E-08  2.050854E-08
  3.535000E+03  2.004576E-07  1.065291E-04  5.119936E-07  1.925093E-04 -1.397476E-02  2.050584E-08  2.050833E-08
  3.536000E+03  5.028141E-07  1.065897E-04 -7.539561E-07  1.923996E-04 -1.663950E-02  2.050498E-08  2.050874E-08
  3.537000E+03 -2.797666E-07  1.064479E-04 -7.818597E-07  1.926471E-04 -1.561606E-02  2.050437E-08  2.050733E-08
  3.538000E+03  9.383683E-09  1.065920E-04  5.403297E-07  1.923929E-04 -1.447636E-02  2.050540E-08  2.050818E-08
  3.539000E+03  5.901542E-07  1.065333E-04 -4.431836E-07  1.925173E-04 -1.705075E-02  2.050653E-08  2.051027E-08
  3.540000E+03 -1.498183E-07  1.064817E-04 -1.046199E-06  1.926024E-04 -1.451483E-02  2.050647E-08  2.050922E-08
  3.541000E+03 -1.803360E-07  1.066098E-04  4.227886E-07  1.923658E-04 -1.569675E-02  2.050555E-08  2.050875E-08
  3.542000E+03  6.019827E-07  1.064742E-04 -8.070099E-08  1.926157E-04 -1.648013E-02  2.050581E-08  2.050919E-08
  3.543000E+03  3.249925E-08  1.065448E-04 -1.200575E-06  1.924868E-04 -1.415423E-02  2.050641E-08  2.050928E-08
  3.544000E+03 -3.315846E-07  1.065758E-04  1.751451E-07  1.924308E-04 -1.671605E-02  2.050560E-08  2.050907E-08
  3.545000E+03  5.300404E-07  1.064532E-04  2.668554E-07  1.926380E-04 -1.533070E-02  2.050451E-08  2.050742E-08
  3.546000E+03  2.405957E-07  1.065975E-04 -1.209694E-06  1.923806E-04 -1.476268E-02  2.050505E-08  2.050831E-08
  3.547000E+03 -4.174037E-07  1.065186E-04 -1.700099E-07  1.925406E-04 -1.695326E-02  2.050621E-08  2.050968E-08
  3.548000E+03  3.844065E-07  1.064905E-04  5.395124E-07  1.925821E-04 -1.434100E-02  2.050605E-08  2.050867E-08
  3.549000E+03  4.412720E-07  1.066076E-04 -1.069367E-06  1.923665E-04 -1.593808E-02  2.050512E-08  2.050881E-08
  3.550000E+03 -4.208623E-07  1.064669E-04 -5.599435E-07  1.926265E-04 -1.630582E-02  2.050562E-08  2.050884E-08
  3.551000E+03  1.875740E-07  1.065557E-04  6.879694E-07  1.924694E-04 -1.413953E-02  2.050666E-08  2.050931E-08
  3.552000E+03  5.967005E-07  1.065722E-04 -7.963479E-07  1.924445E-04 -1.685323E-02  2.050631E-08  2.051020E-08
  3.553000E+03 -3.346169E-07  1.064568E-04 -9.259699E-07  1.926415E-04 -1.516958E-02  2.050564E-08  2.050857E-08
  3.554000E+03 -3.395116E-08  1.066054E-04  6.787852E-07  1.923766E-04 -1.488507E-02  2.050611E-08  2.050909E-08
  3.555000E+03  6.793323E-07  1.065140E-04 -4.226387E-07  1.925586E-04 -1.695438E-02  2.050723E-08  2.051098E-08
  3.556000E+03 -1.710402E-07  1.064986E-04 -1.205311E-06  1.925757E-04 -1.426570E-02  2.050695E-08  2.050977E-08
  3.557000E+03 -2.444818E-07  1.066076E-04  5.104647E-07  1.923736E-04 -1.606917E-02  2.050583E-08  2.050919E-08
  3.558000E+03  6.721927E-07  1.064619E-04 -5.805637E-09  1.926357E-04 -1.620377E-02  2.050567E-08  2.050902E-08
  3.559000E+03  4.358021E-08  1.065623E-04 -1.345848E-06  1.924558E-04 -1.415499E-02  2.050648E-08  2.050949E-08
  3.560000E+03 -4.037986E-07  1.065676E-04  2.054609E-07  1.924536E-04 -1.693430E-02  2.050638E-08  2.050995E-08
  3.561000E+03  5.709144E-07  1.064529E-04  3.786462E-07  1.926421E-04 -1.505240E-02  2.050499E-08  2.050788E-08
  3.562000E+03  2.778133E-07  1.066067E-04 -1.316415E-06  1.923645E-04 -1.493132E-02  2.050506E-08  2.050849E-08
  3.563000E+03 -4.838467E-07  1.065084E-04 -1.949587E-07  1.925588E-04 -1.700868E-02  2.050616E-08  2.050968E-08
  3.564000E+03  3.926098E-07  1.064946E-04  6.635367E-07  1.925715E-04 -1.418085E-02  2.050576E-08  2.050839E-08
  3.565000E+03  4.942308E-07  1.066074E-04 -1.123532E-06  1.923643E-04 -1.608087E-02  2.050481E-08  2.050862E-08
  3.566000E+03 -4.693906E-07  1.064597E-04 -6.285706E-07  1.926317E-04 -1.626199E-02  2.050479E-08  2.050805E-08
  3.567000E+03  1.665530E-07  1.065606E-04  7.979988E-07  1.924562E-04 -1.409480E-02  2.050621E-08  2.050890E-08
  3.568000E+03  6.526437E-07  1.065702E-04 -7.955131E-07  1.924504E-04 -1.691877E-02  2.050654E-08  2.051051E-08
  3.569000E+03 -3.573635E-07  1.064570E-04 -1.018993E-06  1.926408E-04 -1.512381E-02  2.050561E-08  2.050859E-08
  3.570000E+03 -7.346587E-08  1.066051E-04  7.517117E-07  1.923745E-04 -1.491863E-02  2.050582E-08  2.050884E-08
  3.571000E+03  7.244091E-07  1.065110E-04 -3.778169E-07  1.925596E-04 -1.694519E-02  2.050677E-08  2.051056E-08
  3.572000E+03 -1.661474E-07  1.065001E-04 -1.296981E-06  1.925665E-04 -1.429808E-02  2.050625E-08  2.050915E-08
  3.573000E+03 -2.891870E-07  1.066012E-04  5.330788E-07  1.923798E-04 -1.605356E-02  2.050527E-08  2.050864E-08
  3.574000E+03  6.970513E-07  1.064623E-04  6.372075E-08  1.926254E-04 -1.616165E-02  2.050466E-08  2.050803E-08
  3.575000E+03  7.046078E-08  1.065618E-04 -1.413809E-06  1.924488E-04 -1.425931E-02  2.050559E-08  2.050870E-08
  3.576000E+03 -4.419051E-07  1.065619E-04  1.803275E-07  1.924618E-04 -1.683377E-02  2.050619E-08  2.050974E-08
  3.577000E+03  5.738647E-07  1.064608E-04  4.510398E-07  1.926286E-04 -1.504043E-02  2.050508E-08  2.050799E-08
  3.578000E+03  3.139386E-07  1.066027E-04 -1.348189E-06  1.923716E-04 -1.507221E-02  2.050499E-08  2.050849E-08
  3.579000E+03 -5.048690E-07  1.065032E-04 -2.504686E-07  1.925642E-04 -1.684750E-02  2.050580E-08  2.050927E-08
  3.580000E+03  3.778538E-07  1.065064E-04  7.152681E-07  1.925521E-04 -1.424790E-02  2.050595E-08  2.050863E-08
  3.581000E+03  5.253912E-07  1.065980E-04 -1.117108E-06  1.923844E-04 -1.617963E-02  2.050510E-08  2.050894E-08
  3.582000E+03 -4.694859E-07  1.064586E-04 -6.894364E-07  1.926293E-04 -1.603554E-02  2.050441E-08  2.050761E-08
  3.583000E+03  1.416839E-07  1.065711E-04  8.160877E-07  1.924361E-04 -1.428804E-02  2.050603E-08  2.050881E-08
  3.584000E+03  6.691703E-07  1.065582E-04 -7.587785E-07  1.924768E-04 -1.690751E-02  2.050706E-08  2.051100E-08
  3.585000E+03 -3.410135E-07  1.064659E-04 -1.063080E-06  1.926297E-04 -1.490562E-02  2.050621E-08  2.050915E-08
  3.586000E+03 -9.882828E-08  1.066107E-04  7.379968E-07  1.923694E-04 -1.521102E-02  2.050625E-08  2.050938E-08
  3.587000E+03  7.228553E-07  1.064976E-04 -3.271021E-07  1.925854E-04 -1.681152E-02  2.050699E-08  2.051069E-08
  3.588000E+03 -1.415464E-07  1.065176E-04 -1.311652E-06  1.925409E-04 -1.419617E-02  2.050693E-08  2.050984E-08
  3.589000E+03 -3.055417E-07  1.065965E-04  4.967446E-07  1.923950E-04 -1.635762E-02  2.050589E-08  2.050934E-08
  3.590000E+03  6.782819E-07  1.064523E-04  1.092138E-07  1.926428E-04 -1.584327E-02  2.050470E-08  2.050792E-08
  3.591000E+03  9.467357E-08  1.065816E-04 -1.394536E-06  1.924118E-04 -1.439292E-02  2.050544E-08  2.050862E-08
  3.592000E+03 -4.413526E-07  1.065449E-04  1.325815E-07  1.924944E-04 -1.702078E-02  2.050632E-08  2.050989E-08
  3.593000E+03  5.441522E-07  1.064629E-04  4.713484E-07  1.926245E-04 -1.461642E-02  2.050517E-08  2.050794E-08
  3.594000E+03  3.298092E-07  1.066173E-04 -1.301511E-06  1.923429E-04 -1.544830E-02  2.050463E-08  2.050827E-08
  3.595000E+03 -4.858047E-07  1.064788E-04 -2.952275E-07  1.926052E-04 -1.680747E-02  2.050547E-08  2.050887E-08
  3.596000E+03  3.463151E-07  1.065232E-04  7.006917E-07  1.925220E-04 -1.390327E-02  2.050608E-08  2.050867E-08
  3.597000E+03  5.256855E-07  1.066027E-04 -1.055645E-06  1.923812E-04 -1.666787E-02  2.050551E-08  2.050948E-08
  3.598000E+03 -4.347210E-07  1.064371E-04 -7.150379E-07  1.926690E-04 -1.572814E-02  2.050460E-08  2.050765E-08
  3.599000E+03  1.179768E-07  1.065956E-04  7.651709E-07  1.923898E-04 -1.420752E-02  2.050584E-08  2.050863E-08
  3.600000E+03  6.492000E-07  1.065485E-04 -6.980431E-07  1.924983E-04 -1.734080E-02  2.050733E-08  2.051134E-08
  3.601000E+03 -2.975516E-07  1.064538E-04 -1.055315E-06  1.926503E-04 -1.441356E-02  2.050622E-08  2.050896E-08
  3.602000E+03 -1.071228E-07  1.066335E-04  6.589778E-07  1.923226E-04 -1.540111E-02  2.050560E-08  2.050883E-08
  3.603000E+03  6.826198E-07  1.064749E-04 -2.819179E-07  1.926222E-04 -1.704908E-02  2.050644E-08  2.051013E-08
  3.604000E+03 -9.915163E-08  1.065199E-04 -1.263490E-06  1.925331E-04 -1.366264E-02  2.050670E-08  2.050942E-08
  3.605000E+03 -2.918467E-07  1.066158E-04  4.039828E-07  1.923642E-04 -1.674860E-02  2.050620E-08  2.050980E-08
  3.606000E+03  6.223552E-07  1.064266E-04  1.226931E-07  1.926914E-04 -1.583835E-02  2.050491E-08  2.050802E-08
  3.607000E+03  1.245213E-07  1.065969E-04 -1.306657E-06  1.923836E-04 -1.399326E-02  2.050549E-08  2.050855E-08
  3.608000E+03 -4.024534E-07  1.065539E-04  4.621180E-08  1.924853E-04 -1.752785E-02  2.050691E-08  2.051064E-08
  3.609000E+03  4.813822E-07  1.064393E-04  4.404672E-07  1.926685E-04 -1.438024E-02  2.050538E-08  2.050797E-08
  3.610000E+03  3.385354E-07  1.066405E-04 -1.185046E-06  1.923019E-04 -1.524639E-02  2.050479E-08  2.050835E-08
  3.611000E+03 -4.250435E-07  1.064733E-04 -3.560317E-07  1.926180E-04 -1.730306E-02  2.050559E-08  2.050912E-08
  3.612000E+03  2.880546E-07  1.065083E-04  6.238127E-07  1.925480E-04 -1.346824E-02  2.050609E-08  2.050847E-08
  3.613000E+03  5.073069E-07  1.066302E-04 -9.284865E-07  1.923380E-04 -1.671422E-02  2.050619E-08  2.051017E-08
  3.614000E+03 -3.596244E-07  1.064209E-04 -7.331582E-07  1.927053E-04 -1.607568E-02  2.050522E-08  2.050830E-08
  3.615000E+03  7.639610E-08  1.065946E-04  6.482519E-07  1.923931E-04 -1.371925E-02  2.050615E-08  2.050875E-08
  3.616000E+03  6.011866E-07  1.065701E-04 -5.821685E-07  1.924669E-04 -1.764274E-02  2.050802E-08  2.051210E-08
  3.617000E+03 -2.177605E-07  1.064325E-04 -1.018864E-06  1.926944E-04 -1.451205E-02  2.050678E-08  2.050945E-08
  3.618000E+03 -1.202456E-07  1.066461E-04  5.123926E-07  1.923037E-04 -1.501196E-02  2.050612E-08  2.050922E-08
  3.619000E+03  6.068254E-07  1.064816E-04 -2.016941E-07  1.926125E-04 -1.749668E-02  2.050654E-08  2.051030E-08
  3.620000E+03 -2.721896E-08  1.065003E-04 -1.167056E-06  1.925682E-04 -1.346335E-02  2.050672E-08  2.050926E-08
  3.621000E+03 -2.693258E-07  1.066391E-04  2.471061E-07  1.923286E-04 -1.658497E-02  2.050693E-08  2.051051E-08
  3.622000E+03  5.287234E-07  1.064192E-04  1.460562E-07  1.927106E-04 -1.625799E-02  2.050541E-08  2.050855E-08
  3.623000E+03  1.740796E-07  1.065885E-04 -1.159235E-06  1.923999E-04 -1.360912E-02  2.050572E-08  2.050855E-08
  3.624000E+03 -3.433745E-07  1.065758E-04 -9.322869E-08  1.924513E-04 -1.765492E-02  2.050746E-08  2.051124E-08
  3.625000E+03  3.857618E-07  1.064246E-04  3.937723E-07  1.927038E-04 -1.457694E-02  2.050624E-08  2.050877E-08
  3.626000E+03  3.514717E-07  1.066466E-04 -1.007372E-06  1.922967E-04 -1.488474E-02  2.050551E-08  2.050888E-08
  3.627000E+03 -3.334746E-07  1.064819E-04 -4.472464E-07  1.926053E-04 -1.760326E-02  2.050580E-08  2.050940E-08
  3.628000E+03  2.072214E-07  1.064946E-04  5.029386E-07  1.925766E-04 -1.338290E-02  2.050653E-08  2.050878E-08
  3.629000E+03  4.750514E-07  1.066469E-04 -7.471972E-07  1.923155E-04 -1.656761E-02  2.050703E-08  2.051090E-08
  3.630000E+03 -2.477251E-07  1.064153E-04 -7.506354E-07  1.927212E-04 -1.634797E-02  2.050575E-08  2.050886E-08
  3.631000E+03  2.557020E-08  1.065913E-04  4.660202E-07  1.924007E-04 -1.348010E-02  2.050637E-08  2.050884E-08
  3.632000E+03  5.254090E-07  1.065824E-04 -4.282283E-07  1.924460E-04 -1.777628E-02  2.050811E-08  2.051215E-08
  3.633000E+03 -1.065255E-07  1.064203E-04 -9.507551E-07  1.927210E-04 -1.454982E-02  2.050726E-08  2.050985E-08
  3.634000E+03 -1.281451E-07  1.066551E-04  3.005588E-07  1.922891E-04 -1.483313E-02  2.050634E-08  2.050937E-08
  3.635000E+03  4.981160E-07  1.064800E-04 -1.079900E-07  1.926138E-04 -1.773330E-02  2.050630E-08  2.051002E-08
  3.636000E+03  6.085606E-08  1.064914E-04 -1.017876E-06  1.925818E-04 -1.327652E-02  2.050649E-08  2.050889E-08
  3.637000E+03 -2.258586E-07  1.066537E-04  4.358435E-08  1.923030E-04 -1.661721E-02  2.050699E-08  2.051058E-08
  3.638000E+03  4.032010E-07  1.064049E-04  1.514155E-07  1.927341E-04 -1.640684E-02  2.050509E-08  2.050815E-08
  3.639000E+03  2.232727E-07  1.065899E-04 -9.491884E-07  1.923892E-04 -1.334842E-02  2.050492E-08  2.050759E-08
  3.640000E+03 -2.535947E-07  1.065826E-04 -2.540557E-07  1.924325E-04 -1.791468E-02  2.050667E-08  2.051054E-08
  3.641000E+03  2.646714E-07  1.064058E-04  3.053766E-07  1.927322E-04 -1.446454E-02  2.050569E-08  2.050807E-08
  3.642000E+03  3.539995E-07  1.066608E-04 -7.723993E-07  1.922635E-04 -1.474711E-02  2.050474E-08  2.050801E-08
  3.643000E+03 -2.143607E-07  1.064739E-04 -5.379358E-07  1.926136E-04 -1.791734E-02  2.050504E-08  2.050871E-08
  3.644000E+03  1.130328E-07  1.064829E-04  3.378144E-07  1.925887E-04 -1.305030E-02  2.050566E-08  2.050774E-08
  3.645000E+03  4.280448E-07  1.066666E-04 -5.291722E-07  1.922754E-04 -1.669455E-02  2.050650E-08  2.051036E-08
  3.646000E+03 -1.183302E-07  1.063949E-04 -7.518611E-07  1.927544E-04 -1.653534E-02  2.050528E-08  2.050839E-08
  3.647000E+03 -2.525167E-08  1.065914E-04  2.495731E-07  1.923878E-04 -1.308614E-02  2.050514E-08  2.050746E-08
  3.648000E+03  4.337251E-07  1.065935E-04 -2.628456E-07  1.924160E-04 -1.813031E-02  2.050692E-08  2.051101E-08
  3.649000E+03  1.507635E-08  1.063933E-04 -8.590043E-07  1.927582E-04 -1.447127E-02  2.050603E-08  2.050851E-08
  3.650000E+03 -1.289595E-07  1.066697E-04  6.335212E-08  1.922495E-04 -1.454996E-02  2.050504E-08  2.050801E-08
  3.651000E+03  3.757810E-07  1.064759E-04 -1.833222E-08  1.926118E-04 -1.818169E-02  2.050512E-08  2.050891E-08
  3.652000E+03  1.567978E-07  1.064690E-04 -8.477152E-07  1.926069E-04 -1.291934E-02  2.050496E-08  2.050715E-08
  3.653000E+03 -1.769466E-07  1.066794E-04 -1.792404E-07  1.922477E-04 -1.662520E-02  2.050603E-08  2.050971E-08
  3.654000E+03  2.688868E-07  1.063853E-04  1.524565E-07  1.927657E-04 -1.677906E-02  2.050454E-08  2.050762E-08
  3.655000E+03  2.794684E-07  1.065826E-04 -7.269899E-07  1.923918E-04 -1.280121E-02  2.050394E-08  2.050637E-08
  3.656000E+03 -1.612251E-07  1.066069E-04 -4.304406E-07  1.923836E-04 -1.825901E-02  2.050601E-08  2.051008E-08
  3.657000E+03  1.361058E-07  1.063749E-04  2.172979E-07  1.927848E-04 -1.456536E-02  2.050529E-08  2.050760E-08
  3.658000E+03  3.622827E-07  1.066754E-04 -5.269517E-07  1.922349E-04 -1.421270E-02  2.050466E-08  2.050774E-08
  3.659000E+03 -8.991307E-08  1.064856E-04 -6.437196E-07  1.925956E-04 -1.851252E-02  2.050514E-08  2.050906E-08
  3.660000E+03  7.126702E-09  1.064523E-04  1.706951E-07  1.926426E-04 -1.278345E-02  2.050556E-08  2.050747E-08
  3.661000E+03  3.857201E-07  1.066999E-04 -2.916043E-07  1.922208E-04 -1.643459E-02  2.050717E-08  2.051097E-08
  3.662000E+03  2.241044E-08  1.063884E-04 -7.704099E-07  1.927786E-04 -1.716300E-02  2.050639E-08  2.050969E-08
  3.663000E+03 -9.284866E-08  1.065757E-04  2.301517E-08  1.924236E-04 -1.249764E-02  2.050609E-08  2.050820E-08
  3.664000E+03  3.445476E-07  1.066301E-04 -6.646324E-08  1.923593E-04 -1.829850E-02  2.050787E-08  2.051204E-08
  3.665000E+03  1.523539E-07  1.063677E-04 -7.834392E-07  1.928151E-04 -1.483722E-02  2.050703E-08  2.050957E-08
  3.666000E+03 -1.460159E-07  1.066795E-04 -1.928164E-07  1.922449E-04 -1.386584E-02  2.050662E-08  2.050944E-08
  3.667000E+03  2.518261E-07  1.065003E-04  1.042528E-07  1.925819E-04 -1.874962E-02  2.050642E-08  2.051039E-08
  3.668000E+03  2.682592E-07  1.064369E-04 -6.855584E-07  1.926744E-04 -1.283071E-02  2.050598E-08  2.050806E-08
  3.669000E+03 -1.388975E-07  1.067119E-04 -4.245939E-07  1.922037E-04 -1.618850E-02  2.050774E-08  2.051140E-08
  3.670000E+03  1.286679E-07  1.063894E-04  1.789906E-07  1.927801E-04 -1.747295E-02  2.050662E-08  2.050989E-08
  3.671000E+03  3.479965E-07  1.065625E-04 -5.021225E-07  1.924443E-04 -1.230556E-02  2.050578E-08  2.050798E-08
  3.672000E+03 -7.471666E-08  1.066452E-04 -6.267225E-07  1.923294E-04 -1.826532E-02  2.050759E-08  2.051180E-08
  3.673000E+03  1.952002E-09  1.063583E-04  1.447035E-07  1.928335E-04 -1.504783E-02  2.050713E-08  2.050954E-08
  3.674000E+03  3.771608E-07  1.066790E-04 -2.753235E-07  1.922462E-04 -1.359484E-02  2.050674E-08  2.050959E-08
  3.675000E+03  3.064615E-08  1.065123E-04 -7.596007E-07  1.925651E-04 -1.890981E-02  2.050688E-08  2.051103E-08
  3.676000E+03 -9.859779E-08  1.064277E-04  1.104882E-08  1.927011E-04 -1.284692E-02  2.050704E-08  2.050892E-08
  3.677000E+03  3.445980E-07  1.067221E-04 -5.525705E-08  1.921921E-04 -1.604666E-02  2.050851E-08  2.051220E-08
  3.678000E+03  1.570843E-07  1.063935E-04 -7.869430E-07  1.927857E-04 -1.766456E-02  2.050795E-08  2.051146E-08
  3.679000E+03 -1.546334E-07  1.065591E-04 -1.958633E-07  1.924636E-04 -1.217881E-02  2.050723E-08  2.050924E-08
  3.680000E+03  2.561342E-07  1.066557E-04  1.180031E-07  1.923179E-04 -1.828290E-02  2.050837E-08  2.051256E-08
  3.681000E+03  2.784441E-07  1.063533E-04 -7.013149E-07  1.928481E-04 -1.516367E-02  2.050767E-08  2.051031E-08
  3.682000E+03 -1.542656E-07  1.066808E-04 -4.334475E-07  1.922474E-04 -1.343290E-02  2.050725E-08  2.050998E-08
  3.683000E+03  1.331333E-07  1.065173E-04  2.058285E-07  1.925583E-04 -1.902746E-02  2.050709E-08  2.051117E-08
  3.684000E+03  3.643022E-07  1.064177E-04 -5.225927E-07  1.927140E-04 -1.285681E-02  2.050648E-08  2.050853E-08
  3.685000E+03 -9.345377E-08  1.067249E-04 -6.451201E-07  1.921779E-04 -1.594611E-02  2.050755E-08  2.051124E-08
  3.686000E+03  3.598348E-10  1.063900E-04  1.824902E-07  1.927829E-04 -1.779039E-02  2.050693E-08  2.051030E-08
  3.687000E+03  4.005799E-07  1.065497E-04 -2.890688E-07  1.924659E-04 -1.208801E-02  2.050569E-08  2.050779E-08
  3.688000E+03  1.363735E-08  1.066579E-04 -7.931528E-07  1.922967E-04 -1.829230E-02  2.050653E-08  2.051086E-08
  3.689000E+03 -1.143019E-07  1.063440E-04  5.561454E-08  1.928509E-04 -1.522370E-02  2.050616E-08  2.050862E-08
  3.690000E+03  3.799028E-07  1.066784E-04 -4.996238E-08  1.922381E-04 -1.330793E-02  2.050583E-08  2.050860E-08
  3.691000E+03  1.433931E-07  1.065193E-04 -8.461257E-07  1.925446E-04 -1.913300E-02  2.050597E-08  2.051029E-08
  3.692000E+03 -1.838364E-07  1.064061E-04 -1.480676E-07  1.927239E-04 -1.282567E-02  2.050532E-08  2.050719E-08
  3.693000E+03  2.993565E-07  1.067287E-04  1.439954E-07  1.921605E-04 -1.584105E-02  2.050646E-08  2.051010E-08
  3.694000E+03  2.752997E-07  1.063896E-04 -7.835726E-07  1.927784E-04 -1.795771E-02  2.050631E-08  2.050997E-08
  3.695000E+03 -1.987277E-07  1.065388E-04 -3.952918E-07  1.924776E-04 -1.196550E-02  2.050487E-08  2.050683E-08
  3.696000E+03  1.746738E-07  1.066646E-04  2.628706E-07  1.922755E-04 -1.824441E-02  2.050558E-08  2.050979E-08
  3.697000E+03  3.846832E-07  1.063362E-04 -6.184970E-07  1.928527E-04 -1.541592E-02  2.050479E-08  2.050753E-08
  3.698000E+03 -1.556676E-07  1.066717E-04 -6.401893E-07  1.922392E-04 -1.310338E-02  2.050472E-08  2.050742E-08
  3.699000E+03  3.216891E-08  1.065266E-04  2.812512E-07  1.925226E-04 -1.920936E-02  2.050500E-08  2.050918E-08
  3.700000E+03  4.436770E-07  1.063914E-04 -3.822958E-07  1.927363E-04 -1.292063E-02  2.050378E-08  2.050585E-08
  3.701000E+03 -5.598471E-08  1.067306E-04 -8.273106E-07  1.921449E-04 -1.563250E-02  2.050524E-08  2.050894E-08
  3.702000E+03 -1.050647E-07  1.063908E-04  1.851112E-07  1.927659E-04 -1.817093E-02  2.050514E-08  2.050867E-08
  3.703000E+03  4.453106E-07  1.065237E-04 -1.151108E-07  1.924930E-04 -1.185583E-02  2.050364E-08  2.050565E-08
  3.704000E+03  8.129944E-08  1.066753E-04 -9.293316E-07  1.922463E-04 -1.816965E-02  2.050454E-08  2.050898E-08
  3.705000E+03 -2.106137E-07  1.063305E-04 -7.367072E-09  1.928594E-04 -1.564604E-02  2.050433E-08  2.050694E-08
  3.706000E+03  3.880470E-07  1.066653E-04  1.325130E-07  1.922491E-04 -1.284296E-02  2.050462E-08  2.050723E-08
  3.707000E+03  2.295036E-07  1.065426E-04 -9.240401E-07  1.924973E-04 -1.930381E-02  2.050534E-08  2.050985E-08
  3.708000E+03 -2.588669E-07  1.063811E-04 -2.624449E-07  1.927620E-04 -1.306375E-02  2.050450E-08  2.050645E-08
  3.709000E+03  2.737379E-07  1.067346E-04  3.091598E-07  1.921444E-04 -1.533944E-02  2.050606E-08  2.050958E-08
  3.710000E+03  3.664822E-07  1.064066E-04 -7.991147E-07  1.927529E-04 -1.839205E-02  2.050670E-08  2.051061E-08
  3.711000E+03 -2.437581E-07  1.065136E-04 -5.411835E-07  1.925285E-04 -1.186354E-02  2.050546E-08  2.050739E-08
  3.712000E+03  1.226713E-07  1.066877E-04  3.883627E-07  1.922383E-04 -1.794626E-02  2.050616E-08  2.051035E-08
  3.713000E+03  4.674742E-07  1.063387E-04 -5.764045E-07  1.928616E-04 -1.592914E-02  2.050605E-08  2.050901E-08
  3.714000E+03 -1.670038E-07  1.066588E-04 -7.939268E-07  1.922783E-04 -1.271257E-02  2.050650E-08  2.050911E-08
  3.715000E+03 -3.756614E-08  1.065573E-04  3.536193E-07  1.924850E-04 -1.922603E-02  2.050689E-08  2.051115E-08
  3.716000E+03  5.080169E-07  1.063802E-04 -2.922449E-07  1.927773E-04 -1.327247E-02  2.050588E-08  2.050805E-08
  3.717000E+03 -3.545308E-08  1.067337E-04 -9.679076E-07  1.921571E-04 -1.515024E-02  2.050728E-08  2.051089E-08
  3.718000E+03 -1.812671E-07  1.064165E-04  1.998172E-07  1.927424E-04 -1.846410E-02  2.050747E-08  2.051116E-08
  3.719000E+03  4.825745E-07  1.065091E-04  7.078064E-09  1.925464E-04 -1.191914E-02  2.050649E-08  2.050849E-08
  3.720000E+03  1.254769E-07  1.066938E-04 -1.034003E-06  1.922371E-04 -1.781367E-02  2.050724E-08  2.051165E-08
  3.721000E+03 -2.780260E-07  1.063456E-04 -4.522821E-08  1.928621E-04 -1.606234E-02  2.050740E-08  2.051018E-08
  3.722000E+03  3.934715E-07  1.066548E-04  2.604330E-07  1.922963E-04 -1.268252E-02  2.050766E-08  2.051020E-08
  3.723000E+03  2.854692E-07  1.065684E-04 -9.749357E-07  1.924798E-04 -1.914147E-02  2.050849E-08  2.051304E-08
  3.724000E+03 -3.055089E-07  1.063837E-04 -3.383098E-07  1.927874E-04 -1.343183E-02  2.050759E-08  2.050966E-08
  3.725000E+03  2.506274E-07  1.067288E-04  4.170051E-07  1.921734E-04 -1.505316E-02  2.050811E-08  2.051151E-08
  3.726000E+03  4.224946E-07  1.064295E-04 -7.942438E-07  1.927303E-04 -1.843720E-02  2.050870E-08  2.051269E-08
  3.727000E+03 -2.642447E-07  1.065070E-04 -6.359684E-07  1.925625E-04 -1.207423E-02  2.050777E-08  2.050976E-08
  3.728000E+03  8.285071E-08  1.066924E-04  4.570899E-07  1.922476E-04 -1.762339E-02  2.050818E-08  2.051226E-08
  3.729000E+03  5.101579E-07  1.063564E-04 -5.292618E-07  1.928475E-04 -1.617473E-02  2.050789E-08  2.051096E-08
  3.730000E+03 -1.613324E-07  1.066459E-04 -8.814777E-07  1.923164E-04 -1.275025E-02  2.050808E-08  2.051068E-08
  3.731000E+03 -7.945265E-08  1.065718E-04  3.726816E-07  1.924756E-04 -1.893699E-02  2.050878E-08  2.051296E-08
  3.732000E+03  5.291228E-07  1.063874E-04 -2.255292E-07  1.927779E-04 -1.363664E-02  2.050722E-08  2.050952E-08
  3.733000E+03 -9.834228E-09  1.067164E-04 -1.027623E-06  1.921878E-04 -1.501376E-02  2.050728E-08  2.051082E-08
  3.734000E+03 -2.133392E-07  1.064340E-04  1.728072E-07  1.927130E-04 -1.830563E-02  2.050778E-08  2.051145E-08
  3.735000E+03  4.802847E-07  1.065038E-04  7.144358E-08  1.925592E-04 -1.225573E-02  2.050675E-08  2.050883E-08
  3.736000E+03  1.593468E-07  1.066834E-04 -1.053908E-06  1.922513E-04 -1.752168E-02  2.050687E-08  2.051116E-08
  3.737000E+03 -2.923714E-07  1.063609E-04 -1.011341E-07  1.928292E-04 -1.614925E-02  2.050680E-08  2.050964E-08
  3.738000E+03  3.726757E-07  1.066364E-04  3.034558E-07  1.923211E-04 -1.284778E-02  2.050673E-08  2.050925E-08
  3.739000E+03  3.155821E-07  1.065719E-04 -9.559467E-07  1.924651E-04 -1.881232E-02  2.050774E-08  2.051217E-08
  3.740000E+03 -3.019050E-07  1.063868E-04 -3.997901E-07  1.927686E-04 -1.376408E-02  2.050609E-08  2.050828E-08
  3.741000E+03  2.224516E-07  1.067024E-04  4.302404E-07  1.921969E-04 -1.493389E-02  2.050559E-08  2.050887E-08
  3.742000E+03  4.388987E-07  1.064431E-04 -7.509548E-07  1.926829E-04 -1.827912E-02  2.050633E-08  2.051029E-08
  3.743000E+03 -2.460671E-07  1.064909E-04 -6.811323E-07  1.925666E-04 -1.245855E-02  2.050499E-08  2.050707E-08
  3.744000E+03  5.880962E-08  1.066728E-04  4.388500E-07  1.922500E-04 -1.722242E-02  2.050481E-08  2.050871E-08
  3.745000E+03  5.058750E-07  1.063696E-04 -4.791663E-07  1.927908E-04 -1.632795E-02  2.050435E-08  2.050748E-08
  3.746000E+03 -1.343409E-07  1.066135E-04 -8.925329E-07  1.923410E-04 -1.291613E-02  2.050444E-08  2.050701E-08
  3.747000E+03 -9.137041E-08  1.065706E-04  3.284789E-07  1.924417E-04 -1.849360E-02  2.050513E-08  2.050915E-08
  3.748000E+03  5.075335E-07  1.063872E-04 -1.866824E-07  1.927429E-04 -1.406639E-02  2.050334E-08  2.050574E-08
  3.749000E+03  1.394900E-08  1.066811E-04 -1.002525E-06  1.922139E-04 -1.480309E-02  2.050335E-08  2.050671E-08
  3.750000E+03 -2.090670E-07  1.064525E-04  1.232235E-07  1.926471E-04 -1.812281E-02  2.050441E-08  2.050804E-08
  3.751000E+03  4.519328E-07  1.064829E-04  8.349888E-08  1.925673E-04 -1.274099E-02  2.050347E-08  2.050562E-08
  3.752000E+03  1.684037E-07  1.066635E-04 -1.004985E-06  1.922563E-04 -1.695740E-02  2.050378E-08  2.050781E-08
  3.753000E+03 -2.716120E-07  1.063842E-04 -1.337890E-07  1.927601E-04 -1.641676E-02  2.050387E-08  2.050683E-08
  3.754000E+03  3.474644E-07  1.065978E-04  2.810095E-07  1.923664E-04 -1.304681E-02  2.050410E-08  2.050655E-08
  3.755000E+03  3.062199E-07  1.065772E-04 -8.999064E-07  1.924288E-04 -1.820286E-02  2.050513E-08  2.050933E-08
  3.756000E+03 -2.699288E-07  1.063969E-04 -4.045009E-07  1.927308E-04 -1.436837E-02  2.050383E-08  2.050620E-08
  3.757000E+03  2.087874E-07  1.066645E-04  3.775474E-07  1.922485E-04 -1.468240E-02  2.050387E-08  2.050694E-08
  3.758000E+03  4.136485E-07  1.064731E-04 -7.060574E-07  1.926168E-04 -1.798114E-02  2.050520E-08  2.050907E-08
  3.759000E+03 -2.121829E-07  1.064792E-04 -6.561475E-07  1.925833E-04 -1.311452E-02  2.050435E-08  2.050655E-08
  3.760000E+03  6.131165E-08  1.066551E-04  3.707883E-07  1.922795E-04 -1.658280E-02  2.050477E-08  2.050837E-08
  3.761000E+03  4.702515E-07  1.064094E-04 -4.584147E-07  1.927246E-04 -1.655340E-02  2.050490E-08  2.050812E-08
  3.762000E+03 -1.083941E-07  1.065812E-04 -8.415491E-07  1.924070E-04 -1.327235E-02  2.050516E-08  2.050769E-08
  3.763000E+03 -7.074507E-08  1.065812E-04  2.628923E-07  1.924268E-04 -1.775378E-02  2.050585E-08  2.050961E-08
  3.764000E+03  4.673552E-07  1.064176E-04 -1.980923E-07  1.927065E-04 -1.471721E-02  2.050515E-08  2.050775E-08
  3.765000E+03  2.264722E-08  1.066456E-04 -9.302181E-07  1.922980E-04 -1.467921E-02  2.050553E-08  2.050868E-08
  3.766000E+03 -1.687051E-07  1.064916E-04  7.715886E-08  1.925987E-04 -1.762467E-02  2.050697E-08  2.051047E-08
  3.767000E+03  4.114017E-07  1.064905E-04  3.374813E-08  1.925843E-04 -1.356788E-02  2.050651E-08  2.050885E-08
  3.768000E+03  1.545378E-07  1.066418E-04 -9.157449E-07  1.923244E-04 -1.635896E-02  2.050707E-08  2.051074E-08
  3.769000E+03 -2.149046E-07  1.064378E-04 -1.474962E-07  1.926987E-04 -1.641560E-02  2.050767E-08  2.051067E-08
  3.770000E+03  3.135380E-07  1.065762E-04  1.945406E-07  1.924357E-04 -1.370016E-02  2.050715E-08  2.050967E-08
  3.771000E+03  2.692445E-07  1.065796E-04 -8.069456E-07  1.924481E-04 -1.734414E-02  2.050795E-08  2.051177E-08
  3.772000E+03 -2.054168E-07  1.064455E-04 -3.786355E-07  1.926804E-04 -1.490646E-02  2.050769E-08  2.051025E-08
  3.773000E+03  1.929236E-07  1.066265E-04  2.628137E-07  1.923508E-04 -1.483104E-02  2.050743E-08  2.051037E-08
  3.774000E+03  3.518450E-07  1.065081E-04 -6.305452E-07  1.925839E-04 -1.722637E-02  2.050871E-08  2.051228E-08
  3.775000E+03 -1.480531E-07  1.065023E-04 -5.814556E-07  1.925800E-04 -1.403193E-02  2.050820E-08  2.051064E-08
  3.776000E+03  7.429803E-08  1.066214E-04  2.360336E-07  1.923756E-04 -1.609172E-02  2.050870E-08  2.051197E-08
  3.777000E+03  3.867159E-07  1.064678E-04 -4.236749E-07  1.926551E-04 -1.630696E-02  2.050884E-08  2.051199E-08
  3.778000E+03 -5.465486E-08  1.065650E-04 -7.168801E-07  1.924669E-04 -1.416181E-02  2.050817E-08  2.051083E-08
  3.779000E+03 -2.406583E-08  1.065717E-04  1.242020E-07  1.924686E-04 -1.679444E-02  2.050882E-08  2.051218E-08
  3.780000E+03  3.726177E-07  1.064747E-04 -2.211752E-07  1.926349E-04 -1.517450E-02  2.050839E-08  2.051114E-08
  3.781000E+03  5.134000E-08  1.066000E-04 -7.656136E-07  1.924040E-04 -1.504148E-02  2.050796E-08  2.051099E-08
  3.782000E+03 -8.824241E-08  1.065178E-04 -3.687259E-08  1.925681E-04 -1.666691E-02  2.050908E-08  2.051227E-08
  3.783000E+03  3.205673E-07  1.065163E-04 -5.820809E-08  1.925567E-04 -1.455287E-02  2.050824E-08  2.051085E-08
  3.784000E+03  1.456181E-07  1.065924E-04 -7.316967E-07  1.924236E-04 -1.595932E-02  2.050828E-08  2.051159E-08
  3.785000E+03 -1.081377E-07  1.064883E-04 -2.069118E-07  1.926115E-04 -1.600086E-02  2.050824E-08  2.051116E-08
  3.786000E+03  2.434238E-07  1.065552E-04  3.623047E-08  1.924732E-04 -1.468222E-02  2.050681E-08  2.050951E-08
  3.787000E+03  2.171737E-07  1.065549E-04 -6.323529E-07  1.924832E-04 -1.639820E-02  2.050728E-08  2.051062E-08
  3.788000E+03 -8.917090E-08  1.064920E-04 -3.604927E-07  1.925862E-04 -1.528347E-02  2.050649E-08  2.050922E-08
  3.789000E+03  1.608525E-07  1.065728E-04  5.858132E-08  1.924342E-04 -1.522602E-02  2.050588E-08  2.050877E-08
  3.790000E+03  2.577342E-07  1.065216E-04 -5.000827E-07  1.925375E-04 -1.630258E-02  2.050668E-08  2.050989E-08
  3.791000E+03 -4.209908E-08  1.065146E-04 -4.736945E-07  1.925350E-04 -1.494860E-02  2.050550E-08  2.050820E-08
  3.792000E+03  9.005275E-08  1.065637E-04  1.749873E-08  1.924473E-04 -1.571541E-02  2.050535E-08  2.050836E-08
  3.793000E+03  2.642862E-07  1.065056E-04 -3.663500E-07  1.925513E-04 -1.593020E-02  2.050519E-08  2.050823E-08
  3.794000E+03  2.167987E-08  1.065330E-04 -5.324195E-07  1.924881E-04 -1.505162E-02  2.050401E-08  2.050681E-08
  3.795000E+03  3.830111E-08  1.065416E-04 -6.996687E-08  1.924779E-04 -1.590669E-02  2.050432E-08  2.050734E-08
  3.796000E+03  2.441989E-07  1.065085E-04 -2.506892E-07  1.925320E-04 -1.556418E-02  2.050381E-08  2.050671E-08
  3.797000E+03  8.190355E-08  1.065414E-04 -5.364917E-07  1.924709E-04 -1.532386E-02  2.050371E-08  2.050662E-08
  3.798000E+03  1.430195E-08  1.065297E-04 -1.704583E-07  1.925026E-04 -1.586045E-02  2.050467E-08  2.050765E-08
  3.799000E+03  2.089664E-07  1.065185E-04 -1.783960E-07  1.925134E-04 -1.544133E-02  2.050378E-08  2.050664E-08
  3.800000E+03  1.228906E-07  1.065360E-04 -4.970998E-07  1.924815E-04 -1.548039E-02  2.050375E-08  2.050670E-08
  3.801000E+03  1.974919E-08  1.065290E-04 -2.545298E-07  1.924992E-04 -1.575966E-02  2.050420E-08  2.050715E-08
  3.802000E+03  1.687752E-07  1.065194E-04 -1.601157E-07  1.925060E-04 -1.551387E-02  2.050316E-08  2.050603E-08
  3.803000E+03  1.449293E-07  1.065304E-04 -4.343708E-07  1.924894E-04 -1.542348E-02  2.050354E-08  2.050645E-08
  3.804000E+03  4.242446E-08  1.065326E-04 -3.139498E-07  1.924844E-04 -1.578540E-02  2.050331E-08  2.050630E-08
  3.805000E+03  1.346234E-07  1.065145E-04 -1.798724E-07  1.925184E-04 -1.547134E-02  2.050354E-08  2.050638E-08
  3.806000E+03  1.485264E-07  1.065415E-04 -3.701762E-07  1.924774E-04 -1.540327E-02  2.050440E-08  2.050731E-08
  3.807000E+03  7.159395E-08  1.065256E-04 -3.419823E-07  1.924987E-04 -1.593176E-02  2.050343E-08  2.050645E-08
  3.808000E+03  1.153054E-07  1.065097E-04 -2.230070E-07  1.925251E-04 -1.520677E-02  2.050341E-08  2.050616E-08
  3.809000E+03  1.356397E-07  1.065591E-04 -3.231230E-07  1.924467E-04 -1.560456E-02  2.050446E-08  2.050747E-08
  3.810000E+03  9.709354E-08  1.065072E-04 -3.351387E-07  1.925371E-04 -1.598595E-02  2.050396E-08  2.050696E-08
  3.811000E+03  1.120864E-07  1.065227E-04 -2.705543E-07  1.925097E-04 -1.484990E-02  2.050439E-08  2.050705E-08
  3.812000E+03  1.142777E-07  1.065675E-04 -3.014503E-07  1.924361E-04 -1.606969E-02  2.050479E-08  2.050795E-08
  3.813000E+03  1.076801E-07  1.064902E-04 -3.009861E-07  1.925827E-04 -1.568377E-02  2.050564E-08  2.050850E-08
  3.814000E+03  1.268694E-07  1.065583E-04 -3.018983E-07  1.924673E-04 -1.480019E-02  2.050674E-08  2.050948E-08
  3.815000E+03  9.401507E-08  1.065494E-04 -3.157721E-07  1.924799E-04 -1.654919E-02  2.050581E-08  2.050908E-08
  3.816000E+03  9.808564E-08  1.064844E-04 -2.544557E-07  1.925951E-04 -1.504338E-02  2.050605E-08  2.050868E-08
  3.817000E+03  1.534554E-07  1.065963E-04 -3.022747E-07  1.924093E-04 -1.525370E-02  2.050773E-08  2.051070E-08
  3.818000E+03  8.745237E-08  1.065101E-04 -3.630369E-07  1.925639E-04 -1.664879E-02  2.050715E-08  2.051036E-08
  3.819000E+03  7.052077E-08  1.065117E-04 -2.217792E-07  1.925568E-04 -1.435486E-02  2.050743E-08  2.050990E-08
  3.820000E+03  1.788753E-07  1.066082E-04 -2.666704E-07  1.923928E-04 -1.617567E-02  2.050798E-08  2.051128E-08
  3.821000E+03  1.029665E-07  1.064708E-04 -4.239137E-07  1.926467E-04 -1.604384E-02  2.050861E-08  2.051155E-08
  3.822000E+03  3.046423E-08  1.065701E-04 -2.232817E-07  1.924672E-04 -1.421919E-02  2.050918E-08  2.051173E-08
  3.823000E+03  1.947880E-07  1.065724E-04 -1.997948E-07  1.924598E-04 -1.704988E-02  2.050791E-08  2.051141E-08
  3.824000E+03  1.392407E-07  1.064565E-04 -4.811439E-07  1.926617E-04 -1.491132E-02  2.050782E-08  2.051040E-08
  3.825000E+03 -1.088174E-08  1.066276E-04 -2.644524E-07  1.923672E-04 -1.491593E-02  2.050936E-08  2.051228E-08
  3.826000E+03  1.883380E-07  1.065086E-04 -1.142994E-07  1.925854E-04 -1.723539E-02  2.050896E-08  2.051236E-08
  3.827000E+03  1.912190E-07  1.064967E-04 -5.059483E-07  1.925979E-04 -1.383356E-02  2.050909E-08  2.051145E-08
  3.828000E+03 -4.007220E-08  1.066449E-04 -3.450828E-07  1.923410E-04 -1.630065E-02  2.050945E-08  2.051288E-08
  3.829000E+03  1.497762E-07  1.064484E-04 -2.945794E-08  1.927029E-04 -1.640491E-02  2.051015E-08  2.051312E-08
  3.830000E+03  2.535741E-07  1.065768E-04 -4.754282E-07  1.924665E-04 -1.358514E-02  2.051058E-08  2.051307E-08
  3.831000E+03 -4.560618E-08  1.065956E-04 -4.630348E-07  1.924262E-04 -1.758597E-02  2.050862E-08  2.051238E-08
  3.832000E+03  8.232898E-08  1.064247E-04  2.991699E-08  1.927240E-04 -1.485922E-02  2.050833E-08  2.051076E-08
  3.833000E+03  3.092598E-07  1.066513E-04 -3.836212E-07  1.923252E-04 -1.449533E-02  2.050958E-08  2.051255E-08
  3.834000E+03 -1.639165E-08  1.065064E-04 -5.929589E-07  1.925880E-04 -1.786513E-02  2.050858E-08  2.051226E-08
  3.835000E+03 -3.071703E-09  1.064728E-04  3.426516E-08  1.926302E-04 -1.344092E-02  2.050803E-08  2.051013E-08
  3.836000E+03  3.406519E-07  1.066683E-04 -2.392180E-07  1.922837E-04 -1.630152E-02  2.050785E-08  2.051146E-08
  3.837000E+03  5.177728E-08  1.064221E-04 -7.034191E-07  1.927322E-04 -1.677018E-02  2.050807E-08  2.051126E-08
  3.838000E+03 -9.194994E-08  1.065717E-04 -3.505877E-08  1.924486E-04 -1.311444E-02  2.050781E-08  2.051005E-08
  3.839000E+03  3.372446E-07  1.066013E-04 -6.296347E-08  1.923870E-04 -1.793481E-02  2.050541E-08  2.050938E-08
  3.840000E+03  1.486954E-07  1.063912E-04 -7.665244E-07  1.927524E-04 -1.477257E-02  2.050493E-08  2.050747E-08
  3.841000E+03 -1.623983E-07  1.066614E-04 -1.738689E-07  1.922712E-04 -1.424091E-02  2.050584E-08  2.050871E-08
  3.842000E+03  2.890354E-07  1.064931E-04  1.095030E-07  1.925824E-04 -1.827103E-02  2.050526E-08  2.050906E-08
  3.843000E+03  2.603577E-07  1.064502E-04 -7.526335E-07  1.926388E-04 -1.304722E-02  2.050470E-08  2.050689E-08
  3.844000E+03 -1.947718E-07  1.066836E-04 -3.689205E-07  1.922265E-04 -1.636710E-02  2.050467E-08  2.050833E-08
  3.845000E+03  1.941178E-07  1.063969E-04  2.411376E-07  1.927520E-04 -1.703035E-02  2.050524E-08  2.050840E-08
  3.846000E+03  3.699860E-07  1.065671E-04 -6.459396E-07  1.924325E-04 -1.264966E-02  2.050534E-08  2.050770E-08
  3.847000E+03 -1.774027E-07  1.066124E-04 -5.958025E-07  1.923489E-04 -1.826659E-02  2.050336E-08  2.050752E-08
  3.848000E+03  6.763006E-08  1.063633E-04  2.982269E-07  1.927844E-04 -1.476600E-02  2.050295E-08  2.050531E-08
  3.849000E+03  4.510102E-07  1.066734E-04 -4.569191E-07  1.922320E-04 -1.393773E-02  2.050405E-08  2.050710E-08
  3.850000E+03 -1.072233E-07  1.064899E-04 -8.047655E-07  1.925763E-04 -1.869512E-02  2.050385E-08  2.050792E-08
  3.851000E+03 -6.925136E-08  1.064309E-04  2.595275E-07  1.926582E-04 -1.277996E-02  2.050312E-08  2.050501E-08
  3.852000E+03  4.837042E-07  1.066987E-04 -2.127824E-07  1.921816E-04 -1.636487E-02  2.050278E-08  2.050666E-08
  3.853000E+03  1.053148E-08  1.063784E-04 -9.534669E-07  1.927698E-04 -1.728519E-02  2.050348E-08  2.050690E-08
  3.854000E+03 -1.936606E-07  1.065652E-04  1.188160E-07  1.924196E-04 -1.231537E-02  2.050368E-08  2.050576E-08
  3.855000E+03  4.569636E-07  1.066199E-04  4.975020E-08  1.923254E-04 -1.849158E-02  2.050222E-08  2.050656E-08
  3.856000E+03  1.580546E-07  1.063451E-04 -1.007373E-06  1.928098E-04 -1.471076E-02  2.050216E-08  2.050476E-08
  3.857000E+03 -2.816265E-07  1.066880E-04 -1.063422E-07  1.922007E-04 -1.379098E-02  2.050355E-08  2.050644E-08
  3.858000E+03  3.701186E-07  1.064862E-04  2.842848E-07  1.925874E-04 -1.896561E-02  2.050421E-08  2.050834E-08
  3.859000E+03  3.142474E-07  1.064251E-04 -9.499856E-07  1.926756E-04 -1.247177E-02  2.050392E-08  2.050604E-08
  3.860000E+03 -3.150304E-07  1.067212E-04 -3.877316E-07  1.921517E-04 -1.650841E-02  2.050387E-08  2.050778E-08
  3.861000E+03  2.320064E-07  1.063644E-04  4.490290E-07  1.928092E-04 -1.744431E-02  2.050491E-08  2.050823E-08
  3.862000E+03  4.552029E-07  1.065760E-04 -7.813760E-07  1.924193E-04 -1.189104E-02  2.050583E-08  2.050814E-08
  3.863000E+03 -2.820457E-07  1.066406E-04 -6.871152E-07  1.923130E-04 -1.887249E-02  2.050474E-08  2.050928E-08
  3.864000E+03  6.151149E-08  1.063289E-04  5.072613E-07  1.928637E-04 -1.463766E-02  2.050479E-08  2.050712E-08
  3.865000E+03  5.544439E-07  1.067139E-04 -5.194130E-07  1.921818E-04 -1.349107E-02  2.050661E-08  2.050976E-08
  3.866000E+03 -1.818055E-07  1.064951E-04 -9.533411E-07  1.926047E-04 -1.942123E-02  2.050760E-08  2.051203E-08
  3.867000E+03 -1.173544E-07  1.064175E-04  4.400012E-07  1.927197E-04 -1.216831E-02  2.050723E-08  2.050898E-08
  3.868000E+03  5.937293E-07  1.067511E-04 -1.979204E-07  1.921272E-04 -1.650246E-02  2.050700E-08  2.051118E-08
  3.869000E+03 -2.759090E-08  1.063582E-04 -1.141178E-06  1.928499E-04 -1.775845E-02  2.050794E-08  2.051161E-08
  3.870000E+03 -2.747566E-07  1.065826E-04  2.517429E-07  1.924344E-04 -1.149888E-02  2.050881E-08  2.051075E-08
  3.871000E+03  5.594112E-07  1.066634E-04  1.345848E-07  1.923018E-04 -1.911434E-02  2.050781E-08  2.051258E-08
  3.872000E+03  1.591167E-07  1.063186E-04 -1.208474E-06  1.929113E-04 -1.468106E-02  2.050785E-08  2.051053E-08
  3.873000E+03 -3.828696E-07  1.067319E-04 -3.553742E-08  1.921735E-04 -1.324656E-02  2.050924E-08  2.051215E-08
  3.874000E+03  4.477195E-07  1.065041E-04  4.264038E-07  1.926161E-04 -1.973243E-02  2.051042E-08  2.051493E-08
  3.875000E+03  3.553641E-07  1.064121E-04 -1.131333E-06  1.927544E-04 -1.198283E-02  2.050992E-08  2.051201E-08
  3.876000E+03 -4.206650E-07  1.067717E-04 -3.920922E-07  1.921096E-04 -1.650320E-02  2.050908E-08  2.051320E-08
  3.877000E+03  2.733423E-07  1.063536E-04  6.258415E-07  1.928789E-04 -1.796662E-02  2.051004E-08  2.051360E-08
  3.878000E+03  5.274905E-07  1.065859E-04 -9.142462E-07  1.924457E-04 -1.120927E-02  2.051071E-08  2.051298E-08
  3.879000E+03 -3.761437E-07  1.066810E-04 -7.607357E-07  1.922873E-04 -1.932437E-02  2.050958E-08  2.051447E-08
  3.880000E+03  6.338610E-08  1.063059E-04  6.899210E-07  1.929478E-04 -1.473789E-02  2.050927E-08  2.051166E-08
  3.881000E+03  6.439966E-07  1.067412E-04 -5.875450E-07  1.921640E-04 -1.298635E-02  2.051008E-08  2.051329E-08
  3.882000E+03 -2.511210E-07  1.065106E-04 -1.078564E-06  1.926096E-04 -2.004977E-02  2.051084E-08  2.051564E-08
  3.883000E+03 -1.520725E-07  1.063983E-04  6.005404E-07  1.927790E-04 -1.189092E-02  2.050991E-08  2.051160E-08
  3.884000E+03  6.841479E-07  1.067789E-04 -1.951184E-07  1.920880E-04 -1.637852E-02  2.050820E-08  2.051255E-08
  3.885000E+03 -6.341897E-08  1.063463E-04 -1.292201E-06  1.928783E-04 -1.820258E-02  2.050849E-08  2.051242E-08
  3.886000E+03 -3.361509E-07  1.065735E-04  3.660007E-07  1.924454E-04 -1.106094E-02  2.050832E-08  2.051020E-08
  3.887000E+03  6.362858E-07  1.066809E-04  1.993021E-07  1.922624E-04 -1.930795E-02  2.050691E-08  2.051191E-08
  3.888000E+03  1.583108E-07  1.062933E-04 -1.358223E-06  1.929436E-04 -1.483824E-02  2.050636E-08  2.050918E-08
  3.889000E+03 -4.566810E-07  1.067302E-04  1.917299E-08  1.921494E-04 -1.287273E-02  2.050644E-08  2.050932E-08
  3.890000E+03  5.024139E-07  1.065058E-04  5.313692E-07  1.925852E-04 -2.008537E-02  2.050731E-08  2.051206E-08
  3.891000E+03  3.828807E-07  1.063848E-04 -1.258097E-06  1.927709E-04 -1.191822E-02  2.050644E-08  2.050858E-08
  3.892000E+03 -4.913290E-07  1.067710E-04 -3.950323E-07  1.920694E-04 -1.628115E-02  2.050474E-08  2.050888E-08
  3.893000E+03  3.020608E-07  1.063399E-04  7.433516E-07  1.928581E-04 -1.827397E-02  2.050510E-08  2.050882E-08
  3.894000E+03  5.732505E-07  1.065627E-04 -1.003347E-06  1.924367E-04 -1.104046E-02  2.050533E-08  2.050763E-08
  3.895000E+03 -4.329505E-07  1.066776E-04 -8.093261E-07  1.922451E-04 -1.925298E-02  2.050444E-08  2.050940E-08
  3.896000E+03  6.688149E-08  1.062863E-04  7.984907E-07  1.929342E-04 -1.489575E-02  2.050400E-08  2.050648E-08
  3.897000E+03  6.960608E-07  1.067225E-04 -6.318597E-07  1.921398E-04 -1.283544E-02  2.050395E-08  2.050718E-08
  3.898000E+03 -2.888989E-07  1.065024E-04 -1.153180E-06  1.925697E-04 -2.008960E-02  2.050501E-08  2.050990E-08
  3.899000E+03 -1.656796E-07  1.063794E-04  6.842107E-07  1.927647E-04 -1.192766E-02  2.050472E-08  2.050645E-08
  3.900000E+03  7.280636E-07  1.067645E-04 -2.001233E-07  1.920635E-04 -1.623460E-02  2.050287E-08  2.050722E-08
  3.901000E+03 -8.155656E-08  1.063376E-04 -1.365021E-06  1.928448E-04 -1.827829E-02  2.050323E-08  2.050724E-08
  3.902000E+03 -3.579728E-07  1.065565E-04  4.171777E-07  1.924289E-04 -1.110293E-02  2.050328E-08  2.050518E-08
  3.903000E+03  6.652221E-07  1.066698E-04  2.211445E-07  1.922432E-04 -1.913581E-02  2.050278E-08  2.050775E-08
  3.904000E+03  1.558606E-07  1.062895E-04 -1.413044E-06  1.929146E-04 -1.492584E-02  2.050252E-08  2.050541E-08
  3.905000E+03 -4.802905E-07  1.067114E-04  4.096022E-08  1.921414E-04 -1.294501E-02  2.050197E-08  2.050487E-08
  3.906000E+03  5.194012E-07  1.064990E-04  5.653093E-07  1.925628E-04 -1.988924E-02  2.050368E-08  2.050839E-08
  3.907000E+03  3.860536E-07  1.063847E-04 -1.293599E-06  1.927463E-04 -1.205236E-02  2.050377E-08  2.050598E-08
  3.908000E+03 -5.093568E-07  1.067545E-04 -3.882592E-07  1.920778E-04 -1.623320E-02  2.050246E-08  2.050657E-08
  3.909000E+03  3.119181E-07  1.063454E-04  7.715092E-07  1.928323E-04 -1.813556E-02  2.050345E-08  2.050715E-08
  3.910000E+03  5.745847E-07  1.065609E-04 -1.023583E-06  1.924307E-04 -1.127598E-02  2.050429E-08  2.050666E-08
  3.911000E+03 -4.410898E-07  1.066695E-04 -8.060759E-07  1.922617E-04 -1.901740E-02  2.050475E-08  2.050959E-08
  3.912000E+03  7.237097E-08  1.063053E-04  8.104553E-07  1.929104E-04 -1.491236E-02  2.050512E-08  2.050763E-08
  3.913000E+03  6.955689E-07  1.067166E-04 -6.422403E-07  1.921628E-04 -1.307957E-02  2.050521E-08  2.050848E-08
  3.914000E+03 -2.916476E-07  1.065052E-04 -1.150240E-06  1.925817E-04 -1.975945E-02  2.050695E-08  2.051170E-08
  3.915000E+03 -1.595818E-07  1.064024E-04  6.851961E-07  1.927516E-04 -1.208692E-02  2.050774E-08  2.050953E-08
  3.916000E+03  7.266143E-07  1.067598E-04 -2.110044E-07  1.921071E-04 -1.631771E-02  2.050658E-08  2.051091E-08
  3.917000E+03 -8.525713E-08  1.063569E-04 -1.359523E-06  1.928497E-04 -1.800828E-02  2.050756E-08  2.051148E-08
  3.918000E+03 -3.471890E-07  1.065744E-04  4.166513E-07  1.924428E-04 -1.138251E-02  2.050815E-08  2.051012E-08
  3.919000E+03  6.606432E-07  1.066741E-04  2.033529E-07  1.922909E-04 -1.898724E-02  2.050877E-08  2.051363E-08
  3.920000E+03  1.493688E-07  1.063219E-04 -1.399417E-06  1.929184E-04 -1.487178E-02  2.050919E-08  2.051206E-08
  3.921000E+03 -4.637006E-07  1.067197E-04  4.171235E-08  1.921875E-04 -1.320226E-02  2.050840E-08  2.051132E-08
  3.922000E+03  5.117601E-07  1.065120E-04  5.383681E-07  1.925971E-04 -1.961421E-02  2.050996E-08  2.051453E-08
  3.923000E+03  3.750403E-07  1.064161E-04 -1.270729E-06  1.927532E-04 -1.220023E-02  2.051052E-08  2.051276E-08
  3.924000E+03 -4.904389E-07  1.067566E-04 -3.803411E-07  1.921360E-04 -1.632782E-02  2.050906E-08  2.051311E-08
  3.925000E+03  3.068905E-07  1.063687E-04  7.381343E-07  1.928478E-04 -1.789897E-02  2.050968E-08  2.051328E-08
  3.926000E+03  5.560381E-07  1.065791E-04 -1.000400E-06  1.924522E-04 -1.156678E-02  2.051001E-08  2.051243E-08
  3.927000E+03 -4.222645E-07  1.066723E-04 -7.833596E-07  1.923097E-04 -1.887752E-02  2.051046E-08  2.051518E-08
  3.928000E+03  7.548188E-08  1.063366E-04  7.714029E-07  1.929086E-04 -1.489119E-02  2.051097E-08  2.051347E-08
  3.929000E+03  6.658284E-07  1.067138E-04 -6.269145E-07  1.922100E-04 -1.333427E-02  2.050964E-08  2.051288E-08
  3.930000E+03 -2.731566E-07  1.065144E-04 -1.105393E-06  1.925986E-04 -1.942252E-02  2.051066E-08  2.051524E-08
  3.931000E+03 -1.448589E-07  1.064272E-04  6.384383E-07  1.927410E-04 -1.238348E-02  2.051133E-08  2.051319E-08
  3.932000E+03  6.868698E-07  1.067428E-04 -2.111841E-07  1.921668E-04 -1.628636E-02  2.050969E-08  2.051386E-08
  3.933000E+03 -7.048987E-08  1.063803E-04 -1.292433E-06  1.928281E-04 -1.773016E-02  2.050988E-08  2.051367E-08
  3.934000E+03 -3.179094E-07  1.065767E-04  3.666964E-07  1.924527E-04 -1.188970E-02  2.050952E-08  2.051158E-08
  3.935000E+03  6.172825E-07  1.066591E-04  1.773106E-07  1.923291E-04 -1.860670E-02  2.051009E-08  2.051470E-08
  3.936000E+03  1.523462E-07  1.063531E-04 -1.316768E-06  1.928724E-04 -1.493872E-02  2.051029E-08  2.051315E-08
  3.937000E+03 -4.170637E-07  1.066925E-04  2.317543E-09  1.922330E-04 -1.357041E-02  2.050794E-08  2.051083E-08
  3.938000E+03  4.714103E-07  1.065104E-04  4.762160E-07  1.925840E-04 -1.904173E-02  2.050849E-08  2.051279E-08
  3.939000E+03  3.594781E-07  1.064335E-04 -1.180622E-06  1.927067E-04 -1.270049E-02  2.050880E-08  2.051113E-08
  3.940000E+03 -4.283893E-07  1.067111E-04 -3.945768E-07  1.921942E-04 -1.622318E-02  2.050655E-08  2.051038E-08
  3.941000E+03  2.764670E-07  1.063869E-04  6.386970E-07  1.927792E-04 -1.747020E-02  2.050606E-08  2.050949E-08
  3.942000E+03  5.180225E-07  1.065645E-04 -9.135408E-07  1.924375E-04 -1.231897E-02  2.050545E-08  2.050795E-08
  3.943000E+03 -3.544214E-07  1.066304E-04 -7.578581E-07  1.923385E-04 -1.825988E-02  2.050571E-08  2.051004E-08
  3.944000E+03  6.625242E-08  1.063658E-04  6.453795E-07  1.928088E-04 -1.493234E-02  2.050598E-08  2.050848E-08
  3.945000E+03  6.035728E-07  1.066647E-04 -5.640503E-07  1.922426E-04 -1.390249E-02  2.050352E-08  2.050671E-08
  3.946000E+03 -2.127483E-07  1.064968E-04 -1.027138E-06  1.925667E-04 -1.855259E-02  2.050421E-08  2.050838E-08
  3.947000E+03 -1.243785E-07  1.064446E-04  5.055664E-07  1.926506E-04 -1.301714E-02  2.050487E-08  2.050691E-08
  3.948000E+03  6.054193E-07  1.066744E-04 -1.925999E-07  1.922256E-04 -1.625970E-02  2.050283E-08  2.050671E-08
  3.949000E+03 -2.956889E-08  1.063961E-04 -1.162614E-06  1.927315E-04 -1.704651E-02  2.050291E-08  2.050640E-08
  3.950000E+03 -2.658621E-07  1.065617E-04  2.492080E-07  1.924148E-04 -1.288028E-02  2.050234E-08  2.050461E-08
  3.951000E+03  5.294530E-07  1.065989E-04  1.387577E-07  1.923700E-04 -1.789219E-02  2.050314E-08  2.050726E-08
  3.952000E+03  1.618741E-07  1.063914E-04 -1.151876E-06  1.927420E-04 -1.484202E-02  2.050383E-08  2.050661E-08
  3.953000E+03 -3.359987E-07  1.066431E-04 -7.467031E-08  1.922663E-04 -1.438103E-02  2.050176E-08  2.050471E-08
  3.954000E+03  3.946695E-07  1.064876E-04  3.729366E-07  1.925692E-04 -1.795958E-02  2.050294E-08  2.050673E-08
  3.955000E+03  3.298176E-07  1.064695E-04 -1.009203E-06  1.925993E-04 -1.334161E-02  2.050413E-08  2.050660E-08
  3.956000E+03 -3.264669E-07  1.066458E-04 -4.099463E-07  1.922780E-04 -1.637306E-02  2.050289E-08  2.050650E-08
  3.957000E+03  2.261152E-07  1.064139E-04  4.756341E-07  1.927034E-04 -1.655813E-02  2.050350E-08  2.050658E-08
  3.958000E+03  4.506815E-07  1.065730E-04 -7.666008E-07  1.924064E-04 -1.343564E-02  2.050348E-08  2.050619E-08
  3.959000E+03 -2.490855E-07  1.065747E-04 -7.020006E-07  1.924219E-04 -1.761833E-02  2.050412E-08  2.050799E-08
  3.960000E+03  5.444015E-08  1.064241E-04  4.478980E-07  1.926966E-04 -1.464234E-02  2.050536E-08  2.050779E-08
  3.961000E+03  5.090233E-07  1.066375E-04 -4.728881E-07  1.922963E-04 -1.491012E-02  2.050371E-08  2.050698E-08
  3.962000E+03 -1.247745E-07  1.064790E-04 -9.055758E-07  1.926002E-04 -1.743005E-02  2.050475E-08  2.050838E-08
  3.963000E+03 -9.266597E-08  1.065016E-04  3.107044E-07  1.925585E-04 -1.351281E-02  2.050592E-08  2.050815E-08
  3.964000E+03  4.961118E-07  1.066274E-04 -1.759269E-07  1.923323E-04 -1.661676E-02  2.050507E-08  2.050878E-08
  3.965000E+03  2.560856E-08  1.064297E-04 -9.885835E-07  1.926983E-04 -1.605606E-02  2.050617E-08  2.050927E-08
  3.966000E+03 -1.935072E-07  1.065900E-04  8.922221E-08  1.924006E-04 -1.388237E-02  2.050600E-08  2.050855E-08
  3.967000E+03  4.197828E-07  1.065586E-04  7.621545E-08  1.924757E-04 -1.744384E-02  2.050683E-08  2.051055E-08
  3.968000E+03  1.754264E-07  1.064571E-04 -9.471711E-07  1.926655E-04 -1.447996E-02  2.050846E-08  2.051110E-08
  3.969000E+03 -2.345673E-07  1.066355E-04 -1.741893E-07  1.923346E-04 -1.532610E-02  2.050729E-08  2.051041E-08
  3.970000E+03  3.018266E-07  1.064803E-04  2.414217E-07  1.926286E-04 -1.699605E-02  2.050820E-08  2.051152E-08
  3.971000E+03  2.986865E-07  1.065342E-04 -8.052383E-07  1.925335E-04 -1.375331E-02  2.050947E-08  2.051204E-08
  3.972000E+03 -2.112933E-07  1.066158E-04 -4.319791E-07  1.923935E-04 -1.675956E-02  2.050930E-08  2.051285E-08
  3.973000E+03  1.653834E-07  1.064525E-04  2.941306E-07  1.926983E-04 -1.564390E-02  2.051071E-08  2.051347E-08
  3.974000E+03  3.762165E-07  1.066084E-04 -5.942346E-07  1.924081E-04 -1.434192E-02  2.051021E-08  2.051310E-08
  3.975000E+03 -1.339249E-07  1.065475E-04 -6.392846E-07  1.925318E-04 -1.725800E-02  2.051072E-08  2.051430E-08
  3.976000E+03  3.520082E-08  1.064909E-04  2.365507E-07  1.926424E-04 -1.434404E-02  2.051256E-08  2.051495E-08
  3.977000E+03  3.995377E-07  1.066320E-04 -3.564502E-07  1.923755E-04 -1.573794E-02  2.051085E-08  2.051419E-08
  3.978000E+03 -2.348462E-08  1.064793E-04 -7.643919E-07  1.926539E-04 -1.657281E-02  2.051083E-08  2.051406E-08
  3.979000E+03 -6.614459E-08  1.065610E-04  9.353972E-08  1.925046E-04 -1.399904E-02  2.051147E-08  2.051392E-08
  3.980000E+03  3.683049E-07  1.065930E-04 -1.357853E-07  1.924477E-04 -1.687628E-02  2.051066E-08  2.051422E-08
  3.981000E+03  9.660763E-08  1.064656E-04 -7.897666E-07  1.926766E-04 -1.525126E-02  2.051104E-08  2.051383E-08
  3.982000E+03 -1.213573E-07  1.066107E-04 -1.015552E-07  1.923984E-04 -1.482090E-02  2.050948E-08  2.051232E-08
  3.983000E+03  2.919996E-07  1.065213E-04  2.711330E-08  1.925651E-04 -1.698631E-02  2.050933E-08  2.051270E-08
  3.984000E+03  2.036373E-07  1.065102E-04 -7.175986E-07  1.925876E-04 -1.426630E-02  2.051046E-08  2.051304E-08
  3.985000E+03 -1.234534E-07  1.066090E-04 -3.093432E-07  1.923946E-04 -1.610902E-02  2.050833E-08  2.051160E-08
  3.986000E+03  1.903470E-07  1.064680E-04  1.043888E-07  1.926445E-04 -1.610322E-02  2.050782E-08  2.051075E-08
  3.987000E+03  2.779380E-07  1.065738E-04 -5.723034E-07  1.924543E-04 -1.429709E-02  2.050849E-08  2.051123E-08
  3.988000E+03 -7.671848E-08  1.065589E-04 -4.882817E-07  1.924825E-04 -1.690622E-02  2.050779E-08  2.051123E-08
  3.989000E+03  8.759111E-08  1.064754E-04  8.696917E-08  1.926312E-04 -1.486755E-02  2.050821E-08  2.051074E-08
  3.990000E+03  3.059531E-07  1.066088E-04 -3.915310E-07  1.923799E-04 -1.534218E-02  2.050698E-08  2.051010E-08
  3.991000E+03  3.707832E-09  1.064892E-04 -6.009618E-07  1.925965E-04 -1.664760E-02  2.050660E-08  2.050983E-08
  3.992000E+03  4.411053E-09  1.065345E-04 -1.042606E-08  1.925189E-04 -1.418819E-02  2.050784E-08  2.051029E-08
  3.993000E+03  2.865723E-07  1.065850E-04 -2.149204E-07  1.924142E-04 -1.661645E-02  2.050563E-08  2.050907E-08
  3.994000E+03  9.653078E-08  1.064516E-04 -6.298829E-07  1.926466E-04 -1.547655E-02  2.050509E-08  2.050789E-08
  3.995000E+03 -4.365768E-08  1.065946E-04 -1.573385E-07  1.923864E-04 -1.465649E-02  2.050516E-08  2.050792E-08
  3.996000E+03  2.282710E-07  1.065149E-04 -7.895243E-08  1.925271E-04 -1.706751E-02  2.050401E-08  2.050740E-08
  3.997000E+03  1.798473E-07  1.064811E-04 -5.758513E-07  1.925821E-04 -1.427370E-02  2.050427E-08  2.050676E-08
  3.998000E+03 -4.767763E-08  1.066082E-04 -3.173705E-07  1.923439E-04 -1.597448E-02  2.050282E-08  2.050608E-08
  3.999000E+03  1.486577E-07  1.064475E-04 -1.378027E-08  1.926315E-04 -1.633361E-02  2.050241E-08  2.050539E-08
  4.000000E+03  2.365729E-07  1.065543E-04 -4.610022E-07  1.924409E-04 -1.398407E-02  2.050340E-08  2.050598E-08
  4.001000E+03 -8.979891E-09  1.065631E-04 -4.561549E-07  1.924225E-04 -1.713912E-02  2.050213E-08  2.050568E-08
  4.002000E+03  6.793985E-08  1.064346E-04 -3.134758E-08  1.926489E-04 -1.490922E-02  2.050222E-08  2.050472E-08
  4.003000E+03  2.556855E-07  1.066149E-04 -3.169167E-07  1.923260E-04 -1.489866E-02  2.050255E-08  2.050555E-08
  4.004000E+03  6.016411E-08  1.064833E-04 -5.433043E-07  1.925655E-04 -1.724746E-02  2.050196E-08  2.050540E-08
  4.005000E+03  5.381160E-09  1.064905E-04 -1.215249E-07  1.925528E-04 -1.375153E-02  2.050310E-08  2.050536E-08
  4.006000E+03  2.360602E-07  1.066202E-04 -1.804553E-07  1.923217E-04 -1.647652E-02  2.050259E-08  2.050608E-08
  4.007000E+03  1.386916E-07  1.064196E-04 -5.614564E-07  1.926807E-04 -1.612551E-02  2.050234E-08  2.050529E-08
  4.008000E+03 -2.655397E-08  1.065838E-04 -2.520966E-07  1.923936E-04 -1.372052E-02  2.050411E-08  2.050660E-08
  4.009000E+03  1.813995E-07  1.065616E-04 -7.865746E-08  1.924436E-04 -1.768234E-02  2.050390E-08  2.050761E-08
  4.010000E+03  2.083056E-07  1.064248E-04 -5.046802E-07  1.926867E-04 -1.441004E-02  2.050452E-08  2.050694E-08
  4.011000E+03 -2.088880E-08  1.066497E-04 -3.923053E-07  1.922865E-04 -1.501259E-02  2.050499E-08  2.050807E-08
  4.012000E+03  1.044718E-07  1.064687E-04 -3.435786E-08  1.926187E-04 -1.756457E-02  2.050470E-08  2.050813E-08
  4.013000E+03  2.528192E-07  1.065030E-04 -3.862917E-07  1.925578E-04 -1.323374E-02  2.050619E-08  2.050840E-08
  4.014000E+03  2.109268E-08  1.066431E-04 -5.095730E-07  1.923111E-04 -1.687243E-02  2.050573E-08  2.050941E-08
  4.015000E+03  2.629774E-08  1.064028E-04 -6.017776E-08  1.927370E-04 -1.608428E-02  2.050510E-08  2.050790E-08
  4.016000E+03  2.621570E-07  1.066085E-04 -2.401440E-07  1.923718E-04 -1.344566E-02  2.050662E-08  2.050914E-08
  4.017000E+03  9.063721E-08  1.065694E-04 -5.778959E-07  1.924622E-04 -1.808941E-02  2.050722E-08  2.051114E-08
  4.018000E+03 -3.323374E-08  1.064191E-04 -1.533175E-07  1.927262E-04 -1.412735E-02  2.050770E-08  2.050991E-08
  4.019000E+03  2.321349E-07  1.066758E-04 -1.021180E-07  1.922660E-04 -1.502152E-02  2.050782E-08  2.051097E-08
  4.020000E+03  1.741992E-07  1.064673E-04 -5.793414E-07  1.926552E-04 -1.781301E-02  2.050822E-08  2.051183E-08
  4.021000E+03 -6.160680E-08  1.065128E-04 -2.962983E-07  1.925748E-04 -1.293446E-02  2.050997E-08  2.051204E-08
  4.022000E+03  1.703722E-07  1.066633E-04 -2.173349E-09  1.923124E-04 -1.704762E-02  2.050969E-08  2.051342E-08
  4.023000E+03  2.510562E-07  1.064008E-04 -5.138912E-07  1.927778E-04 -1.611432E-02  2.050905E-08  2.051197E-08
  4.024000E+03 -5.285525E-08  1.066290E-04 -4.528926E-07  1.923726E-04 -1.330236E-02  2.051068E-08  2.051318E-08
  4.025000E+03  8.767876E-08  1.065776E-04  4.024143E-08  1.924870E-04 -1.829893E-02  2.051137E-08  2.051527E-08
  4.026000E+03  3.021103E-07  1.064228E-04 -3.889360E-07  1.927544E-04 -1.396972E-02  2.051146E-08  2.051374E-08
  4.027000E+03 -3.803372E-09  1.066948E-04 -5.880399E-07  1.922618E-04 -1.510601E-02  2.051099E-08  2.051424E-08
  4.028000E+03 -2.376437E-09  1.064624E-04  9.148232E-09  1.926884E-04 -1.791938E-02  2.051077E-08  2.051428E-08
  4.029000E+03  3.176133E-07  1.065212E-04 -2.239928E-07  1.925777E-04 -1.272860E-02  2.051194E-08  2.051404E-08
  4.030000E+03  7.718609E-08  1.066710E-04 -6.766579E-07  1.923113E-04 -1.726299E-02  2.051097E-08  2.051489E-08
  4.031000E+03 -7.994509E-08  1.063903E-04 -9.338773E-08  1.928007E-04 -1.606545E-02  2.050949E-08  2.051225E-08
  4.032000E+03  2.915578E-07  1.066363E-04 -5.355052E-08  1.923553E-04 -1.321197E-02  2.051027E-08  2.051278E-08
  4.033000E+03  1.758071E-07  1.065707E-04 -6.967006E-07  1.924913E-04 -1.846972E-02  2.051044E-08  2.051454E-08
  4.034000E+03 -1.233667E-07  1.064153E-04 -2.549836E-07  1.927535E-04 -1.381963E-02  2.050996E-08  2.051210E-08
  4.035000E+03  2.221882E-07  1.066973E-04  8.129766E-08  1.922398E-04 -1.517701E-02  2.050911E-08  2.051237E-08
  4.036000E+03  2.742544E-07  1.064461E-04 -6.319173E-07  1.926969E-04 -1.794190E-02  2.050854E-08  2.051221E-08
  4.037000E+03 -1.233885E-07  1.065216E-04 -4.474820E-07  1.925532E-04 -1.259944E-02  2.050944E-08  2.051149E-08
  4.038000E+03  1.231014E-07  1.066654E-04  1.526700E-07  1.922992E-04 -1.745386E-02  2.050855E-08  2.051244E-08
  4.039000E+03  3.499649E-07  1.063740E-04 -4.926542E-07  1.928066E-04 -1.589902E-02  2.050702E-08  2.050989E-08
  4.040000E+03 -7.801177E-08  1.066412E-04 -6.281996E-07  1.923182E-04 -1.323054E-02  2.050725E-08  2.050984E-08
  4.041000E+03  1.143204E-08  1.065533E-04  1.443228E-07  1.924939E-04 -1.864031E-02  2.050730E-08  2.051129E-08
  4.042000E+03  3.840640E-07  1.064051E-04 -2.988312E-07  1.927397E-04 -1.356028E-02  2.050659E-08  2.050878E-08
  4.043000E+03  8.552593E-09  1.066964E-04 -7.571954E-07  1.922048E-04 -1.535660E-02  2.050515E-08  2.050861E-08
  4.044000E+03 -9.252400E-08  1.064217E-04  4.988054E-08  1.927008E-04 -1.796084E-02  2.050423E-08  2.050772E-08
  4.045000E+03  3.709286E-07  1.065169E-04 -8.608900E-08  1.925182E-04 -1.240258E-02  2.050486E-08  2.050693E-08
  4.046000E+03  1.209296E-07  1.066577E-04 -8.124060E-07  1.922750E-04 -1.767230E-02  2.050441E-08  2.050855E-08
  4.047000E+03 -1.659939E-07  1.063544E-04 -1.169845E-07  1.928054E-04 -1.577838E-02  2.050314E-08  2.050581E-08
  4.048000E+03  3.102599E-07  1.066400E-04  1.012553E-07  1.922814E-04 -1.317487E-02  2.050311E-08  2.050569E-08
  4.049000E+03  2.395294E-07  1.065418E-04 -7.791444E-07  1.924827E-04 -1.879941E-02  2.050383E-08  2.050808E-08
  4.050000E+03 -1.898821E-07  1.063940E-04 -3.317106E-07  1.927318E-04 -1.338936E-02  2.050366E-08  2.050570E-08
  4.051000E+03  2.104681E-07  1.066970E-04  2.198057E-07  1.921773E-04 -1.540865E-02  2.050231E-08  2.050571E-08
  4.052000E+03  3.432162E-07  1.064090E-04 -6.586420E-07  1.927010E-04 -1.802368E-02  2.050179E-08  2.050551E-08
  4.053000E+03 -1.632199E-07  1.065148E-04 -5.536638E-07  1.925042E-04 -1.224459E-02  2.050300E-08  2.050501E-08
  4.054000E+03  8.964264E-08  1.066599E-04  2.546462E-07  1.922613E-04 -1.778506E-02  2.050332E-08  2.050735E-08
  4.055000E+03  4.095328E-07  1.063456E-04 -4.701065E-07  1.928147E-04 -1.574821E-02  2.050245E-08  2.050528E-08
  4.056000E+03 -8.927840E-08  1.066442E-04 -7.365743E-07  1.922690E-04 -1.307761E-02  2.050263E-08  2.050527E-08
  4.057000E+03 -3.210186E-08  1.065420E-04  1.976934E-07  1.924816E-04 -1.892894E-02  2.050371E-08  2.050781E-08
  4.058000E+03  4.238530E-07  1.063906E-04 -2.423434E-07  1.927411E-04 -1.328698E-02  2.050403E-08  2.050615E-08
  4.059000E+03  2.055149E-08  1.067031E-04 -8.436407E-07  1.921699E-04 -1.538952E-02  2.050269E-08  2.050624E-08
  4.060000E+03 -1.340599E-07  1.064078E-04  5.631706E-08  1.927073E-04 -1.811375E-02  2.050220E-08  2.050574E-08
  4.061000E+03  3.882115E-07  1.065153E-04 -1.730677E-08  1.925102E-04 -1.213129E-02  2.050377E-08  2.050579E-08
  4.062000E+03  1.453933E-07  1.066684E-04 -8.638134E-07  1.922588E-04 -1.779883E-02  2.050469E-08  2.050894E-08
  4.063000E+03 -1.951081E-07  1.063477E-04 -1.438649E-07  1.928276E-04 -1.580618E-02  2.050421E-08  2.050689E-08
  4.064000E+03  3.066651E-07  1.066476E-04  1.607759E-07  1.922804E-04 -1.297510E-02  2.050451E-08  2.050705E-08
  4.065000E+03  2.656761E-07  1.065581E-04 -7.909369E-07  1.924821E-04 -1.895097E-02  2.050685E-08  2.051121E-08
  4.066000E+03 -2.018289E-07  1.063959E-04 -3.742403E-07  1.927654E-04 -1.339092E-02  2.050761E-08  2.050965E-08
  4.067000E+03  1.922198E-07  1.067117E-04  2.563042E-07  1.921914E-04 -1.522056E-02  2.050668E-08  2.051003E-08
  4.068000E+03  3.630471E-07  1.064312E-04 -6.372330E-07  1.927108E-04 -1.821303E-02  2.050705E-08  2.051086E-08
  4.069000E+03 -1.591618E-07  1.065190E-04 -5.953645E-07  1.925499E-04 -1.224293E-02  2.050869E-08  2.051069E-08
  4.070000E+03  6.701264E-08  1.066827E-04  2.630013E-07  1.922799E-04 -1.756900E-02  2.050976E-08  2.051374E-08
  4.071000E+03  4.167956E-07  1.063702E-04 -4.310818E-07  1.928347E-04 -1.602066E-02  2.050924E-08  2.051217E-08
  4.072000E+03 -7.356256E-08  1.066452E-04 -7.620901E-07  1.923266E-04 -1.300024E-02  2.050898E-08  2.051156E-08
  4.073000E+03 -4.941771E-08  1.065756E-04  1.794262E-07  1.924874E-04 -1.874936E-02  2.051085E-08  2.051492E-08
  4.074000E+03  4.169486E-07  1.064080E-04 -2.035119E-07  1.927769E-04 -1.367493E-02  2.051109E-08  2.051330E-08
  4.075000E+03  4.216612E-08  1.067057E-04 -8.456988E-07  1.922284E-04 -1.509307E-02  2.050952E-08  2.051293E-08
  4.076000E+03 -1.407131E-07  1.064503E-04  1.883898E-08  1.926976E-04 -1.814623E-02  2.050934E-08  2.051293E-08
  4.077000E+03  3.692458E-07  1.065157E-04  9.356351E-09  1.925711E-04 -1.250225E-02  2.051024E-08  2.051230E-08
  4.078000E+03  1.658329E-07  1.066790E-04 -8.414397E-07  1.922949E-04 -1.729499E-02  2.051076E-08  2.051481E-08
  4.079000E+03 -1.870205E-07  1.063868E-04 -1.896566E-07  1.928116E-04 -1.615714E-02  2.050994E-08  2.051276E-08
  4.080000E+03  2.806620E-07  1.066293E-04  1.636794E-07  1.923584E-04 -1.310159E-02  2.050927E-08  2.051174E-08
  4.081000E+03  2.769811E-07  1.065825E-04 -7.482258E-07  1.924748E-04 -1.844634E-02  2.051096E-08  2.051514E-08
  4.082000E+03 -1.800274E-07  1.064158E-04 -4.120415E-07  1.927645E-04 -1.399753E-02  2.051119E-08  2.051341E-08
  4.083000E+03  1.676805E-07  1.066895E-04  2.313363E-07  1.922605E-04 -1.494975E-02  2.050989E-08  2.051304E-08
  4.084000E+03  3.586527E-07  1.064682E-04 -5.860829E-07  1.926690E-04 -1.800619E-02  2.050979E-08  2.051356E-08
  4.085000E+03 -1.273506E-07  1.065097E-04 -6.096712E-07  1.925823E-04 -1.287228E-02  2.051018E-08  2.051232E-08
  4.086000E+03  5.070663E-08  1.066674E-04  2.125325E-07  1.923114E-04 -1.695870E-02  2.051040E-08  2.051410E-08
  4.087000E+03  3.953126E-07  1.064050E-04 -3.837304E-07  1.927730E-04 -1.627285E-02  2.050930E-08  2.051233E-08
  4.088000E+03 -3.844637E-08  1.066062E-04 -7.453591E-07  1.923854E-04 -1.333837E-02  2.050766E-08  2.051021E-08
  4.089000E+03 -5.304451E-08  1.065767E-04  1.133671E-07  1.924590E-04 -1.804001E-02  2.050831E-08  2.051213E-08
  4.090000E+03  3.822223E-07  1.064219E-04 -1.714213E-07  1.927248E-04 -1.433810E-02  2.050802E-08  2.051043E-08
  4.091000E+03  7.065001E-08  1.066570E-04 -7.982962E-07  1.922844E-04 -1.493018E-02  2.050619E-08  2.050939E-08
  4.092000E+03 -1.256432E-07  1.064711E-04 -4.770973E-08  1.926232E-04 -1.769755E-02  2.050559E-08  2.050907E-08
  4.093000E+03  3.261444E-07  1.064979E-04  1.091455E-08  1.925597E-04 -1.329402E-02  2.050540E-08  2.050763E-08
  4.094000E+03  1.782304E-07  1.066393E-04 -7.660793E-07  1.923156E-04 -1.668828E-02  2.050555E-08  2.050927E-08
  4.095000E+03 -1.506891E-07  1.064127E-04 -2.400539E-07  1.927157E-04 -1.622089E-02  2.050470E-08  2.050759E-08
  4.096000E+03  2.382218E-07  1.065797E-04  1.231847E-07  1.923880E-04 -1.361900E-02  2.050275E-08  2.050524E-08
  4.097000E+03  2.683674E-07  1.065651E-04 -6.590331E-07  1.924358E-04 -1.765711E-02  2.050374E-08  2.050760E-08
  4.098000E+03 -1.272635E-07  1.064255E-04 -4.331806E-07  1.926817E-04 -1.456921E-02  2.050407E-08  2.050650E-08
  4.099000E+03  1.364813E-07  1.066305E-04  1.506156E-07  1.923026E-04 -1.489545E-02  2.050305E-08  2.050603E-08
  4.100000E+03  3.245676E-07  1.064801E-04 -5.005359E-07  1.925829E-04 -1.746152E-02  2.050313E-08  2.050671E-08
  4.101000E+03 -6.640068E-08  1.064902E-04 -5.868935E-07  1.925538E-04 -1.365119E-02  2.050319E-08  2.050551E-08
  4.102000E+03  4.374526E-08  1.066244E-04  9.835594E-08  1.923278E-04 -1.637275E-02  2.050409E-08  2.050749E-08
  4.103000E+03  3.342295E-07  1.064317E-04 -3.261455E-07  1.926743E-04 -1.627996E-02  2.050394E-08  2.050698E-08
  4.104000E+03  1.703336E-08  1.065597E-04 -6.658489E-07  1.924163E-04 -1.385058E-02  2.050186E-08  2.050444E-08
  4.105000E+03 -2.689146E-08  1.065666E-04 -1.395047E-08  1.924242E-04 -1.725230E-02  2.050294E-08  2.050648E-08
  4.106000E+03  3.025362E-07  1.064391E-04 -1.652001E-07  1.926559E-04 -1.489460E-02  2.050385E-08  2.050642E-08
  4.107000E+03  1.054285E-07  1.066060E-04 -6.675056E-07  1.923427E-04 -1.483970E-02  2.050263E-08  2.050562E-08
  4.108000E+03 -6.419931E-08  1.064971E-04 -1.599507E-07  1.925469E-04 -1.718990E-02  2.050265E-08  2.050602E-08
  4.109000E+03  2.417015E-07  1.064875E-04 -4.845146E-08  1.925576E-04 -1.407892E-02  2.050295E-08  2.050534E-08
  4.110000E+03  1.788299E-07  1.066110E-04 -6.013825E-07  1.923531E-04 -1.601935E-02  2.050433E-08  2.050769E-08
  4.111000E+03 -5.848451E-08  1.064569E-04 -3.076013E-07  1.926346E-04 -1.633331E-02  2.050455E-08  2.050755E-08
  4.112000E+03  1.660507E-07  1.065442E-04 -5.168057E-09  1.924550E-04 -1.409694E-02  2.050294E-08  2.050544E-08
  4.113000E+03  2.273169E-07  1.065774E-04 -4.883513E-07  1.924221E-04 -1.681085E-02  2.050494E-08  2.050846E-08
  4.114000E+03 -1.851294E-08  1.064598E-04 -4.311923E-07  1.926445E-04 -1.526384E-02  2.050650E-08  2.050917E-08
  4.115000E+03  9.452309E-08  1.065910E-04 -3.184213E-08  1.924000E-04 -1.471716E-02  2.050589E-08  2.050866E-08
  4.116000E+03  2.429821E-07  1.065309E-04 -3.597556E-07  1.925232E-04 -1.695655E-02  2.050672E-08  2.051013E-08
  4.117000E+03  3.975432E-08  1.064912E-04 -5.037704E-07  1.925927E-04 -1.453658E-02  2.050726E-08  2.050979E-08
  4.118000E+03  4.529305E-08  1.066113E-04 -1.103448E-07  1.923948E-04 -1.557172E-02  2.050899E-08  2.051205E-08
  4.119000E+03  2.215489E-07  1.064966E-04 -2.480570E-07  1.926089E-04 -1.652496E-02  2.050940E-08  2.051255E-08
  4.120000E+03  1.023845E-07  1.065313E-04 -5.069433E-07  1.925259E-04 -1.431224E-02  2.050793E-08  2.051048E-08
  4.121000E+03  2.198283E-08  1.065995E-04 -2.160381E-07  1.924253E-04 -1.632411E-02  2.050970E-08  2.051298E-08
  4.122000E+03  1.744774E-07  1.064848E-04 -1.685884E-07  1.926431E-04 -1.579372E-02  2.051101E-08  2.051386E-08
  4.123000E+03  1.550157E-07  1.065709E-04 -4.527822E-07  1.924726E-04 -1.453400E-02  2.050981E-08  2.051251E-08
  4.124000E+03  2.660743E-08  1.065672E-04 -3.222877E-07  1.924883E-04 -1.671658E-02  2.051007E-08  2.051341E-08
  4.125000E+03  1.188693E-07  1.064888E-04 -1.376013E-07  1.926256E-04 -1.511662E-02  2.051012E-08  2.051275E-08
  4.126000E+03  1.837510E-07  1.066000E-04 -3.647261E-07  1.924329E-04 -1.504895E-02  2.051103E-08  2.051395E-08
  4.127000E+03  6.069723E-08  1.065317E-04 -4.030198E-07  1.925618E-04 -1.669448E-02  2.051108E-08  2.051434E-08
  4.128000E+03  6.833420E-08  1.065074E-04 -1.678854E-07  1.925837E-04 -1.461487E-02  2.050940E-08  2.051191E-08
  4.129000E+03  1.838056E-07  1.066102E-04 -2.659438E-07  1.924163E-04 -1.574085E-02  2.051101E-08  2.051416E-08
  4.130000E+03  1.151554E-07  1.065033E-04 -4.423295E-07  1.926183E-04 -1.634580E-02  2.051175E-08  2.051484E-08
  4.131000E+03  3.525185E-08  1.065390E-04 -2.505635E-07  1.925330E-04 -1.437484E-02  2.051015E-08  2.051267E-08
  4.132000E+03  1.540391E-07  1.065978E-04 -1.798232E-07  1.924366E-04 -1.639494E-02  2.051056E-08  2.051387E-08
  4.133000E+03  1.715306E-07  1.064793E-04 -4.247037E-07  1.926431E-04 -1.576925E-02  2.050996E-08  2.051283E-08
  4.134000E+03  3.098872E-08  1.065776E-04 -3.577366E-07  1.924642E-04 -1.446442E-02  2.051024E-08  2.051289E-08
  4.135000E+03  1.007517E-07  1.065660E-04 -1.331266E-07  1.924921E-04 -1.685742E-02  2.051021E-08  2.051358E-08
  4.136000E+03  2.113151E-07  1.064737E-04 -3.491396E-07  1.926371E-04 -1.499329E-02  2.050848E-08  2.051111E-08
  4.137000E+03  5.755819E-08  1.066111E-04 -4.546619E-07  1.923976E-04 -1.505439E-02  2.050941E-08  2.051236E-08
  4.138000E+03  3.860904E-08  1.065200E-04 -1.403487E-07  1.925695E-04 -1.694698E-02  2.050955E-08  2.051283E-08
  4.139000E+03  2.218857E-07  1.064949E-04 -2.352288E-07  1.925894E-04 -1.426559E-02  2.050769E-08  2.051014E-08
  4.140000E+03  1.115955E-07  1.066193E-04 -5.142326E-07  1.923700E-04 -1.596799E-02  2.050773E-08  2.051103E-08
  4.141000E+03 -1.417218E-08  1.064654E-04 -2.080234E-07  1.926370E-04 -1.649626E-02  2.050639E-08  2.050943E-08
  4.142000E+03  1.991871E-07  1.065418E-04 -1.156749E-07  1.924874E-04 -1.391605E-02  2.050598E-08  2.050841E-08
  4.143000E+03  1.832191E-07  1.065932E-04 -5.214049E-07  1.924057E-04 -1.689782E-02  2.050620E-08  2.050977E-08
  4.144000E+03 -4.219185E-08  1.064364E-04 -3.279132E-07  1.926695E-04 -1.546082E-02  2.050461E-08  2.050729E-08
  4.145000E+03  1.445147E-07  1.065994E-04 -2.152536E-08  1.923758E-04 -1.435825E-02  2.050502E-08  2.050773E-08
  4.146000E+03  2.556088E-07  1.065343E-04 -4.666040E-07  1.925038E-04 -1.742815E-02  2.050514E-08  2.050877E-08
  4.147000E+03 -3.126896E-08  1.064508E-04 -4.773345E-07  1.926331E-04 -1.425812E-02  2.050387E-08  2.050624E-08
  4.148000E+03  6.314139E-08  1.066329E-04  1.569304E-08  1.923110E-04 -1.547442E-02  2.050422E-08  2.050735E-08
  4.149000E+03  3.076757E-07  1.064572E-04 -3.449595E-07  1.926194E-04 -1.713643E-02  2.050271E-08  2.050609E-08
  4.150000E+03  2.062985E-08  1.065090E-04 -6.165120E-07  1.925135E-04 -1.347591E-02  2.050256E-08  2.050488E-08
  4.151000E+03 -2.993688E-08  1.066195E-04 -1.879113E-08  1.923334E-04 -1.683715E-02  2.050358E-08  2.050713E-08
  4.152000E+03  3.233181E-07  1.064071E-04 -1.742050E-07  1.926990E-04 -1.591471E-02  2.050195E-08  2.050481E-08
  4.153000E+03  1.061921E-07  1.065911E-04 -7.086943E-07  1.923640E-04 -1.373534E-02  2.050236E-08  2.050501E-08
  4.154000E+03 -1.122945E-07  1.065537E-04 -1.268217E-07  1.924507E-04 -1.782188E-02  2.050307E-08  2.050679E-08
  4.155000E+03  2.887058E-07  1.064158E-04  1.176193E-08  1.926830E-04 -1.427228E-02  2.050243E-08  2.050477E-08
  4.156000E+03  2.155854E-07  1.066510E-04 -7.197587E-07  1.922663E-04 -1.502265E-02  2.050309E-08  2.050633E-08
  4.157000E+03 -1.607231E-07  1.064585E-04 -3.058787E-07  1.926126E-04 -1.772120E-02  2.050203E-08  2.050555E-08
  4.158000E+03  2.057583E-07  1.064886E-04  1.661756E-07  1.925517E-04 -1.308744E-02  2.050281E-08  2.050493E-08
  4.159000E+03  3.281702E-07  1.066525E-04 -6.386007E-07  1.922843E-04 -1.679007E-02  2.050471E-08  2.050854E-08
  4.160000E+03 -1.603190E-07  1.063928E-04 -5.263294E-07  1.927404E-04 -1.633859E-02  2.050344E-08  2.050642E-08
  4.161000E+03  8.883985E-08  1.065952E-04  2.495515E-07  1.923729E-04 -1.320788E-02  2.050424E-08  2.050662E-08
  4.162000E+03  4.171792E-07  1.065802E-04 -4.740411E-07  1.924269E-04 -1.814353E-02  2.050553E-08  2.050963E-08
  4.163000E+03 -1.001338E-07  1.063982E-04 -7.437124E-07  1.927421E-04 -1.429895E-02  2.050532E-08  2.050772E-08
  4.164000E+03 -4.733396E-08  1.066759E-04  2.298864E-07  1.922471E-04 -1.469389E-02  2.050592E-08  2.050895E-08
  4.165000E+03  4.596548E-07  1.064661E-04 -2.383296E-07  1.926306E-04 -1.814281E-02  2.050526E-08  2.050909E-08
  4.166000E+03  1.398831E-08  1.064829E-04 -9.089267E-07  1.925939E-04 -1.276717E-02  2.050628E-08  2.050846E-08
  4.167000E+03 -1.802759E-07  1.066855E-04  1.024208E-07  1.922571E-04 -1.685905E-02  2.050813E-08  2.051189E-08
  4.168000E+03  4.437646E-07  1.063798E-04  3.307784E-08  1.927946E-04 -1.658743E-02  2.050663E-08  2.050974E-08
  4.169000E+03  1.624945E-07  1.066096E-04 -9.847583E-07  1.923768E-04 -1.274284E-02  2.050755E-08  2.051009E-08
  4.170000E+03 -2.787567E-07  1.066041E-04 -1.170904E-07  1.924168E-04 -1.858091E-02  2.050888E-08  2.051304E-08
  4.171000E+03  3.611992E-07  1.063780E-04  2.850937E-07  1.928071E-04 -1.418279E-02  2.050837E-08  2.051067E-08
  4.172000E+03  3.227715E-07  1.067071E-04 -9.386797E-07  1.922175E-04 -1.440352E-02  2.050884E-08  2.051219E-08
  4.173000E+03 -3.173200E-07  1.064710E-04 -4.027521E-07  1.926548E-04 -1.866928E-02  2.050857E-08  2.051252E-08
  4.174000E+03  2.211514E-07  1.064755E-04  4.613205E-07  1.926374E-04 -1.235980E-02  2.050960E-08  2.051152E-08
  4.175000E+03  4.705866E-07  1.067183E-04 -7.712233E-07  1.922246E-04 -1.695586E-02  2.051093E-08  2.051514E-08
  4.176000E+03 -2.858984E-07  1.063674E-04 -7.144246E-07  1.928456E-04 -1.687194E-02  2.050956E-08  2.051278E-08
  4.177000E+03  4.596561E-08  1.066223E-04  5.259863E-07  1.923800E-04 -1.231041E-02  2.051044E-08  2.051268E-08
  4.178000E+03  5.750304E-07  1.066217E-04 -5.038326E-07  1.924091E-04 -1.896364E-02  2.051130E-08  2.051594E-08
  4.179000E+03 -1.809941E-07  1.063595E-04 -9.941823E-07  1.928578E-04 -1.407545E-02  2.051022E-08  2.051263E-08
  4.180000E+03 -1.382780E-07  1.067323E-04  4.534768E-07  1.921866E-04 -1.419972E-02  2.051046E-08  2.051356E-08
  4.181000E+03  6.104063E-07  1.064677E-04 -1.690095E-07  1.926771E-04 -1.908549E-02  2.051015E-08  2.051445E-08
  4.182000E+03 -1.465228E-08  1.064641E-04 -1.183104E-06  1.926627E-04 -1.198132E-02  2.051018E-08  2.051227E-08
  4.183000E+03 -3.020729E-07  1.067415E-04  2.461055E-07  1.921819E-04 -1.710853E-02  2.051079E-08  2.051488E-08
  4.184000E+03  5.645537E-07  1.063429E-04  1.843000E-07  1.928854E-04 -1.708704E-02  2.050900E-08  2.051235E-08
  4.185000E+03  1.885155E-07  1.066261E-04 -1.239694E-06  1.923620E-04 -1.185776E-02  2.050935E-08  2.051187E-08
  4.186000E+03 -4.139090E-07  1.066292E-04 -7.068251E-08  1.923782E-04 -1.944358E-02  2.050926E-08  2.051391E-08
  4.187000E+03  4.380806E-07  1.063242E-04  4.940400E-07  1.928956E-04 -1.392084E-02  2.050749E-08  2.050977E-08
  4.188000E+03  3.969408E-07  1.067513E-04 -1.142414E-06  1.921275E-04 -1.392914E-02  2.050786E-08  2.051142E-08
  4.189000E+03 -4.490153E-07  1.064540E-04 -4.529872E-07  1.926772E-04 -1.966199E-02  2.050730E-08  2.051172E-08
  4.190000E+03  2.497468E-07  1.064356E-04  6.982662E-07  1.926791E-04 -1.149885E-02  2.050656E-08  2.050830E-08
  4.191000E+03  5.763487E-07  1.067616E-04 -9.032766E-07  1.921090E-04 -1.720059E-02  2.050682E-08  2.051148E-08
  4.192000E+03 -3.947924E-07  1.063132E-04 -8.428535E-07  1.929089E-04 -1.744748E-02  2.050564E-08  2.050914E-08
  4.193000E+03  2.719478E-08  1.066145E-04  7.524415E-07  1.923456E-04 -1.129824E-02  2.050551E-08  2.050759E-08
  4.194000E+03  6.936072E-07  1.066374E-04 -5.524859E-07  1.923245E-04 -1.979670E-02  2.050497E-08  2.051018E-08
  4.195000E+03 -2.520743E-07  1.062913E-04 -1.174891E-06  1.929211E-04 -1.394026E-02  2.050384E-08  2.050630E-08
  4.196000E+03 -2.000118E-07  1.067575E-04  6.369146E-07  1.920860E-04 -1.354018E-02  2.050473E-08  2.050788E-08
  4.197000E+03  7.261549E-07  1.064474E-04 -1.316125E-07  1.926607E-04 -2.007570E-02  2.050410E-08  2.050893E-08
  4.198000E+03 -4.083799E-08  1.064109E-04 -1.390601E-06  1.926908E-04 -1.125639E-02  2.050311E-08  2.050511E-08
  4.199000E+03 -3.950939E-07  1.067746E-04  3.642748E-07  1.920593E-04 -1.712021E-02  2.050406E-08  2.050843E-08
  4.200000E+03  6.607994E-07  1.062946E-04  2.969188E-07  1.929210E-04 -1.772244E-02  2.050325E-08  2.050692E-08
  4.201000E+03  2.080678E-07  1.066054E-04 -1.441978E-06  1.923364E-04 -1.094211E-02  2.050287E-08  2.050532E-08
  4.202000E+03 -5.206945E-07  1.066468E-04 -3.204565E-08  1.922871E-04 -2.000110E-02  2.050270E-08  2.050776E-08
  4.203000E+03  4.996935E-07  1.062704E-04  6.585064E-07  1.929437E-04 -1.398318E-02  2.050219E-08  2.050456E-08
  4.204000E+03  4.572314E-07  1.067652E-04 -1.306299E-06  1.920607E-04 -1.326627E-02  2.050359E-08  2.050722E-08
  4.205000E+03 -5.516947E-07  1.064473E-04 -4.969699E-07  1.926506E-04 -2.042351E-02  2.050286E-08  2.050770E-08
  4.206000E+03  2.682304E-07  1.063956E-04  8.857505E-07  1.927099E-04 -1.106182E-02  2.050223E-08  2.050392E-08
  4.207000E+03  6.639923E-07  1.067899E-04 -1.002513E-06  1.920274E-04 -1.705531E-02  2.050360E-08  2.050851E-08
  4.208000E+03 -4.751781E-07  1.062873E-04 -9.563737E-07  1.929354E-04 -1.798305E-02  2.050326E-08  2.050706E-08
  4.209000E+03  1.623350E-09  1.066005E-04  9.280442E-07  1.923445E-04 -1.065263E-02  2.050286E-08  2.050485E-08
  4.210000E+03  7.904967E-07  1.066627E-04 -5.722286E-07  1.922659E-04 -2.008097E-02  2.050346E-08  2.050901E-08
  4.211000E+03 -2.969835E-07  1.062654E-04 -1.332030E-06  1.929697E-04 -1.409875E-02  2.050396E-08  2.050659E-08
  4.212000E+03 -2.628942E-07  1.067714E-04  7.700019E-07  1.920660E-04 -1.303606E-02  2.050540E-08  2.050854E-08
  4.213000E+03  8.156542E-07  1.064596E-04 -7.307349E-08  1.926504E-04 -2.054786E-02  2.050516E-08  2.051033E-08
  4.214000E+03 -4.632412E-08  1.063977E-04 -1.561668E-06  1.927347E-04 -1.106954E-02  2.050527E-08  2.050734E-08
  4.215000E+03 -4.798686E-07  1.068030E-04  4.360296E-07  1.920364E-04 -1.694489E-02  2.050712E-08  2.051159E-08
  4.216000E+03  7.292418E-07  1.062957E-04  4.134263E-07  1.929536E-04 -1.807267E-02  2.050680E-08  2.051071E-08
  4.217000E+03  2.363505E-07  1.066100E-04 -1.596177E-06  1.923621E-04 -1.061910E-02  2.050656E-08  2.050907E-08
  4.218000E+03 -6.100150E-07  1.066753E-04 -2.305347E-08  1.922821E-04 -2.008132E-02  2.050762E-08  2.051286E-08
  4.219000E+03  5.406119E-07  1.062751E-04  8.037171E-07  1.929928E-04 -1.410701E-02  2.050828E-08  2.051078E-08
  4.220000E+03  5.100317E-07  1.067842E-04 -1.424325E-06  1.920791E-04 -1.307958E-02  2.050927E-08  2.051300E-08
  4.221000E+03 -6.324333E-07  1.064660E-04 -5.421000E-07  1.926739E-04 -2.057007E-02  2.050888E-08  2.051389E-08
  4.222000E+03  2.806972E-07  1.064103E-04  1.034661E-06  1.927480E-04 -1.102281E-02  2.050911E-08  2.051087E-08
  4.223000E+03  7.299897E-07  1.068111E-04 -1.074402E-06  1.920513E-04 -1.706394E-02  2.051023E-08  2.051529E-08
  4.224000E+03 -5.381268E-07  1.062969E-04 -1.040117E-06  1.929754E-04 -1.800789E-02  2.050935E-08  2.051326E-08
  4.225000E+03 -1.117513E-08  1.066216E-04  1.060354E-06  1.923628E-04 -1.059616E-02  2.050888E-08  2.051095E-08
  4.226000E+03  8.588750E-07  1.066778E-04 -5.964246E-07  1.922989E-04 -2.017207E-02  2.050985E-08  2.051555E-08
  4.227000E+03 -3.384198E-07  1.062764E-04 -1.435916E-06  1.930044E-04 -1.401843E-02  2.050979E-08  2.051249E-08
  4.228000E+03 -2.925770E-07  1.067908E-04  8.723985E-07  1.920773E-04 -1.311395E-02  2.051031E-08  2.051356E-08
  4.229000E+03  8.770615E-07  1.064664E-04 -5.923390E-08  1.926873E-04 -2.057218E-02  2.051039E-08  2.051565E-08
  4.230000E+03 -6.793883E-08  1.064154E-04 -1.666190E-06  1.927495E-04 -1.099503E-02  2.051027E-08  2.051242E-08
  4.231000E+03 -5.156861E-07  1.068118E-04  5.040812E-07  1.920572E-04 -1.712418E-02  2.051097E-08  2.051556E-08
  4.232000E+03  7.757402E-07  1.062967E-04  4.499949E-07  1.929818E-04 -1.794256E-02  2.051003E-08  2.051395E-08
  4.233000E+03  2.313355E-07  1.066299E-04 -1.683495E-06  1.923562E-04 -1.064551E-02  2.050976E-08  2.051238E-08
  4.234000E+03 -6.438148E-07  1.066729E-04  1.108491E-08  1.923119E-04 -2.024826E-02  2.051026E-08  2.051558E-08
  4.235000E+03  5.698993E-07  1.062746E-04  8.487296E-07  1.930034E-04 -1.390229E-02  2.050937E-08  2.051186E-08
  4.236000E+03  5.157092E-07  1.067937E-04 -1.485684E-06  1.920617E-04 -1.325681E-02  2.050919E-08  2.051306E-08
  4.237000E+03 -6.601225E-07  1.064540E-04 -5.332696E-07  1.926951E-04 -2.060154E-02  2.050881E-08  2.051384E-08
  4.238000E+03  2.975067E-07  1.064106E-04  1.076706E-06  1.927348E-04 -1.086337E-02  2.050781E-08  2.050957E-08
  4.239000E+03  7.381529E-07  1.068052E-04 -1.113149E-06  1.920366E-04 -1.728822E-02  2.050744E-08  2.051262E-08
  4.240000E+03 -5.580620E-07  1.062823E-04 -1.041729E-06  1.929752E-04 -1.790213E-02  2.050658E-08  2.051046E-08
  4.241000E+03 -8.368513E-10  1.066229E-04  1.091895E-06  1.923341E-04 -1.056675E-02  2.050607E-08  2.050818E-08
  4.242000E+03  8.634521E-07  1.066607E-04 -6.199360E-07  1.922941E-04 -2.033646E-02  2.050599E-08  2.051175E-08
  4.243000E+03 -3.503748E-07  1.062624E-04 -1.436260E-06  1.929840E-04 -1.386930E-02  2.050497E-08  2.050764E-08
  4.244000E+03 -2.833134E-07  1.067818E-04  8.891080E-07  1.920418E-04 -1.322884E-02  2.050477E-08  2.050808E-08
  4.245000E+03  8.761307E-07  1.064430E-04 -7.667876E-08  1.926754E-04 -2.057244E-02  2.050461E-08  2.050985E-08
  4.246000E+03 -7.569558E-08  1.064003E-04 -1.658786E-06  1.927130E-04 -1.088433E-02  2.050350E-08  2.050563E-08
  4.247000E+03 -5.041037E-07  1.067920E-04  5.109117E-07  1.920236E-04 -1.722511E-02  2.050354E-08  2.050815E-08
  4.248000E+03  7.709076E-07  1.062795E-04  4.308244E-07  1.929508E-04 -1.786878E-02  2.050345E-08  2.050733E-08
  4.249000E+03  2.230440E-07  1.066156E-04 -1.668076E-06  1.923252E-04 -1.063229E-02  2.050371E-08  2.050632E-08
  4.250000E+03 -6.270889E-07  1.066537E-04  1.525841E-08  1.922886E-04 -2.023530E-02  2.050409E-08  2.050938E-08
  4.251000E+03  5.633005E-07  1.062663E-04  8.207724E-07  1.929646E-04 -1.391365E-02  2.050365E-08  2.050613E-08
  4.252000E+03  5.008860E-07  1.067751E-04 -1.462109E-06  1.920478E-04 -1.328437E-02  2.050412E-08  2.050794E-08
  4.253000E+03 -6.353026E-07  1.064425E-04 -5.221499E-07  1.926700E-04 -2.046180E-02  2.050399E-08  2.050893E-08
  4.254000E+03  2.917347E-07  1.064015E-04  1.032326E-06  1.927035E-04 -1.099120E-02  2.050271E-08  2.050447E-08
  4.255000E+03  7.134517E-07  1.067839E-04 -1.084080E-06  1.920321E-04 -1.718059E-02  2.050291E-08  2.050796E-08
  4.256000E+03 -5.269353E-07  1.062854E-04 -1.015833E-06  1.929356E-04 -1.782212E-02  2.050299E-08  2.050681E-08
  4.257000E+03 -2.025041E-09  1.066086E-04  1.031882E-06  1.923309E-04 -1.074863E-02  2.050294E-08  2.050504E-08
  4.258000E+03  8.288889E-07  1.066504E-04 -5.927315E-07  1.922890E-04 -2.004889E-02  2.050358E-08  2.050914E-08
  4.259000E+03 -3.196335E-07  1.062769E-04 -1.390801E-06  1.929456E-04 -1.403091E-02  2.050365E-08  2.050631E-08
  4.260000E+03 -2.722249E-07  1.067619E-04  8.210109E-07  1.920722E-04 -1.330754E-02  2.050418E-08  2.050739E-08
  4.261000E+03  8.308111E-07  1.064513E-04 -6.573835E-08  1.926585E-04 -2.021398E-02  2.050455E-08  2.050958E-08
  4.262000E+03 -5.202761E-08  1.064120E-04 -1.587202E-06  1.926977E-04 -1.126865E-02  2.050404E-08  2.050620E-08
  4.263000E+03 -4.745923E-07  1.067725E-04  4.433846E-07  1.920693E-04 -1.702526E-02  2.050476E-08  2.050916E-08
  4.264000E+03  7.191154E-07  1.063084E-04  4.103984E-07  1.929165E-04 -1.766939E-02  2.050545E-08  2.050921E-08
  4.265000E+03  2.324990E-07  1.066137E-04 -1.573602E-06  1.923501E-04 -1.111114E-02  2.050588E-08  2.050849E-08
  4.266000E+03 -5.804054E-07  1.066476E-04 -3.683688E-08  1.923248E-04 -1.973099E-02  2.050698E-08  2.051196E-08
  4.267000E+03  5.163783E-07  1.063083E-04  7.632604E-07  1.929266E-04 -1.408207E-02  2.050767E-08  2.051014E-08
  4.268000E+03  4.882153E-07  1.067580E-04 -1.361231E-06  1.921173E-04 -1.359785E-02  2.050815E-08  2.051186E-08
  4.269000E+03 -5.770130E-07  1.064607E-04 -5.393331E-07  1.926771E-04 -1.982184E-02  2.050852E-08  2.051315E-08
  4.270000E+03  2.610407E-07  1.064390E-04  9.404362E-07  1.926892E-04 -1.153776E-02  2.050828E-08  2.051014E-08
  4.271000E+03  6.742557E-07  1.067618E-04 -9.958422E-07  1.921253E-04 -1.707998E-02  2.050865E-08  2.051342E-08
  4.272000E+03 -4.653370E-07  1.063292E-04 -9.835282E-07  1.929099E-04 -1.737884E-02  2.050886E-08  2.051247E-08
  4.273000E+03 -6.589308E-09  1.066239E-04  9.147119E-07  1.923609E-04 -1.150324E-02  2.050890E-08  2.051111E-08
  4.274000E+03  7.665791E-07  1.066379E-04 -5.389512E-07  1.923675E-04 -1.948919E-02  2.050978E-08  2.051492E-08
  4.275000E+03 -2.687089E-07  1.063341E-04 -1.305613E-06  1.929008E-04 -1.405485E-02  2.050991E-08  2.051252E-08
  4.276000E+03 -2.434279E-07  1.067492E-04  7.006977E-07  1.921511E-04 -1.389915E-02  2.050999E-08  2.051319E-08
  4.277000E+03  7.537195E-07  1.064622E-04 -6.655504E-08  1.926885E-04 -1.942301E-02  2.051016E-08  2.051476E-08
  4.278000E+03 -2.533601E-08  1.064606E-04 -1.455663E-06  1.926657E-04 -1.180177E-02  2.050988E-08  2.051211E-08
  4.279000E+03 -4.114315E-07  1.067426E-04  3.457215E-07  1.921724E-04 -1.713322E-02  2.050998E-08  2.051417E-08
  4.280000E+03  6.405739E-07  1.063432E-04  3.434266E-07  1.928907E-04 -1.704682E-02  2.050964E-08  2.051309E-08
  4.281000E+03  2.251744E-07  1.066303E-04 -1.414741E-06  1.923546E-04 -1.194636E-02  2.050936E-08  2.051206E-08
  4.282000E+03 -4.915826E-07  1.066179E-04 -8.645443E-08  1.924043E-04 -1.926211E-02  2.050994E-08  2.051454E-08
  4.283000E+03  4.543498E-07  1.063537E-04  6.342194E-07  1.928614E-04 -1.394569E-02  2.050952E-08  2.051188E-08
  4.284000E+03  4.423940E-07  1.067366E-04 -1.206949E-06  1.921642E-04 -1.431614E-02  2.050885E-08  2.051252E-08
  4.285000E+03 -4.765799E-07  1.064510E-04 -5.220283E-07  1.926960E-04 -1.902140E-02  2.050896E-08  2.051315E-08
  4.286000E+03  2.316600E-07  1.064759E-04  7.651891E-07  1.926258E-04 -1.195793E-02  2.050853E-08  2.051047E-08
  4.287000E+03  5.906897E-07  1.067184E-04 -8.782314E-07  1.921974E-04 -1.732008E-02  2.050792E-08  2.051245E-08
  4.288000E+03 -3.687522E-07  1.063449E-04 -8.896429E-07  1.928657E-04 -1.669746E-02  2.050743E-08  2.051069E-08
  4.289000E+03  7.527555E-09  1.066289E-04  7.156776E-07  1.923342E-04 -1.226514E-02  2.050685E-08  2.050918E-08
  4.290000E+03  6.533607E-07  1.065951E-04 -4.850543E-07  1.924188E-04 -1.912447E-02  2.050714E-08  2.051187E-08
  4.291000E+03 -1.919147E-07  1.063607E-04 -1.139496E-06  1.928185E-04 -1.384906E-02  2.050634E-08  2.050879E-08
  4.292000E+03 -1.851160E-07  1.067172E-04  5.085493E-07  1.921678E-04 -1.453714E-02  2.050545E-08  2.050867E-08
  4.293000E+03  6.286589E-07  1.064422E-04 -9.055704E-08  1.926797E-04 -1.873376E-02  2.050565E-08  2.050981E-08
  4.294000E+03  1.561613E-08  1.064791E-04 -1.240587E-06  1.925918E-04 -1.214918E-02  2.050548E-08  2.050770E-08
  4.295000E+03 -3.140813E-07  1.066938E-04  1.955600E-07  1.922154E-04 -1.727025E-02  2.050514E-08  2.050916E-08
  4.296000E+03  5.239758E-07  1.063526E-04  2.369933E-07  1.928245E-04 -1.653143E-02  2.050460E-08  2.050774E-08
  4.297000E+03  2.171315E-07  1.066196E-04 -1.180943E-06  1.923281E-04 -1.259378E-02  2.050432E-08  2.050701E-08
  4.298000E+03 -3.629388E-07  1.065771E-04 -1.633331E-07  1.924280E-04 -1.881524E-02  2.050479E-08  2.050905E-08
  4.299000E+03  3.615240E-07  1.063752E-04  4.494784E-07  1.927704E-04 -1.393052E-02  2.050401E-08  2.050628E-08
  4.300000E+03  3.830522E-07  1.066950E-04 -9.827091E-07  1.921868E-04 -1.477607E-02  2.050313E-08  2.050666E-08
  4.301000E+03 -3.311719E-07  1.064385E-04 -5.106599E-07  1.926641E-04 -1.833738E-02  2.050344E-08  2.050726E-08
  4.302000E+03  1.744172E-07  1.064869E-04  5.220504E-07  1.925591E-04 -1.244729E-02  2.050344E-08  2.050543E-08
  4.303000E+03  4.884871E-07  1.066687E-04 -6.927203E-07  1.922420E-04 -1.723526E-02  2.050316E-08  2.050735E-08
  4.304000E+03 -2.285502E-07  1.063643E-04 -7.907124E-07  1.927866E-04 -1.628906E-02  2.050289E-08  2.050593E-08
  4.305000E+03 -2.318308E-09  1.066134E-04  4.485997E-07  1.923288E-04 -1.292977E-02  2.050311E-08  2.050551E-08
  4.306000E+03  5.189930E-07  1.065654E-04 -3.690736E-07  1.924421E-04 -1.850589E-02  2.050415E-08  2.050841E-08
  4.307000E+03 -7.758266E-08  1.063948E-04 -9.590437E-07  1.927345E-04 -1.400072E-02  2.050395E-08  2.050635E-08
  4.308000E+03 -1.399032E-07  1.066777E-04  2.524252E-07  1.922224E-04 -1.491666E-02  2.050356E-08  2.050670E-08
  4.309000E+03  4.763748E-07  1.064497E-04 -6.934627E-08  1.926532E-04 -1.795904E-02  2.050457E-08  2.050830E-08
  4.310000E+03  8.966669E-08  1.065016E-04 -9.961012E-07  1.925496E-04 -1.282398E-02  2.050515E-08  2.050745E-08
  4.311000E+03 -2.191715E-07  1.066510E-04 -1.756882E-08  1.922932E-04 -1.703743E-02  2.050530E-08  2.050904E-08
  4.312000E+03  3.754708E-07  1.063955E-04  1.583009E-07  1.927542E-04 -1.610600E-02  2.050552E-08  2.050844E-08
  4.313000E+03  2.397392E-07  1.066130E-04 -9.068155E-07  1.923576E-04 -1.341384E-02  2.050597E-08  2.050870E-08
  4.314000E+03 -2.322421E-07  1.065597E-04 -3.016272E-07  1.924800E-04 -1.801737E-02  2.050728E-08  2.051113E-08
  4.315000E+03  2.400950E-07  1.064327E-04  2.813133E-07  1.926992E-04 -1.416141E-02  2.050745E-08  2.050976E-08
  4.316000E+03  3.472597E-07  1.066625E-04 -7.194883E-07  1.922829E-04 -1.522772E-02  2.050700E-08  2.051038E-08
  4.317000E+03 -1.817622E-07  1.064623E-04 -5.482229E-07  1.926596E-04 -1.740746E-02  2.050787E-08  2.051132E-08
  4.318000E+03  9.812840E-08  1.065283E-04  2.847972E-07  1.925328E-04 -1.328674E-02  2.050839E-08  2.051059E-08
  4.319000E+03  3.971735E-07  1.066301E-04 -4.778034E-07  1.923589E-04 -1.699585E-02  2.050829E-08  2.051208E-08
  4.320000E+03 -8.136314E-08  1.064219E-04 -7.181037E-07  1.927290E-04 -1.575690E-02  2.050804E-08  2.051090E-08
  4.321000E+03 -2.188494E-08  1.066187E-04  1.748603E-07  1.923715E-04 -1.393898E-02  2.050841E-08  2.051101E-08
  4.322000E+03  3.855695E-07  1.065472E-04 -2.347635E-07  1.925227E-04 -1.766340E-02  2.050956E-08  2.051330E-08
  4.323000E+03  4.382278E-08  1.064643E-04 -7.855294E-07  1.926640E-04 -1.415621E-02  2.050978E-08  2.051224E-08
  4.324000E+03 -9.845523E-08  1.066506E-04 -1.482076E-08  1.923273E-04 -1.556244E-02  2.050933E-08  2.051252E-08
  4.325000E+03  3.217309E-07  1.064684E-04 -3.907450E-08  1.926682E-04 -1.693978E-02  2.051013E-08  2.051340E-08
  4.326000E+03  1.641540E-07  1.065524E-04 -7.473155E-07  1.925127E-04 -1.362614E-02  2.051079E-08  2.051328E-08
  4.327000E+03 -1.213206E-07  1.066111E-04 -2.336689E-07  1.924167E-04 -1.697444E-02  2.051079E-08  2.051433E-08
  4.328000E+03  2.247373E-07  1.064463E-04  7.546155E-08  1.927053E-04 -1.544674E-02  2.051032E-08  2.051301E-08
  4.329000E+03  2.536415E-07  1.066239E-04 -6.220635E-07  1.923825E-04 -1.444654E-02  2.051043E-08  2.051334E-08
  4.330000E+03 -9.197034E-08  1.065327E-04 -4.297904E-07  1.925646E-04 -1.731350E-02  2.051135E-08  2.051483E-08
  4.331000E+03  1.180997E-07  1.064930E-04  9.483205E-08  1.926236E-04 -1.417494E-02  2.051100E-08  2.051335E-08
  4.332000E+03  2.973494E-07  1.066342E-04 -4.449971E-07  1.923619E-04 -1.596452E-02  2.050975E-08  2.051313E-08
  4.333000E+03 -2.151566E-08  1.064636E-04 -5.659794E-07  1.926709E-04 -1.647270E-02  2.050965E-08  2.051274E-08
  4.334000E+03  2.651715E-08  1.065658E-04  2.298509E-08  1.924757E-04 -1.392680E-02  2.050933E-08  2.051177E-08
  4.335000E+03  2.908688E-07  1.065830E-04 -2.612418E-07  1.924468E-04 -1.705947E-02  2.050856E-08  2.051213E-08
  4.336000E+03  7.290695E-08  1.064501E-04 -6.212786E-07  1.926708E-04 -1.510904E-02  2.050749E-08  2.051016E-08
  4.337000E+03 -3.236235E-08  1.066166E-04 -1.192732E-07  1.923653E-04 -1.480636E-02  2.050708E-08  2.050993E-08
  4.338000E+03  2.405531E-07  1.065100E-04 -1.098820E-07  1.925707E-04 -1.711837E-02  2.050770E-08  2.051108E-08
  4.339000E+03  1.674386E-07  1.065015E-04 -5.909364E-07  1.925773E-04 -1.412198E-02  2.050773E-08  2.051021E-08
  4.340000E+03 -4.709698E-08  1.066135E-04 -2.935233E-07  1.923707E-04 -1.616461E-02  2.050663E-08  2.050993E-08
  4.341000E+03  1.614397E-07  1.064576E-04 -2.411713E-08  1.926513E-04 -1.617911E-02  2.050651E-08  2.050945E-08
  4.342000E+03  2.359015E-07  1.065690E-04 -4.855143E-07  1.924450E-04 -1.415116E-02  2.050662E-08  2.050927E-08
  4.343000E+03 -1.399186E-08  1.065595E-04 -4.512340E-07  1.924671E-04 -1.697343E-02  2.050624E-08  2.050970E-08
  4.344000E+03  7.173047E-08  1.064598E-04 -2.427540E-08  1.926308E-04 -1.494961E-02  2.050513E-08  2.050767E-08
  4.345000E+03  2.639338E-07  1.066058E-04 -3.302670E-07  1.923647E-04 -1.512182E-02  2.050485E-08  2.050788E-08
  4.346000E+03  5.539173E-08  1.064964E-04 -5.559985E-07  1.925756E-04 -1.681190E-02  2.050570E-08  2.050899E-08
  4.347000E+03 -7.931520E-09  1.065133E-04 -1.026091E-07  1.925369E-04 -1.423178E-02  2.050566E-08  2.050808E-08
  4.348000E+03  2.489020E-07  1.065916E-04 -1.636667E-07  1.923906E-04 -1.631323E-02  2.050449E-08  2.050783E-08
  4.349000E+03  1.420788E-07  1.064575E-04 -5.890069E-07  1.926282E-04 -1.587767E-02  2.050413E-08  2.050707E-08
  4.350000E+03 -5.538840E-08  1.065693E-04 -2.379632E-07  1.924229E-04 -1.443781E-02  2.050423E-08  2.050688E-08
  4.351000E+03  1.923013E-07  1.065381E-04 -3.011949E-08  1.924833E-04 -1.685077E-02  2.050389E-08  2.050725E-08
  4.352000E+03  2.288106E-07  1.064700E-04 -5.407596E-07  1.925915E-04 -1.483390E-02  2.050295E-08  2.050561E-08
  4.353000E+03 -5.790278E-08  1.065920E-04 -4.057577E-07  1.923705E-04 -1.538073E-02  2.050273E-08  2.050576E-08
  4.354000E+03  1.050201E-07  1.064884E-04  3.762840E-08  1.925725E-04 -1.650085E-02  2.050394E-08  2.050704E-08
  4.355000E+03  2.962733E-07  1.065255E-04 -4.186452E-07  1.925044E-04 -1.438952E-02  2.050452E-08  2.050715E-08
  4.356000E+03 -1.550174E-08  1.065720E-04 -5.682044E-07  1.924198E-04 -1.634538E-02  2.050383E-08  2.050716E-08
  4.357000E+03  8.764677E-09  1.064691E-04  2.400430E-08  1.926042E-04 -1.560904E-02  2.050389E-08  2.050665E-08
  4.358000E+03  3.241876E-07  1.065741E-04 -2.505120E-07  1.924197E-04 -1.478020E-02  2.050471E-08  2.050756E-08
  4.359000E+03  6.557448E-08  1.065259E-04 -6.811552E-07  1.925172E-04 -1.658577E-02  2.050525E-08  2.050858E-08
  4.360000E+03 -7.590203E-08  1.064970E-04 -7.359165E-08  1.925598E-04 -1.480979E-02  2.050480E-08  2.050737E-08
  4.361000E+03  3.017999E-07  1.065851E-04 -6.882970E-08  1.924053E-04 -1.569637E-02  2.050502E-08  2.050816E-08
  4.362000E+03  1.691298E-07  1.064929E-04 -7.119223E-07  1.925898E-04 -1.606684E-02  2.050680E-08  2.050991E-08
  4.363000E+03 -1.300685E-07  1.065530E-04 -2.371019E-07  1.924846E-04 -1.466832E-02  2.050760E-08  2.051027E-08
  4.364000E+03  2.324007E-07  1.065572E-04  8.705135E-08  1.924758E-04 -1.642433E-02  2.050691E-08  2.051017E-08
  4.365000E+03  2.732685E-07  1.064881E-04 -6.511781E-07  1.925958E-04 -1.523423E-02  2.050679E-08  2.050964E-08
  4.366000E+03 -1.368895E-07  1.065880E-04 -4.358351E-07  1.924222E-04 -1.521984E-02  2.050752E-08  2.051048E-08
  4.367000E+03  1.261624E-07  1.065124E-04  1.768676E-07  1.925645E-04 -1.640179E-02  2.050775E-08  2.051086E-08
  4.368000E+03  3.577955E-07  1.065235E-04 -5.042770E-07  1.925360E-04 -1.464631E-02  2.050741E-08  2.051015E-08
  4.369000E+03 -9.179199E-08  1.065843E-04 -6.335925E-07  1.924313E-04 -1.609067E-02  2.050750E-08  2.051078E-08
  4.370000E+03  4.665995E-09  1.064884E-04  1.761407E-07  1.926155E-04 -1.572440E-02  2.050879E-08  2.051160E-08
  4.371000E+03  4.028939E-07  1.065767E-04 -2.991553E-07  1.924611E-04 -1.476147E-02  2.050963E-08  2.051251E-08
  4.372000E+03 -3.086873E-10  1.065472E-04 -7.876386E-07  1.925156E-04 -1.659596E-02  2.050917E-08  2.051257E-08
  4.373000E+03 -1.071127E-07  1.064977E-04  7.771074E-08  1.925963E-04 -1.491426E-02  2.050878E-08  2.051137E-08
  4.374000E+03  3.923396E-07  1.066020E-04 -7.297386E-08  1.924170E-04 -1.549638E-02  2.050956E-08  2.051271E-08
  4.375000E+03  1.254098E-07  1.065039E-04 -8.575003E-07  1.926031E-04 -1.631364E-02  2.051025E-08  2.051350E-08
  4.376000E+03 -1.878035E-07  1.065435E-04 -1.100455E-07  1.925206E-04 -1.453538E-02  2.050966E-08  2.051226E-08
  4.377000E+03  3.244227E-07  1.065847E-04  1.337087E-07  1.924516E-04 -1.637494E-02  2.050965E-08  2.051299E-08
  4.378000E+03  2.593300E-07  1.064868E-04 -8.210935E-07  1.926351E-04 -1.548334E-02  2.051063E-08  2.051360E-08
  4.379000E+03 -2.190571E-07  1.065936E-04 -3.494284E-07  1.924439E-04 -1.487555E-02  2.051101E-08  2.051387E-08
  4.380000E+03  2.109001E-07  1.065360E-04  2.765467E-07  1.925441E-04 -1.673265E-02  2.051000E-08  2.051330E-08
  4.381000E+03  3.745582E-07  1.065015E-04 -6.820489E-07  1.925910E-04 -1.466052E-02  2.050903E-08  2.051179E-08
  4.382000E+03 -1.893767E-07  1.066068E-04 -5.961237E-07  1.924061E-04 -1.572747E-02  2.050925E-08  2.051248E-08
  4.383000E+03  6.845593E-08  1.064885E-04  3.210476E-07  1.926205E-04 -1.627831E-02  2.050914E-08  2.051216E-08
  4.384000E+03  4.518609E-07  1.065503E-04 -4.591466E-07  1.924980E-04 -1.438084E-02  2.050859E-08  2.051137E-08
  4.385000E+03 -1.032379E-07  1.065770E-04 -8.092982E-07  1.924505E-04 -1.660599E-02  2.050797E-08  2.051147E-08
  4.386000E+03 -7.550620E-08  1.064743E-04  2.562368E-07  1.926349E-04 -1.532304E-02  2.050825E-08  2.051093E-08
  4.387000E+03  4.736881E-07  1.065958E-04 -1.933407E-07  1.924148E-04 -1.490297E-02  2.050834E-08  2.051136E-08
  4.388000E+03  2.668822E-08  1.065196E-04 -9.455110E-07  1.925483E-04 -1.680227E-02  2.050728E-08  2.051077E-08
  4.389000E+03 -1.929624E-07  1.064979E-04  8.671874E-08  1.925685E-04 -1.451938E-02  2.050597E-08  2.050848E-08
  4.390000E+03  4.306144E-07  1.065992E-04  6.735277E-08  1.923895E-04 -1.587318E-02  2.050598E-08  2.050930E-08
  4.391000E+03  1.803099E-07  1.064760E-04 -9.718678E-07  1.926174E-04 -1.615786E-02  2.050646E-08  2.050969E-08
  4.392000E+03 -2.649445E-07  1.065534E-04 -1.618714E-07  1.924685E-04 -1.441321E-02  2.050604E-08  2.050868E-08
  4.393000E+03  3.303688E-07  1.065626E-04  2.802778E-07  1.924550E-04 -1.668850E-02  2.050565E-08  2.050908E-08
  4.394000E+03  3.296327E-07  1.064720E-04 -8.833301E-07  1.926174E-04 -1.516294E-02  2.050601E-08  2.050893E-08
  4.395000E+03 -2.778094E-07  1.065955E-04 -4.446118E-07  1.923967E-04 -1.508013E-02  2.050629E-08  2.050929E-08
  4.396000E+03  1.880792E-07  1.065049E-04  4.078651E-07  1.925575E-04 -1.673085E-02  2.050544E-08  2.050871E-08
  4.397000E+03  4.483618E-07  1.065023E-04 -6.905516E-07  1.925421E-04 -1.444059E-02  2.050405E-08  2.050683E-08
  4.398000E+03 -2.240054E-07  1.065901E-04 -7.155189E-07  1.923878E-04 -1.605473E-02  2.050399E-08  2.050737E-08
  4.399000E+03  2.499538E-08  1.064665E-04  4.200501E-07  1.926149E-04 -1.597752E-02  2.050442E-08  2.050734E-08
  4.400000E+03  5.174390E-07  1.065588E-04 -4.213669E-07  1.924435E-04 -1.445653E-02  2.050440E-08  2.050730E-08
  4.401000E+03 -1.140712E-07  1.065482E-04 -9.297378E-07  1.924652E-04 -1.675947E-02  2.050394E-08  2.050751E-08
  4.402000E+03 -1.280404E-07  1.064713E-04  3.152389E-07  1.926018E-04 -1.497311E-02  2.050426E-08  2.050687E-08
  4.403000E+03  5.239150E-07  1.065966E-04 -1.267667E-07  1.923827E-04 -1.523901E-02  2.050497E-08  2.050817E-08
  4.404000E+03  3.523672E-08  1.064931E-04 -1.049884E-06  1.925720E-04 -1.661686E-02  2.050476E-08  2.050820E-08
  4.405000E+03 -2.445090E-07  1.065141E-04  1.071089E-07  1.925183E-04 -1.438156E-02  2.050379E-08  2.050632E-08
  4.406000E+03  4.624633E-07  1.065845E-04  1.452253E-07  1.923999E-04 -1.624024E-02  2.050415E-08  2.050759E-08
  4.407000E+03  2.012564E-07  1.064669E-04 -1.049227E-06  1.926231E-04 -1.571379E-02  2.050546E-08  2.050858E-08
  4.408000E+03 -3.072622E-07  1.065745E-04 -1.723691E-07  1.924273E-04 -1.461909E-02  2.050566E-08  2.050844E-08
  4.409000E+03  3.442601E-07  1.065389E-04  3.530302E-07  1.924983E-04 -1.679610E-02  2.050567E-08  2.050910E-08
  4.410000E+03  3.545418E-07  1.064836E-04 -9.284258E-07  1.925954E-04 -1.475415E-02  2.050602E-08  2.050888E-08
  4.411000E+03 -3.053168E-07  1.066046E-04 -4.735199E-07  1.923857E-04 -1.550851E-02  2.050674E-08  2.050992E-08
  4.412000E+03  1.881560E-07  1.064887E-04  4.616006E-07  1.926003E-04 -1.648209E-02  2.050698E-08  2.051014E-08
  4.413000E+03  4.697961E-07  1.065315E-04 -7.061315E-07  1.925079E-04 -1.433105E-02  2.050605E-08  2.050888E-08
  4.414000E+03 -2.388804E-07  1.065846E-04 -7.467256E-07  1.924215E-04 -1.643858E-02  2.050640E-08  2.050989E-08
  4.415000E+03  1.909506E-08  1.064696E-04  4.533857E-07  1.926362E-04 -1.553395E-02  2.050741E-08  2.051019E-08
  4.416000E+03  5.318799E-07  1.065886E-04 -4.202244E-07  1.924233E-04 -1.468952E-02  2.050792E-08  2.051096E-08
  4.417000E+03 -1.202700E-07  1.065358E-04 -9.535148E-07  1.925244E-04 -1.685376E-02  2.050783E-08  2.051138E-08
  4.418000E+03 -1.341644E-07  1.064920E-04  3.317693E-07  1.925979E-04 -1.460086E-02  2.050796E-08  2.051048E-08
  4.419000E+03  5.282480E-07  1.066141E-04 -1.179103E-07  1.923902E-04 -1.564478E-02  2.050901E-08  2.051236E-08
  4.420000E+03  3.592917E-08  1.064881E-04 -1.058855E-06  1.926254E-04 -1.641801E-02  2.050955E-08  2.051289E-08
  4.421000E+03 -2.455372E-07  1.065470E-04  1.064950E-07  1.925072E-04 -1.426197E-02  2.050899E-08  2.051153E-08
  4.422000E+03  4.580447E-07  1.065910E-04  1.504167E-07  1.924404E-04 -1.659385E-02  2.050960E-08  2.051313E-08
  4.423000E+03  2.024787E-07  1.064744E-04 -1.041466E-06  1.926574E-04 -1.541243E-02  2.051066E-08  2.051367E-08
  4.424000E+03 -2.991557E-07  1.066030E-04 -1.805949E-07  1.924246E-04 -1.475157E-02  2.051081E-08  2.051367E-08
  4.425000E+03  3.364057E-07  1.065370E-04  3.428321E-07  1.925494E-04 -1.691921E-02  2.051070E-08  2.051414E-08
  4.426000E+03  3.494346E-07  1.064991E-04 -9.093899E-07  1.926050E-04 -1.451559E-02  2.051010E-08  2.051289E-08
  4.427000E+03 -2.869656E-07  1.066170E-04 -4.767431E-07  1.923963E-04 -1.574849E-02  2.051019E-08  2.051345E-08
  4.428000E+03  1.821365E-07  1.064879E-04  4.300479E-07  1.926340E-04 -1.638669E-02  2.051043E-08  2.051353E-08
  4.429000E+03  4.534073E-07  1.065509E-04 -6.825627E-07  1.925051E-04 -1.426754E-02  2.050951E-08  2.051233E-08
  4.430000E+03 -2.129960E-07  1.065856E-04 -7.333107E-07  1.924479E-04 -1.662472E-02  2.050934E-08  2.051286E-08
  4.431000E+03  2.081624E-08  1.064736E-04  4.015296E-07  1.926474E-04 -1.539858E-02  2.050944E-08  2.051216E-08
  4.432000E+03  5.006327E-07  1.065986E-04 -4.010962E-07  1.924205E-04 -1.480078E-02  2.050951E-08  2.051257E-08
  4.433000E+03 -9.260328E-08  1.065294E-04 -9.123271E-07  1.925471E-04 -1.685837E-02  2.050902E-08  2.051253E-08
  4.434000E+03 -1.174667E-07  1.064968E-04  2.656468E-07  1.925867E-04 -1.455461E-02  2.050769E-08  2.051019E-08
  4.435000E+03  4.835829E-07  1.066071E-04 -1.184097E-07  1.923922E-04 -1.577757E-02  2.050782E-08  2.051116E-08
  4.436000E+03  5.373357E-08  1.064829E-04 -9.843295E-07  1.926224E-04 -1.628511E-02  2.050826E-08  2.051151E-08
  4.437000E+03 -2.101853E-07  1.065496E-04  4.622970E-08  1.924893E-04 -1.434182E-02  2.050755E-08  2.051012E-08
  4.438000E+03  4.096635E-07  1.065750E-04  1.161142E-07  1.924480E-04 -1.662784E-02  2.050731E-08  2.051078E-08
  4.439000E+03  2.012632E-07  1.064726E-04 -9.459818E-07  1.926323E-04 -1.530852E-02  2.050766E-08  2.051059E-08
  4.440000E+03 -2.480887E-07  1.065956E-04 -2.149797E-07  1.924104E-04 -1.491652E-02  2.050782E-08  2.051071E-08
  4.441000E+03  2.949732E-07  1.065214E-04  2.727964E-07  1.925488E-04 -1.678396E-02  2.050768E-08  2.051102E-08
  4.442000E+03  3.252534E-07  1.064987E-04 -8.109612E-07  1.925693E-04 -1.455463E-02  2.050620E-08  2.050896E-08
  4.443000E+03 -2.269941E-07  1.065961E-04 -4.726283E-07  1.923929E-04 -1.586353E-02  2.050576E-08  2.050900E-08
  4.444000E+03  1.600136E-07  1.064801E-04  3.286990E-07  1.926095E-04 -1.616185E-02  2.050639E-08  2.050940E-08
  4.445000E+03  4.057345E-07  1.065479E-04 -6.049830E-07  1.924756E-04 -1.445158E-02  2.050572E-08  2.050854E-08
  4.446000E+03 -1.568870E-07  1.065592E-04 -6.804774E-07  1.924526E-04 -1.658049E-02  2.050478E-08  2.050821E-08
  4.447000E+03  2.828261E-08  1.064731E-04  2.864333E-07  1.926042E-04 -1.523945E-02  2.050479E-08  2.050746E-08
  4.448000E+03  4.352570E-07  1.065862E-04 -3.686349E-07  1.924042E-04 -1.504841E-02  2.050531E-08  2.050837E-08
  4.449000E+03 -5.269546E-08  1.065102E-04 -8.132131E-07  1.925450E-04 -1.661702E-02  2.050517E-08  2.050852E-08
  4.450000E+03 -7.845357E-08  1.065010E-04  1.595225E-07  1.925408E-04 -1.460800E-02  2.050361E-08  2.050614E-08
  4.451000E+03  4.124938E-07  1.065849E-04 -1.435252E-07  1.923967E-04 -1.592174E-02  2.050398E-08  2.050727E-08
  4.452000E+03  6.612610E-08  1.064794E-04 -8.542354E-07  1.925989E-04 -1.599343E-02  2.050519E-08  2.050829E-08
  4.453000E+03 -1.444949E-07  1.065500E-04 -2.529245E-08  1.924633E-04 -1.458630E-02  2.050478E-08  2.050742E-08
  4.454000E+03  3.478506E-07  1.065508E-04  3.215346E-08  1.924630E-04 -1.653607E-02  2.050427E-08  2.050763E-08
  4.455000E+03  1.791796E-07  1.064812E-04 -8.092092E-07  1.925901E-04 -1.515946E-02  2.050487E-08  2.050772E-08
  4.456000E+03 -1.647570E-07  1.065847E-04 -2.317829E-07  1.924106E-04 -1.519424E-02  2.050566E-08  2.050859E-08
  4.457000E+03  2.552685E-07  1.065112E-04  1.384231E-07  1.925543E-04 -1.645061E-02  2.050641E-08  2.050959E-08
  4.458000E+03  2.683155E-07  1.065151E-04 -6.923306E-07  1.925325E-04 -1.469123E-02  2.050540E-08  2.050816E-08
  4.459000E+03 -1.415810E-07  1.065795E-04 -4.227722E-07  1.924239E-04 -1.597381E-02  2.050582E-08  2.050901E-08
  4.460000E+03  1.531964E-07  1.064917E-04  1.665810E-07  1.925966E-04 -1.582660E-02  2.050736E-08  2.051025E-08
  4.461000E+03  3.214536E-07  1.065575E-04 -5.309806E-07  1.924708E-04 -1.479780E-02  2.050696E-08  2.050982E-08
  4.462000E+03 -8.484068E-08  1.065458E-04 -5.675296E-07  1.924906E-04 -1.639966E-02  2.050631E-08  2.050957E-08
  4.463000E+03  5.872560E-08  1.064962E-04  1.236316E-07  1.925761E-04 -1.514752E-02  2.050626E-08  2.050893E-08
  4.464000E+03  3.341243E-07  1.065794E-04 -3.553639E-07  1.924317E-04 -1.535003E-02  2.050684E-08  2.050989E-08
  4.465000E+03 -6.149530E-09  1.065146E-04 -6.489547E-07  1.925597E-04 -1.622019E-02  2.050772E-08  2.051087E-08
  4.466000E+03 -1.133920E-08  1.065266E-04  2.018817E-08  1.925247E-04 -1.484331E-02  2.050675E-08  2.050938E-08
  4.467000E+03  3.091882E-07  1.065738E-04 -2.004012E-07  1.924505E-04 -1.596576E-02  2.050758E-08  2.051077E-08
  4.468000E+03  7.635402E-08  1.065045E-04 -6.595838E-07  1.925906E-04 -1.569952E-02  2.050923E-08  2.051219E-08
  4.469000E+03 -4.638836E-08  1.065635E-04 -1.159171E-07  1.924816E-04 -1.498580E-02  2.050921E-08  2.051196E-08
  4.470000E+03  2.589705E-07  1.065473E-04 -9.571225E-08  1.925126E-04 -1.627159E-02  2.050898E-08  2.051216E-08
  4.471000E+03  1.478886E-07  1.065122E-04 -6.128784E-07  1.925714E-04 -1.518872E-02  2.050884E-08  2.051166E-08
  4.472000E+03 -4.697572E-08  1.065774E-04 -2.553805E-07  1.924575E-04 -1.546267E-02  2.050916E-08  2.051211E-08
  4.473000E+03  1.952993E-07  1.065245E-04 -4.872873E-08  1.925654E-04 -1.605017E-02  2.051029E-08  2.051331E-08
  4.474000E+03  1.972280E-07  1.065389E-04 -5.238870E-07  1.925287E-04 -1.501579E-02  2.050950E-08  2.051230E-08
  4.475000E+03 -2.026328E-08  1.065667E-04 -3.710932E-07  1.924815E-04 -1.592621E-02  2.050951E-08  2.051260E-08
  4.476000E+03  1.320069E-07  1.065181E-04 -5.540272E-08  1.925780E-04 -1.561309E-02  2.051055E-08  2.051339E-08
  4.477000E+03  2.166428E-07  1.065634E-04 -4.140945E-07  1.924937E-04 -1.520327E-02  2.051042E-08  2.051332E-08
  4.478000E+03  2.362919E-08  1.065412E-04 -4.406559E-07  1.925297E-04 -1.606868E-02  2.050970E-08  2.051278E-08
  4.479000E+03  8.278103E-08  1.065218E-04 -1.057985E-07  1.925492E-04 -1.527460E-02  2.050830E-08  2.051105E-08
  4.480000E+03  2.055133E-07  1.065637E-04 -3.098213E-07  1.924738E-04 -1.556626E-02  2.050823E-08  2.051123E-08
  4.481000E+03  7.107319E-08  1.065242E-04 -4.530456E-07  1.925545E-04 -1.581579E-02  2.050915E-08  2.051212E-08
  4.482000E+03  5.896409E-08  1.065392E-04 -1.814303E-07  1.925131E-04 -1.521102E-02  2.050782E-08  2.051060E-08
  4.483000E+03  1.745068E-07  1.065499E-04 -2.409266E-07  1.924911E-04 -1.587223E-02  2.050733E-08  2.051038E-08
  4.484000E+03  1.089543E-07  1.065215E-04 -4.196816E-07  1.925503E-04 -1.550270E-02  2.050828E-08  2.051115E-08
  4.485000E+03  6.179792E-08  1.065564E-04 -2.575470E-07  1.924897E-04 -1.537738E-02  2.050859E-08  2.051147E-08
  4.486000E+03  1.377347E-07  1.065330E-04 -2.199970E-07  1.925290E-04 -1.591745E-02  2.050808E-08  2.051108E-08
  4.487000E+03  1.297947E-07  1.065265E-04 -3.627759E-07  1.925257E-04 -1.533739E-02  2.050667E-08  2.050950E-08
  4.488000E+03  8.526695E-08  1.065520E-04 -3.151951E-07  1.924817E-04 -1.563706E-02  2.050681E-08  2.050978E-08
  4.489000E+03  1.076576E-07  1.065275E-04 -2.442393E-07  1.925400E-04 -1.567163E-02  2.050830E-08  2.051120E-08
  4.490000E+03  1.288970E-07  1.065387E-04 -3.033139E-07  1.925066E-04 -1.539067E-02  2.050698E-08  2.050985E-08
  4.491000E+03  1.166702E-07  1.065358E-04 -3.360459E-07  1.925010E-04 -1.578408E-02  2.050570E-08  2.050869E-08
  4.492000E+03  9.378804E-08  1.065292E-04 -2.956642E-07  1.925214E-04 -1.546173E-02  2.050670E-08  2.050956E-08
  4.493000E+03  1.074736E-07  1.065430E-04 -2.607698E-07  1.924967E-04 -1.555108E-02  2.050668E-08  2.050960E-08
  4.494000E+03  1.444027E-07  1.065229E-04 -3.141161E-07  1.925225E-04 -1.566894E-02  2.050554E-08  2.050847E-08
  4.495000E+03  1.007080E-07  1.065320E-04 -3.548767E-07  1.924919E-04 -1.548228E-02  2.050409E-08  2.050699E-08
  4.496000E+03  7.289898E-08  1.065310E-04 -2.494127E-07  1.924979E-04 -1.565786E-02  2.050448E-08  2.050741E-08
  4.497000E+03  1.547397E-07  1.065294E-04 -2.539466E-07  1.925141E-04 -1.542313E-02  2.050597E-08  2.050882E-08
  4.498000E+03  1.299360E-07  1.065376E-04 -3.961311E-07  1.924893E-04 -1.567207E-02  2.050484E-08  2.050782E-08
  4.499000E+03  4.089027E-08  1.065165E-04 -2.835261E-07  1.925168E-04 -1.562195E-02  2.050370E-08  2.050659E-08
  4.500000E+03  1.408227E-07  1.065407E-04 -1.813350E-07  1.924844E-04 -1.536807E-02  2.050501E-08  2.050787E-08
  4.501000E+03  1.743015E-07  1.065320E-04 -4.008536E-07  1.925041E-04 -1.581401E-02  2.050528E-08  2.050831E-08
  4.502000E+03  2.411410E-08  1.065182E-04 -3.582064E-07  1.925245E-04 -1.535912E-02  2.050495E-08  2.050776E-08
  4.503000E+03  1.052206E-07  1.065465E-04 -1.229003E-07  1.924653E-04 -1.564527E-02  2.050400E-08  2.050695E-08
  4.504000E+03  2.189963E-07  1.065150E-04 -3.634081E-07  1.925290E-04 -1.571247E-02  2.050469E-08  2.050765E-08
  4.505000E+03  3.294892E-08  1.065438E-04 -4.519672E-07  1.924955E-04 -1.517018E-02  2.050684E-08  2.050967E-08
  4.506000E+03  5.329767E-08  1.065428E-04 -1.027991E-07  1.924921E-04 -1.601322E-02  2.050603E-08  2.050908E-08
  4.507000E+03  2.485365E-07  1.065048E-04 -2.831376E-07  1.925499E-04 -1.537606E-02  2.050508E-08  2.050791E-08
  4.508000E+03  6.965621E-08  1.065652E-04 -5.361576E-07  1.924524E-04 -1.537284E-02  2.050631E-08  2.050928E-08
  4.509000E+03 -5.962704E-09  1.065197E-04 -1.319206E-07  1.925373E-04 -1.610195E-02  2.050636E-08  2.050938E-08
  4.510000E+03  2.535554E-07  1.065204E-04 -1.708666E-07  1.925320E-04 -1.491249E-02  2.050632E-08  2.050902E-08
  4.511000E+03  1.295457E-07  1.065703E-04 -5.890847E-07  1.924389E-04 -1.596092E-02  2.050566E-08  2.050887E-08
  4.512000E+03 -5.866324E-08  1.064941E-04 -2.110974E-07  1.925827E-04 -1.574722E-02  2.050637E-08  2.050922E-08
  4.513000E+03  2.260584E-07  1.065623E-04 -4.801623E-08  1.924761E-04 -1.477571E-02  2.050845E-08  2.051119E-08
  4.514000E+03  2.047979E-07  1.065548E-04 -5.894858E-07  1.924901E-04 -1.650475E-02  2.050795E-08  2.051130E-08
  4.515000E+03 -8.791163E-08  1.064890E-04 -3.371982E-07  1.926002E-04 -1.510855E-02  2.050746E-08  2.051012E-08
  4.516000E+03  1.655907E-07  1.065927E-04  5.270792E-08  1.924201E-04 -1.525201E-02  2.050820E-08  2.051114E-08
  4.517000E+03  2.829569E-07  1.065142E-04 -5.275053E-07  1.925650E-04 -1.651901E-02  2.050811E-08  2.051139E-08
  4.518000E+03 -8.240629E-08  1.065215E-04 -4.940016E-07  1.925522E-04 -1.449091E-02  2.050881E-08  2.051138E-08
  4.519000E+03  8.082638E-08  1.065951E-04  1.029614E-07  1.924192E-04 -1.615307E-02  2.050827E-08  2.051148E-08
  4.520000E+03  3.455875E-07  1.064782E-04 -4.068341E-07  1.926297E-04 -1.587435E-02  2.050829E-08  2.051129E-08
  4.521000E+03 -3.821853E-08  1.065796E-04 -6.482854E-07  1.924616E-04 -1.446256E-02  2.051033E-08  2.051307E-08
  4.522000E+03 -1.604320E-08  1.065643E-04  8.628550E-08  1.924960E-04 -1.686723E-02  2.051028E-08  2.051364E-08
  4.523000E+03  3.774329E-07  1.064758E-04 -2.403297E-07  1.926406E-04 -1.488992E-02  2.050929E-08  2.051196E-08
  4.524000E+03  4.135283E-08  1.066161E-04 -7.678402E-07  1.923873E-04 -1.522904E-02  2.050920E-08  2.051233E-08
  4.525000E+03 -1.112962E-07  1.065050E-04 -7.469461E-10  1.925943E-04 -1.681497E-02  2.050937E-08  2.051258E-08
  4.526000E+03  3.656903E-07  1.065199E-04 -4.560897E-08  1.925631E-04 -1.410030E-02  2.050977E-08  2.051227E-08
  4.527000E+03  1.473893E-07  1.066130E-04 -8.212099E-07  1.923924E-04 -1.638964E-02  2.050878E-08  2.051231E-08
  4.528000E+03 -1.838798E-07  1.064575E-04 -1.558511E-07  1.926659E-04 -1.597404E-02  2.050811E-08  2.051098E-08
  4.529000E+03  3.052355E-07  1.065870E-04  1.398481E-07  1.924416E-04 -1.412313E-02  2.050972E-08  2.051235E-08
  4.530000E+03  2.647168E-07  1.065693E-04 -7.874508E-07  1.924824E-04 -1.723017E-02  2.050966E-08  2.051339E-08
  4.531000E+03 -2.157064E-07  1.064557E-04 -3.623744E-07  1.926679E-04 -1.474701E-02  2.050837E-08  2.051089E-08
  4.532000E+03  2.033777E-07  1.066291E-04  2.754094E-07  1.923509E-04 -1.509926E-02  2.050788E-08  2.051091E-08
  4.533000E+03  3.747382E-07  1.064948E-04 -6.674685E-07  1.926005E-04 -1.713359E-02  2.050795E-08  2.051150E-08
  4.534000E+03 -1.942497E-07  1.065125E-04 -5.929677E-07  1.925663E-04 -1.380590E-02  2.050876E-08  2.051117E-08
  4.535000E+03  7.506084E-08  1.066232E-04  3.258222E-07  1.923636E-04 -1.652194E-02  2.050762E-08  2.051107E-08
  4.536000E+03  4.539007E-07  1.064378E-04 -4.735309E-07  1.926866E-04 -1.606086E-02  2.050650E-08  2.050958E-08
  4.537000E+03 -1.176190E-07  1.065935E-04 -8.029344E-07  1.924157E-04 -1.389591E-02  2.050829E-08  2.051099E-08
  4.538000E+03 -6.177621E-08  1.065643E-04  2.744752E-07  1.924775E-04 -1.749503E-02  2.050810E-08  2.051171E-08
  4.539000E+03  4.865773E-07  1.064388E-04 -2.294683E-07  1.926787E-04 -1.453460E-02  2.050632E-08  2.050891E-08
  4.540000E+03  3.664179E-09  1.066411E-04 -9.541417E-07  1.923093E-04 -1.513126E-02  2.050574E-08  2.050902E-08
  4.541000E+03 -1.874770E-07  1.064757E-04  1.277935E-07  1.926193E-04 -1.729339E-02  2.050620E-08  2.050957E-08
  4.542000E+03  4.599727E-07  1.065095E-04  3.549184E-08  1.925522E-04 -1.347356E-02  2.050679E-08  2.050917E-08
  4.543000E+03  1.524577E-07  1.066312E-04 -1.009228E-06  1.923334E-04 -1.680665E-02  2.050583E-08  2.050969E-08
  4.544000E+03 -2.756241E-07  1.064125E-04 -9.971831E-08  1.927143E-04 -1.601491E-02  2.050458E-08  2.050744E-08
  4.545000E+03  3.709794E-07  1.066027E-04  2.719276E-07  1.923792E-04 -1.363917E-02  2.050623E-08  2.050885E-08
  4.546000E+03  3.072580E-07  1.065605E-04 -9.466373E-07  1.924685E-04 -1.788014E-02  2.050627E-08  2.051033E-08
  4.547000E+03 -3.069434E-07  1.064199E-04 -3.798852E-07  1.926969E-04 -1.426380E-02  2.050471E-08  2.050709E-08
  4.548000E+03  2.327601E-07  1.066581E-04  4.326724E-07  1.922672E-04 -1.509769E-02  2.050452E-08  2.050771E-08
  4.549000E+03  4.420696E-07  1.064590E-04 -7.733956E-07  1.926376E-04 -1.758680E-02  2.050483E-08  2.050858E-08
  4.550000E+03 -2.692719E-07  1.065070E-04 -6.706284E-07  1.925465E-04 -1.309814E-02  2.050580E-08  2.050808E-08
  4.551000E+03  6.752020E-08  1.066450E-04  4.779566E-07  1.923052E-04 -1.705349E-02  2.050540E-08  2.050915E-08
  4.552000E+03  5.300515E-07  1.063895E-04 -5.136037E-07  1.927515E-04 -1.599754E-02  2.050411E-08  2.050719E-08
  4.553000E+03 -1.649330E-07  1.066196E-04 -9.177877E-07  1.923445E-04 -1.339536E-02  2.050584E-08  2.050857E-08
  4.554000E+03 -1.005414E-07  1.065568E-04  3.949039E-07  1.924746E-04 -1.828192E-02  2.050606E-08  2.050998E-08
  4.555000E+03  5.565706E-07  1.064063E-04 -2.040488E-07  1.927242E-04 -1.385716E-02  2.050509E-08  2.050750E-08
  4.556000E+03 -1.192122E-08  1.066864E-04 -1.079794E-06  1.922204E-04 -1.522372E-02  2.050493E-08  2.050847E-08
  4.557000E+03 -2.435987E-07  1.064372E-04  1.986711E-07  1.926833E-04 -1.785312E-02  2.050540E-08  2.050892E-08
  4.558000E+03  5.115306E-07  1.065145E-04  1.081231E-07  1.925408E-04 -1.254387E-02  2.050676E-08  2.050896E-08
  4.559000E+03  1.656163E-07  1.066670E-04 -1.119522E-06  1.922773E-04 -1.753886E-02  2.050649E-08  2.051078E-08
  4.560000E+03 -3.341333E-07  1.063626E-04 -8.333110E-08  1.928130E-04 -1.590387E-02  2.050549E-08  2.050828E-08
  4.561000E+03  3.973105E-07  1.066440E-04  3.673875E-07  1.923090E-04 -1.302353E-02  2.050687E-08  2.050948E-08
  4.562000E+03  3.420530E-07  1.065624E-04 -1.023176E-06  1.924800E-04 -1.886474E-02  2.050748E-08  2.051196E-08
  4.563000E+03 -3.546318E-07  1.063903E-04 -4.135976E-07  1.927699E-04 -1.347147E-02  2.050698E-08  2.050912E-08
  4.564000E+03  2.333970E-07  1.067196E-04  5.254686E-07  1.921817E-04 -1.516198E-02  2.050720E-08  2.051063E-08
  4.565000E+03  4.867548E-07  1.064272E-04 -8.068086E-07  1.927217E-04 -1.830599E-02  2.050740E-08  2.051140E-08
  4.566000E+03 -3.001721E-07  1.065165E-04 -7.357663E-07  1.925570E-04 -1.204900E-02  2.050901E-08  2.051106E-08
  4.567000E+03  4.938473E-08  1.066944E-04  5.514373E-07  1.922530E-04 -1.780681E-02  2.050906E-08  2.051322E-08
  4.568000E+03  5.750692E-07  1.063447E-04 -5.105466E-07  1.928682E-04 -1.600283E-02  2.050788E-08  2.051094E-08
  4.569000E+03 -1.797374E-07  1.066623E-04 -9.951629E-07  1.922918E-04 -1.268582E-02  2.050862E-08  2.051131E-08
  4.570000E+03 -1.291996E-07  1.065692E-04  4.444840E-07  1.924851E-04 -1.927526E-02  2.050916E-08  2.051349E-08
  4.571000E+03  5.926538E-07  1.063779E-04 -1.739828E-07  1.928076E-04 -1.321128E-02  2.050868E-08  2.051090E-08
  4.572000E+03 -1.278102E-08  1.067427E-04 -1.149736E-06  1.921499E-04 -1.514786E-02  2.050825E-08  2.051199E-08
  4.573000E+03 -2.747232E-07  1.064149E-04  2.227581E-07  1.927516E-04 -1.859844E-02  2.050811E-08  2.051188E-08
  4.574000E+03  5.340671E-07  1.065163E-04  1.527639E-07  1.925601E-04 -1.167055E-02  2.050940E-08  2.051140E-08
  4.575000E+03  1.747866E-07  1.067114E-04 -1.170194E-06  1.922286E-04 -1.805649E-02  2.050964E-08  2.051427E-08
  4.576000E+03 -3.637074E-07  1.063244E-04 -7.997429E-08  1.929069E-04 -1.604434E-02  2.050806E-08  2.051087E-08
  4.577000E+03  4.077590E-07  1.066722E-04  4.176982E-07  1.922675E-04 -1.240513E-02  2.050802E-08  2.051057E-08
  4.578000E+03  3.572395E-07  1.065729E-04 -1.054540E-06  1.924768E-04 -1.964384E-02  2.050885E-08  2.051369E-08
  4.579000E+03 -3.791221E-07  1.063601E-04 -4.256650E-07  1.928350E-04 -1.302399E-02  2.050821E-08  2.051022E-08
  4.580000E+03  2.350808E-07  1.067579E-04  5.721476E-07  1.921161E-04 -1.504134E-02  2.050759E-08  2.051114E-08
  4.581000E+03  5.026703E-07  1.064056E-04 -8.215583E-07  1.927608E-04 -1.893510E-02  2.050714E-08  2.051137E-08
  4.582000E+03 -3.150307E-07  1.065071E-04 -7.561930E-07  1.925659E-04 -1.137052E-02  2.050832E-08  2.051022E-08
  4.583000E+03  4.507665E-08  1.067225E-04  5.835946E-07  1.921995E-04 -1.814038E-02  2.050863E-08  2.051304E-08
  4.584000E+03  5.874132E-07  1.063091E-04 -5.110082E-07  1.929244E-04 -1.617890E-02  2.050693E-08  2.051004E-08
  4.585000E+03 -1.828665E-07  1.066744E-04 -1.017049E-06  1.922521E-04 -1.217679E-02  2.050687E-08  2.050950E-08
  4.586000E+03 -1.360441E-07  1.065723E-04  4.555301E-07  1.924681E-04 -1.982303E-02  2.050774E-08  2.051230E-08
  4.587000E+03  5.975767E-07  1.063490E-04 -1.641423E-07  1.928448E-04 -1.291981E-02  2.050714E-08  2.050925E-08
  4.588000E+03 -6.866596E-09  1.067664E-04 -1.163621E-06  1.920909E-04 -1.503004E-02  2.050654E-08  2.051036E-08
  4.589000E+03 -2.773739E-07  1.063909E-04  2.131005E-07  1.927740E-04 -1.905434E-02  2.050568E-08  2.050961E-08
  4.590000E+03  5.292902E-07  1.065052E-04  1.613861E-07  1.925532E-04 -1.114096E-02  2.050665E-08  2.050851E-08
  4.591000E+03  1.832371E-07  1.067282E-04 -1.166936E-06  1.921780E-04 -1.834622E-02  2.050736E-08  2.051218E-08
  4.592000E+03 -3.565442E-07  1.062890E-04 -1.016557E-07  1.929473E-04 -1.611426E-02  2.050552E-08  2.050832E-08
  4.593000E+03  3.943165E-07  1.066832E-04  4.133675E-07  1.922214E-04 -1.199283E-02  2.050532E-08  2.050783E-08
  4.594000E+03  3.599874E-07  1.065682E-04 -1.030231E-06  1.924628E-04 -2.015124E-02  2.050624E-08  2.051128E-08
  4.595000E+03 -3.596098E-07  1.063329E-04 -4.450849E-07  1.928608E-04 -1.265881E-02  2.050580E-08  2.050768E-08
  4.596000E+03  2.188239E-07  1.067811E-04  5.456938E-07  1.920529E-04 -1.502887E-02  2.050530E-08  2.050895E-08
  4.597000E+03  4.923098E-07  1.063753E-04 -7.823097E-07  1.927900E-04 -1.931185E-02  2.050426E-08  2.050858E-08
  4.598000E+03 -2.842961E-07  1.065017E-04 -7.580580E-07  1.925475E-04 -1.079792E-02  2.050543E-08  2.050719E-08
  4.599000E+03  3.283609E-08  1.067375E-04  5.323045E-07  1.921518E-04 -1.855626E-02  2.050628E-08  2.051090E-08
  4.600000E+03  5.595560E-07  1.062708E-04 -4.670182E-07  1.929728E-04 -1.610723E-02  2.050472E-08  2.050774E-08
  4.601000E+03 -1.464297E-07  1.066949E-04 -9.888038E-07  1.921957E-04 -1.178388E-02  2.050487E-08  2.050747E-08
  4.602000E+03 -1.345625E-07  1.065649E-04  3.832113E-07  1.924668E-04 -2.043489E-02  2.050592E-08  2.051071E-08
  4.603000E+03  5.521002E-07  1.063250E-04 -1.343023E-07  1.928756E-04 -1.240467E-02  2.050592E-08  2.050784E-08
  4.604000E+03  2.520318E-08  1.067993E-04 -1.097777E-06  1.920239E-04 -1.511984E-02  2.050567E-08  2.050963E-08
  4.605000E+03 -2.545205E-07  1.063619E-04  1.339366E-07  1.928238E-04 -1.942166E-02  2.050523E-08  2.050925E-08
  4.606000E+03  4.718815E-07  1.065092E-04  1.580231E-07  1.925396E-04 -1.050273E-02  2.050611E-08  2.050779E-08
  4.607000E+03  2.009173E-07  1.067511E-04 -1.067400E-06  1.921394E-04 -1.887336E-02  2.050743E-08  2.051248E-08
  4.608000E+03 -3.078028E-07  1.062577E-04 -1.713168E-07  1.930147E-04 -1.598061E-02  2.050668E-08  2.050940E-08
  4.609000E+03  3.349122E-07  1.067159E-04  3.608168E-07  1.921750E-04 -1.161124E-02  2.050675E-08  2.050922E-08
  4.610000E+03  3.535814E-07  1.065678E-04 -9.094545E-07  1.924800E-04 -2.083112E-02  2.050773E-08  2.051297E-08
  4.611000E+03 -2.886959E-07  1.063186E-04 -4.836067E-07  1.929069E-04 -1.209943E-02  2.050810E-08  2.050978E-08
  4.612000E+03  1.707959E-07  1.068237E-04  4.415953E-07  1.920005E-04 -1.515445E-02  2.050786E-08  2.051166E-08
  4.613000E+03  4.583323E-07  1.063542E-04 -6.639314E-07  1.928569E-04 -1.969235E-02  2.050717E-08  2.051153E-08
  4.614000E+03 -2.037314E-07  1.065122E-04 -7.496108E-07  1.925482E-04 -1.016851E-02  2.050766E-08  2.050926E-08
  4.615000E+03  8.616936E-09  1.067671E-04  3.921946E-07  1.921255E-04 -1.907455E-02  2.050896E-08  2.051383E-08
  4.616000E+03  4.978193E-07  1.062466E-04 -3.752152E-07  1.930487E-04 -1.602182E-02  2.050812E-08  2.051102E-08
  4.617000E+03 -7.062505E-08  1.067272E-04 -9.226470E-07  1.921658E-04 -1.138144E-02  2.050799E-08  2.051053E-08
  4.618000E+03 -1.264097E-07  1.065728E-04  2.291060E-07  1.924830E-04 -2.108349E-02  2.050889E-08  2.051393E-08
  4.619000E+03  4.686863E-07  1.063116E-04 -9.019820E-08  1.929296E-04 -1.196427E-02  2.050919E-08  2.051090E-08
  4.620000E+03  8.209664E-08  1.068392E-04 -9.756169E-07  1.919850E-04 -1.510454E-02  2.050919E-08  2.051321E-08
  4.621000E+03 -2.138057E-07  1.063506E-04 -6.628242E-09  1.928773E-04 -1.986767E-02  2.050856E-08  2.051272E-08
  4.622000E+03  3.812895E-07  1.065117E-04  1.436193E-07  1.925551E-04 -9.980064E-03  2.050834E-08  2.050983E-08
  4.623000E+03  2.274614E-07  1.067782E-04 -9.093557E-07  1.921118E-04 -1.919649E-02  2.050958E-08  2.051477E-08
  4.624000E+03 -2.403514E-07  1.062378E-04 -2.717801E-07  1.930718E-04 -1.605812E-02  2.050888E-08  2.051160E-08
  4.625000E+03  2.554732E-07  1.067311E-04  2.861008E-07  1.921584E-04 -1.122229E-02  2.050799E-08  2.051035E-08
  4.626000E+03  3.417705E-07  1.065749E-04 -7.456090E-07  1.924745E-04 -2.129560E-02  2.050830E-08  2.051367E-08
  4.627000E+03 -2.023070E-07  1.063008E-04 -5.226991E-07  1.929428E-04 -1.189149E-02  2.050852E-08  2.051011E-08
  4.628000E+03  1.161552E-07  1.068459E-04  3.119957E-07  1.919682E-04 -1.500008E-02  2.050871E-08  2.051250E-08
  4.629000E+03  4.085760E-07  1.063484E-04 -5.212632E-07  1.928765E-04 -2.007134E-02  2.050797E-08  2.051240E-08
  4.630000E+03 -1.095312E-07  1.065039E-04 -7.201240E-07  1.925619E-04 -9.861149E-03  2.050760E-08  2.050907E-08
  4.631000E+03 -1.354123E-08  1.067844E-04  2.239366E-07  1.920963E-04 -1.916272E-02  2.050912E-08  2.051406E-08
  4.632000E+03  4.186373E-07  1.062337E-04 -2.748841E-07  1.930764E-04 -1.618470E-02  2.050854E-08  2.051141E-08
  4.633000E+03  1.493122E-08  1.067277E-04 -8.293955E-07  1.921588E-04 -1.111912E-02  2.050739E-08  2.050983E-08
  4.634000E+03 -1.109575E-07  1.065756E-04  5.067678E-08  1.924666E-04 -2.130217E-02  2.050759E-08  2.051272E-08
  4.635000E+03  3.721603E-07  1.062956E-04 -5.092892E-08  1.929428E-04 -1.192982E-02  2.050752E-08  2.050914E-08
  4.636000E+03  1.439754E-07  1.068448E-04 -8.314044E-07  1.919615E-04 -1.495058E-02  2.050779E-08  2.051174E-08
  4.637000E+03 -1.603447E-07  1.063449E-04 -1.661173E-07  1.928738E-04 -2.008884E-02  2.050701E-08  2.051124E-08
  4.638000E+03  2.789010E-07  1.064994E-04  1.127824E-07  1.925577E-04 -9.836636E-03  2.050629E-08  2.050767E-08
  4.639000E+03  2.550748E-07  1.067831E-04 -7.290127E-07  1.920845E-04 -1.919755E-02  2.050759E-08  2.051275E-08
  4.640000E+03 -1.540312E-07  1.062263E-04 -3.879176E-07  1.930759E-04 -1.618218E-02  2.050706E-08  2.050980E-08
  4.641000E+03  1.621186E-07  1.067252E-04  1.845046E-07  1.921485E-04 -1.105841E-02  2.050583E-08  2.050810E-08
  4.642000E+03  3.283176E-07  1.065710E-04 -5.533693E-07  1.924552E-04 -2.140051E-02  2.050544E-08  2.051079E-08
  4.643000E+03 -9.515469E-08  1.062873E-04 -5.735275E-07  1.929392E-04 -1.188187E-02  2.050553E-08  2.050711E-08
  4.644000E+03  4.770454E-08  1.068443E-04  1.517344E-07  1.919476E-04 -1.490410E-02  2.050622E-08  2.050998E-08
  4.645000E+03  3.518478E-07  1.063393E-04 -3.465708E-07  1.928684E-04 -2.016816E-02  2.050532E-08  2.050970E-08
  4.646000E+03  3.447416E-09  1.064948E-04 -6.905215E-07  1.925525E-04 -9.767240E-03  2.050486E-08  2.050628E-08
  4.647000E+03 -4.336842E-08  1.067825E-04  2.447815E-08  1.920751E-04 -1.919600E-02  2.050647E-08  2.051144E-08
  4.648000E+03  3.230568E-07  1.062237E-04 -1.477515E-07  1.930743E-04 -1.619696E-02  2.050639E-08  2.050918E-08
  4.649000E+03  1.169620E-07  1.067253E-04 -7.159362E-07  1.921439E-04 -1.104778E-02  2.050535E-08  2.050775E-08
  4.650000E+03 -9.422250E-08  1.065683E-04 -1.608919E-07  1.924587E-04 -2.136801E-02  2.050531E-08  2.051047E-08
  4.651000E+03  2.503359E-07  1.062911E-04  4.043427E-09  1.929338E-04 -1.186412E-02  2.050570E-08  2.050723E-08
  4.652000E+03  2.181487E-07  1.068457E-04 -6.465714E-07  1.919495E-04 -1.497723E-02  2.050669E-08  2.051063E-08
  4.653000E+03 -9.582532E-08  1.063391E-04 -3.576091E-07  1.928801E-04 -2.005568E-02  2.050657E-08  2.051079E-08
  4.654000E+03  1.501151E-07  1.065041E-04  7.932357E-08  1.925472E-04 -9.794976E-03  2.050608E-08  2.050741E-08
  4.655000E+03  2.864299E-07  1.067812E-04 -4.997428E-07  1.920871E-04 -1.929984E-02  2.050748E-08  2.051261E-08
  4.656000E+03 -4.878986E-08  1.062267E-04 -5.249926E-07  1.930822E-04 -1.604700E-02  2.050785E-08  2.051057E-08
  4.657000E+03  4.725000E-08  1.067336E-04  6.139497E-08  1.921408E-04 -1.113754E-02  2.050661E-08  2.050890E-08
  4.658000E+03  3.103531E-07  1.065653E-04 -3.158112E-07  1.924740E-04 -2.140884E-02  2.050634E-08  2.051161E-08
  4.659000E+03  3.659959E-08  1.062949E-04 -6.332437E-07  1.929339E-04 -1.176497E-02  2.050648E-08  2.050804E-08
  4.660000E+03 -3.518707E-08  1.068503E-04 -4.624057E-08  1.919501E-04 -1.505785E-02  2.050759E-08  2.051140E-08
  4.661000E+03  2.853384E-07  1.063379E-04 -1.365979E-07  1.928909E-04 -2.004249E-02  2.050750E-08  2.051176E-08
  4.662000E+03  1.396063E-07  1.065083E-04 -6.584787E-07  1.925472E-04 -9.748193E-03  2.050690E-08  2.050835E-08
  4.663000E+03 -7.884283E-08  1.067839E-04 -2.162442E-07  1.920917E-04 -1.934553E-02  2.050846E-08  2.051348E-08
  4.664000E+03  2.171420E-07  1.062309E-04 -2.136303E-09  1.930879E-04 -1.602757E-02  2.050928E-08  2.051196E-08
  4.665000E+03  2.345748E-07  1.067383E-04 -5.934852E-07  1.921476E-04 -1.114762E-02  2.050822E-08  2.051066E-08
  4.666000E+03 -7.675915E-08  1.065686E-04 -4.034555E-07  1.924841E-04 -2.139177E-02  2.050806E-08  2.051325E-08
  4.667000E+03  1.203143E-07  1.063033E-04  6.349231E-08  1.929354E-04 -1.180464E-02  2.050823E-08  2.050971E-08
  4.668000E+03  3.002366E-07  1.068500E-04 -4.514061E-07  1.919648E-04 -1.509600E-02  2.050911E-08  2.051305E-08
  4.669000E+03 -2.978166E-08  1.063420E-04 -5.656750E-07  1.928957E-04 -1.995659E-02  2.050884E-08  2.051306E-08
  4.670000E+03  1.767342E-08  1.065135E-04  4.551562E-08  1.925453E-04 -9.865380E-03  2.050768E-08  2.050902E-08
  4.671000E+03  3.203189E-07  1.067779E-04 -2.651481E-07  1.921053E-04 -1.933429E-02  2.050876E-08  2.051385E-08
  4.672000E+03  5.399695E-08  1.062342E-04 -6.652556E-07  1.930806E-04 -1.594676E-02  2.050914E-08  2.051188E-08
  4.673000E+03 -6.516525E-08  1.067380E-04 -5.868081E-08  1.921456E-04 -1.126234E-02  2.050793E-08  2.051026E-08
  4.674000E+03  2.919448E-07  1.065646E-04 -8.273113E-08  1.924886E-04 -2.134028E-02  2.050780E-08  2.051299E-08
  4.675000E+03  1.594184E-07  1.063044E-04 -6.856597E-07  1.929281E-04 -1.178625E-02  2.050769E-08  2.050930E-08
  4.676000E+03 -1.121180E-07  1.068475E-04 -2.310330E-07  1.919646E-04 -1.514073E-02  2.050858E-08  2.051242E-08
  4.677000E+03  2.211202E-07  1.063432E-04  6.006951E-08  1.928915E-04 -1.993599E-02  2.050864E-08  2.051281E-08
  4.678000E+03  2.622143E-07  1.065106E-04 -6.211615E-07  1.925470E-04 -9.886921E-03  2.050731E-08  2.050882E-08
  4.679000E+03 -1.104512E-07  1.067740E-04 -4.332509E-07  1.921048E-04 -1.927726E-02  2.050799E-08  2.051300E-08
  4.680000E+03  1.208420E-07  1.062381E-04  1.289973E-07  1.930674E-04 -1.599859E-02  2.050848E-08  2.051113E-08
  4.681000E+03  3.372267E-07  1.067312E-04 -4.790661E-07  1.921548E-04 -1.127660E-02  2.050761E-08  2.051007E-08
  4.682000E+03 -6.017204E-08  1.065643E-04 -6.161322E-07  1.924844E-04 -2.120953E-02  2.050735E-08  2.051251E-08
  4.683000E+03  7.855183E-09  1.063086E-04  1.120120E-07  1.929153E-04 -1.192978E-02  2.050710E-08  2.050860E-08
  4.684000E+03  3.693286E-07  1.068366E-04 -2.812291E-07  1.919785E-04 -1.511739E-02  2.050799E-08  2.051190E-08
  4.685000E+03  2.932215E-08  1.063478E-04 -7.433317E-07  1.928780E-04 -1.979772E-02  2.050814E-08  2.051237E-08
  4.686000E+03 -9.301642E-08  1.065100E-04  9.620063E-09  1.925413E-04 -1.009109E-02  2.050653E-08  2.050792E-08
  4.687000E+03  3.485618E-07  1.067613E-04 -6.902489E-08  1.921160E-04 -1.916170E-02  2.050680E-08  2.051177E-08
  4.688000E+03  1.422339E-07  1.062458E-04 -7.840039E-07  1.930421E-04 -1.595081E-02  2.050730E-08  2.051010E-08
  4.689000E+03 -1.568826E-07  1.067227E-04 -1.652041E-07  1.921597E-04 -1.145827E-02  2.050645E-08  2.050880E-08
  4.690000E+03  2.775941E-07  1.065567E-04  1.069531E-07  1.924841E-04 -2.100772E-02  2.050594E-08  2.051097E-08
  4.691000E+03  2.601710E-07  1.063145E-04 -7.301256E-07  1.928912E-04 -1.201199E-02  2.050565E-08  2.050739E-08
  4.692000E+03 -1.718947E-07  1.068239E-04 -3.850239E-07  1.919893E-04 -1.518702E-02  2.050668E-08  2.051048E-08
  4.693000E+03  1.682848E-07  1.063480E-04  2.149978E-07  1.928649E-04 -1.961519E-02  2.050685E-08  2.051090E-08
  4.694000E+03  3.600728E-07  1.065111E-04 -5.882870E-07  1.925296E-04 -1.024423E-02  2.050545E-08  2.050709E-08
  4.695000E+03 -1.322588E-07  1.067485E-04 -6.089149E-07  1.921274E-04 -1.909188E-02  2.050558E-08  2.051049E-08
  4.696000E+03  3.890551E-08  1.062543E-04  2.306257E-07  1.930195E-04 -1.585916E-02  2.050658E-08  2.050918E-08
  4.697000E+03  4.186023E-07  1.067198E-04 -3.774188E-07  1.921652E-04 -1.163102E-02  2.050644E-08  2.050899E-08
  4.698000E+03 -4.233037E-08  1.065508E-04 -7.881062E-07  1.924952E-04 -2.080469E-02  2.050608E-08  2.051111E-08
  4.699000E+03 -8.781451E-08  1.063294E-04  1.459922E-07  1.928683E-04 -1.209371E-02  2.050607E-08  2.050764E-08
  4.700000E+03  4.201301E-07  1.068140E-04 -1.307171E-07  1.920145E-04 -1.530612E-02  2.050743E-08  2.051132E-08
  4.701000E+03  8.426302E-08  1.063537E-04 -8.822246E-07  1.928638E-04 -1.933491E-02  2.050794E-08  2.051207E-08
  4.702000E+03 -1.856371E-07  1.065216E-04 -3.114231E-08  1.925169E-04 -1.052864E-02  2.050606E-08  2.050760E-08
  4.703000E+03  3.611686E-07  1.067340E-04  1.030199E-07  1.921598E-04 -1.901359E-02  2.050628E-08  2.051110E-08
  4.704000E+03  2.265535E-07  1.062698E-04 -8.693556E-07  1.929990E-04 -1.566882E-02  2.050745E-08  2.051024E-08
  4.705000E+03 -2.326722E-07  1.067188E-04 -2.755328E-07  1.921715E-04 -1.198034E-02  2.050684E-08  2.050933E-08
  4.706000E+03  2.510728E-07  1.065404E-04  2.742520E-07  1.925164E-04 -2.053838E-02  2.050646E-08  2.051125E-08
  4.707000E+03  3.570160E-07  1.063489E-04 -7.479786E-07  1.928409E-04 -1.209220E-02  2.050692E-08  2.050877E-08
  4.708000E+03 -2.168948E-07  1.068034E-04 -5.420104E-07  1.920398E-04 -1.555481E-02  2.050803E-08  2.051190E-08
  4.709000E+03  1.099560E-07  1.063549E-04  3.449847E-07  1.928665E-04 -1.900172E-02  2.050859E-08  2.051241E-08
  4.710000E+03  4.486743E-07  1.065374E-04 -5.380062E-07  1.924984E-04 -1.074105E-02  2.050710E-08  2.050895E-08
  4.711000E+03 -1.391551E-07  1.067208E-04 -7.772111E-07  1.921955E-04 -1.903557E-02  2.050754E-08  2.051237E-08
  4.712000E+03 -3.942875E-08  1.062849E-04  3.005018E-07  1.929838E-04 -1.544400E-02  2.050882E-08  2.051131E-08
  4.713000E+03  4.843107E-07  1.067243E-04 -2.715372E-07  1.921773E-04 -1.229716E-02  2.050845E-08  2.051119E-08
  4.714000E+03 -1.293808E-08  1.065331E-04 -9.377579E-07  1.925464E-04 -2.032763E-02  2.050832E-08  2.051316E-08
  4.715000E+03 -1.709211E-07  1.063702E-04  1.483413E-07  1.928189E-04 -1.209557E-02  2.050869E-08  2.051032E-08
  4.716000E+03  4.532097E-07  1.067956E-04  7.985160E-09  1.920686E-04 -1.579482E-02  2.050952E-08  2.051348E-08
  4.717000E+03  1.406823E-07  1.063570E-04 -9.875263E-07  1.928729E-04 -1.869120E-02  2.050980E-08  2.051374E-08
  4.718000E+03 -2.555614E-07  1.065520E-04 -9.113398E-08  1.924825E-04 -1.095287E-02  2.050816E-08  2.050988E-08
  4.719000E+03  3.582553E-07  1.067065E-04  2.418544E-07  1.922281E-04 -1.906488E-02  2.050826E-08  2.051300E-08
  4.720000E+03  2.956258E-07  1.062935E-04 -9.133817E-07  1.929673E-04 -1.523325E-02  2.050878E-08  2.051149E-08
  4.721000E+03 -2.783116E-07  1.067229E-04 -3.777496E-07  1.921748E-04 -1.257190E-02  2.050784E-08  2.051052E-08
  4.722000E+03  2.178876E-07  1.065218E-04  3.873890E-07  1.925589E-04 -2.016852E-02  2.050754E-08  2.051214E-08
  4.723000E+03  4.235171E-07  1.063789E-04 -7.309569E-07  1.927937E-04 -1.208181E-02  2.050769E-08  2.050960E-08
  4.724000E+03 -2.344295E-07  1.067816E-04 -6.594309E-07  1.920803E-04 -1.593526E-02  2.050805E-08  2.051200E-08
  4.725000E+03  5.784901E-08  1.063566E-04  4.167841E-07  1.928602E-04 -1.847461E-02  2.050846E-08  2.051209E-08
  4.726000E+03  4.997008E-07  1.065578E-04 -4.728432E-07  1.924665E-04 -1.112925E-02  2.050755E-08  2.050955E-08
  4.727000E+03 -1.295436E-07  1.066911E-04 -8.839126E-07  1.922508E-04 -1.899038E-02  2.050774E-08  2.051250E-08
  4.728000E+03 -9.648560E-08  1.063064E-04  3.227801E-07  1.929402E-04 -1.511315E-02  2.050844E-08  2.051085E-08
  4.729000E+03  5.123801E-07  1.067212E-04 -1.801686E-07  1.921813E-04 -1.284998E-02  2.050813E-08  2.051102E-08
  4.730000E+03  1.769137E-08  1.065143E-04 -1.014697E-06  1.925778E-04 -1.990154E-02  2.050822E-08  2.051289E-08
  4.731000E+03 -2.190768E-07  1.063962E-04  1.231111E-07  1.927658E-04 -1.217417E-02  2.050803E-08  2.050972E-08
  4.732000E+03  4.574654E-07  1.067667E-04  9.909036E-08  1.921071E-04 -1.611903E-02  2.050798E-08  2.051195E-08
  4.733000E+03  1.813053E-07  1.063612E-04 -1.025092E-06  1.928518E-04 -1.815508E-02  2.050856E-08  2.051234E-08
  4.734000E+03 -2.839522E-07  1.065662E-04 -1.501348E-07  1.924512E-04 -1.142313E-02  2.050744E-08  2.050933E-08
  4.735000E+03  3.417694E-07  1.066699E-04  3.092405E-07  1.922811E-04 -1.890437E-02  2.050695E-08  2.051151E-08
  4.736000E+03  3.334916E-07  1.063205E-04 -9.084019E-07  1.929047E-04 -1.494156E-02  2.050742E-08  2.051008E-08
  4.737000E+03 -2.819693E-07  1.067127E-04 -4.491632E-07  1.921869E-04 -1.319625E-02  2.050699E-08  2.050983E-08
  4.738000E+03  1.880659E-07  1.064986E-04  4.160093E-07  1.925899E-04 -1.956747E-02  2.050663E-08  2.051094E-08
  4.739000E+03  4.477694E-07  1.064114E-04 -6.900991E-07  1.927221E-04 -1.225835E-02  2.050628E-08  2.050829E-08
  4.740000E+03 -2.157930E-07  1.067446E-04 -7.202722E-07  1.921307E-04 -1.631439E-02  2.050619E-08  2.051015E-08
  4.741000E+03  2.418219E-08  1.063603E-04  4.045762E-07  1.928361E-04 -1.775445E-02  2.050687E-08  2.051023E-08
  4.742000E+03  5.037228E-07  1.065767E-04 -4.099029E-07  1.924224E-04 -1.173477E-02  2.050634E-08  2.050853E-08
  4.743000E+03 -9.645581E-08  1.066460E-04 -9.155965E-07  1.923156E-04 -1.883680E-02  2.050606E-08  2.051063E-08
  4.744000E+03 -1.217161E-07  1.063377E-04  2.762394E-07  1.928683E-04 -1.469227E-02  2.050696E-08  2.050927E-08
  4.745000E+03  4.935433E-07  1.067118E-04 -1.172702E-07  1.921914E-04 -1.361702E-02  2.050718E-08  2.051023E-08
  4.746000E+03  5.497438E-08  1.064837E-04 -1.004700E-06  1.926184E-04 -1.922716E-02  2.050693E-08  2.051127E-08
  4.747000E+03 -2.259376E-07  1.064371E-04  5.514285E-08  1.926788E-04 -1.231547E-02  2.050662E-08  2.050841E-08
  4.748000E+03  4.186492E-07  1.067291E-04  1.404492E-07  1.921661E-04 -1.662030E-02  2.050688E-08  2.051086E-08
  4.749000E+03  2.145480E-07  1.063613E-04 -9.731168E-07  1.928394E-04 -1.727767E-02  2.050758E-08  2.051103E-08
  4.750000E+03 -2.694904E-07  1.065974E-04 -2.255517E-07  1.923918E-04 -1.208298E-02  2.050696E-08  2.050910E-08
  4.751000E+03  2.920811E-07  1.066229E-04  3.167295E-07  1.923640E-04 -1.886276E-02  2.050675E-08  2.051112E-08
  4.752000E+03  3.523243E-07  1.063545E-04 -8.247931E-07  1.928448E-04 -1.429675E-02  2.050781E-08  2.051029E-08
  4.753000E+03 -2.451250E-07  1.067175E-04 -5.125136E-07  1.921886E-04 -1.409341E-02  2.050785E-08  2.051095E-08
  4.754000E+03  1.392669E-07  1.064643E-04  3.790891E-07  1.926574E-04 -1.894860E-02  2.050744E-08  2.051141E-08
  4.755000E+03  4.419959E-07  1.064620E-04 -5.905163E-07  1.926390E-04 -1.220452E-02  2.050721E-08  2.050925E-08
  4.756000E+03 -1.586504E-07  1.067179E-04 -7.501173E-07  1.921925E-04 -1.700579E-02  2.050741E-08  2.051149E-08
  4.757000E+03 -1.461662E-08  1.063564E-04  3.207637E-07  1.928511E-04 -1.683281E-02  2.050805E-08  2.051105E-08
  4.758000E+03  4.711059E-07  1.066203E-04 -3.105517E-07  1.923572E-04 -1.231376E-02  2.050764E-08  2.051004E-08
  4.759000E+03 -2.722973E-08  1.066014E-04 -9.016477E-07  1.924093E-04 -1.898613E-02  2.050741E-08  2.051187E-08
  4.760000E+03 -1.416027E-07  1.063694E-04  1.551833E-07  1.928259E-04 -1.389481E-02  2.050879E-08  2.051088E-08
  4.761000E+03  4.361576E-07  1.067265E-04 -3.707170E-08  1.921818E-04 -1.455812E-02  2.050872E-08  2.051202E-08
  4.762000E+03  1.219458E-07  1.064454E-04 -9.406931E-07  1.926988E-04 -1.872609E-02  2.050830E-08  2.051235E-08
  4.763000E+03 -2.150312E-07  1.064885E-04 -8.367127E-08  1.926005E-04 -1.208615E-02  2.050825E-08  2.051007E-08
  4.764000E+03  3.425479E-07  1.067082E-04  1.739048E-07  1.922192E-04 -1.742466E-02  2.050824E-08  2.051235E-08
  4.765000E+03  2.636881E-07  1.063502E-04 -8.596748E-07  1.928642E-04 -1.641474E-02  2.050839E-08  2.051148E-08
  4.766000E+03 -2.243930E-07  1.066415E-04 -3.541095E-07  1.923219E-04 -1.252370E-02  2.050789E-08  2.051026E-08
  4.767000E+03  2.084240E-07  1.065811E-04  2.887634E-07  1.924488E-04 -1.913099E-02  2.050766E-08  2.051197E-08
  4.768000E+03  3.716554E-07  1.063765E-04 -6.751172E-07  1.928090E-04 -1.352912E-02  2.050847E-08  2.051070E-08
  4.769000E+03 -1.717717E-07  1.067318E-04 -6.031206E-07  1.921676E-04 -1.491948E-02  2.050811E-08  2.051150E-08
  4.770000E+03  6.329146E-08  1.064271E-04  2.903386E-07  1.927272E-04 -1.857095E-02  2.050786E-08  2.051159E-08
  4.771000E+03  4.231804E-07  1.065046E-04 -4.284013E-07  1.925676E-04 -1.195216E-02  2.050787E-08  2.050986E-08
  4.772000E+03 -6.914604E-08  1.066979E-04 -7.777550E-07  1.922332E-04 -1.772390E-02  2.050766E-08  2.051190E-08
  4.773000E+03 -6.511798E-08  1.063448E-04  1.820918E-07  1.928683E-04 -1.609801E-02  2.050788E-08  2.051061E-08
  4.774000E+03  4.133358E-07  1.066566E-04 -1.702092E-07  1.922936E-04 -1.268568E-02  2.050774E-08  2.051028E-08
  4.775000E+03  6.218333E-08  1.065620E-04 -8.530437E-07  1.924806E-04 -1.920768E-02  2.050732E-08  2.051175E-08
  4.776000E+03 -1.532973E-07  1.063864E-04 -1.124576E-08  1.927860E-04 -1.326292E-02  2.050801E-08  2.050995E-08
  4.777000E+03  3.482830E-07  1.067332E-04  4.905537E-08  1.921622E-04 -1.525798E-02  2.050770E-08  2.051119E-08
  4.778000E+03  1.948418E-07  1.064110E-04 -8.213296E-07  1.927505E-04 -1.836585E-02  2.050732E-08  2.051114E-08
  4.779000E+03 -1.819907E-07  1.065232E-04 -2.500045E-07  1.925294E-04 -1.193815E-02  2.050738E-08  2.050925E-08
  4.780000E+03  2.411817E-07  1.066823E-04  1.822644E-07  1.922575E-04 -1.797855E-02  2.050716E-08  2.051134E-08
  4.781000E+03  3.038013E-07  1.063436E-04 -6.903289E-07  1.928637E-04 -1.573241E-02  2.050728E-08  2.051010E-08
  4.782000E+03 -1.502359E-07  1.066698E-04 -4.859346E-07  1.922649E-04 -1.297865E-02  2.050713E-08  2.050972E-08
  4.783000E+03  1.150872E-07  1.065381E-04  2.109392E-07  1.925194E-04 -1.915489E-02  2.050688E-08  2.051106E-08
  4.784000E+03  3.672691E-07  1.064005E-04 -4.894393E-07  1.927512E-04 -1.300741E-02  2.050709E-08  2.050915E-08
  4.785000E+03 -6.842816E-08  1.067286E-04 -6.689369E-07  1.921616E-04 -1.567265E-02  2.050662E-08  2.051025E-08
  4.786000E+03 -4.498821E-09  1.063941E-04  1.370501E-07  1.927729E-04 -1.800889E-02  2.050658E-08  2.051004E-08
  4.787000E+03  3.719442E-07  1.065442E-04 -2.589537E-07  1.924852E-04 -1.197051E-02  2.050670E-08  2.050873E-08
  4.788000E+03  4.462943E-08  1.066619E-04 -7.594658E-07  1.922867E-04 -1.825541E-02  2.050624E-08  2.051056E-08
  4.789000E+03 -9.361608E-08  1.063445E-04 -1.988171E-08  1.928550E-04 -1.527929E-02  2.050668E-08  2.050915E-08
  4.790000E+03  3.211747E-07  1.066866E-04 -4.813709E-08  1.922362E-04 -1.331530E-02  2.050721E-08  2.050996E-08
  4.791000E+03  1.634999E-07  1.065121E-04 -7.457569E-07  1.925657E-04 -1.911261E-02  2.050684E-08  2.051109E-08
  4.792000E+03 -1.327733E-07  1.064210E-04 -2.241453E-07  1.927142E-04 -1.269649E-02  2.050719E-08  2.050904E-08
  4.793000E+03  2.275341E-07  1.067313E-04  9.584405E-08  1.921655E-04 -1.617691E-02  2.050739E-08  2.051111E-08
  4.794000E+03  2.664507E-07  1.063753E-04 -6.367535E-07  1.928132E-04 -1.762851E-02  2.050737E-08  2.051083E-08
  4.795000E+03 -1.132291E-07  1.065762E-04 -4.395354E-07  1.924357E-04 -1.197613E-02  2.050759E-08  2.050962E-08
  4.796000E+03  1.092838E-07  1.066472E-04  1.427498E-07  1.923248E-04 -1.869602E-02  2.050733E-08  2.051161E-08
  4.797000E+03  3.332833E-07  1.063411E-04 -4.536254E-07  1.928689E-04 -1.470429E-02  2.050768E-08  2.051012E-08
  4.798000E+03 -4.066543E-08  1.067137E-04 -6.224631E-07  1.921954E-04 -1.365073E-02  2.050797E-08  2.051091E-08
  4.799000E+03 -6.038088E-09  1.064851E-04  8.386805E-08  1.926201E-04 -1.925153E-02  2.050736E-08  2.051143E-08
  4.800000E+03  3.455257E-07  1.064326E-04 -2.369257E-07  1.926916E-04 -1.220167E-02  2.050714E-08  2.050898E-08
  4.801000E+03  6.917167E-08  1.067402E-04 -7.254714E-07  1.921498E-04 -1.666542E-02  2.050726E-08  2.051128E-08
  4.802000E+03 -9.406897E-08  1.063502E-04 -6.754814E-08  1.928563E-04 -1.740506E-02  2.050720E-08  2.051039E-08
  4.803000E+03  2.983971E-07  1.065993E-04 -3.085460E-08  1.923918E-04 -1.177142E-02  2.050740E-08  2.050946E-08
  4.804000E+03  1.932562E-07  1.066374E-04 -7.226359E-07  1.923423E-04 -1.914312E-02  2.050712E-08  2.051171E-08
  4.805000E+03 -1.369229E-07  1.063330E-04 -2.793467E-07  1.928856E-04 -1.424387E-02  2.050804E-08  2.051021E-08
  4.806000E+03  2.026343E-07  1.067401E-04  1.218831E-07  1.921573E-04 -1.382432E-02  2.050892E-08  2.051193E-08
  4.807000E+03  3.032319E-07  1.064642E-04 -6.145395E-07  1.926662E-04 -1.945594E-02  2.050818E-08  2.051247E-08
  4.808000E+03 -1.191657E-07  1.064454E-04 -5.071875E-07  1.926781E-04 -1.175398E-02  2.050828E-08  2.050999E-08
  4.809000E+03  7.675378E-08  1.067563E-04  1.777763E-07  1.921378E-04 -1.711343E-02  2.050892E-08  2.051300E-08
  4.810000E+03  3.754137E-07  1.063291E-04 -4.203411E-07  1.929075E-04 -1.725828E-02  2.050863E-08  2.051190E-08
  4.811000E+03 -4.132341E-08  1.066257E-04 -7.043756E-07  1.923551E-04 -1.156801E-02  2.050862E-08  2.051076E-08
  4.812000E+03 -5.337496E-08  1.066339E-04  1.192311E-07  1.923620E-04 -1.962727E-02  2.050837E-08  2.051296E-08
  4.813000E+03  3.931556E-07  1.063222E-04 -1.786456E-07  1.929139E-04 -1.381967E-02  2.050906E-08  2.051121E-08
  4.814000E+03  8.014089E-08  1.067652E-04 -8.265085E-07  1.921168E-04 -1.395808E-02  2.050938E-08  2.051268E-08
  4.815000E+03 -1.574624E-07  1.064440E-04 -4.336354E-08  1.927054E-04 -1.971461E-02  2.050835E-08  2.051254E-08
  4.816000E+03  3.452411E-07  1.064487E-04  5.938991E-08  1.926690E-04 -1.130364E-02  2.050806E-08  2.050969E-08
  4.817000E+03  2.210320E-07  1.067647E-04 -8.342345E-07  1.921149E-04 -1.747313E-02  2.050796E-08  2.051243E-08
  4.818000E+03 -2.107229E-07  1.063058E-04 -2.805361E-07  1.929380E-04 -1.718057E-02  2.050740E-08  2.051052E-08
  4.819000E+03  2.381172E-07  1.066384E-04  2.406563E-07  1.923186E-04 -1.135508E-02  2.050723E-08  2.050930E-08
  4.820000E+03  3.521643E-07  1.066234E-04 -7.191513E-07  1.923669E-04 -1.995636E-02  2.050672E-08  2.051167E-08
  4.821000E+03 -2.011300E-07  1.063118E-04 -5.438714E-07  1.929166E-04 -1.353043E-02  2.050744E-08  2.050948E-08
  4.822000E+03  9.257406E-08  1.067763E-04  3.266694E-07  1.920823E-04 -1.408062E-02  2.050780E-08  2.051104E-08
  4.823000E+03  4.464096E-07  1.064237E-04 -5.023854E-07  1.927291E-04 -1.979003E-02  2.050693E-08  2.051136E-08
  4.824000E+03 -1.217494E-07  1.064583E-04 -7.853122E-07  1.926422E-04 -1.105871E-02  2.050711E-08  2.050878E-08
  4.825000E+03 -6.493367E-08  1.067654E-04  2.848251E-07  1.921096E-04 -1.780471E-02  2.050740E-08  2.051179E-08
  4.826000E+03  4.820880E-07  1.062910E-04 -2.200622E-07  1.929616E-04 -1.694554E-02  2.050714E-08  2.051034E-08
  4.827000E+03  1.580157E-08  1.066598E-04 -9.541001E-07  1.922797E-04 -1.137498E-02  2.050720E-08  2.050952E-08
  4.828000E+03 -2.017962E-07  1.066092E-04  1.143668E-07  1.923961E-04 -2.022036E-02  2.050701E-08  2.051181E-08
  4.829000E+03  4.477735E-07  1.063111E-04  7.227499E-08  1.929161E-04 -1.315074E-02  2.050735E-08  2.050935E-08
  4.830000E+03  1.867135E-07  1.067908E-04 -1.010032E-06  1.920546E-04 -1.436802E-02  2.050755E-08  2.051120E-08
  4.831000E+03 -2.891811E-07  1.064029E-04 -1.569465E-07  1.927675E-04 -1.976717E-02  2.050702E-08  2.051124E-08
  4.832000E+03  3.405003E-07  1.064706E-04  3.203792E-07  1.926154E-04 -1.078934E-02  2.050669E-08  2.050827E-08
  4.833000E+03  3.581513E-07  1.067623E-04 -9.236717E-07  1.921090E-04 -1.816321E-02  2.050661E-08  2.051145E-08
  4.834000E+03 -3.053862E-07  1.062772E-04 -4.805283E-07  1.929805E-04 -1.666469E-02  2.050657E-08  2.050959E-08
  4.835000E+03  1.771334E-07  1.066769E-04  4.696710E-07  1.922447E-04 -1.138546E-02  2.050675E-08  2.050898E-08
  4.836000E+03  4.936824E-07  1.065918E-04 -7.017719E-07  1.924226E-04 -2.041301E-02  2.050641E-08  2.051156E-08
  4.837000E+03 -2.424406E-07  1.063132E-04 -7.908726E-07  1.929040E-04 -1.281996E-02  2.050657E-08  2.050852E-08
  4.838000E+03 -1.378139E-08  1.068011E-04  4.840143E-07  1.920340E-04 -1.465636E-02  2.050724E-08  2.051078E-08
  4.839000E+03  5.675530E-07  1.063823E-04 -3.816143E-07  1.928028E-04 -1.966886E-02  2.050684E-08  2.051125E-08
  4.840000E+03 -1.042427E-07  1.064883E-04 -1.034811E-06  1.925808E-04 -1.060654E-02  2.050645E-08  2.050820E-08
  4.841000E+03 -1.984747E-07  1.067609E-04  3.467228E-07  1.921150E-04 -1.857690E-02  2.050684E-08  2.051154E-08
  4.842000E+03  5.635689E-07  1.062648E-04 -1.757764E-08  1.930081E-04 -1.631227E-02  2.050725E-08  2.051028E-08
  4.843000E+03  8.795617E-08  1.067037E-04 -1.165378E-06  1.922066E-04 -1.144232E-02  2.050780E-08  2.051042E-08
  4.844000E+03 -3.406132E-07  1.065785E-04  7.319825E-08  1.924573E-04 -2.074824E-02  2.050740E-08  2.051240E-08
  4.845000E+03  4.760395E-07  1.063126E-04  3.233844E-07  1.929108E-04 -1.236459E-02  2.050729E-08  2.050913E-08
  4.846000E+03  3.023037E-07  1.068244E-04 -1.148516E-06  1.920058E-04 -1.491810E-02  2.050861E-08  2.051269E-08
  4.847000E+03 -4.108882E-07  1.063627E-04 -2.953704E-07  1.928509E-04 -1.975541E-02  2.050814E-08  2.051240E-08
  4.848000E+03  3.126390E-07  1.065014E-04  5.784345E-07  1.925646E-04 -1.022950E-02  2.050731E-08  2.050888E-08
  4.849000E+03  4.999637E-07  1.067700E-04 -9.712753E-07  1.921096E-04 -1.897262E-02  2.050787E-08  2.051316E-08
  4.850000E+03 -3.924199E-07  1.062496E-04 -6.951901E-07  1.930479E-04 -1.610049E-02  2.050860E-08  2.051154E-08
  4.851000E+03  9.899367E-08  1.067248E-04  6.961164E-07  1.921772E-04 -1.132582E-02  2.050876E-08  2.051118E-08
  4.852000E+03  6.430567E-07  1.065701E-04 -6.564992E-07  1.924786E-04 -2.108635E-02  2.050791E-08  2.051341E-08
  4.853000E+03 -2.823822E-07  1.063093E-04 -1.054222E-06  1.929216E-04 -1.200482E-02  2.050789E-08  2.050978E-08
  4.854000E+03 -1.325677E-07  1.068419E-04  6.476311E-07  1.919805E-04 -1.509030E-02  2.050922E-08  2.051311E-08
  4.855000E+03  7.054028E-07  1.063442E-04 -2.485609E-07  1.928859E-04 -1.985258E-02  2.050825E-08  2.051282E-08
  4.856000E+03 -9.325937E-08  1.065119E-04 -1.312284E-06  1.925457E-04 -9.925567E-03  2.050739E-08  2.050923E-08
  4.857000E+03 -3.415732E-07  1.067763E-04  4.282571E-07  1.921027E-04 -1.933013E-02  2.050818E-08  2.051331E-08
  4.858000E+03  6.707742E-07  1.062331E-04  1.850783E-07  1.930810E-04 -1.590176E-02  2.050900E-08  2.051201E-08
  4.859000E+03  1.454828E-07  1.067465E-04 -1.416430E-06  1.921421E-04 -1.124608E-02  2.050921E-08  2.051211E-08
  4.860000E+03 -4.883662E-07  1.065614E-04  6.706752E-08  1.924990E-04 -2.145259E-02  2.050825E-08  2.051362E-08
  4.861000E+03  5.375460E-07  1.063030E-04  5.680394E-07  1.929355E-04 -1.160738E-02  2.050824E-08  2.051000E-08
  4.862000E+03  3.985508E-07  1.068615E-04 -1.338078E-06  1.919464E-04 -1.528541E-02  2.050929E-08  2.051383E-08
  4.863000E+03 -5.451264E-07  1.063245E-04 -3.869481E-07  1.929212E-04 -2.000887E-02  2.050815E-08  2.051261E-08
  4.864000E+03  3.230655E-07  1.065184E-04  8.334320E-07  1.925304E-04 -9.559203E-03  2.050709E-08  2.050867E-08
  4.865000E+03  6.203293E-07  1.067812E-04 -1.078312E-06  1.920896E-04 -1.966093E-02  2.050759E-08  2.051339E-08
  4.866000E+03 -4.987262E-07  1.062160E-04 -8.540389E-07  1.931053E-04 -1.578284E-02  2.050833E-08  2.051131E-08
  4.867000E+03  6.391247E-08  1.067573E-04  9.292526E-07  1.921117E-04 -1.113241E-02  2.050805E-08  2.051066E-08
  4.868000E+03  7.690663E-07  1.065497E-04 -6.786082E-07  1.925085E-04 -2.167137E-02  2.050691E-08  2.051280E-08
  4.869000E+03 -3.493274E-07  1.063004E-04 -1.252442E-06  1.929296E-04 -1.137019E-02  2.050718E-08  2.050908E-08
  4.870000E+03 -2.007282E-07  1.068657E-04  8.276092E-07  1.919270E-04 -1.545213E-02  2.050796E-08  2.051218E-08
  4.871000E+03  8.173632E-07  1.063079E-04 -1.958696E-07  1.929391E-04 -1.995217E-02  2.050686E-08  2.051160E-08
  4.872000E+03 -1.160980E-07  1.065303E-04 -1.514782E-06  1.924994E-04 -9.460998E-03  2.050610E-08  2.050806E-08
  4.873000E+03 -4.276367E-07  1.067732E-04  5.348727E-07  1.920976E-04 -1.991680E-02  2.050682E-08  2.051227E-08
  4.874000E+03  7.552257E-07  1.062063E-04  2.925817E-07  1.931116E-04 -1.551809E-02  2.050720E-08  2.051021E-08
  4.875000E+03  1.636732E-07  1.067713E-04 -1.594670E-06  1.920763E-04 -1.127512E-02  2.050692E-08  2.051011E-08
  4.876000E+03 -5.781987E-07  1.065327E-04  9.616384E-08  1.925342E-04 -2.178801E-02  2.050632E-08  2.051186E-08
  4.877000E+03  5.881295E-07  1.063012E-04  7.072937E-07  1.929168E-04 -1.106547E-02  2.050604E-08  2.050778E-08
  4.878000E+03  4.445099E-07  1.068710E-04 -1.470079E-06  1.919039E-04 -1.575542E-02  2.050642E-08  2.051134E-08
  4.879000E+03 -6.234484E-07  1.062901E-04 -4.204397E-07  1.929635E-04 -1.984907E-02  2.050607E-08  2.051053E-08
  4.880000E+03  3.412689E-07  1.065413E-04  9.734870E-07  1.924723E-04 -9.283667E-03  2.050537E-08  2.050704E-08
  4.881000E+03  6.765273E-07  1.067670E-04 -1.154364E-06  1.921012E-04 -2.019862E-02  2.050589E-08  2.051198E-08
  4.882000E+03 -5.526596E-07  1.062001E-04 -9.251093E-07  1.931181E-04 -1.528405E-02  2.050678E-08  2.050969E-08
  4.883000E+03  5.247358E-08  1.067822E-04  1.042954E-06  1.920551E-04 -1.133994E-02  2.050674E-08  2.050957E-08
  4.884000E+03  8.231116E-07  1.065205E-04 -6.951449E-07  1.925566E-04 -2.184219E-02  2.050633E-08  2.051232E-08
  4.885000E+03 -3.734995E-07  1.063102E-04 -1.340727E-06  1.929003E-04 -1.091051E-02  2.050606E-08  2.050794E-08
  4.886000E+03 -2.335185E-07  1.068728E-04  8.984826E-07  1.919068E-04 -1.595813E-02  2.050701E-08  2.051149E-08
  4.887000E+03  8.602697E-07  1.062848E-04 -1.626353E-07  1.929830E-04 -1.966201E-02  2.050719E-08  2.051186E-08
  4.888000E+03 -1.150462E-07  1.065596E-04 -1.599443E-06  1.924516E-04 -9.338549E-03  2.050667E-08  2.050874E-08
  4.889000E+03 -4.687410E-07  1.067594E-04  5.624056E-07  1.921287E-04 -2.037135E-02  2.050729E-08  2.051291E-08
  4.890000E+03  7.801899E-07  1.062029E-04  3.549903E-07  1.931221E-04 -1.500991E-02  2.050782E-08  2.051072E-08
  4.891000E+03  1.845579E-07  1.067988E-04 -1.658522E-06  1.920403E-04 -1.154593E-02  2.050830E-08  2.051171E-08
  4.892000E+03 -6.170572E-07  1.065074E-04  8.329662E-08  1.925920E-04 -2.188735E-02  2.050756E-08  2.051312E-08
  4.893000E+03  5.922057E-07  1.063192E-04  7.803474E-07  1.928890E-04 -1.066269E-02  2.050664E-08  2.050835E-08
  4.894000E+03  4.786313E-07  1.068805E-04 -1.502613E-06  1.919015E-04 -1.624576E-02  2.050782E-08  2.051297E-08
  4.895000E+03 -6.530725E-07  1.062724E-04 -4.658388E-07  1.930132E-04 -1.952489E-02  2.050808E-08  2.051244E-08
  4.896000E+03  3.271079E-07  1.065732E-04  1.041611E-06  1.924308E-04 -9.218586E-03  2.050711E-08  2.050887E-08
  4.897000E+03  7.162204E-07  1.067558E-04 -1.155246E-06  1.921387E-04 -2.063274E-02  2.050755E-08  2.051380E-08
  4.898000E+03 -5.683517E-07  1.061991E-04 -9.914332E-07  1.931348E-04 -1.475707E-02  2.050852E-08  2.051132E-08
  4.899000E+03  2.488877E-08  1.068119E-04  1.093498E-06  1.920247E-04 -1.159497E-02  2.050915E-08  2.051216E-08
  4.900000E+03  8.619054E-07  1.064985E-04 -6.691292E-07  1.926151E-04 -2.198239E-02  2.050827E-08  2.051431E-08
  4.901000E+03 -3.745639E-07  1.063276E-04 -1.415823E-06  1.928829E-04 -1.046770E-02  2.050765E-08  2.050950E-08
  4.902000E+03 -2.696712E-07  1.068871E-04  9.265892E-07  1.919054E-04 -1.639887E-02  2.050945E-08  2.051414E-08
  4.903000E+03  8.939822E-07  1.062694E-04 -1.162069E-07  1.930363E-04 -1.941437E-02  2.051000E-08  2.051460E-08
  4.904000E+03 -1.050729E-07  1.065903E-04 -1.672547E-06  1.924178E-04 -9.241055E-03  2.050899E-08  2.051117E-08
  4.905000E+03 -5.078569E-07  1.067525E-04  5.710610E-07  1.921641E-04 -2.078168E-02  2.050958E-08  2.051535E-08
  4.906000E+03  8.055917E-07  1.062017E-04  4.131957E-07  1.931450E-04 -1.452419E-02  2.051016E-08  2.051296E-08
  4.907000E+03  2.001407E-07  1.068271E-04 -1.719413E-06  1.920079E-04 -1.182590E-02  2.051021E-08  2.051386E-08
  4.908000E+03 -6.530367E-07  1.064836E-04  7.872499E-08  1.926470E-04 -2.204110E-02  2.050877E-08  2.051439E-08
  4.909000E+03  6.089212E-07  1.063354E-04  8.386724E-07  1.928708E-04 -1.018408E-02  2.050794E-08  2.050959E-08
  4.910000E+03  4.936285E-07  1.068918E-04 -1.546096E-06  1.918924E-04 -1.676682E-02  2.050884E-08  2.051426E-08
  4.911000E+03 -6.835581E-07  1.062483E-04 -4.732204E-07  1.930624E-04 -1.928331E-02  2.050874E-08  2.051305E-08
  4.912000E+03  3.401898E-07  1.066022E-04  1.091809E-06  1.923829E-04 -9.070117E-03  2.050759E-08  2.050944E-08
  4.913000E+03  7.273913E-07  1.067398E-04 -1.188869E-06  1.921668E-04 -2.112510E-02  2.050727E-08  2.051372E-08
  4.914000E+03 -5.938378E-07  1.061895E-04 -9.949313E-07  1.931464E-04 -1.420010E-02  2.050806E-08  2.051072E-08
  4.915000E+03  4.128291E-08  1.068352E-04  1.131534E-06  1.919709E-04 -1.194278E-02  2.050779E-08  2.051103E-08
  4.916000E+03  8.663882E-07  1.064633E-04 -7.044150E-07  1.926657E-04 -2.209956E-02  2.050682E-08  2.051287E-08
  4.917000E+03 -3.983136E-07  1.063420E-04 -1.407492E-06  1.928441E-04 -9.948381E-03  2.050642E-08  2.050819E-08
  4.918000E+03 -2.437408E-07  1.068892E-04  9.543653E-07  1.918873E-04 -1.702635E-02  2.050770E-08  2.051264E-08
  4.919000E+03  8.920865E-07  1.062377E-04 -1.655493E-07  1.930754E-04 -1.908159E-02  2.050816E-08  2.051263E-08
  4.920000E+03 -1.313505E-07  1.066177E-04 -1.649924E-06  1.923525E-04 -9.116550E-03  2.050734E-08  2.050957E-08
  4.921000E+03 -4.723845E-07  1.067285E-04  5.969114E-07  1.921915E-04 -2.127503E-02  2.050767E-08  2.051357E-08
  4.922000E+03  8.036965E-07  1.061908E-04  3.451935E-07  1.931427E-04 -1.393245E-02  2.050799E-08  2.051060E-08
  4.923000E+03  1.638928E-07  1.068457E-04 -1.689613E-06  1.919507E-04 -1.220241E-02  2.050758E-08  2.051139E-08
  4.924000E+03 -6.109861E-07  1.064478E-04  1.193369E-07  1.926955E-04 -2.205928E-02  2.050702E-08  2.051255E-08
  4.925000E+03  6.171052E-07  1.063519E-04  7.505508E-07  1.928241E-04 -9.745757E-03  2.050623E-08  2.050779E-08
  4.926000E+03  4.382333E-07  1.068865E-04 -1.522223E-06  1.918838E-04 -1.735278E-02  2.050670E-08  2.051226E-08
  4.927000E+03 -6.380232E-07  1.062241E-04 -3.976739E-07  1.930893E-04 -1.887764E-02  2.050708E-08  2.051115E-08
  4.928000E+03  3.636051E-07  1.066269E-04  9.859090E-07  1.923230E-04 -9.093200E-03  2.050595E-08  2.050784E-08
  4.929000E+03  6.519789E-07  1.067124E-04 -1.180371E-06  1.922018E-04 -2.145715E-02  2.050559E-08  2.051199E-08
  4.930000E+03 -5.505819E-07  1.061867E-04 -8.786006E-07  1.931274E-04 -1.370322E-02  2.050564E-08  2.050805E-08
  4.931000E+03  8.419003E-08  1.068455E-04  1.016059E-06  1.919314E-04 -1.234180E-02  2.050544E-08  2.050879E-08
  4.932000E+03  7.777583E-07  1.064347E-04 -7.245181E-07  1.927053E-04 -2.197522E-02  2.050559E-08  2.051141E-08
  4.933000E+03 -3.703246E-07  1.063603E-04 -1.254324E-06  1.927980E-04 -9.695721E-03  2.050509E-08  2.050670E-08
  4.934000E+03 -1.747229E-07  1.068797E-04  8.499490E-07  1.918940E-04 -1.747859E-02  2.050643E-08  2.051142E-08
  4.935000E+03  7.997940E-07  1.062271E-04 -2.340757E-07  1.930889E-04 -1.868141E-02  2.050770E-08  2.051188E-08
  4.936000E+03 -1.288418E-07  1.066396E-04 -1.471251E-06  1.923139E-04 -9.246536E-03  2.050740E-08  2.050957E-08
  4.937000E+03 -3.780427E-07  1.067062E-04  5.240919E-07  1.922319E-04 -2.143739E-02  2.050763E-08  2.051342E-08
  4.938000E+03  7.184665E-07  1.062025E-04  2.220623E-07  1.931186E-04 -1.358835E-02  2.050779E-08  2.051016E-08
  4.939000E+03  1.363261E-07  1.068532E-04 -1.503101E-06  1.919457E-04 -1.256145E-02  2.050839E-08  2.051214E-08
  4.940000E+03 -4.998780E-07  1.064334E-04  9.326049E-08  1.927336E-04 -2.182076E-02  2.050842E-08  2.051370E-08
  4.941000E+03  5.526480E-07  1.063788E-04  5.796793E-07  1.927878E-04 -9.722208E-03  2.050756E-08  2.050901E-08
  4.942000E+03  3.783928E-07  1.068768E-04 -1.353099E-06  1.919203E-04 -1.765467E-02  2.050863E-08  2.051405E-08
  4.943000E+03 -5.237744E-07  1.062306E-04 -3.628998E-07  1.930995E-04 -1.844845E-02  2.050958E-08  2.051336E-08
  4.944000E+03  3.326048E-07  1.066518E-04  7.848111E-07  1.923051E-04 -9.409494E-03  2.050877E-08  2.051066E-08
  4.945000E+03  5.652776E-07  1.066946E-04 -1.057336E-06  1.922600E-04 -2.144881E-02  2.050839E-08  2.051453E-08
  4.946000E+03 -4.499578E-07  1.062121E-04 -7.814920E-07  1.931049E-04 -1.340951E-02  2.050823E-08  2.051043E-08
  4.947000E+03  9.214459E-08  1.068529E-04  8.135622E-07  1.919493E-04 -1.277686E-02  2.050867E-08  2.051203E-08
  4.948000E+03  6.754077E-07  1.064264E-04 -6.663942E-07  1.927500E-04 -2.162482E-02  2.050890E-08  2.051438E-08
  4.949000E+03 -2.979255E-07  1.063941E-04 -1.106295E-06  1.927653E-04 -9.766503E-03  2.050810E-08  2.050962E-08
  4.950000E+03 -1.286001E-07  1.068672E-04  6.751699E-07  1.919466E-04 -1.776974E-02  2.050955E-08  2.051446E-08
  4.951000E+03  6.950665E-07  1.062348E-04 -2.488788E-07  1.930988E-04 -1.817671E-02  2.051043E-08  2.051427E-08
  4.952000E+03 -9.523394E-08  1.066673E-04 -1.290649E-06  1.922900E-04 -9.665511E-03  2.051009E-08  2.051227E-08
  4.953000E+03 -3.000944E-07  1.066819E-04  4.022591E-07  1.922984E-04 -2.142489E-02  2.051004E-08  2.051564E-08
  4.954000E+03  6.260993E-07  1.062276E-04  1.361263E-07  1.930934E-04 -1.314893E-02  2.051007E-08  2.051220E-08
  4.955000E+03  1.254948E-07  1.068635E-04 -1.314680E-06  1.919490E-04 -1.316745E-02  2.051056E-08  2.051435E-08
  4.956000E+03 -4.033230E-07  1.064125E-04  4.493410E-08  1.927899E-04 -2.144760E-02  2.051053E-08  2.051553E-08
  4.957000E+03  4.895168E-07  1.064158E-04  4.363118E-07  1.927414E-04 -9.612507E-03  2.050978E-08  2.051114E-08
  4.958000E+03  3.246501E-07  1.068616E-04 -1.190958E-06  1.919620E-04 -1.818800E-02  2.050998E-08  2.051536E-08
  4.959000E+03 -4.254188E-07  1.062241E-04 -3.286088E-07  1.931171E-04 -1.782233E-02  2.051043E-08  2.051388E-08
  4.960000E+03  3.131490E-07  1.066833E-04  6.064820E-07  1.922547E-04 -9.769744E-03  2.050938E-08  2.051135E-08
  4.961000E+03  4.757174E-07  1.066602E-04 -9.548184E-07  1.923244E-04 -2.161008E-02  2.050857E-08  2.051452E-08
  4.962000E+03 -3.678414E-07  1.062277E-04 -6.654697E-07  1.930739E-04 -1.280645E-02  2.050812E-08  2.051005E-08
  4.963000E+03  1.243387E-07  1.068640E-04  6.298079E-07  1.919266E-04 -1.346251E-02  2.050819E-08  2.051171E-08
  4.964000E+03  5.641855E-07  1.063920E-04 -6.492845E-07  1.928067E-04 -2.132022E-02  2.050842E-08  2.051360E-08
  4.965000E+03 -2.487947E-07  1.064252E-04 -9.241676E-07  1.927036E-04 -9.505354E-03  2.050760E-08  2.050899E-08
  4.966000E+03 -4.617113E-08  1.068490E-04  5.197562E-07  1.919671E-04 -1.843117E-02  2.050801E-08  2.051303E-08
  4.967000E+03  5.817485E-07  1.062151E-04 -3.284949E-07  1.931139E-04 -1.755024E-02  2.050845E-08  2.051194E-08
  4.968000E+03 -9.330881E-08  1.066938E-04 -1.070441E-06  1.922217E-04 -9.912611E-03  2.050785E-08  2.051004E-08
  4.969000E+03 -1.762430E-07  1.066434E-04  3.093376E-07  1.923464E-04 -2.167704E-02  2.050767E-08  2.051320E-08
  4.970000E+03  5.317775E-07  1.062325E-04 -3.816638E-08  1.930561E-04 -1.255755E-02  2.050722E-08  2.050909E-08
  4.971000E+03  6.949961E-08  1.068679E-04 -1.089924E-06  1.919126E-04 -1.376149E-02  2.050735E-08  2.051119E-08
  4.972000E+03 -2.530575E-07  1.063770E-04  4.626147E-08  1.928294E-04 -2.118812E-02  2.050800E-08  2.051275E-08
  4.973000E+03  4.327797E-07  1.064363E-04  1.833102E-07  1.926762E-04 -9.409165E-03  2.050683E-08  2.050811E-08
  4.974000E+03  2.106729E-07  1.068383E-04 -9.979595E-07  1.919716E-04 -1.871806E-02  2.050634E-08  2.051167E-08
  4.975000E+03 -2.701809E-07  1.062065E-04 -2.174770E-07  1.931140E-04 -1.728685E-02  2.050690E-08  2.051005E-08
  4.976000E+03  3.076790E-07  1.066998E-04  3.068512E-07  1.921945E-04 -1.000992E-02  2.050608E-08  2.050811E-08
  4.977000E+03  3.152334E-07  1.066269E-04 -8.285944E-07  1.923585E-04 -2.174842E-02  2.050575E-08  2.051151E-08
  4.978000E+03 -2.338595E-07  1.062344E-04 -4.480920E-07  1.930344E-04 -1.238051E-02  2.050532E-08  2.050700E-08
  4.979000E+03  1.807961E-07  1.068638E-04  3.271636E-07  1.919065E-04 -1.390871E-02  2.050587E-08  2.050949E-08
  4.980000E+03  3.761178E-07  1.063704E-04 -6.243031E-07  1.928307E-04 -2.108266E-02  2.050692E-08  2.051180E-08
  4.981000E+03 -1.590198E-07  1.064416E-04 -6.210265E-07  1.926581E-04 -9.444297E-03  2.050592E-08  2.050717E-08
  4.982000E+03  7.225756E-08  1.068297E-04  2.589480E-07  1.919859E-04 -1.871193E-02  2.050621E-08  2.051121E-08
  4.983000E+03  3.901879E-07  1.062144E-04 -4.221842E-07  1.930996E-04 -1.720692E-02  2.050692E-08  2.051014E-08
  4.984000E+03 -6.162492E-08  1.067014E-04 -7.186521E-07  1.921995E-04 -1.015396E-02  2.050691E-08  2.050901E-08
  4.985000E+03 -8.769334E-09  1.066241E-04  1.268206E-07  1.923757E-04 -2.157980E-02  2.050711E-08  2.051250E-08
  4.986000E+03  3.632307E-07  1.062507E-04 -2.443301E-07  1.930188E-04 -1.244374E-02  2.050679E-08  2.050853E-08
  4.987000E+03  3.583072E-08  1.068604E-04 -7.360926E-07  1.919312E-04 -1.404793E-02  2.050783E-08  2.051154E-08
  4.988000E+03 -5.691616E-08  1.063756E-04 -2.909493E-08  1.928411E-04 -2.083395E-02  2.050913E-08  2.051367E-08
  4.989000E+03  3.102218E-07  1.064569E-04 -1.120193E-07  1.926494E-04 -9.643459E-03  2.050791E-08  2.050918E-08
  4.990000E+03  1.140056E-07  1.068200E-04 -6.887092E-07  1.920186E-04 -1.874424E-02  2.050782E-08  2.051290E-08
  4.991000E+03 -6.963412E-08  1.062261E-04 -1.728110E-07  1.930917E-04 -1.699627E-02  2.050842E-08  2.051139E-08
  4.992000E+03  2.447703E-07  1.067057E-04 -4.003277E-08  1.922033E-04 -1.041148E-02  2.050809E-08  2.051015E-08
  4.993000E+03  1.696176E-07  1.066164E-04 -6.007518E-07  1.923999E-04 -2.141083E-02  2.050829E-08  2.051370E-08
  4.994000E+03 -5.498899E-08  1.062673E-04 -2.921030E-07  1.929986E-04 -1.243371E-02  2.050785E-08  2.050947E-08
  4.995000E+03  1.827074E-07  1.068537E-04 -2.399421E-08  1.919569E-04 -1.419471E-02  2.050923E-08  2.051281E-08
  4.996000E+03  2.024553E-07  1.063800E-04 -5.030264E-07  1.928448E-04 -2.057934E-02  2.051049E-08  2.051503E-08
  4.997000E+03 -2.388104E-08  1.064726E-04 -3.787110E-07  1.926386E-04 -9.846396E-03  2.050973E-08  2.051101E-08
  4.998000E+03  1.347098E-07  1.068115E-04 -5.027396E-08  1.920567E-04 -1.871003E-02  2.051027E-08  2.051514E-08
  4.999000E+03  2.126276E-07  1.062430E-04 -4.164897E-07  1.930838E-04 -1.679964E-02  2.051092E-08  2.051390E-08
  5.000000E+03  1.448210E-08  1.067166E-04 -4.262193E-07  1.922123E-04 -1.071798E-02  2.051105E-08  2.051319E-08
  5.001000E+03  1.018946E-07  1.066110E-04 -1.016706E-07  1.924375E-04 -2.123748E-02  2.051132E-08  2.051650E-08
  5.002000E+03  2.063348E-07  1.062900E-04 -3.477894E-07  1.929857E-04 -1.236616E-02  2.051087E-08  2.051253E-08
  5.003000E+03  4.588031E-08  1.068521E-04 -4.365163E-07  1.919800E-04 -1.452454E-02  2.051129E-08  2.051496E-08
  5.004000E+03  8.281745E-08  1.063760E-04 -1.493369E-07  1.928665E-04 -2.026526E-02  2.051215E-08  2.051646E-08
  5.005000E+03  1.968563E-07  1.064916E-04 -3.036606E-07  1.926147E-04 -9.976343E-03  2.051084E-08  2.051220E-08
  5.006000E+03  6.145372E-08  1.067933E-04 -4.291919E-07  1.920872E-04 -1.890764E-02  2.050995E-08  2.051486E-08
  5.007000E+03  7.522388E-08  1.062445E-04 -1.743244E-07  1.930730E-04 -1.643164E-02  2.051017E-08  2.051296E-08
  5.008000E+03  1.906576E-07  1.067230E-04 -2.843491E-07  1.921896E-04 -1.102934E-02  2.050980E-08  2.051205E-08
  5.009000E+03  6.734557E-08  1.065885E-04 -4.213116E-07  1.924631E-04 -2.116701E-02  2.050976E-08  2.051490E-08
  5.010000E+03  7.170022E-08  1.062982E-04 -1.833093E-07  1.929513E-04 -1.216510E-02  2.050886E-08  2.051042E-08
  5.011000E+03  1.932289E-07  1.068438E-04 -2.793096E-07  1.919776E-04 -1.481263E-02  2.050937E-08  2.051311E-08
  5.012000E+03  7.061131E-08  1.063627E-04 -4.286908E-07  1.928717E-04 -2.002057E-02  2.051024E-08  2.051448E-08
  5.013000E+03  6.338177E-08  1.065010E-04 -1.837073E-07  1.925815E-04 -1.000875E-02  2.050909E-08  2.051044E-08
  5.014000E+03  2.063719E-07  1.067811E-04 -2.725041E-07  1.921008E-04 -1.903467E-02  2.050903E-08  2.051395E-08
  5.015000E+03  7.522560E-08  1.062445E-04 -4.577138E-07  1.930643E-04 -1.621016E-02  2.050933E-08  2.051209E-08
  5.016000E+03  4.571990E-08  1.067290E-04 -1.800163E-07  1.921752E-04 -1.119584E-02  2.050939E-08  2.051165E-08
  5.017000E+03  2.226862E-07  1.065784E-04 -2.497104E-07  1.924804E-04 -2.114655E-02  2.050968E-08  2.051479E-08
  5.018000E+03  8.761223E-08  1.063047E-04 -4.985332E-07  1.929365E-04 -1.205661E-02  2.050856E-08  2.051016E-08
  5.019000E+03  1.325030E-08  1.068387E-04 -1.808646E-07  1.919770E-04 -1.501911E-02  2.050827E-08  2.051201E-08
  5.020000E+03  2.329384E-07  1.063539E-04 -1.935962E-07  1.928752E-04 -1.986825E-02  2.050898E-08  2.051316E-08
  5.021000E+03  1.170416E-07  1.065046E-04 -5.397666E-07  1.925583E-04 -1.005720E-02  2.050730E-08  2.050876E-08
  5.022000E+03 -3.053155E-08  1.067645E-04 -2.068966E-07  1.921057E-04 -1.913469E-02  2.050633E-08  2.051121E-08
  5.023000E+03  2.288714E-07  1.062413E-04 -1.050529E-07  1.930439E-04 -1.603250E-02  2.050661E-08  2.050930E-08
  5.024000E+03  1.654144E-07  1.067236E-04 -5.666356E-07  1.921578E-04 -1.135655E-02  2.050644E-08  2.050886E-08
  5.025000E+03 -7.227380E-08  1.065634E-04 -2.714408E-07  1.924795E-04 -2.106719E-02  2.050671E-08  2.051173E-08
  5.026000E+03  2.052070E-07  1.063047E-04 -6.390442E-09  1.929066E-04 -1.203331E-02  2.050538E-08  2.050694E-08
  5.027000E+03  2.297565E-07  1.068258E-04 -5.666777E-07  1.919760E-04 -1.508210E-02  2.050566E-08  2.050953E-08
  5.028000E+03 -9.802291E-08  1.063517E-04 -3.787261E-07  1.928581E-04 -1.974426E-02  2.050679E-08  2.051091E-08
  5.029000E+03  1.588542E-07  1.065033E-04  7.732996E-08  1.925461E-04 -1.016140E-02  2.050573E-08  2.050715E-08
  5.030000E+03  2.998278E-07  1.067570E-04 -5.264769E-07  1.921138E-04 -1.902190E-02  2.050579E-08  2.051075E-08
  5.031000E+03 -9.761136E-08  1.062527E-04 -5.160472E-07  1.930237E-04 -1.604644E-02  2.050666E-08  2.050939E-08
  5.032000E+03  8.902679E-08  1.067200E-04  1.267918E-07  1.921745E-04 -1.146625E-02  2.050751E-08  2.050982E-08
  5.033000E+03  3.599971E-07  1.065683E-04 -4.332430E-07  1.924863E-04 -2.085934E-02  2.050847E-08  2.051355E-08
  5.034000E+03 -6.591468E-08  1.063196E-04 -6.565258E-07  1.928985E-04 -1.221871E-02  2.050735E-08  2.050905E-08
  5.035000E+03 -7.895572E-10  1.068176E-04  1.294648E-07  1.920087E-04 -1.509633E-02  2.050757E-08  2.051125E-08
  5.036000E+03  3.965974E-07  1.063648E-04 -2.839542E-07  1.928509E-04 -1.955958E-02  2.050863E-08  2.051280E-08
  5.037000E+03 -2.838458E-10  1.065091E-04 -7.753435E-07  1.925505E-04 -1.044338E-02  2.050727E-08  2.050888E-08
  5.038000E+03 -9.634254E-08  1.067467E-04  6.990908E-08  1.921415E-04 -1.886134E-02  2.050682E-08  2.051152E-08
  5.039000E+03  3.966795E-07  1.062699E-04 -9.715906E-08  1.930001E-04 -1.600384E-02  2.050748E-08  2.051026E-08
  5.040000E+03  9.479416E-08  1.067123E-04 -8.439478E-07  1.921945E-04 -1.170626E-02  2.050811E-08  2.051064E-08
  5.041000E+03 -1.765821E-07  1.065654E-04 -5.825438E-08  1.924940E-04 -2.055673E-02  2.050886E-08  2.051366E-08
  5.042000E+03  3.573206E-07  1.063356E-04  8.808299E-08  1.928749E-04 -1.238574E-02  2.050790E-08  2.050965E-08
  5.043000E+03  2.081851E-07  1.068046E-04 -8.486079E-07  1.920422E-04 -1.515132E-02  2.050864E-08  2.051250E-08
  5.044000E+03 -2.247958E-07  1.063765E-04 -2.452833E-07  1.928416E-04 -1.927843E-02  2.051001E-08  2.051397E-08
  5.045000E+03  2.802318E-07  1.065213E-04  2.378588E-07  1.925491E-04 -1.073599E-02  2.050940E-08  2.051102E-08
  5.046000E+03  3.221514E-07  1.067406E-04 -7.799013E-07  1.921793E-04 -1.872478E-02  2.050974E-08  2.051459E-08
  5.047000E+03 -2.282903E-07  1.062923E-04 -4.656292E-07  1.929887E-04 -1.589863E-02  2.051063E-08  2.051335E-08
  5.048000E+03  1.699327E-07  1.067164E-04  3.240934E-07  1.922201E-04 -1.197341E-02  2.051156E-08  2.051399E-08
  5.049000E+03  4.150624E-07  1.065690E-04 -6.310948E-07  1.925205E-04 -2.030672E-02  2.051248E-08  2.051740E-08
  5.050000E+03 -1.824264E-07  1.063581E-04 -6.803331E-07  1.928673E-04 -1.249868E-02  2.051139E-08  2.051323E-08
  5.051000E+03  3.818116E-08  1.067980E-04  3.292501E-07  1.920821E-04 -1.527388E-02  2.051160E-08  2.051523E-08
  5.052000E+03  4.692454E-07  1.063870E-04 -4.124587E-07  1.928448E-04 -1.901246E-02  2.051246E-08  2.051651E-08
  5.053000E+03 -9.036066E-08  1.065326E-04 -8.525635E-07  1.925464E-04 -1.101594E-02  2.051122E-08  2.051304E-08
  5.054000E+03 -9.267083E-08  1.067267E-04  2.434115E-07  1.922136E-04 -1.864197E-02  2.051075E-08  2.051526E-08
  5.055000E+03  4.715709E-07  1.063045E-04 -1.582511E-07  1.929673E-04 -1.574717E-02  2.051076E-08  2.051354E-08
  5.056000E+03  3.806525E-08  1.067101E-04 -9.495608E-07  1.922252E-04 -1.226712E-02  2.051083E-08  2.051350E-08
  5.057000E+03 -1.990438E-07  1.065547E-04  6.884872E-08  1.925306E-04 -2.005627E-02  2.051092E-08  2.051548E-08
  5.058000E+03  4.207408E-07  1.063675E-04  8.635268E-08  1.928323E-04 -1.252771E-02  2.050948E-08  2.051133E-08
  5.059000E+03  1.863050E-07  1.067812E-04 -9.568756E-07  1.920935E-04 -1.544775E-02  2.050953E-08  2.051342E-08
  5.060000E+03 -2.624006E-07  1.063826E-04 -1.754261E-07  1.928319E-04 -1.873453E-02  2.051035E-08  2.051412E-08
  5.061000E+03  3.227561E-07  1.065385E-04  2.807833E-07  1.925212E-04 -1.120319E-02  2.050962E-08  2.051141E-08
  5.062000E+03  3.305785E-07  1.067126E-04 -8.691241E-07  1.922304E-04 -1.863742E-02  2.050984E-08  2.051460E-08
  5.063000E+03 -2.697767E-07  1.063108E-04 -4.522437E-07  1.929482E-04 -1.558587E-02  2.050998E-08  2.051263E-08
  5.064000E+03  1.854613E-07  1.067083E-04  3.940416E-07  1.922215E-04 -1.249419E-02  2.051003E-08  2.051259E-08
  5.065000E+03  4.462312E-07  1.065470E-04 -6.838983E-07  1.925398E-04 -1.991542E-02  2.051048E-08  2.051524E-08
  5.066000E+03 -2.161694E-07  1.063755E-04 -7.169933E-07  1.928129E-04 -1.254017E-02  2.050895E-08  2.051084E-08
  5.067000E+03  2.616825E-08  1.067701E-04  4.038825E-07  1.921037E-04 -1.557892E-02  2.050844E-08  2.051210E-08
  5.068000E+03  5.109856E-07  1.063818E-04 -4.190148E-07  1.928218E-04 -1.856179E-02  2.050920E-08  2.051312E-08
  5.069000E+03 -1.067138E-07  1.065388E-04 -9.224144E-07  1.925076E-04 -1.135879E-02  2.050820E-08  2.051016E-08
  5.070000E+03 -1.277900E-07  1.066967E-04  3.006713E-07  1.922385E-04 -1.860228E-02  2.050766E-08  2.051210E-08
  5.071000E+03  5.125884E-07  1.063118E-04 -1.191027E-07  1.929202E-04 -1.550945E-02  2.050724E-08  2.050999E-08
  5.072000E+03  4.333025E-08  1.066968E-04 -1.033561E-06  1.922153E-04 -1.264864E-02  2.050711E-08  2.050992E-08
  5.073000E+03 -2.489818E-07  1.065335E-04  9.450183E-08  1.925316E-04 -1.975811E-02  2.050706E-08  2.051149E-08
  5.074000E+03  4.531427E-07  1.063749E-04  1.606816E-07  1.927818E-04 -1.257535E-02  2.050552E-08  2.050745E-08
  5.075000E+03  2.107979E-07  1.067538E-04 -1.037869E-06  1.921033E-04 -1.563104E-02  2.050525E-08  2.050918E-08
  5.076000E+03 -3.151977E-07  1.063788E-04 -1.853151E-07  1.927998E-04 -1.841249E-02  2.050633E-08  2.051001E-08
  5.077000E+03  3.396708E-07  1.065365E-04  3.718519E-07  1.924927E-04 -1.147884E-02  2.050614E-08  2.050803E-08
  5.078000E+03  3.687828E-07  1.066883E-04 -9.297031E-07  1.922439E-04 -1.850061E-02  2.050666E-08  2.051136E-08
  5.079000E+03 -3.167957E-07  1.063187E-04 -4.931048E-07  1.929000E-04 -1.551696E-02  2.050641E-08  2.050908E-08
  5.080000E+03  1.858192E-07  1.066894E-04  4.857299E-07  1.922251E-04 -1.273848E-02  2.050673E-08  2.050934E-08
  5.081000E+03  4.921117E-07  1.065382E-04 -7.176261E-07  1.925284E-04 -1.957860E-02  2.050770E-08  2.051238E-08
  5.082000E+03 -2.548726E-07  1.063826E-04 -7.788515E-07  1.927749E-04 -1.276837E-02  2.050622E-08  2.050824E-08
  5.083000E+03  1.541468E-08  1.067442E-04  4.873078E-07  1.921285E-04 -1.555262E-02  2.050611E-08  2.050971E-08
  5.084000E+03  5.563558E-07  1.063948E-04 -4.306468E-07  1.927819E-04 -1.832036E-02  2.050754E-08  2.051144E-08
  5.085000E+03 -1.363785E-07  1.065344E-04 -9.897814E-07  1.925067E-04 -1.174371E-02  2.050718E-08  2.050927E-08
  5.086000E+03 -1.422104E-07  1.066819E-04  3.690616E-07  1.922616E-04 -1.823719E-02  2.050743E-08  2.051169E-08
  5.087000E+03  5.516772E-07  1.063376E-04 -1.190423E-07  1.928737E-04 -1.561305E-02  2.050724E-08  2.051008E-08
  5.088000E+03  2.098756E-08  1.066774E-04 -1.093915E-06  1.922557E-04 -1.290482E-02  2.050764E-08  2.051047E-08
  5.089000E+03 -2.616875E-07  1.065418E-04  1.473395E-07  1.925271E-04 -1.924945E-02  2.050838E-08  2.051263E-08
  5.090000E+03  4.855296E-07  1.063999E-04  1.622132E-07  1.927578E-04 -1.302436E-02  2.050766E-08  2.050975E-08
  5.091000E+03  1.896844E-07  1.067304E-04 -1.086003E-06  1.921685E-04 -1.555611E-02  2.050775E-08  2.051156E-08
  5.092000E+03 -3.219056E-07  1.064101E-04 -1.391987E-07  1.927692E-04 -1.804746E-02  2.050924E-08  2.051281E-08
  5.093000E+03  3.679463E-07  1.065454E-04  3.646145E-07  1.925098E-04 -1.208303E-02  2.050953E-08  2.051159E-08
  5.094000E+03  3.413442E-07  1.066744E-04 -9.652437E-07  1.923007E-04 -1.805661E-02  2.051021E-08  2.051467E-08
  5.095000E+03 -3.145697E-07  1.063610E-04 -4.410511E-07  1.928585E-04 -1.551479E-02  2.051014E-08  2.051283E-08
  5.096000E+03  2.146527E-07  1.066777E-04  4.606204E-07  1.922823E-04 -1.319875E-02  2.051045E-08  2.051311E-08
  5.097000E+03  4.542949E-07  1.065455E-04 -7.467871E-07  1.925494E-04 -1.894998E-02  2.051160E-08  2.051600E-08
  5.098000E+03 -2.459880E-07  1.064214E-04 -7.112965E-07  1.927479E-04 -1.317429E-02  2.051072E-08  2.051284E-08
  5.099000E+03  5.162934E-08  1.067230E-04  4.438641E-07  1.922096E-04 -1.563947E-02  2.051068E-08  2.051417E-08
  5.100000E+03  5.070696E-07  1.064237E-04 -4.659851E-07  1.927662E-04 -1.782853E-02  2.051163E-08  2.051533E-08
  5.101000E+03 -1.271784E-07  1.065522E-04 -9.000249E-07  1.925162E-04 -1.234798E-02  2.051146E-08  2.051367E-08
  5.102000E+03 -9.163374E-08  1.066651E-04  3.146621E-07  1.923294E-04 -1.790409E-02  2.051154E-08  2.051557E-08
  5.103000E+03  4.931447E-07  1.063763E-04 -1.758095E-07  1.928370E-04 -1.548060E-02  2.051082E-08  2.051360E-08
  5.104000E+03  2.214169E-08  1.066703E-04 -9.802856E-07  1.923007E-04 -1.340843E-02  2.051093E-08  2.051378E-08
  5.105000E+03 -1.935813E-07  1.065409E-04  9.605500E-08  1.925554E-04 -1.868398E-02  2.051145E-08  2.051544E-08
  5.106000E+03  4.231917E-07  1.064345E-04  7.390630E-08  1.927245E-04 -1.330435E-02  2.051072E-08  2.051287E-08
  5.107000E+03  1.738631E-07  1.067102E-04 -9.527119E-07  1.922339E-04 -1.573307E-02  2.051078E-08  2.051447E-08
  5.108000E+03 -2.377731E-07  1.064255E-04 -1.688246E-07  1.927588E-04 -1.756325E-02  2.051129E-08  2.051467E-08
  5.109000E+03  3.100982E-07  1.065602E-04  2.417363E-07  1.925001E-04 -1.257891E-02  2.051122E-08  2.051337E-08
  5.110000E+03  3.022962E-07  1.066515E-04 -8.240120E-07  1.923528E-04 -1.787086E-02  2.051143E-08  2.051564E-08
  5.111000E+03 -2.189992E-07  1.063838E-04 -4.334907E-07  1.928199E-04 -1.530029E-02  2.051051E-08  2.051310E-08
  5.112000E+03  1.708821E-07  1.066688E-04  3.052411E-07  1.922963E-04 -1.367784E-02  2.051010E-08  2.051281E-08
  5.113000E+03  3.889833E-07  1.065307E-04 -6.141776E-07  1.925673E-04 -1.852560E-02  2.051081E-08  2.051492E-08
  5.114000E+03 -1.461744E-07  1.064427E-04 -6.554320E-07  1.927019E-04 -1.328676E-02  2.050989E-08  2.051203E-08
  5.115000E+03  3.119408E-08  1.066992E-04  2.633890E-07  1.922404E-04 -1.591582E-02  2.050930E-08  2.051277E-08
  5.116000E+03  4.192868E-07  1.064195E-04 -3.628317E-07  1.927510E-04 -1.738663E-02  2.050937E-08  2.051282E-08
  5.117000E+03 -3.434146E-08  1.065598E-04 -7.951956E-07  1.924803E-04 -1.267392E-02  2.050901E-08  2.051127E-08
  5.118000E+03 -8.327805E-08  1.066355E-04  1.271042E-07  1.923553E-04 -1.788832E-02  2.050862E-08  2.051256E-08
  5.119000E+03  3.925005E-07  1.063807E-04 -1.196984E-07  1.927959E-04 -1.518560E-02  2.050740E-08  2.051002E-08
  5.120000E+03  9.607873E-08  1.066596E-04 -8.367004E-07  1.922831E-04 -1.380287E-02  2.050688E-08  2.050978E-08
  5.121000E+03 -1.533854E-07  1.065172E-04 -7.746495E-08  1.925597E-04 -1.842301E-02  2.050745E-08  2.051129E-08
  5.122000E+03  3.183337E-07  1.064436E-04  7.078719E-08  1.926742E-04 -1.327526E-02  2.050713E-08  2.050924E-08
  5.123000E+03  2.192545E-07  1.066863E-04 -7.803374E-07  1.922397E-04 -1.600190E-02  2.050672E-08  2.051039E-08
  5.124000E+03 -1.680746E-07  1.064139E-04 -3.077615E-07  1.927372E-04 -1.723251E-02  2.050687E-08  2.051012E-08
  5.125000E+03  2.122611E-07  1.065609E-04  1.758703E-07  1.924595E-04 -1.278695E-02  2.050698E-08  2.050916E-08
  5.126000E+03  3.129524E-07  1.066234E-04 -6.403623E-07  1.923637E-04 -1.785731E-02  2.050720E-08  2.051129E-08
  5.127000E+03 -1.306775E-07  1.063855E-04 -5.179090E-07  1.927758E-04 -1.509842E-02  2.050621E-08  2.050876E-08
  5.128000E+03  9.543473E-08  1.066553E-04  1.868400E-07  1.922822E-04 -1.396255E-02  2.050593E-08  2.050868E-08
  5.129000E+03  3.611578E-07  1.065138E-04 -4.466093E-07  1.925628E-04 -1.827979E-02  2.050717E-08  2.051110E-08
  5.130000E+03 -5.266841E-08  1.064513E-04 -6.683311E-07  1.926582E-04 -1.336102E-02  2.050688E-08  2.050906E-08
  5.131000E+03 -7.761371E-09  1.066767E-04  1.085805E-07  1.922560E-04 -1.603790E-02  2.050660E-08  2.051004E-08
  5.132000E+03  3.555782E-07  1.064194E-04 -2.407924E-07  1.927246E-04 -1.711250E-02  2.050664E-08  2.050993E-08
  5.133000E+03  4.947299E-08  1.065604E-04 -7.309487E-07  1.924574E-04 -1.296962E-02  2.050661E-08  2.050894E-08
  5.134000E+03 -7.882945E-08  1.066141E-04 -3.999776E-08  1.923758E-04 -1.772097E-02  2.050675E-08  2.051057E-08
  5.135000E+03  3.057640E-07  1.063971E-04 -6.595877E-08  1.927535E-04 -1.508939E-02  2.050608E-08  2.050863E-08
  5.136000E+03  1.521327E-07  1.066479E-04 -7.074385E-07  1.922964E-04 -1.412548E-02  2.050597E-08  2.050888E-08
  5.137000E+03 -1.049103E-07  1.065117E-04 -2.219745E-07  1.925668E-04 -1.803133E-02  2.050729E-08  2.051097E-08
  5.138000E+03  2.272266E-07  1.064665E-04  4.157910E-08  1.926389E-04 -1.349907E-02  2.050772E-08  2.050988E-08
  5.139000E+03  2.317141E-07  1.066672E-04 -6.111464E-07  1.922867E-04 -1.609125E-02  2.050803E-08  2.051159E-08
  5.140000E+03 -8.168571E-08  1.064292E-04 -3.943149E-07  1.927215E-04 -1.685282E-02  2.050827E-08  2.051140E-08
  5.141000E+03  1.354513E-07  1.065734E-04  6.222951E-08  1.924536E-04 -1.323803E-02  2.050863E-08  2.051092E-08
  5.142000E+03  2.751921E-07  1.066073E-04 -4.629779E-07  1.924136E-04 -1.760907E-02  2.050952E-08  2.051338E-08
  5.143000E+03 -2.015678E-08  1.064181E-04 -5.236290E-07  1.927430E-04 -1.495864E-02  2.050905E-08  2.051157E-08
  5.144000E+03  5.211136E-08  1.066528E-04  1.903311E-09  1.923172E-04 -1.441372E-02  2.050904E-08  2.051188E-08
  5.145000E+03  2.738359E-07  1.065125E-04 -2.990300E-07  1.925941E-04 -1.780470E-02  2.051042E-08  2.051407E-08
  5.146000E+03  6.215071E-08  1.064874E-04 -5.802276E-07  1.926290E-04 -1.356669E-02  2.051069E-08  2.051294E-08
  5.147000E+03 -1.892215E-09  1.066631E-04 -1.201738E-07  1.923210E-04 -1.623484E-02  2.051085E-08  2.051427E-08
  5.148000E+03  2.280484E-07  1.064376E-04 -1.604648E-07  1.927269E-04 -1.663403E-02  2.051055E-08  2.051362E-08
  5.149000E+03  1.473641E-07  1.065841E-04 -5.520326E-07  1.924530E-04 -1.343585E-02  2.051058E-08  2.051303E-08
  5.150000E+03 -1.840150E-08  1.065995E-04 -2.749245E-07  1.924430E-04 -1.755010E-02  2.051117E-08  2.051486E-08
  5.151000E+03  1.537287E-07  1.064328E-04 -7.468035E-08  1.927311E-04 -1.484026E-02  2.051066E-08  2.051311E-08
  5.152000E+03  2.151010E-07  1.066535E-04 -4.554617E-07  1.923294E-04 -1.465625E-02  2.051040E-08  2.051339E-08
  5.153000E+03  6.142049E-09  1.065040E-04 -4.250523E-07  1.926146E-04 -1.758595E-02  2.051106E-08  2.051457E-08
  5.154000E+03  7.019057E-08  1.065046E-04 -6.253882E-08  1.926057E-04 -1.357360E-02  2.051150E-08  2.051369E-08
  5.155000E+03  2.456394E-07  1.066544E-04 -3.140862E-07  1.923424E-04 -1.646186E-02  2.051138E-08  2.051492E-08
  5.156000E+03  6.915387E-08  1.064328E-04 -5.301306E-07  1.927346E-04 -1.631225E-02  2.051055E-08  2.051352E-08
  5.157000E+03 -4.740444E-09  1.066002E-04 -1.318182E-07  1.924250E-04 -1.360807E-02  2.051065E-08  2.051309E-08
  5.158000E+03  2.319404E-07  1.065845E-04 -1.576968E-07  1.924729E-04 -1.766203E-02  2.051143E-08  2.051516E-08
  5.159000E+03  1.553544E-07  1.064378E-04 -5.653952E-07  1.927227E-04 -1.451817E-02  2.051083E-08  2.051327E-08
  5.160000E+03 -5.168309E-08  1.066633E-04 -2.665911E-07  1.923128E-04 -1.497298E-02  2.051042E-08  2.051346E-08
  5.161000E+03  1.750052E-07  1.064866E-04 -2.491435E-08  1.926437E-04 -1.754138E-02  2.051082E-08  2.051426E-08
  5.162000E+03  2.430917E-07  1.065149E-04 -5.172176E-07  1.925830E-04 -1.335069E-02  2.051114E-08  2.051341E-08
  5.163000E+03 -5.489121E-08  1.066526E-04 -4.358523E-07  1.923382E-04 -1.680896E-02  2.051048E-08  2.051411E-08
  5.164000E+03  8.638986E-08  1.064157E-04  4.515059E-08  1.927502E-04 -1.612492E-02  2.050898E-08  2.051180E-08
  5.165000E+03  3.105046E-07  1.066092E-04 -3.924584E-07  1.923920E-04 -1.353511E-02  2.050888E-08  2.051146E-08
  5.166000E+03 -1.074176E-08  1.065720E-04 -5.994603E-07  1.924761E-04 -1.791591E-02  2.050927E-08  2.051312E-08
  5.167000E+03 -1.345838E-08  1.064282E-04  3.069382E-08  1.927175E-04 -1.427736E-02  2.050848E-08  2.051075E-08
  5.168000E+03  3.391029E-07  1.066655E-04 -2.177918E-07  1.922847E-04 -1.506756E-02  2.050782E-08  2.051101E-08
  5.169000E+03  7.360074E-08  1.064692E-04 -7.161000E-07  1.926503E-04 -1.758540E-02  2.050814E-08  2.051170E-08
  5.170000E+03 -1.023300E-07  1.065144E-04 -7.026238E-08  1.925580E-04 -1.319978E-02  2.050842E-08  2.051055E-08
  5.171000E+03  3.186293E-07  1.066441E-04 -2.926476E-08  1.923278E-04 -1.696533E-02  2.050766E-08  2.051138E-08
  5.172000E+03  1.820717E-07  1.064027E-04 -7.541488E-07  1.927478E-04 -1.596903E-02  2.050628E-08  2.050922E-08
  5.173000E+03 -1.602197E-07  1.066128E-04 -2.407047E-07  1.923605E-04 -1.357724E-02  2.050620E-08  2.050873E-08
  5.174000E+03  2.481407E-07  1.065572E-04  1.346815E-07  1.924820E-04 -1.799598E-02  2.050702E-08  2.051083E-08
  5.175000E+03  2.940935E-07  1.064257E-04 -6.969490E-07  1.927031E-04 -1.406796E-02  2.050654E-08  2.050895E-08
  5.176000E+03 -1.701929E-07  1.066674E-04 -4.525844E-07  1.922653E-04 -1.524678E-02  2.050606E-08  2.050930E-08
  5.177000E+03  1.352507E-07  1.064552E-04  2.354501E-07  1.926614E-04 -1.754717E-02  2.050665E-08  2.051006E-08
  5.178000E+03  3.870908E-07  1.065197E-04 -5.431380E-07  1.925358E-04 -1.308670E-02  2.050709E-08  2.050942E-08
  5.179000E+03 -1.232581E-07  1.066396E-04 -6.682279E-07  1.923253E-04 -1.715975E-02  2.050648E-08  2.051031E-08
  5.180000E+03  1.617504E-09  1.063974E-04  2.398674E-07  1.927512E-04 -1.582301E-02  2.050566E-08  2.050838E-08
  5.181000E+03  4.375532E-07  1.066201E-04 -3.181441E-07  1.923434E-04 -1.362523E-02  2.050577E-08  2.050851E-08
  5.182000E+03 -2.253753E-08  1.065479E-04 -8.394131E-07  1.924949E-04 -1.806654E-02  2.050657E-08  2.051052E-08
  5.183000E+03 -1.259243E-07  1.064332E-04  1.347213E-07  1.926908E-04 -1.394264E-02  2.050670E-08  2.050890E-08
  5.184000E+03  4.279636E-07  1.066689E-04 -6.183226E-08  1.922681E-04 -1.540897E-02  2.050659E-08  2.050997E-08
  5.185000E+03  1.179171E-07  1.064491E-04 -9.217695E-07  1.926769E-04 -1.740766E-02  2.050717E-08  2.051073E-08
  5.186000E+03 -2.214815E-07  1.065345E-04 -7.114962E-08  1.925145E-04 -1.313787E-02  2.050768E-08  2.050988E-08
  5.187000E+03  3.553893E-07  1.066317E-04  1.772742E-07  1.923522E-04 -1.724839E-02  2.050779E-08  2.051160E-08
  5.188000E+03  2.723993E-07  1.064040E-04 -8.910571E-07  1.927512E-04 -1.557810E-02  2.050701E-08  2.050992E-08
  5.189000E+03 -2.627758E-07  1.066334E-04 -3.435138E-07  1.923330E-04 -1.389277E-02  2.050714E-08  2.050987E-08
  5.190000E+03  2.275700E-07  1.065353E-04  3.500385E-07  1.925333E-04 -1.797640E-02  2.050829E-08  2.051206E-08
  5.191000E+03  4.111477E-07  1.064507E-04 -7.409867E-07  1.926742E-04 -1.374783E-02  2.050836E-08  2.051081E-08
  5.192000E+03 -2.335564E-07  1.066751E-04 -6.358711E-07  1.922767E-04 -1.575524E-02  2.050858E-08  2.051206E-08
  5.193000E+03  6.099373E-08  1.064384E-04  4.128130E-07  1.927107E-04 -1.717541E-02  2.050880E-08  2.051205E-08
  5.194000E+03  5.077695E-07  1.065559E-04 -4.848010E-07  1.924910E-04 -1.307033E-02  2.050931E-08  2.051178E-08
  5.195000E+03 -1.337117E-07  1.066302E-04 -8.966903E-07  1.923749E-04 -1.754641E-02  2.050981E-08  2.051382E-08
  5.196000E+03 -1.141546E-07  1.064029E-04  3.436503E-07  1.927723E-04 -1.526364E-02  2.050915E-08  2.051171E-08
  5.197000E+03  5.404732E-07  1.066544E-04 -1.658401E-07  1.923165E-04 -1.399818E-02  2.050938E-08  2.051237E-08
  5.198000E+03  2.096962E-08  1.065276E-04 -1.071993E-06  1.925693E-04 -1.811320E-02  2.051058E-08  2.051461E-08
  5.199000E+03 -2.635802E-07  1.064623E-04  1.487371E-07  1.926766E-04 -1.345853E-02  2.051094E-08  2.051308E-08
  5.200000E+03  4.947319E-07  1.066883E-04  1.592900E-07  1.922755E-04 -1.604019E-02  2.051091E-08  2.051458E-08
  5.201000E+03  2.077800E-07  1.064275E-04 -1.117025E-06  1.927495E-04 -1.707366E-02  2.051086E-08  2.051439E-08
  5.202000E+03 -3.579935E-07  1.065772E-04 -1.486063E-07  1.924725E-04 -1.293037E-02  2.051147E-08  2.051377E-08
  5.203000E+03  3.724820E-07  1.066309E-04  4.319195E-07  1.923945E-04 -1.787452E-02  2.051192E-08  2.051598E-08
  5.204000E+03  3.966650E-07  1.063972E-04 -1.013937E-06  1.927994E-04 -1.494983E-02  2.051101E-08  2.051385E-08
  5.205000E+03 -3.795234E-07  1.066782E-04 -5.024728E-07  1.922890E-04 -1.410687E-02  2.051101E-08  2.051402E-08
  5.206000E+03  1.926860E-07  1.065140E-04  6.034509E-07  1.926065E-04 -1.833801E-02  2.051183E-08  2.051572E-08
  5.207000E+03  5.552681E-07  1.064664E-04 -7.765186E-07  1.926787E-04 -1.303808E-02  2.051206E-08  2.051447E-08
  5.208000E+03 -3.184749E-07  1.067054E-04 -8.565688E-07  1.922510E-04 -1.640720E-02  2.051147E-08  2.051537E-08
  5.209000E+03 -1.720145E-08  1.064018E-04  6.351618E-07  1.927937E-04 -1.706648E-02  2.051061E-08  2.051383E-08
  5.210000E+03  6.526577E-07  1.065916E-04 -4.361906E-07  1.924424E-04 -1.256058E-02  2.051112E-08  2.051368E-08
  5.211000E+03 -1.779186E-07  1.066326E-04 -1.148197E-06  1.923848E-04 -1.839119E-02  2.051102E-08  2.051549E-08
  5.212000E+03 -2.225022E-07  1.063713E-04  5.080930E-07  1.928319E-04 -1.466881E-02  2.050957E-08  2.051198E-08
  5.213000E+03  6.682780E-07  1.066977E-04 -4.596875E-08  1.922398E-04 -1.396221E-02  2.050954E-08  2.051279E-08
  5.214000E+03  2.106532E-08  1.065001E-04 -1.321985E-06  1.926183E-04 -1.877321E-02  2.051025E-08  2.051463E-08
  5.215000E+03 -3.876341E-07  1.064513E-04  2.378525E-07  1.926860E-04 -1.261718E-02  2.051005E-08  2.051204E-08
  5.216000E+03  5.943149E-07  1.067183E-04  3.301911E-07  1.922064E-04 -1.652709E-02  2.050914E-08  2.051321E-08
  5.217000E+03  2.474030E-07  1.063787E-04 -1.340283E-06  1.928140E-04 -1.724516E-02  2.050825E-08  2.051195E-08
  5.218000E+03 -4.825573E-07  1.065905E-04 -1.364194E-07  1.924208E-04 -1.220945E-02  2.050871E-08  2.051098E-08
  5.219000E+03  4.370594E-07  1.066334E-04  6.290173E-07  1.923619E-04 -1.866029E-02  2.050863E-08  2.051312E-08
  5.220000E+03  4.649784E-07  1.063512E-04 -1.189395E-06  1.928471E-04 -1.456918E-02  2.050734E-08  2.051017E-08
  5.221000E+03 -4.891553E-07  1.067063E-04 -5.571393E-07  1.922035E-04 -1.384982E-02  2.050735E-08  2.051052E-08
  5.222000E+03  2.193698E-07  1.064887E-04  7.986277E-07  1.926212E-04 -1.901824E-02  2.050827E-08  2.051247E-08
  5.223000E+03  6.374849E-07  1.064428E-04 -8.878843E-07  1.926829E-04 -1.237751E-02  2.050813E-08  2.051049E-08
  5.224000E+03 -4.011933E-07  1.067260E-04 -9.577977E-07  1.921765E-04 -1.665303E-02  2.050738E-08  2.051158E-08
  5.225000E+03 -2.406316E-08  1.063630E-04  8.018576E-07  1.928304E-04 -1.730166E-02  2.050695E-08  2.051028E-08
  5.226000E+03  7.327306E-07  1.065935E-04 -4.804145E-07  1.924012E-04 -1.202260E-02  2.050724E-08  2.050981E-08
  5.227000E+03 -2.276151E-07  1.066312E-04 -1.269005E-06  1.923519E-04 -1.888195E-02  2.050705E-08  2.051184E-08
  5.228000E+03 -2.540395E-07  1.063410E-04  6.279774E-07  1.928552E-04 -1.444190E-02  2.050627E-08  2.050865E-08
  5.229000E+03  7.324187E-07  1.067129E-04 -3.047032E-08  1.921808E-04 -1.384135E-02  2.050621E-08  2.050960E-08
  5.230000E+03  3.819001E-09  1.064782E-04 -1.434997E-06  1.926287E-04 -1.914481E-02  2.050699E-08  2.051157E-08
  5.231000E+03 -4.300508E-07  1.064423E-04  3.021122E-07  1.926730E-04 -1.221825E-02  2.050702E-08  2.050895E-08
  5.232000E+03  6.335991E-07  1.067268E-04  3.848577E-07  1.921669E-04 -1.676123E-02  2.050647E-08  2.051073E-08
  5.233000E+03  2.550572E-07  1.063554E-04 -1.422614E-06  1.928377E-04 -1.725821E-02  2.050628E-08  2.051003E-08
  5.234000E+03 -5.212721E-07  1.065991E-04 -1.235177E-07  1.923852E-04 -1.200065E-02  2.050662E-08  2.050891E-08
  5.235000E+03  4.489224E-07  1.066255E-04  6.961845E-07  1.923608E-04 -1.894275E-02  2.050690E-08  2.051151E-08
  5.236000E+03  4.877625E-07  1.063432E-04 -1.228995E-06  1.928516E-04 -1.432362E-02  2.050635E-08  2.050915E-08
  5.237000E+03 -5.119818E-07  1.067202E-04 -5.852617E-07  1.921730E-04 -1.397428E-02  2.050675E-08  2.051004E-08
  5.238000E+03  2.063250E-07  1.064697E-04  8.526556E-07  1.926508E-04 -1.908898E-02  2.050774E-08  2.051195E-08
  5.239000E+03  6.639446E-07  1.064543E-04 -8.814226E-07  1.926584E-04 -1.212995E-02  2.050780E-08  2.051015E-08
  5.240000E+03 -4.008392E-07  1.067301E-04 -1.009795E-06  1.921752E-04 -1.697032E-02  2.050794E-08  2.051229E-08
  5.241000E+03 -5.467052E-08  1.063520E-04  8.231983E-07  1.928609E-04 -1.705922E-02  2.050815E-08  2.051139E-08
  5.242000E+03  7.521785E-07  1.066178E-04 -4.345616E-07  1.923698E-04 -1.203679E-02  2.050856E-08  2.051121E-08
  5.243000E+03 -2.049621E-07  1.066229E-04 -1.323342E-06  1.923889E-04 -1.910051E-02  2.050932E-08  2.051417E-08
  5.244000E+03 -2.919081E-07  1.063502E-04  6.109398E-07  1.928636E-04 -1.406627E-02  2.050904E-08  2.051132E-08
  5.245000E+03  7.382280E-07  1.067374E-04  3.940000E-08  1.921679E-04 -1.416810E-02  2.050944E-08  2.051298E-08
  5.246000E+03  4.354087E-08  1.064620E-04 -1.474952E-06  1.926877E-04 -1.910873E-02  2.051017E-08  2.051472E-08
  5.247000E+03 -4.649162E-07  1.064688E-04  2.495345E-07  1.926549E-04 -1.190702E-02  2.051029E-08  2.051219E-08
  5.248000E+03  6.211514E-07  1.067401E-04  4.619980E-07  1.921812E-04 -1.725379E-02  2.051039E-08  2.051484E-08
  5.249000E+03  3.042673E-07  1.063431E-04 -1.433697E-06  1.928954E-04 -1.691575E-02  2.051016E-08  2.051380E-08
  5.250000E+03 -5.453955E-07  1.066365E-04 -2.023827E-07  1.923532E-04 -1.193702E-02  2.051041E-08  2.051279E-08
  5.251000E+03  4.192744E-07  1.066224E-04  7.647004E-07  1.924073E-04 -1.937599E-02  2.051108E-08  2.051583E-08
  5.252000E+03  5.368674E-07  1.063456E-04 -1.206367E-06  1.928860E-04 -1.377695E-02  2.051063E-08  2.051330E-08
  5.253000E+03 -5.213472E-07  1.067576E-04 -6.745446E-07  1.921442E-04 -1.427404E-02  2.051077E-08  2.051429E-08
  5.254000E+03  1.667738E-07  1.064495E-04  8.994413E-07  1.927216E-04 -1.927106E-02  2.051130E-08  2.051554E-08
  5.255000E+03  7.026886E-07  1.064744E-04 -8.319708E-07  1.926544E-04 -1.154736E-02  2.051139E-08  2.051364E-08
  5.256000E+03 -3.955585E-07  1.067542E-04 -1.089360E-06  1.921632E-04 -1.758944E-02  2.051106E-08  2.051573E-08
  5.257000E+03 -9.600563E-08  1.063242E-04  8.426279E-07  1.929355E-04 -1.685162E-02  2.051080E-08  2.051396E-08
  5.258000E+03  7.755438E-07  1.066538E-04 -3.705506E-07  1.923287E-04 -1.167112E-02  2.051120E-08  2.051387E-08
  5.259000E+03 -1.894968E-07  1.066242E-04 -1.380166E-06  1.924095E-04 -1.981916E-02  2.051148E-08  2.051665E-08
  5.260000E+03 -3.261419E-07  1.063300E-04  6.053414E-07  1.929156E-04 -1.349756E-02  2.051085E-08  2.051296E-08
  5.261000E+03  7.450301E-07  1.067754E-04  1.014478E-07  1.921097E-04 -1.422608E-02  2.051053E-08  2.051424E-08
  5.262000E+03  6.086589E-08  1.064387E-04 -1.500725E-06  1.927366E-04 -1.960930E-02  2.051068E-08  2.051542E-08
  5.263000E+03 -4.838895E-07  1.064655E-04  2.293136E-07  1.926606E-04 -1.120346E-02  2.051041E-08  2.051215E-08
  5.264000E+03  6.163748E-07  1.067645E-04  5.025389E-07  1.921339E-04 -1.768649E-02  2.050987E-08  2.051458E-08
  5.265000E+03  3.162536E-07  1.063088E-04 -1.432985E-06  1.929499E-04 -1.700621E-02  2.050932E-08  2.051297E-08
  5.266000E+03 -5.473586E-07  1.066505E-04 -2.244088E-07  1.923167E-04 -1.141826E-02  2.050934E-08  2.051166E-08
  5.267000E+03  4.126197E-07  1.066256E-04  7.733298E-07  1.923906E-04 -1.997116E-02  2.050969E-08  2.051469E-08
  5.268000E+03  5.360222E-07  1.063162E-04 -1.192745E-06  1.929223E-04 -1.350230E-02  2.050891E-08  2.051147E-08
  5.269000E+03 -5.098547E-07  1.067762E-04 -6.811651E-07  1.920886E-04 -1.412092E-02  2.050845E-08  2.051201E-08
  5.270000E+03  1.689833E-07  1.064319E-04  8.753772E-07  1.927315E-04 -1.972352E-02  2.050879E-08  2.051318E-08
  5.271000E+03  6.830901E-07  1.064578E-04 -8.221831E-07  1.926552E-04 -1.111509E-02  2.050838E-08  2.051048E-08
  5.272000E+03 -3.765517E-07  1.067635E-04 -1.064718E-06  1.921145E-04 -1.773241E-02  2.050759E-08  2.051236E-08
  5.273000E+03 -7.808240E-08  1.062991E-04  7.925576E-07  1.929502E-04 -1.701230E-02  2.050747E-08  2.051064E-08
  5.274000E+03  7.369245E-07  1.066493E-04 -3.777987E-07  1.923012E-04 -1.135627E-02  2.050747E-08  2.051003E-08
  5.275000E+03 -1.731600E-07  1.066197E-04 -1.316406E-06  1.923828E-04 -2.006253E-02  2.050768E-08  2.051290E-08
  5.276000E+03 -2.871255E-07  1.063115E-04  5.453079E-07  1.929158E-04 -1.344307E-02  2.050731E-08  2.050936E-08
  5.277000E+03  6.923879E-07  1.067744E-04  6.304642E-08  1.920779E-04 -1.413669E-02  2.050696E-08  2.051061E-08
  5.278000E+03  6.293695E-08  1.064281E-04 -1.399274E-06  1.927273E-04 -1.974507E-02  2.050761E-08  2.051231E-08
  5.279000E+03 -4.217434E-07  1.064567E-04  1.805266E-07  1.926476E-04 -1.111627E-02  2.050736E-08  2.050903E-08
  5.280000E+03  5.566434E-07  1.067593E-04  4.240106E-07  1.921155E-04 -1.770573E-02  2.050691E-08  2.051154E-08
  5.281000E+03  2.967972E-07  1.063026E-04 -1.302174E-06  1.929402E-04 -1.701486E-02  2.050707E-08  2.051061E-08
  5.282000E+03 -4.636859E-07  1.066468E-04 -2.465950E-07  1.923033E-04 -1.143505E-02  2.050718E-08  2.050943E-08
  5.283000E+03  3.568611E-07  1.066163E-04  6.498464E-07  1.923884E-04 -1.993241E-02  2.050767E-08  2.051256E-08
  5.284000E+03  4.887841E-07  1.063201E-04 -1.049704E-06  1.929003E-04 -1.351926E-02  2.050730E-08  2.050974E-08
  5.285000E+03 -4.103400E-07  1.067662E-04 -6.604284E-07  1.920929E-04 -1.420877E-02  2.050695E-08  2.051042E-08
  5.286000E+03  1.306349E-07  1.064296E-04  7.083815E-07  1.927263E-04 -1.952350E-02  2.050787E-08  2.051210E-08
  5.287000E+03  6.060480E-07  1.064660E-04 -6.917323E-07  1.926328E-04 -1.131440E-02  2.050754E-08  2.050956E-08
  5.288000E+03 -2.723388E-07  1.067462E-04 -9.890812E-07  1.921413E-04 -1.767651E-02  2.050715E-08  2.051172E-08
  5.289000E+03 -8.740937E-08  1.063127E-04  5.954829E-07  1.929256E-04 -1.680516E-02  2.050754E-08  2.051058E-08
  5.290000E+03  6.341078E-07  1.066522E-04 -2.855452E-07  1.923011E-04 -1.172070E-02  2.050793E-08  2.051044E-08
  5.291000E+03 -7.835920E-08  1.066043E-04 -1.183592E-06  1.924157E-04 -1.977154E-02  2.050833E-08  2.051327E-08
  5.292000E+03 -2.591642E-07  1.063369E-04  3.397960E-07  1.928774E-04 -1.342201E-02  2.050813E-08  2.051013E-08
  5.293000E+03  5.729276E-07  1.067648E-04  9.436379E-08  1.921079E-04 -1.448025E-02  2.050821E-08  2.051177E-08
  5.294000E+03  1.337596E-07  1.064275E-04 -1.216652E-06  1.927444E-04 -1.925644E-02  2.050949E-08  2.051387E-08
  5.295000E+03 -3.564929E-07  1.064840E-04 -4.939166E-09  1.926167E-04 -1.139791E-02  2.050926E-08  2.051097E-08
  5.296000E+03  4.365471E-07  1.067405E-04  3.828666E-07  1.921711E-04 -1.780269E-02  2.050919E-08  2.051365E-08
  5.297000E+03  3.314710E-07  1.063228E-04 -1.092285E-06  1.929292E-04 -1.656192E-02  2.050996E-08  2.051324E-08
  5.298000E+03 -3.689623E-07  1.066651E-04 -3.825884E-07  1.923025E-04 -1.193289E-02  2.051050E-08  2.051286E-08
  5.299000E+03  2.530836E-07  1.065997E-04  5.393203E-07  1.924486E-04 -1.971392E-02  2.051098E-08  2.051562E-08
  5.300000E+03  4.796540E-07  1.063537E-04 -8.401942E-07  1.928723E-04 -1.329834E-02  2.051087E-08  2.051316E-08
  5.301000E+03 -2.984275E-07  1.067703E-04 -7.231367E-07  1.921239E-04 -1.471407E-02  2.051090E-08  2.051445E-08
  5.302000E+03  5.618067E-08  1.064264E-04  5.431334E-07  1.927698E-04 -1.907765E-02  2.051206E-08  2.051603E-08
  5.303000E+03  5.552273E-07  1.065009E-04 -5.095525E-07  1.926078E-04 -1.142075E-02  2.051156E-08  2.051354E-08
  5.304000E+03 -1.611875E-07  1.067374E-04 -9.697154E-07  1.921945E-04 -1.797480E-02  2.051103E-08  2.051559E-08
  5.305000E+03 -1.230699E-07  1.063266E-04  4.037971E-07  1.929376E-04 -1.634978E-02  2.051165E-08  2.051449E-08
  5.306000E+03  5.519580E-07  1.066737E-04 -1.566737E-07  1.922964E-04 -1.208248E-02  2.051146E-08  2.051399E-08
  5.307000E+03  1.126395E-08  1.065900E-04 -1.087465E-06  1.924670E-04 -1.974597E-02  2.051106E-08  2.051588E-08
  5.308000E+03 -2.483778E-07  1.063586E-04  1.567728E-07  1.928611E-04 -1.315877E-02  2.051067E-08  2.051258E-08
  5.309000E+03  4.733676E-07  1.067670E-04  1.449412E-07  1.921242E-04 -1.485793E-02  2.051027E-08  2.051384E-08
  5.310000E+03  1.878512E-07  1.064192E-04 -1.060901E-06  1.927721E-04 -1.898477E-02  2.051096E-08  2.051514E-08
  5.311000E+03 -3.006501E-07  1.065026E-04 -1.509151E-07  1.925913E-04 -1.143157E-02  2.051013E-08  2.051186E-08
  5.312000E+03  3.375742E-07  1.067286E-04  3.449133E-07  1.921983E-04 -1.800671E-02  2.050973E-08  2.051414E-08
  5.313000E+03  3.420812E-07  1.063278E-04 -9.063815E-07  1.929253E-04 -1.626335E-02  2.051062E-08  2.051371E-08
  5.314000E+03 -2.789254E-07  1.066702E-04 -4.681515E-07  1.922924E-04 -1.218215E-02  2.051035E-08  2.051275E-08
  5.315000E+03  1.770192E-07  1.065842E-04  4.180091E-07  1.924690E-04 -1.964631E-02  2.051020E-08  2.051471E-08
  5.316000E+03  4.414849E-07  1.063658E-04 -6.639731E-07  1.928437E-04 -1.319913E-02  2.051019E-08  2.051236E-08
  5.317000E+03 -1.900547E-07  1.067582E-04 -7.265110E-07  1.921385E-04 -1.490435E-02  2.051008E-08  2.051360E-08
  5.318000E+03  2.036950E-08  1.064216E-04  3.569893E-07  1.927640E-04 -1.883834E-02  2.051062E-08  2.051444E-08
  5.319000E+03  4.716383E-07  1.065064E-04 -3.793504E-07  1.925812E-04 -1.161475E-02  2.050976E-08  2.051169E-08
  5.320000E+03 -5.598251E-08  1.067168E-04 -8.819905E-07  1.922177E-04 -1.790469E-02  2.050957E-08  2.051398E-08
  5.321000E+03 -1.078591E-07  1.063391E-04  1.871185E-07  1.929026E-04 -1.619302E-02  2.051039E-08  2.051316E-08
  5.322000E+03  4.353556E-07  1.066613E-04 -1.024802E-07  1.922997E-04 -1.243117E-02  2.050936E-08  2.051185E-08
  5.323000E+03  9.084879E-08  1.065750E-04 -9.167389E-07  1.924736E-04 -1.937768E-02  2.050903E-08  2.051358E-08
  5.324000E+03 -1.806916E-07  1.063781E-04 -4.758090E-08  1.928117E-04 -1.331918E-02  2.050912E-08  2.051107E-08
  5.325000E+03  3.402451E-07  1.067360E-04  1.084112E-07  1.921610E-04 -1.503367E-02  2.050818E-08  2.051160E-08
  5.326000E+03  2.262003E-07  1.064238E-04 -8.281854E-07  1.927403E-04 -1.852713E-02  2.050863E-08  2.051254E-08
  5.327000E+03 -1.882208E-07  1.065092E-04 -3.068414E-07  1.925591E-04 -1.195316E-02  2.050786E-08  2.050971E-08
  5.328000E+03  2.089202E-07  1.066918E-04  2.176713E-07  1.922434E-04 -1.774112E-02  2.050757E-08  2.051169E-08
  5.329000E+03  3.278835E-07  1.063547E-04 -6.445775E-07  1.928545E-04 -1.607256E-02  2.050833E-08  2.051126E-08
  5.330000E+03 -1.357767E-07  1.066476E-04 -5.434360E-07  1.923082E-04 -1.280300E-02  2.050752E-08  2.051000E-08
  5.331000E+03  7.445711E-08  1.065631E-04  2.119125E-07  1.924813E-04 -1.894342E-02  2.050772E-08  2.051186E-08
  5.332000E+03  3.725791E-07  1.063997E-04 -4.138093E-07  1.927632E-04 -1.354223E-02  2.050806E-08  2.051024E-08
  5.333000E+03 -3.254920E-08  1.067100E-04 -7.051487E-07  1.922028E-04 -1.518209E-02  2.050759E-08  2.051100E-08
  5.334000E+03 -4.111860E-08  1.064339E-04  9.325010E-08  1.927188E-04 -1.805175E-02  2.050847E-08  2.051199E-08
  5.335000E+03  3.549180E-07  1.065244E-04 -1.750869E-07  1.925376E-04 -1.245691E-02  2.050835E-08  2.051042E-08
  5.336000E+03  9.756970E-08  1.066642E-04 -7.642810E-07  1.922980E-04 -1.755113E-02  2.050816E-08  2.051222E-08
  5.337000E+03 -1.166585E-07  1.063842E-04 -1.068191E-07  1.928095E-04 -1.578668E-02  2.050933E-08  2.051200E-08
  5.338000E+03  2.837848E-07  1.066451E-04  2.383819E-08  1.923255E-04 -1.339866E-02  2.050873E-08  2.051133E-08
  5.339000E+03  2.202715E-07  1.065471E-04 -7.135091E-07  1.925208E-04 -1.841847E-02  2.050906E-08  2.051312E-08
  5.340000E+03 -1.332825E-07  1.064359E-04 -3.347958E-07  1.927106E-04 -1.365199E-02  2.050942E-08  2.051155E-08
  5.341000E+03  1.726917E-07  1.066861E-04  1.363191E-07  1.922560E-04 -1.557559E-02  2.050856E-08  2.051189E-08
  5.342000E+03  3.154804E-07  1.064400E-04 -5.648039E-07  1.927155E-04 -1.741039E-02  2.050954E-08  2.051301E-08
  5.343000E+03 -9.065750E-08  1.065480E-04 -5.516618E-07  1.925059E-04 -1.295033E-02  2.050940E-08  2.051162E-08
  5.344000E+03  4.653498E-08  1.066331E-04  1.437820E-07  1.923614E-04 -1.749289E-02  2.050896E-08  2.051274E-08
  5.345000E+03  3.633643E-07  1.064101E-04 -3.525741E-07  1.927668E-04 -1.538880E-02  2.050991E-08  2.051263E-08
  5.346000E+03 -1.214494E-10  1.066457E-04 -7.104729E-07  1.923354E-04 -1.398157E-02  2.050974E-08  2.051256E-08
  5.347000E+03 -6.311764E-08  1.065299E-04  4.567393E-08  1.925622E-04 -1.795980E-02  2.051032E-08  2.051398E-08
  5.348000E+03  3.507574E-07  1.064695E-04 -1.290726E-07  1.926601E-04 -1.371067E-02  2.051049E-08  2.051277E-08
  5.349000E+03  1.197299E-07  1.066683E-04 -7.720975E-07  1.923054E-04 -1.592495E-02  2.051029E-08  2.051381E-08
  5.350000E+03 -1.374643E-07  1.064488E-04 -1.351761E-07  1.927192E-04 -1.683672E-02  2.051182E-08  2.051493E-08
  5.351000E+03  2.847113E-07  1.065717E-04  6.385706E-08  1.924819E-04 -1.341349E-02  2.051128E-08  2.051366E-08
  5.352000E+03  2.403602E-07  1.066070E-04 -7.297820E-07  1.924226E-04 -1.744653E-02  2.051047E-08  2.051434E-08
  5.353000E+03 -1.604610E-07  1.064389E-04 -3.545144E-07  1.927335E-04 -1.499224E-02  2.051204E-08  2.051458E-08
  5.354000E+03  1.788093E-07  1.066467E-04  1.850629E-07  1.923501E-04 -1.457927E-02  2.051132E-08  2.051420E-08
  5.355000E+03  3.346646E-07  1.065107E-04 -5.905770E-07  1.926021E-04 -1.753552E-02  2.051103E-08  2.051469E-08
  5.356000E+03 -1.225693E-07  1.065016E-04 -5.662041E-07  1.926084E-04 -1.373474E-02  2.051116E-08  2.051349E-08
  5.357000E+03  5.187871E-08  1.066463E-04  2.023390E-07  1.923502E-04 -1.630806E-02  2.051071E-08  2.051412E-08
  5.358000E+03  3.885265E-07  1.064496E-04 -3.811372E-07  1.927153E-04 -1.627602E-02  2.051175E-08  2.051483E-08
  5.359000E+03 -3.413473E-08  1.065894E-04 -7.351926E-07  1.924467E-04 -1.382889E-02  2.051081E-08  2.051343E-08
  5.360000E+03 -6.590158E-08  1.065774E-04  1.141911E-07  1.924718E-04 -1.740381E-02  2.051003E-08  2.051362E-08
  5.361000E+03  3.862705E-07  1.064597E-04 -1.491934E-07  1.926910E-04 -1.465243E-02  2.051162E-08  2.051418E-08
  5.362000E+03  8.865780E-08  1.066422E-04 -8.191756E-07  1.923563E-04 -1.508841E-02  2.051097E-08  2.051415E-08
  5.363000E+03 -1.477504E-07  1.064916E-04 -6.700974E-08  1.926281E-04 -1.714524E-02  2.051026E-08  2.051357E-08
  5.364000E+03  3.242272E-07  1.065278E-04  5.552543E-08  1.925552E-04 -1.380287E-02  2.051054E-08  2.051294E-08
  5.365000E+03  2.216909E-07  1.066234E-04 -7.936160E-07  1.923907E-04 -1.658949E-02  2.051053E-08  2.051416E-08
  5.366000E+03 -1.802196E-07  1.064527E-04 -3.037829E-07  1.927038E-04 -1.578194E-02  2.051128E-08  2.051409E-08
  5.367000E+03  2.176089E-07  1.066042E-04  1.957703E-07  1.924147E-04 -1.427693E-02  2.051012E-08  2.051281E-08
  5.368000E+03  3.339269E-07  1.065476E-04 -6.659188E-07  1.925212E-04 -1.728062E-02  2.050961E-08  2.051329E-08
  5.369000E+03 -1.541238E-07  1.064843E-04 -5.420464E-07  1.926450E-04 -1.433922E-02  2.051156E-08  2.051402E-08
  5.370000E+03  8.380792E-08  1.066349E-04  2.410591E-07  1.923655E-04 -1.567407E-02  2.051036E-08  2.051353E-08
  5.371000E+03  4.036277E-07  1.064724E-04 -4.544459E-07  1.926549E-04 -1.666579E-02  2.050958E-08  2.051287E-08
  5.372000E+03 -7.099820E-08  1.065585E-04 -7.381863E-07  1.924971E-04 -1.391747E-02  2.051020E-08  2.051277E-08
  5.373000E+03 -5.449804E-08  1.065943E-04  1.780687E-07  1.924381E-04 -1.692760E-02  2.050986E-08  2.051332E-08
  5.374000E+03  4.206324E-07  1.064556E-04 -1.962291E-07  1.926852E-04 -1.521056E-02  2.051005E-08  2.051280E-08
  5.375000E+03  5.109095E-08  1.066185E-04 -8.593273E-07  1.923768E-04 -1.479810E-02  2.050868E-08  2.051173E-08
  5.376000E+03 -1.643622E-07  1.065112E-04  1.841067E-08  1.925745E-04 -1.711777E-02  2.050834E-08  2.051169E-08
  5.377000E+03  3.747841E-07  1.065089E-04  5.161535E-08  1.925840E-04 -1.404005E-02  2.050989E-08  2.051235E-08
  5.378000E+03  1.953938E-07  1.066220E-04 -8.735499E-07  1.923738E-04 -1.629473E-02  2.050857E-08  2.051214E-08
  5.379000E+03 -2.238419E-07  1.064503E-04 -2.209564E-07  1.926786E-04 -1.608527E-02  2.050804E-08  2.051096E-08
  5.380000E+03  2.702524E-07  1.065911E-04  2.431775E-07  1.924274E-04 -1.409610E-02  2.050901E-08  2.051165E-08
  5.381000E+03  3.372268E-07  1.065585E-04 -7.712388E-07  1.924909E-04 -1.727524E-02  2.050849E-08  2.051224E-08
  5.382000E+03 -2.236909E-07  1.064623E-04 -4.984202E-07  1.926608E-04 -1.451899E-02  2.050896E-08  2.051146E-08
  5.383000E+03  1.312204E-07  1.066390E-04  3.429671E-07  1.923384E-04 -1.540757E-02  2.050835E-08  2.051149E-08
  5.384000E+03  4.423843E-07  1.064715E-04 -5.750608E-07  1.926439E-04 -1.692806E-02  2.050814E-08  2.051159E-08
  5.385000E+03 -1.586362E-07  1.065442E-04 -7.508870E-07  1.925199E-04 -1.364770E-02  2.050998E-08  2.051246E-08
  5.386000E+03 -2.147688E-08  1.066146E-04  3.256743E-07  1.923931E-04 -1.704580E-02  2.050894E-08  2.051252E-08
  5.387000E+03  4.922213E-07  1.064291E-04 -3.123368E-07  1.927219E-04 -1.539307E-02  2.050879E-08  2.051163E-08
  5.388000E+03 -3.842070E-08  1.066359E-04 -9.348829E-07  1.923553E-04 -1.428095E-02  2.050990E-08  2.051288E-08
  5.389000E+03 -1.641644E-07  1.065244E-04  1.933088E-07  1.925605E-04 -1.773300E-02  2.050916E-08  2.051276E-08
  5.390000E+03  4.791577E-07  1.064706E-04 -2.390659E-08  1.926501E-04 -1.368427E-02  2.050965E-08  2.051202E-08
  5.391000E+03  1.135548E-07  1.066688E-04 -1.018740E-06  1.922951E-04 -1.608764E-02  2.050924E-08  2.051294E-08
  5.392000E+03 -2.662213E-07  1.064301E-04 -3.041251E-08  1.927267E-04 -1.682373E-02  2.050902E-08  2.051215E-08
  5.393000E+03  3.996099E-07  1.065781E-04  2.329299E-07  1.924616E-04 -1.313943E-02  2.051042E-08  2.051283E-08
  5.394000E+03  2.749393E-07  1.066155E-04 -9.793592E-07  1.924037E-04 -1.783763E-02  2.050995E-08  2.051412E-08
  5.395000E+03 -3.087600E-07  1.064043E-04 -3.153781E-07  1.927760E-04 -1.480198E-02  2.050995E-08  2.051245E-08
  5.396000E+03  2.662328E-07  1.066781E-04  4.121286E-07  1.922866E-04 -1.433479E-02  2.051067E-08  2.051366E-08
  5.397000E+03  4.183110E-07  1.064966E-04 -8.217486E-07  1.926190E-04 -1.823792E-02  2.050985E-08  2.051389E-08
  5.398000E+03 -2.834889E-07  1.064760E-04 -6.139339E-07  1.926482E-04 -1.292178E-02  2.051069E-08  2.051283E-08
  5.399000E+03  1.038889E-07  1.066969E-04  4.795774E-07  1.922552E-04 -1.664986E-02  2.051020E-08  2.051395E-08
  5.400000E+03  5.149332E-07  1.063929E-04 -5.738397E-07  1.928005E-04 -1.677643E-02  2.050972E-08  2.051305E-08
  5.401000E+03 -1.898918E-07  1.066096E-04 -8.702567E-07  1.924107E-04 -1.266112E-02  2.051118E-08  2.051363E-08
  5.402000E+03 -6.348341E-08  1.066153E-04  4.170340E-07  1.924160E-04 -1.854638E-02  2.051097E-08  2.051511E-08
  5.403000E+03  5.483611E-07  1.063824E-04 -2.706061E-07  1.928238E-04 -1.425614E-02  2.051096E-08  2.051344E-08
  5.404000E+03 -4.567018E-08  1.067167E-04 -1.039446E-06  1.922237E-04 -1.440413E-02  2.051135E-08  2.051467E-08
  5.405000E+03 -2.058978E-07  1.064710E-04  2.375277E-07  1.926743E-04 -1.867560E-02  2.051066E-08  2.051452E-08
  5.406000E+03  5.124266E-07  1.064813E-04  3.375396E-08  1.926465E-04 -1.221964E-02  2.051172E-08  2.051374E-08
  5.407000E+03  1.237081E-07  1.067241E-04 -1.091106E-06  1.922179E-04 -1.718021E-02  2.051125E-08  2.051554E-08
  5.408000E+03 -2.978585E-07  1.063577E-04 -2.749249E-08  1.928699E-04 -1.675179E-02  2.051033E-08  2.051336E-08
  5.409000E+03  4.102251E-07  1.066373E-04  2.871552E-07  1.923652E-04 -1.218014E-02  2.051178E-08  2.051411E-08
  5.410000E+03  2.925540E-07  1.066178E-04 -1.012797E-06  1.924218E-04 -1.922522E-02  2.051180E-08  2.051651E-08
  5.411000E+03 -3.245719E-07  1.063569E-04 -3.384414E-07  1.928709E-04 -1.380444E-02  2.051119E-08  2.051335E-08
  5.412000E+03  2.619773E-07  1.067503E-04  4.461124E-07  1.921617E-04 -1.438483E-02  2.051119E-08  2.051445E-08
  5.413000E+03  4.304344E-07  1.064489E-04 -8.221542E-07  1.927173E-04 -1.912702E-02  2.051079E-08  2.051508E-08
  5.414000E+03 -2.798701E-07  1.064804E-04 -6.402465E-07  1.926469E-04 -1.160585E-02  2.051175E-08  2.051356E-08
  5.415000E+03  9.248840E-08  1.067464E-04  4.807077E-07  1.921775E-04 -1.759804E-02  2.051107E-08  2.051532E-08
  5.416000E+03  5.152974E-07  1.063269E-04 -5.518082E-07  1.929250E-04 -1.676224E-02  2.051024E-08  2.051349E-08
  5.417000E+03 -1.706502E-07  1.066587E-04 -8.848205E-07  1.923254E-04 -1.177001E-02  2.051176E-08  2.051413E-08
  5.418000E+03 -7.430650E-08  1.066175E-04  3.871982E-07  1.924239E-04 -1.979178E-02  2.051173E-08  2.051636E-08
  5.419000E+03  5.354852E-07  1.063351E-04 -2.401726E-07  1.929061E-04 -1.341720E-02  2.051084E-08  2.051302E-08
  5.420000E+03 -2.010242E-08  1.067785E-04 -1.032673E-06  1.921060E-04 -1.440425E-02  2.051067E-08  2.051423E-08
  5.421000E+03 -2.082525E-07  1.064257E-04  1.892249E-07  1.927554E-04 -1.949822E-02  2.051022E-08  2.051432E-08
  5.422000E+03  4.857065E-07  1.064790E-04  5.759360E-08  1.926398E-04 -1.106470E-02  2.051084E-08  2.051257E-08
  5.423000E+03  1.471946E-07  1.067662E-04 -1.055762E-06  1.921367E-04 -1.801750E-02  2.051037E-08  2.051511E-08
  5.424000E+03 -2.873352E-07  1.062937E-04 -8.099587E-08  1.929771E-04 -1.675377E-02  2.050937E-08  2.051235E-08
  5.425000E+03  3.738087E-07  1.066789E-04  2.927918E-07  1.922800E-04 -1.137201E-02  2.051090E-08  2.051316E-08
  5.426000E+03  3.074995E-07  1.066162E-04 -9.523438E-07  1.924208E-04 -2.039676E-02  2.051091E-08  2.051607E-08
  5.427000E+03 -3.022623E-07  1.063085E-04 -3.837273E-07  1.929423E-04 -1.300900E-02  2.050966E-08  2.051155E-08
  5.428000E+03  2.256830E-07  1.068085E-04  4.286130E-07  1.920426E-04 -1.438294E-02  2.050966E-08  2.051316E-08
  5.429000E+03  4.337747E-07  1.064015E-04 -7.535851E-07  1.927920E-04 -1.994099E-02  2.050928E-08  2.051381E-08
  5.430000E+03 -2.501182E-07  1.064753E-04 -6.681959E-07  1.926362E-04 -1.046002E-02  2.050988E-08  2.051144E-08
  5.431000E+03  6.501023E-08  1.067877E-04  4.423083E-07  1.920912E-04 -1.842732E-02  2.050949E-08  2.051421E-08
  5.432000E+03  5.061439E-07  1.062604E-04 -4.914851E-07  1.930333E-04 -1.673783E-02  2.050893E-08  2.051211E-08
  5.433000E+03 -1.391482E-07  1.067007E-04 -8.895980E-07  1.922362E-04 -1.094477E-02  2.051050E-08  2.051282E-08
  5.434000E+03 -8.725327E-08  1.066142E-04  3.349158E-07  1.924204E-04 -2.101010E-02  2.051022E-08  2.051534E-08
  5.435000E+03  5.166316E-07  1.062862E-04 -2.012830E-07  1.929806E-04 -1.253643E-02  2.050956E-08  2.051144E-08
  5.436000E+03  6.289912E-09  1.068414E-04 -1.014803E-06  1.919838E-04 -1.441055E-02  2.050970E-08  2.051354E-08
  5.437000E+03 -2.069749E-07  1.063774E-04  1.366949E-07  1.928354E-04 -2.037468E-02  2.050908E-08  2.051347E-08
  5.438000E+03  4.638578E-07  1.064747E-04  7.082335E-08  1.926323E-04 -9.849498E-03  2.050947E-08  2.051091E-08
  5.439000E+03  1.609629E-07  1.068129E-04 -1.022948E-06  1.920498E-04 -1.885387E-02  2.050974E-08  2.051498E-08
  5.440000E+03 -2.751288E-07  1.062277E-04 -1.167069E-07  1.930945E-04 -1.675742E-02  2.050910E-08  2.051205E-08
  5.441000E+03  3.578137E-07  1.067204E-04  2.804364E-07  1.921948E-04 -1.050837E-02  2.050997E-08  2.051218E-08
  5.442000E+03  3.019372E-07  1.066161E-04 -9.170615E-07  1.924160E-04 -2.160548E-02  2.050986E-08  2.051552E-08
  5.443000E+03 -2.820820E-07  1.062620E-04 -3.873773E-07  1.930238E-04 -1.211427E-02  2.050959E-08  2.051121E-08
  5.444000E+03  2.228456E-07  1.068719E-04  3.911929E-07  1.919267E-04 -1.437360E-02  2.050945E-08  2.051322E-08
  5.445000E+03  4.091004E-07  1.063585E-04 -7.302743E-07  1.928710E-04 -2.082325E-02  2.050903E-08  2.051384E-08
  5.446000E+03 -2.297845E-07  1.064730E-04 -6.345827E-07  1.926379E-04 -9.261767E-03  2.050986E-08  2.051115E-08
  5.447000E+03  8.074461E-08  1.068385E-04  3.912191E-07  1.920131E-04 -1.918918E-02  2.051061E-08  2.051581E-08
  5.448000E+03  4.693601E-07  1.062030E-04 -4.957743E-07  1.931496E-04 -1.683577E-02  2.051016E-08  2.051334E-08
  5.449000E+03 -1.303450E-07  1.067375E-04 -8.240043E-07  1.921695E-04 -1.009518E-02  2.051065E-08  2.051289E-08
  5.450000E+03 -4.851567E-08  1.066238E-04  2.898152E-07  1.924143E-04 -2.207225E-02  2.051095E-08  2.051654E-08
  5.451000E+03  4.740845E-07  1.062454E-04 -2.464062E-07  1.930654E-04 -1.184388E-02  2.051086E-08  2.051253E-08
  5.452000E+03 -3.312707E-09  1.068975E-04 -9.246894E-07  1.918908E-04 -1.428584E-02  2.051054E-08  2.051455E-08
  5.453000E+03 -1.477337E-07  1.063477E-04  1.128269E-07  1.928996E-04 -2.119746E-02  2.050981E-08  2.051450E-08
  5.454000E+03  4.230617E-07  1.064692E-04 -1.565513E-08  1.926485E-04 -8.839156E-03  2.051032E-08  2.051152E-08
  5.455000E+03  1.286795E-07  1.068603E-04 -9.199312E-07  1.919822E-04 -1.940028E-02  2.051141E-08  2.051699E-08
  5.456000E+03 -2.022433E-07  1.061815E-04 -1.060445E-07  1.931915E-04 -1.697077E-02  2.051041E-08  2.051341E-08
  5.457000E+03  3.310954E-07  1.067452E-04  1.571423E-07  1.921501E-04 -9.728693E-03  2.051012E-08  2.051223E-08
  5.458000E+03  2.417052E-07  1.066328E-04 -8.214545E-07  1.923994E-04 -2.244308E-02  2.051092E-08  2.051692E-08
  5.459000E+03 -2.029075E-07  1.062257E-04 -3.265887E-07  1.931009E-04 -1.170108E-02  2.051086E-08  2.051234E-08
  5.460000E+03  2.196958E-07  1.069143E-04  2.386343E-07  1.918566E-04 -1.412549E-02  2.051016E-08  2.051403E-08
  5.461000E+03  3.231267E-07  1.063444E-04 -6.622250E-07  1.929081E-04 -2.156252E-02  2.050994E-08  2.051498E-08
  5.462000E+03 -1.549095E-07  1.064611E-04 -5.203611E-07  1.926691E-04 -8.511161E-03  2.051103E-08  2.051209E-08
  5.463000E+03  1.067554E-07  1.068806E-04  2.260762E-07  1.919537E-04 -1.947196E-02  2.051225E-08  2.051771E-08
  5.464000E+03  3.680884E-07  1.061708E-04 -4.737362E-07  1.932206E-04 -1.719133E-02  2.051136E-08  2.051458E-08
  5.465000E+03 -7.525332E-08  1.067495E-04 -6.656259E-07  1.921509E-04 -9.405614E-03  2.051111E-08  2.051318E-08
  5.466000E+03  1.049267E-08  1.066456E-04  1.396048E-07  1.923881E-04 -2.266248E-02  2.051208E-08  2.051798E-08
  5.467000E+03  3.694670E-07  1.062134E-04 -2.864863E-07  1.931308E-04 -1.171051E-02  2.051167E-08  2.051322E-08
  5.468000E+03  1.978156E-08  1.069267E-04 -7.367344E-07  1.918413E-04 -1.393854E-02  2.051097E-08  2.051493E-08
  5.469000E+03 -5.855028E-08  1.063441E-04  3.465612E-09  1.929147E-04 -2.182253E-02  2.051046E-08  2.051540E-08
  5.470000E+03  3.273816E-07  1.064521E-04 -1.211765E-07  1.926849E-04 -8.328744E-03  2.051101E-08  2.051203E-08
  5.471000E+03  1.147474E-07  1.068930E-04 -7.227991E-07  1.919290E-04 -1.950027E-02  2.051196E-08  2.051763E-08
  5.472000E+03 -9.432765E-08  1.061566E-04 -1.564855E-07  1.932384E-04 -1.735448E-02  2.051045E-08  2.051357E-08
  5.473000E+03  2.594764E-07  1.067483E-04 -2.330913E-09  1.921412E-04 -9.148193E-03  2.050989E-08  2.051186E-08
  5.474000E+03  1.919106E-07  1.066502E-04 -6.455577E-07  1.923662E-04 -2.289992E-02  2.051051E-08  2.051669E-08
  5.475000E+03 -9.248633E-08  1.061940E-04 -3.087040E-07  1.931503E-04 -1.165467E-02  2.051002E-08  2.051145E-08
  5.476000E+03  1.846328E-07  1.069355E-04  4.794598E-08  1.918103E-04 -1.377686E-02  2.050939E-08  2.051325E-08
  5.477000E+03  2.426672E-07  1.063393E-04 -5.357388E-07  1.929130E-04 -2.210787E-02  2.050923E-08  2.051443E-08
  5.478000E+03 -5.769236E-08  1.064400E-04 -4.330059E-07  1.926965E-04 -8.092851E-03  2.050994E-08  2.051086E-08
  5.479000E+03  1.137340E-07  1.069067E-04  3.094406E-08  1.918970E-04 -1.953071E-02  2.051117E-08  2.051678E-08
  5.480000E+03  2.680039E-07  1.061471E-04 -4.153350E-07  1.932575E-04 -1.752041E-02  2.051059E-08  2.051387E-08
  5.481000E+03 -5.287771E-09  1.067500E-04 -5.202762E-07  1.921409E-04 -8.884216E-03  2.051024E-08  2.051217E-08
  5.482000E+03  5.566285E-08  1.066617E-04 -2.972971E-08  1.923519E-04 -2.308880E-02  2.051111E-08  2.051727E-08
  5.483000E+03  2.667391E-07  1.061842E-04 -3.008662E-07  1.931763E-04 -1.166850E-02  2.051088E-08  2.051237E-08
  5.484000E+03  5.180086E-08  1.069473E-04 -5.588993E-07  1.917999E-04 -1.359769E-02  2.051058E-08  2.051449E-08
  5.485000E+03  1.544572E-08  1.063415E-04 -1.124157E-07  1.929195E-04 -2.233933E-02  2.051023E-08  2.051540E-08
  5.486000E+03  2.404802E-07  1.064319E-04 -2.033185E-07  1.927129E-04 -7.967794E-03  2.051015E-08  2.051104E-08
  5.487000E+03  1.036628E-07  1.069160E-04 -5.448838E-07  1.918781E-04 -1.951783E-02  2.051093E-08  2.051666E-08
  5.488000E+03 -3.594415E-09  1.061385E-04 -2.001256E-07  1.932709E-04 -1.763344E-02  2.051029E-08  2.051352E-08
  5.489000E+03  2.035262E-07  1.067460E-04 -1.394833E-07  1.921359E-04 -8.726937E-03  2.050897E-08  2.051084E-08
  5.490000E+03  1.419246E-07  1.066642E-04 -5.001635E-07  1.923336E-04 -2.320946E-02  2.050958E-08  2.051590E-08
  5.491000E+03 -1.484961E-09  1.061726E-04 -2.764652E-07  1.931872E-04 -1.163859E-02  2.050980E-08  2.051121E-08
  5.492000E+03  1.686043E-07  1.069502E-04 -1.184692E-07  1.917848E-04 -1.346387E-02  2.050956E-08  2.051341E-08
  5.493000E+03  1.655902E-07  1.063422E-04 -4.489098E-07  1.929114E-04 -2.252358E-02  2.050943E-08  2.051476E-08
  5.494000E+03  1.550375E-08  1.064213E-04 -3.349731E-07  1.927248E-04 -7.873351E-03  2.050938E-08  2.051021E-08
  5.495000E+03  1.417991E-07  1.069244E-04 -1.323945E-07  1.918609E-04 -1.941790E-02  2.051073E-08  2.051640E-08
  5.496000E+03  1.756073E-07  1.061391E-04 -4.037030E-07  1.932747E-04 -1.781373E-02  2.051074E-08  2.051409E-08
  5.497000E+03  3.745845E-08  1.067409E-04 -3.703659E-07  1.921496E-04 -8.583584E-03  2.050947E-08  2.051128E-08
  5.498000E+03  1.239892E-07  1.066755E-04 -1.625062E-07  1.923204E-04 -2.319651E-02  2.051035E-08  2.051663E-08
  5.499000E+03  1.724703E-07  1.061703E-04 -3.666176E-07  1.932020E-04 -1.176588E-02  2.051089E-08  2.051238E-08
  5.500000E+03  5.579043E-08  1.069526E-04 -3.774283E-07  1.917925E-04 -1.329008E-02  2.051090E-08  2.051471E-08
  5.501000E+03  1.114056E-07  1.063527E-04 -1.892959E-07  1.929054E-04 -2.262917E-02  2.051076E-08  2.051609E-08
  5.502000E+03  1.630420E-07  1.064143E-04 -3.352230E-07  1.927459E-04 -7.911840E-03  2.051027E-08  2.051112E-08
  5.503000E+03  6.248052E-08  1.069312E-04 -3.638072E-07  1.918563E-04 -1.925783E-02  2.051162E-08  2.051727E-08
  5.504000E+03  1.069597E-07  1.061444E-04 -1.991779E-07  1.932726E-04 -1.801041E-02  2.051147E-08  2.051484E-08
  5.505000E+03  1.579305E-07  1.067296E-04 -3.228495E-07  1.921690E-04 -8.519141E-03  2.050937E-08  2.051114E-08
  5.506000E+03  5.902093E-08  1.066853E-04 -3.513212E-07  1.923010E-04 -2.309801E-02  2.051022E-08  2.051650E-08
  5.507000E+03  1.086063E-07  1.061668E-04 -1.935980E-07  1.932070E-04 -1.198238E-02  2.051071E-08  2.051221E-08
  5.508000E+03  1.617021E-07  1.069436E-04 -3.287845E-07  1.918037E-04 -1.308400E-02  2.051043E-08  2.051415E-08
  5.509000E+03  5.515422E-08  1.063652E-04 -3.559129E-07  1.928788E-04 -2.268188E-02  2.051031E-08  2.051570E-08
  5.510000E+03  1.078268E-07  1.064006E-04 -1.854755E-07  1.927648E-04 -8.059820E-03  2.050963E-08  2.051045E-08
  5.511000E+03  1.766841E-07  1.069323E-04 -3.380453E-07  1.918510E-04 -1.894728E-02  2.051139E-08  2.051695E-08
  5.512000E+03  5.299751E-08  1.061555E-04 -3.836578E-07  1.932520E-04 -1.826842E-02  2.051135E-08  2.051483E-08
  5.513000E+03  9.831309E-08  1.067135E-04 -1.744094E-07  1.922014E-04 -8.464893E-03  2.050975E-08  2.051142E-08
  5.514000E+03  1.984934E-07  1.067010E-04 -3.351409E-07  1.922798E-04 -2.287142E-02  2.051108E-08  2.051733E-08
  5.515000E+03  5.197118E-08  1.061687E-04 -4.255672E-07  1.932129E-04 -1.233246E-02  2.051161E-08  2.051323E-08
  5.516000E+03  7.802772E-08  1.069346E-04 -1.577996E-07  1.918303E-04 -1.282270E-02  2.051161E-08  2.051516E-08
  5.517000E+03  2.156475E-07  1.063861E-04 -3.078215E-07  1.928518E-04 -2.270361E-02  2.051147E-08  2.051691E-08
  5.518000E+03  6.069036E-08  1.063918E-04 -4.653888E-07  1.927922E-04 -8.311229E-03  2.051081E-08  2.051170E-08
  5.519000E+03  4.524961E-08  1.069332E-04 -1.512540E-07  1.918550E-04 -1.864879E-02  2.051211E-08  2.051750E-08
  5.520000E+03  2.247661E-07  1.061692E-04 -2.502880E-07  1.932331E-04 -1.849000E-02  2.051189E-08  2.051547E-08
  5.521000E+03  8.769688E-08  1.066987E-04 -5.026614E-07  1.922306E-04 -8.514139E-03  2.051002E-08  2.051169E-08
  5.522000E+03  4.756823E-09  1.067098E-04 -1.749159E-07  1.922619E-04 -2.266129E-02  2.051097E-08  2.051710E-08
  5.523000E+03  2.231825E-07  1.061693E-04 -1.699642E-07  1.932087E-04 -1.263012E-02  2.051120E-08  2.051290E-08
  5.524000E+03  1.314253E-07  1.069200E-04 -5.310433E-07  1.918484E-04 -1.266083E-02  2.051079E-08  2.051432E-08
  5.525000E+03 -2.804692E-08  1.063999E-04 -2.368127E-07  1.928216E-04 -2.264423E-02  2.051095E-08  2.051634E-08
  5.526000E+03  2.028926E-07  1.063815E-04 -9.121027E-08  1.928058E-04 -8.553394E-03  2.051022E-08  2.051112E-08
  5.527000E+03  1.851403E-07  1.069275E-04 -5.300342E-07  1.918567E-04 -1.836425E-02  2.051130E-08  2.051666E-08
  5.528000E+03 -4.322666E-08  1.061828E-04 -3.309251E-07  1.932062E-04 -1.863224E-02  2.051162E-08  2.051522E-08
  5.529000E+03  1.603359E-07  1.066842E-04 -3.089094E-08  1.922592E-04 -8.571164E-03  2.051027E-08  2.051186E-08
  5.530000E+03  2.388248E-07  1.067165E-04 -4.854601E-07  1.922494E-04 -2.240019E-02  2.051103E-08  2.051716E-08
  5.531000E+03 -3.961229E-08  1.061746E-04 -4.385073E-07  1.931984E-04 -1.292765E-02  2.051106E-08  2.051284E-08
  5.532000E+03  9.994796E-08  1.069048E-04  5.512555E-09  1.918754E-04 -1.251320E-02  2.051079E-08  2.051412E-08
  5.533000E+03  2.788509E-07  1.064149E-04 -3.961848E-07  1.927951E-04 -2.251193E-02  2.051109E-08  2.051653E-08
  5.534000E+03 -1.008601E-08  1.063753E-04 -5.380335E-07  1.928139E-04 -8.884673E-03  2.050982E-08  2.051080E-08
  5.535000E+03  3.088576E-08  1.069164E-04 -2.510471E-09  1.918690E-04 -1.807422E-02  2.051059E-08  2.051569E-08
  5.536000E+03  2.956990E-07  1.061996E-04 -2.732618E-07  1.931747E-04 -1.867441E-02  2.051150E-08  2.051518E-08
  5.537000E+03  4.855848E-08  1.066701E-04 -6.131965E-07  1.922831E-04 -8.776363E-03  2.051007E-08  2.051173E-08
  5.538000E+03 -3.471077E-08  1.067176E-04 -6.996910E-08  1.922427E-04 -2.209373E-02  2.051067E-08  2.051656E-08
  5.539000E+03  2.868278E-07  1.061836E-04 -1.386014E-07  1.931803E-04 -1.316205E-02  2.051079E-08  2.051265E-08
  5.540000E+03  1.270896E-07  1.068882E-04 -6.523808E-07  1.919030E-04 -1.246142E-02  2.051058E-08  2.051394E-08
  5.541000E+03 -8.151160E-08  1.064298E-04 -1.898466E-07  1.927696E-04 -2.233178E-02  2.051132E-08  2.051660E-08
  5.542000E+03  2.491467E-07  1.063708E-04 -1.995672E-08  1.928219E-04 -9.206857E-03  2.050974E-08  2.051076E-08
  5.543000E+03  2.094899E-07  1.069044E-04 -6.380126E-07  1.918861E-04 -1.777344E-02  2.051023E-08  2.051532E-08
  5.544000E+03 -9.985055E-08  1.062189E-04 -3.377790E-07  1.931392E-04 -1.873615E-02  2.051144E-08  2.051508E-08
  5.545000E+03  1.835389E-07  1.066535E-04  6.313419E-08  1.923135E-04 -8.972758E-03  2.051008E-08  2.051165E-08
  5.546000E+03  2.799429E-07  1.067189E-04 -5.604333E-07  1.922368E-04 -2.170704E-02  2.051046E-08  2.051634E-08
  5.547000E+03 -8.743370E-08  1.061953E-04 -4.844887E-07  1.931559E-04 -1.347391E-02  2.051039E-08  2.051232E-08
  5.548000E+03  9.588592E-08  1.068666E-04  1.019517E-07  1.919398E-04 -1.238862E-02  2.051038E-08  2.051350E-08
  5.549000E+03  3.285736E-07  1.064467E-04 -4.240353E-07  1.927377E-04 -2.208544E-02  2.051130E-08  2.051662E-08
  5.550000E+03 -4.058862E-08  1.063659E-04 -6.133085E-07  1.928258E-04 -9.639567E-03  2.050914E-08  2.051029E-08
  5.551000E+03 -2.304751E-10  1.068894E-04  7.953713E-08  1.919076E-04 -1.741616E-02  2.050979E-08  2.051454E-08
  5.552000E+03  3.461341E-07  1.062426E-04 -2.487205E-07  1.930957E-04 -1.880166E-02  2.051137E-08  2.051512E-08
  5.553000E+03  3.905608E-08  1.066332E-04 -7.049819E-07  1.923468E-04 -9.267663E-03  2.050967E-08  2.051134E-08
  5.554000E+03 -8.222593E-08  1.067210E-04 -1.718242E-08  1.922282E-04 -2.125058E-02  2.051015E-08  2.051569E-08
  5.555000E+03  3.266716E-07  1.062096E-04 -7.436763E-08  1.931288E-04 -1.383352E-02  2.051017E-08  2.051223E-08
  5.556000E+03  1.396752E-07  1.068440E-04 -7.393555E-07  1.919805E-04 -1.233677E-02  2.051040E-08  2.051356E-08
  5.557000E+03 -1.333328E-07  1.064653E-04 -1.771531E-07  1.927035E-04 -2.183711E-02  2.051135E-08  2.051647E-08
  5.558000E+03  2.704315E-07  1.063636E-04  6.605763E-08  1.928369E-04 -1.001636E-02  2.050980E-08  2.051098E-08
  5.559000E+03  2.424542E-07  1.068806E-04 -7.033653E-07  1.919299E-04 -1.709662E-02  2.051059E-08  2.051536E-08
  5.560000E+03 -1.474786E-07  1.062641E-04 -3.679549E-07  1.930629E-04 -1.890653E-02  2.051199E-08  2.051572E-08
  5.561000E+03  1.846599E-07  1.066182E-04  1.554641E-07  1.923858E-04 -9.405994E-03  2.051093E-08  2.051246E-08
  5.562000E+03  3.257705E-07  1.067296E-04 -5.956154E-07  1.922207E-04 -2.090184E-02  2.051115E-08  2.051675E-08
  5.563000E+03 -1.224737E-07  1.062216E-04 -5.488805E-07  1.931154E-04 -1.420087E-02  2.051097E-08  2.051313E-08
  5.564000E+03  8.099829E-08  1.068240E-04  1.811896E-07  1.920225E-04 -1.219549E-02  2.051109E-08  2.051397E-08
  5.565000E+03  3.754653E-07  1.064860E-04 -4.286784E-07  1.926706E-04 -2.163597E-02  2.051191E-08  2.051713E-08
  5.566000E+03 -5.840192E-08  1.063602E-04 -6.921822E-07  1.928471E-04 -1.046525E-02  2.051013E-08  2.051146E-08
  5.567000E+03 -2.428277E-08  1.068663E-04  1.316856E-07  1.919549E-04 -1.673101E-02  2.051063E-08  2.051502E-08
  5.568000E+03  3.844159E-07  1.062872E-04 -2.292441E-07  1.930203E-04 -1.897947E-02  2.051189E-08  2.051574E-08
  5.569000E+03  3.789333E-08  1.065995E-04 -7.790052E-07  1.924172E-04 -9.701406E-03  2.051062E-08  2.051229E-08
  5.570000E+03 -1.091460E-07  1.067311E-04  4.470262E-09  1.922151E-04 -2.045302E-02  2.051103E-08  2.051626E-08
  5.571000E+03  3.491733E-07  1.062374E-04 -3.792359E-08  1.930872E-04 -1.455191E-02  2.051092E-08  2.051320E-08
  5.572000E+03  1.499178E-07  1.068008E-04 -7.907310E-07  1.920633E-04 -1.218718E-02  2.051098E-08  2.051393E-08
  5.573000E+03 -1.553802E-07  1.065045E-04 -1.813115E-07  1.926400E-04 -2.132256E-02  2.051237E-08  2.051734E-08
  5.574000E+03  2.738617E-07  1.063634E-04  1.067020E-07  1.928525E-04 -1.089422E-02  2.051122E-08  2.051259E-08
  5.575000E+03  2.558434E-07  1.068515E-04 -7.197114E-07  1.919871E-04 -1.645424E-02  2.051133E-08  2.051575E-08
  5.576000E+03 -1.578632E-07  1.063108E-04 -3.866619E-07  1.929830E-04 -1.896940E-02  2.051250E-08  2.051628E-08
  5.577000E+03  1.708904E-07  1.065882E-04  1.856835E-07  1.924483E-04 -9.989009E-03  2.051171E-08  2.051327E-08
  5.578000E+03  3.351306E-07  1.067305E-04 -5.754271E-07  1.922215E-04 -2.005874E-02  2.051177E-08  2.051701E-08
  5.579000E+03 -1.158484E-07  1.062539E-04 -5.719536E-07  1.930592E-04 -1.484067E-02  2.051104E-08  2.051340E-08
  5.580000E+03  5.798534E-08  1.067780E-04  1.848002E-07  1.921029E-04 -1.221055E-02  2.051084E-08  2.051352E-08
  5.581000E+03  3.722528E-07  1.065187E-04 -3.813639E-07  1.926138E-04 -2.098136E-02  2.051247E-08  2.051745E-08
  5.582000E+03 -3.267221E-08  1.063651E-04 -7.044221E-07  1.928471E-04 -1.135076E-02  2.051088E-08  2.051242E-08
  5.583000E+03 -4.407875E-08  1.068288E-04  9.562157E-08  1.920182E-04 -1.618282E-02  2.051040E-08  2.051444E-08
  5.584000E+03  3.630556E-07  1.063342E-04 -1.751563E-07  1.929352E-04 -1.888122E-02  2.051195E-08  2.051578E-08
  5.585000E+03  7.849945E-08  1.065729E-04 -7.664661E-07  1.924721E-04 -1.037891E-02  2.051121E-08  2.051294E-08
  5.586000E+03 -1.145922E-07  1.067236E-04 -7.101466E-08  1.922275E-04 -1.958250E-02  2.051128E-08  2.051613E-08
  5.587000E+03  3.090001E-07  1.062754E-04  1.645835E-09  1.930177E-04 -1.511166E-02  2.051070E-08  2.051314E-08
  5.588000E+03  1.944341E-07  1.067505E-04 -7.442180E-07  1.921489E-04 -1.230708E-02  2.051043E-08  2.051321E-08
  5.589000E+03 -1.397707E-07  1.065322E-04 -2.796000E-07  1.925867E-04 -2.052242E-02  2.051237E-08  2.051707E-08
  5.590000E+03  2.187481E-07  1.063730E-04  1.158522E-07  1.928346E-04 -1.185608E-02  2.051096E-08  2.051254E-08
  5.591000E+03  2.900493E-07  1.068027E-04 -6.365604E-07  1.920629E-04 -1.591899E-02  2.051023E-08  2.051426E-08
  5.592000E+03 -1.180356E-07  1.063594E-04 -4.822224E-07  1.928867E-04 -1.869776E-02  2.051172E-08  2.051545E-08
  5.593000E+03  1.071394E-07  1.065634E-04  1.536928E-07  1.924925E-04 -1.084401E-02  2.051144E-08  2.051310E-08
  5.594000E+03  3.475712E-07  1.067130E-04 -4.597173E-07  1.922468E-04 -1.910864E-02  2.051148E-08  2.051626E-08
  5.595000E+03 -5.340414E-08  1.062973E-04 -6.412329E-07  1.929747E-04 -1.529954E-02  2.051029E-08  2.051283E-08
  5.596000E+03 -4.513105E-09  1.067283E-04  1.076809E-07  1.921872E-04 -1.249516E-02  2.051021E-08  2.051277E-08
  5.597000E+03  3.563468E-07  1.065396E-04 -2.476977E-07  1.925692E-04 -2.011075E-02  2.051209E-08  2.051673E-08
  5.598000E+03  4.462542E-08  1.063787E-04 -7.289622E-07  1.928169E-04 -1.226827E-02  2.051008E-08  2.051187E-08
  5.599000E+03 -8.991121E-08  1.067795E-04 -2.254090E-08  1.920945E-04 -1.575221E-02  2.050921E-08  2.051292E-08
  5.600000E+03  3.154965E-07  1.063772E-04 -5.129442E-08  1.928438E-04 -1.855090E-02  2.051065E-08  2.051436E-08
  5.601000E+03  1.592573E-07  1.065502E-04 -7.315991E-07  1.925051E-04 -1.121940E-02  2.051016E-08  2.051204E-08
  5.602000E+03 -1.314461E-07  1.067023E-04 -2.168044E-07  1.922530E-04 -1.870579E-02  2.051026E-08  2.051472E-08
  5.603000E+03  2.346442E-07  1.063153E-04  8.813025E-08  1.929354E-04 -1.545289E-02  2.050953E-08  2.051207E-08
  5.604000E+03  2.656666E-07  1.067070E-04 -6.500930E-07  1.922201E-04 -1.264156E-02  2.050959E-08  2.051229E-08
  5.605000E+03 -1.223461E-07  1.065466E-04 -4.314390E-07  1.925508E-04 -1.973725E-02  2.051163E-08  2.051606E-08
  5.606000E+03  1.293507E-07  1.063876E-04  1.461327E-07  1.928046E-04 -1.258871E-02  2.051039E-08  2.051215E-08
  5.607000E+03  3.380766E-07  1.067632E-04 -4.963167E-07  1.921273E-04 -1.563014E-02  2.050962E-08  2.051338E-08
  5.608000E+03 -6.511466E-08  1.063951E-04 -6.142362E-07  1.928143E-04 -1.841820E-02  2.051102E-08  2.051472E-08
  5.609000E+03  1.730892E-08  1.065467E-04  1.148718E-07  1.925216E-04 -1.151064E-02  2.051119E-08  2.051295E-08
  5.610000E+03  3.620953E-07  1.066975E-04 -2.945089E-07  1.922695E-04 -1.841156E-02  2.051120E-08  2.051564E-08
  5.611000E+03  2.882993E-08  1.063326E-04 -7.288326E-07  1.929104E-04 -1.558048E-02  2.051019E-08  2.051287E-08
  5.612000E+03 -7.927916E-08  1.066957E-04  6.935639E-10  1.922493E-04 -1.278058E-02  2.051051E-08  2.051302E-08
  5.613000E+03  3.335639E-07  1.065520E-04 -8.509164E-08  1.925459E-04 -1.946816E-02  2.051226E-08  2.051664E-08
  5.614000E+03  1.423433E-07  1.063957E-04 -7.547542E-07  1.927952E-04 -1.283152E-02  2.051088E-08  2.051286E-08
  5.615000E+03 -1.353137E-07  1.067525E-04 -1.809448E-07  1.921501E-04 -1.559518E-02  2.051002E-08  2.051358E-08
  5.616000E+03  2.551870E-07  1.064068E-04  8.090516E-08  1.927960E-04 -1.831795E-02  2.051138E-08  2.051500E-08
  5.617000E+03  2.548569E-07  1.065434E-04 -6.824829E-07  1.925316E-04 -1.171542E-02  2.051158E-08  2.051356E-08
  5.618000E+03 -1.376500E-07  1.066948E-04 -3.992838E-07  1.922767E-04 -1.823795E-02  2.051152E-08  2.051580E-08
  5.619000E+03  1.432900E-07  1.063458E-04  1.660251E-07  1.928938E-04 -1.567476E-02  2.051092E-08  2.051353E-08
  5.620000E+03  3.428238E-07  1.066836E-04 -5.269924E-07  1.922747E-04 -1.285662E-02  2.051088E-08  2.051354E-08
  5.621000E+03 -8.780371E-08  1.065596E-04 -6.071863E-07  1.925350E-04 -1.924810E-02  2.051264E-08  2.051696E-08
  5.622000E+03  2.072930E-08  1.064039E-04  1.567781E-07  1.927900E-04 -1.307684E-02  2.051185E-08  2.051374E-08
  5.623000E+03  3.822432E-07  1.067382E-04 -3.157013E-07  1.921800E-04 -1.548597E-02  2.051049E-08  2.051409E-08
  5.624000E+03  9.542867E-09  1.064222E-04 -7.543479E-07  1.927700E-04 -1.820353E-02  2.051161E-08  2.051531E-08
  5.625000E+03 -9.105789E-08  1.065396E-04  4.688865E-08  1.925426E-04 -1.200848E-02  2.051194E-08  2.051380E-08
  5.626000E+03  3.608281E-07  1.066874E-04 -8.168489E-08  1.922935E-04 -1.794052E-02  2.051200E-08  2.051620E-08
  5.627000E+03  1.381505E-07  1.063635E-04 -8.050511E-07  1.928640E-04 -1.579198E-02  2.051113E-08  2.051396E-08
  5.628000E+03 -1.682818E-07  1.066682E-04 -1.490129E-07  1.923040E-04 -1.302086E-02  2.051098E-08  2.051349E-08
  5.629000E+03  2.841840E-07  1.065652E-04  1.245004E-07  1.925266E-04 -1.890957E-02  2.051296E-08  2.051712E-08
  5.630000E+03  2.713806E-07  1.064143E-04 -7.510816E-07  1.927735E-04 -1.340819E-02  2.051202E-08  2.051422E-08
  5.631000E+03 -1.866452E-07  1.067210E-04 -3.963258E-07  1.922152E-04 -1.538025E-02  2.051098E-08  2.051439E-08
  5.632000E+03  1.626664E-07  1.064397E-04  2.478870E-07  1.927419E-04 -1.803100E-02  2.051205E-08  2.051560E-08
  5.633000E+03  3.822794E-07  1.065351E-04 -5.932860E-07  1.925538E-04 -1.236250E-02  2.051216E-08  2.051432E-08
  5.634000E+03 -1.377541E-07  1.066780E-04 -6.483841E-07  1.923121E-04 -1.760786E-02  2.051229E-08  2.051635E-08
  5.635000E+03  1.728421E-08  1.063826E-04  2.569364E-07  1.928314E-04 -1.588627E-02  2.051131E-08  2.051401E-08
  5.636000E+03  4.461144E-07  1.066484E-04 -3.549433E-07  1.923361E-04 -1.320237E-02  2.051054E-08  2.051322E-08
  5.637000E+03 -3.235259E-08  1.065682E-04 -8.490889E-07  1.925137E-04 -1.851893E-02  2.051231E-08  2.051646E-08
  5.638000E+03 -1.229192E-07  1.064248E-04  1.517513E-07  1.927527E-04 -1.372306E-02  2.051174E-08  2.051385E-08
  5.639000E+03  4.425878E-07  1.066975E-04 -7.823634E-08  1.922521E-04 -1.527789E-02  2.051043E-08  2.051384E-08
  5.640000E+03  1.133797E-07  1.064551E-04 -9.471009E-07  1.927052E-04 -1.780322E-02  2.051120E-08  2.051491E-08
  5.641000E+03 -2.308550E-07  1.065310E-04 -5.552916E-08  1.925576E-04 -1.275289E-02  2.051168E-08  2.051376E-08
  5.642000E+03  3.661234E-07  1.066645E-04  1.878769E-07  1.923331E-04 -1.727140E-02  2.051207E-08  2.051596E-08
  5.643000E+03  2.768151E-07  1.064008E-04 -9.152265E-07  1.927923E-04 -1.595785E-02  2.051065E-08  2.051368E-08
  5.644000E+03 -2.816473E-07  1.066320E-04 -3.385639E-07  1.923613E-04 -1.343982E-02  2.051002E-08  2.051260E-08
  5.645000E+03  2.301167E-07  1.065680E-04  3.851086E-07  1.925068E-04 -1.815866E-02  2.051168E-08  2.051558E-08
  5.646000E+03  4.269746E-07  1.064340E-04 -7.573600E-07  1.927278E-04 -1.400998E-02  2.051078E-08  2.051329E-08
  5.647000E+03 -2.557308E-07  1.066775E-04 -6.508579E-07  1.922799E-04 -1.524511E-02  2.050956E-08  2.051290E-08
  5.648000E+03  5.590645E-08  1.064641E-04  4.598373E-07  1.926775E-04 -1.757963E-02  2.051007E-08  2.051352E-08
  5.649000E+03  5.322379E-07  1.065287E-04 -4.924669E-07  1.925525E-04 -1.307798E-02  2.051063E-08  2.051306E-08
  5.650000E+03 -1.518911E-07  1.066497E-04 -9.314518E-07  1.923499E-04 -1.704817E-02  2.051107E-08  2.051498E-08
  5.651000E+03 -1.260082E-07  1.064145E-04  3.877331E-07  1.927606E-04 -1.590948E-02  2.050993E-08  2.051273E-08
  5.652000E+03  5.675488E-07  1.066216E-04 -1.621512E-07  1.923739E-04 -1.369260E-02  2.050928E-08  2.051211E-08
  5.653000E+03  1.291489E-08  1.065635E-04 -1.119141E-06  1.925081E-04 -1.787063E-02  2.051106E-08  2.051511E-08
  5.654000E+03 -2.820798E-07  1.064464E-04  1.778054E-07  1.927062E-04 -1.412145E-02  2.051083E-08  2.051315E-08
  5.655000E+03  5.171431E-07  1.066629E-04  1.793329E-07  1.923038E-04 -1.532844E-02  2.050928E-08  2.051267E-08
  5.656000E+03  2.117350E-07  1.064686E-04 -1.163697E-06  1.926635E-04 -1.734131E-02  2.050953E-08  2.051326E-08
  5.657000E+03 -3.815037E-07  1.065341E-04 -1.394159E-07  1.925430E-04 -1.330505E-02  2.051057E-08  2.051289E-08
  5.658000E+03  3.853124E-07  1.066365E-04  4.686575E-07  1.923716E-04 -1.696167E-02  2.051089E-08  2.051467E-08
  5.659000E+03  4.106769E-07  1.064237E-04 -1.049114E-06  1.927394E-04 -1.579091E-02  2.050947E-08  2.051264E-08
  5.660000E+03 -3.992973E-07  1.066220E-04 -5.156386E-07  1.923751E-04 -1.392658E-02  2.050942E-08  2.051224E-08
  5.661000E+03  1.910276E-07  1.065570E-04  6.433127E-07  1.925216E-04 -1.772967E-02  2.051131E-08  2.051509E-08
  5.662000E+03  5.746202E-07  1.064558E-04 -7.872065E-07  1.926912E-04 -1.410330E-02  2.051106E-08  2.051378E-08
  5.663000E+03 -3.233492E-07  1.066620E-04 -8.909031E-07  1.923112E-04 -1.549552E-02  2.050984E-08  2.051333E-08
  5.664000E+03 -3.550637E-08  1.064681E-04  6.578706E-07  1.926710E-04 -1.722002E-02  2.051028E-08  2.051367E-08
  5.665000E+03  6.718140E-07  1.065399E-04 -4.141853E-07  1.925374E-04 -1.334300E-02  2.051109E-08  2.051375E-08
  5.666000E+03 -1.640141E-07  1.066336E-04 -1.195666E-06  1.923796E-04 -1.702741E-02  2.051116E-08  2.051517E-08
  5.667000E+03 -2.540911E-07  1.064278E-04  5.036425E-07  1.927380E-04 -1.571237E-02  2.051016E-08  2.051298E-08
  5.668000E+03  6.775486E-07  1.066211E-04  9.129823E-09  1.923795E-04 -1.398751E-02  2.050971E-08  2.051274E-08
  5.669000E+03  5.603774E-08  1.065560E-04 -1.365289E-06  1.925238E-04 -1.768229E-02  2.051136E-08  2.051549E-08
  5.670000E+03 -4.261683E-07  1.064612E-04  1.972033E-07  1.926855E-04 -1.412890E-02  2.051149E-08  2.051393E-08
  5.671000E+03  5.800727E-07  1.066583E-04  4.157974E-07  1.923227E-04 -1.550863E-02  2.051035E-08  2.051387E-08
  5.672000E+03  3.040747E-07  1.064727E-04 -1.353229E-06  1.926667E-04 -1.715672E-02  2.051072E-08  2.051456E-08
  5.673000E+03 -5.196884E-07  1.065417E-04 -2.205118E-07  1.925384E-04 -1.344834E-02  2.051151E-08  2.051401E-08
  5.674000E+03  3.939830E-07  1.066319E-04  7.326367E-07  1.923884E-04 -1.696996E-02  2.051180E-08  2.051565E-08
  5.675000E+03  5.390031E-07  1.064353E-04 -1.158447E-06  1.927315E-04 -1.572194E-02  2.051089E-08  2.051423E-08
  5.676000E+03 -5.112027E-07  1.066197E-04 -6.860239E-07  1.923904E-04 -1.405401E-02  2.051059E-08  2.051358E-08
  5.677000E+03  1.469480E-07  1.065580E-04  8.938757E-07  1.925262E-04 -1.760390E-02  2.051203E-08  2.051586E-08
  5.678000E+03  7.185458E-07  1.064665E-04 -8.046163E-07  1.926820E-04 -1.420947E-02  2.051212E-08  2.051506E-08
  5.679000E+03 -3.911119E-07  1.066563E-04 -1.123570E-06  1.923365E-04 -1.548140E-02  2.051144E-08  2.051508E-08
  5.680000E+03 -1.247261E-07  1.064786E-04  8.546073E-07  1.926637E-04 -1.711688E-02  2.051156E-08  2.051502E-08
  5.681000E+03  8.095927E-07  1.065395E-04 -3.388984E-07  1.925444E-04 -1.354186E-02  2.051169E-08  2.051457E-08
  5.682000E+03 -1.770782E-07  1.066324E-04 -1.455689E-06  1.923919E-04 -1.686016E-02  2.051229E-08  2.051643E-08
  5.683000E+03 -3.766738E-07  1.064421E-04  6.174330E-07  1.927259E-04 -1.578289E-02  2.051158E-08  2.051455E-08
  5.684000E+03  7.885108E-07  1.066109E-04  1.689626E-07  1.924084E-04 -1.404093E-02  2.051081E-08  2.051397E-08
  5.685000E+03  9.665299E-08  1.065651E-04 -1.611514E-06  1.925134E-04 -1.750157E-02  2.051206E-08  2.051635E-08
  5.686000E+03 -5.624057E-07  1.064676E-04  2.158531E-07  1.926837E-04 -1.437922E-02  2.051245E-08  2.051509E-08
  5.687000E+03  6.479317E-07  1.066475E-04  6.333606E-07  1.923545E-04 -1.530887E-02  2.051173E-08  2.051528E-08
  5.688000E+03  3.895297E-07  1.064884E-04 -1.547444E-06  1.926412E-04 -1.713229E-02  2.051104E-08  2.051511E-08
  5.689000E+03 -6.494634E-07  1.065319E-04 -2.941984E-07  1.925543E-04 -1.371106E-02  2.051124E-08  2.051394E-08
  5.690000E+03  4.096203E-07  1.066284E-04  9.751554E-07  1.923953E-04 -1.662177E-02  2.051198E-08  2.051582E-08
  5.691000E+03  6.556881E-07  1.064484E-04 -1.273024E-06  1.927063E-04 -1.590564E-02  2.051068E-08  2.051430E-08
  5.692000E+03 -6.164042E-07  1.065991E-04 -8.384705E-07  1.924196E-04 -1.411328E-02  2.050971E-08  2.051282E-08
  5.693000E+03  1.118467E-07  1.065647E-04  1.124866E-06  1.925030E-04 -1.731140E-02  2.051095E-08  2.051482E-08
  5.694000E+03  8.467024E-07  1.064691E-04 -8.282316E-07  1.926706E-04 -1.453444E-02  2.051129E-08  2.051453E-08
  5.695000E+03 -4.580252E-07  1.066375E-04 -1.326012E-06  1.923635E-04 -1.527022E-02  2.051078E-08  2.051448E-08
  5.696000E+03 -2.004982E-07  1.064914E-04  1.040003E-06  1.926264E-04 -1.703895E-02  2.051008E-08  2.051367E-08
  5.697000E+03  9.283808E-07  1.065291E-04 -2.762376E-07  1.925525E-04 -1.382950E-02  2.051048E-08  2.051360E-08
  5.698000E+03 -1.973386E-07  1.066253E-04 -1.673395E-06  1.923972E-04 -1.653316E-02  2.051159E-08  2.051579E-08
  5.699000E+03 -4.796894E-07  1.064515E-04  7.312100E-07  1.926984E-04 -1.590963E-02  2.051044E-08  2.051359E-08
  5.700000E+03  8.828391E-07  1.065931E-04  3.025060E-07  1.924265E-04 -1.413419E-02  2.050928E-08  2.051258E-08
  5.701000E+03  1.211146E-07  1.065657E-04 -1.813582E-06  1.924941E-04 -1.725909E-02  2.051021E-08  2.051462E-08
  5.702000E+03 -6.754844E-07  1.064670E-04  2.494202E-07  1.926683E-04 -1.460056E-02  2.051064E-08  2.051348E-08
  5.703000E+03  7.098012E-07  1.066299E-04  8.099487E-07  1.923670E-04 -1.519886E-02  2.050971E-08  2.051334E-08
  5.704000E+03  4.484406E-07  1.064929E-04 -1.710838E-06  1.926101E-04 -1.703853E-02  2.050863E-08  2.051288E-08
  5.705000E+03 -7.526380E-07  1.065245E-04 -3.351266E-07  1.925513E-04 -1.390518E-02  2.050945E-08  2.051233E-08
  5.706000E+03  4.319393E-07  1.066204E-04  1.160847E-06  1.923962E-04 -1.643894E-02  2.051058E-08  2.051448E-08
  5.707000E+03  7.373920E-07  1.064542E-04 -1.375485E-06  1.926860E-04 -1.592688E-02  2.050963E-08  2.051345E-08
  5.708000E+03 -6.951727E-07  1.065922E-04 -9.415398E-07  1.924260E-04 -1.421661E-02  2.050904E-08  2.051231E-08
  5.709000E+03  9.525053E-08  1.065629E-04  1.290845E-06  1.924991E-04 -1.718116E-02  2.051023E-08  2.051416E-08
  5.710000E+03  9.379895E-07  1.064717E-04 -8.614925E-07  1.926601E-04 -1.461180E-02  2.051067E-08  2.051410E-08
  5.711000E+03 -5.073578E-07  1.066300E-04 -1.469011E-06  1.923686E-04 -1.530739E-02  2.050986E-08  2.051372E-08
  5.712000E+03 -2.458690E-07  1.064914E-04  1.169134E-06  1.926190E-04 -1.692886E-02  2.050934E-08  2.051298E-08
  5.713000E+03  1.013350E-06  1.065298E-04 -2.486819E-07  1.925449E-04 -1.392685E-02  2.050977E-08  2.051307E-08
  5.714000E+03 -2.160873E-07  1.066202E-04 -1.826057E-06  1.924002E-04 -1.653191E-02  2.051095E-08  2.051529E-08
  5.715000E+03 -5.408649E-07  1.064544E-04  8.119115E-07  1.926931E-04 -1.582925E-02  2.051046E-08  2.051368E-08
  5.716000E+03  9.468017E-07  1.065976E-04  3.760902E-07  1.924243E-04 -1.422426E-02  2.050989E-08  2.051335E-08
  5.717000E+03  1.318071E-07  1.065647E-04 -1.946359E-06  1.925024E-04 -1.727904E-02  2.051090E-08  2.051545E-08
  5.718000E+03 -7.425632E-07  1.064698E-04  2.767990E-07  1.926696E-04 -1.454476E-02  2.051132E-08  2.051424E-08
  5.719000E+03  7.473698E-07  1.066374E-04  9.140770E-07  1.923643E-04 -1.528044E-02  2.051082E-08  2.051459E-08
  5.720000E+03  4.818963E-07  1.064929E-04 -1.808387E-06  1.926233E-04 -1.706894E-02  2.051002E-08  2.051440E-08
  5.721000E+03 -8.152695E-07  1.065245E-04 -3.554628E-07  1.925576E-04 -1.382055E-02  2.051015E-08  2.051309E-08
  5.722000E+03  4.447885E-07  1.066292E-04  1.274073E-06  1.923871E-04 -1.652261E-02  2.051129E-08  2.051532E-08
  5.723000E+03  7.811904E-07  1.064519E-04 -1.432141E-06  1.927014E-04 -1.597829E-02  2.051081E-08  2.051475E-08
  5.724000E+03 -7.428242E-07  1.065951E-04 -9.928850E-07  1.924322E-04 -1.406111E-02  2.051030E-08  2.051362E-08
  5.725000E+03  8.875215E-08  1.065727E-04  1.388706E-06  1.924893E-04 -1.734916E-02  2.051102E-08  2.051509E-08
  5.726000E+03  9.829123E-07  1.064627E-04 -8.811234E-07  1.926828E-04 -1.461890E-02  2.051135E-08  2.051485E-08
  5.727000E+03 -5.352468E-07  1.066427E-04 -1.536781E-06  1.923597E-04 -1.512512E-02  2.051141E-08  2.051531E-08
  5.728000E+03 -2.657058E-07  1.064979E-04  1.237951E-06  1.926225E-04 -1.720640E-02  2.051087E-08  2.051467E-08
  5.729000E+03  1.052161E-06  1.065184E-04 -2.378297E-07  1.925751E-04 -1.375388E-02  2.051085E-08  2.051414E-08
  5.730000E+03 -2.253185E-07  1.066424E-04 -1.895306E-06  1.923743E-04 -1.647101E-02  2.051248E-08  2.051693E-08
  5.731000E+03 -5.658267E-07  1.064523E-04  8.479324E-07  1.927170E-04 -1.613637E-02  2.051249E-08  2.051584E-08
  5.732000E+03  9.750424E-07  1.065931E-04  4.045735E-07  1.924493E-04 -1.385458E-02  2.051180E-08  2.051518E-08
  5.733000E+03  1.357642E-07  1.065887E-04 -2.004432E-06  1.924726E-04 -1.745190E-02  2.051227E-08  2.051700E-08
  5.734000E+03 -7.661327E-07  1.064532E-04  2.860279E-07  1.927111E-04 -1.472563E-02  2.051248E-08  2.051546E-08
  5.735000E+03  7.634535E-07  1.066476E-04  9.485891E-07  1.923604E-04 -1.483402E-02  2.051252E-08  2.051621E-08
  5.736000E+03  4.926494E-07  1.065071E-04 -1.847580E-06  1.926093E-04 -1.748204E-02  2.051113E-08  2.051572E-08
  5.737000E+03 -8.335885E-07  1.065011E-04 -3.633034E-07  1.926046E-04 -1.368779E-02  2.051068E-08  2.051357E-08
  5.738000E+03  4.513205E-07  1.066547E-04  1.305194E-06  1.923498E-04 -1.626754E-02  2.051230E-08  2.051634E-08
  5.739000E+03  7.907884E-07  1.064482E-04 -1.451823E-06  1.927179E-04 -1.648003E-02  2.051168E-08  2.051580E-08
  5.740000E+03 -7.538424E-07  1.065792E-04 -1.003722E-06  1.924643E-04 -1.359894E-02  2.051080E-08  2.051396E-08
  5.741000E+03  8.989597E-08  1.066009E-04  1.409429E-06  1.924378E-04 -1.747914E-02  2.051090E-08  2.051511E-08
  5.742000E+03  9.855784E-07  1.064377E-04 -8.852794E-07  1.927270E-04 -1.491389E-02  2.051114E-08  2.051470E-08
  5.743000E+03 -5.387549E-07  1.066463E-04 -1.539470E-06  1.923506E-04 -1.454250E-02  2.051130E-08  2.051505E-08
  5.744000E+03 -2.649260E-07  1.065122E-04  1.244250E-06  1.925894E-04 -1.768575E-02  2.050992E-08  2.051393E-08
  5.745000E+03  1.046894E-06  1.064843E-04 -2.355624E-07  1.926243E-04 -1.363432E-02  2.050955E-08  2.051274E-08
  5.746000E+03 -2.263417E-07  1.066641E-04 -1.884268E-06  1.923229E-04 -1.611929E-02  2.051128E-08  2.051568E-08
  5.747000E+03 -5.581756E-07  1.064438E-04  8.444256E-07  1.927200E-04 -1.672847E-02  2.051098E-08  2.051451E-08
  5.748000E+03  9.646305E-07  1.065684E-04  3.971070E-07  1.924771E-04 -1.335345E-02  2.051015E-08  2.051332E-08
  5.749000E+03  1.295566E-07  1.066149E-04 -1.979603E-06  1.924069E-04 -1.753020E-02  2.051030E-08  2.051512E-08
  5.750000E+03 -7.459748E-07  1.064253E-04  2.836558E-07  1.927469E-04 -1.508846E-02  2.051082E-08  2.051384E-08
  5.751000E+03  7.515167E-07  1.066456E-04  9.177631E-07  1.923486E-04 -1.422834E-02  2.051106E-08  2.051455E-08
  5.752000E+03  4.749466E-07  1.065231E-04 -1.811493E-06  1.925676E-04 -1.791179E-02  2.050960E-08  2.051433E-08
  5.753000E+03 -8.005642E-07  1.064683E-04 -3.524586E-07  1.926505E-04 -1.365171E-02  2.050927E-08  2.051203E-08
  5.754000E+03  4.440131E-07  1.066711E-04  1.245875E-06  1.923050E-04 -1.588667E-02  2.051081E-08  2.051474E-08
  5.755000E+03  7.592741E-07  1.064446E-04 -1.414847E-06  1.927121E-04 -1.702354E-02  2.051019E-08  2.051442E-08
  5.756000E+03 -7.166916E-07  1.065546E-04 -9.688396E-07  1.924926E-04 -1.322419E-02  2.050918E-08  2.051212E-08
  5.757000E+03  9.698772E-08  1.066230E-04  1.331675E-06  1.923828E-04 -1.743376E-02  2.050931E-08  2.051352E-08
  5.758000E+03  9.409595E-07  1.064173E-04 -8.670276E-07  1.927494E-04 -1.530928E-02  2.050946E-08  2.051302E-08
  5.759000E+03 -5.089743E-07  1.066395E-04 -1.473655E-06  1.923474E-04 -1.404527E-02  2.050981E-08  2.051332E-08
  5.760000E+03 -2.360632E-07  1.065303E-04  1.165236E-06  1.925503E-04 -1.794105E-02  2.050915E-08  2.051323E-08
  5.761000E+03  9.919976E-07  1.064608E-04 -2.524858E-07  1.926616E-04 -1.373506E-02  2.050898E-08  2.051205E-08
  5.762000E+03 -2.123605E-07  1.066749E-04 -1.786984E-06  1.922964E-04 -1.577692E-02  2.051065E-08  2.051487E-08
  5.763000E+03 -5.066404E-07  1.064473E-04  7.799867E-07  1.927123E-04 -1.711523E-02  2.051070E-08  2.051430E-08
  5.764000E+03  9.076738E-07  1.065526E-04  3.373310E-07  1.925033E-04 -1.316787E-02  2.050995E-08  2.051293E-08
  5.765000E+03  1.199220E-07  1.066323E-04 -1.861288E-06  1.923740E-04 -1.745939E-02  2.051016E-08  2.051488E-08
  5.766000E+03 -6.763504E-07  1.064127E-04  2.523757E-07  1.927655E-04 -1.537487E-02  2.051028E-08  2.051327E-08
  5.767000E+03  7.056920E-07  1.066438E-04  8.146001E-07  1.923472E-04 -1.390622E-02  2.051067E-08  2.051395E-08
  5.768000E+03  4.349386E-07  1.065383E-04 -1.693082E-06  1.925440E-04 -1.811323E-02  2.050994E-08  2.051463E-08
  5.769000E+03 -7.210177E-07  1.064510E-04 -3.314859E-07  1.926841E-04 -1.369728E-02  2.050949E-08  2.051212E-08
  5.770000E+03  4.222521E-07  1.066853E-04  1.105987E-06  1.922811E-04 -1.566667E-02  2.051105E-08  2.051486E-08
  5.771000E+03  6.888300E-07  1.064462E-04 -1.321583E-06  1.927164E-04 -1.735385E-02  2.051084E-08  2.051503E-08
  5.772000E+03 -6.389329E-07  1.065469E-04 -8.870618E-07  1.925159E-04 -1.299404E-02  2.051024E-08  2.051296E-08
  5.773000E+03  1.078191E-07  1.066443E-04  1.171820E-06  1.923555E-04 -1.749597E-02  2.051049E-08  2.051467E-08
  5.774000E+03  8.463192E-07  1.064038E-04 -8.200797E-07  1.927840E-04 -1.549723E-02  2.051049E-08  2.051391E-08
  5.775000E+03 -4.455589E-07  1.066508E-04 -1.334237E-06  1.923418E-04 -1.370443E-02  2.051148E-08  2.051476E-08
  5.776000E+03 -1.873258E-07  1.065467E-04  1.006142E-06  1.925417E-04 -1.830365E-02  2.051124E-08  2.051537E-08
  5.777000E+03  8.849110E-07  1.064426E-04 -2.707037E-07  1.927115E-04 -1.360300E-02  2.051081E-08  2.051363E-08
  5.778000E+03 -1.777641E-07  1.067028E-04 -1.602480E-06  1.922629E-04 -1.560495E-02  2.051250E-08  2.051657E-08
  5.779000E+03 -4.214946E-07  1.064437E-04  6.510394E-07  1.927377E-04 -1.756748E-02  2.051255E-08  2.051616E-08
  5.780000E+03  8.058321E-07  1.065467E-04  2.441407E-07  1.925332E-04 -1.269909E-02  2.051212E-08  2.051476E-08
  5.781000E+03  1.136144E-07  1.066626E-04 -1.657596E-06  1.923359E-04 -1.767621E-02  2.051184E-08  2.051651E-08
  5.782000E+03 -5.636120E-07  1.063892E-04  1.835535E-07  1.928220E-04 -1.555928E-02  2.051170E-08  2.051459E-08
  5.783000E+03  6.262880E-07  1.066623E-04  6.513003E-07  1.923314E-04 -1.339476E-02  2.051267E-08  2.051569E-08
  5.784000E+03  3.823021E-07  1.065540E-04 -1.499916E-06  1.925345E-04 -1.868697E-02  2.051174E-08  2.051647E-08
  5.785000E+03 -5.946232E-07  1.064229E-04 -3.195425E-07  1.927480E-04 -1.340285E-02  2.051095E-08  2.051330E-08
  5.786000E+03  3.786513E-07  1.067214E-04  8.902089E-07  1.922261E-04 -1.547133E-02  2.051219E-08  2.051590E-08
  5.787000E+03  5.930615E-07  1.064343E-04 -1.167381E-06  1.927503E-04 -1.795293E-02  2.051193E-08  2.051610E-08
  5.788000E+03 -5.175979E-07  1.065336E-04 -7.871315E-07  1.925467E-04 -1.231232E-02  2.051114E-08  2.051347E-08
  5.789000E+03  1.101559E-07  1.066800E-04  9.328670E-07  1.922952E-04 -1.778181E-02  2.051080E-08  2.051506E-08
  5.790000E+03  7.184973E-07  1.063695E-04 -7.326344E-07  1.928485E-04 -1.576680E-02  2.051066E-08  2.051391E-08
  5.791000E+03 -3.507059E-07  1.066641E-04 -1.152562E-06  1.923193E-04 -1.300387E-02  2.051183E-08  2.051476E-08
  5.792000E+03 -1.320167E-07  1.065647E-04  7.808416E-07  1.925131E-04 -1.897619E-02  2.051141E-08  2.051571E-08
  5.793000E+03  7.418486E-07  1.064049E-04 -2.758748E-07  1.927795E-04 -1.335319E-02  2.051086E-08  2.051334E-08
  5.794000E+03 -1.262223E-07  1.067353E-04 -1.359825E-06  1.922000E-04 -1.526434E-02  2.051214E-08  2.051601E-08
  5.795000E+03 -3.162692E-07  1.064337E-04  4.745007E-07  1.927562E-04 -1.826045E-02  2.051233E-08  2.051606E-08
  5.796000E+03  6.678010E-07  1.065244E-04  1.377364E-07  1.925677E-04 -1.205612E-02  2.051167E-08  2.051391E-08
  5.797000E+03  1.128680E-07  1.066962E-04 -1.387138E-06  1.922671E-04 -1.783257E-02  2.051091E-08  2.051553E-08
  5.798000E+03 -4.212547E-07  1.063574E-04  8.253439E-08  1.928729E-04 -1.594194E-02  2.051085E-08  2.051369E-08
  5.799000E+03  5.156166E-07  1.066641E-04  4.525888E-07  1.923170E-04 -1.269961E-02  2.051167E-08  2.051434E-08
  5.800000E+03  3.254321E-07  1.065729E-04 -1.242559E-06  1.924910E-04 -1.923403E-02  2.051053E-08  2.051530E-08
  5.801000E+03 -4.358759E-07  1.063845E-04 -3.226103E-07  1.928048E-04 -1.332628E-02  2.050962E-08  2.051174E-08
  5.802000E+03  3.149116E-07  1.067415E-04  6.256620E-07  1.921736E-04 -1.502286E-02  2.051059E-08  2.051410E-08
  5.803000E+03  4.839007E-07  1.064297E-04 -9.641560E-07  1.927439E-04 -1.861007E-02  2.051012E-08  2.051430E-08
  5.804000E+03 -3.656241E-07  1.065032E-04 -6.830683E-07  1.925814E-04 -1.184775E-02  2.050910E-08  2.051110E-08
  5.805000E+03  1.056991E-07  1.067070E-04  6.388899E-07  1.922273E-04 -1.772874E-02  2.050877E-08  2.051299E-08
  5.806000E+03  5.686350E-07  1.063462E-04 -6.160378E-07  1.928742E-04 -1.626547E-02  2.050874E-08  2.051191E-08
  5.807000E+03 -2.286656E-07  1.066514E-04 -9.473589E-07  1.923199E-04 -1.240260E-02  2.050961E-08  2.051218E-08
  5.808000E+03 -7.372129E-08  1.065856E-04  5.002261E-07  1.924578E-04 -1.927044E-02  2.050942E-08  2.051379E-08
  5.809000E+03  5.729405E-07  1.063753E-04 -2.682799E-07  1.928181E-04 -1.353771E-02  2.050920E-08  2.051149E-08
  5.810000E+03 -5.634285E-08  1.067408E-04 -1.079828E-06  1.921747E-04 -1.475774E-02  2.051065E-08  2.051420E-08
  5.811000E+03 -2.000915E-07  1.064420E-04  2.542184E-07  1.927303E-04 -1.872037E-02  2.051100E-08  2.051483E-08
  5.812000E+03  5.058470E-07  1.064991E-04  2.713617E-08  1.926014E-04 -1.194047E-02  2.051041E-08  2.051240E-08
  5.813000E+03  1.167590E-07  1.067142E-04 -1.073237E-06  1.922283E-04 -1.757281E-02  2.051031E-08  2.051469E-08
  5.814000E+03 -2.605739E-07  1.063539E-04 -4.074355E-08  1.928773E-04 -1.639362E-02  2.051050E-08  2.051338E-08
  5.815000E+03  3.860749E-07  1.066495E-04  2.316300E-07  1.923362E-04 -1.240735E-02  2.051099E-08  2.051339E-08
  5.816000E+03  2.609009E-07  1.065910E-04 -9.427856E-07  1.924560E-04 -1.922052E-02  2.051029E-08  2.051489E-08
  5.817000E+03 -2.549726E-07  1.063757E-04 -3.266458E-07  1.928226E-04 -1.362607E-02  2.050974E-08  2.051183E-08
  5.818000E+03  2.408628E-07  1.067385E-04  3.252104E-07  1.921798E-04 -1.471117E-02  2.051076E-08  2.051405E-08
  5.819000E+03  3.579069E-07  1.064421E-04 -7.286544E-07  1.927246E-04 -1.873060E-02  2.051041E-08  2.051445E-08
  5.820000E+03 -1.923714E-07  1.064966E-04 -5.614062E-07  1.926001E-04 -1.197025E-02  2.050979E-08  2.051167E-08
  5.821000E+03  1.015263E-07  1.067135E-04  3.030975E-07  1.922260E-04 -1.753750E-02  2.050997E-08  2.051405E-08
  5.822000E+03  3.972279E-07  1.063520E-04 -4.844872E-07  1.928748E-04 -1.641693E-02  2.050986E-08  2.051290E-08
  5.823000E+03 -8.882156E-08  1.066504E-04 -7.128410E-07  1.923320E-04 -1.240678E-02  2.051069E-08  2.051310E-08
  5.824000E+03 -8.360925E-09  1.065914E-04  1.797097E-07  1.924577E-04 -1.921842E-02  2.051056E-08  2.051485E-08
  5.825000E+03  3.824104E-07  1.063779E-04 -2.589356E-07  1.928259E-04 -1.358568E-02  2.051052E-08  2.051265E-08
  5.826000E+03  2.841576E-08  1.067435E-04 -7.682608E-07  1.921786E-04 -1.476738E-02  2.051159E-08  2.051498E-08
  5.827000E+03 -7.404122E-08  1.064428E-04 -2.267158E-09  1.927379E-04 -1.869340E-02  2.051197E-08  2.051573E-08
  5.828000E+03  3.248452E-07  1.065093E-04 -8.905809E-08  1.926018E-04 -1.191765E-02  2.051242E-08  2.051428E-08
  5.829000E+03  1.306653E-07  1.067182E-04 -7.292980E-07  1.922397E-04 -1.768783E-02  2.051228E-08  2.051653E-08
  5.830000E+03 -8.896120E-08  1.063535E-04 -1.914761E-07  1.928958E-04 -1.626557E-02  2.051243E-08  2.051522E-08
  5.831000E+03  2.392529E-07  1.066666E-04  1.733215E-09  1.923258E-04 -1.246606E-02  2.051315E-08  2.051551E-08
  5.832000E+03  2.013146E-07  1.065869E-04 -6.127803E-07  1.924836E-04 -1.934559E-02  2.051239E-08  2.051684E-08
  5.833000E+03 -6.111833E-08  1.063798E-04 -3.496744E-07  1.928325E-04 -1.336638E-02  2.051165E-08  2.051361E-08
  5.834000E+03  1.480720E-07  1.067522E-04  1.292471E-08  1.921667E-04 -1.494202E-02  2.051192E-08  2.051525E-08
  5.835000E+03  2.342733E-07  1.064295E-04 -4.582015E-07  1.927591E-04 -1.870484E-02  2.051167E-08  2.051552E-08
  5.836000E+03 -6.032318E-09  1.065125E-04 -4.537800E-07  1.925875E-04 -1.172697E-02  2.051155E-08  2.051334E-08
  5.837000E+03  7.870646E-08  1.067175E-04 -4.486212E-08  1.922309E-04 -1.789488E-02  2.051111E-08  2.051529E-08
  5.838000E+03  2.261352E-07  1.063419E-04 -3.166986E-07  1.929051E-04 -1.616581E-02  2.051122E-08  2.051403E-08
  5.839000E+03  6.317369E-08  1.066718E-04 -4.876852E-07  1.923056E-04 -1.239303E-02  2.051200E-08  2.051439E-08
  5.840000E+03  4.362862E-08  1.065813E-04 -1.549433E-07  1.924862E-04 -1.947619E-02  2.051153E-08  2.051589E-08
  5.841000E+03  1.873693E-07  1.063762E-04 -2.201973E-07  1.928324E-04 -1.322576E-02  2.051098E-08  2.051291E-08
  5.842000E+03  1.265754E-07  1.067556E-04 -4.575191E-07  1.921545E-04 -1.498959E-02  2.051126E-08  2.051468E-08
  5.843000E+03  4.390828E-08  1.064250E-04 -2.791269E-07  1.927679E-04 -1.870269E-02  2.051172E-08  2.051548E-08
  5.844000E+03  1.351497E-07  1.065162E-04 -1.831530E-07  1.925828E-04 -1.164887E-02  2.051179E-08  2.051353E-08
  5.845000E+03  1.623209E-07  1.067169E-04 -3.811357E-07  1.922324E-04 -1.797942E-02  2.051113E-08  2.051540E-08
  5.846000E+03  7.578797E-08  1.063430E-04 -3.719766E-07  1.929098E-04 -1.608383E-02  2.051196E-08  2.051471E-08
  5.847000E+03  8.289405E-08  1.066754E-04 -2.078766E-07  1.923052E-04 -1.241377E-02  2.051266E-08  2.051501E-08
  5.848000E+03  1.629081E-07  1.065781E-04 -2.793722E-07  1.924922E-04 -1.951052E-02  2.051155E-08  2.051595E-08
  5.849000E+03  1.256687E-07  1.063776E-04 -4.090324E-07  1.928275E-04 -1.319797E-02  2.051074E-08  2.051268E-08
  5.850000E+03  4.689502E-08  1.067531E-04 -2.795039E-07  1.921558E-04 -1.502218E-02  2.051091E-08  2.051429E-08
  5.851000E+03  1.314848E-07  1.064217E-04 -1.863552E-07  1.927643E-04 -1.869348E-02  2.051071E-08  2.051447E-08
  5.852000E+03  1.759255E-07  1.065112E-04 -3.837623E-07  1.925734E-04 -1.170080E-02  2.050983E-08  2.051162E-08
  5.853000E+03  4.299989E-08  1.067086E-04 -3.749773E-07  1.922296E-04 -1.791284E-02  2.050927E-08  2.051348E-08
  5.854000E+03  7.671482E-08  1.063433E-04 -1.393111E-07  1.928898E-04 -1.611898E-02  2.050987E-08  2.051260E-08
  5.855000E+03  2.122616E-07  1.066634E-04 -3.028167E-07  1.923056E-04 -1.246149E-02  2.051038E-08  2.051277E-08
  5.856000E+03  7.561911E-08  1.065743E-04 -4.695143E-07  1.924805E-04 -1.934724E-02  2.050964E-08  2.051400E-08
  5.857000E+03  1.526730E-08  1.063825E-04 -1.588639E-07  1.928064E-04 -1.335235E-02  2.050940E-08  2.051134E-08
  5.858000E+03  2.204687E-07  1.067384E-04 -1.885638E-07  1.921725E-04 -1.499485E-02  2.050989E-08  2.051324E-08
  5.859000E+03  1.387954E-07  1.064294E-04 -5.310419E-07  1.927446E-04 -1.851579E-02  2.051019E-08  2.051396E-08
  5.860000E+03 -3.433437E-08  1.065147E-04 -2.466988E-07  1.925665E-04 -1.199165E-02  2.050969E-08  2.051151E-08
  5.861000E+03  1.913846E-07  1.066935E-04 -7.063084E-08  1.922555E-04 -1.772753E-02  2.050919E-08  2.051328E-08
  5.862000E+03  2.167421E-07  1.063619E-04 -5.302793E-07  1.928591E-04 -1.603194E-02  2.051023E-08  2.051306E-08
  5.863000E+03 -5.750056E-08  1.066572E-04 -3.824471E-07  1.923201E-04 -1.280952E-02  2.051064E-08  2.051308E-08
  5.864000E+03  1.280858E-07  1.065652E-04  2.023755E-08  1.924984E-04 -1.897758E-02  2.050993E-08  2.051407E-08
  5.865000E+03  2.879499E-07  1.064067E-04 -4.577587E-07  1.927704E-04 -1.347874E-02  2.051019E-08  2.051232E-08
  5.866000E+03 -4.229276E-08  1.067224E-04 -5.326421E-07  1.922099E-04 -1.523319E-02  2.051073E-08  2.051411E-08
  5.867000E+03  3.992749E-08  1.064328E-04  5.396109E-08  1.927416E-04 -1.809998E-02  2.051068E-08  2.051420E-08
  5.868000E+03  3.358583E-07  1.065332E-04 -3.198524E-07  1.925415E-04 -1.234130E-02  2.051050E-08  2.051256E-08
  5.869000E+03  1.477652E-08  1.066729E-04 -6.674095E-07  1.923015E-04 -1.771457E-02  2.051015E-08  2.051424E-08
  5.870000E+03 -5.595869E-08  1.063780E-04  1.138739E-08  1.928335E-04 -1.573730E-02  2.051070E-08  2.051333E-08
  5.871000E+03  3.474086E-07  1.066602E-04 -1.406613E-07  1.923185E-04 -1.326066E-02  2.051093E-08  2.051356E-08
  5.872000E+03  1.060764E-07  1.065478E-04 -7.557202E-07  1.925327E-04 -1.867661E-02  2.051035E-08  2.051449E-08
  5.873000E+03 -1.346828E-07  1.064331E-04 -1.104789E-07  1.927291E-04 -1.343742E-02  2.051090E-08  2.051294E-08
  5.874000E+03  3.096762E-07  1.067071E-04  4.044641E-08  1.922404E-04 -1.562028E-02  2.051092E-08  2.051437E-08
  5.875000E+03  2.193167E-07  1.064304E-04 -7.634524E-07  1.927501E-04 -1.757407E-02  2.051131E-08  2.051484E-08
  5.876000E+03 -1.790543E-07  1.065602E-04 -2.999791E-07  1.925037E-04 -1.266609E-02  2.051160E-08  2.051372E-08
  5.877000E+03  2.237162E-07  1.066444E-04  1.890950E-07  1.923598E-04 -1.780760E-02  2.051085E-08  2.051480E-08
  5.878000E+03  3.336214E-07  1.063964E-04 -6.776418E-07  1.928066E-04 -1.522989E-02  2.051156E-08  2.051427E-08
  5.879000E+03 -1.791710E-07  1.066732E-04 -5.234184E-07  1.923069E-04 -1.387047E-02  2.051203E-08  2.051485E-08
  5.880000E+03  1.041762E-07  1.065195E-04  2.753764E-07  1.925921E-04 -1.836650E-02  2.051136E-08  2.051517E-08
  5.881000E+03  4.222537E-07  1.064666E-04 -5.076844E-07  1.926764E-04 -1.321982E-02  2.051180E-08  2.051405E-08
  5.882000E+03 -1.257478E-07  1.066971E-04 -7.351970E-07  1.922675E-04 -1.622818E-02  2.051169E-08  2.051537E-08
  5.883000E+03 -3.134542E-08  1.064182E-04  2.684649E-07  1.927783E-04 -1.697585E-02  2.051215E-08  2.051527E-08
  5.884000E+03  4.672103E-07  1.065934E-04 -2.750342E-07  1.924530E-04 -1.286454E-02  2.051253E-08  2.051495E-08
  5.885000E+03 -2.128104E-08  1.066180E-04 -8.983122E-07  1.924143E-04 -1.811320E-02  2.051146E-08  2.051561E-08
  5.886000E+03 -1.595725E-07  1.064063E-04  1.564864E-07  1.927926E-04 -1.464663E-02  2.051215E-08  2.051450E-08
  5.887000E+03  4.582408E-07  1.066893E-04 -1.782881E-08  1.922841E-04 -1.438038E-02  2.051253E-08  2.051563E-08
  5.888000E+03  1.186297E-07  1.064919E-04 -9.814897E-07  1.926454E-04 -1.821741E-02  2.051178E-08  2.051572E-08
  5.889000E+03 -2.533048E-07  1.064929E-04 -4.963459E-08  1.926310E-04 -1.295416E-02  2.051212E-08  2.051417E-08
  5.890000E+03  3.884364E-07  1.066864E-04  2.157152E-07  1.922872E-04 -1.673899E-02  2.051156E-08  2.051537E-08
  5.891000E+03  2.740928E-07  1.064090E-04 -9.569001E-07  1.927974E-04 -1.646382E-02  2.051260E-08  2.051582E-08
  5.892000E+03 -2.956922E-07  1.066186E-04 -3.231300E-07  1.924092E-04 -1.308929E-02  2.051264E-08  2.051508E-08
  5.893000E+03  2.644514E-07  1.065876E-04  3.878570E-07  1.924650E-04 -1.826050E-02  2.051097E-08  2.051499E-08
  5.894000E+03  4.170475E-07  1.064218E-04 -8.173554E-07  1.927612E-04 -1.416082E-02  2.051193E-08  2.051448E-08
  5.895000E+03 -2.771169E-07  1.066950E-04 -6.160503E-07  1.922730E-04 -1.492866E-02  2.051229E-08  2.051556E-08
  5.896000E+03  1.055901E-07  1.064621E-04  4.658922E-07  1.926907E-04 -1.789816E-02  2.051096E-08  2.051453E-08
  5.897000E+03  5.188986E-07  1.065209E-04 -5.800210E-07  1.925692E-04 -1.283260E-02  2.051095E-08  2.051332E-08
  5.898000E+03 -1.955960E-07  1.066671E-04 -8.739050E-07  1.923151E-04 -1.722091E-02  2.051065E-08  2.051466E-08
  5.899000E+03 -6.391856E-08  1.063976E-04  4.285017E-07  1.928037E-04 -1.589157E-02  2.051127E-08  2.051402E-08
  5.900000E+03  5.609958E-07  1.066406E-04 -2.788505E-07  1.923564E-04 -1.338216E-02  2.051117E-08  2.051396E-08
  5.901000E+03 -6.024416E-08  1.065569E-04 -1.053662E-06  1.925114E-04 -1.837932E-02  2.050994E-08  2.051413E-08
  5.902000E+03 -2.143163E-07  1.064361E-04  2.720874E-07  1.927270E-04 -1.370466E-02  2.051119E-08  2.051335E-08
  5.903000E+03  5.333796E-07  1.066972E-04  3.513282E-08  1.922623E-04 -1.545573E-02  2.051140E-08  2.051494E-08
  5.904000E+03  1.110849E-07  1.064392E-04 -1.122993E-06  1.927258E-04 -1.758571E-02  2.051040E-08  2.051411E-08
  5.905000E+03 -3.185688E-07  1.065494E-04  1.210091E-08  1.925140E-04 -1.281526E-02  2.051057E-08  2.051275E-08
  5.906000E+03  4.377821E-07  1.066431E-04  3.078168E-07  1.923531E-04 -1.760333E-02  2.050994E-08  2.051398E-08
  5.907000E+03  2.914477E-07  1.063971E-04 -1.065889E-06  1.927945E-04 -1.535028E-02  2.051036E-08  2.051329E-08
  5.908000E+03 -3.601670E-07  1.066595E-04 -3.106542E-07  1.923137E-04 -1.385492E-02  2.051011E-08  2.051293E-08
  5.909000E+03  2.902279E-07  1.065186E-04  4.953819E-07  1.925702E-04 -1.827760E-02  2.050888E-08  2.051278E-08
  5.910000E+03  4.490935E-07  1.064616E-04 -8.908305E-07  1.926687E-04 -1.331639E-02  2.051000E-08  2.051244E-08
  5.911000E+03 -3.288054E-07  1.066903E-04 -6.415074E-07  1.922655E-04 -1.614482E-02  2.051019E-08  2.051388E-08
  5.912000E+03  1.099503E-07  1.064109E-04  5.638305E-07  1.927642E-04 -1.699977E-02  2.050925E-08  2.051245E-08
  5.913000E+03  5.570314E-07  1.065894E-04 -6.159979E-07  1.924375E-04 -1.288402E-02  2.051009E-08  2.051269E-08
  5.914000E+03 -2.267265E-07  1.066128E-04 -9.260639E-07  1.924075E-04 -1.811107E-02  2.050973E-08  2.051394E-08
  5.915000E+03 -7.584567E-08  1.063959E-04  4.979636E-07  1.927900E-04 -1.457728E-02  2.050988E-08  2.051226E-08
  5.916000E+03  5.991031E-07  1.066936E-04 -2.829593E-07  1.922582E-04 -1.441622E-02  2.051059E-08  2.051389E-08
  5.917000E+03 -7.388029E-08  1.064785E-04 -1.118364E-06  1.926506E-04 -1.832145E-02  2.050971E-08  2.051374E-08
  5.918000E+03 -2.326339E-07  1.064908E-04  3.119392E-07  1.926223E-04 -1.270620E-02  2.051085E-08  2.051285E-08
  5.919000E+03  5.659855E-07  1.066986E-04  4.748105E-08  1.922603E-04 -1.698534E-02  2.051096E-08  2.051504E-08
  5.920000E+03  1.073309E-07  1.063788E-04 -1.184051E-06  1.928312E-04 -1.647418E-02  2.051037E-08  2.051364E-08
  5.921000E+03 -3.353868E-07  1.066366E-04  3.154862E-08  1.923641E-04 -1.277717E-02  2.051138E-08  2.051379E-08
  5.922000E+03  4.604684E-07  1.065869E-04  3.243733E-07  1.924614E-04 -1.880707E-02  2.051024E-08  2.051458E-08
  5.923000E+03  2.923351E-07  1.063912E-04 -1.110891E-06  1.928031E-04 -1.370904E-02  2.051064E-08  2.051309E-08
  5.924000E+03 -3.723698E-07  1.067345E-04 -3.036051E-07  1.921953E-04 -1.495268E-02  2.051158E-08  2.051498E-08
  5.925000E+03  3.018192E-07  1.064311E-04  5.109003E-07  1.927415E-04 -1.844220E-02  2.051020E-08  2.051401E-08
  5.926000E+03  4.497876E-07  1.065206E-04 -9.139969E-07  1.925687E-04 -1.198715E-02  2.051105E-08  2.051327E-08
  5.927000E+03 -3.371729E-07  1.067076E-04 -6.368413E-07  1.922502E-04 -1.790415E-02  2.051126E-08  2.051562E-08
  5.928000E+03  1.157659E-07  1.063381E-04  5.760067E-07  1.929058E-04 -1.589846E-02  2.051064E-08  2.051339E-08
  5.929000E+03  5.539539E-07  1.066862E-04 -6.251549E-07  1.922752E-04 -1.262936E-02  2.051147E-08  2.051429E-08
  5.930000E+03 -2.346438E-07  1.065609E-04 -9.143464E-07  1.925140E-04 -1.958909E-02  2.051053E-08  2.051516E-08
  5.931000E+03 -6.757443E-08  1.063806E-04  5.074916E-07  1.928240E-04 -1.275725E-02  2.051106E-08  2.051290E-08
  5.932000E+03  5.900291E-07  1.067813E-04 -2.926016E-07  1.921198E-04 -1.546508E-02  2.051235E-08  2.051627E-08
  5.933000E+03 -8.169984E-08  1.063861E-04 -1.094991E-06  1.928335E-04 -1.870296E-02  2.051121E-08  2.051523E-08
  5.934000E+03 -2.183370E-07  1.065468E-04  3.169384E-07  1.925315E-04 -1.113258E-02  2.051234E-08  2.051407E-08
  5.935000E+03  5.527315E-07  1.067275E-04  2.906462E-08  1.922301E-04 -1.881194E-02  2.051262E-08  2.051744E-08
  5.936000E+03  9.884591E-08  1.062992E-04 -1.152025E-06  1.929896E-04 -1.549876E-02  2.051218E-08  2.051504E-08
  5.937000E+03 -3.157777E-07  1.067322E-04  3.402500E-08  1.922027E-04 -1.232910E-02  2.051266E-08  2.051526E-08
  5.938000E+03  4.513492E-07  1.065426E-04  2.925922E-07  1.925572E-04 -2.036501E-02  2.051130E-08  2.051613E-08
  5.939000E+03  2.761453E-07  1.063699E-04 -1.081404E-06  1.928497E-04 -1.195781E-02  2.051193E-08  2.051387E-08
  5.940000E+03 -3.468933E-07  1.068193E-04 -2.902855E-07  1.920574E-04 -1.584001E-02  2.051287E-08  2.051685E-08
  5.941000E+03  3.042537E-07  1.063440E-04  4.593284E-07  1.929113E-04 -1.889492E-02  2.051129E-08  2.051515E-08
  5.942000E+03  4.202182E-07  1.065693E-04 -8.974714E-07  1.924885E-04 -1.044784E-02  2.051226E-08  2.051420E-08
  5.943000E+03 -3.090188E-07  1.067344E-04 -5.992855E-07  1.922170E-04 -1.958013E-02  2.051224E-08  2.051729E-08
  5.944000E+03  1.332360E-07  1.062614E-04  5.083750E-07  1.930500E-04 -1.504189E-02  2.051144E-08  2.051385E-08
  5.945000E+03  5.112947E-07  1.067728E-04 -6.286088E-07  1.921229E-04 -1.217471E-02  2.051199E-08  2.051497E-08
  5.946000E+03 -2.129966E-07  1.065179E-04 -8.465093E-07  1.926003E-04 -2.101944E-02  2.051085E-08  2.051593E-08
  5.947000E+03 -3.151870E-08  1.063585E-04  4.392050E-07  1.928596E-04 -1.118861E-02  2.051098E-08  2.051239E-08
  5.948000E+03  5.377418E-07  1.068516E-04 -3.254687E-07  1.919902E-04 -1.628010E-02  2.051174E-08  2.051619E-08
  5.949000E+03 -7.623201E-08  1.063028E-04 -9.966792E-07  1.929792E-04 -1.905351E-02  2.051051E-08  2.051453E-08
  5.950000E+03 -1.634077E-07  1.065883E-04  2.667041E-07  1.924441E-04 -9.823552E-03  2.051129E-08  2.051282E-08
  5.951000E+03  4.988863E-07  1.067377E-04 -3.958847E-08  1.921996E-04 -2.031787E-02  2.051072E-08  2.051614E-08
  5.952000E+03  8.134801E-08  1.062276E-04 -1.034134E-06  1.930972E-04 -1.464360E-02  2.051005E-08  2.051254E-08
  5.953000E+03 -2.467315E-07  1.068059E-04  1.853802E-08  1.920510E-04 -1.205694E-02  2.051069E-08  2.051349E-08
  5.954000E+03  4.086394E-07  1.064917E-04  1.883176E-07  1.926373E-04 -2.155029E-02  2.050952E-08  2.051471E-08
  5.955000E+03  2.322963E-07  1.063521E-04 -9.663190E-07  1.928544E-04 -1.055883E-02  2.050934E-08  2.051086E-08
  5.956000E+03 -2.714915E-07  1.068730E-04 -2.588180E-07  1.919397E-04 -1.668093E-02  2.051033E-08  2.051482E-08
  5.957000E+03  2.835418E-07  1.062657E-04  3.267897E-07  1.930365E-04 -1.903890E-02  2.050943E-08  2.051326E-08
  5.958000E+03  3.509227E-07  1.066104E-04 -8.070856E-07  1.923909E-04 -9.412159E-03  2.050996E-08  2.051173E-08
  5.959000E+03 -2.351844E-07  1.067318E-04 -5.169288E-07  1.922017E-04 -2.092445E-02  2.050955E-08  2.051511E-08
  5.960000E+03  1.428960E-07  1.062027E-04  3.570377E-07  1.931308E-04 -1.413421E-02  2.050896E-08  2.051106E-08
  5.961000E+03  4.231611E-07  1.068429E-04 -5.840542E-07  1.919805E-04 -1.215118E-02  2.051024E-08  2.051344E-08
  5.962000E+03 -1.534859E-07  1.064622E-04 -7.170035E-07  1.926916E-04 -2.197607E-02  2.050941E-08  2.051474E-08
  5.963000E+03  1.372123E-08  1.063553E-04  2.902648E-07  1.928453E-04 -9.850749E-03  2.050912E-08  2.051022E-08
  5.964000E+03  4.418806E-07  1.069010E-04 -3.449281E-07  1.918921E-04 -1.728209E-02  2.051038E-08  2.051534E-08
  5.965000E+03 -4.449936E-08  1.062263E-04 -8.320656E-07  1.931105E-04 -1.898966E-02  2.050971E-08  2.051360E-08
  5.966000E+03 -8.299105E-08  1.066392E-04  1.467614E-07  1.923387E-04 -8.900784E-03  2.051003E-08  2.051151E-08
  5.967000E+03  4.084958E-07  1.067321E-04 -1.317742E-07  1.922024E-04 -2.171092E-02  2.050933E-08  2.051526E-08
  5.968000E+03  7.497924E-08  1.061756E-04 -8.527906E-07  1.931803E-04 -1.359389E-02  2.050914E-08  2.051125E-08
  5.969000E+03 -1.383379E-07  1.068825E-04 -4.703701E-08  1.919118E-04 -1.215116E-02  2.051049E-08  2.051364E-08
  5.970000E+03  3.348695E-07  1.064338E-04  2.945821E-08  1.927439E-04 -2.249523E-02  2.050928E-08  2.051473E-08
  5.971000E+03  1.847116E-07  1.063579E-04 -7.878069E-07  1.928391E-04 -9.139729E-03  2.050911E-08  2.051024E-08
  5.972000E+03 -1.508220E-07  1.069265E-04 -2.526322E-07  1.918501E-04 -1.780315E-02  2.051061E-08  2.051571E-08
  5.973000E+03  2.393104E-07  1.061877E-04  1.226609E-07  1.931818E-04 -1.890786E-02  2.050986E-08  2.051359E-08
  5.974000E+03  2.665622E-07  1.066697E-04 -6.598623E-07  1.922824E-04 -8.458327E-03  2.050998E-08  2.051165E-08
  5.975000E+03 -1.248423E-07  1.067298E-04 -4.313934E-07  1.922130E-04 -2.242530E-02  2.050970E-08  2.051585E-08
  5.976000E+03  1.417428E-07  1.061508E-04  1.420935E-07  1.932290E-04 -1.298580E-02  2.050968E-08  2.051145E-08
  5.977000E+03  3.102373E-07  1.069272E-04 -5.005088E-07  1.918398E-04 -1.223494E-02  2.051136E-08  2.051487E-08
  5.978000E+03 -7.026870E-08  1.064073E-04 -5.560862E-07  1.928063E-04 -2.301694E-02  2.051055E-08  2.051619E-08
  5.979000E+03  6.047062E-08  1.063631E-04  9.387981E-08  1.928443E-04 -8.320705E-03  2.051080E-08  2.051160E-08
  5.980000E+03  3.133178E-07  1.069622E-04 -3.437984E-07  1.918039E-04 -1.841154E-02  2.051228E-08  2.051784E-08
  5.981000E+03  1.786447E-09  1.061508E-04 -6.139804E-07  1.932657E-04 -1.893438E-02  2.051162E-08  2.051542E-08
  5.982000E+03  5.251062E-09  1.067016E-04 -7.273482E-09  1.922398E-04 -7.878119E-03  2.051166E-08  2.051315E-08
  5.983000E+03  2.866288E-07  1.067366E-04 -2.166037E-07  1.922180E-04 -2.321392E-02  2.051117E-08  2.051772E-08
  5.984000E+03  7.532225E-08  1.061256E-04 -6.147260E-07  1.932868E-04 -1.251036E-02  2.051107E-08  2.051281E-08
  5.985000E+03 -2.027683E-08  1.069660E-04 -1.326963E-07  1.917794E-04 -1.217955E-02  2.051236E-08  2.051590E-08
  5.986000E+03  2.424109E-07  1.063858E-04 -1.348527E-07  1.928564E-04 -2.351615E-02  2.051151E-08  2.051733E-08
  5.987000E+03  1.346842E-07  1.063626E-04 -5.709906E-07  1.928483E-04 -7.678493E-03  2.051124E-08  2.051203E-08
  5.988000E+03 -1.736333E-08  1.069838E-04 -2.508762E-07  1.917662E-04 -1.880679E-02  2.051225E-08  2.051797E-08
  5.989000E+03  1.898900E-07  1.061209E-04 -1.027419E-07  1.933213E-04 -1.891639E-02  2.051177E-08  2.051551E-08
  5.990000E+03  1.713929E-07  1.067215E-04 -4.947112E-07  1.922018E-04 -7.477869E-03  2.051150E-08  2.051309E-08
  5.991000E+03  5.110996E-09  1.067346E-04 -3.388389E-07  1.922225E-04 -2.371230E-02  2.051103E-08  2.051776E-08
  5.992000E+03  1.426175E-07  1.061069E-04 -1.126605E-07  1.933165E-04 -1.213667E-02  2.051070E-08  2.051228E-08
  5.993000E+03  1.820455E-07  1.069923E-04 -4.099381E-07  1.917312E-04 -1.219406E-02  2.051224E-08  2.051600E-08
  5.994000E+03  3.354139E-08  1.063675E-04 -3.801362E-07  1.928939E-04 -2.382202E-02  2.051183E-08  2.051775E-08
  5.995000E+03  1.123395E-07  1.063651E-04 -1.464600E-07  1.928443E-04 -7.218560E-03  2.051137E-08  2.051200E-08
  5.996000E+03  1.712474E-07  1.069983E-04 -3.429560E-07  1.917379E-04 -1.918983E-02  2.051185E-08  2.051784E-08
  5.997000E+03  6.101012E-08  1.060976E-04 -3.787944E-07  1.933632E-04 -1.885615E-02  2.051172E-08  2.051546E-08
  5.998000E+03  1.033331E-07  1.067403E-04 -1.936919E-07  1.921664E-04 -7.225943E-03  2.051136E-08  2.051291E-08
  5.999000E+03  1.508055E-07  1.067281E-04 -3.106286E-07  1.922304E-04 -2.415386E-02  2.051041E-08  2.051735E-08
  6.000000E+03  7.902381E-08  1.060948E-04 -3.517876E-07  1.933308E-04 -1.181556E-02  2.050996E-08  2.051148E-08
  6.001000E+03  1.126757E-07  1.070082E-04 -2.356431E-07  1.916945E-04 -1.227879E-02  2.051133E-08  2.051516E-08
  6.002000E+03  1.326028E-07  1.063464E-04 -3.157944E-07  1.929213E-04 -2.398485E-02  2.051058E-08  2.051657E-08
  6.003000E+03  8.228755E-08  1.063684E-04 -3.185416E-07  1.928206E-04 -6.933555E-03  2.050953E-08  2.051014E-08
  6.004000E+03  1.311154E-07  1.069956E-04 -2.552995E-07  1.917247E-04 -1.946290E-02  2.050982E-08  2.051591E-08
  6.005000E+03  1.241453E-07  1.060796E-04 -3.457650E-07  1.933771E-04 -1.866853E-02  2.050978E-08  2.051347E-08
  6.006000E+03  7.126275E-08  1.067524E-04 -2.940666E-07  1.921250E-04 -7.224823E-03  2.050928E-08  2.051091E-08
  6.007000E+03  1.453141E-07  1.067102E-04 -2.439617E-07  1.922478E-04 -2.433156E-02  2.050873E-08  2.051569E-08
  6.008000E+03  1.330305E-07  1.060937E-04 -3.799269E-07  1.933182E-04 -1.148928E-02  2.050849E-08  2.050995E-08
  6.009000E+03  4.791529E-08  1.070173E-04 -2.946344E-07  1.916672E-04 -1.257030E-02  2.051008E-08  2.051406E-08
  6.010000E+03  1.460374E-07  1.063247E-04 -1.988264E-07  1.929527E-04 -2.390939E-02  2.050978E-08  2.051571E-08
  6.011000E+03  1.608251E-07  1.063829E-04 -4.013498E-07  1.927860E-04 -6.736017E-03  2.050867E-08  2.050931E-08
  6.012000E+03  2.278383E-08  1.069920E-04 -3.308955E-07  1.917273E-04 -1.984326E-02  2.050926E-08  2.051549E-08
  6.013000E+03  1.293773E-07  1.060668E-04 -1.376886E-07  1.933970E-04 -1.835661E-02  2.050955E-08  2.051311E-08
  6.014000E+03  2.020551E-07  1.067735E-04 -3.984511E-07  1.920860E-04 -7.303774E-03  2.050915E-08  2.051093E-08
  6.015000E+03  9.863103E-09  1.066926E-04 -4.022198E-07  1.922798E-04 -2.456415E-02  2.050863E-08  2.051567E-08
  6.016000E+03  9.231236E-08  1.060995E-04 -8.574016E-08  1.933086E-04 -1.110636E-02  2.050868E-08  2.051000E-08
  6.017000E+03  2.467449E-07  1.070282E-04 -3.581412E-07  1.916492E-04 -1.292188E-02  2.051016E-08  2.051435E-08
  6.018000E+03  1.963494E-08  1.063032E-04 -4.966452E-07  1.929919E-04 -2.377801E-02  2.050986E-08  2.051575E-08
  6.019000E+03  3.808477E-08  1.064036E-04 -6.581226E-08  1.927478E-04 -6.564139E-03  2.050863E-08  2.050921E-08
  6.020000E+03  2.795159E-07  1.069839E-04 -2.756898E-07  1.917444E-04 -2.022310E-02  2.050938E-08  2.051578E-08
  6.021000E+03  5.639255E-08  1.060589E-04 -5.871898E-07  1.934135E-04 -1.794658E-02  2.050991E-08  2.051340E-08
  6.022000E+03 -2.394200E-08  1.067973E-04 -9.304076E-08  1.920483E-04 -7.487196E-03  2.050966E-08  2.051149E-08
  6.023000E+03  2.853612E-07  1.066729E-04 -1.586041E-07  1.923247E-04 -2.470966E-02  2.050958E-08  2.051665E-08
  6.024000E+03  1.195297E-07  1.061121E-04 -6.440708E-07  1.932960E-04 -1.068094E-02  2.050988E-08  2.051121E-08
  6.025000E+03 -8.342397E-08  1.070408E-04 -1.736865E-07  1.916364E-04 -1.338629E-02  2.051108E-08  2.051538E-08
  6.026000E+03  2.588058E-07  1.062819E-04 -2.317035E-08  1.930394E-04 -2.358592E-02  2.051088E-08  2.051666E-08
  6.027000E+03  2.008875E-07  1.064297E-04 -6.507084E-07  1.927097E-04 -6.376348E-03  2.050962E-08  2.051037E-08
  6.028000E+03 -1.234132E-07  1.069769E-04 -3.039950E-07  1.917645E-04 -2.070672E-02  2.050997E-08  2.051647E-08
  6.029000E+03  1.989931E-07  1.060495E-04  9.808597E-08  1.934359E-04 -1.749101E-02  2.051065E-08  2.051393E-08
  6.030000E+03  2.869547E-07  1.068242E-04 -5.957016E-07  1.920083E-04 -7.649413E-03  2.051053E-08  2.051266E-08
  6.031000E+03 -1.258655E-07  1.066525E-04 -4.705344E-07  1.923703E-04 -2.493557E-02  2.051040E-08  2.051751E-08
  6.032000E+03  1.097337E-07  1.061227E-04  1.671367E-07  1.932837E-04 -1.023819E-02  2.051070E-08  2.051183E-08
  6.033000E+03  3.626083E-07  1.070519E-04 -4.756152E-07  1.916255E-04 -1.377623E-02  2.051192E-08  2.051655E-08
  6.034000E+03 -8.587468E-08  1.062664E-04 -6.472634E-07  1.930792E-04 -2.342881E-02  2.051221E-08  2.051796E-08
  6.035000E+03  3.860016E-09  1.064522E-04  1.651496E-07  1.926812E-04 -6.239019E-03  2.051093E-08  2.051155E-08
  6.036000E+03  4.085892E-07  1.069691E-04 -3.016790E-07  1.917921E-04 -2.099489E-02  2.051131E-08  2.051800E-08
  6.037000E+03 -5.418957E-09  1.060525E-04 -7.950970E-07  1.934438E-04 -1.715976E-02  2.051217E-08  2.051547E-08
  6.038000E+03 -1.020808E-07  1.068429E-04  8.408163E-08  1.919926E-04 -7.862395E-03  2.051242E-08  2.051448E-08
  6.039000E+03  4.064567E-07  1.066371E-04 -9.297615E-08  1.924170E-04 -2.490026E-02  2.051243E-08  2.051954E-08
  6.040000E+03  1.069935E-07  1.061427E-04 -8.718491E-07  1.932622E-04 -1.001908E-02  2.051233E-08  2.051360E-08
  6.041000E+03 -1.903626E-07  1.070525E-04 -7.218996E-08  1.916368E-04 -1.417579E-02  2.051314E-08  2.051772E-08
  6.042000E+03  3.538963E-07  1.062555E-04  1.174959E-07  1.931106E-04 -2.307371E-02  2.051361E-08  2.051919E-08
  6.043000E+03  2.355545E-07  1.064763E-04 -8.616141E-07  1.926447E-04 -6.325201E-03  2.051167E-08  2.051259E-08
  6.044000E+03 -2.415854E-07  1.069498E-04 -2.867179E-07  1.918276E-04 -2.126937E-02  2.051130E-08  2.051791E-08
  6.045000E+03  2.555937E-07  1.060562E-04  2.884273E-07  1.934356E-04 -1.671967E-02  2.051218E-08  2.051523E-08
  6.046000E+03  3.608111E-07  1.068537E-04 -7.595514E-07  1.919692E-04 -8.229919E-03  2.051192E-08  2.051436E-08
  6.047000E+03 -2.377735E-07  1.066097E-04 -5.344018E-07  1.924547E-04 -2.481092E-02  2.051123E-08  2.051820E-08
  6.048000E+03  1.238461E-07  1.061604E-04  3.758141E-07  1.932151E-04 -9.814796E-03  2.051079E-08  2.051184E-08
  6.049000E+03  4.606580E-07  1.070375E-04 -5.737950E-07  1.916471E-04 -1.458581E-02  2.051126E-08  2.051614E-08
  6.050000E+03 -1.761068E-07  1.062410E-04 -7.740448E-07  1.931168E-04 -2.263426E-02  2.051167E-08  2.051712E-08
  6.051000E+03 -2.087748E-08  1.064958E-04  3.594066E-07  1.925910E-04 -6.553854E-03  2.050968E-08  2.051046E-08
  6.052000E+03  5.123746E-07  1.069175E-04 -3.280166E-07  1.918707E-04 -2.137020E-02  2.050966E-08  2.051637E-08
  6.053000E+03 -6.229682E-08  1.060690E-04 -9.571050E-07  1.933985E-04 -1.626473E-02  2.051086E-08  2.051391E-08
  6.054000E+03 -1.580297E-07  1.068576E-04  2.355824E-07  1.919515E-04 -8.796436E-03  2.051067E-08  2.051300E-08
  6.055000E+03  5.007713E-07  1.065799E-04 -5.146201E-08  1.924993E-04 -2.444867E-02  2.051043E-08  2.051724E-08
  6.056000E+03  8.899695E-08  1.061928E-04 -1.043326E-06  1.931504E-04 -9.716429E-03  2.051022E-08  2.051150E-08
  6.057000E+03 -2.668038E-07  1.070173E-04  1.802991E-08  1.916801E-04 -1.512706E-02  2.051074E-08  2.051546E-08
  6.058000E+03  4.265440E-07  1.062310E-04  2.146801E-07  1.931278E-04 -2.196780E-02  2.051121E-08  2.051634E-08
  6.059000E+03  2.553404E-07  1.065276E-04 -1.017920E-06  1.925307E-04 -6.945766E-03  2.050934E-08  2.051055E-08
  6.060000E+03 -3.246807E-07  1.068787E-04 -2.655917E-07  1.919357E-04 -2.155138E-02  2.050906E-08  2.051551E-08
  6.061000E+03  2.973911E-07  1.060862E-04  4.208318E-07  1.933604E-04 -1.562416E-02  2.051036E-08  2.051305E-08
  6.062000E+03  4.103515E-07  1.068678E-04 -8.769490E-07  1.919271E-04 -9.547722E-03  2.050990E-08  2.051275E-08
  6.063000E+03 -3.133504E-07  1.065386E-04 -5.768728E-07  1.925604E-04 -2.409227E-02  2.050916E-08  2.051566E-08
  6.064000E+03  1.317055E-07  1.062286E-04  5.179472E-07  1.930715E-04 -9.476328E-03  2.050880E-08  2.050981E-08
  6.065000E+03  5.272526E-07  1.069955E-04 -6.371034E-07  1.917086E-04 -1.582573E-02  2.050939E-08  2.051452E-08
  6.066000E+03 -2.321253E-07  1.062134E-04 -8.639448E-07  1.931435E-04 -2.122574E-02  2.050981E-08  2.051468E-08
  6.067000E+03 -4.289495E-08  1.065626E-04  4.848007E-07  1.924572E-04 -7.290147E-03  2.050820E-08  2.050927E-08
  6.068000E+03  5.815375E-07  1.068375E-04 -3.347496E-07  1.920054E-04 -2.176602E-02  2.050852E-08  2.051510E-08
  6.069000E+03 -9.169027E-08  1.061046E-04 -1.071194E-06  1.933208E-04 -1.493583E-02  2.050995E-08  2.051260E-08
  6.070000E+03 -2.007096E-07  1.068802E-04  3.237853E-07  1.919044E-04 -1.030426E-02  2.050969E-08  2.051246E-08
  6.071000E+03  5.595589E-07  1.065026E-04 -1.032080E-08  1.926283E-04 -2.368350E-02  2.050967E-08  2.051598E-08
  6.072000E+03  8.754273E-08  1.062712E-04 -1.157239E-06  1.930002E-04 -9.256788E-03  2.050949E-08  2.051076E-08
  6.073000E+03 -3.187045E-07  1.069785E-04  5.823539E-08  1.917477E-04 -1.655239E-02  2.051007E-08  2.051507E-08
  6.074000E+03  4.651527E-07  1.062031E-04  2.883790E-07  1.931709E-04 -2.043134E-02  2.051108E-08  2.051558E-08
  6.075000E+03  2.768051E-07  1.066064E-04 -1.108871E-06  1.923945E-04 -7.660019E-03  2.050987E-08  2.051145E-08
  6.076000E+03 -3.740802E-07  1.068001E-04 -2.720049E-07  1.920858E-04 -2.206646E-02  2.050978E-08  2.051613E-08
  6.077000E+03  3.125106E-07  1.061267E-04  5.065486E-07  1.932923E-04 -1.418918E-02  2.051141E-08  2.051366E-08
  6.078000E+03  4.455979E-07  1.068999E-04 -9.318879E-07  1.918852E-04 -1.108601E-02  2.051124E-08  2.051461E-08
  6.079000E+03 -3.517175E-07  1.064657E-04 -6.181780E-07  1.927064E-04 -2.334487E-02  2.051104E-08  2.051705E-08
  6.080000E+03  1.251604E-07  1.063140E-04  5.976860E-07  1.929310E-04 -8.983118E-03  2.051044E-08  2.051142E-08
  6.081000E+03  5.669371E-07  1.069622E-04 -6.528721E-07  1.917871E-04 -1.727865E-02  2.051091E-08  2.051637E-08
  6.082000E+03 -2.534867E-07  1.061923E-04 -9.261706E-07  1.931980E-04 -1.966474E-02  2.051218E-08  2.051644E-08
  6.083000E+03 -6.589219E-08  1.066469E-04  5.431281E-07  1.923340E-04 -7.998908E-03  2.051116E-08  2.051258E-08
  6.084000E+03  6.160566E-07  1.067638E-04 -3.146277E-07  1.921651E-04 -2.228763E-02  2.051119E-08  2.051770E-08
  6.085000E+03 -9.562787E-08  1.061504E-04 -1.135862E-06  1.932603E-04 -1.351595E-02  2.051279E-08  2.051504E-08
  6.086000E+03 -2.305008E-07  1.069148E-04  3.529311E-07  1.918762E-04 -1.179615E-02  2.051299E-08  2.051623E-08
  6.087000E+03  5.819117E-07  1.064370E-04  3.184493E-08  1.927754E-04 -2.296332E-02  2.051303E-08  2.051889E-08
  6.088000E+03  9.779692E-08  1.063563E-04 -1.208332E-06  1.928703E-04 -8.825532E-03  2.051218E-08  2.051346E-08
  6.089000E+03 -3.456838E-07  1.069452E-04  5.760480E-08  1.918351E-04 -1.788292E-02  2.051256E-08  2.051783E-08
  6.090000E+03  4.722271E-07  1.061899E-04  3.360444E-07  1.932170E-04 -1.895428E-02  2.051400E-08  2.051792E-08
  6.091000E+03  2.951124E-07  1.066822E-04 -1.135884E-06  1.922853E-04 -8.432897E-03  2.051269E-08  2.051463E-08
  6.092000E+03 -3.904569E-07  1.067256E-04 -2.960156E-07  1.922416E-04 -2.241005E-02  2.051195E-08  2.051816E-08
  6.093000E+03  3.066382E-07  1.061758E-04  5.428008E-07  1.932175E-04 -1.292507E-02  2.051330E-08  2.051519E-08
  6.094000E+03  4.629297E-07  1.069212E-04 -9.328811E-07  1.918695E-04 -1.255682E-02  2.051330E-08  2.051712E-08
  6.095000E+03 -3.534455E-07  1.064009E-04 -6.508264E-07  1.928360E-04 -2.248422E-02  2.051274E-08  2.051826E-08
  6.096000E+03  1.125924E-07  1.063965E-04  6.101124E-07  1.927900E-04 -8.730366E-03  2.051141E-08  2.051242E-08
  6.097000E+03  5.735624E-07  1.069179E-04 -6.330648E-07  1.918806E-04 -1.850329E-02  2.051196E-08  2.051762E-08
  6.098000E+03 -2.413052E-07  1.061826E-04 -9.478956E-07  1.932228E-04 -1.814889E-02  2.051351E-08  2.051720E-08
  6.099000E+03 -7.770794E-08  1.067134E-04  5.278128E-07  1.922220E-04 -8.939568E-03  2.051185E-08  2.051364E-08
  6.100000E+03  6.083641E-07  1.066821E-04 -2.859843E-07  1.923155E-04 -2.247416E-02  2.051144E-08  2.051773E-08
  6.101000E+03 -7.555188E-08  1.062020E-04 -1.135271E-06  1.931638E-04 -1.232738E-02  2.051282E-08  2.051474E-08
  6.102000E+03 -2.344003E-07  1.069220E-04  3.164796E-07  1.918654E-04 -1.332909E-02  2.051280E-08  2.051647E-08
  6.103000E+03  5.614011E-07  1.063676E-04  5.423552E-08  1.928866E-04 -2.196890E-02  2.051194E-08  2.051725E-08
  6.104000E+03  1.167118E-07  1.064353E-04 -1.181839E-06  1.927101E-04 -8.712183E-03  2.051037E-08  2.051172E-08
  6.105000E+03 -3.342635E-07  1.068853E-04  1.239548E-08  1.919296E-04 -1.905690E-02  2.051073E-08  2.051615E-08
  6.106000E+03  4.414833E-07  1.061764E-04  3.358435E-07  1.932155E-04 -1.736655E-02  2.051183E-08  2.051514E-08
  6.107000E+03  3.038675E-07  1.067392E-04 -1.082067E-06  1.921567E-04 -9.524504E-03  2.050972E-08  2.051206E-08
  6.108000E+03 -3.613586E-07  1.066303E-04 -3.340832E-07  1.923848E-04 -2.247966E-02  2.050887E-08  2.051481E-08
  6.109000E+03  2.723626E-07  1.062259E-04  5.105729E-07  1.930941E-04 -1.172183E-02  2.051018E-08  2.051173E-08
  6.110000E+03  4.555399E-07  1.069180E-04 -8.605354E-07  1.918506E-04 -1.419576E-02  2.051021E-08  2.051445E-08
  6.111000E+03 -3.106248E-07  1.063265E-04 -6.672011E-07  1.929351E-04 -2.138080E-02  2.050943E-08  2.051437E-08
  6.112000E+03  8.456225E-08  1.064776E-04  5.465544E-07  1.926150E-04 -8.661915E-03  2.050842E-08  2.050954E-08
  6.113000E+03  5.451891E-07  1.068510E-04 -5.578266E-07  1.919797E-04 -1.970316E-02  2.050924E-08  2.051502E-08
  6.114000E+03 -1.888650E-07  1.061714E-04 -9.301615E-07  1.932108E-04 -1.649875E-02  2.051067E-08  2.051374E-08
  6.115000E+03 -8.923967E-08  1.067730E-04  4.335672E-07  1.920914E-04 -1.011087E-02  2.050912E-08  2.051137E-08
  6.116000E+03  5.568898E-07  1.065848E-04 -2.263792E-07  1.924683E-04 -2.249522E-02  2.050901E-08  2.051497E-08
  6.117000E+03 -2.049638E-08  1.062576E-04 -1.074246E-06  1.930362E-04 -1.110375E-02  2.051029E-08  2.051188E-08
  6.118000E+03 -2.226910E-07  1.069223E-04  2.003892E-07  1.918499E-04 -1.505984E-02  2.051070E-08  2.051488E-08
  6.119000E+03  4.934340E-07  1.062948E-04  8.026531E-08  1.929992E-04 -2.077939E-02  2.051038E-08  2.051505E-08
  6.120000E+03  1.616078E-07  1.065256E-04 -1.081249E-06  1.925366E-04 -8.631789E-03  2.050931E-08  2.051078E-08
  6.121000E+03 -2.967523E-07  1.068231E-04 -1.024020E-07  1.920391E-04 -2.035741E-02  2.050996E-08  2.051561E-08
  6.122000E+03  3.680169E-07  1.061687E-04  3.153763E-07  1.932176E-04 -1.564724E-02  2.051115E-08  2.051382E-08
  6.123000E+03  3.256265E-07  1.068086E-04 -9.540671E-07  1.920328E-04 -1.066349E-02  2.050960E-08  2.051240E-08
  6.124000E+03 -2.986597E-07  1.065396E-04 -4.217681E-07  1.925516E-04 -2.256552E-02  2.050915E-08  2.051487E-08
  6.125000E+03  2.033964E-07  1.062839E-04  4.376114E-07  1.929824E-04 -1.046096E-02  2.050980E-08  2.051103E-08
  6.126000E+03  4.459512E-07  1.069258E-04 -7.187691E-07  1.918407E-04 -1.589033E-02  2.051013E-08  2.051486E-08
  6.127000E+03 -2.289113E-07  1.062603E-04 -7.072732E-07  1.930591E-04 -2.022233E-02  2.051033E-08  2.051471E-08
  6.128000E+03  3.148732E-08  1.065690E-04  4.249703E-07  1.924586E-04 -8.537226E-03  2.050938E-08  2.051065E-08
  6.129000E+03  5.016188E-07  1.067979E-04 -4.226734E-07  1.920891E-04 -2.100138E-02  2.051018E-08  2.051618E-08
  6.130000E+03 -1.015942E-07  1.061676E-04 -9.077831E-07  1.932264E-04 -1.483692E-02  2.051213E-08  2.051463E-08
  6.131000E+03 -1.155134E-07  1.068457E-04  2.818224E-07  1.919847E-04 -1.111953E-02  2.051148E-08  2.051421E-08
  6.132000E+03  4.842729E-07  1.065077E-04 -1.227261E-07  1.926308E-04 -2.267461E-02  2.051140E-08  2.051718E-08
  6.133000E+03  5.916606E-08  1.063136E-04 -9.895895E-07  1.929491E-04 -9.906120E-03  2.051210E-08  2.051342E-08
  6.134000E+03 -2.148451E-07  1.069389E-04  3.896089E-08  1.918496E-04 -1.654038E-02  2.051338E-08  2.051806E-08
  6.135000E+03  4.009004E-07  1.062437E-04  1.315347E-07  1.931219E-04 -1.982098E-02  2.051396E-08  2.051814E-08
  6.136000E+03  2.211516E-07  1.066105E-04 -9.431627E-07  1.924136E-04 -8.510719E-03  2.051256E-08  2.051415E-08
  6.137000E+03 -2.513164E-07  1.067833E-04 -2.515480E-07  1.921452E-04 -2.146659E-02  2.051317E-08  2.051908E-08
  6.138000E+03  2.694309E-07  1.061731E-04  2.974953E-07  1.932413E-04 -1.421641E-02  2.051497E-08  2.051714E-08
  6.139000E+03  3.538043E-07  1.068769E-04 -7.815660E-07  1.919530E-04 -1.156637E-02  2.051396E-08  2.051716E-08
  6.140000E+03 -2.203251E-07  1.064753E-04 -5.332606E-07  1.927030E-04 -2.271518E-02  2.051282E-08  2.051845E-08
  6.141000E+03  1.151477E-07  1.063371E-04  3.479553E-07  1.929115E-04 -9.415860E-03  2.051274E-08  2.051374E-08
  6.142000E+03  4.345022E-07  1.069417E-04 -5.379565E-07  1.918487E-04 -1.718908E-02  2.051360E-08  2.051872E-08
  6.143000E+03 -1.291587E-07  1.062168E-04 -7.566934E-07  1.931670E-04 -1.941065E-02  2.051371E-08  2.051775E-08
  6.144000E+03 -2.952071E-08  1.066388E-04  2.738215E-07  1.923529E-04 -8.455553E-03  2.051155E-08  2.051295E-08
  6.145000E+03  4.480728E-07  1.067609E-04 -2.648259E-07  1.921787E-04 -2.189735E-02  2.051226E-08  2.051840E-08
  6.146000E+03  3.457746E-09  1.061704E-04 -8.786974E-07  1.932363E-04 -1.367493E-02  2.051405E-08  2.051619E-08
  6.147000E+03 -1.372395E-07  1.068933E-04  9.203285E-08  1.919168E-04 -1.189997E-02  2.051317E-08  2.051628E-08
  6.148000E+03  3.956459E-07  1.064486E-04 -1.644081E-08  1.927455E-04 -2.271612E-02  2.051219E-08  2.051780E-08
  6.149000E+03  1.502087E-07  1.063535E-04 -8.818178E-07  1.928733E-04 -9.114964E-03  2.051190E-08  2.051305E-08
  6.150000E+03 -1.898884E-07  1.069398E-04 -1.570389E-07  1.918529E-04 -1.759271E-02  2.051354E-08  2.051859E-08
  6.151000E+03  2.902897E-07  1.062033E-04  1.623571E-07  1.931905E-04 -1.910141E-02  2.051373E-08  2.051756E-08
  6.152000E+03  2.808077E-07  1.066587E-04 -7.698075E-07  1.923130E-04 -8.529999E-03  2.051110E-08  2.051280E-08
  6.153000E+03 -1.811325E-07  1.067424E-04 -4.187290E-07  1.922094E-04 -2.211684E-02  2.051188E-08  2.051794E-08
  6.154000E+03  1.542986E-07  1.061744E-04  2.431307E-07  1.932247E-04 -1.330028E-02  2.051370E-08  2.051556E-08
  6.155000E+03  3.709912E-07  1.069024E-04 -5.687967E-07  1.918947E-04 -1.226314E-02  2.051247E-08  2.051591E-08
  6.156000E+03 -1.158818E-07  1.064225E-04 -6.420551E-07  1.927799E-04 -2.261763E-02  2.051087E-08  2.051638E-08
  6.157000E+03  1.545316E-08  1.063703E-04  2.154832E-07  1.928286E-04 -8.918267E-03  2.051042E-08  2.051134E-08
  6.158000E+03  4.029154E-07  1.069261E-04 -3.202651E-07  1.918592E-04 -1.802876E-02  2.051143E-08  2.051673E-08
  6.159000E+03 -5.453373E-09  1.061841E-04 -7.839771E-07  1.931979E-04 -1.869979E-02  2.051096E-08  2.051472E-08
  6.160000E+03 -9.422272E-08  1.066746E-04  7.849212E-08  1.922565E-04 -8.679245E-03  2.050812E-08  2.050970E-08
  6.161000E+03  3.680589E-07  1.067128E-04 -8.070133E-08  1.922376E-04 -2.230519E-02  2.050910E-08  2.051520E-08
  6.162000E+03  1.292917E-07  1.061729E-04 -8.128139E-07  1.931962E-04 -1.286049E-02  2.051051E-08  2.051241E-08
  6.163000E+03 -1.556734E-07  1.069070E-04 -1.407659E-07  1.918610E-04 -1.264460E-02  2.050964E-08  2.051305E-08
  6.164000E+03  2.798741E-07  1.063968E-04  1.029473E-07  1.928080E-04 -2.247451E-02  2.050898E-08  2.051435E-08
  6.165000E+03  2.591057E-07  1.063852E-04 -7.338171E-07  1.927855E-04 -8.719949E-03  2.050874E-08  2.050985E-08
  6.166000E+03 -1.597888E-07  1.069186E-04 -3.916553E-07  1.918651E-04 -1.839181E-02  2.051047E-08  2.051577E-08
  6.167000E+03  1.580501E-07  1.061760E-04  1.986922E-07  1.932094E-04 -1.836983E-02  2.051075E-08  2.051425E-08
  6.168000E+03  3.550461E-07  1.066943E-04 -5.646543E-07  1.922251E-04 -8.792502E-03  2.050852E-08  2.051037E-08
  6.169000E+03 -1.036273E-07  1.066961E-04 -6.196961E-07  1.922735E-04 -2.244136E-02  2.050967E-08  2.051576E-08
  6.170000E+03  2.193733E-08  1.061824E-04  1.868517E-07  1.931815E-04 -1.255792E-02  2.051086E-08  2.051249E-08
  6.171000E+03  3.991077E-07  1.069162E-04 -3.302038E-07  1.918528E-04 -1.297829E-02  2.051044E-08  2.051412E-08
  6.172000E+03 -2.648051E-10  1.063810E-04 -7.802662E-07  1.928472E-04 -2.227598E-02  2.051018E-08  2.051553E-08
  6.173000E+03 -9.941128E-08  1.064068E-04  7.208094E-08  1.927523E-04 -8.635221E-03  2.050939E-08  2.051031E-08
  6.174000E+03  3.812765E-07  1.069100E-04 -8.006996E-08  1.918852E-04 -1.875817E-02  2.051082E-08  2.051628E-08
  6.175000E+03  1.281898E-07  1.061711E-04 -8.378676E-07  1.932238E-04 -1.796051E-02  2.051148E-08  2.051501E-08
  6.176000E+03 -1.750804E-07  1.067154E-04 -1.246407E-07  1.921949E-04 -8.971894E-03  2.050933E-08  2.051111E-08
  6.177000E+03  3.006181E-07  1.066793E-04  1.259648E-07  1.923103E-04 -2.260853E-02  2.051028E-08  2.051636E-08
  6.178000E+03  2.599018E-07  1.061896E-04 -7.749552E-07  1.931721E-04 -1.218796E-02  2.051134E-08  2.051310E-08
  6.179000E+03 -1.910217E-07  1.069277E-04 -3.707284E-07  1.918419E-04 -1.327308E-02  2.051140E-08  2.051510E-08
  6.180000E+03  1.759720E-07  1.063701E-04  2.468670E-07  1.928806E-04 -2.219792E-02  2.051166E-08  2.051684E-08
  6.181000E+03  3.694509E-07  1.064219E-04 -6.100703E-07  1.927372E-04 -8.474363E-03  2.051072E-08  2.051184E-08
  6.182000E+03 -1.443481E-07  1.069124E-04 -6.185511E-07  1.918974E-04 -1.900261E-02  2.051251E-08  2.051805E-08
  6.183000E+03  3.387688E-08  1.061734E-04  2.578863E-07  1.932434E-04 -1.776217E-02  2.051408E-08  2.051734E-08
  6.184000E+03  4.312882E-07  1.067327E-04 -3.767174E-07  1.921914E-04 -9.013269E-03  2.051228E-08  2.051428E-08
  6.185000E+03 -4.106879E-08  1.066767E-04 -8.138217E-07  1.923398E-04 -2.270896E-02  2.051289E-08  2.051909E-08
  6.186000E+03 -1.023407E-07  1.062008E-04  1.539821E-07  1.931751E-04 -1.203618E-02  2.051386E-08  2.051537E-08
  6.187000E+03  4.305458E-07  1.069369E-04 -1.098090E-07  1.918533E-04 -1.339743E-02  2.051436E-08  2.051820E-08
  6.188000E+03  9.849876E-08  1.063718E-04 -9.128404E-07  1.929040E-04 -2.213714E-02  2.051452E-08  2.051985E-08
  6.189000E+03 -2.029366E-07  1.064320E-04 -4.652695E-08  1.927367E-04 -8.490241E-03  2.051262E-08  2.051356E-08
  6.190000E+03  3.619126E-07  1.069125E-04  1.363137E-07  1.919163E-04 -1.903412E-02  2.051454E-08  2.052006E-08
  6.191000E+03  2.472751E-07  1.061824E-04 -8.857272E-07  1.932459E-04 -1.769662E-02  2.051610E-08  2.051959E-08
  6.192000E+03 -2.433719E-07  1.067343E-04 -3.083516E-07  1.922019E-04 -9.117508E-03  2.051367E-08  2.051556E-08
  6.193000E+03  2.358402E-07  1.066766E-04  3.061406E-07  1.923497E-04 -2.262255E-02  2.051396E-08  2.052000E-08
  6.194000E+03  3.786106E-07  1.062079E-04 -7.337366E-07  1.931679E-04 -1.209925E-02  2.051446E-08  2.051624E-08
  6.195000E+03 -2.149384E-07  1.069312E-04 -5.856471E-07  1.918694E-04 -1.340413E-02  2.051498E-08  2.051875E-08
  6.196000E+03  7.966599E-08  1.063769E-04  3.629639E-07  1.928958E-04 -2.206611E-02  2.051466E-08  2.051977E-08
  6.197000E+03  4.654288E-07  1.064285E-04 -4.908350E-07  1.927372E-04 -8.637947E-03  2.051196E-08  2.051315E-08
  6.198000E+03 -1.209162E-07  1.069054E-04 -8.231042E-07  1.919223E-04 -1.888638E-02  2.051387E-08  2.051938E-08
  6.199000E+03 -7.590426E-08  1.061913E-04  2.910934E-07  1.932243E-04 -1.774831E-02  2.051550E-08  2.051877E-08
  6.200000E+03  4.891277E-07  1.067207E-04 -2.036768E-07  1.922169E-04 -9.216835E-03  2.051265E-08  2.051467E-08
  6.201000E+03  2.239811E-08  1.066749E-04 -9.726149E-07  1.923402E-04 -2.237953E-02  2.051273E-08  2.051884E-08
  6.202000E+03 -2.049805E-07  1.062152E-04  1.037595E-07  1.931439E-04 -1.234014E-02  2.051326E-08  2.051486E-08
  6.203000E+03  4.427472E-07  1.069088E-04  8.212021E-08  1.918953E-04 -1.335274E-02  2.051347E-08  2.051718E-08
  6.204000E+03  1.884967E-07  1.063867E-04 -1.001487E-06  1.928628E-04 -2.184275E-02  2.051314E-08  2.051843E-08
  6.205000E+03 -2.804486E-07  1.064248E-04 -1.667198E-07  1.927282E-04 -9.039065E-03  2.051023E-08  2.051131E-08
  6.206000E+03  3.273603E-07  1.068835E-04  3.127619E-07  1.919441E-04 -1.858539E-02  2.051213E-08  2.051737E-08
  6.207000E+03  3.490050E-07  1.062094E-04 -8.913924E-07  1.931742E-04 -1.773497E-02  2.051368E-08  2.051723E-08
  6.208000E+03 -2.854301E-07  1.067002E-04 -4.770084E-07  1.922343E-04 -9.566319E-03  2.051050E-08  2.051244E-08
  6.209000E+03  1.629692E-07  1.066674E-04  4.408432E-07  1.923335E-04 -2.193108E-02  2.051079E-08  2.051651E-08
  6.210000E+03  4.752758E-07  1.062278E-04 -6.608233E-07  1.931018E-04 -1.263896E-02  2.051114E-08  2.051311E-08
  6.211000E+03 -2.180308E-07  1.068795E-04 -7.724502E-07  1.919274E-04 -1.339493E-02  2.051126E-08  2.051489E-08
  6.212000E+03 -1.541172E-08  1.063958E-04  4.374546E-07  1.928229E-04 -2.151982E-02  2.051081E-08  2.051572E-08
  6.213000E+03  5.398171E-07  1.064219E-04 -3.584600E-07  1.927149E-04 -9.477311E-03  2.050817E-08  2.050956E-08
  6.214000E+03 -8.473930E-08  1.068579E-04 -9.946134E-07  1.919679E-04 -1.829465E-02  2.050985E-08  2.051504E-08
  6.215000E+03 -1.775688E-07  1.062256E-04  2.935344E-07  1.931178E-04 -1.770348E-02  2.051084E-08  2.051410E-08
  6.216000E+03  5.309217E-07  1.066828E-04 -3.495756E-08  1.922477E-04 -9.903249E-03  2.050853E-08  2.051061E-08
  6.217000E+03  9.124892E-08  1.066578E-04 -1.103907E-06  1.923362E-04 -2.145286E-02  2.050944E-08  2.051519E-08
  6.218000E+03 -2.981944E-07  1.062444E-04  3.622327E-08  1.930574E-04 -1.289349E-02  2.050956E-08  2.051135E-08
  6.219000E+03  4.501678E-07  1.068545E-04  2.590584E-07  1.919610E-04 -1.350842E-02  2.051003E-08  2.051358E-08
  6.220000E+03  2.747859E-07  1.064071E-04 -1.078115E-06  1.928004E-04 -2.108035E-02  2.051078E-08  2.051584E-08
  6.221000E+03 -3.510547E-07  1.064301E-04 -2.846316E-07  1.927036E-04 -9.904599E-03  2.050845E-08  2.050977E-08
  6.222000E+03  3.034213E-07  1.068380E-04  4.680653E-07  1.920047E-04 -1.811648E-02  2.051003E-08  2.051492E-08
  6.223000E+03  4.349103E-07  1.062488E-04 -9.064202E-07  1.930808E-04 -1.755020E-02  2.051144E-08  2.051500E-08
  6.224000E+03 -3.248956E-07  1.066749E-04 -6.165866E-07  1.922717E-04 -1.026032E-02  2.050948E-08  2.051153E-08
  6.225000E+03  1.137238E-07  1.066557E-04  5.534685E-07  1.923490E-04 -2.107181E-02  2.051056E-08  2.051589E-08
  6.226000E+03  5.478614E-07  1.062627E-04 -6.167758E-07  1.930312E-04 -1.310728E-02  2.051025E-08  2.051240E-08
  6.227000E+03 -2.242230E-07  1.068377E-04 -9.099341E-07  1.919995E-04 -1.357240E-02  2.051090E-08  2.051446E-08
  6.228000E+03 -8.083891E-08  1.064247E-04  4.966624E-07  1.927834E-04 -2.077176E-02  2.051248E-08  2.051712E-08
  6.229000E+03  5.916513E-07  1.064365E-04 -2.678307E-07  1.927109E-04 -1.026788E-02  2.051040E-08  2.051200E-08
  6.230000E+03 -6.292648E-08  1.068266E-04 -1.111678E-06  1.920387E-04 -1.789270E-02  2.051156E-08  2.051650E-08
  6.231000E+03 -2.452939E-07  1.062748E-04  2.996325E-07  1.930511E-04 -1.752475E-02  2.051331E-08  2.051655E-08
  6.232000E+03  5.576614E-07  1.066687E-04  7.823008E-08  1.923092E-04 -1.050841E-02  2.051224E-08  2.051439E-08
  6.233000E+03  1.314903E-07  1.066626E-04 -1.185165E-06  1.923611E-04 -2.071496E-02  2.051334E-08  2.051882E-08
  6.234000E+03 -3.521048E-07  1.062829E-04 -3.660360E-09  1.930191E-04 -1.338067E-02  2.051278E-08  2.051475E-08
  6.235000E+03  4.483346E-07  1.068251E-04  3.658002E-07  1.920489E-04 -1.353189E-02  2.051376E-08  2.051716E-08
  6.236000E+03  3.244185E-07  1.064509E-04 -1.110259E-06  1.927673E-04 -2.052971E-02  2.051593E-08  2.052085E-08
  6.237000E+03 -3.831769E-07  1.064392E-04 -3.585644E-07  1.927351E-04 -1.066377E-02  2.051340E-08  2.051491E-08
  6.238000E+03  2.775196E-07  1.068209E-04  5.495263E-07  1.920718E-04 -1.755478E-02  2.051412E-08  2.051870E-08
  6.239000E+03  4.840796E-07  1.063043E-04 -8.911646E-07  1.930213E-04 -1.764466E-02  2.051581E-08  2.051945E-08
  6.240000E+03 -3.342464E-07  1.066523E-04 -7.060060E-07  1.923630E-04 -1.068097E-02  2.051478E-08  2.051685E-08
  6.241000E+03  7.592160E-08  1.066758E-04  5.989667E-07  1.923522E-04 -2.032571E-02  2.051509E-08  2.052014E-08
  6.242000E+03  5.820161E-07  1.062944E-04 -5.674404E-07  1.930087E-04 -1.383710E-02  2.051379E-08  2.051617E-08
  6.243000E+03 -2.120254E-07  1.068031E-04 -9.855044E-07  1.920987E-04 -1.328374E-02  2.051493E-08  2.051824E-08
  6.244000E+03 -1.182361E-07  1.064809E-04  4.997310E-07  1.927220E-04 -2.040020E-02  2.051693E-08  2.052150E-08
  6.245000E+03  6.020783E-07  1.064252E-04 -2.022064E-07  1.927643E-04 -1.116061E-02  2.051371E-08  2.051548E-08
  6.246000E+03 -3.386610E-08  1.068110E-04 -1.152987E-06  1.920895E-04 -1.697594E-02  2.051433E-08  2.051888E-08
  6.247000E+03 -2.741135E-07  1.063364E-04  2.635511E-07  1.929671E-04 -1.796015E-02  2.051611E-08  2.051955E-08
  6.248000E+03  5.442831E-07  1.066184E-04  1.442175E-07  1.924247E-04 -1.088623E-02  2.051479E-08  2.051684E-08
  6.249000E+03  1.685079E-07  1.066897E-04 -1.185651E-06  1.923239E-04 -1.970688E-02  2.051499E-08  2.052014E-08
  6.250000E+03 -3.628857E-07  1.063104E-04 -6.828759E-08  1.929808E-04 -1.452500E-02  2.051371E-08  2.051602E-08
  6.251000E+03  4.148172E-07  1.067642E-04  4.110105E-07  1.921656E-04 -1.299984E-02  2.051467E-08  2.051765E-08
  6.252000E+03  3.578504E-07  1.065148E-04 -1.068782E-06  1.926539E-04 -2.008760E-02  2.051636E-08  2.052121E-08
  6.253000E+03 -3.695646E-07  1.064102E-04 -4.337397E-07  1.927831E-04 -1.190866E-02  2.051264E-08  2.051440E-08
  6.254000E+03  2.326754E-07  1.067866E-04  5.551893E-07  1.921189E-04 -1.627237E-02  2.051301E-08  2.051700E-08
  6.255000E+03  5.029161E-07  1.063709E-04 -8.170315E-07  1.928881E-04 -1.818873E-02  2.051428E-08  2.051816E-08
  6.256000E+03 -2.986693E-07  1.065755E-04 -7.684518E-07  1.924795E-04 -1.128388E-02  2.051229E-08  2.051430E-08
  6.257000E+03  3.313558E-08  1.066914E-04  5.601959E-07  1.922917E-04 -1.893929E-02  2.051218E-08  2.051674E-08
  6.258000E+03  5.770469E-07  1.063257E-04 -4.801950E-07  1.929291E-04 -1.519177E-02  2.051096E-08  2.051373E-08
  6.259000E+03 -1.626119E-07  1.067134E-04 -1.011358E-06  1.922243E-04 -1.284836E-02  2.051121E-08  2.051410E-08
  6.260000E+03 -1.465872E-07  1.065382E-04  4.235119E-07  1.925734E-04 -1.964905E-02  2.051247E-08  2.051685E-08
  6.261000E+03  5.717340E-07  1.063974E-04 -1.249217E-07  1.927777E-04 -1.267398E-02  2.050940E-08  2.051148E-08
  6.262000E+03  1.739888E-08  1.067507E-04 -1.130553E-06  1.921506E-04 -1.564392E-02  2.050970E-08  2.051359E-08
  6.263000E+03 -2.795663E-07  1.064025E-04  1.672275E-07  1.927967E-04 -1.827403E-02  2.051062E-08  2.051424E-08
  6.264000E+03  4.963664E-07  1.065398E-04  1.893742E-07  1.925180E-04 -1.178688E-02  2.050941E-08  2.051146E-08
  6.265000E+03  2.085379E-07  1.066868E-04 -1.120767E-06  1.922786E-04 -1.814373E-02  2.051022E-08  2.051477E-08
  6.266000E+03 -3.434712E-07  1.063517E-04 -1.605423E-07  1.928706E-04 -1.573505E-02  2.050958E-08  2.051230E-08
  6.267000E+03  3.619830E-07  1.066720E-04  4.110790E-07  1.922898E-04 -1.286885E-02  2.051023E-08  2.051286E-08
  6.268000E+03  3.757111E-07  1.065633E-04 -9.783220E-07  1.925216E-04 -1.908805E-02  2.051199E-08  2.051654E-08
  6.269000E+03 -3.279974E-07  1.064028E-04 -4.985894E-07  1.927740E-04 -1.339449E-02  2.050985E-08  2.051198E-08
  6.270000E+03  1.879567E-07  1.067228E-04  5.060961E-07  1.922043E-04 -1.519729E-02  2.051021E-08  2.051361E-08
  6.271000E+03  4.916969E-07  1.064375E-04 -7.215076E-07  1.927339E-04 -1.819273E-02  2.051072E-08  2.051464E-08
  6.272000E+03 -2.423384E-07  1.065214E-04 -7.870635E-07  1.925563E-04 -1.232252E-02  2.050980E-08  2.051193E-08
  6.273000E+03  5.558381E-09  1.066821E-04  4.698925E-07  1.922912E-04 -1.748781E-02  2.051090E-08  2.051487E-08
  6.274000E+03  5.394094E-07  1.063784E-04 -3.991736E-07  1.928271E-04 -1.607393E-02  2.050999E-08  2.051304E-08
  6.275000E+03 -1.043407E-07  1.066399E-04 -9.797058E-07  1.923437E-04 -1.302126E-02  2.050978E-08  2.051246E-08
  6.276000E+03 -1.515437E-07  1.065805E-04  3.131302E-07  1.924887E-04 -1.856618E-02  2.051202E-08  2.051606E-08
  6.277000E+03  5.160287E-07  1.064108E-04 -7.512888E-08  1.927674E-04 -1.392555E-02  2.051056E-08  2.051293E-08
  6.278000E+03  6.263884E-08  1.066990E-04 -1.054188E-06  1.922494E-04 -1.492109E-02  2.051054E-08  2.051397E-08
  6.279000E+03 -2.550762E-07  1.064680E-04  6.113094E-08  1.926842E-04 -1.807002E-02  2.051134E-08  2.051497E-08
  6.280000E+03  4.286166E-07  1.065104E-04  1.902546E-07  1.925914E-04 -1.274390E-02  2.051132E-08  2.051347E-08
  6.281000E+03  2.311663E-07  1.066842E-04 -1.004571E-06  1.923070E-04 -1.696878E-02  2.051318E-08  2.051722E-08
  6.282000E+03 -2.896741E-07  1.064060E-04 -2.435193E-07  1.928002E-04 -1.637783E-02  2.051236E-08  2.051532E-08
  6.283000E+03  2.923865E-07  1.066226E-04  3.559790E-07  1.924038E-04 -1.306301E-02  2.051284E-08  2.051529E-08
  6.284000E+03  3.731213E-07  1.066083E-04 -8.403614E-07  1.924720E-04 -1.819912E-02  2.051572E-08  2.051995E-08
  6.285000E+03 -2.548653E-07  1.064214E-04 -5.461705E-07  1.927890E-04 -1.436897E-02  2.051475E-08  2.051715E-08
  6.286000E+03  1.330696E-07  1.066938E-04  4.025975E-07  1.922963E-04 -1.461787E-02  2.051462E-08  2.051766E-08
  6.287000E+03  4.586679E-07  1.065032E-04 -5.903990E-07  1.926597E-04 -1.810866E-02  2.051552E-08  2.051944E-08
  6.288000E+03 -1.612733E-07  1.065015E-04 -7.808313E-07  1.926491E-04 -1.299550E-02  2.051568E-08  2.051787E-08
  6.289000E+03 -1.928695E-08  1.066975E-04  3.292548E-07  1.923154E-04 -1.656236E-02  2.051676E-08  2.052038E-08
  6.290000E+03  4.739295E-07  1.064262E-04 -3.034515E-07  1.927915E-04 -1.678125E-02  2.051518E-08  2.051844E-08
  6.291000E+03 -2.772695E-08  1.066009E-04 -9.068113E-07  1.924612E-04 -1.295025E-02  2.051482E-08  2.051728E-08
  6.292000E+03 -1.402220E-07  1.066331E-04  1.551617E-07  1.924358E-04 -1.797719E-02  2.051672E-08  2.052063E-08
  6.293000E+03  4.260250E-07  1.064146E-04 -3.247749E-08  1.928055E-04 -1.486263E-02  2.051506E-08  2.051762E-08
  6.294000E+03  1.207391E-07  1.066766E-04 -9.200100E-07  1.923219E-04 -1.416394E-02  2.051418E-08  2.051722E-08
  6.295000E+03 -2.060057E-07  1.065312E-04 -8.780864E-08  1.926044E-04 -1.825232E-02  2.051496E-08  2.051874E-08
  6.296000E+03  3.288602E-07  1.064728E-04  1.661087E-07  1.926945E-04 -1.328132E-02  2.051492E-08  2.051706E-08
  6.297000E+03  2.561009E-07  1.067025E-04 -8.274466E-07  1.922973E-04 -1.599015E-02  2.051597E-08  2.051964E-08
  6.298000E+03 -2.050388E-07  1.064435E-04 -3.532052E-07  1.927568E-04 -1.730549E-02  2.051465E-08  2.051796E-08
  6.299000E+03  2.010372E-07  1.065681E-04  2.562337E-07  1.925189E-04 -1.279956E-02  2.051468E-08  2.051684E-08
  6.300000E+03  3.558178E-07  1.066597E-04 -6.492714E-07  1.923838E-04 -1.764924E-02  2.051641E-08  2.052050E-08
  6.301000E+03 -1.454792E-07  1.064086E-04 -5.910772E-07  1.928160E-04 -1.548390E-02  2.051482E-08  2.051751E-08
  6.302000E+03  6.657085E-08  1.066581E-04  2.365630E-07  1.923547E-04 -1.363813E-02  2.051427E-08  2.051688E-08
  6.303000E+03  3.996265E-07  1.065632E-04 -4.178584E-07  1.925463E-04 -1.837855E-02  2.051488E-08  2.051894E-08
  6.304000E+03 -4.511369E-08  1.064433E-04 -7.489954E-07  1.927415E-04 -1.366098E-02  2.051413E-08  2.051638E-08
  6.305000E+03 -4.862442E-08  1.067027E-04  1.232232E-07  1.922815E-04 -1.538168E-02  2.051454E-08  2.051779E-08
  6.306000E+03  3.806150E-07  1.064606E-04 -1.789077E-07  1.927135E-04 -1.781725E-02  2.051314E-08  2.051673E-08
  6.307000E+03  7.494932E-08  1.065243E-04 -7.982479E-07  1.925710E-04 -1.275578E-02  2.051181E-08  2.051400E-08
  6.308000E+03 -1.237213E-07  1.066737E-04 -5.750058E-08  1.923197E-04 -1.722712E-02  2.051241E-08  2.051620E-08
  6.309000E+03  3.104721E-07  1.064000E-04  1.843823E-08  1.927971E-04 -1.615175E-02  2.051093E-08  2.051381E-08
  6.310000E+03  1.921369E-07  1.066182E-04 -7.454429E-07  1.923851E-04 -1.315727E-02  2.050998E-08  2.051253E-08
  6.311000E+03 -1.438220E-07  1.065872E-04 -2.721916E-07  1.924592E-04 -1.832768E-02  2.051024E-08  2.051422E-08
  6.312000E+03  2.086300E-07  1.064120E-04  1.310582E-07  1.927600E-04 -1.420272E-02  2.050990E-08  2.051216E-08
  6.313000E+03  2.836903E-07  1.066868E-04 -6.121967E-07  1.922740E-04 -1.467825E-02  2.051088E-08  2.051406E-08
  6.314000E+03 -1.066592E-07  1.064841E-04 -4.779770E-07  1.926445E-04 -1.819048E-02  2.051018E-08  2.051390E-08
  6.315000E+03  9.803571E-08  1.064853E-04  1.379997E-07  1.926196E-04 -1.291571E-02  2.050944E-08  2.051144E-08
  6.316000E+03  3.317423E-07  1.066832E-04 -4.305203E-07  1.922800E-04 -1.663440E-02  2.051021E-08  2.051398E-08
  6.317000E+03 -2.475029E-08  1.064107E-04 -6.309065E-07  1.927688E-04 -1.674292E-02  2.050979E-08  2.051292E-08
  6.318000E+03 -8.635023E-10  1.065866E-04  4.902090E-08  1.924350E-04 -1.292179E-02  2.050928E-08  2.051150E-08
  6.319000E+03  3.264504E-07  1.066117E-04 -2.333130E-07  1.924079E-04 -1.803289E-02  2.050960E-08  2.051361E-08
  6.320000E+03  7.935934E-08  1.064054E-04 -6.955034E-07  1.927700E-04 -1.477417E-02  2.050953E-08  2.051204E-08
  6.321000E+03 -7.052672E-08  1.066697E-04 -1.044175E-07  1.923013E-04 -1.420611E-02  2.051065E-08  2.051347E-08
  6.322000E+03  2.731553E-07  1.065123E-04 -5.872072E-08  1.925963E-04 -1.824261E-02  2.051046E-08  2.051425E-08
  6.323000E+03  1.803857E-07  1.064638E-04 -6.640104E-07  1.926585E-04 -1.326742E-02  2.050935E-08  2.051153E-08
  6.324000E+03 -9.626118E-08  1.066863E-04 -2.834496E-07  1.922735E-04 -1.611464E-02  2.051028E-08  2.051377E-08
  6.325000E+03  1.854607E-07  1.064300E-04  5.473169E-08  1.927399E-04 -1.713388E-02  2.051030E-08  2.051350E-08
  6.326000E+03  2.596951E-07  1.065600E-04 -5.496157E-07  1.924862E-04 -1.288522E-02  2.050962E-08  2.051190E-08
  6.327000E+03 -6.978626E-08  1.066334E-04 -4.575979E-07  1.923710E-04 -1.769744E-02  2.050995E-08  2.051385E-08
  6.328000E+03  8.281659E-08  1.064069E-04  7.685023E-08  1.927761E-04 -1.528520E-02  2.051032E-08  2.051285E-08
  6.329000E+03  3.058538E-07  1.066538E-04 -3.821229E-07  1.923378E-04 -1.383021E-02  2.051159E-08  2.051437E-08
  6.330000E+03  5.959727E-10  1.065419E-04 -5.985273E-07  1.925563E-04 -1.821248E-02  2.051190E-08  2.051577E-08
  6.331000E+03 -9.539675E-09  1.064551E-04  5.701890E-09  1.926956E-04 -1.363074E-02  2.051153E-08  2.051364E-08
  6.332000E+03  3.067638E-07  1.066913E-04 -2.021749E-07  1.922893E-04 -1.564987E-02  2.051308E-08  2.051648E-08
  6.333000E+03  9.886458E-08  1.064560E-04 -6.710475E-07  1.927257E-04 -1.735710E-02  2.051371E-08  2.051712E-08
  6.334000E+03 -7.207481E-08  1.065522E-04 -1.414457E-07  1.925362E-04 -1.297599E-02  2.051342E-08  2.051555E-08
  6.335000E+03  2.562769E-07  1.066545E-04 -4.354324E-08  1.923714E-04 -1.739421E-02  2.051417E-08  2.051799E-08
  6.336000E+03  2.033248E-07  1.064196E-04 -6.475179E-07  1.927929E-04 -1.559902E-02  2.051445E-08  2.051723E-08
  6.337000E+03 -9.605540E-08  1.066504E-04 -3.284553E-07  1.923766E-04 -1.368550E-02  2.051511E-08  2.051772E-08
  6.338000E+03  1.669456E-07  1.065654E-04  6.765775E-08  1.925464E-04 -1.815541E-02  2.051541E-08  2.051922E-08
  6.339000E+03  2.889780E-07  1.064525E-04 -5.344891E-07  1.927300E-04 -1.383916E-02  2.051462E-08  2.051692E-08
  6.340000E+03 -7.350469E-08  1.066965E-04 -5.121839E-07  1.923008E-04 -1.540661E-02  2.051538E-08  2.051868E-08
  6.341000E+03  5.938854E-08  1.064689E-04  1.009867E-07  1.927192E-04 -1.753627E-02  2.051546E-08  2.051882E-08
  6.342000E+03  3.349192E-07  1.065417E-04 -3.572326E-07  1.925689E-04 -1.294505E-02  2.051491E-08  2.051713E-08
  6.343000E+03 -2.161862E-09  1.066692E-04 -6.533797E-07  1.923550E-04 -1.726363E-02  2.051530E-08  2.051917E-08
  6.344000E+03 -4.234488E-08  1.064165E-04  3.471030E-08  1.928045E-04 -1.586571E-02  2.051500E-08  2.051771E-08
  6.345000E+03  3.360377E-07  1.066427E-04 -1.590976E-07  1.923908E-04 -1.344457E-02  2.051522E-08  2.051780E-08
  6.346000E+03  1.022922E-07  1.065823E-04 -7.307602E-07  1.925189E-04 -1.823974E-02  2.051570E-08  2.051971E-08
  6.347000E+03 -1.160439E-07  1.064397E-04 -1.164964E-07  1.927574E-04 -1.399582E-02  2.051503E-08  2.051722E-08
  6.348000E+03  2.892548E-07  1.066983E-04  1.869866E-08  1.922954E-04 -1.511714E-02  2.051525E-08  2.051847E-08
  6.349000E+03  2.169566E-07  1.064800E-04 -7.218193E-07  1.927013E-04 -1.777870E-02  2.051558E-08  2.051923E-08
  6.350000E+03 -1.441637E-07  1.065277E-04 -3.204806E-07  1.925973E-04 -1.293042E-02  2.051524E-08  2.051732E-08
  6.351000E+03  1.967060E-07  1.066789E-04  1.403101E-07  1.923366E-04 -1.707884E-02  2.051527E-08  2.051903E-08
  6.352000E+03  3.170214E-07  1.064137E-04 -6.128734E-07  1.928036E-04 -1.615638E-02  2.051428E-08  2.051728E-08
  6.353000E+03 -1.224974E-07  1.066305E-04 -5.317546E-07  1.924030E-04 -1.325481E-02  2.051422E-08  2.051671E-08
  6.354000E+03  7.550097E-08  1.065938E-04  1.851933E-07  1.924876E-04 -1.826748E-02  2.051456E-08  2.051847E-08
  6.355000E+03  3.814799E-07  1.064203E-04 -4.222581E-07  1.927734E-04 -1.417503E-02  2.051294E-08  2.051532E-08
  6.356000E+03 -5.191606E-08  1.066933E-04 -7.086128E-07  1.922775E-04 -1.483487E-02  2.051247E-08  2.051567E-08
  6.357000E+03 -4.874885E-08  1.064834E-04  1.366149E-07  1.926695E-04 -1.804566E-02  2.051277E-08  2.051636E-08
  6.358000E+03  3.944901E-07  1.064992E-04 -1.886527E-07  1.926169E-04 -1.288004E-02  2.051185E-08  2.051399E-08
  6.359000E+03  6.013817E-08  1.066839E-04 -8.147187E-07  1.922909E-04 -1.687414E-02  2.051142E-08  2.051530E-08
  6.360000E+03 -1.475394E-07  1.064032E-04 -1.139139E-08  1.927879E-04 -1.654170E-02  2.051043E-08  2.051338E-08
  6.361000E+03  3.525147E-07  1.066035E-04  3.474943E-08  1.924120E-04 -1.295033E-02  2.051007E-08  2.051245E-08
  6.362000E+03  1.934495E-07  1.066075E-04 -8.286024E-07  1.924271E-04 -1.826358E-02  2.051075E-08  2.051494E-08
  6.363000E+03 -2.001769E-07  1.063969E-04 -2.341902E-07  1.927830E-04 -1.451932E-02  2.050936E-08  2.051170E-08
  6.364000E+03  2.605648E-07  1.066789E-04  2.038742E-07  1.922706E-04 -1.433934E-02  2.050910E-08  2.051207E-08
  6.365000E+03  3.216121E-07  1.065023E-04 -7.410542E-07  1.926139E-04 -1.830351E-02  2.051038E-08  2.051435E-08
  6.366000E+03 -1.944151E-07  1.064694E-04 -4.889605E-07  1.926525E-04 -1.304794E-02  2.050984E-08  2.051193E-08
  6.367000E+03  1.324132E-07  1.066893E-04  2.848594E-07  1.922663E-04 -1.635269E-02  2.051001E-08  2.051360E-08
  6.368000E+03  4.152062E-07  1.064162E-04 -5.578286E-07  1.927595E-04 -1.701329E-02  2.050976E-08  2.051312E-08
  6.369000E+03 -1.326245E-07  1.065765E-04 -7.164652E-07  1.924570E-04 -1.282353E-02  2.050971E-08  2.051203E-08
  6.370000E+03 -9.159373E-09  1.066280E-04  2.659414E-07  1.923860E-04 -1.797686E-02  2.051043E-08  2.051437E-08
  6.371000E+03  4.557585E-07  1.063918E-04 -3.101753E-07  1.927912E-04 -1.499856E-02  2.050910E-08  2.051173E-08
  6.372000E+03 -2.356794E-08  1.066645E-04 -8.742719E-07  1.922945E-04 -1.393953E-02  2.050902E-08  2.051196E-08
  6.373000E+03 -1.389189E-07  1.065253E-04  1.460906E-07  1.925695E-04 -1.840042E-02  2.051005E-08  2.051388E-08
  6.374000E+03  4.376371E-07  1.064468E-04 -4.338491E-08  1.926898E-04 -1.328024E-02  2.050940E-08  2.051158E-08
  6.375000E+03  1.151110E-07  1.066950E-04 -9.386660E-07  1.922538E-04 -1.587173E-02  2.050993E-08  2.051360E-08
  6.376000E+03 -2.295695E-07  1.064324E-04 -5.984002E-08  1.927358E-04 -1.741949E-02  2.051022E-08  2.051355E-08
  6.377000E+03  3.640417E-07  1.065515E-04  1.868617E-07  1.925070E-04 -1.271159E-02  2.051026E-08  2.051245E-08
  6.378000E+03  2.613103E-07  1.066525E-04 -8.999943E-07  1.923508E-04 -1.765482E-02  2.051149E-08  2.051564E-08
  6.379000E+03 -2.616624E-07  1.063961E-04 -3.226306E-07  1.928025E-04 -1.550897E-02  2.051097E-08  2.051364E-08
  6.380000E+03  2.428786E-07  1.066517E-04  3.368412E-07  1.923379E-04 -1.353983E-02  2.051129E-08  2.051393E-08
  6.381000E+03  3.910628E-07  1.065590E-04 -7.564642E-07  1.925325E-04 -1.840010E-02  2.051260E-08  2.051677E-08
  6.382000E+03 -2.309913E-07  1.064369E-04 -5.984415E-07  1.927337E-04 -1.367290E-02  2.051205E-08  2.051429E-08
  6.383000E+03  9.180176E-08  1.067014E-04  3.856191E-07  1.922727E-04 -1.532446E-02  2.051335E-08  2.051663E-08
  6.384000E+03  4.796393E-07  1.064627E-04 -5.247962E-07  1.927155E-04 -1.774406E-02  2.051378E-08  2.051750E-08
  6.385000E+03 -1.448083E-07  1.065346E-04 -8.336936E-07  1.925677E-04 -1.281664E-02  2.051343E-08  2.051568E-08
  6.386000E+03 -6.279980E-08  1.066741E-04  3.283809E-07  1.923419E-04 -1.721815E-02  2.051487E-08  2.051866E-08
  6.387000E+03  5.070991E-07  1.064112E-04 -2.422397E-07  1.928083E-04 -1.597244E-02  2.051434E-08  2.051733E-08
  6.388000E+03 -1.281665E-08  1.066397E-04 -9.824081E-07  1.923869E-04 -1.335943E-02  2.051425E-08  2.051696E-08
  6.389000E+03 -1.943368E-07  1.065831E-04  1.649601E-07  1.925095E-04 -1.827539E-02  2.051483E-08  2.051875E-08
  6.390000E+03  4.694289E-07  1.064337E-04  4.209909E-08  1.927602E-04 -1.400119E-02  2.051418E-08  2.051655E-08
  6.391000E+03  1.450742E-07  1.067023E-04 -1.022405E-06  1.922894E-04 -1.501575E-02  2.051541E-08  2.051884E-08
  6.392000E+03 -2.800692E-07  1.064800E-04 -8.207997E-08  1.926993E-04 -1.791456E-02  2.051534E-08  2.051892E-08
  6.393000E+03  3.750852E-07  1.065203E-04  2.776643E-07  1.926041E-04 -1.287160E-02  2.051455E-08  2.051671E-08
  6.394000E+03  3.017670E-07  1.066893E-04 -9.507134E-07  1.923268E-04 -1.696429E-02  2.051625E-08  2.052028E-08
  6.395000E+03 -3.002445E-07  1.064178E-04 -3.739699E-07  1.928124E-04 -1.631081E-02  2.051594E-08  2.051891E-08
  6.396000E+03  2.368176E-07  1.066255E-04  4.166517E-07  1.924206E-04 -1.315544E-02  2.051516E-08  2.051761E-08
  6.397000E+03  4.282948E-07  1.066037E-04 -7.714141E-07  1.924775E-04 -1.822389E-02  2.051540E-08  2.051963E-08
  6.398000E+03 -2.516983E-07  1.064260E-04 -6.563424E-07  1.927825E-04 -1.430711E-02  2.051498E-08  2.051740E-08
  6.399000E+03  7.554615E-08  1.066964E-04  4.378138E-07  1.923007E-04 -1.467810E-02  2.051558E-08  2.051864E-08
  6.400000E+03  5.047017E-07  1.064941E-04 -5.110500E-07  1.926697E-04 -1.808644E-02  2.051483E-08  2.051874E-08
  6.401000E+03 -1.468289E-07  1.065026E-04 -8.812487E-07  1.926298E-04 -1.299182E-02  2.051385E-08  2.051609E-08
  6.402000E+03 -8.232303E-08  1.066927E-04  3.463864E-07  1.923103E-04 -1.667871E-02  2.051525E-08  2.051891E-08
  6.403000E+03  5.167761E-07  1.064177E-04 -2.110281E-07  1.927962E-04 -1.661811E-02  2.051410E-08  2.051732E-08
  6.404000E+03 -2.388673E-09  1.066056E-04 -1.008838E-06  1.924347E-04 -1.304515E-02  2.051288E-08  2.051544E-08
  6.405000E+03 -2.058538E-07  1.066097E-04  1.528588E-07  1.924411E-04 -1.812905E-02  2.051273E-08  2.051668E-08
  6.406000E+03  4.621389E-07  1.064110E-04  6.986839E-08  1.927809E-04 -1.455465E-02  2.051183E-08  2.051433E-08
  6.407000E+03  1.585698E-07  1.066838E-04 -1.017864E-06  1.922904E-04 -1.444611E-02  2.051214E-08  2.051536E-08
  6.408000E+03 -2.759680E-07  1.064942E-04 -1.114231E-07  1.926335E-04 -1.821373E-02  2.051096E-08  2.051470E-08
  6.409000E+03  3.541273E-07  1.064789E-04  2.847314E-07  1.926357E-04 -1.300937E-02  2.050990E-08  2.051202E-08
  6.410000E+03  3.107266E-07  1.066943E-04 -9.161799E-07  1.922732E-04 -1.650324E-02  2.051167E-08  2.051559E-08
  6.411000E+03 -2.811167E-07  1.064084E-04 -4.052600E-07  1.927824E-04 -1.688155E-02  2.051076E-08  2.051393E-08
  6.412000E+03  2.119004E-07  1.065864E-04  3.971843E-07  1.924395E-04 -1.280126E-02  2.050975E-08  2.051202E-08
  6.413000E+03  4.239768E-07  1.066237E-04 -7.195800E-07  1.923949E-04 -1.815004E-02  2.051048E-08  2.051476E-08
  6.414000E+03 -2.210764E-07  1.063928E-04 -6.699423E-07  1.927969E-04 -1.480124E-02  2.050996E-08  2.051249E-08
  6.415000E+03  5.901909E-08  1.066774E-04  3.898298E-07  1.922834E-04 -1.406398E-02  2.051026E-08  2.051311E-08
  6.416000E+03  4.813362E-07  1.065079E-04 -4.619111E-07  1.925967E-04 -1.846687E-02  2.050956E-08  2.051363E-08
  6.417000E+03 -1.109532E-07  1.064552E-04 -8.613831E-07  1.926666E-04 -1.307193E-02  2.050860E-08  2.051079E-08
  6.418000E+03 -8.240160E-08  1.067009E-04  2.762878E-07  1.922461E-04 -1.617967E-02  2.051014E-08  2.051370E-08
  6.419000E+03  4.781997E-07  1.064091E-04 -1.831045E-07  1.927671E-04 -1.726040E-02  2.050912E-08  2.051253E-08
  6.420000E+03  2.675008E-08  1.065661E-04 -9.543781E-07  1.924623E-04 -1.259916E-02  2.050833E-08  2.051067E-08
  6.421000E+03 -1.862966E-07  1.066394E-04  8.179928E-08  1.923550E-04 -1.805210E-02  2.050928E-08  2.051330E-08
  6.422000E+03  4.187843E-07  1.063794E-04  6.283396E-08  1.928102E-04 -1.511088E-02  2.050869E-08  2.051129E-08
  6.423000E+03  1.682974E-07  1.066707E-04 -9.400865E-07  1.922853E-04 -1.369452E-02  2.050929E-08  2.051224E-08
  6.424000E+03 -2.357398E-07  1.065230E-04 -1.594044E-07  1.925637E-04 -1.865714E-02  2.050889E-08  2.051286E-08
  6.425000E+03  3.160201E-07  1.064361E-04  2.334971E-07  1.926995E-04 -1.313115E-02  2.050841E-08  2.051047E-08
  6.426000E+03  2.943628E-07  1.067113E-04 -8.298813E-07  1.922257E-04 -1.587925E-02  2.051007E-08  2.051381E-08
  6.427000E+03 -2.269516E-07  1.064150E-04 -4.122523E-07  1.927626E-04 -1.758459E-02  2.050966E-08  2.051306E-08
  6.428000E+03  1.875778E-07  1.065559E-04  3.087734E-07  1.924949E-04 -1.237289E-02  2.050989E-08  2.051195E-08
  6.429000E+03  3.859174E-07  1.066628E-04 -6.446191E-07  1.923312E-04 -1.799137E-02  2.051127E-08  2.051554E-08
  6.430000E+03 -1.688037E-07  1.063770E-04 -6.331465E-07  1.928388E-04 -1.539123E-02  2.051118E-08  2.051383E-08
  6.431000E+03  5.703013E-08  1.066753E-04  2.890421E-07  1.923067E-04 -1.332941E-02  2.051255E-08  2.051515E-08
  6.432000E+03  4.284317E-07  1.065496E-04 -4.199374E-07  1.925522E-04 -1.882923E-02  2.051273E-08  2.051696E-08
  6.433000E+03 -7.383308E-08  1.064295E-04 -7.846498E-07  1.927473E-04 -1.326418E-02  2.051219E-08  2.051433E-08
  6.434000E+03 -5.459549E-08  1.067251E-04  1.836825E-07  1.922333E-04 -1.554561E-02  2.051363E-08  2.051702E-08
  6.435000E+03  4.161559E-07  1.064331E-04 -1.928161E-07  1.927636E-04 -1.788214E-02  2.051315E-08  2.051675E-08
  6.436000E+03  4.151998E-08  1.065483E-04 -8.436836E-07  1.925391E-04 -1.232357E-02  2.051315E-08  2.051529E-08
  6.437000E+03 -1.314581E-07  1.066797E-04  1.344009E-08  1.923240E-04 -1.781041E-02  2.051380E-08  2.051781E-08
  6.438000E+03  3.594058E-07  1.063801E-04 -1.658329E-09  1.928527E-04 -1.566231E-02  2.051318E-08  2.051590E-08
  6.439000E+03  1.564487E-07  1.066738E-04 -8.154420E-07  1.923285E-04 -1.313686E-02  2.051464E-08  2.051734E-08
  6.440000E+03 -1.638329E-07  1.065644E-04 -1.879978E-07  1.925416E-04 -1.887000E-02  2.051443E-08  2.051852E-08
  6.441000E+03  2.740893E-07  1.064226E-04  1.230674E-07  1.927725E-04 -1.336868E-02  2.051351E-08  2.051556E-08
  6.442000E+03  2.495266E-07  1.067314E-04 -7.156093E-07  1.922309E-04 -1.536237E-02  2.051465E-08  2.051819E-08
  6.443000E+03 -1.478822E-07  1.064414E-04 -3.814946E-07  1.927627E-04 -1.803760E-02  2.051458E-08  2.051814E-08
  6.444000E+03  1.759407E-07  1.065419E-04  1.625299E-07  1.925629E-04 -1.226247E-02  2.051447E-08  2.051642E-08
  6.445000E+03  3.079756E-07  1.066907E-04 -5.657550E-07  1.923126E-04 -1.773983E-02  2.051474E-08  2.051891E-08
  6.446000E+03 -9.331653E-08  1.063824E-04 -5.350720E-07  1.928619E-04 -1.583814E-02  2.051454E-08  2.051728E-08
  6.447000E+03  8.000460E-08  1.066715E-04  1.248880E-07  1.923443E-04 -1.300154E-02  2.051593E-08  2.051838E-08
  6.448000E+03  3.274843E-07  1.065762E-04 -3.921951E-07  1.925306E-04 -1.890510E-02  2.051552E-08  2.051975E-08
  6.449000E+03 -1.560252E-08  1.064188E-04 -6.291651E-07  1.927871E-04 -1.351732E-02  2.051429E-08  2.051641E-08
  6.450000E+03  5.246887E-09  1.067299E-04  2.673372E-08  1.922359E-04 -1.519696E-02  2.051494E-08  2.051822E-08
  6.451000E+03  3.065308E-07  1.064488E-04 -2.309223E-07  1.927489E-04 -1.814789E-02  2.051450E-08  2.051815E-08
  6.452000E+03  6.718492E-08  1.065317E-04 -6.477865E-07  1.925749E-04 -1.234863E-02  2.051378E-08  2.051581E-08
  6.453000E+03 -3.617672E-08  1.066865E-04 -1.053379E-07  1.923037E-04 -1.759335E-02  2.051303E-08  2.051698E-08
  6.454000E+03  2.562131E-07  1.063809E-04 -1.136962E-07  1.928442E-04 -1.596052E-02  2.051232E-08  2.051509E-08
  6.455000E+03  1.399862E-07  1.066596E-04 -6.017975E-07  1.923432E-04 -1.302023E-02  2.051351E-08  2.051605E-08
  6.456000E+03 -4.099387E-08  1.065684E-04 -2.442333E-07  1.925138E-04 -1.882748E-02  2.051225E-08  2.051633E-08
  6.457000E+03  1.931798E-07  1.064102E-04 -5.890048E-08  1.927692E-04 -1.356955E-02  2.051072E-08  2.051278E-08
  6.458000E+03  1.861104E-07  1.067200E-04 -5.117390E-07  1.922207E-04 -1.519777E-02  2.051143E-08  2.051481E-08
  6.459000E+03 -1.226552E-08  1.064397E-04 -3.551101E-07  1.927331E-04 -1.811848E-02  2.051109E-08  2.051467E-08
  6.460000E+03  1.346727E-07  1.065229E-04 -7.296141E-08  1.925596E-04 -1.233453E-02  2.051044E-08  2.051236E-08
  6.461000E+03  1.999136E-07  1.066804E-04 -4.072646E-07  1.922855E-04 -1.761038E-02  2.050992E-08  2.051396E-08
  6.462000E+03  3.472540E-08  1.063735E-04 -4.159297E-07  1.928333E-04 -1.596361E-02  2.050975E-08  2.051250E-08
  6.463000E+03  9.055463E-08  1.066525E-04 -1.330931E-07  1.923322E-04 -1.298820E-02  2.051098E-08  2.051341E-08
  6.464000E+03  1.867505E-07  1.065652E-04 -3.115159E-07  1.924984E-04 -1.884630E-02  2.050999E-08  2.051412E-08
  6.465000E+03  8.368486E-08  1.064035E-04 -4.254336E-07  1.927615E-04 -1.360878E-02  2.050860E-08  2.051069E-08
  6.466000E+03  7.025616E-08  1.067150E-04 -2.142213E-07  1.922137E-04 -1.512580E-02  2.050974E-08  2.051301E-08
  6.467000E+03  1.546361E-07  1.064397E-04 -2.487039E-07  1.927198E-04 -1.815542E-02  2.050965E-08  2.051325E-08
  6.468000E+03  1.184501E-07  1.065164E-04 -3.876600E-07  1.925576E-04 -1.238546E-02  2.050896E-08  2.051092E-08
  6.469000E+03  7.792834E-08  1.066764E-04 -2.877278E-07  1.922796E-04 -1.752361E-02  2.050855E-08  2.051250E-08
  6.470000E+03  1.179981E-07  1.063751E-04 -2.373324E-07  1.928217E-04 -1.600003E-02  2.050880E-08  2.051155E-08
  6.471000E+03  1.312911E-07  1.066467E-04 -3.252583E-07  1.923340E-04 -1.303092E-02  2.051003E-08  2.051250E-08
  6.472000E+03  1.077485E-07  1.065620E-04 -3.343052E-07  1.924953E-04 -1.873853E-02  2.050908E-08  2.051315E-08
  6.473000E+03  8.921834E-08  1.064072E-04 -2.749282E-07  1.927517E-04 -1.363493E-02  2.050825E-08  2.051033E-08
  6.474000E+03  1.194547E-07  1.067109E-04 -2.604586E-07  1.922195E-04 -1.516569E-02  2.050956E-08  2.051284E-08
  6.475000E+03  1.463045E-07  1.064389E-04 -3.389142E-07  1.927196E-04 -1.804799E-02  2.050951E-08  2.051308E-08
  6.476000E+03  8.109048E-08  1.065223E-04 -3.444735E-07  1.925522E-04 -1.240931E-02  2.050953E-08  2.051150E-08
  6.477000E+03  8.624083E-08  1.066762E-04 -2.206549E-07  1.922907E-04 -1.754371E-02  2.050969E-08  2.051363E-08
  6.478000E+03  1.752862E-07  1.063801E-04 -2.948274E-07  1.928255E-04 -1.592514E-02  2.051019E-08  2.051294E-08
  6.479000E+03  9.948547E-08  1.066520E-04 -4.143894E-07  1.923399E-04 -1.307084E-02  2.051168E-08  2.051417E-08
  6.480000E+03  4.099788E-08  1.065663E-04 -2.240574E-07  1.925073E-04 -1.871173E-02  2.051119E-08  2.051523E-08
  6.481000E+03  1.854315E-07  1.064170E-04 -2.136580E-07  1.927587E-04 -1.362276E-02  2.051090E-08  2.051299E-08
  6.482000E+03  1.395844E-07  1.067140E-04 -4.630947E-07  1.922372E-04 -1.519324E-02  2.051203E-08  2.051536E-08
  6.483000E+03 -7.131586E-10  1.064480E-04 -2.724445E-07  1.927278E-04 -1.798878E-02  2.051217E-08  2.051569E-08
  6.484000E+03  1.695549E-07  1.065333E-04 -1.206627E-07  1.925621E-04 -1.249003E-02  2.051267E-08  2.051465E-08
  6.485000E+03  1.924650E-07  1.066766E-04 -4.701149E-07  1.923170E-04 -1.749973E-02  2.051258E-08  2.051656E-08
  6.486000E+03 -1.998592E-08  1.063933E-04 -3.619789E-07  1.928257E-04 -1.588023E-02  2.051279E-08  2.051552E-08
  6.487000E+03  1.216573E-07  1.066569E-04 -4.849480E-08  1.923552E-04 -1.321753E-02  2.051421E-08  2.051669E-08
  6.488000E+03  2.495665E-07  1.065660E-04 -4.175566E-07  1.925305E-04 -1.854279E-02  2.051368E-08  2.051773E-08
  6.489000E+03 -8.096489E-09  1.064335E-04 -4.821998E-07  1.927508E-04 -1.365669E-02  2.051322E-08  2.051535E-08
  6.490000E+03  4.843790E-08  1.067109E-04 -1.903623E-08  1.922616E-04 -1.533856E-02  2.051400E-08  2.051726E-08
  6.491000E+03  2.958927E-07  1.064519E-04 -3.077245E-07  1.927390E-04 -1.774011E-02  2.051421E-08  2.051773E-08
  6.492000E+03  3.713367E-08  1.065503E-04 -6.053507E-07  1.925531E-04 -1.265051E-02  2.051496E-08  2.051708E-08
  6.493000E+03 -3.445175E-08  1.066692E-04 -4.781429E-08  1.923506E-04 -1.755876E-02  2.051472E-08  2.051858E-08
  6.494000E+03  3.120001E-07  1.064036E-04 -1.572287E-07  1.928235E-04 -1.566459E-02  2.051461E-08  2.051733E-08
  6.495000E+03  1.146831E-07  1.066659E-04 -6.926743E-07  1.923545E-04 -1.347509E-02  2.051580E-08  2.051850E-08
  6.496000E+03 -1.108451E-07  1.065570E-04 -1.444693E-07  1.925591E-04 -1.845049E-02  2.051504E-08  2.051893E-08
  6.497000E+03  2.872194E-07  1.064472E-04  9.997764E-09  1.927346E-04 -1.356668E-02  2.051417E-08  2.051631E-08
  6.498000E+03  2.148802E-07  1.067044E-04 -7.163444E-07  1.922725E-04 -1.560006E-02  2.051383E-08  2.051733E-08
  6.499000E+03 -1.620332E-07  1.064469E-04 -3.035565E-07  1.927449E-04 -1.750207E-02  2.051396E-08  2.051733E-08
  6.500000E+03  2.189158E-07  1.065613E-04  1.592658E-07  1.925302E-04 -1.276923E-02  2.051461E-08  2.051674E-08
  6.501000E+03  3.204448E-07  1.066510E-04 -6.587691E-07  1.923721E-04 -1.765064E-02  2.051349E-08  2.051754E-08
  6.502000E+03 -1.691266E-07  1.064073E-04 -5.048822E-07  1.928023E-04 -1.542734E-02  2.051313E-08  2.051579E-08
  6.503000E+03  1.093259E-07  1.066660E-04  2.520274E-07  1.923406E-04 -1.375662E-02  2.051427E-08  2.051694E-08
  6.504000E+03  4.144762E-07  1.065385E-04 -5.121558E-07  1.925774E-04 -1.828543E-02  2.051349E-08  2.051750E-08
  6.505000E+03 -1.238616E-07  1.064583E-04 -7.213457E-07  1.926959E-04 -1.352124E-02  2.051222E-08  2.051445E-08
  6.506000E+03 -2.638895E-08  1.066901E-04  2.612086E-07  1.922797E-04 -1.586907E-02  2.051175E-08  2.051515E-08
  6.507000E+03  4.732733E-07  1.064384E-04 -2.890911E-07  1.927422E-04 -1.717546E-02  2.051214E-08  2.051556E-08
  6.508000E+03 -2.643263E-08  1.065715E-04 -9.064599E-07  1.924939E-04 -1.297042E-02  2.051264E-08  2.051504E-08
  6.509000E+03 -1.631037E-07  1.066267E-04  1.691024E-07  1.923935E-04 -1.774630E-02  2.051106E-08  2.051492E-08
  6.510000E+03  4.748452E-07  1.064089E-04 -2.287653E-08  1.927744E-04 -1.511625E-02  2.051056E-08  2.051325E-08
  6.511000E+03  1.150782E-07  1.066660E-04 -1.011403E-06  1.923184E-04 -1.409177E-02  2.051180E-08  2.051485E-08
  6.512000E+03 -2.763503E-07  1.065156E-04 -2.609977E-08  1.925934E-04 -1.816571E-02  2.051082E-08  2.051459E-08
  6.513000E+03  4.125950E-07  1.064663E-04  2.433898E-07  1.926552E-04 -1.339293E-02  2.050945E-08  2.051169E-08
  6.514000E+03  2.797014E-07  1.066769E-04 -1.008180E-06  1.922785E-04 -1.615686E-02  2.050900E-08  2.051280E-08
  6.515000E+03 -3.392186E-07  1.064281E-04 -3.027643E-07  1.927369E-04 -1.692156E-02  2.050968E-08  2.051291E-08
  6.516000E+03  2.902290E-07  1.065773E-04  4.544165E-07  1.924610E-04 -1.309481E-02  2.051022E-08  2.051259E-08
  6.517000E+03  4.394400E-07  1.066063E-04 -8.838833E-07  1.924087E-04 -1.778667E-02  2.050874E-08  2.051293E-08
  6.518000E+03 -3.326572E-07  1.064142E-04 -6.198571E-07  1.927453E-04 -1.491541E-02  2.050855E-08  2.051119E-08
  6.519000E+03  1.191888E-07  1.066612E-04  5.647121E-07  1.923100E-04 -1.436512E-02  2.050991E-08  2.051285E-08
  6.520000E+03  5.689186E-07  1.064999E-04 -6.426212E-07  1.926072E-04 -1.791395E-02  2.050935E-08  2.051334E-08
  6.521000E+03 -2.509336E-07  1.064822E-04 -9.318834E-07  1.926158E-04 -1.341328E-02  2.050832E-08  2.051073E-08
  6.522000E+03 -7.717049E-08  1.066632E-04  5.462544E-07  1.923006E-04 -1.635866E-02  2.050865E-08  2.051221E-08
  6.523000E+03  6.373577E-07  1.064284E-04 -3.079069E-07  1.927356E-04 -1.655774E-02  2.050973E-08  2.051310E-08
  6.524000E+03 -1.000438E-07  1.065920E-04 -1.174337E-06  1.924383E-04 -1.334490E-02  2.051055E-08  2.051328E-08
  6.525000E+03 -2.640518E-07  1.065901E-04  3.857189E-07  1.924457E-04 -1.776871E-02  2.050957E-08  2.051342E-08
  6.526000E+03  6.243509E-07  1.064296E-04  6.690352E-08  1.927272E-04 -1.464660E-02  2.050968E-08  2.051240E-08
  6.527000E+03  1.003767E-07  1.066655E-04 -1.293179E-06  1.923146E-04 -1.471520E-02  2.051111E-08  2.051452E-08
  6.528000E+03 -4.091439E-07  1.064895E-04  9.824286E-08  1.926366E-04 -1.768635E-02  2.051056E-08  2.051419E-08
  6.529000E+03  5.287452E-07  1.065052E-04  4.194552E-07  1.925902E-04 -1.337492E-02  2.051002E-08  2.051246E-08
  6.530000E+03  3.193673E-07  1.066551E-04 -1.263866E-06  1.923310E-04 -1.662513E-02  2.051024E-08  2.051430E-08
  6.531000E+03 -4.806556E-07  1.064309E-04 -2.785150E-07  1.927433E-04 -1.622288E-02  2.051114E-08  2.051423E-08
  6.532000E+03  3.583649E-07  1.066099E-04  6.819481E-07  1.924215E-04 -1.356421E-02  2.051214E-08  2.051483E-08
  6.533000E+03  5.216673E-07  1.065758E-04 -1.076316E-06  1.924874E-04 -1.777208E-02  2.051126E-08  2.051552E-08
  6.534000E+03 -4.611012E-07  1.064468E-04 -6.881901E-07  1.927113E-04 -1.439350E-02  2.051138E-08  2.051401E-08
  6.535000E+03  1.353868E-07  1.066699E-04  8.042246E-07  1.923227E-04 -1.506588E-02  2.051271E-08  2.051596E-08
  6.536000E+03  6.767536E-07  1.064803E-04 -7.519235E-07  1.926703E-04 -1.739810E-02  2.051249E-08  2.051641E-08
  6.537000E+03 -3.518593E-07  1.065339E-04 -1.070102E-06  1.925624E-04 -1.337504E-02  2.051258E-08  2.051520E-08
  6.538000E+03 -1.063649E-07  1.066468E-04  7.646312E-07  1.923722E-04 -1.690828E-02  2.051295E-08  2.051670E-08
  6.539000E+03  7.526428E-07  1.064347E-04 -3.338073E-07  1.927581E-04 -1.578601E-02  2.051359E-08  2.051685E-08
  6.540000E+03 -1.636822E-07  1.066374E-04 -1.353966E-06  1.923986E-04 -1.386313E-02  2.051492E-08  2.051803E-08
  6.541000E+03 -3.291536E-07  1.065566E-04  5.570288E-07  1.925467E-04 -1.782820E-02  2.051387E-08  2.051771E-08
  6.542000E+03  7.309457E-07  1.064656E-04  1.174760E-07  1.926962E-04 -1.398868E-02  2.051351E-08  2.051622E-08
  6.543000E+03  7.963084E-08  1.066809E-04 -1.486691E-06  1.923188E-04 -1.559198E-02  2.051424E-08  2.051809E-08
  6.544000E+03 -4.971425E-07  1.064609E-04  2.021591E-07  1.927194E-04 -1.713400E-02  2.051406E-08  2.051751E-08
  6.545000E+03  6.133432E-07  1.065623E-04  5.306374E-07  1.925244E-04 -1.322732E-02  2.051404E-08  2.051667E-08
  6.546000E+03  3.402985E-07  1.066373E-04 -1.444366E-06  1.923982E-04 -1.738773E-02  2.051372E-08  2.051811E-08
  6.547000E+03 -5.782301E-07  1.064281E-04 -2.492051E-07  1.927750E-04 -1.532643E-02  2.051427E-08  2.051715E-08
  6.548000E+03  4.124607E-07  1.066601E-04  8.338137E-07  1.923621E-04 -1.407201E-02  2.051533E-08  2.051838E-08
  6.549000E+03  5.792761E-07  1.065339E-04 -1.223572E-06  1.925894E-04 -1.798287E-02  2.051399E-08  2.051836E-08
  6.550000E+03 -5.543090E-07  1.064751E-04 -7.337469E-07  1.926745E-04 -1.361043E-02  2.051314E-08  2.051570E-08
  6.551000E+03  1.528006E-07  1.066845E-04  9.739572E-07  1.923060E-04 -1.600807E-02  2.051343E-08  2.051711E-08
  6.552000E+03  7.597575E-07  1.064407E-04 -8.457282E-07  1.927498E-04 -1.691225E-02  2.051349E-08  2.051731E-08
  6.553000E+03 -4.276617E-07  1.065807E-04 -1.177849E-06  1.924817E-04 -1.315929E-02  2.051306E-08  2.051585E-08
  6.554000E+03 -1.269324E-07  1.066214E-04  9.276689E-07  1.924144E-04 -1.774679E-02  2.051227E-08  2.051633E-08
  6.555000E+03  8.457821E-07  1.064189E-04 -3.606356E-07  1.927753E-04 -1.492024E-02  2.051265E-08  2.051576E-08
  6.556000E+03 -2.125599E-07  1.066740E-04 -1.500915E-06  1.923207E-04 -1.430601E-02  2.051352E-08  2.051701E-08
  6.557000E+03 -3.829196E-07  1.065076E-04  6.913137E-07  1.926172E-04 -1.810519E-02  2.051182E-08  2.051574E-08
  6.558000E+03  8.198089E-07  1.064790E-04  1.586457E-07  1.926450E-04 -1.325501E-02  2.051085E-08  2.051352E-08
  6.559000E+03  6.269258E-08  1.066851E-04 -1.648270E-06  1.922854E-04 -1.638475E-02  2.051123E-08  2.051552E-08
  6.560000E+03 -5.729495E-07  1.064191E-04  2.898530E-07  1.927679E-04 -1.677648E-02  2.051130E-08  2.051465E-08
  6.561000E+03  6.853833E-07  1.065913E-04  6.270189E-07  1.924427E-04 -1.303388E-02  2.051097E-08  2.051376E-08
  6.562000E+03  3.550715E-07  1.066095E-04 -1.595875E-06  1.924187E-04 -1.802867E-02  2.051033E-08  2.051503E-08
  6.563000E+03 -6.613517E-07  1.064113E-04 -2.182572E-07  1.927717E-04 -1.466773E-02  2.051087E-08  2.051363E-08
  6.564000E+03  4.609450E-07  1.066786E-04  9.614560E-07  1.922940E-04 -1.442843E-02  2.051151E-08  2.051486E-08
  6.565000E+03  6.194130E-07  1.064923E-04 -1.347276E-06  1.926297E-04 -1.812585E-02  2.051021E-08  2.051470E-08
  6.566000E+03 -6.309213E-07  1.064847E-04 -7.570840E-07  1.926211E-04 -1.312496E-02  2.050943E-08  2.051199E-08
  6.567000E+03  1.754546E-07  1.066783E-04  1.107465E-06  1.922870E-04 -1.654496E-02  2.051005E-08  2.051399E-08
  6.568000E+03  8.140230E-07  1.064137E-04 -9.290922E-07  1.927683E-04 -1.660409E-02  2.051036E-08  2.051416E-08
  6.569000E+03 -4.884344E-07  1.065986E-04 -1.240217E-06  1.924213E-04 -1.313683E-02  2.051007E-08  2.051302E-08
  6.570000E+03 -1.276258E-07  1.065966E-04  1.047009E-06  1.924389E-04 -1.801551E-02  2.051001E-08  2.051417E-08
  6.571000E+03  9.051481E-07  1.064186E-04 -4.020154E-07  1.927538E-04 -1.451848E-02  2.051043E-08  2.051353E-08
  6.572000E+03 -2.561540E-07  1.066771E-04 -1.585624E-06  1.922912E-04 -1.467392E-02  2.051086E-08  2.051458E-08
  6.573000E+03 -3.995767E-07  1.064826E-04  7.885532E-07  1.926463E-04 -1.790489E-02  2.051019E-08  2.051405E-08
  6.574000E+03  8.762494E-07  1.065007E-04  1.505890E-07  1.925943E-04 -1.314739E-02  2.050965E-08  2.051243E-08
  6.575000E+03  3.351369E-08  1.066674E-04 -1.737635E-06  1.923087E-04 -1.674502E-02  2.051020E-08  2.051464E-08
  6.576000E+03 -5.961155E-07  1.064143E-04  3.635890E-07  1.927687E-04 -1.629568E-02  2.051061E-08  2.051383E-08
  6.577000E+03  7.318244E-07  1.066126E-04  6.388887E-07  1.924022E-04 -1.334876E-02  2.051068E-08  2.051368E-08
  6.578000E+03  3.371008E-07  1.065824E-04 -1.673754E-06  1.924718E-04 -1.802699E-02  2.051078E-08  2.051547E-08
  6.579000E+03 -6.854633E-07  1.064299E-04 -1.657581E-07  1.927393E-04 -1.427393E-02  2.051114E-08  2.051383E-08
  6.580000E+03  4.978913E-07  1.066811E-04  9.820099E-07  1.922930E-04 -1.494626E-02  2.051174E-08  2.051529E-08
  6.581000E+03  6.081499E-07  1.064753E-04 -1.411417E-06  1.926713E-04 -1.771630E-02  2.051151E-08  2.051585E-08
  6.582000E+03 -6.556656E-07  1.065204E-04 -7.172463E-07  1.925770E-04 -1.309688E-02  2.051162E-08  2.051424E-08
  6.583000E+03  2.083381E-07  1.066632E-04  1.132181E-06  1.923372E-04 -1.693132E-02  2.051237E-08  2.051640E-08
  6.584000E+03  8.034350E-07  1.064198E-04 -9.857741E-07  1.927788E-04 -1.602575E-02  2.051285E-08  2.051647E-08
  6.585000E+03 -5.123323E-07  1.066318E-04 -1.202308E-06  1.923938E-04 -1.353685E-02  2.051343E-08  2.051655E-08
  6.586000E+03 -9.482884E-08  1.065715E-04  1.070132E-06  1.925163E-04 -1.801655E-02  2.051341E-08  2.051749E-08
  6.587000E+03  8.931722E-07  1.064462E-04 -4.575289E-07  1.927285E-04 -1.404961E-02  2.051320E-08  2.051619E-08
  6.588000E+03 -2.805420E-07  1.066885E-04 -1.544649E-06  1.922968E-04 -1.531705E-02  2.051345E-08  2.051736E-08
  6.589000E+03 -3.649058E-07  1.064635E-04  8.112855E-07  1.927093E-04 -1.746735E-02  2.051336E-08  2.051700E-08
  6.590000E+03  8.663642E-07  1.065432E-04  8.990604E-08  1.925503E-04 -1.303223E-02  2.051318E-08  2.051598E-08
  6.591000E+03  3.184920E-09  1.066575E-04 -1.696472E-06  1.923594E-04 -1.729133E-02  2.051350E-08  2.051803E-08
  6.592000E+03 -5.586515E-07  1.064160E-04  3.959279E-07  1.927966E-04 -1.564771E-02  2.051413E-08  2.051710E-08
  6.593000E+03  7.302202E-07  1.066515E-04  5.667825E-07  1.923688E-04 -1.368494E-02  2.051450E-08  2.051765E-08
  6.594000E+03  2.977173E-07  1.065567E-04 -1.642266E-06  1.925489E-04 -1.818894E-02  2.051398E-08  2.051859E-08
  6.595000E+03 -6.463943E-07  1.064521E-04 -1.168682E-07  1.927205E-04 -1.372369E-02  2.051357E-08  2.051608E-08
  6.596000E+03  5.076215E-07  1.066962E-04  8.986057E-07  1.922867E-04 -1.558191E-02  2.051377E-08  2.051752E-08
  6.597000E+03  5.596044E-07  1.064513E-04 -1.395498E-06  1.927350E-04 -1.738908E-02  2.051379E-08  2.051790E-08
  6.598000E+03 -6.191211E-07  1.065553E-04 -6.486225E-07  1.925300E-04 -1.291669E-02  2.051339E-08  2.051596E-08
  6.599000E+03  2.313980E-07  1.066538E-04  1.044118E-06  1.923692E-04 -1.751218E-02  2.051376E-08  2.051791E-08
  6.600000E+03  7.481719E-07  1.064132E-04 -9.910857E-07  1.928047E-04 -1.544919E-02  2.051451E-08  2.051786E-08
  6.601000E+03 -4.859134E-07  1.066601E-04 -1.113259E-06  1.923524E-04 -1.378704E-02  2.051438E-08  2.051756E-08
  6.602000E+03 -5.749125E-08  1.065459E-04  9.915919E-07  1.925653E-04 -1.825280E-02  2.051362E-08  2.051768E-08
  6.603000E+03  8.351607E-07  1.064578E-04 -4.887820E-07  1.927082E-04 -1.356478E-02  2.051340E-08  2.051619E-08
  6.604000E+03 -2.708196E-07  1.066931E-04 -1.438206E-06  1.922830E-04 -1.579801E-02  2.051272E-08  2.051671E-08
  6.605000E+03 -3.129746E-07  1.064405E-04  7.548896E-07  1.927402E-04 -1.727755E-02  2.051231E-08  2.051579E-08
  6.606000E+03  8.106635E-07  1.065622E-04  2.845143E-08  1.925044E-04 -1.292834E-02  2.051198E-08  2.051471E-08
  6.607000E+03 -7.554440E-09  1.066400E-04 -1.579818E-06  1.923774E-04 -1.764843E-02  2.051193E-08  2.051644E-08
  6.608000E+03 -4.952459E-07  1.064098E-04  3.712850E-07  1.927891E-04 -1.528702E-02  2.051226E-08  2.051505E-08
  6.609000E+03  6.855236E-07  1.066564E-04  4.749683E-07  1.923339E-04 -1.395231E-02  2.051164E-08  2.051481E-08
  6.610000E+03  2.658222E-07  1.065324E-04 -1.531901E-06  1.925671E-04 -1.817827E-02  2.051126E-08  2.051571E-08
  6.611000E+03 -5.776520E-07  1.064622E-04 -1.039826E-07  1.926789E-04 -1.356156E-02  2.051113E-08  2.051354E-08
  6.612000E+03  4.827954E-07  1.066775E-04  7.820513E-07  1.922905E-04 -1.588194E-02  2.051048E-08  2.051421E-08
  6.613000E+03  5.064527E-07  1.064425E-04 -1.308688E-06  1.927197E-04 -1.710625E-02  2.051057E-08  2.051446E-08
  6.614000E+03 -5.520873E-07  1.065637E-04 -5.929399E-07  1.924914E-04 -1.314782E-02  2.051082E-08  2.051340E-08
  6.615000E+03  2.327857E-07  1.066244E-04  9.120338E-07  1.923999E-04 -1.745491E-02  2.051139E-08  2.051538E-08
  6.616000E+03  6.780020E-07  1.064263E-04 -9.432861E-07  1.927526E-04 -1.527133E-02  2.051155E-08  2.051476E-08
  6.617000E+03 -4.310420E-07  1.066437E-04 -1.015542E-06  1.923510E-04 -1.423073E-02  2.051095E-08  2.051413E-08
  6.618000E+03 -2.586299E-08  1.065293E-04  8.615224E-07  1.925739E-04 -1.775229E-02  2.051153E-08  2.051531E-08
  6.619000E+03  7.559143E-07  1.064817E-04 -4.935842E-07  1.926461E-04 -1.382986E-02  2.051132E-08  2.051412E-08
  6.620000E+03 -2.401078E-07  1.066522E-04 -1.305347E-06  1.923322E-04 -1.597237E-02  2.051002E-08  2.051385E-08
  6.621000E+03 -2.490911E-07  1.064555E-04  6.488448E-07  1.926938E-04 -1.669763E-02  2.051046E-08  2.051370E-08
  6.622000E+03  7.299806E-07  1.065703E-04 -3.839188E-08  1.924795E-04 -1.363703E-02  2.051070E-08  2.051354E-08
  6.623000E+03 -1.024699E-08  1.065985E-04 -1.420104E-06  1.924405E-04 -1.720687E-02  2.051082E-08  2.051493E-08
  6.624000E+03 -4.035768E-07  1.064491E-04  3.105605E-07  1.927014E-04 -1.513926E-02  2.051053E-08  2.051325E-08
  6.625000E+03  6.170455E-07  1.066287E-04  3.450041E-07  1.923702E-04 -1.466536E-02  2.050997E-08  2.051318E-08
  6.626000E+03  2.233352E-07  1.065197E-04 -1.367407E-06  1.925836E-04 -1.724704E-02  2.051089E-08  2.051483E-08
  6.627000E+03 -4.723700E-07  1.065050E-04 -9.668843E-08  1.926004E-04 -1.407447E-02  2.051088E-08  2.051342E-08
  6.628000E+03  4.448765E-07  1.066258E-04  6.034687E-07  1.923805E-04 -1.608543E-02  2.051007E-08  2.051361E-08
  6.629000E+03  4.224157E-07  1.064722E-04 -1.174042E-06  1.926696E-04 -1.622208E-02  2.051125E-08  2.051472E-08
  6.630000E+03 -4.499241E-07  1.065824E-04 -5.021493E-07  1.924720E-04 -1.414734E-02  2.051208E-08  2.051486E-08
  6.631000E+03  2.408635E-07  1.065760E-04  7.064383E-07  1.924950E-04 -1.691308E-02  2.051241E-08  2.051599E-08
  6.632000E+03  5.589279E-07  1.064833E-04 -8.733645E-07  1.926569E-04 -1.497098E-02  2.051245E-08  2.051549E-08
  6.633000E+03 -3.503725E-07  1.066223E-04 -8.407636E-07  1.924044E-04 -1.518640E-02  2.051224E-08  2.051549E-08
  6.634000E+03  3.425228E-08  1.065126E-04  6.604977E-07  1.926159E-04 -1.667479E-02  2.051316E-08  2.051643E-08
  6.635000E+03  6.197384E-07  1.065405E-04 -5.131110E-07  1.925581E-04 -1.429471E-02  2.051314E-08  2.051603E-08
  6.636000E+03 -1.987274E-07  1.066045E-04 -1.068843E-06  1.924402E-04 -1.636432E-02  2.051224E-08  2.051587E-08
  6.637000E+03 -1.423708E-07  1.064840E-04  4.911006E-07  1.926664E-04 -1.562915E-02  2.051338E-08  2.051622E-08
  6.638000E+03  6.009809E-07  1.066024E-04 -1.542208E-07  1.924518E-04 -1.466073E-02  2.051363E-08  2.051668E-08
  6.639000E+03 -1.974392E-08  1.065498E-04 -1.161008E-06  1.925509E-04 -1.683448E-02  2.051335E-08  2.051700E-08
  6.640000E+03 -2.624316E-07  1.065067E-04  2.275257E-07  1.926216E-04 -1.461869E-02  2.051331E-08  2.051587E-08
  6.641000E+03  5.157203E-07  1.066198E-04  1.419349E-07  1.924147E-04 -1.570673E-02  2.051269E-08  2.051603E-08
  6.642000E+03  1.588640E-07  1.064967E-04 -1.122855E-06  1.926425E-04 -1.631692E-02  2.051307E-08  2.051643E-08
  6.643000E+03 -3.136175E-07  1.065640E-04 -8.489567E-08  1.925156E-04 -1.432457E-02  2.051312E-08  2.051574E-08
  6.644000E+03  3.863826E-07  1.065859E-04  3.351354E-07  1.924761E-04 -1.661435E-02  2.051240E-08  2.051587E-08
  6.645000E+03  3.090719E-07  1.064891E-04 -9.780641E-07  1.926556E-04 -1.523835E-02  2.051333E-08  2.051632E-08
  6.646000E+03 -2.973494E-07  1.066116E-04 -3.903387E-07  1.924337E-04 -1.500298E-02  2.051336E-08  2.051633E-08
  6.647000E+03  2.352600E-07  1.065303E-04  4.121116E-07  1.925874E-04 -1.668394E-02  2.051354E-08  2.051683E-08
  6.648000E+03  4.106319E-07  1.065289E-04 -7.556532E-07  1.925853E-04 -1.447362E-02  2.051375E-08  2.051654E-08
  6.649000E+03 -2.264736E-07  1.066086E-04 -6.399610E-07  1.924352E-04 -1.609311E-02  2.051259E-08  2.051594E-08
  6.650000E+03  8.550681E-08  1.064911E-04  3.813165E-07  1.926529E-04 -1.589171E-02  2.051323E-08  2.051612E-08
  6.651000E+03  4.526465E-07  1.065881E-04 -4.930552E-07  1.924790E-04 -1.455575E-02  2.051379E-08  2.051670E-08
  6.652000E+03 -1.197673E-07  1.065610E-04 -7.989354E-07  1.925233E-04 -1.675656E-02  2.051260E-08  2.051608E-08
  6.653000E+03 -3.810039E-08  1.065005E-04  2.616327E-07  1.926303E-04 -1.483999E-02  2.051297E-08  2.051553E-08
  6.654000E+03  4.363541E-07  1.066167E-04 -2.396124E-07  1.924189E-04 -1.549391E-02  2.051260E-08  2.051581E-08
  6.655000E+03  3.669252E-09  1.065058E-04 -8.559336E-07  1.926232E-04 -1.644890E-02  2.051271E-08  2.051598E-08
  6.656000E+03 -1.172825E-07  1.065511E-04  7.725284E-08  1.925349E-04 -1.437090E-02  2.051269E-08  2.051522E-08
  6.657000E+03  3.758392E-07  1.065882E-04 -4.120854E-08  1.924553E-04 -1.652232E-02  2.051067E-08  2.051409E-08
  6.658000E+03  1.226327E-07  1.064839E-04 -8.232346E-07  1.926480E-04 -1.542224E-02  2.051148E-08  2.051438E-08
  6.659000E+03 -1.453723E-07  1.066050E-04 -1.351597E-07  1.924363E-04 -1.485295E-02  2.051241E-08  2.051523E-08
  6.660000E+03  2.903262E-07  1.065290E-04  7.527932E-08  1.925671E-04 -1.677390E-02  2.051110E-08  2.051441E-08
  6.661000E+03  2.174167E-07  1.065179E-04 -7.242457E-07  1.925822E-04 -1.452047E-02  2.051129E-08  2.051397E-08
  6.662000E+03 -1.288852E-07  1.066105E-04 -3.323788E-07  1.924195E-04 -1.598871E-02  2.051132E-08  2.051454E-08
  6.663000E+03  1.966384E-07  1.064856E-04  1.104816E-07  1.926516E-04 -1.598489E-02  2.051201E-08  2.051492E-08
  6.664000E+03  2.764509E-07  1.065823E-04 -5.835357E-07  1.924726E-04 -1.451233E-02  2.051200E-08  2.051480E-08
  6.665000E+03 -8.188670E-08  1.065566E-04 -4.816533E-07  1.925063E-04 -1.683608E-02  2.050991E-08  2.051331E-08
  6.666000E+03  1.102113E-07  1.064916E-04  8.079206E-08  1.926304E-04 -1.475121E-02  2.051129E-08  2.051381E-08
  6.667000E+03  2.942310E-07  1.066283E-04 -4.273265E-07  1.923961E-04 -1.550124E-02  2.051240E-08  2.051559E-08
  6.668000E+03 -1.909628E-08  1.064873E-04 -5.616230E-07  1.926416E-04 -1.659996E-02  2.051106E-08  2.051423E-08
  6.669000E+03  4.556655E-08  1.065518E-04  4.540916E-09  1.925181E-04 -1.407898E-02  2.051111E-08  2.051355E-08
  6.670000E+03  2.770288E-07  1.066057E-04 -2.885301E-07  1.924294E-04 -1.681254E-02  2.051117E-08  2.051470E-08
  6.671000E+03  4.489532E-08  1.064575E-04 -5.740498E-07  1.926993E-04 -1.533361E-02  2.051187E-08  2.051458E-08
  6.672000E+03  1.152318E-08  1.066249E-04 -9.608817E-08  1.923943E-04 -1.459528E-02  2.051185E-08  2.051463E-08
  6.673000E+03  2.402331E-07  1.065247E-04 -1.954700E-07  1.925653E-04 -1.736433E-02  2.050987E-08  2.051337E-08
  6.674000E+03  9.754262E-08  1.064935E-04 -5.399947E-07  1.926235E-04 -1.395499E-02  2.051115E-08  2.051351E-08
  6.675000E+03  7.742824E-09  1.066555E-04 -1.963188E-07  1.923477E-04 -1.608014E-02  2.051230E-08  2.051564E-08
  6.676000E+03  1.997442E-07  1.064473E-04 -1.589308E-07  1.927154E-04 -1.653805E-02  2.051124E-08  2.051428E-08
  6.677000E+03  1.306582E-07  1.065821E-04 -4.846574E-07  1.924632E-04 -1.357972E-02  2.051124E-08  2.051369E-08
  6.678000E+03  2.313063E-08  1.066034E-04 -2.721536E-07  1.924384E-04 -1.753979E-02  2.051144E-08  2.051515E-08
  6.679000E+03  1.674480E-07  1.064339E-04 -1.657727E-07  1.927472E-04 -1.473437E-02  2.051261E-08  2.051503E-08
  6.680000E+03  1.422105E-07  1.066689E-04 -4.298182E-07  1.923263E-04 -1.466713E-02  2.051303E-08  2.051602E-08
  6.681000E+03  4.439062E-08  1.064967E-04 -3.100487E-07  1.926311E-04 -1.782364E-02  2.051132E-08  2.051488E-08
  6.682000E+03  1.471654E-07  1.065007E-04 -1.927459E-07  1.926234E-04 -1.315579E-02  2.051275E-08  2.051483E-08
  6.683000E+03  1.364941E-07  1.066880E-04 -3.860405E-07  1.923053E-04 -1.671022E-02  2.051379E-08  2.051748E-08
  6.684000E+03  6.102760E-08  1.064079E-04 -3.108467E-07  1.928002E-04 -1.647341E-02  2.051268E-08  2.051562E-08
  6.685000E+03  1.420872E-07  1.066151E-04 -2.216239E-07  1.924157E-04 -1.298611E-02  2.051269E-08  2.051501E-08
  6.686000E+03  1.242734E-07  1.066085E-04 -3.673128E-07  1.924414E-04 -1.839093E-02  2.051242E-08  2.051648E-08
  6.687000E+03  6.312501E-08  1.064025E-04 -2.884589E-07  1.928077E-04 -1.420124E-02  2.051315E-08  2.051536E-08
  6.688000E+03  1.532859E-07  1.067117E-04 -2.337870E-07  1.922569E-04 -1.454431E-02  2.051389E-08  2.051695E-08
  6.689000E+03  1.175961E-07  1.064748E-04 -3.844049E-07  1.926781E-04 -1.847414E-02  2.051186E-08  2.051564E-08
  6.690000E+03  5.022559E-08  1.064931E-04 -2.661155E-07  1.926345E-04 -1.243482E-02  2.051265E-08  2.051452E-08
  6.691000E+03  1.714834E-07  1.067184E-04 -2.216620E-07  1.922518E-04 -1.708110E-02  2.051382E-08  2.051772E-08
  6.692000E+03  1.242519E-07  1.063749E-04 -4.247816E-07  1.928637E-04 -1.660951E-02  2.051302E-08  2.051600E-08
  6.693000E+03  2.660072E-08  1.066333E-04 -2.621241E-07  1.923818E-04 -1.245111E-02  2.051272E-08  2.051495E-08
  6.694000E+03  1.825625E-07  1.066143E-04 -1.834389E-07  1.924330E-04 -1.898385E-02  2.051242E-08  2.051670E-08
  6.695000E+03  1.485393E-07  1.063793E-04 -4.639307E-07  1.928528E-04 -1.385877E-02  2.051358E-08  2.051571E-08
  6.696000E+03 -3.206844E-09  1.067427E-04 -2.881608E-07  1.922061E-04 -1.444935E-02  2.051446E-08  2.051759E-08
  6.697000E+03  1.763303E-07  1.064573E-04 -1.206637E-07  1.927149E-04 -1.891583E-02  2.051224E-08  2.051614E-08
  6.698000E+03  1.878297E-07  1.064911E-04 -4.800274E-07  1.926376E-04 -1.191941E-02  2.051273E-08  2.051455E-08
  6.699000E+03 -2.951891E-08  1.067383E-04 -3.460521E-07  1.922161E-04 -1.741850E-02  2.051369E-08  2.051778E-08
  6.700000E+03  1.486002E-07  1.063472E-04 -4.924832E-08  1.929121E-04 -1.662892E-02  2.051282E-08  2.051573E-08
  6.701000E+03  2.360845E-07  1.066511E-04 -4.605382E-07  1.923434E-04 -1.212257E-02  2.051212E-08  2.051442E-08
  6.702000E+03 -3.950068E-08  1.066093E-04 -4.332288E-07  1.924330E-04 -1.949416E-02  2.051125E-08  2.051574E-08
  6.703000E+03  9.811401E-08  1.063600E-04  6.614497E-09  1.928772E-04 -1.347407E-02  2.051256E-08  2.051450E-08
  6.704000E+03  2.864126E-07  1.067682E-04 -3.980420E-07  1.921523E-04 -1.452398E-02  2.051358E-08  2.051693E-08
  6.705000E+03 -2.381598E-08  1.064329E-04 -5.429367E-07  1.927514E-04 -1.923547E-02  2.051129E-08  2.051533E-08
  6.706000E+03  3.259936E-08  1.064937E-04  2.310497E-08  1.926223E-04 -1.143699E-02  2.051171E-08  2.051333E-08
  6.707000E+03  3.230051E-07  1.067503E-04 -2.962696E-07  1.921866E-04 -1.782908E-02  2.051272E-08  2.051710E-08
  6.708000E+03  2.325877E-08  1.063210E-04 -6.483811E-07  1.929535E-04 -1.652044E-02  2.051221E-08  2.051516E-08
  6.709000E+03 -3.823834E-08  1.066732E-04 -1.795601E-08  1.922982E-04 -1.190736E-02  2.051160E-08  2.051381E-08
  6.710000E+03  3.308300E-07  1.065970E-04 -1.633791E-07  1.924506E-04 -1.992104E-02  2.051059E-08  2.051528E-08
  6.711000E+03  9.867689E-08  1.063505E-04 -7.179739E-07  1.928881E-04 -1.302932E-02  2.051200E-08  2.051396E-08
  6.712000E+03 -1.054176E-07  1.067926E-04 -1.170762E-07  1.921063E-04 -1.476886E-02  2.051329E-08  2.051671E-08
  6.713000E+03  3.055725E-07  1.064043E-04 -1.382760E-08  1.928031E-04 -1.934311E-02  2.051123E-08  2.051527E-08
  6.714000E+03  1.887076E-07  1.065085E-04 -7.333931E-07  1.925917E-04 -1.099150E-02  2.051142E-08  2.051315E-08
  6.715000E+03 -1.520469E-07  1.067576E-04 -2.595646E-07  1.921731E-04 -1.838769E-02  2.051247E-08  2.051700E-08
  6.716000E+03  2.422438E-07  1.062937E-04  1.229446E-07  1.930005E-04 -1.620740E-02  2.051205E-08  2.051482E-08
  6.717000E+03  2.818905E-07  1.067043E-04 -6.766330E-07  1.922409E-04 -1.178618E-02  2.051151E-08  2.051399E-08
  6.718000E+03 -1.610406E-07  1.065782E-04 -4.353098E-07  1.924824E-04 -2.043837E-02  2.051014E-08  2.051496E-08
  6.719000E+03  1.449423E-07  1.063426E-04  2.105761E-07  1.928959E-04 -1.243687E-02  2.051147E-08  2.051314E-08
  6.720000E+03  3.657458E-07  1.068203E-04 -5.467244E-07  1.920536E-04 -1.513314E-02  2.051288E-08  2.051672E-08
  6.721000E+03 -1.278063E-07  1.063699E-04 -6.232136E-07  1.928641E-04 -1.944182E-02  2.051106E-08  2.051514E-08
  6.722000E+03  3.272873E-08  1.065269E-04  2.263654E-07  1.925535E-04 -1.047565E-02  2.051099E-08  2.051248E-08
  6.723000E+03  4.178751E-07  1.067643E-04 -3.648165E-07  1.921604E-04 -1.903325E-02  2.051215E-08  2.051711E-08
  6.724000E+03 -4.866164E-08  1.062670E-04 -7.821264E-07  1.930530E-04 -1.580627E-02  2.051259E-08  2.051533E-08
  6.725000E+03 -7.730477E-08  1.067396E-04  1.508074E-07  1.921829E-04 -1.167141E-02  2.051213E-08  2.051452E-08
  6.726000E+03  4.205187E-07  1.065613E-04 -1.515486E-07  1.925217E-04 -2.096347E-02  2.051085E-08  2.051594E-08
  6.727000E+03  6.886958E-08  1.063373E-04 -8.719032E-07  1.929107E-04 -1.179663E-02  2.051217E-08  2.051386E-08
  6.728000E+03 -1.708445E-07  1.068505E-04 -1.168905E-08  1.920074E-04 -1.547443E-02  2.051362E-08  2.051752E-08
  6.729000E+03  3.742586E-07  1.063399E-04  6.467001E-08  1.929275E-04 -1.955882E-02  2.051197E-08  2.051607E-08
  6.730000E+03  2.004849E-07  1.065431E-04 -8.761871E-07  1.925267E-04 -9.937435E-03  2.051138E-08  2.051303E-08
  6.731000E+03 -2.259760E-07  1.067749E-04 -2.293760E-07  1.921462E-04 -1.962618E-02  2.051243E-08  2.051753E-08
  6.732000E+03  2.797780E-07  1.062400E-04  2.404934E-07  1.931049E-04 -1.552015E-02  2.051300E-08  2.051555E-08
  6.733000E+03  3.257599E-07  1.067691E-04 -7.816115E-07  1.921351E-04 -1.144166E-02  2.051274E-08  2.051544E-08
  6.734000E+03 -2.265029E-07  1.065518E-04 -4.739723E-07  1.925437E-04 -2.152721E-02  2.051112E-08  2.051636E-08
  6.735000E+03  1.479757E-07  1.063259E-04  3.364043E-07  1.929321E-04 -1.129651E-02  2.051238E-08  2.051378E-08
  6.736000E+03  4.284133E-07  1.068762E-04 -5.977687E-07  1.919653E-04 -1.561240E-02  2.051402E-08  2.051831E-08
  6.737000E+03 -1.719882E-07  1.063192E-04 -7.139551E-07  1.929686E-04 -1.981138E-02  2.051224E-08  2.051646E-08
  6.738000E+03  3.962196E-09  1.065494E-04  3.334713E-07  1.925152E-04 -9.492916E-03  2.051146E-08  2.051282E-08
  6.739000E+03  4.848714E-07  1.067851E-04 -3.567920E-07  1.921297E-04 -1.997693E-02  2.051249E-08  2.051796E-08
  6.740000E+03 -6.588709E-08  1.062220E-04 -9.007380E-07  1.931407E-04 -1.540098E-02  2.051336E-08  2.051602E-08
  6.741000E+03 -1.293755E-07  1.067870E-04  2.219759E-07  1.921051E-04 -1.126866E-02  2.051302E-08  2.051551E-08
  6.742000E+03  4.793073E-07  1.065462E-04 -9.204426E-08  1.925586E-04 -2.184743E-02  2.051150E-08  2.051697E-08
  6.743000E+03  7.727681E-08  1.063201E-04 -9.929166E-07  1.929445E-04 -1.100271E-02  2.051264E-08  2.051419E-08
  6.744000E+03 -2.341778E-07  1.068895E-04  1.746224E-08  1.919406E-04 -1.572329E-02  2.051389E-08  2.051806E-08
  6.745000E+03  4.136829E-07  1.063050E-04  1.601381E-07  1.929944E-04 -1.989328E-02  2.051222E-08  2.051646E-08
  6.746000E+03  2.316025E-07  1.065557E-04 -9.756821E-07  1.925000E-04 -9.277766E-03  2.051110E-08  2.051271E-08
  6.747000E+03 -2.888711E-07  1.067842E-04 -2.449503E-07  1.921256E-04 -2.020922E-02  2.051178E-08  2.051719E-08
  6.748000E+03  2.947348E-07  1.062112E-04  3.527181E-07  1.931534E-04 -1.525156E-02  2.051266E-08  2.051516E-08
  6.749000E+03  3.733552E-07  1.067979E-04 -8.451220E-07  1.920790E-04 -1.127037E-02  2.051233E-08  2.051517E-08
  6.750000E+03 -2.797738E-07  1.065351E-04 -5.286972E-07  1.925724E-04 -2.201275E-02  2.051074E-08  2.051621E-08
  6.751000E+03  1.419032E-07  1.063199E-04  4.449472E-07  1.929370E-04 -1.079510E-02  2.051185E-08  2.051315E-08
  6.752000E+03  4.810940E-07  1.068931E-04 -6.238170E-07  1.919264E-04 -1.588937E-02  2.051302E-08  2.051754E-08
  6.753000E+03 -2.082573E-07  1.062949E-04 -7.908634E-07  1.930068E-04 -1.987029E-02  2.051160E-08  2.051587E-08
  6.754000E+03 -1.646783E-08  1.065640E-04  4.191027E-07  1.924815E-04 -9.211123E-03  2.051072E-08  2.051209E-08
  6.755000E+03  5.319375E-07  1.067750E-04 -3.507224E-07  1.921362E-04 -2.033337E-02  2.051111E-08  2.051674E-08
  6.756000E+03 -8.230015E-08  1.062124E-04 -9.809607E-07  1.931459E-04 -1.509253E-02  2.051215E-08  2.051476E-08
  6.757000E+03 -1.586246E-07  1.068050E-04  2.751273E-07  1.920653E-04 -1.145466E-02  2.051220E-08  2.051483E-08
  6.758000E+03  5.177091E-07  1.065216E-04 -6.249166E-08  1.926000E-04 -2.189912E-02  2.051114E-08  2.051662E-08
  6.759000E+03  7.548938E-08  1.063348E-04 -1.066725E-06  1.929106E-04 -1.071213E-02  2.051193E-08  2.051348E-08
  6.760000E+03 -2.640538E-07  1.068884E-04  4.246437E-08  1.919358E-04 -1.619305E-02  2.051303E-08  2.051738E-08
  6.761000E+03  4.398968E-07  1.062876E-04  1.996902E-07  1.930248E-04 -1.953245E-02  2.051224E-08  2.051635E-08
  6.762000E+03  2.367822E-07  1.065842E-04 -1.030672E-06  1.924484E-04 -9.365052E-03  2.051105E-08  2.051279E-08
  6.763000E+03 -3.096748E-07  1.067548E-04 -2.401032E-07  1.921714E-04 -2.050869E-02  2.051091E-08  2.051634E-08
  6.764000E+03  3.072585E-07  1.062196E-04  3.843844E-07  1.931302E-04 -1.471066E-02  2.051200E-08  2.051435E-08
  6.765000E+03  3.782634E-07  1.068158E-04 -8.731454E-07  1.920465E-04 -1.185956E-02  2.051215E-08  2.051522E-08
  6.766000E+03 -2.883885E-07  1.064976E-04 -5.320936E-07  1.926417E-04 -2.174251E-02  2.051103E-08  2.051630E-08
  6.767000E+03  1.454600E-07  1.063565E-04  4.592328E-07  1.928674E-04 -1.053343E-02  2.051156E-08  2.051285E-08
  6.768000E+03  4.780954E-07  1.068803E-04 -6.286138E-07  1.919489E-04 -1.665244E-02  2.051271E-08  2.051743E-08
  6.769000E+03 -2.035928E-07  1.062781E-04 -7.883574E-07  1.930441E-04 -1.909054E-02  2.051263E-08  2.051658E-08
  6.770000E+03 -1.394625E-08  1.066103E-04  4.081660E-07  1.924093E-04 -9.514302E-03  2.051188E-08  2.051342E-08
  6.771000E+03  5.133403E-07  1.067345E-04 -3.422659E-07  1.922152E-04 -2.073399E-02  2.051159E-08  2.051721E-08
  6.772000E+03 -6.536630E-08  1.062302E-04 -9.567839E-07  1.931178E-04 -1.427336E-02  2.051285E-08  2.051520E-08
  6.773000E+03 -1.487713E-07  1.068291E-04  2.349200E-07  1.920340E-04 -1.226260E-02  2.051327E-08  2.051618E-08
  6.774000E+03  4.814250E-07  1.064778E-04 -5.564000E-08  1.926885E-04 -2.157322E-02  2.051228E-08  2.051749E-08
  6.775000E+03  9.722769E-08  1.063792E-04 -1.011420E-06  1.928323E-04 -1.036180E-02  2.051225E-08  2.051374E-08
  6.776000E+03 -2.393468E-07  1.068734E-04 -1.783077E-08  1.919676E-04 -1.706095E-02  2.051325E-08  2.051781E-08
  6.777000E+03  3.899588E-07  1.062699E-04  1.873244E-07  1.930655E-04 -1.864997E-02  2.051348E-08  2.051720E-08
  6.778000E+03  2.518881E-07  1.066332E-04 -9.438925E-07  1.923730E-04 -9.674631E-03  2.051239E-08  2.051428E-08
  6.779000E+03 -2.653860E-07  1.067135E-04 -3.015250E-07  1.922541E-04 -2.093989E-02  2.051161E-08  2.051706E-08
  6.780000E+03  2.519755E-07  1.062371E-04  3.375741E-07  1.931042E-04 -1.384438E-02  2.051287E-08  2.051493E-08
  6.781000E+03  3.759173E-07  1.068388E-04 -7.633505E-07  1.920184E-04 -1.261934E-02  2.051339E-08  2.051668E-08
  6.782000E+03 -2.239371E-07  1.064571E-04 -5.739025E-07  1.927229E-04 -2.147130E-02  2.051200E-08  2.051706E-08
  6.783000E+03  9.469685E-08  1.063956E-04  3.697405E-07  1.927972E-04 -1.018857E-02  2.051171E-08  2.051293E-08
  6.784000E+03  4.516021E-07  1.068638E-04 -5.102745E-07  1.919812E-04 -1.737026E-02  2.051276E-08  2.051759E-08
  6.785000E+03 -1.242029E-07  1.062654E-04 -7.937001E-07  1.930714E-04 -1.832516E-02  2.051337E-08  2.051701E-08
  6.786000E+03 -5.003649E-08  1.066477E-04  2.788990E-07  1.923471E-04 -9.836400E-03  2.051238E-08  2.051406E-08
  6.787000E+03  4.620542E-07  1.066968E-04 -2.347720E-07  1.922867E-04 -2.097810E-02  2.051185E-08  2.051738E-08
  6.788000E+03  1.726224E-08  1.062517E-04 -9.159755E-07  1.930834E-04 -1.359965E-02  2.051355E-08  2.051568E-08
  6.789000E+03 -1.600523E-07  1.068387E-04  8.146034E-08  1.920250E-04 -1.293410E-02  2.051399E-08  2.051709E-08
  6.790000E+03  4.080751E-07  1.064482E-04  1.922236E-08  1.927448E-04 -2.121366E-02  2.051273E-08  2.051767E-08
  6.791000E+03  1.706987E-07  1.064156E-04 -9.208732E-07  1.927672E-04 -1.026030E-02  2.051235E-08  2.051383E-08
  6.792000E+03 -2.200887E-07  1.068455E-04 -1.753670E-07  1.920171E-04 -1.752451E-02  2.051301E-08  2.051760E-08
  6.793000E+03  3.006706E-07  1.062724E-04  2.139410E-07  1.930583E-04 -1.796315E-02  2.051346E-08  2.051687E-08
  6.794000E+03  3.052523E-07  1.066564E-04 -8.077043E-07  1.923294E-04 -1.022629E-02  2.051208E-08  2.051412E-08
  6.795000E+03 -2.173493E-07  1.066703E-04 -4.404591E-07  1.923265E-04 -2.079937E-02  2.051108E-08  2.051634E-08
  6.796000E+03  1.599304E-07  1.062730E-04  3.098986E-07  1.930348E-04 -1.342343E-02  2.051254E-08  2.051444E-08
  6.797000E+03  3.989911E-07  1.068252E-04 -5.999659E-07  1.920371E-04 -1.341213E-02  2.051257E-08  2.051598E-08
  6.798000E+03 -1.532207E-07  1.064327E-04 -6.699300E-07  1.927578E-04 -2.073168E-02  2.051131E-08  2.051602E-08
  6.799000E+03  1.612530E-08  1.064398E-04  2.880157E-07  1.927116E-04 -1.046676E-02  2.051107E-08  2.051240E-08
  6.800000E+03  4.372117E-07  1.068134E-04 -3.462683E-07  1.920613E-04 -1.773859E-02  2.051150E-08  2.051620E-08
  6.801000E+03 -3.919065E-08  1.062812E-04 -8.267571E-07  1.930266E-04 -1.745839E-02  2.051198E-08  2.051531E-08
  6.802000E+03 -1.024890E-07  1.066673E-04  1.504161E-07  1.923041E-04 -1.075850E-02  2.051138E-08  2.051332E-08
  6.803000E+03  4.138647E-07  1.066396E-04 -9.751073E-08  1.923787E-04 -2.053674E-02  2.051087E-08  2.051598E-08
  6.804000E+03  1.018189E-07  1.063034E-04 -8.826104E-07  1.929762E-04 -1.323076E-02  2.051222E-08  2.051427E-08
  6.805000E+03 -1.767538E-07  1.068124E-04 -7.186774E-08  1.920608E-04 -1.398945E-02  2.051247E-08  2.051577E-08
  6.806000E+03  3.350881E-07  1.064206E-04  1.044232E-07  1.927825E-04 -2.009724E-02  2.051190E-08  2.051628E-08
  6.807000E+03  2.385225E-07  1.064748E-04 -8.269712E-07  1.926548E-04 -1.074531E-02  2.051170E-08  2.051336E-08
  6.808000E+03 -1.951181E-07  1.067799E-04 -3.259721E-07  1.921253E-04 -1.799596E-02  2.051180E-08  2.051631E-08
  6.809000E+03  2.148248E-07  1.062977E-04  2.269086E-07  1.930000E-04 -1.681616E-02  2.051255E-08  2.051553E-08
  6.810000E+03  3.429031E-07  1.066836E-04 -6.669362E-07  1.922828E-04 -1.142689E-02  2.051208E-08  2.051443E-08
  6.811000E+03 -1.557112E-07  1.066043E-04 -5.584568E-07  1.924462E-04 -2.023818E-02  2.051139E-08  2.051622E-08
  6.812000E+03  7.877127E-08  1.063416E-04  2.477888E-07  1.929081E-04 -1.300136E-02  2.051243E-08  2.051424E-08
  6.813000E+03  3.972177E-07  1.067959E-04 -4.399823E-07  1.920923E-04 -1.469567E-02  2.051246E-08  2.051606E-08
  6.814000E+03 -6.577595E-08  1.064068E-04 -7.294107E-07  1.928094E-04 -1.934165E-02  2.051241E-08  2.051651E-08
  6.815000E+03 -4.383071E-08  1.065153E-04  1.601775E-07  1.925864E-04 -1.110651E-02  2.051212E-08  2.051372E-08
  6.816000E+03  3.905185E-07  1.067389E-04 -1.954111E-07  1.921987E-04 -1.831103E-02  2.051163E-08  2.051618E-08
  6.817000E+03  6.152341E-08  1.063150E-04 -8.079493E-07  1.929662E-04 -1.605878E-02  2.051255E-08  2.051541E-08
  6.818000E+03 -1.285293E-07  1.067027E-04 -2.778503E-08  1.922559E-04 -1.218125E-02  2.051270E-08  2.051507E-08
  6.819000E+03  3.271545E-07  1.065652E-04  1.583112E-08  1.925206E-04 -1.994198E-02  2.051191E-08  2.051650E-08
  6.820000E+03  1.971590E-07  1.063805E-04 -7.816806E-07  1.928374E-04 -1.270031E-02  2.051248E-08  2.051443E-08
  6.821000E+03 -1.595249E-07  1.067825E-04 -2.707082E-07  1.921242E-04 -1.540006E-02  2.051307E-08  2.051667E-08
  6.822000E+03  2.196970E-07  1.063927E-04  1.537986E-07  1.928398E-04 -1.862626E-02  2.051318E-08  2.051689E-08
  6.823000E+03  3.104209E-07  1.065532E-04 -6.530808E-07  1.925235E-04 -1.139393E-02  2.051266E-08  2.051460E-08
  6.824000E+03 -1.307546E-07  1.067045E-04 -5.129032E-07  1.922673E-04 -1.859159E-02  2.051224E-08  2.051671E-08
  6.825000E+03  8.537931E-08  1.063323E-04  1.942292E-07  1.929410E-04 -1.537326E-02  2.051344E-08  2.051592E-08
  6.826000E+03  3.762775E-07  1.067194E-04 -4.378302E-07  1.922367E-04 -1.284572E-02  2.051368E-08  2.051645E-08
  6.827000E+03 -4.804124E-08  1.065316E-04 -7.012288E-07  1.925860E-04 -1.967458E-02  2.051252E-08  2.051696E-08
  6.828000E+03 -4.494627E-08  1.064177E-04  1.263003E-07  1.927742E-04 -1.245821E-02  2.051299E-08  2.051473E-08
  6.829000E+03  3.813716E-07  1.067654E-04 -1.866450E-07  1.921596E-04 -1.602843E-02  2.051335E-08  2.051718E-08
  6.830000E+03  7.338144E-08  1.063832E-04 -7.985987E-07  1.928581E-04 -1.794806E-02  2.051355E-08  2.051712E-08
  6.831000E+03 -1.412950E-07  1.065860E-04 -4.178378E-08  1.924649E-04 -1.177315E-02  2.051265E-08  2.051457E-08
  6.832000E+03  3.246895E-07  1.066648E-04  4.256911E-08  1.923368E-04 -1.874258E-02  2.051197E-08  2.051637E-08
  6.833000E+03  2.127616E-07  1.063540E-04 -7.880921E-07  1.928982E-04 -1.475528E-02  2.051326E-08  2.051577E-08
  6.834000E+03 -1.833545E-07  1.067254E-04 -2.840649E-07  1.922242E-04 -1.358174E-02  2.051331E-08  2.051616E-08
  6.835000E+03  2.194913E-07  1.064970E-04  2.005456E-07  1.926432E-04 -1.922402E-02  2.051213E-08  2.051625E-08
  6.836000E+03  3.386427E-07  1.064572E-04 -6.729946E-07  1.926998E-04 -1.232924E-02  2.051272E-08  2.051471E-08
  6.837000E+03 -1.623142E-07  1.067401E-04 -5.453723E-07  1.922054E-04 -1.661580E-02  2.051319E-08  2.051709E-08
  6.838000E+03  8.346213E-08  1.063765E-04  2.573242E-07  1.928646E-04 -1.719028E-02  2.051323E-08  2.051637E-08
  6.839000E+03  4.220464E-07  1.066174E-04 -4.670287E-07  1.924075E-04 -1.222089E-02  2.051245E-08  2.051478E-08
  6.840000E+03 -8.094878E-08  1.066241E-04 -7.670410E-07  1.924098E-04 -1.880953E-02  2.051188E-08  2.051626E-08
  6.841000E+03 -6.142513E-08  1.063787E-04  2.025137E-07  1.928501E-04 -1.416589E-02  2.051309E-08  2.051525E-08
  6.842000E+03  4.440374E-07  1.067273E-04 -1.995317E-07  1.922184E-04 -1.433280E-02  2.051283E-08  2.051605E-08
  6.843000E+03  4.465770E-08  1.064642E-04 -9.004647E-07  1.926950E-04 -1.872395E-02  2.051152E-08  2.051555E-08
  6.844000E+03 -1.830285E-07  1.064969E-04  4.442825E-08  1.926219E-04 -1.229273E-02  2.051209E-08  2.051395E-08
  6.845000E+03  3.978464E-07  1.067078E-04  7.151572E-08  1.922548E-04 -1.718998E-02  2.051207E-08  2.051609E-08
  6.846000E+03  1.945958E-07  1.063725E-04 -9.180738E-07  1.928571E-04 -1.641354E-02  2.051192E-08  2.051503E-08
  6.847000E+03 -2.535595E-07  1.066475E-04 -1.980032E-07  1.923464E-04 -1.279424E-02  2.051158E-08  2.051400E-08
  6.848000E+03  2.910797E-07  1.065760E-04  2.862975E-07  1.924878E-04 -1.880532E-02  2.051095E-08  2.051513E-08
  6.849000E+03  3.439816E-07  1.064071E-04 -8.168293E-07  1.927837E-04 -1.360016E-02  2.051166E-08  2.051398E-08
  6.850000E+03 -2.563251E-07  1.067261E-04 -4.881370E-07  1.922117E-04 -1.520760E-02  2.051164E-08  2.051506E-08
  6.851000E+03  1.446586E-07  1.064275E-04  3.971096E-07  1.927531E-04 -1.807173E-02  2.051089E-08  2.051445E-08
  6.852000E+03  4.619791E-07  1.065421E-04 -6.154449E-07  1.925314E-04 -1.229365E-02  2.051116E-08  2.051339E-08
  6.853000E+03 -1.882730E-07  1.066743E-04 -7.678702E-07  1.923100E-04 -1.784433E-02  2.051127E-08  2.051548E-08
  6.854000E+03 -1.875570E-08  1.063687E-04  3.816703E-07  1.928576E-04 -1.549405E-02  2.051155E-08  2.051413E-08
  6.855000E+03  5.216323E-07  1.066832E-04 -3.388301E-07  1.922835E-04 -1.337418E-02  2.051158E-08  2.051447E-08
  6.856000E+03 -6.030269E-08  1.065299E-04 -9.766442E-07  1.925723E-04 -1.886026E-02  2.051105E-08  2.051531E-08
  6.857000E+03 -1.707946E-07  1.064394E-04  2.408719E-07  1.927269E-04 -1.294810E-02  2.051201E-08  2.051395E-08
  6.858000E+03  5.052802E-07  1.067293E-04 -2.974605E-08  1.922123E-04 -1.607680E-02  2.051203E-08  2.051584E-08
  6.859000E+03  1.055284E-07  1.063956E-04 -1.064044E-06  1.928155E-04 -1.746306E-02  2.051159E-08  2.051515E-08
  6.860000E+03 -2.801030E-07  1.065922E-04 -4.723763E-09  1.924487E-04 -1.230303E-02  2.051199E-08  2.051412E-08
  6.861000E+03  4.106980E-07  1.066406E-04  2.520937E-07  1.923757E-04 -1.849837E-02  2.051155E-08  2.051586E-08
  6.862000E+03  2.847015E-07  1.063713E-04 -1.008070E-06  1.928557E-04 -1.457764E-02  2.051213E-08  2.051475E-08
  6.863000E+03 -3.241266E-07  1.067214E-04 -3.234063E-07  1.922261E-04 -1.405018E-02  2.051262E-08  2.051567E-08
  6.864000E+03  2.569156E-07  1.064813E-04  4.488854E-07  1.926668E-04 -1.886625E-02  2.051176E-08  2.051577E-08
  6.865000E+03  4.442703E-07  1.064764E-04 -8.222159E-07  1.926618E-04 -1.232079E-02  2.051238E-08  2.051454E-08
  6.866000E+03 -2.902031E-07  1.067314E-04 -6.598643E-07  1.922198E-04 -1.699076E-02  2.051293E-08  2.051701E-08
  6.867000E+03  7.243346E-08  1.063637E-04  5.153508E-07  1.928791E-04 -1.680932E-02  2.051244E-08  2.051548E-08
  6.868000E+03  5.522508E-07  1.066411E-04 -5.391922E-07  1.923645E-04 -1.233971E-02  2.051239E-08  2.051495E-08
  6.869000E+03 -1.789665E-07  1.066085E-04 -9.510963E-07  1.924425E-04 -1.909494E-02  2.051227E-08  2.051682E-08
  6.870000E+03 -1.170775E-07  1.063739E-04  4.342502E-07  1.928550E-04 -1.369128E-02  2.051280E-08  2.051487E-08
  6.871000E+03  5.856164E-07  1.067554E-04 -1.926217E-07  1.921739E-04 -1.467253E-02  2.051339E-08  2.051694E-08
  6.872000E+03 -8.994158E-09  1.064385E-04 -1.138701E-06  1.927525E-04 -1.884651E-02  2.051264E-08  2.051680E-08
  6.873000E+03 -2.773624E-07  1.065119E-04  2.172527E-07  1.926063E-04 -1.173158E-02  2.051344E-08  2.051524E-08
  6.874000E+03  5.316622E-07  1.067318E-04  1.596561E-07  1.922317E-04 -1.781172E-02  2.051397E-08  2.051841E-08
  6.875000E+03  1.896439E-07  1.063397E-04 -1.176186E-06  1.929322E-04 -1.621320E-02  2.051366E-08  2.051682E-08
  6.876000E+03 -3.756617E-07  1.066858E-04 -1.004221E-07  1.922942E-04 -1.242659E-02  2.051346E-08  2.051596E-08
  6.877000E+03  3.956637E-07  1.065769E-04  4.497820E-07  1.925098E-04 -1.956963E-02  2.051317E-08  2.051774E-08
  6.878000E+03  3.883730E-07  1.063828E-04 -1.053300E-06  1.928424E-04 -1.294922E-02  2.051340E-08  2.051565E-08
  6.879000E+03 -3.919369E-07  1.067789E-04 -4.773218E-07  1.921352E-04 -1.533397E-02  2.051357E-08  2.051729E-08
  6.880000E+03  2.033009E-07  1.063962E-04  6.200842E-07  1.928284E-04 -1.866302E-02  2.051263E-08  2.051645E-08
  6.881000E+03  5.518513E-07  1.065478E-04 -7.948165E-07  1.925375E-04 -1.132758E-02  2.051312E-08  2.051528E-08
  6.882000E+03 -3.212167E-07  1.067202E-04 -8.479136E-07  1.922511E-04 -1.859298E-02  2.051353E-08  2.051824E-08
  6.883000E+03 -9.576770E-09  1.063146E-04  6.350346E-07  1.929708E-04 -1.548334E-02  2.051316E-08  2.051576E-08
  6.884000E+03  6.477123E-07  1.067288E-04 -4.475406E-07  1.922139E-04 -1.262077E-02  2.051312E-08  2.051612E-08
  6.885000E+03 -1.712537E-07  1.065378E-04 -1.143324E-06  1.925791E-04 -2.000181E-02  2.051285E-08  2.051769E-08
  6.886000E+03 -2.137892E-07  1.063917E-04  4.887875E-07  1.928222E-04 -1.210170E-02  2.051317E-08  2.051489E-08
  6.887000E+03  6.562315E-07  1.068027E-04 -5.433516E-08  1.920936E-04 -1.603088E-02  2.051348E-08  2.051771E-08
  6.888000E+03  3.229821E-08  1.063530E-04 -1.306514E-06  1.929056E-04 -1.847495E-02  2.051259E-08  2.051662E-08
  6.889000E+03 -3.744221E-07  1.065832E-04  2.063756E-07  1.924697E-04 -1.089043E-02  2.051283E-08  2.051466E-08
  6.890000E+03  5.716702E-07  1.067079E-04  3.206562E-07  1.922713E-04 -1.935613E-02  2.051302E-08  2.051802E-08
  6.891000E+03  2.538711E-07  1.062932E-04 -1.300657E-06  1.930018E-04 -1.481770E-02  2.051254E-08  2.051533E-08
  6.892000E+03 -4.609213E-07  1.067657E-04 -1.646430E-07  1.921413E-04 -1.283874E-02  2.051240E-08  2.051537E-08
  6.893000E+03  4.054341E-07  1.064987E-04  6.094740E-07  1.926424E-04 -2.034172E-02  2.051193E-08  2.051669E-08
  6.894000E+03  4.611403E-07  1.064021E-04 -1.124789E-06  1.927888E-04 -1.142026E-02  2.051179E-08  2.051380E-08
  6.895000E+03 -4.569597E-07  1.068161E-04 -5.728105E-07  1.920587E-04 -1.672142E-02  2.051210E-08  2.051652E-08
  6.896000E+03  1.878420E-07  1.063103E-04  7.583651E-07  1.929683E-04 -1.818711E-02  2.051112E-08  2.051473E-08
  6.897000E+03  6.212076E-07  1.066160E-04 -8.145139E-07  1.923918E-04 -1.060758E-02  2.051088E-08  2.051315E-08
  6.898000E+03 -3.621734E-07  1.066894E-04 -9.540567E-07  1.922908E-04 -2.007596E-02  2.051126E-08  2.051655E-08
  6.899000E+03 -4.354208E-08  1.062703E-04  7.395761E-07  1.930255E-04 -1.408538E-02  2.051084E-08  2.051303E-08
  6.900000E+03  7.072153E-07  1.068019E-04 -4.239557E-07  1.920626E-04 -1.309532E-02  2.051089E-08  2.051440E-08
  6.901000E+03 -1.911472E-07  1.064582E-04 -1.245361E-06  1.927047E-04 -2.068467E-02  2.051061E-08  2.051566E-08
  6.902000E+03 -2.539452E-07  1.064129E-04  5.565965E-07  1.927591E-04 -1.065231E-02  2.051088E-08  2.051233E-08
  6.903000E+03  7.004017E-07  1.068349E-04 -7.606674E-09  1.920231E-04 -1.741218E-02  2.051167E-08  2.051658E-08
  6.904000E+03  2.916313E-08  1.062714E-04 -1.390632E-06  1.930389E-04 -1.792934E-02  2.051122E-08  2.051506E-08
  6.905000E+03 -4.097776E-07  1.066552E-04  2.379576E-07  1.923248E-04 -1.026273E-02  2.051137E-08  2.051332E-08
  6.906000E+03  5.967482E-07  1.066784E-04  3.717412E-07  1.923198E-04 -2.082350E-02  2.051193E-08  2.051748E-08
  6.907000E+03  2.648549E-07  1.062565E-04 -1.357604E-06  1.930597E-04 -1.338611E-02  2.051200E-08  2.051442E-08
  6.908000E+03 -4.860928E-07  1.068438E-04 -1.680017E-07  1.919996E-04 -1.337713E-02  2.051214E-08  2.051560E-08
  6.909000E+03  4.136494E-07  1.064238E-04  6.527831E-07  1.927782E-04 -2.101233E-02  2.051165E-08  2.051659E-08
  6.910000E+03  4.783199E-07  1.064307E-04 -1.153221E-06  1.927331E-04 -9.974451E-03  2.051170E-08  2.051346E-08
  6.911000E+03 -4.693340E-07  1.068507E-04 -5.974975E-07  1.920029E-04 -1.810615E-02  2.051229E-08  2.051737E-08
  6.912000E+03  1.853289E-07  1.062351E-04  7.843720E-07  1.931051E-04 -1.763603E-02  2.051136E-08  2.051475E-08
  6.913000E+03  6.345930E-07  1.066931E-04 -8.192353E-07  1.922552E-04 -1.002913E-02  2.051127E-08  2.051368E-08
  6.914000E+03 -3.600424E-07  1.066608E-04 -9.817658E-07  1.923542E-04 -2.148675E-02  2.051193E-08  2.051772E-08
  6.915000E+03 -5.226866E-08  1.062408E-04  7.416910E-07  1.930816E-04 -1.267112E-02  2.051149E-08  2.051329E-08
  6.916000E+03  7.078574E-07  1.068813E-04 -4.073531E-07  1.919308E-04 -1.369825E-02  2.051189E-08  2.051590E-08
  6.917000E+03 -1.758844E-07  1.063874E-04 -1.257604E-06  1.928483E-04 -2.126852E-02  2.051200E-08  2.051719E-08
  6.918000E+03 -2.615782E-07  1.064479E-04  5.322448E-07  1.927052E-04 -9.273659E-03  2.051217E-08  2.051339E-08
  6.919000E+03  6.841862E-07  1.068673E-04  1.899278E-08  1.919824E-04 -1.878253E-02  2.051303E-08  2.051856E-08
  6.920000E+03  4.971623E-08  1.062071E-04 -1.373718E-06  1.931705E-04 -1.734357E-02  2.051300E-08  2.051660E-08
  6.921000E+03 -4.084514E-07  1.067320E-04  1.968113E-07  1.922023E-04 -9.800737E-03  2.051315E-08  2.051525E-08
  6.922000E+03  5.670798E-07  1.066484E-04  3.905053E-07  1.923959E-04 -2.206415E-02  2.051371E-08  2.051967E-08
  6.923000E+03  2.817561E-07  1.062401E-04 -1.311754E-06  1.931005E-04 -1.208106E-02  2.051352E-08  2.051556E-08
  6.924000E+03 -4.706575E-07  1.069138E-04 -2.121634E-07  1.918922E-04 -1.405753E-02  2.051390E-08  2.051786E-08
  6.925000E+03  3.781618E-07  1.063570E-04  6.481457E-07  1.929190E-04 -2.135743E-02  2.051361E-08  2.051859E-08
  6.926000E+03  4.829060E-07  1.064729E-04 -1.087126E-06  1.926693E-04 -8.810699E-03  2.051326E-08  2.051483E-08
  6.927000E+03 -4.391508E-07  1.068723E-04 -6.281936E-07  1.919835E-04 -1.944066E-02  2.051383E-08  2.051949E-08
  6.928000E+03  1.543892E-07  1.061802E-04  7.476212E-07  1.932221E-04 -1.690473E-02  2.051342E-08  2.051653E-08
  6.929000E+03  6.222526E-07  1.067677E-04 -7.498491E-07  1.921381E-04 -9.761741E-03  2.051317E-08  2.051573E-08
  6.930000E+03 -3.209219E-07  1.066253E-04 -9.857958E-07  1.924382E-04 -2.258707E-02  2.051355E-08  2.051970E-08
  6.931000E+03 -6.933346E-08  1.062333E-04  6.774750E-07  1.931060E-04 -1.139827E-02  2.051296E-08  2.051443E-08
  6.932000E+03  6.797107E-07  1.069398E-04 -3.537209E-07  1.918400E-04 -1.445411E-02  2.051318E-08  2.051763E-08
  6.933000E+03 -1.385002E-07  1.063206E-04 -1.229475E-06  1.929783E-04 -2.143850E-02  2.051285E-08  2.051802E-08
  6.934000E+03 -2.583681E-07  1.064904E-04  4.568290E-07  1.926276E-04 -8.285628E-03  2.051228E-08  2.051337E-08
  6.935000E+03  6.466573E-07  1.068741E-04  3.973141E-08  1.919749E-04 -2.002724E-02  2.051302E-08  2.051902E-08
  6.936000E+03  7.454130E-08  1.061550E-04 -1.318201E-06  1.932623E-04 -1.652173E-02  2.051297E-08  2.051627E-08
  6.937000E+03 -3.844315E-07  1.067966E-04  1.309745E-07  1.920807E-04 -9.708600E-03  2.051260E-08  2.051491E-08
  6.938000E+03  5.285428E-07  1.066036E-04  3.712757E-07  1.924751E-04 -2.298532E-02  2.051312E-08  2.051933E-08
  6.939000E+03  2.873350E-07  1.062351E-04 -1.240411E-06  1.931008E-04 -1.085965E-02  2.051288E-08  2.051459E-08
  6.940000E+03 -4.313974E-07  1.069582E-04 -2.513351E-07  1.918076E-04 -1.485492E-02  2.051314E-08  2.051754E-08
  6.941000E+03  3.486170E-07  1.062909E-04  5.926409E-07  1.930302E-04 -2.138249E-02  2.051266E-08  2.051757E-08
  6.942000E+03  4.665213E-07  1.065138E-04 -1.017556E-06  1.925805E-04 -7.995157E-03  2.051182E-08  2.051328E-08
  6.943000E+03 -3.959402E-07  1.068680E-04 -6.272592E-07  1.919838E-04 -2.057963E-02  2.051259E-08  2.051867E-08
  6.944000E+03  1.435110E-07  1.061323E-04  6.709536E-07  1.932916E-04 -1.605789E-02  2.051184E-08  2.051465E-08
  6.945000E+03  5.853748E-07  1.068249E-04 -7.020296E-07  1.920158E-04 -9.823346E-03  2.051108E-08  2.051386E-08
  6.946000E+03 -2.865428E-07  1.065744E-04 -9.384295E-07  1.925148E-04 -2.336214E-02  2.051156E-08  2.051791E-08
  6.947000E+03 -5.398359E-08  1.062303E-04  5.991968E-07  1.930899E-04 -1.021648E-02  2.051094E-08  2.051211E-08
  6.948000E+03  6.278413E-07  1.069765E-04 -3.463984E-07  1.917562E-04 -1.532426E-02  2.051100E-08  2.051587E-08
  6.949000E+03 -1.228678E-07  1.062527E-04 -1.139298E-06  1.930815E-04 -2.136235E-02  2.051075E-08  2.051580E-08
  6.950000E+03 -2.150106E-07  1.065325E-04  3.950479E-07  1.925325E-04 -7.500256E-03  2.051039E-08  2.051143E-08
  6.951000E+03  5.900431E-07  1.068673E-04 -4.299794E-09  1.919758E-04 -2.120490E-02  2.051133E-08  2.051775E-08
  6.952000E+03  6.591677E-08  1.061079E-04 -1.201283E-06  1.933286E-04 -1.564505E-02  2.051117E-08  2.051413E-08
  6.953000E+03 -3.185887E-07  1.068562E-04  1.004416E-07  1.919592E-04 -9.770228E-03  2.051104E-08  2.051360E-08
  6.954000E+03  4.817987E-07  1.065540E-04  2.761696E-07  1.925541E-04 -2.379067E-02  2.051160E-08  2.051802E-08
  6.955000E+03  2.490235E-07  1.062312E-04 -1.121424E-06  1.930868E-04 -9.688929E-03  2.051089E-08  2.051226E-08
  6.956000E+03 -3.511283E-07  1.069973E-04 -2.342001E-07  1.917240E-04 -1.568828E-02  2.051143E-08  2.051626E-08
  6.957000E+03  3.261939E-07  1.062256E-04  4.518159E-07  1.931346E-04 -2.134434E-02  2.051117E-08  2.051600E-08
  6.958000E+03  3.973563E-07  1.065554E-04 -9.239182E-07  1.924928E-04 -7.187979E-03  2.051062E-08  2.051195E-08
  6.959000E+03 -3.128392E-07  1.068663E-04 -5.518286E-07  1.919848E-04 -2.172273E-02  2.051187E-08  2.051836E-08
  6.960000E+03  1.528892E-07  1.060897E-04  5.016982E-07  1.933635E-04 -1.522753E-02  2.051149E-08  2.051402E-08
  6.961000E+03  4.922805E-07  1.068876E-04 -6.533531E-07  1.919065E-04 -9.836769E-03  2.051143E-08  2.051439E-08
  6.962000E+03 -2.144059E-07  1.065339E-04 -8.083124E-07  1.925981E-04 -2.416152E-02  2.051224E-08  2.051878E-08
  6.963000E+03 -1.018188E-08  1.062325E-04  4.266012E-07  1.930890E-04 -9.101790E-03  2.051148E-08  2.051238E-08
  6.964000E+03  5.204135E-07  1.070209E-04 -3.547189E-07  1.916881E-04 -1.610068E-02  2.051197E-08  2.051721E-08
  6.965000E+03 -7.598963E-08  1.061986E-04 -9.629682E-07  1.931912E-04 -2.135829E-02  2.051196E-08  2.051690E-08
  6.966000E+03 -1.375631E-07  1.065768E-04  2.476255E-07  1.924632E-04 -6.750244E-03  2.051165E-08  2.051262E-08
  6.967000E+03  4.804858E-07  1.068705E-04 -7.688159E-08  1.919874E-04 -2.226389E-02  2.051270E-08  2.051948E-08
  6.968000E+03  7.629139E-08  1.060738E-04 -9.945118E-07  1.934026E-04 -1.488961E-02  2.051267E-08  2.051530E-08
  6.969000E+03 -2.125628E-07  1.069170E-04  3.829270E-09  1.918675E-04 -9.796513E-03  2.051292E-08  2.051570E-08
  6.970000E+03  3.854706E-07  1.065200E-04  1.381791E-07  1.926377E-04 -2.450961E-02  2.051361E-08  2.052020E-08
  6.971000E+03  2.157814E-07  1.062384E-04 -9.091238E-07  1.930899E-04 -8.682448E-03  2.051279E-08  2.051384E-08
  6.972000E+03 -2.272405E-07  1.070382E-04 -2.583780E-07  1.916712E-04 -1.641590E-02  2.051337E-08  2.051859E-08
  6.973000E+03  2.587447E-07  1.061818E-04  2.581074E-07  1.932353E-04 -2.132102E-02  2.051340E-08  2.051815E-08
  6.974000E+03  3.216231E-07  1.065981E-04 -7.375028E-07  1.924345E-04 -6.581176E-03  2.051271E-08  2.051392E-08
  6.975000E+03 -1.865212E-07  1.068664E-04 -4.946644E-07  1.920064E-04 -2.261934E-02  2.051379E-08  2.052059E-08
  6.976000E+03  1.262237E-07  1.060684E-04  2.738785E-07  1.934195E-04 -1.457482E-02  2.051352E-08  2.051582E-08
  6.977000E+03  3.820653E-07  1.069362E-04 -5.218680E-07  1.918373E-04 -9.968585E-03  2.051333E-08  2.051641E-08
  6.978000E+03 -1.045379E-07  1.065003E-04 -6.718766E-07  1.926763E-04 -2.461047E-02  2.051388E-08  2.052048E-08
  6.979000E+03  1.255565E-08  1.062492E-04  1.953860E-07  1.930712E-04 -8.345774E-03  2.051294E-08  2.051367E-08
  6.980000E+03  3.912104E-07  1.070434E-04 -3.061729E-07  1.916629E-04 -1.680087E-02  2.051336E-08  2.051883E-08
  6.981000E+03 -1.179039E-09  1.061627E-04 -7.641648E-07  1.932696E-04 -2.108798E-02  2.051346E-08  2.051820E-08
  6.982000E+03 -6.538722E-08  1.066187E-04  4.937585E-08  1.923966E-04 -6.473301E-03  2.051265E-08  2.051367E-08
  6.983000E+03  3.506832E-07  1.068560E-04 -1.245810E-07  1.920273E-04 -2.295555E-02  2.051386E-08  2.052078E-08
  6.984000E+03  1.048457E-07  1.060633E-04 -7.612376E-07  1.934282E-04 -1.419041E-02  2.051357E-08  2.051590E-08
  6.985000E+03 -1.014755E-07  1.069517E-04 -1.319772E-07  1.918097E-04 -1.012960E-02  2.051332E-08  2.051631E-08
  6.986000E+03  2.751928E-07  1.064830E-04  3.329638E-10  1.927088E-04 -2.467975E-02  2.051398E-08  2.052051E-08
  6.987000E+03  1.942057E-07  1.062583E-04 -6.779434E-07  1.930507E-04 -8.103268E-03  2.051257E-08  2.051341E-08
  6.988000E+03 -9.915754E-08  1.070424E-04 -3.083896E-07  1.916616E-04 -1.707346E-02  2.051293E-08  2.051837E-08
  6.989000E+03  1.878781E-07  1.061498E-04  5.865536E-08  1.932869E-04 -2.088272E-02  2.051290E-08  2.051743E-08
  6.990000E+03  2.534121E-07  1.066334E-04 -5.498199E-07  1.923610E-04 -6.528640E-03  2.051167E-08  2.051288E-08
  6.991000E+03 -6.449230E-08  1.068384E-04 -4.491225E-07  1.920490E-04 -2.314541E-02  2.051271E-08  2.051960E-08
  6.992000E+03  1.065690E-07  1.060606E-04  4.939921E-08  1.934187E-04 -1.383954E-02  2.051214E-08  2.051421E-08
  6.993000E+03  2.766886E-07  1.069626E-04 -4.075758E-07  1.917769E-04 -1.044171E-02  2.051184E-08  2.051508E-08
  6.994000E+03 -7.146147E-09  1.064570E-04 -5.359214E-07  1.927411E-04 -2.466158E-02  2.051240E-08  2.051890E-08
  6.995000E+03  4.517192E-08  1.062681E-04 -1.854355E-08  1.930174E-04 -7.784088E-03  2.051098E-08  2.051161E-08
  6.996000E+03  2.674534E-07  1.070445E-04 -2.808653E-07  1.916488E-04 -1.750180E-02  2.051181E-08  2.051747E-08
  6.997000E+03  5.665002E-08  1.061287E-04 -5.637868E-07  1.933157E-04 -2.064313E-02  2.051197E-08  2.051646E-08
  6.998000E+03  1.175428E-08  1.066522E-04 -1.192409E-07  1.923206E-04 -6.404562E-03  2.051099E-08  2.051211E-08
  6.999000E+03  2.334376E-07  1.068291E-04 -1.910300E-07  1.920623E-04 -2.352634E-02  2.051216E-08  2.051919E-08
  7.000000E+03  1.110799E-07  1.060510E-04 -5.364511E-07  1.934296E-04 -1.347438E-02  2.051155E-08  2.051360E-08
  7.001000E+03  8.002994E-09  1.069805E-04 -2.229783E-07  1.917427E-04 -1.055505E-02  2.051158E-08  2.051484E-08
  7.002000E+03  1.860316E-07  1.064386E-04 -1.495683E-07  1.927703E-04 -2.484279E-02  2.051187E-08  2.051840E-08
  7.003000E+03  1.466331E-07  1.062720E-04 -4.693422E-07  1.930040E-04 -7.438189E-03  2.051035E-08  2.051101E-08
  7.004000E+03  2.643745E-08  1.070525E-04 -3.057732E-07  1.916319E-04 -1.779836E-02  2.051142E-08  2.051718E-08
  7.005000E+03  1.404553E-07  1.061093E-04 -1.528080E-07  1.933450E-04 -2.055348E-02  2.051137E-08  2.051578E-08
  7.006000E+03  1.611824E-07  1.066666E-04 -3.906913E-07  1.922894E-04 -6.224652E-03  2.051045E-08  2.051166E-08
  7.007000E+03  5.629508E-08  1.068244E-04 -3.557180E-07  1.920685E-04 -2.386075E-02  2.051176E-08  2.051892E-08
  7.008000E+03  1.084244E-07  1.060412E-04 -1.881366E-07  1.934449E-04 -1.318053E-02  2.051135E-08  2.051327E-08
  7.009000E+03  1.550176E-07  1.069979E-04 -3.236167E-07  1.917111E-04 -1.063096E-02  2.051152E-08  2.051494E-08
  7.010000E+03  8.846167E-08  1.064246E-04 -3.668183E-07  1.927970E-04 -2.502960E-02  2.051192E-08  2.051852E-08
  7.011000E+03  9.798334E-08  1.062774E-04 -2.435224E-07  1.929984E-04 -7.104357E-03  2.051086E-08  2.051141E-08
  7.012000E+03  1.318932E-07  1.070637E-04 -2.865527E-07  1.916185E-04 -1.807892E-02  2.051204E-08  2.051798E-08
  7.013000E+03  1.121058E-07  1.060961E-04 -3.386193E-07  1.933774E-04 -2.048944E-02  2.051228E-08  2.051669E-08
  7.014000E+03  1.095793E-07  1.066823E-04 -2.981061E-07  1.922709E-04 -6.042582E-03  2.051151E-08  2.051272E-08
  7.015000E+03  1.018891E-07  1.068251E-04 -2.876295E-07  1.920796E-04 -2.414619E-02  2.051295E-08  2.052023E-08
  7.016000E+03  1.177910E-07  1.060371E-04 -2.840386E-07  1.934644E-04 -1.296122E-02  2.051268E-08  2.051456E-08
  7.017000E+03  1.371156E-07  1.070118E-04 -3.290460E-07  1.916972E-04 -1.064604E-02  2.051270E-08  2.051618E-08
  7.018000E+03  7.706938E-08  1.064203E-04 -3.236100E-07  1.928165E-04 -2.517612E-02  2.051309E-08  2.051975E-08
  7.019000E+03  1.032621E-07  1.062828E-04 -2.250447E-07  1.930007E-04 -6.936669E-03  2.051216E-08  2.051270E-08
  7.020000E+03  1.693863E-07  1.070692E-04 -3.238654E-07  1.916205E-04 -1.817867E-02  2.051326E-08  2.051927E-08
  7.021000E+03  6.884387E-08  1.060936E-04 -3.807942E-07  1.933894E-04 -2.049224E-02  2.051306E-08  2.051748E-08
  7.022000E+03  7.151862E-08  1.066900E-04 -1.861085E-07  1.922643E-04 -6.029828E-03  2.051232E-08  2.051351E-08
  7.023000E+03  1.945293E-07  1.068222E-04 -2.798906E-07  1.920936E-04 -2.418823E-02  2.051387E-08  2.052117E-08
  7.024000E+03  8.491203E-08  1.060406E-04 -4.415284E-07  1.934621E-04 -1.289744E-02  2.051314E-08  2.051503E-08
  7.025000E+03  3.109463E-08  1.070151E-04 -1.884299E-07  1.916942E-04 -1.076862E-02  2.051298E-08  2.051645E-08
  7.026000E+03  2.032657E-07  1.064162E-04 -2.071304E-07  1.928312E-04 -2.508676E-02  2.051392E-08  2.052054E-08
  7.027000E+03  1.260552E-07  1.062909E-04 -4.882302E-07  1.929896E-04 -6.937598E-03  2.051255E-08  2.051314E-08
  7.028000E+03 -7.476555E-09  1.070640E-04 -2.411194E-07  1.916308E-04 -1.828884E-02  2.051332E-08  2.051930E-08
  7.029000E+03  1.890795E-07  1.060963E-04 -1.214921E-07  1.933889E-04 -2.034297E-02  2.051361E-08  2.051795E-08
  7.030000E+03  1.844955E-07  1.066954E-04 -5.025584E-07  1.922598E-04 -6.142876E-03  2.051286E-08  2.051417E-08
  7.031000E+03 -3.226029E-08  1.068135E-04 -3.375586E-07  1.921118E-04 -2.413225E-02  2.051417E-08  2.052138E-08
  7.032000E+03  1.495440E-07  1.060516E-04 -4.456698E-08  1.934438E-04 -1.285536E-02  2.051332E-08  2.051514E-08
  7.033000E+03  2.433365E-07  1.070092E-04 -4.676043E-07  1.917082E-04 -1.090879E-02  2.051332E-08  2.051689E-08
  7.034000E+03 -3.111344E-08  1.064129E-04 -4.534479E-07  1.928375E-04 -2.485411E-02  2.051408E-08  2.052058E-08
  7.035000E+03  8.814616E-08  1.063021E-04 -2.611232E-09  1.929663E-04 -7.110731E-03  2.051220E-08  2.051275E-08
  7.036000E+03  2.871664E-07  1.070486E-04 -3.790924E-07  1.916562E-04 -1.832350E-02  2.051309E-08  2.051908E-08
  7.037000E+03  6.918164E-10  1.061014E-04 -5.620532E-07  1.933747E-04 -2.008508E-02  2.051319E-08  2.051747E-08
  7.038000E+03  1.416653E-08  1.067001E-04 -1.155090E-08  1.922454E-04 -6.453347E-03  2.051217E-08  2.051345E-08
  7.039000E+03  3.043888E-07  1.067943E-04 -2.468228E-07  1.921355E-04 -2.402589E-02  2.051306E-08  2.052022E-08
  7.040000E+03  6.226430E-08  1.060603E-04 -6.400558E-07  1.934128E-04 -1.269879E-02  2.051176E-08  2.051362E-08
  7.041000E+03 -5.406203E-08  1.070050E-04 -8.284052E-08  1.917041E-04 -1.121848E-02  2.051200E-08  2.051553E-08
  7.042000E+03  2.872254E-07  1.063982E-04 -1.010462E-07  1.928501E-04 -2.463033E-02  2.051268E-08  2.051908E-08
  7.043000E+03  1.449612E-07  1.063115E-04 -6.660236E-07  1.929337E-04 -7.095441E-03  2.051056E-08  2.051125E-08
  7.044000E+03 -9.972749E-08  1.070384E-04 -2.116816E-07  1.916615E-04 -1.855310E-02  2.051162E-08  2.051757E-08
  7.045000E+03  2.344172E-07  1.060944E-04  2.626781E-08  1.933758E-04 -1.981503E-02  2.051206E-08  2.051620E-08
  7.046000E+03  2.362421E-07  1.067093E-04 -6.284672E-07  1.922207E-04 -6.548401E-03  2.051130E-08  2.051279E-08
  7.047000E+03 -1.127854E-07  1.067817E-04 -3.807816E-07  1.921489E-04 -2.415569E-02  2.051201E-08  2.051914E-08
  7.048000E+03  1.528789E-07  1.060612E-04  1.104995E-07  1.934049E-04 -1.245062E-02  2.051118E-08  2.051288E-08
  7.049000E+03  3.145270E-07  1.070120E-04 -5.253735E-07  1.916915E-04 -1.138180E-02  2.051196E-08  2.051573E-08
  7.050000E+03 -8.654223E-08  1.063860E-04 -5.527597E-07  1.928673E-04 -2.464570E-02  2.051215E-08  2.051856E-08
  7.051000E+03  5.678351E-08  1.063162E-04  1.283570E-07  1.929196E-04 -6.925808E-03  2.050999E-08  2.051053E-08
  7.052000E+03  3.602595E-07  1.070407E-04 -3.703801E-07  1.916576E-04 -1.872664E-02  2.051156E-08  2.051772E-08
  7.053000E+03 -2.265225E-08  1.060855E-04 -6.881823E-07  1.933894E-04 -1.973292E-02  2.051182E-08  2.051602E-08
  7.054000E+03 -3.924538E-08  1.067150E-04  7.254810E-08  1.922046E-04 -6.493036E-03  2.051068E-08  2.051203E-08
  7.055000E+03  3.647483E-07  1.067780E-04 -1.858265E-07  1.921522E-04 -2.428353E-02  2.051159E-08  2.051885E-08
  7.056000E+03  7.120619E-08  1.060583E-04 -7.645260E-07  1.934075E-04 -1.232699E-02  2.051090E-08  2.051272E-08
  7.057000E+03 -1.177669E-07  1.070159E-04 -5.446726E-08  1.916800E-04 -1.143463E-02  2.051147E-08  2.051513E-08
  7.058000E+03  3.255302E-07  1.063805E-04 -4.045490E-09  1.928741E-04 -2.468627E-02  2.051179E-08  2.051822E-08
  7.059000E+03  1.816882E-07  1.063190E-04 -7.673673E-07  1.929156E-04 -6.815976E-03  2.051012E-08  2.051083E-08
  7.060000E+03 -1.628166E-07  1.070424E-04 -2.380855E-07  1.916547E-04 -1.883314E-02  2.051155E-08  2.051765E-08
  7.061000E+03  2.466389E-07  1.060819E-04  1.408408E-07  1.933968E-04 -1.969731E-02  2.051193E-08  2.051604E-08
  7.062000E+03  2.912782E-07  1.067208E-04 -6.919855E-07  1.922007E-04 -6.423222E-03  2.051139E-08  2.051295E-08
  7.063000E+03 -1.651850E-07  1.067797E-04 -4.506841E-07  1.921555E-04 -2.439478E-02  2.051220E-08  2.051947E-08
  7.064000E+03  1.404183E-07  1.060588E-04  2.219371E-07  1.934160E-04 -1.225815E-02  2.051193E-08  2.051359E-08
  7.065000E+03  3.765075E-07  1.070212E-04 -5.456247E-07  1.916817E-04 -1.140684E-02  2.051268E-08  2.051654E-08
  7.066000E+03 -1.206988E-07  1.063834E-04 -6.493746E-07  1.928793E-04 -2.475440E-02  2.051287E-08  2.051936E-08
  7.067000E+03  2.247463E-08  1.063218E-04  2.198482E-07  1.929226E-04 -6.793717E-03  2.051140E-08  2.051193E-08
  7.068000E+03  4.184584E-07  1.070440E-04 -3.451845E-07  1.916639E-04 -1.878356E-02  2.051285E-08  2.051907E-08
  7.069000E+03 -3.344638E-08  1.060898E-04 -7.942200E-07  1.933945E-04 -1.974073E-02  2.051319E-08  2.051743E-08
  7.070000E+03 -8.974644E-08  1.067195E-04  1.300102E-07  1.922126E-04 -6.489721E-03  2.051240E-08  2.051376E-08
  7.071000E+03  4.113872E-07  1.067816E-04 -1.206454E-07  1.921641E-04 -2.423727E-02  2.051357E-08  2.052083E-08
  7.072000E+03  8.242592E-08  1.060689E-04 -8.638053E-07  1.934059E-04 -1.240536E-02  2.051278E-08  2.051465E-08
  7.073000E+03 -1.748697E-07  1.070107E-04 -3.530098E-08  1.917037E-04 -1.143918E-02  2.051300E-08  2.051662E-08
  7.074000E+03  3.566988E-07  1.063924E-04  8.518191E-08  1.928694E-04 -2.455648E-02  2.051365E-08  2.052004E-08
  7.075000E+03  2.093949E-07  1.063275E-04 -8.482629E-07  1.929193E-04 -7.063478E-03  2.051211E-08  2.051290E-08
  7.076000E+03 -2.152614E-07  1.070300E-04 -2.545126E-07  1.916907E-04 -1.864569E-02  2.051308E-08  2.051903E-08
  7.077000E+03  2.598357E-07  1.061081E-04  2.338968E-07  1.933655E-04 -1.966367E-02  2.051369E-08  2.051778E-08
  7.078000E+03  3.281970E-07  1.067131E-04 -7.443688E-07  1.922308E-04 -6.780455E-03  2.051307E-08  2.051468E-08
  7.079000E+03 -2.021590E-07  1.067744E-04 -4.962627E-07  1.921786E-04 -2.390015E-02  2.051389E-08  2.052091E-08
  7.080000E+03  1.358584E-07  1.060874E-04  2.975225E-07  1.933726E-04 -1.257275E-02  2.051278E-08  2.051451E-08
  7.081000E+03  4.141880E-07  1.069940E-04 -5.638328E-07  1.917378E-04 -1.156640E-02  2.051342E-08  2.051719E-08
  7.082000E+03 -1.387674E-07  1.063981E-04 -7.100520E-07  1.928614E-04 -2.417644E-02  2.051409E-08  2.052034E-08
  7.083000E+03  6.291180E-09  1.063378E-04  2.668314E-07  1.929013E-04 -7.417856E-03  2.051213E-08  2.051277E-08
  7.084000E+03  4.472892E-07  1.070087E-04 -3.342921E-07  1.917264E-04 -1.854675E-02  2.051286E-08  2.051881E-08
  7.085000E+03 -3.449968E-08  1.061240E-04 -8.498406E-07  1.933337E-04 -1.943114E-02  2.051347E-08  2.051759E-08
  7.086000E+03 -1.066014E-07  1.067097E-04  1.442033E-07  1.922350E-04 -7.173395E-03  2.051281E-08  2.051423E-08
  7.087000E+03  4.212959E-07  1.067592E-04 -9.481837E-08  1.922000E-04 -2.358458E-02  2.051341E-08  2.052028E-08
  7.088000E+03  9.294713E-08  1.061061E-04 -8.907556E-07  1.933313E-04 -1.262385E-02  2.051200E-08  2.051391E-08
  7.089000E+03 -1.831289E-07  1.069779E-04 -4.992970E-08  1.917617E-04 -1.183019E-02  2.051284E-08  2.051638E-08
  7.090000E+03  3.456365E-07  1.063953E-04  1.092962E-07  1.928584E-04 -2.378286E-02  2.051343E-08  2.051944E-08
  7.091000E+03  2.236832E-07  1.063513E-04 -8.369162E-07  1.928700E-04 -7.700176E-03  2.051137E-08  2.051228E-08
  7.092000E+03 -2.094883E-07  1.069884E-04 -2.866092E-07  1.917567E-04 -1.860196E-02  2.051219E-08  2.051791E-08
  7.093000E+03  2.342741E-07  1.061318E-04  2.410086E-07  1.933118E-04 -1.912547E-02  2.051278E-08  2.051663E-08
  7.094000E+03  3.344035E-07  1.067133E-04 -6.988507E-07  1.922241E-04 -7.517255E-03  2.051228E-08  2.051399E-08
  7.095000E+03 -1.773280E-07  1.067417E-04 -5.262746E-07  1.922216E-04 -2.346834E-02  2.051240E-08  2.051910E-08
  7.096000E+03  1.063523E-07  1.061173E-04  2.702060E-07  1.933031E-04 -1.246823E-02  2.051119E-08  2.051286E-08
  7.097000E+03  4.016265E-07  1.069740E-04 -4.970909E-07  1.917651E-04 -1.210702E-02  2.051237E-08  2.051615E-08
  7.098000E+03 -9.518831E-08  1.063843E-04 -7.168591E-07  1.928705E-04 -2.355619E-02  2.051271E-08  2.051864E-08
  7.099000E+03 -1.589898E-08  1.063637E-04  1.975863E-07  1.928435E-04 -7.697078E-03  2.051095E-08  2.051165E-08
  7.100000E+03  4.133324E-07  1.069772E-04 -2.664547E-07  1.917717E-04 -1.879116E-02  2.051158E-08  2.051743E-08
  7.101000E+03  1.820407E-08  1.061294E-04 -8.213778E-07  1.933100E-04 -1.885019E-02  2.051223E-08  2.051609E-08
  7.102000E+03 -1.108432E-07  1.067221E-04  4.419448E-08  1.922044E-04 -7.674110E-03  2.051186E-08  2.051340E-08
  7.103000E+03  3.679771E-07  1.067275E-04 -4.814092E-08  1.922417E-04 -2.350505E-02  2.051181E-08  2.051850E-08
  7.104000E+03  1.420780E-07  1.061229E-04 -8.218583E-07  1.932878E-04 -1.225533E-02  2.051073E-08  2.051250E-08
  7.105000E+03 -1.612592E-07  1.069754E-04 -1.617486E-07  1.917589E-04 -1.233899E-02  2.051193E-08  2.051559E-08
  7.106000E+03  2.771016E-07  1.063755E-04  1.158661E-07  1.928840E-04 -2.345406E-02  2.051248E-08  2.051828E-08
  7.107000E+03  2.564690E-07  1.063733E-04 -7.264975E-07  1.928273E-04 -7.628402E-03  2.051107E-08  2.051197E-08
  7.108000E+03 -1.598700E-07  1.069737E-04 -3.864407E-07  1.917797E-04 -1.896362E-02  2.051170E-08  2.051748E-08
  7.109000E+03  1.621877E-07  1.061295E-04  1.958725E-07  1.933138E-04 -1.870330E-02  2.051271E-08  2.051636E-08
  7.110000E+03  3.415282E-07  1.067294E-04 -5.630144E-07  1.921981E-04 -7.731840E-03  2.051257E-08  2.051432E-08
  7.111000E+03 -1.078798E-07  1.067216E-04 -5.902005E-07  1.922555E-04 -2.354676E-02  2.051213E-08  2.051880E-08
  7.112000E+03  4.536659E-08  1.061300E-04  1.783014E-07  1.932807E-04 -1.215885E-02  2.051136E-08  2.051292E-08
  7.113000E+03  3.784160E-07  1.069747E-04 -3.611245E-07  1.917656E-04 -1.244799E-02  2.051248E-08  2.051629E-08
  7.114000E+03 -1.591315E-08  1.063739E-04 -7.285387E-07  1.928911E-04 -2.334613E-02  2.051299E-08  2.051880E-08
  7.115000E+03 -5.444862E-08  1.063822E-04  7.031411E-08  1.928170E-04 -7.687899E-03  2.051168E-08  2.051239E-08
  7.116000E+03  3.605623E-07  1.069656E-04 -1.530831E-07  1.918002E-04 -1.897194E-02  2.051233E-08  2.051813E-08
  7.117000E+03  9.651722E-08  1.061373E-04 -7.745608E-07  1.933031E-04 -1.858732E-02  2.051313E-08  2.051688E-08
  7.118000E+03 -1.209188E-07  1.067292E-04 -1.016941E-07  1.922001E-04 -7.920325E-03  2.051272E-08  2.051432E-08
  7.119000E+03  2.953386E-07  1.067150E-04  2.385215E-08  1.922716E-04 -2.335711E-02  2.051266E-08  2.051919E-08
  7.120000E+03  2.064817E-07  1.061442E-04 -7.261757E-07  1.932579E-04 -1.222100E-02  2.051167E-08  2.051340E-08
  7.121000E+03 -1.403396E-07  1.069619E-04 -3.027497E-07  1.917895E-04 -1.257522E-02  2.051255E-08  2.051620E-08
  7.122000E+03  1.967433E-07  1.063803E-04  1.328052E-07  1.928827E-04 -2.307691E-02  2.051345E-08  2.051903E-08
  7.123000E+03  2.949139E-07  1.063902E-04 -5.970319E-07  1.928065E-04 -7.969145E-03  2.051207E-08  2.051300E-08
  7.124000E+03 -1.072178E-07  1.069491E-04 -4.995226E-07  1.918315E-04 -1.884882E-02  2.051256E-08  2.051817E-08
  7.125000E+03  8.495721E-08  1.061570E-04  1.485069E-07  1.932717E-04 -1.846765E-02  2.051365E-08  2.051718E-08
  7.126000E+03  3.462107E-07  1.067249E-04 -4.153606E-07  1.922173E-04 -8.253471E-03  2.051367E-08  2.051545E-08
  7.127000E+03 -3.069782E-08  1.067066E-04 -6.549181E-07  1.922920E-04 -2.300367E-02  2.051339E-08  2.051975E-08
  7.128000E+03 -1.556961E-08  1.061701E-04  7.123780E-08  1.932220E-04 -1.236169E-02  2.051283E-08  2.051440E-08
  7.129000E+03  3.471698E-07  1.069444E-04 -2.194704E-07  1.918322E-04 -1.279727E-02  2.051370E-08  2.051738E-08
  7.130000E+03  7.195660E-08  1.063861E-04 -7.306913E-07  1.928787E-04 -2.262072E-02  2.051437E-08  2.051986E-08
  7.131000E+03 -8.609110E-08  1.064085E-04 -7.873711E-08  1.927827E-04 -8.372155E-03  2.051300E-08  2.051386E-08
  7.132000E+03  2.939573E-07  1.069232E-04 -4.325930E-08  1.918828E-04 -1.878254E-02  2.051311E-08  2.051856E-08
  7.133000E+03  1.800572E-07  1.061750E-04 -7.044524E-07  1.932354E-04 -1.815989E-02  2.051339E-08  2.051695E-08
  7.134000E+03 -1.132011E-07  1.067223E-04 -2.706125E-07  1.922171E-04 -8.762619E-03  2.051305E-08  2.051479E-08
  7.135000E+03  2.000424E-07  1.066852E-04  7.736092E-08  1.923226E-04 -2.261353E-02  2.051272E-08  2.051875E-08
  7.136000E+03  2.704928E-07  1.061929E-04 -5.859032E-07  1.931679E-04 -1.239296E-02  2.051149E-08  2.051323E-08
  7.137000E+03 -9.132933E-08  1.069222E-04 -4.632046E-07  1.918590E-04 -1.316246E-02  2.051221E-08  2.051583E-08
  7.138000E+03  8.899099E-08  1.063800E-04  1.145330E-07  1.928734E-04 -2.210123E-02  2.051285E-08  2.051795E-08
  7.139000E+03  3.237282E-07  1.064260E-04 -4.070642E-07  1.927387E-04 -8.712211E-03  2.051164E-08  2.051272E-08
  7.140000E+03 -1.989304E-08  1.068936E-04 -6.187315E-07  1.919229E-04 -1.885690E-02  2.051169E-08  2.051707E-08
  7.141000E+03 -1.507317E-08  1.061863E-04  4.975164E-08  1.932022E-04 -1.773476E-02  2.051220E-08  2.051543E-08
  7.142000E+03  3.278829E-07  1.067302E-04 -2.065571E-07  1.922009E-04 -9.254149E-03  2.051276E-08  2.051469E-08
  7.143000E+03  8.641610E-08  1.066607E-04 -7.033846E-07  1.923642E-04 -2.238243E-02  2.051255E-08  2.051851E-08
  7.144000E+03 -8.931849E-08  1.062197E-04 -1.046894E-07  1.931234E-04 -1.219833E-02  2.051200E-08  2.051353E-08
  7.145000E+03  2.808071E-07  1.069154E-04 -2.748168E-08  1.918784E-04 -1.367359E-02  2.051283E-08  2.051655E-08
  7.146000E+03  2.008704E-07  1.063674E-04 -6.937199E-07  1.929001E-04 -2.160810E-02  2.051351E-08  2.051853E-08
  7.147000E+03 -1.185308E-07  1.064563E-04 -3.074762E-07  1.926921E-04 -8.861979E-03  2.051248E-08  2.051353E-08
  7.148000E+03  1.886407E-07  1.068693E-04  9.599076E-08  1.919706E-04 -1.916298E-02  2.051199E-08  2.051729E-08
  7.149000E+03  2.976742E-07  1.061896E-04 -5.831742E-07  1.931934E-04 -1.716296E-02  2.051210E-08  2.051530E-08
  7.150000E+03 -9.408765E-08  1.067466E-04 -5.143723E-07  1.921683E-04 -9.705586E-03  2.051236E-08  2.051441E-08
  7.151000E+03  6.812126E-08  1.066311E-04  1.349504E-07  1.924121E-04 -2.232342E-02  2.051201E-08  2.051772E-08
  7.152000E+03  3.557063E-07  1.062373E-04 -3.892734E-07  1.930844E-04 -1.182739E-02  2.051133E-08  2.051292E-08
  7.153000E+03 -1.936309E-08  1.069115E-04 -6.816463E-07  1.918765E-04 -1.419467E-02  2.051174E-08  2.051567E-08
  7.154000E+03 -5.238535E-08  1.063481E-04  7.557521E-08  1.929244E-04 -2.125820E-02  2.051251E-08  2.051720E-08
  7.155000E+03  3.638588E-07  1.064785E-04 -1.594910E-07  1.926466E-04 -8.841317E-03  2.051191E-08  2.051309E-08
  7.156000E+03  9.319672E-08  1.068500E-04 -7.786169E-07  1.919972E-04 -1.950201E-02  2.051099E-08  2.051649E-08
  7.157000E+03 -1.440823E-07  1.061883E-04 -7.852621E-08  1.931865E-04 -1.672467E-02  2.051127E-08  2.051417E-08
  7.158000E+03  3.157897E-07  1.067631E-04  5.442619E-08  1.921384E-04 -9.997964E-03  2.051227E-08  2.051446E-08
  7.159000E+03  2.238227E-07  1.066075E-04 -7.786512E-07  1.924534E-04 -2.232978E-02  2.051187E-08  2.051772E-08
  7.160000E+03 -1.861653E-07  1.062561E-04 -3.036716E-07  1.930533E-04 -1.151279E-02  2.051174E-08  2.051316E-08
  7.161000E+03  2.159993E-07  1.069129E-04  2.085558E-07  1.918818E-04 -1.463997E-02  2.051245E-08  2.051643E-08
  7.162000E+03  3.452654E-07  1.063344E-04 -6.709334E-07  1.929568E-04 -2.092341E-02  2.051347E-08  2.051823E-08
  7.163000E+03 -1.692208E-07  1.065050E-04 -5.533510E-07  1.926080E-04 -8.868422E-03  2.051291E-08  2.051412E-08
  7.164000E+03  8.097870E-08  1.068343E-04  2.726180E-07  1.920370E-04 -1.977358E-02  2.051212E-08  2.051750E-08
  7.165000E+03  4.294087E-07  1.061943E-04 -4.674722E-07  1.931843E-04 -1.629497E-02  2.051236E-08  2.051531E-08
  7.166000E+03 -9.248311E-08  1.067755E-04 -7.731347E-07  1.921214E-04 -1.033882E-02  2.051277E-08  2.051516E-08
  7.167000E+03 -6.374883E-08  1.065893E-04  2.267419E-07  1.924926E-04 -2.222937E-02  2.051259E-08  2.051815E-08
  7.168000E+03  4.556766E-07  1.062734E-04 -2.033664E-07  1.930232E-04 -1.133954E-02  2.051191E-08  2.051344E-08
  7.169000E+03  3.342481E-08  1.069049E-04 -9.151391E-07  1.918963E-04 -1.495584E-02  2.051237E-08  2.051658E-08
  7.170000E+03 -1.878249E-07  1.063291E-04  6.984700E-08  1.929637E-04 -2.063166E-02  2.051330E-08  2.051773E-08
  7.171000E+03  4.167448E-07  1.065188E-04  6.729066E-08  1.925819E-04 -9.010170E-03  2.051276E-08  2.051408E-08
  7.172000E+03  1.877557E-07  1.068180E-04 -9.501058E-07  1.920667E-04 -1.982925E-02  2.051215E-08  2.051773E-08
  7.173000E+03 -2.624029E-07  1.062071E-04 -1.782613E-07  1.931630E-04 -1.607759E-02  2.051264E-08  2.051536E-08
  7.174000E+03  3.146180E-07  1.067781E-04  2.866462E-07  1.921233E-04 -1.065542E-02  2.051341E-08  2.051580E-08
  7.175000E+03  3.431183E-07  1.065769E-04 -8.622371E-07  1.925205E-04 -2.198352E-02  2.051328E-08  2.051898E-08
  7.176000E+03 -2.710396E-07  1.062982E-04 -4.758563E-07  1.929879E-04 -1.136409E-02  2.051294E-08  2.051441E-08
  7.177000E+03  1.633118E-07  1.068906E-04  4.124559E-07  1.919307E-04 -1.524498E-02  2.051320E-08  2.051726E-08
  7.178000E+03  4.696585E-07  1.063282E-04 -6.574495E-07  1.929679E-04 -2.018350E-02  2.051376E-08  2.051829E-08
  7.179000E+03 -2.098642E-07  1.065408E-04 -7.673445E-07  1.925479E-04 -9.346396E-03  2.051332E-08  2.051479E-08
  7.180000E+03 -1.271021E-08  1.067905E-04  4.195399E-07  1.921190E-04 -1.985916E-02  2.051243E-08  2.051768E-08
  7.181000E+03  5.385924E-07  1.062233E-04 -3.628612E-07  1.931313E-04 -1.566981E-02  2.051251E-08  2.051533E-08
  7.182000E+03 -8.441850E-08  1.067818E-04 -9.924495E-07  1.921141E-04 -1.120553E-02  2.051301E-08  2.051571E-08
  7.183000E+03 -1.818197E-07  1.065502E-04  2.959671E-07  1.925620E-04 -2.164392E-02  2.051272E-08  2.051795E-08
  7.184000E+03  5.327778E-07  1.063250E-04 -2.798105E-08  1.929319E-04 -1.125846E-02  2.051218E-08  2.051378E-08
  7.185000E+03  8.944440E-08  1.068719E-04 -1.106237E-06  1.919560E-04 -1.572358E-02  2.051217E-08  2.051658E-08
  7.186000E+03 -3.108310E-07  1.063164E-04  4.884875E-08  1.929736E-04 -1.963732E-02  2.051230E-08  2.051637E-08
  7.187000E+03  4.507509E-07  1.065655E-04  2.833497E-07  1.924954E-04 -9.612109E-03  2.051243E-08  2.051402E-08
  7.188000E+03  2.828497E-07  1.067610E-04 -1.085060E-06  1.921674E-04 -2.002156E-02  2.051187E-08  2.051741E-08
  7.189000E+03 -3.696371E-07  1.062345E-04 -2.870234E-07  1.931039E-04 -1.517092E-02  2.051193E-08  2.051444E-08
  7.190000E+03  3.013139E-07  1.067925E-04  5.059203E-07  1.920926E-04 -1.175437E-02  2.051264E-08  2.051539E-08
  7.191000E+03  4.608384E-07  1.065224E-04 -9.209639E-07  1.926123E-04 -2.138827E-02  2.051284E-08  2.051827E-08
  7.192000E+03 -3.444779E-07  1.063567E-04 -6.531924E-07  1.928794E-04 -1.106110E-02  2.051276E-08  2.051431E-08
  7.193000E+03  1.051019E-07  1.068597E-04  5.979684E-07  1.919826E-04 -1.629772E-02  2.051247E-08  2.051676E-08
  7.194000E+03  5.897195E-07  1.063038E-04 -6.300480E-07  1.929974E-04 -1.903314E-02  2.051265E-08  2.051681E-08
  7.195000E+03 -2.375302E-07  1.066024E-04 -9.822083E-07  1.924379E-04 -9.878451E-03  2.051333E-08  2.051518E-08
  7.196000E+03 -1.068234E-07  1.067302E-04  5.413902E-07  1.922326E-04 -2.030456E-02  2.051279E-08  2.051802E-08
  7.197000E+03  6.407254E-07  1.062460E-04 -2.523448E-07  1.930868E-04 -1.450097E-02  2.051253E-08  2.051508E-08
  7.198000E+03 -6.332155E-08  1.068130E-04 -1.207358E-06  1.920614E-04 -1.240001E-02  2.051306E-08  2.051631E-08
  7.199000E+03 -2.964410E-07  1.064872E-04  3.372243E-07  1.926791E-04 -2.121273E-02  2.051325E-08  2.051821E-08
  7.200000E+03  6.023724E-07  1.063848E-04  1.460624E-07  1.928275E-04 -1.066296E-02  2.051274E-08  2.051434E-08
  7.201000E+03  1.524253E-07  1.068535E-04 -1.287668E-06  1.919901E-04 -1.699634E-02  2.051186E-08  2.051674E-08
  7.202000E+03 -4.274160E-07  1.062796E-04  9.615279E-09  1.930315E-04 -1.851035E-02  2.051179E-08  2.051548E-08
  7.203000E+03  4.787922E-07  1.066336E-04  4.911460E-07  1.923755E-04 -9.907453E-03  2.051269E-08  2.051459E-08
  7.204000E+03  3.747174E-07  1.067040E-04 -1.206028E-06  1.922728E-04 -2.074234E-02  2.051186E-08  2.051763E-08
  7.205000E+03 -4.697577E-07  1.062453E-04 -3.945974E-07  1.930800E-04 -1.386877E-02  2.051186E-08  2.051408E-08
  7.206000E+03  2.858817E-07  1.068341E-04  7.128158E-07  1.920207E-04 -1.283029E-02  2.051267E-08  2.051593E-08
  7.207000E+03  5.661649E-07  1.064567E-04 -9.666076E-07  1.927332E-04 -2.120637E-02  2.051313E-08  2.051848E-08
  7.208000E+03 -4.145300E-07  1.064072E-04 -8.087305E-07  1.927881E-04 -1.025121E-02  2.051297E-08  2.051451E-08
  7.209000E+03  5.372607E-08  1.068536E-04  7.719395E-07  1.919949E-04 -1.755247E-02  2.051218E-08  2.051694E-08
  7.210000E+03  6.920320E-07  1.062620E-04 -6.032340E-07  1.930668E-04 -1.811408E-02  2.051231E-08  2.051621E-08
  7.211000E+03 -2.703363E-07  1.066621E-04 -1.158665E-06  1.923297E-04 -9.915141E-03  2.051327E-08  2.051542E-08
  7.212000E+03 -1.806518E-07  1.066860E-04  6.586895E-07  1.923135E-04 -2.106472E-02  2.051261E-08  2.051807E-08
  7.213000E+03  7.252596E-07  1.062483E-04 -1.688267E-07  1.930772E-04 -1.339550E-02  2.051228E-08  2.051461E-08
  7.214000E+03 -5.780334E-08  1.068495E-04 -1.376637E-06  1.919969E-04 -1.316535E-02  2.051299E-08  2.051672E-08
  7.215000E+03 -3.789424E-07  1.064349E-04  3.858236E-07  1.927751E-04 -2.116615E-02  2.051340E-08  2.051832E-08
  7.216000E+03  6.602921E-07  1.064240E-04  2.656995E-07  1.927581E-04 -9.978745E-03  2.051307E-08  2.051465E-08
  7.217000E+03  1.893909E-07  1.068524E-04 -1.427541E-06  1.920005E-04 -1.794632E-02  2.051240E-08  2.051772E-08
  7.218000E+03 -5.048588E-07  1.062521E-04 -6.922372E-09  1.930884E-04 -1.783462E-02  2.051278E-08  2.051628E-08
  7.219000E+03  5.042116E-07  1.066808E-04  6.242872E-07  1.923002E-04 -9.954151E-03  2.051373E-08  2.051585E-08
  7.220000E+03  4.317068E-07  1.066739E-04 -1.296760E-06  1.923413E-04 -2.126589E-02  2.051316E-08  2.051914E-08
  7.221000E+03 -5.297843E-07  1.062546E-04 -4.628291E-07  1.930714E-04 -1.311282E-02  2.051297E-08  2.051505E-08
  7.222000E+03  2.778747E-07  1.068561E-04  8.359620E-07  1.919896E-04 -1.340856E-02  2.051342E-08  2.051698E-08
  7.223000E+03  6.302639E-07  1.064209E-04 -9.970927E-07  1.928001E-04 -2.107502E-02  2.051340E-08  2.051872E-08
  7.224000E+03 -4.510656E-07  1.064390E-04 -9.077756E-07  1.927294E-04 -9.910569E-03  2.051293E-08  2.051452E-08
  7.225000E+03  1.956567E-08  1.068421E-04  8.679759E-07  1.920189E-04 -1.816013E-02  2.051232E-08  2.051729E-08
  7.226000E+03  7.494168E-07  1.062477E-04 -5.777428E-07  1.930893E-04 -1.755737E-02  2.051212E-08  2.051589E-08
  7.227000E+03 -2.820455E-07  1.066918E-04 -1.262452E-06  1.922725E-04 -1.015343E-02  2.051283E-08  2.051521E-08
  7.228000E+03 -2.287682E-07  1.066554E-04  7.162242E-07  1.923710E-04 -2.125164E-02  2.051277E-08  2.051825E-08
  7.229000E+03  7.654724E-07  1.062636E-04 -1.036828E-07  1.930469E-04 -1.289016E-02  2.051214E-08  2.051439E-08
  7.230000E+03 -4.631048E-08  1.068532E-04 -1.463547E-06  1.919845E-04 -1.373298E-02  2.051222E-08  2.051619E-08
  7.231000E+03 -4.278038E-07  1.064056E-04  3.985231E-07  1.928160E-04 -2.084397E-02  2.051225E-08  2.051703E-08
  7.232000E+03  6.777415E-07  1.064563E-04  3.486869E-07  1.926937E-04 -9.893217E-03  2.051246E-08  2.051412E-08
  7.233000E+03  2.181957E-07  1.068281E-04 -1.482399E-06  1.920405E-04 -1.840885E-02  2.051185E-08  2.051730E-08
  7.234000E+03 -5.418096E-07  1.062464E-04 -3.665057E-08  1.930865E-04 -1.721016E-02  2.051171E-08  2.051502E-08
  7.235000E+03  4.996934E-07  1.067084E-04  6.997972E-07  1.922442E-04 -1.042465E-02  2.051295E-08  2.051529E-08
  7.236000E+03  4.679694E-07  1.066357E-04 -1.314029E-06  1.924115E-04 -2.125585E-02  2.051330E-08  2.051920E-08
  7.237000E+03 -5.476414E-07  1.062801E-04 -5.208860E-07  1.930216E-04 -1.261384E-02  2.051273E-08  2.051472E-08
  7.238000E+03  2.567705E-07  1.068557E-04  8.860738E-07  1.919847E-04 -1.417640E-02  2.051260E-08  2.051639E-08
  7.239000E+03  6.635667E-07  1.063885E-04 -9.797970E-07  1.928501E-04 -2.053254E-02  2.051271E-08  2.051779E-08
  7.240000E+03 -4.480207E-07  1.064837E-04 -9.750911E-07  1.926502E-04 -9.886172E-03  2.051310E-08  2.051479E-08
  7.241000E+03 -1.003570E-08  1.068114E-04  8.833308E-07  1.920759E-04 -1.876445E-02  2.051229E-08  2.051736E-08
  7.242000E+03  7.697795E-07  1.062429E-04 -5.345156E-07  1.930910E-04 -1.670334E-02  2.051170E-08  2.051518E-08
  7.243000E+03 -2.621517E-07  1.067299E-04 -1.316592E-06  1.922040E-04 -1.077204E-02  2.051272E-08  2.051539E-08
  7.244000E+03 -2.573236E-07  1.066068E-04  6.978780E-07  1.924625E-04 -2.129333E-02  2.051317E-08  2.051852E-08
  7.245000E+03  7.678454E-07  1.062934E-04 -4.955076E-08  1.929905E-04 -1.217412E-02  2.051210E-08  2.051418E-08
  7.246000E+03 -1.736783E-08  1.068594E-04 -1.489022E-06  1.919690E-04 -1.473354E-02  2.051147E-08  2.051579E-08
  7.247000E+03 -4.468514E-07  1.063617E-04  3.556374E-07  1.928879E-04 -2.024393E-02  2.051168E-08  2.051616E-08
  7.248000E+03  6.618558E-07  1.065082E-04  3.973702E-07  1.926004E-04 -9.705100E-03  2.051257E-08  2.051428E-08
  7.249000E+03  2.465498E-07  1.068004E-04 -1.471745E-06  1.920929E-04 -1.926250E-02  2.051180E-08  2.051745E-08
  7.250000E+03 -5.455360E-07  1.062327E-04 -8.941469E-08  1.931064E-04 -1.623476E-02  2.051152E-08  2.051450E-08
  7.251000E+03  4.706952E-07  1.067553E-04  7.279589E-07  1.921630E-04 -1.092883E-02  2.051320E-08  2.051581E-08
  7.252000E+03  4.865403E-07  1.065881E-04 -1.270692E-06  1.925044E-04 -2.151994E-02  2.051392E-08  2.051979E-08
  7.253000E+03 -5.347576E-07  1.063031E-04 -5.664761E-07  1.929801E-04 -1.175615E-02  2.051297E-08  2.051476E-08
  7.254000E+03  2.265335E-07  1.068729E-04  8.826463E-07  1.919560E-04 -1.511814E-02  2.051254E-08  2.051667E-08
  7.255000E+03  6.637690E-07  1.063445E-04 -9.208141E-07  1.929310E-04 -2.011461E-02  2.051300E-08  2.051783E-08
  7.256000E+03 -4.208678E-07  1.065277E-04 -9.950333E-07  1.925710E-04 -9.543086E-03  2.051320E-08  2.051491E-08
  7.257000E+03 -3.116985E-08  1.067944E-04  8.454470E-07  1.921101E-04 -1.959695E-02  2.051235E-08  2.051766E-08
  7.258000E+03  7.491462E-07  1.062264E-04 -4.783344E-07  1.931206E-04 -1.590817E-02  2.051190E-08  2.051507E-08
  7.259000E+03 -2.264392E-07  1.067675E-04 -1.301952E-06  1.921365E-04 -1.105329E-02  2.051268E-08  2.051553E-08
  7.260000E+03 -2.610079E-07  1.065715E-04  6.306942E-07  1.925283E-04 -2.160722E-02  2.051324E-08  2.051862E-08
  7.261000E+03  7.309801E-07  1.063074E-04 -1.580798E-08  1.929643E-04 -1.149126E-02  2.051217E-08  2.051403E-08
  7.262000E+03  1.434609E-08  1.068741E-04 -1.439762E-06  1.919464E-04 -1.535616E-02  2.051169E-08  2.051622E-08
  7.263000E+03 -4.265715E-07  1.063326E-04  2.790218E-07  1.929456E-04 -2.000482E-02  2.051229E-08  2.051662E-08
  7.264000E+03  6.154629E-07  1.065373E-04  3.911096E-07  1.925502E-04 -9.448918E-03  2.051286E-08  2.051453E-08
  7.265000E+03  2.615918E-07  1.067924E-04 -1.391852E-06  1.921169E-04 -1.978037E-02  2.051262E-08  2.051838E-08
  7.266000E+03 -4.995196E-07  1.062255E-04 -1.519551E-07  1.931271E-04 -1.576999E-02  2.051248E-08  2.051526E-08
  7.267000E+03  4.225620E-07  1.067741E-04  6.726234E-07  1.921310E-04 -1.107636E-02  2.051337E-08  2.051602E-08
  7.268000E+03  4.770102E-07  1.065715E-04 -1.169707E-06  1.925370E-04 -2.167747E-02  2.051413E-08  2.051995E-08
  7.269000E+03 -4.700972E-07  1.063120E-04 -5.943870E-07  1.929651E-04 -1.146115E-02  2.051315E-08  2.051482E-08
  7.270000E+03  1.881561E-07  1.068731E-04  7.838292E-07  1.919560E-04 -1.536145E-02  2.051251E-08  2.051666E-08
  7.271000E+03  6.255612E-07  1.063371E-04 -8.182622E-07  1.929433E-04 -1.998814E-02  2.051293E-08  2.051761E-08
  7.272000E+03 -3.495926E-07  1.065388E-04 -9.716266E-07  1.925512E-04 -9.555264E-03  2.051324E-08  2.051491E-08
  7.273000E+03 -4.797726E-08  1.067860E-04  7.181672E-07  1.921322E-04 -1.964756E-02  2.051307E-08  2.051830E-08
  7.274000E+03  6.843721E-07  1.062336E-04 -3.988386E-07  1.931095E-04 -1.579335E-02  2.051216E-08  2.051519E-08
  7.275000E+03 -1.614140E-07  1.067645E-04 -1.222096E-06  1.921402E-04 -1.121584E-02  2.051246E-08  2.051526E-08
  7.276000E+03 -2.481555E-07  1.065668E-04  4.942853E-07  1.925356E-04 -2.144720E-02  2.051319E-08  2.051844E-08
  7.277000E+03  6.478720E-07  1.063193E-04  1.888602E-08  1.929435E-04 -1.158805E-02  2.051224E-08  2.051403E-08
  7.278000E+03  6.109857E-08  1.068569E-04 -1.310899E-06  1.919741E-04 -1.538915E-02  2.051133E-08  2.051570E-08
  7.279000E+03 -3.793793E-07  1.063408E-04  1.536249E-07  1.929230E-04 -1.979200E-02  2.051158E-08  2.051578E-08
  7.280000E+03  5.261198E-07  1.065407E-04  3.631404E-07  1.925404E-04 -9.793214E-03  2.051240E-08  2.051405E-08
  7.281000E+03  2.792098E-07  1.067727E-04 -1.229824E-06  1.921515E-04 -1.949817E-02  2.051264E-08  2.051810E-08
  7.282000E+03 -4.204584E-07  1.062459E-04 -2.433208E-07  1.930810E-04 -1.575159E-02  2.051152E-08  2.051424E-08
  7.283000E+03  3.436238E-07  1.067578E-04  5.748440E-07  1.921487E-04 -1.146774E-02  2.051203E-08  2.051463E-08
  7.284000E+03  4.570014E-07  1.065618E-04 -1.000939E-06  1.925443E-04 -2.116844E-02  2.051327E-08  2.051873E-08
  7.285000E+03 -3.698913E-07  1.063348E-04 -6.273949E-07  1.929182E-04 -1.172111E-02  2.051251E-08  2.051420E-08
  7.286000E+03  1.361634E-07  1.068429E-04  6.253041E-07  1.920016E-04 -1.551160E-02  2.051153E-08  2.051552E-08
  7.287000E+03  5.651614E-07  1.063486E-04 -6.731105E-07  1.929139E-04 -1.949358E-02  2.051222E-08  2.051659E-08
  7.288000E+03 -2.438850E-07  1.065497E-04 -9.296103E-07  1.925303E-04 -1.010269E-02  2.051301E-08  2.051474E-08
  7.289000E+03 -6.198511E-08  1.067564E-04  5.215394E-07  1.921863E-04 -1.935520E-02  2.051327E-08  2.051820E-08
  7.290000E+03  5.887990E-07  1.062652E-04 -3.026460E-07  1.930508E-04 -1.562234E-02  2.051207E-08  2.051492E-08
  7.291000E+03 -6.799788E-08  1.067513E-04 -1.102449E-06  1.921631E-04 -1.183582E-02  2.051222E-08  2.051502E-08
  7.292000E+03 -2.178741E-07  1.065521E-04  2.898110E-07  1.925623E-04 -2.078729E-02  2.051349E-08  2.051836E-08
  7.293000E+03  5.299482E-07  1.063564E-04  4.456037E-08  1.928810E-04 -1.185942E-02  2.051269E-08  2.051446E-08
  7.294000E+03  1.225772E-07  1.068243E-04 -1.124555E-06  1.920359E-04 -1.573023E-02  2.051157E-08  2.051578E-08
  7.295000E+03 -3.050678E-07  1.063529E-04 -2.009128E-08  1.929057E-04 -1.907040E-02  2.051236E-08  2.051624E-08
  7.296000E+03  4.054874E-07  1.065625E-04  3.046636E-07  1.925092E-04 -1.045131E-02  2.051313E-08  2.051485E-08
  7.297000E+03  2.943840E-07  1.067361E-04 -1.004850E-06  1.922219E-04 -1.931943E-02  2.051320E-08  2.051832E-08
  7.298000E+03 -3.111035E-07  1.062817E-04 -3.517154E-07  1.930224E-04 -1.537425E-02  2.051232E-08  2.051488E-08
  7.299000E+03  2.427381E-07  1.067508E-04  4.336245E-07  1.921682E-04 -1.222709E-02  2.051258E-08  2.051524E-08
  7.300000E+03  4.186364E-07  1.065397E-04 -7.760387E-07  1.925848E-04 -2.052916E-02  2.051360E-08  2.051859E-08
  7.301000E+03 -2.409505E-07  1.063762E-04 -6.451924E-07  1.928485E-04 -1.186685E-02  2.051304E-08  2.051474E-08
  7.302000E+03  7.465998E-08  1.068132E-04  4.174344E-07  1.920624E-04 -1.597123E-02  2.051219E-08  2.051612E-08
  7.303000E+03  4.759031E-07  1.063535E-04 -4.885859E-07  1.929069E-04 -1.874648E-02  2.051272E-08  2.051666E-08
  7.304000E+03 -1.149173E-07  1.065729E-04 -8.479051E-07  1.924916E-04 -1.065737E-02  2.051322E-08  2.051505E-08
  7.305000E+03 -7.171945E-08  1.067228E-04  2.763500E-07  1.922489E-04 -1.930610E-02  2.051352E-08  2.051826E-08
  7.306000E+03  4.633412E-07  1.062922E-04 -1.932973E-07  1.930052E-04 -1.519071E-02  2.051258E-08  2.051517E-08
  7.307000E+03  3.839073E-08  1.067465E-04 -9.337019E-07  1.921743E-04 -1.245249E-02  2.051234E-08  2.051517E-08
  7.308000E+03 -1.710926E-07  1.065359E-04  4.809102E-08  1.925935E-04 -2.030874E-02  2.051389E-08  2.051848E-08
  7.309000E+03  3.868797E-07  1.063884E-04  5.606949E-08  1.928303E-04 -1.195451E-02  2.051345E-08  2.051515E-08
  7.310000E+03  1.874697E-07  1.068020E-04 -8.914984E-07  1.920888E-04 -1.600645E-02  2.051284E-08  2.051693E-08
  7.311000E+03 -2.051473E-07  1.063658E-04 -2.189185E-07  1.928937E-04 -1.856058E-02  2.051376E-08  2.051741E-08
  7.312000E+03  2.631830E-07  1.065745E-04  2.117091E-07  1.924974E-04 -1.091233E-02  2.051409E-08  2.051584E-08
  7.313000E+03  3.073604E-07  1.067172E-04 -7.359147E-07  1.922687E-04 -1.911162E-02  2.051464E-08  2.051947E-08
  7.314000E+03 -1.715500E-07  1.063089E-04 -4.775510E-07  1.929838E-04 -1.525280E-02  2.051351E-08  2.051601E-08
  7.315000E+03  1.215024E-07  1.067350E-04  2.480009E-07  1.922019E-04 -1.259540E-02  2.051305E-08  2.051566E-08
  7.316000E+03  3.756292E-07  1.065420E-04 -5.080023E-07  1.925861E-04 -2.006550E-02  2.051438E-08  2.051906E-08
  7.317000E+03 -8.293993E-08  1.063956E-04 -6.748385E-07  1.928215E-04 -1.221144E-02  2.051383E-08  2.051560E-08
  7.318000E+03 -6.103792E-09  1.067860E-04  1.665833E-07  1.921182E-04 -1.588133E-02  2.051294E-08  2.051668E-08
  7.319000E+03  3.796900E-07  1.063801E-04 -2.613911E-07  1.928623E-04 -1.847506E-02  2.051321E-08  2.051694E-08
  7.320000E+03  3.955990E-08  1.065636E-04 -7.709633E-07  1.925094E-04 -1.119193E-02  2.051320E-08  2.051508E-08
  7.321000E+03 -9.650047E-08  1.067080E-04 -7.891840E-09  1.922749E-04 -1.876487E-02  2.051367E-08  2.051812E-08
  7.322000E+03  3.237927E-07  1.063231E-04 -4.438129E-08  1.929476E-04 -1.542054E-02  2.051235E-08  2.051492E-08
  7.323000E+03  1.680673E-07  1.067096E-04 -7.541644E-07  1.922324E-04 -1.268534E-02  2.051140E-08  2.051411E-08
  7.324000E+03 -1.337488E-07  1.065499E-04 -2.323746E-07  1.925589E-04 -1.968899E-02  2.051315E-08  2.051753E-08
  7.325000E+03  2.240742E-07  1.063998E-04  1.002423E-07  1.928051E-04 -1.262732E-02  2.051278E-08  2.051458E-08
  7.326000E+03  2.723722E-07  1.067611E-04 -6.342504E-07  1.921535E-04 -1.563144E-02  2.051201E-08  2.051575E-08
  7.327000E+03 -1.097755E-07  1.064055E-04 -4.536011E-07  1.928112E-04 -1.836024E-02  2.051271E-08  2.051636E-08
  7.328000E+03  1.031778E-07  1.065528E-04  1.403920E-07  1.925315E-04 -1.164309E-02  2.051338E-08  2.051518E-08
  7.329000E+03  3.335581E-07  1.066977E-04 -4.418827E-07  1.922929E-04 -1.827200E-02  2.051379E-08  2.051817E-08
  7.330000E+03 -3.128922E-08  1.063513E-04 -6.297500E-07  1.928995E-04 -1.565850E-02  2.051259E-08  2.051528E-08
  7.331000E+03 -1.179154E-08  1.066871E-04  6.967457E-08  1.922817E-04 -1.290315E-02  2.051228E-08  2.051478E-08
  7.332000E+03  3.386221E-07  1.065580E-04 -2.207052E-07  1.925467E-04 -1.919659E-02  2.051360E-08  2.051789E-08
  7.333000E+03  8.214848E-08  1.064135E-04 -7.213132E-07  1.927816E-04 -1.310625E-02  2.051279E-08  2.051484E-08
  7.334000E+03 -9.380286E-08  1.067357E-04 -9.311591E-08  1.922017E-04 -1.547576E-02  2.051233E-08  2.051575E-08
  7.335000E+03  2.853525E-07  1.064271E-04 -2.198457E-08  1.927692E-04 -1.812716E-02  2.051250E-08  2.051609E-08
  7.336000E+03  2.034928E-07  1.065421E-04 -7.044962E-07  1.925414E-04 -1.215070E-02  2.051225E-08  2.051432E-08
  7.337000E+03 -1.253812E-07  1.066810E-04 -3.076730E-07  1.923114E-04 -1.779867E-02  2.051273E-08  2.051677E-08
  7.338000E+03  1.867360E-07  1.063764E-04  1.107580E-07  1.928466E-04 -1.579409E-02  2.051177E-08  2.051445E-08
  7.339000E+03  3.025566E-07  1.066592E-04 -5.829641E-07  1.923208E-04 -1.319028E-02  2.051100E-08  2.051367E-08
  7.340000E+03 -9.846073E-08  1.065610E-04 -5.207719E-07  1.925305E-04 -1.862659E-02  2.051268E-08  2.051673E-08
  7.341000E+03  6.526905E-08  1.064300E-04  1.455552E-07  1.927480E-04 -1.356723E-02  2.051227E-08  2.051433E-08
  7.342000E+03  3.570439E-07  1.067056E-04 -3.846588E-07  1.922514E-04 -1.539735E-02  2.051186E-08  2.051530E-08
  7.343000E+03 -1.684179E-08  1.064509E-04 -6.860771E-07  1.927261E-04 -1.776634E-02  2.051263E-08  2.051619E-08
  7.344000E+03 -5.264147E-08  1.065429E-04  7.082916E-08  1.925477E-04 -1.272074E-02  2.051294E-08  2.051498E-08
  7.345000E+03  3.559333E-07  1.066631E-04 -1.532848E-07  1.923490E-04 -1.739892E-02  2.051344E-08  2.051736E-08
  7.346000E+03  1.032212E-07  1.064092E-04 -7.703349E-07  1.927980E-04 -1.581185E-02  2.051291E-08  2.051578E-08
  7.347000E+03 -1.382249E-07  1.066445E-04 -1.023457E-07  1.923632E-04 -1.359603E-02  2.051259E-08  2.051516E-08
  7.348000E+03  2.961066E-07  1.065614E-04  5.714137E-08  1.925390E-04 -1.810792E-02  2.051386E-08  2.051770E-08
  7.349000E+03  2.357276E-07  1.064545E-04 -7.487307E-07  1.927150E-04 -1.391645E-02  2.051339E-08  2.051578E-08
  7.350000E+03 -1.700630E-07  1.066813E-04 -3.385432E-07  1.923046E-04 -1.547123E-02  2.051285E-08  2.051612E-08
  7.351000E+03  1.864608E-07  1.064664E-04  1.983315E-07  1.927015E-04 -1.735903E-02  2.051316E-08  2.051650E-08
  7.352000E+03  3.519429E-07  1.065456E-04 -6.179776E-07  1.925425E-04 -1.320813E-02  2.051277E-08  2.051516E-08
  7.353000E+03 -1.399459E-07  1.066424E-04 -5.874831E-07  1.923831E-04 -1.710749E-02  2.051319E-08  2.051694E-08
  7.354000E+03  4.798918E-08  1.064318E-04  2.391188E-07  1.927549E-04 -1.571871E-02  2.051271E-08  2.051542E-08
  7.355000E+03  4.241642E-07  1.066280E-04 -3.991857E-07  1.923887E-04 -1.394869E-02  2.051202E-08  2.051483E-08
  7.356000E+03 -5.156815E-08  1.065591E-04 -7.923325E-07  1.925390E-04 -1.765956E-02  2.051358E-08  2.051735E-08
  7.357000E+03 -9.150914E-08  1.064712E-04  1.667163E-07  1.926856E-04 -1.417296E-02  2.051341E-08  2.051571E-08
  7.358000E+03  4.346431E-07  1.066603E-04 -1.339396E-07  1.923439E-04 -1.549761E-02  2.051299E-08  2.051632E-08
  7.359000E+03  8.106301E-08  1.064822E-04 -9.083011E-07  1.926748E-04 -1.706846E-02  2.051346E-08  2.051691E-08
  7.360000E+03 -2.035919E-07  1.065479E-04 -1.195957E-08  1.925457E-04 -1.359262E-02  2.051344E-08  2.051575E-08
  7.361000E+03  3.791389E-07  1.066312E-04  1.251944E-07  1.924104E-04 -1.685460E-02  2.051404E-08  2.051767E-08
  7.362000E+03  2.347826E-07  1.064512E-04 -9.104205E-07  1.927241E-04 -1.573833E-02  2.051316E-08  2.051616E-08
  7.363000E+03 -2.627636E-07  1.066162E-04 -2.699630E-07  1.924165E-04 -1.416495E-02  2.051266E-08  2.051536E-08
  7.364000E+03  2.637164E-07  1.065630E-04  3.239941E-07  1.925363E-04 -1.735392E-02  2.051416E-08  2.051775E-08
  7.365000E+03  3.825762E-07  1.064797E-04 -7.911032E-07  1.926718E-04 -1.443010E-02  2.051350E-08  2.051618E-08
  7.366000E+03 -2.533215E-07  1.066442E-04 -5.657710E-07  1.923717E-04 -1.543034E-02  2.051289E-08  2.051612E-08
  7.367000E+03  1.052711E-07  1.064960E-04  4.195899E-07  1.926482E-04 -1.692026E-02  2.051333E-08  2.051659E-08
  7.368000E+03  4.951088E-07  1.065399E-04 -5.622717E-07  1.925564E-04 -1.386385E-02  2.051296E-08  2.051561E-08
  7.369000E+03 -1.736764E-07  1.066229E-04 -8.431630E-07  1.924170E-04 -1.657887E-02  2.051324E-08  2.051685E-08
  7.370000E+03 -6.686613E-08  1.064628E-04  3.877598E-07  1.926947E-04 -1.584787E-02  2.051225E-08  2.051508E-08
  7.371000E+03  5.448684E-07  1.065974E-04 -2.614769E-07  1.924424E-04 -1.421978E-02  2.051178E-08  2.051466E-08
  7.372000E+03 -3.567186E-08  1.065712E-04 -1.039813E-06  1.925130E-04 -1.710859E-02  2.051333E-08  2.051706E-08
  7.373000E+03 -2.209804E-07  1.064789E-04  2.288335E-07  1.926660E-04 -1.473500E-02  2.051263E-08  2.051516E-08
  7.374000E+03  5.176577E-07  1.066285E-04  5.948238E-08  1.923930E-04 -1.518911E-02  2.051222E-08  2.051543E-08
  7.375000E+03  1.419027E-07  1.065157E-04 -1.114433E-06  1.926090E-04 -1.692413E-02  2.051294E-08  2.051654E-08
  7.376000E+03 -3.299319E-07  1.065270E-04 -3.998350E-08  1.925804E-04 -1.414030E-02  2.051296E-08  2.051544E-08
  7.377000E+03  4.155786E-07  1.066193E-04  3.460210E-07  1.924204E-04 -1.619325E-02  2.051304E-08  2.051648E-08
  7.378000E+03  3.298007E-07  1.064801E-04 -1.050079E-06  1.926618E-04 -1.611527E-02  2.051198E-08  2.051529E-08
  7.379000E+03 -3.689656E-07  1.065776E-04 -3.793197E-07  1.924798E-04 -1.428230E-02  2.051194E-08  2.051466E-08
  7.380000E+03  2.543377E-07  1.065798E-04  5.384238E-07  1.924928E-04 -1.679310E-02  2.051296E-08  2.051645E-08
  7.381000E+03  4.930897E-07  1.064832E-04 -8.523186E-07  1.926531E-04 -1.512684E-02  2.051198E-08  2.051499E-08
  7.382000E+03 -3.254177E-07  1.066092E-04 -7.299809E-07  1.924222E-04 -1.500056E-02  2.051167E-08  2.051477E-08
  7.383000E+03  5.760321E-08  1.065319E-04  5.948889E-07  1.925725E-04 -1.680603E-02  2.051222E-08  2.051556E-08
  7.384000E+03  6.014853E-07  1.065173E-04 -5.456340E-07  1.925915E-04 -1.447944E-02  2.051219E-08  2.051506E-08
  7.385000E+03 -2.040879E-07  1.066099E-04 -1.029290E-06  1.924301E-04 -1.583595E-02  2.051239E-08  2.051583E-08
  7.386000E+03 -1.425592E-07  1.064967E-04  5.017186E-07  1.926276E-04 -1.624002E-02  2.051149E-08  2.051456E-08
  7.387000E+03  6.307674E-07  1.065596E-04 -1.752948E-07  1.925095E-04 -1.442025E-02  2.051159E-08  2.051452E-08
  7.388000E+03 -2.390844E-08  1.065865E-04 -1.216257E-06  1.924785E-04 -1.645795E-02  2.051284E-08  2.051650E-08
  7.389000E+03 -3.104496E-07  1.064915E-04  2.702361E-07  1.926404E-04 -1.544711E-02  2.051212E-08  2.051494E-08
  7.390000E+03  5.708587E-07  1.065920E-04  1.961419E-07  1.924547E-04 -1.487133E-02  2.051186E-08  2.051493E-08
  7.391000E+03  1.875195E-07  1.065509E-04 -1.251306E-06  1.925416E-04 -1.666284E-02  2.051263E-08  2.051633E-08
  7.392000E+03 -4.144156E-07  1.065137E-04 -6.837030E-08  1.926048E-04 -1.484359E-02  2.051278E-08  2.051551E-08
  7.393000E+03  4.311521E-07  1.065996E-04  5.000183E-07  1.924508E-04 -1.550414E-02  2.051272E-08  2.051593E-08
  7.394000E+03  3.938995E-07  1.065201E-04 -1.126676E-06  1.925913E-04 -1.634097E-02  2.051212E-08  2.051567E-08
  7.395000E+03 -4.317087E-07  1.065456E-04 -4.594984E-07  1.925422E-04 -1.469250E-02  2.051231E-08  2.051513E-08
  7.396000E+03  2.345449E-07  1.065864E-04  6.753666E-07  1.924815E-04 -1.603318E-02  2.051327E-08  2.051656E-08
  7.397000E+03  5.620538E-07  1.065116E-04 -8.632587E-07  1.926120E-04 -1.573721E-02  2.051287E-08  2.051620E-08
  7.398000E+03 -3.564011E-07  1.065731E-04 -8.425365E-07  1.924961E-04 -1.495391E-02  2.051262E-08  2.051567E-08
  7.399000E+03  1.100972E-08  1.065604E-04  6.890182E-07  1.925278E-04 -1.628684E-02  2.051313E-08  2.051639E-08
  7.400000E+03  6.637100E-07  1.065246E-04 -4.993139E-07  1.925940E-04 -1.520620E-02  2.051362E-08  2.051679E-08
  7.401000E+03 -2.037861E-07  1.065850E-04 -1.151188E-06  1.924868E-04 -1.538828E-02  2.051378E-08  2.051708E-08
  7.402000E+03 -2.007867E-07  1.065345E-04  5.430447E-07  1.925711E-04 -1.614704E-02  2.051279E-08  2.051593E-08
  7.403000E+03  6.759272E-07  1.065458E-04 -9.393976E-08  1.925494E-04 -1.499385E-02  2.051302E-08  2.051612E-08
  7.404000E+03  6.936621E-10  1.065815E-04 -1.322278E-06  1.925000E-04 -1.581530E-02  2.051437E-08  2.051787E-08
  7.405000E+03 -3.671214E-07  1.065245E-04  2.629229E-07  1.925966E-04 -1.575359E-02  2.051372E-08  2.051673E-08
  7.406000E+03  5.932322E-07  1.065662E-04  2.908579E-07  1.925134E-04 -1.511117E-02  2.051309E-08  2.051620E-08
  7.407000E+03  2.268158E-07  1.065624E-04 -1.323346E-06  1.925287E-04 -1.607585E-02  2.051367E-08  2.051725E-08
  7.408000E+03 -4.624674E-07  1.065319E-04 -1.106232E-07  1.925840E-04 -1.536314E-02  2.051391E-08  2.051687E-08
  7.409000E+03  4.326587E-07  1.065739E-04  5.928992E-07  1.925049E-04 -1.539581E-02  2.051356E-08  2.051670E-08
  7.410000E+03  4.390227E-07  1.065401E-04 -1.162105E-06  1.925561E-04 -1.601443E-02  2.051231E-08  2.051585E-08
  7.411000E+03 -4.675557E-07  1.065453E-04 -5.219318E-07  1.925456E-04 -1.519895E-02  2.051247E-08  2.051549E-08
  7.412000E+03  2.204922E-07  1.065719E-04  7.555815E-07  1.925117E-04 -1.568611E-02  2.051382E-08  2.051698E-08
  7.413000E+03  6.055835E-07  1.065319E-04 -8.671143E-07  1.925760E-04 -1.573117E-02  2.051294E-08  2.051637E-08
  7.414000E+03 -3.798143E-07  1.065600E-04 -9.108045E-07  1.925188E-04 -1.526752E-02  2.051241E-08  2.051557E-08
  7.415000E+03 -9.056726E-09  1.065563E-04  7.492481E-07  1.925318E-04 -1.588673E-02  2.051289E-08  2.051604E-08
  7.416000E+03  6.988688E-07  1.065394E-04 -4.853836E-07  1.925669E-04 -1.539104E-02  2.051354E-08  2.051683E-08
  7.417000E+03 -2.165812E-07  1.065696E-04 -1.210731E-06  1.925136E-04 -1.550558E-02  2.051363E-08  2.051697E-08
  7.418000E+03 -2.195695E-07  1.065351E-04  5.815867E-07  1.925628E-04 -1.582742E-02  2.051212E-08  2.051519E-08
  7.419000E+03  6.994604E-07  1.065540E-04 -7.415097E-08  1.925305E-04 -1.522586E-02  2.051252E-08  2.051574E-08
  7.420000E+03 -2.716765E-09  1.065684E-04 -1.365842E-06  1.925211E-04 -1.581485E-02  2.051410E-08  2.051760E-08
  7.421000E+03 -3.827069E-07  1.065272E-04  2.808115E-07  1.925849E-04 -1.553542E-02  2.051305E-08  2.051602E-08
  7.422000E+03  6.072267E-07  1.065681E-04  3.112613E-07  1.925018E-04 -1.532872E-02  2.051215E-08  2.051536E-08
  7.423000E+03  2.258238E-07  1.065489E-04 -1.349998E-06  1.925414E-04 -1.601592E-02  2.051243E-08  2.051600E-08
  7.424000E+03 -4.716933E-07  1.065380E-04 -1.020420E-07  1.925673E-04 -1.518516E-02  2.051336E-08  2.051629E-08
  7.425000E+03  4.446894E-07  1.065726E-04  6.022801E-07  1.924986E-04 -1.565217E-02  2.051256E-08  2.051579E-08
  7.426000E+03  4.302411E-07  1.065244E-04 -1.179309E-06  1.925694E-04 -1.586548E-02  2.051075E-08  2.051423E-08
  7.427000E+03 -4.683456E-07  1.065581E-04 -5.041907E-07  1.925170E-04 -1.509171E-02  2.051191E-08  2.051493E-08
  7.428000E+03  2.356208E-07  1.065640E-04  7.462357E-07  1.925181E-04 -1.598463E-02  2.051288E-08  2.051613E-08
  7.429000E+03  5.873042E-07  1.065205E-04 -8.835396E-07  1.925845E-04 -1.544518E-02  2.051175E-08  2.051505E-08
  7.430000E+03 -3.755731E-07  1.065733E-04 -8.781123E-07  1.924853E-04 -1.534134E-02  2.051139E-08  2.051459E-08
  7.431000E+03  1.214971E-08  1.065397E-04  7.256887E-07  1.925507E-04 -1.607290E-02  2.051164E-08  2.051480E-08
  7.432000E+03  6.731246E-07  1.065395E-04 -5.083204E-07  1.925566E-04 -1.506670E-02  2.051257E-08  2.051574E-08
  7.433000E+03 -2.143429E-07  1.065760E-04 -1.161999E-06  1.924916E-04 -1.577362E-02  2.051243E-08  2.051585E-08
  7.434000E+03 -1.882666E-07  1.065166E-04  5.546757E-07  1.925855E-04 -1.577809E-02  2.051100E-08  2.051399E-08
  7.435000E+03  6.677636E-07  1.065656E-04 -1.125463E-07  1.925019E-04 -1.504601E-02  2.051176E-08  2.051492E-08
  7.436000E+03 -1.019997E-08  1.065612E-04 -1.298472E-06  1.925243E-04 -1.612276E-02  2.051295E-08  2.051650E-08
  7.437000E+03 -3.395103E-07  1.065180E-04  2.643491E-07  1.925917E-04 -1.528373E-02  2.051210E-08  2.051494E-08
  7.438000E+03  5.754424E-07  1.065797E-04  2.496707E-07  1.924732E-04 -1.540744E-02  2.051131E-08  2.051453E-08
  7.439000E+03  2.017079E-07  1.065324E-04 -1.270483E-06  1.925616E-04 -1.613426E-02  2.051138E-08  2.051489E-08
  7.440000E+03 -4.172047E-07  1.065438E-04 -9.410780E-08  1.925490E-04 -1.494969E-02  2.051261E-08  2.051544E-08
  7.441000E+03  4.193294E-07  1.065750E-04  5.139832E-07  1.924911E-04 -1.590324E-02  2.051214E-08  2.051541E-08
  7.442000E+03  3.873137E-07  1.065139E-04 -1.098816E-06  1.925886E-04 -1.572014E-02  2.051084E-08  2.051415E-08
  7.443000E+03 -4.054584E-07  1.065738E-04 -4.655165E-07  1.924900E-04 -1.509719E-02  2.051206E-08  2.051505E-08
  7.444000E+03  2.236390E-07  1.065522E-04  6.318847E-07  1.925414E-04 -1.615948E-02  2.051303E-08  2.051625E-08
  7.445000E+03  5.271823E-07  1.065272E-04 -8.168292E-07  1.925796E-04 -1.515763E-02  2.051262E-08  2.051575E-08
  7.446000E+03 -3.143022E-07  1.065827E-04 -8.046507E-07  1.924739E-04 -1.564083E-02  2.051189E-08  2.051514E-08
  7.447000E+03  2.390131E-08  1.065212E-04  5.974135E-07  1.925868E-04 -1.593041E-02  2.051197E-08  2.051500E-08
  7.448000E+03  6.001002E-07  1.065633E-04 -4.787327E-07  1.925205E-04 -1.493824E-02  2.051333E-08  2.051643E-08
  7.449000E+03 -1.671581E-07  1.065683E-04 -1.053167E-06  1.925153E-04 -1.614882E-02  2.051335E-08  2.051678E-08
  7.450000E+03 -1.468903E-07  1.065119E-04  4.326202E-07  1.926045E-04 -1.533486E-02  2.051226E-08  2.051505E-08
  7.451000E+03  5.879531E-07  1.065947E-04 -1.360046E-07  1.924624E-04 -1.532146E-02  2.051307E-08  2.051629E-08
  7.452000E+03  1.182380E-08  1.065346E-04 -1.158256E-06  1.925839E-04 -1.624655E-02  2.051413E-08  2.051755E-08
  7.453000E+03 -2.705039E-07  1.065389E-04  1.716059E-07  1.925679E-04 -1.477894E-02  2.051374E-08  2.051641E-08
  7.454000E+03  5.020641E-07  1.065930E-04  1.675510E-07  1.924634E-04 -1.606040E-02  2.051262E-08  2.051599E-08
  7.455000E+03  1.889377E-07  1.064985E-04 -1.117799E-06  1.926274E-04 -1.576896E-02  2.051198E-08  2.051519E-08
  7.456000E+03 -3.307636E-07  1.065845E-04 -1.313619E-07  1.924813E-04 -1.474367E-02  2.051329E-08  2.051609E-08
  7.457000E+03  3.672754E-07  1.065618E-04  3.824194E-07  1.925282E-04 -1.658936E-02  2.051332E-08  2.051671E-08
  7.458000E+03  3.395873E-07  1.064957E-04 -9.626669E-07  1.926231E-04 -1.497341E-02  2.051124E-08  2.051417E-08
  7.459000E+03 -3.175055E-07  1.066154E-04 -4.355019E-07  1.924154E-04 -1.541139E-02  2.051201E-08  2.051515E-08
  7.460000E+03  2.057204E-07  1.065138E-04  4.727915E-07  1.926151E-04 -1.648929E-02  2.051338E-08  2.051657E-08
  7.461000E+03  4.515547E-07  1.065408E-04 -7.273474E-07  1.925561E-04 -1.435491E-02  2.051297E-08  2.051579E-08
  7.462000E+03 -2.422925E-07  1.066057E-04 -7.085982E-07  1.924354E-04 -1.643118E-02  2.051195E-08  2.051544E-08
  7.463000E+03  4.807165E-08  1.064724E-04  4.391986E-07  1.926711E-04 -1.564655E-02  2.051165E-08  2.051444E-08
  7.464000E+03  5.066456E-07  1.066074E-04 -4.587229E-07  1.924397E-04 -1.448138E-02  2.051335E-08  2.051632E-08
  7.465000E+03 -1.232459E-07  1.065593E-04 -9.020267E-07  1.925382E-04 -1.710132E-02  2.051374E-08  2.051738E-08
  7.466000E+03 -8.468126E-08  1.064758E-04  3.019674E-07  1.926613E-04 -1.448149E-02  2.051161E-08  2.051403E-08
  7.467000E+03  4.939416E-07  1.066489E-04 -1.899788E-07  1.923579E-04 -1.548490E-02  2.051231E-08  2.051566E-08
  7.468000E+03  1.703869E-08  1.064908E-04 -9.781706E-07  1.926599E-04 -1.691622E-02  2.051356E-08  2.051702E-08
  7.469000E+03 -1.805672E-07  1.065366E-04  9.666549E-08  1.925619E-04 -1.365968E-02  2.051297E-08  2.051527E-08
  7.470000E+03  4.295799E-07  1.066335E-04  4.385853E-08  1.923844E-04 -1.687402E-02  2.051170E-08  2.051541E-08
  7.471000E+03  1.462335E-07  1.064368E-04 -9.453144E-07  1.927303E-04 -1.577500E-02  2.051105E-08  2.051404E-08
  7.472000E+03 -2.236006E-07  1.066233E-04 -1.249970E-07  1.924058E-04 -1.388258E-02  2.051296E-08  2.051557E-08
  7.473000E+03  3.301646E-07  1.065664E-04  1.995767E-07  1.925193E-04 -1.776134E-02  2.051285E-08  2.051661E-08
  7.474000E+03  2.530933E-07  1.064446E-04 -8.278322E-07  1.927059E-04 -1.421296E-02  2.051043E-08  2.051294E-08
  7.475000E+03 -2.082121E-07  1.066759E-04 -3.450395E-07  1.923002E-04 -1.527802E-02  2.051140E-08  2.051462E-08
  7.476000E+03  2.111792E-07  1.064743E-04  2.551382E-07  1.926810E-04 -1.744825E-02  2.051245E-08  2.051586E-08
  7.477000E+03  3.341400E-07  1.065269E-04 -6.534988E-07  1.925698E-04 -1.313751E-02  2.051210E-08  2.051443E-08
  7.478000E+03 -1.523898E-07  1.066579E-04 -5.437115E-07  1.923368E-04 -1.713779E-02  2.051123E-08  2.051504E-08
  7.479000E+03  1.015914E-07  1.064082E-04  2.248664E-07  1.927816E-04 -1.588580E-02  2.051096E-08  2.051370E-08
  7.480000E+03  3.721972E-07  1.066403E-04 -4.665957E-07  1.923742E-04 -1.344153E-02  2.051299E-08  2.051566E-08
  7.481000E+03 -7.068530E-08  1.065731E-04 -6.769490E-07  1.925124E-04 -1.829410E-02  2.051321E-08  2.051721E-08
  7.482000E+03  1.457495E-08  1.064212E-04  1.277334E-07  1.927531E-04 -1.386968E-02  2.051104E-08  2.051317E-08
  7.483000E+03  3.597085E-07  1.067067E-04 -2.874444E-07  1.922488E-04 -1.518518E-02  2.051186E-08  2.051522E-08
  7.484000E+03  2.094949E-08  1.064567E-04 -7.184924E-07  1.927159E-04 -1.790770E-02  2.051262E-08  2.051625E-08
  7.485000E+03 -4.569221E-08  1.065209E-04 -8.074393E-09  1.925783E-04 -1.256644E-02  2.051199E-08  2.051394E-08
  7.486000E+03  3.141298E-07  1.066826E-04 -1.367810E-07  1.922927E-04 -1.745325E-02  2.051116E-08  2.051515E-08
  7.487000E+03  9.792762E-08  1.063786E-04 -6.847771E-07  1.928325E-04 -1.601387E-02  2.051063E-08  2.051349E-08
  7.488000E+03 -6.737516E-08  1.066547E-04 -1.429966E-07  1.923432E-04 -1.297698E-02  2.051258E-08  2.051500E-08
  7.489000E+03  2.508591E-07  1.065777E-04 -4.883330E-08  1.925004E-04 -1.883205E-02  2.051262E-08  2.051676E-08
  7.490000E+03  1.563856E-07  1.064002E-04 -6.031332E-07  1.927896E-04 -1.359728E-02  2.051096E-08  2.051310E-08
  7.491000E+03 -5.157355E-08  1.067314E-04 -2.686865E-07  1.922025E-04 -1.511606E-02  2.051171E-08  2.051502E-08
  7.492000E+03  1.846766E-07  1.064407E-04 -3.209068E-08  1.927451E-04 -1.827268E-02  2.051250E-08  2.051613E-08
  7.493000E+03  1.982976E-07  1.065252E-04 -5.038841E-07  1.925766E-04 -1.213113E-02  2.051275E-08  2.051470E-08
  7.494000E+03 -1.615779E-08  1.067021E-04 -3.761402E-07  1.922711E-04 -1.777825E-02  2.051249E-08  2.051660E-08
  7.495000E+03  1.336810E-07  1.063578E-04 -6.463618E-08  1.928855E-04 -1.593735E-02  2.051228E-08  2.051497E-08
  7.496000E+03  2.119452E-07  1.066822E-04 -4.139865E-07  1.923082E-04 -1.275573E-02  2.051419E-08  2.051671E-08
  7.497000E+03  2.796874E-08  1.065770E-04 -4.345935E-07  1.925241E-04 -1.928196E-02  2.051484E-08  2.051913E-08
  7.498000E+03  1.003623E-07  1.063903E-04 -1.269407E-07  1.928263E-04 -1.313549E-02  2.051308E-08  2.051497E-08
  7.499000E+03  1.975428E-07  1.067630E-04 -3.384638E-07  1.921588E-04 -1.529459E-02  2.051305E-08  2.051657E-08
  7.500000E+03  6.463944E-08  1.064174E-04 -4.328277E-07  1.927992E-04 -1.852522E-02  2.051368E-08  2.051738E-08
  7.501000E+03  8.201749E-08  1.065331E-04 -1.854445E-07  1.925683E-04 -1.156719E-02  2.051352E-08  2.051526E-08
  7.502000E+03  1.744983E-07  1.067191E-04 -2.860015E-07  1.922446E-04 -1.827766E-02  2.051274E-08  2.051710E-08
  7.503000E+03  8.023105E-08  1.063260E-04 -3.989879E-07  1.929385E-04 -1.583403E-02  2.051181E-08  2.051447E-08
  7.504000E+03  8.361887E-08  1.067036E-04 -2.170868E-07  1.922610E-04 -1.241483E-02  2.051336E-08  2.051580E-08
  7.505000E+03  1.526728E-07  1.065711E-04 -2.734215E-07  1.925285E-04 -1.984075E-02  2.051393E-08  2.051843E-08
  7.506000E+03  8.303044E-08  1.063713E-04 -3.583233E-07  1.928520E-04 -1.270683E-02  2.051226E-08  2.051404E-08
  7.507000E+03  9.835817E-08  1.067887E-04 -2.331714E-07  1.921050E-04 -1.537345E-02  2.051223E-08  2.051584E-08
  7.508000E+03  1.446304E-07  1.063946E-04 -2.964548E-07  1.928376E-04 -1.882046E-02  2.051325E-08  2.051703E-08
  7.509000E+03  8.047354E-08  1.065406E-04 -3.407557E-07  1.925551E-04 -1.108233E-02  2.051367E-08  2.051533E-08
  7.510000E+03  1.097133E-07  1.067365E-04 -2.363456E-07  1.922223E-04 -1.870815E-02  2.051355E-08  2.051810E-08
  7.511000E+03  1.561042E-07  1.062981E-04 -3.269195E-07  1.929935E-04 -1.569964E-02  2.051232E-08  2.051492E-08
  7.512000E+03  6.954049E-08  1.067309E-04 -3.553224E-07  1.922142E-04 -1.215366E-02  2.051367E-08  2.051616E-08
  7.513000E+03  1.114459E-07  1.065670E-04 -2.162132E-07  1.925462E-04 -2.037614E-02  2.051482E-08  2.051951E-08
  7.514000E+03  1.758775E-07  1.063506E-04 -3.445417E-07  1.928897E-04 -1.218098E-02  2.051240E-08  2.051405E-08
  7.515000E+03  5.899356E-08  1.068221E-04 -3.863969E-07  1.920435E-04 -1.547781E-02  2.051203E-08  2.051584E-08
  7.516000E+03  9.074398E-08  1.063674E-04 -1.806859E-07  1.928855E-04 -1.921798E-02  2.051295E-08  2.051682E-08
  7.517000E+03  1.970859E-07  1.065387E-04 -3.193263E-07  1.925525E-04 -1.037354E-02  2.051320E-08  2.051473E-08
  7.518000E+03  6.309197E-08  1.067595E-04 -4.308203E-07  1.921726E-04 -1.921940E-02  2.051247E-08  2.051735E-08
  7.519000E+03  4.593688E-08  1.062594E-04 -1.564451E-07  1.930507E-04 -1.573454E-02  2.051092E-08  2.051347E-08
  7.520000E+03  2.212260E-07  1.067502E-04 -2.490836E-07  1.921686E-04 -1.161021E-02  2.051265E-08  2.051511E-08
  7.521000E+03  8.403607E-08  1.065672E-04 -4.931034E-07  1.925340E-04 -2.107150E-02  2.051325E-08  2.051829E-08
  7.522000E+03 -2.376096E-09  1.063228E-04 -1.626224E-07  1.929276E-04 -1.179395E-02  2.051117E-08  2.051265E-08
  7.523000E+03  2.336740E-07  1.068519E-04 -1.635682E-07  1.919822E-04 -1.539931E-02  2.051123E-08  2.051517E-08
  7.524000E+03  1.291424E-07  1.063473E-04 -5.499160E-07  1.929196E-04 -1.967427E-02  2.051251E-08  2.051663E-08
  7.525000E+03 -4.146739E-08  1.065381E-04 -2.226873E-07  1.925510E-04 -9.842119E-03  2.051302E-08  2.051439E-08
  7.526000E+03  2.203360E-07  1.067818E-04 -7.752341E-08  1.921376E-04 -1.957283E-02  2.051288E-08  2.051797E-08
  7.527000E+03  1.959560E-07  1.062333E-04 -5.719306E-07  1.931061E-04 -1.572281E-02  2.051177E-08  2.051443E-08
  7.528000E+03 -7.239965E-08  1.067713E-04 -3.310746E-07  1.921327E-04 -1.127926E-02  2.051296E-08  2.051539E-08
  7.529000E+03  1.809690E-07  1.065661E-04  1.130381E-08  1.925423E-04 -2.154999E-02  2.051372E-08  2.051892E-08
  7.530000E+03  2.653938E-07  1.063056E-04 -5.449345E-07  1.929602E-04 -1.140077E-02  2.051141E-08  2.051292E-08
  7.531000E+03 -8.353999E-08  1.068776E-04 -4.588408E-07  1.919343E-04 -1.545175E-02  2.051103E-08  2.051511E-08
  7.532000E+03  1.100202E-07  1.063250E-04  8.416266E-08  1.929567E-04 -1.998392E-02  2.051204E-08  2.051618E-08
  7.533000E+03  3.248699E-07  1.065394E-04 -4.490087E-07  1.925432E-04 -9.326211E-03  2.051254E-08  2.051396E-08
  7.534000E+03 -6.035178E-08  1.067962E-04 -5.918391E-07  1.921038E-04 -1.999556E-02  2.051186E-08  2.051723E-08
  7.535000E+03  1.400541E-08  1.062040E-04  1.079361E-07  1.931494E-04 -1.566311E-02  2.051073E-08  2.051325E-08
  7.536000E+03  3.685479E-07  1.067898E-04 -2.926939E-07  1.920912E-04 -1.094426E-02  2.051217E-08  2.051472E-08
  7.537000E+03 -1.402714E-09  1.065620E-04 -7.196872E-07  1.925427E-04 -2.207400E-02  2.051274E-08  2.051828E-08
  7.538000E+03 -8.005373E-08  1.062912E-04  6.037122E-08  1.929841E-04 -1.103084E-02  2.051126E-08  2.051253E-08
  7.539000E+03  3.800523E-07  1.069026E-04 -1.170425E-07  1.918947E-04 -1.547637E-02  2.051158E-08  2.051585E-08
  7.540000E+03  9.215359E-08  1.063109E-04 -8.095324E-07  1.929925E-04 -2.025931E-02  2.051299E-08  2.051741E-08
  7.541000E+03 -1.545513E-07  1.065482E-04 -6.895000E-08  1.925376E-04 -8.975493E-03  2.051370E-08  2.051494E-08
  7.542000E+03  3.491792E-07  1.068118E-04  5.086251E-08  1.920968E-04 -2.026846E-02  2.051399E-08  2.051953E-08
  7.543000E+03  2.075264E-07  1.061932E-04 -8.322132E-07  1.931934E-04 -1.555734E-02  2.051334E-08  2.051606E-08
  7.544000E+03 -2.041438E-07  1.068114E-04 -2.588620E-07  1.920680E-04 -1.086721E-02  2.051385E-08  2.051637E-08
  7.545000E+03  2.744441E-07  1.065578E-04  2.016403E-07  1.925694E-04 -2.233703E-02  2.051464E-08  2.052022E-08
  7.546000E+03  3.208451E-07  1.062912E-04 -7.676430E-07  1.930017E-04 -1.068177E-02  2.051321E-08  2.051465E-08
  7.547000E+03 -2.145877E-07  1.069211E-04 -4.729389E-07  1.918720E-04 -1.570179E-02  2.051262E-08  2.051702E-08
  7.548000E+03  1.570403E-07  1.062911E-04  3.065786E-07  1.930316E-04 -2.033241E-02  2.051331E-08  2.051762E-08
  7.549000E+03  4.140318E-07  1.065585E-04 -6.051417E-07  1.925189E-04 -8.638231E-03  2.051375E-08  2.051518E-08
  7.550000E+03 -1.760461E-07  1.068159E-04 -6.829108E-07  1.920874E-04 -2.066056E-02  2.051360E-08  2.051938E-08
  7.551000E+03  1.640835E-08  1.061724E-04  3.324471E-07  1.932215E-04 -1.538222E-02  2.051235E-08  2.051482E-08
  7.552000E+03  4.734244E-07  1.068257E-04 -3.728902E-07  1.920292E-04 -1.074636E-02  2.051247E-08  2.051523E-08
  7.553000E+03 -8.671022E-08  1.065487E-04 -8.633634E-07  1.925771E-04 -2.266682E-02  2.051357E-08  2.051941E-08
  7.554000E+03 -1.155306E-07  1.062841E-04  2.527291E-07  1.930078E-04 -1.037802E-02  2.051256E-08  2.051371E-08
  7.555000E+03  4.822070E-07  1.069343E-04 -1.212053E-07  1.918443E-04 -1.581728E-02  2.051218E-08  2.051680E-08
  7.556000E+03  4.669022E-08  1.062777E-04 -9.765686E-07  1.930544E-04 -2.045272E-02  2.051309E-08  2.051765E-08
  7.557000E+03 -2.180115E-07  1.065656E-04  6.563683E-08  1.925053E-04 -8.416989E-03  2.051372E-08  2.051492E-08
  7.558000E+03  4.352748E-07  1.068206E-04  1.129815E-07  1.920862E-04 -2.085391E-02  2.051431E-08  2.052020E-08
  7.559000E+03  2.003642E-07  1.061639E-04 -9.954177E-07  1.932428E-04 -1.526606E-02  2.051302E-08  2.051573E-08
  7.560000E+03 -2.784355E-07  1.068388E-04 -1.913758E-07  1.920091E-04 -1.072489E-02  2.051284E-08  2.051549E-08
  7.561000E+03  3.323310E-07  1.065417E-04  3.052470E-07  1.925976E-04 -2.278599E-02  2.051435E-08  2.052014E-08
  7.562000E+03  3.450413E-07  1.062857E-04 -8.982592E-07  1.930107E-04 -1.014061E-02  2.051322E-08  2.051462E-08
  7.563000E+03 -2.820564E-07  1.069422E-04 -4.716860E-07  1.918303E-04 -1.601340E-02  2.051212E-08  2.051676E-08
  7.564000E+03  1.799314E-07  1.062604E-04  4.220355E-07  1.930788E-04 -2.041780E-02  2.051235E-08  2.051671E-08
  7.565000E+03  4.615278E-07  1.065732E-04 -6.840961E-07  1.924827E-04 -8.209543E-03  2.051280E-08  2.051427E-08
  7.566000E+03 -2.259326E-07  1.068168E-04 -7.398776E-07  1.920806E-04 -2.115318E-02  2.051285E-08  2.051888E-08
  7.567000E+03  7.633865E-09  1.061476E-04  4.363168E-07  1.932539E-04 -1.507816E-02  2.051110E-08  2.051350E-08
  7.568000E+03  5.298844E-07  1.068473E-04 -3.963754E-07  1.919756E-04 -1.068273E-02  2.051091E-08  2.051382E-08
  7.569000E+03 -1.138961E-07  1.065311E-04 -9.542008E-07  1.926028E-04 -2.299554E-02  2.051276E-08  2.051878E-08
  7.570000E+03 -1.471218E-07  1.062828E-04  3.286327E-07  1.930053E-04 -9.929785E-03  2.051213E-08  2.051321E-08
  7.571000E+03  5.332799E-07  1.069479E-04 -9.619445E-08  1.918123E-04 -1.614531E-02  2.051125E-08  2.051610E-08
  7.572000E+03  4.308744E-08  1.062510E-04 -1.073848E-06  1.930935E-04 -2.041844E-02  2.051210E-08  2.051669E-08
  7.573000E+03 -2.640153E-07  1.065832E-04  1.057988E-07  1.924662E-04 -8.126980E-03  2.051298E-08  2.051421E-08
  7.574000E+03  4.705915E-07  1.068145E-04  1.775187E-07  1.920910E-04 -2.130097E-02  2.051345E-08  2.051954E-08
  7.575000E+03  2.182214E-07  1.061473E-04 -1.077334E-06  1.932614E-04 -1.491505E-02  2.051189E-08  2.051455E-08
  7.576000E+03 -3.287918E-07  1.068586E-04 -1.900457E-07  1.919633E-04 -1.079095E-02  2.051173E-08  2.051452E-08
  7.577000E+03  3.486404E-07  1.065218E-04  3.919783E-07  1.926291E-04 -2.299760E-02  2.051379E-08  2.051966E-08
  7.578000E+03  3.781798E-07  1.062934E-04 -9.540077E-07  1.929947E-04 -9.774764E-03  2.051307E-08  2.051445E-08
  7.579000E+03 -3.275864E-07  1.069493E-04 -5.037129E-07  1.918155E-04 -1.638998E-02  2.051177E-08  2.051661E-08
  7.580000E+03  1.797731E-07  1.062409E-04  5.111835E-07  1.931142E-04 -2.022326E-02  2.051242E-08  2.051671E-08
  7.581000E+03  5.021119E-07  1.065971E-04 -7.130019E-07  1.924416E-04 -8.116655E-03  2.051304E-08  2.051461E-08
  7.582000E+03 -2.583608E-07  1.068032E-04 -7.958959E-07  1.921072E-04 -2.151757E-02  2.051291E-08  2.051908E-08
  7.583000E+03 -4.788841E-09  1.061461E-04  5.086730E-07  1.932601E-04 -1.462455E-02  2.051162E-08  2.051390E-08
  7.584000E+03  5.697405E-07  1.068685E-04 -4.007740E-07  1.919446E-04 -1.096557E-02  2.051160E-08  2.051471E-08
  7.585000E+03 -1.308149E-07  1.065074E-04 -1.019960E-06  1.926521E-04 -2.302748E-02  2.051344E-08  2.051945E-08
  7.586000E+03 -1.670666E-07  1.063060E-04  3.760752E-07  1.929743E-04 -9.595784E-03  2.051338E-08  2.051441E-08
  7.587000E+03  5.685134E-07  1.069504E-04 -8.255573E-08  1.918226E-04 -1.663910E-02  2.051267E-08  2.051771E-08
  7.588000E+03  3.708828E-08  1.062357E-04 -1.138429E-06  1.931342E-04 -2.001125E-02  2.051364E-08  2.051810E-08
  7.589000E+03 -2.866516E-07  1.066165E-04  1.338253E-07  1.924179E-04 -8.210842E-03  2.051424E-08  2.051558E-08
  7.590000E+03  4.978736E-07  1.067942E-04  2.021446E-07  1.921418E-04 -2.163598E-02  2.051482E-08  2.052099E-08
  7.591000E+03  2.185492E-07  1.061582E-04 -1.130921E-06  1.932609E-04 -1.431839E-02  2.051412E-08  2.051664E-08
  7.592000E+03 -3.488359E-07  1.068802E-04 -1.762576E-07  1.919419E-04 -1.128775E-02  2.051347E-08  2.051646E-08
  7.593000E+03  3.665121E-07  1.064963E-04  4.183094E-07  1.926904E-04 -2.288848E-02  2.051545E-08  2.052123E-08
  7.594000E+03  3.805987E-07  1.063273E-04 -9.906971E-07  1.929536E-04 -9.479666E-03  2.051531E-08  2.051667E-08
  7.595000E+03 -3.436974E-07  1.069452E-04 -4.968451E-07  1.918466E-04 -1.693348E-02  2.051413E-08  2.051911E-08
  7.596000E+03  1.933959E-07  1.062338E-04  5.328820E-07  1.931460E-04 -1.971809E-02  2.051465E-08  2.051875E-08
  7.597000E+03  4.991584E-07  1.066288E-04 -7.375152E-07  1.923975E-04 -8.378943E-03  2.051439E-08  2.051608E-08
  7.598000E+03 -2.682020E-07  1.067786E-04 -7.830360E-07  1.921699E-04 -2.166666E-02  2.051481E-08  2.052093E-08
  7.599000E+03  1.006203E-08  1.061698E-04  5.172269E-07  1.932403E-04 -1.411318E-02  2.051423E-08  2.051636E-08
  7.600000E+03  5.562144E-07  1.068777E-04 -4.200779E-07  1.919443E-04 -1.158287E-02  2.051320E-08  2.051646E-08
  7.601000E+03 -1.346631E-07  1.064843E-04 -9.907397E-07  1.927041E-04 -2.268846E-02  2.051468E-08  2.052047E-08
  7.602000E+03 -1.479300E-07  1.063440E-04  3.698245E-07  1.929207E-04 -9.515873E-03  2.051504E-08  2.051608E-08
  7.603000E+03  5.464970E-07  1.069310E-04 -1.041285E-07  1.918736E-04 -1.709576E-02  2.051425E-08  2.051930E-08
  7.604000E+03  3.363625E-08  1.062346E-04 -1.092891E-06  1.931371E-04 -1.943945E-02  2.051397E-08  2.051818E-08
  7.605000E+03 -2.588230E-07  1.066377E-04  1.205428E-07  1.923762E-04 -8.645703E-03  2.051379E-08  2.051525E-08
  7.606000E+03  4.713609E-07  1.067614E-04  1.668112E-07  1.922029E-04 -2.154800E-02  2.051509E-08  2.052106E-08
  7.607000E+03  2.074859E-07  1.061852E-04 -1.071111E-06  1.932116E-04 -1.395711E-02  2.051420E-08  2.051656E-08
  7.608000E+03 -3.073076E-07  1.068707E-04 -1.845183E-07  1.919526E-04 -1.192542E-02  2.051266E-08  2.051574E-08
  7.609000E+03  3.400253E-07  1.064741E-04  3.561676E-07  1.927198E-04 -2.232872E-02  2.051455E-08  2.052001E-08
  7.610000E+03  3.561226E-07  1.063636E-04 -9.212826E-07  1.928854E-04 -9.622363E-03  2.051503E-08  2.051640E-08
  7.611000E+03 -2.882407E-07  1.069110E-04 -4.889037E-07  1.919062E-04 -1.728679E-02  2.051381E-08  2.051871E-08
  7.612000E+03  1.758683E-07  1.062389E-04  4.370537E-07  1.931225E-04 -1.905937E-02  2.051339E-08  2.051720E-08
  7.613000E+03  4.569749E-07  1.066464E-04 -6.728734E-07  1.923565E-04 -8.986383E-03  2.051330E-08  2.051510E-08
  7.614000E+03 -2.072288E-07  1.067392E-04 -7.444387E-07  1.922372E-04 -2.142333E-02  2.051454E-08  2.052036E-08
  7.615000E+03  1.145308E-08  1.062043E-04  3.969921E-07  1.931709E-04 -1.380358E-02  2.051362E-08  2.051561E-08
  7.616000E+03  4.954117E-07  1.068596E-04 -3.790281E-07  1.919654E-04 -1.232626E-02  2.051179E-08  2.051509E-08
  7.617000E+03 -7.921293E-08  1.064607E-04 -9.117566E-07  1.927320E-04 -2.191206E-02  2.051346E-08  2.051881E-08
  7.618000E+03 -1.237199E-07  1.063871E-04  2.439633E-07  1.928354E-04 -9.818692E-03  2.051421E-08  2.051533E-08
  7.619000E+03  4.696479E-07  1.068825E-04 -9.615029E-08  1.919492E-04 -1.748315E-02  2.051287E-08  2.051777E-08
  7.620000E+03  7.261074E-08  1.062444E-04 -9.706686E-07  1.930990E-04 -1.855785E-02  2.051217E-08  2.051596E-08
  7.621000E+03 -2.107806E-07  1.066581E-04  9.743822E-09  1.923259E-04 -9.494793E-03  2.051220E-08  2.051387E-08
  7.622000E+03  3.873246E-07  1.067074E-04  1.333593E-07  1.922874E-04 -2.121532E-02  2.051387E-08  2.051945E-08
  7.623000E+03  2.209996E-07  1.062308E-04 -9.165056E-07  1.931170E-04 -1.353252E-02  2.051309E-08  2.051524E-08
  7.624000E+03 -2.378917E-07  1.068496E-04 -2.609146E-07  1.919789E-04 -1.291846E-02  2.051115E-08  2.051438E-08
  7.625000E+03  2.628130E-07  1.064426E-04  2.760073E-07  1.927607E-04 -2.132749E-02  2.051328E-08  2.051819E-08
  7.626000E+03  3.411239E-07  1.064203E-04 -7.594965E-07  1.927758E-04 -9.973115E-03  2.051424E-08  2.051566E-08
  7.627000E+03 -2.036973E-07  1.068543E-04 -5.204339E-07  1.920006E-04 -1.783499E-02  2.051283E-08  2.051764E-08
  7.628000E+03  1.191791E-07  1.062516E-04  3.125375E-07  1.930871E-04 -1.790745E-02  2.051252E-08  2.051585E-08
  7.629000E+03  4.138788E-07  1.066804E-04 -5.309937E-07  1.922960E-04 -9.996407E-03  2.051319E-08  2.051521E-08
  7.630000E+03 -1.193453E-07  1.066775E-04 -7.234287E-07  1.923476E-04 -2.115642E-02  2.051457E-08  2.052003E-08
  7.631000E+03 -1.117523E-08  1.062597E-04  2.414249E-07  1.930742E-04 -1.315547E-02  2.051423E-08  2.051603E-08
  7.632000E+03  4.275342E-07  1.068505E-04 -2.859154E-07  1.919947E-04 -1.350337E-02  2.051286E-08  2.051635E-08
  7.633000E+03 -3.885009E-09  1.064257E-04 -8.332482E-07  1.928008E-04 -2.089120E-02  2.051449E-08  2.051929E-08
  7.634000E+03 -1.058695E-07  1.064553E-04  8.380932E-08  1.927233E-04 -1.006246E-02  2.051539E-08  2.051663E-08
  7.635000E+03  3.840331E-07  1.068325E-04 -6.942535E-08  1.920544E-04 -1.818297E-02  2.051426E-08  2.051910E-08
  7.636000E+03  1.230866E-07  1.062601E-04 -8.395846E-07  1.930839E-04 -1.731360E-02  2.051405E-08  2.051733E-08
  7.637000E+03 -1.554050E-07  1.066999E-04 -1.288251E-07  1.922674E-04 -1.053097E-02  2.051378E-08  2.051577E-08
  7.638000E+03  2.969346E-07  1.066470E-04  9.014103E-08  1.924086E-04 -2.101546E-02  2.051528E-08  2.052050E-08
  7.639000E+03  2.360655E-07  1.062908E-04 -7.505932E-07  1.930252E-04 -1.283989E-02  2.051511E-08  2.051702E-08
  7.640000E+03 -1.554256E-07  1.068416E-04 -3.497410E-07  1.920165E-04 -1.410965E-02  2.051331E-08  2.051679E-08
  7.641000E+03  1.867765E-07  1.064119E-04  1.694809E-07  1.928282E-04 -2.033919E-02  2.051497E-08  2.051937E-08
  7.642000E+03  3.127517E-07  1.064860E-04 -5.903824E-07  1.926688E-04 -1.027771E-02  2.051545E-08  2.051697E-08
  7.643000E+03 -1.053327E-07  1.068041E-04 -5.357615E-07  1.921104E-04 -1.840604E-02  2.051471E-08  2.051946E-08
  7.644000E+03  7.311707E-08  1.062749E-04  1.533437E-07  1.930613E-04 -1.676792E-02  2.051470E-08  2.051760E-08
  7.645000E+03  3.422635E-07  1.067125E-04 -3.893657E-07  1.922525E-04 -1.108512E-02  2.051448E-08  2.051675E-08
  7.646000E+03 -1.739739E-08  1.066215E-04 -6.567740E-07  1.924602E-04 -2.078401E-02  2.051598E-08  2.052106E-08
  7.647000E+03 -1.910881E-08  1.063238E-04  4.777651E-08  1.929781E-04 -1.262673E-02  2.051653E-08  2.051819E-08
  7.648000E+03  3.235510E-07  1.068330E-04 -1.955470E-07  1.920494E-04 -1.462099E-02  2.051501E-08  2.051863E-08
  7.649000E+03  8.337405E-08  1.064036E-04 -6.927237E-07  1.928488E-04 -1.986081E-02  2.051576E-08  2.052005E-08
  7.650000E+03 -6.947167E-08  1.065156E-04 -1.130278E-07  1.926258E-04 -1.049897E-02  2.051653E-08  2.051797E-08
  7.651000E+03  2.619674E-07  1.067782E-04 -5.273012E-08  1.921681E-04 -1.856787E-02  2.051582E-08  2.052050E-08
  7.652000E+03  1.772100E-07  1.062898E-04 -6.398464E-07  1.930370E-04 -1.631294E-02  2.051513E-08  2.051801E-08
  7.653000E+03 -7.269345E-08  1.067174E-04 -2.942051E-07  1.922403E-04 -1.163450E-02  2.051400E-08  2.051630E-08
  7.654000E+03  1.726326E-07  1.065926E-04  1.787948E-08  1.925061E-04 -2.043180E-02  2.051545E-08  2.052022E-08
  7.655000E+03  2.457908E-07  1.063541E-04 -5.145210E-07  1.929148E-04 -1.254317E-02  2.051566E-08  2.051746E-08
  7.656000E+03 -3.385595E-08  1.068077E-04 -4.562731E-07  1.920832E-04 -1.511135E-02  2.051362E-08  2.051724E-08
  7.657000E+03  7.906001E-08  1.063945E-04  9.292594E-09  1.928478E-04 -1.921062E-02  2.051416E-08  2.051805E-08
  7.658000E+03  2.729032E-07  1.065375E-04 -3.510568E-07  1.925683E-04 -1.091735E-02  2.051452E-08  2.051620E-08
  7.659000E+03  3.865302E-08  1.067391E-04 -5.614885E-07  1.922251E-04 -1.857711E-02  2.051439E-08  2.051895E-08
  7.660000E+03  2.823230E-09  1.063081E-04 -7.761850E-08  1.929841E-04 -1.585554E-02  2.051320E-08  2.051581E-08
  7.661000E+03  2.542506E-07  1.067129E-04 -1.885480E-07  1.922313E-04 -1.227542E-02  2.051201E-08  2.051451E-08
  7.662000E+03  1.266101E-07  1.065629E-04 -5.883309E-07  1.925425E-04 -1.994483E-02  2.051381E-08  2.051840E-08
  7.663000E+03 -3.958045E-08  1.063880E-04 -2.190939E-07  1.928422E-04 -1.254568E-02  2.051449E-08  2.051621E-08
  7.664000E+03  1.973280E-07  1.067805E-04 -6.465059E-08  1.921256E-04 -1.559723E-02  2.051277E-08  2.051642E-08
  7.665000E+03  2.057425E-07  1.063886E-04 -5.339834E-07  1.928457E-04 -1.850788E-02  2.051308E-08  2.051680E-08
  7.666000E+03 -3.721707E-08  1.065690E-04 -3.755389E-07  1.925107E-04 -1.138897E-02  2.051435E-08  2.051615E-08
  7.667000E+03  1.149584E-07  1.066997E-04 -9.976893E-09  1.922965E-04 -1.866386E-02  2.051442E-08  2.051880E-08
  7.668000E+03  2.588176E-07  1.063306E-04 -4.111165E-07  1.929404E-04 -1.525640E-02  2.051308E-08  2.051562E-08
  7.669000E+03  8.532530E-09  1.067216E-04 -5.122612E-07  1.922162E-04 -1.305856E-02  2.051187E-08  2.051460E-08
  7.670000E+03  2.526300E-08  1.065253E-04 -3.487145E-08  1.926064E-04 -1.949221E-02  2.051355E-08  2.051777E-08
  7.671000E+03  2.758602E-07  1.064273E-04 -2.479852E-07  1.927645E-04 -1.237530E-02  2.051384E-08  2.051565E-08
  7.672000E+03  8.611150E-08  1.067563E-04 -6.014349E-07  1.921613E-04 -1.630631E-02  2.051171E-08  2.051558E-08
  7.673000E+03 -4.933456E-08  1.063743E-04 -1.328770E-07  1.928607E-04 -1.769931E-02  2.051220E-08  2.051551E-08
  7.674000E+03  2.508294E-07  1.066029E-04 -8.409037E-08  1.924411E-04 -1.177493E-02  2.051335E-08  2.051536E-08
  7.675000E+03  1.797509E-07  1.066588E-04 -6.198949E-07  1.923624E-04 -1.889496E-02  2.051348E-08  2.051794E-08
  7.676000E+03 -8.677079E-08  1.063484E-04 -2.890399E-07  1.929017E-04 -1.456479E-02  2.051261E-08  2.051487E-08
  7.677000E+03  1.843486E-07  1.067338E-04  3.697378E-08  1.921964E-04 -1.375961E-02  2.051192E-08  2.051485E-08
  7.678000E+03  2.668069E-07  1.064913E-04 -5.525606E-07  1.926669E-04 -1.916913E-02  2.051357E-08  2.051774E-08
  7.679000E+03 -7.534833E-08  1.064663E-04 -4.675012E-07  1.926986E-04 -1.215160E-02  2.051440E-08  2.051619E-08
  7.680000E+03  8.778448E-08  1.067419E-04  8.415065E-08  1.921995E-04 -1.693937E-02  2.051278E-08  2.051670E-08
  7.681000E+03  3.272907E-07  1.063640E-04 -4.072694E-07  1.928859E-04 -1.700818E-02  2.051314E-08  2.051632E-08
  7.682000E+03 -1.747513E-08  1.066412E-04 -6.274384E-07  1.923820E-04 -1.211752E-02  2.051434E-08  2.051658E-08
  7.683000E+03 -1.778059E-08  1.066254E-04  4.697239E-08  1.924354E-04 -1.912516E-02  2.051475E-08  2.051906E-08
  7.684000E+03  3.453141E-07  1.063691E-04 -2.138109E-07  1.928767E-04 -1.389073E-02  2.051414E-08  2.051631E-08
  7.685000E+03  7.481602E-08  1.067521E-04 -7.291209E-07  1.921813E-04 -1.445610E-02  2.051361E-08  2.051691E-08
  7.686000E+03 -1.059788E-07  1.064622E-04 -7.001220E-08  1.927368E-04 -1.886700E-02  2.051555E-08  2.051940E-08
  7.687000E+03  3.113558E-07  1.065037E-04 -1.689347E-08  1.926439E-04 -1.192460E-02  2.051583E-08  2.051765E-08
  7.688000E+03  1.884559E-07  1.067329E-04 -7.445211E-07  1.922366E-04 -1.751786E-02  2.051483E-08  2.051907E-08
  7.689000E+03 -1.580589E-07  1.063616E-04 -2.547446E-07  1.929113E-04 -1.643597E-02  2.051558E-08  2.051845E-08
  7.690000E+03  2.284648E-07  1.066704E-04  1.446202E-07  1.923463E-04 -1.240591E-02  2.051607E-08  2.051841E-08
  7.691000E+03  3.045165E-07  1.066031E-04 -6.659759E-07  1.924933E-04 -1.925959E-02  2.051657E-08  2.052107E-08
  7.692000E+03 -1.588133E-07  1.063911E-04 -4.811585E-07  1.928555E-04 -1.346922E-02  2.051624E-08  2.051828E-08
  7.693000E+03  1.117497E-07  1.067588E-04  2.301149E-07  1.921883E-04 -1.494462E-02  2.051551E-08  2.051883E-08
  7.694000E+03  3.933225E-07  1.064455E-04 -5.016676E-07  1.927759E-04 -1.860595E-02  2.051657E-08  2.052049E-08
  7.695000E+03 -1.011627E-07  1.065325E-04 -6.963199E-07  1.926029E-04 -1.188903E-02  2.051701E-08  2.051893E-08
  7.696000E+03 -1.959506E-08  1.067171E-04  2.119300E-07  1.922777E-04 -1.783433E-02  2.051606E-08  2.052018E-08
  7.697000E+03  4.336653E-07  1.063618E-04 -2.738641E-07  1.929107E-04 -1.600622E-02  2.051569E-08  2.051857E-08
  7.698000E+03  8.886214E-09  1.066866E-04 -8.544313E-07  1.923148E-04 -1.276052E-02  2.051574E-08  2.051837E-08
  7.699000E+03 -1.441392E-07  1.065751E-04  8.638436E-08  1.925412E-04 -1.918698E-02  2.051633E-08  2.052054E-08
  7.700000E+03  4.156028E-07  1.064114E-04 -1.731473E-08  1.928144E-04 -1.315794E-02  2.051587E-08  2.051793E-08
  7.701000E+03  1.491538E-07  1.067539E-04 -9.200843E-07  1.921921E-04 -1.547420E-02  2.051480E-08  2.051851E-08
  7.702000E+03 -2.335715E-07  1.064252E-04 -1.235299E-07  1.928051E-04 -1.816386E-02  2.051594E-08  2.051951E-08
  7.703000E+03  3.368987E-07  1.065588E-04  2.142271E-07  1.925469E-04 -1.196089E-02  2.051610E-08  2.051807E-08
  7.704000E+03  2.972560E-07  1.066936E-04 -8.727923E-07  1.923162E-04 -1.814701E-02  2.051554E-08  2.051997E-08
  7.705000E+03 -2.659719E-07  1.063642E-04 -3.898203E-07  1.928979E-04 -1.551656E-02  2.051495E-08  2.051760E-08
  7.706000E+03  2.060979E-07  1.066969E-04  3.717457E-07  1.922861E-04 -1.316290E-02  2.051456E-08  2.051722E-08
  7.707000E+03  4.275511E-07  1.065486E-04 -7.108062E-07  1.925811E-04 -1.905158E-02  2.051552E-08  2.051991E-08
  7.708000E+03 -2.299989E-07  1.064332E-04 -6.705089E-07  1.927677E-04 -1.295318E-02  2.051517E-08  2.051721E-08
  7.709000E+03  4.658395E-08  1.067426E-04  4.162295E-07  1.922079E-04 -1.591324E-02  2.051417E-08  2.051778E-08
  7.710000E+03  5.121504E-07  1.064115E-04 -4.597763E-07  1.928194E-04 -1.771833E-02  2.051498E-08  2.051862E-08
  7.711000E+03 -1.280867E-07  1.065852E-04 -9.093065E-07  1.924954E-04 -1.215808E-02  2.051565E-08  2.051787E-08
  7.712000E+03 -1.162157E-07  1.066662E-04  3.341341E-07  1.923638E-04 -1.835999E-02  2.051526E-08  2.051944E-08
  7.713000E+03  5.333547E-07  1.063687E-04 -1.566854E-07  1.928776E-04 -1.500786E-02  2.051383E-08  2.051648E-08
  7.714000E+03  2.524424E-08  1.067098E-04 -1.061150E-06  1.922517E-04 -1.368793E-02  2.051321E-08  2.051630E-08
  7.715000E+03 -2.546062E-07  1.065116E-04  1.339179E-07  1.926325E-04 -1.887684E-02  2.051393E-08  2.051794E-08
  7.716000E+03  4.835335E-07  1.064529E-04  1.498026E-07  1.927099E-04 -1.261403E-02  2.051289E-08  2.051494E-08
  7.717000E+03  2.039207E-07  1.067309E-04 -1.092348E-06  1.922048E-04 -1.654092E-02  2.051138E-08  2.051550E-08
  7.718000E+03 -3.415843E-07  1.063822E-04 -1.528718E-07  1.928450E-04 -1.717102E-02  2.051226E-08  2.051549E-08
  7.719000E+03  3.677637E-07  1.066107E-04  4.032279E-07  1.924235E-04 -1.219415E-02  2.051289E-08  2.051514E-08
  7.720000E+03  3.782426E-07  1.066380E-04 -9.914486E-07  1.923947E-04 -1.876963E-02  2.051298E-08  2.051761E-08
  7.721000E+03 -3.568692E-07  1.063649E-04 -4.827558E-07  1.928672E-04 -1.438013E-02  2.051218E-08  2.051456E-08
  7.722000E+03  2.009117E-07  1.067307E-04  5.532292E-07  1.922075E-04 -1.408097E-02  2.051241E-08  2.051551E-08
  7.723000E+03  5.179289E-07  1.064836E-04 -7.657246E-07  1.926823E-04 -1.891012E-02  2.051385E-08  2.051815E-08
  7.724000E+03 -2.921516E-07  1.064740E-04 -8.025012E-07  1.926760E-04 -1.220728E-02  2.051346E-08  2.051548E-08
  7.725000E+03  9.632492E-09  1.067363E-04  5.643696E-07  1.922072E-04 -1.707076E-02  2.051251E-08  2.051654E-08
  7.726000E+03  5.978111E-07  1.063661E-04 -4.491821E-07  1.928855E-04 -1.685232E-02  2.051357E-08  2.051694E-08
  7.727000E+03 -1.562140E-07  1.066409E-04 -1.056568E-06  1.923827E-04 -1.216956E-02  2.051434E-08  2.051681E-08
  7.728000E+03 -1.756772E-07  1.066241E-04  4.319417E-07  1.924332E-04 -1.915088E-02  2.051426E-08  2.051866E-08
  7.729000E+03  6.032569E-07  1.063667E-04 -9.072846E-08  1.928751E-04 -1.388628E-02  2.051350E-08  2.051589E-08
  7.730000E+03  2.876671E-08  1.067544E-04 -1.200380E-06  1.921788E-04 -1.441483E-02  2.051380E-08  2.051734E-08
  7.731000E+03 -3.224707E-07  1.064607E-04  1.758833E-07  1.927363E-04 -1.894416E-02  2.051515E-08  2.051913E-08
  7.732000E+03  5.289377E-07  1.064922E-04  2.498270E-07  1.926499E-04 -1.184609E-02  2.051427E-08  2.051625E-08
  7.733000E+03  2.331722E-07  1.067417E-04 -1.202193E-06  1.922089E-04 -1.752943E-02  2.051355E-08  2.051811E-08
  7.734000E+03 -4.047259E-07  1.063512E-04 -1.646196E-07  1.929224E-04 -1.657199E-02  2.051472E-08  2.051775E-08
  7.735000E+03  3.835296E-07  1.066627E-04  5.153521E-07  1.923482E-04 -1.212524E-02  2.051488E-08  2.051728E-08
  7.736000E+03  4.263212E-07  1.066145E-04 -1.056889E-06  1.924590E-04 -1.945245E-02  2.051503E-08  2.051991E-08
  7.737000E+03 -4.061166E-07  1.063684E-04 -5.413222E-07  1.928810E-04 -1.353466E-02  2.051457E-08  2.051675E-08
  7.738000E+03  1.896339E-07  1.067695E-04  6.576512E-07  1.921630E-04 -1.460993E-02  2.051497E-08  2.051837E-08
  7.739000E+03  5.735346E-07  1.064507E-04 -7.836997E-07  1.927672E-04 -1.899591E-02  2.051651E-08  2.052084E-08
  7.740000E+03 -3.224183E-07  1.065066E-04 -8.894503E-07  1.926389E-04 -1.166044E-02  2.051593E-08  2.051792E-08
  7.741000E+03 -2.140221E-08  1.067459E-04  6.458971E-07  1.922224E-04 -1.773479E-02  2.051572E-08  2.052002E-08
  7.742000E+03  6.495208E-07  1.063524E-04 -4.257179E-07  1.929399E-04 -1.645398E-02  2.051684E-08  2.052010E-08
  7.743000E+03 -1.646360E-07  1.066761E-04 -1.151624E-06  1.923416E-04 -1.219208E-02  2.051672E-08  2.051935E-08
  7.744000E+03 -2.185153E-07  1.066093E-04  4.792489E-07  1.924866E-04 -1.947979E-02  2.051697E-08  2.052147E-08
  7.745000E+03  6.414331E-07  1.063809E-04 -3.444026E-08  1.928756E-04 -1.341477E-02  2.051643E-08  2.051873E-08
  7.746000E+03  4.203062E-08  1.067727E-04 -1.284582E-06  1.921719E-04 -1.482559E-02  2.051645E-08  2.052021E-08
  7.747000E+03 -3.679159E-07  1.064433E-04  1.826602E-07  1.927901E-04 -1.880969E-02  2.051758E-08  2.052149E-08
  7.748000E+03  5.485866E-07  1.065208E-04  3.245505E-07  1.926170E-04 -1.168718E-02  2.051631E-08  2.051832E-08
  7.749000E+03  2.617994E-07  1.067368E-04 -1.261225E-06  1.922424E-04 -1.789761E-02  2.051605E-08  2.052075E-08
  7.750000E+03 -4.434128E-07  1.063498E-04 -1.927507E-07  1.929401E-04 -1.621024E-02  2.051645E-08  2.051938E-08
  7.751000E+03  3.858285E-07  1.066800E-04  5.893496E-07  1.923228E-04 -1.235347E-02  2.051543E-08  2.051796E-08
  7.752000E+03  4.577489E-07  1.065947E-04 -1.084009E-06  1.925009E-04 -1.945668E-02  2.051570E-08  2.052056E-08
  7.753000E+03 -4.304148E-07  1.063861E-04 -5.852876E-07  1.928532E-04 -1.328601E-02  2.051509E-08  2.051725E-08
  7.754000E+03  1.799392E-07  1.067643E-04  7.121452E-07  1.921710E-04 -1.501222E-02  2.051470E-08  2.051822E-08
  7.755000E+03  5.971413E-07  1.064347E-04 -7.817353E-07  1.927882E-04 -1.863869E-02  2.051580E-08  2.052000E-08
  7.756000E+03 -3.300114E-07  1.065290E-04 -9.301472E-07  1.925902E-04 -1.177238E-02  2.051502E-08  2.051711E-08
  7.757000E+03 -3.757982E-08  1.067211E-04  6.723913E-07  1.922598E-04 -1.795734E-02  2.051487E-08  2.051917E-08
  7.758000E+03  6.616902E-07  1.063524E-04 -4.028429E-07  1.929211E-04 -1.601581E-02  2.051498E-08  2.051811E-08
  7.759000E+03 -1.600238E-07  1.066834E-04 -1.178742E-06  1.923063E-04 -1.262653E-02  2.051425E-08  2.051705E-08
  7.760000E+03 -2.322428E-07  1.065752E-04  4.801117E-07  1.925246E-04 -1.931699E-02  2.051452E-08  2.051889E-08
  7.761000E+03  6.429193E-07  1.063969E-04 -8.666021E-09  1.928182E-04 -1.316571E-02  2.051347E-08  2.051574E-08
  7.762000E+03  4.959275E-08  1.067568E-04 -1.292932E-06  1.921697E-04 -1.535555E-02  2.051301E-08  2.051692E-08
  7.763000E+03 -3.709637E-07  1.064165E-04  1.700664E-07  1.928028E-04 -1.831054E-02  2.051396E-08  2.051766E-08
  7.764000E+03  5.421320E-07  1.065417E-04  3.351569E-07  1.925467E-04 -1.179130E-02  2.051283E-08  2.051492E-08
  7.765000E+03  2.655823E-07  1.067051E-04 -1.251326E-06  1.922716E-04 -1.821655E-02  2.051295E-08  2.051768E-08
  7.766000E+03 -4.332681E-07  1.063427E-04 -2.074509E-07  1.929190E-04 -1.563870E-02  2.051302E-08  2.051576E-08
  7.767000E+03  3.757983E-07  1.066943E-04  5.767321E-07  1.922701E-04 -1.279158E-02  2.051245E-08  2.051516E-08
  7.768000E+03  4.529345E-07  1.065586E-04 -1.060929E-06  1.925438E-04 -1.943231E-02  2.051332E-08  2.051809E-08
  7.769000E+03 -4.107648E-07  1.063990E-04 -5.900184E-07  1.928055E-04 -1.286593E-02  2.051262E-08  2.051468E-08
  7.770000E+03  1.733852E-07  1.067606E-04  6.784376E-07  1.921539E-04 -1.560635E-02  2.051198E-08  2.051568E-08
  7.771000E+03  5.801202E-07  1.064040E-04 -7.566660E-07  1.928177E-04 -1.826859E-02  2.051316E-08  2.051716E-08
  7.772000E+03 -3.067591E-07  1.065484E-04 -9.136011E-07  1.925284E-04 -1.166163E-02  2.051220E-08  2.051430E-08
  7.773000E+03 -3.348373E-08  1.066996E-04  6.239727E-07  1.922730E-04 -1.840371E-02  2.051198E-08  2.051638E-08
  7.774000E+03  6.311085E-07  1.063381E-04 -3.888380E-07  1.929196E-04 -1.549673E-02  2.051224E-08  2.051515E-08
  7.775000E+03 -1.403288E-07  1.067019E-04 -1.133117E-06  1.922552E-04 -1.282949E-02  2.051231E-08  2.051521E-08
  7.776000E+03 -2.119070E-07  1.065497E-04  4.269588E-07  1.925591E-04 -1.947580E-02  2.051322E-08  2.051758E-08
  7.777000E+03  6.021787E-07  1.064036E-04 -1.910481E-08  1.927949E-04 -1.274087E-02  2.051242E-08  2.051453E-08
  7.778000E+03  5.878762E-08  1.067656E-04 -1.219882E-06  1.921510E-04 -1.575315E-02  2.051258E-08  2.051660E-08
  7.779000E+03 -3.338850E-07  1.063992E-04  1.253941E-07  1.928375E-04 -1.816547E-02  2.051436E-08  2.051795E-08
  7.780000E+03  4.995003E-07  1.065593E-04  2.933387E-07  1.925183E-04 -1.161655E-02  2.051323E-08  2.051528E-08
  7.781000E+03  2.589213E-07  1.067005E-04 -1.163164E-06  1.922836E-04 -1.856136E-02  2.051323E-08  2.051801E-08
  7.782000E+03 -3.819952E-07  1.063394E-04 -2.313352E-07  1.929344E-04 -1.532343E-02  2.051412E-08  2.051672E-08
  7.783000E+03  3.408561E-07  1.067146E-04  5.016214E-07  1.922519E-04 -1.286006E-02  2.051440E-08  2.051713E-08
  7.784000E+03  4.264440E-07  1.065529E-04 -9.735295E-07  1.925765E-04 -1.958539E-02  2.051564E-08  2.052037E-08
  7.785000E+03 -3.515745E-07  1.064104E-04 -5.808255E-07  1.928086E-04 -1.262340E-02  2.051520E-08  2.051716E-08
  7.786000E+03  1.541191E-07  1.067756E-04  5.765598E-07  1.921612E-04 -1.576691E-02  2.051558E-08  2.051931E-08
  7.787000E+03  5.355015E-07  1.064092E-04 -6.868715E-07  1.928486E-04 -1.825545E-02  2.051744E-08  2.052136E-08
  7.788000E+03 -2.498452E-07  1.065625E-04 -8.673197E-07  1.925381E-04 -1.162088E-02  2.051597E-08  2.051802E-08
  7.789000E+03 -3.177056E-08  1.067072E-04  5.114440E-07  1.922960E-04 -1.846342E-02  2.051587E-08  2.052025E-08
  7.790000E+03  5.732326E-07  1.063528E-04 -3.505250E-07  1.929330E-04 -1.547374E-02  2.051650E-08  2.051935E-08
  7.791000E+03 -9.614517E-08  1.067108E-04 -1.051747E-06  1.922791E-04 -1.288690E-02  2.051656E-08  2.051941E-08
  7.792000E+03 -1.856274E-07  1.065600E-04  3.216397E-07  1.925799E-04 -1.940735E-02  2.051745E-08  2.052174E-08
  7.793000E+03  5.370044E-07  1.064186E-04 -2.357778E-08  1.928029E-04 -1.286196E-02  2.051611E-08  2.051820E-08
  7.794000E+03  8.182992E-08  1.067665E-04 -1.109021E-06  1.921864E-04 -1.569744E-02  2.051654E-08  2.052044E-08
  7.795000E+03 -2.844778E-07  1.064190E-04  4.476800E-08  1.928371E-04 -1.811570E-02  2.051816E-08  2.052172E-08
  7.796000E+03  4.377163E-07  1.065611E-04  2.411990E-07  1.925413E-04 -1.185635E-02  2.051597E-08  2.051800E-08
  7.797000E+03  2.540802E-07  1.066989E-04 -1.038860E-06  1.923092E-04 -1.828280E-02  2.051575E-08  2.052031E-08
  7.798000E+03 -3.155146E-07  1.063652E-04 -2.697256E-07  1.929127E-04 -1.546275E-02  2.051674E-08  2.051937E-08
  7.799000E+03  2.961181E-07  1.067015E-04  4.038238E-07  1.922961E-04 -1.304156E-02  2.051654E-08  2.051921E-08
  7.800000E+03  3.890042E-07  1.065609E-04 -8.590924E-07  1.925764E-04 -1.919278E-02  2.051733E-08  2.052183E-08
  7.801000E+03 -2.764525E-07  1.064276E-04 -5.616898E-07  1.927904E-04 -1.301787E-02  2.051647E-08  2.051851E-08
  7.802000E+03  1.366407E-07  1.067552E-04  4.422407E-07  1.922115E-04 -1.566134E-02  2.051706E-08  2.052062E-08
  7.803000E+03  4.679402E-07  1.064295E-04 -6.040572E-07  1.928180E-04 -1.801380E-02  2.051819E-08  2.052195E-08
  7.804000E+03 -1.787999E-07  1.065596E-04 -7.863465E-07  1.925458E-04 -1.209163E-02  2.051610E-08  2.051820E-08
  7.805000E+03 -1.473462E-08  1.066897E-04  3.602509E-07  1.923247E-04 -1.807355E-02  2.051572E-08  2.051986E-08
  7.806000E+03  4.857240E-07  1.063765E-04 -3.208441E-07  1.928853E-04 -1.552571E-02  2.051599E-08  2.051879E-08
  7.807000E+03 -4.641813E-08  1.066885E-04 -9.164203E-07  1.923098E-04 -1.322581E-02  2.051546E-08  2.051825E-08
  7.808000E+03 -1.311326E-07  1.065536E-04  1.851691E-07  1.925730E-04 -1.890723E-02  2.051568E-08  2.051974E-08
  7.809000E+03  4.437620E-07  1.064318E-04 -6.302026E-08  1.927607E-04 -1.318927E-02  2.051408E-08  2.051620E-08
  7.810000E+03  9.660646E-08  1.067359E-04 -9.373224E-07  1.922218E-04 -1.571606E-02  2.051443E-08  2.051815E-08
  7.811000E+03 -1.956990E-07  1.064245E-04 -4.803670E-08  1.927977E-04 -1.776654E-02  2.051516E-08  2.051857E-08
  7.812000E+03  3.539271E-07  1.065574E-04  1.279090E-07  1.925211E-04 -1.228735E-02  2.051300E-08  2.051508E-08
  7.813000E+03  2.261115E-07  1.066725E-04 -8.548766E-07  1.923291E-04 -1.802369E-02  2.051289E-08  2.051719E-08
  7.814000E+03 -2.050411E-07  1.063765E-04 -2.945591E-07  1.928608E-04 -1.537093E-02  2.051344E-08  2.051601E-08
  7.815000E+03  2.392880E-07  1.066829E-04  2.287027E-07  1.922979E-04 -1.340203E-02  2.051307E-08  2.051575E-08
  7.816000E+03  3.195599E-07  1.065443E-04 -6.979700E-07  1.925714E-04 -1.881093E-02  2.051374E-08  2.051796E-08
  7.817000E+03 -1.634699E-07  1.064328E-04 -5.072238E-07  1.927442E-04 -1.314346E-02  2.051255E-08  2.051458E-08
  7.818000E+03  1.199800E-07  1.067292E-04  2.332963E-07  1.922196E-04 -1.580153E-02  2.051287E-08  2.051639E-08
  7.819000E+03  3.654255E-07  1.064230E-04 -4.976799E-07  1.927889E-04 -1.770127E-02  2.051397E-08  2.051751E-08
  7.820000E+03 -8.126185E-08  1.065572E-04 -6.560933E-07  1.925168E-04 -1.230350E-02  2.051249E-08  2.051458E-08
  7.821000E+03  1.436718E-08  1.066697E-04  1.485654E-07  1.923300E-04 -1.801615E-02  2.051246E-08  2.051651E-08
  7.822000E+03  3.637060E-07  1.063785E-04 -2.899158E-07  1.928528E-04 -1.539152E-02  2.051296E-08  2.051562E-08
  7.823000E+03  2.029904E-08  1.066809E-04 -7.258413E-07  1.923008E-04 -1.342673E-02  2.051296E-08  2.051572E-08
  7.824000E+03 -5.863919E-08  1.065449E-04  2.517681E-09  1.925704E-04 -1.876328E-02  2.051378E-08  2.051776E-08
  7.825000E+03  3.193518E-07  1.064335E-04 -1.152223E-07  1.927418E-04 -1.319062E-02  2.051239E-08  2.051444E-08
  7.826000E+03  1.219818E-07  1.067259E-04 -7.123047E-07  1.922219E-04 -1.580080E-02  2.051250E-08  2.051613E-08
  7.827000E+03 -9.002069E-08  1.064236E-04 -1.737328E-07  1.927857E-04 -1.765221E-02  2.051374E-08  2.051709E-08
  7.828000E+03  2.451481E-07  1.065584E-04 -4.387270E-10  1.925162E-04 -1.232128E-02  2.051265E-08  2.051468E-08
  7.829000E+03  2.065966E-07  1.066716E-04 -6.281107E-07  1.923320E-04 -1.801541E-02  2.051302E-08  2.051722E-08
  7.830000E+03 -8.089733E-08  1.063801E-04 -3.457651E-07  1.928574E-04 -1.537714E-02  2.051377E-08  2.051632E-08
  7.831000E+03  1.608428E-07  1.066847E-04  4.240932E-08  1.923075E-04 -1.337036E-02  2.051443E-08  2.051705E-08
  7.832000E+03  2.579037E-07  1.065570E-04 -5.001856E-07  1.925701E-04 -1.882630E-02  2.051606E-08  2.052020E-08
  7.833000E+03 -3.758464E-08  1.064332E-04 -4.772757E-07  1.927648E-04 -1.322424E-02  2.051479E-08  2.051680E-08
  7.834000E+03  8.245858E-08  1.067332E-04  1.413754E-08  1.922313E-04 -1.564261E-02  2.051496E-08  2.051839E-08
  7.835000E+03  2.707128E-07  1.064413E-04 -3.561259E-07  1.927808E-04 -1.784929E-02  2.051657E-08  2.052010E-08
  7.836000E+03  2.787077E-08  1.065527E-04 -5.494434E-07  1.925554E-04 -1.231759E-02  2.051576E-08  2.051778E-08
  7.837000E+03  2.324179E-08  1.066850E-04 -7.123245E-08  1.923330E-04 -1.779476E-02  2.051579E-08  2.051978E-08
  7.838000E+03  2.486328E-07  1.063929E-04 -2.244325E-07  1.928560E-04 -1.571627E-02  2.051597E-08  2.051867E-08
  7.839000E+03  9.819846E-08  1.066748E-04 -5.568926E-07  1.923474E-04 -1.323709E-02  2.051682E-08  2.051942E-08
  7.840000E+03 -6.773647E-09  1.065750E-04 -1.871514E-07  1.925565E-04 -1.865896E-02  2.051814E-08  2.052213E-08
  7.841000E+03  2.021420E-07  1.064344E-04 -1.322699E-07  1.927749E-04 -1.358385E-02  2.051597E-08  2.051806E-08
  7.842000E+03  1.585115E-07  1.067228E-04 -5.093971E-07  1.922568E-04 -1.538027E-02  2.051576E-08  2.051915E-08
  7.843000E+03 -6.054517E-09  1.064600E-04 -3.056115E-07  1.927560E-04 -1.781453E-02  2.051754E-08  2.052100E-08
  7.844000E+03  1.456686E-07  1.065456E-04 -9.302270E-08  1.925761E-04 -1.258818E-02  2.051651E-08  2.051852E-08
  7.845000E+03  1.958256E-07  1.066828E-04 -4.258244E-07  1.923417E-04 -1.749131E-02  2.051640E-08  2.052035E-08
  7.846000E+03  2.224247E-08  1.064079E-04 -3.989495E-07  1.928363E-04 -1.585536E-02  2.051673E-08  2.051946E-08
  7.847000E+03  9.497605E-08  1.066646E-04 -1.118656E-07  1.923757E-04 -1.331871E-02  2.051787E-08  2.052037E-08
  7.848000E+03  2.023518E-07  1.065851E-04 -3.313928E-07  1.925480E-04 -1.845124E-02  2.051926E-08  2.052324E-08
  7.849000E+03  6.853968E-08  1.064396E-04 -4.450393E-07  1.927763E-04 -1.382484E-02  2.051706E-08  2.051924E-08
  7.850000E+03  5.915900E-08  1.067138E-04 -1.766164E-07  1.922807E-04 -1.524614E-02  2.051662E-08  2.051985E-08
  7.851000E+03  1.824818E-07  1.064763E-04 -2.470487E-07  1.927327E-04 -1.780809E-02  2.051821E-08  2.052172E-08
  7.852000E+03  1.179581E-07  1.065374E-04 -4.417583E-07  1.925977E-04 -1.278701E-02  2.051719E-08  2.051927E-08
  7.853000E+03  4.644705E-08  1.066780E-04 -2.641033E-07  1.923465E-04 -1.722185E-02  2.051610E-08  2.051988E-08
  7.854000E+03  1.431117E-07  1.064187E-04 -1.938491E-07  1.928089E-04 -1.604263E-02  2.051584E-08  2.051863E-08
  7.855000E+03  1.553138E-07  1.066480E-04 -3.916611E-07  1.923995E-04 -1.337067E-02  2.051720E-08  2.051972E-08
  7.856000E+03  6.047769E-08  1.065839E-04 -3.472527E-07  1.925334E-04 -1.819058E-02  2.051756E-08  2.052142E-08
  7.857000E+03  9.539413E-08  1.064414E-04 -1.869357E-07  1.927527E-04 -1.409261E-02  2.051482E-08  2.051705E-08
  7.858000E+03  1.701071E-07  1.066952E-04 -3.089985E-07  1.922951E-04 -1.517937E-02  2.051460E-08  2.051781E-08
  7.859000E+03  9.473544E-08  1.064772E-04 -4.008423E-07  1.927088E-04 -1.760630E-02  2.051591E-08  2.051935E-08
  7.860000E+03  5.851655E-08  1.065332E-04 -2.273798E-07  1.925798E-04 -1.306172E-02  2.051439E-08  2.051650E-08
  7.861000E+03  1.576864E-07  1.066612E-04 -2.279429E-07  1.923513E-04 -1.710675E-02  2.051341E-08  2.051714E-08
  7.862000E+03  1.380004E-07  1.064196E-04 -4.076986E-07  1.927836E-04 -1.590602E-02  2.051337E-08  2.051616E-08
  7.863000E+03  4.406762E-08  1.066400E-04 -3.015834E-07  1.923873E-04 -1.358626E-02  2.051429E-08  2.051683E-08
  7.864000E+03  1.214451E-07  1.065726E-04 -1.735990E-07  1.925294E-04 -1.806409E-02  2.051502E-08  2.051881E-08
  7.865000E+03  1.798518E-07  1.064415E-04 -3.669561E-07  1.927339E-04 -1.402988E-02  2.051286E-08  2.051512E-08
  7.866000E+03  5.352636E-08  1.066885E-04 -3.902329E-07  1.922897E-04 -1.527894E-02  2.051272E-08  2.051594E-08
  7.867000E+03  7.306538E-08  1.064738E-04 -1.572685E-07  1.926990E-04 -1.756276E-02  2.051423E-08  2.051763E-08
  7.868000E+03  2.062250E-07  1.065304E-04 -2.913347E-07  1.925752E-04 -1.304076E-02  2.051337E-08  2.051552E-08
  7.869000E+03  8.690347E-08  1.066594E-04 -4.658330E-07  1.923461E-04 -1.710644E-02  2.051253E-08  2.051628E-08
  7.870000E+03  2.412044E-08  1.064180E-04 -1.873037E-07  1.927773E-04 -1.594675E-02  2.051236E-08  2.051512E-08
  7.871000E+03  2.061016E-07  1.066344E-04 -1.955338E-07  1.923881E-04 -1.355196E-02  2.051330E-08  2.051585E-08
  7.872000E+03  1.390704E-07  1.065708E-04 -5.031450E-07  1.925204E-04 -1.803471E-02  2.051372E-08  2.051757E-08
  7.873000E+03 -1.434111E-08  1.064391E-04 -2.616290E-07  1.927278E-04 -1.406818E-02  2.051174E-08  2.051397E-08
  7.874000E+03  1.790160E-07  1.066856E-04 -1.008240E-07  1.922885E-04 -1.523971E-02  2.051204E-08  2.051523E-08
  7.875000E+03  1.966197E-07  1.064717E-04 -4.916070E-07  1.926955E-04 -1.753561E-02  2.051347E-08  2.051694E-08
  7.876000E+03 -2.868720E-08  1.065313E-04 -3.638396E-07  1.925701E-04 -1.304617E-02  2.051299E-08  2.051512E-08
  7.877000E+03  1.285971E-07  1.066632E-04 -3.647515E-08  1.923455E-04 -1.712259E-02  2.051317E-08  2.051689E-08
  7.878000E+03  2.459405E-07  1.064179E-04 -4.285172E-07  1.927875E-04 -1.591604E-02  2.051344E-08  2.051628E-08
  7.879000E+03 -1.108341E-08  1.066385E-04 -4.729591E-07  1.923884E-04 -1.352979E-02  2.051412E-08  2.051668E-08
  7.880000E+03  6.337179E-08  1.065790E-04 -2.394575E-08  1.925200E-04 -1.812133E-02  2.051522E-08  2.051903E-08
  7.881000E+03  2.764402E-07  1.064404E-04 -3.229246E-07  1.927489E-04 -1.401336E-02  2.051425E-08  2.051653E-08
  7.882000E+03  3.494589E-08  1.066939E-04 -5.657364E-07  1.922933E-04 -1.518145E-02  2.051415E-08  2.051739E-08
  7.883000E+03 -1.894326E-09  1.064809E-04 -6.697317E-08  1.926967E-04 -1.771257E-02  2.051531E-08  2.051875E-08
  7.884000E+03  2.798727E-07  1.065310E-04 -1.977673E-07  1.925969E-04 -1.294978E-02  2.051583E-08  2.051796E-08
  7.885000E+03  1.004743E-07  1.066775E-04 -6.196205E-07  1.923471E-04 -1.703847E-02  2.051613E-08  2.051994E-08
  7.886000E+03 -5.372012E-08  1.064237E-04 -1.578064E-07  1.927967E-04 -1.616952E-02  2.051544E-08  2.051827E-08
  7.887000E+03  2.512977E-07  1.066344E-04 -7.585154E-08  1.924152E-04 -1.335262E-02  2.051625E-08  2.051873E-08
  7.888000E+03  1.749168E-07  1.065969E-04 -6.173310E-07  1.925094E-04 -1.807603E-02  2.051756E-08  2.052151E-08
  7.889000E+03 -8.039136E-08  1.064387E-04 -2.841793E-07  1.927676E-04 -1.426791E-02  2.051583E-08  2.051811E-08
  7.890000E+03  1.919142E-07  1.066910E-04  1.905250E-08  1.923104E-04 -1.492015E-02  2.051551E-08  2.051860E-08
  7.891000E+03  2.459856E-07  1.064981E-04 -5.523665E-07  1.926799E-04 -1.778836E-02  2.051680E-08  2.052043E-08
  7.892000E+03 -7.331096E-08  1.065251E-04 -4.282515E-07  1.926232E-04 -1.310272E-02  2.051744E-08  2.051956E-08
  7.893000E+03  1.114218E-07  1.066819E-04  6.315077E-08  1.923528E-04 -1.678419E-02  2.051766E-08  2.052128E-08
  7.894000E+03  2.987677E-07  1.064361E-04 -4.329594E-07  1.927882E-04 -1.635406E-02  2.051688E-08  2.051990E-08
  7.895000E+03 -3.007726E-08  1.066269E-04 -5.625898E-07  1.924426E-04 -1.336686E-02  2.051773E-08  2.052021E-08
  7.896000E+03  2.614986E-08  1.066086E-04  3.999173E-08  1.925035E-04 -1.790340E-02  2.051924E-08  2.052302E-08
  7.897000E+03  3.198583E-07  1.064460E-04 -2.813923E-07  1.927734E-04 -1.448525E-02  2.051781E-08  2.052024E-08
  7.898000E+03  4.380937E-08  1.066836E-04 -6.570212E-07  1.923351E-04 -1.482810E-02  2.051674E-08  2.051985E-08
  7.899000E+03 -4.822620E-08  1.065117E-04 -5.095285E-08  1.926650E-04 -1.772494E-02  2.051785E-08  2.052135E-08
  7.900000E+03  3.022893E-07  1.065262E-04 -1.233022E-07  1.926361E-04 -1.330476E-02  2.051897E-08  2.052117E-08
  7.901000E+03  1.357594E-07  1.066735E-04 -6.888569E-07  1.923707E-04 -1.661118E-02  2.051803E-08  2.052169E-08
  7.902000E+03 -9.812445E-08  1.064481E-04 -1.948413E-07  1.927639E-04 -1.639473E-02  2.051659E-08  2.051953E-08
  7.903000E+03  2.455865E-07  1.066178E-04  1.509267E-08  1.924581E-04 -1.352810E-02  2.051757E-08  2.052004E-08
  7.904000E+03  2.269222E-07  1.066020E-04 -6.435996E-07  1.925067E-04 -1.763330E-02  2.051842E-08  2.052224E-08
  7.905000E+03 -1.087724E-07  1.064534E-04 -3.654453E-07  1.927438E-04 -1.466531E-02  2.051602E-08  2.051845E-08
  7.906000E+03  1.573027E-07  1.066645E-04  9.946753E-08  1.923510E-04 -1.489649E-02  2.051475E-08  2.051774E-08
  7.907000E+03  2.997793E-07  1.065106E-04 -5.234080E-07  1.926485E-04 -1.742006E-02  2.051600E-08  2.051955E-08
  7.908000E+03 -7.516813E-08  1.065284E-04 -5.321084E-07  1.926106E-04 -1.360074E-02  2.051659E-08  2.051889E-08
  7.909000E+03  5.497028E-08  1.066512E-04  1.074202E-07  1.923859E-04 -1.655896E-02  2.051537E-08  2.051883E-08
  7.910000E+03  3.406609E-07  1.064526E-04 -3.527258E-07  1.927340E-04 -1.615330E-02  2.051435E-08  2.051735E-08
  7.911000E+03 -2.272888E-09  1.066142E-04 -6.645276E-07  1.924448E-04 -1.384139E-02  2.051537E-08  2.051800E-08
  7.912000E+03 -4.002842E-08  1.065847E-04  3.325987E-08  1.925162E-04 -1.747682E-02  2.051615E-08  2.051973E-08
  7.913000E+03  3.395972E-07  1.064619E-04 -1.661898E-07  1.927120E-04 -1.457147E-02  2.051430E-08  2.051679E-08
  7.914000E+03  9.710368E-08  1.066559E-04 -7.339857E-07  1.923538E-04 -1.512861E-02  2.051331E-08  2.051649E-08
  7.915000E+03 -1.102080E-07  1.065022E-04 -1.105513E-07  1.926488E-04 -1.720965E-02  2.051447E-08  2.051780E-08
  7.916000E+03  2.950408E-07  1.065342E-04  3.121475E-09  1.925844E-04 -1.368686E-02  2.051492E-08  2.051726E-08
  7.917000E+03  2.030044E-07  1.066358E-04 -7.230902E-07  1.923977E-04 -1.662676E-02  2.051366E-08  2.051728E-08
  7.918000E+03 -1.413817E-07  1.064537E-04 -2.951996E-07  1.927169E-04 -1.595011E-02  2.051281E-08  2.051566E-08
  7.919000E+03  2.119593E-07  1.066137E-04  1.238896E-07  1.924322E-04 -1.403723E-02  2.051390E-08  2.051651E-08
  7.920000E+03  2.934929E-07  1.065680E-04 -6.257638E-07  1.925280E-04 -1.737497E-02  2.051424E-08  2.051794E-08
  7.921000E+03 -1.245697E-07  1.064690E-04 -4.842528E-07  1.926824E-04 -1.447213E-02  2.051255E-08  2.051500E-08
  7.922000E+03  1.047139E-07  1.066517E-04  1.682163E-07  1.923540E-04 -1.533653E-02  2.051248E-08  2.051558E-08
  7.923000E+03  3.540752E-07  1.064912E-04 -4.596562E-07  1.926589E-04 -1.700597E-02  2.051350E-08  2.051689E-08
  7.924000E+03 -6.368681E-08  1.065438E-04 -6.465493E-07  1.925564E-04 -1.371485E-02  2.051375E-08  2.051617E-08
  7.925000E+03 -2.798653E-09  1.066296E-04  1.265545E-07  1.924071E-04 -1.678971E-02  2.051340E-08  2.051689E-08
  7.926000E+03  3.704605E-07  1.064514E-04 -2.612103E-07  1.927235E-04 -1.569972E-02  2.051315E-08  2.051601E-08
  7.927000E+03  3.228701E-08  1.066240E-04 -7.476795E-07  1.924148E-04 -1.416272E-02  2.051397E-08  2.051676E-08
  7.928000E+03 -8.743304E-08  1.065611E-04 -1.970444E-10  1.925443E-04 -1.747048E-02  2.051460E-08  2.051813E-08
  7.929000E+03  3.379189E-07  1.064772E-04 -7.228166E-08  1.926833E-04 -1.423550E-02  2.051430E-08  2.051671E-08
  7.930000E+03  1.441725E-07  1.066610E-04 -7.645871E-07  1.923555E-04 -1.550790E-02  2.051437E-08  2.051769E-08
  7.931000E+03 -1.366151E-07  1.064891E-04 -1.835849E-07  1.926781E-04 -1.701662E-02  2.051515E-08  2.051839E-08
  7.932000E+03  2.666026E-07  1.065543E-04  7.523253E-08  1.925578E-04 -1.359707E-02  2.051598E-08  2.051832E-08
  7.933000E+03  2.467266E-07  1.066347E-04 -6.989533E-07  1.924203E-04 -1.688990E-02  2.051575E-08  2.051945E-08
  7.934000E+03 -1.397627E-07  1.064561E-04 -3.818640E-07  1.927345E-04 -1.567704E-02  2.051525E-08  2.051801E-08
  7.935000E+03  1.657742E-07  1.066290E-04  1.539708E-07  1.924239E-04 -1.415438E-02  2.051591E-08  2.051857E-08
  7.936000E+03  3.196960E-07  1.065646E-04 -5.543115E-07  1.925545E-04 -1.746165E-02  2.051635E-08  2.052006E-08
  7.937000E+03 -9.289756E-08  1.064854E-04 -5.582927E-07  1.926853E-04 -1.427486E-02  2.051607E-08  2.051849E-08
  7.938000E+03  5.358015E-08  1.066599E-04  1.430909E-07  1.923726E-04 -1.551368E-02  2.051599E-08  2.051913E-08
  7.939000E+03  3.526425E-07  1.064941E-04 -3.586327E-07  1.926793E-04 -1.695298E-02  2.051626E-08  2.051961E-08
  7.940000E+03 -7.808372E-09  1.065617E-04 -6.839729E-07  1.925578E-04 -1.370870E-02  2.051736E-08  2.051981E-08
  7.941000E+03 -4.436193E-08  1.066322E-04  4.720409E-08  1.924411E-04 -1.682928E-02  2.051751E-08  2.052099E-08
  7.942000E+03  3.369607E-07  1.064658E-04 -1.558176E-07  1.927306E-04 -1.562208E-02  2.051672E-08  2.051953E-08
  7.943000E+03  1.026661E-07  1.066320E-04 -7.328342E-07  1.924313E-04 -1.431423E-02  2.051723E-08  2.052006E-08
  7.944000E+03 -1.078090E-07  1.065647E-04 -1.231556E-07  1.925715E-04 -1.732059E-02  2.051824E-08  2.052172E-08
  7.945000E+03  2.746750E-07  1.065016E-04  1.309088E-08  1.926783E-04 -1.430669E-02  2.051845E-08  2.052087E-08
  7.946000E+03  2.168693E-07  1.066535E-04 -6.932457E-07  1.923975E-04 -1.566006E-02  2.051736E-08  2.052068E-08
  7.947000E+03 -1.271059E-07  1.065006E-04 -3.325891E-07  1.926794E-04 -1.674915E-02  2.051759E-08  2.052077E-08
  7.948000E+03  1.790147E-07  1.065719E-04  1.196890E-07  1.925535E-04 -1.390392E-02  2.051882E-08  2.052124E-08
  7.949000E+03  3.071043E-07  1.066174E-04 -5.711390E-07  1.924721E-04 -1.676321E-02  2.051799E-08  2.052157E-08
  7.950000E+03 -9.356856E-08  1.064800E-04 -5.331867E-07  1.927032E-04 -1.551858E-02  2.051657E-08  2.051935E-08
  7.951000E+03  6.176152E-08  1.066254E-04  1.385135E-07  1.924417E-04 -1.459479E-02  2.051699E-08  2.051974E-08
  7.952000E+03  3.563999E-07  1.065526E-04 -3.773362E-07  1.925875E-04 -1.697693E-02  2.051774E-08  2.052121E-08
  7.953000E+03 -1.104148E-08  1.065206E-04 -6.889931E-07  1.926345E-04 -1.447501E-02  2.051738E-08  2.051996E-08
  7.954000E+03 -5.459337E-08  1.066311E-04  6.089173E-08  1.924284E-04 -1.586476E-02  2.051627E-08  2.051943E-08
  7.955000E+03  3.561168E-07  1.064995E-04 -1.495999E-07  1.926690E-04 -1.627128E-02  2.051642E-08  2.051952E-08
  7.956000E+03  1.034657E-07  1.065860E-04 -7.708696E-07  1.925148E-04 -1.432485E-02  2.051728E-08  2.052001E-08
  7.957000E+03 -1.379788E-07  1.065872E-04 -1.030010E-07  1.925120E-04 -1.674592E-02  2.051643E-08  2.051978E-08
  7.958000E+03  2.981056E-07  1.064909E-04  5.522123E-08  1.926667E-04 -1.512166E-02  2.051490E-08  2.051757E-08
  7.959000E+03  2.315470E-07  1.066254E-04 -7.496302E-07  1.924250E-04 -1.511271E-02  2.051505E-08  2.051817E-08
  7.960000E+03 -1.708613E-07  1.065255E-04 -3.297933E-07  1.926165E-04 -1.670127E-02  2.051570E-08  2.051893E-08
  7.961000E+03  1.944494E-07  1.065404E-04  1.941419E-07  1.925813E-04 -1.434629E-02  2.051559E-08  2.051809E-08
  7.962000E+03  3.457163E-07  1.066119E-04 -6.291172E-07  1.924436E-04 -1.628906E-02  2.051405E-08  2.051752E-08
  7.963000E+03 -1.474897E-07  1.064888E-04 -5.698764E-07  1.926687E-04 -1.578493E-02  2.051450E-08  2.051741E-08
  7.964000E+03  6.556011E-08  1.066038E-04  2.412221E-07  1.924679E-04 -1.457742E-02  2.051563E-08  2.051834E-08
  7.965000E+03  4.145405E-07  1.065543E-04 -4.266180E-07  1.925502E-04 -1.686317E-02  2.051414E-08  2.051765E-08
  7.966000E+03 -6.297445E-08  1.065000E-04 -7.653024E-07  1.926299E-04 -1.466213E-02  2.051288E-08  2.051553E-08
  7.967000E+03 -6.990820E-08  1.066297E-04  1.734716E-07  1.924052E-04 -1.560796E-02  2.051360E-08  2.051670E-08
  7.968000E+03  4.256392E-07  1.064932E-04 -1.696987E-07  1.926548E-04 -1.644215E-02  2.051365E-08  2.051686E-08
  7.969000E+03  6.603979E-08  1.065606E-04 -8.798792E-07  1.925210E-04 -1.417050E-02  2.051309E-08  2.051578E-08
  7.970000E+03 -1.829272E-07  1.065994E-04  2.542558E-09  1.924539E-04 -1.675864E-02  2.051259E-08  2.051601E-08
  7.971000E+03  3.762093E-07  1.064697E-04  8.689345E-08  1.926868E-04 -1.527712E-02  2.051291E-08  2.051565E-08
  7.972000E+03  2.133618E-07  1.066270E-04 -8.892715E-07  1.924080E-04 -1.474419E-02  2.051366E-08  2.051673E-08
  7.973000E+03 -2.389040E-07  1.065315E-04 -2.452504E-07  1.925856E-04 -1.712764E-02  2.051343E-08  2.051684E-08
  7.974000E+03  2.640014E-07  1.065040E-04  2.771313E-07  1.926225E-04 -1.411529E-02  2.051302E-08  2.051543E-08
  7.975000E+03  3.553474E-07  1.066477E-04 -7.720595E-07  1.923752E-04 -1.603996E-02  2.051373E-08  2.051729E-08
  7.976000E+03 -2.267665E-07  1.064711E-04 -5.316412E-07  1.926999E-04 -1.643301E-02  2.051421E-08  2.051732E-08
  7.977000E+03  1.136722E-07  1.065822E-04  3.616138E-07  1.924957E-04 -1.380914E-02  2.051467E-08  2.051713E-08
  7.978000E+03  4.599428E-07  1.066027E-04 -5.533851E-07  1.924626E-04 -1.722818E-02  2.051399E-08  2.051782E-08
  7.979000E+03 -1.490759E-07  1.064590E-04 -7.921048E-07  1.927169E-04 -1.501484E-02  2.051414E-08  2.051684E-08
  7.980000E+03 -4.532773E-08  1.066511E-04  3.241486E-07  1.923818E-04 -1.470169E-02  2.051551E-08  2.051840E-08
  7.981000E+03  4.960570E-07  1.065210E-04 -2.684575E-07  1.926190E-04 -1.739495E-02  2.051487E-08  2.051852E-08
  7.982000E+03 -1.050214E-08  1.065100E-04 -9.624813E-07  1.926237E-04 -1.378503E-02  2.051439E-08  2.051689E-08
  7.983000E+03 -1.882756E-07  1.066611E-04  1.560708E-07  1.923655E-04 -1.628078E-02  2.051520E-08  2.051863E-08
  7.984000E+03  4.589866E-07  1.064567E-04  3.776351E-08  1.927367E-04 -1.637734E-02  2.051536E-08  2.051849E-08
  7.985000E+03  1.617427E-07  1.066005E-04 -1.013984E-06  1.924728E-04 -1.363977E-02  2.051579E-08  2.051850E-08
  7.986000E+03 -2.867152E-07  1.066022E-04 -1.098911E-07  1.924781E-04 -1.753143E-02  2.051544E-08  2.051917E-08
  7.987000E+03  3.548693E-07  1.064514E-04  3.052133E-07  1.927396E-04 -1.473273E-02  2.051517E-08  2.051771E-08
  7.988000E+03  3.361266E-07  1.066718E-04 -9.359155E-07  1.923535E-04 -1.478059E-02  2.051644E-08  2.051973E-08
  7.989000E+03 -3.114121E-07  1.065110E-04 -4.331209E-07  1.926526E-04 -1.756410E-02  2.051646E-08  2.052004E-08
  7.990000E+03  1.931805E-07  1.065200E-04  4.699030E-07  1.926245E-04 -1.346041E-02  2.051651E-08  2.051877E-08
  7.991000E+03  4.835340E-07  1.066738E-04 -7.258465E-07  1.923598E-04 -1.658402E-02  2.051693E-08  2.052080E-08
  7.992000E+03 -2.552109E-07  1.064470E-04 -7.618344E-07  1.927721E-04 -1.629944E-02  2.051728E-08  2.052039E-08
  7.993000E+03  4.246271E-09  1.066240E-04  4.960092E-07  1.924554E-04 -1.351028E-02  2.051849E-08  2.052097E-08
  7.994000E+03  5.721972E-07  1.065970E-04 -4.202107E-07  1.925066E-04 -1.782704E-02  2.051737E-08  2.052145E-08
  7.995000E+03 -1.235062E-07  1.064538E-04 -1.030026E-06  1.927499E-04 -1.444522E-02  2.051681E-08  2.051943E-08
  7.996000E+03 -1.822028E-07  1.066900E-04  3.726791E-07  1.923373E-04 -1.498803E-02  2.051817E-08  2.052128E-08
  7.997000E+03  5.774321E-07  1.064926E-04 -5.937715E-08  1.926982E-04 -1.754197E-02  2.051777E-08  2.052147E-08
  7.998000E+03  6.861973E-08  1.065392E-04 -1.178568E-06  1.925955E-04 -1.325867E-02  2.051718E-08  2.051971E-08
  7.999000E+03 -3.370185E-07  1.066707E-04  1.084231E-07  1.923695E-04 -1.699799E-02  2.051724E-08  2.052099E-08
  8.000000E+03  4.985365E-07  1.064302E-04  3.001601E-07  1.928026E-04 -1.588020E-02  2.051743E-08  2.052040E-08
  8.001000E+03  2.841037E-07  1.066503E-04 -1.179408E-06  1.924022E-04 -1.364222E-02  2.051784E-08  2.052083E-08
  8.002000E+03 -4.225394E-07  1.065735E-04 -2.513929E-07  1.925452E-04 -1.813726E-02  2.051685E-08  2.052081E-08
  8.003000E+03  3.406237E-07  1.064498E-04  5.810732E-07  1.927456E-04 -1.386775E-02  2.051577E-08  2.051811E-08
  8.004000E+03  4.878087E-07  1.067085E-04 -1.017249E-06  1.922902E-04 -1.542507E-02  2.051656E-08  2.052032E-08
  8.005000E+03 -4.150500E-07  1.064588E-04 -6.551303E-07  1.927450E-04 -1.756845E-02  2.051624E-08  2.051987E-08
  8.006000E+03  1.237932E-07  1.065533E-04  7.225171E-07  1.925555E-04 -1.279703E-02  2.051575E-08  2.051796E-08
  8.007000E+03  6.485076E-07  1.066703E-04 -7.089188E-07  1.923549E-04 -1.757973E-02  2.051539E-08  2.051978E-08
  8.008000E+03 -3.164210E-07  1.064025E-04 -1.040378E-06  1.928348E-04 -1.555352E-02  2.051563E-08  2.051860E-08
  8.009000E+03 -1.114136E-07  1.066770E-04  6.989658E-07  1.923431E-04 -1.355025E-02  2.051671E-08  2.051945E-08
  8.010000E+03  7.273441E-07  1.065523E-04 -3.057228E-07  1.925730E-04 -1.859401E-02  2.051555E-08  2.051997E-08
  8.011000E+03 -1.334089E-07  1.064429E-04 -1.326287E-06  1.927458E-04 -1.330692E-02  2.051461E-08  2.051710E-08
  8.012000E+03 -3.276497E-07  1.067312E-04  4.967465E-07  1.922417E-04 -1.578204E-02  2.051564E-08  2.051927E-08
  8.013000E+03  7.010892E-07  1.064228E-04  1.360280E-07  1.927977E-04 -1.764436E-02  2.051488E-08  2.051866E-08
  8.014000E+03  1.115128E-07  1.065678E-04 -1.451257E-06  1.925122E-04 -1.231597E-02  2.051404E-08  2.051662E-08
  8.015000E+03 -4.919463E-07  1.066716E-04  1.360732E-07  1.923388E-04 -1.818509E-02  2.051370E-08  2.051803E-08
  8.016000E+03  5.748490E-07  1.063666E-04  5.481869E-07  1.928779E-04 -1.516192E-02  2.051341E-08  2.051622E-08
  8.017000E+03  3.738211E-07  1.067044E-04 -1.393222E-06  1.922680E-04 -1.343768E-02  2.051398E-08  2.051733E-08
  8.018000E+03 -5.657979E-07  1.065310E-04 -3.237084E-07  1.925963E-04 -1.912743E-02  2.051372E-08  2.051812E-08
  8.019000E+03  3.608318E-07  1.064257E-04  8.466685E-07  1.927569E-04 -1.263845E-02  2.051265E-08  2.051476E-08
  8.020000E+03  6.087235E-07  1.067616E-04 -1.143809E-06  1.921730E-04 -1.608874E-02  2.051404E-08  2.051842E-08
  8.021000E+03 -5.264107E-07  1.063899E-04 -8.114145E-07  1.928500E-04 -1.792423E-02  2.051399E-08  2.051781E-08
  8.022000E+03  9.089064E-08  1.065744E-04  9.639690E-07  1.924939E-04 -1.162283E-02  2.051354E-08  2.051564E-08
  8.023000E+03  7.771854E-07  1.066916E-04 -7.372088E-07  1.923014E-04 -1.878052E-02  2.051333E-08  2.051843E-08
  8.024000E+03 -3.799073E-07  1.063331E-04 -1.246306E-06  1.929353E-04 -1.508797E-02  2.051308E-08  2.051602E-08
  8.025000E+03 -1.861830E-07  1.067293E-04  8.769376E-07  1.922263E-04 -1.296475E-02  2.051446E-08  2.051734E-08
  8.026000E+03  8.406423E-07  1.065320E-04 -2.410708E-07  1.925999E-04 -1.976501E-02  2.051404E-08  2.051903E-08
  8.027000E+03 -1.436575E-07  1.064074E-04 -1.540465E-06  1.927958E-04 -1.222695E-02  2.051336E-08  2.051569E-08
  8.028000E+03 -4.267052E-07  1.067918E-04  5.880947E-07  1.921277E-04 -1.605937E-02  2.051502E-08  2.051907E-08
  8.029000E+03  7.833023E-07  1.063736E-04  2.705488E-07  1.928906E-04 -1.828920E-02  2.051503E-08  2.051911E-08
  8.030000E+03  1.470189E-07  1.065807E-04 -1.637585E-06  1.924939E-04 -1.114985E-02  2.051485E-08  2.051734E-08
  8.031000E+03 -5.933783E-07  1.067096E-04  1.396586E-07  1.922830E-04 -1.912494E-02  2.051468E-08  2.051959E-08
  8.032000E+03  6.152033E-07  1.063102E-04  7.174879E-07  1.929847E-04 -1.502525E-02  2.051392E-08  2.051675E-08
  8.033000E+03  4.415824E-07  1.067515E-04 -1.520914E-06  1.921912E-04 -1.270631E-02  2.051505E-08  2.051852E-08
  8.034000E+03 -6.502452E-07  1.065306E-04 -3.954247E-07  1.926142E-04 -2.019636E-02  2.051513E-08  2.052006E-08
  8.035000E+03  3.575900E-07  1.063951E-04  1.014139E-06  1.928254E-04 -1.184761E-02  2.051425E-08  2.051619E-08
  8.036000E+03  6.922133E-07  1.068169E-04 -1.197572E-06  1.920884E-04 -1.613846E-02  2.051562E-08  2.052037E-08
  8.037000E+03 -5.828085E-07  1.063606E-04 -9.340803E-07  1.929269E-04 -1.855794E-02  2.051628E-08  2.052042E-08
  8.038000E+03  5.117826E-08  1.065875E-04  1.102843E-06  1.924969E-04 -1.072523E-02  2.051659E-08  2.051857E-08
  8.039000E+03  8.589712E-07  1.067262E-04 -7.184261E-07  1.922684E-04 -1.944006E-02  2.051620E-08  2.052176E-08
  8.040000E+03 -4.005038E-07  1.062973E-04 -1.391412E-06  1.930227E-04 -1.503364E-02  2.051546E-08  2.051848E-08
  8.041000E+03 -2.537829E-07  1.067695E-04  9.658773E-07  1.921764E-04 -1.247510E-02  2.051699E-08  2.051994E-08
  8.042000E+03  9.080693E-07  1.065327E-04 -1.574176E-07  1.926282E-04 -2.050253E-02  2.051689E-08  2.052227E-08
  8.043000E+03 -1.269521E-07  1.063927E-04 -1.684345E-06  1.928440E-04 -1.167007E-02  2.051580E-08  2.051809E-08
  8.044000E+03 -5.110148E-07  1.068303E-04  6.161190E-07  1.920745E-04 -1.620089E-02  2.051668E-08  2.052100E-08
  8.045000E+03  8.305704E-07  1.063500E-04  4.013895E-07  1.929535E-04 -1.861852E-02  2.051704E-08  2.052131E-08
  8.046000E+03  1.934041E-07  1.065996E-04 -1.763410E-06  1.924817E-04 -1.058582E-02  2.051733E-08  2.051986E-08
  8.047000E+03 -6.784294E-07  1.067258E-04  1.101778E-07  1.922763E-04 -1.967220E-02  2.051687E-08  2.052212E-08
  8.048000E+03  6.365907E-07  1.062856E-04  8.684096E-07  1.930433E-04 -1.479649E-02  2.051547E-08  2.051831E-08
  8.049000E+03  5.096761E-07  1.067884E-04 -1.611756E-06  1.921399E-04 -1.255704E-02  2.051671E-08  2.052040E-08
  8.050000E+03 -7.251636E-07  1.065168E-04 -4.746509E-07  1.926581E-04 -2.069438E-02  2.051693E-08  2.052214E-08
  8.051000E+03  3.515253E-07  1.063911E-04  1.165008E-06  1.928412E-04 -1.127292E-02  2.051530E-08  2.051718E-08
  8.052000E+03  7.753544E-07  1.068427E-04 -1.245563E-06  1.920418E-04 -1.653844E-02  2.051545E-08  2.052058E-08
  8.053000E+03 -6.431552E-07  1.063258E-04 -1.053221E-06  1.929884E-04 -1.859535E-02  2.051610E-08  2.052035E-08
  8.054000E+03  2.119476E-08  1.066106E-04  1.242435E-06  1.924516E-04 -1.027151E-02  2.051630E-08  2.051833E-08
  8.055000E+03  9.452069E-07  1.067258E-04 -7.218717E-07  1.922668E-04 -2.009941E-02  2.051568E-08  2.052165E-08
  8.056000E+03 -4.411905E-07  1.062672E-04 -1.530757E-06  1.930674E-04 -1.455080E-02  2.051456E-08  2.051756E-08
  8.057000E+03 -3.026560E-07  1.068066E-04  1.080623E-06  1.921007E-04 -1.249450E-02  2.051602E-08  2.051923E-08
  8.058000E+03  9.865817E-07  1.065030E-04 -1.183647E-07  1.926760E-04 -2.101508E-02  2.051605E-08  2.052172E-08
  8.059000E+03 -1.447037E-07  1.063870E-04 -1.825097E-06  1.928408E-04 -1.091553E-02  2.051454E-08  2.051679E-08
  8.060000E+03 -5.732556E-07  1.068542E-04  6.956377E-07  1.920132E-04 -1.675386E-02  2.051454E-08  2.051926E-08
  8.061000E+03  8.943932E-07  1.063008E-04  4.771578E-07  1.930178E-04 -1.862519E-02  2.051439E-08  2.051876E-08
  8.062000E+03  1.990927E-07  1.066194E-04 -1.892310E-06  1.924162E-04 -1.001362E-02  2.051427E-08  2.051688E-08
  8.063000E+03 -7.455460E-07  1.067224E-04  1.473689E-07  1.922598E-04 -2.044739E-02  2.051414E-08  2.051981E-08
  8.064000E+03  6.806656E-07  1.062420E-04  9.679282E-07  1.930902E-04 -1.425499E-02  2.051221E-08  2.051498E-08
  8.065000E+03  5.344645E-07  1.068260E-04 -1.715789E-06  1.920429E-04 -1.248164E-02  2.051359E-08  2.051757E-08
  8.066000E+03 -7.883101E-07  1.064855E-04 -4.776675E-07  1.926952E-04 -2.136880E-02  2.051457E-08  2.052011E-08
  8.067000E+03  3.770503E-07  1.063741E-04  1.270117E-06  1.928484E-04 -1.038287E-02  2.051297E-08  2.051474E-08
  8.068000E+03  8.087941E-07  1.068772E-04 -1.319549E-06  1.919568E-04 -1.704720E-02  2.051282E-08  2.051842E-08
  8.069000E+03 -6.936708E-07  1.062729E-04 -1.082248E-06  1.930588E-04 -1.883210E-02  2.051328E-08  2.051768E-08
  8.070000E+03  3.291769E-08  1.066249E-04  1.332780E-06  1.924015E-04 -9.416968E-03  2.051387E-08  2.051586E-08
  8.071000E+03  9.763559E-07  1.067398E-04 -7.672191E-07  1.922268E-04 -2.096440E-02  2.051374E-08  2.052021E-08
  8.072000E+03 -4.749502E-07  1.062149E-04 -1.567366E-06  1.931396E-04 -1.419225E-02  2.051224E-08  2.051519E-08
  8.073000E+03 -2.986926E-07  1.068467E-04  1.143787E-06  1.920104E-04 -1.208247E-02  2.051418E-08  2.051751E-08
  8.074000E+03  1.010723E-06  1.064898E-04 -1.434933E-07  1.926972E-04 -2.189811E-02  2.051537E-08  2.052145E-08
  8.075000E+03 -1.671360E-07  1.063598E-04 -1.856156E-06  1.928835E-04 -1.009551E-02  2.051399E-08  2.051608E-08
  8.076000E+03 -5.674090E-07  1.069007E-04  7.352954E-07  1.919255E-04 -1.696958E-02  2.051401E-08  2.051905E-08
  8.077000E+03  9.098240E-07  1.062618E-04  4.546164E-07  1.930860E-04 -1.916722E-02  2.051390E-08  2.051849E-08
  8.078000E+03  1.779621E-07  1.066248E-04 -1.907274E-06  1.924057E-04 -9.058436E-03  2.051438E-08  2.051683E-08
  8.079000E+03 -7.295624E-07  1.067555E-04  1.771839E-07  1.922078E-04 -2.115062E-02  2.051464E-08  2.052071E-08
  8.080000E+03  6.890013E-07  1.061971E-04  9.306717E-07  1.931760E-04 -1.421482E-02  2.051266E-08  2.051541E-08
  8.081000E+03  5.067266E-07  1.068594E-04 -1.712122E-06  1.919876E-04 -1.184061E-02  2.051425E-08  2.051819E-08
  8.082000E+03 -7.630440E-07  1.064938E-04 -4.416141E-07  1.926990E-04 -2.221119E-02  2.051619E-08  2.052207E-08
  8.083000E+03  3.859291E-07  1.063488E-04  1.214317E-06  1.929138E-04 -9.849558E-03  2.051515E-08  2.051675E-08
  8.084000E+03  7.700710E-07  1.069200E-04 -1.309036E-06  1.918964E-04 -1.697302E-02  2.051460E-08  2.052029E-08
  8.085000E+03 -6.659375E-07  1.062555E-04 -1.026489E-06  1.931078E-04 -1.943895E-02  2.051489E-08  2.051946E-08
  8.086000E+03  5.117561E-08  1.066251E-04  1.265404E-06  1.924198E-04 -8.698034E-03  2.051600E-08  2.051779E-08
  8.087000E+03  9.268607E-07  1.067743E-04 -7.672925E-07  1.921878E-04 -2.134563E-02  2.051605E-08  2.052271E-08
  8.088000E+03 -4.526598E-07  1.061869E-04 -1.486624E-06  1.932081E-04 -1.435282E-02  2.051405E-08  2.051696E-08
  8.089000E+03 -2.671945E-07  1.068652E-04  1.077523E-06  1.919880E-04 -1.153043E-02  2.051548E-08  2.051870E-08
  8.090000E+03  9.571416E-07  1.065055E-04 -1.665166E-07  1.926904E-04 -2.243833E-02  2.051743E-08  2.052369E-08
  8.091000E+03 -1.582423E-07  1.063422E-04 -1.757781E-06  1.929372E-04 -9.892053E-03  2.051637E-08  2.051829E-08
  8.092000E+03 -5.213816E-07  1.069265E-04  6.847700E-07  1.918959E-04 -1.677207E-02  2.051587E-08  2.052087E-08
  8.093000E+03  8.609603E-07  1.062608E-04  3.997851E-07  1.931082E-04 -1.959254E-02  2.051589E-08  2.052055E-08
  8.094000E+03  1.681400E-07  1.066230E-04 -1.804650E-06  1.924298E-04 -8.720749E-03  2.051667E-08  2.051894E-08
  8.095000E+03 -6.730148E-07  1.067771E-04  1.556840E-07  1.921904E-04 -2.124368E-02  2.051691E-08  2.052300E-08
  8.096000E+03  6.546192E-07  1.061884E-04  8.448430E-07  1.932104E-04 -1.439351E-02  2.051458E-08  2.051729E-08
  8.097000E+03  4.774197E-07  1.068636E-04 -1.623790E-06  1.919870E-04 -1.159203E-02  2.051504E-08  2.051882E-08
  8.098000E+03 -7.057762E-07  1.065023E-04 -4.255297E-07  1.926917E-04 -2.238794E-02  2.051697E-08  2.052286E-08
  8.099000E+03  3.759271E-07  1.063414E-04  1.109530E-06  1.929335E-04 -9.853787E-03  2.051581E-08  2.051732E-08
  8.100000E+03  7.225972E-07  1.069258E-04 -1.255302E-06  1.918891E-04 -1.684064E-02  2.051500E-08  2.052056E-08
  8.101000E+03 -6.186849E-07  1.062554E-04 -9.676696E-07  1.931092E-04 -1.958248E-02  2.051496E-08  2.051950E-08
  8.102000E+03  6.846919E-08  1.066228E-04  1.160552E-06  1.924238E-04 -8.652195E-03  2.051599E-08  2.051770E-08
  8.103000E+03  8.683868E-07  1.067790E-04 -7.590166E-07  1.921838E-04 -2.131660E-02  2.051653E-08  2.052309E-08
  8.104000E+03 -4.256901E-07  1.061852E-04 -1.391693E-06  1.932137E-04 -1.441419E-02  2.051431E-08  2.051715E-08
  8.105000E+03 -2.255459E-07  1.068617E-04  9.948023E-07  1.919856E-04 -1.153132E-02  2.051454E-08  2.051769E-08
  8.106000E+03  8.999126E-07  1.065037E-04 -2.067633E-07  1.926836E-04 -2.243816E-02  2.051636E-08  2.052252E-08
  8.107000E+03 -1.602218E-07  1.063371E-04 -1.644444E-06  1.929329E-04 -9.917608E-03  2.051492E-08  2.051674E-08
  8.108000E+03 -4.602028E-07  1.069211E-04  6.446001E-07  1.918882E-04 -1.675397E-02  2.051402E-08  2.051894E-08
  8.109000E+03  8.158827E-07  1.062532E-04  3.125998E-07  1.930980E-04 -1.960795E-02  2.051333E-08  2.051791E-08
  8.110000E+03  1.329241E-07  1.066187E-04 -1.691150E-06  1.924158E-04 -8.711060E-03  2.051435E-08  2.051649E-08
  8.111000E+03 -5.999359E-07  1.067732E-04  1.719417E-07  1.921814E-04 -2.125920E-02  2.051519E-08  2.052121E-08
  8.112000E+03  6.328138E-07  1.061810E-04  7.176340E-07  1.932066E-04 -1.436519E-02  2.051276E-08  2.051539E-08
  8.113000E+03  4.110934E-07  1.068615E-04 -1.533404E-06  1.919702E-04 -1.161778E-02  2.051284E-08  2.051651E-08
  8.114000E+03 -6.325938E-07  1.064957E-04 -3.485101E-07  1.926860E-04 -2.243282E-02  2.051507E-08  2.052087E-08
  8.115000E+03  3.869013E-07  1.063348E-04  9.585216E-07  1.929288E-04 -9.759435E-03  2.051407E-08  2.051548E-08
  8.116000E+03  6.322454E-07  1.069265E-04 -1.211721E-06  1.918713E-04 -1.689113E-02  2.051319E-08  2.051866E-08
  8.117000E+03 -5.583982E-07  1.062436E-04 -8.343849E-07  1.931109E-04 -1.962386E-02  2.051286E-08  2.051728E-08
  8.118000E+03  1.178002E-07  1.066208E-04  1.007149E-06  1.924112E-04 -8.501142E-03  2.051429E-08  2.051589E-08
  8.119000E+03  7.638328E-07  1.067826E-04 -7.802184E-07  1.921690E-04 -2.144046E-02  2.051560E-08  2.052210E-08
  8.120000E+03 -3.919837E-07  1.061735E-04 -1.211501E-06  1.932274E-04 -1.438040E-02  2.051352E-08  2.051619E-08
  8.121000E+03 -1.361305E-07  1.068667E-04  8.645219E-07  1.919677E-04 -1.142389E-02  2.051361E-08  2.051667E-08
  8.122000E+03  7.942905E-07  1.065037E-04 -3.055815E-07  1.926794E-04 -2.263022E-02  2.051581E-08  2.052192E-08
  8.123000E+03 -1.673651E-07  1.063287E-04 -1.432757E-06  1.929484E-04 -9.744848E-03  2.051497E-08  2.051658E-08
  8.124000E+03 -3.344832E-07  1.069334E-04  5.680674E-07  1.918674E-04 -1.674483E-02  2.051417E-08  2.051903E-08
  8.125000E+03  7.245305E-07  1.062471E-04  1.325162E-07  1.931121E-04 -1.978756E-02  2.051358E-08  2.051808E-08
  8.126000E+03  7.607568E-08  1.066168E-04 -1.471587E-06  1.924241E-04 -8.441364E-03  2.051491E-08  2.051680E-08
  8.127000E+03 -4.516200E-07  1.067896E-04  1.763410E-07  1.921642E-04 -2.136718E-02  2.051644E-08  2.052242E-08
  8.128000E+03  5.743181E-07  1.061734E-04  4.697110E-07  1.932348E-04 -1.447524E-02  2.051423E-08  2.051675E-08
  8.129000E+03  3.024658E-07  1.068658E-04 -1.340817E-06  1.919728E-04 -1.135554E-02  2.051400E-08  2.051739E-08
  8.130000E+03 -4.819688E-07  1.065081E-04 -2.445187E-07  1.926752E-04 -2.264420E-02  2.051620E-08  2.052195E-08
  8.131000E+03  3.786576E-07  1.063265E-04  6.699082E-07  1.929591E-04 -9.734619E-03  2.051570E-08  2.051696E-08
  8.132000E+03  4.786670E-07  1.069390E-04 -1.085044E-06  1.918638E-04 -1.671128E-02  2.051487E-08  2.052008E-08
  8.133000E+03 -4.286951E-07  1.062500E-04 -6.274309E-07  1.931171E-04 -1.986531E-02  2.051463E-08  2.051896E-08
  8.134000E+03  1.695312E-07  1.066134E-04  7.162749E-07  1.924384E-04 -8.346417E-03  2.051581E-08  2.051723E-08
  8.135000E+03  5.832281E-07  1.068013E-04 -7.513669E-07  1.921531E-04 -2.137275E-02  2.051753E-08  2.052381E-08
  8.136000E+03 -3.039025E-07  1.061758E-04 -9.217349E-07  1.932468E-04 -1.463415E-02  2.051593E-08  2.051845E-08
  8.137000E+03 -2.543515E-08  1.068615E-04  6.125926E-07  1.919942E-04 -1.115952E-02  2.051551E-08  2.051834E-08
  8.138000E+03  6.118271E-07  1.065241E-04 -3.906969E-07  1.926569E-04 -2.270355E-02  2.051732E-08  2.052327E-08
  8.139000E+03 -1.364934E-07  1.063228E-04 -1.098173E-06  1.929771E-04 -9.955926E-03  2.051685E-08  2.051824E-08
  8.140000E+03 -1.773226E-07  1.069358E-04  3.945625E-07  1.918799E-04 -1.641131E-02  2.051606E-08  2.052068E-08
  8.141000E+03  5.681761E-07  1.062663E-04 -6.225725E-08  1.930945E-04 -2.000883E-02  2.051534E-08  2.051974E-08
  8.142000E+03  4.199992E-08  1.066007E-04 -1.141305E-06  1.924622E-04 -8.534953E-03  2.051587E-08  2.051748E-08
  8.143000E+03 -2.697857E-07  1.068008E-04  1.120794E-07  1.921524E-04 -2.103362E-02  2.051750E-08  2.052324E-08
  8.144000E+03  4.685578E-07  1.061868E-04  1.902668E-07  1.932250E-04 -1.486303E-02  2.051568E-08  2.051816E-08
  8.145000E+03  2.061444E-07  1.068440E-04 -1.064664E-06  1.920191E-04 -1.120469E-02  2.051480E-08  2.051782E-08
  8.146000E+03 -3.011552E-07  1.065291E-04 -1.863239E-07  1.926390E-04 -2.243546E-02  2.051649E-08  2.052205E-08
  8.147000E+03  3.379099E-07  1.063253E-04  3.456593E-07  1.929667E-04 -1.021832E-02  2.051618E-08  2.051742E-08
  8.148000E+03  3.332079E-07  1.069229E-04 -9.006503E-07  1.918975E-04 -1.630063E-02  2.051551E-08  2.052029E-08
  8.149000E+03 -2.743550E-07  1.062773E-04 -4.540898E-07  1.930715E-04 -1.991177E-02  2.051504E-08  2.051924E-08
  8.150000E+03  1.967792E-07  1.065922E-04  3.948471E-07  1.924716E-04 -8.746241E-03  2.051519E-08  2.051654E-08
  8.151000E+03  4.123680E-07  1.067972E-04 -6.816536E-07  1.921509E-04 -2.083385E-02  2.051672E-08  2.052258E-08
  8.152000E+03 -2.008680E-07  1.061952E-04 -6.617886E-07  1.932053E-04 -1.498947E-02  2.051518E-08  2.051764E-08
  8.153000E+03  6.442225E-08  1.068279E-04  3.464225E-07  1.920407E-04 -1.121756E-02  2.051400E-08  2.051665E-08
  8.154000E+03  4.431424E-07  1.065348E-04 -4.449825E-07  1.926152E-04 -2.227931E-02  2.051513E-08  2.052077E-08
  8.155000E+03 -1.016106E-07  1.063236E-04 -7.934205E-07  1.929583E-04 -1.049338E-02  2.051488E-08  2.051623E-08
  8.156000E+03 -3.856301E-08  1.069067E-04  2.264603E-07  1.919165E-04 -1.606626E-02  2.051451E-08  2.051883E-08
  8.157000E+03  4.270471E-07  1.062899E-04 -2.320079E-07  1.930329E-04 -1.992208E-02  2.051337E-08  2.051764E-08
  8.158000E+03  6.174838E-09  1.065780E-04 -8.395374E-07  1.924808E-04 -9.026499E-03  2.051339E-08  2.051488E-08
  8.159000E+03 -1.038951E-07  1.067883E-04  6.271598E-08  1.921531E-04 -2.044682E-02  2.051541E-08  2.052081E-08
  8.160000E+03  3.758312E-07  1.062076E-04 -6.738191E-08  1.931691E-04 -1.517151E-02  2.051367E-08  2.051616E-08
  8.161000E+03  1.076877E-07  1.068087E-04 -8.124606E-07  1.920616E-04 -1.135928E-02  2.051252E-08  2.051529E-08
  8.162000E+03 -1.349712E-07  1.065361E-04 -1.134221E-07  1.926008E-04 -2.193291E-02  2.051400E-08  2.051929E-08
  8.163000E+03  3.105891E-07  1.063309E-04  4.035327E-08  1.929404E-04 -1.073591E-02  2.051433E-08  2.051564E-08
  8.164000E+03  1.865506E-07  1.068932E-04 -7.416502E-07  1.919359E-04 -1.606624E-02  2.051399E-08  2.051843E-08
  8.165000E+03 -1.345255E-07  1.062998E-04 -2.679597E-07  1.930166E-04 -1.972509E-02  2.051363E-08  2.051767E-08
  8.166000E+03  2.420773E-07  1.065786E-04  8.880129E-08  1.924854E-04 -9.236926E-03  2.051395E-08  2.051534E-08
  8.167000E+03  2.376944E-07  1.067834E-04 -6.444920E-07  1.921639E-04 -2.034063E-02  2.051568E-08  2.052117E-08
  8.168000E+03 -1.100248E-07  1.062199E-04 -3.856089E-07  1.931557E-04 -1.516716E-02  2.051462E-08  2.051703E-08
  8.169000E+03  1.782768E-07  1.068041E-04  8.681799E-08  1.920818E-04 -1.145068E-02  2.051377E-08  2.051637E-08
  8.170000E+03  2.648225E-07  1.065401E-04 -5.392587E-07  1.926009E-04 -2.178838E-02  2.051485E-08  2.052020E-08
  8.171000E+03 -7.722477E-08  1.063375E-04 -4.622698E-07  1.929343E-04 -1.090178E-02  2.051493E-08  2.051626E-08
  8.172000E+03  1.295229E-07  1.068850E-04  5.777383E-08  1.919598E-04 -1.596843E-02  2.051502E-08  2.051920E-08
  8.173000E+03  2.730970E-07  1.063121E-04 -4.498767E-07  1.930009E-04 -1.965800E-02  2.051437E-08  2.051848E-08
  8.174000E+03 -4.483079E-08  1.065734E-04 -5.017700E-07  1.924956E-04 -9.462304E-03  2.051399E-08  2.051542E-08
  8.175000E+03  9.446534E-08  1.067774E-04  1.966411E-08  1.921749E-04 -2.007502E-02  2.051580E-08  2.052101E-08
  8.176000E+03  2.725672E-07  1.062362E-04 -3.809401E-07  1.931318E-04 -1.525083E-02  2.051520E-08  2.051769E-08
  8.177000E+03 -1.656216E-08  1.067923E-04 -5.210837E-07  1.921076E-04 -1.160610E-02  2.051424E-08  2.051686E-08
  8.178000E+03  6.624228E-08  1.065439E-04 -1.529840E-08  1.925996E-04 -2.146557E-02  2.051559E-08  2.052066E-08
  8.179000E+03  2.753780E-07  1.063511E-04 -3.277732E-07  1.929211E-04 -1.112805E-02  2.051610E-08  2.051752E-08
  8.180000E+03  4.125921E-09  1.068752E-04 -5.414730E-07  1.919898E-04 -1.598946E-02  2.051632E-08  2.052051E-08
  8.181000E+03  4.226590E-08  1.063269E-04 -3.849417E-08  1.929922E-04 -1.944163E-02  2.051638E-08  2.052029E-08
  8.182000E+03  2.825783E-07  1.065782E-04 -2.860705E-07  1.925069E-04 -9.703443E-03  2.051608E-08  2.051758E-08
  8.183000E+03  2.262912E-08  1.067741E-04 -5.688731E-07  1.921948E-04 -1.996131E-02  2.051734E-08  2.052255E-08
  8.184000E+03  1.631117E-08  1.062525E-04 -5.599324E-08  1.931199E-04 -1.525446E-02  2.051708E-08  2.051947E-08
  8.185000E+03  2.920111E-07  1.067875E-04 -2.421064E-07  1.921356E-04 -1.170654E-02  2.051628E-08  2.051890E-08
  8.186000E+03  4.799646E-08  1.065503E-04 -6.055802E-07  1.926002E-04 -2.129946E-02  2.051696E-08  2.052207E-08
  8.187000E+03 -2.046853E-08  1.063582E-04 -7.912261E-08  1.929152E-04 -1.135441E-02  2.051679E-08  2.051817E-08
  8.188000E+03  3.011761E-07  1.068629E-04 -1.767811E-07  1.920188E-04 -1.585220E-02  2.051710E-08  2.052120E-08
  8.189000E+03  8.549023E-08  1.063422E-04 -6.504929E-07  1.929679E-04 -1.936127E-02  2.051678E-08  2.052079E-08
  8.190000E+03 -6.520946E-08  1.065692E-04 -1.202342E-07  1.925190E-04 -1.000159E-02  2.051556E-08  2.051702E-08
  8.191000E+03  2.975265E-07  1.067631E-04 -8.666278E-08  1.922056E-04 -1.961283E-02  2.051651E-08  2.052154E-08
  8.192000E+03  1.401882E-07  1.062707E-04 -6.827315E-07  1.930816E-04 -1.538183E-02  2.051648E-08  2.051906E-08
