  0.000000E+00  4.723237E-07  1.060383E-04  4.614270E-07  1.932102E-04 -4.753211E-03  2.048744E-08  2.048798E-08
  1.000000E+00  4.713618E-08  1.068733E-04 -9.784261E-07  1.917305E-04 -1.050242E-02  2.048974E-08  2.049297E-08
  2.000000E+00 -5.266053E-07  1.060475E-04  2.999638E-07  1.932153E-04 -1.720286E-02  2.048697E-08  2.049032E-08
  3.000000E+00  3.556211E-07  1.063932E-04  7.638787E-07  1.925632E-04 -1.745120E-03  2.048738E-08  2.048790E-08
  4.000000E+00  2.524935E-07  1.067274E-04 -9.036395E-07  1.919894E-04 -1.722537E-02  2.048748E-08  2.049197E-08
  5.000000E+00 -5.594000E-07  1.059007E-04 -7.559875E-08  1.934399E-04 -1.056721E-02  2.048427E-08  2.048592E-08
  6.000000E+00  1.765219E-07  1.067602E-04  9.708782E-07  1.918973E-04 -4.635814E-03  2.048679E-08  2.048864E-08
  7.000000E+00  4.321650E-07  1.063570E-04 -6.779765E-07  1.926485E-04 -2.001382E-02  2.048542E-08  2.048996E-08
  8.000000E+00 -5.091469E-07  1.060597E-04 -4.579983E-07  1.931323E-04 -3.825716E-03  2.048340E-08  2.048387E-08
  9.000000E+00 -4.059534E-08  1.068866E-04  1.041895E-06  1.916710E-04 -1.165493E-02  2.048568E-08  2.048933E-08
  1.000000E+01  5.484300E-07  1.059857E-04 -3.380579E-07  1.932932E-04 -1.679504E-02  2.048342E-08  2.048671E-08
  1.100000E+01 -3.789588E-07  1.064427E-04 -7.797704E-07  1.924426E-04 -1.488658E-03  2.048408E-08  2.048473E-08
  1.200000E+01 -2.524669E-07  1.066916E-04  9.563860E-07  1.920333E-04 -1.849560E-02  2.048484E-08  2.048970E-08
  1.300000E+01  5.826626E-07  1.058617E-04  4.459921E-08  1.934885E-04 -9.417572E-03  2.048212E-08  2.048362E-08
  1.400000E+01 -1.951208E-07  1.068055E-04 -9.925487E-07  1.917942E-04 -5.051615E-03  2.048441E-08  2.048655E-08
  1.500000E+01 -4.321375E-07  1.062927E-04  7.228549E-07  1.927536E-04 -2.044678E-02  2.048402E-08  2.048869E-08
  1.600000E+01  5.350497E-07  1.060800E-04  4.372146E-07  1.930891E-04 -2.638379E-03  2.048283E-08  2.048322E-08
  1.700000E+01  2.769594E-08  1.069137E-04 -1.078899E-06  1.916192E-04 -1.263189E-02  2.048508E-08  2.048915E-08
  1.800000E+01 -5.596460E-07  1.059322E-04  3.779622E-07  1.933901E-04 -1.632891E-02  2.048352E-08  2.048674E-08
  1.900000E+01  4.022782E-07  1.065021E-04  7.879817E-07  1.923386E-04 -7.881947E-04  2.048445E-08  2.048524E-08
  2.000000E+01  2.577774E-07  1.066891E-04 -9.964859E-07  1.920501E-04 -1.945475E-02  2.048578E-08  2.049101E-08
  2.100000E+01 -6.055042E-07  1.058470E-04 -3.581485E-08  1.935347E-04 -8.519349E-03  2.048433E-08  2.048573E-08
  2.200000E+01  2.026928E-07  1.068727E-04  1.030771E-06  1.916909E-04 -5.362085E-03  2.048622E-08  2.048874E-08
  2.300000E+01  4.525310E-07  1.062579E-04 -7.537841E-07  1.928399E-04 -2.119439E-02  2.048617E-08  2.049115E-08
  2.400000E+01 -5.566836E-07  1.060981E-04 -4.631220E-07  1.930875E-04 -1.758570E-03  2.048618E-08  2.048656E-08
  2.500000E+01 -4.160988E-08  1.069523E-04  1.126005E-06  1.915806E-04 -1.364182E-02  2.048807E-08  2.049261E-08
  2.600000E+01  5.929913E-07  1.058852E-04 -3.742489E-07  1.935101E-04 -1.645050E-02  2.048709E-08  2.049049E-08
  2.700000E+01 -4.118391E-07  1.065452E-04 -8.532727E-07  1.922950E-04 -4.319103E-04  2.048812E-08  2.048903E-08
  2.800000E+01 -2.950057E-07  1.066851E-04  1.033197E-06  1.920920E-04 -2.059841E-02  2.048900E-08  2.049469E-08
  2.900000E+01  6.464692E-07  1.058209E-04  9.166583E-08  1.936244E-04 -8.043271E-03  2.048885E-08  2.049030E-08
  3.000000E+01 -1.841772E-07  1.069149E-04 -1.136231E-06  1.916535E-04 -5.638484E-03  2.049030E-08  2.049307E-08
  3.100000E+01 -5.214979E-07  1.062156E-04  7.543276E-07  1.929495E-04 -2.161841E-02  2.048945E-08  2.049465E-08
  3.200000E+01  5.904960E-07  1.061079E-04  5.833413E-07  1.931080E-04 -8.819225E-04  2.049029E-08  2.049072E-08
  3.300000E+01  9.383185E-08  1.069632E-04 -1.229554E-06  1.915926E-04 -1.405568E-02  2.049135E-08  2.049608E-08
  3.400000E+01 -6.729037E-07  1.058463E-04  3.138332E-07  1.936110E-04 -1.588746E-02  2.049041E-08  2.049381E-08
  3.500000E+01  4.113159E-07  1.065734E-04  1.012740E-06  1.922755E-04  1.056514E-04  2.049145E-08  2.049250E-08
  3.600000E+01  3.784232E-07  1.066578E-04 -1.085773E-06  1.921602E-04 -2.070070E-02  2.049099E-08  2.049669E-08
  3.700000E+01 -7.103960E-07  1.058076E-04 -2.143313E-07  1.936717E-04 -7.048328E-03  2.049143E-08  2.049287E-08
  3.800000E+01  1.446985E-07  1.069298E-04  1.282973E-06  1.916457E-04 -5.591397E-03  2.049231E-08  2.049521E-08
  3.900000E+01  6.107293E-07  1.061817E-04 -7.276108E-07  1.930204E-04 -2.139778E-02  2.049054E-08  2.049571E-08
  4.000000E+01 -6.102434E-07  1.061245E-04 -7.406892E-07  1.930913E-04 -4.150813E-04  2.049171E-08  2.049221E-08
  4.100000E+01 -1.670552E-07  1.069601E-04  1.315530E-06  1.916032E-04 -1.458893E-02  2.049172E-08  2.049666E-08
  4.200000E+01  7.463675E-07  1.058248E-04 -2.107949E-07  1.936512E-04 -1.562661E-02  2.049060E-08  2.049404E-08
  4.300000E+01 -3.893204E-07  1.066043E-04 -1.167783E-06  1.922202E-04 -1.411579E-04  2.049150E-08  2.049272E-08
  4.400000E+01 -4.667587E-07  1.066363E-04  1.102231E-06  1.921905E-04 -2.127180E-02  2.048984E-08  2.049580E-08
  4.500000E+01  7.518445E-07  1.058161E-04  3.692634E-07  1.936473E-04 -6.704343E-03  2.049054E-08  2.049198E-08
  4.600000E+01 -8.606871E-08  1.069570E-04 -1.406414E-06  1.915831E-04 -6.264918E-03  2.049074E-08  2.049398E-08
  4.700000E+01 -7.045105E-07  1.061558E-04  6.761789E-07  1.930478E-04 -2.150819E-02  2.048840E-08  2.049371E-08
  4.800000E+01  6.224980E-07  1.061531E-04  9.218680E-07  1.930205E-04 -2.506485E-04  2.048973E-08  2.049031E-08
  4.900000E+01  2.475210E-07  1.069571E-04 -1.403303E-06  1.915831E-04 -1.524319E-02  2.048879E-08  2.049405E-08
  5.000000E+01 -8.271501E-07  1.058078E-04  1.087455E-07  1.936525E-04 -1.515759E-02  2.048759E-08  2.049102E-08
  5.100000E+01  3.717791E-07  1.066300E-04  1.345428E-06  1.921448E-04 -2.470689E-04  2.048839E-08  2.048984E-08
  5.200000E+01  5.654535E-07  1.066024E-04 -1.136859E-06  1.922179E-04 -2.160461E-02  2.048611E-08  2.049224E-08
  5.300000E+01 -8.088003E-07  1.058099E-04 -5.280355E-07  1.936246E-04 -6.116932E-03  2.048702E-08  2.048850E-08
  5.400000E+01  3.349676E-08  1.069589E-04  1.557968E-06  1.915447E-04 -6.843313E-03  2.048693E-08  2.049043E-08
  5.500000E+01  8.031262E-07  1.061066E-04 -6.403046E-07  1.931008E-04 -2.150451E-02  2.048454E-08  2.048998E-08
  5.600000E+01 -6.367843E-07  1.061630E-04 -1.110667E-06  1.929678E-04 -3.243388E-05  2.048605E-08  2.048676E-08
  5.700000E+01 -3.320554E-07  1.069357E-04  1.488453E-06  1.915867E-04 -1.606829E-02  2.048482E-08  2.049040E-08
  5.800000E+01  9.008227E-07  1.057696E-04  9.227400E-09  1.936879E-04 -1.463382E-02  2.048410E-08  2.048756E-08
  5.900000E+01 -3.414642E-07  1.066624E-04 -1.508737E-06  1.920561E-04 -3.952511E-04  2.048516E-08  2.048686E-08
  6.000000E+01 -6.507042E-07  1.065654E-04  1.143612E-06  1.922567E-04 -2.229274E-02  2.048283E-08  2.048928E-08
  6.100000E+01  8.419947E-07  1.058085E-04  6.721809E-07  1.935985E-04 -5.265121E-03  2.048407E-08  2.048553E-08
  6.200000E+01  1.989088E-08  1.069981E-04 -1.662790E-06  1.914537E-04 -7.516787E-03  2.048460E-08  2.048857E-08
  6.300000E+01 -8.714557E-07  1.060535E-04  5.934734E-07  1.931785E-04 -2.150181E-02  2.048251E-08  2.048807E-08
  6.400000E+01  6.390867E-07  1.061972E-04  1.239254E-06  1.928880E-04  8.641077E-04  2.048416E-08  2.048497E-08
  6.500000E+01  3.842398E-07  1.069425E-04 -1.536350E-06  1.915678E-04 -1.701558E-02  2.048378E-08  2.048980E-08
  6.600000E+01 -9.464939E-07  1.057268E-04 -7.007266E-08  1.937591E-04 -1.395667E-02  2.048354E-08  2.048699E-08
  6.700000E+01  3.245721E-07  1.067105E-04  1.608347E-06  1.919674E-04 -2.778870E-04  2.048493E-08  2.048689E-08
  6.800000E+01  6.966757E-07  1.065282E-04 -1.145129E-06  1.923307E-04 -2.305784E-02  2.048321E-08  2.048996E-08
  6.900000E+01 -8.577501E-07  1.057930E-04 -7.458485E-07  1.936289E-04 -4.278645E-03  2.048440E-08  2.048586E-08
  7.000000E+01 -5.253078E-08  1.070363E-04  1.703875E-06  1.913986E-04 -8.058602E-03  2.048593E-08  2.049023E-08
  7.100000E+01  8.927394E-07  1.060066E-04 -5.439099E-07  1.932816E-04 -2.180286E-02  2.048426E-08  2.049002E-08
  7.200000E+01 -6.153722E-07  1.062241E-04 -1.297898E-06  1.928535E-04  1.512961E-03  2.048567E-08  2.048652E-08
  7.300000E+01 -4.209948E-07  1.069658E-04  1.502144E-06  1.915544E-04 -1.800928E-02  2.048644E-08  2.049291E-08
  7.400000E+01  9.340546E-07  1.056961E-04  1.516916E-07  1.938362E-04 -1.368101E-02  2.048582E-08  2.048929E-08
  7.500000E+01 -2.748097E-07  1.067695E-04 -1.610541E-06  1.918854E-04  1.913452E-07  2.048751E-08  2.048968E-08
  7.600000E+01 -7.105790E-07  1.065363E-04  1.049648E-06  1.923552E-04 -2.394347E-02  2.048695E-08  2.049409E-08
  7.700000E+01  8.115930E-07  1.057922E-04  8.012497E-07  1.936559E-04 -3.658186E-03  2.048715E-08  2.048853E-08
  7.800000E+01  9.874636E-08  1.070999E-04 -1.647147E-06  1.913169E-04 -8.317685E-03  2.048932E-08  2.049398E-08
  7.900000E+01 -8.784342E-07  1.059980E-04  4.435412E-07  1.933353E-04 -2.223241E-02  2.048809E-08  2.049401E-08
  8.000000E+01  5.614202E-07  1.062502E-04  1.303946E-06  1.928347E-04  2.228073E-03  2.048866E-08  2.048950E-08
  8.100000E+01  4.449430E-07  1.069996E-04 -1.420082E-06  1.915288E-04 -1.833464E-02  2.049007E-08  2.049675E-08
  8.200000E+01 -8.992939E-07  1.056799E-04 -2.132478E-07  1.938925E-04 -1.334009E-02  2.048871E-08  2.049212E-08
  8.300000E+01  2.367085E-07  1.067978E-04  1.577825E-06  1.918605E-04  5.505235E-04  2.049028E-08  2.049249E-08
  8.400000E+01  7.075366E-07  1.065338E-04 -9.842780E-07  1.923934E-04 -2.390417E-02  2.049055E-08  2.049759E-08
  8.500000E+01 -7.777825E-07  1.057914E-04 -8.140845E-07  1.936768E-04 -2.927995E-03  2.048926E-08  2.049057E-08
  8.600000E+01 -1.130764E-07  1.071110E-04  1.598435E-06  1.913174E-04 -8.082528E-03  2.049153E-08  2.049614E-08
  8.700000E+01  8.570387E-07  1.059832E-04 -4.071693E-07  1.933843E-04 -2.162453E-02  2.049070E-08  2.049634E-08
  8.800000E+01 -5.391413E-07  1.062656E-04 -1.276970E-06  1.928219E-04  2.769834E-03  2.049026E-08  2.049109E-08
  8.900000E+01 -4.375544E-07  1.069947E-04  1.381215E-06  1.915532E-04 -1.827759E-02  2.049177E-08  2.049833E-08
  9.000000E+01  8.711067E-07  1.056841E-04  2.144467E-07  1.938955E-04 -1.285226E-02  2.048998E-08  2.049321E-08
  9.100000E+01 -2.328214E-07  1.068185E-04 -1.529040E-06  1.918310E-04  3.550220E-04  2.049109E-08  2.049334E-08
  9.200000E+01 -6.839708E-07  1.065233E-04  9.742447E-07  1.924190E-04 -2.390087E-02  2.049126E-08  2.049823E-08
  9.300000E+01  7.579119E-07  1.058159E-04  7.739659E-07  1.936283E-04 -2.931682E-03  2.048887E-08  2.049007E-08
  9.400000E+01  9.249073E-08  1.071059E-04 -1.554099E-06  1.913201E-04 -8.713656E-03  2.049074E-08  2.049540E-08
  9.500000E+01 -8.232132E-07  1.059758E-04  4.360673E-07  1.933904E-04 -2.145299E-02  2.048998E-08  2.049550E-08
  9.600000E+01  5.405108E-07  1.062855E-04  1.202402E-06  1.927696E-04  2.199101E-03  2.048857E-08  2.048935E-08
  9.700000E+01  3.970489E-07  1.069600E-04 -1.362997E-06  1.915990E-04 -1.874469E-02  2.048983E-08  2.049635E-08
  9.800000E+01 -8.423979E-07  1.056908E-04 -1.548510E-07  1.938632E-04 -1.258112E-02  2.048794E-08  2.049100E-08
  9.900000E+01  2.479313E-07  1.068163E-04  1.459412E-06  1.918112E-04 -4.397153E-04  2.048855E-08  2.049078E-08
  1.000000E+02  6.444266E-07  1.064804E-04 -9.737522E-07  1.924729E-04 -2.374308E-02  2.048881E-08  2.049558E-08
  1.010000E+02 -7.411149E-07  1.058331E-04 -7.103403E-07  1.935692E-04 -2.730154E-03  2.048595E-08  2.048703E-08
  1.020000E+02 -7.501049E-08  1.070821E-04  1.509256E-06  1.913313E-04 -9.286515E-03  2.048727E-08  2.049189E-08
  1.030000E+02  7.903183E-07  1.059578E-04 -4.442248E-07  1.933916E-04 -2.081339E-02  2.048692E-08  2.049213E-08
  1.040000E+02 -5.280275E-07  1.063116E-04 -1.143329E-06  1.926877E-04  2.036541E-03  2.048490E-08  2.048565E-08
  1.050000E+02 -3.823362E-07  1.069300E-04  1.325700E-06  1.916175E-04 -1.894425E-02  2.048598E-08  2.049243E-08
  1.060000E+02  8.147609E-07  1.057077E-04  1.486293E-07  1.937987E-04 -1.200663E-02  2.048454E-08  2.048734E-08
  1.070000E+02 -2.329403E-07  1.068277E-04 -1.411459E-06  1.917533E-04 -1.076720E-03  2.048455E-08  2.048685E-08
  1.080000E+02 -6.283070E-07  1.064474E-04  9.293595E-07  1.924999E-04 -2.352121E-02  2.048546E-08  2.049202E-08
  1.090000E+02  7.078647E-07  1.058617E-04  7.009032E-07  1.934900E-04 -2.558957E-03  2.048311E-08  2.048405E-08
  1.100000E+02  9.116234E-08  1.070637E-04 -1.450059E-06  1.913357E-04 -1.000641E-02  2.048408E-08  2.048874E-08
  1.110000E+02 -7.647951E-07  1.059360E-04  3.932708E-07  1.934072E-04 -2.040057E-02  2.048453E-08  2.048954E-08
  1.120000E+02  4.894645E-07  1.063311E-04  1.111837E-06  1.926309E-04  1.703080E-03  2.048263E-08  2.048335E-08
  1.130000E+02  3.821349E-07  1.068871E-04 -1.250216E-06  1.916764E-04 -1.925286E-02  2.048393E-08  2.049024E-08
  1.140000E+02 -7.731345E-07  1.057077E-04 -1.734266E-07  1.937877E-04 -1.135808E-02  2.048353E-08  2.048610E-08
  1.150000E+02  2.001976E-07  1.068330E-04  1.345325E-06  1.917305E-04 -1.541286E-03  2.048311E-08  2.048540E-08
  1.160000E+02  6.071216E-07  1.064152E-04 -8.533028E-07  1.925470E-04 -2.328861E-02  2.048438E-08  2.049071E-08
  1.170000E+02 -6.618493E-07  1.058902E-04 -6.915229E-07  1.934376E-04 -2.231098E-03  2.048309E-08  2.048390E-08
  1.180000E+02 -1.084080E-07  1.070574E-04  1.366040E-06  1.913476E-04 -1.039145E-02  2.048406E-08  2.048869E-08
  1.190000E+02  7.325324E-07  1.059313E-04 -3.347674E-07  1.934180E-04 -1.978382E-02  2.048502E-08  2.048973E-08
  1.200000E+02 -4.456507E-07  1.063651E-04 -1.088892E-06  1.925803E-04  1.667549E-03  2.048378E-08  2.048450E-08
  1.210000E+02 -3.874832E-07  1.068803E-04  1.161326E-06  1.917022E-04 -1.945753E-02  2.048530E-08  2.049158E-08
  1.220000E+02  7.349762E-07  1.057302E-04  2.121923E-07  1.937680E-04 -1.109359E-02  2.048587E-08  2.048828E-08
  1.230000E+02 -1.632837E-07  1.068482E-04 -1.298465E-06  1.917256E-04 -2.008335E-03  2.048550E-08  2.048781E-08
  1.240000E+02 -5.990512E-07  1.064068E-04  7.702209E-07  1.925818E-04 -2.327084E-02  2.048646E-08  2.049271E-08
  1.250000E+02  6.199349E-07  1.059119E-04  7.144126E-07  1.934244E-04 -2.421251E-03  2.048589E-08  2.048664E-08
  1.260000E+02  1.366061E-07  1.070478E-04 -1.307090E-06  1.913936E-04 -1.077705E-02  2.048708E-08  2.049164E-08
  1.270000E+02 -7.166034E-07  1.059378E-04  2.661324E-07  1.934365E-04 -1.970968E-02  2.048825E-08  2.049290E-08
  1.280000E+02  4.077066E-07  1.063738E-04  1.097979E-06  1.925944E-04  1.102847E-03  2.048699E-08  2.048766E-08
  1.290000E+02  4.100170E-07  1.068608E-04 -1.105977E-06  1.917636E-04 -1.951497E-02  2.048811E-08  2.049426E-08
  1.300000E+02 -7.246099E-07  1.057456E-04 -2.705364E-07  1.937710E-04 -1.114093E-02  2.048915E-08  2.049155E-08
  1.310000E+02  1.300046E-07  1.068290E-04  1.318675E-06  1.917923E-04 -2.314452E-03  2.048892E-08  2.049111E-08
  1.320000E+02  6.246386E-07  1.063981E-04 -7.199637E-07  1.926210E-04 -2.267461E-02  2.048925E-08  2.049520E-08
  1.330000E+02 -6.118470E-07  1.059271E-04 -7.768761E-07  1.934253E-04 -2.492142E-03  2.048892E-08  2.048968E-08
  1.340000E+02 -1.762305E-07  1.070128E-04  1.324688E-06  1.914832E-04 -1.054968E-02  2.049001E-08  2.049428E-08
  1.350000E+02  7.447784E-07  1.059484E-04 -2.035874E-07  1.934359E-04 -1.891947E-02  2.049055E-08  2.049491E-08
  1.360000E+02 -3.892245E-07  1.063697E-04 -1.176906E-06  1.926247E-04  9.134085E-04  2.048942E-08  2.049011E-08
  1.370000E+02 -4.576701E-07  1.068231E-04  1.101248E-06  1.918485E-04 -1.870361E-02  2.049027E-08  2.049593E-08
  1.380000E+02  7.428075E-07  1.057704E-04  3.593774E-07  1.937383E-04 -1.064897E-02  2.049061E-08  2.049287E-08
  1.390000E+02 -9.057546E-08  1.068050E-04 -1.385312E-06  1.918483E-04 -2.602085E-03  2.049029E-08  2.049240E-08
  1.400000E+02 -6.777390E-07  1.063879E-04  6.736166E-07  1.926464E-04 -2.192652E-02  2.049032E-08  2.049596E-08
  1.410000E+02  6.084016E-07  1.059526E-04  8.925566E-07  1.933871E-04 -2.889137E-03  2.048979E-08  2.049058E-08
  1.420000E+02  2.323329E-07  1.069792E-04 -1.361327E-06  1.915482E-04 -1.078006E-02  2.049048E-08  2.049464E-08
  1.430000E+02 -7.916151E-07  1.059686E-04  1.186831E-07  1.933942E-04 -1.867859E-02  2.049014E-08  2.049443E-08
  1.440000E+02  3.646534E-07  1.063760E-04  1.289282E-06  1.926118E-04  1.519853E-04  2.048928E-08  2.049003E-08
  1.450000E+02  5.249725E-07  1.068036E-04 -1.103706E-06  1.918763E-04 -1.854326E-02  2.048955E-08  2.049513E-08
  1.460000E+02 -7.738672E-07  1.058099E-04 -4.737966E-07  1.936531E-04 -1.084282E-02  2.048922E-08  2.049147E-08
  1.470000E+02  5.513958E-08  1.067931E-04  1.485660E-06  1.918580E-04 -3.270605E-03  2.048900E-08  2.049119E-08
  1.480000E+02  7.450544E-07  1.063856E-04 -6.599322E-07  1.926325E-04 -2.148329E-02  2.048860E-08  2.049412E-08
  1.490000E+02 -6.283246E-07  1.059849E-04 -1.013631E-06  1.933122E-04 -3.305089E-03  2.048806E-08  2.048891E-08
  1.500000E+02 -2.742912E-07  1.069492E-04  1.445729E-06  1.915805E-04 -1.098447E-02  2.048814E-08  2.049229E-08
  1.510000E+02  8.545691E-07  1.059809E-04 -8.422763E-08  1.933458E-04 -1.810612E-02  2.048760E-08  2.049174E-08
  1.520000E+02 -3.743953E-07  1.063814E-04 -1.417940E-06  1.925822E-04 -4.142010E-04  2.048717E-08  2.048805E-08
  1.530000E+02 -5.807499E-07  1.067657E-04  1.171727E-06  1.919162E-04 -1.833242E-02  2.048663E-08  2.049209E-08
  1.540000E+02  8.295559E-07  1.058217E-04  5.437757E-07  1.936060E-04 -1.073739E-02  2.048653E-08  2.048881E-08
  1.550000E+02 -4.536728E-08  1.067679E-04 -1.608042E-06  1.918799E-04 -3.764298E-03  2.048646E-08  2.048870E-08
  1.560000E+02 -8.112210E-07  1.063659E-04  6.849774E-07  1.926387E-04 -2.124246E-02  2.048556E-08  2.049107E-08
  1.570000E+02  6.623602E-07  1.059864E-04  1.118334E-06  1.932859E-04 -3.639550E-03  2.048554E-08  2.048651E-08
  1.580000E+02  3.104024E-07  1.069197E-04 -1.537801E-06  1.916058E-04 -1.110634E-02  2.048518E-08  2.048933E-08
  1.590000E+02 -9.094337E-07  1.059863E-04  5.425035E-08  1.933122E-04 -1.791976E-02  2.048516E-08  2.048930E-08
  1.600000E+02  3.775692E-07  1.063806E-04  1.511551E-06  1.925653E-04 -7.942873E-04  2.048521E-08  2.048617E-08
  1.610000E+02  6.192073E-07  1.067554E-04 -1.207353E-06  1.919119E-04 -1.824211E-02  2.048423E-08  2.048970E-08
  1.620000E+02 -8.564762E-07  1.058393E-04 -5.918316E-07  1.935581E-04 -1.072984E-02  2.048487E-08  2.048716E-08
  1.630000E+02  3.208117E-08  1.067578E-04  1.659079E-06  1.918843E-04 -3.914521E-03  2.048499E-08  2.048726E-08
  1.640000E+02  8.300863E-07  1.063659E-04 -6.807462E-07  1.926237E-04 -2.083763E-02  2.048415E-08  2.048951E-08
  1.650000E+02 -6.627501E-07  1.059975E-04 -1.142330E-06  1.932581E-04 -3.761979E-03  2.048473E-08  2.048572E-08
  1.660000E+02 -3.161368E-07  1.069036E-04  1.543052E-06  1.916286E-04 -1.108139E-02  2.048453E-08  2.048860E-08
  1.670000E+02  9.063927E-07  1.059931E-04 -4.514859E-08  1.932980E-04 -1.775212E-02  2.048502E-08  2.048909E-08
  1.680000E+02 -3.658678E-07  1.063709E-04 -1.507242E-06  1.925847E-04 -1.015205E-03  2.048541E-08  2.048635E-08
  1.690000E+02 -6.160410E-07  1.067442E-04  1.177988E-06  1.919374E-04 -1.798668E-02  2.048489E-08  2.049019E-08
  1.700000E+02  8.338157E-07  1.058452E-04  6.013761E-07  1.935573E-04 -1.085049E-02  2.048591E-08  2.048819E-08
  1.710000E+02 -1.089659E-08  1.067466E-04 -1.619446E-06  1.919179E-04 -4.059483E-03  2.048641E-08  2.048860E-08
  1.720000E+02 -8.103675E-07  1.063789E-04  6.202909E-07  1.926194E-04 -2.084757E-02  2.048619E-08  2.049152E-08
  1.730000E+02  6.187752E-07  1.060014E-04  1.134450E-06  1.932706E-04 -4.084461E-03  2.048679E-08  2.048775E-08
  1.740000E+02  3.317428E-07  1.069083E-04 -1.454619E-06  1.916441E-04 -1.097075E-02  2.048712E-08  2.049109E-08
  1.750000E+02 -8.588578E-07  1.060245E-04 -2.010313E-08  1.932650E-04 -1.791288E-02  2.048754E-08  2.049156E-08
  1.760000E+02  3.077265E-07  1.063745E-04  1.446878E-06  1.926011E-04 -1.296948E-03  2.048784E-08  2.048869E-08
  1.770000E+02  6.046564E-07  1.067671E-04 -1.052118E-06  1.919260E-04 -1.766945E-02  2.048819E-08  2.049335E-08
  1.780000E+02 -7.604721E-07  1.058810E-04 -6.279903E-07  1.935161E-04 -1.124085E-02  2.048838E-08  2.049059E-08
  1.790000E+02 -3.157682E-08  1.067419E-04  1.499853E-06  1.919516E-04 -4.101278E-03  2.048911E-08  2.049114E-08
  1.800000E+02  7.642117E-07  1.064186E-04 -5.025105E-07  1.925770E-04 -2.041016E-02  2.048951E-08  2.049461E-08
  1.810000E+02 -5.405524E-07  1.060158E-04 -1.094906E-06  1.932685E-04 -4.466992E-03  2.048931E-08  2.049018E-08
  1.820000E+02 -3.407715E-07  1.068933E-04  1.306457E-06  1.916975E-04 -1.034261E-02  2.049008E-08  2.049369E-08
  1.830000E+02  7.832743E-07  1.060623E-04  8.578791E-08  1.932179E-04 -1.750607E-02  2.048999E-08  2.049373E-08
  1.840000E+02 -2.488019E-07  1.063600E-04 -1.339546E-06  1.926459E-04 -1.434825E-03  2.048981E-08  2.049053E-08
  1.850000E+02 -5.717950E-07  1.067597E-04  9.123004E-07  1.919611E-04 -1.661945E-02  2.049089E-08  2.049552E-08
  1.860000E+02  6.729269E-07  1.059118E-04  6.196199E-07  1.934756E-04 -1.110045E-02  2.049009E-08  2.049210E-08
  1.870000E+02  6.099854E-08  1.067044E-04 -1.351367E-06  1.920326E-04 -3.850398E-03  2.049056E-08  2.049229E-08
  1.880000E+02 -6.966573E-07  1.064321E-04  4.014649E-07  1.925656E-04 -1.922678E-02  2.049137E-08  2.049589E-08
  1.890000E+02  4.620888E-07  1.060384E-04  1.018224E-06  1.932344E-04 -4.874610E-03  2.049002E-08  2.049079E-08
  1.900000E+02  3.337200E-07  1.068532E-04 -1.142886E-06  1.917769E-04 -9.928646E-03  2.049097E-08  2.049416E-08
  1.910000E+02 -6.945969E-07  1.061128E-04 -1.304698E-07  1.931335E-04 -1.700480E-02  2.049098E-08  2.049439E-08
  1.920000E+02  1.929661E-07  1.063550E-04  1.206141E-06  1.926545E-04 -2.388056E-03  2.048971E-08  2.049034E-08
  1.930000E+02  5.255608E-07  1.067406E-04 -7.648037E-07  1.919941E-04 -1.597296E-02  2.049095E-08  2.049516E-08
  1.940000E+02 -5.761758E-07  1.059668E-04 -5.956941E-07  1.933734E-04 -1.157708E-02  2.048979E-08  2.049170E-08
  1.950000E+02 -8.212150E-08  1.066597E-04  1.178341E-06  1.921035E-04 -4.677435E-03  2.048948E-08  2.049100E-08
  1.960000E+02  6.159108E-07  1.064410E-04 -2.995251E-07  1.925425E-04 -1.853955E-02  2.049090E-08  2.049506E-08
  1.970000E+02 -3.761809E-07  1.060656E-04 -9.206925E-07  1.931732E-04 -6.035604E-03  2.048865E-08  2.048942E-08
  1.980000E+02 -3.175479E-07  1.067899E-04  9.642711E-07  1.918731E-04 -1.005446E-02  2.048908E-08  2.049190E-08
  1.990000E+02  6.000698E-07  1.061491E-04  1.752780E-07  1.930560E-04 -1.650371E-02  2.048994E-08  2.049307E-08
  2.000000E+02 -1.303373E-07  1.063399E-04 -1.072358E-06  1.926637E-04 -3.660416E-03  2.048770E-08  2.048829E-08
  2.010000E+02 -4.852550E-07  1.066848E-04  6.126961E-07  1.920707E-04 -1.516333E-02  2.048867E-08  2.049233E-08
  2.020000E+02  4.839501E-07  1.060248E-04  5.860514E-07  1.932506E-04 -1.152722E-02  2.048800E-08  2.048973E-08
  2.030000E+02  1.180645E-07  1.066108E-04 -1.025745E-06  1.921670E-04 -5.530068E-03  2.048676E-08  2.048815E-08
  2.040000E+02 -5.562532E-07  1.064352E-04  1.769721E-07  1.925256E-04 -1.725138E-02  2.048845E-08  2.049206E-08
  2.050000E+02  2.890655E-07  1.061208E-04  8.744505E-07  1.930505E-04 -6.770302E-03  2.048620E-08  2.048696E-08
  2.060000E+02  3.350472E-07  1.067307E-04 -8.073464E-07  1.919536E-04 -1.022798E-02  2.048628E-08  2.048885E-08
  2.070000E+02 -5.298585E-07  1.061895E-04 -2.684067E-07  1.929620E-04 -1.557496E-02  2.048805E-08  2.049081E-08
  2.080000E+02  5.071776E-08  1.063513E-04  9.944239E-07  1.926216E-04 -4.832998E-03  2.048532E-08  2.048598E-08
  2.090000E+02  4.806567E-07  1.066324E-04 -4.448392E-07  1.921404E-04 -1.463781E-02  2.048620E-08  2.048949E-08
  2.100000E+02 -3.967865E-07  1.060779E-04 -6.471142E-07  1.931390E-04 -1.133724E-02  2.048647E-08  2.048806E-08
  2.110000E+02 -1.865739E-07  1.065776E-04  9.037194E-07  1.922089E-04 -6.636916E-03  2.048470E-08  2.048608E-08
  2.120000E+02  5.225365E-07  1.064080E-04 -1.343704E-08  1.925564E-04 -1.643102E-02  2.048677E-08  2.049002E-08
  2.130000E+02 -1.874730E-07  1.061561E-04 -8.763947E-07  1.929784E-04 -7.205107E-03  2.048530E-08  2.048608E-08
  2.140000E+02 -3.752443E-07  1.066726E-04  6.319325E-07  1.920465E-04 -1.050635E-02  2.048496E-08  2.048733E-08
  2.150000E+02  4.586133E-07  1.062034E-04  4.054699E-07  1.929275E-04 -1.469062E-02  2.048734E-08  2.048979E-08
  2.160000E+02  5.056798E-08  1.063660E-04 -9.249132E-07  1.925933E-04 -5.582837E-03  2.048506E-08  2.048579E-08
  2.170000E+02 -4.851353E-07  1.065922E-04  2.498871E-07  1.922079E-04 -1.421881E-02  2.048579E-08  2.048879E-08
  2.180000E+02  3.010542E-07  1.061215E-04  7.313533E-07  1.930626E-04 -1.096385E-02  2.048686E-08  2.048832E-08
  2.190000E+02  2.689411E-07  1.065660E-04 -7.765711E-07  1.922344E-04 -7.146388E-03  2.048513E-08  2.048652E-08
  2.200000E+02 -4.913269E-07  1.064085E-04 -1.722682E-07  1.925609E-04 -1.560056E-02  2.048763E-08  2.049057E-08
  2.210000E+02  8.336188E-08  1.062010E-04  8.957042E-07  1.929124E-04 -7.598567E-03  2.048690E-08  2.048773E-08
  2.220000E+02  4.255498E-07  1.066466E-04 -4.667054E-07  1.921029E-04 -1.073155E-02  2.048595E-08  2.048824E-08
  2.230000E+02 -3.937693E-07  1.062321E-04 -5.514584E-07  1.928881E-04 -1.428260E-02  2.048883E-08  2.049116E-08
  2.240000E+02 -1.481160E-07  1.063767E-04  8.703965E-07  1.925955E-04 -6.369560E-03  2.048726E-08  2.048809E-08
  2.250000E+02  4.968214E-07  1.065697E-04 -6.934423E-08  1.922668E-04 -1.404208E-02  2.048780E-08  2.049066E-08
  2.260000E+02 -2.169203E-07  1.061537E-04 -8.164504E-07  1.930254E-04 -1.111878E-02  2.048909E-08  2.049059E-08
  2.270000E+02 -3.398078E-07  1.065451E-04  6.662174E-07  1.922948E-04 -7.816286E-03  2.048744E-08  2.048885E-08
  2.280000E+02  4.641913E-07  1.064066E-04  3.251976E-07  1.925854E-04 -1.526995E-02  2.048997E-08  2.049280E-08
  2.290000E+02  2.041393E-11  1.062191E-04 -9.104558E-07  1.929036E-04 -8.223491E-03  2.048936E-08  2.049029E-08
  2.300000E+02 -4.616490E-07  1.066091E-04  3.369846E-07  1.921930E-04 -1.081574E-02  2.048833E-08  2.049050E-08
  2.310000E+02  3.452538E-07  1.062459E-04  6.554176E-07  1.928804E-04 -1.391146E-02  2.049077E-08  2.049300E-08
  2.320000E+02  2.130398E-07  1.063646E-04 -8.359558E-07  1.926377E-04 -6.796005E-03  2.048936E-08  2.049022E-08
  2.330000E+02 -5.040032E-07  1.065448E-04 -4.935976E-08  1.923305E-04 -1.327403E-02  2.049000E-08  2.049257E-08
  2.340000E+02  1.651544E-07  1.061772E-04  8.717910E-07  1.929990E-04 -1.097537E-02  2.049086E-08  2.049232E-08
  2.350000E+02  3.871604E-07  1.065064E-04 -6.114333E-07  1.923826E-04 -7.813277E-03  2.048936E-08  2.049066E-08
  2.360000E+02 -4.569254E-07  1.064021E-04 -4.219593E-07  1.925999E-04 -1.424390E-02  2.049096E-08  2.049348E-08
  2.370000E+02 -4.715001E-08  1.062261E-04  9.375183E-07  1.929010E-04 -8.321209E-03  2.049042E-08  2.049139E-08
  2.380000E+02  4.963167E-07  1.065655E-04 -2.714243E-07  1.922847E-04 -1.029704E-02  2.048982E-08  2.049175E-08
  2.390000E+02 -3.262947E-07  1.062656E-04 -7.367197E-07  1.928439E-04 -1.332107E-02  2.049085E-08  2.049295E-08
  2.400000E+02 -2.576317E-07  1.063535E-04  8.400380E-07  1.926604E-04 -7.293426E-03  2.048956E-08  2.049050E-08
  2.410000E+02  5.260395E-07  1.065223E-04  1.201697E-07  1.923714E-04 -1.278003E-02  2.049017E-08  2.049257E-08
  2.420000E+02 -1.397796E-07  1.062049E-04 -9.371351E-07  1.929459E-04 -1.123524E-02  2.049050E-08  2.049206E-08
  2.430000E+02 -4.265123E-07  1.064830E-04  5.957929E-07  1.924261E-04 -8.312557E-03  2.048939E-08  2.049075E-08
  2.440000E+02  4.665688E-07  1.064096E-04  4.921768E-07  1.925765E-04 -1.392795E-02  2.049000E-08  2.049247E-08
  2.450000E+02  7.429765E-08  1.062488E-04 -9.814202E-07  1.928540E-04 -8.956784E-03  2.048969E-08  2.049081E-08
  2.460000E+02 -5.251327E-07  1.065488E-04  2.489271E-07  1.923092E-04 -1.044032E-02  2.048920E-08  2.049114E-08
  2.470000E+02  3.287327E-07  1.062916E-04  7.825522E-07  1.927818E-04 -1.325692E-02  2.048929E-08  2.049142E-08
  2.480000E+02  2.708178E-07  1.063590E-04 -8.590400E-07  1.926431E-04 -7.877207E-03  2.048868E-08  2.048974E-08
  2.490000E+02 -5.400960E-07  1.065126E-04 -1.255504E-07  1.923733E-04 -1.258520E-02  2.048857E-08  2.049091E-08
  2.500000E+02  1.429782E-07  1.062295E-04  9.546219E-07  1.928840E-04 -1.128112E-02  2.048867E-08  2.049026E-08
  2.510000E+02  4.238710E-07  1.064684E-04 -6.123224E-07  1.924413E-04 -8.543050E-03  2.048817E-08  2.048954E-08
  2.520000E+02 -4.741556E-07  1.064063E-04 -4.714395E-07  1.925629E-04 -1.357923E-02  2.048802E-08  2.049039E-08
  2.530000E+02 -5.766996E-08  1.062559E-04  9.805788E-07  1.928273E-04 -9.238327E-03  2.048817E-08  2.048935E-08
  2.540000E+02  5.108460E-07  1.065186E-04 -2.834130E-07  1.923473E-04 -1.050467E-02  2.048743E-08  2.048930E-08
  2.550000E+02 -3.392757E-07  1.062922E-04 -7.408185E-07  1.927625E-04 -1.308872E-02  2.048739E-08  2.048947E-08
  2.560000E+02 -2.427547E-07  1.063517E-04  8.625009E-07  1.926469E-04 -8.392951E-03  2.048760E-08  2.048872E-08
  2.570000E+02  5.256312E-07  1.064856E-04  7.732259E-08  1.924047E-04 -1.253441E-02  2.048672E-08  2.048898E-08
  2.580000E+02 -1.563182E-07  1.062375E-04 -9.106916E-07  1.928553E-04 -1.126847E-02  2.048718E-08  2.048875E-08
  2.590000E+02 -3.916588E-07  1.064588E-04  6.113890E-07  1.924489E-04 -8.894318E-03  2.048708E-08  2.048847E-08
  2.600000E+02  4.547641E-07  1.063996E-04  4.225080E-07  1.925602E-04 -1.338962E-02  2.048649E-08  2.048879E-08
  2.610000E+02  4.604155E-08  1.062739E-04 -9.227601E-07  1.927870E-04 -9.415143E-03  2.048733E-08  2.048852E-08
  2.620000E+02 -4.702035E-07  1.065127E-04  2.723405E-07  1.923505E-04 -1.062064E-02  2.048661E-08  2.048846E-08
  2.630000E+02  3.079929E-07  1.062985E-04  6.817970E-07  1.927421E-04 -1.283296E-02  2.048650E-08  2.048848E-08
  2.640000E+02  2.277046E-07  1.063585E-04 -7.738993E-07  1.926334E-04 -8.449086E-03  2.048747E-08  2.048856E-08
  2.650000E+02 -4.663013E-07  1.064816E-04 -8.820261E-08  1.924090E-04 -1.235295E-02  2.048646E-08  2.048861E-08
  2.660000E+02  1.227156E-07  1.062447E-04  8.117385E-07  1.928411E-04 -1.125001E-02  2.048704E-08  2.048856E-08
  2.670000E+02  3.554199E-07  1.064489E-04 -5.077893E-07  1.924726E-04 -8.956008E-03  2.048767E-08  2.048899E-08
  2.680000E+02 -3.824593E-07  1.063998E-04 -4.032829E-07  1.925619E-04 -1.320415E-02  2.048677E-08  2.048895E-08
  2.690000E+02 -6.870680E-08  1.062673E-04  7.946316E-07  1.928043E-04 -9.649902E-03  2.048785E-08  2.048902E-08
  2.700000E+02  4.143285E-07  1.064954E-04 -1.796859E-07  1.923921E-04 -1.039536E-02  2.048775E-08  2.048945E-08
  2.710000E+02 -2.366081E-07  1.063177E-04 -6.249677E-07  1.927153E-04 -1.293099E-02  2.048734E-08  2.048930E-08
  2.720000E+02 -2.313173E-07  1.063446E-04  6.283731E-07  1.926727E-04 -8.912319E-03  2.048890E-08  2.048999E-08
  2.730000E+02  3.919249E-07  1.064865E-04  1.537851E-07  1.924152E-04 -1.201599E-02  2.048813E-08  2.049015E-08
  2.740000E+02 -5.710318E-08  1.062721E-04 -7.139696E-07  1.928035E-04 -1.169079E-02  2.048823E-08  2.048983E-08
  2.750000E+02 -3.347986E-07  1.064365E-04  3.525962E-07  1.925126E-04 -9.027897E-03  2.048952E-08  2.049077E-08
  2.760000E+02  2.946382E-07  1.064357E-04  4.309071E-07  1.925110E-04 -1.295996E-02  2.048832E-08  2.049045E-08
  2.770000E+02  1.203505E-07  1.062820E-04 -6.544724E-07  1.927916E-04 -1.025409E-02  2.048921E-08  2.049047E-08
  2.780000E+02 -3.632601E-07  1.064947E-04  3.544739E-08  1.924112E-04 -1.006088E-02  2.048974E-08  2.049131E-08
  2.790000E+02  1.440827E-07  1.063658E-04  5.955585E-07  1.926423E-04 -1.300164E-02  2.048882E-08  2.049082E-08
  2.800000E+02  2.556067E-07  1.063377E-04 -4.586222E-07  1.927006E-04 -9.266296E-03  2.049046E-08  2.049157E-08
  2.810000E+02 -3.126120E-07  1.064962E-04 -2.627067E-07  1.924113E-04 -1.123196E-02  2.048978E-08  2.049159E-08
  2.820000E+02 -2.909240E-08  1.063019E-04  6.162258E-07  1.927588E-04 -1.190314E-02  2.048917E-08  2.049080E-08
  2.830000E+02  3.214750E-07  1.064031E-04 -1.697563E-07  1.925834E-04 -8.690515E-03  2.049070E-08  2.049178E-08
  2.840000E+02 -1.923778E-07  1.064622E-04 -4.808993E-07  1.924711E-04 -1.210280E-02  2.048941E-08  2.049134E-08
  2.850000E+02 -1.807118E-07  1.062806E-04  4.990065E-07  1.928004E-04 -1.053430E-02  2.048981E-08  2.049109E-08
  2.860000E+02  3.123805E-07  1.064623E-04  1.299548E-07  1.924749E-04 -9.115482E-03  2.049047E-08  2.049175E-08
  2.870000E+02 -3.794663E-08  1.063984E-04 -5.754830E-07  1.925861E-04 -1.242977E-02  2.048927E-08  2.049115E-08
  2.880000E+02 -2.844712E-07  1.063109E-04  2.718921E-07  1.927503E-04 -9.364296E-03  2.049056E-08  2.049163E-08
  2.890000E+02  2.323664E-07  1.064904E-04  3.859054E-07  1.924218E-04 -1.024303E-02  2.049000E-08  2.049156E-08
  2.900000E+02  1.221773E-07  1.063358E-04 -5.339060E-07  1.926969E-04 -1.207782E-02  2.048910E-08  2.049079E-08
  2.910000E+02 -3.175907E-07  1.063719E-04 -1.797414E-08  1.926358E-04 -8.818315E-03  2.049024E-08  2.049129E-08
  2.920000E+02  9.674173E-08  1.064858E-04  5.495326E-07  1.924271E-04 -1.156036E-02  2.048938E-08  2.049122E-08
  2.930000E+02  2.558567E-07  1.063013E-04 -3.701012E-07  1.927589E-04 -1.133257E-02  2.048920E-08  2.049069E-08
  2.940000E+02 -2.786555E-07  1.064312E-04 -3.076505E-07  1.925223E-04 -9.111018E-03  2.048953E-08  2.049074E-08
  2.950000E+02 -6.362675E-08  1.064307E-04  5.865130E-07  1.925237E-04 -1.240634E-02  2.048886E-08  2.049080E-08
  2.960000E+02  3.322595E-07  1.063007E-04 -1.124758E-07  1.927581E-04 -1.029446E-02  2.048924E-08  2.049050E-08
  2.970000E+02 -1.725188E-07  1.064691E-04 -5.316255E-07  1.924506E-04 -1.005443E-02  2.048900E-08  2.049049E-08
  2.980000E+02 -2.184208E-07  1.063618E-04  4.925648E-07  1.926441E-04 -1.238768E-02  2.048841E-08  2.049025E-08
  2.990000E+02  3.344242E-07  1.063433E-04  1.879171E-07  1.926736E-04 -9.427189E-03  2.048863E-08  2.048977E-08
  3.000000E+02 -2.302443E-08  1.064722E-04 -6.456721E-07  1.924435E-04 -1.118257E-02  2.048859E-08  2.049035E-08
  3.010000E+02 -3.327740E-07  1.063157E-04  2.901397E-07  1.927227E-04 -1.160330E-02  2.048807E-08  2.048966E-08
  3.020000E+02  2.661180E-07  1.064034E-04  4.624229E-07  1.925562E-04 -9.275230E-03  2.048776E-08  2.048899E-08
  3.030000E+02  1.430893E-07  1.064376E-04 -6.303532E-07  1.925045E-04 -1.190700E-02  2.048827E-08  2.049014E-08
  3.040000E+02 -3.865142E-07  1.063179E-04  5.052599E-09  1.927144E-04 -1.060427E-02  2.048784E-08  2.048922E-08
  3.050000E+02  1.429508E-07  1.064525E-04  6.613869E-07  1.924671E-04 -9.994556E-03  2.048757E-08  2.048906E-08
  3.060000E+02  2.940621E-07  1.063900E-04 -5.033215E-07  1.925881E-04 -1.205609E-02  2.048795E-08  2.048979E-08
  3.070000E+02 -3.714014E-07  1.063519E-04 -3.047367E-07  1.926456E-04 -9.964307E-03  2.048720E-08  2.048851E-08
  3.080000E+02 -1.861262E-08  1.064527E-04  7.561706E-07  1.924691E-04 -1.090622E-02  2.048764E-08  2.048934E-08
  3.090000E+02  4.103132E-07  1.063477E-04 -2.721558E-07  1.926602E-04 -1.155904E-02  2.048760E-08  2.048927E-08
  3.100000E+02 -2.911051E-07  1.063886E-04 -5.957838E-07  1.925744E-04 -9.870338E-03  2.048672E-08  2.048810E-08
  3.110000E+02 -1.998020E-07  1.064244E-04  7.307331E-07  1.925237E-04 -1.155654E-02  2.048785E-08  2.048966E-08
  3.120000E+02  4.642144E-07  1.063368E-04  5.034585E-08  1.926741E-04 -1.096285E-02  2.048711E-08  2.048866E-08
  3.130000E+02 -1.441750E-07  1.064165E-04 -8.185272E-07  1.925261E-04 -1.019205E-02  2.048690E-08  2.048842E-08
  3.140000E+02 -3.760126E-07  1.063913E-04  5.712708E-07  1.925875E-04 -1.154300E-02  2.048826E-08  2.049005E-08
  3.150000E+02  4.430076E-07  1.063573E-04  4.118110E-07  1.926322E-04 -1.033578E-02  2.048675E-08  2.048822E-08
  3.160000E+02  4.647399E-08  1.064291E-04 -9.198738E-07  1.925112E-04 -1.071724E-02  2.048762E-08  2.048931E-08
  3.170000E+02 -5.043701E-07  1.063697E-04  2.893498E-07  1.926259E-04 -1.125343E-02  2.048827E-08  2.048998E-08
  3.180000E+02  3.412699E-07  1.063887E-04  7.469376E-07  1.925768E-04 -1.015856E-02  2.048695E-08  2.048847E-08
  3.190000E+02  2.582103E-07  1.064189E-04 -8.741990E-07  1.925387E-04 -1.110046E-02  2.048850E-08  2.049028E-08
  3.200000E+02 -5.605277E-07  1.063641E-04 -9.179774E-08  1.926292E-04 -1.087523E-02  2.048762E-08  2.048927E-08
  3.210000E+02  1.620600E-07  1.064160E-04  9.929644E-07  1.925347E-04 -1.042481E-02  2.048767E-08  2.048932E-08
  3.220000E+02  4.552896E-07  1.064020E-04 -6.645351E-07  1.925810E-04 -1.135681E-02  2.048968E-08  2.049152E-08
  3.230000E+02 -5.243025E-07  1.063726E-04 -5.124541E-07  1.926122E-04 -1.063826E-02  2.048750E-08  2.048915E-08
  3.240000E+02 -6.799164E-08  1.064213E-04  1.093541E-06  1.925345E-04 -1.087578E-02  2.048856E-08  2.049036E-08
  3.250000E+02  5.986875E-07  1.063756E-04 -3.150456E-07  1.926269E-04 -1.132434E-02  2.048949E-08  2.049132E-08
  3.260000E+02 -3.929588E-07  1.063891E-04 -8.924420E-07  1.925872E-04 -1.050246E-02  2.048804E-08  2.048973E-08
  3.270000E+02 -3.136652E-07  1.064105E-04  1.009943E-06  1.925664E-04 -1.130948E-02  2.048978E-08  2.049169E-08
  3.280000E+02  6.437784E-07  1.063629E-04  1.408008E-07  1.926424E-04 -1.104578E-02  2.048874E-08  2.049053E-08
  3.290000E+02 -1.736753E-07  1.064097E-04 -1.141271E-06  1.925564E-04 -1.069600E-02  2.048871E-08  2.049050E-08
  3.300000E+02 -5.281705E-07  1.063891E-04  7.329227E-07  1.926127E-04 -1.148973E-02  2.049055E-08  2.049249E-08
  3.310000E+02  5.800299E-07  1.063616E-04  6.121894E-07  1.926414E-04 -1.054749E-02  2.048851E-08  2.049021E-08
  3.320000E+02  9.314162E-08  1.064126E-04 -1.211141E-06  1.925567E-04 -1.077184E-02  2.048928E-08  2.049111E-08
  3.330000E+02 -6.648771E-07  1.063601E-04  3.106438E-07  1.926595E-04 -1.109935E-02  2.049002E-08  2.049185E-08
  3.340000E+02  4.124819E-07  1.063783E-04  9.999089E-07  1.926114E-04 -1.015939E-02  2.048862E-08  2.049028E-08
  3.350000E+02  3.578188E-07  1.063978E-04 -1.071349E-06  1.925900E-04 -1.097301E-02  2.048992E-08  2.049178E-08
  3.360000E+02 -6.885141E-07  1.063496E-04 -1.894618E-07  1.926694E-04 -1.064753E-02  2.048915E-08  2.049088E-08
  3.370000E+02  1.671542E-07  1.063914E-04  1.229963E-06  1.925895E-04 -1.030083E-02  2.048878E-08  2.049050E-08
  3.380000E+02  5.743983E-07  1.063762E-04 -7.524960E-07  1.926276E-04 -1.098314E-02  2.048975E-08  2.049161E-08
  3.390000E+02 -6.035373E-07  1.063588E-04 -6.804726E-07  1.926439E-04 -1.042977E-02  2.048826E-08  2.048998E-08
  3.400000E+02 -1.128231E-07  1.063939E-04  1.269495E-06  1.925847E-04 -1.063801E-02  2.048868E-08  2.049050E-08
  3.410000E+02  7.003852E-07  1.063627E-04 -2.975902E-07  1.926458E-04 -1.098653E-02  2.048910E-08  2.049095E-08
  3.420000E+02 -4.161526E-07  1.063739E-04 -1.064206E-06  1.926142E-04 -1.052744E-02  2.048798E-08  2.048976E-08
  3.430000E+02 -3.834450E-07  1.063886E-04  1.097528E-06  1.925956E-04 -1.101465E-02  2.048874E-08  2.049064E-08
  3.440000E+02  7.100200E-07  1.063641E-04  2.236103E-07  1.926353E-04 -1.086132E-02  2.048827E-08  2.049011E-08
  3.450000E+02 -1.564014E-07  1.063884E-04 -1.273612E-06  1.925867E-04 -1.068620E-02  2.048781E-08  2.048965E-08
  3.460000E+02 -5.947839E-07  1.063843E-04  7.410648E-07  1.925989E-04 -1.095970E-02  2.048827E-08  2.049016E-08
  3.470000E+02  6.002431E-07  1.063785E-04  7.176437E-07  1.926018E-04 -1.085244E-02  2.048749E-08  2.048935E-08
  3.480000E+02  1.338059E-07  1.063833E-04 -1.266639E-06  1.925973E-04 -1.078772E-02  2.048794E-08  2.048978E-08
  3.490000E+02 -7.007998E-07  1.063843E-04  2.559095E-07  1.925973E-04 -1.082046E-02  2.048812E-08  2.048998E-08
  3.500000E+02  3.895414E-07  1.063803E-04  1.078372E-06  1.925971E-04 -1.098382E-02  2.048730E-08  2.048918E-08
  3.510000E+02  4.003626E-07  1.063722E-04 -1.045447E-06  1.926157E-04 -1.066658E-02  2.048780E-08  2.048958E-08
  3.520000E+02 -6.834271E-07  1.063901E-04 -2.786475E-07  1.925837E-04 -1.084472E-02  2.048780E-08  2.048965E-08
  3.530000E+02  1.103578E-07  1.063661E-04  1.243877E-06  1.926233E-04 -1.109582E-02  2.048732E-08  2.048918E-08
  3.540000E+02  5.948956E-07  1.063730E-04 -6.410585E-07  1.926112E-04 -1.050864E-02  2.048751E-08  2.048925E-08
  3.550000E+02 -5.404524E-07  1.063953E-04 -7.590474E-07  1.925721E-04 -1.128228E-02  2.048747E-08  2.048940E-08
  3.560000E+02 -1.833872E-07  1.063452E-04  1.177035E-06  1.926621E-04 -1.103625E-02  2.048743E-08  2.048923E-08
  3.570000E+02  6.746128E-07  1.063939E-04 -1.289264E-07  1.925757E-04 -1.047011E-02  2.048776E-08  2.048951E-08
  3.580000E+02 -3.085409E-07  1.063817E-04 -1.084623E-06  1.925978E-04 -1.163768E-02  2.048750E-08  2.048948E-08
  3.590000E+02 -4.426063E-07  1.063454E-04  9.095315E-07  1.926599E-04 -1.038182E-02  2.048739E-08  2.048903E-08
  3.600000E+02  6.279501E-07  1.064275E-04  4.099806E-07  1.925191E-04 -1.085255E-02  2.048812E-08  2.049000E-08
  3.610000E+02 -1.673026E-08  1.063532E-04 -1.203180E-06  1.926522E-04 -1.163791E-02  2.048779E-08  2.048972E-08
  3.620000E+02 -6.184866E-07  1.063787E-04  4.638856E-07  1.926029E-04 -9.917730E-03  2.048783E-08  2.048942E-08
  3.630000E+02  4.602163E-07  1.064252E-04  8.756818E-07  1.925281E-04 -1.163552E-02  2.048846E-08  2.049051E-08
  3.640000E+02  2.828807E-07  1.063191E-04 -1.091826E-06  1.927116E-04 -1.089785E-02  2.048772E-08  2.048943E-08
  3.650000E+02 -6.733607E-07  1.064218E-04 -7.907019E-08  1.925341E-04 -1.001405E-02  2.048879E-08  2.049049E-08
  3.660000E+02  1.994382E-07  1.063835E-04  1.165038E-06  1.926088E-04 -1.216340E-02  2.048887E-08  2.049098E-08
  3.670000E+02  5.336872E-07  1.063237E-04 -7.623683E-07  1.927007E-04 -9.963349E-03  2.048765E-08  2.048919E-08
  3.680000E+02 -5.900969E-07  1.064515E-04 -6.256150E-07  1.924873E-04 -1.089218E-02  2.048935E-08  2.049130E-08
  3.690000E+02 -1.053989E-07  1.063260E-04  1.219724E-06  1.927120E-04 -1.189309E-02  2.048885E-08  2.049082E-08
  3.700000E+02  6.763507E-07  1.063785E-04 -2.679758E-07  1.926089E-04 -9.474330E-03  2.048852E-08  2.049005E-08
  3.710000E+02 -3.834750E-07  1.064371E-04 -1.049145E-06  1.925217E-04 -1.214876E-02  2.048994E-08  2.049216E-08
  3.720000E+02 -4.015217E-07  1.062965E-04  1.025476E-06  1.927584E-04 -1.087080E-02  2.048834E-08  2.049006E-08
  3.730000E+02  6.837114E-07  1.064488E-04  3.055316E-07  1.924948E-04 -9.998950E-03  2.048982E-08  2.049160E-08
  3.740000E+02 -9.076725E-08  1.063779E-04 -1.266973E-06  1.926304E-04 -1.265895E-02  2.048999E-08  2.049225E-08
  3.750000E+02 -6.256438E-07  1.063318E-04  6.153200E-07  1.926901E-04 -9.589716E-03  2.048814E-08  2.048965E-08
  3.760000E+02  5.522304E-07  1.064851E-04  8.368819E-07  1.924388E-04 -1.128517E-02  2.049057E-08  2.049272E-08
  3.770000E+02  2.261822E-07  1.063137E-04 -1.232726E-06  1.927381E-04 -1.198872E-02  2.048923E-08  2.049126E-08
  3.780000E+02 -7.295373E-07  1.064109E-04  7.166393E-08  1.925524E-04 -9.215186E-03  2.048881E-08  2.049040E-08
  3.790000E+02  3.061650E-07  1.064517E-04  1.212789E-06  1.925032E-04 -1.263160E-02  2.049065E-08  2.049307E-08
  3.800000E+02  5.102631E-07  1.062919E-04 -9.577021E-07  1.927658E-04 -1.050820E-02  2.048832E-08  2.049000E-08
  3.810000E+02 -6.929294E-07  1.064785E-04 -5.159866E-07  1.924404E-04 -9.829229E-03  2.048977E-08  2.049164E-08
  3.820000E+02 -8.977679E-09  1.063638E-04  1.364991E-06  1.926524E-04 -1.273485E-02  2.048959E-08  2.049191E-08
  3.830000E+02  7.098991E-07  1.063284E-04 -4.838475E-07  1.926923E-04 -8.836054E-03  2.048787E-08  2.048930E-08
  3.840000E+02 -5.180847E-07  1.065007E-04 -1.025685E-06  1.924075E-04 -1.116575E-02  2.049025E-08  2.049247E-08
  3.850000E+02 -3.317967E-07  1.062834E-04  1.250333E-06  1.927835E-04 -1.165664E-02  2.048829E-08  2.049027E-08
  3.860000E+02  7.744505E-07  1.064174E-04  9.891021E-08  1.925337E-04 -8.350871E-03  2.048823E-08  2.048974E-08
  3.870000E+02 -2.398108E-07  1.064508E-04 -1.349910E-06  1.924967E-04 -1.260119E-02  2.048981E-08  2.049230E-08
  3.880000E+02 -6.031209E-07  1.062588E-04  9.046474E-07  1.928150E-04 -9.759675E-03  2.048733E-08  2.048890E-08
  3.890000E+02  6.999626E-07  1.065077E-04  6.848895E-07  1.923783E-04 -9.358106E-03  2.048887E-08  2.049079E-08
  3.900000E+02  8.543382E-08  1.063470E-04 -1.439760E-06  1.926714E-04 -1.308821E-02  2.048827E-08  2.049073E-08
  3.910000E+02 -7.712268E-07  1.063238E-04  3.932483E-07  1.926912E-04 -8.156070E-03  2.048698E-08  2.048836E-08
  3.920000E+02  4.987235E-07  1.065356E-04  1.156360E-06  1.923354E-04 -1.156515E-02  2.048919E-08  2.049167E-08
  3.930000E+02  4.007331E-07  1.062556E-04 -1.275483E-06  1.928226E-04 -1.199337E-02  2.048701E-08  2.048911E-08
  3.940000E+02 -8.072747E-07  1.064355E-04 -1.927953E-07  1.924927E-04 -8.027139E-03  2.048740E-08  2.048896E-08
  3.950000E+02  2.085902E-07  1.064609E-04  1.434191E-06  1.924661E-04 -1.344754E-02  2.048826E-08  2.049105E-08
  3.960000E+02  6.513977E-07  1.062288E-04 -8.914156E-07  1.928606E-04 -9.865886E-03  2.048636E-08  2.048798E-08
  3.970000E+02 -7.091102E-07  1.065323E-04 -7.587370E-07  1.923259E-04 -9.413605E-03  2.048800E-08  2.049004E-08
  3.980000E+02 -1.195778E-07  1.063337E-04  1.484957E-06  1.926855E-04 -1.387308E-02  2.048699E-08  2.048970E-08
  3.990000E+02  8.018359E-07  1.063012E-04 -3.602838E-07  1.927288E-04 -7.898116E-03  2.048668E-08  2.048802E-08
  4.000000E+02 -4.931818E-07  1.065585E-04 -1.207301E-06  1.922873E-04 -1.179555E-02  2.048843E-08  2.049106E-08
  4.010000E+02 -4.293270E-07  1.062234E-04  1.286804E-06  1.928774E-04 -1.237205E-02  2.048653E-08  2.048874E-08
  4.020000E+02  8.200321E-07  1.064391E-04  2.315163E-07  1.924875E-04 -7.402767E-03  2.048764E-08  2.048912E-08
  4.030000E+02 -1.961269E-07  1.064850E-04 -1.459830E-06  1.924192E-04 -1.389149E-02  2.048778E-08  2.049077E-08
  4.040000E+02 -6.692331E-07  1.062025E-04  8.849183E-07  1.929120E-04 -9.751488E-03  2.048676E-08  2.048837E-08
  4.050000E+02  7.080517E-07  1.065677E-04  7.792572E-07  1.922647E-04 -8.955233E-03  2.048837E-08  2.049043E-08
  4.060000E+02  1.248533E-07  1.063479E-04 -1.478817E-06  1.926621E-04 -1.451723E-02  2.048705E-08  2.048995E-08
  4.070000E+02 -8.016752E-07  1.062880E-04  3.611366E-07  1.927629E-04 -7.509061E-03  2.048782E-08  2.048908E-08
  4.080000E+02  4.925904E-07  1.065997E-04  1.195185E-06  1.922162E-04 -1.180109E-02  2.048877E-08  2.049151E-08
  4.090000E+02  4.193179E-07  1.062073E-04 -1.281423E-06  1.929137E-04 -1.291498E-02  2.048713E-08  2.048946E-08
  4.100000E+02 -8.164271E-07  1.064414E-04 -2.047959E-07  1.924941E-04 -6.875025E-03  2.048885E-08  2.049024E-08
  4.110000E+02  2.136750E-07  1.065118E-04  1.436291E-06  1.923778E-04 -1.449681E-02  2.048835E-08  2.049156E-08
  4.120000E+02  6.521953E-07  1.061658E-04 -9.113977E-07  1.929909E-04 -9.935751E-03  2.048802E-08  2.048965E-08
  4.130000E+02 -7.217000E-07  1.065845E-04 -7.326732E-07  1.922449E-04 -8.502220E-03  2.048959E-08  2.049161E-08
  4.140000E+02 -8.996320E-08  1.063428E-04  1.485516E-06  1.926808E-04 -1.510747E-02  2.048788E-08  2.049096E-08
  4.150000E+02  7.938333E-07  1.062647E-04 -4.271115E-07  1.928191E-04 -7.013758E-03  2.048937E-08  2.049054E-08
  4.160000E+02 -5.314322E-07  1.066309E-04 -1.150137E-06  1.921682E-04 -1.176732E-02  2.048965E-08  2.049249E-08
  4.170000E+02 -3.768732E-07  1.061904E-04  1.327381E-06  1.929561E-04 -1.320998E-02  2.048830E-08  2.049071E-08
  4.180000E+02  8.276119E-07  1.064509E-04  1.117034E-07  1.924901E-04 -6.229351E-03  2.049035E-08  2.049168E-08
  4.190000E+02 -2.715993E-07  1.065331E-04 -1.419813E-06  1.923463E-04 -1.477115E-02  2.048902E-08  2.049238E-08
  4.200000E+02 -6.183156E-07  1.061517E-04  1.000697E-06  1.930295E-04 -9.673288E-03  2.048944E-08  2.049102E-08
  4.210000E+02  7.565941E-07  1.066194E-04  6.389584E-07  1.921914E-04 -8.307450E-03  2.049064E-08  2.049274E-08
  4.220000E+02  2.629858E-08  1.063422E-04 -1.505913E-06  1.926874E-04 -1.565444E-02  2.048830E-08  2.049155E-08
  4.230000E+02 -7.801428E-07  1.062612E-04  5.381917E-07  1.928357E-04 -6.678899E-03  2.049049E-08  2.049162E-08
  4.240000E+02  5.871950E-07  1.066570E-04  1.090470E-06  1.921267E-04 -1.212039E-02  2.049014E-08  2.049317E-08
  4.250000E+02  3.222304E-07  1.061648E-04 -1.398014E-06  1.930075E-04 -1.362014E-02  2.048871E-08  2.049124E-08
  4.260000E+02 -8.429865E-07  1.064560E-04  3.096880E-09  1.924873E-04 -5.970952E-03  2.049106E-08  2.049238E-08
  4.270000E+02  3.356585E-07  1.065375E-04  1.409617E-06  1.923387E-04 -1.541694E-02  2.048886E-08  2.049245E-08
  4.280000E+02  5.817721E-07  1.061224E-04 -1.095072E-06  1.930823E-04 -9.777168E-03  2.048938E-08  2.049101E-08
  4.290000E+02 -7.942849E-07  1.066301E-04 -5.477813E-07  1.921703E-04 -8.333762E-03  2.049042E-08  2.049259E-08
  4.300000E+02  3.499438E-08  1.063186E-04  1.538292E-06  1.927275E-04 -1.617635E-02  2.048784E-08  2.049127E-08
  4.310000E+02  7.701569E-07  1.062378E-04 -6.441047E-07  1.928729E-04 -6.228828E-03  2.049000E-08  2.049108E-08
  4.320000E+02 -6.355133E-07  1.066632E-04 -1.042399E-06  1.921042E-04 -1.219594E-02  2.048893E-08  2.049204E-08
  4.330000E+02 -2.787756E-07  1.061217E-04  1.455519E-06  1.930737E-04 -1.350492E-02  2.048745E-08  2.048997E-08
  4.340000E+02  8.546691E-07  1.064558E-04 -7.965112E-08  1.924766E-04 -5.217086E-03  2.048997E-08  2.049124E-08
  4.350000E+02 -3.749216E-07  1.065265E-04 -1.403244E-06  1.923477E-04 -1.564281E-02  2.048761E-08  2.049128E-08
  4.360000E+02 -5.619778E-07  1.060746E-04  1.151047E-06  1.931521E-04 -9.023451E-03  2.048769E-08  2.048919E-08
  4.370000E+02  8.144561E-07  1.066453E-04  5.060189E-07  1.921237E-04 -7.775330E-03  2.048848E-08  2.049064E-08
  4.380000E+02 -6.448612E-08  1.062821E-04 -1.556989E-06  1.927825E-04 -1.634266E-02  2.048660E-08  2.049007E-08
  4.390000E+02 -7.641578E-07  1.062201E-04  6.903920E-07  1.928882E-04 -5.250496E-03  2.048832E-08  2.048928E-08
  4.400000E+02  6.539083E-07  1.066840E-04  1.018052E-06  1.920497E-04 -1.259032E-02  2.048700E-08  2.049031E-08
  4.410000E+02  2.567209E-07  1.060724E-04 -1.471726E-06  1.931500E-04 -1.355050E-02  2.048600E-08  2.048856E-08
  4.420000E+02 -8.513292E-07  1.064795E-04  1.153766E-07  1.924165E-04 -4.747514E-03  2.048818E-08  2.048946E-08
  4.430000E+02  3.903944E-07  1.065271E-04  1.384895E-06  1.923375E-04 -1.669661E-02  2.048630E-08  2.049032E-08
  4.440000E+02  5.451941E-07  1.060411E-04 -1.162618E-06  1.931991E-04 -8.651091E-03  2.048628E-08  2.048773E-08
  4.450000E+02 -8.089530E-07  1.066970E-04 -4.794577E-07  1.920158E-04 -7.979887E-03  2.048687E-08  2.048925E-08
  4.460000E+02  6.914737E-08  1.062615E-04  1.538129E-06  1.928169E-04 -1.717357E-02  2.048599E-08  2.048971E-08
  4.470000E+02  7.494337E-07  1.062245E-04 -6.773967E-07  1.928675E-04 -4.626171E-03  2.048704E-08  2.048791E-08
  4.480000E+02 -6.389767E-07  1.067250E-04 -1.002798E-06  1.919683E-04 -1.332740E-02  2.048600E-08  2.048965E-08
  4.490000E+02 -2.599500E-07  1.060391E-04  1.437292E-06  1.932097E-04 -1.365188E-02  2.048588E-08  2.048846E-08
  4.500000E+02  8.299227E-07  1.065158E-04 -8.690775E-08  1.923430E-04 -4.204282E-03  2.048738E-08  2.048867E-08
  4.510000E+02 -3.633670E-07  1.065320E-04 -1.363334E-06  1.923325E-04 -1.748035E-02  2.048644E-08  2.049071E-08
  4.520000E+02 -5.513911E-07  1.060137E-04  1.103802E-06  1.932491E-04 -8.101183E-03  2.048638E-08  2.048773E-08
  4.530000E+02  7.767679E-07  1.067378E-04  5.280964E-07  1.919436E-04 -8.003224E-03  2.048699E-08  2.048951E-08
  4.540000E+02 -2.658310E-08  1.062270E-04 -1.504855E-06  1.928915E-04 -1.778263E-02  2.048705E-08  2.049093E-08
  4.550000E+02 -7.554315E-07  1.062181E-04  5.814804E-07  1.928801E-04 -3.964594E-03  2.048719E-08  2.048798E-08
  4.560000E+02  5.854474E-07  1.067526E-04  1.062162E-06  1.919308E-04 -1.404675E-02  2.048709E-08  2.049103E-08
  4.570000E+02  3.169745E-07  1.059917E-04 -1.376124E-06  1.933101E-04 -1.380137E-02  2.048732E-08  2.048998E-08
  4.580000E+02 -8.250917E-07  1.065437E-04 -4.566751E-08  1.923004E-04 -3.670179E-03  2.048826E-08  2.048957E-08
  4.590000E+02  2.883964E-07  1.065405E-04  1.415787E-06  1.923381E-04 -1.838894E-02  2.048833E-08  2.049294E-08
  4.600000E+02  6.131531E-07  1.059881E-04 -1.001236E-06  1.933088E-04 -7.643082E-03  2.048782E-08  2.048914E-08
  4.610000E+02 -7.460558E-07  1.067938E-04 -6.812013E-07  1.918602E-04 -8.008067E-03  2.048882E-08  2.049157E-08
  4.620000E+02 -6.558020E-08  1.062115E-04  1.517634E-06  1.929426E-04 -1.842059E-02  2.048925E-08  2.049337E-08
  4.630000E+02  8.036023E-07  1.062245E-04 -4.351429E-07  1.928807E-04 -3.105776E-03  2.048855E-08  2.048931E-08
  4.640000E+02 -5.288582E-07  1.067932E-04 -1.209305E-06  1.918810E-04 -1.445905E-02  2.048943E-08  2.049367E-08
  4.650000E+02 -4.173468E-07  1.059580E-04  1.344142E-06  1.933908E-04 -1.368968E-02  2.048938E-08  2.049210E-08
  4.660000E+02  8.514105E-07  1.065787E-04  2.249828E-07  1.922505E-04 -3.152946E-03  2.048971E-08  2.049113E-08
  4.670000E+02 -2.081356E-07  1.065368E-04 -1.536491E-06  1.923658E-04 -1.916296E-02  2.049027E-08  2.049521E-08
  4.680000E+02 -7.091996E-07  1.059591E-04  9.138413E-07  1.933739E-04 -6.948364E-03  2.048922E-08  2.049055E-08
  4.690000E+02  7.403271E-07  1.068337E-04  8.755369E-07  1.918046E-04 -8.155388E-03  2.049052E-08  2.049355E-08
  4.700000E+02  1.644983E-07  1.061662E-04 -1.577615E-06  1.930387E-04 -1.890841E-02  2.049052E-08  2.049489E-08
  4.710000E+02 -8.728845E-07  1.062363E-04  2.892635E-07  1.928663E-04 -2.298328E-03  2.048936E-08  2.049015E-08
  4.720000E+02  4.781921E-07  1.068224E-04  1.384742E-06  1.918452E-04 -1.543383E-02  2.049092E-08  2.049565E-08
  4.730000E+02  5.245089E-07  1.059089E-04 -1.312373E-06  1.934864E-04 -1.357186E-02  2.049003E-08  2.049288E-08
  4.740000E+02 -8.755100E-07  1.066299E-04 -4.183180E-07  1.921581E-04 -2.745333E-03  2.048973E-08  2.049136E-08
  4.750000E+02  1.198754E-07  1.065345E-04  1.645063E-06  1.923742E-04 -2.019729E-02  2.049032E-08  2.049574E-08
  4.760000E+02  7.921880E-07  1.059431E-04 -8.004085E-07  1.934000E-04 -6.225092E-03  2.048901E-08  2.049031E-08
  4.770000E+02 -7.127012E-07  1.068928E-04 -1.056378E-06  1.916974E-04 -8.441369E-03  2.049033E-08  2.049377E-08
  4.780000E+02 -2.642170E-07  1.061374E-04  1.592476E-06  1.930834E-04 -1.942221E-02  2.048951E-08  2.049414E-08
  4.790000E+02  9.149463E-07  1.062589E-04 -1.305016E-07  1.928136E-04 -1.539005E-03  2.048814E-08  2.048897E-08
  4.800000E+02 -4.130134E-07  1.068517E-04 -1.513764E-06  1.917845E-04 -1.608480E-02  2.048985E-08  2.049500E-08
  4.810000E+02 -6.095980E-07  1.058712E-04  1.250944E-06  1.935382E-04 -1.316475E-02  2.048834E-08  2.049119E-08
  4.820000E+02  8.747058E-07  1.066660E-04  5.829606E-07  1.920779E-04 -2.199472E-03  2.048814E-08  2.048993E-08
  4.830000E+02 -3.756294E-08  1.065118E-04 -1.705070E-06  1.923968E-04 -2.053919E-02  2.048820E-08  2.049376E-08
  4.840000E+02 -8.465692E-07  1.059231E-04  6.817158E-07  1.934127E-04 -5.149847E-03  2.048659E-08  2.048782E-08
  4.850000E+02  6.692565E-07  1.069185E-04  1.187261E-06  1.916306E-04 -8.393825E-03  2.048814E-08  2.049177E-08
  4.860000E+02  3.447729E-07  1.060850E-04 -1.571501E-06  1.931516E-04 -1.913013E-02  2.048675E-08  2.049130E-08
  4.870000E+02 -9.283811E-07  1.062682E-04 -1.350725E-08  1.927733E-04 -3.933163E-04  2.048567E-08  2.048651E-08
  4.880000E+02  3.434719E-07  1.068477E-04  1.583137E-06  1.917665E-04 -1.633817E-02  2.048708E-08  2.049233E-08
  4.890000E+02  6.645360E-07  1.058349E-04 -1.163438E-06  1.935758E-04 -1.241989E-02  2.048549E-08  2.048820E-08
  4.900000E+02 -8.445380E-07  1.067008E-04 -6.963501E-07  1.919962E-04 -1.945008E-03  2.048610E-08  2.048803E-08
  4.910000E+02 -3.066383E-08  1.064860E-04  1.685194E-06  1.924211E-04 -2.098562E-02  2.048564E-08  2.049132E-08
  4.920000E+02  8.565307E-07  1.059263E-04 -5.686779E-07  1.933843E-04 -4.513816E-03  2.048428E-08  2.048542E-08
  4.930000E+02 -6.095470E-07  1.069478E-04 -1.237754E-06  1.915611E-04 -9.106937E-03  2.048620E-08  2.049010E-08
  4.940000E+02 -3.862456E-07  1.060473E-04  1.482712E-06  1.932015E-04 -1.926108E-02  2.048470E-08  2.048928E-08
  4.950000E+02  8.905639E-07  1.062983E-04  1.063933E-07  1.927062E-04 -2.646362E-04  2.048433E-08  2.048515E-08
  4.960000E+02 -2.801334E-07  1.068387E-04 -1.537901E-06  1.917694E-04 -1.733389E-02  2.048532E-08  2.049081E-08
  4.970000E+02 -6.608758E-07  1.058119E-04  1.042800E-06  1.936051E-04 -1.217484E-02  2.048420E-08  2.048683E-08
  4.980000E+02  7.752569E-07  1.067274E-04  7.260309E-07  1.919416E-04 -2.345333E-03  2.048536E-08  2.048733E-08
  4.990000E+02  7.244964E-08  1.064534E-04 -1.569957E-06  1.924722E-04 -2.147431E-02  2.048459E-08  2.049031E-08
  5.000000E+02 -8.130979E-07  1.059283E-04  4.613938E-07  1.933811E-04 -4.140513E-03  2.048436E-08  2.048536E-08
  5.010000E+02  5.317798E-07  1.069518E-04  1.192277E-06  1.915512E-04 -9.562212E-03  2.048581E-08  2.048971E-08
  5.020000E+02  3.944252E-07  1.060265E-04 -1.328810E-06  1.932377E-04 -1.910607E-02  2.048457E-08  2.048899E-08
  5.030000E+02 -8.156150E-07  1.063235E-04 -1.699800E-07  1.926718E-04 -6.263205E-05  2.048554E-08  2.048627E-08
  5.040000E+02  2.143246E-07  1.068387E-04  1.422993E-06  1.917764E-04 -1.758414E-02  2.048598E-08  2.049143E-08
  5.050000E+02  6.277817E-07  1.058219E-04 -8.855973E-07  1.935984E-04 -1.181572E-02  2.048552E-08  2.048791E-08
  5.060000E+02 -6.763027E-07  1.067603E-04 -7.203440E-07  1.918994E-04 -2.544928E-03  2.048717E-08  2.048914E-08
  5.070000E+02 -1.070761E-07  1.064496E-04  1.387543E-06  1.924949E-04 -2.156736E-02  2.048624E-08  2.049184E-08
  5.080000E+02  7.352479E-07  1.059513E-04 -3.368985E-07  1.933636E-04 -3.883148E-03  2.048696E-08  2.048778E-08
  5.090000E+02 -4.391222E-07  1.069662E-04 -1.094068E-06  1.915455E-04 -1.000241E-02  2.048788E-08  2.049178E-08
  5.100000E+02 -3.778387E-07  1.060183E-04  1.132947E-06  1.932745E-04 -1.901927E-02  2.048694E-08  2.049120E-08
  5.110000E+02  7.102702E-07  1.063486E-04  2.096802E-07  1.926561E-04 -1.553386E-04  2.048871E-08  2.048932E-08
  5.120000E+02 -1.594268E-07  1.068265E-04 -1.250846E-06  1.918219E-04 -1.805003E-02  2.048833E-08  2.049371E-08
  5.130000E+02 -5.630245E-07  1.058165E-04  7.337863E-07  1.936341E-04 -1.142487E-02  2.048834E-08  2.049054E-08
  5.140000E+02  5.811244E-07  1.067798E-04  6.596365E-07  1.918906E-04 -2.774260E-03  2.048997E-08  2.049187E-08
  5.150000E+02  1.073049E-07  1.064240E-04 -1.199856E-06  1.925641E-04 -2.156648E-02  2.048868E-08  2.049409E-08
  5.160000E+02 -6.378429E-07  1.059762E-04  2.694357E-07  1.933453E-04 -3.395993E-03  2.048989E-08  2.049052E-08
  5.170000E+02  3.772901E-07  1.069774E-04  9.483969E-07  1.915483E-04 -1.052884E-02  2.049021E-08  2.049412E-08
  5.180000E+02  3.250027E-07  1.060003E-04 -9.748580E-07  1.933280E-04 -1.854506E-02  2.048931E-08  2.049329E-08
  5.190000E+02 -6.089266E-07  1.063934E-04 -1.753176E-07  1.925988E-04  1.220933E-04  2.049123E-08  2.049177E-08
  5.200000E+02  1.473996E-07  1.068195E-04  1.064202E-06  1.918511E-04 -1.846056E-02  2.048995E-08  2.049531E-08
  5.210000E+02  4.649443E-07  1.058232E-04 -6.391642E-07  1.936371E-04 -1.082892E-02  2.049009E-08  2.049202E-08
  5.220000E+02 -5.016420E-07  1.068188E-04 -5.316958E-07  1.918358E-04 -3.221010E-03  2.049157E-08  2.049354E-08
  5.230000E+02 -6.780058E-08  1.063990E-04  1.023431E-06  1.926207E-04 -2.180620E-02  2.048978E-08  2.049514E-08
  5.240000E+02  5.238684E-07  1.059953E-04 -2.682580E-07  1.933184E-04 -3.047204E-03  2.049076E-08  2.049122E-08
  5.250000E+02 -3.435129E-07  1.069810E-04 -7.600291E-07  1.915447E-04 -1.134643E-02  2.049033E-08  2.049434E-08
  5.260000E+02 -2.397798E-07  1.059691E-04  8.474868E-07  1.933825E-04 -1.838789E-02  2.048910E-08  2.049296E-08
  5.270000E+02  5.068479E-07  1.064186E-04  8.255617E-08  1.925523E-04 -3.817455E-05  2.049114E-08  2.049162E-08
  5.280000E+02 -1.626915E-07  1.067889E-04 -8.635228E-07  1.919021E-04 -1.917493E-02  2.048924E-08  2.049464E-08
  5.290000E+02 -3.539870E-07  1.058066E-04  5.857396E-07  1.936528E-04 -1.042446E-02  2.048864E-08  2.049041E-08
  5.300000E+02  4.310996E-07  1.068284E-04  3.691641E-07  1.918049E-04 -3.780636E-03  2.049007E-08  2.049204E-08
  5.310000E+02  5.361263E-09  1.063449E-04 -8.505285E-07  1.927049E-04 -2.181322E-02  2.048831E-08  2.049350E-08
  5.320000E+02 -4.099813E-07  1.059998E-04  3.024176E-07  1.932904E-04 -2.388932E-03  2.048868E-08  2.048901E-08
  5.330000E+02  3.205062E-07  1.069646E-04  5.677088E-07  1.915520E-04 -1.177331E-02  2.048787E-08  2.049183E-08
  5.340000E+02  1.520092E-07  1.059206E-04 -7.472933E-07  1.934446E-04 -1.766752E-02  2.048657E-08  2.049014E-08
  5.350000E+02 -4.206666E-07  1.064328E-04  9.932294E-09  1.924985E-04  4.299188E-04  2.048816E-08  2.048861E-08
  5.360000E+02  1.821403E-07  1.067484E-04  6.945694E-07  1.919516E-04 -1.935858E-02  2.048668E-08  2.049193E-08
  5.370000E+02  2.644841E-07  1.057736E-04 -5.617792E-07  1.936832E-04 -9.314234E-03  2.048568E-08  2.048723E-08
  5.380000E+02 -3.820951E-07  1.068384E-04 -2.426577E-07  1.917528E-04 -3.703126E-03  2.048641E-08  2.048841E-08
  5.390000E+02  4.093710E-08  1.062981E-04  7.226243E-07  1.927651E-04 -2.178020E-02  2.048570E-08  2.049078E-08
  5.400000E+02  3.275141E-07  1.059990E-04 -3.253190E-07  1.932613E-04 -1.693454E-03  2.048547E-08  2.048571E-08
  5.410000E+02 -2.922885E-07  1.069664E-04 -4.378117E-07  1.915212E-04 -1.236749E-02  2.048476E-08  2.048887E-08
  5.420000E+02 -9.343457E-08  1.058817E-04  6.468989E-07  1.934942E-04 -1.754901E-02  2.048434E-08  2.048788E-08
  5.430000E+02  3.479351E-07  1.064589E-04 -6.481380E-08  1.924223E-04  4.145624E-04  2.048506E-08  2.048553E-08
  5.440000E+02 -1.741877E-07  1.067328E-04 -5.624225E-07  1.919628E-04 -2.008131E-02  2.048460E-08  2.049005E-08
  5.450000E+02 -1.991916E-07  1.057678E-04  4.935592E-07  1.936769E-04 -8.931322E-03  2.048396E-08  2.048540E-08
  5.460000E+02  3.203378E-07  1.068745E-04  1.737621E-07  1.916671E-04 -4.245175E-03  2.048414E-08  2.048636E-08
  5.470000E+02 -4.726459E-08  1.062770E-04 -6.003444E-07  1.927981E-04 -2.216235E-02  2.048498E-08  2.049016E-08
  5.480000E+02 -2.642168E-07  1.060191E-04  2.853627E-07  1.932140E-04 -1.345152E-03  2.048435E-08  2.048451E-08
  5.490000E+02  2.428897E-07  1.069835E-04  3.565609E-07  1.914843E-04 -1.297617E-02  2.048394E-08  2.048828E-08
  5.500000E+02  7.298640E-08  1.058682E-04 -5.417417E-07  1.935240E-04 -1.733700E-02  2.048496E-08  2.048842E-08
  5.510000E+02 -2.868878E-07  1.064867E-04  5.218310E-08  1.923692E-04  5.490515E-04  2.048475E-08  2.048525E-08
  5.520000E+02  1.397778E-07  1.067245E-04  4.766446E-07  1.919856E-04 -2.046353E-02  2.048528E-08  2.049081E-08
  5.530000E+02  1.740262E-07  1.057639E-04 -4.117468E-07  1.936956E-04 -8.544931E-03  2.048526E-08  2.048661E-08
  5.540000E+02 -2.680159E-07  1.068880E-04 -1.727531E-07  1.916541E-04 -4.556467E-03  2.048530E-08  2.048757E-08
  5.550000E+02  2.142694E-08  1.062550E-04  5.286703E-07  1.928590E-04 -2.227949E-02  2.048716E-08  2.049235E-08
  5.560000E+02  2.471813E-07  1.060344E-04 -2.166315E-07  1.932054E-04 -1.271479E-03  2.048640E-08  2.048653E-08
  5.570000E+02 -2.002536E-07  1.069788E-04 -3.690191E-07  1.915185E-04 -1.347472E-02  2.048655E-08  2.049094E-08
  5.580000E+02 -1.026990E-07  1.058619E-04  4.903932E-07  1.935669E-04 -1.705945E-02  2.048839E-08  2.049177E-08
  5.590000E+02  2.803703E-07  1.065179E-04  2.208274E-08  1.923391E-04  2.914751E-04  2.048755E-08  2.048811E-08
  5.600000E+02 -9.500261E-08  1.067115E-04 -5.060007E-07  1.920395E-04 -2.071800E-02  2.048842E-08  2.049397E-08
  5.610000E+02 -2.120342E-07  1.057923E-04  3.551271E-07  1.936785E-04 -8.156943E-03  2.048902E-08  2.049026E-08
  5.620000E+02  2.553471E-07  1.069137E-04  2.646576E-07  1.916404E-04 -5.113902E-03  2.048871E-08  2.049114E-08
  5.630000E+02  3.429228E-08  1.062373E-04 -5.518813E-07  1.929207E-04 -2.195840E-02  2.049043E-08  2.049547E-08
  5.640000E+02 -2.884391E-07  1.060806E-04  1.404970E-07  1.931526E-04 -9.254324E-04  2.048975E-08  2.048986E-08
  5.650000E+02  1.765581E-07  1.069754E-04  4.723635E-07  1.915589E-04 -1.401377E-02  2.049008E-08  2.049456E-08
  5.660000E+02  1.631509E-07  1.058559E-04 -4.916321E-07  1.936069E-04 -1.636184E-02  2.049170E-08  2.049489E-08
  5.670000E+02 -3.137326E-07  1.065571E-04 -1.091606E-07  1.922946E-04 -1.099447E-05  2.049035E-08  2.049102E-08
  5.680000E+02  5.980710E-08  1.066736E-04  6.063434E-07  1.921331E-04 -2.096512E-02  2.049102E-08  2.049654E-08
  5.690000E+02  2.738372E-07  1.058068E-04 -3.300289E-07  1.936760E-04 -7.448542E-03  2.049168E-08  2.049281E-08
  5.700000E+02 -2.709037E-07  1.069241E-04 -3.717259E-07  1.916423E-04 -5.814012E-03  2.049083E-08  2.049339E-08
  5.710000E+02 -9.022348E-08  1.062019E-04  6.199473E-07  1.929972E-04 -2.171083E-02  2.049184E-08  2.049678E-08
  5.720000E+02  3.423213E-07  1.061195E-04 -6.620785E-08  1.930945E-04 -8.924316E-04  2.049108E-08  2.049121E-08
  5.730000E+02 -1.559025E-07  1.069581E-04 -5.942626E-07  1.916005E-04 -1.473831E-02  2.049100E-08  2.049560E-08
  5.740000E+02 -2.374162E-07  1.058546E-04  4.912109E-07  1.936105E-04 -1.576114E-02  2.049202E-08  2.049504E-08
  5.750000E+02  3.387637E-07  1.065968E-04  2.352345E-07  1.922245E-04 -5.176738E-04  2.049051E-08  2.049133E-08
  5.760000E+02 -3.062431E-09  1.066458E-04 -6.904549E-07  1.921800E-04 -2.113013E-02  2.049062E-08  2.049614E-08
  5.770000E+02 -3.350182E-07  1.058415E-04  2.565921E-07  1.936035E-04 -6.973652E-03  2.049078E-08  2.049178E-08
  5.780000E+02  2.532606E-07  1.069366E-04  4.945318E-07  1.916106E-04 -6.623372E-03  2.048973E-08  2.049249E-08
  5.790000E+02  1.565946E-07  1.061819E-04 -6.291901E-07  1.930148E-04 -2.121233E-02  2.049006E-08  2.049480E-08
  5.800000E+02 -3.695680E-07  1.061673E-04 -4.134518E-08  1.929892E-04 -8.592199E-04  2.048913E-08  2.048927E-08
  5.810000E+02  1.137487E-07  1.069264E-04  6.734625E-07  1.916359E-04 -1.509990E-02  2.048860E-08  2.049319E-08
  5.820000E+02  2.933859E-07  1.058524E-04 -4.538059E-07  1.935826E-04 -1.469636E-02  2.048897E-08  2.049166E-08
  5.830000E+02 -3.346151E-07  1.066171E-04 -3.441732E-07  1.921633E-04 -8.383791E-04  2.048789E-08  2.048881E-08
  5.840000E+02 -5.191424E-08  1.065902E-04  7.123609E-07  1.922482E-04 -2.062825E-02  2.048742E-08  2.049258E-08
  5.850000E+02  3.672593E-07  1.058639E-04 -1.710921E-07  1.935252E-04 -6.063317E-03  2.048696E-08  2.048776E-08
  5.860000E+02 -2.169919E-07  1.069143E-04 -5.810327E-07  1.916194E-04 -6.984453E-03  2.048636E-08  2.048911E-08
  5.870000E+02 -2.125124E-07  1.061403E-04  5.942101E-07  1.930505E-04 -1.998891E-02  2.048635E-08  2.049058E-08
  5.880000E+02  3.659527E-07  1.061983E-04  1.478369E-07  1.928984E-04 -5.919083E-04  2.048547E-08  2.048561E-08
  5.890000E+02 -5.229848E-08  1.068785E-04 -6.946461E-07  1.916878E-04 -1.522460E-02  2.048493E-08  2.048935E-08
  5.900000E+02 -3.223104E-07  1.058556E-04  3.460909E-07  1.935375E-04 -1.366526E-02  2.048513E-08  2.048749E-08
  5.910000E+02  2.830420E-07  1.066394E-04  4.291165E-07  1.920939E-04 -1.532658E-03  2.048476E-08  2.048579E-08
  5.920000E+02  1.208120E-07  1.065442E-04 -6.469940E-07  1.923017E-04 -2.047082E-02  2.048433E-08  2.048930E-08
  5.930000E+02 -3.568470E-07  1.059073E-04  2.840495E-08  1.934179E-04 -5.765985E-03  2.048403E-08  2.048469E-08
  5.940000E+02  1.295149E-07  1.069001E-04  6.063413E-07  1.916231E-04 -8.142591E-03  2.048384E-08  2.048670E-08
  5.950000E+02  2.619678E-07  1.061108E-04 -4.393202E-07  1.930807E-04 -1.941451E-02  2.048410E-08  2.048808E-08
  5.960000E+02 -2.992395E-07  1.062481E-04 -2.867946E-07  1.927927E-04 -1.173853E-03  2.048384E-08  2.048400E-08
  5.970000E+02 -5.128693E-08  1.068272E-04  6.199506E-07  1.917682E-04 -1.601655E-02  2.048344E-08  2.048784E-08
  5.980000E+02  3.272089E-07  1.058642E-04 -1.392263E-07  1.935090E-04 -1.296396E-02  2.048395E-08  2.048607E-08
  5.990000E+02 -1.722387E-07  1.066591E-04 -5.125206E-07  1.920537E-04 -2.617729E-03  2.048420E-08  2.048533E-08
  6.000000E+02 -2.097412E-07  1.064888E-04  4.755462E-07  1.924006E-04 -2.030166E-02  2.048429E-08  2.048902E-08
  6.010000E+02  3.064246E-07  1.059496E-04  1.822840E-07  1.933474E-04 -5.361467E-03  2.048478E-08  2.048531E-08
  6.020000E+02  6.746251E-09  1.068840E-04 -5.977510E-07  1.916621E-04 -8.999630E-03  2.048477E-08  2.048766E-08
  6.030000E+02 -3.125599E-07  1.061003E-04  1.968093E-07  1.931093E-04 -1.853377E-02  2.048545E-08  2.048908E-08
  6.040000E+02  1.995136E-07  1.063031E-04  4.627106E-07  1.927135E-04 -1.478942E-03  2.048602E-08  2.048623E-08
  6.050000E+02  1.870111E-07  1.067984E-04 -5.061585E-07  1.918436E-04 -1.624056E-02  2.048589E-08  2.049020E-08
  6.060000E+02 -3.277267E-07  1.059089E-04 -1.400194E-07  1.934523E-04 -1.221651E-02  2.048679E-08  2.048864E-08
  6.070000E+02  2.692469E-08  1.066878E-04  6.140143E-07  1.920318E-04 -3.574883E-03  2.048732E-08  2.048860E-08
  6.080000E+02  3.211623E-07  1.064602E-04 -2.563156E-07  1.924830E-04 -1.976531E-02  2.048779E-08  2.049222E-08
  6.090000E+02 -2.436186E-07  1.060177E-04 -4.547454E-07  1.932603E-04 -5.279590E-03  2.048872E-08  2.048918E-08
  6.100000E+02 -1.664855E-07  1.068642E-04  5.842212E-07  1.917373E-04 -9.959242E-03  2.048884E-08  2.049178E-08
  6.110000E+02  3.684280E-07  1.061008E-04  8.087185E-08  1.931453E-04 -1.766087E-02  2.048968E-08  2.049301E-08
  6.120000E+02 -8.277419E-08  1.063536E-04 -6.559280E-07  1.926620E-04 -2.263704E-03  2.049025E-08  2.049056E-08
  6.130000E+02 -3.242549E-07  1.067448E-04  3.761911E-07  1.919814E-04 -1.642023E-02  2.049025E-08  2.049436E-08
  6.140000E+02  3.131913E-07  1.059450E-04  4.215667E-07  1.934260E-04 -1.131469E-02  2.049121E-08  2.049284E-08
  6.150000E+02  1.155620E-07  1.067005E-04 -6.883137E-07  1.920464E-04 -4.562599E-03  2.049124E-08  2.049265E-08
  6.160000E+02 -4.086131E-07  1.064240E-04  4.378048E-08  1.925822E-04 -1.907503E-02  2.049164E-08  2.049575E-08
  6.170000E+02  1.653841E-07  1.060826E-04  6.830047E-07  1.931741E-04 -5.082634E-03  2.049215E-08  2.049259E-08
  6.180000E+02  3.016388E-07  1.068411E-04 -5.307814E-07  1.918095E-04 -1.068798E-02  2.049196E-08  2.049494E-08
  6.190000E+02 -3.915505E-07  1.061051E-04 -3.322103E-07  1.931634E-04 -1.644935E-02  2.049286E-08  2.049582E-08
  6.200000E+02 -3.936296E-08  1.064102E-04  7.876839E-07  1.925819E-04 -2.800012E-03  2.049261E-08  2.049308E-08
  6.210000E+02  4.272358E-07  1.067055E-04 -2.158231E-07  1.920737E-04 -1.658048E-02  2.049250E-08  2.049653E-08
  6.220000E+02 -2.672027E-07  1.059908E-04 -6.523215E-07  1.933593E-04 -1.060057E-02  2.049315E-08  2.049460E-08
  6.230000E+02 -2.469253E-07  1.067095E-04  6.903626E-07  1.920413E-04 -5.712745E-03  2.049229E-08  2.049389E-08
  6.240000E+02  4.518913E-07  1.063875E-04  1.746705E-07  1.926551E-04 -1.854462E-02  2.049257E-08  2.049645E-08
  6.250000E+02 -6.420237E-08  1.061329E-04 -8.371289E-07  1.930841E-04 -5.305758E-03  2.049229E-08  2.049278E-08
  6.260000E+02 -4.137209E-07  1.067958E-04  4.161032E-07  1.918883E-04 -1.154541E-02  2.049151E-08  2.049451E-08
  6.270000E+02  3.680860E-07  1.060998E-04  5.565763E-07  1.931655E-04 -1.569932E-02  2.049230E-08  2.049505E-08
  6.280000E+02  1.659545E-07  1.064323E-04 -8.343931E-07  1.925291E-04 -3.800708E-03  2.049117E-08  2.049180E-08
  6.290000E+02 -4.942496E-07  1.066404E-04  2.328886E-08  1.921770E-04 -1.667399E-02  2.049099E-08  2.049486E-08
  6.300000E+02  1.888712E-07  1.060125E-04  8.323974E-07  1.933006E-04 -1.013497E-02  2.049123E-08  2.049258E-08
  6.310000E+02  3.690653E-07  1.066814E-04 -6.297255E-07  1.920660E-04 -6.627480E-03  2.048942E-08  2.049110E-08
  6.320000E+02 -4.574809E-07  1.063359E-04 -3.944809E-07  1.927207E-04 -1.766547E-02  2.048993E-08  2.049347E-08
  6.330000E+02 -4.686342E-08  1.061586E-04  9.207059E-07  1.930074E-04 -5.174908E-03  2.048911E-08  2.048962E-08
  6.340000E+02  4.931032E-07  1.067357E-04 -2.702701E-07  1.919610E-04 -1.180340E-02  2.048767E-08  2.049055E-08
  6.350000E+02 -3.213584E-07  1.060796E-04 -7.309329E-07  1.931638E-04 -1.449362E-02  2.048859E-08  2.049100E-08
  6.360000E+02 -2.704965E-07  1.064349E-04  8.206598E-07  1.924833E-04 -4.051700E-03  2.048678E-08  2.048749E-08
  6.370000E+02  5.213327E-07  1.065710E-04  1.433996E-07  1.922629E-04 -1.614597E-02  2.048699E-08  2.049053E-08
  6.380000E+02 -1.131409E-07  1.060230E-04 -9.342878E-07  1.932437E-04 -9.213095E-03  2.048741E-08  2.048859E-08
  6.390000E+02 -4.474780E-07  1.066585E-04  5.522498E-07  1.920638E-04 -7.210052E-03  2.048470E-08  2.048645E-08
  6.400000E+02  4.529042E-07  1.062917E-04  5.425844E-07  1.927637E-04 -1.692621E-02  2.048624E-08  2.048951E-08
  6.410000E+02  1.219176E-07  1.061884E-04 -9.734287E-07  1.929195E-04 -5.228718E-03  2.048554E-08  2.048610E-08
  6.420000E+02 -5.504854E-07  1.066943E-04  1.793362E-07  1.920012E-04 -1.247344E-02  2.048385E-08  2.048681E-08
  6.430000E+02  2.975988E-07  1.060748E-04  8.573699E-07  1.931455E-04 -1.392032E-02  2.048588E-08  2.048817E-08
  6.440000E+02  3.400993E-07  1.064593E-04 -8.313143E-07  1.924105E-04 -4.816916E-03  2.048366E-08  2.048455E-08
  6.450000E+02 -5.590671E-07  1.065328E-04 -2.394994E-07  1.923067E-04 -1.633209E-02  2.048424E-08  2.048780E-08
  6.460000E+02  8.163708E-08  1.060578E-04  1.027083E-06  1.931621E-04 -8.927886E-03  2.048553E-08  2.048668E-08
  6.470000E+02  5.064747E-07  1.066634E-04 -5.405408E-07  1.920378E-04 -8.140801E-03  2.048273E-08  2.048471E-08
  6.480000E+02 -4.717829E-07  1.062738E-04 -6.350332E-07  1.927857E-04 -1.654503E-02  2.048527E-08  2.048844E-08
  6.490000E+02 -1.583967E-07  1.062348E-04  1.032958E-06  1.928311E-04 -5.393254E-03  2.048506E-08  2.048570E-08
  6.500000E+02  5.988560E-07  1.066736E-04 -1.440908E-07  1.920379E-04 -1.292460E-02  2.048366E-08  2.048671E-08
  6.510000E+02 -2.971903E-07  1.060884E-04 -9.397745E-07  1.931266E-04 -1.320400E-02  2.048670E-08  2.048883E-08
  6.520000E+02 -3.783652E-07  1.064848E-04  8.544491E-07  1.923777E-04 -5.445605E-03  2.048499E-08  2.048604E-08
  6.530000E+02  5.902670E-07  1.064965E-04  2.878044E-07  1.923850E-04 -1.614172E-02  2.048566E-08  2.048909E-08
  6.540000E+02 -6.867382E-08  1.060924E-04 -1.085116E-06  1.931181E-04 -8.677708E-03  2.048759E-08  2.048871E-08
  6.550000E+02 -5.379543E-07  1.066508E-04  5.381935E-07  1.920889E-04 -8.957164E-03  2.048562E-08  2.048770E-08
  6.560000E+02  4.858444E-07  1.062559E-04  6.715207E-07  1.928441E-04 -1.600052E-02  2.048819E-08  2.049119E-08
  6.570000E+02  1.639523E-07  1.062789E-04 -1.055226E-06  1.927842E-04 -5.787729E-03  2.048854E-08  2.048927E-08
  6.580000E+02 -6.094734E-07  1.066388E-04  1.517262E-07  1.921380E-04 -1.339635E-02  2.048753E-08  2.049056E-08
  6.590000E+02  3.128961E-07  1.061103E-04  9.346715E-07  1.931201E-04 -1.244599E-02  2.049044E-08  2.049237E-08
  6.600000E+02  3.621032E-07  1.065271E-04 -8.722776E-07  1.923460E-04 -6.311636E-03  2.048966E-08  2.049089E-08
  6.610000E+02 -5.928988E-07  1.064638E-04 -2.438043E-07  1.924840E-04 -1.604263E-02  2.048995E-08  2.049324E-08
  6.620000E+02  1.024647E-07  1.061537E-04  1.059812E-06  1.930461E-04 -8.141843E-03  2.049188E-08  2.049288E-08
  6.630000E+02  5.056814E-07  1.066619E-04 -5.806776E-07  1.921207E-04 -9.873279E-03  2.049097E-08  2.049319E-08
  6.640000E+02 -4.971095E-07  1.062361E-04 -5.912520E-07  1.929152E-04 -1.510087E-02  2.049222E-08  2.049490E-08
  6.650000E+02 -1.125578E-07  1.063466E-04  1.036276E-06  1.927022E-04 -5.832527E-03  2.049288E-08  2.049366E-08
  6.660000E+02  5.796034E-07  1.066087E-04 -2.229929E-07  1.922377E-04 -1.400269E-02  2.049220E-08  2.049523E-08
  6.670000E+02 -3.399796E-07  1.061182E-04 -8.514827E-07  1.931333E-04 -1.143388E-02  2.049362E-08  2.049527E-08
  6.680000E+02 -3.027222E-07  1.065640E-04  8.792711E-07  1.923155E-04 -7.037977E-03  2.049339E-08  2.049476E-08
  6.690000E+02  5.734901E-07  1.064097E-04  1.415615E-07  1.926103E-04 -1.596973E-02  2.049299E-08  2.049611E-08
  6.700000E+02 -1.504235E-07  1.061886E-04 -9.909238E-07  1.930005E-04 -7.496195E-03  2.049388E-08  2.049475E-08
  6.710000E+02 -4.479377E-07  1.066633E-04  6.342409E-07  1.921445E-04 -1.090706E-02  2.049355E-08  2.049594E-08
  6.720000E+02  5.092436E-07  1.062030E-04  4.766873E-07  1.929848E-04 -1.458479E-02  2.049338E-08  2.049586E-08
  6.730000E+02  4.285397E-08  1.063971E-04 -1.019175E-06  1.926206E-04 -5.998206E-03  2.049391E-08  2.049475E-08
  6.740000E+02 -5.427683E-07  1.065806E-04  3.337504E-07  1.922988E-04 -1.465910E-02  2.049312E-08  2.049623E-08
  6.750000E+02  3.873754E-07  1.061314E-04  7.593591E-07  1.931016E-04 -1.067521E-02  2.049298E-08  2.049444E-08
  6.760000E+02  2.355558E-07  1.066003E-04 -9.263766E-07  1.922495E-04 -7.832016E-03  2.049322E-08  2.049481E-08
  6.770000E+02 -5.740585E-07  1.063744E-04 -2.386775E-08  1.926662E-04 -1.584122E-02  2.049218E-08  2.049521E-08
  6.780000E+02  2.112141E-07  1.062370E-04  9.561595E-07  1.928941E-04 -7.124437E-03  2.049197E-08  2.049281E-08
  6.790000E+02  4.095777E-07  1.066596E-04 -7.132792E-07  1.921361E-04 -1.179417E-02  2.049174E-08  2.049434E-08
  6.800000E+02 -5.296117E-07  1.061840E-04 -3.960219E-07  1.929908E-04 -1.374877E-02  2.049059E-08  2.049283E-08
  6.810000E+02  7.094764E-09  1.064410E-04  1.016561E-06  1.925132E-04 -6.055167E-03  2.049093E-08  2.049188E-08
  6.820000E+02  5.195915E-07  1.065344E-04 -4.082462E-07  1.923521E-04 -1.487260E-02  2.048984E-08  2.049290E-08
  6.830000E+02 -4.135134E-07  1.061294E-04 -7.006679E-07  1.930623E-04 -9.486720E-03  2.048866E-08  2.048988E-08
  6.840000E+02 -1.982697E-07  1.066144E-04  9.469106E-07  1.921878E-04 -8.179060E-03  2.048930E-08  2.049103E-08
  6.850000E+02  5.690007E-07  1.063140E-04 -3.698826E-08  1.927347E-04 -1.523283E-02  2.048801E-08  2.049077E-08
  6.860000E+02 -2.414633E-07  1.062574E-04 -9.310979E-07  1.928098E-04 -6.194838E-03  2.048708E-08  2.048781E-08
  6.870000E+02 -3.856029E-07  1.066327E-04  7.516592E-07  1.921408E-04 -1.213536E-02  2.048698E-08  2.048961E-08
  6.880000E+02  5.423709E-07  1.061420E-04  3.557995E-07  1.930203E-04 -1.251435E-02  2.048596E-08  2.048787E-08
  6.890000E+02 -2.481108E-08  1.064761E-04 -1.034934E-06  1.924053E-04 -5.945312E-03  2.048620E-08  2.048724E-08
  6.900000E+02 -5.261010E-07  1.064853E-04  4.332905E-07  1.923970E-04 -1.516292E-02  2.048510E-08  2.048816E-08
  6.910000E+02  4.307591E-07  1.061343E-04  7.180616E-07  1.930102E-04 -8.573880E-03  2.048425E-08  2.048532E-08
  6.920000E+02  2.078193E-07  1.066360E-04 -9.899936E-07  1.921104E-04 -8.956314E-03  2.048507E-08  2.048707E-08
  6.930000E+02 -6.004232E-07  1.062720E-04  2.522478E-08  1.927751E-04 -1.525145E-02  2.048422E-08  2.048699E-08
  6.940000E+02  2.496911E-07  1.062856E-04  1.002470E-06  1.927265E-04 -5.994657E-03  2.048368E-08  2.048446E-08
  6.950000E+02  4.287505E-07  1.066234E-04 -7.970442E-07  1.921308E-04 -1.307760E-02  2.048388E-08  2.048680E-08
  6.960000E+02 -5.862942E-07  1.061181E-04 -4.292105E-07  1.930448E-04 -1.235685E-02  2.048399E-08  2.048592E-08
  6.970000E+02  6.057032E-09  1.065003E-04  1.145584E-06  1.923434E-04 -6.328532E-03  2.048423E-08  2.048546E-08
  6.980000E+02  5.981098E-07  1.064575E-04 -4.367948E-07  1.924355E-04 -1.571362E-02  2.048366E-08  2.048692E-08
  6.990000E+02 -4.685358E-07  1.061348E-04 -8.465466E-07  1.930067E-04 -8.298186E-03  2.048402E-08  2.048512E-08
  7.000000E+02 -2.614162E-07  1.066395E-04  1.109388E-06  1.920991E-04 -9.511109E-03  2.048442E-08  2.048663E-08
  7.010000E+02  6.856407E-07  1.062440E-04  3.567448E-08  1.928303E-04 -1.507232E-02  2.048472E-08  2.048751E-08
  7.020000E+02 -2.585299E-07  1.063173E-04 -1.174844E-06  1.926831E-04 -5.823029E-03  2.048520E-08  2.048609E-08
  7.030000E+02 -5.171739E-07  1.066134E-04  8.768144E-07  1.921624E-04 -1.351192E-02  2.048521E-08  2.048831E-08
  7.040000E+02  6.683779E-07  1.061260E-04  5.567777E-07  1.930536E-04 -1.170167E-02  2.048660E-08  2.048850E-08
  7.050000E+02  2.364066E-08  1.065446E-04 -1.339674E-06  1.922874E-04 -6.655032E-03  2.048673E-08  2.048824E-08
  7.060000E+02 -7.146196E-07  1.064468E-04  4.559064E-07  1.924859E-04 -1.579608E-02  2.048695E-08  2.049033E-08
  7.070000E+02  5.316866E-07  1.061747E-04  1.045906E-06  1.929746E-04 -7.857199E-03  2.048839E-08  2.048958E-08
  7.080000E+02  3.347249E-07  1.066605E-04 -1.293895E-06  1.920952E-04 -1.013819E-02  2.048792E-08  2.049045E-08
  7.090000E+02 -8.112254E-07  1.062367E-04 -9.489717E-08  1.928855E-04 -1.481958E-02  2.048928E-08  2.049215E-08
  7.100000E+02  2.831927E-07  1.063605E-04  1.408909E-06  1.926516E-04 -5.839003E-03  2.049017E-08  2.049128E-08
  7.110000E+02  6.193962E-07  1.066074E-04 -9.991990E-07  1.922171E-04 -1.410811E-02  2.048973E-08  2.049311E-08
  7.120000E+02 -7.702099E-07  1.061296E-04 -6.847001E-07  1.930924E-04 -1.138390E-02  2.049150E-08  2.049350E-08
  7.130000E+02 -4.480416E-08  1.065652E-04  1.559109E-06  1.922902E-04 -6.979396E-03  2.049094E-08  2.049270E-08
  7.140000E+02  8.274501E-07  1.064274E-04 -4.950505E-07  1.925661E-04 -1.574901E-02  2.049177E-08  2.049525E-08
  7.150000E+02 -5.955358E-07  1.061998E-04 -1.215562E-06  1.929732E-04 -7.475328E-03  2.049314E-08  2.049445E-08
  7.160000E+02 -3.899258E-07  1.066674E-04  1.458486E-06  1.921180E-04 -1.057478E-02  2.049158E-08  2.049437E-08
  7.170000E+02  9.098004E-07  1.062329E-04  1.302011E-07  1.929318E-04 -1.436756E-02  2.049359E-08  2.049647E-08
  7.180000E+02 -3.020316E-07  1.063970E-04 -1.588142E-06  1.926190E-04 -5.788806E-03  2.049374E-08  2.049505E-08
  7.190000E+02 -6.997273E-07  1.065987E-04  1.094757E-06  1.922614E-04 -1.425376E-02  2.049272E-08  2.049624E-08
  7.200000E+02  8.470168E-07  1.061498E-04  7.863439E-07  1.930842E-04 -1.074715E-02  2.049468E-08  2.049669E-08
  7.210000E+02  6.822754E-08  1.065953E-04 -1.722974E-06  1.922557E-04 -7.454943E-03  2.049298E-08  2.049503E-08
  7.220000E+02 -9.077611E-07  1.064104E-04  5.114895E-07  1.926155E-04 -1.573880E-02  2.049376E-08  2.049732E-08
  7.230000E+02  6.275392E-07  1.062335E-04  1.341935E-06  1.929264E-04 -7.310168E-03  2.049469E-08  2.049610E-08
  7.240000E+02  4.408445E-07  1.066596E-04 -1.553818E-06  1.921367E-04 -1.129515E-02  2.049191E-08  2.049494E-08
  7.250000E+02 -9.693383E-07  1.062162E-04 -1.804324E-07  1.929650E-04 -1.407006E-02  2.049399E-08  2.049688E-08
  7.260000E+02  2.939353E-07  1.064205E-04  1.703390E-06  1.925739E-04 -6.204990E-03  2.049343E-08  2.049493E-08
  7.270000E+02  7.525547E-07  1.065590E-04 -1.116582E-06  1.923230E-04 -1.471540E-02  2.049152E-08  2.049516E-08
  7.280000E+02 -8.707011E-07  1.061509E-04 -8.606818E-07  1.930689E-04 -1.041873E-02  2.049333E-08  2.049533E-08
  7.290000E+02 -9.700163E-08  1.065929E-04  1.788337E-06  1.922417E-04 -8.253624E-03  2.049091E-08  2.049317E-08
  7.300000E+02  9.461520E-07  1.063581E-04 -4.864913E-07  1.926826E-04 -1.563576E-02  2.049085E-08  2.049436E-08
  7.310000E+02 -6.200710E-07  1.062398E-04 -1.411717E-06  1.928873E-04 -7.030646E-03  2.049180E-08  2.049322E-08
  7.320000E+02 -4.748277E-07  1.066281E-04  1.559075E-06  1.921622E-04 -1.170444E-02  2.048849E-08  2.049156E-08
  7.330000E+02  9.775478E-07  1.061752E-04  2.299876E-07  1.929975E-04 -1.328391E-02  2.048973E-08  2.049242E-08
  7.340000E+02 -2.595116E-07  1.064279E-04 -1.723065E-06  1.925223E-04 -6.100873E-03  2.048935E-08  2.049088E-08
  7.350000E+02 -7.639579E-07  1.065052E-04  1.067077E-06  1.923780E-04 -1.464853E-02  2.048706E-08  2.049055E-08
  7.360000E+02  8.446451E-07  1.061324E-04  8.850606E-07  1.930570E-04 -9.420016E-03  2.048870E-08  2.049048E-08
  7.370000E+02  1.243938E-07  1.065819E-04 -1.747044E-06  1.922199E-04 -8.370490E-03  2.048644E-08  2.048869E-08
  7.380000E+02 -9.274597E-07  1.063005E-04  4.344664E-07  1.927371E-04 -1.505690E-02  2.048573E-08  2.048897E-08
  7.390000E+02  5.837175E-07  1.062494E-04  1.391199E-06  1.928252E-04 -6.479510E-03  2.048713E-08  2.048843E-08
  7.400000E+02  4.744584E-07  1.066021E-04 -1.499803E-06  1.921709E-04 -1.218523E-02  2.048430E-08  2.048739E-08
  7.410000E+02 -9.455441E-07  1.061431E-04 -2.364438E-07  1.930103E-04 -1.277280E-02  2.048505E-08  2.048755E-08
  7.420000E+02  2.467742E-07  1.064451E-04  1.669687E-06  1.924528E-04 -6.371042E-03  2.048525E-08  2.048681E-08
  7.430000E+02  7.424922E-07  1.064766E-04 -1.037078E-06  1.923966E-04 -1.512945E-02  2.048339E-08  2.048693E-08
  7.440000E+02 -8.148431E-07  1.061324E-04 -8.481992E-07  1.930231E-04 -9.151637E-03  2.048516E-08  2.048682E-08
  7.450000E+02 -1.142822E-07  1.065952E-04  1.679993E-06  1.921702E-04 -8.944559E-03  2.048360E-08  2.048594E-08
  7.460000E+02  8.892809E-07  1.062858E-04 -4.379860E-07  1.927383E-04 -1.519388E-02  2.048299E-08  2.048620E-08
  7.470000E+02 -5.680926E-07  1.062736E-04 -1.311878E-06  1.927606E-04 -6.519675E-03  2.048493E-08  2.048619E-08
  7.480000E+02 -4.439815E-07  1.066015E-04  1.442498E-06  1.921648E-04 -1.265703E-02  2.048342E-08  2.048657E-08
  7.490000E+02  9.020179E-07  1.061451E-04  2.012755E-07  1.929966E-04 -1.250491E-02  2.048404E-08  2.048639E-08
  7.500000E+02 -2.455044E-07  1.064730E-04 -1.572153E-06  1.924000E-04 -6.622664E-03  2.048497E-08  2.048654E-08
  7.510000E+02 -7.002476E-07  1.064598E-04  9.968262E-07  1.924357E-04 -1.520757E-02  2.048430E-08  2.048774E-08
  7.520000E+02  7.756852E-07  1.061476E-04  7.933318E-07  1.930010E-04 -8.766114E-03  2.048582E-08  2.048732E-08
  7.530000E+02  1.033724E-07  1.066066E-04 -1.585419E-06  1.921693E-04 -9.406800E-03  2.048560E-08  2.048797E-08
  7.540000E+02 -8.410179E-07  1.062632E-04  4.154947E-07  1.928039E-04 -1.507689E-02  2.048562E-08  2.048869E-08
  7.550000E+02  5.379503E-07  1.062962E-04  1.232626E-06  1.927430E-04 -6.426764E-03  2.048744E-08  2.048862E-08
  7.560000E+02  4.139291E-07  1.065993E-04 -1.354019E-06  1.922076E-04 -1.325254E-02  2.048740E-08  2.049057E-08
  7.570000E+02 -8.441455E-07  1.061335E-04 -1.806013E-07  1.930506E-04 -1.231505E-02  2.048759E-08  2.048980E-08
  7.580000E+02  2.407489E-07  1.064996E-04  1.450289E-06  1.923860E-04 -6.720994E-03  2.048857E-08  2.049009E-08
  7.590000E+02  6.368588E-07  1.064594E-04 -9.448636E-07  1.924843E-04 -1.553758E-02  2.048929E-08  2.049270E-08
  7.600000E+02 -7.263886E-07  1.061587E-04 -6.944780E-07  1.930175E-04 -8.550256E-03  2.048972E-08  2.049109E-08
  7.610000E+02 -6.375497E-08  1.066398E-04  1.450477E-06  1.921537E-04 -9.637601E-03  2.049029E-08  2.049265E-08
  7.620000E+02  7.557188E-07  1.062707E-04 -4.372501E-07  1.928392E-04 -1.520246E-02  2.049080E-08  2.049378E-08
  7.630000E+02 -5.211127E-07  1.063132E-04 -1.068203E-06  1.927500E-04 -6.161901E-03  2.049148E-08  2.049251E-08
  7.640000E+02 -3.304366E-07  1.066229E-04  1.254527E-06  1.922142E-04 -1.324901E-02  2.049264E-08  2.049572E-08
  7.650000E+02  7.631258E-07  1.061390E-04  7.837151E-08  1.930819E-04 -1.229036E-02  2.049198E-08  2.049406E-08
  7.660000E+02 -2.670806E-07  1.065119E-04 -1.274213E-06  1.923986E-04 -6.561537E-03  2.049230E-08  2.049369E-08
  7.670000E+02 -5.324341E-07  1.064708E-04  9.155075E-07  1.925077E-04 -1.562355E-02  2.049394E-08  2.049724E-08
  7.680000E+02  6.769656E-07  1.061522E-04  5.271362E-07  1.930581E-04 -8.557254E-03  2.049279E-08  2.049404E-08
  7.690000E+02 -9.593986E-09  1.066442E-04 -1.300182E-06  1.921758E-04 -9.491417E-03  2.049350E-08  2.049571E-08
  7.700000E+02 -6.482859E-07  1.062718E-04  5.011431E-07  1.928682E-04 -1.534006E-02  2.049404E-08  2.049694E-08
  7.710000E+02  5.227410E-07  1.063069E-04  8.686713E-07  1.927768E-04 -6.187866E-03  2.049311E-08  2.049403E-08
  7.720000E+02  2.218177E-07  1.066359E-04 -1.184979E-06  1.922108E-04 -1.338098E-02  2.049473E-08  2.049776E-08
  7.730000E+02 -6.889237E-07  1.061369E-04  8.008464E-08  1.930997E-04 -1.254675E-02  2.049338E-08  2.049543E-08
  7.740000E+02  3.293477E-07  1.065159E-04  1.095705E-06  1.923969E-04 -6.465177E-03  2.049291E-08  2.049421E-08
  7.750000E+02  4.130861E-07  1.064914E-04 -9.492031E-07  1.924761E-04 -1.578825E-02  2.049450E-08  2.049782E-08
  7.760000E+02 -6.514369E-07  1.061517E-04 -3.247294E-07  1.930528E-04 -8.749327E-03  2.049210E-08  2.049330E-08
  7.770000E+02  1.065705E-07  1.066565E-04  1.186501E-06  1.921460E-04 -9.357801E-03  2.049272E-08  2.049488E-08
  7.780000E+02  5.523400E-07  1.062880E-04 -6.081708E-07  1.928301E-04 -1.554431E-02  2.049306E-08  2.049596E-08
  7.790000E+02 -5.358513E-07  1.063040E-04 -6.847666E-07  1.927603E-04 -6.197020E-03  2.049079E-08  2.049165E-08
  7.800000E+02 -1.209036E-07  1.066487E-04  1.126711E-06  1.921630E-04 -1.323611E-02  2.049214E-08  2.049514E-08
  7.810000E+02  6.161741E-07  1.061336E-04 -2.132215E-07  1.930796E-04 -1.252388E-02  2.049062E-08  2.049259E-08
  7.820000E+02 -3.661206E-07  1.065064E-04 -9.293260E-07  1.923833E-04 -6.072712E-03  2.048967E-08  2.049085E-08
  7.830000E+02 -3.091214E-07  1.064868E-04  9.347818E-07  1.924476E-04 -1.555002E-02  2.049065E-08  2.049383E-08
  7.840000E+02  6.009679E-07  1.061329E-04  1.690375E-07  1.930487E-04 -8.347118E-03  2.048810E-08  2.048915E-08
  7.850000E+02 -1.667642E-07  1.066491E-04 -1.050844E-06  1.921202E-04 -8.877401E-03  2.048863E-08  2.049064E-08
  7.860000E+02 -4.567536E-07  1.062665E-04  6.488624E-07  1.928264E-04 -1.521558E-02  2.048861E-08  2.049133E-08
  7.870000E+02  5.179421E-07  1.062852E-04  5.207761E-07  1.927506E-04 -5.513395E-03  2.048623E-08  2.048693E-08
  7.880000E+02  4.452809E-08  1.066396E-04 -1.044035E-06  1.921320E-04 -1.288158E-02  2.048718E-08  2.049003E-08
  7.890000E+02 -5.463656E-07  1.061139E-04  2.932061E-07  1.930723E-04 -1.221826E-02  2.048612E-08  2.048795E-08
  7.900000E+02  3.728936E-07  1.065023E-04  7.984460E-07  1.923493E-04 -5.778408E-03  2.048531E-08  2.048641E-08
  7.910000E+02  2.434951E-07  1.064830E-04 -8.970080E-07  1.924119E-04 -1.563134E-02  2.048609E-08  2.048926E-08
  7.920000E+02 -5.584051E-07  1.061257E-04 -8.892329E-08  1.930271E-04 -8.362080E-03  2.048441E-08  2.048541E-08
  7.930000E+02  1.868165E-07  1.066502E-04  9.693961E-07  1.920820E-04 -8.967828E-03  2.048476E-08  2.048680E-08
  7.940000E+02  4.142327E-07  1.062655E-04 -6.483605E-07  1.927970E-04 -1.553755E-02  2.048521E-08  2.048800E-08
  7.950000E+02 -5.055772E-07  1.062784E-04 -4.642709E-07  1.927415E-04 -5.800883E-03  2.048392E-08  2.048462E-08
  7.960000E+02 -2.521378E-08  1.066347E-04  1.014809E-06  1.921155E-04 -1.311003E-02  2.048441E-08  2.048732E-08
  7.970000E+02  5.282384E-07  1.061126E-04 -3.042706E-07  1.930613E-04 -1.260908E-02  2.048460E-08  2.048651E-08
  7.980000E+02 -3.751444E-07  1.064921E-04 -7.806682E-07  1.923577E-04 -6.015175E-03  2.048420E-08  2.048531E-08
  7.990000E+02 -2.378495E-07  1.064806E-04  9.059916E-07  1.924083E-04 -1.575467E-02  2.048520E-08  2.048841E-08
  8.000000E+02  5.677437E-07  1.061222E-04  8.764536E-08  1.930411E-04 -8.615326E-03  2.048520E-08  2.048626E-08
  8.010000E+02 -1.880385E-07  1.066390E-04 -9.950799E-07  1.921028E-04 -8.891959E-03  2.048484E-08  2.048683E-08
  8.020000E+02 -4.316628E-07  1.062776E-04  6.615328E-07  1.927856E-04 -1.551821E-02  2.048632E-08  2.048914E-08
  8.030000E+02  5.218858E-07  1.062837E-04  4.968945E-07  1.927573E-04 -5.908063E-03  2.048661E-08  2.048735E-08
  8.040000E+02  3.811421E-08  1.066424E-04 -1.066625E-06  1.921172E-04 -1.282571E-02  2.048614E-08  2.048901E-08
  8.050000E+02 -5.667837E-07  1.061423E-04  2.993938E-07  1.930363E-04 -1.268690E-02  2.048767E-08  2.048964E-08
  8.060000E+02  3.909845E-07  1.065036E-04  8.552793E-07  1.923691E-04 -6.109320E-03  2.048762E-08  2.048878E-08
  8.070000E+02  2.753199E-07  1.065035E-04 -9.661368E-07  1.923980E-04 -1.558094E-02  2.048857E-08  2.049181E-08
  8.080000E+02 -6.175879E-07  1.061455E-04 -1.301422E-07  1.930446E-04 -8.832863E-03  2.049002E-08  2.049117E-08
  8.090000E+02  1.911489E-07  1.066446E-04  1.097362E-06  1.921287E-04 -8.935310E-03  2.048867E-08  2.049072E-08
  8.100000E+02  4.815061E-07  1.062996E-04 -7.068732E-07  1.927874E-04 -1.552825E-02  2.049075E-08  2.049363E-08
  8.110000E+02 -5.651303E-07  1.062932E-04 -5.629032E-07  1.927878E-04 -6.278764E-03  2.049163E-08  2.049247E-08
  8.120000E+02 -5.169611E-08  1.066396E-04  1.157823E-06  1.921613E-04 -1.280057E-02  2.049032E-08  2.049319E-08
  8.130000E+02  6.191261E-07  1.061594E-04 -3.140097E-07  1.930498E-04 -1.272154E-02  2.049239E-08  2.049443E-08
  8.140000E+02 -4.188548E-07  1.064983E-04 -9.351998E-07  1.924188E-04 -6.283114E-03  2.049187E-08  2.049308E-08
  8.150000E+02 -2.974441E-07  1.065045E-04  1.035202E-06  1.924311E-04 -1.523558E-02  2.049241E-08  2.049556E-08
  8.160000E+02  6.600644E-07  1.061685E-04  1.364445E-07  1.930426E-04 -8.903485E-03  2.049424E-08  2.049545E-08
  8.170000E+02 -2.045284E-07  1.066416E-04 -1.164803E-06  1.921652E-04 -8.997350E-03  2.049198E-08  2.049404E-08
  8.180000E+02 -5.072264E-07  1.063144E-04  7.533688E-07  1.927917E-04 -1.515677E-02  2.049418E-08  2.049700E-08
  8.190000E+02  6.015950E-07  1.063120E-04  5.938762E-07  1.927832E-04 -6.340784E-03  2.049475E-08  2.049566E-08
  8.200000E+02  4.925503E-08  1.066420E-04 -1.221666E-06  1.921793E-04 -1.259904E-02  2.049275E-08  2.049560E-08
  8.210000E+02 -6.470615E-07  1.061865E-04  3.474351E-07  1.930250E-04 -1.265586E-02  2.049501E-08  2.049706E-08
  8.220000E+02  4.444849E-07  1.065036E-04  9.651428E-07  1.924260E-04 -6.606650E-03  2.049361E-08  2.049491E-08
  8.230000E+02  2.960298E-07  1.065062E-04 -1.076605E-06  1.924394E-04 -1.511088E-02  2.049365E-08  2.049679E-08
  8.240000E+02 -6.767439E-07  1.061862E-04 -1.154847E-07  1.930204E-04 -9.176857E-03  2.049523E-08  2.049652E-08
  8.250000E+02  2.228382E-07  1.066217E-04  1.174769E-06  1.922018E-04 -9.355884E-03  2.049198E-08  2.049406E-08
  8.260000E+02  4.977492E-07  1.063135E-04 -7.844692E-07  1.927901E-04 -1.498498E-02  2.049388E-08  2.049664E-08
  8.270000E+02 -6.055193E-07  1.063155E-04 -5.570653E-07  1.927700E-04 -6.938277E-03  2.049393E-08  2.049492E-08
  8.280000E+02 -2.080892E-08  1.066068E-04  1.204247E-06  1.922274E-04 -1.279902E-02  2.049106E-08  2.049385E-08
  8.290000E+02  6.184058E-07  1.061898E-04 -3.953076E-07  1.930028E-04 -1.254125E-02  2.049332E-08  2.049532E-08
  8.300000E+02 -4.536850E-07  1.064846E-04 -8.958217E-07  1.924404E-04 -7.231188E-03  2.049141E-08  2.049272E-08
  8.310000E+02 -2.491488E-07  1.064630E-04  1.065724E-06  1.924870E-04 -1.476919E-02  2.049050E-08  2.049342E-08
  8.320000E+02  6.420113E-07  1.061919E-04  3.360192E-08  1.929790E-04 -8.972799E-03  2.049199E-08  2.049319E-08
  8.330000E+02 -2.480645E-07  1.065827E-04 -1.080072E-06  1.922426E-04 -9.515963E-03  2.048881E-08  2.049077E-08
  8.340000E+02 -4.257839E-07  1.062829E-04  7.882038E-07  1.928036E-04 -1.418455E-02  2.048966E-08  2.049211E-08
  8.350000E+02  5.702104E-07  1.063147E-04  4.173657E-07  1.927293E-04 -6.847630E-03  2.048949E-08  2.049040E-08
  8.360000E+02 -3.777807E-08  1.065559E-04 -1.093882E-06  1.922813E-04 -1.254601E-02  2.048709E-08  2.048962E-08
  8.370000E+02 -5.260839E-07  1.061719E-04  4.534085E-07  1.929900E-04 -1.161481E-02  2.048873E-08  2.049042E-08
  8.380000E+02  4.413941E-07  1.064732E-04  7.080457E-07  1.924206E-04 -7.278893E-03  2.048709E-08  2.048833E-08
  8.390000E+02  1.554593E-07  1.064208E-04 -9.845263E-07  1.925215E-04 -1.441524E-02  2.048615E-08  2.048883E-08
  8.400000E+02 -5.556949E-07  1.061939E-04  1.060087E-07  1.929314E-04 -8.625186E-03  2.048737E-08  2.048843E-08
  8.410000E+02  2.834732E-07  1.065655E-04  8.859519E-07  1.922429E-04 -9.893889E-03  2.048546E-08  2.048738E-08
  8.420000E+02  3.097588E-07  1.062608E-04 -7.868199E-07  1.928066E-04 -1.402395E-02  2.048576E-08  2.048808E-08
  8.430000E+02 -5.198799E-07  1.063239E-04 -2.126940E-07  1.926745E-04 -7.180273E-03  2.048538E-08  2.048627E-08
  8.440000E+02  1.169921E-07  1.065398E-04  9.416267E-07  1.922888E-04 -1.283741E-02  2.048473E-08  2.048723E-08
  8.450000E+02  4.093552E-07  1.061787E-04 -5.373437E-07  1.929495E-04 -1.158772E-02  2.048575E-08  2.048736E-08
  8.460000E+02 -4.368509E-07  1.064812E-04 -4.689966E-07  1.923821E-04 -7.737111E-03  2.048445E-08  2.048571E-08
  8.470000E+02 -4.211511E-08  1.064202E-04  8.943268E-07  1.925099E-04 -1.449598E-02  2.048479E-08  2.048743E-08
  8.480000E+02  4.572335E-07  1.062102E-04 -2.638698E-07  1.928855E-04 -8.788807E-03  2.048562E-08  2.048663E-08
  8.490000E+02 -3.197652E-07  1.065687E-04 -6.557360E-07  1.922363E-04 -1.007961E-02  2.048534E-08  2.048723E-08
  8.500000E+02 -1.823770E-07  1.062692E-04  7.590538E-07  1.927922E-04 -1.392609E-02  2.048589E-08  2.048812E-08
  8.510000E+02  4.488112E-07  1.063329E-04  1.054842E-08  1.926579E-04 -7.234069E-03  2.048534E-08  2.048618E-08
  8.520000E+02 -1.792488E-07  1.065432E-04 -7.484778E-07  1.923011E-04 -1.280837E-02  2.048670E-08  2.048911E-08
  8.530000E+02 -2.909838E-07  1.061827E-04  5.609644E-07  1.929575E-04 -1.163921E-02  2.048736E-08  2.048891E-08
  8.540000E+02  3.967230E-07  1.064767E-04  2.587775E-07  1.924098E-04 -7.786974E-03  2.048654E-08  2.048770E-08
  8.550000E+02 -3.886473E-08  1.064263E-04 -7.481485E-07  1.925279E-04 -1.455539E-02  2.048787E-08  2.049045E-08
  8.560000E+02 -3.514254E-07  1.062064E-04  3.454610E-07  1.929147E-04 -9.129266E-03  2.048792E-08  2.048893E-08
  8.570000E+02  3.183232E-07  1.065666E-04  4.397134E-07  1.922749E-04 -9.999656E-03  2.048906E-08  2.049083E-08
  8.580000E+02  7.904718E-08  1.062860E-04 -6.820432E-07  1.927971E-04 -1.408437E-02  2.048960E-08  2.049182E-08
  8.590000E+02 -3.740168E-07  1.063327E-04  1.399098E-07  1.926905E-04 -7.451233E-03  2.048875E-08  2.048956E-08
  8.600000E+02  2.300871E-07  1.065601E-04  5.585667E-07  1.923137E-04 -1.266248E-02  2.049132E-08  2.049367E-08
  8.610000E+02  1.790219E-07  1.062065E-04 -5.841283E-07  1.929513E-04 -1.191379E-02  2.049123E-08  2.049281E-08
  8.620000E+02 -3.704049E-07  1.064854E-04 -5.756834E-08  1.924350E-04 -7.809026E-03  2.049090E-08  2.049203E-08
  8.630000E+02  1.348255E-07  1.064475E-04  6.246240E-07  1.925307E-04 -1.433360E-02  2.049231E-08  2.049482E-08
  8.640000E+02  2.587733E-07  1.062199E-04 -4.632738E-07  1.929223E-04 -9.209876E-03  2.049132E-08  2.049232E-08
  8.650000E+02 -3.467198E-07  1.065745E-04 -2.375227E-07  1.923009E-04 -9.792612E-03  2.049339E-08  2.049510E-08
  8.660000E+02  3.096983E-08  1.063046E-04  6.563444E-07  1.927984E-04 -1.407270E-02  2.049332E-08  2.049554E-08
  8.670000E+02  3.269118E-07  1.063265E-04 -3.155277E-07  1.927328E-04 -7.583752E-03  2.049201E-08  2.049282E-08
  8.680000E+02 -3.076082E-07  1.065639E-04 -4.059801E-07  1.923368E-04 -1.237262E-02  2.049458E-08  2.049683E-08
  8.690000E+02 -7.738431E-08  1.062112E-04  6.673367E-07  1.929646E-04 -1.213970E-02  2.049350E-08  2.049515E-08
  8.700000E+02  3.798556E-07  1.064692E-04 -1.368276E-07  1.924916E-04 -7.737668E-03  2.049382E-08  2.049490E-08
  8.710000E+02 -2.440176E-07  1.064638E-04 -5.665825E-07  1.925245E-04 -1.424508E-02  2.049480E-08  2.049733E-08
  8.720000E+02 -1.988149E-07  1.062172E-04  6.292954E-07  1.929404E-04 -9.689450E-03  2.049262E-08  2.049374E-08
  8.730000E+02  4.156593E-07  1.065701E-04  8.258095E-08  1.923218E-04 -9.679066E-03  2.049480E-08  2.049649E-08
  8.740000E+02 -1.386996E-07  1.063265E-04 -7.138445E-07  1.927680E-04 -1.418311E-02  2.049428E-08  2.049658E-08
  8.750000E+02 -3.229122E-07  1.063268E-04  5.104595E-07  1.927378E-04 -7.833563E-03  2.049256E-08  2.049345E-08
  8.760000E+02  4.128952E-07  1.065746E-04  3.293645E-07  1.923153E-04 -1.226493E-02  2.049438E-08  2.049669E-08
  8.770000E+02  1.975431E-09  1.062285E-04 -8.069226E-07  1.929239E-04 -1.232055E-02  2.049247E-08  2.049422E-08
  8.780000E+02 -4.249043E-07  1.064728E-04  3.034503E-07  1.924775E-04 -7.832001E-03  2.049300E-08  2.049416E-08
  8.790000E+02  3.471016E-07  1.064768E-04  5.668167E-07  1.924881E-04 -1.413102E-02  2.049348E-08  2.049606E-08
  8.800000E+02  1.569208E-07  1.062265E-04 -7.893629E-07  1.929034E-04 -9.757389E-03  2.049048E-08  2.049167E-08
  8.810000E+02 -4.819512E-07  1.065620E-04  4.691780E-08  1.923097E-04 -9.508045E-03  2.049198E-08  2.049369E-08
  8.820000E+02  2.367031E-07  1.063279E-04  7.610232E-07  1.927395E-04 -1.383871E-02  2.049163E-08  2.049389E-08
  8.830000E+02  3.066735E-07  1.063181E-04 -6.827935E-07  1.927280E-04 -7.581647E-03  2.048988E-08  2.049077E-08
  8.840000E+02 -4.943873E-07  1.065590E-04 -2.382838E-07  1.923072E-04 -1.184950E-02  2.049062E-08  2.049286E-08
  8.850000E+02  8.127803E-08  1.062185E-04  8.971639E-07  1.929059E-04 -1.190571E-02  2.048872E-08  2.049042E-08
  8.860000E+02  4.368904E-07  1.064556E-04 -4.682591E-07  1.924723E-04 -7.369164E-03  2.048919E-08  2.049030E-08
  8.870000E+02 -4.357064E-07  1.064616E-04 -5.263012E-07  1.924783E-04 -1.360705E-02  2.048964E-08  2.049212E-08
  8.880000E+02 -1.001368E-07  1.062130E-04  9.135162E-07  1.928954E-04 -9.290330E-03  2.048712E-08  2.048826E-08
  8.890000E+02  5.202154E-07  1.065524E-04 -1.750563E-07  1.922865E-04 -9.179755E-03  2.048773E-08  2.048943E-08
  8.900000E+02 -3.136931E-07  1.063214E-04 -7.699793E-07  1.927151E-04 -1.367465E-02  2.048782E-08  2.049009E-08
  8.910000E+02 -2.745661E-07  1.063146E-04  7.992994E-07  1.927049E-04 -7.524295E-03  2.048677E-08  2.048769E-08
  8.920000E+02  5.367711E-07  1.065571E-04  1.525498E-07  1.922770E-04 -1.185256E-02  2.048704E-08  2.048934E-08
  8.930000E+02 -1.404813E-07  1.062250E-04 -9.256610E-07  1.928681E-04 -1.215515E-02  2.048591E-08  2.048769E-08
  8.940000E+02 -4.286318E-07  1.064442E-04  5.653087E-07  1.924654E-04 -7.626270E-03  2.048623E-08  2.048740E-08
  8.950000E+02  4.727777E-07  1.064648E-04  4.901932E-07  1.924507E-04 -1.372542E-02  2.048729E-08  2.048983E-08
  8.960000E+02  6.098512E-08  1.062147E-04 -9.442156E-07  1.928829E-04 -9.853177E-03  2.048600E-08  2.048726E-08
  8.970000E+02 -5.213527E-07  1.065342E-04  2.375394E-07  1.923043E-04 -9.330587E-03  2.048608E-08  2.048777E-08
  8.980000E+02  3.348043E-07  1.063306E-04  7.609582E-07  1.926888E-04 -1.385236E-02  2.048674E-08  2.048908E-08
  8.990000E+02  2.590093E-07  1.063053E-04 -8.194856E-07  1.927210E-04 -7.975741E-03  2.048661E-08  2.048760E-08
  9.000000E+02 -5.355549E-07  1.065464E-04 -1.363088E-07  1.922961E-04 -1.176187E-02  2.048704E-08  2.048929E-08
  9.010000E+02  1.453464E-07  1.062314E-04  9.143867E-07  1.928678E-04 -1.224569E-02  2.048707E-08  2.048888E-08
  9.020000E+02  4.183313E-07  1.064391E-04 -5.616196E-07  1.924822E-04 -7.687436E-03  2.048703E-08  2.048818E-08
  9.030000E+02 -4.597652E-07  1.064716E-04 -4.854346E-07  1.924455E-04 -1.356092E-02  2.048810E-08  2.049059E-08
  9.040000E+02 -6.549670E-08  1.062296E-04  9.174277E-07  1.928795E-04 -9.861747E-03  2.048850E-08  2.048976E-08
  9.050000E+02  5.048635E-07  1.065490E-04 -2.121338E-07  1.922972E-04 -9.215868E-03  2.048820E-08  2.048987E-08
  9.060000E+02 -3.096699E-07  1.063536E-04 -7.486733E-07  1.926697E-04 -1.391382E-02  2.048913E-08  2.049149E-08
  9.070000E+02 -2.638695E-07  1.063173E-04  7.670279E-07  1.927273E-04 -8.081149E-03  2.048959E-08  2.049057E-08
  9.080000E+02  5.052211E-07  1.065635E-04  1.655284E-07  1.922926E-04 -1.165356E-02  2.048999E-08  2.049221E-08
  9.090000E+02 -1.146578E-07  1.062501E-04 -8.804285E-07  1.928723E-04 -1.242498E-02  2.049112E-08  2.049296E-08
  9.100000E+02 -4.132011E-07  1.064444E-04  5.019787E-07  1.925051E-04 -7.806377E-03  2.049047E-08  2.049161E-08
  9.110000E+02  4.230854E-07  1.064816E-04  4.983282E-07  1.924552E-04 -1.367028E-02  2.049103E-08  2.049353E-08
  9.120000E+02  8.787928E-08  1.062364E-04 -8.643281E-07  1.929078E-04 -1.007756E-02  2.049279E-08  2.049406E-08
  9.130000E+02 -4.856773E-07  1.065458E-04  1.606871E-07  1.923372E-04 -9.203095E-03  2.049185E-08  2.049347E-08
  9.140000E+02  2.718665E-07  1.063570E-04  7.393383E-07  1.926954E-04 -1.384324E-02  2.049255E-08  2.049486E-08
  9.150000E+02  2.737895E-07  1.063220E-04 -7.112660E-07  1.927528E-04 -8.100298E-03  2.049318E-08  2.049415E-08
  9.160000E+02 -4.808221E-07  1.065674E-04 -1.917331E-07  1.923123E-04 -1.154276E-02  2.049286E-08  2.049502E-08
  9.170000E+02  9.017146E-08  1.062642E-04  8.536028E-07  1.928779E-04 -1.232638E-02  2.049445E-08  2.049625E-08
  9.180000E+02  4.105956E-07  1.064503E-04 -4.528513E-07  1.925196E-04 -7.813160E-03  2.049314E-08  2.049426E-08
  9.190000E+02 -3.961745E-07  1.064886E-04 -5.117042E-07  1.924600E-04 -1.342227E-02  2.049296E-08  2.049539E-08
  9.200000E+02 -1.102853E-07  1.062587E-04  8.302757E-07  1.928898E-04 -9.957687E-03  2.049521E-08  2.049645E-08
  9.210000E+02  4.792672E-07  1.065517E-04 -1.210538E-07  1.923417E-04 -9.380349E-03  2.049343E-08  2.049508E-08
  9.220000E+02 -2.549588E-07  1.063664E-04 -7.389632E-07  1.926906E-04 -1.371344E-02  2.049388E-08  2.049615E-08
  9.230000E+02 -2.823547E-07  1.063391E-04  6.879261E-07  1.927316E-04 -8.393340E-03  2.049418E-08  2.049521E-08
  9.240000E+02  4.716849E-07  1.065538E-04  2.056744E-07  1.923396E-04 -1.175878E-02  2.049309E-08  2.049526E-08
  9.250000E+02 -8.572691E-08  1.062701E-04 -8.429714E-07  1.928718E-04 -1.226980E-02  2.049497E-08  2.049675E-08
  9.260000E+02 -4.068248E-07  1.064472E-04  4.553837E-07  1.925212E-04 -8.346881E-03  2.049263E-08  2.049384E-08
  9.270000E+02  4.011463E-07  1.064648E-04  4.924143E-07  1.924956E-04 -1.346029E-02  2.049215E-08  2.049454E-08
  9.280000E+02  8.930842E-08  1.062676E-04 -8.425071E-07  1.928658E-04 -1.010284E-02  2.049434E-08  2.049562E-08
  9.290000E+02 -4.786172E-07  1.065263E-04  1.738666E-07  1.923713E-04 -9.948670E-03  2.049160E-08  2.049331E-08
  9.300000E+02  2.890310E-07  1.063431E-04  7.167615E-07  1.927177E-04 -1.345911E-02  2.049234E-08  2.049453E-08
  9.310000E+02  2.537173E-07  1.063378E-04 -7.505814E-07  1.927136E-04 -8.544844E-03  2.049198E-08  2.049305E-08
  9.320000E+02 -4.937074E-07  1.065121E-04 -1.306563E-07  1.923864E-04 -1.176969E-02  2.049007E-08  2.049216E-08
  9.330000E+02  1.428638E-07  1.062574E-04  8.565892E-07  1.928672E-04 -1.160406E-02  2.049220E-08  2.049383E-08
  9.340000E+02  3.847162E-07  1.064368E-04 -5.686887E-07  1.925113E-04 -8.453808E-03  2.048956E-08  2.049080E-08
  9.350000E+02 -4.593280E-07  1.064194E-04 -4.118615E-07  1.925477E-04 -1.297137E-02  2.048908E-08  2.049129E-08
  9.360000E+02 -1.899561E-08  1.062635E-04  9.239197E-07  1.928402E-04 -9.491013E-03  2.049096E-08  2.049216E-08
  9.370000E+02  4.852217E-07  1.064965E-04 -3.242678E-07  1.923903E-04 -9.917795E-03  2.048788E-08  2.048955E-08
  9.380000E+02 -3.798007E-07  1.063100E-04 -6.728066E-07  1.927440E-04 -1.268097E-02  2.048896E-08  2.049095E-08
  9.390000E+02 -1.878226E-07  1.063425E-04  8.961538E-07  1.926710E-04 -8.395359E-03  2.048840E-08  2.048951E-08
  9.400000E+02  5.415193E-07  1.064772E-04 -3.036600E-08  1.924173E-04 -1.188967E-02  2.048662E-08  2.048871E-08
  9.410000E+02 -2.494978E-07  1.062519E-04 -8.865854E-07  1.928446E-04 -1.120684E-02  2.048883E-08  2.049042E-08
  9.420000E+02 -3.495176E-07  1.064379E-04  7.598739E-07  1.924803E-04 -8.939975E-03  2.048638E-08  2.048777E-08
  9.430000E+02  5.430893E-07  1.063947E-04  2.888808E-07  1.925671E-04 -1.304649E-02  2.048637E-08  2.048862E-08
  9.440000E+02 -8.548575E-08  1.062792E-04 -1.025661E-06  1.927856E-04 -9.560056E-03  2.048816E-08  2.048945E-08
  9.450000E+02 -4.884132E-07  1.064940E-04  5.351085E-07  1.923777E-04 -1.045262E-02  2.048596E-08  2.048780E-08
  9.460000E+02  4.875393E-07  1.063116E-04  6.077889E-07  1.927261E-04 -1.257174E-02  2.048740E-08  2.048942E-08
  9.470000E+02  1.021490E-07  1.063641E-04 -1.058219E-06  1.926179E-04 -8.782896E-03  2.048684E-08  2.048811E-08
  9.480000E+02 -5.809371E-07  1.064708E-04  2.290152E-07  1.924257E-04 -1.208946E-02  2.048622E-08  2.048841E-08
  9.490000E+02  3.654606E-07  1.062703E-04  8.807857E-07  1.928065E-04 -1.107167E-02  2.048834E-08  2.048998E-08
  9.500000E+02  2.902815E-07  1.064499E-04 -9.512467E-07  1.924621E-04 -9.216042E-03  2.048670E-08  2.048822E-08
  9.510000E+02 -6.063138E-07  1.063898E-04 -1.230002E-07  1.925850E-04 -1.285894E-02  2.048739E-08  2.048962E-08
  9.520000E+02  1.940717E-07  1.062957E-04  1.061680E-06  1.927579E-04 -9.577779E-03  2.048840E-08  2.048975E-08
  9.530000E+02  4.514918E-07  1.064872E-04 -7.238954E-07  1.924063E-04 -1.065409E-02  2.048764E-08  2.048954E-08
  9.540000E+02 -5.571656E-07  1.063088E-04 -4.748001E-07  1.927481E-04 -1.239925E-02  2.048923E-08  2.049123E-08
  9.550000E+02 -4.839978E-09  1.063708E-04  1.115622E-06  1.926213E-04 -9.029120E-03  2.048845E-08  2.048979E-08
  9.560000E+02  5.642026E-07  1.064585E-04 -4.144454E-07  1.924706E-04 -1.228544E-02  2.048858E-08  2.049079E-08
  9.570000E+02 -4.454107E-07  1.062765E-04 -7.862148E-07  1.928133E-04 -1.105979E-02  2.049028E-08  2.049193E-08
  9.580000E+02 -2.105984E-07  1.064529E-04  1.045364E-06  1.924855E-04 -9.512627E-03  2.048972E-08  2.049130E-08
  9.590000E+02  6.157102E-07  1.063882E-04 -4.038505E-08  1.926173E-04 -1.276297E-02  2.049054E-08  2.049274E-08
  9.600000E+02 -2.732566E-07  1.063195E-04 -1.021422E-06  1.927368E-04 -9.705198E-03  2.049071E-08  2.049212E-08
  9.610000E+02 -4.038499E-07  1.064902E-04  8.410876E-07  1.924328E-04 -1.090943E-02  2.049099E-08  2.049294E-08
  9.620000E+02  5.909556E-07  1.063258E-04  3.599989E-07  1.927438E-04 -1.208180E-02  2.049215E-08  2.049409E-08
  9.630000E+02 -6.055022E-08  1.063949E-04 -1.131230E-06  1.926066E-04 -9.299767E-03  2.049146E-08  2.049290E-08
  9.640000E+02 -5.493958E-07  1.064464E-04  5.284820E-07  1.925218E-04 -1.206526E-02  2.049176E-08  2.049388E-08
  9.650000E+02  4.883385E-07  1.063067E-04  7.253852E-07  1.927770E-04 -1.076121E-02  2.049231E-08  2.049393E-08
  9.660000E+02  1.707343E-07  1.064543E-04 -1.092379E-06  1.925130E-04 -9.970672E-03  2.049281E-08  2.049448E-08
  9.670000E+02 -6.236131E-07  1.063759E-04  1.229988E-07  1.926651E-04 -1.227175E-02  2.049338E-08  2.049543E-08
  9.680000E+02  3.110437E-07  1.063469E-04  1.008825E-06  1.927043E-04 -9.855105E-03  2.049250E-08  2.049398E-08
  9.690000E+02  3.915371E-07  1.064598E-04 -9.023251E-07  1.925084E-04 -1.118710E-02  2.049312E-08  2.049507E-08
  9.700000E+02 -6.106154E-07  1.063278E-04 -3.233893E-07  1.927533E-04 -1.149791E-02  2.049368E-08  2.049549E-08
  9.710000E+02  7.529836E-08  1.064144E-04  1.152211E-06  1.925885E-04 -9.882148E-03  2.049319E-08  2.049478E-08
  9.720000E+02  5.625574E-07  1.064154E-04 -5.571606E-07  1.925911E-04 -1.212542E-02  2.049316E-08  2.049526E-08
  9.730000E+02 -4.999449E-07  1.063335E-04 -7.444433E-07  1.927292E-04 -1.052030E-02  2.049243E-08  2.049404E-08
  9.740000E+02 -1.848812E-07  1.064577E-04  1.115738E-06  1.925137E-04 -1.066357E-02  2.049340E-08  2.049524E-08
  9.750000E+02  6.462101E-07  1.063645E-04 -1.068940E-07  1.926876E-04 -1.186204E-02  2.049367E-08  2.049563E-08
  9.760000E+02 -3.020200E-07  1.063886E-04 -1.051127E-06  1.926233E-04 -1.001098E-02  2.049189E-08  2.049348E-08
  9.770000E+02 -4.222854E-07  1.064456E-04  8.972747E-07  1.925293E-04 -1.164161E-02  2.049250E-08  2.049456E-08
  9.780000E+02  6.199383E-07  1.063431E-04  3.747808E-07  1.927143E-04 -1.097451E-02  2.049260E-08  2.049433E-08
  9.790000E+02 -5.038399E-08  1.064432E-04 -1.174997E-06  1.925267E-04 -1.037025E-02  2.049206E-08  2.049382E-08
  9.800000E+02 -5.863022E-07  1.063938E-04  5.288899E-07  1.926172E-04 -1.198816E-02  2.049181E-08  2.049386E-08
  9.810000E+02  4.941889E-07  1.063576E-04  7.869978E-07  1.926678E-04 -1.003417E-02  2.049065E-08  2.049221E-08
  9.820000E+02  2.084057E-07  1.064502E-04 -1.119915E-06  1.925069E-04 -1.093323E-02  2.049117E-08  2.049307E-08
  9.830000E+02 -6.594328E-07  1.063435E-04  7.574769E-08  1.927015E-04 -1.109955E-02  2.049129E-08  2.049306E-08
  9.840000E+02  2.927205E-07  1.064057E-04  1.079023E-06  1.925703E-04 -9.738315E-03  2.048960E-08  2.049119E-08
  9.850000E+02  4.390166E-07  1.064122E-04 -8.884983E-07  1.925652E-04 -1.145973E-02  2.048994E-08  2.049191E-08
  9.860000E+02 -6.253321E-07  1.063392E-04 -4.002253E-07  1.926950E-04 -1.004743E-02  2.049001E-08  2.049156E-08
  9.870000E+02  3.949755E-08  1.064397E-04  1.188863E-06  1.925067E-04 -1.030094E-02  2.048927E-08  2.049103E-08
  9.880000E+02  5.972185E-07  1.063611E-04 -5.118215E-07  1.926512E-04 -1.129958E-02  2.048929E-08  2.049114E-08
  9.890000E+02 -4.939217E-07  1.063796E-04 -8.053493E-07  1.926091E-04 -9.605113E-03  2.048872E-08  2.049025E-08
  9.900000E+02 -2.149547E-07  1.064292E-04  1.116459E-06  1.925207E-04 -1.121588E-02  2.048854E-08  2.049048E-08
  9.910000E+02  6.562382E-07  1.063374E-04 -6.319037E-08  1.926867E-04 -1.046072E-02  2.048869E-08  2.049032E-08
  9.920000E+02 -2.882706E-07  1.064360E-04 -1.069060E-06  1.924995E-04 -1.016432E-02  2.048782E-08  2.048955E-08
  9.930000E+02 -4.327082E-07  1.063816E-04  8.647601E-07  1.926022E-04 -1.176789E-02  2.048792E-08  2.048990E-08
  9.940000E+02  6.074520E-07  1.063597E-04  3.992443E-07  1.926426E-04 -9.728673E-03  2.048844E-08  2.048993E-08
  9.950000E+02 -3.786183E-08  1.064454E-04 -1.145778E-06  1.924844E-04 -1.124344E-02  2.048779E-08  2.048975E-08
  9.960000E+02 -5.698282E-07  1.063274E-04  4.819349E-07  1.926977E-04 -1.125959E-02  2.048774E-08  2.048950E-08
  9.970000E+02  4.663419E-07  1.064135E-04  7.708106E-07  1.925430E-04 -9.725972E-03  2.048821E-08  2.048978E-08
  9.980000E+02  2.070592E-07  1.064065E-04 -1.045517E-06  1.925583E-04 -1.205851E-02  2.048796E-08  2.049001E-08
  9.990000E+02 -6.105480E-07  1.063223E-04  3.351210E-08  1.927101E-04 -1.004551E-02  2.048835E-08  2.048983E-08
  1.000000E+03  2.565641E-07  1.064615E-04  9.973404E-07  1.924593E-04 -1.058844E-02  2.048835E-08  2.049016E-08
  1.001000E+03  4.032174E-07  1.063455E-04 -7.809395E-07  1.926718E-04 -1.194259E-02  2.048833E-08  2.049023E-08
  1.002000E+03 -5.495994E-07  1.063768E-04 -3.879444E-07  1.926190E-04 -9.192417E-03  2.048934E-08  2.049069E-08
  1.003000E+03  2.396100E-08  1.064610E-04  1.044869E-06  1.924700E-04 -1.176135E-02  2.048913E-08  2.049117E-08
  1.004000E+03  5.179429E-07  1.063099E-04 -4.121838E-07  1.927408E-04 -1.088873E-02  2.048905E-08  2.049064E-08
  1.005000E+03 -4.058684E-07  1.064588E-04 -7.096335E-07  1.924785E-04 -9.536001E-03  2.049010E-08  2.049164E-08
  1.006000E+03 -1.942098E-07  1.064108E-04  9.226040E-07  1.925681E-04 -1.257672E-02  2.048972E-08  2.049183E-08
  1.007000E+03  5.350090E-07  1.063266E-04 -6.774751E-09  1.927202E-04 -9.551557E-03  2.049035E-08  2.049164E-08
  1.008000E+03 -2.140967E-07  1.065029E-04 -8.817184E-07  1.924081E-04 -1.082649E-02  2.049082E-08  2.049269E-08
  1.009000E+03 -3.567943E-07  1.063284E-04  6.660525E-07  1.927231E-04 -1.227181E-02  2.049040E-08  2.049228E-08
  1.010000E+03  4.692126E-07  1.063937E-04  3.556856E-07  1.926092E-04 -8.778213E-03  2.049160E-08  2.049282E-08
  1.011000E+03 -9.475229E-09  1.064828E-04 -9.044143E-07  1.924549E-04 -1.243616E-02  2.049156E-08  2.049373E-08
  1.012000E+03 -4.430288E-07  1.062775E-04  3.374127E-07  1.928207E-04 -1.088184E-02  2.049129E-08  2.049276E-08
  1.013000E+03  3.383546E-07  1.064854E-04  6.134261E-07  1.924526E-04 -9.217047E-03  2.049252E-08  2.049396E-08
  1.014000E+03  1.747001E-07  1.064030E-04 -7.834960E-07  1.926031E-04 -1.319177E-02  2.049177E-08  2.049395E-08
  1.015000E+03 -4.507624E-07  1.063065E-04 -9.368553E-09  1.927742E-04 -8.935629E-03  2.049233E-08  2.049341E-08
  1.016000E+03  1.716374E-07  1.065445E-04  7.525366E-07  1.923553E-04 -1.090105E-02  2.049318E-08  2.049509E-08
  1.017000E+03  3.073399E-07  1.063010E-04 -5.584886E-07  1.927881E-04 -1.257319E-02  2.049195E-08  2.049381E-08
  1.018000E+03 -3.865056E-07  1.064096E-04 -3.127985E-07  1.925925E-04 -7.978832E-03  2.049304E-08  2.049406E-08
  1.019000E+03 -8.877850E-09  1.065129E-04  7.577295E-07  1.924158E-04 -1.292690E-02  2.049304E-08  2.049534E-08
  1.020000E+03  3.752124E-07  1.062483E-04 -2.571935E-07  1.928840E-04 -1.055604E-02  2.049245E-08  2.049377E-08
  1.021000E+03 -2.676408E-07  1.065332E-04 -5.348370E-07  1.923773E-04 -8.877937E-03  2.049376E-08  2.049519E-08
  1.022000E+03 -1.653442E-07  1.064008E-04  6.490625E-07  1.926152E-04 -1.404720E-02  2.049239E-08  2.049475E-08
  1.023000E+03  3.763712E-07  1.062898E-04  3.788689E-08  1.928072E-04 -8.370149E-03  2.049271E-08  2.049362E-08
  1.024000E+03 -1.279243E-07  1.065873E-04 -6.412426E-07  1.922834E-04 -1.127742E-02  2.049366E-08  2.049572E-08
  1.025000E+03 -2.660015E-07  1.062603E-04  4.596920E-07  1.928595E-04 -1.320552E-02  2.049152E-08  2.049346E-08
  1.026000E+03  3.240829E-07  1.064133E-04  2.733585E-07  1.925828E-04 -7.373539E-03  2.049282E-08  2.049371E-08
  1.027000E+03  8.319274E-09  1.065303E-04 -6.497508E-07  1.923823E-04 -1.388026E-02  2.049257E-08  2.049514E-08
  1.028000E+03 -3.188929E-07  1.061931E-04  2.393025E-07  1.929731E-04 -1.061570E-02  2.049125E-08  2.049252E-08
  1.029000E+03  2.452136E-07  1.065573E-04  4.456038E-07  1.923242E-04 -8.604686E-03  2.049279E-08  2.049421E-08
  1.030000E+03  1.264993E-07  1.063780E-04 -5.888576E-07  1.926453E-04 -1.503496E-02  2.049090E-08  2.049349E-08
  1.031000E+03 -3.354420E-07  1.062442E-04  9.702580E-09  1.928740E-04 -7.657179E-03  2.049114E-08  2.049186E-08
  1.032000E+03  1.419695E-07  1.066119E-04  5.596944E-07  1.922221E-04 -1.125876E-02  2.049187E-08  2.049399E-08
  1.033000E+03  2.202571E-07  1.062062E-04 -4.655593E-07  1.929354E-04 -1.343920E-02  2.048907E-08  2.049103E-08
  1.034000E+03 -3.153156E-07  1.064015E-04 -1.978600E-07  1.925833E-04 -6.249927E-03  2.049075E-08  2.049146E-08
  1.035000E+03  3.393449E-08  1.065342E-04  6.141769E-07  1.923545E-04 -1.421295E-02  2.049026E-08  2.049293E-08
  1.036000E+03  2.902812E-07  1.061303E-04 -2.995090E-07  1.930621E-04 -1.005220E-02  2.048870E-08  2.048984E-08
  1.037000E+03 -2.686181E-07  1.065720E-04 -3.857653E-07  1.922746E-04 -7.722076E-03  2.049047E-08  2.049180E-08
  1.038000E+03 -7.910297E-08  1.063503E-04  6.100321E-07  1.926737E-04 -1.539308E-02  2.048848E-08  2.049115E-08
  1.039000E+03  3.321202E-07  1.062101E-04 -9.527338E-08  1.929131E-04 -6.736100E-03  2.048886E-08  2.048944E-08
  1.040000E+03 -1.903009E-07  1.066390E-04 -5.371417E-07  1.921540E-04 -1.133032E-02  2.048979E-08  2.049205E-08
  1.041000E+03 -1.849426E-07  1.061644E-04  5.359711E-07  1.929930E-04 -1.385049E-02  2.048702E-08  2.048910E-08
  1.042000E+03  3.410380E-07  1.064074E-04  1.201171E-07  1.925573E-04 -5.638337E-03  2.048920E-08  2.048986E-08
  1.043000E+03 -9.104042E-08  1.065522E-04 -6.325138E-07  1.923113E-04 -1.507350E-02  2.048885E-08  2.049185E-08
  1.044000E+03 -2.770099E-07  1.060940E-04  3.980354E-07  1.931164E-04 -1.005481E-02  2.048746E-08  2.048862E-08
  1.045000E+03  3.137028E-07  1.066117E-04  3.347053E-07  1.921926E-04 -7.543352E-03  2.048939E-08  2.049084E-08
  1.046000E+03  2.672561E-08  1.063517E-04 -6.635450E-07  1.926668E-04 -1.634652E-02  2.048771E-08  2.049070E-08
  1.047000E+03 -3.413262E-07  1.062008E-04  2.004400E-07  1.929258E-04 -6.335876E-03  2.048848E-08  2.048901E-08
  1.048000E+03  2.494415E-07  1.066826E-04  5.125345E-07  1.920710E-04 -1.165613E-02  2.048924E-08  2.049175E-08
  1.049000E+03  1.417128E-07  1.061443E-04 -6.164329E-07  1.930319E-04 -1.425903E-02  2.048714E-08  2.048935E-08
  1.050000E+03 -3.616646E-07  1.064270E-04 -2.052181E-08  1.925249E-04 -5.102259E-03  2.048958E-08  2.049022E-08
  1.051000E+03  1.528954E-07  1.065696E-04  6.239187E-07  1.922841E-04 -1.554716E-02  2.048917E-08  2.049238E-08
  1.052000E+03  2.385432E-07  1.060718E-04 -4.881737E-07  1.931651E-04 -9.876453E-03  2.048837E-08  2.048951E-08
  1.053000E+03 -3.402988E-07  1.066385E-04 -2.320317E-07  1.921509E-04 -7.399576E-03  2.049012E-08  2.049163E-08
  1.054000E+03  4.227779E-08  1.063321E-04  6.607157E-07  1.927134E-04 -1.685985E-02  2.048871E-08  2.049185E-08
  1.055000E+03  3.040020E-07  1.061915E-04 -3.108195E-07  1.929553E-04 -5.930650E-03  2.048984E-08  2.049032E-08
  1.056000E+03 -2.875157E-07  1.067050E-04 -4.075246E-07  1.920413E-04 -1.214863E-02  2.049026E-08  2.049296E-08
  1.057000E+03 -6.625496E-08  1.061082E-04  6.298627E-07  1.931144E-04 -1.447170E-02  2.048888E-08  2.049115E-08
  1.058000E+03  3.364221E-07  1.064467E-04 -1.109302E-07  1.925029E-04 -4.672978E-03  2.049108E-08  2.049171E-08
  1.059000E+03 -2.000878E-07  1.065813E-04 -5.298580E-07  1.922776E-04 -1.630459E-02  2.049047E-08  2.049393E-08
  1.060000E+03 -1.661489E-07  1.060467E-04  5.175681E-07  1.932289E-04 -9.570487E-03  2.049036E-08  2.049144E-08
  1.061000E+03  3.240147E-07  1.066879E-04  1.036220E-07  1.920747E-04 -7.336927E-03  2.049150E-08  2.049315E-08
  1.062000E+03 -9.210352E-08  1.063224E-04 -5.795723E-07  1.927482E-04 -1.753502E-02  2.049030E-08  2.049364E-08
  1.063000E+03 -2.363267E-07  1.061871E-04  3.525076E-07  1.929770E-04 -5.127119E-03  2.049140E-08  2.049175E-08
  1.064000E+03  2.741000E-07  1.067514E-04  2.777668E-07  1.919694E-04 -1.239209E-02  2.049143E-08  2.049433E-08
  1.065000E+03  1.289363E-08  1.060732E-04 -5.540695E-07  1.931965E-04 -1.461428E-02  2.049078E-08  2.049308E-08
  1.066000E+03 -2.705708E-07  1.064681E-04  1.622839E-07  1.924718E-04 -3.949919E-03  2.049196E-08  2.049253E-08
  1.067000E+03  1.949061E-07  1.065947E-04  4.031196E-07  1.922651E-04 -1.710175E-02  2.049145E-08  2.049518E-08
  1.068000E+03  1.079686E-07  1.060031E-04 -4.634382E-07  1.933208E-04 -9.101057E-03  2.049176E-08  2.049277E-08
  1.069000E+03 -2.688647E-07  1.067240E-04 -2.938235E-08  1.920134E-04 -7.110076E-03  2.049192E-08  2.049364E-08
  1.070000E+03  1.001546E-07  1.062940E-04  4.629320E-07  1.928115E-04 -1.826829E-02  2.049128E-08  2.049482E-08
  1.071000E+03  1.746815E-07  1.061750E-04 -3.168084E-07  1.930030E-04 -4.360309E-03  2.049191E-08  2.049216E-08
  1.072000E+03 -2.250176E-07  1.067883E-04 -1.903307E-07  1.919051E-04 -1.307931E-02  2.049147E-08  2.049468E-08
  1.073000E+03  1.390890E-09  1.060290E-04  4.433784E-07  1.932819E-04 -1.484856E-02  2.049123E-08  2.049362E-08
  1.074000E+03  2.042486E-07  1.065000E-04 -1.379665E-07  1.924087E-04 -3.346176E-03  2.049140E-08  2.049197E-08
  1.075000E+03 -1.550082E-07  1.066088E-04 -2.970158E-07  1.922391E-04 -1.805198E-02  2.049104E-08  2.049512E-08
  1.076000E+03 -7.692487E-08  1.059780E-04  3.580980E-07  1.933593E-04 -8.627280E-03  2.049108E-08  2.049200E-08
  1.077000E+03  1.951392E-07  1.067785E-04  1.879662E-08  1.919045E-04 -7.123350E-03  2.049077E-08  2.049270E-08
  1.078000E+03 -7.629849E-08  1.062777E-04 -3.283751E-07  1.928395E-04 -1.895491E-02  2.049087E-08  2.049463E-08
  1.079000E+03 -1.189908E-07  1.061828E-04  2.346579E-07  1.929760E-04 -3.537393E-03  2.049060E-08  2.049076E-08
  1.080000E+03  1.566628E-07  1.068294E-04  1.221155E-07  1.918202E-04 -1.360951E-02  2.049014E-08  2.049366E-08
  1.081000E+03 -1.069683E-08  1.059905E-04 -3.018467E-07  1.933411E-04 -1.468039E-02  2.049011E-08  2.049245E-08
  1.082000E+03 -1.319055E-07  1.065283E-04  1.089603E-07  1.923408E-04 -2.538764E-03  2.048967E-08  2.049025E-08
  1.083000E+03  1.126984E-07  1.066013E-04  1.823796E-07  1.922417E-04 -1.850767E-02  2.048970E-08  2.049392E-08
  1.084000E+03  3.928195E-08  1.059467E-04 -2.498520E-07  1.933953E-04 -7.673248E-03  2.048899E-08  2.048978E-08
  1.085000E+03 -1.231203E-07  1.068085E-04  6.359295E-09  1.918333E-04 -6.800446E-03  2.048896E-08  2.049098E-08
  1.086000E+03  6.629215E-08  1.062366E-04  1.939053E-07  1.929014E-04 -1.890851E-02  2.048953E-08  2.049322E-08
  1.087000E+03  5.996370E-08  1.061808E-04 -1.717444E-07  1.929596E-04 -2.314461E-03  2.048856E-08  2.048863E-08
  1.088000E+03 -1.007033E-07  1.068410E-04 -5.051711E-08  1.917877E-04 -1.375804E-02  2.048885E-08  2.049247E-08
  1.089000E+03  3.016137E-08  1.059525E-04  1.747684E-07  1.933977E-04 -1.422227E-02  2.048890E-08  2.049113E-08
  1.090000E+03  6.060061E-08  1.065599E-04 -1.020740E-07  1.922726E-04 -1.975488E-03  2.048851E-08  2.048915E-08
  1.091000E+03 -7.907603E-08  1.065977E-04 -6.169976E-08  1.922449E-04 -1.914238E-02  2.048912E-08  2.049355E-08
  1.092000E+03  1.304022E-08  1.059299E-04  1.421552E-07  1.934150E-04 -7.172332E-03  2.048790E-08  2.048861E-08
  1.093000E+03  4.765826E-08  1.068532E-04 -5.744524E-08  1.917476E-04 -7.063700E-03  2.048835E-08  2.049062E-08
  1.094000E+03 -6.272358E-08  1.062106E-04 -4.181380E-08  1.929477E-04 -1.959249E-02  2.048915E-08  2.049310E-08
  1.095000E+03  1.963237E-08  1.061856E-04  1.060114E-07  1.929449E-04 -1.904904E-03  2.048793E-08  2.048797E-08
  1.096000E+03  3.836614E-08  1.068661E-04 -6.244419E-08  1.917451E-04 -1.457761E-02  2.048888E-08  2.049285E-08
  1.097000E+03 -6.268325E-08  1.059162E-04 -2.484605E-08  1.934633E-04 -1.448190E-02  2.048876E-08  2.049112E-08
  1.098000E+03  3.080347E-08  1.065839E-04  9.321571E-08  1.922303E-04 -1.800761E-03  2.048864E-08  2.048934E-08
  1.099000E+03  3.985010E-08  1.065927E-04 -8.939055E-08  1.922635E-04 -1.995558E-02  2.048979E-08  2.049453E-08
  1.100000E+03 -7.751046E-08  1.059054E-04 -1.387455E-08  1.934648E-04 -6.912311E-03  2.048847E-08  2.048920E-08
  1.101000E+03  3.884786E-08  1.068764E-04  1.207984E-07  1.917141E-04 -7.073043E-03  2.048920E-08  2.049158E-08
  1.102000E+03  6.161450E-08  1.061945E-04 -1.215950E-07  1.929851E-04 -1.987925E-02  2.048992E-08  2.049397E-08
  1.103000E+03 -1.039173E-07  1.061902E-04 -3.876932E-08  1.929430E-04 -1.477320E-03  2.048863E-08  2.048867E-08
  1.104000E+03  2.531098E-08  1.068902E-04  1.802880E-07  1.917110E-04 -1.473984E-02  2.048981E-08  2.049395E-08
  1.105000E+03  1.000972E-07  1.059110E-04 -1.272817E-07  1.934819E-04 -1.443843E-02  2.048972E-08  2.049210E-08
  1.106000E+03 -1.230707E-07  1.066109E-04 -1.030121E-07  1.921890E-04 -1.605851E-03  2.048941E-08  2.049020E-08
  1.107000E+03 -1.242260E-08  1.066063E-04  2.472675E-07  1.922507E-04 -2.028741E-02  2.049092E-08  2.049584E-08
  1.108000E+03  1.505711E-07  1.059029E-04 -8.825977E-08  1.934813E-04 -6.704872E-03  2.048976E-08  2.049048E-08
  1.109000E+03 -1.181486E-07  1.069040E-04 -2.013199E-07  1.916760E-04 -7.170308E-03  2.049040E-08  2.049294E-08
  1.110000E+03 -7.235168E-08  1.061864E-04  2.772738E-07  1.930140E-04 -2.021565E-02  2.049127E-08  2.049549E-08
  1.111000E+03  1.910099E-07  1.061933E-04  1.031073E-09  1.929484E-04 -1.315940E-03  2.048981E-08  2.048987E-08
  1.112000E+03 -7.818359E-08  1.069014E-04 -3.095986E-07  1.917020E-04 -1.516650E-02  2.049086E-08  2.049520E-08
  1.113000E+03 -1.476268E-07  1.058846E-04  2.554636E-07  1.935421E-04 -1.442569E-02  2.049100E-08  2.049346E-08
  1.114000E+03  2.096497E-07  1.066197E-04  1.326176E-07  1.921812E-04 -1.321695E-03  2.049029E-08  2.049112E-08
  1.115000E+03 -9.218569E-09  1.066054E-04 -3.959521E-07  1.922605E-04 -2.057708E-02  2.049166E-08  2.049672E-08
  1.116000E+03 -2.221800E-07  1.058912E-04  1.752644E-07  1.935113E-04 -6.405914E-03  2.049072E-08  2.049146E-08
  1.117000E+03  1.916570E-07  1.069238E-04  2.901120E-07  1.916451E-04 -7.141103E-03  2.049090E-08  2.049357E-08
  1.118000E+03  8.435070E-08  1.061782E-04 -4.274009E-07  1.930368E-04 -2.029008E-02  2.049207E-08  2.049634E-08
  1.119000E+03 -2.780304E-07  1.062043E-04  3.696147E-08  1.929362E-04 -8.503255E-04  2.049065E-08  2.049073E-08
  1.120000E+03  1.346418E-07  1.069182E-04  4.355225E-07  1.916774E-04 -1.533565E-02  2.049139E-08  2.049590E-08
  1.121000E+03  1.859245E-07  1.058794E-04 -3.853732E-07  1.935564E-04 -1.433573E-02  2.049154E-08  2.049402E-08
  1.122000E+03 -2.902889E-07  1.066443E-04 -1.481328E-07  1.921392E-04 -1.329728E-03  2.049053E-08  2.049148E-08
  1.123000E+03  3.289491E-08  1.065978E-04  5.318761E-07  1.922749E-04 -2.101164E-02  2.049156E-08  2.049681E-08
  1.124000E+03  2.851614E-07  1.058896E-04 -2.527371E-07  1.935140E-04 -6.165759E-03  2.049073E-08  2.049148E-08
  1.125000E+03 -2.556944E-07  1.069348E-04 -3.700173E-07  1.916220E-04 -7.672656E-03  2.049046E-08  2.049332E-08
  1.126000E+03 -1.015069E-07  1.061475E-04  5.526822E-07  1.930844E-04 -2.046008E-02  2.049113E-08  2.049551E-08
  1.127000E+03  3.479026E-07  1.062163E-04 -3.883828E-08  1.929108E-04 -7.688120E-04  2.049027E-08  2.049040E-08
  1.128000E+03 -1.558533E-07  1.069059E-04 -5.555521E-07  1.916955E-04 -1.606605E-02  2.049074E-08  2.049546E-08
  1.129000E+03 -2.441513E-07  1.058508E-04  4.508193E-07  1.935969E-04 -1.419746E-02  2.049031E-08  2.049285E-08
  1.130000E+03  3.458839E-07  1.066533E-04  2.312337E-07  1.921148E-04 -1.502202E-03  2.048966E-08  2.049070E-08
  1.131000E+03 -9.256924E-09  1.065609E-04 -6.476710E-07  1.923305E-04 -2.123937E-02  2.049029E-08  2.049558E-08
  1.132000E+03 -3.544430E-07  1.058784E-04  2.505366E-07  1.935236E-04 -5.601032E-03  2.048964E-08  2.049038E-08
  1.133000E+03  2.739956E-07  1.069291E-04  4.859866E-07  1.916210E-04 -7.764921E-03  2.048925E-08  2.049215E-08
  1.134000E+03  1.534999E-07  1.061104E-04 -6.187894E-07  1.931338E-04 -2.009774E-02  2.048936E-08  2.049364E-08
  1.135000E+03 -4.000673E-07  1.062176E-04 -2.176775E-08  1.929006E-04 -1.916780E-04  2.048943E-08  2.048959E-08
  1.136000E+03  1.400931E-07  1.068816E-04  6.573201E-07  1.917278E-04 -1.602957E-02  2.048955E-08  2.049418E-08
  1.137000E+03  2.980324E-07  1.058232E-04 -4.617540E-07  1.936321E-04 -1.342339E-02  2.048891E-08  2.049131E-08
  1.138000E+03 -3.670387E-07  1.066612E-04 -3.104039E-07  1.920969E-04 -1.183189E-03  2.048927E-08  2.049035E-08
  1.139000E+03 -2.289872E-08  1.065312E-04  7.043487E-07  1.923733E-04 -2.120732E-02  2.048916E-08  2.049438E-08
  1.140000E+03  3.896214E-07  1.058773E-04 -2.226282E-07  1.935201E-04 -5.114270E-03  2.048911E-08  2.048982E-08
  1.141000E+03 -2.673939E-07  1.069348E-04 -5.506554E-07  1.916107E-04 -8.071406E-03  2.048918E-08  2.049218E-08
  1.142000E+03 -1.893134E-07  1.060903E-04  6.300011E-07  1.931644E-04 -2.014651E-02  2.048870E-08  2.049302E-08
  1.143000E+03  4.169752E-07  1.062374E-04  7.303154E-08  1.928675E-04 -2.661574E-04  2.048974E-08  2.048992E-08
  1.144000E+03 -1.158590E-07  1.068754E-04 -6.981372E-07  1.917372E-04 -1.649292E-02  2.048921E-08  2.049397E-08
  1.145000E+03 -3.258152E-07  1.058315E-04  4.426147E-07  1.936168E-04 -1.332046E-02  2.048894E-08  2.049131E-08
  1.146000E+03  3.685800E-07  1.066887E-04  3.595909E-07  1.920564E-04 -1.636495E-03  2.049022E-08  2.049142E-08
  1.147000E+03  5.359661E-08  1.065217E-04 -7.264004E-07  1.923899E-04 -2.140536E-02  2.048901E-08  2.049430E-08
  1.148000E+03 -4.110892E-07  1.059060E-04  1.845088E-07  1.934755E-04 -5.022153E-03  2.048996E-08  2.049061E-08
  1.149000E+03  2.549774E-07  1.069463E-04  5.984688E-07  1.916009E-04 -8.570546E-03  2.049025E-08  2.049339E-08
  1.150000E+03  2.208682E-07  1.060832E-04 -6.338037E-07  1.931792E-04 -1.983852E-02  2.048903E-08  2.049324E-08
  1.151000E+03 -4.301394E-07  1.062703E-04 -1.171351E-07  1.928207E-04 -3.216074E-04  2.049111E-08  2.049132E-08
  1.152000E+03  9.823899E-08  1.068572E-04  7.433990E-07  1.917776E-04 -1.679706E-02  2.048994E-08  2.049472E-08
  1.153000E+03  3.606071E-07  1.058357E-04 -4.436281E-07  1.936173E-04 -1.283457E-02  2.048993E-08  2.049218E-08
  1.154000E+03 -3.807524E-07  1.067026E-04 -4.202771E-07  1.920460E-04 -2.173868E-03  2.049176E-08  2.049305E-08
  1.155000E+03 -8.063299E-08  1.064852E-04  7.782595E-07  1.924609E-04 -2.135978E-02  2.048957E-08  2.049478E-08
  1.156000E+03  4.492969E-07  1.059302E-04 -1.667459E-07  1.934434E-04 -4.909601E-03  2.049125E-08  2.049189E-08
  1.157000E+03 -2.642015E-07  1.069325E-04 -6.711555E-07  1.916368E-04 -9.312228E-03  2.049131E-08  2.049452E-08
  1.158000E+03 -2.567490E-07  1.060626E-04  6.928140E-07  1.932218E-04 -1.933705E-02  2.048977E-08  2.049384E-08
  1.159000E+03  4.723925E-07  1.063076E-04  1.488681E-07  1.927652E-04 -6.035858E-04  2.049241E-08  2.049269E-08
  1.160000E+03 -1.067855E-07  1.068315E-04 -8.298303E-07  1.918311E-04 -1.720728E-02  2.049056E-08  2.049539E-08
  1.161000E+03 -4.019481E-07  1.058523E-04  5.030951E-07  1.935925E-04 -1.225213E-02  2.049067E-08  2.049278E-08
  1.162000E+03  4.267873E-07  1.067297E-04  4.610192E-07  1.920042E-04 -2.811141E-03  2.049247E-08  2.049393E-08
  1.163000E+03  7.641173E-08  1.064547E-04 -8.804534E-07  1.925220E-04 -2.111042E-02  2.049031E-08  2.049539E-08
  1.164000E+03 -5.034308E-07  1.059679E-04  2.272596E-07  1.933808E-04 -4.457705E-03  2.049195E-08  2.049254E-08
  1.165000E+03  3.161379E-07  1.069249E-04  7.387876E-07  1.916544E-04 -9.915008E-03  2.049162E-08  2.049496E-08
  1.166000E+03  2.661784E-07  1.060480E-04 -8.078390E-07  1.932547E-04 -1.864211E-02  2.049071E-08  2.049457E-08
  1.167000E+03 -5.343154E-07  1.063398E-04 -1.142785E-07  1.927097E-04 -8.799155E-04  2.049271E-08  2.049310E-08
  1.168000E+03  1.477070E-07  1.067898E-04  9.196091E-07  1.919085E-04 -1.745859E-02  2.049075E-08  2.049552E-08
  1.169000E+03  4.311740E-07  1.058594E-04 -6.061244E-07  1.935828E-04 -1.155080E-02  2.049118E-08  2.049316E-08
  1.170000E+03 -4.904928E-07  1.067341E-04 -4.703671E-07  1.919941E-04 -3.508845E-03  2.049219E-08  2.049378E-08
  1.171000E+03 -5.418205E-08  1.064179E-04  9.902926E-07  1.925905E-04 -2.087665E-02  2.049061E-08  2.049557E-08
  1.172000E+03  5.496624E-07  1.060012E-04 -3.027341E-07  1.933172E-04 -4.349155E-03  2.049166E-08  2.049225E-08
  1.173000E+03 -3.748537E-07  1.069075E-04 -7.875282E-07  1.916810E-04 -1.072831E-02  2.049096E-08  2.049444E-08
  1.174000E+03 -2.653126E-07  1.060372E-04  9.242000E-07  1.932742E-04 -1.802521E-02  2.049092E-08  2.049461E-08
  1.175000E+03  5.955080E-07  1.063861E-04  7.336110E-08  1.926158E-04 -1.160797E-03  2.049164E-08  2.049215E-08
  1.176000E+03 -1.921168E-07  1.067645E-04 -1.015261E-06  1.919500E-04 -1.799093E-02  2.049013E-08  2.049506E-08
  1.177000E+03 -4.606079E-07  1.058770E-04  7.117365E-07  1.935447E-04 -1.083852E-02  2.049074E-08  2.049257E-08
  1.178000E+03  5.622958E-07  1.067703E-04  4.816174E-07  1.919170E-04 -4.174187E-03  2.049085E-08  2.049273E-08
  1.179000E+03  3.518469E-08  1.063914E-04 -1.121812E-06  1.926349E-04 -2.085684E-02  2.049024E-08  2.049522E-08
  1.180000E+03 -6.090389E-07  1.060373E-04  3.770423E-07  1.932379E-04 -3.819218E-03  2.049027E-08  2.049085E-08
  1.181000E+03  4.395583E-07  1.069084E-04  8.655661E-07  1.916694E-04 -1.123922E-02  2.048978E-08  2.049347E-08
  1.182000E+03  2.835950E-07  1.060175E-04 -1.060806E-06  1.933032E-04 -1.726959E-02  2.049046E-08  2.049398E-08
  1.183000E+03 -6.747611E-07  1.064130E-04 -6.301718E-08  1.925494E-04 -9.308654E-04  2.048974E-08  2.049041E-08
  1.184000E+03  2.266521E-07  1.067351E-04  1.147656E-06  1.919958E-04 -1.792572E-02  2.048939E-08  2.049427E-08
  1.185000E+03  5.139792E-07  1.058782E-04 -8.187256E-07  1.935316E-04 -9.885599E-03  2.048979E-08  2.049150E-08
  1.186000E+03 -6.393333E-07  1.067736E-04 -5.395326E-07  1.918947E-04 -4.207729E-03  2.048911E-08  2.049112E-08
  1.187000E+03 -3.421748E-08  1.063570E-04  1.270560E-06  1.926921E-04 -2.016272E-02  2.048998E-08  2.049472E-08
  1.188000E+03  6.843639E-07  1.060578E-04 -4.311493E-07  1.931909E-04 -3.103260E-03  2.048929E-08  2.048990E-08
  1.189000E+03 -4.962634E-07  1.068983E-04 -9.746606E-07  1.916836E-04 -1.146562E-02  2.048931E-08  2.049311E-08
  1.190000E+03 -3.131539E-07  1.060081E-04  1.203139E-06  1.933222E-04 -1.659493E-02  2.049091E-08  2.049431E-08
  1.191000E+03  7.618699E-07  1.064461E-04  5.803642E-08  1.924844E-04 -1.068762E-03  2.048920E-08  2.049004E-08
  1.192000E+03 -2.688710E-07  1.067156E-04 -1.287854E-06  1.920376E-04 -1.820101E-02  2.049001E-08  2.049501E-08
  1.193000E+03 -5.665550E-07  1.059013E-04  9.498480E-07  1.934978E-04 -9.548954E-03  2.049073E-08  2.049245E-08
  1.194000E+03  7.286426E-07  1.067894E-04  5.824853E-07  1.918685E-04 -5.005120E-03  2.048926E-08  2.049154E-08
  1.195000E+03  1.660934E-08  1.063342E-04 -1.436836E-06  1.927456E-04 -2.011800E-02  2.049130E-08  2.049611E-08
  1.196000E+03 -7.595233E-07  1.060940E-04  5.257646E-07  1.931332E-04 -3.330102E-03  2.049016E-08  2.049089E-08
  1.197000E+03  5.718890E-07  1.068782E-04  1.067014E-06  1.917271E-04 -1.230158E-02  2.048991E-08  2.049392E-08
  1.198000E+03  3.265666E-07  1.060026E-04 -1.362235E-06  1.933439E-04 -1.614147E-02  2.049230E-08  2.049568E-08
  1.199000E+03 -8.467484E-07  1.064762E-04 -2.143741E-08  1.924376E-04 -1.735348E-03  2.048999E-08  2.049104E-08
  1.200000E+03  3.190721E-07  1.066704E-04  1.420490E-06  1.921317E-04 -1.842414E-02  2.049128E-08  2.049631E-08
  1.201000E+03  6.130235E-07  1.059260E-04 -1.079381E-06  1.934661E-04 -8.909849E-03  2.049228E-08  2.049397E-08
  1.202000E+03 -8.070974E-07  1.067974E-04 -6.125182E-07  1.918635E-04 -5.854583E-03  2.049018E-08  2.049270E-08
  1.203000E+03 -2.625830E-09  1.063016E-04  1.574190E-06  1.928153E-04 -1.951915E-02  2.049266E-08  2.049731E-08
  1.204000E+03  8.216442E-07  1.061532E-04 -5.970154E-07  1.930373E-04 -3.125456E-03  2.049143E-08  2.049224E-08
  1.205000E+03 -6.336661E-07  1.068616E-04 -1.145040E-06  1.917685E-04 -1.299950E-02  2.049096E-08  2.049517E-08
  1.206000E+03 -3.456500E-07  1.060118E-04  1.487773E-06  1.933371E-04 -1.522086E-02  2.049364E-08  2.049683E-08
  1.207000E+03  9.120648E-07  1.065263E-04  1.303104E-08  1.923547E-04 -2.393164E-03  2.049077E-08  2.049208E-08
  1.208000E+03 -3.478451E-07  1.066291E-04 -1.520740E-06  1.922143E-04 -1.848271E-02  2.049214E-08  2.049714E-08
  1.209000E+03 -6.492204E-07  1.059662E-04  1.154538E-06  1.934007E-04 -8.322818E-03  2.049323E-08  2.049484E-08
  1.210000E+03  8.536368E-07  1.068019E-04  6.435196E-07  1.918619E-04 -6.878015E-03  2.049074E-08  2.049349E-08
  1.211000E+03  2.630950E-09  1.062687E-04 -1.657627E-06  1.928816E-04 -1.902479E-02  2.049357E-08  2.049807E-08
  1.212000E+03 -8.597176E-07  1.061973E-04  6.221949E-07  1.929632E-04 -3.314492E-03  2.049205E-08  2.049294E-08
  1.213000E+03  6.570616E-07  1.068194E-04  1.195132E-06  1.918488E-04 -1.359857E-02  2.049128E-08  2.049550E-08
  1.214000E+03  3.614019E-07  1.060072E-04 -1.539046E-06  1.933477E-04 -1.431002E-02  2.049414E-08  2.049711E-08
  1.215000E+03 -9.429786E-07  1.065531E-04 -1.859100E-08  1.923091E-04 -3.011112E-03  2.049104E-08  2.049250E-08
  1.216000E+03  3.578743E-07  1.065822E-04  1.573063E-06  1.922995E-04 -1.833089E-02  2.049227E-08  2.049712E-08
  1.217000E+03  6.735759E-07  1.060034E-04 -1.184832E-06  1.933326E-04 -7.680185E-03  2.049331E-08  2.049481E-08
  1.218000E+03 -8.778778E-07  1.068015E-04 -6.704073E-07  1.918631E-04 -7.695923E-03  2.049065E-08  2.049356E-08
  1.219000E+03 -4.082130E-09  1.062401E-04  1.705246E-06  1.929291E-04 -1.819395E-02  2.049341E-08  2.049761E-08
  1.220000E+03  8.805818E-07  1.062530E-04 -6.304312E-07  1.928599E-04 -3.203978E-03  2.049184E-08  2.049279E-08
  1.221000E+03 -6.693882E-07  1.067941E-04 -1.220149E-06  1.918915E-04 -1.430015E-02  2.049079E-08  2.049513E-08
  1.222000E+03 -3.703605E-07  1.060083E-04  1.559721E-06  1.933374E-04 -1.349500E-02  2.049350E-08  2.049626E-08
  1.223000E+03  9.531247E-07  1.065941E-04  3.255743E-08  1.922335E-04 -3.711927E-03  2.049082E-08  2.049247E-08
  1.224000E+03 -3.519379E-07  1.065356E-04 -1.596292E-06  1.923787E-04 -1.862142E-02  2.049162E-08  2.049647E-08
  1.225000E+03 -6.906051E-07  1.060207E-04  1.175412E-06  1.932907E-04 -7.200255E-03  2.049229E-08  2.049371E-08
  1.226000E+03  8.806028E-07  1.068061E-04  7.092505E-07  1.918492E-04 -8.707663E-03  2.048988E-08  2.049301E-08
  1.227000E+03  2.631457E-08  1.061939E-04 -1.721392E-06  1.930011E-04 -1.805353E-02  2.049220E-08  2.049636E-08
  1.228000E+03 -9.032044E-07  1.062798E-04  5.871528E-07  1.928050E-04 -3.182983E-03  2.049117E-08  2.049217E-08
  1.229000E+03  6.542127E-07  1.067678E-04  1.285856E-06  1.919332E-04 -1.517608E-02  2.048992E-08  2.049444E-08
  1.230000E+03  4.136412E-07  1.059772E-04 -1.560895E-06  1.933756E-04 -1.301719E-02  2.049168E-08  2.049437E-08
  1.231000E+03 -9.704133E-07  1.066091E-04 -1.148433E-07  1.922020E-04 -3.902296E-03  2.049033E-08  2.049208E-08
  1.232000E+03  3.171266E-07  1.064906E-04  1.652374E-06  1.924507E-04 -1.871758E-02  2.049060E-08  2.049541E-08
  1.233000E+03  7.325129E-07  1.060138E-04 -1.133475E-06  1.932872E-04 -6.407606E-03  2.049069E-08  2.049203E-08
  1.234000E+03 -8.708243E-07  1.068048E-04 -7.969880E-07  1.918493E-04 -8.905244E-03  2.048961E-08  2.049279E-08
  1.235000E+03 -7.376772E-08  1.061501E-04  1.732555E-06  1.930657E-04 -1.751144E-02  2.049079E-08  2.049477E-08
  1.236000E+03  9.255568E-07  1.062897E-04 -5.148919E-07  1.927817E-04 -2.543419E-03  2.049065E-08  2.049163E-08
  1.237000E+03 -6.202665E-07  1.067420E-04 -1.340760E-06  1.919803E-04 -1.524664E-02  2.048999E-08  2.049442E-08
  1.238000E+03 -4.481844E-07  1.059493E-04  1.518352E-06  1.934122E-04 -1.210943E-02  2.049039E-08  2.049287E-08
  1.239000E+03  9.589202E-07  1.066327E-04  1.803817E-07  1.921630E-04 -3.824856E-03  2.049072E-08  2.049252E-08
  1.240000E+03 -2.773533E-07  1.064550E-04 -1.643182E-06  1.925150E-04 -1.891072E-02  2.049053E-08  2.049530E-08
  1.241000E+03 -7.360526E-07  1.060207E-04  1.066718E-06  1.932724E-04 -5.792883E-03  2.049053E-08  2.049175E-08
  1.242000E+03  8.326503E-07  1.068233E-04  8.256320E-07  1.918286E-04 -9.585316E-03  2.049082E-08  2.049416E-08
  1.243000E+03  1.039276E-07  1.061181E-04 -1.675329E-06  1.931234E-04 -1.757760E-02  2.049073E-08  2.049468E-08
  1.244000E+03 -9.017493E-07  1.063284E-04  4.474236E-07  1.927224E-04 -2.382828E-03  2.049181E-08  2.049276E-08
  1.245000E+03  5.717110E-07  1.067470E-04  1.325064E-06  1.919887E-04 -1.609884E-02  2.049156E-08  2.049621E-08
  1.246000E+03  4.540981E-07  1.059455E-04 -1.435546E-06  1.934227E-04 -1.179532E-02  2.049084E-08  2.049319E-08
  1.247000E+03 -9.176287E-07  1.066814E-04 -2.166936E-07  1.920923E-04 -4.208268E-03  2.049250E-08  2.049442E-08
  1.248000E+03  2.340547E-07  1.064356E-04  1.594134E-06  1.925612E-04 -1.935435E-02  2.049152E-08  2.049636E-08
  1.249000E+03  7.230497E-07  1.060479E-04 -9.815592E-07  1.932345E-04 -5.256372E-03  2.049183E-08  2.049290E-08
  1.250000E+03 -7.834200E-07  1.068514E-04 -8.307733E-07  1.917985E-04 -1.026277E-02  2.049285E-08  2.049637E-08
  1.251000E+03 -1.290122E-07  1.060865E-04  1.604842E-06  1.931841E-04 -1.727592E-02  2.049118E-08  2.049499E-08
  1.252000E+03  8.727461E-07  1.063720E-04 -3.871495E-07  1.926565E-04 -2.146094E-03  2.049321E-08  2.049414E-08
  1.253000E+03 -5.296972E-07  1.067298E-04 -1.297053E-06  1.920338E-04 -1.680781E-02  2.049284E-08  2.049758E-08
  1.254000E+03 -4.613756E-07  1.059254E-04  1.366778E-06  1.934632E-04 -1.111616E-02  2.049141E-08  2.049359E-08
  1.255000E+03  8.800082E-07  1.067164E-04  2.518877E-07  1.920424E-04 -4.688188E-03  2.049385E-08  2.049588E-08
  1.256000E+03 -2.009207E-07  1.063895E-04 -1.549897E-06  1.926508E-04 -1.978927E-02  2.049201E-08  2.049688E-08
  1.257000E+03 -7.162999E-07  1.060619E-04  9.266096E-07  1.932168E-04 -4.661645E-03  2.049271E-08  2.049368E-08
  1.258000E+03  7.525543E-07  1.068624E-04  8.368733E-07  1.917928E-04 -1.110633E-02  2.049418E-08  2.049788E-08
  1.259000E+03  1.459074E-07  1.060485E-04 -1.569865E-06  1.932527E-04 -1.697592E-02  2.049122E-08  2.049492E-08
  1.260000E+03 -8.624438E-07  1.064187E-04  3.613248E-07  1.925772E-04 -2.078935E-03  2.049377E-08  2.049475E-08
  1.261000E+03  5.144071E-07  1.067145E-04  1.292571E-06  1.920684E-04 -1.753526E-02  2.049333E-08  2.049824E-08
  1.262000E+03  4.689071E-07  1.059243E-04 -1.358687E-06  1.934646E-04 -1.033066E-02  2.049151E-08  2.049352E-08
  1.263000E+03 -8.809106E-07  1.067552E-04 -2.591102E-07  1.919757E-04 -5.180229E-03  2.049413E-08  2.049637E-08
  1.264000E+03  2.004235E-07  1.063484E-04  1.565503E-06  1.927230E-04 -1.970143E-02  2.049181E-08  2.049661E-08
  1.265000E+03  7.292073E-07  1.060958E-04 -9.421258E-07  1.931520E-04 -3.954923E-03  2.049246E-08  2.049336E-08
  1.266000E+03 -7.640635E-07  1.068607E-04 -8.508451E-07  1.917977E-04 -1.199517E-02  2.049416E-08  2.049807E-08
  1.267000E+03 -1.473101E-07  1.060090E-04  1.598275E-06  1.933198E-04 -1.627260E-02  2.049093E-08  2.049445E-08
  1.268000E+03  8.785179E-07  1.064605E-04 -3.695624E-07  1.924961E-04 -2.071642E-03  2.049319E-08  2.049429E-08
  1.269000E+03 -5.242976E-07  1.066697E-04 -1.320795E-06  1.921475E-04 -1.816869E-02  2.049294E-08  2.049794E-08
  1.270000E+03 -4.827114E-07  1.059132E-04  1.386287E-06  1.934800E-04 -9.356840E-03  2.049119E-08  2.049305E-08
  1.271000E+03  8.996382E-07  1.067872E-04  2.706230E-07  1.919123E-04 -5.934962E-03  2.049342E-08  2.049592E-08
  1.272000E+03 -2.009956E-07  1.062966E-04 -1.609337E-06  1.928118E-04 -1.990818E-02  2.049118E-08  2.049604E-08
  1.273000E+03 -7.557513E-07  1.061239E-04  9.536780E-07  1.930925E-04 -3.350181E-03  2.049162E-08  2.049251E-08
  1.274000E+03  7.823059E-07  1.068707E-04  8.969567E-07  1.917720E-04 -1.298340E-02  2.049307E-08  2.049735E-08
  1.275000E+03  1.664569E-07  1.059802E-04 -1.651899E-06  1.933644E-04 -1.584644E-02  2.049022E-08  2.049369E-08
  1.276000E+03 -9.209189E-07  1.065109E-04  3.552773E-07  1.923917E-04 -1.993123E-03  2.049177E-08  2.049306E-08
  1.277000E+03  5.352014E-07  1.066564E-04  1.410555E-06  1.921614E-04 -1.892810E-02  2.049158E-08  2.049691E-08
  1.278000E+03  5.258602E-07  1.059171E-04 -1.438798E-06  1.934640E-04 -8.669036E-03  2.049038E-08  2.049219E-08
  1.279000E+03 -9.518234E-07  1.068287E-04 -3.336421E-07  1.918245E-04 -6.349453E-03  2.049195E-08  2.049481E-08
  1.280000E+03  1.913461E-07  1.062709E-04  1.726414E-06  1.928497E-04 -2.001646E-02  2.049021E-08  2.049520E-08
  1.281000E+03  8.241670E-07  1.061471E-04 -9.806435E-07  1.930407E-04 -2.600292E-03  2.049065E-08  2.049160E-08
  1.282000E+03 -8.272576E-07  1.068772E-04 -1.012771E-06  1.917465E-04 -1.342387E-02  2.049148E-08  2.049605E-08
  1.283000E+03 -2.084741E-07  1.059474E-04  1.776163E-06  1.934170E-04 -1.510442E-02  2.048970E-08  2.049311E-08
  1.284000E+03  1.005131E-06  1.065431E-04 -3.237880E-07  1.923219E-04 -1.480113E-03  2.049054E-08  2.049205E-08
  1.285000E+03 -5.567011E-07  1.066267E-04 -1.567033E-06  1.922046E-04 -1.913585E-02  2.049040E-08  2.049587E-08
  1.286000E+03 -5.975759E-07  1.059040E-04  1.533318E-06  1.934814E-04 -7.446589E-03  2.048989E-08  2.049166E-08
  1.287000E+03  1.030424E-06  1.068547E-04  4.267110E-07  1.917677E-04 -6.276427E-03  2.049087E-08  2.049403E-08
  1.288000E+03 -1.788867E-07  1.062248E-04 -1.893938E-06  1.929310E-04 -1.973038E-02  2.049008E-08  2.049509E-08
  1.289000E+03 -9.133540E-07  1.061715E-04  1.022925E-06  1.929954E-04 -1.628517E-03  2.049058E-08  2.049166E-08
  1.290000E+03  8.879563E-07  1.068879E-04  1.146313E-06  1.917238E-04 -1.401181E-02  2.049093E-08  2.049591E-08
  1.291000E+03  2.421398E-07  1.059208E-04 -1.924996E-06  1.934730E-04 -1.463839E-02  2.049061E-08  2.049409E-08
  1.292000E+03 -1.093281E-06  1.065916E-04  3.261042E-07  1.922386E-04 -1.382232E-03  2.049101E-08  2.049282E-08
  1.293000E+03  5.991947E-07  1.066168E-04  1.709189E-06  1.922308E-04 -1.996471E-02  2.049095E-08  2.049689E-08
  1.294000E+03  6.453816E-07  1.059020E-04 -1.659138E-06  1.934980E-04 -6.964136E-03  2.049133E-08  2.049321E-08
  1.295000E+03 -1.113982E-06  1.068939E-04 -4.551131E-07  1.917051E-04 -6.911497E-03  2.049160E-08  2.049521E-08
  1.296000E+03  2.022627E-07  1.061924E-04  2.039896E-06  1.930064E-04 -2.024370E-02  2.049161E-08  2.049699E-08
  1.297000E+03  9.725972E-07  1.061937E-04 -1.111815E-06  1.929681E-04 -1.308076E-03  2.049198E-08  2.049321E-08
  1.298000E+03 -9.602311E-07  1.068980E-04 -1.209287E-06  1.917159E-04 -1.495071E-02  2.049176E-08  2.049721E-08
  1.299000E+03 -2.435328E-07  1.058887E-04  2.070180E-06  1.935493E-04 -1.449071E-02  2.049253E-08  2.049621E-08
  1.300000E+03  1.164312E-06  1.066243E-04 -3.741322E-07  1.921917E-04 -1.388644E-03  2.049227E-08  2.049433E-08
  1.301000E+03 -6.525797E-07  1.065923E-04 -1.808486E-06  1.922866E-04 -2.051059E-02  2.049196E-08  2.049819E-08
  1.302000E+03 -6.712390E-07  1.059031E-04  1.775789E-06  1.935112E-04 -6.274563E-03  2.049304E-08  2.049497E-08
  1.303000E+03  1.178664E-06  1.069246E-04  4.611308E-07  1.916595E-04 -7.342352E-03  2.049257E-08  2.049652E-08
  1.304000E+03 -2.253495E-07  1.061665E-04 -2.144823E-06  1.930646E-04 -2.013375E-02  2.049283E-08  2.049830E-08
  1.305000E+03 -1.011778E-06  1.062340E-04  1.184352E-06  1.929049E-04 -8.304254E-04  2.049305E-08  2.049439E-08
  1.306000E+03  1.004340E-06  1.069103E-04  1.253247E-06  1.917034E-04 -1.560027E-02  2.049258E-08  2.049839E-08
  1.307000E+03  2.489076E-07  1.058796E-04 -2.144716E-06  1.935756E-04 -1.403508E-02  2.049368E-08  2.049733E-08
  1.308000E+03 -1.195014E-06  1.066650E-04  3.821580E-07  1.921241E-04 -1.507056E-03  2.049288E-08  2.049515E-08
  1.309000E+03  6.599004E-07  1.065740E-04  1.851557E-06  1.923278E-04 -2.092467E-02  2.049266E-08  2.049905E-08
  1.310000E+03  6.854772E-07  1.059112E-04 -1.784954E-06  1.935012E-04 -5.803426E-03  2.049360E-08  2.049549E-08
  1.311000E+03 -1.177973E-06  1.069420E-04 -4.840293E-07  1.916314E-04 -7.994082E-03  2.049278E-08  2.049693E-08
  1.312000E+03  2.113474E-07  1.061327E-04  2.142229E-06  1.931313E-04 -2.014497E-02  2.049338E-08  2.049885E-08
  1.313000E+03  1.008723E-06  1.062518E-04 -1.144387E-06  1.928728E-04 -5.658745E-04  2.049307E-08  2.049439E-08
  1.314000E+03 -9.751619E-07  1.068940E-04 -1.259931E-06  1.917344E-04 -1.610758E-02  2.049260E-08  2.049845E-08
  1.315000E+03 -2.626272E-07  1.058609E-04  2.093668E-06  1.936087E-04 -1.345686E-02  2.049373E-08  2.049721E-08
  1.316000E+03  1.168480E-06  1.066919E-04 -3.365646E-07  1.920706E-04 -1.640536E-03  2.049234E-08  2.049465E-08
  1.317000E+03 -6.228183E-07  1.065482E-04 -1.826174E-06  1.923734E-04 -2.110958E-02  2.049247E-08  2.049880E-08
  1.318000E+03 -6.873117E-07  1.059202E-04  1.710695E-06  1.934779E-04 -5.173177E-03  2.049294E-08  2.049467E-08
  1.319000E+03  1.137609E-06  1.069577E-04  5.157922E-07  1.915944E-04 -8.315284E-03  2.049179E-08  2.049602E-08
  1.320000E+03 -1.725954E-07  1.061143E-04 -2.086444E-06  1.931598E-04 -1.987244E-02  2.049297E-08  2.049825E-08
  1.321000E+03 -9.891260E-07  1.062792E-04  1.048329E-06  1.928137E-04 -3.815253E-04  2.049207E-08  2.049331E-08
  1.322000E+03  9.148516E-07  1.068933E-04  1.260294E-06  1.917291E-04 -1.663352E-02  2.049172E-08  2.049764E-08
  1.323000E+03  2.920329E-07  1.058515E-04 -1.989830E-06  1.936171E-04 -1.320744E-02  2.049287E-08  2.049619E-08
  1.324000E+03 -1.123058E-06  1.067087E-04  2.399405E-07  1.920273E-04 -1.916157E-03  2.049095E-08  2.049324E-08
  1.325000E+03  5.539442E-07  1.065265E-04  1.788516E-06  1.924065E-04 -2.155448E-02  2.049162E-08  2.049799E-08
  1.326000E+03  6.958318E-07  1.059142E-04 -1.582190E-06  1.934766E-04 -4.983504E-03  2.049167E-08  2.049328E-08
  1.327000E+03 -1.074216E-06  1.069613E-04 -5.804739E-07  1.915771E-04 -8.840778E-03  2.049052E-08  2.049478E-08
  1.328000E+03  1.149924E-07  1.060853E-04  2.012291E-06  1.932032E-04 -2.010458E-02  2.049188E-08  2.049717E-08
  1.329000E+03  9.810432E-07  1.062775E-04 -9.251553E-07  1.928017E-04 -3.488370E-04  2.049048E-08  2.049164E-08
  1.330000E+03 -8.486661E-07  1.068784E-04 -1.299559E-06  1.917486E-04 -1.713430E-02  2.049077E-08  2.049672E-08
  1.331000E+03 -3.388471E-07  1.058207E-04  1.895949E-06  1.936608E-04 -1.290064E-02  2.049162E-08  2.049485E-08
  1.332000E+03  1.095698E-06  1.067107E-04 -1.264194E-07  1.920116E-04 -1.771625E-03  2.048967E-08  2.049191E-08
  1.333000E+03 -4.830698E-07  1.064985E-04 -1.779529E-06  1.924509E-04 -2.154728E-02  2.049098E-08  2.049720E-08
  1.334000E+03 -7.197918E-07  1.059025E-04  1.456921E-06  1.934896E-04 -4.358817E-03  2.049084E-08  2.049233E-08
  1.335000E+03  1.015756E-06  1.069553E-04  6.666311E-07  1.915852E-04 -8.760141E-03  2.049026E-08  2.049439E-08
  1.336000E+03 -4.793914E-08  1.060515E-04 -1.939417E-06  1.932560E-04 -1.963294E-02  2.049114E-08  2.049618E-08
  1.337000E+03 -9.680093E-07  1.062761E-04  7.875052E-07  1.927967E-04  2.796443E-04  2.048968E-08  2.049075E-08
  1.338000E+03  7.668500E-07  1.068631E-04  1.320333E-06  1.917770E-04 -1.702780E-02  2.049091E-08  2.049664E-08
  1.339000E+03  3.733597E-07  1.058041E-04 -1.760855E-06  1.936863E-04 -1.243462E-02  2.049121E-08  2.049425E-08
  1.340000E+03 -1.035714E-06  1.067189E-04  2.514172E-08  1.919986E-04 -1.692371E-03  2.048984E-08  2.049199E-08
  1.341000E+03  4.029867E-07  1.064849E-04  1.711363E-06  1.924803E-04 -2.169819E-02  2.049142E-08  2.049755E-08
  1.342000E+03  7.121163E-07  1.059070E-04 -1.297392E-06  1.934846E-04 -4.258035E-03  2.049118E-08  2.049253E-08
  1.343000E+03 -9.288475E-07  1.069655E-04 -7.127091E-07  1.915798E-04 -9.161091E-03  2.049157E-08  2.049568E-08
  1.344000E+03 -1.139830E-08  1.060465E-04  1.801642E-06  1.932729E-04 -1.975048E-02  2.049191E-08  2.049686E-08
  1.345000E+03  9.181397E-07  1.063005E-04 -6.434358E-07  1.927633E-04  1.294493E-04  2.049083E-08  2.049178E-08
  1.346000E+03 -6.717675E-07  1.068713E-04 -1.289140E-06  1.917785E-04 -1.742314E-02  2.049251E-08  2.049825E-08
  1.347000E+03 -3.943627E-07  1.058183E-04  1.586968E-06  1.936711E-04 -1.242449E-02  2.049236E-08  2.049522E-08
  1.348000E+03  9.553682E-07  1.067417E-04  6.727609E-08  1.919754E-04 -2.019815E-03  2.049174E-08  2.049382E-08
  1.349000E+03 -3.221611E-07  1.064853E-04 -1.613205E-06  1.924915E-04 -2.175157E-02  2.049268E-08  2.049868E-08
  1.350000E+03 -6.912661E-07  1.059302E-04  1.127296E-06  1.934548E-04 -4.195577E-03  2.049253E-08  2.049370E-08
  1.351000E+03  8.335401E-07  1.069676E-04  7.282207E-07  1.915929E-04 -9.338691E-03  2.049334E-08  2.049732E-08
  1.352000E+03  5.785380E-08  1.060477E-04 -1.656295E-06  1.932795E-04 -1.952761E-02  2.049293E-08  2.049766E-08
  1.353000E+03 -8.609627E-07  1.063150E-04  5.188195E-07  1.927534E-04 -6.251474E-05  2.049259E-08  2.049342E-08
  1.354000E+03  5.826760E-07  1.068515E-04  1.236399E-06  1.918271E-04 -1.752767E-02  2.049387E-08  2.049939E-08
  1.355000E+03  4.058555E-07  1.058230E-04 -1.425595E-06  1.936701E-04 -1.229127E-02  2.049320E-08  2.049590E-08
  1.356000E+03 -8.766700E-07  1.067410E-04 -1.386900E-07  1.919925E-04 -2.536484E-03  2.049342E-08  2.049538E-08
  1.357000E+03  2.554743E-07  1.064636E-04  1.510496E-06  1.925370E-04 -2.166309E-02  2.049337E-08  2.049916E-08
  1.358000E+03  6.660170E-07  1.059476E-04 -9.955711E-07  1.934308E-04 -4.213145E-03  2.049335E-08  2.049438E-08
  1.359000E+03 -7.600102E-07  1.069577E-04 -7.289573E-07  1.916201E-04 -9.766376E-03  2.049426E-08  2.049814E-08
  1.360000E+03 -8.606565E-08  1.060454E-04  1.545880E-06  1.932829E-04 -1.917965E-02  2.049299E-08  2.049749E-08
  1.361000E+03  8.178496E-07  1.063452E-04 -4.428599E-07  1.927075E-04 -3.921880E-04  2.049352E-08  2.049430E-08
  1.362000E+03 -5.339377E-07  1.068344E-04 -1.192878E-06  1.918618E-04 -1.769870E-02  2.049423E-08  2.049965E-08
  1.363000E+03 -4.063056E-07  1.058361E-04  1.351283E-06  1.936414E-04 -1.178578E-02  2.049283E-08  2.049531E-08
  1.364000E+03  8.447592E-07  1.067566E-04  1.568099E-07  1.919694E-04 -2.873906E-03  2.049391E-08  2.049590E-08
  1.365000E+03 -2.369228E-07  1.064404E-04 -1.470591E-06  1.925778E-04 -2.139588E-02  2.049336E-08  2.049894E-08
  1.366000E+03 -6.588492E-07  1.059704E-04  9.594607E-07  1.933863E-04 -3.982008E-03  2.049307E-08  2.049402E-08
  1.367000E+03  7.399912E-07  1.069442E-04  7.288682E-07  1.916441E-04 -1.025416E-02  2.049414E-08  2.049802E-08
  1.368000E+03  9.456332E-08  1.060259E-04 -1.515739E-06  1.933129E-04 -1.866281E-02  2.049260E-08  2.049689E-08
  1.369000E+03 -8.090661E-07  1.063622E-04  4.236256E-07  1.926760E-04 -5.384056E-04  2.049343E-08  2.049422E-08
  1.370000E+03  5.239613E-07  1.067985E-04  1.188793E-06  1.919222E-04 -1.795729E-02  2.049371E-08  2.049905E-08
  1.371000E+03  4.130553E-07  1.058412E-04 -1.336438E-06  1.936233E-04 -1.133966E-02  2.049200E-08  2.049435E-08
  1.372000E+03 -8.401820E-07  1.067649E-04 -1.796160E-07  1.919477E-04 -3.521612E-03  2.049315E-08  2.049522E-08
  1.373000E+03  2.293396E-07  1.064117E-04  1.478900E-06  1.926212E-04 -2.132110E-02  2.049249E-08  2.049800E-08
  1.374000E+03  6.752898E-07  1.060002E-04 -9.526398E-07  1.933231E-04 -3.840584E-03  2.049214E-08  2.049305E-08
  1.375000E+03 -7.451349E-07  1.069406E-04 -7.680194E-07  1.916403E-04 -1.083682E-02  2.049293E-08  2.049695E-08
  1.376000E+03 -1.077925E-07  1.060218E-04  1.548037E-06  1.933076E-04 -1.829545E-02  2.049139E-08  2.049557E-08
  1.377000E+03  8.401916E-07  1.063964E-04 -4.153263E-07  1.926030E-04 -7.514383E-04  2.049225E-08  2.049314E-08
  1.378000E+03 -5.375265E-07  1.067855E-04 -1.252390E-06  1.919338E-04 -1.824883E-02  2.049233E-08  2.049779E-08
  1.379000E+03 -4.412561E-07  1.058599E-04  1.388277E-06  1.935779E-04 -1.089324E-02  2.049092E-08  2.049318E-08
  1.380000E+03  8.833761E-07  1.067860E-04  2.129414E-07  1.918974E-04 -3.906253E-03  2.049180E-08  2.049408E-08
  1.381000E+03 -2.377021E-07  1.063885E-04 -1.566965E-06  1.926505E-04 -2.103178E-02  2.049128E-08  2.049670E-08
  1.382000E+03 -7.217999E-07  1.060251E-04  1.002102E-06  1.932692E-04 -3.309149E-03  2.049128E-08  2.049221E-08
  1.383000E+03  7.949261E-07  1.069290E-04  8.391334E-07  1.916488E-04 -1.100935E-02  2.049158E-08  2.049569E-08
  1.384000E+03  1.167774E-07  1.060041E-04 -1.659122E-06  1.933283E-04 -1.747046E-02  2.049046E-08  2.049445E-08
  1.385000E+03 -9.024610E-07  1.064176E-04  4.395906E-07  1.925562E-04 -4.809464E-04  2.049138E-08  2.049241E-08
  1.386000E+03  5.803589E-07  1.067513E-04  1.356220E-06  1.919859E-04 -1.801666E-02  2.049142E-08  2.049678E-08
  1.387000E+03  4.717324E-07  1.058635E-04 -1.499817E-06  1.935675E-04 -9.893859E-03  2.049073E-08  2.049288E-08
  1.388000E+03 -9.543215E-07  1.067930E-04 -2.263219E-07  1.918819E-04 -3.884050E-03  2.049148E-08  2.049391E-08
  1.389000E+03  2.673096E-07  1.063659E-04  1.689663E-06  1.926897E-04 -2.056705E-02  2.049127E-08  2.049659E-08
  1.390000E+03  7.635504E-07  1.060520E-04 -1.095321E-06  1.932254E-04 -2.952983E-03  2.049186E-08  2.049286E-08
  1.391000E+03 -8.614624E-07  1.069279E-04 -8.669893E-07  1.916560E-04 -1.137928E-02  2.049205E-08  2.049635E-08
  1.392000E+03 -9.653129E-08  1.060037E-04  1.771602E-06  1.933369E-04 -1.713643E-02  2.049143E-08  2.049541E-08
  1.393000E+03  9.443096E-07  1.064525E-04 -5.126651E-07  1.925032E-04 -8.130084E-04  2.049244E-08  2.049363E-08
  1.394000E+03 -6.432908E-07  1.067372E-04 -1.389619E-06  1.920226E-04 -1.846445E-02  2.049245E-08  2.049800E-08
  1.395000E+03 -4.502570E-07  1.058779E-04  1.609979E-06  1.935549E-04 -9.739059E-03  2.049222E-08  2.049439E-08
  1.396000E+03  1.000202E-06  1.068087E-04  1.489386E-07  1.918658E-04 -4.644566E-03  2.049272E-08  2.049535E-08
  1.397000E+03 -3.294099E-07  1.063431E-04 -1.733577E-06  1.927440E-04 -2.070041E-02  2.049261E-08  2.049803E-08
  1.398000E+03 -7.499392E-07  1.060768E-04  1.211118E-06  1.931941E-04 -2.991280E-03  2.049332E-08  2.049436E-08
  1.399000E+03  9.186323E-07  1.069179E-04  8.002472E-07  1.916876E-04 -1.206304E-02  2.049333E-08  2.049778E-08
  1.400000E+03  3.498771E-08  1.059906E-04 -1.842802E-06  1.933766E-04 -1.682126E-02  2.049320E-08  2.049716E-08
  1.401000E+03 -9.476678E-07  1.064729E-04  6.322723E-07  1.924804E-04 -9.819268E-04  2.049393E-08  2.049521E-08
  1.402000E+03  7.036459E-07  1.067196E-04  1.351565E-06  1.920666E-04 -1.863431E-02  2.049371E-08  2.049929E-08
  1.403000E+03  4.032285E-07  1.058930E-04 -1.688860E-06  1.935421E-04 -9.305743E-03  2.049387E-08  2.049597E-08
  1.404000E+03 -1.014831E-06  1.068269E-04 -4.881535E-08  1.918455E-04 -4.936293E-03  2.049401E-08  2.049676E-08
  1.405000E+03  3.842393E-07  1.063369E-04  1.717936E-06  1.927658E-04 -2.049125E-02  2.049381E-08  2.049915E-08
  1.406000E+03  7.175309E-07  1.061129E-04 -1.277502E-06  1.931389E-04 -2.890924E-03  2.049444E-08  2.049545E-08
  1.407000E+03 -9.281289E-07  1.069189E-04 -7.347141E-07  1.916940E-04 -1.246125E-02  2.049412E-08  2.049865E-08
  1.408000E+03 -1.977981E-09  1.059931E-04  1.820965E-06  1.933789E-04 -1.638672E-02  2.049407E-08  2.049786E-08
  1.409000E+03  9.163057E-07  1.065010E-04 -6.613108E-07  1.924341E-04 -1.349082E-03  2.049439E-08  2.049570E-08
  1.410000E+03 -6.917835E-07  1.066948E-04 -1.290935E-06  1.921165E-04 -1.882089E-02  2.049420E-08  2.049969E-08
  1.411000E+03 -3.755429E-07  1.059120E-04  1.626357E-06  1.935127E-04 -9.023488E-03  2.049448E-08  2.049641E-08
  1.412000E+03  9.612943E-07  1.068253E-04  3.454298E-08  1.918505E-04 -5.698561E-03  2.049415E-08  2.049688E-08
  1.413000E+03 -3.612387E-07  1.063007E-04 -1.620989E-06  1.928335E-04 -2.008312E-02  2.049421E-08  2.049924E-08
  1.414000E+03 -6.719091E-07  1.061412E-04  1.192201E-06  1.930859E-04 -2.786918E-03  2.049429E-08  2.049517E-08
  1.415000E+03  8.596955E-07  1.068896E-04  6.916357E-07  1.917446E-04 -1.293512E-02  2.049379E-08  2.049817E-08
  1.416000E+03  9.660443E-09  1.059896E-04 -1.691817E-06  1.933835E-04 -1.561095E-02  2.049415E-08  2.049756E-08
  1.417000E+03 -8.507013E-07  1.065289E-04  5.979265E-07  1.923760E-04 -1.780168E-03  2.049358E-08  2.049484E-08
  1.418000E+03  6.266300E-07  1.066570E-04  1.210011E-06  1.921810E-04 -1.872762E-02  2.049386E-08  2.049905E-08
  1.419000E+03  3.626772E-07  1.059423E-04 -1.487650E-06  1.934517E-04 -8.316103E-03  2.049402E-08  2.049565E-08
  1.420000E+03 -8.826289E-07  1.068308E-04 -7.272744E-08  1.918300E-04 -6.338071E-03  2.049294E-08  2.049565E-08
  1.421000E+03  3.034972E-07  1.062812E-04  1.506397E-06  1.928652E-04 -1.958188E-02  2.049402E-08  2.049869E-08
  1.422000E+03  6.357604E-07  1.061841E-04 -1.044431E-06  1.929974E-04 -2.898584E-03  2.049317E-08  2.049392E-08
  1.423000E+03 -7.627070E-07  1.068627E-04 -6.881853E-07  1.917839E-04 -1.358666E-02  2.049266E-08  2.049694E-08
  1.424000E+03 -4.891847E-08  1.059895E-04  1.529646E-06  1.933783E-04 -1.501371E-02  2.049375E-08  2.049683E-08
  1.425000E+03  7.859209E-07  1.065477E-04 -4.693476E-07  1.923270E-04 -2.574410E-03  2.049193E-08  2.049316E-08
  1.426000E+03 -5.325057E-07  1.066098E-04 -1.150212E-06  1.922585E-04 -1.886254E-02  2.049300E-08  2.049795E-08
  1.427000E+03 -3.678836E-07  1.059640E-04  1.306820E-06  1.934015E-04 -8.066837E-03  2.049293E-08  2.049434E-08
  1.428000E+03  7.958945E-07  1.068138E-04  1.451960E-07  1.918447E-04 -7.353930E-03  2.049110E-08  2.049377E-08
  1.429000E+03 -2.301878E-07  1.062438E-04 -1.395764E-06  1.929239E-04 -1.916489E-02  2.049321E-08  2.049757E-08
  1.430000E+03 -6.124083E-07  1.062099E-04  8.879520E-07  1.929367E-04 -3.141863E-03  2.049169E-08  2.049236E-08
  1.431000E+03  6.744159E-07  1.068106E-04  7.107190E-07  1.918693E-04 -1.402303E-02  2.049166E-08  2.049572E-08
  1.432000E+03  9.708293E-08  1.059822E-04 -1.390202E-06  1.933818E-04 -1.405056E-02  2.049302E-08  2.049571E-08
  1.433000E+03 -7.344787E-07  1.065552E-04  3.355325E-07  1.923000E-04 -3.044803E-03  2.049047E-08  2.049165E-08
  1.434000E+03  4.401093E-07  1.065500E-04  1.115689E-06  1.923579E-04 -1.839285E-02  2.049226E-08  2.049676E-08
  1.435000E+03  3.889109E-07  1.059877E-04 -1.138609E-06  1.933491E-04 -7.234655E-03  2.049209E-08  2.049323E-08
  1.436000E+03 -7.191987E-07  1.067856E-04 -2.456747E-07  1.918893E-04 -7.840002E-03  2.049038E-08  2.049291E-08
  1.437000E+03  1.473022E-07  1.062014E-04  1.295841E-06  1.929928E-04 -1.794391E-02  2.049281E-08  2.049659E-08
  1.438000E+03  5.919224E-07  1.062454E-04 -7.113618E-07  1.928674E-04 -2.954588E-03  2.049119E-08  2.049177E-08
  1.439000E+03 -5.761356E-07  1.067609E-04 -7.323601E-07  1.919597E-04 -1.427547E-02  2.049170E-08  2.049551E-08
  1.440000E+03 -1.458491E-07  1.059861E-04  1.224805E-06  1.933726E-04 -1.302834E-02  2.049307E-08  2.049536E-08
  1.441000E+03  6.667444E-07  1.065803E-04 -1.966951E-07  1.922593E-04 -3.816982E-03  2.049090E-08  2.049210E-08
  1.442000E+03 -3.428565E-07  1.065010E-04 -1.047085E-06  1.924519E-04 -1.834266E-02  2.049287E-08  2.049712E-08
  1.443000E+03 -3.941698E-07  1.060343E-04  9.486345E-07  1.932685E-04 -6.940018E-03  2.049260E-08  2.049355E-08
  1.444000E+03  6.188420E-07  1.067830E-04  3.229840E-07  1.919077E-04 -8.941572E-03  2.049166E-08  2.049424E-08
  1.445000E+03 -6.964077E-08  1.061850E-04 -1.149317E-06  1.930305E-04 -1.735249E-02  2.049386E-08  2.049731E-08
  1.446000E+03 -5.488861E-07  1.063088E-04  5.352362E-07  1.927622E-04 -3.407387E-03  2.049220E-08  2.049274E-08
  1.447000E+03  4.661192E-07  1.067320E-04  7.276285E-07  1.920235E-04 -1.500288E-02  2.049275E-08  2.049654E-08
  1.448000E+03  1.848230E-07  1.060086E-04 -1.036791E-06  1.933377E-04 -1.224753E-02  2.049393E-08  2.049589E-08
  1.449000E+03 -5.874548E-07  1.066217E-04  6.987759E-08  1.922000E-04 -4.710964E-03  2.049245E-08  2.049375E-08
  1.450000E+03  2.474837E-07  1.064612E-04  9.579014E-07  1.925320E-04 -1.816681E-02  2.049380E-08  2.049778E-08
  1.451000E+03  3.833469E-07  1.060835E-04 -7.574060E-07  1.931874E-04 -6.433810E-03  2.049357E-08  2.049431E-08
  1.452000E+03 -5.180451E-07  1.067770E-04 -3.643687E-07  1.919349E-04 -9.847048E-03  2.049325E-08  2.049586E-08
  1.453000E+03  9.340436E-09  1.061582E-04  9.930842E-07  1.930835E-04 -1.657372E-02  2.049458E-08  2.049766E-08
  1.454000E+03  4.935989E-07  1.063528E-04 -3.753125E-07  1.926957E-04 -3.733098E-03  2.049358E-08  2.049411E-08
  1.455000E+03 -3.637477E-07  1.066850E-04 -6.906103E-07  1.921184E-04 -1.554443E-02  2.049367E-08  2.049734E-08
  1.456000E+03 -2.082016E-07  1.060171E-04  8.542112E-07  1.933267E-04 -1.155844E-02  2.049457E-08  2.049627E-08
  1.457000E+03  5.048873E-07  1.066394E-04  2.520283E-08  1.921830E-04 -5.648529E-03  2.049395E-08  2.049531E-08
  1.458000E+03 -1.713373E-07  1.064118E-04 -8.490864E-07  1.926230E-04 -1.795453E-02  2.049406E-08  2.049778E-08
  1.459000E+03 -3.588434E-07  1.061289E-04  6.009334E-07  1.931107E-04 -6.120222E-03  2.049423E-08  2.049484E-08
  1.460000E+03  4.346104E-07  1.067661E-04  3.698619E-07  1.919644E-04 -1.084644E-02  2.049408E-08  2.049677E-08
  1.461000E+03  2.305713E-08  1.061385E-04 -8.646559E-07  1.931130E-04 -1.578490E-02  2.049418E-08  2.049694E-08
  1.462000E+03 -4.410985E-07  1.064128E-04  2.920101E-07  1.925932E-04 -4.046936E-03  2.049421E-08  2.049480E-08
  1.463000E+03  3.114642E-07  1.066412E-04  6.247507E-07  1.921995E-04 -1.598733E-02  2.049378E-08  2.049738E-08
  1.464000E+03  1.926267E-07  1.060336E-04 -7.576889E-07  1.932896E-04 -1.041924E-02  2.049408E-08  2.049546E-08
  1.465000E+03 -4.521472E-07  1.066713E-04 -2.907876E-08  1.921301E-04 -6.486877E-03  2.049433E-08  2.049586E-08
  1.466000E+03  1.566076E-07  1.063561E-04  7.659644E-07  1.927182E-04 -1.766742E-02  2.049357E-08  2.049707E-08
  1.467000E+03  3.250726E-07  1.061709E-04 -5.537452E-07  1.930316E-04 -5.585482E-03  2.049402E-08  2.049452E-08
  1.468000E+03 -3.977056E-07  1.067441E-04 -3.328722E-07  1.920041E-04 -1.179707E-02  2.049388E-08  2.049667E-08
  1.469000E+03 -1.324325E-08  1.061034E-04  7.905733E-07  1.931646E-04 -1.490653E-02  2.049315E-08  2.049562E-08
  1.470000E+03  4.026933E-07  1.064511E-04 -2.841237E-07  1.925221E-04 -4.327670E-03  2.049400E-08  2.049465E-08
  1.471000E+03 -2.930043E-07  1.065909E-04 -5.675292E-07  1.922844E-04 -1.647927E-02  2.049299E-08  2.049657E-08
  1.472000E+03 -1.721070E-07  1.060459E-04  7.109029E-07  1.932545E-04 -9.715022E-03  2.049289E-08  2.049408E-08
  1.473000E+03  4.210952E-07  1.066897E-04  1.741676E-08  1.920927E-04 -7.419972E-03  2.049376E-08  2.049546E-08
  1.474000E+03 -1.535536E-07  1.063150E-04 -7.142014E-07  1.927802E-04 -1.744736E-02  2.049230E-08  2.049566E-08
  1.475000E+03 -3.028119E-07  1.062189E-04  5.338293E-07  1.929343E-04 -5.288284E-03  2.049298E-08  2.049344E-08
  1.476000E+03  3.793444E-07  1.067366E-04  3.092569E-07  1.920100E-04 -1.267433E-02  2.049286E-08  2.049582E-08
  1.477000E+03  1.800655E-10  1.060953E-04 -7.548924E-07  1.931650E-04 -1.424000E-02  2.049183E-08  2.049409E-08
  1.478000E+03 -3.836252E-07  1.065016E-04  2.932193E-07  1.924232E-04 -4.660700E-03  2.049317E-08  2.049395E-08
  1.479000E+03  2.907920E-07  1.065645E-04  5.407259E-07  1.923231E-04 -1.680686E-02  2.049192E-08  2.049554E-08
  1.480000E+03  1.541611E-07  1.060699E-04 -6.942267E-07  1.931994E-04 -8.986275E-03  2.049181E-08  2.049282E-08
  1.481000E+03 -4.103219E-07  1.067082E-04  4.532845E-09  1.920521E-04 -7.885987E-03  2.049290E-08  2.049475E-08
  1.482000E+03  1.649558E-07  1.062825E-04  6.946750E-07  1.928285E-04 -1.693717E-02  2.049136E-08  2.049450E-08
  1.483000E+03  2.838815E-07  1.062489E-04 -5.452972E-07  1.928733E-04 -4.731230E-03  2.049234E-08  2.049275E-08
  1.484000E+03 -3.813196E-07  1.067205E-04 -2.742978E-07  1.920342E-04 -1.285362E-02  2.049230E-08  2.049525E-08
  1.485000E+03  2.089830E-08  1.060768E-04  7.438379E-07  1.931888E-04 -1.327078E-02  2.049105E-08  2.049303E-08
  1.486000E+03  3.666155E-07  1.065248E-04 -3.180626E-07  1.923788E-04 -4.410419E-03  2.049292E-08  2.049373E-08
  1.487000E+03 -3.036154E-07  1.065323E-04 -5.051582E-07  1.923807E-04 -1.653075E-02  2.049195E-08  2.049538E-08
  1.488000E+03 -1.239025E-07  1.060741E-04  7.035261E-07  1.931887E-04 -8.009982E-03  2.049166E-08  2.049250E-08
  1.489000E+03  4.003699E-07  1.067246E-04 -5.454298E-08  1.920252E-04 -8.042531E-03  2.049316E-08  2.049509E-08
  1.490000E+03 -1.903027E-07  1.062597E-04 -6.503478E-07  1.928735E-04 -1.664175E-02  2.049183E-08  2.049485E-08
  1.491000E+03 -2.408005E-07  1.062781E-04  5.634211E-07  1.928257E-04 -4.404010E-03  2.049296E-08  2.049334E-08
  1.492000E+03  3.726606E-07  1.067274E-04  1.995527E-07  1.920312E-04 -1.338938E-02  2.049314E-08  2.049624E-08
  1.493000E+03 -6.169090E-08  1.060723E-04 -6.930471E-07  1.932024E-04 -1.309129E-02  2.049166E-08  2.049358E-08
  1.494000E+03 -3.129864E-07  1.065541E-04  3.665244E-07  1.923349E-04 -4.691159E-03  2.049385E-08  2.049474E-08
  1.495000E+03  3.087231E-07  1.065232E-04  3.892014E-07  1.924096E-04 -1.706667E-02  2.049309E-08  2.049665E-08
  1.496000E+03  5.391450E-08  1.060779E-04 -6.620477E-07  1.931886E-04 -7.986600E-03  2.049239E-08  2.049319E-08
  1.497000E+03 -3.476138E-07  1.067380E-04  1.581360E-07  1.920108E-04 -8.595535E-03  2.049410E-08  2.049613E-08
  1.498000E+03  2.264251E-07  1.062427E-04  5.187942E-07  1.929130E-04 -1.687710E-02  2.049269E-08  2.049574E-08
  1.499000E+03  1.480068E-07  1.062877E-04 -5.709415E-07  1.928152E-04 -4.426771E-03  2.049368E-08  2.049404E-08
  1.500000E+03 -3.403991E-07  1.067228E-04 -3.912852E-08  1.920503E-04 -1.382692E-02  2.049419E-08  2.049735E-08
  1.501000E+03  1.300758E-07  1.060580E-04  5.773211E-07  1.932360E-04 -1.287376E-02  2.049252E-08  2.049437E-08
  1.502000E+03  2.179034E-07  1.065704E-04 -4.280182E-07  1.923116E-04 -4.716797E-03  2.049451E-08  2.049541E-08
  1.503000E+03 -3.015021E-07  1.065176E-04 -2.117231E-07  1.924280E-04 -1.719587E-02  2.049394E-08  2.049749E-08
  1.504000E+03  3.331033E-08  1.060859E-04  5.733096E-07  1.931809E-04 -7.636862E-03  2.049318E-08  2.049389E-08
  1.505000E+03  2.601319E-07  1.067601E-04 -2.608909E-07  1.919769E-04 -8.737232E-03  2.049468E-08  2.049680E-08
  1.506000E+03 -2.358376E-07  1.062446E-04 -3.450124E-07  1.929140E-04 -1.691274E-02  2.049314E-08  2.049617E-08
  1.507000E+03 -5.951194E-08  1.063036E-04  5.074369E-07  1.927895E-04 -4.264870E-03  2.049404E-08  2.049436E-08
  1.508000E+03  2.663943E-07  1.067342E-04 -7.302718E-08  1.920351E-04 -1.404972E-02  2.049468E-08  2.049790E-08
  1.509000E+03 -1.502003E-07  1.060539E-04 -4.122095E-07  1.932474E-04 -1.287648E-02  2.049294E-08  2.049476E-08
  1.510000E+03 -1.241419E-07  1.065824E-04  3.812697E-07  1.922886E-04 -4.741197E-03  2.049435E-08  2.049525E-08
  1.511000E+03  2.295044E-07  1.065128E-04  8.028302E-08  1.924397E-04 -1.757891E-02  2.049413E-08  2.049776E-08
  1.512000E+03 -6.717488E-08  1.060753E-04 -3.973404E-07  1.932021E-04 -7.568182E-03  2.049337E-08  2.049404E-08
  1.513000E+03 -1.518575E-07  1.067629E-04  2.439909E-07  1.919688E-04 -8.845215E-03  2.049434E-08  2.049645E-08
  1.514000E+03  1.786495E-07  1.062256E-04  1.747283E-07  1.929504E-04 -1.695168E-02  2.049332E-08  2.049631E-08
  1.515000E+03 -5.065997E-09  1.063042E-04 -3.483805E-07  1.927855E-04 -3.985715E-03  2.049374E-08  2.049400E-08
  1.516000E+03 -1.583939E-07  1.067362E-04  1.209723E-07  1.920287E-04 -1.424691E-02  2.049434E-08  2.049758E-08
  1.517000E+03  1.297588E-07  1.060439E-04  2.215256E-07  1.932671E-04 -1.265401E-02  2.049315E-08  2.049488E-08
  1.518000E+03  3.464264E-08  1.065944E-04 -2.805869E-07  1.922574E-04 -4.586744E-03  2.049334E-08  2.049424E-08
  1.519000E+03 -1.420494E-07  1.065086E-04  2.490452E-08  1.924425E-04 -1.761364E-02  2.049360E-08  2.049720E-08
  1.520000E+03  8.071275E-08  1.060825E-04  2.226447E-07  1.931842E-04 -7.205117E-03  2.049293E-08  2.049350E-08
  1.521000E+03  5.619008E-08  1.067745E-04 -1.971387E-07  1.919360E-04 -9.061233E-03  2.049303E-08  2.049522E-08
  1.522000E+03 -1.123393E-07  1.062222E-04 -3.285166E-08  1.929548E-04 -1.698255E-02  2.049312E-08  2.049609E-08
  1.523000E+03  4.599511E-08  1.063128E-04  1.870295E-07  1.927571E-04 -4.054044E-03  2.049237E-08  2.049263E-08
  1.524000E+03  5.577633E-08  1.067286E-04 -1.225197E-07  1.920308E-04 -1.452917E-02  2.049302E-08  2.049632E-08
  1.525000E+03 -8.736206E-08  1.060409E-04 -5.615212E-08  1.932701E-04 -1.273553E-02  2.049287E-08  2.049460E-08
  1.526000E+03  2.604820E-08  1.065879E-04  1.553478E-07  1.922528E-04 -4.906095E-03  2.049157E-08  2.049248E-08
  1.527000E+03  5.126019E-08  1.064958E-04 -8.090987E-08  1.924595E-04 -1.779857E-02  2.049288E-08  2.049651E-08
  1.528000E+03 -7.192147E-08  1.060791E-04 -5.483982E-08  1.931850E-04 -7.426718E-03  2.049233E-08  2.049293E-08
  1.529000E+03  1.784659E-08  1.067595E-04  1.240605E-07  1.919524E-04 -9.342348E-03  2.049186E-08  2.049404E-08
  1.530000E+03  4.665465E-08  1.062083E-04 -5.240442E-08  1.929795E-04 -1.704812E-02  2.049304E-08  2.049603E-08
  1.531000E+03 -5.672888E-08  1.062973E-04 -5.212561E-08  1.927726E-04 -4.106765E-03  2.049103E-08  2.049127E-08
  1.532000E+03  1.234169E-08  1.067093E-04  9.278360E-08  1.920573E-04 -1.434919E-02  2.049219E-08  2.049535E-08
  1.533000E+03  4.129951E-08  1.060317E-04 -4.556655E-08  1.932860E-04 -1.241446E-02  2.049286E-08  2.049451E-08
  1.534000E+03 -5.211755E-08  1.065718E-04 -4.038846E-08  1.922718E-04 -4.748799E-03  2.049052E-08  2.049137E-08
  1.535000E+03  1.520745E-08  1.064772E-04  7.925845E-08  1.924915E-04 -1.734855E-02  2.049287E-08  2.049629E-08
  1.536000E+03  3.885372E-08  1.060713E-04 -5.145069E-08  1.931972E-04 -7.033623E-03  2.049217E-08  2.049271E-08
  1.537000E+03 -5.740120E-08  1.067373E-04 -2.972106E-08  1.919884E-04 -8.975595E-03  2.049149E-08  2.049351E-08
  1.538000E+03  1.502165E-08  1.061974E-04  9.068302E-08  1.930005E-04 -1.652504E-02  2.049334E-08  2.049614E-08
  1.539000E+03  5.229357E-08  1.062933E-04 -6.200781E-08  1.927782E-04 -3.964143E-03  2.049087E-08  2.049110E-08
  1.540000E+03 -6.994276E-08  1.067000E-04 -4.769931E-08  1.920765E-04 -1.421973E-02  2.049249E-08  2.049558E-08
  1.541000E+03  2.469952E-09  1.060330E-04  1.313720E-07  1.932898E-04 -1.238179E-02  2.049352E-08  2.049516E-08
  1.542000E+03  7.723237E-08  1.065705E-04 -6.352164E-08  1.922777E-04 -4.962476E-03  2.049088E-08  2.049174E-08
  1.543000E+03 -8.019343E-08  1.064801E-04 -8.543594E-08  1.924941E-04 -1.751089E-02  2.049365E-08  2.049714E-08
  1.544000E+03 -1.825671E-08  1.060794E-04  1.695199E-07  1.931894E-04 -7.232835E-03  2.049288E-08  2.049345E-08
  1.545000E+03  1.061151E-07  1.067466E-04 -4.651336E-08  1.919781E-04 -9.233275E-03  2.049214E-08  2.049425E-08
  1.546000E+03 -7.373020E-08  1.062111E-04 -1.512135E-07  1.929840E-04 -1.670559E-02  2.049420E-08  2.049707E-08
  1.547000E+03 -5.878861E-08  1.063089E-04  1.843193E-07  1.927595E-04 -4.175879E-03  2.049188E-08  2.049215E-08
  1.548000E+03  1.328155E-07  1.067101E-04  1.717254E-08  1.920685E-04 -1.440694E-02  2.049352E-08  2.049670E-08
  1.549000E+03 -4.401816E-08  1.060441E-04 -2.314408E-07  1.932758E-04 -1.241206E-02  2.049418E-08  2.049584E-08
  1.550000E+03 -1.127780E-07  1.065846E-04  1.679297E-07  1.922619E-04 -5.039793E-03  2.049189E-08  2.049281E-08
  1.551000E+03  1.451851E-07  1.064810E-04  1.152279E-07  1.924985E-04 -1.748700E-02  2.049430E-08  2.049779E-08
  1.552000E+03  8.102684E-09  1.060845E-04 -2.915563E-07  1.931854E-04 -7.180593E-03  2.049346E-08  2.049403E-08
  1.553000E+03 -1.638485E-07  1.067453E-04  1.050290E-07  1.919854E-04 -9.357827E-03  2.049264E-08  2.049477E-08
  1.554000E+03  1.269567E-07  1.062019E-04  2.273132E-07  1.930016E-04 -1.672226E-02  2.049426E-08  2.049716E-08
  1.555000E+03  7.559074E-08  1.063067E-04 -3.021353E-07  1.927719E-04 -4.228064E-03  2.049275E-08  2.049304E-08
  1.556000E+03 -1.974143E-07  1.067033E-04 -3.673095E-09  1.920834E-04 -1.468305E-02  2.049373E-08  2.049699E-08
  1.557000E+03  7.221056E-08  1.060318E-04  3.340087E-07  1.932964E-04 -1.252319E-02  2.049396E-08  2.049567E-08
  1.558000E+03  1.550856E-07  1.065859E-04 -2.480072E-07  1.922664E-04 -5.008268E-03  2.049262E-08  2.049356E-08
  1.559000E+03 -1.960091E-07  1.064838E-04 -1.569541E-07  1.924943E-04 -1.771936E-02  2.049430E-08  2.049790E-08
  1.560000E+03 -1.155727E-08  1.060780E-04  3.859423E-07  1.931972E-04 -7.198090E-03  2.049344E-08  2.049405E-08
  1.561000E+03  2.131808E-07  1.067627E-04 -1.220304E-07  1.919562E-04 -9.341579E-03  2.049286E-08  2.049508E-08
  1.562000E+03 -1.453252E-07  1.062064E-04 -3.023313E-07  1.929908E-04 -1.697629E-02  2.049390E-08  2.049690E-08
  1.563000E+03 -1.118535E-07  1.063025E-04  3.513792E-07  1.927830E-04 -3.980083E-03  2.049315E-08  2.049342E-08
  1.564000E+03  2.303177E-07  1.067175E-04  5.732749E-08  1.920547E-04 -1.456776E-02  2.049343E-08  2.049673E-08
  1.565000E+03 -5.645100E-08  1.060278E-04 -4.002988E-07  1.932959E-04 -1.260675E-02  2.049311E-08  2.049486E-08
  1.566000E+03 -1.975397E-07  1.065816E-04  2.410041E-07  1.922749E-04 -4.808156E-03  2.049273E-08  2.049364E-08
  1.567000E+03  2.025014E-07  1.064845E-04  2.324509E-07  1.924857E-04 -1.777481E-02  2.049350E-08  2.049713E-08
  1.568000E+03  4.728310E-08  1.060642E-04 -4.214145E-07  1.932153E-04 -7.264563E-03  2.049269E-08  2.049332E-08
  1.569000E+03 -2.461990E-07  1.067520E-04  7.735381E-08  1.919733E-04 -9.167908E-03  2.049266E-08  2.049482E-08
  1.570000E+03  1.341975E-07  1.062018E-04  3.730802E-07  1.929899E-04 -1.704835E-02  2.049290E-08  2.049594E-08
  1.571000E+03  1.480855E-07  1.062920E-04 -3.613017E-07  1.927980E-04 -4.122160E-03  2.049272E-08  2.049300E-08
  1.572000E+03 -2.514409E-07  1.067167E-04 -1.089288E-07  1.920506E-04 -1.459382E-02  2.049283E-08  2.049615E-08
  1.573000E+03  3.904478E-08  1.060289E-04  4.525638E-07  1.932864E-04 -1.286326E-02  2.049225E-08  2.049408E-08
  1.574000E+03  2.259308E-07  1.065785E-04 -2.374017E-07  1.922802E-04 -4.797212E-03  2.049269E-08  2.049361E-08
  1.575000E+03 -2.150102E-07  1.065053E-04 -2.816369E-07  1.924424E-04 -1.779658E-02  2.049288E-08  2.049659E-08
  1.576000E+03 -6.664459E-08  1.060667E-04  4.590667E-07  1.932055E-04 -7.638124E-03  2.049208E-08  2.049277E-08
  1.577000E+03  2.728081E-07  1.067567E-04 -6.284606E-08  1.919637E-04 -8.854410E-03  2.049261E-08  2.049474E-08
  1.578000E+03 -1.373815E-07  1.062359E-04 -4.239273E-07  1.929228E-04 -1.727711E-02  2.049227E-08  2.049541E-08
  1.579000E+03 -1.700385E-07  1.062811E-04  3.875531E-07  1.928154E-04 -4.373624E-03  2.049243E-08  2.049274E-08
  1.580000E+03  2.759341E-07  1.067383E-04  1.314437E-07  1.920112E-04 -1.400221E-02  2.049293E-08  2.049618E-08
  1.581000E+03 -3.585806E-08  1.060499E-04 -5.030358E-07  1.932457E-04 -1.320832E-02  2.049189E-08  2.049380E-08
  1.582000E+03 -2.507979E-07  1.065487E-04  2.526335E-07  1.923327E-04 -4.401438E-03  2.049260E-08  2.049340E-08
  1.583000E+03  2.337118E-07  1.065338E-04  3.178786E-07  1.923888E-04 -1.712056E-02  2.049291E-08  2.049646E-08
  1.584000E+03  8.249348E-08  1.060566E-04 -5.101287E-07  1.932234E-04 -7.890908E-03  2.049197E-08  2.049273E-08
  1.585000E+03 -3.052608E-07  1.067345E-04  6.248446E-08  1.920049E-04 -7.864629E-03  2.049290E-08  2.049478E-08
  1.586000E+03  1.510769E-07  1.062675E-04  4.805148E-07  1.928663E-04 -1.695988E-02  2.049247E-08  2.049553E-08
  1.587000E+03  1.957950E-07  1.062428E-04 -4.342199E-07  1.928860E-04 -4.258097E-03  2.049255E-08  2.049285E-08
  1.588000E+03 -3.091812E-07  1.067449E-04 -1.573438E-07  1.920017E-04 -1.279944E-02  2.049353E-08  2.049650E-08
  1.589000E+03  3.311391E-08  1.060742E-04  5.754351E-07  1.932069E-04 -1.354757E-02  2.049239E-08  2.049439E-08
  1.590000E+03  2.927437E-07  1.065126E-04 -2.826604E-07  1.924033E-04 -4.062622E-03  2.049321E-08  2.049391E-08
  1.591000E+03 -2.669754E-07  1.065779E-04 -3.810691E-07  1.923164E-04 -1.665549E-02  2.049383E-08  2.049736E-08
  1.592000E+03 -1.044819E-07  1.060561E-04  5.953597E-07  1.932310E-04 -8.718379E-03  2.049254E-08  2.049347E-08
  1.593000E+03  3.576388E-07  1.067243E-04 -5.563939E-08  1.920302E-04 -7.408796E-03  2.049372E-08  2.049551E-08
  1.594000E+03 -1.669101E-07  1.063132E-04 -5.807280E-07  1.927954E-04 -1.736704E-02  2.049361E-08  2.049689E-08
  1.595000E+03 -2.525254E-07  1.062138E-04  5.032806E-07  1.929435E-04 -4.882102E-03  2.049303E-08  2.049341E-08
  1.596000E+03  3.654908E-07  1.067582E-04  2.335041E-07  1.919833E-04 -1.249045E-02  2.049418E-08  2.049716E-08
  1.597000E+03 -1.385132E-08  1.060925E-04 -7.035393E-07  1.931829E-04 -1.444550E-02  2.049313E-08  2.049543E-08
  1.598000E+03 -3.737812E-07  1.064779E-04  2.939340E-07  1.924699E-04 -4.114948E-03  2.049360E-08  2.049428E-08
  1.599000E+03  3.027672E-07  1.066037E-04  5.172050E-07  1.922756E-04 -1.657651E-02  2.049449E-08  2.049812E-08
  1.600000E+03  1.637032E-07  1.060411E-04 -7.113074E-07  1.932628E-04 -9.436971E-03  2.049288E-08  2.049401E-08
  1.601000E+03 -4.433040E-07  1.067042E-04  9.387291E-10  1.920671E-04 -6.905679E-03  2.049388E-08  2.049559E-08
  1.602000E+03  1.747293E-07  1.063463E-04  7.415649E-07  1.927427E-04 -1.754919E-02  2.049432E-08  2.049776E-08
  1.603000E+03  3.351489E-07  1.061862E-04 -5.829895E-07  1.929961E-04 -5.122862E-03  2.049326E-08  2.049372E-08
  1.604000E+03 -4.418432E-07  1.067739E-04 -3.353048E-07  1.919526E-04 -1.177448E-02  2.049410E-08  2.049704E-08
  1.605000E+03 -3.918499E-09  1.061216E-04  8.725397E-07  1.931331E-04 -1.502709E-02  2.049327E-08  2.049580E-08
  1.606000E+03  4.683250E-07  1.064539E-04 -3.382609E-07  1.925108E-04 -3.892096E-03  2.049337E-08  2.049406E-08
  1.607000E+03 -3.639289E-07  1.066474E-04 -6.490569E-07  1.921964E-04 -1.630681E-02  2.049452E-08  2.049829E-08
  1.608000E+03 -2.026858E-07  1.060338E-04  8.657580E-07  1.932754E-04 -1.014678E-02  2.049267E-08  2.049403E-08
  1.609000E+03  5.403468E-07  1.066933E-04 -2.186348E-09  1.920813E-04 -6.302068E-03  2.049338E-08  2.049505E-08
  1.610000E+03 -2.195667E-07  1.063846E-04 -8.992893E-07  1.926776E-04 -1.794938E-02  2.049463E-08  2.049835E-08
  1.611000E+03 -3.953438E-07  1.061488E-04  7.263446E-07  1.930617E-04 -5.549539E-03  2.049294E-08  2.049355E-08
  1.612000E+03  5.407306E-07  1.067813E-04  3.796110E-07  1.919327E-04 -1.127962E-02  2.049352E-08  2.049648E-08
  1.613000E+03 -1.444726E-08  1.061274E-04 -1.050722E-06  1.931237E-04 -1.568324E-02  2.049319E-08  2.049603E-08
  1.614000E+03 -5.512914E-07  1.064103E-04  4.325062E-07  1.925824E-04 -3.594343E-03  2.049262E-08  2.049330E-08
  1.615000E+03  4.413515E-07  1.066732E-04  7.524449E-07  1.921442E-04 -1.594328E-02  2.049403E-08  2.049787E-08
  1.616000E+03  2.230930E-07  1.060218E-04 -1.025737E-06  1.932923E-04 -1.076212E-02  2.049200E-08  2.049360E-08
  1.617000E+03 -6.309840E-07  1.066726E-04  2.049265E-08  1.921082E-04 -5.623312E-03  2.049236E-08  2.049398E-08
  1.618000E+03  2.590605E-07  1.064227E-04  1.042808E-06  1.926042E-04 -1.798891E-02  2.049414E-08  2.049804E-08
  1.619000E+03  4.461660E-07  1.061178E-04 -8.313477E-07  1.931057E-04 -5.814045E-03  2.049161E-08  2.049233E-08
  1.620000E+03 -6.131349E-07  1.067936E-04 -4.262274E-07  1.919008E-04 -1.039137E-02  2.049268E-08  2.049559E-08
  1.621000E+03  1.944471E-08  1.061613E-04  1.185079E-06  1.930607E-04 -1.634138E-02  2.049284E-08  2.049596E-08
  1.622000E+03  6.149904E-07  1.063702E-04 -4.905682E-07  1.926435E-04 -3.592911E-03  2.049140E-08  2.049210E-08
  1.623000E+03 -4.971618E-07  1.067112E-04 -8.362728E-07  1.920697E-04 -1.555215E-02  2.049350E-08  2.049745E-08
  1.624000E+03 -2.398090E-07  1.060158E-04  1.142633E-06  1.932988E-04 -1.178510E-02  2.049130E-08  2.049322E-08
  1.625000E+03  6.896224E-07  1.066372E-04 -3.460010E-08  1.921643E-04 -5.139643E-03  2.049160E-08  2.049312E-08
  1.626000E+03 -2.851018E-07  1.064659E-04 -1.129417E-06  1.925259E-04 -1.824458E-02  2.049404E-08  2.049818E-08
  1.627000E+03 -4.749835E-07  1.060718E-04  9.002806E-07  1.931826E-04 -6.702741E-03  2.049077E-08  2.049169E-08
  1.628000E+03  6.539098E-07  1.067900E-04  4.488483E-07  1.919040E-04 -9.652610E-03  2.049249E-08  2.049529E-08
  1.629000E+03 -2.181424E-08  1.061852E-04 -1.246574E-06  1.930203E-04 -1.730938E-02  2.049283E-08  2.049633E-08
  1.630000E+03 -6.332193E-07  1.063024E-04  5.038193E-07  1.927610E-04 -3.646184E-03  2.049081E-08  2.049145E-08
  1.631000E+03  5.046105E-07  1.067409E-04  8.551646E-07  1.920166E-04 -1.483961E-02  2.049376E-08  2.049762E-08
  1.632000E+03  2.428641E-07  1.059975E-04 -1.150961E-06  1.933355E-04 -1.272243E-02  2.049143E-08  2.049361E-08
  1.633000E+03 -6.887451E-07  1.065881E-04  3.222042E-08  1.922545E-04 -3.998138E-03  2.049188E-08  2.049313E-08
  1.634000E+03  2.810220E-07  1.065148E-04  1.123091E-06  1.924402E-04 -1.813832E-02  2.049435E-08  2.049855E-08
  1.635000E+03  4.661097E-07  1.060068E-04 -8.829414E-07  1.933017E-04 -7.057674E-03  2.049078E-08  2.049179E-08
  1.636000E+03 -6.375251E-07  1.067883E-04 -4.373188E-07  1.919109E-04 -8.036825E-03  2.049318E-08  2.049566E-08
  1.637000E+03  1.952605E-08  1.062099E-04  1.218244E-06  1.929830E-04 -1.790092E-02  2.049343E-08  2.049713E-08
  1.638000E+03  6.171398E-07  1.062245E-04 -4.871654E-07  1.929057E-04 -3.027538E-03  2.049122E-08  2.049174E-08
  1.639000E+03 -4.898536E-07  1.067940E-04 -8.427700E-07  1.919258E-04 -1.388204E-02  2.049454E-08  2.049831E-08
  1.640000E+03 -2.436096E-07  1.059789E-04  1.122207E-06  1.933821E-04 -1.387437E-02  2.049244E-08  2.049495E-08
  1.641000E+03  6.744256E-07  1.065503E-04 -2.040924E-08  1.923325E-04 -2.919293E-03  2.049300E-08  2.049404E-08
  1.642000E+03 -2.732032E-07  1.065824E-04 -1.108046E-06  1.923255E-04 -1.859300E-02  2.049498E-08  2.049952E-08
  1.643000E+03 -4.594250E-07  1.059519E-04  8.689947E-07  1.934090E-04 -7.913359E-03  2.049141E-08  2.049262E-08
  1.644000E+03  6.277238E-07  1.068136E-04  4.311469E-07  1.918741E-04 -6.984927E-03  2.049426E-08  2.049666E-08
  1.645000E+03 -2.267506E-08  1.062541E-04 -1.199655E-06  1.929159E-04 -1.923618E-02  2.049431E-08  2.049852E-08
  1.646000E+03 -6.047960E-07  1.061737E-04  4.850354E-07  1.930045E-04 -2.886277E-03  2.049192E-08  2.049241E-08
  1.647000E+03  4.840205E-07  1.068653E-04  8.202801E-07  1.918010E-04 -1.354897E-02  2.049498E-08  2.049898E-08
  1.648000E+03  2.340262E-07  1.059683E-04 -1.108391E-06  1.934123E-04 -1.513321E-02  2.049323E-08  2.049612E-08
  1.649000E+03 -6.643350E-07  1.065373E-04  3.270921E-08  1.923617E-04 -1.935212E-03  2.049366E-08  2.049459E-08
  1.650000E+03  2.748831E-07  1.066466E-04  1.087891E-06  1.922109E-04 -1.914190E-02  2.049488E-08  2.049982E-08
  1.651000E+03  4.513200E-07  1.059006E-04 -8.648111E-07  1.935085E-04 -8.187962E-03  2.049198E-08  2.049332E-08
  1.652000E+03 -6.214424E-07  1.068453E-04 -4.220174E-07  1.918194E-04 -6.042675E-03  2.049462E-08  2.049704E-08
  1.653000E+03  2.585386E-08  1.062647E-04  1.184721E-06  1.929011E-04 -2.035739E-02  2.049433E-08  2.049899E-08
  1.654000E+03  5.942346E-07  1.061190E-04 -4.854262E-07  1.931064E-04 -2.330008E-03  2.049220E-08  2.049265E-08
  1.655000E+03 -4.787664E-07  1.069147E-04 -7.992414E-07  1.917094E-04 -1.345147E-02  2.049470E-08  2.049891E-08
  1.656000E+03 -2.242417E-07  1.059290E-04  1.090429E-06  1.934880E-04 -1.619978E-02  2.049331E-08  2.049659E-08
  1.657000E+03  6.487137E-07  1.065193E-04 -3.505086E-08  1.923921E-04 -1.006594E-03  2.049346E-08  2.049430E-08
  1.658000E+03 -2.697455E-07  1.066858E-04 -1.057819E-06  1.921365E-04 -1.982608E-02  2.049420E-08  2.049953E-08
  1.659000E+03 -4.371420E-07  1.058483E-04  8.374684E-07  1.936049E-04 -8.405682E-03  2.049203E-08  2.049348E-08
  1.660000E+03  5.998522E-07  1.068786E-04  4.123575E-07  1.917541E-04 -5.405015E-03  2.049411E-08  2.049660E-08
  1.661000E+03 -1.702992E-08  1.062730E-04 -1.145891E-06  1.928835E-04 -2.134691E-02  2.049363E-08  2.049869E-08
  1.662000E+03 -5.820398E-07  1.060926E-04  4.446614E-07  1.931521E-04 -1.736356E-03  2.049198E-08  2.049239E-08
  1.663000E+03  4.519226E-07  1.069597E-04  8.000216E-07  1.916204E-04 -1.340755E-02  2.049382E-08  2.049826E-08
  1.664000E+03  2.401111E-07  1.059004E-04 -1.041066E-06  1.935329E-04 -1.662795E-02  2.049237E-08  2.049582E-08
  1.665000E+03 -6.260252E-07  1.065211E-04 -1.885946E-08  1.923794E-04 -1.675140E-04  2.049246E-08  2.049328E-08
  1.666000E+03  2.336118E-07  1.067093E-04  1.040818E-06  1.920849E-04 -2.030701E-02  2.049302E-08  2.049862E-08
  1.667000E+03  4.436305E-07  1.058061E-04 -7.691745E-07  1.936754E-04 -8.398097E-03  2.049131E-08  2.049284E-08
  1.668000E+03 -5.649085E-07  1.068926E-04 -4.536960E-07  1.917173E-04 -4.915794E-03  2.049291E-08  2.049541E-08
  1.669000E+03 -1.528674E-08  1.062634E-04  1.100032E-06  1.928924E-04 -2.195528E-02  2.049247E-08  2.049777E-08
  1.670000E+03  5.689787E-07  1.060588E-04 -3.814776E-07  1.932082E-04 -1.306549E-03  2.049143E-08  2.049182E-08
  1.671000E+03 -4.171127E-07  1.069869E-04 -7.999787E-07  1.915622E-04 -1.347956E-02  2.049279E-08  2.049739E-08
  1.672000E+03 -2.495095E-07  1.058743E-04  9.866034E-07  1.935738E-04 -1.726525E-02  2.049144E-08  2.049514E-08
  1.673000E+03  5.996368E-07  1.065202E-04  5.027634E-08  1.923769E-04  3.658353E-04  2.049202E-08  2.049281E-08
  1.674000E+03 -2.133839E-07  1.067390E-04 -1.006872E-06  1.920289E-04 -2.080459E-02  2.049255E-08  2.049845E-08
  1.675000E+03 -4.325545E-07  1.057803E-04  7.329156E-07  1.937198E-04 -8.550503E-03  2.049098E-08  2.049258E-08
  1.676000E+03  5.432741E-07  1.069251E-04  4.474655E-07  1.916550E-04 -4.494050E-03  2.049251E-08  2.049513E-08
  1.677000E+03  1.630158E-08  1.062805E-04 -1.064397E-06  1.928615E-04 -2.263918E-02  2.049218E-08  2.049778E-08
  1.678000E+03 -5.486367E-07  1.060463E-04  3.719497E-07  1.932348E-04 -9.982961E-04  2.049181E-08  2.049218E-08
  1.679000E+03  4.076689E-07  1.070359E-04  7.724168E-07  1.914763E-04 -1.336312E-02  2.049302E-08  2.049787E-08
  1.680000E+03  2.353858E-07  1.058685E-04 -9.656100E-07  1.935877E-04 -1.780666E-02  2.049160E-08  2.049549E-08
  1.681000E+03 -5.836858E-07  1.065193E-04 -2.676166E-08  1.923865E-04  1.211916E-03  2.049287E-08  2.049365E-08
  1.682000E+03  2.168350E-07  1.067781E-04  9.792712E-07  1.919659E-04 -2.088164E-02  2.049329E-08  2.049936E-08
  1.683000E+03  4.139028E-07  1.057422E-04 -7.331552E-07  1.937975E-04 -8.451799E-03  2.049184E-08  2.049353E-08
  1.684000E+03 -5.421998E-07  1.069478E-04 -4.164128E-07  1.916221E-04 -3.412728E-03  2.049344E-08  2.049607E-08
  1.685000E+03  8.527726E-10  1.062925E-04  1.059917E-06  1.928496E-04 -2.300028E-02  2.049305E-08  2.049883E-08
  1.686000E+03  5.359301E-07  1.060022E-04 -4.068270E-07  1.933260E-04 -1.573866E-04  2.049299E-08  2.049339E-08
  1.687000E+03 -4.219402E-07  1.070786E-04 -7.385970E-07  1.914098E-04 -1.256392E-02  2.049429E-08  2.049917E-08
  1.688000E+03 -2.128416E-07  1.058480E-04  9.841773E-07  1.936353E-04 -1.810139E-02  2.049256E-08  2.049661E-08
  1.689000E+03  5.850824E-07  1.065063E-04 -2.152637E-08  1.924181E-04  2.260161E-03  2.049368E-08  2.049446E-08
  1.690000E+03 -2.452565E-07  1.068240E-04 -9.679375E-07  1.918944E-04 -2.098784E-02  2.049441E-08  2.050073E-08
  1.691000E+03 -3.941281E-07  1.057158E-04  7.818270E-07  1.938564E-04 -8.708561E-03  2.049291E-08  2.049474E-08
  1.692000E+03  5.585252E-07  1.069690E-04  3.620127E-07  1.915926E-04 -2.845662E-03  2.049439E-08  2.049710E-08
  1.693000E+03 -3.253877E-08  1.063205E-04 -1.074392E-06  1.928123E-04 -2.373007E-02  2.049413E-08  2.050029E-08
  1.694000E+03 -5.339469E-07  1.059801E-04  4.590386E-07  1.933720E-04 -2.456027E-04  2.049358E-08  2.049402E-08
  1.695000E+03  4.507758E-07  1.071079E-04  7.241319E-07  1.913651E-04 -1.261766E-02  2.049508E-08  2.050018E-08
  1.696000E+03  2.002138E-07  1.058427E-04 -1.035227E-06  1.936586E-04 -1.884684E-02  2.049371E-08  2.049808E-08
  1.697000E+03 -6.089821E-07  1.064964E-04  5.230802E-08  1.924371E-04  2.361687E-03  2.049380E-08  2.049459E-08
  1.698000E+03  2.709314E-07  1.068443E-04  1.004131E-06  1.918659E-04 -2.145203E-02  2.049507E-08  2.050171E-08
  1.699000E+03  4.079667E-07  1.056937E-04 -8.383333E-07  1.939027E-04 -9.000570E-03  2.049346E-08  2.049546E-08
  1.700000E+03 -5.953783E-07  1.069714E-04 -3.664594E-07  1.915882E-04 -2.680875E-03  2.049440E-08  2.049715E-08
  1.701000E+03  4.748173E-08  1.063190E-04  1.143040E-06  1.928212E-04 -2.408367E-02  2.049462E-08  2.050098E-08
  1.702000E+03  5.637693E-07  1.059664E-04 -5.120886E-07  1.933900E-04 -5.287871E-05  2.049284E-08  2.049335E-08
  1.703000E+03 -4.932133E-07  1.071232E-04 -7.513744E-07  1.913332E-04 -1.255268E-02  2.049460E-08  2.049984E-08
  1.704000E+03 -1.951692E-07  1.058423E-04  1.121083E-06  1.936625E-04 -1.892268E-02  2.049401E-08  2.049847E-08
  1.705000E+03  6.512357E-07  1.065039E-04 -9.717713E-08  1.924122E-04  2.566076E-03  2.049258E-08  2.049345E-08
  1.706000E+03 -3.143864E-07  1.068614E-04 -1.054809E-06  1.918299E-04 -2.158678E-02  2.049444E-08  2.050128E-08
  1.707000E+03 -4.182194E-07  1.056947E-04  9.334675E-07  1.938977E-04 -9.012314E-03  2.049312E-08  2.049517E-08
  1.708000E+03  6.465128E-07  1.069792E-04  3.503024E-07  1.915632E-04 -2.606292E-03  2.049321E-08  2.049608E-08
  1.709000E+03 -7.798014E-08  1.063230E-04 -1.223608E-06  1.928102E-04 -2.432047E-02  2.049410E-08  2.050065E-08
  1.710000E+03 -5.953983E-07  1.059601E-04  6.006703E-07  1.933893E-04 -8.147703E-05  2.049154E-08  2.049211E-08
  1.711000E+03  5.508658E-07  1.071232E-04  7.674261E-07  1.913222E-04 -1.266197E-02  2.049341E-08  2.049876E-08
  1.712000E+03  1.777640E-07  1.058341E-04 -1.222972E-06  1.936714E-04 -1.918223E-02  2.049327E-08  2.049791E-08
  1.713000E+03 -6.959630E-07  1.064870E-04  1.609790E-07  1.924250E-04  2.604749E-03  2.049069E-08  2.049160E-08
  1.714000E+03  3.603357E-07  1.068531E-04  1.104325E-06  1.918317E-04 -2.150143E-02  2.049308E-08  2.049992E-08
  1.715000E+03  4.243714E-07  1.056870E-04 -1.023344E-06  1.938997E-04 -9.049239E-03  2.049184E-08  2.049396E-08
  1.716000E+03 -6.906370E-07  1.069687E-04 -3.286632E-07  1.915637E-04 -2.496910E-03  2.049127E-08  2.049414E-08
  1.717000E+03  1.013606E-07  1.063255E-04  1.285070E-06  1.927917E-04 -2.417168E-02  2.049269E-08  2.049921E-08
  1.718000E+03  6.195454E-07  1.059594E-04 -6.578658E-07  1.933758E-04 -1.333902E-04  2.048998E-08  2.049059E-08
  1.719000E+03 -5.804503E-07  1.071166E-04 -7.934241E-07  1.913163E-04 -1.241565E-02  2.049159E-08  2.049690E-08
  1.720000E+03 -1.786481E-07  1.058458E-04  1.272632E-06  1.936360E-04 -1.900001E-02  2.049187E-08  2.049643E-08
  1.721000E+03  7.239144E-07  1.064901E-04 -1.832892E-07  1.924062E-04  2.410319E-03  2.048930E-08  2.049025E-08
  1.722000E+03 -3.759910E-07  1.068509E-04 -1.147779E-06  1.918221E-04 -2.141647E-02  2.049167E-08  2.049851E-08
  1.723000E+03 -4.393778E-07  1.056983E-04  1.058510E-06  1.938696E-04 -9.222849E-03  2.049083E-08  2.049297E-08
  1.724000E+03  7.107727E-07  1.069600E-04  3.372169E-07  1.915708E-04 -2.770739E-03  2.049033E-08  2.049321E-08
  1.725000E+03 -9.950933E-08  1.063216E-04 -1.311149E-06  1.927935E-04 -2.421609E-02  2.049210E-08  2.049866E-08
  1.726000E+03 -6.277010E-07  1.059581E-04  6.519320E-07  1.933761E-04 -4.458774E-04  2.048976E-08  2.049038E-08
  1.727000E+03  5.696764E-07  1.071041E-04  8.069597E-07  1.913364E-04 -1.264566E-02  2.049128E-08  2.049656E-08
  1.728000E+03  1.920749E-07  1.058416E-04 -1.245293E-06  1.936467E-04 -1.917882E-02  2.049212E-08  2.049675E-08
  1.729000E+03 -7.075209E-07  1.064848E-04  1.427009E-07  1.924219E-04  2.140759E-03  2.048996E-08  2.049086E-08
  1.730000E+03  3.371460E-07  1.068365E-04  1.125162E-06  1.918517E-04 -2.156403E-02  2.049201E-08  2.049880E-08
  1.731000E+03  4.403882E-07  1.056839E-04 -9.711349E-07  1.939032E-04 -9.139109E-03  2.049159E-08  2.049372E-08
  1.732000E+03 -6.598354E-07  1.069565E-04 -3.725866E-07  1.915858E-04 -2.633946E-03  2.049128E-08  2.049407E-08
  1.733000E+03  5.983230E-08  1.063049E-04  1.234244E-06  1.928328E-04 -2.406404E-02  2.049313E-08  2.049954E-08
  1.734000E+03  6.018087E-07  1.059485E-04 -5.551061E-07  1.934091E-04  6.851637E-06  2.049141E-08  2.049199E-08
  1.735000E+03 -5.089637E-07  1.071008E-04 -7.945478E-07  1.913518E-04 -1.238373E-02  2.049235E-08  2.049747E-08
  1.736000E+03 -2.114522E-07  1.058236E-04  1.138828E-06  1.936930E-04 -1.884014E-02  2.049365E-08  2.049814E-08
  1.737000E+03  6.610536E-07  1.064770E-04 -7.159102E-08  1.924574E-04  2.736542E-03  2.049220E-08  2.049303E-08
  1.738000E+03 -2.846413E-07  1.068343E-04 -1.072342E-06  1.918698E-04 -2.127019E-02  2.049364E-08  2.050021E-08
  1.739000E+03 -4.379669E-07  1.056751E-04  8.629466E-07  1.939365E-04 -8.950057E-03  2.049344E-08  2.049553E-08
  1.740000E+03  6.052839E-07  1.069549E-04  4.063169E-07  1.916035E-04 -2.438016E-03  2.049287E-08  2.049556E-08
  1.741000E+03 -2.343741E-08  1.063095E-04 -1.157618E-06  1.928389E-04 -2.408952E-02  2.049467E-08  2.050104E-08
  1.742000E+03 -5.786545E-07  1.059486E-04  4.698105E-07  1.934284E-04 -1.811951E-04  2.049346E-08  2.049400E-08
  1.743000E+03  4.631056E-07  1.071076E-04  7.785033E-07  1.913520E-04 -1.255236E-02  2.049364E-08  2.049877E-08
  1.744000E+03  2.190858E-07  1.058312E-04 -1.057426E-06  1.936913E-04 -1.906214E-02  2.049486E-08  2.049938E-08
  1.745000E+03 -6.220236E-07  1.064882E-04  2.968774E-08  1.924513E-04  2.572206E-03  2.049372E-08  2.049451E-08
  1.746000E+03  2.534225E-07  1.068519E-04  1.016700E-06  1.918498E-04 -2.156106E-02  2.049476E-08  2.050148E-08
  1.747000E+03  4.201625E-07  1.056834E-04 -7.944360E-07  1.939320E-04 -9.167107E-03  2.049454E-08  2.049660E-08
  1.748000E+03 -5.667568E-07  1.069681E-04 -4.007645E-07  1.915860E-04 -2.512062E-03  2.049353E-08  2.049625E-08
  1.749000E+03  1.437296E-08  1.063223E-04  1.085814E-06  1.928213E-04 -2.425831E-02  2.049517E-08  2.050160E-08
  1.750000E+03  5.474793E-07  1.059548E-04 -4.245644E-07  1.934242E-04 -1.833201E-04  2.049421E-08  2.049470E-08
  1.751000E+03 -4.291091E-07  1.071145E-04 -7.441188E-07  1.913422E-04 -1.251545E-02  2.049392E-08  2.049905E-08
  1.752000E+03 -2.118977E-07  1.058322E-04  9.824516E-07  1.936904E-04 -1.911421E-02  2.049494E-08  2.049943E-08
  1.753000E+03  5.809863E-07  1.064837E-04 -1.254333E-08  1.924604E-04  2.578178E-03  2.049382E-08  2.049456E-08
  1.754000E+03 -2.293721E-07  1.068443E-04 -9.507258E-07  1.918612E-04 -2.161377E-02  2.049448E-08  2.050115E-08
  1.755000E+03 -3.934190E-07  1.056781E-04  7.243039E-07  1.939392E-04 -9.254013E-03  2.049424E-08  2.049630E-08
  1.756000E+03  5.199561E-07  1.069585E-04  3.792344E-07  1.915996E-04 -2.755712E-03  2.049312E-08  2.049575E-08
  1.757000E+03 -8.354769E-09  1.063075E-04 -9.927638E-07  1.928404E-04 -2.431864E-02  2.049432E-08  2.050071E-08
  1.758000E+03 -5.001004E-07  1.059560E-04  3.760273E-07  1.934139E-04 -2.399425E-04  2.049336E-08  2.049379E-08
  1.759000E+03  3.835698E-07  1.071056E-04  6.823408E-07  1.913487E-04 -1.271581E-02  2.049286E-08  2.049793E-08
  1.760000E+03  1.976931E-07  1.058307E-04 -8.772707E-07  1.936797E-04 -1.901037E-02  2.049356E-08  2.049794E-08
  1.761000E+03 -5.221100E-07  1.064946E-04 -1.048329E-08  1.924275E-04  2.319742E-03  2.049244E-08  2.049314E-08
  1.762000E+03  1.935412E-07  1.068315E-04  8.628855E-07  1.918672E-04 -2.161968E-02  2.049267E-08  2.049925E-08
  1.763000E+03  3.640327E-07  1.056922E-04 -6.257554E-07  1.938960E-04 -8.982225E-03  2.049247E-08  2.049435E-08
  1.764000E+03 -4.561318E-07  1.069561E-04 -3.762943E-07  1.915917E-04 -2.991024E-03  2.049180E-08  2.049439E-08
  1.765000E+03 -1.637871E-08  1.062911E-04  8.828468E-07  1.928487E-04 -2.394018E-02  2.049222E-08  2.049835E-08
  1.766000E+03  4.517973E-07  1.059740E-04 -2.916160E-07  1.933632E-04 -2.932351E-04  2.049146E-08  2.049180E-08
  1.767000E+03 -3.203048E-07  1.070764E-04 -6.373084E-07  1.913850E-04 -1.298643E-02  2.049110E-08  2.049602E-08
  1.768000E+03 -1.981524E-07  1.058208E-04  7.516684E-07  1.936735E-04 -1.847293E-02  2.049120E-08  2.049533E-08
  1.769000E+03  4.558070E-07  1.065006E-04  5.462791E-08  1.924021E-04  1.897971E-03  2.049090E-08  2.049154E-08
  1.770000E+03 -1.471041E-07  1.067864E-04 -7.680939E-07  1.919311E-04 -2.154821E-02  2.049086E-08  2.049716E-08
  1.771000E+03 -3.278139E-07  1.057107E-04  5.127330E-07  1.938455E-04 -8.655356E-03  2.049077E-08  2.049245E-08
  1.772000E+03  3.870876E-07  1.069504E-04  3.549546E-07  1.915941E-04 -3.824383E-03  2.049091E-08  2.049348E-08
  1.773000E+03  3.017785E-08  1.062618E-04 -7.656398E-07  1.928856E-04 -2.354629E-02  2.049070E-08  2.049657E-08
  1.774000E+03 -3.907373E-07  1.060172E-04  2.277742E-07  1.932779E-04 -3.868271E-04  2.049079E-08  2.049102E-08
  1.775000E+03  2.706462E-07  1.070594E-04  5.625234E-07  1.914162E-04 -1.355624E-02  2.049103E-08  2.049595E-08
  1.776000E+03  1.784290E-07  1.058306E-04 -6.482620E-07  1.936498E-04 -1.787015E-02  2.049079E-08  2.049463E-08
  1.777000E+03 -3.934461E-07  1.065406E-04 -5.801277E-08  1.923342E-04  1.332358E-03  2.049138E-08  2.049206E-08
  1.778000E+03  1.246435E-07  1.067652E-04  6.751920E-07  1.919729E-04 -2.158648E-02  2.049125E-08  2.049742E-08
  1.779000E+03  2.835647E-07  1.057521E-04 -4.459916E-07  1.937751E-04 -8.221549E-03  2.049144E-08  2.049288E-08
  1.780000E+03 -3.364180E-07  1.069640E-04 -3.037300E-07  1.915833E-04 -4.422023E-03  2.049232E-08  2.049496E-08
  1.781000E+03 -2.044553E-08  1.062472E-04  6.687778E-07  1.929195E-04 -2.284037E-02  2.049181E-08  2.049730E-08
  1.782000E+03  3.362993E-07  1.060612E-04 -2.111302E-07  1.932127E-04 -2.320902E-04  2.049237E-08  2.049252E-08
  1.783000E+03 -2.397311E-07  1.070341E-04 -4.841449E-07  1.914806E-04 -1.363744E-02  2.049306E-08  2.049777E-08
  1.784000E+03 -1.466519E-07  1.058397E-04  5.784356E-07  1.936471E-04 -1.676766E-02  2.049266E-08  2.049605E-08
  1.785000E+03  3.457901E-07  1.065649E-04  2.544196E-08  1.923114E-04  1.095712E-03  2.049364E-08  2.049433E-08
  1.786000E+03 -1.241261E-07  1.067244E-04 -5.830878E-07  1.920659E-04 -2.090400E-02  2.049364E-08  2.049930E-08
  1.787000E+03 -2.344314E-07  1.057916E-04  4.175368E-07  1.937247E-04 -7.335896E-03  2.049389E-08  2.049506E-08
  1.788000E+03  3.041859E-07  1.069516E-04  2.319451E-07  1.916292E-04 -4.789929E-03  2.049481E-08  2.049735E-08
  1.789000E+03 -6.394481E-09  1.062335E-04 -5.923483E-07  1.929642E-04 -2.167280E-02  2.049445E-08  2.049937E-08
  1.790000E+03 -2.858331E-07  1.061173E-04  2.313201E-07  1.931326E-04 -4.450649E-04  2.049471E-08  2.049481E-08
  1.791000E+03  2.309899E-07  1.069959E-04  3.839815E-07  1.915737E-04 -1.397388E-02  2.049560E-08  2.050010E-08
  1.792000E+03  9.817679E-08  1.058761E-04 -5.302985E-07  1.936032E-04 -1.580957E-02  2.049540E-08  2.049838E-08
  1.793000E+03 -3.046209E-07  1.066027E-04  3.463730E-08  1.922624E-04 -1.364312E-04  2.049570E-08  2.049645E-08
  1.794000E+03  1.404122E-07  1.066749E-04  4.998543E-07  1.921751E-04 -2.075904E-02  2.049585E-08  2.050122E-08
  1.795000E+03  1.890007E-07  1.058550E-04 -4.198354E-07  1.936263E-04 -7.062308E-03  2.049580E-08  2.049677E-08
  1.796000E+03 -2.911506E-07  1.069416E-04 -1.568821E-07  1.916627E-04 -6.264139E-03  2.049632E-08  2.049893E-08
  1.797000E+03  3.851438E-08  1.062028E-04  5.515209E-07  1.930351E-04 -2.097109E-02  2.049637E-08  2.050096E-08
  1.798000E+03  2.576578E-07  1.061752E-04 -2.703664E-07  1.930355E-04 -9.481127E-04  2.049558E-08  2.049567E-08
  1.799000E+03 -2.456277E-07  1.069459E-04 -3.253357E-07  1.916748E-04 -1.481669E-02  2.049659E-08  2.050104E-08
  1.800000E+03 -6.055705E-08  1.058838E-04  5.404825E-07  1.936006E-04 -1.486573E-02  2.049690E-08  2.049957E-08
  1.801000E+03  2.973443E-07  1.066265E-04 -1.056296E-07  1.922208E-04 -1.009052E-03  2.049582E-08  2.049666E-08
  1.802000E+03 -1.775866E-07  1.066252E-04 -4.581044E-07  1.922692E-04 -2.056114E-02  2.049640E-08  2.050152E-08
  1.803000E+03 -1.540750E-07  1.058995E-04  4.748096E-07  1.935460E-04 -6.524751E-03  2.049599E-08  2.049678E-08
  1.804000E+03  3.073467E-07  1.069338E-04  7.671927E-08  1.916726E-04 -7.059117E-03  2.049577E-08  2.049845E-08
  1.805000E+03 -8.937477E-08  1.061913E-04 -5.510496E-07  1.930535E-04 -2.013295E-02  2.049645E-08  2.050069E-08
  1.806000E+03 -2.389830E-07  1.062303E-04  3.611657E-07  1.929263E-04 -1.263915E-03  2.049460E-08  2.049471E-08
  1.807000E+03  2.852848E-07  1.069087E-04  2.633414E-07  1.917337E-04 -1.525205E-02  2.049562E-08  2.050002E-08
  1.808000E+03  1.442423E-08  1.059033E-04 -5.873600E-07  1.935566E-04 -1.398382E-02  2.049628E-08  2.049866E-08
  1.809000E+03 -3.064958E-07  1.066494E-04  2.044850E-07  1.921612E-04 -1.968477E-03  2.049384E-08  2.049482E-08
  1.810000E+03  2.318642E-07  1.065728E-04  4.362293E-07  1.923472E-04 -2.037660E-02  2.049474E-08  2.049965E-08
  1.811000E+03  1.201625E-07  1.059413E-04 -5.620798E-07  1.934541E-04 -6.224487E-03  2.049439E-08  2.049508E-08
  1.812000E+03 -3.388728E-07  1.069051E-04  1.593131E-08  1.917033E-04 -8.196093E-03  2.049337E-08  2.049613E-08
  1.813000E+03  1.482809E-07  1.061492E-04  5.668216E-07  1.931061E-04 -1.922378E-02  2.049427E-08  2.049817E-08
  1.814000E+03  2.246801E-07  1.062725E-04 -4.701993E-07  1.928273E-04 -1.499689E-03  2.049221E-08  2.049238E-08
  1.815000E+03 -3.290902E-07  1.068454E-04 -2.012714E-07  1.918222E-04 -1.573831E-02  2.049279E-08  2.049708E-08
  1.816000E+03  3.356946E-08  1.059107E-04  6.317411E-07  1.935157E-04 -1.285310E-02  2.049370E-08  2.049575E-08
  1.817000E+03  3.116918E-07  1.066751E-04 -3.041672E-07  1.920898E-04 -2.881363E-03  2.049111E-08  2.049227E-08
  1.818000E+03 -2.783578E-07  1.065071E-04 -4.137079E-07  1.924403E-04 -1.997108E-02  2.049218E-08  2.049678E-08
  1.819000E+03 -9.316313E-08  1.059954E-04  6.284653E-07  1.933345E-04 -5.444324E-03  2.049226E-08  2.049278E-08
  1.820000E+03  3.631272E-07  1.068915E-04 -9.001843E-08  1.917050E-04 -9.290759E-03  2.049074E-08  2.049367E-08
  1.821000E+03 -1.886948E-07  1.061157E-04 -5.827798E-07  1.931429E-04 -1.819912E-02  2.049209E-08  2.049562E-08
  1.822000E+03 -2.204552E-07  1.063437E-04  5.448203E-07  1.926856E-04 -1.830877E-03  2.049086E-08  2.049114E-08
  1.823000E+03  3.649727E-07  1.067853E-04  1.657844E-07  1.919130E-04 -1.660301E-02  2.049067E-08  2.049500E-08
  1.824000E+03 -5.953928E-08  1.059206E-04 -6.721459E-07  1.934824E-04 -1.172302E-02  2.049236E-08  2.049411E-08
  1.825000E+03 -3.202780E-07  1.067115E-04  3.579144E-07  1.920192E-04 -4.178625E-03  2.049048E-08  2.049189E-08
  1.826000E+03  2.990047E-07  1.064319E-04  4.081269E-07  1.925696E-04 -1.993257E-02  2.049147E-08  2.049591E-08
  1.827000E+03  8.858497E-08  1.060458E-04 -6.454297E-07  1.932426E-04 -4.937004E-03  2.049231E-08  2.049273E-08
  1.828000E+03 -3.646519E-07  1.068712E-04  9.881896E-08  1.917404E-04 -1.079467E-02  2.049034E-08  2.049347E-08
  1.829000E+03  1.810267E-07  1.060702E-04  5.746895E-07  1.932280E-04 -1.737164E-02  2.049264E-08  2.049589E-08
  1.830000E+03  2.212003E-07  1.063985E-04 -5.147037E-07  1.925985E-04 -2.217241E-03  2.049215E-08  2.049252E-08
  1.831000E+03 -3.448117E-07  1.067170E-04 -1.748748E-07  1.920430E-04 -1.721162E-02  2.049121E-08  2.049545E-08
  1.832000E+03  3.922452E-08  1.059276E-04  6.370372E-07  1.934802E-04 -1.042912E-02  2.049377E-08  2.049521E-08
  1.833000E+03  3.108180E-07  1.067339E-04 -3.112273E-07  1.919955E-04 -4.943313E-03  2.049218E-08  2.049372E-08
  1.834000E+03 -2.722531E-07  1.063650E-04 -4.024267E-07  1.927069E-04 -1.930644E-02  2.049346E-08  2.049752E-08
  1.835000E+03 -1.009302E-07  1.060925E-04  6.012976E-07  1.931805E-04 -4.106472E-03  2.049482E-08  2.049513E-08
  1.836000E+03  3.501710E-07  1.068414E-04 -6.695723E-08  1.918145E-04 -1.145405E-02  2.049239E-08  2.049549E-08
  1.837000E+03 -1.610728E-07  1.060398E-04 -5.602150E-07  1.933038E-04 -1.586434E-02  2.049532E-08  2.049807E-08
  1.838000E+03 -2.261919E-07  1.064489E-04  4.773272E-07  1.925363E-04 -2.312938E-03  2.049522E-08  2.049566E-08
  1.839000E+03  3.316973E-07  1.066601E-04  1.975395E-07  1.921714E-04 -1.735590E-02  2.049394E-08  2.049799E-08
  1.840000E+03 -2.365820E-08  1.059558E-04 -6.233594E-07  1.934541E-04 -9.297250E-03  2.049669E-08  2.049787E-08
  1.841000E+03 -3.156605E-07  1.067555E-04  2.822380E-07  1.919826E-04 -6.070837E-03  2.049482E-08  2.049654E-08
  1.842000E+03  2.670095E-07  1.063161E-04  4.144067E-07  1.928185E-04 -1.884395E-02  2.049607E-08  2.049988E-08
  1.843000E+03  1.071792E-07  1.061606E-04 -5.999432E-07  1.930822E-04 -4.036274E-03  2.049756E-08  2.049784E-08
  1.844000E+03 -3.565082E-07  1.068223E-04  6.028390E-08  1.918758E-04 -1.265159E-02  2.049498E-08  2.049825E-08
  1.845000E+03  1.655424E-07  1.060383E-04  5.661230E-07  1.933264E-04 -1.495817E-02  2.049772E-08  2.050020E-08
  1.846000E+03  2.282268E-07  1.065144E-04 -4.869298E-07  1.924382E-04 -3.116242E-03  2.049733E-08  2.049795E-08
  1.847000E+03 -3.428946E-07  1.066234E-04 -1.879580E-07  1.922594E-04 -1.781134E-02  2.049609E-08  2.050016E-08
  1.848000E+03  3.472766E-08  1.059987E-04  6.349491E-07  1.933924E-04 -8.606519E-03  2.049858E-08  2.049957E-08
  1.849000E+03  3.178993E-07  1.067771E-04 -2.991622E-07  1.919617E-04 -7.124344E-03  2.049660E-08  2.049854E-08
  1.850000E+03 -2.786181E-07  1.062878E-04 -4.056849E-07  1.928785E-04 -1.829536E-02  2.049720E-08  2.050078E-08
  1.851000E+03 -1.022044E-07  1.062142E-04  6.089794E-07  1.929930E-04 -3.961532E-03  2.049843E-08  2.049871E-08
  1.852000E+03  3.586277E-07  1.067937E-04 -6.671545E-08  1.919407E-04 -1.326846E-02  2.049625E-08  2.049954E-08
  1.853000E+03 -1.775145E-07  1.060379E-04 -5.575346E-07  1.933273E-04 -1.413492E-02  2.049798E-08  2.050022E-08
  1.854000E+03 -2.214851E-07  1.065325E-04  4.956018E-07  1.924057E-04 -3.855872E-03  2.049730E-08  2.049803E-08
  1.855000E+03  3.420612E-07  1.065735E-04  1.706793E-07  1.923494E-04 -1.771786E-02  2.049613E-08  2.050002E-08
  1.856000E+03 -5.062127E-08  1.060298E-04 -6.160243E-07  1.933296E-04 -8.366481E-03  2.049797E-08  2.049888E-08
  1.857000E+03 -3.027278E-07  1.067526E-04  3.133835E-07  1.920037E-04 -8.063699E-03  2.049623E-08  2.049821E-08
  1.858000E+03  2.784045E-07  1.062573E-04  3.693899E-07  1.929170E-04 -1.761680E-02  2.049567E-08  2.049898E-08
  1.859000E+03  7.874145E-08  1.062553E-04 -5.833235E-07  1.929007E-04 -4.301449E-03  2.049652E-08  2.049684E-08
  1.860000E+03 -3.324373E-07  1.067513E-04  8.930472E-08  1.920070E-04 -1.377697E-02  2.049506E-08  2.049830E-08
  1.861000E+03  1.796883E-07  1.060478E-04  4.993542E-07  1.932825E-04 -1.335580E-02  2.049536E-08  2.049734E-08
  1.862000E+03  1.911335E-07  1.065606E-04 -4.768158E-07  1.923326E-04 -4.622230E-03  2.049487E-08  2.049573E-08
  1.863000E+03 -3.153243E-07  1.065227E-04 -1.378509E-07  1.924171E-04 -1.756094E-02  2.049364E-08  2.049733E-08
  1.864000E+03  5.972899E-08  1.060602E-04  5.470693E-07  1.932399E-04 -7.646364E-03  2.049446E-08  2.049519E-08
  1.865000E+03  2.642441E-07  1.067468E-04 -3.008192E-07  1.919929E-04 -8.849948E-03  2.049382E-08  2.049592E-08
  1.866000E+03 -2.546872E-07  1.062149E-04 -3.138473E-07  1.929597E-04 -1.700297E-02  2.049222E-08  2.049528E-08
  1.867000E+03 -5.214498E-08  1.062870E-04  5.160335E-07  1.928084E-04 -4.258179E-03  2.049285E-08  2.049316E-08
  1.868000E+03  2.853871E-07  1.067073E-04 -1.043362E-07  1.920643E-04 -1.435675E-02  2.049255E-08  2.049579E-08
  1.869000E+03 -1.692252E-07  1.060284E-04 -4.146904E-07  1.932822E-04 -1.252287E-02  2.049179E-08  2.049354E-08
  1.870000E+03 -1.415021E-07  1.065792E-04  4.255606E-07  1.922727E-04 -5.190617E-03  2.049201E-08  2.049297E-08
  1.871000E+03  2.669667E-07  1.064667E-04  7.923764E-08  1.924942E-04 -1.768518E-02  2.049101E-08  2.049460E-08
  1.872000E+03 -7.612115E-08  1.060809E-04 -4.447692E-07  1.931712E-04 -7.167954E-03  2.049124E-08  2.049185E-08
  1.873000E+03 -2.006304E-07  1.067468E-04  2.937657E-07  1.919776E-04 -9.825484E-03  2.049201E-08  2.049428E-08
  1.874000E+03  2.229728E-07  1.061787E-04  2.230603E-07  1.930027E-04 -1.653605E-02  2.048998E-08  2.049284E-08
  1.875000E+03  1.268370E-08  1.063386E-04 -4.311260E-07  1.926957E-04 -4.250324E-03  2.049081E-08  2.049116E-08
  1.876000E+03 -2.275716E-07  1.066883E-04  1.392327E-07  1.920945E-04 -1.510950E-02  2.049190E-08  2.049527E-08
  1.877000E+03  1.622570E-07  1.060332E-04  3.174099E-07  1.932604E-04 -1.173371E-02  2.049060E-08  2.049212E-08
  1.878000E+03  9.316625E-08  1.066287E-04 -3.809241E-07  1.921796E-04 -5.789955E-03  2.049152E-08  2.049270E-08
  1.879000E+03 -2.261825E-07  1.064338E-04 -1.507867E-08  1.925581E-04 -1.776230E-02  2.049145E-08  2.049499E-08
  1.880000E+03  9.308848E-08  1.061265E-04  3.606125E-07  1.930881E-04 -6.484126E-03  2.049134E-08  2.049182E-08
  1.881000E+03  1.470241E-07  1.067567E-04 -2.895431E-07  1.919687E-04 -1.055245E-02  2.049279E-08  2.049523E-08
  1.882000E+03 -2.011792E-07  1.061521E-04 -1.381116E-07  1.930649E-04 -1.559163E-02  2.049176E-08  2.049429E-08
  1.883000E+03  1.982386E-08  1.063916E-04  3.713425E-07  1.926136E-04 -3.972061E-03  2.049230E-08  2.049269E-08
  1.884000E+03  1.832858E-07  1.066542E-04 -1.684709E-07  1.921730E-04 -1.534283E-02  2.049363E-08  2.049692E-08
  1.885000E+03 -1.598129E-07  1.060408E-04 -2.342389E-07  1.932667E-04 -1.039076E-02  2.049305E-08  2.049425E-08
  1.886000E+03 -4.838440E-08  1.066619E-04  3.463696E-07  1.921448E-04 -6.046937E-03  2.049416E-08  2.049544E-08
  1.887000E+03  1.903826E-07  1.063858E-04 -5.064287E-08  1.926720E-04 -1.714395E-02  2.049455E-08  2.049775E-08
  1.888000E+03 -1.108595E-07  1.061674E-04 -2.862663E-07  1.930396E-04 -5.419221E-03  2.049421E-08  2.049454E-08
  1.889000E+03 -1.002899E-07  1.067639E-04  2.928559E-07  1.919833E-04 -1.119858E-02  2.049560E-08  2.049817E-08
  1.890000E+03  1.845250E-07  1.061311E-04  4.918969E-08  1.931403E-04 -1.470294E-02  2.049599E-08  2.049824E-08
  1.891000E+03 -6.067166E-08  1.064538E-04 -3.161762E-07  1.925323E-04 -3.946588E-03  2.049564E-08  2.049612E-08
  1.892000E+03 -1.372040E-07  1.066376E-04  2.190630E-07  1.922314E-04 -1.608360E-02  2.049645E-08  2.049989E-08
  1.893000E+03  1.680044E-07  1.060576E-04  1.398891E-07  1.932718E-04 -9.674917E-03  2.049697E-08  2.049802E-08
  1.894000E+03  2.484760E-09  1.067071E-04 -3.334813E-07  1.920934E-04 -6.858363E-03  2.049725E-08  2.049878E-08
  1.895000E+03 -1.719183E-07  1.063551E-04  1.182306E-07  1.927584E-04 -1.747626E-02  2.049771E-08  2.050098E-08
  1.896000E+03  1.363413E-07  1.062017E-04  2.368387E-07  1.930064E-04 -5.193264E-03  2.049732E-08  2.049763E-08
  1.897000E+03  6.745095E-08  1.067732E-04 -3.225795E-07  1.919908E-04 -1.220338E-02  2.049795E-08  2.050077E-08
  1.898000E+03 -1.960695E-07  1.061086E-04  1.226101E-08  1.932090E-04 -1.451511E-02  2.049898E-08  2.050120E-08
  1.899000E+03  8.818280E-08  1.064874E-04  3.258363E-07  1.924927E-04 -4.095907E-03  2.049787E-08  2.049843E-08
  1.900000E+03  1.348159E-07  1.066163E-04 -2.751197E-07  1.922868E-04 -1.671972E-02  2.049805E-08  2.050162E-08
  1.901000E+03 -2.070164E-07  1.060519E-04 -1.180888E-07  1.932997E-04 -9.086752E-03  2.049895E-08  2.049990E-08
  1.902000E+03  1.928278E-08  1.067314E-04  3.993618E-07  1.920568E-04 -7.173511E-03  2.049796E-08  2.049963E-08
  1.903000E+03  2.018503E-07  1.063334E-04 -1.865765E-07  1.928059E-04 -1.754856E-02  2.049855E-08  2.050183E-08
  1.904000E+03 -1.848657E-07  1.062230E-04 -2.690046E-07  1.929741E-04 -4.693413E-03  2.049807E-08  2.049835E-08
  1.905000E+03 -7.123746E-08  1.067881E-04  4.211339E-07  1.919602E-04 -1.259943E-02  2.049744E-08  2.050045E-08
  1.906000E+03  2.519574E-07  1.061018E-04 -4.321934E-08  1.932163E-04 -1.433016E-02  2.049849E-08  2.050068E-08
  1.907000E+03 -1.241915E-07  1.065122E-04 -4.164714E-07  1.924373E-04 -4.013592E-03  2.049677E-08  2.049740E-08
  1.908000E+03 -1.728111E-07  1.066104E-04  3.704955E-07  1.922831E-04 -1.705076E-02  2.049639E-08  2.050010E-08
  1.909000E+03  2.710228E-07  1.060450E-04  1.455103E-07  1.932954E-04 -8.869932E-03  2.049720E-08  2.049815E-08
  1.910000E+03 -2.784700E-08  1.067421E-04 -5.253420E-07  1.920137E-04 -7.362335E-03  2.049540E-08  2.049720E-08
  1.911000E+03 -2.644301E-07  1.063129E-04  2.552369E-07  1.928178E-04 -1.791055E-02  2.049572E-08  2.049915E-08
  1.912000E+03  2.476515E-07  1.062101E-04  3.488166E-07  1.929711E-04 -4.522395E-03  2.049527E-08  2.049557E-08
  1.913000E+03  8.966939E-08  1.067832E-04 -5.641544E-07  1.919384E-04 -1.278424E-02  2.049411E-08  2.049723E-08
  1.914000E+03 -3.328953E-07  1.060685E-04  7.482094E-08  1.932440E-04 -1.440889E-02  2.049497E-08  2.049724E-08
  1.915000E+03  1.714722E-07  1.065075E-04  5.453331E-07  1.924144E-04 -3.629510E-03  2.049343E-08  2.049410E-08
  1.916000E+03  2.205162E-07  1.066056E-04 -5.037121E-07  1.922580E-04 -1.731343E-02  2.049272E-08  2.049658E-08
  1.917000E+03 -3.563461E-07  1.060194E-04 -1.725117E-07  1.933078E-04 -8.673862E-03  2.049361E-08  2.049458E-08
  1.918000E+03  4.704565E-08  1.067570E-04  6.847314E-07  1.919547E-04 -7.108171E-03  2.049198E-08  2.049390E-08
  1.919000E+03  3.403200E-07  1.062965E-04 -3.470454E-07  1.928126E-04 -1.812287E-02  2.049193E-08  2.049549E-08
  1.920000E+03 -3.189308E-07  1.062043E-04 -4.438973E-07  1.929507E-04 -3.969926E-03  2.049204E-08  2.049235E-08
  1.921000E+03 -1.124214E-07  1.068046E-04  7.260405E-07  1.918687E-04 -1.306185E-02  2.049072E-08  2.049411E-08
  1.922000E+03  4.228199E-07  1.060424E-04 -9.043759E-08  1.932603E-04 -1.460629E-02  2.049161E-08  2.049402E-08
  1.923000E+03 -2.093809E-07  1.065208E-04 -6.876859E-07  1.923675E-04 -3.365778E-03  2.049103E-08  2.049178E-08
  1.924000E+03 -2.810288E-07  1.066009E-04  6.201720E-07  1.922427E-04 -1.792173E-02  2.048995E-08  2.049410E-08
  1.925000E+03  4.297842E-07  1.059925E-04  2.330945E-07  1.933346E-04 -8.635095E-03  2.049126E-08  2.049231E-08
  1.926000E+03 -3.760713E-08  1.067702E-04 -8.262021E-07  1.919145E-04 -7.253901E-03  2.049021E-08  2.049229E-08
  1.927000E+03 -4.114958E-07  1.062735E-04  3.737126E-07  1.928417E-04 -1.863645E-02  2.049040E-08  2.049420E-08
  1.928000E+03  3.485057E-07  1.061958E-04  5.478806E-07  1.929610E-04 -3.878626E-03  2.049149E-08  2.049184E-08
  1.929000E+03  1.612877E-07  1.068036E-04 -8.048353E-07  1.918623E-04 -1.354944E-02  2.048970E-08  2.049327E-08
  1.930000E+03 -4.762592E-07  1.060129E-04  3.148000E-08  1.933103E-04 -1.464286E-02  2.049120E-08  2.049369E-08
  1.931000E+03  1.944622E-07  1.065240E-04  7.947580E-07  1.923694E-04 -3.230213E-03  2.049186E-08  2.049264E-08
  1.932000E+03  3.444753E-07  1.065813E-04 -6.336777E-07  1.922846E-04 -1.802190E-02  2.049062E-08  2.049478E-08
  1.933000E+03 -4.612882E-07  1.059819E-04 -3.325754E-07  1.933648E-04 -8.055950E-03  2.049250E-08  2.049352E-08
  1.934000E+03 -4.955640E-09  1.067754E-04  9.178305E-07  1.919220E-04 -7.273987E-03  2.049201E-08  2.049413E-08
  1.935000E+03  4.791525E-07  1.062448E-04 -3.415729E-07  1.929129E-04 -1.817299E-02  2.049262E-08  2.049626E-08
  1.936000E+03 -3.623413E-07  1.062086E-04 -6.714273E-07  1.929627E-04 -3.282617E-03  2.049419E-08  2.049455E-08
  1.937000E+03 -2.235125E-07  1.067874E-04  8.793374E-07  1.919185E-04 -1.356843E-02  2.049259E-08  2.049612E-08
  1.938000E+03  5.386719E-07  1.059999E-04  4.035064E-08  1.933601E-04 -1.375894E-02  2.049421E-08  2.049653E-08
  1.939000E+03 -1.817205E-07  1.065498E-04 -9.226295E-07  1.923553E-04 -3.249891E-03  2.049530E-08  2.049619E-08
  1.940000E+03 -4.185981E-07  1.065595E-04  6.624098E-07  1.923612E-04 -1.806062E-02  2.049457E-08  2.049872E-08
  1.941000E+03  5.077390E-07  1.060015E-04  4.482683E-07  1.933643E-04 -7.604551E-03  2.049632E-08  2.049731E-08
  1.942000E+03  4.768281E-08  1.067916E-04 -1.036061E-06  1.919323E-04 -7.923336E-03  2.049613E-08  2.049844E-08
  1.943000E+03 -5.616809E-07  1.062363E-04  3.189115E-07  1.929675E-04 -1.811046E-02  2.049678E-08  2.050046E-08
  1.944000E+03  3.854085E-07  1.062460E-04  8.155275E-07  1.929293E-04 -3.389641E-03  2.049786E-08  2.049831E-08
  1.945000E+03  2.870587E-07  1.067957E-04 -9.638208E-07  1.919482E-04 -1.416347E-02  2.049718E-08  2.050093E-08
  1.946000E+03 -6.129471E-07  1.060177E-04 -1.081828E-07  1.933644E-04 -1.353715E-02  2.049817E-08  2.050050E-08
  1.947000E+03  1.772265E-07  1.065860E-04  1.064513E-06  1.923209E-04 -3.746339E-03  2.049857E-08  2.049965E-08
  1.948000E+03  4.928008E-07  1.065566E-04 -7.033340E-07  1.924038E-04 -1.825923E-02  2.049848E-08  2.050274E-08
  1.949000E+03 -5.570377E-07  1.060345E-04 -5.491765E-07  1.933297E-04 -7.334763E-03  2.049906E-08  2.050006E-08
  1.950000E+03 -7.834268E-08  1.068060E-04  1.137998E-06  1.919344E-04 -8.454377E-03  2.049901E-08  2.050151E-08
  1.951000E+03  6.239218E-07  1.062258E-04 -3.015163E-07  1.930064E-04 -1.770469E-02  2.049905E-08  2.050265E-08
  1.952000E+03 -3.994934E-07  1.062806E-04 -9.224733E-07  1.928758E-04 -3.448397E-03  2.049884E-08  2.049937E-08
  1.953000E+03 -3.344576E-07  1.067703E-04  1.017220E-06  1.920141E-04 -1.455342E-02  2.049924E-08  2.050303E-08
  1.954000E+03  6.602154E-07  1.060166E-04  1.693739E-07  1.933713E-04 -1.295807E-02  2.049884E-08  2.050106E-08
  1.955000E+03 -1.680365E-07  1.065996E-04 -1.157210E-06  1.922950E-04 -4.407545E-03  2.049837E-08  2.049960E-08
  1.956000E+03 -5.395436E-07  1.065116E-04  7.150839E-07  1.924892E-04 -1.831875E-02  2.049889E-08  2.050311E-08
  1.957000E+03  5.843922E-07  1.060550E-04  6.174530E-07  1.932800E-04 -7.037311E-03  2.049780E-08  2.049877E-08
  1.958000E+03  9.854670E-08  1.067903E-04 -1.199117E-06  1.919532E-04 -9.241695E-03  2.049786E-08  2.050049E-08
  1.959000E+03 -6.564822E-07  1.061990E-04  2.828462E-07  1.930383E-04 -1.722399E-02  2.049743E-08  2.050089E-08
  1.960000E+03  4.059443E-07  1.063131E-04  9.705829E-07  1.927887E-04 -3.664348E-03  2.049583E-08  2.049645E-08
  1.961000E+03  3.504251E-07  1.067390E-04 -1.031867E-06  1.920520E-04 -1.499526E-02  2.049712E-08  2.050095E-08
  1.962000E+03 -6.733602E-07  1.060213E-04 -1.921242E-07  1.933297E-04 -1.233302E-02  2.049551E-08  2.049758E-08
  1.963000E+03  1.622930E-07  1.066156E-04  1.184249E-06  1.922307E-04 -4.909903E-03  2.049455E-08  2.049593E-08
  1.964000E+03  5.460678E-07  1.064694E-04 -7.024530E-07  1.925353E-04 -1.805838E-02  2.049579E-08  2.049983E-08
  1.965000E+03 -5.845451E-07  1.060749E-04 -6.275820E-07  1.932004E-04 -6.588059E-03  2.049328E-08  2.049417E-08
  1.966000E+03 -9.835335E-08  1.067751E-04  1.202683E-06  1.919437E-04 -9.866010E-03  2.049381E-08  2.049653E-08
  1.967000E+03  6.483587E-07  1.061617E-04 -2.835081E-07  1.930681E-04 -1.671151E-02  2.049358E-08  2.049685E-08
  1.968000E+03 -4.080271E-07  1.063293E-04 -9.517922E-07  1.927161E-04 -3.654685E-03  2.049124E-08  2.049188E-08
  1.969000E+03 -3.324812E-07  1.066957E-04  1.028645E-06  1.920929E-04 -1.541444E-02  2.049307E-08  2.049688E-08
  1.970000E+03  6.559844E-07  1.059995E-04  1.593804E-07  1.933269E-04 -1.174853E-02  2.049115E-08  2.049306E-08
  1.971000E+03 -1.772275E-07  1.066281E-04 -1.136458E-06  1.921701E-04 -5.339458E-03  2.049044E-08  2.049191E-08
  1.972000E+03 -5.089498E-07  1.064293E-04  7.094838E-07  1.925772E-04 -1.830033E-02  2.049243E-08  2.049647E-08
  1.973000E+03  5.686497E-07  1.060814E-04  5.649678E-07  1.931522E-04 -6.270147E-03  2.048946E-08  2.049027E-08
  1.974000E+03  6.982657E-08  1.067811E-04 -1.153918E-06  1.919040E-04 -1.045283E-02  2.049060E-08  2.049348E-08
  1.975000E+03 -6.081512E-07  1.061412E-04  3.038844E-07  1.930816E-04 -1.652893E-02  2.049113E-08  2.049429E-08
  1.976000E+03  4.019925E-07  1.063594E-04  8.787140E-07  1.926405E-04 -3.635083E-03  2.048898E-08  2.048963E-08
  1.977000E+03  2.968464E-07  1.066927E-04 -9.936952E-07  1.920811E-04 -1.585590E-02  2.049107E-08  2.049500E-08
  1.978000E+03 -6.183855E-07  1.060047E-04 -1.238518E-07  1.933027E-04 -1.142125E-02  2.048965E-08  2.049143E-08
  1.979000E+03  1.832467E-07  1.066566E-04  1.061247E-06  1.921102E-04 -5.547734E-03  2.048951E-08  2.049107E-08
  1.980000E+03  4.656656E-07  1.064210E-04 -6.902958E-07  1.925864E-04 -1.831478E-02  2.049179E-08  2.049578E-08
  1.981000E+03 -5.352205E-07  1.060982E-04 -5.048240E-07  1.931202E-04 -5.824868E-03  2.048936E-08  2.049005E-08
  1.982000E+03 -5.237028E-08  1.067883E-04  1.076144E-06  1.918931E-04 -1.052651E-02  2.049081E-08  2.049368E-08
  1.983000E+03  5.597851E-07  1.061302E-04 -3.042477E-07  1.931116E-04 -1.594825E-02  2.049237E-08  2.049529E-08
  1.984000E+03 -3.784519E-07  1.063820E-04 -8.053670E-07  1.926163E-04 -3.260568E-03  2.049079E-08  2.049139E-08
  1.985000E+03 -2.668659E-07  1.066785E-04  9.281240E-07  1.921193E-04 -1.572498E-02  2.049246E-08  2.049623E-08
  1.986000E+03  5.675993E-07  1.060087E-04  9.471655E-08  1.933205E-04 -1.053845E-02  2.049252E-08  2.049405E-08
  1.987000E+03 -1.748991E-07  1.066720E-04 -9.662794E-07  1.921118E-04 -5.382725E-03  2.049266E-08  2.049417E-08
  1.988000E+03 -4.189596E-07  1.064040E-04  6.477872E-07  1.926417E-04 -1.776298E-02  2.049461E-08  2.049830E-08
  1.989000E+03  4.926081E-07  1.061285E-04  4.384741E-07  1.931025E-04 -5.341825E-03  2.049339E-08  2.049396E-08
  1.990000E+03  3.552832E-08  1.067914E-04 -9.769578E-07  1.919209E-04 -1.074454E-02  2.049431E-08  2.049715E-08
  1.991000E+03 -4.977470E-07  1.061418E-04  3.091996E-07  1.931286E-04 -1.549120E-02  2.049656E-08  2.049928E-08
  1.992000E+03  3.525953E-07  1.064181E-04  7.017545E-07  1.925959E-04 -3.550176E-03  2.049557E-08  2.049617E-08
  1.993000E+03  2.244709E-07  1.066786E-04 -8.482474E-07  1.921544E-04 -1.597866E-02  2.049616E-08  2.049992E-08
  1.994000E+03 -5.169638E-07  1.060369E-04 -4.987437E-08  1.933135E-04 -1.051130E-02  2.049723E-08  2.049868E-08
  1.995000E+03  1.697036E-07  1.066865E-04  8.816681E-07  1.921298E-04 -5.946927E-03  2.049728E-08  2.049882E-08
  1.996000E+03  3.789627E-07  1.064074E-04 -6.130010E-07  1.926745E-04 -1.791543E-02  2.049871E-08  2.050240E-08
  1.997000E+03 -4.661044E-07  1.061509E-04 -3.917569E-07  1.931083E-04 -5.669678E-03  2.049830E-08  2.049887E-08
  1.998000E+03 -2.773809E-08  1.067909E-04  9.318647E-07  1.919581E-04 -1.107511E-02  2.049813E-08  2.050096E-08
  1.999000E+03  4.833765E-07  1.061486E-04 -3.057226E-07  1.931504E-04 -1.558993E-02  2.050015E-08  2.050288E-08
  2.000000E+03 -3.482974E-07  1.064219E-04 -6.906614E-07  1.926260E-04 -3.771590E-03  2.049948E-08  2.050007E-08
  2.001000E+03 -2.281183E-07  1.066755E-04  8.544900E-07  1.921845E-04 -1.592363E-02  2.049878E-08  2.050249E-08
  2.002000E+03  5.300411E-07  1.060497E-04  5.391107E-08  1.933154E-04 -1.053506E-02  2.049990E-08  2.050136E-08
  2.003000E+03 -1.763815E-07  1.066856E-04 -9.149067E-07  1.921506E-04 -5.936254E-03  2.049934E-08  2.050088E-08
  2.004000E+03 -4.040315E-07  1.064209E-04  6.475280E-07  1.926586E-04 -1.768557E-02  2.049971E-08  2.050337E-08
  2.005000E+03  4.971956E-07  1.061673E-04  4.277166E-07  1.930905E-04 -5.838457E-03  2.049955E-08  2.050018E-08
  2.006000E+03  3.555244E-08  1.067927E-04 -1.008126E-06  1.919558E-04 -1.094333E-02  2.049824E-08  2.050109E-08
  2.007000E+03 -5.340886E-07  1.061699E-04  3.310240E-07  1.931052E-04 -1.561217E-02  2.049946E-08  2.050225E-08
  2.008000E+03  3.853227E-07  1.064161E-04  7.730691E-07  1.926304E-04 -3.994036E-03  2.049881E-08  2.049947E-08
  2.009000E+03  2.571111E-07  1.066753E-04 -9.568632E-07  1.921674E-04 -1.567056E-02  2.049700E-08  2.050071E-08
  2.010000E+03 -5.992550E-07  1.060567E-04 -6.021578E-08  1.932840E-04 -1.089071E-02  2.049785E-08  2.049945E-08
  2.011000E+03  2.032062E-07  1.066617E-04  1.036324E-06  1.921718E-04 -6.065558E-03  2.049700E-08  2.049856E-08
  2.012000E+03  4.575434E-07  1.064197E-04 -7.512129E-07  1.926279E-04 -1.765521E-02  2.049620E-08  2.049994E-08
  2.013000E+03 -5.768077E-07  1.061468E-04 -4.749153E-07  1.930987E-04 -6.149163E-03  2.049642E-08  2.049718E-08
  2.014000E+03 -2.568895E-08  1.067666E-04  1.163296E-06  1.919684E-04 -1.061240E-02  2.049465E-08  2.049745E-08
  2.015000E+03  6.122437E-07  1.061687E-04 -4.137319E-07  1.930654E-04 -1.567926E-02  2.049498E-08  2.049788E-08
  2.016000E+03 -4.588064E-07  1.063924E-04 -8.745938E-07  1.926385E-04 -4.049450E-03  2.049511E-08  2.049585E-08
  2.017000E+03 -2.784470E-07  1.066708E-04  1.119705E-06  1.921350E-04 -1.529782E-02  2.049280E-08  2.049651E-08
  2.018000E+03  6.940484E-07  1.060523E-04  2.790910E-08  1.932489E-04 -1.108315E-02  2.049323E-08  2.049498E-08
  2.019000E+03 -2.561315E-07  1.066446E-04 -1.189621E-06  1.921642E-04 -5.787540E-03  2.049293E-08  2.049455E-08
  2.020000E+03 -5.157818E-07  1.064270E-04  9.001334E-07  1.925681E-04 -1.745679E-02  2.049132E-08  2.049515E-08
  2.021000E+03  6.766893E-07  1.061386E-04  5.164990E-07  1.930739E-04 -6.405481E-03  2.049216E-08  2.049308E-08
  2.022000E+03  1.327462E-08  1.067600E-04 -1.353109E-06  1.919416E-04 -1.046261E-02  2.049055E-08  2.049347E-08
  2.023000E+03 -7.061046E-07  1.061698E-04  4.993048E-07  1.930187E-04 -1.593713E-02  2.049017E-08  2.049329E-08
  2.024000E+03  5.374713E-07  1.063749E-04  1.001958E-06  1.926379E-04 -4.243491E-03  2.049166E-08  2.049254E-08
  2.025000E+03  3.212158E-07  1.066635E-04 -1.297393E-06  1.921165E-04 -1.538845E-02  2.048940E-08  2.049329E-08
  2.026000E+03 -7.969636E-07  1.060394E-04 -4.608691E-08  1.932401E-04 -1.141997E-02  2.048972E-08  2.049169E-08
  2.027000E+03  2.786625E-07  1.066282E-04  1.368168E-06  1.921689E-04 -5.976860E-03  2.049026E-08  2.049201E-08
  2.028000E+03  6.040634E-07  1.064154E-04 -9.897254E-07  1.925658E-04 -1.766222E-02  2.048877E-08  2.049280E-08
  2.029000E+03 -7.494938E-07  1.061261E-04 -6.413402E-07  1.930804E-04 -6.623382E-03  2.049042E-08  2.049150E-08
  2.030000E+03 -5.641430E-08  1.067448E-04  1.521098E-06  1.919580E-04 -1.071194E-02  2.048934E-08  2.049239E-08
  2.031000E+03  8.093295E-07  1.061458E-04 -4.836874E-07  1.930512E-04 -1.577356E-02  2.048903E-08  2.049224E-08
  2.032000E+03 -5.675717E-07  1.063742E-04 -1.181949E-06  1.926374E-04 -4.096766E-03  2.049148E-08  2.049249E-08
  2.033000E+03 -4.030548E-07  1.066431E-04  1.414798E-06  1.921589E-04 -1.534873E-02  2.049001E-08  2.049395E-08
  2.034000E+03  8.892355E-07  1.060277E-04  1.358755E-07  1.932682E-04 -1.079531E-02  2.049058E-08  2.049257E-08
  2.035000E+03 -2.724063E-07  1.066319E-04 -1.554616E-06  1.921768E-04 -5.889877E-03  2.049182E-08  2.049371E-08
  2.036000E+03 -7.037087E-07  1.063879E-04  1.055434E-06  1.926361E-04 -1.723945E-02  2.049110E-08  2.049508E-08
  2.037000E+03  8.221388E-07  1.061350E-04  7.800345E-07  1.930859E-04 -5.921089E-03  2.049282E-08  2.049396E-08
  2.038000E+03  9.533158E-08  1.067386E-04 -1.684613E-06  1.920019E-04 -1.075275E-02  2.049284E-08  2.049599E-08
  2.039000E+03 -9.099049E-07  1.061367E-04  4.804124E-07  1.931029E-04 -1.513556E-02  2.049297E-08  2.049613E-08
  2.040000E+03  6.047860E-07  1.064016E-04  1.351659E-06  1.926230E-04 -4.148309E-03  2.049522E-08  2.049642E-08
  2.041000E+03  4.755229E-07  1.066297E-04 -1.535094E-06  1.922293E-04 -1.556780E-02  2.049487E-08  2.049895E-08
  2.042000E+03 -9.819281E-07  1.060493E-04 -2.175517E-07  1.932717E-04 -1.045761E-02  2.049521E-08  2.049728E-08
  2.043000E+03  2.673186E-07  1.066562E-04  1.738885E-06  1.921803E-04 -6.590231E-03  2.049677E-08  2.049895E-08
  2.044000E+03  7.995167E-07  1.063811E-04 -1.109422E-06  1.927021E-04 -1.720995E-02  2.049683E-08  2.050093E-08
  2.045000E+03 -8.867390E-07  1.061829E-04 -9.225516E-07  1.930416E-04 -5.958693E-03  2.049735E-08  2.049867E-08
  2.046000E+03 -1.386489E-07  1.067523E-04  1.832729E-06  1.920288E-04 -1.148006E-02  2.049815E-08  2.050162E-08
  2.047000E+03  1.001187E-06  1.061501E-04 -4.556905E-07  1.931310E-04 -1.481762E-02  2.049861E-08  2.050184E-08
  2.048000E+03 -6.249698E-07  1.064495E-04 -1.505803E-06  1.925751E-04 -4.497460E-03  2.049931E-08  2.050075E-08
  2.049000E+03 -5.421903E-07  1.066261E-04  1.607561E-06  1.922839E-04 -1.593313E-02  2.049988E-08  2.050414E-08
  2.050000E+03  1.038543E-06  1.060749E-04  3.110358E-07  1.932640E-04 -9.951720E-03  2.049944E-08  2.050151E-08
  2.051000E+03 -2.431426E-07  1.066837E-04 -1.851307E-06  1.921618E-04 -7.037406E-03  2.050003E-08  2.050243E-08
  2.052000E+03 -8.651713E-07  1.063629E-04  1.096207E-06  1.927730E-04 -1.710376E-02  2.050090E-08  2.050502E-08
  2.053000E+03  9.022251E-07  1.062111E-04  1.040354E-06  1.930103E-04 -5.681837E-03  2.049950E-08  2.050087E-08
  2.054000E+03  1.885610E-07  1.067411E-04 -1.889612E-06  1.920691E-04 -1.210710E-02  2.050017E-08  2.050379E-08
  2.055000E+03 -1.045449E-06  1.061326E-04  3.862453E-07  1.931816E-04 -1.440445E-02  2.050075E-08  2.050392E-08
  2.056000E+03  6.066100E-07  1.064739E-04  1.602634E-06  1.925304E-04 -4.891023E-03  2.049922E-08  2.050082E-08
  2.057000E+03  5.895201E-07  1.065850E-04 -1.601380E-06  1.923637E-04 -1.631163E-02  2.050036E-08  2.050467E-08
  2.058000E+03 -1.051324E-06  1.060824E-04 -3.945450E-07  1.932444E-04 -9.393772E-03  2.049892E-08  2.050091E-08
  2.059000E+03  2.051521E-07  1.066932E-04  1.892629E-06  1.921267E-04 -7.795282E-03  2.049798E-08  2.050058E-08
  2.060000E+03  8.879485E-07  1.063245E-04 -1.039285E-06  1.928284E-04 -1.691763E-02  2.049944E-08  2.050346E-08
  2.061000E+03 -8.772171E-07  1.062440E-04 -1.102861E-06  1.929229E-04 -5.455300E-03  2.049659E-08  2.049794E-08
  2.062000E+03 -2.229995E-07  1.067282E-04  1.864781E-06  1.920636E-04 -1.281451E-02  2.049693E-08  2.050070E-08
  2.063000E+03  1.040746E-06  1.061076E-04 -3.148233E-07  1.931963E-04 -1.374819E-02  2.049765E-08  2.050062E-08
  2.064000E+03 -5.658030E-07  1.065037E-04 -1.622567E-06  1.924354E-04 -4.896497E-03  2.049484E-08  2.049650E-08
  2.065000E+03 -6.052610E-07  1.065460E-04  1.537087E-06  1.923975E-04 -1.660998E-02  2.049635E-08  2.050065E-08
  2.066000E+03  1.022514E-06  1.060747E-04  4.387208E-07  1.932156E-04 -8.728216E-03  2.049450E-08  2.049632E-08
  2.067000E+03 -1.749275E-07  1.066995E-04 -1.861793E-06  1.920691E-04 -8.301528E-03  2.049298E-08  2.049569E-08
  2.068000E+03 -8.711354E-07  1.062704E-04  9.755717E-07  1.928818E-04 -1.681030E-02  2.049473E-08  2.049861E-08
  2.069000E+03  8.374121E-07  1.062471E-04  1.089305E-06  1.928694E-04 -5.053795E-03  2.049155E-08  2.049280E-08
  2.070000E+03  2.263880E-07  1.067032E-04 -1.787615E-06  1.920620E-04 -1.337439E-02  2.049180E-08  2.049560E-08
  2.071000E+03 -9.879796E-07  1.060739E-04  2.807524E-07  1.932086E-04 -1.340524E-02  2.049254E-08  2.049533E-08
  2.072000E+03  5.293964E-07  1.065168E-04  1.539370E-06  1.923667E-04 -5.137761E-03  2.049002E-08  2.049166E-08
  2.073000E+03  5.714052E-07  1.065125E-04 -1.439469E-06  1.924133E-04 -1.697802E-02  2.049146E-08  2.049571E-08
  2.074000E+03 -9.490801E-07  1.060732E-04 -4.220668E-07  1.931744E-04 -8.371176E-03  2.048992E-08  2.049153E-08
  2.075000E+03  1.513702E-07  1.067135E-04  1.735739E-06  1.920078E-04 -8.721230E-03  2.048903E-08  2.049178E-08
  2.076000E+03  8.134513E-07  1.062505E-04 -8.843832E-07  1.928814E-04 -1.684336E-02  2.049083E-08  2.049458E-08
  2.077000E+03 -7.633419E-07  1.062668E-04 -1.028976E-06  1.928037E-04 -4.905686E-03  2.048839E-08  2.048950E-08
  2.078000E+03 -2.290129E-07  1.067096E-04  1.649717E-06  1.920239E-04 -1.375068E-02  2.048886E-08  2.049269E-08
  2.079000E+03  9.130749E-07  1.060707E-04 -2.230828E-07  1.931888E-04 -1.320263E-02  2.048989E-08  2.049247E-08
  2.080000E+03 -4.645667E-07  1.065391E-04 -1.436789E-06  1.923119E-04 -5.128191E-03  2.048846E-08  2.049003E-08
  2.081000E+03 -5.467125E-07  1.065056E-04  1.293719E-06  1.924107E-04 -1.692474E-02  2.048989E-08  2.049398E-08
  2.082000E+03  8.586834E-07  1.060789E-04  4.329763E-07  1.931577E-04 -7.902932E-03  2.048931E-08  2.049069E-08
  2.083000E+03 -1.055875E-07  1.067168E-04 -1.591887E-06  1.920022E-04 -8.614087E-03  2.048910E-08  2.049169E-08
  2.084000E+03 -7.566757E-07  1.062397E-04  7.544037E-07  1.929007E-04 -1.631961E-02  2.049098E-08  2.049441E-08
  2.085000E+03  6.683994E-07  1.062815E-04  9.772591E-07  1.927915E-04 -4.476356E-03  2.048997E-08  2.049090E-08
  2.086000E+03  2.432580E-07  1.066983E-04 -1.470259E-06  1.920610E-04 -1.347437E-02  2.049073E-08  2.049427E-08
  2.087000E+03 -8.228558E-07  1.060722E-04  1.380557E-07  1.932058E-04 -1.236579E-02  2.049220E-08  2.049442E-08
  2.088000E+03  3.825405E-07  1.065546E-04  1.315557E-06  1.923129E-04 -4.957181E-03  2.049157E-08  2.049299E-08
  2.089000E+03  5.139856E-07  1.064991E-04 -1.112309E-06  1.924530E-04 -1.656993E-02  2.049327E-08  2.049704E-08
  2.090000E+03 -7.472300E-07  1.061092E-04 -4.371859E-07  1.931443E-04 -7.506229E-03  2.049381E-08  2.049496E-08
  2.091000E+03  5.865666E-08  1.067286E-04  1.398243E-06  1.920232E-04 -8.973223E-03  2.049354E-08  2.049604E-08
  2.092000E+03  6.741381E-07  1.062480E-04 -6.098357E-07  1.929275E-04 -1.600767E-02  2.049553E-08  2.049869E-08
  2.093000E+03 -5.601560E-07  1.063299E-04 -8.895220E-07  1.927571E-04 -4.764780E-03  2.049561E-08  2.049643E-08
  2.094000E+03 -2.438183E-07  1.066952E-04  1.265924E-06  1.921168E-04 -1.400212E-02  2.049592E-08  2.049939E-08
  2.095000E+03  7.274938E-07  1.060928E-04 -6.578296E-08  1.932182E-04 -1.216412E-02  2.049755E-08  2.049958E-08
  2.096000E+03 -3.061625E-07  1.065852E-04 -1.186039E-06  1.923098E-04 -5.664259E-03  2.049704E-08  2.049845E-08
  2.097000E+03 -4.858585E-07  1.064874E-04  9.575722E-07  1.925239E-04 -1.683091E-02  2.049846E-08  2.050216E-08
  2.098000E+03  6.658243E-07  1.061388E-04  4.507738E-07  1.931443E-04 -7.473798E-03  2.049953E-08  2.050056E-08
  2.099000E+03 -1.935757E-08  1.067361E-04 -1.284256E-06  1.920569E-04 -9.621350E-03  2.049846E-08  2.050097E-08
  2.100000E+03 -6.468363E-07  1.062360E-04  5.185923E-07  1.929894E-04 -1.588333E-02  2.049983E-08  2.050288E-08
  2.101000E+03  5.096021E-07  1.063545E-04  8.875447E-07  1.927550E-04 -4.699981E-03  2.050013E-08  2.050091E-08
  2.102000E+03  2.611324E-07  1.066925E-04 -1.195957E-06  1.921556E-04 -1.428294E-02  2.049947E-08  2.050294E-08
  2.103000E+03 -7.110737E-07  1.060985E-04  2.033239E-08  1.932358E-04 -1.180389E-02  2.050060E-08  2.050252E-08
  2.104000E+03  2.810261E-07  1.066142E-04  1.183682E-06  1.922836E-04 -5.748137E-03  2.049981E-08  2.050128E-08
  2.105000E+03  4.996114E-07  1.064831E-04 -9.291891E-07  1.925462E-04 -1.682238E-02  2.050002E-08  2.050369E-08
  2.106000E+03 -6.691152E-07  1.061668E-04 -4.831404E-07  1.931046E-04 -7.228065E-03  2.050076E-08  2.050177E-08
  2.107000E+03  1.094892E-08  1.067462E-04  1.307299E-06  1.920474E-04 -1.002664E-02  2.049931E-08  2.050195E-08
  2.108000E+03  6.667921E-07  1.062286E-04 -5.315128E-07  1.930005E-04 -1.555688E-02  2.049970E-08  2.050267E-08
  2.109000E+03 -5.333336E-07  1.063804E-04 -9.170637E-07  1.927030E-04 -4.904734E-03  2.049958E-08  2.050045E-08
  2.110000E+03 -2.603704E-07  1.066689E-04  1.248809E-06  1.921869E-04 -1.458099E-02  2.049818E-08  2.050170E-08
  2.111000E+03  7.463408E-07  1.061023E-04 -5.721575E-08  1.932103E-04 -1.153757E-02  2.049870E-08  2.050059E-08
  2.112000E+03 -3.197597E-07  1.066117E-04 -1.230702E-06  1.922710E-04 -6.344827E-03  2.049792E-08  2.049952E-08
  2.113000E+03 -5.022452E-07  1.064420E-04  1.016625E-06  1.925897E-04 -1.658585E-02  2.049680E-08  2.050038E-08
  2.114000E+03  7.219638E-07  1.061747E-04  4.462325E-07  1.930548E-04 -7.080247E-03  2.049703E-08  2.049807E-08
  2.115000E+03 -5.318262E-08  1.067201E-04 -1.383385E-06  1.920651E-04 -1.034161E-02  2.049611E-08  2.049881E-08
  2.116000E+03 -6.881844E-07  1.062110E-04  6.306743E-07  1.929899E-04 -1.503514E-02  2.049534E-08  2.049820E-08
  2.117000E+03  5.971843E-07  1.063904E-04  9.166161E-07  1.926427E-04 -5.114249E-03  2.049507E-08  2.049607E-08
  2.118000E+03  2.335540E-07  1.066353E-04 -1.357383E-06  1.922036E-04 -1.453081E-02  2.049354E-08  2.049703E-08
  2.119000E+03 -7.902533E-07  1.061073E-04  1.416671E-07  1.931503E-04 -1.103587E-02  2.049342E-08  2.049525E-08
  2.120000E+03  3.846312E-07  1.066105E-04  1.278498E-06  1.922316E-04 -6.654898E-03  2.049345E-08  2.049520E-08
  2.121000E+03  5.012199E-07  1.064188E-04 -1.142943E-06  1.925803E-04 -1.637383E-02  2.049142E-08  2.049498E-08
  2.122000E+03 -7.881349E-07  1.061887E-04 -4.013136E-07  1.929769E-04 -7.150509E-03  2.049145E-08  2.049259E-08
  2.123000E+03  1.010535E-07  1.067005E-04  1.486767E-06  1.920602E-04 -1.074194E-02  2.049173E-08  2.049456E-08
  2.124000E+03  7.227886E-07  1.061960E-04 -7.412273E-07  1.929682E-04 -1.485797E-02  2.049018E-08  2.049307E-08
  2.125000E+03 -6.664663E-07  1.063884E-04 -9.408934E-07  1.926034E-04 -5.588855E-03  2.049045E-08  2.049161E-08
  2.126000E+03 -2.265408E-07  1.066032E-04  1.489355E-06  1.922247E-04 -1.469681E-02  2.048955E-08  2.049313E-08
  2.127000E+03  8.530846E-07  1.061041E-04 -1.842496E-07  1.931164E-04 -1.108216E-02  2.048918E-08  2.049112E-08
  2.128000E+03 -4.284405E-07  1.065922E-04 -1.376096E-06  1.922363E-04 -7.204589E-03  2.049035E-08  2.049225E-08
  2.129000E+03 -5.422710E-07  1.063928E-04  1.247064E-06  1.926000E-04 -1.632507E-02  2.048852E-08  2.049214E-08
  2.130000E+03  8.546428E-07  1.061858E-04  4.407433E-07  1.929577E-04 -7.340278E-03  2.048881E-08  2.049008E-08
  2.131000E+03 -1.073525E-07  1.066693E-04 -1.615860E-06  1.921022E-04 -1.088986E-02  2.049019E-08  2.049307E-08
  2.132000E+03 -7.880048E-07  1.061825E-04  7.955190E-07  1.929789E-04 -1.441757E-02  2.048886E-08  2.049173E-08
  2.133000E+03  7.168655E-07  1.063844E-04  1.027895E-06  1.926063E-04 -5.548466E-03  2.048998E-08  2.049124E-08
  2.134000E+03  2.507324E-07  1.065771E-04 -1.603977E-06  1.922744E-04 -1.442225E-02  2.048991E-08  2.049343E-08
  2.135000E+03 -9.181199E-07  1.061011E-04  1.856613E-07  1.931251E-04 -1.051044E-02  2.048965E-08  2.049157E-08
  2.136000E+03  4.573712E-07  1.065847E-04  1.473802E-06  1.922627E-04 -7.100463E-03  2.049175E-08  2.049369E-08
  2.137000E+03  5.804686E-07  1.063707E-04 -1.332733E-06  1.926609E-04 -1.570330E-02  2.049095E-08  2.049442E-08
  2.138000E+03 -9.058510E-07  1.061990E-04 -4.770668E-07  1.929587E-04 -6.861234E-03  2.049154E-08  2.049283E-08
  2.139000E+03  1.106777E-07  1.066616E-04  1.705188E-06  1.921476E-04 -1.098768E-02  2.049354E-08  2.049646E-08
  2.140000E+03  8.349007E-07  1.061804E-04 -8.310806E-07  1.930208E-04 -1.391385E-02  2.049305E-08  2.049586E-08
  2.141000E+03 -7.522796E-07  1.064159E-04 -1.098432E-06  1.925922E-04 -5.730324E-03  2.049453E-08  2.049594E-08
  2.142000E+03 -2.728631E-07  1.065656E-04  1.686270E-06  1.923423E-04 -1.478949E-02  2.049483E-08  2.049848E-08
  2.143000E+03  9.699827E-07  1.061238E-04 -1.681236E-07  1.931324E-04 -1.022079E-02  2.049489E-08  2.049683E-08
  2.144000E+03 -4.694044E-07  1.066203E-04 -1.564866E-06  1.922503E-04 -7.716673E-03  2.049719E-08  2.049938E-08
  2.145000E+03 -6.229036E-07  1.063672E-04  1.377801E-06  1.927261E-04 -1.587946E-02  2.049716E-08  2.050074E-08
  2.146000E+03  9.395437E-07  1.062463E-04  5.450957E-07  1.929277E-04 -6.708011E-03  2.049740E-08  2.049876E-08
  2.147000E+03 -9.216133E-08  1.066891E-04 -1.774925E-06  1.921495E-04 -1.177867E-02  2.049883E-08  2.050205E-08
  2.148000E+03 -8.758606E-07  1.061812E-04  8.106448E-07  1.930759E-04 -1.370282E-02  2.049911E-08  2.050192E-08
  2.149000E+03  7.485703E-07  1.064703E-04  1.182148E-06  1.925424E-04 -5.717007E-03  2.049972E-08  2.050124E-08
  2.150000E+03  3.111993E-07  1.065695E-04 -1.691832E-06  1.923837E-04 -1.534331E-02  2.049982E-08  2.050363E-08
  2.151000E+03 -9.837908E-07  1.061320E-04  9.031687E-08  1.931650E-04 -9.623078E-03  2.050004E-08  2.050188E-08
  2.152000E+03  4.285374E-07  1.066599E-04  1.623420E-06  1.922138E-04 -8.027888E-03  2.050085E-08  2.050321E-08
  2.153000E+03  6.616102E-07  1.063440E-04 -1.319162E-06  1.928074E-04 -1.608395E-02  2.050126E-08  2.050487E-08
  2.154000E+03 -9.229927E-07  1.062594E-04 -6.422588E-07  1.929340E-04 -6.260137E-03  2.050065E-08  2.050195E-08
  2.155000E+03  3.707439E-08  1.066959E-04  1.776144E-06  1.921547E-04 -1.240298E-02  2.050055E-08  2.050392E-08
  2.156000E+03  8.889389E-07  1.061552E-04 -7.113131E-07  1.931444E-04 -1.366480E-02  2.050138E-08  2.050416E-08
  2.157000E+03 -6.973297E-07  1.064882E-04 -1.245758E-06  1.925179E-04 -5.706115E-03  2.050055E-08  2.050208E-08
  2.158000E+03 -3.572263E-07  1.065505E-04  1.615647E-06  1.924207E-04 -1.582090E-02  2.049996E-08  2.050383E-08
  2.159000E+03  9.539312E-07  1.061274E-04  1.893526E-08  1.931731E-04 -9.235836E-03  2.050008E-08  2.050179E-08
  2.160000E+03 -3.553824E-07  1.066766E-04 -1.609179E-06  1.921688E-04 -8.462142E-03  2.049918E-08  2.050163E-08
  2.161000E+03 -6.733177E-07  1.063184E-04  1.179632E-06  1.928380E-04 -1.611267E-02  2.049957E-08  2.050308E-08
  2.162000E+03  8.533099E-07  1.062818E-04  7.135419E-07  1.928729E-04 -5.997026E-03  2.049851E-08  2.049972E-08
  2.163000E+03  2.827730E-08  1.066852E-04 -1.688453E-06  1.921446E-04 -1.287303E-02  2.049727E-08  2.050068E-08
  2.164000E+03 -8.609446E-07  1.061326E-04  5.671776E-07  1.931519E-04 -1.305496E-02  2.049796E-08  2.050048E-08
  2.165000E+03  6.132846E-07  1.065095E-04  1.247896E-06  1.924423E-04 -5.788204E-03  2.049659E-08  2.049811E-08
  2.166000E+03  3.864972E-07  1.065122E-04 -1.479937E-06  1.924500E-04 -1.602862E-02  2.049565E-08  2.049942E-08
  2.167000E+03 -8.883642E-07  1.061183E-04 -1.105792E-07  1.931453E-04 -8.712363E-03  2.049548E-08  2.049699E-08
  2.168000E+03  2.830799E-07  1.066714E-04  1.530615E-06  1.921326E-04 -8.888140E-03  2.049424E-08  2.049667E-08
  2.169000E+03  6.538673E-07  1.062696E-04 -1.029265E-06  1.928765E-04 -1.595201E-02  2.049431E-08  2.049763E-08
  2.170000E+03 -7.596901E-07  1.062822E-04 -7.243768E-07  1.928231E-04 -5.748584E-03  2.049333E-08  2.049438E-08
  2.171000E+03 -7.283604E-08  1.066623E-04  1.531482E-06  1.921393E-04 -1.338719E-02  2.049218E-08  2.049555E-08
  2.172000E+03  7.855383E-07  1.061051E-04 -4.313637E-07  1.931485E-04 -1.280996E-02  2.049235E-08  2.049466E-08
  2.173000E+03 -5.082743E-07  1.065189E-04 -1.163658E-06  1.923772E-04 -6.055630E-03  2.049142E-08  2.049286E-08
  2.174000E+03 -3.884440E-07  1.064845E-04  1.272361E-06  1.924543E-04 -1.627468E-02  2.049069E-08  2.049435E-08
  2.175000E+03  7.763261E-07  1.061255E-04  1.939043E-07  1.930853E-04 -8.388351E-03  2.049055E-08  2.049184E-08
  2.176000E+03 -1.916877E-07  1.066782E-04 -1.373110E-06  1.920814E-04 -9.418926E-03  2.048999E-08  2.049242E-08
  2.177000E+03 -6.108772E-07  1.062497E-04  8.192336E-07  1.928707E-04 -1.575823E-02  2.048991E-08  2.049300E-08
  2.178000E+03  6.302476E-07  1.063121E-04  7.307941E-07  1.927321E-04 -5.734888E-03  2.048943E-08  2.049036E-08
  2.179000E+03  1.339812E-07  1.066540E-04 -1.321729E-06  1.921285E-04 -1.377984E-02  2.048932E-08  2.049264E-08
  2.180000E+03 -7.038050E-07  1.061051E-04  2.498826E-07  1.931191E-04 -1.227084E-02  2.048939E-08  2.049141E-08
  2.181000E+03  3.784656E-07  1.065409E-04  1.092879E-06  1.923158E-04 -6.196032E-03  2.048910E-08  2.049049E-08
  2.182000E+03  4.105729E-07  1.064599E-04 -1.030156E-06  1.924858E-04 -1.607699E-02  2.048937E-08  2.049278E-08
  2.183000E+03 -6.580512E-07  1.061386E-04 -3.181573E-07  1.930524E-04 -7.641332E-03  2.048971E-08  2.049073E-08
  2.184000E+03  7.684916E-08  1.066814E-04  1.218867E-06  1.920730E-04 -9.550378E-03  2.048968E-08  2.049201E-08
  2.185000E+03  5.823908E-07  1.062237E-04 -5.717532E-07  1.929187E-04 -1.504782E-02  2.049023E-08  2.049296E-08
  2.186000E+03 -4.883456E-07  1.063398E-04 -7.708020E-07  1.926915E-04 -5.145897E-03  2.049050E-08  2.049127E-08
  2.187000E+03 -2.121849E-07  1.066382E-04  1.091905E-06  1.921738E-04 -1.379835E-02  2.049112E-08  2.049424E-08
  2.188000E+03  6.199292E-07  1.060991E-04 -4.668822E-08  1.931519E-04 -1.120803E-02  2.049195E-08  2.049360E-08
  2.189000E+03 -2.357666E-07  1.065796E-04 -1.015370E-06  1.922733E-04 -6.232681E-03  2.049200E-08  2.049336E-08
  2.190000E+03 -4.271312E-07  1.064394E-04  7.573569E-07  1.925564E-04 -1.607820E-02  2.049294E-08  2.049617E-08
  2.191000E+03  5.215910E-07  1.061728E-04  4.398869E-07  1.930310E-04 -7.022140E-03  2.049415E-08  2.049495E-08
  2.192000E+03  3.998256E-08  1.067096E-04 -1.023754E-06  1.920649E-04 -1.027644E-02  2.049409E-08  2.049651E-08
  2.193000E+03 -5.322880E-07  1.062177E-04  3.084172E-07  1.929761E-04 -1.490179E-02  2.049520E-08  2.049777E-08
  2.194000E+03  3.360095E-07  1.063901E-04  7.802771E-07  1.926536E-04 -5.228321E-03  2.049616E-08  2.049688E-08
  2.195000E+03  2.749288E-07  1.066393E-04 -8.459373E-07  1.922234E-04 -1.459513E-02  2.049639E-08  2.049960E-08
  2.196000E+03 -5.276037E-07  1.061076E-04 -1.436439E-07  1.931924E-04 -1.101231E-02  2.049794E-08  2.049947E-08
  2.197000E+03  1.089627E-07  1.066181E-04  9.349320E-07  1.922583E-04 -6.753414E-03  2.049775E-08  2.049916E-08
  2.198000E+03  4.347646E-07  1.064252E-04 -5.273367E-07  1.926328E-04 -1.651390E-02  2.049819E-08  2.050144E-08
  2.199000E+03 -4.266000E-07  1.061915E-04 -5.304745E-07  1.930505E-04 -6.782645E-03  2.049986E-08  2.050058E-08
  2.200000E+03 -1.201175E-07  1.067263E-04  9.098485E-07  1.920829E-04 -1.082760E-02  2.049910E-08  2.050161E-08
  2.201000E+03  5.082352E-07  1.062015E-04 -1.520697E-07  1.930510E-04 -1.475874E-02  2.050008E-08  2.050255E-08
  2.202000E+03 -2.641841E-07  1.064213E-04 -7.930202E-07  1.926391E-04 -5.000790E-03  2.050065E-08  2.050134E-08
  2.203000E+03 -3.044289E-07  1.066428E-04  7.397141E-07  1.922511E-04 -1.499209E-02  2.049989E-08  2.050318E-08
  2.204000E+03  4.922758E-07  1.061146E-04  2.191880E-07  1.932130E-04 -1.050366E-02  2.050159E-08  2.050298E-08
  2.205000E+03 -6.944783E-08  1.066583E-04 -9.049607E-07  1.922136E-04 -6.883157E-03  2.050068E-08  2.050220E-08
  2.206000E+03 -4.305420E-07  1.064176E-04  4.636666E-07  1.926645E-04 -1.667817E-02  2.050005E-08  2.050331E-08
  2.207000E+03  4.007892E-07  1.062168E-04  5.313045E-07  1.930179E-04 -6.390596E-03  2.050133E-08  2.050197E-08
  2.208000E+03  1.171785E-07  1.067434E-04 -8.686882E-07  1.920625E-04 -1.131923E-02  2.050008E-08  2.050273E-08
  2.209000E+03 -4.823093E-07  1.061825E-04  1.494020E-07  1.930880E-04 -1.456228E-02  2.050040E-08  2.050279E-08
  2.210000E+03  2.628900E-07  1.064479E-04  7.442619E-07  1.925844E-04 -5.046583E-03  2.049993E-08  2.050066E-08
  2.211000E+03  2.721065E-07  1.066208E-04 -7.222821E-07  1.922797E-04 -1.555443E-02  2.049854E-08  2.050192E-08
  2.212000E+03 -4.684479E-07  1.061034E-04 -1.632304E-07  1.932172E-04 -1.006994E-02  2.049997E-08  2.050124E-08
  2.213000E+03  1.008581E-07  1.066642E-04  8.393512E-07  1.921843E-04 -7.314146E-03  2.049863E-08  2.050022E-08
  2.214000E+03  3.801889E-07  1.063707E-04 -4.919805E-07  1.927220E-04 -1.658610E-02  2.049716E-08  2.050031E-08
  2.215000E+03 -3.931616E-07  1.062303E-04 -4.394095E-07  1.929598E-04 -5.972921E-03  2.049782E-08  2.049839E-08
  2.216000E+03 -6.561606E-08  1.067256E-04  8.227303E-07  1.920626E-04 -1.185326E-02  2.049656E-08  2.049927E-08
  2.217000E+03  4.361456E-07  1.061544E-04 -2.183636E-07  1.930966E-04 -1.394239E-02  2.049606E-08  2.049824E-08
  2.218000E+03 -2.809915E-07  1.064721E-04 -6.437569E-07  1.924974E-04 -5.150612E-03  2.049533E-08  2.049612E-08
  2.219000E+03 -2.102902E-07  1.065824E-04  7.183950E-07  1.923092E-04 -1.563758E-02  2.049428E-08  2.049756E-08
  2.220000E+03  4.407240E-07  1.061109E-04  6.482205E-08  1.931529E-04 -9.322171E-03  2.049473E-08  2.049581E-08
  2.221000E+03 -1.437676E-07  1.066729E-04 -7.616231E-07  1.921231E-04 -8.031876E-03  2.049367E-08  2.049543E-08
  2.222000E+03 -3.239522E-07  1.063314E-04  5.436674E-07  1.927461E-04 -1.634395E-02  2.049223E-08  2.049524E-08
  2.223000E+03  3.984556E-07  1.062578E-04  3.302613E-07  1.928614E-04 -5.891995E-03  2.049266E-08  2.049323E-08
  2.224000E+03  7.814590E-09  1.066951E-04 -7.997444E-07  1.920765E-04 -1.264330E-02  2.049198E-08  2.049480E-08
  2.225000E+03 -4.039811E-07  1.061272E-04  3.032863E-07  1.930973E-04 -1.347734E-02  2.049101E-08  2.049305E-08
  2.226000E+03  3.100900E-07  1.064904E-04  5.716473E-07  1.924234E-04 -5.689416E-03  2.049093E-08  2.049183E-08
  2.227000E+03  1.671518E-07  1.065312E-04 -7.464528E-07  1.923690E-04 -1.607126E-02  2.049065E-08  2.049396E-08
  2.228000E+03 -4.407966E-07  1.061085E-04  9.506297E-09  1.931173E-04 -8.978746E-03  2.049057E-08  2.049159E-08
  2.229000E+03  1.779995E-07  1.066673E-04  7.466236E-07  1.921045E-04 -8.890549E-03  2.049045E-08  2.049237E-08
  2.230000E+03  3.055001E-07  1.062815E-04 -5.944981E-07  1.928122E-04 -1.619930E-02  2.048968E-08  2.049261E-08
  2.231000E+03 -4.156911E-07  1.062682E-04 -2.858745E-07  1.928186E-04 -5.631108E-03  2.049017E-08  2.049071E-08
  2.232000E+03  1.879260E-08  1.066659E-04  8.161417E-07  1.921159E-04 -1.309488E-02  2.049047E-08  2.049332E-08
  2.233000E+03  4.042701E-07  1.060968E-04 -3.498808E-07  1.931382E-04 -1.264119E-02  2.048972E-08  2.049156E-08
  2.234000E+03 -3.307307E-07  1.065087E-04 -5.527333E-07  1.923859E-04 -5.601858E-03  2.049044E-08  2.049139E-08
  2.235000E+03 -1.497599E-07  1.064877E-04  7.707494E-07  1.924496E-04 -1.603782E-02  2.049088E-08  2.049408E-08
  2.236000E+03  4.430146E-07  1.061053E-04 -4.169306E-08  1.931252E-04 -7.940567E-03  2.049096E-08  2.049179E-08
  2.237000E+03 -1.919177E-07  1.066751E-04 -7.339115E-07  1.921048E-04 -9.011414E-03  2.049196E-08  2.049391E-08
  2.238000E+03 -2.966880E-07  1.062406E-04  6.061951E-07  1.929040E-04 -1.562970E-02  2.049174E-08  2.049445E-08
  2.239000E+03  4.164269E-07  1.062991E-04  2.783873E-07  1.927841E-04 -5.055615E-03  2.049253E-08  2.049303E-08
  2.240000E+03 -2.289030E-08  1.066604E-04 -8.101665E-07  1.921574E-04 -1.366307E-02  2.049367E-08  2.049663E-08
  2.241000E+03 -4.019218E-07  1.060851E-04  3.509137E-07  1.931941E-04 -1.208995E-02  2.049353E-08  2.049523E-08
  2.242000E+03  3.320819E-07  1.065538E-04  5.573763E-07  1.923440E-04 -5.839964E-03  2.049464E-08  2.049570E-08
  2.243000E+03  1.505633E-07  1.064736E-04 -7.755439E-07  1.925177E-04 -1.668107E-02  2.049521E-08  2.049856E-08
  2.244000E+03 -4.459705E-07  1.061254E-04  2.918365E-08  1.931338E-04 -7.485275E-03  2.049582E-08  2.049659E-08
  2.245000E+03  1.861855E-07  1.067225E-04  7.477524E-07  1.920678E-04 -9.650137E-03  2.049700E-08  2.049921E-08
  2.246000E+03  3.061332E-07  1.062337E-04 -5.944386E-07  1.929669E-04 -1.594303E-02  2.049697E-08  2.049977E-08
  2.247000E+03 -4.127016E-07  1.063407E-04 -3.126144E-07  1.927583E-04 -4.776813E-03  2.049782E-08  2.049833E-08
  2.248000E+03  2.195675E-09  1.066919E-04  8.173281E-07  1.921503E-04 -1.437350E-02  2.049875E-08  2.050198E-08
  2.249000E+03  4.131562E-07  1.060853E-04 -3.071669E-07  1.932455E-04 -1.195399E-02  2.049905E-08  2.050073E-08
  2.250000E+03 -3.082714E-07  1.065990E-04 -6.061094E-07  1.923098E-04 -5.704832E-03  2.049970E-08  2.050085E-08
  2.251000E+03 -1.860701E-07  1.064789E-04  7.467265E-07  1.925534E-04 -1.706668E-02  2.049988E-08  2.050335E-08
  2.252000E+03  4.479609E-07  1.061323E-04  4.578640E-08  1.931647E-04 -7.129784E-03  2.050050E-08  2.050121E-08
  2.253000E+03 -1.445119E-07  1.067454E-04 -7.867097E-07  1.920607E-04 -9.866282E-03  2.050060E-08  2.050291E-08
  2.254000E+03 -3.403254E-07  1.062175E-04  5.327818E-07  1.930307E-04 -1.606030E-02  2.050060E-08  2.050343E-08
  2.255000E+03  3.894361E-07  1.063519E-04  3.999291E-07  1.927672E-04 -4.645272E-03  2.050094E-08  2.050144E-08
  2.256000E+03  5.358431E-08  1.066902E-04 -8.073763E-07  1.921728E-04 -1.487654E-02  2.050068E-08  2.050403E-08
  2.257000E+03 -4.260815E-07  1.060696E-04  2.016920E-07  1.932907E-04 -1.185174E-02  2.050084E-08  2.050250E-08
  2.258000E+03  2.503325E-07  1.066129E-04  6.686320E-07  1.922938E-04 -5.822956E-03  2.050066E-08  2.050184E-08
  2.259000E+03  2.404608E-07  1.064649E-04 -6.630409E-07  1.925835E-04 -1.732234E-02  2.050031E-08  2.050383E-08
  2.260000E+03 -4.155945E-07  1.061393E-04 -1.755907E-07  1.931514E-04 -6.901797E-03  2.050048E-08  2.050114E-08
  2.261000E+03  6.081438E-08  1.067564E-04  7.804166E-07  1.920319E-04 -1.029722E-02  2.049954E-08  2.050198E-08
  2.262000E+03  3.690513E-07  1.062015E-04 -3.881589E-07  1.930483E-04 -1.591115E-02  2.049942E-08  2.050218E-08
  2.263000E+03 -3.197080E-07  1.063706E-04 -5.018745E-07  1.927168E-04 -4.478002E-03  2.049919E-08  2.049968E-08
  2.264000E+03 -1.334458E-07  1.066747E-04  7.314728E-07  1.921781E-04 -1.508761E-02  2.049821E-08  2.050157E-08
  2.265000E+03  4.142218E-07  1.060605E-04 -4.251671E-08  1.932799E-04 -1.132117E-02  2.049805E-08  2.049957E-08
  2.266000E+03 -1.630446E-07  1.066227E-04 -6.993263E-07  1.922450E-04 -6.113390E-03  2.049729E-08  2.049855E-08
  2.267000E+03 -2.896798E-07  1.064250E-04  5.324322E-07  1.926214E-04 -1.732062E-02  2.049667E-08  2.050011E-08
  2.268000E+03  3.610819E-07  1.061382E-04  3.040341E-07  1.931142E-04 -6.504692E-03  2.049636E-08  2.049695E-08
  2.269000E+03  2.675988E-08  1.067376E-04 -7.249617E-07  1.920269E-04 -1.076897E-02  2.049530E-08  2.049778E-08
  2.270000E+03 -3.724920E-07  1.061619E-04  2.197091E-07  1.930782E-04 -1.557627E-02  2.049506E-08  2.049769E-08
  2.271000E+03  2.256055E-07  1.063806E-04  5.681617E-07  1.926528E-04 -4.520052E-03  2.049431E-08  2.049482E-08
  2.272000E+03  2.072974E-07  1.066426E-04 -5.870649E-07  1.921937E-04 -1.559602E-02  2.049353E-08  2.049696E-08
  2.273000E+03 -3.671482E-07  1.060473E-04 -1.380506E-07  1.932597E-04 -1.093380E-02  2.049344E-08  2.049484E-08
  2.274000E+03  4.589320E-08  1.066362E-04  6.837355E-07  1.921758E-04 -6.515687E-03  2.049246E-08  2.049383E-08
  2.275000E+03  3.341634E-07  1.063990E-04 -3.281434E-07  1.926296E-04 -1.742036E-02  2.049250E-08  2.049593E-08
  2.276000E+03 -2.730439E-07  1.061540E-04 -4.524620E-07  1.930448E-04 -6.252236E-03  2.049208E-08  2.049261E-08
  2.277000E+03 -1.424059E-07  1.067408E-04  6.319860E-07  1.919841E-04 -1.123953E-02  2.049125E-08  2.049387E-08
  2.278000E+03  3.779418E-07  1.061546E-04  8.390007E-09  1.930590E-04 -1.537538E-02  2.049168E-08  2.049423E-08
  2.279000E+03 -1.131539E-07  1.064040E-04 -6.565175E-07  1.925793E-04 -4.576733E-03  2.049099E-08  2.049155E-08
  2.280000E+03 -3.027732E-07  1.066353E-04  4.350249E-07  1.921822E-04 -1.572411E-02  2.049087E-08  2.049434E-08
  2.281000E+03  3.323594E-07  1.060514E-04  3.529968E-07  1.932296E-04 -1.048863E-02  2.049114E-08  2.049245E-08
  2.282000E+03  7.986875E-08  1.066422E-04 -7.032831E-07  1.921451E-04 -6.505006E-03  2.049033E-08  2.049175E-08
  2.283000E+03 -3.970244E-07  1.063817E-04  1.204058E-07  1.926502E-04 -1.702062E-02  2.049149E-08  2.049476E-08
  2.284000E+03  1.971445E-07  1.061655E-04  6.328579E-07  1.930153E-04 -5.732150E-03  2.049123E-08  2.049171E-08
  2.285000E+03  2.686924E-07  1.067310E-04 -5.695797E-07  1.919968E-04 -1.115365E-02  2.049074E-08  2.049333E-08
  2.286000E+03 -3.970417E-07  1.061421E-04 -2.484204E-07  1.930857E-04 -1.456459E-02  2.049235E-08  2.049469E-08
  2.287000E+03  6.553574E-10  1.064230E-04  7.660817E-07  1.925533E-04 -4.204549E-03  2.049191E-08  2.049250E-08
  2.288000E+03  4.027405E-07  1.066130E-04 -2.769886E-07  1.922350E-04 -1.547145E-02  2.049231E-08  2.049564E-08
  2.289000E+03 -2.885408E-07  1.060690E-04 -5.852255E-07  1.932161E-04 -9.732936E-03  2.049325E-08  2.049443E-08
  2.290000E+03 -2.165660E-07  1.066612E-04  7.035731E-07  1.921340E-04 -6.811313E-03  2.049278E-08  2.049432E-08
  2.291000E+03  4.517276E-07  1.063697E-04  1.178003E-07  1.926988E-04 -1.673140E-02  2.049445E-08  2.049764E-08
  2.292000E+03 -9.685592E-08  1.062125E-04 -8.114365E-07  1.929638E-04 -5.650799E-03  2.049485E-08  2.049537E-08
  2.293000E+03 -3.958575E-07  1.067341E-04  4.583821E-07  1.920281E-04 -1.183288E-02  2.049451E-08  2.049729E-08
  2.294000E+03  3.919013E-07  1.061496E-04  5.008392E-07  1.931114E-04 -1.423072E-02  2.049662E-08  2.049891E-08
  2.295000E+03  1.242726E-07  1.064646E-04 -8.464951E-07  1.925206E-04 -4.820213E-03  2.049639E-08  2.049714E-08
  2.296000E+03 -4.904887E-07  1.065952E-04  9.622236E-08  1.923099E-04 -1.593028E-02  2.049672E-08  2.050016E-08
  2.297000E+03  2.355931E-07  1.060988E-04  7.863324E-07  1.932098E-04 -9.559731E-03  2.049839E-08  2.049957E-08
  2.298000E+03  3.277271E-07  1.066744E-04 -6.860455E-07  1.921566E-04 -7.619393E-03  2.049760E-08  2.049931E-08
  2.299000E+03 -4.837603E-07  1.063523E-04 -2.997367E-07  1.927718E-04 -1.661870E-02  2.049890E-08  2.050206E-08
  2.300000E+03  2.705262E-08  1.062476E-04  9.218571E-07  1.929459E-04 -5.750599E-03  2.049970E-08  2.050029E-08
  2.301000E+03  4.668158E-07  1.067180E-04 -3.787619E-07  1.920997E-04 -1.221239E-02  2.049897E-08  2.050176E-08
  2.302000E+03 -3.726331E-07  1.061620E-04 -6.353014E-07  1.931253E-04 -1.368807E-02  2.050065E-08  2.050281E-08
  2.303000E+03 -1.882421E-07  1.064937E-04  8.519294E-07  1.925038E-04 -5.215546E-03  2.050017E-08  2.050103E-08
  2.304000E+03  5.092380E-07  1.065791E-04  8.082291E-09  1.923701E-04 -1.570395E-02  2.050011E-08  2.050342E-08
  2.305000E+03 -1.886805E-07  1.061453E-04 -8.441841E-07  1.931540E-04 -9.205596E-03  2.050151E-08  2.050261E-08
  2.306000E+03 -3.623520E-07  1.066858E-04  6.171057E-07  1.921602E-04 -8.267123E-03  2.050006E-08  2.050189E-08
  2.307000E+03  4.501175E-07  1.063459E-04  3.803132E-07  1.927994E-04 -1.607054E-02  2.050078E-08  2.050374E-08
  2.308000E+03  2.860727E-08  1.062937E-04 -8.794220E-07  1.928758E-04 -5.886610E-03  2.050113E-08  2.050174E-08
  2.309000E+03 -4.549361E-07  1.066944E-04  2.657848E-07  1.921503E-04 -1.273583E-02  2.049971E-08  2.050251E-08
  2.310000E+03  3.058387E-07  1.061655E-04  6.508489E-07  1.931176E-04 -1.302042E-02  2.050069E-08  2.050263E-08
  2.311000E+03  2.206924E-07  1.065222E-04 -7.392107E-07  1.924505E-04 -5.954063E-03  2.049989E-08  2.050086E-08
  2.312000E+03 -4.526327E-07  1.065262E-04 -1.054812E-07  1.924592E-04 -1.584850E-02  2.049938E-08  2.050255E-08
  2.313000E+03  1.134289E-07  1.061617E-04  7.813452E-07  1.931060E-04 -8.564354E-03  2.049972E-08  2.050065E-08
  2.314000E+03  3.565616E-07  1.066788E-04 -4.686795E-07  1.921565E-04 -9.137292E-03  2.049817E-08  2.050010E-08
  2.315000E+03 -3.682770E-07  1.062940E-04 -4.217348E-07  1.928706E-04 -1.541330E-02  2.049854E-08  2.050119E-08
  2.316000E+03 -8.384316E-08  1.063375E-04  7.584209E-07  1.927688E-04 -5.674595E-03  2.049823E-08  2.049881E-08
  2.317000E+03  4.094872E-07  1.066575E-04 -1.291331E-07  1.921910E-04 -1.347589E-02  2.049675E-08  2.049959E-08
  2.318000E+03 -2.184857E-07  1.061464E-04 -6.239470E-07  1.931130E-04 -1.192768E-02  2.049680E-08  2.049841E-08
  2.319000E+03 -2.435441E-07  1.065645E-04  5.881790E-07  1.923400E-04 -6.338892E-03  2.049620E-08  2.049731E-08
  2.320000E+03  3.795133E-07  1.064705E-04  1.923250E-07  1.925252E-04 -1.597246E-02  2.049565E-08  2.049871E-08
  2.321000E+03 -4.087314E-08  1.061859E-04 -6.897129E-07  1.930174E-04 -7.708799E-03  2.049512E-08  2.049586E-08
  2.322000E+03 -3.376509E-07  1.066904E-04  3.189596E-07  1.920985E-04 -1.022454E-02  2.049399E-08  2.049617E-08
  2.323000E+03  2.814414E-07  1.062387E-04  4.379839E-07  1.929284E-04 -1.503799E-02  2.049414E-08  2.049660E-08
  2.324000E+03  1.226030E-07  1.063788E-04 -6.215007E-07  1.926538E-04 -5.552324E-03  2.049397E-08  2.049456E-08
  2.325000E+03 -3.586166E-07  1.066198E-04  2.498092E-08  1.922254E-04 -1.459205E-02  2.049286E-08  2.049589E-08
  2.326000E+03  1.465584E-07  1.061126E-04  5.749780E-07  1.931315E-04 -1.117472E-02  2.049241E-08  2.049381E-08
  2.327000E+03  2.437930E-07  1.065971E-04 -4.580045E-07  1.922472E-04 -7.030647E-03  2.049250E-08  2.049379E-08
  2.328000E+03 -3.178924E-07  1.064060E-04 -2.318293E-07  1.926134E-04 -1.652807E-02  2.049243E-08  2.049554E-08
  2.329000E+03 -1.027795E-09  1.061897E-04  6.047547E-07  1.929791E-04 -7.056923E-03  2.049188E-08  2.049249E-08
  2.330000E+03  3.117792E-07  1.066881E-04 -2.203823E-07  1.920814E-04 -1.123959E-02  2.049150E-08  2.049388E-08
  2.331000E+03 -2.246902E-07  1.061733E-04 -4.299585E-07  1.930212E-04 -1.463575E-02  2.049151E-08  2.049380E-08
  2.332000E+03 -1.388649E-07  1.064068E-04  5.287029E-07  1.925848E-04 -5.082791E-03  2.049206E-08  2.049263E-08
  2.333000E+03  3.208279E-07  1.065834E-04  3.285958E-08  1.922817E-04 -1.513898E-02  2.049168E-08  2.049475E-08
  2.334000E+03 -1.018986E-07  1.060814E-04 -5.376324E-07  1.931745E-04 -1.006935E-02  2.049119E-08  2.049234E-08
  2.335000E+03 -2.404125E-07  1.066241E-04  3.690854E-07  1.921944E-04 -7.056028E-03  2.049204E-08  2.049340E-08
  2.336000E+03  2.779518E-07  1.063480E-04  2.592915E-07  1.927163E-04 -1.640828E-02  2.049224E-08  2.049520E-08
  2.337000E+03  3.127947E-08  1.061963E-04 -5.581336E-07  1.929702E-04 -5.842084E-03  2.049238E-08  2.049282E-08
  2.338000E+03 -2.949645E-07  1.066952E-04  1.541393E-07  1.920822E-04 -1.162076E-02  2.049287E-08  2.049534E-08
  2.339000E+03  1.933374E-07  1.061305E-04  4.246893E-07  1.931087E-04 -1.406604E-02  2.049269E-08  2.049481E-08
  2.340000E+03  1.498221E-07  1.064460E-04 -4.883147E-07  1.925327E-04 -4.748277E-03  2.049410E-08  2.049470E-08
  2.341000E+03 -2.997646E-07  1.065667E-04 -6.899907E-08  1.923380E-04 -1.577078E-02  2.049428E-08  2.049747E-08
  2.342000E+03  8.083556E-08  1.060801E-04  5.179124E-07  1.932013E-04 -9.545616E-03  2.049389E-08  2.049493E-08
  2.343000E+03  2.378789E-07  1.066655E-04 -3.324587E-07  1.921526E-04 -7.652392E-03  2.049545E-08  2.049701E-08
  2.344000E+03 -2.603400E-07  1.063268E-04 -2.674901E-07  1.927858E-04 -1.669129E-02  2.049544E-08  2.049845E-08
  2.345000E+03 -3.929811E-08  1.062377E-04  5.404068E-07  1.929305E-04 -5.637569E-03  2.049616E-08  2.049658E-08
  2.346000E+03  2.874781E-07  1.067171E-04 -1.363521E-07  1.920826E-04 -1.238679E-02  2.049693E-08  2.049963E-08
  2.347000E+03 -1.825796E-07  1.061346E-04 -4.192309E-07  1.931372E-04 -1.389235E-02  2.049657E-08  2.049863E-08
  2.348000E+03 -1.493643E-07  1.064927E-04  4.722967E-07  1.924898E-04 -4.996430E-03  2.049850E-08  2.049919E-08
  2.349000E+03  2.888295E-07  1.065669E-04  7.282722E-08  1.923769E-04 -1.608049E-02  2.049836E-08  2.050162E-08
  2.350000E+03 -7.709856E-08  1.061086E-04 -5.035599E-07  1.931897E-04 -9.196147E-03  2.049822E-08  2.049918E-08
  2.351000E+03 -2.319189E-07  1.066859E-04  3.313105E-07  1.921548E-04 -8.060223E-03  2.049955E-08  2.050120E-08
  2.352000E+03  2.528373E-07  1.063177E-04  2.586179E-07  1.928356E-04 -1.642297E-02  2.049907E-08  2.050197E-08
  2.353000E+03  3.667450E-08  1.062709E-04 -5.235686E-07  1.929067E-04 -5.636951E-03  2.050005E-08  2.050048E-08
  2.354000E+03 -2.817276E-07  1.066978E-04  1.433678E-07  1.921462E-04 -1.287270E-02  2.049987E-08  2.050258E-08
  2.355000E+03  1.812421E-07  1.061335E-04  4.150282E-07  1.931640E-04 -1.338564E-02  2.049932E-08  2.050125E-08
  2.356000E+03  1.493816E-07  1.065162E-04 -4.777197E-07  1.924708E-04 -5.652754E-03  2.050092E-08  2.050173E-08
  2.357000E+03 -2.997521E-07  1.065253E-04 -6.871192E-08  1.924674E-04 -1.620905E-02  2.049995E-08  2.050313E-08
  2.358000E+03  8.254922E-08  1.061357E-04  5.290437E-07  1.931558E-04 -8.719422E-03  2.049995E-08  2.050083E-08
  2.359000E+03  2.499243E-07  1.066901E-04 -3.548148E-07  1.921560E-04 -8.984318E-03  2.050032E-08  2.050215E-08
  2.360000E+03 -2.735877E-07  1.062841E-04 -2.870560E-07  1.928969E-04 -1.595491E-02  2.049927E-08  2.050200E-08
  2.361000E+03 -4.259887E-08  1.063238E-04  5.749921E-07  1.928130E-04 -5.585292E-03  2.050029E-08  2.050077E-08
  2.362000E+03  3.163944E-07  1.066750E-04 -1.555204E-07  1.921811E-04 -1.366379E-02  2.049901E-08  2.050189E-08
  2.363000E+03 -2.014303E-07  1.061222E-04 -4.730905E-07  1.931728E-04 -1.240742E-02  2.049833E-08  2.050002E-08
  2.364000E+03 -1.728392E-07  1.065587E-04  5.291744E-07  1.923812E-04 -5.983929E-03  2.049952E-08  2.050050E-08
  2.365000E+03  3.376605E-07  1.064736E-04  8.580971E-08  1.925408E-04 -1.641447E-02  2.049775E-08  2.050092E-08
  2.366000E+03 -8.630873E-08  1.061498E-04 -6.001376E-07  1.931086E-04 -7.828910E-03  2.049781E-08  2.049855E-08
  2.367000E+03 -2.846124E-07  1.066959E-04  3.770688E-07  1.921207E-04 -9.839352E-03  2.049749E-08  2.049956E-08
  2.368000E+03  3.032862E-07  1.062243E-04  3.356215E-07  1.929767E-04 -1.555040E-02  2.049634E-08  2.049894E-08
  2.369000E+03  6.202832E-08  1.063498E-04 -6.429487E-07  1.927360E-04 -5.221127E-03  2.049715E-08  2.049765E-08
  2.370000E+03 -3.636739E-07  1.066391E-04  1.387901E-07  1.922133E-04 -1.444886E-02  2.049531E-08  2.049835E-08
  2.371000E+03  2.131307E-07  1.060946E-04  5.645816E-07  1.931910E-04 -1.167792E-02  2.049512E-08  2.049667E-08
  2.372000E+03  2.184803E-07  1.065877E-04 -5.837355E-07  1.922956E-04 -6.504640E-03  2.049592E-08  2.049711E-08
  2.373000E+03 -3.903079E-07  1.064218E-04 -1.485348E-07  1.925994E-04 -1.677502E-02  2.049389E-08  2.049714E-08
  2.374000E+03  7.580423E-08  1.061682E-04  7.179995E-07  1.930424E-04 -7.182999E-03  2.049443E-08  2.049511E-08
  2.375000E+03  3.528917E-07  1.067066E-04 -4.042728E-07  1.920691E-04 -1.069052E-02  2.049388E-08  2.049625E-08
  2.376000E+03 -3.476236E-07  1.061919E-04 -4.450041E-07  1.930057E-04 -1.523713E-02  2.049327E-08  2.049581E-08
  2.377000E+03 -9.600103E-08  1.063955E-04  7.596472E-07  1.926245E-04 -5.106148E-03  2.049412E-08  2.049474E-08
  2.378000E+03  4.392127E-07  1.066213E-04 -1.277462E-07  1.922172E-04 -1.514349E-02  2.049209E-08  2.049536E-08
  2.379000E+03 -2.380361E-07  1.060963E-04 -6.941057E-07  1.931676E-04 -1.093618E-02  2.049315E-08  2.049458E-08
  2.380000E+03 -2.695075E-07  1.066275E-04  6.696242E-07  1.922020E-04 -6.934257E-03  2.049353E-08  2.049498E-08
  2.381000E+03  4.568820E-07  1.063812E-04  2.029081E-07  1.926511E-04 -1.668739E-02  2.049161E-08  2.049483E-08
  2.382000E+03 -7.743329E-08  1.061962E-04 -8.479084E-07  1.929798E-04 -6.315150E-03  2.049332E-08  2.049393E-08
  2.383000E+03 -4.181432E-07  1.067049E-04  4.557130E-07  1.920594E-04 -1.115400E-02  2.049240E-08  2.049493E-08
  2.384000E+03  4.018347E-07  1.061582E-04  5.375919E-07  1.930563E-04 -1.433009E-02  2.049241E-08  2.049474E-08
  2.385000E+03  1.186585E-07  1.064342E-04 -8.854960E-07  1.925508E-04 -4.670155E-03  2.049377E-08  2.049448E-08
  2.386000E+03 -5.134729E-07  1.065877E-04  1.294992E-07  1.922769E-04 -1.525911E-02  2.049197E-08  2.049524E-08
  2.387000E+03  2.677914E-07  1.060899E-04  8.241818E-07  1.931839E-04 -9.655839E-03  2.049391E-08  2.049514E-08
  2.388000E+03  3.255565E-07  1.066585E-04 -7.671502E-07  1.921500E-04 -6.983909E-03  2.049392E-08  2.049554E-08
  2.389000E+03 -5.313311E-07  1.063440E-04 -2.735372E-07  1.927286E-04 -1.650991E-02  2.049273E-08  2.049591E-08
  2.390000E+03  6.965866E-08  1.062289E-04  1.005365E-06  1.929387E-04 -5.484906E-03  2.049537E-08  2.049597E-08
  2.391000E+03  5.010611E-07  1.067247E-04 -4.963742E-07  1.920405E-04 -1.193231E-02  2.049400E-08  2.049686E-08
  2.392000E+03 -4.565265E-07  1.061320E-04 -6.694278E-07  1.931233E-04 -1.396644E-02  2.049456E-08  2.049688E-08
  2.393000E+03 -1.625777E-07  1.064967E-04  1.025489E-06  1.924627E-04 -4.619531E-03  2.049642E-08  2.049732E-08
  2.394000E+03  5.950601E-07  1.065762E-04 -1.017870E-07  1.923273E-04 -1.630559E-02  2.049479E-08  2.049841E-08
  2.395000E+03 -2.881015E-07  1.060868E-04 -9.705096E-07  1.932175E-04 -9.018793E-03  2.049699E-08  2.049819E-08
  2.396000E+03 -3.886845E-07  1.067131E-04  8.541176E-07  1.920793E-04 -7.829279E-03  2.049676E-08  2.049877E-08
  2.397000E+03  5.892015E-07  1.063010E-04  3.488646E-07  1.928410E-04 -1.705393E-02  2.049621E-08  2.049959E-08
  2.398000E+03 -5.599862E-08  1.062608E-04 -1.124446E-06  1.929128E-04 -4.883810E-03  2.049883E-08  2.049945E-08
  2.399000E+03 -5.568413E-07  1.067419E-04  5.137882E-07  1.920396E-04 -1.310774E-02  2.049690E-08  2.050016E-08
  2.400000E+03  4.812998E-07  1.060866E-04  7.536119E-07  1.932351E-04 -1.359341E-02  2.049776E-08  2.050005E-08
  2.401000E+03  1.986706E-07  1.065482E-04 -1.085462E-06  1.923965E-04 -4.362643E-03  2.049930E-08  2.050034E-08
  2.402000E+03 -6.287519E-07  1.065585E-04  5.347168E-08  1.923898E-04 -1.711899E-02  2.049776E-08  2.050162E-08
  2.403000E+03  2.723880E-07  1.060833E-04  1.038791E-06  1.932493E-04 -8.071398E-03  2.049986E-08  2.050093E-08
  2.404000E+03  4.272363E-07  1.067672E-04 -8.399167E-07  1.920043E-04 -8.207051E-03  2.049907E-08  2.050135E-08
  2.405000E+03 -5.863243E-07  1.062713E-04 -4.276741E-07  1.929184E-04 -1.718572E-02  2.049867E-08  2.050208E-08
  2.406000E+03  9.257746E-09  1.063040E-04  1.138937E-06  1.928496E-04 -4.172225E-03  2.050050E-08  2.050109E-08
  2.407000E+03  5.805471E-07  1.067650E-04 -4.241932E-07  1.920143E-04 -1.401326E-02  2.049839E-08  2.050198E-08
  2.408000E+03 -4.315940E-07  1.060569E-04 -8.302918E-07  1.933024E-04 -1.305900E-02  2.049930E-08  2.050147E-08
  2.409000E+03 -2.576903E-07  1.066023E-04  1.021289E-06  1.923030E-04 -4.331324E-03  2.049976E-08  2.050093E-08
  2.410000E+03  6.152499E-07  1.065332E-04  7.502922E-08  1.924434E-04 -1.796377E-02  2.049830E-08  2.050238E-08
  2.411000E+03 -1.953109E-07  1.060729E-04 -1.057366E-06  1.932664E-04 -7.301258E-03  2.049979E-08  2.050073E-08
  2.412000E+03 -4.667620E-07  1.068018E-04  7.069762E-07  1.919380E-04 -8.893775E-03  2.049852E-08  2.050106E-08
  2.413000E+03  5.272122E-07  1.062130E-04  5.406209E-07  1.930208E-04 -1.735359E-02  2.049823E-08  2.050165E-08
  2.414000E+03  7.109187E-08  1.063173E-04 -1.075303E-06  1.928100E-04 -3.385176E-03  2.049891E-08  2.049942E-08
  2.415000E+03 -5.789827E-07  1.067684E-04  2.623879E-07  1.919988E-04 -1.477231E-02  2.049716E-08  2.050096E-08
  2.416000E+03  3.467932E-07  1.060150E-04  8.804370E-07  1.933629E-04 -1.257060E-02  2.049774E-08  2.049979E-08
  2.417000E+03  3.174493E-07  1.066382E-04 -8.969335E-07  1.922167E-04 -4.082124E-03  2.049747E-08  2.049872E-08
  2.418000E+03 -5.732622E-07  1.065121E-04 -2.166320E-07  1.924658E-04 -1.848564E-02  2.049643E-08  2.050063E-08
  2.419000E+03  1.075474E-07  1.060579E-04  1.038473E-06  1.932653E-04 -6.468235E-03  2.049689E-08  2.049768E-08
  2.420000E+03  4.879508E-07  1.068359E-04 -5.499073E-07  1.918520E-04 -9.057126E-03  2.049585E-08  2.049857E-08
  2.421000E+03 -4.571762E-07  1.061845E-04 -6.265485E-07  1.930515E-04 -1.764423E-02  2.049589E-08  2.049938E-08
  2.422000E+03 -1.436352E-07  1.063261E-04  9.854867E-07  1.927639E-04 -2.872521E-03  2.049575E-08  2.049621E-08
  2.423000E+03  5.563002E-07  1.067815E-04 -1.070083E-07  1.919546E-04 -1.543021E-02  2.049475E-08  2.049880E-08
  2.424000E+03 -2.603865E-07  1.059802E-04 -8.911685E-07  1.934000E-04 -1.255832E-02  2.049495E-08  2.049699E-08
  2.425000E+03 -3.511538E-07  1.066527E-04  7.536825E-07  1.921641E-04 -4.093252E-03  2.049465E-08  2.049594E-08
  2.426000E+03  5.110356E-07  1.064922E-04  3.208187E-07  1.924850E-04 -1.910270E-02  2.049442E-08  2.049878E-08
  2.427000E+03 -3.047637E-08  1.060363E-04 -9.637587E-07  1.932755E-04 -6.289495E-03  2.049382E-08  2.049455E-08
  2.428000E+03 -4.749446E-07  1.068419E-04  3.933796E-07  1.918212E-04 -9.528548E-03  2.049362E-08  2.049643E-08
  2.429000E+03  3.777737E-07  1.061492E-04  6.572776E-07  1.930985E-04 -1.794064E-02  2.049394E-08  2.049749E-08
  2.430000E+03  1.902943E-07  1.063200E-04 -8.652305E-07  1.927517E-04 -2.668570E-03  2.049328E-08  2.049368E-08
  2.431000E+03 -5.067736E-07  1.067639E-04 -1.347487E-08  1.919739E-04 -1.580181E-02  2.049333E-08  2.049739E-08
  2.432000E+03  1.826170E-07  1.059483E-04  8.518317E-07  1.934398E-04 -1.217478E-02  2.049310E-08  2.049503E-08
  2.433000E+03  3.613330E-07  1.066554E-04 -6.107961E-07  1.921448E-04 -3.819694E-03  2.049314E-08  2.049437E-08
  2.434000E+03 -4.396641E-07  1.064626E-04 -3.991807E-07  1.925320E-04 -1.909572E-02  2.049372E-08  2.049797E-08
  2.435000E+03 -3.512441E-08  1.060190E-04  8.756366E-07  1.932933E-04 -5.581368E-03  2.049243E-08  2.049304E-08
  2.436000E+03  4.576906E-07  1.068402E-04 -2.609457E-07  1.918212E-04 -9.356877E-03  2.049331E-08  2.049605E-08
  2.437000E+03 -3.009094E-07  1.061161E-04 -6.844708E-07  1.931565E-04 -1.750474E-02  2.049388E-08  2.049725E-08
  2.438000E+03 -2.288023E-07  1.063220E-04  7.480785E-07  1.927450E-04 -2.074106E-03  2.049298E-08  2.049332E-08
  2.439000E+03  4.571054E-07  1.067544E-04  1.119339E-07  1.919992E-04 -1.590246E-02  2.049417E-08  2.049817E-08
  2.440000E+03 -1.182454E-07  1.059345E-04 -8.078694E-07  1.934690E-04 -1.176520E-02  2.049362E-08  2.049544E-08
  2.441000E+03 -3.634388E-07  1.066759E-04  4.982200E-07  1.921176E-04 -3.950466E-03  2.049417E-08  2.049545E-08
  2.442000E+03  3.789078E-07  1.064458E-04  4.394298E-07  1.925808E-04 -1.939172E-02  2.049556E-08  2.049985E-08
  2.443000E+03  7.435587E-08  1.060341E-04 -7.940982E-07  1.932781E-04 -5.437455E-03  2.049375E-08  2.049430E-08
  2.444000E+03 -4.310355E-07  1.068579E-04  1.737239E-07  1.918100E-04 -9.941024E-03  2.049540E-08  2.049827E-08
  2.445000E+03  2.437095E-07  1.061124E-04  6.715463E-07  1.931851E-04 -1.749613E-02  2.049620E-08  2.049954E-08
  2.446000E+03  2.416177E-07  1.063632E-04 -6.551218E-07  1.926904E-04 -2.266021E-03  2.049512E-08  2.049548E-08
  2.447000E+03 -4.154199E-07  1.067578E-04 -1.686174E-07  1.920204E-04 -1.643024E-02  2.049691E-08  2.050104E-08
  2.448000E+03  6.853937E-08  1.059496E-04  7.602638E-07  1.934644E-04 -1.150153E-02  2.049611E-08  2.049782E-08
  2.449000E+03  3.588501E-07  1.067107E-04 -3.967191E-07  1.920797E-04 -4.350804E-03  2.049676E-08  2.049815E-08
  2.450000E+03 -3.231634E-07  1.064365E-04 -4.685797E-07  1.926234E-04 -1.943511E-02  2.049829E-08  2.050254E-08
  2.451000E+03 -1.121744E-07  1.060627E-04  7.126523E-07  1.932504E-04 -5.091386E-03  2.049639E-08  2.049685E-08
  2.452000E+03  4.034045E-07  1.068668E-04 -7.904192E-08  1.918182E-04 -1.047211E-02  2.049787E-08  2.050084E-08
  2.453000E+03 -1.841111E-07  1.060941E-04 -6.596384E-07  1.932379E-04 -1.714113E-02  2.049840E-08  2.050159E-08
  2.454000E+03 -2.626703E-07  1.063912E-04  5.537409E-07  1.926597E-04 -2.348856E-03  2.049725E-08  2.049762E-08
  2.455000E+03  3.733975E-07  1.067327E-04  2.376198E-07  1.920833E-04 -1.694180E-02  2.049862E-08  2.050277E-08
  2.456000E+03 -2.188295E-08  1.059475E-04 -7.169488E-07  1.934816E-04 -1.105876E-02  2.049765E-08  2.049924E-08
  2.457000E+03 -3.567234E-07  1.067271E-04  3.151631E-07  1.920607E-04 -4.981274E-03  2.049783E-08  2.049931E-08
  2.458000E+03  2.856257E-07  1.063981E-04  4.913198E-07  1.926990E-04 -1.944734E-02  2.049893E-08  2.050310E-08
  2.459000E+03  1.352306E-07  1.060928E-04 -6.643134E-07  1.932028E-04 -4.732299E-03  2.049720E-08  2.049760E-08
  2.460000E+03 -3.906671E-07  1.068673E-04  3.158088E-08  1.918197E-04 -1.129613E-02  2.049794E-08  2.050109E-08
  2.461000E+03  1.580314E-07  1.060711E-04  6.521570E-07  1.932759E-04 -1.665191E-02  2.049815E-08  2.050118E-08
  2.462000E+03  2.664080E-07  1.064390E-04 -5.160300E-07  1.925734E-04 -2.377075E-03  2.049726E-08  2.049770E-08
  2.463000E+03 -3.604692E-07  1.067056E-04 -2.500287E-07  1.921252E-04 -1.745952E-02  2.049771E-08  2.050195E-08
  2.464000E+03  1.143185E-08  1.059461E-04  6.996467E-07  1.934750E-04 -1.012454E-02  2.049687E-08  2.049826E-08
  2.465000E+03  3.523516E-07  1.067575E-04 -2.920949E-07  1.919986E-04 -5.414861E-03  2.049699E-08  2.049865E-08
  2.466000E+03 -2.742830E-07  1.063541E-04 -4.875281E-07  1.927637E-04 -1.945913E-02  2.049733E-08  2.050144E-08
  2.467000E+03 -1.375528E-07  1.061116E-04  6.451736E-07  1.931587E-04 -4.177093E-03  2.049621E-08  2.049653E-08
  2.468000E+03  3.842662E-07  1.068537E-04 -2.060907E-08  1.918290E-04 -1.195854E-02  2.049616E-08  2.049941E-08
  2.469000E+03 -1.543701E-07  1.060320E-04 -6.476520E-07  1.933254E-04 -1.613751E-02  2.049602E-08  2.049891E-08
  2.470000E+03 -2.650025E-07  1.064598E-04  5.074188E-07  1.925218E-04 -2.373655E-03  2.049577E-08  2.049626E-08
  2.471000E+03  3.633535E-07  1.066749E-04  2.481858E-07  1.921612E-04 -1.795688E-02  2.049548E-08  2.049981E-08
  2.472000E+03 -1.511639E-08  1.059385E-04 -7.112303E-07  1.934699E-04 -9.711840E-03  2.049494E-08  2.049625E-08
  2.473000E+03 -3.525529E-07  1.067713E-04  3.018433E-07  1.919570E-04 -5.882619E-03  2.049515E-08  2.049694E-08
  2.474000E+03  2.917048E-07  1.063275E-04  4.800692E-07  1.927883E-04 -1.954738E-02  2.049479E-08  2.049892E-08
  2.475000E+03  1.263398E-07  1.061375E-04 -6.783824E-07  1.930977E-04 -3.887804E-03  2.049475E-08  2.049505E-08
  2.476000E+03 -3.967072E-07  1.068567E-04  4.996608E-08  1.918087E-04 -1.253268E-02  2.049444E-08  2.049788E-08
  2.477000E+03  1.789873E-07  1.060236E-04  6.572814E-07  1.933205E-04 -1.584308E-02  2.049397E-08  2.049677E-08
  2.478000E+03  2.548927E-07  1.064971E-04 -5.502712E-07  1.924426E-04 -2.471952E-03  2.049451E-08  2.049511E-08
  2.479000E+03 -3.835419E-07  1.066628E-04 -2.158215E-07  1.921677E-04 -1.825982E-02  2.049373E-08  2.049815E-08
  2.480000E+03  3.671341E-08  1.059527E-04  7.383616E-07  1.934322E-04 -9.211596E-03  2.049379E-08  2.049498E-08
  2.481000E+03  3.513765E-07  1.067874E-04 -3.404645E-07  1.919170E-04 -6.072551E-03  2.049395E-08  2.049585E-08
  2.482000E+03 -3.155775E-07  1.063052E-04 -4.644075E-07  1.928098E-04 -1.922799E-02  2.049289E-08  2.049689E-08
  2.483000E+03 -1.113541E-07  1.061529E-04  7.161906E-07  1.930622E-04 -3.341896E-03  2.049400E-08  2.049427E-08
  2.484000E+03  4.043903E-07  1.068494E-04 -8.571620E-08  1.918140E-04 -1.248845E-02  2.049361E-08  2.049702E-08
  2.485000E+03 -2.033887E-07  1.060094E-04 -6.589965E-07  1.933362E-04 -1.519118E-02  2.049308E-08  2.049570E-08
  2.486000E+03 -2.467374E-07  1.065076E-04  5.964981E-07  1.924216E-04 -2.061481E-03  2.049431E-08  2.049492E-08
  2.487000E+03  4.048524E-07  1.066450E-04  1.920918E-07  1.921970E-04 -1.789707E-02  2.049356E-08  2.049780E-08
  2.488000E+03 -5.921207E-08  1.059516E-04 -7.723723E-07  1.934364E-04 -8.524091E-03  2.049415E-08  2.049523E-08
  2.489000E+03 -3.611835E-07  1.067991E-04  3.977491E-07  1.919000E-04 -5.957164E-03  2.049439E-08  2.049634E-08
  2.490000E+03  3.487501E-07  1.062961E-04  4.658161E-07  1.928287E-04 -1.905422E-02  2.049322E-08  2.049716E-08
  2.491000E+03  9.820659E-08  1.061686E-04 -7.759561E-07  1.930408E-04 -3.143389E-03  2.049476E-08  2.049504E-08
  2.492000E+03 -4.279804E-07  1.068615E-04  1.291608E-07  1.918019E-04 -1.273515E-02  2.049459E-08  2.049813E-08
  2.493000E+03  2.337581E-07  1.060142E-04  6.807341E-07  1.933390E-04 -1.531920E-02  2.049427E-08  2.049694E-08
  2.494000E+03  2.467382E-07  1.065205E-04 -6.550838E-07  1.924076E-04 -2.245818E-03  2.049530E-08  2.049597E-08
  2.495000E+03 -4.295270E-07  1.066515E-04 -1.709486E-07  1.921987E-04 -1.827699E-02  2.049486E-08  2.049926E-08
  2.496000E+03  8.012610E-08  1.059532E-04  7.983307E-07  1.934488E-04 -8.840242E-03  2.049571E-08  2.049688E-08
  2.497000E+03  3.636026E-07  1.068057E-04 -4.341933E-07  1.919010E-04 -6.225772E-03  2.049572E-08  2.049773E-08
  2.498000E+03 -3.615290E-07  1.062971E-04 -4.563122E-07  1.928457E-04 -1.937563E-02  2.049510E-08  2.049917E-08
  2.499000E+03 -8.686412E-08  1.061635E-04  7.825678E-07  1.930645E-04 -3.324362E-03  2.049630E-08  2.049659E-08
  2.500000E+03  4.243860E-07  1.068665E-04 -1.427112E-07  1.918080E-04 -1.285754E-02  2.049616E-08  2.049973E-08
  2.501000E+03 -2.299823E-07  1.060075E-04 -6.751349E-07  1.933702E-04 -1.540527E-02  2.049626E-08  2.049897E-08
  2.502000E+03 -2.435193E-07  1.065219E-04  6.350381E-07  1.924166E-04 -2.136992E-03  2.049654E-08  2.049719E-08
  2.503000E+03  4.129263E-07  1.066615E-04  1.836077E-07  1.921945E-04 -1.825189E-02  2.049635E-08  2.050075E-08
  2.504000E+03 -6.025687E-08  1.059623E-04 -7.748854E-07  1.934468E-04 -8.754589E-03  2.049727E-08  2.049840E-08
  2.505000E+03 -3.601831E-07  1.068190E-04  3.830021E-07  1.918863E-04 -6.226510E-03  2.049670E-08  2.049875E-08
  2.506000E+03  3.282449E-07  1.063110E-04  4.798897E-07  1.928349E-04 -1.928247E-02  2.049667E-08  2.050070E-08
  2.507000E+03  1.166008E-07  1.061800E-04 -7.326441E-07  1.930419E-04 -3.429034E-03  2.049706E-08  2.049734E-08
  2.508000E+03 -4.107672E-07  1.068680E-04  6.114069E-08  1.918113E-04 -1.289520E-02  2.049679E-08  2.050036E-08
  2.509000E+03  1.774437E-07  1.060187E-04  6.821659E-07  1.933574E-04 -1.532802E-02  2.049709E-08  2.049976E-08
  2.510000E+03  2.683132E-07  1.065246E-04 -5.381654E-07  1.924130E-04 -2.450344E-03  2.049666E-08  2.049731E-08
  2.511000E+03 -3.698957E-07  1.066544E-04 -2.695936E-07  1.922107E-04 -1.827291E-02  2.049668E-08  2.050105E-08
  2.512000E+03 -5.706120E-09  1.059650E-04  7.263120E-07  1.934400E-04 -8.860141E-03  2.049708E-08  2.049819E-08
  2.513000E+03  3.593588E-07  1.068026E-04 -2.387412E-07  1.919138E-04 -6.403546E-03  2.049647E-08  2.049844E-08
  2.514000E+03 -2.498976E-07  1.063042E-04 -5.331944E-07  1.928477E-04 -1.900774E-02  2.049682E-08  2.050070E-08
  2.515000E+03 -1.736827E-07  1.061816E-04  6.121325E-07  1.930317E-04 -3.534279E-03  2.049630E-08  2.049655E-08
  2.516000E+03  3.651626E-07  1.068514E-04  8.599046E-08  1.918362E-04 -1.281933E-02  2.049627E-08  2.049972E-08
  2.517000E+03 -8.666767E-08  1.060316E-04 -6.555897E-07  1.933274E-04 -1.500487E-02  2.049650E-08  2.049901E-08
  2.518000E+03 -2.901053E-07  1.065240E-04  3.729644E-07  1.924042E-04 -2.757471E-03  2.049559E-08  2.049623E-08
  2.519000E+03  2.880676E-07  1.066405E-04  3.660497E-07  1.922284E-04 -1.780174E-02  2.049609E-08  2.050021E-08
  2.520000E+03  8.196172E-08  1.059944E-04 -6.198723E-07  1.933727E-04 -8.697356E-03  2.049564E-08  2.049665E-08
  2.521000E+03 -3.335649E-07  1.067915E-04  6.870999E-08  1.919248E-04 -6.820388E-03  2.049546E-08  2.049742E-08
  2.522000E+03  1.516128E-07  1.063070E-04  5.512677E-07  1.928333E-04 -1.860418E-02  2.049599E-08  2.049970E-08
  2.523000E+03  2.204543E-07  1.062025E-04 -4.510996E-07  1.929791E-04 -3.963192E-03  2.049471E-08  2.049497E-08
  2.524000E+03 -2.951562E-07  1.068218E-04 -2.281564E-07  1.918824E-04 -1.305260E-02  2.049547E-08  2.049881E-08
  2.525000E+03 -1.552171E-08  1.060436E-04  5.867729E-07  1.932956E-04 -1.483062E-02  2.049552E-08  2.049793E-08
  2.526000E+03  2.939005E-07  1.065198E-04 -1.684436E-07  1.924017E-04 -3.455393E-03  2.049446E-08  2.049512E-08
  2.527000E+03 -1.786461E-07  1.066101E-04 -4.548615E-07  1.922791E-04 -1.776132E-02  2.049566E-08  2.049965E-08
  2.528000E+03 -1.699830E-07  1.060104E-04  4.679321E-07  1.933325E-04 -8.852576E-03  2.049445E-08  2.049543E-08
  2.529000E+03  2.871381E-07  1.067652E-04  1.357749E-07  1.919648E-04 -7.417210E-03  2.049460E-08  2.049652E-08
  2.530000E+03 -2.476664E-08  1.062875E-04 -5.525985E-07  1.928646E-04 -1.831204E-02  2.049566E-08  2.049922E-08
  2.531000E+03 -2.726754E-07  1.062055E-04  2.394262E-07  1.929638E-04 -4.142419E-03  2.049365E-08  2.049391E-08
  2.532000E+03  2.069178E-07  1.067850E-04  3.966287E-07  1.919431E-04 -1.300374E-02  2.049492E-08  2.049808E-08
  2.533000E+03  1.366729E-07  1.060382E-04 -5.116647E-07  1.932974E-04 -1.427685E-02  2.049481E-08  2.049706E-08
  2.534000E+03 -3.087901E-07  1.065113E-04 -4.947335E-08  1.924104E-04 -3.485109E-03  2.049375E-08  2.049439E-08
  2.535000E+03  7.358537E-08  1.065780E-04  5.664789E-07  1.923346E-04 -1.725198E-02  2.049559E-08  2.049931E-08
  2.536000E+03  2.672837E-07  1.060123E-04 -3.416025E-07  1.933223E-04 -8.404405E-03  2.049382E-08  2.049473E-08
  2.537000E+03 -2.674288E-07  1.067379E-04 -3.336840E-07  1.920078E-04 -7.238171E-03  2.049398E-08  2.049578E-08
  2.538000E+03 -8.830202E-08  1.062726E-04  5.962736E-07  1.928898E-04 -1.758446E-02  2.049573E-08  2.049903E-08
  2.539000E+03  3.338353E-07  1.062131E-04 -6.797498E-08  1.929499E-04 -4.155939E-03  2.049364E-08  2.049393E-08
  2.540000E+03 -1.451152E-07  1.067573E-04 -5.465836E-07  1.919931E-04 -1.289825E-02  2.049496E-08  2.049799E-08
  2.541000E+03 -2.364116E-07  1.060509E-04  4.609698E-07  1.932772E-04 -1.401521E-02  2.049520E-08  2.049738E-08
  2.542000E+03  3.183161E-07  1.065132E-04  2.268749E-07  1.924104E-04 -4.055122E-03  2.049408E-08  2.049478E-08
  2.543000E+03  1.102250E-08  1.065641E-04 -6.349376E-07  1.923657E-04 -1.716116E-02  2.049626E-08  2.049992E-08
  2.544000E+03 -3.295799E-07  1.060404E-04  2.290488E-07  1.932782E-04 -8.608168E-03  2.049455E-08  2.049548E-08
  2.545000E+03  2.342976E-07  1.067353E-04  4.686346E-07  1.920169E-04 -7.761479E-03  2.049437E-08  2.049625E-08
  2.546000E+03  1.672699E-07  1.062859E-04 -5.871672E-07  1.928723E-04 -1.739229E-02  2.049651E-08  2.049977E-08
  2.547000E+03 -3.616446E-07  1.062415E-04 -6.044243E-08  1.929079E-04 -4.727139E-03  2.049458E-08  2.049495E-08
  2.548000E+03  9.532205E-08  1.067446E-04  6.406380E-07  1.920215E-04 -1.299098E-02  2.049553E-08  2.049855E-08
  2.549000E+03  3.034157E-07  1.060845E-04 -4.196070E-07  1.932248E-04 -1.381626E-02  2.049620E-08  2.049832E-08
  2.550000E+03 -3.253891E-07  1.065195E-04 -3.490786E-07  1.924087E-04 -4.624742E-03  2.049506E-08  2.049585E-08
  2.551000E+03 -6.988872E-08  1.065533E-04  6.902168E-07  1.923900E-04 -1.667711E-02  2.049695E-08  2.050043E-08
  2.552000E+03  3.823833E-07  1.060757E-04 -1.547886E-07  1.932272E-04 -8.714306E-03  2.049593E-08  2.049689E-08
  2.553000E+03 -2.214177E-07  1.067094E-04 -5.798932E-07  1.920721E-04 -8.183607E-03  2.049522E-08  2.049709E-08
  2.554000E+03 -2.262222E-07  1.062818E-04  6.078401E-07  1.928828E-04 -1.679794E-02  2.049703E-08  2.050011E-08
  2.555000E+03  3.948224E-07  1.062619E-04  1.465442E-07  1.928810E-04 -5.307588E-03  2.049561E-08  2.049607E-08
  2.556000E+03 -6.684254E-08  1.067042E-04 -7.169086E-07  1.920989E-04 -1.325204E-02  2.049597E-08  2.049891E-08
  2.557000E+03 -3.477591E-07  1.060977E-04  3.960040E-07  1.932053E-04 -1.335272E-02  2.049681E-08  2.049882E-08
  2.558000E+03  3.316945E-07  1.065251E-04  4.251216E-07  1.924044E-04 -5.375796E-03  2.049560E-08  2.049650E-08
  2.559000E+03  1.019210E-07  1.065224E-04 -7.201473E-07  1.924443E-04 -1.645395E-02  2.049687E-08  2.050021E-08
  2.560000E+03 -4.073913E-07  1.061122E-04  1.104322E-07  1.931665E-04 -8.560420E-03  2.049656E-08  2.049748E-08
  2.561000E+03  2.076923E-07  1.067015E-04  6.297739E-07  1.920892E-04 -8.859118E-03  2.049540E-08  2.049736E-08
  2.562000E+03  2.496809E-07  1.062746E-04 -5.899147E-07  1.928910E-04 -1.624076E-02  2.049671E-08  2.049960E-08
  2.563000E+03 -3.899248E-07  1.062985E-04 -1.889875E-07  1.928213E-04 -5.463963E-03  2.049632E-08  2.049683E-08
  2.564000E+03  4.567362E-08  1.066777E-04  7.167968E-07  1.921462E-04 -1.338164E-02  2.049588E-08  2.049876E-08
  2.565000E+03  3.539028E-07  1.061099E-04 -3.560862E-07  1.931805E-04 -1.270041E-02  2.049671E-08  2.049853E-08
  2.566000E+03 -3.120576E-07  1.065359E-04 -4.488658E-07  1.923878E-04 -5.848552E-03  2.049586E-08  2.049683E-08
  2.567000E+03 -1.150219E-07  1.064897E-04  6.909986E-07  1.924953E-04 -1.625961E-02  2.049605E-08  2.049925E-08
  2.568000E+03  3.962744E-07  1.061316E-04 -7.754876E-08  1.931325E-04 -8.283516E-03  2.049676E-08  2.049762E-08
  2.569000E+03 -1.868699E-07  1.066796E-04 -6.253614E-07  1.921282E-04 -9.307718E-03  2.049528E-08  2.049724E-08
  2.570000E+03 -2.476577E-07  1.062542E-04  5.529019E-07  1.929184E-04 -1.578694E-02  2.049584E-08  2.049855E-08
  2.571000E+03  3.699280E-07  1.063198E-04  1.925774E-07  1.927841E-04 -5.697721E-03  2.049644E-08  2.049698E-08
  2.572000E+03 -3.737417E-08  1.066505E-04 -6.828500E-07  1.921898E-04 -1.374359E-02  2.049520E-08  2.049808E-08
  2.573000E+03 -3.317239E-07  1.061166E-04  3.269840E-07  1.931636E-04 -1.237466E-02  2.049629E-08  2.049801E-08
  2.574000E+03  2.837920E-07  1.065534E-04  4.191197E-07  1.923570E-04 -6.304793E-03  2.049588E-08  2.049693E-08
  2.575000E+03  1.043549E-07  1.064749E-04 -6.250828E-07  1.925132E-04 -1.624819E-02  2.049513E-08  2.049827E-08
  2.576000E+03 -3.559763E-07  1.061619E-04  7.360546E-08  1.930762E-04 -8.184127E-03  2.049665E-08  2.049746E-08
  2.577000E+03  1.644356E-07  1.066841E-04  5.570928E-07  1.921209E-04 -9.685996E-03  2.049528E-08  2.049729E-08
  2.578000E+03  2.190895E-07  1.062620E-04 -4.854425E-07  1.928999E-04 -1.554438E-02  2.049545E-08  2.049806E-08
  2.579000E+03 -3.270362E-07  1.063464E-04 -1.720488E-07  1.927348E-04 -5.877605E-03  2.049630E-08  2.049686E-08
  2.580000E+03  3.370212E-08  1.066459E-04  6.052555E-07  1.921923E-04 -1.370793E-02  2.049460E-08  2.049743E-08
  2.581000E+03  2.930392E-07  1.061329E-04 -2.969368E-07  1.931306E-04 -1.202139E-02  2.049604E-08  2.049763E-08
  2.582000E+03 -2.561232E-07  1.065528E-04 -3.691961E-07  1.923541E-04 -6.294208E-03  2.049546E-08  2.049648E-08
  2.583000E+03 -8.763233E-08  1.064658E-04  5.651235E-07  1.925211E-04 -1.569770E-02  2.049439E-08  2.049731E-08
  2.584000E+03  3.173948E-07  1.061740E-04 -8.085474E-08  1.930499E-04 -7.925870E-03  2.049624E-08  2.049697E-08
  2.585000E+03 -1.527003E-07  1.066650E-04 -4.954453E-07  1.921505E-04 -9.365658E-03  2.049484E-08  2.049671E-08
  2.586000E+03 -1.910055E-07  1.062625E-04  4.466754E-07  1.928936E-04 -1.479070E-02  2.049512E-08  2.049748E-08
  2.587000E+03  2.960223E-07  1.063467E-04  1.376301E-07  1.927284E-04 -5.732808E-03  2.049570E-08  2.049624E-08
  2.588000E+03 -3.826201E-08  1.066240E-04 -5.449181E-07  1.922277E-04 -1.305923E-02  2.049434E-08  2.049690E-08
  2.589000E+03 -2.567232E-07  1.061533E-04  2.808549E-07  1.930907E-04 -1.164343E-02  2.049582E-08  2.049730E-08
  2.590000E+03  2.347861E-07  1.065423E-04  3.157016E-07  1.923677E-04 -6.494351E-03  2.049486E-08  2.049586E-08
  2.591000E+03  7.243311E-08  1.064677E-04 -5.170493E-07  1.925160E-04 -1.520511E-02  2.049436E-08  2.049712E-08
  2.592000E+03 -2.870191E-07  1.061998E-04  8.534153E-08  1.930017E-04 -8.262537E-03  2.049605E-08  2.049683E-08
  2.593000E+03  1.423426E-07  1.066514E-04  4.497965E-07  1.921725E-04 -9.611310E-03  2.049452E-08  2.049637E-08
  2.594000E+03  1.736813E-07  1.062799E-04 -4.143417E-07  1.928627E-04 -1.472940E-02  2.049522E-08  2.049755E-08
  2.595000E+03 -2.724332E-07  1.063502E-04 -1.241441E-07  1.927212E-04 -6.408540E-03  2.049552E-08  2.049613E-08
  2.596000E+03  3.242020E-08  1.066145E-04  5.068546E-07  1.922488E-04 -1.310582E-02  2.049475E-08  2.049728E-08
  2.597000E+03  2.447754E-07  1.061720E-04 -2.529316E-07  1.930608E-04 -1.201771E-02  2.049618E-08  2.049773E-08
  2.598000E+03 -2.123196E-07  1.065220E-04 -3.176122E-07  1.924046E-04 -6.974925E-03  2.049482E-08  2.049584E-08
  2.599000E+03 -8.925892E-08  1.064701E-04  4.823978E-07  1.925179E-04 -1.499938E-02  2.049509E-08  2.049778E-08
  2.600000E+03  2.793941E-07  1.062045E-04 -3.584564E-08  1.929976E-04 -8.781183E-03  2.049642E-08  2.049728E-08
  2.601000E+03 -1.119225E-07  1.066238E-04 -4.699622E-07  1.922250E-04 -9.499711E-03  2.049484E-08  2.049658E-08
  2.602000E+03 -2.034988E-07  1.063026E-04  3.720650E-07  1.928251E-04 -1.445382E-02  2.049567E-08  2.049794E-08
  2.603000E+03  2.640613E-07  1.063459E-04  2.041385E-07  1.927311E-04 -6.864879E-03  2.049568E-08  2.049634E-08
  2.604000E+03  1.705183E-08  1.066073E-04 -5.329394E-07  1.922660E-04 -1.257607E-02  2.049534E-08  2.049771E-08
  2.605000E+03 -2.821624E-07  1.062125E-04  1.792192E-07  1.929895E-04 -1.203208E-02  2.049642E-08  2.049799E-08
  2.606000E+03  1.891562E-07  1.065120E-04  4.161890E-07  1.924246E-04 -7.366094E-03  2.049498E-08  2.049604E-08
  2.607000E+03  1.512358E-07  1.064811E-04 -4.870755E-07  1.925020E-04 -1.444277E-02  2.049570E-08  2.049825E-08
  2.608000E+03 -3.117094E-07  1.062338E-04 -6.881422E-08  1.929454E-04 -9.179314E-03  2.049646E-08  2.049743E-08
  2.609000E+03  6.655136E-08  1.065998E-04  5.728056E-07  1.922740E-04 -9.653650E-03  2.049542E-08  2.049713E-08
  2.610000E+03  2.774045E-07  1.063209E-04 -3.354902E-07  1.927926E-04 -1.409193E-02  2.049586E-08  2.049807E-08
  2.611000E+03 -2.787282E-07  1.063522E-04 -3.578593E-07  1.927196E-04 -7.555429E-03  2.049556E-08  2.049637E-08
  2.612000E+03 -9.449581E-08  1.065774E-04  6.275078E-07  1.923272E-04 -1.247415E-02  2.049613E-08  2.049842E-08
  2.613000E+03  3.672126E-07  1.062295E-04 -7.848815E-08  1.929551E-04 -1.181979E-02  2.049609E-08  2.049765E-08
  2.614000E+03 -1.700569E-07  1.064956E-04 -6.138089E-07  1.924561E-04 -7.841133E-03  2.049511E-08  2.049624E-08
  2.615000E+03 -2.638381E-07  1.064629E-04  5.306728E-07  1.925385E-04 -1.390172E-02  2.049623E-08  2.049864E-08
  2.616000E+03  3.791731E-07  1.062613E-04  2.556710E-07  1.928903E-04 -9.220932E-03  2.049591E-08  2.049696E-08
  2.617000E+03  7.966681E-09  1.065777E-04 -7.583451E-07  1.923187E-04 -9.935383E-03  2.049588E-08  2.049763E-08
  2.618000E+03 -4.012381E-07  1.063281E-04  2.726060E-07  1.927791E-04 -1.339515E-02  2.049599E-08  2.049807E-08
  2.619000E+03  2.930734E-07  1.063771E-04  5.902304E-07  1.926726E-04 -7.844088E-03  2.049532E-08  2.049628E-08
  2.620000E+03  2.145682E-07  1.065542E-04 -7.378252E-07  1.923756E-04 -1.232499E-02  2.049687E-08  2.049912E-08
  2.621000E+03 -4.673394E-07  1.062604E-04 -8.508361E-08  1.928940E-04 -1.142774E-02  2.049564E-08  2.049721E-08
  2.622000E+03  1.259005E-07  1.065067E-04  8.407540E-07  1.924404E-04 -8.516210E-03  2.049545E-08  2.049680E-08
  2.623000E+03  4.000251E-07  1.064438E-04 -5.429282E-07  1.925805E-04 -1.367044E-02  2.049708E-08  2.049947E-08
  2.624000E+03 -4.404039E-07  1.062916E-04 -4.799619E-07  1.928310E-04 -9.275642E-03  2.049544E-08  2.049662E-08
  2.625000E+03 -9.887766E-08  1.065592E-04  9.529163E-07  1.923575E-04 -1.064932E-02  2.049629E-08  2.049824E-08
  2.626000E+03  5.403297E-07  1.063145E-04 -2.004692E-07  1.928056E-04 -1.303608E-02  2.049630E-08  2.049838E-08
  2.627000E+03 -3.145009E-07  1.063996E-04 -8.533588E-07  1.926317E-04 -8.315382E-03  2.049523E-08  2.049642E-08
  2.628000E+03 -3.404489E-07  1.065182E-04  8.797814E-07  1.924459E-04 -1.278970E-02  2.049731E-08  2.049972E-08
  2.629000E+03  5.917573E-07  1.062613E-04  2.406924E-07  1.928895E-04 -1.113163E-02  2.049542E-08  2.049705E-08
  2.630000E+03 -9.696506E-08  1.065074E-04 -1.105552E-06  1.924404E-04 -9.138599E-03  2.049547E-08  2.049707E-08
  2.631000E+03 -5.495483E-07  1.063996E-04  6.023763E-07  1.926616E-04 -1.349703E-02  2.049724E-08  2.049965E-08
  2.632000E+03  5.305296E-07  1.063012E-04  6.991866E-07  1.928080E-04 -8.861067E-03  2.049492E-08  2.049617E-08
  2.633000E+03  1.658290E-07  1.065390E-04 -1.175215E-06  1.923906E-04 -1.088652E-02  2.049589E-08  2.049799E-08
  2.634000E+03 -6.759891E-07  1.062871E-04  1.826755E-07  1.928510E-04 -1.235064E-02  2.049602E-08  2.049805E-08
  2.635000E+03  3.614386E-07  1.064073E-04  1.069399E-06  1.926140E-04 -8.092489E-03  2.049485E-08  2.049615E-08
  2.636000E+03  4.224782E-07  1.064806E-04 -1.031109E-06  1.925071E-04 -1.259028E-02  2.049665E-08  2.049906E-08
  2.637000E+03 -6.984080E-07  1.062522E-04 -3.099443E-07  1.928993E-04 -1.029019E-02  2.049488E-08  2.049646E-08
  2.638000E+03  1.080137E-07  1.065031E-04  1.300241E-06  1.924413E-04 -9.127728E-03  2.049474E-08  2.049646E-08
  2.639000E+03  6.410382E-07  1.063709E-04 -6.858198E-07  1.927081E-04 -1.310629E-02  2.049676E-08  2.049916E-08
  2.640000E+03 -6.025444E-07  1.063114E-04 -8.175344E-07  1.927856E-04 -8.649805E-03  2.049455E-08  2.049590E-08
  2.641000E+03 -1.965043E-07  1.065250E-04  1.325380E-06  1.924086E-04 -1.121296E-02  2.049504E-08  2.049729E-08
  2.642000E+03  7.614250E-07  1.062819E-04 -1.745273E-07  1.928582E-04 -1.213255E-02  2.049584E-08  2.049792E-08
  2.643000E+03 -3.828024E-07  1.064222E-04 -1.206795E-06  1.925854E-04 -8.534841E-03  2.049461E-08  2.049612E-08
  2.644000E+03 -4.799017E-07  1.064659E-04  1.096579E-06  1.925261E-04 -1.283518E-02  2.049578E-08  2.049831E-08
  2.645000E+03  7.456500E-07  1.062730E-04  3.875912E-07  1.928599E-04 -1.027614E-02  2.049472E-08  2.049638E-08
  2.646000E+03 -8.534457E-08  1.065115E-04 -1.393051E-06  1.924238E-04 -9.680921E-03  2.049439E-08  2.049631E-08
  2.647000E+03 -6.881228E-07  1.063725E-04  6.715439E-07  1.927010E-04 -1.304821E-02  2.049634E-08  2.049877E-08
  2.648000E+03  6.116005E-07  1.063372E-04  8.924395E-07  1.927405E-04 -8.907067E-03  2.049468E-08  2.049615E-08
  2.649000E+03  2.251408E-07  1.065200E-04 -1.355100E-06  1.924153E-04 -1.145101E-02  2.049474E-08  2.049707E-08
  2.650000E+03 -7.807420E-07  1.062984E-04  1.335512E-07  1.928291E-04 -1.185977E-02  2.049599E-08  2.049804E-08
  2.651000E+03  3.674970E-07  1.064307E-04  1.248296E-06  1.925740E-04 -8.826521E-03  2.049499E-08  2.049658E-08
  2.652000E+03  4.983511E-07  1.064519E-04 -1.074618E-06  1.925487E-04 -1.271070E-02  2.049552E-08  2.049800E-08
  2.653000E+03 -7.417674E-07  1.062908E-04 -4.232057E-07  1.928312E-04 -1.018635E-02  2.049513E-08  2.049679E-08
  2.654000E+03  6.868640E-08  1.064936E-04  1.396118E-06  1.924594E-04 -1.010610E-02  2.049464E-08  2.049660E-08
  2.655000E+03  6.860896E-07  1.063575E-04 -6.361190E-07  1.927242E-04 -1.273893E-02  2.049601E-08  2.049833E-08
  2.656000E+03 -5.895739E-07  1.063549E-04 -8.990473E-07  1.927142E-04 -9.273061E-03  2.049522E-08  2.049676E-08
  2.657000E+03 -2.339059E-07  1.064886E-04  1.312736E-06  1.924741E-04 -1.179277E-02  2.049486E-08  2.049717E-08
  2.658000E+03  7.566772E-07  1.063023E-04 -9.956551E-08  1.928220E-04 -1.147394E-02  2.049608E-08  2.049801E-08
  2.659000E+03 -3.412368E-07  1.064455E-04 -1.218027E-06  1.925535E-04 -9.297420E-03  2.049557E-08  2.049723E-08
  2.660000E+03 -4.879967E-07  1.064296E-04  1.009847E-06  1.925876E-04 -1.272378E-02  2.049537E-08  2.049776E-08
  2.661000E+03  7.017472E-07  1.063191E-04  4.343469E-07  1.927854E-04 -9.992251E-03  2.049575E-08  2.049735E-08
  2.662000E+03 -4.095952E-08  1.064995E-04 -1.328159E-06  1.924561E-04 -1.054973E-02  2.049534E-08  2.049735E-08
  2.663000E+03 -6.544258E-07  1.063464E-04  5.478974E-07  1.927444E-04 -1.237245E-02  2.049610E-08  2.049824E-08
  2.664000E+03  5.324321E-07  1.063839E-04  8.810794E-07  1.926709E-04 -9.143664E-03  2.049622E-08  2.049771E-08
  2.665000E+03  2.488257E-07  1.064745E-04 -1.207040E-06  1.925022E-04 -1.197576E-02  2.049510E-08  2.049735E-08
  2.666000E+03 -7.016127E-07  1.063057E-04  2.702813E-08  1.928195E-04 -1.104736E-02  2.049656E-08  2.049832E-08
  2.667000E+03  2.815443E-07  1.064559E-04  1.149462E-06  1.925442E-04 -9.614966E-03  2.049651E-08  2.049818E-08
  2.668000E+03  4.737823E-07  1.063997E-04 -8.814487E-07  1.926411E-04 -1.257680E-02  2.049534E-08  2.049756E-08
  2.669000E+03 -6.255735E-07  1.063332E-04 -4.562471E-07  1.927692E-04 -9.779164E-03  2.049677E-08  2.049826E-08
  2.670000E+03  2.285131E-09  1.064851E-04  1.202519E-06  1.924900E-04 -1.092841E-02  2.049609E-08  2.049806E-08
  2.671000E+03  5.991893E-07  1.063335E-04 -4.304784E-07  1.927674E-04 -1.206776E-02  2.049613E-08  2.049809E-08
  2.672000E+03 -4.467422E-07  1.064068E-04 -8.318377E-07  1.926405E-04 -9.458261E-03  2.049735E-08  2.049882E-08
  2.673000E+03 -2.573198E-07  1.064531E-04  1.039441E-06  1.925443E-04 -1.224100E-02  2.049541E-08  2.049758E-08
  2.674000E+03  6.153829E-07  1.063211E-04  5.368245E-08  1.927956E-04 -1.071306E-02  2.049707E-08  2.049866E-08
  2.675000E+03 -2.005358E-07  1.064789E-04 -1.036597E-06  1.925123E-04 -1.009287E-02  2.049746E-08  2.049916E-08
  2.676000E+03 -4.455422E-07  1.063865E-04  6.992134E-07  1.926634E-04 -1.256470E-02  2.049516E-08  2.049726E-08
  2.677000E+03  5.184570E-07  1.063677E-04  4.811051E-07  1.927138E-04 -9.568992E-03  2.049758E-08  2.049896E-08
  2.678000E+03  5.364094E-08  1.064969E-04 -1.031818E-06  1.924732E-04 -1.144433E-02  2.049647E-08  2.049847E-08
  2.679000E+03 -5.343209E-07  1.063316E-04  2.823695E-07  1.927666E-04 -1.174480E-02  2.049576E-08  2.049754E-08
  2.680000E+03  3.403227E-07  1.064427E-04  7.787189E-07  1.925802E-04 -9.462763E-03  2.049785E-08  2.049929E-08
  2.681000E+03  2.636922E-07  1.064424E-04 -8.391806E-07  1.925628E-04 -1.231095E-02  2.049529E-08  2.049736E-08
  2.682000E+03 -5.177942E-07  1.063266E-04 -1.281924E-07  1.927820E-04 -1.007465E-02  2.049682E-08  2.049819E-08
  2.683000E+03  1.237041E-07  1.064882E-04  9.011037E-07  1.924933E-04 -1.010418E-02  2.049721E-08  2.049884E-08
  2.684000E+03  4.035602E-07  1.063653E-04 -5.289836E-07  1.926946E-04 -1.205907E-02  2.049452E-08  2.049637E-08
  2.685000E+03 -4.168887E-07  1.063810E-04 -4.699049E-07  1.926866E-04 -9.015383E-03  2.049736E-08  2.049856E-08
  2.686000E+03 -8.583219E-08  1.064813E-04  8.660226E-07  1.924950E-04 -1.131486E-02  2.049580E-08  2.049766E-08
  2.687000E+03  4.628948E-07  1.063176E-04 -1.774885E-07  1.927796E-04 -1.090458E-02  2.049465E-08  2.049615E-08
  2.688000E+03 -2.606642E-07  1.064526E-04 -6.990495E-07  1.925550E-04 -9.142423E-03  2.049712E-08  2.049844E-08
  2.689000E+03 -2.564726E-07  1.064261E-04  6.865773E-07  1.925843E-04 -1.211864E-02  2.049448E-08  2.049641E-08
  2.690000E+03  4.389532E-07  1.063341E-04  1.668921E-07  1.927574E-04 -9.629773E-03  2.049574E-08  2.049696E-08
  2.691000E+03 -7.754771E-08  1.064955E-04 -7.909156E-07  1.924698E-04 -1.035026E-02  2.049608E-08  2.049772E-08
  2.692000E+03 -3.674612E-07  1.063588E-04  4.212880E-07  1.926972E-04 -1.198659E-02  2.049357E-08  2.049535E-08
  2.693000E+03  3.496910E-07  1.064030E-04  4.526165E-07  1.926375E-04 -9.122728E-03  2.049636E-08  2.049757E-08
  2.694000E+03  1.008187E-07  1.064747E-04 -7.529862E-07  1.925009E-04 -1.182889E-02  2.049504E-08  2.049696E-08
  2.695000E+03 -4.144462E-07  1.063153E-04  1.162855E-07  1.927753E-04 -1.087660E-02  2.049376E-08  2.049521E-08
  2.696000E+03  2.139619E-07  1.064650E-04  6.482053E-07  1.925241E-04 -9.676222E-03  2.049611E-08  2.049753E-08
  2.697000E+03  2.505571E-07  1.064068E-04 -6.026645E-07  1.926173E-04 -1.247524E-02  2.049419E-08  2.049614E-08
  2.698000E+03 -3.991628E-07  1.063406E-04 -1.886423E-07  1.927389E-04 -9.610773E-03  2.049502E-08  2.049623E-08
  2.699000E+03  5.592369E-08  1.064922E-04  7.508730E-07  1.924730E-04 -1.088827E-02  2.049567E-08  2.049740E-08
  2.700000E+03  3.621452E-07  1.063361E-04 -3.839631E-07  1.927370E-04 -1.194444E-02  2.049344E-08  2.049516E-08
  2.701000E+03 -3.381053E-07  1.064129E-04 -4.605097E-07  1.926107E-04 -9.069004E-03  2.049542E-08  2.049663E-08
  2.702000E+03 -1.106074E-07  1.064666E-04  7.571530E-07  1.925179E-04 -1.208523E-02  2.049522E-08  2.049719E-08
  2.703000E+03  4.284615E-07  1.063108E-04 -1.048180E-07  1.927833E-04 -1.053054E-02  2.049381E-08  2.049518E-08
  2.704000E+03 -2.211650E-07  1.064880E-04 -6.872636E-07  1.924751E-04 -9.695080E-03  2.049531E-08  2.049681E-08
  2.705000E+03 -2.723901E-07  1.064030E-04  6.389526E-07  1.926303E-04 -1.261334E-02  2.049481E-08  2.049681E-08
  2.706000E+03  4.312842E-07  1.063568E-04  2.179024E-07  1.927080E-04 -9.259746E-03  2.049492E-08  2.049611E-08
  2.707000E+03 -5.453889E-08  1.065143E-04 -8.242509E-07  1.924340E-04 -1.121249E-02  2.049569E-08  2.049759E-08
  2.708000E+03 -4.033310E-07  1.063239E-04  4.117410E-07  1.927671E-04 -1.191553E-02  2.049429E-08  2.049602E-08
  2.709000E+03  3.734972E-07  1.064320E-04  5.273737E-07  1.925717E-04 -8.927867E-03  2.049499E-08  2.049625E-08
  2.710000E+03  1.303114E-07  1.064696E-04 -8.547259E-07  1.925223E-04 -1.251890E-02  2.049617E-08  2.049830E-08
  2.711000E+03 -4.914472E-07  1.063002E-04  1.103458E-07  1.928102E-04 -1.043719E-02  2.049465E-08  2.049605E-08
  2.712000E+03  2.561617E-07  1.065003E-04  8.034855E-07  1.924514E-04 -9.898508E-03  2.049512E-08  2.049675E-08
  2.713000E+03  3.210737E-07  1.063825E-04 -7.603135E-07  1.926816E-04 -1.279610E-02  2.049626E-08  2.049834E-08
  2.714000E+03 -5.190585E-07  1.063536E-04 -2.570842E-07  1.927178E-04 -8.911329E-03  2.049542E-08  2.049661E-08
  2.715000E+03  7.036469E-08  1.065219E-04  1.002990E-06  1.924248E-04 -1.140491E-02  2.049612E-08  2.049817E-08
  2.716000E+03  4.960425E-07  1.063092E-04 -5.095346E-07  1.928098E-04 -1.177627E-02  2.049603E-08  2.049780E-08
  2.717000E+03 -4.606953E-07  1.064502E-04 -6.587684E-07  1.925424E-04 -8.669577E-03  2.049541E-08  2.049677E-08
  2.718000E+03 -1.690833E-07  1.064724E-04  1.057156E-06  1.925293E-04 -1.275977E-02  2.049740E-08  2.049970E-08
  2.719000E+03  6.094233E-07  1.062975E-04 -1.115981E-07  1.928294E-04 -9.945052E-03  2.049626E-08  2.049767E-08
  2.720000E+03 -3.018213E-07  1.065308E-04 -1.007486E-06  1.924011E-04 -9.857753E-03  2.049564E-08  2.049746E-08
  2.721000E+03 -4.129241E-07  1.063780E-04  9.153086E-07  1.927040E-04 -1.307491E-02  2.049772E-08  2.049999E-08
  2.722000E+03  6.302979E-07  1.063645E-04  3.575142E-07  1.927052E-04 -8.578736E-03  2.049624E-08  2.049752E-08
  2.723000E+03 -6.269221E-08  1.065447E-04 -1.223551E-06  1.923904E-04 -1.186955E-02  2.049674E-08  2.049908E-08
  2.724000E+03 -6.120884E-07  1.062871E-04  5.849007E-07  1.928633E-04 -1.190959E-02  2.049742E-08  2.049935E-08
  2.725000E+03  5.461611E-07  1.064650E-04  8.256893E-07  1.925185E-04 -8.567420E-03  2.049572E-08  2.049724E-08
  2.726000E+03  2.171905E-07  1.064722E-04 -1.263508E-06  1.925341E-04 -1.340965E-02  2.049768E-08  2.050031E-08
  2.727000E+03 -7.369770E-07  1.062737E-04  1.223787E-07  1.928826E-04 -9.925883E-03  2.049733E-08  2.049887E-08
  2.728000E+03  3.578187E-07  1.065460E-04  1.211902E-06  1.923769E-04 -9.971221E-03  2.049597E-08  2.049801E-08
  2.729000E+03  4.896759E-07  1.063589E-04 -1.084326E-06  1.927391E-04 -1.369008E-02  2.049761E-08  2.050018E-08
  2.730000E+03 -7.503962E-07  1.063422E-04 -4.153119E-07  1.927469E-04 -8.321242E-03  2.049642E-08  2.049779E-08
  2.731000E+03  8.138288E-08  1.065523E-04  1.438354E-06  1.923747E-04 -1.194205E-02  2.049650E-08  2.049904E-08
  2.732000E+03  7.090170E-07  1.062541E-04 -6.971418E-07  1.929218E-04 -1.203314E-02  2.049724E-08  2.049933E-08
  2.733000E+03 -6.338440E-07  1.064519E-04 -9.359257E-07  1.925384E-04 -7.850372E-03  2.049544E-08  2.049696E-08
  2.734000E+03 -2.319365E-07  1.064743E-04  1.428826E-06  1.925189E-04 -1.352574E-02  2.049644E-08  2.049924E-08
  2.735000E+03  8.202713E-07  1.062301E-04 -1.615672E-07  1.929556E-04 -9.534612E-03  2.049677E-08  2.049833E-08
  2.736000E+03 -4.031069E-07  1.065480E-04 -1.324111E-06  1.923653E-04 -9.235168E-03  2.049526E-08  2.049728E-08
  2.737000E+03 -5.207628E-07  1.063388E-04  1.183135E-06  1.927603E-04 -1.378133E-02  2.049595E-08  2.049862E-08
  2.738000E+03  8.038779E-07  1.063109E-04  4.260398E-07  1.927958E-04 -7.535511E-03  2.049572E-08  2.049701E-08
  2.739000E+03 -9.624050E-08  1.065670E-04 -1.522997E-06  1.923375E-04 -1.176035E-02  2.049542E-08  2.049804E-08
  2.740000E+03 -7.434147E-07  1.062253E-04  7.377072E-07  1.929627E-04 -1.223077E-02  2.049599E-08  2.049819E-08
  2.741000E+03  6.603431E-07  1.064489E-04  9.835549E-07  1.925364E-04 -7.414842E-03  2.049473E-08  2.049623E-08
  2.742000E+03  2.484797E-07  1.064835E-04 -1.478266E-06  1.924887E-04 -1.403155E-02  2.049485E-08  2.049787E-08
  2.743000E+03 -8.481721E-07  1.062090E-04  1.351791E-07  1.929856E-04 -9.679601E-03  2.049584E-08  2.049747E-08
  2.744000E+03  3.883492E-07  1.065649E-04  1.382471E-06  1.923263E-04 -9.184724E-03  2.049437E-08  2.049645E-08
  2.745000E+03  5.523140E-07  1.063428E-04 -1.155984E-06  1.927398E-04 -1.439275E-02  2.049436E-08  2.049723E-08
  2.746000E+03 -7.965193E-07  1.063122E-04 -4.997770E-07  1.927896E-04 -7.498040E-03  2.049531E-08  2.049660E-08
  2.747000E+03  4.604171E-08  1.065890E-04  1.530119E-06  1.922891E-04 -1.204648E-02  2.049441E-08  2.049717E-08
  2.748000E+03  7.536372E-07  1.062205E-04 -6.401073E-07  1.929630E-04 -1.250312E-02  2.049504E-08  2.049728E-08
  2.749000E+03 -6.064232E-07  1.064677E-04 -1.032625E-06  1.925039E-04 -7.251069E-03  2.049490E-08  2.049638E-08
  2.750000E+03 -2.976142E-07  1.064900E-04  1.391324E-06  1.924701E-04 -1.437315E-02  2.049402E-08  2.049711E-08
  2.751000E+03  8.099275E-07  1.062007E-04 -4.336287E-09  1.929964E-04 -9.458343E-03  2.049544E-08  2.049696E-08
  2.752000E+03 -3.015765E-07  1.065861E-04 -1.363175E-06  1.922915E-04 -9.176701E-03  2.049474E-08  2.049681E-08
  2.753000E+03 -5.729262E-07  1.063239E-04  9.961142E-07  1.927717E-04 -1.469370E-02  2.049403E-08  2.049690E-08
  2.754000E+03  7.164035E-07  1.063056E-04  5.944991E-07  1.928038E-04 -7.165594E-03  2.049559E-08  2.049675E-08
  2.755000E+03  3.566088E-08  1.065996E-04 -1.427378E-06  1.922718E-04 -1.242396E-02  2.049451E-08  2.049731E-08
  2.756000E+03 -7.239813E-07  1.061911E-04  4.529511E-07  1.930170E-04 -1.272126E-02  2.049502E-08  2.049721E-08
  2.757000E+03  4.987365E-07  1.064768E-04  1.048210E-06  1.924956E-04 -7.049308E-03  2.049580E-08  2.049717E-08
  2.758000E+03  3.471566E-07  1.064867E-04 -1.214224E-06  1.924780E-04 -1.487060E-02  2.049409E-08  2.049722E-08
  2.759000E+03 -7.296382E-07  1.061867E-04 -1.475939E-07  1.930241E-04 -9.265472E-03  2.049573E-08  2.049710E-08
  2.760000E+03  1.949569E-07  1.066146E-04  1.280304E-06  1.922498E-04 -9.262467E-03  2.049576E-08  2.049782E-08
  2.761000E+03  5.719768E-07  1.063119E-04 -7.799827E-07  1.927993E-04 -1.500782E-02  2.049455E-08  2.049739E-08
  2.762000E+03 -5.979748E-07  1.063206E-04 -6.827266E-07  1.927842E-04 -6.782637E-03  2.049646E-08  2.049746E-08
  2.763000E+03 -1.292640E-07  1.066193E-04  1.256032E-06  1.922450E-04 -1.276201E-02  2.049536E-08  2.049819E-08
  2.764000E+03  6.712641E-07  1.061693E-04 -2.250627E-07  1.930619E-04 -1.240665E-02  2.049567E-08  2.049767E-08
  2.765000E+03 -3.582776E-07  1.065074E-04 -1.045642E-06  1.924525E-04 -6.756722E-03  2.049715E-08  2.049843E-08
  2.766000E+03 -4.008666E-07  1.064797E-04  9.729619E-07  1.924997E-04 -1.533337E-02  2.049490E-08  2.049805E-08
  2.767000E+03  6.232882E-07  1.061711E-04  3.329620E-07  1.930587E-04 -8.739069E-03  2.049647E-08  2.049763E-08
  2.768000E+03 -5.594377E-08  1.066404E-04 -1.168321E-06  1.922172E-04 -9.458753E-03  2.049719E-08  2.049925E-08
  2.769000E+03 -5.665406E-07  1.062750E-04  4.992736E-07  1.928726E-04 -1.519117E-02  2.049517E-08  2.049793E-08
  2.770000E+03  4.481358E-07  1.063264E-04  7.764098E-07  1.927809E-04 -6.238544E-03  2.049729E-08  2.049812E-08
  2.771000E+03  2.344082E-07  1.066350E-04 -1.031345E-06  1.922315E-04 -1.340963E-02  2.049675E-08  2.049968E-08
  2.772000E+03 -5.979843E-07  1.061362E-04 -3.866124E-08  1.931273E-04 -1.235501E-02  2.049623E-08  2.049813E-08
  2.773000E+03  1.897744E-07  1.065389E-04  1.027317E-06  1.924049E-04 -6.574175E-03  2.049816E-08  2.049940E-08
  2.774000E+03  4.548721E-07  1.064820E-04 -6.775958E-07  1.925081E-04 -1.604207E-02  2.049601E-08  2.049929E-08
  2.775000E+03 -4.987339E-07  1.061623E-04 -5.344121E-07  1.930792E-04 -8.279119E-03  2.049704E-08  2.049805E-08
  2.776000E+03 -1.021137E-07  1.066861E-04  1.038967E-06  1.921445E-04 -9.647458E-03  2.049819E-08  2.050037E-08
  2.777000E+03  5.585086E-07  1.062634E-04 -1.834501E-07  1.928947E-04 -1.565060E-02  2.049514E-08  2.049797E-08
  2.778000E+03 -2.839436E-07  1.063396E-04 -8.806219E-07  1.927552E-04 -5.682440E-03  2.049719E-08  2.049790E-08
  2.779000E+03 -3.520998E-07  1.066718E-04  7.911381E-07  1.921707E-04 -1.385039E-02  2.049723E-08  2.050035E-08
  2.780000E+03  5.198835E-07  1.061162E-04  3.228281E-07  1.931540E-04 -1.233529E-02  2.049521E-08  2.049705E-08
  2.781000E+03 -1.083711E-08  1.065610E-04 -9.971633E-07  1.923577E-04 -5.953156E-03  2.049746E-08  2.049863E-08
  2.782000E+03 -5.050446E-07  1.064907E-04  3.657603E-07  1.924927E-04 -1.632226E-02  2.049595E-08  2.049930E-08
  2.783000E+03  3.586565E-07  1.061336E-04  7.246534E-07  1.931185E-04 -7.662286E-03  2.049576E-08  2.049663E-08
  2.784000E+03  2.513504E-07  1.067106E-04 -8.715232E-07  1.920903E-04 -9.107123E-03  2.049723E-08  2.049937E-08
  2.785000E+03 -5.292276E-07  1.062449E-04 -1.185178E-07  1.929199E-04 -1.577483E-02  2.049421E-08  2.049703E-08
  2.786000E+03  1.230993E-07  1.063185E-04  9.325908E-07  1.927784E-04 -4.648274E-03  2.049570E-08  2.049625E-08
  2.787000E+03  4.358609E-07  1.066920E-04 -5.487004E-07  1.921233E-04 -1.357911E-02  2.049614E-08  2.049924E-08
  2.788000E+03 -4.306938E-07  1.060807E-04 -5.407166E-07  1.932013E-04 -1.211017E-02  2.049344E-08  2.049522E-08
  2.789000E+03 -1.300888E-07  1.065684E-04  9.257150E-07  1.923261E-04 -5.124478E-03  2.049562E-08  2.049670E-08
  2.790000E+03  5.196675E-07  1.065003E-04 -1.178590E-07  1.924659E-04 -1.664484E-02  2.049484E-08  2.049830E-08
  2.791000E+03 -2.413771E-07  1.061121E-04 -8.297076E-07  1.931384E-04 -7.412280E-03  2.049376E-08  2.049457E-08
  2.792000E+03 -3.451292E-07  1.067373E-04  7.189757E-07  1.920273E-04 -9.022725E-03  2.049565E-08  2.049788E-08
  2.793000E+03  4.874366E-07  1.062411E-04  3.195283E-07  1.929182E-04 -1.633792E-02  2.049311E-08  2.049610E-08
  2.794000E+03 -9.126958E-09  1.063119E-04 -9.307084E-07  1.927717E-04 -4.515575E-03  2.049372E-08  2.049425E-08
  2.795000E+03 -4.770949E-07  1.067102E-04  3.632120E-07  1.920829E-04 -1.401719E-02  2.049518E-08  2.049847E-08
  2.796000E+03  3.518517E-07  1.060639E-04  6.644642E-07  1.932261E-04 -1.257243E-02  2.049269E-08  2.049459E-08
  2.797000E+03  2.145412E-07  1.065715E-04 -8.417864E-07  1.923073E-04 -5.129264E-03  2.049421E-08  2.049531E-08
  2.798000E+03 -5.085351E-07  1.065014E-04 -4.304323E-08  1.924613E-04 -1.717952E-02  2.049438E-08  2.049802E-08
  2.799000E+03  1.633852E-07  1.060920E-04  8.543896E-07  1.931684E-04 -7.522791E-03  2.049304E-08  2.049387E-08
  2.800000E+03  3.786033E-07  1.067440E-04 -6.084878E-07  1.920100E-04 -9.053636E-03  2.049507E-08  2.049732E-08
  2.801000E+03 -4.438949E-07  1.062276E-04 -3.981538E-07  1.929463E-04 -1.655483E-02  2.049342E-08  2.049646E-08
  2.802000E+03 -3.400297E-08  1.063089E-04  8.861628E-07  1.927704E-04 -4.301832E-03  2.049302E-08  2.049350E-08
  2.803000E+03  4.690522E-07  1.067235E-04 -2.933366E-07  1.920621E-04 -1.408904E-02  2.049550E-08  2.049884E-08
  2.804000E+03 -3.159283E-07  1.060602E-04 -6.693701E-07  1.932407E-04 -1.251974E-02  2.049355E-08  2.049541E-08
  2.805000E+03 -2.207656E-07  1.065901E-04  7.914539E-07  1.922692E-04 -4.920014E-03  2.049374E-08  2.049485E-08
  2.806000E+03  4.883090E-07  1.065178E-04  5.986838E-08  1.924410E-04 -1.742340E-02  2.049528E-08  2.049902E-08
  2.807000E+03 -1.505057E-07  1.060929E-04 -8.306604E-07  1.931743E-04 -7.417479E-03  2.049385E-08  2.049465E-08
  2.808000E+03 -3.670839E-07  1.067639E-04  5.891360E-07  1.919746E-04 -9.022121E-03  2.049513E-08  2.049744E-08
  2.809000E+03  4.328386E-07  1.062291E-04  3.825506E-07  1.929575E-04 -1.680396E-02  2.049480E-08  2.049791E-08
  2.810000E+03  2.326163E-08  1.063106E-04 -8.634631E-07  1.927733E-04 -4.231618E-03  2.049366E-08  2.049412E-08
  2.811000E+03 -4.512037E-07  1.067340E-04  3.202567E-07  1.920522E-04 -1.438753E-02  2.049637E-08  2.049982E-08
  2.812000E+03  3.250170E-07  1.060455E-04  6.213168E-07  1.932836E-04 -1.259320E-02  2.049523E-08  2.049712E-08
  2.813000E+03  1.835613E-07  1.065955E-04 -7.959887E-07  1.922656E-04 -4.831074E-03  2.049440E-08  2.049550E-08
  2.814000E+03 -4.805329E-07  1.065081E-04  2.261593E-08  1.924717E-04 -1.764933E-02  2.049661E-08  2.050040E-08
  2.815000E+03  1.946313E-07  1.060858E-04  7.914355E-07  1.932015E-04 -7.043243E-03  2.049543E-08  2.049618E-08
  2.816000E+03  3.245477E-07  1.067844E-04 -6.637012E-07  1.919463E-04 -9.137388E-03  2.049601E-08  2.049842E-08
  2.817000E+03 -4.646181E-07  1.062138E-04 -2.740920E-07  1.930015E-04 -1.683439E-02  2.049652E-08  2.049965E-08
  2.818000E+03  4.652835E-08  1.063280E-04  8.879457E-07  1.927533E-04 -3.737184E-03  2.049493E-08  2.049538E-08
  2.819000E+03  4.383661E-07  1.067487E-04 -4.560205E-07  1.920335E-04 -1.471666E-02  2.049710E-08  2.050071E-08
  2.820000E+03 -3.976351E-07  1.060324E-04 -5.523697E-07  1.933196E-04 -1.217597E-02  2.049662E-08  2.049845E-08
  2.821000E+03 -1.209574E-07  1.066366E-04  8.924809E-07  1.922004E-04 -4.753242E-03  2.049538E-08  2.049662E-08
  2.822000E+03  5.086206E-07  1.065012E-04 -1.642855E-07  1.924939E-04 -1.824125E-02  2.049742E-08  2.050143E-08
  2.823000E+03 -2.786692E-07  1.060841E-04 -7.872653E-07  1.932130E-04 -6.551375E-03  2.049638E-08  2.049709E-08
  2.824000E+03 -2.901755E-07  1.068179E-04  8.008797E-07  1.918929E-04 -9.649663E-03  2.049664E-08  2.049932E-08
  2.825000E+03  5.228162E-07  1.061786E-04  1.583492E-07  1.930742E-04 -1.724575E-02  2.049730E-08  2.050061E-08
  2.826000E+03 -1.263172E-07  1.063384E-04 -9.403837E-07  1.927392E-04 -3.324339E-03  2.049546E-08  2.049593E-08
  2.827000E+03 -4.319935E-07  1.067559E-04  6.073526E-07  1.920218E-04 -1.558099E-02  2.049697E-08  2.050092E-08
  2.828000E+03  4.767622E-07  1.059926E-04  4.789263E-07  1.933942E-04 -1.219767E-02  2.049682E-08  2.049874E-08
  2.829000E+03  5.483008E-08  1.066562E-04 -9.949132E-07  1.921655E-04 -4.633186E-03  2.049542E-08  2.049677E-08
  2.830000E+03 -5.294229E-07  1.064803E-04  3.142234E-07  1.925262E-04 -1.900720E-02  2.049655E-08  2.050085E-08
  2.831000E+03  3.632243E-07  1.060465E-04  7.628955E-07  1.932759E-04 -6.040832E-03  2.049586E-08  2.049658E-08
  2.832000E+03  2.465084E-07  1.068352E-04 -9.219277E-07  1.918537E-04 -9.518235E-03  2.049580E-08  2.049859E-08
  2.833000E+03 -5.646938E-07  1.061402E-04 -4.970518E-08  1.931329E-04 -1.743722E-02  2.049606E-08  2.049948E-08
  2.834000E+03  1.880014E-07  1.063203E-04  9.676271E-07  1.927639E-04 -2.414793E-03  2.049465E-08  2.049508E-08
  2.835000E+03  4.229083E-07  1.067619E-04 -7.023559E-07  1.919949E-04 -1.562547E-02  2.049525E-08  2.049928E-08
  2.836000E+03 -5.165169E-07  1.059453E-04 -4.397023E-07  1.934669E-04 -1.188901E-02  2.049547E-08  2.049740E-08
  2.837000E+03 -3.143823E-08  1.066530E-04  1.046889E-06  1.921590E-04 -3.734969E-03  2.049419E-08  2.049549E-08
  2.838000E+03  5.474656E-07  1.064690E-04 -3.568437E-07  1.925287E-04 -1.914176E-02  2.049458E-08  2.049895E-08
  2.839000E+03 -3.897384E-07  1.060152E-04 -7.821770E-07  1.933225E-04 -5.559798E-03  2.049479E-08  2.049551E-08
  2.840000E+03 -2.547127E-07  1.068451E-04  9.754052E-07  1.918206E-04 -9.287557E-03  2.049421E-08  2.049705E-08
  2.841000E+03  5.955120E-07  1.061234E-04  5.495881E-08  1.931468E-04 -1.782362E-02  2.049415E-08  2.049774E-08
  2.842000E+03 -1.960297E-07  1.063085E-04 -1.030102E-06  1.927760E-04 -2.191794E-03  2.049367E-08  2.049412E-08
  2.843000E+03 -4.590095E-07  1.067770E-04  7.307310E-07  1.919528E-04 -1.597835E-02  2.049353E-08  2.049780E-08
  2.844000E+03  5.439808E-07  1.059323E-04  5.024378E-07  1.934813E-04 -1.223989E-02  2.049438E-08  2.049647E-08
  2.845000E+03  6.154299E-08  1.066643E-04 -1.124339E-06  1.921304E-04 -3.645389E-03  2.049332E-08  2.049471E-08
  2.846000E+03 -6.003589E-07  1.064842E-04  3.171300E-07  1.924891E-04 -1.961235E-02  2.049311E-08  2.049775E-08
  2.847000E+03  3.859906E-07  1.060143E-04  8.940101E-07  1.933212E-04 -5.717508E-03  2.049448E-08  2.049526E-08
  2.848000E+03  3.259808E-07  1.068620E-04 -1.003859E-06  1.917820E-04 -9.345680E-03  2.049331E-08  2.049632E-08
  2.849000E+03 -6.337972E-07  1.061304E-04 -1.868174E-07  1.931290E-04 -1.811700E-02  2.049350E-08  2.049724E-08
  2.850000E+03  1.368159E-07  1.063128E-04  1.150994E-06  1.927722E-04 -2.075339E-03  2.049411E-08  2.049461E-08
  2.851000E+03  5.514376E-07  1.067869E-04 -6.685341E-07  1.919314E-04 -1.596601E-02  2.049315E-08  2.049752E-08
  2.852000E+03 -5.422380E-07  1.059301E-04 -6.921530E-07  1.934865E-04 -1.236451E-02  2.049447E-08  2.049665E-08
  2.853000E+03 -1.621183E-07  1.066631E-04  1.193425E-06  1.921387E-04 -3.545423E-03  2.049398E-08  2.049541E-08
  2.854000E+03  6.727225E-07  1.064827E-04 -1.645571E-07  1.924957E-04 -1.974603E-02  2.049346E-08  2.049822E-08
  2.855000E+03 -3.305061E-07  1.060016E-04 -1.073343E-06  1.933511E-04 -5.810409E-03  2.049517E-08  2.049604E-08
  2.856000E+03 -4.408527E-07  1.068642E-04  9.756337E-07  1.917845E-04 -9.470566E-03  2.049397E-08  2.049707E-08
  2.857000E+03  6.607739E-07  1.061199E-04  3.954891E-07  1.931574E-04 -1.834559E-02  2.049439E-08  2.049829E-08
  2.858000E+03 -3.586539E-08  1.063113E-04 -1.267614E-06  1.927874E-04 -1.974329E-03  2.049544E-08  2.049600E-08
  2.859000E+03 -6.465581E-07  1.067995E-04  5.368782E-07  1.919194E-04 -1.620787E-02  2.049421E-08  2.049877E-08
  2.860000E+03  5.090878E-07  1.059215E-04  9.072565E-07  1.935121E-04 -1.245805E-02  2.049551E-08  2.049780E-08
  2.861000E+03  2.884204E-07  1.066836E-04 -1.209530E-06  1.921164E-04 -3.409589E-03  2.049554E-08  2.049709E-08
  2.862000E+03 -7.317418E-07  1.064950E-04 -4.788307E-08  1.924892E-04 -2.004299E-02  2.049503E-08  2.049999E-08
  2.863000E+03  2.384881E-07  1.059965E-04  1.261117E-06  1.933710E-04 -5.580676E-03  2.049633E-08  2.049725E-08
  2.864000E+03  5.701215E-07  1.068868E-04 -8.829706E-07  1.917562E-04 -9.322969E-03  2.049532E-08  2.049855E-08
  2.865000E+03 -6.666725E-07  1.061172E-04 -6.530573E-07  1.931769E-04 -1.844003E-02  2.049591E-08  2.049993E-08
  2.866000E+03 -1.010240E-07  1.063120E-04  1.377789E-06  1.927976E-04 -1.704492E-03  2.049667E-08  2.049730E-08
  2.867000E+03  7.527664E-07  1.068083E-04 -3.398864E-07  1.919160E-04 -1.637522E-02  2.049549E-08  2.050021E-08
  2.868000E+03 -4.523295E-07  1.059045E-04 -1.161176E-06  1.935518E-04 -1.239864E-02  2.049643E-08  2.049883E-08
  2.869000E+03 -4.441940E-07  1.066865E-04  1.202100E-06  1.921204E-04 -3.267225E-03  2.049654E-08  2.049817E-08
  2.870000E+03  7.864193E-07  1.064863E-04  3.181685E-07  1.925154E-04 -2.024426E-02  2.049606E-08  2.050118E-08
  2.871000E+03 -1.229055E-07  1.059888E-04 -1.455084E-06  1.933881E-04 -5.457356E-03  2.049667E-08  2.049769E-08
  2.872000E+03 -7.129297E-07  1.068986E-04  7.570157E-07  1.917427E-04 -9.590137E-03  2.049609E-08  2.049954E-08
  2.873000E+03  6.553156E-07  1.061067E-04  9.407060E-07  1.932012E-04 -1.860278E-02  2.049640E-08  2.050060E-08
  2.874000E+03  2.501880E-07  1.063249E-04 -1.464157E-06  1.927749E-04 -1.594592E-03  2.049675E-08  2.049750E-08
  2.875000E+03 -8.536794E-07  1.068202E-04  1.215822E-07  1.918988E-04 -1.667988E-02  2.049581E-08  2.050081E-08
  2.876000E+03  3.817104E-07  1.059070E-04  1.412846E-06  1.935425E-04 -1.236853E-02  2.049594E-08  2.049845E-08
  2.877000E+03  5.997283E-07  1.067076E-04 -1.172048E-06  1.920806E-04 -3.348928E-03  2.049635E-08  2.049820E-08
  2.878000E+03 -8.274033E-07  1.064915E-04 -5.916943E-07  1.925043E-04 -2.039309E-02  2.049582E-08  2.050114E-08
  2.879000E+03 -1.634145E-09  1.060025E-04  1.626249E-06  1.933524E-04 -5.332503E-03  2.049556E-08  2.049668E-08
  2.880000E+03  8.491586E-07  1.069115E-04 -6.028581E-07  1.917150E-04 -9.694701E-03  2.049557E-08  2.049925E-08
  2.881000E+03 -6.262838E-07  1.061026E-04 -1.225096E-06  1.931962E-04 -1.835301E-02  2.049517E-08  2.049942E-08
  2.882000E+03 -4.078174E-07  1.063336E-04  1.513570E-06  1.927455E-04 -1.289822E-03  2.049532E-08  2.049621E-08
  2.883000E+03  9.385990E-07  1.068105E-04  1.287657E-07  1.919089E-04 -1.649496E-02  2.049510E-08  2.050014E-08
  2.884000E+03 -2.846899E-07  1.058998E-04 -1.642974E-06  1.935356E-04 -1.181175E-02  2.049396E-08  2.049647E-08
  2.885000E+03 -7.498949E-07  1.067068E-04  1.088301E-06  1.920641E-04 -3.047814E-03  2.049444E-08  2.049641E-08
  2.886000E+03  8.394565E-07  1.064725E-04  8.636849E-07  1.925254E-04 -1.992151E-02  2.049459E-08  2.049981E-08
  2.887000E+03  1.315805E-07  1.059989E-04 -1.734868E-06  1.933376E-04 -4.700567E-03  2.049335E-08  2.049452E-08
  2.888000E+03 -9.508011E-07  1.069005E-04  4.251203E-07  1.917176E-04 -9.398101E-03  2.049380E-08  2.049750E-08
  2.889000E+03  5.725775E-07  1.060969E-04  1.451285E-06  1.931892E-04 -1.790406E-02  2.049349E-08  2.049768E-08
  2.890000E+03  5.342311E-07  1.063401E-04 -1.498179E-06  1.927151E-04 -1.227438E-03  2.049333E-08  2.049433E-08
  2.891000E+03 -9.756855E-07  1.067996E-04 -3.400728E-07  1.919151E-04 -1.644146E-02  2.049369E-08  2.049877E-08
  2.892000E+03  1.901594E-07  1.059129E-04  1.767078E-06  1.934949E-04 -1.171238E-02  2.049219E-08  2.049473E-08
  2.893000E+03  8.428664E-07  1.067133E-04 -9.775932E-07  1.920376E-04 -3.479286E-03  2.049284E-08  2.049496E-08
  2.894000E+03 -8.166806E-07  1.064625E-04 -1.057263E-06  1.925357E-04 -1.998381E-02  2.049374E-08  2.049904E-08
  2.895000E+03 -2.363859E-07  1.060157E-04  1.753318E-06  1.932974E-04 -4.959949E-03  2.049232E-08  2.049355E-08
  2.896000E+03  9.963969E-07  1.068891E-04 -2.574210E-07  1.917325E-04 -9.958866E-03  2.049309E-08  2.049690E-08
  2.897000E+03 -5.015508E-07  1.060942E-04 -1.577481E-06  1.931912E-04 -1.787468E-02  2.049320E-08  2.049741E-08
  2.898000E+03 -6.156587E-07  1.063486E-04  1.419848E-06  1.926950E-04 -1.739695E-03  2.049282E-08  2.049387E-08
  2.899000E+03  9.616728E-07  1.067767E-04  4.973500E-07  1.919582E-04 -1.661985E-02  2.049383E-08  2.049888E-08
  2.900000E+03 -1.054882E-07  1.059227E-04 -1.785357E-06  1.934791E-04 -1.162071E-02  2.049244E-08  2.049493E-08
  2.901000E+03 -8.709812E-07  1.067046E-04  8.399229E-07  1.920556E-04 -3.869460E-03  2.049306E-08  2.049515E-08
  2.902000E+03  7.556196E-07  1.064517E-04  1.141051E-06  1.925591E-04 -1.961414E-02  2.049431E-08  2.049940E-08
  2.903000E+03  2.930498E-07  1.060426E-04 -1.674192E-06  1.932557E-04 -5.033989E-03  2.049307E-08  2.049424E-08
  2.904000E+03 -9.725443E-07  1.068790E-04  1.461482E-07  1.917615E-04 -1.006973E-02  2.049424E-08  2.049796E-08
  2.905000E+03  4.366313E-07  1.061127E-04  1.572310E-06  1.931674E-04 -1.741363E-02  2.049440E-08  2.049838E-08
  2.906000E+03  6.300006E-07  1.063782E-04 -1.309652E-06  1.926507E-04 -2.124054E-03  2.049378E-08  2.049481E-08
  2.907000E+03 -9.124046E-07  1.067672E-04 -5.501007E-07  1.919909E-04 -1.660213E-02  2.049551E-08  2.050042E-08
  2.908000E+03  6.130466E-08  1.059513E-04  1.723815E-06  1.934449E-04 -1.132403E-02  2.049443E-08  2.049674E-08
  2.909000E+03  8.508844E-07  1.067138E-04 -7.472177E-07  1.920547E-04 -4.414583E-03  2.049468E-08  2.049676E-08
  2.910000E+03 -7.038056E-07  1.064410E-04 -1.131359E-06  1.925959E-04 -1.943516E-02  2.049622E-08  2.050113E-08
  2.911000E+03 -3.033046E-07  1.060698E-04  1.585147E-06  1.932226E-04 -5.159169E-03  2.049480E-08  2.049589E-08
  2.912000E+03  9.251815E-07  1.068635E-04 -1.009364E-07  1.918067E-04 -1.058522E-02  2.049600E-08  2.049963E-08
  2.913000E+03 -4.002129E-07  1.061042E-04 -1.501500E-06  1.932021E-04 -1.695890E-02  2.049661E-08  2.050034E-08
  2.914000E+03 -6.000126E-07  1.063960E-04  1.224866E-06  1.926327E-04 -2.323824E-03  2.049530E-08  2.049628E-08
  2.915000E+03  8.605618E-07  1.067425E-04  5.131575E-07  1.920497E-04 -1.669827E-02  2.049701E-08  2.050175E-08
  2.916000E+03 -6.819385E-08  1.059657E-04 -1.624541E-06  1.934376E-04 -1.081749E-02  2.049655E-08  2.049864E-08
  2.917000E+03 -7.915643E-07  1.067310E-04  7.323748E-07  1.920369E-04 -4.774546E-03  2.049606E-08  2.049813E-08
  2.918000E+03  6.826675E-07  1.064205E-04  1.022329E-06  1.926432E-04 -1.923120E-02  2.049740E-08  2.050210E-08
  2.919000E+03  2.518080E-07  1.060993E-04 -1.518490E-06  1.931798E-04 -4.713374E-03  2.049601E-08  2.049695E-08
  2.920000E+03 -8.672343E-07  1.068692E-04  1.735145E-07  1.918031E-04 -1.093696E-02  2.049662E-08  2.050026E-08
  2.921000E+03  4.245535E-07  1.060993E-04  1.373586E-06  1.932192E-04 -1.664471E-02  2.049757E-08  2.050112E-08
  2.922000E+03  5.254702E-07  1.064305E-04 -1.223937E-06  1.925749E-04 -2.441932E-03  2.049579E-08  2.049675E-08
  2.923000E+03 -8.301273E-07  1.067266E-04 -3.871435E-07  1.920783E-04 -1.716372E-02  2.049685E-08  2.050160E-08
  2.924000E+03  1.260935E-07  1.059682E-04  1.523793E-06  1.934369E-04 -1.046812E-02  2.049703E-08  2.049897E-08
  2.925000E+03  7.142166E-07  1.067458E-04 -7.921074E-07  1.920115E-04 -5.383012E-03  2.049613E-08  2.049825E-08
  2.926000E+03 -6.853979E-07  1.063877E-04 -8.678194E-07  1.927001E-04 -1.934471E-02  2.049709E-08  2.050171E-08
  2.927000E+03 -1.700469E-07  1.061166E-04  1.462264E-06  1.931477E-04 -4.673827E-03  2.049594E-08  2.049679E-08
  2.928000E+03  8.032323E-07  1.068513E-04 -2.855080E-07  1.918300E-04 -1.168847E-02  2.049590E-08  2.049955E-08
  2.929000E+03 -4.613363E-07  1.060762E-04 -1.216501E-06  1.932554E-04 -1.636532E-02  2.049706E-08  2.050045E-08
  2.930000E+03 -4.292725E-07  1.064422E-04  1.219286E-06  1.925479E-04 -2.797094E-03  2.049515E-08  2.049607E-08
  2.931000E+03  7.881520E-07  1.066798E-04  2.331253E-07  1.921486E-04 -1.730421E-02  2.049531E-08  2.049986E-08
  2.932000E+03 -1.906075E-07  1.059662E-04 -1.397476E-06  1.934302E-04 -9.877727E-03  2.049606E-08  2.049779E-08
  2.933000E+03 -6.271482E-07  1.067335E-04  8.477857E-07  1.920208E-04 -5.612534E-03  2.049473E-08  2.049676E-08
  2.934000E+03  6.813589E-07  1.063498E-04  7.092988E-07  1.927523E-04 -1.878855E-02  2.049555E-08  2.049983E-08
  2.935000E+03  9.065029E-08  1.061225E-04 -1.403123E-06  1.931244E-04 -4.268226E-03  2.049466E-08  2.049541E-08
  2.936000E+03 -7.485976E-07  1.068158E-04  3.904916E-07  1.918750E-04 -1.161267E-02  2.049390E-08  2.049734E-08
  2.937000E+03  4.966003E-07  1.060589E-04  1.100082E-06  1.932701E-04 -1.552345E-02  2.049556E-08  2.049864E-08
  2.938000E+03  3.589747E-07  1.064378E-04 -1.246086E-06  1.925415E-04 -2.707280E-03  2.049362E-08  2.049450E-08
  2.939000E+03 -7.785698E-07  1.066477E-04 -1.102734E-07  1.921885E-04 -1.696403E-02  2.049351E-08  2.049782E-08
  2.940000E+03  2.536787E-07  1.059754E-04  1.338978E-06  1.934022E-04 -9.626582E-03  2.049493E-08  2.049658E-08
  2.941000E+03  5.777343E-07  1.067168E-04 -9.366617E-07  1.920363E-04 -5.970612E-03  2.049312E-08  2.049513E-08
  2.942000E+03 -7.103896E-07  1.063406E-04 -6.003962E-07  1.927560E-04 -1.852474E-02  2.049428E-08  2.049845E-08
  2.943000E+03 -2.228494E-08  1.061396E-04  1.415956E-06  1.930870E-04 -4.714793E-03  2.049394E-08  2.049472E-08
  2.944000E+03  7.323847E-07  1.067953E-04 -5.060337E-07  1.918991E-04 -1.187496E-02  2.049247E-08  2.049590E-08
  2.945000E+03 -5.500770E-07  1.060814E-04 -1.036394E-06  1.932238E-04 -1.542672E-02  2.049501E-08  2.049805E-08
  2.946000E+03 -3.121631E-07  1.064497E-04  1.314957E-06  1.925191E-04 -3.347561E-03  2.049348E-08  2.049444E-08
  2.947000E+03  7.977578E-07  1.066412E-04  1.889132E-08  1.921962E-04 -1.686589E-02  2.049312E-08  2.049741E-08
  2.948000E+03 -3.094228E-07  1.060097E-04 -1.345434E-06  1.933424E-04 -9.820446E-03  2.049517E-08  2.049684E-08
  2.949000E+03 -5.720072E-07  1.067100E-04  1.038735E-06  1.920519E-04 -6.360983E-03  2.049345E-08  2.049552E-08
  2.950000E+03  7.583182E-07  1.063515E-04  5.690778E-07  1.927410E-04 -1.807153E-02  2.049495E-08  2.049902E-08
  2.951000E+03 -1.239445E-08  1.061629E-04 -1.488033E-06  1.930551E-04 -5.066466E-03  2.049503E-08  2.049590E-08
  2.952000E+03 -7.609148E-07  1.067740E-04  5.897987E-07  1.919464E-04 -1.185183E-02  2.049344E-08  2.049682E-08
  2.953000E+03  6.001347E-07  1.061012E-04  1.057606E-06  1.931994E-04 -1.512575E-02  2.049636E-08  2.049936E-08
  2.954000E+03  3.080203E-07  1.064455E-04 -1.404934E-06  1.925468E-04 -3.904058E-03  2.049557E-08  2.049663E-08
  2.955000E+03 -8.391564E-07  1.066232E-04  1.423697E-08  1.922447E-04 -1.658552E-02  2.049492E-08  2.049910E-08
  2.956000E+03  3.397414E-07  1.060326E-04  1.403568E-06  1.933151E-04 -1.006867E-02  2.049666E-08  2.049843E-08
  2.957000E+03  5.894975E-07  1.066871E-04 -1.100271E-06  1.921158E-04 -6.799904E-03  2.049582E-08  2.049789E-08
  2.958000E+03 -7.932841E-07  1.063562E-04 -5.816454E-07  1.927515E-04 -1.764034E-02  2.049712E-08  2.050108E-08
  2.959000E+03  1.385210E-08  1.061859E-04  1.548971E-06  1.930322E-04 -5.563972E-03  2.049698E-08  2.049796E-08
  2.960000E+03  7.931606E-07  1.067554E-04 -6.072587E-07  1.920041E-04 -1.188416E-02  2.049602E-08  2.049935E-08
  2.961000E+03 -6.209862E-07  1.061341E-04 -1.113133E-06  1.931582E-04 -1.485388E-02  2.049841E-08  2.050137E-08
  2.962000E+03 -3.300865E-07  1.064556E-04  1.457817E-06  1.925479E-04 -4.489431E-03  2.049760E-08  2.049877E-08
  2.963000E+03  8.778861E-07  1.066114E-04  1.241819E-08  1.922854E-04 -1.607565E-02  2.049717E-08  2.050118E-08
  2.964000E+03 -3.351480E-07  1.060724E-04 -1.485771E-06  1.932567E-04 -9.960531E-03  2.049818E-08  2.049995E-08
  2.965000E+03 -6.316233E-07  1.066699E-04  1.115799E-06  1.921638E-04 -7.155525E-03  2.049756E-08  2.049967E-08
  2.966000E+03  8.193155E-07  1.063579E-04  6.544706E-07  1.927593E-04 -1.696952E-02  2.049852E-08  2.050230E-08
  2.967000E+03  1.745133E-08  1.062103E-04 -1.624409E-06  1.929970E-04 -6.006596E-03  2.049791E-08  2.049901E-08
  2.968000E+03 -8.383538E-07  1.067152E-04  5.748412E-07  1.920890E-04 -1.189330E-02  2.049737E-08  2.050058E-08
  2.969000E+03  6.205140E-07  1.061489E-04  1.207063E-06  1.931345E-04 -1.432447E-02  2.049891E-08  2.050176E-08
  2.970000E+03  3.774062E-07  1.064523E-04 -1.487382E-06  1.925573E-04 -5.164351E-03  2.049790E-08  2.049918E-08
  2.971000E+03 -9.069289E-07  1.065798E-04 -8.693827E-08  1.923454E-04 -1.573280E-02  2.049760E-08  2.050145E-08
  2.972000E+03  3.074927E-07  1.061071E-04  1.559837E-06  1.931927E-04 -1.003552E-02  2.049809E-08  2.049989E-08
  2.973000E+03  6.755807E-07  1.066461E-04 -1.090360E-06  1.922053E-04 -7.866915E-03  2.049731E-08  2.049948E-08
  2.974000E+03 -8.183775E-07  1.063550E-04 -7.407198E-07  1.927575E-04 -1.630292E-02  2.049801E-08  2.050160E-08
  2.975000E+03 -6.093225E-08  1.062557E-04  1.649072E-06  1.929112E-04 -6.522697E-03  2.049747E-08  2.049868E-08
  2.976000E+03  8.635499E-07  1.066777E-04 -5.022825E-07  1.921514E-04 -1.218444E-02  2.049675E-08  2.049992E-08
  2.977000E+03 -5.878293E-07  1.061828E-04 -1.282049E-06  1.930590E-04 -1.358944E-02  2.049766E-08  2.050032E-08
  2.978000E+03 -4.283937E-07  1.064816E-04  1.454560E-06  1.924961E-04 -6.186512E-03  2.049690E-08  2.049838E-08
  2.979000E+03  9.059190E-07  1.065370E-04  1.928823E-07  1.924107E-04 -1.528823E-02  2.049647E-08  2.050009E-08
  2.980000E+03 -2.468907E-07  1.061695E-04 -1.603219E-06  1.930627E-04 -9.572336E-03  2.049642E-08  2.049812E-08
  2.981000E+03 -7.202475E-07  1.066272E-04  9.962569E-07  1.922260E-04 -8.743682E-03  2.049574E-08  2.049801E-08
  2.982000E+03  7.838292E-07  1.063270E-04  8.584390E-07  1.927866E-04 -1.505736E-02  2.049610E-08  2.049926E-08
  2.983000E+03  1.398183E-07  1.063046E-04 -1.634825E-06  1.928050E-04 -6.550423E-03  2.049563E-08  2.049688E-08
  2.984000E+03 -8.850971E-07  1.066210E-04  3.618812E-07  1.922382E-04 -1.222875E-02  2.049510E-08  2.049810E-08
  2.985000E+03  5.210606E-07  1.061911E-04  1.367587E-06  1.930187E-04 -1.225673E-02  2.049532E-08  2.049762E-08
  2.986000E+03  4.956798E-07  1.064918E-04 -1.369431E-06  1.924574E-04 -6.580387E-03  2.049469E-08  2.049624E-08
  2.987000E+03 -8.834472E-07  1.064814E-04 -3.359705E-07  1.924930E-04 -1.442976E-02  2.049480E-08  2.049801E-08
  2.988000E+03  1.642330E-07  1.062045E-04  1.613600E-06  1.929803E-04 -8.752061E-03  2.049459E-08  2.049612E-08
  2.989000E+03  7.543347E-07  1.066057E-04 -8.588641E-07  1.922478E-04 -9.259915E-03  2.049384E-08  2.049612E-08
  2.990000E+03 -7.229616E-07  1.063094E-04 -9.598525E-07  1.928028E-04 -1.406892E-02  2.049472E-08  2.049755E-08
  2.991000E+03 -2.138302E-07  1.063492E-04  1.566818E-06  1.927140E-04 -6.824980E-03  2.049449E-08  2.049580E-08
  2.992000E+03  8.718638E-07  1.065835E-04 -2.079349E-07  1.922951E-04 -1.258165E-02  2.049386E-08  2.049680E-08
  2.993000E+03 -4.373041E-07  1.062173E-04 -1.393157E-06  1.929597E-04 -1.168884E-02  2.049426E-08  2.049638E-08
  2.994000E+03 -5.418207E-07  1.065078E-04  1.237691E-06  1.924223E-04 -7.615571E-03  2.049388E-08  2.049558E-08
  2.995000E+03  8.306197E-07  1.064466E-04  4.682085E-07  1.925542E-04 -1.429450E-02  2.049464E-08  2.049769E-08
  2.996000E+03 -7.751366E-08  1.062471E-04 -1.566924E-06  1.929041E-04 -8.911105E-03  2.049469E-08  2.049620E-08
  2.997000E+03 -7.613687E-07  1.065801E-04  6.947174E-07  1.922942E-04 -1.022809E-02  2.049367E-08  2.049601E-08
  2.998000E+03  6.375284E-07  1.062993E-04  1.028112E-06  1.928224E-04 -1.351111E-02  2.049501E-08  2.049760E-08
  2.999000E+03  2.764969E-07  1.063829E-04 -1.438046E-06  1.926619E-04 -7.488249E-03  2.049537E-08  2.049674E-08
  3.000000E+03 -8.271171E-07  1.065366E-04  5.462964E-08  1.923885E-04 -1.291047E-02  2.049471E-08  2.049752E-08
  3.001000E+03  3.378299E-07  1.062353E-04  1.364044E-06  1.929363E-04 -1.098309E-02  2.049541E-08  2.049727E-08
  3.002000E+03  5.583405E-07  1.065248E-04 -1.057822E-06  1.924053E-04 -8.369494E-03  2.049522E-08  2.049698E-08
  3.003000E+03 -7.421443E-07  1.064144E-04 -5.550082E-07  1.926262E-04 -1.392200E-02  2.049621E-08  2.049898E-08
  3.004000E+03  2.866108E-09  1.062968E-04  1.442426E-06  1.928304E-04 -8.501440E-03  2.049650E-08  2.049787E-08
  3.005000E+03  7.243243E-07  1.065840E-04 -5.286822E-07  1.923070E-04 -1.090906E-02  2.049563E-08  2.049800E-08
  3.006000E+03 -5.389617E-07  1.062988E-04 -1.024403E-06  1.928416E-04 -1.289050E-02  2.049714E-08  2.049944E-08
  3.007000E+03 -3.089294E-07  1.064353E-04  1.270043E-06  1.925886E-04 -7.708728E-03  2.049761E-08  2.049899E-08
  3.008000E+03  7.556894E-07  1.065165E-04  5.199366E-08  1.924479E-04 -1.328069E-02  2.049708E-08  2.049981E-08
  3.009000E+03 -2.591678E-07  1.062553E-04 -1.287060E-06  1.929201E-04 -1.039611E-02  2.049767E-08  2.049932E-08
  3.010000E+03 -5.425487E-07  1.065513E-04  9.007578E-07  1.923801E-04 -9.080462E-03  2.049750E-08  2.049933E-08
  3.011000E+03  6.593830E-07  1.063841E-04  5.779585E-07  1.927025E-04 -1.390203E-02  2.049850E-08  2.050111E-08
  3.012000E+03  3.840631E-08  1.063290E-04 -1.314347E-06  1.927916E-04 -8.343916E-03  2.049863E-08  2.049989E-08
  3.013000E+03 -6.689791E-07  1.065671E-04  4.218459E-07  1.923565E-04 -1.157220E-02  2.049751E-08  2.049988E-08
  3.014000E+03  4.692933E-07  1.062812E-04  9.649553E-07  1.928900E-04 -1.221168E-02  2.049906E-08  2.050107E-08
  3.015000E+03  2.950102E-07  1.064693E-04 -1.134764E-06  1.925406E-04 -7.935515E-03  2.049902E-08  2.050039E-08
  3.016000E+03 -6.809461E-07  1.064829E-04 -6.368718E-08  1.925164E-04 -1.346903E-02  2.049785E-08  2.050046E-08
  3.017000E+03  2.320165E-07  1.062747E-04  1.164658E-06  1.928936E-04 -9.726341E-03  2.049875E-08  2.050017E-08
  3.018000E+03  4.812647E-07  1.065680E-04 -8.126755E-07  1.923574E-04 -9.595858E-03  2.049820E-08  2.050008E-08
  3.019000E+03 -5.952392E-07  1.063578E-04 -4.908089E-07  1.927506E-04 -1.346228E-02  2.049868E-08  2.050103E-08
  3.020000E+03 -1.050884E-08  1.063692E-04  1.174502E-06  1.927193E-04 -8.039568E-03  2.049874E-08  2.049991E-08
  3.021000E+03  5.817825E-07  1.065612E-04 -4.201640E-07  1.923645E-04 -1.216764E-02  2.049708E-08  2.049948E-08
  3.022000E+03 -4.386819E-07  1.062771E-04 -8.117279E-07  1.928954E-04 -1.174491E-02  2.049894E-08  2.050074E-08
  3.023000E+03 -2.231033E-07  1.065001E-04  1.022634E-06  1.924808E-04 -8.315761E-03  2.049851E-08  2.049992E-08
  3.024000E+03  5.930102E-07  1.064519E-04 -1.579800E-08  1.925599E-04 -1.383662E-02  2.049640E-08  2.049895E-08
  3.025000E+03 -2.396251E-07  1.062812E-04 -9.798879E-07  1.928741E-04 -9.440742E-03  2.049798E-08  2.049925E-08
  3.026000E+03 -3.780715E-07  1.065703E-04  7.534085E-07  1.923448E-04 -1.032121E-02  2.049716E-08  2.049909E-08
  3.027000E+03  5.237417E-07  1.063211E-04  3.375524E-07  1.928024E-04 -1.344527E-02  2.049711E-08  2.049931E-08
  3.028000E+03 -4.119264E-08  1.063855E-04 -9.911588E-07  1.926767E-04 -8.108720E-03  2.049733E-08  2.049843E-08
  3.029000E+03 -4.585350E-07  1.065322E-04  4.309479E-07  1.924006E-04 -1.289417E-02  2.049515E-08  2.049755E-08
  3.030000E+03  3.958228E-07  1.062485E-04  5.999670E-07  1.929255E-04 -1.131824E-02  2.049674E-08  2.049831E-08
  3.031000E+03  1.299603E-07  1.065074E-04 -8.697175E-07  1.924485E-04 -8.544563E-03  2.049644E-08  2.049781E-08
  3.032000E+03 -4.738346E-07  1.064058E-04  1.138533E-07  1.926259E-04 -1.386291E-02  2.049454E-08  2.049691E-08
  3.033000E+03  2.443654E-07  1.062754E-04  7.465593E-07  1.928653E-04 -8.692053E-03  2.049605E-08  2.049707E-08
  3.034000E+03  2.534715E-07  1.065604E-04 -6.720312E-07  1.923432E-04 -1.054795E-02  2.049504E-08  2.049690E-08
  3.035000E+03 -4.368036E-07  1.062784E-04 -1.606239E-07  1.928615E-04 -1.286023E-02  2.049532E-08  2.049724E-08
  3.036000E+03  9.952033E-08  1.063901E-04  7.897973E-07  1.926497E-04 -7.544978E-03  2.049543E-08  2.049637E-08
  3.037000E+03  3.356183E-07  1.065002E-04 -4.624616E-07  1.924423E-04 -1.286591E-02  2.049344E-08  2.049569E-08
  3.038000E+03 -3.692087E-07  1.062256E-04 -3.811705E-07  1.929481E-04 -1.048474E-02  2.049491E-08  2.049621E-08
  3.039000E+03 -2.767113E-08  1.065153E-04  7.547749E-07  1.924176E-04 -8.531619E-03  2.049468E-08  2.049601E-08
  3.040000E+03  3.755203E-07  1.063758E-04 -2.438492E-07  1.926745E-04 -1.381980E-02  2.049395E-08  2.049620E-08
  3.041000E+03 -2.794198E-07  1.062804E-04 -5.330505E-07  1.928449E-04 -8.353653E-03  2.049492E-08  2.049582E-08
  3.042000E+03 -1.366062E-07  1.065615E-04  6.602983E-07  1.923309E-04 -1.109147E-02  2.049381E-08  2.049576E-08
  3.043000E+03  3.788572E-07  1.062634E-04 -2.367196E-08  1.928873E-04 -1.284933E-02  2.049516E-08  2.049701E-08
  3.044000E+03 -1.755264E-07  1.064121E-04 -6.196309E-07  1.926069E-04 -7.630714E-03  2.049511E-08  2.049605E-08
  3.045000E+03 -2.265659E-07  1.065030E-04  5.251744E-07  1.924412E-04 -1.336996E-02  2.049374E-08  2.049609E-08
  3.046000E+03  3.522935E-07  1.062343E-04  1.838522E-07  1.929380E-04 -1.044652E-02  2.049553E-08  2.049678E-08
  3.047000E+03 -6.498689E-08  1.065411E-04 -6.563400E-07  1.923774E-04 -8.883032E-03  2.049529E-08  2.049671E-08
  3.048000E+03 -2.949811E-07  1.063754E-04  3.556101E-07  1.926900E-04 -1.401497E-02  2.049546E-08  2.049773E-08
  3.049000E+03  3.069224E-07  1.062999E-04  3.580690E-07  1.928166E-04 -8.236100E-03  2.049569E-08  2.049656E-08
  3.050000E+03  4.426053E-08  1.065764E-04 -6.492312E-07  1.923159E-04 -1.139266E-02  2.049500E-08  2.049703E-08
  3.051000E+03 -3.365179E-07  1.062601E-04  1.625569E-07  1.929107E-04 -1.267381E-02  2.049708E-08  2.049886E-08
  3.052000E+03  2.296155E-07  1.064334E-04  4.965725E-07  1.925834E-04 -7.588338E-03  2.049671E-08  2.049766E-08
  3.053000E+03  1.471461E-07  1.064988E-04 -5.665877E-07  1.924742E-04 -1.362697E-02  2.049637E-08  2.049875E-08
  3.054000E+03 -3.393367E-07  1.062287E-04 -4.377695E-08  1.929685E-04 -1.024417E-02  2.049773E-08  2.049892E-08
  3.055000E+03  1.272710E-07  1.065529E-04  5.754200E-07  1.923763E-04 -9.128609E-03  2.049740E-08  2.049887E-08
  3.056000E+03  2.293750E-07  1.063626E-04 -4.236045E-07  1.927434E-04 -1.424690E-02  2.049860E-08  2.050089E-08
  3.057000E+03 -3.101022E-07  1.063071E-04 -2.244438E-07  1.928260E-04 -8.144256E-03  2.049809E-08  2.049893E-08
  3.058000E+03  2.385487E-08  1.065809E-04  5.981727E-07  1.923351E-04 -1.177396E-02  2.049783E-08  2.049993E-08
  3.059000E+03  2.835666E-07  1.062526E-04 -2.543671E-07  1.929495E-04 -1.254921E-02  2.049976E-08  2.050148E-08
  3.060000E+03 -2.513394E-07  1.064616E-04 -3.766042E-07  1.925506E-04 -7.672133E-03  2.049865E-08  2.049964E-08
  3.061000E+03 -7.968198E-08  1.064965E-04  5.533584E-07  1.925041E-04 -1.398651E-02  2.049900E-08  2.050145E-08
  3.062000E+03  3.082589E-07  1.062400E-04 -6.178089E-08  1.929643E-04 -9.819880E-03  2.049954E-08  2.050062E-08
  3.063000E+03 -1.648951E-07  1.065784E-04 -4.868566E-07  1.923435E-04 -9.473176E-03  2.049874E-08  2.050032E-08
  3.064000E+03 -1.704560E-07  1.063408E-04  4.480012E-07  1.927981E-04 -1.404724E-02  2.050028E-08  2.050247E-08
  3.065000E+03  2.966141E-07  1.063371E-04  1.252453E-07  1.927819E-04 -7.696061E-03  2.049925E-08  2.050003E-08
  3.066000E+03 -6.626181E-08  1.065775E-04 -5.335696E-07  1.923528E-04 -1.235506E-02  2.049892E-08  2.050112E-08
  3.067000E+03 -2.327902E-07  1.062307E-04  2.964965E-07  1.929932E-04 -1.201423E-02  2.050034E-08  2.050190E-08
  3.068000E+03  2.490341E-07  1.064895E-04  2.753859E-07  1.925026E-04 -7.799856E-03  2.049889E-08  2.049993E-08
  3.069000E+03  2.744847E-08  1.064558E-04 -5.069822E-07  1.925797E-04 -1.430585E-02  2.049912E-08  2.050156E-08
  3.070000E+03 -2.596528E-07  1.062401E-04  1.263212E-07  1.929590E-04 -9.156234E-03  2.049913E-08  2.050007E-08
  3.071000E+03  1.745906E-07  1.065927E-04  3.772993E-07  1.923132E-04 -1.016501E-02  2.049813E-08  2.049987E-08
  3.072000E+03  1.069273E-07  1.062987E-04 -4.164618E-07  1.928634E-04 -1.403027E-02  2.049911E-08  2.050123E-08
  3.073000E+03 -2.486305E-07  1.063677E-04 -3.106751E-08  1.927148E-04 -7.436653E-03  2.049807E-08  2.049882E-08
  3.074000E+03  9.521722E-08  1.065704E-04  4.141420E-07  1.923545E-04 -1.316493E-02  2.049752E-08  2.049990E-08
  3.075000E+03  1.545890E-07  1.062155E-04 -2.921268E-07  1.930023E-04 -1.146322E-02  2.049850E-08  2.049990E-08
  3.076000E+03 -2.083476E-07  1.065355E-04 -1.466687E-07  1.924056E-04 -8.078729E-03  2.049736E-08  2.049853E-08
  3.077000E+03  2.138773E-08  1.064260E-04  3.848841E-07  1.926133E-04 -1.476349E-02  2.049684E-08  2.049933E-08
  3.078000E+03  1.707239E-07  1.062601E-04 -1.524972E-07  1.929002E-04 -8.459097E-03  2.049686E-08  2.049765E-08
  3.079000E+03 -1.499730E-07  1.066245E-04 -2.179060E-07  1.922423E-04 -1.087605E-02  2.049652E-08  2.049848E-08
  3.080000E+03 -3.508759E-08  1.062605E-04  3.106118E-07  1.929061E-04 -1.381141E-02  2.049634E-08  2.049834E-08
  3.081000E+03  1.582795E-07  1.064042E-04 -3.721401E-08  1.926240E-04 -6.800543E-03  2.049552E-08  2.049621E-08
  3.082000E+03 -9.082837E-08  1.065606E-04 -2.331331E-07  1.923541E-04 -1.368997E-02  2.049544E-08  2.049792E-08
  3.083000E+03 -6.495055E-08  1.061819E-04  2.140341E-07  1.930363E-04 -1.049729E-02  2.049584E-08  2.049698E-08
  3.084000E+03  1.278645E-07  1.065712E-04  3.537249E-08  1.923196E-04 -7.790517E-03  2.049510E-08  2.049631E-08
  3.085000E+03 -4.989536E-08  1.063848E-04 -2.055681E-07  1.926659E-04 -1.483623E-02  2.049447E-08  2.049690E-08
  3.086000E+03 -6.619243E-08  1.062521E-04  1.358895E-07  1.928922E-04 -7.250972E-03  2.049466E-08  2.049523E-08
  3.087000E+03  9.386812E-08  1.066385E-04  5.106167E-08  1.922025E-04 -1.089275E-02  2.049497E-08  2.049697E-08
  3.088000E+03 -3.143203E-08  1.062184E-04 -1.498354E-07  1.929632E-04 -1.330043E-02  2.049442E-08  2.049625E-08
  3.089000E+03 -5.038382E-08  1.064255E-04  9.085676E-08  1.925704E-04 -6.141130E-03  2.049402E-08  2.049465E-08
  3.090000E+03  7.437350E-08  1.065545E-04  3.629267E-08  1.923546E-04 -1.401778E-02  2.049425E-08  2.049679E-08
  3.091000E+03 -3.080504E-08  1.061730E-04 -1.154626E-07  1.930405E-04 -1.005821E-02  2.049465E-08  2.049569E-08
  3.092000E+03 -3.574139E-08  1.065974E-04  8.961308E-08  1.922678E-04 -7.951422E-03  2.049461E-08  2.049592E-08
  3.093000E+03  7.509386E-08  1.063767E-04  6.098057E-09  1.926773E-04 -1.513170E-02  2.049403E-08  2.049653E-08
  3.094000E+03 -4.316241E-08  1.062626E-04 -1.043357E-07  1.928705E-04 -7.266519E-03  2.049438E-08  2.049496E-08
  3.095000E+03 -3.042331E-08  1.066440E-04  1.120969E-07  1.921966E-04 -1.136795E-02  2.049529E-08  2.049741E-08
  3.096000E+03  8.942739E-08  1.062161E-04 -1.652903E-08  1.929741E-04 -1.349777E-02  2.049509E-08  2.049697E-08
  3.097000E+03 -5.658498E-08  1.064346E-04 -1.304264E-07  1.925641E-04 -6.504986E-03  2.049505E-08  2.049574E-08
  3.098000E+03 -4.693014E-08  1.065449E-04  1.507531E-07  1.923813E-04 -1.428241E-02  2.049515E-08  2.049774E-08
  3.099000E+03  1.177280E-07  1.061784E-04 -1.669952E-09  1.930421E-04 -1.015312E-02  2.049585E-08  2.049692E-08
  3.100000E+03 -5.376543E-08  1.065949E-04 -1.969507E-07  1.922907E-04 -8.276276E-03  2.049651E-08  2.049786E-08
  3.101000E+03 -9.003703E-08  1.063684E-04  1.787653E-07  1.927098E-04 -1.494120E-02  2.049595E-08  2.049838E-08
  3.102000E+03  1.445153E-07  1.062809E-04  6.537991E-08  1.928574E-04 -7.284640E-03  2.049651E-08  2.049712E-08
  3.103000E+03 -2.547922E-08  1.066427E-04 -2.733606E-07  1.922214E-04 -1.150487E-02  2.049765E-08  2.049980E-08
  3.104000E+03 -1.455619E-07  1.062293E-04  1.613854E-07  1.929714E-04 -1.312169E-02  2.049745E-08  2.049925E-08
  3.105000E+03  1.483356E-07  1.064630E-04  1.706530E-07  1.925374E-04 -6.696836E-03  2.049765E-08  2.049843E-08
  3.106000E+03  3.183331E-08  1.065493E-04 -3.174629E-07  1.923970E-04 -1.429454E-02  2.049767E-08  2.050028E-08
  3.107000E+03 -1.922766E-07  1.062031E-04  8.809800E-08  1.930183E-04 -9.962675E-03  2.049812E-08  2.049917E-08
  3.108000E+03  1.207557E-07  1.066122E-04  2.885118E-07  1.922847E-04 -8.569314E-03  2.049913E-08  2.050059E-08
  3.109000E+03  1.074373E-07  1.063668E-04 -3.146032E-07  1.927341E-04 -1.494336E-02  2.049822E-08  2.050067E-08
  3.110000E+03 -2.145757E-07  1.062986E-04 -4.569694E-08  1.928458E-04 -7.269770E-03  2.049870E-08  2.049933E-08
  3.111000E+03  5.509762E-08  1.066463E-04  3.768652E-07  1.922349E-04 -1.191620E-02  2.049969E-08  2.050195E-08
  3.112000E+03  1.812126E-07  1.062160E-04 -2.420580E-07  1.930089E-04 -1.311202E-02  2.049887E-08  2.050068E-08
  3.113000E+03 -1.984702E-07  1.064750E-04 -2.038087E-07  1.925323E-04 -6.617567E-03  2.049943E-08  2.050023E-08
  3.114000E+03 -3.866512E-08  1.065385E-04  4.059117E-07  1.924303E-04 -1.459999E-02  2.049905E-08  2.050173E-08
  3.115000E+03  2.324913E-07  1.061905E-04 -9.551068E-08  1.930489E-04 -9.559504E-03  2.049901E-08  2.050000E-08
  3.116000E+03 -1.337466E-07  1.066354E-04 -3.526699E-07  1.922515E-04 -8.652203E-03  2.050005E-08  2.050160E-08
  3.117000E+03 -1.403926E-07  1.063480E-04  3.502749E-07  1.927692E-04 -1.507387E-02  2.049829E-08  2.050077E-08
  3.118000E+03  2.430085E-07  1.063110E-04  9.632821E-08  1.928243E-04 -6.730819E-03  2.049888E-08  2.049946E-08
  3.119000E+03 -2.847238E-08  1.066579E-04 -4.443242E-07  1.922126E-04 -1.223734E-02  2.049947E-08  2.050186E-08
  3.120000E+03 -2.255715E-07  1.061983E-04  2.110054E-07  1.930306E-04 -1.272883E-02  2.049785E-08  2.049957E-08
  3.121000E+03  1.956593E-07  1.065101E-04  2.940437E-07  1.924615E-04 -6.574037E-03  2.049865E-08  2.049955E-08
  3.122000E+03  9.502165E-08  1.065231E-04 -4.362325E-07  1.924482E-04 -1.512401E-02  2.049784E-08  2.050066E-08
  3.123000E+03 -2.713076E-07  1.061888E-04  9.406874E-09  1.930379E-04 -9.134245E-03  2.049761E-08  2.049853E-08
  3.124000E+03  1.034739E-07  1.066540E-04  4.518488E-07  1.922028E-04 -9.200976E-03  2.049833E-08  2.050007E-08
  3.125000E+03  2.124013E-07  1.063087E-04 -3.405803E-07  1.928226E-04 -1.533168E-02  2.049631E-08  2.049885E-08
  3.126000E+03 -2.673193E-07  1.063210E-04 -2.228958E-07  1.927880E-04 -6.479880E-03  2.049698E-08  2.049757E-08
  3.127000E+03 -2.733323E-08  1.066475E-04  5.411449E-07  1.922108E-04 -1.308132E-02  2.049706E-08  2.049968E-08
  3.128000E+03  3.042733E-07  1.061598E-04 -1.570460E-07  1.930770E-04 -1.259574E-02  2.049540E-08  2.049712E-08
  3.129000E+03 -2.036360E-07  1.065271E-04 -4.512690E-07  1.924085E-04 -6.706003E-03  2.049627E-08  2.049727E-08
  3.130000E+03 -1.768309E-07  1.064822E-04  5.179741E-07  1.925008E-04 -1.572778E-02  2.049537E-08  2.049834E-08
  3.131000E+03  3.461793E-07  1.061639E-04  9.577676E-08  1.930574E-04 -8.487805E-03  2.049499E-08  2.049584E-08
  3.132000E+03 -8.053591E-08  1.066600E-04 -6.218602E-07  1.921659E-04 -9.463186E-03  2.049550E-08  2.049738E-08
  3.133000E+03 -3.124124E-07  1.062551E-04  3.692407E-07  1.929006E-04 -1.511656E-02  2.049434E-08  2.049683E-08
  3.134000E+03  3.198970E-07  1.063238E-04  3.824280E-07  1.927596E-04 -5.684568E-03  2.049460E-08  2.049515E-08
  3.135000E+03  8.879527E-08  1.066313E-04 -6.842572E-07  1.922180E-04 -1.336844E-02  2.049463E-08  2.049735E-08
  3.136000E+03 -4.027981E-07  1.061148E-04  1.039103E-07  1.931416E-04 -1.181771E-02  2.049374E-08  2.049534E-08
  3.137000E+03  2.105742E-07  1.065369E-04  6.308809E-07  1.923694E-04 -6.166385E-03  2.049406E-08  2.049509E-08
  3.138000E+03  2.659627E-07  1.064509E-04 -5.866428E-07  1.925435E-04 -1.573906E-02  2.049389E-08  2.049686E-08
  3.139000E+03 -4.157739E-07  1.061479E-04 -2.266871E-07  1.930744E-04 -7.803709E-03  2.049382E-08  2.049461E-08
  3.140000E+03  4.072354E-08  1.066687E-04  7.822934E-07  1.921357E-04 -9.586984E-03  2.049393E-08  2.049594E-08
  3.141000E+03  4.069015E-07  1.062328E-04 -3.577159E-07  1.929401E-04 -1.513798E-02  2.049422E-08  2.049676E-08
  3.142000E+03 -3.473607E-07  1.063327E-04 -5.460381E-07  1.927397E-04 -5.614089E-03  2.049420E-08  2.049482E-08
  3.143000E+03 -1.543579E-07  1.066309E-04  7.867869E-07  1.922136E-04 -1.384013E-02  2.049395E-08  2.049686E-08
  3.144000E+03  4.844365E-07  1.061149E-04 -3.786193E-08  1.931483E-04 -1.177502E-02  2.049448E-08  2.049613E-08
  3.145000E+03 -2.070773E-07  1.065568E-04 -7.962015E-07  1.923352E-04 -6.504620E-03  2.049420E-08  2.049539E-08
  3.146000E+03 -3.396443E-07  1.064537E-04  6.416917E-07  1.925472E-04 -1.595895E-02  2.049474E-08  2.049785E-08
  3.147000E+03  4.749226E-07  1.061721E-04  3.267077E-07  1.930438E-04 -7.855865E-03  2.049524E-08  2.049610E-08
  3.148000E+03 -1.193868E-08  1.066781E-04 -9.174971E-07  1.921271E-04 -9.998993E-03  2.049474E-08  2.049692E-08
  3.149000E+03 -4.802739E-07  1.062436E-04  3.576254E-07  1.929393E-04 -1.495970E-02  2.049628E-08  2.049884E-08
  3.150000E+03  3.769616E-07  1.063591E-04  6.699296E-07  1.927121E-04 -5.788827E-03  2.049634E-08  2.049706E-08
  3.151000E+03  2.014846E-07  1.066251E-04 -8.780137E-07  1.922412E-04 -1.389031E-02  2.049576E-08  2.049871E-08
  3.152000E+03 -5.428386E-07  1.061317E-04 -2.612296E-09  1.931438E-04 -1.151913E-02  2.049733E-08  2.049896E-08
  3.153000E+03  2.149900E-07  1.065662E-04  9.102388E-07  1.923432E-04 -6.850101E-03  2.049681E-08  2.049811E-08
  3.154000E+03  3.873850E-07  1.064382E-04 -6.980701E-07  1.925999E-04 -1.590450E-02  2.049740E-08  2.050050E-08
  3.155000E+03 -5.223342E-07  1.061887E-04 -3.837908E-07  1.930426E-04 -7.812463E-03  2.049831E-08  2.049922E-08
  3.156000E+03  8.190162E-09  1.066734E-04  1.022292E-06  1.921614E-04 -1.051980E-02  2.049737E-08  2.049968E-08
  3.157000E+03  5.302169E-07  1.062316E-04 -3.975045E-07  1.929885E-04 -1.479567E-02  2.049924E-08  2.050179E-08
  3.158000E+03 -4.185742E-07  1.063811E-04 -7.409191E-07  1.926973E-04 -5.889933E-03  2.049900E-08  2.049981E-08
  3.159000E+03 -2.167221E-07  1.066182E-04  9.791248E-07  1.922757E-04 -1.426557E-02  2.049800E-08  2.050108E-08
  3.160000E+03  5.969384E-07  1.061374E-04 -6.301676E-09  1.931578E-04 -1.122993E-02  2.049997E-08  2.050159E-08
  3.161000E+03 -2.430963E-07  1.065957E-04 -9.981265E-07  1.923120E-04 -7.102596E-03  2.049911E-08  2.050057E-08
  3.162000E+03 -4.195656E-07  1.064292E-04  7.820447E-07  1.926314E-04 -1.608864E-02  2.049896E-08  2.050215E-08
  3.163000E+03  5.731834E-07  1.062037E-04  4.083888E-07  1.930299E-04 -7.364292E-03  2.049993E-08  2.050084E-08
  3.164000E+03 -2.023088E-08  1.066918E-04 -1.115984E-06  1.921413E-04 -1.074597E-02  2.049872E-08  2.050118E-08
  3.165000E+03 -5.702463E-07  1.062123E-04  4.560675E-07  1.930293E-04 -1.465468E-02  2.049989E-08  2.050245E-08
  3.166000E+03  4.656912E-07  1.064015E-04  7.830229E-07  1.926647E-04 -5.582236E-03  2.049950E-08  2.050035E-08
  3.167000E+03  2.180283E-07  1.066092E-04 -1.078021E-06  1.922937E-04 -1.477768E-02  2.049803E-08  2.050129E-08
  3.168000E+03 -6.478502E-07  1.061133E-04  4.572230E-08  1.931982E-04 -1.073072E-02  2.049971E-08  2.050129E-08
  3.169000E+03  2.870262E-07  1.066175E-04  1.071917E-06  1.922697E-04 -7.204548E-03  2.049878E-08  2.050039E-08
  3.170000E+03  4.370060E-07  1.063865E-04 -8.827382E-07  1.926967E-04 -1.645890E-02  2.049756E-08  2.050087E-08
  3.171000E+03 -6.324520E-07  1.062085E-04 -3.952849E-07  1.930071E-04 -6.782798E-03  2.049853E-08  2.049941E-08
  3.172000E+03  5.435337E-08  1.067058E-04  1.211971E-06  1.921081E-04 -1.155026E-02  2.049768E-08  2.050045E-08
  3.173000E+03  6.027688E-07  1.061656E-04 -5.537319E-07  1.930942E-04 -1.455991E-02  2.049779E-08  2.050038E-08
  3.174000E+03 -5.305971E-07  1.064411E-04 -8.020101E-07  1.925728E-04 -5.271474E-03  2.049737E-08  2.049834E-08
  3.175000E+03 -1.958121E-07  1.066025E-04  1.196033E-06  1.922889E-04 -1.565759E-02  2.049596E-08  2.049955E-08
  3.176000E+03  6.986015E-07  1.060957E-04 -1.354405E-07  1.932083E-04 -1.011414E-02  2.049752E-08  2.049905E-08
  3.177000E+03 -3.560013E-07  1.066685E-04 -1.119201E-06  1.921594E-04 -7.445269E-03  2.049678E-08  2.049868E-08
  3.178000E+03 -4.294555E-07  1.063572E-04  1.019845E-06  1.927255E-04 -1.700362E-02  2.049478E-08  2.049831E-08
  3.179000E+03  7.010699E-07  1.062218E-04  3.257853E-07  1.929572E-04 -6.003223E-03  2.049588E-08  2.049673E-08
  3.180000E+03 -1.207250E-07  1.067385E-04 -1.299083E-06  1.920296E-04 -1.212040E-02  2.049546E-08  2.049858E-08
  3.181000E+03 -6.190978E-07  1.061239E-04  6.949970E-07  1.931436E-04 -1.429145E-02  2.049506E-08  2.049765E-08
  3.182000E+03  6.099618E-07  1.064696E-04  7.650328E-07  1.924962E-04 -4.575635E-03  2.049478E-08  2.049582E-08
  3.183000E+03  1.423908E-07  1.065900E-04 -1.312990E-06  1.922892E-04 -1.602580E-02  2.049347E-08  2.049723E-08
  3.184000E+03 -7.342643E-07  1.060665E-04  2.645230E-07  1.932368E-04 -9.183731E-03  2.049509E-08  2.049651E-08
  3.185000E+03  4.364695E-07  1.066942E-04  1.131104E-06  1.920928E-04 -7.143561E-03  2.049465E-08  2.049669E-08
  3.186000E+03  4.012658E-07  1.063205E-04 -1.158216E-06  1.927745E-04 -1.685537E-02  2.049297E-08  2.049648E-08
  3.187000E+03 -7.616371E-07  1.062174E-04 -2.269080E-07  1.929486E-04 -4.960636E-03  2.049425E-08  2.049505E-08
  3.188000E+03  1.961064E-07  1.067446E-04  1.363249E-06  1.920035E-04 -1.206568E-02  2.049383E-08  2.049706E-08
  3.189000E+03  6.184438E-07  1.061020E-04 -8.447560E-07  1.931724E-04 -1.385048E-02  2.049401E-08  2.049654E-08
  3.190000E+03 -6.868981E-07  1.064884E-04 -7.148927E-07  1.924546E-04 -4.281813E-03  2.049399E-08  2.049511E-08
  3.191000E+03 -8.359383E-08  1.065827E-04  1.416403E-06  1.922961E-04 -1.624254E-02  2.049272E-08  2.049660E-08
  3.192000E+03  7.627617E-07  1.060746E-04 -4.002238E-07  1.932175E-04 -8.855160E-03  2.049467E-08  2.049608E-08
  3.193000E+03 -5.137911E-07  1.067157E-04 -1.126252E-06  1.920535E-04 -7.711494E-03  2.049451E-08  2.049678E-08
  3.194000E+03 -3.595840E-07  1.063010E-04  1.276013E-06  1.928149E-04 -1.690796E-02  2.049348E-08  2.049703E-08
  3.195000E+03  8.023151E-07  1.062496E-04  1.164713E-07  1.928975E-04 -5.001085E-03  2.049503E-08  2.049590E-08
  3.196000E+03 -2.649721E-07  1.067334E-04 -1.384937E-06  1.920329E-04 -1.303230E-02  2.049458E-08  2.049804E-08
  3.197000E+03 -5.926078E-07  1.060910E-04  9.585045E-07  1.932033E-04 -1.345233E-02  2.049528E-08  2.049774E-08
  3.198000E+03  7.341247E-07  1.065275E-04  6.288854E-07  1.924014E-04 -4.843322E-03  2.049579E-08  2.049709E-08
  3.199000E+03  2.274642E-08  1.065428E-04 -1.460814E-06  1.923886E-04 -1.673960E-02  2.049475E-08  2.049869E-08
  3.200000E+03 -7.519879E-07  1.060898E-04  5.086110E-07  1.932058E-04 -8.228048E-03  2.049646E-08  2.049777E-08
  3.201000E+03  5.639785E-07  1.067318E-04  1.071812E-06  1.920462E-04 -8.490028E-03  2.049670E-08  2.049916E-08
  3.202000E+03  3.114365E-07  1.062689E-04 -1.338319E-06  1.928988E-04 -1.656403E-02  2.049633E-08  2.049975E-08
  3.203000E+03 -8.103557E-07  1.062973E-04 -1.500263E-08  1.928338E-04 -4.628363E-03  2.049749E-08  2.049836E-08
  3.204000E+03  3.155120E-07  1.067318E-04  1.363382E-06  1.920610E-04 -1.371014E-02  2.049708E-08  2.050070E-08
  3.205000E+03  5.568904E-07  1.060879E-04 -1.024454E-06  1.932271E-04 -1.267001E-02  2.049742E-08  2.049966E-08
  3.206000E+03 -7.480043E-07  1.065896E-04 -5.428717E-07  1.923114E-04 -5.111349E-03  2.049813E-08  2.049960E-08
  3.207000E+03  2.433518E-08  1.065220E-04  1.448897E-06  1.924537E-04 -1.719551E-02  2.049752E-08  2.050154E-08
  3.208000E+03  7.204299E-07  1.061092E-04 -5.727197E-07  1.931862E-04 -7.444732E-03  2.049828E-08  2.049942E-08
  3.209000E+03 -5.770038E-07  1.067673E-04 -9.892713E-07  1.920034E-04 -9.257026E-03  2.049880E-08  2.050149E-08
  3.210000E+03 -2.700868E-07  1.062349E-04  1.320326E-06  1.929793E-04 -1.658003E-02  2.049831E-08  2.050168E-08
  3.211000E+03  7.744361E-07  1.063316E-04 -3.891132E-08  1.927834E-04 -4.336926E-03  2.049878E-08  2.049960E-08
  3.212000E+03 -3.275022E-07  1.067256E-04 -1.273612E-06  1.920922E-04 -1.458575E-02  2.049897E-08  2.050274E-08
  3.213000E+03 -5.121531E-07  1.060578E-04  1.008489E-06  1.932884E-04 -1.216871E-02  2.049821E-08  2.050031E-08
  3.214000E+03  7.120585E-07  1.066193E-04  4.821982E-07  1.922631E-04 -5.111253E-03  2.049868E-08  2.050017E-08
  3.215000E+03 -3.478088E-08  1.064951E-04 -1.361546E-06  1.925154E-04 -1.755606E-02  2.049878E-08  2.050279E-08
  3.216000E+03 -6.730002E-07  1.061092E-04  5.529769E-07  1.931845E-04 -6.810341E-03  2.049818E-08  2.049917E-08
  3.217000E+03  5.445472E-07  1.067896E-04  9.226695E-07  1.919623E-04 -9.606879E-03  2.049864E-08  2.050142E-08
  3.218000E+03  2.575546E-07  1.062071E-04 -1.242792E-06  1.930282E-04 -1.649617E-02  2.049817E-08  2.050145E-08
  3.219000E+03 -7.288502E-07  1.063532E-04  2.142421E-08  1.927336E-04 -3.752704E-03  2.049770E-08  2.049843E-08
  3.220000E+03  2.949344E-07  1.067349E-04  1.206955E-06  1.920721E-04 -1.500944E-02  2.049849E-08  2.050237E-08
  3.221000E+03  4.980778E-07  1.060423E-04 -9.271631E-07  1.933044E-04 -1.190097E-02  2.049699E-08  2.049897E-08
  3.222000E+03 -6.630207E-07  1.066486E-04 -4.965648E-07  1.921914E-04 -5.179183E-03  2.049668E-08  2.049823E-08
  3.223000E+03  6.164034E-09  1.064782E-04  1.287155E-06  1.925383E-04 -1.802742E-02  2.049780E-08  2.050190E-08
  3.224000E+03  6.508254E-07  1.061038E-04 -4.798334E-07  1.931733E-04 -6.524577E-03  2.049599E-08  2.049689E-08
  3.225000E+03 -4.966123E-07  1.067967E-04 -9.173283E-07  1.919275E-04 -1.017790E-02  2.049617E-08  2.049907E-08
  3.226000E+03 -2.750327E-07  1.061732E-04  1.165399E-06  1.930734E-04 -1.661025E-02  2.049639E-08  2.049966E-08
  3.227000E+03  7.007529E-07  1.063606E-04  3.210402E-08  1.926945E-04 -3.762908E-03  2.049497E-08  2.049569E-08
  3.228000E+03 -2.575827E-07  1.067134E-04 -1.184225E-06  1.920911E-04 -1.567390E-02  2.049619E-08  2.050018E-08
  3.229000E+03 -5.042015E-07  1.060165E-04  8.668236E-07  1.933296E-04 -1.170286E-02  2.049473E-08  2.049666E-08
  3.230000E+03  6.393189E-07  1.066497E-04  5.244539E-07  1.921608E-04 -5.506395E-03  2.049358E-08  2.049518E-08
  3.231000E+03  1.632991E-08  1.064337E-04 -1.260695E-06  1.925981E-04 -1.809550E-02  2.049558E-08  2.049961E-08
  3.232000E+03 -6.493904E-07  1.060977E-04  4.385311E-07  1.931601E-04 -5.995543E-03  2.049347E-08  2.049429E-08
  3.233000E+03  4.792809E-07  1.067798E-04  9.272582E-07  1.919330E-04 -1.039456E-02  2.049346E-08  2.049636E-08
  3.234000E+03  2.869113E-07  1.061360E-04 -1.143160E-06  1.931224E-04 -1.602425E-02  2.049459E-08  2.049767E-08
  3.235000E+03 -6.944950E-07  1.063636E-04 -5.733646E-08  1.926665E-04 -3.374983E-03  2.049259E-08  2.049329E-08
  3.236000E+03  2.418175E-07  1.066801E-04  1.181246E-06  1.921322E-04 -1.555507E-02  2.049420E-08  2.049804E-08
  3.237000E+03  5.072024E-07  1.059980E-04 -8.356946E-07  1.933503E-04 -1.087938E-02  2.049353E-08  2.049528E-08
  3.238000E+03 -6.220600E-07  1.066449E-04 -5.428036E-07  1.921546E-04 -5.354047E-03  2.049203E-08  2.049359E-08
  3.239000E+03 -3.147339E-08  1.064099E-04  1.233450E-06  1.926326E-04 -1.776861E-02  2.049477E-08  2.049862E-08
  3.240000E+03  6.391142E-07  1.061029E-04 -4.025918E-07  1.931459E-04 -5.737117E-03  2.049299E-08  2.049376E-08
  3.241000E+03 -4.562153E-07  1.067685E-04 -9.184363E-07  1.919467E-04 -1.068468E-02  2.049269E-08  2.049559E-08
  3.242000E+03 -2.866949E-07  1.061304E-04  1.094546E-06  1.931331E-04 -1.581134E-02  2.049474E-08  2.049772E-08
  3.243000E+03  6.672135E-07  1.063833E-04  7.918724E-08  1.926337E-04 -3.755611E-03  2.049288E-08  2.049360E-08
  3.244000E+03 -2.256203E-07  1.066642E-04 -1.141654E-06  1.921626E-04 -1.587682E-02  2.049429E-08  2.049814E-08
  3.245000E+03 -4.904540E-07  1.060220E-04  7.952164E-07  1.933159E-04 -1.066714E-02  2.049458E-08  2.049622E-08
  3.246000E+03  5.951042E-07  1.066666E-04  5.315729E-07  1.921262E-04 -6.042894E-03  2.049308E-08  2.049475E-08
  3.247000E+03  3.435124E-08  1.064003E-04 -1.184313E-06  1.926600E-04 -1.776432E-02  2.049585E-08  2.049965E-08
  3.248000E+03 -6.108367E-07  1.061441E-04  3.759125E-07  1.930895E-04 -5.688454E-03  2.049497E-08  2.049569E-08
  3.249000E+03  4.333152E-07  1.067713E-04  8.859888E-07  1.919582E-04 -1.125951E-02  2.049433E-08  2.049731E-08
  3.250000E+03  2.761699E-07  1.061351E-04 -1.044368E-06  1.931425E-04 -1.536994E-02  2.049678E-08  2.049958E-08
  3.251000E+03 -6.327580E-07  1.064190E-04 -8.088076E-08  1.925946E-04 -3.935894E-03  2.049557E-08  2.049631E-08
  3.252000E+03  2.165972E-07  1.066452E-04  1.081735E-06  1.922175E-04 -1.607273E-02  2.049643E-08  2.050022E-08
  3.253000E+03  4.567304E-07  1.060381E-04 -7.607432E-07  1.933140E-04 -1.023017E-02  2.049757E-08  2.049907E-08
  3.254000E+03 -5.653484E-07  1.066772E-04 -4.876305E-07  1.921375E-04 -6.555929E-03  2.049626E-08  2.049797E-08
  3.255000E+03 -1.831084E-08  1.063756E-04  1.122621E-06  1.927266E-04 -1.770268E-02  2.049820E-08  2.050189E-08
  3.256000E+03  5.680693E-07  1.061697E-04 -3.785902E-07  1.930728E-04 -5.696246E-03  2.049815E-08  2.049882E-08
  3.257000E+03 -4.244190E-07  1.067587E-04 -8.153060E-07  1.920075E-04 -1.180779E-02  2.049705E-08  2.050003E-08
  3.258000E+03 -2.425271E-07  1.061285E-04  1.010035E-06  1.931746E-04 -1.501749E-02  2.049902E-08  2.050168E-08
  3.259000E+03  5.984115E-07  1.064510E-04  4.452071E-08  1.925634E-04 -4.233128E-03  2.049838E-08  2.049916E-08
  3.260000E+03 -2.277076E-07  1.066260E-04 -1.016941E-06  1.922689E-04 -1.634076E-02  2.049813E-08  2.050190E-08
  3.261000E+03 -4.214674E-07  1.060603E-04  7.574222E-07  1.932922E-04 -9.848717E-03  2.049963E-08  2.050100E-08
  3.262000E+03  5.460001E-07  1.067028E-04  4.357230E-07  1.921132E-04 -7.063681E-03  2.049851E-08  2.050032E-08
  3.263000E+03 -5.829820E-09  1.063526E-04 -1.075289E-06  1.927742E-04 -1.750107E-02  2.049889E-08  2.050245E-08
  3.264000E+03 -5.338912E-07  1.062024E-04  3.984942E-07  1.930263E-04 -5.324416E-03  2.049956E-08  2.050015E-08
  3.265000E+03  4.201460E-07  1.067565E-04  7.536481E-07  1.920245E-04 -1.221938E-02  2.049833E-08  2.050137E-08
  3.266000E+03  2.080422E-07  1.061140E-04 -9.882214E-07  1.932004E-04 -1.454676E-02  2.049909E-08  2.050159E-08
  3.267000E+03 -5.738403E-07  1.064734E-04  8.749849E-10  1.925287E-04 -4.395424E-03  2.049899E-08  2.049979E-08
  3.268000E+03  2.422716E-07  1.065938E-04  9.646822E-07  1.923215E-04 -1.653017E-02  2.049747E-08  2.050119E-08
  3.269000E+03  3.862846E-07  1.060584E-04 -7.655261E-07  1.932873E-04 -9.404145E-03  2.049883E-08  2.050009E-08
  3.270000E+03 -5.351252E-07  1.067030E-04 -3.811815E-07  1.921120E-04 -7.446775E-03  2.049837E-08  2.050022E-08
  3.271000E+03  3.131740E-08  1.063239E-04  1.038023E-06  1.928095E-04 -1.744390E-02  2.049715E-08  2.050063E-08
  3.272000E+03  5.013023E-07  1.062164E-04 -4.298746E-07  1.929870E-04 -5.363010E-03  2.049809E-08  2.049867E-08
  3.273000E+03 -4.197143E-07  1.067459E-04 -6.929296E-07  1.920332E-04 -1.262447E-02  2.049713E-08  2.050022E-08
  3.274000E+03 -1.769393E-07  1.061088E-04  9.664804E-07  1.931885E-04 -1.432866E-02  2.049689E-08  2.049930E-08
  3.275000E+03  5.511329E-07  1.064932E-04 -4.665940E-08  1.924769E-04 -4.634467E-03  2.049726E-08  2.049812E-08
  3.276000E+03 -2.554205E-07  1.065846E-04 -9.114875E-07  1.923164E-04 -1.670023E-02  2.049510E-08  2.049885E-08
  3.277000E+03 -3.499107E-07  1.060724E-04  7.695006E-07  1.932372E-04 -9.215821E-03  2.049627E-08  2.049745E-08
  3.278000E+03  5.199422E-07  1.067153E-04  3.202678E-07  1.920720E-04 -7.831875E-03  2.049641E-08  2.049836E-08
  3.279000E+03 -5.595399E-08  1.063150E-04 -9.929113E-07  1.927961E-04 -1.728718E-02  2.049406E-08  2.049747E-08
  3.280000E+03 -4.696981E-07  1.062393E-04  4.563137E-07  1.929214E-04 -5.252580E-03  2.049555E-08  2.049610E-08
  3.281000E+03  4.149707E-07  1.067356E-04  6.338126E-07  1.920302E-04 -1.271504E-02  2.049480E-08  2.049787E-08
  3.282000E+03  1.446858E-07  1.061024E-04 -9.336656E-07  1.931721E-04 -1.372703E-02  2.049410E-08  2.049631E-08
  3.283000E+03 -5.227941E-07  1.065011E-04  8.989148E-08  1.924438E-04 -4.552042E-03  2.049526E-08  2.049612E-08
  3.284000E+03  2.606553E-07  1.065590E-04  8.507771E-07  1.923403E-04 -1.630097E-02  2.049286E-08  2.049639E-08
  3.285000E+03  3.176679E-07  1.060769E-04 -7.524321E-07  1.932064E-04 -8.572721E-03  2.049398E-08  2.049501E-08
  3.286000E+03 -4.997793E-07  1.067002E-04 -2.755534E-07  1.920835E-04 -7.689766E-03  2.049475E-08  2.049661E-08
  3.287000E+03  6.763864E-08  1.062991E-04  9.466626E-07  1.928059E-04 -1.646827E-02  2.049232E-08  2.049541E-08
  3.288000E+03  4.454430E-07  1.062478E-04 -4.599425E-07  1.928929E-04 -4.938084E-03  2.049420E-08  2.049471E-08
  3.289000E+03 -4.046093E-07  1.067146E-04 -5.958183E-07  1.920565E-04 -1.254896E-02  2.049363E-08  2.049655E-08
  3.290000E+03 -1.266681E-07  1.061108E-04  9.023903E-07  1.931439E-04 -1.320350E-02  2.049288E-08  2.049491E-08
  3.291000E+03  5.030887E-07  1.065127E-04 -1.069269E-07  1.924182E-04 -4.840228E-03  2.049473E-08  2.049563E-08
  3.292000E+03 -2.551050E-07  1.065457E-04 -8.167414E-07  1.923601E-04 -1.624754E-02  2.049243E-08  2.049589E-08
  3.293000E+03 -2.934851E-07  1.061026E-04  7.259215E-07  1.931543E-04 -8.529602E-03  2.049344E-08  2.049442E-08
  3.294000E+03  4.788737E-07  1.067023E-04  2.425225E-07  1.920817E-04 -8.337800E-03  2.049484E-08  2.049680E-08
  3.295000E+03 -7.229592E-08  1.062882E-04 -8.965407E-07  1.928316E-04 -1.642779E-02  2.049296E-08  2.049600E-08
  3.296000E+03 -4.119577E-07  1.062746E-04  4.435554E-07  1.928508E-04 -5.242682E-03  2.049486E-08  2.049539E-08
  3.297000E+03  3.844893E-07  1.066978E-04  5.438751E-07  1.920980E-04 -1.321804E-02  2.049466E-08  2.049765E-08
  3.298000E+03  1.066364E-07  1.061092E-04 -8.408560E-07  1.931579E-04 -1.292617E-02  2.049411E-08  2.049604E-08
  3.299000E+03 -4.625093E-07  1.065362E-04  1.157051E-07  1.923898E-04 -5.376813E-03  2.049617E-08  2.049714E-08
  3.300000E+03  2.407782E-07  1.065137E-04  7.448569E-07  1.924406E-04 -1.648015E-02  2.049477E-08  2.049817E-08
  3.301000E+03  2.621374E-07  1.061177E-04 -6.701234E-07  1.931430E-04 -8.038594E-03  2.049523E-08  2.049609E-08
  3.302000E+03 -4.393731E-07  1.067156E-04 -2.101722E-07  1.920738E-04 -8.911132E-03  2.049645E-08  2.049850E-08
  3.303000E+03  7.224480E-08  1.062683E-04  8.182464E-07  1.928929E-04 -1.611854E-02  2.049574E-08  2.049862E-08
  3.304000E+03  3.694380E-07  1.063168E-04 -4.085039E-07  1.927933E-04 -4.911114E-03  2.049691E-08  2.049740E-08
  3.305000E+03 -3.468145E-07  1.067028E-04 -4.838638E-07  1.921103E-04 -1.374350E-02  2.049678E-08  2.049987E-08
  3.306000E+03 -9.449461E-08  1.061170E-04  7.510437E-07  1.931671E-04 -1.243693E-02  2.049672E-08  2.049848E-08
  3.307000E+03  4.038704E-07  1.065785E-04 -1.059919E-07  1.923320E-04 -5.610356E-03  2.049813E-08  2.049918E-08
  3.308000E+03 -2.122480E-07  1.065011E-04 -6.455150E-07  1.924915E-04 -1.667976E-02  2.049772E-08  2.050108E-08
  3.309000E+03 -2.272367E-07  1.061415E-04  5.756567E-07  1.931212E-04 -7.691823E-03  2.049757E-08  2.049832E-08
  3.310000E+03  3.669891E-07  1.067279E-04  1.849680E-07  1.920668E-04 -9.515752E-03  2.049797E-08  2.050011E-08
  3.311000E+03 -5.799422E-08  1.062524E-04 -6.784585E-07  1.929467E-04 -1.600397E-02  2.049843E-08  2.050120E-08
  3.312000E+03 -3.031558E-07  1.063400E-04  3.300098E-07  1.927650E-04 -5.024160E-03  2.049837E-08  2.049884E-08
  3.313000E+03  2.768516E-07  1.066807E-04  3.947556E-07  1.921636E-04 -1.406900E-02  2.049813E-08  2.050116E-08
  3.314000E+03  7.866081E-08  1.061146E-04 -5.996203E-07  1.931859E-04 -1.196934E-02  2.049837E-08  2.049996E-08
  3.315000E+03 -3.193043E-07  1.065885E-04  7.193346E-08  1.923147E-04 -5.940801E-03  2.049818E-08  2.049924E-08
  3.316000E+03  1.602765E-07  1.064793E-04  5.144839E-07  1.925417E-04 -1.647682E-02  2.049893E-08  2.050212E-08
  3.317000E+03  1.862688E-07  1.061694E-04 -4.443908E-07  1.930762E-04 -7.459626E-03  2.049822E-08  2.049887E-08
  3.318000E+03 -2.843371E-07  1.067144E-04 -1.668483E-07  1.920872E-04 -9.889554E-03  2.049746E-08  2.049958E-08
  3.319000E+03  3.231575E-08  1.062527E-04  5.360468E-07  1.929495E-04 -1.524666E-02  2.049902E-08  2.050150E-08
  3.320000E+03  2.463546E-07  1.063734E-04 -2.348779E-07  1.926949E-04 -5.337827E-03  2.049733E-08  2.049783E-08
  3.321000E+03 -2.029613E-07  1.066499E-04 -3.379782E-07  1.922123E-04 -1.418176E-02  2.049735E-08  2.050027E-08
  3.322000E+03 -8.048359E-08  1.061457E-04  4.538974E-07  1.931262E-04 -1.145488E-02  2.049816E-08  2.049957E-08
  3.323000E+03  2.500304E-07  1.065898E-04 -1.501066E-08  1.922908E-04 -6.940873E-03  2.049575E-08  2.049693E-08
  3.324000E+03 -9.815882E-08  1.064398E-04 -4.171567E-07  1.925992E-04 -1.603079E-02  2.049758E-08  2.050051E-08
  3.325000E+03 -1.604799E-07  1.062123E-04  3.074809E-07  1.929872E-04 -7.632155E-03  2.049701E-08  2.049766E-08
  3.326000E+03  2.049228E-07  1.066680E-04  1.703121E-07  1.921495E-04 -1.081013E-02  2.049501E-08  2.049713E-08
  3.327000E+03  1.649473E-09  1.062395E-04 -4.030631E-07  1.929575E-04 -1.446726E-02  2.049755E-08  2.049975E-08
  3.328000E+03 -1.921832E-07  1.064019E-04  1.345424E-07  1.926229E-04 -6.286945E-03  2.049503E-08  2.049566E-08
  3.329000E+03  1.309184E-07  1.065771E-04  2.778720E-07  1.923224E-04 -1.447063E-02  2.049502E-08  2.049779E-08
  3.330000E+03  7.616924E-08  1.061645E-04 -3.149880E-07  1.930767E-04 -1.074869E-02  2.049671E-08  2.049793E-08
  3.331000E+03 -1.761141E-07  1.065742E-04 -1.728680E-08  1.922959E-04 -7.984058E-03  2.049314E-08  2.049442E-08
  3.332000E+03  5.683958E-08  1.063755E-04  2.992269E-07  1.926913E-04 -1.523063E-02  2.049525E-08  2.049780E-08
  3.333000E+03  1.140054E-07  1.062493E-04 -2.028855E-07  1.929034E-04 -7.187749E-03  2.049531E-08  2.049588E-08
  3.334000E+03 -1.347472E-07  1.066184E-04 -1.236653E-07  1.922221E-04 -1.137770E-02  2.049309E-08  2.049517E-08
  3.335000E+03 -2.400617E-09  1.062108E-04  2.653898E-07  1.929907E-04 -1.311186E-02  2.049593E-08  2.049772E-08
  3.336000E+03  1.186300E-07  1.064279E-04 -8.518794E-08  1.925608E-04 -6.473128E-03  2.049341E-08  2.049410E-08
  3.337000E+03 -8.171052E-08  1.065040E-04 -1.653262E-07  1.924374E-04 -1.414821E-02  2.049330E-08  2.049576E-08
  3.338000E+03 -3.917308E-08  1.061820E-04  1.904315E-07  1.930306E-04 -9.538316E-03  2.049545E-08  2.049640E-08
  3.339000E+03  9.369891E-08  1.065711E-04  2.258417E-09  1.922949E-04 -8.745380E-03  2.049230E-08  2.049368E-08
  3.340000E+03 -3.522018E-08  1.063239E-04 -1.448992E-07  1.927715E-04 -1.449774E-02  2.049406E-08  2.049630E-08
  3.341000E+03 -3.917824E-08  1.062970E-04  1.040085E-07  1.928109E-04 -7.045536E-03  2.049470E-08  2.049527E-08
  3.342000E+03  5.304710E-08  1.065857E-04  3.102488E-08  1.922791E-04 -1.227549E-02  2.049267E-08  2.049484E-08
  3.343000E+03 -1.041335E-08  1.062038E-04 -8.777111E-08  1.929962E-04 -1.240605E-02  2.049535E-08  2.049693E-08
  3.344000E+03 -1.963650E-08  1.064720E-04  3.984239E-08  1.924864E-04 -7.139810E-03  2.049389E-08  2.049475E-08
  3.345000E+03  2.059637E-08  1.064701E-04  1.616699E-08  1.925006E-04 -1.452592E-02  2.049340E-08  2.049588E-08
  3.346000E+03 -1.061646E-08  1.062187E-04 -3.099403E-08  1.929664E-04 -9.113825E-03  2.049579E-08  2.049665E-08
  3.347000E+03  8.685753E-09  1.065933E-04  1.623328E-08  1.922688E-04 -9.666039E-03  2.049361E-08  2.049521E-08
  3.348000E+03  5.508610E-09  1.063035E-04 -2.859234E-08  1.928144E-04 -1.422820E-02  2.049477E-08  2.049691E-08
  3.349000E+03 -3.547237E-08  1.063503E-04  1.071415E-08  1.927271E-04 -7.053888E-03  2.049608E-08  2.049670E-08
  3.350000E+03  3.411226E-08  1.065728E-04  4.560269E-08  1.923197E-04 -1.285887E-02  2.049435E-08  2.049662E-08
  3.351000E+03  1.606937E-08  1.062077E-04 -8.538672E-08  1.929988E-04 -1.162032E-02  2.049657E-08  2.049796E-08
  3.352000E+03 -7.325113E-08  1.065123E-04  1.707546E-08  1.924389E-04 -7.653081E-03  2.049651E-08  2.049753E-08
  3.353000E+03  4.175201E-08  1.064307E-04  1.171498E-07  1.925900E-04 -1.461684E-02  2.049531E-08  2.049774E-08
  3.354000E+03  5.432426E-08  1.062433E-04 -1.194442E-07  1.929386E-04 -8.626715E-03  2.049768E-08  2.049846E-08
  3.355000E+03 -1.015482E-07  1.065972E-04 -2.917586E-08  1.922922E-04 -1.047362E-02  2.049669E-08  2.049846E-08
  3.356000E+03  2.033049E-08  1.062742E-04  1.854178E-07  1.928844E-04 -1.394237E-02  2.049665E-08  2.049868E-08
  3.357000E+03  1.030816E-07  1.063843E-04 -1.130211E-07  1.926893E-04 -7.225148E-03  2.049859E-08  2.049929E-08
  3.358000E+03 -1.119567E-07  1.065506E-04 -1.167495E-07  1.923849E-04 -1.333906E-02  2.049691E-08  2.049924E-08
  3.359000E+03 -2.374755E-08  1.062143E-04  2.353417E-07  1.930016E-04 -1.111034E-02  2.049826E-08  2.049955E-08
  3.360000E+03  1.504749E-07  1.065417E-04 -5.965161E-08  1.924114E-04 -8.263797E-03  2.049913E-08  2.050031E-08
  3.361000E+03 -9.089850E-08  1.064095E-04 -2.253776E-07  1.926456E-04 -1.455606E-02  2.049715E-08  2.049953E-08
  3.362000E+03 -8.922481E-08  1.062832E-04  2.371336E-07  1.928812E-04 -8.344417E-03  2.049931E-08  2.050009E-08
  3.363000E+03  1.763855E-07  1.065975E-04  4.133116E-08  1.923152E-04 -1.106874E-02  2.049906E-08  2.050096E-08
  3.364000E+03 -4.134392E-08  1.062619E-04 -3.088047E-07  1.929144E-04 -1.319081E-02  2.049767E-08  2.049951E-08
  3.365000E+03 -1.558270E-07  1.064274E-04  1.935025E-07  1.926219E-04 -7.371888E-03  2.049969E-08  2.050049E-08
  3.366000E+03  1.739248E-07  1.065168E-04  1.709109E-07  1.924585E-04 -1.368312E-02  2.049815E-08  2.050051E-08
  3.367000E+03  2.881199E-08  1.062228E-04 -3.501430E-07  1.929854E-04 -1.031189E-02  2.049836E-08  2.049949E-08
  3.368000E+03 -2.061312E-07  1.065562E-04  9.579970E-08  1.923911E-04 -9.015620E-03  2.049964E-08  2.050102E-08
  3.369000E+03  1.356322E-07  1.063570E-04  2.943666E-07  1.927397E-04 -1.425218E-02  2.049714E-08  2.049937E-08
  3.370000E+03  1.080936E-07  1.063142E-04 -3.369921E-07  1.928175E-04 -7.949987E-03  2.049859E-08  2.049934E-08
  3.371000E+03 -2.342246E-07  1.065784E-04 -3.209476E-08  1.923489E-04 -1.202617E-02  2.049875E-08  2.050085E-08
  3.372000E+03  7.443725E-08  1.062363E-04  3.985646E-07  1.929486E-04 -1.251391E-02  2.049655E-08  2.049821E-08
  3.373000E+03  1.872403E-07  1.064702E-04 -2.799349E-07  1.925324E-04 -7.800895E-03  2.049834E-08  2.049932E-08
  3.374000E+03 -2.349839E-07  1.064742E-04 -1.814026E-07  1.925267E-04 -1.419510E-02  2.049706E-08  2.049950E-08
  3.375000E+03 -8.069265E-09  1.062448E-04  4.511080E-07  1.929263E-04 -9.489482E-03  2.049648E-08  2.049748E-08
  3.376000E+03  2.486956E-07  1.065867E-04 -1.679933E-07  1.923214E-04 -9.986863E-03  2.049789E-08  2.049958E-08
  3.377000E+03 -1.968107E-07  1.063150E-04 -3.310536E-07  1.928002E-04 -1.399624E-02  2.049555E-08  2.049769E-08
  3.378000E+03 -1.006011E-07  1.063689E-04  4.451857E-07  1.926969E-04 -7.557857E-03  2.049637E-08  2.049716E-08
  3.379000E+03  2.842181E-07  1.065729E-04 -2.577970E-08  1.923426E-04 -1.301575E-02  2.049677E-08  2.049914E-08
  3.380000E+03 -1.323608E-07  1.062196E-04 -4.527928E-07  1.929602E-04 -1.160020E-02  2.049478E-08  2.049624E-08
  3.381000E+03 -1.905962E-07  1.065192E-04  3.939598E-07  1.924228E-04 -7.886181E-03  2.049609E-08  2.049723E-08
  3.382000E+03  2.945314E-07  1.064297E-04  1.437419E-07  1.925890E-04 -1.443462E-02  2.049505E-08  2.049750E-08
  3.383000E+03 -4.134456E-08  1.062489E-04 -5.307080E-07  1.928972E-04 -8.264600E-03  2.049442E-08  2.049522E-08
  3.384000E+03 -2.679897E-07  1.066068E-04  2.818681E-07  1.922658E-04 -1.031631E-02  2.049574E-08  2.049759E-08
  3.385000E+03  2.653807E-07  1.062603E-04  3.145819E-07  1.928819E-04 -1.346378E-02  2.049383E-08  2.049580E-08
  3.386000E+03  6.047691E-08  1.063948E-04 -5.505791E-07  1.926287E-04 -6.550852E-03  2.049425E-08  2.049496E-08
  3.387000E+03 -3.181446E-07  1.065583E-04  1.315944E-07  1.923538E-04 -1.335624E-02  2.049508E-08  2.049753E-08
  3.388000E+03  2.042253E-07  1.061842E-04  4.592409E-07  1.930127E-04 -1.045162E-02  2.049379E-08  2.049501E-08
  3.389000E+03  1.635508E-07  1.065605E-04 -5.123982E-07  1.923322E-04 -7.702659E-03  2.049442E-08  2.049567E-08
  3.390000E+03 -3.373101E-07  1.063926E-04 -5.158448E-08  1.926455E-04 -1.476056E-02  2.049383E-08  2.049634E-08
  3.391000E+03  1.098715E-07  1.062603E-04  5.637724E-07  1.928682E-04 -7.389513E-03  2.049368E-08  2.049437E-08
  3.392000E+03  2.529998E-07  1.066357E-04 -4.029363E-07  1.922053E-04 -1.103608E-02  2.049470E-08  2.049683E-08
  3.393000E+03 -3.195518E-07  1.062291E-04 -2.431570E-07  1.929355E-04 -1.346854E-02  2.049351E-08  2.049549E-08
  3.394000E+03 -3.959468E-09  1.064313E-04  6.119873E-07  1.925585E-04 -6.467627E-03  2.049382E-08  2.049460E-08
  3.395000E+03  3.198028E-07  1.065489E-04 -2.435450E-07  1.923696E-04 -1.424278E-02  2.049469E-08  2.049739E-08
  3.396000E+03 -2.609324E-07  1.061721E-04 -4.184096E-07  1.930399E-04 -1.021892E-02  2.049438E-08  2.049556E-08
  3.397000E+03 -1.182352E-07  1.065907E-04  5.883087E-07  1.922777E-04 -8.230561E-03  2.049432E-08  2.049576E-08
  3.398000E+03  3.561986E-07  1.063621E-04 -5.310782E-08  1.927062E-04 -1.522359E-02  2.049427E-08  2.049689E-08
  3.399000E+03 -1.700196E-07  1.062700E-04 -5.559796E-07  1.928621E-04 -7.059935E-03  2.049496E-08  2.049561E-08
  3.400000E+03 -2.208873E-07  1.066415E-04  4.953218E-07  1.922001E-04 -1.174816E-02  2.049509E-08  2.049741E-08
  3.401000E+03  3.533329E-07  1.061976E-04  1.545216E-07  1.930046E-04 -1.317303E-02  2.049485E-08  2.049675E-08
  3.402000E+03 -5.499267E-08  1.064683E-04 -6.363137E-07  1.925073E-04 -6.268483E-03  2.049553E-08  2.049636E-08
  3.403000E+03 -3.033654E-07  1.065354E-04  3.433606E-07  1.924030E-04 -1.478999E-02  2.049549E-08  2.049831E-08
  3.404000E+03  3.057606E-07  1.061751E-04  3.559231E-07  1.930512E-04 -9.448795E-03  2.049632E-08  2.049735E-08
  3.405000E+03  6.573811E-08  1.066391E-04 -6.431907E-07  1.922092E-04 -8.573211E-03  2.049626E-08  2.049791E-08
  3.406000E+03 -3.605697E-07  1.063425E-04  1.517171E-07  1.927592E-04 -1.535150E-02  2.049608E-08  2.049871E-08
  3.407000E+03  2.190233E-07  1.063081E-04  5.347628E-07  1.928150E-04 -6.554867E-03  2.049735E-08  2.049798E-08
  3.408000E+03  1.867971E-07  1.066550E-04 -5.657718E-07  1.921916E-04 -1.246566E-02  2.049660E-08  2.049914E-08
  3.409000E+03 -3.748801E-07  1.061847E-04 -7.893124E-08  1.930492E-04 -1.278116E-02  2.049719E-08  2.049900E-08
  3.410000E+03  1.021799E-07  1.065108E-04  6.548452E-07  1.924548E-04 -6.412161E-03  2.049809E-08  2.049904E-08
  3.411000E+03  2.953567E-07  1.065111E-04 -4.200734E-07  1.924620E-04 -1.542027E-02  2.049690E-08  2.049985E-08
  3.412000E+03 -3.371688E-07  1.061790E-04 -3.256359E-07  1.930622E-04 -8.926543E-03  2.049833E-08  2.049928E-08
  3.413000E+03 -4.015955E-08  1.066570E-04  6.872273E-07  1.921956E-04 -9.126694E-03  2.049815E-08  2.049996E-08
  3.414000E+03  3.731414E-07  1.063040E-04 -1.965163E-07  1.928432E-04 -1.522446E-02  2.049763E-08  2.050020E-08
  3.415000E+03 -2.457920E-07  1.063339E-04 -5.448293E-07  1.927817E-04 -6.088947E-03  2.049886E-08  2.049946E-08
  3.416000E+03 -1.796111E-07  1.066543E-04  6.123976E-07  1.922021E-04 -1.309588E-02  2.049743E-08  2.050013E-08
  3.417000E+03  3.924441E-07  1.061647E-04  5.898793E-08  1.930941E-04 -1.218256E-02  2.049825E-08  2.049992E-08
  3.418000E+03 -1.173171E-07  1.065521E-04 -6.741542E-07  1.923884E-04 -6.340760E-03  2.049898E-08  2.050002E-08
  3.419000E+03 -2.945750E-07  1.064883E-04  4.483314E-07  1.925067E-04 -1.578561E-02  2.049717E-08  2.050019E-08
  3.420000E+03  3.521507E-07  1.061881E-04  3.189540E-07  1.930457E-04 -8.042883E-03  2.049849E-08  2.049930E-08
  3.421000E+03  2.985486E-08  1.066961E-04 -7.068078E-07  1.921241E-04 -9.718199E-03  2.049792E-08  2.049998E-08
  3.422000E+03 -3.784665E-07  1.062655E-04  2.190076E-07  1.929111E-04 -1.538233E-02  2.049736E-08  2.049995E-08
  3.423000E+03  2.587789E-07  1.063646E-04  5.493504E-07  1.927205E-04 -5.548311E-03  2.049833E-08  2.049892E-08
  3.424000E+03  1.778012E-07  1.066607E-04 -6.401052E-07  1.921845E-04 -1.414585E-02  2.049648E-08  2.049951E-08
  3.425000E+03 -4.051226E-07  1.061178E-04 -5.609111E-08  1.931664E-04 -1.191988E-02  2.049693E-08  2.049855E-08
  3.426000E+03  1.229989E-07  1.065892E-04  6.974563E-07  1.923091E-04 -6.293956E-03  2.049767E-08  2.049884E-08
  3.427000E+03  3.107123E-07  1.064582E-04 -4.691281E-07  1.925519E-04 -1.682034E-02  2.049584E-08  2.049916E-08
  3.428000E+03 -3.663835E-07  1.061581E-04 -3.495082E-07  1.930812E-04 -7.482314E-03  2.049656E-08  2.049729E-08
  3.429000E+03 -4.143691E-08  1.067226E-04  7.417061E-07  1.920613E-04 -1.022838E-02  2.049621E-08  2.049851E-08
  3.430000E+03  4.037460E-07  1.062088E-04 -2.027883E-07  1.929967E-04 -1.582916E-02  2.049539E-08  2.049812E-08
  3.431000E+03 -2.569955E-07  1.063583E-04 -6.089110E-07  1.927100E-04 -4.821407E-03  2.049608E-08  2.049660E-08
  3.432000E+03 -2.172970E-07  1.066595E-04  6.534956E-07  1.921736E-04 -1.461101E-02  2.049496E-08  2.049815E-08
  3.433000E+03  4.234033E-07  1.060640E-04  1.340810E-07  1.932424E-04 -1.147534E-02  2.049471E-08  2.049627E-08
  3.434000E+03 -8.946131E-08  1.065992E-04 -7.596399E-07  1.922686E-04 -5.687636E-03  2.049535E-08  2.049651E-08
  3.435000E+03 -3.643754E-07  1.064342E-04  4.280017E-07  1.925814E-04 -1.702843E-02  2.049427E-08  2.049765E-08
  3.436000E+03  3.637440E-07  1.061193E-04  4.649506E-07  1.931281E-04 -6.616962E-03  2.049417E-08  2.049481E-08
  3.437000E+03  1.061240E-07  1.067304E-04 -7.778561E-07  1.920287E-04 -9.843941E-03  2.049431E-08  2.049661E-08
  3.438000E+03 -4.487793E-07  1.061731E-04  1.028671E-07  1.930456E-04 -1.572831E-02  2.049372E-08  2.049644E-08
  3.439000E+03  2.262789E-07  1.063466E-04  7.302148E-07  1.927081E-04 -4.118855E-03  2.049368E-08  2.049416E-08
  3.440000E+03  2.986218E-07  1.066659E-04 -6.460660E-07  1.921531E-04 -1.484067E-02  2.049394E-08  2.049727E-08
  3.441000E+03 -4.555066E-07  1.060341E-04 -2.775771E-07  1.932837E-04 -1.138106E-02  2.049334E-08  2.049495E-08
  3.442000E+03  3.024066E-08  1.066132E-04  8.783533E-07  1.922257E-04 -5.631095E-03  2.049346E-08  2.049472E-08
  3.443000E+03  4.521872E-07  1.064269E-04 -3.771373E-07  1.925905E-04 -1.759682E-02  2.049363E-08  2.049726E-08
  3.444000E+03 -3.766121E-07  1.061154E-04 -6.342070E-07  1.931253E-04 -6.400684E-03  2.049316E-08  2.049383E-08
  3.445000E+03 -1.815644E-07  1.067558E-04  8.722653E-07  1.919793E-04 -1.030081E-02  2.049383E-08  2.049639E-08
  3.446000E+03  5.311446E-07  1.061643E-04 -1.994432E-08  1.930621E-04 -1.595003E-02  2.049370E-08  2.049657E-08
  3.447000E+03 -2.193440E-07  1.063721E-04 -8.960272E-07  1.926559E-04 -4.090374E-03  2.049305E-08  2.049364E-08
  3.448000E+03 -3.778617E-07  1.066716E-04  6.960909E-07  1.921497E-04 -1.534013E-02  2.049451E-08  2.049807E-08
  3.449000E+03  5.129465E-07  1.060386E-04  3.813764E-07  1.932792E-04 -1.108896E-02  2.049381E-08  2.049541E-08
  3.450000E+03 -4.315655E-09  1.066418E-04 -1.010556E-06  1.921763E-04 -5.889780E-03  2.049368E-08  2.049512E-08
  3.451000E+03 -5.234092E-07  1.064089E-04  3.845095E-07  1.926336E-04 -1.763898E-02  2.049474E-08  2.049841E-08
  3.452000E+03  4.073760E-07  1.061369E-04  7.479578E-07  1.930934E-04 -6.023440E-03  2.049396E-08  2.049464E-08
  3.453000E+03  2.246582E-07  1.067578E-04 -9.620454E-07  1.919890E-04 -1.089694E-02  2.049510E-08  2.049785E-08
  3.454000E+03 -5.892831E-07  1.061365E-04 -1.314332E-08  1.931237E-04 -1.559516E-02  2.049499E-08  2.049781E-08
  3.455000E+03  2.279690E-07  1.064044E-04  1.002900E-06  1.926095E-04 -4.169613E-03  2.049433E-08  2.049503E-08
  3.456000E+03  4.230500E-07  1.066427E-04 -7.547715E-07  1.922221E-04 -1.604227E-02  2.049646E-08  2.050018E-08
  3.457000E+03 -5.600072E-07  1.060374E-04 -4.290488E-07  1.932962E-04 -1.046467E-02  2.049550E-08  2.049702E-08
  3.458000E+03  1.444032E-09  1.066708E-04  1.108376E-06  1.921455E-04 -6.559664E-03  2.049587E-08  2.049754E-08
  3.459000E+03  5.697565E-07  1.063712E-04 -4.176164E-07  1.927215E-04 -1.764644E-02  2.049682E-08  2.050048E-08
  3.460000E+03 -4.385113E-07  1.061801E-04 -8.080187E-07  1.930316E-04 -5.622125E-03  2.049579E-08  2.049646E-08
  3.461000E+03 -2.392910E-07  1.067649E-04  1.037022E-06  1.920001E-04 -1.179946E-02  2.049744E-08  2.050045E-08
  3.462000E+03  6.301241E-07  1.061223E-04  9.923131E-09  1.931662E-04 -1.495567E-02  2.049694E-08  2.049960E-08
  3.463000E+03 -2.422030E-07  1.064560E-04 -1.066338E-06  1.925354E-04 -4.233935E-03  2.049637E-08  2.049720E-08
  3.464000E+03 -4.439466E-07  1.066163E-04  8.034362E-07  1.922849E-04 -1.640640E-02  2.049795E-08  2.050174E-08
  3.465000E+03  5.941694E-07  1.060487E-04  4.368824E-07  1.932847E-04 -9.646049E-03  2.049664E-08  2.049802E-08
  3.466000E+03 -1.051305E-08  1.066989E-04 -1.166044E-06  1.921109E-04 -7.099338E-03  2.049750E-08  2.049937E-08
  3.467000E+03 -5.885380E-07  1.063294E-04  4.577309E-07  1.928050E-04 -1.762052E-02  2.049766E-08  2.050129E-08
  3.468000E+03  4.696860E-07  1.062033E-04  8.098443E-07  1.929948E-04 -5.095968E-03  2.049642E-08  2.049707E-08
  3.469000E+03  2.231429E-07  1.067573E-04 -1.092123E-06  1.920209E-04 -1.250448E-02  2.049803E-08  2.050120E-08
  3.470000E+03 -6.520544E-07  1.060869E-04  4.572257E-08  1.932317E-04 -1.446789E-02  2.049721E-08  2.049977E-08
  3.471000E+03  2.838818E-07  1.064925E-04  1.076745E-06  1.924740E-04 -4.274642E-03  2.049686E-08  2.049780E-08
  3.472000E+03  4.300206E-07  1.065899E-04 -8.840215E-07  1.923299E-04 -1.713749E-02  2.049741E-08  2.050140E-08
  3.473000E+03 -6.318641E-07  1.060416E-04 -3.770086E-07  1.932922E-04 -9.085854E-03  2.049618E-08  2.049749E-08
  3.474000E+03  6.117434E-08  1.067345E-04  1.199835E-06  1.920436E-04 -7.548707E-03  2.049710E-08  2.049920E-08
  3.475000E+03  5.835361E-07  1.063038E-04 -5.583138E-07  1.928422E-04 -1.785126E-02  2.049661E-08  2.050032E-08
  3.476000E+03 -5.246732E-07  1.062274E-04 -7.579511E-07  1.929434E-04 -4.693097E-03  2.049566E-08  2.049631E-08
  3.477000E+03 -1.734618E-07  1.067746E-04  1.162352E-06  1.919771E-04 -1.309239E-02  2.049652E-08  2.049996E-08
  3.478000E+03  6.650996E-07  1.060752E-04 -1.559572E-07  1.932401E-04 -1.429274E-02  2.049589E-08  2.049843E-08
  3.479000E+03 -3.516167E-07  1.065255E-04 -1.043987E-06  1.924041E-04 -4.182075E-03  2.049576E-08  2.049681E-08
  3.480000E+03 -3.861030E-07  1.065853E-04  9.854112E-07  1.923185E-04 -1.743686E-02  2.049520E-08  2.049931E-08
  3.481000E+03  6.652486E-07  1.060415E-04  2.636516E-07  1.932777E-04 -8.535073E-03  2.049472E-08  2.049595E-08
  3.482000E+03 -1.358015E-07  1.067452E-04 -1.203894E-06  1.920065E-04 -7.519295E-03  2.049520E-08  2.049738E-08
  3.483000E+03 -5.559401E-07  1.062805E-04  6.849301E-07  1.928610E-04 -1.750204E-02  2.049423E-08  2.049782E-08
  3.484000E+03  5.831874E-07  1.062348E-04  6.560470E-07  1.929164E-04 -4.138827E-03  2.049425E-08  2.049487E-08
  3.485000E+03  9.298349E-08  1.067605E-04 -1.223119E-06  1.919796E-04 -1.294780E-02  2.049411E-08  2.049750E-08
  3.486000E+03 -6.634026E-07  1.060591E-04  3.135541E-07  1.932476E-04 -1.355337E-02  2.049379E-08  2.049614E-08
  3.487000E+03  4.371056E-07  1.065276E-04  9.794346E-07  1.923840E-04 -3.822219E-03  2.049406E-08  2.049511E-08
  3.488000E+03  3.151428E-07  1.065585E-04 -1.103572E-06  1.923434E-04 -1.701647E-02  2.049285E-08  2.049678E-08
  3.489000E+03 -6.957971E-07  1.060514E-04 -9.677643E-08  1.932468E-04 -7.966173E-03  2.049344E-08  2.049458E-08
  3.490000E+03  2.370617E-07  1.067437E-04  1.185797E-06  1.919929E-04 -7.686159E-03  2.049344E-08  2.049568E-08
  3.491000E+03  5.008235E-07  1.062670E-04 -8.457583E-07  1.928671E-04 -1.721091E-02  2.049237E-08  2.049586E-08
  3.492000E+03 -6.407285E-07  1.062611E-04 -4.995220E-07  1.928618E-04 -4.145893E-03  2.049353E-08  2.049418E-08
  3.493000E+03  1.255900E-08  1.067512E-04  1.241794E-06  1.919827E-04 -1.346801E-02  2.049253E-08  2.049603E-08
  3.494000E+03  6.226758E-07  1.060580E-04 -4.920712E-07  1.932409E-04 -1.333753E-02  2.049293E-08  2.049522E-08
  3.495000E+03 -5.060966E-07  1.065511E-04 -8.349575E-07  1.923378E-04 -4.362607E-03  2.049360E-08  2.049475E-08
  3.496000E+03 -2.085323E-07  1.065291E-04  1.144123E-06  1.923884E-04 -1.750288E-02  2.049183E-08  2.049583E-08
  3.497000E+03  6.687076E-07  1.060649E-04 -9.578739E-08  1.932228E-04 -7.757866E-03  2.049355E-08  2.049461E-08
  3.498000E+03 -3.231628E-07  1.067500E-04 -1.059932E-06  1.919819E-04 -8.501880E-03  2.049332E-08  2.049569E-08
  3.499000E+03 -3.946895E-07  1.062320E-04  9.307775E-07  1.929294E-04 -1.715414E-02  2.049226E-08  2.049567E-08
  3.500000E+03  6.385377E-07  1.062876E-04  2.919087E-07  1.928190E-04 -4.078490E-03  2.049410E-08  2.049471E-08
  3.501000E+03 -1.194296E-07  1.067297E-04 -1.155600E-06  1.920240E-04 -1.404149E-02  2.049264E-08  2.049617E-08
  3.502000E+03 -5.327564E-07  1.060526E-04  6.322467E-07  1.932584E-04 -1.268603E-02  2.049392E-08  2.049599E-08
  3.503000E+03  5.388794E-07  1.065868E-04  6.363438E-07  1.922868E-04 -4.703863E-03  2.049501E-08  2.049624E-08
  3.504000E+03  8.846444E-08  1.065004E-04 -1.116604E-06  1.924504E-04 -1.751036E-02  2.049291E-08  2.049679E-08
  3.505000E+03 -6.057228E-07  1.061082E-04  2.782279E-07  1.931619E-04 -7.162918E-03  2.049553E-08  2.049642E-08
  3.506000E+03  3.859082E-07  1.067706E-04  8.932805E-07  1.919652E-04 -9.306240E-03  2.049535E-08  2.049788E-08
  3.507000E+03  2.836115E-07  1.062139E-04 -9.565968E-07  1.929803E-04 -1.663085E-02  2.049435E-08  2.049751E-08
  3.508000E+03 -5.999206E-07  1.063462E-04 -1.093115E-07  1.927338E-04 -4.072386E-03  2.049634E-08  2.049694E-08
  3.509000E+03  1.945053E-07  1.067087E-04  1.025310E-06  1.920839E-04 -1.478517E-02  2.049478E-08  2.049837E-08
  3.510000E+03  4.341115E-07  1.060587E-04 -6.964023E-07  1.932689E-04 -1.192494E-02  2.049639E-08  2.049820E-08
  3.511000E+03 -5.261118E-07  1.066263E-04 -4.629638E-07  1.922380E-04 -5.477651E-03  2.049733E-08  2.049867E-08
  3.512000E+03 -1.100360E-08  1.064535E-04  1.026144E-06  1.925580E-04 -1.767447E-02  2.049527E-08  2.049903E-08
  3.513000E+03  5.229834E-07  1.061383E-04 -3.569732E-07  1.931243E-04 -6.564957E-03  2.049745E-08  2.049818E-08
  3.514000E+03 -3.877942E-07  1.067649E-04 -7.346637E-07  1.919933E-04 -1.018529E-02  2.049709E-08  2.049968E-08
  3.515000E+03 -2.022070E-07  1.061837E-04  8.948454E-07  1.930549E-04 -1.586390E-02  2.049672E-08  2.049955E-08
  3.516000E+03  5.307933E-07  1.063986E-04  7.420254E-09  1.926530E-04 -4.131753E-03  2.049784E-08  2.049845E-08
  3.517000E+03 -2.129774E-07  1.066736E-04 -8.721095E-07  1.921619E-04 -1.530232E-02  2.049621E-08  2.049974E-08
  3.518000E+03 -3.464879E-07  1.060701E-04  6.609191E-07  1.932582E-04 -1.087529E-02  2.049770E-08  2.049918E-08
  3.519000E+03  4.657619E-07  1.066640E-04  3.342717E-07  1.921760E-04 -6.086448E-03  2.049788E-08  2.049934E-08
  3.520000E+03 -2.844983E-08  1.064160E-04 -8.805960E-07  1.926381E-04 -1.741160E-02  2.049667E-08  2.050018E-08
  3.521000E+03 -4.292911E-07  1.061861E-04  3.621866E-07  1.930393E-04 -6.063093E-03  2.049770E-08  2.049829E-08
  3.522000E+03  3.517857E-07  1.067655E-04  5.802167E-07  1.919933E-04 -1.117976E-02  2.049698E-08  2.049970E-08
  3.523000E+03  1.437376E-07  1.061616E-04 -7.791304E-07  1.930995E-04 -1.527420E-02  2.049737E-08  2.049995E-08
  3.524000E+03 -4.454479E-07  1.064420E-04  4.002343E-08  1.925688E-04 -4.426434E-03  2.049721E-08  2.049784E-08
  3.525000E+03  2.020228E-07  1.066335E-04  7.179415E-07  1.922344E-04 -1.602901E-02  2.049599E-08  2.049955E-08
  3.526000E+03  2.774052E-07  1.060701E-04 -5.826564E-07  1.932509E-04 -1.023628E-02  2.049706E-08  2.049834E-08
  3.527000E+03 -4.005226E-07  1.066799E-04 -2.565441E-07  1.921345E-04 -7.020362E-03  2.049639E-08  2.049798E-08
  3.528000E+03  3.514149E-08  1.063615E-04  7.503594E-07  1.927313E-04 -1.748315E-02  2.049605E-08  2.049946E-08
  3.529000E+03  3.638477E-07  1.062080E-04 -3.157913E-07  1.929830E-04 -5.818254E-03  2.049599E-08  2.049649E-08
  3.530000E+03 -3.002040E-07  1.067384E-04 -4.939994E-07  1.920268E-04 -1.215668E-02  2.049512E-08  2.049793E-08
  3.531000E+03 -1.286203E-07  1.061179E-04  6.611357E-07  1.931630E-04 -1.444709E-02  2.049591E-08  2.049820E-08
  3.532000E+03  3.813394E-07  1.064684E-04 -8.808579E-09  1.924980E-04 -4.557544E-03  2.049474E-08  2.049540E-08
  3.533000E+03 -1.545166E-07  1.065707E-04 -6.255033E-07  1.923327E-04 -1.616530E-02  2.049435E-08  2.049772E-08
  3.534000E+03 -2.537743E-07  1.060695E-04  4.652775E-07  1.932282E-04 -9.063536E-03  2.049478E-08  2.049578E-08
  3.535000E+03  3.304678E-07  1.066768E-04  2.699415E-07  1.921146E-04 -7.573569E-03  2.049358E-08  2.049522E-08
  3.536000E+03  5.583628E-09  1.062952E-04 -6.408733E-07  1.928330E-04 -1.662335E-02  2.049438E-08  2.049737E-08
  3.537000E+03 -3.276183E-07  1.062373E-04  2.026504E-07  1.929054E-04 -5.072494E-03  2.049349E-08  2.049388E-08
  3.538000E+03  2.302388E-07  1.066945E-04  4.826368E-07  1.920863E-04 -1.261107E-02  2.049292E-08  2.049566E-08
  3.539000E+03  1.563298E-07  1.060925E-04 -5.477991E-07  1.931904E-04 -1.325401E-02  2.049425E-08  2.049618E-08
  3.540000E+03 -3.419881E-07  1.065004E-04 -8.637879E-08  1.924188E-04 -4.923441E-03  2.049243E-08  2.049319E-08
  3.541000E+03  9.197709E-08  1.065145E-04  6.064857E-07  1.924203E-04 -1.641521E-02  2.049279E-08  2.049609E-08
  3.542000E+03  2.776460E-07  1.060877E-04 -3.632644E-07  1.931796E-04 -8.363805E-03  2.049326E-08  2.049411E-08
  3.543000E+03 -2.950361E-07  1.066895E-04 -3.543601E-07  1.920755E-04 -8.676298E-03  2.049166E-08  2.049355E-08
  3.544000E+03 -6.152743E-08  1.062517E-04  6.224469E-07  1.929023E-04 -1.639076E-02  2.049345E-08  2.049633E-08
  3.545000E+03  3.487582E-07  1.062923E-04 -1.115305E-07  1.927945E-04 -4.931020E-03  2.049233E-08  2.049275E-08
  3.546000E+03 -1.987186E-07  1.066836E-04 -5.602230E-07  1.920993E-04 -1.375689E-02  2.049191E-08  2.049493E-08
  3.547000E+03 -2.057891E-07  1.060808E-04  5.333937E-07  1.932067E-04 -1.251825E-02  2.049392E-08  2.049567E-08
  3.548000E+03  3.569752E-07  1.065626E-04  1.715112E-07  1.923021E-04 -5.451825E-03  2.049191E-08  2.049291E-08
  3.549000E+03 -6.190695E-08  1.064734E-04 -6.630351E-07  1.924978E-04 -1.693922E-02  2.049295E-08  2.049634E-08
  3.550000E+03 -3.161472E-07  1.061179E-04  3.434644E-07  1.931282E-04 -7.390641E-03  2.049380E-08  2.049449E-08
  3.551000E+03  3.029230E-07  1.067188E-04  4.200016E-07  1.920297E-04 -9.635197E-03  2.049224E-08  2.049443E-08
  3.552000E+03  8.345647E-08  1.062002E-04 -6.619336E-07  1.930022E-04 -1.598274E-02  2.049426E-08  2.049701E-08
  3.553000E+03 -3.749349E-07  1.063485E-04  9.826086E-08  1.927027E-04 -4.536061E-03  2.049344E-08  2.049390E-08
  3.554000E+03  2.065008E-07  1.066567E-04  6.005023E-07  1.921657E-04 -1.487832E-02  2.049349E-08  2.049675E-08
  3.555000E+03  2.150937E-07  1.060543E-04 -5.704040E-07  1.932655E-04 -1.149604E-02  2.049528E-08  2.049682E-08
  3.556000E+03 -3.814736E-07  1.066223E-04 -1.614856E-07  1.922114E-04 -6.169121E-03  2.049363E-08  2.049490E-08
  3.557000E+03  8.160391E-08  1.064040E-04  7.060465E-07  1.926434E-04 -1.750748E-02  2.049489E-08  2.049836E-08
  3.558000E+03  3.268011E-07  1.061517E-04 -3.980573E-07  1.930835E-04 -6.239822E-03  2.049575E-08  2.049629E-08
  3.559000E+03 -3.380780E-07  1.067509E-04 -4.167301E-07  1.919994E-04 -1.106288E-02  2.049485E-08  2.049746E-08
  3.560000E+03 -6.607151E-08  1.061394E-04  7.199587E-07  1.931296E-04 -1.545455E-02  2.049621E-08  2.049881E-08
  3.561000E+03  3.954275E-07  1.064336E-04 -1.532146E-07  1.925701E-04 -4.168764E-03  2.049575E-08  2.049632E-08
  3.562000E+03 -2.431087E-07  1.066382E-04 -6.173979E-07  1.922273E-04 -1.615842E-02  2.049610E-08  2.049970E-08
  3.563000E+03 -2.044988E-07  1.060376E-04  6.365482E-07  1.933070E-04 -1.013695E-02  2.049675E-08  2.049803E-08
  3.564000E+03  4.113241E-07  1.066970E-04  1.101463E-07  1.920992E-04 -6.655435E-03  2.049596E-08  2.049755E-08
  3.565000E+03 -1.220263E-07  1.063459E-04 -7.388197E-07  1.927684E-04 -1.783498E-02  2.049686E-08  2.050038E-08
  3.566000E+03 -3.223425E-07  1.061854E-04  4.835539E-07  1.930351E-04 -5.091383E-03  2.049725E-08  2.049767E-08
  3.567000E+03  3.824810E-07  1.067726E-04  3.675532E-07  1.919821E-04 -1.223654E-02  2.049689E-08  2.049987E-08
  3.568000E+03  1.564745E-08  1.060777E-04 -7.790585E-07  1.932483E-04 -1.486467E-02  2.049707E-08  2.049954E-08
  3.569000E+03 -4.058469E-07  1.064903E-04  2.703788E-07  1.924805E-04 -3.828759E-03  2.049716E-08  2.049783E-08
  3.570000E+03  3.129893E-07  1.065982E-04  5.908162E-07  1.923122E-04 -1.718670E-02  2.049711E-08  2.050094E-08
  3.571000E+03  1.578489E-07  1.060235E-04 -7.490857E-07  1.933320E-04 -9.071415E-03  2.049688E-08  2.049799E-08
  3.572000E+03 -4.546964E-07  1.067476E-04  1.836335E-08  1.920174E-04 -7.519149E-03  2.049681E-08  2.049875E-08
  3.573000E+03  2.075202E-07  1.062835E-04  7.667429E-07  1.928787E-04 -1.807195E-02  2.049647E-08  2.050006E-08
  3.574000E+03  2.958514E-07  1.062307E-04 -6.374992E-07  1.929497E-04 -4.308639E-03  2.049699E-08  2.049738E-08
  3.575000E+03 -4.553629E-07  1.067853E-04 -2.561350E-07  1.919606E-04 -1.347155E-02  2.049670E-08  2.050009E-08
  3.576000E+03  7.160407E-08  1.060427E-04  8.608645E-07  1.932968E-04 -1.419110E-02  2.049565E-08  2.049799E-08
  3.577000E+03  4.077856E-07  1.065589E-04 -4.444358E-07  1.923517E-04 -3.895305E-03  2.049663E-08  2.049753E-08
  3.578000E+03 -4.029483E-07  1.065662E-04 -5.182982E-07  1.923570E-04 -1.800689E-02  2.049544E-08  2.049953E-08
  3.579000E+03 -8.215273E-08  1.060370E-04  8.647166E-07  1.932881E-04 -8.025770E-03  2.049503E-08  2.049597E-08
  3.580000E+03  4.801868E-07  1.067921E-04 -1.884359E-07  1.919277E-04 -8.280562E-03  2.049567E-08  2.049797E-08
  3.581000E+03 -3.035598E-07  1.062237E-04 -7.331771E-07  1.929598E-04 -1.777967E-02  2.049366E-08  2.049714E-08
  3.582000E+03 -2.390718E-07  1.062775E-04  7.783887E-07  1.928453E-04 -3.378478E-03  2.049501E-08  2.049538E-08
  3.583000E+03  5.032408E-07  1.067688E-04  1.086379E-07  1.919735E-04 -1.425698E-02  2.049468E-08  2.049827E-08
  3.584000E+03 -1.651050E-07  1.059995E-04 -8.822287E-07  1.933446E-04 -1.285659E-02  2.049273E-08  2.049477E-08
  3.585000E+03 -3.836646E-07  1.066090E-04  6.122900E-07  1.922429E-04 -3.716530E-03  2.049467E-08  2.049574E-08
  3.586000E+03  4.810309E-07  1.065035E-04  4.146987E-07  1.924457E-04 -1.811641E-02  2.049279E-08  2.049680E-08
  3.587000E+03  1.702708E-09  1.060402E-04 -9.593857E-07  1.932571E-04 -6.440960E-03  2.049260E-08  2.049333E-08
  3.588000E+03 -4.978573E-07  1.068119E-04  3.604457E-07  1.918772E-04 -8.727088E-03  2.049398E-08  2.049651E-08
  3.589000E+03  4.007875E-07  1.061650E-04  6.956671E-07  1.930400E-04 -1.722611E-02  2.049106E-08  2.049438E-08
  3.590000E+03  1.831625E-07  1.063208E-04 -9.308956E-07  1.927479E-04 -2.694985E-03  2.049304E-08  2.049347E-08
  3.591000E+03 -5.570334E-07  1.067571E-04  4.824629E-08  1.919789E-04 -1.509131E-02  2.049279E-08  2.049665E-08
  3.592000E+03  2.691516E-07  1.059762E-04  9.023275E-07  1.933657E-04 -1.215879E-02  2.049064E-08  2.049258E-08
  3.593000E+03  3.470646E-07  1.066590E-04 -7.880147E-07  1.921389E-04 -4.099161E-03  2.049317E-08  2.049450E-08
  3.594000E+03 -5.496155E-07  1.064665E-04 -2.685666E-07  1.925014E-04 -1.877036E-02  2.049134E-08  2.049556E-08
  3.595000E+03  1.045469E-07  1.060509E-04  1.002451E-06  1.932272E-04 -5.938453E-03  2.049156E-08  2.049225E-08
  3.596000E+03  4.676940E-07  1.068319E-04 -5.525743E-07  1.918357E-04 -9.736918E-03  2.049319E-08  2.049604E-08
  3.597000E+03 -4.869284E-07  1.061248E-04 -5.509463E-07  1.931083E-04 -1.731586E-02  2.049051E-08  2.049388E-08
  3.598000E+03 -7.060835E-08  1.063514E-04  1.010797E-06  1.926896E-04 -2.619496E-03  2.049275E-08  2.049323E-08
  3.599000E+03  5.442502E-07  1.067398E-04 -2.671617E-07  1.920132E-04 -1.595637E-02  2.049284E-08  2.049690E-08
  3.600000E+03 -3.761635E-07  1.059571E-04 -7.877223E-07  1.934040E-04 -1.165901E-02  2.049113E-08  2.049298E-08
  3.601000E+03 -2.458677E-07  1.066873E-04  9.160035E-07  1.920926E-04 -4.386686E-03  2.049365E-08  2.049511E-08
  3.602000E+03  5.692440E-07  1.064365E-04  5.319114E-08  1.925683E-04 -1.898511E-02  2.049261E-08  2.049684E-08
  3.603000E+03 -2.199912E-07  1.060720E-04 -9.519189E-07  1.932015E-04 -5.310112E-03  2.049299E-08  2.049361E-08
  3.604000E+03 -3.928492E-07  1.068544E-04  7.177410E-07  1.918079E-04 -1.029588E-02  2.049443E-08  2.049748E-08
  3.605000E+03  5.357260E-07  1.061083E-04  3.641660E-07  1.931583E-04 -1.695103E-02  2.049275E-08  2.049600E-08
  3.606000E+03 -4.037863E-08  1.064054E-04 -1.007836E-06  1.926093E-04 -2.435406E-03  2.049460E-08  2.049514E-08
  3.607000E+03 -4.896924E-07  1.067367E-04  4.406779E-07  1.920387E-04 -1.668259E-02  2.049472E-08  2.049897E-08
  3.608000E+03  4.356056E-07  1.059566E-04  6.242891E-07  1.934273E-04 -1.091922E-02  2.049368E-08  2.049535E-08
  3.609000E+03  1.351788E-07  1.067365E-04 -9.399139E-07  1.920221E-04 -4.858025E-03  2.049553E-08  2.049718E-08
  3.610000E+03 -5.299875E-07  1.064035E-04  1.316554E-07  1.926541E-04 -1.936286E-02  2.049523E-08  2.049951E-08
  3.611000E+03  2.938317E-07  1.060976E-04  8.067636E-07  1.931774E-04 -4.750694E-03  2.049543E-08  2.049594E-08
  3.612000E+03  2.855488E-07  1.068676E-04 -7.738821E-07  1.918046E-04 -1.124412E-02  2.049641E-08  2.049966E-08
  3.613000E+03 -5.122231E-07  1.060683E-04 -1.680131E-07  1.932600E-04 -1.657991E-02  2.049594E-08  2.049905E-08
  3.614000E+03  1.315347E-07  1.064456E-04  8.863441E-07  1.925559E-04 -2.176410E-03  2.049669E-08  2.049723E-08
  3.615000E+03  3.898816E-07  1.067157E-04 -5.411321E-07  1.920955E-04 -1.736467E-02  2.049651E-08  2.050085E-08
  3.616000E+03 -4.421203E-07  1.059510E-04 -4.196836E-07  1.934615E-04 -1.005079E-02  2.049640E-08  2.049785E-08
  3.617000E+03 -2.531320E-08  1.067806E-04  8.657344E-07  1.919568E-04 -5.196227E-03  2.049698E-08  2.049878E-08
  3.618000E+03  4.438737E-07  1.063667E-04 -2.851635E-07  1.927364E-04 -1.953344E-02  2.049682E-08  2.050105E-08
  3.619000E+03 -3.322321E-07  1.061266E-04 -6.017803E-07  1.931366E-04 -3.794191E-03  2.049679E-08  2.049715E-08
  3.620000E+03 -1.628946E-07  1.068927E-04  7.565892E-07  1.917649E-04 -1.198398E-02  2.049680E-08  2.050029E-08
  3.621000E+03  4.489530E-07  1.060349E-04 -2.668908E-08  1.933321E-04 -1.622873E-02  2.049725E-08  2.050021E-08
  3.622000E+03 -2.001613E-07  1.064985E-04 -7.109842E-07  1.924606E-04 -1.928345E-03  2.049672E-08  2.049731E-08
  3.623000E+03 -2.742806E-07  1.067004E-04  5.863049E-07  1.921221E-04 -1.839351E-02  2.049603E-08  2.050063E-08
  3.624000E+03  4.115661E-07  1.059328E-04  2.138011E-07  1.934995E-04 -9.302269E-03  2.049706E-08  2.049834E-08
  3.625000E+03 -6.575401E-08  1.068227E-04 -7.388853E-07  1.918737E-04 -5.812233E-03  2.049613E-08  2.049815E-08
  3.626000E+03 -3.464705E-07  1.063101E-04  3.871026E-07  1.928324E-04 -2.009064E-02  2.049589E-08  2.050023E-08
  3.627000E+03  3.387243E-07  1.061400E-04  4.117579E-07  1.931048E-04 -3.129312E-03  2.049604E-08  2.049630E-08
  3.628000E+03  6.658384E-08  1.068977E-04 -6.941334E-07  1.917407E-04 -1.317207E-02  2.049486E-08  2.049866E-08
  3.629000E+03 -3.793106E-07  1.059724E-04  1.582065E-07  1.934312E-04 -1.595724E-02  2.049577E-08  2.049867E-08
  3.630000E+03  2.330678E-07  1.065313E-04  5.524505E-07  1.923796E-04 -1.786035E-03  2.049442E-08  2.049506E-08
  3.631000E+03  1.814905E-07  1.066528E-04 -5.759088E-07  1.921873E-04 -1.925521E-02  2.049351E-08  2.049825E-08
  3.632000E+03 -3.668939E-07  1.058979E-04 -7.004207E-08  1.935425E-04 -8.112528E-03  2.049508E-08  2.049615E-08
  3.633000E+03  1.125993E-07  1.068512E-04  6.135577E-07  1.917946E-04 -6.098776E-03  2.049311E-08  2.049530E-08
  3.634000E+03  2.662879E-07  1.062347E-04 -4.115084E-07  1.929422E-04 -2.006847E-02  2.049303E-08  2.049728E-08
  3.635000E+03 -3.164769E-07  1.061469E-04 -2.766775E-07  1.930680E-04 -1.841897E-03  2.049354E-08  2.049369E-08
  3.636000E+03 -1.403784E-08  1.068908E-04  6.105122E-07  1.917270E-04 -1.378216E-02  2.049191E-08  2.049585E-08
  3.637000E+03  3.200447E-07  1.059020E-04 -2.084169E-07  1.935316E-04 -1.496307E-02  2.049309E-08  2.049575E-08
  3.638000E+03 -2.299179E-07  1.065663E-04 -4.457651E-07  1.922909E-04 -1.160101E-03  2.049171E-08  2.049242E-08
  3.639000E+03 -1.378129E-07  1.066102E-04  5.289498E-07  1.922434E-04 -1.983870E-02  2.049108E-08  2.049591E-08
  3.640000E+03  3.308180E-07  1.058747E-04  3.062832E-08  1.935623E-04 -7.037812E-03  2.049284E-08  2.049376E-08
  3.641000E+03 -1.085540E-07  1.068833E-04 -5.498618E-07  1.917147E-04 -6.637862E-03  2.049065E-08  2.049308E-08
  3.642000E+03 -2.423295E-07  1.061809E-04  3.695822E-07  1.930210E-04 -2.033312E-02  2.049091E-08  2.049523E-08
  3.643000E+03  2.847666E-07  1.061732E-04  2.707246E-07  1.930032E-04 -1.352991E-03  2.049174E-08  2.049185E-08
  3.644000E+03  3.004997E-08  1.068951E-04 -5.578780E-07  1.917078E-04 -1.482138E-02  2.049037E-08  2.049463E-08
  3.645000E+03 -3.080808E-07  1.058754E-04  1.455778E-07  1.935658E-04 -1.462753E-02  2.049166E-08  2.049426E-08
  3.646000E+03  1.870384E-07  1.066190E-04  4.653616E-07  1.921873E-04 -1.339313E-03  2.049080E-08  2.049167E-08
  3.647000E+03  1.658359E-07  1.065919E-04 -4.651029E-07  1.922758E-04 -2.061796E-02  2.049070E-08  2.049578E-08
  3.648000E+03 -3.120390E-07  1.058830E-04 -1.120758E-07  1.935422E-04 -6.398291E-03  2.049241E-08  2.049322E-08
  3.649000E+03  5.791433E-08  1.069233E-04  5.565985E-07  1.916443E-04 -7.315502E-03  2.049069E-08  2.049342E-08
  3.650000E+03  2.687415E-07  1.061490E-04 -2.911488E-07  1.930849E-04 -2.032479E-02  2.049154E-08  2.049587E-08
  3.651000E+03 -2.584075E-07  1.062112E-04 -3.530193E-07  1.929432E-04 -7.616915E-04  2.049271E-08  2.049282E-08
  3.652000E+03 -8.112635E-08  1.069010E-04  5.528130E-07  1.917132E-04 -1.565594E-02  2.049182E-08  2.049636E-08
  3.653000E+03  3.295586E-07  1.058433E-04 -6.091188E-08  1.936334E-04 -1.407251E-02  2.049277E-08  2.049529E-08
  3.654000E+03 -1.586723E-07  1.066640E-04 -5.432821E-07  1.921241E-04 -1.352676E-03  2.049271E-08  2.049373E-08
  3.655000E+03 -2.187788E-07  1.065610E-04  4.611510E-07  1.923580E-04 -2.138507E-02  2.049318E-08  2.049849E-08
  3.656000E+03  3.359213E-07  1.058766E-04  2.088140E-07  1.935705E-04 -5.686559E-03  2.049426E-08  2.049502E-08
  3.657000E+03 -1.948982E-08  1.069622E-04 -6.449521E-07  1.916006E-04 -8.013825E-03  2.049337E-08  2.049642E-08
  3.658000E+03 -3.316188E-07  1.061017E-04  2.624880E-07  1.931965E-04 -2.052989E-02  2.049416E-08  2.049862E-08
  3.659000E+03  2.715005E-07  1.062506E-04  4.780731E-07  1.928946E-04 -9.366881E-05  2.049517E-08  2.049532E-08
  3.660000E+03  1.413531E-07  1.069178E-04 -6.265669E-07  1.917152E-04 -1.672167E-02  2.049491E-08  2.049988E-08
  3.661000E+03 -3.884282E-07  1.058156E-04 -1.427598E-08  1.937028E-04 -1.353439E-02  2.049490E-08  2.049738E-08
  3.662000E+03  1.474822E-07  1.067313E-04  6.746217E-07  1.920312E-04 -1.315531E-03  2.049572E-08  2.049701E-08
  3.663000E+03  2.953015E-07  1.065392E-04 -4.941567E-07  1.924282E-04 -2.206315E-02  2.049617E-08  2.050175E-08
  3.664000E+03 -3.852270E-07  1.058828E-04 -3.277691E-07  1.935763E-04 -4.605016E-03  2.049619E-08  2.049689E-08
  3.665000E+03 -1.942235E-08  1.070101E-04  7.796801E-07  1.915454E-04 -8.580128E-03  2.049654E-08  2.049996E-08
  3.666000E+03  4.191038E-07  1.060574E-04 -2.504429E-07  1.932970E-04 -2.053234E-02  2.049626E-08  2.050082E-08
  3.667000E+03 -3.077778E-07  1.062850E-04 -6.289415E-07  1.928489E-04  5.595662E-04  2.049694E-08  2.049718E-08
  3.668000E+03 -2.059053E-07  1.069173E-04  7.540764E-07  1.917405E-04 -1.760820E-02  2.049719E-08  2.050250E-08
  3.669000E+03  4.833271E-07  1.057752E-04  7.452391E-08  1.937844E-04 -1.289179E-02  2.049589E-08  2.049840E-08
  3.670000E+03 -1.588489E-07  1.067753E-04 -8.588547E-07  1.919667E-04 -1.309491E-03  2.049728E-08  2.049882E-08
  3.671000E+03 -3.893094E-07  1.065031E-04  5.829543E-07  1.925032E-04 -2.283067E-02  2.049685E-08  2.050278E-08
  3.672000E+03  4.700668E-07  1.058834E-04  4.502713E-07  1.935726E-04 -3.844095E-03  2.049597E-08  2.049668E-08
  3.673000E+03  4.490233E-08  1.070446E-04 -9.694292E-07  1.914922E-04 -9.387388E-03  2.049730E-08  2.050117E-08
  3.674000E+03 -5.269233E-07  1.060106E-04  2.793757E-07  1.933755E-04 -2.054307E-02  2.049553E-08  2.050024E-08
  3.675000E+03  3.706843E-07  1.063338E-04  7.899605E-07  1.927534E-04  1.067287E-03  2.049619E-08  2.049659E-08
  3.676000E+03  2.617791E-07  1.069197E-04 -9.171814E-07  1.917335E-04 -1.867852E-02  2.049651E-08  2.050234E-08
  3.677000E+03 -5.869193E-07  1.057541E-04 -9.925051E-08  1.938061E-04 -1.214508E-02  2.049429E-08  2.049675E-08
  3.678000E+03  1.941884E-07  1.068362E-04  1.025631E-06  1.918467E-04 -1.593381E-03  2.049614E-08  2.049807E-08
  3.679000E+03  4.541106E-07  1.064644E-04 -7.038234E-07  1.925549E-04 -2.332284E-02  2.049468E-08  2.050086E-08
  3.680000E+03 -5.533883E-07  1.059073E-04 -4.979714E-07  1.935050E-04 -2.864738E-03  2.049350E-08  2.049418E-08
  3.681000E+03 -3.013785E-08  1.070667E-04  1.110319E-06  1.914346E-04 -1.011515E-02  2.049523E-08  2.049949E-08
  3.682000E+03  5.879711E-07  1.059574E-04 -3.624233E-07  1.934441E-04 -1.990631E-02  2.049278E-08  2.049736E-08
  3.683000E+03 -4.309851E-07  1.063728E-04 -8.521920E-07  1.926567E-04  1.774013E-03  2.049340E-08  2.049396E-08
  3.684000E+03 -2.687393E-07  1.068913E-04  1.037663E-06  1.917586E-04 -1.914915E-02  2.049356E-08  2.049952E-08
  3.685000E+03  6.488016E-07  1.057275E-04  6.688974E-08  1.938261E-04 -1.086440E-02  2.049155E-08  2.049384E-08
  3.686000E+03 -2.318895E-07  1.068641E-04 -1.113832E-06  1.917709E-04 -1.518818E-03  2.049340E-08  2.049557E-08
  3.687000E+03 -4.852256E-07  1.064067E-04  7.965303E-07  1.926294E-04 -2.303196E-02  2.049162E-08  2.049764E-08
  3.688000E+03  6.105240E-07  1.059218E-04  5.195490E-07  1.934536E-04 -1.639643E-03  2.049093E-08  2.049158E-08
  3.689000E+03  2.325397E-08  1.070692E-04 -1.216586E-06  1.914047E-04 -1.069657E-02  2.049237E-08  2.049689E-08
  3.690000E+03 -6.371062E-07  1.059157E-04  4.147460E-07  1.934977E-04 -1.913532E-02  2.049069E-08  2.049509E-08
  3.691000E+03  4.747127E-07  1.064228E-04  9.108735E-07  1.925454E-04  1.889563E-03  2.049119E-08  2.049191E-08
  3.692000E+03  2.771039E-07  1.068586E-04 -1.132845E-06  1.917973E-04 -1.992279E-02  2.049113E-08  2.049733E-08
  3.693000E+03 -6.952239E-07  1.057349E-04 -3.113808E-08  1.938012E-04 -1.000673E-02  2.049052E-08  2.049266E-08
  3.694000E+03  2.681357E-07  1.068998E-04  1.163223E-06  1.916928E-04 -2.542026E-03  2.049185E-08  2.049432E-08
  3.695000E+03  4.841261E-07  1.063523E-04 -8.872260E-07  1.927195E-04 -2.317733E-02  2.049065E-08  2.049670E-08
  3.696000E+03 -6.525679E-07  1.059690E-04 -4.651395E-07  1.933656E-04 -1.343871E-03  2.049073E-08  2.049133E-08
  3.697000E+03  2.624858E-08  1.070547E-04  1.256203E-06  1.914262E-04 -1.207085E-02  2.049158E-08  2.049636E-08
  3.698000E+03  6.294094E-07  1.058837E-04 -5.260979E-07  1.935597E-04 -1.843599E-02  2.049134E-08  2.049556E-08
  3.699000E+03 -5.233801E-07  1.064780E-04 -8.452397E-07  1.924506E-04  1.368908E-03  2.049173E-08  2.049256E-08
  3.700000E+03 -2.205583E-07  1.067977E-04  1.181617E-06  1.919127E-04 -2.062850E-02  2.049148E-08  2.049768E-08
  3.701000E+03  6.921756E-07  1.057533E-04 -8.376045E-08  1.937847E-04 -8.851995E-03  2.049256E-08  2.049443E-08
  3.702000E+03 -3.164058E-07  1.069335E-04 -1.111051E-06  1.916421E-04 -3.623764E-03  2.049283E-08  2.049552E-08
  3.703000E+03 -4.366920E-07  1.062970E-04  9.435324E-07  1.928386E-04 -2.281559E-02  2.049282E-08  2.049862E-08
  3.704000E+03  6.563307E-07  1.060393E-04  3.607154E-07  1.932669E-04 -6.075874E-04  2.049387E-08  2.049436E-08
  3.705000E+03 -7.322817E-08  1.070581E-04 -1.210600E-06  1.914383E-04 -1.322467E-02  2.049323E-08  2.049827E-08
  3.706000E+03 -5.789961E-07  1.058705E-04  5.781982E-07  1.936121E-04 -1.751668E-02  2.049466E-08  2.049855E-08
  3.707000E+03  5.222755E-07  1.065529E-04  7.305762E-07  1.923457E-04  1.151217E-03  2.049498E-08  2.049592E-08
  3.708000E+03  1.624081E-07  1.067666E-04 -1.126791E-06  1.919967E-04 -2.127139E-02  2.049420E-08  2.050045E-08
  3.709000E+03 -6.319156E-07  1.057759E-04  1.620856E-07  1.937761E-04 -7.950395E-03  2.049619E-08  2.049779E-08
  3.710000E+03  3.281891E-07  1.069725E-04  9.698740E-07  1.915973E-04 -4.561454E-03  2.049543E-08  2.049831E-08
  3.711000E+03  3.568199E-07  1.062551E-04 -9.010473E-07  1.929457E-04 -2.279988E-02  2.049615E-08  2.050183E-08
  3.712000E+03 -5.959504E-07  1.060847E-04 -2.407680E-07  1.932187E-04 -2.743879E-04  2.049754E-08  2.049791E-08
  3.713000E+03  1.113598E-07  1.070440E-04  1.058283E-06  1.914877E-04 -1.414208E-02  2.049556E-08  2.050064E-08
  3.714000E+03  4.848245E-07  1.058451E-04 -5.861902E-07  1.936854E-04 -1.671081E-02  2.049780E-08  2.050139E-08
  3.715000E+03 -4.849878E-07  1.066028E-04 -5.692752E-07  1.922816E-04  9.844227E-04  2.049774E-08  2.049871E-08
  3.716000E+03 -9.522597E-08  1.067310E-04  1.003625E-06  1.920806E-04 -2.171724E-02  2.049612E-08  2.050231E-08
  3.717000E+03  5.397119E-07  1.057912E-04 -2.314703E-07  1.937694E-04 -6.998173E-03  2.049859E-08  2.049993E-08
  3.718000E+03 -3.251544E-07  1.070090E-04 -7.908672E-07  1.915476E-04 -5.183176E-03  2.049703E-08  2.050008E-08
  3.719000E+03 -2.673963E-07  1.062146E-04  8.260445E-07  1.930297E-04 -2.258602E-02  2.049735E-08  2.050284E-08
  3.720000E+03  5.180251E-07  1.061290E-04  1.206811E-07  1.931485E-04  4.940287E-04  2.049865E-08  2.049891E-08
  3.721000E+03 -1.400817E-07  1.070590E-04 -8.835025E-07  1.914688E-04 -1.510349E-02  2.049612E-08  2.050148E-08
  3.722000E+03 -3.876544E-07  1.058129E-04  5.649758E-07  1.937457E-04 -1.621489E-02  2.049811E-08  2.050154E-08
  3.723000E+03  4.297952E-07  1.066555E-04  4.176087E-07  1.921835E-04  9.788391E-04  2.049741E-08  2.049846E-08
  3.724000E+03  4.290662E-08  1.066998E-04 -8.540402E-07  1.921329E-04 -2.264418E-02  2.049529E-08  2.050171E-08
  3.725000E+03 -4.434651E-07  1.057766E-04  2.614800E-07  1.937882E-04 -6.275186E-03  2.049785E-08  2.049905E-08
  3.726000E+03  2.981654E-07  1.070422E-04  6.263747E-07  1.914776E-04 -5.920464E-03  2.049582E-08  2.049909E-08
  3.727000E+03  1.989278E-07  1.061537E-04 -7.220447E-07  1.931234E-04 -2.298532E-02  2.049534E-08  2.050094E-08
  3.728000E+03 -4.383764E-07  1.061433E-04 -5.039924E-08  1.931020E-04  9.863105E-04  2.049648E-08  2.049667E-08
  3.729000E+03  1.395880E-07  1.070490E-04  7.354310E-07  1.914692E-04 -1.622249E-02  2.049388E-08  2.049950E-08
  3.730000E+03  3.186100E-07  1.057560E-04 -5.102807E-07  1.938201E-04 -1.574265E-02  2.049510E-08  2.049845E-08
  3.731000E+03 -3.738872E-07  1.066789E-04 -3.324144E-07  1.921134E-04  1.043917E-03  2.049443E-08  2.049554E-08
  3.732000E+03 -2.290421E-08  1.066475E-04  7.361332E-07  1.922020E-04 -2.311033E-02  2.049239E-08  2.049881E-08
  3.733000E+03  3.868344E-07  1.057535E-04 -2.462872E-07  1.937958E-04 -5.142704E-03  2.049431E-08  2.049537E-08
  3.734000E+03 -2.653740E-07  1.070522E-04 -5.509219E-07  1.914302E-04 -6.277230E-03  2.049261E-08  2.049600E-08
  3.735000E+03 -1.790033E-07  1.060839E-04  6.432626E-07  1.932160E-04 -2.252993E-02  2.049190E-08  2.049728E-08
  3.736000E+03  3.990968E-07  1.061568E-04  5.518246E-08  1.930431E-04  1.939270E-03  2.049279E-08  2.049297E-08
  3.737000E+03 -1.178008E-07  1.070177E-04 -6.919429E-07  1.914985E-04 -1.667564E-02  2.049089E-08  2.049649E-08
  3.738000E+03 -3.137592E-07  1.057060E-04  4.552146E-07  1.938727E-04 -1.453562E-02  2.049135E-08  2.049443E-08
  3.739000E+03  3.502587E-07  1.067140E-04  3.634726E-07  1.920212E-04  1.084919E-03  2.049134E-08  2.049261E-08
  3.740000E+03  5.593151E-08  1.065908E-04 -7.232067E-07  1.922851E-04 -2.351834E-02  2.049016E-08  2.049660E-08
  3.741000E+03 -4.018332E-07  1.057543E-04  1.726583E-07  1.937621E-04 -4.158415E-03  2.049099E-08  2.049192E-08
  3.742000E+03  2.336751E-07  1.070712E-04  6.258769E-07  1.913762E-04 -7.296307E-03  2.049033E-08  2.049402E-08
  3.743000E+03  2.331074E-07  1.060302E-04 -6.220256E-07  1.932961E-04 -2.244770E-02  2.049007E-08  2.049546E-08
  3.744000E+03 -4.147317E-07  1.062047E-04 -1.725766E-07  1.929375E-04  2.249888E-03  2.049082E-08  2.049105E-08
  3.745000E+03  6.384183E-08  1.070090E-04  7.725025E-07  1.915132E-04 -1.789233E-02  2.049036E-08  2.049636E-08
  3.746000E+03  3.795758E-07  1.056911E-04 -3.841756E-07  1.938887E-04 -1.382626E-02  2.049036E-08  2.049330E-08
  3.747000E+03 -3.406846E-07  1.067777E-04 -5.179565E-07  1.919038E-04  5.397486E-04  2.049104E-08  2.049260E-08
  3.748000E+03 -1.375999E-07  1.065510E-04  7.664814E-07  1.923699E-04 -2.411990E-02  2.049124E-08  2.049789E-08
  3.749000E+03  4.550051E-07  1.057883E-04 -3.871014E-08  1.937007E-04 -3.238992E-03  2.049117E-08  2.049197E-08
  3.750000E+03 -1.896557E-07  1.071030E-04 -7.728049E-07  1.913323E-04 -8.349060E-03  2.049154E-08  2.049564E-08
  3.751000E+03 -3.230546E-07  1.059871E-04  6.055470E-07  1.933909E-04 -2.193803E-02  2.049200E-08  2.049726E-08
  3.752000E+03  4.437332E-07  1.062675E-04  3.405256E-07  1.928387E-04  2.560148E-03  2.049241E-08  2.049273E-08
  3.753000E+03  5.581993E-09  1.069852E-04 -8.903142E-07  1.915864E-04 -1.884917E-02  2.049328E-08  2.049950E-08
  3.754000E+03 -4.641174E-07  1.056762E-04  3.173908E-07  1.939370E-04 -1.290381E-02  2.049281E-08  2.049563E-08
  3.755000E+03  3.455193E-07  1.068255E-04  6.911659E-07  1.918421E-04 -4.096130E-05  2.049364E-08  2.049545E-08
  3.756000E+03  2.198094E-07  1.065047E-04 -8.515917E-07  1.924900E-04 -2.457145E-02  2.049490E-08  2.050170E-08
  3.757000E+03 -5.316456E-07  1.058110E-04 -6.753723E-08  1.936868E-04 -2.596635E-03  2.049413E-08  2.049492E-08
  3.758000E+03  1.701417E-07  1.071223E-04  9.483940E-07  1.913331E-04 -9.217295E-03  2.049517E-08  2.049956E-08
  3.759000E+03  4.200713E-07  1.059590E-04 -6.460561E-07  1.934744E-04 -2.167668E-02  2.049554E-08  2.050081E-08
  3.760000E+03 -4.990756E-07  1.063170E-04 -4.918970E-07  1.927769E-04  2.679775E-03  2.049538E-08  2.049582E-08
  3.761000E+03 -6.174399E-08  1.069828E-04  1.044332E-06  1.916284E-04 -1.952792E-02  2.049704E-08  2.050354E-08
  3.762000E+03  5.669033E-07  1.056844E-04 -2.855213E-07  1.939499E-04 -1.229443E-02  2.049593E-08  2.049868E-08
  3.763000E+03 -3.696868E-07  1.068639E-04 -8.818949E-07  1.917999E-04 -3.620642E-04  2.049649E-08  2.049854E-08
  3.764000E+03 -3.103503E-07  1.064828E-04  9.680465E-07  1.925574E-04 -2.449646E-02  2.049791E-08  2.050470E-08
  3.765000E+03  6.280198E-07  1.058426E-04  1.752334E-07  1.936511E-04 -2.101358E-03  2.049648E-08  2.049730E-08
  3.766000E+03 -1.516348E-07  1.071298E-04 -1.148203E-06  1.913463E-04 -9.756123E-03  2.049791E-08  2.050252E-08
  3.767000E+03 -5.303173E-07  1.059372E-04  6.918489E-07  1.935308E-04 -2.130225E-02  2.049747E-08  2.050274E-08
  3.768000E+03  5.724592E-07  1.063410E-04  6.532216E-07  1.927440E-04  2.733020E-03  2.049651E-08  2.049710E-08
  3.769000E+03  1.159333E-07  1.069610E-04 -1.230448E-06  1.916817E-04 -1.990716E-02  2.049841E-08  2.050505E-08
  3.770000E+03 -6.847096E-07  1.056737E-04  2.615050E-07  1.939764E-04 -1.184639E-02  2.049677E-08  2.049959E-08
  3.771000E+03  4.078873E-07  1.068810E-04  1.078209E-06  1.917737E-04 -6.713222E-04  2.049696E-08  2.049923E-08
  3.772000E+03  3.969838E-07  1.064595E-04 -1.100930E-06  1.926002E-04 -2.480832E-02  2.049782E-08  2.050486E-08
  3.773000E+03 -7.291139E-07  1.058510E-04 -2.680373E-07  1.936296E-04 -1.836336E-03  2.049585E-08  2.049677E-08
  3.774000E+03  1.479717E-07  1.071425E-04  1.342928E-06  1.913186E-04 -1.026376E-02  2.049727E-08  2.050221E-08
  3.775000E+03  6.313554E-07  1.059229E-04 -7.523304E-07  1.935469E-04 -2.120477E-02  2.049645E-08  2.050183E-08
  3.776000E+03 -6.412000E-07  1.063689E-04 -7.869907E-07  1.926784E-04  2.784652E-03  2.049491E-08  2.049568E-08
  3.777000E+03 -1.520135E-07  1.069578E-04  1.379434E-06  1.916701E-04 -2.037283E-02  2.049637E-08  2.050332E-08
  3.778000E+03  7.664680E-07  1.056779E-04 -2.543315E-07  1.939477E-04 -1.147127E-02  2.049464E-08  2.049743E-08
  3.779000E+03 -4.362441E-07  1.069058E-04 -1.192963E-06  1.917051E-04 -9.940277E-04  2.049438E-08  2.049692E-08
  3.780000E+03 -4.385540E-07  1.064367E-04  1.177094E-06  1.926114E-04 -2.472099E-02  2.049467E-08  2.050172E-08
  3.781000E+03  7.715048E-07  1.058710E-04  3.047962E-07  1.935626E-04 -1.333988E-03  2.049265E-08  2.049355E-08
  3.782000E+03 -1.493746E-07  1.071301E-04 -1.407755E-06  1.913052E-04 -1.056047E-02  2.049340E-08  2.049843E-08
  3.783000E+03 -6.642287E-07  1.058954E-04  7.726483E-07  1.935605E-04 -2.037095E-02  2.049291E-08  2.049802E-08
  3.784000E+03  6.564663E-07  1.063894E-04  8.341482E-07  1.926103E-04  3.078216E-03  2.049160E-08  2.049247E-08
  3.785000E+03  1.708926E-07  1.069158E-04 -1.416003E-06  1.917046E-04 -2.033384E-02  2.049202E-08  2.049882E-08
  3.786000E+03 -7.909988E-07  1.056686E-04  2.316908E-07  1.939304E-04 -1.033524E-02  2.049126E-08  2.049383E-08
  3.787000E+03  4.289349E-07  1.069136E-04  1.242295E-06  1.916607E-04 -9.772467E-04  2.049113E-08  2.049378E-08
  3.788000E+03  4.705063E-07  1.063892E-04 -1.184607E-06  1.926620E-04 -2.421522E-02  2.049116E-08  2.049792E-08
  3.789000E+03 -7.886192E-07  1.058919E-04 -3.556801E-07  1.935008E-04 -5.514856E-04  2.049017E-08  2.049103E-08
  3.790000E+03  1.254424E-07  1.071252E-04  1.452615E-06  1.912869E-04 -1.104498E-02  2.049039E-08  2.049558E-08
  3.791000E+03  6.919423E-07  1.058689E-04 -7.531545E-07  1.935853E-04 -1.983400E-02  2.049064E-08  2.049559E-08
  3.792000E+03 -6.551126E-07  1.064314E-04 -8.781114E-07  1.925211E-04  3.052306E-03  2.049019E-08  2.049115E-08
  3.793000E+03 -1.903842E-07  1.068946E-04  1.419003E-06  1.917266E-04 -2.103247E-02  2.049000E-08  2.049702E-08
  3.794000E+03  7.938465E-07  1.056688E-04 -2.129475E-07  1.939208E-04 -9.840105E-03  2.049039E-08  2.049286E-08
  3.795000E+03 -4.162018E-07  1.069453E-04 -1.236950E-06  1.915993E-04 -1.703980E-03  2.049062E-08  2.049346E-08
  3.796000E+03 -4.645364E-07  1.063496E-04  1.152952E-06  1.927309E-04 -2.464171E-02  2.049064E-08  2.049754E-08
  3.797000E+03  7.672742E-07  1.059199E-04  3.437452E-07  1.934577E-04 -2.496318E-04  2.049102E-08  2.049180E-08
  3.798000E+03 -1.208130E-07  1.071261E-04 -1.401676E-06  1.912918E-04 -1.207254E-02  2.049085E-08  2.049624E-08
  3.799000E+03 -6.626808E-07  1.058370E-04  7.222994E-07  1.936517E-04 -1.952239E-02  2.049161E-08  2.049647E-08
  3.800000E+03  6.225125E-07  1.064734E-04  8.332959E-07  1.924651E-04  2.901322E-03  2.049232E-08  2.049330E-08
  3.801000E+03  1.844985E-07  1.068592E-04 -1.342097E-06  1.918084E-04 -2.155005E-02  2.049175E-08  2.049872E-08
  3.802000E+03 -7.510766E-07  1.056832E-04  1.924793E-07  1.939181E-04 -9.043057E-03  2.049305E-08  2.049527E-08
  3.803000E+03  3.814626E-07  1.069790E-04  1.175656E-06  1.915647E-04 -2.372943E-03  2.049335E-08  2.049630E-08
  3.804000E+03  4.479701E-07  1.063207E-04 -1.061623E-06  1.928068E-04 -2.433778E-02  2.049329E-08  2.049992E-08
  3.805000E+03 -7.102542E-07  1.059806E-04 -3.525663E-07  1.933876E-04  1.406592E-04  2.049534E-08  2.049596E-08
  3.806000E+03  8.403909E-08  1.071348E-04  1.302814E-06  1.913120E-04 -1.282317E-02  2.049449E-08  2.049998E-08
  3.807000E+03  6.248231E-07  1.058403E-04 -6.183496E-07  1.936763E-04 -1.891071E-02  2.049509E-08  2.049964E-08
  3.808000E+03 -5.493512E-07  1.065249E-04 -8.058326E-07  1.924134E-04  2.603749E-03  2.049675E-08  2.049771E-08
  3.809000E+03 -2.047079E-07  1.068421E-04  1.199243E-06  1.918762E-04 -2.184996E-02  2.049557E-08  2.050245E-08
  3.810000E+03  6.842809E-07  1.057116E-04 -1.031218E-07  1.939055E-04 -8.636976E-03  2.049730E-08  2.049929E-08
  3.811000E+03 -3.051710E-07  1.069964E-04 -1.090928E-06  1.915699E-04 -3.148075E-03  2.049719E-08  2.050013E-08
  3.812000E+03 -4.345080E-07  1.062943E-04  8.999381E-07  1.928831E-04 -2.416223E-02  2.049639E-08  2.050281E-08
  3.813000E+03  6.213187E-07  1.060139E-04  3.836032E-07  1.933611E-04  2.475366E-04  2.049895E-08  2.049945E-08
  3.814000E+03 -3.501749E-08  1.071179E-04 -1.161585E-06  1.913719E-04 -1.331646E-02  2.049754E-08  2.050288E-08
  3.815000E+03 -5.742013E-07  1.058322E-04  4.866882E-07  1.937127E-04 -1.826731E-02  2.049762E-08  2.050186E-08
  3.816000E+03  4.618375E-07  1.065572E-04  7.672148E-07  1.923765E-04  2.362249E-03  2.049903E-08  2.049996E-08
  3.817000E+03  2.175095E-07  1.068220E-04 -1.037042E-06  1.919303E-04 -2.193697E-02  2.049745E-08  2.050416E-08
  3.818000E+03 -6.121034E-07  1.057292E-04  2.446982E-08  1.938884E-04 -8.124027E-03  2.049899E-08  2.050076E-08
  3.819000E+03  2.343182E-07  1.070101E-04  1.003672E-06  1.915559E-04 -3.387546E-03  2.049829E-08  2.050123E-08
  3.820000E+03  4.229215E-07  1.062882E-04 -7.516936E-07  1.928992E-04 -2.386626E-02  2.049707E-08  2.050326E-08
  3.821000E+03 -5.423925E-07  1.060357E-04 -4.216374E-07  1.933199E-04  2.372426E-04  2.049881E-08  2.049920E-08
  3.822000E+03 -1.928610E-08  1.071163E-04  1.049599E-06  1.913715E-04 -1.360991E-02  2.049711E-08  2.050246E-08
  3.823000E+03  5.423748E-07  1.058340E-04 -3.496770E-07  1.937055E-04 -1.814996E-02  2.049725E-08  2.050138E-08
  3.824000E+03 -3.778882E-07  1.065612E-04 -7.699646E-07  1.923547E-04  2.034806E-03  2.049750E-08  2.049837E-08
  3.825000E+03 -2.550117E-07  1.068016E-04  9.034745E-07  1.919516E-04 -2.218291E-02  2.049569E-08  2.050239E-08
  3.826000E+03  5.630983E-07  1.057270E-04  8.748827E-08  1.938725E-04 -8.114453E-03  2.049688E-08  2.049859E-08
  3.827000E+03 -1.606316E-07  1.069985E-04 -9.660476E-07  1.915546E-04 -3.913597E-03  2.049590E-08  2.049880E-08
  3.828000E+03 -4.344312E-07  1.062597E-04  6.217183E-07  1.929294E-04 -2.386779E-02  2.049478E-08  2.050092E-08
  3.829000E+03  4.862375E-07  1.060364E-04  4.885698E-07  1.932840E-04  1.651801E-05  2.049514E-08  2.049548E-08
  3.830000E+03  6.969827E-08  1.070761E-04 -9.907404E-07  1.914139E-04 -1.405162E-02  2.049383E-08  2.049907E-08
  3.831000E+03 -5.354373E-07  1.058140E-04  2.529327E-07  1.937110E-04 -1.754892E-02  2.049418E-08  2.049810E-08
  3.832000E+03  3.331313E-07  1.065563E-04  7.958654E-07  1.923276E-04  1.710701E-03  2.049369E-08  2.049454E-08
  3.833000E+03  2.811368E-07  1.067430E-04 -8.580837E-07  1.920218E-04 -2.184958E-02  2.049210E-08  2.049843E-08
  3.834000E+03 -5.543392E-07  1.057332E-04 -1.457995E-07  1.938186E-04 -7.411913E-03  2.049250E-08  2.049403E-08
  3.835000E+03  1.395872E-07  1.069680E-04  9.858483E-07  1.915745E-04 -4.252473E-03  2.049217E-08  2.049497E-08
  3.836000E+03  4.544195E-07  1.062130E-04 -6.139182E-07  1.929796E-04 -2.286877E-02  2.049158E-08  2.049723E-08
  3.837000E+03 -4.982830E-07  1.060486E-04 -5.289465E-07  1.932232E-04  3.469375E-04  2.049104E-08  2.049139E-08
  3.838000E+03 -7.522467E-08  1.070238E-04  1.042298E-06  1.914766E-04 -1.402323E-02  2.049054E-08  2.049552E-08
  3.839000E+03  5.696572E-07  1.058066E-04 -2.731353E-07  1.936916E-04 -1.665713E-02  2.049101E-08  2.049464E-08
  3.840000E+03 -3.692380E-07  1.065593E-04 -8.619096E-07  1.922932E-04  1.290690E-03  2.049062E-08  2.049154E-08
  3.841000E+03 -2.955238E-07  1.067004E-04  9.596461E-07  1.920799E-04 -2.170263E-02  2.049018E-08  2.049636E-08
  3.842000E+03  6.168786E-07  1.057553E-04  1.358679E-07  1.937541E-04 -7.220466E-03  2.048999E-08  2.049147E-08
  3.843000E+03 -1.765955E-07  1.069575E-04 -1.102596E-06  1.915795E-04 -5.040110E-03  2.049060E-08  2.049352E-08
  3.844000E+03 -4.953850E-07  1.061988E-04  7.246422E-07  1.929997E-04 -2.253924E-02  2.049114E-08  2.049672E-08
  3.845000E+03  5.708347E-07  1.060891E-04  5.727997E-07  1.931412E-04  2.392501E-06  2.049017E-08  2.049057E-08
  3.846000E+03  6.673542E-08  1.070074E-04 -1.192097E-06  1.915083E-04 -1.459411E-02  2.049062E-08  2.049575E-08
  3.847000E+03 -6.411594E-07  1.058264E-04  3.397107E-07  1.936598E-04 -1.624871E-02  2.049162E-08  2.049516E-08
  3.848000E+03  4.278097E-07  1.065909E-04  9.759586E-07  1.922424E-04  5.687313E-04  2.049129E-08  2.049239E-08
  3.849000E+03  3.309261E-07  1.066771E-04 -1.103639E-06  1.921402E-04 -2.161698E-02  2.049217E-08  2.049830E-08
  3.850000E+03 -6.981995E-07  1.058036E-04 -1.481609E-07  1.936818E-04 -6.885403E-03  2.049173E-08  2.049314E-08
  3.851000E+03  2.035290E-07  1.069543E-04  1.257142E-06  1.916034E-04 -5.757531E-03  2.049246E-08  2.049552E-08
  3.852000E+03  5.619862E-07  1.061882E-04 -8.320594E-07  1.930450E-04 -2.181992E-02  2.049423E-08  2.049958E-08
  3.853000E+03 -6.468221E-07  1.061372E-04 -6.510900E-07  1.930802E-04 -3.223428E-04  2.049299E-08  2.049349E-08
  3.854000E+03 -7.335113E-08  1.069652E-04  1.357952E-06  1.916155E-04 -1.499308E-02  2.049389E-08  2.049897E-08
  3.855000E+03  7.198227E-07  1.058467E-04 -3.942946E-07  1.936551E-04 -1.555170E-02  2.049527E-08  2.049867E-08
  3.856000E+03 -4.858222E-07  1.066110E-04 -1.088942E-06  1.922375E-04 -4.665278E-04  2.049462E-08  2.049587E-08
  3.857000E+03 -3.621827E-07  1.066349E-04  1.252599E-06  1.922539E-04 -2.129429E-02  2.049634E-08  2.050226E-08
  3.858000E+03  7.790997E-07  1.058572E-04  1.452855E-07  1.936221E-04 -6.737092E-03  2.049583E-08  2.049722E-08
  3.859000E+03 -2.355147E-07  1.069387E-04 -1.392889E-06  1.916649E-04 -6.675014E-03  2.049594E-08  2.049909E-08
  3.860000E+03 -6.187852E-07  1.061894E-04  9.395287E-07  1.930786E-04 -2.094597E-02  2.049839E-08  2.050348E-08
  3.861000E+03  7.211749E-07  1.061959E-04  7.057675E-07  1.930067E-04 -9.769078E-04  2.049651E-08  2.049713E-08
  3.862000E+03  7.458591E-08  1.069285E-04 -1.508304E-06  1.917134E-04 -1.517117E-02  2.049727E-08  2.050227E-08
  3.863000E+03 -7.986956E-07  1.058924E-04  4.528389E-07  1.936025E-04 -1.471120E-02  2.049881E-08  2.050198E-08
  3.864000E+03  5.463395E-07  1.066266E-04  1.199946E-06  1.922333E-04 -1.380073E-03  2.049717E-08  2.049859E-08
  3.865000E+03  4.002762E-07  1.066015E-04 -1.395295E-06  1.923340E-04 -2.050987E-02  2.049878E-08  2.050438E-08
  3.866000E+03 -8.656902E-07  1.059181E-04 -1.590789E-07  1.935330E-04 -6.715716E-03  2.049819E-08  2.049959E-08
  3.867000E+03  2.582641E-07  1.068982E-04  1.540786E-06  1.917525E-04 -7.428103E-03  2.049742E-08  2.050057E-08
  3.868000E+03  6.849358E-07  1.061881E-04 -1.029565E-06  1.930906E-04 -1.982799E-02  2.049990E-08  2.050464E-08
  3.869000E+03 -7.936383E-07  1.062257E-04 -7.800452E-07  1.929619E-04 -1.828989E-03  2.049747E-08  2.049826E-08
  3.870000E+03 -8.808289E-08  1.068603E-04  1.653445E-06  1.918363E-04 -1.503549E-02  2.049737E-08  2.050210E-08
  3.871000E+03  8.762919E-07  1.059391E-04 -4.737824E-07  1.935176E-04 -1.412433E-02  2.049904E-08  2.050207E-08
  3.872000E+03 -5.864133E-07  1.066105E-04 -1.311367E-06  1.922568E-04 -2.683652E-03  2.049652E-08  2.049807E-08
  3.873000E+03 -4.440519E-07  1.065652E-04  1.494297E-06  1.923870E-04 -1.964458E-02  2.049780E-08  2.050307E-08
  3.874000E+03  9.316956E-07  1.059800E-04  1.976875E-07  1.934090E-04 -7.049673E-03  2.049698E-08  2.049843E-08
  3.875000E+03 -2.626753E-07  1.068502E-04 -1.649904E-06  1.918182E-04 -8.147656E-03  2.049512E-08  2.049827E-08
  3.876000E+03 -7.385520E-07  1.062074E-04  1.061776E-06  1.930312E-04 -1.879126E-02  2.049772E-08  2.050215E-08
  3.877000E+03  8.254121E-07  1.062640E-04  8.526860E-07  1.928704E-04 -2.847032E-03  2.049510E-08  2.049603E-08
  3.878000E+03  1.141146E-07  1.068044E-04 -1.709943E-06  1.919058E-04 -1.489597E-02  2.049411E-08  2.049863E-08
  3.879000E+03 -9.112235E-07  1.059948E-04  4.362313E-07  1.933849E-04 -1.346156E-02  2.049594E-08  2.049873E-08
  3.880000E+03  5.740545E-07  1.066059E-04  1.370451E-06  1.922344E-04 -3.791977E-03  2.049318E-08  2.049485E-08
  3.881000E+03  4.784508E-07  1.065211E-04 -1.475781E-06  1.924286E-04 -1.853530E-02  2.049418E-08  2.049894E-08
  3.882000E+03 -9.331337E-07  1.060381E-04 -2.673739E-07  1.932698E-04 -6.912109E-03  2.049347E-08  2.049483E-08
  3.883000E+03  2.240843E-07  1.067868E-04  1.672145E-06  1.918936E-04 -8.588232E-03  2.049096E-08  2.049394E-08
  3.884000E+03  7.681351E-07  1.062005E-04 -9.979988E-07  1.929984E-04 -1.717144E-02  2.049350E-08  2.049733E-08
  3.885000E+03 -8.043433E-07  1.062932E-04 -9.323746E-07  1.927854E-04 -3.344210E-03  2.049167E-08  2.049268E-08
  3.886000E+03 -1.638730E-07  1.067248E-04  1.699625E-06  1.920124E-04 -1.427007E-02  2.049040E-08  2.049444E-08
  3.887000E+03  9.302749E-07  1.060282E-04 -3.498089E-07  1.932845E-04 -1.223219E-02  2.049207E-08  2.049449E-08
  3.888000E+03 -5.363750E-07  1.065851E-04 -1.437369E-06  1.922425E-04 -4.425370E-03  2.048998E-08  2.049167E-08
  3.889000E+03 -5.241353E-07  1.064795E-04  1.434594E-06  1.924693E-04 -1.733058E-02  2.049095E-08  2.049520E-08
  3.890000E+03  9.315056E-07  1.060899E-04  3.528230E-07  1.931527E-04 -6.912577E-03  2.049105E-08  2.049238E-08
  3.891000E+03 -1.803893E-07  1.067430E-04 -1.691834E-06  1.919539E-04 -9.076817E-03  2.048890E-08  2.049180E-08
  3.892000E+03 -7.894980E-07  1.062108E-04  9.288301E-07  1.929546E-04 -1.628006E-02  2.049114E-08  2.049467E-08
  3.893000E+03  7.761317E-07  1.063302E-04  9.835127E-07  1.927102E-04 -4.282109E-03  2.049072E-08  2.049183E-08
  3.894000E+03  1.968750E-07  1.066785E-04 -1.655526E-06  1.920913E-04 -1.434519E-02  2.048991E-08  2.049377E-08
  3.895000E+03 -9.143802E-07  1.060677E-04  2.817504E-07  1.932066E-04 -1.196582E-02  2.049152E-08  2.049380E-08
  3.896000E+03  4.932187E-07  1.065841E-04  1.426106E-06  1.922494E-04 -5.662106E-03  2.049040E-08  2.049216E-08
  3.897000E+03  5.302319E-07  1.064473E-04 -1.345780E-06  1.925306E-04 -1.693384E-02  2.049142E-08  2.049539E-08
  3.898000E+03 -8.896381E-07  1.061405E-04 -3.899260E-07  1.930744E-04 -7.192473E-03  2.049248E-08  2.049377E-08
  3.899000E+03  1.433356E-07  1.067088E-04  1.628948E-06  1.920381E-04 -9.960441E-03  2.049114E-08  2.049398E-08
  3.900000E+03  7.684915E-07  1.062056E-04 -8.345242E-07  1.929756E-04 -1.547747E-02  2.049263E-08  2.049582E-08
  3.901000E+03 -7.206979E-07  1.063701E-04 -9.758776E-07  1.926625E-04 -4.931377E-03  2.049328E-08  2.049441E-08
  3.902000E+03 -2.175122E-07  1.066385E-04  1.558583E-06  1.921946E-04 -1.439018E-02  2.049322E-08  2.049684E-08
  3.903000E+03  8.755936E-07  1.061088E-04 -2.095143E-07  1.931597E-04 -1.124922E-02  2.049466E-08  2.049668E-08
  3.904000E+03 -4.406572E-07  1.066048E-04 -1.384577E-06  1.922504E-04 -6.485808E-03  2.049438E-08  2.049620E-08
  3.905000E+03 -5.340347E-07  1.064331E-04  1.238901E-06  1.925877E-04 -1.629031E-02  2.049499E-08  2.049862E-08
  3.906000E+03  8.359036E-07  1.062120E-04  4.390811E-07  1.929835E-04 -7.210758E-03  2.049662E-08  2.049784E-08
  3.907000E+03 -9.688067E-08  1.066964E-04 -1.554624E-06  1.921088E-04 -1.061935E-02  2.049615E-08  2.049896E-08
  3.908000E+03 -7.509496E-07  1.062227E-04  7.277140E-07  1.929786E-04 -1.458676E-02  2.049653E-08  2.049937E-08
  3.909000E+03  6.578254E-07  1.064203E-04  9.872907E-07  1.926122E-04 -5.747754E-03  2.049751E-08  2.049872E-08
  3.910000E+03  2.479111E-07  1.066015E-04 -1.456225E-06  1.923023E-04 -1.443183E-02  2.049758E-08  2.050098E-08
  3.911000E+03 -8.338938E-07  1.061562E-04  1.183864E-07  1.931095E-04 -1.080942E-02  2.049857E-08  2.050040E-08
  3.912000E+03  3.782388E-07  1.066037E-04  1.345193E-06  1.922903E-04 -7.621298E-03  2.049826E-08  2.050013E-08
  3.913000E+03  5.343011E-07  1.063993E-04 -1.114377E-06  1.926739E-04 -1.554880E-02  2.049790E-08  2.050115E-08
  3.914000E+03 -7.704143E-07  1.062627E-04 -4.816945E-07  1.929178E-04 -7.301953E-03  2.049942E-08  2.050060E-08
  3.915000E+03  4.969133E-08  1.066577E-04  1.459782E-06  1.922068E-04 -1.115332E-02  2.049906E-08  2.050174E-08
  3.916000E+03  7.206614E-07  1.062363E-04 -6.116938E-07  1.929705E-04 -1.358572E-02  2.049858E-08  2.050106E-08
  3.917000E+03 -5.860387E-07  1.064535E-04 -9.773255E-07  1.925670E-04 -6.492162E-03  2.049899E-08  2.050027E-08
  3.918000E+03 -2.706332E-07  1.065572E-04  1.335802E-06  1.923919E-04 -1.413635E-02  2.049870E-08  2.050180E-08
  3.919000E+03  7.846884E-07  1.062059E-04 -3.398465E-08  1.930242E-04 -1.015496E-02  2.049924E-08  2.050086E-08
  3.920000E+03 -3.184193E-07  1.065968E-04 -1.298252E-06  1.923066E-04 -8.437295E-03  2.049853E-08  2.050044E-08
  3.921000E+03 -5.365529E-07  1.063875E-04  1.002094E-06  1.926931E-04 -1.471147E-02  2.049792E-08  2.050083E-08
  3.922000E+03  7.158415E-07  1.063125E-04  5.344093E-07  1.928201E-04 -7.785780E-03  2.049856E-08  2.049979E-08
  3.923000E+03 -3.125626E-09  1.066087E-04 -1.389763E-06  1.922828E-04 -1.161611E-02  2.049764E-08  2.050022E-08
  3.924000E+03 -7.047150E-07  1.062586E-04  5.118994E-07  1.929157E-04 -1.287065E-02  2.049726E-08  2.049950E-08
  3.925000E+03  5.299622E-07  1.064562E-04  9.928589E-07  1.925434E-04 -7.688719E-03  2.049684E-08  2.049826E-08
  3.926000E+03  2.988836E-07  1.064983E-04 -1.251234E-06  1.924731E-04 -1.380948E-02  2.049612E-08  2.049895E-08
  3.927000E+03 -7.506231E-07  1.062459E-04 -4.390078E-08  1.929252E-04 -1.013413E-02  2.049645E-08  2.049803E-08
  3.928000E+03  2.679460E-07  1.065537E-04  1.272159E-06  1.923594E-04 -9.580254E-03  2.049567E-08  2.049764E-08
  3.929000E+03  5.401968E-07  1.063529E-04 -9.163548E-07  1.927270E-04 -1.394490E-02  2.049508E-08  2.049768E-08
  3.930000E+03 -6.758893E-07  1.063370E-04 -5.648613E-07  1.927395E-04 -8.358351E-03  2.049461E-08  2.049593E-08
  3.931000E+03 -1.964451E-08  1.065348E-04  1.340107E-06  1.923806E-04 -1.193175E-02  2.049377E-08  2.049620E-08
  3.932000E+03  6.809282E-07  1.062562E-04 -4.644474E-07  1.928825E-04 -1.180629E-02  2.049354E-08  2.049547E-08
  3.933000E+03 -5.054476E-07  1.064518E-04 -9.635195E-07  1.925154E-04 -8.321821E-03  2.049290E-08  2.049439E-08
  3.934000E+03 -2.866826E-07  1.064263E-04  1.210887E-06  1.925664E-04 -1.318252E-02  2.049235E-08  2.049485E-08
  3.935000E+03  7.230741E-07  1.062673E-04  2.095310E-08  1.928449E-04 -9.370406E-03  2.049220E-08  2.049361E-08
  3.936000E+03 -2.798366E-07  1.065135E-04 -1.221323E-06  1.923974E-04 -1.005039E-02  2.049188E-08  2.049384E-08
  3.937000E+03 -5.018457E-07  1.063041E-04  9.356896E-07  1.927802E-04 -1.265905E-02  2.049167E-08  2.049385E-08
  3.938000E+03  6.710237E-07  1.063633E-04  4.890166E-07  1.926577E-04 -8.212704E-03  2.049102E-08  2.049233E-08
  3.939000E+03 -2.559364E-08  1.064790E-04 -1.316558E-06  1.924545E-04 -1.211800E-02  2.049085E-08  2.049320E-08
  3.940000E+03 -6.494703E-07  1.062531E-04  5.501444E-07  1.928604E-04 -1.086082E-02  2.049080E-08  2.049251E-08
  3.941000E+03  5.390872E-07  1.064657E-04  8.868224E-07  1.924706E-04 -9.009979E-03  2.049068E-08  2.049233E-08
  3.942000E+03  2.259218E-07  1.063792E-04 -1.253118E-06  1.926362E-04 -1.311014E-02  2.049074E-08  2.049314E-08
  3.943000E+03 -7.192349E-07  1.063014E-04  9.850585E-08  1.927678E-04 -9.191645E-03  2.049062E-08  2.049202E-08
  3.944000E+03  3.397024E-07  1.065052E-04  1.180860E-06  1.924041E-04 -1.098107E-02  2.049081E-08  2.049295E-08
  3.945000E+03  4.563203E-07  1.062911E-04 -1.027646E-06  1.927991E-04 -1.221160E-02  2.049131E-08  2.049337E-08
  3.946000E+03 -6.948122E-07  1.064165E-04 -3.900764E-07  1.925647E-04 -8.584815E-03  2.049131E-08  2.049278E-08
  3.947000E+03  8.580949E-08  1.064593E-04  1.331594E-06  1.924985E-04 -1.279162E-02  2.049158E-08  2.049406E-08
  3.948000E+03  6.369503E-07  1.062694E-04 -6.554549E-07  1.928398E-04 -1.024016E-02  2.049190E-08  2.049350E-08
  3.949000E+03 -5.804002E-07  1.065104E-04 -8.463670E-07  1.924079E-04 -9.689769E-03  2.049248E-08  2.049438E-08
  3.950000E+03 -1.900636E-07  1.063505E-04  1.316913E-06  1.927112E-04 -1.312769E-02  2.049317E-08  2.049557E-08
  3.951000E+03  7.373938E-07  1.063409E-04 -1.778333E-07  1.927193E-04 -8.580478E-03  2.049318E-08  2.049455E-08
  3.952000E+03 -3.847203E-07  1.065196E-04 -1.199715E-06  1.924071E-04 -1.182674E-02  2.049370E-08  2.049611E-08
  3.953000E+03 -4.495540E-07  1.062640E-04  1.114985E-06  1.928831E-04 -1.169673E-02  2.049513E-08  2.049709E-08
  3.954000E+03  7.322510E-07  1.064623E-04  3.476102E-07  1.925184E-04 -8.585790E-03  2.049520E-08  2.049678E-08
  3.955000E+03 -1.210693E-07  1.064345E-04 -1.384687E-06  1.925806E-04 -1.351214E-02  2.049534E-08  2.049800E-08
  3.956000E+03 -6.479836E-07  1.062721E-04  7.355526E-07  1.928741E-04 -9.609183E-03  2.049620E-08  2.049771E-08
  3.957000E+03  6.173235E-07  1.065453E-04  8.321991E-07  1.923866E-04 -1.042259E-02  2.049677E-08  2.049890E-08
  3.958000E+03  1.707331E-07  1.063120E-04 -1.375139E-06  1.928204E-04 -1.316498E-02  2.049735E-08  2.049974E-08
  3.959000E+03 -7.560377E-07  1.063853E-04  2.296060E-07  1.926747E-04 -8.128554E-03  2.049709E-08  2.049845E-08
  3.960000E+03  4.085523E-07  1.065277E-04  1.210779E-06  1.924296E-04 -1.281323E-02  2.049739E-08  2.050007E-08
  3.961000E+03  4.479951E-07  1.062524E-04 -1.158882E-06  1.929387E-04 -1.100861E-02  2.049896E-08  2.050077E-08
  3.962000E+03 -7.562086E-07  1.065258E-04 -3.247840E-07  1.924342E-04 -8.835439E-03  2.049841E-08  2.050019E-08
  3.963000E+03  1.318839E-07  1.063994E-04  1.422189E-06  1.926682E-04 -1.400090E-02  2.049777E-08  2.050052E-08
  3.964000E+03  6.649159E-07  1.062966E-04 -7.645266E-07  1.928540E-04 -8.461178E-03  2.049899E-08  2.050033E-08
  3.965000E+03 -6.427942E-07  1.065811E-04 -8.501096E-07  1.923440E-04 -1.128449E-02  2.049893E-08  2.050138E-08
  3.966000E+03 -1.804968E-07  1.062601E-04  1.422096E-06  1.929277E-04 -1.283755E-02  2.049882E-08  2.050112E-08
  3.967000E+03  7.849041E-07  1.064367E-04 -2.253544E-07  1.925950E-04 -7.607641E-03  2.049858E-08  2.049998E-08
  3.968000E+03 -4.138626E-07  1.065046E-04 -1.254108E-06  1.924806E-04 -1.385583E-02  2.049810E-08  2.050103E-08
  3.969000E+03 -4.723908E-07  1.062173E-04  1.175486E-06  1.930019E-04 -9.999372E-03  2.049912E-08  2.050073E-08
  3.970000E+03  7.753657E-07  1.065733E-04  3.618167E-07  1.923485E-04 -9.219112E-03  2.049835E-08  2.050036E-08
  3.971000E+03 -1.114744E-07  1.063395E-04 -1.461630E-06  1.927711E-04 -1.454723E-02  2.049701E-08  2.049986E-08
  3.972000E+03 -6.932970E-07  1.063165E-04  7.325757E-07  1.928079E-04 -7.603602E-03  2.049807E-08  2.049932E-08
  3.973000E+03  6.360887E-07  1.065979E-04  9.062193E-07  1.923034E-04 -1.244387E-02  2.049755E-08  2.050036E-08
  3.974000E+03  2.196551E-07  1.062076E-04 -1.420367E-06  1.930014E-04 -1.246254E-02  2.049663E-08  2.049882E-08
  3.975000E+03 -8.003639E-07  1.064957E-04  1.473832E-07  1.924703E-04 -7.333603E-03  2.049671E-08  2.049822E-08
  3.976000E+03  3.762197E-07  1.064818E-04  1.298302E-06  1.925000E-04 -1.489653E-02  2.049548E-08  2.049868E-08
  3.977000E+03  5.134398E-07  1.062063E-04 -1.115544E-06  1.929897E-04 -9.055998E-03  2.049589E-08  2.049731E-08
  3.978000E+03 -7.592579E-07  1.066291E-04 -4.600468E-07  1.922226E-04 -9.764586E-03  2.049554E-08  2.049785E-08
  3.979000E+03  4.853713E-08  1.062918E-04  1.455155E-06  1.928274E-04 -1.485738E-02  2.049371E-08  2.049661E-08
  3.980000E+03  7.167550E-07  1.063439E-04 -6.118950E-07  1.927230E-04 -6.675587E-03  2.049446E-08  2.049560E-08
  3.981000E+03 -5.841989E-07  1.066111E-04 -9.906255E-07  1.922473E-04 -1.314055E-02  2.049392E-08  2.049697E-08
  3.982000E+03 -2.859300E-07  1.061565E-04  1.357859E-06  1.930555E-04 -1.182723E-02  2.049267E-08  2.049468E-08
  3.983000E+03  8.002540E-07  1.065298E-04 -1.056451E-08  1.923757E-04 -6.691337E-03  2.049329E-08  2.049480E-08
  3.984000E+03 -3.088908E-07  1.064534E-04 -1.354500E-06  1.925188E-04 -1.522448E-02  2.049192E-08  2.049518E-08
  3.985000E+03 -5.748483E-07  1.061757E-04  1.023694E-06  1.930041E-04 -7.958251E-03  2.049170E-08  2.049294E-08
  3.986000E+03  7.423062E-07  1.066492E-04  6.002646E-07  1.921554E-04 -9.518882E-03  2.049229E-08  2.049466E-08
  3.987000E+03  2.297743E-08  1.062495E-04 -1.475815E-06  1.928742E-04 -1.457567E-02  2.049060E-08  2.049341E-08
  3.988000E+03 -7.626364E-07  1.063412E-04  5.056350E-07  1.926952E-04 -5.685274E-03  2.049110E-08  2.049215E-08
  3.989000E+03  5.488160E-07  1.066156E-04  1.102550E-06  1.922134E-04 -1.327487E-02  2.049114E-08  2.049428E-08
  3.990000E+03  3.476251E-07  1.061316E-04 -1.328889E-06  1.930755E-04 -1.148238E-02  2.049006E-08  2.049201E-08
  3.991000E+03 -8.111944E-07  1.065496E-04 -9.639954E-08  1.923225E-04 -6.470123E-03  2.049146E-08  2.049303E-08
  3.992000E+03  2.606623E-07  1.064517E-04  1.399284E-06  1.925120E-04 -1.557904E-02  2.049075E-08  2.049413E-08
  3.993000E+03  6.083192E-07  1.061766E-04 -9.527744E-07  1.929881E-04 -7.885958E-03  2.049018E-08  2.049141E-08
  3.994000E+03 -7.164209E-07  1.066636E-04 -6.773840E-07  1.921248E-04 -9.867276E-03  2.049171E-08  2.049420E-08
  3.995000E+03 -6.520940E-08  1.062430E-04  1.444420E-06  1.928881E-04 -1.487577E-02  2.049074E-08  2.049361E-08
  3.996000E+03  7.594561E-07  1.063478E-04 -4.216461E-07  1.926869E-04 -5.868838E-03  2.049148E-08  2.049253E-08
  3.997000E+03 -5.059211E-07  1.066201E-04 -1.124455E-06  1.922179E-04 -1.372286E-02  2.049238E-08  2.049562E-08
  3.998000E+03 -3.668616E-07  1.061272E-04  1.256614E-06  1.930959E-04 -1.166231E-02  2.049133E-08  2.049328E-08
  3.999000E+03  7.799668E-07  1.065555E-04  1.543317E-07  1.923277E-04 -6.640598E-03  2.049313E-08  2.049469E-08
  4.000000E+03 -2.237281E-07  1.064497E-04 -1.362846E-06  1.925420E-04 -1.583564E-02  2.049346E-08  2.049687E-08
  4.001000E+03 -5.968694E-07  1.061753E-04  8.701172E-07  1.930148E-04 -7.780689E-03  2.049278E-08  2.049393E-08
  4.002000E+03  6.703103E-07  1.066769E-04  6.838956E-07  1.921268E-04 -9.896170E-03  2.049448E-08  2.049694E-08
  4.003000E+03  8.229547E-08  1.062498E-04 -1.366436E-06  1.929086E-04 -1.492700E-02  2.049422E-08  2.049704E-08
  4.004000E+03 -7.203113E-07  1.063653E-04  3.588417E-07  1.926882E-04 -5.658689E-03  2.049501E-08  2.049598E-08
  4.005000E+03  4.610434E-07  1.066435E-04  1.079462E-06  1.922113E-04 -1.380149E-02  2.049613E-08  2.049938E-08
  4.006000E+03  3.596394E-07  1.061451E-04 -1.160917E-06  1.930980E-04 -1.164055E-02  2.049503E-08  2.049691E-08
  4.007000E+03 -7.238712E-07  1.065816E-04 -1.766085E-07  1.923151E-04 -6.680905E-03  2.049680E-08  2.049833E-08
  4.008000E+03  1.937347E-07  1.064593E-04  1.273723E-06  1.925610E-04 -1.593643E-02  2.049731E-08  2.050067E-08
  4.009000E+03  5.607184E-07  1.061939E-04 -7.856904E-07  1.930154E-04 -7.710159E-03  2.049645E-08  2.049752E-08
  4.010000E+03 -6.130428E-07  1.066897E-04 -6.544733E-07  1.921356E-04 -1.018429E-02  2.049783E-08  2.050029E-08
  4.011000E+03 -8.884508E-08  1.062492E-04  1.262266E-06  1.929407E-04 -1.500738E-02  2.049749E-08  2.050026E-08
  4.012000E+03  6.625785E-07  1.063793E-04 -3.032579E-07  1.926909E-04 -5.806227E-03  2.049797E-08  2.049889E-08
  4.013000E+03 -4.090808E-07  1.066306E-04 -1.002632E-06  1.922578E-04 -1.395936E-02  2.049857E-08  2.050171E-08
  4.014000E+03 -3.408984E-07  1.061466E-04  1.046832E-06  1.931177E-04 -1.137737E-02  2.049746E-08  2.049920E-08
  4.015000E+03  6.517482E-07  1.065880E-04  1.969245E-07  1.923194E-04 -6.850408E-03  2.049845E-08  2.049993E-08
  4.016000E+03 -1.532685E-07  1.064464E-04 -1.168377E-06  1.925937E-04 -1.580164E-02  2.049834E-08  2.050154E-08
  4.017000E+03 -5.221179E-07  1.062135E-04  6.752713E-07  1.929914E-04 -7.517628E-03  2.049771E-08  2.049867E-08
  4.018000E+03  5.387587E-07  1.066880E-04  6.352916E-07  1.921421E-04 -1.036522E-02  2.049815E-08  2.050055E-08
  4.019000E+03  1.088311E-07  1.062455E-04 -1.140592E-06  1.929465E-04 -1.461419E-02  2.049752E-08  2.050009E-08
  4.020000E+03 -6.034897E-07  1.064007E-04  2.254428E-07  1.926475E-04 -5.751588E-03  2.049749E-08  2.049835E-08
  4.021000E+03  3.492673E-07  1.066229E-04  9.363795E-07  1.922595E-04 -1.416334E-02  2.049721E-08  2.050032E-08
  4.022000E+03  3.360368E-07  1.061548E-04 -9.305239E-07  1.930956E-04 -1.116735E-02  2.049675E-08  2.049837E-08
  4.023000E+03 -5.816105E-07  1.065943E-04 -2.379572E-07  1.922900E-04 -7.257043E-03  2.049648E-08  2.049797E-08
  4.024000E+03  1.105338E-07  1.064233E-04  1.066201E-06  1.926110E-04 -1.588260E-02  2.049572E-08  2.049884E-08
  4.025000E+03  4.885199E-07  1.062216E-04 -5.749346E-07  1.929577E-04 -7.612915E-03  2.049569E-08  2.049660E-08
  4.026000E+03 -4.703102E-07  1.066657E-04 -6.178674E-07  1.921551E-04 -1.085777E-02  2.049515E-08  2.049753E-08
  4.027000E+03 -1.298412E-07  1.062271E-04  1.021678E-06  1.929538E-04 -1.452282E-02  2.049476E-08  2.049723E-08
  4.028000E+03  5.478518E-07  1.063984E-04 -1.475013E-07  1.926207E-04 -6.219427E-03  2.049414E-08  2.049500E-08
  4.029000E+03 -2.890490E-07  1.065852E-04 -8.692189E-07  1.922912E-04 -1.437498E-02  2.049328E-08  2.049630E-08
  4.030000E+03 -3.239086E-07  1.061477E-04  8.114368E-07  1.930814E-04 -1.108449E-02  2.049389E-08  2.049543E-08
  4.031000E+03  5.144598E-07  1.065645E-04  2.497618E-07  1.923079E-04 -7.544012E-03  2.049261E-08  2.049402E-08
  4.032000E+03 -8.092503E-08  1.063945E-04 -9.561580E-07  1.926264E-04 -1.544758E-02  2.049194E-08  2.049483E-08
  4.033000E+03 -4.380158E-07  1.062120E-04  4.970590E-07  1.929441E-04 -7.488370E-03  2.049241E-08  2.049324E-08
  4.034000E+03  4.117235E-07  1.066297E-04  5.527929E-07  1.921843E-04 -1.059971E-02  2.049139E-08  2.049357E-08
  4.035000E+03  1.085377E-07  1.062138E-04 -8.988433E-07  1.929484E-04 -1.399055E-02  2.049177E-08  2.049402E-08
  4.036000E+03 -4.781263E-07  1.063738E-04  1.602121E-07  1.926350E-04 -6.061538E-03  2.049094E-08  2.049170E-08
  4.037000E+03  2.672620E-07  1.065576E-04  7.461785E-07  1.923121E-04 -1.367974E-02  2.049039E-08  2.049309E-08
  4.038000E+03  2.618144E-07  1.061423E-04 -7.368033E-07  1.930701E-04 -1.080011E-02  2.049171E-08  2.049312E-08
  4.039000E+03 -4.572622E-07  1.065356E-04 -1.635079E-07  1.923377E-04 -7.364700E-03  2.049026E-08  2.049152E-08
  4.040000E+03  1.044464E-07  1.063947E-04  8.318855E-07  1.926098E-04 -1.508655E-02  2.049032E-08  2.049305E-08
  4.041000E+03  3.653981E-07  1.062052E-04 -5.060018E-07  1.929436E-04 -7.832511E-03  2.049099E-08  2.049181E-08
  4.042000E+03 -3.878139E-07  1.066111E-04 -4.288260E-07  1.922061E-04 -1.046459E-02  2.049018E-08  2.049222E-08
  4.043000E+03 -5.189819E-08  1.062372E-04  8.178975E-07  1.929039E-04 -1.419086E-02  2.049150E-08  2.049376E-08
  4.044000E+03  4.193989E-07  1.063603E-04 -2.298785E-07  1.926569E-04 -6.527816E-03  2.049061E-08  2.049137E-08
  4.045000E+03 -2.750115E-07  1.065708E-04 -6.296099E-07  1.922918E-04 -1.346765E-02  2.049083E-08  2.049346E-08
  4.046000E+03 -2.010259E-07  1.061704E-04  7.099702E-07  1.930300E-04 -1.138233E-02  2.049275E-08  2.049425E-08
  4.047000E+03  4.225422E-07  1.065259E-04  7.469910E-08  1.923651E-04 -7.458844E-03  2.049130E-08  2.049251E-08
  4.048000E+03 -1.317419E-07  1.064314E-04 -7.541917E-07  1.925617E-04 -1.501701E-02  2.049230E-08  2.049504E-08
  4.049000E+03 -3.216384E-07  1.062126E-04  5.242379E-07  1.929493E-04 -8.381976E-03  2.049292E-08  2.049382E-08
  4.050000E+03  3.828074E-07  1.066144E-04  3.522510E-07  1.922215E-04 -1.006818E-02  2.049255E-08  2.049448E-08
  4.051000E+03  2.050901E-08  1.062738E-04 -7.966022E-07  1.928682E-04 -1.433541E-02  2.049473E-08  2.049704E-08
  4.052000E+03 -4.014332E-07  1.063452E-04  2.786136E-07  1.927111E-04 -6.738526E-03  2.049343E-08  2.049417E-08
  4.053000E+03  2.919693E-07  1.065850E-04  5.867598E-07  1.922959E-04 -1.304706E-02  2.049412E-08  2.049665E-08
  4.054000E+03  1.763045E-07  1.061834E-04 -7.273966E-07  1.930407E-04 -1.187292E-02  2.049627E-08  2.049789E-08
  4.055000E+03 -4.236511E-07  1.065068E-04 -2.386252E-08  1.924304E-04 -7.411982E-03  2.049458E-08  2.049572E-08
  4.056000E+03  1.530471E-07  1.064523E-04  7.406665E-07  1.925599E-04 -1.507327E-02  2.049612E-08  2.049889E-08
  4.057000E+03  3.080075E-07  1.062048E-04 -5.474839E-07  1.929950E-04 -8.807383E-03  2.049620E-08  2.049717E-08
  4.058000E+03 -3.862768E-07  1.066147E-04 -3.211120E-07  1.922511E-04 -9.864005E-03  2.049579E-08  2.049765E-08
  4.059000E+03 -1.186504E-08  1.062939E-04  7.877010E-07  1.928647E-04 -1.457310E-02  2.049815E-08  2.050054E-08
  4.060000E+03  3.952161E-07  1.063447E-04 -2.815736E-07  1.927384E-04 -6.898480E-03  2.049621E-08  2.049697E-08
  4.061000E+03 -2.891527E-07  1.066020E-04 -5.766392E-07  1.922928E-04 -1.297989E-02  2.049707E-08  2.049961E-08
  4.062000E+03 -1.786058E-07  1.061991E-04  7.164264E-07  1.930350E-04 -1.201190E-02  2.049867E-08  2.050032E-08
  4.063000E+03  4.240453E-07  1.065116E-04  2.781076E-08  1.924410E-04 -7.352428E-03  2.049665E-08  2.049778E-08
  4.064000E+03 -1.457144E-07  1.064627E-04 -7.456462E-07  1.925594E-04 -1.487342E-02  2.049811E-08  2.050083E-08
  4.065000E+03 -3.179953E-07  1.062134E-04  5.339933E-07  1.929913E-04 -8.815953E-03  2.049746E-08  2.049843E-08
  4.066000E+03  3.876374E-07  1.066114E-04  3.424390E-07  1.922670E-04 -9.853351E-03  2.049686E-08  2.049870E-08
  4.067000E+03  3.101165E-08  1.062923E-04 -7.977040E-07  1.928705E-04 -1.447601E-02  2.049851E-08  2.050088E-08
  4.068000E+03 -4.070502E-07  1.063420E-04  2.430698E-07  1.927441E-04 -6.971311E-03  2.049629E-08  2.049706E-08
  4.069000E+03  2.739520E-07  1.065847E-04  6.056473E-07  1.923232E-04 -1.296731E-02  2.049698E-08  2.049947E-08
  4.070000E+03  2.086771E-07  1.061925E-04 -6.966358E-07  1.930362E-04 -1.192442E-02  2.049753E-08  2.049916E-08
  4.071000E+03 -4.251066E-07  1.065078E-04 -9.399544E-08  1.924383E-04 -7.576342E-03  2.049559E-08  2.049675E-08
  4.072000E+03  1.089367E-07  1.064502E-04  7.617275E-07  1.925706E-04 -1.495450E-02  2.049689E-08  2.049962E-08
  4.073000E+03  3.500235E-07  1.062166E-04 -4.708176E-07  1.929662E-04 -8.907385E-03  2.049539E-08  2.049639E-08
  4.074000E+03 -3.668258E-07  1.066066E-04 -4.284706E-07  1.922586E-04 -1.006523E-02  2.049500E-08  2.049689E-08
  4.075000E+03 -9.006670E-08  1.062958E-04  7.879242E-07  1.928403E-04 -1.432894E-02  2.049601E-08  2.049834E-08
  4.076000E+03  4.328238E-07  1.063549E-04 -1.320554E-07  1.926964E-04 -7.242856E-03  2.049366E-08  2.049450E-08
  4.077000E+03 -2.271374E-07  1.065777E-04 -6.889864E-07  1.923140E-04 -1.300015E-02  2.049465E-08  2.049715E-08
  4.078000E+03 -2.752141E-07  1.062100E-04  6.403772E-07  1.929735E-04 -1.182330E-02  2.049429E-08  2.049591E-08
  4.079000E+03  4.276849E-07  1.065121E-04  2.353897E-07  1.924077E-04 -7.862592E-03  2.049311E-08  2.049435E-08
  4.080000E+03 -3.628114E-08  1.064477E-04 -8.162477E-07  1.925502E-04 -1.464822E-02  2.049434E-08  2.049699E-08
  4.081000E+03 -4.135931E-07  1.062277E-04  3.644486E-07  1.929145E-04 -8.839736E-03  2.049206E-08  2.049307E-08
  4.082000E+03  3.447995E-07  1.065902E-04  5.741549E-07  1.922642E-04 -9.835910E-03  2.049248E-08  2.049432E-08
  4.083000E+03  1.685947E-07  1.062950E-04 -8.041032E-07  1.928121E-04 -1.383072E-02  2.049300E-08  2.049522E-08
  4.084000E+03 -4.844488E-07  1.063452E-04  1.455467E-08  1.926873E-04 -7.064786E-03  2.049086E-08  2.049171E-08
  4.085000E+03  1.944528E-07  1.065627E-04  8.260260E-07  1.923179E-04 -1.236399E-02  2.049234E-08  2.049469E-08
  4.086000E+03  3.555904E-07  1.062082E-04 -6.391223E-07  1.929494E-04 -1.146656E-02  2.049147E-08  2.049305E-08
  4.087000E+03 -4.680970E-07  1.064865E-04 -3.665052E-07  1.924357E-04 -7.364310E-03  2.049126E-08  2.049243E-08
  4.088000E+03 -5.179726E-09  1.064529E-04  9.293825E-07  1.925220E-04 -1.393437E-02  2.049252E-08  2.049504E-08
  4.089000E+03  4.851080E-07  1.062236E-04 -3.384430E-07  1.929054E-04 -8.930996E-03  2.049030E-08  2.049137E-08
  4.090000E+03 -3.621043E-07  1.065730E-04 -6.998077E-07  1.922874E-04 -9.281406E-03  2.049177E-08  2.049351E-08
  4.091000E+03 -2.162989E-07  1.063283E-04  8.675493E-07  1.927420E-04 -1.383251E-02  2.049197E-08  2.049427E-08
  4.092000E+03  5.367966E-07  1.063278E-04  4.322508E-08  1.927159E-04 -7.525453E-03  2.049049E-08  2.049143E-08
  4.093000E+03 -1.891935E-07  1.065746E-04 -9.229951E-07  1.922981E-04 -1.185396E-02  2.049266E-08  2.049496E-08
  4.094000E+03 -3.968575E-07  1.062373E-04  6.570029E-07  1.928991E-04 -1.227178E-02  2.049152E-08  2.049335E-08
  4.095000E+03  4.918073E-07  1.064518E-04  4.268997E-07  1.925055E-04 -7.534021E-03  2.049198E-08  2.049313E-08
  4.096000E+03  1.971868E-08  1.064886E-04 -9.813911E-07  1.924628E-04 -1.382510E-02  2.049314E-08  2.049573E-08
