  0.000000E+00 -3.765504E-07  1.062687E-04  7.405406E-07  1.928176E-04  2.785917E-03  2.049040E-08  2.049080E-08
  1.000000E+00  5.311696E-07  1.071132E-04  3.173063E-07  1.913387E-04 -1.668479E-02  2.049204E-08  2.049838E-08
  2.000000E+00 -7.727396E-08  1.057762E-04 -1.022565E-06  1.937801E-04 -1.685659E-02  2.049442E-08  2.049821E-08
  3.000000E+00 -4.679626E-07  1.065829E-04  5.579349E-07  1.922485E-04  2.869912E-03  2.049032E-08  2.049134E-08
  4.000000E+00  4.773547E-07  1.069081E-04  5.535952E-07  1.917293E-04 -2.134234E-02  2.049274E-08  2.049963E-08
  5.000000E+00  6.055638E-08  1.056978E-04 -1.033692E-06  1.939039E-04 -1.102345E-02  2.049396E-08  2.049633E-08
  6.000000E+00 -5.323459E-07  1.068684E-04  3.359734E-07  1.917373E-04  2.793399E-04  2.049066E-08  2.049276E-08
  7.000000E+00  3.977914E-07  1.066198E-04  7.514961E-07  1.922684E-04 -2.411774E-02  2.049366E-08  2.050061E-08
  8.000000E+00  1.896853E-07  1.057617E-04 -9.887967E-07  1.937716E-04 -5.333285E-03  2.049332E-08  2.049451E-08
  9.000000E+00 -5.678349E-07  1.070684E-04  1.071383E-07  1.913864E-04 -4.363154E-03  2.049123E-08  2.049469E-08
  1.000000E+01  3.044150E-07  1.063052E-04  9.027348E-07  1.928455E-04 -2.419265E-02  2.049447E-08  2.050083E-08
  1.100000E+01  3.024165E-07  1.059578E-04 -8.953357E-07  1.934060E-04 -6.922375E-04  2.049287E-08  2.049333E-08
  1.200000E+01 -5.668135E-07  1.071480E-04 -1.150502E-07  1.912557E-04 -1.020839E-02  2.049159E-08  2.049643E-08
  1.300000E+01  1.958806E-07  1.060247E-04  9.972532E-07  1.933477E-04 -2.171820E-02  2.049480E-08  2.050004E-08
  1.400000E+01  3.972806E-07  1.062448E-04 -7.573688E-07  1.928822E-04  1.876152E-03  2.049269E-08  2.049305E-08
  1.500000E+01 -5.426637E-07  1.070932E-04 -3.363429E-07  1.913744E-04 -1.599832E-02  2.049227E-08  2.049826E-08
  1.600000E+01  7.594226E-08  1.058383E-04  1.058061E-06  1.936726E-04 -1.737143E-02  2.049488E-08  2.049871E-08
  1.700000E+01  4.826357E-07  1.065558E-04 -5.854498E-07  1.923194E-04  1.874443E-03  2.049271E-08  2.049361E-08
  1.800000E+01 -4.971882E-07  1.069084E-04 -5.526701E-07  1.917276E-04 -2.065687E-02  2.049293E-08  2.049954E-08
  1.900000E+01 -5.102077E-08  1.057550E-04  1.074082E-06  1.938080E-04 -1.183692E-02  2.049473E-08  2.049713E-08
  2.000000E+01  5.456599E-07  1.068216E-04 -3.790411E-07  1.918386E-04 -3.151128E-04  2.049249E-08  2.049437E-08
  2.100000E+01 -4.226821E-07  1.066437E-04 -7.469782E-07  1.922172E-04 -2.309203E-02  2.049330E-08  2.049986E-08
  2.200000E+01 -1.785813E-07  1.058118E-04  1.031192E-06  1.936938E-04 -6.375749E-03  2.049468E-08  2.049589E-08
  2.300000E+01  5.804749E-07  1.070079E-04 -1.510010E-07  1.915044E-04 -4.512275E-03  2.049227E-08  2.049535E-08
  2.400000E+01 -3.261636E-07  1.063537E-04 -9.014120E-07  1.927416E-04 -2.324026E-02  2.049326E-08  2.049922E-08
  2.500000E+01 -2.984920E-07  1.059829E-04  9.343997E-07  1.933749E-04 -2.136102E-03  2.049439E-08  2.049489E-08
  2.600000E+01  5.808107E-07  1.070724E-04  9.125184E-08  1.913959E-04 -9.687303E-03  2.049226E-08  2.049649E-08
  2.700000E+01 -2.096097E-07  1.060824E-04 -1.008254E-06  1.932253E-04 -2.091993E-02  2.049333E-08  2.049816E-08
  2.800000E+01 -4.034682E-07  1.062193E-04  7.937524E-07  1.929379E-04  5.758852E-04  2.049374E-08  2.049407E-08
  2.900000E+01  5.609380E-07  1.070223E-04  3.277104E-07  1.914949E-04 -1.456224E-02  2.049204E-08  2.049716E-08
  3.000000E+01 -8.882115E-08  1.058938E-04 -1.079170E-06  1.935557E-04 -1.694855E-02  2.049340E-08  2.049695E-08
  3.100000E+01 -4.887419E-07  1.064838E-04  6.237693E-07  1.924518E-04  1.061867E-03  2.049298E-08  2.049368E-08
  3.200000E+01  5.146461E-07  1.068702E-04  5.366912E-07  1.917758E-04 -1.865209E-02  2.049155E-08  2.049720E-08
  3.300000E+01  3.371084E-08  1.058104E-04 -1.086754E-06  1.936930E-04 -1.214058E-02  2.049323E-08  2.049554E-08
  3.400000E+01 -5.442449E-07  1.067308E-04  4.233168E-07  1.920012E-04 -6.951327E-04  2.049245E-08  2.049393E-08
  3.500000E+01  4.420479E-07  1.066444E-04  7.191199E-07  1.921876E-04 -2.126534E-02  2.049110E-08  2.049686E-08
  3.600000E+01  1.578643E-07  1.058406E-04 -1.041464E-06  1.936265E-04 -7.185373E-03  2.049301E-08  2.049425E-08
  3.700000E+01 -5.729886E-07  1.069233E-04  1.941280E-07  1.916538E-04 -4.019786E-03  2.049210E-08  2.049466E-08
  3.800000E+01  3.455140E-07  1.063879E-04  8.665239E-07  1.926520E-04 -2.176976E-02  2.049097E-08  2.049631E-08
  3.900000E+01  2.742966E-07  1.059858E-04 -9.455537E-07  1.933544E-04 -2.978288E-03  2.049272E-08  2.049325E-08
  4.000000E+01 -5.727288E-07  1.070232E-04 -4.939791E-08  1.914764E-04 -8.644899E-03  2.049164E-08  2.049537E-08
  4.100000E+01  2.252373E-07  1.061482E-04  9.625022E-07  1.930826E-04 -2.026070E-02  2.049117E-08  2.049567E-08
  4.200000E+01  3.716359E-07  1.062177E-04 -7.842000E-07  1.929312E-04 -4.429210E-04  2.049271E-08  2.049302E-08
  4.300000E+01 -5.339837E-07  1.070134E-04 -2.818414E-07  1.915020E-04 -1.364366E-02  2.049137E-08  2.049615E-08
  4.400000E+01  9.646176E-08  1.059691E-04  9.929909E-07  1.934010E-04 -1.707033E-02  2.049154E-08  2.049495E-08
  4.500000E+01  4.387142E-07  1.064785E-04 -5.828563E-07  1.924613E-04  8.064339E-05  2.049299E-08  2.049362E-08
  4.600000E+01 -4.686720E-07  1.068731E-04 -4.759728E-07  1.917643E-04 -1.790105E-02  2.049116E-08  2.049649E-08
  4.700000E+01 -2.899096E-08  1.058756E-04  9.717249E-07  1.935620E-04 -1.256721E-02  2.049187E-08  2.049406E-08
  4.800000E+01  4.796368E-07  1.067168E-04 -3.653193E-07  1.920341E-04 -1.496574E-03  2.049324E-08  2.049460E-08
  4.900000E+01 -3.850192E-07  1.066528E-04 -6.307902E-07  1.921707E-04 -2.052724E-02  2.049124E-08  2.049663E-08
  5.000000E+01 -1.380899E-07  1.059010E-04  9.025313E-07  1.935115E-04 -7.929726E-03  2.049241E-08  2.049356E-08
  5.100000E+01  4.900793E-07  1.068913E-04 -1.553417E-07  1.917238E-04 -4.740279E-03  2.049338E-08  2.049573E-08
  5.200000E+01 -2.909791E-07  1.064038E-04 -7.305627E-07  1.926269E-04 -2.082914E-02  2.049179E-08  2.049665E-08
  5.300000E+01 -2.269097E-07  1.060403E-04  7.882515E-07  1.932603E-04 -3.905418E-03  2.049322E-08  2.049365E-08
  5.400000E+01  4.753550E-07  1.069703E-04  4.596271E-08  1.915891E-04 -8.944553E-03  2.049352E-08  2.049686E-08
  5.500000E+01 -1.864451E-07  1.061820E-04 -7.911586E-07  1.930279E-04 -1.914321E-02  2.049234E-08  2.049630E-08
  5.600000E+01 -3.015976E-07  1.062551E-04  6.320521E-07  1.928741E-04 -1.542970E-03  2.049382E-08  2.049407E-08
  5.700000E+01  4.316618E-07  1.069470E-04  2.325320E-07  1.916394E-04 -1.338402E-02  2.049342E-08  2.049761E-08
  5.800000E+01 -7.604515E-08  1.060260E-04 -7.978464E-07  1.933069E-04 -1.601691E-02  2.049292E-08  2.049581E-08
  5.900000E+01 -3.479233E-07  1.064920E-04  4.493963E-07  1.924497E-04 -1.213934E-03  2.049435E-08  2.049491E-08
  6.000000E+01  3.675691E-07  1.068153E-04  3.746117E-07  1.918849E-04 -1.700855E-02  2.049329E-08  2.049790E-08
  6.100000E+01  1.969306E-08  1.059604E-04 -7.533967E-07  1.934207E-04 -1.195011E-02  2.049347E-08  2.049525E-08
  6.200000E+01 -3.646882E-07  1.067093E-04  2.678058E-07  1.920637E-04 -2.862983E-03  2.049490E-08  2.049617E-08
  6.300000E+01  2.909580E-07  1.066151E-04  4.776649E-07  1.922557E-04 -1.926023E-02  2.049357E-08  2.049821E-08
  6.400000E+01  1.047631E-07  1.059984E-04 -6.676851E-07  1.933480E-04 -7.882808E-03  2.049395E-08  2.049483E-08
  6.500000E+01 -3.613071E-07  1.068582E-04  9.156501E-08  1.918020E-04 -6.150252E-03  2.049523E-08  2.049744E-08
  6.600000E+01  2.033832E-07  1.063942E-04  5.479687E-07  1.926611E-04 -1.969297E-02  2.049404E-08  2.049831E-08
  6.700000E+01  1.780539E-07  1.061280E-04 -5.507294E-07  1.931092E-04 -4.705890E-03  2.049407E-08  2.049441E-08
  6.800000E+01 -3.376390E-07  1.069147E-04 -7.380324E-08  1.917033E-04 -1.008898E-02  2.049485E-08  2.049799E-08
  6.900000E+01  1.153397E-07  1.061965E-04  5.778907E-07  1.930160E-04 -1.795128E-02  2.049432E-08  2.049772E-08
  7.000000E+01  2.284465E-07  1.063205E-04 -4.155975E-07  1.927596E-04 -2.758364E-03  2.049422E-08  2.049448E-08
  7.100000E+01 -2.965534E-07  1.068675E-04 -2.069995E-07  1.917918E-04 -1.391271E-02  2.049433E-08  2.049814E-08
  7.200000E+01  3.514459E-08  1.060617E-04  5.655823E-07  1.932518E-04 -1.477466E-02  2.049439E-08  2.049676E-08
  7.300000E+01  2.542423E-07  1.065300E-04 -2.788771E-07  1.923791E-04 -2.746678E-03  2.049406E-08  2.049470E-08
  7.400000E+01 -2.409427E-07  1.067388E-04 -3.041566E-07  1.920280E-04 -1.698266E-02  2.049389E-08  2.049807E-08
  7.500000E+01 -3.228198E-08  1.060189E-04  5.120091E-07  1.933182E-04 -1.099818E-02  2.049414E-08  2.049554E-08
  7.600000E+01  2.551980E-07  1.067094E-04 -1.492424E-07  1.920500E-04 -4.326687E-03  2.049336E-08  2.049468E-08
  7.700000E+01 -1.812981E-07  1.065531E-04 -3.592447E-07  1.923634E-04 -1.831478E-02  2.049348E-08  2.049750E-08
  7.800000E+01 -8.606207E-08  1.060630E-04  4.362821E-07  1.932246E-04 -7.152986E-03  2.049346E-08  2.049408E-08
  7.900000E+01  2.380560E-07  1.068188E-04 -2.691943E-08  1.918484E-04 -7.053915E-03  2.049250E-08  2.049461E-08
  8.000000E+01 -1.158292E-07  1.063540E-04 -3.844701E-07  1.927189E-04 -1.799906E-02  2.049311E-08  2.049660E-08
  8.100000E+01 -1.307137E-07  1.061835E-04  3.447765E-07  1.929931E-04 -4.325720E-03  2.049249E-08  2.049273E-08
  8.200000E+01  2.160205E-07  1.068534E-04  8.631625E-08  1.917865E-04 -1.042389E-02  2.049194E-08  2.049480E-08
  8.300000E+01 -6.135491E-08  1.061859E-04 -3.999438E-07  1.930178E-04 -1.630156E-02  2.049306E-08  2.049583E-08
  8.400000E+01 -1.611522E-07  1.063535E-04  2.725270E-07  1.926746E-04 -2.969377E-03  2.049154E-08  2.049180E-08
  8.500000E+01  1.959052E-07  1.068103E-04  1.626634E-07  1.918697E-04 -1.376971E-02  2.049172E-08  2.049519E-08
  8.600000E+01 -2.204125E-08  1.060691E-04 -3.992051E-07  1.932252E-04 -1.363447E-02  2.049332E-08  2.049531E-08
  8.700000E+01 -1.753364E-07  1.065244E-04  2.098765E-07  1.923595E-04 -3.074146E-03  2.049087E-08  2.049149E-08
  8.800000E+01  1.747194E-07  1.066907E-04  2.147957E-07  1.920905E-04 -1.640362E-02  2.049151E-08  2.049529E-08
  8.900000E+01  1.269323E-08  1.060226E-04 -3.895562E-07  1.933013E-04 -1.041152E-02  2.049318E-08  2.049441E-08
  9.000000E+01 -1.852553E-07  1.066823E-04  1.429336E-07  1.920720E-04 -4.682579E-03  2.049045E-08  2.049170E-08
  9.100000E+01  1.494396E-07  1.065270E-04  2.648279E-07  1.923918E-04 -1.804171E-02  2.049158E-08  2.049542E-08
  9.200000E+01  4.861514E-08  1.060566E-04 -3.675209E-07  1.932283E-04 -7.412239E-03  2.049258E-08  2.049323E-08
  9.300000E+01 -1.882122E-07  1.067961E-04  6.721224E-08  1.918707E-04 -7.528523E-03  2.049046E-08  2.049254E-08
  9.400000E+01  1.161933E-07  1.063451E-04  3.040942E-07  1.927279E-04 -1.830115E-02  2.049225E-08  2.049583E-08
  9.500000E+01  8.484709E-08  1.061678E-04 -3.326110E-07  1.930195E-04 -4.861060E-03  2.049222E-08  2.049250E-08
  9.600000E+01 -1.852084E-07  1.068483E-04 -1.087896E-08  1.917872E-04 -1.072485E-02  2.049096E-08  2.049386E-08
  9.700000E+01  8.321124E-08  1.061830E-04  3.305046E-07  1.930264E-04 -1.684257E-02  2.049321E-08  2.049616E-08
  9.800000E+01  1.095872E-07  1.063369E-04 -2.887877E-07  1.927087E-04 -3.294730E-03  2.049194E-08  2.049220E-08
  9.900000E+01 -1.774835E-07  1.068222E-04 -7.107487E-08  1.918482E-04 -1.404063E-02  2.049163E-08  2.049523E-08
  1.000000E+02  5.819278E-08  1.060659E-04  3.432391E-07  1.932407E-04 -1.418077E-02  2.049418E-08  2.049632E-08
  1.010000E+02  1.244159E-07  1.065239E-04 -2.494718E-07  1.923707E-04 -3.216322E-03  2.049197E-08  2.049258E-08
  1.020000E+02 -1.657912E-07  1.067032E-04 -1.208536E-07  1.920776E-04 -1.669099E-02  2.049244E-08  2.049635E-08
  1.030000E+02  2.842074E-08  1.060157E-04  3.447346E-07  1.933275E-04 -1.071240E-02  2.049457E-08  2.049587E-08
  1.040000E+02  1.399325E-07  1.066893E-04 -1.941006E-07  1.920749E-04 -4.659417E-03  2.049212E-08  2.049337E-08
  1.050000E+02 -1.515126E-07  1.065287E-04 -1.706471E-07  1.924039E-04 -1.823559E-02  2.049313E-08  2.049702E-08
  1.060000E+02  1.887258E-09  1.060501E-04  3.406330E-07  1.932585E-04 -7.364913E-03  2.049453E-08  2.049517E-08
  1.070000E+02  1.465056E-07  1.068095E-04 -1.411847E-07  1.918654E-04 -7.401609E-03  2.049248E-08  2.049457E-08
  1.080000E+02 -1.339132E-07  1.063392E-04 -2.006784E-07  1.927543E-04 -1.849239E-02  2.049384E-08  2.049747E-08
  1.090000E+02 -1.732876E-08  1.061584E-04  3.244042E-07  1.930559E-04 -4.611226E-03  2.049428E-08  2.049453E-08
  1.100000E+02  1.426352E-07  1.068618E-04 -9.770233E-08  1.917820E-04 -1.076884E-02  2.049299E-08  2.049593E-08
  1.110000E+02 -1.146902E-07  1.061679E-04 -2.063793E-07  1.930672E-04 -1.710595E-02  2.049453E-08  2.049755E-08
  1.120000E+02 -2.869376E-08  1.063361E-04  2.844127E-07  1.927311E-04 -3.062890E-03  2.049418E-08  2.049440E-08
  1.130000E+02  1.283617E-07  1.068269E-04 -5.640398E-08  1.918582E-04 -1.436750E-02  2.049351E-08  2.049719E-08
  1.140000E+02 -9.201885E-08  1.060492E-04 -2.022769E-07  1.932793E-04 -1.430520E-02  2.049501E-08  2.049719E-08
  1.150000E+02 -3.825343E-08  1.065461E-04  2.400083E-07  1.923528E-04 -3.106135E-03  2.049434E-08  2.049497E-08
  1.160000E+02  1.160230E-07  1.067157E-04 -2.052450E-08  1.920723E-04 -1.740191E-02  2.049404E-08  2.049820E-08
  1.170000E+02 -7.149348E-08  1.060076E-04 -1.999681E-07  1.933501E-04 -1.088143E-02  2.049537E-08  2.049670E-08
  1.180000E+02 -4.582628E-08  1.067234E-04  2.003223E-07  1.920349E-04 -4.751884E-03  2.049439E-08  2.049574E-08
  1.190000E+02  1.032394E-07  1.065312E-04  1.010820E-08  1.924126E-04 -1.899064E-02  2.049426E-08  2.049841E-08
  1.200000E+02 -5.025815E-08  1.060447E-04 -1.910201E-07  1.932763E-04 -7.158042E-03  2.049541E-08  2.049601E-08
  1.210000E+02 -5.293722E-08  1.068437E-04  1.565788E-07  1.918189E-04 -7.547936E-03  2.049406E-08  2.049629E-08
  1.220000E+02  8.778644E-08  1.063312E-04  4.358171E-08  1.927718E-04 -1.890916E-02  2.049399E-08  2.049775E-08
  1.230000E+02 -2.783357E-08  1.061708E-04 -1.727305E-07  1.930425E-04 -4.268873E-03  2.049528E-08  2.049548E-08
  1.240000E+02 -5.145582E-08  1.068833E-04  1.057662E-07  1.917505E-04 -1.123016E-02  2.049362E-08  2.049676E-08
  1.250000E+02  6.697926E-08  1.061495E-04  6.510592E-08  1.930909E-04 -1.726646E-02  2.049346E-08  2.049652E-08
  1.260000E+02 -1.080408E-08  1.063440E-04 -1.427299E-07  1.927220E-04 -2.738137E-03  2.049475E-08  2.049495E-08
  1.270000E+02 -4.351567E-08  1.068203E-04  6.343601E-08  1.918654E-04 -1.465618E-02  2.049293E-08  2.049666E-08
  1.280000E+02  4.907725E-08  1.060206E-04  6.807212E-08  1.933116E-04 -1.404044E-02  2.049300E-08  2.049510E-08
  1.290000E+02 -1.259144E-09  1.065355E-04 -1.170148E-07  1.923675E-04 -2.657995E-03  2.049391E-08  2.049447E-08
  1.300000E+02 -3.402256E-08  1.066864E-04  3.411068E-08  1.921062E-04 -1.723413E-02  2.049208E-08  2.049608E-08
  1.310000E+02  3.431224E-08  1.059809E-04  5.582782E-08  1.933736E-04 -1.030835E-02  2.049283E-08  2.049404E-08
  1.320000E+02 -4.937240E-09  1.067037E-04 -7.971593E-08  1.920579E-04 -4.367190E-03  2.049310E-08  2.049434E-08
  1.330000E+02 -1.098047E-08  1.065054E-04  2.133331E-08  1.924305E-04 -1.856050E-02  2.049136E-08  2.049530E-08
  1.340000E+02  2.164410E-08  1.060346E-04  1.913840E-08  1.932705E-04 -6.841480E-03  2.049287E-08  2.049341E-08
  1.350000E+02 -1.862536E-08  1.068121E-04 -3.861572E-08  1.918584E-04 -7.415060E-03  2.049224E-08  2.049431E-08
  1.360000E+02  1.158492E-08  1.063138E-04  2.261540E-08  1.927714E-04 -1.818552E-02  2.049086E-08  2.049433E-08
  1.370000E+02  1.543370E-08  1.061683E-04 -2.142904E-08  1.930233E-04 -4.086540E-03  2.049280E-08  2.049297E-08
  1.380000E+02 -4.080678E-08  1.068479E-04 -2.723495E-09  1.917907E-04 -1.083872E-02  2.049123E-08  2.049413E-08
  1.390000E+02  3.252529E-08  1.061564E-04  4.259739E-08  1.930493E-04 -1.644509E-02  2.049066E-08  2.049343E-08
  1.400000E+02  1.480177E-08  1.063483E-04 -6.449991E-08  1.926959E-04 -2.784878E-03  2.049281E-08  2.049301E-08
  1.410000E+02 -6.743423E-08  1.068084E-04  2.910127E-08  1.918631E-04 -1.418704E-02  2.049052E-08  2.049408E-08
  1.420000E+02  5.573604E-08  1.060609E-04  7.904054E-08  1.932182E-04 -1.375671E-02  2.049097E-08  2.049295E-08
  1.430000E+02  2.523356E-08  1.065467E-04 -1.271124E-07  1.923393E-04 -3.157273E-03  2.049301E-08  2.049364E-08
  1.440000E+02 -1.059430E-07  1.066964E-04  4.451239E-08  1.920708E-04 -1.692078E-02  2.049033E-08  2.049429E-08
  1.450000E+02  7.304648E-08  1.060288E-04  1.463318E-07  1.932751E-04 -1.049862E-02  2.049160E-08  2.049281E-08
  1.460000E+02  5.463683E-08  1.067058E-04 -1.910966E-07  1.920530E-04 -4.887687E-03  2.049293E-08  2.049424E-08
  1.470000E+02 -1.467906E-07  1.065226E-04  2.370784E-08  1.923918E-04 -1.830311E-02  2.049063E-08  2.049454E-08
  1.480000E+02  7.380647E-08  1.060718E-04  2.260502E-07  1.931998E-04 -7.185252E-03  2.049253E-08  2.049311E-08
  1.490000E+02  1.024805E-07  1.068153E-04 -2.349450E-07  1.918568E-04 -7.813753E-03  2.049260E-08  2.049478E-08
  1.500000E+02 -1.853372E-07  1.063296E-04 -4.744017E-08  1.927464E-04 -1.815774E-02  2.049126E-08  2.049477E-08
  1.510000E+02  4.854783E-08  1.061938E-04  3.254177E-07  1.929841E-04 -4.466072E-03  2.049350E-08  2.049374E-08
  1.520000E+02  1.689639E-07  1.068492E-04 -2.394500E-07  1.917992E-04 -1.115466E-02  2.049232E-08  2.049532E-08
  1.530000E+02 -2.085053E-07  1.061642E-04 -1.608635E-07  1.930466E-04 -1.625824E-02  2.049192E-08  2.049468E-08
  1.540000E+02 -1.966488E-10  1.063734E-04  4.115914E-07  1.926654E-04 -2.975212E-03  2.049438E-08  2.049467E-08
  1.550000E+02  2.333119E-07  1.068066E-04 -2.046639E-07  1.918852E-04 -1.445779E-02  2.049246E-08  2.049613E-08
  1.560000E+02 -2.160249E-07  1.060593E-04 -2.819095E-07  1.932382E-04 -1.336227E-02  2.049288E-08  2.049482E-08
  1.570000E+02 -5.910233E-08  1.065703E-04  4.886940E-07  1.923125E-04 -3.156632E-03  2.049469E-08  2.049544E-08
  1.580000E+02  2.968290E-07  1.066939E-04 -1.456746E-07  1.920988E-04 -1.711065E-02  2.049278E-08  2.049684E-08
  1.590000E+02 -2.093047E-07  1.060259E-04 -4.206990E-07  1.933009E-04 -1.004949E-02  2.049386E-08  2.049506E-08
  1.600000E+02 -1.378539E-07  1.067370E-04  5.462955E-07  1.920132E-04 -4.795453E-03  2.049468E-08  2.049617E-08
  1.610000E+02  3.579768E-07  1.065241E-04 -3.461918E-08  1.924132E-04 -1.851810E-02  2.049313E-08  2.049720E-08
  1.620000E+02 -1.761923E-07  1.060764E-04 -5.707630E-07  1.932098E-04 -6.745794E-03  2.049453E-08  2.049515E-08
  1.630000E+02 -2.256256E-07  1.068530E-04  5.567470E-07  1.918072E-04 -7.782948E-03  2.049455E-08  2.049698E-08
  1.640000E+02  3.986555E-07  1.063311E-04  1.032523E-07  1.927668E-04 -1.852084E-02  2.049358E-08  2.049733E-08
  1.650000E+02 -1.179292E-07  1.061980E-04 -7.012824E-07  1.929883E-04 -4.179284E-03  2.049479E-08  2.049512E-08
  1.660000E+02 -3.153223E-07  1.068949E-04  5.180952E-07  1.917371E-04 -1.151081E-02  2.049435E-08  2.049776E-08
  1.670000E+02  4.154833E-07  1.061560E-04  2.663235E-07  1.930828E-04 -1.706194E-02  2.049391E-08  2.049707E-08
  1.680000E+02 -3.874355E-08  1.063752E-04 -8.037097E-07  1.926654E-04 -2.629888E-03  2.049475E-08  2.049515E-08
  1.690000E+02 -4.017841E-07  1.068508E-04  4.341797E-07  1.918227E-04 -1.498870E-02  2.049411E-08  2.049827E-08
  1.700000E+02  4.089708E-07  1.060318E-04  4.487254E-07  1.933013E-04 -1.401991E-02  2.049408E-08  2.049638E-08
  1.710000E+02  5.981260E-08  1.065734E-04 -8.699143E-07  1.923049E-04 -2.584673E-03  2.049452E-08  2.049539E-08
  1.720000E+02 -4.802880E-07  1.067242E-04  3.028223E-07  1.920580E-04 -1.778928E-02  2.049399E-08  2.049855E-08
  1.730000E+02  3.717093E-07  1.059868E-04  6.393113E-07  1.933746E-04 -1.032781E-02  2.049406E-08  2.049551E-08
  1.740000E+02  1.722470E-07  1.067572E-04 -8.946259E-07  1.919668E-04 -4.302616E-03  2.049365E-08  2.049534E-08
  1.750000E+02 -5.448470E-07  1.065400E-04  1.271483E-07  1.923923E-04 -1.938282E-02  2.049363E-08  2.049823E-08
  1.760000E+02  3.045728E-07  1.060330E-04  8.253076E-07  1.932789E-04 -6.467568E-03  2.049352E-08  2.049429E-08
  1.770000E+02  2.932710E-07  1.068797E-04 -8.648353E-07  1.917384E-04 -7.159128E-03  2.049241E-08  2.049507E-08
  1.780000E+02 -5.846200E-07  1.063266E-04 -8.152616E-08  1.927704E-04 -1.906095E-02  2.049289E-08  2.049701E-08
  1.790000E+02  2.131934E-07  1.061571E-04  9.845438E-07  1.930414E-04 -3.283391E-03  2.049260E-08  2.049302E-08
  1.800000E+02  4.111792E-07  1.069175E-04 -7.875728E-07  1.916701E-04 -1.077841E-02  2.049168E-08  2.049524E-08
  1.810000E+02 -5.950229E-07  1.061364E-04 -3.032114E-07  1.931056E-04 -1.716658E-02  2.049252E-08  2.049589E-08
  1.820000E+02  1.025525E-07  1.063423E-04  1.090235E-06  1.926949E-04 -1.584847E-03  2.049160E-08  2.049208E-08
  1.830000E+02  5.151265E-07  1.068693E-04 -6.430453E-07  1.917632E-04 -1.449375E-02  2.049145E-08  2.049574E-08
  1.840000E+02 -5.592405E-07  1.060108E-04 -5.423524E-07  1.933242E-04 -1.404830E-02  2.049242E-08  2.049490E-08
  1.850000E+02 -3.590273E-08  1.065491E-04  1.134652E-06  1.923100E-04 -1.805559E-03  2.049042E-08  2.049136E-08
  1.860000E+02  6.010220E-07  1.067283E-04 -4.338827E-07  1.920235E-04 -1.749694E-02  2.049122E-08  2.049586E-08
  1.870000E+02 -4.840916E-07  1.059617E-04 -7.747361E-07  1.934025E-04 -1.017150E-02  2.049219E-08  2.049378E-08
  1.880000E+02 -1.853073E-07  1.067253E-04  1.105515E-06  1.919870E-04 -3.715610E-03  2.048973E-08  2.049140E-08
  1.890000E+02  6.508503E-07  1.065341E-04 -1.832268E-07  1.923790E-04 -1.909633E-02  2.049119E-08  2.049579E-08
  1.900000E+02 -3.771250E-07  1.060097E-04 -9.633917E-07  1.933045E-04 -6.557426E-03  2.049171E-08  2.049262E-08
  1.910000E+02 -3.271315E-07  1.068462E-04  1.015710E-06  1.917733E-04 -7.025270E-03  2.048973E-08  2.049233E-08
  1.920000E+02  6.673886E-07  1.063299E-04  7.517656E-08  1.927548E-04 -1.918535E-02  2.049183E-08  2.049610E-08
  1.930000E+02 -2.558360E-07  1.061365E-04 -1.097983E-06  1.930667E-04 -4.005792E-03  2.049126E-08  2.049181E-08
  1.940000E+02 -4.483862E-07  1.068850E-04  8.830301E-07  1.917135E-04 -1.091178E-02  2.049007E-08  2.049358E-08
  1.950000E+02  6.504810E-07  1.061547E-04  3.280616E-07  1.930747E-04 -1.750761E-02  2.049265E-08  2.049620E-08
  1.960000E+02 -1.178725E-07  1.063196E-04 -1.178151E-06  1.927292E-04 -2.488147E-03  2.049082E-08  2.049137E-08
  1.970000E+02 -5.508129E-07  1.068456E-04  6.958711E-07  1.917989E-04 -1.442988E-02  2.049073E-08  2.049495E-08
  1.980000E+02  5.969542E-07  1.060392E-04  5.774371E-07  1.932825E-04 -1.445334E-02  2.049337E-08  2.049599E-08
  1.990000E+02  3.489912E-08  1.065246E-04 -1.194383E-06  1.923565E-04 -2.600160E-03  2.049064E-08  2.049158E-08
  2.000000E+02 -6.252730E-07  1.067295E-04  4.570959E-07  1.920266E-04 -1.723613E-02  2.049187E-08  2.049646E-08
  2.010000E+02  5.077207E-07  1.059942E-04  8.031744E-07  1.933615E-04 -1.081502E-02  2.049400E-08  2.049572E-08
  2.020000E+02  1.845980E-07  1.066945E-04 -1.152982E-06  1.920523E-04 -4.182024E-03  2.049075E-08  2.049236E-08
  2.030000E+02 -6.712212E-07  1.065519E-04  2.099794E-07  1.923632E-04 -1.865831E-02  2.049309E-08  2.049759E-08
  2.040000E+02  4.007369E-07  1.060302E-04  9.809286E-07  1.932931E-04 -7.261664E-03  2.049436E-08  2.049538E-08
  2.050000E+02  3.210423E-07  1.068116E-04 -1.056554E-06  1.918496E-04 -7.001464E-03  2.049125E-08  2.049368E-08
  2.060000E+02 -6.828484E-07  1.063579E-04 -5.171377E-08  1.927226E-04 -1.871134E-02  2.049398E-08  2.049811E-08
  2.070000E+02  2.730268E-07  1.061416E-04  1.111238E-06  1.930874E-04 -4.596167E-03  2.049439E-08  2.049501E-08
  2.080000E+02  4.449064E-07  1.068606E-04 -9.081914E-07  1.917756E-04 -1.054873E-02  2.049211E-08  2.049540E-08
  2.090000E+02 -6.611858E-07  1.061813E-04 -3.198656E-07  1.930440E-04 -1.730545E-02  2.049459E-08  2.049809E-08
  2.100000E+02  1.289463E-07  1.063071E-04  1.197198E-06  1.927795E-04 -3.018295E-03  2.049374E-08  2.049431E-08
  2.110000E+02  5.532525E-07  1.068338E-04 -7.239507E-07  1.918395E-04 -1.395222E-02  2.049295E-08  2.049696E-08
  2.120000E+02 -6.161106E-07  1.060644E-04 -5.750376E-07  1.932553E-04 -1.477351E-02  2.049527E-08  2.049799E-08
  2.130000E+02 -1.778611E-08  1.064926E-04  1.233159E-06  1.924399E-04 -2.950482E-03  2.049333E-08  2.049423E-08
  2.140000E+02  6.360306E-07  1.067405E-04 -5.084586E-07  1.920230E-04 -1.672681E-02  2.049376E-08  2.049822E-08
  2.150000E+02 -5.455251E-07  1.060190E-04 -7.935861E-07  1.933350E-04 -1.160975E-02  2.049581E-08  2.049772E-08
  2.160000E+02 -1.569618E-07  1.066735E-04  1.213752E-06  1.921155E-04 -4.329802E-03  2.049344E-08  2.049499E-08
  2.170000E+02  6.863086E-07  1.065903E-04 -2.765860E-07  1.923046E-04 -1.858769E-02  2.049426E-08  2.049886E-08
  2.180000E+02 -4.528597E-07  1.060376E-04 -9.747850E-07  1.932937E-04 -8.325264E-03  2.049568E-08  2.049691E-08
  2.190000E+02 -2.902724E-07  1.067962E-04  1.146955E-06  1.918980E-04 -6.723578E-03  2.049351E-08  2.049584E-08
  2.200000E+02  7.105856E-07  1.064031E-04 -3.490760E-08  1.926448E-04 -1.885308E-02  2.049436E-08  2.049864E-08
  2.210000E+02 -3.424125E-07  1.061288E-04 -1.116009E-06  1.931192E-04 -5.346339E-03  2.049521E-08  2.049596E-08
  2.220000E+02 -4.056928E-07  1.068589E-04  1.033216E-06  1.917893E-04 -9.864159E-03  2.049339E-08  2.049655E-08
  2.230000E+02  7.069975E-07  1.062282E-04  1.952635E-07  1.929563E-04 -1.776147E-02  2.049416E-08  2.049787E-08
  2.240000E+02 -2.272050E-07  1.062786E-04 -1.209563E-06  1.928384E-04 -3.514505E-03  2.049446E-08  2.049508E-08
  2.250000E+02 -5.041233E-07  1.068424E-04  8.891471E-07  1.918199E-04 -1.332902E-02  2.049268E-08  2.049659E-08
  2.260000E+02  6.792660E-07  1.060820E-04  4.189497E-07  1.932089E-04 -1.539273E-02  2.049355E-08  2.049648E-08
  2.270000E+02 -1.015056E-07  1.064471E-04 -1.264171E-06  1.925262E-04 -2.834596E-03  2.049377E-08  2.049458E-08
  2.280000E+02 -5.906564E-07  1.067442E-04  7.089939E-07  1.919971E-04 -1.604780E-02  2.049194E-08  2.049623E-08
  2.290000E+02  6.264536E-07  1.060066E-04  6.351997E-07  1.933300E-04 -1.199602E-02  2.049279E-08  2.049483E-08
  2.300000E+02  3.323427E-08  1.066168E-04 -1.274771E-06  1.922134E-04 -3.658767E-03  2.049304E-08  2.049436E-08
  2.310000E+02 -6.602434E-07  1.065904E-04  5.023471E-07  1.922736E-04 -1.784413E-02  2.049126E-08  2.049563E-08
  2.320000E+02  5.591035E-07  1.060110E-04  8.416263E-07  1.933085E-04 -8.522365E-03  2.049208E-08  2.049339E-08
  2.330000E+02  1.678423E-07  1.067527E-04 -1.262153E-06  1.919632E-04 -5.909426E-03  2.049224E-08  2.049431E-08
  2.340000E+02 -7.163144E-07  1.064092E-04  2.802848E-07  1.925979E-04 -1.840880E-02  2.049072E-08  2.049489E-08
  2.350000E+02  4.713439E-07  1.060977E-04  1.024930E-06  1.931437E-04 -5.588192E-03  2.049179E-08  2.049262E-08
  2.360000E+02  3.021836E-07  1.068218E-04 -1.205208E-06  1.918369E-04 -8.986170E-03  2.049153E-08  2.049440E-08
  2.370000E+02 -7.479521E-07  1.062426E-04  3.667953E-08  1.928931E-04 -1.731061E-02  2.049040E-08  2.049400E-08
  2.380000E+02  3.637891E-07  1.062482E-04  1.181487E-06  1.928703E-04 -3.614254E-03  2.049198E-08  2.049264E-08
  2.390000E+02  4.296889E-07  1.068202E-04 -1.099418E-06  1.918417E-04 -1.223775E-02  2.049104E-08  2.049463E-08
  2.400000E+02 -7.495647E-07  1.061202E-04 -2.115916E-07  1.931097E-04 -1.514752E-02  2.049048E-08  2.049336E-08
  2.410000E+02  2.371021E-07  1.064309E-04  1.294040E-06  1.925441E-04 -3.107979E-03  2.049255E-08  2.049341E-08
  2.420000E+02  5.434268E-07  1.067543E-04 -9.446314E-07  1.919678E-04 -1.518136E-02  2.049103E-08  2.049515E-08
  2.430000E+02 -7.255263E-07  1.060657E-04 -4.595003E-07  1.932065E-04 -1.239340E-02  2.049101E-08  2.049315E-08
  2.440000E+02  9.920182E-08  1.066031E-04  1.370107E-06  1.922389E-04 -4.107540E-03  2.049309E-08  2.049448E-08
  2.450000E+02  6.466456E-07  1.066250E-04 -7.604667E-07  1.922078E-04 -1.716703E-02  2.049114E-08  2.049545E-08
  2.460000E+02 -6.782344E-07  1.060632E-04 -7.089233E-07  1.932107E-04 -9.377956E-03  2.049164E-08  2.049313E-08
  2.470000E+02 -4.889355E-08  1.067272E-04  1.405031E-06  1.920201E-04 -6.095597E-03  2.049337E-08  2.049543E-08
  2.480000E+02  7.313534E-07  1.064611E-04 -5.324148E-07  1.925082E-04 -1.789752E-02  2.049134E-08  2.049550E-08
  2.490000E+02 -6.022513E-07  1.061280E-04 -9.541497E-07  1.930962E-04 -6.677988E-03  2.049246E-08  2.049350E-08
  2.500000E+02 -2.099322E-07  1.067972E-04  1.390477E-06  1.918993E-04 -8.849390E-03  2.049350E-08  2.049631E-08
  2.510000E+02  7.975719E-07  1.063016E-04 -2.659607E-07  1.927986E-04 -1.722965E-02  2.049175E-08  2.049545E-08
  2.520000E+02 -4.916174E-07  1.062478E-04 -1.185612E-06  1.928852E-04 -4.576923E-03  2.049340E-08  2.049425E-08
  2.530000E+02 -3.743977E-07  1.068096E-04  1.309087E-06  1.918834E-04 -1.164869E-02  2.049360E-08  2.049706E-08
  2.540000E+02  8.275998E-07  1.061761E-04  3.563884E-08  1.930275E-04 -1.537366E-02  2.049249E-08  2.049553E-08
  2.550000E+02 -3.511091E-07  1.064025E-04 -1.364642E-06  1.926128E-04 -3.658251E-03  2.049434E-08  2.049530E-08
  2.560000E+02 -5.228789E-07  1.067633E-04  1.162738E-06  1.919750E-04 -1.428126E-02  2.049380E-08  2.049777E-08
  2.570000E+02  8.221320E-07  1.061073E-04  3.397860E-07  1.931540E-04 -1.288333E-02  2.049336E-08  2.049572E-08
  2.580000E+02 -1.977212E-07  1.065622E-04 -1.487427E-06  1.923315E-04 -4.126953E-03  2.049509E-08  2.049646E-08
  2.590000E+02 -6.560844E-07  1.066579E-04  9.714466E-07  1.921719E-04 -1.631607E-02  2.049392E-08  2.049814E-08
  2.600000E+02  7.876708E-07  1.060917E-04  6.507392E-07  1.931811E-04 -1.005351E-02  2.049387E-08  2.049561E-08
  2.610000E+02 -2.527782E-08  1.066917E-04 -1.568561E-06  1.921019E-04 -5.707109E-03  2.049535E-08  2.049733E-08
  2.620000E+02 -7.750238E-07  1.065209E-04  7.260409E-07  1.924240E-04 -1.732162E-02  2.049409E-08  2.049829E-08
  2.630000E+02  7.145491E-07  1.061342E-04  9.473093E-07  1.931027E-04 -7.598829E-03  2.049420E-08  2.049551E-08
  2.640000E+02  1.517744E-07  1.067743E-04 -1.572584E-06  1.919567E-04 -8.077295E-03  2.049538E-08  2.049806E-08
  2.650000E+02 -8.550796E-07  1.063769E-04  4.364145E-07  1.926878E-04 -1.729973E-02  2.049446E-08  2.049839E-08
  2.660000E+02  6.001305E-07  1.062283E-04  1.201767E-06  1.929343E-04 -5.778459E-03  2.049475E-08  2.049583E-08
  2.670000E+02  3.256966E-07  1.068061E-04 -1.491139E-06  1.919046E-04 -1.090107E-02  2.049535E-08  2.049872E-08
  2.680000E+02 -8.947996E-07  1.062465E-04  1.179770E-07  1.929230E-04 -1.611342E-02  2.049473E-08  2.049814E-08
  2.690000E+02  4.574132E-07  1.063555E-04  1.402165E-06  1.927044E-04 -4.468913E-03  2.049496E-08  2.049602E-08
  2.700000E+02  4.870219E-07  1.067815E-04 -1.346655E-06  1.919510E-04 -1.339064E-02  2.049499E-08  2.049887E-08
  2.710000E+02 -8.983256E-07  1.061480E-04 -2.065064E-07  1.930929E-04 -1.402636E-02  2.049440E-08  2.049717E-08
  2.720000E+02  2.951815E-07  1.064943E-04  1.547266E-06  1.924491E-04 -4.223543E-03  2.049456E-08  2.049586E-08
  2.730000E+02  6.332308E-07  1.067052E-04 -1.142329E-06  1.920876E-04 -1.555227E-02  2.049427E-08  2.049848E-08
  2.740000E+02 -8.613964E-07  1.060996E-04 -5.340091E-07  1.931680E-04 -1.154821E-02  2.049368E-08  2.049581E-08
  2.750000E+02  1.168685E-07  1.066281E-04  1.626839E-06  1.921997E-04 -5.101750E-03  2.049362E-08  2.049540E-08
  2.760000E+02  7.541474E-07  1.065868E-04 -8.826799E-07  1.922986E-04 -1.686059E-02  2.049359E-08  2.049785E-08
  2.770000E+02 -7.823456E-07  1.061055E-04 -8.379198E-07  1.931459E-04 -8.664115E-03  2.049307E-08  2.049460E-08
  2.780000E+02 -6.486197E-08  1.067282E-04  1.631534E-06  1.920141E-04 -6.715451E-03  2.049286E-08  2.049520E-08
  2.790000E+02  8.453695E-07  1.064372E-04 -5.937438E-07  1.925655E-04 -1.707061E-02  2.049314E-08  2.049712E-08
  2.800000E+02 -6.761036E-07  1.061686E-04 -1.109163E-06  1.930233E-04 -6.095595E-03  2.049264E-08  2.049377E-08
  2.810000E+02 -2.424048E-07  1.067873E-04  1.566257E-06  1.919074E-04 -9.109465E-03  2.049242E-08  2.049539E-08
  2.820000E+02  8.930900E-07  1.062902E-04 -2.778659E-07  1.928251E-04 -1.632647E-02  2.049270E-08  2.049623E-08
  2.830000E+02 -5.328260E-07  1.062811E-04 -1.327256E-06  1.928106E-04 -4.343931E-03  2.049192E-08  2.049291E-08
  2.840000E+02 -4.155574E-07  1.067928E-04  1.420753E-06  1.918992E-04 -1.184752E-02  2.049202E-08  2.049559E-08
  2.850000E+02  9.002186E-07  1.061729E-04  6.871028E-08  1.930303E-04 -1.467028E-02  2.049239E-08  2.049533E-08
  2.860000E+02 -3.624234E-07  1.064151E-04 -1.489026E-06  1.925604E-04 -3.780959E-03  2.049119E-08  2.049230E-08
  2.870000E+02 -5.755112E-07  1.067262E-04  1.204450E-06  1.920228E-04 -1.427928E-02  2.049176E-08  2.049568E-08
  2.880000E+02  8.550446E-07  1.060993E-04  4.241125E-07  1.931584E-04 -1.227763E-02  2.049243E-08  2.049471E-08
  2.890000E+02 -1.682311E-07  1.065525E-04 -1.561609E-06  1.923121E-04 -4.444009E-03  2.049114E-08  2.049259E-08
  2.900000E+02 -7.005760E-07  1.066135E-04  9.227536E-07  1.922345E-04 -1.617136E-02  2.049212E-08  2.049619E-08
  2.910000E+02  7.675452E-07  1.060889E-04  7.437465E-07  1.931739E-04 -9.714466E-03  2.049263E-08  2.049431E-08
  2.920000E+02  2.076705E-08  1.066725E-04 -1.549694E-06  1.921008E-04 -6.298658E-03  2.049146E-08  2.049347E-08
  2.930000E+02 -7.778473E-07  1.064738E-04  6.174576E-07  1.924955E-04 -1.723290E-02  2.049270E-08  2.049672E-08
  2.940000E+02  6.490887E-07  1.061374E-04  9.935598E-07  1.930820E-04 -7.401098E-03  2.049266E-08  2.049388E-08
  2.950000E+02  1.945700E-07  1.067508E-04 -1.459177E-06  1.919668E-04 -8.704443E-03  2.049184E-08  2.049447E-08
  2.960000E+02 -8.088126E-07  1.063355E-04  2.965382E-07  1.927505E-04 -1.683539E-02  2.049332E-08  2.049694E-08
  2.970000E+02  5.038959E-07  1.062445E-04  1.180502E-06  1.928860E-04 -5.473994E-03  2.049276E-08  2.049370E-08
  2.980000E+02  3.528441E-07  1.067751E-04 -1.299107E-06  1.919348E-04 -1.128753E-02  2.049255E-08  2.049577E-08
  2.990000E+02 -7.946254E-07  1.062233E-04 -2.925990E-08  1.929562E-04 -1.538762E-02  2.049403E-08  2.049703E-08
  3.000000E+02  3.339826E-07  1.063786E-04  1.296148E-06  1.926438E-04 -4.640774E-03  2.049296E-08  2.049391E-08
  3.010000E+02  4.866939E-07  1.067334E-04 -1.079204E-06  1.920233E-04 -1.365589E-02  2.049339E-08  2.049698E-08
  3.020000E+02 -7.444100E-07  1.061426E-04 -3.324009E-07  1.931025E-04 -1.314509E-02  2.049463E-08  2.049694E-08
  3.030000E+02  1.712617E-07  1.065054E-04  1.338663E-06  1.924146E-04 -4.832194E-03  2.049295E-08  2.049413E-08
  3.040000E+02  5.781292E-07  1.066374E-04 -8.372013E-07  1.922063E-04 -1.539639E-02  2.049395E-08  2.049765E-08
  3.050000E+02 -6.648012E-07  1.061164E-04 -5.814210E-07  1.931480E-04 -1.069664E-02  2.049500E-08  2.049668E-08
  3.060000E+02  1.389316E-08  1.066163E-04  1.312944E-06  1.922181E-04 -6.096041E-03  2.049321E-08  2.049480E-08
  3.070000E+02  6.342657E-07  1.065175E-04 -5.715278E-07  1.924309E-04 -1.642768E-02  2.049449E-08  2.049813E-08
  3.080000E+02 -5.569741E-07  1.061474E-04 -7.913757E-07  1.930911E-04 -8.529913E-03  2.049537E-08  2.049657E-08
  3.090000E+02 -1.370158E-07  1.066915E-04  1.225378E-06  1.920938E-04 -8.000017E-03  2.049412E-08  2.049619E-08
  3.100000E+02  6.575403E-07  1.063989E-04 -2.929435E-07  1.926534E-04 -1.639374E-02  2.049535E-08  2.049870E-08
  3.110000E+02 -4.333334E-07  1.062231E-04 -9.427118E-07  1.929505E-04 -6.812745E-03  2.049533E-08  2.049623E-08
  3.120000E+02 -2.658036E-07  1.067281E-04  1.099972E-06  1.920371E-04 -1.022200E-02  2.049468E-08  2.049726E-08
  3.130000E+02  6.510226E-07  1.062970E-04 -3.008445E-08  1.928413E-04 -1.557118E-02  2.049597E-08  2.049889E-08
  3.140000E+02 -3.073901E-07  1.063271E-04 -1.035167E-06  1.927569E-04 -5.843808E-03  2.049494E-08  2.049576E-08
  3.150000E+02 -3.632908E-07  1.067216E-04  9.365260E-07  1.920511E-04 -1.239411E-02  2.049442E-08  2.049745E-08
  3.160000E+02  6.153537E-07  1.062270E-04  1.950566E-07  1.929654E-04 -1.417007E-02  2.049607E-08  2.049849E-08
  3.170000E+02 -1.831974E-07  1.064414E-04 -1.070957E-06  1.925470E-04 -5.730837E-03  2.049464E-08  2.049559E-08
  3.180000E+02 -4.345212E-07  1.066662E-04  7.473131E-07  1.921518E-04 -1.431518E-02  2.049400E-08  2.049730E-08
  3.190000E+02  5.567824E-07  1.061715E-04  3.880683E-07  1.930567E-04 -1.222340E-02  2.049559E-08  2.049744E-08
  3.200000E+02 -6.283187E-08  1.065422E-04 -1.059726E-06  1.923631E-04 -6.109317E-03  2.049439E-08  2.049559E-08
  3.210000E+02 -4.797982E-07  1.065802E-04  5.435865E-07  1.923096E-04 -1.548248E-02  2.049393E-08  2.049727E-08
  3.220000E+02  4.819204E-07  1.061645E-04  5.354332E-07  1.930580E-04 -1.011217E-02  2.049486E-08  2.049620E-08
  3.230000E+02  3.886745E-08  1.066307E-04 -1.003412E-06  1.921989E-04 -7.359767E-03  2.049375E-08  2.049536E-08
  3.240000E+02 -4.956350E-07  1.064730E-04  3.559077E-07  1.925037E-04 -1.605205E-02  2.049381E-08  2.049703E-08
  3.250000E+02  4.002087E-07  1.062009E-04  6.365618E-07  1.929816E-04 -8.226683E-03  2.049412E-08  2.049508E-08
  3.260000E+02  1.282084E-07  1.066786E-04 -9.187954E-07  1.921061E-04 -9.221089E-03  2.049274E-08  2.049480E-08
  3.270000E+02 -4.957585E-07  1.063480E-04  1.720827E-07  1.927233E-04 -1.554674E-02  2.049327E-08  2.049609E-08
  3.280000E+02  3.123108E-07  1.062704E-04  7.140018E-07  1.928468E-04 -6.517388E-03  2.049348E-08  2.049418E-08
  3.290000E+02  2.044186E-07  1.066862E-04 -8.063133E-07  1.920875E-04 -1.109411E-02  2.049183E-08  2.049429E-08
  3.300000E+02 -4.790861E-07  1.062465E-04  1.011421E-09  1.928974E-04 -1.425545E-02  2.049260E-08  2.049491E-08
  3.310000E+02  2.220041E-07  1.063692E-04  7.681143E-07  1.926620E-04 -5.690987E-03  2.049296E-08  2.049365E-08
  3.320000E+02  2.720060E-07  1.066510E-04 -6.843386E-07  1.921508E-04 -1.292373E-02  2.049137E-08  2.049413E-08
  3.330000E+02 -4.551908E-07  1.061846E-04 -1.537207E-07  1.930008E-04 -1.252645E-02  2.049211E-08  2.049391E-08
  3.340000E+02  1.326066E-07  1.064759E-04  8.024162E-07  1.924641E-04 -5.957539E-03  2.049243E-08  2.049333E-08
  3.350000E+02  3.277011E-07  1.065762E-04 -5.419942E-07  1.922877E-04 -1.434834E-02  2.049117E-08  2.049407E-08
  3.360000E+02 -4.138332E-07  1.061722E-04 -2.985705E-07  1.930183E-04 -1.044932E-02  2.049207E-08  2.049337E-08
  3.370000E+02  3.964387E-08  1.065717E-04  8.033656E-07  1.922886E-04 -6.947976E-03  2.049204E-08  2.049331E-08
  3.380000E+02  3.695784E-07  1.064847E-04 -3.905528E-07  1.924554E-04 -1.488903E-02  2.049129E-08  2.049409E-08
  3.390000E+02 -3.574243E-07  1.062123E-04 -4.295580E-07  1.929456E-04 -8.592878E-03  2.049244E-08  2.049337E-08
  3.400000E+02 -5.152602E-08  1.066368E-04  7.601389E-07  1.921728E-04 -8.569274E-03  2.049193E-08  2.049365E-08
  3.410000E+02  3.877979E-07  1.063960E-04 -2.227069E-07  1.926172E-04 -1.476385E-02  2.049148E-08  2.049405E-08
  3.420000E+02 -2.801782E-07  1.062927E-04 -5.356594E-07  1.928027E-04 -7.361514E-03  2.049295E-08  2.049371E-08
  3.430000E+02 -1.360006E-07  1.066680E-04  6.789293E-07  1.921223E-04 -1.049975E-02  2.049217E-08  2.049436E-08
  3.440000E+02  3.875553E-07  1.063238E-04 -5.990093E-08  1.927506E-04 -1.408549E-02  2.049195E-08  2.049421E-08
  3.450000E+02 -2.042229E-07  1.063791E-04 -6.073382E-07  1.926495E-04 -6.838802E-03  2.049340E-08  2.049418E-08
  3.460000E+02 -2.020354E-07  1.066442E-04  5.832698E-07  1.921743E-04 -1.216991E-02  2.049276E-08  2.049523E-08
  3.470000E+02  3.689469E-07  1.062659E-04  8.394982E-08  1.928616E-04 -1.283612E-02  2.049293E-08  2.049477E-08
  3.480000E+02 -1.234929E-07  1.064586E-04 -6.437025E-07  1.925104E-04 -6.911141E-03  2.049391E-08  2.049483E-08
  3.490000E+02 -2.535642E-07  1.065926E-04  4.660475E-07  1.922756E-04 -1.345608E-02  2.049330E-08  2.049592E-08
  3.500000E+02  3.369956E-07  1.062417E-04  2.246021E-07  1.929114E-04 -1.139779E-02  2.049390E-08  2.049536E-08
  3.510000E+02 -3.937260E-08  1.065303E-04 -6.530420E-07  1.923858E-04 -7.473716E-03  2.049435E-08  2.049551E-08
  3.520000E+02 -2.956085E-07  1.065227E-04  3.281396E-07  1.924073E-04 -1.400420E-02  2.049374E-08  2.049630E-08
  3.530000E+02  2.880359E-07  1.062560E-04  3.544479E-07  1.928883E-04 -9.761569E-03  2.049456E-08  2.049567E-08
  3.540000E+02  4.671791E-08  1.065876E-04 -6.223177E-07  1.922881E-04 -8.390011E-03  2.049480E-08  2.049625E-08
  3.550000E+02 -3.153073E-07  1.064555E-04  1.783980E-07  1.925358E-04 -1.404366E-02  2.049447E-08  2.049687E-08
  3.560000E+02  2.250085E-07  1.063008E-04  4.489600E-07  1.928094E-04 -8.492507E-03  2.049506E-08  2.049596E-08
  3.570000E+02  1.144199E-07  1.066258E-04 -5.595769E-07  1.922239E-04 -9.695578E-03  2.049505E-08  2.049686E-08
  3.580000E+02 -3.162200E-07  1.063942E-04  4.460282E-08  1.926523E-04 -1.372790E-02  2.049515E-08  2.049735E-08
  3.590000E+02  1.619400E-07  1.063572E-04  5.116799E-07  1.927090E-04 -7.775023E-03  2.049537E-08  2.049621E-08
  3.600000E+02  1.738291E-07  1.066265E-04 -4.871453E-07  1.922234E-04 -1.098645E-02  2.049488E-08  2.049695E-08
  3.610000E+02 -3.112617E-07  1.063428E-04 -9.123046E-08  1.927444E-04 -1.301841E-02  2.049525E-08  2.049718E-08
  3.620000E+02  9.262959E-08  1.064212E-04  5.582028E-07  1.925944E-04 -7.539540E-03  2.049555E-08  2.049645E-08
  3.630000E+02  2.235200E-07  1.066041E-04 -3.865006E-07  1.922673E-04 -1.221472E-02  2.049495E-08  2.049723E-08
  3.640000E+02 -2.831149E-07  1.063061E-04 -2.135204E-07  1.928066E-04 -1.215990E-02  2.049501E-08  2.049667E-08
  3.650000E+02  1.892134E-08  1.064810E-04  5.599297E-07  1.924871E-04 -7.791719E-03  2.049560E-08  2.049665E-08
  3.660000E+02  2.549585E-07  1.065682E-04 -2.579620E-07  1.923394E-04 -1.328511E-02  2.049545E-08  2.049789E-08
  3.670000E+02 -2.348062E-07  1.062856E-04 -3.152687E-07  1.928386E-04 -1.121261E-02  2.049467E-08  2.049608E-08
  3.680000E+02 -4.931386E-08  1.065392E-04  5.207863E-07  1.923774E-04 -8.205634E-03  2.049503E-08  2.049629E-08
  3.690000E+02  2.640701E-07  1.065182E-04 -1.255238E-07  1.924291E-04 -1.381483E-02  2.049525E-08  2.049770E-08
  3.700000E+02 -1.752380E-07  1.062855E-04 -3.794567E-07  1.928302E-04 -9.887516E-03  2.049406E-08  2.049518E-08
  3.710000E+02 -1.037587E-07  1.065840E-04  4.462251E-07  1.922883E-04 -8.927058E-03  2.049404E-08  2.049554E-08
  3.720000E+02  2.535465E-07  1.064538E-04 -1.332955E-09  1.925383E-04 -1.397562E-02  2.049443E-08  2.049678E-08
  3.730000E+02 -1.066652E-07  1.063106E-04 -4.177069E-07  1.927761E-04 -8.751323E-03  2.049336E-08  2.049427E-08
  3.740000E+02 -1.517288E-07  1.066174E-04  3.471134E-07  1.922248E-04 -1.005402E-02  2.049347E-08  2.049528E-08
  3.750000E+02  2.288432E-07  1.063872E-04  1.179651E-07  1.926509E-04 -1.379746E-02  2.049364E-08  2.049581E-08
  3.760000E+02 -3.603377E-08  1.063575E-04 -4.269027E-07  1.926844E-04 -7.738977E-03  2.049281E-08  2.049361E-08
  3.770000E+02 -1.846143E-07  1.066249E-04  2.293356E-07  1.922122E-04 -1.111107E-02  2.049334E-08  2.049540E-08
  3.780000E+02  1.882869E-07  1.063193E-04  2.159125E-07  1.927655E-04 -1.287595E-02  2.049299E-08  2.049481E-08
  3.790000E+02  2.331011E-08  1.064168E-04 -4.042495E-07  1.925726E-04 -7.083337E-03  2.049245E-08  2.049324E-08
  3.800000E+02 -2.002776E-07  1.066011E-04  1.203866E-07  1.922554E-04 -1.219045E-02  2.049313E-08  2.049536E-08
  3.810000E+02  1.385118E-07  1.062720E-04  2.836601E-07  1.928412E-04 -1.162969E-02  2.049224E-08  2.049371E-08
  3.820000E+02  7.581791E-08  1.064860E-04 -3.433611E-07  1.924442E-04 -7.086078E-03  2.049210E-08  2.049303E-08
  3.830000E+02 -1.961325E-07  1.065575E-04  4.204663E-09  1.923350E-04 -1.313462E-02  2.049296E-08  2.049531E-08
  3.840000E+02  7.898643E-08  1.062581E-04  3.270990E-07  1.928590E-04 -1.031218E-02  2.049174E-08  2.049290E-08
  3.850000E+02  1.215752E-07  1.065516E-04 -2.665793E-07  1.923274E-04 -7.771005E-03  2.049217E-08  2.049336E-08
  3.860000E+02 -1.794825E-07  1.064869E-04 -1.103931E-07  1.924632E-04 -1.375174E-02  2.049287E-08  2.049520E-08
  3.870000E+02  1.383993E-08  1.062659E-04  3.512591E-07  1.928425E-04 -8.978245E-03  2.049176E-08  2.049266E-08
  3.880000E+02  1.639621E-07  1.065923E-04 -1.605653E-07  1.922587E-04 -8.871303E-03  2.049250E-08  2.049399E-08
  3.890000E+02 -1.436304E-07  1.064089E-04 -2.279024E-07  1.926035E-04 -1.385265E-02  2.049277E-08  2.049498E-08
  3.900000E+02 -5.693853E-08  1.063050E-04  3.416917E-07  1.927733E-04 -8.043917E-03  2.049211E-08  2.049288E-08
  3.910000E+02  1.866307E-07  1.066127E-04 -3.409633E-08  1.922307E-04 -1.030649E-02  2.049314E-08  2.049497E-08
  3.920000E+02 -8.634771E-08  1.063412E-04 -3.110049E-07  1.927258E-04 -1.362304E-02  2.049278E-08  2.049482E-08
  3.930000E+02 -1.189983E-07  1.063628E-04  2.749224E-07  1.926723E-04 -7.730195E-03  2.049255E-08  2.049334E-08
  3.940000E+02  1.748249E-07  1.066055E-04  1.008152E-07  1.922534E-04 -1.171594E-02  2.049387E-08  2.049599E-08
  3.950000E+02 -1.143589E-08  1.062947E-04 -3.427041E-07  1.928106E-04 -1.285940E-02  2.049306E-08  2.049484E-08
  3.960000E+02 -1.654293E-07  1.064321E-04  1.655570E-07  1.925535E-04 -7.480070E-03  2.049330E-08  2.049416E-08
  3.970000E+02  1.402603E-07  1.065854E-04  2.238295E-07  1.922992E-04 -1.275763E-02  2.049462E-08  2.049693E-08
  3.980000E+02  6.448663E-08  1.062726E-04 -3.396461E-07  1.928549E-04 -1.168719E-02  2.049378E-08  2.049526E-08
  3.990000E+02 -1.945757E-07  1.065053E-04  3.073299E-08  1.924318E-04 -7.687919E-03  2.049441E-08  2.049545E-08
  4.000000E+02  8.561438E-08  1.065421E-04  3.304966E-07  1.923852E-04 -1.356991E-02  2.049523E-08  2.049764E-08
  4.010000E+02  1.378940E-07  1.062683E-04 -2.916464E-07  1.928674E-04 -1.044534E-02  2.049457E-08  2.049577E-08
  4.020000E+02 -1.949500E-07  1.065529E-04 -1.082242E-07  1.923560E-04 -8.259230E-03  2.049539E-08  2.049665E-08
  4.030000E+02  1.302917E-08  1.064773E-04  3.828294E-07  1.925059E-04 -1.384462E-02  2.049555E-08  2.049788E-08
  4.040000E+02  1.916704E-07  1.062829E-04 -1.874677E-07  1.928445E-04 -9.295870E-03  2.049519E-08  2.049616E-08
  4.050000E+02 -1.635546E-07  1.065836E-04 -2.437123E-07  1.923072E-04 -9.227219E-03  2.049593E-08  2.049744E-08
  4.060000E+02 -6.848763E-08  1.064093E-04  3.896523E-07  1.926287E-04 -1.384899E-02  2.049552E-08  2.049772E-08
  4.070000E+02  2.294044E-07  1.063212E-04 -5.624985E-08  1.927769E-04 -8.476958E-03  2.049553E-08  2.049639E-08
  4.080000E+02 -1.165181E-07  1.065976E-04 -3.638212E-07  1.922864E-04 -1.053886E-02  2.049613E-08  2.049796E-08
  4.090000E+02 -1.491047E-07  1.063460E-04  3.663071E-07  1.927401E-04 -1.339061E-02  2.049530E-08  2.049730E-08
  4.100000E+02  2.458533E-07  1.063773E-04  9.102059E-08  1.926749E-04 -7.901496E-03  2.049561E-08  2.049645E-08
  4.110000E+02 -4.780921E-08  1.065925E-04 -4.517587E-07  1.922971E-04 -1.171091E-02  2.049602E-08  2.049811E-08
  4.120000E+02 -2.198973E-07  1.063078E-04  2.825279E-07  1.928052E-04 -1.268349E-02  2.049504E-08  2.049682E-08
  4.130000E+02  2.312928E-07  1.064346E-04  2.430804E-07  1.925673E-04 -7.824655E-03  2.049520E-08  2.049614E-08
  4.140000E+02  3.557195E-08  1.065727E-04 -4.932809E-07  1.923316E-04 -1.267490E-02  2.049565E-08  2.049793E-08
  4.150000E+02 -2.739338E-07  1.062923E-04  1.574235E-07  1.928308E-04 -1.177999E-02  2.049500E-08  2.049654E-08
  4.160000E+02  1.919898E-07  1.064987E-04  3.843543E-07  1.924461E-04 -8.199710E-03  2.049456E-08  2.049571E-08
  4.170000E+02  1.242446E-07  1.065337E-04 -4.942511E-07  1.923990E-04 -1.355826E-02  2.049510E-08  2.049752E-08
  4.180000E+02 -3.065850E-07  1.062854E-04  1.029227E-08  1.928431E-04 -1.069377E-02  2.049524E-08  2.049654E-08
  4.190000E+02  1.355754E-07  1.065422E-04  5.023758E-07  1.923660E-04 -8.842733E-03  2.049430E-08  2.049569E-08
  4.200000E+02  2.101633E-07  1.064654E-04 -4.533823E-07  1.925161E-04 -1.381813E-02  2.049436E-08  2.049672E-08
  4.210000E+02 -3.193484E-07  1.063054E-04 -1.490648E-07  1.928005E-04 -9.439980E-03  2.049481E-08  2.049589E-08
  4.220000E+02  5.852078E-08  1.065752E-04  5.921766E-07  1.923032E-04 -9.853689E-03  2.049375E-08  2.049543E-08
  4.230000E+02  2.882054E-07  1.063942E-04 -3.546690E-07  1.926359E-04 -1.367444E-02  2.049342E-08  2.049563E-08
  4.240000E+02 -3.023588E-07  1.063493E-04 -3.249040E-07  1.927077E-04 -8.548823E-03  2.049358E-08  2.049456E-08
  4.250000E+02 -3.653664E-08  1.065840E-04  6.404979E-07  1.922807E-04 -1.118726E-02  2.049276E-08  2.049478E-08
  4.260000E+02  3.472127E-07  1.063227E-04 -2.183218E-07  1.927596E-04 -1.300408E-02  2.049298E-08  2.049492E-08
  4.270000E+02 -2.626056E-07  1.063985E-04 -4.753129E-07  1.926090E-04 -7.925230E-03  2.049267E-08  2.049363E-08
  4.280000E+02 -1.320240E-07  1.065555E-04  6.451215E-07  1.923234E-04 -1.216470E-02  2.049160E-08  2.049380E-08
  4.290000E+02  3.882523E-07  1.062805E-04 -6.448882E-08  1.928313E-04 -1.167694E-02  2.049280E-08  2.049438E-08
  4.300000E+02 -2.079636E-07  1.064601E-04 -6.020718E-07  1.924948E-04 -7.922580E-03  2.049237E-08  2.049347E-08
  4.310000E+02 -2.155438E-07  1.065041E-04  6.093175E-07  1.924130E-04 -1.289715E-02  2.049107E-08  2.049333E-08
  4.320000E+02  4.045679E-07  1.062746E-04  8.222789E-08  1.928392E-04 -1.035325E-02  2.049281E-08  2.049410E-08
  4.330000E+02 -1.433876E-07  1.065130E-04 -6.984046E-07  1.923982E-04 -8.587009E-03  2.049215E-08  2.049350E-08
  4.340000E+02 -2.912094E-07  1.064397E-04  5.450618E-07  1.925301E-04 -1.327090E-02  2.049105E-08  2.049328E-08
  4.350000E+02  4.075577E-07  1.063015E-04  2.321612E-07  1.927904E-04 -9.259765E-03  2.049303E-08  2.049414E-08
  4.360000E+02 -6.945348E-08  1.065452E-04 -7.684560E-07  1.923379E-04 -9.605013E-03  2.049173E-08  2.049336E-08
  4.370000E+02 -3.575786E-07  1.063806E-04  4.531274E-07  1.926403E-04 -1.289529E-02  2.049148E-08  2.049352E-08
  4.380000E+02  3.899321E-07  1.063576E-04  3.771224E-07  1.926899E-04 -8.407077E-03  2.049332E-08  2.049435E-08
  4.390000E+02  1.216308E-08  1.065573E-04 -8.065352E-07  1.923148E-04 -1.076982E-02  2.049135E-08  2.049328E-08
  4.400000E+02 -4.147444E-07  1.063399E-04  3.439098E-07  1.927190E-04 -1.223078E-02  2.049220E-08  2.049403E-08
  4.410000E+02  3.655468E-07  1.064256E-04  5.169990E-07  1.925716E-04 -8.104049E-03  2.049388E-08  2.049498E-08
  4.420000E+02  9.346909E-08  1.065523E-04 -8.304384E-07  1.923280E-04 -1.192212E-02  2.049154E-08  2.049373E-08
  4.430000E+02 -4.606350E-07  1.063286E-04  2.179081E-07  1.927494E-04 -1.146380E-02  2.049343E-08  2.049507E-08
  4.440000E+02  3.231806E-07  1.064889E-04  6.506385E-07  1.924646E-04 -8.429814E-03  2.049461E-08  2.049591E-08
  4.450000E+02  1.851919E-07  1.065175E-04 -8.128402E-07  1.923984E-04 -1.273768E-02  2.049214E-08  2.049445E-08
  4.460000E+02 -4.909569E-07  1.063212E-04  5.738443E-08  1.927714E-04 -1.060735E-02  2.049454E-08  2.049599E-08
  4.470000E+02  2.540355E-07  1.065277E-04  7.756222E-07  1.923987E-04 -8.932669E-03  2.049498E-08  2.049648E-08
  4.480000E+02  2.791414E-07  1.064675E-04 -7.542143E-07  1.924994E-04 -1.313342E-02  2.049316E-08  2.049547E-08
  4.490000E+02 -5.017589E-07  1.063340E-04 -1.192090E-07  1.927565E-04 -9.800010E-03  2.049559E-08  2.049690E-08
  4.500000E+02  1.691478E-07  1.065533E-04  8.652456E-07  1.923554E-04 -9.737486E-03  2.049512E-08  2.049685E-08
  4.510000E+02  3.616592E-07  1.064164E-04 -6.544056E-07  1.926064E-04 -1.300144E-02  2.049476E-08  2.049694E-08
  4.520000E+02 -4.888097E-07  1.063682E-04 -2.968187E-07  1.927034E-04 -8.917041E-03  2.049671E-08  2.049789E-08
  4.530000E+02  7.250360E-08  1.065662E-04  9.230503E-07  1.923341E-04 -1.054538E-02  2.049517E-08  2.049711E-08
  4.540000E+02  4.332975E-07  1.063737E-04 -5.266503E-07  1.926926E-04 -1.238311E-02  2.049586E-08  2.049781E-08
  4.550000E+02 -4.572036E-07  1.064239E-04 -4.715247E-07  1.926075E-04 -8.370704E-03  2.049733E-08  2.049851E-08
  4.560000E+02 -3.431917E-08  1.065609E-04  9.455368E-07  1.923476E-04 -1.155488E-02  2.049537E-08  2.049752E-08
  4.570000E+02  4.875099E-07  1.063470E-04 -3.572819E-07  1.927436E-04 -1.156277E-02  2.049633E-08  2.049806E-08
  4.580000E+02 -3.942514E-07  1.064883E-04 -6.311118E-07  1.924897E-04 -8.358676E-03  2.049718E-08  2.049850E-08
  4.590000E+02 -1.410845E-07  1.065282E-04  9.080339E-07  1.924117E-04 -1.250918E-02  2.049566E-08  2.049796E-08
  4.600000E+02  5.121657E-07  1.063327E-04 -1.724355E-07  1.927670E-04 -1.055475E-02  2.049629E-08  2.049777E-08
  4.610000E+02 -3.150919E-07  1.065361E-04 -7.484321E-07  1.923955E-04 -8.837491E-03  2.049627E-08  2.049779E-08
  4.620000E+02 -2.355319E-07  1.064837E-04  8.360540E-07  1.924952E-04 -1.296720E-02  2.049587E-08  2.049818E-08
  4.630000E+02  5.187500E-07  1.063458E-04  1.739571E-08  1.927401E-04 -9.841786E-03  2.049611E-08  2.049745E-08
  4.640000E+02 -2.244596E-07  1.065580E-04 -8.476129E-07  1.923497E-04 -9.720078E-03  2.049543E-08  2.049718E-08
  4.650000E+02 -3.230784E-07  1.064348E-04  7.369796E-07  1.925823E-04 -1.300170E-02  2.049574E-08  2.049795E-08
  4.660000E+02  5.079781E-07  1.063789E-04  2.024000E-07  1.926734E-04 -9.406073E-03  2.049549E-08  2.049679E-08
  4.670000E+02 -1.263679E-07  1.065625E-04 -9.113296E-07  1.923374E-04 -1.081444E-02  2.049475E-08  2.049674E-08
  4.680000E+02 -3.995446E-07  1.063892E-04  6.031534E-07  1.926582E-04 -1.254543E-02  2.049513E-08  2.049715E-08
  4.690000E+02  4.776155E-07  1.064223E-04  3.863981E-07  1.925824E-04 -8.890314E-03  2.049426E-08  2.049555E-08
  4.700000E+02 -1.947193E-08  1.065496E-04 -9.474240E-07  1.923564E-04 -1.163401E-02  2.049411E-08  2.049626E-08
  4.710000E+02 -4.641399E-07  1.063532E-04  4.443126E-07  1.927135E-04 -1.171984E-02  2.049429E-08  2.049606E-08
  4.720000E+02  4.295266E-07  1.064677E-04  5.614598E-07  1.924901E-04 -8.739796E-03  2.049319E-08  2.049455E-08
  4.730000E+02  8.721632E-08  1.065248E-04 -9.474893E-07  1.924002E-04 -1.237987E-02  2.049382E-08  2.049610E-08
  4.740000E+02 -5.096907E-07  1.063374E-04  2.745829E-07  1.927333E-04 -1.094454E-02  2.049353E-08  2.049512E-08
  4.750000E+02  3.667677E-07  1.065102E-04  7.142283E-07  1.924083E-04 -8.983090E-03  2.049262E-08  2.049414E-08
  4.760000E+02  1.921065E-07  1.064878E-04 -9.118215E-07  1.924649E-04 -1.272187E-02  2.049350E-08  2.049578E-08
  4.770000E+02 -5.380334E-07  1.063371E-04  8.423765E-08  1.927216E-04 -9.905279E-03  2.049245E-08  2.049382E-08
  4.780000E+02  2.849076E-07  1.065373E-04  8.398824E-07  1.923555E-04 -9.314715E-03  2.049214E-08  2.049380E-08
  4.790000E+02  2.896396E-07  1.064347E-04 -8.282603E-07  1.925571E-04 -1.261669E-02  2.049312E-08  2.049527E-08
  4.800000E+02 -5.377065E-07  1.063546E-04 -1.120087E-07  1.926775E-04 -8.989353E-03  2.049131E-08  2.049253E-08
  4.810000E+02  1.881709E-07  1.065522E-04  9.305842E-07  1.923281E-04 -1.000047E-02  2.049195E-08  2.049379E-08
  4.820000E+02  3.822332E-07  1.063899E-04 -7.124360E-07  1.926364E-04 -1.224600E-02  2.049304E-08  2.049502E-08
  4.830000E+02 -5.184385E-07  1.063903E-04 -3.157066E-07  1.926076E-04 -8.496095E-03  2.049084E-08  2.049204E-08
  4.840000E+02  7.769718E-08  1.065550E-04  9.841269E-07  1.923274E-04 -1.087367E-02  2.049223E-08  2.049426E-08
  4.850000E+02  4.553877E-07  1.063553E-04 -5.586100E-07  1.926993E-04 -1.171063E-02  2.049319E-08  2.049499E-08
  4.860000E+02 -4.784128E-07  1.064314E-04 -5.005687E-07  1.925363E-04 -8.372542E-03  2.049120E-08  2.049245E-08
  4.870000E+02 -3.001045E-08  1.065276E-04  1.002650E-06  1.923844E-04 -1.168081E-02  2.049285E-08  2.049500E-08
  4.880000E+02  5.089040E-07  1.063263E-04 -3.963032E-07  1.927501E-04 -1.095489E-02  2.049318E-08  2.049478E-08
  4.890000E+02 -4.264350E-07  1.064767E-04 -6.562731E-07  1.924627E-04 -8.557860E-03  2.049205E-08  2.049343E-08
  4.900000E+02 -1.310473E-07  1.064919E-04  9.847783E-07  1.924596E-04 -1.242902E-02  2.049380E-08  2.049604E-08
  4.910000E+02  5.440814E-07  1.063204E-04 -2.231115E-07  1.927625E-04 -1.030014E-02  2.049350E-08  2.049495E-08
  4.920000E+02 -3.568234E-07  1.065192E-04 -7.983750E-07  1.924006E-04 -9.260251E-03  2.049348E-08  2.049510E-08
  4.930000E+02 -2.390188E-07  1.064458E-04  9.357335E-07  1.925535E-04 -1.297878E-02  2.049479E-08  2.049708E-08
  4.940000E+02  5.671406E-07  1.063379E-04 -1.570737E-08  1.927328E-04 -9.729784E-03  2.049383E-08  2.049519E-08
  4.950000E+02 -2.610603E-07  1.065476E-04 -9.285198E-07  1.923625E-04 -1.010123E-02  2.049471E-08  2.049656E-08
  4.960000E+02 -3.451420E-07  1.064020E-04  8.341245E-07  1.926410E-04 -1.276599E-02  2.049572E-08  2.049787E-08
  4.970000E+02  5.629554E-07  1.063819E-04  2.008142E-07  1.926602E-04 -9.060446E-03  2.049471E-08  2.049601E-08
  4.980000E+02 -1.518408E-07  1.065598E-04 -1.010747E-06  1.923523E-04 -1.095002E-02  2.049580E-08  2.049787E-08
  4.990000E+02 -4.369795E-07  1.063711E-04  6.941846E-07  1.927038E-04 -1.225085E-02  2.049657E-08  2.049855E-08
  5.000000E+02  5.353979E-07  1.064328E-04  4.182412E-07  1.925786E-04 -8.760330E-03  2.049590E-08  2.049723E-08
  5.010000E+02 -2.834798E-08  1.065425E-04 -1.055766E-06  1.923934E-04 -1.174066E-02  2.049667E-08  2.049887E-08
  5.020000E+02 -5.125030E-07  1.063444E-04  5.024750E-07  1.927559E-04 -1.143422E-02  2.049716E-08  2.049891E-08
  5.030000E+02  4.684683E-07  1.064744E-04  6.272737E-07  1.925140E-04 -8.771902E-03  2.049702E-08  2.049844E-08
  5.040000E+02  1.084090E-07  1.065014E-04 -1.038760E-06  1.924740E-04 -1.226902E-02  2.049721E-08  2.049943E-08
  5.050000E+02 -5.638887E-07  1.063380E-04  2.688034E-07  1.927672E-04 -1.061514E-02  2.049733E-08  2.049888E-08
  5.060000E+02  3.789357E-07  1.065083E-04  8.115167E-07  1.924590E-04 -9.303609E-03  2.049760E-08  2.049919E-08
  5.070000E+02  2.380613E-07  1.064518E-04 -9.726023E-07  1.925666E-04 -1.257596E-02  2.049744E-08  2.049964E-08
  5.080000E+02 -5.840989E-07  1.063580E-04  2.934984E-08  1.927302E-04 -9.979087E-03  2.049738E-08  2.049883E-08
  5.090000E+02  2.713854E-07  1.065235E-04  9.471812E-07  1.924307E-04 -1.013556E-02  2.049735E-08  2.049914E-08
  5.100000E+02  3.545109E-07  1.064064E-04 -8.515935E-07  1.926451E-04 -1.237349E-02  2.049710E-08  2.049917E-08
  5.110000E+02 -5.738105E-07  1.063969E-04 -2.204765E-07  1.926578E-04 -9.474233E-03  2.049727E-08  2.049867E-08
  5.120000E+02  1.425979E-07  1.065249E-04  1.035150E-06  1.924239E-04 -1.106299E-02  2.049669E-08  2.049869E-08
  5.130000E+02  4.536269E-07  1.063776E-04 -6.770327E-07  1.926925E-04 -1.189810E-02  2.049672E-08  2.049863E-08
  5.140000E+02 -5.287921E-07  1.064432E-04 -4.620039E-07  1.925697E-04 -9.358123E-03  2.049684E-08  2.049830E-08
  5.150000E+02  5.125907E-09  1.065114E-04  1.062506E-06  1.924427E-04 -1.182282E-02  2.049591E-08  2.049806E-08
  5.160000E+02  5.261046E-07  1.063737E-04 -4.651885E-07  1.926943E-04 -1.136533E-02  2.049627E-08  2.049804E-08
  5.170000E+02 -4.575578E-07  1.064814E-04 -6.690773E-07  1.924964E-04 -9.694992E-03  2.049633E-08  2.049794E-08
  5.180000E+02 -1.275466E-07  1.064760E-04  1.034357E-06  1.924984E-04 -1.230446E-02  2.049490E-08  2.049709E-08
  5.190000E+02  5.677445E-07  1.063674E-04 -2.368209E-07  1.926969E-04 -1.066709E-02  2.049549E-08  2.049710E-08
  5.200000E+02 -3.691578E-07  1.064995E-04 -8.320978E-07  1.924568E-04 -1.003495E-02  2.049552E-08  2.049724E-08
  5.210000E+02 -2.464642E-07  1.064345E-04  9.591071E-07  1.925632E-04 -1.228784E-02  2.049383E-08  2.049593E-08
  5.220000E+02  5.810404E-07  1.063835E-04  5.413925E-10  1.926578E-04 -1.003150E-02  2.049457E-08  2.049607E-08
  5.230000E+02 -2.570356E-07  1.065104E-04 -9.607946E-07  1.924276E-04 -1.065166E-02  2.049437E-08  2.049626E-08
  5.240000E+02 -3.604627E-07  1.063982E-04  8.288750E-07  1.926217E-04 -1.214055E-02  2.049310E-08  2.049511E-08
  5.250000E+02  5.661528E-07  1.064073E-04  2.414986E-07  1.926066E-04 -9.673606E-03  2.049380E-08  2.049527E-08
  5.260000E+02 -1.350153E-07  1.065014E-04 -1.034786E-06  1.924330E-04 -1.133424E-02  2.049307E-08  2.049510E-08
  5.270000E+02 -4.490818E-07  1.063553E-04  6.596678E-07  1.926929E-04 -1.156447E-02  2.049254E-08  2.049434E-08
  5.280000E+02  5.247704E-07  1.064320E-04  4.632340E-07  1.925570E-04 -9.211911E-03  2.049336E-08  2.049479E-08
  5.290000E+02 -1.071156E-08  1.064831E-04 -1.059860E-06  1.924543E-04 -1.175775E-02  2.049172E-08  2.049381E-08
  5.300000E+02 -5.120592E-07  1.063307E-04  4.707030E-07  1.927318E-04 -1.083845E-02  2.049210E-08  2.049370E-08
  5.310000E+02  4.598172E-07  1.064638E-04  6.392416E-07  1.924995E-04 -9.112682E-03  2.049338E-08  2.049485E-08
  5.320000E+02  1.009270E-07  1.064562E-04 -1.026066E-06  1.924992E-04 -1.214031E-02  2.049122E-08  2.049334E-08
  5.330000E+02 -5.500033E-07  1.063270E-04  2.815402E-07  1.927382E-04 -1.021583E-02  2.049220E-08  2.049366E-08
  5.340000E+02  3.871183E-07  1.064940E-04  7.826676E-07  1.924473E-04 -9.440024E-03  2.049357E-08  2.049517E-08
  5.350000E+02  2.018587E-07  1.064245E-04 -9.702625E-07  1.925607E-04 -1.239617E-02  2.049160E-08  2.049371E-08
  5.360000E+02 -5.658278E-07  1.063393E-04  8.786131E-08  1.927215E-04 -9.493635E-03  2.049295E-08  2.049427E-08
  5.370000E+02  3.010126E-07  1.065256E-04  8.887204E-07  1.923913E-04 -9.911372E-03  2.049359E-08  2.049536E-08
  5.380000E+02  2.942758E-07  1.063907E-04 -8.706587E-07  1.926259E-04 -1.230008E-02  2.049206E-08  2.049407E-08
  5.390000E+02 -5.551100E-07  1.063744E-04 -1.055021E-07  1.926674E-04 -8.831509E-03  2.049408E-08  2.049531E-08
  5.400000E+02  2.032620E-07  1.065484E-04  9.515365E-07  1.923542E-04 -1.068222E-02  2.049387E-08  2.049584E-08
  5.410000E+02  3.669325E-07  1.063622E-04 -7.380899E-07  1.926836E-04 -1.209548E-02  2.049276E-08  2.049467E-08
  5.420000E+02 -5.231388E-07  1.064281E-04 -2.793038E-07  1.925826E-04 -8.454763E-03  2.049548E-08  2.049671E-08
  5.430000E+02  1.029666E-07  1.065619E-04  9.723683E-07  1.923385E-04 -1.171601E-02  2.049456E-08  2.049678E-08
  5.440000E+02  4.258666E-07  1.063372E-04 -5.816921E-07  1.927377E-04 -1.170537E-02  2.049379E-08  2.049555E-08
  5.450000E+02 -4.741713E-07  1.064807E-04 -4.490865E-07  1.924987E-04 -8.419269E-03  2.049667E-08  2.049799E-08
  5.460000E+02 -4.155074E-09  1.065370E-04  9.670078E-07  1.923936E-04 -1.257060E-02  2.049542E-08  2.049777E-08
  5.470000E+02  4.718201E-07  1.063142E-04 -4.048278E-07  1.927926E-04 -1.093479E-02  2.049537E-08  2.049692E-08
  5.480000E+02 -4.066371E-07  1.065261E-04 -6.026278E-07  1.924256E-04 -8.687884E-03  2.049758E-08  2.049903E-08
  5.490000E+02 -1.096487E-07  1.064952E-04  9.133854E-07  1.924788E-04 -1.320908E-02  2.049627E-08  2.049866E-08
  5.500000E+02  4.903997E-07  1.063114E-04 -2.068718E-07  1.928107E-04 -9.998077E-03  2.049696E-08  2.049828E-08
  5.510000E+02 -3.153794E-07  1.065708E-04 -7.172552E-07  1.923507E-04 -9.259075E-03  2.049809E-08  2.049975E-08
  5.520000E+02 -2.093700E-07  1.064371E-04  8.130333E-07  1.925892E-04 -1.332374E-02  2.049682E-08  2.049910E-08
  5.530000E+02  4.834899E-07  1.063404E-04  1.634746E-09  1.927660E-04 -8.784680E-03  2.049802E-08  2.049912E-08
  5.540000E+02 -2.132767E-07  1.066035E-04 -7.916055E-07  1.922941E-04 -1.016162E-02  2.049817E-08  2.050009E-08
  5.550000E+02 -2.915465E-07  1.063779E-04  6.756629E-07  1.926976E-04 -1.299604E-02  2.049703E-08  2.049910E-08
  5.560000E+02  4.497380E-07  1.063994E-04  1.979825E-07  1.926589E-04 -7.943380E-03  2.049815E-08  2.049916E-08
  5.570000E+02 -9.963448E-08  1.066102E-04 -8.155815E-07  1.922833E-04 -1.143073E-02  2.049802E-08  2.050022E-08
  5.580000E+02 -3.498359E-07  1.063311E-04  4.964439E-07  1.927821E-04 -1.221039E-02  2.049719E-08  2.049898E-08
  5.590000E+02  3.860020E-07  1.064704E-04  3.674377E-07  1.925271E-04 -7.781388E-03  2.049782E-08  2.049892E-08
  5.600000E+02  1.065967E-08  1.065756E-04 -7.779937E-07  1.923474E-04 -1.258272E-02  2.049792E-08  2.050026E-08
  5.610000E+02 -3.757272E-07  1.063037E-04  3.040855E-07  1.928289E-04 -1.105247E-02  2.049718E-08  2.049864E-08
  5.620000E+02  3.057560E-07  1.065418E-04  4.889783E-07  1.923929E-04 -8.251871E-03  2.049719E-08  2.049851E-08
  5.630000E+02  1.047487E-07  1.065117E-04 -7.004468E-07  1.924618E-04 -1.345365E-02  2.049758E-08  2.049997E-08
  5.640000E+02 -3.792671E-07  1.063086E-04  1.192960E-07  1.928116E-04 -9.840272E-03  2.049654E-08  2.049773E-08
  5.650000E+02  2.208643E-07  1.065889E-04  5.704531E-07  1.923015E-04 -9.383896E-03  2.049631E-08  2.049796E-08
  5.660000E+02  1.782114E-07  1.064398E-04 -5.950920E-07  1.925872E-04 -1.373841E-02  2.049701E-08  2.049931E-08
  5.670000E+02 -3.580121E-07  1.063445E-04 -4.939927E-08  1.927343E-04 -8.956215E-03  2.049541E-08  2.049645E-08
  5.680000E+02  1.283876E-07  1.066050E-04  6.081432E-07  1.922633E-04 -1.058579E-02  2.049507E-08  2.049701E-08
  5.690000E+02  2.349793E-07  1.063764E-04 -4.636145E-07  1.926900E-04 -1.316200E-02  2.049590E-08  2.049792E-08
  5.700000E+02 -3.209676E-07  1.063986E-04 -1.964559E-07  1.926202E-04 -8.244015E-03  2.049382E-08  2.049481E-08
  5.710000E+02  4.210473E-08  1.065873E-04  6.127625E-07  1.922869E-04 -1.170357E-02  2.049394E-08  2.049607E-08
  5.720000E+02  2.737097E-07  1.063308E-04 -3.310515E-07  1.927585E-04 -1.214862E-02  2.049465E-08  2.049635E-08
  5.730000E+02 -2.737836E-07  1.064602E-04 -3.122480E-07  1.924972E-04 -8.208426E-03  2.049260E-08  2.049370E-08
  5.740000E+02 -3.138192E-08  1.065508E-04  5.809442E-07  1.923499E-04 -1.261784E-02  2.049342E-08  2.049566E-08
  5.750000E+02  2.896515E-07  1.063141E-04 -1.991178E-07  1.927759E-04 -1.109133E-02  2.049355E-08  2.049497E-08
  5.760000E+02 -2.191387E-07  1.065129E-04 -3.954698E-07  1.923933E-04 -8.509816E-03  2.049163E-08  2.049290E-08
  5.770000E+02 -9.540174E-08  1.064989E-04  5.300007E-07  1.924425E-04 -1.293754E-02  2.049321E-08  2.049540E-08
  5.780000E+02  2.897028E-07  1.063114E-04 -6.961965E-08  1.927679E-04 -9.817241E-03  2.049244E-08  2.049358E-08
  5.790000E+02 -1.532286E-07  1.065474E-04 -4.515013E-07  1.923253E-04 -8.993346E-03  2.049093E-08  2.049237E-08
  5.800000E+02 -1.482200E-07  1.064432E-04  4.464042E-07  1.925429E-04 -1.293546E-02  2.049316E-08  2.049522E-08
  5.810000E+02  2.743247E-07  1.063300E-04  5.452691E-08  1.927265E-04 -8.830788E-03  2.049180E-08  2.049276E-08
  5.820000E+02 -8.657751E-08  1.065685E-04 -4.820421E-07  1.922888E-04 -9.754883E-03  2.049095E-08  2.049259E-08
  5.830000E+02 -1.935134E-07  1.063976E-04  3.476546E-07  1.926269E-04 -1.266409E-02  2.049340E-08  2.049530E-08
  5.840000E+02  2.433226E-07  1.063676E-04  1.755268E-07  1.926549E-04 -8.286914E-03  2.049153E-08  2.049245E-08
  5.850000E+02 -1.677755E-08  1.065762E-04 -4.762515E-07  1.922831E-04 -1.070760E-02  2.049163E-08  2.049348E-08
  5.860000E+02 -2.177843E-07  1.063495E-04  2.390408E-07  1.927174E-04 -1.220697E-02  2.049387E-08  2.049558E-08
  5.870000E+02  1.993208E-07  1.064094E-04  2.573086E-07  1.925813E-04 -7.928056E-03  2.049182E-08  2.049274E-08
  5.880000E+02  3.900877E-08  1.065599E-04 -4.349699E-07  1.923254E-04 -1.170651E-02  2.049277E-08  2.049478E-08
  5.890000E+02 -2.198185E-07  1.063105E-04  1.290410E-07  1.927903E-04 -1.148681E-02  2.049427E-08  2.049574E-08
  5.900000E+02  1.462976E-07  1.064639E-04  3.049901E-07  1.924911E-04 -8.028784E-03  2.049269E-08  2.049372E-08
  5.910000E+02  8.054885E-08  1.065293E-04 -3.732964E-07  1.923959E-04 -1.272974E-02  2.049415E-08  2.049631E-08
  5.920000E+02 -2.092582E-07  1.062899E-04  3.827857E-08  1.928312E-04 -1.075191E-02  2.049482E-08  2.049609E-08
  5.930000E+02  9.997069E-08  1.065230E-04  3.306933E-07  1.923982E-04 -8.679960E-03  2.049406E-08  2.049532E-08
  5.940000E+02  1.155319E-07  1.064796E-04 -3.135029E-07  1.925007E-04 -1.350025E-02  2.049553E-08  2.049777E-08
  5.950000E+02 -1.950040E-07  1.062980E-04 -5.076522E-08  1.928207E-04 -9.756327E-03  2.049548E-08  2.049655E-08
  5.960000E+02  4.976186E-08  1.065756E-04  3.440509E-07  1.923182E-04 -9.412521E-03  2.049553E-08  2.049705E-08
  5.970000E+02  1.415717E-07  1.064266E-04 -2.320940E-07  1.926090E-04 -1.356822E-02  2.049684E-08  2.049898E-08
  5.980000E+02 -1.621361E-07  1.063379E-04 -1.298872E-07  1.927561E-04 -8.724332E-03  2.049651E-08  2.049741E-08
  5.990000E+02 -3.112973E-09  1.066089E-04  3.321535E-07  1.922710E-04 -1.050985E-02  2.049667E-08  2.049851E-08
  6.000000E+02  1.605781E-07  1.063682E-04 -1.464638E-07  1.927238E-04 -1.317141E-02  2.049790E-08  2.049983E-08
  6.010000E+02 -1.294757E-07  1.063970E-04 -2.072283E-07  1.926593E-04 -7.965600E-03  2.049773E-08  2.049858E-08
  6.020000E+02 -5.621722E-08  1.065983E-04  3.123679E-07  1.922987E-04 -1.172357E-02  2.049731E-08  2.049938E-08
  6.030000E+02  1.760543E-07  1.063110E-04 -4.319748E-08  1.928297E-04 -1.219420E-02  2.049839E-08  2.050000E-08
  6.040000E+02 -8.645033E-08  1.064633E-04 -2.838105E-07  1.925477E-04 -7.720913E-03  2.049865E-08  2.049958E-08
  6.050000E+02 -1.115337E-07  1.065561E-04  2.748095E-07  1.923820E-04 -1.285865E-02  2.049779E-08  2.050003E-08
  6.060000E+02  1.766985E-07  1.062807E-04  6.409234E-08  1.928832E-04 -1.100946E-02  2.049853E-08  2.049984E-08
  6.070000E+02 -3.432759E-08  1.065305E-04 -3.306181E-07  1.924287E-04 -8.266359E-03  2.049882E-08  2.049999E-08
  6.080000E+02 -1.531767E-07  1.064909E-04  2.048234E-07  1.925022E-04 -1.369582E-02  2.049781E-08  2.050011E-08
  6.090000E+02  1.587087E-07  1.062860E-04  1.639672E-07  1.928708E-04 -9.687628E-03  2.049850E-08  2.049953E-08
  6.100000E+02  2.266787E-08  1.065822E-04 -3.508467E-07  1.923324E-04 -9.259139E-03  2.049832E-08  2.049981E-08
  6.110000E+02 -1.868168E-07  1.064192E-04  1.201175E-07  1.926284E-04 -1.381085E-02  2.049740E-08  2.049959E-08
  6.120000E+02  1.325189E-07  1.063324E-04  2.632940E-07  1.927821E-04 -8.671212E-03  2.049820E-08  2.049909E-08
  6.130000E+02  8.428105E-08  1.066019E-04 -3.500915E-07  1.922886E-04 -1.064244E-02  2.049717E-08  2.049901E-08
  6.140000E+02 -2.081929E-07  1.063583E-04  1.647447E-08  1.927293E-04 -1.329252E-02  2.049654E-08  2.049851E-08
  6.150000E+02  8.809446E-08  1.064015E-04  3.435981E-07  1.926495E-04 -8.150677E-03  2.049753E-08  2.049843E-08
  6.160000E+02  1.411241E-07  1.065957E-04 -3.071085E-07  1.922891E-04 -1.205002E-02  2.049570E-08  2.049786E-08
  6.170000E+02 -2.080845E-07  1.063162E-04 -9.488188E-08  1.927951E-04 -1.246589E-02  2.049565E-08  2.049735E-08
  6.180000E+02  3.156715E-08  1.064623E-04  3.970975E-07  1.925313E-04 -8.181540E-03  2.049664E-08  2.049767E-08
  6.190000E+02  1.862894E-07  1.065460E-04 -2.323290E-07  1.923664E-04 -1.301183E-02  2.049413E-08  2.049642E-08
  6.200000E+02 -1.903474E-07  1.062899E-04 -1.986243E-07  1.928309E-04 -1.118853E-02  2.049470E-08  2.049607E-08
  6.210000E+02 -2.510244E-08  1.065166E-04  4.143361E-07  1.924211E-04 -8.555183E-03  2.049529E-08  2.049652E-08
  6.220000E+02  2.177777E-07  1.064869E-04 -1.476625E-07  1.924615E-04 -1.350250E-02  2.049276E-08  2.049504E-08
  6.230000E+02 -1.636688E-07  1.062971E-04 -2.957656E-07  1.928070E-04 -1.008956E-02  2.049379E-08  2.049494E-08
  6.240000E+02 -8.251076E-08  1.065510E-04  4.152993E-07  1.923439E-04 -9.386735E-03  2.049353E-08  2.049501E-08
  6.250000E+02  2.404573E-07  1.064307E-04 -5.074006E-08  1.925540E-04 -1.359848E-02  2.049177E-08  2.049397E-08
  6.260000E+02 -1.249891E-07  1.063134E-04 -3.776352E-07  1.927709E-04 -9.314925E-03  2.049323E-08  2.049425E-08
  6.270000E+02 -1.365269E-07  1.065533E-04  3.855176E-07  1.923270E-04 -1.006358E-02  2.049203E-08  2.049367E-08
  6.280000E+02  2.500770E-07  1.063787E-04  4.460123E-08  1.926434E-04 -1.307604E-02  2.049139E-08  2.049337E-08
  6.290000E+02 -8.494833E-08  1.063450E-04 -4.363292E-07  1.927124E-04 -8.578940E-03  2.049324E-08  2.049416E-08
  6.300000E+02 -1.808659E-07  1.065494E-04  3.385552E-07  1.923305E-04 -1.072953E-02  2.049153E-08  2.049330E-08
  6.310000E+02  2.410138E-07  1.063405E-04  1.413282E-07  1.927124E-04 -1.247954E-02  2.049155E-08  2.049331E-08
  6.320000E+02 -3.607808E-08  1.063815E-04 -4.633266E-07  1.926458E-04 -8.260542E-03  2.049325E-08  2.049418E-08
  6.330000E+02 -2.102831E-07  1.065397E-04  2.720892E-07  1.923492E-04 -1.138406E-02  2.049151E-08  2.049341E-08
  6.340000E+02  2.206459E-07  1.063147E-04  2.172156E-07  1.927609E-04 -1.199250E-02  2.049183E-08  2.049345E-08
  6.350000E+02  9.687733E-09  1.064187E-04 -4.630853E-07  1.925755E-04 -8.192799E-03  2.049295E-08  2.049392E-08
  6.360000E+02 -2.300940E-07  1.065276E-04  1.935747E-07  1.923741E-04 -1.194255E-02  2.049169E-08  2.049369E-08
  6.370000E+02  1.935253E-07  1.062996E-04  2.897916E-07  1.927948E-04 -1.124877E-02  2.049272E-08  2.049414E-08
  6.380000E+02  6.092893E-08  1.064670E-04 -4.526394E-07  1.924905E-04 -8.170430E-03  2.049320E-08  2.049427E-08
  6.390000E+02 -2.453047E-07  1.065135E-04  9.754661E-08  1.924083E-04 -1.249239E-02  2.049248E-08  2.049456E-08
  6.400000E+02  1.524592E-07  1.062992E-04  3.610260E-07  1.928075E-04 -1.050043E-02  2.049416E-08  2.049541E-08
  6.410000E+02  1.193673E-07  1.065228E-04 -4.106240E-07  1.923998E-04 -8.471642E-03  2.049423E-08  2.049547E-08
  6.420000E+02 -2.472265E-07  1.064940E-04 -1.624678E-08  1.924567E-04 -1.314548E-02  2.049372E-08  2.049592E-08
  6.430000E+02  1.000339E-07  1.063146E-04  4.197910E-07  1.927930E-04 -9.740965E-03  2.049573E-08  2.049683E-08
  6.440000E+02  1.696715E-07  1.065784E-04 -3.504655E-07  1.923148E-04 -9.185537E-03  2.049574E-08  2.049726E-08
  6.450000E+02 -2.420809E-07  1.064472E-04 -1.247694E-07  1.925545E-04 -1.360849E-02  2.049499E-08  2.049721E-08
  6.460000E+02  4.317308E-08  1.063303E-04  4.586661E-07  1.927740E-04 -8.846852E-03  2.049692E-08  2.049787E-08
  6.470000E+02  2.109548E-07  1.066107E-04 -2.754380E-07  1.922714E-04 -1.009003E-02  2.049714E-08  2.049892E-08
  6.480000E+02 -2.281992E-07  1.063818E-04 -2.289411E-07  1.926856E-04 -1.360611E-02  2.049635E-08  2.049846E-08
  6.490000E+02 -2.105393E-08  1.063711E-04  4.853226E-07  1.927056E-04 -8.021266E-03  2.049764E-08  2.049850E-08
  6.500000E+02  2.511631E-07  1.066221E-04 -1.761007E-07  1.922624E-04 -1.134047E-02  2.049811E-08  2.050019E-08
  6.510000E+02 -1.995028E-07  1.063173E-04 -3.449952E-07  1.928117E-04 -1.292115E-02  2.049752E-08  2.049937E-08
  6.520000E+02 -9.115101E-08  1.064365E-04  4.889977E-07  1.925911E-04 -7.346927E-03  2.049816E-08  2.049903E-08
  6.530000E+02  2.849395E-07  1.066079E-04 -6.482610E-08  1.922957E-04 -1.249627E-02  2.049865E-08  2.050097E-08
  6.540000E+02 -1.573996E-07  1.062755E-04 -4.503573E-07  1.928903E-04 -1.163996E-02  2.049813E-08  2.049963E-08
  6.550000E+02 -1.604563E-07  1.065205E-04  4.632860E-07  1.924442E-04 -7.318001E-03  2.049871E-08  2.049975E-08
  6.560000E+02  3.049230E-07  1.065613E-04  6.417766E-08  1.923849E-04 -1.356341E-02  2.049889E-08  2.050138E-08
  6.570000E+02 -9.628904E-08  1.062722E-04 -5.431134E-07  1.928926E-04 -1.015587E-02  2.049807E-08  2.049925E-08
  6.580000E+02 -2.343370E-07  1.065988E-04  3.975108E-07  1.923081E-04 -8.129513E-03  2.049915E-08  2.050054E-08
  6.590000E+02  3.057635E-07  1.064833E-04  2.179577E-07  1.925244E-04 -1.417431E-02  2.049858E-08  2.050106E-08
  6.600000E+02 -1.881204E-08  1.062972E-04 -6.083140E-07  1.928382E-04 -8.703582E-03  2.049737E-08  2.049830E-08
  6.610000E+02 -2.970932E-07  1.066448E-04  2.946294E-07  1.922285E-04 -9.460230E-03  2.049926E-08  2.050105E-08
  6.620000E+02  2.810181E-07  1.064010E-04  3.639954E-07  1.926666E-04 -1.406794E-02  2.049788E-08  2.050019E-08
  6.630000E+02  6.455455E-08  1.063528E-04 -6.285692E-07  1.927258E-04 -7.809937E-03  2.049629E-08  2.049715E-08
  6.640000E+02 -3.431645E-07  1.066505E-04  1.660998E-07  1.922174E-04 -1.108232E-02  2.049884E-08  2.050100E-08
  6.650000E+02  2.345290E-07  1.063281E-04  4.938562E-07  1.927857E-04 -1.340878E-02  2.049669E-08  2.049873E-08
  6.660000E+02  1.501976E-07  1.064255E-04 -6.050659E-07  1.925841E-04 -7.534839E-03  2.049529E-08  2.049622E-08
  6.670000E+02 -3.710427E-07  1.066227E-04  1.155745E-08  1.922621E-04 -1.266595E-02  2.049785E-08  2.050032E-08
  6.680000E+02  1.692731E-07  1.062808E-04  6.089492E-07  1.928534E-04 -1.217550E-02  2.049510E-08  2.049678E-08
  6.690000E+02  2.329015E-07  1.064997E-04 -5.432553E-07  1.924425E-04 -7.530606E-03  2.049449E-08  2.049559E-08
  6.700000E+02 -3.743989E-07  1.065687E-04 -1.477346E-07  1.923486E-04 -1.358615E-02  2.049645E-08  2.049903E-08
  6.710000E+02  8.948942E-08  1.062628E-04  6.767147E-07  1.928662E-04 -1.072796E-02  2.049331E-08  2.049466E-08
  6.720000E+02  2.966187E-07  1.065600E-04 -4.350506E-07  1.923280E-04 -8.066006E-03  2.049380E-08  2.049516E-08
  6.730000E+02 -3.501573E-07  1.065040E-04 -2.929020E-07  1.924531E-04 -1.411668E-02  2.049499E-08  2.049756E-08
  6.740000E+02  1.967352E-09  1.062743E-04  6.993974E-07  1.928282E-04 -9.534761E-03  2.049176E-08  2.049287E-08
  6.750000E+02  3.434300E-07  1.066045E-04 -2.990738E-07  1.922429E-04 -8.984907E-03  2.049313E-08  2.049478E-08
  6.760000E+02 -3.025020E-07  1.064358E-04 -4.225259E-07  1.925642E-04 -1.408335E-02  2.049369E-08  2.049611E-08
  6.770000E+02 -8.131389E-08  1.063039E-04  6.757459E-07  1.927624E-04 -8.319391E-03  2.049068E-08  2.049160E-08
  6.780000E+02  3.712649E-07  1.066225E-04 -1.486613E-07  1.922076E-04 -9.871390E-03  2.049265E-08  2.049453E-08
  6.790000E+02 -2.371946E-07  1.063648E-04 -5.362415E-07  1.926817E-04 -1.351172E-02  2.049268E-08  2.049482E-08
  6.800000E+02 -1.644728E-07  1.063512E-04  6.134935E-07  1.926719E-04 -7.417922E-03  2.049033E-08  2.049116E-08
  6.810000E+02  3.804733E-07  1.066234E-04  5.698888E-09  1.922093E-04 -1.099276E-02  2.049277E-08  2.049489E-08
  6.820000E+02 -1.632309E-07  1.063059E-04 -6.195152E-07  1.927807E-04 -1.268537E-02  2.049208E-08  2.049392E-08
  6.830000E+02 -2.368401E-07  1.064168E-04  5.280469E-07  1.925556E-04 -6.957694E-03  2.049066E-08  2.049152E-08
  6.840000E+02  3.724800E-07  1.066084E-04  1.586541E-07  1.922428E-04 -1.222565E-02  2.049315E-08  2.049552E-08
  6.850000E+02 -8.115568E-08  1.062640E-04 -6.671514E-07  1.928530E-04 -1.168650E-02  2.049194E-08  2.049350E-08
  6.860000E+02 -2.965877E-07  1.064857E-04  4.035090E-07  1.924388E-04 -7.013298E-03  2.049149E-08  2.049249E-08
  6.870000E+02  3.307246E-07  1.065577E-04  3.086766E-07  1.923424E-04 -1.329881E-02  2.049375E-08  2.049623E-08
  6.880000E+02  1.321403E-08  1.062395E-04 -6.650439E-07  1.928998E-04 -1.040812E-02  2.049247E-08  2.049372E-08
  6.890000E+02 -3.405901E-07  1.065527E-04  2.465287E-07  1.923310E-04 -7.617863E-03  2.049279E-08  2.049405E-08
  6.900000E+02  2.674830E-07  1.064906E-04  4.454876E-07  1.924736E-04 -1.411282E-02  2.049459E-08  2.049711E-08
  6.910000E+02  1.076322E-07  1.062508E-04 -6.124453E-07  1.928868E-04 -9.187920E-03  2.049352E-08  2.049452E-08
  6.920000E+02 -3.500519E-07  1.066092E-04  7.184972E-08  1.922441E-04 -8.905673E-03  2.049417E-08  2.049579E-08
  6.930000E+02  1.879695E-07  1.064108E-04  5.278712E-07  1.926281E-04 -1.455151E-02  2.049553E-08  2.049800E-08
  6.940000E+02  1.824127E-07  1.062967E-04 -5.230230E-07  1.928144E-04 -8.142875E-03  2.049485E-08  2.049569E-08
  6.950000E+02 -3.387065E-07  1.066429E-04 -8.091494E-08  1.922004E-04 -1.042872E-02  2.049570E-08  2.049771E-08
  6.960000E+02  1.069894E-07  1.063368E-04  5.767388E-07  1.927733E-04 -1.399428E-02  2.049689E-08  2.049909E-08
  6.970000E+02  2.447650E-07  1.063765E-04 -4.083431E-07  1.926823E-04 -7.213027E-03  2.049633E-08  2.049711E-08
  6.980000E+02 -3.094161E-07  1.066465E-04 -2.303212E-07  1.922101E-04 -1.198427E-02  2.049705E-08  2.049942E-08
  6.990000E+02  2.363042E-08  1.062828E-04  5.948926E-07  1.928822E-04 -1.284070E-02  2.049837E-08  2.050019E-08
  7.000000E+02  2.872751E-07  1.064684E-04 -2.852210E-07  1.925255E-04 -6.955955E-03  2.049739E-08  2.049829E-08
  7.010000E+02 -2.696060E-07  1.066044E-04 -3.404524E-07  1.922972E-04 -1.340207E-02  2.049788E-08  2.050046E-08
  7.020000E+02 -4.820829E-08  1.062456E-04  5.844169E-07  1.929556E-04 -1.123759E-02  2.049939E-08  2.050080E-08
  7.030000E+02  3.115592E-07  1.065451E-04 -1.720747E-07  1.923925E-04 -7.294800E-03  2.049794E-08  2.049907E-08
  7.040000E+02 -2.268454E-07  1.065280E-04 -4.216628E-07  1.924422E-04 -1.428833E-02  2.049838E-08  2.050100E-08
  7.050000E+02 -1.096885E-07  1.062476E-04  5.494822E-07  1.929527E-04 -9.644309E-03  2.049980E-08  2.050086E-08
  7.060000E+02  3.181133E-07  1.066033E-04 -5.532499E-08  1.922911E-04 -8.448578E-03  2.049815E-08  2.049962E-08
  7.070000E+02 -1.734596E-07  1.064384E-04 -4.850616E-07  1.926072E-04 -1.458543E-02  2.049863E-08  2.050113E-08
  7.080000E+02 -1.666761E-07  1.062909E-04  4.904214E-07  1.928695E-04 -8.436755E-03  2.049954E-08  2.050040E-08
  7.090000E+02  3.147175E-07  1.066288E-04  5.786350E-08  1.922457E-04 -9.972566E-03  2.049791E-08  2.049974E-08
  7.100000E+02 -1.149069E-07  1.063605E-04 -5.318198E-07  1.927495E-04 -1.405578E-02  2.049891E-08  2.050114E-08
  7.110000E+02 -2.119814E-07  1.063594E-04  4.191179E-07  1.927377E-04 -7.652327E-03  2.049887E-08  2.049967E-08
  7.120000E+02  3.029874E-07  1.066276E-04  1.561611E-07  1.922452E-04 -1.156748E-02  2.049727E-08  2.049946E-08
  7.130000E+02 -6.008273E-08  1.063062E-04 -5.596817E-07  1.928476E-04 -1.308879E-02  2.049915E-08  2.050104E-08
  7.140000E+02 -2.492230E-07  1.064364E-04  3.416014E-07  1.925876E-04 -7.440476E-03  2.049777E-08  2.049866E-08
  7.150000E+02  2.806001E-07  1.066012E-04  2.526337E-07  1.922854E-04 -1.291105E-02  2.049613E-08  2.049858E-08
  7.160000E+02 -1.643858E-09  1.062856E-04 -5.681808E-07  1.928791E-04 -1.199569E-02  2.049879E-08  2.050039E-08
  7.170000E+02 -2.773916E-07  1.065035E-04  2.464054E-07  1.924528E-04 -7.879835E-03  2.049627E-08  2.049738E-08
  7.180000E+02  2.494945E-07  1.065437E-04  3.367130E-07  1.923795E-04 -1.378103E-02  2.049488E-08  2.049740E-08
  7.190000E+02  5.574924E-08  1.062724E-04 -5.547876E-07  1.928875E-04 -1.076299E-02  2.049743E-08  2.049873E-08
  7.200000E+02 -2.904472E-07  1.065452E-04  1.456387E-07  1.923615E-04 -8.458689E-03  2.049447E-08  2.049579E-08
  7.210000E+02  2.056854E-07  1.064790E-04  3.995704E-07  1.924886E-04 -1.399532E-02  2.049399E-08  2.049642E-08
  7.220000E+02  1.040507E-07  1.062869E-04 -5.122349E-07  1.928414E-04 -9.640842E-03  2.049556E-08  2.049664E-08
  7.230000E+02 -2.927452E-07  1.065768E-04  5.522542E-08  1.922904E-04 -9.384752E-03  2.049279E-08  2.049438E-08
  7.240000E+02  1.615754E-07  1.064187E-04  4.443733E-07  1.925946E-04 -1.398323E-02  2.049367E-08  2.049597E-08
  7.250000E+02  1.422311E-07  1.063152E-04 -4.571054E-07  1.927725E-04 -8.856398E-03  2.049385E-08  2.049480E-08
  7.260000E+02 -2.851703E-07  1.065848E-04 -2.690306E-08  1.922669E-04 -1.039514E-02  2.049162E-08  2.049344E-08
  7.270000E+02  1.187593E-07  1.063529E-04  4.682291E-07  1.927116E-04 -1.346978E-02  2.049358E-08  2.049563E-08
  7.280000E+02  1.621145E-07  1.063477E-04 -3.989970E-07  1.927006E-04 -8.015575E-03  2.049260E-08  2.049344E-08
  7.290000E+02 -2.676051E-07  1.065831E-04 -7.896814E-08  1.922682E-04 -1.115986E-02  2.049127E-08  2.049324E-08
  7.300000E+02  8.684465E-08  1.063032E-04  4.645731E-07  1.927976E-04 -1.274896E-02  2.049333E-08  2.049513E-08
  7.310000E+02  1.734002E-07  1.063921E-04 -3.440369E-07  1.926127E-04 -7.544808E-03  2.049188E-08  2.049272E-08
  7.320000E+02 -2.457769E-07  1.065678E-04 -1.190900E-07  1.922984E-04 -1.202794E-02  2.049134E-08  2.049347E-08
  7.330000E+02  6.386017E-08  1.062693E-04  4.424596E-07  1.928547E-04 -1.195126E-02  2.049308E-08  2.049464E-08
  7.340000E+02  1.746170E-07  1.064471E-04 -2.994205E-07  1.925121E-04 -7.497566E-03  2.049177E-08  2.049269E-08
  7.350000E+02 -2.212160E-07  1.065376E-04 -1.448313E-07  1.923636E-04 -1.296026E-02  2.049223E-08  2.049449E-08
  7.360000E+02  4.653050E-08  1.062520E-04  4.193047E-07  1.928869E-04 -1.081428E-02  2.049343E-08  2.049470E-08
  7.370000E+02  1.750807E-07  1.065166E-04 -2.600031E-07  1.923948E-04 -7.730437E-03  2.049263E-08  2.049374E-08
  7.380000E+02 -2.071596E-07  1.064920E-04 -1.645686E-07  1.924602E-04 -1.356511E-02  2.049358E-08  2.049588E-08
  7.390000E+02  2.824048E-08  1.062665E-04  4.112790E-07  1.928652E-04 -9.557535E-03  2.049417E-08  2.049519E-08
  7.400000E+02  1.851846E-07  1.065806E-04 -2.213374E-07  1.922920E-04 -8.580465E-03  2.049384E-08  2.049526E-08
  7.410000E+02 -1.982342E-07  1.064369E-04 -2.078892E-07  1.925713E-04 -1.385814E-02  2.049472E-08  2.049698E-08
  7.420000E+02  1.480887E-09  1.063125E-04  4.120568E-07  1.927878E-04 -8.500065E-03  2.049501E-08  2.049587E-08
  7.430000E+02  1.965886E-07  1.066295E-04 -1.804125E-07  1.922170E-04 -9.920759E-03  2.049500E-08  2.049680E-08
  7.440000E+02 -1.893162E-07  1.063790E-04 -2.433868E-07  1.926854E-04 -1.375832E-02  2.049575E-08  2.049788E-08
  7.450000E+02 -2.198024E-08  1.063704E-04  4.109038E-07  1.926906E-04 -7.753601E-03  2.049597E-08  2.049677E-08
  7.460000E+02  2.051909E-07  1.066302E-04 -1.392507E-07  1.922300E-04 -1.134640E-02  2.049620E-08  2.049831E-08
  7.470000E+02 -1.769113E-07  1.063179E-04 -2.780625E-07  1.928023E-04 -1.299025E-02  2.049660E-08  2.049845E-08
  7.480000E+02 -4.678639E-08  1.064385E-04  4.067488E-07  1.925813E-04 -7.423735E-03  2.049750E-08  2.049836E-08
  7.490000E+02  2.203745E-07  1.066020E-04 -9.322000E-08  1.922985E-04 -1.273184E-02  2.049774E-08  2.050008E-08
  7.500000E+02 -1.621964E-07  1.062787E-04 -3.252737E-07  1.928784E-04 -1.181391E-02  2.049744E-08  2.049896E-08
  7.510000E+02 -7.939275E-08  1.065125E-04  4.010694E-07  1.924615E-04 -7.554190E-03  2.049897E-08  2.050000E-08
  7.520000E+02  2.398925E-07  1.065476E-04 -4.165220E-08  1.924082E-04 -1.353340E-02  2.049875E-08  2.050116E-08
  7.530000E+02 -1.459634E-07  1.062768E-04 -3.792880E-07  1.928857E-04 -1.028475E-02  2.049819E-08  2.049937E-08
  7.540000E+02 -1.113178E-07  1.065783E-04  3.942801E-07  1.923528E-04 -8.155243E-03  2.049995E-08  2.050124E-08
  7.550000E+02  2.562326E-07  1.064838E-04  1.323142E-08  1.925276E-04 -1.382389E-02  2.049912E-08  2.050146E-08
  7.560000E+02 -1.220018E-07  1.063101E-04 -4.250056E-07  1.928275E-04 -8.982086E-03  2.049869E-08  2.049964E-08
  7.570000E+02 -1.452488E-07  1.066239E-04  3.711247E-07  1.922767E-04 -9.332400E-03  2.050039E-08  2.050203E-08
  7.580000E+02  2.601866E-07  1.064207E-04  8.608413E-08  1.926372E-04 -1.365839E-02  2.049868E-08  2.050085E-08
  7.590000E+02 -8.672203E-08  1.063597E-04 -4.585019E-07  1.927377E-04 -8.140660E-03  2.049884E-08  2.049970E-08
  7.600000E+02 -1.810151E-07  1.066330E-04  3.297845E-07  1.922600E-04 -1.062845E-02  2.050011E-08  2.050205E-08
  7.610000E+02  2.594060E-07  1.063623E-04  1.578706E-07  1.927330E-04 -1.309358E-02  2.049777E-08  2.049971E-08
  7.620000E+02 -5.194011E-08  1.064204E-04 -4.845650E-07  1.926276E-04 -7.706586E-03  2.049889E-08  2.049977E-08
  7.630000E+02 -2.126755E-07  1.066140E-04  2.812993E-07  1.922878E-04 -1.198736E-02  2.049911E-08  2.050131E-08
  7.640000E+02  2.505570E-07  1.063177E-04  2.305819E-07  1.928020E-04 -1.229505E-02  2.049671E-08  2.049841E-08
  7.650000E+02 -1.213552E-08  1.064809E-04 -4.962279E-07  1.925159E-04 -7.818455E-03  2.049864E-08  2.049966E-08
  7.660000E+02 -2.433167E-07  1.065736E-04  2.221366E-07  1.923500E-04 -1.315546E-02  2.049765E-08  2.050005E-08
  7.670000E+02  2.298858E-07  1.062948E-04  3.102736E-07  1.928303E-04 -1.134661E-02  2.049553E-08  2.049698E-08
  7.680000E+02  3.691420E-08  1.065390E-04 -4.912891E-07  1.924048E-04 -8.186939E-03  2.049793E-08  2.049915E-08
  7.690000E+02 -2.670341E-07  1.065196E-04  1.452314E-07  1.924341E-04 -1.370432E-02  2.049608E-08  2.049850E-08
  7.700000E+02  2.010859E-07  1.062921E-04  3.714371E-07  1.928221E-04 -1.003667E-02  2.049443E-08  2.049559E-08
  7.710000E+02  7.989553E-08  1.065851E-04 -4.648712E-07  1.923113E-04 -8.838726E-03  2.049672E-08  2.049819E-08
  7.720000E+02 -2.722377E-07  1.064554E-04  6.856889E-08  1.925371E-04 -1.391447E-02  2.049463E-08  2.049696E-08
  7.730000E+02  1.648501E-07  1.063120E-04  4.045237E-07  1.927761E-04 -8.921944E-03  2.049359E-08  2.049455E-08
  7.740000E+02  1.155137E-07  1.066194E-04 -4.170026E-07  1.922380E-04 -9.896057E-03  2.049529E-08  2.049707E-08
  7.750000E+02 -2.632563E-07  1.063899E-04 -6.199355E-09  1.926435E-04 -1.381757E-02  2.049336E-08  2.049555E-08
  7.760000E+02  1.273210E-07  1.063527E-04  4.115869E-07  1.926952E-04 -7.880244E-03  2.049302E-08  2.049384E-08
  7.770000E+02  1.386843E-07  1.066287E-04 -3.657771E-07  1.922112E-04 -1.090431E-02  2.049401E-08  2.049604E-08
  7.780000E+02 -2.466143E-07  1.063232E-04 -6.556636E-08  1.927532E-04 -1.302368E-02  2.049241E-08  2.049429E-08
  7.790000E+02  9.140096E-08  1.064059E-04  4.075636E-07  1.925949E-04 -7.115190E-03  2.049272E-08  2.049350E-08
  7.800000E+02  1.543758E-07  1.066097E-04 -3.100792E-07  1.922405E-04 -1.198216E-02  2.049323E-08  2.049545E-08
  7.810000E+02 -2.315563E-07  1.062741E-04 -1.088120E-07  1.928351E-04 -1.193954E-02  2.049191E-08  2.049346E-08
  7.820000E+02  6.037974E-08  1.064744E-04  3.999551E-07  1.924699E-04 -6.896315E-03  2.049264E-08  2.049351E-08
  7.830000E+02  1.639517E-07  1.065714E-04 -2.547900E-07  1.923092E-04 -1.303479E-02  2.049292E-08  2.049529E-08
  7.840000E+02 -2.110805E-07  1.062523E-04 -1.421305E-07  1.928706E-04 -1.069918E-02  2.049177E-08  2.049301E-08
  7.850000E+02  3.443848E-08  1.065475E-04  3.712485E-07  1.923408E-04 -7.358203E-03  2.049288E-08  2.049400E-08
  7.860000E+02  1.594645E-07  1.065048E-04 -2.108101E-07  1.924363E-04 -1.387302E-02  2.049343E-08  2.049584E-08
  7.870000E+02 -1.828734E-07  1.062511E-04 -1.504714E-07  1.928750E-04 -9.292387E-03  2.049230E-08  2.049325E-08
  7.880000E+02  1.804969E-08  1.066005E-04  3.255873E-07  1.922545E-04 -8.359341E-03  2.049370E-08  2.049512E-08
  7.890000E+02  1.516469E-07  1.064280E-04 -1.688904E-07  1.925881E-04 -1.415209E-02  2.049472E-08  2.049703E-08
  7.900000E+02 -1.573434E-07  1.062858E-04 -1.485019E-07  1.928217E-04 -8.224122E-03  2.049352E-08  2.049429E-08
  7.910000E+02  1.363870E-08  1.066290E-04  2.862732E-07  1.922149E-04 -9.823157E-03  2.049469E-08  2.049646E-08
  7.920000E+02  1.374420E-07  1.063605E-04 -1.565472E-07  1.927229E-04 -1.403127E-02  2.049609E-08  2.049826E-08
  7.930000E+02 -1.480602E-07  1.063423E-04 -1.285380E-07  1.927303E-04 -7.681500E-03  2.049478E-08  2.049551E-08
  7.940000E+02  1.785279E-08  1.066307E-04  2.741513E-07  1.922264E-04 -1.137708E-02  2.049591E-08  2.049800E-08
  7.950000E+02  1.346433E-07  1.063111E-04 -1.590218E-07  1.928217E-04 -1.332963E-02  2.049727E-08  2.049918E-08
  7.960000E+02 -1.480292E-07  1.064128E-04 -1.224576E-07  1.926138E-04 -7.232507E-03  2.049604E-08  2.049681E-08
  7.970000E+02  1.854039E-08  1.066166E-04  2.763273E-07  1.922690E-04 -1.251972E-02  2.049747E-08  2.049978E-08
  7.980000E+02  1.338958E-07  1.062842E-04 -1.602877E-07  1.928754E-04 -1.226896E-02  2.049807E-08  2.049967E-08
  7.990000E+02 -1.490398E-07  1.064879E-04 -1.261377E-07  1.924886E-04 -7.270735E-03  2.049716E-08  2.049807E-08
  8.000000E+02  1.057278E-08  1.065792E-04  2.926605E-07  1.923544E-04 -1.341674E-02  2.049914E-08  2.050157E-08
  8.010000E+02  1.498594E-07  1.062701E-04 -1.522668E-07  1.929032E-04 -1.108147E-02  2.049859E-08  2.049990E-08
  8.020000E+02 -1.552273E-07  1.065427E-04 -1.623768E-07  1.923978E-04 -7.695420E-03  2.049797E-08  2.049908E-08
  8.030000E+02 -1.277545E-08  1.065214E-04  3.289402E-07  1.924735E-04 -1.383896E-02  2.050058E-08  2.050297E-08
  8.040000E+02  1.798660E-07  1.062691E-04 -1.287211E-07  1.929052E-04 -9.892459E-03  2.049885E-08  2.049991E-08
  8.050000E+02 -1.594499E-07  1.065836E-04 -2.215258E-07  1.923284E-04 -8.531807E-03  2.049831E-08  2.049968E-08
  8.060000E+02 -4.011699E-08  1.064604E-04  3.578738E-07  1.925908E-04 -1.408272E-02  2.050126E-08  2.050359E-08
  8.070000E+02  2.067865E-07  1.062886E-04 -9.662468E-08  1.928692E-04 -8.916363E-03  2.049899E-08  2.049988E-08
  8.080000E+02 -1.514400E-07  1.066127E-04 -2.841373E-07  1.922799E-04 -9.681595E-03  2.049853E-08  2.050020E-08
  8.090000E+02 -7.706190E-08  1.063999E-04  3.692627E-07  1.927001E-04 -1.402298E-02  2.050126E-08  2.050347E-08
  8.100000E+02  2.302686E-07  1.063293E-04 -4.164530E-08  1.927925E-04 -8.049761E-03  2.049882E-08  2.049961E-08
  8.110000E+02 -1.310627E-07  1.066263E-04 -3.525912E-07  1.922607E-04 -1.080143E-02  2.049884E-08  2.050080E-08
  8.120000E+02 -1.231806E-07  1.063499E-04  3.627460E-07  1.927823E-04 -1.365763E-02  2.050047E-08  2.050252E-08
  8.130000E+02  2.478647E-07  1.063844E-04  3.813932E-08  1.926856E-04 -7.593362E-03  2.049814E-08  2.049893E-08
  8.140000E+02 -9.687125E-08  1.066241E-04 -4.187711E-07  1.922682E-04 -1.189653E-02  2.049897E-08  2.050118E-08
  8.150000E+02 -1.694837E-07  1.063098E-04  3.370702E-07  1.928400E-04 -1.296418E-02  2.049906E-08  2.050089E-08
  8.160000E+02  2.564115E-07  1.064532E-04  1.276534E-07  1.925489E-04 -7.581670E-03  2.049685E-08  2.049778E-08
  8.170000E+02 -5.143989E-08  1.066008E-04 -4.695357E-07  1.923111E-04 -1.305024E-02  2.049878E-08  2.050121E-08
  8.180000E+02 -2.170265E-07  1.062716E-04  2.814937E-07  1.928924E-04 -1.198253E-02  2.049751E-08  2.049907E-08
  8.190000E+02  2.483749E-07  1.065058E-04  2.303159E-07  1.924402E-04 -7.751316E-03  2.049538E-08  2.049647E-08
  8.200000E+02  3.212782E-09  1.065476E-04 -5.033478E-07  1.923984E-04 -1.379558E-02  2.049764E-08  2.050014E-08
  8.210000E+02 -2.651286E-07  1.062559E-04  2.109322E-07  1.929029E-04 -1.064731E-02  2.049591E-08  2.049717E-08
  8.220000E+02  2.327463E-07  1.065602E-04  3.402470E-07  1.923336E-04 -8.303088E-03  2.049440E-08  2.049574E-08
  8.230000E+02  6.972819E-08  1.064833E-04 -5.262537E-07  1.925020E-04 -1.432609E-02  2.049614E-08  2.049866E-08
  8.240000E+02 -3.075996E-07  1.062683E-04  1.126312E-07  1.928638E-04 -9.427297E-03  2.049439E-08  2.049543E-08
  8.250000E+02  2.034108E-07  1.066014E-04  4.513150E-07  1.922561E-04 -9.332271E-03  2.049389E-08  2.049555E-08
  8.260000E+02  1.423851E-07  1.063996E-04 -5.288617E-07  1.926389E-04 -1.442237E-02  2.049457E-08  2.049698E-08
  8.270000E+02 -3.449708E-07  1.062940E-04 -5.485658E-09  1.928018E-04 -8.111817E-03  2.049301E-08  2.049385E-08
  8.280000E+02  1.598392E-07  1.066182E-04  5.719150E-07  1.922246E-04 -1.036959E-02  2.049354E-08  2.049548E-08
  8.290000E+02  2.295983E-07  1.063207E-04 -5.094041E-07  1.927697E-04 -1.380686E-02  2.049345E-08  2.049560E-08
  8.300000E+02 -3.714825E-07  1.063494E-04 -1.601616E-07  1.926937E-04 -7.114384E-03  2.049234E-08  2.049312E-08
  8.310000E+02  9.039281E-08  1.066149E-04  6.836722E-07  1.922332E-04 -1.165461E-02  2.049353E-08  2.049577E-08
  8.320000E+02  3.237847E-07  1.062565E-04 -4.398057E-07  1.928794E-04 -1.284015E-02  2.049300E-08  2.049487E-08
  8.330000E+02 -3.802755E-07  1.064258E-04 -3.450096E-07  1.925579E-04 -6.705120E-03  2.049268E-08  2.049355E-08
  8.340000E+02 -4.882597E-09  1.065849E-04  7.782442E-07  1.922936E-04 -1.306720E-02  2.049384E-08  2.049637E-08
  8.350000E+02  4.121065E-07  1.062196E-04 -3.245040E-07  1.929439E-04 -1.153468E-02  2.049307E-08  2.049462E-08
  8.360000E+02 -3.636783E-07  1.065078E-04 -5.361694E-07  1.924190E-04 -6.904253E-03  2.049363E-08  2.049474E-08
  8.370000E+02 -1.159419E-07  1.065315E-04  8.318263E-07  1.923959E-04 -1.393201E-02  2.049424E-08  2.049689E-08
  8.380000E+02  4.876997E-07  1.062248E-04 -1.654645E-07  1.929368E-04 -9.925982E-03  2.049367E-08  2.049491E-08
  8.390000E+02 -3.136025E-07  1.065850E-04 -7.228033E-07  1.922919E-04 -7.765739E-03  2.049482E-08  2.049629E-08
  8.400000E+02 -2.364929E-07  1.064640E-04  8.199828E-07  1.925236E-04 -1.440698E-02  2.049471E-08  2.049737E-08
  8.410000E+02  5.317761E-07  1.062648E-04  3.660746E-08  1.928709E-04 -8.499876E-03  2.049464E-08  2.049567E-08
  8.420000E+02 -2.284975E-07  1.066468E-04 -8.782710E-07  1.921934E-04 -9.185209E-03  2.049594E-08  2.049787E-08
  8.430000E+02 -3.564868E-07  1.063985E-04  7.476542E-07  1.926480E-04 -1.449370E-02  2.049531E-08  2.049791E-08
  8.440000E+02  5.503422E-07  1.063281E-04  2.559975E-07  1.927678E-04 -7.480012E-03  2.049606E-08  2.049701E-08
  8.450000E+02 -1.221465E-07  1.066700E-04 -1.001577E-06  1.921653E-04 -1.080004E-02  2.049708E-08  2.049943E-08
  8.460000E+02 -4.622547E-07  1.063228E-04  6.253345E-07  1.927918E-04 -1.397967E-02  2.049616E-08  2.049854E-08
  8.470000E+02  5.361502E-07  1.063941E-04  4.767766E-07  1.926609E-04 -6.778340E-03  2.049752E-08  2.049848E-08
  8.480000E+02  2.954269E-09  1.066573E-04 -1.074824E-06  1.922005E-04 -1.230137E-02  2.049804E-08  2.050072E-08
  8.490000E+02 -5.532242E-07  1.062652E-04  4.510887E-07  1.929045E-04 -1.300792E-02  2.049731E-08  2.049940E-08
  8.500000E+02  4.892387E-07  1.064707E-04  6.969862E-07  1.925339E-04 -6.648722E-03  2.049877E-08  2.049988E-08
  8.510000E+02  1.397453E-07  1.066187E-04 -1.093429E-06  1.922800E-04 -1.353720E-02  2.049877E-08  2.050167E-08
  8.520000E+02 -6.259479E-07  1.062311E-04  2.367804E-07  1.929746E-04 -1.142027E-02  2.049856E-08  2.050028E-08
  8.530000E+02  4.139672E-07  1.065568E-04  9.078673E-07  1.923861E-04 -6.832781E-03  2.049958E-08  2.050094E-08
  8.540000E+02  2.829004E-07  1.065592E-04 -1.063032E-06  1.923931E-04 -1.446838E-02  2.049910E-08  2.050214E-08
  8.550000E+02 -6.738776E-07  1.062303E-04 -6.960120E-09  1.929808E-04 -9.648722E-03  2.049944E-08  2.050082E-08
  8.560000E+02  3.102463E-07  1.066386E-04  1.089654E-06  1.922428E-04 -7.692979E-03  2.049990E-08  2.050167E-08
  8.570000E+02  4.185633E-07  1.064834E-04 -9.709570E-07  1.925330E-04 -1.507139E-02  2.049924E-08  2.050231E-08
  8.580000E+02 -6.867401E-07  1.062651E-04 -2.562102E-07  1.929195E-04 -8.033488E-03  2.049995E-08  2.050108E-08
  8.590000E+02  1.846041E-07  1.066944E-04  1.220047E-06  1.921450E-04 -9.203997E-03  2.049992E-08  2.050216E-08
  8.600000E+02  5.405932E-07  1.063858E-04 -8.211652E-07  1.927092E-04 -1.498321E-02  2.049923E-08  2.050212E-08
  8.610000E+02 -6.712973E-07  1.063296E-04 -5.172574E-07  1.928006E-04 -6.701815E-03  2.049995E-08  2.050097E-08
  8.620000E+02  4.255479E-08  1.067182E-04  1.311303E-06  1.921021E-04 -1.113229E-02  2.049952E-08  2.050229E-08
  8.630000E+02  6.455715E-07  1.062894E-04 -6.247739E-07  1.928796E-04 -1.427069E-02  2.049897E-08  2.050158E-08
  8.640000E+02 -6.157915E-07  1.064197E-04 -7.694439E-07  1.926288E-04 -5.981397E-03  2.049913E-08  2.050021E-08
  8.650000E+02 -1.108340E-07  1.066952E-04  1.324450E-06  1.921410E-04 -1.324058E-02  2.049873E-08  2.050196E-08
  8.660000E+02  7.193592E-07  1.062186E-04 -3.814392E-07  1.930016E-04 -1.289230E-02  2.049866E-08  2.050088E-08
  8.670000E+02 -5.234450E-07  1.065256E-04 -9.921174E-07  1.924273E-04 -6.146386E-03  2.049805E-08  2.049939E-08
  8.680000E+02 -2.633718E-07  1.066261E-04  1.265003E-06  1.922611E-04 -1.488376E-02  2.049779E-08  2.050127E-08
  8.690000E+02  7.583906E-07  1.061901E-04 -1.185597E-07  1.930404E-04 -1.073791E-02  2.049779E-08  2.049950E-08
  8.700000E+02 -4.095995E-07  1.066242E-04 -1.162289E-06  1.922364E-04 -6.913709E-03  2.049657E-08  2.049831E-08
  8.710000E+02 -3.956932E-07  1.065177E-04  1.155207E-06  1.924462E-04 -1.575469E-02  2.049637E-08  2.049984E-08
  8.720000E+02  7.588174E-07  1.062104E-04  1.345991E-07  1.929855E-04 -8.530604E-03  2.049633E-08  2.049760E-08
  8.730000E+02 -2.841317E-07  1.066980E-04 -1.265837E-06  1.920934E-04 -8.595176E-03  2.049521E-08  2.049748E-08
  8.740000E+02 -5.038115E-07  1.063969E-04  9.964939E-07  1.926546E-04 -1.580027E-02  2.049528E-08  2.049852E-08
  8.750000E+02  7.281005E-07  1.062809E-04  3.721859E-07  1.928409E-04 -6.798014E-03  2.049484E-08  2.049588E-08
  8.760000E+02 -1.535471E-07  1.067274E-04 -1.321426E-06  1.920371E-04 -1.063024E-02  2.049447E-08  2.049724E-08
  8.770000E+02 -5.914791E-07  1.062834E-04  8.171838E-07  1.928509E-04 -1.466220E-02  2.049465E-08  2.049740E-08
  8.780000E+02  6.793837E-07  1.063786E-04  5.887654E-07  1.926520E-04 -5.506353E-03  2.049373E-08  2.049472E-08
  8.790000E+02 -1.907371E-08  1.067003E-04 -1.343843E-06  1.920844E-04 -1.263321E-02  2.049383E-08  2.049697E-08
  8.800000E+02 -6.644908E-07  1.061984E-04  6.179559E-07  1.929953E-04 -1.281166E-02  2.049411E-08  2.049630E-08
  8.810000E+02  6.148466E-07  1.064930E-04  7.945653E-07  1.924371E-04 -5.219103E-03  2.049293E-08  2.049412E-08
  8.820000E+02  1.144832E-07  1.066314E-04 -1.330128E-06  1.922085E-04 -1.440390E-02  2.049333E-08  2.049671E-08
  8.830000E+02 -7.133323E-07  1.061608E-04  3.969006E-07  1.930528E-04 -1.062259E-02  2.049348E-08  2.049514E-08
  8.840000E+02  5.294729E-07  1.066095E-04  9.647163E-07  1.922281E-04 -5.998597E-03  2.049297E-08  2.049456E-08
  8.850000E+02  2.372433E-07  1.065297E-04 -1.270405E-06  1.923964E-04 -1.562331E-02  2.049342E-08  2.049688E-08
  8.860000E+02 -7.377582E-07  1.061705E-04  1.829962E-07  1.930308E-04 -8.436181E-03  2.049345E-08  2.049469E-08
  8.870000E+02  4.335906E-07  1.066880E-04  1.096393E-06  1.920954E-04 -7.621038E-03  2.049368E-08  2.049576E-08
  8.880000E+02  3.459105E-07  1.064057E-04 -1.171291E-06  1.926286E-04 -1.589836E-02  2.049419E-08  2.049746E-08
  8.890000E+02 -7.370070E-07  1.062289E-04 -3.697832E-08  1.929267E-04 -6.595980E-03  2.049394E-08  2.049489E-08
  8.900000E+02  3.231682E-07  1.067300E-04  1.191731E-06  1.920335E-04 -9.862589E-03  2.049474E-08  2.049735E-08
  8.910000E+02  4.399753E-07  1.062899E-04 -1.040208E-06  1.928447E-04 -1.542861E-02  2.049501E-08  2.049797E-08
  8.920000E+02 -7.176369E-07  1.063265E-04 -2.441959E-07  1.927568E-04 -5.522828E-03  2.049483E-08  2.049572E-08
  8.930000E+02  2.078396E-07  1.067279E-04  1.259959E-06  1.920531E-04 -1.243504E-02  2.049584E-08  2.049900E-08
  8.940000E+02  5.276419E-07  1.061951E-04 -8.810428E-07  1.930205E-04 -1.417024E-02  2.049577E-08  2.049830E-08
  8.950000E+02 -6.793012E-07  1.064509E-04 -4.604827E-07  1.925431E-04 -5.092042E-03  2.049612E-08  2.049714E-08
  8.960000E+02  8.062461E-08  1.066832E-04  1.296041E-06  1.921492E-04 -1.449284E-02  2.049693E-08  2.050046E-08
  8.970000E+02  6.011141E-07  1.061445E-04 -6.918699E-07  1.931165E-04 -1.205163E-02  2.049676E-08  2.049872E-08
  8.980000E+02 -6.173762E-07  1.065820E-04 -6.598964E-07  1.923207E-04 -5.423563E-03  2.049761E-08  2.049897E-08
  8.990000E+02 -4.903932E-08  1.066040E-04  1.283216E-06  1.923052E-04 -1.605282E-02  2.049787E-08  2.050160E-08
  9.000000E+02  6.538639E-07  1.061369E-04 -4.726289E-07  1.931354E-04 -9.708041E-03  2.049783E-08  2.049926E-08
  9.010000E+02 -5.340301E-07  1.066902E-04 -8.504588E-07  1.921395E-04 -6.641606E-03  2.049894E-08  2.050078E-08
  9.020000E+02 -1.818894E-07  1.064810E-04  1.231096E-06  1.925363E-04 -1.679546E-02  2.049857E-08  2.050222E-08
  9.030000E+02  6.929460E-07  1.061709E-04 -2.354859E-07  1.930782E-04 -7.318041E-03  2.049873E-08  2.049973E-08
  9.040000E+02 -4.364151E-07  1.067604E-04 -1.024046E-06  1.920240E-04 -8.597736E-03  2.049981E-08  2.050222E-08
  9.050000E+02 -3.082912E-07  1.063439E-04  1.144903E-06  1.927892E-04 -1.669641E-02  2.049911E-08  2.050250E-08
  9.060000E+02  7.033291E-07  1.062546E-04  3.510870E-09  1.929309E-04 -5.445501E-03  2.049949E-08  2.050026E-08
  9.070000E+02 -3.199518E-07  1.067887E-04 -1.142921E-06  1.919821E-04 -1.120360E-02  2.050024E-08  2.050328E-08
  9.080000E+02 -4.173561E-07  1.062156E-04  1.001766E-06  1.930223E-04 -1.571058E-02  2.049944E-08  2.050241E-08
  9.090000E+02  6.832039E-07  1.063777E-04  2.485052E-07  1.927122E-04 -4.266387E-03  2.050010E-08  2.050087E-08
  9.100000E+02 -1.878506E-07  1.067656E-04 -1.214725E-06  1.920288E-04 -1.386162E-02  2.050010E-08  2.050371E-08
  9.110000E+02 -5.105431E-07  1.061211E-04  8.168099E-07  1.931880E-04 -1.365252E-02  2.049942E-08  2.050176E-08
  9.120000E+02  6.347538E-07  1.065302E-04  4.824689E-07  1.924383E-04 -4.240968E-03  2.050031E-08  2.050135E-08
  9.130000E+02 -5.019931E-08  1.066812E-04 -1.236199E-06  1.921812E-04 -1.620315E-02  2.049942E-08  2.050341E-08
  9.140000E+02 -5.854937E-07  1.060858E-04  6.037781E-07  1.932425E-04 -1.094166E-02  2.049906E-08  2.050073E-08
  9.150000E+02  5.648035E-07  1.066785E-04  6.950982E-07  1.921676E-04 -5.461453E-03  2.049984E-08  2.050145E-08
  9.160000E+02  8.750416E-08  1.065528E-04 -1.211317E-06  1.924082E-04 -1.768299E-02  2.049842E-08  2.050252E-08
  9.170000E+02 -6.345283E-07  1.061170E-04  3.651046E-07  1.931751E-04 -8.217129E-03  2.049847E-08  2.049958E-08
  9.180000E+02  4.678227E-07  1.067775E-04  8.779926E-07  1.919820E-04 -7.777388E-03  2.049873E-08  2.050105E-08
  9.190000E+02  2.207203E-07  1.063812E-04 -1.128666E-06  1.927075E-04 -1.778573E-02  2.049721E-08  2.050098E-08
  9.200000E+02 -6.562563E-07  1.062029E-04  1.155906E-07  1.930090E-04 -5.639738E-03  2.049778E-08  2.049850E-08
  9.210000E+02  3.565903E-07  1.068199E-04  1.024074E-06  1.918984E-04 -1.060571E-02  2.049742E-08  2.050046E-08
  9.220000E+02  3.461085E-07  1.062251E-04 -1.009628E-06  1.929768E-04 -1.658404E-02  2.049615E-08  2.049937E-08
  9.230000E+02 -6.538495E-07  1.063429E-04 -1.402357E-07  1.927481E-04 -4.132178E-03  2.049722E-08  2.049788E-08
  9.240000E+02  2.283464E-07  1.067929E-04  1.129385E-06  1.919429E-04 -1.365295E-02  2.049623E-08  2.049990E-08
  9.250000E+02  4.567564E-07  1.061129E-04 -8.460784E-07  1.931671E-04 -1.439180E-02  2.049540E-08  2.049793E-08
  9.260000E+02 -6.278401E-07  1.064921E-04 -3.898895E-07  1.924710E-04 -3.972651E-03  2.049648E-08  2.049741E-08
  9.270000E+02  9.245877E-08  1.066848E-04  1.194726E-06  1.921311E-04 -1.592814E-02  2.049486E-08  2.049879E-08
  9.280000E+02  5.562414E-07  1.060582E-04 -6.553308E-07  1.932494E-04 -1.122523E-02  2.049438E-08  2.049612E-08
  9.290000E+02 -5.810673E-07  1.066365E-04 -6.389603E-07  1.922015E-04 -4.903584E-03  2.049545E-08  2.049689E-08
  9.300000E+02 -5.398202E-08  1.065359E-04  1.221629E-06  1.923943E-04 -1.725026E-02  2.049384E-08  2.049777E-08
  9.310000E+02  6.388875E-07  1.060789E-04 -4.265671E-07  1.932021E-04 -8.057087E-03  2.049400E-08  2.049511E-08
  9.320000E+02 -5.040719E-07  1.067471E-04 -8.799518E-07  1.919993E-04 -7.097413E-03  2.049486E-08  2.049702E-08
  9.330000E+02 -2.128565E-07  1.063686E-04  1.196789E-06  1.926938E-04 -1.746568E-02  2.049345E-08  2.049714E-08
  9.340000E+02  7.008190E-07  1.061727E-04 -1.554225E-07  1.930320E-04 -5.458683E-03  2.049442E-08  2.049518E-08
  9.350000E+02 -3.951016E-07  1.067975E-04 -1.092522E-06  1.919124E-04 -1.016398E-02  2.049470E-08  2.049764E-08
  9.360000E+02 -3.685568E-07  1.062129E-04  1.109203E-06  1.929716E-04 -1.622756E-02  2.049338E-08  2.049654E-08
  9.370000E+02  7.273956E-07  1.063277E-04  1.350543E-07  1.927566E-04 -3.770010E-03  2.049522E-08  2.049594E-08
  9.380000E+02 -2.598434E-07  1.067779E-04 -1.255096E-06  1.919555E-04 -1.321184E-02  2.049482E-08  2.049842E-08
  9.390000E+02 -5.115394E-07  1.061090E-04  9.524840E-07  1.931579E-04 -1.388342E-02  2.049383E-08  2.049630E-08
  9.400000E+02  7.090214E-07  1.065056E-04  4.379080E-07  1.924432E-04 -3.561584E-03  2.049616E-08  2.049719E-08
  9.410000E+02 -9.467169E-08  1.066966E-04 -1.349206E-06  1.921139E-04 -1.579833E-02  2.049535E-08  2.049939E-08
  9.420000E+02 -6.344180E-07  1.060763E-04  7.226482E-07  1.932212E-04 -1.105260E-02  2.049494E-08  2.049673E-08
  9.430000E+02  6.525424E-07  1.066743E-04  7.359324E-07  1.921491E-04 -4.873153E-03  2.049713E-08  2.049880E-08
  9.440000E+02  7.860368E-08  1.065659E-04 -1.379877E-06  1.923614E-04 -1.746802E-02  2.049604E-08  2.050023E-08
  9.450000E+02 -7.258167E-07  1.061062E-04  4.536883E-07  1.931757E-04 -8.102734E-03  2.049646E-08  2.049769E-08
  9.460000E+02  5.558636E-07  1.067818E-04  9.925624E-07  1.919651E-04 -7.283353E-03  2.049784E-08  2.050025E-08
  9.470000E+02  2.468170E-07  1.063979E-04 -1.324855E-06  1.926714E-04 -1.769701E-02  2.049662E-08  2.050053E-08
  9.480000E+02 -7.751469E-07  1.061963E-04  1.563786E-07  1.930225E-04 -5.578899E-03  2.049797E-08  2.049884E-08
  9.490000E+02  4.264077E-07  1.068308E-04  1.202165E-06  1.918883E-04 -1.032888E-02  2.049848E-08  2.050165E-08
  9.500000E+02  4.094221E-07  1.062392E-04 -1.205367E-06  1.929626E-04 -1.667877E-02  2.049734E-08  2.050075E-08
  9.510000E+02 -7.898813E-07  1.063366E-04 -1.580248E-07  1.927765E-04 -3.852078E-03  2.049905E-08  2.049986E-08
  9.520000E+02  2.751924E-07  1.068149E-04  1.364610E-06  1.919296E-04 -1.324775E-02  2.049914E-08  2.050295E-08
  9.530000E+02  5.581944E-07  1.061226E-04 -1.023781E-06  1.931764E-04 -1.437779E-02  2.049827E-08  2.050097E-08
  9.540000E+02 -7.671153E-07  1.065039E-04 -4.762807E-07  1.924786E-04 -3.262140E-03  2.049960E-08  2.050068E-08
  9.550000E+02  1.047827E-07  1.067418E-04  1.466871E-06  1.920711E-04 -1.582848E-02  2.049945E-08  2.050373E-08
  9.560000E+02  6.833878E-07  1.060640E-04 -7.877263E-07  1.932856E-04 -1.144994E-02  2.049930E-08  2.050129E-08
  9.570000E+02 -7.020716E-07  1.066745E-04 -7.770957E-07  1.921728E-04 -4.112851E-03  2.049977E-08  2.050143E-08
  9.580000E+02 -7.229497E-08  1.066167E-04  1.481006E-06  1.923032E-04 -1.776349E-02  2.049950E-08  2.050400E-08
  9.590000E+02  7.718475E-07  1.060681E-04 -5.064597E-07  1.932782E-04 -8.331761E-03  2.049993E-08  2.050131E-08
  9.600000E+02 -6.017866E-07  1.068075E-04 -1.048181E-06  1.919342E-04 -6.175857E-03  2.049962E-08  2.050205E-08
  9.610000E+02 -2.519936E-07  1.064473E-04  1.431445E-06  1.926106E-04 -1.851578E-02  2.049936E-08  2.050373E-08
  9.620000E+02  8.315628E-07  1.061480E-04 -1.952929E-07  1.931294E-04 -5.396242E-03  2.050001E-08  2.050095E-08
  9.630000E+02 -4.717108E-07  1.068862E-04 -1.275583E-06  1.917967E-04 -9.415311E-03  2.049952E-08  2.050286E-08
  9.640000E+02 -4.216737E-07  1.062599E-04  1.302786E-06  1.929478E-04 -1.788443E-02  2.049934E-08  2.050326E-08
  9.650000E+02  8.389007E-07  1.062935E-04  1.381184E-07  1.928567E-04 -3.278019E-03  2.049931E-08  2.050011E-08
  9.660000E+02 -3.058592E-07  1.068935E-04 -1.428230E-06  1.917884E-04 -1.326297E-02  2.049912E-08  2.050338E-08
  9.670000E+02 -5.701567E-07  1.060953E-04  1.090677E-06  1.932396E-04 -1.584598E-02  2.049924E-08  2.050247E-08
  9.680000E+02  7.972897E-07  1.064859E-04  4.647567E-07  1.924960E-04 -2.289995E-03  2.049805E-08  2.049908E-08
  9.690000E+02 -1.283634E-07  1.068151E-04 -1.493465E-06  1.919311E-04 -1.665930E-02  2.049830E-08  2.050320E-08
  9.700000E+02 -6.771408E-07  1.059941E-04  8.299199E-07  1.934091E-04 -1.231234E-02  2.049867E-08  2.050096E-08
  9.710000E+02  7.127905E-07  1.066848E-04  7.413382E-07  1.921257E-04 -2.931832E-03  2.049680E-08  2.049844E-08
  9.720000E+02  4.440862E-08  1.066543E-04 -1.460928E-06  1.922201E-04 -1.911924E-02  2.049736E-08  2.050249E-08
  9.730000E+02 -7.338042E-07  1.059878E-04  5.357823E-07  1.934037E-04 -8.327749E-03  2.049772E-08  2.049914E-08
  9.740000E+02  5.920589E-07  1.068529E-04  9.570105E-07  1.918151E-04 -5.434166E-03  2.049570E-08  2.049824E-08
  9.750000E+02  2.042938E-07  1.064417E-04 -1.355289E-06  1.925983E-04 -2.000783E-02  2.049639E-08  2.050127E-08
  9.760000E+02 -7.533721E-07  1.060816E-04  2.394316E-07  1.932138E-04 -4.530223E-03  2.049621E-08  2.049698E-08
  9.770000E+02  4.563181E-07  1.069431E-04  1.119805E-06  1.916503E-04 -8.968600E-03  2.049485E-08  2.049835E-08
  9.780000E+02  3.461172E-07  1.062166E-04 -1.205770E-06  1.929948E-04 -1.875045E-02  2.049565E-08  2.049977E-08
  9.790000E+02 -7.475774E-07  1.062516E-04 -5.105475E-08  1.928906E-04 -1.766211E-03  2.049491E-08  2.049547E-08
  9.800000E+02  3.103857E-07  1.069371E-04  1.235167E-06  1.916647E-04 -1.303596E-02  2.049433E-08  2.049869E-08
  9.810000E+02  4.694339E-07  1.060355E-04 -1.022038E-06  1.933122E-04 -1.593033E-02  2.049534E-08  2.049850E-08
  9.820000E+02 -7.104791E-07  1.064706E-04 -3.282595E-07  1.924873E-04 -7.472674E-04  2.049424E-08  2.049506E-08
  9.830000E+02  1.554152E-07  1.068419E-04  1.289723E-06  1.918448E-04 -1.683811E-02  2.049415E-08  2.049914E-08
  9.840000E+02  5.599483E-07  1.059357E-04 -7.976982E-07  1.934815E-04 -1.209844E-02  2.049509E-08  2.049726E-08
  9.850000E+02 -6.398035E-07  1.066944E-04 -5.675056E-07  1.920821E-04 -1.731469E-03  2.049406E-08  2.049555E-08
  9.860000E+02  5.561852E-09  1.066579E-04  1.274714E-06  1.921855E-04 -1.955921E-02  2.049418E-08  2.049938E-08
  9.870000E+02  6.157387E-07  1.059279E-04 -5.468787E-07  1.934853E-04 -7.780351E-03  2.049487E-08  2.049613E-08
  9.880000E+02 -5.381628E-07  1.068679E-04 -7.673105E-07  1.917750E-04 -4.515553E-03  2.049439E-08  2.049678E-08
  9.890000E+02 -1.409433E-07  1.064279E-04  1.192290E-06  1.926076E-04 -2.051859E-02  2.049451E-08  2.049945E-08
  9.900000E+02  6.362762E-07  1.060265E-04 -2.739243E-07  1.933022E-04 -4.044455E-03  2.049500E-08  2.049563E-08
  9.910000E+02 -4.106287E-07  1.069679E-04 -9.149988E-07  1.916077E-04 -8.636331E-03  2.049512E-08  2.049855E-08
  9.920000E+02 -2.670674E-07  1.062005E-04  1.049510E-06  1.930233E-04 -1.977668E-02  2.049516E-08  2.049954E-08
  9.930000E+02  6.224599E-07  1.062070E-04 -9.034595E-09  1.929802E-04 -1.616871E-03  2.049582E-08  2.049621E-08
  9.940000E+02 -2.716466E-07  1.069725E-04 -1.008516E-06  1.916180E-04 -1.320183E-02  2.049608E-08  2.050049E-08
  9.950000E+02 -3.744686E-07  1.060185E-04  8.663941E-07  1.933534E-04 -1.720160E-02  2.049602E-08  2.049948E-08
  9.960000E+02  5.802754E-07  1.064389E-04  2.488195E-07  1.925716E-04 -4.953501E-04  2.049711E-08  2.049768E-08
  9.970000E+02 -1.244393E-07  1.068885E-04 -1.048258E-06  1.917888E-04 -1.711888E-02  2.049702E-08  2.050213E-08
  9.980000E+02 -4.547175E-07  1.059141E-04  6.402993E-07  1.935398E-04 -1.331418E-02  2.049677E-08  2.049914E-08
  9.990000E+02  5.018893E-07  1.066784E-04  4.815383E-07  1.921498E-04 -1.225366E-03  2.049822E-08  2.049943E-08
  1.000000E+03  2.294265E-08  1.067215E-04 -1.022011E-06  1.921043E-04 -2.001326E-02  2.049754E-08  2.050296E-08
  1.001000E+03 -5.043308E-07  1.058964E-04  3.920804E-07  1.935686E-04 -8.936276E-03  2.049740E-08  2.049878E-08
  1.002000E+03  4.040778E-07  1.068682E-04  6.669862E-07  1.918191E-04 -3.611122E-03  2.049924E-08  2.050134E-08
  1.003000E+03  1.526183E-07  1.064952E-04 -9.519724E-07  1.925206E-04 -2.122783E-02  2.049790E-08  2.050313E-08
  1.004000E+03 -5.245455E-07  1.059706E-04  1.544000E-07  1.934336E-04 -4.788208E-03  2.049805E-08  2.049870E-08
  1.005000E+03  2.971268E-07  1.069895E-04  7.931800E-07  1.916140E-04 -7.365929E-03  2.050012E-08  2.050327E-08
  1.006000E+03  2.587404E-07  1.062552E-04 -8.236863E-07  1.929566E-04 -2.080073E-02  2.049820E-08  2.050290E-08
  1.007000E+03 -5.036360E-07  1.061357E-04 -8.575624E-08  1.931382E-04 -1.652883E-03  2.049884E-08  2.049911E-08
  1.008000E+03  1.696405E-07  1.070227E-04  8.618889E-07  1.915653E-04 -1.198527E-02  2.050037E-08  2.050458E-08
  1.009000E+03  3.477928E-07  1.060401E-04 -6.443374E-07  1.933402E-04 -1.855706E-02  2.049828E-08  2.050212E-08
  1.010000E+03 -4.556419E-07  1.063672E-04 -3.059573E-07  1.927257E-04  7.126407E-05  2.049969E-08  2.050003E-08
  1.011000E+03  4.254694E-08  1.069582E-04  8.791696E-07  1.916902E-04 -1.645253E-02  2.050006E-08  2.050517E-08
  1.012000E+03  4.073880E-07  1.058966E-04 -4.410570E-07  1.935880E-04 -1.488866E-02  2.049805E-08  2.050083E-08
  1.013000E+03 -3.832698E-07  1.066208E-04 -4.871300E-07  1.922712E-04 -1.566397E-04  2.050012E-08  2.050101E-08
  1.014000E+03 -7.539956E-08  1.068063E-04  8.427937E-07  1.919694E-04 -2.006420E-02  2.049942E-08  2.050511E-08
  1.015000E+03  4.395880E-07  1.058486E-04 -2.295141E-07  1.936617E-04 -1.036474E-02  2.049772E-08  2.049941E-08
  1.016000E+03 -2.962624E-07  1.068595E-04 -6.316046E-07  1.918427E-04 -2.387641E-03  2.050017E-08  2.050206E-08
  1.017000E+03 -1.852242E-07  1.065805E-04  7.596918E-07  1.923762E-04 -2.229391E-02  2.049846E-08  2.050429E-08
  1.018000E+03  4.464148E-07  1.058978E-04 -8.106424E-09  1.935620E-04 -5.724438E-03  2.049745E-08  2.049826E-08
  1.019000E+03 -1.928794E-07  1.070159E-04 -7.376319E-07  1.915578E-04 -6.125118E-03  2.049935E-08  2.050242E-08
  1.020000E+03 -2.783010E-07  1.063090E-04  6.349368E-07  1.928553E-04 -2.226340E-02  2.049717E-08  2.050248E-08
  1.021000E+03  4.292683E-07  1.060557E-04  1.921445E-07  1.932677E-04 -1.676292E-03  2.049711E-08  2.049737E-08
  1.022000E+03 -8.656969E-08  1.070778E-04 -7.992773E-07  1.914436E-04 -1.093968E-02  2.049812E-08  2.050243E-08
  1.023000E+03 -3.542696E-07  1.060569E-04  4.802225E-07  1.932919E-04 -2.016923E-02  2.049577E-08  2.050017E-08
  1.024000E+03  3.882955E-07  1.062978E-04  3.792988E-07  1.928232E-04  6.373371E-04  2.049667E-08  2.049691E-08
  1.025000E+03  2.101213E-08  1.070252E-04 -8.128573E-07  1.915403E-04 -1.606794E-02  2.049699E-08  2.050238E-08
  1.026000E+03 -4.045510E-07  1.058596E-04  3.065535E-07  1.936279E-04 -1.627322E-02  2.049466E-08  2.049791E-08
  1.027000E+03  3.313506E-07  1.065637E-04  5.335013E-07  1.923366E-04  1.111431E-03  2.049608E-08  2.049683E-08
  1.028000E+03  1.199630E-07  1.068580E-04 -7.916553E-07  1.918423E-04 -2.010783E-02  2.049574E-08  2.050171E-08
  1.029000E+03 -4.383449E-07  1.057700E-04  1.374845E-07  1.937713E-04 -1.102483E-02  2.049394E-08  2.049596E-08
  1.030000E+03  2.660066E-07  1.068197E-04  6.667098E-07  1.918711E-04 -6.741581E-04  2.049561E-08  2.049731E-08
  1.031000E+03  2.110261E-07  1.066105E-04 -7.364141E-07  1.922879E-04 -2.257940E-02  2.049467E-08  2.050075E-08
  1.032000E+03 -4.582100E-07  1.058072E-04 -3.169720E-08  1.936913E-04 -5.714918E-03  2.049359E-08  2.049459E-08
  1.033000E+03  1.907706E-07  1.070142E-04  7.815341E-07  1.915214E-04 -4.541281E-03  2.049530E-08  2.049827E-08
  1.034000E+03  3.001113E-07  1.063231E-04 -6.557582E-07  1.928022E-04 -2.304368E-02  2.049389E-08  2.049960E-08
  1.035000E+03 -4.619642E-07  1.059673E-04 -2.097660E-07  1.933961E-04 -1.228214E-03  2.049365E-08  2.049402E-08
  1.036000E+03  1.029136E-07  1.071052E-04  8.651476E-07  1.913637E-04 -9.683695E-03  2.049509E-08  2.049940E-08
  1.037000E+03  3.781773E-07  1.060508E-04 -5.408490E-07  1.932852E-04 -2.098201E-02  2.049354E-08  2.049832E-08
  1.038000E+03 -4.415495E-07  1.062293E-04 -3.882517E-07  1.929254E-04  1.731995E-03  2.049430E-08  2.049456E-08
  1.039000E+03  2.488736E-09  1.070804E-04  9.089307E-07  1.914222E-04 -1.516881E-02  2.049521E-08  2.050073E-08
  1.040000E+03  4.451858E-07  1.058480E-04 -3.875141E-07  1.936436E-04 -1.702934E-02  2.049382E-08  2.049740E-08
  1.041000E+03 -3.975670E-07  1.065397E-04 -5.701332E-07  1.923724E-04  2.296352E-03  2.049524E-08  2.049602E-08
  1.042000E+03 -1.089783E-07  1.069401E-04  9.100123E-07  1.916923E-04 -2.001507E-02  2.049550E-08  2.050191E-08
  1.043000E+03  4.969436E-07  1.057609E-04 -2.128872E-07  1.937960E-04 -1.193006E-02  2.049457E-08  2.049689E-08
  1.044000E+03 -3.325616E-07  1.068319E-04 -7.311640E-07  1.918532E-04  3.078340E-04  2.049605E-08  2.049786E-08
  1.045000E+03 -2.149071E-07  1.066948E-04  8.617571E-07  1.921488E-04 -2.312903E-02  2.049580E-08  2.050246E-08
  1.046000E+03  5.214924E-07  1.057848E-04 -1.504200E-08  1.937512E-04 -6.468135E-03  2.049551E-08  2.049674E-08
  1.047000E+03 -2.408882E-07  1.070425E-04 -8.576152E-07  1.914828E-04 -3.588895E-03  2.049666E-08  2.049976E-08
  1.048000E+03 -3.140169E-07  1.063966E-04  7.607700E-07  1.926951E-04 -2.394540E-02  2.049623E-08  2.050251E-08
  1.049000E+03  5.202068E-07  1.059317E-04  1.859548E-07  1.934874E-04 -1.728309E-03  2.049643E-08  2.049693E-08
  1.050000E+03 -1.402870E-07  1.071487E-04 -9.448617E-07  1.913031E-04 -8.818758E-03  2.049708E-08  2.050154E-08
  1.051000E+03 -4.011370E-07  1.061087E-04  6.357508E-07  1.932147E-04 -2.227306E-02  2.049667E-08  2.050203E-08
  1.052000E+03  5.005269E-07  1.061743E-04  3.842573E-07  1.930518E-04  1.623669E-03  2.049712E-08  2.049741E-08
  1.053000E+03 -3.189622E-08  1.071389E-04 -9.981171E-07  1.913362E-04 -1.416607E-02  2.049749E-08  2.050312E-08
  1.054000E+03 -4.763579E-07  1.058878E-04  4.820355E-07  1.936107E-04 -1.849834E-02  2.049751E-08  2.050161E-08
  1.055000E+03  4.606904E-07  1.064704E-04  5.776710E-07  1.925205E-04  2.757016E-03  2.049767E-08  2.049834E-08
  1.056000E+03  7.968471E-08  1.070172E-04 -1.011687E-06  1.915733E-04 -1.902125E-02  2.049793E-08  2.050440E-08
  1.057000E+03 -5.345228E-07  1.057685E-04  3.013018E-07  1.938226E-04 -1.349578E-02  2.049846E-08  2.050125E-08
  1.058000E+03  3.936099E-07  1.067679E-04  7.548702E-07  1.919862E-04  1.461376E-03  2.049794E-08  2.049952E-08
  1.059000E+03  1.943649E-07  1.067912E-04 -9.766928E-07  1.919949E-04 -2.263703E-02  2.049812E-08  2.050496E-08
  1.060000E+03 -5.713946E-07  1.057591E-04  1.013842E-07  1.938333E-04 -7.889255E-03  2.049899E-08  2.050058E-08
  1.061000E+03  3.146634E-07  1.070095E-04  9.027665E-07  1.915534E-04 -1.926767E-03  2.049799E-08  2.050084E-08
  1.062000E+03  3.010289E-07  1.065063E-04 -9.120816E-07  1.925170E-04 -2.422559E-02  2.049827E-08  2.050495E-08
  1.063000E+03 -5.883851E-07  1.058712E-04 -1.092962E-07  1.936225E-04 -2.869079E-03  2.049895E-08  2.049971E-08
  1.064000E+03  2.134180E-07  1.071556E-04  1.021480E-06  1.912954E-04 -6.895216E-03  2.049790E-08  2.050214E-08
  1.065000E+03  4.086390E-07  1.062080E-04 -7.883189E-07  1.930556E-04 -2.358177E-02  2.049835E-08  2.050437E-08
  1.066000E+03 -5.748529E-07  1.060859E-04 -3.477270E-07  1.932209E-04  7.935058E-04  2.049802E-08  2.049839E-08
  1.067000E+03  8.782107E-08  1.071882E-04  1.102313E-06  1.912443E-04 -1.267174E-02  2.049748E-08  2.050312E-08
  1.068000E+03  5.046008E-07  1.059479E-04 -6.041553E-07  1.935162E-04 -2.052816E-02  2.049831E-08  2.050318E-08
  1.069000E+03 -5.241173E-07  1.063706E-04 -5.787190E-07  1.926925E-04  2.802447E-03  2.049674E-08  2.049730E-08
  1.070000E+03 -5.156348E-08  1.070934E-04  1.110291E-06  1.914231E-04 -1.799740E-02  2.049682E-08  2.050347E-08
  1.071000E+03  5.679331E-07  1.057734E-04 -3.674171E-07  1.938173E-04 -1.560287E-02  2.049823E-08  2.050167E-08
  1.072000E+03 -4.323791E-07  1.066751E-04 -7.803993E-07  1.921337E-04  2.390802E-03  2.049582E-08  2.049713E-08
  1.073000E+03 -1.959313E-07  1.068842E-04  1.038907E-06  1.918085E-04 -2.226388E-02  2.049622E-08  2.050339E-08
  1.074000E+03  5.976722E-07  1.057223E-04 -9.841944E-08  1.938895E-04 -9.838946E-03  2.049745E-08  2.049953E-08
  1.075000E+03 -3.137620E-07  1.069492E-04 -9.412132E-07  1.916333E-04 -4.672923E-04  2.049503E-08  2.049755E-08
  1.076000E+03 -3.279157E-07  1.065934E-04  9.110083E-07  1.923350E-04 -2.441047E-02  2.049553E-08  2.050255E-08
  1.077000E+03  5.939411E-07  1.058002E-04  1.646133E-07  1.937242E-04 -3.930177E-03  2.049591E-08  2.049691E-08
  1.078000E+03 -1.834240E-07  1.071312E-04 -1.052141E-06  1.913043E-04 -5.030523E-03  2.049439E-08  2.049832E-08
  1.079000E+03 -4.424527E-07  1.062682E-04  7.488009E-07  1.929182E-04 -2.392884E-02  2.049522E-08  2.050144E-08
  1.080000E+03  5.655609E-07  1.060006E-04  4.129402E-07  1.933436E-04  7.533125E-04  2.049454E-08  2.049499E-08
  1.081000E+03 -4.862992E-08  1.071913E-04 -1.115413E-06  1.912026E-04 -1.080982E-02  2.049407E-08  2.049936E-08
  1.082000E+03 -5.350353E-07  1.059792E-04  5.514274E-07  1.934302E-04 -2.103000E-02  2.049503E-08  2.050006E-08
  1.083000E+03  5.068655E-07  1.062912E-04  6.441970E-07  1.928088E-04  3.263440E-03  2.049378E-08  2.049429E-08
  1.084000E+03  9.432713E-08  1.071206E-04 -1.112732E-06  1.913431E-04 -1.665257E-02  2.049395E-08  2.050036E-08
  1.085000E+03 -5.970056E-07  1.057798E-04  3.143278E-07  1.937731E-04 -1.632449E-02  2.049455E-08  2.049820E-08
  1.086000E+03  4.158040E-07  1.066032E-04  8.455932E-07  1.922414E-04  3.147112E-03  2.049345E-08  2.049459E-08
  1.087000E+03  2.392521E-07  1.069170E-04 -1.046693E-06  1.917259E-04 -2.129266E-02  2.049411E-08  2.050106E-08
  1.088000E+03 -6.262760E-07  1.056986E-04  4.437003E-08  1.939033E-04 -1.055428E-02  2.049417E-08  2.049649E-08
  1.089000E+03  2.921731E-07  1.068858E-04  1.013476E-06  1.917355E-04  5.010215E-04  2.049380E-08  2.049603E-08
  1.090000E+03  3.822018E-07  1.066343E-04 -9.063679E-07  1.922540E-04 -2.402298E-02  2.049496E-08  2.050196E-08
  1.091000E+03 -6.163474E-07  1.057592E-04 -2.459129E-07  1.937863E-04 -4.965990E-03  2.049443E-08  2.049566E-08
  1.092000E+03  1.409897E-07  1.070884E-04  1.124948E-06  1.913824E-04 -4.328151E-03  2.049465E-08  2.049825E-08
  1.093000E+03  5.046341E-07  1.063193E-04 -7.063234E-07  1.928317E-04 -2.439571E-02  2.049563E-08  2.050216E-08
  1.094000E+03 -5.714571E-07  1.059466E-04 -5.263200E-07  1.934453E-04 -5.053909E-04  2.049487E-08  2.049543E-08
  1.095000E+03 -1.769953E-08  1.071747E-04  1.172689E-06  1.912478E-04 -1.009185E-02  2.049589E-08  2.050090E-08
  1.096000E+03  5.978735E-07  1.060340E-04 -4.674806E-07  1.933431E-04 -2.199191E-02  2.049598E-08  2.050140E-08
  1.097000E+03 -4.913627E-07  1.062287E-04 -7.829035E-07  1.929373E-04  2.285547E-03  2.049543E-08  2.049588E-08
  1.098000E+03 -1.844028E-07  1.071317E-04  1.147338E-06  1.913491E-04 -1.575371E-02  2.049701E-08  2.050320E-08
  1.099000E+03  6.578233E-07  1.058309E-04 -1.844918E-07  1.936987E-04 -1.761563E-02  2.049613E-08  2.050016E-08
  1.100000E+03 -3.759761E-07  1.065434E-04 -1.003965E-06  1.923747E-04  2.595903E-03  2.049619E-08  2.049716E-08
  1.101000E+03 -3.406754E-07  1.069601E-04  1.048305E-06  1.916822E-04 -2.041588E-02  2.049806E-08  2.050488E-08
  1.102000E+03  6.732509E-07  1.057328E-04  1.042133E-07  1.938663E-04 -1.204281E-02  2.049654E-08  2.049916E-08
  1.103000E+03 -2.418917E-07  1.068231E-04 -1.143793E-06  1.918789E-04  6.114684E-04  2.049709E-08  2.049902E-08
  1.104000E+03 -4.609626E-07  1.066970E-04  8.854225E-07  1.921720E-04 -2.323880E-02  2.049864E-08  2.050550E-08
  1.105000E+03  6.417494E-07  1.057651E-04  3.695275E-07  1.938005E-04 -6.464178E-03  2.049690E-08  2.049836E-08
  1.106000E+03 -9.319546E-08  1.070320E-04 -1.205017E-06  1.915141E-04 -3.460843E-03  2.049802E-08  2.050118E-08
  1.107000E+03 -5.610194E-07  1.063955E-04  6.651926E-07  1.927206E-04 -2.393385E-02  2.049875E-08  2.050517E-08
  1.108000E+03  5.777927E-07  1.059222E-04  6.315107E-07  1.935124E-04 -1.857654E-03  2.049724E-08  2.049792E-08
  1.109000E+03  6.315775E-08  1.071316E-04 -1.214225E-06  1.913491E-04 -8.728077E-03  2.049876E-08  2.050319E-08
  1.110000E+03 -6.305906E-07  1.061153E-04  4.153218E-07  1.932210E-04 -2.216141E-02  2.049868E-08  2.050414E-08
  1.111000E+03  4.835144E-07  1.061738E-04  8.482464E-07  1.930593E-04  1.099979E-03  2.049783E-08  2.049825E-08
  1.112000E+03  2.079872E-07  1.071124E-04 -1.149327E-06  1.914001E-04 -1.430345E-02  2.049923E-08  2.050481E-08
  1.113000E+03 -6.622045E-07  1.059032E-04  1.512562E-07  1.935915E-04 -1.840938E-02  2.049849E-08  2.050266E-08
  1.114000E+03  3.660556E-07  1.064701E-04  1.008963E-06  1.925248E-04  1.820797E-03  2.049811E-08  2.049885E-08
  1.115000E+03  3.336757E-07  1.069784E-04 -1.026252E-06  1.916542E-04 -1.911065E-02  2.049912E-08  2.050549E-08
  1.116000E+03 -6.588262E-07  1.058000E-04 -1.086599E-07  1.937615E-04 -1.347760E-02  2.049811E-08  2.050091E-08
  1.117000E+03  2.366043E-07  1.067517E-04  1.119299E-06  1.920151E-04  1.903634E-04  2.049795E-08  2.049953E-08
  1.118000E+03  4.432357E-07  1.067438E-04 -8.641229E-07  1.920816E-04 -2.236710E-02  2.049838E-08  2.050499E-08
  1.119000E+03 -6.274156E-07  1.057995E-04 -3.558404E-07  1.937455E-04 -8.108405E-03  2.049751E-08  2.049910E-08
  1.120000E+03  1.052120E-07  1.069613E-04  1.169678E-06  1.916351E-04 -3.121176E-03  2.049744E-08  2.050014E-08
  1.121000E+03  5.253826E-07  1.064651E-04 -6.725506E-07  1.925811E-04 -2.328665E-02  2.049760E-08  2.050380E-08
  1.122000E+03 -5.679113E-07  1.059236E-04 -5.751816E-07  1.935101E-04 -3.416280E-03  2.049716E-08  2.049789E-08
  1.123000E+03 -2.482004E-08  1.070779E-04  1.169303E-06  1.914269E-04 -7.872176E-03  2.049696E-08  2.050089E-08
  1.124000E+03  5.850100E-07  1.061933E-04 -4.552124E-07  1.930619E-04 -2.207517E-02  2.049690E-08  2.050226E-08
  1.125000E+03 -4.848299E-07  1.061377E-04 -7.628089E-07  1.931158E-04 -2.756902E-04  2.049686E-08  2.049724E-08
  1.126000E+03 -1.488850E-07  1.070702E-04  1.115117E-06  1.914455E-04 -1.306553E-02  2.049635E-08  2.050133E-08
  1.127000E+03  6.129447E-07  1.059609E-04 -2.289955E-07  1.934649E-04 -1.871062E-02  2.049614E-08  2.050026E-08
  1.128000E+03 -3.916802E-07  1.063937E-04 -8.974030E-07  1.926459E-04  1.235274E-03  2.049629E-08  2.049684E-08
  1.129000E+03 -2.544872E-07  1.069554E-04  1.022738E-06  1.916573E-04 -1.754554E-02  2.049563E-08  2.050130E-08
  1.130000E+03  6.138720E-07  1.058257E-04 -1.284847E-08  1.936931E-04 -1.401451E-02  2.049569E-08  2.049850E-08
  1.131000E+03 -2.887475E-07  1.066579E-04 -9.871854E-07  1.921634E-04  4.691374E-04  2.049575E-08  2.049695E-08
  1.132000E+03 -3.431907E-07  1.067517E-04  8.951200E-07  1.920292E-04 -2.085405E-02  2.049499E-08  2.050094E-08
  1.133000E+03  5.899781E-07  1.058062E-04  1.857975E-07  1.937178E-04 -8.937255E-03  2.049573E-08  2.049737E-08
  1.134000E+03 -1.868458E-07  1.068780E-04 -1.038633E-06  1.917655E-04 -2.417208E-03  2.049545E-08  2.049764E-08
  1.135000E+03 -4.148609E-07  1.064981E-04  7.485358E-07  1.924900E-04 -2.234576E-02  2.049471E-08  2.050049E-08
  1.136000E+03  5.485604E-07  1.059021E-04  3.650383E-07  1.935389E-04 -4.181585E-03  2.049599E-08  2.049675E-08
  1.137000E+03 -8.137551E-08  1.070208E-04 -1.047696E-06  1.915111E-04 -6.627142E-03  2.049523E-08  2.049858E-08
  1.138000E+03 -4.685999E-07  1.062405E-04  5.717734E-07  1.929552E-04 -2.158313E-02  2.049489E-08  2.049997E-08
  1.139000E+03  4.909143E-07  1.061015E-04  5.252122E-07  1.931775E-04 -6.619274E-04  2.049641E-08  2.049673E-08
  1.140000E+03  2.755562E-08  1.070598E-04 -1.028534E-06  1.914504E-04 -1.166027E-02  2.049525E-08  2.049976E-08
  1.141000E+03 -5.061986E-07  1.060248E-04  3.813713E-07  1.933436E-04 -1.889622E-02  2.049555E-08  2.049957E-08
  1.142000E+03  4.196908E-07  1.063667E-04  6.642242E-07  1.926977E-04  8.531990E-04  2.049662E-08  2.049704E-08
  1.143000E+03  1.246893E-07  1.069893E-04 -9.700790E-07  1.915914E-04 -1.654382E-02  2.049542E-08  2.050087E-08
  1.144000E+03 -5.180666E-07  1.058924E-04  1.970401E-07  1.935831E-04 -1.481879E-02  2.049674E-08  2.049955E-08
  1.145000E+03  3.374313E-07  1.066318E-04  7.610292E-07  1.922206E-04  1.639252E-04  2.049682E-08  2.049784E-08
  1.146000E+03  2.120072E-07  1.068010E-04 -8.719601E-07  1.919446E-04 -2.012050E-02  2.049574E-08  2.050151E-08
  1.147000E+03 -5.088664E-07  1.058585E-04  9.716568E-09  1.936453E-04 -9.934072E-03  2.049799E-08  2.049962E-08
  1.148000E+03  2.431754E-07  1.068488E-04  8.259647E-07  1.918338E-04 -2.534490E-03  2.049715E-08  2.049909E-08
  1.149000E+03  2.808938E-07  1.065519E-04 -7.413089E-07  1.924061E-04 -2.179192E-02  2.049637E-08  2.050194E-08
  1.150000E+03 -4.810961E-07  1.059394E-04 -1.535651E-07  1.934978E-04 -5.346328E-03  2.049876E-08  2.049948E-08
  1.151000E+03  1.534475E-07  1.069884E-04  8.554577E-07  1.915885E-04 -6.605052E-03  2.049730E-08  2.050034E-08
  1.152000E+03  3.308938E-07  1.062936E-04 -6.093783E-07  1.928816E-04 -2.110799E-02  2.049752E-08  2.050232E-08
  1.153000E+03 -4.456944E-07  1.061214E-04 -2.909247E-07  1.931675E-04 -1.758871E-03  2.049918E-08  2.049943E-08
  1.154000E+03  7.229125E-08  1.070249E-04  8.562672E-07  1.915326E-04 -1.120722E-02  2.049747E-08  2.050153E-08
  1.155000E+03  3.701365E-07  1.060868E-04 -4.818968E-07  1.932617E-04 -1.847826E-02  2.049900E-08  2.050273E-08
  1.156000E+03 -4.064845E-07  1.063612E-04 -4.097698E-07  1.927333E-04 -1.700760E-04  2.049934E-08  2.049966E-08
  1.157000E+03  5.255378E-10  1.069573E-04  8.450294E-07  1.916652E-04 -1.561516E-02  2.049750E-08  2.050236E-08
  1.158000E+03  4.004378E-07  1.059609E-04 -3.573277E-07  1.934893E-04 -1.464438E-02  2.050009E-08  2.050266E-08
  1.159000E+03 -3.645742E-07  1.066021E-04 -5.103075E-07  1.922964E-04 -7.007459E-04  2.049921E-08  2.050004E-08
  1.160000E+03 -6.264182E-08  1.067916E-04  8.195594E-07  1.919740E-04 -1.885930E-02  2.049756E-08  2.050271E-08
  1.161000E+03  4.183463E-07  1.059312E-04 -2.412080E-07  1.935365E-04 -1.027064E-02  2.050047E-08  2.050197E-08
  1.162000E+03 -3.209873E-07  1.068067E-04 -5.844013E-07  1.919252E-04 -3.063744E-03  2.049880E-08  2.050050E-08
  1.163000E+03 -1.220327E-07  1.065697E-04  7.832306E-07  1.923830E-04 -2.056862E-02  2.049787E-08  2.050291E-08
  1.164000E+03  4.313881E-07  1.059976E-04 -1.141221E-07  1.934035E-04 -6.230303E-03  2.049992E-08  2.050061E-08
  1.165000E+03 -2.706503E-07  1.069368E-04 -6.635384E-07  1.916901E-04 -6.796020E-03  2.049826E-08  2.050099E-08
  1.166000E+03 -1.905747E-07  1.063423E-04  7.347509E-07  1.928018E-04 -2.045877E-02  2.049871E-08  2.050326E-08
  1.167000E+03  4.415000E-07  1.061448E-04  2.309503E-08  1.931258E-04 -3.272330E-03  2.049918E-08  2.049948E-08
  1.168000E+03 -2.063927E-07  1.069798E-04 -7.412554E-07  1.916162E-04 -1.095574E-02  2.049784E-08  2.050156E-08
  1.169000E+03 -2.618187E-07  1.061461E-04  6.513368E-07  1.931577E-04 -1.835240E-02  2.049948E-08  2.050312E-08
  1.170000E+03  4.342228E-07  1.063446E-04  1.775977E-07  1.927541E-04 -1.455816E-03  2.049833E-08  2.049863E-08
  1.171000E+03 -1.227283E-07  1.069240E-04 -7.953423E-07  1.917223E-04 -1.493115E-02  2.049743E-08  2.050189E-08
  1.172000E+03 -3.287076E-07  1.060114E-04  5.204737E-07  1.933922E-04 -1.494109E-02  2.049948E-08  2.050206E-08
  1.173000E+03  4.039291E-07  1.065609E-04  3.410304E-07  1.923522E-04 -1.522092E-03  2.049721E-08  2.049794E-08
  1.174000E+03 -2.436584E-08  1.067852E-04 -8.172467E-07  1.919778E-04 -1.815061E-02  2.049702E-08  2.050188E-08
  1.175000E+03 -3.836325E-07  1.059663E-04  3.631670E-07  1.934567E-04 -1.091148E-02  2.049866E-08  2.050022E-08
  1.176000E+03  3.580893E-07  1.067562E-04  4.881812E-07  1.919944E-04 -3.224447E-03  2.049648E-08  2.049799E-08
  1.177000E+03  7.161646E-08  1.065832E-04 -8.034429E-07  1.923479E-04 -1.968423E-02  2.049708E-08  2.050180E-08
  1.178000E+03 -4.233598E-07  1.060073E-04  2.027298E-07  1.933630E-04 -6.637903E-03  2.049743E-08  2.049816E-08
  1.179000E+03  3.015001E-07  1.068910E-04  6.194209E-07  1.917515E-04 -6.254363E-03  2.049611E-08  2.049855E-08
  1.180000E+03  1.596016E-07  1.063576E-04 -7.654793E-07  1.927580E-04 -1.955074E-02  2.049736E-08  2.050157E-08
  1.181000E+03 -4.481703E-07  1.061343E-04  4.833672E-08  1.931172E-04 -3.193223E-03  2.049625E-08  2.049655E-08
  1.182000E+03  2.360822E-07  1.069489E-04  7.222479E-07  1.916539E-04 -1.018700E-02  2.049610E-08  2.049951E-08
  1.183000E+03  2.418146E-07  1.061593E-04 -6.886154E-07  1.931155E-04 -1.781127E-02  2.049775E-08  2.050119E-08
  1.184000E+03 -4.462057E-07  1.063249E-04 -1.145862E-07  1.927620E-04 -1.352789E-03  2.049538E-08  2.049567E-08
  1.185000E+03  1.515393E-07  1.069094E-04  7.853631E-07  1.917365E-04 -1.421632E-02  2.049636E-08  2.050055E-08
  1.186000E+03  3.137062E-07  1.060171E-04 -5.713531E-07  1.933645E-04 -1.474232E-02  2.049772E-08  2.050023E-08
  1.187000E+03 -4.234480E-07  1.065275E-04 -2.797798E-07  1.923919E-04 -1.270999E-03  2.049502E-08  2.049568E-08
  1.188000E+03  5.577284E-08  1.067759E-04  8.174723E-07  1.919915E-04 -1.743357E-02  2.049695E-08  2.050152E-08
  1.189000E+03  3.751157E-07  1.059591E-04 -4.201571E-07  1.934571E-04 -1.094500E-02  2.049731E-08  2.049889E-08
  1.190000E+03 -3.759629E-07  1.067167E-04 -4.448498E-07  1.920530E-04 -3.079934E-03  2.049518E-08  2.049653E-08
  1.191000E+03 -4.924984E-08  1.065875E-04  8.025554E-07  1.923468E-04 -1.939591E-02  2.049791E-08  2.050252E-08
  1.192000E+03  4.160215E-07  1.059965E-04 -2.443524E-07  1.933790E-04 -7.305493E-03  2.049695E-08  2.049779E-08
  1.193000E+03 -3.091221E-07  1.068553E-04 -5.813950E-07  1.918148E-04 -6.433676E-03  2.049601E-08  2.049829E-08
  1.194000E+03 -1.440035E-07  1.063771E-04  7.473176E-07  1.927387E-04 -1.969235E-02  2.049901E-08  2.050328E-08
  1.195000E+03  4.327467E-07  1.061220E-04 -7.547683E-08  1.931461E-04 -4.232402E-03  2.049687E-08  2.049723E-08
  1.196000E+03 -2.336619E-07  1.069185E-04 -6.778001E-07  1.917206E-04 -1.021253E-02  2.049741E-08  2.050062E-08
  1.197000E+03 -2.259441E-07  1.061921E-04  6.586061E-07  1.930752E-04 -1.807375E-02  2.049971E-08  2.050322E-08
  1.198000E+03  4.256238E-07  1.063081E-04  9.798620E-08  1.928076E-04 -2.333651E-03  2.049696E-08  2.049725E-08
  1.199000E+03 -1.458090E-07  1.068972E-04 -7.351722E-07  1.917814E-04 -1.396563E-02  2.049891E-08  2.050290E-08
  1.200000E+03 -2.924517E-07  1.060575E-04  5.356056E-07  1.933112E-04 -1.524449E-02  2.049973E-08  2.050233E-08
  1.201000E+03  3.959941E-07  1.065082E-04  2.518629E-07  1.924470E-04 -2.064902E-03  2.049714E-08  2.049775E-08
  1.202000E+03 -6.012737E-08  1.067794E-04 -7.386815E-07  1.920114E-04 -1.694013E-02  2.049992E-08  2.050426E-08
  1.203000E+03 -3.259252E-07  1.059927E-04  3.996162E-07  1.934155E-04 -1.154511E-02  2.049928E-08  2.050092E-08
  1.204000E+03  3.459431E-07  1.066878E-04  3.522193E-07  1.921285E-04 -3.462681E-03  2.049764E-08  2.049884E-08
  1.205000E+03  4.679611E-09  1.066003E-04 -6.932695E-07  1.923471E-04 -1.876458E-02  2.050064E-08  2.050497E-08
  1.206000E+03 -3.353357E-07  1.060185E-04  2.738499E-07  1.933604E-04 -7.872075E-03  2.049915E-08  2.050001E-08
  1.207000E+03  2.881441E-07  1.068245E-04  4.258635E-07  1.918930E-04 -6.315673E-03  2.049847E-08  2.050050E-08
  1.208000E+03  6.303445E-08  1.064000E-04 -6.299007E-07  1.927127E-04 -1.923809E-02  2.050083E-08  2.050488E-08
  1.209000E+03 -3.328521E-07  1.061223E-04  1.553111E-07  1.931667E-04 -4.774760E-03  2.049906E-08  2.049941E-08
  1.210000E+03  2.319427E-07  1.068938E-04  4.625688E-07  1.917833E-04 -9.800264E-03  2.049947E-08  2.050237E-08
  1.211000E+03  1.013484E-07  1.062173E-04 -5.507052E-07  1.930367E-04 -1.806003E-02  2.050049E-08  2.050393E-08
  1.212000E+03 -3.144372E-07  1.062903E-04  6.273696E-08  1.928583E-04 -2.929245E-03  2.049888E-08  2.049910E-08
  1.213000E+03  1.833597E-07  1.068776E-04  4.683298E-07  1.918264E-04 -1.345278E-02  2.050010E-08  2.050376E-08
  1.214000E+03  1.270083E-07  1.060872E-04 -4.711990E-07  1.932588E-04 -1.551960E-02  2.049982E-08  2.050241E-08
  1.215000E+03 -2.866553E-07  1.064868E-04 -9.381623E-09  1.924994E-04 -2.655270E-03  2.049857E-08  2.049906E-08
  1.216000E+03  1.419539E-07  1.067864E-04  4.522024E-07  1.919986E-04 -1.657342E-02  2.050003E-08  2.050420E-08
  1.217000E+03  1.420492E-07  1.060278E-04 -3.946369E-07  1.933516E-04 -1.231971E-02  2.049909E-08  2.050080E-08
  1.218000E+03 -2.603653E-07  1.066601E-04 -6.644225E-08  1.921852E-04 -3.873229E-03  2.049833E-08  2.049939E-08
  1.219000E+03  1.109284E-07  1.066214E-04  4.327134E-07  1.922952E-04 -1.846605E-02  2.049929E-08  2.050351E-08
  1.220000E+03  1.460387E-07  1.060369E-04 -3.400583E-07  1.933223E-04 -8.718158E-03  2.049851E-08  2.049941E-08
  1.221000E+03 -2.376071E-07  1.067948E-04 -9.089756E-08  1.919472E-04 -6.143615E-03  2.049857E-08  2.050037E-08
  1.222000E+03  9.071059E-08  1.064368E-04  4.070742E-07  1.926235E-04 -1.895056E-02  2.049854E-08  2.050250E-08
  1.223000E+03  1.449070E-07  1.061249E-04 -2.972001E-07  1.931545E-04 -5.738135E-03  2.049816E-08  2.049855E-08
  1.224000E+03 -2.203212E-07  1.068647E-04 -1.065038E-07  1.918273E-04 -9.334021E-03  2.049867E-08  2.050129E-08
  1.225000E+03  7.488792E-08  1.062608E-04  3.773563E-07  1.929316E-04 -1.806093E-02  2.049772E-08  2.050113E-08
  1.226000E+03  1.391501E-07  1.062577E-04 -2.636204E-07  1.929087E-04 -3.819914E-03  2.049788E-08  2.049809E-08
  1.227000E+03 -2.091285E-07  1.068444E-04 -1.074639E-07  1.918656E-04 -1.244229E-02  2.049818E-08  2.050139E-08
  1.228000E+03  7.311439E-08  1.061205E-04  3.582004E-07  1.931715E-04 -1.566182E-02  2.049695E-08  2.049952E-08
  1.229000E+03  1.344892E-07  1.064238E-04 -2.544421E-07  1.926077E-04 -2.960038E-03  2.049796E-08  2.049830E-08
  1.230000E+03 -2.077356E-07  1.067605E-04 -1.018604E-07  1.920187E-04 -1.522502E-02  2.049764E-08  2.050126E-08
  1.231000E+03  7.775643E-08  1.060425E-04  3.463439E-07  1.933021E-04 -1.256558E-02  2.049662E-08  2.049835E-08
  1.232000E+03  1.302401E-07  1.065921E-04 -2.591253E-07  1.923062E-04 -3.575188E-03  2.049819E-08  2.049898E-08
  1.233000E+03 -2.118720E-07  1.066263E-04 -8.759962E-08  1.922631E-04 -1.724146E-02  2.049726E-08  2.050105E-08
  1.234000E+03  8.272266E-08  1.060398E-04  3.514312E-07  1.933028E-04 -9.380115E-03  2.049688E-08  2.049789E-08
  1.235000E+03  1.341338E-07  1.067272E-04 -2.700262E-07  1.920660E-04 -5.529325E-03  2.049835E-08  2.049979E-08
  1.236000E+03 -2.239546E-07  1.064651E-04 -8.313127E-08  1.925535E-04 -1.792949E-02  2.049693E-08  2.050056E-08
  1.237000E+03  8.876662E-08  1.061139E-04  3.674135E-07  1.931709E-04 -6.408786E-03  2.049769E-08  2.049817E-08
  1.238000E+03  1.447448E-07  1.068128E-04 -2.883801E-07  1.919179E-04 -8.208638E-03  2.049861E-08  2.050078E-08
  1.239000E+03 -2.404158E-07  1.063114E-04 -9.085807E-08  1.928294E-04 -1.732776E-02  2.049689E-08  2.050008E-08
  1.240000E+03  8.927458E-08  1.062466E-04  3.945072E-07  1.929361E-04 -4.358201E-03  2.049861E-08  2.049887E-08
  1.241000E+03  1.641074E-07  1.068339E-04 -3.025543E-07  1.918884E-04 -1.135358E-02  2.049886E-08  2.050176E-08
  1.242000E+03 -2.561783E-07  1.061936E-04 -1.120688E-07  1.930438E-04 -1.568442E-02  2.049749E-08  2.050007E-08
  1.243000E+03  8.472148E-08  1.064169E-04  4.354694E-07  1.926361E-04 -3.611811E-03  2.049960E-08  2.049999E-08
  1.244000E+03  1.939302E-07  1.067851E-04 -3.210445E-07  1.919851E-04 -1.438123E-02  2.049902E-08  2.050250E-08
  1.245000E+03 -2.793598E-07  1.061137E-04 -1.478684E-07  1.931907E-04 -1.319884E-02  2.049840E-08  2.050028E-08
  1.246000E+03  7.255352E-08  1.065744E-04  4.882581E-07  1.923580E-04 -4.066025E-03  2.050027E-08  2.050106E-08
  1.247000E+03  2.292306E-07  1.066645E-04 -3.309520E-07  1.922085E-04 -1.654763E-02  2.049902E-08  2.050272E-08
  1.248000E+03 -3.012989E-07  1.060914E-04 -1.950171E-07  1.932337E-04 -1.021806E-02  2.049936E-08  2.050056E-08
  1.249000E+03  4.902648E-08  1.067092E-04  5.487883E-07  1.921185E-04 -5.763701E-03  2.050047E-08  2.050188E-08
  1.250000E+03  2.745184E-07  1.065072E-04 -3.182078E-07  1.924959E-04 -1.759849E-02  2.049903E-08  2.050267E-08
  1.251000E+03 -3.159847E-07  1.061408E-04 -2.774830E-07  1.931455E-04 -7.258219E-03  2.050008E-08  2.050074E-08
  1.252000E+03  4.629360E-09  1.067960E-04  6.132610E-07  1.919651E-04 -8.156124E-03  2.050042E-08  2.050255E-08
  1.253000E+03  3.310197E-07  1.063513E-04 -2.729175E-07  1.927810E-04 -1.712551E-02  2.049951E-08  2.050273E-08
  1.254000E+03 -3.148281E-07  1.062551E-04 -3.901829E-07  1.929413E-04 -4.960793E-03  2.050074E-08  2.050114E-08
  1.255000E+03 -5.853105E-08  1.068224E-04  6.625652E-07  1.919225E-04 -1.104953E-02  2.050037E-08  2.050320E-08
  1.256000E+03  3.861533E-07  1.062228E-04 -1.902569E-07  1.930151E-04 -1.552463E-02  2.050013E-08  2.050275E-08
  1.257000E+03 -2.894283E-07  1.064111E-04 -5.217375E-07  1.926608E-04 -3.914842E-03  2.050109E-08  2.050158E-08
  1.258000E+03 -1.437697E-07  1.067833E-04  6.751853E-07  1.919988E-04 -1.390265E-02  2.050028E-08  2.050368E-08
  1.259000E+03  4.310480E-07  1.061379E-04 -5.730337E-08  1.931683E-04 -1.322847E-02  2.050068E-08  2.050265E-08
  1.260000E+03 -2.372554E-07  1.065628E-04 -6.565643E-07  1.923842E-04 -4.121914E-03  2.050083E-08  2.050168E-08
  1.261000E+03 -2.382283E-07  1.066801E-04  6.494103E-07  1.921891E-04 -1.606855E-02  2.050011E-08  2.050379E-08
  1.262000E+03  4.597060E-07  1.061161E-04  1.001336E-07  1.932034E-04 -1.050464E-02  2.050087E-08  2.050221E-08
  1.263000E+03 -1.654383E-07  1.066924E-04 -7.679478E-07  1.921462E-04 -5.673416E-03  2.050020E-08  2.050165E-08
  1.264000E+03 -3.288219E-07  1.065374E-04  5.739499E-07  1.924497E-04 -1.723020E-02  2.050004E-08  2.050371E-08
  1.265000E+03  4.561388E-07  1.061581E-04  2.767330E-07  1.931198E-04 -7.960251E-03  2.050058E-08  2.050144E-08
  1.266000E+03 -6.976002E-08  1.067762E-04 -8.325456E-07  1.919912E-04 -8.207083E-03  2.049939E-08  2.050155E-08
  1.267000E+03 -4.026135E-07  1.063880E-04  4.477144E-07  1.927200E-04 -1.721958E-02  2.050006E-08  2.050344E-08
  1.268000E+03  4.210725E-07  1.062529E-04  4.419274E-07  1.929371E-04 -5.858543E-03  2.049978E-08  2.050036E-08
  1.269000E+03  2.998960E-08  1.068044E-04 -8.405070E-07  1.919389E-04 -1.080852E-02  2.049872E-08  2.050151E-08
  1.270000E+03 -4.461088E-07  1.062579E-04  2.980652E-07  1.929506E-04 -1.588212E-02  2.049994E-08  2.050275E-08
  1.271000E+03  3.616365E-07  1.063764E-04  5.703717E-07  1.927018E-04 -4.588483E-03  2.049870E-08  2.049926E-08
  1.272000E+03  1.231556E-07  1.067736E-04 -7.952918E-07  1.919964E-04 -1.332961E-02  2.049833E-08  2.050159E-08
  1.273000E+03 -4.597780E-07  1.061710E-04  1.376199E-07  1.931015E-04 -1.385403E-02  2.049982E-08  2.050198E-08
  1.274000E+03  2.860280E-07  1.065133E-04  6.596603E-07  1.924471E-04 -4.522235E-03  2.049796E-08  2.049877E-08
  1.275000E+03  2.045680E-07  1.066951E-04 -7.138697E-07  1.921446E-04 -1.543077E-02  2.049845E-08  2.050201E-08
  1.276000E+03 -4.562672E-07  1.061334E-04 -2.215102E-08  1.931613E-04 -1.125967E-02  2.049955E-08  2.050105E-08
  1.277000E+03  2.016817E-07  1.066370E-04  7.216554E-07  1.922213E-04 -5.250678E-03  2.049762E-08  2.049885E-08
  1.278000E+03  2.751904E-07  1.065734E-04 -6.087228E-07  1.923722E-04 -1.647482E-02  2.049898E-08  2.050247E-08
  1.279000E+03 -4.363377E-07  1.061434E-04 -1.831183E-07  1.931322E-04 -8.509697E-03  2.049897E-08  2.049990E-08
  1.280000E+03  1.070535E-07  1.067304E-04  7.667965E-07  1.920520E-04 -6.883523E-03  2.049730E-08  2.049906E-08
  1.281000E+03  3.412459E-07  1.064381E-04 -4.817238E-07  1.926225E-04 -1.667055E-02  2.049951E-08  2.050275E-08
  1.282000E+03 -4.042211E-07  1.062071E-04 -3.430187E-07  1.930072E-04 -6.204308E-03  2.049833E-08  2.049891E-08
  1.283000E+03  1.191237E-08  1.067832E-04  7.823761E-07  1.919621E-04 -9.235157E-03  2.049746E-08  2.049982E-08
  1.284000E+03  3.891055E-07  1.063123E-04 -3.520390E-07  1.928538E-04 -1.592168E-02  2.050014E-08  2.050296E-08
  1.285000E+03 -3.642437E-07  1.063181E-04 -4.715430E-07  1.928022E-04 -4.743605E-03  2.049814E-08  2.049862E-08
  1.286000E+03 -7.138211E-08  1.067737E-04  7.780742E-07  1.919920E-04 -1.190320E-02  2.049823E-08  2.050112E-08
  1.287000E+03  4.238774E-07  1.062015E-04 -2.230726E-07  1.930543E-04 -1.422642E-02  2.050058E-08  2.050283E-08
  1.288000E+03 -3.112160E-07  1.064460E-04 -5.768689E-07  1.925713E-04 -4.276930E-03  2.049826E-08  2.049889E-08
  1.289000E+03 -1.434439E-07  1.067107E-04  7.390036E-07  1.921226E-04 -1.427063E-02  2.049945E-08  2.050270E-08
  1.290000E+03  4.365084E-07  1.061409E-04 -9.458789E-08  1.931611E-04 -1.208360E-02  2.050081E-08  2.050249E-08
  1.291000E+03 -2.508780E-07  1.065736E-04 -6.529521E-07  1.923431E-04 -5.043160E-03  2.049845E-08  2.049944E-08
  1.292000E+03 -2.096851E-07  1.066085E-04  6.816908E-07  1.923228E-04 -1.603173E-02  2.050062E-08  2.050405E-08
  1.293000E+03  4.415072E-07  1.061376E-04  3.537701E-08  1.931638E-04 -9.913848E-03  2.050092E-08  2.050212E-08
  1.294000E+03 -1.844901E-07  1.066774E-04 -7.243819E-07  1.921643E-04 -6.789866E-03  2.049911E-08  2.050064E-08
  1.295000E+03 -2.817904E-07  1.064862E-04  6.168823E-07  1.925558E-04 -1.668052E-02  2.050167E-08  2.050501E-08
  1.296000E+03  4.443534E-07  1.061927E-04  1.790185E-07  1.930587E-04 -7.638452E-03  2.050082E-08  2.050160E-08
  1.297000E+03 -1.134323E-07  1.067471E-04 -7.926891E-07  1.920529E-04 -8.882151E-03  2.050028E-08  2.050241E-08
  1.298000E+03 -3.478771E-07  1.063670E-04  5.382745E-07  1.927773E-04 -1.618981E-02  2.050247E-08  2.050545E-08
  1.299000E+03  4.322009E-07  1.062932E-04  3.219793E-07  1.928715E-04 -6.036211E-03  2.050056E-08  2.050117E-08
  1.300000E+03 -3.643370E-08  1.067620E-04 -8.390428E-07  1.920397E-04 -1.122811E-02  2.050126E-08  2.050393E-08
  1.301000E+03 -4.122353E-07  1.062623E-04  4.406136E-07  1.929660E-04 -1.487751E-02  2.050273E-08  2.050523E-08
  1.302000E+03  4.129253E-07  1.064029E-04  4.700546E-07  1.926712E-04 -5.204201E-03  2.050050E-08  2.050117E-08
  1.303000E+03  4.887442E-08  1.067193E-04 -8.843562E-07  1.921285E-04 -1.324623E-02  2.050202E-08  2.050503E-08
  1.304000E+03 -4.800229E-07  1.061885E-04  3.233380E-07  1.930936E-04 -1.300822E-02  2.050258E-08  2.050455E-08
  1.305000E+03  3.839267E-07  1.065154E-04  6.374341E-07  1.924709E-04 -5.346258E-03  2.050082E-08  2.050175E-08
  1.306000E+03  1.514676E-07  1.066390E-04 -9.165575E-07  1.922825E-04 -1.491644E-02  2.050254E-08  2.050578E-08
  1.307000E+03 -5.392186E-07  1.061616E-04  1.675481E-07  1.931315E-04 -1.100868E-02  2.050190E-08  2.050342E-08
  1.308000E+03  3.314994E-07  1.066151E-04  8.024040E-07  1.922939E-04 -6.446688E-03  2.050100E-08  2.050237E-08
  1.309000E+03  2.642799E-07  1.065322E-04 -9.055836E-07  1.924775E-04 -1.583317E-02  2.050248E-08  2.050575E-08
  1.310000E+03 -5.854401E-07  1.061886E-04 -2.120552E-08  1.930697E-04 -8.957047E-03  2.050099E-08  2.050212E-08
  1.311000E+03  2.555230E-07  1.066862E-04  9.635511E-07  1.921687E-04 -8.099776E-03  2.050108E-08  2.050297E-08
  1.312000E+03  3.832723E-07  1.064253E-04 -8.506972E-07  1.926654E-04 -1.598095E-02  2.050185E-08  2.050499E-08
  1.313000E+03 -6.073548E-07  1.062547E-04 -2.410957E-07  1.929397E-04 -7.330226E-03  2.050019E-08  2.050111E-08
  1.314000E+03  1.517552E-07  1.067235E-04  1.096284E-06  1.921042E-04 -1.008099E-02  2.050100E-08  2.050343E-08
  1.315000E+03  4.956233E-07  1.063313E-04 -7.408245E-07  1.928231E-04 -1.537131E-02  2.050072E-08  2.050359E-08
  1.316000E+03 -6.039871E-07  1.063542E-04 -4.660649E-07  1.927521E-04 -6.404858E-03  2.049957E-08  2.050049E-08
  1.317000E+03  3.285946E-08  1.067160E-04  1.185759E-06  1.921226E-04 -1.216334E-02  2.050103E-08  2.050394E-08
  1.318000E+03  5.930336E-07  1.062526E-04 -5.839168E-07  1.929527E-04 -1.413307E-02  2.049968E-08  2.050216E-08
  1.319000E+03 -5.698396E-07  1.064454E-04 -6.996179E-07  1.925834E-04 -6.076079E-03  2.049923E-08  2.050029E-08
  1.320000E+03 -1.034667E-07  1.066616E-04  1.232405E-06  1.922205E-04 -1.371892E-02  2.050062E-08  2.050378E-08
  1.321000E+03  6.814563E-07  1.062096E-04 -3.889402E-07  1.930206E-04 -1.231453E-02  2.049908E-08  2.050110E-08
  1.322000E+03 -5.080648E-07  1.065388E-04 -9.301700E-07  1.924155E-04 -6.472046E-03  2.049930E-08  2.050066E-08
  1.323000E+03 -2.462431E-07  1.065855E-04  1.229740E-06  1.923550E-04 -1.487272E-02  2.049998E-08  2.050328E-08
  1.324000E+03  7.448379E-07  1.062064E-04 -1.580027E-07  1.930191E-04 -1.052332E-02  2.049873E-08  2.050037E-08
  1.325000E+03 -4.184880E-07  1.066139E-04 -1.128698E-06  1.922834E-04 -7.568269E-03  2.049949E-08  2.050126E-08
  1.326000E+03 -3.867010E-07  1.064859E-04  1.175939E-06  1.925286E-04 -1.542224E-02  2.049914E-08  2.050241E-08
  1.327000E+03  7.837231E-07  1.062271E-04  1.002173E-07  1.929775E-04 -8.652432E-03  2.049867E-08  2.050001E-08
  1.328000E+03 -3.040207E-07  1.066580E-04 -1.306561E-06  1.922102E-04 -8.807310E-03  2.049996E-08  2.050211E-08
  1.329000E+03 -5.301753E-07  1.063880E-04  1.074140E-06  1.927001E-04 -1.508317E-02  2.049865E-08  2.050170E-08
  1.330000E+03  7.917323E-07  1.062849E-04  3.779068E-07  1.928726E-04 -7.162525E-03  2.049892E-08  2.050010E-08
  1.331000E+03 -1.735763E-07  1.066757E-04 -1.434146E-06  1.921859E-04 -1.039367E-02  2.050046E-08  2.050302E-08
  1.332000E+03 -6.586165E-07  1.063025E-04  9.237023E-07  1.928547E-04 -1.424582E-02  2.049886E-08  2.050162E-08
  1.333000E+03  7.737831E-07  1.063677E-04  6.522120E-07  1.927267E-04 -6.352913E-03  2.049949E-08  2.050069E-08
  1.334000E+03 -2.555236E-08  1.066593E-04 -1.524101E-06  1.922202E-04 -1.213438E-02  2.050057E-08  2.050352E-08
  1.335000E+03 -7.693593E-07  1.062419E-04  7.229663E-07  1.929656E-04 -1.294725E-02  2.049932E-08  2.050173E-08
  1.336000E+03  7.220559E-07  1.064627E-04  9.173151E-07  1.925618E-04 -6.142667E-03  2.050026E-08  2.050163E-08
  1.337000E+03  1.354037E-07  1.066160E-04 -1.563100E-06  1.923003E-04 -1.349999E-02  2.050043E-08  2.050364E-08
  1.338000E+03 -8.590589E-07  1.062178E-04  4.745294E-07  1.930102E-04 -1.118365E-02  2.049982E-08  2.050184E-08
  1.339000E+03  6.379290E-07  1.065636E-04  1.167653E-06  1.923884E-04 -6.646171E-03  2.050115E-08  2.050285E-08
  1.340000E+03  3.023966E-07  1.065477E-04 -1.536210E-06  1.924276E-04 -1.453872E-02  2.050054E-08  2.050390E-08
  1.341000E+03 -9.183720E-07  1.062336E-04  1.867764E-07  1.929847E-04 -9.428302E-03  2.050056E-08  2.050225E-08
  1.342000E+03  5.177796E-07  1.066515E-04  1.382274E-06  1.922409E-04 -7.926021E-03  2.050214E-08  2.050432E-08
  1.343000E+03  4.634461E-07  1.064720E-04 -1.439599E-06  1.925727E-04 -1.504132E-02  2.050129E-08  2.050465E-08
  1.344000E+03 -9.461279E-07  1.062851E-04 -1.172608E-07  1.928984E-04 -8.042672E-03  2.050156E-08  2.050308E-08
  1.345000E+03  3.776233E-07  1.066949E-04  1.562140E-06  1.921720E-04 -9.603979E-03  2.050283E-08  2.050548E-08
  1.346000E+03  6.149994E-07  1.063788E-04 -1.291464E-06  1.927473E-04 -1.475283E-02  2.050199E-08  2.050515E-08
  1.347000E+03 -9.419395E-07  1.063531E-04 -4.192718E-07  1.927837E-04 -6.957775E-03  2.050264E-08  2.050409E-08
  1.348000E+03  2.204248E-07  1.066926E-04  1.684731E-06  1.921837E-04 -1.140842E-02  2.050324E-08  2.050629E-08
  1.349000E+03  7.475314E-07  1.063002E-04 -1.084417E-06  1.928894E-04 -1.377205E-02  2.050225E-08  2.050506E-08
  1.350000E+03 -8.919444E-07  1.064419E-04 -7.238250E-07  1.926277E-04 -6.555027E-03  2.050322E-08  2.050475E-08
  1.351000E+03  4.423094E-08  1.066523E-04  1.738733E-06  1.922607E-04 -1.296947E-02  2.050333E-08  2.050664E-08
  1.352000E+03  8.606538E-07  1.062504E-04 -8.187159E-07  1.929759E-04 -1.207075E-02  2.050226E-08  2.050463E-08
  1.353000E+03 -8.050407E-07  1.065376E-04 -1.024633E-06  1.924524E-04 -6.621470E-03  2.050297E-08  2.050473E-08
  1.354000E+03 -1.448112E-07  1.065886E-04  1.727571E-06  1.923776E-04 -1.408561E-02  2.050323E-08  2.050666E-08
  1.355000E+03  9.425099E-07  1.062429E-04 -5.085247E-07  1.929886E-04 -1.019698E-02  2.050260E-08  2.050455E-08
  1.356000E+03 -6.826618E-07  1.066243E-04 -1.297459E-06  1.922943E-04 -7.465999E-03  2.050267E-08  2.050481E-08
  1.357000E+03 -3.374729E-07  1.065105E-04  1.641074E-06  1.925178E-04 -1.477200E-02  2.050293E-08  2.050637E-08
  1.358000E+03  9.843358E-07  1.062769E-04 -1.563301E-07  1.929259E-04 -8.577158E-03  2.050281E-08  2.050448E-08
  1.359000E+03 -5.226500E-07  1.066750E-04 -1.516559E-06  1.922032E-04 -8.934967E-03  2.050246E-08  2.050500E-08
  1.360000E+03 -5.183478E-07  1.064187E-04  1.473109E-06  1.926785E-04 -1.467422E-02  2.050238E-08  2.050561E-08
  1.361000E+03  9.756048E-07  1.063391E-04  2.080683E-07  1.928064E-04 -7.361135E-03  2.050230E-08  2.050381E-08
  1.362000E+03 -3.411603E-07  1.066920E-04 -1.650015E-06  1.921726E-04 -1.069402E-02  2.050211E-08  2.050504E-08
  1.363000E+03 -6.670401E-07  1.063329E-04  1.234051E-06  1.928258E-04 -1.406614E-02  2.050171E-08  2.050463E-08
  1.364000E+03  9.153916E-07  1.064165E-04  5.546080E-07  1.926525E-04 -6.745729E-03  2.050095E-08  2.050245E-08
  1.365000E+03 -1.412182E-07  1.066697E-04 -1.691819E-06  1.922084E-04 -1.255906E-02  2.050119E-08  2.050444E-08
  1.366000E+03 -7.766474E-07  1.062734E-04  9.316461E-07  1.929250E-04 -1.292408E-02  2.050109E-08  2.050361E-08
  1.367000E+03  8.132408E-07  1.065033E-04  8.595561E-07  1.924846E-04 -6.874006E-03  2.049975E-08  2.050141E-08
  1.368000E+03  5.136615E-08  1.066150E-04 -1.650009E-06  1.923021E-04 -1.395021E-02  2.050031E-08  2.050371E-08
  1.369000E+03 -8.358670E-07  1.062486E-04  6.063777E-07  1.929607E-04 -1.117248E-02  2.050051E-08  2.050254E-08
  1.370000E+03  6.776262E-07  1.065842E-04  1.083338E-06  1.923335E-04 -7.342765E-03  2.049916E-08  2.050104E-08
  1.371000E+03  2.202055E-07  1.065355E-04 -1.524408E-06  1.924426E-04 -1.476765E-02  2.049974E-08  2.050309E-08
  1.372000E+03 -8.451915E-07  1.062551E-04  2.826901E-07  1.929373E-04 -9.382580E-03  2.049967E-08  2.050126E-08
  1.373000E+03  5.230252E-07  1.066503E-04  1.223978E-06  1.922134E-04 -8.481943E-03  2.049887E-08  2.050106E-08
  1.374000E+03  3.595441E-07  1.064475E-04 -1.340549E-06  1.926016E-04 -1.510248E-02  2.049962E-08  2.050282E-08
  1.375000E+03 -8.150101E-07  1.062979E-04 -2.329000E-08  1.928503E-04 -7.853401E-03  2.049894E-08  2.050023E-08
  1.376000E+03  3.595740E-07  1.066894E-04  1.305880E-06  1.921437E-04 -9.937664E-03  2.049868E-08  2.050121E-08
  1.377000E+03  4.708316E-07  1.063542E-04 -1.118561E-06  1.927683E-04 -1.447100E-02  2.049958E-08  2.050237E-08
  1.378000E+03 -7.563784E-07  1.063642E-04 -2.953226E-07  1.927226E-04 -6.473683E-03  2.049836E-08  2.049945E-08
  1.379000E+03  1.967063E-07  1.066887E-04  1.331182E-06  1.921489E-04 -1.153862E-02  2.049875E-08  2.050156E-08
  1.380000E+03  5.625372E-07  1.062736E-04 -8.698275E-07  1.929132E-04 -1.321436E-02  2.049979E-08  2.050210E-08
  1.381000E+03 -6.747889E-07  1.064534E-04 -5.514851E-07  1.925611E-04 -5.836412E-03  2.049844E-08  2.049955E-08
  1.382000E+03  3.680497E-08  1.066539E-04  1.315410E-06  1.922205E-04 -1.317954E-02  2.049928E-08  2.050232E-08
  1.383000E+03  6.238091E-07  1.062259E-04 -6.068511E-07  1.930004E-04 -1.152126E-02  2.050027E-08  2.050209E-08
  1.384000E+03 -5.776446E-07  1.065574E-04 -7.546979E-07  1.923807E-04 -6.115063E-03  2.049919E-08  2.050054E-08
  1.385000E+03 -1.063876E-07  1.065831E-04  1.258769E-06  1.923612E-04 -1.458960E-02  2.050027E-08  2.050345E-08
  1.386000E+03  6.623628E-07  1.062123E-04 -3.530410E-07  1.930273E-04 -9.594628E-03  2.050093E-08  2.050230E-08
  1.387000E+03 -4.709026E-07  1.066421E-04 -9.212631E-07  1.922394E-04 -7.198466E-03  2.050028E-08  2.050200E-08
  1.388000E+03 -2.350088E-07  1.064758E-04  1.159827E-06  1.925664E-04 -1.528299E-02  2.050127E-08  2.050438E-08
  1.389000E+03  6.680780E-07  1.062452E-04 -1.063005E-07  1.929688E-04 -7.717536E-03  2.050140E-08  2.050243E-08
  1.390000E+03 -3.562776E-07  1.067012E-04 -1.035099E-06  1.921459E-04 -9.120248E-03  2.050135E-08  2.050356E-08
  1.391000E+03 -3.428890E-07  1.063646E-04  1.029039E-06  1.927787E-04 -1.520956E-02  2.050245E-08  2.050532E-08
  1.392000E+03  6.527576E-07  1.063234E-04  1.249867E-07  1.928293E-04 -6.502914E-03  2.050184E-08  2.050273E-08
  1.393000E+03 -2.358005E-07  1.067148E-04 -1.114052E-06  1.921333E-04 -1.152677E-02  2.050211E-08  2.050485E-08
  1.394000E+03 -4.399573E-07  1.062688E-04  8.673789E-07  1.929578E-04 -1.424113E-02  2.050331E-08  2.050579E-08
  1.395000E+03  6.202046E-07  1.064322E-04  3.545259E-07  1.926374E-04 -5.909733E-03  2.050246E-08  2.050342E-08
  1.396000E+03 -1.071775E-07  1.066831E-04 -1.171092E-06  1.922003E-04 -1.349970E-02  2.050266E-08  2.050577E-08
  1.397000E+03 -5.273210E-07  1.062151E-04  6.825265E-07  1.930539E-04 -1.239545E-02  2.050366E-08  2.050561E-08
  1.398000E+03  5.711097E-07  1.065495E-04  5.700052E-07  1.924330E-04 -6.083330E-03  2.050327E-08  2.050449E-08
  1.399000E+03  2.235813E-08  1.066133E-04 -1.189566E-06  1.923354E-04 -1.492814E-02  2.050322E-08  2.050652E-08
  1.400000E+03 -5.945469E-07  1.062060E-04  4.748053E-07  1.930665E-04 -1.034335E-02  2.050373E-08  2.050521E-08
  1.401000E+03  4.985558E-07  1.066441E-04  7.690822E-07  1.922693E-04 -7.133325E-03  2.050387E-08  2.050551E-08
  1.402000E+03  1.547446E-07  1.065036E-04 -1.160895E-06  1.925397E-04 -1.554751E-02  2.050371E-08  2.050691E-08
  1.403000E+03 -6.414708E-07  1.062336E-04  2.482751E-07  1.930110E-04 -8.287085E-03  2.050356E-08  2.050466E-08
  1.404000E+03  4.079721E-07  1.066998E-04  9.526317E-07  1.921714E-04 -8.792930E-03  2.050386E-08  2.050598E-08
  1.405000E+03  2.910290E-07  1.063869E-04 -1.088999E-06  1.927497E-04 -1.542969E-02  2.050359E-08  2.050656E-08
  1.406000E+03 -6.708987E-07  1.063004E-04 -6.381948E-09  1.928857E-04 -6.787733E-03  2.050335E-08  2.050427E-08
  1.407000E+03  2.934189E-07  1.067180E-04  1.110850E-06  1.921388E-04 -1.089701E-02  2.050345E-08  2.050607E-08
  1.408000E+03  4.204114E-07  1.062838E-04 -9.659483E-07  1.929263E-04 -1.468685E-02  2.050273E-08  2.050539E-08
  1.409000E+03 -6.680754E-07  1.063920E-04 -2.719870E-07  1.927130E-04 -5.892735E-03  2.050275E-08  2.050368E-08
  1.410000E+03  1.589602E-07  1.066968E-04  1.222062E-06  1.921741E-04 -1.290117E-02  2.050265E-08  2.050571E-08
  1.411000E+03  5.369549E-07  1.062115E-04 -7.928284E-07  1.930426E-04 -1.317005E-02  2.050156E-08  2.050378E-08
  1.412000E+03 -6.325414E-07  1.065043E-04 -5.382161E-07  1.925032E-04 -5.830882E-03  2.050207E-08  2.050322E-08
  1.413000E+03  1.043175E-08  1.066366E-04  1.273267E-06  1.922778E-04 -1.469540E-02  2.050164E-08  2.050501E-08
  1.414000E+03  6.266254E-07  1.061824E-04 -5.681906E-07  1.930811E-04 -1.121053E-02  2.050051E-08  2.050225E-08
  1.415000E+03 -5.594932E-07  1.066159E-04 -7.812095E-07  1.922980E-04 -6.639778E-03  2.050156E-08  2.050313E-08
  1.416000E+03 -1.394012E-07  1.065479E-04  1.251953E-06  1.924317E-04 -1.592743E-02  2.050060E-08  2.050410E-08
  1.417000E+03  6.837843E-07  1.062004E-04 -3.177121E-07  1.930384E-04 -9.241885E-03  2.049987E-08  2.050120E-08
  1.418000E+03 -4.584531E-07  1.066931E-04 -9.798433E-07  1.921574E-04 -8.229260E-03  2.050117E-08  2.050324E-08
  1.419000E+03 -2.853641E-07  1.064233E-04  1.172845E-06  1.926474E-04 -1.620605E-02  2.049948E-08  2.050282E-08
  1.420000E+03  7.147064E-07  1.062508E-04 -4.247198E-08  1.929382E-04 -7.218478E-03  2.049930E-08  2.050032E-08
  1.421000E+03 -3.389599E-07  1.067352E-04 -1.148064E-06  1.920786E-04 -1.017063E-02  2.050048E-08  2.050309E-08
  1.422000E+03 -4.244528E-07  1.063061E-04  1.051553E-06  1.928506E-04 -1.557099E-02  2.049871E-08  2.050171E-08
  1.423000E+03  7.148178E-07  1.063454E-04  2.363277E-07  1.927647E-04 -5.874738E-03  2.049928E-08  2.050021E-08
  1.424000E+03 -2.034475E-07  1.067325E-04 -1.262428E-06  1.920823E-04 -1.246943E-02  2.049984E-08  2.050298E-08
  1.425000E+03 -5.414706E-07  1.062101E-04  8.801409E-07  1.930167E-04 -1.415617E-02  2.049828E-08  2.050081E-08
  1.426000E+03  6.825650E-07  1.064556E-04  4.995634E-07  1.925687E-04 -5.391958E-03  2.049972E-08  2.050078E-08
  1.427000E+03 -5.709289E-08  1.066682E-04 -1.327940E-06  1.921995E-04 -1.436346E-02  2.049945E-08  2.050289E-08
  1.428000E+03 -6.423011E-07  1.061500E-04  6.684175E-07  1.931203E-04 -1.184220E-02  2.049828E-08  2.050022E-08
  1.429000E+03  6.202141E-07  1.065723E-04  7.510672E-07  1.923630E-04 -5.651704E-03  2.050024E-08  2.050161E-08
  1.430000E+03  9.434184E-08  1.065685E-04 -1.334075E-06  1.923820E-04 -1.570027E-02  2.049934E-08  2.050289E-08
  1.431000E+03 -7.104279E-07  1.061455E-04  4.243353E-07  1.931284E-04 -9.354555E-03  2.049881E-08  2.050022E-08
  1.432000E+03  5.344842E-07  1.066735E-04  9.612330E-07  1.921865E-04 -6.995622E-03  2.050070E-08  2.050257E-08
  1.433000E+03  2.405224E-07  1.064441E-04 -1.295139E-06  1.926110E-04 -1.627578E-02  2.049959E-08  2.050305E-08
  1.434000E+03 -7.535676E-07  1.061994E-04  1.636593E-07  1.930367E-04 -7.136578E-03  2.049986E-08  2.050090E-08
  1.435000E+03  4.271735E-07  1.067378E-04  1.141545E-06  1.920786E-04 -9.215857E-03  2.050119E-08  2.050367E-08
  1.436000E+03  3.789161E-07  1.063158E-04 -1.195347E-06  1.928452E-04 -1.572612E-02  2.049995E-08  2.050307E-08
  1.437000E+03 -7.665997E-07  1.063088E-04 -1.026515E-07  1.928489E-04 -5.357990E-03  2.050124E-08  2.050213E-08
  1.438000E+03  2.995854E-07  1.067540E-04  1.280038E-06  1.920612E-04 -1.168259E-02  2.050190E-08  2.050498E-08
  1.439000E+03  5.053956E-07  1.062150E-04 -1.038564E-06  1.930300E-04 -1.419573E-02  2.050062E-08  2.050322E-08
  1.440000E+03 -7.429355E-07  1.064519E-04 -3.701062E-07  1.926027E-04 -4.671613E-03  2.050270E-08  2.050371E-08
  1.441000E+03  1.532223E-07  1.067145E-04  1.357346E-06  1.921459E-04 -1.405995E-02  2.050273E-08  2.050625E-08
  1.442000E+03  6.067210E-07  1.061663E-04 -8.205640E-07  1.931241E-04 -1.206655E-02  2.050177E-08  2.050379E-08
  1.443000E+03 -6.814291E-07  1.066021E-04 -6.206570E-07  1.923445E-04 -5.315428E-03  2.050405E-08  2.050546E-08
  1.444000E+03  6.176650E-10  1.066221E-04  1.371868E-06  1.923250E-04 -1.586435E-02  2.050351E-08  2.050726E-08
  1.445000E+03  6.786581E-07  1.061667E-04 -5.832037E-07  1.931310E-04 -9.674377E-03  2.050311E-08  2.050459E-08
  1.446000E+03 -5.978922E-07  1.067058E-04 -8.364481E-07  1.921661E-04 -6.890006E-03  2.050475E-08  2.050669E-08
  1.447000E+03 -1.401487E-07  1.064894E-04  1.324029E-06  1.925681E-04 -1.652239E-02  2.050366E-08  2.050726E-08
  1.448000E+03  7.149243E-07  1.062183E-04 -3.357031E-07  1.930466E-04 -7.459577E-03  2.050451E-08  2.050558E-08
  1.449000E+03 -4.887077E-07  1.067647E-04 -9.999902E-07  1.920698E-04 -9.174606E-03  2.050541E-08  2.050792E-08
  1.450000E+03 -2.702067E-07  1.063510E-04  1.209819E-06  1.928147E-04 -1.609927E-02  2.050339E-08  2.050659E-08
  1.451000E+03  7.199894E-07  1.063197E-04 -7.522827E-08  1.928667E-04 -5.741681E-03  2.050519E-08  2.050606E-08
  1.452000E+03 -3.619144E-07  1.067682E-04 -1.129230E-06  1.920688E-04 -1.153360E-02  2.050547E-08  2.050846E-08
  1.453000E+03 -3.891279E-07  1.062416E-04  1.054514E-06  1.930070E-04 -1.446004E-02  2.050322E-08  2.050582E-08
  1.454000E+03  6.962744E-07  1.064513E-04  1.806818E-07  1.926265E-04 -4.901229E-03  2.050510E-08  2.050603E-08
  1.455000E+03 -2.272314E-07  1.067237E-04 -1.199931E-06  1.921491E-04 -1.376090E-02  2.050492E-08  2.050829E-08
  1.456000E+03 -4.857805E-07  1.061803E-04  8.648562E-07  1.931137E-04 -1.225033E-02  2.050334E-08  2.050530E-08
  1.457000E+03  6.460594E-07  1.065875E-04  4.265892E-07  1.923741E-04 -5.262929E-03  2.050439E-08  2.050566E-08
  1.458000E+03 -8.385740E-08  1.066335E-04 -1.221030E-06  1.923029E-04 -1.552230E-02  2.050346E-08  2.050703E-08
  1.459000E+03 -5.608946E-07  1.061696E-04  6.359746E-07  1.931271E-04 -9.870234E-03  2.050323E-08  2.050463E-08
  1.460000E+03  5.632132E-07  1.066949E-04  6.480592E-07  1.921746E-04 -6.592813E-03  2.050360E-08  2.050536E-08
  1.461000E+03  5.669819E-08  1.065072E-04 -1.173210E-06  1.925193E-04 -1.641605E-02  2.050192E-08  2.050542E-08
  1.462000E+03 -5.946055E-07  1.062135E-04  3.852606E-07  1.930383E-04 -7.636887E-03  2.050267E-08  2.050363E-08
  1.463000E+03  4.507896E-07  1.067616E-04  8.043948E-07  1.920490E-04 -8.789375E-03  2.050267E-08  2.050499E-08
  1.464000E+03  1.826409E-07  1.063707E-04 -1.048265E-06  1.927548E-04 -1.631465E-02  2.050072E-08  2.050390E-08
  1.465000E+03 -5.863529E-07  1.063011E-04  1.238299E-07  1.928672E-04 -6.019424E-03  2.050162E-08  2.050235E-08
  1.466000E+03  3.213204E-07  1.067795E-04  8.960342E-07  1.920115E-04 -1.148346E-02  2.050155E-08  2.050447E-08
  1.467000E+03  2.833146E-07  1.062495E-04 -8.776669E-07  1.929662E-04 -1.520979E-02  2.050020E-08  2.050287E-08
  1.468000E+03 -5.448154E-07  1.064239E-04 -1.092717E-07  1.926341E-04 -5.026602E-03  2.050062E-08  2.050136E-08
  1.469000E+03  1.882498E-07  1.067433E-04  9.160391E-07  1.920701E-04 -1.387094E-02  2.050022E-08  2.050357E-08
  1.470000E+03  3.465882E-07  1.061653E-04 -6.628768E-07  1.931107E-04 -1.299997E-02  2.049992E-08  2.050189E-08
  1.471000E+03 -4.645887E-07  1.065574E-04 -2.989882E-07  1.923851E-04 -4.974323E-03  2.049981E-08  2.050079E-08
  1.472000E+03  6.350983E-08  1.066545E-04  8.646226E-07  1.922238E-04 -1.583390E-02  2.049897E-08  2.050254E-08
  1.473000E+03  3.720938E-07  1.061334E-04 -4.384503E-07  1.931600E-04 -1.045682E-02  2.049962E-08  2.050093E-08
  1.474000E+03 -3.653158E-07  1.066839E-04 -4.311358E-07  1.921526E-04 -6.087889E-03  2.049921E-08  2.050067E-08
  1.475000E+03 -4.301932E-08  1.065297E-04  7.609027E-07  1.924469E-04 -1.702191E-02  2.049834E-08  2.050190E-08
  1.476000E+03  3.702464E-07  1.061618E-04 -2.249611E-07  1.930998E-04 -7.742531E-03  2.049920E-08  2.049996E-08
  1.477000E+03 -2.590817E-07  1.067734E-04 -5.085812E-07  1.919903E-04 -7.916961E-03  2.049882E-08  2.050086E-08
  1.478000E+03 -1.251569E-07  1.063804E-04  6.235582E-07  1.927182E-04 -1.683612E-02  2.049854E-08  2.050170E-08
  1.479000E+03  3.417713E-07  1.062432E-04 -3.125235E-08  1.929481E-04 -5.346720E-03  2.049912E-08  2.049954E-08
  1.480000E+03 -1.552245E-07  1.068099E-04 -5.507094E-07  1.919287E-04 -1.042986E-02  2.049877E-08  2.050141E-08
  1.481000E+03 -1.938922E-07  1.062407E-04  4.750813E-07  1.929765E-04 -1.556775E-02  2.049947E-08  2.050206E-08
  1.482000E+03  2.978398E-07  1.063770E-04  1.388881E-07  1.927080E-04 -3.882556E-03  2.049954E-08  2.049992E-08
  1.483000E+03 -5.663127E-08  1.067882E-04 -5.498655E-07  1.919768E-04 -1.326329E-02  2.049905E-08  2.050225E-08
  1.484000E+03 -2.347628E-07  1.061389E-04  3.210984E-07  1.931649E-04 -1.339032E-02  2.050047E-08  2.050239E-08
  1.485000E+03  2.447821E-07  1.065380E-04  2.632629E-07  1.924235E-04 -3.705484E-03  2.050027E-08  2.050093E-08
  1.486000E+03  2.331033E-08  1.066954E-04 -5.228182E-07  1.921581E-04 -1.579922E-02  2.049981E-08  2.050337E-08
  1.487000E+03 -2.541787E-07  1.060876E-04  1.732155E-07  1.932631E-04 -1.049005E-02  2.050170E-08  2.050293E-08
  1.488000E+03  1.781925E-07  1.066841E-04  3.521097E-07  1.921711E-04 -4.890565E-03  2.050135E-08  2.050255E-08
  1.489000E+03  9.486102E-08  1.065517E-04 -4.521651E-07  1.924352E-04 -1.734367E-02  2.050121E-08  2.050482E-08
  1.490000E+03 -2.493781E-07  1.061139E-04  3.043007E-08  1.932223E-04 -7.623977E-03  2.050297E-08  2.050365E-08
  1.491000E+03  1.115625E-07  1.067949E-04  3.989272E-07  1.919847E-04 -7.358543E-03  2.050242E-08  2.050435E-08
  1.492000E+03  1.465592E-07  1.063887E-04 -3.695864E-07  1.927459E-04 -1.773715E-02  2.050276E-08  2.050617E-08
  1.493000E+03 -2.301817E-07  1.062104E-04 -8.827995E-08  1.930530E-04 -5.438923E-03  2.050393E-08  2.050429E-08
  1.494000E+03  4.794595E-08  1.068411E-04  4.214706E-07  1.919130E-04 -1.055198E-02  2.050305E-08  2.050576E-08
  1.495000E+03  1.858322E-07  1.062413E-04 -2.766592E-07  1.930235E-04 -1.661193E-02  2.050424E-08  2.050713E-08
  1.496000E+03 -2.061785E-07  1.063578E-04 -1.866010E-07  1.927896E-04 -3.926761E-03  2.050453E-08  2.050483E-08
  1.497000E+03 -9.544719E-09  1.068201E-04  4.337623E-07  1.919596E-04 -1.353270E-02  2.050326E-08  2.050659E-08
  1.498000E+03  2.143796E-07  1.061392E-04 -1.848175E-07  1.932109E-04 -1.422671E-02  2.050517E-08  2.050731E-08
  1.499000E+03 -1.773304E-07  1.065299E-04 -2.706680E-07  1.924818E-04 -3.753881E-03  2.050491E-08  2.050551E-08
  1.500000E+03 -6.629977E-08  1.067266E-04  4.270579E-07  1.921360E-04 -1.603205E-02  2.050338E-08  2.050708E-08
  1.501000E+03  2.347620E-07  1.060926E-04 -8.188098E-08  1.932895E-04 -1.122925E-02  2.050530E-08  2.050668E-08
  1.502000E+03 -1.366564E-07  1.066759E-04 -3.486507E-07  1.922185E-04 -4.843136E-03  2.050484E-08  2.050596E-08
  1.503000E+03 -1.215782E-07  1.065772E-04  3.937105E-07  1.924116E-04 -1.741790E-02  2.050358E-08  2.050726E-08
  1.504000E+03  2.461149E-07  1.061104E-04  2.111900E-08  1.932467E-04 -8.197772E-03  2.050480E-08  2.050557E-08
  1.505000E+03 -8.977423E-08  1.067794E-04 -4.230282E-07  1.920300E-04 -7.091257E-03  2.050432E-08  2.050612E-08
  1.506000E+03 -1.764136E-07  1.064112E-04  3.488978E-07  1.927145E-04 -1.765710E-02  2.050378E-08  2.050719E-08
  1.507000E+03  2.528676E-07  1.061939E-04  1.279903E-07  1.930842E-04 -5.827645E-03  2.050401E-08  2.050442E-08
  1.508000E+03 -3.855915E-08  1.068253E-04 -4.832321E-07  1.919438E-04 -1.007251E-02  2.050342E-08  2.050596E-08
  1.509000E+03 -2.267868E-07  1.062582E-04  2.853733E-07  1.929881E-04 -1.662909E-02  2.050374E-08  2.050666E-08
  1.510000E+03  2.454467E-07  1.063285E-04  2.412687E-07  1.928301E-04 -4.284740E-03  2.050315E-08  2.050348E-08
  1.511000E+03  2.215322E-08  1.068059E-04 -5.166539E-07  1.919737E-04 -1.305173E-02  2.050218E-08  2.050535E-08
  1.512000E+03 -2.693318E-07  1.061500E-04  1.992908E-07  1.931722E-04 -1.462500E-02  2.050305E-08  2.050532E-08
  1.513000E+03  2.210742E-07  1.064850E-04  3.538469E-07  1.925381E-04 -3.995942E-03  2.050225E-08  2.050280E-08
  1.514000E+03  8.793119E-08  1.067284E-04 -5.177040E-07  1.921086E-04 -1.558175E-02  2.050096E-08  2.050457E-08
  1.515000E+03 -3.015067E-07  1.061006E-04  8.993902E-08  1.932429E-04 -1.195482E-02  2.050172E-08  2.050330E-08
  1.516000E+03  1.767428E-07  1.066436E-04  4.561576E-07  1.922427E-04 -5.021650E-03  2.050120E-08  2.050229E-08
  1.517000E+03  1.534149E-07  1.065998E-04 -4.865959E-07  1.923391E-04 -1.740970E-02  2.050020E-08  2.050400E-08
  1.518000E+03 -3.175847E-07  1.061042E-04 -3.211825E-08  1.932175E-04 -9.065940E-03  2.050034E-08  2.050130E-08
  1.519000E+03  1.237429E-07  1.067531E-04  5.382797E-07  1.920382E-04 -6.988051E-03  2.050017E-08  2.050193E-08
  1.520000E+03  2.178934E-07  1.064355E-04 -4.404747E-07  1.926330E-04 -1.779395E-02  2.049974E-08  2.050330E-08
  1.521000E+03 -3.257130E-07  1.061743E-04 -1.573311E-07  1.930750E-04 -6.351300E-03  2.049919E-08  2.049971E-08
  1.522000E+03  6.564508E-08  1.068144E-04  6.015819E-07  1.919224E-04 -9.687398E-03  2.049912E-08  2.050162E-08
  1.523000E+03  2.744258E-07  1.062810E-04 -3.751624E-07  1.929076E-04 -1.699358E-02  2.049945E-08  2.050255E-08
  1.524000E+03 -3.159742E-07  1.062997E-04 -2.812640E-07  1.928415E-04 -4.605255E-03  2.049879E-08  2.049917E-08
  1.525000E+03  3.946019E-10  1.068079E-04  6.340376E-07  1.919341E-04 -1.276646E-02  2.049842E-08  2.050161E-08
  1.526000E+03  3.216385E-07  1.061479E-04 -2.858958E-07  1.931397E-04 -1.502040E-02  2.049906E-08  2.050149E-08
  1.527000E+03 -2.944857E-07  1.064480E-04 -4.023086E-07  1.925741E-04 -3.816427E-03  2.049899E-08  2.049952E-08
  1.528000E+03 -6.804490E-08  1.067279E-04  6.534363E-07  1.920864E-04 -1.525624E-02  2.049860E-08  2.050217E-08
  1.529000E+03  3.638198E-07  1.060744E-04 -1.815994E-07  1.932637E-04 -1.200310E-02  2.049885E-08  2.050050E-08
  1.530000E+03 -2.574625E-07  1.066060E-04 -5.115256E-07  1.922919E-04 -4.385214E-03  2.049926E-08  2.050024E-08
  1.531000E+03 -1.359531E-07  1.065962E-04  6.394126E-07  1.923351E-04 -1.702383E-02  2.049923E-08  2.050293E-08
  1.532000E+03  3.868962E-07  1.060725E-04 -5.980704E-08  1.932639E-04 -8.806396E-03  2.049919E-08  2.050017E-08
  1.533000E+03 -2.104326E-07  1.067404E-04 -5.939115E-07  1.920551E-04 -6.337086E-03  2.049963E-08  2.050130E-08
  1.534000E+03 -2.009622E-07  1.064342E-04  6.073154E-07  1.926394E-04 -1.770440E-02  2.050020E-08  2.050377E-08
  1.535000E+03  3.985500E-07  1.061463E-04  6.121717E-08  1.931352E-04 -6.016125E-03  2.050022E-08  2.050074E-08
  1.536000E+03 -1.559771E-07  1.068166E-04 -6.644377E-07  1.919280E-04 -9.122701E-03  2.050024E-08  2.050267E-08
  1.537000E+03 -2.629072E-07  1.062791E-04  5.518040E-07  1.929258E-04 -1.678973E-02  2.050108E-08  2.050414E-08
  1.538000E+03  3.996412E-07  1.062889E-04  1.883916E-07  1.928867E-04 -4.054672E-03  2.050156E-08  2.050192E-08
  1.539000E+03 -9.136623E-08  1.068230E-04 -7.256784E-07  1.919340E-04 -1.222835E-02  2.050143E-08  2.050456E-08
  1.540000E+03 -3.248706E-07  1.061616E-04  4.629593E-07  1.931411E-04 -1.474633E-02  2.050195E-08  2.050434E-08
  1.541000E+03  3.797241E-07  1.064681E-04  3.284810E-07  1.925744E-04 -3.507589E-03  2.050291E-08  2.050347E-08
  1.542000E+03 -9.064523E-09  1.067608E-04 -7.565054E-07  1.920666E-04 -1.511344E-02  2.050284E-08  2.050648E-08
  1.543000E+03 -3.750672E-07  1.061096E-04  3.386722E-07  1.932373E-04 -1.197548E-02  2.050286E-08  2.050451E-08
  1.544000E+03  3.423273E-07  1.066473E-04  4.556673E-07  1.922621E-04 -4.573915E-03  2.050403E-08  2.050515E-08
  1.545000E+03  6.886260E-08  1.066260E-04 -7.491377E-07  1.923273E-04 -1.703525E-02  2.050411E-08  2.050790E-08
  1.546000E+03 -4.029306E-07  1.061172E-04  2.070112E-07  1.932291E-04 -8.926566E-03  2.050410E-08  2.050510E-08
  1.547000E+03  2.870789E-07  1.067683E-04  5.519053E-07  1.920537E-04 -6.766861E-03  2.050478E-08  2.050659E-08
  1.548000E+03  1.436565E-07  1.064552E-04 -6.924179E-07  1.926426E-04 -1.750667E-02  2.050467E-08  2.050819E-08
  1.549000E+03 -4.075200E-07  1.061996E-04  5.684345E-08  1.930850E-04 -6.326434E-03  2.050514E-08  2.050570E-08
  1.550000E+03  2.146015E-07  1.068225E-04  6.317601E-07  1.919628E-04 -9.737878E-03  2.050497E-08  2.050750E-08
  1.551000E+03  2.141056E-07  1.062940E-04 -6.123236E-07  1.929298E-04 -1.646301E-02  2.050451E-08  2.050746E-08
  1.552000E+03 -4.032840E-07  1.063374E-04 -8.437460E-08  1.928378E-04 -4.490886E-03  2.050566E-08  2.050609E-08
  1.553000E+03  1.426979E-07  1.068080E-04  6.874647E-07  1.919936E-04 -1.262260E-02  2.050481E-08  2.050793E-08
  1.554000E+03  2.703550E-07  1.061770E-04 -5.157449E-07  1.931320E-04 -1.418747E-02  2.050411E-08  2.050631E-08
  1.555000E+03 -3.806677E-07  1.065059E-04 -2.157813E-07  1.925316E-04 -4.031000E-03  2.050558E-08  2.050624E-08
  1.556000E+03  6.849566E-08  1.067266E-04  7.110632E-07  1.921429E-04 -1.512875E-02  2.050442E-08  2.050791E-08
  1.557000E+03  3.184356E-07  1.061309E-04 -4.114891E-07  1.932067E-04 -1.133305E-02  2.050389E-08  2.050537E-08
  1.558000E+03 -3.503971E-07  1.066668E-04 -3.445446E-07  1.922378E-04 -5.127965E-03  2.050512E-08  2.050633E-08
  1.559000E+03 -8.140555E-09  1.065868E-04  7.164402E-07  1.923941E-04 -1.679485E-02  2.050379E-08  2.050736E-08
  1.560000E+03  3.569232E-07  1.061505E-04 -2.866033E-07  1.931639E-04 -8.296094E-03  2.050374E-08  2.050459E-08
  1.561000E+03 -3.022724E-07  1.067791E-04 -4.685789E-07  1.920300E-04 -7.415016E-03  2.050423E-08  2.050617E-08
  1.562000E+03 -9.186931E-08  1.064230E-04  6.805056E-07  1.926811E-04 -1.713760E-02  2.050268E-08  2.050601E-08
  1.563000E+03  3.748214E-07  1.062383E-04 -1.308625E-07  1.929960E-04 -5.939747E-03  2.050320E-08  2.050370E-08
  1.564000E+03 -2.275865E-07  1.068210E-04 -5.700241E-07  1.919474E-04 -1.041403E-02  2.050290E-08  2.050557E-08
  1.565000E+03 -1.729552E-07  1.062690E-04  5.947270E-07  1.929432E-04 -1.621316E-02  2.050120E-08  2.050404E-08
  1.566000E+03  3.703704E-07  1.063747E-04  3.415281E-08  1.927388E-04 -4.659694E-03  2.050231E-08  2.050278E-08
  1.567000E+03 -1.420424E-07  1.067929E-04 -6.312251E-07  1.919913E-04 -1.353070E-02  2.050144E-08  2.050475E-08
  1.568000E+03 -2.410508E-07  1.061589E-04  4.807681E-07  1.931276E-04 -1.397618E-02  2.050022E-08  2.050235E-08
  1.569000E+03  3.402302E-07  1.065337E-04  1.997876E-07  1.924417E-04 -4.374072E-03  2.050133E-08  2.050207E-08
  1.570000E+03 -4.570057E-08  1.066973E-04 -6.437024E-07  1.921575E-04 -1.586715E-02  2.050011E-08  2.050374E-08
  1.571000E+03 -2.902961E-07  1.061112E-04  3.295447E-07  1.932031E-04 -1.098234E-02  2.049977E-08  2.050114E-08
  1.572000E+03  2.854746E-07  1.066781E-04  3.468298E-07  1.921756E-04 -5.450041E-03  2.050063E-08  2.050192E-08
  1.573000E+03  4.996273E-08  1.065573E-04 -6.062542E-07  1.924058E-04 -1.729164E-02  2.049917E-08  2.050283E-08
  1.574000E+03 -3.156414E-07  1.061389E-04  1.633061E-07  1.931453E-04 -8.071961E-03  2.049957E-08  2.050035E-08
  1.575000E+03  2.132846E-07  1.067854E-04  4.619874E-07  1.919805E-04 -7.683083E-03  2.050010E-08  2.050211E-08
  1.576000E+03  1.364933E-07  1.063981E-04 -5.357567E-07  1.926899E-04 -1.733003E-02  2.049876E-08  2.050209E-08
  1.577000E+03 -3.190306E-07  1.062276E-04 -3.654792E-09  1.929805E-04 -5.413366E-03  2.049955E-08  2.049995E-08
  1.578000E+03  1.295795E-07  1.068258E-04  5.358827E-07  1.919086E-04 -1.030016E-02  2.049971E-08  2.050237E-08
  1.579000E+03  2.075460E-07  1.062465E-04 -4.338648E-07  1.929627E-04 -1.597757E-02  2.049900E-08  2.050172E-08
  1.580000E+03 -3.073317E-07  1.063617E-04 -1.577650E-07  1.927383E-04 -3.799954E-03  2.049982E-08  2.050018E-08
  1.581000E+03  4.593241E-08  1.067979E-04  5.785402E-07  1.919634E-04 -1.313491E-02  2.049952E-08  2.050273E-08
  1.582000E+03  2.662133E-07  1.061402E-04 -3.164337E-07  1.931558E-04 -1.360477E-02  2.049971E-08  2.050171E-08
  1.583000E+03 -2.730049E-07  1.065243E-04 -3.046997E-07  1.924504E-04 -3.574264E-03  2.050052E-08  2.050116E-08
  1.584000E+03 -3.506495E-08  1.067089E-04  5.789623E-07  1.921328E-04 -1.563210E-02  2.049978E-08  2.050335E-08
  1.585000E+03  3.023418E-07  1.060972E-04 -1.936347E-07  1.932362E-04 -1.070013E-02  2.050065E-08  2.050194E-08
  1.586000E+03 -2.287606E-07  1.066735E-04 -4.132430E-07  1.921897E-04 -4.830922E-03  2.050131E-08  2.050250E-08
  1.587000E+03 -1.100184E-07  1.065596E-04  5.518199E-07  1.924150E-04 -1.707611E-02  2.050069E-08  2.050426E-08
  1.588000E+03  3.248006E-07  1.061213E-04 -5.441501E-08  1.931991E-04 -7.705995E-03  2.050193E-08  2.050265E-08
  1.589000E+03 -1.648686E-07  1.067792E-04 -5.066279E-07  1.920091E-04 -7.280893E-03  2.050203E-08  2.050392E-08
  1.590000E+03 -1.815722E-07  1.063957E-04  4.859443E-07  1.927243E-04 -1.728418E-02  2.050197E-08  2.050527E-08
  1.591000E+03  3.235506E-07  1.062181E-04  8.716718E-08  1.930344E-04 -5.405802E-03  2.050344E-08  2.050384E-08
  1.592000E+03 -9.808533E-08  1.068238E-04 -5.568826E-07  1.919405E-04 -1.057211E-02  2.050266E-08  2.050533E-08
  1.593000E+03 -2.352308E-07  1.062433E-04  4.002148E-07  1.930082E-04 -1.628358E-02  2.050311E-08  2.050593E-08
  1.594000E+03  3.029680E-07  1.063675E-04  2.069517E-07  1.927746E-04 -4.171688E-03  2.050477E-08  2.050515E-08
  1.595000E+03 -3.386273E-08  1.067957E-04 -5.701331E-07  1.920029E-04 -1.375071E-02  2.050314E-08  2.050647E-08
  1.596000E+03 -2.702058E-07  1.061400E-04  3.042306E-07  1.931968E-04 -1.381200E-02  2.050395E-08  2.050601E-08
  1.597000E+03  2.741153E-07  1.065420E-04  2.945339E-07  1.924640E-04 -4.108850E-03  2.050533E-08  2.050602E-08
  1.598000E+03  2.299886E-08  1.066992E-04 -5.653538E-07  1.921862E-04 -1.614920E-02  2.050344E-08  2.050711E-08
  1.599000E+03 -2.940849E-07  1.061075E-04  2.087111E-07  1.932573E-04 -1.068137E-02  2.050488E-08  2.050618E-08
  1.600000E+03  2.407394E-07  1.067010E-04  3.755469E-07  1.921793E-04 -5.519384E-03  2.050541E-08  2.050672E-08
  1.601000E+03  8.196495E-08  1.065437E-04 -5.508382E-07  1.924719E-04 -1.744761E-02  2.050355E-08  2.050719E-08
  1.602000E+03 -3.134550E-07  1.061404E-04  1.037750E-07  1.931970E-04 -7.457853E-03  2.050543E-08  2.050610E-08
  1.603000E+03  1.991957E-07  1.068026E-04  4.505236E-07  1.919972E-04 -8.014875E-03  2.050515E-08  2.050722E-08
  1.604000E+03  1.372634E-07  1.063614E-04 -5.190718E-07  1.928033E-04 -1.731703E-02  2.050375E-08  2.050701E-08
  1.605000E+03 -3.263466E-07  1.062475E-04  5.252901E-09  1.930017E-04 -4.962403E-03  2.050568E-08  2.050604E-08
  1.606000E+03  1.595218E-07  1.068331E-04  5.138241E-07  1.919421E-04 -1.134393E-02  2.050445E-08  2.050732E-08
  1.607000E+03  1.852241E-07  1.061989E-04 -4.823348E-07  1.930944E-04 -1.582152E-02  2.050385E-08  2.050651E-08
  1.608000E+03 -3.329485E-07  1.064091E-04 -8.331859E-08  1.927056E-04 -3.824646E-03  2.050548E-08  2.050589E-08
  1.609000E+03  1.156099E-07  1.067779E-04  5.693728E-07  1.920384E-04 -1.458060E-02  2.050328E-08  2.050678E-08
  1.610000E+03  2.331892E-07  1.060961E-04 -4.305148E-07  1.932716E-04 -1.305285E-02  2.050362E-08  2.050551E-08
  1.611000E+03 -3.300521E-07  1.065900E-04 -1.779549E-07  1.923718E-04 -4.121354E-03  2.050473E-08  2.050557E-08
  1.612000E+03  6.798499E-08  1.066550E-04  6.075660E-07  1.922536E-04 -1.710403E-02  2.050181E-08  2.050567E-08
  1.613000E+03  2.730024E-07  1.060736E-04 -3.675677E-07  1.932998E-04 -9.742186E-03  2.050303E-08  2.050416E-08
  1.614000E+03 -3.190073E-07  1.067518E-04 -2.698500E-07  1.920708E-04 -5.950601E-03  2.050355E-08  2.050515E-08
  1.615000E+03  1.530846E-08  1.064863E-04  6.323772E-07  1.925508E-04 -1.833801E-02  2.050057E-08  2.050443E-08
  1.616000E+03  3.099069E-07  1.061398E-04 -2.942942E-07  1.931672E-04 -6.616576E-03  2.050228E-08  2.050285E-08
  1.617000E+03 -3.010686E-07  1.068545E-04 -3.611027E-07  1.918772E-04 -9.006086E-03  2.050212E-08  2.050466E-08
  1.618000E+03 -3.533727E-08  1.062970E-04  6.373814E-07  1.928870E-04 -1.802070E-02  2.049999E-08  2.050347E-08
  1.619000E+03  3.390427E-07  1.062619E-04 -2.249133E-07  1.929351E-04 -4.129070E-03  2.050147E-08  2.050179E-08
  1.620000E+03 -2.837073E-07  1.068678E-04 -4.424730E-07  1.918446E-04 -1.240101E-02  2.050043E-08  2.050380E-08
  1.621000E+03 -8.361698E-08  1.061337E-04  6.460494E-07  1.931747E-04 -1.603238E-02  2.049970E-08  2.050247E-08
  1.622000E+03  3.666087E-07  1.064378E-04 -1.543073E-07  1.926111E-04 -2.901480E-03  2.050102E-08  2.050146E-08
  1.623000E+03 -2.617757E-07  1.068025E-04 -5.180246E-07  1.919573E-04 -1.576259E-02  2.049897E-08  2.050302E-08
  1.624000E+03 -1.325272E-07  1.060320E-04  6.387183E-07  1.933504E-04 -1.304798E-02  2.049958E-08  2.050154E-08
  1.625000E+03  3.875192E-07  1.066260E-04 -7.558332E-08  1.922699E-04 -3.320929E-03  2.050085E-08  2.050180E-08
  1.626000E+03 -2.329953E-07  1.066574E-04 -5.887371E-07  1.922202E-04 -1.833311E-02  2.049827E-08  2.050265E-08
  1.627000E+03 -1.841897E-07  1.059978E-04  6.284846E-07  1.934028E-04 -9.274582E-03  2.049940E-08  2.050054E-08
  1.628000E+03  4.132938E-07  1.067834E-04  1.346501E-08  1.919846E-04 -5.016594E-03  2.050052E-08  2.050222E-08
  1.629000E+03 -1.989956E-07  1.064682E-04 -6.661664E-07  1.925665E-04 -1.931199E-02  2.049838E-08  2.050264E-08
  1.630000E+03 -2.383151E-07  1.060601E-04  6.048389E-07  1.932873E-04 -5.604138E-03  2.049975E-08  2.050028E-08
  1.631000E+03  4.272134E-07  1.068873E-04  1.106350E-07  1.917970E-04 -8.095780E-03  2.049999E-08  2.050261E-08
  1.632000E+03 -1.557544E-07  1.062650E-04 -7.287722E-07  1.929382E-04 -1.878765E-02  2.049896E-08  2.050277E-08
  1.633000E+03 -2.894466E-07  1.062037E-04  5.692961E-07  1.930297E-04 -2.827463E-03  2.050038E-08  2.050063E-08
  1.634000E+03  4.369260E-07  1.069149E-04  2.050405E-07  1.917499E-04 -1.200243E-02  2.049944E-08  2.050302E-08
  1.635000E+03 -1.125623E-07  1.060886E-04 -7.885449E-07  1.932596E-04 -1.677618E-02  2.049976E-08  2.050287E-08
  1.636000E+03 -3.435015E-07  1.064009E-04  5.300767E-07  1.926787E-04 -1.336624E-03  2.050118E-08  2.050155E-08
  1.637000E+03  4.429444E-07  1.068591E-04  3.118248E-07  1.918603E-04 -1.567405E-02  2.049950E-08  2.050385E-08
  1.638000E+03 -5.957376E-08  1.059810E-04 -8.471132E-07  1.934551E-04 -1.336139E-02  2.050073E-08  2.050292E-08
  1.639000E+03 -4.039637E-07  1.066223E-04  4.700458E-07  1.922873E-04 -1.665954E-03  2.050209E-08  2.050301E-08
  1.640000E+03  4.376823E-07  1.067204E-04  4.392618E-07  1.921271E-04 -1.856603E-02  2.050034E-08  2.050511E-08
  1.641000E+03  1.080112E-08  1.059672E-04 -8.878861E-07  1.934816E-04 -9.367228E-03  2.050181E-08  2.050311E-08
  1.642000E+03 -4.584619E-07  1.068255E-04  3.743677E-07  1.919293E-04 -3.952412E-03  2.050278E-08  2.050463E-08
  1.643000E+03  4.144127E-07  1.065281E-04  5.653402E-07  1.924894E-04 -2.013026E-02  2.050137E-08  2.050616E-08
  1.644000E+03  8.350834E-08  1.060446E-04 -9.068302E-07  1.933433E-04 -5.536499E-03  2.050270E-08  2.050333E-08
  1.645000E+03 -5.015317E-07  1.069569E-04  2.720407E-07  1.916991E-04 -7.662799E-03  2.050293E-08  2.050589E-08
  1.646000E+03  3.800758E-07  1.062968E-04  6.784365E-07  1.929163E-04 -1.982926E-02  2.050235E-08  2.050668E-08
  1.647000E+03  1.565041E-07  1.061960E-04 -8.942652E-07  1.930741E-04 -2.382779E-03  2.050364E-08  2.050394E-08
  1.648000E+03 -5.279353E-07  1.069888E-04  1.448829E-07  1.916491E-04 -1.206898E-02  2.050282E-08  2.050685E-08
  1.649000E+03  3.273229E-07  1.060932E-04  7.767978E-07  1.932852E-04 -1.771407E-02  2.050302E-08  2.050655E-08
  1.650000E+03  2.365905E-07  1.064062E-04 -8.590273E-07  1.927002E-04 -8.039492E-04  2.050448E-08  2.050490E-08
  1.651000E+03 -5.499169E-07  1.069207E-04 -8.867963E-10  1.917825E-04 -1.620393E-02  2.050283E-08  2.050768E-08
  1.652000E+03  2.667679E-07  1.059575E-04  8.746738E-07  1.935233E-04 -1.394236E-02  2.050326E-08  2.050574E-08
  1.653000E+03  3.165559E-07  1.066423E-04 -8.058462E-07  1.922759E-04 -9.166663E-04  2.050473E-08  2.050573E-08
  1.654000E+03 -5.571600E-07  1.067663E-04 -1.536462E-07  1.920714E-04 -1.934985E-02  2.050290E-08  2.050819E-08
  1.655000E+03  1.934966E-07  1.059217E-04  9.530429E-07  1.935798E-04 -9.420977E-03  2.050339E-08  2.050485E-08
  1.656000E+03  3.918453E-07  1.068621E-04 -7.282255E-07  1.918788E-04 -3.073260E-03  2.050446E-08  2.050645E-08
  1.657000E+03 -5.552994E-07  1.065507E-04 -3.140704E-07  1.924658E-04 -2.108559E-02  2.050282E-08  2.050812E-08
  1.658000E+03  1.109363E-07  1.059920E-04  1.018115E-06  1.934447E-04 -5.059630E-03  2.050334E-08  2.050404E-08
  1.659000E+03  4.630759E-07  1.070085E-04 -6.223430E-07  1.916132E-04 -6.958632E-03  2.050374E-08  2.050692E-08
  1.660000E+03 -5.326258E-07  1.063037E-04 -4.805506E-07  1.929106E-04 -2.079694E-02  2.050268E-08  2.050747E-08
  1.661000E+03  1.202458E-08  1.061521E-04  1.050883E-06  1.931473E-04 -1.636473E-03  2.050298E-08  2.050331E-08
  1.662000E+03  5.215418E-07  1.070565E-04 -4.692864E-07  1.915255E-04 -1.169457E-02  2.050264E-08  2.050703E-08
  1.663000E+03 -4.800519E-07  1.060777E-04 -6.362763E-07  1.933080E-04 -1.869418E-02  2.050209E-08  2.050605E-08
  1.664000E+03 -9.364612E-08  1.063790E-04  1.034834E-06  1.927291E-04  1.223838E-04  2.050233E-08  2.050276E-08
  1.665000E+03  5.579902E-07  1.069905E-04 -2.855815E-07  1.916470E-04 -1.647205E-02  2.050163E-08  2.050700E-08
  1.666000E+03 -4.111790E-07  1.059229E-04 -7.678751E-07  1.935720E-04 -1.509201E-02  2.050139E-08  2.050430E-08
  1.667000E+03 -1.938182E-07  1.066298E-04  9.856721E-07  1.922682E-04 -1.839150E-04  2.050153E-08  2.050254E-08
  1.668000E+03  5.765122E-07  1.068279E-04 -9.635233E-08  1.919433E-04 -2.004464E-02  2.050079E-08  2.050665E-08
  1.669000E+03 -3.244248E-07  1.058687E-04 -8.674655E-07  1.936536E-04 -1.039082E-02  2.050075E-08  2.050254E-08
  1.670000E+03 -2.840768E-07  1.068546E-04  8.897671E-07  1.918572E-04 -2.201991E-03  2.050078E-08  2.050273E-08
  1.671000E+03  5.696959E-07  1.065958E-04  8.895977E-08  1.923642E-04 -2.187296E-02  2.050032E-08  2.050610E-08
  1.672000E+03 -2.260802E-07  1.059242E-04 -9.364476E-07  1.935392E-04 -5.737585E-03  2.050015E-08  2.050102E-08
  1.673000E+03 -3.625519E-07  1.070138E-04  7.608329E-07  1.915690E-04 -5.966159E-03  2.050016E-08  2.050328E-08
  1.674000E+03  5.440679E-07  1.063400E-04  2.678208E-07  1.928240E-04 -2.182655E-02  2.050002E-08  2.050527E-08
  1.675000E+03 -1.225986E-07  1.060839E-04 -9.752684E-07  1.932402E-04 -2.005304E-03  2.049962E-08  2.049998E-08
  1.676000E+03 -4.318445E-07  1.070736E-04  6.102632E-07  1.914638E-04 -1.054101E-02  2.049958E-08  2.050383E-08
  1.677000E+03  5.014519E-07  1.061040E-04  4.324862E-07  1.932423E-04 -1.955793E-02  2.049986E-08  2.050409E-08
  1.678000E+03 -1.854031E-08  1.063062E-04 -9.839305E-07  1.928320E-04  4.073768E-04  2.049923E-08  2.049955E-08
  1.679000E+03 -4.843513E-07  1.070184E-04  4.409362E-07  1.915706E-04 -1.503167E-02  2.049926E-08  2.050433E-08
  1.680000E+03  4.438504E-07  1.059324E-04  5.862177E-07  1.935429E-04 -1.574176E-02  2.049994E-08  2.050299E-08
  1.681000E+03  8.844107E-08  1.065601E-04 -9.596841E-07  1.923730E-04  7.557153E-04  2.049928E-08  2.050007E-08
  1.682000E+03 -5.151469E-07  1.068675E-04  2.551485E-07  1.918527E-04 -1.881635E-02  2.049919E-08  2.050473E-08
  1.683000E+03  3.651374E-07  1.058634E-04  7.087613E-07  1.936576E-04 -1.109663E-02  2.049998E-08  2.050188E-08
  1.684000E+03  1.886830E-07  1.068008E-04 -8.947884E-07  1.919439E-04 -1.073016E-03  2.049975E-08  2.050139E-08
  1.685000E+03 -5.329581E-07  1.066457E-04  7.109904E-08  1.922634E-04 -2.118598E-02  2.049947E-08  2.050507E-08
  1.686000E+03  2.812665E-07  1.058988E-04  8.174489E-07  1.935849E-04 -6.431483E-03  2.049999E-08  2.050096E-08
  1.687000E+03  2.852939E-07  1.069678E-04 -8.012164E-07  1.916493E-04 -4.623860E-03  2.050008E-08  2.050277E-08
  1.688000E+03 -5.260186E-07  1.063834E-04 -1.234089E-07  1.927462E-04 -2.153592E-02  2.050024E-08  2.050538E-08
  1.689000E+03  1.791371E-07  1.060404E-04  8.856434E-07  1.933266E-04 -2.514155E-03  2.050037E-08  2.050076E-08
  1.690000E+03  3.614870E-07  1.070429E-04 -6.658344E-07  1.915263E-04 -9.437446E-03  2.050062E-08  2.050441E-08
  1.691000E+03 -4.947153E-07  1.061412E-04 -2.946088E-07  1.931883E-04 -1.992757E-02  2.050118E-08  2.050551E-08
  1.692000E+03  7.775849E-08  1.062633E-04  9.128344E-07  1.929279E-04 -2.750697E-04  2.050115E-08  2.050141E-08
  1.693000E+03  4.178044E-07  1.070091E-04 -5.199571E-07  1.916010E-04 -1.463917E-02  2.050086E-08  2.050570E-08
  1.694000E+03 -4.508416E-07  1.059581E-04 -4.390016E-07  1.935147E-04 -1.659886E-02  2.050163E-08  2.050490E-08
  1.695000E+03 -1.254216E-08  1.065234E-04  9.096916E-07  1.924640E-04  1.482565E-04  2.050192E-08  2.050256E-08
  1.696000E+03  4.584325E-07  1.068747E-04 -3.771307E-07  1.918589E-04 -1.871137E-02  2.050129E-08  2.050677E-08
  1.697000E+03 -3.994752E-07  1.058803E-04 -5.643110E-07  1.936469E-04 -1.193704E-02  2.050193E-08  2.050398E-08
  1.698000E+03 -1.009629E-07  1.067718E-04  8.896187E-07  1.920234E-04 -1.397780E-03  2.050267E-08  2.050414E-08
  1.699000E+03  4.883279E-07  1.066686E-04 -2.250773E-07  1.922439E-04 -2.122070E-02  2.050176E-08  2.050740E-08
  1.700000E+03 -3.348800E-07  1.059106E-04 -6.779111E-07  1.935840E-04 -7.208772E-03  2.050207E-08  2.050312E-08
  1.701000E+03 -1.882481E-07  1.069521E-04  8.325379E-07  1.917045E-04 -4.724837E-03  2.050296E-08  2.050550E-08
  1.702000E+03  5.005924E-07  1.064122E-04 -5.909486E-08  1.927130E-04 -2.167301E-02  2.050219E-08  2.050739E-08
  1.703000E+03 -2.551106E-07  1.060345E-04 -7.736368E-07  1.933547E-04 -3.048483E-03  2.050218E-08  2.050258E-08
  1.704000E+03 -2.740073E-07  1.070391E-04  7.492611E-07  1.915554E-04 -9.225548E-03  2.050305E-08  2.050672E-08
  1.705000E+03  5.013578E-07  1.061603E-04  1.165540E-07  1.931682E-04 -2.017597E-02  2.050263E-08  2.050704E-08
  1.706000E+03 -1.665553E-07  1.062396E-04 -8.620632E-07  1.929824E-04 -3.564990E-04  2.050237E-08  2.050261E-08
  1.707000E+03 -3.563465E-07  1.070236E-04  6.455631E-07  1.915928E-04 -1.420965E-02  2.050289E-08  2.050765E-08
  1.708000E+03  4.873029E-07  1.059654E-04  2.949564E-07  1.935143E-04 -1.702474E-02  2.050284E-08  2.050625E-08
  1.709000E+03 -7.069521E-08  1.064884E-04 -9.162366E-07  1.925345E-04  4.199129E-04  2.050270E-08  2.050326E-08
  1.710000E+03 -4.269111E-07  1.069036E-04  5.144028E-07  1.918164E-04 -1.846937E-02  2.050237E-08  2.050789E-08
  1.711000E+03  4.535443E-07  1.058657E-04  4.617126E-07  1.936809E-04 -1.259342E-02  2.050253E-08  2.050479E-08
  1.712000E+03  2.513219E-08  1.067421E-04 -9.363517E-07  1.920773E-04 -9.634327E-04  2.050273E-08  2.050409E-08
  1.713000E+03 -4.828272E-07  1.066972E-04  3.678664E-07  1.921939E-04 -2.137612E-02  2.050186E-08  2.050769E-08
  1.714000E+03  4.039778E-07  1.058776E-04  6.161055E-07  1.936419E-04 -7.761936E-03  2.050172E-08  2.050294E-08
  1.715000E+03  1.261816E-07  1.069514E-04 -9.262927E-07  1.916990E-04 -4.232057E-03  2.050229E-08  2.050482E-08
  1.716000E+03 -5.272623E-07  1.064520E-04  2.017769E-07  1.926386E-04 -2.239284E-02  2.050163E-08  2.050726E-08
  1.717000E+03  3.425927E-07  1.059943E-04  7.645783E-07  1.934164E-04 -3.635303E-03  2.050089E-08  2.050143E-08
  1.718000E+03  2.277009E-07  1.070579E-04 -8.962900E-07  1.915037E-04 -8.742972E-03  2.050121E-08  2.050498E-08
  1.719000E+03 -5.628563E-07  1.061938E-04  2.304439E-08  1.931005E-04 -2.116549E-02  2.050148E-08  2.050636E-08
  1.720000E+03  2.727870E-07  1.061869E-04  9.043461E-07  1.930626E-04 -5.909312E-04  2.050072E-08  2.050102E-08
  1.721000E+03  3.333272E-07  1.070548E-04 -8.466701E-07  1.915101E-04 -1.345797E-02  2.050023E-08  2.050508E-08
  1.722000E+03 -5.861152E-07  1.059910E-04 -1.683703E-07  1.934545E-04 -1.806791E-02  2.050109E-08  2.050491E-08
  1.723000E+03  1.896590E-07  1.064371E-04  1.027015E-06  1.926095E-04  4.971075E-04  2.050079E-08  2.050135E-08
  1.724000E+03  4.319062E-07  1.069465E-04 -7.641867E-07  1.917128E-04 -1.783665E-02  2.049975E-08  2.050540E-08
  1.725000E+03 -5.905299E-07  1.058717E-04 -3.599539E-07  1.936556E-04 -1.385976E-02  2.050068E-08  2.050338E-08
  1.726000E+03  9.236654E-08  1.066793E-04  1.122299E-06  1.921710E-04 -4.643962E-04  2.050067E-08  2.050191E-08
  1.727000E+03  5.300610E-07  1.067418E-04 -6.401638E-07  1.920909E-04 -2.070561E-02  2.049973E-08  2.050558E-08
  1.728000E+03 -5.721278E-07  1.058518E-04 -5.776162E-07  1.936797E-04 -8.887490E-03  2.050053E-08  2.050214E-08
  1.729000E+03 -2.863232E-08  1.068813E-04  1.190198E-06  1.918032E-04 -3.059759E-03  2.050008E-08  2.050233E-08
  1.730000E+03  6.181302E-07  1.064937E-04 -4.705717E-07  1.925447E-04 -2.178779E-02  2.049993E-08  2.050553E-08
  1.731000E+03 -5.284071E-07  1.059449E-04 -7.920148E-07  1.935073E-04 -4.381632E-03  2.050092E-08  2.050176E-08
  1.732000E+03 -1.575127E-07  1.070038E-04  1.213773E-06  1.915822E-04 -7.135188E-03  2.049950E-08  2.050288E-08
  1.733000E+03  6.893590E-07  1.062430E-04 -2.765324E-07  1.929978E-04 -2.097060E-02  2.050015E-08  2.050512E-08
  1.734000E+03 -4.626710E-07  1.061321E-04 -9.972443E-07  1.931666E-04 -1.196171E-03  2.050117E-08  2.050167E-08
  1.735000E+03 -2.925405E-07  1.070214E-04  1.197458E-06  1.915552E-04 -1.193270E-02  2.049906E-08  2.050351E-08
  1.736000E+03  7.454229E-07  1.060334E-04 -5.190571E-08  1.933722E-04 -1.815780E-02  2.050054E-08  2.050452E-08
  1.737000E+03 -3.721142E-07  1.063834E-04 -1.190343E-06  1.927110E-04  3.107685E-04  2.050126E-08  2.050192E-08
  1.738000E+03 -4.347199E-07  1.069356E-04  1.131454E-06  1.917212E-04 -1.633109E-02  2.049908E-08  2.050435E-08
  1.739000E+03  7.742444E-07  1.059136E-04  2.093190E-07  1.935852E-04 -1.394441E-02  2.050130E-08  2.050414E-08
  1.740000E+03 -2.503691E-07  1.066450E-04 -1.351067E-06  1.922388E-04 -4.145920E-04  2.050131E-08  2.050263E-08
  1.741000E+03 -5.681282E-07  1.067619E-04  9.974323E-07  1.920479E-04 -1.964442E-02  2.049944E-08  2.050514E-08
  1.742000E+03  7.664067E-07  1.059069E-04  4.792967E-07  1.935944E-04 -9.317741E-03  2.050210E-08  2.050388E-08
  1.743000E+03 -1.120034E-07  1.068685E-04 -1.455471E-06  1.918363E-04 -3.199912E-03  2.050114E-08  2.050352E-08
  1.744000E+03 -6.860864E-07  1.065339E-04  8.213397E-07  1.924711E-04 -2.124734E-02  2.050007E-08  2.050573E-08
  1.745000E+03  7.321985E-07  1.059970E-04  7.453725E-07  1.934301E-04 -5.077981E-03  2.050274E-08  2.050378E-08
  1.746000E+03  3.837662E-08  1.069899E-04 -1.515531E-06  1.916202E-04 -7.294591E-03  2.050088E-08  2.050438E-08
  1.747000E+03 -7.792321E-07  1.062854E-04  5.984337E-07  1.929252E-04 -2.061553E-02  2.050077E-08  2.050581E-08
  1.748000E+03  6.599702E-07  1.061693E-04  9.944104E-07  1.931172E-04 -1.989308E-03  2.050307E-08  2.050378E-08
  1.749000E+03  1.985200E-07  1.070059E-04 -1.505188E-06  1.915983E-04 -1.191129E-02  2.050070E-08  2.050522E-08
  1.750000E+03 -8.472826E-07  1.060809E-04  3.324492E-07  1.932942E-04 -1.809979E-02  2.050147E-08  2.050556E-08
  1.751000E+03  5.582313E-07  1.063955E-04  1.221165E-06  1.927067E-04 -5.772143E-04  2.050311E-08  2.050396E-08
  1.752000E+03  3.565655E-07  1.069204E-04 -1.437192E-06  1.917636E-04 -1.596251E-02  2.050083E-08  2.050604E-08
  1.753000E+03 -8.814981E-07  1.059640E-04  4.769029E-08  1.935052E-04 -1.403912E-02  2.050255E-08  2.050548E-08
  1.754000E+03  4.318066E-07  1.066304E-04  1.395733E-06  1.922807E-04 -1.051975E-03  2.050296E-08  2.050437E-08
  1.755000E+03  5.004162E-07  1.067596E-04 -1.300913E-06  1.920647E-04 -1.894804E-02  2.050107E-08  2.050659E-08
  1.756000E+03 -8.801799E-07  1.059483E-04 -2.453728E-07  1.935332E-04 -9.604513E-03  2.050356E-08  2.050545E-08
  1.757000E+03  2.836126E-07  1.068323E-04  1.526955E-06  1.919142E-04 -3.426318E-03  2.050250E-08  2.050483E-08
  1.758000E+03  6.319347E-07  1.065519E-04 -1.117117E-06  1.924459E-04 -2.043008E-02  2.050120E-08  2.050663E-08
  1.759000E+03 -8.469701E-07  1.060236E-04 -5.380322E-07  1.933948E-04 -5.632180E-03  2.050409E-08  2.050525E-08
  1.760000E+03  1.209631E-07  1.069535E-04  1.596645E-06  1.916962E-04 -7.028858E-03  2.050207E-08  2.050539E-08
  1.761000E+03  7.366687E-07  1.063297E-04 -8.753935E-07  1.928488E-04 -2.003533E-02  2.050143E-08  2.050631E-08
  1.762000E+03 -7.723148E-07  1.061814E-04 -8.034977E-07  1.931038E-04 -2.692040E-03  2.050396E-08  2.050476E-08
  1.763000E+03 -4.245897E-08  1.069810E-04  1.583546E-06  1.916511E-04 -1.142622E-02  2.050169E-08  2.050597E-08
  1.764000E+03  8.023660E-07  1.061356E-04 -6.015078E-07  1.931986E-04 -1.787746E-02  2.050198E-08  2.050595E-08
  1.765000E+03 -6.636077E-07  1.063896E-04 -1.024487E-06  1.927202E-04 -1.441507E-03  2.050340E-08  2.050425E-08
  1.766000E+03 -2.000272E-07  1.069115E-04  1.506516E-06  1.917827E-04 -1.565733E-02  2.050125E-08  2.050629E-08
  1.767000E+03  8.382816E-07  1.060120E-04 -3.152507E-07  1.934181E-04 -1.447247E-02  2.050249E-08  2.050542E-08
  1.768000E+03 -5.370805E-07  1.066098E-04 -1.209379E-06  1.923149E-04 -1.865786E-03  2.050262E-08  2.050396E-08
  1.769000E+03 -3.456508E-07  1.067609E-04  1.375794E-06  1.920594E-04 -1.854188E-02  2.050091E-08  2.050622E-08
  1.770000E+03  8.403604E-07  1.059810E-04 -3.118536E-08  1.934657E-04 -1.021763E-02  2.050262E-08  2.050449E-08
  1.771000E+03 -3.991635E-07  1.067943E-04 -1.336963E-06  1.919766E-04 -3.981172E-03  2.050184E-08  2.050397E-08
  1.772000E+03 -4.721576E-07  1.065549E-04  1.202677E-06  1.924339E-04 -1.979046E-02  2.050076E-08  2.050584E-08
  1.773000E+03  8.112042E-07  1.060513E-04  2.426324E-07  1.933312E-04 -6.344497E-03  2.050261E-08  2.050371E-08
  1.774000E+03 -2.508757E-07  1.069117E-04 -1.410112E-06  1.917652E-04 -7.502449E-03  2.050136E-08  2.050443E-08
  1.775000E+03 -5.807876E-07  1.063418E-04  9.918231E-07  1.928193E-04 -1.926617E-02  2.050095E-08  2.050541E-08
  1.776000E+03  7.508237E-07  1.062042E-04  5.116554E-07  1.930487E-04 -3.404135E-03  2.050246E-08  2.050317E-08
  1.777000E+03 -9.290877E-08  1.069308E-04 -1.427806E-06  1.917352E-04 -1.128852E-02  2.050109E-08  2.050494E-08
  1.778000E+03 -6.640514E-07  1.061579E-04  7.479692E-07  1.931463E-04 -1.682066E-02  2.050110E-08  2.050455E-08
  1.779000E+03  6.659028E-07  1.063990E-04  7.540724E-07  1.926915E-04 -1.982379E-03  2.050215E-08  2.050291E-08
  1.780000E+03  6.801991E-08  1.068544E-04 -1.391754E-06  1.918790E-04 -1.479404E-02  2.050086E-08  2.050523E-08
  1.781000E+03 -7.139595E-07  1.060442E-04  4.775799E-07  1.933427E-04 -1.332802E-02  2.050106E-08  2.050348E-08
  1.782000E+03  5.544772E-07  1.066047E-04  9.474227E-07  1.923162E-04 -2.408038E-03  2.050175E-08  2.050297E-08
  1.783000E+03  2.154094E-07  1.067079E-04 -1.289535E-06  1.921495E-04 -1.741432E-02  2.050076E-08  2.050533E-08
  1.784000E+03 -7.295714E-07  1.060243E-04  1.998327E-07  1.933697E-04 -9.470200E-03  2.050097E-08  2.050248E-08
  1.785000E+03  4.250015E-07  1.067782E-04  1.096687E-06  1.920015E-04 -4.609045E-03  2.050135E-08  2.050333E-08
  1.786000E+03  3.517437E-07  1.065079E-04 -1.140882E-06  1.925150E-04 -1.863144E-02  2.050082E-08  2.050520E-08
  1.787000E+03 -7.118273E-07  1.060894E-04 -8.884860E-08  1.932459E-04 -5.861195E-03  2.050099E-08  2.050184E-08
  1.788000E+03  2.743877E-07  1.068740E-04  1.182459E-06  1.918330E-04 -7.969053E-03  2.050131E-08  2.050411E-08
  1.789000E+03  4.595824E-07  1.063019E-04 -9.348596E-07  1.928861E-04 -1.811603E-02  2.050079E-08  2.050463E-08
  1.790000E+03 -6.539383E-07  1.062364E-04 -3.473431E-07  1.929756E-04 -3.474030E-03  2.050091E-08  2.050146E-08
  1.791000E+03  1.200639E-07  1.068811E-04  1.196729E-06  1.918274E-04 -1.190613E-02  2.050127E-08  2.050486E-08
  1.792000E+03  5.324152E-07  1.061368E-04 -6.947033E-07  1.931788E-04 -1.617548E-02  2.050069E-08  2.050378E-08
  1.793000E+03 -5.703476E-07  1.064270E-04 -5.623893E-07  1.926290E-04 -2.802467E-03  2.050085E-08  2.050152E-08
  1.794000E+03 -1.856267E-08  1.068005E-04  1.158062E-06  1.919825E-04 -1.550290E-02  2.050137E-08  2.050554E-08
  1.795000E+03  5.703569E-07  1.060456E-04 -4.655061E-07  1.933359E-04 -1.297084E-02  2.050070E-08  2.050285E-08
  1.796000E+03 -4.801641E-07  1.066230E-04 -7.200499E-07  1.922759E-04 -3.485522E-03  2.050091E-08  2.050207E-08
  1.797000E+03 -1.364471E-07  1.066592E-04  1.084030E-06  1.922454E-04 -1.780597E-02  2.050149E-08  2.050585E-08
  1.798000E+03  5.848131E-07  1.060453E-04 -2.422742E-07  1.933299E-04 -9.276668E-03  2.050084E-08  2.050213E-08
  1.799000E+03 -3.753273E-07  1.067823E-04 -8.424686E-07  1.919939E-04 -5.641812E-03  2.050121E-08  2.050314E-08
  1.800000E+03 -2.402668E-07  1.064795E-04  9.637601E-07  1.925739E-04 -1.865010E-02  2.050161E-08  2.050578E-08
  1.801000E+03  5.697070E-07  1.061246E-04 -1.892705E-08  1.931807E-04 -6.051684E-03  2.050084E-08  2.050153E-08
  1.802000E+03 -2.589035E-07  1.068551E-04 -9.186077E-07  1.918684E-04 -8.724345E-03  2.050134E-08  2.050401E-08
  1.803000E+03 -3.285297E-07  1.062931E-04  8.094629E-07  1.929088E-04 -1.773780E-02  2.050165E-08  2.050519E-08
  1.804000E+03  5.339559E-07  1.062645E-04  1.938213E-07  1.929250E-04 -3.873174E-03  2.050091E-08  2.050136E-08
  1.805000E+03 -1.380897E-07  1.068487E-04 -9.558323E-07  1.918893E-04 -1.218135E-02  2.050160E-08  2.050495E-08
  1.806000E+03 -4.017100E-07  1.061469E-04  6.324353E-07  1.931715E-04 -1.563974E-02  2.050205E-08  2.050483E-08
  1.807000E+03  4.796182E-07  1.064383E-04  3.910862E-07  1.926134E-04 -3.216661E-03  2.050135E-08  2.050193E-08
  1.808000E+03 -1.860410E-08  1.067709E-04 -9.558409E-07  1.920406E-04 -1.536040E-02  2.050194E-08  2.050581E-08
  1.809000E+03 -4.538676E-07  1.060677E-04  4.334016E-07  1.933130E-04 -1.265574E-02  2.050263E-08  2.050457E-08
  1.810000E+03  4.053158E-07  1.066118E-04  5.621259E-07  1.923053E-04 -3.986333E-03  2.050186E-08  2.050290E-08
  1.811000E+03  9.106527E-08  1.066361E-04 -9.100793E-07  1.922922E-04 -1.741636E-02  2.050220E-08  2.050624E-08
  1.812000E+03 -4.802112E-07  1.060758E-04  2.342759E-07  1.932951E-04 -9.417256E-03  2.050303E-08  2.050421E-08
  1.813000E+03  3.214220E-07  1.067499E-04  6.935136E-07  1.920602E-04 -6.157503E-03  2.050202E-08  2.050377E-08
  1.814000E+03  1.903640E-07  1.064740E-04 -8.290043E-07  1.925883E-04 -1.812050E-02  2.050228E-08  2.050615E-08
  1.815000E+03 -4.880175E-07  1.061611E-04  3.103300E-08  1.931363E-04 -6.570685E-03  2.050312E-08  2.050378E-08
  1.816000E+03  2.285780E-07  1.068332E-04  7.953497E-07  1.919125E-04 -9.242719E-03  2.050176E-08  2.050435E-08
  1.817000E+03  2.852390E-07  1.063143E-04 -7.269002E-07  1.928768E-04 -1.751683E-02  2.050242E-08  2.050583E-08
  1.818000E+03 -4.805601E-07  1.062894E-04 -1.678732E-07  1.929006E-04 -4.669087E-03  2.050306E-08  2.050354E-08
  1.819000E+03  1.323118E-07  1.068248E-04  8.743689E-07  1.919324E-04 -1.238544E-02  2.050156E-08  2.050480E-08
  1.820000E+03  3.703797E-07  1.061798E-04 -6.027031E-07  1.931177E-04 -1.539379E-02  2.050277E-08  2.050542E-08
  1.821000E+03 -4.603868E-07  1.064520E-04 -3.639385E-07  1.926065E-04 -3.934436E-03  2.050319E-08  2.050382E-08
  1.822000E+03  2.917030E-08  1.067483E-04  9.290496E-07  1.920777E-04 -1.513417E-02  2.050161E-08  2.050531E-08
  1.823000E+03  4.427859E-07  1.061111E-04 -4.551305E-07  1.932388E-04 -1.248376E-02  2.050318E-08  2.050504E-08
  1.824000E+03 -4.209274E-07  1.066160E-04 -5.377423E-07  1.923110E-04 -4.808357E-03  2.050320E-08  2.050433E-08
  1.825000E+03 -7.162857E-08  1.066133E-04  9.419364E-07  1.923288E-04 -1.705191E-02  2.050183E-08  2.050569E-08
  1.826000E+03  4.949951E-07  1.061071E-04 -2.880744E-07  1.932449E-04 -9.335849E-03  2.050376E-08  2.050492E-08
  1.827000E+03 -3.615045E-07  1.067315E-04 -6.986221E-07  1.921025E-04 -6.693418E-03  2.050294E-08  2.050470E-08
  1.828000E+03 -1.833132E-07  1.064451E-04  9.095881E-07  1.926345E-04 -1.739921E-02  2.050189E-08  2.050548E-08
  1.829000E+03  5.292634E-07  1.061778E-04 -8.413889E-08  1.931160E-04 -6.343777E-03  2.050421E-08  2.050488E-08
  1.830000E+03 -2.747806E-07  1.067941E-04 -8.417911E-07  1.919893E-04 -9.354554E-03  2.050243E-08  2.050490E-08
  1.831000E+03 -2.926572E-07  1.062846E-04  8.273864E-07  1.929212E-04 -1.651448E-02  2.050176E-08  2.050485E-08
  1.832000E+03  5.366768E-07  1.063045E-04  1.280442E-07  1.928829E-04 -4.399633E-03  2.050412E-08  2.050463E-08
  1.833000E+03 -1.737841E-07  1.067894E-04 -9.474370E-07  1.919975E-04 -1.236529E-02  2.050173E-08  2.050486E-08
  1.834000E+03 -3.912713E-07  1.061563E-04  7.028675E-07  1.931464E-04 -1.461413E-02  2.050152E-08  2.050399E-08
  1.835000E+03  5.208782E-07  1.064624E-04  3.457712E-07  1.925882E-04 -3.792788E-03  2.050326E-08  2.050395E-08
  1.836000E+03 -6.202369E-08  1.067175E-04 -1.018328E-06  1.921262E-04 -1.498174E-02  2.050094E-08  2.050453E-08
  1.837000E+03 -4.764450E-07  1.060917E-04  5.468486E-07  1.932586E-04 -1.173340E-02  2.050171E-08  2.050345E-08
  1.838000E+03  4.788150E-07  1.066255E-04  5.570125E-07  1.922865E-04 -4.447300E-03  2.050244E-08  2.050363E-08
  1.839000E+03  6.302689E-08  1.065978E-04 -1.034539E-06  1.923443E-04 -1.678963E-02  2.050059E-08  2.050437E-08
  1.840000E+03 -5.399903E-07  1.061031E-04  3.437254E-07  1.932368E-04 -8.672441E-03  2.050226E-08  2.050335E-08
  1.841000E+03  4.060336E-07  1.067601E-04  7.408989E-07  1.920394E-04 -6.490959E-03  2.050171E-08  2.050362E-08
  1.842000E+03  1.830344E-07  1.064511E-04 -9.909345E-07  1.926105E-04 -1.752758E-02  2.050046E-08  2.050415E-08
  1.843000E+03 -5.686494E-07  1.061916E-04  1.244926E-07  1.930760E-04 -6.054808E-03  2.050267E-08  2.050334E-08
  1.844000E+03  3.129138E-07  1.068335E-04  8.800433E-07  1.919041E-04 -9.522089E-03  2.050086E-08  2.050360E-08
  1.845000E+03  2.951627E-07  1.062911E-04 -8.968099E-07  1.928961E-04 -1.688925E-02  2.050022E-08  2.050348E-08
  1.846000E+03 -5.675591E-07  1.063197E-04 -1.011152E-07  1.928414E-04 -4.204547E-03  2.050265E-08  2.050319E-08
  1.847000E+03  2.006685E-07  1.068223E-04  9.725817E-07  1.919251E-04 -1.269458E-02  2.050023E-08  2.050363E-08
  1.848000E+03  3.907912E-07  1.061561E-04 -7.469372E-07  1.931348E-04 -1.493493E-02  2.050015E-08  2.050273E-08
  1.849000E+03 -5.357128E-07  1.064808E-04 -3.255480E-07  1.925459E-04 -3.671976E-03  2.050230E-08  2.050304E-08
  1.850000E+03  7.558349E-08  1.067384E-04  1.015457E-06  1.920827E-04 -1.548410E-02  2.050015E-08  2.050398E-08
  1.851000E+03  4.645965E-07  1.060868E-04 -5.574550E-07  1.932572E-04 -1.198063E-02  2.050056E-08  2.050235E-08
  1.852000E+03 -4.720733E-07  1.066401E-04 -5.226070E-07  1.922535E-04 -4.417475E-03  2.050175E-08  2.050296E-08
  1.853000E+03 -4.922437E-08  1.066044E-04  9.919856E-07  1.923303E-04 -1.711615E-02  2.050025E-08  2.050414E-08
  1.854000E+03  5.019078E-07  1.060997E-04 -3.379110E-07  1.932329E-04 -8.663011E-03  2.050118E-08  2.050224E-08
  1.855000E+03 -3.811370E-07  1.067696E-04 -6.731930E-07  1.920163E-04 -6.501718E-03  2.050107E-08  2.050299E-08
  1.856000E+03 -1.606969E-07  1.064452E-04  9.079168E-07  1.926209E-04 -1.756066E-02  2.050040E-08  2.050404E-08
  1.857000E+03  5.080377E-07  1.061912E-04 -1.209265E-07  1.930693E-04 -5.844076E-03  2.050191E-08  2.050250E-08
  1.858000E+03 -2.810627E-07  1.068404E-04 -7.687412E-07  1.918891E-04 -9.552062E-03  2.050057E-08  2.050328E-08
  1.859000E+03 -2.538744E-07  1.062834E-04  7.840643E-07  1.929122E-04 -1.674912E-02  2.050050E-08  2.050363E-08
  1.860000E+03  4.823657E-07  1.063317E-04  9.162469E-08  1.928166E-04 -3.965553E-03  2.050236E-08  2.050281E-08
  1.861000E+03 -1.651837E-07  1.068321E-04 -8.117162E-07  1.919112E-04 -1.279058E-02  2.050059E-08  2.050397E-08
  1.862000E+03 -3.199579E-07  1.061609E-04  6.073320E-07  1.931339E-04 -1.476073E-02  2.050104E-08  2.050348E-08
  1.863000E+03  4.238655E-07  1.064965E-04  2.732596E-07  1.925200E-04 -3.586185E-03  2.050258E-08  2.050324E-08
  1.864000E+03 -5.221690E-08  1.067509E-04 -7.922845E-07  1.920699E-04 -1.562777E-02  2.050113E-08  2.050493E-08
  1.865000E+03 -3.516800E-07  1.060974E-04  4.136576E-07  1.932485E-04 -1.203856E-02  2.050168E-08  2.050336E-08
  1.866000E+03  3.454816E-07  1.066579E-04  4.043659E-07  1.922303E-04 -4.699245E-03  2.050265E-08  2.050382E-08
  1.867000E+03  4.523390E-08  1.066161E-04 -7.217073E-07  1.923241E-04 -1.755867E-02  2.050168E-08  2.050563E-08
  1.868000E+03 -3.606120E-07  1.061064E-04  2.228623E-07  1.932296E-04 -8.903140E-03  2.050209E-08  2.050306E-08
  1.869000E+03  2.550288E-07  1.067857E-04  4.956793E-07  1.920007E-04 -6.727767E-03  2.050246E-08  2.050433E-08
  1.870000E+03  1.266612E-07  1.064519E-04 -6.159374E-07  1.926278E-04 -1.798683E-02  2.050228E-08  2.050594E-08
  1.871000E+03 -3.448650E-07  1.061835E-04  4.635705E-08  1.930900E-04 -5.956798E-03  2.050261E-08  2.050308E-08
  1.872000E+03  1.605304E-07  1.068564E-04  5.443023E-07  1.918798E-04 -9.612979E-03  2.050264E-08  2.050529E-08
  1.873000E+03  1.889077E-07  1.062889E-04 -4.847685E-07  1.929269E-04 -1.717280E-02  2.050297E-08  2.050612E-08
  1.874000E+03 -3.088731E-07  1.063219E-04 -1.156574E-07  1.928408E-04 -4.016002E-03  2.050304E-08  2.050336E-08
  1.875000E+03  6.505598E-08  1.068542E-04  5.549024E-07  1.918930E-04 -1.284890E-02  2.050287E-08  2.050622E-08
  1.876000E+03  2.362633E-07  1.061582E-04 -3.358562E-07  1.931592E-04 -1.493851E-02  2.050315E-08  2.050553E-08
  1.877000E+03 -2.551480E-07  1.064915E-04 -2.582603E-07  1.925332E-04 -3.204888E-03  2.050304E-08  2.050355E-08
  1.878000E+03 -2.491155E-08  1.067666E-04  5.274703E-07  1.920577E-04 -1.545246E-02  2.050291E-08  2.050660E-08
  1.879000E+03  2.643963E-07  1.060810E-04 -1.765334E-07  1.932875E-04 -1.174495E-02  2.050272E-08  2.050425E-08
  1.880000E+03 -1.843204E-07  1.066579E-04 -3.753022E-07  1.922314E-04 -3.891293E-03  2.050283E-08  2.050384E-08
  1.881000E+03 -1.113110E-07  1.066252E-04  4.558269E-07  1.923193E-04 -1.722615E-02  2.050304E-08  2.050681E-08
  1.882000E+03  2.665526E-07  1.060823E-04 -4.725451E-09  1.932739E-04 -8.423631E-03  2.050222E-08  2.050305E-08
  1.883000E+03 -9.624028E-08  1.067909E-04 -4.488375E-07  1.919922E-04 -5.945746E-03  2.050266E-08  2.050438E-08
  1.884000E+03 -1.849915E-07  1.064621E-04  3.460568E-07  1.926178E-04 -1.786112E-02  2.050323E-08  2.050681E-08
  1.885000E+03  2.447153E-07  1.061570E-04  1.699331E-07  1.931296E-04 -5.611801E-03  2.050173E-08  2.050212E-08
  1.886000E+03  1.593894E-09  1.068556E-04 -4.911515E-07  1.918780E-04 -8.904904E-03  2.050243E-08  2.050489E-08
  1.887000E+03 -2.488347E-07  1.062895E-04  2.045534E-07  1.929259E-04 -1.708354E-02  2.050301E-08  2.050610E-08
  1.888000E+03  1.961819E-07  1.062837E-04  3.383908E-07  1.928924E-04 -3.729119E-03  2.050118E-08  2.050142E-08
  1.889000E+03  1.034345E-07  1.068458E-04 -4.758318E-07  1.919014E-04 -1.212349E-02  2.050235E-08  2.050546E-08
  1.890000E+03 -2.849940E-07  1.061539E-04  3.153663E-08  1.931594E-04 -1.522455E-02  2.050225E-08  2.050470E-08
  1.891000E+03  1.179086E-07  1.064438E-04  4.760200E-07  1.925950E-04 -3.267344E-03  2.050043E-08  2.050086E-08
  1.892000E+03  2.047227E-07  1.067690E-04 -4.024412E-07  1.920459E-04 -1.515873E-02  2.050219E-08  2.050582E-08
  1.893000E+03 -2.895166E-07  1.060768E-04 -1.605379E-07  1.932854E-04 -1.267322E-02  2.050146E-08  2.050324E-08
  1.894000E+03  2.261817E-08  1.066052E-04  5.621494E-07  1.922985E-04 -4.199697E-03  2.049984E-08  2.050075E-08
  1.895000E+03  2.834077E-07  1.066386E-04 -2.794992E-07  1.922830E-04 -1.722891E-02  2.050175E-08  2.050560E-08
  1.896000E+03 -2.565855E-07  1.060743E-04 -3.410791E-07  1.932740E-04 -9.459126E-03  2.050049E-08  2.050155E-08
  1.897000E+03 -7.999927E-08  1.067442E-04  5.787058E-07  1.920494E-04 -6.058585E-03  2.049978E-08  2.050139E-08
  1.898000E+03  3.350207E-07  1.064814E-04 -1.259359E-07  1.925643E-04 -1.794685E-02  2.050122E-08  2.050492E-08
  1.899000E+03 -1.956321E-07  1.061469E-04 -4.949035E-07  1.931280E-04 -6.611810E-03  2.049949E-08  2.050005E-08
  1.900000E+03 -1.814640E-07  1.068241E-04  5.442149E-07  1.919133E-04 -8.818672E-03  2.050018E-08  2.050256E-08
  1.901000E+03  3.615923E-07  1.063161E-04  4.752578E-08  1.928590E-04 -1.726519E-02  2.050096E-08  2.050418E-08
  1.902000E+03 -1.182967E-07  1.062672E-04 -6.148299E-07  1.929001E-04 -4.564412E-03  2.049874E-08  2.049910E-08
  1.903000E+03 -2.711915E-07  1.068207E-04  4.710426E-07  1.919280E-04 -1.183579E-02  2.050043E-08  2.050344E-08
  1.904000E+03  3.622670E-07  1.061766E-04  2.210317E-07  1.931051E-04 -1.528752E-02  2.050084E-08  2.050337E-08
  1.905000E+03 -3.057235E-08  1.064242E-04 -7.008504E-07  1.926141E-04 -3.827684E-03  2.049865E-08  2.049915E-08
  1.906000E+03 -3.518708E-07  1.067478E-04  3.679285E-07  1.920696E-04 -1.475818E-02  2.050076E-08  2.050427E-08
  1.907000E+03  3.400392E-07  1.060972E-04  3.989074E-07  1.932429E-04 -1.257368E-02  2.050091E-08  2.050271E-08
  1.908000E+03  6.593304E-08  1.065875E-04 -7.480994E-07  1.923261E-04 -4.592406E-03  2.049934E-08  2.050031E-08
  1.909000E+03 -4.192388E-07  1.066172E-04  2.370710E-07  1.923133E-04 -1.677108E-02  2.050103E-08  2.050474E-08
  1.910000E+03  2.981520E-07  1.060975E-04  5.679732E-07  1.932340E-04 -9.492699E-03  2.050072E-08  2.050185E-08
  1.911000E+03  1.640034E-07  1.067193E-04 -7.485995E-07  1.920972E-04 -6.533571E-03  2.050003E-08  2.050168E-08
  1.912000E+03 -4.615285E-07  1.064649E-04  8.174879E-08  1.925935E-04 -1.750594E-02  2.050130E-08  2.050490E-08
  1.913000E+03  2.362722E-07  1.061711E-04  7.084876E-07  1.930942E-04 -6.859858E-03  2.050054E-08  2.050121E-08
  1.914000E+03  2.612162E-07  1.067955E-04 -7.105707E-07  1.919699E-04 -9.268798E-03  2.050065E-08  2.050306E-08
  1.915000E+03 -4.824490E-07  1.063229E-04 -8.692722E-08  1.928536E-04 -1.686822E-02  2.050185E-08  2.050504E-08
  1.916000E+03  1.651543E-07  1.063041E-04  8.187105E-07  1.928550E-04 -5.199680E-03  2.050100E-08  2.050154E-08
  1.917000E+03  3.479951E-07  1.068017E-04 -6.476511E-07  1.919735E-04 -1.232030E-02  2.050155E-08  2.050467E-08
  1.918000E+03 -4.808157E-07  1.062038E-04 -2.580443E-07  1.930723E-04 -1.513398E-02  2.050266E-08  2.050523E-08
  1.919000E+03  8.299967E-08  1.064467E-04  8.951860E-07  1.926057E-04 -4.536992E-03  2.050204E-08  2.050272E-08
  1.920000E+03  4.232997E-07  1.067341E-04 -5.519496E-07  1.921118E-04 -1.475673E-02  2.050265E-08  2.050617E-08
  1.921000E+03 -4.619189E-07  1.061371E-04 -4.180518E-07  1.931921E-04 -1.250051E-02  2.050324E-08  2.050509E-08
  1.922000E+03 -2.766622E-09  1.065938E-04  9.404118E-07  1.923473E-04 -5.094182E-03  2.050276E-08  2.050386E-08
  1.923000E+03  4.833363E-07  1.066235E-04 -4.306774E-07  1.923249E-04 -1.651547E-02  2.050356E-08  2.050727E-08
  1.924000E+03 -4.268669E-07  1.061324E-04 -5.716633E-07  1.932008E-04 -9.758521E-03  2.050389E-08  2.050514E-08
  1.925000E+03 -1.001334E-07  1.067134E-04  9.543529E-07  1.921360E-04 -6.830305E-03  2.050300E-08  2.050472E-08
  1.926000E+03  5.284501E-07  1.064738E-04 -2.717000E-07  1.926020E-04 -1.721912E-02  2.050403E-08  2.050761E-08
  1.927000E+03 -3.753472E-07  1.061788E-04 -7.206481E-07  1.931161E-04 -7.012925E-03  2.050434E-08  2.050512E-08
  1.928000E+03 -2.028209E-07  1.067770E-04  9.504082E-07  1.920248E-04 -9.058219E-03  2.050299E-08  2.050535E-08
  1.929000E+03  5.674326E-07  1.063260E-04 -1.028617E-07  1.928689E-04 -1.650575E-02  2.050419E-08  2.050734E-08
  1.930000E+03 -3.108006E-07  1.062835E-04 -8.670300E-07  1.929255E-04 -5.041709E-03  2.050453E-08  2.050511E-08
  1.931000E+03 -3.071292E-07  1.067810E-04  9.071911E-07  1.920237E-04 -1.160464E-02  2.050310E-08  2.050603E-08
  1.932000E+03  5.896996E-07  1.062097E-04  8.794861E-08  1.930763E-04 -1.485485E-02  2.050431E-08  2.050689E-08
  1.933000E+03 -2.223060E-07  1.064171E-04 -9.982318E-07  1.926789E-04 -4.353909E-03  2.050414E-08  2.050483E-08
  1.934000E+03 -4.104434E-07  1.067271E-04  8.140409E-07  1.921256E-04 -1.396793E-02  2.050301E-08  2.050636E-08
  1.935000E+03  5.931700E-07  1.061426E-04  2.937369E-07  1.931935E-04 -1.264276E-02  2.050443E-08  2.050642E-08
  1.936000E+03 -1.163337E-07  1.065514E-04 -1.099214E-06  1.924293E-04 -4.711789E-03  2.050339E-08  2.050443E-08
  1.937000E+03 -5.047404E-07  1.066341E-04  6.763603E-07  1.922954E-04 -1.554773E-02  2.050278E-08  2.050630E-08
  1.938000E+03  5.707383E-07  1.061355E-04  5.062132E-07  1.932016E-04 -1.005050E-02  2.050450E-08  2.050592E-08
  1.939000E+03  7.080130E-09  1.066709E-04 -1.164116E-06  1.922079E-04 -6.035638E-03  2.050262E-08  2.050420E-08
  1.940000E+03 -5.881786E-07  1.065182E-04  5.038550E-07  1.925053E-04 -1.638934E-02  2.050256E-08  2.050607E-08
  1.941000E+03  5.188247E-07  1.061853E-04  7.244856E-07  1.931047E-04 -7.755236E-03  2.050427E-08  2.050528E-08
  1.942000E+03  1.394380E-07  1.067536E-04 -1.168853E-06  1.920541E-04 -8.195242E-03  2.050177E-08  2.050400E-08
  1.943000E+03 -6.479476E-07  1.064011E-04  2.840763E-07  1.927142E-04 -1.635164E-02  2.050227E-08  2.050556E-08
  1.944000E+03  4.334980E-07  1.062813E-04  9.242061E-07  1.929209E-04 -6.125486E-03  2.050351E-08  2.050433E-08
  1.945000E+03  2.763702E-07  1.067725E-04 -1.115207E-06  1.920136E-04 -1.074723E-02  2.050059E-08  2.050342E-08
  1.946000E+03 -6.824456E-07  1.062777E-04  3.651150E-08  1.929292E-04 -1.523934E-02  2.050169E-08  2.050452E-08
  1.947000E+03  3.231989E-07  1.063962E-04  1.095739E-06  1.927014E-04 -5.157978E-03  2.050243E-08  2.050329E-08
  1.948000E+03  4.109274E-07  1.067310E-04 -1.009781E-06  1.920857E-04 -1.323752E-02  2.049970E-08  2.050300E-08
  1.949000E+03 -6.895763E-07  1.061915E-04 -2.279055E-07  1.930771E-04 -1.332609E-02  2.050132E-08  2.050359E-08
  1.950000E+03  1.918103E-07  1.065199E-04  1.227306E-06  1.924674E-04 -5.233078E-03  2.050133E-08  2.050246E-08
  1.951000E+03  5.354511E-07  1.066459E-04 -8.429396E-07  1.922382E-04 -1.508181E-02  2.049909E-08  2.050264E-08
  1.952000E+03 -6.588742E-07  1.061599E-04 -5.094506E-07  1.931282E-04 -1.080794E-02  2.050127E-08  2.050294E-08
  1.953000E+03  3.471141E-08  1.066324E-04  1.299592E-06  1.922558E-04 -6.099112E-03  2.050031E-08  2.050188E-08
  1.954000E+03  6.408495E-07  1.065356E-04 -6.122167E-07  1.924389E-04 -1.596702E-02  2.049897E-08  2.050250E-08
  1.955000E+03 -5.870362E-07  1.061939E-04 -7.833330E-07  1.930636E-04 -8.375622E-03  2.050146E-08  2.050266E-08
  1.956000E+03 -1.355010E-07  1.067165E-04  1.296251E-06  1.921005E-04 -7.920301E-03  2.049964E-08  2.050179E-08
  1.957000E+03  7.093117E-07  1.064184E-04 -3.283680E-07  1.926533E-04 -1.599924E-02  2.049924E-08  2.050254E-08
  1.958000E+03 -4.754014E-07  1.062782E-04 -1.014614E-06  1.929078E-04 -6.520334E-03  2.050146E-08  2.050241E-08
  1.959000E+03 -3.015901E-07  1.067485E-04  1.214026E-06  1.920436E-04 -1.034299E-02  2.049926E-08  2.050200E-08
  1.960000E+03  7.422364E-07  1.063050E-04 -1.757147E-08  1.928617E-04 -1.500280E-02  2.049987E-08  2.050272E-08
  1.961000E+03 -3.322208E-07  1.063891E-04 -1.207182E-06  1.927046E-04 -5.526800E-03  2.050136E-08  2.050232E-08
  1.962000E+03 -4.630379E-07  1.067277E-04  1.056543E-06  1.920874E-04 -1.269154E-02  2.049939E-08  2.050260E-08
  1.963000E+03  7.312037E-07  1.062293E-04  3.143261E-07  1.930040E-04 -1.339426E-02  2.050085E-08  2.050320E-08
  1.964000E+03 -1.583156E-07  1.065035E-04 -1.329665E-06  1.924994E-04 -5.617313E-03  2.050153E-08  2.050272E-08
  1.965000E+03 -6.008582E-07  1.066591E-04  8.153774E-07  1.922202E-04 -1.458891E-02  2.049985E-08  2.050335E-08
  1.966000E+03  6.679756E-07  1.062057E-04  6.355450E-07  1.930530E-04 -1.151942E-02  2.050197E-08  2.050385E-08
  1.967000E+03  2.889922E-08  1.066036E-04 -1.364062E-06  1.923236E-04 -6.681860E-03  2.050192E-08  2.050351E-08
  1.968000E+03 -7.007594E-07  1.065658E-04  5.288932E-07  1.924002E-04 -1.548817E-02  2.050081E-08  2.050430E-08
  1.969000E+03  5.669615E-07  1.062300E-04  9.177110E-07  1.930146E-04 -9.432291E-03  2.050304E-08  2.050448E-08
  1.970000E+03  2.115883E-07  1.066756E-04 -1.318475E-06  1.922027E-04 -8.072608E-03  2.050267E-08  2.050470E-08
  1.971000E+03 -7.578926E-07  1.064632E-04  2.108315E-07  1.925985E-04 -1.550277E-02  2.050218E-08  2.050544E-08
  1.972000E+03  4.337956E-07  1.062872E-04  1.147343E-06  1.929144E-04 -7.745945E-03  2.050371E-08  2.050489E-08
  1.973000E+03  3.840883E-07  1.067133E-04 -1.198467E-06  1.921442E-04 -9.874511E-03  2.050333E-08  2.050583E-08
  1.974000E+03 -7.722364E-07  1.063726E-04 -1.181245E-07  1.927723E-04 -1.491894E-02  2.050341E-08  2.050634E-08
  1.975000E+03  2.780637E-07  1.063698E-04  1.311752E-06  1.927662E-04 -6.708825E-03  2.050404E-08  2.050515E-08
  1.976000E+03  5.363529E-07  1.067107E-04 -1.014849E-06  1.921567E-04 -1.158620E-02  2.050380E-08  2.050668E-08
  1.977000E+03 -7.453096E-07  1.063001E-04 -4.408546E-07  1.929075E-04 -1.347576E-02  2.050422E-08  2.050668E-08
  1.978000E+03  1.074622E-07  1.064582E-04  1.410330E-06  1.926079E-04 -6.172197E-03  2.050431E-08  2.050551E-08
  1.979000E+03  6.644377E-07  1.066631E-04 -7.798995E-07  1.922508E-04 -1.291094E-02  2.050437E-08  2.050742E-08
  1.980000E+03 -6.855578E-07  1.062614E-04 -7.497016E-07  1.929785E-04 -1.170241E-02  2.050477E-08  2.050676E-08
  1.981000E+03 -7.306348E-08  1.065450E-04  1.446165E-06  1.924540E-04 -6.522676E-03  2.050458E-08  2.050603E-08
  1.982000E+03  7.611820E-07  1.065883E-04 -5.014217E-07  1.923914E-04 -1.379670E-02  2.050472E-08  2.050781E-08
  1.983000E+03 -5.884455E-07  1.062656E-04 -1.026602E-06  1.929669E-04 -9.939720E-03  2.050474E-08  2.050637E-08
  1.984000E+03 -2.535493E-07  1.066171E-04  1.407634E-06  1.923269E-04 -7.617746E-03  2.050475E-08  2.050659E-08
  1.985000E+03  8.245989E-07  1.065042E-04 -1.945514E-07  1.925452E-04 -1.419475E-02  2.050481E-08  2.050783E-08
  1.986000E+03 -4.660169E-07  1.062937E-04 -1.264847E-06  1.929071E-04 -8.552611E-03  2.050406E-08  2.050548E-08
  1.987000E+03 -4.261599E-07  1.066484E-04  1.309106E-06  1.922734E-04 -8.979787E-03  2.050482E-08  2.050701E-08
  1.988000E+03  8.510134E-07  1.064167E-04  1.316311E-07  1.927029E-04 -1.398690E-02  2.050481E-08  2.050765E-08
  1.989000E+03 -3.142233E-07  1.063438E-04 -1.448256E-06  1.928060E-04 -7.653425E-03  2.050311E-08  2.050446E-08
  1.990000E+03 -5.861759E-07  1.066488E-04  1.137960E-06  1.922735E-04 -1.053207E-02  2.050461E-08  2.050715E-08
  1.991000E+03  8.383802E-07  1.063514E-04  4.627737E-07  1.928152E-04 -1.335890E-02  2.050433E-08  2.050694E-08
  1.992000E+03 -1.427698E-07  1.064093E-04 -1.572067E-06  1.926751E-04 -7.535632E-03  2.050183E-08  2.050329E-08
  1.993000E+03 -7.240712E-07  1.066175E-04  9.082382E-07  1.923272E-04 -1.210059E-02  2.050395E-08  2.050680E-08
  1.994000E+03  7.833592E-07  1.063097E-04  7.815638E-07  1.928778E-04 -1.233031E-02  2.050324E-08  2.050557E-08
  1.995000E+03  4.319940E-08  1.064829E-04 -1.612751E-06  1.925354E-04 -7.826304E-03  2.050109E-08  2.050275E-08
  1.996000E+03 -8.266766E-07  1.065657E-04  6.206702E-07  1.924163E-04 -1.304467E-02  2.050325E-08  2.050621E-08
  1.997000E+03  6.808355E-07  1.063043E-04  1.072331E-06  1.928712E-04 -1.088637E-02  2.050182E-08  2.050382E-08
  1.998000E+03  2.328523E-07  1.065481E-04 -1.564994E-06  1.924153E-04 -8.457273E-03  2.050075E-08  2.050267E-08
  1.999000E+03 -8.860518E-07  1.065053E-04  2.943403E-07  1.925212E-04 -1.352566E-02  2.050265E-08  2.050561E-08
  2.000000E+03  5.437075E-07  1.063221E-04  1.305560E-06  1.928215E-04 -9.660902E-03  2.050022E-08  2.050198E-08
  2.001000E+03  4.065844E-07  1.065858E-04 -1.443171E-06  1.923464E-04 -9.400566E-03  2.050048E-08  2.050269E-08
  2.002000E+03 -9.030982E-07  1.064327E-04 -3.600476E-08  1.926480E-04 -1.343889E-02  2.050219E-08  2.050499E-08
  2.003000E+03  3.849886E-07  1.063527E-04  1.472955E-06  1.927508E-04 -8.668506E-03  2.049880E-08  2.050041E-08
  2.004000E+03  5.546850E-07  1.065906E-04 -1.259326E-06  1.923368E-04 -1.048516E-02  2.050016E-08  2.050260E-08
  2.005000E+03 -8.810325E-07  1.063706E-04 -3.500602E-07  1.927517E-04 -1.290041E-02  2.050142E-08  2.050398E-08
  2.006000E+03  2.176539E-07  1.064001E-04  1.575444E-06  1.926565E-04 -8.252334E-03  2.049798E-08  2.049957E-08
  2.007000E+03  6.808410E-07  1.065736E-04 -1.033226E-06  1.923691E-04 -1.167461E-02  2.050007E-08  2.050272E-08
  2.008000E+03 -8.258006E-07  1.063325E-04 -6.477261E-07  1.928123E-04 -1.215859E-02  2.050071E-08  2.050303E-08
  2.009000E+03  4.869924E-08  1.064527E-04  1.617215E-06  1.925607E-04 -8.290878E-03  2.049789E-08  2.049959E-08
  2.010000E+03  7.777927E-07  1.065402E-04 -7.824735E-07  1.924344E-04 -1.252585E-02  2.050040E-08  2.050317E-08
  2.011000E+03 -7.393750E-07  1.063227E-04 -9.098484E-07  1.928220E-04 -1.113959E-02  2.050008E-08  2.050214E-08
  2.012000E+03 -1.142684E-07  1.065076E-04  1.592059E-06  1.924652E-04 -8.827756E-03  2.049821E-08  2.050010E-08
  2.013000E+03  8.431644E-07  1.064970E-04 -5.136193E-07  1.925219E-04 -1.303322E-02  2.050126E-08  2.050406E-08
  2.014000E+03 -6.357124E-07  1.063432E-04 -1.133781E-06  1.927822E-04 -1.020631E-02  2.050001E-08  2.050189E-08
  2.015000E+03 -2.637836E-07  1.065478E-04  1.523221E-06  1.924025E-04 -9.676091E-03  2.049911E-08  2.050125E-08
  2.016000E+03  8.776259E-07  1.064621E-04 -2.461953E-07  1.925947E-04 -1.308699E-02  2.050228E-08  2.050502E-08
  2.017000E+03 -5.170223E-07  1.063802E-04 -1.306583E-06  1.927190E-04 -9.689293E-03  2.050052E-08  2.050233E-08
  2.018000E+03 -4.038600E-07  1.065573E-04  1.407506E-06  1.923968E-04 -1.060439E-02  2.050013E-08  2.050247E-08
  2.019000E+03  8.820640E-07  1.064182E-04  3.091226E-08  1.926803E-04 -1.269443E-02  2.050304E-08  2.050558E-08
  2.020000E+03 -3.853626E-07  1.064123E-04 -1.436430E-06  1.926670E-04 -9.219015E-03  2.050126E-08  2.050301E-08
  2.021000E+03 -5.288404E-07  1.065518E-04  1.254798E-06  1.924197E-04 -1.126390E-02  2.050136E-08  2.050382E-08
  2.022000E+03  8.595966E-07  1.063947E-04  2.968053E-07  1.927297E-04 -1.208343E-02  2.050392E-08  2.050626E-08
  2.023000E+03 -2.503934E-07  1.064501E-04 -1.515718E-06  1.926057E-04 -9.178553E-03  2.050203E-08  2.050382E-08
  2.024000E+03 -6.363131E-07  1.065353E-04  1.072333E-06  1.924636E-04 -1.183912E-02  2.050273E-08  2.050527E-08
  2.025000E+03  8.163420E-07  1.063872E-04  5.574574E-07  1.927513E-04 -1.152243E-02  2.050490E-08  2.050708E-08
  2.026000E+03 -1.013405E-07  1.064715E-04 -1.563863E-06  1.925735E-04 -9.441656E-03  2.050267E-08  2.050455E-08
  2.027000E+03 -7.282026E-07  1.065002E-04  8.545145E-07  1.925388E-04 -1.190954E-02  2.050398E-08  2.050645E-08
  2.028000E+03  7.564400E-07  1.063882E-04  8.045389E-07  1.927564E-04 -1.071993E-02  2.050583E-08  2.050783E-08
  2.029000E+03  4.739907E-08  1.064885E-04 -1.581159E-06  1.925497E-04 -9.630639E-03  2.050337E-08  2.050533E-08
  2.030000E+03 -8.009786E-07  1.064721E-04  6.195958E-07  1.926007E-04 -1.177381E-02  2.050518E-08  2.050756E-08
  2.031000E+03  6.749747E-07  1.063994E-04  1.026163E-06  1.927394E-04 -1.018876E-02  2.050629E-08  2.050820E-08
  2.032000E+03  1.988350E-07  1.064970E-04 -1.546110E-06  1.925385E-04 -9.966549E-03  2.050376E-08  2.050580E-08
  2.033000E+03 -8.513018E-07  1.064538E-04  3.547684E-07  1.926425E-04 -1.162337E-02  2.050614E-08  2.050845E-08
  2.034000E+03  5.697014E-07  1.064130E-04  1.229761E-06  1.927143E-04 -1.001852E-02  2.050628E-08  2.050818E-08
  2.035000E+03  3.486137E-07  1.064967E-04 -1.461018E-06  1.925413E-04 -1.030440E-02  2.050392E-08  2.050603E-08
  2.036000E+03 -8.757039E-07  1.064462E-04  6.715970E-08  1.926616E-04 -1.135248E-02  2.050677E-08  2.050900E-08
  2.037000E+03  4.345106E-07  1.064314E-04  1.398959E-06  1.926772E-04 -9.863188E-03  2.050591E-08  2.050781E-08
  2.038000E+03  4.907935E-07  1.064966E-04 -1.315501E-06  1.925422E-04 -1.041939E-02  2.050398E-08  2.050611E-08
  2.039000E+03 -8.721487E-07  1.064498E-04 -2.361396E-07  1.926556E-04 -1.113825E-02  2.050687E-08  2.050907E-08
  2.040000E+03  2.831642E-07  1.064488E-04  1.518933E-06  1.926395E-04 -9.895343E-03  2.050524E-08  2.050718E-08
  2.041000E+03  6.150913E-07  1.064996E-04 -1.114913E-06  1.925368E-04 -1.058437E-02  2.050394E-08  2.050611E-08
  2.042000E+03 -8.283577E-07  1.064605E-04 -5.273192E-07  1.926320E-04 -1.109677E-02  2.050645E-08  2.050865E-08
  2.043000E+03  1.181162E-07  1.064673E-04  1.573487E-06  1.925966E-04 -1.010340E-02  2.050419E-08  2.050619E-08
  2.044000E+03  7.175462E-07  1.065012E-04 -8.648711E-07  1.925330E-04 -1.087196E-02  2.050378E-08  2.050600E-08
  2.045000E+03 -7.497321E-07  1.064593E-04 -8.046400E-07  1.926258E-04 -1.107102E-02  2.050555E-08  2.050773E-08
  2.046000E+03 -5.237653E-08  1.064641E-04  1.563738E-06  1.925890E-04 -1.024439E-02  2.050273E-08  2.050475E-08
  2.047000E+03  7.897703E-07  1.064870E-04 -5.799309E-07  1.925524E-04 -1.098542E-02  2.050308E-08  2.050529E-08
  2.048000E+03 -6.429228E-07  1.064507E-04 -1.040716E-06  1.926277E-04 -1.096884E-02  2.050411E-08  2.050625E-08
  2.049000E+03 -2.177670E-07  1.064606E-04  1.493381E-06  1.925821E-04 -1.038483E-02  2.050130E-08  2.050333E-08
  2.050000E+03  8.277983E-07  1.064750E-04 -2.732747E-07  1.925662E-04 -1.108773E-02  2.050224E-08  2.050443E-08
  2.051000E+03 -5.111797E-07  1.064420E-04 -1.232084E-06  1.926267E-04 -1.076363E-02  2.050239E-08  2.050446E-08
  2.052000E+03 -3.756648E-07  1.064623E-04  1.362665E-06  1.925682E-04 -1.028210E-02  2.050017E-08  2.050217E-08
  2.053000E+03  8.301542E-07  1.064718E-04  4.744357E-08  1.925642E-04 -1.098344E-02  2.050142E-08  2.050357E-08
  2.054000E+03 -3.562608E-07  1.064378E-04 -1.367720E-06  1.926204E-04 -1.051820E-02  2.050096E-08  2.050295E-08
  2.055000E+03 -5.137269E-07  1.064716E-04  1.158569E-06  1.925458E-04 -1.022305E-02  2.049958E-08  2.050155E-08
  2.056000E+03  7.887175E-07  1.064748E-04  3.599707E-07  1.925529E-04 -1.100233E-02  2.050079E-08  2.050293E-08
  2.057000E+03 -1.807472E-07  1.064399E-04 -1.429094E-06  1.926070E-04 -1.041861E-02  2.049995E-08  2.050189E-08
  2.058000E+03 -6.195316E-07  1.064857E-04  8.922973E-07  1.925180E-04 -1.032664E-02  2.049931E-08  2.050130E-08
  2.059000E+03  7.088597E-07  1.064686E-04  6.417536E-07  1.925601E-04 -1.118994E-02  2.050033E-08  2.050247E-08
  2.060000E+03 -3.981596E-09  1.064374E-04 -1.423998E-06  1.926063E-04 -1.023765E-02  2.049943E-08  2.050129E-08
  2.061000E+03 -6.948921E-07  1.064969E-04  5.944809E-07  1.924997E-04 -1.048457E-02  2.049949E-08  2.050151E-08
  2.062000E+03  5.968391E-07  1.064597E-04  8.917155E-07  1.925757E-04 -1.136617E-02  2.050022E-08  2.050235E-08
  2.063000E+03  1.715190E-07  1.064380E-04 -1.343513E-06  1.926045E-04 -1.017509E-02  2.049938E-08  2.050119E-08
  2.064000E+03 -7.299123E-07  1.065063E-04  2.671367E-07  1.924854E-04 -1.077739E-02  2.049972E-08  2.050178E-08
  2.065000E+03  4.474699E-07  1.064423E-04  1.086080E-06  1.926090E-04 -1.154107E-02  2.050039E-08  2.050250E-08
  2.066000E+03  3.325950E-07  1.064486E-04 -1.174947E-06  1.925887E-04 -1.014239E-02  2.049974E-08  2.050153E-08
  2.067000E+03 -7.182938E-07  1.065155E-04 -6.442271E-08  1.924755E-04 -1.126644E-02  2.050031E-08  2.050247E-08
  2.068000E+03  2.809914E-07  1.064246E-04  1.199253E-06  1.926470E-04 -1.139333E-02  2.050105E-08  2.050305E-08
  2.069000E+03  4.606964E-07  1.064696E-04 -9.460618E-07  1.925580E-04 -9.836500E-03  2.050058E-08  2.050230E-08
  2.070000E+03 -6.634918E-07  1.065156E-04 -3.691384E-07  1.924830E-04 -1.156891E-02  2.050106E-08  2.050325E-08
  2.071000E+03  1.084570E-07  1.064091E-04  1.235051E-06  1.926829E-04 -1.097632E-02  2.050197E-08  2.050380E-08
  2.072000E+03  5.556849E-07  1.064975E-04 -6.816031E-07  1.925206E-04 -9.710649E-03  2.050198E-08  2.050370E-08
  2.073000E+03 -5.712493E-07  1.065050E-04 -6.328636E-07  1.925141E-04 -1.195045E-02  2.050225E-08  2.050447E-08
  2.074000E+03 -5.784489E-08  1.064060E-04  1.189196E-06  1.926989E-04 -1.054469E-02  2.050318E-08  2.050488E-08
  2.075000E+03  6.064522E-07  1.065295E-04 -3.947991E-07  1.924755E-04 -9.885066E-03  2.050333E-08  2.050511E-08
  2.076000E+03 -4.499466E-07  1.064828E-04 -8.365676E-07  1.925653E-04 -1.209523E-02  2.050338E-08  2.050556E-08
  2.077000E+03 -2.081217E-07  1.064110E-04  1.073652E-06  1.926990E-04 -9.778284E-03  2.050432E-08  2.050582E-08
  2.078000E+03  6.178829E-07  1.065505E-04 -1.016784E-07  1.924476E-04 -1.007279E-02  2.050434E-08  2.050618E-08
  2.079000E+03 -3.137022E-07  1.064462E-04 -9.789715E-07  1.926422E-04 -1.192467E-02  2.050456E-08  2.050660E-08
  2.080000E+03 -3.382634E-07  1.064281E-04  9.166040E-07  1.926791E-04 -9.068080E-03  2.050563E-08  2.050699E-08
  2.081000E+03  5.966669E-07  1.065634E-04  1.765349E-07  1.924348E-04 -1.056873E-02  2.050536E-08  2.050731E-08
  2.082000E+03 -1.707356E-07  1.064127E-04 -1.055138E-06  1.927127E-04 -1.160252E-02  2.050570E-08  2.050757E-08
  2.083000E+03 -4.395793E-07  1.064626E-04  7.164099E-07  1.926260E-04 -8.599095E-03  2.050671E-08  2.050803E-08
  2.084000E+03  5.435195E-07  1.065678E-04  4.254781E-07  1.924357E-04 -1.133285E-02  2.050612E-08  2.050824E-08
  2.085000E+03 -2.915344E-08  1.063854E-04 -1.074302E-06  1.927698E-04 -1.115367E-02  2.050661E-08  2.050832E-08
  2.086000E+03 -5.103719E-07  1.064972E-04  4.967666E-07  1.925680E-04 -8.494069E-03  2.050722E-08  2.050858E-08
  2.087000E+03  4.666479E-07  1.065425E-04  6.328208E-07  1.924841E-04 -1.200497E-02  2.050626E-08  2.050846E-08
  2.088000E+03  1.052737E-07  1.063623E-04 -1.030405E-06  1.928133E-04 -1.049589E-02  2.050694E-08  2.050847E-08
  2.089000E+03 -5.467900E-07  1.065316E-04  2.595810E-07  1.925066E-04 -8.749011E-03  2.050725E-08  2.050871E-08
  2.090000E+03  3.649659E-07  1.065042E-04  7.917240E-07  1.925488E-04 -1.263032E-02  2.050563E-08  2.050788E-08
  2.091000E+03  2.239125E-07  1.063583E-04 -9.268020E-07  1.928179E-04 -9.871349E-03  2.050679E-08  2.050816E-08
  2.092000E+03 -5.492636E-07  1.065638E-04  2.397093E-08  1.924469E-04 -9.542865E-03  2.050694E-08  2.050861E-08
  2.093000E+03  2.504625E-07  1.064542E-04  8.941564E-07  1.926327E-04 -1.309116E-02  2.050481E-08  2.050708E-08
  2.094000E+03  3.198115E-07  1.063744E-04 -7.802861E-07  1.927805E-04 -9.294095E-03  2.050603E-08  2.050729E-08
  2.095000E+03 -5.202395E-07  1.065842E-04 -1.974342E-07  1.924017E-04 -1.045732E-02  2.050586E-08  2.050776E-08
  2.096000E+03  1.269317E-07  1.064070E-04  9.365495E-07  1.927077E-04 -1.281615E-02  2.050375E-08  2.050585E-08
  2.097000E+03  3.939671E-07  1.064139E-04 -5.942835E-07  1.926994E-04 -8.672424E-03  2.050513E-08  2.050631E-08
  2.098000E+03 -4.589780E-07  1.065889E-04 -4.012244E-07  1.923803E-04 -1.134684E-02  2.050428E-08  2.050639E-08
  2.099000E+03  1.531388E-09  1.063694E-04  9.164815E-07  1.927648E-04 -1.220422E-02  2.050275E-08  2.050461E-08
  2.100000E+03  4.372641E-07  1.064636E-04 -3.821021E-07  1.926018E-04 -8.394341E-03  2.050435E-08  2.050554E-08
  2.101000E+03 -3.751999E-07  1.065648E-04 -5.594085E-07  1.924070E-04 -1.225986E-02  2.050227E-08  2.050453E-08
  2.102000E+03 -1.092041E-07  1.063314E-04  8.417989E-07  1.928207E-04 -1.122709E-02  2.050160E-08  2.050317E-08
  2.103000E+03  4.474679E-07  1.065101E-04 -1.724154E-07  1.925084E-04 -8.425948E-03  2.050335E-08  2.050463E-08
  2.104000E+03 -2.744605E-07  1.065134E-04 -6.601998E-07  1.924827E-04 -1.298980E-02  2.050026E-08  2.050256E-08
  2.105000E+03 -1.958189E-07  1.063133E-04  7.210172E-07  1.928379E-04 -1.016780E-02  2.050018E-08  2.050147E-08
  2.106000E+03  4.274425E-07  1.065534E-04  2.162780E-08  1.924171E-04 -9.025354E-03  2.050186E-08  2.050334E-08
  2.107000E+03 -1.710100E-07  1.064512E-04 -7.109039E-07  1.925820E-04 -1.350413E-02  2.049872E-08  2.050101E-08
  2.108000E+03 -2.610127E-07  1.063236E-04  5.766742E-07  1.928103E-04 -9.208468E-03  2.049941E-08  2.050051E-08
  2.109000E+03  3.881209E-07  1.065867E-04  1.810781E-07  1.923462E-04 -9.979312E-03  2.050052E-08  2.050226E-08
  2.110000E+03 -7.912016E-08  1.063897E-04 -7.118260E-07  1.926861E-04 -1.346457E-02  2.049795E-08  2.050011E-08
  2.111000E+03 -2.972399E-07  1.063627E-04  4.259400E-07  1.927379E-04 -8.342612E-03  2.049940E-08  2.050036E-08
  2.112000E+03  3.334039E-07  1.066058E-04  2.970812E-07  1.923045E-04 -1.123190E-02  2.049948E-08  2.050153E-08
  2.113000E+03 -4.036590E-09  1.063328E-04 -6.729144E-07  1.927838E-04 -1.296413E-02  2.049751E-08  2.049944E-08
  2.114000E+03 -3.105000E-07  1.064300E-04  2.960360E-07  1.926163E-04 -7.827342E-03  2.049952E-08  2.050048E-08
  2.115000E+03  2.777409E-07  1.065992E-04  3.724110E-07  1.923135E-04 -1.259727E-02  2.049883E-08  2.050119E-08
  2.116000E+03  5.036858E-08  1.062976E-04 -6.128632E-07  1.928454E-04 -1.204652E-02  2.049751E-08  2.049915E-08
  2.117000E+03 -3.052527E-07  1.065090E-04  1.849754E-07  1.924765E-04 -7.953613E-03  2.049982E-08  2.050094E-08
  2.118000E+03  2.221312E-07  1.065508E-04  4.196821E-07  1.924039E-04 -1.379473E-02  2.049884E-08  2.050137E-08
  2.119000E+03  9.510064E-08  1.062752E-04 -5.445487E-07  1.928915E-04 -1.063794E-02  2.049843E-08  2.049971E-08
  2.120000E+03 -2.948755E-07  1.065749E-04  8.883843E-08  1.923654E-04 -8.466454E-03  2.050058E-08  2.050194E-08
  2.121000E+03  1.725576E-07  1.064816E-04  4.441240E-07  1.925366E-04 -1.426701E-02  2.049952E-08  2.050200E-08
  2.122000E+03  1.234082E-07  1.062957E-04 -4.751496E-07  1.928648E-04 -9.226310E-03  2.049983E-08  2.050082E-08
  2.123000E+03 -2.767589E-07  1.066242E-04  1.655759E-08  1.922884E-04 -9.596233E-03  2.050165E-08  2.050334E-08
  2.124000E+03  1.355170E-07  1.064097E-04  4.497557E-07  1.926769E-04 -1.422627E-02  2.050062E-08  2.050294E-08
  2.125000E+03  1.431308E-07  1.063461E-04 -4.217697E-07  1.927858E-04 -8.203888E-03  2.050133E-08  2.050218E-08
  2.126000E+03 -2.645025E-07  1.066353E-04 -4.761969E-08  1.922826E-04 -1.104155E-02  2.050285E-08  2.050487E-08
  2.127000E+03  1.033539E-07  1.063323E-04  4.598009E-07  1.928296E-04 -1.333698E-02  2.050220E-08  2.050416E-08
  2.128000E+03  1.621742E-07  1.064142E-04 -3.808161E-07  1.926775E-04 -7.338202E-03  2.050307E-08  2.050387E-08
  2.129000E+03 -2.532872E-07  1.066173E-04 -1.009507E-07  1.923300E-04 -1.230455E-02  2.050415E-08  2.050640E-08
  2.130000E+03  7.708394E-08  1.062830E-04  4.600015E-07  1.929322E-04 -1.199252E-02  2.050394E-08  2.050551E-08
  2.131000E+03  1.750063E-07  1.064949E-04 -3.354150E-07  1.925481E-04 -7.170178E-03  2.050486E-08  2.050577E-08
  2.132000E+03 -2.387981E-07  1.065723E-04 -1.484405E-07  1.924262E-04 -1.343610E-02  2.050545E-08  2.050785E-08
  2.133000E+03  4.964469E-08  1.062646E-04  4.614438E-07  1.929747E-04 -1.053440E-02  2.050524E-08  2.050646E-08
  2.134000E+03  1.888916E-07  1.065708E-04 -2.888535E-07  1.924239E-04 -7.758014E-03  2.050614E-08  2.050731E-08
  2.135000E+03 -2.236734E-07  1.065059E-04 -1.951484E-07  1.925599E-04 -1.417386E-02  2.050671E-08  2.050915E-08
  2.136000E+03  1.829941E-08  1.062796E-04  4.527954E-07  1.929519E-04 -8.983895E-03  2.050603E-08  2.050693E-08
  2.137000E+03  2.021371E-07  1.066345E-04 -2.251054E-07  1.923181E-04 -8.781847E-03  2.050696E-08  2.050847E-08
  2.138000E+03 -2.004817E-07  1.064323E-04 -2.447371E-07  1.927004E-04 -1.416781E-02  2.050750E-08  2.050979E-08
  2.139000E+03 -1.739424E-08  1.063338E-04  4.367364E-07  1.928557E-04 -7.661974E-03  2.050648E-08  2.050720E-08
  2.140000E+03  2.088251E-07  1.066710E-04 -1.530144E-07  1.922599E-04 -1.030626E-02  2.050746E-08  2.050938E-08
  2.141000E+03 -1.687036E-07  1.063660E-04 -2.830017E-07  1.928213E-04 -1.361075E-02  2.050772E-08  2.050976E-08
  2.142000E+03 -4.856548E-08  1.064174E-04  3.966559E-07  1.927040E-04 -7.007520E-03  2.050655E-08  2.050727E-08
  2.143000E+03  2.029309E-07  1.066738E-04 -7.606100E-08  1.922593E-04 -1.203480E-02  2.050755E-08  2.050987E-08
  2.144000E+03 -1.295616E-07  1.063149E-04 -3.069800E-07  1.929056E-04 -1.260410E-02  2.050712E-08  2.050884E-08
  2.145000E+03 -8.010544E-08  1.065007E-04  3.412675E-07  1.925481E-04 -7.021618E-03  2.050600E-08  2.050687E-08
  2.146000E+03  1.890568E-07  1.066201E-04  3.104221E-11  1.923530E-04 -1.343160E-02  2.050685E-08  2.050935E-08
  2.147000E+03 -8.954171E-08  1.062799E-04 -3.120852E-07  1.929521E-04 -1.110159E-02  2.050566E-08  2.050698E-08
  2.148000E+03 -9.896763E-08  1.065715E-04  2.725817E-07  1.924119E-04 -7.663872E-03  2.050503E-08  2.050617E-08
  2.149000E+03  1.651987E-07  1.065382E-04  5.820732E-08  1.924887E-04 -1.433690E-02  2.050529E-08  2.050783E-08
  2.150000E+03 -5.262286E-08  1.062799E-04 -2.962636E-07  1.929313E-04 -9.505192E-03  2.050379E-08  2.050477E-08
  2.151000E+03 -1.041214E-07  1.066299E-04  2.030252E-07  1.922983E-04 -8.772781E-03  2.050395E-08  2.050544E-08
  2.152000E+03  1.361091E-07  1.064423E-04  9.561989E-08  1.926480E-04 -1.437374E-02  2.050377E-08  2.050613E-08
  2.153000E+03 -2.133024E-08  1.063228E-04 -2.607322E-07  1.928354E-04 -7.890997E-03  2.050216E-08  2.050288E-08
  2.154000E+03 -9.964276E-08  1.066629E-04  1.302888E-07  1.922294E-04 -1.021699E-02  2.050267E-08  2.050455E-08
  2.155000E+03  9.729347E-08  1.063580E-04  1.203247E-07  1.927845E-04 -1.374214E-02  2.050225E-08  2.050430E-08
  2.156000E+03  7.935399E-09  1.063979E-04 -1.982965E-07  1.926837E-04 -6.932736E-03  2.050065E-08  2.050131E-08
  2.157000E+03 -8.079529E-08  1.066622E-04  4.856954E-08  1.922197E-04 -1.191718E-02  2.050113E-08  2.050339E-08
  2.158000E+03  4.968511E-08  1.062950E-04  1.201933E-07  1.928800E-04 -1.263129E-02  2.050054E-08  2.050223E-08
  2.159000E+03  2.302700E-08  1.064814E-04 -1.154927E-07  1.925190E-04 -6.765980E-03  2.049922E-08  2.050001E-08
  2.160000E+03 -5.037158E-08  1.066164E-04 -9.410405E-09  1.922917E-04 -1.338084E-02  2.049960E-08  2.050210E-08
  2.161000E+03  9.017561E-09  1.062587E-04  9.399285E-08  1.929269E-04 -1.113809E-02  2.049890E-08  2.050019E-08
  2.162000E+03  3.059903E-08  1.065663E-04 -3.389490E-08  1.923572E-04 -7.318597E-03  2.049824E-08  2.049933E-08
  2.163000E+03 -1.496799E-08  1.065380E-04 -6.294696E-08  1.924261E-04 -1.454494E-02  2.049852E-08  2.050114E-08
  2.164000E+03 -3.363088E-08  1.062578E-04  4.938824E-08  1.929144E-04 -9.508495E-03  2.049775E-08  2.049870E-08
  2.165000E+03  2.955092E-08  1.066390E-04  5.961560E-08  1.922249E-04 -8.653254E-03  2.049791E-08  2.049944E-08
  2.166000E+03  3.469205E-08  1.064422E-04 -9.806781E-08  1.925989E-04 -1.509478E-02  2.049831E-08  2.050089E-08
  2.167000E+03 -6.778091E-08  1.062985E-04 -2.464020E-08  1.928360E-04 -8.053413E-03  2.049752E-08  2.049824E-08
  2.168000E+03  5.305518E-09  1.066839E-04  1.467477E-07  1.921476E-04 -1.032081E-02  2.049796E-08  2.049997E-08
  2.169000E+03  9.023025E-08  1.063490E-04 -8.720829E-08  1.927681E-04 -1.452076E-02  2.049854E-08  2.050081E-08
  2.170000E+03 -8.415531E-08  1.063766E-04 -1.252515E-07  1.926996E-04 -6.805510E-03  2.049825E-08  2.049887E-08
  2.171000E+03 -3.684344E-08  1.066817E-04  2.195860E-07  1.921611E-04 -1.211668E-02  2.049856E-08  2.050098E-08
  2.172000E+03  1.423917E-07  1.062765E-04 -4.477361E-08  1.929040E-04 -1.316749E-02  2.049938E-08  2.050121E-08
  2.173000E+03 -8.188202E-08  1.064801E-04 -2.352252E-07  1.925249E-04 -6.473867E-03  2.049964E-08  2.050041E-08
  2.174000E+03 -9.414809E-08  1.066374E-04  2.607967E-07  1.922578E-04 -1.382747E-02  2.049992E-08  2.050263E-08
  2.175000E+03  1.858845E-07  1.062433E-04  4.267220E-08  1.929720E-04 -1.138410E-02  2.050066E-08  2.050203E-08
  2.176000E+03 -5.719886E-08  1.065848E-04 -3.402445E-07  1.923522E-04 -6.870140E-03  2.050133E-08  2.050242E-08
  2.177000E+03 -1.580194E-07  1.065568E-04  2.647135E-07  1.924239E-04 -1.475074E-02  2.050186E-08  2.050460E-08
  2.178000E+03  2.115986E-07  1.062449E-04  1.446226E-07  1.929799E-04 -9.213712E-03  2.050226E-08  2.050318E-08
  2.179000E+03 -1.964185E-08  1.066637E-04 -4.265494E-07  1.922259E-04 -7.928116E-03  2.050289E-08  2.050439E-08
  2.180000E+03 -2.180288E-07  1.064576E-04  2.334302E-07  1.926232E-04 -1.491778E-02  2.050392E-08  2.050651E-08
  2.181000E+03  2.163762E-07  1.062932E-04  2.586648E-07  1.929080E-04 -7.379189E-03  2.050425E-08  2.050490E-08
  2.182000E+03  3.678558E-08  1.067080E-04 -4.820593E-07  1.921630E-04 -9.560651E-03  2.050439E-08  2.050633E-08
  2.183000E+03 -2.686366E-07  1.063680E-04  1.618622E-07  1.928000E-04 -1.436354E-02  2.050563E-08  2.050792E-08
  2.184000E+03  2.002586E-07  1.063780E-04  3.708085E-07  1.927704E-04 -6.252528E-03  2.050613E-08  2.050672E-08
  2.185000E+03  9.759501E-08  1.067121E-04 -5.003351E-07  1.921746E-04 -1.151925E-02  2.050599E-08  2.050837E-08
  2.186000E+03 -3.027305E-07  1.062885E-04  6.579587E-08  1.929535E-04 -1.320625E-02  2.050695E-08  2.050884E-08
  2.187000E+03  1.646565E-07  1.064708E-04  4.740572E-07  1.926144E-04 -5.826025E-03  2.050746E-08  2.050815E-08
  2.188000E+03  1.659768E-07  1.066642E-04 -4.863938E-07  1.922766E-04 -1.329983E-02  2.050722E-08  2.050988E-08
  2.189000E+03 -3.248087E-07  1.062395E-04 -5.723208E-08  1.930437E-04 -1.156726E-02  2.050750E-08  2.050898E-08
  2.190000E+03  1.133967E-07  1.065660E-04  5.643237E-07  1.924488E-04 -6.358527E-03  2.050809E-08  2.050908E-08
  2.191000E+03  2.375158E-07  1.065870E-04 -4.383732E-07  1.924258E-04 -1.466381E-02  2.050788E-08  2.051071E-08
  2.192000E+03 -3.295114E-07  1.062344E-04 -1.974041E-07  1.930517E-04 -9.985501E-03  2.050770E-08  2.050884E-08
  2.193000E+03  4.733878E-08  1.066439E-04  6.304976E-07  1.923127E-04 -7.730555E-03  2.050836E-08  2.050978E-08
  2.194000E+03  3.001729E-07  1.064936E-04 -3.572313E-07  1.925981E-04 -1.534269E-02  2.050806E-08  2.051088E-08
  2.195000E+03 -3.123730E-07  1.062707E-04 -3.392910E-07  1.929806E-04 -8.433253E-03  2.050746E-08  2.050833E-08
  2.196000E+03 -3.242243E-08  1.066904E-04  6.636546E-07  1.922242E-04 -9.272981E-03  2.050760E-08  2.050945E-08
  2.197000E+03  3.527145E-07  1.064041E-04 -2.440478E-07  1.927492E-04 -1.496548E-02  2.050700E-08  2.050956E-08
  2.198000E+03 -2.795798E-07  1.063408E-04 -4.768596E-07  1.928441E-04 -7.187194E-03  2.050666E-08  2.050739E-08
  2.199000E+03 -1.187723E-07  1.067031E-04  6.697201E-07  1.921901E-04 -1.101215E-02  2.050602E-08  2.050831E-08
  2.200000E+03  3.915627E-07  1.063240E-04 -1.035440E-07  1.928740E-04 -1.404602E-02  2.050511E-08  2.050733E-08
  2.201000E+03 -2.261798E-07  1.064205E-04 -6.020995E-07  1.926872E-04 -6.502030E-03  2.050543E-08  2.050619E-08
  2.202000E+03 -2.043221E-07  1.066680E-04  6.344119E-07  1.922386E-04 -1.261512E-02  2.050408E-08  2.050666E-08
  2.203000E+03  4.117027E-07  1.062565E-04  5.651765E-08  1.929726E-04 -1.259035E-02  2.050297E-08  2.050476E-08
  2.204000E+03 -1.517572E-07  1.064986E-04 -7.041657E-07  1.925308E-04 -6.421472E-03  2.050384E-08  2.050476E-08
  2.205000E+03 -2.891227E-07  1.066054E-04  5.569768E-07  1.923353E-04 -1.398713E-02  2.050197E-08  2.050475E-08
  2.206000E+03  4.109891E-07  1.062209E-04  2.298152E-07  1.930138E-04 -1.105517E-02  2.050084E-08  2.050226E-08
  2.207000E+03 -6.398116E-08  1.065731E-04 -7.707276E-07  1.923794E-04 -7.076399E-03  2.050196E-08  2.050317E-08
  2.208000E+03 -3.577110E-07  1.065248E-04  4.426678E-07  1.924626E-04 -1.506616E-02  2.049971E-08  2.050261E-08
  2.209000E+03  3.801443E-07  1.062151E-04  3.946920E-07  1.930018E-04 -9.401180E-03  2.049880E-08  2.049988E-08
  2.210000E+03  3.509119E-08  1.066410E-04 -7.852878E-07  1.922389E-04 -8.170301E-03  2.049986E-08  2.050146E-08
  2.211000E+03 -4.081543E-07  1.064332E-04  2.847194E-07  1.926101E-04 -1.546854E-02  2.049765E-08  2.050050E-08
  2.212000E+03  3.174186E-07  1.062526E-04  5.438883E-07  1.929177E-04 -7.880030E-03  2.049736E-08  2.049819E-08
  2.213000E+03  1.343540E-07  1.066884E-04 -7.416271E-07  1.921413E-04 -9.805068E-03  2.049826E-08  2.050034E-08
  2.214000E+03 -4.250443E-07  1.063419E-04  1.010098E-07  1.927617E-04 -1.519259E-02  2.049628E-08  2.049891E-08
  2.215000E+03  2.302116E-07  1.063301E-04  6.441719E-07  1.927699E-04 -6.702001E-03  2.049679E-08  2.049750E-08
  2.216000E+03  2.199367E-07  1.067053E-04 -6.418227E-07  1.921037E-04 -1.182256E-02  2.049705E-08  2.049964E-08
  2.217000E+03 -4.106539E-07  1.062615E-04 -8.092540E-08  1.928979E-04 -1.427053E-02  2.049554E-08  2.049780E-08
  2.218000E+03  1.324045E-07  1.064254E-04  6.912122E-07  1.925989E-04 -6.169728E-03  2.049702E-08  2.049778E-08
  2.219000E+03  2.807816E-07  1.066583E-04 -5.063246E-07  1.921878E-04 -1.369812E-02  2.049651E-08  2.049941E-08
  2.220000E+03 -3.659208E-07  1.062017E-04 -2.356389E-07  1.930027E-04 -1.236874E-02  2.049563E-08  2.049734E-08
  2.221000E+03  3.426222E-08  1.065375E-04  6.790116E-07  1.924062E-04 -6.354666E-03  2.049806E-08  2.049907E-08
  2.222000E+03  3.178754E-07  1.065759E-04 -3.332817E-07  1.923447E-04 -1.512922E-02  2.049697E-08  2.050000E-08
  2.223000E+03 -2.916872E-07  1.061940E-04 -3.672228E-07  1.930216E-04 -1.022365E-02  2.049667E-08  2.049786E-08
  2.224000E+03 -6.138227E-08  1.066374E-04  6.090636E-07  1.922402E-04 -7.541132E-03  2.049941E-08  2.050085E-08
  2.225000E+03  3.216077E-07  1.064724E-04 -1.517704E-07  1.925453E-04 -1.587790E-02  2.049819E-08  2.050117E-08
  2.226000E+03 -2.031149E-07  1.062237E-04 -4.442764E-07  1.929804E-04 -8.242283E-03  2.049839E-08  2.049919E-08
  2.227000E+03 -1.310265E-07  1.066909E-04  5.010850E-07  1.921584E-04 -9.115097E-03  2.050071E-08  2.050256E-08
  2.228000E+03  2.960578E-07  1.063631E-04  4.695053E-09  1.927598E-04 -1.541299E-02  2.050010E-08  2.050272E-08
  2.229000E+03 -1.132302E-07  1.062993E-04 -4.671458E-07  1.928642E-04 -6.558132E-03  2.050089E-08  2.050145E-08
  2.230000E+03 -1.784521E-07  1.067035E-04  3.682062E-07  1.921547E-04 -1.099884E-02  2.050234E-08  2.050458E-08
  2.231000E+03  2.513322E-07  1.062763E-04  1.360093E-07  1.929353E-04 -1.415766E-02  2.050239E-08  2.050454E-08
  2.232000E+03 -2.805506E-08  1.064053E-04 -4.515577E-07  1.926974E-04 -5.817385E-03  2.050367E-08  2.050423E-08
  2.233000E+03 -2.027924E-07  1.066732E-04  2.213415E-07  1.922336E-04 -1.291782E-02  2.050447E-08  2.050704E-08
  2.234000E+03  1.893835E-07  1.062244E-04  2.327301E-07  1.930465E-04 -1.241989E-02  2.050468E-08  2.050631E-08
  2.235000E+03  4.364166E-08  1.065199E-04 -3.996794E-07  1.925137E-04 -6.036405E-03  2.050617E-08  2.050695E-08
  2.236000E+03 -2.087013E-07  1.066072E-04  8.965699E-08  1.923780E-04 -1.434929E-02  2.050677E-08  2.050951E-08
  2.237000E+03  1.268983E-07  1.062171E-04  2.926880E-07  1.930730E-04 -1.026751E-02  2.050658E-08  2.050770E-08
  2.238000E+03  9.428382E-08  1.066264E-04 -3.214014E-07  1.923387E-04 -6.930765E-03  2.050789E-08  2.050906E-08
  2.239000E+03 -1.927335E-07  1.065217E-04 -1.799989E-08  1.925508E-04 -1.512763E-02  2.050849E-08  2.051122E-08
  2.240000E+03  6.700213E-08  1.062524E-04  3.171609E-07  1.930171E-04 -8.347312E-03  2.050782E-08  2.050857E-08
  2.241000E+03  1.272205E-07  1.067052E-04 -2.383513E-07  1.922104E-04 -8.545172E-03  2.050911E-08  2.051078E-08
  2.242000E+03 -1.696914E-07  1.064332E-04 -1.045623E-07  1.927194E-04 -1.523065E-02  2.050935E-08  2.051193E-08
  2.243000E+03  1.600609E-08  1.063270E-04  3.211746E-07  1.928838E-04 -6.967957E-03  2.050825E-08  2.050883E-08
  2.244000E+03  1.487914E-07  1.067427E-04 -1.597148E-07  1.921516E-04 -1.056931E-02  2.050962E-08  2.051182E-08
  2.245000E+03 -1.428426E-07  1.063408E-04 -1.687855E-07  1.928825E-04 -1.459067E-02  2.050910E-08  2.051137E-08
  2.246000E+03 -2.589167E-08  1.064098E-04  3.077219E-07  1.927292E-04 -6.144521E-03  2.050789E-08  2.050846E-08
  2.247000E+03  1.590204E-07  1.067177E-04 -8.357830E-08  1.921957E-04 -1.251888E-02  2.050907E-08  2.051163E-08
  2.248000E+03 -1.121619E-07  1.062631E-04 -2.171992E-07  1.930094E-04 -1.314180E-02  2.050801E-08  2.050982E-08
  2.249000E+03 -6.289760E-08  1.065094E-04  2.841996E-07  1.925403E-04 -6.097998E-03  2.050697E-08  2.050772E-08
  2.250000E+03  1.641930E-07  1.066482E-04 -1.005711E-08  1.923146E-04 -1.424996E-02  2.050793E-08  2.051074E-08
  2.251000E+03 -8.043114E-08  1.062223E-04 -2.646703E-07  1.930624E-04 -1.111811E-02  2.050626E-08  2.050756E-08
  2.252000E+03 -1.000962E-07  1.066055E-04  2.525206E-07  1.923536E-04 -6.637563E-03  2.050550E-08  2.050658E-08
  2.253000E+03  1.661977E-07  1.065549E-04  6.074800E-08  1.924670E-04 -1.519476E-02  2.050593E-08  2.050877E-08
  2.254000E+03 -4.840267E-08  1.062244E-04 -3.035030E-07  1.930301E-04 -8.981191E-03  2.050367E-08  2.050453E-08
  2.255000E+03 -1.317154E-07  1.066841E-04  2.189343E-07  1.921947E-04 -7.843276E-03  2.050349E-08  2.050502E-08
  2.256000E+03  1.646395E-07  1.064539E-04  1.223188E-07  1.926264E-04 -1.554321E-02  2.050336E-08  2.050610E-08
  2.257000E+03 -2.083525E-08  1.062684E-04 -3.356936E-07  1.929206E-04 -7.247129E-03  2.050083E-08  2.050142E-08
  2.258000E+03 -1.599484E-07  1.067330E-04  1.852172E-07  1.920895E-04 -9.620474E-03  2.050133E-08  2.050338E-08
  2.259000E+03  1.637415E-07  1.063464E-04  1.834710E-07  1.927955E-04 -1.525917E-02  2.050073E-08  2.050323E-08
  2.260000E+03  1.384229E-08  1.063399E-04 -3.647223E-07  1.927659E-04 -5.929134E-03  2.049835E-08  2.049884E-08
  2.261000E+03 -1.860158E-07  1.067372E-04  1.420402E-07  1.920681E-04 -1.171615E-02  2.049940E-08  2.050194E-08
  2.262000E+03  1.548839E-07  1.062528E-04  2.393175E-07  1.929403E-04 -1.417084E-02  2.049838E-08  2.050049E-08
  2.263000E+03  4.332245E-08  1.064394E-04 -3.667883E-07  1.925662E-04 -5.433339E-03  2.049632E-08  2.049692E-08
  2.264000E+03 -1.981482E-07  1.066923E-04  1.014766E-07  1.921391E-04 -1.388221E-02  2.049779E-08  2.050074E-08
  2.265000E+03  1.427759E-07  1.061853E-04  2.811500E-07  1.930421E-04 -1.244814E-02  2.049663E-08  2.049826E-08
  2.266000E+03  6.860852E-08  1.065565E-04 -3.660013E-07  1.923435E-04 -5.890848E-03  2.049509E-08  2.049602E-08
  2.267000E+03 -2.085188E-07  1.066044E-04  5.473579E-08  1.922926E-04 -1.571281E-02  2.049670E-08  2.049992E-08
  2.268000E+03  1.270092E-07  1.061648E-04  3.311639E-07  1.930644E-04 -1.011319E-02  2.049559E-08  2.049669E-08
  2.269000E+03  1.017186E-07  1.066662E-04 -3.696146E-07  1.921446E-04 -6.976771E-03  2.049483E-08  2.049627E-08
  2.270000E+03 -2.225106E-07  1.064864E-04 -3.698302E-09  1.925041E-04 -1.647839E-02  2.049629E-08  2.049945E-08
  2.271000E+03  1.064319E-07  1.061991E-04  3.790971E-07  1.929972E-04 -7.696794E-03  2.049553E-08  2.049619E-08
  2.272000E+03  1.359258E-07  1.067408E-04 -3.575102E-07  1.920200E-04 -8.888749E-03  2.049556E-08  2.049758E-08
  2.273000E+03 -2.336389E-07  1.063631E-04 -7.479247E-08  1.927324E-04 -1.629411E-02  2.049689E-08  2.049978E-08
  2.274000E+03  7.442524E-08  1.062905E-04  4.324557E-07  1.928360E-04 -5.959660E-03  2.049628E-08  2.049674E-08
  2.275000E+03  1.778464E-07  1.067643E-04 -3.238616E-07  1.919976E-04 -1.130971E-02  2.049717E-08  2.049977E-08
  2.276000E+03 -2.340817E-07  1.062565E-04 -1.655842E-07  1.929354E-04 -1.490845E-02  2.049837E-08  2.050072E-08
  2.277000E+03  3.003300E-08  1.064134E-04  4.671340E-07  1.926250E-04 -4.874258E-03  2.049763E-08  2.049813E-08
  2.278000E+03  2.111234E-07  1.067260E-04 -2.596139E-07  1.920916E-04 -1.339141E-02  2.049933E-08  2.050228E-08
  2.279000E+03 -2.183505E-07  1.061835E-04 -2.481737E-07  1.930817E-04 -1.263173E-02  2.050045E-08  2.050215E-08
  2.280000E+03 -1.894932E-08  1.065450E-04  4.783902E-07  1.924058E-04 -4.900707E-03  2.049964E-08  2.050042E-08
  2.281000E+03  2.367148E-07  1.066435E-04 -1.744136E-07  1.922672E-04 -1.504492E-02  2.050172E-08  2.050483E-08
  2.282000E+03 -1.894580E-07  1.061675E-04 -3.235519E-07  1.931278E-04 -1.013957E-02  2.050284E-08  2.050396E-08
  2.283000E+03 -6.684433E-08  1.066626E-04  4.598273E-07  1.922195E-04 -6.004494E-03  2.050226E-08  2.050350E-08
  2.284000E+03  2.444309E-07  1.065407E-04 -8.315922E-08  1.924810E-04 -1.597370E-02  2.050444E-08  2.050753E-08
  2.285000E+03 -1.490844E-07  1.062055E-04 -3.730525E-07  1.930804E-04 -7.939651E-03  2.050556E-08  2.050627E-08
  2.286000E+03 -1.066341E-07  1.067366E-04  4.122390E-07  1.921154E-04 -7.892260E-03  2.050512E-08  2.050686E-08
  2.287000E+03  2.396526E-07  1.064204E-04  7.048892E-09  1.927220E-04 -1.590548E-02  2.050696E-08  2.050976E-08
  2.288000E+03 -1.021147E-07  1.062796E-04 -4.084918E-07  1.929644E-04 -6.236143E-03  2.050778E-08  2.050826E-08
  2.289000E+03 -1.436970E-07  1.067623E-04  3.434208E-07  1.920970E-04 -1.016372E-02  2.050766E-08  2.050989E-08
  2.290000E+03  2.263114E-07  1.063146E-04  9.763194E-08  1.929289E-04 -1.508681E-02  2.050882E-08  2.051124E-08
  2.291000E+03 -5.232452E-08  1.063838E-04 -4.312413E-07  1.927877E-04 -5.432854E-03  2.050918E-08  2.050965E-08
  2.292000E+03 -1.776413E-07  1.067435E-04  2.687148E-07  1.921511E-04 -1.252744E-02  2.050927E-08  2.051195E-08
  2.293000E+03  2.044662E-07  1.062381E-04  1.846285E-07  1.930743E-04 -1.383451E-02  2.050988E-08  2.051190E-08
  2.294000E+03 -4.861392E-09  1.064936E-04 -4.252646E-07  1.925935E-04 -5.433069E-03  2.050967E-08  2.051032E-08
  2.295000E+03 -1.969362E-07  1.066887E-04  1.874385E-07  1.922573E-04 -1.439210E-02  2.050957E-08  2.051255E-08
  2.296000E+03  1.726437E-07  1.062005E-04  2.538621E-07  1.931381E-04 -1.180860E-02  2.050994E-08  2.051141E-08
  2.297000E+03  3.945352E-08  1.066029E-04 -3.964830E-07  1.923897E-04 -6.023821E-03  2.050894E-08  2.050992E-08
  2.298000E+03 -2.023740E-07  1.066026E-04  1.057083E-07  1.924065E-04 -1.552091E-02  2.050856E-08  2.051162E-08
  2.299000E+03  1.368129E-07  1.062097E-04  2.981163E-07  1.931087E-04 -9.718197E-03  2.050904E-08  2.051005E-08
  2.300000E+03  7.559770E-08  1.066828E-04 -3.509865E-07  1.922358E-04 -7.344732E-03  2.050769E-08  2.050911E-08
  2.301000E+03 -1.962670E-07  1.064934E-04  3.035618E-08  1.925879E-04 -1.591029E-02  2.050675E-08  2.050967E-08
  2.302000E+03  9.767506E-08  1.062439E-04  3.229761E-07  1.930268E-04 -7.836483E-03  2.050730E-08  2.050797E-08
  2.303000E+03  1.071073E-07  1.067192E-04 -2.943874E-07  1.921563E-04 -8.963362E-03  2.050595E-08  2.050778E-08
  2.304000E+03 -1.831656E-07  1.063807E-04 -4.843488E-08  1.927700E-04 -1.559323E-02  2.050451E-08  2.050715E-08
  2.305000E+03  5.526129E-08  1.063012E-04  3.370456E-07  1.928962E-04 -6.527943E-03  2.050467E-08  2.050518E-08
  2.306000E+03  1.341397E-07  1.067214E-04 -2.337191E-07  1.921312E-04 -1.086158E-02  2.050331E-08  2.050555E-08
  2.307000E+03 -1.619994E-07  1.062863E-04 -1.251365E-07  1.929144E-04 -1.478997E-02  2.050193E-08  2.050423E-08
  2.308000E+03  1.024889E-08  1.063807E-04  3.249845E-07  1.927252E-04 -5.920359E-03  2.050188E-08  2.050240E-08
  2.309000E+03  1.499480E-07  1.066896E-04 -1.546662E-07  1.921640E-04 -1.270747E-02  2.050025E-08  2.050284E-08
  2.310000E+03 -1.283018E-07  1.062170E-04 -1.934668E-07  1.930109E-04 -1.337028E-02  2.049922E-08  2.050108E-08
  2.311000E+03 -3.891429E-08  1.064757E-04  2.911569E-07  1.925287E-04 -5.822124E-03  2.049928E-08  2.049997E-08
  2.312000E+03  1.541381E-07  1.066322E-04 -5.689286E-08  1.922458E-04 -1.440473E-02  2.049745E-08  2.050033E-08
  2.313000E+03 -7.925070E-08  1.061798E-04 -2.439860E-07  1.930522E-04 -1.158044E-02  2.049687E-08  2.049827E-08
  2.314000E+03 -8.451677E-08  1.065776E-04  2.230461E-07  1.923260E-04 -6.443910E-03  2.049723E-08  2.049826E-08
  2.315000E+03  1.345403E-07  1.065495E-04  5.213899E-08  1.923776E-04 -1.564542E-02  2.049522E-08  2.049824E-08
  2.316000E+03 -1.404802E-08  1.061890E-04 -2.520711E-07  1.930153E-04 -9.672082E-03  2.049515E-08  2.049613E-08
  2.317000E+03 -1.173658E-07  1.066618E-04  1.166724E-07  1.921616E-04 -7.912451E-03  2.049566E-08  2.049717E-08
  2.318000E+03  9.024517E-08  1.064398E-04  1.557282E-07  1.925639E-04 -1.616946E-02  2.049378E-08  2.049673E-08
  2.319000E+03  5.589602E-08  1.062247E-04 -2.099541E-07  1.929396E-04 -7.766433E-03  2.049434E-08  2.049498E-08
  2.320000E+03 -1.254730E-07  1.067034E-04 -1.967495E-08  1.920819E-04 -9.659698E-03  2.049484E-08  2.049683E-08
  2.321000E+03  2.071644E-08  1.063306E-04  2.335842E-07  1.927561E-04 -1.566050E-02  2.049337E-08  2.049599E-08
  2.322000E+03  1.261827E-07  1.063093E-04 -1.301956E-07  1.927869E-04 -6.368699E-03  2.049463E-08  2.049513E-08
  2.323000E+03 -1.144322E-07  1.067060E-04 -1.777306E-07  1.920843E-04 -1.175159E-02  2.049513E-08  2.049759E-08
  2.324000E+03 -6.568061E-08  1.062446E-04  2.838784E-07  1.929146E-04 -1.442201E-02  2.049400E-08  2.049618E-08
  2.325000E+03  1.879275E-07  1.064200E-04 -5.731593E-09  1.925970E-04 -5.895277E-03  2.049581E-08  2.049642E-08
  2.326000E+03 -7.000412E-08  1.066552E-04 -3.307471E-07  1.921917E-04 -1.372696E-02  2.049631E-08  2.049909E-08
  2.327000E+03 -1.594764E-07  1.061814E-04  2.676234E-07  1.930399E-04 -1.230291E-02  2.049570E-08  2.049729E-08
  2.328000E+03  2.141787E-07  1.065326E-04  1.569882E-07  1.924134E-04 -6.003092E-03  2.049793E-08  2.049880E-08
  2.329000E+03  5.412714E-09  1.065738E-04 -4.424131E-07  1.923613E-04 -1.500181E-02  2.049837E-08  2.050127E-08
  2.330000E+03 -2.468335E-07  1.061723E-04  1.889051E-07  1.930770E-04 -9.927427E-03  2.049841E-08  2.049949E-08
  2.331000E+03  2.065933E-07  1.066343E-04  3.362729E-07  1.922603E-04 -7.046226E-03  2.050103E-08  2.050234E-08
  2.332000E+03  1.022702E-07  1.064756E-04 -5.067014E-07  1.925683E-04 -1.561334E-02  2.050133E-08  2.050420E-08
  2.333000E+03 -3.226075E-07  1.062171E-04  5.551199E-08  1.930224E-04 -7.902869E-03  2.050163E-08  2.050237E-08
  2.334000E+03  1.688683E-07  1.067013E-04  5.210075E-07  1.921730E-04 -8.863916E-03  2.050431E-08  2.050614E-08
  2.335000E+03  2.077283E-07  1.063735E-04 -5.153669E-07  1.927799E-04 -1.544564E-02  2.050423E-08  2.050689E-08
  2.336000E+03 -3.683912E-07  1.063020E-04 -1.154815E-07  1.928947E-04 -6.283704E-03  2.050468E-08  2.050525E-08
  2.337000E+03  9.291452E-08  1.067328E-04  6.718774E-07  1.921467E-04 -1.082335E-02  2.050715E-08  2.050949E-08
  2.338000E+03  3.134465E-07  1.062842E-04 -4.487673E-07  1.929614E-04 -1.435764E-02  2.050664E-08  2.050892E-08
  2.339000E+03 -3.753147E-07  1.064220E-04 -3.182989E-07  1.927010E-04 -5.344297E-03  2.050734E-08  2.050796E-08
  2.340000E+03 -1.195230E-08  1.067214E-04  7.652729E-07  1.921946E-04 -1.297089E-02  2.050954E-08  2.051237E-08
  2.341000E+03  4.015588E-07  1.062235E-04 -3.146159E-07  1.930840E-04 -1.266002E-02  2.050841E-08  2.051022E-08
  2.342000E+03 -3.408576E-07  1.065587E-04 -5.190342E-07  1.924734E-04 -5.433297E-03  2.050941E-08  2.051034E-08
  2.343000E+03 -1.274378E-07  1.066694E-04  7.896928E-07  1.923072E-04 -1.490680E-02  2.051101E-08  2.051421E-08
  2.344000E+03  4.621146E-07  1.062024E-04 -1.381127E-07  1.931276E-04 -1.065398E-02  2.050944E-08  2.051081E-08
  2.345000E+03 -2.723704E-07  1.066734E-04 -6.966574E-07  1.922788E-04 -6.433998E-03  2.051062E-08  2.051201E-08
  2.346000E+03 -2.429755E-07  1.065586E-04  7.531838E-07  1.925133E-04 -1.612051E-02  2.051129E-08  2.051458E-08
  2.347000E+03  4.944224E-07  1.062179E-04  6.201814E-08  1.930940E-04 -8.360630E-03  2.050933E-08  2.051027E-08
  2.348000E+03 -1.814810E-07  1.067504E-04 -8.335603E-07  1.921435E-04 -8.257207E-03  2.051069E-08  2.051265E-08
  2.349000E+03 -3.458544E-07  1.064249E-04  6.609538E-07  1.927467E-04 -1.635205E-02  2.051032E-08  2.051344E-08
  2.350000E+03  4.932952E-07  1.062836E-04  2.620795E-07  1.929596E-04 -6.452840E-03  2.050803E-08  2.050872E-08
  2.351000E+03 -7.894324E-08  1.067778E-04 -9.183053E-07  1.920884E-04 -1.050373E-02  2.050964E-08  2.051217E-08
  2.352000E+03 -4.286160E-07  1.062999E-04  5.295542E-07  1.929504E-04 -1.524922E-02  2.050822E-08  2.051088E-08
  2.353000E+03  4.599874E-07  1.063923E-04  4.514299E-07  1.927433E-04 -5.123629E-03  2.050614E-08  2.050679E-08
  2.354000E+03  3.045147E-08  1.067544E-04 -9.428868E-07  1.921146E-04 -1.276588E-02  2.050741E-08  2.051041E-08
  2.355000E+03 -4.894373E-07  1.062095E-04  3.644935E-07  1.930817E-04 -1.339955E-02  2.050527E-08  2.050736E-08
  2.356000E+03  4.004328E-07  1.065188E-04  6.215636E-07  1.924932E-04 -4.834844E-03  2.050391E-08  2.050479E-08
  2.357000E+03  1.408395E-07  1.066868E-04 -9.163656E-07  1.922138E-04 -1.480140E-02  2.050443E-08  2.050778E-08
  2.358000E+03 -5.243961E-07  1.061666E-04  1.802992E-07  1.931218E-04 -1.118569E-02  2.050179E-08  2.050334E-08
  2.359000E+03  3.227745E-07  1.066321E-04  7.535908E-07  1.922644E-04 -5.694688E-03  2.050123E-08  2.050253E-08
  2.360000E+03  2.383242E-07  1.065743E-04 -8.488767E-07  1.923910E-04 -1.611864E-02  2.050128E-08  2.050472E-08
  2.361000E+03 -5.319501E-07  1.061684E-04 -6.685011E-09  1.930832E-04 -8.842086E-03  2.049854E-08  2.049960E-08
  2.362000E+03  2.284941E-07  1.067210E-04  8.512546E-07  1.920805E-04 -7.441920E-03  2.049845E-08  2.050032E-08
  2.363000E+03  3.342331E-07  1.064379E-04 -7.381244E-07  1.926101E-04 -1.668691E-02  2.049816E-08  2.050150E-08
  2.364000E+03 -5.162469E-07  1.062220E-04 -2.088964E-07  1.929577E-04 -6.751359E-03  2.049589E-08  2.049662E-08
  2.365000E+03  1.197271E-07  1.067673E-04  9.142215E-07  1.919791E-04 -9.943049E-03  2.049606E-08  2.049858E-08
  2.366000E+03  4.149802E-07  1.063001E-04 -5.965611E-07  1.928337E-04 -1.628346E-02  2.049553E-08  2.049855E-08
  2.367000E+03 -4.790033E-07  1.063258E-04 -3.963561E-07  1.927516E-04 -5.305526E-03  2.049419E-08  2.049482E-08
  2.368000E+03  1.411918E-08  1.067654E-04  9.314688E-07  1.919750E-04 -1.254305E-02  2.049469E-08  2.049780E-08
  2.369000E+03  4.682972E-07  1.061864E-04 -4.395395E-07  1.930207E-04 -1.457728E-02  2.049399E-08  2.049642E-08
  2.370000E+03 -4.211363E-07  1.064611E-04 -5.443600E-07  1.924974E-04 -4.521592E-03  2.049328E-08  2.049404E-08
  2.371000E+03 -8.763133E-08  1.067064E-04  9.080479E-07  1.920828E-04 -1.491109E-02  2.049418E-08  2.049772E-08
  2.372000E+03  4.987437E-07  1.061167E-04 -2.645457E-07  1.931373E-04 -1.206362E-02  2.049360E-08  2.049535E-08
  2.373000E+03 -3.511249E-07  1.066056E-04 -6.645906E-07  1.922379E-04 -5.053448E-03  2.049336E-08  2.049455E-08
  2.374000E+03 -1.808749E-07  1.065986E-04  8.579431E-07  1.922859E-04 -1.674239E-02  2.049453E-08  2.049828E-08
  2.375000E+03  5.119078E-07  1.061152E-04 -9.944744E-08  1.931417E-04 -9.202011E-03  2.049439E-08  2.049551E-08
  2.376000E+03 -2.779111E-07  1.067306E-04 -7.652855E-07  1.920257E-04 -6.660898E-03  2.049457E-08  2.049639E-08
  2.377000E+03 -2.693313E-07  1.064529E-04  7.902772E-07  1.925622E-04 -1.726404E-02  2.049574E-08  2.049930E-08
  2.378000E+03  5.176679E-07  1.061775E-04  7.320744E-08  1.930407E-04 -6.277362E-03  2.049618E-08  2.049683E-08
  2.379000E+03 -1.938534E-07  1.068025E-04 -8.555021E-07  1.919208E-04 -9.048240E-03  2.049679E-08  2.049928E-08
  2.380000E+03 -3.528050E-07  1.063024E-04  7.006826E-07  1.928559E-04 -1.651360E-02  2.049825E-08  2.050135E-08
  2.381000E+03  5.085579E-07  1.063032E-04  2.462897E-07  1.928370E-04 -4.251271E-03  2.049901E-08  2.049950E-08
  2.382000E+03 -9.976606E-08  1.068143E-04 -9.223087E-07  1.919326E-04 -1.186971E-02  2.049970E-08  2.050281E-08
  2.383000E+03 -4.278571E-07  1.061841E-04  5.758742E-07  1.930953E-04 -1.467107E-02  2.050144E-08  2.050391E-08
  2.384000E+03  4.765711E-07  1.064680E-04  4.257728E-07  1.925689E-04 -3.521009E-03  2.050230E-08  2.050297E-08
  2.385000E+03  8.516590E-09  1.067609E-04 -9.531989E-07  1.920656E-04 -1.463452E-02  2.050290E-08  2.050650E-08
  2.386000E+03 -4.865037E-07  1.061118E-04  4.119650E-07  1.932518E-04 -1.206307E-02  2.050481E-08  2.050659E-08
  2.387000E+03  4.227420E-07  1.066242E-04  5.899740E-07  1.923170E-04 -4.055241E-03  2.050548E-08  2.050657E-08
  2.388000E+03  1.151375E-07  1.066439E-04 -9.421807E-07  1.923104E-04 -1.666862E-02  2.050589E-08  2.050968E-08
  2.389000E+03 -5.262468E-07  1.061046E-04  2.352214E-07  1.932890E-04 -9.156262E-03  2.050800E-08  2.050916E-08
  2.390000E+03  3.522193E-07  1.067559E-04  7.338465E-07  1.921070E-04 -5.911597E-03  2.050821E-08  2.050992E-08
  2.391000E+03  2.142151E-07  1.064955E-04 -8.920791E-07  1.926052E-04 -1.767904E-02  2.050838E-08  2.051213E-08
  2.392000E+03 -5.445038E-07  1.061704E-04  5.543579E-08  1.931897E-04 -6.669678E-03  2.051057E-08  2.051130E-08
  2.393000E+03  2.679172E-07  1.068332E-04  8.475073E-07  1.919891E-04 -8.786882E-03  2.051002E-08  2.051248E-08
  2.394000E+03  3.088694E-07  1.063414E-04 -8.068283E-07  1.928988E-04 -1.738652E-02  2.051003E-08  2.051345E-08
  2.395000E+03 -5.419336E-07  1.062945E-04 -1.389322E-07  1.929727E-04 -4.803422E-03  2.051171E-08  2.051224E-08
  2.396000E+03  1.698957E-07  1.068441E-04  9.302551E-07  1.919796E-04 -1.172065E-02  2.051048E-08  2.051358E-08
  2.397000E+03  3.933032E-07  1.062174E-04 -6.816968E-07  1.931250E-04 -1.554491E-02  2.051076E-08  2.051351E-08
  2.398000E+03 -5.166138E-07  1.064546E-04 -3.347173E-07  1.926794E-04 -3.956485E-03  2.051145E-08  2.051209E-08
  2.399000E+03  6.098975E-08  1.067876E-04  9.760341E-07  1.920807E-04 -1.446715E-02  2.050969E-08  2.051329E-08
  2.400000E+03  4.649587E-07  1.061418E-04 -5.263053E-07  1.932531E-04 -1.290497E-02  2.051052E-08  2.051252E-08
  2.401000E+03 -4.683660E-07  1.066053E-04 -5.211584E-07  1.923944E-04 -4.417358E-03  2.051007E-08  2.051111E-08
  2.402000E+03 -5.121037E-08  1.066592E-04  9.788321E-07  1.922986E-04 -1.641035E-02  2.050765E-08  2.051140E-08
  2.403000E+03  5.173010E-07  1.061216E-04 -3.487024E-07  1.932689E-04 -9.848983E-03  2.050900E-08  2.051030E-08
  2.404000E+03 -4.026447E-07  1.067194E-04 -6.793100E-07  1.921696E-04 -6.015302E-03  2.050786E-08  2.050946E-08
  2.405000E+03 -1.568978E-07  1.065000E-04  9.422745E-07  1.925626E-04 -1.731887E-02  2.050484E-08  2.050850E-08
  2.406000E+03  5.452521E-07  1.061654E-04 -1.581756E-07  1.931597E-04 -7.230352E-03  2.050633E-08  2.050715E-08
  2.407000E+03 -3.246177E-07  1.067845E-04 -8.115880E-07  1.920293E-04 -8.543424E-03  2.050500E-08  2.050726E-08
  2.408000E+03 -2.602169E-07  1.063410E-04  8.795043E-07  1.928226E-04 -1.707086E-02  2.050197E-08  2.050531E-08
  2.409000E+03  5.604396E-07  1.062634E-04  3.663425E-08  1.929489E-04 -5.309272E-03  2.050311E-08  2.050370E-08
  2.410000E+03 -2.380419E-07  1.067923E-04 -9.177808E-07  1.919886E-04 -1.136759E-02  2.050158E-08  2.050449E-08
  2.411000E+03 -3.557197E-07  1.062088E-04  7.907526E-07  1.930330E-04 -1.556242E-02  2.049933E-08  2.050210E-08
  2.412000E+03  5.575218E-07  1.064028E-04  2.337096E-07  1.926640E-04 -4.463293E-03  2.049979E-08  2.050046E-08
  2.413000E+03 -1.397333E-07  1.067393E-04 -1.001842E-06  1.920559E-04 -1.413043E-02  2.049786E-08  2.050132E-08
  2.414000E+03 -4.481671E-07  1.061263E-04  6.682855E-07  1.931524E-04 -1.319340E-02  2.049676E-08  2.049886E-08
  2.415000E+03  5.377571E-07  1.065523E-04  4.391146E-07  1.923661E-04 -4.814559E-03  2.049682E-08  2.049788E-08
  2.416000E+03 -2.979940E-08  1.066409E-04 -1.068730E-06  1.922097E-04 -1.630967E-02  2.049470E-08  2.049851E-08
  2.417000E+03 -5.343862E-07  1.061055E-04  5.151267E-07  1.931676E-04 -1.053793E-02  2.049501E-08  2.049650E-08
  2.418000E+03  5.026175E-07  1.066724E-04  6.457201E-07  1.921346E-04 -6.302219E-03  2.049504E-08  2.049670E-08
  2.419000E+03  9.691743E-08  1.064923E-04 -1.110762E-06  1.924619E-04 -1.734966E-02  2.049262E-08  2.049642E-08
  2.420000E+03 -6.120576E-07  1.061376E-04  3.200865E-07  1.930931E-04 -7.727382E-03  2.049382E-08  2.049480E-08
  2.421000E+03  4.461097E-07  1.067567E-04  8.593157E-07  1.919788E-04 -8.435336E-03  2.049430E-08  2.049665E-08
  2.422000E+03  2.325796E-07  1.063396E-04 -1.119425E-06  1.927312E-04 -1.723172E-02  2.049192E-08  2.049546E-08
  2.423000E+03 -6.771943E-07  1.062349E-04  1.059322E-07  1.929107E-04 -5.539928E-03  2.049353E-08  2.049428E-08
  2.424000E+03  3.711703E-07  1.067904E-04  1.066414E-06  1.919259E-04 -1.126758E-02  2.049454E-08  2.049766E-08
  2.425000E+03  3.744746E-07  1.062018E-04 -1.083303E-06  1.929849E-04 -1.598599E-02  2.049273E-08  2.049580E-08
  2.426000E+03 -7.209337E-07  1.063678E-04 -1.418085E-07  1.926771E-04 -4.325092E-03  2.049445E-08  2.049527E-08
  2.427000E+03  2.586997E-07  1.067493E-04  1.249713E-06  1.920174E-04 -1.391222E-02  2.049573E-08  2.049938E-08
  2.428000E+03  5.156749E-07  1.061007E-04 -9.664021E-07  1.931830E-04 -1.343649E-02  2.049500E-08  2.049737E-08
  2.429000E+03 -7.271536E-07  1.065274E-04 -4.254236E-07  1.924117E-04 -4.075136E-03  2.049695E-08  2.049809E-08
  2.430000E+03  1.127853E-07  1.066582E-04  1.387232E-06  1.922086E-04 -1.610551E-02  2.049797E-08  2.050198E-08
  2.431000E+03  6.508097E-07  1.060640E-04 -7.825858E-07  1.932732E-04 -1.039424E-02  2.049823E-08  2.049994E-08
  2.432000E+03 -6.936667E-07  1.066812E-04 -7.290168E-07  1.921668E-04 -5.190268E-03  2.050031E-08  2.050206E-08
  2.433000E+03 -5.610009E-08  1.065263E-04  1.462140E-06  1.924797E-04 -1.753161E-02  2.050100E-08  2.050514E-08
  2.434000E+03  7.639562E-07  1.061009E-04 -5.417767E-07  1.932361E-04 -7.407280E-03  2.050195E-08  2.050316E-08
  2.435000E+03 -6.188599E-07  1.067987E-04 -1.021313E-06  1.919926E-04 -7.508577E-03  2.050398E-08  2.050650E-08
  2.436000E+03 -2.374277E-07  1.063701E-04  1.457264E-06  1.927913E-04 -1.760135E-02  2.050406E-08  2.050797E-08
  2.437000E+03  8.444410E-07  1.062131E-04 -2.370038E-07  1.930613E-04 -4.755688E-03  2.050541E-08  2.050631E-08
  2.438000E+03 -4.937585E-07  1.068625E-04 -1.291150E-06  1.919145E-04 -1.041636E-02  2.050735E-08  2.051070E-08
  2.439000E+03 -4.269261E-07  1.062257E-04  1.356160E-06  1.930786E-04 -1.641052E-02  2.050714E-08  2.051058E-08
  2.440000E+03  8.756708E-07  1.063784E-04  1.199754E-07  1.927897E-04 -3.136386E-03  2.050857E-08  2.050948E-08
  2.441000E+03 -3.230552E-07  1.068591E-04 -1.493198E-06  1.919534E-04 -1.367068E-02  2.051006E-08  2.051419E-08
  2.442000E+03 -6.012311E-07  1.061207E-04  1.156167E-06  1.932874E-04 -1.416012E-02  2.050973E-08  2.051252E-08
  2.443000E+03  8.506872E-07  1.065748E-04  4.888856E-07  1.924550E-04 -2.983845E-03  2.051077E-08  2.051206E-08
  2.444000E+03 -1.274191E-07  1.067763E-04 -1.601411E-06  1.921279E-04 -1.664552E-02  2.051187E-08  2.051654E-08
  2.445000E+03 -7.423044E-07  1.060674E-04  8.833259E-07  1.933928E-04 -1.108685E-02  2.051141E-08  2.051347E-08
  2.446000E+03  7.724432E-07  1.067442E-04  8.354485E-07  1.921612E-04 -4.227372E-03  2.051191E-08  2.051384E-08
  2.447000E+03  7.670684E-08  1.066133E-04 -1.619482E-06  1.924313E-04 -1.849396E-02  2.051223E-08  2.051701E-08
  2.448000E+03 -8.424484E-07  1.060854E-04  5.604978E-07  1.933562E-04 -7.680021E-03  2.051167E-08  2.051307E-08
  2.449000E+03  6.516257E-07  1.068721E-04  1.130883E-06  1.919334E-04 -6.802324E-03  2.051185E-08  2.051462E-08
  2.450000E+03  2.696339E-07  1.064147E-04 -1.540434E-06  1.927830E-04 -1.893655E-02  2.051128E-08  2.051581E-08
  2.451000E+03 -8.870340E-07  1.061848E-04  2.181143E-07  1.931630E-04 -4.552442E-03  2.051075E-08  2.051170E-08
  2.452000E+03  4.959596E-07  1.069290E-04  1.348810E-06  1.918237E-04 -1.012574E-02  2.051046E-08  2.051409E-08
  2.453000E+03  4.447460E-07  1.062236E-04 -1.376458E-06  1.931050E-04 -1.751263E-02  2.050916E-08  2.051300E-08
  2.454000E+03 -8.825782E-07  1.063521E-04 -1.351603E-07  1.928389E-04 -2.446770E-03  2.050875E-08  2.050960E-08
  2.455000E+03  3.185091E-07  1.069031E-04  1.492016E-06  1.918532E-04 -1.373517E-02  2.050777E-08  2.051215E-08
  2.456000E+03  5.940511E-07  1.060809E-04 -1.148156E-06  1.933264E-04 -1.482088E-02  2.050599E-08  2.050898E-08
  2.457000E+03 -8.350984E-07  1.065532E-04 -4.705909E-07  1.924491E-04 -2.038399E-03  2.050602E-08  2.050721E-08
  2.458000E+03  1.344837E-07  1.067950E-04  1.552263E-06  1.920260E-04 -1.700685E-02  2.050445E-08  2.050937E-08
  2.459000E+03  7.050760E-07  1.060038E-04 -8.736904E-07  1.934232E-04 -1.133890E-02  2.050228E-08  2.050439E-08
  2.460000E+03 -7.436331E-07  1.067367E-04 -7.623422E-07  1.920870E-04 -3.238641E-03  2.050262E-08  2.050447E-08
  2.461000E+03 -4.609218E-08  1.066172E-04  1.525096E-06  1.923213E-04 -1.914656E-02  2.050101E-08  2.050605E-08
  2.462000E+03  7.770761E-07  1.060157E-04 -5.680413E-07  1.933635E-04 -7.617552E-03  2.049898E-08  2.050032E-08
  2.463000E+03 -6.210055E-07  1.068730E-04 -1.012913E-06  1.918117E-04 -6.061001E-03  2.049911E-08  2.050185E-08
  2.464000E+03 -2.202333E-07  1.064055E-04  1.432192E-06  1.926739E-04 -1.978963E-02  2.049756E-08  2.050236E-08
  2.465000E+03  8.092004E-07  1.061124E-04 -2.517242E-07  1.931608E-04 -4.465437E-03  2.049655E-08  2.049738E-08
  2.466000E+03 -4.764050E-07  1.069388E-04 -1.194376E-06  1.916719E-04 -9.900996E-03  2.049615E-08  2.049985E-08
  2.467000E+03 -3.735327E-07  1.061996E-04  1.274887E-06  1.930139E-04 -1.883101E-02  2.049437E-08  2.049858E-08
  2.468000E+03  7.942869E-07  1.062807E-04  5.884035E-08  1.928365E-04 -2.194383E-03  2.049476E-08  2.049542E-08
  2.469000E+03 -3.214568E-07  1.069251E-04 -1.295396E-06  1.916882E-04 -1.374919E-02  2.049434E-08  2.049887E-08
  2.470000E+03 -4.931204E-07  1.060321E-04  1.065509E-06  1.932909E-04 -1.610143E-02  2.049239E-08  2.049565E-08
  2.471000E+03  7.397972E-07  1.064866E-04  3.389348E-07  1.924519E-04 -1.312190E-03  2.049352E-08  2.049444E-08
  2.472000E+03 -1.627070E-07  1.068293E-04 -1.330096E-06  1.918636E-04 -1.729239E-02  2.049360E-08  2.049872E-08
  2.473000E+03 -5.814545E-07  1.059360E-04  8.288484E-07  1.934531E-04 -1.235501E-02  2.049209E-08  2.049434E-08
  2.474000E+03  6.606762E-07  1.067037E-04  5.717241E-07  1.920598E-04 -2.253011E-03  2.049344E-08  2.049502E-08
  2.475000E+03 -1.912258E-08  1.066634E-04 -1.305309E-06  1.921728E-04 -1.994826E-02  2.049372E-08  2.049912E-08
  2.476000E+03 -6.337381E-07  1.059329E-04  5.913686E-07  1.934609E-04 -7.965007E-03  2.049321E-08  2.049453E-08
  2.477000E+03  5.674493E-07  1.068864E-04  7.587733E-07  1.917454E-04 -4.628140E-03  2.049476E-08  2.049728E-08
  2.478000E+03  1.131470E-07  1.064403E-04 -1.238330E-06  1.925896E-04 -2.079078E-02  2.049487E-08  2.049997E-08
  2.479000E+03 -6.564177E-07  1.060273E-04  3.551790E-07  1.933059E-04 -3.737311E-03  2.049557E-08  2.049622E-08
  2.480000E+03  4.650846E-07  1.070023E-04  8.953067E-07  1.915677E-04 -8.350222E-03  2.049747E-08  2.050105E-08
  2.481000E+03  2.278950E-07  1.062077E-04 -1.131849E-06  1.930303E-04 -1.987532E-02  2.049727E-08  2.050172E-08
  2.482000E+03 -6.520935E-07  1.062137E-04  1.202140E-07  1.929954E-04 -6.787042E-04  2.049874E-08  2.049914E-08
  2.483000E+03  3.496065E-07  1.070312E-04  9.950347E-07  1.915568E-04 -1.277250E-02  2.050089E-08  2.050549E-08
  2.484000E+03  3.297235E-07  1.060164E-04 -9.858881E-07  1.934028E-04 -1.725700E-02  2.050082E-08  2.050435E-08
  2.485000E+03 -6.226593E-07  1.064591E-04 -1.072959E-07  1.925844E-04  5.596799E-04  2.050235E-08  2.050297E-08
  2.486000E+03  2.272538E-07  1.069464E-04  1.041600E-06  1.917522E-04 -1.714536E-02  2.050420E-08  2.050956E-08
  2.487000E+03  4.010894E-07  1.058922E-04 -8.085307E-07  1.936553E-04 -1.311860E-02  2.050482E-08  2.050726E-08
  2.488000E+03 -5.678205E-07  1.067096E-04 -2.946465E-07  1.921663E-04 -2.540005E-04  2.050599E-08  2.050725E-08
  2.489000E+03  1.131967E-07  1.067613E-04  1.036162E-06  1.921228E-04 -2.042510E-02  2.050701E-08  2.051268E-08
  2.490000E+03  4.436979E-07  1.058797E-04 -6.226510E-07  1.937025E-04 -8.436719E-03  2.050844E-08  2.050985E-08
  2.491000E+03 -4.981874E-07  1.069277E-04 -4.414604E-07  1.918049E-04 -3.167347E-03  2.050916E-08  2.051141E-08
  2.492000E+03  1.238268E-08  1.065165E-04  9.879431E-07  1.925912E-04 -2.212931E-02  2.050912E-08  2.051473E-08
  2.493000E+03  4.625874E-07  1.059780E-04 -4.391752E-07  1.935414E-04 -4.199682E-03  2.051095E-08  2.051158E-08
  2.494000E+03 -4.202083E-07  1.070668E-04 -5.526527E-07  1.915828E-04 -7.542643E-03  2.051158E-08  2.051502E-08
  2.495000E+03 -7.609783E-08  1.062595E-04  9.087138E-07  1.930709E-04 -2.155555E-02  2.051084E-08  2.051585E-08
  2.496000E+03  4.629336E-07  1.061733E-04 -2.597431E-07  1.931944E-04 -7.910268E-04  2.051209E-08  2.051232E-08
  2.497000E+03 -3.339551E-07  1.071032E-04 -6.324199E-07  1.915342E-04 -1.239195E-02  2.051235E-08  2.051695E-08
  2.498000E+03 -1.512553E-07  1.060419E-04  8.024709E-07  1.934664E-04 -1.875556E-02  2.051194E-08  2.051587E-08
  2.499000E+03  4.472040E-07  1.064311E-04 -9.289676E-08  1.927253E-04  7.565638E-04  2.051195E-08  2.051231E-08
  2.500000E+03 -2.465331E-07  1.070161E-04 -6.788867E-07  1.916956E-04 -1.708165E-02  2.051152E-08  2.051697E-08
  2.501000E+03 -2.093696E-07  1.058971E-04  6.782911E-07  1.937170E-04 -1.442598E-02  2.051193E-08  2.051461E-08
  2.502000E+03  4.142290E-07  1.066873E-04  5.177491E-08  1.922521E-04  2.697815E-04  2.051085E-08  2.051183E-08
  2.503000E+03 -1.640977E-07  1.068165E-04 -6.878813E-07  1.920469E-04 -2.061187E-02  2.050942E-08  2.051522E-08
  2.504000E+03 -2.505855E-07  1.058520E-04  5.491004E-07  1.937730E-04 -9.370578E-03  2.051035E-08  2.051187E-08
  2.505000E+03  3.721570E-07  1.069056E-04  1.690759E-07  1.918399E-04 -2.332925E-03  2.050871E-08  2.051067E-08
  2.506000E+03 -9.154086E-08  1.065513E-04 -6.712321E-07  1.925051E-04 -2.244198E-02  2.050651E-08  2.051221E-08
  2.507000E+03 -2.756610E-07  1.059250E-04  4.311547E-07  1.936041E-04 -4.698340E-03  2.050730E-08  2.050792E-08
  2.508000E+03  3.298403E-07  1.070452E-04  2.622145E-07  1.915649E-04 -6.631490E-03  2.050565E-08  2.050880E-08
  2.509000E+03 -3.042417E-08  1.062710E-04 -6.430547E-07  1.929835E-04 -2.203935E-02  2.050357E-08  2.050868E-08
  2.510000E+03 -2.907704E-07  1.061028E-04  3.170311E-07  1.932424E-04 -1.081417E-03  2.050354E-08  2.050368E-08
  2.511000E+03  2.837663E-07  1.070780E-04  3.370055E-07  1.914797E-04 -1.165217E-02  2.050188E-08  2.050620E-08
  2.512000E+03  2.747866E-08  1.060343E-04 -6.022360E-07  1.933764E-04 -1.952820E-02  2.050062E-08  2.050472E-08
  2.513000E+03 -2.950593E-07  1.063465E-04  2.048748E-07  1.927635E-04  6.342225E-04  2.049971E-08  2.049990E-08
  2.514000E+03  2.352244E-07  1.069988E-04  3.960201E-07  1.915984E-04 -1.648327E-02  2.049801E-08  2.050328E-08
  2.515000E+03  7.982901E-08  1.058850E-04 -5.509441E-07  1.936103E-04 -1.547547E-02  2.049796E-08  2.050083E-08
  2.516000E+03 -2.974276E-07  1.066109E-04  9.982902E-08  1.922561E-04  1.744139E-04  2.049659E-08  2.049736E-08
  2.517000E+03  1.888447E-07  1.068230E-04  4.494838E-07  1.918981E-04 -2.033809E-02  2.049490E-08  2.050071E-08
  2.518000E+03  1.272297E-07  1.058299E-04 -4.994095E-07  1.936780E-04 -1.070352E-02  2.049575E-08  2.049744E-08
  2.519000E+03 -2.967643E-07  1.068264E-04 -6.897410E-09  1.918496E-04 -2.080247E-03  2.049457E-08  2.049625E-08
  2.520000E+03  1.369314E-07  1.065782E-04  4.992543E-07  1.923306E-04 -2.218180E-02  2.049322E-08  2.049892E-08
  2.521000E+03  1.772384E-07  1.058876E-04 -4.373092E-07  1.935509E-04 -5.937957E-03  2.049429E-08  2.049502E-08
  2.522000E+03 -2.921601E-07  1.069811E-04 -1.118666E-07  1.915663E-04 -5.810679E-03  2.049363E-08  2.049645E-08
  2.523000E+03  8.513757E-08  1.063223E-04  5.418515E-07  1.927917E-04 -2.216356E-02  2.049302E-08  2.049821E-08
  2.524000E+03  2.216015E-07  1.060436E-04 -3.716145E-07  1.932616E-04 -2.195084E-03  2.049411E-08  2.049430E-08
  2.525000E+03 -2.835175E-07  1.070462E-04 -2.131508E-07  1.914600E-04 -1.053046E-02  2.049391E-08  2.049790E-08
  2.526000E+03  3.004492E-08  1.060802E-04  5.654483E-07  1.932337E-04 -2.019154E-02  2.049408E-08  2.049839E-08
  2.527000E+03  2.565677E-07  1.062607E-04 -2.847250E-07  1.928777E-04  2.576541E-04  2.049532E-08  2.049543E-08
  2.528000E+03 -2.541028E-07  1.070039E-04 -3.143053E-07  1.915613E-04 -1.504166E-02  2.049550E-08  2.050036E-08
  2.529000E+03 -3.666757E-08  1.059060E-04  5.597400E-07  1.935593E-04 -1.636945E-02  2.049634E-08  2.049945E-08
  2.530000E+03  2.877226E-07  1.065187E-04 -1.668134E-07  1.924335E-04  7.826450E-04  2.049777E-08  2.049828E-08
  2.531000E+03 -2.108544E-07  1.068709E-04 -4.216962E-07  1.918386E-04 -1.893139E-02  2.049828E-08  2.050372E-08
  2.532000E+03 -1.087644E-07  1.058272E-04  5.286028E-07  1.937202E-04 -1.170311E-02  2.049947E-08  2.050143E-08
  2.533000E+03  3.048950E-07  1.067678E-04 -3.207060E-08  1.920126E-04 -7.894900E-04  2.050076E-08  2.050208E-08
  2.534000E+03 -1.542092E-07  1.066660E-04 -5.025187E-07  1.922471E-04 -2.155910E-02  2.050147E-08  2.050711E-08
  2.535000E+03 -1.740536E-07  1.058569E-04  4.663150E-07  1.936903E-04 -6.931353E-03  2.050296E-08  2.050396E-08
  2.536000E+03  3.033718E-07  1.069660E-04  1.110923E-07  1.916886E-04 -4.003922E-03  2.050401E-08  2.050640E-08
  2.537000E+03 -8.072692E-08  1.064255E-04 -5.600806E-07  1.927146E-04 -2.213568E-02  2.050474E-08  2.051002E-08
  2.538000E+03 -2.386126E-07  1.059992E-04  3.588084E-07  1.934598E-04 -2.670025E-03  2.050651E-08  2.050682E-08
  2.539000E+03  2.731617E-07  1.070829E-04  2.675982E-07  1.915176E-04 -8.436963E-03  2.050752E-08  2.051112E-08
  2.540000E+03  1.113864E-08  1.061913E-04 -5.660365E-07  1.931658E-04 -2.078278E-02  2.050810E-08  2.051262E-08
  2.541000E+03 -2.827237E-07  1.062271E-04  2.040378E-07  1.930746E-04  1.190328E-04  2.050975E-08  2.050984E-08
  2.542000E+03  2.125354E-07  1.070999E-04  4.072549E-07  1.915276E-04 -1.340797E-02  2.051074E-08  2.051548E-08
  2.543000E+03  1.055938E-07  1.060080E-04 -5.181289E-07  1.935147E-04 -1.777878E-02  2.051086E-08  2.051435E-08
  2.544000E+03 -2.961193E-07  1.064962E-04  2.414194E-08  1.926075E-04  9.152712E-04  2.051196E-08  2.051234E-08
  2.545000E+03  1.333140E-07  1.069944E-04  4.989081E-07  1.917486E-04 -1.792425E-02  2.051273E-08  2.051824E-08
  2.546000E+03  1.856487E-07  1.058906E-04 -4.214860E-07  1.937290E-04 -1.343681E-02  2.051222E-08  2.051455E-08
  2.547000E+03 -2.802143E-07  1.067469E-04 -1.473664E-07  1.921617E-04 -1.983062E-04  2.051266E-08  2.051375E-08
  2.548000E+03  4.499967E-08  1.067870E-04  5.345216E-07  1.921345E-04 -2.106951E-02  2.051292E-08  2.051868E-08
  2.549000E+03  2.406545E-07  1.058802E-04 -2.881125E-07  1.937360E-04 -8.642803E-03  2.051204E-08  2.051330E-08
  2.550000E+03 -2.324188E-07  1.069492E-04 -2.952755E-07  1.917953E-04 -3.160845E-03  2.051226E-08  2.051438E-08
  2.551000E+03 -4.585358E-08  1.065296E-04  5.088889E-07  1.925944E-04 -2.228361E-02  2.051190E-08  2.051740E-08
  2.552000E+03  2.700636E-07  1.059738E-04 -1.252058E-07  1.935462E-04 -4.032752E-03  2.051065E-08  2.051110E-08
  2.553000E+03 -1.639013E-07  1.070760E-04 -4.130121E-07  1.915586E-04 -7.189695E-03  2.051080E-08  2.051409E-08
  2.554000E+03 -1.319538E-07  1.062692E-04  4.401491E-07  1.930432E-04 -2.141012E-02  2.050984E-08  2.051462E-08
  2.555000E+03  2.739602E-07  1.061613E-04  4.277814E-08  1.931816E-04 -6.894679E-04  2.050840E-08  2.050848E-08
  2.556000E+03 -8.473673E-08  1.070982E-04 -4.861991E-07  1.915056E-04 -1.191403E-02  2.050846E-08  2.051284E-08
  2.557000E+03 -2.025638E-07  1.060546E-04  3.384358E-07  1.933936E-04 -1.875408E-02  2.050668E-08  2.051044E-08
  2.558000E+03  2.483717E-07  1.064025E-04  2.031321E-07  1.927149E-04  7.208050E-04  2.050533E-08  2.050556E-08
  2.559000E+03  1.699618E-09  1.070050E-04 -5.052954E-07  1.916561E-04 -1.647675E-02  2.050538E-08  2.051054E-08
  2.560000E+03 -2.510777E-07  1.059110E-04  2.010719E-07  1.936067E-04 -1.466640E-02  2.050287E-08  2.050545E-08
  2.561000E+03  1.939872E-07  1.066472E-04  3.442011E-07  1.922409E-04  8.971503E-05  2.050195E-08  2.050278E-08
  2.562000E+03  8.988138E-08  1.068203E-04 -4.704728E-07  1.919690E-04 -1.994917E-02  2.050211E-08  2.050765E-08
  2.563000E+03 -2.736348E-07  1.058700E-04  4.174316E-08  1.936379E-04 -1.011522E-02  2.049940E-08  2.050087E-08
  2.564000E+03  1.211449E-07  1.068513E-04  4.439746E-07  1.918452E-04 -2.460000E-03  2.049886E-08  2.050061E-08
  2.565000E+03  1.681542E-07  1.065782E-04 -3.850686E-07  1.923819E-04 -2.179070E-02  2.049885E-08  2.050432E-08
  2.566000E+03 -2.638109E-07  1.059354E-04 -1.253560E-07  1.934834E-04 -5.901715E-03  2.049639E-08  2.049702E-08
  2.567000E+03  3.268193E-08  1.069852E-04  4.953162E-07  1.915864E-04 -6.388942E-03  2.049649E-08  2.049934E-08
  2.568000E+03  2.307617E-07  1.063286E-04 -2.520688E-07  1.928065E-04 -2.155465E-02  2.049608E-08  2.050098E-08
  2.569000E+03 -2.176519E-07  1.060872E-04 -2.801416E-07  1.931826E-04 -2.374488E-03  2.049415E-08  2.049430E-08
  2.570000E+03 -6.303915E-08  1.070304E-04  4.833849E-07  1.915001E-04 -1.064785E-02  2.049517E-08  2.049904E-08
  2.571000E+03  2.683379E-07  1.061103E-04 -8.748658E-08  1.931791E-04 -1.945306E-02  2.049442E-08  2.049838E-08
  2.572000E+03 -1.461568E-07  1.062952E-04 -4.124538E-07  1.927937E-04 -3.812564E-04  2.049304E-08  2.049317E-08
  2.573000E+03 -1.526229E-07  1.069859E-04  4.139265E-07  1.915883E-04 -1.495256E-02  2.049496E-08  2.049968E-08
  2.574000E+03  2.679034E-07  1.059586E-04  8.686780E-08  1.934421E-04 -1.610720E-02  2.049419E-08  2.049708E-08
  2.575000E+03 -5.160171E-08  1.065302E-04 -4.809824E-07  1.923703E-04 -2.013511E-04  2.049325E-08  2.049380E-08
  2.576000E+03 -2.226233E-07  1.068558E-04  2.846615E-07  1.918389E-04 -1.841698E-02  2.049563E-08  2.050081E-08
  2.577000E+03  2.308097E-07  1.058910E-04  2.508129E-07  1.935631E-04 -1.162371E-02  2.049522E-08  2.049696E-08
  2.578000E+03  4.673685E-08  1.067487E-04 -4.851103E-07  1.919930E-04 -1.601144E-03  2.049497E-08  2.049627E-08
  2.579000E+03 -2.621107E-07  1.066527E-04  1.183488E-07  1.922281E-04 -2.045080E-02  2.049736E-08  2.050249E-08
  2.580000E+03  1.593114E-07  1.059232E-04  3.837020E-07  1.935161E-04 -7.050205E-03  2.049734E-08  2.049815E-08
  2.581000E+03  1.421116E-07  1.069206E-04 -4.266357E-07  1.917149E-04 -4.608075E-03  2.049806E-08  2.050033E-08
  2.582000E+03 -2.724531E-07  1.064265E-04 -6.133160E-08  1.926662E-04 -2.082989E-02  2.050034E-08  2.050505E-08
  2.583000E+03  7.193865E-08  1.060524E-04  4.784230E-07  1.933051E-04 -3.278876E-03  2.050037E-08  2.050061E-08
  2.584000E+03  2.288430E-07  1.070178E-04 -3.260314E-07  1.915801E-04 -8.683435E-03  2.050170E-08  2.050502E-08
  2.585000E+03 -2.560590E-07  1.062151E-04 -2.473459E-07  1.930775E-04 -1.956446E-02  2.050381E-08  2.050782E-08
  2.586000E+03 -3.414108E-08  1.062411E-04  5.300718E-07  1.929929E-04 -9.229510E-04  2.050378E-08  2.050387E-08
  2.587000E+03  2.951871E-07  1.070073E-04 -1.667706E-07  1.916415E-04 -1.289709E-02  2.050534E-08  2.050947E-08
  2.588000E+03 -2.009294E-07  1.060491E-04 -4.254268E-07  1.934040E-04 -1.674742E-02  2.050744E-08  2.051050E-08
  2.589000E+03 -1.496255E-07  1.064655E-04  5.141549E-07  1.926176E-04 -3.320704E-04  2.050713E-08  2.050748E-08
  2.590000E+03  3.306077E-07  1.069051E-04  3.410564E-08  1.918671E-04 -1.671697E-02  2.050871E-08  2.051341E-08
  2.591000E+03 -1.142202E-07  1.059664E-04 -5.647821E-07  1.935763E-04 -1.304296E-02  2.051084E-08  2.051292E-08
  2.592000E+03 -2.593172E-07  1.066849E-04  4.311503E-07  1.922472E-04 -1.715089E-03  2.050985E-08  2.051081E-08
  2.593000E+03  3.304876E-07  1.067331E-04  2.497909E-07  1.922096E-04 -1.947765E-02  2.051124E-08  2.051619E-08
  2.594000E+03 -6.748903E-09  1.059743E-04 -6.532049E-07  1.935762E-04 -9.109276E-03  2.051324E-08  2.051443E-08
  2.595000E+03 -3.495674E-07  1.068604E-04  2.954356E-07  1.919494E-04 -4.439485E-03  2.051159E-08  2.051344E-08
  2.596000E+03  3.004176E-07  1.065270E-04  4.531353E-07  1.926000E-04 -2.026443E-02  2.051289E-08  2.051757E-08
  2.597000E+03  1.096558E-07  1.060778E-04 -6.942529E-07  1.933922E-04 -5.461631E-03  2.051431E-08  2.051483E-08
  2.598000E+03 -4.159281E-07  1.069580E-04  1.238086E-07  1.917852E-04 -7.987232E-03  2.051231E-08  2.051511E-08
  2.599000E+03  2.427878E-07  1.063309E-04  6.336489E-07  1.929599E-04 -1.929969E-02  2.051377E-08  2.051779E-08
  2.600000E+03  2.298142E-07  1.062408E-04 -6.761843E-07  1.930922E-04 -3.119731E-03  2.051418E-08  2.051446E-08
  2.601000E+03 -4.562283E-07  1.069576E-04 -8.288041E-08  1.917885E-04 -1.171395E-02  2.051183E-08  2.051541E-08
  2.602000E+03  1.582674E-07  1.061656E-04  7.856857E-07  1.932493E-04 -1.690961E-02  2.051350E-08  2.051664E-08
  2.603000E+03  3.443325E-07  1.064195E-04 -6.000526E-07  1.927522E-04 -2.172376E-03  2.051255E-08  2.051295E-08
  2.604000E+03 -4.624699E-07  1.068688E-04 -3.018440E-07  1.919391E-04 -1.499591E-02  2.050999E-08  2.051406E-08
  2.605000E+03  5.205720E-08  1.060649E-04  8.841988E-07  1.934074E-04 -1.371138E-02  2.051180E-08  2.051403E-08
  2.606000E+03  4.394197E-07  1.065920E-04 -4.649187E-07  1.924125E-04 -2.912997E-03  2.050955E-08  2.051041E-08
  2.607000E+03 -4.292432E-07  1.067170E-04 -5.134425E-07  1.921944E-04 -1.737673E-02  2.050731E-08  2.051158E-08
  2.608000E+03 -6.787085E-08  1.060488E-04  9.175681E-07  1.934040E-04 -1.039235E-02  2.050916E-08  2.051059E-08
  2.609000E+03  5.066166E-07  1.067259E-04 -2.890571E-07  1.921396E-04 -4.963980E-03  2.050602E-08  2.050753E-08
  2.610000E+03 -3.730674E-07  1.065387E-04 -6.935619E-07  1.924931E-04 -1.826222E-02  2.050455E-08  2.050863E-08
  2.611000E+03 -1.835832E-07  1.061117E-04  9.040092E-07  1.932550E-04 -7.414658E-03  2.050606E-08  2.050691E-08
  2.612000E+03  5.460633E-07  1.068051E-04 -9.554411E-08  1.919671E-04 -7.887476E-03  2.050243E-08  2.050470E-08
  2.613000E+03 -2.948608E-07  1.063675E-04 -8.411849E-07  1.927761E-04 -1.773972E-02  2.050188E-08  2.050549E-08
  2.614000E+03 -2.958493E-07  1.062350E-04  8.400360E-07  1.929963E-04 -5.415020E-03  2.050266E-08  2.050324E-08
  2.615000E+03  5.573944E-07  1.068139E-04  1.126394E-07  1.919250E-04 -1.103627E-02  2.049900E-08  2.050197E-08
  2.616000E+03 -1.945802E-07  1.062423E-04 -9.433875E-07  1.929774E-04 -1.607643E-02  2.049971E-08  2.050265E-08
  2.617000E+03 -3.928405E-07  1.063821E-04  7.172714E-07  1.927010E-04 -4.787720E-03  2.049970E-08  2.050036E-08
  2.618000E+03  5.379745E-07  1.067480E-04  3.215642E-07  1.920244E-04 -1.378958E-02  2.049628E-08  2.049969E-08
  2.619000E+03 -8.515940E-08  1.061582E-04 -9.978418E-07  1.931095E-04 -1.359031E-02  2.049827E-08  2.050045E-08
  2.620000E+03 -4.659836E-07  1.065127E-04  5.672011E-07  1.924454E-04 -5.097297E-03  2.049762E-08  2.049858E-08
  2.621000E+03  4.936300E-07  1.066399E-04  5.029566E-07  1.922103E-04 -1.548236E-02  2.049483E-08  2.049836E-08
  2.622000E+03  2.631270E-08  1.061448E-04 -1.003857E-06  1.931218E-04 -1.096863E-02  2.049765E-08  2.049916E-08
  2.623000E+03 -5.172732E-07  1.066214E-04  3.888454E-07  1.922408E-04 -6.466841E-03  2.049656E-08  2.049799E-08
  2.624000E+03  4.252044E-07  1.065170E-04  6.613208E-07  1.924351E-04 -1.628572E-02  2.049488E-08  2.049830E-08
  2.625000E+03  1.355251E-07  1.061865E-04 -9.608693E-07  1.930438E-04 -8.766527E-03  2.049787E-08  2.049893E-08
  2.626000E+03 -5.444978E-07  1.066809E-04  1.990692E-07  1.921363E-04 -8.485069E-03  2.049654E-08  2.049848E-08
  2.627000E+03  3.419536E-07  1.063861E-04  7.874604E-07  1.926858E-04 -1.580279E-02  2.049653E-08  2.049952E-08
  2.628000E+03  2.329102E-07  1.062672E-04 -8.848121E-07  1.929060E-04 -6.897908E-03  2.049908E-08  2.049986E-08
  2.629000E+03 -5.480382E-07  1.066963E-04  1.414681E-08  1.921226E-04 -1.053454E-02  2.049764E-08  2.050001E-08
  2.630000E+03  2.530576E-07  1.062884E-04  8.694258E-07  1.928844E-04 -1.441204E-02  2.049924E-08  2.050167E-08
  2.631000E+03  3.122521E-07  1.063776E-04 -7.780923E-07  1.927243E-04 -6.022047E-03  2.050118E-08  2.050194E-08
  2.632000E+03 -5.305413E-07  1.066668E-04 -1.585559E-07  1.922017E-04 -1.249986E-02  2.049993E-08  2.050262E-08
  2.633000E+03  1.611015E-07  1.062349E-04  9.179340E-07  1.930083E-04 -1.262931E-02  2.050258E-08  2.050447E-08
  2.634000E+03  3.812190E-07  1.064916E-04 -6.543955E-07  1.925427E-04 -6.201909E-03  2.050378E-08  2.050475E-08
  2.635000E+03 -4.960693E-07  1.066028E-04 -3.223744E-07  1.923509E-04 -1.397660E-02  2.050314E-08  2.050599E-08
  2.636000E+03  6.827725E-08  1.062310E-04  9.300573E-07  1.930460E-04 -1.059037E-02  2.050632E-08  2.050772E-08
  2.637000E+03  4.294708E-07  1.065946E-04 -5.164886E-07  1.923852E-04 -7.110788E-03  2.050671E-08  2.050803E-08
  2.638000E+03 -4.491839E-07  1.065210E-04 -4.556374E-07  1.925360E-04 -1.449126E-02  2.050697E-08  2.050972E-08
  2.639000E+03 -1.461618E-08  1.062819E-04  9.186513E-07  1.929824E-04 -8.748749E-03  2.050975E-08  2.051078E-08
  2.640000E+03  4.657905E-07  1.066641E-04 -3.848237E-07  1.922870E-04 -8.801034E-03  2.050933E-08  2.051111E-08
  2.641000E+03 -4.003449E-07  1.064396E-04 -5.746734E-07  1.927136E-04 -1.424530E-02  2.051028E-08  2.051278E-08
  2.642000E+03 -9.293357E-08  1.063715E-04  8.960939E-07  1.928408E-04 -7.596566E-03  2.051217E-08  2.051308E-08
  2.643000E+03  4.914654E-07  1.066927E-04 -2.507146E-07  1.922593E-04 -1.077520E-02  2.051147E-08  2.051372E-08
  2.644000E+03 -3.511637E-07  1.063768E-04 -6.782825E-07  1.928503E-04 -1.342550E-02  2.051295E-08  2.051512E-08
  2.645000E+03 -1.684006E-07  1.064616E-04  8.664801E-07  1.926880E-04 -7.237126E-03  2.051333E-08  2.051431E-08
  2.646000E+03  5.096255E-07  1.066559E-04 -1.131339E-07  1.923406E-04 -1.239506E-02  2.051268E-08  2.051519E-08
  2.647000E+03 -2.924830E-07  1.063347E-04 -7.737932E-07  1.929362E-04 -1.194883E-02  2.051436E-08  2.051611E-08
  2.648000E+03 -2.481336E-07  1.065410E-04  8.158331E-07  1.925438E-04 -7.743126E-03  2.051320E-08  2.051443E-08
  2.649000E+03  5.188774E-07  1.065825E-04  4.433278E-08  1.924805E-04 -1.340345E-02  2.051320E-08  2.051575E-08
  2.650000E+03 -2.217405E-07  1.063347E-04 -8.606817E-07  1.929323E-04 -1.040161E-02  2.051429E-08  2.051569E-08
  2.651000E+03 -3.271515E-07  1.065940E-04  7.404873E-07  1.924388E-04 -8.757251E-03  2.051204E-08  2.051359E-08
  2.652000E+03  5.165937E-07  1.064998E-04  2.026531E-07  1.926248E-04 -1.341455E-02  2.051266E-08  2.051504E-08
  2.653000E+03 -1.442362E-07  1.063723E-04 -9.239525E-07  1.928456E-04 -9.009912E-03  2.051260E-08  2.051378E-08
  2.654000E+03 -3.954018E-07  1.066168E-04  6.469087E-07  1.923814E-04 -9.954172E-03  2.051007E-08  2.051193E-08
  2.655000E+03  5.002266E-07  1.064314E-04  3.580191E-07  1.927320E-04 -1.283643E-02  2.051105E-08  2.051317E-08
  2.656000E+03 -6.109885E-08  1.064328E-04 -9.664266E-07  1.927080E-04 -8.329606E-03  2.050973E-08  2.051088E-08
  2.657000E+03 -4.537443E-07  1.066060E-04  5.260906E-07  1.923804E-04 -1.124247E-02  2.050761E-08  2.050975E-08
  2.658000E+03  4.684286E-07  1.063920E-04  5.084537E-07  1.927807E-04 -1.186723E-02  2.050889E-08  2.051072E-08
  2.659000E+03  3.019034E-08  1.064901E-04 -9.842297E-07  1.925729E-04 -8.520912E-03  2.050635E-08  2.050767E-08
  2.660000E+03 -5.014574E-07  1.065551E-04  3.795913E-07  1.924520E-04 -1.209402E-02  2.050525E-08  2.050748E-08
  2.661000E+03  4.216451E-07  1.063805E-04  6.503031E-07  1.927748E-04 -1.075570E-02  2.050628E-08  2.050786E-08
  2.662000E+03  1.296569E-07  1.065325E-04 -9.748290E-07  1.924647E-04 -9.302866E-03  2.050285E-08  2.050443E-08
  2.663000E+03 -5.403512E-07  1.064881E-04  2.063754E-07  1.925520E-04 -1.250299E-02  2.050289E-08  2.050508E-08
  2.664000E+03  3.558209E-07  1.064000E-04  7.920266E-07  1.927099E-04 -9.867913E-03  2.050334E-08  2.050478E-08
  2.665000E+03  2.344262E-07  1.065451E-04 -9.325112E-07  1.924147E-04 -1.052626E-02  2.049970E-08  2.050159E-08
  2.666000E+03 -5.717671E-07  1.064278E-04  1.551306E-08  1.926399E-04 -1.233988E-02  2.050067E-08  2.050274E-08
  2.667000E+03  2.769637E-07  1.064406E-04  9.297200E-07  1.926085E-04 -9.516579E-03  2.050043E-08  2.050190E-08
  2.668000E+03  3.420700E-07  1.065294E-04 -8.625232E-07  1.924236E-04 -1.150509E-02  2.049741E-08  2.049952E-08
  2.669000E+03 -5.846963E-07  1.063930E-04 -1.956184E-07  1.926867E-04 -1.143967E-02  2.049919E-08  2.050100E-08
  2.670000E+03  1.745267E-07  1.064863E-04  1.042953E-06  1.925042E-04 -9.459971E-03  2.049813E-08  2.049971E-08
  2.671000E+03  4.433525E-07  1.064909E-04 -7.407964E-07  1.924855E-04 -1.208620E-02  2.049646E-08  2.049864E-08
  2.672000E+03 -5.729354E-07  1.063882E-04 -4.110601E-07  1.926892E-04 -1.042021E-02  2.049874E-08  2.050035E-08
  2.673000E+03  5.357985E-08  1.065209E-04  1.120381E-06  1.924316E-04 -1.000916E-02  2.049696E-08  2.049876E-08
  2.674000E+03  5.368833E-07  1.064489E-04 -5.633135E-07  1.925659E-04 -1.225377E-02  2.049689E-08  2.049904E-08
  2.675000E+03 -5.272265E-07  1.064167E-04 -6.422813E-07  1.926410E-04 -9.674195E-03  2.049925E-08  2.050077E-08
  2.676000E+03 -8.688196E-08  1.065346E-04  1.146578E-06  1.924085E-04 -1.072003E-02  2.049698E-08  2.049899E-08
  2.677000E+03  6.136098E-07  1.064073E-04 -3.361773E-07  1.926518E-04 -1.170434E-02  2.049816E-08  2.050012E-08
  2.678000E+03 -4.431834E-07  1.064584E-04 -8.647855E-07  1.925750E-04 -9.006881E-03  2.050040E-08  2.050188E-08
  2.679000E+03 -2.380741E-07  1.065229E-04  1.099835E-06  1.924445E-04 -1.140741E-02  2.049842E-08  2.050056E-08
  2.680000E+03  6.566796E-07  1.063773E-04 -6.629200E-08  1.927262E-04 -1.076963E-02  2.050050E-08  2.050222E-08
  2.681000E+03 -3.256258E-07  1.065132E-04 -1.048594E-06  1.924928E-04 -8.893172E-03  2.050221E-08  2.050380E-08
  2.682000E+03 -3.808773E-07  1.064952E-04  9.815757E-07  1.925173E-04 -1.206130E-02  2.050068E-08  2.050291E-08
  2.683000E+03  6.606998E-07  1.063763E-04  2.158055E-07  1.927544E-04 -9.713279E-03  2.050352E-08  2.050502E-08
  2.684000E+03 -1.843903E-07  1.065671E-04 -1.177653E-06  1.924173E-04 -9.406588E-03  2.050445E-08  2.050626E-08
  2.685000E+03 -5.075662E-07  1.064524E-04  7.985432E-07  1.926220E-04 -1.248882E-02  2.050348E-08  2.050572E-08
  2.686000E+03  6.259186E-07  1.063992E-04  5.041097E-07  1.927411E-04 -8.721843E-03  2.050672E-08  2.050807E-08
  2.687000E+03 -2.144297E-08  1.065950E-04 -1.247295E-06  1.923921E-04 -1.036786E-02  2.050693E-08  2.050901E-08
  2.688000E+03 -6.148083E-07  1.063918E-04  5.534515E-07  1.927599E-04 -1.235614E-02  2.050652E-08  2.050864E-08
  2.689000E+03  5.504436E-07  1.064508E-04  7.775199E-07  1.926747E-04 -7.988523E-03  2.050972E-08  2.051103E-08
  2.690000E+03  1.504661E-07  1.066007E-04 -1.239836E-06  1.924089E-04 -1.175465E-02  2.050951E-08  2.051192E-08
  2.691000E+03 -6.829607E-07  1.063403E-04  2.636681E-07  1.928808E-04 -1.173434E-02  2.050959E-08  2.051150E-08
  2.692000E+03  4.373806E-07  1.065275E-04  1.007737E-06  1.925586E-04 -7.971058E-03  2.051214E-08  2.051360E-08
  2.693000E+03  3.141762E-07  1.065678E-04 -1.145973E-06  1.924902E-04 -1.329037E-02  2.051145E-08  2.051416E-08
  2.694000E+03 -7.071218E-07  1.063155E-04 -4.360993E-08  1.929465E-04 -1.053360E-02  2.051207E-08  2.051370E-08
  2.695000E+03  2.976167E-07  1.066087E-04  1.178278E-06  1.924266E-04 -8.575896E-03  2.051359E-08  2.051535E-08
  2.696000E+03  4.590256E-07  1.065023E-04 -9.879325E-07  1.926188E-04 -1.409717E-02  2.051231E-08  2.051509E-08
  2.697000E+03 -6.958672E-07  1.063356E-04 -3.404242E-07  1.929193E-04 -8.826742E-03  2.051340E-08  2.051472E-08
  2.698000E+03  1.456440E-07  1.066766E-04  1.283658E-06  1.923099E-04 -9.733331E-03  2.051400E-08  2.051619E-08
  2.699000E+03  5.769168E-07  1.064159E-04 -7.751393E-07  1.927732E-04 -1.426834E-02  2.051204E-08  2.051474E-08
  2.700000E+03 -6.467683E-07  1.063917E-04 -6.190131E-07  1.928149E-04 -7.322937E-03  2.051335E-08  2.051449E-08
  2.701000E+03 -1.640481E-08  1.067015E-04  1.321070E-06  1.922633E-04 -1.143061E-02  2.051345E-08  2.051610E-08
  2.702000E+03  6.621345E-07  1.063126E-04 -5.220080E-07  1.929481E-04 -1.347155E-02  2.051094E-08  2.051331E-08
  2.703000E+03 -5.599245E-07  1.064735E-04 -8.602929E-07  1.926516E-04 -6.356884E-03  2.051189E-08  2.051303E-08
  2.704000E+03 -1.734895E-07  1.066688E-04  1.274049E-06  1.923126E-04 -1.328147E-02  2.051194E-08  2.051495E-08
  2.705000E+03  7.054778E-07  1.062375E-04 -2.441307E-07  1.930668E-04 -1.191635E-02  2.050948E-08  2.051141E-08
  2.706000E+03 -4.403610E-07  1.065700E-04 -1.041748E-06  1.924566E-04 -6.471859E-03  2.050967E-08  2.051104E-08
  2.707000E+03 -3.138997E-07  1.065910E-04  1.148281E-06  1.924336E-04 -1.495501E-02  2.050940E-08  2.051266E-08
  2.708000E+03  7.036238E-07  1.062070E-04  3.338550E-08  1.930987E-04 -1.002830E-02  2.050740E-08  2.050889E-08
  2.709000E+03 -3.076470E-07  1.066586E-04 -1.146591E-06  1.922750E-04 -7.441131E-03  2.050722E-08  2.050899E-08
  2.710000E+03 -4.195268E-07  1.064832E-04  9.795282E-07  1.926020E-04 -1.586875E-02  2.050629E-08  2.050958E-08
  2.711000E+03  6.667910E-07  1.062283E-04  2.703570E-07  1.930285E-04 -7.941890E-03  2.050445E-08  2.050552E-08
  2.712000E+03 -1.745103E-07  1.067304E-04 -1.185196E-06  1.921237E-04 -9.252228E-03  2.050456E-08  2.050688E-08
  2.713000E+03 -4.977287E-07  1.063590E-04  7.763207E-07  1.928006E-04 -1.592845E-02  2.050349E-08  2.050657E-08
  2.714000E+03  6.017693E-07  1.063061E-04  4.817341E-07  1.928586E-04 -6.163046E-03  2.050165E-08  2.050248E-08
  2.715000E+03 -4.081970E-08  1.067625E-04 -1.165665E-06  1.920501E-04 -1.164639E-02  2.050235E-08  2.050529E-08
  2.716000E+03 -5.439084E-07  1.062466E-04  5.425319E-07  1.929805E-04 -1.499067E-02  2.050121E-08  2.050387E-08
  2.717000E+03  5.079405E-07  1.064261E-04  6.508471E-07  1.926215E-04 -5.267988E-03  2.049967E-08  2.050052E-08
  2.718000E+03  8.302165E-08  1.067239E-04 -1.087944E-06  1.921103E-04 -1.419120E-02  2.050070E-08  2.050413E-08
  2.719000E+03 -5.596322E-07  1.061496E-04  3.126396E-07  1.931327E-04 -1.295484E-02  2.049924E-08  2.050127E-08
  2.720000E+03  4.038754E-07  1.065550E-04  7.703948E-07  1.923783E-04 -5.134844E-03  2.049860E-08  2.049969E-08
  2.721000E+03  1.845359E-07  1.066351E-04 -9.685715E-07  1.922684E-04 -1.608951E-02  2.049990E-08  2.050356E-08
  2.722000E+03 -5.466091E-07  1.061142E-04  9.830707E-08  1.931779E-04 -1.040326E-02  2.049781E-08  2.049921E-08
  2.723000E+03  2.925930E-07  1.066796E-04  8.366090E-07  1.921523E-04 -6.269789E-03  2.049833E-08  2.049990E-08
  2.724000E+03  2.630648E-07  1.065088E-04 -8.120966E-07  1.924996E-04 -1.719615E-02  2.049988E-08  2.050352E-08
  2.725000E+03 -5.035621E-07  1.061463E-04 -9.570908E-08  1.931109E-04 -7.917691E-03  2.049737E-08  2.049825E-08
  2.726000E+03  1.811644E-07  1.067579E-04  8.454970E-07  1.920195E-04 -8.406717E-03  2.049888E-08  2.050103E-08
  2.727000E+03  3.149471E-07  1.063568E-04 -6.373328E-07  1.927795E-04 -1.688930E-02  2.050049E-08  2.050372E-08
  2.728000E+03 -4.410436E-07  1.062357E-04 -2.491921E-07  1.929545E-04 -5.602703E-03  2.049833E-08  2.049886E-08
  2.729000E+03  7.962152E-08  1.067872E-04  8.073105E-07  1.919881E-04 -1.086485E-02  2.050066E-08  2.050335E-08
  2.730000E+03  3.378079E-07  1.062253E-04 -4.580300E-07  1.930248E-04 -1.550968E-02  2.050165E-08  2.050428E-08
  2.731000E+03 -3.630603E-07  1.063712E-04 -3.575533E-07  1.927268E-04 -4.242013E-03  2.050039E-08  2.050086E-08
  2.732000E+03 -4.012534E-09  1.067602E-04  7.304550E-07  1.920672E-04 -1.348949E-02  2.050327E-08  2.050643E-08
  2.733000E+03  3.399683E-07  1.061329E-04 -2.828185E-07  1.932005E-04 -1.335900E-02  2.050310E-08  2.050507E-08
  2.734000E+03 -2.797829E-07  1.065277E-04 -4.369009E-07  1.924681E-04 -4.174391E-03  2.050300E-08  2.050371E-08
  2.735000E+03 -7.684433E-08  1.066795E-04  6.277185E-07  1.922462E-04 -1.572904E-02  2.050620E-08  2.050966E-08
  2.736000E+03  3.203762E-07  1.060984E-04 -1.228872E-07  1.932751E-04 -1.062010E-02  2.050503E-08  2.050632E-08
  2.737000E+03 -1.965694E-07  1.066784E-04 -4.669326E-07  1.922264E-04 -5.123343E-03  2.050614E-08  2.050733E-08
  2.738000E+03 -1.242875E-07  1.065658E-04  5.094735E-07  1.924822E-04 -1.696329E-02  2.050906E-08  2.051254E-08
  2.739000E+03  2.871774E-07  1.061347E-04  1.985297E-09  1.932264E-04 -7.850356E-03  2.050740E-08  2.050812E-08
  2.740000E+03 -1.257387E-07  1.067959E-04 -4.672496E-07  1.920465E-04 -7.198222E-03  2.050924E-08  2.051109E-08
  2.741000E+03 -1.530189E-07  1.064325E-04  3.901834E-07  1.927429E-04 -1.722592E-02  2.051107E-08  2.051434E-08
  2.742000E+03  2.444716E-07  1.062369E-04  9.091212E-08  1.930577E-04 -5.594234E-03  2.050954E-08  2.050992E-08
  2.743000E+03 -6.677017E-08  1.068617E-04 -4.382369E-07  1.919528E-04 -1.008451E-02  2.051136E-08  2.051397E-08
  2.744000E+03 -1.613901E-07  1.062978E-04  2.796575E-07  1.929913E-04 -1.641424E-02  2.051178E-08  2.051461E-08
  2.745000E+03  1.989446E-07  1.063764E-04  1.484466E-07  1.928170E-04 -4.214136E-03  2.051099E-08  2.051131E-08
  2.746000E+03 -2.127089E-08  1.068388E-04 -3.944908E-07  1.920098E-04 -1.304599E-02  2.051235E-08  2.051552E-08
  2.747000E+03 -1.624161E-07  1.061803E-04  1.853005E-07  1.931964E-04 -1.439056E-02  2.051153E-08  2.051370E-08
  2.748000E+03  1.575915E-07  1.065288E-04  1.963701E-07  1.925481E-04 -3.929962E-03  2.051177E-08  2.051232E-08
  2.749000E+03  1.957147E-08  1.067543E-04 -3.476206E-07  1.921705E-04 -1.562068E-02  2.051252E-08  2.051608E-08
  2.750000E+03 -1.589905E-07  1.061147E-04  9.878061E-08  1.933033E-04 -1.170639E-02  2.051092E-08  2.051239E-08
  2.751000E+03  1.148566E-07  1.066771E-04  2.252705E-07  1.922787E-04 -4.723136E-03  2.051150E-08  2.051253E-08
  2.752000E+03  4.668886E-08  1.066211E-04 -2.831364E-07  1.924045E-04 -1.718283E-02  2.051135E-08  2.051499E-08
  2.753000E+03 -1.418534E-07  1.061210E-04  3.108607E-08  1.932751E-04 -8.565732E-03  2.050979E-08  2.051059E-08
  2.754000E+03  7.857169E-08  1.067934E-04  2.291113E-07  1.920570E-04 -6.566012E-03  2.050998E-08  2.051167E-08
  2.755000E+03  5.995869E-08  1.064655E-04 -2.221263E-07  1.926651E-04 -1.758928E-02  2.050901E-08  2.051243E-08
  2.756000E+03 -1.227295E-07  1.061991E-04 -1.405524E-08  1.931157E-04 -5.912314E-03  2.050836E-08  2.050873E-08
  2.757000E+03  4.921178E-08  1.068568E-04  2.147199E-07  1.919266E-04 -9.279531E-03  2.050778E-08  2.051020E-08
  2.758000E+03  6.365145E-08  1.063140E-04 -1.653159E-07  1.929122E-04 -1.690457E-02  2.050635E-08  2.050933E-08
  2.759000E+03 -9.753563E-08  1.063209E-04 -4.362629E-08  1.928770E-04 -4.222431E-03  2.050667E-08  2.050691E-08
  2.760000E+03  2.295690E-08  1.068494E-04  1.892913E-07  1.919232E-04 -1.219877E-02  2.050534E-08  2.050839E-08
  2.761000E+03  6.184530E-08  1.061845E-04 -1.083822E-07  1.931191E-04 -1.516255E-02  2.050390E-08  2.050627E-08
  2.762000E+03 -7.418868E-08  1.064722E-04 -6.760048E-08  1.925862E-04 -3.597740E-03  2.050495E-08  2.050536E-08
  2.763000E+03  2.775169E-09  1.067774E-04  1.650715E-07  1.920367E-04 -1.507064E-02  2.050286E-08  2.050641E-08
  2.764000E+03  6.277143E-08  1.060999E-04 -6.271979E-08  1.932462E-04 -1.264642E-02  2.050177E-08  2.050344E-08
  2.765000E+03 -5.704435E-08  1.066258E-04 -8.825059E-08  1.922902E-04 -4.260560E-03  2.050291E-08  2.050379E-08
  2.766000E+03 -9.803797E-09  1.066531E-04  1.480254E-07  1.922458E-04 -1.731989E-02  2.050054E-08  2.050439E-08
  2.767000E+03  6.500542E-08  1.060834E-04 -3.341633E-08  1.932581E-04 -9.774796E-03  2.050049E-08  2.050152E-08
  2.768000E+03 -4.636130E-08  1.067572E-04 -1.091576E-07  1.920379E-04 -5.949487E-03  2.050107E-08  2.050261E-08
  2.769000E+03 -2.445977E-08  1.064964E-04  1.338904E-07  1.925172E-04 -1.816873E-02  2.049901E-08  2.050274E-08
  2.770000E+03  6.649255E-08  1.061374E-04 -4.202776E-09  1.931520E-04 -6.778665E-03  2.050018E-08  2.050067E-08
  2.771000E+03 -3.508228E-08  1.068378E-04 -1.246458E-07  1.918857E-04 -8.457269E-03  2.049992E-08  2.050220E-08
  2.772000E+03 -3.451073E-08  1.063337E-04  1.172371E-07  1.928070E-04 -1.771867E-02  2.049867E-08  2.050197E-08
  2.773000E+03  6.778622E-08  1.062568E-04  2.099632E-08  1.929370E-04 -4.610815E-03  2.050065E-08  2.050089E-08
  2.774000E+03 -1.882826E-08  1.068544E-04 -1.428776E-07  1.918578E-04 -1.155780E-02  2.049949E-08  2.050248E-08
  2.775000E+03 -5.055750E-08  1.061970E-04  9.350657E-08  1.930537E-04 -1.603575E-02  2.049910E-08  2.050174E-08
  2.776000E+03  6.686742E-08  1.064179E-04  5.935200E-08  1.926517E-04 -3.460668E-03  2.050147E-08  2.050179E-08
  2.777000E+03  1.863599E-09  1.067987E-04 -1.576339E-07  1.919678E-04 -1.428707E-02  2.049982E-08  2.050327E-08
  2.778000E+03 -6.965753E-08  1.061036E-04  5.581166E-08  1.932274E-04 -1.316067E-02  2.050034E-08  2.050215E-08
  2.779000E+03  5.672682E-08  1.065833E-04  1.088648E-07  1.923628E-04 -3.498909E-03  2.050255E-08  2.050324E-08
  2.780000E+03  2.946673E-08  1.066868E-04 -1.531015E-07  1.921854E-04 -1.641424E-02  2.050089E-08  2.050454E-08
  2.781000E+03 -7.605105E-08  1.060777E-04  2.964426E-09  1.932859E-04 -9.948557E-03  2.050232E-08  2.050338E-08
  2.782000E+03  3.202471E-08  1.067311E-04  1.423135E-07  1.921112E-04 -4.895794E-03  2.050399E-08  2.050529E-08
  2.783000E+03  5.466227E-08  1.065431E-04 -1.213696E-07  1.924659E-04 -1.755500E-02  2.050275E-08  2.050635E-08
  2.784000E+03 -7.308685E-08  1.061299E-04 -6.004385E-08  1.932099E-04 -6.999494E-03  2.050484E-08  2.050537E-08
  2.785000E+03 -1.959663E-09  1.068317E-04  1.611237E-07  1.919478E-04 -7.427673E-03  2.050554E-08  2.050756E-08
  2.786000E+03  7.810725E-08  1.063805E-04 -6.837641E-08  1.927816E-04 -1.751593E-02  2.050506E-08  2.050833E-08
  2.787000E+03 -5.950332E-08  1.062330E-04 -1.234994E-07  1.930437E-04 -4.630860E-03  2.050739E-08  2.050762E-08
  2.788000E+03 -3.892095E-08  1.068638E-04  1.691611E-07  1.919117E-04 -1.046589E-02  2.050729E-08  2.050999E-08
  2.789000E+03  9.431214E-08  1.062334E-04 -2.453313E-09  1.930653E-04 -1.623921E-02  2.050729E-08  2.051001E-08
  2.790000E+03 -3.817871E-08  1.063819E-04 -1.741579E-07  1.927927E-04 -3.424631E-03  2.050954E-08  2.050978E-08
  2.791000E+03 -7.083778E-08  1.068314E-04  1.467885E-07  1.919923E-04 -1.365670E-02  2.050890E-08  2.051221E-08
  2.792000E+03  9.312895E-08  1.061282E-04  7.172801E-08  1.932680E-04 -1.409489E-02  2.050916E-08  2.051123E-08
  2.793000E+03 -2.282456E-09  1.065517E-04 -2.019129E-07  1.924974E-04 -3.619716E-03  2.051079E-08  2.051135E-08
  2.794000E+03 -9.849562E-08  1.067348E-04  9.337299E-08  1.921858E-04 -1.640839E-02  2.051016E-08  2.051391E-08
  2.795000E+03  7.673915E-08  1.060852E-04  1.447057E-07  1.933522E-04 -1.113753E-02  2.051054E-08  2.051189E-08
  2.796000E+03  3.622532E-08  1.067112E-04 -1.991048E-07  1.922120E-04 -4.788427E-03  2.051094E-08  2.051209E-08
  2.797000E+03 -1.124888E-07  1.065958E-04  2.813980E-08  1.924433E-04 -1.789952E-02  2.051036E-08  2.051417E-08
  2.798000E+03  5.103584E-08  1.061165E-04  1.953526E-07  1.932927E-04 -7.976365E-03  2.051089E-08  2.051159E-08
  2.799000E+03  7.052203E-08  1.068309E-04 -1.754256E-07  1.919959E-04 -7.068223E-03  2.051058E-08  2.051249E-08
  2.800000E+03 -1.119492E-07  1.064304E-04 -4.418797E-08  1.927382E-04 -1.814715E-02  2.050982E-08  2.051338E-08
  2.801000E+03  1.693526E-08  1.062055E-04  2.242304E-07  1.931205E-04 -5.340262E-03  2.051017E-08  2.051048E-08
  2.802000E+03  9.817849E-08  1.068734E-04 -1.205729E-07  1.919162E-04 -9.971310E-03  2.050971E-08  2.051232E-08
  2.803000E+03 -9.087071E-08  1.062632E-04 -1.230206E-07  1.930280E-04 -1.692720E-02  2.050883E-08  2.051179E-08
  2.804000E+03 -3.378877E-08  1.063391E-04  2.197048E-07  1.928599E-04 -3.712943E-03  2.050841E-08  2.050863E-08
  2.805000E+03  1.185981E-07  1.068424E-04 -2.884259E-08  1.919657E-04 -1.309448E-02  2.050832E-08  2.051154E-08
  2.806000E+03 -5.051022E-08  1.061378E-04 -2.079177E-07  1.932390E-04 -1.470446E-02  2.050774E-08  2.050999E-08
  2.807000E+03 -9.406354E-08  1.064964E-04  1.835656E-07  1.925548E-04 -3.517225E-03  2.050626E-08  2.050672E-08
  2.808000E+03  1.234351E-07  1.067491E-04  9.173064E-08  1.921241E-04 -1.584574E-02  2.050650E-08  2.051016E-08
  2.809000E+03  1.488722E-08  1.060727E-04 -2.646728E-07  1.933353E-04 -1.185274E-02  2.050615E-08  2.050768E-08
  2.810000E+03 -1.467900E-07  1.066489E-04  8.287475E-08  1.922610E-04 -4.435789E-03  2.050422E-08  2.050519E-08
  2.811000E+03  9.070595E-08  1.066149E-04  2.217224E-07  1.923560E-04 -1.759585E-02  2.050485E-08  2.050865E-08
  2.812000E+03  9.385044E-08  1.060820E-04 -2.686429E-07  1.932919E-04 -8.954614E-03  2.050397E-08  2.050487E-08
  2.813000E+03 -1.814991E-07  1.067676E-04 -4.608835E-08  1.920342E-04 -6.484725E-03  2.050260E-08  2.050426E-08
  2.814000E+03  4.167533E-08  1.064612E-04  3.356693E-07  1.926248E-04 -1.810897E-02  2.050370E-08  2.050734E-08
  2.815000E+03  1.755982E-07  1.061617E-04 -2.379656E-07  1.931223E-04 -6.457243E-03  2.050175E-08  2.050222E-08
  2.816000E+03 -2.013585E-07  1.068382E-04 -1.920255E-07  1.919021E-04 -9.342115E-03  2.050159E-08  2.050405E-08
  2.817000E+03 -2.395562E-08  1.063100E-04  4.336996E-07  1.928914E-04 -1.744265E-02  2.050316E-08  2.050638E-08
  2.818000E+03  2.522480E-07  1.062849E-04 -1.685728E-07  1.928815E-04 -4.782076E-03  2.050016E-08  2.050049E-08
  2.819000E+03 -1.971805E-07  1.068248E-04 -3.484807E-07  1.919280E-04 -1.230769E-02  2.050111E-08  2.050419E-08
  2.820000E+03 -1.057515E-07  1.061800E-04  4.945105E-07  1.931166E-04 -1.540514E-02  2.050268E-08  2.050519E-08
  2.821000E+03  3.165556E-07  1.064358E-04 -5.503311E-08  1.925978E-04 -4.075774E-03  2.049913E-08  2.049963E-08
  2.822000E+03 -1.652465E-07  1.067542E-04 -5.035935E-07  1.920634E-04 -1.488779E-02  2.050131E-08  2.050481E-08
  2.823000E+03 -2.002243E-07  1.061125E-04  5.109743E-07  1.932277E-04 -1.277182E-02  2.050220E-08  2.050400E-08
  2.824000E+03  3.664295E-07  1.065853E-04  9.090897E-08  1.923269E-04 -4.747714E-03  2.049899E-08  2.049994E-08
  2.825000E+03 -1.103619E-07  1.066363E-04 -6.528257E-07  1.922906E-04 -1.668513E-02  2.050231E-08  2.050599E-08
  2.826000E+03 -3.017647E-07  1.061047E-04  4.846716E-07  1.932347E-04 -1.000289E-02  2.050209E-08  2.050329E-08
  2.827000E+03  3.948899E-07  1.066913E-04  2.725817E-07  1.921478E-04 -6.278446E-03  2.050009E-08  2.050159E-08
  2.828000E+03 -2.688575E-08  1.064921E-04 -7.788046E-07  1.925674E-04 -1.700336E-02  2.050396E-08  2.050739E-08
  2.829000E+03 -4.014292E-07  1.061637E-04  4.043360E-07  1.931249E-04 -7.381192E-03  2.050230E-08  2.050305E-08
  2.830000E+03  3.954750E-07  1.067550E-04  4.741142E-07  1.920559E-04 -8.463123E-03  2.050219E-08  2.050428E-08
  2.831000E+03  7.282716E-08  1.063582E-04 -8.680448E-07  1.928264E-04 -1.632821E-02  2.050594E-08  2.050897E-08
  2.832000E+03 -4.868136E-07  1.062689E-04  2.822329E-07  1.929367E-04 -5.644242E-03  2.050285E-08  2.050343E-08
  2.833000E+03  3.705281E-07  1.067659E-04  6.630616E-07  1.920632E-04 -1.099972E-02  2.050456E-08  2.050721E-08
  2.834000E+03  1.750866E-07  1.062503E-04 -9.061873E-07  1.930308E-04 -1.487103E-02  2.050732E-08  2.050985E-08
  2.835000E+03 -5.503686E-07  1.063988E-04  1.326104E-07  1.927096E-04 -4.954671E-03  2.050383E-08  2.050451E-08
  2.836000E+03  3.192629E-07  1.067257E-04  8.366627E-07  1.921626E-04 -1.318805E-02  2.050689E-08  2.050994E-08
  2.837000E+03  2.864985E-07  1.061942E-04 -8.999532E-07  1.931358E-04 -1.270651E-02  2.050826E-08  2.051021E-08
  2.838000E+03 -5.934623E-07  1.065318E-04 -5.402281E-08  1.924836E-04 -5.185963E-03  2.050534E-08  2.050634E-08
  2.839000E+03  2.433545E-07  1.066517E-04  9.879463E-07  1.923196E-04 -1.472030E-02  2.050899E-08  2.051223E-08
  2.840000E+03  3.971800E-07  1.061915E-04 -8.389464E-07  1.931404E-04 -1.049972E-02  2.050873E-08  2.051020E-08
  2.841000E+03 -6.053855E-07  1.066478E-04 -2.637935E-07  1.922932E-04 -6.398240E-03  2.050722E-08  2.050870E-08
  2.842000E+03  1.394948E-07  1.065583E-04  1.100090E-06  1.925041E-04 -1.559351E-02  2.051042E-08  2.051369E-08
  2.843000E+03  4.981012E-07  1.062399E-04 -7.175880E-07  1.930492E-04 -8.579505E-03  2.050877E-08  2.050990E-08
  2.844000E+03 -5.888804E-07  1.067269E-04 -4.856722E-07  1.921666E-04 -8.375640E-03  2.050864E-08  2.051071E-08
  2.845000E+03  1.787718E-08  1.064446E-04  1.170740E-06  1.927135E-04 -1.559110E-02  2.051082E-08  2.051388E-08
  2.846000E+03  5.814098E-07  1.063094E-04 -5.478380E-07  1.929201E-04 -7.059432E-03  2.050872E-08  2.050965E-08
  2.847000E+03 -5.396912E-07  1.067436E-04 -6.883985E-07  1.921474E-04 -1.049224E-02  2.050938E-08  2.051193E-08
  2.848000E+03 -1.042511E-07  1.063401E-04  1.175759E-06  1.928973E-04 -1.466782E-02  2.051051E-08  2.051316E-08
  2.849000E+03  6.319802E-07  1.064048E-04 -3.555492E-07  1.927443E-04 -6.315012E-03  2.050851E-08  2.050946E-08
  2.850000E+03 -4.692188E-07  1.067091E-04 -8.550580E-07  1.922133E-04 -1.250346E-02  2.050929E-08  2.051219E-08
  2.851000E+03 -2.220150E-07  1.062715E-04  1.138893E-06  1.930053E-04 -1.299200E-02  2.050923E-08  2.051137E-08
  2.852000E+03  6.657058E-07  1.065068E-04 -1.427960E-07  1.925546E-04 -6.249279E-03  2.050797E-08  2.050911E-08
  2.853000E+03 -3.757574E-07  1.066395E-04 -1.003521E-06  1.923318E-04 -1.375801E-02  2.050822E-08  2.051124E-08
  2.854000E+03 -3.362080E-07  1.062515E-04  1.046313E-06  1.930202E-04 -1.103060E-02  2.050743E-08  2.050909E-08
  2.855000E+03  6.671615E-07  1.065963E-04  8.597326E-08  1.923845E-04 -7.029554E-03  2.050698E-08  2.050845E-08
  2.856000E+03 -2.592463E-07  1.065540E-04 -1.100720E-06  1.924744E-04 -1.437814E-02  2.050680E-08  2.050975E-08
  2.857000E+03 -4.337103E-07  1.062793E-04  9.021902E-07  1.929524E-04 -9.375997E-03  2.050594E-08  2.050726E-08
  2.858000E+03  6.420482E-07  1.066559E-04  3.045026E-07  1.922671E-04 -8.462476E-03  2.050569E-08  2.050757E-08
  2.859000E+03 -1.363945E-07  1.064629E-04 -1.163156E-06  1.926239E-04 -1.441313E-02  2.050518E-08  2.050794E-08
  2.860000E+03 -5.152762E-07  1.063297E-04  7.306147E-07  1.928497E-04 -8.102175E-03  2.050498E-08  2.050610E-08
  2.861000E+03  5.952298E-07  1.066732E-04  5.078918E-07  1.922250E-04 -1.009132E-02  2.050420E-08  2.050646E-08
  2.862000E+03 -1.560822E-08  1.063842E-04 -1.172350E-06  1.927489E-04 -1.385981E-02  2.050346E-08  2.050594E-08
  2.863000E+03 -5.710161E-07  1.063990E-04  5.363364E-07  1.927175E-04 -7.517070E-03  2.050436E-08  2.050547E-08
  2.864000E+03  5.233644E-07  1.066524E-04  6.773285E-07  1.922524E-04 -1.167232E-02  2.050279E-08  2.050532E-08
  2.865000E+03  1.015895E-07  1.063297E-04 -1.128162E-06  1.928333E-04 -1.293728E-02  2.050219E-08  2.050433E-08
  2.866000E+03 -5.977030E-07  1.064772E-04  3.199529E-07  1.925730E-04 -7.678334E-03  2.050403E-08  2.050527E-08
  2.867000E+03  4.293995E-07  1.066009E-04  8.097888E-07  1.923408E-04 -1.296234E-02  2.050197E-08  2.050464E-08
  2.868000E+03  2.062680E-07  1.063117E-04 -1.034155E-06  1.928605E-04 -1.156380E-02  2.050196E-08  2.050371E-08
  2.869000E+03 -5.972303E-07  1.065455E-04  1.144778E-07  1.924453E-04 -8.159198E-03  2.050349E-08  2.050495E-08
  2.870000E+03  3.273230E-07  1.065336E-04  9.012621E-07  1.924580E-04 -1.341490E-02  2.050140E-08  2.050399E-08
  2.871000E+03  2.969400E-07  1.063263E-04 -9.103579E-07  1.928363E-04 -1.019063E-02  2.050250E-08  2.050394E-08
  2.872000E+03 -5.795828E-07  1.065877E-04 -8.337998E-08  1.923656E-04 -9.090362E-03  2.050297E-08  2.050469E-08
  2.873000E+03  2.200039E-07  1.064683E-04  9.577404E-07  1.925764E-04 -1.339106E-02  2.050144E-08  2.050385E-08
  2.874000E+03  3.699833E-07  1.063726E-04 -7.590628E-07  1.927608E-04 -9.286529E-03  2.050359E-08  2.050487E-08
  2.875000E+03 -5.377193E-07  1.065990E-04 -2.664994E-07  1.923465E-04 -1.025683E-02  2.050286E-08  2.050482E-08
  2.876000E+03  1.097281E-07  1.064191E-04  9.693082E-07  1.926709E-04 -1.268125E-02  2.050222E-08  2.050432E-08
  2.877000E+03  4.230258E-07  1.064290E-04 -5.901127E-07  1.926675E-04 -8.676871E-03  2.050463E-08  2.050585E-08
  2.878000E+03 -4.801770E-07  1.065743E-04 -4.224487E-07  1.923941E-04 -1.100897E-02  2.050303E-08  2.050505E-08
  2.879000E+03  5.465509E-09  1.063912E-04  9.502207E-07  1.927328E-04 -1.161147E-02  2.050370E-08  2.050547E-08
  2.880000E+03  4.637426E-07  1.064800E-04 -4.189979E-07  1.925873E-04 -8.627844E-03  2.050594E-08  2.050722E-08
  2.881000E+03 -4.155231E-07  1.065371E-04 -5.704485E-07  1.924709E-04 -1.151761E-02  2.050393E-08  2.050595E-08
  2.882000E+03 -9.476464E-08  1.063919E-04  9.125857E-07  1.927477E-04 -1.063654E-02  2.050564E-08  2.050717E-08
  2.883000E+03  4.905058E-07  1.065207E-04 -2.426222E-07  1.925239E-04 -9.032682E-03  2.050694E-08  2.050837E-08
  2.884000E+03 -3.402612E-07  1.065028E-04 -6.908166E-07  1.925462E-04 -1.176593E-02  2.050530E-08  2.050729E-08
  2.885000E+03 -1.896748E-07  1.064107E-04  8.525115E-07  1.927285E-04 -1.000428E-02  2.050734E-08  2.050875E-08
  2.886000E+03  5.044700E-07  1.065338E-04 -6.284681E-08  1.925036E-04 -9.653225E-03  2.050719E-08  2.050877E-08
  2.887000E+03 -2.561327E-07  1.064676E-04 -7.915204E-07  1.926230E-04 -1.165778E-02  2.050672E-08  2.050860E-08
  2.888000E+03 -2.753058E-07  1.064297E-04  7.558471E-07  1.927061E-04 -9.684995E-03  2.050868E-08  2.051005E-08
  2.889000E+03  4.933629E-07  1.065282E-04  1.227417E-07  1.925166E-04 -1.025683E-02  2.050737E-08  2.050905E-08
  2.890000E+03 -1.581257E-07  1.064488E-04 -8.550165E-07  1.926690E-04 -1.147159E-02  2.050804E-08  2.050982E-08
  2.891000E+03 -3.544043E-07  1.064516E-04  6.242580E-07  1.926731E-04 -9.782439E-03  2.050938E-08  2.051080E-08
  2.892000E+03  4.618846E-07  1.065180E-04  3.139533E-07  1.925406E-04 -1.089460E-02  2.050783E-08  2.050962E-08
  2.893000E+03 -4.982329E-08  1.064405E-04 -8.909125E-07  1.926937E-04 -1.141739E-02  2.050907E-08  2.051082E-08
  2.894000E+03 -4.180993E-07  1.064667E-04  4.662471E-07  1.926432E-04 -1.003766E-02  2.050904E-08  2.051054E-08
  2.895000E+03  4.124160E-07  1.065083E-04  4.889223E-07  1.925610E-04 -1.123361E-02  2.050805E-08  2.050989E-08
  2.896000E+03  6.126246E-08  1.064419E-04 -8.857153E-07  1.926948E-04 -1.107747E-02  2.050955E-08  2.051122E-08
  2.897000E+03 -4.615904E-07  1.064808E-04  2.800519E-07  1.926077E-04 -1.007887E-02  2.050799E-08  2.050952E-08
  2.898000E+03  3.408225E-07  1.065014E-04  6.414469E-07  1.925717E-04 -1.128745E-02  2.050785E-08  2.050969E-08
  2.899000E+03  1.669849E-07  1.064510E-04 -8.331937E-07  1.926747E-04 -1.082761E-02  2.050921E-08  2.051084E-08
  2.900000E+03 -4.798282E-07  1.064880E-04  8.103837E-08  1.925833E-04 -1.026849E-02  2.050672E-08  2.050831E-08
  2.901000E+03  2.498464E-07  1.064869E-04  7.606681E-07  1.925934E-04 -1.120388E-02  2.050738E-08  2.050917E-08
  2.902000E+03  2.706553E-07  1.064487E-04 -7.395525E-07  1.926657E-04 -1.061528E-02  2.050786E-08  2.050944E-08
  2.903000E+03 -4.830138E-07  1.064808E-04 -1.390083E-07  1.925864E-04 -1.037387E-02  2.050564E-08  2.050724E-08
  2.904000E+03  1.420402E-07  1.064717E-04  8.660731E-07  1.926175E-04 -1.104283E-02  2.050707E-08  2.050880E-08
  2.905000E+03  3.740416E-07  1.064445E-04 -6.121929E-07  1.926556E-04 -1.061806E-02  2.050597E-08  2.050757E-08
  2.906000E+03 -4.667704E-07  1.064704E-04 -3.670400E-07  1.925953E-04 -1.054769E-02  2.050455E-08  2.050620E-08
  2.907000E+03  2.375132E-08  1.064676E-04  9.382840E-07  1.926219E-04 -1.099799E-02  2.050676E-08  2.050850E-08
  2.908000E+03  4.657995E-07  1.064414E-04 -4.442424E-07  1.926444E-04 -1.086456E-02  2.050413E-08  2.050580E-08
  2.909000E+03 -4.237637E-07  1.064590E-04 -6.005512E-07  1.926097E-04 -1.052359E-02  2.050391E-08  2.050556E-08
  2.910000E+03 -1.169806E-07  1.064752E-04  9.648833E-07  1.926036E-04 -1.096101E-02  2.050627E-08  2.050804E-08
  2.911000E+03  5.397958E-07  1.064366E-04 -2.192578E-07  1.926410E-04 -1.102207E-02  2.050280E-08  2.050454E-08
  2.912000E+03 -3.461894E-07  1.064612E-04 -8.146709E-07  1.926051E-04 -1.042261E-02  2.050386E-08  2.050552E-08
  2.913000E+03 -2.573558E-07  1.064850E-04  9.308984E-07  1.925784E-04 -1.114267E-02  2.050545E-08  2.050731E-08
  2.914000E+03  5.865131E-07  1.064325E-04  2.460535E-08  1.926404E-04 -1.107559E-02  2.050193E-08  2.050371E-08
  2.915000E+03 -2.475424E-07  1.064759E-04 -9.935101E-07  1.925825E-04 -1.030345E-02  2.050430E-08  2.050600E-08
  2.916000E+03 -3.883109E-07  1.064981E-04  8.423046E-07  1.925463E-04 -1.150820E-02  2.050445E-08  2.050646E-08
  2.917000E+03  6.009972E-07  1.064252E-04  2.791107E-07  1.926504E-04 -1.116895E-02  2.050157E-08  2.050340E-08
  2.918000E+03 -1.264346E-07  1.064847E-04 -1.120119E-06  1.925722E-04 -1.021270E-02  2.050493E-08  2.050665E-08
  2.919000E+03 -5.040728E-07  1.064894E-04  6.936565E-07  1.925537E-04 -1.180140E-02  2.050350E-08  2.050560E-08
  2.920000E+03  5.772249E-07  1.064047E-04  5.333259E-07  1.926897E-04 -1.081751E-02  2.050189E-08  2.050364E-08
  2.921000E+03  9.970166E-09  1.065053E-04 -1.187296E-06  1.925403E-04 -1.001654E-02  2.050554E-08  2.050729E-08
  2.922000E+03 -6.001059E-07  1.064769E-04  5.000888E-07  1.925725E-04 -1.216055E-02  2.050300E-08  2.050520E-08
  2.923000E+03  5.211259E-07  1.063953E-04  7.795844E-07  1.927168E-04 -1.031543E-02  2.050306E-08  2.050471E-08
  2.924000E+03  1.525446E-07  1.065378E-04 -1.195112E-06  1.924893E-04 -1.020126E-02  2.050632E-08  2.050821E-08
  2.925000E+03 -6.712385E-07  1.064514E-04  2.737417E-07  1.926220E-04 -1.259010E-02  2.050325E-08  2.050554E-08
  2.926000E+03  4.373297E-07  1.063892E-04  9.971561E-07  1.927436E-04 -9.655537E-03  2.050489E-08  2.050642E-08
  2.927000E+03  2.950099E-07  1.065582E-04 -1.145957E-06  1.924576E-04 -1.044091E-02  2.050683E-08  2.050884E-08
  2.928000E+03 -7.096993E-07  1.064090E-04  1.643028E-08  1.927067E-04 -1.249317E-02  2.050414E-08  2.050636E-08
  2.929000E+03  3.268946E-07  1.064069E-04  1.164468E-06  1.927263E-04 -8.743082E-03  2.050662E-08  2.050802E-08
  2.930000E+03  4.249184E-07  1.065724E-04 -1.033883E-06  1.924325E-04 -1.105748E-02  2.050674E-08  2.050894E-08
  2.931000E+03 -7.098486E-07  1.063646E-04 -2.427776E-07  1.927957E-04 -1.206497E-02  2.050515E-08  2.050721E-08
  2.932000E+03  2.014668E-07  1.064490E-04  1.268830E-06  1.926611E-04 -8.205832E-03  2.050788E-08  2.050927E-08
  2.933000E+03  5.293184E-07  1.065638E-04 -8.791099E-07  1.924471E-04 -1.198965E-02  2.050643E-08  2.050884E-08
  2.934000E+03 -6.732881E-07  1.063324E-04 -4.795752E-07  1.928631E-04 -1.128031E-02  2.050629E-08  2.050813E-08
  2.935000E+03  7.596688E-08  1.065072E-04  1.306539E-06  1.925637E-04 -8.280249E-03  2.050872E-08  2.051022E-08
  2.936000E+03  6.062975E-07  1.065277E-04 -6.963030E-07  1.925142E-04 -1.272831E-02  2.050644E-08  2.050895E-08
  2.937000E+03 -6.152234E-07  1.063284E-04 -6.856763E-07  1.928803E-04 -1.004636E-02  2.050761E-08  2.050917E-08
  2.938000E+03 -4.852116E-08  1.065704E-04  1.296086E-06  1.924523E-04 -8.730215E-03  2.050893E-08  2.051065E-08
  2.939000E+03  6.557409E-07  1.064809E-04 -4.903015E-07  1.926047E-04 -1.317924E-02  2.050695E-08  2.050946E-08
  2.940000E+03 -5.329386E-07  1.063525E-04 -8.569745E-07  1.928464E-04 -8.933422E-03  2.050888E-08  2.051023E-08
  2.941000E+03 -1.702961E-07  1.066209E-04  1.228578E-06  1.923589E-04 -9.701891E-03  2.050852E-08  2.051055E-08
  2.942000E+03  6.717699E-07  1.064309E-04 -2.561666E-07  1.926993E-04 -1.325203E-02  2.050736E-08  2.050977E-08
  2.943000E+03 -4.275038E-07  1.064079E-04 -9.805026E-07  1.927485E-04 -8.188795E-03  2.050928E-08  2.051054E-08
  2.944000E+03 -2.824510E-07  1.066399E-04  1.110766E-06  1.923164E-04 -1.111319E-02  2.050734E-08  2.050970E-08
  2.945000E+03  6.589235E-07  1.063740E-04 -1.811546E-08  1.928011E-04 -1.274625E-02  2.050735E-08  2.050951E-08
  2.946000E+03 -3.069838E-07  1.064634E-04 -1.056587E-06  1.926431E-04 -7.806171E-03  2.050881E-08  2.051007E-08
  2.947000E+03 -3.714621E-07  1.066126E-04  9.448782E-07  1.923592E-04 -1.237424E-02  2.050635E-08  2.050889E-08
  2.948000E+03  6.112291E-07  1.063278E-04  1.968420E-07  1.928819E-04 -1.176883E-02  2.050728E-08  2.050911E-08
  2.949000E+03 -1.851622E-07  1.065258E-04 -1.065912E-06  1.925189E-04 -7.943959E-03  2.050758E-08  2.050894E-08
  2.950000E+03 -4.261176E-07  1.065603E-04  7.556006E-07  1.924500E-04 -1.336817E-02  2.050569E-08  2.050831E-08
  2.951000E+03  5.454249E-07  1.063096E-04  3.718880E-07  1.929103E-04 -1.046624E-02  2.050710E-08  2.050857E-08
  2.952000E+03 -6.928385E-08  1.065823E-04 -1.034911E-06  1.924016E-04 -8.391628E-03  2.050588E-08  2.050743E-08
  2.953000E+03 -4.579848E-07  1.064983E-04  5.525495E-07  1.925585E-04 -1.369135E-02  2.050524E-08  2.050775E-08
  2.954000E+03  4.592734E-07  1.063262E-04  5.080659E-07  1.928737E-04 -9.074222E-03  2.050668E-08  2.050784E-08
  2.955000E+03  3.750193E-08  1.066258E-04 -9.495026E-07  1.923094E-04 -9.356925E-03  2.050425E-08  2.050606E-08
  2.956000E+03 -4.534284E-07  1.064349E-04  3.317648E-07  1.926697E-04 -1.358499E-02  2.050489E-08  2.050720E-08
  2.957000E+03  3.567520E-07  1.063772E-04  5.868139E-07  1.927728E-04 -8.054122E-03  2.050596E-08  2.050695E-08
  2.958000E+03  1.208848E-07  1.066468E-04 -8.165688E-07  1.922664E-04 -1.072351E-02  2.050342E-08  2.050553E-08
  2.959000E+03 -4.224296E-07  1.063704E-04  1.376169E-07  1.927850E-04 -1.310144E-02  2.050485E-08  2.050688E-08
  2.960000E+03  2.548145E-07  1.064403E-04  6.132054E-07  1.926479E-04 -7.418749E-03  2.050494E-08  2.050588E-08
  2.961000E+03  1.751704E-07  1.066329E-04 -6.648394E-07  1.922945E-04 -1.212361E-02  2.050342E-08  2.050576E-08
  2.962000E+03 -3.726297E-07  1.063243E-04 -1.477941E-08  1.928670E-04 -1.214276E-02  2.050493E-08  2.050662E-08
  2.963000E+03  1.598926E-07  1.065108E-04  5.969725E-07  1.925099E-04 -7.554451E-03  2.050380E-08  2.050487E-08
  2.964000E+03  2.035138E-07  1.065893E-04 -5.009880E-07  1.923816E-04 -1.332053E-02  2.050400E-08  2.050648E-08
  2.965000E+03 -3.093508E-07  1.063030E-04 -1.293738E-07  1.929066E-04 -1.097342E-02  2.050531E-08  2.050668E-08
  2.966000E+03  7.528557E-08  1.065770E-04  5.445570E-07  1.923858E-04 -8.313208E-03  2.050320E-08  2.050452E-08
  2.967000E+03  2.054085E-07  1.065299E-04 -3.369734E-07  1.925008E-04 -1.414291E-02  2.050503E-08  2.050754E-08
  2.968000E+03 -2.372706E-07  1.063121E-04 -1.930936E-07  1.928908E-04 -9.599988E-03  2.050568E-08  2.050673E-08
  2.969000E+03  1.502194E-08  1.066309E-04  4.507424E-07  1.922931E-04 -9.176389E-03  2.050352E-08  2.050513E-08
  2.970000E+03  1.826128E-07  1.064605E-04 -1.989289E-07  1.926347E-04 -1.420482E-02  2.050592E-08  2.050826E-08
  2.971000E+03 -1.664253E-07  1.063463E-04 -2.123830E-07  1.928266E-04 -8.308840E-03  2.050568E-08  2.050650E-08
  2.972000E+03 -2.117080E-08  1.066611E-04  3.447857E-07  1.922510E-04 -1.037281E-02  2.050460E-08  2.050651E-08
  2.973000E+03  1.471619E-07  1.063921E-04 -9.407196E-08  1.927653E-04 -1.379114E-02  2.050674E-08  2.050884E-08
  2.974000E+03 -1.001992E-07  1.064107E-04 -1.991819E-07  1.927092E-04 -7.548735E-03  2.050573E-08  2.050649E-08
  2.975000E+03 -4.130686E-08  1.066638E-04  2.308400E-07  1.922630E-04 -1.178581E-02  2.050607E-08  2.050828E-08
  2.976000E+03  1.045873E-07  1.063348E-04 -1.184592E-08  1.928730E-04 -1.270193E-02  2.050746E-08  2.050918E-08
  2.977000E+03 -4.493818E-08  1.064868E-04 -1.613011E-07  1.925738E-04 -7.072226E-03  2.050606E-08  2.050687E-08
  2.978000E+03 -4.263652E-08  1.066276E-04  1.263432E-07  1.923451E-04 -1.286390E-02  2.050760E-08  2.050994E-08
  2.979000E+03  6.108089E-08  1.062953E-04  3.546319E-08  1.929462E-04 -1.107590E-02  2.050802E-08  2.050931E-08
  2.980000E+03 -7.413509E-09  1.065669E-04 -1.167599E-07  1.924385E-04 -7.304687E-03  2.050703E-08  2.050806E-08
  2.981000E+03 -3.691078E-08  1.065627E-04  4.849960E-08  1.924767E-04 -1.367765E-02  2.050892E-08  2.051128E-08
  2.982000E+03  2.372083E-08  1.062959E-04  5.720271E-08  1.929444E-04 -9.404827E-03  2.050828E-08  2.050922E-08
  2.983000E+03  1.552677E-08  1.066361E-04 -6.090118E-08  1.923253E-04 -8.273423E-03  2.050812E-08  2.050949E-08
  2.984000E+03 -2.020083E-08  1.064828E-04 -9.998642E-09  1.926264E-04 -1.396724E-02  2.050940E-08  2.051167E-08
  2.985000E+03 -9.912324E-09  1.063382E-04  5.993529E-08  1.928644E-04 -8.079578E-03  2.050819E-08  2.050892E-08
  2.986000E+03  2.857613E-08  1.066625E-04 -1.213115E-08  1.922878E-04 -9.820025E-03  2.050891E-08  2.051064E-08
  2.987000E+03 -2.510663E-09  1.063929E-04 -5.720106E-08  1.927842E-04 -1.339336E-02  2.050902E-08  2.051098E-08
  2.988000E+03 -3.869233E-08  1.064039E-04  5.072372E-08  1.927412E-04 -7.355458E-03  2.050785E-08  2.050855E-08
  2.989000E+03  3.660654E-08  1.066455E-04  4.043611E-08  1.923222E-04 -1.144527E-02  2.050896E-08  2.051099E-08
  2.990000E+03  1.941673E-08  1.063280E-04 -1.003823E-07  1.928908E-04 -1.236171E-02  2.050812E-08  2.050974E-08
  2.991000E+03 -6.644921E-08  1.064839E-04  4.121989E-08  1.925946E-04 -7.419561E-03  2.050766E-08  2.050851E-08
  2.992000E+03  4.451702E-08  1.065976E-04  9.068249E-08  1.924087E-04 -1.301698E-02  2.050857E-08  2.051086E-08
  2.993000E+03  4.246845E-08  1.062958E-04 -1.370540E-07  1.929379E-04 -1.116498E-02  2.050722E-08  2.050853E-08
  2.994000E+03 -8.940847E-08  1.065607E-04  8.572570E-09  1.924574E-04 -8.122482E-03  2.050772E-08  2.050886E-08
  2.995000E+03  3.748709E-08  1.065277E-04  1.438649E-07  1.925290E-04 -1.394675E-02  2.050768E-08  2.051005E-08
  2.996000E+03  7.098685E-08  1.063048E-04 -1.549726E-07  1.929084E-04 -9.602852E-03  2.050615E-08  2.050714E-08
  2.997000E+03 -1.074747E-07  1.066246E-04 -3.675123E-08  1.923422E-04 -9.130882E-03  2.050756E-08  2.050907E-08
  2.998000E+03  2.127987E-08  1.064479E-04  1.986705E-07  1.926610E-04 -1.403861E-02  2.050635E-08  2.050859E-08
  2.999000E+03  1.060727E-07  1.063531E-04 -1.545844E-07  1.928076E-04 -8.343781E-03  2.050497E-08  2.050579E-08
  3.000000E+03 -1.235386E-07  1.066508E-04 -9.808950E-08  1.922910E-04 -1.056464E-02  2.050684E-08  2.050872E-08
  3.001000E+03 -3.223302E-10  1.063676E-04  2.579825E-07  1.927923E-04 -1.341978E-02  2.050501E-08  2.050697E-08
  3.002000E+03  1.416376E-07  1.064134E-04 -1.530723E-07  1.926899E-04 -7.526406E-03  2.050421E-08  2.050499E-08
  3.003000E+03 -1.383764E-07  1.066305E-04 -1.512948E-07  1.923215E-04 -1.197412E-02  2.050586E-08  2.050802E-08
  3.004000E+03 -1.689856E-08  1.063044E-04  3.098081E-07  1.928952E-04 -1.225010E-02  2.050406E-08  2.050567E-08
  3.005000E+03  1.681595E-07  1.064880E-04 -1.444461E-07  1.925559E-04 -7.430108E-03  2.050434E-08  2.050524E-08
  3.006000E+03 -1.463926E-07  1.065775E-04 -1.976694E-07  1.924140E-04 -1.327829E-02  2.050519E-08  2.050754E-08
  3.007000E+03 -3.805112E-08  1.062783E-04  3.443351E-07  1.929355E-04 -1.087428E-02  2.050364E-08  2.050491E-08
  3.008000E+03  1.909093E-07  1.065641E-04 -1.263584E-07  1.924258E-04 -8.159983E-03  2.050499E-08  2.050619E-08
  3.009000E+03 -1.495386E-07  1.064990E-04 -2.463811E-07  1.925534E-04 -1.403883E-02  2.050472E-08  2.050710E-08
  3.010000E+03 -6.225900E-08  1.062959E-04  3.817292E-07  1.928998E-04 -9.340129E-03  2.050357E-08  2.050454E-08
  3.011000E+03  2.179987E-07  1.066238E-04 -9.022125E-08  1.923260E-04 -9.375635E-03  2.050562E-08  2.050722E-08
  3.012000E+03 -1.434485E-07  1.064207E-04 -3.117587E-07  1.926932E-04 -1.418781E-02  2.050449E-08  2.050677E-08
  3.013000E+03 -9.865009E-08  1.063479E-04  4.041881E-07  1.928077E-04 -8.127985E-03  2.050401E-08  2.050483E-08
  3.014000E+03  2.398677E-07  1.066561E-04 -3.443746E-08  1.922757E-04 -1.089994E-02  2.050615E-08  2.050817E-08
  3.015000E+03 -1.256494E-07  1.063563E-04 -3.737112E-07  1.928111E-04 -1.367726E-02  2.050476E-08  2.050682E-08
  3.016000E+03 -1.400874E-07  1.064306E-04  4.012944E-07  1.926682E-04 -7.556508E-03  2.050521E-08  2.050605E-08
  3.017000E+03  2.555672E-07  1.066470E-04  4.270934E-08  1.923012E-04 -1.251726E-02  2.050675E-08  2.050912E-08
  3.018000E+03 -9.402415E-08  1.063042E-04 -4.389257E-07  1.929089E-04 -1.259401E-02  2.050541E-08  2.050713E-08
  3.019000E+03 -1.847238E-07  1.065057E-04  3.753220E-07  1.925447E-04 -7.497126E-03  2.050654E-08  2.050752E-08
  3.020000E+03  2.580746E-07  1.065959E-04  1.347979E-07  1.924000E-04 -1.361581E-02  2.050715E-08  2.050966E-08
  3.021000E+03 -4.879682E-08  1.062825E-04 -4.922229E-07  1.929542E-04 -1.102298E-02  2.050642E-08  2.050775E-08
  3.022000E+03 -2.272006E-07  1.065833E-04  3.186886E-07  1.924177E-04 -8.021403E-03  2.050785E-08  2.050910E-08
  3.023000E+03  2.479333E-07  1.065276E-04  2.298453E-07  1.925307E-04 -1.435985E-02  2.050771E-08  2.051026E-08
  3.024000E+03  9.178332E-09  1.062977E-04 -5.219610E-07  1.929357E-04 -9.535969E-03  2.050769E-08  2.050873E-08
  3.025000E+03 -2.604740E-07  1.066402E-04  2.274301E-07  1.923261E-04 -9.196266E-03  2.050882E-08  2.051044E-08
  3.026000E+03  2.199159E-07  1.064393E-04  3.232767E-07  1.926951E-04 -1.447868E-02  2.050819E-08  2.051060E-08
  3.027000E+03  7.476484E-08  1.063333E-04 -5.233292E-07  1.928787E-04 -8.088803E-03  2.050876E-08  2.050956E-08
  3.028000E+03 -2.837479E-07  1.066588E-04  1.103134E-07  1.922989E-04 -1.041756E-02  2.050926E-08  2.051118E-08
  3.029000E+03  1.710423E-07  1.063594E-04  4.092728E-07  1.928425E-04 -1.366913E-02  2.050870E-08  2.051077E-08
  3.030000E+03  1.414583E-07  1.064033E-04 -4.779710E-07  1.927575E-04 -7.145869E-03  2.050950E-08  2.051025E-08
  3.031000E+03 -2.832183E-07  1.066423E-04 -2.724585E-08  1.923305E-04 -1.189020E-02  2.050912E-08  2.051132E-08
  3.032000E+03  9.958643E-08  1.063018E-04  4.680430E-07  1.929482E-04 -1.236563E-02  2.050916E-08  2.051083E-08
  3.033000E+03  1.971622E-07  1.064892E-04 -3.774051E-07  1.926055E-04 -7.038261E-03  2.050989E-08  2.051076E-08
  3.034000E+03 -2.512237E-07  1.065906E-04 -1.634819E-07  1.924220E-04 -1.324987E-02  2.050857E-08  2.051096E-08
  3.035000E+03  1.582118E-08  1.062781E-04  4.770517E-07  1.929896E-04 -1.079452E-02  2.050937E-08  2.051064E-08
  3.036000E+03  2.322295E-07  1.065710E-04 -2.390169E-07  1.924581E-04 -7.630464E-03  2.050986E-08  2.051099E-08
  3.037000E+03 -1.968728E-07  1.065187E-04 -2.765073E-07  1.925500E-04 -1.386784E-02  2.050822E-08  2.051059E-08
  3.038000E+03 -6.923859E-08  1.063011E-04  4.415670E-07  1.929444E-04 -9.139678E-03  2.050934E-08  2.051028E-08
  3.039000E+03  2.460435E-07  1.066314E-04 -7.843456E-08  1.923458E-04 -8.852729E-03  2.050931E-08  2.051081E-08
  3.040000E+03 -1.279457E-07  1.064441E-04 -3.683289E-07  1.926826E-04 -1.384365E-02  2.050797E-08  2.051019E-08
  3.041000E+03 -1.510525E-07  1.063613E-04  3.764259E-07  1.928304E-04 -7.995001E-03  2.050905E-08  2.050985E-08
  3.042000E+03  2.466875E-07  1.066601E-04  9.085759E-08  1.922821E-04 -1.051842E-02  2.050768E-08  2.050962E-08
  3.043000E+03 -4.562101E-08  1.063823E-04 -4.385160E-07  1.927886E-04 -1.328066E-02  2.050749E-08  2.050947E-08
  3.044000E+03 -2.243524E-07  1.064421E-04  2.790626E-07  1.926790E-04 -7.518820E-03  2.050858E-08  2.050942E-08
  3.045000E+03  2.280720E-07  1.066384E-04  2.535591E-07  1.923081E-04 -1.219588E-02  2.050592E-08  2.050819E-08
  3.046000E+03  4.636499E-08  1.063235E-04 -4.840834E-07  1.928844E-04 -1.212065E-02  2.050663E-08  2.050825E-08
  3.047000E+03 -2.870169E-07  1.065179E-04  1.464109E-07  1.925347E-04 -7.557521E-03  2.050780E-08  2.050882E-08
  3.048000E+03  1.875936E-07  1.065757E-04  4.139997E-07  1.924127E-04 -1.348042E-02  2.050465E-08  2.050710E-08
  3.049000E+03  1.476949E-07  1.062982E-04 -4.861798E-07  1.929181E-04 -1.065603E-02  2.050568E-08  2.050697E-08
  3.050000E+03 -3.256725E-07  1.065863E-04 -2.518951E-08  1.923991E-04 -8.304158E-03  2.050640E-08  2.050774E-08
  3.051000E+03  1.205795E-07  1.064952E-04  5.462435E-07  1.925543E-04 -1.403597E-02  2.050408E-08  2.050651E-08
  3.052000E+03  2.476401E-07  1.063148E-04 -4.453600E-07  1.928820E-04 -8.985377E-03  2.050538E-08  2.050636E-08
  3.053000E+03 -3.472312E-07  1.066369E-04 -2.124705E-07  1.922952E-04 -9.423256E-03  2.050486E-08  2.050658E-08
  3.054000E+03  3.590106E-08  1.064128E-04  6.679348E-07  1.927013E-04 -1.379102E-02  2.050393E-08  2.050617E-08
  3.055000E+03  3.514542E-07  1.063751E-04 -3.641720E-07  1.927727E-04 -7.687016E-03  2.050560E-08  2.050647E-08
  3.056000E+03 -3.505929E-07  1.066554E-04 -4.229371E-07  1.922554E-04 -1.098054E-02  2.050385E-08  2.050600E-08
  3.057000E+03 -7.138772E-08  1.063489E-04  7.667166E-07  1.928159E-04 -1.298548E-02  2.050403E-08  2.050601E-08
  3.058000E+03  4.463333E-07  1.064618E-04 -2.279791E-07  1.926195E-04 -7.165266E-03  2.050610E-08  2.050706E-08
  3.059000E+03 -3.206153E-07  1.066292E-04 -6.331428E-07  1.923052E-04 -1.260077E-02  2.050372E-08  2.050623E-08
  3.060000E+03 -1.977662E-07  1.063055E-04  8.094136E-07  1.928976E-04 -1.161522E-02  2.050469E-08  2.050633E-08
  3.061000E+03  5.170328E-07  1.065490E-04 -3.338493E-08  1.924667E-04 -7.418532E-03  2.050657E-08  2.050782E-08
  3.062000E+03 -2.510436E-07  1.065718E-04 -8.340540E-07  1.924199E-04 -1.378517E-02  2.050458E-08  2.050728E-08
  3.063000E+03 -3.326257E-07  1.062987E-04  7.838669E-07  1.929199E-04 -1.017152E-02  2.050606E-08  2.050743E-08
  3.064000E+03  5.599730E-07  1.066213E-04  2.017611E-07  1.923428E-04 -8.409726E-03  2.050711E-08  2.050877E-08
  3.065000E+03 -1.490907E-07  1.064950E-04 -1.007955E-06  1.925736E-04 -1.442237E-02  2.050601E-08  2.050874E-08
  3.066000E+03 -4.622833E-07  1.063298E-04  6.898787E-07  1.928759E-04 -8.904400E-03  2.050765E-08  2.050884E-08
  3.067000E+03  5.653229E-07  1.066661E-04  4.569210E-07  1.922702E-04 -9.943437E-03  2.050769E-08  2.050982E-08
  3.068000E+03 -1.550011E-08  1.064183E-04 -1.123685E-06  1.927263E-04 -1.417205E-02  2.050754E-08  2.051011E-08
  3.069000E+03 -5.761136E-07  1.063924E-04  5.205008E-07  1.927744E-04 -7.728876E-03  2.050911E-08  2.051022E-08
  3.070000E+03  5.272110E-07  1.066771E-04  7.176560E-07  1.922601E-04 -1.136722E-02  2.050842E-08  2.051093E-08
  3.071000E+03  1.378047E-07  1.063509E-04 -1.175855E-06  1.928601E-04 -1.324038E-02  2.050905E-08  2.051132E-08
  3.072000E+03 -6.663598E-07  1.064726E-04  2.904341E-07  1.926401E-04 -7.127917E-03  2.051036E-08  2.051156E-08
  3.073000E+03  4.508442E-07  1.066561E-04  9.678760E-07  1.923115E-04 -1.286882E-02  2.050949E-08  2.051235E-08
  3.074000E+03  2.954144E-07  1.063081E-04 -1.162460E-06  1.929485E-04 -1.191903E-02  2.051053E-08  2.051247E-08
  3.075000E+03 -7.251810E-07  1.065637E-04  3.237413E-08  1.924852E-04 -7.263842E-03  2.051140E-08  2.051286E-08
  3.076000E+03  3.432990E-07  1.065995E-04  1.173771E-06  1.924257E-04 -1.394623E-02  2.051050E-08  2.051351E-08
  3.077000E+03  4.445736E-07  1.062934E-04 -1.072542E-06  1.929781E-04 -1.005103E-02  2.051127E-08  2.051283E-08
  3.078000E+03 -7.417236E-07  1.066394E-04 -2.542235E-07  1.923506E-04 -7.876631E-03  2.051152E-08  2.051332E-08
  3.079000E+03  2.013131E-07  1.065087E-04  1.319666E-06  1.925955E-04 -1.437405E-02  2.051097E-08  2.051391E-08
  3.080000E+03  5.754560E-07  1.063158E-04 -9.027149E-07  1.929340E-04 -8.170066E-03  2.051126E-08  2.051251E-08
  3.081000E+03 -7.098937E-07  1.066932E-04 -5.414258E-07  1.922529E-04 -9.250043E-03  2.051120E-08  2.051344E-08
  3.082000E+03  4.079856E-08  1.064079E-04  1.389064E-06  1.927772E-04 -1.413127E-02  2.051097E-08  2.051369E-08
  3.083000E+03  6.821599E-07  1.063835E-04 -6.770107E-07  1.928060E-04 -6.739735E-03  2.051091E-08  2.051203E-08
  3.084000E+03 -6.408032E-07  1.067109E-04 -8.149884E-07  1.922194E-04 -1.116994E-02  2.051062E-08  2.051335E-08
  3.085000E+03 -1.219390E-07  1.063179E-04  1.387606E-06  1.929351E-04 -1.316824E-02  2.051068E-08  2.051304E-08
  3.086000E+03  7.493045E-07  1.064742E-04 -4.169656E-07  1.926365E-04 -6.123874E-03  2.051043E-08  2.051162E-08
  3.087000E+03 -5.398668E-07  1.066668E-04 -1.035098E-06  1.922967E-04 -1.305615E-02  2.050993E-08  2.051298E-08
  3.088000E+03 -2.736889E-07  1.062534E-04  1.322433E-06  1.930409E-04 -1.147830E-02  2.050990E-08  2.051181E-08
  3.089000E+03  7.800876E-07  1.065747E-04 -1.448183E-07  1.924485E-04 -6.503332E-03  2.050971E-08  2.051119E-08
  3.090000E+03 -4.175905E-07  1.065799E-04 -1.199566E-06  1.924497E-04 -1.457426E-02  2.050908E-08  2.051230E-08
  3.091000E+03 -4.044669E-07  1.062408E-04  1.198376E-06  1.930471E-04 -9.607099E-03  2.050853E-08  2.051003E-08
  3.092000E+03  7.734890E-07  1.066598E-04  1.230585E-07  1.922864E-04 -7.951903E-03  2.050858E-08  2.051051E-08
  3.093000E+03 -2.800251E-07  1.064687E-04 -1.303704E-06  1.926426E-04 -1.541451E-02  2.050796E-08  2.051118E-08
  3.094000E+03 -5.211438E-07  1.062782E-04  1.028394E-06  1.929619E-04 -7.930380E-03  2.050700E-08  2.050820E-08
  3.095000E+03  7.375611E-07  1.067091E-04  3.922016E-07  1.921865E-04 -9.856574E-03  2.050705E-08  2.050951E-08
  3.096000E+03 -1.326872E-07  1.063601E-04 -1.356793E-06  1.928246E-04 -1.497782E-02  2.050654E-08  2.050945E-08
  3.097000E+03 -6.136421E-07  1.063635E-04  8.153371E-07  1.927930E-04 -6.526529E-03  2.050571E-08  2.050677E-08
  3.098000E+03  6.739563E-07  1.067159E-04  6.361992E-07  1.921649E-04 -1.189150E-02  2.050560E-08  2.050853E-08
  3.099000E+03  1.519081E-08  1.062738E-04 -1.365256E-06  1.929648E-04 -1.368762E-02  2.050519E-08  2.050764E-08
  3.100000E+03 -6.826315E-07  1.064718E-04  5.831007E-07  1.925891E-04 -5.992847E-03  2.050493E-08  2.050609E-08
  3.101000E+03  5.918322E-07  1.066688E-04  8.468174E-07  1.922465E-04 -1.378386E-02  2.050475E-08  2.050801E-08
  3.102000E+03  1.500460E-07  1.062119E-04 -1.324968E-06  1.930647E-04 -1.175768E-02  2.050435E-08  2.050627E-08
  3.103000E+03 -7.181917E-07  1.065735E-04  3.459652E-07  1.924022E-04 -6.230088E-03  2.050458E-08  2.050599E-08
  3.104000E+03  4.876928E-07  1.065808E-04  1.001836E-06  1.924088E-04 -1.513670E-02  2.050474E-08  2.050810E-08
  3.105000E+03  2.717243E-07  1.061990E-04 -1.223195E-06  1.930827E-04 -9.707906E-03  2.050423E-08  2.050567E-08
  3.106000E+03 -7.208044E-07  1.066584E-04  1.036460E-07  1.922500E-04 -7.445651E-03  2.050451E-08  2.050632E-08
  3.107000E+03  3.680872E-07  1.064765E-04  1.112863E-06  1.926028E-04 -1.582022E-02  2.050511E-08  2.050841E-08
  3.108000E+03  3.778579E-07  1.062365E-04 -1.077011E-06  1.930146E-04 -7.975056E-03  2.050454E-08  2.050565E-08
  3.109000E+03 -6.945468E-07  1.067111E-04 -1.336544E-07  1.921620E-04 -9.212167E-03  2.050494E-08  2.050720E-08
  3.110000E+03  2.414686E-07  1.063744E-04  1.178117E-06  1.927922E-04 -1.553672E-02  2.050568E-08  2.050869E-08
  3.111000E+03  4.703300E-07  1.063161E-04 -9.055217E-07  1.928763E-04 -6.573986E-03  2.050542E-08  2.050634E-08
  3.112000E+03 -6.525024E-07  1.067336E-04 -3.585050E-07  1.921358E-04 -1.129794E-02  2.050603E-08  2.050878E-08
  3.113000E+03  1.114288E-07  1.062880E-04  1.207645E-06  1.929555E-04 -1.458631E-02  2.050667E-08  2.050929E-08
  3.114000E+03  5.436233E-07  1.064255E-04 -7.065964E-07  1.926905E-04 -5.821475E-03  2.050684E-08  2.050778E-08
  3.115000E+03 -5.865464E-07  1.067199E-04 -5.693013E-07  1.921813E-04 -1.335571E-02  2.050775E-08  2.051092E-08
  3.116000E+03 -2.134718E-08  1.062352E-04  1.196165E-06  1.930602E-04 -1.308671E-02  2.050803E-08  2.051019E-08
  3.117000E+03  5.998100E-07  1.065441E-04 -4.920025E-07  1.924909E-04 -5.993166E-03  2.050840E-08  2.050958E-08
  3.118000E+03 -5.042121E-07  1.066548E-04 -7.634822E-07  1.923205E-04 -1.507442E-02  2.050958E-08  2.051301E-08
  3.119000E+03 -1.530704E-07  1.062013E-04  1.143950E-06  1.931293E-04 -1.103170E-02  2.050932E-08  2.051095E-08
  3.120000E+03  6.343519E-07  1.066433E-04 -2.586838E-07  1.923242E-04 -6.701393E-03  2.050963E-08  2.051115E-08
  3.121000E+03 -4.021683E-07  1.065616E-04 -9.182382E-07  1.925058E-04 -1.598371E-02  2.051110E-08  2.051452E-08
  3.122000E+03 -2.741242E-07  1.062188E-04  1.047196E-06  1.931067E-04 -8.876546E-03  2.051076E-08  2.051194E-08
  3.123000E+03  6.411148E-07  1.067255E-04 -1.748178E-08  1.921895E-04 -8.230709E-03  2.051082E-08  2.051284E-08
  3.124000E+03 -2.829163E-07  1.064519E-04 -1.039737E-06  1.927146E-04 -1.622843E-02  2.051214E-08  2.051540E-08
  3.125000E+03 -3.903040E-07  1.062806E-04  9.115312E-07  1.930023E-04 -7.086851E-03  2.051189E-08  2.051279E-08
  3.126000E+03  6.235108E-07  1.067593E-04  2.372131E-07  1.921407E-04 -1.031311E-02  2.051171E-08  2.051424E-08
  3.127000E+03 -1.503948E-07  1.063286E-04 -1.120222E-06  1.929397E-04 -1.533794E-02  2.051259E-08  2.051541E-08
  3.128000E+03 -4.916075E-07  1.063733E-04  7.355148E-07  1.928343E-04 -5.638077E-03  2.051210E-08  2.051288E-08
  3.129000E+03  5.787857E-07  1.067481E-04  4.886558E-07  1.921695E-04 -1.238067E-02  2.051215E-08  2.051511E-08
  3.130000E+03 -4.027843E-09  1.062306E-04 -1.151747E-06  1.931120E-04 -1.359004E-02  2.051250E-08  2.051476E-08
  3.131000E+03 -5.737591E-07  1.064928E-04  5.078196E-07  1.926127E-04 -5.120845E-03  2.051160E-08  2.051252E-08
  3.132000E+03  4.974200E-07  1.066861E-04  7.273825E-07  1.922852E-04 -1.439948E-02  2.051204E-08  2.051532E-08
  3.133000E+03  1.500021E-07  1.061788E-04 -1.116507E-06  1.931972E-04 -1.131693E-02  2.051213E-08  2.051382E-08
  3.134000E+03 -6.244520E-07  1.066157E-04  2.357054E-07  1.923851E-04 -5.825479E-03  2.051094E-08  2.051224E-08
  3.135000E+03  3.778883E-07  1.065773E-04  9.265207E-07  1.924801E-04 -1.584280E-02  2.051144E-08  2.051484E-08
  3.136000E+03  2.996870E-07  1.061863E-04 -1.002399E-06  1.931710E-04 -8.735528E-03  2.051132E-08  2.051247E-08
  3.137000E+03 -6.345250E-07  1.067195E-04 -6.293047E-08  1.921932E-04 -7.433771E-03  2.051020E-08  2.051207E-08
  3.138000E+03  2.355915E-07  1.064472E-04  1.067246E-06  1.927064E-04 -1.613771E-02  2.051039E-08  2.051361E-08
  3.139000E+03  4.294867E-07  1.062584E-04 -8.345587E-07  1.930223E-04 -6.501583E-03  2.050981E-08  2.051061E-08
  3.140000E+03 -6.091682E-07  1.067754E-04 -3.457650E-07  1.920852E-04 -9.847060E-03  2.050898E-08  2.051150E-08
  3.141000E+03  8.932703E-08  1.063228E-04  1.145408E-06  1.929165E-04 -1.538924E-02  2.050900E-08  2.051184E-08
  3.142000E+03  5.328105E-07  1.063787E-04 -6.324144E-07  1.927835E-04 -5.227721E-03  2.050777E-08  2.050853E-08
  3.143000E+03 -5.514541E-07  1.067754E-04 -6.063612E-07  1.920758E-04 -1.252552E-02  2.050736E-08  2.051052E-08
  3.144000E+03 -5.945088E-08  1.062305E-04  1.155307E-06  1.930679E-04 -1.381857E-02  2.050773E-08  2.051006E-08
  3.145000E+03  6.076709E-07  1.065068E-04 -3.981130E-07  1.925361E-04 -5.021671E-03  2.050615E-08  2.050713E-08
  3.146000E+03 -4.687327E-07  1.066999E-04 -8.275028E-07  1.922022E-04 -1.475819E-02  2.050571E-08  2.050922E-08
  3.147000E+03 -2.004691E-07  1.061736E-04  1.111169E-06  1.931531E-04 -1.150349E-02  2.050639E-08  2.050813E-08
  3.148000E+03  6.491904E-07  1.066245E-04 -1.484776E-07  1.923136E-04 -5.851118E-03  2.050498E-08  2.050638E-08
  3.149000E+03 -3.622603E-07  1.065834E-04 -9.979140E-07  1.924061E-04 -1.622741E-02  2.050459E-08  2.050821E-08
  3.150000E+03 -3.300918E-07  1.061751E-04  1.008879E-06  1.931338E-04 -9.066223E-03  2.050516E-08  2.050638E-08
  3.151000E+03  6.564226E-07  1.067162E-04  1.040916E-07  1.921426E-04 -7.450896E-03  2.050416E-08  2.050611E-08
  3.152000E+03 -2.420482E-07  1.064528E-04 -1.113942E-06  1.926404E-04 -1.646033E-02  2.050435E-08  2.050775E-08
  3.153000E+03 -4.418169E-07  1.062372E-04  8.716124E-07  1.930110E-04 -6.757011E-03  2.050449E-08  2.050535E-08
  3.154000E+03  6.434002E-07  1.067697E-04  3.468430E-07  1.920479E-04 -9.544997E-03  2.050397E-08  2.050650E-08
  3.155000E+03 -1.188772E-07  1.063347E-04 -1.199256E-06  1.928561E-04 -1.569408E-02  2.050477E-08  2.050777E-08
  3.156000E+03 -5.446748E-07  1.063459E-04  7.122520E-07  1.928133E-04 -5.295093E-03  2.050462E-08  2.050540E-08
  3.157000E+03  6.077206E-07  1.067768E-04  5.805835E-07  1.920457E-04 -1.192053E-02  2.050457E-08  2.050766E-08
  3.158000E+03  9.360851E-09  1.062493E-04 -1.242419E-06  1.930158E-04 -1.421588E-02  2.050573E-08  2.050823E-08
  3.159000E+03 -6.238988E-07  1.064676E-04  5.172590E-07  1.925988E-04 -4.918964E-03  2.050530E-08  2.050623E-08
  3.160000E+03  5.420084E-07  1.067275E-04  7.961119E-07  1.921512E-04 -1.395917E-02  2.050582E-08  2.050925E-08
  3.161000E+03  1.473886E-07  1.062016E-04 -1.220931E-06  1.931104E-04 -1.222200E-02  2.050709E-08  2.050905E-08
  3.162000E+03 -6.757685E-07  1.065890E-04  2.809321E-07  1.923913E-04 -5.513358E-03  2.050649E-08  2.050778E-08
  3.163000E+03  4.456382E-07  1.066397E-04  9.861265E-07  1.923313E-04 -1.553772E-02  2.050767E-08  2.051126E-08
  3.164000E+03  2.876508E-07  1.061985E-04 -1.144244E-06  1.931257E-04 -1.007262E-02  2.050862E-08  2.051010E-08
  3.165000E+03 -7.010839E-07  1.066888E-04  2.201759E-08  1.922276E-04 -7.013519E-03  2.050802E-08  2.050982E-08
  3.166000E+03  3.239697E-07  1.065323E-04  1.141823E-06  1.925452E-04 -1.637294E-02  2.050953E-08  2.051310E-08
  3.167000E+03  4.195246E-07  1.062409E-04 -1.009025E-06  1.930587E-04 -8.151300E-03  2.051005E-08  2.051117E-08
  3.168000E+03 -6.910075E-07  1.067579E-04 -2.544318E-07  1.921221E-04 -8.864661E-03  2.050975E-08  2.051209E-08
  3.169000E+03  1.809815E-07  1.064226E-04  1.242157E-06  1.927593E-04 -1.609872E-02  2.051128E-08  2.051454E-08
  3.170000E+03  5.311424E-07  1.063193E-04 -8.206073E-07  1.929262E-04 -6.408681E-03  2.051135E-08  2.051226E-08
  3.171000E+03 -6.465752E-07  1.067853E-04 -5.212181E-07  1.920941E-04 -1.088873E-02  2.051162E-08  2.051446E-08
  3.172000E+03  2.732291E-08  1.063215E-04  1.283657E-06  1.929524E-04 -1.505380E-02  2.051267E-08  2.051548E-08
  3.173000E+03  6.196252E-07  1.064250E-04 -5.931410E-07  1.927419E-04 -5.459568E-03  2.051224E-08  2.051315E-08
  3.174000E+03 -5.679252E-07  1.067697E-04 -7.649176E-07  1.921410E-04 -1.303630E-02  2.051309E-08  2.051637E-08
  3.175000E+03 -1.259814E-07  1.062472E-04  1.255215E-06  1.930898E-04 -1.339570E-02  2.051341E-08  2.051570E-08
  3.176000E+03  6.745979E-07  1.065427E-04 -3.347591E-07  1.925308E-04 -5.219114E-03  2.051249E-08  2.051360E-08
  3.177000E+03 -4.563503E-07  1.067055E-04 -9.735218E-07  1.922669E-04 -1.463800E-02  2.051373E-08  2.051722E-08
  3.178000E+03 -2.777612E-07  1.062037E-04  1.160460E-06  1.931635E-04 -1.103715E-02  2.051343E-08  2.051512E-08
  3.179000E+03  6.943161E-07  1.066503E-04 -4.337964E-08  1.923386E-04 -5.739001E-03  2.051263E-08  2.051409E-08
  3.180000E+03 -3.150283E-07  1.066042E-04 -1.129202E-06  1.924550E-04 -1.572331E-02  2.051398E-08  2.051747E-08
  3.181000E+03 -4.157479E-07  1.062078E-04  9.948788E-07  1.931502E-04 -8.655213E-03  2.051329E-08  2.051449E-08
  3.182000E+03  6.687770E-07  1.067393E-04  2.569114E-07  1.921807E-04 -7.161800E-03  2.051271E-08  2.051464E-08
  3.183000E+03 -1.575290E-07  1.064833E-04 -1.212899E-06  1.926695E-04 -1.605256E-02  2.051344E-08  2.051676E-08
  3.184000E+03 -5.247632E-07  1.062670E-04  7.777487E-07  1.930316E-04 -6.647982E-03  2.051244E-08  2.051332E-08
  3.185000E+03  6.024856E-07  1.067882E-04  5.285169E-07  1.920912E-04 -9.383952E-03  2.051217E-08  2.051466E-08
  3.186000E+03  1.663885E-09  1.063511E-04 -1.210973E-06  1.928938E-04 -1.545503E-02  2.051202E-08  2.051493E-08
  3.187000E+03 -5.908227E-07  1.063575E-04  5.218933E-07  1.928519E-04 -5.212928E-03  2.051098E-08  2.051172E-08
  3.188000E+03  4.999455E-07  1.067757E-04  7.502274E-07  1.921093E-04 -1.183657E-02  2.051116E-08  2.051411E-08
  3.189000E+03  1.529720E-07  1.062430E-04 -1.133903E-06  1.930694E-04 -1.399038E-02  2.051026E-08  2.051265E-08
  3.190000E+03 -6.153178E-07  1.064742E-04  2.406670E-07  1.926270E-04 -4.856278E-03  2.050956E-08  2.051042E-08
  3.191000E+03  3.707773E-07  1.067139E-04  9.066026E-07  1.922122E-04 -1.414681E-02  2.050965E-08  2.051296E-08
  3.192000E+03  2.842372E-07  1.061808E-04 -9.948768E-07  1.931586E-04 -1.212502E-02  2.050822E-08  2.051008E-08
  3.193000E+03 -6.010452E-07  1.065896E-04 -3.717227E-08  1.924058E-04 -5.645224E-03  2.050813E-08  2.050932E-08
  3.194000E+03  2.319371E-07  1.066148E-04  1.004157E-06  1.923798E-04 -1.583033E-02  2.050797E-08  2.051145E-08
  3.195000E+03  3.915725E-07  1.061725E-04 -8.171997E-07  1.931513E-04 -9.943957E-03  2.050635E-08  2.050769E-08
  3.196000E+03 -5.553616E-07  1.066851E-04 -2.925301E-07  1.922212E-04 -6.916795E-03  2.050664E-08  2.050827E-08
  3.197000E+03  8.916341E-08  1.065058E-04  1.035157E-06  1.925642E-04 -1.640335E-02  2.050644E-08  2.050982E-08
  3.198000E+03  4.656747E-07  1.062161E-04 -5.989654E-07  1.930589E-04 -7.864345E-03  2.050533E-08  2.050626E-08
  3.199000E+03 -4.821468E-07  1.067478E-04 -5.078038E-07  1.921019E-04 -8.725374E-03  2.050568E-08  2.050783E-08
  3.200000E+03 -4.600770E-08  1.063964E-04  1.009415E-06  1.927526E-04 -1.615510E-02  2.050551E-08  2.050860E-08
  3.201000E+03  5.077807E-07  1.062894E-04 -3.667454E-07  1.929209E-04 -6.309582E-03  2.050503E-08  2.050574E-08
  3.202000E+03 -3.885660E-07  1.067568E-04 -6.704442E-07  1.920857E-04 -1.068907E-02  2.050529E-08  2.050784E-08
  3.203000E+03 -1.641369E-07  1.062938E-04  9.280808E-07  1.929297E-04 -1.503912E-02  2.050491E-08  2.050752E-08
  3.204000E+03  5.149232E-07  1.063817E-04 -1.316030E-07  1.927513E-04 -5.451542E-03  2.050490E-08  2.050558E-08
  3.205000E+03 -2.765442E-07  1.067254E-04 -7.853526E-07  1.921476E-04 -1.269448E-02  2.050536E-08  2.050825E-08
  3.206000E+03 -2.666021E-07  1.062222E-04  7.931900E-07  1.930546E-04 -1.349636E-02  2.050481E-08  2.050691E-08
  3.207000E+03  4.937496E-07  1.064853E-04  9.817150E-08  1.925668E-04 -5.497268E-03  2.050522E-08  2.050605E-08
  3.208000E+03 -1.536879E-07  1.066667E-04 -8.504660E-07  1.922643E-04 -1.443034E-02  2.050606E-08  2.050919E-08
  3.209000E+03 -3.522279E-07  1.061875E-04  6.196013E-07  1.931212E-04 -1.167710E-02  2.050566E-08  2.050728E-08
  3.210000E+03  4.476041E-07  1.065872E-04  3.101011E-07  1.923954E-04 -6.096908E-03  2.050651E-08  2.050764E-08
  3.211000E+03 -3.259542E-08  1.065938E-04 -8.745955E-07  1.924135E-04 -1.556094E-02  2.050761E-08  2.051084E-08
  3.212000E+03 -4.136069E-07  1.061956E-04  4.309122E-07  1.931179E-04 -9.887840E-03  2.050727E-08  2.050848E-08
  3.213000E+03  3.818323E-07  1.066746E-04  4.911456E-07  1.922565E-04 -7.287512E-03  2.050834E-08  2.050987E-08
  3.214000E+03  8.875421E-08  1.065137E-04 -8.472844E-07  1.925765E-04 -1.607560E-02  2.050938E-08  2.051256E-08
  3.215000E+03 -4.532748E-07  1.062409E-04  2.171587E-07  1.930494E-04 -8.275755E-03  2.050904E-08  2.050995E-08
  3.216000E+03  3.005452E-07  1.067419E-04  6.493309E-07  1.921548E-04 -8.941630E-03  2.051014E-08  2.051218E-08
  3.217000E+03  2.020066E-07  1.064282E-04 -7.843341E-07  1.927471E-04 -1.608455E-02  2.051108E-08  2.051410E-08
  3.218000E+03 -4.734663E-07  1.063030E-04  1.035234E-08  1.929500E-04 -6.968526E-03  2.051068E-08  2.051141E-08
  3.219000E+03  2.074162E-07  1.067616E-04  7.770692E-07  1.921378E-04 -1.069849E-02  2.051177E-08  2.051422E-08
  3.220000E+03  3.041367E-07  1.063350E-04 -6.834672E-07  1.929262E-04 -1.523448E-02  2.051244E-08  2.051508E-08
  3.221000E+03 -4.637155E-07  1.063904E-04 -2.000165E-07  1.928031E-04 -5.900120E-03  2.051204E-08  2.051271E-08
  3.222000E+03  9.804709E-08  1.067561E-04  8.520644E-07  1.921672E-04 -1.256029E-02  2.051341E-08  2.051627E-08
  3.223000E+03  3.880227E-07  1.062594E-04 -5.341800E-07  1.930690E-04 -1.392611E-02  2.051341E-08  2.051562E-08
  3.224000E+03 -4.298111E-07  1.064962E-04 -4.030352E-07  1.926195E-04 -5.573126E-03  2.051292E-08  2.051373E-08
  3.225000E+03 -1.795494E-08  1.067128E-04  8.859074E-07  1.922617E-04 -1.440704E-02  2.051465E-08  2.051785E-08
  3.226000E+03  4.526106E-07  1.062007E-04 -3.583074E-07  1.931772E-04 -1.213952E-02  2.051405E-08  2.051579E-08
  3.227000E+03 -3.727093E-07  1.065943E-04 -5.882034E-07  1.924490E-04 -5.744219E-03  2.051362E-08  2.051469E-08
  3.228000E+03 -1.408749E-07  1.066267E-04  8.740163E-07  1.924249E-04 -1.555586E-02  2.051516E-08  2.051844E-08
  3.229000E+03  4.981062E-07  1.061845E-04 -1.460159E-07  1.932015E-04 -9.841704E-03  2.051400E-08  2.051523E-08
  3.230000E+03 -2.893596E-07  1.066867E-04 -7.646594E-07  1.922844E-04 -6.707977E-03  2.051372E-08  2.051521E-08
  3.231000E+03 -2.673771E-07  1.065158E-04  8.124119E-07  1.926227E-04 -1.615822E-02  2.051467E-08  2.051790E-08
  3.232000E+03  5.203559E-07  1.062137E-04  9.471288E-08  1.931341E-04 -7.703104E-03  2.051287E-08  2.051373E-08
  3.233000E+03 -1.767998E-07  1.067500E-04 -9.057551E-07  1.921678E-04 -8.505648E-03  2.051316E-08  2.051517E-08
  3.234000E+03 -3.859522E-07  1.063960E-04  6.844683E-07  1.928280E-04 -1.600772E-02  2.051350E-08  2.051650E-08
  3.235000E+03  5.063701E-07  1.062890E-04  3.523536E-07  1.929802E-04 -6.101106E-03  2.051128E-08  2.051195E-08
  3.236000E+03 -3.863027E-08  1.067684E-04 -9.934126E-07  1.921289E-04 -1.062602E-02  2.051213E-08  2.051465E-08
  3.237000E+03 -4.864940E-07  1.062941E-04  4.913346E-07  1.929957E-04 -1.482642E-02  2.051205E-08  2.051460E-08
  3.238000E+03  4.551246E-07  1.064002E-04  5.999796E-07  1.927658E-04 -5.119765E-03  2.051006E-08  2.051074E-08
  3.239000E+03  1.054942E-07  1.067460E-04 -1.012057E-06  1.921635E-04 -1.276849E-02  2.051102E-08  2.051399E-08
  3.240000E+03 -5.495463E-07  1.062239E-04  2.617375E-07  1.931026E-04 -1.309358E-02  2.051035E-08  2.051240E-08
  3.241000E+03  3.686656E-07  1.065261E-04  7.992380E-07  1.925257E-04 -5.114274E-03  2.050873E-08  2.050967E-08
  3.242000E+03  2.412563E-07  1.066866E-04 -9.510103E-07  1.922609E-04 -1.470172E-02  2.050945E-08  2.051278E-08
  3.243000E+03 -5.754984E-07  1.061961E-04  3.200338E-09  1.931273E-04 -1.112991E-02  2.050809E-08  2.050967E-08
  3.244000E+03  2.502993E-07  1.066405E-04  9.494126E-07  1.923041E-04 -6.044751E-03  2.050704E-08  2.050841E-08
  3.245000E+03  3.633218E-07  1.065881E-04 -8.161330E-07  1.924270E-04 -1.602203E-02  2.050780E-08  2.051125E-08
  3.246000E+03 -5.578875E-07  1.061920E-04 -2.577599E-07  1.931096E-04 -9.058094E-03  2.050584E-08  2.050699E-08
  3.247000E+03  1.116806E-07  1.067160E-04  1.027514E-06  1.921546E-04 -7.505808E-03  2.050539E-08  2.050723E-08
  3.248000E+03  4.575069E-07  1.064695E-04 -6.144079E-07  1.926327E-04 -1.643314E-02  2.050673E-08  2.051004E-08
  3.249000E+03 -4.976859E-07  1.062354E-04 -5.038883E-07  1.930157E-04 -7.257420E-03  2.050455E-08  2.050539E-08
  3.250000E+03 -3.448645E-08  1.067567E-04  1.030306E-06  1.920760E-04 -9.488473E-03  2.050448E-08  2.050682E-08
  3.251000E+03  5.177091E-07  1.063568E-04 -3.731017E-07  1.928305E-04 -1.585243E-02  2.050626E-08  2.050920E-08
  3.252000E+03 -4.055090E-07  1.063176E-04 -6.985524E-07  1.928610E-04 -5.749516E-03  2.050417E-08  2.050485E-08
  3.253000E+03 -1.693815E-07  1.067634E-04  9.572896E-07  1.920666E-04 -1.146654E-02  2.050435E-08  2.050713E-08
  3.254000E+03  5.368647E-07  1.062653E-04 -1.221751E-07  1.929895E-04 -1.444139E-02  2.050594E-08  2.050836E-08
  3.255000E+03 -2.918390E-07  1.064339E-04 -8.319078E-07  1.926516E-04 -5.007497E-03  2.050440E-08  2.050513E-08
  3.256000E+03 -2.815771E-07  1.067329E-04  8.299420E-07  1.921347E-04 -1.347468E-02  2.050524E-08  2.050838E-08
  3.257000E+03  5.210801E-07  1.062095E-04  1.201387E-07  1.930871E-04 -1.260458E-02  2.050606E-08  2.050794E-08
  3.258000E+03 -1.667948E-07  1.065593E-04 -9.053717E-07  1.924314E-04 -5.235766E-03  2.050506E-08  2.050607E-08
  3.259000E+03 -3.726321E-07  1.066625E-04  6.545527E-07  1.922817E-04 -1.515815E-02  2.050690E-08  2.051024E-08
  3.260000E+03  4.757997E-07  1.061864E-04  3.510292E-07  1.931277E-04 -1.047369E-02  2.050641E-08  2.050777E-08
  3.261000E+03 -2.960401E-08  1.066674E-04 -9.315350E-07  1.922451E-04 -6.285187E-03  2.050588E-08  2.050731E-08
  3.262000E+03 -4.456224E-07  1.065651E-04  4.378731E-07  1.924786E-04 -1.616873E-02  2.050882E-08  2.051218E-08
  3.263000E+03  4.037775E-07  1.062087E-04  5.581527E-07  1.930941E-04 -8.457223E-03  2.050754E-08  2.050851E-08
  3.264000E+03  1.039534E-07  1.067494E-04 -9.085677E-07  1.921138E-04 -8.097232E-03  2.050736E-08  2.050934E-08
  3.265000E+03 -4.900965E-07  1.064527E-04  2.080043E-07  1.927016E-04 -1.645812E-02  2.051083E-08  2.051404E-08
  3.266000E+03  3.129639E-07  1.062763E-04  7.215607E-07  1.929844E-04 -6.835346E-03  2.050918E-08  2.050991E-08
  3.267000E+03  2.276082E-07  1.067919E-04 -8.320988E-07  1.920608E-04 -1.036245E-02  2.050944E-08  2.051200E-08
  3.268000E+03 -5.060061E-07  1.063460E-04 -3.319608E-08  1.929067E-04 -1.571857E-02  2.051231E-08  2.051514E-08
  3.269000E+03  2.012067E-07  1.063804E-04  8.435874E-07  1.928078E-04 -5.508080E-03  2.051067E-08  2.051132E-08
  3.270000E+03  3.365120E-07  1.067881E-04 -6.972369E-07  1.920933E-04 -1.246589E-02  2.051169E-08  2.051469E-08
  3.271000E+03 -4.848252E-07  1.062562E-04 -2.602325E-07  1.930737E-04 -1.410045E-02  2.051323E-08  2.051551E-08
  3.272000E+03  8.047910E-08  1.065046E-04  9.053726E-07  1.925927E-04 -5.013548E-03  2.051176E-08  2.051255E-08
  3.273000E+03  4.193323E-07  1.067383E-04 -5.241887E-07  1.922046E-04 -1.451188E-02  2.051344E-08  2.051679E-08
  3.274000E+03 -4.344567E-07  1.062033E-04 -4.648863E-07  1.931687E-04 -1.201021E-02  2.051366E-08  2.051538E-08
  3.275000E+03 -4.461599E-08  1.066329E-04  9.130390E-07  1.923685E-04 -5.531801E-03  2.051250E-08  2.051367E-08
  3.276000E+03  4.779581E-07  1.066454E-04 -3.223373E-07  1.923851E-04 -1.593174E-02  2.051438E-08  2.051785E-08
  3.277000E+03 -3.654488E-07  1.061925E-04 -6.453378E-07  1.931801E-04 -9.400609E-03  2.051338E-08  2.051452E-08
  3.278000E+03 -1.663505E-07  1.067350E-04  8.856389E-07  1.921913E-04 -6.671511E-03  2.051307E-08  2.051473E-08
  3.279000E+03  5.168988E-07  1.065191E-04 -1.127044E-07  1.926180E-04 -1.643755E-02  2.051472E-08  2.051804E-08
  3.280000E+03 -2.807489E-07  1.062292E-04 -7.996221E-07  1.931028E-04 -6.975559E-03  2.051265E-08  2.051339E-08
  3.281000E+03 -2.851300E-07  1.068017E-04  8.156168E-07  1.920757E-04 -8.576359E-03  2.051326E-08  2.051549E-08
  3.282000E+03  5.318174E-07  1.063901E-04  1.105500E-07  1.928461E-04 -1.609233E-02  2.051426E-08  2.051727E-08
  3.283000E+03 -1.755856E-07  1.063156E-04 -9.195148E-07  1.929337E-04 -5.209613E-03  2.051159E-08  2.051217E-08
  3.284000E+03 -3.915493E-07  1.068192E-04  6.923684E-07  1.920423E-04 -1.097439E-02  2.051256E-08  2.051537E-08
  3.285000E+03  5.134780E-07  1.062768E-04  3.358483E-07  1.930351E-04 -1.489215E-02  2.051289E-08  2.051544E-08
  3.286000E+03 -5.252108E-08  1.064274E-04 -9.854449E-07  1.927188E-04 -4.389950E-03  2.051037E-08  2.051101E-08
  3.287000E+03 -4.761685E-07  1.067701E-04  5.141585E-07  1.921211E-04 -1.333029E-02  2.051097E-08  2.051418E-08
  3.288000E+03  4.635131E-07  1.061859E-04  5.494240E-07  1.931722E-04 -1.290797E-02  2.051045E-08  2.051244E-08
  3.289000E+03  8.032683E-08  1.065512E-04 -9.992077E-07  1.924813E-04 -4.530056E-03  2.050891E-08  2.050983E-08
  3.290000E+03 -5.400947E-07  1.066796E-04  3.030463E-07  1.922736E-04 -1.544297E-02  2.050921E-08  2.051273E-08
  3.291000E+03  3.842970E-07  1.061419E-04  7.495166E-07  1.932242E-04 -1.063385E-02  2.050803E-08  2.050950E-08
  3.292000E+03  2.155385E-07  1.066703E-04 -9.519172E-07  1.922549E-04 -5.747656E-03  2.050754E-08  2.050896E-08
  3.293000E+03 -5.740098E-07  1.065606E-04  7.139180E-08  1.924804E-04 -1.703046E-02  2.050786E-08  2.051157E-08
  3.294000E+03  2.815931E-07  1.061487E-04  9.075436E-07  1.931907E-04 -8.361817E-03  2.050623E-08  2.050725E-08
  3.295000E+03  3.341572E-07  1.067643E-04 -8.474771E-07  1.920764E-04 -7.583546E-03  2.050631E-08  2.050835E-08
  3.296000E+03 -5.743834E-07  1.064301E-04 -1.642994E-07  1.927050E-04 -1.731926E-02  2.050653E-08  2.051009E-08
  3.297000E+03  1.606288E-07  1.062158E-04  1.011218E-06  1.930530E-04 -6.145648E-03  2.050489E-08  2.050558E-08
  3.298000E+03  4.357497E-07  1.068179E-04 -6.950839E-07  1.919756E-04 -9.858102E-03  2.050543E-08  2.050811E-08
  3.299000E+03 -5.417007E-07  1.063056E-04 -3.939602E-07  1.929167E-04 -1.658458E-02  2.050531E-08  2.050848E-08
  3.300000E+03  3.309293E-08  1.063245E-04  1.054144E-06  1.928478E-04 -4.609590E-03  2.050423E-08  2.050481E-08
  3.301000E+03  5.107837E-07  1.068159E-04 -5.105043E-07  1.919811E-04 -1.239747E-02  2.050506E-08  2.050832E-08
  3.302000E+03 -4.758453E-07  1.061866E-04 -6.018794E-07  1.931203E-04 -1.490654E-02  2.050452E-08  2.050710E-08
  3.303000E+03 -9.430844E-08  1.064527E-04  1.033309E-06  1.926140E-04 -3.835934E-03  2.050412E-08  2.050482E-08
  3.304000E+03  5.579118E-07  1.067572E-04 -2.991643E-07  1.920919E-04 -1.481363E-02  2.050494E-08  2.050861E-08
  3.305000E+03 -3.898544E-07  1.061079E-04 -7.759659E-07  1.932548E-04 -1.256897E-02  2.050424E-08  2.050619E-08
  3.306000E+03 -2.158176E-07  1.065917E-04  9.679335E-07  1.923674E-04 -4.261916E-03  2.050458E-08  2.050563E-08
  3.307000E+03  5.811540E-07  1.066552E-04 -7.895201E-08  1.922846E-04 -1.681200E-02  2.050524E-08  2.050918E-08
  3.308000E+03 -2.880672E-07  1.060887E-04 -9.172316E-07  1.932913E-04 -1.002059E-02  2.050498E-08  2.050636E-08
  3.309000E+03 -3.234417E-07  1.067150E-04  8.664847E-07  1.921599E-04 -5.679501E-03  2.050601E-08  2.050760E-08
  3.310000E+03  5.794086E-07  1.065283E-04  1.347373E-07  1.925261E-04 -1.778393E-02  2.050623E-08  2.051015E-08
  3.311000E+03 -1.826451E-07  1.061325E-04 -1.001238E-06  1.932218E-04 -7.437789E-03  2.050654E-08  2.050743E-08
  3.312000E+03 -4.087748E-07  1.068121E-04  7.320975E-07  1.920040E-04 -7.964221E-03  2.050771E-08  2.050999E-08
  3.313000E+03  5.509037E-07  1.063886E-04  3.382470E-07  1.927902E-04 -1.778890E-02  2.050744E-08  2.051111E-08
  3.314000E+03 -7.283437E-08  1.062351E-04 -1.047548E-06  1.930491E-04 -5.274310E-03  2.050832E-08  2.050891E-08
  3.315000E+03 -4.797335E-07  1.068629E-04  5.782994E-07  1.919346E-04 -1.076356E-02  2.050951E-08  2.051253E-08
  3.316000E+03  5.030653E-07  1.062662E-04  5.186083E-07  1.930226E-04 -1.679256E-02  2.050888E-08  2.051209E-08
  3.317000E+03  2.976155E-08  1.063739E-04 -1.044392E-06  1.928137E-04 -4.087140E-03  2.051017E-08  2.051074E-08
  3.318000E+03 -5.268655E-07  1.068435E-04  4.167515E-07  1.919911E-04 -1.357518E-02  2.051111E-08  2.051472E-08
  3.319000E+03  4.423321E-07  1.061576E-04  6.701492E-07  1.932286E-04 -1.476560E-02  2.051046E-08  2.051301E-08
  3.320000E+03  1.271071E-07  1.065216E-04 -1.011369E-06  1.925626E-04 -3.668015E-03  2.051194E-08  2.051272E-08
  3.321000E+03 -5.612028E-07  1.067687E-04  2.376192E-07  1.921436E-04 -1.588613E-02  2.051233E-08  2.051630E-08
  3.322000E+03  3.647193E-07  1.061018E-04  8.108473E-07  1.933367E-04 -1.203174E-02  2.051189E-08  2.051372E-08
  3.323000E+03  2.255815E-07  1.066732E-04 -9.456826E-07  1.923019E-04 -4.486609E-03  2.051326E-08  2.051451E-08
  3.324000E+03 -5.749902E-07  1.066478E-04  5.317395E-08  1.923720E-04 -1.764430E-02  2.051287E-08  2.051701E-08
  3.325000E+03  2.797563E-07  1.061056E-04  9.180149E-07  1.933321E-04 -9.142161E-03  2.051277E-08  2.051398E-08
  3.326000E+03  3.172326E-07  1.067861E-04 -8.540890E-07  1.921071E-04 -6.393255E-03  2.051396E-08  2.051583E-08
  3.327000E+03 -5.708681E-07  1.064841E-04 -1.401066E-07  1.926689E-04 -1.811594E-02  2.051282E-08  2.051673E-08
  3.328000E+03  1.867098E-07  1.061665E-04  1.002331E-06  1.932216E-04 -6.193139E-03  2.051327E-08  2.051398E-08
  3.329000E+03  4.083466E-07  1.068528E-04 -7.431406E-07  1.919899E-04 -8.835392E-03  2.051386E-08  2.051640E-08
  3.330000E+03 -5.573820E-07  1.063219E-04 -3.444623E-07  1.929562E-04 -1.740325E-02  2.051236E-08  2.051582E-08
  3.331000E+03  8.289212E-08  1.062837E-04  1.074081E-06  1.930059E-04 -4.089567E-03  2.051320E-08  2.051371E-08
  3.332000E+03  4.943622E-07  1.068558E-04 -6.032697E-07  1.919792E-04 -1.173461E-02  2.051269E-08  2.051588E-08
  3.333000E+03 -5.209710E-07  1.061890E-04 -5.539107E-07  1.931818E-04 -1.562832E-02  2.051127E-08  2.051411E-08
  3.334000E+03 -3.548888E-08  1.064333E-04  1.102771E-06  1.927245E-04 -3.303501E-03  2.051220E-08  2.051282E-08
  3.335000E+03  5.626964E-07  1.067949E-04 -4.179570E-07  1.920813E-04 -1.454489E-02  2.051114E-08  2.051485E-08
  3.336000E+03 -4.572926E-07  1.061047E-04 -7.534686E-07  1.933173E-04 -1.293470E-02  2.051016E-08  2.051227E-08
  3.337000E+03 -1.662249E-07  1.065944E-04  1.083974E-06  1.924201E-04 -3.606767E-03  2.051078E-08  2.051179E-08
  3.338000E+03  6.076679E-07  1.066855E-04 -1.897693E-07  1.922700E-04 -1.658313E-02  2.050959E-08  2.051355E-08
  3.339000E+03 -3.656839E-07  1.060889E-04 -9.261802E-07  1.933293E-04 -9.880719E-03  2.050909E-08  2.051050E-08
  3.340000E+03 -2.911892E-07  1.067345E-04  9.978566E-07  1.921520E-04 -5.217336E-03  2.050896E-08  2.051059E-08
  3.341000E+03  6.157685E-07  1.065452E-04  5.566079E-08  1.925116E-04 -1.767086E-02  2.050799E-08  2.051193E-08
  3.342000E+03 -2.475768E-07  1.061452E-04 -1.052033E-06  1.932110E-04 -7.148381E-03  2.050790E-08  2.050880E-08
  3.343000E+03 -4.061266E-07  1.068326E-04  8.519010E-07  1.919602E-04 -7.821402E-03  2.050698E-08  2.050939E-08
  3.344000E+03  5.925949E-07  1.063941E-04  3.138530E-07  1.927705E-04 -1.770119E-02  2.050643E-08  2.051012E-08
  3.345000E+03 -1.034277E-07  1.062455E-04 -1.127189E-06  1.930136E-04 -5.016995E-03  2.050657E-08  2.050719E-08
  3.346000E+03 -5.029883E-07  1.068538E-04  6.358033E-07  1.919120E-04 -1.082108E-02  2.050533E-08  2.050841E-08
  3.347000E+03  5.273502E-07  1.062448E-04  5.732806E-07  1.930254E-04 -1.635509E-02  2.050521E-08  2.050830E-08
  3.348000E+03  5.690243E-08  1.063820E-04 -1.127683E-06  1.927540E-04 -3.880501E-03  2.050540E-08  2.050603E-08
  3.349000E+03 -5.733298E-07  1.068090E-04  3.688933E-07  1.919924E-04 -1.376033E-02  2.050457E-08  2.050819E-08
  3.350000E+03  4.263641E-07  1.061406E-04  8.073286E-07  1.932031E-04 -1.401524E-02  2.050468E-08  2.050705E-08
  3.351000E+03  2.136909E-07  1.065351E-04 -1.048935E-06  1.924661E-04 -3.892757E-03  2.050425E-08  2.050517E-08
  3.352000E+03 -5.998708E-07  1.067089E-04  7.403112E-08  1.921777E-04 -1.586306E-02  2.050449E-08  2.050833E-08
  3.353000E+03  2.889284E-07  1.061070E-04  9.806655E-07  1.932562E-04 -1.096056E-02  2.050461E-08  2.050621E-08
  3.354000E+03  3.558840E-07  1.066750E-04 -8.898265E-07  1.922082E-04 -5.076705E-03  2.050354E-08  2.050498E-08
  3.355000E+03 -5.830102E-07  1.065785E-04 -2.307158E-07  1.924214E-04 -1.696799E-02  2.050502E-08  2.050881E-08
  3.356000E+03  1.307782E-07  1.061481E-04  1.080548E-06  1.931824E-04 -8.092534E-03  2.050528E-08  2.050629E-08
  3.357000E+03  4.730755E-07  1.067767E-04 -6.613402E-07  1.920292E-04 -7.351906E-03  2.050368E-08  2.050579E-08
  3.358000E+03 -5.209750E-07  1.064404E-04 -5.231898E-07  1.926790E-04 -1.697968E-02  2.050587E-08  2.050935E-08
  3.359000E+03 -3.889721E-08  1.062446E-04  1.100255E-06  1.930135E-04 -5.999131E-03  2.050627E-08  2.050698E-08
  3.360000E+03  5.578152E-07  1.068104E-04 -3.929753E-07  1.919864E-04 -1.001436E-02  2.050512E-08  2.050782E-08
  3.361000E+03 -4.259470E-07  1.063143E-04 -7.850040E-07  1.929150E-04 -1.587672E-02  2.050703E-08  2.050999E-08
  3.362000E+03 -2.051108E-07  1.063800E-04  1.047333E-06  1.927761E-04 -4.893616E-03  2.050727E-08  2.050797E-08
  3.363000E+03  6.026015E-07  1.067845E-04 -9.704564E-08  1.920610E-04 -1.279350E-02  2.050746E-08  2.051067E-08
  3.364000E+03 -3.012434E-07  1.062232E-04 -9.770330E-07  1.930895E-04 -1.392560E-02  2.050860E-08  2.051093E-08
  3.365000E+03 -3.520019E-07  1.065232E-04  9.144590E-07  1.925226E-04 -5.035092E-03  2.050785E-08  2.050882E-08
  3.366000E+03  5.988591E-07  1.067083E-04  2.064735E-07  1.922256E-04 -1.504452E-02  2.050974E-08  2.051328E-08
  3.367000E+03 -1.517699E-07  1.061909E-04 -1.096318E-06  1.931592E-04 -1.161458E-02  2.051037E-08  2.051211E-08
  3.368000E+03 -4.758906E-07  1.066472E-04  7.156512E-07  1.923064E-04 -6.077061E-03  2.050855E-08  2.050998E-08
  3.369000E+03  5.520052E-07  1.066010E-04  5.007652E-07  1.924384E-04 -1.608868E-02  2.051146E-08  2.051499E-08
  3.370000E+03  1.304527E-08  1.062138E-04 -1.133142E-06  1.931258E-04 -9.039923E-03  2.051179E-08  2.051298E-08
  3.371000E+03 -5.619600E-07  1.067351E-04  4.519997E-07  1.921627E-04 -7.802633E-03  2.050988E-08  2.051184E-08
  3.372000E+03  4.579515E-07  1.064781E-04  7.515797E-07  1.926745E-04 -1.619559E-02  2.051293E-08  2.051620E-08
  3.373000E+03  1.760080E-07  1.062880E-04 -1.077925E-06  1.929945E-04 -7.015926E-03  2.051250E-08  2.051337E-08
  3.374000E+03 -6.053609E-07  1.067778E-04  1.548692E-07  1.921043E-04 -1.010644E-02  2.051141E-08  2.051394E-08
  3.375000E+03  3.297335E-07  1.063640E-04  9.438885E-07  1.928868E-04 -1.536531E-02  2.051379E-08  2.051663E-08
  3.376000E+03  3.210977E-07  1.063972E-04 -9.424279E-07  1.927923E-04 -5.703174E-03  2.051223E-08  2.051302E-08
  3.377000E+03 -6.029607E-07  1.067602E-04 -1.306790E-07  1.921489E-04 -1.217931E-02  2.051234E-08  2.051525E-08
  3.378000E+03  1.887689E-07  1.062740E-04  1.057474E-06  1.930456E-04 -1.343811E-02  2.051387E-08  2.051607E-08
  3.379000E+03  4.323524E-07  1.065121E-04 -7.585928E-07  1.925771E-04 -5.336687E-03  2.051149E-08  2.051243E-08
  3.380000E+03 -5.625875E-07  1.066910E-04 -3.931121E-07  1.922807E-04 -1.389715E-02  2.051263E-08  2.051574E-08
  3.381000E+03  4.190775E-08  1.062296E-04  1.103769E-06  1.931144E-04 -1.111502E-02  2.051320E-08  2.051481E-08
  3.382000E+03  5.201120E-07  1.066229E-04 -5.369525E-07  1.923696E-04 -6.073942E-03  2.051063E-08  2.051194E-08
  3.383000E+03 -4.892405E-07  1.065891E-04 -6.325631E-07  1.924659E-04 -1.500034E-02  2.051245E-08  2.051557E-08
  3.384000E+03 -1.037596E-07  1.062431E-04  1.078755E-06  1.930723E-04 -8.861759E-03  2.051178E-08  2.051292E-08
  3.385000E+03  5.743565E-07  1.067034E-04 -2.830584E-07  1.922157E-04 -7.752138E-03  2.050946E-08  2.051128E-08
  3.386000E+03 -3.813070E-07  1.064653E-04 -8.295753E-07  1.926840E-04 -1.526201E-02  2.051177E-08  2.051469E-08
  3.387000E+03 -2.423427E-07  1.062937E-04  9.798948E-07  1.929594E-04 -7.000751E-03  2.050988E-08  2.051072E-08
  3.388000E+03  5.901453E-07  1.067282E-04 -1.419911E-08  1.921630E-04 -9.873500E-03  2.050821E-08  2.051051E-08
  3.389000E+03 -2.527103E-07  1.063503E-04 -9.713265E-07  1.928782E-04 -1.454755E-02  2.051048E-08  2.051304E-08
  3.390000E+03 -3.635874E-07  1.063842E-04  8.309403E-07  1.927763E-04 -6.127600E-03  2.050797E-08  2.050878E-08
  3.391000E+03  5.693221E-07  1.067028E-04  2.475537E-07  1.922045E-04 -1.210729E-02  2.050726E-08  2.050997E-08
  3.392000E+03 -1.124934E-07  1.062720E-04 -1.048182E-06  1.930017E-04 -1.325736E-02  2.050887E-08  2.051100E-08
  3.393000E+03 -4.619665E-07  1.064853E-04  6.309291E-07  1.925760E-04 -6.361964E-03  2.050609E-08  2.050710E-08
  3.394000E+03  5.079762E-07  1.066361E-04  4.919305E-07  1.923228E-04 -1.389407E-02  2.050657E-08  2.050952E-08
  3.395000E+03  2.991665E-08  1.062414E-04 -1.042874E-06  1.930384E-04 -1.144833E-02  2.050733E-08  2.050897E-08
  3.396000E+03 -5.242430E-07  1.065801E-04  3.948627E-07  1.923917E-04 -7.115950E-03  2.050461E-08  2.050596E-08
  3.397000E+03  4.125858E-07  1.065511E-04  6.953973E-07  1.924736E-04 -1.470612E-02  2.050606E-08  2.050900E-08
  3.398000E+03  1.661876E-07  1.062625E-04 -9.721014E-07  1.929845E-04 -9.538130E-03  2.050608E-08  2.050731E-08
  3.399000E+03 -5.487913E-07  1.066489E-04  1.436882E-07  1.922630E-04 -8.497126E-03  2.050389E-08  2.050565E-08
  3.400000E+03  2.958775E-07  1.064570E-04  8.391611E-07  1.926387E-04 -1.476610E-02  2.050549E-08  2.050823E-08
  3.401000E+03  2.856623E-07  1.063160E-04 -8.427215E-07  1.928764E-04 -8.064028E-03  2.050517E-08  2.050616E-08
  3.402000E+03 -5.357315E-07  1.066644E-04 -1.110218E-07  1.922385E-04 -1.011140E-02  2.050394E-08  2.050605E-08
  3.403000E+03  1.630388E-07  1.063670E-04  9.232198E-07  1.927985E-04 -1.393711E-02  2.050540E-08  2.050775E-08
  3.404000E+03  3.831432E-07  1.063904E-04 -6.633497E-07  1.927386E-04 -7.260944E-03  2.050499E-08  2.050591E-08
  3.405000E+03 -4.829934E-07  1.066405E-04 -3.458944E-07  1.922909E-04 -1.173735E-02  2.050458E-08  2.050694E-08
  3.406000E+03  2.943284E-08  1.063110E-04  9.382913E-07  1.929035E-04 -1.273628E-02  2.050611E-08  2.050805E-08
  3.407000E+03  4.472841E-07  1.064726E-04 -4.560418E-07  1.925960E-04 -7.363294E-03  2.050565E-08  2.050671E-08
  3.408000E+03 -4.069549E-07  1.065892E-04 -5.353581E-07  1.923941E-04 -1.307558E-02  2.050538E-08  2.050791E-08
  3.409000E+03 -9.371424E-08  1.062943E-04  8.915288E-07  1.929413E-04 -1.127569E-02  2.050724E-08  2.050880E-08
  3.410000E+03  4.712568E-07  1.065489E-04 -2.303290E-07  1.924709E-04 -8.026803E-03  2.050689E-08  2.050820E-08
  3.411000E+03 -3.043052E-07  1.065228E-04 -6.676991E-07  1.925259E-04 -1.373032E-02  2.050647E-08  2.050898E-08
  3.412000E+03 -2.026136E-07  1.063207E-04  7.823814E-07  1.929018E-04 -9.929250E-03  2.050844E-08  2.050970E-08
  3.413000E+03  4.609137E-07  1.066038E-04 -5.950240E-09  1.923887E-04 -9.214163E-03  2.050849E-08  2.051013E-08
  3.414000E+03 -1.915635E-07  1.064585E-04 -7.457194E-07  1.926563E-04 -1.373685E-02  2.050796E-08  2.051031E-08
  3.415000E+03 -2.849363E-07  1.063799E-04  6.316264E-07  1.928049E-04 -8.938165E-03  2.050975E-08  2.051085E-08
  3.416000E+03  4.150143E-07  1.066309E-04  1.970122E-07  1.923562E-04 -1.070181E-02  2.050994E-08  2.051192E-08
  3.417000E+03 -7.166180E-08  1.064067E-04 -7.549242E-07  1.927657E-04 -1.322832E-02  2.050978E-08  2.051187E-08
  3.418000E+03 -3.355020E-07  1.064443E-04  4.404971E-07  1.927023E-04 -8.528134E-03  2.051131E-08  2.051240E-08
  3.419000E+03  3.402023E-07  1.066044E-04  3.582621E-07  1.924146E-04 -1.189785E-02  2.051079E-08  2.051293E-08
  3.420000E+03  3.862676E-08  1.063700E-04 -7.061650E-07  1.928446E-04 -1.208055E-02  2.051140E-08  2.051312E-08
  3.421000E+03 -3.562366E-07  1.065124E-04  2.468344E-07  1.925965E-04 -8.486081E-03  2.051318E-08  2.051436E-08
  3.422000E+03  2.586470E-07  1.065599E-04  4.739850E-07  1.925036E-04 -1.276867E-02  2.051150E-08  2.051371E-08
  3.423000E+03  1.281414E-07  1.063630E-04 -6.245225E-07  1.928646E-04 -1.087866E-02  2.051244E-08  2.051385E-08
  3.424000E+03 -3.475584E-07  1.065723E-04  6.514011E-08  1.925008E-04 -9.127624E-03  2.051440E-08  2.051581E-08
  3.425000E+03  1.672688E-07  1.064990E-04  5.363045E-07  1.926195E-04 -1.326029E-02  2.051198E-08  2.051417E-08
  3.426000E+03  1.934512E-07  1.063751E-04 -5.069412E-07  1.928457E-04 -9.744670E-03  2.051300E-08  2.051416E-08
  3.427000E+03 -3.147035E-07  1.065942E-04 -9.032975E-08  1.924612E-04 -9.983637E-03  2.051421E-08  2.051583E-08
  3.428000E+03  8.190824E-08  1.064313E-04  5.511082E-07  1.927417E-04 -1.283458E-02  2.051207E-08  2.051401E-08
  3.429000E+03  2.326766E-07  1.064163E-04 -3.832183E-07  1.927744E-04 -8.711341E-03  2.051357E-08  2.051458E-08
  3.430000E+03 -2.711202E-07  1.065905E-04 -2.024675E-07  1.924599E-04 -1.101141E-02  2.051315E-08  2.051497E-08
  3.431000E+03  9.805333E-09  1.063785E-04  5.359791E-07  1.928320E-04 -1.201098E-02  2.051169E-08  2.051334E-08
  3.432000E+03  2.530591E-07  1.064749E-04 -2.634044E-07  1.926701E-04 -8.307493E-03  2.051382E-08  2.051484E-08
  3.433000E+03 -2.236725E-07  1.065592E-04 -2.957787E-07  1.925064E-04 -1.209517E-02  2.051183E-08  2.051382E-08
  3.434000E+03 -5.699019E-08  1.063492E-04  5.046831E-07  1.928754E-04 -1.095790E-02  2.051091E-08  2.051228E-08
  3.435000E+03  2.660563E-07  1.065363E-04 -1.402040E-07  1.925547E-04 -8.623887E-03  2.051330E-08  2.051449E-08
  3.436000E+03 -1.695409E-07  1.065037E-04 -3.785516E-07  1.925950E-04 -1.271506E-02  2.051042E-08  2.051245E-08
  3.437000E+03 -1.195132E-07  1.063583E-04  4.574757E-07  1.928486E-04 -9.643169E-03  2.051010E-08  2.051120E-08
  3.438000E+03  2.695633E-07  1.065864E-04 -1.706459E-08  1.924487E-04 -9.434353E-03  2.051150E-08  2.051298E-08
  3.439000E+03 -1.090667E-07  1.064400E-04 -4.443643E-07  1.926954E-04 -1.276890E-02  2.050883E-08  2.051076E-08
  3.440000E+03 -1.812561E-07  1.064037E-04  3.857329E-07  1.927573E-04 -8.597646E-03  2.050933E-08  2.051029E-08
  3.441000E+03  2.597731E-07  1.066099E-04  1.198236E-07  1.923895E-04 -1.077514E-02  2.050943E-08  2.051126E-08
  3.442000E+03 -3.983756E-08  1.063884E-04 -4.956096E-07  1.927745E-04 -1.229572E-02  2.050743E-08  2.050917E-08
  3.443000E+03 -2.338986E-07  1.064781E-04  2.991931E-07  1.926153E-04 -8.214929E-03  2.050863E-08  2.050966E-08
  3.444000E+03  2.411615E-07  1.065950E-04  2.461203E-07  1.924028E-04 -1.220391E-02  2.050765E-08  2.050979E-08
  3.445000E+03  3.262707E-08  1.063497E-04 -5.317094E-07  1.928333E-04 -1.134983E-02  2.050644E-08  2.050792E-08
  3.446000E+03 -2.850232E-07  1.065408E-04  2.028894E-07  1.924943E-04 -8.415444E-03  2.050776E-08  2.050898E-08
  3.447000E+03  2.166683E-07  1.065353E-04  3.828524E-07  1.925008E-04 -1.319026E-02  2.050634E-08  2.050860E-08
  3.448000E+03  1.106552E-07  1.063334E-04 -5.555281E-07  1.928554E-04 -1.006829E-02  2.050593E-08  2.050713E-08
  3.449000E+03 -3.286884E-07  1.065979E-04  8.913238E-08  1.923830E-04 -9.218603E-03  2.050674E-08  2.050828E-08
  3.450000E+03  1.773674E-07  1.064555E-04  5.167312E-07  1.926383E-04 -1.366797E-02  2.050549E-08  2.050774E-08
  3.451000E+03  1.953325E-07  1.063572E-04 -5.457822E-07  1.928088E-04 -8.645412E-03  2.050584E-08  2.050681E-08
  3.452000E+03 -3.602911E-07  1.066343E-04 -5.839291E-08  1.923115E-04 -1.038393E-02  2.050589E-08  2.050779E-08
  3.453000E+03  1.169983E-07  1.063747E-04  6.447773E-07  1.927823E-04 -1.317135E-02  2.050539E-08  2.050740E-08
  3.454000E+03  2.831774E-07  1.064266E-04 -5.054547E-07  1.926839E-04 -7.493469E-03  2.050611E-08  2.050702E-08
  3.455000E+03 -3.792617E-07  1.066397E-04 -2.262026E-07  1.923017E-04 -1.193348E-02  2.050554E-08  2.050783E-08
  3.456000E+03  4.008803E-08  1.063146E-04  7.576170E-07  1.928941E-04 -1.204731E-02  2.050597E-08  2.050767E-08
  3.457000E+03  3.752918E-07  1.065249E-04 -4.334965E-07  1.925109E-04 -7.170191E-03  2.050667E-08  2.050775E-08
  3.458000E+03 -3.781086E-07  1.066045E-04 -4.205880E-07  1.923722E-04 -1.350476E-02  2.050587E-08  2.050850E-08
  3.459000E+03 -5.569412E-08  1.062819E-04  8.369070E-07  1.929617E-04 -1.051043E-02  2.050721E-08  2.050856E-08
  3.460000E+03  4.525723E-07  1.066211E-04 -3.090546E-07  1.923475E-04 -7.650901E-03  2.050769E-08  2.050913E-08
  3.461000E+03 -3.490559E-07  1.065277E-04 -6.112230E-07  1.925248E-04 -1.459807E-02  2.050703E-08  2.050980E-08
  3.462000E+03 -1.637376E-07  1.062942E-04  8.728012E-07  1.929496E-04 -8.766592E-03  2.050863E-08  2.050968E-08
  3.463000E+03  5.137056E-07  1.066967E-04 -1.403736E-07  1.922225E-04 -9.073420E-03  2.050867E-08  2.051062E-08
  3.464000E+03 -2.869760E-07  1.064276E-04 -7.966742E-07  1.927227E-04 -1.495000E-02  2.050873E-08  2.051144E-08
  3.465000E+03 -2.848095E-07  1.063521E-04  8.505724E-07  1.928551E-04 -7.281055E-03  2.051001E-08  2.051090E-08
  3.466000E+03  5.527747E-07  1.067339E-04  7.600433E-08  1.921656E-04 -1.118860E-02  2.050931E-08  2.051186E-08
  3.467000E+03 -1.967629E-07  1.063286E-04 -9.607548E-07  1.929184E-04 -1.437174E-02  2.051063E-08  2.051309E-08
  3.468000E+03 -4.051454E-07  1.064537E-04  7.716228E-07  1.926834E-04 -6.247286E-03  2.051145E-08  2.051237E-08
  3.469000E+03  5.657339E-07  1.067182E-04  3.216859E-07  1.922045E-04 -1.318539E-02  2.050994E-08  2.051296E-08
  3.470000E+03 -7.704917E-08  1.062563E-04 -1.098692E-06  1.930595E-04 -1.263712E-02  2.051216E-08  2.051414E-08
  3.471000E+03 -5.269221E-07  1.065695E-04  6.317688E-07  1.924836E-04 -6.042059E-03  2.051252E-08  2.051370E-08
  3.472000E+03  5.475602E-07  1.066516E-04  5.926286E-07  1.923354E-04 -1.486629E-02  2.051062E-08  2.051394E-08
  3.473000E+03  6.669567E-08  1.062288E-04 -1.191187E-06  1.931150E-04 -1.051539E-02  2.051324E-08  2.051477E-08
  3.474000E+03 -6.343693E-07  1.066822E-04  4.295477E-07  1.922858E-04 -6.916149E-03  2.051299E-08  2.051468E-08
  3.475000E+03  4.905835E-07  1.065497E-04  8.630303E-07  1.925295E-04 -1.596870E-02  2.051135E-08  2.051478E-08
  3.476000E+03  2.292205E-07  1.062506E-04 -1.211772E-06  1.930780E-04 -8.138888E-03  2.051398E-08  2.051512E-08
  3.477000E+03 -7.068467E-07  1.067639E-04  1.627947E-07  1.921390E-04 -8.399292E-03  2.051279E-08  2.051505E-08
  3.478000E+03  3.867812E-07  1.064212E-04  1.099395E-06  1.927676E-04 -1.588296E-02  2.051198E-08  2.051518E-08
  3.479000E+03  3.916794E-07  1.063174E-04 -1.141188E-06  1.929553E-04 -6.002066E-03  2.051413E-08  2.051503E-08
  3.480000E+03 -7.409454E-07  1.067954E-04 -1.374359E-07  1.920791E-04 -1.052246E-02  2.051202E-08  2.051486E-08
  3.481000E+03  2.529715E-07  1.062996E-04  1.290039E-06  1.929863E-04 -1.483860E-02  2.051212E-08  2.051492E-08
  3.482000E+03  5.436080E-07  1.064269E-04 -9.996335E-07  1.927507E-04 -4.695953E-03  2.051364E-08  2.051456E-08
  3.483000E+03 -7.356707E-07  1.067749E-04 -4.501731E-07  1.921091E-04 -1.292036E-02  2.051071E-08  2.051410E-08
  3.484000E+03  9.234214E-08  1.062085E-04  1.420376E-06  1.931429E-04 -1.301948E-02  2.051169E-08  2.051399E-08
  3.485000E+03  6.771523E-07  1.065593E-04 -7.848435E-07  1.924993E-04 -4.517638E-03  2.051238E-08  2.051360E-08
  3.486000E+03 -6.859238E-07  1.066912E-04 -7.696988E-07  1.922512E-04 -1.518172E-02  2.050916E-08  2.051294E-08
  3.487000E+03 -8.931661E-08  1.061503E-04  1.479709E-06  1.932354E-04 -1.047566E-02  2.051086E-08  2.051261E-08
  3.488000E+03  7.804136E-07  1.066864E-04 -5.109520E-07  1.922548E-04 -5.423036E-03  2.051068E-08  2.051242E-08
  3.489000E+03 -5.950903E-07  1.065596E-04 -1.056356E-06  1.924809E-04 -1.680316E-02  2.050779E-08  2.051175E-08
  3.490000E+03 -2.726712E-07  1.061556E-04  1.453096E-06  1.932124E-04 -7.780898E-03  2.050997E-08  2.051125E-08
  3.491000E+03  8.432969E-07  1.067918E-04 -1.900517E-07  1.920519E-04 -7.596662E-03  2.050899E-08  2.051147E-08
  3.492000E+03 -4.639827E-07  1.064006E-04 -1.299535E-06  1.927612E-04 -1.743174E-02  2.050679E-08  2.051070E-08
  3.493000E+03 -4.541608E-07  1.062315E-04  1.339386E-06  1.930603E-04 -5.554909E-03  2.050876E-08  2.050976E-08
  3.494000E+03  8.629326E-07  1.068416E-04  1.636690E-07  1.919514E-04 -1.063153E-02  2.050723E-08  2.051054E-08
  3.495000E+03 -2.950624E-07  1.062447E-04 -1.488539E-06  1.930335E-04 -1.650319E-02  2.050599E-08  2.050948E-08
  3.496000E+03 -6.200477E-07  1.063716E-04  1.137664E-06  1.927919E-04 -3.873475E-03  2.050742E-08  2.050838E-08
  3.497000E+03  8.350232E-07  1.068270E-04  5.210216E-07  1.919705E-04 -1.372820E-02  2.050570E-08  2.050975E-08
  3.498000E+03 -1.037707E-07  1.061257E-04 -1.596083E-06  1.932363E-04 -1.416542E-02  2.050529E-08  2.050808E-08
  3.499000E+03 -7.529045E-07  1.065492E-04  8.613537E-07  1.924612E-04 -3.507314E-03  2.050646E-08  2.050775E-08
  3.500000E+03  7.547835E-07  1.067337E-04  8.522702E-07  1.921391E-04 -1.652366E-02  2.050491E-08  2.050944E-08
  3.501000E+03  9.875022E-08  1.060643E-04 -1.609506E-06  1.933374E-04 -1.091380E-02  2.050497E-08  2.050698E-08
  3.502000E+03 -8.449753E-07  1.067149E-04  5.309723E-07  1.921609E-04 -4.590627E-03  2.050621E-08  2.050811E-08
  3.503000E+03  6.307166E-07  1.065711E-04  1.147617E-06  1.924394E-04 -1.821908E-02  2.050507E-08  2.050968E-08
  3.504000E+03  3.043491E-07  1.060788E-04 -1.530915E-06  1.933053E-04 -7.432451E-03  2.050503E-08  2.050638E-08
  3.505000E+03 -8.925466E-07  1.068414E-04  1.563437E-07  1.919385E-04 -7.096521E-03  2.050647E-08  2.050919E-08
  3.506000E+03  4.649185E-07  1.063805E-04  1.384937E-06  1.927898E-04 -1.854741E-02  2.050554E-08  2.050990E-08
  3.507000E+03  4.918832E-07  1.061831E-04 -1.358163E-06  1.931181E-04 -4.625814E-03  2.050565E-08  2.050660E-08
  3.508000E+03 -8.843281E-07  1.068967E-04 -2.197928E-07  1.918507E-04 -1.066231E-02  2.050704E-08  2.051066E-08
  3.509000E+03  2.709573E-07  1.062016E-04  1.534791E-06  1.931162E-04 -1.718460E-02  2.050621E-08  2.050995E-08
  3.510000E+03  6.533893E-07  1.063569E-04 -1.100566E-06  1.928128E-04 -2.912401E-03  2.050688E-08  2.050778E-08
  3.511000E+03 -8.249469E-07  1.068688E-04 -5.931028E-07  1.919212E-04 -1.421906E-02  2.050831E-08  2.051266E-08
  3.512000E+03  5.766988E-08  1.060822E-04  1.599242E-06  1.933325E-04 -1.457580E-02  2.050696E-08  2.050990E-08
  3.513000E+03  7.728934E-07  1.065551E-04 -7.768036E-07  1.924675E-04 -2.816528E-03  2.050832E-08  2.050955E-08
  3.514000E+03 -7.157129E-07  1.067688E-04 -9.221545E-07  1.921243E-04 -1.707955E-02  2.050989E-08  2.051468E-08
  3.515000E+03 -1.572141E-07  1.060406E-04  1.561807E-06  1.934081E-04 -1.127390E-02  2.050782E-08  2.050992E-08
  3.516000E+03  8.448665E-07  1.067443E-04 -4.019781E-07  1.921413E-04 -4.328926E-03  2.050980E-08  2.051172E-08
  3.517000E+03 -5.581166E-07  1.066119E-04 -1.203175E-06  1.924258E-04 -1.891123E-02  2.051121E-08  2.051611E-08
  3.518000E+03 -3.680442E-07  1.060701E-04  1.421399E-06  1.933585E-04 -7.871387E-03  2.050892E-08  2.051031E-08
  3.519000E+03  8.596863E-07  1.068676E-04  2.593897E-09  1.919359E-04 -6.927079E-03  2.051124E-08  2.051394E-08
  3.520000E+03 -3.614708E-07  1.064209E-04 -1.398504E-06  1.927780E-04 -1.900719E-02  2.051190E-08  2.051641E-08
  3.521000E+03 -5.457647E-07  1.061774E-04  1.183922E-06  1.931713E-04 -4.892319E-03  2.051018E-08  2.051108E-08
  3.522000E+03  8.157523E-07  1.069246E-04  3.867574E-07  1.918520E-04 -1.019247E-02  2.051263E-08  2.051614E-08
  3.523000E+03 -1.485281E-07  1.062485E-04 -1.492144E-06  1.930862E-04 -1.778305E-02  2.051188E-08  2.051575E-08
  3.524000E+03 -6.789988E-07  1.063380E-04  8.701438E-07  1.928853E-04 -3.132817E-03  2.051094E-08  2.051172E-08
  3.525000E+03  7.162688E-07  1.069034E-04  7.354089E-07  1.919063E-04 -1.364929E-02  2.051352E-08  2.051772E-08
  3.526000E+03  7.050292E-08  1.061068E-04 -1.478772E-06  1.933332E-04 -1.540057E-02  2.051154E-08  2.051462E-08
  3.527000E+03 -7.603073E-07  1.065123E-04  5.069334E-07  1.925757E-04 -2.482562E-03  2.051161E-08  2.051259E-08
  3.528000E+03  5.699240E-07  1.068037E-04  1.015215E-06  1.920960E-04 -1.640619E-02  2.051380E-08  2.051834E-08
  3.529000E+03  2.702973E-07  1.060325E-04 -1.361330E-06  1.934579E-04 -1.193600E-02  2.051135E-08  2.051351E-08
  3.530000E+03 -7.832165E-07  1.066874E-04  1.375382E-07  1.922640E-04 -3.343194E-03  2.051202E-08  2.051350E-08
  3.531000E+03  3.970946E-07  1.066487E-04  1.210227E-06  1.923758E-04 -1.825933E-02  2.051321E-08  2.051782E-08
  3.532000E+03  4.357285E-07  1.060382E-04 -1.166247E-06  1.934365E-04 -8.376067E-03  2.051095E-08  2.051233E-08
  3.533000E+03 -7.599442E-07  1.068264E-04 -2.052616E-07  1.920149E-04 -5.607868E-03  2.051194E-08  2.051414E-08
  3.534000E+03  2.169739E-07  1.064661E-04  1.325265E-06  1.926973E-04 -1.895587E-02  2.051205E-08  2.051647E-08
  3.535000E+03  5.672077E-07  1.061179E-04 -9.265650E-07  1.932811E-04 -5.312489E-03  2.051029E-08  2.051114E-08
  3.536000E+03 -7.022162E-07  1.069051E-04 -5.219538E-07  1.918709E-04 -8.654348E-03  2.051121E-08  2.051423E-08
  3.537000E+03  3.585317E-08  1.062885E-04  1.371224E-06  1.930034E-04 -1.810157E-02  2.051067E-08  2.051457E-08
  3.538000E+03  6.664888E-07  1.062637E-04 -6.570703E-07  1.930066E-04 -3.012628E-03  2.050951E-08  2.051013E-08
  3.539000E+03 -6.120255E-07  1.069176E-04 -8.045348E-07  1.918434E-04 -1.210532E-02  2.050994E-08  2.051376E-08
  3.540000E+03 -1.431149E-07  1.061400E-04  1.355375E-06  1.932524E-04 -1.604762E-02  2.050917E-08  2.051236E-08
  3.541000E+03  7.380090E-07  1.064538E-04 -3.598052E-07  1.926515E-04 -2.081359E-03  2.050844E-08  2.050924E-08
  3.542000E+03 -4.951400E-07  1.068565E-04 -1.045607E-06  1.919466E-04 -1.554886E-02  2.050825E-08  2.051276E-08
  3.543000E+03 -3.082642E-07  1.060536E-04  1.269267E-06  1.933894E-04 -1.304241E-02  2.050789E-08  2.051026E-08
  3.544000E+03  7.658520E-07  1.066537E-04 -5.536189E-08  1.922806E-04 -2.829989E-03  2.050735E-08  2.050870E-08
  3.545000E+03 -3.580528E-07  1.067131E-04 -1.220306E-06  1.922007E-04 -1.819945E-02  2.050694E-08  2.051178E-08
  3.546000E+03 -4.514751E-07  1.060260E-04  1.127956E-06  1.934247E-04 -9.424049E-03  2.050713E-08  2.050869E-08
  3.547000E+03  7.567181E-07  1.068140E-04  2.370233E-07  1.919858E-04 -4.877756E-03  2.050652E-08  2.050866E-08
  3.548000E+03 -2.119374E-07  1.065187E-04 -1.331864E-06  1.925517E-04 -1.945841E-02  2.050648E-08  2.051124E-08
  3.549000E+03 -5.704008E-07  1.060847E-04  9.405524E-07  1.933091E-04 -5.985008E-03  2.050678E-08  2.050774E-08
  3.550000E+03  7.164630E-07  1.069140E-04  5.140298E-07  1.918014E-04 -8.096911E-03  2.050558E-08  2.050863E-08
  3.551000E+03 -5.566390E-08  1.063166E-04 -1.396545E-06  1.929144E-04 -1.893176E-02  2.050633E-08  2.051059E-08
  3.552000E+03 -6.725915E-07  1.062229E-04  7.185840E-07  1.930518E-04 -3.202481E-03  2.050641E-08  2.050707E-08
  3.553000E+03  6.511130E-07  1.069373E-04  7.758153E-07  1.917578E-04 -1.167617E-02  2.050467E-08  2.050859E-08
  3.554000E+03  9.836338E-08  1.061468E-04 -1.406650E-06  1.932152E-04 -1.676229E-02  2.050631E-08  2.050975E-08
  3.555000E+03 -7.448944E-07  1.064197E-04  4.770499E-07  1.926925E-04 -1.825278E-03  2.050624E-08  2.050702E-08
  3.556000E+03  5.625765E-07  1.068780E-04  1.000628E-06  1.918719E-04 -1.525162E-02  2.050451E-08  2.050911E-08
  3.557000E+03  2.458761E-07  1.060449E-04 -1.366745E-06  1.933982E-04 -1.350050E-02  2.050701E-08  2.050955E-08
  3.558000E+03 -7.900400E-07  1.066362E-04  2.123524E-07  1.923066E-04 -2.289477E-03  2.050679E-08  2.050811E-08
  3.559000E+03  4.463524E-07  1.067366E-04  1.196851E-06  1.921439E-04 -1.807219E-02  2.050544E-08  2.051038E-08
  3.560000E+03  3.941631E-07  1.060214E-04 -1.262854E-06  1.934432E-04 -9.662355E-03  2.050815E-08  2.050981E-08
  3.561000E+03 -8.026574E-07  1.068154E-04 -7.779185E-08  1.919927E-04 -4.388448E-03  2.050758E-08  2.050972E-08
  3.562000E+03  3.087701E-07  1.065503E-04  1.346370E-06  1.925006E-04 -1.941475E-02  2.050713E-08  2.051199E-08
  3.563000E+03  5.307555E-07  1.060877E-04 -1.109340E-06  1.933310E-04 -6.224619E-03  2.050964E-08  2.051068E-08
  3.564000E+03 -7.831294E-07  1.069258E-04 -3.750646E-07  1.918050E-04 -7.700542E-03  2.050830E-08  2.051137E-08
  3.565000E+03  1.572295E-07  1.063530E-04  1.447576E-06  1.928742E-04 -1.915661E-02  2.050898E-08  2.051340E-08
  3.566000E+03  6.480909E-07  1.062336E-04 -9.057301E-07  1.930758E-04 -3.760250E-03  2.051098E-08  2.051174E-08
  3.567000E+03 -7.292096E-07  1.069499E-04 -6.597506E-07  1.917757E-04 -1.163453E-02  2.050900E-08  2.051297E-08
  3.568000E+03 -4.774793E-09  1.061859E-04  1.488354E-06  1.931858E-04 -1.713467E-02  2.051060E-08  2.051423E-08
  3.569000E+03  7.421622E-07  1.064264E-04 -6.605926E-07  1.927345E-04 -2.395377E-03  2.051197E-08  2.051282E-08
  3.570000E+03 -6.514834E-07  1.068879E-04 -9.229910E-07  1.919020E-04 -1.503395E-02  2.050968E-08  2.051425E-08
  3.571000E+03 -1.657662E-07  1.060806E-04  1.481825E-06  1.933808E-04 -1.393760E-02  2.051197E-08  2.051466E-08
  3.572000E+03  8.053449E-07  1.066212E-04 -3.956034E-07  1.923887E-04 -2.695529E-03  2.051263E-08  2.051393E-08
  3.573000E+03 -5.488825E-07  1.067571E-04 -1.139537E-06  1.921517E-04 -1.762042E-02  2.051037E-08  2.051524E-08
  3.574000E+03 -3.193084E-07  1.060589E-04  1.413136E-06  1.934229E-04 -1.040771E-02  2.051310E-08  2.051495E-08
  3.575000E+03  8.370198E-07  1.067876E-04 -1.074860E-07  1.920925E-04 -4.501042E-03  2.051288E-08  2.051490E-08
  3.576000E+03 -4.217857E-07  1.065858E-04 -1.322219E-06  1.924711E-04 -1.877895E-02  2.051107E-08  2.051581E-08
  3.577000E+03 -4.678506E-07  1.061098E-04  1.279039E-06  1.933309E-04 -6.830741E-03  2.051384E-08  2.051501E-08
  3.578000E+03  8.329278E-07  1.068915E-04  1.989508E-07  1.919085E-04 -7.079838E-03  2.051287E-08  2.051566E-08
  3.579000E+03 -2.691714E-07  1.063983E-04 -1.451827E-06  1.928131E-04 -1.842665E-02  2.051151E-08  2.051575E-08
  3.580000E+03 -5.980780E-07  1.062233E-04  1.089915E-06  1.931209E-04 -4.080449E-03  2.051377E-08  2.051460E-08
  3.581000E+03  7.922475E-07  1.069211E-04  4.921674E-07  1.918534E-04 -1.029741E-02  2.051208E-08  2.051559E-08
  3.582000E+03 -1.068401E-07  1.062360E-04 -1.518593E-06  1.931011E-04 -1.674099E-02  2.051142E-08  2.051494E-08
  3.583000E+03 -6.996758E-07  1.063857E-04  8.499240E-07  1.928163E-04 -2.645772E-03  2.051283E-08  2.051365E-08
  3.584000E+03  7.188116E-07  1.068798E-04  7.660710E-07  1.919217E-04 -1.360624E-02  2.051066E-08  2.051478E-08
  3.585000E+03  6.088738E-08  1.061220E-04 -1.518141E-06  1.932957E-04 -1.413036E-02  2.051088E-08  2.051360E-08
  3.586000E+03 -7.710547E-07  1.065552E-04  5.727050E-07  1.924959E-04 -2.678508E-03  2.051137E-08  2.051250E-08
  3.587000E+03  6.153611E-07  1.067633E-04  1.006968E-06  1.921267E-04 -1.627145E-02  2.050936E-08  2.051379E-08
  3.588000E+03  2.214468E-07  1.060648E-04 -1.449182E-06  1.933877E-04 -1.093560E-02  2.051039E-08  2.051232E-08
  3.589000E+03 -8.004875E-07  1.067123E-04  2.756941E-07  1.922018E-04 -4.060580E-03  2.051013E-08  2.051182E-08
  3.590000E+03  4.811207E-07  1.066020E-04  1.184520E-06  1.924144E-04 -1.804752E-02  2.050842E-08  2.051290E-08
  3.591000E+03  3.697323E-07  1.060845E-04 -1.308715E-06  1.933402E-04 -7.759523E-03  2.050978E-08  2.051105E-08
  3.592000E+03 -7.924604E-07  1.068337E-04 -3.542729E-08  1.919740E-04 -6.828709E-03  2.050881E-08  2.051128E-08
  3.593000E+03  3.264751E-07  1.064148E-04  1.308172E-06  1.927463E-04 -1.861604E-02  2.050751E-08  2.051178E-08
  3.594000E+03  4.991464E-07  1.061790E-04 -1.107535E-06  1.931533E-04 -5.077499E-03  2.050856E-08  2.050939E-08
  3.595000E+03 -7.493384E-07  1.068917E-04 -3.422471E-07  1.918586E-04 -1.023110E-02  2.050703E-08  2.051035E-08
  3.596000E+03  1.584537E-07  1.062382E-04  1.369115E-06  1.930536E-04 -1.735655E-02  2.050658E-08  2.051021E-08
  3.597000E+03  6.005758E-07  1.063427E-04 -8.564055E-07  1.928419E-04 -3.200247E-03  2.050723E-08  2.050794E-08
  3.598000E+03 -6.699882E-07  1.068709E-04 -6.192126E-07  1.918934E-04 -1.369010E-02  2.050590E-08  2.050994E-08
  3.599000E+03 -1.149256E-08  1.061111E-04  1.356092E-06  1.932722E-04 -1.473280E-02  2.050610E-08  2.050886E-08
  3.600000E+03  6.650806E-07  1.065362E-04 -5.635039E-07  1.924834E-04 -2.939783E-03  2.050637E-08  2.050736E-08
  3.601000E+03 -5.516711E-07  1.067616E-04 -8.501355E-07  1.920972E-04 -1.659367E-02  2.050578E-08  2.051020E-08
  3.602000E+03 -1.777626E-07  1.060469E-04  1.263577E-06  1.933815E-04 -1.119128E-02  2.050623E-08  2.050807E-08
  3.603000E+03  6.896737E-07  1.067098E-04 -2.448565E-07  1.921692E-04 -4.228691E-03  2.050616E-08  2.050773E-08
  3.604000E+03 -4.077778E-07  1.065871E-04 -1.033821E-06  1.924223E-04 -1.827028E-02  2.050632E-08  2.051071E-08
  3.605000E+03 -3.336811E-07  1.060749E-04  1.108941E-06  1.933275E-04 -7.618930E-03  2.050661E-08  2.050770E-08
  3.606000E+03  6.770932E-07  1.068341E-04  8.521381E-08  1.919501E-04 -7.066507E-03  2.050630E-08  2.050868E-08
  3.607000E+03 -2.390460E-07  1.063907E-04 -1.146531E-06  1.927856E-04 -1.845056E-02  2.050712E-08  2.051114E-08
  3.608000E+03 -4.625581E-07  1.061930E-04  8.822465E-07  1.931155E-04 -4.853358E-03  2.050727E-08  2.050792E-08
  3.609000E+03  6.193248E-07  1.068772E-04  3.965860E-07  1.918856E-04 -1.063755E-02  2.050703E-08  2.051022E-08
  3.610000E+03 -6.215048E-08  1.062211E-04 -1.186022E-06  1.930966E-04 -1.685082E-02  2.050802E-08  2.051132E-08
  3.611000E+03 -5.587546E-07  1.063731E-04  6.080037E-07  1.927966E-04 -3.398990E-03  2.050826E-08  2.050886E-08
  3.612000E+03  5.237707E-07  1.068377E-04  6.724847E-07  1.919789E-04 -1.414990E-02  2.050854E-08  2.051238E-08
  3.613000E+03  1.143395E-07  1.061144E-04 -1.145948E-06  1.932936E-04 -1.404274E-02  2.050922E-08  2.051165E-08
  3.614000E+03 -6.126500E-07  1.065735E-04  2.965862E-07  1.924448E-04 -3.634107E-03  2.050938E-08  2.051036E-08
  3.615000E+03  3.920837E-07  1.067254E-04  8.911566E-07  1.922048E-04 -1.683305E-02  2.051023E-08  2.051442E-08
  3.616000E+03  2.832749E-07  1.060953E-04 -1.028243E-06  1.933314E-04 -1.070420E-02  2.051038E-08  2.051197E-08
  3.617000E+03 -6.252801E-07  1.067431E-04 -3.883361E-08  1.921492E-04 -5.529069E-03  2.051029E-08  2.051199E-08
  3.618000E+03  2.295995E-07  1.065558E-04  1.053973E-06  1.925278E-04 -1.815780E-02  2.051158E-08  2.051572E-08
  3.619000E+03  4.377477E-07  1.061438E-04 -8.278348E-07  1.932468E-04 -7.448404E-03  2.051138E-08  2.051233E-08
  3.620000E+03 -5.838328E-07  1.068367E-04 -3.849241E-07  1.919938E-04 -8.211807E-03  2.051129E-08  2.051373E-08
  3.621000E+03  4.101503E-08  1.063810E-04  1.128330E-06  1.928512E-04 -1.767584E-02  2.051250E-08  2.051615E-08
  3.622000E+03  5.561785E-07  1.062695E-04 -5.497815E-07  1.930241E-04 -5.114841E-03  2.051232E-08  2.051296E-08
  3.623000E+03 -4.933772E-07  1.068554E-04 -7.009061E-07  1.919760E-04 -1.140130E-02  2.051234E-08  2.051549E-08
  3.624000E+03 -1.578439E-07  1.062420E-04  1.117864E-06  1.931038E-04 -1.595744E-02  2.051313E-08  2.051611E-08
  3.625000E+03  6.348727E-07  1.064297E-04 -2.148537E-07  1.927389E-04 -4.215660E-03  2.051295E-08  2.051368E-08
  3.626000E+03 -3.586090E-07  1.067890E-04 -9.717545E-07  1.921079E-04 -1.430853E-02  2.051290E-08  2.051654E-08
  3.627000E+03 -3.510528E-07  1.061467E-04  1.014170E-06  1.932704E-04 -1.313870E-02  2.051325E-08  2.051544E-08
  3.628000E+03  6.556129E-07  1.065832E-04  1.526589E-07  1.924610E-04 -4.388154E-03  2.051292E-08  2.051400E-08
  3.629000E+03 -1.870150E-07  1.066685E-04 -1.156470E-06  1.923285E-04 -1.616164E-02  2.051272E-08  2.051652E-08
  3.630000E+03 -5.159482E-07  1.061286E-04  8.116929E-07  1.932937E-04 -9.980907E-03  2.051297E-08  2.051444E-08
  3.631000E+03  6.180508E-07  1.067103E-04  5.090163E-07  1.922296E-04 -5.981488E-03  2.051251E-08  2.051418E-08
  3.632000E+03  4.167171E-09  1.065143E-04 -1.241313E-06  1.926040E-04 -1.692727E-02  2.051213E-08  2.051580E-08
  3.633000E+03 -6.344147E-07  1.061849E-04  5.362195E-07  1.931830E-04 -7.195595E-03  2.051258E-08  2.051356E-08
  3.634000E+03  5.284060E-07  1.067853E-04  8.205659E-07  1.920917E-04 -8.583736E-03  2.051182E-08  2.051419E-08
  3.635000E+03  1.945993E-07  1.063604E-04 -1.233390E-06  1.928744E-04 -1.649333E-02  2.051141E-08  2.051472E-08
  3.636000E+03 -7.068914E-07  1.062956E-04  2.262485E-07  1.929728E-04 -5.137614E-03  2.051188E-08  2.051264E-08
  3.637000E+03  4.065448E-07  1.068004E-04  1.064474E-06  1.920567E-04 -1.133801E-02  2.051041E-08  2.051344E-08
  3.638000E+03  3.674107E-07  1.062384E-04 -1.142263E-06  1.930801E-04 -1.481825E-02  2.051027E-08  2.051300E-08
  3.639000E+03 -7.343471E-07  1.064421E-04 -9.434743E-08  1.926942E-04 -4.286288E-03  2.051059E-08  2.051147E-08
  3.640000E+03  2.623549E-07  1.067526E-04  1.251474E-06  1.921322E-04 -1.396066E-02  2.050860E-08  2.051216E-08
  3.641000E+03  5.195768E-07  1.061707E-04 -9.875243E-07  1.931874E-04 -1.244891E-02  2.050926E-08  2.051136E-08
  3.642000E+03 -7.179768E-07  1.065978E-04 -4.097821E-07  1.923990E-04 -4.839514E-03  2.050907E-08  2.051037E-08
  3.643000E+03  9.763496E-08  1.066572E-04  1.360592E-06  1.922959E-04 -1.599681E-02  2.050712E-08  2.051099E-08
  3.644000E+03  6.432941E-07  1.061628E-04 -7.634318E-07  1.931906E-04 -9.850897E-03  2.050866E-08  2.051020E-08
  3.645000E+03 -6.577257E-07  1.067200E-04 -7.090948E-07  1.921667E-04 -6.520261E-03  2.050760E-08  2.050953E-08
  3.646000E+03 -7.765444E-08  1.065105E-04  1.395338E-06  1.925542E-04 -1.694942E-02  2.050610E-08  2.050992E-08
  3.647000E+03  7.329164E-07  1.062041E-04 -4.943271E-07  1.931075E-04 -7.231933E-03  2.050828E-08  2.050938E-08
  3.648000E+03 -5.591076E-07  1.067920E-04 -9.740341E-07  1.920311E-04 -8.999784E-03  2.050655E-08  2.050918E-08
  3.649000E+03 -2.527611E-07  1.063556E-04  1.348770E-06  1.928310E-04 -1.666685E-02  2.050580E-08  2.050929E-08
  3.650000E+03  7.815130E-07  1.063048E-04 -1.908598E-07  1.929177E-04 -5.287341E-03  2.050779E-08  2.050867E-08
  3.651000E+03 -4.319140E-07  1.068041E-04 -1.187031E-06  1.920075E-04 -1.176547E-02  2.050576E-08  2.050904E-08
  3.652000E+03 -4.120154E-07  1.062254E-04  1.237316E-06  1.930672E-04 -1.489494E-02  2.050637E-08  2.050922E-08
  3.653000E+03  7.927285E-07  1.064536E-04  1.141942E-07  1.926436E-04 -4.265020E-03  2.050742E-08  2.050841E-08
  3.654000E+03 -2.809347E-07  1.067507E-04 -1.338577E-06  1.921070E-04 -1.433136E-02  2.050544E-08  2.050919E-08
  3.655000E+03 -5.514032E-07  1.061544E-04  1.056665E-06  1.932009E-04 -1.219826E-02  2.050761E-08  2.050973E-08
  3.656000E+03  7.629916E-07  1.066186E-04  4.186653E-07  1.923471E-04 -4.726533E-03  2.050755E-08  2.050898E-08
  3.657000E+03 -1.176799E-07  1.066412E-04 -1.429994E-06  1.923134E-04 -1.635633E-02  2.050579E-08  2.050980E-08
  3.658000E+03 -6.690025E-07  1.061540E-04  8.346360E-07  1.932082E-04 -9.178812E-03  2.050896E-08  2.051044E-08
  3.659000E+03  7.047061E-07  1.067552E-04  7.110735E-07  1.921095E-04 -6.652228E-03  2.050824E-08  2.051037E-08
  3.660000E+03  5.379824E-08  1.064851E-04 -1.473452E-06  1.926079E-04 -1.707953E-02  2.050689E-08  2.051076E-08
  3.661000E+03 -7.635469E-07  1.062252E-04  5.748653E-07  1.930842E-04 -6.461370E-03  2.050997E-08  2.051102E-08
  3.662000E+03  6.131234E-07  1.068320E-04  9.846417E-07  1.919825E-04 -9.498887E-03  2.050896E-08  2.051189E-08
  3.663000E+03  2.304087E-07  1.063288E-04 -1.444450E-06  1.929048E-04 -1.652900E-02  2.050853E-08  2.051201E-08
  3.664000E+03 -8.240695E-07  1.063524E-04  2.745167E-07  1.928585E-04 -4.703714E-03  2.051074E-08  2.051167E-08
  3.665000E+03  4.843986E-07  1.068310E-04  1.220045E-06  1.919963E-04 -1.269811E-02  2.050951E-08  2.051316E-08
  3.666000E+03  4.060083E-07  1.062081E-04 -1.334082E-06  1.931379E-04 -1.474319E-02  2.051058E-08  2.051345E-08
  3.667000E+03 -8.452148E-07  1.065167E-04 -6.411188E-08  1.925715E-04 -4.321109E-03  2.051189E-08  2.051306E-08
  3.668000E+03  3.264482E-07  1.067552E-04  1.405884E-06  1.921492E-04 -1.537496E-02  2.051049E-08  2.051460E-08
  3.669000E+03  5.670473E-07  1.061521E-04 -1.162803E-06  1.932481E-04 -1.179841E-02  2.051226E-08  2.051437E-08
  3.670000E+03 -8.244661E-07  1.066750E-04 -4.002710E-07  1.922949E-04 -5.122320E-03  2.051279E-08  2.051447E-08
  3.671000E+03  1.496766E-07  1.066212E-04  1.515292E-06  1.924058E-04 -1.694960E-02  2.051159E-08  2.051577E-08
  3.672000E+03  6.979569E-07  1.061684E-04 -9.136201E-07  1.932213E-04 -8.692464E-03  2.051322E-08  2.051467E-08
  3.673000E+03 -7.473186E-07  1.067943E-04 -7.276766E-07  1.920865E-04 -7.240484E-03  2.051322E-08  2.051560E-08
  3.674000E+03 -4.619051E-08  1.064653E-04  1.531196E-06  1.926990E-04 -1.732204E-02  2.051267E-08  2.051660E-08
  3.675000E+03  7.906938E-07  1.062562E-04 -6.012343E-07  1.930635E-04 -6.137020E-03  2.051381E-08  2.051487E-08
  3.676000E+03 -6.294054E-07  1.068474E-04 -1.016674E-06  1.919947E-04 -1.000393E-02  2.051311E-08  2.051621E-08
  3.677000E+03 -2.443995E-07  1.063137E-04  1.470167E-06  1.929737E-04 -1.606453E-02  2.051310E-08  2.051643E-08
  3.678000E+03  8.454116E-07  1.063869E-04 -2.532962E-07  1.928260E-04 -4.318501E-03  2.051397E-08  2.051492E-08
  3.679000E+03 -4.783613E-07  1.068206E-04 -1.258588E-06  1.920457E-04 -1.277940E-02  2.051275E-08  2.051637E-08
  3.680000E+03 -4.286582E-07  1.061984E-04  1.328171E-06  1.931738E-04 -1.376679E-02  2.051280E-08  2.051540E-08
  3.681000E+03  8.488541E-07  1.065415E-04  1.117447E-07  1.925405E-04 -3.837342E-03  2.051341E-08  2.051460E-08
  3.682000E+03 -2.984017E-07  1.067326E-04 -1.422759E-06  1.922037E-04 -1.522405E-02  2.051201E-08  2.051598E-08
  3.683000E+03 -5.892155E-07  1.061442E-04  1.106999E-06  1.932570E-04 -1.092225E-02  2.051188E-08  2.051377E-08
  3.684000E+03  8.026839E-07  1.066909E-04  4.731727E-07  1.922614E-04 -4.823572E-03  2.051230E-08  2.051401E-08
  3.685000E+03 -9.673044E-08  1.065990E-04 -1.507401E-06  1.924412E-04 -1.685703E-02  2.051113E-08  2.051520E-08
  3.686000E+03 -7.204652E-07  1.061498E-04  8.152230E-07  1.932317E-04 -8.019906E-03  2.051085E-08  2.051218E-08
  3.687000E+03  7.080110E-07  1.067952E-04  8.176283E-07  1.920625E-04 -6.910647E-03  2.051087E-08  2.051322E-08
  3.688000E+03  1.166149E-07  1.064338E-04 -1.501774E-06  1.927338E-04 -1.728533E-02  2.051033E-08  2.051419E-08
  3.689000E+03 -8.079816E-07  1.062216E-04  4.587575E-07  1.930910E-04 -5.474780E-03  2.051012E-08  2.051108E-08
  3.690000E+03  5.679272E-07  1.068460E-04  1.117243E-06  1.919627E-04 -9.935314E-03  2.050943E-08  2.051254E-08
  3.691000E+03  3.271376E-07  1.062754E-04 -1.410495E-06  1.930072E-04 -1.652157E-02  2.050912E-08  2.051258E-08
  3.692000E+03 -8.515396E-07  1.063508E-04  7.517148E-08  1.928460E-04 -3.988488E-03  2.050917E-08  2.051006E-08
  3.693000E+03  3.939047E-07  1.068276E-04  1.355024E-06  1.919909E-04 -1.335982E-02  2.050810E-08  2.051195E-08
  3.694000E+03  5.206985E-07  1.061482E-04 -1.231256E-06  1.932176E-04 -1.458232E-02  2.050753E-08  2.051038E-08
  3.695000E+03 -8.427494E-07  1.065155E-04 -3.179022E-07  1.925357E-04 -3.611833E-03  2.050791E-08  2.050907E-08
  3.696000E+03  1.919606E-07  1.067440E-04  1.514018E-06  1.921401E-04 -1.608332E-02  2.050716E-08  2.051151E-08
  3.697000E+03  6.861288E-07  1.060857E-04 -9.676934E-07  1.933147E-04 -1.150918E-02  2.050658E-08  2.050867E-08
  3.698000E+03 -7.817001E-07  1.066890E-04 -6.984183E-07  1.922152E-04 -4.501441E-03  2.050705E-08  2.050880E-08
  3.699000E+03 -2.678118E-08  1.066066E-04  1.584419E-06  1.923895E-04 -1.796166E-02  2.050668E-08  2.051125E-08
  3.700000E+03  8.159280E-07  1.060926E-04 -6.375564E-07  1.932929E-04 -8.148870E-03  2.050626E-08  2.050771E-08
  3.701000E+03 -6.751903E-07  1.068250E-04 -1.056365E-06  1.919708E-04 -6.709939E-03  2.050682E-08  2.050940E-08
  3.702000E+03 -2.530554E-07  1.064224E-04  1.570465E-06  1.927229E-04 -1.844313E-02  2.050654E-08  2.051093E-08
  3.703000E+03  9.045249E-07  1.061716E-04 -2.638944E-07  1.931453E-04 -5.016200E-03  2.050629E-08  2.050732E-08
  3.704000E+03 -5.295674E-07  1.068913E-04 -1.360360E-06  1.918578E-04 -9.915037E-03  2.050692E-08  2.051039E-08
  3.705000E+03 -4.651046E-07  1.062388E-04  1.468916E-06  1.930551E-04 -1.742754E-02  2.050682E-08  2.051073E-08
  3.706000E+03  9.492872E-07  1.063216E-04  1.221887E-07  1.928759E-04 -3.030128E-03  2.050678E-08  2.050775E-08
  3.707000E+03 -3.503927E-07  1.068784E-04 -1.605418E-06  1.918945E-04 -1.360134E-02  2.050748E-08  2.051182E-08
  3.708000E+03 -6.647439E-07  1.060969E-04  1.277201E-06  1.933139E-04 -1.514321E-02  2.050765E-08  2.051089E-08
  3.709000E+03  9.415603E-07  1.065125E-04  5.291513E-07  1.925411E-04 -2.494619E-03  2.050797E-08  2.050926E-08
  3.710000E+03 -1.417535E-07  1.067866E-04 -1.768704E-06  1.920789E-04 -1.676159E-02  2.050856E-08  2.051351E-08
  3.711000E+03 -8.349748E-07  1.060280E-04  1.004749E-06  1.934392E-04 -1.178160E-02  2.050854E-08  2.051099E-08
  3.712000E+03  8.796334E-07  1.067105E-04  9.212719E-07  1.921978E-04 -3.641704E-03  2.050939E-08  2.051137E-08
  3.713000E+03  8.181405E-08  1.066320E-04 -1.837704E-06  1.923771E-04 -1.889372E-02  2.050990E-08  2.051511E-08
  3.714000E+03 -9.674768E-07  1.060479E-04  6.658093E-07  1.934035E-04 -8.098139E-03  2.050936E-08  2.051110E-08
  3.715000E+03  7.700926E-07  1.068729E-04  1.288018E-06  1.919190E-04 -6.280720E-03  2.051054E-08  2.051352E-08
  3.716000E+03  3.137064E-07  1.064467E-04 -1.824495E-06  1.927275E-04 -1.957268E-02  2.051127E-08  2.051639E-08
  3.717000E+03 -1.063249E-06  1.061540E-04  2.852776E-07  1.932167E-04 -4.961771E-03  2.051047E-08  2.051179E-08
  3.718000E+03  6.212423E-07  1.069477E-04  1.610853E-06  1.918007E-04 -9.904177E-03  2.051164E-08  2.051565E-08
  3.719000E+03  5.441653E-07  1.062486E-04 -1.725693E-06  1.930921E-04 -1.839155E-02  2.051229E-08  2.051685E-08
  3.720000E+03 -1.116098E-06  1.063196E-04 -1.389975E-07  1.929270E-04 -2.702420E-03  2.051185E-08  2.051311E-08
  3.721000E+03  4.300821E-07  1.069320E-04  1.881505E-06  1.918477E-04 -1.361439E-02  2.051276E-08  2.051763E-08
  3.722000E+03  7.635600E-07  1.061002E-04 -1.530546E-06  1.933587E-04 -1.571084E-02  2.051286E-08  2.051662E-08
  3.723000E+03 -1.118145E-06  1.065266E-04 -5.781511E-07  1.925630E-04 -2.157088E-03  2.051304E-08  2.051466E-08
  3.724000E+03  2.116736E-07  1.068282E-04  2.081622E-06  1.920503E-04 -1.700424E-02  2.051342E-08  2.051893E-08
  3.725000E+03  9.588211E-07  1.060248E-04 -1.262120E-06  1.934869E-04 -1.211654E-02  2.051290E-08  2.051582E-08
  3.726000E+03 -1.070580E-06  1.067189E-04 -1.014376E-06  1.922219E-04 -3.347532E-03  2.051360E-08  2.051594E-08
  3.727000E+03 -3.081065E-08  1.066424E-04  2.193357E-06  1.923909E-04 -1.900349E-02  2.051333E-08  2.051898E-08
  3.728000E+03  1.118398E-06  1.060347E-04 -9.128184E-07  1.934592E-04 -7.985437E-03  2.051274E-08  2.051488E-08
  3.729000E+03 -9.653447E-07  1.068653E-04 -1.426679E-06  1.919604E-04 -5.804528E-03  2.051356E-08  2.051681E-08
  3.730000E+03 -2.849278E-07  1.064318E-04  2.201037E-06  1.927658E-04 -1.937553E-02  2.051257E-08  2.051797E-08
  3.731000E+03  1.231838E-06  1.061353E-04 -4.980682E-07  1.932686E-04 -4.511788E-03  2.051241E-08  2.051409E-08
  3.732000E+03 -8.017581E-07  1.069359E-04 -1.789650E-06  1.918334E-04 -9.348066E-03  2.051297E-08  2.051719E-08
  3.733000E+03 -5.394644E-07  1.062338E-04  2.084685E-06  1.931124E-04 -1.816603E-02  2.051167E-08  2.051652E-08
  3.734000E+03  1.285627E-06  1.063032E-04 -3.155988E-08  1.929571E-04 -2.371427E-03  2.051191E-08  2.051350E-08
  3.735000E+03 -5.912424E-07  1.069169E-04 -2.075722E-06  1.918632E-04 -1.328730E-02  2.051162E-08  2.051669E-08
  3.736000E+03 -7.695348E-07  1.060810E-04  1.864277E-06  1.933691E-04 -1.543317E-02  2.051034E-08  2.051434E-08
  3.737000E+03  1.274371E-06  1.065089E-04  4.412853E-07  1.925756E-04 -1.630691E-03  2.051100E-08  2.051287E-08
  3.738000E+03 -3.501129E-07  1.068185E-04 -2.256466E-06  1.920309E-04 -1.663303E-02  2.050962E-08  2.051528E-08
  3.739000E+03 -9.642683E-07  1.060079E-04  1.554269E-06  1.934797E-04 -1.180901E-02  2.050894E-08  2.051203E-08
  3.740000E+03  1.205316E-06  1.067111E-04  8.871908E-07  1.922000E-04 -2.740435E-03  2.050980E-08  2.051232E-08
  3.741000E+03 -9.731511E-08  1.066571E-04 -2.336057E-06  1.923127E-04 -1.887116E-02  2.050785E-08  2.051372E-08
  3.742000E+03 -1.115523E-06  1.060321E-04  1.175468E-06  1.934200E-04 -8.101047E-03  2.050806E-08  2.051035E-08
  3.743000E+03  1.080685E-06  1.068727E-04  1.294413E-06  1.919004E-04 -5.492245E-03  2.050860E-08  2.051203E-08
  3.744000E+03  1.585748E-07  1.064635E-04 -2.309062E-06  1.926545E-04 -1.962291E-02  2.050672E-08  2.051239E-08
  3.745000E+03 -1.217015E-06  1.061290E-04  7.502534E-07  1.932354E-04 -4.890231E-03  2.050763E-08  2.050940E-08
  3.746000E+03  9.146927E-07  1.069441E-04  1.641113E-06  1.917640E-04 -9.146507E-03  2.050717E-08  2.051151E-08
  3.747000E+03  4.035000E-07  1.062606E-04 -2.191776E-06  1.930114E-04 -1.860691E-02  2.050596E-08  2.051099E-08
  3.748000E+03 -1.268637E-06  1.062840E-04  3.010108E-07  1.929512E-04 -2.663951E-03  2.050756E-08  2.050915E-08
  3.749000E+03  7.122383E-07  1.069341E-04  1.919747E-06  1.917813E-04 -1.307769E-02  2.050620E-08  2.051136E-08
  3.750000E+03  6.310165E-07  1.060976E-04 -1.983128E-06  1.932980E-04 -1.620552E-02  2.050576E-08  2.050994E-08
  3.751000E+03 -1.264263E-06  1.064799E-04 -1.536349E-07  1.925963E-04 -1.745678E-03  2.050761E-08  2.050938E-08
  3.752000E+03  4.873886E-07  1.068443E-04  2.105097E-06  1.919494E-04 -1.641845E-02  2.050594E-08  2.051161E-08
  3.753000E+03  8.216556E-07  1.060079E-04 -1.703802E-06  1.934555E-04 -1.253274E-02  2.050620E-08  2.050936E-08
  3.754000E+03 -1.207775E-06  1.066854E-04 -5.866237E-07  1.922255E-04 -2.422165E-03  2.050759E-08  2.050991E-08
  3.755000E+03  2.476167E-07  1.066922E-04  2.198919E-06  1.922336E-04 -1.873041E-02  2.050623E-08  2.051205E-08
  3.756000E+03  9.788560E-07  1.060109E-04 -1.361294E-06  1.934521E-04 -8.650098E-03  2.050727E-08  2.050956E-08
  3.757000E+03 -1.108120E-06  1.068590E-04 -9.882816E-07  1.919166E-04 -4.762051E-03  2.050779E-08  2.051096E-08
  3.758000E+03  7.000981E-09  1.065040E-04  2.213586E-06  1.925838E-04 -1.972563E-02  2.050696E-08  2.051260E-08
  3.759000E+03  1.095305E-06  1.060960E-04 -9.872917E-07  1.933054E-04 -5.202536E-03  2.050866E-08  2.051034E-08
  3.760000E+03 -9.774559E-07  1.069577E-04 -1.337895E-06  1.917478E-04 -8.206151E-03  2.050820E-08  2.051229E-08
  3.761000E+03 -2.216226E-07  1.063048E-04  2.161241E-06  1.929528E-04 -1.903956E-02  2.050809E-08  2.051317E-08
  3.762000E+03  1.174328E-06  1.062571E-04 -5.912075E-07  1.930228E-04 -2.745405E-03  2.050997E-08  2.051140E-08
  3.763000E+03 -8.163654E-07  1.069679E-04 -1.636663E-06  1.917454E-04 -1.224609E-02  2.050905E-08  2.051400E-08
  3.764000E+03 -4.464576E-07  1.061388E-04  2.035441E-06  1.932628E-04 -1.685559E-02  2.050978E-08  2.051404E-08
  3.765000E+03  1.210579E-06  1.064601E-04 -1.655034E-07  1.926667E-04 -1.840755E-03  2.051128E-08  2.051287E-08
  3.766000E+03 -6.215634E-07  1.068929E-04 -1.887483E-06  1.919013E-04 -1.608404E-02  2.051023E-08  2.051587E-08
  3.767000E+03 -6.637680E-07  1.060376E-04  1.833326E-06  1.934555E-04 -1.361584E-02  2.051165E-08  2.051500E-08
  3.768000E+03  1.207898E-06  1.066711E-04  2.775272E-07  1.922950E-04 -2.381410E-03  2.051225E-08  2.051441E-08
  3.769000E+03 -4.042645E-07  1.067457E-04 -2.074523E-06  1.921853E-04 -1.867624E-02  2.051138E-08  2.051728E-08
  3.770000E+03 -8.531394E-07  1.060207E-04  1.560515E-06  1.934896E-04 -9.606590E-03  2.051295E-08  2.051537E-08
  3.771000E+03  1.156094E-06  1.068450E-04  7.107211E-07  1.919885E-04 -4.416321E-03  2.051280E-08  2.051578E-08
  3.772000E+03 -1.594584E-07  1.065525E-04 -2.180992E-06  1.925476E-04 -1.980799E-02  2.051240E-08  2.051814E-08
  3.773000E+03 -1.016848E-06  1.060908E-04  1.199185E-06  1.933598E-04 -6.011799E-03  2.051332E-08  2.051508E-08
  3.774000E+03  1.046428E-06  1.069547E-04  1.138746E-06  1.917955E-04 -7.679081E-03  2.051282E-08  2.051674E-08
  3.775000E+03  1.054237E-07  1.063558E-04 -2.189311E-06  1.929095E-04 -1.936855E-02  2.051320E-08  2.051843E-08
  3.776000E+03 -1.138244E-06  1.062323E-04  7.682082E-07  1.930986E-04 -3.195006E-03  2.051319E-08  2.051464E-08
  3.777000E+03  8.874359E-07  1.069770E-04  1.523875E-06  1.917594E-04 -1.125054E-02  2.051256E-08  2.051728E-08
  3.778000E+03  3.662672E-07  1.061792E-04 -2.097580E-06  1.932251E-04 -1.714591E-02  2.051347E-08  2.051782E-08
  3.779000E+03 -1.207100E-06  1.064144E-04  3.022903E-07  1.927641E-04 -1.658161E-03  2.051285E-08  2.051437E-08
  3.780000E+03  6.870290E-07  1.069113E-04  1.832399E-06  1.918815E-04 -1.470238E-02  2.051207E-08  2.051737E-08
  3.781000E+03  6.097068E-07  1.060614E-04 -1.903846E-06  1.934255E-04 -1.394746E-02  2.051298E-08  2.051640E-08
  3.782000E+03 -1.218301E-06  1.066099E-04 -1.774795E-07  1.924018E-04 -1.712721E-03  2.051191E-08  2.051386E-08
  3.783000E+03  4.539804E-07  1.067820E-04  2.058420E-06  1.921159E-04 -1.751135E-02  2.051137E-08  2.051701E-08
  3.784000E+03  8.281712E-07  1.060199E-04 -1.619330E-06  1.934801E-04 -1.031812E-02  2.051165E-08  2.051422E-08
  3.785000E+03 -1.173565E-06  1.067842E-04 -6.669052E-07  1.920752E-04 -3.384577E-03  2.051048E-08  2.051316E-08
  3.786000E+03  1.895504E-07  1.065987E-04  2.194360E-06  1.924444E-04 -1.916472E-02  2.051056E-08  2.051620E-08
  3.787000E+03  1.010400E-06  1.060473E-04 -1.247664E-06  1.934081E-04 -6.736758E-03  2.050994E-08  2.051186E-08
  3.788000E+03 -1.068320E-06  1.068999E-04 -1.127798E-06  1.918554E-04 -6.252713E-03  2.050893E-08  2.051245E-08
  3.789000E+03 -8.935123E-08  1.063961E-04  2.221747E-06  1.928034E-04 -1.935616E-02  2.050969E-08  2.051501E-08
  3.790000E+03  1.145422E-06  1.061531E-04 -8.021060E-07  1.931971E-04 -3.892375E-03  2.050831E-08  2.050985E-08
  3.791000E+03 -9.104877E-07  1.069475E-04 -1.533245E-06  1.917636E-04 -1.000791E-02  2.050761E-08  2.051202E-08
  3.792000E+03 -3.615849E-07  1.062124E-04  2.138394E-06  1.931227E-04 -1.819500E-02  2.050863E-08  2.051340E-08
  3.793000E+03  1.223034E-06  1.063153E-04 -3.147483E-07  1.928890E-04 -2.356379E-03  2.050700E-08  2.050849E-08
  3.794000E+03 -7.040443E-07  1.069171E-04 -1.864922E-06  1.918202E-04 -1.385613E-02  2.050689E-08  2.051209E-08
  3.795000E+03 -6.160607E-07  1.060764E-04  1.944770E-06  1.933521E-04 -1.564967E-02  2.050757E-08  2.051153E-08
  3.796000E+03  1.238106E-06  1.065085E-04  1.897741E-07  1.925297E-04 -1.886912E-03  2.050601E-08  2.050779E-08
  3.797000E+03 -4.586307E-07  1.068228E-04 -2.101600E-06  1.919979E-04 -1.694344E-02  2.050680E-08  2.051251E-08
  3.798000E+03 -8.386863E-07  1.060079E-04  1.643147E-06  1.934602E-04 -1.215876E-02  2.050679E-08  2.050983E-08
  3.799000E+03  1.187548E-06  1.067040E-04  6.793549E-07  1.921744E-04 -2.905329E-03  2.050568E-08  2.050810E-08
  3.800000E+03 -1.936891E-07  1.066684E-04 -2.225061E-06  1.922874E-04 -1.908489E-02  2.050727E-08  2.051315E-08
  3.801000E+03 -1.018388E-06  1.060095E-04  1.264171E-06  1.934456E-04 -8.422926E-03  2.050634E-08  2.050858E-08
  3.802000E+03  1.082100E-06  1.068522E-04  1.132135E-06  1.919115E-04 -5.218545E-03  2.050588E-08  2.050911E-08
  3.803000E+03  7.739595E-08  1.064712E-04 -2.244128E-06  1.926533E-04 -1.973132E-02  2.050804E-08  2.051366E-08
  3.804000E+03 -1.142030E-06  1.060865E-04  8.334823E-07  1.933001E-04 -5.054235E-03  2.050626E-08  2.050794E-08
  3.805000E+03  9.259437E-07  1.069355E-04  1.513089E-06  1.917724E-04 -8.592546E-03  2.050651E-08  2.051062E-08
  3.806000E+03  3.310631E-07  1.062783E-04 -2.153541E-06  1.930088E-04 -1.893052E-02  2.050898E-08  2.051405E-08
  3.807000E+03 -1.211242E-06  1.062366E-04  3.764816E-07  1.930319E-04 -2.844192E-03  2.050697E-08  2.050843E-08
  3.808000E+03  7.298745E-07  1.069380E-04  1.816370E-06  1.917869E-04 -1.243569E-02  2.050772E-08  2.051262E-08
  3.809000E+03  5.679208E-07  1.061203E-04 -1.958394E-06  1.932961E-04 -1.665752E-02  2.050979E-08  2.051401E-08
  3.810000E+03 -1.218112E-06  1.064363E-04 -9.644422E-08  1.926805E-04 -1.953231E-03  2.050816E-08  2.050975E-08
  3.811000E+03  4.984263E-07  1.068605E-04  2.018618E-06  1.919507E-04 -1.584610E-02  2.050938E-08  2.051481E-08
  3.812000E+03  7.673606E-07  1.060345E-04 -1.666860E-06  1.934481E-04 -1.342842E-02  2.051031E-08  2.051358E-08
  3.813000E+03 -1.161797E-06  1.066397E-04 -5.482045E-07  1.923257E-04 -2.724543E-03  2.050947E-08  2.051153E-08
  3.814000E+03  2.529721E-07  1.067242E-04  2.118979E-06  1.922229E-04 -1.824541E-02  2.051143E-08  2.051705E-08
  3.815000E+03  9.283588E-07  1.060328E-04 -1.312612E-06  1.934484E-04 -9.894428E-03  2.051087E-08  2.051325E-08
  3.816000E+03 -1.060236E-06  1.068127E-04 -9.589756E-07  1.920267E-04 -4.948617E-03  2.051065E-08  2.051348E-08
  3.817000E+03  9.280611E-09  1.065508E-04  2.128783E-06  1.925572E-04 -1.940150E-02  2.051327E-08  2.051875E-08
  3.818000E+03  1.041321E-06  1.061009E-04 -9.192240E-07  1.933285E-04 -6.683127E-03  2.051187E-08  2.051359E-08
  3.819000E+03 -9.188042E-07  1.069027E-04 -1.309760E-06  1.918807E-04 -7.983404E-03  2.051190E-08  2.051549E-08
  3.820000E+03 -2.268875E-07  1.063630E-04  2.049642E-06  1.929023E-04 -1.878496E-02  2.051405E-08  2.051893E-08
  3.821000E+03  1.103855E-06  1.062344E-04 -4.985318E-07  1.930908E-04 -4.160597E-03  2.051271E-08  2.051407E-08
  3.822000E+03 -7.410935E-07  1.069209E-04 -1.588473E-06  1.918637E-04 -1.136473E-02  2.051291E-08  2.051720E-08
  3.823000E+03 -4.413242E-07  1.062087E-04  1.882350E-06  1.931757E-04 -1.693214E-02  2.051400E-08  2.051810E-08
  3.824000E+03  1.115464E-06  1.064100E-04 -8.276187E-08  1.927744E-04 -3.050281E-03  2.051303E-08  2.051440E-08
  3.825000E+03 -5.456591E-07  1.068608E-04 -1.782677E-06  1.919854E-04 -1.465820E-02  2.051351E-08  2.051833E-08
  3.826000E+03 -6.240211E-07  1.060973E-04  1.645497E-06  1.933658E-04 -1.412169E-02  2.051355E-08  2.051675E-08
  3.827000E+03  1.076416E-06  1.065799E-04  3.203252E-07  1.924666E-04 -3.101145E-03  2.051297E-08  2.051462E-08
  3.828000E+03 -3.318026E-07  1.067321E-04 -1.886998E-06  1.922227E-04 -1.690483E-02  2.051340E-08  2.051833E-08
  3.829000E+03 -7.667827E-07  1.060622E-04  1.346116E-06  1.934152E-04 -1.061656E-02  2.051290E-08  2.051518E-08
  3.830000E+03  9.968811E-07  1.067287E-04  6.814589E-07  1.921969E-04 -4.545141E-03  2.051272E-08  2.051491E-08
  3.831000E+03 -1.191192E-07  1.065671E-04 -1.910503E-06  1.925150E-04 -1.803929E-02  2.051243E-08  2.051720E-08
  3.832000E+03 -8.696606E-07  1.061037E-04  1.003724E-06  1.933257E-04 -7.414110E-03  2.051200E-08  2.051358E-08
  3.833000E+03  8.732772E-07  1.068273E-04  1.000576E-06  1.920155E-04 -7.122458E-03  2.051197E-08  2.051481E-08
  3.834000E+03  9.155344E-08  1.063947E-04 -1.843723E-06  1.928145E-04 -1.797457E-02  2.051113E-08  2.051549E-08
  3.835000E+03 -9.271876E-07  1.062081E-04  6.337547E-07  1.931223E-04 -4.983266E-03  2.051089E-08  2.051204E-08
  3.836000E+03  7.174810E-07  1.068602E-04  1.246532E-06  1.919489E-04 -1.012688E-02  2.051064E-08  2.051409E-08
  3.837000E+03  2.793165E-07  1.062495E-04 -1.690187E-06  1.930597E-04 -1.653265E-02  2.050969E-08  2.051336E-08
  3.838000E+03 -9.353805E-07  1.063561E-04  2.605189E-07  1.928408E-04 -3.503094E-03  2.050967E-08  2.051069E-08
  3.839000E+03  5.419605E-07  1.068338E-04  1.412323E-06  1.919886E-04 -1.309536E-02  2.050910E-08  2.051308E-08
  3.840000E+03  4.335579E-07  1.061503E-04 -1.472936E-06  1.932213E-04 -1.427915E-02  2.050841E-08  2.051128E-08
  3.841000E+03 -8.966492E-07  1.065222E-04 -8.280205E-08  1.925303E-04 -3.428596E-03  2.050863E-08  2.050985E-08
  3.842000E+03  3.580884E-07  1.067517E-04  1.485976E-06  1.921308E-04 -1.561730E-02  2.050779E-08  2.051207E-08
  3.843000E+03  5.453443E-07  1.061186E-04 -1.199083E-06  1.932644E-04 -1.158570E-02  2.050757E-08  2.050964E-08
  3.844000E+03 -8.121635E-07  1.066723E-04 -3.809396E-07  1.922527E-04 -4.714186E-03  2.050781E-08  2.050947E-08
  3.845000E+03  1.792556E-07  1.066200E-04  1.470830E-06  1.923642E-04 -1.719171E-02  2.050684E-08  2.051111E-08
  3.846000E+03  6.162748E-07  1.061292E-04 -9.115120E-07  1.932354E-04 -8.794169E-03  2.050713E-08  2.050852E-08
  3.847000E+03 -7.060702E-07  1.067741E-04 -6.166274E-07  1.920656E-04 -6.772956E-03  2.050717E-08  2.050937E-08
  3.848000E+03  2.118841E-08  1.064658E-04  1.400309E-06  1.926429E-04 -1.762819E-02  2.050669E-08  2.051065E-08
  3.849000E+03  6.558481E-07  1.061989E-04 -6.254540E-07  1.931057E-04 -6.440999E-03  2.050718E-08  2.050811E-08
  3.850000E+03 -5.824447E-07  1.068240E-04 -8.023509E-07  1.919774E-04 -9.403071E-03  2.050688E-08  2.050966E-08
  3.851000E+03 -1.185118E-07  1.063237E-04  1.271047E-06  1.929016E-04 -1.675823E-02  2.050712E-08  2.051051E-08
  3.852000E+03  6.547351E-07  1.063146E-04 -3.478164E-07  1.928975E-04 -4.682586E-03  2.050760E-08  2.050829E-08
  3.853000E+03 -4.491729E-07  1.068223E-04 -9.087616E-07  1.919883E-04 -1.195160E-02  2.050717E-08  2.051041E-08
  3.854000E+03 -2.281577E-07  1.062175E-04  1.101649E-06  1.930956E-04 -1.485927E-02  2.050787E-08  2.051051E-08
  3.855000E+03  6.211863E-07  1.064608E-04 -9.536486E-08  1.926388E-04 -4.047485E-03  2.050830E-08  2.050906E-08
  3.856000E+03 -3.169354E-07  1.067682E-04 -9.606222E-07  1.920984E-04 -1.423855E-02  2.050792E-08  2.051148E-08
  3.857000E+03 -3.123393E-07  1.061669E-04  9.167613E-07  1.931912E-04 -1.251551E-02  2.050891E-08  2.051084E-08
  3.858000E+03  5.689338E-07  1.066068E-04  1.201718E-07  1.923840E-04 -4.671126E-03  2.050921E-08  2.051031E-08
  3.859000E+03 -1.980490E-07  1.066671E-04 -9.630004E-07  1.922980E-04 -1.592913E-02  2.050926E-08  2.051289E-08
  3.860000E+03 -3.666531E-07  1.061653E-04  7.358729E-07  1.931990E-04 -9.960397E-03  2.051001E-08  2.051131E-08
  3.861000E+03  5.074903E-07  1.067189E-04  2.838580E-07  1.921904E-04 -6.289527E-03  2.050994E-08  2.051153E-08
  3.862000E+03 -9.755476E-08  1.065429E-04 -9.381718E-07  1.925385E-04 -1.662720E-02  2.051078E-08  2.051424E-08
  3.863000E+03 -4.005387E-07  1.062180E-04  5.629057E-07  1.931094E-04 -7.834423E-03  2.051107E-08  2.051193E-08
  3.864000E+03  4.395132E-07  1.067813E-04  4.124945E-07  1.920885E-04 -8.554455E-03  2.051071E-08  2.051285E-08
  3.865000E+03 -5.261348E-09  1.064206E-04 -8.856507E-07  1.927735E-04 -1.637197E-02  2.051232E-08  2.051542E-08
  3.866000E+03 -4.188933E-07  1.063138E-04  3.864033E-07  1.929444E-04 -6.460114E-03  2.051223E-08  2.051289E-08
  3.867000E+03  3.699642E-07  1.067918E-04  5.203768E-07  1.920841E-04 -1.101815E-02  2.051176E-08  2.051439E-08
  3.868000E+03  8.046425E-08  1.063238E-04 -8.259279E-07  1.929564E-04 -1.513585E-02  2.051350E-08  2.051608E-08
  3.869000E+03 -4.261346E-07  1.064294E-04  2.230436E-07  1.927414E-04 -5.615346E-03  2.051303E-08  2.051370E-08
  3.870000E+03  2.999841E-07  1.067571E-04  6.027277E-07  1.921624E-04 -1.292695E-02  2.051299E-08  2.051592E-08
  3.871000E+03  1.516532E-07  1.062596E-04 -7.527367E-07  1.930732E-04 -1.331574E-02  2.051407E-08  2.051607E-08
  3.872000E+03 -4.260227E-07  1.065415E-04  6.286887E-08  1.925406E-04 -5.679274E-03  2.051322E-08  2.051410E-08
  3.873000E+03  2.226975E-07  1.066888E-04  6.755562E-07  1.922987E-04 -1.441397E-02  2.051399E-08  2.051706E-08
  3.874000E+03  2.260757E-07  1.062398E-04 -6.505795E-07  1.931055E-04 -1.142543E-02  2.051414E-08  2.051565E-08
  3.875000E+03 -4.110635E-07  1.066350E-04 -1.092195E-07  1.923704E-04 -6.546052E-03  2.051298E-08  2.051420E-08
  3.876000E+03  1.326170E-07  1.066029E-04  7.248765E-07  1.924610E-04 -1.510805E-02  2.051455E-08  2.051756E-08
  3.877000E+03  2.901354E-07  1.062538E-04 -5.252874E-07  1.930726E-04 -9.405297E-03  2.051379E-08  2.051485E-08
  3.878000E+03 -3.806580E-07  1.066917E-04 -2.675192E-07  1.922648E-04 -7.669932E-03  2.051244E-08  2.051401E-08
  3.879000E+03  4.649014E-08  1.065033E-04  7.407269E-07  1.926371E-04 -1.504129E-02  2.051417E-08  2.051692E-08
  3.880000E+03  3.337327E-07  1.062996E-04 -3.893112E-07  1.929784E-04 -7.747824E-03  2.051291E-08  2.051369E-08
  3.881000E+03 -3.378351E-07  1.067170E-04 -3.971955E-07  1.922161E-04 -9.159501E-03  2.051187E-08  2.051378E-08
  3.882000E+03 -3.121751E-08  1.064140E-04  7.244512E-07  1.927870E-04 -1.450449E-02  2.051308E-08  2.051551E-08
  3.883000E+03  3.611761E-07  1.063677E-04 -2.554085E-07  1.928387E-04 -6.676061E-03  2.051135E-08  2.051203E-08
  3.884000E+03 -2.868701E-07  1.067183E-04 -5.030577E-07  1.922117E-04 -1.077481E-02  2.051133E-08  2.051357E-08
  3.885000E+03 -1.099141E-07  1.063434E-04  6.865143E-07  1.929006E-04 -1.362870E-02  2.051180E-08  2.051390E-08
  3.886000E+03  3.764235E-07  1.064371E-04 -9.828717E-08  1.926961E-04 -6.300227E-03  2.050960E-08  2.051032E-08
  3.887000E+03 -2.234353E-07  1.066819E-04 -5.912636E-07  1.922759E-04 -1.215878E-02  2.051085E-08  2.051329E-08
  3.888000E+03 -1.824949E-07  1.062895E-04  6.183168E-07  1.929843E-04 -1.243648E-02  2.051062E-08  2.051236E-08
  3.889000E+03  3.739610E-07  1.065057E-04  5.951630E-08  1.925596E-04 -6.473492E-03  2.050826E-08  2.050914E-08
  3.890000E+03 -1.486219E-07  1.066291E-04 -6.475099E-07  1.923689E-04 -1.342589E-02  2.051028E-08  2.051289E-08
  3.891000E+03 -2.414663E-07  1.062647E-04  5.183804E-07  1.930138E-04 -1.119776E-02  2.050926E-08  2.051069E-08
  3.892000E+03  3.538706E-07  1.065707E-04  2.025339E-07  1.924362E-04 -7.298936E-03  2.050751E-08  2.050867E-08
  3.893000E+03 -6.866138E-08  1.065630E-04 -6.703740E-07  1.924849E-04 -1.445002E-02  2.050964E-08  2.051235E-08
  3.894000E+03 -2.877727E-07  1.062642E-04  3.897532E-07  1.929961E-04 -1.001480E-02  2.050756E-08  2.050872E-08
  3.895000E+03  3.149057E-07  1.066247E-04  3.316453E-07  1.923360E-04 -8.274289E-03  2.050706E-08  2.050853E-08
  3.896000E+03  1.157492E-08  1.064963E-04 -6.561844E-07  1.926016E-04 -1.467143E-02  2.050915E-08  2.051177E-08
  3.897000E+03 -3.135091E-07  1.062969E-04  2.440969E-07  1.929237E-04 -8.755760E-03  2.050641E-08  2.050734E-08
  3.898000E+03  2.554334E-07  1.066626E-04  4.280833E-07  1.922706E-04 -9.382725E-03  2.050718E-08  2.050895E-08
  3.899000E+03  8.231095E-08  1.064359E-04 -5.923586E-07  1.927105E-04 -1.440335E-02  2.050920E-08  2.051161E-08
  3.900000E+03 -3.135100E-07  1.063493E-04  9.248428E-08  1.928288E-04 -7.884692E-03  2.050658E-08  2.050738E-08
  3.901000E+03  1.837502E-07  1.066725E-04  4.867309E-07  1.922648E-04 -1.058674E-02  2.050822E-08  2.051024E-08
  3.902000E+03  1.409117E-07  1.063700E-04 -4.973089E-07  1.928296E-04 -1.371884E-02  2.050936E-08  2.051146E-08
  3.903000E+03 -2.896492E-07  1.064076E-04 -4.647376E-08  1.927307E-04 -7.239252E-03  2.050747E-08  2.050824E-08
  3.904000E+03  1.089027E-07  1.066579E-04  4.938318E-07  1.923096E-04 -1.178886E-02  2.050991E-08  2.051212E-08
  3.905000E+03  1.750063E-07  1.063171E-04 -3.749899E-07  1.929249E-04 -1.280674E-02  2.050954E-08  2.051133E-08
  3.906000E+03 -2.452645E-07  1.064719E-04 -1.478819E-07  1.926220E-04 -7.149176E-03  2.050830E-08  2.050914E-08
  3.907000E+03  4.155540E-08  1.066286E-04  4.572651E-07  1.923804E-04 -1.293341E-02  2.051154E-08  2.051393E-08
  3.908000E+03  1.872067E-07  1.062882E-04 -2.422738E-07  1.929800E-04 -1.185077E-02  2.051005E-08  2.051156E-08
  3.909000E+03 -1.828546E-07  1.065306E-04 -2.267466E-07  1.925241E-04 -7.430116E-03  2.050915E-08  2.051014E-08
  3.910000E+03 -2.246150E-08  1.065889E-04  3.817179E-07  1.924629E-04 -1.368233E-02  2.051248E-08  2.051493E-08
  3.911000E+03  1.719555E-07  1.062883E-04 -9.949891E-08  1.929855E-04 -1.072266E-02  2.051092E-08  2.051215E-08
  3.912000E+03 -1.044927E-07  1.065884E-04 -2.488182E-07  1.924342E-04 -8.124003E-03  2.051057E-08  2.051178E-08
  3.913000E+03 -6.361563E-08  1.065384E-04  2.602807E-07  1.925619E-04 -1.414431E-02  2.051318E-08  2.051561E-08
  3.914000E+03  1.290051E-07  1.063156E-04  2.164200E-08  1.929425E-04 -9.683140E-03  2.051185E-08  2.051286E-08
  3.915000E+03 -3.209426E-08  1.066372E-04 -2.264716E-07  1.923658E-04 -9.060364E-03  2.051251E-08  2.051400E-08
  3.916000E+03 -8.219755E-08  1.064907E-04  1.360469E-07  1.926544E-04 -1.432670E-02  2.051380E-08  2.051617E-08
  3.917000E+03  7.485104E-08  1.063560E-04  1.069909E-07  1.928732E-04 -8.934492E-03  2.051239E-08  2.051329E-08
  3.918000E+03  2.755901E-08  1.066590E-04 -1.691630E-07  1.923437E-04 -1.014705E-02  2.051412E-08  2.051587E-08
  3.919000E+03 -7.694790E-08  1.064268E-04  1.260940E-08  1.927740E-04 -1.399763E-02  2.051432E-08  2.051648E-08
  3.920000E+03  8.845174E-09  1.063946E-04  1.511041E-07  1.928041E-04 -8.164274E-03  2.051263E-08  2.051344E-08
  3.921000E+03  7.387258E-08  1.066646E-04 -7.437321E-08  1.923409E-04 -1.109445E-02  2.051471E-08  2.051668E-08
  3.922000E+03 -4.586010E-08  1.063777E-04 -1.063419E-07  1.928632E-04 -1.334539E-02  2.051452E-08  2.051644E-08
  3.923000E+03 -6.176692E-08  1.064459E-04  1.414138E-07  1.927125E-04 -7.771707E-03  2.051285E-08  2.051366E-08
  3.924000E+03  9.282765E-08  1.066513E-04  4.199240E-08  1.923643E-04 -1.220636E-02  2.051439E-08  2.051658E-08
  3.925000E+03  1.102182E-08  1.063388E-04 -1.948705E-07  1.929294E-04 -1.252951E-02  2.051426E-08  2.051593E-08
  3.926000E+03 -1.284820E-07  1.064966E-04  8.307288E-08  1.926237E-04 -7.672574E-03  2.051317E-08  2.051407E-08
  3.927000E+03  9.180668E-08  1.066059E-04  1.788346E-07  1.924425E-04 -1.304146E-02  2.051377E-08  2.051606E-08
  3.928000E+03  8.558461E-08  1.063073E-04 -2.549129E-07  1.929752E-04 -1.121258E-02  2.051337E-08  2.051471E-08
  3.929000E+03 -1.835959E-07  1.065515E-04 -2.164002E-08  1.925229E-04 -7.727356E-03  2.051300E-08  2.051404E-08
  3.930000E+03  5.808428E-08  1.065513E-04  3.086734E-07  1.925359E-04 -1.361424E-02  2.051305E-08  2.051537E-08
  3.931000E+03  1.634072E-07  1.062984E-04 -2.600184E-07  1.929779E-04 -9.938250E-03  2.051222E-08  2.051330E-08
  3.932000E+03 -2.174478E-07  1.066013E-04 -1.453318E-07  1.924266E-04 -8.290491E-03  2.051223E-08  2.051352E-08
  3.933000E+03  7.284923E-09  1.064893E-04  4.234704E-07  1.926416E-04 -1.397768E-02  2.051226E-08  2.051457E-08
  3.934000E+03  2.397571E-07  1.063137E-04 -2.233421E-07  1.929369E-04 -8.849063E-03  2.051105E-08  2.051195E-08
  3.935000E+03 -2.266795E-07  1.066358E-04 -2.886832E-07  1.923536E-04 -9.328927E-03  2.051088E-08  2.051249E-08
  3.936000E+03 -6.684626E-08  1.064222E-04  5.049746E-07  1.927497E-04 -1.380041E-02  2.051089E-08  2.051307E-08
  3.937000E+03  3.075011E-07  1.063582E-04 -1.301994E-07  1.928445E-04 -7.786674E-03  2.050997E-08  2.051076E-08
  3.938000E+03 -2.062502E-07  1.066546E-04 -4.407483E-07  1.923105E-04 -1.053481E-02  2.050966E-08  2.051160E-08
  3.939000E+03 -1.562412E-07  1.063626E-04  5.434795E-07  1.928432E-04 -1.320075E-02  2.050952E-08  2.051150E-08
  3.940000E+03  3.632556E-07  1.064283E-04  7.218232E-09  1.927084E-04 -7.147842E-03  2.050911E-08  2.050993E-08
  3.941000E+03 -1.577409E-07  1.066513E-04 -5.952969E-07  1.923127E-04 -1.196876E-02  2.050892E-08  2.051121E-08
  3.942000E+03 -2.595528E-07  1.063219E-04  5.357627E-07  1.929061E-04 -1.229684E-02  2.050860E-08  2.051034E-08
  3.943000E+03  4.046759E-07  1.065159E-04  1.901393E-07  1.925436E-04 -7.145390E-03  2.050843E-08  2.050946E-08
  3.944000E+03 -7.931867E-08  1.066207E-04 -7.463592E-07  1.923661E-04 -1.336972E-02  2.050837E-08  2.051098E-08
  3.945000E+03 -3.675194E-07  1.062924E-04  4.704662E-07  1.929527E-04 -1.110263E-02  2.050815E-08  2.050963E-08
  3.946000E+03  4.143009E-07  1.065842E-04  4.009223E-07  1.924167E-04 -7.598194E-03  2.050799E-08  2.050930E-08
  3.947000E+03  2.723204E-08  1.065539E-04 -8.494856E-07  1.924854E-04 -1.425160E-02  2.050798E-08  2.051070E-08
  3.948000E+03 -4.589602E-07  1.062877E-04  3.345510E-07  1.929606E-04 -9.726230E-03  2.050837E-08  2.050959E-08
  3.949000E+03  3.853105E-07  1.066405E-04  6.064196E-07  1.923192E-04 -8.559257E-03  2.050826E-08  2.050992E-08
  3.950000E+03  1.431857E-07  1.064753E-04 -8.935807E-07  1.926308E-04 -1.465205E-02  2.050822E-08  2.051091E-08
  3.951000E+03 -5.328182E-07  1.063162E-04  1.613607E-07  1.929116E-04 -8.294233E-03  2.050893E-08  2.050994E-08
  3.952000E+03  3.273442E-07  1.066808E-04  8.028777E-07  1.922551E-04 -9.724040E-03  2.050896E-08  2.051101E-08
  3.953000E+03  2.724367E-07  1.063974E-04 -8.851997E-07  1.927771E-04 -1.422227E-02  2.050892E-08  2.051140E-08
  3.954000E+03 -5.815074E-07  1.063808E-04 -5.941392E-08  1.928008E-04 -7.081338E-03  2.050979E-08  2.051072E-08
  3.955000E+03  2.379480E-07  1.066977E-04  9.703442E-07  1.922364E-04 -1.118582E-02  2.050990E-08  2.051234E-08
  3.956000E+03  3.969843E-07  1.063343E-04 -8.102760E-07  1.928988E-04 -1.333361E-02  2.050993E-08  2.051213E-08
  3.957000E+03 -5.930349E-07  1.064708E-04 -3.010097E-07  1.926471E-04 -6.505377E-03  2.051086E-08  2.051188E-08
  3.958000E+03  1.188292E-07  1.066843E-04  1.086868E-06  1.922727E-04 -1.281326E-02  2.051079E-08  2.051361E-08
  3.959000E+03  5.096319E-07  1.062854E-04 -6.651972E-07  1.929949E-04 -1.210682E-02  2.051103E-08  2.051291E-08
  3.960000E+03 -5.657099E-07  1.065599E-04 -5.498722E-07  1.924966E-04 -6.485998E-03  2.051199E-08  2.051322E-08
  3.961000E+03 -2.186368E-08  1.066347E-04  1.144911E-06  1.923731E-04 -1.419479E-02  2.051159E-08  2.051464E-08
  3.962000E+03  5.948372E-07  1.062665E-04 -4.585349E-07  1.930351E-04 -1.059387E-02  2.051201E-08  2.051355E-08
  3.963000E+03 -4.984545E-07  1.066437E-04 -7.754992E-07  1.923549E-04 -7.281487E-03  2.051289E-08  2.051448E-08
  3.964000E+03 -1.693387E-07  1.065569E-04  1.135607E-06  1.925242E-04 -1.512359E-02  2.051243E-08  2.051557E-08
  3.965000E+03  6.530904E-07  1.062796E-04 -2.149326E-07  1.930173E-04 -9.089284E-03  2.051296E-08  2.051422E-08
  3.966000E+03 -4.032639E-07  1.067105E-04 -9.660368E-07  1.922425E-04 -8.722370E-03  2.051350E-08  2.051555E-08
  3.967000E+03 -3.091303E-07  1.064668E-04  1.059055E-06  1.926944E-04 -1.547137E-02  2.051309E-08  2.051615E-08
  3.968000E+03  6.721867E-07  1.063274E-04  4.802164E-08  1.929364E-04 -7.558063E-03  2.051384E-08  2.051488E-08
  3.969000E+03 -2.770834E-07  1.067503E-04 -1.104401E-06  1.921752E-04 -1.029350E-02  2.051367E-08  2.051617E-08
  3.970000E+03 -4.361753E-07  1.063749E-04  9.110365E-07  1.928617E-04 -1.488230E-02  2.051337E-08  2.051612E-08
  3.971000E+03  6.486531E-07  1.064018E-04  3.222853E-07  1.928055E-04 -6.331351E-03  2.051445E-08  2.051539E-08
  3.972000E+03 -1.287595E-07  1.067515E-04 -1.174343E-06  1.921766E-04 -1.208295E-02  2.051364E-08  2.051654E-08
  3.973000E+03 -5.320028E-07  1.062970E-04  7.092818E-07  1.930010E-04 -1.376233E-02  2.051348E-08  2.051584E-08
  3.974000E+03  5.914027E-07  1.064999E-04  5.562450E-07  1.926274E-04 -5.852685E-03  2.051445E-08  2.051548E-08
  3.975000E+03  1.443796E-08  1.067145E-04 -1.178726E-06  1.922446E-04 -1.386526E-02  2.051331E-08  2.051654E-08
  3.976000E+03 -5.934506E-07  1.062427E-04  4.818594E-07  1.930919E-04 -1.196654E-02  2.051314E-08  2.051500E-08
  3.977000E+03  5.048370E-07  1.066035E-04  7.518715E-07  1.924347E-04 -5.863813E-03  2.051385E-08  2.051512E-08
  3.978000E+03  1.545632E-07  1.066318E-04 -1.124651E-06  1.923902E-04 -1.507009E-02  2.051260E-08  2.051590E-08
  3.979000E+03 -6.283483E-07  1.062175E-04  2.317323E-07  1.931251E-04 -9.721443E-03  2.051229E-08  2.051364E-08
  3.980000E+03  3.915093E-07  1.066963E-04  9.172201E-07  1.922583E-04 -6.756991E-03  2.051279E-08  2.051446E-08
  3.981000E+03  2.884766E-07  1.065214E-04 -1.011094E-06  1.925826E-04 -1.572110E-02  2.051164E-08  2.051486E-08
  3.982000E+03 -6.295264E-07  1.062434E-04 -4.080329E-08  1.930659E-04 -7.524742E-03  2.051139E-08  2.051233E-08
  3.983000E+03  2.499363E-07  1.067659E-04  1.032710E-06  1.921238E-04 -8.499386E-03  2.051153E-08  2.051371E-08
  3.984000E+03  4.045176E-07  1.064046E-04 -8.348169E-07  1.927848E-04 -1.563476E-02  2.051068E-08  2.051365E-08
  3.985000E+03 -5.920063E-07  1.063179E-04 -2.995392E-07  1.929204E-04 -5.894543E-03  2.051054E-08  2.051128E-08
  3.986000E+03  1.026629E-07  1.067803E-04  1.081047E-06  1.920909E-04 -1.074153E-02  2.051035E-08  2.051302E-08
  3.987000E+03  4.895839E-07  1.062889E-04 -6.183009E-07  1.929824E-04 -1.462330E-02  2.050970E-08  2.051224E-08
  3.988000E+03 -5.238608E-07  1.064186E-04 -5.288350E-07  1.927315E-04 -4.981537E-03  2.050996E-08  2.051070E-08
  3.989000E+03 -3.975261E-08  1.067440E-04  1.068687E-06  1.921520E-04 -1.302708E-02  2.050932E-08  2.051240E-08
  3.990000E+03  5.481519E-07  1.062066E-04 -3.900041E-07  1.931184E-04 -1.297851E-02  2.050872E-08  2.051076E-08
  3.991000E+03 -4.342443E-07  1.065380E-04 -7.254369E-07  1.925116E-04 -5.141020E-03  2.050953E-08  2.051051E-08
  3.992000E+03 -1.707603E-07  1.066662E-04  1.006146E-06  1.922921E-04 -1.509429E-02  2.050874E-08  2.051212E-08
  3.993000E+03  5.746348E-07  1.061716E-04 -1.588637E-07  1.931721E-04 -1.105338E-02  2.050813E-08  2.050970E-08
  3.994000E+03 -3.281499E-07  1.066497E-04 -8.692734E-07  1.923105E-04 -6.248415E-03  2.050945E-08  2.051085E-08
  3.995000E+03 -2.834963E-07  1.065611E-04  8.950782E-07  1.924842E-04 -1.630430E-02  2.050860E-08  2.051206E-08
  3.996000E+03  5.730771E-07  1.061912E-04  6.795419E-08  1.931310E-04 -8.719977E-03  2.050803E-08  2.050911E-08
  3.997000E+03 -2.117152E-07  1.067416E-04 -9.693826E-07  1.921477E-04 -7.838877E-03  2.050951E-08  2.051146E-08
  3.998000E+03 -3.825492E-07  1.064466E-04  7.575405E-07  1.926935E-04 -1.651837E-02  2.050876E-08  2.051205E-08
  3.999000E+03  5.536051E-07  1.062588E-04  2.885096E-07  1.930080E-04 -6.719222E-03  2.050834E-08  2.050911E-08
  4.000000E+03 -9.539743E-08  1.067918E-04 -1.030722E-06  1.920635E-04 -9.935305E-03  2.050980E-08  2.051233E-08
  4.001000E+03 -4.640558E-07  1.063292E-04  6.008639E-07  1.929079E-04 -1.589862E-02  2.050916E-08  2.051210E-08
  4.002000E+03  5.129582E-07  1.063504E-04  4.940842E-07  1.928471E-04 -5.229682E-03  2.050909E-08  2.050975E-08
  4.003000E+03  1.931100E-08  1.067864E-04 -1.052932E-06  1.920829E-04 -1.215608E-02  2.051032E-08  2.051333E-08
  4.004000E+03 -5.318360E-07  1.062279E-04  4.339653E-07  1.930943E-04 -1.437727E-02  2.050989E-08  2.051232E-08
  4.005000E+03  4.599122E-07  1.064695E-04  6.836470E-07  1.926430E-04 -4.682859E-03  2.051039E-08  2.051117E-08
  4.006000E+03  1.345284E-07  1.067343E-04 -1.051834E-06  1.921920E-04 -1.438488E-02  2.051135E-08  2.051476E-08
  4.007000E+03 -5.880912E-07  1.061657E-04  2.531855E-07  1.932095E-04 -1.234931E-02  2.051065E-08  2.051256E-08
  4.008000E+03  3.963895E-07  1.065982E-04  8.548957E-07  1.924233E-04 -5.205836E-03  2.051170E-08  2.051285E-08
  4.009000E+03  2.412795E-07  1.066384E-04 -1.023030E-06  1.923801E-04 -1.610120E-02  2.051245E-08  2.051607E-08
  4.010000E+03 -6.247839E-07  1.061544E-04  6.825963E-08  1.932304E-04 -9.888158E-03  2.051125E-08  2.051263E-08
  4.011000E+03  3.223904E-07  1.067167E-04  1.003618E-06  1.922202E-04 -6.552151E-03  2.051267E-08  2.051439E-08
  4.012000E+03  3.523323E-07  1.065197E-04 -9.692659E-07  1.926040E-04 -1.704735E-02  2.051314E-08  2.051681E-08
  4.013000E+03 -6.536037E-07  1.061969E-04 -1.430673E-07  1.931532E-04 -7.509245E-03  2.051170E-08  2.051267E-08
  4.014000E+03  2.291132E-07  1.068052E-04  1.139447E-06  1.920699E-04 -8.679571E-03  2.051330E-08  2.051571E-08
  4.015000E+03  4.634885E-07  1.063939E-04 -8.746135E-07  1.928351E-04 -1.699416E-02  2.051351E-08  2.051698E-08
  4.016000E+03 -6.567881E-07  1.062970E-04 -3.705456E-07  1.929747E-04 -5.679059E-03  2.051231E-08  2.051309E-08
  4.017000E+03  1.168353E-07  1.068402E-04  1.234964E-06  1.920188E-04 -1.141224E-02  2.051399E-08  2.051713E-08
  4.018000E+03  5.616120E-07  1.062668E-04 -7.326610E-07  1.930637E-04 -1.585147E-02  2.051369E-08  2.051671E-08
  4.019000E+03 -6.313864E-07  1.064201E-04 -5.984785E-07  1.927561E-04 -4.564814E-03  2.051290E-08  2.051373E-08
  4.020000E+03 -7.782950E-09  1.068012E-04  1.290318E-06  1.921003E-04 -1.388095E-02  2.051456E-08  2.051819E-08
  4.021000E+03  6.505148E-07  1.061762E-04 -5.620617E-07  1.932201E-04 -1.359990E-02  2.051347E-08  2.051585E-08
  4.022000E+03 -5.859468E-07  1.065642E-04 -8.209781E-07  1.924969E-04 -4.584291E-03  2.051307E-08  2.051421E-08
  4.023000E+03 -1.409603E-07  1.067094E-04  1.309724E-06  1.922707E-04 -1.596880E-02  2.051448E-08  2.051842E-08
  4.024000E+03  7.227910E-07  1.061415E-04 -3.481825E-07  1.932702E-04 -1.097482E-02  2.051275E-08  2.051452E-08
  4.025000E+03 -5.106871E-07  1.066945E-04 -1.029509E-06  1.922609E-04 -5.818980E-03  2.051284E-08  2.051454E-08
  4.026000E+03 -2.770148E-07  1.065683E-04  1.280035E-06  1.925245E-04 -1.718880E-02  2.051399E-08  2.051796E-08
  4.027000E+03  7.698665E-07  1.061571E-04 -1.109356E-07  1.932311E-04 -8.099364E-03  2.051217E-08  2.051340E-08
  4.028000E+03 -4.132128E-07  1.067831E-04 -1.209484E-06  1.921022E-04 -7.703651E-03  2.051265E-08  2.051497E-08
  4.029000E+03 -4.135235E-07  1.064142E-04  1.198696E-06  1.927949E-04 -1.704797E-02  2.051313E-08  2.051679E-08
  4.030000E+03  7.860652E-07  1.062400E-04  1.583845E-07  1.930713E-04 -5.711019E-03  2.051156E-08  2.051246E-08
  4.031000E+03 -2.849500E-07  1.068181E-04 -1.343241E-06  1.920421E-04 -1.026551E-02  2.051249E-08  2.051543E-08
  4.032000E+03 -5.373271E-07  1.062723E-04  1.049123E-06  1.930386E-04 -1.586230E-02  2.051208E-08  2.051524E-08
  4.033000E+03  7.669151E-07  1.063701E-04  4.268408E-07  1.928284E-04 -4.372469E-03  2.051098E-08  2.051185E-08
  4.034000E+03 -1.415700E-07  1.067914E-04 -1.428386E-06  1.920921E-04 -1.300575E-02  2.051206E-08  2.051555E-08
  4.035000E+03 -6.449008E-07  1.061722E-04  8.454901E-07  1.932051E-04 -1.384620E-02  2.051104E-08  2.051359E-08
  4.036000E+03  7.116393E-07  1.065141E-04  6.949298E-07  1.925608E-04 -4.161565E-03  2.051027E-08  2.051137E-08
  4.037000E+03  2.069922E-08  1.067123E-04 -1.448859E-06  1.922311E-04 -1.509715E-02  2.051108E-08  2.051488E-08
  4.038000E+03 -7.228151E-07  1.061359E-04  5.847876E-07  1.932571E-04 -1.115834E-02  2.051024E-08  2.051211E-08
  4.039000E+03  6.191039E-07  1.066545E-04  9.353116E-07  1.923035E-04 -5.168962E-03  2.050975E-08  2.051133E-08
  4.040000E+03  1.810285E-07  1.065908E-04 -1.400059E-06  1.924443E-04 -1.645325E-02  2.051000E-08  2.051385E-08
  4.041000E+03 -7.711180E-07  1.061688E-04  2.971849E-07  1.931867E-04 -8.479182E-03  2.050966E-08  2.051097E-08
  4.042000E+03  4.990358E-07  1.067660E-04  1.141408E-06  1.921029E-04 -7.310026E-03  2.050951E-08  2.051176E-08
  4.043000E+03  3.364475E-07  1.064571E-04 -1.295084E-06  1.926796E-04 -1.680242E-02  2.050922E-08  2.051289E-08
  4.044000E+03 -7.893071E-07  1.062584E-04 -6.266223E-09  1.930187E-04 -6.410102E-03  2.050943E-08  2.051043E-08
  4.045000E+03  3.580792E-07  1.068109E-04  1.296364E-06  1.920265E-04 -9.960267E-03  2.050951E-08  2.051241E-08
  4.046000E+03  4.750989E-07  1.063195E-04 -1.127478E-06  1.929258E-04 -1.595857E-02  2.050917E-08  2.051237E-08
  4.047000E+03 -7.660852E-07  1.063735E-04 -3.103570E-07  1.928106E-04 -5.078697E-03  2.050968E-08  2.051060E-08
  4.048000E+03  1.972806E-07  1.067895E-04  1.375242E-06  1.920726E-04 -1.262982E-02  2.050969E-08  2.051309E-08
  4.049000E+03  5.833310E-07  1.062185E-04 -9.019310E-07  1.931106E-04 -1.418863E-02  2.050986E-08  2.051246E-08
  4.050000E+03 -7.028819E-07  1.065063E-04 -5.833431E-07  1.925760E-04 -4.790065E-03  2.051031E-08  2.051141E-08
  4.051000E+03  3.560545E-08  1.067163E-04  1.388146E-06  1.922116E-04 -1.480226E-02  2.050987E-08  2.051356E-08
  4.052000E+03  6.628066E-07  1.061695E-04 -6.404729E-07  1.932033E-04 -1.156372E-02  2.051093E-08  2.051282E-08
  4.053000E+03 -6.114108E-07  1.066434E-04 -8.249111E-07  1.923368E-04 -5.392970E-03  2.051116E-08  2.051265E-08
  4.054000E+03 -1.239044E-07  1.066049E-04  1.332968E-06  1.924217E-04 -1.614009E-02  2.051042E-08  2.051413E-08
  4.055000E+03  7.043115E-07  1.061876E-04 -3.526136E-07  1.931759E-04 -8.837690E-03  2.051208E-08  2.051337E-08
  4.056000E+03 -4.873098E-07  1.067541E-04 -1.009771E-06  1.921455E-04 -7.099016E-03  2.051179E-08  2.051386E-08
  4.057000E+03 -2.729388E-07  1.064792E-04  1.205476E-06  1.926569E-04 -1.657935E-02  2.051113E-08  2.051466E-08
  4.058000E+03  7.052998E-07  1.062635E-04 -4.862093E-08  1.930461E-04 -6.624646E-03  2.051330E-08  2.051421E-08
  4.059000E+03 -3.399147E-07  1.068082E-04 -1.137471E-06  1.920558E-04 -9.559252E-03  2.051218E-08  2.051484E-08
  4.060000E+03 -4.029714E-07  1.063526E-04  1.018134E-06  1.928918E-04 -1.586864E-02  2.051196E-08  2.051504E-08
  4.061000E+03  6.678610E-07  1.063748E-04  2.434615E-07  1.928520E-04 -5.223510E-03  2.051432E-08  2.051511E-08
  4.062000E+03 -1.812141E-07  1.068041E-04 -1.187726E-06  1.920710E-04 -1.214921E-02  2.051245E-08  2.051562E-08
  4.063000E+03 -4.995824E-07  1.062535E-04  7.830165E-07  1.930766E-04 -1.441275E-02  2.051294E-08  2.051546E-08
  4.064000E+03  5.960236E-07  1.065021E-04  5.059984E-07  1.926241E-04 -4.842254E-03  2.051462E-08  2.051554E-08
  4.065000E+03 -2.268964E-08  1.067459E-04 -1.176278E-06  1.921817E-04 -1.453897E-02  2.051245E-08  2.051600E-08
  4.066000E+03 -5.650621E-07  1.061983E-04  5.234712E-07  1.931808E-04 -1.238363E-02  2.051391E-08  2.051585E-08
  4.067000E+03  4.949635E-07  1.066289E-04  7.238787E-07  1.923928E-04 -5.559743E-03  2.051432E-08  2.051560E-08
  4.068000E+03  1.308187E-07  1.066476E-04 -1.099455E-06  1.923636E-04 -1.608830E-02  2.051245E-08  2.051611E-08
  4.069000E+03 -5.937827E-07  1.061973E-04  2.320198E-07  1.931863E-04 -9.820853E-03  2.051488E-08  2.051621E-08
  4.070000E+03  3.623979E-07  1.067304E-04  8.899886E-07  1.922059E-04 -6.898205E-03  2.051372E-08  2.051549E-08
  4.071000E+03  2.783696E-07  1.065234E-04 -9.472991E-07  1.925905E-04 -1.661099E-02  2.051256E-08  2.051603E-08
  4.072000E+03 -5.755679E-07  1.062475E-04 -7.941626E-08  1.930968E-04 -7.531846E-03  2.051547E-08  2.051636E-08
  4.073000E+03  2.087524E-07  1.067924E-04  9.818538E-07  1.920914E-04 -9.005151E-03  2.051308E-08  2.051540E-08
  4.074000E+03  3.912188E-07  1.063983E-04 -7.421620E-07  1.928152E-04 -1.628327E-02  2.051250E-08  2.051562E-08
  4.075000E+03 -5.189335E-07  1.063394E-04 -3.532492E-07  1.929246E-04 -5.898211E-03  2.051512E-08  2.051580E-08
  4.076000E+03  5.156935E-08  1.068050E-04  9.980466E-07  1.920639E-04 -1.125082E-02  2.051208E-08  2.051490E-08
  4.077000E+03  4.674059E-07  1.062875E-04 -4.922225E-07  1.930123E-04 -1.479362E-02  2.051255E-08  2.051507E-08
  4.078000E+03 -4.278307E-07  1.064507E-04 -5.845678E-07  1.927123E-04 -4.837180E-03  2.051412E-08  2.051481E-08
  4.079000E+03 -1.010222E-07  1.067592E-04  9.463383E-07  1.921416E-04 -1.329769E-02  2.051108E-08  2.051421E-08
  4.080000E+03  5.047154E-07  1.062120E-04 -2.179025E-07  1.931431E-04 -1.262238E-02  2.051248E-08  2.051436E-08
  4.081000E+03 -3.093861E-07  1.065752E-04 -7.628431E-07  1.924785E-04 -4.903080E-03  2.051319E-08  2.051414E-08
  4.082000E+03 -2.461179E-07  1.066674E-04  8.293738E-07  1.923047E-04 -1.499035E-02  2.051034E-08  2.051363E-08
  4.083000E+03  5.055402E-07  1.061927E-04  7.714392E-08  1.931712E-04 -1.013673E-02  2.051232E-08  2.051361E-08
  4.084000E+03 -1.666910E-07  1.066906E-04 -8.868934E-07  1.922618E-04 -6.162932E-03  2.051213E-08  2.051357E-08
  4.085000E+03 -3.672359E-07  1.065442E-04  6.438253E-07  1.925267E-04 -1.591222E-02  2.051001E-08  2.051323E-08
  4.086000E+03  4.607357E-07  1.062259E-04  3.505682E-07  1.931042E-04 -7.871070E-03  2.051203E-08  2.051289E-08
  4.087000E+03 -1.472870E-08  1.067527E-04 -9.272217E-07  1.921429E-04 -8.172703E-03  2.051110E-08  2.051307E-08
  4.088000E+03 -4.492527E-07  1.064068E-04  4.109102E-07  1.927751E-04 -1.573312E-02  2.051004E-08  2.051294E-08
  4.089000E+03  3.810305E-07  1.063109E-04  5.818433E-07  1.929455E-04 -6.188492E-03  2.051182E-08  2.051247E-08
  4.090000E+03  1.303047E-07  1.067638E-04 -8.968224E-07  1.921187E-04 -1.076655E-02  2.051014E-08  2.051266E-08
  4.091000E+03 -4.891102E-07  1.062915E-04  1.597209E-07  1.929821E-04 -1.460780E-02  2.051016E-08  2.051260E-08
  4.092000E+03  2.776273E-07  1.064342E-04  7.493379E-07  1.927219E-04 -5.617565E-03  2.051187E-08  2.051259E-08
  4.093000E+03  2.549529E-07  1.067176E-04 -7.941701E-07  1.922057E-04 -1.336001E-02  2.050991E-08  2.051289E-08
  4.094000E+03 -4.848559E-07  1.062233E-04 -8.470125E-08  1.931037E-04 -1.275990E-02  2.051045E-08  2.051234E-08
  4.095000E+03  1.568162E-07  1.065615E-04  8.501583E-07  1.924930E-04 -6.007347E-03  2.051196E-08  2.051299E-08
  4.096000E+03  3.540430E-07  1.066310E-04 -6.362254E-07  1.923689E-04 -1.492423E-02  2.051020E-08  2.051333E-08
