turn	ele_ex	ele_ey	ele_ez	pro_ex	pro_ey	pro_ez
0.0	2.042901366646767e-8	1.6114310255281827e-9	3.84994285619843e-6	1.1281215296509378e-8	1.0034690056970962e-9	3.959984817418013e-5
1.0	2.091649814747741e-8	1.6235304144709286e-9	3.849942962640016e-6	1.1285946714655937e-8	1.005702255601323e-9	3.959984769221592e-5
2.0	2.1041838713107422e-8	1.6229304734049952e-9	3.849943365649952e-6	1.1296123405784645e-8	1.005314899297652e-9	3.959984825418142e-5
3.0	2.0868185022768538e-8	1.6289863102826897e-9	3.849943153523682e-6	1.1321756302360759e-8	1.0074812735929105e-9	3.9599847300771406e-5
4.0	2.0725325356061655e-8	1.639609481873949e-9	3.8499426986520975e-6	1.1332112070379247e-8	1.008084231938974e-9	3.9599847886526104e-5
5.0	2.1309471767126003e-8	1.6316591614523241e-9	3.849942898519781e-6	1.134336925988212e-8	1.0080755588834602e-9	3.959984705421429e-5
6.0	2.1900640361641934e-8	1.6388414270575706e-9	3.849942200893093e-6	1.135377237172972e-8	1.0097750634091952e-9	3.959984768524979e-5
7.0	2.1553525324719163e-8	1.6319845348536319e-9	3.849943999225915e-6	1.1357048503135068e-8	1.009144294531542e-9	3.959984703599755e-5
8.0	2.133745540063439e-8	1.6331043455779425e-9	3.849943577918503e-6	1.1353370993017398e-8	1.011065192373975e-9	3.959984710609758e-5
9.0	2.1690045826031555e-8	1.64195352772174e-9	3.8499433655774205e-6	1.1344942770515342e-8	1.0107496394401897e-9	3.959984704987105e-5
10.0	2.2448510300111073e-8	1.6371382031597663e-9	3.849942674944974e-6	1.1329526371511728e-8	1.0125633457229122e-9	3.959984694791451e-5
11.0	2.2319029200093963e-8	1.6422690893391867e-9	3.849942709395081e-6	1.1305680931309562e-8	1.0126804288409931e-9	3.959984734872012e-5
12.0	2.184644270473162e-8	1.6451543124827287e-9	3.849942272593478e-6	1.1294278935244179e-8	1.0130896358195952e-9	3.959984662438058e-5
13.0	2.1913248415984993e-8	1.6432078854178827e-9	3.849943074992846e-6	1.1285691516707447e-8	1.0135705495613689e-9	3.959984722704574e-5
14.0	2.239829963574835e-8	1.6477174853097335e-9	3.849943408067537e-6	1.1283038739559139e-8	1.0131293041735346e-9	3.9599846719932075e-5
15.0	2.2433450208487734e-8	1.6460104585747717e-9	3.84994377875237e-6	1.1282169894139441e-8	1.013727895836088e-9	3.959984724355234e-5
16.0	2.2191277041227475e-8	1.6428073348826078e-9	3.849943054234646e-6	1.1295463904932134e-8	1.0125616351134193e-9	3.95998469370879e-5
17.0	2.2095155791023933e-8	1.642089308528078e-9	3.849942535213772e-6	1.130337892084119e-8	1.0124059871942085e-9	3.9599846932433674e-5
18.0	2.221647894519366e-8	1.6430616104335482e-9	3.84994247031459e-6	1.1323820132398833e-8	1.0109887854155717e-9	3.959984700949181e-5
19.0	2.2254820047488007e-8	1.6416714035404033e-9	3.849942468813017e-6	1.1334056686075163e-8	1.0101248646635948e-9	3.9599846906611956e-5
20.0	2.2205637915571995e-8	1.6433115777427265e-9	3.849943229546641e-6	1.1346795458281783e-8	1.0093364026730776e-9	3.9599847215939315e-5
21.0	2.2245224623152448e-8	1.6462004079022647e-9	3.84994275847069e-6	1.1346828668968135e-8	1.0084881420523088e-9	3.959984708188794e-5
22.0	2.2249838189945155e-8	1.6442577392876847e-9	3.849943576728104e-6	1.1350189168767154e-8	1.0083667912102054e-9	3.9599847412808956e-5
23.0	2.220321125110527e-8	1.647940374930146e-9	3.849943395438275e-6	1.1339617742552065e-8	1.0075434266236652e-9	3.959984746380116e-5
24.0	2.2164969105783966e-8	1.6459390737117331e-9	3.849942990116495e-6	1.133298940279461e-8	1.0076125193006476e-9	3.959984750360043e-5
25.0	2.2233826835307106e-8	1.6446842328392408e-9	3.849942014233588e-6	1.1319130816932477e-8	1.0070427122097672e-9	3.9599847657060535e-5
26.0	2.2274137126745287e-8	1.6431104476583657e-9	3.84994276361379e-6	1.1311605072603732e-8	1.0071469371708965e-9	3.9599847743079475e-5
27.0	2.2264630863909535e-8	1.6437784661870689e-9	3.849942756360328e-6	1.1302518508601734e-8	1.0071327844588309e-9	3.959984815281704e-5
28.0	2.2217060653090244e-8	1.6445371236449358e-9	3.849942701374331e-6	1.1301119445585027e-8	1.0073074573678447e-9	3.959984842369323e-5
29.0	2.222666794563638e-8	1.6452702721221015e-9	3.849943691844183e-6	1.1303986099166611e-8	1.0079498305461533e-9	3.9599848866505846e-5
30.0	2.223339718384549e-8	1.648023993272206e-9	3.8499436313273585e-6	1.1307667603579923e-8	1.0082221226599738e-9	3.959984901141132e-5
31.0	2.2239335360817033e-8	1.6484441321614096e-9	3.849942946541478e-6	1.1318291511678443e-8	1.0089374743107733e-9	3.9599849098883596e-5
32.0	2.2274555469927883e-8	1.6475412652956174e-9	3.8499426279508046e-6	1.1324314668172916e-8	1.0093846446434072e-9	3.959984904899002e-5
33.0	2.2258079103803357e-8	1.6464900148765023e-9	3.8499422138616924e-6	1.1334321133560715e-8	1.010137076699409e-9	3.959984896485152e-5
34.0	2.2211336837328224e-8	1.6448077800241368e-9	3.849941945935193e-6	1.1335418335697953e-8	1.0106597038270196e-9	3.9599848845207894e-5
35.0	2.2228863335568046e-8	1.643824444277743e-9	3.849942730350149e-6	1.134050203043176e-8	1.0109477437271904e-9	3.9599848669271385e-5
36.0	2.2258026335712742e-8	1.6448315901154232e-9	3.849943213208164e-6	1.1333825518549374e-8	1.0112853242924935e-9	3.959984851110624e-5
37.0	2.2267041415167286e-8	1.6461639776064542e-9	3.8499434245076245e-6	1.1335414885910313e-8	1.0111713543453708e-9	3.9599848436630906e-5
38.0	2.2221872016908545e-8	1.646182592806972e-9	3.849943183350039e-6	1.1324817458852984e-8	1.0114992552950836e-9	3.9599848290972546e-5
39.0	2.222528332584278e-8	1.6488857482321237e-9	3.849942985740041e-6	1.1324552701779247e-8	1.0112673341167953e-9	3.959984847763612e-5
40.0	2.230124274061638e-8	1.6481834121421419e-9	3.8499417593180115e-6	1.1314396613537959e-8	1.011487402982795e-9	3.959984829342033e-5
41.0	2.224854405184416e-8	1.6469447530424594e-9	3.849941859502009e-6	1.1315425005586686e-8	1.0112189138363153e-9	3.9599848505562603e-5
42.0	2.2222963569409e-8	1.6499483408015201e-9	3.849942255138616e-6	1.131105942655282e-8	1.0108767670194158e-9	3.959984817462555e-5
43.0	2.2228154119475895e-8	1.6467316654081589e-9	3.84994294903625e-6	1.1314708389716159e-8	1.0108584435611619e-9	3.959984822188257e-5
44.0	2.2313365464424658e-8	1.6482325286197971e-9	3.84994333267367e-6	1.131658905833597e-8	1.0103377197758188e-9	3.95998480159219e-5
45.0	2.2316020684683257e-8	1.6505433984400416e-9	3.849943755455541e-6	1.132156457264112e-8	1.0103826937793886e-9	3.959984782257286e-5
46.0	2.2204769407383926e-8	1.6494447827343742e-9	3.849942760869105e-6	1.132519156016302e-8	1.0099409498721272e-9	3.959984795324757e-5
47.0	2.2193598430909752e-8	1.6504657061613107e-9	3.849942428004565e-6	1.1327333492189264e-8	1.0097056775267957e-9	3.959984748754657e-5
48.0	2.2285554595540837e-8	1.6495416603029187e-9	3.849942446143901e-6	1.1329986473482056e-8	1.0094224947761518e-9	3.959984767839751e-5
49.0	2.2320621311142906e-8	1.6500176549976114e-9	3.849941890647916e-6	1.1329102422595141e-8	1.0089147764316975e-9	3.959984703324425e-5
50.0	2.2255300434171532e-8	1.6491019738736238e-9	3.849942210712612e-6	1.1331482085568218e-8	1.0090819121482286e-9	3.959984722043238e-5
51.0	2.219619427653668e-8	1.6490741139452093e-9	3.849943338683135e-6	1.1328174150398103e-8	1.0087247340322271e-9	3.959984686202279e-5
52.0	2.2266644927314607e-8	1.6502827992483005e-9	3.849943222807362e-6	1.1330848766143415e-8	1.0093840487583284e-9	3.959984688464967e-5
53.0	2.231567632581016e-8	1.6496674914347987e-9	3.8499428771784145e-6	1.1324944498669188e-8	1.0093341596437898e-9	3.959984679342133e-5
54.0	2.2277232718376834e-8	1.6522648329425549e-9	3.849942384819768e-6	1.1328732357203602e-8	1.009674528322187e-9	3.9599846497811427e-5
55.0	2.2197167418422388e-8	1.6499394694993085e-9	3.849942492672484e-6	1.1324036384110892e-8	1.0098257130917897e-9	3.959984673694853e-5
56.0	2.227732752991199e-8	1.650621931281591e-9	3.8499421338095945e-6	1.1326943320252154e-8	1.0100417710522407e-9	3.959984643068902e-5
57.0	2.2350776968768467e-8	1.64989280536842e-9	3.849941851337474e-6	1.1324198091135631e-8	1.0104166074322464e-9	3.9599846750410665e-5
58.0	2.228621089502171e-8	1.649171777509009e-9	3.849942579074689e-6	1.1326069860579021e-8	1.0107595603591457e-9	3.959984665739085e-5
59.0	2.2202906134772924e-8	1.6498260740782206e-9	3.84994295716398e-6	1.132457396645655e-8	1.0110989413598378e-9	3.959984682938124e-5
60.0	2.2268068725878254e-8	1.650979422716866e-9	3.849942812083272e-6	1.1324654203801528e-8	1.0112709218661167e-9	3.959984698084056e-5
61.0	2.233407600546861e-8	1.6510339645259225e-9	3.849941967568741e-6	1.1322667849350427e-8	1.011389890237332e-9	3.959984683157918e-5
62.0	2.233995697383005e-8	1.6524117907324635e-9	3.849943026997135e-6	1.1323340938277038e-8	1.0112812250903445e-9	3.959984729979657e-5
63.0	2.2177844622824132e-8	1.654245330823166e-9	3.849943040466692e-6	1.1321899508738285e-8	1.0113412980680148e-9	3.959984694617732e-5
64.0	2.2244262677115367e-8	1.6518442964870256e-9	3.849941563797242e-6	1.132251819006233e-8	1.0111642148553734e-9	3.959984749750293e-5
65.0	2.2326027315791184e-8	1.6515261504921514e-9	3.849942007876252e-6	1.1324519300729915e-8	1.0113855397768597e-9	3.959984723841286e-5
66.0	2.2331562230243252e-8	1.652929230913233e-9	3.84994223834037e-6	1.1323266318024274e-8	1.0109657153721377e-9	3.959984752320174e-5
67.0	2.2230773796887256e-8	1.6517342205252432e-9	3.849942788249037e-6	1.132816529754887e-8	1.0108813417206104e-9	3.9599847636870814e-5
68.0	2.220405653487595e-8	1.652704236539044e-9	3.8499428836489975e-6	1.1326441549524844e-8	1.0102517873925232e-9	3.959984753148643e-5
69.0	2.2310137074833918e-8	1.652994910592931e-9	3.849943598315983e-6	1.1331247645383215e-8	1.0100806410550997e-9	3.959984796902708e-5
70.0	2.234132776463122e-8	1.6539991713005394e-9	3.849942264098024e-6	1.13300078063003e-8	1.0096166759777834e-9	3.9599847800045856e-5
71.0	2.224915785232005e-8	1.6528091529731145e-9	3.849942194407309e-6	1.1331397864890921e-8	1.0092859809323523e-9	3.9599848359952287e-5
72.0	2.2203573869523562e-8	1.6551410261923211e-9	3.849941730628774e-6	1.133129131262293e-8	1.0093740658550936e-9	3.959984829565113e-5
73.0	2.2274634186899042e-8	1.652449059408295e-9	3.849942233066836e-6	1.1330321443917255e-8	1.0087441266530626e-9	3.959984860110165e-5
74.0	2.233702982530388e-8	1.6525508756460904e-9	3.849943543324276e-6	1.1327425848085127e-8	1.0089840629311694e-9	3.959984854433202e-5
75.0	2.2290977176297904e-8	1.6533933783482882e-9	3.849943506188075e-6	1.1328054857474256e-8	1.0081831770743468e-9	3.959984863590384e-5
76.0	2.2208037367839762e-8	1.6535522625451033e-9	3.849942121135266e-6	1.1324255943478027e-8	1.0085253772118088e-9	3.9599848612687884e-5
77.0	2.2252537705795165e-8	1.6542509276118956e-9	3.849942269945824e-6	1.1325861025281694e-8	1.0082880637091913e-9	3.959984856050397e-5
78.0	2.2305728021979076e-8	1.653866437441324e-9	3.8499428670815845e-6	1.1324718142543515e-8	1.0085746052172794e-9	3.959984852332276e-5
79.0	2.229647899646262e-8	1.6550591898492335e-9	3.849941896296665e-6	1.132502770712723e-8	1.0089748380584222e-9	3.9599848171580114e-5
80.0	2.2226811389284968e-8	1.6554209181197496e-9	3.849942617369722e-6	1.1328339023183395e-8	1.0087806420499765e-9	3.959984797663901e-5
81.0	2.223772074921643e-8	1.65599654297505e-9	3.849942754884153e-6	1.1327107969997574e-8	1.0096019537960903e-9	3.9599847691163986e-5
82.0	2.230536066332509e-8	1.6547341865115184e-9	3.849942399941793e-6	1.1331120730502996e-8	1.0092988992870386e-9	3.959984761951178e-5
83.0	2.230895652393731e-8	1.6543078178296824e-9	3.849942240241661e-6	1.133028269879109e-8	1.0103375003307822e-9	3.959984765783064e-5
84.0	2.221850889374968e-8	1.6546622118528447e-9	3.849942642499734e-6	1.1330379814250664e-8	1.0102524194270713e-9	3.959984773481173e-5
85.0	2.224709482871185e-8	1.6554766258766548e-9	3.849942625464172e-6	1.1330302278407171e-8	1.0109347796852885e-9	3.959984795069253e-5
86.0	2.230784565250001e-8	1.6549182094169167e-9	3.849942725482077e-6	1.1327780274595699e-8	1.0114959180589304e-9	3.9599848043769084e-5
87.0	2.2352275893485494e-8	1.6547000573300466e-9	3.849942339667133e-6	1.1325331175752562e-8	1.0115829681397634e-9	3.959984821442637e-5
88.0	2.22381596540816e-8	1.6537995235455167e-9	3.849942350387662e-6	1.1324501994451827e-8	1.0123490500072569e-9	3.9599848275916e-5
89.0	2.2204652281485232e-8	1.6550598353367893e-9	3.849941966658148e-6	1.1321618178049634e-8	1.0118972174280093e-9	3.959984841906781e-5
90.0	2.2314581023176155e-8	1.6550522384987195e-9	3.849942348749983e-6	1.1322634111561952e-8	1.0124486890524726e-9	3.959984827521654e-5
91.0	2.237503902727071e-8	1.6553666049361161e-9	3.849942758299663e-6	1.1320596292716352e-8	1.0116512644157024e-9	3.959984846024481e-5
92.0	2.2294738272173942e-8	1.6559204202379156e-9	3.849942502404657e-6	1.13221129168974e-8	1.0119333057393264e-9	3.9599848159055296e-5
93.0	2.2186059856634883e-8	1.656667371684786e-9	3.8499426237991336e-6	1.132400498998625e-8	1.0116250008882187e-9	3.95998483588292e-5
94.0	2.225646795010147e-8	1.6562225874608161e-9	3.849942706503296e-6	1.1325382979640958e-8	1.0115426615979916e-9	3.9599848159860316e-5
95.0	2.236427749737797e-8	1.6560505252508206e-9	3.849942084920696e-6	1.1328899949348409e-8	1.011624249639007e-9	3.9599848129181955e-5
96.0	2.2324618431839334e-8	1.6553696544598054e-9	3.849941256937654e-6	1.133031119949208e-8	1.0108673196269545e-9	3.959984801223767e-5
97.0	2.2209538527160798e-8	1.6546241930188638e-9	3.849942492470341e-6	1.1331474672149436e-8	1.0107965952759395e-9	3.9599847662864005e-5
98.0	2.2234483997013406e-8	1.656537312091136e-9	3.849942475819228e-6	1.1331444056207143e-8	1.0096291060715016e-9	3.959984771636461e-5
99.0	2.2333850785520943e-8	1.6556053164309533e-9	3.849942347992605e-6	1.1330984115939984e-8	1.0094646666613351e-9	3.959984734841632e-5
100.0	2.2322445783223688e-8	1.657217669872495e-9	3.849942891485336e-6	1.1329437541493893e-8	1.0086620611172555e-9	3.959984740490672e-5
101.0	2.221611558058395e-8	1.657861558340276e-9	3.849942653040873e-6	1.132983781055608e-8	1.0087868555989647e-9	3.959984729114053e-5
102.0	2.224717930266351e-8	1.6563230125669272e-9	3.849941857456584e-6	1.132860940791163e-8	1.0086736726622285e-9	3.959984733593151e-5
103.0	2.2311271473688327e-8	1.6553677006360772e-9	3.849941891848809e-6	1.132850259271429e-8	1.008640610107949e-9	3.9599847451860095e-5
104.0	2.233179291778384e-8	1.657156919293919e-9	3.849942282871785e-6	1.1328159387028902e-8	1.0087783356768532e-9	3.9599847384449995e-5
105.0	2.2217121205594658e-8	1.6562102865765088e-9	3.84994208295841e-6	1.1327626541316299e-8	1.0083574249975239e-9	3.959984749240133e-5
106.0	2.2230541055966347e-8	1.6569289049519859e-9	3.849942248405548e-6	1.1328421863544969e-8	1.0086788861551387e-9	3.959984733498463e-5
107.0	2.2316226665350966e-8	1.6577529108128784e-9	3.849942855954937e-6	1.1328614599320017e-8	1.0084048457017702e-9	3.959984742783353e-5
108.0	2.2337793199129923e-8	1.658520722019776e-9	3.849942433751584e-6	1.1328707140535616e-8	1.0091731160411895e-9	3.9599847272123546e-5
109.0	2.225394798772209e-8	1.6567603063402865e-9	3.8499424775557315e-6	1.133016751109229e-8	1.009250373924066e-9	3.959984723393532e-5
110.0	2.2230251238637095e-8	1.6572457131518464e-9	3.849941720635987e-6	1.1328906985485991e-8	1.0099747422477607e-9	3.9599847102950175e-5
111.0	2.228648678182103e-8	1.6577547845839911e-9	3.849941913245088e-6	1.1328242368261032e-8	1.0102851032362272e-9	3.9599846961113614e-5
112.0	2.232574699896533e-8	1.6561416442321824e-9	3.8499424830072e-6	1.1327349883731325e-8	1.0106620996783435e-9	3.959984689538662e-5
113.0	2.2292996059523863e-8	1.6557606418679895e-9	3.849942699487434e-6	1.1324740197723479e-8	1.0109204943531527e-9	3.959984672727809e-5
114.0	2.2258720767527306e-8	1.6584576711271592e-9	3.849942381392145e-6	1.1325620621637516e-8	1.0109600470044134e-9	3.9599846755787535e-5
115.0	2.2271490988040413e-8	1.6580938812356624e-9	3.849942801784251e-6	1.1324558064303755e-8	1.0114631655031933e-9	3.959984671997498e-5
116.0	2.2300485797014037e-8	1.659135937136949e-9	3.8499419998591715e-6	1.1325363735401395e-8	1.0112542261182697e-9	3.959984693812142e-5
117.0	2.227748393203759e-8	1.6573965844392233e-9	3.849941472065617e-6	1.1326714016350708e-8	1.0116328128920429e-9	3.95998469889453e-5
118.0	2.227091364242788e-8	1.6584772249608431e-9	3.849942154319699e-6	1.1326254517647281e-8	1.0115107867818821e-9	3.959984722229576e-5
119.0	2.228091768348027e-8	1.6571238845355495e-9	3.84994304419948e-6	1.1329035163103241e-8	1.0114480450705144e-9	3.959984736566029e-5
120.0	2.2314844866935162e-8	1.6561840350315735e-9	3.849942352432229e-6	1.1329573111621162e-8	1.0114018009707465e-9	3.959984761954579e-5
121.0	2.229947974940867e-8	1.6585513561537124e-9	3.84994180171091e-6	1.1330150095389932e-8	1.0110951917062555e-9	3.9599847721813216e-5
122.0	2.2260201761213736e-8	1.6575376665297143e-9	3.849942199399091e-6	1.1332259140254526e-8	1.0111332563701266e-9	3.959984785384412e-5
123.0	2.2237823447462578e-8	1.658916199692764e-9	3.84994173304089e-6	1.1329934540470798e-8	1.0106327301663417e-9	3.95998479973919e-5
124.0	2.23048815561239e-8	1.6590342277020416e-9	3.849941960993192e-6	1.132969919835202e-8	1.0108597035516131e-9	3.959984785083626e-5
125.0	2.2368469080472507e-8	1.6599853150752926e-9	3.8499423740135025e-6	1.1327540422868225e-8	1.0103777078006245e-9	3.959984804890864e-5
126.0	2.2301453788426726e-8	1.659488213888508e-9	3.849942855147645e-6	1.1324473164164851e-8	1.0103772002391126e-9	3.9599847775077995e-5
127.0	2.2209770965071218e-8	1.6585031867809559e-9	3.8499423628994155e-6	1.1325829753238723e-8	1.0101301284235437e-9	3.959984799952205e-5
128.0	2.2237053756784283e-8	1.6588018621253332e-9	3.849941780014113e-6	1.1323567392732974e-8	1.0098626101421044e-9	3.959984762589887e-5
129.0	2.236503379324156e-8	1.658185013427414e-9	3.84994192607479e-6	1.1324533019485542e-8	1.00965699737609e-9	3.959984774607546e-5
130.0	2.23702837857592e-8	1.6587749142137164e-9	3.8499424685390065e-6	1.1327210631621514e-8	1.009711073148583e-9	3.959984756922158e-5
131.0	2.222967030953688e-8	1.6602021616857914e-9	3.849942764062924e-6	1.1326264978183374e-8	1.009525515921419e-9	3.959984754917583e-5
132.0	2.22048357510018e-8	1.6596440340004111e-9	3.849942315757798e-6	1.133061144570137e-8	1.0097415567023766e-9	3.959984785250346e-5
133.0	2.229083501059229e-8	1.6600989826774313e-9	3.849942350326105e-6	1.1330950115859816e-8	1.0097897423610185e-9	3.959984771922369e-5
134.0	2.2357467288859692e-8	1.6600709927593752e-9	3.8499421433174394e-6	1.133395931501631e-8	1.0098809470002913e-9	3.9599848242578965e-5
135.0	2.225163324776858e-8	1.6602164300362302e-9	3.849941850413689e-6	1.1335649641943226e-8	1.0098985022473942e-9	3.959984818518591e-5
136.0	2.2199526338062054e-8	1.6594881634560891e-9	3.84994185450922e-6	1.1334062384247612e-8	1.0099525480564752e-9	3.959984851320121e-5
137.0	2.2271587395935847e-8	1.6590456349757978e-9	3.849942757671877e-6	1.133403255487108e-8	1.0100095454877525e-9	3.959984865469837e-5
138.0	2.2302168695671916e-8	1.6594318328095785e-9	3.849942523271682e-6	1.1330469868429615e-8	1.0099649531467332e-9	3.959984874574897e-5
139.0	2.223879554754259e-8	1.6595390724930734e-9	3.849942257313953e-6	1.1327532093862472e-8	1.0101826356493696e-9	3.959984897877807e-5
140.0	2.224337490186573e-8	1.6614017874348112e-9	3.849941954456852e-6	1.1326289301652776e-8	1.010069162946764e-9	3.959984888725879e-5
141.0	2.2305732131602383e-8	1.659648222946405e-9	3.849942478032657e-6	1.1324105499978217e-8	1.0101720071432735e-9	3.95998487778219e-5
142.0	2.2320936685081933e-8	1.6607381185056557e-9	3.849941684131285e-6	1.1323175961173057e-8	1.0102027992333392e-9	3.9599848646099844e-5
143.0	2.2230581243667448e-8	1.659801311141884e-9	3.849942038017476e-6	1.132502026489262e-8	1.0101843401585856e-9	3.959984812093083e-5
144.0	2.2209464012199484e-8	1.6598215653826033e-9	3.849942169529873e-6	1.132382960807426e-8	1.0103944937324174e-9	3.9599848211775575e-5
145.0	2.2360230252764306e-8	1.6604795187851099e-9	3.849942345299134e-6	1.1328360899257554e-8	1.0103355176019911e-9	3.959984761558409e-5
146.0	2.2361883808006924e-8	1.6593312551849561e-9	3.849942736101222e-6	1.1327179244390372e-8	1.0104738378698563e-9	3.959984761688391e-5
147.0	2.2260112433856712e-8	1.6599662680558066e-9	3.849942755126279e-6	1.1331778600876792e-8	1.01028349140178e-9	3.959984735453849e-5
148.0	2.2218112073795552e-8	1.6600829094653688e-9	3.8499424179811075e-6	1.133186944277883e-8	1.0101415563484769e-9	3.9599847285947456e-5
149.0	2.231148503908992e-8	1.6605293401808426e-9	3.849941498086494e-6	1.1334131281028227e-8	1.0100610010106505e-9	3.959984748000891e-5
150.0	2.238149211863296e-8	1.6622889645938772e-9	3.849941513060311e-6	1.1333419741028755e-8	1.0099206363214905e-9	3.9599847150079515e-5
151.0	2.2295011283860833e-8	1.6606907783961253e-9	3.849941712528441e-6	1.1333313584346504e-8	1.0101028393082306e-9	3.95998475463137e-5
152.0	2.2234259889739315e-8	1.6609259961347632e-9	3.849942783502873e-6	1.1330102897678916e-8	1.0103060176976828e-9	3.9599847240684495e-5
153.0	2.2275233795636676e-8	1.6614374465362873e-9	3.849943073018459e-6	1.1329415547422273e-8	1.010319194561388e-9	3.959984748266567e-5
154.0	2.233233873142124e-8	1.6612274270359012e-9	3.849943281048197e-6	1.1326334929506986e-8	1.0107104133754533e-9	3.959984729338032e-5
155.0	2.2316037753239505e-8	1.6621408363024206e-9	3.84994205009327e-6	1.1325323079541932e-8	1.0103204542519009e-9	3.9599847125827654e-5
156.0	2.2301090434311824e-8	1.6619119410578214e-9	3.84994177183511e-6	1.1325914557404793e-8	1.0104672594516342e-9	3.959984700772935e-5
157.0	2.2264799226514193e-8	1.6620401202789632e-9	3.849941632687075e-6	1.1324067986975718e-8	1.0101812004387315e-9	3.959984672519583e-5
158.0	2.2287676934403324e-8	1.6618687659000781e-9	3.849941983254819e-6	1.1327045858209533e-8	1.0101309296507671e-9	3.959984667122282e-5
159.0	2.229804458748761e-8	1.6642490623811524e-9	3.849942660556935e-6	1.1325130423791907e-8	1.010357248270744e-9	3.959984654658003e-5
160.0	2.2347434024246756e-8	1.6637059488072756e-9	3.849943478592188e-6	1.1329740780607447e-8	1.0102179483006592e-9	3.959984655686511e-5
161.0	2.2308924572438892e-8	1.6630273190491603e-9	3.84994278072088e-6	1.1329012833436911e-8	1.010495447814939e-9	3.959984652950088e-5
162.0	2.2263133484825292e-8	1.6640314463980267e-9	3.849941671788371e-6	1.1333053970174634e-8	1.0101031340156824e-9	3.959984654721042e-5
163.0	2.227731389970035e-8	1.6627394391195328e-9	3.849942334546239e-6	1.1331479997292065e-8	1.0102634787798418e-9	3.959984653296652e-5
164.0	2.232475054285713e-8	1.663420663152984e-9	3.849941627351807e-6	1.1333723490280784e-8	1.0100407897793417e-9	3.9599846711533906e-5
165.0	2.2314680301595437e-8	1.6630054987998135e-9	3.8499416270690346e-6	1.1330668253261102e-8	1.0100824457680733e-9	3.95998466681004e-5
166.0	2.2286887518092176e-8	1.6641246852219457e-9	3.849942466936829e-6	1.1331742999654875e-8	1.0102866252463228e-9	3.9599846903992585e-5
167.0	2.2271334618352725e-8	1.663960336463133e-9	3.8499427068610944e-6	1.132816388415474e-8	1.0101415211055111e-9	3.9599846904037674e-5
168.0	2.2314124303858876e-8	1.664056549927124e-9	3.849942115899094e-6	1.1329766157634131e-8	1.0107093457311925e-9	3.959984722648781e-5
169.0	2.227427252277103e-8	1.6649159096331639e-9	3.849941775018578e-6	1.1328256775844294e-8	1.0103525519995637e-9	3.959984737908904e-5
170.0	2.2275836569032467e-8	1.664208584090978e-9	3.8499422689071195e-6	1.1328124654138833e-8	1.0106264529313363e-9	3.9599847475110214e-5
171.0	2.2300349967140674e-8	1.664987685593661e-9	3.849941688749972e-6	1.1328993744368484e-8	1.0105728029962351e-9	3.9599847846166e-5
172.0	2.234106419749684e-8	1.664133139322331e-9	3.849941615162477e-6	1.1327289219609325e-8	1.0106322530396666e-9	3.959984771857074e-5
173.0	2.2258015816549368e-8	1.6649017944821255e-9	3.8499423268906075e-6	1.132949651411881e-8	1.0108269880627996e-9	3.959984824311879e-5
174.0	2.2231518513220163e-8	1.66471349861753e-9	3.849942426887645e-6	1.132849292124978e-8	1.0106536509987597e-9	3.9599847981245794e-5
175.0	2.2323894484243602e-8	1.6656021556102876e-9	3.849942411748612e-6	1.1331129812130709e-8	1.0108855110777333e-9	3.959984831894955e-5
176.0	2.2354140730737303e-8	1.6655675192808893e-9	3.8499425676201045e-6	1.132861147993635e-8	1.0105580036198595e-9	3.9599848045910275e-5
177.0	2.2303116058199212e-8	1.6654004764973586e-9	3.849941848491166e-6	1.1330935114573129e-8	1.0104691087155013e-9	3.9599848062500235e-5
178.0	2.2218502911345064e-8	1.6659707283154253e-9	3.84994132524134e-6	1.1327541617688397e-8	1.0103062378647652e-9	3.959984803098318e-5
179.0	2.228885547979425e-8	1.6655750195896079e-9	3.8499419238401e-6	1.13297402563215e-8	1.010122844441174e-9	3.959984772893637e-5
180.0	2.2392282292133035e-8	1.6676531536346323e-9	3.8499425832615445e-6	1.1326858242132443e-8	1.01023693014508e-9	3.959984795254886e-5
181.0	2.2299265414965215e-8	1.6663462615542422e-9	3.849942731817373e-6	1.1330050977445055e-8	1.0101230168539178e-9	3.959984767611687e-5
182.0	2.227462332591382e-8	1.6671138035447994e-9	3.849942258556886e-6	1.1328841847962586e-8	1.01023786506089e-9	3.959984783680167e-5
183.0	2.2263370653046574e-8	1.6672095118797733e-9	3.849942203846622e-6	1.133015982418791e-8	1.0102017965464823e-9	3.959984778251078e-5
184.0	2.2364364388657287e-8	1.6662113636799307e-9	3.849941746868104e-6	1.1330042416597584e-8	1.010105717548634e-9	3.959984771901253e-5
185.0	2.2329584664774676e-8	1.6662638747708904e-9	3.849941137734662e-6	1.1331005555311469e-8	1.0102148155652708e-9	3.9599847806285846e-5
186.0	2.2253486354145246e-8	1.6657147635137678e-9	3.849942592335016e-6	1.133143870112851e-8	1.0099972072802432e-9	3.9599847701680666e-5
187.0	2.2305472890144686e-8	1.6671132055596945e-9	3.849942989025181e-6	1.1331989657011508e-8	1.0100507223711148e-9	3.9599847882687866e-5
188.0	2.231029406529638e-8	1.6667563553083036e-9	3.84994232374422e-6	1.1332190105285613e-8	1.0100134347502653e-9	3.959984794937896e-5
189.0	2.233974815902337e-8	1.6673677988812646e-9	3.849941544465532e-6	1.1330969655287256e-8	1.009840921213421e-9	3.95998480681654e-5
190.0	2.2282551640740827e-8	1.6688450291464175e-9	3.8499425742799205e-6	1.133110956042267e-8	1.0102130933321034e-9	3.9599848257858924e-5
191.0	2.2290006100903017e-8	1.668108122791708e-9	3.849942182431551e-6	1.1329323960684694e-8	1.010253687088583e-9	3.959984825924841e-5
192.0	2.2308861767084495e-8	1.6679177257843273e-9	3.849941825343547e-6	1.1330087868928427e-8	1.0109198259425076e-9	3.9599848533251053e-5
193.0	2.2299872273854355e-8	1.668306652065091e-9	3.8499427189810695e-6	1.1328061288568068e-8	1.0110358899762588e-9	3.9599848365975355e-5
194.0	2.2324568608167268e-8	1.6679659159078333e-9	3.8499422766752875e-6	1.1329053631155413e-8	1.011199602093343e-9	3.959984817487777e-5
195.0	2.230447141141811e-8	1.6678709288935233e-9	3.849941053435947e-6	1.1327660562822819e-8	1.0111693387901932e-9	3.959984789091492e-5
196.0	2.2302185242510902e-8	1.6689382441418708e-9	3.849941789832085e-6	1.1327595994321886e-8	1.010846946341518e-9	3.9599847518898775e-5
197.0	2.229419250167271e-8	1.6692392038947734e-9	3.8499427373030045e-6	1.1327213387482163e-8	1.0109201172486817e-9	3.959984738816995e-5
198.0	2.230993092100359e-8	1.669045332855066e-9	3.849942383309826e-6	1.1328567057318388e-8	1.010631499467449e-9	3.959984716646701e-5
199.0	2.2344847166984443e-8	1.6702371358802626e-9	3.849942031036256e-6	1.1328848434908484e-8	1.010952317573824e-9	3.95998471039625e-5
200.0	2.2293452615189907e-8	1.6705871597998342e-9	3.849942122707142e-6	1.1330247666566889e-8	1.0109309729142075e-9	3.959984706501261e-5
201.0	2.2292782691290372e-8	1.6693993799596617e-9	3.84994148866398e-6	1.1330041645511106e-8	1.0109888950929505e-9	3.959984696923284e-5
202.0	2.232250294241679e-8	1.6681612241942747e-9	3.849941131044266e-6	1.13306461852916e-8	1.0111043990034352e-9	3.959984702310919e-5
203.0	2.2295651164635e-8	1.6696060247103575e-9	3.849941942913202e-6	1.1329876216236281e-8	1.010780624765247e-9	3.95998467885188e-5
204.0	2.2294402379105325e-8	1.6691539128323245e-9	3.849942185935118e-6	1.1329888009285743e-8	1.0108753057163709e-9	3.959984694561952e-5
205.0	2.229898847273884e-8	1.6684420398161615e-9	3.849942220011472e-6	1.1329595332431675e-8	1.0105165038944969e-9	3.959984679952518e-5
206.0	2.2368090020670206e-8	1.6703396123067457e-9	3.84994223325983e-6	1.132980197393168e-8	1.0108071295246518e-9	3.959984701903646e-5
207.0	2.2301876614117333e-8	1.6716205833772316e-9	3.84994178236286e-6	1.1329551102153362e-8	1.0104123012350714e-9	3.959984675975131e-5
208.0	2.2231341497357688e-8	1.6709096832696758e-9	3.849941784148876e-6	1.133005591241695e-8	1.0105591445923496e-9	3.959984695880742e-5
209.0	2.2284086197937403e-8	1.6716634016095866e-9	3.849941402089696e-6	1.1329684291648487e-8	1.0104919319608629e-9	3.959984683075329e-5
210.0	2.242287494649243e-8	1.671948246534191e-9	3.8499416322136094e-6	1.1329694641393686e-8	1.0104640741259301e-9	3.9599847046197606e-5
211.0	2.2348644433169896e-8	1.6710317910060788e-9	3.849941687989062e-6	1.1329891364874945e-8	1.0105629477430122e-9	3.9599847011616964e-5
212.0	2.2225151258788987e-8	1.6703040464557463e-9	3.8499421386783315e-6	1.1329821782948177e-8	1.0103390929336446e-9	3.959984717858949e-5
213.0	2.224909619724998e-8	1.6710149152409921e-9	3.849942309682203e-6	1.1329984231612012e-8	1.0104444386349072e-9	3.9599847104614534e-5
214.0	2.239209444948652e-8	1.6715638734400467e-9	3.849942060178267e-6	1.1329378638514112e-8	1.0100768201228206e-9	3.959984721250672e-5
215.0	2.2394194269035598e-8	1.6707651778287756e-9	3.849942031786339e-6	1.1329629088483643e-8	1.010082339995312e-9	3.9599847171541345e-5
216.0	2.2241167213633238e-8	1.6734377962968448e-9	3.849941666577855e-6	1.132935953731398e-8	1.0099544547677975e-9	3.959984720939668e-5
217.0	2.2251065129580602e-8	1.6722884462661716e-9	3.84994153188574e-6	1.1330375961346952e-8	1.0100365056315462e-9	3.95998472834961e-5
218.0	2.23380550239261e-8	1.6718327386455197e-9	3.849941553660446e-6	1.132996215724456e-8	1.0103174524880155e-9	3.959984724112544e-5
219.0	2.233210982812587e-8	1.6731392274398793e-9	3.849941946946753e-6	1.1332479311903462e-8	1.0105245384627155e-9	3.959984748334615e-5
220.0	2.228576529003737e-8	1.6722259301247812e-9	3.849942506152653e-6	1.1331483292899755e-8	1.010684514727533e-9	3.959984745373444e-5
221.0	2.2280946110921623e-8	1.6729686987559117e-9	3.849942069392901e-6	1.1333139431532215e-8	1.01079574264643e-9	3.959984782071967e-5
222.0	2.2345405287143937e-8	1.6732053863126571e-9	3.849941857995058e-6	1.1330881602755194e-8	1.0107854232826227e-9	3.9599847809415945e-5
223.0	2.2309416824010454e-8	1.6725059540721721e-9	3.849941662049316e-6	1.1331480903660478e-8	1.0106457876165792e-9	3.959984825081392e-5
224.0	2.22460419231766e-8	1.6729667136719032e-9	3.8499417524458985e-6	1.132906221158488e-8	1.0106477731141526e-9	3.959984807231805e-5
225.0	2.2334897243658746e-8	1.6740984784849086e-9	3.849941876972665e-6	1.1329197630284426e-8	1.0105298282845694e-9	3.9599848288563625e-5
226.0	2.237288022983112e-8	1.6747674521638944e-9	3.849941790311211e-6	1.1326747502790768e-8	1.0106975116883245e-9	3.959984810517018e-5
227.0	2.2330646102224598e-8	1.673308940060995e-9	3.849942555072295e-6	1.1327175580611312e-8	1.0106819138433749e-9	3.959984807136282e-5
228.0	2.224885263775688e-8	1.674589789983595e-9	3.849941741676419e-6	1.1325835688449628e-8	1.0109563528863912e-9	3.9599847978223594e-5
229.0	2.2309546903945515e-8	1.6748706115611757e-9	3.849941258141392e-6	1.132708894632842e-8	1.0109893746196897e-9	3.959984779916259e-5
230.0	2.2386537919071493e-8	1.6731662305907696e-9	3.849941794693182e-6	1.1328322170939372e-8	1.0110119686240457e-9	3.959984775041449e-5
231.0	2.2353417670574698e-8	1.674145045275172e-9	3.849942262800833e-6	1.1329944856209403e-8	1.0109704670352942e-9	3.959984764825557e-5
232.0	2.2249407512542896e-8	1.6742917185908069e-9	3.849942004532121e-6	1.1332959932597317e-8	1.010675885949721e-9	3.9599847575647753e-5
233.0	2.2300161114515585e-8	1.6740507888420599e-9	3.849942242109058e-6	1.1333876564505332e-8	1.0108412596961365e-9	3.959984768765387e-5
234.0	2.2325977109426952e-8	1.6756402964322585e-9	3.849941976380814e-6	1.1336078493055392e-8	1.0106149619544498e-9	3.959984778120104e-5
235.0	2.235690210454483e-8	1.67601361540447e-9	3.849941315274823e-6	1.1334937086161685e-8	1.0109000875711133e-9	3.959984798242312e-5
236.0	2.2296590590584795e-8	1.6748826591777483e-9	3.849941549926538e-6	1.1335909528337607e-8	1.010731532553244e-9	3.959984821745142e-5
237.0	2.228586247071979e-8	1.6748454052807184e-9	3.849942099008168e-6	1.1332403864028714e-8	1.010879239536162e-9	3.959984823351294e-5
238.0	2.231496737906335e-8	1.67566655093769e-9	3.8499419505007355e-6	1.1332529004639668e-8	1.0109047832546446e-9	3.9599848347792105e-5
239.0	2.2307745990027843e-8	1.6735470250125812e-9	3.849942606347482e-6	1.1327705335611642e-8	1.0106842119367987e-9	3.9599848220916016e-5
240.0	2.234481858354514e-8	1.674170950700475e-9	3.849942303274875e-6	1.1328204702457424e-8	1.0108708068089257e-9	3.95998481383528e-5
241.0	2.2313524469415076e-8	1.6759207894368246e-9	3.849941647001943e-6	1.1323449078457685e-8	1.010807075684535e-9	3.959984823651779e-5
242.0	2.231471640089288e-8	1.6742838732791388e-9	3.849941475926697e-6	1.1325323883248456e-8	1.0109946735595112e-9	3.9599847986811105e-5
243.0	2.227853883067995e-8	1.6755528203914432e-9	3.849941973545356e-6	1.132412365144841e-8	1.011044729160629e-9	3.959984830777112e-5
244.0	2.2327888122579843e-8	1.676918754310435e-9	3.849941601174833e-6	1.1326965506544638e-8	1.0110909219074105e-9	3.959984787553807e-5
245.0	2.2341621696872873e-8	1.6752727183917802e-9	3.8499419367757855e-6	1.1328790202250493e-8	1.0109132443384537e-9	3.959984809551885e-5
246.0	2.232384859585337e-8	1.6758411207801588e-9	3.84994290309788e-6	1.1332534834051244e-8	1.011059130879827e-9	3.9599847798771167e-5
247.0	2.2307658636268112e-8	1.6749103943162016e-9	3.849942343811611e-6	1.1333940947189511e-8	1.0107504374300356e-9	3.9599847649858045e-5
248.0	2.232103753107647e-8	1.6744794454803522e-9	3.849941646812187e-6	1.1336108925492082e-8	1.0108682464257552e-9	3.959984770436313e-5
249.0	2.2311240436511657e-8	1.6739386215920222e-9	3.849941599554512e-6	1.1336282686318155e-8	1.010736035926179e-9	3.95998472639342e-5
250.0	2.2314652078651003e-8	1.6755548578092918e-9	3.849941624716626e-6	1.1336051085331736e-8	1.0105423458144364e-9	3.9599847419001505e-5
251.0	2.2314912326135587e-8	1.6761188638008512e-9	3.8499419386178034e-6	1.1335334883961657e-8	1.010629800044099e-9	3.95998469096968e-5
252.0	2.2335999896462943e-8	1.6749150990261786e-9	3.849942307466266e-6	1.1332844670572439e-8	1.010291126376784e-9	3.95998470184362e-5
253.0	2.2326663218793703e-8	1.6764997197456001e-9	3.849942648487062e-6	1.1332293456105707e-8	1.0106904354469457e-9	3.959984662876986e-5
254.0	2.227131463924398e-8	1.6756925803396275e-9	3.8499422091748194e-6	1.1329046951243455e-8	1.0104111670852205e-9	3.95998467783808e-5
255.0	2.2323843710032857e-8	1.6747818705373178e-9	3.849941270269432e-6	1.1329409302233937e-8	1.0109238194726582e-9	3.9599846671048204e-5
256.0	2.236297688811622e-8	1.6759531489274985e-9	3.8499414171602645e-6	1.1327502899391747e-8	1.0110161097327794e-9	3.959984671393602e-5
257.0	2.235822898397553e-8	1.6765343329604919e-9	3.849942012750699e-6	1.1328826868366621e-8	1.0109738633736403e-9	3.959984675226619e-5
258.0	2.228690157227582e-8	1.6761005769256668e-9	3.84994209088684e-6	1.132846777164237e-8	1.01120609544317e-9	3.959984684071862e-5
259.0	2.2311478867055374e-8	1.675803932756055e-9	3.849942274644425e-6	1.1330658964700514e-8	1.0106145074464688e-9	3.959984675223156e-5
260.0	2.2363674080860177e-8	1.6763814966921715e-9	3.849942387520266e-6	1.1329597431984365e-8	1.011030063982365e-9	3.9599846906988405e-5
261.0	2.2378990492150126e-8	1.6755270853747737e-9	3.849941763314481e-6	1.1332232623244673e-8	1.010288584729498e-9	3.959984672615261e-5
262.0	2.2309169611232546e-8	1.6762050981071072e-9	3.849941541674752e-6	1.1331052090746833e-8	1.0108939426044307e-9	3.959984702283881e-5
263.0	2.227775777730465e-8	1.6769647931554593e-9	3.849941673270581e-6	1.1332965747034327e-8	1.0108477261096065e-9	3.959984707282908e-5
264.0	2.2379909755010573e-8	1.6775461810981799e-9	3.849942216109502e-6	1.1331311184793637e-8	1.0110447705946556e-9	3.959984731682526e-5
265.0	2.2376813439504147e-8	1.6776526648144351e-9	3.849942392165437e-6	1.1332272204383013e-8	1.011545478220849e-9	3.959984742843263e-5
266.0	2.23336504466071e-8	1.6773465116156907e-9	3.849942526642834e-6	1.1330652534725544e-8	1.0109044566707367e-9	3.959984742418878e-5
267.0	2.2261760851810376e-8	1.6766682780408165e-9	3.849942296706456e-6	1.133110562934151e-8	1.01135649624704e-9	3.959984760760547e-5
268.0	2.23422653641691e-8	1.6772645964184685e-9	3.849942067457801e-6	1.1329870289129852e-8	1.0104212256822328e-9	3.959984748194797e-5
269.0	2.2412143639678903e-8	1.6773851910136817e-9	3.849941440650212e-6	1.1331672075185187e-8	1.010687292479476e-9	3.959984757773351e-5
270.0	2.2360654858858877e-8	1.6773219011561437e-9	3.849941761596446e-6	1.1331089743388402e-8	1.0103049818544217e-9	3.959984755494541e-5
271.0	2.2253047901095906e-8	1.677548923785887e-9	3.84994209132927e-6	1.1333077538839923e-8	1.0102992582575934e-9	3.959984761974101e-5
272.0	2.230513527216034e-8	1.6789412041981223e-9	3.8499425875776246e-6	1.133328041245377e-8	1.010776408534248e-9	3.9599847744656414e-5
273.0	2.2371817736173237e-8	1.6787142515188084e-9	3.849942397091509e-6	1.133334823294219e-8	1.0104443745274595e-9	3.959984764857602e-5
274.0	2.2391158151735625e-8	1.6771337295744419e-9	3.84994222534043e-6	1.1332899019547743e-8	1.0111935780372126e-9	3.959984793938447e-5
275.0	2.2305009267875685e-8	1.6771135063059848e-9	3.849941606342271e-6	1.1331590651644866e-8	1.0103815922120909e-9	3.959984776100768e-5
276.0	2.227377311584923e-8	1.6769244218700807e-9	3.849941608779044e-6	1.133029760814094e-8	1.0108284628035518e-9	3.9599848114355036e-5
277.0	2.235272046555357e-8	1.6770314575702476e-9	3.8499416574966705e-6	1.1328849495387535e-8	1.010174904042543e-9	3.95998480530289e-5
278.0	2.2341758524608425e-8	1.677541597544878e-9	3.849941847624815e-6	1.132755415730681e-8	1.010231038275334e-9	3.959984836718971e-5
279.0	2.232257522621213e-8	1.6784572923595175e-9	3.849942241559913e-6	1.1326820452379915e-8	1.0104346970452834e-9	3.959984838132272e-5
280.0	2.2327854599747753e-8	1.6795935151210178e-9	3.8499422441126136e-6	1.1327378988378828e-8	1.0101500373818646e-9	3.95998484932528e-5
281.0	2.234351399281584e-8	1.6790282797476896e-9	3.849941943243223e-6	1.132717700697746e-8	1.0110046713451725e-9	3.959984847762708e-5
282.0	2.235465365811842e-8	1.6777215596300842e-9	3.849941700548541e-6	1.1331425811398588e-8	1.0105460646988419e-9	3.959984847266962e-5
283.0	2.226807615795324e-8	1.6782779442422717e-9	3.849942008659265e-6	1.1331048707624264e-8	1.0113338819057497e-9	3.9599848422310486e-5
284.0	2.2348632686123212e-8	1.6778261137577885e-9	3.8499419550567555e-6	1.1334940485836272e-8	1.010917019725549e-9	3.959984824296473e-5
285.0	2.240325255618384e-8	1.6782079158201583e-9	3.849941923297192e-6	1.1335021812304284e-8	1.0110390816792834e-9	3.9599848285005165e-5
286.0	2.2392857030130677e-8	1.6789457837467726e-9	3.849942111585839e-6	1.1336726136810994e-8	1.011050655700295e-9	3.9599847922305664e-5
287.0	2.2299396910657166e-8	1.6794765048650973e-9	3.849942213588254e-6	1.1335408811930161e-8	1.0105466512007812e-9	3.9599848295290727e-5
288.0	2.227994442772438e-8	1.6804387158241645e-9	3.849941554377787e-6	1.1335667171719497e-8	1.0110999490435953e-9	3.959984781337761e-5
289.0	2.238344224373541e-8	1.6792698663461492e-9	3.849941976279616e-6	1.1332085457040177e-8	1.0104162852131886e-9	3.959984833375797e-5
290.0	2.244801868907337e-8	1.6802144705416732e-9	3.849942373952101e-6	1.1331534187560523e-8	1.011164892812021e-9	3.9599847761618424e-5
291.0	2.233169735031367e-8	1.68021873581315e-9	3.849942489960278e-6	1.132731565705515e-8	1.0107879786521465e-9	3.959984826418422e-5
292.0	2.23027894117669e-8	1.678662515390356e-9	3.849942079808146e-6	1.1327606706752642e-8	1.0112720781669352e-9	3.959984780385172e-5
293.0	2.2310285219786277e-8	1.6800604856014435e-9	3.8499417745511104e-6	1.1325510925363445e-8	1.0113238620595404e-9	3.959984825386909e-5
294.0	2.239608018815086e-8	1.6799342048163428e-9	3.8499416752870746e-6	1.1326208776472706e-8	1.0111534020788327e-9	3.959984794020454e-5
295.0	2.2386561435894126e-8	1.681169334113737e-9	3.849941427498838e-6	1.1327470783468665e-8	1.0113293421608733e-9	3.959984813783083e-5
296.0	2.2323220826113094e-8	1.680501428068469e-9	3.849941742119135e-6	1.1328330819558539e-8	1.0105851168517788e-9	3.959984790630829e-5
297.0	2.231401982015999e-8	1.6800250648829575e-9	3.84994242702845e-6	1.1330715714587899e-8	1.0109444058096786e-9	3.9599847792121904e-5
298.0	2.234469063476875e-8	1.6805486231199131e-9	3.8499427184837375e-6	1.1332770005126247e-8	1.0104422473965693e-9	3.959984767132007e-5
299.0	2.235220579785927e-8	1.680832390395053e-9	3.84994209832242e-6	1.1335315058157214e-8	1.010956702674421e-9	3.9599847314792804e-5
300.0	2.2322338130510302e-8	1.6819529643909461e-9	3.849941590247286e-6	1.1336087203473197e-8	1.0110065268867857e-9	3.959984745280799e-5
301.0	2.2356352862302686e-8	1.6804636034799105e-9	3.849942013280372e-6	1.1337548109548179e-8	1.0112353872041188e-9	3.95998470314e-5
302.0	2.2352212719526982e-8	1.6805866607054057e-9	3.8499418173130944e-6	1.1334649190931241e-8	1.0116295678185244e-9	3.959984718441599e-5
303.0	2.2349900198566284e-8	1.6823949748195505e-9	3.849941633862498e-6	1.1335027122706706e-8	1.0113040743128777e-9	3.9599846811789294e-5
304.0	2.2303980776821876e-8	1.6807899955763195e-9	3.849942363223471e-6	1.133026400451078e-8	1.0115053055147274e-9	3.959984694279143e-5
305.0	2.2357096523790455e-8	1.6828026654490042e-9	3.849942900135646e-6	1.1330939188630983e-8	1.0110178867957711e-9	3.959984676249919e-5
306.0	2.239684422507146e-8	1.6817751986027241e-9	3.849942163821081e-6	1.1327872382563934e-8	1.0112163668806418e-9	3.959984685855641e-5
307.0	2.2370442030400128e-8	1.682536641018238e-9	3.849941987484034e-6	1.1328000569250428e-8	1.0108122026977667e-9	3.95998467717314e-5
308.0	2.2304679299394357e-8	1.6822943030732892e-9	3.8499421184216935e-6	1.1327312334765503e-8	1.0110319259769623e-9	3.9599846820849674e-5
309.0	2.2327687479780997e-8	1.6822780091717113e-9	3.849941946026915e-6	1.1328788297759205e-8	1.0111173269346027e-9	3.9599846994245565e-5
310.0	2.2399676393536664e-8	1.6839978662349369e-9	3.849941731862366e-6	1.1329802970646129e-8	1.0111278521394976e-9	3.9599847014590876e-5
311.0	2.2399733486098348e-8	1.6814842151353622e-9	3.849941771602643e-6	1.1333297463725214e-8	1.011322650936861e-9	3.9599847200892764e-5
312.0	2.2327495510322366e-8	1.6833167174135144e-9	3.849942652669555e-6	1.1334353476014946e-8	1.010891659882869e-9	3.959984717723144e-5
313.0	2.2312817332322733e-8	1.683294840289364e-9	3.8499420365900345e-6	1.133629726713606e-8	1.0109846960878557e-9	3.9599847115548327e-5
314.0	2.2378027549958563e-8	1.682340365330108e-9	3.849941874062293e-6	1.1336774855405196e-8	1.010610587549361e-9	3.959984729703002e-5
315.0	2.2403568193289432e-8	1.6830645156891803e-9	3.849941896594387e-6	1.1335143254910596e-8	1.0107651161748985e-9	3.959984701547466e-5
316.0	2.2348140888075983e-8	1.6831503944615018e-9	3.849942077604166e-6	1.1335957094839231e-8	1.010620888551491e-9	3.9599847396134936e-5
317.0	2.2321289686581363e-8	1.6822013524017409e-9	3.849941388084778e-6	1.1332117280238693e-8	1.0107399210502562e-9	3.9599847117778015e-5
318.0	2.236627096346794e-8	1.6825366683976588e-9	3.849941628163657e-6	1.133284683277714e-8	1.0105709291677068e-9	3.959984753429198e-5
319.0	2.2390048552160095e-8	1.6841376470179122e-9	3.849942156124952e-6	1.1330284531696488e-8	1.0105202777288668e-9	3.959984733930608e-5
320.0	2.2355666282669117e-8	1.6835571619036626e-9	3.849942040269775e-6	1.1329751764614606e-8	1.0104791749433714e-9	3.95998477079323e-5
321.0	2.2334862302855204e-8	1.6848049921619777e-9	3.849942376747218e-6	1.1328922180120602e-8	1.0104721239226123e-9	3.959984761133598e-5
322.0	2.237789879285597e-8	1.6851538293288122e-9	3.849942158718355e-6	1.1329173880387143e-8	1.0107427687608523e-9	3.9599847864943e-5
323.0	2.2371356265602593e-8	1.683662612897097e-9	3.8499419509261485e-6	1.1330007452212992e-8	1.0108378489133206e-9	3.9599847835225364e-5
324.0	2.2341140392715755e-8	1.6846269401933045e-9	3.849941891082769e-6	1.13321802536242e-8	1.011263796112751e-9	3.95998479796051e-5
325.0	2.234474652304809e-8	1.684495829994748e-9	3.8499418182052344e-6	1.1333049730108771e-8	1.0112443799207278e-9	3.959984800680253e-5
326.0	2.2394171140397504e-8	1.6845068853215723e-9	3.849941860120953e-6	1.1334832147493685e-8	1.011442807845041e-9	3.959984808593714e-5
327.0	2.2400347733369795e-8	1.6848321853694656e-9	3.849942613124056e-6	1.1335575327564434e-8	1.0114043985817794e-9	3.95998482543161e-5
328.0	2.2324622903944993e-8	1.6840300890054146e-9	3.849942457475719e-6	1.133453729963096e-8	1.0112892483831104e-9	3.959984823779269e-5
329.0	2.234737016910363e-8	1.6849628326097153e-9	3.849941703330311e-6	1.1335988428093761e-8	1.0111982328777826e-9	3.959984839998166e-5
330.0	2.240758803434547e-8	1.6839589951276696e-9	3.849941950953145e-6	1.1332725090170677e-8	1.0110970316614605e-9	3.9599848441713585e-5
331.0	2.2389431930548832e-8	1.6848704657906326e-9	3.849941858434393e-6	1.1333585950080667e-8	1.0110669840450105e-9	3.959984849115136e-5
332.0	2.2357738465278824e-8	1.6841367433344344e-9	3.849941639332112e-6	1.1330484553072841e-8	1.0108516472885543e-9	3.959984851897428e-5
333.0	2.2320388518697482e-8	1.684090175907422e-9	3.84994169130267e-6	1.1330087039800625e-8	1.0108998411331955e-9	3.959984841924728e-5
334.0	2.240436110794039e-8	1.6858053503894647e-9	3.849942064084154e-6	1.132833311716358e-8	1.0107860217856776e-9	3.959984848112047e-5
335.0	2.240416992898191e-8	1.6849663131615752e-9	3.849942032147885e-6	1.1328183157880495e-8	1.010807771200752e-9	3.9599848398645084e-5
336.0	2.2346583377365166e-8	1.685207211119481e-9	3.8499414831151355e-6	1.1328553608807412e-8	1.0106968861200047e-9	3.9599848386941914e-5
337.0	2.235117783517115e-8	1.6858214827466682e-9	3.8499420129370706e-6	1.1330315389119424e-8	1.010798097365147e-9	3.959984841785251e-5
338.0	2.2385050109264363e-8	1.685256943168827e-9	3.849942001134523e-6	1.1331083180818458e-8	1.0106285781976406e-9	3.959984825540552e-5
339.0	2.2392068160531194e-8	1.684782816878822e-9	3.8499420321441245e-6	1.133269209631535e-8	1.010691567066768e-9	3.9599848477862885e-5
340.0	2.234739093536062e-8	1.6851028245544451e-9	3.849942030522193e-6	1.133470776670261e-8	1.0105783798648634e-9	3.959984827112307e-5
341.0	2.235150101527216e-8	1.6859590726839573e-9	3.849942019303433e-6	1.1334547325864227e-8	1.0105198230579965e-9	3.9599848602498335e-5
342.0	2.2382461668186317e-8	1.68590032302099e-9	3.849941937943147e-6	1.1337483143736852e-8	1.0103975913421324e-9	3.959984843091166e-5
343.0	2.2384037405477523e-8	1.6859279766154657e-9	3.849941542141637e-6	1.1335204954475808e-8	1.0103148347781065e-9	3.959984879973469e-5
344.0	2.23453544364096e-8	1.6863196006201345e-9	3.8499418211207515e-6	1.133742937119808e-8	1.0103619175235911e-9	3.959984855753078e-5
345.0	2.2381075301590575e-8	1.6868292237950925e-9	3.849942576888683e-6	1.1333936801074467e-8	1.010311424402201e-9	3.959984863491406e-5
346.0	2.2369051848611135e-8	1.6854363790342883e-9	3.849942606303322e-6	1.1334394310528814e-8	1.0106141944483684e-9	3.959984837204127e-5
347.0	2.2389039533172104e-8	1.6865675973527013e-9	3.8499419186268255e-6	1.1330898642670823e-8	1.0108515952201808e-9	3.959984815466756e-5
348.0	2.2358342300097302e-8	1.6859784986747877e-9	3.849942062458771e-6	1.1330686544553945e-8	1.0111595876688734e-9	3.9599847992922665e-5
349.0	2.237121296536349e-8	1.687168789969528e-9	3.849941000999479e-6	1.132793151273565e-8	1.0113276115280701e-9	3.9599847715635804e-5
350.0	2.240267207841908e-8	1.687027893950197e-9	3.849941381368468e-6	1.1328526347848396e-8	1.0113150915841212e-9	3.959984770051345e-5
351.0	2.2350677071003403e-8	1.6872109430380223e-9	3.849941818797165e-6	1.1326298160116045e-8	1.0111397889691938e-9	3.9599847457669596e-5
352.0	2.2376118335899203e-8	1.6871212655368038e-9	3.849942798191797e-6	1.1328226215926767e-8	1.0107762592023735e-9	3.9599847378185244e-5
353.0	2.2368875904914024e-8	1.6885775085815702e-9	3.849942376638358e-6	1.1328562718253892e-8	1.0107525531330285e-9	3.959984723683543e-5
354.0	2.2397470324456546e-8	1.6870277543909917e-9	3.849942084327696e-6	1.1330967606131496e-8	1.010681011947166e-9	3.9599847051778726e-5
355.0	2.2378889046078456e-8	1.6877222937299144e-9	3.849941650104532e-6	1.1334078373754033e-8	1.0109768358301051e-9	3.959984689279831e-5
356.0	2.2351805397056304e-8	1.6887952952888447e-9	3.8499413246367364e-6	1.1334845272130107e-8	1.011176966258518e-9	3.959984671118813e-5
357.0	2.237585212392091e-8	1.6883360329650646e-9	3.849941800854455e-6	1.1339445099632852e-8	1.0114768628217947e-9	3.959984652898757e-5
358.0	2.2347384449877335e-8	1.6883233820757181e-9	3.849942102245253e-6	1.1336792621326451e-8	1.0116855403933372e-9	3.9599846435622694e-5
359.0	2.2378460224522628e-8	1.689423947425006e-9	3.849942476451388e-6	1.133938961355182e-8	1.0114733538588168e-9	3.959984643710623e-5
360.0	2.2392019805680768e-8	1.6894142177254957e-9	3.84994198554048e-6	1.1334805879737307e-8	1.0116758705435114e-9	3.959984651580201e-5
361.0	2.238734379983347e-8	1.6880140049041018e-9	3.849942101147769e-6	1.1334892312313406e-8	1.011301863910307e-9	3.9599846674954354e-5
362.0	2.234646898851571e-8	1.6892315506507662e-9	3.84994187572135e-6	1.1329313714917508e-8	1.0114146333147248e-9	3.9599846865038224e-5
363.0	2.2337052175626978e-8	1.6887085451669016e-9	3.849941549996971e-6	1.1328900544044424e-8	1.0111921060452743e-9	3.959984713490261e-5
364.0	2.2399981905537876e-8	1.6897394557655047e-9	3.8499419459510835e-6	1.1324456613234067e-8	1.0112407389241353e-9	3.959984742008073e-5
365.0	2.2441665503257855e-8	1.6884529745989616e-9	3.849942166584755e-6	1.1325329668728159e-8	1.0110862193416298e-9	3.959984766024867e-5
366.0	2.2369534722573938e-8	1.6888036737895708e-9	3.849941357192022e-6	1.132419389453762e-8	1.011062986998476e-9	3.9599847979288463e-5
367.0	2.2333639211287075e-8	1.68851878155425e-9	3.849941874104783e-6	1.1327323249103658e-8	1.0108339470026518e-9	3.959984785227667e-5
368.0	2.237255919419613e-8	1.6888198072203813e-9	3.8499420434284355e-6	1.1328989239920681e-8	1.0107389402931876e-9	3.959984799485193e-5
369.0	2.241201631544976e-8	1.688712870009219e-9	3.849942269539288e-6	1.1333330365020698e-8	1.0107500951185542e-9	3.9599847637282065e-5
370.0	2.2414044979483247e-8	1.689745862878543e-9	3.849941712886565e-6	1.1336833169953472e-8	1.0106175077346278e-9	3.9599847777233944e-5
371.0	2.2327332487414315e-8	1.6901878628501173e-9	3.8499416649943164e-6	1.133862337612843e-8	1.010866383475853e-9	3.9599847503836795e-5
372.0	2.237895890246044e-8	1.6892014636811498e-9	3.849941954087337e-6	1.134105638892143e-8	1.0106633181224783e-9	3.959984786753534e-5
373.0	2.2372130079307544e-8	1.6898578036875595e-9	3.849941280896121e-6	1.1339596494539264e-8	1.010844111297755e-9	3.95998478160496e-5
374.0	2.2384802209980677e-8	1.6890586242341502e-9	3.849941531338878e-6	1.1339867778818287e-8	1.0105072037118748e-9	3.959984813536462e-5
375.0	2.23688556156905e-8	1.689452877841218e-9	3.849942463898185e-6	1.1334962612052012e-8	1.0105262967398296e-9	3.9599848296479134e-5
376.0	2.2403958059609057e-8	1.6904178027548208e-9	3.849942655712735e-6	1.133320645471254e-8	1.0104258381726903e-9	3.9599848254188703e-5
377.0	2.2409717661594965e-8	1.6908388018807864e-9	3.849941644326179e-6	1.1327474806506641e-8	1.010453263669404e-9	3.959984861874363e-5
378.0	2.2356915940239314e-8	1.6907694348224378e-9	3.8499416480611664e-6	1.1325997749802906e-8	1.0105501859494022e-9	3.959984830661046e-5
379.0	2.2348200717900088e-8	1.6923343402365962e-9	3.849941914929239e-6	1.1323110566539183e-8	1.0104322146378608e-9	3.959984859694688e-5
380.0	2.2404537175485823e-8	1.6905621255039462e-9	3.849941450683053e-6	1.1325057408940779e-8	1.0107753001930839e-9	3.959984820704132e-5
381.0	2.2453393963103072e-8	1.6893567970066055e-9	3.8499419983636425e-6	1.1324748631255284e-8	1.0104693020589697e-9	3.959984840880972e-5
382.0	2.238226719388413e-8	1.6899722510463355e-9	3.849942648645787e-6	1.132939614697296e-8	1.011230121404879e-9	3.9599848227464414e-5
383.0	2.2325854985896763e-8	1.6896465033986095e-9	3.8499428356452644e-6	1.1331678430369134e-8	1.0110807080582343e-9	3.959984836732851e-5
384.0	2.238487720984806e-8	1.6913370560241713e-9	3.849942124223995e-6	1.1335446850983102e-8	1.0116935606339642e-9	3.959984840186446e-5
385.0	2.2427743904048222e-8	1.6931317838066231e-9	3.849941844588882e-6	1.133774998042838e-8	1.0118103074150922e-9	3.959984846013882e-5
386.0	2.2414495319546376e-8	1.693719741216797e-9	3.849941363328976e-6	1.1338547609388547e-8	1.0116769349971484e-9	3.959984840548229e-5
387.0	2.234951520725941e-8	1.6936303774325115e-9	3.8499422636600935e-6	1.1337684651199481e-8	1.0117074312685178e-9	3.9599848194320123e-5
388.0	2.235549494515271e-8	1.6912109285295047e-9	3.849941393162667e-6	1.1335227766241428e-8	1.011034594640432e-9	3.9599848075288074e-5
389.0	2.2410284638628092e-8	1.6918454225278416e-9	3.849941934410173e-6	1.1332015782759913e-8	1.0115163701931094e-9	3.9599847977273426e-5
390.0	2.241706357685723e-8	1.6896076384481932e-9	3.849942588923036e-6	1.132862381185697e-8	1.0108917685097144e-9	3.95998479764843e-5
391.0	2.237912858786687e-8	1.689343544441011e-9	3.849942147180135e-6	1.1326438935700125e-8	1.0113647174834625e-9	3.959984803874762e-5
392.0	2.237502861949066e-8	1.6926154568212123e-9	3.8499412746617485e-6	1.1324817185280432e-8	1.0112628097042509e-9	3.959984798587393e-5
393.0	2.237981744077083e-8	1.6915269251369237e-9	3.849941804039681e-6	1.1325549074386091e-8	1.0112458728502748e-9	3.959984803425302e-5
394.0	2.2401405503240316e-8	1.6943854788825047e-9	3.849941495533663e-6	1.1326350873568257e-8	1.0113128038038874e-9	3.9599847880166425e-5
395.0	2.2380637476382702e-8	1.6938799527724924e-9	3.8499413559214655e-6	1.1329540563418811e-8	1.0107066836718353e-9	3.9599847743421094e-5
396.0	2.238374394326759e-8	1.693511173708747e-9	3.849941788583502e-6	1.133217952824318e-8	1.0111592798851802e-9	3.959984767284374e-5
397.0	2.2371019769351815e-8	1.6927887146749921e-9	3.849942242695391e-6	1.133468362227865e-8	1.0104893811170359e-9	3.959984747484416e-5
398.0	2.239324108332435e-8	1.691777222364974e-9	3.849942460070869e-6	1.1336367643422583e-8	1.0110076886653718e-9	3.959984742579229e-5
399.0	2.2384013407887724e-8	1.6922324647633883e-9	3.849941949379496e-6	1.1337196831688211e-8	1.0109315940676296e-9	3.959984723991171e-5
400.0	2.238323856293246e-8	1.6930383539562358e-9	3.849941625958655e-6	1.1335647207784142e-8	1.0109603291625715e-9	3.95998470481017e-5
401.0	2.23780115295727e-8	1.6939139693149074e-9	3.849941719675523e-6	1.1334540942897141e-8	1.011338276123256e-9	3.959984679411196e-5
402.0	2.238208313685422e-8	1.6941370296686163e-9	3.849941874324265e-6	1.1330733571892252e-8	1.0110982152690018e-9	3.959984664651199e-5
403.0	2.2394757296999065e-8	1.6943065692136014e-9	3.849941752663602e-6	1.1328369287741877e-8	1.0118298609923955e-9	3.9599846255384004e-5
404.0	2.2371341683138377e-8	1.6930479315358175e-9	3.849942291415018e-6	1.1325041731638828e-8	1.0116150486398536e-9	3.959984647126286e-5
405.0	2.2381061211506565e-8	1.6941122146734763e-9	3.8499424062919215e-6	1.1324478919401802e-8	1.0120894851993926e-9	3.959984620653893e-5
406.0	2.2396124837712836e-8	1.6926311979456775e-9	3.849941795110034e-6	1.132434399215038e-8	1.0119431118777208e-9	3.9599846655366704e-5
407.0	2.2407249161559524e-8	1.6937278380678448e-9	3.849940765652836e-6	1.1326968688657016e-8	1.0118567991000803e-9	3.959984656969264e-5
408.0	2.2349851725235126e-8	1.6928709470572531e-9	3.849941913132069e-6	1.1330211761018605e-8	1.0118625552746618e-9	3.9599846839277506e-5
409.0	2.2380932507607554e-8	1.6940803570357935e-9	3.849941953034351e-6	1.1333923740751208e-8	1.0112764068178992e-9	3.959984683132801e-5
410.0	2.2426999057229324e-8	1.6946941672079623e-9	3.8499417275113255e-6	1.1336327259329425e-8	1.0118895810422018e-9	3.959984694665704e-5
411.0	2.2407460987311223e-8	1.6954424230027224e-9	3.849941704463011e-6	1.1338577036376934e-8	1.0112317314799257e-9	3.9599847081899136e-5
412.0	2.2367689873411226e-8	1.6952538856780668e-9	3.8499426636635085e-6	1.133773423036747e-8	1.0118624580720524e-9	3.959984706387704e-5
413.0	2.232639673442559e-8	1.6956440116248406e-9	3.849941134029721e-6	1.133706375311242e-8	1.0112390140624003e-9	3.9599847121798725e-5
414.0	2.243883945500861e-8	1.6948165185632439e-9	3.849941172703422e-6	1.1333821678689194e-8	1.0112014719051778e-9	3.9599846782007975e-5
415.0	2.2434681597581092e-8	1.6955202181985455e-9	3.849942208344486e-6	1.13311726754003e-8	1.010747750939829e-9	3.959984692399073e-5
416.0	2.236483857654058e-8	1.695606520679569e-9	3.849942426535099e-6	1.1327709163832855e-8	1.0102987194562663e-9	3.959984650540871e-5
417.0	2.236417186795118e-8	1.6947572047625743e-9	3.849941625131281e-6	1.1324736095171159e-8	1.0106207903271565e-9	3.95998468338749e-5
418.0	2.2390140706971615e-8	1.6957141148489208e-9	3.849941997018928e-6	1.1324386830635043e-8	1.010362409512668e-9	3.9599846702339194e-5
419.0	2.2436769747215948e-8	1.696092140226919e-9	3.8499420578263244e-6	1.1323725455912638e-8	1.011023358568538e-9	3.959984685418746e-5
420.0	2.2379333803497887e-8	1.6973486105566706e-9	3.849941636540996e-6	1.1327433030446454e-8	1.010891212156076e-9	3.959984712785777e-5
421.0	2.2360144037128087e-8	1.6981130133043777e-9	3.849941640680567e-6	1.133028782792366e-8	1.0112737481073027e-9	3.9599847066333436e-5
422.0	2.242412924736597e-8	1.6974614425918748e-9	3.84994184882126e-6	1.1334654733757788e-8	1.011102416989483e-9	3.959984760016437e-5
423.0	2.2379197815867787e-8	1.6970858666978365e-9	3.849942101184693e-6	1.13379319336359e-8	1.0111564982707735e-9	3.959984749844561e-5
424.0	2.2358883800461647e-8	1.6954170779134691e-9	3.849941846150823e-6	1.1339702585085775e-8	1.0113412930567418e-9	3.9599847941128755e-5
425.0	2.2399186958992244e-8	1.6964176066904914e-9	3.849941852613277e-6	1.1339625468371263e-8	1.0113605545818972e-9	3.959984779386524e-5
426.0	2.2437376499227817e-8	1.6969128060851748e-9	3.8499419646292595e-6	1.1338738230003024e-8	1.0118850705536174e-9	3.959984789423547e-5
427.0	2.2413444015381678e-8	1.6970225961278515e-9	3.849941615528239e-6	1.1334569231459504e-8	1.0120058963897605e-9	3.9599847772338636e-5
428.0	2.2332282107093815e-8	1.6987405942049296e-9	3.849941783214575e-6	1.1331912540057744e-8	1.0123819260592771e-9	3.9599847668172395e-5
429.0	2.236441730205164e-8	1.6997514693740583e-9	3.849941736505257e-6	1.1327726261463881e-8	1.012367484577093e-9	3.9599847762266784e-5
430.0	2.247852031168734e-8	1.6979709431533355e-9	3.849941709024356e-6	1.1324979428596701e-8	1.0123975664118029e-9	3.959984765812353e-5
431.0	2.2427030401255547e-8	1.6986292311048983e-9	3.849942361141873e-6	1.1323183141298016e-8	1.0123066069177538e-9	3.9599847937837605e-5
432.0	2.2369818560796228e-8	1.6972826327154343e-9	3.849942397081878e-6	1.1321890601983197e-8	1.012212455556222e-9	3.959984787497626e-5
433.0	2.2359473330514447e-8	1.6962975001504442e-9	3.849941572743248e-6	1.13248178303772e-8	1.0119437894050481e-9	3.9599847965981115e-5
434.0	2.2445302499759822e-8	1.6980772862630558e-9	3.849941513760796e-6	1.1326401919836295e-8	1.0117688541150645e-9	3.959984801948705e-5
435.0	2.2436008271674753e-8	1.6966559541437344e-9	3.8499421049805495e-6	1.1331261425537194e-8	1.0114116092624836e-9	3.9599847703486384e-5
436.0	2.2373393687836355e-8	1.699753359894172e-9	3.84994191694424e-6	1.1334464838561686e-8	1.0111339806417153e-9	3.959984792406807e-5
437.0	2.2395866321633248e-8	1.699642305953167e-9	3.849942273772508e-6	1.133781442173779e-8	1.0110286836138678e-9	3.95998474749934e-5
438.0	2.2407534765109123e-8	1.6993199071473259e-9	3.849942620302533e-6	1.133914500104372e-8	1.010864386229472e-9	3.959984778823355e-5
439.0	2.2423282403968355e-8	1.6992066580020002e-9	3.849941816189452e-6	1.1340306626589785e-8	1.0111540955971714e-9	3.9599847634554856e-5
440.0	2.2367854219847397e-8	1.6982235560575086e-9	3.8499414960386255e-6	1.133825364796817e-8	1.0107928752471664e-9	3.959984781638172e-5
441.0	2.2416550365760606e-8	1.6984606906948943e-9	3.849941383159739e-6	1.1336319365270581e-8	1.0111604337636547e-9	3.95998480114602e-5
442.0	2.2423308560408642e-8	1.6971048007173051e-9	3.84994217708034e-6	1.1333287681944469e-8	1.0104274775715418e-9	3.959984784157683e-5
443.0	2.2406238118625414e-8	1.6980704238961815e-9	3.849942069455482e-6	1.1329539473122602e-8	1.010497998802261e-9	3.959984817549865e-5
444.0	2.2378168222659433e-8	1.6993014318038235e-9	3.849942545747374e-6	1.1328426780519843e-8	1.0100892043868764e-9	3.959984780114679e-5
445.0	2.241179857546138e-8	1.6988680361584968e-9	3.849941716320145e-6	1.1326478928713853e-8	1.0102042551507395e-9	3.9599848137157834e-5
446.0	2.243103513997879e-8	1.7004585229589201e-9	3.849941112575686e-6	1.132880181808196e-8	1.0107032486692736e-9	3.959984788327576e-5
447.0	2.2414656576289945e-8	1.7010787213334033e-9	3.84994140915407e-6	1.1329501679250842e-8	1.0107471858654355e-9	3.959984794207925e-5
448.0	2.238289987357897e-8	1.7002433375152228e-9	3.849941613964447e-6	1.133320922831443e-8	1.0116927625724843e-9	3.959984776824371e-5
449.0	2.241383108657237e-8	1.6990489088538572e-9	3.8499422342246245e-6	1.1334497650851365e-8	1.0112451305422314e-9	3.959984743482362e-5
450.0	2.2421151920728352e-8	1.700238952430485e-9	3.84994196266163e-6	1.1337145829612976e-8	1.0118849184284108e-9	3.959984742566967e-5
451.0	2.24247590413792e-8	1.6990260065014784e-9	3.84994208144812e-6	1.1336145705253335e-8	1.0114616619380816e-9	3.959984685980855e-5
452.0	2.2409232834065773e-8	1.6985477401277528e-9	3.8499412902432796e-6	1.1337516119253181e-8	1.0116220185798343e-9	3.9599847096626966e-5
453.0	2.239863355232383e-8	1.699796400844738e-9	3.849941676125428e-6	1.1334895941862238e-8	1.011972891141617e-9	3.959984659792866e-5
454.0	2.2418144944520373e-8	1.7005972655803268e-9	3.849941682293593e-6	1.1333698498897991e-8	1.0116318278356512e-9	3.959984678755259e-5
455.0	2.2403435644300206e-8	1.7013918289695277e-9	3.849941994617556e-6	1.1331254514825246e-8	1.012362436740557e-9	3.959984646587721e-5
456.0	2.2419577935031775e-8	1.701422511179226e-9	3.849941717658277e-6	1.1328136395702958e-8	1.0116748780132128e-9	3.9599846587987096e-5
457.0	2.240214359310139e-8	1.7027068411639324e-9	3.849941444600279e-6	1.1328432936835315e-8	1.012395500905761e-9	3.9599846563888745e-5
458.0	2.2400101572532735e-8	1.7017181216009852e-9	3.849941524870682e-6	1.132643207741817e-8	1.0115775672612725e-9	3.959984657236101e-5
459.0	2.2431084267391263e-8	1.7005297104277013e-9	3.849942141811025e-6	1.132940558955418e-8	1.0117630973100202e-9	3.959984670971149e-5
460.0	2.241441073258676e-8	1.7018058837926525e-9	3.849941862332637e-6	1.1329924284503814e-8	1.0114227474276985e-9	3.9599846578100785e-5
461.0	2.2423063562948796e-8	1.7000556417548463e-9	3.84994192998488e-6	1.1333256112758318e-8	1.0109622465077254e-9	3.9599846696580894e-5
462.0	2.2388791733287774e-8	1.7025157017589002e-9	3.8499417214520295e-6	1.1334208660889102e-8	1.0113387879931717e-9	3.959984654200389e-5
463.0	2.2415371665263828e-8	1.7022036818035298e-9	3.8499408462140845e-6	1.1336910944463725e-8	1.010662042760199e-9	3.959984666146207e-5
464.0	2.243170306236589e-8	1.7041988307361398e-9	3.84994134769491e-6	1.13363440055491e-8	1.0114831604465548e-9	3.959984650685354e-5
465.0	2.242511819963913e-8	1.7042105254282573e-9	3.849942116113101e-6	1.1338054228398387e-8	1.011112879889053e-9	3.9599846933353796e-5
466.0	2.2399163247702265e-8	1.7028534135760427e-9	3.84994229893644e-6	1.1335637647834151e-8	1.0114319314235598e-9	3.959984657334131e-5
467.0	2.2396389043935588e-8	1.7048675767343692e-9	3.849941913596088e-6	1.133463240852765e-8	1.011632291026839e-9	3.959984733176114e-5
468.0	2.2435664785431274e-8	1.7023170917655186e-9	3.849942125841461e-6	1.1331639183910594e-8	1.0112310782802004e-9	3.959984677766585e-5
469.0	2.24209619501372e-8	1.7039905132576534e-9	3.849941005549515e-6	1.1328229241650742e-8	1.011664984941538e-9	3.959984747601079e-5
470.0	2.2422843833069634e-8	1.7052674956852535e-9	3.849941413582567e-6	1.1327819016472064e-8	1.0110860231881273e-9	3.9599847156886394e-5
471.0	2.2389587822882425e-8	1.7043348365819171e-9	3.849942214358511e-6	1.1325556000767472e-8	1.0116117074866884e-9	3.959984758344032e-5
472.0	2.243182145639277e-8	1.7050706757421177e-9	3.8499421173464055e-6	1.1327897993570811e-8	1.0113682481724735e-9	3.959984774587664e-5
473.0	2.241642361489414e-8	1.7056397474411679e-9	3.849941568251575e-6	1.1327973025339125e-8	1.0115654093005934e-9	3.9599847771286255e-5
474.0	2.2431130489282496e-8	1.7048973179137273e-9	3.849941842953096e-6	1.1331662080225007e-8	1.011774097276057e-9	3.959984819942441e-5
475.0	2.240959505520161e-8	1.7045192184172754e-9	3.849941331122812e-6	1.1332103349659714e-8	1.0115016634684817e-9	3.959984781341183e-5
476.0	2.2441426834439935e-8	1.7041440988047097e-9	3.849941272708404e-6	1.1335906567852588e-8	1.0117972716514704e-9	3.959984818063891e-5
477.0	2.2415198091698953e-8	1.7056388575065848e-9	3.84994200220102e-6	1.1335680927849645e-8	1.0115612919635369e-9	3.959984781306652e-5
478.0	2.2402575998276992e-8	1.704572254104804e-9	3.8499417614402085e-6	1.1337803844117338e-8	1.0117851154238802e-9	3.9599847960812954e-5
479.0	2.24139503497414e-8	1.7055198024644379e-9	3.849941464344401e-6	1.1336395058144764e-8	1.011761301315713e-9	3.959984788327248e-5
480.0	2.2440644347333485e-8	1.7060350209754368e-9	3.849941840453326e-6	1.133586355553211e-8	1.0115063839341588e-9	3.959984770088108e-5
481.0	2.245308626453893e-8	1.7036320020753873e-9	3.849941664480609e-6	1.1333368740871874e-8	1.0116000645013053e-9	3.9599847801616364e-5
482.0	2.2403780391638924e-8	1.7049479858015893e-9	3.849941177410369e-6	1.1331465741903086e-8	1.0110217299538654e-9	3.959984747891138e-5
483.0	2.2404302973030796e-8	1.7035535405088528e-9	3.849941993654832e-6	1.1329867150000248e-8	1.0111140630948805e-9	3.959984761872707e-5
484.0	2.2442341925597033e-8	1.7057744166265238e-9	3.849941591698142e-6	1.132885795847351e-8	1.0109229552702115e-9	3.9599847510947006e-5
485.0	2.246863752300313e-8	1.705149631150539e-9	3.849941622642305e-6	1.1328734263244982e-8	1.0110715084714248e-9	3.9599847556561465e-5
486.0	2.244243393243526e-8	1.7062895198104452e-9	3.849942210345892e-6	1.1329328060748217e-8	1.0113616372624503e-9	3.9599847822535476e-5
487.0	2.2398420055618312e-8	1.7072693014351522e-9	3.849942690302273e-6	1.1330712333876267e-8	1.011268972663675e-9	3.9599847607346796e-5
488.0	2.2425654108922823e-8	1.705650088858364e-9	3.849942070063673e-6	1.1331247630369253e-8	1.011682626040873e-9	3.9599848070940715e-5
489.0	2.2454803997657426e-8	1.706327742047308e-9	3.849941250935236e-6	1.1333217392856382e-8	1.0112309300867233e-9	3.959984778000714e-5
490.0	2.245347375433649e-8	1.7056185150879893e-9	3.849941500288374e-6	1.1333220290107446e-8	1.011478766978961e-9	3.9599848181090004e-5
491.0	2.2404632540124673e-8	1.7066586867264657e-9	3.849941273428659e-6	1.1334258101811779e-8	1.0112312330594054e-9	3.9599847997278135e-5
492.0	2.2419452391501896e-8	1.705764178714348e-9	3.849941851094936e-6	1.1334577428800903e-8	1.0111839182125753e-9	3.9599848102138375e-5
493.0	2.2438011283164672e-8	1.7063345376230562e-9	3.849942230623171e-6	1.1333787539867001e-8	1.0114369079107135e-9	3.959984799022761e-5
494.0	2.244951011294843e-8	1.707024394717044e-9	3.849942191958081e-6	1.1333376172755654e-8	1.0110603165997438e-9	3.9599847681263404e-5
495.0	2.2423986109332047e-8	1.7070238584621215e-9	3.8499418844825226e-6	1.1332072717666168e-8	1.0116323604141105e-9	3.959984760258628e-5
496.0	2.2414558373847498e-8	1.7067516165635593e-9	3.849941277201249e-6	1.1331516295736648e-8	1.0113918696598642e-9	3.959984721817366e-5
497.0	2.2451213484830153e-8	1.7073149063510949e-9	3.849941403824789e-6	1.1331502080321486e-8	1.0118936180319408e-9	3.959984707903975e-5
498.0	2.2434366771577954e-8	1.7083413310818317e-9	3.849941842700649e-6	1.1330641296019917e-8	1.0119305846251332e-9	3.959984682079416e-5
499.0	2.2438437190364913e-8	1.7074065877016209e-9	3.849941983255031e-6	1.1331084520969799e-8	1.0120657935230297e-9	3.9599846559679784e-5
500.0	2.241183757991242e-8	1.7075808112545889e-9	3.849941517230577e-6	1.133028163707805e-8	1.0123365092582525e-9	3.959984650414928e-5
501.0	2.243664223032906e-8	1.707935134242201e-9	3.849941674196814e-6	1.1330469754689465e-8	1.0119423813797683e-9	3.959984615164741e-5
502.0	2.2441048625351347e-8	1.7075104681744817e-9	3.849942139215251e-6	1.1331194771162403e-8	1.0123728409869263e-9	3.9599846100083034e-5
503.0	2.2424241326689653e-8	1.7084834236819368e-9	3.8499421325649084e-6	1.1331580360147952e-8	1.0120191247408643e-9	3.9599846004254835e-5
504.0	2.242118227098506e-8	1.7089954634798014e-9	3.849942024666086e-6	1.1332137139470335e-8	1.0123436815679056e-9	3.959984599028747e-5
505.0	2.244530543552232e-8	1.7093637318575787e-9	3.849942172255399e-6	1.1333696321603812e-8	1.0123159282924024e-9	3.959984634446142e-5
506.0	2.2427847273735877e-8	1.7086084735358077e-9	3.84994192997584e-6	1.133233037931739e-8	1.0122487875971885e-9	3.959984614360993e-5
507.0	2.2430528505103987e-8	1.710038289034283e-9	3.849941310494989e-6	1.1333796282348299e-8	1.0123562809768318e-9	3.9599846681464216e-5
508.0	2.2417308250368917e-8	1.7084361523245442e-9	3.849940979503768e-6	1.1332491456878687e-8	1.0121001669902063e-9	3.959984622507193e-5
509.0	2.2456943463883786e-8	1.7083162873229133e-9	3.849942320043401e-6	1.1333108162995074e-8	1.0123474622933324e-9	3.959984679081506e-5
510.0	2.247262054057459e-8	1.709602656409483e-9	3.849942238982764e-6	1.1331916578154658e-8	1.0122574144931312e-9	3.959984640034615e-5
511.0	2.2411182023144378e-8	1.7083050293157875e-9	3.849942001691382e-6	1.1330766320927718e-8	1.0121020849722567e-9	3.959984681487979e-5
512.0	2.242037780821028e-8	1.7091962024823918e-9	3.849942073033367e-6	1.1330310399817783e-8	1.0119116937342349e-9	3.959984659415639e-5
513.0	2.2446093381400792e-8	1.710093191520033e-9	3.8499415394603685e-6	1.132853174963591e-8	1.0112241691720843e-9	3.959984675777635e-5
514.0	2.249450397024061e-8	1.7091830108782132e-9	3.849941196172218e-6	1.1328860577560437e-8	1.0109581326927545e-9	3.959984688851898e-5
515.0	2.2452242077239878e-8	1.7089316253413006e-9	3.849940738350219e-6	1.1329596206905226e-8	1.0104582511432e-9	3.959984671391442e-5
516.0	2.241202633386095e-8	1.7095766465019905e-9	3.84994194221512e-6	1.1331124208014795e-8	1.0103907510587865e-9	3.9599847109467436e-5
517.0	2.241642983138597e-8	1.7093822901034443e-9	3.849942185827385e-6	1.1332324592125797e-8	1.0105857044313643e-9	3.959984687591945e-5
518.0	2.248067268360331e-8	1.7090299669958123e-9	3.8499419379930735e-6	1.1334980452144204e-8	1.010532304209278e-9	3.9599847079980776e-5
519.0	2.2467338018472462e-8	1.7095829784440371e-9	3.8499418774286575e-6	1.1335147670862476e-8	1.0111185006865157e-9	3.959984699939823e-5
520.0	2.2451355230892874e-8	1.711373194101833e-9	3.849941546745255e-6	1.1337374453909377e-8	1.0106550517094303e-9	3.9599846942533946e-5
521.0	2.2421866460395485e-8	1.7101813956726015e-9	3.849941041390376e-6	1.1336899347034244e-8	1.0110105157798536e-9	3.959984717556756e-5
522.0	2.2437044107313673e-8	1.7115899252745283e-9	3.849941402724957e-6	1.1337783736564703e-8	1.01071903292005e-9	3.959984709995816e-5
523.0	2.2447760171756292e-8	1.7132289123516625e-9	3.849942096499104e-6	1.1335795610785457e-8	1.010719325674864e-9	3.959984738878813e-5
524.0	2.2455520521850188e-8	1.7116650473145203e-9	3.849941945302794e-6	1.1334646756836472e-8	1.011299957613156e-9	3.9599847555416493e-5
525.0	2.2476107576778185e-8	1.7136078180022892e-9	3.849941925078345e-6	1.1332712979884527e-8	1.0112100447101703e-9	3.959984753536106e-5
526.0	2.2446655021590067e-8	1.7137470707461386e-9	3.849942187485863e-6	1.1330124897918342e-8	1.0122920496332156e-9	3.959984795648025e-5
527.0	2.2420784384577453e-8	1.7124813358755065e-9	3.849941151649907e-6	1.1329312424765414e-8	1.0119380112810647e-9	3.959984756918848e-5
528.0	2.243058146834726e-8	1.7117821498135098e-9	3.849941468992251e-6	1.1328003130448035e-8	1.0125658599504479e-9	3.959984784606722e-5
529.0	2.2474156118582005e-8	1.7132193371306634e-9	3.849941818294103e-6	1.1328811946132913e-8	1.0123396833870966e-9	3.9599847531124585e-5
530.0	2.24987955647366e-8	1.7122240810032662e-9	3.849941282534101e-6	1.1328889211115724e-8	1.0121921527546122e-9	3.959984767253825e-5
531.0	2.2440439627410167e-8	1.7118521415857938e-9	3.84994148655685e-6	1.1330865673522739e-8	1.0125134482823823e-9	3.959984762677919e-5
532.0	2.242785863976453e-8	1.7140044886444847e-9	3.849942031108194e-6	1.1331753781030703e-8	1.011943796097795e-9	3.95998477236769e-5
533.0	2.243277531377002e-8	1.7131850284181082e-9	3.849941673940949e-6	1.1333583219112677e-8	1.012539401232349e-9	3.959984764092415e-5
534.0	2.2475802013809445e-8	1.7133874845381721e-9	3.849941398817143e-6	1.1334126932673378e-8	1.0118561037304485e-9	3.959984783930007e-5
535.0	2.2472042160544353e-8	1.7135843889327893e-9	3.849941547810117e-6	1.1334848496876956e-8	1.0119782703024813e-9	3.9599847468318616e-5
536.0	2.2436042566975062e-8	1.7122687855050835e-9	3.8499410043626125e-6	1.1333879400693064e-8	1.0118721901001256e-9	3.9599847863157814e-5
537.0	2.244404977914621e-8	1.7120000866529709e-9	3.8499410810791514e-6	1.1333540659811532e-8	1.011464452484076e-9	3.9599847356220514e-5
538.0	2.242512690108037e-8	1.7131604835145355e-9	3.849941411705364e-6	1.133191454578286e-8	1.0119051313024375e-9	3.959984771959391e-5
539.0	2.246662234426696e-8	1.7139953416543978e-9	3.8499417458315664e-6	1.1330662119446539e-8	1.011338335192686e-9	3.95998474390285e-5
540.0	2.246409582745886e-8	1.7153925476118363e-9	3.849941939644606e-6	1.133018094974469e-8	1.011647768036371e-9	3.959984753491569e-5
541.0	2.245843245139376e-8	1.716454838131714e-9	3.849941789124433e-6	1.1329328098256525e-8	1.0112527304932147e-9	3.959984756078294e-5
542.0	2.244515225227085e-8	1.7143236759834705e-9	3.8499409765349426e-6	1.13308937083975e-8	1.0112101528452899e-9	3.959984732104062e-5
543.0	2.2427215709109463e-8	1.7147871796938512e-9	3.849940613660695e-6	1.1331171048283082e-8	1.0112487053074752e-9	3.959984777503787e-5
544.0	2.2462322586219618e-8	1.7137010304855164e-9	3.849941594855099e-6	1.1333754889238324e-8	1.0110665242811007e-9	3.959984722872242e-5
545.0	2.246347780186638e-8	1.713158335345867e-9	3.849941396076511e-6	1.1335512913357025e-8	1.0115570984029583e-9	3.9599847882998056e-5
546.0	2.2453978274338556e-8	1.7133084705403088e-9	3.8499415620229605e-6	1.1336832498236693e-8	1.0113410400181045e-9	3.95998471993114e-5
547.0	2.245094548603018e-8	1.7139324110917753e-9	3.8499414149310195e-6	1.133787165871112e-8	1.011840802480699e-9	3.959984776977476e-5
548.0	2.244282358873618e-8	1.7149033033178106e-9	3.849941123494343e-6	1.133699944118073e-8	1.0119305133612162e-9	3.959984731538187e-5
549.0	2.2457663568297817e-8	1.715346712208101e-9	3.849941033252298e-6	1.1335771556955623e-8	1.0118477092507048e-9	3.959984759727289e-5
550.0	2.2442776403184052e-8	1.7154869024232646e-9	3.849941032628583e-6	1.133293446015191e-8	1.0121734021568622e-9	3.959984744892549e-5
551.0	2.2447812921337364e-8	1.7162111089139526e-9	3.8499413927275035e-6	1.133057278734579e-8	1.0115592142423546e-9	3.95998473746696e-5
552.0	2.245479715181726e-8	1.7154826070087997e-9	3.8499415948424396e-6	1.1327356164220067e-8	1.011937516737051e-9	3.959984734707354e-5
553.0	2.2438934575984176e-8	1.7146679523907215e-9	3.849941239029045e-6	1.132659527191557e-8	1.0113505668162657e-9	3.9599847119928015e-5
554.0	2.2446393691028895e-8	1.715051135523332e-9	3.8499409120981274e-6	1.132525707072231e-8	1.0114801458629322e-9	3.959984686973087e-5
555.0	2.2461733185617384e-8	1.7163282470539634e-9	3.849940961066706e-6	1.1327124801341283e-8	1.0114411733730858e-9	3.959984684122063e-5
556.0	2.2462725891845373e-8	1.7151262063332276e-9	3.849941740766431e-6	1.1328428976940228e-8	1.0110875421828412e-9	3.959984644802199e-5
557.0	2.2450589696681514e-8	1.7164196038315114e-9	3.849941250253449e-6	1.1332359342092352e-8	1.0116702766315748e-9	3.959984660210854e-5
558.0	2.241732295351481e-8	1.7169180715343104e-9	3.849941395004976e-6	1.1335458026606445e-8	1.0109724921844961e-9	3.95998462020683e-5
559.0	2.2474548221558923e-8	1.7184592639005117e-9	3.849941418338989e-6	1.1338354870796004e-8	1.011536733167861e-9	3.95998463104696e-5
560.0	2.2463765881461078e-8	1.7174199748421016e-9	3.849941425192297e-6	1.1340130430447623e-8	1.0110793087764384e-9	3.95998461988483e-5
561.0	2.245691447283276e-8	1.7177311327668698e-9	3.849941401599595e-6	1.1340199845445822e-8	1.0112481801001372e-9	3.959984614924175e-5
562.0	2.2422593607456737e-8	1.7176977054834726e-9	3.849941043199372e-6	1.1339736462736939e-8	1.0113940325501713e-9	3.9599846544489556e-5
563.0	2.2437414989862797e-8	1.7158335179336828e-9	3.849941568225354e-6	1.133623436867286e-8	1.0111139294438869e-9	3.9599846303580294e-5
564.0	2.2486547079593263e-8	1.7187392444005352e-9	3.84994117386226e-6	1.1335053733693574e-8	1.0115591866157496e-9	3.959984695922111e-5
565.0	2.2469213241561325e-8	1.7187551777005603e-9	3.849941814146492e-6	1.1329022520968515e-8	1.0111251755699871e-9	3.959984656268034e-5
566.0	2.2436078702146435e-8	1.7182719101982726e-9	3.849940967055658e-6	1.1328577127998452e-8	1.0116142768787564e-9	3.959984713982609e-5
567.0	2.2444454511303003e-8	1.7199998483646187e-9	3.8499415962326265e-6	1.1324706606876296e-8	1.0116366046597005e-9	3.959984692176054e-5
568.0	2.2455019944351436e-8	1.7203874430336322e-9	3.8499415363685755e-6	1.132587457793241e-8	1.0119710823144882e-9	3.959984711253117e-5
569.0	2.2478114086191036e-8	1.7191320009343862e-9	3.849940679636297e-6	1.1326500912963377e-8	1.0124968988212e-9	3.959984720880503e-5
570.0	2.245643844239135e-8	1.7190111249595068e-9	3.849940926148304e-6	1.1329481854803852e-8	1.0122979104884534e-9	3.959984709490586e-5
571.0	2.2443416040257906e-8	1.7186600136558231e-9	3.8499419812360875e-6	1.1332087677185035e-8	1.0127320601037844e-9	3.959984750663925e-5
572.0	2.2462253303361023e-8	1.7190892780529612e-9	3.849941482976214e-6	1.133463429557061e-8	1.012281595041108e-9	3.95998474199533e-5
573.0	2.2451801752258266e-8	1.7179914131452799e-9	3.8499414912687585e-6	1.1336220833578767e-8	1.012149758328959e-9	3.95998477459917e-5
574.0	2.2453811672842928e-8	1.7194913657030158e-9	3.849941227250694e-6	1.1336845656702663e-8	1.0120435444349731e-9	3.9599847846943557e-5
575.0	2.2450571028535166e-8	1.7217013549211714e-9	3.84994138490274e-6	1.1337511055965586e-8	1.0116317928941578e-9	3.959984777149994e-5
576.0	2.246873475694881e-8	1.7201772078473726e-9	3.849940803142324e-6	1.1334981772760818e-8	1.0120361827859938e-9	3.959984793033408e-5
577.0	2.245881556030928e-8	1.7204868325477974e-9	3.849941218466789e-6	1.1336012903581545e-8	1.0114608973774998e-9	3.959984748786539e-5
578.0	2.2463259334717547e-8	1.720028765860264e-9	3.849941656034217e-6	1.1330604842467688e-8	1.011886181584136e-9	3.9599847553981254e-5
579.0	2.2450605990594676e-8	1.7186748327966747e-9	3.849941403184049e-6	1.1332008733826512e-8	1.0115232593819405e-9	3.959984715573203e-5
580.0	2.2490252618882392e-8	1.7176707584725994e-9	3.8499413700983525e-6	1.1328134937429496e-8	1.0114343093465115e-9	3.959984729010251e-5
581.0	2.245994263651799e-8	1.7175599860428711e-9	3.849941257193107e-6	1.1330169565101828e-8	1.0115219663039648e-9	3.959984716434218e-5
582.0	2.2484345875795128e-8	1.7198653133037937e-9	3.84994102605726e-6	1.1329457676704189e-8	1.0110846440375029e-9	3.959984733995924e-5
583.0	2.2448464696607836e-8	1.7201600063511126e-9	3.849940412523487e-6	1.1332543364936862e-8	1.0115826508270492e-9	3.959984744508088e-5
584.0	2.2470776410203297e-8	1.7224807491780131e-9	3.8499410976391224e-6	1.1332928638326408e-8	1.0110328175897815e-9	3.95998476246582e-5
585.0	2.2477390648530513e-8	1.7213228804593626e-9	3.849941209214534e-6	1.1335339674202069e-8	1.011457783098164e-9	3.959984783952158e-5
586.0	2.247791322645412e-8	1.7216490744399953e-9	3.849941289988126e-6	1.1334462712053602e-8	1.0111499605406699e-9	3.9599848043078664e-5
587.0	2.2463224480457998e-8	1.7210690856157972e-9	3.849941397410993e-6	1.1335297585945722e-8	1.0111530582436734e-9	3.9599848099457014e-5
588.0	2.247460246153249e-8	1.71907538121113e-9	3.849941174124817e-6	1.1334967039116223e-8	1.0114302668369516e-9	3.959984845163692e-5
589.0	2.2478425732897065e-8	1.720404276475774e-9	3.849940756585361e-6	1.1332251456971496e-8	1.0112232638865282e-9	3.9599848337256655e-5
590.0	2.2503382225437795e-8	1.719654398233585e-9	3.849940717638865e-6	1.1333527996537656e-8	1.0118031155810446e-9	3.959984876682883e-5
591.0	2.2447846785315107e-8	1.7197005550904897e-9	3.849941198119683e-6	1.1328477386863487e-8	1.0113812962869048e-9	3.9599848413335806e-5
592.0	2.2455327980221754e-8	1.7208597667378114e-9	3.849941602652992e-6	1.1330631379848099e-8	1.0117152335501686e-9	3.9599848447315814e-5
593.0	2.2490519775498515e-8	1.7199576428524303e-9	3.84994142593792e-6	1.1327831719248994e-8	1.011295396953363e-9	3.959984805425602e-5
594.0	2.2507101779805537e-8	1.7191959023834349e-9	3.8499408242621135e-6	1.1331601857360167e-8	1.0112005598149094e-9	3.9599847644789596e-5
595.0	2.248590920833047e-8	1.7195695019580014e-9	3.849941326883285e-6	1.133187306227038e-8	1.0114594774163166e-9	3.95998475191381e-5
596.0	2.2441573847613452e-8	1.7210594994849553e-9	3.849941426272851e-6	1.1336328468189082e-8	1.0112718821960004e-9	3.959984706953058e-5
597.0	2.247103538594328e-8	1.7203797099345243e-9	3.849941022877832e-6	1.1336039543844729e-8	1.011915794579272e-9	3.959984707904927e-5
598.0	2.2489117331285787e-8	1.7220445835292417e-9	3.8499416766447185e-6	1.1339942465881396e-8	1.0117329735002617e-9	3.9599846926791134e-5
599.0	2.2491886070945114e-8	1.723774728098727e-9	3.84994130872912e-6	1.133689177419159e-8	1.011911615996181e-9	3.959984672840724e-5
600.0	2.2453420721188208e-8	1.7203620398801232e-9	3.849940753390114e-6	1.1337405984638865e-8	1.0117146984406486e-9	3.9599846884399025e-5
601.0	2.249483658761833e-8	1.7221286058109503e-9	3.849940865589968e-6	1.1334209136310456e-8	1.0114451224934593e-9	3.959984646382287e-5
602.0	2.247739730737877e-8	1.7213459818084755e-9	3.849941571744936e-6	1.1330103615704813e-8	1.0115429235516197e-9	3.959984681921751e-5
603.0	2.2479330305278934e-8	1.720322908102525e-9	3.849941314533824e-6	1.1328951959434622e-8	1.0112759639903534e-9	3.959984643710784e-5
604.0	2.2462417935412038e-8	1.7210133051740013e-9	3.84994175362782e-6	1.1324292850335082e-8	1.0117152925666656e-9	3.959984667489712e-5
605.0	2.252097878968688e-8	1.7222854194069559e-9	3.849941560585925e-6	1.132561240103427e-8	1.0117660760937994e-9	3.959984654184774e-5
606.0	2.2516240752942742e-8	1.7218664708463714e-9	3.849940664113012e-6	1.132395668505933e-8	1.0118303017690261e-9	3.9599846397614185e-5
607.0	2.247516909016255e-8	1.721919769972956e-9	3.849940725517211e-6	1.1327984007550429e-8	1.011956773870194e-9	3.959984649481863e-5
608.0	2.2440689778244643e-8	1.7238536429537785e-9	3.849941068539997e-6	1.1329557451775543e-8	1.0115512216200458e-9	3.95998460657509e-5
609.0	2.2488447432516125e-8	1.7219678181847902e-9	3.849941694749925e-6	1.1335206885829311e-8	1.0115146836975893e-9	3.959984631337293e-5
610.0	2.2542196570923537e-8	1.7223545483563007e-9	3.849941711442727e-6	1.1335883048535505e-8	1.011116644644047e-9	3.959984603680477e-5
611.0	2.2504392327083923e-8	1.7222554984191636e-9	3.8499417571965785e-6	1.1341996498644648e-8	1.0111413838936362e-9	3.9599846281435735e-5
612.0	2.247203635986176e-8	1.7217891080017056e-9	3.849940784304508e-6	1.1339892410197583e-8	1.0112226376573802e-9	3.9599846245379115e-5
613.0	2.245046813474003e-8	1.7216930833244616e-9	3.849941109032118e-6	1.134214726260686e-8	1.0112148950141763e-9	3.959984630676273e-5
614.0	2.250452772675131e-8	1.7243450646763476e-9	3.849940182673041e-6	1.133870247637653e-8	1.0117634134902035e-9	3.959984644972579e-5
615.0	2.2505922444937753e-8	1.7237197508745988e-9	3.849941523099637e-6	1.1335419636895063e-8	1.0116821027505164e-9	3.959984641816997e-5
616.0	2.249023609757531e-8	1.723282708723879e-9	3.849941948190401e-6	1.1331542363885854e-8	1.011900883783304e-9	3.95998465921811e-5
617.0	2.2501901761625315e-8	1.7248626842938734e-9	3.849941867911748e-6	1.1327143365600659e-8	1.011835781290737e-9	3.959984661876642e-5
618.0	2.2486337291904877e-8	1.722746311209319e-9	3.8499412124419955e-6	1.132506211866564e-8	1.0116030416399567e-9	3.959984665023881e-5
619.0	2.247565689322909e-8	1.7228311062758332e-9	3.849941031069662e-6	1.1323095867714337e-8	1.0116378097330306e-9	3.959984679629889e-5
620.0	2.2483850221442493e-8	1.7218168818542793e-9	3.849940929379754e-6	1.1323431203839782e-8	1.0114765572666188e-9	3.959984682239821e-5
621.0	2.2500927923634224e-8	1.72326143073777e-9	3.849940654310262e-6	1.13254980464788e-8	1.0117322016725988e-9	3.959984702407469e-5
622.0	2.251987286548406e-8	1.7244228107642152e-9	3.849941591650905e-6	1.1329038071764659e-8	1.0117261593433973e-9	3.959984718227138e-5
623.0	2.2492102579423366e-8	1.7246493300761721e-9	3.84994197311865e-6	1.1332118156020153e-8	1.011955043947716e-9	3.959984726270004e-5
624.0	2.245914901631821e-8	1.7250055676523073e-9	3.849941750570261e-6	1.1337529223817846e-8	1.01194930726324e-9	3.9599847559292245e-5
625.0	2.247444421007337e-8	1.7251126400910319e-9	3.849941331335937e-6	1.1337875492054937e-8	1.0119413981238242e-9	3.959984749504158e-5
626.0	2.24915285140864e-8	1.7235893754220185e-9	3.849940769349453e-6	1.1340818974745227e-8	1.0119600127848755e-9	3.959984782712433e-5
627.0	2.2515895722449764e-8	1.7229767661606599e-9	3.849940564761146e-6	1.1339142942102688e-8	1.0118498252254319e-9	3.959984770740075e-5
628.0	2.2492432034476086e-8	1.7231233941644581e-9	3.849940994325389e-6	1.1337922090752308e-8	1.0117322517535473e-9	3.959984766593922e-5
629.0	2.2468682400357642e-8	1.7235799008500506e-9	3.8499413854316275e-6	1.133491280307381e-8	1.0117090312736406e-9	3.9599847623456394e-5
630.0	2.2480877056195334e-8	1.7244172855731395e-9	3.849941799848447e-6	1.1332221914815195e-8	1.011344033636677e-9	3.959984721963474e-5
631.0	2.2478757373521797e-8	1.7254021710444433e-9	3.849941687681287e-6	1.132992008968779e-8	1.011330206531354e-9	3.959984743272318e-5
632.0	2.2496781542926926e-8	1.7260978499197819e-9	3.8499411318411855e-6	1.1328386695117727e-8	1.011090624148557e-9	3.959984687174081e-5
633.0	2.250642982656569e-8	1.725319203256719e-9	3.849940619055934e-6	1.1327109246301315e-8	1.0111894290095842e-9	3.959984742575946e-5
634.0	2.2483851172631247e-8	1.7253190465296472e-9	3.849941114820676e-6	1.132887208510653e-8	1.0111434110150608e-9	3.9599846849001444e-5
635.0	2.250467506957345e-8	1.7229341101227537e-9	3.849941522468588e-6	1.1329299439294326e-8	1.0112475917831748e-9	3.959984775500084e-5
636.0	2.244118741194431e-8	1.723280257955148e-9	3.849941006677296e-6	1.1332877690494147e-8	1.0112260516089267e-9	3.959984726495498e-5
637.0	2.25074953247556e-8	1.7254504968679228e-9	3.849941554665508e-6	1.1333641632845796e-8	1.0111003530291607e-9	3.9599848186375334e-5
638.0	2.2502896955036702e-8	1.7263871349364771e-9	3.849941544492404e-6	1.1336323510678253e-8	1.0111826214667311e-9	3.9599847727990214e-5
639.0	2.2525858453179713e-8	1.7268274102916002e-9	3.849941299695683e-6	1.1334661165585928e-8	1.011030942959144e-9	3.9599848211547866e-5
640.0	2.2490806292252552e-8	1.7283888428427127e-9	3.84994151743563e-6	1.1336433267646267e-8	1.0113612653230517e-9	3.95998477847925e-5
641.0	2.2442496843871042e-8	1.727770550517631e-9	3.84994195860735e-6	1.1333454249452886e-8	1.0114527061583887e-9	3.959984756051617e-5
642.0	2.250007366328208e-8	1.7265495855838149e-9	3.849940783080849e-6	1.1334290249866604e-8	1.011853121500023e-9	3.959984730547867e-5
643.0	2.2513894254158603e-8	1.7257571091758225e-9	3.849940204873639e-6	1.1331142663171712e-8	1.0122013450126581e-9	3.959984670903809e-5
644.0	2.2512613646715022e-8	1.7252070359374856e-9	3.849941303601072e-6	1.1332374015858834e-8	1.0122989689546913e-9	3.959984692312812e-5
645.0	2.2482622764150206e-8	1.7268547541286892e-9	3.8499414021973005e-6	1.133043293406852e-8	1.0127273942236428e-9	3.95998463524966e-5
646.0	2.248190232616307e-8	1.7258581732718548e-9	3.84994129800774e-6	1.1332309764321993e-8	1.0124217469261959e-9	3.9599846898733256e-5
647.0	2.2493368478054586e-8	1.7282700383147238e-9	3.849941730810743e-6	1.1331733319925133e-8	1.0127617444107258e-9	3.959984647364135e-5
648.0	2.249249003943652e-8	1.727495893670014e-9	3.849941628523259e-6	1.1333700430988338e-8	1.0123231827808743e-9	3.9599847181544126e-5
649.0	2.2498084352270307e-8	1.72721891036017e-9	3.849940036484792e-6	1.1334714943142768e-8	1.0124311378995286e-9	3.959984680489413e-5
650.0	2.2517069133138804e-8	1.727784017542066e-9	3.849940380966899e-6	1.1334722109326529e-8	1.0122098793173957e-9	3.959984720784412e-5
651.0	2.2524051941433016e-8	1.7264053808444136e-9	3.849941546120387e-6	1.1336499511819797e-8	1.0119428216904998e-9	3.959984678961225e-5
652.0	2.2465764803631378e-8	1.7265974895475893e-9	3.849941438503316e-6	1.133289029932608e-8	1.0122395703529238e-9	3.9599846872005056e-5
653.0	2.2497600629885545e-8	1.726086118386197e-9	3.849941013238119e-6	1.133456594101729e-8	1.0117594676476068e-9	3.9599846447339715e-5
654.0	2.2517460630041093e-8	1.7269717629670223e-9	3.8499418074859825e-6	1.132901253477663e-8	1.0122443011556246e-9	3.959984644024806e-5
655.0	2.2552976588732923e-8	1.7274187182716685e-9	3.849941327171906e-6	1.1331342807716066e-8	1.0118059832947075e-9	3.959984614247392e-5
656.0	2.2513662789092254e-8	1.7263790576652456e-9	3.84994081636992e-6	1.1326188397240086e-8	1.0119402391544307e-9	3.959984603937053e-5
657.0	2.2479919615069637e-8	1.7271277389377277e-9	3.849940817651219e-6	1.1329618612392845e-8	1.0114204591578821e-9	3.959984599315086e-5
658.0	2.2498511051122837e-8	1.7278337297781006e-9	3.8499413298396685e-6	1.1327043648666627e-8	1.011037816511107e-9	3.959984592752485e-5
659.0	2.2520861426911232e-8	1.7280069417340995e-9	3.8499415693916415e-6	1.1332377893941661e-8	1.0108636783833134e-9	3.9599846028682534e-5
660.0	2.2530458024131463e-8	1.7291251263913758e-9	3.849941342892127e-6	1.1331493870807144e-8	1.0102579990293327e-9	3.959984607185856e-5
661.0	2.2501982465128707e-8	1.728364055742717e-9	3.8499418436845225e-6	1.1337647999078885e-8	1.0108272871641728e-9	3.9599846219947364e-5
662.0	2.2487255189357666e-8	1.7288058454957442e-9	3.849941764146121e-6	1.1337207623211733e-8	1.0104459340796443e-9	3.9599846206349897e-5
663.0	2.2492654170010276e-8	1.7281967992685115e-9	3.849940876003868e-6	1.1341246944330242e-8	1.0111511501254766e-9	3.959984616268818e-5
664.0	2.250464066649083e-8	1.7277088340204119e-9	3.849940534448126e-6	1.1340466763047545e-8	1.0111373925353518e-9	3.959984619906535e-5
665.0	2.252277422353322e-8	1.7273035924975942e-9	3.849941453937241e-6	1.1340208241690402e-8	1.0114298391414304e-9	3.959984602167488e-5
666.0	2.2513043241400156e-8	1.7279464403613064e-9	3.849941603478308e-6	1.1338266050166367e-8	1.0118010097368508e-9	3.959984624463482e-5
667.0	2.249351888345415e-8	1.7275084441547504e-9	3.8499417300203726e-6	1.1333762405093043e-8	1.0116318313131747e-9	3.959984611305446e-5
668.0	2.2519530474076593e-8	1.727478468998656e-9	3.849942029905297e-6	1.1331907011139645e-8	1.0122466208670639e-9	3.959984648987178e-5
669.0	2.2507885139363087e-8	1.7286232333523317e-9	3.849941071522228e-6	1.1326580534273682e-8	1.0118239593758056e-9	3.9599846354682896e-5
670.0	2.2534588960193387e-8	1.7286184336385365e-9	3.849940355739362e-6	1.1326130543296587e-8	1.0124246062651749e-9	3.959984678788707e-5
671.0	2.2498693548463644e-8	1.7288879775838413e-9	3.84994094309279e-6	1.1323207120155475e-8	1.0122387083493384e-9	3.959984663407229e-5
672.0	2.250700549215273e-8	1.7279843212516906e-9	3.849941045430648e-6	1.1325904319929432e-8	1.012600307971949e-9	3.9599847020038985e-5
673.0	2.2536781753796853e-8	1.7288969896738836e-9	3.84994154279697e-6	1.1325517855507307e-8	1.0128021900091715e-9	3.9599846916221064e-5
674.0	2.2505456776367187e-8	1.728893881339133e-9	3.8499418469909495e-6	1.1330936440510898e-8	1.0126607275337662e-9	3.959984708736606e-5
675.0	2.2510919369589343e-8	1.729043645436539e-9	3.849941965957009e-6	1.1331737351438168e-8	1.0130343784897215e-9	3.959984700335172e-5
676.0	2.2509260758299318e-8	1.7294473440506116e-9	3.849940841517247e-6	1.1337237230420092e-8	1.012445973345442e-9	3.959984703380859e-5
677.0	2.2516349528152704e-8	1.729060412067137e-9	3.849941005045443e-6	1.133774523486951e-8	1.0127933227547262e-9	3.959984687669059e-5
678.0	2.252252463564374e-8	1.7300034893093516e-9	3.849941341482632e-6	1.1340704028342249e-8	1.012112266813243e-9	3.9599846917208996e-5
679.0	2.24897863059959e-8	1.7297537756979619e-9	3.849941022611699e-6	1.1339626059915493e-8	1.0121070105669333e-9	3.959984682433432e-5
680.0	2.2543348523052166e-8	1.73037406140778e-9	3.849941118382927e-6	1.1338764471417155e-8	1.011654990275047e-9	3.9599846787381715e-5
681.0	2.252945077603048e-8	1.730359940790532e-9	3.849941882711236e-6	1.133544672130717e-8	1.011491289036066e-9	3.95998470272675e-5
682.0	2.2524646995277783e-8	1.7305026343977557e-9	3.849941895171257e-6	1.1333839184277336e-8	1.0113828942456103e-9	3.9599846744503484e-5
683.0	2.2496638736558837e-8	1.729785713558729e-9	3.849941353177205e-6	1.1329713772327299e-8	1.0113148992984131e-9	3.959984732415706e-5
684.0	2.252066731767668e-8	1.7305589970102669e-9	3.849941549864805e-6	1.1329325214395864e-8	1.0114574469007252e-9	3.959984694790585e-5
685.0	2.2550659126336666e-8	1.7315285705522425e-9	3.849941560241485e-6	1.13259712741035e-8	1.0112087390342803e-9	3.959984765680667e-5
686.0	2.2521157405897044e-8	1.7298756754521006e-9	3.849940922128709e-6	1.1326463505927069e-8	1.0112089141943012e-9	3.9599847221497674e-5
687.0	2.2505690619543525e-8	1.7315032313749485e-9	3.8499411874518554e-6	1.1326343905998026e-8	1.011025627845739e-9	3.95998476854914e-5
688.0	2.2498722238427535e-8	1.7305711507575497e-9	3.849941996017371e-6	1.1328061547701533e-8	1.0110639423755097e-9	3.9599847275857796e-5
689.0	2.2523052955922936e-8	1.7317228510209288e-9	3.849941304853022e-6	1.1330844271209084e-8	1.011014802945517e-9	3.959984741776857e-5
690.0	2.254286220553882e-8	1.7316511166084542e-9	3.849941086230971e-6	1.1333866092210082e-8	1.0113671349962222e-9	3.959984727089944e-5
691.0	2.250890728116618e-8	1.7335923582590846e-9	3.849941108688321e-6	1.1336048117190393e-8	1.0113901190738134e-9	3.959984702954046e-5
692.0	2.2514654810257902e-8	1.7334007803786903e-9	3.849941103674444e-6	1.1338862973629428e-8	1.0116030878256722e-9	3.959984712581537e-5
693.0	2.2498417962419754e-8	1.7318654993836276e-9	3.849941241233781e-6	1.133858035203699e-8	1.0116707886510894e-9	3.959984664606072e-5
694.0	2.2530800949261163e-8	1.7317790685604133e-9	3.849941696574171e-6	1.1338658298345105e-8	1.0117534532785901e-9	3.959984702013529e-5
695.0	2.2542779104280282e-8	1.7311726298711818e-9	3.849941344003806e-6	1.1338303130964895e-8	1.012034856307098e-9	3.959984649903675e-5
696.0	2.249587250819734e-8	1.7305421954583487e-9	3.849940643444439e-6	1.1334746829360513e-8	1.0121408287424468e-9	3.9599846882831696e-5
697.0	2.2530068250508878e-8	1.731940916786916e-9	3.84994039890387e-6	1.1334837176526544e-8	1.0126833657615247e-9	3.959984644376804e-5
698.0	2.25061718977692e-8	1.7329329743744685e-9	3.849941166332785e-6	1.1329462023925354e-8	1.0126380478713592e-9	3.959984660629332e-5
699.0	2.2544295697857533e-8	1.7350402598135677e-9	3.849941282431099e-6	1.132976941250357e-8	1.0131965515515095e-9	3.9599846349869655e-5
700.0	2.2508946198297195e-8	1.735245287269885e-9	3.849941748435953e-6	1.132559721509733e-8	1.0128735598395178e-9	3.959984615059171e-5
701.0	2.2506838409157782e-8	1.73509115257904e-9	3.849941743703307e-6	1.1326506352450837e-8	1.0131213666505577e-9	3.9599846048469535e-5
702.0	2.2543212732011005e-8	1.734277854573066e-9	3.849941096282541e-6	1.132494248409859e-8	1.0128303464353156e-9	3.959984568688465e-5
703.0	2.2532406224006472e-8	1.7323625772310128e-9	3.8499408835930615e-6	1.1328529176106634e-8	1.0128270928431618e-9	3.959984591291239e-5
704.0	2.2505441573195805e-8	1.731980071053638e-9	3.849941331210581e-6	1.1327845915493175e-8	1.0127948538874907e-9	3.95998453681778e-5
705.0	2.2512114504625348e-8	1.732601704230722e-9	3.849941339549878e-6	1.1333130567402802e-8	1.0124289024817468e-9	3.959984581476788e-5
706.0	2.2529093748545117e-8	1.7327579993060117e-9	3.849941032533268e-6	1.1332380874333281e-8	1.012513001232824e-9	3.959984535593901e-5
707.0	2.2547690042020036e-8	1.7350532139908368e-9	3.84994178741456e-6	1.1337150257174584e-8	1.0119380868118487e-9	3.959984605577802e-5
708.0	2.2497197523222194e-8	1.7365675515488686e-9	3.849941394899404e-6	1.1336769454939472e-8	1.011825089757057e-9	3.9599845702666986e-5
709.0	2.250033067692367e-8	1.7353128139451465e-9	3.84994110110626e-6	1.1337265483808566e-8	1.011283150931158e-9	3.959984637700564e-5
710.0	2.2537863466423307e-8	1.7360142858201403e-9	3.849941427544839e-6	1.1337633505226153e-8	1.011128622374297e-9	3.9599846058500906e-5
711.0	2.2540617272863363e-8	1.7342640128434832e-9	3.84994143361037e-6	1.1334798162490551e-8	1.010928498315772e-9	3.9599846492155645e-5
712.0	2.251973249786816e-8	1.7323781550191297e-9	3.849940761505203e-6	1.1334840961647322e-8	1.010642300629617e-9	3.959984616389418e-5
713.0	2.2495493585551625e-8	1.7330725155339199e-9	3.849941048476704e-6	1.1331608750702515e-8	1.0107971610925547e-9	3.9599846170928896e-5
714.0	2.2568631679288895e-8	1.734463465777338e-9	3.849941368826572e-6	1.1331994751079219e-8	1.0104321373106433e-9	3.959984607238808e-5
715.0	2.2547137211070374e-8	1.734052983512562e-9	3.849941219187471e-6	1.1329553180442675e-8	1.0107728298407667e-9	3.959984580092192e-5
716.0	2.2517936302833565e-8	1.7361208169507024e-9	3.849940946895818e-6	1.1331347957348634e-8	1.0103535271270666e-9	3.9599846150859616e-5
717.0	2.2497352732582235e-8	1.7365670780311833e-9	3.849941031141747e-6	1.1329976807255984e-8	1.0109138142284834e-9	3.959984585647837e-5
718.0	2.2551477919423914e-8	1.7372774508325743e-9	3.8499411763862755e-6	1.1333462350258021e-8	1.0108730738018148e-9	3.9599846462829156e-5
719.0	2.2576972118003057e-8	1.7350265574690117e-9	3.849941960642924e-6	1.1331629877947039e-8	1.0112981552976741e-9	3.9599846232621166e-5
720.0	2.254182872962329e-8	1.734976939623809e-9	3.849941448578498e-6	1.1335920993779676e-8	1.0115330509592173e-9	3.959984695646382e-5
721.0	2.2494078042268964e-8	1.7353299918260494e-9	3.849941217674997e-6	1.1333469777841011e-8	1.0117212407432694e-9	3.9599846787809324e-5
722.0	2.2543629610977518e-8	1.733560542968027e-9	3.849941021677291e-6	1.1335661367253477e-8	1.011863521147262e-9	3.959984713959095e-5
723.0	2.254839180106147e-8	1.7357867139820372e-9	3.8499411810420784e-6	1.1333608323641029e-8	1.0119866887768318e-9	3.959984701378578e-5
724.0	2.2559287007272743e-8	1.7377396801710153e-9	3.849940886199235e-6	1.1333481721187607e-8	1.0124411191865546e-9	3.959984705436417e-5
725.0	2.2515959971462575e-8	1.7360887741364842e-9	3.849941806244831e-6	1.133170574318142e-8	1.0127521787656923e-9	3.9599847074960954e-5
726.0	2.2531663095536166e-8	1.7370477053126308e-9	3.849942452627395e-6	1.1330691034571845e-8	1.013247020401872e-9	3.9599847006682495e-5
727.0	2.2541183078114446e-8	1.735840327627882e-9	3.849941034691142e-6	1.1329429769657897e-8	1.0132341113328232e-9	3.959984700881523e-5
728.0	2.2535502927355332e-8	1.7334217366852324e-9	3.849940732867414e-6	1.1329235465269388e-8	1.0132683064645226e-9	3.95998469543521e-5
729.0	2.2543473800177157e-8	1.7350753370821664e-9	3.8499411777648665e-6	1.1329103818447615e-8	1.0127726074307597e-9	3.9599846759449286e-5
730.0	2.2549612868096184e-8	1.73377707911459e-9	3.849941048519571e-6	1.133072164308988e-8	1.012594402694738e-9	3.959984691811064e-5
731.0	2.255454930867354e-8	1.7347999038347818e-9	3.8499408605365375e-6	1.1331077926223232e-8	1.0124751503598442e-9	3.959984672723884e-5
732.0	2.251898680399367e-8	1.737252353122208e-9	3.849941657766696e-6	1.133273885343144e-8	1.0122396663568391e-9	3.9599847126181456e-5
733.0	2.2514411946697005e-8	1.7376416948143302e-9	3.849941611303827e-6	1.1333527018772295e-8	1.012387571862789e-9	3.959984691061921e-5
734.0	2.2548080047773138e-8	1.7383532028877612e-9	3.849940877108893e-6	1.1334487304764506e-8	1.0118125615593983e-9	3.9599847317995916e-5
735.0	2.255868055317088e-8	1.7381788840175729e-9	3.849941346092039e-6	1.133500668602534e-8	1.011697807639383e-9	3.9599847039259125e-5
736.0	2.2547889928709938e-8	1.7372673146256913e-9	3.849941044794214e-6	1.133484468608847e-8	1.0109725880080796e-9	3.959984735079148e-5
737.0	2.2499920817740093e-8	1.7353901027563095e-9	3.849941350392673e-6	1.1334926510712975e-8	1.011000653179863e-9	3.95998470173471e-5
738.0	2.2532285138191593e-8	1.7353652798012118e-9	3.849941198368344e-6	1.1334004779628254e-8	1.0107654874955657e-9	3.959984715069303e-5
739.0	2.256092030155797e-8	1.7378381712541518e-9	3.849941132948099e-6	1.1333577294935132e-8	1.0110517291670887e-9	3.959984699025914e-5
740.0	2.256750964237491e-8	1.7373484968821804e-9	3.8499417150251035e-6	1.133317834625591e-8	1.0110965899426587e-9	3.9599846997096224e-5
741.0	2.2536821862390622e-8	1.7381392139163877e-9	3.8499418869055e-6	1.1333397515239137e-8	1.010991515690727e-9	3.9599847129519525e-5
742.0	2.2516954377721473e-8	1.7396861281975171e-9	3.849941053980669e-6	1.1333030639285388e-8	1.0110124378647448e-9	3.959984702135502e-5
743.0	2.2538728668328e-8	1.7387747268593304e-9	3.849941158812904e-6	1.1334928742401985e-8	1.0106752554640077e-9	3.959984751394387e-5
744.0	2.254569702480797e-8	1.738116531433293e-9	3.849941444199988e-6	1.1333000872275384e-8	1.011028740416499e-9	3.959984735831409e-5
745.0	2.2558519248590385e-8	1.7376355549075466e-9	3.84994124541652e-6	1.1335432920971379e-8	1.011081244715751e-9	3.959984784715597e-5
746.0	2.2536777021520222e-8	1.7364443991598542e-9	3.849941070918577e-6	1.1332327093177979e-8	1.0115038739129024e-9	3.959984742313297e-5
747.0	2.2551133309972637e-8	1.737360769648011e-9	3.849941898698941e-6	1.1334343667582194e-8	1.0117541552893876e-9	3.959984757669711e-5
748.0	2.252907488559094e-8	1.7375135055071547e-9	3.8499416349065694e-6	1.133121957150472e-8	1.0119390327090938e-9	3.959984694953124e-5
749.0	2.2536800649352326e-8	1.739934880190913e-9	3.84994075013071e-6	1.1332938272443156e-8	1.0123068687112306e-9	3.959984707940008e-5
750.0	2.2549687023661997e-8	1.7404268130203936e-9	3.8499409088383415e-6	1.1330323537267178e-8	1.012158449793646e-9	3.95998463921259e-5
751.0	2.255760668686223e-8	1.7401077840766436e-9	3.849941394628773e-6	1.1331637651772052e-8	1.0126242827241853e-9	3.959984654894378e-5
752.0	2.254928289875387e-8	1.740800572223002e-9	3.849941126932702e-6	1.1329491287885369e-8	1.0123707139964375e-9	3.95998459476149e-5
753.0	2.2532738131209278e-8	1.7387181818888021e-9	3.8499416323052745e-6	1.1331399993513558e-8	1.012586873305976e-9	3.959984593974895e-5
754.0	2.2528831447764534e-8	1.7385041893323527e-9	3.849941676440561e-6	1.1331748330074058e-8	1.012467301635265e-9	3.9599845696942466e-5
755.0	2.2578954840066656e-8	1.738835825622707e-9	3.849941317557822e-6	1.1333488807950302e-8	1.0124546718325724e-9	3.9599845646636115e-5
756.0	2.2561796902720584e-8	1.7369587147653832e-9	3.849940876821185e-6	1.1335441735706474e-8	1.0124969321820393e-9	3.959984583269794e-5
757.0	2.253803629933049e-8	1.7389142401629875e-9	3.849941058661361e-6	1.1335096454165593e-8	1.0122824278768635e-9	3.959984585925168e-5
758.0	2.25467879244567e-8	1.7407356593434209e-9	3.849941146497573e-6	1.1336482202577033e-8	1.0122415727504415e-9	3.9599845977504695e-5
759.0	2.2545489828032038e-8	1.7406680315467329e-9	3.849941405528138e-6	1.133491011669897e-8	1.0121223065542118e-9	3.959984603643126e-5
760.0	2.259042126537218e-8	1.741225793021519e-9	3.8499418566435794e-6	1.1335147495816727e-8	1.01203338008634e-9	3.959984579427023e-5
761.0	2.2538243832678714e-8	1.7403242384904025e-9	3.849941812599746e-6	1.1332838776966378e-8	1.011995462341778e-9	3.959984583907996e-5
762.0	2.2558296728832382e-8	1.7406195220745645e-9	3.849940706089857e-6	1.133246018593012e-8	1.0119966488635525e-9	3.9599845501083105e-5
763.0	2.2567494462273953e-8	1.738207798412792e-9	3.849940827173858e-6	1.1329282635080307e-8	1.0120802330385397e-9	3.9599845713360716e-5
764.0	2.256562133352324e-8	1.7380623857906828e-9	3.849940508900758e-6	1.133019514785294e-8	1.0118921814090204e-9	3.959984557325204e-5
765.0	2.2571256251217696e-8	1.738990797703839e-9	3.849940854580501e-6	1.1327611779713967e-8	1.011917980590404e-9	3.9599845829914604e-5
766.0	2.254537840938713e-8	1.7407307778175328e-9	3.849940986553109e-6	1.133108625054997e-8	1.011715551939804e-9	3.959984599182515e-5
767.0	2.256884081877698e-8	1.7422201032501842e-9	3.849942210057229e-6	1.1330283837297717e-8	1.0115953025821467e-9	3.959984616920956e-5
768.0	2.2575519769600347e-8	1.7440970858844268e-9	3.8499416087563084e-6	1.1334167791351338e-8	1.0117000173625745e-9	3.959984649268404e-5
769.0	2.254999796603489e-8	1.7435353074474012e-9	3.849940682972524e-6	1.1335236348341348e-8	1.0115876941727106e-9	3.9599846397019134e-5
770.0	2.2577406007591134e-8	1.742885751291737e-9	3.849940824622696e-6	1.133720130054786e-8	1.0118082152278356e-9	3.959984659607268e-5
771.0	2.2544869927603696e-8	1.7426174403334982e-9	3.849940920410175e-6	1.1337422637152187e-8	1.011876067552477e-9	3.9599846372224786e-5
772.0	2.257954915266704e-8	1.739793542367577e-9	3.849940979033189e-6	1.1338663581857923e-8	1.0119335478220814e-9	3.959984649268119e-5
773.0	2.256084599403255e-8	1.7410542861723063e-9	3.8499412738988225e-6	1.1335822511631381e-8	1.012384313978165e-9	3.959984637030551e-5
774.0	2.2571121810450888e-8	1.7421477624504615e-9	3.849941841658269e-6	1.1337152023054774e-8	1.0122981122827509e-9	3.9599846516638956e-5
775.0	2.257107372659078e-8	1.7422281780595991e-9	3.849941493263996e-6	1.1331818038592361e-8	1.0125394722805004e-9	3.959984638105414e-5
776.0	2.2563735583133266e-8	1.7436767029546438e-9	3.849941264914101e-6	1.1332164335876517e-8	1.0124751402525414e-9	3.95998466117271e-5
777.0	2.2566914720663184e-8	1.7444196911191968e-9	3.8499410436617836e-6	1.1328533317575833e-8	1.0124430161219995e-9	3.959984639001895e-5
778.0	2.2555402684201244e-8	1.7435366642174248e-9	3.849941065489426e-6	1.1328112501865117e-8	1.0124559360691022e-9	3.959984678201229e-5
779.0	2.2577876202843872e-8	1.7426534697125476e-9	3.849940416887614e-6	1.132788546288656e-8	1.0122566524165425e-9	3.9599846505122303e-5
780.0	2.2568274283106104e-8	1.7415854502024313e-9	3.849941219781943e-6	1.1329080889426874e-8	1.0124514672990775e-9	3.959984709523475e-5
781.0	2.259282862908017e-8	1.7424934611312e-9	3.849941394573256e-6	1.1330149691508673e-8	1.0121667765442166e-9	3.959984676551766e-5
782.0	2.2562624270578264e-8	1.7412880803899013e-9	3.849941045900813e-6	1.1333912092548506e-8	1.0124028589021908e-9	3.959984734225721e-5
783.0	2.2576373534725953e-8	1.7424190932418306e-9	3.84994150907196e-6	1.1334366737182435e-8	1.0122811428080355e-9	3.959984707289099e-5
784.0	2.2565719486067023e-8	1.7432974503630032e-9	3.849941129381293e-6	1.1337067408885444e-8	1.0122188134033599e-9	3.959984736278068e-5
785.0	2.2614435667969613e-8	1.7420293928880864e-9	3.849940453199407e-6	1.1338291557951697e-8	1.0124667693717774e-9	3.959984730885306e-5
786.0	2.2596099230834234e-8	1.7437469972366307e-9	3.849940410023779e-6	1.1336767496731526e-8	1.0117892481956466e-9	3.959984710671942e-5
787.0	2.2568463272550684e-8	1.743766385587914e-9	3.849941611794361e-6	1.1339142760707204e-8	1.0122145375109285e-9	3.9599847284396735e-5
788.0	2.2560780856615142e-8	1.744322207087235e-9	3.849941324027808e-6	1.1334141719882794e-8	1.0114271449765998e-9	3.959984674682175e-5
789.0	2.258883313084078e-8	1.7429655870565878e-9	3.849940933282368e-6	1.1336038901966091e-8	1.0115704932391787e-9	3.959984704518889e-5
790.0	2.262890557400596e-8	1.745788672169162e-9	3.8499410828621134e-6	1.133065017203173e-8	1.0113500830038842e-9	3.959984654033821e-5
791.0	2.2583530185168236e-8	1.7438413040191714e-9	3.84994121152202e-6	1.1333058771891596e-8	1.0112724598400716e-9	3.959984676140234e-5
792.0	2.2579193240267564e-8	1.7443449308974492e-9	3.849940846580816e-6	1.1328743479037329e-8	1.0117040913215219e-9	3.959984662422484e-5
793.0	2.2581196462204672e-8	1.7447939091893959e-9	3.849941017678079e-6	1.1333119100499762e-8	1.0115096970743501e-9	3.9599846636920874e-5
794.0	2.259937992633007e-8	1.7421336835006785e-9	3.849941598604006e-6	1.1328842775421765e-8	1.0121748093812753e-9	3.959984670386972e-5
795.0	2.26107271302212e-8	1.7454443358244963e-9	3.849941263590451e-6	1.1334430526115019e-8	1.0118113471207413e-9	3.959984663200127e-5
796.0	2.2589224312818925e-8	1.745196019369995e-9	3.84994062871399e-6	1.1330651615656293e-8	1.0121046631921017e-9	3.9599846516000246e-5
797.0	2.260293085817123e-8	1.7452104569266847e-9	3.8499407170437225e-6	1.1335514188962372e-8	1.0119156029135442e-9	3.959984651753913e-5
798.0	2.2590918695569458e-8	1.7463280067828888e-9	3.849941753682039e-6	1.1333594388466103e-8	1.0119404326917847e-9	3.9599846267141173e-5
799.0	2.256909900946275e-8	1.7465019683136197e-9	3.84994145937639e-6	1.1336044439887067e-8	1.012328468017705e-9	3.959984641630823e-5
800.0	2.2591704088910583e-8	1.7454001019427656e-9	3.8499407418449955e-6	1.133509618043766e-8	1.0121556819928428e-9	3.9599846135279455e-5
