turn	ele_ex	ele_ey	ele_ez	pro_ex	pro_ey	pro_ez
0.0	2.042908293953415e-8	1.6115840823421875e-9	3.8499871731240865e-6	1.1281249147272375e-8	1.0034676489862682e-9	3.959997587408601e-5
1.0	2.0896921279098858e-8	1.624582129897905e-9	3.84998760877004e-6	1.1285522178572913e-8	1.005090077896996e-9	3.959997591773143e-5
2.0	2.100251644490868e-8	1.6229903498745815e-9	3.849988227268768e-6	1.1296484899496679e-8	1.004901580003839e-9	3.9599976126712864e-5
3.0	2.0849277664600625e-8	1.6314593883036652e-9	3.84998845210914e-6	1.1314077726931037e-8	1.0069462356643979e-9	3.95999758111681e-5
4.0	2.0724875457922537e-8	1.6444668112090592e-9	3.849987991801896e-6	1.1324898331794844e-8	1.0076358153383038e-9	3.959997620968074e-5
5.0	2.131339844426728e-8	1.634254240572335e-9	3.849987522715025e-6	1.1333957078758821e-8	1.0079509005321473e-9	3.959997570702523e-5
6.0	2.1886606630869414e-8	1.642286496271272e-9	3.849986795288796e-6	1.1344029208508438e-8	1.009176323365829e-9	3.959997585151353e-5
7.0	2.152077318951568e-8	1.636261163015939e-9	3.849987639878077e-6	1.1349413069580983e-8	1.0088187475185132e-9	3.959997548634772e-5
8.0	2.1322913315426203e-8	1.6376951025464945e-9	3.849988026982468e-6	1.1347303113166794e-8	1.0099582823859374e-9	3.9599975318871264e-5
9.0	2.1676143702606264e-8	1.6495991153691943e-9	3.849987884369109e-6	1.1340549379685103e-8	1.009636904576074e-9	3.959997548944622e-5
10.0	2.2428042187795977e-8	1.6432117091207454e-9	3.84998812154912e-6	1.1328080161290146e-8	1.0110347991688728e-9	3.959997512389276e-5
11.0	2.230584914540872e-8	1.6495141894616165e-9	3.849987728309897e-6	1.1306581363917618e-8	1.011257860918733e-9	3.9599975409974306e-5
12.0	2.1819781303593042e-8	1.6511643657152145e-9	3.849987168178385e-6	1.129841904448926e-8	1.0120150305981467e-9	3.959997485115459e-5
13.0	2.1893199493432363e-8	1.6493856208655262e-9	3.849987721701395e-6	1.1288799896866481e-8	1.0123027676433697e-9	3.959997500499236e-5
14.0	2.231885088396417e-8	1.6534925448231082e-9	3.849988405739271e-6	1.1285689063730112e-8	1.012305397765952e-9	3.959997481216244e-5
15.0	2.243770888131972e-8	1.6492292211226958e-9	3.849987311621865e-6	1.1285465125536037e-8	1.0123251641799524e-9	3.959997469918886e-5
16.0	2.217840524349979e-8	1.6478017967768235e-9	3.849986992835552e-6	1.1293277918305494e-8	1.0113011536709725e-9	3.959997459727057e-5
17.0	2.2064838093157627e-8	1.6476978512321566e-9	3.84998786791996e-6	1.130161842725345e-8	1.0114946374788014e-9	3.959997416500732e-5
18.0	2.214360532082105e-8	1.6483533548862574e-9	3.84998757625733e-6	1.1313752737670591e-8	1.009962518847611e-9	3.959997418592218e-5
19.0	2.2195350548445003e-8	1.650542665492054e-9	3.849988147575459e-6	1.1324184771818946e-8	1.0100502549434906e-9	3.959997387766362e-5
20.0	2.220068348516949e-8	1.652584841465623e-9	3.84998804038551e-6	1.1335401567235529e-8	1.009016269658183e-9	3.959997398592201e-5
21.0	2.2229170584012612e-8	1.6520883337787197e-9	3.84998682829876e-6	1.1336168560942828e-8	1.0090041984630873e-9	3.959997399832859e-5
22.0	2.218133387592157e-8	1.6525360986357347e-9	3.84998686474815e-6	1.1341641130307297e-8	1.008497378665151e-9	3.959997398770566e-5
23.0	2.2140507919053573e-8	1.6517934170150752e-9	3.849987620257177e-6	1.133359046436221e-8	1.0081933548516832e-9	3.959997443656641e-5
24.0	2.2116043047711958e-8	1.6506276884077362e-9	3.849987878807984e-6	1.1327998234126918e-8	1.0081988755279019e-9	3.959997408533026e-5
25.0	2.2222009797116232e-8	1.6500891420112127e-9	3.8499880631876246e-6	1.1318553968744614e-8	1.0075810743630243e-9	3.9599974596846095e-5
26.0	2.2271738864810225e-8	1.6514407544195165e-9	3.8499875975700915e-6	1.1311340869605401e-8	1.0080258080876958e-9	3.9599974157089554e-5
27.0	2.2204469172996026e-8	1.6513214986773404e-9	3.849986574599486e-6	1.1303488787719763e-8	1.0073727744403013e-9	3.959997479600556e-5
28.0	2.2164105911815006e-8	1.651749666645168e-9	3.849986410537175e-6	1.130292314028427e-8	1.008197392736094e-9	3.959997458947191e-5
29.0	2.2160118994801977e-8	1.6540746671033897e-9	3.849987450423778e-6	1.130137874861478e-8	1.0079845243070415e-9	3.959997512147123e-5
30.0	2.2211045224610983e-8	1.6541181983951765e-9	3.8499882934264194e-6	1.1307567218517413e-8	1.0087741122174081e-9	3.959997507835402e-5
31.0	2.2245358880297734e-8	1.6539365211832167e-9	3.849988188187336e-6	1.1312431193360134e-8	1.0091067617994796e-9	3.959997528521268e-5
32.0	2.2219853074368473e-8	1.6533863599236104e-9	3.849987489613775e-6	1.1319603803222708e-8	1.0093795643202245e-9	3.9599975374273324e-5
33.0	2.2218181007178008e-8	1.6537488251807241e-9	3.849987146179934e-6	1.1327632202595675e-8	1.0101003395997212e-9	3.959997511571603e-5
34.0	2.216048788131856e-8	1.6533294686406096e-9	3.849986445435862e-6	1.132859777814344e-8	1.009800418148901e-9	3.959997550426449e-5
35.0	2.2198180138541813e-8	1.6543027587954801e-9	3.849986768919641e-6	1.1333802863360477e-8	1.0104469327214314e-9	3.95999749460367e-5
36.0	2.2241963417544868e-8	1.6552894143947968e-9	3.84998766453933e-6	1.132750811403875e-8	1.009954929445567e-9	3.959997538572984e-5
37.0	2.2260097719436374e-8	1.6555351180604821e-9	3.8499883846834546e-6	1.1327471752470085e-8	1.0103105239826445e-9	3.9599974877680154e-5
38.0	2.220858456103932e-8	1.6557721625709084e-9	3.849987887443568e-6	1.1318529474901918e-8	1.0101041500945791e-9	3.959997509873282e-5
39.0	2.2185241205198195e-8	1.6552295565307764e-9	3.849987229372868e-6	1.1317288130869794e-8	1.0104265745283943e-9	3.959997483059483e-5
40.0	2.2228570949072348e-8	1.655317026640299e-9	3.849986949865503e-6	1.1308724503665855e-8	1.0105269682628963e-9	3.959997488485726e-5
41.0	2.226422130125246e-8	1.65702000340017e-9	3.849986248451536e-6	1.1310645047012875e-8	1.0105357469308708e-9	3.959997485528399e-5
42.0	2.2222965473570925e-8	1.6554410664097307e-9	3.8499868267395045e-6	1.1305162923438091e-8	1.0106006410916654e-9	3.9599974858409246e-5
43.0	2.221469166230378e-8	1.6573522928994266e-9	3.849988050019148e-6	1.1312478921020644e-8	1.0097893763693068e-9	3.9599974848786674e-5
44.0	2.2208332993503168e-8	1.6579566747735565e-9	3.849988520479076e-6	1.1312777016107625e-8	1.009660199384149e-9	3.95999748741034e-5
45.0	2.2255442385982827e-8	1.657889823347267e-9	3.849987617184442e-6	1.1320899153895401e-8	1.008687292727731e-9	3.9599974858505144e-5
46.0	2.2204834203369874e-8	1.657802324696679e-9	3.8499868517632794e-6	1.1324018446675906e-8	1.0087330873525514e-9	3.959997487630638e-5
47.0	2.219999029421379e-8	1.6572763649652633e-9	3.8499873578280825e-6	1.132814902584288e-8	1.0085118881225763e-9	3.959997491296314e-5
48.0	2.2239500587669674e-8	1.657996774387528e-9	3.849986907313815e-6	1.1330401147861694e-8	1.0087229091697672e-9	3.959997477152601e-5
49.0	2.225268404751779e-8	1.6562607135894137e-9	3.849987352636019e-6	1.1328779446552736e-8	1.0090839583969906e-9	3.959997496455368e-5
50.0	2.2226401176329107e-8	1.6579524831113885e-9	3.849988331872304e-6	1.1328954900353572e-8	1.0091428467410258e-9	3.959997474064811e-5
51.0	2.218295874498883e-8	1.6582458624731785e-9	3.849988023261956e-6	1.1323156281571187e-8	1.009349926551127e-9	3.959997496090515e-5
52.0	2.2235333062229973e-8	1.6580618045168544e-9	3.849987012918179e-6	1.1322170876116657e-8	1.009175212299095e-9	3.9599974909111134e-5
53.0	2.228751937489602e-8	1.6595473202875877e-9	3.849987150668814e-6	1.131433640461456e-8	1.0092383142851722e-9	3.959997504138029e-5
54.0	2.222745448583767e-8	1.6584827793728416e-9	3.849987629765693e-6	1.131554704271716e-8	1.0090609932589563e-9	3.959997495373256e-5
55.0	2.2176166073771973e-8	1.6581696899590338e-9	3.849986983056466e-6	1.131059292261979e-8	1.0092519058333687e-9	3.9599974839191715e-5
56.0	2.2231584825454875e-8	1.657514972160245e-9	3.849987412547502e-6	1.13164650013951e-8	1.009390164354796e-9	3.9599974730471614e-5
57.0	2.229782961263476e-8	1.6569289269864085e-9	3.849987692872232e-6	1.1315912467662968e-8	1.0097721296467956e-9	3.959997453159614e-5
58.0	2.2268032417669936e-8	1.6569850161270703e-9	3.8499868874967255e-6	1.1323745494084783e-8	1.0100551125631404e-9	3.9599974502508e-5
59.0	2.216953604567229e-8	1.6562773639280702e-9	3.849987303034719e-6	1.1324619878880906e-8	1.010444645956949e-9	3.959997444071792e-5
60.0	2.2241139505916783e-8	1.65783982746265e-9	3.849987547415706e-6	1.1328728260808541e-8	1.010710589143507e-9	3.959997448269628e-5
61.0	2.2293409571838866e-8	1.6592106300547906e-9	3.849987221713902e-6	1.1327842504277636e-8	1.0106606494437908e-9	3.959997451537248e-5
62.0	2.2266351248050272e-8	1.6586043359247766e-9	3.849986944668615e-6	1.1327018576425381e-8	1.0107875035773384e-9	3.959997448234838e-5
63.0	2.219451216497138e-8	1.6581715010480235e-9	3.849987634285473e-6	1.1324470527531243e-8	1.0104021948329535e-9	3.9599974368151353e-5
64.0	2.223244295766699e-8	1.6585568136586107e-9	3.8499869154421635e-6	1.13199000332661e-8	1.0104020179556565e-9	3.959997430446774e-5
65.0	2.23033336925142e-8	1.6580532837548057e-9	3.849986577290629e-6	1.1316605274371653e-8	1.0100330708171801e-9	3.9599974110591836e-5
66.0	2.225579737112022e-8	1.6584932156745785e-9	3.8499875486405125e-6	1.1311176128566419e-8	1.0101377419732663e-9	3.9599974232251754e-5
67.0	2.220306943331528e-8	1.6590555870384095e-9	3.849987750056953e-6	1.1311625166643757e-8	1.0100352051114698e-9	3.959997428389088e-5
68.0	2.2254031462333196e-8	1.6585505622543544e-9	3.8499870341041035e-6	1.1309332508607028e-8	1.0100280292755062e-9	3.959997435406906e-5
69.0	2.2284665758421505e-8	1.6597270652024534e-9	3.849986812054291e-6	1.1315431385182592e-8	1.0101994340348003e-9	3.9599974473221684e-5
70.0	2.2273075202169474e-8	1.660319370154192e-9	3.849987474311109e-6	1.1317720182238005e-8	1.009903238658369e-9	3.9599974448968386e-5
71.0	2.2199528658444058e-8	1.6602689778993255e-9	3.849986780479855e-6	1.1324761510928989e-8	1.010086057926685e-9	3.959997464684388e-5
72.0	2.22252327168642e-8	1.660215212650968e-9	3.8499868973199106e-6	1.1327636315352358e-8	1.0095768352932159e-9	3.959997460233559e-5
73.0	2.2276689948066847e-8	1.660651871970767e-9	3.849987551247328e-6	1.1331357321821271e-8	1.0097168909857725e-9	3.95999748619455e-5
74.0	2.22584392737131e-8	1.6611594229022527e-9	3.8499874770647495e-6	1.1332478915285617e-8	1.0091977033434929e-9	3.959997482035448e-5
75.0	2.2226171471181924e-8	1.6608970330894734e-9	3.849986880286362e-6	1.1331251781767478e-8	1.0089862057294873e-9	3.95999749751446e-5
76.0	2.224362326368717e-8	1.659802019954262e-9	3.849986965870729e-6	1.132989771188981e-8	1.0089600933376382e-9	3.95999747962773e-5
77.0	2.2238484391857035e-8	1.658664109281223e-9	3.849987191274572e-6	1.1324357611547487e-8	1.0085275268478525e-9	3.95999747025923e-5
78.0	2.227986320130908e-8	1.66035721501788e-9	3.8499874213850675e-6	1.1321014835485247e-8	1.008996378096624e-9	3.959997442778404e-5
79.0	2.224424963079277e-8	1.6605632090183628e-9	3.849986677309045e-6	1.1313694820955944e-8	1.0086573651742153e-9	3.959997415970913e-5
80.0	2.226021587046233e-8	1.6615649697421943e-9	3.849986990325661e-6	1.1312170857242955e-8	1.009049766149368e-9	3.959997400251832e-5
81.0	2.2260961274893387e-8	1.6643289628257421e-9	3.849987431925749e-6	1.1308432543807897e-8	1.0089321897890255e-9	3.9599973887141434e-5
82.0	2.2241066860560406e-8	1.663683315826212e-9	3.849986888539572e-6	1.1311671928496798e-8	1.0091419117900804e-9	3.959997412391049e-5
83.0	2.2288379761783802e-8	1.6636036363968668e-9	3.849987234404379e-6	1.1313385154883889e-8	1.009241844425349e-9	3.959997394761431e-5
84.0	2.2245654587867403e-8	1.6623628303809494e-9	3.8499877496080755e-6	1.1318429463688112e-8	1.0092185993375817e-9	3.959997446095828e-5
85.0	2.2254906005594894e-8	1.6607876107562897e-9	3.849987117673187e-6	1.132317024720041e-8	1.0096083541438749e-9	3.959997413888055e-5
86.0	2.2266644865643392e-8	1.6593374519820052e-9	3.849986427225766e-6	1.1326059899117508e-8	1.0096287991371081e-9	3.959997468817932e-5
87.0	2.2277279435632917e-8	1.6604835774936443e-9	3.849987175452845e-6	1.1330912151702192e-8	1.009976552827865e-9	3.9599974381881385e-5
88.0	2.2258820006536533e-8	1.6621589399530951e-9	3.849987370545781e-6	1.1329921168031446e-8	1.0101364389622569e-9	3.9599974762918485e-5
89.0	2.2210200283847576e-8	1.6634492535158481e-9	3.849987075285729e-6	1.1332530748862916e-8	1.010299199798342e-9	3.959997457818229e-5
90.0	2.2256901316773183e-8	1.6653284338270987e-9	3.849987616096485e-6	1.1327179720271046e-8	1.0104904718839215e-9	3.959997470894821e-5
91.0	2.2319026358304632e-8	1.6663854185000802e-9	3.849987729318386e-6	1.1326632017075681e-8	1.0108000992615714e-9	3.959997477589575e-5
92.0	2.224033280069604e-8	1.6629886741069827e-9	3.849986933366341e-6	1.131748921619885e-8	1.0108389015800712e-9	3.959997470810115e-5
93.0	2.2207071961833084e-8	1.6627499756607637e-9	3.849986061448962e-6	1.1317302319114433e-8	1.0108912594799526e-9	3.959997513283571e-5
94.0	2.2225649950412505e-8	1.6613668176353674e-9	3.849987006944536e-6	1.1310879893009218e-8	1.01082941544661e-9	3.9599974713688436e-5
95.0	2.2332160636321354e-8	1.6605450585309007e-9	3.849986974648407e-6	1.1313321576018843e-8	1.0106395542939851e-9	3.959997512117609e-5
96.0	2.2287837527378997e-8	1.6612228659445392e-9	3.849987561617687e-6	1.1310536207494689e-8	1.0103954048921053e-9	3.959997458184333e-5
97.0	2.2171400159146746e-8	1.6639779734332542e-9	3.849987314626633e-6	1.1314355480926605e-8	1.010189894095751e-9	3.959997487788188e-5
98.0	2.223424647617907e-8	1.6654526820042599e-9	3.849987338919665e-6	1.1315914793348923e-8	1.0103063246804827e-9	3.959997465006535e-5
99.0	2.231038254445272e-8	1.6650574613602159e-9	3.84998688967449e-6	1.1320493422766838e-8	1.0098068436258826e-9	3.959997471927408e-5
100.0	2.2275978110096102e-8	1.665216167978596e-9	3.849986497805342e-6	1.1325318747512035e-8	1.0098845124401723e-9	3.959997482787295e-5
101.0	2.2187956871347007e-8	1.6637867769248386e-9	3.8499869456578735e-6	1.1326729628166192e-8	1.0093099485140998e-9	3.959997470469567e-5
102.0	2.2200830435123254e-8	1.6622180348183384e-9	3.849987283394886e-6	1.1331035610037402e-8	1.0091242721662584e-9	3.959997494074655e-5
103.0	2.2320088425927962e-8	1.662218655122734e-9	3.849987319335217e-6	1.1328011736852983e-8	1.008827084245603e-9	3.959997486571167e-5
104.0	2.2266672237687273e-8	1.6632084033450659e-9	3.849986894943487e-6	1.1330796177799679e-8	1.0087757504347217e-9	3.9599975103807044e-5
105.0	2.216707682751054e-8	1.6643218264029153e-9	3.849987479142184e-6	1.132482872374665e-8	1.0089371034456158e-9	3.959997512262664e-5
106.0	2.2232726127060937e-8	1.6653402319196742e-9	3.84998780369271e-6	1.1326034167155203e-8	1.0086334113955922e-9	3.959997529012398e-5
107.0	2.228209497594873e-8	1.6665344343334323e-9	3.849987319230511e-6	1.1320182058469443e-8	1.0090554764649011e-9	3.9599975168929864e-5
108.0	2.2290943656627127e-8	1.6654663093143996e-9	3.849986634908067e-6	1.1321033308519825e-8	1.0085516057719374e-9	3.959997526863735e-5
109.0	2.2170738283423183e-8	1.6651110713991132e-9	3.8499869198037674e-6	1.13172942644447e-8	1.0089512779783915e-9	3.959997498987045e-5
110.0	2.2250416078340957e-8	1.665951002063061e-9	3.849987072901096e-6	1.131940722710483e-8	1.008835721673891e-9	3.959997499144432e-5
111.0	2.230785849218266e-8	1.6634505963010882e-9	3.8499870148044425e-6	1.1316553578280123e-8	1.009248987135213e-9	3.959997477433832e-5
112.0	2.2268051842297902e-8	1.664291454783045e-9	3.849987628561814e-6	1.1320568198467215e-8	1.0094011916401203e-9	3.9599974535953954e-5
113.0	2.221047042684034e-8	1.6645923679321038e-9	3.849987820002345e-6	1.1321284131739132e-8	1.0094893753312368e-9	3.959997470722355e-5
114.0	2.223490926917892e-8	1.6648616322944654e-9	3.849986777580245e-6	1.1323536731617454e-8	1.0096565375039295e-9	3.9599974285903065e-5
115.0	2.2333545424754085e-8	1.6653935582536785e-9	3.849986763094657e-6	1.132498403450976e-8	1.0094161547454765e-9	3.959997473523296e-5
116.0	2.2263973312363174e-8	1.6661369443646096e-9	3.849987170415671e-6	1.1324595648969467e-8	1.0099067647174002e-9	3.9599974384646365e-5
117.0	2.221230473083474e-8	1.666323461584951e-9	3.849987173070529e-6	1.1325872344101631e-8	1.0096579241859783e-9	3.9599974983955683e-5
118.0	2.224130135129769e-8	1.6663930537311191e-9	3.8499867917082504e-6	1.1323108144341498e-8	1.0103141997493935e-9	3.959997474495565e-5
119.0	2.2302223473400542e-8	1.6668416066182964e-9	3.84998672449787e-6	1.1323343713879145e-8	1.0101060124847546e-9	3.9599975155803544e-5
120.0	2.2295458570615685e-8	1.6657460854401438e-9	3.849987036212095e-6	1.1321062348688275e-8	1.010222575204935e-9	3.959997492771393e-5
121.0	2.2244930304096146e-8	1.6671393784405985e-9	3.849987716516736e-6	1.1319297054287083e-8	1.0100065460470334e-9	3.959997503114875e-5
122.0	2.220834268863234e-8	1.6652417486779806e-9	3.84998744158251e-6	1.131873233343444e-8	1.009780855558294e-9	3.959997489886851e-5
123.0	2.2285142817498883e-8	1.6672759627247183e-9	3.8499875188007555e-6	1.131840589561626e-8	1.0098507473094774e-9	3.9599974816913136e-5
124.0	2.226887777933806e-8	1.666948439653729e-9	3.849986290075681e-6	1.13188697725832e-8	1.0096392999273454e-9	3.959997488785275e-5
125.0	2.2297536005597587e-8	1.6686620706665056e-9	3.849985961984215e-6	1.1320589750403193e-8	1.0099482008448586e-9	3.95999745061867e-5
126.0	2.2252632148971935e-8	1.6690134932023464e-9	3.849986879731906e-6	1.1321904858875177e-8	1.0098425802995535e-9	3.959997480094767e-5
127.0	2.2228222353182974e-8	1.6682581027164762e-9	3.8499877095485705e-6	1.1323754671122338e-8	1.010028210580097e-9	3.959997418867985e-5
128.0	2.2269411341424986e-8	1.66942859318124e-9	3.849987510965123e-6	1.1324997557756207e-8	1.009934668212363e-9	3.9599974700113364e-5
129.0	2.2283720160709543e-8	1.6673073294183537e-9	3.849987467449377e-6	1.1325474666901368e-8	1.0097929692928465e-9	3.9599974158236816e-5
130.0	2.2264910053520884e-8	1.6667228933002636e-9	3.849986695601723e-6	1.1326298183290076e-8	1.0096843169949829e-9	3.959997467866101e-5
131.0	2.2261467145375835e-8	1.6671646978345062e-9	3.84998606357469e-6	1.1325193898108237e-8	1.00926536913871e-9	3.959997443212995e-5
132.0	2.223720110925066e-8	1.6676390446882168e-9	3.849986493235626e-6	1.1323655029227155e-8	1.0092592806126364e-9	3.959997462587966e-5
133.0	2.2284561115630628e-8	1.66746145785139e-9	3.8499875288455685e-6	1.1323755984379158e-8	1.008993074703225e-9	3.959997475902669e-5
134.0	2.2258936886106472e-8	1.6696751814196663e-9	3.849987039362202e-6	1.1319780347344168e-8	1.008939267277013e-9	3.959997457083773e-5
135.0	2.223447956517321e-8	1.6704741103879397e-9	3.8499867432692754e-6	1.1321763164428808e-8	1.0089994717772756e-9	3.959997503884835e-5
136.0	2.22897688581628e-8	1.6706079771572687e-9	3.84998650703131e-6	1.1318929577288356e-8	1.0091274507295363e-9	3.959997455028769e-5
137.0	2.2289061195751456e-8	1.6683956582589941e-9	3.849986801678805e-6	1.1322535412527314e-8	1.0091309809380195e-9	3.9599974970991905e-5
138.0	2.2235853347848795e-8	1.670282342930583e-9	3.849986935210071e-6	1.132163902055775e-8	1.0093463672704965e-9	3.9599974377458247e-5
139.0	2.2207366109407456e-8	1.6670547800748668e-9	3.8499873834139425e-6	1.1325204136867514e-8	1.00931562751284e-9	3.9599974608867736e-5
140.0	2.229843314905907e-8	1.6678740209544995e-9	3.8499866800831815e-6	1.1324269251757789e-8	1.0096293467046148e-9	3.959997448261334e-5
141.0	2.2342946096801873e-8	1.6692420548385373e-9	3.849985845569454e-6	1.132826578082584e-8	1.0096303867926763e-9	3.9599974524542604e-5
142.0	2.2254899039969417e-8	1.668117811137466e-9	3.849986984444015e-6	1.1326052085244183e-8	1.0097828333124218e-9	3.9599974623774865e-5
143.0	2.2197375455987807e-8	1.6707194687344717e-9	3.8499864472645615e-6	1.1328572673737341e-8	1.0097842447813e-9	3.9599974620651875e-5
144.0	2.2279211155923858e-8	1.6703445216097106e-9	3.8499872761655335e-6	1.1326061469412432e-8	1.0097524468771044e-9	3.959997475075044e-5
145.0	2.235405742584563e-8	1.6714061979059087e-9	3.849987231638162e-6	1.1324436681663877e-8	1.010029409944061e-9	3.959997484472751e-5
146.0	2.2269242676157437e-8	1.6693112467748866e-9	3.849986892657192e-6	1.1323497033347715e-8	1.0100732798996638e-9	3.959997509788229e-5
147.0	2.2206563896532293e-8	1.6703832743861176e-9	3.849985675263879e-6	1.1319842328187522e-8	1.0104443141225789e-9	3.959997494929819e-5
148.0	2.2263908414895694e-8	1.6703162625331541e-9	3.849986587777629e-6	1.1320570635673537e-8	1.0103861332592961e-9	3.9599975225081196e-5
149.0	2.2326768099565845e-8	1.6699028923944187e-9	3.849987236688385e-6	1.1317182045517334e-8	1.0104185957549644e-9	3.959997487617583e-5
150.0	2.2297146710155577e-8	1.6698070699760587e-9	3.8499870503679145e-6	1.1319548007467111e-8	1.0103515428430497e-9	3.959997506029508e-5
151.0	2.2229512816354156e-8	1.6705055056533486e-9	3.849986776852293e-6	1.1317856488231829e-8	1.0101021940235158e-9	3.9599974652825046e-5
152.0	2.2280784198788746e-8	1.6706265385937625e-9	3.849986642658018e-6	1.1321845200224794e-8	1.010236692061038e-9	3.9599974806849016e-5
153.0	2.2304942339013517e-8	1.6704190957680534e-9	3.84998669875768e-6	1.1320631412291892e-8	1.0099589257681263e-9	3.9599974617829636e-5
154.0	2.2292444042228048e-8	1.6715806337150648e-9	3.849986805051409e-6	1.1326325575003659e-8	1.0100539498383731e-9	3.959997458462495e-5
155.0	2.2248905934259066e-8	1.671151311556349e-9	3.8499874305503045e-6	1.132389015790054e-8	1.0097762934305902e-9	3.959997477889656e-5
156.0	2.2304538071359017e-8	1.671667514154005e-9	3.849987053608392e-6	1.132901127021716e-8	1.0096884025677237e-9	3.959997453136709e-5
157.0	2.230434538543418e-8	1.6726637245625354e-9	3.849986424041987e-6	1.1326572518871671e-8	1.0093331939656947e-9	3.959997494899619e-5
158.0	2.2257788856731384e-8	1.670684124001593e-9	3.849986525610063e-6	1.1327281893696184e-8	1.0091188480776209e-9	3.9599974674596585e-5
159.0	2.2265265557518703e-8	1.6713132105084846e-9	3.849986708817284e-6	1.1325777704129109e-8	1.0089292032091585e-9	3.959997506208685e-5
160.0	2.2312575030548415e-8	1.6715122409466991e-9	3.849987308037643e-6	1.132399496804179e-8	1.0086881482872491e-9	3.959997473614047e-5
161.0	2.2315033331698998e-8	1.6711479929023314e-9	3.84998734258782e-6	1.1323178936533478e-8	1.0086433241902342e-9	3.9599975036548976e-5
162.0	2.2260791429213756e-8	1.6698180803298714e-9	3.849986516593179e-6	1.1321316697654752e-8	1.0085449207685615e-9	3.9599974582757064e-5
163.0	2.2276850019747412e-8	1.6717099628929828e-9	3.849986248144187e-6	1.1321291901858124e-8	1.008756215261581e-9	3.9599974786883324e-5
164.0	2.230057360260914e-8	1.6731692530161022e-9	3.849986440398076e-6	1.1321122715052664e-8	1.0087619769814309e-9	3.9599974312994926e-5
165.0	2.230802039842127e-8	1.670960972261615e-9	3.849987162113715e-6	1.1322132720997877e-8	1.0091736495123759e-9	3.959997443982081e-5
166.0	2.2278265261248593e-8	1.6731518792837435e-9	3.8499871423466115e-6	1.1321905711887342e-8	1.0094998722871202e-9	3.959997416335e-5
167.0	2.2266040335820928e-8	1.673179346698597e-9	3.849987284435361e-6	1.1325027698848175e-8	1.0098371540149577e-9	3.9599974479319955e-5
168.0	2.2302865683059374e-8	1.6714738078623145e-9	3.849986730120337e-6	1.132293104888633e-8	1.0100983421303384e-9	3.959997428403698e-5
169.0	2.2266052772261622e-8	1.6728470916958364e-9	3.849986432519851e-6	1.1325881637269473e-8	1.0100338888482065e-9	3.959997437081036e-5
170.0	2.2298664958993655e-8	1.67282568953293e-9	3.849986593990558e-6	1.1324053451019368e-8	1.0102687995143851e-9	3.959997419816147e-5
171.0	2.2287882610869275e-8	1.6718461850305075e-9	3.849986958275463e-6	1.132387190067055e-8	1.009968838021128e-9	3.959997394783967e-5
172.0	2.2277075997479527e-8	1.672535897099139e-9	3.8499873015390695e-6	1.1323082183662061e-8	1.0105665433202249e-9	3.959997394150682e-5
173.0	2.2235927525488727e-8	1.6736430196653426e-9	3.8499869768164675e-6	1.1322109557833367e-8	1.010598280387944e-9	3.9599973601183965e-5
174.0	2.2309989693078776e-8	1.6726167869046394e-9	3.849987073027918e-6	1.1321306468817979e-8	1.0111443194292608e-9	3.9599973866989e-5
175.0	2.2332591057888985e-8	1.6740404161641707e-9	3.849986689157794e-6	1.1321124945551782e-8	1.0112763730676103e-9	3.959997361085887e-5
176.0	2.2271242565435503e-8	1.6737332818738986e-9	3.8499865839118984e-6	1.1320503693800437e-8	1.0111142164764836e-9	3.959997387990441e-5
177.0	2.222744432520341e-8	1.6742852195794194e-9	3.849985835148509e-6	1.1322474960431502e-8	1.0111225475290466e-9	3.95999737827953e-5
178.0	2.2271755192562763e-8	1.6732121805628113e-9	3.8499867640835634e-6	1.1322560059366364e-8	1.0103986000215335e-9	3.959997397897945e-5
179.0	2.2354019727779032e-8	1.6755147661303323e-9	3.849987338505239e-6	1.1324133054666474e-8	1.010602124869084e-9	3.959997388550308e-5
180.0	2.227364143124394e-8	1.6745604043904e-9	3.849986988419382e-6	1.1325514744228878e-8	1.0100895298885434e-9	3.9599974197418554e-5
181.0	2.223263051497658e-8	1.6724443113497276e-9	3.849987239101501e-6	1.1325618335663737e-8	1.010135836858553e-9	3.959997390849558e-5
182.0	2.2257992564613436e-8	1.6748780474728889e-9	3.8499865250731825e-6	1.1326736959919352e-8	1.009923436337621e-9	3.959997404370853e-5
183.0	2.2304122519388892e-8	1.671914730337458e-9	3.849986004595458e-6	1.1327073848581679e-8	1.0095007728786803e-9	3.9599973735109476e-5
184.0	2.2262556229196342e-8	1.6746829632439714e-9	3.8499862098839134e-6	1.1325500961614718e-8	1.0095318593960603e-9	3.959997392402959e-5
185.0	2.223404901670287e-8	1.6742393169745264e-9	3.849987090830959e-6	1.1325821985139687e-8	1.0089762575341318e-9	3.959997378475281e-5
186.0	2.2300528960351262e-8	1.674081445207409e-9	3.849987832168663e-6	1.1323220355553067e-8	1.0093604782367899e-9	3.959997402495895e-5
187.0	2.2302521737452938e-8	1.675657097250055e-9	3.849987310425848e-6	1.1322984882664242e-8	1.0090144650096806e-9	3.9599973885769966e-5
188.0	2.2237937538133935e-8	1.6744975330389999e-9	3.849986868422764e-6	1.132130850388556e-8	1.0094403506520784e-9	3.959997421380184e-5
189.0	2.2202764211633436e-8	1.6746442771269947e-9	3.849986021967797e-6	1.1321154106323065e-8	1.0092380408327797e-9	3.959997391533651e-5
190.0	2.234860537283249e-8	1.674679199047355e-9	3.849986415677151e-6	1.1321337848746115e-8	1.0092642560967324e-9	3.959997440300563e-5
191.0	2.235809378213155e-8	1.6752742180454393e-9	3.849987312588925e-6	1.1321949666301475e-8	1.0095636508524813e-9	3.959997420399484e-5
192.0	2.224025256620176e-8	1.6751719068685375e-9	3.849987077700117e-6	1.1322728651552555e-8	1.009418056513723e-9	3.959997478708536e-5
193.0	2.219100086383296e-8	1.6748449242615522e-9	3.8499870498273914e-6	1.1324444434394162e-8	1.0098475918889496e-9	3.9599974605011764e-5
194.0	2.231284200229805e-8	1.6763336276159252e-9	3.849987160432539e-6	1.1325437650335442e-8	1.0096979461118447e-9	3.959997481953078e-5
195.0	2.2395630412105708e-8	1.6758911461537392e-9	3.849986456382421e-6	1.1326735507113357e-8	1.0101220782315428e-9	3.959997466490793e-5
196.0	2.2294970818349545e-8	1.6749214520477864e-9	3.8499860058648015e-6	1.132772513409841e-8	1.009972933641599e-9	3.959997466016877e-5
197.0	2.2179606906635593e-8	1.6748234024771361e-9	3.8499866202493976e-6	1.1326810336853502e-8	1.0100228514903417e-9	3.9599974702666043e-5
198.0	2.2276116712547386e-8	1.6752853891603997e-9	3.849987169893541e-6	1.132727873297181e-8	1.0102046592245264e-9	3.959997463957975e-5
199.0	2.2346917624463326e-8	1.6732324857775426e-9	3.849986705808318e-6	1.1324506019247418e-8	1.0098819442680445e-9	3.959997478164664e-5
200.0	2.2326381423012654e-8	1.676497474346689e-9	3.849986399931742e-6	1.132424951604564e-8	1.0104418806324654e-9	3.959997462694146e-5
201.0	2.2227936304780677e-8	1.6761620585505968e-9	3.8499866982143385e-6	1.1322445975615348e-8	1.0100733240658368e-9	3.9599975023306476e-5
202.0	2.2253520390953157e-8	1.6760792112582142e-9	3.849986835479613e-6	1.132174193065517e-8	1.0107345744003037e-9	3.959997469488735e-5
203.0	2.2314190961100166e-8	1.6765102022940873e-9	3.8499863681614336e-6	1.1319322792842124e-8	1.010496387379512e-9	3.959997520578529e-5
204.0	2.227266162655063e-8	1.6758643788146683e-9	3.849987259834405e-6	1.1319362301694837e-8	1.010532642312789e-9	3.959997469789913e-5
205.0	2.227388507871278e-8	1.6759145354354637e-9	3.849986937772992e-6	1.1317383023627234e-8	1.0104047520707853e-9	3.9599975132696316e-5
206.0	2.229853294503918e-8	1.6756654191502772e-9	3.8499867240949466e-6	1.131952993043631e-8	1.0099397070973503e-9	3.959997464261018e-5
207.0	2.2291244005206747e-8	1.677701590000821e-9	3.8499867410431975e-6	1.1319221765482248e-8	1.009971131529987e-9	3.959997486145429e-5
208.0	2.228231149398414e-8	1.6769127933122311e-9	3.849986651577492e-6	1.1322719234953878e-8	1.0095962210534358e-9	3.959997463793574e-5
209.0	2.223505329056276e-8	1.6767083933875566e-9	3.849986860871843e-6	1.1324593346813696e-8	1.0100156036912842e-9	3.959997466295233e-5
210.0	2.228837606020722e-8	1.677303404431099e-9	3.84998724083281e-6	1.132644732959889e-8	1.0100023849060538e-9	3.9599974706210585e-5
211.0	2.2355554207406756e-8	1.6769508294278432e-9	3.849986699002375e-6	1.1328363983724787e-8	1.010439169625342e-9	3.959997445198986e-5
212.0	2.2284966578432212e-8	1.6758558487572209e-9	3.84998632341861e-6	1.132816115159042e-8	1.01043510872143e-9	3.959997456466382e-5
213.0	2.2262199484106333e-8	1.6775989044772955e-9	3.849986839077175e-6	1.1328289599983036e-8	1.0103976818781024e-9	3.959997431562586e-5
214.0	2.224297105798413e-8	1.676003417050407e-9	3.849986777828847e-6	1.1326969264197307e-8	1.0101184712410915e-9	3.959997442628177e-5
215.0	2.2351124636579627e-8	1.677560102749551e-9	3.849986444894729e-6	1.1325116089725194e-8	1.0097360889146355e-9	3.959997443699198e-5
216.0	2.2366516252386174e-8	1.677154290554955e-9	3.8499869551331025e-6	1.132191141936363e-8	1.0097693592325538e-9	3.95999744203197e-5
217.0	2.2269385110419777e-8	1.6773298834196463e-9	3.849986379367129e-6	1.1319965506389387e-8	1.0093229458149507e-9	3.959997465743083e-5
218.0	2.223418668196458e-8	1.6757446136434902e-9	3.849986107236076e-6	1.1316782269330656e-8	1.0097977706203906e-9	3.959997460455982e-5
219.0	2.2303797667181757e-8	1.6784603720744945e-9	3.849986398276214e-6	1.1317609875125558e-8	1.0095438447543624e-9	3.959997481408647e-5
220.0	2.2371070165181534e-8	1.6780087970468375e-9	3.8499868201436555e-6	1.1316538996186768e-8	1.0100344419263148e-9	3.95999746202605e-5
221.0	2.233666231473064e-8	1.6784822675388731e-9	3.84998660360384e-6	1.1320641520618864e-8	1.0096911074239228e-9	3.9599974696835096e-5
222.0	2.2194577068502538e-8	1.6795884984142457e-9	3.849986949444262e-6	1.1322199804368782e-8	1.0100738533147313e-9	3.959997446347861e-5
223.0	2.2277997251262002e-8	1.6791781267072696e-9	3.849986507659331e-6	1.1325343497311498e-8	1.0098941534256763e-9	3.959997461407901e-5
224.0	2.233569971371681e-8	1.677783519238142e-9	3.849985990267613e-6	1.1327572104639525e-8	1.0099598344664649e-9	3.959997445698664e-5
225.0	2.2328691481633183e-8	1.6773150059289872e-9	3.849986150923683e-6	1.133021526705514e-8	1.0101004576490667e-9	3.959997461305487e-5
226.0	2.223945213073181e-8	1.678152142853794e-9	3.84998689196248e-6	1.1331238870296231e-8	1.00974733400322e-9	3.9599974592555237e-5
227.0	2.221585681520951e-8	1.6771381488312783e-9	3.849986407251904e-6	1.133214102307515e-8	1.0099172485620595e-9	3.95999743826149e-5
228.0	2.2323378319165398e-8	1.6781872982219866e-9	3.849986534785163e-6	1.1329985184546622e-8	1.0095607844529923e-9	3.959997439885238e-5
229.0	2.2285438717982595e-8	1.6811614294129811e-9	3.849987156597935e-6	1.1328137656944933e-8	1.0100469136918768e-9	3.9599974017771885e-5
230.0	2.2236367561101394e-8	1.6822649236202949e-9	3.8499862756834165e-6	1.1323580375872731e-8	1.009996723923359e-9	3.959997426777062e-5
231.0	2.2245685055112902e-8	1.6805006688914713e-9	3.849985427261074e-6	1.1320438075646056e-8	1.010433000805123e-9	3.959997398054079e-5
232.0	2.2286190441896807e-8	1.6804550890954503e-9	3.849986473925594e-6	1.1318051514143881e-8	1.0103953786850647e-9	3.959997427400032e-5
233.0	2.2291217115281734e-8	1.679177894191383e-9	3.8499871159458854e-6	1.1316206484217063e-8	1.0103066051948555e-9	3.959997421262883e-5
234.0	2.2213919646413525e-8	1.6783791330055632e-9	3.8499859928318655e-6	1.1317022528929851e-8	1.010087983235897e-9	3.959997425076019e-5
235.0	2.2276550141042133e-8	1.6794865140188884e-9	3.849986159978402e-6	1.1317906101054798e-8	1.0096846240259804e-9	3.9599974447445076e-5
236.0	2.2318506281197446e-8	1.6799859600903793e-9	3.849986528727384e-6	1.1320082778878563e-8	1.0099494549228062e-9	3.9599974289743804e-5
237.0	2.2283817215646996e-8	1.6806492709063456e-9	3.849985962419878e-6	1.1322975887510399e-8	1.0096982897066178e-9	3.9599974651409606e-5
238.0	2.2231802282136378e-8	1.6815073717772153e-9	3.849986318675425e-6	1.1326116868423033e-8	1.01029497662139e-9	3.959997454917568e-5
239.0	2.223314009896355e-8	1.6814087513213095e-9	3.8499867783548396e-6	1.1328760957116198e-8	1.0099235859214803e-9	3.9599974651384155e-5
240.0	2.2360874933317603e-8	1.6806670493789408e-9	3.849986532080845e-6	1.1331829946041282e-8	1.0102175304509396e-9	3.959997463476959e-5
241.0	2.232455676258588e-8	1.6804678992874232e-9	3.849985927624031e-6	1.1331031043395428e-8	1.0097159829176778e-9	3.9599974402124144e-5
242.0	2.224492661750189e-8	1.6788332991829483e-9	3.849985868787435e-6	1.1331032049253332e-8	1.0097373713462653e-9	3.959997450931272e-5
243.0	2.2248950696487234e-8	1.6798658921951949e-9	3.849985868030498e-6	1.1327122379942968e-8	1.0098273001099188e-9	3.95999741635548e-5
244.0	2.2284419778198058e-8	1.6817154260236938e-9	3.849986877697944e-6	1.1325613838297962e-8	1.0098520677719213e-9	3.959997444427357e-5
245.0	2.2370703307431985e-8	1.6827452102975567e-9	3.84998707267559e-6	1.1322004138409626e-8	1.0105722309328872e-9	3.9599974244153374e-5
246.0	2.2278489091407835e-8	1.6825626035819065e-9	3.8499861511151345e-6	1.13214236422247e-8	1.0102345647204495e-9	3.959997446153828e-5
247.0	2.223838059931266e-8	1.682284435958031e-9	3.849986040709659e-6	1.1319245459956528e-8	1.0106998312426907e-9	3.9599974307769715e-5
248.0	2.2277652210103506e-8	1.6811850870065253e-9	3.8499865221463305e-6	1.132039409599723e-8	1.0101173266773384e-9	3.959997446279521e-5
249.0	2.2296573013907838e-8	1.679948600042009e-9	3.849985945887116e-6	1.1319534845092497e-8	1.0104121160962234e-9	3.9599974557065776e-5
250.0	2.233325103891784e-8	1.6800484759314663e-9	3.849985833159683e-6	1.132237625745721e-8	1.0101995557125353e-9	3.95999747101329e-5
251.0	2.2277152734949306e-8	1.68129166200106e-9	3.849986751485279e-6	1.1322971507578548e-8	1.010146493928829e-9	3.959997498931806e-5
252.0	2.226272627350497e-8	1.681685144248912e-9	3.849986378557865e-6	1.132586514176764e-8	1.0105230257304798e-9	3.9599974909506414e-5
253.0	2.2291538926530193e-8	1.6829904781679838e-9	3.849986035491243e-6	1.1327274092536218e-8	1.0099532040108712e-9	3.95999751873962e-5
254.0	2.227837833222074e-8	1.6837264843697367e-9	3.849986611117825e-6	1.1327448810030563e-8	1.0105062633086874e-9	3.959997496538101e-5
255.0	2.2298760532547563e-8	1.681930740657306e-9	3.849986859205522e-6	1.1327904488417819e-8	1.009951480454871e-9	3.9599975235462425e-5
256.0	2.230256604174399e-8	1.681872309338355e-9	3.849985602608854e-6	1.1324399780196209e-8	1.0102702279685173e-9	3.959997501114013e-5
257.0	2.22801133269244e-8	1.6814588913845237e-9	3.8499854610910815e-6	1.1323941382525691e-8	1.0100265348400293e-9	3.959997529198787e-5
258.0	2.2291986744944325e-8	1.6810597106991793e-9	3.849986111775308e-6	1.1320413388237223e-8	1.0098833260385836e-9	3.959997495774884e-5
259.0	2.2266664102882798e-8	1.682368867705351e-9	3.849986269736859e-6	1.1321848386992807e-8	1.0098541813815041e-9	3.9599975154412655e-5
260.0	2.2299517485582213e-8	1.684404691734745e-9	3.84998658007632e-6	1.1319848400877319e-8	1.0094277465717218e-9	3.959997468154455e-5
261.0	2.2308707506466685e-8	1.6844481339469492e-9	3.8499873791998825e-6	1.1323509574680802e-8	1.0096310987189591e-9	3.959997483035101e-5
262.0	2.2316277113081256e-8	1.6839973760413465e-9	3.849986082382661e-6	1.132211803960317e-8	1.009245151376462e-9	3.959997451796139e-5
263.0	2.2250295476507274e-8	1.6839274564921345e-9	3.8499855669390655e-6	1.1327737723194599e-8	1.0095882208709878e-9	3.9599974544586283e-5
264.0	2.227154167485398e-8	1.6813310260890558e-9	3.849985825324677e-6	1.1326890607314708e-8	1.009453245181466e-9	3.9599974485266676e-5
265.0	2.2326701068688336e-8	1.6808938692213534e-9	3.849986117130827e-6	1.1332018054897705e-8	1.009581282742114e-9	3.959997442339498e-5
266.0	2.233756995596803e-8	1.6817757272867487e-9	3.849986796153353e-6	1.1331144951114636e-8	1.0097093766048113e-9	3.9599974464234014e-5
267.0	2.228516961625079e-8	1.6817917322579447e-9	3.849987018955989e-6	1.1332359188733066e-8	1.0096226746779344e-9	3.9599974369854615e-5
268.0	2.2237824638096624e-8	1.6831362855658397e-9	3.849986317810077e-6	1.1330014791907402e-8	1.0098266902622086e-9	3.9599974397352184e-5
269.0	2.230207807787017e-8	1.684589484595312e-9	3.849985749111575e-6	1.1327597030868507e-8	1.009839660563944e-9	3.9599974384616996e-5
270.0	2.234132264632156e-8	1.6855023586407925e-9	3.849986311896964e-6	1.1324421407295129e-8	1.0100284770533535e-9	3.959997431432316e-5
271.0	2.2311744978764546e-8	1.6841221653118742e-9	3.849986291812855e-6	1.1320114678010376e-8	1.0102225116883218e-9	3.959997426104954e-5
272.0	2.2238291581014214e-8	1.6835002681582904e-9	3.849986289290287e-6	1.131961232531711e-8	1.0102783231928929e-9	3.959997408385721e-5
273.0	2.229281756143253e-8	1.6833041434305961e-9	3.849986836656536e-6	1.1315656995875133e-8	1.010597998213723e-9	3.9599973930570555e-5
274.0	2.2318294516675866e-8	1.6812276147394245e-9	3.849986095176779e-6	1.1318954084987834e-8	1.0106008894923285e-9	3.9599973691209385e-5
275.0	2.231685789720884e-8	1.6817193663052379e-9	3.849985217065977e-6	1.1316494317001414e-8	1.0108845200875548e-9	3.959997344359775e-5
276.0	2.2260534343907593e-8	1.685360840613004e-9	3.849985864594487e-6	1.132295839166031e-8	1.010935878531042e-9	3.959997350621531e-5
277.0	2.227293221599868e-8	1.6855700226713038e-9	3.849986533077292e-6	1.1322021078137963e-8	1.0109458483644609e-9	3.9599973227644855e-5
278.0	2.233131772549933e-8	1.6852379492848492e-9	3.849986200478321e-6	1.1329284071148962e-8	1.0111646809525136e-9	3.959997351969353e-5
279.0	2.2282530766640174e-8	1.6862142597042195e-9	3.84998611890328e-6	1.1328510898120735e-8	1.0109564409935494e-9	3.959997345892197e-5
280.0	2.2276764301678754e-8	1.6835160345639145e-9	3.849986298025264e-6	1.1332848497175206e-8	1.0111584337397351e-9	3.9599973859570444e-5
281.0	2.2275537044222206e-8	1.6821575222176274e-9	3.849985746195585e-6	1.133017208330507e-8	1.0109185286466925e-9	3.9599973962136e-5
282.0	2.2309640110573723e-8	1.6820799205037215e-9	3.849985359924026e-6	1.1331437187759774e-8	1.0109796527719964e-9	3.959997428577507e-5
283.0	2.231041290061196e-8	1.6820813241993293e-9	3.849986028942429e-6	1.132678254456002e-8	1.0107759779574987e-9	3.959997419890938e-5
284.0	2.226974342125485e-8	1.6849876898643629e-9	3.8499862214079305e-6	1.1325476451242423e-8	1.0105878066300406e-9	3.959997432954789e-5
285.0	2.2276569854724698e-8	1.6857723947506033e-9	3.849986398933449e-6	1.1322478654104457e-8	1.0105916015017191e-9	3.959997404234852e-5
286.0	2.2311863617585156e-8	1.6878162795761494e-9	3.849986164263238e-6	1.1319607835897583e-8	1.0103232991080045e-9	3.959997415409061e-5
287.0	2.231121283616281e-8	1.6863276266047887e-9	3.849986896681484e-6	1.132078268077259e-8	1.0104985015778356e-9	3.959997392191023e-5
288.0	2.2308202298751775e-8	1.6868227688536723e-9	3.849986805408481e-6	1.1318755058122956e-8	1.010120763461565e-9	3.959997407972089e-5
289.0	2.2282603000682127e-8	1.6842631559541518e-9	3.849986272126873e-6	1.1323429040419477e-8	1.0102844627375978e-9	3.959997419751079e-5
290.0	2.230008638042243e-8	1.6844673043816512e-9	3.849985649709486e-6	1.1322367628911595e-8	1.0098247543210745e-9	3.9599974337672675e-5
291.0	2.232189556338771e-8	1.6851585907748897e-9	3.849985842910329e-6	1.1327961499768922e-8	1.009819621291598e-9	3.959997464116196e-5
292.0	2.2305691535736847e-8	1.6861343374506851e-9	3.849986301949689e-6	1.1327650133489342e-8	1.0095913821814858e-9	3.959997482131042e-5
293.0	2.229374516552311e-8	1.6866612693008309e-9	3.849987006704127e-6	1.1331258344158308e-8	1.0093362423476283e-9	3.95999749405766e-5
294.0	2.229981179194946e-8	1.688428606167471e-9	3.8499873595895866e-6	1.1328650753401397e-8	1.0094572857148786e-9	3.9599975070525466e-5
295.0	2.2332862757119597e-8	1.6886995197975638e-9	3.849986695331029e-6	1.1330334205371516e-8	1.0092365279678776e-9	3.959997488766528e-5
296.0	2.232916151822154e-8	1.6869305363652621e-9	3.8499859986711176e-6	1.13252793992834e-8	1.0096722300576658e-9	3.9599975065157297e-5
297.0	2.2265036594386603e-8	1.6867795613817038e-9	3.849985188978278e-6	1.1326431600800096e-8	1.009577592189501e-9	3.959997488498652e-5
298.0	2.2304510630705298e-8	1.6856469806667552e-9	3.849985819952899e-6	1.1322465807008513e-8	1.009806614698535e-9	3.959997496549129e-5
299.0	2.2337821062136597e-8	1.6859715602088205e-9	3.849986262677524e-6	1.1322778187852416e-8	1.0099677837606092e-9	3.959997496627728e-5
300.0	2.2364734722612685e-8	1.686036765182211e-9	3.849987389819623e-6	1.1322038657828029e-8	1.0098215293914537e-9	3.9599974831573914e-5
301.0	2.228416468289471e-8	1.6858707141443994e-9	3.849987345431824e-6	1.1321834142142052e-8	1.0100823769186949e-9	3.959997488793993e-5
302.0	2.226173655305337e-8	1.6865816003045752e-9	3.849985557751269e-6	1.1324251130047332e-8	1.0098233587642476e-9	3.959997461417619e-5
303.0	2.23224120419834e-8	1.6866843722638612e-9	3.849985441956226e-6	1.1324948424537116e-8	1.0103258090468585e-9	3.959997483044745e-5
304.0	2.2372086321236674e-8	1.6873854056147275e-9	3.84998580024815e-6	1.132816252249062e-8	1.010290686611723e-9	3.9599974623345494e-5
305.0	2.2319431557476145e-8	1.6870677738387678e-9	3.8499862269049855e-6	1.1329535713529519e-8	1.0106795649421642e-9	3.959997496106592e-5
306.0	2.2277876941950873e-8	1.6874707975794146e-9	3.849986334543532e-6	1.1330964909041128e-8	1.010728270832807e-9	3.9599974771640526e-5
307.0	2.227438751611012e-8	1.687396711260415e-9	3.8499872280587166e-6	1.1329714831025713e-8	1.010702163218913e-9	3.959997503928456e-5
308.0	2.2332710141538463e-8	1.6871454292300773e-9	3.849986703264787e-6	1.1329730989384038e-8	1.0108582568451973e-9	3.9599974870755734e-5
309.0	2.2328242807774146e-8	1.6881265393646276e-9	3.849985572613387e-6	1.1325237610417817e-8	1.0105921951896939e-9	3.9599975040170814e-5
310.0	2.2303610124348828e-8	1.6888142666123156e-9	3.849985814648885e-6	1.132542878452153e-8	1.0107258092100285e-9	3.959997490731171e-5
311.0	2.2322931450433336e-8	1.688597716399965e-9	3.849986404121089e-6	1.132108254053269e-8	1.0105790834564218e-9	3.959997494225407e-5
312.0	2.228357061437204e-8	1.689244517870983e-9	3.849986329781975e-6	1.1321605059501812e-8	1.0103818382057184e-9	3.9599974694767244e-5
313.0	2.2303058741373098e-8	1.6886392716750177e-9	3.849986584943894e-6	1.131996385554889e-8	1.0103889699501616e-9	3.959997468458737e-5
314.0	2.231073654856626e-8	1.6888641012905818e-9	3.849986131114679e-6	1.1321034161989474e-8	1.0099327350336401e-9	3.95999744476148e-5
315.0	2.2367225660991584e-8	1.6885885497477476e-9	3.849986770511921e-6	1.132185206994085e-8	1.010112139772374e-9	3.959997437088624e-5
316.0	2.2353071939573713e-8	1.6886174221216072e-9	3.849986405861512e-6	1.1325180897530515e-8	1.0098170362421362e-9	3.95999743790112e-5
317.0	2.2265719342161436e-8	1.6867391316127596e-9	3.849986019424051e-6	1.1325913283492298e-8	1.010014894278971e-9	3.959997419140865e-5
318.0	2.228886294840187e-8	1.6889096442361929e-9	3.849985753260774e-6	1.1330195660256848e-8	1.0099026157240853e-9	3.959997450201533e-5
319.0	2.233442023878306e-8	1.6896468923240711e-9	3.8499867237731045e-6	1.1329554947647211e-8	1.0097383876363417e-9	3.959997401345596e-5
320.0	2.2371525680705112e-8	1.6908132212148586e-9	3.849985834056875e-6	1.1331815955808878e-8	1.0097776676897056e-9	3.95999744624049e-5
321.0	2.2325548814861007e-8	1.6916953924145479e-9	3.8499868838309626e-6	1.1330775695072151e-8	1.0095149158859932e-9	3.959997390680517e-5
322.0	2.2271296791019935e-8	1.6921905203580612e-9	3.849986901800771e-6	1.1329024043926528e-8	1.00966462570275e-9	3.9599974450969966e-5
323.0	2.2293960529958735e-8	1.6906774432048968e-9	3.849986512047294e-6	1.1328292849058227e-8	1.0097620760792652e-9	3.9599974161627496e-5
324.0	2.2330507096155645e-8	1.689848800042245e-9	3.849985912445872e-6	1.1325134936601408e-8	1.010027844674673e-9	3.959997457217429e-5
325.0	2.232225579471831e-8	1.6897835970861294e-9	3.84998622966307e-6	1.1323979483157208e-8	1.0102765912900004e-9	3.9599974582136284e-5
326.0	2.236697214498174e-8	1.689047687029298e-9	3.849986153680249e-6	1.1321989359698156e-8	1.010382603179923e-9	3.9599974696078336e-5
327.0	2.2301863841049648e-8	1.6895549379554894e-9	3.849986606414765e-6	1.1320920282348211e-8	1.01049892438084e-9	3.959997473131699e-5
328.0	2.228457962226875e-8	1.6919182580350875e-9	3.849987287118446e-6	1.1320354517835311e-8	1.0103422988868293e-9	3.9599974534237364e-5
329.0	2.2293730595409923e-8	1.6920730824234227e-9	3.849985998466307e-6	1.132174325007618e-8	1.0103102632138305e-9	3.9599974457337946e-5
330.0	2.2351140314319717e-8	1.6935949235606936e-9	3.849986135933154e-6	1.1321001957070994e-8	1.0101594671999499e-9	3.9599974224350055e-5
331.0	2.2398895003807708e-8	1.6927605279807189e-9	3.84998654592106e-6	1.1326966425643785e-8	1.010290106975258e-9	3.9599974158018634e-5
332.0	2.2287064965286767e-8	1.692277466322633e-9	3.849986115302285e-6	1.132567681734842e-8	1.010269895973862e-9	3.959997388290549e-5
333.0	2.2279664178246725e-8	1.6902817513752748e-9	3.849985822736741e-6	1.1331118386376698e-8	1.0104091162602065e-9	3.95999739075992e-5
334.0	2.2306740189723766e-8	1.688390552500976e-9	3.849986511452667e-6	1.1329937113487194e-8	1.0105052816361677e-9	3.9599973665897763e-5
335.0	2.2379767022111108e-8	1.6901825305862036e-9	3.849986588026695e-6	1.1332240119553589e-8	1.010526091863933e-9	3.959997373639497e-5
336.0	2.2334710894696578e-8	1.6902498417570869e-9	3.84998617767818e-6	1.1330830440847406e-8	1.0105292132002923e-9	3.959997367948007e-5
337.0	2.228575176330409e-8	1.6914164481762093e-9	3.849986230046338e-6	1.1330370685554e-8	1.0103258356927647e-9	3.9599973881213274e-5
338.0	2.2312755059474343e-8	1.6917651392192152e-9	3.849986630153588e-6	1.1328259819330432e-8	1.0102933175204731e-9	3.9599974086946505e-5
339.0	2.2317924618796777e-8	1.694041074319112e-9	3.849985831121708e-6	1.1326349048206028e-8	1.0101127045110716e-9	3.9599974344783056e-5
340.0	2.2346371454556125e-8	1.6937672139635284e-9	3.849986258163134e-6	1.1323702653946652e-8	1.0101285696366429e-9	3.959997467769954e-5
341.0	2.229756141544919e-8	1.691631171214593e-9	3.849986233477729e-6	1.1322068804589136e-8	1.0102437008729946e-9	3.959997473349456e-5
342.0	2.234977974580556e-8	1.6930352281365875e-9	3.849986758828295e-6	1.1321273368578312e-8	1.0101932205978345e-9	3.959997486941677e-5
343.0	2.233951191165957e-8	1.6915107396293986e-9	3.849986776682732e-6	1.1320092106233482e-8	1.010536979683781e-9	3.959997470814019e-5
344.0	2.231584330084607e-8	1.6914697759090935e-9	3.84998639420857e-6	1.1322852030209682e-8	1.0102160142320033e-9	3.959997470464445e-5
345.0	2.231900268268092e-8	1.6932677247159865e-9	3.849986159337755e-6	1.1322198135977766e-8	1.0105309848429029e-9	3.9599974626149925e-5
346.0	2.2353893794394788e-8	1.6924126424935876e-9	3.849986624761673e-6	1.1326886142015044e-8	1.0102555978008202e-9	3.959997451631424e-5
347.0	2.234600411089089e-8	1.6944289640588092e-9	3.849986606073072e-6	1.1326091979314292e-8	1.0102648837014223e-9	3.959997462277018e-5
348.0	2.2325027205259037e-8	1.6931522155495022e-9	3.849985842876544e-6	1.1330421687079414e-8	1.010126155068544e-9	3.959997433739318e-5
349.0	2.2295776497953403e-8	1.693645346382874e-9	3.849986283915199e-6	1.1329641264532975e-8	1.009890971560631e-9	3.959997457939353e-5
350.0	2.2367457480241672e-8	1.6933756122826077e-9	3.849986452434892e-6	1.1331936677410715e-8	1.010136392016163e-9	3.959997429898925e-5
351.0	2.2363779118515305e-8	1.6918461815943098e-9	3.849986246418559e-6	1.1329438601000527e-8	1.0100532943213595e-9	3.959997462047085e-5
352.0	2.2305539131095395e-8	1.692915372120865e-9	3.849986302830303e-6	1.1329999683031347e-8	1.010600710208715e-9	3.959997456727709e-5
353.0	2.2322499830101165e-8	1.6907168209555068e-9	3.849986908378283e-6	1.1326456253449438e-8	1.0104726375110376e-9	3.959997484858087e-5
354.0	2.2339795357831085e-8	1.692301915712644e-9	3.849986125158812e-6	1.1325821615579594e-8	1.0105054064945414e-9	3.95999747445721e-5
355.0	2.2376656799858104e-8	1.6929902312852105e-9	3.849986071732738e-6	1.1322832329020033e-8	1.0103372555554625e-9	3.9599974757292465e-5
356.0	2.2324173074492962e-8	1.6935801490610509e-9	3.84998662095008e-6	1.1322099192630653e-8	1.0098495906843501e-9	3.959997466634521e-5
357.0	2.2294126627777087e-8	1.694149308530097e-9	3.849986772945191e-6	1.1321864466412484e-8	1.0101231048719164e-9	3.9599974537425874e-5
358.0	2.233403893824359e-8	1.6956379216998547e-9	3.849986072107617e-6	1.132242732687884e-8	1.0097594778154784e-9	3.9599974626428043e-5
359.0	2.233354480354403e-8	1.6936986564225463e-9	3.849987055772612e-6	1.1324672241072484e-8	1.0104309060942532e-9	3.959997441948691e-5
360.0	2.234019769188556e-8	1.694974630033883e-9	3.849986059183965e-6	1.1325868797246226e-8	1.0102049455095125e-9	3.9599974668869415e-5
361.0	2.2328966757228278e-8	1.6935954776229248e-9	3.849986713334962e-6	1.1329066056880993e-8	1.0106432069234423e-9	3.9599974166835285e-5
362.0	2.2310676905521065e-8	1.6936959153179217e-9	3.849986634562868e-6	1.1329318338120841e-8	1.0104166791363616e-9	3.9599974529281686e-5
363.0	2.2331475191373217e-8	1.6926883222042523e-9	3.849987029171221e-6	1.1331314384308708e-8	1.0104514852746412e-9	3.959997386482098e-5
364.0	2.2304680667803585e-8	1.693986368024321e-9	3.849986440728615e-6	1.1328717397208065e-8	1.0105584134570794e-9	3.9599974372779975e-5
365.0	2.2340407525797397e-8	1.6956968556836253e-9	3.849986476069304e-6	1.1329537799594032e-8	1.010194620284622e-9	3.959997391108284e-5
366.0	2.237365904831587e-8	1.6940387341136701e-9	3.849986696300743e-6	1.1325382524046961e-8	1.0105472137842044e-9	3.9599974303249385e-5
367.0	2.2307184341266337e-8	1.6959388910637572e-9	3.849986343029626e-6	1.1325163816170646e-8	1.0100533441171207e-9	3.9599974084552566e-5
368.0	2.2314623424943185e-8	1.6956609407555674e-9	3.849986198024363e-6	1.132176865824784e-8	1.010444824159733e-9	3.959997428160097e-5
369.0	2.2302608387795058e-8	1.695216482870064e-9	3.849986240662451e-6	1.1322175491534635e-8	1.0102065038701404e-9	3.959997423795055e-5
370.0	2.2373128291944072e-8	1.6950883862509168e-9	3.849986674665341e-6	1.1321507624403194e-8	1.0103341549607635e-9	3.959997419621378e-5
371.0	2.2380329705268426e-8	1.6957458636880669e-9	3.849986940111341e-6	1.132295404116046e-8	1.0104515118234608e-9	3.95999741859449e-5
372.0	2.230012171665477e-8	1.6938119616951572e-9	3.849986483293684e-6	1.1324753172896861e-8	1.0102900682506515e-9	3.959997399392421e-5
373.0	2.231919916865438e-8	1.6941058798115038e-9	3.8499867814800955e-6	1.1327210815307019e-8	1.0104316162208206e-9	3.959997416982187e-5
374.0	2.233336730925098e-8	1.695137048621799e-9	3.849985913573115e-6	1.1329454535465868e-8	1.0100495763104304e-9	3.95999738585315e-5
375.0	2.2357954468094593e-8	1.693928483306093e-9	3.849985890910312e-6	1.1331191270111823e-8	1.0101587164706075e-9	3.959997417406804e-5
376.0	2.235317213812539e-8	1.6958486930977898e-9	3.8499859219095334e-6	1.1332639915031155e-8	1.0097833133174309e-9	3.959997384637791e-5
377.0	2.2324554256034836e-8	1.695464022479023e-9	3.849987119023732e-6	1.1331472893048878e-8	1.010144144746188e-9	3.9599974077498245e-5
378.0	2.234027206492928e-8	1.695774198290395e-9	3.849986661500268e-6	1.1331940397723626e-8	1.0098823729969732e-9	3.959997379976376e-5
379.0	2.2327336669726743e-8	1.694717471812484e-9	3.849986718466382e-6	1.1327847547398136e-8	1.0101799189814728e-9	3.959997403087098e-5
380.0	2.2343241697876157e-8	1.6954925253854024e-9	3.849986961155592e-6	1.1327689464026437e-8	1.010231135982572e-9	3.959997389281991e-5
381.0	2.237664987784799e-8	1.695485768483687e-9	3.849986369409889e-6	1.1323030705749082e-8	1.0100712489391208e-9	3.959997402935985e-5
382.0	2.235925505394093e-8	1.695714478161852e-9	3.849986144710865e-6	1.1323387483251496e-8	1.0102072240188105e-9	3.959997395673249e-5
383.0	2.2328216289460463e-8	1.6977215475046545e-9	3.84998657382265e-6	1.13213513680802e-8	1.0101230148454571e-9	3.95999740718305e-5
384.0	2.2306911808112757e-8	1.6966430560258217e-9	3.849986270438532e-6	1.132261815681932e-8	1.0102399374567136e-9	3.959997403775531e-5
385.0	2.2372880308887888e-8	1.6972209476489721e-9	3.849986438735879e-6	1.1323104125780505e-8	1.0104248844055194e-9	3.959997426015936e-5
386.0	2.2375492848614333e-8	1.6972210354928566e-9	3.849987422945584e-6	1.1325705429426739e-8	1.0106821921076584e-9	3.959997408776486e-5
387.0	2.2343742584226002e-8	1.6962047388762857e-9	3.849986819257231e-6	1.1326668544225716e-8	1.0108718963208632e-9	3.9599974499492655e-5
388.0	2.2323348471888986e-8	1.6940460035696782e-9	3.849986478284028e-6	1.1328332085002577e-8	1.0110268613336975e-9	3.959997418746071e-5
389.0	2.2353683923270787e-8	1.6948529600261116e-9	3.849986510168366e-6	1.1329477385911873e-8	1.0108816913380722e-9	3.959997442863365e-5
390.0	2.2400540322277013e-8	1.6975036448214681e-9	3.849986050616544e-6	1.1329025630815762e-8	1.0109153119076084e-9	3.959997429944431e-5
391.0	2.233851587123851e-8	1.6961356769307123e-9	3.849986131945494e-6	1.1329818304716903e-8	1.0105899727183186e-9	3.959997423250967e-5
392.0	2.232272094741235e-8	1.6977281042264451e-9	3.849987440474262e-6	1.1326824853451691e-8	1.0106287983454869e-9	3.9599974322167913e-5
393.0	2.235120871310758e-8	1.6990335389990957e-9	3.849986536142121e-6	1.1326822599581083e-8	1.010563213955419e-9	3.9599974176725946e-5
394.0	2.2379128327923997e-8	1.6971408629965121e-9	3.849986176379026e-6	1.1324173469446905e-8	1.0105773975351739e-9	3.959997430153919e-5
395.0	2.2346024801765715e-8	1.6990991442530624e-9	3.849986165401988e-6	1.132469170579485e-8	1.0108026414990033e-9	3.959997422177372e-5
396.0	2.232817936337045e-8	1.6971864357308033e-9	3.8499866685535935e-6	1.1324415823799251e-8	1.0105317152795572e-9	3.9599974178482984e-5
397.0	2.2345435636406362e-8	1.6974223022486864e-9	3.849985863574552e-6	1.1325415413565844e-8	1.0110577124432588e-9	3.959997433099743e-5
398.0	2.2387132704783458e-8	1.6979633253330653e-9	3.849987239643958e-6	1.1325674675124257e-8	1.0106656994836845e-9	3.9599974172021986e-5
399.0	2.2331666788630982e-8	1.6974825907358652e-9	3.849986805164261e-6	1.1327397206588752e-8	1.0108856564568303e-9	3.9599974326876515e-5
400.0	2.234090782800335e-8	1.6979873730165409e-9	3.849985910728402e-6	1.1327904838210541e-8	1.010664157692643e-9	3.959997435572132e-5
401.0	2.2362587682127227e-8	1.6984105379969018e-9	3.849986285711262e-6	1.1328685603631335e-8	1.0104794623120158e-9	3.959997417091061e-5
402.0	2.2353307773037552e-8	1.6993223254373478e-9	3.849986696998559e-6	1.1329791092207787e-8	1.0105033746130511e-9	3.9599974521021224e-5
403.0	2.2351206500370836e-8	1.6970493418140582e-9	3.84998685887027e-6	1.132809182566665e-8	1.0100392569600519e-9	3.9599974204043924e-5
404.0	2.2328060872028485e-8	1.6991387955583776e-9	3.849986348504214e-6	1.1328725330985589e-8	1.0105795711333933e-9	3.959997472449465e-5
405.0	2.2375679304813913e-8	1.6986439218724783e-9	3.849986985018207e-6	1.1325013767564685e-8	1.0103205173338556e-9	3.95999744399398e-5
406.0	2.2377306968415982e-8	1.6988684178186773e-9	3.849985937617098e-6	1.1325328265124812e-8	1.010766421147095e-9	3.95999747013938e-5
407.0	2.2335697389655916e-8	1.69805280385431e-9	3.849986156312167e-6	1.1323102276518172e-8	1.0107805548684675e-9	3.9599974471872896e-5
408.0	2.2330275737055394e-8	1.6989346581466823e-9	3.849986526605621e-6	1.1324027105246608e-8	1.0107766983379916e-9	3.959997450715276e-5
409.0	2.2340658332061504e-8	1.6990060699032598e-9	3.849986726637808e-6	1.132478123764892e-8	1.0108473972846527e-9	3.959997437546551e-5
410.0	2.2383761038737785e-8	1.6986904069320698e-9	3.849986305283652e-6	1.1326471358761258e-8	1.0104515291189366e-9	3.959997439749573e-5
411.0	2.2358562402775563e-8	1.7001363708039197e-9	3.8499868195828935e-6	1.1327899547423576e-8	1.0105145986460014e-9	3.9599974179721387e-5
412.0	2.232360754941951e-8	1.6995048136988968e-9	3.849986031869792e-6	1.1329614340694913e-8	1.010054932417217e-9	3.959997429803962e-5
413.0	2.2340934427922723e-8	1.69897819543918e-9	3.8499858878533016e-6	1.1330571963929487e-8	1.0102683524467065e-9	3.959997421302716e-5
414.0	2.2347703383559597e-8	1.700391151112412e-9	3.849986405747409e-6	1.1331193099152679e-8	1.010170243259924e-9	3.959997427474179e-5
415.0	2.2384001252785648e-8	1.6985501767367173e-9	3.8499870120774615e-6	1.1331772416468438e-8	1.0103411951526592e-9	3.959997443049982e-5
416.0	2.2358096526542797e-8	1.699291658955464e-9	3.849986615599379e-6	1.1329487187920921e-8	1.010450809372566e-9	3.959997416777293e-5
417.0	2.234514788118076e-8	1.700136237976498e-9	3.84998682299278e-6	1.1329307743148047e-8	1.0105264239973598e-9	3.959997442900008e-5
418.0	2.235648321592517e-8	1.700160374572161e-9	3.849986844728701e-6	1.132397155218075e-8	1.0104930751510705e-9	3.9599973798682314e-5
419.0	2.2347734021584088e-8	1.700496091355126e-9	3.849986248283007e-6	1.1323558878053415e-8	1.0104712954950595e-9	3.9599974136684645e-5
420.0	2.2374071206343888e-8	1.7011476536299406e-9	3.849986331240662e-6	1.131984710079089e-8	1.0105950813099662e-9	3.9599973484674915e-5
421.0	2.2373889838227977e-8	1.700808641277335e-9	3.84998657601876e-6	1.1320076119583432e-8	1.0105333276494569e-9	3.9599973975964216e-5
422.0	2.2351858374238087e-8	1.6988943595433054e-9	3.849986696361118e-6	1.1320648440647116e-8	1.0107458787381983e-9	3.959997364301592e-5
423.0	2.2357046380930722e-8	1.6997417625708322e-9	3.849986537317296e-6	1.1322832293579083e-8	1.0107463529131011e-9	3.959997401115647e-5
424.0	2.23513136693971e-8	1.7009568935135256e-9	3.849986860189664e-6	1.132578931068061e-8	1.0110694385690316e-9	3.9599974066791275e-5
425.0	2.2381488978120015e-8	1.7010557599069952e-9	3.84998696558919e-6	1.1328753140812674e-8	1.0109335687629753e-9	3.9599974236396354e-5
426.0	2.2392916532562516e-8	1.7024010996568273e-9	3.849986382756728e-6	1.1331134845055845e-8	1.0110383864898313e-9	3.9599974468514376e-5
427.0	2.2343119604420862e-8	1.7022357606967554e-9	3.849986372099846e-6	1.1332895268854141e-8	1.0108838491584228e-9	3.959997413330775e-5
428.0	2.235548853081344e-8	1.702103043576803e-9	3.8499862279331056e-6	1.1333029191577575e-8	1.0107165728193647e-9	3.959997434429008e-5
429.0	2.2358758038549906e-8	1.700552500536329e-9	3.84998655291399e-6	1.13317664732815e-8	1.0108321683578453e-9	3.9599973704609595e-5
430.0	2.24082589779058e-8	1.7005916645792824e-9	3.849986740704049e-6	1.133064889929107e-8	1.0106414017189406e-9	3.959997388432138e-5
431.0	2.2377478490022496e-8	1.700849661562321e-9	3.849987085868659e-6	1.1326879721947364e-8	1.0110824195031467e-9	3.9599973391556294e-5
432.0	2.234730530728985e-8	1.6996395790260405e-9	3.849987116835271e-6	1.1325470938347777e-8	1.0109523012698372e-9	3.959997357531694e-5
433.0	2.2357567770299116e-8	1.7013994801304452e-9	3.849986268902142e-6	1.132281596303099e-8	1.0111802888710605e-9	3.959997333039196e-5
434.0	2.2370729073441626e-8	1.7029522212538964e-9	3.8499862299521145e-6	1.1321677589635095e-8	1.0109686361615232e-9	3.959997336175362e-5
435.0	2.2385043391673314e-8	1.7036951173238178e-9	3.849986544888313e-6	1.1321343894967122e-8	1.0108579822515224e-9	3.95999735008326e-5
436.0	2.2370047365546015e-8	1.7026456480187492e-9	3.849986870635814e-6	1.1321970150962726e-8	1.0109262862336874e-9	3.9599973500162947e-5
437.0	2.236023565400933e-8	1.70294265732628e-9	3.849987122767292e-6	1.1323449025894478e-8	1.0106346982544248e-9	3.9599973932224194e-5
438.0	2.2365806975306347e-8	1.7017397259876649e-9	3.849987096689037e-6	1.1325853178242653e-8	1.0107655465811064e-9	3.9599974017102214e-5
439.0	2.234853350677514e-8	1.7027531429641147e-9	3.849986174286496e-6	1.1327396939953029e-8	1.010394652737767e-9	3.959997449217208e-5
440.0	2.23774036334346e-8	1.7033549765158857e-9	3.849986263689322e-6	1.1329556534666892e-8	1.0104507910033208e-9	3.9599974429329155e-5
441.0	2.2392667458149454e-8	1.7047155527616867e-9	3.849986727462964e-6	1.1329604967992469e-8	1.0102905774796222e-9	3.959997459170665e-5
442.0	2.2358126098372624e-8	1.7050198715567535e-9	3.849986357596826e-6	1.133084882633458e-8	1.0105753819096016e-9	3.959997460675105e-5
443.0	2.232618291898966e-8	1.7036730433703227e-9	3.849987245893391e-6	1.1329323925606887e-8	1.0108450016829005e-9	3.959997448357487e-5
444.0	2.235530700195477e-8	1.7048321845931799e-9	3.849987195867018e-6	1.1329171669359324e-8	1.0109859030023122e-9	3.9599974505097445e-5
445.0	2.240657433770841e-8	1.7026575576586236e-9	3.8499863373302195e-6	1.1326622539630701e-8	1.011181087084653e-9	3.959997417999989e-5
446.0	2.2386813357320694e-8	1.7022498870801425e-9	3.849985999683999e-6	1.1327253786592318e-8	1.0109002979208923e-9	3.959997427347644e-5
447.0	2.23287060414239e-8	1.7028033856235885e-9	3.849986701829847e-6	1.1324880525311752e-8	1.0109522981300726e-9	3.95999737958363e-5
448.0	2.2336263331844963e-8	1.704368880885074e-9	3.849986916814821e-6	1.1326018153034294e-8	1.0105273420585076e-9	3.9599973996314e-5
449.0	2.2391391534077326e-8	1.7053528935893385e-9	3.849986450262231e-6	1.132521745496879e-8	1.0106114739986912e-9	3.959997365320183e-5
450.0	2.2364316325083492e-8	1.7056192235778514e-9	3.849987051320306e-6	1.1326806711476809e-8	1.0106280602063934e-9	3.959997399133313e-5
451.0	2.2352381936594406e-8	1.7076837097931234e-9	3.849986789217636e-6	1.132708940539443e-8	1.0108312908867648e-9	3.9599973894484356e-5
452.0	2.234304500623373e-8	1.703369005348547e-9	3.8499863840288e-6	1.1327981659014918e-8	1.0111441702245256e-9	3.959997404678527e-5
453.0	2.238397280740311e-8	1.7041267976685511e-9	3.849986505499351e-6	1.1327937195975952e-8	1.0111641774719734e-9	3.959997417127887e-5
454.0	2.23580110686189e-8	1.7043786211507661e-9	3.8499871824393135e-6	1.1328054547567142e-8	1.0115205843346278e-9	3.959997417851457e-5
455.0	2.2347504677640853e-8	1.70454754340684e-9	3.849987059738681e-6	1.132723898959623e-8	1.0112123267285283e-9	3.959997440070849e-5
456.0	2.237417589974139e-8	1.7057173705404027e-9	3.849986723383438e-6	1.1326127865997329e-8	1.0113707277473264e-9	3.959997415999855e-5
457.0	2.239873805113246e-8	1.7068747204514403e-9	3.849987005087827e-6	1.1326340918363869e-8	1.0111033367300853e-9	3.959997439968542e-5
458.0	2.236268349920001e-8	1.7076786955643873e-9	3.849986867857418e-6	1.132356232377659e-8	1.0111039039591775e-9	3.9599974051003434e-5
459.0	2.234462242224832e-8	1.706841568372825e-9	3.849986774431853e-6	1.1326237085367744e-8	1.011234708758866e-9	3.959997437918787e-5
460.0	2.236948482569295e-8	1.7053348678328533e-9	3.849987088247433e-6	1.1323909397466983e-8	1.0111052946738165e-9	3.959997411415774e-5
461.0	2.2414864232751686e-8	1.7046534273645985e-9	3.849986898632092e-6	1.1327658748868023e-8	1.0113379256162809e-9	3.959997425156921e-5
462.0	2.2366146887451206e-8	1.704366969142662e-9	3.849986660328857e-6	1.1326160464140374e-8	1.0110262369795936e-9	3.959997396247774e-5
463.0	2.2371508770720006e-8	1.7048822915901057e-9	3.849986498687557e-6	1.1328973158657935e-8	1.0110562973202922e-9	3.959997380603081e-5
464.0	2.235596944572391e-8	1.706702661818404e-9	3.849987223312722e-6	1.1328244572835227e-8	1.0109029133998581e-9	3.959997356690743e-5
465.0	2.2397411473961462e-8	1.706907191623345e-9	3.849986787737414e-6	1.1329400862427335e-8	1.0107864005932497e-9	3.959997331706007e-5
466.0	2.2400762416465887e-8	1.7077419370039827e-9	3.849986800328868e-6	1.1328340961117922e-8	1.0109239471748675e-9	3.9599973209653577e-5
467.0	2.234908466227043e-8	1.7071448817418614e-9	3.849986732501628e-6	1.1329747700006171e-8	1.0109663180532852e-9	3.959997324307011e-5
468.0	2.239454572525462e-8	1.7062083948654926e-9	3.8499862583147976e-6	1.1327451534808815e-8	1.0110657174017373e-9	3.959997326517257e-5
469.0	2.2379010108928736e-8	1.7056134846456654e-9	3.849986264676927e-6	1.1328234070889993e-8	1.010995094315076e-9	3.9599973527976534e-5
470.0	2.239430024569496e-8	1.7049518961588979e-9	3.8499869758545845e-6	1.132656096459236e-8	1.0110974840375586e-9	3.9599973530342405e-5
471.0	2.240139629568892e-8	1.7065600268044295e-9	3.849987232385715e-6	1.1325613132814782e-8	1.0109946907194631e-9	3.959997386336607e-5
472.0	2.2356067700458935e-8	1.707551826153939e-9	3.849986739125428e-6	1.1326765614598548e-8	1.0112575159615063e-9	3.9599973926934697e-5
473.0	2.2396561449495845e-8	1.7079287608649951e-9	3.849986490263046e-6	1.132478772415258e-8	1.01118283152616e-9	3.959997395878178e-5
474.0	2.2383152878500616e-8	1.708400976835773e-9	3.849986377281062e-6	1.1327408670282722e-8	1.0113706894566656e-9	3.959997408420131e-5
475.0	2.2414690946918596e-8	1.7072545631930898e-9	3.84998629562366e-6	1.1324960817644953e-8	1.0112351047119851e-9	3.95999735741368e-5
476.0	2.2379965614302272e-8	1.7061164263964167e-9	3.849987367026332e-6	1.1327273117916906e-8	1.0113969695256576e-9	3.959997384178016e-5
477.0	2.2377000862755347e-8	1.706764036768275e-9	3.849987064791629e-6	1.1325435691370467e-8	1.0113724747455977e-9	3.959997317570215e-5
478.0	2.2387302784150003e-8	1.7063372905349843e-9	3.849986648295984e-6	1.13271946768258e-8	1.011388604134742e-9	3.959997356908133e-5
479.0	2.2411150095845576e-8	1.7078321115053742e-9	3.849986706471844e-6	1.13267343231609e-8	1.0116505727210774e-9	3.9599973344516346e-5
480.0	2.240176997263375e-8	1.709788121435556e-9	3.849985907663109e-6	1.1328940002260985e-8	1.0111984712355642e-9	3.959997358176375e-5
481.0	2.236531376608308e-8	1.7083499571128338e-9	3.849986439856756e-6	1.1327659936550388e-8	1.0114824821005009e-9	3.959997370395241e-5
482.0	2.2372316970004276e-8	1.7095458582641356e-9	3.849987114628773e-6	1.132966016528962e-8	1.0108505656267965e-9	3.9599973605863795e-5
483.0	2.2407845762852862e-8	1.708333904816238e-9	3.849987508339904e-6	1.1327096998194978e-8	1.0111708172777677e-9	3.959997400226974e-5
484.0	2.2392888658446516e-8	1.7088774503285123e-9	3.8499863670064686e-6	1.1328889230423509e-8	1.0108363884546577e-9	3.959997373218615e-5
485.0	2.2390968345208223e-8	1.7061238999546923e-9	3.849986615717299e-6	1.1327075263380483e-8	1.0107430354614946e-9	3.959997422110672e-5
486.0	2.2397491994444208e-8	1.7079001255771941e-9	3.849986220903046e-6	1.1327688377628646e-8	1.0108316876713331e-9	3.9599973911777374e-5
487.0	2.2389228671828976e-8	1.709681230694202e-9	3.849986007952016e-6	1.1328460233505014e-8	1.0101518603824367e-9	3.959997407512803e-5
488.0	2.2389756376702298e-8	1.7091975691065676e-9	3.8499870207468115e-6	1.1327273625662057e-8	1.0105407240821864e-9	3.959997388045545e-5
489.0	2.2357457397928577e-8	1.7107133606363716e-9	3.849987391920209e-6	1.132845227920786e-8	1.0098309491603251e-9	3.9599973738336224e-5
490.0	2.240187445881028e-8	1.7105168471973113e-9	3.849986795381394e-6	1.1327024041352061e-8	1.0104322030230826e-9	3.959997376855353e-5
491.0	2.241871340516292e-8	1.709822844270447e-9	3.849986101504492e-6	1.1327953248292476e-8	1.0103996612704161e-9	3.959997372648838e-5
492.0	2.2364335815920754e-8	1.7088386531017758e-9	3.849986777296166e-6	1.1327618150320943e-8	1.0106725882867267e-9	3.959997397342181e-5
493.0	2.2357935652443506e-8	1.7086448941611299e-9	3.849986745927024e-6	1.1328643747052886e-8	1.0110410010637236e-9	3.959997408253334e-5
494.0	2.240128422857577e-8	1.7083364730286173e-9	3.849986583640445e-6	1.1328137779231516e-8	1.0106925804304578e-9	3.959997417786292e-5
495.0	2.2425877517584908e-8	1.7095789343081705e-9	3.849987297838508e-6	1.1329163525939685e-8	1.011153964693081e-9	3.9599974212540817e-5
496.0	2.2388735139401368e-8	1.7106663507857754e-9	3.849987160294039e-6	1.1326755132393605e-8	1.0105872027920266e-9	3.959997436389627e-5
497.0	2.23629460058222e-8	1.7102645227909764e-9	3.84998580662698e-6	1.1329042651575454e-8	1.011135617031604e-9	3.9599974212858955e-5
498.0	2.2379691022957564e-8	1.7104779377061456e-9	3.8499863241593476e-6	1.132573082953377e-8	1.0109707715964236e-9	3.959997450792149e-5
499.0	2.2440305971187773e-8	1.7108508806674292e-9	3.8499865001692865e-6	1.1328115184840308e-8	1.0111781921002925e-9	3.959997395078785e-5
500.0	2.2386860210868517e-8	1.70941061199912e-9	3.849986721132889e-6	1.1326423124568941e-8	1.0115245611831711e-9	3.959997434149568e-5
501.0	2.2391758996185244e-8	1.7104062896216653e-9	3.849987015091582e-6	1.1327150321441742e-8	1.0112477509509063e-9	3.959997370611977e-5
502.0	2.2383378945886547e-8	1.7092133153987918e-9	3.8499872434149724e-6	1.1326854756831149e-8	1.0120586829343569e-9	3.959997407061099e-5
503.0	2.241338971786788e-8	1.7101195257270882e-9	3.849986457306428e-6	1.1326827341514437e-8	1.0115997763627036e-9	3.9599973798753736e-5
504.0	2.2387732842624917e-8	1.711369740825005e-9	3.849985964109546e-6	1.1326811858900491e-8	1.0119962816222397e-9	3.959997391492993e-5
505.0	2.2392911488885903e-8	1.7110089182702824e-9	3.849985891509088e-6	1.1327597962495874e-8	1.0117809011174611e-9	3.959997409166839e-5
506.0	2.2408956064521307e-8	1.7117352846970783e-9	3.849985981608764e-6	1.1326612923300818e-8	1.0113342146967855e-9	3.9599973853046176e-5
507.0	2.239740557756798e-8	1.7121539248145076e-9	3.849986777839592e-6	1.1328150401118865e-8	1.0114507813207039e-9	3.9599974366171275e-5
508.0	2.2385081558441034e-8	1.7120377882440983e-9	3.8499868917063064e-6	1.1327635663329881e-8	1.0107568450650927e-9	3.9599974021104316e-5
509.0	2.2384703530182727e-8	1.7116504744709716e-9	3.849987031428532e-6	1.1327145663327055e-8	1.0111598824350834e-9	3.959997452492743e-5
510.0	2.243280611173189e-8	1.7128706457307444e-9	3.849986612302127e-6	1.1329341979710897e-8	1.0108414660448087e-9	3.959997414211761e-5
511.0	2.242175304136405e-8	1.7119036188452098e-9	3.8499859794514724e-6	1.132684644127267e-8	1.0109997171420863e-9	3.9599974276600394e-5
512.0	2.2362333939547155e-8	1.710433178574125e-9	3.8499862778562475e-6	1.1330257721598753e-8	1.0110578441951876e-9	3.959997405659607e-5
513.0	2.239695657181557e-8	1.7118682953168438e-9	3.849986215275963e-6	1.1327973153966228e-8	1.0107224041264343e-9	3.959997384402467e-5
514.0	2.2407532566436747e-8	1.7111199353405083e-9	3.849986496906523e-6	1.1330503535978943e-8	1.010907066926082e-9	3.959997396565879e-5
515.0	2.2450212604064465e-8	1.7135122467992696e-9	3.849986354433347e-6	1.1328954869467805e-8	1.010392059212946e-9	3.959997374197483e-5
516.0	2.239111370454625e-8	1.7130911197680722e-9	3.849986929409139e-6	1.1329920409813418e-8	1.010524802438746e-9	3.959997398183163e-5
517.0	2.2377856417737198e-8	1.713507497881848e-9	3.849986597977802e-6	1.1328722575409822e-8	1.0103178715960457e-9	3.959997408812038e-5
518.0	2.2404388383733187e-8	1.7129135305172024e-9	3.849986908513201e-6	1.1329878164461315e-8	1.0103129150845174e-9	3.9599974124474184e-5
519.0	2.2405806893972704e-8	1.713426382553076e-9	3.849986717360545e-6	1.1327287491870888e-8	1.01042041516353e-9	3.959997433880547e-5
520.0	2.2422835896234502e-8	1.7121522223095074e-9	3.8499860255169705e-6	1.132983477769321e-8	1.0102144514766588e-9	3.959997413995322e-5
521.0	2.2416969966113552e-8	1.7104503165984778e-9	3.849985890029217e-6	1.1326889588964884e-8	1.0105342474289849e-9	3.959997421508226e-5
522.0	2.238910067610095e-8	1.7128744946775985e-9	3.849986130421488e-6	1.1328402268471349e-8	1.0102370313725665e-9	3.9599974014344675e-5
523.0	2.238855275610598e-8	1.7125699869781835e-9	3.849986769856456e-6	1.1327422607973269e-8	1.0104877048697671e-9	3.959997388622295e-5
524.0	2.2397996809626045e-8	1.71253807036647e-9	3.84998689187143e-6	1.1327418145994406e-8	1.0104395733109629e-9	3.9599973876831166e-5
525.0	2.2429070069244332e-8	1.7153590731290896e-9	3.849987008771325e-6	1.1329383237031956e-8	1.0105849843052947e-9	3.959997377180128e-5
526.0	2.2440383895869652e-8	1.7132181790796395e-9	3.849986251120907e-6	1.1327640597580126e-8	1.010854730515082e-9	3.959997385872141e-5
527.0	2.2371934061472144e-8	1.7126512245900272e-9	3.849985836613175e-6	1.1330692705766412e-8	1.0108998353283606e-9	3.959997394277459e-5
528.0	2.2391180446643196e-8	1.7130222831768481e-9	3.849985905083222e-6	1.1328292956511647e-8	1.0111734966253777e-9	3.9599973949530154e-5
529.0	2.239336116435608e-8	1.7117791463463933e-9	3.849986440004157e-6	1.1330450662533403e-8	1.0110329424478605e-9	3.959997408913675e-5
530.0	2.243647663455655e-8	1.7128250763753282e-9	3.8499873314612385e-6	1.1327905336773132e-8	1.011141177888117e-9	3.9599973988357724e-5
531.0	2.241313411450386e-8	1.7134827779328107e-9	3.8499871181668634e-6	1.1329808473824963e-8	1.0110456163302238e-9	3.959997397879486e-5
532.0	2.238692882043304e-8	1.7138995406696518e-9	3.849986186000433e-6	1.1326786617474406e-8	1.0111109286731455e-9	3.959997379126425e-5
533.0	2.2394152661307504e-8	1.7132462752667026e-9	3.849986327219705e-6	1.1329582367243696e-8	1.011184626076668e-9	3.9599973825525723e-5
534.0	2.2386803286128276e-8	1.713977020042165e-9	3.849985909995445e-6	1.1325670281795127e-8	1.0113254361575128e-9	3.959997360655848e-5
535.0	2.2412755691448256e-8	1.711389316903705e-9	3.8499863907390485e-6	1.132864736548132e-8	1.0114319752066904e-9	3.959997384365396e-5
536.0	2.2429294479349514e-8	1.711381984413936e-9	3.849986816002564e-6	1.132609610879521e-8	1.0113585562232146e-9	3.9599973668356395e-5
537.0	2.2417125981566897e-8	1.711114609422176e-9	3.849987443003177e-6	1.1328181057029437e-8	1.0112995924370108e-9	3.959997389825976e-5
538.0	2.2398182206798397e-8	1.712809215997732e-9	3.849986215152226e-6	1.1328516360831214e-8	1.0111100764030566e-9	3.959997383717833e-5
539.0	2.237608118120038e-8	1.7129394907330639e-9	3.849985853009095e-6	1.1328783740361805e-8	1.0108482071961755e-9	3.959997385237762e-5
540.0	2.241920633906142e-8	1.714807159615151e-9	3.8499860795181084e-6	1.1330179733005558e-8	1.0110578637019912e-9	3.959997408913748e-5
541.0	2.2428296342911666e-8	1.7146235103931446e-9	3.849986306705001e-6	1.1329153008515051e-8	1.0108164761982407e-9	3.959997379666483e-5
542.0	2.240081161101527e-8	1.7141851963005852e-9	3.849986563251148e-6	1.133012783769228e-8	1.0110624573269586e-9	3.9599974381849286e-5
543.0	2.2409848343141704e-8	1.7144870455061972e-9	3.84998653723492e-6	1.1328678652271611e-8	1.0110449102768063e-9	3.959997383520469e-5
544.0	2.239873037541145e-8	1.7126310954618012e-9	3.8499866092426915e-6	1.1330251745531045e-8	1.0108032356486847e-9	3.959997450337271e-5
545.0	2.241998773176408e-8	1.713918135674549e-9	3.849986244606999e-6	1.1327443709090216e-8	1.0107513254011051e-9	3.9599973911156214e-5
546.0	2.2412075019556346e-8	1.7131252419329432e-9	3.849986198945961e-6	1.13296377015979e-8	1.010374646233178e-9	3.9599974393260615e-5
547.0	2.239876873670221e-8	1.713897742085387e-9	3.849986330948551e-6	1.1325528784634838e-8	1.0104922711042347e-9	3.9599973989280245e-5
548.0	2.2430614537912952e-8	1.7136013993628164e-9	3.849986687278896e-6	1.1328460714697881e-8	1.0103980385889555e-9	3.959997416786471e-5
549.0	2.240674277026096e-8	1.714796203333043e-9	3.849986567283151e-6	1.1325908506962946e-8	1.010732375925809e-9	3.959997419813892e-5
550.0	2.240551287732544e-8	1.7156170068165237e-9	3.84998624354173e-6	1.1328241944025735e-8	1.010842261738922e-9	3.959997404171797e-5
551.0	2.2405955955258573e-8	1.7137989731093736e-9	3.849986555672341e-6	1.1328983196245207e-8	1.0107992648487744e-9	3.959997443307383e-5
552.0	2.2406050112759314e-8	1.7150105462325493e-9	3.849986454868316e-6	1.1330019466389907e-8	1.0111081969087225e-9	3.959997406470523e-5
553.0	2.2423050664940786e-8	1.7141540160426667e-9	3.849986406131491e-6	1.13310899362344e-8	1.0105862221432453e-9	3.9599974684561575e-5
554.0	2.2409763454596697e-8	1.713981752156028e-9	3.849986401935243e-6	1.1331643975760485e-8	1.0112046018612246e-9	3.9599974308123016e-5
555.0	2.2399252742286178e-8	1.7147535738013317e-9	3.849986633835098e-6	1.1331447305573956e-8	1.0106955111853456e-9	3.959997472895379e-5
556.0	2.2411354502465938e-8	1.7138237349905606e-9	3.849986671104478e-6	1.133178334698912e-8	1.0113061208642327e-9	3.9599974348457865e-5
557.0	2.2401996905091133e-8	1.7138914293177846e-9	3.8499863703033935e-6	1.1330676470897265e-8	1.0112435617692412e-9	3.9599974443677405e-5
558.0	2.240943491414892e-8	1.7148846821027226e-9	3.8499863540522685e-6	1.1329325181927493e-8	1.0111772655482037e-9	3.959997401885433e-5
559.0	2.241857489390805e-8	1.7170534537956405e-9	3.84998625673175e-6	1.1328877934053973e-8	1.0116552169476851e-9	3.9599974083592695e-5
560.0	2.2407015445474196e-8	1.7165163335534548e-9	3.849986741758926e-6	1.1326202456090995e-8	1.0110136095953972e-9	3.959997376800792e-5
561.0	2.2405937622664983e-8	1.715018684278824e-9	3.8499860998250966e-6	1.1326247212178958e-8	1.0116830737332973e-9	3.959997393108217e-5
562.0	2.239836421746844e-8	1.7161990957552123e-9	3.849986672974748e-6	1.132472093914199e-8	1.0109474034676326e-9	3.959997372316379e-5
563.0	2.240112371100551e-8	1.714757721300326e-9	3.849986691697337e-6	1.132521142624553e-8	1.0113841147569432e-9	3.9599973857998514e-5
564.0	2.2454247743662188e-8	1.7137496960604002e-9	3.849986384454628e-6	1.1326179566599172e-8	1.0109936356398534e-9	3.959997361029985e-5
565.0	2.242373016155042e-8	1.714509664072164e-9	3.849986689458779e-6	1.132652041705333e-8	1.0108483229122073e-9	3.959997359549697e-5
566.0	2.2409547486003326e-8	1.7142070320240535e-9	3.849986837363781e-6	1.1329369251628399e-8	1.0110606632683249e-9	3.959997355586786e-5
567.0	2.2391035202521177e-8	1.715588997450362e-9	3.849986277466247e-6	1.1330248458298164e-8	1.0104637172633613e-9	3.959997350583582e-5
568.0	2.2404822741147788e-8	1.7167588330186237e-9	3.8499858898513735e-6	1.1332309927483693e-8	1.0112808426557048e-9	3.959997365982672e-5
569.0	2.2450271745927312e-8	1.7175127816053044e-9	3.849986273976626e-6	1.133296634298699e-8	1.010571437917865e-9	3.9599973417709e-5
570.0	2.2412907352497992e-8	1.7164837099116137e-9	3.8499865248753275e-6	1.1332627754752842e-8	1.0113719083268467e-9	3.959997349503862e-5
571.0	2.241296892466081e-8	1.7165583264799144e-9	3.849986580643833e-6	1.1332617824652376e-8	1.0109129433639627e-9	3.959997317952424e-5
572.0	2.2386506948183635e-8	1.7156710343390991e-9	3.849987480986189e-6	1.1330386248142501e-8	1.0111379913600094e-9	3.959997322259636e-5
573.0	2.2426953720634344e-8	1.715341076143483e-9	3.849986134053652e-6	1.13300730680983e-8	1.0110906898503045e-9	3.9599973115918566e-5
574.0	2.244202318017862e-8	1.7155467627545156e-9	3.849985922352301e-6	1.1327191054512381e-8	1.0107645793750142e-9	3.959997314119148e-5
575.0	2.2406655982678533e-8	1.7173901870954932e-9	3.84998596122111e-6	1.1327797406176815e-8	1.011136315906778e-9	3.959997313846102e-5
576.0	2.2410004845447564e-8	1.717382084942706e-9	3.8499864069877594e-6	1.1324974789122061e-8	1.0107597223483615e-9	3.959997319603159e-5
577.0	2.2406316390267284e-8	1.7176109281900178e-9	3.849985678016918e-6	1.1327469628630832e-8	1.0115733374619798e-9	3.959997316706272e-5
578.0	2.2409029048329905e-8	1.718261211820633e-9	3.849986860562719e-6	1.1325482647313957e-8	1.0115200735380917e-9	3.9599973446213094e-5
579.0	2.241617074752577e-8	1.7163709017380579e-9	3.849986864680931e-6	1.1329243537688514e-8	1.0120192074704434e-9	3.9599973267272634e-5
580.0	2.239651245190597e-8	1.7167018963277568e-9	3.849986493109551e-6	1.1327769352678279e-8	1.0119268975544733e-9	3.9599973576189785e-5
581.0	2.2436129239674952e-8	1.7155406404960848e-9	3.849986586639666e-6	1.1331072386051581e-8	1.0115423973617463e-9	3.959997335338053e-5
582.0	2.2407634036335884e-8	1.7158124913018861e-9	3.8499863979595664e-6	1.1329559449572758e-8	1.0115381594851048e-9	3.959997348405602e-5
583.0	2.2391892053650982e-8	1.7154478147356037e-9	3.84998596435382e-6	1.133106889562641e-8	1.010876227762627e-9	3.959997352008761e-5
584.0	2.241724609243481e-8	1.7175368397895554e-9	3.849985502447395e-6	1.1329317474623565e-8	1.0113199065847255e-9	3.959997354000332e-5
585.0	2.243922131456438e-8	1.7183876119359784e-9	3.84998628441923e-6	1.1329600585713408e-8	1.010979836405797e-9	3.959997364370515e-5
586.0	2.2442946304593525e-8	1.7168354080512908e-9	3.849987084870926e-6	1.132906367814849e-8	1.0114770195383946e-9	3.959997359470925e-5
587.0	2.239027451163704e-8	1.717008810955317e-9	3.849987268909066e-6	1.1328804758772096e-8	1.0112512961563496e-9	3.959997363629985e-5
588.0	2.2389746108534728e-8	1.7173709880409483e-9	3.8499867084289155e-6	1.1329648812521427e-8	1.011277854157503e-9	3.959997352087501e-5
589.0	2.2437388743921078e-8	1.716060003911878e-9	3.8499861420856404e-6	1.1328125116037251e-8	1.0111420761765016e-9	3.959997346758832e-5
590.0	2.2455610200812577e-8	1.7165435381655456e-9	3.849986171144447e-6	1.133091953829198e-8	1.010849144137788e-9	3.9599973417788376e-5
591.0	2.2407955738378006e-8	1.7184749496648813e-9	3.849985733197637e-6	1.1328015812134573e-8	1.010972406465201e-9	3.959997335549293e-5
592.0	2.2396858238174127e-8	1.7190724449905004e-9	3.849986381386369e-6	1.1331945207733824e-8	1.0105864269439115e-9	3.959997336474276e-5
593.0	2.240524997771244e-8	1.718169351711055e-9	3.849986867328236e-6	1.1328658275182703e-8	1.0108172064459457e-9	3.9599973342256944e-5
594.0	2.245814279219739e-8	1.7197975235394886e-9	3.849986834062198e-6	1.1332169837764459e-8	1.0105770014958415e-9	3.95999734334683e-5
595.0	2.2425949430263543e-8	1.7195289931063281e-9	3.8499862267099095e-6	1.1328967840105685e-8	1.0109432533923366e-9	3.9599973693856105e-5
596.0	2.2406404744277103e-8	1.7170552760094902e-9	3.84998623188989e-6	1.1330401944311035e-8	1.0109843863574443e-9	3.9599973760364326e-5
597.0	2.2395405798227057e-8	1.7182343998256034e-9	3.849986908809002e-6	1.1326891273588356e-8	1.0111170659813063e-9	3.95999740070757e-5
598.0	2.2434591231274323e-8	1.7187107771490074e-9	3.8499862093427e-6	1.1326735545629127e-8	1.0115334977679873e-9	3.959997388362015e-5
599.0	2.2413080494886903e-8	1.7177824995063142e-9	3.849986067887224e-6	1.132404812046988e-8	1.0111841578164402e-9	3.9599973947377796e-5
600.0	2.2412835878381108e-8	1.7196888291063362e-9	3.849985915848871e-6	1.1325125354552951e-8	1.01171813069407e-9	3.959997386936463e-5
601.0	2.241611098923931e-8	1.7211406391922278e-9	3.849985988540989e-6	1.1325285859301598e-8	1.0111644875084152e-9	3.9599973790021145e-5
602.0	2.2417664570058323e-8	1.7193307740126935e-9	3.849986152553824e-6	1.1327551962344669e-8	1.011512964301807e-9	3.959997387930587e-5
603.0	2.2425334073402487e-8	1.7195771073941372e-9	3.849987046069154e-6	1.133050119389316e-8	1.0113834462562837e-9	3.959997385798917e-5
604.0	2.2392659920360505e-8	1.719914832189243e-9	3.849986700607201e-6	1.1331246177335177e-8	1.0112366615824366e-9	3.959997386963489e-5
605.0	2.2438116970712578e-8	1.7198267705494863e-9	3.8499862917272505e-6	1.133506232245597e-8	1.0116486651759583e-9	3.95999738856235e-5
606.0	2.2447048158545633e-8	1.7193024972980782e-9	3.8499858805070805e-6	1.1333681094905284e-8	1.0112661930456053e-9	3.959997368046275e-5
607.0	2.2425791581259044e-8	1.7201213110266257e-9	3.849985878273396e-6	1.1336488278256656e-8	1.0120765755076637e-9	3.95999737847366e-5
608.0	2.2390980878871647e-8	1.721550006025784e-9	3.849985898546206e-6	1.1333074451110731e-8	1.011555944193833e-9	3.9599973554290466e-5
609.0	2.2407667774282936e-8	1.7191740500943693e-9	3.849986730140571e-6	1.1332560282569668e-8	1.0120148048810875e-9	3.959997341748185e-5
610.0	2.2460964996695887e-8	1.721476464738186e-9	3.849986820261648e-6	1.1327613239363962e-8	1.0118525065051673e-9	3.959997343567052e-5
611.0	2.2463934229351863e-8	1.7209608829942013e-9	3.849986657736286e-6	1.1324707705132586e-8	1.011580866438621e-9	3.9599973209401425e-5
612.0	2.240584999310928e-8	1.7202487851937451e-9	3.849986442801318e-6	1.1321011103159538e-8	1.0119042262471825e-9	3.959997358541661e-5
613.0	2.2417203914028535e-8	1.7225228894960766e-9	3.849986063456447e-6	1.1320424629326406e-8	1.0112956906170081e-9	3.9599973457506754e-5
614.0	2.242385038628202e-8	1.722386083664413e-9	3.849986484329371e-6	1.132004893136046e-8	1.0117844020764996e-9	3.9599973868475234e-5
615.0	2.2462051162839307e-8	1.7229850346305852e-9	3.849986015672427e-6	1.1323497198971172e-8	1.0111617024896122e-9	3.95999737179382e-5
616.0	2.24391323510906e-8	1.7237173602502624e-9	3.849986093107674e-6	1.1326424863971781e-8	1.011218385787891e-9	3.9599973876023944e-5
617.0	2.2418643560337834e-8	1.722818109470488e-9	3.849986952881108e-6	1.1329869673349774e-8	1.0109534958068221e-9	3.959997390933843e-5
618.0	2.2424423619193762e-8	1.721669167851715e-9	3.8499868172613845e-6	1.1333627159040606e-8	1.0106701758797827e-9	3.95999737040049e-5
619.0	2.2429878775858146e-8	1.7221206749773279e-9	3.849986029017182e-6	1.1335527929127405e-8	1.0108134510592391e-9	3.959997397093484e-5
620.0	2.2444464460349623e-8	1.7230282038930433e-9	3.8499860641865106e-6	1.1338698796156596e-8	1.0102422089416168e-9	3.9599973650737595e-5
621.0	2.244625758337319e-8	1.722058835599618e-9	3.8499862170970554e-6	1.1337156706374455e-8	1.0106805294999759e-9	3.959997390172263e-5
622.0	2.244353940521283e-8	1.7239944210328227e-9	3.849985448251582e-6	1.1336839724909771e-8	1.009949927811026e-9	3.9599973679830886e-5
623.0	2.2416891165325978e-8	1.7243487940773537e-9	3.849985873823507e-6	1.1332472404369388e-8	1.010167647428242e-9	3.959997371809492e-5
624.0	2.243261910352263e-8	1.7237153694952014e-9	3.849987006566693e-6	1.1328652634251094e-8	1.0099660022932097e-9	3.959997370579191e-5
625.0	2.2458768283222554e-8	1.7238259128370872e-9	3.849986259157074e-6	1.1325241344800977e-8	1.0099099150741057e-9	3.959997360219805e-5
626.0	2.2464679154432036e-8	1.7233151317540092e-9	3.849986096156594e-6	1.1321674303440644e-8	1.010154455311574e-9	3.9599973771968576e-5
627.0	2.2417328490362266e-8	1.7241709625248518e-9	3.849985735085688e-6	1.1321803429491865e-8	1.0100854828514133e-9	3.959997360340802e-5
628.0	2.2434208443114885e-8	1.7245343879574536e-9	3.8499862359964035e-6	1.1321177899026031e-8	1.0106095426864422e-9	3.9599973898705365e-5
629.0	2.2438097632439685e-8	1.7244074744777865e-9	3.849985713112091e-6	1.132429446644287e-8	1.0104825558150191e-9	3.95999737167843e-5
630.0	2.2466865424819444e-8	1.725322506394001e-9	3.849986499346537e-6	1.1326397241895572e-8	1.0108617624781865e-9	3.9599973831686946e-5
631.0	2.2416336231592005e-8	1.7256566637110795e-9	3.849986605567057e-6	1.1330396621295797e-8	1.0110683996129517e-9	3.959997382480773e-5
632.0	2.242308906684842e-8	1.7244901088684502e-9	3.84998622860141e-6	1.1332999695269344e-8	1.0111688854588793e-9	3.959997359793613e-5
633.0	2.2442762027576148e-8	1.7245502822606877e-9	3.849985871762875e-6	1.1336118705412133e-8	1.0116232459869797e-9	3.95999738663774e-5
634.0	2.2436097562784983e-8	1.7253469019220748e-9	3.849986354572339e-6	1.1335413059039582e-8	1.01169097381409e-9	3.959997351505592e-5
635.0	2.2438780951698826e-8	1.726117692652908e-9	3.8499863855048135e-6	1.1335574371564187e-8	1.0120401986188756e-9	3.959997393587189e-5
636.0	2.242412285660753e-8	1.7252477741238552e-9	3.849986209898769e-6	1.1332237803305103e-8	1.0118885344448657e-9	3.959997366889162e-5
637.0	2.24443360656622e-8	1.7246185239119013e-9	3.849986596808969e-6	1.1329314986503262e-8	1.0118708960144064e-9	3.9599973830428404e-5
638.0	2.2441841567229717e-8	1.7257570050434671e-9	3.849986178065783e-6	1.13264051503671e-8	1.0117131403900793e-9	3.959997405585104e-5
639.0	2.241763212243023e-8	1.7249663796884223e-9	3.849985674659326e-6	1.132209512207073e-8	1.011406457101352e-9	3.959997376610252e-5
640.0	2.2459540482882948e-8	1.7263332946428024e-9	3.849986102136655e-6	1.132240900892796e-8	1.011518629733891e-9	3.959997439283482e-5
641.0	2.244411187687583e-8	1.7270491906561588e-9	3.849986650766339e-6	1.1319371491429325e-8	1.0111370767595306e-9	3.959997376860357e-5
642.0	2.244455296130131e-8	1.7269955512931705e-9	3.849986285004173e-6	1.1323457293549095e-8	1.0112887213779923e-9	3.959997437177735e-5
643.0	2.2424409873659048e-8	1.7269348663751626e-9	3.849986240341071e-6	1.1323795618354083e-8	1.0110845025067921e-9	3.959997379313406e-5
644.0	2.2426651785694075e-8	1.7252834454406966e-9	3.849986672172347e-6	1.1329449159784698e-8	1.0107974794902105e-9	3.9599974100700314e-5
645.0	2.2472029655079698e-8	1.7255064312111769e-9	3.849985865484803e-6	1.1331282675564807e-8	1.0110721893710263e-9	3.9599974009412124e-5
646.0	2.2443952042171812e-8	1.7245021891889515e-9	3.849985758232024e-6	1.1335464144140774e-8	1.0104414189865958e-9	3.959997401356057e-5
647.0	2.2443789837818795e-8	1.7250996444563983e-9	3.849986307925692e-6	1.1334990839383992e-8	1.0107277255991143e-9	3.9599974303924355e-5
648.0	2.2421010968135593e-8	1.725811317992606e-9	3.849985826662686e-6	1.1336149650120894e-8	1.0100520580458651e-9	3.9599974029808495e-5
649.0	2.2447652627858605e-8	1.726214001737984e-9	3.849986223803246e-6	1.1333831373888224e-8	1.010082311955683e-9	3.9599974452402787e-5
650.0	2.2455583043059643e-8	1.7275595853967658e-9	3.849986703415626e-6	1.1332215859033852e-8	1.0100194188426096e-9	3.95999741632948e-5
651.0	2.2469375420929408e-8	1.7258597665880953e-9	3.8499864692873055e-6	1.1330587435286759e-8	1.00984727608689e-9	3.959997453872286e-5
652.0	2.2439064549428716e-8	1.7263727833424858e-9	3.849986283850263e-6	1.1326549822673657e-8	1.01044830336166e-9	3.959997428770018e-5
653.0	2.2420510984597496e-8	1.725834212401107e-9	3.849986306619304e-6	1.1326497421127068e-8	1.0103554000491842e-9	3.9599974559103046e-5
654.0	2.243398072367209e-8	1.7251061602471679e-9	3.849985772283213e-6	1.1323177600213706e-8	1.0108977193174472e-9	3.959997421426492e-5
655.0	2.2476079629720955e-8	1.7276638454391697e-9	3.849985972780244e-6	1.1325204937180074e-8	1.0108550201001475e-9	3.9599974526570957e-5
656.0	2.2467647809861578e-8	1.7271348894119328e-9	3.849986421272239e-6	1.1324834065701583e-8	1.011057800664847e-9	3.9599973893898426e-5
657.0	2.2406902945808015e-8	1.7289165430907882e-9	3.849986433336355e-6	1.132854603723755e-8	1.0110011864070896e-9	3.959997426552926e-5
658.0	2.2434278518762185e-8	1.7291461796994908e-9	3.849985969336736e-6	1.132874450614646e-8	1.0109316118557099e-9	3.959997363548269e-5
659.0	2.24515030289864e-8	1.7272956742447875e-9	3.8499865888516286e-6	1.1332651951950012e-8	1.011304430620025e-9	3.959997391531637e-5
660.0	2.2475538264133345e-8	1.7274867178165173e-9	3.849985884128656e-6	1.1331111338193839e-8	1.0112740714768831e-9	3.959997359186374e-5
661.0	2.243760187948332e-8	1.7259357337026434e-9	3.849986099774782e-6	1.1333052408753973e-8	1.0118481382348919e-9	3.959997378337634e-5
662.0	2.242642822984145e-8	1.7246260581270649e-9	3.849986333157025e-6	1.1331704828338373e-8	1.0117571499951583e-9	3.9599973819857325e-5
663.0	2.2469140021330592e-8	1.7264822587924823e-9	3.849986037734411e-6	1.1329641069236441e-8	1.0119210970470211e-9	3.959997376071285e-5
664.0	2.2453385522089512e-8	1.7261461388036818e-9	3.8499856658270866e-6	1.1329909144127077e-8	1.011633466631226e-9	3.959997395545668e-5
665.0	2.244226326793034e-8	1.7273547764368993e-9	3.8499861014719005e-6	1.1325417161380596e-8	1.0117028564619958e-9	3.9599973832022446e-5
666.0	2.2447576861503775e-8	1.7271544247019934e-9	3.849986293939785e-6	1.132650870693888e-8	1.0113849586522331e-9	3.959997382473669e-5
667.0	2.245443122872489e-8	1.7280624469234583e-9	3.849985777106881e-6	1.1323475780028916e-8	1.0115458008819362e-9	3.95999739567785e-5
668.0	2.2454927552786703e-8	1.7268970060095569e-9	3.849986618558803e-6	1.1325184776691104e-8	1.0114475405398905e-9	3.959997370229794e-5
669.0	2.2438051811200408e-8	1.7264225283875483e-9	3.849986796287638e-6	1.1325278036888093e-8	1.0113207705617674e-9	3.9599973863591404e-5
670.0	2.2466718004246644e-8	1.7270461525986662e-9	3.849985427814001e-6	1.1328622628253152e-8	1.011486615543899e-9	3.959997355269633e-5
671.0	2.2467612254985046e-8	1.7275080434693617e-9	3.849985958977478e-6	1.132858393789089e-8	1.0109171760289209e-9	3.959997358598483e-5
672.0	2.2433452854245782e-8	1.7286916184180896e-9	3.849986464402743e-6	1.1332715337237955e-8	1.0113178904048392e-9	3.959997347440232e-5
673.0	2.245307827181047e-8	1.7289994919168866e-9	3.8499857221598335e-6	1.1330948693162311e-8	1.010696800106314e-9	3.959997329866697e-5
674.0	2.2445136595388628e-8	1.7300800178613923e-9	3.849986222617657e-6	1.1333188091283288e-8	1.0110395002196178e-9	3.9599973438930725e-5
675.0	2.2494472832219192e-8	1.7304566645992008e-9	3.849987164066246e-6	1.1330866663143827e-8	1.0105713614402826e-9	3.959997309226331e-5
676.0	2.2441480956424526e-8	1.7292019370719317e-9	3.849985890205144e-6	1.1329175148638632e-8	1.0105779656019232e-9	3.959997334383235e-5
677.0	2.2430571106426513e-8	1.7303602166104915e-9	3.849985532670058e-6	1.1328848196085973e-8	1.0107408643585719e-9	3.959997295627961e-5
678.0	2.245926392240908e-8	1.7287405348440514e-9	3.84998650974594e-6	1.1325374187041907e-8	1.010481029341146e-9	3.9599973327514274e-5
679.0	2.2458313978914047e-8	1.7284521869157005e-9	3.849985910793955e-6	1.1327056463588624e-8	1.011227385077997e-9	3.959997308660066e-5
680.0	2.247485605933884e-8	1.730388632905482e-9	3.849985914747912e-6	1.132457078312639e-8	1.0109280516658753e-9	3.959997355579059e-5
681.0	2.2461540527912343e-8	1.728527795930035e-9	3.849986624190663e-6	1.132631554773284e-8	1.0114525201501915e-9	3.959997317551538e-5
682.0	2.2435679867110365e-8	1.7282361140019408e-9	3.849986082998566e-6	1.1326218878339189e-8	1.0112394642349157e-9	3.959997377691535e-5
683.0	2.2452355042993674e-8	1.7286242149257103e-9	3.849985255801637e-6	1.1329065498170354e-8	1.011267949837591e-9	3.959997332255035e-5
684.0	2.2441665180599735e-8	1.729822488645184e-9	3.84998571169333e-6	1.1328624516941823e-8	1.0115586870478178e-9	3.9599974129052506e-5
685.0	2.2474346887223924e-8	1.7288483070295512e-9	3.8499864747533454e-6	1.1333059497159851e-8	1.0113101424426283e-9	3.959997378288382e-5
686.0	2.247097521343548e-8	1.7288348919572923e-9	3.849986162289519e-6	1.1330795176373358e-8	1.011817794620676e-9	3.959997438987329e-5
687.0	2.2430605464906326e-8	1.7302750296427183e-9	3.8499863652773965e-6	1.1333026475900783e-8	1.0116561857011196e-9	3.959997417926367e-5
688.0	2.2429085590957268e-8	1.729312240551263e-9	3.849986090912748e-6	1.13301085872615e-8	1.011873159226153e-9	3.959997430030929e-5
689.0	2.2462980006083438e-8	1.7296993720154316e-9	3.849985723676635e-6	1.1328831592292269e-8	1.0116615214181496e-9	3.959997438835809e-5
690.0	2.2481590532542453e-8	1.7325700371170116e-9	3.849984925732663e-6	1.1327190250711813e-8	1.0116888514397508e-9	3.959997413654899e-5
691.0	2.2470212506414556e-8	1.7311140820888037e-9	3.849985982403482e-6	1.1325355192819738e-8	1.0113840437573226e-9	3.9599974419611275e-5
692.0	2.24265800954822e-8	1.7302292238606684e-9	3.849986720971272e-6	1.1324778230290046e-8	1.0111738005220849e-9	3.9599974075165896e-5
693.0	2.244721523340538e-8	1.730418328945394e-9	3.8499861535006605e-6	1.1324966718879463e-8	1.0110500279618376e-9	3.959997425679942e-5
694.0	2.2472623398353095e-8	1.7297312105234074e-9	3.849986280276098e-6	1.1324591769629382e-8	1.0109277413140635e-9	3.959997409428207e-5
695.0	2.2481580062270654e-8	1.7302133937126781e-9	3.849986066706674e-6	1.1325712002054435e-8	1.0106292590718598e-9	3.959997405949221e-5
696.0	2.245515276237489e-8	1.730182065721821e-9	3.849985347870679e-6	1.132813814167562e-8	1.0105774203427118e-9	3.9599974179311206e-5
697.0	2.2459956761279477e-8	1.7317623492472761e-9	3.849985444305669e-6	1.1328193968052878e-8	1.0101214924510685e-9	3.959997394155186e-5
698.0	2.2442116615921838e-8	1.7319304695764406e-9	3.84998674146688e-6	1.1332627796731171e-8	1.009964338625592e-9	3.959997417888768e-5
699.0	2.2457481529027737e-8	1.7333966879391039e-9	3.8499860856517866e-6	1.133179599788528e-8	1.0099203423604592e-9	3.959997402709107e-5
700.0	2.2465097472833628e-8	1.732734932782526e-9	3.849985870206586e-6	1.133355852229705e-8	1.0099405641207635e-9	3.959997419690023e-5
701.0	2.2466364554214906e-8	1.7310148101670852e-9	3.8499866533229035e-6	1.1332914408431899e-8	1.01043477101289e-9	3.95999742192639e-5
702.0	2.2457489984025076e-8	1.7316213978362571e-9	3.849986394143119e-6	1.1331532211236481e-8	1.0102717319872221e-9	3.95999740662308e-5
703.0	2.244984185130325e-8	1.7305086575136246e-9	3.8499856793012335e-6	1.1331433079900062e-8	1.0108902528685067e-9	3.959997412839607e-5
704.0	2.2448347262877908e-8	1.7328168683037296e-9	3.849986316108894e-6	1.1330630290063912e-8	1.0106337572722785e-9	3.959997397163804e-5
705.0	2.2477315785480077e-8	1.7326385065694588e-9	3.8499864242767116e-6	1.132930199492584e-8	1.0110669615493866e-9	3.959997406649431e-5
706.0	2.2468408931063467e-8	1.7329917642616972e-9	3.849985373499905e-6	1.1329612874751806e-8	1.0111476806122553e-9	3.959997406514744e-5
707.0	2.2454579614776096e-8	1.7342201788213665e-9	3.849985921007446e-6	1.1326430103650596e-8	1.0114486479540333e-9	3.9599974129912556e-5
708.0	2.246025757874039e-8	1.7327899410006984e-9	3.849986953761641e-6	1.132608284132495e-8	1.0118989441058117e-9	3.959997406988998e-5
709.0	2.2440870022841035e-8	1.7327657124768959e-9	3.849985961334544e-6	1.1325548556796994e-8	1.0118622152574137e-9	3.9599974137336976e-5
710.0	2.2492728627559962e-8	1.7315546896097456e-9	3.849986296485309e-6	1.1323226195817438e-8	1.0123204482347104e-9	3.959997367321441e-5
711.0	2.2467267153476333e-8	1.732887928312436e-9	3.849986270024641e-6	1.1325185378885485e-8	1.0122433346019273e-9	3.95999740704075e-5
712.0	2.2467992212530086e-8	1.7322579370128646e-9	3.849985773681908e-6	1.1323753585525858e-8	1.0126903904349159e-9	3.9599973267867786e-5
713.0	2.2454776130053246e-8	1.7345571165568165e-9	3.849985495543572e-6	1.1323661575845524e-8	1.0125342414564265e-9	3.9599974100944456e-5
714.0	2.2460521555665142e-8	1.734012432542227e-9	3.849985924512664e-6	1.1325191972352628e-8	1.0128963067207612e-9	3.959997310764968e-5
715.0	2.2482333254876885e-8	1.7340895094950638e-9	3.849985871773306e-6	1.1323994964357366e-8	1.0125333111646536e-9	3.959997404072442e-5
716.0	2.2477114872820233e-8	1.734185720667419e-9	3.849986302600984e-6	1.1327551738527163e-8	1.012416378652642e-9	3.959997323191513e-5
717.0	2.244163384207159e-8	1.7319849236923383e-9	3.849986374069438e-6	1.1328653497811224e-8	1.0119362460698242e-9	3.959997387754012e-5
718.0	2.2461420309400992e-8	1.7323911579153291e-9	3.849985883282421e-6	1.1331065540618631e-8	1.0115441023335181e-9	3.959997356952126e-5
719.0	2.247514919087558e-8	1.7346271107580384e-9	3.849986008970692e-6	1.1333687209046711e-8	1.0110385232950503e-9	3.959997366864855e-5
720.0	2.2463545026219967e-8	1.7352413448386936e-9	3.849985760560618e-6	1.1333925461381196e-8	1.0108933202506549e-9	3.9599974011797206e-5
721.0	2.2471113865690502e-8	1.7339766442211399e-9	3.8499849449296026e-6	1.1333965427222666e-8	1.0107890059483202e-9	3.9599973646774816e-5
722.0	2.2435166090161233e-8	1.735389285607472e-9	3.849986227468594e-6	1.133502175180333e-8	1.0105068776685286e-9	3.959997441593588e-5
723.0	2.2475606652561295e-8	1.7358395930698518e-9	3.849986251407546e-6	1.1330730440002126e-8	1.0107466237789315e-9	3.959997362132761e-5
724.0	2.246985647089992e-8	1.7338133930068076e-9	3.8499867377192225e-6	1.133151680668151e-8	1.0101245944144446e-9	3.959997427189244e-5
725.0	2.247822876830842e-8	1.7351383929504758e-9	3.849986091930066e-6	1.1326285039699268e-8	1.0104655858490595e-9	3.959997338655701e-5
726.0	2.2469423628441977e-8	1.7346866031940668e-9	3.849985565479865e-6	1.1324629612153172e-8	1.00975278696843e-9	3.959997387562262e-5
727.0	2.246982247250191e-8	1.736357742789227e-9	3.849985261407612e-6	1.1322848482608e-8	1.0103540470134044e-9	3.959997334345269e-5
728.0	2.245716038426213e-8	1.7367081903769686e-9	3.849985543914431e-6	1.1320324950998184e-8	1.0100715838692943e-9	3.959997379340622e-5
729.0	2.2489340105030434e-8	1.7369313657082388e-9	3.84998598131124e-6	1.1323518787925441e-8	1.010386854230133e-9	3.95999737571712e-5
730.0	2.2482977216630737e-8	1.7355360722217559e-9	3.849986168500833e-6	1.1323677417583334e-8	1.0106754170948883e-9	3.9599973837005974e-5
731.0	2.2489277036580418e-8	1.7347433699596889e-9	3.849987014274299e-6	1.132854047105537e-8	1.010383731905433e-9	3.9599974011094515e-5
732.0	2.2458670368740398e-8	1.7344282660304392e-9	3.849985584954647e-6	1.1331659297990628e-8	1.0114313303710869e-9	3.95999738621839e-5
733.0	2.2452804867750946e-8	1.7325429368285667e-9	3.84998551107477e-6	1.133483399228992e-8	1.0107037683543983e-9	3.959997405562942e-5
734.0	2.2484303074873092e-8	1.7360135235589848e-9	3.84998555163097e-6	1.1336071237884989e-8	1.0121286844694171e-9	3.9599973921821376e-5
735.0	2.2468698705654404e-8	1.7360742597911745e-9	3.849985303600896e-6	1.1338543081492563e-8	1.0116051366889154e-9	3.959997422627801e-5
736.0	2.2483988471889854e-8	1.7358214130950296e-9	3.84998581774958e-6	1.1334089218749972e-8	1.0121621165346061e-9	3.959997398003612e-5
737.0	2.2439826394321768e-8	1.7369470562706544e-9	3.849986500493378e-6	1.1335271714744292e-8	1.0119667503640453e-9	3.959997429039168e-5
738.0	2.249043488689393e-8	1.7357028697123776e-9	3.849986725622608e-6	1.1327698272389039e-8	1.011487092902447e-9	3.9599973914756314e-5
739.0	2.245608877496782e-8	1.735975401949166e-9	3.849986376740248e-6	1.1326828732338159e-8	1.0119498690492546e-9	3.9599974260894675e-5
740.0	2.249693677892545e-8	1.7358962349230294e-9	3.849986014512229e-6	1.1321680305118153e-8	1.0112193856875581e-9	3.959997390271545e-5
741.0	2.248638249654409e-8	1.7373129793143666e-9	3.849985339165617e-6	1.1320526795212878e-8	1.0122690683273172e-9	3.9599974110749174e-5
742.0	2.2479003255971312e-8	1.7387347118842986e-9	3.849985176573982e-6	1.1320440289150831e-8	1.0115712739680734e-9	3.9599973830897633e-5
743.0	2.2476739550710805e-8	1.7383680908524492e-9	3.849985943497333e-6	1.132094966076362e-8	1.012222022694903e-9	3.959997365686242e-5
744.0	2.2469571823599084e-8	1.739285324199919e-9	3.8499865713861065e-6	1.1324509880728845e-8	1.0117726881521485e-9	3.959997373383404e-5
745.0	2.2503369337130804e-8	1.7379746113043276e-9	3.849986530156848e-6	1.1327709080811578e-8	1.0114671001594528e-9	3.9599973417733705e-5
746.0	2.2496148861516154e-8	1.7366770482286512e-9	3.849986318103221e-6	1.1332304671699046e-8	1.0116038161678302e-9	3.9599973874613356e-5
747.0	2.246330588323982e-8	1.7352173768696171e-9	3.849985870605309e-6	1.1334352832827454e-8	1.0109642406036124e-9	3.959997358683859e-5
748.0	2.2482600134591807e-8	1.73611986608827e-9	3.849985367367046e-6	1.1337982251557754e-8	1.011566304213265e-9	3.9599974133694416e-5
749.0	2.248244561260467e-8	1.7376097167564415e-9	3.84998524025943e-6	1.1335678656156382e-8	1.01091599538152e-9	3.959997397745204e-5
750.0	2.249784493966311e-8	1.7375917330758778e-9	3.849985944485318e-6	1.1337110436350318e-8	1.0113147886472484e-9	3.959997425412416e-5
751.0	2.2469088340680863e-8	1.7406873448859326e-9	3.849986108135942e-6	1.1330761845014311e-8	1.011025754310616e-9	3.959997433040407e-5
752.0	2.246220245275424e-8	1.7396544862259705e-9	3.849985938008748e-6	1.1330262928790973e-8	1.0108816346883147e-9	3.9599974355753976e-5
753.0	2.250100427771726e-8	1.7401051456731404e-9	3.8499859750171745e-6	1.1323438938068823e-8	1.0111323964570185e-9	3.959997464189352e-5
754.0	2.2484667496455208e-8	1.7387049290156506e-9	3.849986144887093e-6	1.1323299477068678e-8	1.0108362705055936e-9	3.959997453214838e-5
755.0	2.2485789494608183e-8	1.7388283873264093e-9	3.8499855732277905e-6	1.1320332653914535e-8	1.01120462826094e-9	3.9599974648604735e-5
756.0	2.248303182871585e-8	1.7388614123586207e-9	3.849985671384572e-6	1.1321908156547269e-8	1.0109723730280087e-9	3.959997441244381e-5
757.0	2.2473724280010975e-8	1.7378655150412921e-9	3.8499859271601696e-6	1.1322859566627663e-8	1.0110604997158368e-9	3.959997427686174e-5
758.0	2.250328664856842e-8	1.7393797850472717e-9	3.849985811408924e-6	1.1326712076223848e-8	1.0109678168959916e-9	3.9599974064620824e-5
759.0	2.246406211781065e-8	1.7394373581537376e-9	3.849985948247121e-6	1.1329998640956459e-8	1.0109458648788935e-9	3.9599973902722836e-5
760.0	2.250740901394844e-8	1.740444126579364e-9	3.849985918824369e-6	1.1333782350884835e-8	1.0112603863250437e-9	3.959997371380878e-5
761.0	2.2494848116724818e-8	1.7402089238352319e-9	3.849985965996767e-6	1.1336810047936837e-8	1.01132599421001e-9	3.9599973736612126e-5
762.0	2.2462130001424512e-8	1.740388661266505e-9	3.8499856261870585e-6	1.1337949684768406e-8	1.0116092173122338e-9	3.9599973621802536e-5
763.0	2.2479190944449442e-8	1.7404690637089286e-9	3.8499861714568865e-6	1.1337848578896485e-8	1.0116878241133604e-9	3.959997387223526e-5
764.0	2.2473341692242568e-8	1.7403593929337877e-9	3.849986122985785e-6	1.1334301255331917e-8	1.011529802924641e-9	3.959997374113636e-5
765.0	2.2534831464345733e-8	1.7417571143814234e-9	3.849985447194782e-6	1.1331758430255849e-8	1.0116143663673778e-9	3.959997410556685e-5
766.0	2.2481356764788982e-8	1.7411838353105662e-9	3.849985562049405e-6	1.1325650136633041e-8	1.0112419367542958e-9	3.9599973926938146e-5
767.0	2.246959993494456e-8	1.7406692504941814e-9	3.849986412416137e-6	1.132395576292656e-8	1.0112987812441944e-9	3.959997412543696e-5
768.0	2.2483875641979176e-8	1.7407527012511655e-9	3.849985864884554e-6	1.1319874824180319e-8	1.0113032955673654e-9	3.959997398648194e-5
769.0	2.251530684536136e-8	1.7406290854422922e-9	3.849986175664812e-6	1.1321425119713242e-8	1.0113296787052867e-9	3.959997385851938e-5
770.0	2.2513041873997693e-8	1.7418717529481177e-9	3.84998649980798e-6	1.1319867221921164e-8	1.011627310835886e-9	3.9599973890987635e-5
771.0	2.2477565539458957e-8	1.7413355969363068e-9	3.849985341331364e-6	1.1323837114075347e-8	1.0115260530682332e-9	3.959997348701315e-5
772.0	2.247731110640913e-8	1.7425912278879829e-9	3.849985216281824e-6	1.1324662933725866e-8	1.0118200173973068e-9	3.959997383076313e-5
773.0	2.2484307276074236e-8	1.7435313520001931e-9	3.849985847295319e-6	1.1329669377728991e-8	1.0115388083094042e-9	3.9599973372774036e-5
774.0	2.2499795000953465e-8	1.7439184086876427e-9	3.849987090339795e-6	1.133150564400671e-8	1.0113087317046257e-9	3.959997372382297e-5
775.0	2.2490406122527837e-8	1.7440561806696573e-9	3.8499862831949225e-6	1.1335400795137886e-8	1.0111498619418534e-9	3.959997346035721e-5
776.0	2.2503684105749118e-8	1.741114913429824e-9	3.849985910351998e-6	1.133545507530101e-8	1.0106099572895365e-9	3.9599973503035635e-5
777.0	2.2490449190559354e-8	1.7422775213226025e-9	3.849985608583151e-6	1.1336413239490846e-8	1.0109223038005996e-9	3.959997352413381e-5
778.0	2.2486290936245167e-8	1.7411024623915873e-9	3.849985154678652e-6	1.1334100880318159e-8	1.0107864207777898e-9	3.9599973397578664e-5
779.0	2.248828170541106e-8	1.7415707586639903e-9	3.849985508408167e-6	1.1332650390191938e-8	1.0114236737089555e-9	3.9599973575376525e-5
780.0	2.24960569413643e-8	1.7433974554993453e-9	3.84998668310062e-6	1.1329735534248584e-8	1.0114897107302552e-9	3.959997349395795e-5
781.0	2.2530669784706657e-8	1.7442475240453286e-9	3.849986555592834e-6	1.1327547583302671e-8	1.0116513715776626e-9	3.9599973460567666e-5
782.0	2.2474955729007664e-8	1.7449961223386257e-9	3.849985565892498e-6	1.1325830938374643e-8	1.0117149190666357e-9	3.9599973474723186e-5
783.0	2.248326512961338e-8	1.7444059284953895e-9	3.849985660629596e-6	1.1324092303979618e-8	1.0112360245785505e-9	3.959997334002212e-5
784.0	2.2480072913528805e-8	1.7444560792150382e-9	3.8499854996480535e-6	1.132465633754196e-8	1.0115587337040224e-9	3.9599973415929694e-5
785.0	2.2524234152067007e-8	1.7420063760748622e-9	3.849985683563545e-6	1.1323150050028676e-8	1.0112262696278539e-9	3.9599973385848356e-5
786.0	2.251731017935236e-8	1.741966421168922e-9	3.849986112519381e-6	1.132575492159995e-8	1.011802007866809e-9	3.9599973407811486e-5
787.0	2.246600834162756e-8	1.7424783198072338e-9	3.8499863970131655e-6	1.1325078015662541e-8	1.0120240376370777e-9	3.959997358808534e-5
788.0	2.2506161238064762e-8	1.743422892229714e-9	3.849985513542103e-6	1.1328253301759877e-8	1.0121974216788004e-9	3.959997364361535e-5
789.0	2.249418171618261e-8	1.7448425757788252e-9	3.849985767391483e-6	1.1327244103559862e-8	1.0125949885411121e-9	3.959997388956547e-5
790.0	2.2508175937358825e-8	1.7454521590549508e-9	3.849985970240398e-6	1.1329732945230493e-8	1.0121767854106877e-9	3.959997410511521e-5
791.0	2.2487681819230173e-8	1.7466495071658396e-9	3.849985478779031e-6	1.1327999885065647e-8	1.012062192670297e-9	3.9599974003148316e-5
792.0	2.248694223930317e-8	1.744602686119215e-9	3.849986240338854e-6	1.1330368784798213e-8	1.0114980231810307e-9	3.9599974291002556e-5
793.0	2.2520679578188274e-8	1.7440161861350388e-9	3.84998551028899e-6	1.1329306449182507e-8	1.0114959571973411e-9	3.9599973942152924e-5
794.0	2.248880572406681e-8	1.7425630754694452e-9	3.8499861623168115e-6	1.1331833996987514e-8	1.011263503904938e-9	3.959997416395749e-5
795.0	2.2496565469663077e-8	1.7441042814873978e-9	3.849986233824179e-6	1.1331390101064516e-8	1.0114174837451555e-9	3.9599974010993664e-5
796.0	2.2511222201936304e-8	1.7430766805945735e-9	3.849986111198878e-6	1.1332993617566943e-8	1.011392416772707e-9	3.959997407522934e-5
797.0	2.2500801212884612e-8	1.7439600141791955e-9	3.84998540696878e-6	1.133185833645193e-8	1.0113489906487378e-9	3.9599974222943445e-5
798.0	2.250378266854533e-8	1.7464204722218202e-9	3.849986003397779e-6	1.133195982337612e-8	1.0112110093879575e-9	3.959997403996025e-5
799.0	2.2470667193668296e-8	1.7446281992341406e-9	3.8499859947113664e-6	1.1330754733328795e-8	1.0108782512771166e-9	3.959997433673377e-5
800.0	2.2525768148942252e-8	1.745244199049022e-9	3.849985449147994e-6	1.1329136755863592e-8	1.0108071287150833e-9	3.9599973929551297e-5
