turn	ele_ex	ele_ey	ele_ez	pro_ex	pro_ey	pro_ez
0.0	2.042863688674095e-8	1.6115897272034455e-9	3.849993070495706e-6	1.1281234336020398e-8	1.0034661128962659e-9	3.9598392805126434e-5
1.0	2.092279203308814e-8	1.625078653925572e-9	3.849994124356472e-6	1.1284008909347136e-8	1.0051894135373316e-9	3.95983927275314e-5
2.0	2.104206133035388e-8	1.6227773914763429e-9	3.8499952442466624e-6	1.1304945105360005e-8	1.0058624558450464e-9	3.9598393317850385e-5
3.0	2.085379758903384e-8	1.6297996045164998e-9	3.849993511209075e-6	1.1322904110704173e-8	1.0072167222889995e-9	3.9598392700613024e-5
4.0	2.0758089559339727e-8	1.6405780067267094e-9	3.849993624892044e-6	1.1339388225927076e-8	1.0081609115120292e-9	3.959839289802477e-5
5.0	2.1396431201960802e-8	1.6330042149842115e-9	3.849993556375894e-6	1.1347256393255321e-8	1.0079185771414802e-9	3.959839243648494e-5
6.0	2.1953084974777975e-8	1.6391226853138262e-9	3.849992497999846e-6	1.136109292642608e-8	1.0094565443327851e-9	3.9598392504088363e-5
7.0	2.156166620365417e-8	1.634016514836172e-9	3.849994011564488e-6	1.1359901984818684e-8	1.0092858732643917e-9	3.9598392323389476e-5
8.0	2.1344189909832026e-8	1.6359419236181956e-9	3.849994458985318e-6	1.1354094982670092e-8	1.0105591075586974e-9	3.959839204904169e-5
9.0	2.177035877961404e-8	1.6448731149556764e-9	3.8499935436308985e-6	1.1345555287690939e-8	1.0110595767137334e-9	3.959839236660443e-5
10.0	2.2488647452224062e-8	1.6403191012646536e-9	3.849993197416987e-6	1.1325308154326764e-8	1.0122431778659544e-9	3.959839204136935e-5
11.0	2.232987945671297e-8	1.6448551961752372e-9	3.849993569257861e-6	1.1306014830636644e-8	1.0131407745773873e-9	3.9598392607204786e-5
12.0	2.1838828512082403e-8	1.6456170906556302e-9	3.849993321065628e-6	1.1292596786864072e-8	1.0134001407960973e-9	3.959839199964019e-5
13.0	2.1938012292813058e-8	1.6442582906457587e-9	3.849993558162854e-6	1.1287730804733247e-8	1.0137569985019942e-9	3.9598392268906515e-5
14.0	2.2344478778318857e-8	1.6486664167340792e-9	3.8499939446879e-6	1.1282205450498561e-8	1.0134795097272688e-9	3.959839194040146e-5
15.0	2.241565062769539e-8	1.64729462584344e-9	3.849993232094129e-6	1.1291381763288986e-8	1.013471632381937e-9	3.9598391808133934e-5
16.0	2.2163545834316127e-8	1.6452520289787912e-9	3.8499931878685395e-6	1.1300596845488455e-8	1.013019430543497e-9	3.9598391808820796e-5
17.0	2.208101674575891e-8	1.645726630465107e-9	3.8499935353843416e-6	1.1317240366631577e-8	1.0126692048816109e-9	3.95983915565037e-5
18.0	2.2156206092616134e-8	1.6456720470645552e-9	3.849993782453067e-6	1.132968586923772e-8	1.011938691669667e-9	3.9598391894099064e-5
19.0	2.217509117139904e-8	1.6468864149263197e-9	3.849994195294432e-6	1.1344562017660803e-8	1.0110357486344228e-9	3.959839151712731e-5
20.0	2.2190229249551264e-8	1.6484492794759026e-9	3.849993778251122e-6	1.1350347300194383e-8	1.0100095025305003e-9	3.9598391684396596e-5
21.0	2.2224232046172824e-8	1.6475773947999895e-9	3.849993103996554e-6	1.1350134868368093e-8	1.0094512741454807e-9	3.9598391590478925e-5
22.0	2.221579005219343e-8	1.6493260382425275e-9	3.849993251855579e-6	1.134749968833052e-8	1.0084493050802717e-9	3.9598391311524805e-5
23.0	2.2120386554154725e-8	1.6489218894262236e-9	3.849993820201923e-6	1.1335722344369446e-8	1.008166559715852e-9	3.959839151253848e-5
24.0	2.212358395253507e-8	1.6482973992955025e-9	3.849993547493068e-6	1.1326556111185317e-8	1.0075666665746204e-9	3.959839094144557e-5
25.0	2.222297545202599e-8	1.6485148188889249e-9	3.849993999047201e-6	1.1313587760088548e-8	1.0073872293364786e-9	3.959839133602177e-5
26.0	2.2276190582960346e-8	1.6483610528355667e-9	3.849993825076031e-6	1.1309001504562254e-8	1.007573495461325e-9	3.9598390964509894e-5
27.0	2.2216642523998303e-8	1.6487317588095547e-9	3.8499929386168534e-6	1.1302403291400397e-8	1.0074137677059248e-9	3.959839141630219e-5
28.0	2.2169952671161416e-8	1.6486001092510582e-9	3.849992692832374e-6	1.130703479439334e-8	1.0082795949074973e-9	3.959839129449612e-5
29.0	2.2166554752264833e-8	1.6501343939733384e-9	3.84999379060626e-6	1.1309676673198509e-8	1.008112039538842e-9	3.959839147302895e-5
30.0	2.2251718503421875e-8	1.649880526864824e-9	3.849993483212432e-6	1.1320570206362706e-8	1.0091567825639032e-9	3.959839151181911e-5
31.0	2.220378765375141e-8	1.649244303836009e-9	3.849993160742239e-6	1.132800193632034e-8	1.0090487515519963e-9	3.959839153878219e-5
32.0	2.2244900863772545e-8	1.6489162242076703e-9	3.849993416514582e-6	1.1336268404817617e-8	1.0096545814092153e-9	3.9598391663686715e-5
33.0	2.2205482614912764e-8	1.6483885543305185e-9	3.849993057485085e-6	1.1340883025815416e-8	1.009947205326664e-9	3.9598391688552655e-5
34.0	2.2203308503231673e-8	1.648953384735714e-9	3.849992500961345e-6	1.1340389832804429e-8	1.0098773618550365e-9	3.9598391849797824e-5
35.0	2.2211835023770366e-8	1.6488671066242057e-9	3.84999352560071e-6	1.1339991682528152e-8	1.0107712659779371e-9	3.959839174216603e-5
36.0	2.220712403768359e-8	1.6518964448459155e-9	3.849993790413706e-6	1.1330905391611547e-8	1.0103194224386713e-9	3.95983917619575e-5
37.0	2.224530912481308e-8	1.650656586178084e-9	3.849993122031797e-6	1.1326381054626214e-8	1.011409605444725e-9	3.9598391537444864e-5
38.0	2.2204713327168683e-8	1.6505470423090996e-9	3.849993156998333e-6	1.1314959387872843e-8	1.0110336253868131e-9	3.9598391567139996e-5
39.0	2.22269637362318e-8	1.6506232419493043e-9	3.849993250574727e-6	1.1312387016600507e-8	1.011590266910035e-9	3.9598391268608465e-5
40.0	2.2209719665349805e-8	1.6492988067150345e-9	3.849992993362258e-6	1.130626016216867e-8	1.011441065100558e-9	3.959839138175274e-5
41.0	2.2218023823017758e-8	1.6499687665424605e-9	3.8499934472179645e-6	1.1310547558541947e-8	1.010993287102624e-9	3.959839119373299e-5
42.0	2.220673049845749e-8	1.6499083515765203e-9	3.8499935107081966e-6	1.1311427391379516e-8	1.0108923740077927e-9	3.959839136366435e-5
43.0	2.2237518209350416e-8	1.6514547204465237e-9	3.849993078570894e-6	1.1319730106646618e-8	1.0098857377319102e-9	3.959839126838505e-5
44.0	2.223335998197335e-8	1.6535628740926103e-9	3.849993168091882e-6	1.1324580072646418e-8	1.0100632456268333e-9	3.9598391452434055e-5
45.0	2.2225088403580293e-8	1.6524689755788195e-9	3.849993262998838e-6	1.1330508198512896e-8	1.0092041707838346e-9	3.9598391507552434e-5
46.0	2.220458598077331e-8	1.652702552746817e-9	3.849993447163097e-6	1.1335681534633759e-8	1.0093806311418802e-9	3.9598391484362386e-5
47.0	2.2209156087109776e-8	1.6518962119308837e-9	3.8499933223573654e-6	1.1335694913773786e-8	1.0090370371335157e-9	3.9598391647509585e-5
48.0	2.2237752583304353e-8	1.6503428279460885e-9	3.84999290482434e-6	1.1338359310991893e-8	1.0090787811749788e-9	3.959839138895556e-5
49.0	2.2237051383635e-8	1.6509334109606724e-9	3.849992911802698e-6	1.1331438030859236e-8	1.009203678222697e-9	3.959839156820716e-5
50.0	2.2236239679082273e-8	1.6514734048572829e-9	3.849993109794446e-6	1.1331339631171309e-8	1.0090900946871504e-9	3.9598391351307795e-5
51.0	2.2218602007554655e-8	1.652310151054696e-9	3.8499929974999725e-6	1.1321508264135835e-8	1.0095280382632616e-9	3.9598391638761666e-5
52.0	2.2215206930086285e-8	1.6534952039716904e-9	3.849993373177817e-6	1.1321804202183728e-8	1.009653652767141e-9	3.9598391731215367e-5
53.0	2.2226741597568263e-8	1.652777938980553e-9	3.849993714648592e-6	1.131502719794684e-8	1.0096568300355205e-9	3.959839176885569e-5
54.0	2.2244463453249473e-8	1.6543798468961195e-9	3.849992194491016e-6	1.1319046799236149e-8	1.0099840512500539e-9	3.959839199346985e-5
55.0	2.2248620498175424e-8	1.6522295676984553e-9	3.849992427098511e-6	1.1317106019505852e-8	1.009963370355565e-9	3.959839176942223e-5
56.0	2.2228094903066714e-8	1.6535689980393931e-9	3.84999336205109e-6	1.132295736269304e-8	1.010495055834743e-9	3.9598392204973315e-5
57.0	2.222024104189139e-8	1.6529951494047878e-9	3.8499936679270085e-6	1.1323358058779704e-8	1.0107923178720965e-9	3.9598391880713294e-5
58.0	2.223122509899064e-8	1.6534032573296895e-9	3.8499929667926955e-6	1.1326867342464192e-8	1.0112267148636244e-9	3.9598392243821315e-5
59.0	2.2255798503679195e-8	1.654924416692148e-9	3.849993296577408e-6	1.1328536322811899e-8	1.011729986939974e-9	3.9598391978686024e-5
60.0	2.2232419471346202e-8	1.6550722580794211e-9	3.8499929099228526e-6	1.1328027221940983e-8	1.0116440390290095e-9	3.9598392056363146e-5
61.0	2.2227236152198914e-8	1.6539189722880541e-9	3.849992439912058e-6	1.1330902111144845e-8	1.01200981904303e-9	3.959839198547547e-5
62.0	2.22332456579957e-8	1.6549179299473076e-9	3.849993081198375e-6	1.1324802915436278e-8	1.0113998045482844e-9	3.9598391882922125e-5
63.0	2.2248679313833204e-8	1.6544735211667653e-9	3.849993748973413e-6	1.1328559276873183e-8	1.0115687458565703e-9	3.959839206646318e-5
64.0	2.222780806980778e-8	1.652510794704461e-9	3.849993377950672e-6	1.1321040002375441e-8	1.0112599945912331e-9	3.959839192983178e-5
65.0	2.2246429238281602e-8	1.654322578562383e-9	3.849993052492049e-6	1.1325522926071228e-8	1.010865987484346e-9	3.959839213183582e-5
66.0	2.223504297546139e-8	1.6560885840615835e-9	3.849992738706248e-6	1.1321390293395821e-8	1.0111767334364279e-9	3.9598392065157855e-5
67.0	2.225735341259648e-8	1.654938646286313e-9	3.849993152296817e-6	1.1326949436175912e-8	1.0102604358317625e-9	3.959839216302355e-5
68.0	2.2232079148647667e-8	1.6560442280782266e-9	3.849992961370115e-6	1.1325104103038756e-8	1.0109738468506857e-9	3.9598392219049634e-5
69.0	2.222074856505572e-8	1.6554098067224165e-9	3.8499929780796865e-6	1.1330834290329771e-8	1.0099442268985557e-9	3.959839212607942e-5
70.0	2.2261411560104228e-8	1.6559407049785825e-9	3.849992715981027e-6	1.1328247825413607e-8	1.010405429087396e-9	3.959839223866472e-5
71.0	2.225972736711266e-8	1.654870774203425e-9	3.849992871350194e-6	1.1331993254928981e-8	1.0097600256854323e-9	3.959839193824082e-5
72.0	2.2230281440092662e-8	1.6556311179697652e-9	3.849993172320771e-6	1.1328631897102125e-8	1.0094670910410665e-9	3.9598391872807136e-5
73.0	2.2235352442673126e-8	1.6553977531614868e-9	3.849992831458581e-6	1.132873584258257e-8	1.0096609979412427e-9	3.95983916400741e-5
74.0	2.223744629186884e-8	1.6561085648648462e-9	3.849992826453494e-6	1.1327986241166663e-8	1.0088405454684802e-9	3.959839143347581e-5
75.0	2.2281496171644062e-8	1.6575799407397246e-9	3.849992685600647e-6	1.1323726054689099e-8	1.0098352641419693e-9	3.959839158191967e-5
76.0	2.2232602969118364e-8	1.655795181360109e-9	3.849992300607694e-6	1.1326652324474834e-8	1.0088526219807398e-9	3.959839127693566e-5
77.0	2.221909701841756e-8	1.6560311451939277e-9	3.849992828082044e-6	1.1321483957962193e-8	1.0099217160593039e-9	3.9598391605423296e-5
78.0	2.2248983754248923e-8	1.6582613149087828e-9	3.849992908173871e-6	1.1326868712710273e-8	1.0094781711747446e-9	3.959839122798536e-5
79.0	2.226438949600979e-8	1.6557955501109707e-9	3.849993250495994e-6	1.1324209900771578e-8	1.009920414324769e-9	3.959839131590569e-5
80.0	2.225154772418101e-8	1.6571034690191232e-9	3.84999288329178e-6	1.1329964936816467e-8	1.0106004919067054e-9	3.95983910224757e-5
81.0	2.2220431000377027e-8	1.658596599342935e-9	3.849992511685633e-6	1.1328639822276752e-8	1.010163171651505e-9	3.9598390893266434e-5
82.0	2.2212931317301394e-8	1.6571648253926835e-9	3.849992480307604e-6	1.1332590283911497e-8	1.011429018336827e-9	3.959839066688678e-5
83.0	2.22573790702025e-8	1.6571411015265931e-9	3.849993078744182e-6	1.1329326971729157e-8	1.0106593389372062e-9	3.9598390505781096e-5
84.0	2.2259057476555082e-8	1.6580612217592444e-9	3.849992645430817e-6	1.133232355989751e-8	1.0117229105558615e-9	3.9598390337938034e-5
85.0	2.223147547572484e-8	1.6570082299481079e-9	3.84999287887748e-6	1.1327398387842537e-8	1.0112218114711117e-9	3.959839038181239e-5
86.0	2.2228938553985273e-8	1.6562449004935652e-9	3.849993520013076e-6	1.1328733586267078e-8	1.0116219516518585e-9	3.959839025249152e-5
87.0	2.2223653284919926e-8	1.6576857100023444e-9	3.849992971666828e-6	1.1324995381964446e-8	1.0119319136225031e-9	3.959839046093154e-5
88.0	2.2262035201577575e-8	1.6577172881985903e-9	3.849992520688743e-6	1.1322663541933963e-8	1.0115287455508841e-9	3.9598390461054246e-5
89.0	2.2252167006439962e-8	1.6564378044673945e-9	3.849992992801256e-6	1.1322726742135674e-8	1.0124915130584114e-9	3.9598390547908333e-5
90.0	2.2234016115907384e-8	1.6598523527595441e-9	3.849992962916211e-6	1.1319143743105826e-8	1.0115476161959221e-9	3.959839066420868e-5
91.0	2.222489228229068e-8	1.6595259777915074e-9	3.849992572542115e-6	1.132294997457005e-8	1.0123162117263424e-9	3.9598390509782425e-5
92.0	2.2240542519925737e-8	1.658194477787997e-9	3.849993164252903e-6	1.1320939597980301e-8	1.0114361295577372e-9	3.959839077103671e-5
93.0	2.22395451122705e-8	1.659681805445046e-9	3.849993240546294e-6	1.132601654053904e-8	1.0115876487744981e-9	3.9598390625869985e-5
94.0	2.223300653568465e-8	1.6586717540745543e-9	3.849993043610894e-6	1.132546463131851e-8	1.0112814935099708e-9	3.9598390950976076e-5
95.0	2.2231472341386634e-8	1.6577183927191726e-9	3.849992740621303e-6	1.1329857521849727e-8	1.010796710578765e-9	3.9598391016920465e-5
96.0	2.2254436251840463e-8	1.657366991513552e-9	3.849993111469746e-6	1.1328754217191441e-8	1.0109157947070048e-9	3.9598391063519684e-5
97.0	2.2245079528336077e-8	1.6573827757664459e-9	3.8499928585795625e-6	1.1332992547857478e-8	1.0101282148664152e-9	3.9598391322164725e-5
98.0	2.219605910764896e-8	1.658737603920113e-9	3.849992819721572e-6	1.1331729671323868e-8	1.010451444693064e-9	3.959839115758888e-5
99.0	2.22005501689891e-8	1.6588117169875863e-9	3.849992710477292e-6	1.133348825628249e-8	1.0097706881890968e-9	3.95983914871478e-5
100.0	2.2273616290317576e-8	1.6601189706508344e-9	3.8499924630081974e-6	1.1331808007713714e-8	1.0101098265546468e-9	3.9598391471784604e-5
101.0	2.227425528647271e-8	1.6584813516632973e-9	3.8499935096028245e-6	1.1330505204505906e-8	1.0097469974059726e-9	3.959839178676191e-5
102.0	2.2199728449642288e-8	1.6594338660592119e-9	3.849993383777958e-6	1.1329432535905562e-8	1.0097863700549606e-9	3.9598391991653014e-5
103.0	2.216453216374176e-8	1.6589495275796283e-9	3.8499926864582375e-6	1.1326696730901769e-8	1.0096633068701902e-9	3.9598391871761646e-5
104.0	2.2236189654269407e-8	1.6575843118173617e-9	3.849992824757693e-6	1.1327035212171317e-8	1.0094108323842961e-9	3.959839219658668e-5
105.0	2.2321219747058226e-8	1.659131338486466e-9	3.849992624924419e-6	1.1323969657845643e-8	1.0097449102969996e-9	3.9598391570328844e-5
106.0	2.2218842142981618e-8	1.6590034205300746e-9	3.849991890902066e-6	1.1325256223473294e-8	1.0095653782275343e-9	3.9598391910668444e-5
107.0	2.2150471355432086e-8	1.6609917705638862e-9	3.849993160690967e-6	1.1322566353007284e-8	1.0100981428208532e-9	3.959839112723754e-5
108.0	2.2204954373175318e-8	1.661886465774806e-9	3.849993919666801e-6	1.1324875486777669e-8	1.0101526838264041e-9	3.959839170535911e-5
109.0	2.229565540332479e-8	1.6610013441440842e-9	3.849993124999672e-6	1.1322965866195316e-8	1.010563236942281e-9	3.959839096179446e-5
110.0	2.2242712272093668e-8	1.6622532868437392e-9	3.849992491937037e-6	1.1327083330407333e-8	1.0106935260749626e-9	3.95983915565425e-5
111.0	2.2134697195505215e-8	1.6602597948968361e-9	3.849992632084901e-6	1.1327406947807517e-8	1.010842133485073e-9	3.9598391166916074e-5
112.0	2.2170184145860018e-8	1.6595764903338789e-9	3.8499925461521155e-6	1.1329524310356692e-8	1.0110584696140715e-9	3.959839164154086e-5
113.0	2.2287260252218473e-8	1.6597994662331704e-9	3.84999291571397e-6	1.1330426463604548e-8	1.0111219713191227e-9	3.959839154010238e-5
114.0	2.222530387583893e-8	1.6590461312913027e-9	3.849993318104984e-6	1.1330499794510826e-8	1.0113025361754712e-9	3.959839147555936e-5
115.0	2.2145245900986735e-8	1.6604675865583182e-9	3.849993144846881e-6	1.1331789611601995e-8	1.0111666342955804e-9	3.9598391705731845e-5
116.0	2.2182530122746257e-8	1.6609041855065946e-9	3.849992892469486e-6	1.1330636735009454e-8	1.0113112651374952e-9	3.9598391341233076e-5
117.0	2.226732859444714e-8	1.661942606915639e-9	3.849992202586894e-6	1.1331751546672032e-8	1.0111041771776816e-9	3.959839182716817e-5
118.0	2.2258106671535182e-8	1.6610123309790025e-9	3.849992576766854e-6	1.1329347693948952e-8	1.011015361326269e-9	3.9598391200184195e-5
119.0	2.2120801834445485e-8	1.6615178165556723e-9	3.8499929841757275e-6	1.1329665304030848e-8	1.0108919030506297e-9	3.959839174762371e-5
120.0	2.2199823969563456e-8	1.6612768885408477e-9	3.849992481631831e-6	1.1326440255124121e-8	1.0109494559320573e-9	3.959839120563885e-5
121.0	2.2289042784548477e-8	1.659943235017371e-9	3.849992434674199e-6	1.132652860329074e-8	1.0109807340107203e-9	3.9598391468397096e-5
122.0	2.226733902033266e-8	1.6610048212035926e-9	3.84999298545515e-6	1.1322241559878453e-8	1.011007031712446e-9	3.959839097301652e-5
123.0	2.2161608307304587e-8	1.6610765405644427e-9	3.849992719952177e-6	1.1323910801070336e-8	1.0108859099710288e-9	3.9598390991272077e-5
124.0	2.218112077138773e-8	1.663065244545278e-9	3.849992514371796e-6	1.1322174929185147e-8	1.0106447504570378e-9	3.959839058866152e-5
125.0	2.2314233332137675e-8	1.662900427929669e-9	3.849992875918952e-6	1.1323824938226537e-8	1.0106021679547661e-9	3.9598390812611374e-5
126.0	2.2293731769646424e-8	1.663287200661531e-9	3.8499922306283565e-6	1.1324475612249268e-8	1.0102716384387139e-9	3.95983903801912e-5
127.0	2.2175893580912852e-8	1.6633408651028173e-9	3.849992250446715e-6	1.1326113394834121e-8	1.0105163634274562e-9	3.959839077778682e-5
128.0	2.2187023499866984e-8	1.6611965031779151e-9	3.849992732495013e-6	1.1328703241020667e-8	1.0103742689198397e-9	3.959839034375444e-5
129.0	2.2279101680208316e-8	1.6627822832100273e-9	3.849993159569555e-6	1.1329813419551401e-8	1.0106728279958489e-9	3.9598390576708125e-5
130.0	2.2328428805925304e-8	1.6625824672030562e-9	3.849993062158657e-6	1.1331940348990817e-8	1.010749497917898e-9	3.959839021608636e-5
131.0	2.2209646996757983e-8	1.6622268569194438e-9	3.84999290511527e-6	1.1331604004376918e-8	1.010697873149875e-9	3.95983902117868e-5
132.0	2.2189301566424757e-8	1.6632169295504457e-9	3.849992496327842e-6	1.133217102530018e-8	1.0109664882990507e-9	3.9598390104122294e-5
133.0	2.2252067476886674e-8	1.66387265781906e-9	3.849991924773765e-6	1.132972486943585e-8	1.0106645498011114e-9	3.95983901361906e-5
134.0	2.2280100867873975e-8	1.6638780981371052e-9	3.849992585056635e-6	1.1328901430520667e-8	1.0109257269212869e-9	3.959839030622162e-5
135.0	2.2278710141379177e-8	1.6644553855388373e-9	3.849993039701181e-6	1.1324667393183796e-8	1.010794022732803e-9	3.959839024519117e-5
136.0	2.220428119350515e-8	1.6642582686617297e-9	3.8499926572899025e-6	1.1324411994256582e-8	1.0108547900968288e-9	3.959839040821369e-5
137.0	2.223164974473447e-8	1.6641404596357276e-9	3.849992917398757e-6	1.1321263670664414e-8	1.0111063616204916e-9	3.959839027519049e-5
138.0	2.2237818637419075e-8	1.6643964714128267e-9	3.849992708954278e-6	1.1321766657999753e-8	1.011082193655306e-9	3.959839032295306e-5
139.0	2.226751980581442e-8	1.6630580386807392e-9	3.849991669908931e-6	1.1321753662059594e-8	1.0114385193979953e-9	3.959839027563142e-5
140.0	2.2256647024105776e-8	1.6655680184536714e-9	3.849991837664642e-6	1.1323631357634604e-8	1.011223683833578e-9	3.959839038039512e-5
141.0	2.2207619377314678e-8	1.6634914627364997e-9	3.849992757368205e-6	1.1325797476946779e-8	1.0114120470536504e-9	3.9598390378333916e-5
142.0	2.2224509206550478e-8	1.6637426457813585e-9	3.849992677531704e-6	1.1327914621164494e-8	1.0110130056910201e-9	3.959839047958996e-5
143.0	2.2241190909473997e-8	1.6648280933348894e-9	3.849992303478949e-6	1.1330027891148044e-8	1.010882865640425e-9	3.9598390465369296e-5
144.0	2.2261507739972052e-8	1.6644054722410278e-9	3.849992702507505e-6	1.1331549689534525e-8	1.0107914234688674e-9	3.959839062982051e-5
145.0	2.221948830981954e-8	1.6650424672463109e-9	3.849992425139537e-6	1.1332309884020687e-8	1.0105045617213753e-9	3.959839071480346e-5
146.0	2.223988529954195e-8	1.664306509997719e-9	3.849991948652347e-6	1.1331789271944011e-8	1.0106681046090713e-9	3.9598390756769955e-5
147.0	2.22596677646826e-8	1.665145675469041e-9	3.849992286729801e-6	1.13313469033909e-8	1.0102014785718237e-9	3.9598390779877935e-5
148.0	2.224483321625745e-8	1.6662880992084128e-9	3.849992899199951e-6	1.1328581346306518e-8	1.0105302800196032e-9	3.9598390755151824e-5
149.0	2.220726405198549e-8	1.6650053357374061e-9	3.849992732161681e-6	1.1327185338059765e-8	1.010149025089268e-9	3.959839067978625e-5
150.0	2.2235009978851477e-8	1.6671490996054556e-9	3.849991892858661e-6	1.1324330041711431e-8	1.0105245599704572e-9	3.959839086196276e-5
151.0	2.2292639861443278e-8	1.6649482451265111e-9	3.849992131843226e-6	1.1322979753824902e-8	1.0105169452717647e-9	3.9598390617471795e-5
152.0	2.2276222292853643e-8	1.6656738364784812e-9	3.849992519206428e-6	1.1322708453013505e-8	1.0106740353944405e-9	3.959839121689361e-5
153.0	2.2187164995251416e-8	1.665218547535778e-9	3.849992766520705e-6	1.1322802068840738e-8	1.0107238330852947e-9	3.9598390737076825e-5
154.0	2.221924907426757e-8	1.6643934300428129e-9	3.849992898034211e-6	1.1324520458050215e-8	1.0104676611013048e-9	3.959839148122322e-5
155.0	2.2335122407333486e-8	1.6663197723661647e-9	3.8499921951560855e-6	1.1326765569179046e-8	1.0109383778380717e-9	3.959839095764532e-5
156.0	2.2304650136205308e-8	1.6646064534360495e-9	3.849992499756141e-6	1.1327535031536735e-8	1.0105441257695038e-9	3.9598391752473075e-5
157.0	2.2219260468572415e-8	1.6670134178235703e-9	3.849991534187037e-6	1.1329534690954322e-8	1.0110477070144645e-9	3.9598391293787644e-5
158.0	2.218369587802169e-8	1.6663547007795172e-9	3.849991738087206e-6	1.1329520345719959e-8	1.0109880859190346e-9	3.9598391768683164e-5
159.0	2.2310060190559724e-8	1.666761623173538e-9	3.849992508172706e-6	1.1329499310020567e-8	1.0111434349275063e-9	3.9598391379242596e-5
160.0	2.2353067687908206e-8	1.6675644119525443e-9	3.849993278891522e-6	1.1329607581028173e-8	1.0112210314243535e-9	3.959839151471182e-5
161.0	2.222112068106981e-8	1.6673486161230161e-9	3.849992615607051e-6	1.1328011872630802e-8	1.0111255921687762e-9	3.959839150898252e-5
162.0	2.2187475639355088e-8	1.6672004283663988e-9	3.849991877447524e-6	1.1327286474275033e-8	1.0112779972668776e-9	3.959839135754594e-5
163.0	2.2243990588292027e-8	1.6661385339433696e-9	3.84999234409137e-6	1.1325248990098127e-8	1.0111049651691527e-9	3.9598391667487725e-5
164.0	2.2321936611800637e-8	1.6672864787205133e-9	3.849991825775319e-6	1.1323904691149821e-8	1.0115651941548063e-9	3.959839126891479e-5
165.0	2.2242843027396883e-8	1.667694370888216e-9	3.849991627331786e-6	1.1323504047010335e-8	1.0110314243862469e-9	3.959839173066393e-5
166.0	2.220142527998747e-8	1.6674415596555205e-9	3.849992505191631e-6	1.1323275201121943e-8	1.0112033019416359e-9	3.959839125295049e-5
167.0	2.221732642459298e-8	1.6673569118803213e-9	3.849992878494337e-6	1.1325083942121915e-8	1.0106052136123466e-9	3.9598391406546256e-5
168.0	2.2281426261609414e-8	1.667475505639352e-9	3.849992740984609e-6	1.1326334295786341e-8	1.0103375415640007e-9	3.959839112523792e-5
169.0	2.2251084206509927e-8	1.6667914249202822e-9	3.849992178993197e-6	1.1327793790523504e-8	1.0102394162475532e-9	3.9598391214271084e-5
170.0	2.220655726176987e-8	1.6673264934839273e-9	3.849992061516656e-6	1.1328994143711335e-8	1.0101802046970744e-9	3.9598391289555196e-5
171.0	2.22315984785927e-8	1.6671143360019693e-9	3.849992097980631e-6	1.132976925123462e-8	1.0107981700027344e-9	3.9598391347909316e-5
172.0	2.2255955413498317e-8	1.666625866913264e-9	3.849992330597926e-6	1.1329480188070893e-8	1.010444798232161e-9	3.95983912994332e-5
173.0	2.2250015263558185e-8	1.6676117548470823e-9	3.84999260855917e-6	1.132983449446741e-8	1.0109931908227916e-9	3.959839125500262e-5
174.0	2.2213963396763756e-8	1.6694261996687114e-9	3.84999241854966e-6	1.1328241799225555e-8	1.0102663528000224e-9	3.95983909726279e-5
175.0	2.2233734174911837e-8	1.6691751040429804e-9	3.8499923214252546e-6	1.132748514630242e-8	1.01041455999702e-9	3.959839087431976e-5
176.0	2.2274574035552066e-8	1.6682921717796356e-9	3.849991843801532e-6	1.1324920293516704e-8	1.0102997070706557e-9	3.959839062774556e-5
177.0	2.2256410033081622e-8	1.6688239902838743e-9	3.849991723530653e-6	1.132420298332184e-8	1.0104295206365303e-9	3.959839044536179e-5
178.0	2.2210208878304433e-8	1.6684993205928327e-9	3.849992033169776e-6	1.1323568903932674e-8	1.0111341270243364e-9	3.9598390620755254e-5
179.0	2.222354055649736e-8	1.6679352685773457e-9	3.849993104212931e-6	1.1325275590101737e-8	1.010926855502029e-9	3.95983903100587e-5
180.0	2.2284744058476483e-8	1.6691748323931457e-9	3.849992357816989e-6	1.1326146374542642e-8	1.011711194329953e-9	3.9598390638027265e-5
181.0	2.2300656676009427e-8	1.6687612509777173e-9	3.849991657707136e-6	1.1328605184124399e-8	1.0112107760940116e-9	3.9598390292717195e-5
182.0	2.223812953755158e-8	1.6673251843619894e-9	3.849991634447083e-6	1.1328121197121337e-8	1.0115155894020194e-9	3.959839051135752e-5
183.0	2.2202639676476803e-8	1.6694008143599436e-9	3.849992112368291e-6	1.1329501257293467e-8	1.0112159710042725e-9	3.959839031067113e-5
184.0	2.2274580496222282e-8	1.6683935626764438e-9	3.849991975915851e-6	1.1328421659656422e-8	1.0110753893964457e-9	3.959839028577512e-5
185.0	2.2339751540043078e-8	1.6685896780820773e-9	3.849992090783531e-6	1.1328882423044513e-8	1.011282970598172e-9	3.959839025229147e-5
186.0	2.2267484637728193e-8	1.6707066267532557e-9	3.849992627371365e-6	1.1328652750235183e-8	1.0108459471953526e-9	3.9598390024785725e-5
187.0	2.219683371716481e-8	1.6692810822935707e-9	3.849992225023809e-6	1.1327590482736465e-8	1.0112396635608596e-9	3.9598390132006225e-5
188.0	2.22413588457294e-8	1.6696496543830907e-9	3.84999146031531e-6	1.132634998710361e-8	1.0109030157189126e-9	3.9598389982837726e-5
189.0	2.232197566327933e-8	1.6710438669061238e-9	3.8499921328373525e-6	1.1324341787796455e-8	1.011016973486094e-9	3.9598390156370945e-5
190.0	2.231760476969982e-8	1.6704587457343132e-9	3.8499923074770275e-6	1.1323622448287578e-8	1.0110238001365182e-9	3.959839008045505e-5
191.0	2.2222274281493887e-8	1.6696593972884118e-9	3.849991610630449e-6	1.1323328023793162e-8	1.010699953975387e-9	3.959839020300081e-5
192.0	2.221125602622746e-8	1.6697073141889872e-9	3.84999169957419e-6	1.1325189513528092e-8	1.0108635990405185e-9	3.9598390178712056e-5
193.0	2.229545148265983e-8	1.6699686104182961e-9	3.849992536640613e-6	1.1325941059962519e-8	1.0103879240993786e-9	3.959839033037201e-5
194.0	2.2318132791651237e-8	1.670154859170683e-9	3.8499921821297496e-6	1.1329017460144e-8	1.010724147408242e-9	3.959839029177135e-5
195.0	2.2247351903401997e-8	1.6696858125765156e-9	3.8499922134203714e-6	1.1328341570294315e-8	1.010435459771742e-9	3.959839042285272e-5
196.0	2.2234012049457787e-8	1.6706931286057691e-9	3.849991671857248e-6	1.1330981416311406e-8	1.0108419838130633e-9	3.95983905162487e-5
197.0	2.223828647046099e-8	1.6703127412823986e-9	3.849991885461686e-6	1.1330580799934887e-8	1.0110447395639615e-9	3.959839074151041e-5
198.0	2.2270272884956727e-8	1.6706657659073214e-9	3.849991912006454e-6	1.1332330271774824e-8	1.0107706879541958e-9	3.959839078444485e-5
199.0	2.2243843199472137e-8	1.6714600927293516e-9	3.849992369083036e-6	1.1331143316854583e-8	1.0109953191702565e-9	3.9598390962642654e-5
200.0	2.2264741592335313e-8	1.6719331458249548e-9	3.8499930234137e-6	1.1331136481463329e-8	1.010370447102422e-9	3.9598390850251425e-5
201.0	2.2273164250032697e-8	1.6721950059984672e-9	3.849992239526232e-6	1.1328773856721445e-8	1.0106219455521187e-9	3.959839105683863e-5
202.0	2.222816214505925e-8	1.6699161621648566e-9	3.849991369465245e-6	1.1327485119471708e-8	1.0104163873304197e-9	3.959839088048185e-5
203.0	2.2219736193241767e-8	1.6704727356423734e-9	3.8499914053287365e-6	1.132560200615793e-8	1.010773286681956e-9	3.9598391049162286e-5
204.0	2.2264816616695333e-8	1.6713216497644792e-9	3.849992103741952e-6	1.1325519187472021e-8	1.011158446117606e-9	3.959839111670221e-5
205.0	2.234064813170485e-8	1.6714240803869923e-9	3.84999231555663e-6	1.1325240619135759e-8	1.0109740187799272e-9	3.9598390982101413e-5
206.0	2.2259116157422107e-8	1.6707329155806696e-9	3.849993194357358e-6	1.1324966145635605e-8	1.0114162044827625e-9	3.959839112217786e-5
207.0	2.221446371800264e-8	1.6720270884235632e-9	3.849992440989037e-6	1.1325743142902225e-8	1.0106424441825404e-9	3.9598390746356884e-5
208.0	2.222450239591868e-8	1.6712101496137252e-9	3.849991525984452e-6	1.1324586008143369e-8	1.0110120935360662e-9	3.9598390837259884e-5
209.0	2.2321696748722917e-8	1.6714993711080375e-9	3.849991299150404e-6	1.1326044413142124e-8	1.0106692269465356e-9	3.9598390632982744e-5
210.0	2.2284757809728828e-8	1.6715815219748144e-9	3.84999221594016e-6	1.1325068114078767e-8	1.0110089006744031e-9	3.959839060737604e-5
211.0	2.2232201484295946e-8	1.6692252337338131e-9	3.849992098350637e-6	1.1326434242839357e-8	1.011418972184437e-9	3.959839071555905e-5
212.0	2.222593597374926e-8	1.6696013579258034e-9	3.849992773670785e-6	1.1326435822890304e-8	1.0112738122574276e-9	3.959839048829677e-5
213.0	2.2259314281360594e-8	1.67076738872533e-9	3.849992439747577e-6	1.1327133213202774e-8	1.0117410249512327e-9	3.9598390794324096e-5
214.0	2.2269659104929172e-8	1.6704832285601823e-9	3.849991628016552e-6	1.1327797838150007e-8	1.0112091441916569e-9	3.9598390562235964e-5
215.0	2.223031911676718e-8	1.672519493619579e-9	3.849992038612268e-6	1.132780040425734e-8	1.0114969731303042e-9	3.95983907238325e-5
216.0	2.227492841737357e-8	1.6730793045876346e-9	3.849992154630788e-6	1.1328495744659484e-8	1.0111786751804418e-9	3.9598390768884505e-5
217.0	2.2232892402939244e-8	1.6710812861837962e-9	3.849991898982433e-6	1.1328840310336047e-8	1.011372711163417e-9	3.9598390614585656e-5
218.0	2.2242169123093735e-8	1.6729998125731892e-9	3.849992121720578e-6	1.1329372766148436e-8	1.0116935228894618e-9	3.959839095860174e-5
219.0	2.2214229878885227e-8	1.6702336369329043e-9	3.849992497556665e-6	1.1329670125255618e-8	1.0113867760647528e-9	3.959839044002145e-5
220.0	2.2307662818362753e-8	1.6707331161414964e-9	3.849991237544214e-6	1.1329679105652285e-8	1.011844736779548e-9	3.959839092048061e-5
221.0	2.2297447655772684e-8	1.6701150650716587e-9	3.849992275858097e-6	1.132915691115741e-8	1.0116016709623433e-9	3.959839042011034e-5
222.0	2.221491857890946e-8	1.671646855302377e-9	3.8499925487287025e-6	1.132807143195819e-8	1.0118012530177196e-9	3.959839073983328e-5
223.0	2.22166067973967e-8	1.67151317934552e-9	3.849992108219366e-6	1.1327057207812035e-8	1.0117013786323196e-9	3.9598390377803647e-5
224.0	2.2272061490459627e-8	1.6735003179741295e-9	3.849991304817575e-6	1.1325057904954816e-8	1.0116299074925916e-9	3.959839036416523e-5
225.0	2.234637671794275e-8	1.6741306810669278e-9	3.849992439918738e-6	1.1324166000575485e-8	1.0117337189712764e-9	3.9598390332410677e-5
226.0	2.226574672117058e-8	1.6722692400061499e-9	3.8499923170714205e-6	1.1321817355646362e-8	1.011216410044549e-9	3.959839006504659e-5
227.0	2.22181177127057e-8	1.6724557961358309e-9	3.849991936453153e-6	1.1322959587038973e-8	1.0111642873387186e-9	3.959839019615533e-5
228.0	2.2257128833015895e-8	1.6704599531056914e-9	3.84999274380238e-6	1.1322191334621307e-8	1.0108392334873352e-9	3.9598389994858906e-5
229.0	2.2298792105665385e-8	1.6719917130083704e-9	3.849992200425579e-6	1.1326100041200917e-8	1.0106656807782932e-9	3.95983901052854e-5
230.0	2.2314223866662e-8	1.6729073325913365e-9	3.8499914223979666e-6	1.1327146374970666e-8	1.0108762916257275e-9	3.9598389876069427e-5
231.0	2.2249320094170363e-8	1.6732308196210687e-9	3.849991678667476e-6	1.1331219238386897e-8	1.0105052967769362e-9	3.959838993134885e-5
232.0	2.2238435246857995e-8	1.6726657923908392e-9	3.849992527135481e-6	1.1332657175981844e-8	1.0110622973644757e-9	3.959838974512838e-5
233.0	2.2264059338471324e-8	1.6738972185013156e-9	3.849992552617403e-6	1.1335407107210744e-8	1.0106956280157776e-9	3.95983896653868e-5
234.0	2.2290379689649697e-8	1.6730726308299668e-9	3.849992605875911e-6	1.1334919054727754e-8	1.0109731292828364e-9	3.959838965163449e-5
235.0	2.2300071771416953e-8	1.6725603726033132e-9	3.849991610339775e-6	1.1334603010858626e-8	1.0107817288505814e-9	3.959838958751106e-5
236.0	2.2265139101751496e-8	1.6726963372546563e-9	3.849991775814149e-6	1.1332628035786449e-8	1.0106347156778982e-9	3.959838967999958e-5
237.0	2.2221775525149432e-8	1.674204666955316e-9	3.849991453305634e-6	1.1329521712683628e-8	1.0106962028202207e-9	3.959838961578196e-5
238.0	2.227326887642886e-8	1.6721194830980356e-9	3.84999189225139e-6	1.1327140557618805e-8	1.0102696323231784e-9	3.9598389694307154e-5
239.0	2.2295248158248577e-8	1.6750728194588105e-9	3.849992811569713e-6	1.132339730050211e-8	1.0108579380512482e-9	3.9598389843804024e-5
240.0	2.2301816651916603e-8	1.6750167417398413e-9	3.849992781248158e-6	1.132348978494902e-8	1.0106065845346529e-9	3.959838986425914e-5
241.0	2.2228848460876316e-8	1.6741459561460527e-9	3.84999200515452e-6	1.1320883013149723e-8	1.0113780158873917e-9	3.959839021438225e-5
242.0	2.223027912485328e-8	1.673268070233852e-9	3.849991579565067e-6	1.1324195275618986e-8	1.0113316254953118e-9	3.9598390023749594e-5
243.0	2.229689665996335e-8	1.6738394941830365e-9	3.849991540245813e-6	1.1323672865862808e-8	1.0118298564077e-9	3.9598390435125876e-5
244.0	2.224730926737049e-8	1.6742295267788372e-9	3.84999186997091e-6	1.1328625345477035e-8	1.0118405657740639e-9	3.959839012018307e-5
245.0	2.2249487333450004e-8	1.6744132718791123e-9	3.84999247537246e-6	1.132846122439469e-8	1.0115400917369358e-9	3.959839046810724e-5
246.0	2.2238706199110034e-8	1.6758516716252328e-9	3.8499928339853654e-6	1.1332605377575082e-8	1.0118907589734744e-9	3.9598390183745274e-5
247.0	2.2294060960065067e-8	1.6742403189010126e-9	3.849992448315752e-6	1.133097386693369e-8	1.011223640177633e-9	3.959839049222442e-5
248.0	2.2243270588085935e-8	1.6754130472328718e-9	3.849991628309544e-6	1.1334126052198001e-8	1.0116766342541753e-9	3.959839039534978e-5
249.0	2.2199460498849222e-8	1.6746056859741915e-9	3.8499918138568766e-6	1.1331374732544375e-8	1.0113488683738706e-9	3.959839048516142e-5
250.0	2.229092206541303e-8	1.675816196804898e-9	3.8499914069747375e-6	1.1331641491683505e-8	1.0116496293678708e-9	3.959839051670029e-5
251.0	2.2327348940631114e-8	1.674015755413014e-9	3.849992358198994e-6	1.1328353474613712e-8	1.011678186343312e-9	3.959839043977179e-5
252.0	2.224907391362766e-8	1.6758435000898514e-9	3.849992509478625e-6	1.132634843953783e-8	1.0115582023398216e-9	3.959839074735436e-5
253.0	2.219311213187118e-8	1.6753972642829959e-9	3.849992941707821e-6	1.1325264172386554e-8	1.0115942112057185e-9	3.95983906154332e-5
254.0	2.227195159204998e-8	1.6753754497645876e-9	3.84999161864511e-6	1.1323286902311694e-8	1.0110605943104578e-9	3.959839093337079e-5
255.0	2.2389757942229818e-8	1.6764194047007306e-9	3.849991563541187e-6	1.1325472423383589e-8	1.0111568880220303e-9	3.959839067584378e-5
256.0	2.2295852091155726e-8	1.6764084192481673e-9	3.849992004067375e-6	1.132490639842476e-8	1.0104702856571034e-9	3.959839104362856e-5
257.0	2.218301004243885e-8	1.675789830417483e-9	3.849991765248444e-6	1.1329082108643188e-8	1.0107008080064824e-9	3.959839083521792e-5
258.0	2.226839268259194e-8	1.6761688930164742e-9	3.849992180274856e-6	1.1329188781483028e-8	1.0103856739467773e-9	3.959839114847946e-5
259.0	2.2354395438998578e-8	1.6754394184853987e-9	3.849992869168687e-6	1.1333266210901316e-8	1.0105731870583072e-9	3.959839109223378e-5
260.0	2.233879735168059e-8	1.6763954573044626e-9	3.8499926405831966e-6	1.1331281579110882e-8	1.0106224706634983e-9	3.9598391315303e-5
261.0	2.2223660177598684e-8	1.6749222875816363e-9	3.849991708021135e-6	1.133457987763487e-8	1.0103589889790875e-9	3.9598391200325385e-5
262.0	2.2237498805053408e-8	1.677055187946805e-9	3.8499919509106225e-6	1.1330319241355544e-8	1.0106846845888689e-9	3.959839140673329e-5
263.0	2.2313593405783164e-8	1.6775964704186866e-9	3.849991833670954e-6	1.1333181636323411e-8	1.0103245711192241e-9	3.9598391020200495e-5
264.0	2.2301147236363604e-8	1.6783090238595138e-9	3.84999170116517e-6	1.1327403844436482e-8	1.0107915385940498e-9	3.959839129012901e-5
265.0	2.2249561186618937e-8	1.6792972228620073e-9	3.84999229521403e-6	1.1328234231273258e-8	1.0106394402785346e-9	3.9598390767131546e-5
266.0	2.227421857657954e-8	1.6774302629107485e-9	3.849992792082416e-6	1.1325168398010486e-8	1.0111652748725065e-9	3.959839111950219e-5
267.0	2.2292266197861094e-8	1.6783027548503244e-9	3.849992350572532e-6	1.1324901361821622e-8	1.0110876790450622e-9	3.959839063478968e-5
268.0	2.227011707026226e-8	1.6749002575771805e-9	3.849992321490776e-6	1.1325547802082076e-8	1.0112639813515925e-9	3.959839088962648e-5
269.0	2.224934496596921e-8	1.6763477366690958e-9	3.849991868412615e-6	1.1326532807361966e-8	1.0114405921421818e-9	3.959839064946754e-5
270.0	2.231231118271139e-8	1.6765346932241178e-9	3.849991423051397e-6	1.1328575503486628e-8	1.0112467869244244e-9	3.9598390731218095e-5
271.0	2.2332395217020106e-8	1.6757156701965334e-9	3.849991929854933e-6	1.1330555280670087e-8	1.0117902470463917e-9	3.9598390548184026e-5
272.0	2.22694943260329e-8	1.6777792666943896e-9	3.849992742287765e-6	1.1331563799811855e-8	1.0115965372471992e-9	3.959839060261554e-5
273.0	2.223227395703943e-8	1.6786518729339598e-9	3.849992529091426e-6	1.1331390326869674e-8	1.0120501839118376e-9	3.959839051205478e-5
274.0	2.2314891709684295e-8	1.6794685217341476e-9	3.8499922754467155e-6	1.1332265758187725e-8	1.0118596554092886e-9	3.9598390519293196e-5
275.0	2.235084701431862e-8	1.6791423964567694e-9	3.849992087563052e-6	1.1328927014847379e-8	1.011773375382865e-9	3.959839032461399e-5
276.0	2.230930174049887e-8	1.6784652762493004e-9	3.849991807063145e-6	1.1329804142766928e-8	1.0117968407530838e-9	3.959839022511091e-5
277.0	2.2255948837207224e-8	1.6776614906954775e-9	3.84999175896087e-6	1.1325862618592905e-8	1.0115612807178618e-9	3.959839009998658e-5
278.0	2.22932246056186e-8	1.676281981213234e-9	3.8499919198531684e-6	1.1326475264321461e-8	1.0118056202684757e-9	3.959839000043115e-5
279.0	2.231909110966847e-8	1.6778238425956459e-9	3.849992646741284e-6	1.1323853604610523e-8	1.011653822990152e-9	3.95983900698618e-5
280.0	2.233027786066553e-8	1.677432453588768e-9	3.849992422271502e-6	1.1324648195727729e-8	1.011825395877032e-9	3.959838982100799e-5
281.0	2.230614223689468e-8	1.6791261843178567e-9	3.849992138272135e-6	1.1324866559275405e-8	1.0114321676392768e-9	3.959838995174239e-5
282.0	2.230598942406803e-8	1.6808723104467439e-9	3.849991607922197e-6	1.1326814482160771e-8	1.011401562628467e-9	3.9598389590099957e-5
283.0	2.2289837225335398e-8	1.679812381346875e-9	3.849992040533136e-6	1.1328661086856715e-8	1.010949701185415e-9	3.959838982096989e-5
284.0	2.228585719612649e-8	1.6805853827163294e-9	3.849992172275209e-6	1.1331509457057525e-8	1.0107221821189894e-9	3.959838950351664e-5
285.0	2.2346408928671046e-8	1.6794623632807967e-9	3.849991876181612e-6	1.1332762928732956e-8	1.0105583247981555e-9	3.959838971595673e-5
286.0	2.234413584220431e-8	1.6784900180519197e-9	3.849992489672553e-6	1.1333991543555028e-8	1.0104282237942125e-9	3.9598389562263574e-5
287.0	2.2290522126249332e-8	1.6771296876909746e-9	3.849992758159806e-6	1.1333931664255394e-8	1.0105993847674852e-9	3.959838973588138e-5
288.0	2.2267911362253243e-8	1.677830284434081e-9	3.849991951955162e-6	1.1332792066213816e-8	1.0106383905674047e-9	3.959838962255156e-5
289.0	2.2339273950966835e-8	1.6801803861991634e-9	3.849991714432453e-6	1.1331680074364062e-8	1.0111619445112603e-9	3.959838978551702e-5
290.0	2.235504672443304e-8	1.679617933957163e-9	3.849992400067151e-6	1.1329539739265746e-8	1.0111271042528605e-9	3.959838976422179e-5
291.0	2.23035793744063e-8	1.6821045715457842e-9	3.849992599089253e-6	1.1327858342888976e-8	1.0115007147511583e-9	3.959839006975559e-5
292.0	2.225711609153141e-8	1.6810895816272297e-9	3.84999217091077e-6	1.132543384341127e-8	1.0112312331000686e-9	3.959838991768487e-5
293.0	2.231795338917938e-8	1.6820624813804395e-9	3.849992378493985e-6	1.1324490809890435e-8	1.0111923063673959e-9	3.9598390447765905e-5
294.0	2.235486566981189e-8	1.6817546566988524e-9	3.849992289864749e-6	1.1323542470370413e-8	1.011021368751385e-9	3.9598390096923e-5
295.0	2.228172682523177e-8	1.68113156815197e-9	3.8499922111021625e-6	1.132383737292415e-8	1.0109309036446494e-9	3.959839059906428e-5
296.0	2.2269862759011298e-8	1.6806176724335502e-9	3.8499924338654665e-6	1.132486124569889e-8	1.0113476579674784e-9	3.959839032054002e-5
297.0	2.23044157933313e-8	1.6807650545397995e-9	3.849992610504687e-6	1.13256747004025e-8	1.0114900823598488e-9	3.959839070499016e-5
298.0	2.234974311273694e-8	1.680466119068518e-9	3.84999267758532e-6	1.1329121171507453e-8	1.0121331493014963e-9	3.95983905684941e-5
299.0	2.228532039717263e-8	1.6829644338664546e-9	3.849991468464469e-6	1.1329136293814303e-8	1.0120052787430014e-9	3.9598390600637056e-5
300.0	2.2252410739556237e-8	1.6802660989671676e-9	3.84999187430362e-6	1.1331145804453902e-8	1.0120968495365163e-9	3.9598390690990284e-5
301.0	2.2336839035194942e-8	1.6809937684889654e-9	3.849991934962759e-6	1.1330696447963259e-8	1.011780153685918e-9	3.959839069583402e-5
302.0	2.2319953138243733e-8	1.6816061241995536e-9	3.849992340921654e-6	1.1330329133651357e-8	1.0113152851745857e-9	3.959839091178671e-5
303.0	2.227824416570288e-8	1.6815656263460742e-9	3.849992312918502e-6	1.1330755688505254e-8	1.01118118542152e-9	3.9598390764841244e-5
304.0	2.2255259829949272e-8	1.6821015122542336e-9	3.849992146043703e-6	1.1330230823786037e-8	1.0106488812621295e-9	3.959839101732752e-5
305.0	2.236409388353197e-8	1.6835150618860598e-9	3.849991989849612e-6	1.133005711370046e-8	1.0108067638898059e-9	3.959839076231214e-5
306.0	2.235651112853951e-8	1.6819614810851994e-9	3.8499918577072666e-6	1.1331224739970182e-8	1.0105999945641402e-9	3.9598391039107205e-5
307.0	2.2243026961715356e-8	1.6820818978556228e-9	3.849992489470846e-6	1.1329284731789188e-8	1.010825954908386e-9	3.959839080277875e-5
308.0	2.226666442986729e-8	1.6827039630288308e-9	3.8499921920281605e-6	1.1330367582658968e-8	1.01082169182956e-9	3.959839102546183e-5
309.0	2.2362979122090773e-8	1.6825234876710589e-9	3.849992392279176e-6	1.1329037467222563e-8	1.010973236779424e-9	3.959839101984959e-5
310.0	2.2397587509209848e-8	1.6829247856582984e-9	3.849992272131142e-6	1.1327543472363456e-8	1.0109177978655752e-9	3.9598391021790985e-5
311.0	2.2290131287941778e-8	1.6834850725926319e-9	3.849992139014384e-6	1.1328987286672432e-8	1.0105142371604955e-9	3.959839118519435e-5
312.0	2.2222358880458863e-8	1.6829407010399559e-9	3.849992590654489e-6	1.1326269241589837e-8	1.010460724235383e-9	3.9598390907686005e-5
313.0	2.234185891902644e-8	1.6838899247008444e-9	3.849993018852156e-6	1.1327671002537092e-8	1.0099893181140636e-9	3.959839107541377e-5
314.0	2.2369420637286213e-8	1.6832482590377191e-9	3.849992359382369e-6	1.1325804719131097e-8	1.0103366617126848e-9	3.959839080173031e-5
315.0	2.2317750669579963e-8	1.6831396739176544e-9	3.8499923610396845e-6	1.1326596617811467e-8	1.0102240797946175e-9	3.959839095477675e-5
316.0	2.2268902592228583e-8	1.6835011498397364e-9	3.849992485079134e-6	1.1327884995435121e-8	1.011011051466357e-9	3.959839087139653e-5
317.0	2.229937615669116e-8	1.6831668430790416e-9	3.849992107146983e-6	1.1329517864384918e-8	1.0112256401225433e-9	3.9598390980785626e-5
318.0	2.2328016373872546e-8	1.6832877861908138e-9	3.849992468412691e-6	1.1331912535156849e-8	1.0115212143386618e-9	3.959839099765418e-5
319.0	2.2280494439034505e-8	1.6840704161496924e-9	3.8499926833158825e-6	1.133468168146098e-8	1.0117707411142093e-9	3.9598391010556543e-5
320.0	2.2311207257488795e-8	1.6839295461785648e-9	3.849991993682409e-6	1.1333641318573082e-8	1.0114568843948984e-9	3.9598390919853816e-5
321.0	2.2351487762578928e-8	1.6827593963366657e-9	3.849991990121112e-6	1.1334933128384405e-8	1.011853833630116e-9	3.959839094497358e-5
322.0	2.231922075356389e-8	1.6832343714990136e-9	3.849992695810479e-6	1.1331693950055495e-8	1.0115359539916134e-9	3.959839062227656e-5
323.0	2.226818426902967e-8	1.6830645182259793e-9	3.849992371743146e-6	1.1330024446033032e-8	1.0119887548631046e-9	3.9598390566517085e-5
324.0	2.2275942909064818e-8	1.6846987813547867e-9	3.8499921663686535e-6	1.1328426611407875e-8	1.0120573589675325e-9	3.9598390323772255e-5
325.0	2.237230781078741e-8	1.683994294649937e-9	3.849992467180215e-6	1.1325442856134372e-8	1.0120025508012398e-9	3.959839000953602e-5
326.0	2.2368918867025122e-8	1.6848799762267126e-9	3.849992136802266e-6	1.1324751894123935e-8	1.0122863198328506e-9	3.959839009624836e-5
327.0	2.227734632652802e-8	1.6849103863454728e-9	3.849991887775923e-6	1.1322651046181126e-8	1.011750254693373e-9	3.959838952537271e-5
328.0	2.228573169282561e-8	1.6847277619640926e-9	3.849992067845539e-6	1.1322858995545414e-8	1.0120849888719148e-9	3.959838983152275e-5
329.0	2.229812784404737e-8	1.6857315831521094e-9	3.849992833442035e-6	1.1324239883225708e-8	1.0116138198875014e-9	3.959838942901232e-5
330.0	2.238169387116286e-8	1.6849623861123742e-9	3.849992687739774e-6	1.1326182747067368e-8	1.011873534779444e-9	3.9598389760107065e-5
331.0	2.2335724208485894e-8	1.6861822561367677e-9	3.849992508062449e-6	1.1329554770849831e-8	1.0118316959387253e-9	3.9598389646304625e-5
332.0	2.2307206790054012e-8	1.6860682796944731e-9	3.849992416707591e-6	1.133313692509373e-8	1.0114738745987417e-9	3.959838962225593e-5
333.0	2.2295687496229063e-8	1.6851510366608323e-9	3.84999258036484e-6	1.1333587899045786e-8	1.011652196114616e-9	3.9598389696301313e-5
334.0	2.230828571855571e-8	1.68615085458668e-9	3.849991582826636e-6	1.133588035908574e-8	1.0111957336274736e-9	3.959838952293585e-5
335.0	2.235403204684173e-8	1.6861667949995803e-9	3.849991634216044e-6	1.1334010511958414e-8	1.0113962845301256e-9	3.95983895545607e-5
336.0	2.233375946955837e-8	1.68551362926491e-9	3.849992446027157e-6	1.1333560022113307e-8	1.0112347498696948e-9	3.959838953161094e-5
337.0	2.231182887009504e-8	1.687219674626696e-9	3.849993105501141e-6	1.1331507249550528e-8	1.0112564282145297e-9	3.9598389399363926e-5
338.0	2.229710005965504e-8	1.6866412577179445e-9	3.84999245764109e-6	1.132880037147459e-8	1.0116442556578913e-9	3.9598389643097846e-5
339.0	2.2335360437040427e-8	1.6874354592474629e-9	3.849992677088511e-6	1.1326983432172054e-8	1.0113742002588313e-9	3.959838944365539e-5
340.0	2.233870958873355e-8	1.686639279751797e-9	3.849992133649639e-6	1.1324894479448188e-8	1.0118233880406338e-9	3.959838984982102e-5
341.0	2.229314753625519e-8	1.6863355876598448e-9	3.8499913669314624e-6	1.1323967301676686e-8	1.0114338048814987e-9	3.959838980967233e-5
342.0	2.2303835094156516e-8	1.6864062009788028e-9	3.849991773580296e-6	1.1325089380457943e-8	1.0114996636944e-9	3.9598390034472245e-5
343.0	2.2343250220955758e-8	1.6858144031350401e-9	3.849992953354544e-6	1.132563618051035e-8	1.0113115939187108e-9	3.959839007565999e-5
344.0	2.2349873719099656e-8	1.6872716390845015e-9	3.849993049151581e-6	1.1329071012585304e-8	1.0109716121779004e-9	3.9598389919679934e-5
345.0	2.228981777305372e-8	1.6866422256076419e-9	3.849992657967532e-6	1.1331162039226729e-8	1.0114444868580607e-9	3.959839034132908e-5
346.0	2.228261001578444e-8	1.6864305809880656e-9	3.849992332292989e-6	1.133254982066504e-8	1.0111083217194837e-9	3.959839001866613e-5
347.0	2.232963750295794e-8	1.6885492148998702e-9	3.8499923087359785e-6	1.1334460843114034e-8	1.011749908023861e-9	3.959839067956363e-5
348.0	2.2345527700209366e-8	1.687699871352427e-9	3.8499919586004534e-6	1.1333917483130006e-8	1.011498880367887e-9	3.959839023796034e-5
349.0	2.228881275593811e-8	1.6866582468035982e-9	3.849992225015068e-6	1.1333417776574922e-8	1.011548277211028e-9	3.959839081345604e-5
350.0	2.2289303158453662e-8	1.6891799766503345e-9	3.849992992045322e-6	1.1332267035204624e-8	1.0115431928500454e-9	3.959839067365274e-5
351.0	2.2324382767837495e-8	1.6878532968181666e-9	3.849993114646462e-6	1.1329828153779871e-8	1.0111112769971565e-9	3.959839085727498e-5
352.0	2.2318546193482724e-8	1.6893162781873225e-9	3.849992172617539e-6	1.1328831153235795e-8	1.0116218740716046e-9	3.9598391031438914e-5
353.0	2.2287542027907645e-8	1.6888463945764118e-9	3.849992315189296e-6	1.1326384453948339e-8	1.011083814892077e-9	3.9598390822517194e-5
354.0	2.2305615518225902e-8	1.6893365805575596e-9	3.849992687943346e-6	1.1326591708913222e-8	1.0116518429545368e-9	3.9598391063164635e-5
355.0	2.238015280829251e-8	1.6889168054586145e-9	3.849992225050236e-6	1.1327149536940901e-8	1.0115089692915286e-9	3.959839078753238e-5
356.0	2.233931734607644e-8	1.6875679776270762e-9	3.849992032518012e-6	1.132732610241073e-8	1.0116010944676929e-9	3.9598390912215103e-5
357.0	2.2272502853761413e-8	1.6883153819498952e-9	3.849992976121032e-6	1.1329391498641919e-8	1.011881372254213e-9	3.95983907265763e-5
358.0	2.2295322651109838e-8	1.6872479162624117e-9	3.849992873982558e-6	1.1329671754238915e-8	1.0115158853428277e-9	3.959839084795232e-5
359.0	2.2369197657606982e-8	1.6890767991442748e-9	3.849992270182265e-6	1.13306773940529e-8	1.0120926830337652e-9	3.959839083501294e-5
360.0	2.2375182219304935e-8	1.6896091557363942e-9	3.8499923943509034e-6	1.1330532247503124e-8	1.0115594135981846e-9	3.959839094958105e-5
361.0	2.2309693491666052e-8	1.6893403804970525e-9	3.849992499219561e-6	1.1329938380498891e-8	1.0118141389535858e-9	3.9598390948308194e-5
362.0	2.2285008070978204e-8	1.6901502796928652e-9	3.849991865277924e-6	1.1329005658679935e-8	1.011620489139742e-9	3.959839120932967e-5
363.0	2.232151479660101e-8	1.6881091657660592e-9	3.849992152026673e-6	1.132814765253097e-8	1.011547977690272e-9	3.959839122464558e-5
364.0	2.232328619928186e-8	1.6886262423705979e-9	3.8499926646972174e-6	1.1326035638625698e-8	1.011764930306393e-9	3.9598391537120226e-5
365.0	2.2357955473344136e-8	1.689817911239556e-9	3.84999283524963e-6	1.1326655082095785e-8	1.0114116225988016e-9	3.959839136898002e-5
366.0	2.2341533289483088e-8	1.6885925384689038e-9	3.849992480393386e-6	1.1324491349525119e-8	1.0118948032671897e-9	3.9598391498160045e-5
367.0	2.2299180298743347e-8	1.6901378559283274e-9	3.849991969077564e-6	1.1328182637533913e-8	1.0115535620027995e-9	3.959839113756367e-5
368.0	2.2280712266103136e-8	1.6904913002205388e-9	3.849991945904703e-6	1.1327372445513463e-8	1.0116404731446845e-9	3.959839094667413e-5
369.0	2.2307961577435613e-8	1.6918799511555305e-9	3.849992346230888e-6	1.1330730004239707e-8	1.0116499985779559e-9	3.959839077132554e-5
370.0	2.238507795470721e-8	1.6904524804763148e-9	3.8499924421913675e-6	1.1331704551768932e-8	1.0112710452209833e-9	3.959839041080579e-5
371.0	2.234998193545664e-8	1.6896860180991725e-9	3.849992396623079e-6	1.1333238737726414e-8	1.0115164839213656e-9	3.9598390481304086e-5
372.0	2.2277865621443744e-8	1.6905010657885478e-9	3.849993047481469e-6	1.133424117418977e-8	1.0110256553350226e-9	3.9598390052069334e-5
373.0	2.2294595959093092e-8	1.689709335921236e-9	3.849992999581884e-6	1.133450004831762e-8	1.0114851484062844e-9	3.959839042396922e-5
374.0	2.2331308529438124e-8	1.6923547836935306e-9	3.849991828871137e-6	1.1333803221463938e-8	1.0114753727899817e-9	3.959839015810427e-5
375.0	2.234291371108299e-8	1.691792152859583e-9	3.84999218120723e-6	1.1332756269215338e-8	1.0117202012381748e-9	3.9598390597347377e-5
376.0	2.2311297908027e-8	1.6933230194019663e-9	3.849992881985794e-6	1.1329897223850603e-8	1.0119555770891025e-9	3.9598390522486605e-5
377.0	2.2317620759839438e-8	1.6929407863097218e-9	3.8499922766822655e-6	1.132757682953008e-8	1.01155998238288e-9	3.9598390637550576e-5
378.0	2.2335616602400725e-8	1.691713727993081e-9	3.849992435521484e-6	1.1326423989297316e-8	1.0118392445472947e-9	3.959839048351293e-5
379.0	2.2284850221284323e-8	1.692053183788825e-9	3.8499929192146905e-6	1.132308203510987e-8	1.0110624580822707e-9	3.959839029977109e-5
380.0	2.2326392436318176e-8	1.6912703612701954e-9	3.849992787052286e-6	1.1325513967572014e-8	1.0114988506664256e-9	3.95983902214122e-5
381.0	2.2371608108369178e-8	1.6912580908585181e-9	3.84999189526392e-6	1.1323926958929334e-8	1.0112349716247966e-9	3.9598390100877914e-5
382.0	2.237113276896273e-8	1.6912577183526983e-9	3.8499924378857635e-6	1.1328660987746674e-8	1.0115598346831058e-9	3.959839012614289e-5
383.0	2.2289029994527742e-8	1.692530356264654e-9	3.849992689682547e-6	1.1329499703187844e-8	1.011744900984279e-9	3.959838994539641e-5
384.0	2.2278563630259667e-8	1.692985466952819e-9	3.849992183772797e-6	1.1333019702630903e-8	1.0114435540430724e-9	3.9598389841160244e-5
385.0	2.2374712825189484e-8	1.6937557598985799e-9	3.8499924430393085e-6	1.1333705869789911e-8	1.0119743433430276e-9	3.959838975449994e-5
386.0	2.2377979293076295e-8	1.6935358928930981e-9	3.849992553877042e-6	1.1335945689031879e-8	1.0114527224224902e-9	3.9598389668073744e-5
387.0	2.231851167416327e-8	1.692533509782649e-9	3.849992597191406e-6	1.1334273796222516e-8	1.0119452094687017e-9	3.9598389579812206e-5
388.0	2.2288362529506928e-8	1.692249814821211e-9	3.849992732316487e-6	1.1335406079471663e-8	1.0115774828868637e-9	3.9598389666053536e-5
389.0	2.2346552826060995e-8	1.6926983457974223e-9	3.849992914584718e-6	1.1331385551784325e-8	1.0116387127499509e-9	3.9598389473728716e-5
390.0	2.2373700795917162e-8	1.6925459812050433e-9	3.849992102762409e-6	1.1331191296615543e-8	1.0116279841879888e-9	3.959838966374267e-5
391.0	2.2317757172997775e-8	1.693586374866089e-9	3.849992345698629e-6	1.1329224059857074e-8	1.0114232703513234e-9	3.9598389504552414e-5
392.0	2.2303158899063602e-8	1.6942084486398876e-9	3.849992351755963e-6	1.1327228246734354e-8	1.0118938637300632e-9	3.959838965662419e-5
393.0	2.2354947517700503e-8	1.6938752800783535e-9	3.849992935994224e-6	1.1327540359790044e-8	1.0117641220278953e-9	3.959838972132367e-5
394.0	2.235061065930664e-8	1.695382777400373e-9	3.849993032582948e-6	1.1325600692993451e-8	1.0123097699673466e-9	3.959838955579957e-5
395.0	2.2332867726232797e-8	1.6930179373451147e-9	3.84999312892596e-6	1.1326271273143289e-8	1.0121540097369335e-9	3.959838993696559e-5
396.0	2.2313995215111996e-8	1.6940372194508198e-9	3.849992113873383e-6	1.1326540833294281e-8	1.01214192758607e-9	3.9598389568706154e-5
397.0	2.233730784001946e-8	1.6931945688826656e-9	3.849992028712474e-6	1.1328086968307849e-8	1.0121577742865599e-9	3.959839031077118e-5
398.0	2.2370590187612888e-8	1.6926947743883772e-9	3.8499919309228735e-6	1.132875960980984e-8	1.0117524046915375e-9	3.959838998656334e-5
399.0	2.231514899635134e-8	1.6933741377218312e-9	3.8499927979764e-6	1.1330512885766087e-8	1.0119274212206604e-9	3.959839062016287e-5
400.0	2.2356735224445104e-8	1.6945811043010551e-9	3.849992794866342e-6	1.132985637386268e-8	1.0117754826818206e-9	3.9598390431164635e-5
401.0	2.2337227162126467e-8	1.6949901035475018e-9	3.8499927377316855e-6	1.133246053311903e-8	1.0120350922737493e-9	3.9598390466266866e-5
402.0	2.233290561284918e-8	1.6944341072078475e-9	3.849992598704826e-6	1.1330139591946256e-8	1.0121075046215507e-9	3.95983904804877e-5
403.0	2.235011004103493e-8	1.6959427667970824e-9	3.8499921315535105e-6	1.1332187669842443e-8	1.0121289014286031e-9	3.959839016435979e-5
404.0	2.2323803838336793e-8	1.6938999133495315e-9	3.849992033526158e-6	1.1332791808367065e-8	1.012120274474017e-9	3.959839043346934e-5
405.0	2.237018146458424e-8	1.6951543223255667e-9	3.849992659403777e-6	1.1331861758813285e-8	1.011901868522494e-9	3.959839006932691e-5
406.0	2.2325570734060328e-8	1.6954445443243727e-9	3.849992579740289e-6	1.1333153345040943e-8	1.01182603240853e-9	3.9598390483743934e-5
407.0	2.232642326072411e-8	1.6944726535676697e-9	3.8499922927912075e-6	1.1331802870316002e-8	1.0116937371714968e-9	3.9598390210583696e-5
408.0	2.236150866504006e-8	1.6952189944800711e-9	3.8499928433068715e-6	1.1330801061723513e-8	1.0115087977838435e-9	3.959839057656277e-5
409.0	2.2339819690533537e-8	1.6963250891884185e-9	3.849992816330298e-6	1.1330032025646018e-8	1.011641886729006e-9	3.959839051176838e-5
410.0	2.2368842568326774e-8	1.6958226425877026e-9	3.849992500710617e-6	1.1327818854021115e-8	1.0113509770042557e-9	3.9598390700129885e-5
411.0	2.2338742304054937e-8	1.695783724804013e-9	3.849992763435663e-6	1.1327648695732437e-8	1.0115034025625095e-9	3.9598390768119586e-5
412.0	2.2338743219902988e-8	1.6973707555037768e-9	3.849993078493045e-6	1.132678509873038e-8	1.011415774616994e-9	3.9598390752270224e-5
413.0	2.2321356362708262e-8	1.6966808439912019e-9	3.849992335712907e-6	1.132614977734282e-8	1.0114555150307967e-9	3.959839076341349e-5
414.0	2.234880463136204e-8	1.6965903745157122e-9	3.849992292809095e-6	1.1327407144449781e-8	1.011653780449881e-9	3.9598390666502995e-5
415.0	2.2362150061204483e-8	1.6970648623384579e-9	3.84999241996512e-6	1.1326802004561358e-8	1.0117831086836713e-9	3.959839056922459e-5
416.0	2.2378944206733436e-8	1.6962586527670737e-9	3.849992589780222e-6	1.1328621654895588e-8	1.0120876577240552e-9	3.959839047138684e-5
417.0	2.229275082372836e-8	1.6963640504594405e-9	3.849992787510433e-6	1.1331268118725157e-8	1.012066188847632e-9	3.959839036443867e-5
418.0	2.230588325314656e-8	1.6961330625284167e-9	3.849993219169187e-6	1.1331162529641451e-8	1.0122462830536692e-9	3.9598390288319346e-5
419.0	2.2369044000016485e-8	1.6955970067213513e-9	3.849992773824167e-6	1.133471466263886e-8	1.0122618060942816e-9	3.9598390305817264e-5
420.0	2.2380515667686944e-8	1.6960407105028997e-9	3.8499918445820675e-6	1.1333150504353855e-8	1.0118681942062417e-9	3.95983901306252e-5
421.0	2.234115776514399e-8	1.6963633973658352e-9	3.849992019746869e-6	1.1333769153424836e-8	1.0121741731529135e-9	3.9598390257901064e-5
422.0	2.2275306762687627e-8	1.6977569343867986e-9	3.849991802033047e-6	1.1331872775817548e-8	1.011711892370566e-9	3.9598390055064503e-5
423.0	2.2339827913522947e-8	1.6965102353981411e-9	3.849992370623548e-6	1.1329745389617352e-8	1.0121371734283334e-9	3.9598390156036116e-5
424.0	2.237350525720013e-8	1.6982170096827815e-9	3.849992797142481e-6	1.1328196153961164e-8	1.0119438285650768e-9	3.959839002354344e-5
425.0	2.2335687131680263e-8	1.6984245735289933e-9	3.8499931108350705e-6	1.1326267780216774e-8	1.012109078123249e-9	3.9598389960240825e-5
426.0	2.232315146207759e-8	1.6975295419538383e-9	3.849992064132922e-6	1.132481449490569e-8	1.012341615398279e-9	3.959838988710414e-5
427.0	2.232370452740313e-8	1.6973998996429402e-9	3.849991723040872e-6	1.132533979867816e-8	1.0119219630449319e-9	3.9598389707313745e-5
428.0	2.2347644684595674e-8	1.6969008113604047e-9	3.8499923641663135e-6	1.132561963796709e-8	1.01256836810946e-9	3.959838981889865e-5
429.0	2.2318053839728336e-8	1.6971990479099681e-9	3.849992257299198e-6	1.1326224484068793e-8	1.0117202347113427e-9	3.959838948958098e-5
430.0	2.2325377445302364e-8	1.6966744625397519e-9	3.849992006687795e-6	1.1329559783787845e-8	1.0121949663393976e-9	3.9598389838400184e-5
431.0	2.23725834246771e-8	1.6982856412298819e-9	3.849992311613285e-6	1.1329816568213347e-8	1.011487372351113e-9	3.959838925035296e-5
432.0	2.2349581272336588e-8	1.6986351046703915e-9	3.849992418767197e-6	1.1334867746993427e-8	1.01154603850434e-9	3.95983895767159e-5
433.0	2.2310221059293455e-8	1.6988934087266043e-9	3.849992205684313e-6	1.1334601183362386e-8	1.0115968347104096e-9	3.9598388887001814e-5
434.0	2.228677764199609e-8	1.6992559791502914e-9	3.849992376065685e-6	1.1337022653532414e-8	1.0113318669208896e-9	3.959838911000171e-5
435.0	2.2396761839357987e-8	1.69906700569834e-9	3.849992916793978e-6	1.1335421343302459e-8	1.0123217715636932e-9	3.9598388631625534e-5
436.0	2.2386999504476455e-8	1.6979329669615476e-9	3.849992458235651e-6	1.1334458330043092e-8	1.0117178074670128e-9	3.959838879528857e-5
437.0	2.231938807023364e-8	1.6981809428364094e-9	3.8499915565931855e-6	1.1331399050440081e-8	1.0125775761689382e-9	3.9598388659570384e-5
438.0	2.2300923717195655e-8	1.6980523968915877e-9	3.84999189826297e-6	1.1329790549613028e-8	1.011818108099772e-9	3.959838875084496e-5
439.0	2.2368626358920523e-8	1.6982116621902233e-9	3.849992438013315e-6	1.1327197502246599e-8	1.0120974565544661e-9	3.959838883498732e-5
440.0	2.2399701549992726e-8	1.6982264373907552e-9	3.849992483799676e-6	1.1326373893082935e-8	1.0119157770189205e-9	3.959838897513603e-5
441.0	2.2340512445616656e-8	1.6992257817425086e-9	3.8499927131608995e-6	1.1325630037805284e-8	1.0116649314128663e-9	3.959838942250398e-5
442.0	2.230028147721403e-8	1.6997512766612478e-9	3.8499926723652805e-6	1.1324893598875995e-8	1.01226030396127e-9	3.959838949328121e-5
443.0	2.2384327338305656e-8	1.6997968682745722e-9	3.849992333905472e-6	1.1326375814133032e-8	1.0114420329339186e-9	3.9598389861584255e-5
444.0	2.2371713216323875e-8	1.7005836391130608e-9	3.849991678657671e-6	1.1326409910784392e-8	1.012375656133505e-9	3.959838968130571e-5
445.0	2.2339201009950348e-8	1.7011855841134072e-9	3.849992067564329e-6	1.1329975542679067e-8	1.0117123349163147e-9	3.959839006750048e-5
446.0	2.231121659164303e-8	1.6995375900461884e-9	3.849992559046387e-6	1.1330203234041031e-8	1.0123762592128393e-9	3.959838964207144e-5
447.0	2.2369889327181417e-8	1.6996677179259029e-9	3.849992409686407e-6	1.1333491143357518e-8	1.0121761526396123e-9	3.959838991801526e-5
448.0	2.2377619335704983e-8	1.7001157955724668e-9	3.849991779499726e-6	1.1332499414245697e-8	1.0122423536298269e-9	3.959838944241708e-5
449.0	2.2335411562586386e-8	1.6998368897530587e-9	3.849992145229739e-6	1.1334028738036546e-8	1.012489585281464e-9	3.959838974094452e-5
450.0	2.234675494031504e-8	1.6993087357945023e-9	3.849992464953138e-6	1.1332020273976354e-8	1.0121056595794492e-9	3.959838950682293e-5
451.0	2.2368598539018198e-8	1.7005733777270132e-9	3.849992197567825e-6	1.133225385502407e-8	1.01257295075686e-9	3.959838955182233e-5
452.0	2.236550969105172e-8	1.700682335181509e-9	3.849992473620826e-6	1.1330998872947626e-8	1.012034758613544e-9	3.959838963931559e-5
453.0	2.2337494184784624e-8	1.6997027627743087e-9	3.849992282772424e-6	1.1330508759420428e-8	1.012469380544953e-9	3.9598389421156945e-5
454.0	2.2356044423412615e-8	1.7008842944520655e-9	3.849991822460245e-6	1.132989607607627e-8	1.0121201526942655e-9	3.959838978642478e-5
455.0	2.2387526208661987e-8	1.7007830797196049e-9	3.849991585954098e-6	1.1329604463731345e-8	1.0122007558778668e-9	3.959838945659584e-5
456.0	2.2366582424974803e-8	1.699787105395624e-9	3.849992334639181e-6	1.1329051331223765e-8	1.012186104765585e-9	3.959838983557314e-5
457.0	2.231798975500621e-8	1.7018718539069504e-9	3.8499926004044665e-6	1.132846262605595e-8	1.0120455247073698e-9	3.959838973004018e-5
458.0	2.235839049752498e-8	1.700835983619785e-9	3.849992703535868e-6	1.1329512685196512e-8	1.0122423083233832e-9	3.959838990102255e-5
459.0	2.2390901905086683e-8	1.701928489293385e-9	3.849992318080445e-6	1.1328657883843318e-8	1.0120841354868378e-9	3.959839014023027e-5
460.0	2.239003029198147e-8	1.7022530673040226e-9	3.849992290859093e-6	1.1330750232009687e-8	1.012213680510124e-9	3.959839006510032e-5
461.0	2.2347433435183847e-8	1.7015847824884544e-9	3.849992063942847e-6	1.132887527729634e-8	1.0121374907719131e-9	3.959839055816826e-5
462.0	2.232149286381039e-8	1.7018164922633189e-9	3.849992419240536e-6	1.1331025065684067e-8	1.0119751616877373e-9	3.9598390252888296e-5
463.0	2.2362710097831673e-8	1.701195628145534e-9	3.8499922169318185e-6	1.1328688352853863e-8	1.0118687546126053e-9	3.9598390698304414e-5
464.0	2.237561168427151e-8	1.7022321080832127e-9	3.849991928410769e-6	1.1329946810376565e-8	1.0118037989163294e-9	3.9598390159888334e-5
465.0	2.2403712295719293e-8	1.7019268091395266e-9	3.849991868857245e-6	1.1329550772844245e-8	1.0117228086972127e-9	3.9598390479976664e-5
466.0	2.237488606346397e-8	1.7019409550992272e-9	3.849992477443906e-6	1.1329847120547544e-8	1.0117643045101822e-9	3.959838996965698e-5
467.0	2.232914981410178e-8	1.7028000346996646e-9	3.849992193123045e-6	1.1330170581058225e-8	1.0117904017399868e-9	3.9598390095422764e-5
468.0	2.2343293367589907e-8	1.7010006585086757e-9	3.8499924008044144e-6	1.1330555682152881e-8	1.0119341301837077e-9	3.959838996314223e-5
469.0	2.2384968341537536e-8	1.7020220778038366e-9	3.849992151318093e-6	1.1329716093184988e-8	1.0118479876112475e-9	3.959838983088248e-5
470.0	2.2425752639156092e-8	1.7005655021617861e-9	3.849991515821365e-6	1.1330250802705789e-8	1.011973733449866e-9	3.959839023572963e-5
471.0	2.2346816614223198e-8	1.7010980774539105e-9	3.849991204482389e-6	1.1329873928138182e-8	1.0118264164667414e-9	3.959838999763074e-5
472.0	2.230357710384441e-8	1.7009991683029154e-9	3.849992241062104e-6	1.1329535557811514e-8	1.011767976033555e-9	3.959839038093189e-5
473.0	2.2350919739634043e-8	1.7029113466716302e-9	3.8499923907326345e-6	1.1331511453934247e-8	1.0119264538590827e-9	3.9598390185226105e-5
474.0	2.2379012130957916e-8	1.703090085028623e-9	3.849992471131624e-6	1.1328452226723017e-8	1.0116399390769622e-9	3.959839009352066e-5
475.0	2.238342596847474e-8	1.704167998051575e-9	3.849992250804867e-6	1.1331255063136409e-8	1.0122083288052453e-9	3.959839015797274e-5
476.0	2.23228814506316e-8	1.7036277490238728e-9	3.849992276731754e-6	1.1328366387018873e-8	1.0120094684652272e-9	3.959838983853761e-5
477.0	2.2347058224468483e-8	1.7013291547358178e-9	3.84999211925979e-6	1.1329718017459896e-8	1.0122604882579873e-9	3.9598389951540564e-5
478.0	2.23578803673658e-8	1.7013110381191603e-9	3.849991768152001e-6	1.1329836813734196e-8	1.012306228076849e-9	3.9598389673252876e-5
479.0	2.2332683485354326e-8	1.7004068733489367e-9	3.849992423512987e-6	1.1330146441605059e-8	1.011881723013537e-9	3.9598389630499166e-5
480.0	2.236812385300861e-8	1.702112278869591e-9	3.849991923126219e-6	1.132973013222228e-8	1.0120472460553384e-9	3.959838953060583e-5
481.0	2.23896591745721e-8	1.701643074279602e-9	3.84999255971037e-6	1.1329867704926276e-8	1.0114049220679086e-9	3.959838923821272e-5
482.0	2.2376824957111436e-8	1.7038499978286261e-9	3.849992183150662e-6	1.132779136419299e-8	1.0118669084026338e-9	3.959838924080964e-5
483.0	2.2308555058357918e-8	1.7036043600888588e-9	3.849992226745533e-6	1.1328710392629283e-8	1.0115826244647066e-9	3.9598388866173816e-5
484.0	2.2327721325704855e-8	1.7035277220289942e-9	3.8499921095170455e-6	1.1328117726276248e-8	1.0118427215630198e-9	3.9598389046735395e-5
485.0	2.2423246979372783e-8	1.7032016421666066e-9	3.849991989546293e-6	1.1328162596528882e-8	1.012121219191719e-9	3.959838889459503e-5
486.0	2.2419964855278333e-8	1.7009201966969475e-9	3.849991685004549e-6	1.1330146610306057e-8	1.0118836983265214e-9	3.959838913355951e-5
487.0	2.2339272229337945e-8	1.7009094670452064e-9	3.849991886375956e-6	1.1327586338896598e-8	1.0123325403029982e-9	3.9598389094316644e-5
488.0	2.2301306521780247e-8	1.701702026403274e-9	3.849992226887776e-6	1.1330618000561253e-8	1.0116203347437159e-9	3.959838916746102e-5
489.0	2.2399370709060892e-8	1.7030112364196255e-9	3.8499917335159565e-6	1.1328744618471904e-8	1.0122146302640252e-9	3.9598389144457105e-5
490.0	2.242747418769205e-8	1.7042068912213254e-9	3.849991948710811e-6	1.133137717807049e-8	1.0117554970178289e-9	3.959838908599802e-5
491.0	2.2366452384773757e-8	1.7047198331580287e-9	3.849992021982994e-6	1.1330913908432496e-8	1.0119884688507303e-9	3.9598388865816375e-5
492.0	2.2321268734374403e-8	1.7028702550235262e-9	3.849992368424611e-6	1.1332567210193797e-8	1.0121434240575456e-9	3.9598388881545146e-5
493.0	2.2349353022076263e-8	1.7021296994627519e-9	3.849991614590046e-6	1.1331264239125963e-8	1.0119905036774956e-9	3.9598388697379014e-5
494.0	2.2413483008932256e-8	1.7015563357372642e-9	3.849992533833822e-6	1.1332469844220504e-8	1.0123558390739426e-9	3.959838871419085e-5
495.0	2.235581962148665e-8	1.7014501474307708e-9	3.849991989668518e-6	1.1329905690180024e-8	1.0118858751315189e-9	3.959838894396257e-5
496.0	2.23449192127742e-8	1.7019816734952285e-9	3.849991687443249e-6	1.1331221546919752e-8	1.0123498188147072e-9	3.959838894524969e-5
497.0	2.2377310273471233e-8	1.7038268581245168e-9	3.8499918096908755e-6	1.132968865802408e-8	1.0119700150551725e-9	3.9598389469585966e-5
498.0	2.2374786330890325e-8	1.7044043085394675e-9	3.849992131786417e-6	1.1329585821881114e-8	1.0123902471621922e-9	3.959838945564782e-5
499.0	2.2348204875520192e-8	1.705465890064684e-9	3.849991801232392e-6	1.1329260421393234e-8	1.0123310068463167e-9	3.959838985364221e-5
500.0	2.232500976597469e-8	1.704198195168295e-9	3.849992353896087e-6	1.132704998521591e-8	1.0124892806312544e-9	3.959838989634004e-5
501.0	2.239561674681622e-8	1.7032845846625585e-9	3.849992133794944e-6	1.1327683578878066e-8	1.0127991200764907e-9	3.9598389986896044e-5
502.0	2.2399507288075757e-8	1.7023520500318713e-9	3.84999230988543e-6	1.132589279676526e-8	1.0123827840602369e-9	3.959839012218748e-5
503.0	2.2352303156449465e-8	1.7026789281349796e-9	3.84999139963164e-6	1.132686804622614e-8	1.012775021513034e-9	3.9598389942338404e-5
504.0	2.231603765438566e-8	1.702991020915737e-9	3.8499915664964e-6	1.1326750067621212e-8	1.0121503342553238e-9	3.959839012319611e-5
505.0	2.239517370305099e-8	1.7051008179707725e-9	3.8499915011697335e-6	1.1328066986913186e-8	1.0123321519174254e-9	3.959838997544127e-5
506.0	2.2411798158017756e-8	1.7062316063281152e-9	3.849992242953985e-6	1.13268254756818e-8	1.0118218820041968e-9	3.959839012816807e-5
507.0	2.2378528974356193e-8	1.7056802850965611e-9	3.849991756286341e-6	1.1329139516243906e-8	1.0118883969636107e-9	3.959838997847452e-5
508.0	2.2333955887688566e-8	1.7066617755992379e-9	3.849992317311997e-6	1.1327833690292338e-8	1.0115799581498004e-9	3.959838992480958e-5
509.0	2.2389276374945303e-8	1.7047459754406204e-9	3.849992080571282e-6	1.1330503035695941e-8	1.0116408972368668e-9	3.9598389838923495e-5
510.0	2.2407735773941792e-8	1.7039859365078975e-9	3.849991647338169e-6	1.13306940780983e-8	1.0118132264621394e-9	3.959838964069205e-5
511.0	2.2383742945225514e-8	1.7028148683823803e-9	3.849991710842303e-6	1.1331664187998834e-8	1.011685344730978e-9	3.9598389629640274e-5
512.0	2.235640592917309e-8	1.7048815321999342e-9	3.8499920440681615e-6	1.1332518138830166e-8	1.0121449965860783e-9	3.959838952541382e-5
513.0	2.23866465714181e-8	1.7055125283387011e-9	3.8499914550017385e-6	1.133198481324452e-8	1.011721297220358e-9	3.959838960397241e-5
514.0	2.2399280697753063e-8	1.705153565791944e-9	3.849991329208727e-6	1.1331137179331908e-8	1.011978010589656e-9	3.959838959192554e-5
515.0	2.2380372431091673e-8	1.708653657241265e-9	3.849991653101471e-6	1.1330807715729206e-8	1.011580429623093e-9	3.9598389681967896e-5
516.0	2.2374445898472155e-8	1.7075267339328537e-9	3.849992243067651e-6	1.1328904853817606e-8	1.0116695812482011e-9	3.95983897471405e-5
517.0	2.2389110926835092e-8	1.7064613609969549e-9	3.849992081495747e-6	1.1328689456342177e-8	1.0116116223739275e-9	3.959838960376473e-5
518.0	2.2387115286781335e-8	1.706973337480791e-9	3.8499924657526104e-6	1.1327259996570171e-8	1.0118843295581094e-9	3.9598389697995664e-5
519.0	2.2391280398519656e-8	1.7058360882115794e-9	3.849991538423817e-6	1.1325650028329335e-8	1.0123060904504273e-9	3.9598389421948894e-5
520.0	2.2391595502691455e-8	1.7046132580839397e-9	3.849991419468966e-6	1.1325261214892855e-8	1.0125148441982447e-9	3.959838959154652e-5
521.0	2.238611556887018e-8	1.7058220435086818e-9	3.849991196667615e-6	1.1324869853868995e-8	1.0130165447251882e-9	3.9598389357152974e-5
522.0	2.2362629374333212e-8	1.7073283163183815e-9	3.849991814729219e-6	1.1325188751725734e-8	1.0129295848360088e-9	3.959838938660405e-5
523.0	2.2383998848420506e-8	1.7082140515825699e-9	3.849991916777075e-6	1.1327386172636988e-8	1.0131113489411956e-9	3.959838922191397e-5
524.0	2.2418309659254496e-8	1.709360697522744e-9	3.849992671399802e-6	1.1327772362008489e-8	1.0129842741988322e-9	3.9598389203142374e-5
525.0	2.2386686452488947e-8	1.7097449142341654e-9	3.849992081130262e-6	1.1330681211144917e-8	1.0130054690792058e-9	3.959838900509629e-5
526.0	2.2360378374684595e-8	1.7071462379635902e-9	3.849991684132233e-6	1.1331407090740029e-8	1.012911353257252e-9	3.95983889881067e-5
527.0	2.2346758637943374e-8	1.7072556872115543e-9	3.849991584639307e-6	1.1332091805730212e-8	1.0127756916305299e-9	3.959838876187312e-5
528.0	2.2419759807020826e-8	1.707096784167049e-9	3.849991390740188e-6	1.1332944970950168e-8	1.0128290770823995e-9	3.95983887348269e-5
529.0	2.2399235210020985e-8	1.7063936051989683e-9	3.849991100337115e-6	1.1331565628747402e-8	1.0125691302939339e-9	3.9598388648169185e-5
530.0	2.2378151709120494e-8	1.7076632268004062e-9	3.849991698402803e-6	1.1331274649543025e-8	1.0126756707311222e-9	3.959838865613385e-5
531.0	2.2378510335764255e-8	1.7086967996684084e-9	3.849992186365522e-6	1.132899787859417e-8	1.0125671003398174e-9	3.959838862753312e-5
532.0	2.2383863831359942e-8	1.7087010805510592e-9	3.849992122705232e-6	1.1326954680753289e-8	1.0124441551823312e-9	3.959838864267377e-5
533.0	2.240173569972549e-8	1.7095032838149428e-9	3.849991972052326e-6	1.1324564112214361e-8	1.012426831953713e-9	3.959838859777743e-5
534.0	2.2358336333376622e-8	1.7095471123930419e-9	3.849991377105052e-6	1.1324144619337689e-8	1.0121774118859885e-9	3.959838864037328e-5
535.0	2.2431881012828036e-8	1.7094255850655473e-9	3.8499915403893105e-6	1.132240979132704e-8	1.011940542421653e-9	3.95983885549921e-5
536.0	2.241096514321534e-8	1.7082620858310807e-9	3.8499915820244485e-6	1.1326924693637426e-8	1.01162295151953e-9	3.9598388572221555e-5
537.0	2.2369152032196257e-8	1.7087489077485585e-9	3.849991721465782e-6	1.1326211877898306e-8	1.0111736063281164e-9	3.959838853954283e-5
538.0	2.2366290984764594e-8	1.7087593901887068e-9	3.849991906725297e-6	1.133201184222593e-8	1.0111295923800946e-9	3.959838859179514e-5
539.0	2.2396155296173187e-8	1.7083828670135233e-9	3.849992396565871e-6	1.133396871080159e-8	1.010779704763594e-9	3.959838874788376e-5
540.0	2.2453628896892282e-8	1.70871364156891e-9	3.849991496633037e-6	1.1337522613913688e-8	1.0111040663467362e-9	3.959838889916709e-5
541.0	2.2405376161342073e-8	1.7093821499599533e-9	3.849991321790242e-6	1.1339112449194662e-8	1.0110385926056092e-9	3.959838922626141e-5
542.0	2.2342479732711004e-8	1.7093219057774997e-9	3.849992117354922e-6	1.1339353253998398e-8	1.0112465003186795e-9	3.959838913569691e-5
543.0	2.2401793537855884e-8	1.7096695911611711e-9	3.8499915025533415e-6	1.1337474044099392e-8	1.0113510665098372e-9	3.9598389411089254e-5
544.0	2.2405054521688034e-8	1.709028908449988e-9	3.849991720056066e-6	1.133400415112403e-8	1.0112839774028177e-9	3.9598389000843476e-5
545.0	2.2436713205265645e-8	1.7099286639702884e-9	3.849991556875451e-6	1.1329236208930491e-8	1.0115290829817638e-9	3.959838939480501e-5
546.0	2.2397942853639345e-8	1.7096538293914013e-9	3.8499917681662855e-6	1.1324598444670158e-8	1.0114531426234777e-9	3.959838901137221e-5
547.0	2.2400095883507118e-8	1.7096524248136907e-9	3.849991003848025e-6	1.132211281084267e-8	1.0117108264527083e-9	3.959838945022758e-5
548.0	2.2403918189885305e-8	1.709741505263512e-9	3.8499916963192e-6	1.1317647820283217e-8	1.0117761454256606e-9	3.95983892065078e-5
549.0	2.238040332847634e-8	1.7079971794041886e-9	3.849991683714331e-6	1.1320708630556987e-8	1.0120412861167796e-9	3.959838948473673e-5
550.0	2.2431521980334418e-8	1.7101928574132404e-9	3.849991885311997e-6	1.1319045871164927e-8	1.0121665925007239e-9	3.959838942754561e-5
551.0	2.2418256120288418e-8	1.7107471976546084e-9	3.849991735832436e-6	1.132585129734227e-8	1.012492895770245e-9	3.95983895292064e-5
552.0	2.2413437349219876e-8	1.7098365534394735e-9	3.8499918784910334e-6	1.1328416053445848e-8	1.0127721405042599e-9	3.959838940924102e-5
553.0	2.2367101920459957e-8	1.7108164346542501e-9	3.849991270252562e-6	1.1334067763883287e-8	1.0128919552984198e-9	3.959838946861183e-5
554.0	2.2389845940323503e-8	1.710613119063695e-9	3.849991841819537e-6	1.133709298094487e-8	1.0129408601409312e-9	3.959838922254045e-5
555.0	2.2421651608394823e-8	1.7103462303449922e-9	3.84999112094753e-6	1.1340173827318138e-8	1.0128668500527823e-9	3.959838940384937e-5
556.0	2.241445379014957e-8	1.7110090838441847e-9	3.849991446284181e-6	1.1338689077264933e-8	1.0127601365351312e-9	3.959838910865373e-5
557.0	2.240777668074272e-8	1.7115390547397114e-9	3.849991950605912e-6	1.133823616150038e-8	1.0125571009263176e-9	3.959838926432861e-5
558.0	2.2390182595083565e-8	1.7105936769425436e-9	3.849992303548229e-6	1.1333309689629652e-8	1.0127793551247916e-9	3.9598389130176875e-5
559.0	2.2405603592343125e-8	1.7118252017650736e-9	3.849991810144755e-6	1.133041281833464e-8	1.0126621956838412e-9	3.959838916090387e-5
560.0	2.2389643511998114e-8	1.7114570844590468e-9	3.84999171978649e-6	1.1326037839617773e-8	1.0130834403237347e-9	3.9598389450976225e-5
561.0	2.2417634071386552e-8	1.7132741437361398e-9	3.849991103887837e-6	1.1321321659601013e-8	1.0127583491290016e-9	3.959838914246722e-5
562.0	2.2415418101199192e-8	1.7127178060120552e-9	3.849991227060854e-6	1.1321315703153432e-8	1.0129922053764818e-9	3.959838976907912e-5
563.0	2.2405688032687387e-8	1.7143914216544117e-9	3.849991255413225e-6	1.131728339026338e-8	1.0124362940526995e-9	3.95983891329675e-5
564.0	2.2374521817492153e-8	1.7135498773044306e-9	3.849992272588697e-6	1.1321321497068473e-8	1.0123334174798926e-9	3.9598389695106475e-5
565.0	2.24179357963222e-8	1.7135303852494106e-9	3.8499920771204645e-6	1.1322252073509483e-8	1.0124486977050603e-9	3.959838914597568e-5
566.0	2.2431659991877437e-8	1.7127425914434655e-9	3.8499919671220835e-6	1.1327271293388656e-8	1.012129858444359e-9	3.959838935292544e-5
567.0	2.241219498069169e-8	1.7125707047209493e-9	3.849991301827948e-6	1.1331243661973315e-8	1.0128311750844773e-9	3.9598389146579926e-5
568.0	2.2388580171158807e-8	1.71216590537379e-9	3.8499911869413285e-6	1.133464975019054e-8	1.0122070952769113e-9	3.959838909272135e-5
569.0	2.2397250182487484e-8	1.7120795753381064e-9	3.849991638441558e-6	1.133563519734769e-8	1.012721409594252e-9	3.959838928643768e-5
570.0	2.2436415544461515e-8	1.7126435286552215e-9	3.8499918173985585e-6	1.133718970252976e-8	1.0120940575378918e-9	3.959838910392718e-5
571.0	2.2401513820383704e-8	1.713934603109279e-9	3.849991828858931e-6	1.1334524769342161e-8	1.0118798808699838e-9	3.959838947308514e-5
572.0	2.2384492557265757e-8	1.7156898863878479e-9	3.849991467712242e-6	1.1333963868614557e-8	1.0119805178990552e-9	3.959838924691229e-5
573.0	2.2407977986432065e-8	1.7151458331600662e-9	3.849991740075253e-6	1.1331026725809955e-8	1.0116139752294033e-9	3.9598389580571636e-5
574.0	2.2419379766323875e-8	1.7159900720329906e-9	3.849991775038606e-6	1.1327800601739936e-8	1.0124525254571336e-9	3.959838921717389e-5
575.0	2.240579737165546e-8	1.71459920822444e-9	3.8499917904697675e-6	1.1327148194391562e-8	1.012027769154636e-9	3.9598389298885774e-5
576.0	2.2392077805671893e-8	1.712939114870869e-9	3.849991558393285e-6	1.1323196115126274e-8	1.0128257849941161e-9	3.959838883829314e-5
577.0	2.2403331160928384e-8	1.7128716285472441e-9	3.849991602451556e-6	1.1324712419670917e-8	1.01245443066461e-9	3.959838884509404e-5
578.0	2.2427366304626298e-8	1.7141099237779337e-9	3.8499913429847755e-6	1.132365159901389e-8	1.0126330826149854e-9	3.9598388424502675e-5
579.0	2.2377247749664388e-8	1.7124958329774894e-9	3.849991360024889e-6	1.1325170576282623e-8	1.0124912824441148e-9	3.9598388613791716e-5
580.0	2.2408023819225413e-8	1.715835226101517e-9	3.849991928763759e-6	1.1326964854929223e-8	1.0120925830392972e-9	3.9598388496953855e-5
581.0	2.2426819241400983e-8	1.71553383038247e-9	3.849992065163732e-6	1.1327944001838491e-8	1.0123711287462299e-9	3.959838863334477e-5
582.0	2.2415093855568276e-8	1.7162437876396866e-9	3.849990933127016e-6	1.1329791131513847e-8	1.0116024283394572e-9	3.959838874125226e-5
583.0	2.2375783583160385e-8	1.7160136356589494e-9	3.8499911898127e-6	1.1330784188445048e-8	1.0123061510575616e-9	3.9598388554113203e-5
584.0	2.239990320029306e-8	1.7142539214238697e-9	3.8499917761035415e-6	1.133083063019958e-8	1.0117734288605712e-9	3.959838879727668e-5
585.0	2.24462206491485e-8	1.7148655911860572e-9	3.849991484397673e-6	1.1331093454820031e-8	1.0124408001524584e-9	3.959838852566905e-5
586.0	2.241547450685646e-8	1.7122558365889387e-9	3.849991556006346e-6	1.1331678752375515e-8	1.0122887904957221e-9	3.9598388746811566e-5
587.0	2.2368855935923675e-8	1.7150892877881685e-9	3.849991992168718e-6	1.1329443662153929e-8	1.0122590064664905e-9	3.9598388393216103e-5
588.0	2.2376672862202653e-8	1.7151190649549119e-9	3.849991350194745e-6	1.1331100167549317e-8	1.0123800521170066e-9	3.9598388575026515e-5
589.0	2.2433317241810464e-8	1.715518835452669e-9	3.8499904548283684e-6	1.1327501810536344e-8	1.0117014978926668e-9	3.959838824626098e-5
590.0	2.2415307787600296e-8	1.7170814698248192e-9	3.8499922345573544e-6	1.1330045436296838e-8	1.0120110014556646e-9	3.959838839123122e-5
591.0	2.236790705900533e-8	1.7169734777969305e-9	3.849991806080493e-6	1.1328636592752594e-8	1.0112939372004255e-9	3.9598388175652926e-5
592.0	2.2379064985444356e-8	1.715895594849357e-9	3.84999142028813e-6	1.1329957922942062e-8	1.0118902585538778e-9	3.959838818712946e-5
593.0	2.2414784389914326e-8	1.715955313340875e-9	3.849991581974267e-6	1.1329738076888053e-8	1.011650054313092e-9	3.9598388253349835e-5
594.0	2.2394055666529637e-8	1.7137497291827326e-9	3.849991560961059e-6	1.1329454377804278e-8	1.0119675614524163e-9	3.959838812647876e-5
595.0	2.2383805537550085e-8	1.7159154776241035e-9	3.8499907378711464e-6	1.1329192577192533e-8	1.0122404773690661e-9	3.959838848982828e-5
596.0	2.2395021879306275e-8	1.7157783905327592e-9	3.849991619961153e-6	1.1328389163465297e-8	1.0119691217012652e-9	3.959838826419057e-5
597.0	2.2418492887214027e-8	1.7169622486498145e-9	3.849992199526271e-6	1.1328428623281364e-8	1.0125639395226101e-9	3.9598388740284865e-5
598.0	2.2384328148768684e-8	1.7182610724298445e-9	3.849991294911089e-6	1.1326231056682552e-8	1.012148129288329e-9	3.95983885786841e-5
599.0	2.2359266297842126e-8	1.7165512020126727e-9	3.849991357496288e-6	1.1327309037460372e-8	1.0127898754172824e-9	3.959838888553771e-5
600.0	2.241690583781257e-8	1.7188865459101862e-9	3.8499914752409115e-6	1.1324340720197478e-8	1.0127763290057646e-9	3.9598388989155966e-5
601.0	2.243258461987858e-8	1.7161322031195157e-9	3.849991164790622e-6	1.1327694819108836e-8	1.0128756318293346e-9	3.959838906587553e-5
602.0	2.2383558739248632e-8	1.7162727714665472e-9	3.849991454030571e-6	1.1325006735163187e-8	1.0130972360301152e-9	3.9598389315112465e-5
603.0	2.2363318510138293e-8	1.7166113952227232e-9	3.849991894979672e-6	1.1329525329560739e-8	1.0126884334749553e-9	3.95983891399611e-5
604.0	2.241363434925119e-8	1.7169495440950314e-9	3.849991894336785e-6	1.1328753812653055e-8	1.0128179490087475e-9	3.959838937711452e-5
605.0	2.2443180672501397e-8	1.7184629183052935e-9	3.849990871515125e-6	1.1332375994978116e-8	1.0126161817672506e-9	3.959838907100137e-5
606.0	2.240662149490762e-8	1.718295210934709e-9	3.849991622715379e-6	1.133204336787432e-8	1.012850155893997e-9	3.9598389167482585e-5
607.0	2.233561872445689e-8	1.719374297805771e-9	3.8499911220009124e-6	1.1333873407495385e-8	1.0128527030790956e-9	3.95983891707053e-5
608.0	2.241020860786237e-8	1.7185271813143188e-9	3.849991220138802e-6	1.1332445722933766e-8	1.0128489302052465e-9	3.959838916276298e-5
609.0	2.2404840550079273e-8	1.7179344400532045e-9	3.849991811029542e-6	1.133195964219408e-8	1.012764480316356e-9	3.959838936754746e-5
610.0	2.241318530100759e-8	1.7198633995244908e-9	3.849991968259604e-6	1.1330015492273029e-8	1.0122155052281966e-9	3.9598389450088284e-5
611.0	2.2387165661960206e-8	1.7175906071826413e-9	3.849991502594815e-6	1.1327285620034916e-8	1.0120063532945266e-9	3.959838947010852e-5
612.0	2.2406051436200142e-8	1.7199960960318614e-9	3.849991093723838e-6	1.132633801569083e-8	1.0116281309408872e-9	3.959838959795181e-5
613.0	2.23991383509342e-8	1.7177282741587417e-9	3.8499913615915135e-6	1.1322249928029469e-8	1.0114748488143866e-9	3.9598389245302016e-5
614.0	2.2385272943537428e-8	1.7198539104888572e-9	3.84999081701401e-6	1.132456437365262e-8	1.011566026240216e-9	3.9598389433109074e-5
615.0	2.24142977517078e-8	1.7196255082342366e-9	3.849991695544263e-6	1.1321794183991131e-8	1.0114306129214734e-9	3.959838891146955e-5
616.0	2.2443444771383916e-8	1.7198697252525536e-9	3.849991939553409e-6	1.132587803124653e-8	1.0117684238616115e-9	3.95983893142872e-5
617.0	2.2413636657882805e-8	1.719293645163361e-9	3.849991869219556e-6	1.1325878171376822e-8	1.0115095118321282e-9	3.959838885417418e-5
618.0	2.2373434148824265e-8	1.7194337273670382e-9	3.849991343843107e-6	1.1329815636491923e-8	1.0118551547124723e-9	3.959838937894162e-5
619.0	2.238620133140457e-8	1.7196976687361352e-9	3.849991128411531e-6	1.1330349636959214e-8	1.011794759513794e-9	3.959838903143366e-5
620.0	2.245869626002087e-8	1.717799710211623e-9	3.849991099665488e-6	1.1333970974309065e-8	1.0119655890953084e-9	3.95983894311126e-5
621.0	2.2432583169070006e-8	1.7196520514622012e-9	3.8499912716041765e-6	1.1332883943867503e-8	1.0122640990048298e-9	3.959838918637865e-5
622.0	2.2398131456931614e-8	1.7204055051340277e-9	3.849992102390974e-6	1.1334215713094196e-8	1.0121320126037437e-9	3.9598389118770885e-5
623.0	2.239443352372431e-8	1.719249926339898e-9	3.8499917377008516e-6	1.1331810131177014e-8	1.0127448095413535e-9	3.9598389070095026e-5
624.0	2.24173343550826e-8	1.7212108118598027e-9	3.849991459795245e-6	1.13304436042851e-8	1.012485666167513e-9	3.959838872316906e-5
625.0	2.243886687608636e-8	1.7201565946544983e-9	3.849991107072993e-6	1.1328824696608656e-8	1.012888179567085e-9	3.959838886777093e-5
626.0	2.2398887773675852e-8	1.7199669576435799e-9	3.849990799145005e-6	1.1325284825999137e-8	1.0126771980754406e-9	3.9598388516886864e-5
627.0	2.243810796584705e-8	1.719957544819733e-9	3.84999132768172e-6	1.1326988822447641e-8	1.0126830428485265e-9	3.959838853941781e-5
628.0	2.241635462992491e-8	1.7200108201278561e-9	3.849991405295504e-6	1.1323066998642315e-8	1.013013173615872e-9	3.9598388309110516e-5
629.0	2.240809063135641e-8	1.7193605501419536e-9	3.849991943157748e-6	1.1325587237389908e-8	1.0125320758953118e-9	3.9598388089549533e-5
630.0	2.2409937365625646e-8	1.7194063206683656e-9	3.849991421464054e-6	1.1324254096026143e-8	1.0131321841192471e-9	3.9598387963824846e-5
631.0	2.2439282057771724e-8	1.7217696717433271e-9	3.8499911337146945e-6	1.1326944184816483e-8	1.0126176927122646e-9	3.9598387724024595e-5
632.0	2.2430464789937032e-8	1.7199784005092653e-9	3.849990771951411e-6	1.1327116524119659e-8	1.012808179035623e-9	3.95983875123437e-5
633.0	2.2391946529321833e-8	1.7213263936553348e-9	3.849991065772237e-6	1.1330102169367238e-8	1.0124708824717514e-9	3.959838765073925e-5
634.0	2.2404538259021778e-8	1.720542181777222e-9	3.849991509322088e-6	1.1330080472456934e-8	1.0123902115091713e-9	3.959838731355763e-5
635.0	2.2448159951209273e-8	1.7199310158875286e-9	3.849991177897636e-6	1.1331275006861088e-8	1.0125803534214698e-9	3.9598387933160804e-5
636.0	2.244417846274395e-8	1.7200801528684109e-9	3.849991582825302e-6	1.1329548341092996e-8	1.0122943616034232e-9	3.959838745834702e-5
637.0	2.238402069574657e-8	1.7207904152243027e-9	3.849991670714688e-6	1.1328874110670444e-8	1.0126333061451162e-9	3.9598388143629694e-5
638.0	2.242112378154295e-8	1.7200698003472235e-9	3.849991183454163e-6	1.1327342767330235e-8	1.0122866113004169e-9	3.959838757965062e-5
639.0	2.24524513308372e-8	1.7215832780020955e-9	3.84999088134096e-6	1.1325126931465047e-8	1.0125369827820585e-9	3.9598388116313294e-5
640.0	2.245047393239597e-8	1.7220829861081235e-9	3.8499916466402095e-6	1.1326201760482993e-8	1.0122944895427215e-9	3.9598387525522423e-5
641.0	2.2391379097327957e-8	1.7215410282466704e-9	3.84999162988897e-6	1.132316099972045e-8	1.0123829584632789e-9	3.959838798711857e-5
642.0	2.2393581546855337e-8	1.720191260496841e-9	3.849991353577823e-6	1.1325648556672004e-8	1.0127375340464674e-9	3.95983875311673e-5
643.0	2.2459525947897238e-8	1.7224005799783058e-9	3.849991651406507e-6	1.132410107793381e-8	1.0126185621510604e-9	3.9598388037778365e-5
644.0	2.2440888313635025e-8	1.7211751546781354e-9	3.849991538304677e-6	1.1327620885495961e-8	1.0131625733725189e-9	3.9598387792560646e-5
645.0	2.2413192815006925e-8	1.7225899464032346e-9	3.849991295863946e-6	1.1327754867492793e-8	1.0128752317578266e-9	3.959838826032534e-5
646.0	2.2406697142993733e-8	1.7229656839135241e-9	3.849991358978973e-6	1.133053181580066e-8	1.0130516406099144e-9	3.959838833402818e-5
647.0	2.2440171128258198e-8	1.7225505765726263e-9	3.849991937982484e-6	1.1330786461461125e-8	1.012674800706581e-9	3.959838849578801e-5
648.0	2.2420045646424343e-8	1.7226042902859935e-9	3.84999151776934e-6	1.1332060581563631e-8	1.012556831666289e-9	3.9598388850078834e-5
649.0	2.2414403156093803e-8	1.721829877514759e-9	3.849991518016291e-6	1.1330890651442321e-8	1.0124222034257424e-9	3.959838869880686e-5
650.0	2.2438746160471605e-8	1.721697468251643e-9	3.8499909890387516e-6	1.1330477480392034e-8	1.0122056963756588e-9	3.959838912755972e-5
651.0	2.245031762239655e-8	1.7203829036960933e-9	3.849991225187925e-6	1.1329153667491796e-8	1.0125151644906385e-9	3.9598388844991046e-5
652.0	2.2413286460823486e-8	1.7218489275148223e-9	3.849991207918657e-6	1.1326733077826789e-8	1.012071458332675e-9	3.959838923408389e-5
653.0	2.239388904256224e-8	1.7215230105297786e-9	3.8499913743669514e-6	1.1326872374554512e-8	1.0124424557482278e-9	3.959838888632947e-5
654.0	2.2452332799988663e-8	1.72309518939699e-9	3.8499916757468535e-6	1.1324012715319593e-8	1.0120218180050745e-9	3.959838926261113e-5
655.0	2.246311760261786e-8	1.7244272801417716e-9	3.849991236126308e-6	1.1325181470692042e-8	1.0121078858995326e-9	3.9598388902933826e-5
656.0	2.2437154539772017e-8	1.7238451543690684e-9	3.84999138369177e-6	1.1323700444014998e-8	1.0119862948877295e-9	3.9598389252969846e-5
657.0	2.2395267417267163e-8	1.7229268153964103e-9	3.8499913462485814e-6	1.1326117254570479e-8	1.011721179108541e-9	3.9598388910428936e-5
658.0	2.241742371172823e-8	1.7227261421700404e-9	3.849991391633318e-6	1.1326003821737356e-8	1.0122091719292575e-9	3.959838931620142e-5
659.0	2.2454522673334652e-8	1.7218877077027392e-9	3.8499913251004236e-6	1.1328726979821132e-8	1.0117137884880912e-9	3.959838898478353e-5
660.0	2.2435775466596167e-8	1.7229472068527907e-9	3.849991835355411e-6	1.1329172778337763e-8	1.0123654090369634e-9	3.9598389383754714e-5
661.0	2.2452024660335827e-8	1.7233728389014424e-9	3.849990983632536e-6	1.1330934024053297e-8	1.0119816405790774e-9	3.9598389185756555e-5
662.0	2.241837875640659e-8	1.722744025601868e-9	3.849991792422911e-6	1.1330961964051262e-8	1.0123746497664233e-9	3.9598389448832154e-5
663.0	2.2408608811457282e-8	1.724735177291263e-9	3.849991464326068e-6	1.1331010648338446e-8	1.012294146912004e-9	3.959838946081284e-5
664.0	2.2424989652454332e-8	1.7237726845439102e-9	3.84999153904053e-6	1.1330904948666753e-8	1.0122922314730027e-9	3.959838948754186e-5
665.0	2.2453483487150738e-8	1.7244647972515395e-9	3.849991214489296e-6	1.1328563225130867e-8	1.0126949570228925e-9	3.9598389579967464e-5
666.0	2.2464753648941865e-8	1.7243882482446795e-9	3.849991999794592e-6	1.1328218256652612e-8	1.0123633327810883e-9	3.959838953247616e-5
667.0	2.2414843993723548e-8	1.7229790763865957e-9	3.8499910698607685e-6	1.1325200857531386e-8	1.0129230045364863e-9	3.959838947033177e-5
668.0	2.2389536568303543e-8	1.7223179954318116e-9	3.8499913053817684e-6	1.1325504534538393e-8	1.0124692113669748e-9	3.959838945449605e-5
669.0	2.2452591541650737e-8	1.722969678868606e-9	3.849991485236187e-6	1.1323667215069695e-8	1.0126834332112938e-9	3.959838898959076e-5
670.0	2.2466815911890183e-8	1.7239103308992497e-9	3.849990913275627e-6	1.1325606733316769e-8	1.0125442050870212e-9	3.959838911676349e-5
671.0	2.2440934547603807e-8	1.7243476161647511e-9	3.849990885491348e-6	1.1325058620450344e-8	1.0124915613963853e-9	3.9598388637644374e-5
672.0	2.240650862106269e-8	1.7241604739066396e-9	3.849991619033446e-6	1.1327774197370285e-8	1.0125715908228298e-9	3.959838882606234e-5
673.0	2.2414851700820024e-8	1.7252356861983205e-9	3.84999198319557e-6	1.1328297582183067e-8	1.0124148675385973e-9	3.959838866134235e-5
674.0	2.244991310227339e-8	1.7245607967877782e-9	3.849991250734754e-6	1.1330064115633282e-8	1.0126052407659357e-9	3.959838863458529e-5
675.0	2.243219002326893e-8	1.7244103920517472e-9	3.849991637054215e-6	1.133161861567779e-8	1.0124179052566487e-9	3.959838879410131e-5
676.0	2.2431214638403213e-8	1.7241077306296217e-9	3.84999100158912e-6	1.1330824649763185e-8	1.01277728969788e-9	3.959838842275355e-5
677.0	2.2434923798546476e-8	1.7234261018143927e-9	3.849990920707842e-6	1.133232170620277e-8	1.0125856364106004e-9	3.9598388818381886e-5
678.0	2.242617363829929e-8	1.7236633192393416e-9	3.849991209700983e-6	1.1328505247435378e-8	1.0129531670065868e-9	3.959838825625409e-5
679.0	2.2424616648833416e-8	1.7247679896101196e-9	3.849992011053715e-6	1.1328813777828915e-8	1.0127420179579738e-9	3.9598388618688095e-5
680.0	2.2432639354471414e-8	1.7271309124171993e-9	3.849992030753412e-6	1.1324448303701665e-8	1.0128466254874042e-9	3.959838815956158e-5
681.0	2.2472865275406204e-8	1.7269098128668647e-9	3.849991722685677e-6	1.1324766600544266e-8	1.012674706108991e-9	3.959838838281727e-5
682.0	2.2434333356363448e-8	1.726314741752601e-9	3.849991154921563e-6	1.1322366993312167e-8	1.012645207307763e-9	3.959838814817861e-5
683.0	2.241205553299188e-8	1.7267737433251427e-9	3.849991223421898e-6	1.132409636026884e-8	1.0126972801314521e-9	3.9598388127208564e-5
684.0	2.241696841124358e-8	1.7262812467956044e-9	3.849991332398204e-6	1.1323200005504284e-8	1.0126173716137556e-9	3.9598388015967266e-5
685.0	2.2480386054922656e-8	1.7253174900097419e-9	3.849991407859441e-6	1.1326700409116518e-8	1.0130101649167964e-9	3.959838784476424e-5
686.0	2.247183878833081e-8	1.725886938891783e-9	3.849991675167188e-6	1.1326413231404029e-8	1.012792493897062e-9	3.959838783212088e-5
687.0	2.2414499030820295e-8	1.72523134053598e-9	3.84999197060721e-6	1.1329274417033204e-8	1.0132005127209666e-9	3.9598387766041894e-5
688.0	2.2422191659115484e-8	1.7254099655937545e-9	3.849991075060697e-6	1.1330940126094714e-8	1.0125379576357816e-9	3.959838774851243e-5
689.0	2.243915760610457e-8	1.726533119504908e-9	3.849991092745315e-6	1.1331132353363813e-8	1.0126085737100022e-9	3.9598387947506235e-5
690.0	2.248205560484488e-8	1.7273343903291548e-9	3.849991212979136e-6	1.1333912869538226e-8	1.012154164045559e-9	3.9598387815712584e-5
691.0	2.2436999663199905e-8	1.7249933976146627e-9	3.8499913083977216e-6	1.1330667961267707e-8	1.0121682086166741e-9	3.959838822676467e-5
692.0	2.2412325155809097e-8	1.7271653540945408e-9	3.849991119220441e-6	1.1332925683242964e-8	1.0124783796845305e-9	3.9598388085857114e-5
693.0	2.242856083375197e-8	1.72677705277793e-9	3.849991429827893e-6	1.1327602484897771e-8	1.012335009154891e-9	3.959838841501896e-5
694.0	2.2454729096341634e-8	1.7247038377658881e-9	3.849991380498e-6	1.132884217244795e-8	1.0130269735724753e-9	3.9598388438675894e-5
695.0	2.246245783194953e-8	1.726586347951677e-9	3.849991104983007e-6	1.1325025854533555e-8	1.0122445320796523e-9	3.9598388425577804e-5
696.0	2.2430808596784196e-8	1.724819171182819e-9	3.849991521479279e-6	1.1325686258584874e-8	1.0127201167028884e-9	3.959838863968044e-5
697.0	2.2432206383461184e-8	1.7258547974845525e-9	3.849991008045683e-6	1.1323395272606382e-8	1.0119171630680453e-9	3.9598388345683454e-5
698.0	2.2440095482984763e-8	1.726062115658332e-9	3.849991458282206e-6	1.1325178105041819e-8	1.0123124421047022e-9	3.9598388685516535e-5
699.0	2.245172097574193e-8	1.7269771111936143e-9	3.8499914537081575e-6	1.1323954340240151e-8	1.0122292993154883e-9	3.959838834360288e-5
700.0	2.2434168373148568e-8	1.726593745638971e-9	3.849991646526392e-6	1.1325996802455339e-8	1.0126391449385545e-9	3.9598388746666066e-5
701.0	2.244437358623638e-8	1.7270420254491916e-9	3.849991151217556e-6	1.1326478581176812e-8	1.0131461010839492e-9	3.959838841027538e-5
702.0	2.2435400249096052e-8	1.7278833459773045e-9	3.849992058486029e-6	1.1327836830298345e-8	1.0129325805089345e-9	3.9598388774511075e-5
703.0	2.2441729524049557e-8	1.7264933765149541e-9	3.849991334998128e-6	1.1329353615081763e-8	1.0134236493470837e-9	3.959838841576571e-5
704.0	2.2420391930223657e-8	1.7261870845774587e-9	3.849991519263181e-6	1.1328317885078253e-8	1.0125673353651162e-9	3.959838861763251e-5
705.0	2.2443544593843175e-8	1.7275752410917928e-9	3.8499912761265456e-6	1.1330587516545045e-8	1.0130809673382328e-9	3.959838847320208e-5
706.0	2.246196297258476e-8	1.7263342823593948e-9	3.8499920025534945e-6	1.1327343321454469e-8	1.0126095335794676e-9	3.9598388666756774e-5
707.0	2.2441301332345688e-8	1.7274538861378948e-9	3.84999182305183e-6	1.1330466949074524e-8	1.0131177563874035e-9	3.959838895755186e-5
708.0	2.2407043745750148e-8	1.7271156630696381e-9	3.849991667700754e-6	1.132756839150488e-8	1.0130653395922097e-9	3.959838891993049e-5
709.0	2.2416380147329188e-8	1.726034944204873e-9	3.849991520299648e-6	1.132953909436675e-8	1.0128755313383835e-9	3.9598389400094935e-5
710.0	2.2481703632139124e-8	1.7261932397763855e-9	3.849991431678045e-6	1.1327299675140912e-8	1.0130547731495225e-9	3.95983889006678e-5
711.0	2.245698959602719e-8	1.727395438329124e-9	3.849991517950372e-6	1.1328174291392784e-8	1.012166162999909e-9	3.959838935000112e-5
712.0	2.242256579125126e-8	1.7255734829861355e-9	3.849991150559322e-6	1.132743224078239e-8	1.0129282867200326e-9	3.959838880014858e-5
713.0	2.2408754815026765e-8	1.727169000219285e-9	3.849992243688968e-6	1.1327603181485982e-8	1.0122346126467066e-9	3.959838921120094e-5
714.0	2.2442899113760865e-8	1.72905038028831e-9	3.8499920397573965e-6	1.1327318807450983e-8	1.0130905552106824e-9	3.959838876343745e-5
715.0	2.2506866741771254e-8	1.7284480461604838e-9	3.849991595502667e-6	1.1326860408605679e-8	1.0125741951301076e-9	3.9598388973597685e-5
716.0	2.2430928849037035e-8	1.7281775153099869e-9	3.849991246584644e-6	1.1325750327913246e-8	1.012889432988798e-9	3.959838872145892e-5
717.0	2.242612408083739e-8	1.7275406842817304e-9	3.849991821975362e-6	1.1324665111550652e-8	1.0125760622156217e-9	3.9598388747469466e-5
718.0	2.2437777272058546e-8	1.7268560001983037e-9	3.849991180098054e-6	1.1324881715984166e-8	1.0122755991514653e-9	3.9598388744320706e-5
719.0	2.2458262622310516e-8	1.7260772511706604e-9	3.849991533081476e-6	1.1323840444865803e-8	1.012645549041748e-9	3.959838875901557e-5
720.0	2.2484102965531888e-8	1.727857165523098e-9	3.8499921026023505e-6	1.132611113205622e-8	1.0119931427872652e-9	3.959838879551361e-5
721.0	2.2433376934864964e-8	1.7275092739801425e-9	3.84999192382657e-6	1.1325499128381216e-8	1.0128830251839193e-9	3.9598388876412255e-5
722.0	2.2441657158351155e-8	1.7280307162988713e-9	3.849991306361677e-6	1.1328047723108827e-8	1.0122336112749782e-9	3.9598388817129985e-5
723.0	2.2424637908354074e-8	1.7300401592170794e-9	3.849991905616563e-6	1.1328240726383951e-8	1.013060978935179e-9	3.9598388921141057e-5
724.0	2.2439088306327912e-8	1.7290864384125125e-9	3.849991725429805e-6	1.1329856223838285e-8	1.0126158871243034e-9	3.959838891453046e-5
725.0	2.2464733808586347e-8	1.7274237072045003e-9	3.849991286226163e-6	1.13314899488753e-8	1.0127401701429754e-9	3.95983889764377e-5
726.0	2.2465559271939404e-8	1.7276596092028334e-9	3.849991629529279e-6	1.1331500845291e-8	1.0128422162396987e-9	3.959838913872708e-5
727.0	2.2445184056558967e-8	1.7274824143291766e-9	3.849991617329182e-6	1.1332521529088373e-8	1.012319563418037e-9	3.959838899813806e-5
728.0	2.2427841865690032e-8	1.725990700637567e-9	3.849991600331545e-6	1.133011826547181e-8	1.0126941817101787e-9	3.959838897787783e-5
729.0	2.244102232695999e-8	1.7273663267894817e-9	3.8499913729915775e-6	1.1329214683623105e-8	1.0118405200683199e-9	3.959838879609157e-5
730.0	2.2475563322836568e-8	1.7275434966212473e-9	3.849991985711882e-6	1.1325842673574755e-8	1.0123203879286522e-9	3.9598388552060965e-5
731.0	2.2469356600802132e-8	1.7299169078615146e-9	3.849991793476449e-6	1.1324804882559403e-8	1.011769250939862e-9	3.959838846599375e-5
732.0	2.2461851933894083e-8	1.7290880696758802e-9	3.849992073927794e-6	1.132200540012308e-8	1.0121383595095248e-9	3.959838822769733e-5
733.0	2.2430981906579e-8	1.7293939297275233e-9	3.849991626359448e-6	1.1323046057983135e-8	1.0122258523634774e-9	3.959838818474497e-5
734.0	2.2449949390537245e-8	1.7291527914866903e-9	3.849991539013214e-6	1.1322462840262532e-8	1.0122533313486295e-9	3.959838795528001e-5
735.0	2.245579640015586e-8	1.729142794662642e-9	3.849991662393601e-6	1.1325113047188391e-8	1.012642509507038e-9	3.9598387722028e-5
736.0	2.2474888092135485e-8	1.7294024717534125e-9	3.849991862666216e-6	1.1326980503625556e-8	1.0122337402135295e-9	3.95983877466027e-5
737.0	2.246931493684363e-8	1.7284118693412971e-9	3.849991480270432e-6	1.132932314138453e-8	1.0126248365622984e-9	3.9598387202614416e-5
738.0	2.24461577482878e-8	1.7295299641949875e-9	3.849991968824512e-6	1.1332789105170579e-8	1.012253995171318e-9	3.9598387797234736e-5
739.0	2.2434163406828697e-8	1.7295216789503778e-9	3.8499922561771e-6	1.1333385113218073e-8	1.0123170085014866e-9	3.959838720263402e-5
740.0	2.2459128936895785e-8	1.7303023038412965e-9	3.849991459362176e-6	1.1336440678571363e-8	1.0123433049333176e-9	3.959838820424469e-5
741.0	2.248054792146952e-8	1.7311959469783379e-9	3.849991866378939e-6	1.1334220372834489e-8	1.012366255508621e-9	3.9598387707579186e-5
742.0	2.2461224331763006e-8	1.7302591040645797e-9	3.849992181086387e-6	1.1334003817333952e-8	1.0125728939939413e-9	3.959838865323503e-5
743.0	2.2457103628867912e-8	1.7307377918707101e-9	3.849992027386353e-6	1.1329250043527702e-8	1.0128028879348298e-9	3.9598388242143766e-5
744.0	2.2454994704615964e-8	1.7305721896622564e-9	3.84999124392627e-6	1.1326497953086394e-8	1.0129280195372208e-9	3.959838866938677e-5
745.0	2.2478956539401538e-8	1.730140101244215e-9	3.84999169076878e-6	1.1320924954956173e-8	1.0132977275561115e-9	3.959838864489026e-5
746.0	2.247613915520434e-8	1.72975020193063e-9	3.849991460985278e-6	1.1319566108169845e-8	1.0133464060560125e-9	3.959838855095658e-5
747.0	2.2468086928335035e-8	1.7303125419314578e-9	3.849991653011639e-6	1.1316283827061576e-8	1.0134037653742045e-9	3.959838893298953e-5
748.0	2.2477243963154565e-8	1.7322002405548315e-9	3.849992328598966e-6	1.131767038157618e-8	1.0131603605287872e-9	3.9598388421830116e-5
749.0	2.246670506399993e-8	1.7304171593215893e-9	3.849992369679774e-6	1.1318980008106073e-8	1.0126647322369957e-9	3.95983889267194e-5
750.0	2.2475988296447296e-8	1.7334324761158777e-9	3.8499917925342655e-6	1.1322406961424632e-8	1.0125383905473927e-9	3.959838824032889e-5
751.0	2.2465078490528127e-8	1.7319108984736755e-9	3.84999196622268e-6	1.1328150659561604e-8	1.0120114945673012e-9	3.9598388682081904e-5
752.0	2.247655622528456e-8	1.7317718434677992e-9	3.849991442228917e-6	1.1332030952072566e-8	1.0125316926492886e-9	3.959838820380646e-5
753.0	2.2456259558529395e-8	1.7314506144901178e-9	3.849991409678793e-6	1.1338775303964408e-8	1.0122746955499001e-9	3.959838845343812e-5
754.0	2.2470146431044038e-8	1.7304192069540564e-9	3.849991678223311e-6	1.1339433542215415e-8	1.012864483359751e-9	3.959838826130965e-5
755.0	2.2477915014685894e-8	1.7309344885596406e-9	3.84999210890585e-6	1.1341410753947713e-8	1.0127407653037777e-9	3.9598388445904805e-5
756.0	2.2484123837419594e-8	1.731847459053243e-9	3.849991843164427e-6	1.1337150064284355e-8	1.0128591620272819e-9	3.95983884667157e-5
757.0	2.244946013707067e-8	1.7319402098203705e-9	3.849992206833628e-6	1.1333848972585245e-8	1.0128568432685071e-9	3.959838869741221e-5
758.0	2.2463188682596665e-8	1.7329829197319146e-9	3.849991698418658e-6	1.1326381856287749e-8	1.0122706011553497e-9	3.9598388884670996e-5
759.0	2.2493170581683167e-8	1.7327500579778367e-9	3.84999144272309e-6	1.1322430968123112e-8	1.0125892313105159e-9	3.959838906977137e-5
760.0	2.2498009551407808e-8	1.734788886218386e-9	3.849991083847744e-6	1.1315789641943637e-8	1.0118333475502058e-9	3.9598389219158466e-5
761.0	2.247073841681008e-8	1.7316991223159987e-9	3.849991663287738e-6	1.1315081990539375e-8	1.0123107264624551e-9	3.9598389269849674e-5
762.0	2.2438481313296252e-8	1.7323716087808855e-9	3.849991622302765e-6	1.1313757607154237e-8	1.011988453140842e-9	3.959838947160722e-5
763.0	2.2483384833036853e-8	1.7329120703054067e-9	3.849991552308752e-6	1.1317125514340281e-8	1.012476867996921e-9	3.9598389414354376e-5
764.0	2.2499478455125158e-8	1.7323476171190154e-9	3.8499919503090664e-6	1.1321461983492967e-8	1.012797554293622e-9	3.9598389827624326e-5
765.0	2.24751664185923e-8	1.7340301152777334e-9	3.849991676377536e-6	1.1327099634660472e-8	1.012669205206944e-9	3.9598389482981656e-5
766.0	2.245672606208804e-8	1.732895668033863e-9	3.849991341622258e-6	1.1333707434114242e-8	1.0131990134726315e-9	3.9598389823199195e-5
767.0	2.246456831664007e-8	1.733037146452452e-9	3.849991596823441e-6	1.133720341871484e-8	1.0123482704851684e-9	3.9598389198365074e-5
768.0	2.2467856557246055e-8	1.7326644189069823e-9	3.84999250257718e-6	1.134114212967628e-8	1.0127788297609335e-9	3.9598389322728125e-5
769.0	2.247812153143676e-8	1.7326975979079793e-9	3.849991994195045e-6	1.133963892533774e-8	1.0120886783487412e-9	3.9598388855334504e-5
770.0	2.247798992086261e-8	1.7327738836437586e-9	3.849991565723722e-6	1.1338058697438644e-8	1.0123110945403225e-9	3.959838869138367e-5
771.0	2.2488676377590903e-8	1.7327028778617359e-9	3.84999183211724e-6	1.1332281963105674e-8	1.0123311422859662e-9	3.959838863099822e-5
772.0	2.2487802509323408e-8	1.734356971579047e-9	3.849991430450543e-6	1.1327865111070342e-8	1.0121699615718498e-9	3.959838824272272e-5
773.0	2.2436597039231398e-8	1.734919229822228e-9	3.84999122241758e-6	1.1322124753890035e-8	1.0125960423790183e-9	3.959838856109607e-5
774.0	2.247747544509002e-8	1.7342881759864985e-9	3.849991450492727e-6	1.1318893190828141e-8	1.012129764427224e-9	3.95983882363476e-5
775.0	2.2515966971955484e-8	1.735426801377515e-9	3.849992541613593e-6	1.1316310513923941e-8	1.0128333269423377e-9	3.959838863001833e-5
776.0	2.2506889294023098e-8	1.733711583893345e-9	3.849992494175552e-6	1.131663702931088e-8	1.0124841121662341e-9	3.959838836591223e-5
777.0	2.2479861330833234e-8	1.732955283839136e-9	3.849991853665536e-6	1.131821551378254e-8	1.0128698214152796e-9	3.959838857221105e-5
778.0	2.2443583521385928e-8	1.7336599694929255e-9	3.849991525977842e-6	1.1322378717850214e-8	1.012926765873687e-9	3.9598388379978706e-5
779.0	2.248307562513153e-8	1.7334956647364742e-9	3.849990913209379e-6	1.1326493034169231e-8	1.0126441712548988e-9	3.959838837435132e-5
780.0	2.2508852593217313e-8	1.7340932318434308e-9	3.849990583144363e-6	1.1332201536992819e-8	1.0128929650342778e-9	3.9598388231560584e-5
781.0	2.2493252889784953e-8	1.7342254435048404e-9	3.849991139015906e-6	1.1335638410142737e-8	1.0123689945900438e-9	3.9598388128314715e-5
782.0	2.2463487901467143e-8	1.7350649262742055e-9	3.849992512709575e-6	1.1337948366634976e-8	1.012853306582876e-9	3.95983879577771e-5
783.0	2.2457916926088926e-8	1.7353225086889894e-9	3.849992934264545e-6	1.133770066631935e-8	1.012624295158687e-9	3.959838796285037e-5
784.0	2.247614936257577e-8	1.7346060182741167e-9	3.849992318074184e-6	1.1335276163023037e-8	1.013044857024063e-9	3.959838763422598e-5
785.0	2.250897244037743e-8	1.7350351756409125e-9	3.849991420291778e-6	1.1331412506614773e-8	1.013220868712099e-9	3.959838784131782e-5
786.0	2.2485436006669993e-8	1.7349054154767301e-9	3.849990873164724e-6	1.1327640814664912e-8	1.0130374240422848e-9	3.959838744863299e-5
787.0	2.2486825280777825e-8	1.7343021664547263e-9	3.849991094221329e-6	1.1322914990517725e-8	1.013203536122764e-9	3.959838766036709e-5
788.0	2.2463606223945412e-8	1.734945753484363e-9	3.849991222416411e-6	1.1320248333103018e-8	1.012671236512838e-9	3.959838753764957e-5
789.0	2.2487319498996146e-8	1.735436957628836e-9	3.849992109441845e-6	1.1317255188385095e-8	1.0127923520711944e-9	3.9598387631536064e-5
790.0	2.250522055041357e-8	1.736091593541772e-9	3.849992495329918e-6	1.1317674433389631e-8	1.0126015227715972e-9	3.959838792688418e-5
791.0	2.248505537147694e-8	1.7371409059987526e-9	3.849991937706112e-6	1.1318599499734849e-8	1.0126130669383021e-9	3.959838776031015e-5
792.0	2.249899753054045e-8	1.735749343013741e-9	3.849991829108979e-6	1.1321855702172425e-8	1.0126672312991703e-9	3.9598388175058634e-5
793.0	2.2472424662748575e-8	1.7364875742335331e-9	3.8499912926388405e-6	1.1326165243974417e-8	1.012459279194727e-9	3.959838784787077e-5
794.0	2.247706683221019e-8	1.7363051945919427e-9	3.849991248744499e-6	1.1329861688555462e-8	1.0124636764370304e-9	3.959838822723198e-5
795.0	2.248024515178295e-8	1.7347709127169042e-9	3.849990948449703e-6	1.1333647685781352e-8	1.0122607172874693e-9	3.959838802160326e-5
796.0	2.2483624214685405e-8	1.7340180825737906e-9	3.849991626091429e-6	1.1334892993031256e-8	1.0122850115583348e-9	3.959838829046822e-5
797.0	2.2509468790715805e-8	1.7354178034319849e-9	3.849991348136391e-6	1.133621482745308e-8	1.0125047938740349e-9	3.959838827485199e-5
798.0	2.2474136874628027e-8	1.7339549311035026e-9	3.849991834894186e-6	1.1334776244952454e-8	1.0123853977444402e-9	3.959838834152562e-5
799.0	2.245777676400798e-8	1.7355944747456587e-9	3.849992076393256e-6	1.1334513208324584e-8	1.0127225162745895e-9	3.959838851370651e-5
800.0	2.2476230982587563e-8	1.7374955527420157e-9	3.849991744511835e-6	1.1330789267620931e-8	1.0124849574873942e-9	3.959838842807854e-5
