turn	ele_ex	ele_ey	ele_ez	pro_ex	pro_ey	pro_ez
0.0	2.042901366646767e-8	1.6114310255281827e-9	3.84994285619843e-6	1.1281215296509378e-8	1.0034690056970962e-9	3.959984817418013e-5
1.0	2.0918269091152596e-8	1.623589082388417e-9	3.849942962137967e-6	1.1285969078410245e-8	1.0057305737330643e-9	3.959984769475501e-5
2.0	2.1043743430808812e-8	1.6229307237203157e-9	3.849943368612211e-6	1.1296211288469832e-8	1.005336799193253e-9	3.959984825365527e-5
3.0	2.086927597843081e-8	1.6290157794107563e-9	3.849943150173887e-6	1.1321966217014721e-8	1.0075351691537223e-9	3.9599847255126244e-5
4.0	2.072696460880978e-8	1.639887420066151e-9	3.849942697269638e-6	1.133235141367719e-8	1.0081404596213936e-9	3.959984788008533e-5
5.0	2.1313335074774356e-8	1.6317470430093665e-9	3.849942903101101e-6	1.1343682442342145e-8	1.0081395222823964e-9	3.959984701165976e-5
6.0	2.1903354169710232e-8	1.639020435049486e-9	3.8499422026511335e-6	1.1354162861056126e-8	1.009846407844607e-9	3.959984764967016e-5
7.0	2.1554986363156356e-8	1.632042070927142e-9	3.849944015973202e-6	1.1357514792640571e-8	1.009215585331332e-9	3.959984700056844e-5
8.0	2.1339427500665883e-8	1.6332368345790332e-9	3.8499435841325e-6	1.1353823574598731e-8	1.0111540300703e-9	3.959984710021534e-5
9.0	2.169399066699185e-8	1.6421429917101415e-9	3.8499433688138885e-6	1.1345392092912732e-8	1.010841722475346e-9	3.959984701178177e-5
10.0	2.2452086132938667e-8	1.6371996085552439e-9	3.849942675073932e-6	1.1329860476529726e-8	1.012673731564154e-9	3.959984687239714e-5
11.0	2.2320690764736406e-8	1.6424562364379007e-9	3.8499427146410285e-6	1.1305949044487888e-8	1.0127972881934512e-9	3.9599847229129156e-5
12.0	2.1848435002736215e-8	1.6452289039468553e-9	3.84994228669092e-6	1.1294488089313877e-8	1.0132118840624678e-9	3.959984649492472e-5
13.0	2.1916400411752577e-8	1.6433856833061028e-9	3.849943080291636e-6	1.128582882090519e-8	1.0136890551154832e-9	3.9599847044105346e-5
14.0	2.2401861820763292e-8	1.6479360827686187e-9	3.8499434133617856e-6	1.1283094497363735e-8	1.0132532992738399e-9	3.959984652002765e-5
15.0	2.2434171393240954e-8	1.646215677068451e-9	3.849943781694461e-6	1.1282223847204953e-8	1.0138504758764048e-9	3.959984702861679e-5
16.0	2.2193172296932956e-8	1.6430739819753426e-9	3.849943056013595e-6	1.1295522107616443e-8	1.0126830335507043e-9	3.959984670250574e-5
17.0	2.2098477922796005e-8	1.6423806021074273e-9	3.849942543467683e-6	1.130348226170417e-8	1.0125315588730073e-9	3.959984667265612e-5
18.0	2.221911362643007e-8	1.6433332839890478e-9	3.849942455956357e-6	1.1324015784964243e-8	1.0111021065439948e-9	3.9599846751478665e-5
19.0	2.2256313951147883e-8	1.6418471068870692e-9	3.849942470907283e-6	1.1334315397182342e-8	1.0102404751893048e-9	3.959984664278743e-5
20.0	2.2207752417661835e-8	1.643610054255809e-9	3.84994322903148e-6	1.134713078592472e-8	1.0094344088029004e-9	3.959984697414757e-5
21.0	2.2248518241540287e-8	1.6465112806938356e-9	3.8499427574726064e-6	1.1347227435467786e-8	1.0085884379497307e-9	3.9599846857843194e-5
22.0	2.225172661319727e-8	1.6445708564655763e-9	3.849943568733084e-6	1.1350673321011534e-8	1.008448718842771e-9	3.959984722876387e-5
23.0	2.220462280008638e-8	1.6482774043331383e-9	3.849943411643855e-6	1.1340101067365253e-8	1.0076164111430886e-9	3.959984730404546e-5
24.0	2.2168001510017203e-8	1.6462494475289663e-9	3.8499429680820286e-6	1.1333466347515433e-8	1.0076826712720914e-9	3.9599847371110655e-5
25.0	2.2236067897737246e-8	1.6450688924668383e-9	3.849941999585921e-6	1.131951100368083e-8	1.0071000808286752e-9	3.959984753681492e-5
26.0	2.2275876851152225e-8	1.6434888666002238e-9	3.849942774699724e-6	1.13119989846804e-8	1.0072146747765826e-9	3.959984765460273e-5
27.0	2.2265830917299327e-8	1.6443387047525998e-9	3.849942758946407e-6	1.1302840010263089e-8	1.0071870337270803e-9	3.959984808327932e-5
28.0	2.221992742634463e-8	1.6449491511829834e-9	3.849942699568583e-6	1.1301477662013591e-8	1.0073707710279023e-9	3.9599848398444296e-5
29.0	2.2229057265833556e-8	1.64575531078111e-9	3.849943671656639e-6	1.1304278044212009e-8	1.0079945235429252e-9	3.959984889141282e-5
30.0	2.223470531916636e-8	1.6484967222002753e-9	3.849943618511478e-6	1.1307971291707629e-8	1.0082692019653092e-9	3.959984907000646e-5
31.0	2.2240031210907583e-8	1.648783772330067e-9	3.849942923518422e-6	1.1318569134648189e-8	1.0089729667461484e-9	3.9599849154916574e-5
32.0	2.2277396542258967e-8	1.6479315587429517e-9	3.849942616857525e-6	1.1324665257820982e-8	1.0094212154957874e-9	3.9599849116015454e-5
33.0	2.2259641645399047e-8	1.6469229237235261e-9	3.849942216689432e-6	1.1334716370310636e-8	1.0101793455680915e-9	3.9599849073327914e-5
34.0	2.221305229613658e-8	1.6453912105595218e-9	3.849941934600738e-6	1.1335885239090348e-8	1.0106959231025645e-9	3.959984893306508e-5
35.0	2.2229154768537715e-8	1.644335107847292e-9	3.849942709303739e-6	1.1341024788693015e-8	1.0109966383163746e-9	3.9599848767879424e-5
36.0	2.225969451485913e-8	1.6454104728702038e-9	3.849943196544015e-6	1.1334412839437192e-8	1.0113326142519732e-9	3.959984858783862e-5
37.0	2.2268621042583692e-8	1.6467167849546024e-9	3.849943432793402e-6	1.1336037669030624e-8	1.0112197132703757e-9	3.959984852735235e-5
38.0	2.2222473589186967e-8	1.6467208270577817e-9	3.849943184731506e-6	1.1325417022913655e-8	1.0115506699087444e-9	3.959984837961372e-5
39.0	2.2227164102770673e-8	1.6494856593292508e-9	3.8499429843934505e-6	1.132519533269155e-8	1.011301214729681e-9	3.959984853115019e-5
40.0	2.2302610191669894e-8	1.6486062561216515e-9	3.849941760579834e-6	1.1314971533410791e-8	1.0115372239320674e-9	3.9599848344659466e-5
41.0	2.224991053983365e-8	1.6473651125423187e-9	3.849941830881555e-6	1.1315994875849579e-8	1.0112588694163122e-9	3.959984852717777e-5
42.0	2.2224486256099972e-8	1.650499310336212e-9	3.849942226284919e-6	1.131156037916687e-8	1.0109182705752568e-9	3.959984819165376e-5
43.0	2.223011892515726e-8	1.6473547809148383e-9	3.849942928056992e-6	1.1315216699947584e-8	1.0109068727891973e-9	3.959984823440064e-5
44.0	2.2314636835318228e-8	1.6487411452657823e-9	3.849943318524794e-6	1.1317028295031676e-8	1.0103769520609257e-9	3.959984800959628e-5
45.0	2.2316440113653025e-8	1.6509994068494054e-9	3.849943733582255e-6	1.1322056743016411e-8	1.010450394526469e-9	3.959984783458788e-5
46.0	2.2205276361730107e-8	1.6499794633625181e-9	3.849942757060871e-6	1.132564472034252e-8	1.0099926901295693e-9	3.959984796159625e-5
47.0	2.21946080136161e-8	1.6509195273008403e-9	3.8499424085887835e-6	1.1327806041226525e-8	1.0097884879214198e-9	3.959984751026745e-5
48.0	2.228800158284907e-8	1.6500714465072672e-9	3.8499424098873485e-6	1.133038293865088e-8	1.0094954995517263e-9	3.959984769574641e-5
49.0	2.232105365215871e-8	1.6504639354097608e-9	3.8499418648251266e-6	1.1329546153373151e-8	1.0090011213335156e-9	3.9599847034925034e-5
50.0	2.2256473085368215e-8	1.649391622301899e-9	3.849942192561462e-6	1.1331867701164182e-8	1.0091830877861584e-9	3.9599847221042153e-5
51.0	2.2199270160465296e-8	1.649607478701588e-9	3.849943294953469e-6	1.1328577889801994e-8	1.0088169412022308e-9	3.959984684299408e-5
52.0	2.226842477562676e-8	1.6507744884822882e-9	3.8499432561189865e-6	1.133125747120997e-8	1.0094999135239382e-9	3.959984686964504e-5
53.0	2.231782577414964e-8	1.6501198289761408e-9	3.849942888705547e-6	1.132535411633946e-8	1.0094188686194163e-9	3.9599846720800744e-5
54.0	2.227622058012094e-8	1.6525545908582843e-9	3.849942346744883e-6	1.1329140844677236e-8	1.0097756634389408e-9	3.959984644665803e-5
55.0	2.2202732397005912e-8	1.6503398155748223e-9	3.849942482863194e-6	1.132449103133833e-8	1.0099040765758126e-9	3.959984664600125e-5
56.0	2.227874893294525e-8	1.6510737337465016e-9	3.849942122194214e-6	1.1327417530834673e-8	1.0101331673277845e-9	3.959984632498086e-5
57.0	2.2353363885104052e-8	1.650094023139477e-9	3.849941787064247e-6	1.1324698466867762e-8	1.0105126115047337e-9	3.959984666420591e-5
58.0	2.2287900968994004e-8	1.6496922954708377e-9	3.849942575710278e-6	1.1326656968820118e-8	1.010863319113715e-9	3.959984656890731e-5
59.0	2.2206347495803058e-8	1.6501809347548916e-9	3.849943030491668e-6	1.1325152493821367e-8	1.0112215223974853e-9	3.959984675224265e-5
60.0	2.2273812105569688e-8	1.6513310603612119e-9	3.849942781166044e-6	1.1325319481675448e-8	1.0113798159045865e-9	3.959984685453603e-5
61.0	2.2335378885872974e-8	1.6512015418231425e-9	3.849941962041132e-6	1.132328956497679e-8	1.0115086190372443e-9	3.959984670274371e-5
62.0	2.2341306607157812e-8	1.652567916765829e-9	3.849943058301475e-6	1.1324044721591681e-8	1.0113794148070335e-9	3.959984715860783e-5
63.0	2.2181639511861742e-8	1.6546931379214032e-9	3.849942982653419e-6	1.1322498962888245e-8	1.0114298560803946e-9	3.959984674535553e-5
64.0	2.2247798639096077e-8	1.6520105294227432e-9	3.849941523853768e-6	1.132323462402684e-8	1.0112555294252987e-9	3.959984731042693e-5
65.0	2.2328199643087587e-8	1.6518958004302544e-9	3.849942008235086e-6	1.1325120456460142e-8	1.0114725384449397e-9	3.959984700200672e-5
66.0	2.2330722711762177e-8	1.6530552032234573e-9	3.849942254702622e-6	1.1323910886643719e-8	1.0110643161320764e-9	3.959984731246923e-5
67.0	2.223447895242283e-8	1.6516989553613146e-9	3.849942774902971e-6	1.1328709295687896e-8	1.0109639134673863e-9	3.959984738210214e-5
68.0	2.2207303320619264e-8	1.6530323012225944e-9	3.8499429018169445e-6	1.1327015171421894e-8	1.0103299233577517e-9	3.9599847299164524e-5
69.0	2.2310940324965975e-8	1.6529955415168457e-9	3.849943579321032e-6	1.133176694650571e-8	1.01014528121701e-9	3.959984774402972e-5
70.0	2.234299483438983e-8	1.654023112300598e-9	3.84994217462275e-6	1.133053306858228e-8	1.0096587205456355e-9	3.9599847583342235e-5
71.0	2.2249191150710608e-8	1.6528244710416424e-9	3.849942169887799e-6	1.133190831680565e-8	1.0093332736306448e-9	3.95998481955658e-5
72.0	2.2207562168111382e-8	1.6551321217366223e-9	3.849941714894255e-6	1.1331851010513152e-8	1.009407847489547e-9	3.95998481331698e-5
73.0	2.227463798805594e-8	1.6526993612385563e-9	3.849942208973918e-6	1.1330867233776777e-8	1.0087976444008239e-9	3.959984849329182e-5
74.0	2.2337456649719166e-8	1.6525229015626425e-9	3.849943580923466e-6	1.1327995490113351e-8	1.0090299884726798e-9	3.959984846583963e-5
75.0	2.2292033676920663e-8	1.653672387496631e-9	3.849943490896226e-6	1.1328674893854482e-8	1.0082176252244074e-9	3.959984859107403e-5
76.0	2.2213432685703158e-8	1.6539134888118144e-9	3.849942078423653e-6	1.132486126313609e-8	1.0085710685570072e-9	3.959984860167189e-5
77.0	2.225625983790355e-8	1.6546033036372505e-9	3.849942281020882e-6	1.1326549003274576e-8	1.0083044073391158e-9	3.959984855438214e-5
78.0	2.230574365460107e-8	1.6543131183523543e-9	3.849942769270316e-6	1.1325342486806407e-8	1.0086252534153088e-9	3.95998485687181e-5
79.0	2.230116118592611e-8	1.655263347881633e-9	3.849941883981748e-6	1.1325695638793893e-8	1.0089978635646206e-9	3.959984823354332e-5
80.0	2.2230825994181102e-8	1.6559850226773286e-9	3.849942600988605e-6	1.1328913669016083e-8	1.0088342042554937e-9	3.95998480586373e-5
81.0	2.2243350614759227e-8	1.656716960051043e-9	3.84994276204783e-6	1.132775902927969e-8	1.0096594350999524e-9	3.9599847766632846e-5
82.0	2.23083659350993e-8	1.6554627537863794e-9	3.8499423179362936e-6	1.1331659331050139e-8	1.009334629641571e-9	3.959984768071248e-5
83.0	2.2311017220538513e-8	1.6550543978298385e-9	3.849942253723998e-6	1.1330899084948368e-8	1.010393372433253e-9	3.9599847744289784e-5
84.0	2.2223507325771263e-8	1.6555145273578093e-9	3.849942509592714e-6	1.1330904971562412e-8	1.0102718983181713e-9	3.9599847778109126e-5
85.0	2.225261399818804e-8	1.6562173904544001e-9	3.849942594025525e-6	1.1330842621070626e-8	1.0109933391760421e-9	3.959984801329713e-5
86.0	2.2312877107206727e-8	1.6557320285852022e-9	3.849942811875817e-6	1.1328287398050305e-8	1.0115286338687047e-9	3.959984808887965e-5
87.0	2.2355793346206687e-8	1.6552281438269044e-9	3.849942313270064e-6	1.1325853907020637e-8	1.011649094908303e-9	3.9599848266797094e-5
88.0	2.2241274613614356e-8	1.6544726350195831e-9	3.849942305199379e-6	1.1324976545514557e-8	1.0123950504576234e-9	3.9599848310831816e-5
89.0	2.2209175121346374e-8	1.6559302664624778e-9	3.849941884650909e-6	1.1322269118446614e-8	1.0119578281027487e-9	3.959984842887221e-5
90.0	2.2313723407041552e-8	1.65569948083626e-9	3.849942289051676e-6	1.1323233931116073e-8	1.0125018016173285e-9	3.9599848237114796e-5
91.0	2.2382750746535488e-8	1.6563864438029335e-9	3.849942712309839e-6	1.1321286528828503e-8	1.011702917484931e-9	3.959984841822432e-5
92.0	2.229709677592713e-8	1.6568474668635204e-9	3.849942602517732e-6	1.1322741724615698e-8	1.0120121188961724e-9	3.9599848089944956e-5
93.0	2.219049152576594e-8	1.657635388973645e-9	3.84994275653554e-6	1.1324677091974006e-8	1.0116837519222833e-9	3.9599848301081416e-5
94.0	2.2258095774339548e-8	1.6570679377917573e-9	3.849942714504206e-6	1.1326061405782594e-8	1.0116388246672377e-9	3.959984808436718e-5
95.0	2.2365983799982277e-8	1.656543966426054e-9	3.849941960403896e-6	1.1329546522017188e-8	1.0116994336910208e-9	3.959984808291585e-5
96.0	2.2329146645137027e-8	1.6562268070938532e-9	3.849941062536623e-6	1.1330953880821813e-8	1.0109878708501471e-9	3.959984795684548e-5
97.0	2.2212915906152344e-8	1.6554840045484724e-9	3.8499425736743e-6	1.1332087929112647e-8	1.0108977804788188e-9	3.9599847615528226e-5
98.0	2.2232102063319898e-8	1.657646987742344e-9	3.849942599768742e-6	1.1332109738837316e-8	1.0097537385358637e-9	3.959984766073837e-5
99.0	2.2334601386906167e-8	1.6563893036564746e-9	3.849942413313606e-6	1.1331570843425403e-8	1.0095898215207265e-9	3.9599847279810546e-5
100.0	2.2324815087259144e-8	1.6578431423706736e-9	3.849942988234199e-6	1.1330073490559245e-8	1.0087797673572333e-9	3.959984732234377e-5
101.0	2.2216640980751594e-8	1.6587048304367674e-9	3.849942542076542e-6	1.1330488886343026e-8	1.0089096975101025e-9	3.959984723266932e-5
102.0	2.225008306538167e-8	1.656920316060983e-9	3.8499416345754465e-6	1.1329284810158972e-8	1.008767061749093e-9	3.959984726885758e-5
103.0	2.2311839890714618e-8	1.6562642992216122e-9	3.849941813095306e-6	1.1329161943680896e-8	1.0087664214225937e-9	3.9599847376409734e-5
104.0	2.2331457142051786e-8	1.6578376985783805e-9	3.849942546814054e-6	1.1328880086726656e-8	1.0088676184666743e-9	3.9599847345236374e-5
105.0	2.2218812456641568e-8	1.6565425158361438e-9	3.849942067587725e-6	1.1328273377748676e-8	1.008480956394275e-9	3.9599847430015095e-5
106.0	2.22318846600128e-8	1.6577954696930514e-9	3.8499423245722105e-6	1.1329202537405961e-8	1.0087604468623274e-9	3.9599847283019764e-5
107.0	2.232184820343913e-8	1.6591508283063806e-9	3.849942737522462e-6	1.1329363012552148e-8	1.008507136534663e-9	3.9599847401647535e-5
108.0	2.2343965502144696e-8	1.6591400287779083e-9	3.8499423128203865e-6	1.1329538222970856e-8	1.0092484894193483e-9	3.9599847268040576e-5
109.0	2.2246510022646958e-8	1.6574810717431013e-9	3.849942369950478e-6	1.1331064140641069e-8	1.0093093786451795e-9	3.959984721064671e-5
110.0	2.2237445485512422e-8	1.6581558019900413e-9	3.849941815499105e-6	1.1329748686076132e-8	1.01003236503182e-9	3.9599847030255626e-5
111.0	2.2290867724431984e-8	1.658471554439604e-9	3.849942033249447e-6	1.1329156903339496e-8	1.0103181271560755e-9	3.959984688113496e-5
112.0	2.232883964598707e-8	1.6568884145290593e-9	3.8499423701382615e-6	1.132829901516946e-8	1.0107179061039725e-9	3.9599846769617035e-5
113.0	2.2293884691438656e-8	1.6566092309188422e-9	3.849942586712056e-6	1.132569495027857e-8	1.0109339890556612e-9	3.959984658268389e-5
114.0	2.2256936657784914e-8	1.6594064996420683e-9	3.849942248505519e-6	1.1326494196748013e-8	1.0109945209583064e-9	3.959984657624398e-5
115.0	2.2282577609472548e-8	1.6591447398123184e-9	3.849942786701346e-6	1.1325518321832849e-8	1.011461465443131e-9	3.959984654236502e-5
116.0	2.230298497823734e-8	1.659963113147961e-9	3.84994196171215e-6	1.1326242970378674e-8	1.01127756739475e-9	3.959984674087173e-5
117.0	2.2287468000931822e-8	1.6575159989774991e-9	3.849941563010502e-6	1.1327624597567047e-8	1.0116438412965404e-9	3.9599846787278567e-5
118.0	2.2273832572508528e-8	1.6588736264491522e-9	3.849942024376613e-6	1.1327105043324994e-8	1.0115440324445205e-9	3.959984701650758e-5
119.0	2.2291383757571373e-8	1.657440929089117e-9	3.849942902247103e-6	1.1329947986619428e-8	1.0114862564870455e-9	3.9599847172447135e-5
120.0	2.2325713889278833e-8	1.6568509265524271e-9	3.849942274163989e-6	1.1330487752139761e-8	1.0114261131851683e-9	3.959984742255663e-5
121.0	2.2300223581266367e-8	1.6588922921505125e-9	3.849941832461105e-6	1.1331100537671797e-8	1.011162919101486e-9	3.959984754467044e-5
122.0	2.2272437834900947e-8	1.6580669229395428e-9	3.8499421866454905e-6	1.133330229791166e-8	1.0111673703707105e-9	3.959984772278231e-5
123.0	2.2245876318416718e-8	1.6598353488497163e-9	3.849941788696833e-6	1.13308553979413e-8	1.0107230549321303e-9	3.959984787862846e-5
124.0	2.2314702087501672e-8	1.6596143882608471e-9	3.849941799280311e-6	1.1330789184548112e-8	1.010926404656845e-9	3.959984776799666e-5
125.0	2.2372212029721e-8	1.6603203270158472e-9	3.8499422325524485e-6	1.1328564146867663e-8	1.010470153418068e-9	3.959984797228752e-5
126.0	2.231443196673783e-8	1.6600279843984123e-9	3.849942707866611e-6	1.132568323234865e-8	1.0104763671040034e-9	3.9599847755886986e-5
127.0	2.2218409155617067e-8	1.6584250690940414e-9	3.849942474102855e-6	1.1326955519887485e-8	1.010225588434799e-9	3.9599847962986217e-5
128.0	2.2250391887987844e-8	1.6589053819747884e-9	3.849941812434763e-6	1.1324750977618976e-8	1.0099830574469185e-9	3.959984761713134e-5
129.0	2.2375393253591113e-8	1.65876630630848e-9	3.8499419883891765e-6	1.1325609865365579e-8	1.0097690816793735e-9	3.959984776426115e-5
130.0	2.2373802144105645e-8	1.659657271127003e-9	3.849942434692091e-6	1.132835043917478e-8	1.0098424457065826e-9	3.959984758815903e-5
131.0	2.2239386528648564e-8	1.6608870306363737e-9	3.849942444134978e-6	1.1327262736311537e-8	1.0096462820096211e-9	3.959984761169331e-5
132.0	2.2208259125521653e-8	1.6595086470849251e-9	3.849942277454244e-6	1.1331617680842774e-8	1.0098632125797117e-9	3.959984788550677e-5
133.0	2.230450097381018e-8	1.6611305702500527e-9	3.8499422669266185e-6	1.1331840941857585e-8	1.0098994781971489e-9	3.9599847824105956e-5
134.0	2.2367112333521477e-8	1.6604241253081734e-9	3.8499424867269986e-6	1.133498308862232e-8	1.01000499633542e-9	3.959984831046393e-5
135.0	2.2254022675114643e-8	1.6604235532816129e-9	3.8499418151136175e-6	1.1336668760495741e-8	1.009987541939449e-9	3.959984829242931e-5
136.0	2.220907228923996e-8	1.659593456545177e-9	3.849941766122098e-6	1.1335198209051305e-8	1.0100671807700277e-9	3.959984857200983e-5
137.0	2.227063932020758e-8	1.6591388963734925e-9	3.849942568821397e-6	1.1335172697405757e-8	1.0100854892770923e-9	3.9599848748645216e-5
138.0	2.231548760985757e-8	1.6599562596133652e-9	3.849942340306075e-6	1.1331710811676763e-8	1.0100783697557783e-9	3.9599848829423875e-5
139.0	2.2238873973835262e-8	1.6604290098040402e-9	3.849942093195438e-6	1.1328762311301043e-8	1.0102652857005242e-9	3.9599849053491846e-5
140.0	2.2245896893251296e-8	1.6613418108455783e-9	3.849942075958474e-6	1.132755082256874e-8	1.0101633474186156e-9	3.9599848927790225e-5
141.0	2.2311928046578334e-8	1.6601605216224124e-9	3.849942525744451e-6	1.1325393580341744e-8	1.0102573205631206e-9	3.959984881541997e-5
142.0	2.2324315686056883e-8	1.6605392818350096e-9	3.849941509019649e-6	1.1324359015966766e-8	1.0102628182179156e-9	3.9599848687925294e-5
143.0	2.223621989514217e-8	1.6593548046603365e-9	3.8499416724109395e-6	1.1326276134860865e-8	1.0102641688463218e-9	3.959984815754781e-5
144.0	2.2216239009052574e-8	1.66027953245036e-9	3.849942230202803e-6	1.1324839985794304e-8	1.0104522131907612e-9	3.9599848288303836e-5
145.0	2.2367308220291465e-8	1.66075322349703e-9	3.8499422120366575e-6	1.1329537753832199e-8	1.0104261242247953e-9	3.959984768390514e-5
146.0	2.2372959505402267e-8	1.6590853365431808e-9	3.84994275619336e-6	1.132799365525084e-8	1.0105506053100216e-9	3.959984774243609e-5
147.0	2.226317730873674e-8	1.6610126522235505e-9	3.849942826599006e-6	1.1332746622238306e-8	1.0104138734308086e-9	3.959984745400972e-5
148.0	2.2221130909699164e-8	1.660932245973413e-9	3.849942125611646e-6	1.1332615795419262e-8	1.0102266636962408e-9	3.959984741744134e-5
149.0	2.2325435475790135e-8	1.6607556102017858e-9	3.84994151078557e-6	1.1335040688463314e-8	1.0101653186241169e-9	3.9599847577134574e-5
150.0	2.239462588541065e-8	1.6632078789536634e-9	3.849941428659592e-6	1.1334111340281722e-8	1.009982451759141e-9	3.959984726037358e-5
151.0	2.2303449879415568e-8	1.6611111892628685e-9	3.849941886031325e-6	1.1334265681630184e-8	1.010149503779369e-9	3.959984765693876e-5
152.0	2.2237177220023706e-8	1.6621580021653123e-9	3.849942727170398e-6	1.1330843128642773e-8	1.0103530910366288e-9	3.959984736629747e-5
153.0	2.2283017936772353e-8	1.6616094293808476e-9	3.849943303795e-6	1.133037353085574e-8	1.010354396985393e-9	3.959984756735527e-5
154.0	2.2351243066524473e-8	1.662692172904146e-9	3.849942775667078e-6	1.1327131106503808e-8	1.0107795116372938e-9	3.959984740198151e-5
155.0	2.232991929701139e-8	1.6626919163416567e-9	3.84994196428509e-6	1.1326240790408992e-8	1.0103506344892676e-9	3.959984719549702e-5
156.0	2.2304433170736634e-8	1.662185785568305e-9	3.849941796760155e-6	1.132688295738768e-8	1.0105194300917867e-9	3.959984707198333e-5
157.0	2.226998916674224e-8	1.6640610746012496e-9	3.849941742417106e-6	1.132504768066752e-8	1.0101879149459827e-9	3.9599846770451905e-5
158.0	2.230110865553635e-8	1.6627337521176457e-9	3.849942028493842e-6	1.1328065673243086e-8	1.0101324736955606e-9	3.959984673922962e-5
159.0	2.2314936811937405e-8	1.6650447401649314e-9	3.849942815225209e-6	1.132608898127717e-8	1.010347419037382e-9	3.959984655181869e-5
160.0	2.2349794404720887e-8	1.6655992623297959e-9	3.8499435113409055e-6	1.1330687954831355e-8	1.0102054442075927e-9	3.9599846532021176e-5
161.0	2.232302796962823e-8	1.663531778911778e-9	3.849942177095045e-6	1.1329866721510243e-8	1.0105357569251933e-9	3.9599846463836196e-5
162.0	2.2266777831605974e-8	1.6641323119104376e-9	3.849941428476925e-6	1.133418586801789e-8	1.0101253131078386e-9	3.9599846464459755e-5
163.0	2.229517931410501e-8	1.6630210039415384e-9	3.849942361225827e-6	1.1332388353447577e-8	1.0103422081873213e-9	3.959984641261174e-5
164.0	2.2333917002686114e-8	1.662767301314167e-9	3.849941907572021e-6	1.133493193864292e-8	1.0100652743406257e-9	3.959984657726457e-5
165.0	2.232644824957495e-8	1.6632342410043316e-9	3.8499414907746215e-6	1.1331518292969323e-8	1.0101634571056788e-9	3.959984651555424e-5
166.0	2.230003443761622e-8	1.6637183304935625e-9	3.849942567576117e-6	1.133293627625058e-8	1.0103351822740184e-9	3.9599846748593935e-5
167.0	2.2282720186615174e-8	1.6652819178828084e-9	3.849942446397559e-6	1.1328988636845902e-8	1.010210838818886e-9	3.959984669658357e-5
168.0	2.232278843355465e-8	1.6650901145701278e-9	3.849941799165123e-6	1.1330969694869438e-8	1.0108102410256235e-9	3.9599847041757845e-5
169.0	2.227969467058881e-8	1.6658269060112016e-9	3.849941609341836e-6	1.132905542323947e-8	1.0103946289544553e-9	3.959984713075227e-5
170.0	2.2291800440896472e-8	1.6652621057827418e-9	3.849942566698021e-6	1.1329274169193648e-8	1.0107431433083164e-9	3.959984727109132e-5
171.0	2.2312517388321104e-8	1.6652584764229531e-9	3.849941987159435e-6	1.1329891581333227e-8	1.0106400972023988e-9	3.959984763335159e-5
172.0	2.2355032152494545e-8	1.664696305853999e-9	3.849941496592426e-6	1.1328427476763035e-8	1.0107498904647839e-9	3.9599847540059454e-5
173.0	2.2262396941929934e-8	1.6652154430946457e-9	3.849941836845606e-6	1.1330386158330901e-8	1.010929907592364e-9	3.959984812891714e-5
174.0	2.2245019029975624e-8	1.664653076420857e-9	3.849942353494049e-6	1.1329638400603109e-8	1.0107376688492775e-9	3.9599847858251934e-5
175.0	2.2331595397812085e-8	1.6668389019799323e-9	3.849942368827362e-6	1.1332171814146724e-8	1.0110117917066222e-9	3.959984825798914e-5
176.0	2.237262685751017e-8	1.666433593113498e-9	3.849942681597515e-6	1.1329833295500876e-8	1.0106128557954443e-9	3.959984795093543e-5
177.0	2.231120970141274e-8	1.6666921117591568e-9	3.8499418607387855e-6	1.1332305543540175e-8	1.01057949431287e-9	3.9599848057456526e-5
178.0	2.2223763638777878e-8	1.6682458675200477e-9	3.849941536700373e-6	1.1328955691927545e-8	1.0103531443641514e-9	3.959984800178426e-5
179.0	2.2302008157246124e-8	1.6659472177647926e-9	3.849941508669068e-6	1.1331342283286113e-8	1.0101848008234174e-9	3.959984777876443e-5
180.0	2.2400056545223425e-8	1.668079260201996e-9	3.8499420516122875e-6	1.1328240577707131e-8	1.0102628637837654e-9	3.9599847973553996e-5
181.0	2.2308404611197422e-8	1.667061356076592e-9	3.84994276879496e-6	1.133160192235745e-8	1.010135711678694e-9	3.959984770659452e-5
182.0	2.2284673816136344e-8	1.668160885245749e-9	3.849942738642419e-6	1.1330141078009944e-8	1.0102958605077024e-9	3.959984790068992e-5
183.0	2.2277094668720675e-8	1.6682445891012676e-9	3.849941937021338e-6	1.133182990193058e-8	1.0102218833879074e-9	3.959984783905504e-5
184.0	2.2365203697541337e-8	1.666637718269276e-9	3.849941666541745e-6	1.1331334216591934e-8	1.0101825419933275e-9	3.959984780885056e-5
185.0	2.2331551228515146e-8	1.668028437409177e-9	3.849941343155363e-6	1.1332634917467167e-8	1.0102561898352366e-9	3.959984785430653e-5
186.0	2.2268464024121934e-8	1.6660153239490906e-9	3.849942395992878e-6	1.133263038477944e-8	1.0100490759407076e-9	3.959984777821012e-5
187.0	2.2321539759781637e-8	1.6680244671907535e-9	3.849942520720318e-6	1.1333534868410723e-8	1.0101090789241945e-9	3.959984797534439e-5
188.0	2.232860171038205e-8	1.6669366346980502e-9	3.849942561764928e-6	1.1333268318254591e-8	1.010032949437713e-9	3.95998479877856e-5
189.0	2.2329360351908533e-8	1.668078433148704e-9	3.849941751104506e-6	1.1332425654224781e-8	1.009887302646918e-9	3.9599848104706206e-5
190.0	2.230516447973001e-8	1.6692647930553813e-9	3.849942011624969e-6	1.1332373173217305e-8	1.0102226057925422e-9	3.9599848218332945e-5
191.0	2.2309473190886376e-8	1.6671255744633286e-9	3.849942241633049e-6	1.133088384868095e-8	1.0102916961785765e-9	3.959984824232749e-5
192.0	2.233241893904215e-8	1.6690752711355215e-9	3.8499420193820265e-6	1.133173472281581e-8	1.0109379881414136e-9	3.9599848473742035e-5
193.0	2.23102716503946e-8	1.6683383915302185e-9	3.849942587856546e-6	1.1330023342031482e-8	1.0110759309899814e-9	3.959984835447659e-5
194.0	2.2333992287142013e-8	1.6679185222607863e-9	3.849941807365733e-6	1.1330956319459823e-8	1.0112394768049924e-9	3.959984818876493e-5
195.0	2.2325687033808937e-8	1.6683756164471622e-9	3.8499415229840285e-6	1.132988425335844e-8	1.0112050939286936e-9	3.9599847912797183e-5
196.0	2.2330314399034627e-8	1.6691069302742244e-9	3.84994159083466e-6	1.132960714680625e-8	1.0109480697781723e-9	3.959984756124601e-5
197.0	2.230387337977421e-8	1.6692428469800841e-9	3.849942241712982e-6	1.1329212322197216e-8	1.0109474435203064e-9	3.9599847370048706e-5
198.0	2.2337529854667202e-8	1.6688424921120873e-9	3.849942822692591e-6	1.1330441178687694e-8	1.0107041954962749e-9	3.9599847181772825e-5
199.0	2.2353471640789374e-8	1.6704618042667634e-9	3.849942228368401e-6	1.1330455290072593e-8	1.0109775016433481e-9	3.959984706965558e-5
200.0	2.2327777279989813e-8	1.6706406547090784e-9	3.849941911609914e-6	1.1331789383659521e-8	1.0109705047461246e-9	3.959984704901207e-5
201.0	2.2300518963125633e-8	1.669508092655056e-9	3.849941591913828e-6	1.1331394676490631e-8	1.0110433687173022e-9	3.9599846930444434e-5
202.0	2.2345837870591324e-8	1.6693985526955583e-9	3.849941410424783e-6	1.1331989036203742e-8	1.0111321978860546e-9	3.9599846958332716e-5
203.0	2.232827693402193e-8	1.6695377118557863e-9	3.849941277149612e-6	1.133108207172713e-8	1.0108905637098434e-9	3.959984670430779e-5
204.0	2.231095458602437e-8	1.668848600540532e-9	3.849942139261873e-6	1.1331033970166864e-8	1.0109111220159004e-9	3.9599846857303654e-5
205.0	2.232627655704672e-8	1.669464219582529e-9	3.849942762812863e-6	1.133072267526551e-8	1.0106336902993337e-9	3.959984667663649e-5
206.0	2.2387044541132714e-8	1.6687166945818824e-9	3.849942313668459e-6	1.1331085829225307e-8	1.0108511400317313e-9	3.9599846877871315e-5
207.0	2.2333618639250297e-8	1.6705021158968298e-9	3.8499417140975e-6	1.1330669604471645e-8	1.0104730782926206e-9	3.959984662241593e-5
208.0	2.226509993865756e-8	1.6712593346039686e-9	3.8499422217467814e-6	1.1331425883594852e-8	1.0106424517909669e-9	3.959984686344203e-5
209.0	2.2303426872600582e-8	1.6720008301828741e-9	3.849940899665698e-6	1.1330879856684244e-8	1.010538623114473e-9	3.9599846699158815e-5
210.0	2.243877097905777e-8	1.6720711537748577e-9	3.84994111456904e-6	1.1331276876365415e-8	1.0106050669774784e-9	3.959984688251747e-5
211.0	2.237044425028473e-8	1.6714651177368123e-9	3.849942181428862e-6	1.1331162997034483e-8	1.0106450193458188e-9	3.959984679862581e-5
212.0	2.2249161629805003e-8	1.6710628188049707e-9	3.849942558919756e-6	1.1331373133208513e-8	1.010527557427164e-9	3.959984696737739e-5
213.0	2.2280929035414226e-8	1.6704489317116966e-9	3.849942497010216e-6	1.1331215177189644e-8	1.0105749491327755e-9	3.959984685643794e-5
214.0	2.2406997718371398e-8	1.6721402331874275e-9	3.849941951839903e-6	1.1330852781212918e-8	1.0102322612491294e-9	3.95998469470106e-5
215.0	2.2404333653374633e-8	1.6707758040791947e-9	3.849941895194282e-6	1.1330664944276508e-8	1.010195917819102e-9	3.959984690216925e-5
216.0	2.2266976338805555e-8	1.6736063332435158e-9	3.849941382743305e-6	1.1330530906365338e-8	1.0100092030787448e-9	3.95998469288503e-5
217.0	2.2275081734805084e-8	1.6722787023279784e-9	3.849941600273994e-6	1.1331302504951936e-8	1.0100945510125735e-9	3.959984697842646e-5
218.0	2.23688174943037e-8	1.6718352721041602e-9	3.8499418729207625e-6	1.133117556767534e-8	1.0102771824863982e-9	3.959984693640852e-5
219.0	2.2355825214675162e-8	1.6735121304025788e-9	3.8499423741162095e-6	1.133343511768506e-8	1.0105262477670142e-9	3.9599847185863764e-5
220.0	2.2292355363993893e-8	1.6722608268058172e-9	3.8499422125141655e-6	1.1332688244284493e-8	1.0106294314108707e-9	3.9599847185671914e-5
221.0	2.2307994258042134e-8	1.6724714921283605e-9	3.849941905263546e-6	1.1334179056999325e-8	1.0107794927272404e-9	3.959984755611055e-5
222.0	2.2372702864430632e-8	1.6743011327365146e-9	3.849941775151984e-6	1.1332172247983611e-8	1.0107565134553306e-9	3.959984759721321e-5
223.0	2.2330959058035756e-8	1.6733473313217764e-9	3.849941784553065e-6	1.1332844100306027e-8	1.0105791611346677e-9	3.959984804480842e-5
224.0	2.227202390983811e-8	1.6735746672783427e-9	3.849941786899462e-6	1.1330495824203269e-8	1.0106030207757052e-9	3.959984790274795e-5
225.0	2.2348197601765954e-8	1.6738587527204796e-9	3.849941759005517e-6	1.1330562338484479e-8	1.0104542292275365e-9	3.959984814938552e-5
226.0	2.2409306744648754e-8	1.6739707715528892e-9	3.84994198053385e-6	1.1328070624806607e-8	1.0106700521120808e-9	3.959984800085308e-5
227.0	2.2351735842580587e-8	1.6731552901107793e-9	3.8499423012254965e-6	1.1328486117254048e-8	1.0106191123461433e-9	3.959984799453686e-5
228.0	2.2281677631651947e-8	1.6739842006714712e-9	3.849941935133449e-6	1.132689802629921e-8	1.010924808488109e-9	3.959984793301402e-5
229.0	2.233796458557985e-8	1.6753113185974658e-9	3.849941169265189e-6	1.1328203567602956e-8	1.0109436005225973e-9	3.9599847792489286e-5
230.0	2.2401124027248232e-8	1.6749766799500267e-9	3.849941640200785e-6	1.1328988283453466e-8	1.0109777577027973e-9	3.9599847767693724e-5
231.0	2.2396302185771155e-8	1.675662623917939e-9	3.849942177384856e-6	1.1330926009401103e-8	1.0109706777660193e-9	3.959984766273363e-5
232.0	2.2263622367161905e-8	1.6761520007060376e-9	3.849942122053493e-6	1.1333401552097758e-8	1.0106984622936947e-9	3.959984760314846e-5
233.0	2.2339388363237914e-8	1.6743677663089082e-9	3.84994229499038e-6	1.1334896329176315e-8	1.0109137012253197e-9	3.9599847771798324e-5
234.0	2.234780205772667e-8	1.6753730778369999e-9	3.849942170135797e-6	1.1336506336327713e-8	1.010691406945954e-9	3.959984780941564e-5
235.0	2.238531288789739e-8	1.6757310295496316e-9	3.84994150773395e-6	1.1335923293756553e-8	1.0110047068642557e-9	3.959984803824827e-5
236.0	2.2331669998505442e-8	1.6747461937716698e-9	3.849941061129385e-6	1.1336550728417305e-8	1.0108157935494362e-9	3.9599848207570904e-5
237.0	2.2296328090053405e-8	1.674962965292479e-9	3.849941642420447e-6	1.1333589014910856e-8	1.0109247848556146e-9	3.9599848263308206e-5
238.0	2.2344191731551545e-8	1.6762009209968296e-9	3.849942460953483e-6	1.1333351818239216e-8	1.0109670974111406e-9	3.959984836892354e-5
239.0	2.2328045521921507e-8	1.6749481115319105e-9	3.849942570137426e-6	1.132894312717414e-8	1.0107187322939972e-9	3.959984823863078e-5
240.0	2.2374249675851446e-8	1.6751104144551069e-9	3.849942539778546e-6	1.1329065008281957e-8	1.0109605880605453e-9	3.959984815315992e-5
241.0	2.2328459624539137e-8	1.677030137279451e-9	3.849941848226436e-6	1.1324677409471213e-8	1.0108371217124618e-9	3.959984822523478e-5
242.0	2.2323780672635694e-8	1.675322320310132e-9	3.84994120861429e-6	1.132622754312745e-8	1.011026701294212e-9	3.959984796941326e-5
243.0	2.230561756406149e-8	1.6763366079178e-9	3.849941324919011e-6	1.1325315952794679e-8	1.0110773092797434e-9	3.959984825910592e-5
244.0	2.2360757578663643e-8	1.6771033792393988e-9	3.849941705872605e-6	1.1327962949649331e-8	1.011102121574711e-9	3.959984784568421e-5
245.0	2.235421773224051e-8	1.6766035530443717e-9	3.849942182059343e-6	1.132991552752687e-8	1.0109473509308393e-9	3.9599848069817515e-5
246.0	2.232990911627215e-8	1.6761038311910643e-9	3.849942847391904e-6	1.1333495611459053e-8	1.0110579604608569e-9	3.959984777498846e-5
247.0	2.230832869716368e-8	1.6757419016954093e-9	3.84994269296676e-6	1.1334870974464993e-8	1.010821907020186e-9	3.959984764678676e-5
248.0	2.234481369288639e-8	1.6764769890578703e-9	3.849941557366244e-6	1.1337071701999645e-8	1.0109451047926137e-9	3.95998476544247e-5
249.0	2.2328365675491425e-8	1.6758186821089464e-9	3.849941406142018e-6	1.1337239216366841e-8	1.010860246785095e-9	3.959984721187894e-5
250.0	2.232233846970506e-8	1.6765848595025375e-9	3.849941611608803e-6	1.1337171499572315e-8	1.0106268741912027e-9	3.959984737557513e-5
251.0	2.2318584553388557e-8	1.6770232952171847e-9	3.849942012714881e-6	1.1336433593178087e-8	1.0106697027128818e-9	3.9599846850615516e-5
252.0	2.2349159483371694e-8	1.6763939780869204e-9	3.849942013033102e-6	1.1334292618801145e-8	1.010299112946305e-9	3.959984697474765e-5
253.0	2.2338698511846567e-8	1.6780093179376898e-9	3.84994279902739e-6	1.1333398404541274e-8	1.010663393253037e-9	3.959984650223923e-5
254.0	2.228823245187729e-8	1.6770442770160165e-9	3.849942479462097e-6	1.133065163919476e-8	1.0103789846939642e-9	3.9599846691784153e-5
255.0	2.2329276453724007e-8	1.6769634493538618e-9	3.849941286490209e-6	1.1330466522219842e-8	1.010926386842645e-9	3.9599846511359034e-5
256.0	2.237423686288677e-8	1.6782156302170969e-9	3.849941169078438e-6	1.1329026954830741e-8	1.011028402478452e-9	3.959984655203253e-5
257.0	2.2367389619411616e-8	1.6776431349610473e-9	3.849942375489808e-6	1.132968273227058e-8	1.0110362981075778e-9	3.959984656742638e-5
258.0	2.2287136960898676e-8	1.6792733169483264e-9	3.849942039754411e-6	1.132968360631142e-8	1.0112896179273634e-9	3.9599846665054585e-5
259.0	2.232052018753297e-8	1.6786642755719954e-9	3.849941988719762e-6	1.1331459008340222e-8	1.0107243766669498e-9	3.959984656732638e-5
260.0	2.2376163397340423e-8	1.6795970510100849e-9	3.849942417891447e-6	1.1330726540925917e-8	1.0111172338359597e-9	3.9599846671878486e-5
261.0	2.23881101734464e-8	1.6784380060281726e-9	3.849942025462196e-6	1.133272861810638e-8	1.0103668253879278e-9	3.9599846492976725e-5
262.0	2.2315622707630612e-8	1.678007019717109e-9	3.849940929250129e-6	1.1332109729556578e-8	1.0109558147700215e-9	3.9599846766083e-5
263.0	2.2290148401513798e-8	1.6785208243777155e-9	3.849941461328248e-6	1.1333533914062849e-8	1.010880284768052e-9	3.9599846765179463e-5
264.0	2.239192398100849e-8	1.6785912671919207e-9	3.849942736686315e-6	1.133284920451049e-8	1.0110880927348287e-9	3.9599847012834875e-5
265.0	2.2403638461539452e-8	1.6795533732533665e-9	3.84994252171103e-6	1.1333371165838474e-8	1.0115570697335829e-9	3.959984709595792e-5
266.0	2.2333362344121205e-8	1.679519572823227e-9	3.8499418110126525e-6	1.1332453198911767e-8	1.0109396776446574e-9	3.9599847162427806e-5
267.0	2.2279090053450035e-8	1.6798253329500886e-9	3.849942071344441e-6	1.133269775893576e-8	1.011396657379426e-9	3.959984730499701e-5
268.0	2.2355357958562327e-8	1.6807516691992234e-9	3.8499416811645015e-6	1.1331932298076668e-8	1.0104819008150639e-9	3.9599847221477074e-5
269.0	2.2417668203503903e-8	1.6800621042022607e-9	3.849940746003972e-6	1.133351340071747e-8	1.0107583111516656e-9	3.959984729234273e-5
270.0	2.2391208212145846e-8	1.6809055253645134e-9	3.849942329981586e-6	1.133312612383729e-8	1.010378565322308e-9	3.95998472793922e-5
271.0	2.225789309758172e-8	1.6805326925685815e-9	3.849942452691284e-6	1.1334842677388033e-8	1.010401169352136e-9	3.959984735626654e-5
272.0	2.232613911042285e-8	1.6803676988230208e-9	3.849942443549848e-6	1.1334990377076038e-8	1.0108025847575001e-9	3.959984750267422e-5
273.0	2.2380103183771526e-8	1.6816883496661105e-9	3.849941475694642e-6	1.1334749280679613e-8	1.0104763034102436e-9	3.9599847471282005e-5
274.0	2.2402024834512194e-8	1.6809083111798752e-9	3.849941874486748e-6	1.133418966402637e-8	1.0111590767686507e-9	3.959984778965787e-5
275.0	2.232041249538709e-8	1.681904655548179e-9	3.8499411835725165e-6	1.1332728339468632e-8	1.0103210677497688e-9	3.959984764350465e-5
276.0	2.2295574006444425e-8	1.6812327475928054e-9	3.849941827044984e-6	1.133085515941315e-8	1.0107986243353056e-9	3.959984806215107e-5
277.0	2.2360923900546298e-8	1.6826989491813022e-9	3.849942158468607e-6	1.1329861606502543e-8	1.0101248980884234e-9	3.9599847983893036e-5
278.0	2.2361793549068864e-8	1.6820761174087078e-9	3.8499419847046035e-6	1.1327944245623454e-8	1.010277980554939e-9	3.959984837381242e-5
279.0	2.2337711674431166e-8	1.6823339717276432e-9	3.84994159033137e-6	1.1327946114029881e-8	1.010445370102553e-9	3.959984837586131e-5
280.0	2.2342720400711862e-8	1.6840654300817315e-9	3.84994175751686e-6	1.1327758755765155e-8	1.0102242822936096e-9	3.9599848514165145e-5
281.0	2.236202700947585e-8	1.6825062180692568e-9	3.849942008349238e-6	1.1328535389440564e-8	1.0110543615608544e-9	3.959984846866887e-5
282.0	2.236261164500224e-8	1.682126752229711e-9	3.84994191808552e-6	1.1331950792814988e-8	1.010605213518131e-9	3.959984845721603e-5
283.0	2.2286768048757637e-8	1.68241226343631e-9	3.8499420285262325e-6	1.133245286005073e-8	1.011394359405412e-9	3.9599848441143024e-5
284.0	2.236204075744923e-8	1.6825855170836444e-9	3.849942056949545e-6	1.1335649242853487e-8	1.0109351014142124e-9	3.959984826320461e-5
285.0	2.2425739598129918e-8	1.6826721756713801e-9	3.849941784985999e-6	1.133673344724296e-8	1.0111170995283985e-9	3.959984832260815e-5
286.0	2.2403446559298018e-8	1.6827302830486726e-9	3.8499415028708305e-6	1.1337635295490923e-8	1.0111072470931736e-9	3.959984798436198e-5
287.0	2.2297589232018455e-8	1.6831603483406797e-9	3.849941946509161e-6	1.1337338411405857e-8	1.0106627042552031e-9	3.959984836704623e-5
288.0	2.2302519899334598e-8	1.6840284091701898e-9	3.849942070638158e-6	1.1336863938991165e-8	1.0111996647530548e-9	3.959984786244694e-5
289.0	2.240910065314074e-8	1.6835539781387967e-9	3.849941659361669e-6	1.133400151829077e-8	1.010519665316295e-9	3.959984833338488e-5
290.0	2.2469434930876702e-8	1.6837586222900043e-9	3.849941909779561e-6	1.1332763157861696e-8	1.0112783340712486e-9	3.9599847711226164e-5
291.0	2.2345532536073623e-8	1.6841913053456437e-9	3.849942184193571e-6	1.1328868732879711e-8	1.0108415247388436e-9	3.959984820149271e-5
292.0	2.2286921277692606e-8	1.6816789287405831e-9	3.849941695310556e-6	1.1328752323066928e-8	1.0113510213197665e-9	3.959984771884955e-5
293.0	2.235014899571629e-8	1.6822367144559283e-9	3.849941558428379e-6	1.1326631898832512e-8	1.0113608204173908e-9	3.9599848160517695e-5
294.0	2.2418884252505193e-8	1.6835904450770916e-9	3.849941982658027e-6	1.1327012719097916e-8	1.0112639804829197e-9	3.959984781895497e-5
295.0	2.2388318409474405e-8	1.6830520115007308e-9	3.849941499781521e-6	1.13279762979439e-8	1.011415771372258e-9	3.959984810450282e-5
296.0	2.2322964534556983e-8	1.6844744989167037e-9	3.849941323192851e-6	1.132880328382212e-8	1.0106778918158041e-9	3.9599847811016336e-5
297.0	2.231533724655922e-8	1.6856852384540204e-9	3.849941827327694e-6	1.1330743142528601e-8	1.0109987422551678e-9	3.959984777862201e-5
298.0	2.2363234699984916e-8	1.6854592973664024e-9	3.8499421390712734e-6	1.1333381359206053e-8	1.010427647088539e-9	3.959984757864256e-5
299.0	2.2355673603776857e-8	1.684019376754423e-9	3.84994217754741e-6	1.1335130948206977e-8	1.0109049038518271e-9	3.9599847214263064e-5
300.0	2.2346948437049663e-8	1.6850505312460522e-9	3.849942193638168e-6	1.1337042295562927e-8	1.0108787021315213e-9	3.959984730006077e-5
301.0	2.2376078145440738e-8	1.6837723532296456e-9	3.84994181291765e-6	1.1337503874029005e-8	1.0111833901553855e-9	3.959984689514302e-5
302.0	2.2359078720634205e-8	1.6830555401099287e-9	3.849941793726373e-6	1.1335828560207568e-8	1.0115643533133527e-9	3.95998470594841e-5
303.0	2.23444150032986e-8	1.6846757262589568e-9	3.8499411358766935e-6	1.1335449325968748e-8	1.011305993102551e-9	3.959984667659023e-5
304.0	2.23228370392378e-8	1.6846347822889686e-9	3.8499417057105515e-6	1.1331881156517633e-8	1.0115292422378497e-9	3.9599846825796245e-5
305.0	2.2387249301537857e-8	1.6876503256142622e-9	3.849942534785548e-6	1.1331890008286235e-8	1.0111077430347318e-9	3.959984663242247e-5
306.0	2.2410727423243723e-8	1.6862630652985361e-9	3.849942907961556e-6	1.1329667297776053e-8	1.0112743184225155e-9	3.9599846718173926e-5
307.0	2.2355463466068156e-8	1.6866421062786879e-9	3.8499420236489965e-6	1.1328873720827873e-8	1.0108988814076081e-9	3.959984668262188e-5
308.0	2.2308018890088882e-8	1.6862010848358708e-9	3.849941749623605e-6	1.1328742409737731e-8	1.0110795475835954e-9	3.959984668464304e-5
309.0	2.23662450215856e-8	1.685458489247327e-9	3.849941531467608e-6	1.1329092495976391e-8	1.0111378876092615e-9	3.959984688441733e-5
310.0	2.2407767326652545e-8	1.6862273127490492e-9	3.84994128472014e-6	1.1330617246142816e-8	1.0111760389096431e-9	3.959984685203375e-5
311.0	2.2410957081467607e-8	1.6851042579166654e-9	3.84994139729364e-6	1.1333053109432031e-8	1.0112886687590703e-9	3.959984703439805e-5
312.0	2.2326500791903386e-8	1.6870363266014356e-9	3.849942759068511e-6	1.1334575023010056e-8	1.0109295132411844e-9	3.959984699794683e-5
313.0	2.2336079377929774e-8	1.686822199364361e-9	3.8499420570514765e-6	1.1336217343798088e-8	1.0109561248372365e-9	3.959984691274003e-5
314.0	2.2393170127893093e-8	1.6863414171432868e-9	3.849941261955592e-6	1.1336947394848986e-8	1.0106186343098842e-9	3.9599847059219606e-5
315.0	2.2408343240391472e-8	1.6874460035642701e-9	3.849941228276733e-6	1.1335644941913709e-8	1.0107795275701088e-9	3.959984677371198e-5
316.0	2.2375027519311508e-8	1.6861312585415878e-9	3.8499418192723045e-6	1.1336725056144612e-8	1.010669353760823e-9	3.9599847096159803e-5
317.0	2.233744124065926e-8	1.685879348342517e-9	3.849941127282567e-6	1.1333050340134018e-8	1.0108153822735615e-9	3.959984677951376e-5
318.0	2.2383244226772843e-8	1.686782082712622e-9	3.849941898480414e-6	1.133415854178264e-8	1.0106441122878867e-9	3.9599847217301595e-5
319.0	2.2387268574696095e-8	1.6868626769796884e-9	3.849942449943748e-6	1.1331598755178403e-8	1.0106004045405076e-9	3.959984702305251e-5
320.0	2.2385845236784947e-8	1.688914007149793e-9	3.849941325517365e-6	1.1331052438170169e-8	1.010460821060165e-9	3.959984742910399e-5
321.0	2.2350162658859056e-8	1.6878274837003814e-9	3.849941466929247e-6	1.1330524459413595e-8	1.0104649491119813e-9	3.959984736512604e-5
322.0	2.2377391044376137e-8	1.6894779174961475e-9	3.849941588277876e-6	1.1330032364628576e-8	1.0106233408554559e-9	3.9599847636170046e-5
323.0	2.237031703989024e-8	1.687612790003811e-9	3.84994197940276e-6	1.1331506462303719e-8	1.0107787598161223e-9	3.9599847652718136e-5
324.0	2.2351576132971075e-8	1.6879689232753847e-9	3.8499417526569385e-6	1.133258169095034e-8	1.0111777632479122e-9	3.959984785994918e-5
325.0	2.2376614691284233e-8	1.6875975246994874e-9	3.849942463418435e-6	1.1334157821377608e-8	1.0112131715975053e-9	3.9599847878136826e-5
326.0	2.238634007176715e-8	1.6879521480463485e-9	3.849941872815842e-6	1.1334837365612997e-8	1.0114310014224659e-9	3.9599848009259986e-5
327.0	2.239637431580216e-8	1.6898337498203427e-9	3.84994136354107e-6	1.1336124382887623e-8	1.011412426320566e-9	3.959984813392891e-5
328.0	2.233835509802803e-8	1.6891387459380283e-9	3.8499418733057975e-6	1.1334190338416782e-8	1.0113509852179604e-9	3.959984819450706e-5
329.0	2.236365478625161e-8	1.6911652291216017e-9	3.849941499857278e-6	1.1336373261902587e-8	1.0112324623248794e-9	3.9599848330692814e-5
330.0	2.2412978436293913e-8	1.6905837160666972e-9	3.8499423442887786e-6	1.1332314605104697e-8	1.0111708976321353e-9	3.959984840315993e-5
331.0	2.2405414658655008e-8	1.6892448651522326e-9	3.849942093179134e-6	1.1334358292583835e-8	1.0110975168818803e-9	3.95998484646975e-5
332.0	2.2363586548138014e-8	1.6885158499919069e-9	3.849941886245654e-6	1.1330628488393397e-8	1.010890872144639e-9	3.959984846600416e-5
333.0	2.234358284120139e-8	1.688926738670066e-9	3.849941183152103e-6	1.1331257159137183e-8	1.0109353510059873e-9	3.95998484667866e-5
334.0	2.2417980875196772e-8	1.687914696995193e-9	3.849941743253343e-6	1.132905929837459e-8	1.010778635457608e-9	3.959984843958214e-5
335.0	2.2426345024487814e-8	1.6888423579964725e-9	3.849941722745173e-6	1.1329604473225893e-8	1.010808485081058e-9	3.9599848384935246e-5
336.0	2.2371946471134452e-8	1.6913154395513367e-9	3.849941857922815e-6	1.1329753158901217e-8	1.0107024344340828e-9	3.959984832629224e-5
337.0	2.235771541394536e-8	1.6912836784329607e-9	3.849942222660135e-6	1.1331613226468459e-8	1.0108045399839333e-9	3.959984837567652e-5
338.0	2.237961711627067e-8	1.6914143360166941e-9	3.849941727076546e-6	1.1332440465701401e-8	1.0106715950626076e-9	3.959984819904181e-5
339.0	2.2415578841728e-8	1.6917559511035598e-9	3.849941233878326e-6	1.1333886717120646e-8	1.010697129419046e-9	3.959984839094435e-5
340.0	2.238606197755501e-8	1.6905999955302033e-9	3.849941359245701e-6	1.1335884607900547e-8	1.0105683426646056e-9	3.9599848189544064e-5
341.0	2.2349425830251038e-8	1.6901940303681844e-9	3.849942131300387e-6	1.1335321187529465e-8	1.0104623735482316e-9	3.95998485278251e-5
342.0	2.2384238029581183e-8	1.6904438546888479e-9	3.849942300188492e-6	1.1338517460470474e-8	1.0102946670975938e-9	3.9599848315290116e-5
343.0	2.2387983807127895e-8	1.6902126471681765e-9	3.849941578992409e-6	1.1335590616963114e-8	1.010148565879964e-9	3.959984872160573e-5
344.0	2.2388213950705783e-8	1.6911803478721077e-9	3.849942183189178e-6	1.1338585104951387e-8	1.0101676342430695e-9	3.95998484663343e-5
345.0	2.2395809141752608e-8	1.693057765629055e-9	3.849941671653999e-6	1.1334195463072188e-8	1.0101000849693012e-9	3.9599848602262636e-5
346.0	2.236916632514958e-8	1.6930453150965719e-9	3.849941905783871e-6	1.1335812741905714e-8	1.0103941481739522e-9	3.959984833864966e-5
347.0	2.2371328771686416e-8	1.6924971617883443e-9	3.849941993182974e-6	1.1331473850496064e-8	1.010644811092057e-9	3.9599848112751427e-5
348.0	2.2368951185961088e-8	1.6934392260190982e-9	3.849942851291251e-6	1.1332157152580003e-8	1.0109326204100967e-9	3.959984798499878e-5
349.0	2.2397459405875884e-8	1.6929703083986972e-9	3.849941545990601e-6	1.1328973230602437e-8	1.0111641061954518e-9	3.959984763098947e-5
350.0	2.2427447899992938e-8	1.6910864425238286e-9	3.849941683141429e-6	1.1330268879653088e-8	1.0111538294896474e-9	3.9599847684936606e-5
351.0	2.236417943853603e-8	1.6921446815520732e-9	3.84994230730248e-6	1.1327669181812427e-8	1.0110495801824528e-9	3.9599847378965456e-5
352.0	2.2341627301896637e-8	1.6920899277893178e-9	3.849942060085625e-6	1.1329893485398282e-8	1.0106489827237755e-9	3.959984730971126e-5
353.0	2.2379927974660863e-8	1.6930300783184157e-9	3.849941900837142e-6	1.132979536803614e-8	1.0106645165317518e-9	3.9599847123544385e-5
354.0	2.240132872502759e-8	1.6942739802520307e-9	3.849942319503967e-6	1.1332428469679673e-8	1.0105228640637089e-9	3.959984692805532e-5
355.0	2.241804464492371e-8	1.6944364245370678e-9	3.849942065264988e-6	1.1335048641777505e-8	1.010781877573557e-9	3.959984668720034e-5
356.0	2.2345658451919064e-8	1.6942881991997236e-9	3.8499411975883275e-6	1.1335925839254522e-8	1.0110167973668036e-9	3.959984648340225e-5
357.0	2.235990245106537e-8	1.6934204093254207e-9	3.849941953637516e-6	1.1340191587314839e-8	1.0112822504418914e-9	3.959984628224642e-5
358.0	2.237973762335067e-8	1.6926077328354004e-9	3.8499426353725225e-6	1.1337783617220354e-8	1.0116177355529576e-9	3.9599846219025616e-5
359.0	2.2386947758931244e-8	1.6926281706405865e-9	3.849941836960666e-6	1.134047806023036e-8	1.0113713510136335e-9	3.9599846177120084e-5
360.0	2.240115159948356e-8	1.692760616649423e-9	3.849941545032805e-6	1.1336290380852942e-8	1.011701417185202e-9	3.95998462179231e-5
361.0	2.239192578592875e-8	1.6923161504077992e-9	3.849942637258176e-6	1.1336349010465519e-8	1.0112858160909207e-9	3.959984636460643e-5
362.0	2.2376462903882056e-8	1.69336793260553e-9	3.84994148680899e-6	1.1331144083793446e-8	1.0114383549050721e-9	3.959984650733756e-5
363.0	2.2347711484456127e-8	1.6940522586984314e-9	3.849941412099867e-6	1.1330737995065854e-8	1.011176125393082e-9	3.959984674080167e-5
364.0	2.2369781958630872e-8	1.6957151928721513e-9	3.8499424643670965e-6	1.132643084318513e-8	1.0112164486434681e-9	3.959984695690134e-5
365.0	2.2449562340126002e-8	1.6935386015801473e-9	3.8499424758457745e-6	1.1327482667667233e-8	1.0111222591594638e-9	3.959984719316775e-5
366.0	2.2434161044787548e-8	1.6941696183379804e-9	3.849941799852523e-6	1.1326116576395237e-8	1.011068245308194e-9	3.9599847472012175e-5
367.0	2.2360128704903112e-8	1.6936973988875095e-9	3.849942177081847e-6	1.1329509886957524e-8	1.0108734171108072e-9	3.959984737827482e-5
368.0	2.2341418357664283e-8	1.6921892091677342e-9	3.849942033513648e-6	1.1330881918074e-8	1.0107189681934751e-9	3.959984756161064e-5
369.0	2.239987090475641e-8	1.6940853418423006e-9	3.849941459730396e-6	1.1335055543223593e-8	1.0107533767427667e-9	3.95998471954028e-5
370.0	2.2477568132578297e-8	1.6943222175437974e-9	3.849942031943586e-6	1.1337912709295532e-8	1.0106310286523397e-9	3.95998473682484e-5
371.0	2.2388585162551042e-8	1.6945217986209183e-9	3.849941964273783e-6	1.1339936186305584e-8	1.0108562268558413e-9	3.9599847071016525e-5
372.0	2.235693253834699e-8	1.6957344507632328e-9	3.849942513549259e-6	1.1342111658706544e-8	1.0106956891533691e-9	3.95998474991323e-5
373.0	2.2378903751862556e-8	1.6964814715852547e-9	3.8499420976867725e-6	1.1341259851844485e-8	1.0108809792541926e-9	3.959984742567437e-5
374.0	2.2417743321908582e-8	1.6953108865944538e-9	3.849941600534678e-6	1.134083803386787e-8	1.0105989947138838e-9	3.959984782060901e-5
375.0	2.241633762868483e-8	1.6945559383001183e-9	3.849941879592082e-6	1.1336549787049167e-8	1.0105930175469756e-9	3.959984800364296e-5
376.0	2.2394333291979667e-8	1.6949721501827871e-9	3.849942155619717e-6	1.1334460376179604e-8	1.0104940820279589e-9	3.9599848019554526e-5
377.0	2.2411487975074178e-8	1.6944743695367134e-9	3.849941571133545e-6	1.1329444138162197e-8	1.0105646830512836e-9	3.959984840351469e-5
378.0	2.2408937805261146e-8	1.6958090692603555e-9	3.849942107941956e-6	1.1327793415625514e-8	1.0106708862133636e-9	3.959984806874613e-5
379.0	2.2360455079740435e-8	1.6971137710551385e-9	3.8499422644163525e-6	1.1324850184683602e-8	1.0106433818660284e-9	3.9599848514270956e-5
380.0	2.2401167499419718e-8	1.695415622995437e-9	3.849941985881585e-6	1.132673098494778e-8	1.0109030317083554e-9	3.959984804813916e-5
381.0	2.2438450846464194e-8	1.697637812263783e-9	3.8499418107164095e-6	1.132648084220777e-8	1.0106471749379717e-9	3.9599848356528864e-5
382.0	2.244148145729112e-8	1.697162338152825e-9	3.849942478972788e-6	1.1330826777896947e-8	1.0113133406865461e-9	3.959984812006098e-5
383.0	2.235178542489525e-8	1.6958877100716843e-9	3.849942257043517e-6	1.1333293168090438e-8	1.0111285093576374e-9	3.959984832605023e-5
384.0	2.2380398332269764e-8	1.6968708103721682e-9	3.849941723392802e-6	1.1336745045938206e-8	1.0116842317088424e-9	3.959984833994238e-5
385.0	2.243593184999975e-8	1.6964528916598768e-9	3.849941979666911e-6	1.1339234757439266e-8	1.0117512401280917e-9	3.959984841370598e-5
386.0	2.2447744089447038e-8	1.6972365349474089e-9	3.849941727334038e-6	1.1340177970846514e-8	1.011786635887319e-9	3.959984837505399e-5
387.0	2.239232509073117e-8	1.6978003630934748e-9	3.849942243065583e-6	1.1339395412396873e-8	1.0118008336364352e-9	3.9599848232158576e-5
388.0	2.235481578540437e-8	1.6972745875017655e-9	3.849941933926033e-6	1.1337003277045081e-8	1.011254097617387e-9	3.9599848085044864e-5
389.0	2.2435810188540904e-8	1.6978340815899885e-9	3.849942194100671e-6	1.1333839787974438e-8	1.011756309475746e-9	3.959984802909447e-5
390.0	2.243187259103121e-8	1.6959304836457481e-9	3.849941945071477e-6	1.1330297340773051e-8	1.0110610692736283e-9	3.959984787806834e-5
391.0	2.2394339481185425e-8	1.6958617049100065e-9	3.849941883283165e-6	1.1327969569403313e-8	1.0115215127792637e-9	3.95998480742108e-5
392.0	2.2390737098831964e-8	1.6958760450725305e-9	3.84994146688574e-6	1.1326227939775666e-8	1.0113363246207125e-9	3.959984792053363e-5
393.0	2.2407525871914102e-8	1.69606489370457e-9	3.849941479230241e-6	1.1326926451309928e-8	1.0112652272074292e-9	3.95998481092919e-5
394.0	2.2439585994606453e-8	1.6986503145276565e-9	3.8499422675471675e-6	1.1327713346155504e-8	1.0113571428300963e-9	3.9599847931225835e-5
395.0	2.2389138619282143e-8	1.6979380157326777e-9	3.849942125429891e-6	1.1330976741989627e-8	1.0106785389145004e-9	3.9599847843988435e-5
396.0	2.2393626173681408e-8	1.6985238257945144e-9	3.849941634121336e-6	1.1333925618976152e-8	1.011268286405971e-9	3.959984779536844e-5
397.0	2.2406708605414248e-8	1.6996979882837024e-9	3.849942057485104e-6	1.1336164560728271e-8	1.0104406276636594e-9	3.959984752456922e-5
398.0	2.242851899896093e-8	1.6974507034438134e-9	3.84994201647933e-6	1.1338395695011948e-8	1.0111333182247814e-9	3.959984755125882e-5
399.0	2.239482651254036e-8	1.697769631019693e-9	3.849941133568179e-6	1.1338990632525137e-8	1.010930699853951e-9	3.959984728756504e-5
400.0	2.2406492390124255e-8	1.6975458099625082e-9	3.849941846296488e-6	1.1337933092219919e-8	1.0110655757938245e-9	3.9599847189577786e-5
401.0	2.241020162410795e-8	1.6965379728791008e-9	3.8499426949164145e-6	1.1336556040018037e-8	1.0114895207429667e-9	3.959984684575907e-5
402.0	2.2416179285333128e-8	1.699749110651835e-9	3.849942334294768e-6	1.1333014725059312e-8	1.0111898957540036e-9	3.959984673302954e-5
403.0	2.2404729640184247e-8	1.698415951608773e-9	3.849941885943372e-6	1.1330194895739802e-8	1.012102221769725e-9	3.959984628181324e-5
404.0	2.2392189266964728e-8	1.6989144791617637e-9	3.849941785845707e-6	1.1326837380763669e-8	1.011609243491134e-9	3.9599846509646035e-5
405.0	2.2424739022818188e-8	1.7001995860817077e-9	3.84994200861435e-6	1.1325628004518782e-8	1.0123665504122462e-9	3.959984612860275e-5
406.0	2.241060589238646e-8	1.6985834434393516e-9	3.849941597113447e-6	1.1325336193405265e-8	1.0119367519640433e-9	3.959984657816404e-5
407.0	2.2403212229562846e-8	1.6986316208215286e-9	3.849942033366074e-6	1.1327773192367218e-8	1.0120877273944913e-9	3.9599846455543764e-5
408.0	2.239873270861835e-8	1.6992000249369884e-9	3.84994266614801e-6	1.1330777947530527e-8	1.0120067429327567e-9	3.959984683262387e-5
409.0	2.2409117463830163e-8	1.6995872823465571e-9	3.849942853771142e-6	1.1334803973503301e-8	1.0114520843676847e-9	3.9599846775564514e-5
410.0	2.244382462642706e-8	1.7002554935507382e-9	3.849941623519056e-6	1.133705100417612e-8	1.0121573694774183e-9	3.959984693763834e-5
411.0	2.240693835422278e-8	1.6995994688987713e-9	3.849941660084792e-6	1.1339816516503357e-8	1.0112672814075604e-9	3.959984693787011e-5
412.0	2.2376831025359708e-8	1.700548124632737e-9	3.849942359079593e-6	1.1339007256397843e-8	1.0121429727076494e-9	3.959984696620907e-5
413.0	2.2409646838212072e-8	1.7004838445307754e-9	3.849941418612097e-6	1.133902867328477e-8	1.011223760230494e-9	3.9599846975899516e-5
414.0	2.242840786294074e-8	1.6999994119295896e-9	3.849941717833484e-6	1.1335906347837626e-8	1.0113860953971621e-9	3.959984664737182e-5
415.0	2.244087391721188e-8	1.7015475598244926e-9	3.849942670318215e-6	1.1333484334113496e-8	1.0107271307099754e-9	3.9599846865490994e-5
416.0	2.2388741423762914e-8	1.6990850775568594e-9	3.849942738804344e-6	1.1329857136179396e-8	1.0103414788030203e-9	3.959984634514536e-5
417.0	2.2404487644626093e-8	1.6994834024968739e-9	3.849941350450858e-6	1.132683129050821e-8	1.010545154675135e-9	3.9599846705078586e-5
418.0	2.2427252775606454e-8	1.7015136664326834e-9	3.849941452714252e-6	1.1325943795754653e-8	1.0102106376621625e-9	3.9599846473622456e-5
419.0	2.243297727405977e-8	1.6992295383648353e-9	3.84994103759401e-6	1.1325249089312683e-8	1.0109843562062996e-9	3.959984666465424e-5
420.0	2.2411257927230507e-8	1.701577587633276e-9	3.849941718867207e-6	1.1328367771979262e-8	1.0107607301414145e-9	3.9599846919296187e-5
421.0	2.240468946162474e-8	1.7019948206154644e-9	3.849942067863468e-6	1.1331019415566153e-8	1.0113553416163831e-9	3.959984686037474e-5
422.0	2.2438533396855073e-8	1.7011189863564153e-9	3.849942426183531e-6	1.133540821228448e-8	1.0110850906460582e-9	3.9599847469149644e-5
423.0	2.2409654179406884e-8	1.702415071255347e-9	3.849942414441642e-6	1.1338055188944486e-8	1.0112194214221047e-9	3.9599847317643855e-5
424.0	2.2411333614480182e-8	1.7011790808465891e-9	3.849941703486455e-6	1.1340134423875534e-8	1.0113011424272582e-9	3.9599847904714124e-5
425.0	2.2419494210617508e-8	1.7020760598733795e-9	3.849940786237113e-6	1.1339890878866868e-8	1.011323195218749e-9	3.959984762874225e-5
426.0	2.2446172515409367e-8	1.701291780731816e-9	3.849941761714467e-6	1.133934382062346e-8	1.0117790161863307e-9	3.959984785188747e-5
427.0	2.2414267275497622e-8	1.7025298501392845e-9	3.849943005210331e-6	1.133578389551565e-8	1.0119430491646763e-9	3.959984765074514e-5
428.0	2.23950009437564e-8	1.7027696730187728e-9	3.849942649766e-6	1.133345639931957e-8	1.0123801618350589e-9	3.959984757962031e-5
429.0	2.2431583645003137e-8	1.7035916450925087e-9	3.84994213944371e-6	1.1329651897543174e-8	1.0124435444354284e-9	3.959984771188558e-5
430.0	2.2475591331745266e-8	1.705159568982429e-9	3.849941459871426e-6	1.1326563409260923e-8	1.0125684934666493e-9	3.95998474933256e-5
431.0	2.242791719776975e-8	1.7038668749852227e-9	3.8499419016385905e-6	1.1324922653396514e-8	1.0125465004799981e-9	3.959984785853645e-5
432.0	2.239588650036997e-8	1.7034463435733294e-9	3.849941891812245e-6	1.1323383204318928e-8	1.012478859641508e-9	3.9599847627262146e-5
433.0	2.2434127951392685e-8	1.7020667612766382e-9	3.849942409986249e-6	1.1325833197872602e-8	1.012144281394159e-9	3.9599847937275e-5
434.0	2.247617516573002e-8	1.703275941164523e-9	3.849942426515848e-6	1.1327456455661302e-8	1.0120008337396416e-9	3.959984783497062e-5
435.0	2.2471564195677254e-8	1.7014033758958078e-9	3.849942228433342e-6	1.1331814661687787e-8	1.0114272288418607e-9	3.9599847713495644e-5
436.0	2.2387963484495593e-8	1.7026760989211027e-9	3.849940965014021e-6	1.1334912075150454e-8	1.01124619962171e-9	3.959984787862136e-5
437.0	2.2418163210175167e-8	1.703420286372259e-9	3.849941577192108e-6	1.1337790390635005e-8	1.0108929199452355e-9	3.9599847450234666e-5
438.0	2.2459706815623546e-8	1.7037243543118036e-9	3.849942133820995e-6	1.1338781053720328e-8	1.0108859529189983e-9	3.959984775901237e-5
439.0	2.2457380980359377e-8	1.7055123534909542e-9	3.849942305843564e-6	1.1339819425161358e-8	1.0110455812875135e-9	3.9599847458326094e-5
440.0	2.2418909251891695e-8	1.7047791026562764e-9	3.8499421686821875e-6	1.1337993438611722e-8	1.0107968148856649e-9	3.959984768173807e-5
441.0	2.2400862346405045e-8	1.7039471373730793e-9	3.8499415413599255e-6	1.1335989037744607e-8	1.0111841563576782e-9	3.9599847732116396e-5
442.0	2.2453386686052873e-8	1.7040261568281493e-9	3.849941601651729e-6	1.1333372490491194e-8	1.0103806436573929e-9	3.95998475850962e-5
443.0	2.2429248838401253e-8	1.703321318076962e-9	3.849941896036643e-6	1.132965496355765e-8	1.0106890499416747e-9	3.959984790163952e-5
444.0	2.2420021804783654e-8	1.703970373960891e-9	3.849941896514035e-6	1.1328965428330677e-8	1.0099689008051849e-9	3.959984744512809e-5
445.0	2.243834050311988e-8	1.7040625132819177e-9	3.8499420866611505e-6	1.1326775832282197e-8	1.0103763945153844e-9	3.959984784653639e-5
446.0	2.2454839463916243e-8	1.705863326022346e-9	3.849941994286527e-6	1.1329045950106872e-8	1.0105918860942327e-9	3.959984750508477e-5
447.0	2.2429811172102155e-8	1.70560844752211e-9	3.849941613793073e-6	1.1329859655417497e-8	1.0108891703489054e-9	3.95998476477944e-5
448.0	2.2406293631160512e-8	1.705272206023058e-9	3.849941134503721e-6	1.1332901890672547e-8	1.0116994374366119e-9	3.9599847467641e-5
449.0	2.242466064901531e-8	1.706243709488992e-9	3.8499418881623615e-6	1.1334515875481293e-8	1.0112157180999536e-9	3.95998471839288e-5
450.0	2.2500328411283705e-8	1.7042928199590476e-9	3.849942373131766e-6	1.1336513913492426e-8	1.0119656455771505e-9	3.959984712451963e-5
451.0	2.244277426453907e-8	1.7044333226711544e-9	3.8499421562240565e-6	1.1335732638809771e-8	1.0112385834618336e-9	3.959984655725932e-5
452.0	2.2391519508514736e-8	1.703680278966551e-9	3.849941721704633e-6	1.1336730657170137e-8	1.011623237675971e-9	3.959984681527936e-5
453.0	2.2410995121397116e-8	1.7038356945792783e-9	3.849941732163499e-6	1.1334227907678822e-8	1.0116848917383778e-9	3.9599846298965306e-5
454.0	2.2464297500267827e-8	1.7054048769918081e-9	3.8499412121758925e-6	1.1332790938832397e-8	1.0115828327131387e-9	3.959984653950876e-5
455.0	2.249583385560589e-8	1.7064041379069585e-9	3.849941666365831e-6	1.1330857404403962e-8	1.0122337645617308e-9	3.959984611882405e-5
456.0	2.2406576476337697e-8	1.7064936701961142e-9	3.849942467414154e-6	1.1327657198972814e-8	1.0116212747497494e-9	3.959984615248442e-5
457.0	2.240936957639261e-8	1.7070562673362011e-9	3.849942066201971e-6	1.1328464733319459e-8	1.0124513486690376e-9	3.959984607772533e-5
458.0	2.2434314565586986e-8	1.706381295535573e-9	3.849942169044176e-6	1.1326389450632208e-8	1.0114849575890275e-9	3.959984607433342e-5
459.0	2.2472772169641326e-8	1.706592678578119e-9	3.849942029379008e-6	1.132952962218335e-8	1.011896906852229e-9	3.959984623030348e-5
460.0	2.2448307617285017e-8	1.7054158455175476e-9	3.849941538073718e-6	1.1329912973123292e-8	1.0112534518782975e-9	3.9599846123189306e-5
461.0	2.2417522579613706e-8	1.705374167547055e-9	3.849941776110604e-6	1.1332962399538507e-8	1.0109457308633595e-9	3.959984626121771e-5
462.0	2.241399861535839e-8	1.7055363380664338e-9	3.849942335731836e-6	1.1334366304779986e-8	1.0110530824223101e-9	3.959984622172285e-5
463.0	2.2432605476983794e-8	1.7064042759776253e-9	3.849941960739333e-6	1.1336634513720498e-8	1.0103604847117073e-9	3.9599846255380677e-5
464.0	2.2442051887998514e-8	1.7094304735852752e-9	3.849941922707677e-6	1.133669011489456e-8	1.0112735276473854e-9	3.959984627152289e-5
465.0	2.245325212790235e-8	1.708866563831967e-9	3.849941909486031e-6	1.133807756401936e-8	1.0107775482028185e-9	3.959984648911128e-5
466.0	2.24245245691884e-8	1.7091485976016868e-9	3.849942183822021e-6	1.1336041994421916e-8	1.0114147905206434e-9	3.959984627691169e-5
467.0	2.2408940221009745e-8	1.70926125489959e-9	3.8499418900630086e-6	1.1334677029461444e-8	1.0114851702191207e-9	3.9599846849540706e-5
468.0	2.2430527210015776e-8	1.7067090772442333e-9	3.849941908915666e-6	1.1332093594389797e-8	1.0112870712996566e-9	3.9599846362659093e-5
469.0	2.2444672309575115e-8	1.706372032733408e-9	3.849941997341882e-6	1.1328296686465857e-8	1.0116351188303937e-9	3.959984703667345e-5
470.0	2.246980175702719e-8	1.7079873474844236e-9	3.849941472877714e-6	1.1327941161272628e-8	1.0110268524572351e-9	3.95998466512959e-5
471.0	2.2433936697208436e-8	1.7077102033265721e-9	3.849941840065123e-6	1.1325219675439523e-8	1.0115500948796593e-9	3.9599847185490724e-5
472.0	2.242607953367988e-8	1.7091650771509894e-9	3.849941679175743e-6	1.1327371156648531e-8	1.0111614384572859e-9	3.9599847260533994e-5
473.0	2.2433504052433392e-8	1.7102400413986692e-9	3.849941863220116e-6	1.1327290448574601e-8	1.011523779947978e-9	3.959984744796197e-5
474.0	2.243034508035396e-8	1.7107760638192298e-9	3.849941573829136e-6	1.1330379225505278e-8	1.0116649191790189e-9	3.959984779438231e-5
475.0	2.247083030109359e-8	1.709667580477379e-9	3.849941907054158e-6	1.1331163236378553e-8	1.0114581158504733e-9	3.959984747759346e-5
476.0	2.2461739171606618e-8	1.7082102024581724e-9	3.849941695844462e-6	1.1334985600567134e-8	1.0118356366068318e-9	3.95998478932474e-5
477.0	2.2444551758797385e-8	1.7093522137262735e-9	3.849941260483586e-6	1.1334981967445175e-8	1.0114797875054756e-9	3.959984748966962e-5
478.0	2.2409922839928917e-8	1.7078736669940869e-9	3.8499419044987564e-6	1.133747954583116e-8	1.0118683096769916e-9	3.959984783975212e-5
479.0	2.2438029194582713e-8	1.7081484853496229e-9	3.8499417451624096e-6	1.133633754172147e-8	1.0116468496224902e-9	3.9599847670506424e-5
480.0	2.2505519982884057e-8	1.7109990150173148e-9	3.84994165305875e-6	1.133607093634e-8	1.0115037929283598e-9	3.95998476649753e-5
481.0	2.2494940697363818e-8	1.7113256332217056e-9	3.8499418261677744e-6	1.1334020961378117e-8	1.0114537530334002e-9	3.959984767145186e-5
482.0	2.241942568933438e-8	1.7107536582687578e-9	3.849942179223174e-6	1.1332168998604703e-8	1.0108398013047146e-9	3.959984736195254e-5
483.0	2.2409115615725375e-8	1.710273358237497e-9	3.849941906332764e-6	1.1331099219407951e-8	1.0110369096253146e-9	3.959984749522525e-5
484.0	2.2487615990152477e-8	1.7110189020295284e-9	3.849941385044868e-6	1.1329921253001089e-8	1.0107076596004375e-9	3.9599847272566395e-5
485.0	2.251090450950073e-8	1.7097862468595463e-9	3.84994118586464e-6	1.1329732213036913e-8	1.011061860458548e-9	3.9599847472252325e-5
486.0	2.246415583375351e-8	1.7103278349285014e-9	3.849942239379279e-6	1.1330190937935678e-8	1.0111684629588706e-9	3.959984764172975e-5
487.0	2.240633634502242e-8	1.710562607127962e-9	3.849941986448269e-6	1.1330844996065104e-8	1.011205849815802e-9	3.9599847567206704e-5
488.0	2.2443293954791084e-8	1.7096706501541939e-9	3.849941689780445e-6	1.1331363927146722e-8	1.0115087874595891e-9	3.959984797370276e-5
489.0	2.2480161472231802e-8	1.7115003443525603e-9	3.849942172772629e-6	1.1333023084925974e-8	1.0109776145495652e-9	3.959984771290615e-5
490.0	2.2470150058046314e-8	1.7112352373309962e-9	3.849941737730144e-6	1.1332725661676534e-8	1.0112974100194913e-9	3.95998480308909e-5
491.0	2.2448499964814692e-8	1.7111823498584828e-9	3.849940568575355e-6	1.1334120820672626e-8	1.010879415137107e-9	3.959984785397809e-5
492.0	2.2452805713126663e-8	1.7098905480111596e-9	3.849941251636159e-6	1.1333965900851961e-8	1.0110417636034689e-9	3.959984787958758e-5
493.0	2.2460403883261655e-8	1.7118333035908013e-9	3.8499422192857814e-6	1.1333966404207831e-8	1.0111054800192497e-9	3.9599847805118716e-5
494.0	2.245352365738633e-8	1.710732806939044e-9	3.849942030381513e-6	1.133349470371228e-8	1.0109596391477935e-9	3.9599847447126096e-5
495.0	2.2455408679043294e-8	1.710220732176702e-9	3.84994177063986e-6	1.1332671471699811e-8	1.011337682228059e-9	3.959984747421511e-5
496.0	2.2490094282822136e-8	1.7132377894582859e-9	3.849941703940102e-6	1.1332364420969539e-8	1.0112566938987283e-9	3.9599847038254944e-5
497.0	2.2479286610425455e-8	1.7107645649227783e-9	3.849941507972372e-6	1.1332154632951613e-8	1.0116770867932088e-9	3.9599846974925645e-5
498.0	2.2443943370699897e-8	1.7121570387115953e-9	3.849941345126534e-6	1.1331281740245748e-8	1.0117356938071026e-9	3.9599846647354484e-5
499.0	2.2441491106039922e-8	1.7118937191191387e-9	3.849941819938956e-6	1.1331607356005167e-8	1.011992320140397e-9	3.95998464284725e-5
500.0	2.247568808136562e-8	1.7118530175805991e-9	3.849941725655382e-6	1.1330126841302462e-8	1.0121048499442635e-9	3.95998463044835e-5
501.0	2.249513815672244e-8	1.7119917477114182e-9	3.849941638482024e-6	1.1330762501444684e-8	1.0119416583700339e-9	3.959984601780821e-5
502.0	2.247309470159725e-8	1.7109900965483866e-9	3.849941820362852e-6	1.1330759005359546e-8	1.0121606317374003e-9	3.959984593589743e-5
503.0	2.243529678121153e-8	1.7122487888770832e-9	3.849941615240252e-6	1.133141353048014e-8	1.011926939587578e-9	3.9599845831920277e-5
504.0	2.2461470984805857e-8	1.7114131773823699e-9	3.8499418618714185e-6	1.1332044263962081e-8	1.0120828832275048e-9	3.9599845758800584e-5
505.0	2.2470413396534326e-8	1.7130307350454049e-9	3.849942382164811e-6	1.1333732844463987e-8	1.0121437071542133e-9	3.959984607189273e-5
506.0	2.2478620772847744e-8	1.713481331312916e-9	3.849941712518752e-6	1.1332677402982325e-8	1.012062326729392e-9	3.959984585627877e-5
507.0	2.2453194673244403e-8	1.7128737218790668e-9	3.84994123777564e-6	1.133466602421609e-8	1.0121564861885418e-9	3.9599846343129976e-5
508.0	2.2446366635633467e-8	1.71339313609739e-9	3.849941472094111e-6	1.1333328040647157e-8	1.0119508670432728e-9	3.959984595722131e-5
509.0	2.246123827210097e-8	1.7137805529750285e-9	3.849941664347712e-6	1.1334733197911352e-8	1.0121278168586496e-9	3.9599846449048485e-5
510.0	2.2477255316367347e-8	1.7116741154562374e-9	3.8499417584070004e-6	1.133313523858749e-8	1.0121156623388949e-9	3.959984604078627e-5
511.0	2.2478269569160365e-8	1.7132041822285667e-9	3.84994155321535e-6	1.133235990757877e-8	1.0117911951908694e-9	3.959984640797642e-5
512.0	2.2453296415139084e-8	1.7118579766426274e-9	3.8499418099774605e-6	1.1331519890960986e-8	1.0117892752357974e-9	3.9599846207842735e-5
513.0	2.2466104107953943e-8	1.7128472915260368e-9	3.849941601505526e-6	1.1329355581618326e-8	1.010990125672523e-9	3.959984636326394e-5
514.0	2.2476113597178896e-8	1.7135813074247823e-9	3.849942123873148e-6	1.1329594900892721e-8	1.0108404299456135e-9	3.9599846503521486e-5
515.0	2.2486229309614865e-8	1.7144325737824568e-9	3.849941126085093e-6	1.1329611997725506e-8	1.010200060638375e-9	3.959984635089498e-5
516.0	2.245717126678861e-8	1.7171631539007741e-9	3.8499412140844526e-6	1.133127499409731e-8	1.0101626360735088e-9	3.959984671023347e-5
517.0	2.243071615480231e-8	1.7165809503374837e-9	3.8499416235666965e-6	1.1332405953028113e-8	1.0102735976879154e-9	3.959984648907218e-5
518.0	2.2484371510039725e-8	1.7173248574155306e-9	3.8499408784601e-6	1.1334994082540216e-8	1.0101842170328555e-9	3.959984674024193e-5
519.0	2.2484607655885348e-8	1.715423839031384e-9	3.849942049648759e-6	1.1335307242261631e-8	1.010880035752361e-9	3.9599846618846804e-5
520.0	2.2487775125210568e-8	1.714594872868832e-9	3.849942507032406e-6	1.133789916442742e-8	1.0103440242152766e-9	3.959984667418255e-5
521.0	2.2430880158970656e-8	1.7128248647973095e-9	3.849941997515819e-6	1.1337321781466526e-8	1.0109146312576451e-9	3.959984683622669e-5
522.0	2.247530311506661e-8	1.7147874722089485e-9	3.849940750509381e-6	1.1338910191024795e-8	1.0104521406868389e-9	3.959984680379306e-5
523.0	2.2478148537574167e-8	1.7145027811251995e-9	3.849941386628016e-6	1.1335938613836055e-8	1.0105669198953832e-9	3.9599847117644774e-5
524.0	2.248376295351538e-8	1.716646872987351e-9	3.849941295261437e-6	1.133542732053587e-8	1.0109530880348447e-9	3.959984732201817e-5
525.0	2.2460697744413117e-8	1.7181102479538288e-9	3.849941633890127e-6	1.1332474505741629e-8	1.0108806045422313e-9	3.959984739778774e-5
526.0	2.246993002497563e-8	1.7176326142782594e-9	3.8499426487779116e-6	1.1330149892411473e-8	1.0119155115648156e-9	3.959984783787125e-5
527.0	2.247848385033415e-8	1.7178093538747606e-9	3.849941743938606e-6	1.1328869005088348e-8	1.011597628286677e-9	3.959984754924341e-5
528.0	2.2460709763347507e-8	1.7160182722612723e-9	3.849941059773365e-6	1.1327311182813846e-8	1.0124064717283875e-9	3.959984786206767e-5
529.0	2.2470142878830324e-8	1.7160309307294922e-9	3.8499412000435575e-6	1.1328107173930935e-8	1.0120146027862079e-9	3.959984760575787e-5
530.0	2.2500428989014744e-8	1.7159775416308715e-9	3.849941501746277e-6	1.1328070632413211e-8	1.012055018897235e-9	3.959984773786318e-5
531.0	2.249843872916353e-8	1.7164979386647857e-9	3.849941351183883e-6	1.1329985575608029e-8	1.0121187070771456e-9	3.9599847623901974e-5
532.0	2.2457844307034777e-8	1.7178375812263862e-9	3.849942225827855e-6	1.1331519293615053e-8	1.0116000273227764e-9	3.9599847689487904e-5
533.0	2.2451367799576714e-8	1.7168271538724713e-9	3.849942365483959e-6	1.1333709455043618e-8	1.0120762178264922e-9	3.9599847628765955e-5
534.0	2.2489924650080456e-8	1.71871994875443e-9	3.849941341695281e-6	1.1334871005978108e-8	1.0114147140970742e-9	3.959984773665629e-5
535.0	2.2514822596063808e-8	1.7172445701308677e-9	3.849941068377977e-6	1.1336445709422371e-8	1.0116750638564354e-9	3.959984747918722e-5
536.0	2.2464741919958192e-8	1.716027859217307e-9	3.849941226529304e-6	1.1335205059798463e-8	1.011525817634002e-9	3.9599847818708045e-5
537.0	2.246291803667989e-8	1.7173620891430714e-9	3.8499410560922275e-6	1.1335278423297469e-8	1.0113164254941572e-9	3.959984741828639e-5
538.0	2.248198592467126e-8	1.7169757156779964e-9	3.849941776424791e-6	1.1332551651482966e-8	1.0116587777989238e-9	3.9599847705468644e-5
539.0	2.2499884314769546e-8	1.7180011438975503e-9	3.8499424708855605e-6	1.1330748581806918e-8	1.0111506803488073e-9	3.959984730827435e-5
540.0	2.2489905201892647e-8	1.7184395264440886e-9	3.849942574554737e-6	1.1328975382323419e-8	1.0114833939443588e-9	3.959984739624745e-5
541.0	2.2452154512613313e-8	1.7196815710030927e-9	3.849941597007282e-6	1.132730798131123e-8	1.0111026972443355e-9	3.959984726889265e-5
542.0	2.249685611600343e-8	1.7178302160586999e-9	3.849940393939895e-6	1.132797818898391e-8	1.0111634899569255e-9	3.959984719303349e-5
543.0	2.2471217420351356e-8	1.7176115453334588e-9	3.8499403719754815e-6	1.1327898904038145e-8	1.0111699130996817e-9	3.95998474737949e-5
544.0	2.2470543273277707e-8	1.7184417194273037e-9	3.849941749477607e-6	1.1330078272131387e-8	1.0110290502588725e-9	3.9599847082015695e-5
545.0	2.246569099596482e-8	1.7188006753736144e-9	3.849941821019774e-6	1.1332636397561809e-8	1.0114920045354214e-9	3.9599847690544114e-5
546.0	2.2484033226906083e-8	1.7193359383172242e-9	3.849942465467276e-6	1.1334235142028949e-8	1.0111877023109151e-9	3.959984710285534e-5
547.0	2.2487782166081237e-8	1.7207168174471584e-9	3.849942369872548e-6	1.133675371659079e-8	1.0117912612333409e-9	3.9599847777750906e-5
548.0	2.2461693595339255e-8	1.7207968649987765e-9	3.849941425227874e-6	1.1336730233022207e-8	1.0117508924256488e-9	3.959984725531327e-5
549.0	2.2448204948350117e-8	1.7199706107935764e-9	3.849940216132242e-6	1.1336610484147758e-8	1.0117730938557742e-9	3.959984762837224e-5
550.0	2.2497148669234115e-8	1.719961084141309e-9	3.849941214251896e-6	1.1334421359628366e-8	1.012004566210933e-9	3.9599847350840784e-5
551.0	2.2498446788400665e-8	1.718806385910918e-9	3.849941759425876e-6	1.1332061527051372e-8	1.011379590588879e-9	3.959984728093773e-5
552.0	2.2486814847245382e-8	1.7171650330159141e-9	3.849941446308309e-6	1.132887114709387e-8	1.0117749828011237e-9	3.9599847154856225e-5
553.0	2.2465832257783063e-8	1.7178982364386711e-9	3.849941523747166e-6	1.1327070442104346e-8	1.0109784047495667e-9	3.959984684753841e-5
554.0	2.2485617808750417e-8	1.718834885342485e-9	3.849942025529604e-6	1.1325374021672523e-8	1.0112919234487228e-9	3.959984660394505e-5
555.0	2.251260663104725e-8	1.7213221903524762e-9	3.849941609749438e-6	1.1325712543022771e-8	1.0109672856710044e-9	3.959984643130676e-5
556.0	2.248852746265977e-8	1.7211313743737379e-9	3.849941364147912e-6	1.132658882798248e-8	1.0108269338758959e-9	3.959984608155411e-5
557.0	2.2455153516776443e-8	1.7219506529137102e-9	3.849941586266721e-6	1.1328982187218608e-8	1.011328326402079e-9	3.9599846212464926e-5
558.0	2.2485523097621527e-8	1.7221066039575393e-9	3.849941207113316e-6	1.1332321803529906e-8	1.0107559556621486e-9	3.959984589868522e-5
559.0	2.2497598494661773e-8	1.720836862703765e-9	3.849940554460555e-6	1.1334361646152825e-8	1.0114363065218537e-9	3.9599846001058465e-5
560.0	2.2510594573936964e-8	1.7200560744472925e-9	3.849940923157284e-6	1.1337544536217316e-8	1.0107826551573577e-9	3.959984589099368e-5
561.0	2.2471628945946392e-8	1.7212422390090221e-9	3.849941846195064e-6	1.1337935407032444e-8	1.0112016724009018e-9	3.9599845873432846e-5
562.0	2.246860714159503e-8	1.7196631550677282e-9	3.849942034235914e-6	1.1339039711837594e-8	1.0109895866529457e-9	3.959984619474127e-5
563.0	2.2513031178434903e-8	1.7198209929970172e-9	3.849942158694722e-6	1.1336184889245802e-8	1.0110011606519144e-9	3.959984598305536e-5
564.0	2.248100084408392e-8	1.7217060043606526e-9	3.849941381241033e-6	1.133592179269125e-8	1.0112774977478505e-9	3.959984665681078e-5
565.0	2.2504838851476657e-8	1.7217225653006955e-9	3.8499412002296905e-6	1.1330946954136405e-8	1.0110284899926584e-9	3.959984625383695e-5
566.0	2.2459623290526593e-8	1.722350270150151e-9	3.849940159028127e-6	1.1330742564702626e-8	1.0115766646674102e-9	3.9599846845186076e-5
567.0	2.251792895425384e-8	1.723139077397598e-9	3.849941186660842e-6	1.1326863734695276e-8	1.0114605753279644e-9	3.959984653502037e-5
568.0	2.2484507792625325e-8	1.7229507131147341e-9	3.849941610111968e-6	1.1327446762725155e-8	1.0119883063848932e-9	3.9599846754020855e-5
569.0	2.2493140841476275e-8	1.720853462886043e-9	3.84994207701932e-6	1.1326706578158574e-8	1.0122013400243107e-9	3.959984682044033e-5
570.0	2.2505546059738614e-8	1.7223250504110362e-9	3.849941763796852e-6	1.1328309925613302e-8	1.0122778985007282e-9	3.9599846640196384e-5
571.0	2.2520136867963945e-8	1.7218793466140599e-9	3.8499418430244255e-6	1.1329325756697823e-8	1.0125565694469105e-9	3.9599847087218815e-5
572.0	2.2508292414720244e-8	1.7215981807022696e-9	3.849940878616735e-6	1.1330351266795283e-8	1.012187417723786e-9	3.959984685297717e-5
573.0	2.2476181389545377e-8	1.7215330694495398e-9	3.849940923113619e-6	1.1332056045430678e-8	1.0121146819964642e-9	3.959984730571442e-5
574.0	2.2493044936750878e-8	1.7250034869610648e-9	3.849941294257866e-6	1.1331578371285925e-8	1.0118594433025383e-9	3.9599847234870454e-5
575.0	2.252393080212361e-8	1.7240864373364834e-9	3.849941705984972e-6	1.1333859220463329e-8	1.0116224101819167e-9	3.9599847421610116e-5
576.0	2.2504500121863743e-8	1.7230995625648423e-9	3.849941040673338e-6	1.1331218587550575e-8	1.0118478089288461e-9	3.959984751741388e-5
577.0	2.249549465072656e-8	1.7242236433514142e-9	3.849941413966709e-6	1.1333905696424205e-8	1.011477261172424e-9	3.95998473340142e-5
578.0	2.249879319254923e-8	1.7239034775842738e-9	3.8499416467864395e-6	1.1329161295496248e-8	1.011776891345196e-9	3.959984745075219e-5
579.0	2.252204548121808e-8	1.7229056634340952e-9	3.849941524922969e-6	1.1332335787880098e-8	1.011408920066717e-9	3.959984711857448e-5
580.0	2.2506404571286837e-8	1.7222615446302482e-9	3.849941275419929e-6	1.1329233460271473e-8	1.011313373345354e-9	3.959984723209848e-5
581.0	2.2491732271160215e-8	1.724119342541791e-9	3.849941445432778e-6	1.1332395943974219e-8	1.0112813376844175e-9	3.959984702189356e-5
582.0	2.2524432013229827e-8	1.724674372980755e-9	3.84994146754238e-6	1.1331369309226398e-8	1.0110578508766176e-9	3.959984724917731e-5
583.0	2.2522774470422587e-8	1.7240169442625426e-9	3.849940744207401e-6	1.133446943901119e-8	1.0114121639566835e-9	3.959984731876727e-5
584.0	2.2509144448424036e-8	1.7260834509038933e-9	3.849941165025709e-6	1.1332851681190694e-8	1.0111248455739712e-9	3.9599847550599376e-5
585.0	2.2479937180829083e-8	1.7241012464202436e-9	3.8499417936376384e-6	1.1334554851535401e-8	1.0114549279719385e-9	3.9599847784144114e-5
586.0	2.2534721910096803e-8	1.7249489291645936e-9	3.849941586804049e-6	1.1332176195805414e-8	1.0112428433058246e-9	3.9599847887931874e-5
587.0	2.25246522729606e-8	1.7247116024939928e-9	3.84994161489594e-6	1.1331963438496812e-8	1.0112445928763832e-9	3.9599848093725156e-5
588.0	2.252956881441363e-8	1.7255252427021547e-9	3.849941692593973e-6	1.1331087180340139e-8	1.0114480351472358e-9	3.959984824473699e-5
589.0	2.2501380570362542e-8	1.7254682468362497e-9	3.849941902679837e-6	1.1327435221246509e-8	1.0113323378665491e-9	3.959984826987894e-5
590.0	2.254408301883287e-8	1.7261014593942936e-9	3.8499413492188955e-6	1.1328767770760438e-8	1.0117497454942414e-9	3.959984851281527e-5
591.0	2.251032793753951e-8	1.7252772679975524e-9	3.849940523427299e-6	1.1323430667178596e-8	1.0113963503242934e-9	3.959984815206311e-5
592.0	2.249522744333701e-8	1.7244770028590798e-9	3.849941101042881e-6	1.1327257029657276e-8	1.0115732938146148e-9	3.959984820265198e-5
593.0	2.2532452532202065e-8	1.7250104785942002e-9	3.8499414891767565e-6	1.1325461176398739e-8	1.0110774934273895e-9	3.9599847648060546e-5
594.0	2.2558041542950994e-8	1.7245041422672837e-9	3.849941343477751e-6	1.1331205173265402e-8	1.0110644546773445e-9	3.959984754500182e-5
595.0	2.2539232446128397e-8	1.724048038185509e-9	3.849941851317533e-6	1.1332399837972047e-8	1.0112938371138323e-9	3.959984712644148e-5
596.0	2.246749731161807e-8	1.7256727122264484e-9	3.849941931242715e-6	1.1338212622087432e-8	1.01130396513475e-9	3.959984709751454e-5
597.0	2.2492602060626314e-8	1.7266895157510169e-9	3.849940792076894e-6	1.133759699911442e-8	1.0119988200513085e-9	3.9599846896602344e-5
598.0	2.2562464561916895e-8	1.7247596849137121e-9	3.849939949824681e-6	1.134143792360483e-8	1.0117779799919301e-9	3.9599846976136475e-5
599.0	2.2551492895296692e-8	1.7258707360472762e-9	3.84994038572024e-6	1.1336704522066385e-8	1.011970312396326e-9	3.959984674254358e-5
600.0	2.249071474386279e-8	1.7259298146591627e-9	3.849941614191004e-6	1.1336940662826171e-8	1.0114453593160094e-9	3.959984684577966e-5
601.0	2.2493565091117412e-8	1.7223673290181222e-9	3.849941325212833e-6	1.1332027739022241e-8	1.0111454802409359e-9	3.9599846501540025e-5
602.0	2.2530941250138603e-8	1.7248297170786987e-9	3.8499413461301416e-6	1.1327613836758932e-8	1.0110756029195741e-9	3.959984666062043e-5
603.0	2.2548576366408297e-8	1.727424334334841e-9	3.849941659039277e-6	1.1324504525426013e-8	1.0109109011927883e-9	3.959984645151244e-5
604.0	2.2518435515495384e-8	1.7261817707563483e-9	3.8499414546222795e-6	1.131973960294354e-8	1.0115035587511231e-9	3.9599846494474056e-5
605.0	2.2523522974766353e-8	1.7282769104035804e-9	3.849940249393339e-6	1.1320858084410893e-8	1.0114867674517908e-9	3.9599846439113405e-5
606.0	2.255098729471295e-8	1.7289197763868409e-9	3.8499409814440796e-6	1.1319902496724932e-8	1.0119064730763855e-9	3.959984622056753e-5
607.0	2.251484723397666e-8	1.7276974993426265e-9	3.849941363767033e-6	1.1325109248002754e-8	1.0117611706779434e-9	3.959984629484641e-5
608.0	2.2506811371073766e-8	1.7270994839720096e-9	3.849941458620138e-6	1.132745815031446e-8	1.0116653943620346e-9	3.9599845941275815e-5
609.0	2.254421592701288e-8	1.726917697156394e-9	3.849941339257835e-6	1.1334075040283651e-8	1.0114306460956007e-9	3.959984602592445e-5
610.0	2.257900284924162e-8	1.7274036960869272e-9	3.84994190376676e-6	1.1334912953157452e-8	1.0111702964636232e-9	3.959984584821695e-5
611.0	2.2540545507207104e-8	1.7265736382767804e-9	3.849942167479703e-6	1.134193561269762e-8	1.0111943290200804e-9	3.95998460506378e-5
612.0	2.2497823280802e-8	1.7296431133430296e-9	3.849940658087039e-6	1.1339389144025904e-8	1.0110355589087493e-9	3.959984605609102e-5
613.0	2.252753844313606e-8	1.7299004642206649e-9	3.849940904346873e-6	1.1342353034726723e-8	1.0112487859541089e-9	3.9599846146825686e-5
614.0	2.255614675748609e-8	1.7301029658445788e-9	3.849941335580914e-6	1.1337337393922822e-8	1.0112710522006717e-9	3.959984623575508e-5
615.0	2.256202823364445e-8	1.731594882343515e-9	3.849941703172679e-6	1.1334876418498515e-8	1.0116250174968626e-9	3.9599846272899175e-5
616.0	2.2525202671879418e-8	1.7297069921162837e-9	3.849941533105689e-6	1.1329408585211231e-8	1.0114346873893395e-9	3.9599846297803434e-5
617.0	2.2535697444213754e-8	1.7286480197813628e-9	3.849941840772216e-6	1.1326040191110943e-8	1.0117573363344916e-9	3.95998464183499e-5
618.0	2.2544169392126006e-8	1.7296119329049916e-9	3.849940993415764e-6	1.1322716954036673e-8	1.0116054509371443e-9	3.959984632465126e-5
619.0	2.2532531537320628e-8	1.7271186023334568e-9	3.849940873483005e-6	1.1321785362406596e-8	1.0116841410721193e-9	3.9599846552567004e-5
620.0	2.2545761815234916e-8	1.7286930757891999e-9	3.849941164625715e-6	1.1321896977885822e-8	1.0118667650583066e-9	3.9599846558330874e-5
621.0	2.256068254358194e-8	1.7289378291564973e-9	3.849941050988585e-6	1.1324830095307003e-8	1.0117128242325126e-9	3.9599846826420576e-5
622.0	2.255631399283936e-8	1.7280188349870725e-9	3.849941465796556e-6	1.1327758050739442e-8	1.0120637283765242e-9	3.9599847032574626e-5
623.0	2.2530501245540275e-8	1.7305707162698758e-9	3.84994184905272e-6	1.1331522769655525e-8	1.0117717277303206e-9	3.9599847136233576e-5
624.0	2.2527795777460132e-8	1.729761914445913e-9	3.849941076720274e-6	1.1335859511303148e-8	1.0119166105668453e-9	3.9599847461717126e-5
625.0	2.2563338074054493e-8	1.7299526515751275e-9	3.849940763252001e-6	1.1336608814808484e-8	1.0116920464026369e-9	3.9599847440952154e-5
626.0	2.2559042241607913e-8	1.7289290453908546e-9	3.8499412980803935e-6	1.1338417287691982e-8	1.0117949201639994e-9	3.9599847725343256e-5
627.0	2.253179024006347e-8	1.730819599984518e-9	3.849941346470692e-6	1.1336569079113768e-8	1.0118289820123909e-9	3.959984775580543e-5
628.0	2.2552754704100533e-8	1.7286682415977666e-9	3.849940919911529e-6	1.1335253623187266e-8	1.0115459495529217e-9	3.9599847708012176e-5
629.0	2.255768079073947e-8	1.7287088258436832e-9	3.849941398375943e-6	1.1332129593538704e-8	1.0118567226154313e-9	3.959984776072192e-5
630.0	2.2567021794451987e-8	1.730431869560667e-9	3.849942225113754e-6	1.1330161160855917e-8	1.0111355266056923e-9	3.9599847458000766e-5
631.0	2.2538329730939447e-8	1.7297456381368135e-9	3.849941209410323e-6	1.1327549656447952e-8	1.0113685493975265e-9	3.959984750797409e-5
632.0	2.2543664563308113e-8	1.7309114845638596e-9	3.849940726548825e-6	1.1327357033130247e-8	1.0109181632754672e-9	3.9599847158462085e-5
633.0	2.258792332507706e-8	1.7312680940021903e-9	3.849941201517506e-6	1.1325936955144538e-8	1.0111186066813315e-9	3.959984746351307e-5
634.0	2.258046093598272e-8	1.732140958731843e-9	3.849941195666487e-6	1.1329048452631845e-8	1.0111316752533689e-9	3.95998471462913e-5
635.0	2.2556604035387674e-8	1.7311973167653772e-9	3.849940666953692e-6	1.1329481712371763e-8	1.0111474743537215e-9	3.95998477734804e-5
636.0	2.2552387287928207e-8	1.7318680437075102e-9	3.8499413364848e-6	1.1334129314463391e-8	1.0112722221018621e-9	3.9599847408955606e-5
637.0	2.2540959681040648e-8	1.7300678299431992e-9	3.849941646271061e-6	1.1333949532820223e-8	1.0109483590923856e-9	3.959984824406901e-5
638.0	2.2611749442224854e-8	1.7303887991259949e-9	3.849940657504171e-6	1.1337432041816195e-8	1.0111404997187626e-9	3.959984771818563e-5
639.0	2.256989047187508e-8	1.7314249258802493e-9	3.849940971895276e-6	1.1333750709679387e-8	1.0109099837126774e-9	3.9599848292666944e-5
640.0	2.2568836333432557e-8	1.7305689716640383e-9	3.849941738174941e-6	1.1335640206274743e-8	1.0112846900630364e-9	3.959984762941225e-5
641.0	2.2541218927623e-8	1.7316106426024719e-9	3.8499410301616615e-6	1.1330864446339636e-8	1.0115405586252033e-9	3.959984768325045e-5
642.0	2.2552434921273372e-8	1.732358133277698e-9	3.849940800967544e-6	1.1331752817433008e-8	1.0119033996450035e-9	3.959984718505507e-5
643.0	2.2572533741335646e-8	1.7327650739456655e-9	3.849941133015201e-6	1.1327881750395422e-8	1.0123336086454201e-9	3.959984682336385e-5
644.0	2.2555187944136416e-8	1.732474814409122e-9	3.8499411526739125e-6	1.1329200501709102e-8	1.0123733456023626e-9	3.9599846900440224e-5
645.0	2.2576357597905004e-8	1.7321313190818146e-9	3.849941146410404e-6	1.1327324334224166e-8	1.0126950959264907e-9	3.95998463897297e-5
646.0	2.2559458940109504e-8	1.7313107574770356e-9	3.849941663773114e-6	1.1329964068910585e-8	1.0124678039097505e-9	3.9599846938096815e-5
647.0	2.2551412366819695e-8	1.7329788578442046e-9	3.849942103844582e-6	1.1329911309546299e-8	1.012690148912591e-9	3.959984638376809e-5
648.0	2.2538478049587764e-8	1.7312745717753952e-9	3.8499411867155915e-6	1.1333599257202619e-8	1.012341913636354e-9	3.959984719273957e-5
649.0	2.257299988055429e-8	1.733432162994535e-9	3.849940933161542e-6	1.1335343382230283e-8	1.0124725272887195e-9	3.95998466731889e-5
650.0	2.2602260411309666e-8	1.7325170998448733e-9	3.849941131963783e-6	1.1336269861944249e-8	1.0121862166611412e-9	3.959984719902127e-5
651.0	2.257075660370851e-8	1.7325504759881766e-9	3.849940958636124e-6	1.1338240106930332e-8	1.0120025592958874e-9	3.95998467390373e-5
652.0	2.2526142764525968e-8	1.7329238076949066e-9	3.849940837978218e-6	1.1334368390772485e-8	1.0120393930270204e-9	3.959984681514906e-5
653.0	2.254610953668812e-8	1.731678027064398e-9	3.849941583878918e-6	1.1335276030428276e-8	1.0116607535160547e-9	3.9599846433632465e-5
654.0	2.258636264104621e-8	1.7319139913297928e-9	3.84994132188154e-6	1.1328852263513127e-8	1.0119304532138413e-9	3.959984639442317e-5
655.0	2.2602786863748827e-8	1.7319694724364647e-9	3.849940677430868e-6	1.1330068070091164e-8	1.0115411203193964e-9	3.959984615673347e-5
656.0	2.2552773138205824e-8	1.7328825570036306e-9	3.849941414182968e-6	1.132438476759848e-8	1.0115980100445459e-9	3.9599846049834905e-5
657.0	2.2567450463958314e-8	1.7332719605748142e-9	3.849940993812527e-6	1.1326667724509093e-8	1.0110910945890187e-9	3.9599845946554605e-5
658.0	2.2567168422597003e-8	1.7328117366805259e-9	3.849940259164299e-6	1.1323632483773648e-8	1.0108997040550476e-9	3.95998459386586e-5
659.0	2.2577281062925328e-8	1.7350820139338572e-9	3.849940865057817e-6	1.1328729976525407e-8	1.010643942186235e-9	3.959984589249275e-5
660.0	2.2561186980444748e-8	1.7333958421202737e-9	3.849941660475159e-6	1.1327864150997364e-8	1.0103503462387068e-9	3.9599845977375674e-5
661.0	2.258800099873004e-8	1.7334726721198903e-9	3.849940807393966e-6	1.1334832659711518e-8	1.0107476933066124e-9	3.959984603628855e-5
662.0	2.2599325675938367e-8	1.7342049069210272e-9	3.849940588244349e-6	1.1334845410950304e-8	1.0104945151338856e-9	3.9599845992951255e-5
663.0	2.2554620876697507e-8	1.7328026338393294e-9	3.849941738218958e-6	1.1340224242263843e-8	1.0110265502158262e-9	3.95998459713837e-5
664.0	2.2551156525651804e-8	1.7347298024085915e-9	3.84994078508435e-6	1.1340196908630433e-8	1.010936173032433e-9	3.9599845954853834e-5
665.0	2.258370526550024e-8	1.7331696625938062e-9	3.8499404391631055e-6	1.1340787383620134e-8	1.0113472912993444e-9	3.9599845876722695e-5
666.0	2.260202265306932e-8	1.7357873551674712e-9	3.8499412005943585e-6	1.1338887197693336e-8	1.011678944901049e-9	3.9599846099415585e-5
667.0	2.2593948691639082e-8	1.734824595038086e-9	3.849942070571071e-6	1.1334772587809964e-8	1.011874831595421e-9	3.9599845954805025e-5
668.0	2.254416899548636e-8	1.7353253715531256e-9	3.849940994097361e-6	1.1331837496853936e-8	1.0123993040677135e-9	3.9599846420769016e-5
669.0	2.2563921402857847e-8	1.7360414810096944e-9	3.84994088495287e-6	1.1326825499031578e-8	1.0122442872748714e-9	3.9599846146199675e-5
670.0	2.2600116454633186e-8	1.7347103162943302e-9	3.849940987825244e-6	1.1324420984899477e-8	1.012569079173915e-9	3.959984670922651e-5
671.0	2.257590946113641e-8	1.7357486184338708e-9	3.8499407919918295e-6	1.1321342509939923e-8	1.0123357495466454e-9	3.959984641766145e-5
672.0	2.2591883345374353e-8	1.7350917947495424e-9	3.849940842199863e-6	1.1322653695363934e-8	1.0125971960549223e-9	3.95998469109714e-5
673.0	2.2574535370876333e-8	1.7360978622158717e-9	3.849942072361182e-6	1.1322209969801755e-8	1.0126295445394765e-9	3.959984674771513e-5
674.0	2.2585719864400724e-8	1.7363527726555929e-9	3.84994167801759e-6	1.1327252956066364e-8	1.0125874467853515e-9	3.9599847016780965e-5
675.0	2.2587785462642475e-8	1.7356005423617493e-9	3.849941165257659e-6	1.1329090166893354e-8	1.0128735000277857e-9	3.95998469643277e-5
676.0	2.256230042390004e-8	1.7356913913909359e-9	3.849940625579542e-6	1.133430911828058e-8	1.0124242665373668e-9	3.959984706362728e-5
677.0	2.2599472777699324e-8	1.7360082720105878e-9	3.849940505914635e-6	1.1336502460909116e-8	1.0125434228609022e-9	3.959984705231824e-5
678.0	2.2575343956039866e-8	1.7349128884245202e-9	3.849940652780182e-6	1.1339241542225794e-8	1.0119663383854822e-9	3.959984703528041e-5
679.0	2.2571622211260897e-8	1.7355312866817073e-9	3.849941747830249e-6	1.1339814876420709e-8	1.0117545085500169e-9	3.9599847053977285e-5
680.0	2.260789709458102e-8	1.7362085757226919e-9	3.849941675710612e-6	1.1338960842200289e-8	1.0113973498266929e-9	3.9599846984672825e-5
681.0	2.2578960679375428e-8	1.735800572084905e-9	3.849940713924525e-6	1.1336116530658368e-8	1.0110976168193848e-9	3.959984721132332e-5
682.0	2.2609064413038406e-8	1.7365637879068885e-9	3.849940296924688e-6	1.1334310597891906e-8	1.0110842542211294e-9	3.959984698635311e-5
683.0	2.2555326577473887e-8	1.7365260543875376e-9	3.8499407142734e-6	1.1329593295167104e-8	1.0109342522495086e-9	3.959984755334582e-5
684.0	2.2597466842557894e-8	1.7362912163783794e-9	3.84994087441419e-6	1.1328892394384255e-8	1.011073044552468e-9	3.9599847228319013e-5
685.0	2.262010823817753e-8	1.7363451137881423e-9	3.84994165986047e-6	1.132499885988313e-8	1.0108827735170196e-9	3.9599847843240166e-5
686.0	2.2604487318437452e-8	1.7354141123184533e-9	3.849941395776087e-6	1.1325630772212283e-8	1.0107914168769747e-9	3.959984746024854e-5
687.0	2.2566530117151554e-8	1.736776030447815e-9	3.849941143248329e-6	1.1325314101376312e-8	1.0108800340119578e-9	3.959984783398607e-5
688.0	2.2572845037078387e-8	1.7359892063707727e-9	3.849940813499238e-6	1.1327066658645942e-8	1.0107905313818042e-9	3.959984742300505e-5
689.0	2.259223501515745e-8	1.737519077248344e-9	3.849940417458764e-6	1.1329042580988809e-8	1.0111497043129847e-9	3.959984752073327e-5
690.0	2.2618292818393408e-8	1.7375012646664487e-9	3.849941182323227e-6	1.1333238000390278e-8	1.0112843922054426e-9	3.959984732608367e-5
691.0	2.257728146929433e-8	1.7376470166530422e-9	3.849941889976497e-6	1.1334116407464034e-8	1.0115322671671096e-9	3.9599847123974997e-5
692.0	2.2567156391470593e-8	1.7377483235516723e-9	3.849941235393012e-6	1.1338309087323918e-8	1.0116233254803067e-9	3.959984720994049e-5
693.0	2.258959302548938e-8	1.7357561052366044e-9	3.8499408539241376e-6	1.1336742088418846e-8	1.011688323783069e-9	3.959984682666427e-5
694.0	2.2590247513427937e-8	1.736691403725653e-9	3.8499413180815425e-6	1.1337783791734587e-8	1.0119151785643195e-9	3.959984709600069e-5
695.0	2.26023435493846e-8	1.7359943140151187e-9	3.849941906318671e-6	1.1335895759499515e-8	1.0120811250153413e-9	3.959984660855727e-5
696.0	2.2574026067739987e-8	1.7371780688160128e-9	3.849940325131881e-6	1.133288755466877e-8	1.0124445613826e-9	3.95998468568848e-5
697.0	2.2618828229151278e-8	1.7373370894810591e-9	3.8499408317784374e-6	1.1331243329953737e-8	1.0127569935522115e-9	3.959984639784505e-5
698.0	2.2595723703442113e-8	1.7370735769216822e-9	3.849940486823473e-6	1.1326459407044552e-8	1.0129738248985813e-9	3.959984637848597e-5
699.0	2.257852874715191e-8	1.7384259294561085e-9	3.849940649700746e-6	1.1325591722890479e-8	1.013167772832169e-9	3.9599846148408344e-5
700.0	2.2586278206623755e-8	1.737538622563231e-9	3.849941322974986e-6	1.1322789409556216e-8	1.013026787885013e-9	3.9599845856441616e-5
701.0	2.2622811845187854e-8	1.7379342809125428e-9	3.849941831198302e-6	1.1323490179613057e-8	1.0131595443932692e-9	3.9599845786288125e-5
702.0	2.262592452814098e-8	1.737979938271047e-9	3.8499418902333604e-6	1.1323202636267997e-8	1.0129284178834954e-9	3.959984545589694e-5
703.0	2.261104324794165e-8	1.7382258363473941e-9	3.849940714014773e-6	1.1327290436303471e-8	1.0129992958803658e-9	3.9599845547978393e-5
704.0	2.2542511229428246e-8	1.73795882773331e-9	3.8499404537534175e-6	1.1327294996075542e-8	1.0128295971352417e-9	3.959984518131642e-5
705.0	2.260508998151962e-8	1.7399889497296937e-9	3.84994009235456e-6	1.133347827744316e-8	1.0127132944153876e-9	3.959984543429639e-5
706.0	2.2607305453079148e-8	1.7385724015043961e-9	3.849941631301402e-6	1.13326240543956e-8	1.0124775552843454e-9	3.9599845115942754e-5
707.0	2.2629452183437514e-8	1.7401205216410379e-9	3.84994147899097e-6	1.1337813974220048e-8	1.0121856111223731e-9	3.959984571650086e-5
708.0	2.258437129306739e-8	1.7383651460204971e-9	3.849941796494783e-6	1.133627592655834e-8	1.0118910313608957e-9	3.95998455222418e-5
709.0	2.25742436851501e-8	1.7388155374141995e-9	3.849941476347111e-6	1.1336736631425336e-8	1.011490994704952e-9	3.95998461129321e-5
710.0	2.2621333405393067e-8	1.7388819199167444e-9	3.8499414504526624e-6	1.133515645850835e-8	1.0112741464490965e-9	3.959984585837278e-5
711.0	2.2601023757719592e-8	1.7383027784353937e-9	3.849940707770782e-6	1.1332680745355587e-8	1.0110444291941118e-9	3.959984618767409e-5
712.0	2.2614416296498245e-8	1.740134526192349e-9	3.849940582040463e-6	1.1330865676351018e-8	1.010909797765998e-9	3.959984589898935e-5
713.0	2.2602118514556677e-8	1.737573667428831e-9	3.8499409969336355e-6	1.1328693956534273e-8	1.0108859099298675e-9	3.9599845943553385e-5
714.0	2.264044528608913e-8	1.7403258024475942e-9	3.849941022567978e-6	1.1327551986028438e-8	1.010651643530369e-9	3.9599845737440074e-5
715.0	2.2601728460055085e-8	1.7393726400322972e-9	3.849941127350039e-6	1.1326690704496496e-8	1.0107411765429771e-9	3.9599845664453304e-5
716.0	2.261228241161346e-8	1.739151087607259e-9	3.849941539931805e-6	1.132778969229274e-8	1.0103766523280317e-9	3.9599845734433594e-5
717.0	2.2578906367406556e-8	1.7401741835462337e-9	3.849941813697787e-6	1.1328358346822242e-8	1.010739712466808e-9	3.959984569968231e-5
718.0	2.2661802887764026e-8	1.7410902453590776e-9	3.849940721772853e-6	1.1331090315794861e-8	1.0107406301319716e-9	3.959984599849859e-5
719.0	2.2633799608708615e-8	1.7402975035256798e-9	3.849940529957786e-6	1.1331324181944745e-8	1.0111736760693246e-9	3.959984601878518e-5
720.0	2.261773029611399e-8	1.740748598840081e-9	3.849941028435593e-6	1.133464231933788e-8	1.0115309869374372e-9	3.95998465727369e-5
721.0	2.26068299025468e-8	1.742240556589903e-9	3.849941156722642e-6	1.133380999989312e-8	1.011805607388071e-9	3.959984655511e-5
722.0	2.261822511579769e-8	1.7398695503603411e-9	3.849941368298092e-6	1.1334926808804332e-8	1.0120597895870016e-9	3.9599846925937304e-5
723.0	2.2649052002567304e-8	1.7410794756047426e-9	3.849941788218815e-6	1.1332734950727183e-8	1.0120702893446176e-9	3.959984677311542e-5
724.0	2.2640356066866707e-8	1.7411312054277225e-9	3.849941392724889e-6	1.1331992368816692e-8	1.0123917316916097e-9	3.959984690959288e-5
725.0	2.2624151347630232e-8	1.7407219882647754e-9	3.8499401178985824e-6	1.1329406084606204e-8	1.012677511094776e-9	3.959984690924532e-5
726.0	2.262543100458652e-8	1.7416762427150327e-9	3.849940894546669e-6	1.1328590118543355e-8	1.0129332699120879e-9	3.9599846894709056e-5
727.0	2.2610557138041443e-8	1.7409226845287936e-9	3.849941725822747e-6	1.1327121330431495e-8	1.0131863292644955e-9	3.9599846981664815e-5
728.0	2.263606062804421e-8	1.7424495877212712e-9	3.8499410418650725e-6	1.1327641641402547e-8	1.0131185520558746e-9	3.95998469448928e-5
729.0	2.2613506745957496e-8	1.7408207062095382e-9	3.8499411230213075e-6	1.1327650743493077e-8	1.012940651490973e-9	3.959984691339385e-5
730.0	2.2652267248235716e-8	1.742141907374378e-9	3.849941428450439e-6	1.1329681657276506e-8	1.0126017295640029e-9	3.9599847003031546e-5
731.0	2.2635983017567777e-8	1.7418679863759779e-9	3.849940212913846e-6	1.1329757321319892e-8	1.0125713302528934e-9	3.9599846911047183e-5
732.0	2.2596753818734226e-8	1.742013280873435e-9	3.849940209859639e-6	1.1332741064274724e-8	1.0122364472361945e-9	3.9599847117976696e-5
733.0	2.2614802772066208e-8	1.7429638765468854e-9	3.849941596483356e-6	1.1331660099680304e-8	1.0123334912586434e-9	3.959984709651483e-5
734.0	2.2613176922704543e-8	1.7420841806744562e-9	3.849941684055743e-6	1.13344946730103e-8	1.0119587762024453e-9	3.959984731196363e-5
735.0	2.2667754158888064e-8	1.7429072724890954e-9	3.849940660255518e-6	1.1332108079187876e-8	1.011655109000175e-9	3.9599847229754226e-5
736.0	2.2649986608645037e-8	1.7429412663935358e-9	3.84994091768634e-6	1.1333164749675797e-8	1.0113475645182472e-9	3.959984731887013e-5
737.0	2.2591536195352816e-8	1.7426479957594009e-9	3.84994097740632e-6	1.133038090701e-8	1.0110564355529222e-9	3.9599847098215397e-5
738.0	2.261723094912363e-8	1.7433157403075042e-9	3.849940448895194e-6	1.1330047343958386e-8	1.0111778946210717e-9	3.959984708543297e-5
739.0	2.262424631364854e-8	1.7435896001868928e-9	3.849941047049203e-6	1.1328088758482525e-8	1.0111052084207794e-9	3.959984690963622e-5
740.0	2.265371389805737e-8	1.7434698115036514e-9	3.8499415393347874e-6	1.1328531799352435e-8	1.0113331318300781e-9	3.95998469979761e-5
741.0	2.2659128780878095e-8	1.7441656731458724e-9	3.8499417170861685e-6	1.132838214706503e-8	1.011054886971989e-9	3.959984698687106e-5
742.0	2.2622085826137342e-8	1.743871516630508e-9	3.849940594246592e-6	1.1330372764261583e-8	1.0109960467810669e-9	3.959984707764972e-5
743.0	2.2633840432300243e-8	1.74312615133152e-9	3.849940897229268e-6	1.1331954007154112e-8	1.0107057738502014e-9	3.959984730844901e-5
744.0	2.261260229618401e-8	1.744980479784845e-9	3.8499410304762885e-6	1.133274467013451e-8	1.0107468515495625e-9	3.9599847389570986e-5
745.0	2.2659540057321054e-8	1.7446176186003075e-9	3.849941424461758e-6	1.1335110053740831e-8	1.011113483140078e-9	3.9599847673589895e-5
746.0	2.2660364806817338e-8	1.7449989865660942e-9	3.849940827735767e-6	1.1333176596560285e-8	1.0111164728595056e-9	3.959984741992322e-5
747.0	2.2661752253530482e-8	1.7454644252153979e-9	3.84994107914288e-6	1.1335887646944161e-8	1.0118485697462671e-9	3.959984749568975e-5
748.0	2.261608854124202e-8	1.7445782753894861e-9	3.849941452459736e-6	1.1332409493937939e-8	1.0117188482388358e-9	3.959984698322323e-5
749.0	2.2640178797468156e-8	1.7458361071092764e-9	3.849941077323468e-6	1.1333481530522841e-8	1.0123033503375678e-9	3.9599847042442377e-5
750.0	2.266255850856678e-8	1.7447082586271715e-9	3.849940335016238e-6	1.1328974216751395e-8	1.0120780079721857e-9	3.959984641631148e-5
751.0	2.2658620617312552e-8	1.7451246530976678e-9	3.84994054917559e-6	1.1329351607757796e-8	1.0123482465282866e-9	3.959984647508775e-5
752.0	2.2644199352131427e-8	1.7441986581203403e-9	3.849941198353508e-6	1.1325223417502012e-8	1.0123210167749809e-9	3.9599845955574354e-5
753.0	2.2649466952457424e-8	1.7459260070239748e-9	3.849940812981394e-6	1.132721985973521e-8	1.0120703490448602e-9	3.959984588208708e-5
754.0	2.2659888910581213e-8	1.7463076687090766e-9	3.849940923615138e-6	1.1325769653954494e-8	1.0124106430666137e-9	3.9599845732599273e-5
755.0	2.2655126076866844e-8	1.7453548714182766e-9	3.849940951145666e-6	1.1329780034256638e-8	1.011869608912902e-9	3.959984562934646e-5
756.0	2.262164718822247e-8	1.7464542610417033e-9	3.849941330787973e-6	1.1330220802025774e-8	1.0123069200044671e-9	3.9599845834286805e-5
757.0	2.266140829624453e-8	1.746433125603302e-9	3.849940111963872e-6	1.1333844887637689e-8	1.0118663188527692e-9	3.9599845909579916e-5
758.0	2.266796342614261e-8	1.7437071948931324e-9	3.8499401155484125e-6	1.1333996097236722e-8	1.011933404390111e-9	3.9599845956926456e-5
759.0	2.2633083128500422e-8	1.746140008242001e-9	3.849941252373295e-6	1.1335787450566439e-8	1.0119915117357993e-9	3.959984606920466e-5
760.0	2.2630412106099907e-8	1.7467775326148893e-9	3.849941810016142e-6	1.1334935958469005e-8	1.011570432328957e-9	3.959984564182367e-5
761.0	2.2633184900526212e-8	1.746699904139929e-9	3.849940712776615e-6	1.1334701450731643e-8	1.0120068534691934e-9	3.95998457266512e-5
762.0	2.2678183600533083e-8	1.7473781743039077e-9	3.849941430434063e-6	1.1332900928312817e-8	1.0114578701897056e-9	3.959984530256915e-5
763.0	2.2638394236002997e-8	1.74805537610423e-9	3.849940946895858e-6	1.1330571374049802e-8	1.0118809634584603e-9	3.959984544120258e-5
764.0	2.2633182839504734e-8	1.7482392302021555e-9	3.849940050975488e-6	1.1328919155484044e-8	1.0113552881224038e-9	3.959984532271644e-5
765.0	2.26448766516258e-8	1.7472761307146333e-9	3.849940567511076e-6	1.1326470827401365e-8	1.0116105350530458e-9	3.9599845514646854e-5
766.0	2.2672093562760388e-8	1.746686332600277e-9	3.8499410877872915e-6	1.1326885338717935e-8	1.0116094123785122e-9	3.959984573372802e-5
767.0	2.266415369544304e-8	1.744809624844096e-9	3.849941208652755e-6	1.1326913814588306e-8	1.0115870682821132e-9	3.959984586991009e-5
768.0	2.2638118450951555e-8	1.746571353063412e-9	3.849941227906768e-6	1.1329375214869073e-8	1.012034936805985e-9	3.9599846280776744e-5
769.0	2.26598749658763e-8	1.7478310681075683e-9	3.849940999757036e-6	1.133086628852552e-8	1.0116587334084005e-9	3.9599846280728666e-5
770.0	2.2667905719606218e-8	1.7484061705124029e-9	3.849940694133607e-6	1.1333966048255985e-8	1.0120808325194156e-9	3.9599846492924426e-5
771.0	2.2654331901990306e-8	1.7496886681581927e-9	3.849940561930618e-6	1.1333393016264509e-8	1.0117089614207215e-9	3.9599846428102024e-5
772.0	2.2653304180180212e-8	1.749288357057214e-9	3.849940552561407e-6	1.1336916571521557e-8	1.0119341909720527e-9	3.959984640955037e-5
773.0	2.2646986989676945e-8	1.7492700060922819e-9	3.849940702710077e-6	1.1333395855087936e-8	1.0123007978364923e-9	3.959984653244162e-5
774.0	2.2674255423116645e-8	1.7475987300084875e-9	3.849940887611548e-6	1.1336817818641158e-8	1.0122934962071913e-9	3.959984647461143e-5
775.0	2.264690331046e-8	1.7468308904071899e-9	3.849941135036201e-6	1.1330663383179679e-8	1.0127336119667932e-9	3.959984653149701e-5
776.0	2.2668797478450313e-8	1.7462638419184807e-9	3.849940943076871e-6	1.133236559663521e-8	1.012451489399851e-9	3.959984662015178e-5
777.0	2.2663039340518923e-8	1.7472906928889432e-9	3.849941231016597e-6	1.1326907191769222e-8	1.0124898332749248e-9	3.959984648809997e-5
778.0	2.266034158924644e-8	1.7503274829491853e-9	3.849940792467415e-6	1.1327605361152944e-8	1.0121581230478002e-9	3.9599846878491506e-5
779.0	2.264451295043e-8	1.7498370493604495e-9	3.8499407588063415e-6	1.132445973165083e-8	1.0121038700295094e-9	3.9599846647096674e-5
780.0	2.2639544997445038e-8	1.752529532147756e-9	3.849940652848794e-6	1.1328058446990821e-8	1.0121772051289603e-9	3.959984735099777e-5
781.0	2.2674962633111564e-8	1.7511404311231256e-9	3.849940704907352e-6	1.1326533680543226e-8	1.0120596354050315e-9	3.959984699566088e-5
782.0	2.2661655775008138e-8	1.7486630230160472e-9	3.849940468421528e-6	1.1332717448367149e-8	1.0123773453195786e-9	3.959984762270865e-5
783.0	2.2650856761755817e-8	1.7476722117396547e-9	3.849941298668892e-6	1.1331944155989482e-8	1.0122017391641598e-9	3.9599847391478233e-5
784.0	2.2651548425257154e-8	1.7467053447595493e-9	3.849941489331914e-6	1.1336278767330372e-8	1.0121576710799967e-9	3.959984765842355e-5
785.0	2.265886910640883e-8	1.7472825511894383e-9	3.8499410307892765e-6	1.1336986973305156e-8	1.0120619216153576e-9	3.959984766645534e-5
786.0	2.267722752781067e-8	1.7493805119340324e-9	3.849940802287558e-6	1.1336264806857665e-8	1.0114657814611827e-9	3.959984746942647e-5
787.0	2.264352865184557e-8	1.7518793747884663e-9	3.849940689646981e-6	1.133778208152297e-8	1.0116088860154563e-9	3.959984777619647e-5
788.0	2.265482893757322e-8	1.7534145715594993e-9	3.849940304088477e-6	1.1333342294216564e-8	1.0110575516858744e-9	3.959984712172274e-5
789.0	2.2643913388738584e-8	1.7524537509631938e-9	3.849940789800549e-6	1.1334444200729039e-8	1.0112146755037273e-9	3.9599847537295904e-5
790.0	2.267220496083657e-8	1.7530419793695673e-9	3.849941280027501e-6	1.1329044399701328e-8	1.0110605585251517e-9	3.959984685562547e-5
791.0	2.264775248006218e-8	1.7505304817354508e-9	3.849941882034975e-6	1.1330452330765795e-8	1.0112071331654795e-9	3.95998471474782e-5
792.0	2.2673272117196926e-8	1.7497678517603487e-9	3.849940721914488e-6	1.1325625493354991e-8	1.0115998267557645e-9	3.959984697070349e-5
793.0	2.2659390714631166e-8	1.7497783651687694e-9	3.849940614269945e-6	1.1330086953379431e-8	1.0114998878027974e-9	3.9599846894822674e-5
794.0	2.2668879104476462e-8	1.7506553094758783e-9	3.849940441962009e-6	1.1325749651026259e-8	1.0119929017949501e-9	3.95998471014608e-5
795.0	2.2673675072880155e-8	1.751342982310546e-9	3.849941105452234e-6	1.1333085472261274e-8	1.011680299918115e-9	3.959984670555966e-5
796.0	2.264369781494564e-8	1.7541831283407697e-9	3.8499405918643435e-6	1.132931042044327e-8	1.011802763346586e-9	3.959984692959205e-5
797.0	2.265978624448057e-8	1.7533121918181577e-9	3.849941453995381e-6	1.1335833015148361e-8	1.0115843223566681e-9	3.959984645218866e-5
798.0	2.2648652877399967e-8	1.7528917297024807e-9	3.849941096627178e-6	1.1333668076236768e-8	1.0115420505596994e-9	3.95998465416025e-5
799.0	2.2674839387980197e-8	1.753131855872313e-9	3.849940790300042e-6	1.133772774924173e-8	1.01196134793403e-9	3.9599846378602144e-5
800.0	2.26631063854231e-8	1.7526944648571645e-9	3.849940559965846e-6	1.133576695906721e-8	1.0118189692165438e-9	3.9599846305657794e-5
