turn	ele_ex	ele_ey	ele_ez	pro_ex	pro_ey	pro_ez
0.0	2.042908293953415e-8	1.6115840823421875e-9	3.8499871731240865e-6	1.1281249147272375e-8	1.0034676489862682e-9	3.959997587408601e-5
1.0	2.0901015345069068e-8	1.624687393572444e-9	3.849987607336397e-6	1.1285551190863918e-8	1.0051040823745394e-9	3.959997592048985e-5
2.0	2.1007171056090114e-8	1.6231059831912581e-9	3.849988236978106e-6	1.1296741501993848e-8	1.0049346680565758e-9	3.959997613455441e-5
3.0	2.085250203636616e-8	1.6316769673246781e-9	3.84998845966683e-6	1.1314511325803195e-8	1.0069931790825936e-9	3.9599975788032934e-5
4.0	2.072832568004235e-8	1.6447314975630438e-9	3.84998799750849e-6	1.1325405469623889e-8	1.0077050822289635e-9	3.959997617564418e-5
5.0	2.132290179821863e-8	1.6345014999293467e-9	3.849987527217579e-6	1.1334590862613526e-8	1.008015474929188e-9	3.9599975731941694e-5
6.0	2.1897052626635594e-8	1.6426010111464484e-9	3.8499867951045705e-6	1.1344836507752432e-8	1.009249971684073e-9	3.959997592464628e-5
7.0	2.1527601273028406e-8	1.6365079438849684e-9	3.84998764804992e-6	1.1350275604546922e-8	1.0088914668416749e-9	3.959997558004835e-5
8.0	2.1330714587457827e-8	1.6380251338464362e-9	3.84998803651354e-6	1.1348141453645567e-8	1.0100260318019033e-9	3.959997543638195e-5
9.0	2.168827427219692e-8	1.6499011529619076e-9	3.849987890685937e-6	1.1341361002654527e-8	1.0097164086712444e-9	3.9599975597539655e-5
10.0	2.2441150351205903e-8	1.6435372002739306e-9	3.84998812442643e-6	1.1328721224103054e-8	1.0111315611567533e-9	3.959997523541743e-5
11.0	2.2313710574096926e-8	1.6498921362154818e-9	3.849987728995419e-6	1.130704156037273e-8	1.0113716649639637e-9	3.95999755746692e-5
12.0	2.1827157358166646e-8	1.651477420159822e-9	3.849987175391346e-6	1.1298814739898395e-8	1.012145319438696e-9	3.9599975009656886e-5
13.0	2.1904189916247255e-8	1.6498192876955937e-9	3.849987736002411e-6	1.1289085742962524e-8	1.012427705590706e-9	3.959997516784935e-5
14.0	2.232968135879035e-8	1.6538758304763865e-9	3.849988400660591e-6	1.128583861120785e-8	1.0124446267203623e-9	3.95999749575528e-5
15.0	2.2444202352570275e-8	1.6496185880520538e-9	3.849987286792026e-6	1.1285646697161411e-8	1.0124490236069526e-9	3.9599974851796866e-5
16.0	2.2185782552593996e-8	1.648224065896832e-9	3.849986993111813e-6	1.1293500280751987e-8	1.0114240963728156e-9	3.9599974711983386e-5
17.0	2.207544547517839e-8	1.648044751171501e-9	3.849987872271987e-6	1.130192644424796e-8	1.0116125748595437e-9	3.959997425065709e-5
18.0	2.215245042179974e-8	1.6486972006684612e-9	3.849987572634161e-6	1.1314156249627558e-8	1.0100636136256061e-9	3.959997424413693e-5
19.0	2.220196862924373e-8	1.650945211110958e-9	3.8499881484476385e-6	1.1324757439435034e-8	1.0101568585046885e-9	3.9599973926581294e-5
20.0	2.220925027451434e-8	1.6530146643093156e-9	3.849988015876429e-6	1.133605309966608e-8	1.0090997097936186e-9	3.9599974034674015e-5
21.0	2.2239715392857e-8	1.6524991363314268e-9	3.849986795355934e-6	1.13368856702336e-8	1.009105533013489e-9	3.959997402566908e-5
22.0	2.2190298645949044e-8	1.6530096492227564e-9	3.8499868585041734e-6	1.1342487025464262e-8	1.0085722408608132e-9	3.959997396846635e-5
23.0	2.2149119517917664e-8	1.652272175051799e-9	3.8499876380413655e-6	1.1334384081444899e-8	1.0082956575296425e-9	3.959997434923283e-5
24.0	2.212501415460684e-8	1.6511361997217168e-9	3.849987887716394e-6	1.1328796794899272e-8	1.0082889568406769e-9	3.959997398581671e-5
25.0	2.2232399169188192e-8	1.6506380411015014e-9	3.849988064713668e-6	1.1319278144116528e-8	1.0076829121312566e-9	3.959997446217324e-5
26.0	2.2280826964595638e-8	1.651984550611247e-9	3.8499875721413975e-6	1.1312025997868414e-8	1.0081211794481747e-9	3.959997405133041e-5
27.0	2.2214171280114753e-8	1.6518270024529069e-9	3.849986554502329e-6	1.1304019965272269e-8	1.0074517321841774e-9	3.9599974655435e-5
28.0	2.217415125525531e-8	1.6523458529128234e-9	3.849986408374244e-6	1.1303501333452507e-8	1.0082975494334805e-9	3.9599974473757124e-5
29.0	2.2170368913303704e-8	1.6546586385035392e-9	3.849987478840077e-6	1.1301861836410212e-8	1.008064684357674e-9	3.959997504438668e-5
30.0	2.222064540886259e-8	1.6547052487570655e-9	3.849988295351787e-6	1.1308073062344045e-8	1.008877091310961e-9	3.959997503381457e-5
31.0	2.225545788242468e-8	1.6545419096867283e-9	3.849988195485706e-6	1.1312905749012369e-8	1.0091986992841097e-9	3.95999752813221e-5
32.0	2.2230739242935066e-8	1.6539962821463555e-9	3.849987475169612e-6	1.1320166016127214e-8	1.0094878992040555e-9	3.959997536937037e-5
33.0	2.2228611931758353e-8	1.6543973971493313e-9	3.849987132708651e-6	1.1328229844300901e-8	1.0102037552362074e-9	3.959997515906433e-5
34.0	2.217033290918774e-8	1.6540281316324127e-9	3.84998644372138e-6	1.1329270754132898e-8	1.0098904699034127e-9	3.959997547541915e-5
35.0	2.220841189135276e-8	1.6550634861989344e-9	3.8499867966039755e-6	1.13345578444995e-8	1.0105378968056192e-9	3.9599974945986415e-5
36.0	2.2253208750293064e-8	1.6559677351894475e-9	3.849987686850682e-6	1.1328231141347736e-8	1.0100303455860054e-9	3.959997530017144e-5
37.0	2.2270539523943076e-8	1.6562448667738106e-9	3.849988394009529e-6	1.1328229380506821e-8	1.0103807573955648e-9	3.959997477843598e-5
38.0	2.2219134598204907e-8	1.656539180272295e-9	3.849987884625555e-6	1.1319237385478285e-8	1.010183320989714e-9	3.959997495045445e-5
39.0	2.2196028218614407e-8	1.6559540994626659e-9	3.849987213592109e-6	1.131804729775983e-8	1.010498138730319e-9	3.959997470214092e-5
40.0	2.223979849980244e-8	1.6561041639252762e-9	3.849986946966386e-6	1.1309408710202036e-8	1.0106079001747318e-9	3.9599974822372236e-5
41.0	2.2275007505468518e-8	1.657794310142566e-9	3.849986233338533e-6	1.1311414442072043e-8	1.010609009508502e-9	3.959997481947077e-5
42.0	2.2234267192704067e-8	1.6561911898734186e-9	3.849986855585826e-6	1.1305810978309683e-8	1.010676552748502e-9	3.959997491108906e-5
43.0	2.222446757453014e-8	1.6581700554410614e-9	3.8499880568097e-6	1.1313240441724963e-8	1.009853516703305e-9	3.95999749594349e-5
44.0	2.2219744588183845e-8	1.6586991899653378e-9	3.849988502413174e-6	1.1313481011028585e-8	1.0097126993114479e-9	3.959997502885279e-5
45.0	2.226666290716462e-8	1.6586998470950726e-9	3.8499875849711015e-6	1.1321687387574483e-8	1.008745706748685e-9	3.9599975015464116e-5
46.0	2.2215942219259455e-8	1.658706232301764e-9	3.849986864990051e-6	1.1324709952048319e-8	1.0087800089866623e-9	3.9599975025656566e-5
47.0	2.2210754065204448e-8	1.658083366594028e-9	3.8499873646388194e-6	1.1328931054482856e-8	1.008581135554332e-9	3.959997501503671e-5
48.0	2.2250686023582857e-8	1.6588307509423378e-9	3.849986891698526e-6	1.133117219051595e-8	1.008795711761092e-9	3.959997487899055e-5
49.0	2.2265751903761062e-8	1.6570504208630887e-9	3.849987367524229e-6	1.1329602044184872e-8	1.0091776528554086e-9	3.959997507014675e-5
50.0	2.22372790295609e-8	1.6588579813656002e-9	3.849988318571961e-6	1.132972546498119e-8	1.0092533120496426e-9	3.959997481429987e-5
51.0	2.2194244061941744e-8	1.6590290985752827e-9	3.849987973455245e-6	1.1323985109871417e-8	1.0094580541569463e-9	3.959997504634366e-5
52.0	2.2247155106123938e-8	1.6588925602428642e-9	3.849987021708879e-6	1.1322926675179612e-8	1.0092990149235458e-9	3.959997500800347e-5
53.0	2.2300798483789873e-8	1.66054069615044e-9	3.849987195719135e-6	1.131510623434314e-8	1.009364482995729e-9	3.959997512988783e-5
54.0	2.2238314375143896e-8	1.6593632075120731e-9	3.849987616689356e-6	1.131628920576281e-8	1.0091943674797175e-9	3.959997503617493e-5
55.0	2.2186442428358272e-8	1.659150608283351e-9	3.8499869836576545e-6	1.1311311431174235e-8	1.0093841661827714e-9	3.959997498577456e-5
56.0	2.2243679919192115e-8	1.6585187085952383e-9	3.8499874436007105e-6	1.1317240218013592e-8	1.0095309792654466e-9	3.9599974935386455e-5
57.0	2.231158869353224e-8	1.6579508252372535e-9	3.84998767098267e-6	1.1316700976389165e-8	1.009904818406768e-9	3.959997475558343e-5
58.0	2.2278966694593575e-8	1.6580845112945372e-9	3.84998686148383e-6	1.1324594652251972e-8	1.010182394331028e-9	3.95999747051079e-5
59.0	2.218012048620751e-8	1.6573135946686833e-9	3.849987346896631e-6	1.1325421615823483e-8	1.0105638688494531e-9	3.959997463979781e-5
60.0	2.225544553407449e-8	1.6589530649595894e-9	3.849987542548047e-6	1.132957549982964e-8	1.0108346840840838e-9	3.959997469809162e-5
61.0	2.230810519764954e-8	1.660343027242073e-9	3.849987215294042e-6	1.1328594526869991e-8	1.0107858245291869e-9	3.959997479603853e-5
62.0	2.2279500248762047e-8	1.6597531727858687e-9	3.849986981171051e-6	1.1327798430771141e-8	1.0109061363749688e-9	3.9599974745064894e-5
63.0	2.2204235044223637e-8	1.6594593534392275e-9	3.849987648869898e-6	1.1325150194236798e-8	1.0105320523038246e-9	3.959997462911578e-5
64.0	2.2247996082916956e-8	1.6597618874648076e-9	3.8499868905829815e-6	1.1320629328885407e-8	1.0105188237569034e-9	3.959997457790887e-5
65.0	2.2318247125988595e-8	1.6592970866615016e-9	3.849986542593096e-6	1.1317142829038274e-8	1.0101458477641455e-9	3.9599974357976435e-5
66.0	2.2267253132469148e-8	1.6597817484927654e-9	3.849987578264926e-6	1.1311780668168095e-8	1.0102227300410761e-9	3.959997444336818e-5
67.0	2.221429565030021e-8	1.6602867006906969e-9	3.8499877236525855e-6	1.13121096846347e-8	1.010122116395534e-9	3.9599974425023436e-5
68.0	2.2267742870421378e-8	1.659801772166451e-9	3.849987066229976e-6	1.1309907003512762e-8	1.0101000818724038e-9	3.95999744910278e-5
69.0	2.229798929790043e-8	1.6610991555203384e-9	3.8499868045865944e-6	1.1315994062183063e-8	1.0102851684120283e-9	3.9599974580612384e-5
70.0	2.228413585263651e-8	1.661659966737696e-9	3.849987446655654e-6	1.1318393961624903e-8	1.0100028286890672e-9	3.9599974581123375e-5
71.0	2.2210960218967195e-8	1.6614072505683832e-9	3.849986732205264e-6	1.1325397879727322e-8	1.0101900892388435e-9	3.959997473604305e-5
72.0	2.2239043882642734e-8	1.6615463029783103e-9	3.849986876793128e-6	1.1328364849291092e-8	1.0097041627577946e-9	3.959997467244917e-5
73.0	2.228904965606228e-8	1.6621647127722984e-9	3.849987564612011e-6	1.1332064534836084e-8	1.0098249605593121e-9	3.959997485581806e-5
74.0	2.226856034597112e-8	1.6627416905306945e-9	3.849987457509637e-6	1.1333234673834175e-8	1.0093348073408124e-9	3.959997479179715e-5
75.0	2.2237960773949513e-8	1.6622166575288553e-9	3.849986904013984e-6	1.1331971270187611e-8	1.0091037511553218e-9	3.959997495096241e-5
76.0	2.22577580635513e-8	1.6612595236037764e-9	3.849986905026815e-6	1.1330594203169409e-8	1.0090834046470929e-9	3.959997478123393e-5
77.0	2.224834039069474e-8	1.660163338377622e-9	3.849987201816575e-6	1.1324979948845097e-8	1.0086525191686046e-9	3.959997470771755e-5
78.0	2.2290887017384284e-8	1.6616568007310912e-9	3.849987335144435e-6	1.1321614681737614e-8	1.0091006621451976e-9	3.959997441705744e-5
79.0	2.2256553775898053e-8	1.6617761523935615e-9	3.849986665564328e-6	1.1314267412738325e-8	1.008788297842908e-9	3.959997419758734e-5
80.0	2.227369894238312e-8	1.6631196887196524e-9	3.849986998656347e-6	1.1312675484802855e-8	1.009141108254862e-9	3.95999740563391e-5
81.0	2.227097299936571e-8	1.6655057384903927e-9	3.849987444616123e-6	1.1308912039459181e-8	1.0090531705531349e-9	3.9599973969213506e-5
82.0	2.2252336406653772e-8	1.665040837821344e-9	3.849986845512672e-6	1.131209538062763e-8	1.0092338868577144e-9	3.9599974205542136e-5
83.0	2.2305491270540783e-8	1.665017421702454e-9	3.8499872453344296e-6	1.1313865789285126e-8	1.0093597462816249e-9	3.9599974023862195e-5
84.0	2.225847442126747e-8	1.6639965712442904e-9	3.849987680951905e-6	1.1318913104125978e-8	1.0093328115763756e-9	3.959997452008057e-5
85.0	2.2264166642140257e-8	1.6622070016829468e-9	3.849987077281095e-6	1.1323754883600669e-8	1.0097168925530188e-9	3.959997417718347e-5
86.0	2.2277457113122446e-8	1.6605887154588244e-9	3.849986420887891e-6	1.1326584252713396e-8	1.0097644345713706e-9	3.9599974707491624e-5
87.0	2.2296095203287282e-8	1.6620141778071572e-9	3.8499872701847855e-6	1.133151301194107e-8	1.0100907154681385e-9	3.959997432901303e-5
88.0	2.2273482265072014e-8	1.6633850770767344e-9	3.8499873855122295e-6	1.1330482537407272e-8	1.0102897951725474e-9	3.9599974714605305e-5
89.0	2.2216551672330376e-8	1.6647760060773287e-9	3.849986960964266e-6	1.1333159394847455e-8	1.0104164221712603e-9	3.959997450701756e-5
90.0	2.2270852792286724e-8	1.6669222484742703e-9	3.849987644227019e-6	1.1327727914929111e-8	1.0106403271380142e-9	3.9599974698042355e-5
91.0	2.2336862683846828e-8	1.6679226025159492e-9	3.849987697437387e-6	1.1327139851691672e-8	1.0109307380708175e-9	3.959997480147463e-5
92.0	2.2255045143900906e-8	1.664890703589162e-9	3.849986918256518e-6	1.1317880189853985e-8	1.0109775048082663e-9	3.959997476456559e-5
93.0	2.221380230954861e-8	1.6644804041838768e-9	3.849986141622813e-6	1.13176918642582e-8	1.011038364067175e-9	3.959997530737051e-5
94.0	2.223842869615605e-8	1.663263966096495e-9	3.84998710894184e-6	1.1311287743401317e-8	1.0109874076856794e-9	3.959997491250585e-5
95.0	2.2350119452266797e-8	1.6622236320795605e-9	3.849986887555929e-6	1.1313822933977858e-8	1.0108218344230447e-9	3.959997537771192e-5
96.0	2.2302044373689057e-8	1.662790692173226e-9	3.84998750384028e-6	1.1310876065357378e-8	1.0105722426342251e-9	3.959997480183168e-5
97.0	2.217828070291702e-8	1.6654940570473928e-9	3.849987258877155e-6	1.1314729920112934e-8	1.0103790280552198e-9	3.9599975089226795e-5
98.0	2.224799105985066e-8	1.666819920140158e-9	3.849987338993809e-6	1.1316223120845622e-8	1.0104797295772177e-9	3.9599974873229775e-5
99.0	2.232973739177843e-8	1.667220414504415e-9	3.849986896776225e-6	1.1320952197744982e-8	1.0099890379195715e-9	3.959997490172877e-5
100.0	2.2286776875409654e-8	1.6669509381705486e-9	3.849986516406084e-6	1.1325712357460503e-8	1.0100782326205721e-9	3.959997498430969e-5
101.0	2.2195230313368602e-8	1.6658807484378064e-9	3.849986918231209e-6	1.1327190189278128e-8	1.00950058625292e-9	3.95999748323111e-5
102.0	2.221150784342001e-8	1.6644004525330104e-9	3.849987251121473e-6	1.1331461474663865e-8	1.0093211226271358e-9	3.959997511158483e-5
103.0	2.2341553560320618e-8	1.6645380082901742e-9	3.849987186099319e-6	1.1328447384979688e-8	1.009018963668918e-9	3.959997498744194e-5
104.0	2.2279047379926645e-8	1.6653754573077857e-9	3.849986841883407e-6	1.1331210987037858e-8	1.0089771236722172e-9	3.9599975203079e-5
105.0	2.2175971394799708e-8	1.6666202470461511e-9	3.84998759086303e-6	1.1325305134128455e-8	1.0091332412975411e-9	3.959997526064046e-5
106.0	2.2246778080935397e-8	1.6677429328735602e-9	3.849987766955109e-6	1.1326490442495341e-8	1.008836170376658e-9	3.959997551646935e-5
107.0	2.230120640465139e-8	1.668749915285665e-9	3.849987167561333e-6	1.1320631689340215e-8	1.0092877344831948e-9	3.9599975404726374e-5
108.0	2.2305767765529584e-8	1.6682104029112116e-9	3.8499866560211295e-6	1.132147465918917e-8	1.0087589245791342e-9	3.9599975507554494e-5
109.0	2.2180290932491935e-8	1.667487472095013e-9	3.849986901310141e-6	1.1317709594307068e-8	1.0091878785905427e-9	3.959997523175772e-5
110.0	2.2268470247740735e-8	1.6682179971108325e-9	3.849987040478927e-6	1.131980478202252e-8	1.0090439450350832e-9	3.959997523665416e-5
111.0	2.2324767671697274e-8	1.666183138646564e-9	3.849987142327249e-6	1.131680576889955e-8	1.0094658803184067e-9	3.959997511450607e-5
112.0	2.2284050016478757e-8	1.666606677474746e-9	3.8499876885253085e-6	1.1320843618700773e-8	1.0095827849972015e-9	3.9599974859041505e-5
113.0	2.2221428594365502e-8	1.666942275139716e-9	3.84998762421026e-6	1.1321463717193199e-8	1.009660079676616e-9	3.959997507895742e-5
114.0	2.2254886455987174e-8	1.6670186179474119e-9	3.849986730085407e-6	1.1323806234863213e-8	1.0098380659854964e-9	3.9599974612245785e-5
115.0	2.234746239940176e-8	1.6680104914053034e-9	3.849986936772656e-6	1.1325143051846579e-8	1.0095829465803974e-9	3.9599975088953617e-5
116.0	2.2278858812376933e-8	1.6683851127750743e-9	3.849987264698354e-6	1.1324763375686612e-8	1.0101421271967417e-9	3.9599974661729876e-5
117.0	2.2222856914452284e-8	1.668275932832047e-9	3.849987102399252e-6	1.1326007127420014e-8	1.0098773131201441e-9	3.95999752439868e-5
118.0	2.2259342161025414e-8	1.6685452218115694e-9	3.849986821124867e-6	1.1323286872554876e-8	1.0105856562758462e-9	3.959997494579191e-5
119.0	2.2320542674568355e-8	1.6689628912865306e-9	3.849986645364829e-6	1.1323471982142146e-8	1.010353948624145e-9	3.9599975351245216e-5
120.0	2.2303811827084307e-8	1.6680066272301406e-9	3.849987083083106e-6	1.1321271241966487e-8	1.0104774188507797e-9	3.959997511690261e-5
121.0	2.2259200974727838e-8	1.6695774222466627e-9	3.849987704770313e-6	1.1319516883249784e-8	1.010265374170621e-9	3.959997523040188e-5
122.0	2.2224214549648805e-8	1.6676747733630666e-9	3.849987596280375e-6	1.1319120136135948e-8	1.010024917548401e-9	3.9599975021455756e-5
123.0	2.230302834766905e-8	1.6697289695237474e-9	3.8499873275028105e-6	1.1318824296025664e-8	1.0101118868133405e-9	3.959997492451315e-5
124.0	2.228008983670981e-8	1.6693781552270762e-9	3.849986202279542e-6	1.1319316075336778e-8	1.0098830547250831e-9	3.9599974939811714e-5
125.0	2.2313760479030742e-8	1.6715698362429165e-9	3.849985942808731e-6	1.1321084889573362e-8	1.010214179283146e-9	3.959997458743956e-5
126.0	2.2264604917723234e-8	1.6713679743590192e-9	3.849987041933817e-6	1.1322448541159855e-8	1.0101123679109685e-9	3.9599974890056816e-5
127.0	2.2245830806616914e-8	1.670895270333122e-9	3.84998765098127e-6	1.132416999584377e-8	1.0102939689846026e-9	3.959997428263715e-5
128.0	2.228343930836826e-8	1.6720827237876518e-9	3.849987554431538e-6	1.1325468059254697e-8	1.0102104486360395e-9	3.9599974827356435e-5
129.0	2.2299914973428332e-8	1.6699238778285842e-9	3.849987331672571e-6	1.1325817339989395e-8	1.010047933928492e-9	3.959997430015787e-5
130.0	2.2277309600644983e-8	1.6693338856982719e-9	3.84998657827967e-6	1.1326624136183349e-8	1.0099724695126825e-9	3.95999748434148e-5
131.0	2.2271746882048308e-8	1.6697098219620793e-9	3.849986140503371e-6	1.1325398101395262e-8	1.0095376922267895e-9	3.9599974626345014e-5
132.0	2.225036081056436e-8	1.6700143815941096e-9	3.8499865650294165e-6	1.1323911976059485e-8	1.0095531064868613e-9	3.959997482353187e-5
133.0	2.230176381093575e-8	1.6699489982085904e-9	3.8499874699893e-6	1.1323917874412453e-8	1.0092753119667518e-9	3.9599974984488115e-5
134.0	2.226687339076596e-8	1.6723298374845188e-9	3.8499869555566165e-6	1.1319985160338907e-8	1.0092100875767912e-9	3.9599974764673375e-5
135.0	2.224485734837875e-8	1.6726718917857156e-9	3.849986745424908e-6	1.1321889703340481e-8	1.009284335885508e-9	3.959997521886027e-5
136.0	2.2301217286774954e-8	1.6727986409643753e-9	3.849986593498636e-6	1.1319165187052177e-8	1.0093798560905104e-9	3.959997469255754e-5
137.0	2.230377690585531e-8	1.6708944007350078e-9	3.849986853368715e-6	1.1322801717620677e-8	1.009414995094851e-9	3.959997508986354e-5
138.0	2.224964513373467e-8	1.6722692628830986e-9	3.849986913699141e-6	1.132203492285786e-8	1.009596810293634e-9	3.959997448308015e-5
139.0	2.221536898131065e-8	1.6693533918675623e-9	3.8499871829009575e-6	1.1325573090149038e-8	1.0095856466099635e-9	3.959997476041001e-5
140.0	2.2314648987836447e-8	1.6703216762199615e-9	3.849986387090907e-6	1.1324649490915288e-8	1.0098905056424412e-9	3.9599974666189816e-5
141.0	2.2357859777602784e-8	1.6716672120936633e-9	3.849986050007495e-6	1.1328639780290606e-8	1.0098885575667983e-9	3.959997480050957e-5
142.0	2.2265285141080768e-8	1.6704339158135302e-9	3.849987171801077e-6	1.1326282611687489e-8	1.0100517560193271e-9	3.9599974939781384e-5
143.0	2.221002795065216e-8	1.672984146513787e-9	3.8499865352821945e-6	1.1328815799425284e-8	1.0100482317236064e-9	3.9599975062506565e-5
144.0	2.229266902876749e-8	1.6726582484549746e-9	3.8499871800655325e-6	1.132615392079118e-8	1.0100837033346389e-9	3.959997517830619e-5
145.0	2.2369032251688962e-8	1.6728255234642233e-9	3.849987032469261e-6	1.1324627750516033e-8	1.0103206632593726e-9	3.959997534888503e-5
146.0	2.227787117466247e-8	1.6716265062583437e-9	3.849986520309219e-6	1.1323529807833569e-8	1.0104283067913365e-9	3.959997553210899e-5
147.0	2.2219213055542204e-8	1.6725538972643354e-9	3.84998580278376e-6	1.1319957900293834e-8	1.0107318919275652e-9	3.959997539436067e-5
148.0	2.2277514486182426e-8	1.6722994691978991e-9	3.849986943412968e-6	1.1320587102000194e-8	1.0107160377336158e-9	3.959997566147703e-5
149.0	2.2349422964126877e-8	1.6719394318749513e-9	3.849987332870185e-6	1.1317397728347264e-8	1.0106944453781926e-9	3.959997530755551e-5
150.0	2.2304395586923207e-8	1.6717590541469994e-9	3.849986975140397e-6	1.1319773936090473e-8	1.0106392217714315e-9	3.9599975491029145e-5
151.0	2.2242869513728302e-8	1.6727921685693323e-9	3.8499866227109795e-6	1.1318249918834098e-8	1.0103972165061708e-9	3.9599975040386306e-5
152.0	2.2287717326853163e-8	1.6725283110315895e-9	3.849986582808026e-6	1.1322164489075617e-8	1.0104888061648372e-9	3.95999752267942e-5
153.0	2.2331082932591206e-8	1.6728834977683089e-9	3.849986421405275e-6	1.132119518800241e-8	1.0102800102276192e-9	3.959997497286232e-5
154.0	2.2305014777478908e-8	1.673652804302282e-9	3.849987221556871e-6	1.1326863543956153e-8	1.0102980689989198e-9	3.959997497800405e-5
155.0	2.2261658605250504e-8	1.6736422850617364e-9	3.8499873608288305e-6	1.1324435093326356e-8	1.0100943252451142e-9	3.95999751937175e-5
156.0	2.2310463761472036e-8	1.6736653271332823e-9	3.849986967354405e-6	1.132955681772672e-8	1.009942740069462e-9	3.959997505267837e-5
157.0	2.2319146369577826e-8	1.6751607730656314e-9	3.8499863297623765e-6	1.1326924050988028e-8	1.0096608984054089e-9	3.95999754684145e-5
158.0	2.2282637219053628e-8	1.6733223741295e-9	3.849986545614563e-6	1.1327770909005134e-8	1.0094137535625191e-9	3.9599975246946735e-5
159.0	2.227352283679866e-8	1.673632812648028e-9	3.849986543031341e-6	1.1326007083696471e-8	1.0092310304049726e-9	3.959997562349612e-5
160.0	2.2321761891579283e-8	1.6740916819352248e-9	3.849987258120518e-6	1.132435065986749e-8	1.009040153390969e-9	3.95999753473832e-5
161.0	2.2321944158900772e-8	1.6741190233219807e-9	3.849987360454994e-6	1.1323336377835692e-8	1.008927667863669e-9	3.959997570409749e-5
162.0	2.2282450246474883e-8	1.6724578105979149e-9	3.849986408726629e-6	1.1321564951477763e-8	1.0088957579551471e-9	3.959997526240706e-5
163.0	2.2287365869933535e-8	1.674417026895621e-9	3.849986070418789e-6	1.1321417675536686e-8	1.0090100294328076e-9	3.959997546065437e-5
164.0	2.231495405165954e-8	1.6758688051980199e-9	3.849986455621567e-6	1.1321369988977188e-8	1.009071382743756e-9	3.959997497832366e-5
165.0	2.2321684706936393e-8	1.673611733402605e-9	3.849987219351782e-6	1.1322316229490736e-8	1.0094254154910418e-9	3.9599975120023334e-5
166.0	2.2297517500212842e-8	1.6759400627378309e-9	3.849986932490396e-6	1.1322338430022723e-8	1.0097696326995357e-9	3.959997471975533e-5
167.0	2.227734500931847e-8	1.6759064556636657e-9	3.84998733127166e-6	1.132543252060733e-8	1.0101022669977964e-9	3.959997505751943e-5
168.0	2.2307246009268544e-8	1.6748077393765639e-9	3.84998662234115e-6	1.1323545833403775e-8	1.0103425880205915e-9	3.959997480219577e-5
169.0	2.228745718221559e-8	1.6756684031183005e-9	3.849986146173439e-6	1.1326453527809833e-8	1.010319444038886e-9	3.95999749185875e-5
170.0	2.2320914288407046e-8	1.6759575346400614e-9	3.849986454008144e-6	1.132464696357449e-8	1.0105045285344184e-9	3.9599974734081465e-5
171.0	2.2296236564556217e-8	1.6752943949168716e-9	3.8499871761325865e-6	1.1324497431233447e-8	1.0102419119618586e-9	3.959997442876038e-5
172.0	2.2283303606326995e-8	1.6753211035617617e-9	3.849987519979859e-6	1.1323452528588418e-8	1.010789641091416e-9	3.9599974400923885e-5
173.0	2.22502485460874e-8	1.6761838816968438e-9	3.849986824156374e-6	1.132258872493982e-8	1.0108465507151297e-9	3.95999739457006e-5
174.0	2.233693871207666e-8	1.6752678135814585e-9	3.8499869060333216e-6	1.132157296389768e-8	1.011372957796897e-9	3.959997424801541e-5
175.0	2.2348083127249607e-8	1.6769319583122905e-9	3.849986342932833e-6	1.1321447513939563e-8	1.0115122095299657e-9	3.9599973940809544e-5
176.0	2.226796848890927e-8	1.6767785661343858e-9	3.84998619534875e-6	1.1320562609373431e-8	1.01135889813219e-9	3.959997430917284e-5
177.0	2.2242893563675166e-8	1.6774150004901898e-9	3.849986059750909e-6	1.1322561810063073e-8	1.0113418321175985e-9	3.959997416129522e-5
178.0	2.2291088704141923e-8	1.6764356270819786e-9	3.8499873611468634e-6	1.1322516138206728e-8	1.0106480693079512e-9	3.959997441731066e-5
179.0	2.2366970539782414e-8	1.6779609045940721e-9	3.849987518526243e-6	1.132429773739073e-8	1.0108672581840571e-9	3.9599974319865874e-5
180.0	2.228075261027293e-8	1.6770119613527673e-9	3.849986506159014e-6	1.1325421091138967e-8	1.0103757646853027e-9	3.959997464676029e-5
181.0	2.2235504262809083e-8	1.6758615750935979e-9	3.849986666086206e-6	1.1325846271356533e-8	1.0104390424883917e-9	3.959997440977233e-5
182.0	2.2274552977756133e-8	1.676625959964555e-9	3.849986421185475e-6	1.1326702916651482e-8	1.0102729645805906e-9	3.9599974509950435e-5
183.0	2.2315411833656765e-8	1.6737575471718805e-9	3.8499858525372725e-6	1.13272132285544e-8	1.009832582652938e-9	3.959997423408486e-5
184.0	2.2267183840313093e-8	1.6768464962582565e-9	3.849986831647686e-6	1.1325534733990429e-8	1.009917066800964e-9	3.959997437533034e-5
185.0	2.2250439301241823e-8	1.676954779398714e-9	3.849987405024408e-6	1.1326025326094871e-8	1.0093144773356579e-9	3.959997422800808e-5
186.0	2.2307327701735593e-8	1.676826205935413e-9	3.849987552330526e-6	1.1323282120507917e-8	1.0097434600463713e-9	3.9599974428414556e-5
187.0	2.230660326681686e-8	1.6779213170646665e-9	3.849986649228031e-6	1.1323227003196358e-8	1.0093470902526653e-9	3.9599974207684614e-5
188.0	2.224185823465571e-8	1.676678493144499e-9	3.849986793856907e-6	1.1321492992756167e-8	1.0097543648089919e-9	3.959997450118466e-5
189.0	2.222454925318085e-8	1.6770624258838284e-9	3.849985956221634e-6	1.1321536475808296e-8	1.0095476560677972e-9	3.959997419007962e-5
190.0	2.2358785489399004e-8	1.6768874310273715e-9	3.849986645610522e-6	1.132156296324368e-8	1.0095406624276426e-9	3.9599974718822655e-5
191.0	2.2367038941118763e-8	1.678179017222847e-9	3.849987497989344e-6	1.132240580987875e-8	1.009898000275115e-9	3.959997454607407e-5
192.0	2.2248134229328633e-8	1.6769449687736806e-9	3.849987089350854e-6	1.1323063880757814e-8	1.0097040853812372e-9	3.959997528339442e-5
193.0	2.2213400711225402e-8	1.6778314395226322e-9	3.849986756552294e-6	1.132484857501721e-8	1.010198784717203e-9	3.959997513740433e-5
194.0	2.232613109678988e-8	1.679126106226111e-9	3.849987100456683e-6	1.1326032124809872e-8	1.0099946456914583e-9	3.959997544051989e-5
195.0	2.239718886977763e-8	1.6780089364271885e-9	3.849986144306925e-6	1.132699577233527e-8	1.0104514710943547e-9	3.959997523527291e-5
196.0	2.2315306222305263e-8	1.6769074357965915e-9	3.849986114618688e-6	1.132839437150063e-8	1.0102308911299589e-9	3.9599975248144894e-5
197.0	2.2197074714128012e-8	1.6768913928405657e-9	3.8499869253429385e-6	1.1327154422482512e-8	1.0103054580243344e-9	3.959997525328316e-5
198.0	2.230276025005835e-8	1.6766816980356665e-9	3.849987322629431e-6	1.1327920448152367e-8	1.0104326061835661e-9	3.959997518682259e-5
199.0	2.234923969142288e-8	1.6761995127776073e-9	3.8499867561527186e-6	1.1324747305975618e-8	1.0101003254589847e-9	3.959997537064595e-5
200.0	2.2347768813395735e-8	1.678706477703686e-9	3.849986384080453e-6	1.132481969228596e-8	1.0106761175084335e-9	3.9599975124761914e-5
201.0	2.2248479258541632e-8	1.6787713569935331e-9	3.849986334090784e-6	1.1322776332305573e-8	1.0102645468757305e-9	3.959997559707881e-5
202.0	2.227419800982353e-8	1.6788744438477995e-9	3.8499867285725745e-6	1.132230764985603e-8	1.0110300381076646e-9	3.959997520227656e-5
203.0	2.232698939590673e-8	1.6783046852097895e-9	3.849986777454251e-6	1.1319682833292853e-8	1.0107018512786366e-9	3.9599975720342126e-5
204.0	2.2295739307627152e-8	1.6787238738740368e-9	3.849987339354301e-6	1.1319885676800953e-8	1.0108619686476768e-9	3.959997517373412e-5
205.0	2.2298744670220826e-8	1.6779692112198043e-9	3.849987171893405e-6	1.1317651074534107e-8	1.0106555450779872e-9	3.959997569229458e-5
206.0	2.2304537687876858e-8	1.677426649629918e-9	3.8499866089392665e-6	1.1319833447383949e-8	1.0102497959208174e-9	3.959997527740734e-5
207.0	2.230713908097007e-8	1.6795348654945106e-9	3.849986441244258e-6	1.1319391694633043e-8	1.0102399363424356e-9	3.95999755149575e-5
208.0	2.229426482740427e-8	1.6795310696728971e-9	3.84998641401205e-6	1.13228995828146e-8	1.0098409785330104e-9	3.9599975294939093e-5
209.0	2.2259618512495865e-8	1.6797434807300626e-9	3.849987212935802e-6	1.132487496546043e-8	1.0103479185064846e-9	3.959997531522998e-5
210.0	2.2294153557262192e-8	1.680281731113848e-9	3.849987166388845e-6	1.1326531579246612e-8	1.0102337301301707e-9	3.95999753555857e-5
211.0	2.2359554626536513e-8	1.6792393758373401e-9	3.849986995573727e-6	1.13287463567358e-8	1.0108075738927373e-9	3.959997515825801e-5
212.0	2.231284324479672e-8	1.677819224606912e-9	3.849986645067626e-6	1.1328394501427721e-8	1.0107320869263076e-9	3.959997524178187e-5
213.0	2.2278391942100234e-8	1.679383842040796e-9	3.849986729598552e-6	1.132879522539422e-8	1.010811226953274e-9	3.959997501201465e-5
214.0	2.225644405059122e-8	1.6784137256770622e-9	3.849986598750955e-6	1.132725406980457e-8	1.0104800823653684e-9	3.9599975119007694e-5
215.0	2.2348833592923086e-8	1.6798795339495136e-9	3.849986726670889e-6	1.1325625100446753e-8	1.0101255601252494e-9	3.95999751462305e-5
216.0	2.2389003820015273e-8	1.6804618534568122e-9	3.849987016972402e-6	1.1322339809832107e-8	1.0101019141999642e-9	3.959997508715647e-5
217.0	2.22814568859611e-8	1.6807721824424608e-9	3.8499864263768e-6	1.1320688623788642e-8	1.0095800163547414e-9	3.959997529710583e-5
218.0	2.2244172462033612e-8	1.678684627945577e-9	3.849986502774583e-6	1.1317347477341423e-8	1.0100551401892903e-9	3.9599975242471637e-5
219.0	2.230307811102745e-8	1.6809499009278053e-9	3.849986816433493e-6	1.1318430155856807e-8	1.0097331787605529e-9	3.959997546009483e-5
220.0	2.23937312940486e-8	1.6796395935356216e-9	3.849986704257809e-6	1.131710506993664e-8	1.0103077822461784e-9	3.959997529590173e-5
221.0	2.2347142409126268e-8	1.679537777390825e-9	3.8499867462234375e-6	1.1321580637118192e-8	1.009909128847351e-9	3.959997531682849e-5
222.0	2.219400204477497e-8	1.6811070021265923e-9	3.849987142459047e-6	1.1322985049699078e-8	1.010371362518192e-9	3.959997503493603e-5
223.0	2.2285594931226108e-8	1.6809951743387518e-9	3.849986435521463e-6	1.1326302212136308e-8	1.010151332648225e-9	3.959997511315982e-5
224.0	2.234547638953124e-8	1.680533088736021e-9	3.849986063425478e-6	1.1328359507596737e-8	1.0102430759497317e-9	3.959997493174395e-5
225.0	2.2347962877440203e-8	1.6810563400421467e-9	3.84998614718246e-6	1.1331153410212835e-8	1.0103425360912548e-9	3.959997512480457e-5
226.0	2.2241863636582795e-8	1.680485840847072e-9	3.849986935549051e-6	1.1332043047156919e-8	1.00995168118954e-9	3.959997507860912e-5
227.0	2.2222536891939346e-8	1.679616889672414e-9	3.849986773281951e-6	1.1333082119384939e-8	1.0101469388490767e-9	3.959997487878654e-5
228.0	2.2342233307317133e-8	1.6802548146431352e-9	3.8499870052320936e-6	1.1330920025292814e-8	1.0097648335704557e-9	3.959997490347001e-5
229.0	2.2303612302973072e-8	1.682003875829132e-9	3.849986956046418e-6	1.1329112491692244e-8	1.010286480489895e-9	3.959997457817317e-5
230.0	2.2257092434628416e-8	1.6842921950321057e-9	3.849986267131203e-6	1.132469535098714e-8	1.0102143021057215e-9	3.959997484916153e-5
231.0	2.224886787047646e-8	1.6814792744607672e-9	3.849985413167718e-6	1.1321603386376608e-8	1.010674510461084e-9	3.959997455441816e-5
232.0	2.2311498151488296e-8	1.6832380761825414e-9	3.849986203444267e-6	1.1319373699889989e-8	1.010670206566779e-9	3.959997489543042e-5
233.0	2.229742538911592e-8	1.6818994225696435e-9	3.849987583025312e-6	1.1317533882647977e-8	1.0105923596089494e-9	3.959997481577219e-5
234.0	2.2244581921092704e-8	1.680405432043903e-9	3.849986802381143e-6	1.1318271854710506e-8	1.0103836154252633e-9	3.959997487906699e-5
235.0	2.228268993546234e-8	1.6810814553187873e-9	3.849986191573175e-6	1.1318996512121813e-8	1.010008267296754e-9	3.9599975051730245e-5
236.0	2.2343953199850856e-8	1.6818228033511078e-9	3.849986375224383e-6	1.1321135139735238e-8	1.0102304434656473e-9	3.959997487376278e-5
237.0	2.2310209306468858e-8	1.6829281204251834e-9	3.849986189785337e-6	1.1323727712439652e-8	1.009998221688877e-9	3.9599975155985846e-5
238.0	2.224748492100246e-8	1.6831961704221924e-9	3.849986146503838e-6	1.1326840516727207e-8	1.010567662349314e-9	3.959997502693036e-5
239.0	2.22627402494268e-8	1.6838287755609174e-9	3.849986958320845e-6	1.1329467145048207e-8	1.0102289533296586e-9	3.959997519196683e-5
240.0	2.2369715353753394e-8	1.684698460185915e-9	3.849987006550142e-6	1.1332515649203978e-8	1.0104996618402855e-9	3.959997518835604e-5
241.0	2.234891990043837e-8	1.6830516742275124e-9	3.849986181571612e-6	1.133162260920167e-8	1.0099802721220926e-9	3.959997504396823e-5
242.0	2.2266511824024326e-8	1.6819604835539024e-9	3.849985722638738e-6	1.133169454298773e-8	1.009986575041897e-9	3.959997517704282e-5
243.0	2.2270645211111872e-8	1.6834479171792896e-9	3.849986294367093e-6	1.132776322581504e-8	1.0100090427137085e-9	3.959997491395909e-5
244.0	2.2305990484332647e-8	1.6839725827219119e-9	3.849986976109829e-6	1.1326654429015572e-8	1.0100575176108228e-9	3.959997522304924e-5
245.0	2.2385278751347782e-8	1.6857556751246783e-9	3.8499870700702236e-6	1.1323052202557957e-8	1.0107016763219183e-9	3.959997501541549e-5
246.0	2.2307593493480362e-8	1.6859483034348824e-9	3.849986396422157e-6	1.1323059045032276e-8	1.0104534484400067e-9	3.959997522396191e-5
247.0	2.2266841341149417e-8	1.6849052212251715e-9	3.849986284893393e-6	1.1320904371769977e-8	1.0108372827095212e-9	3.959997502694506e-5
248.0	2.229393443576335e-8	1.685718157251805e-9	3.84998619630344e-6	1.1322522837227321e-8	1.0103389104864676e-9	3.959997521482494e-5
249.0	2.2323069574569473e-8	1.6839475552401747e-9	3.8499862538391144e-6	1.1321465760558332e-8	1.010569111908569e-9	3.9599975294472026e-5
250.0	2.2354598522939237e-8	1.6839310219976687e-9	3.849986057600331e-6	1.1324422987730386e-8	1.0103391071740386e-9	3.9599975431582144e-5
251.0	2.231231529434963e-8	1.6852232123937649e-9	3.849987132354608e-6	1.1324535787023607e-8	1.0103003803560741e-9	3.95999757085618e-5
252.0	2.2282111905649453e-8	1.6848578253007244e-9	3.849986736572551e-6	1.1327386681566573e-8	1.0106009271335229e-9	3.959997566182793e-5
253.0	2.2306436226420752e-8	1.6860467011549567e-9	3.8499864211260675e-6	1.1328270082216901e-8	1.0101617136947802e-9	3.959997591084312e-5
254.0	2.2305439820891417e-8	1.6868030932201237e-9	3.849986574889437e-6	1.1328455404986442e-8	1.0106566412852772e-9	3.9599975652649435e-5
255.0	2.2326667030377856e-8	1.6852963117583017e-9	3.849986706241624e-6	1.1328223334815404e-8	1.0102072150798553e-9	3.959997595477702e-5
256.0	2.2329248460174737e-8	1.685617606890043e-9	3.849985760597437e-6	1.1324699661381582e-8	1.0104950928806228e-9	3.9599975795806914e-5
257.0	2.2288128073346196e-8	1.684689233173238e-9	3.849985865416334e-6	1.1323840685290388e-8	1.0102669897467596e-9	3.959997602651012e-5
258.0	2.231321034345056e-8	1.6849777687902369e-9	3.849986517333315e-6	1.1320362605780639e-8	1.010148754192858e-9	3.959997570769245e-5
259.0	2.2289535176909492e-8	1.6848102262260984e-9	3.849986427708622e-6	1.132191506814263e-8	1.010099232230059e-9	3.959997589340015e-5
260.0	2.2334616709406608e-8	1.6863736091745325e-9	3.849986969559665e-6	1.1320020974698886e-8	1.0097229324339218e-9	3.959997544045101e-5
261.0	2.232038726670604e-8	1.687255728868571e-9	3.849986935656644e-6	1.132407307370977e-8	1.0098568435733663e-9	3.9599975671334026e-5
262.0	2.232447808119013e-8	1.6855508776071959e-9	3.84998616243745e-6	1.1322875356915535e-8	1.0095487601822793e-9	3.959997529621863e-5
263.0	2.2274344552227777e-8	1.6881407539019602e-9	3.84998577284436e-6	1.1329029888503923e-8	1.00983979034418e-9	3.959997540569244e-5
264.0	2.2304016189224518e-8	1.68588869023368e-9	3.849986067220288e-6	1.1328316243900906e-8	1.00979138693445e-9	3.959997528004344e-5
265.0	2.235221197467193e-8	1.6841855707640453e-9	3.8499863241405324e-6	1.1333783229757614e-8	1.009898898240357e-9	3.959997525324549e-5
266.0	2.2346181398801255e-8	1.686849365384541e-9	3.849986728549736e-6	1.1332618681490221e-8	1.0100478420715815e-9	3.959997523541872e-5
267.0	2.2311917507182482e-8	1.6851919495652236e-9	3.849987419698346e-6	1.1334452963794951e-8	1.0099446474912428e-9	3.9599975129387744e-5
268.0	2.2262959728084298e-8	1.6857778083674123e-9	3.849986377136256e-6	1.1331421270488665e-8	1.0100933041328373e-9	3.959997514060377e-5
269.0	2.2328640924120124e-8	1.6875511209862578e-9	3.849986407433461e-6	1.1329677561492457e-8	1.0101097003701168e-9	3.959997511675316e-5
270.0	2.2365199678371187e-8	1.6883019153408724e-9	3.849986205060547e-6	1.1325821905642645e-8	1.0101719113848898e-9	3.959997508260956e-5
271.0	2.233348842760327e-8	1.6874326840391562e-9	3.849986577052798e-6	1.1322013673446271e-8	1.0104245593265703e-9	3.959997498169622e-5
272.0	2.2277137116257173e-8	1.6877762458005089e-9	3.849986446266875e-6	1.1320849727706156e-8	1.010428551094642e-9	3.959997478545103e-5
273.0	2.2310312776000803e-8	1.6883799367089532e-9	3.849986901030827e-6	1.1317157621174572e-8	1.010786961907592e-9	3.959997453236942e-5
274.0	2.234241752907438e-8	1.6869913493661937e-9	3.849986603963037e-6	1.132004713935057e-8	1.010783150488298e-9	3.95999743030746e-5
275.0	2.2346276187775937e-8	1.6861504338613919e-9	3.849985781422554e-6	1.1318217628096163e-8	1.0110374657027042e-9	3.9599973982266e-5
276.0	2.2311489485240576e-8	1.6880530942060555e-9	3.8499858217626495e-6	1.1324329237357128e-8	1.0110538737623229e-9	3.9599974063574955e-5
277.0	2.229779316016411e-8	1.6883223687374585e-9	3.8499864570750944e-6	1.1323857235344852e-8	1.0110210355334883e-9	3.9599973763082604e-5
278.0	2.2360472002906585e-8	1.687096092833846e-9	3.849986440436374e-6	1.1330654595902941e-8	1.0112355787744338e-9	3.959997408084057e-5
279.0	2.231314575495903e-8	1.68960302186353e-9	3.849986327226299e-6	1.1330326570795971e-8	1.011040192537215e-9	3.9599974046483693e-5
280.0	2.2331393899841044e-8	1.6881161978928116e-9	3.849986944059136e-6	1.1334544020657026e-8	1.011277571800553e-9	3.9599974442465233e-5
281.0	2.2312506316527736e-8	1.6875612192839796e-9	3.84998598572173e-6	1.1331857071778435e-8	1.011048302819222e-9	3.959997460024719e-5
282.0	2.233245634509351e-8	1.6874192056901627e-9	3.849985697497007e-6	1.1333105810833621e-8	1.0111143130897934e-9	3.959997487745848e-5
283.0	2.2340480250571795e-8	1.6866271593615e-9	3.849985863522243e-6	1.132828548046045e-8	1.0109354823941326e-9	3.9599974844396516e-5
284.0	2.23015502685776e-8	1.6872698468336439e-9	3.849986567697077e-6	1.1327160938729287e-8	1.0107673154957204e-9	3.959997492404531e-5
285.0	2.2326921111580332e-8	1.6889474979615727e-9	3.84998701605357e-6	1.1323937327794194e-8	1.0107961511079692e-9	3.9599974626511195e-5
286.0	2.2344040709430576e-8	1.6895306176435005e-9	3.849987009096438e-6	1.1321356768634422e-8	1.0105696980730646e-9	3.959997471069093e-5
287.0	2.2334369257012866e-8	1.6893271541350164e-9	3.849986763672834e-6	1.132233993415588e-8	1.0107009167408885e-9	3.959997439822896e-5
288.0	2.2342276042426866e-8	1.6903908415039376e-9	3.849986495359905e-6	1.1320592133368113e-8	1.0103758954472934e-9	3.9599974576061005e-5
289.0	2.2305010243827305e-8	1.6887545959926452e-9	3.849986136371661e-6	1.1325109429481717e-8	1.0104881186516654e-9	3.959997463896832e-5
290.0	2.233724653846138e-8	1.689151021643884e-9	3.8499861952199545e-6	1.1324574417244044e-8	1.0100833735368343e-9	3.9599974888476835e-5
291.0	2.2348777258900718e-8	1.6879913591137336e-9	3.849986565891717e-6	1.132992749545764e-8	1.0101012080268821e-9	3.9599975204087756e-5
292.0	2.2338699990329576e-8	1.6875895766266263e-9	3.849987100712246e-6	1.1330321958289275e-8	1.0098557371535389e-9	3.959997547484307e-5
293.0	2.2321240945246168e-8	1.688726303970898e-9	3.8499869405847425e-6	1.1333591335943283e-8	1.0097136390386686e-9	3.959997568310409e-5
294.0	2.2325484647293034e-8	1.6899149714923383e-9	3.8499865255237126e-6	1.1331284233524992e-8	1.0096817128742092e-9	3.9599975781429505e-5
295.0	2.2351907647485575e-8	1.69096818390786e-9	3.849986259801875e-6	1.1332351107896299e-8	1.0095479280236426e-9	3.959997564967068e-5
296.0	2.2363414865976666e-8	1.6915892274295822e-9	3.8499868439140995e-6	1.1327281125554549e-8	1.009855850020109e-9	3.95999757088682e-5
297.0	2.2289888195263584e-8	1.6911311858870006e-9	3.849986210891016e-6	1.1327886884257113e-8	1.0097729512431489e-9	3.9599975550338995e-5
298.0	2.2333202309490652e-8	1.690827106442319e-9	3.849986373208037e-6	1.1323962227879738e-8	1.0099886210397243e-9	3.959997563858541e-5
299.0	2.2355220132309976e-8	1.6898021771157081e-9	3.849986939413915e-6	1.13239853467324e-8	1.0101416741476891e-9	3.959997567523577e-5
300.0	2.2393316231563348e-8	1.6897966654961184e-9	3.849986810308123e-6	1.1323382222676676e-8	1.0100673490895841e-9	3.959997549938973e-5
301.0	2.2319857868904057e-8	1.6880505754508113e-9	3.849987343224976e-6	1.1322936841423155e-8	1.0103110663430428e-9	3.95999755781083e-5
302.0	2.2292095502043134e-8	1.6885658518163948e-9	3.849986250902209e-6	1.1325385169883943e-8	1.0101232008693679e-9	3.959997529281235e-5
303.0	2.2362825422621802e-8	1.691305335666932e-9	3.8499860314868816e-6	1.1326019599114107e-8	1.0105618632412358e-9	3.959997553028853e-5
304.0	2.237982733079877e-8	1.690441052449752e-9	3.849986774599767e-6	1.1329369669028583e-8	1.0105654075789972e-9	3.959997529573387e-5
305.0	2.2357454116290667e-8	1.6920548613954391e-9	3.849986732587402e-6	1.1331113707122679e-8	1.0108799296249371e-9	3.959997574495083e-5
306.0	2.2295415514834112e-8	1.6923330441181013e-9	3.849986689206378e-6	1.1332703911602185e-8	1.0109454697024054e-9	3.959997561904772e-5
307.0	2.232086037715493e-8	1.6916141942926564e-9	3.849987392390284e-6	1.1331637882271394e-8	1.0109094611750455e-9	3.959997590969341e-5
308.0	2.2356487657261553e-8	1.6910565837018109e-9	3.84998730027822e-6	1.1331849797727695e-8	1.0110835032218373e-9	3.9599975798280894e-5
309.0	2.2343451964291664e-8	1.6916334479467222e-9	3.849985183939373e-6	1.1327541372129005e-8	1.0108677483987522e-9	3.9599975907738455e-5
310.0	2.2338095865215236e-8	1.6910514671103057e-9	3.849986237206634e-6	1.1327729387066411e-8	1.0109535473948147e-9	3.9599975866832083e-5
311.0	2.2357982832658426e-8	1.6918487497887777e-9	3.849987630499431e-6	1.132320907202624e-8	1.0108611189905218e-9	3.959997589551204e-5
312.0	2.2329199787003936e-8	1.6929573651311456e-9	3.849986603459095e-6	1.1323845354563933e-8	1.010563185321663e-9	3.95999757191957e-5
313.0	2.2327101646107975e-8	1.6918024507555131e-9	3.849986832997592e-6	1.1321926667453017e-8	1.0106393864810263e-9	3.959997564391307e-5
314.0	2.231868087364296e-8	1.6941609171233304e-9	3.849987072769501e-6	1.1323077692962142e-8	1.010131362727707e-9	3.959997543491922e-5
315.0	2.240462511751503e-8	1.6926758560889552e-9	3.849986552873696e-6	1.1323742871847914e-8	1.0104031542682424e-9	3.9599975330901395e-5
316.0	2.238715507788835e-8	1.6933350191304086e-9	3.849986178844546e-6	1.1327171201089118e-8	1.010077580956183e-9	3.95999752570424e-5
317.0	2.2303759834267064e-8	1.693215681336552e-9	3.849987399927111e-6	1.1327806812256231e-8	1.0102890865546132e-9	3.959997502540419e-5
318.0	2.2325904180301617e-8	1.6938465768575811e-9	3.849986742257849e-6	1.1332320462488347e-8	1.0101927016363728e-9	3.9599975287377366e-5
319.0	2.234946806745847e-8	1.6936007147345735e-9	3.849986636172073e-6	1.1331714464434758e-8	1.0099664027702881e-9	3.9599974814276214e-5
320.0	2.242378731842093e-8	1.6935753174442045e-9	3.849986903464675e-6	1.1333972027273419e-8	1.0100824914472888e-9	3.959997530863064e-5
321.0	2.2347068744664278e-8	1.6956288643690064e-9	3.849987226279589e-6	1.133307822058993e-8	1.0097538142426492e-9	3.9599974713937314e-5
322.0	2.2316315807448504e-8	1.6949235153585365e-9	3.849986664549403e-6	1.1331284753219597e-8	1.0099865293471946e-9	3.9599975267880714e-5
323.0	2.232562205052486e-8	1.6952384227308007e-9	3.849987245046529e-6	1.1330868189290964e-8	1.0100251226914257e-9	3.9599974888209254e-5
324.0	2.234552095581646e-8	1.6943098546376045e-9	3.8499865674101e-6	1.1327366063811022e-8	1.0102858785618486e-9	3.959997525193625e-5
325.0	2.2358854867712246e-8	1.6938353223286415e-9	3.849986407638748e-6	1.1326706231682065e-8	1.0105428960185535e-9	3.959997526644324e-5
326.0	2.2382564404598075e-8	1.694896264821498e-9	3.849986805892925e-6	1.132413180739124e-8	1.0106063644614855e-9	3.959997535965408e-5
327.0	2.2341928711694085e-8	1.6933896239998793e-9	3.849987301196294e-6	1.1323851488073879e-8	1.0108401956648722e-9	3.9599975446250864e-5
328.0	2.2312721732201663e-8	1.6954507096939833e-9	3.849986819657947e-6	1.13225964785723e-8	1.01063577897046e-9	3.959997528068525e-5
329.0	2.232946669851801e-8	1.6949401738335386e-9	3.84998657317644e-6	1.1324753278511315e-8	1.0106672431107487e-9	3.959997526429628e-5
330.0	2.236771595398056e-8	1.6963426251357471e-9	3.849986516905215e-6	1.1323494316920838e-8	1.0104055863172776e-9	3.959997503284103e-5
331.0	2.2413779181087512e-8	1.6956787339604304e-9	3.849986540123057e-6	1.1329725751755554e-8	1.0105355740908627e-9	3.959997496744316e-5
332.0	2.231850465646003e-8	1.695087981591609e-9	3.849986684306916e-6	1.1327925499757381e-8	1.0104923211626078e-9	3.959997471868008e-5
333.0	2.2310409693062277e-8	1.6948969933126586e-9	3.849986905460679e-6	1.1333565974596919e-8	1.0105837673428284e-9	3.9599974695155606e-5
334.0	2.2346545074121807e-8	1.6942021657827685e-9	3.8499867918782804e-6	1.1331843176341102e-8	1.0107869312490747e-9	3.959997440439213e-5
335.0	2.237476356139052e-8	1.6946322472834957e-9	3.849986747139181e-6	1.1334414852433277e-8	1.0107120037372483e-9	3.959997440196507e-5
336.0	2.2354579061273257e-8	1.6954699148633008e-9	3.849987292832014e-6	1.1332529951502482e-8	1.0107763063058093e-9	3.959997426496654e-5
337.0	2.2321870019034575e-8	1.6961597747918793e-9	3.849986597230824e-6	1.1332317265778188e-8	1.0105071962525689e-9	3.959997440953579e-5
338.0	2.236212076805481e-8	1.6946494090305662e-9	3.8499866616859825e-6	1.1329781212307782e-8	1.0105125793748975e-9	3.959997459132206e-5
339.0	2.234145546800344e-8	1.6973541391154823e-9	3.8499861749542415e-6	1.1328233785888511e-8	1.010415954485717e-9	3.9599974885014985e-5
340.0	2.234295666718298e-8	1.6961619961803788e-9	3.849987258575998e-6	1.1325794333193956e-8	1.0103458873163935e-9	3.959997529926656e-5
341.0	2.2348614680863175e-8	1.6970295188785646e-9	3.849986721815258e-6	1.1324100285880639e-8	1.010578930107329e-9	3.959997543964101e-5
342.0	2.2386578263604622e-8	1.6968810166259229e-9	3.849987451056844e-6	1.1323872902483982e-8	1.0104453810184091e-9	3.959997564677335e-5
343.0	2.236886557641508e-8	1.6962038381809706e-9	3.849987717067829e-6	1.1322504891384033e-8	1.0108315045268195e-9	3.9599975573036144e-5
344.0	2.2325665025205252e-8	1.6965394513758988e-9	3.8499865543905336e-6	1.1325606344065012e-8	1.0105505113494862e-9	3.9599975600921966e-5
345.0	2.2355959811779438e-8	1.696943645203307e-9	3.8499856216106885e-6	1.1324802879518037e-8	1.0108718774650712e-9	3.9599975514906055e-5
346.0	2.2396873245173168e-8	1.696839208416179e-9	3.849986911061167e-6	1.132969589480164e-8	1.010687227407329e-9	3.9599975428619744e-5
347.0	2.236938746815877e-8	1.69551004246421e-9	3.84998747104272e-6	1.1328667219132744e-8	1.0106287037567616e-9	3.95999754650538e-5
348.0	2.235590627518573e-8	1.6966447233538348e-9	3.8499865149406136e-6	1.1333156643609541e-8	1.010549539809014e-9	3.9599975253856064e-5
349.0	2.2343433548656217e-8	1.6979274548204649e-9	3.849987474250036e-6	1.1331453227755244e-8	1.0102465191607298e-9	3.959997542799229e-5
350.0	2.2415687153474012e-8	1.696816512763664e-9	3.849987101822352e-6	1.1334506537358617e-8	1.010511009142736e-9	3.95999751221942e-5
351.0	2.2372547952440062e-8	1.6976397829830753e-9	3.849986006190988e-6	1.1330862743130732e-8	1.0103844362159247e-9	3.959997544879137e-5
352.0	2.2322278392749493e-8	1.6988660387825619e-9	3.849985837310944e-6	1.1332192880762623e-8	1.0109421494250767e-9	3.9599975359136066e-5
353.0	2.236993297330008e-8	1.696362364058504e-9	3.849987670314025e-6	1.1327904772792805e-8	1.0108901229155421e-9	3.959997565526138e-5
354.0	2.2389527769463637e-8	1.69881709914386e-9	3.849986997277117e-6	1.1328058597567926e-8	1.0109080702070248e-9	3.9599975498638794e-5
355.0	2.2406045463956874e-8	1.6983562904344395e-9	3.84998666771545e-6	1.1324516989624646e-8	1.0107703879519915e-9	3.959997558702458e-5
356.0	2.234266609171753e-8	1.6976706658806803e-9	3.849987407343543e-6	1.132452437970035e-8	1.01020589790957e-9	3.959997552147099e-5
357.0	2.2334869337145244e-8	1.6987307212945845e-9	3.849986828409902e-6	1.1323975369699843e-8	1.0104386168728928e-9	3.9599975398154225e-5
358.0	2.239080270237393e-8	1.7003178283901492e-9	3.849985728118548e-6	1.1325515624328165e-8	1.0100387326528872e-9	3.959997546802692e-5
359.0	2.2367674285773588e-8	1.6984909900961244e-9	3.849986753289112e-6	1.1327321000492905e-8	1.0106867570117312e-9	3.959997519143159e-5
360.0	2.2382863197000016e-8	1.6990514727262266e-9	3.849987295786434e-6	1.1329415932257505e-8	1.0105232762978864e-9	3.9599975482715164e-5
361.0	2.2360832757976165e-8	1.6990865069085197e-9	3.849987119639232e-6	1.1331929743684316e-8	1.0110120253036556e-9	3.959997499950931e-5
362.0	2.235976376775793e-8	1.6966207304459556e-9	3.849986961227859e-6	1.1332466372025094e-8	1.0108586216717455e-9	3.95999754235256e-5
363.0	2.2367665239062524e-8	1.697430404355235e-9	3.849987120692099e-6	1.1334108108225054e-8	1.0108826728024571e-9	3.959997476740523e-5
364.0	2.2343142665137796e-8	1.6978271275180693e-9	3.8499866042201994e-6	1.1331190886248118e-8	1.0109659806625654e-9	3.959997526496838e-5
365.0	2.2401664313790502e-8	1.699164092242915e-9	3.849986301140459e-6	1.1331729150005296e-8	1.010539633045713e-9	3.95999748285e-5
366.0	2.2390828428951656e-8	1.7000895757145959e-9	3.8499870956926365e-6	1.132697822262253e-8	1.0108356624685562e-9	3.9599975125814735e-5
367.0	2.235293260469115e-8	1.7007675761947304e-9	3.84998703815662e-6	1.1326814511704925e-8	1.0103612488073584e-9	3.9599974940492336e-5
368.0	2.2352635926827555e-8	1.7003029357621857e-9	3.849987079088987e-6	1.1322721906316934e-8	1.0107686447882865e-9	3.959997510997105e-5
369.0	2.2368696203421413e-8	1.70052119922252e-9	3.849986934366173e-6	1.1323630021684545e-8	1.0105900578847745e-9	3.9599975108181264e-5
370.0	2.2407409134840056e-8	1.6988050334267957e-9	3.8499870771799e-6	1.1322425945465738e-8	1.010770140248567e-9	3.95999750086577e-5
371.0	2.2412033960070384e-8	1.6995805000726732e-9	3.849986776389266e-6	1.1324855998799853e-8	1.0109103026722335e-9	3.95999750255593e-5
372.0	2.2354572155881667e-8	1.698509039149251e-9	3.849986792097086e-6	1.1325985393253102e-8	1.0107924271516847e-9	3.959997477341187e-5
373.0	2.2370901530535917e-8	1.6995784195899397e-9	3.8499868298507006e-6	1.1329474070371104e-8	1.0108692469415578e-9	3.959997485043979e-5
374.0	2.2358074568332725e-8	1.6998906825227602e-9	3.8499868749484635e-6	1.1331047245326959e-8	1.010554297244774e-9	3.959997454707791e-5
375.0	2.24037803694149e-8	1.700379283847823e-9	3.8499874342501825e-6	1.1333573275732665e-8	1.0105928036083603e-9	3.959997478271969e-5
376.0	2.23964465741023e-8	1.7022618893351677e-9	3.849986942003232e-6	1.133438887073635e-8	1.0102726227576247e-9	3.95999744926636e-5
377.0	2.238426414044956e-8	1.6994936700278705e-9	3.849987108283176e-6	1.1333921958502527e-8	1.0106092039900778e-9	3.959997467540473e-5
378.0	2.236261623432944e-8	1.701073263040662e-9	3.849986639708731e-6	1.1333889601326866e-8	1.0102772555116917e-9	3.959997440820071e-5
379.0	2.2362725490226583e-8	1.7007387721427816e-9	3.8499865815316156e-6	1.1330416812598373e-8	1.0106325618479009e-9	3.959997469276658e-5
380.0	2.2399492663475024e-8	1.6995713734384784e-9	3.849986792613378e-6	1.1329698130176822e-8	1.0104994026941564e-9	3.9599974534222036e-5
381.0	2.241093912724693e-8	1.7009060558865622e-9	3.849987444532032e-6	1.1325363772260555e-8	1.0104514289985338e-9	3.959997476334783e-5
382.0	2.2376480777690842e-8	1.701219672473637e-9	3.849987370088128e-6	1.1325308684968652e-8	1.0105016315691079e-9	3.959997463299482e-5
383.0	2.2357659391165223e-8	1.7020692851457373e-9	3.8499867334836935e-6	1.1323106701866246e-8	1.0104471750819112e-9	3.9599974805225043e-5
384.0	2.236608444741243e-8	1.7013194853711979e-9	3.849986586793388e-6	1.1324002564502237e-8	1.0105840124316193e-9	3.959997470721231e-5
385.0	2.2413583024814612e-8	1.7023131977624362e-9	3.849986737666136e-6	1.1324198252359568e-8	1.0106775701363826e-9	3.9599974877814974e-5
386.0	2.2388298055794025e-8	1.7011707656285938e-9	3.84998649954676e-6	1.1326762262123572e-8	1.011002674266105e-9	3.959997467004954e-5
387.0	2.2371410284018582e-8	1.7006719363447549e-9	3.849986925835574e-6	1.1327670457693478e-8	1.011052888230662e-9	3.959997502104053e-5
388.0	2.2383031669540048e-8	1.701142898112679e-9	3.849987307492645e-6	1.1329595855545213e-8	1.011346665712657e-9	3.959997472237307e-5
389.0	2.2386940686763863e-8	1.7007987302388985e-9	3.849986814571383e-6	1.133069598544342e-8	1.0112201724335266e-9	3.9599975094557234e-5
390.0	2.2403376197099683e-8	1.7025902563887227e-9	3.8499867591910715e-6	1.1330476736287246e-8	1.0113478401130902e-9	3.9599975026377025e-5
391.0	2.2362523404005903e-8	1.7031133737620884e-9	3.8499871484450565e-6	1.1331039745518727e-8	1.011053043032897e-9	3.959997504879748e-5
392.0	2.237720753625116e-8	1.7034462713176634e-9	3.849987352524913e-6	1.1328422818952749e-8	1.0110768588724724e-9	3.9599975146019913e-5
393.0	2.240472284921789e-8	1.7026635596865777e-9	3.849986974364216e-6	1.132814698174361e-8	1.0110106471314545e-9	3.959997507589729e-5
394.0	2.2395192686200202e-8	1.7019222130640697e-9	3.849986627795906e-6	1.1326083511663583e-8	1.0109745370345257e-9	3.9599975244604384e-5
395.0	2.2368096524364848e-8	1.702937668928593e-9	3.849987180510171e-6	1.1326497076843593e-8	1.0112435998587105e-9	3.9599975162165656e-5
396.0	2.238483247916095e-8	1.702807790522823e-9	3.84998690688999e-6	1.132655450193378e-8	1.010954902865501e-9	3.959997518622365e-5
397.0	2.239227501944759e-8	1.7023203774265433e-9	3.849986734771791e-6	1.1327267251643884e-8	1.0115315501965147e-9	3.9599975239223584e-5
398.0	2.2417147941558994e-8	1.7040492786768403e-9	3.8499870868547735e-6	1.132764755553262e-8	1.0111303351828877e-9	3.9599975099566634e-5
399.0	2.236978014501262e-8	1.703425080787744e-9	3.849987580014592e-6	1.1329211624043829e-8	1.0113850528557172e-9	3.959997515929811e-5
400.0	2.2384954047712334e-8	1.704097767650419e-9	3.849987191590169e-6	1.1329754009321434e-8	1.0111464650493695e-9	3.959997518146313e-5
401.0	2.2403458742037525e-8	1.703565658522506e-9	3.849986592596661e-6	1.1330228901579496e-8	1.0109848405663774e-9	3.9599974989134063e-5
402.0	2.2401879052150706e-8	1.7039203847196677e-9	3.849986658474367e-6	1.133102949507224e-8	1.0109550191486394e-9	3.959997540315276e-5
403.0	2.238626801452505e-8	1.7036721290486124e-9	3.8499864793430485e-6	1.1328925766435644e-8	1.0104426958264901e-9	3.9599975010600826e-5
404.0	2.238288018207098e-8	1.704003199386073e-9	3.849986209262497e-6	1.1329406161185333e-8	1.0109467242419248e-9	3.9599975524582336e-5
405.0	2.2406398716337686e-8	1.7055817480907166e-9	3.849986534702289e-6	1.1325215272153006e-8	1.0106330016216491e-9	3.9599975225623365e-5
406.0	2.240310979475638e-8	1.705128672640172e-9	3.849987392386557e-6	1.132567637343246e-8	1.0111362042939032e-9	3.9599975618830784e-5
407.0	2.239958480956963e-8	1.705259084997141e-9	3.849987517874192e-6	1.1323532038354165e-8	1.011122024125934e-9	3.959997536035747e-5
408.0	2.238129502859722e-8	1.7056147330807304e-9	3.849986720156615e-6	1.1324722049687786e-8	1.011240013298934e-9	3.959997540813645e-5
409.0	2.2399899132839307e-8	1.7047493875564908e-9	3.849986320381059e-6	1.1325777520272111e-8	1.011230308771653e-9	3.959997527394083e-5
410.0	2.2425325282740734e-8	1.7056136303789144e-9	3.849986621877704e-6	1.1327773391284651e-8	1.0108899993163456e-9	3.959997523763783e-5
411.0	2.2410321158778238e-8	1.7050936861006082e-9	3.849986372184045e-6	1.1329582816597262e-8	1.010922227657186e-9	3.959997515212065e-5
412.0	2.2367462175273966e-8	1.7063029478254e-9	3.849986396821079e-6	1.133167589587094e-8	1.0104549233652432e-9	3.959997520854201e-5
413.0	2.2389539735894673e-8	1.7064847694368503e-9	3.8499869813661635e-6	1.1332818502145188e-8	1.0107143666512688e-9	3.9599975214674793e-5
414.0	2.2419328220514836e-8	1.7066497305582188e-9	3.849987354063941e-6	1.1333990181786589e-8	1.0105162592457439e-9	3.959997519906477e-5
415.0	2.2440635815011808e-8	1.7075469370387953e-9	3.849986806963482e-6	1.1334269015222657e-8	1.0107609402877922e-9	3.9599975425833e-5
416.0	2.239506855442077e-8	1.7071746646816207e-9	3.849986679729523e-6	1.1332034474466203e-8	1.0108138927048522e-9	3.959997508268019e-5
417.0	2.2348703069580096e-8	1.7057826837863388e-9	3.849986837147025e-6	1.1331171675357935e-8	1.010916712988057e-9	3.959997538715326e-5
418.0	2.2415351164913776e-8	1.7070973578357695e-9	3.849986893951283e-6	1.1325629669527754e-8	1.0109250327689455e-9	3.9599974771127664e-5
419.0	2.2436716272194875e-8	1.7069413940310076e-9	3.849986263480473e-6	1.1324349269501507e-8	1.0108460017132516e-9	3.9599975176496044e-5
420.0	2.2413056135673722e-8	1.7065494416004421e-9	3.8499865937623936e-6	1.1320076095285783e-8	1.011004745736622e-9	3.959997449080553e-5
421.0	2.2372875580447132e-8	1.7082503496570061e-9	3.849986878105927e-6	1.1319748452403529e-8	1.0108351450810085e-9	3.959997489799723e-5
422.0	2.235812584610992e-8	1.7078194842575542e-9	3.849987073659175e-6	1.131985937472255e-8	1.0111077402218133e-9	3.9599974458605135e-5
423.0	2.2428746342164793e-8	1.7088417048082669e-9	3.849986919977286e-6	1.1321989611401305e-8	1.0110470028775455e-9	3.9599974729869394e-5
424.0	2.2396494037450397e-8	1.7093243909333703e-9	3.849987100151586e-6	1.1325091513865256e-8	1.0114445463834383e-9	3.9599974760697084e-5
425.0	2.2386424781583412e-8	1.7098234850159424e-9	3.8499865449268504e-6	1.1328528503109117e-8	1.0113392853412901e-9	3.959997484664408e-5
426.0	2.2392291272356267e-8	1.7072502240959604e-9	3.849986415067164e-6	1.1331263736120326e-8	1.0114758783914885e-9	3.959997509829931e-5
427.0	2.2395031347880408e-8	1.7070103810184658e-9	3.849986108045932e-6	1.1333940167369454e-8	1.0113809104141263e-9	3.959997471150898e-5
428.0	2.2410384716133776e-8	1.7086704135376937e-9	3.8499869091057455e-6	1.1334492999922534e-8	1.0110743467251145e-9	3.9599975028203716e-5
429.0	2.236685188619933e-8	1.7080512870221335e-9	3.849987041904305e-6	1.1334208987058243e-8	1.011235486335394e-9	3.959997439107733e-5
430.0	2.242006937645405e-8	1.7079365033385482e-9	3.8499868881881195e-6	1.1333163875645788e-8	1.010895813667294e-9	3.959997468104669e-5
431.0	2.2425796383576534e-8	1.7113676601186634e-9	3.849986278716528e-6	1.133004035067669e-8	1.0114101847076519e-9	3.95999742207744e-5
432.0	2.239265848050342e-8	1.7089942700318215e-9	3.849986309713858e-6	1.1328143464746844e-8	1.011216770166097e-9	3.959997441973449e-5
433.0	2.235847245630833e-8	1.709905478835333e-9	3.849986382882299e-6	1.1325679511874292e-8	1.0114378349272664e-9	3.959997418825783e-5
434.0	2.239132546369022e-8	1.7092586545759647e-9	3.849986917438769e-6	1.1323735211501933e-8	1.0113255508920226e-9	3.9599974186250364e-5
435.0	2.245558769880884e-8	1.7087282375068499e-9	3.849986889673036e-6	1.1322961866443876e-8	1.0111494775793644e-9	3.959997431314429e-5
436.0	2.2437419741845493e-8	1.7078820049806798e-9	3.8499870351242784e-6	1.1322533862329343e-8	1.0114217717441916e-9	3.959997433789445e-5
437.0	2.2369245773291022e-8	1.7096905633723717e-9	3.849986557850242e-6	1.1323750672823773e-8	1.0109457490619298e-9	3.95999746970711e-5
438.0	2.2373298166348132e-8	1.7105643129019147e-9	3.849986230421838e-6	1.132529029443828e-8	1.0111982345204338e-9	3.959997473407494e-5
439.0	2.24021066058239e-8	1.7106347431741777e-9	3.84998665835393e-6	1.1326846012710388e-8	1.0107178048536375e-9	3.9599975159624266e-5
440.0	2.2453684584100344e-8	1.7133040736295442e-9	3.849987006657506e-6	1.1329041526114246e-8	1.0107619149606809e-9	3.959997511864471e-5
441.0	2.242110702207417e-8	1.7123783860127273e-9	3.849986949596452e-6	1.1329420468863933e-8	1.0106516484664883e-9	3.959997529184373e-5
442.0	2.237237951052747e-8	1.7116343248788585e-9	3.849986466113222e-6	1.1330794190365023e-8	1.0107513559207608e-9	3.9599975283832506e-5
443.0	2.237086565931336e-8	1.710399627839157e-9	3.849986791662727e-6	1.132976145443476e-8	1.0111785232324978e-9	3.9599975281628106e-5
444.0	2.2410852481871016e-8	1.7107756187337107e-9	3.849986058920639e-6	1.1330216126106213e-8	1.0110678702765514e-9	3.959997534655265e-5
445.0	2.2437329795707945e-8	1.7093565069366486e-9	3.849986921173336e-6	1.1328166897269595e-8	1.0114700277689348e-9	3.959997502282288e-5
446.0	2.241326145556792e-8	1.7107593927687238e-9	3.849986318394246e-6	1.132923081962218e-8	1.0110628193486238e-9	3.959997517481298e-5
447.0	2.238305348884843e-8	1.711245571345837e-9	3.849986214974685e-6	1.1326973768075766e-8	1.0112101208068065e-9	3.959997461772512e-5
448.0	2.237330481040961e-8	1.7127443859048485e-9	3.84998674136267e-6	1.132810606600522e-8	1.0108860886157068e-9	3.959997493397608e-5
449.0	2.2423414849123605e-8	1.713372286662128e-9	3.849986195858562e-6	1.1326806977249263e-8	1.0109100769381712e-9	3.959997449585141e-5
450.0	2.24072487294113e-8	1.7142368486654312e-9	3.849985923517393e-6	1.1328382559292158e-8	1.0111048097564082e-9	3.959997487078004e-5
451.0	2.2405544751510606e-8	1.712762831629788e-9	3.849987105340697e-6	1.1327765819945229e-8	1.0111244352734154e-9	3.9599974710951605e-5
452.0	2.2407027164845e-8	1.7110590329431968e-9	3.849986953652142e-6	1.1328980195322421e-8	1.011577093457121e-9	3.959997500553475e-5
453.0	2.240523088064303e-8	1.7114574254923106e-9	3.849986449735895e-6	1.1328053621044647e-8	1.0114743857981516e-9	3.9599975093617095e-5
454.0	2.240997320571113e-8	1.7112028099379515e-9	3.8499866364285375e-6	1.1328420118939366e-8	1.0118751775897713e-9	3.959997508663653e-5
455.0	2.239742646621929e-8	1.7117912987099863e-9	3.849986425124018e-6	1.1326870936694218e-8	1.0116501725932863e-9	3.95999754390136e-5
456.0	2.2419876401832415e-8	1.7130490407327427e-9	3.8499859923145664e-6	1.1326070443198895e-8	1.0117127384844076e-9	3.959997518536334e-5
457.0	2.243852290413268e-8	1.7143518425361175e-9	3.849986909023208e-6	1.1326100654681988e-8	1.0115386540892408e-9	3.959997548886639e-5
458.0	2.240432722301229e-8	1.7141087000408863e-9	3.849987769948936e-6	1.1323901283507872e-8	1.0113571667204712e-9	3.959997507291703e-5
459.0	2.2391195603471678e-8	1.713371169387579e-9	3.8499867508737534e-6	1.132666444336204e-8	1.0115217428501378e-9	3.959997534633929e-5
460.0	2.241528397358858e-8	1.71395627407816e-9	3.849986838828467e-6	1.1324825383273266e-8	1.0113765709484588e-9	3.959997508339102e-5
461.0	2.2438011354455686e-8	1.7136788928644144e-9	3.849986150023254e-6	1.1328418039336839e-8	1.011599744243718e-9	3.959997527234274e-5
462.0	2.2413275547054454e-8	1.7119846917329338e-9	3.849985654210256e-6	1.1327276596723225e-8	1.0113309149935948e-9	3.959997501665459e-5
463.0	2.240754024369263e-8	1.7137084710593449e-9	3.849986045059879e-6	1.1329791007217036e-8	1.0112736775413715e-9	3.959997489658507e-5
464.0	2.2399882183839883e-8	1.7146638425147803e-9	3.849987392909281e-6	1.1329041321101346e-8	1.0110829578736377e-9	3.959997467002585e-5
465.0	2.2450345575574925e-8	1.713722890015863e-9	3.8499871594441266e-6	1.1330498917929477e-8	1.010782101750574e-9	3.959997440296143e-5
466.0	2.2415971935031013e-8	1.713352794782077e-9	3.849986292857746e-6	1.132937760294295e-8	1.0109447672652315e-9	3.9599974322310845e-5
467.0	2.2395618591344116e-8	1.714296973962502e-9	3.849985976885436e-6	1.1331302502799308e-8	1.0109274171935063e-9	3.959997426409813e-5
468.0	2.2412742472640825e-8	1.7138008654550366e-9	3.849986164939472e-6	1.1328898452378265e-8	1.011088691849694e-9	3.959997429904881e-5
469.0	2.2418197925175342e-8	1.7128475147548236e-9	3.8499858678215975e-6	1.1330244389159672e-8	1.0111976607407825e-9	3.959997454477518e-5
470.0	2.2437806391743487e-8	1.714850663249146e-9	3.8499866705880845e-6	1.1327975052122299e-8	1.0112210680020988e-9	3.9599974495891864e-5
471.0	2.2399500390013424e-8	1.7164464314905284e-9	3.849986846638785e-6	1.1327515180004111e-8	1.011323947726507e-9	3.959997487715715e-5
472.0	2.239616542389252e-8	1.713898317062314e-9	3.849986738526607e-6	1.132803950008199e-8	1.0114770772553117e-9	3.959997478829003e-5
473.0	2.2423144908716644e-8	1.7161240701796736e-9	3.849985980958901e-6	1.1326036544245997e-8	1.0115340371198722e-9	3.9599974887934375e-5
474.0	2.242002379568614e-8	1.7154936464682254e-9	3.8499861756538534e-6	1.1328112688768704e-8	1.0117605779684969e-9	3.9599974908223e-5
475.0	2.2441000154113352e-8	1.714229248600792e-9	3.849986569207851e-6	1.1325539110956724e-8	1.0115789172968539e-9	3.959997445148441e-5
476.0	2.239686019411016e-8	1.7144204256766165e-9	3.849986877587522e-6	1.132693258808644e-8	1.0118976321006485e-9	3.959997476476372e-5
477.0	2.240524113052864e-8	1.7150159078906364e-9	3.849986396468199e-6	1.1325103615483998e-8	1.0117106026946715e-9	3.95999740177953e-5
478.0	2.2407705978609947e-8	1.7141455074656178e-9	3.849986506414612e-6	1.1326078486997818e-8	1.0119039400130094e-9	3.959997443863896e-5
479.0	2.2429307449472707e-8	1.7171828520160492e-9	3.849985947507713e-6	1.1325977664931454e-8	1.0119839928484614e-9	3.9599974239595706e-5
480.0	2.2437280423799953e-8	1.7177030588123586e-9	3.849985547845281e-6	1.1328163602365384e-8	1.011653823870014e-9	3.959997447902601e-5
481.0	2.239539490659524e-8	1.716901134640735e-9	3.8499862656631896e-6	1.1327262572659294e-8	1.0119564229446394e-9	3.959997471070171e-5
482.0	2.238304863280785e-8	1.7173540455461088e-9	3.849986682800573e-6	1.1329623280877135e-8	1.0112343399646177e-9	3.959997446034771e-5
483.0	2.242359133125867e-8	1.7166177722648284e-9	3.849986512581851e-6	1.132742644044996e-8	1.0116850502642577e-9	3.9599975055750155e-5
484.0	2.2427168246160364e-8	1.7156896285409275e-9	3.849986667865953e-6	1.132983960796786e-8	1.011181224414686e-9	3.959997458745236e-5
485.0	2.2428953222767392e-8	1.7149070579705415e-9	3.8499861242587555e-6	1.1328155254244258e-8	1.0111915691849058e-9	3.959997517318486e-5
486.0	2.2414363688184132e-8	1.7174796426864006e-9	3.849985363249322e-6	1.1329038558786767e-8	1.0111218042266393e-9	3.959997468350674e-5
487.0	2.2408878228050403e-8	1.716179597969864e-9	3.849986163823205e-6	1.1329382045227921e-8	1.010468492659227e-9	3.9599974831157926e-5
488.0	2.2419092142397617e-8	1.7174722009001044e-9	3.849986303723536e-6	1.1328317281312264e-8	1.0108705312731192e-9	3.9599974679946296e-5
489.0	2.2387916565940453e-8	1.7198716545682971e-9	3.849986604602558e-6	1.13284649944617e-8	1.0100437150440447e-9	3.959997446326465e-5
490.0	2.2433763251992403e-8	1.7182303117892453e-9	3.849986500192149e-6	1.1327201368489806e-8	1.0107087119210345e-9	3.9599974687706005e-5
491.0	2.2448606934603023e-8	1.7170568709294418e-9	3.849986731146569e-6	1.1327121994690915e-8	1.0105698677336153e-9	3.959997455040695e-5
492.0	2.2417211269639164e-8	1.7173117352834817e-9	3.849986152529589e-6	1.1327150526313288e-8	1.0108866031625122e-9	3.95999750458418e-5
493.0	2.237963800318292e-8	1.7152662317267287e-9	3.849986212523005e-6	1.1327541972486109e-8	1.0112458722727863e-9	3.959997510674584e-5
494.0	2.2407149675596147e-8	1.7162829003525647e-9	3.849986518449704e-6	1.1327410406386456e-8	1.0108986956764375e-9	3.959997542258113e-5
495.0	2.2455795104370586e-8	1.7169409053298288e-9	3.8499861598360536e-6	1.1328228497456165e-8	1.0114820100232195e-9	3.959997539932127e-5
496.0	2.244479994968722e-8	1.7187293919034244e-9	3.849986398574722e-6	1.1326248535895597e-8	1.0107879351757723e-9	3.959997563387244e-5
497.0	2.2383135196965104e-8	1.7184303411133794e-9	3.849986087180299e-6	1.132851445862095e-8	1.0114897449953692e-9	3.9599975438122403e-5
498.0	2.2402633174036506e-8	1.718127118582468e-9	3.849986237836695e-6	1.1325829932686696e-8	1.0111381882383277e-9	3.959997576135609e-5
499.0	2.243929852404015e-8	1.7197007532216848e-9	3.849986373952729e-6	1.132834094022247e-8	1.011490642962646e-9	3.959997525373381e-5
500.0	2.24438455088658e-8	1.7166290982245937e-9	3.8499861222933926e-6	1.1327330317991872e-8	1.01185854244863e-9	3.959997561233249e-5
501.0	2.2417350997059337e-8	1.7170246506097299e-9	3.849986092141788e-6	1.1328253444308029e-8	1.011519529492303e-9	3.959997495466363e-5
502.0	2.2402072917174615e-8	1.7167603950484333e-9	3.8499860782757e-6	1.1327735543025e-8	1.0124437570818537e-9	3.959997535975795e-5
503.0	2.244567258095204e-8	1.7177830792395167e-9	3.849985847165552e-6	1.1328006705903518e-8	1.011848538539296e-9	3.9599974928353974e-5
504.0	2.2406618560169785e-8	1.7182337240324937e-9	3.84998615219834e-6	1.13269159629217e-8	1.0124462447987044e-9	3.959997512780038e-5
505.0	2.2418325888145217e-8	1.7188158491763384e-9	3.849985591450701e-6	1.1328331068779666e-8	1.012068545701533e-9	3.9599975241332174e-5
506.0	2.2429243785234026e-8	1.7196872228284855e-9	3.849985684914512e-6	1.1326288418429975e-8	1.0117419335677315e-9	3.9599975167904257e-5
507.0	2.241857213429463e-8	1.7195096111659838e-9	3.849986226476131e-6	1.1328448599616817e-8	1.0117871206233555e-9	3.959997551368042e-5
508.0	2.2432398784481602e-8	1.7189081276003955e-9	3.849986229358871e-6	1.132684052753444e-8	1.0110214375490428e-9	3.9599975195767954e-5
509.0	2.2387037270533058e-8	1.7192003657287944e-9	3.849985953175958e-6	1.1326747087835877e-8	1.0115838890864935e-9	3.959997567367998e-5
510.0	2.245527835993208e-8	1.7197648481589488e-9	3.849986310340676e-6	1.132830943914924e-8	1.0110121272853254e-9	3.959997532225897e-5
511.0	2.2421861763515696e-8	1.7182686489353212e-9	3.84998580443262e-6	1.1326264891703941e-8	1.0114082270955382e-9	3.959997561714319e-5
512.0	2.2400061148580278e-8	1.7194187127992266e-9	3.849985713022479e-6	1.1329285309278311e-8	1.0111882732349483e-9	3.959997537837166e-5
513.0	2.2419767376020534e-8	1.7207766060693036e-9	3.8499861708354735e-6	1.1327434054252069e-8	1.010961322676526e-9	3.959997531492231e-5
514.0	2.2421308192788853e-8	1.7191822577541112e-9	3.849986426195525e-6	1.1329425212631961e-8	1.0109834138168236e-9	3.959997536990648e-5
515.0	2.245851668900979e-8	1.7212193410455107e-9	3.849986403666999e-6	1.1328619617556721e-8	1.0103993632097358e-9	3.9599975152438424e-5
516.0	2.2392758704366106e-8	1.7207284054154088e-9	3.849986529377771e-6	1.1329392318175105e-8	1.0107316077762891e-9	3.9599975341279426e-5
517.0	2.2408934707737838e-8	1.7203111862452264e-9	3.849985927636797e-6	1.1328644885739887e-8	1.0103208976009413e-9	3.9599975295905314e-5
518.0	2.2437730393131984e-8	1.7194281958791539e-9	3.849985989676938e-6	1.1329871074040589e-8	1.0107536164205803e-9	3.959997541379013e-5
519.0	2.2444013894672373e-8	1.7202466595604982e-9	3.849986263494941e-6	1.1327582455102789e-8	1.010607225350672e-9	3.959997546487125e-5
520.0	2.2413296870785765e-8	1.719337913580478e-9	3.849986173610938e-6	1.13301226176899e-8	1.0106737483666948e-9	3.959997538878468e-5
521.0	2.242281632887328e-8	1.7191161079471362e-9	3.849986027255718e-6	1.1327085111244076e-8	1.0108162885467043e-9	3.9599975347597716e-5
522.0	2.2418081750044418e-8	1.7204058951379085e-9	3.84998717559692e-6	1.1328848339172057e-8	1.0104486435878956e-9	3.9599975145404744e-5
523.0	2.242694005220524e-8	1.7223434970628987e-9	3.849986570513446e-6	1.1327682392949667e-8	1.0107628837987103e-9	3.9599974974457605e-5
524.0	2.2405581523634766e-8	1.7217266814525394e-9	3.849985497030058e-6	1.1327977562939322e-8	1.010500607221808e-9	3.9599974890490016e-5
525.0	2.2438475752197717e-8	1.7224804888488714e-9	3.849985332925175e-6	1.1329609066826382e-8	1.0108783329974682e-9	3.959997487658485e-5
526.0	2.244196227657048e-8	1.721302208174795e-9	3.8499860916852615e-6	1.1328168554447599e-8	1.010969753529027e-9	3.9599974904670845e-5
527.0	2.2405241287466305e-8	1.7189100956952169e-9	3.849986673503956e-6	1.1330070765436978e-8	1.011278094932672e-9	3.959997498725715e-5
528.0	2.2402740650882754e-8	1.7192773264776335e-9	3.8499867522044346e-6	1.1328013310962811e-8	1.011386568199007e-9	3.9599974967426107e-5
529.0	2.2428177844325285e-8	1.7201239313814468e-9	3.849986983999397e-6	1.1329098006006254e-8	1.0113250123195877e-9	3.959997508101741e-5
530.0	2.2467241811084173e-8	1.7205592598278324e-9	3.849986520863534e-6	1.1327148501502569e-8	1.0113743460793198e-9	3.9599975022373554e-5
531.0	2.2416441425035537e-8	1.7225457654727896e-9	3.849984825080926e-6	1.1328178356494343e-8	1.0111496478726545e-9	3.959997506168586e-5
532.0	2.239016885045725e-8	1.7247936138280893e-9	3.849985390702859e-6	1.1325981169786337e-8	1.0112980008492366e-9	3.9599974789828065e-5
533.0	2.2418833237717775e-8	1.7242449655540792e-9	3.849986566402154e-6	1.1327759383300727e-8	1.0111996566567208e-9	3.959997485125107e-5
534.0	2.2445394131134865e-8	1.7227185630228817e-9	3.849987235772486e-6	1.1324970036905521e-8	1.0115694217778127e-9	3.959997443723324e-5
535.0	2.2420070264141743e-8	1.7212253683190459e-9	3.8499864067801805e-6	1.132743362218037e-8	1.0115143973478818e-9	3.959997474428173e-5
536.0	2.243933245369508e-8	1.7196054232306594e-9	3.849985654492692e-6	1.1326251919309682e-8	1.0116597791505877e-9	3.959997449267212e-5
537.0	2.2410718950540933e-8	1.7180249002610226e-9	3.849986413984071e-6	1.1328263749073125e-8	1.0115433791546838e-9	3.959997483914707e-5
538.0	2.2446327040045444e-8	1.7214382744782714e-9	3.84998540282484e-6	1.1329538159424683e-8	1.0114232731154026e-9	3.959997484047321e-5
539.0	2.2391110104152257e-8	1.7219793205036622e-9	3.849986402103128e-6	1.1329712777053635e-8	1.011176084332352e-9	3.959997491399251e-5
540.0	2.2433328952777452e-8	1.7255141941647448e-9	3.8499861121041995e-6	1.1331389790085452e-8	1.0112823755686221e-9	3.959997521656552e-5
541.0	2.245131399758719e-8	1.725746894549131e-9	3.849986428847037e-6	1.1330206401483185e-8	1.0111300052710742e-9	3.959997495675273e-5
542.0	2.2422973392746403e-8	1.724145086407027e-9	3.849985629065592e-6	1.133071943121659e-8	1.0112181804303224e-9	3.9599975590872625e-5
543.0	2.2407965384907633e-8	1.724444543042027e-9	3.849985995010499e-6	1.1329186499566963e-8	1.0113006414343194e-9	3.959997501437849e-5
544.0	2.2409651449900115e-8	1.7221793847385478e-9	3.84998684374021e-6	1.1329522386103934e-8	1.0109693615928073e-9	3.9599975761606454e-5
545.0	2.2457927376633413e-8	1.7216090646463895e-9	3.8499862122552465e-6	1.1327142694093075e-8	1.0111494571343697e-9	3.959997507936371e-5
546.0	2.2438972332423908e-8	1.7210835548124234e-9	3.849986170313763e-6	1.1327730972150774e-8	1.0107561430184947e-9	3.959997569257447e-5
547.0	2.241829701808472e-8	1.7249356309397597e-9	3.8499857709718825e-6	1.1324519703169637e-8	1.0108900949598384e-9	3.959997524509214e-5
548.0	2.2409835413757043e-8	1.723677344364596e-9	3.8499857614566845e-6	1.1325717983301744e-8	1.0108722655325158e-9	3.959997551430013e-5
549.0	2.2449758474488966e-8	1.725637508200193e-9	3.8499859490543416e-6	1.1324446006799738e-8	1.0110030454999297e-9	3.95999754975612e-5
550.0	2.242715653431424e-8	1.7265534904716036e-9	3.849986702046462e-6	1.132571854818363e-8	1.0111625855271211e-9	3.959997533776957e-5
551.0	2.242997713955786e-8	1.7253267753578858e-9	3.849986487240673e-6	1.1327696566598706e-8	1.010988961807249e-9	3.95999757250275e-5
552.0	2.2426935665347433e-8	1.7236721535914366e-9	3.8499857009615965e-6	1.132806900656229e-8	1.011421447920357e-9	3.959997534147549e-5
553.0	2.2436085421777075e-8	1.7231818253460219e-9	3.8499860232271965e-6	1.1330809454241432e-8	1.0108754393503118e-9	3.959997600881792e-5
554.0	2.24234953717577e-8	1.7244039593986918e-9	3.8499864694988596e-6	1.1330921056960329e-8	1.0115242325261912e-9	3.959997547739135e-5
555.0	2.2424656120242356e-8	1.7214974317278329e-9	3.849985975946219e-6	1.1332128587695311e-8	1.0110736551982338e-9	3.959997612822079e-5
556.0	2.2437711872879773e-8	1.7248988909859477e-9	3.849986223622043e-6	1.1331826200741224e-8	1.0115672158007852e-9	3.9599975626498465e-5
557.0	2.243107522091256e-8	1.7267252020087128e-9	3.849986584516284e-6	1.1331592704936608e-8	1.0116233324858279e-9	3.959997590453457e-5
558.0	2.242301603893479e-8	1.725456214993817e-9	3.849985863448758e-6	1.1330005390761332e-8	1.0114752534206127e-9	3.959997542862186e-5
559.0	2.2416055647585118e-8	1.7271845262628577e-9	3.849986079645856e-6	1.1329538506040198e-8	1.0120267518075305e-9	3.959997548156793e-5
560.0	2.2460973740418918e-8	1.7245521622187157e-9	3.84998644581524e-6	1.1326838564075221e-8	1.0114506183269235e-9	3.9599975257166466e-5
561.0	2.2427020563165822e-8	1.7251457995671222e-9	3.8499862273948636e-6	1.1325977211908747e-8	1.0120586917320238e-9	3.959997534150546e-5
562.0	2.2424692646080464e-8	1.7255520686646668e-9	3.849986547958799e-6	1.1324540704060193e-8	1.0114721046936119e-9	3.9599975272633226e-5
563.0	2.2426602425767323e-8	1.725815256255845e-9	3.849986494206087e-6	1.1323433983369492e-8	1.011703534677283e-9	3.959997529010456e-5
564.0	2.2461311108254412e-8	1.7252964261679306e-9	3.849986072641202e-6	1.1324420668356155e-8	1.0114090638839067e-9	3.959997511917142e-5
565.0	2.2466496348494617e-8	1.7263613494897539e-9	3.849986067538479e-6	1.132369445053421e-8	1.0110875725243046e-9	3.959997504841316e-5
566.0	2.2410748209966733e-8	1.7261288663936537e-9	3.849986204065181e-6	1.1326850603852933e-8	1.0112189634191143e-9	3.959997494319764e-5
567.0	2.2421170597530278e-8	1.7250931461552098e-9	3.849985937083253e-6	1.1327380143143975e-8	1.0107375705675407e-9	3.959997495643816e-5
568.0	2.243422760963423e-8	1.7253717690892183e-9	3.84998612868968e-6	1.1330624542688947e-8	1.0114206374144335e-9	3.959997500464174e-5
569.0	2.247107278164523e-8	1.726339504735723e-9	3.849986906350987e-6	1.1330822620974584e-8	1.0109414170687241e-9	3.9599974923534364e-5
570.0	2.2446758537051597e-8	1.7248752607104627e-9	3.849986374968516e-6	1.1332673056082733e-8	1.011658463704478e-9	3.959997496980578e-5
571.0	2.2430979971328776e-8	1.7264256121989501e-9	3.849986619785242e-6	1.1331984401747007e-8	1.0112702104784324e-9	3.959997472621562e-5
572.0	2.2415556885259747e-8	1.7281765975583728e-9	3.849985726637678e-6	1.1331695961050726e-8	1.011432285504858e-9	3.959997474200798e-5
573.0	2.2437393694900725e-8	1.7276097087981617e-9	3.849985846842818e-6	1.1330638260711278e-8	1.0112233501229465e-9	3.959997445637104e-5
574.0	2.244839194526462e-8	1.727340966039774e-9	3.8499859261321155e-6	1.132912509618108e-8	1.010872832786037e-9	3.959997445607026e-5
575.0	2.2451312310078394e-8	1.7277746979873769e-9	3.84998669476216e-6	1.132907893752425e-8	1.0110904567664706e-9	3.9599974364128096e-5
576.0	2.243627456975831e-8	1.727813811711083e-9	3.849986824301155e-6	1.1326375754649738e-8	1.010814838696199e-9	3.959997433777205e-5
577.0	2.242501733700474e-8	1.7267806766479718e-9	3.849986466421847e-6	1.132794003959818e-8	1.0116180568910546e-9	3.959997437229689e-5
578.0	2.2437301053473194e-8	1.7291576792759025e-9	3.849986547004822e-6	1.132541295172846e-8	1.011638195507664e-9	3.959997445023521e-5
579.0	2.2433210633948426e-8	1.7292892380107027e-9	3.8499860377616356e-6	1.1327650677545835e-8	1.01220925659355e-9	3.959997446450194e-5
580.0	2.2478023994746916e-8	1.7298710470253126e-9	3.849985553398823e-6	1.1325829533338607e-8	1.0121310337886919e-9	3.959997464678663e-5
581.0	2.2443248659152117e-8	1.728978146351323e-9	3.849986329300142e-6	1.132785590719616e-8	1.0118234650087035e-9	3.959997462229852e-5
582.0	2.244140712454529e-8	1.728238421344542e-9	3.849987183164897e-6	1.1326140482020243e-8	1.0117413187893529e-9	3.9599974724631925e-5
583.0	2.2417085542240885e-8	1.7283710109731419e-9	3.849986841903144e-6	1.1327212627163969e-8	1.011040989496e-9	3.959997478420929e-5
584.0	2.2442219114806952e-8	1.7273426769615097e-9	3.8499858837565335e-6	1.1325672696975033e-8	1.0114501865410234e-9	3.959997492995267e-5
585.0	2.2496491490470335e-8	1.7285131170862938e-9	3.849986540372656e-6	1.132655813318161e-8	1.0110066593673274e-9	3.959997492544651e-5
586.0	2.246726770193795e-8	1.7294763646613694e-9	3.849985826703842e-6	1.1326099968168956e-8	1.0115749332308664e-9	3.959997498838408e-5
587.0	2.2420597835509057e-8	1.7286500770812737e-9	3.84998580970883e-6	1.132745265956822e-8	1.011335613662913e-9	3.959997480510074e-5
588.0	2.2415740936123863e-8	1.729006736695196e-9	3.849986329570071e-6	1.1328825628501409e-8	1.0115296404653904e-9	3.959997479358476e-5
589.0	2.2439583958980816e-8	1.730657950871209e-9	3.849986875640936e-6	1.132951414703328e-8	1.0115286200144645e-9	3.959997462331883e-5
590.0	2.25047812956383e-8	1.729968437262708e-9	3.849986353274544e-6	1.1332342588048324e-8	1.0112722752822494e-9	3.959997471977323e-5
591.0	2.2451736569314584e-8	1.7289332901080787e-9	3.849986006840967e-6	1.1331095846751543e-8	1.0114935024219851e-9	3.959997459333641e-5
592.0	2.243509808596808e-8	1.7292611999155244e-9	3.849985878410529e-6	1.133421168661492e-8	1.0109191668229063e-9	3.959997476707632e-5
593.0	2.242995532800579e-8	1.7293690055186594e-9	3.849985864219798e-6	1.1331560255812646e-8	1.0111710409555222e-9	3.9599974779090425e-5
594.0	2.2458736605536692e-8	1.729719510283586e-9	3.849986127903948e-6	1.13328783052012e-8	1.0106970670431097e-9	3.959997500537818e-5
595.0	2.2473949720105937e-8	1.730510467530153e-9	3.84998627042406e-6	1.132988416930314e-8	1.0110205267398667e-9	3.959997512951706e-5
596.0	2.2461277031047762e-8	1.7318129055910446e-9	3.849986344597346e-6	1.1328852620382322e-8	1.0110503455107972e-9	3.9599975218817916e-5
597.0	2.2467383411727017e-8	1.7305723256969372e-9	3.849986481545704e-6	1.132548749152107e-8	1.0111465960956454e-9	3.959997537122054e-5
598.0	2.2439201355726876e-8	1.7309200576126043e-9	3.849986626132906e-6	1.132345894214586e-8	1.0116470060706247e-9	3.9599975191169446e-5
599.0	2.2432686557349386e-8	1.7315179204673542e-9	3.8499860017390285e-6	1.132132430374906e-8	1.0112539798802997e-9	3.9599975249310553e-5
600.0	2.2468893801232953e-8	1.7306782150340284e-9	3.849985801642582e-6	1.132104660412904e-8	1.0118526721996059e-9	3.959997492339721e-5
601.0	2.2469399303168526e-8	1.731760368365084e-9	3.849986589701677e-6	1.1321847716763879e-8	1.0112058516108763e-9	3.95999749722639e-5
602.0	2.2468969573774895e-8	1.7305072353536816e-9	3.849986520827567e-6	1.1324171567278367e-8	1.0116775286861435e-9	3.959997487768826e-5
603.0	2.2446697711215306e-8	1.7318207310171686e-9	3.8499861669280775e-6	1.132796165672388e-8	1.011464996475617e-9	3.9599974969846446e-5
604.0	2.2425272921687604e-8	1.7317789478468682e-9	3.849986899032931e-6	1.1329669375886244e-8	1.0114779843218663e-9	3.959997494786794e-5
605.0	2.2468249493946472e-8	1.7325402591079176e-9	3.8499864644133635e-6	1.133434765951546e-8	1.0118800828595586e-9	3.9599975067790546e-5
606.0	2.2459713658610966e-8	1.732418178095529e-9	3.849986222592996e-6	1.133419117295516e-8	1.0115583141478673e-9	3.959997510758871e-5
607.0	2.2478109986270572e-8	1.7323153937012166e-9	3.849986272431303e-6	1.133699829813996e-8	1.0123751169915492e-9	3.959997521049364e-5
608.0	2.2447028438472675e-8	1.7331466405074597e-9	3.849986454397345e-6	1.1334448611027078e-8	1.0117423072535978e-9	3.959997514645798e-5
609.0	2.2438458006360568e-8	1.7315244249699988e-9	3.849986022671984e-6	1.1333125023198536e-8	1.0123626438306924e-9	3.959997496267195e-5
610.0	2.2434421223413022e-8	1.7325448317950885e-9	3.849986086282393e-6	1.1328805951943645e-8	1.0119663459268676e-9	3.9599974977260505e-5
611.0	2.248835687593773e-8	1.7329250417341421e-9	3.849986079136314e-6	1.1324411661629588e-8	1.0120183629920522e-9	3.959997477866596e-5
612.0	2.2463028533227076e-8	1.7316938524465118e-9	3.8499862661360965e-6	1.1321542272699109e-8	1.0121696337295223e-9	3.959997506563425e-5
613.0	2.249412669059763e-8	1.7327253468479673e-9	3.849986731835929e-6	1.1319151632409943e-8	1.0117956646970234e-9	3.959997489747634e-5
614.0	2.2434254997248664e-8	1.7318157378339444e-9	3.8499862242268545e-6	1.1319586776354533e-8	1.0121397854875445e-9	3.9599975288710176e-5
615.0	2.2468914595654476e-8	1.7333713324838339e-9	3.849986099267535e-6	1.132099007231669e-8	1.0114644564102795e-9	3.959997513037334e-5
616.0	2.246481618947277e-8	1.7321266374706486e-9	3.849985574033598e-6	1.1325011593652225e-8	1.0115032319549036e-9	3.9599975245750637e-5
617.0	2.2457862294644683e-8	1.7327278484360567e-9	3.849986147453247e-6	1.132773451452869e-8	1.0109776027197386e-9	3.959997520313745e-5
618.0	2.2481932671755358e-8	1.7332277324608344e-9	3.849986579407321e-6	1.1333043000037638e-8	1.0107830193967906e-9	3.9599974945173914e-5
619.0	2.24501056902519e-8	1.7330088567792415e-9	3.849987260686126e-6	1.1334443835200358e-8	1.0107654219482532e-9	3.9599975245781164e-5
620.0	2.2475256279493595e-8	1.7335858043551065e-9	3.849986361812789e-6	1.1338582618701813e-8	1.0103209677361502e-9	3.959997483440987e-5
621.0	2.2421789987886112e-8	1.732845554972344e-9	3.849986288705103e-6	1.1336584155741355e-8	1.0107153827098982e-9	3.959997521353979e-5
622.0	2.244265281532361e-8	1.7323285005438953e-9	3.849985377113269e-6	1.133663559308443e-8	1.01011033276096e-9	3.9599974819734914e-5
623.0	2.248692454560701e-8	1.7328256562342969e-9	3.849986148288741e-6	1.1331945856903959e-8	1.0103318362535814e-9	3.959997496512686e-5
624.0	2.2491951689901703e-8	1.7343114368024076e-9	3.849987161226916e-6	1.1328123311493453e-8	1.010074394142956e-9	3.959997481306403e-5
625.0	2.2472235516098587e-8	1.7317767921662441e-9	3.849987239380812e-6	1.13244491088778e-8	1.0101100685118078e-9	3.959997481233818e-5
626.0	2.2424786179184362e-8	1.7338799859769303e-9	3.849986900788631e-6	1.1320722675779391e-8	1.0102782963530831e-9	3.9599974924657434e-5
627.0	2.2441436717976472e-8	1.7333952106859153e-9	3.849985873978611e-6	1.132085380265362e-8	1.0103046239369575e-9	3.9599974800371064e-5
628.0	2.250277799975054e-8	1.7330278566314924e-9	3.849985617694418e-6	1.1319841684703398e-8	1.010790701743201e-9	3.959997502732533e-5
629.0	2.2486506692127237e-8	1.735550584021199e-9	3.849986122742482e-6	1.132339278017754e-8	1.0106794867018999e-9	3.959997489882843e-5
630.0	2.247990078364168e-8	1.7330892389202542e-9	3.849987076676361e-6	1.1325395052738611e-8	1.0111321142898057e-9	3.959997508357119e-5
631.0	2.2413766939097653e-8	1.7342087231752989e-9	3.849987026737839e-6	1.1330264913447612e-8	1.0113280539811285e-9	3.959997506625501e-5
632.0	2.245163299021723e-8	1.7331524373835668e-9	3.849986695365163e-6	1.1332568186461094e-8	1.0114981992114774e-9	3.95999750922701e-5
633.0	2.2475173847119755e-8	1.733880792001222e-9	3.8499861274513844e-6	1.1336645136574837e-8	1.011962610465586e-9	3.9599975230426543e-5
634.0	2.249153055361345e-8	1.7341578816180244e-9	3.849985959905459e-6	1.1335211373688784e-8	1.0119493471901148e-9	3.9599975091479984e-5
635.0	2.247277511814346e-8	1.7348735177268632e-9	3.8499865586712034e-6	1.133590452632422e-8	1.012336574377868e-9	3.959997526058483e-5
636.0	2.2442741514658467e-8	1.7351679047838101e-9	3.8499866844030724e-6	1.1331449060622017e-8	1.01207298654012e-9	3.9599975052622286e-5
637.0	2.243907287617657e-8	1.734645681805205e-9	3.849986603943593e-6	1.1328895768743008e-8	1.01222915505551e-9	3.959997503575943e-5
638.0	2.2448784077652694e-8	1.7352588086429467e-9	3.84998641674258e-6	1.1325215424174735e-8	1.0119454324261233e-9	3.959997525559204e-5
639.0	2.2477353134357567e-8	1.735310770382921e-9	3.849986017212077e-6	1.1321872951020923e-8	1.011832426178675e-9	3.959997493042947e-5
640.0	2.249236082875092e-8	1.7343494601501992e-9	3.84998592315806e-6	1.132135286580066e-8	1.011733168046452e-9	3.959997551729901e-5
641.0	2.247589517087977e-8	1.7357836060680194e-9	3.849986632875515e-6	1.1319104232380043e-8	1.0113254072658795e-9	3.95999748695316e-5
642.0	2.2424105367564504e-8	1.7348930259154848e-9	3.849986713338817e-6	1.1322463118941424e-8	1.0114945655403576e-9	3.959997555146308e-5
643.0	2.243351568470234e-8	1.7340764700282818e-9	3.849986045059984e-6	1.1323372612171537e-8	1.0110365988579308e-9	3.9599974995875544e-5
644.0	2.2469344778002027e-8	1.734828307857381e-9	3.849986188320324e-6	1.1328414696228785e-8	1.01109141632724e-9	3.959997543491327e-5
645.0	2.2517541777342772e-8	1.7363769131727596e-9	3.849986327506782e-6	1.1330910337791005e-8	1.01099109823226e-9	3.959997528243986e-5
646.0	2.2478696677118345e-8	1.7351572312598392e-9	3.849986216312839e-6	1.133467525333753e-8	1.0107263260455806e-9	3.959997535885261e-5
647.0	2.2412028079172244e-8	1.7351141701524485e-9	3.849986227135252e-6	1.1334710734566863e-8	1.0108448340134133e-9	3.959997560047175e-5
648.0	2.2426172853551035e-8	1.7370653033227558e-9	3.849986653055555e-6	1.1335277826280444e-8	1.010501034580222e-9	3.95999753306957e-5
649.0	2.2480157112993732e-8	1.7348253098175429e-9	3.849986368820172e-6	1.133282344928666e-8	1.010665443789924e-9	3.959997580970016e-5
650.0	2.251063379392615e-8	1.7345099763375883e-9	3.849986495264535e-6	1.1330846624509216e-8	1.0106549520957172e-9	3.9599975379765215e-5
651.0	2.246665282006364e-8	1.7363965489076098e-9	3.849986170457693e-6	1.1328971082916738e-8	1.0107456446336928e-9	3.9599975908108494e-5
652.0	2.2435919631956605e-8	1.7355561911825493e-9	3.849986284325225e-6	1.1325190208159733e-8	1.0110366389768034e-9	3.959997560348602e-5
653.0	2.2439987329486076e-8	1.735229858863947e-9	3.849986714057135e-6	1.1325112397750146e-8	1.0111475001972433e-9	3.959997599228012e-5
654.0	2.2479590210950053e-8	1.7368403288015853e-9	3.8499869291000345e-6	1.1322160871544708e-8	1.011432359156603e-9	3.959997562989132e-5
655.0	2.247041027431446e-8	1.7376500511630028e-9	3.849986276205502e-6	1.1324212509290692e-8	1.0114682602053144e-9	3.9599976011695155e-5
656.0	2.2475279888491402e-8	1.7356734837070524e-9	3.849986303158374e-6	1.1324502331850316e-8	1.0115483280883137e-9	3.9599975626802604e-5
657.0	2.2463285875137294e-8	1.7357511059407877e-9	3.849986619716203e-6	1.1327946948473725e-8	1.0114920743345432e-9	3.9599975810469285e-5
658.0	2.2455460729985474e-8	1.7363761939746334e-9	3.8499857246772866e-6	1.1329203339938888e-8	1.0114797751443972e-9	3.959997526973568e-5
659.0	2.2450178530678575e-8	1.7345072490393362e-9	3.8499857640078e-6	1.1332322858807868e-8	1.0117260531252808e-9	3.9599975352236854e-5
660.0	2.2461851068566134e-8	1.7371048727736385e-9	3.849987041124191e-6	1.1332064373900117e-8	1.011720570637699e-9	3.9599974965990806e-5
661.0	2.2481635318236772e-8	1.7379891271673686e-9	3.849986982420519e-6	1.133275119719272e-8	1.012197323268763e-9	3.959997527645857e-5
662.0	2.2485006552609725e-8	1.7375270860059282e-9	3.849985979593934e-6	1.1331914222691443e-8	1.0120413804241907e-9	3.959997514148941e-5
663.0	2.2446868797787504e-8	1.737399387604876e-9	3.849986049155441e-6	1.1328516198898387e-8	1.0121494628735983e-9	3.95999752663151e-5
664.0	2.2456832756875333e-8	1.7378930340531272e-9	3.849986339287282e-6	1.1328868509599101e-8	1.0117061249886484e-9	3.9599975266976123e-5
665.0	2.2479151359103053e-8	1.7357101257074671e-9	3.8499859883223655e-6	1.1323580909629633e-8	1.0117010922849947e-9	3.959997531943805e-5
666.0	2.2495236582467437e-8	1.7351871692602192e-9	3.849986123713099e-6	1.1325164204888687e-8	1.011419527143562e-9	3.959997518515275e-5
667.0	2.2484970299341225e-8	1.7374942819562695e-9	3.849986514818121e-6	1.1321341827065344e-8	1.0114325523578286e-9	3.959997533055969e-5
668.0	2.244496169769308e-8	1.7373778310099752e-9	3.849986700655395e-6	1.1323740960776974e-8	1.0114769482333364e-9	3.9599975106541585e-5
669.0	2.248094806601711e-8	1.7371803452886089e-9	3.849986028153352e-6	1.1323492585591852e-8	1.0112657473049298e-9	3.9599975325240776e-5
670.0	2.2491660729380787e-8	1.7395441631944366e-9	3.8499862012197405e-6	1.1327375383001359e-8	1.0115024869346562e-9	3.959997511099336e-5
671.0	2.247855652415436e-8	1.7397271838154024e-9	3.849986812828703e-6	1.1327393433942816e-8	1.0109551570367302e-9	3.959997508425629e-5
672.0	2.2466663450775596e-8	1.7374986582156532e-9	3.849986209699667e-6	1.1331762399759334e-8	1.0113184945509923e-9	3.959997491027487e-5
673.0	2.2460031219934253e-8	1.7389861155491832e-9	3.849986058354999e-6	1.1330756970926608e-8	1.010861794703999e-9	3.959997463959858e-5
674.0	2.2494950137682517e-8	1.7369893717714748e-9	3.8499863185925115e-6	1.13327080447941e-8	1.0112460802183032e-9	3.959997466302514e-5
675.0	2.249584214052107e-8	1.7393160906834322e-9	3.849986195885651e-6	1.1331256017993618e-8	1.0111319666206656e-9	3.9599974342696645e-5
676.0	2.24548597703297e-8	1.7387326805919135e-9	3.84998657305734e-6	1.1328941212195135e-8	1.0111670999462242e-9	3.959997445135647e-5
677.0	2.2461026281586852e-8	1.7388485712241443e-9	3.849986377033157e-6	1.1328807752434193e-8	1.0114878092938381e-9	3.959997416029191e-5
678.0	2.246898713887918e-8	1.7402576710231564e-9	3.84998636372357e-6	1.1324710518858423e-8	1.0111414680371623e-9	3.959997435324868e-5
679.0	2.248384146198339e-8	1.7385109396411441e-9	3.849986261897709e-6	1.13265701923836e-8	1.0116876820014622e-9	3.959997422508901e-5
680.0	2.248371222645858e-8	1.7399929880878519e-9	3.849986389174572e-6	1.1323267842658067e-8	1.0114496410804736e-9	3.9599974621434276e-5
681.0	2.246783831261114e-8	1.7385671290314715e-9	3.849986186263547e-6	1.1325280393635527e-8	1.0117915782717727e-9	3.959997441477757e-5
682.0	2.2480696406978563e-8	1.7403615468270184e-9	3.8499861707594286e-6	1.1324106456277865e-8	1.0117784495525577e-9	3.9599974886422604e-5
683.0	2.2475496853445808e-8	1.7390946203768709e-9	3.84998579593738e-6	1.1327297974817113e-8	1.0117407857106447e-9	3.959997455866018e-5
684.0	2.2463053600345455e-8	1.7389326602428588e-9	3.849985947386898e-6	1.1325851594120601e-8	1.0121905190772207e-9	3.9599975182265226e-5
685.0	2.2494792178044245e-8	1.7402760081651868e-9	3.849985779363895e-6	1.133075052942269e-8	1.011839619931904e-9	3.9599974830939595e-5
686.0	2.249574328582922e-8	1.7389472489767712e-9	3.849986779729418e-6	1.1328699328137551e-8	1.0123419146910873e-9	3.959997535945787e-5
687.0	2.2478900791947053e-8	1.7386407628662978e-9	3.84998645376006e-6	1.1331016220482227e-8	1.0121076060548496e-9	3.959997503605543e-5
688.0	2.24662674085636e-8	1.7388983646412296e-9	3.849985962227762e-6	1.132924906404277e-8	1.0121331856847702e-9	3.959997529704983e-5
689.0	2.2447429147267157e-8	1.7397362935235705e-9	3.8499855805298625e-6	1.1327724906769607e-8	1.011897468716411e-9	3.959997528285699e-5
690.0	2.2505247432554628e-8	1.7414344478339294e-9	3.849985472403004e-6	1.1326875603138786e-8	1.0115909721821355e-9	3.9599975341448656e-5
691.0	2.2489542352026232e-8	1.7399709863962758e-9	3.8499860570536054e-6	1.1324960931532437e-8	1.0114453324353293e-9	3.959997555638998e-5
692.0	2.2470744715935148e-8	1.7410753967465642e-9	3.849986701446691e-6	1.1324841053273094e-8	1.0109631737402666e-9	3.959997536530788e-5
693.0	2.246650401285923e-8	1.7398818621627117e-9	3.849986890404374e-6	1.1324591563715045e-8	1.011072171986368e-9	3.9599975553814155e-5
694.0	2.2465364209837163e-8	1.7403260808077516e-9	3.849986598939672e-6	1.1324720785952044e-8	1.011027078467185e-9	3.959997550712289e-5
695.0	2.2485519076554354e-8	1.7405990563071799e-9	3.84998574823158e-6	1.1325111194026756e-8	1.0109415849134003e-9	3.959997546108999e-5
696.0	2.2479924943725576e-8	1.7410099289480122e-9	3.849985560290702e-6	1.1327214476568035e-8	1.0110468628980244e-9	3.959997566534059e-5
697.0	2.2483396496398637e-8	1.7427990356716119e-9	3.8499863207972654e-6	1.132664283465353e-8	1.0105167909907956e-9	3.959997533628716e-5
698.0	2.247612977509368e-8	1.7417368368085254e-9	3.849986922418105e-6	1.1330657256410181e-8	1.010565354543579e-9	3.959997571096503e-5
699.0	2.2462476337513538e-8	1.742303610490319e-9	3.849986939744346e-6	1.1329563383141139e-8	1.0102132822493923e-9	3.959997541279407e-5
700.0	2.2458677216599304e-8	1.7419788947300562e-9	3.849986918034531e-6	1.133100003134213e-8	1.0105014468604217e-9	3.9599975626684026e-5
701.0	2.2487187364324013e-8	1.7413998664985658e-9	3.8499862907398295e-6	1.133078864114328e-8	1.0107311420904628e-9	3.95999755607589e-5
702.0	2.2480870883079512e-8	1.7417448400641122e-9	3.849985800648323e-6	1.1329848904739127e-8	1.010830841867748e-9	3.95999755283827e-5
703.0	2.2475990884946995e-8	1.7410771943982054e-9	3.849985839814825e-6	1.133052132596552e-8	1.0114031333135314e-9	3.959997551706282e-5
704.0	2.2463120433477713e-8	1.7412317973332015e-9	3.849986488250159e-6	1.1329666427861224e-8	1.0112298856763697e-9	3.9599975378951684e-5
705.0	2.2467893910851462e-8	1.741169433758305e-9	3.849986552843693e-6	1.1329374863077738e-8	1.0118333690123115e-9	3.959997553304073e-5
706.0	2.249009657784379e-8	1.7414875770850736e-9	3.849986292631143e-6	1.1329087391185686e-8	1.011790498300575e-9	3.9599975576653205e-5
707.0	2.247493395517137e-8	1.7408257723552231e-9	3.849986772329766e-6	1.132703050701144e-8	1.0123479542002016e-9	3.9599975647108444e-5
708.0	2.250023586054893e-8	1.7417148964170884e-9	3.849986140949939e-6	1.1325458764176126e-8	1.012464810128091e-9	3.959997558885066e-5
709.0	2.248095241518628e-8	1.7417052399164215e-9	3.849985773837817e-6	1.1325023808041593e-8	1.0126325539090436e-9	3.9599975630926306e-5
710.0	2.2497697041498828e-8	1.7416301214078695e-9	3.849986065778512e-6	1.1321721293918614e-8	1.0127380517273909e-9	3.959997526266635e-5
711.0	2.245891862062781e-8	1.742853447060731e-9	3.84998579700894e-6	1.1323356853038663e-8	1.0126904650094165e-9	3.959997567899016e-5
712.0	2.2498602502200283e-8	1.741775426597741e-9	3.849986194801517e-6	1.1321469294399205e-8	1.0129255729694955e-9	3.959997501421525e-5
713.0	2.249190491039219e-8	1.7412079014065164e-9	3.849986588058607e-6	1.1321904013570941e-8	1.0127206022407098e-9	3.959997572182371e-5
714.0	2.2518461272614485e-8	1.741385451549013e-9	3.849986920666532e-6	1.1323480327336755e-8	1.013132376982044e-9	3.959997483551335e-5
715.0	2.2492033656544804e-8	1.7416944618441649e-9	3.849985764342477e-6	1.1323448625344694e-8	1.012615520612734e-9	3.959997562009768e-5
716.0	2.2473507559486135e-8	1.742290970192489e-9	3.849986264137752e-6	1.1327371595596716e-8	1.012673115509695e-9	3.959997479639071e-5
717.0	2.2471282235832075e-8	1.7441616273782435e-9	3.849986125515861e-6	1.1329206659994311e-8	1.0121189584819446e-9	3.9599975400591885e-5
718.0	2.2484404960023428e-8	1.7440379861539039e-9	3.8499859863856306e-6	1.1332297793394247e-8	1.01191172083585e-9	3.9599975043850976e-5
719.0	2.250858058659208e-8	1.7452315163919888e-9	3.849986460244696e-6	1.13342960441432e-8	1.0113947594123098e-9	3.959997525994517e-5
720.0	2.2493403745479065e-8	1.74352159750484e-9	3.849986888563623e-6	1.1335147116362164e-8	1.0112453541398938e-9	3.9599975529580034e-5
721.0	2.2477499500501075e-8	1.7437741827913976e-9	3.849985868830431e-6	1.1333765621436126e-8	1.0111145586507843e-9	3.959997524915478e-5
722.0	2.2469889702932397e-8	1.7421992732799919e-9	3.849986331019936e-6	1.1334544199198833e-8	1.0107339220873967e-9	3.9599975843156943e-5
723.0	2.2481921974298043e-8	1.7426372678857217e-9	3.849986532146275e-6	1.1328647543284092e-8	1.010926986929758e-9	3.959997504476131e-5
724.0	2.2497024205169906e-8	1.7449429290012574e-9	3.84998616026164e-6	1.1328545988361143e-8	1.010210956920701e-9	3.959997561680403e-5
725.0	2.2524550975519303e-8	1.7443327959877689e-9	3.849986395463999e-6	1.1322229746596635e-8	1.0107012475157171e-9	3.959997483142799e-5
726.0	2.248462951811212e-8	1.7459713454381365e-9	3.849986751752123e-6	1.1321255838306339e-8	1.0100326898102477e-9	3.95999753432923e-5
727.0	2.2493764143056867e-8	1.7454613687555115e-9	3.8499859457315355e-6	1.1318833536933153e-8	1.0107640016073697e-9	3.959997491454942e-5
728.0	2.245248505726392e-8	1.746360763726021e-9	3.849985519030187e-6	1.1318709595087345e-8	1.010542137942296e-9	3.9599975320312704e-5
729.0	2.2505601874417134e-8	1.7466374480772473e-9	3.849986769429552e-6	1.1321650991217268e-8	1.0108842935374207e-9	3.959997528166138e-5
730.0	2.2536330042098385e-8	1.7452319795399692e-9	3.849986552515775e-6	1.1324046471675098e-8	1.0112133106408575e-9	3.959997536883865e-5
731.0	2.2519458144773397e-8	1.7460156457117255e-9	3.8499860825632325e-6	1.1329054376341985e-8	1.0109213063944077e-9	3.959997551311235e-5
732.0	2.2481640779588128e-8	1.7455109109439208e-9	3.849986626910277e-6	1.1332949403452556e-8	1.0119097950987175e-9	3.9599975402000046e-5
733.0	2.2458434996925576e-8	1.7463843005442756e-9	3.849986605801925e-6	1.1336308030932014e-8	1.011181514611666e-9	3.95999755634349e-5
734.0	2.2475313490198012e-8	1.7468019079451405e-9	3.849985346656349e-6	1.1337171651141906e-8	1.0124053437391107e-9	3.959997543864896e-5
735.0	2.253818319733137e-8	1.7465725588903016e-9	3.849985456020068e-6	1.133855574379315e-8	1.0117854436603561e-9	3.9599975722388585e-5
736.0	2.249456433785685e-8	1.7462290000502504e-9	3.849986636828108e-6	1.1333098453050044e-8	1.0121450389447532e-9	3.9599975415127106e-5
737.0	2.2500209308365233e-8	1.7464651820637862e-9	3.8499860253261585e-6	1.133209816060823e-8	1.0120459680722308e-9	3.959997579614028e-5
738.0	2.2473848360412666e-8	1.7449627640102138e-9	3.849986144172442e-6	1.1324180828952037e-8	1.0114779326714761e-9	3.9599975322687486e-5
739.0	2.2463445509113e-8	1.7457801583737175e-9	3.849986969759397e-6	1.1322101937047672e-8	1.012187138501209e-9	3.95999757762511e-5
740.0	2.2530315147437405e-8	1.7478576234087976e-9	3.8499862381324775e-6	1.1316603428477238e-8	1.0115194229264216e-9	3.959997532701547e-5
741.0	2.2501191100491905e-8	1.7473042572771273e-9	3.849985191142299e-6	1.1316074793235389e-8	1.0126493629824198e-9	3.959997569255424e-5
742.0	2.2530684461136823e-8	1.7488882746387917e-9	3.849985937585885e-6	1.1315433758001205e-8	1.0120705545518268e-9	3.9599975428351404e-5
743.0	2.2476959089657055e-8	1.7488548730085516e-9	3.849986449325854e-6	1.1318036184620963e-8	1.0125710584133633e-9	3.959997547400605e-5
744.0	2.245143431111303e-8	1.7490408241291166e-9	3.8499856022710315e-6	1.1322090042187547e-8	1.0121891835489645e-9	3.95999755893711e-5
745.0	2.2502980112815134e-8	1.7469404031662674e-9	3.849986759339553e-6	1.1327165503773974e-8	1.0116250552338658e-9	3.9599975240115204e-5
746.0	2.251199062743551e-8	1.7483617751637903e-9	3.849987297126764e-6	1.1332190657825582e-8	1.0118627207604625e-9	3.959997567248536e-5
747.0	2.2530675933334084e-8	1.7489040190662059e-9	3.849986033780569e-6	1.1335561812473927e-8	1.0111074761486475e-9	3.959997526915323e-5
748.0	2.248817015138204e-8	1.7475632814673374e-9	3.849985717957726e-6	1.133870085758033e-8	1.0118677549847757e-9	3.9599975810751774e-5
749.0	2.2437870970715613e-8	1.7501813617804445e-9	3.849986576410065e-6	1.1337121318224215e-8	1.0113238080374956e-9	3.9599975602087585e-5
750.0	2.250887859531833e-8	1.7505517872780741e-9	3.849985689340113e-6	1.1336826860977952e-8	1.0118031845663814e-9	3.959997573683529e-5
751.0	2.249912211162638e-8	1.750607354610173e-9	3.84998619393097e-6	1.1330934420370027e-8	1.0116331959832487e-9	3.959997581698557e-5
752.0	2.2513057453645888e-8	1.7506327005505758e-9	3.849987282069396e-6	1.1328279195798012e-8	1.011373505889669e-9	3.9599975678746364e-5
753.0	2.249888956477771e-8	1.7493270037494431e-9	3.849986200184747e-6	1.1321908251206607e-8	1.011705084158625e-9	3.959997601655977e-5
754.0	2.2486163303864314e-8	1.749066572764164e-9	3.849985870909573e-6	1.1319557089131124e-8	1.0113203914808298e-9	3.959997582760562e-5
755.0	2.2492322132524284e-8	1.7502509394629524e-9	3.849985835587587e-6	1.131618719662109e-8	1.0118304286123895e-9	3.959997613972528e-5
756.0	2.249055299187648e-8	1.748560019977623e-9	3.849986192130214e-6	1.1316916911592253e-8	1.0115878706611142e-9	3.959997599703922e-5
757.0	2.2487888395819575e-8	1.7513151226670335e-9	3.849985756201996e-6	1.1317723430838117e-8	1.0117195348960509e-9	3.959997585038463e-5
758.0	2.2529318652558813e-8	1.7515485934020515e-9	3.849987261980494e-6	1.1322165834152139e-8	1.0117592293786727e-9	3.959997582105216e-5
759.0	2.2512771962826422e-8	1.7511055547108674e-9	3.849986216587509e-6	1.132569943904641e-8	1.011668137261555e-9	3.9599975538052525e-5
760.0	2.2480467517582613e-8	1.7510216988919013e-9	3.8499854580364215e-6	1.133069866512639e-8	1.0120349783128774e-9	3.9599975556453076e-5
761.0	2.248350367172367e-8	1.750449663611146e-9	3.849985168017238e-6	1.1333501753620464e-8	1.012022012734022e-9	3.959997542941409e-5
762.0	2.2477871435525587e-8	1.750511687918805e-9	3.8499861059307235e-6	1.1336233697703224e-8	1.0122634129111415e-9	3.959997537973969e-5
763.0	2.254690743093787e-8	1.7499289015977151e-9	3.849986078722469e-6	1.1335805833001806e-8	1.0122840803732474e-9	3.9599975451335386e-5
764.0	2.2512665579601925e-8	1.7507215985444403e-9	3.849986361515308e-6	1.1334659102055055e-8	1.0120331173980272e-9	3.959997535096537e-5
765.0	2.2496772697791945e-8	1.7523020382622513e-9	3.84998687104512e-6	1.1331530183988367e-8	1.0122173491416376e-9	3.95999756946842e-5
766.0	2.2484655317174496e-8	1.752421248726744e-9	3.849986030040856e-6	1.1327909984013049e-8	1.0116605742964458e-9	3.9599975482955214e-5
767.0	2.2477578972630052e-8	1.753556526805909e-9	3.849985484528125e-6	1.1324198203971497e-8	1.011770268667808e-9	3.959997567068388e-5
768.0	2.251310972293527e-8	1.7533382665821942e-9	3.849986135836209e-6	1.1321597954063087e-8	1.0117070124422918e-9	3.959997554061187e-5
769.0	2.251953319369488e-8	1.75360899833531e-9	3.849986379256437e-6	1.1320563884587585e-8	1.011658955632338e-9	3.959997539941661e-5
770.0	2.251616928875513e-8	1.753583639237337e-9	3.849986234765652e-6	1.1319523834171425e-8	1.0119897713942974e-9	3.959997544625026e-5
771.0	2.249503875604054e-8	1.7525057163141168e-9	3.8499861650845145e-6	1.1321285613286598e-8	1.011716394116342e-9	3.959997499180079e-5
772.0	2.246800941641407e-8	1.753136482767797e-9	3.849986614663473e-6	1.132164454876453e-8	1.0121863210886027e-9	3.959997535936267e-5
773.0	2.2516002399126132e-8	1.7541110598062507e-9	3.849986221773829e-6	1.1325119016042323e-8	1.011616785708271e-9	3.959997484803046e-5
774.0	2.2531594652019227e-8	1.752769760693406e-9	3.849986084493819e-6	1.132606047891426e-8	1.0114518554732517e-9	3.959997520402262e-5
775.0	2.2525107325695602e-8	1.753800528243596e-9	3.84998649668212e-6	1.1329900643551143e-8	1.0112234468612138e-9	3.959997500753505e-5
776.0	2.2499144670874104e-8	1.755929872379173e-9	3.849986731974549e-6	1.1329632940826255e-8	1.01073355973283e-9	3.959997499914815e-5
777.0	2.2464701109532435e-8	1.753465238141419e-9	3.8499859605008915e-6	1.133204202759738e-8	1.0112713137720245e-9	3.959997520291097e-5
778.0	2.2501588780528886e-8	1.7526895335414427e-9	3.849985268174398e-6	1.1330269050389334e-8	1.011053562057043e-9	3.959997488177054e-5
779.0	2.2521460097093423e-8	1.7536909445532796e-9	3.849986065754303e-6	1.1331753337453715e-8	1.0119009874425849e-9	3.959997525221267e-5
780.0	2.253250182131497e-8	1.7530537243717934e-9	3.849986054891857e-6	1.1328883409547511e-8	1.0117099730482905e-9	3.959997489788108e-5
781.0	2.2501911628224018e-8	1.752620312315542e-9	3.84998631568819e-6	1.1329939924312038e-8	1.0119565082506305e-9	3.9599975028366515e-5
782.0	2.24612703550681e-8	1.7535431678632109e-9	3.849987150173095e-6	1.1327562907835619e-8	1.0119964399215509e-9	3.959997494648927e-5
783.0	2.2490751536997682e-8	1.7550870291694062e-9	3.849987098157055e-6	1.1327747225631556e-8	1.011556837144276e-9	3.959997485269113e-5
784.0	2.252225033486006e-8	1.755770454036216e-9	3.849985531544356e-6	1.132632847425504e-8	1.0121206646915534e-9	3.959997497975186e-5
785.0	2.253648672409207e-8	1.756053857539797e-9	3.849984932405878e-6	1.1325223653373788e-8	1.0117140053985654e-9	3.9599974827394545e-5
786.0	2.2496508248071815e-8	1.7554671391591639e-9	3.84998553318019e-6	1.1324799550097154e-8	1.0124087728316352e-9	3.9599974927627023e-5
787.0	2.247049381371426e-8	1.7544951603863627e-9	3.849986103064487e-6	1.1323496549313955e-8	1.0122469360869178e-9	3.959997494800288e-5
788.0	2.250222696989494e-8	1.754213609864501e-9	3.849986941233589e-6	1.1324159755530898e-8	1.0124826673075872e-9	3.9599974941299145e-5
789.0	2.2529244529974275e-8	1.7553203571640707e-9	3.849987481624985e-6	1.1322641403217823e-8	1.0127472404882057e-9	3.959997524226807e-5
790.0	2.252833540550072e-8	1.7548207859036392e-9	3.849986512959259e-6	1.1324051809821045e-8	1.012385474041332e-9	3.959997536318113e-5
791.0	2.2496922114585705e-8	1.7560315886723177e-9	3.849985209645991e-6	1.1322900193702864e-8	1.01259768371364e-9	3.9599975465202216e-5
792.0	2.248332820518119e-8	1.75500995357653e-9	3.849985065117111e-6	1.1325881899650654e-8	1.011988642342027e-9	3.959997573985895e-5
793.0	2.2488206871996572e-8	1.7559454717693455e-9	3.849985549828911e-6	1.1325403021705376e-8	1.0120305934307903e-9	3.959997550916017e-5
794.0	2.2507985888348085e-8	1.7560992581422268e-9	3.849986623198505e-6	1.1329911381783732e-8	1.0116142078909208e-9	3.959997589301343e-5
795.0	2.2543890950522752e-8	1.755658952087516e-9	3.8499870640825375e-6	1.1329965445285217e-8	1.011646363232508e-9	3.959997555199158e-5
796.0	2.2506630482933706e-8	1.7542091377535305e-9	3.849986582980106e-6	1.1333579881552604e-8	1.0114150701278827e-9	3.95999759062705e-5
797.0	2.249589415343568e-8	1.7552739393000061e-9	3.849985605405779e-6	1.1332836996577637e-8	1.0113792348500608e-9	3.9599975757790097e-5
798.0	2.248380722699012e-8	1.7561451868425969e-9	3.8499853924102375e-6	1.1334142190012922e-8	1.0112428686139146e-9	3.959997577787055e-5
799.0	2.2511591654406622e-8	1.7566322846866585e-9	3.8499858312488646e-6	1.133165951873288e-8	1.0111067186377097e-9	3.9599975898979986e-5
800.0	2.2562125985841627e-8	1.7578631045038412e-9	3.849986083794308e-6	1.133042308398724e-8	1.0111035548674658e-9	3.959997544394956e-5
