turn	ele_ex	ele_ey	ele_ez	pro_ex	pro_ey	pro_ez
0.0	2.042863688674095e-8	1.6115897272034455e-9	3.849993070495706e-6	1.1281234336020398e-8	1.0034661128962659e-9	3.9598392805126434e-5
1.0	2.0948845819284202e-8	1.6254563284496554e-9	3.849994142481878e-6	1.1284157773212303e-8	1.0052597301654203e-9	3.959839272331771e-5
2.0	2.1070166993342777e-8	1.623143148485892e-9	3.849995262499775e-6	1.130597267466027e-8	1.0059773252615304e-9	3.959839329896875e-5
3.0	2.0872265716421388e-8	1.6304714635795448e-9	3.849993514674942e-6	1.1325173706728429e-8	1.0074062678015337e-9	3.959839265916269e-5
4.0	2.0780322281131583e-8	1.6414076633651946e-9	3.849993645325799e-6	1.1342436980182783e-8	1.0083841939080816e-9	3.959839284152567e-5
5.0	2.1459406531455984e-8	1.6336964810719803e-9	3.849993547594395e-6	1.1350929516930679e-8	1.0081502757688195e-9	3.959839236201758e-5
6.0	2.2017800583922817e-8	1.6399392234583208e-9	3.849992521224311e-6	1.1365383295895152e-8	1.0097327932160706e-9	3.9598392438393674e-5
7.0	2.1599330111872422e-8	1.6345309787243754e-9	3.849994102403022e-6	1.1364444317395282e-8	1.0095392104463336e-9	3.95983922315765e-5
8.0	2.138849221874585e-8	1.6366069532630406e-9	3.849994472948574e-6	1.1358407795808432e-8	1.0108509795653386e-9	3.9598391941611297e-5
9.0	2.184526228247445e-8	1.6453552964508163e-9	3.849993527176511e-6	1.1349371673440708e-8	1.0113670256874347e-9	3.959839225579052e-5
10.0	2.255990764138738e-8	1.6408060800462174e-9	3.849993229028434e-6	1.132817587151953e-8	1.0126104426233479e-9	3.9598391926209995e-5
11.0	2.2364471728541335e-8	1.6454295836357466e-9	3.849993606381326e-6	1.1308143650530934e-8	1.0134998241038737e-9	3.95983925076619e-5
12.0	2.18770652449012e-8	1.646065078698224e-9	3.849993388109131e-6	1.12939516155718e-8	1.0137931303193971e-9	3.959839187958262e-5
13.0	2.1999917223957356e-8	1.6450347428413092e-9	3.849993642427584e-6	1.12883567199705e-8	1.014135049037715e-9	3.959839216410707e-5
14.0	2.2393674037995913e-8	1.6493534147648225e-9	3.849993922244833e-6	1.1282405369184665e-8	1.013874553044221e-9	3.959839181748287e-5
15.0	2.2438786401781672e-8	1.647772954875627e-9	3.849993187631731e-6	1.1291588493572835e-8	1.0138499091215205e-9	3.9598391692130034e-5
16.0	2.2199986954627297e-8	1.6457827215054288e-9	3.849993238740685e-6	1.1300904997027261e-8	1.0133994042944875e-9	3.959839169534507e-5
17.0	2.213550089642556e-8	1.6461986369522509e-9	3.849993583510051e-6	1.131821783471359e-8	1.0130291344428115e-9	3.9598391428095634e-5
18.0	2.2194942581570326e-8	1.6459621871580907e-9	3.849993869609871e-6	1.1331466149071349e-8	1.0122484674950683e-9	3.959839177659753e-5
19.0	2.2200783149073387e-8	1.6473806197483636e-9	3.849994250484482e-6	1.1346624247429378e-8	1.0113493354360682e-9	3.959839139118245e-5
20.0	2.223282731119897e-8	1.6488363925520002e-9	3.849993747329647e-6	1.135306964215193e-8	1.0102636474507316e-9	3.9598391586738576e-5
21.0	2.2279359126636507e-8	1.648044314982819e-9	3.849993095199141e-6	1.1353083149107285e-8	1.0097018707635925e-9	3.959839149550835e-5
22.0	2.2253508627006683e-8	1.6497479964777702e-9	3.849993405672206e-6	1.135066987865914e-8	1.0086392538545087e-9	3.959839124500582e-5
23.0	2.2153052885188347e-8	1.6491786137077896e-9	3.849993945372596e-6	1.1338533496777579e-8	1.0083812633902556e-9	3.959839144157716e-5
24.0	2.216918398895447e-8	1.648770302247036e-9	3.849993609831162e-6	1.1329476339698234e-8	1.0077353423405431e-9	3.959839087876527e-5
25.0	2.227632208903172e-8	1.6489221032160137e-9	3.84999409071355e-6	1.1315672740913389e-8	1.0075621371384185e-9	3.959839126194231e-5
26.0	2.23089503484233e-8	1.6486940577883981e-9	3.8499938614973134e-6	1.1310707115615827e-8	1.0077439341579683e-9	3.959839088949838e-5
27.0	2.2253527184084496e-8	1.649280251452091e-9	3.849992927639075e-6	1.1303712995731177e-8	1.0075867877809391e-9	3.9598391340437584e-5
28.0	2.2216710520502775e-8	1.6489788004180255e-9	3.84999288634668e-6	1.1308330702000148e-8	1.0085067304134317e-9	3.959839120957505e-5
29.0	2.2215108889188174e-8	1.6508420550831753e-9	3.849994005111031e-6	1.1310688139283859e-8	1.0083239953418043e-9	3.959839140843077e-5
30.0	2.2285345869562037e-8	1.6501756574634433e-9	3.84999352101124e-6	1.1321981366724006e-8	1.009440434004554e-9	3.9598391447085076e-5
31.0	2.224162074840119e-8	1.649704037803164e-9	3.849993221156441e-6	1.132931467907085e-8	1.0093092109313207e-9	3.959839148494713e-5
32.0	2.229506171183716e-8	1.6493769196883629e-9	3.84999354563655e-6	1.1337989323309439e-8	1.0099835110317827e-9	3.9598391581279686e-5
33.0	2.2248248493135996e-8	1.648847452756449e-9	3.8499930583180825e-6	1.1342950464309187e-8	1.0102476684152684e-9	3.959839163253824e-5
34.0	2.224055708005912e-8	1.6494582785771002e-9	3.849992680682298e-6	1.1342588987605914e-8	1.0102000146241106e-9	3.959839176388816e-5
35.0	2.2251295745029782e-8	1.6492030525016622e-9	3.849993727023868e-6	1.1342365062782332e-8	1.0110493531979825e-9	3.959839171188117e-5
36.0	2.2255957231700966e-8	1.6523256339448787e-9	3.849993786340128e-6	1.1333075674017829e-8	1.0105697465270583e-9	3.959839170920936e-5
37.0	2.228918861436329e-8	1.6510503170306567e-9	3.8499931128336295e-6	1.132871124649864e-8	1.011675138844279e-9	3.959839150432798e-5
38.0	2.2241842312665114e-8	1.6512500627292247e-9	3.849993309487375e-6	1.131687638113011e-8	1.011251802209168e-9	3.959839151953375e-5
39.0	2.2270076052185787e-8	1.651053732742338e-9	3.8499932917874254e-6	1.1314419777498892e-8	1.011881813319782e-9	3.959839123612829e-5
40.0	2.225387902665841e-8	1.649877562832337e-9	3.849993187756338e-6	1.130779751382844e-8	1.0116896568939202e-9	3.959839136966305e-5
41.0	2.2265533948987033e-8	1.6508099396440972e-9	3.8499936148191735e-6	1.1312352176921167e-8	1.0113011912221762e-9	3.959839115455202e-5
42.0	2.224278985525846e-8	1.6500426108880372e-9	3.849993506982989e-6	1.1312791386355752e-8	1.011151862357494e-9	3.9598391367046575e-5
43.0	2.2284181232253408e-8	1.6521770740036668e-9	3.849993126127678e-6	1.1321609547112864e-8	1.0101691236239736e-9	3.959839126115402e-5
44.0	2.2270755404998354e-8	1.65359451353001e-9	3.8499933608867326e-6	1.1326048405009059e-8	1.0103263867991624e-9	3.959839150711906e-5
45.0	2.2272574457020045e-8	1.6533575598027138e-9	3.849993406125271e-6	1.1332517680566478e-8	1.009433081110735e-9	3.959839154283304e-5
46.0	2.2241733204498548e-8	1.6538733501526726e-9	3.849993622683782e-6	1.1337447258767124e-8	1.0096243739519252e-9	3.959839155904697e-5
47.0	2.2251141660282707e-8	1.652570518626206e-9	3.849993425537146e-6	1.133782530042309e-8	1.0092582034255205e-9	3.959839172761679e-5
48.0	2.2273511731186668e-8	1.6514030523225177e-9	3.849992867004835e-6	1.1340312202295727e-8	1.0093457139176845e-9	3.95983914568222e-5
49.0	2.2279794449377053e-8	1.6517230136038989e-9	3.849993085989243e-6	1.1333575752406737e-8	1.0094557432075316e-9	3.959839168303439e-5
50.0	2.2275189846481982e-8	1.6520329183253457e-9	3.849993336048237e-6	1.133337292675104e-8	1.009378420107963e-9	3.959839141529474e-5
51.0	2.225918558855901e-8	1.6531185909206873e-9	3.8499931751915005e-6	1.1323490586396212e-8	1.0098443571093173e-9	3.959839175968083e-5
52.0	2.2251749077692597e-8	1.6543138441045089e-9	3.849993413239044e-6	1.1323666555571834e-8	1.0099963147467643e-9	3.959839179156575e-5
53.0	2.226659275744093e-8	1.653260171448843e-9	3.849993657016634e-6	1.1316701853946755e-8	1.0099927023594156e-9	3.959839186040748e-5
54.0	2.228561976339681e-8	1.6543960538146927e-9	3.8499922022665145e-6	1.1320799482930309e-8	1.0103551324737221e-9	3.9598392073793803e-5
55.0	2.228624021803135e-8	1.6524653193670402e-9	3.849992561839844e-6	1.131855985141111e-8	1.0103132908463875e-9	3.9598391851382704e-5
56.0	2.2267618591637762e-8	1.6537442767533539e-9	3.849993719128426e-6	1.13247175611009e-8	1.0108672288502956e-9	3.9598392272779454e-5
57.0	2.2255944220411442e-8	1.6535060041622287e-9	3.849993653498288e-6	1.1324580172729201e-8	1.0111557740996107e-9	3.9598391907101e-5
58.0	2.2271721435176673e-8	1.6535631631275577e-9	3.849992915217529e-6	1.1328507480946763e-8	1.011588114665775e-9	3.9598392298779103e-5
59.0	2.2284718766356464e-8	1.6556771689347949e-9	3.8499932623353e-6	1.1329666769217624e-8	1.012114594792316e-9	3.959839198548264e-5
60.0	2.2273593195251557e-8	1.6549290681634597e-9	3.849993082863684e-6	1.1329402035524758e-8	1.0119699941016877e-9	3.9598392118673377e-5
61.0	2.225757146318054e-8	1.6540630735690205e-9	3.849992601297985e-6	1.1332002743726699e-8	1.0123714401264779e-9	3.959839199339482e-5
62.0	2.2275832858479605e-8	1.6548942462489075e-9	3.849993327739379e-6	1.132591210536565e-8	1.011677751705895e-9	3.959839194118787e-5
63.0	2.228070015708484e-8	1.6544743013603937e-9	3.849993784222541e-6	1.1329573664497168e-8	1.0119098592572153e-9	3.959839211236505e-5
64.0	2.2263045941534736e-8	1.6529913973997823e-9	3.849993294365107e-6	1.1322151745704396e-8	1.011480159325847e-9	3.959839200975479e-5
65.0	2.227295339199138e-8	1.6542115289970965e-9	3.849993221744797e-6	1.1326752435535532e-8	1.0111282695453155e-9	3.9598392243960866e-5
66.0	2.2280621766147582e-8	1.6558917914242905e-9	3.849993054028857e-6	1.1322792040616914e-8	1.0113525833145054e-9	3.9598392181565485e-5
67.0	2.229145630008167e-8	1.6550799079961782e-9	3.849993254059678e-6	1.1328466860602369e-8	1.0104380353970743e-9	3.959839232107423e-5
68.0	2.226148888628303e-8	1.6562783164420906e-9	3.8499929697894675e-6	1.132683175035007e-8	1.0111390666898973e-9	3.959839238555968e-5
69.0	2.2239726769326907e-8	1.655217493975812e-9	3.8499929603260826e-6	1.1332675998958959e-8	1.0100472799103807e-9	3.959839230488068e-5
70.0	2.2300937124286285e-8	1.6555869067720664e-9	3.8499928461696845e-6	1.1329979825318233e-8	1.0106274979868619e-9	3.9598392428151175e-5
71.0	2.229292752906464e-8	1.6550160389152693e-9	3.849993121928565e-6	1.1334106303564439e-8	1.0098690641742008e-9	3.959839212387645e-5
72.0	2.2258884426967035e-8	1.6556613287130101e-9	3.849993516689475e-6	1.1330280759071934e-8	1.0097065584170718e-9	3.9598392064188335e-5
73.0	2.2254851344234843e-8	1.65533349303032e-9	3.849992799188202e-6	1.1330520612728453e-8	1.0097992023632074e-9	3.959839181829988e-5
74.0	2.2273532733498783e-8	1.6560866417283655e-9	3.849992776675727e-6	1.1329069253323155e-8	1.009047963978378e-9	3.959839161372738e-5
75.0	2.2323124390176334e-8	1.6577858388358428e-9	3.849992541531373e-6	1.1324984215228746e-8	1.0100275707765712e-9	3.959839175422475e-5
76.0	2.2254433640391422e-8	1.6553734190281163e-9	3.8499926304459266e-6	1.1327422831261885e-8	1.0090216663825434e-9	3.9598391418141215e-5
77.0	2.2244898542013983e-8	1.6562652072150877e-9	3.849993109859096e-6	1.1322183414194864e-8	1.0101851746248816e-9	3.9598391780273265e-5
78.0	2.2277779601977443e-8	1.6575807122324315e-9	3.849992993596485e-6	1.1327530597550905e-8	1.0096201229702997e-9	3.9598391399298574e-5
79.0	2.2308389621357084e-8	1.6557906947827975e-9	3.849993332557982e-6	1.1324864807661317e-8	1.0102094532748087e-9	3.959839153277979e-5
80.0	2.2268806252652802e-8	1.6570017425287323e-9	3.849992912943699e-6	1.133094690523135e-8	1.0107802117916912e-9	3.9598391224486525e-5
81.0	2.2245581345974953e-8	1.657959809172535e-9	3.849992520814168e-6	1.1329807297462499e-8	1.0104152111285021e-9	3.959839105434427e-5
82.0	2.2245216493173397e-8	1.657336832106324e-9	3.849992800939737e-6	1.1334037421721372e-8	1.011690559382682e-9	3.95983908497914e-5
83.0	2.2297273465140158e-8	1.6577549251236462e-9	3.84999330024935e-6	1.1330787695168005e-8	1.010905401314927e-9	3.959839063059563e-5
84.0	2.2270256482442034e-8	1.658441770636105e-9	3.849992674799483e-6	1.1334317578693648e-8	1.0120145546138142e-9	3.959839049123894e-5
85.0	2.2254725844975102e-8	1.657577769381714e-9	3.84999307862764e-6	1.1329334535788256e-8	1.011414565249968e-9	3.959839049333723e-5
86.0	2.2256703443876423e-8	1.6570521949779014e-9	3.849993556954798e-6	1.1331114503206202e-8	1.0118782345004544e-9	3.959839040155806e-5
87.0	2.2272120431968874e-8	1.6579519940800622e-9	3.849993151990532e-6	1.1326834929030185e-8	1.012068799009348e-9	3.959839058682767e-5
88.0	2.22693642495649e-8	1.6574522018712784e-9	3.849992743334771e-6	1.1324801002840017e-8	1.0117257498268468e-9	3.959839060336341e-5
89.0	2.2269953660457412e-8	1.6567840546227044e-9	3.849993195824461e-6	1.132405743122065e-8	1.0126248577133586e-9	3.9598390723035085e-5
90.0	2.2267233716604523e-8	1.659288873388816e-9	3.849993082897291e-6	1.1320744411217245e-8	1.0117174374880016e-9	3.959839083001103e-5
91.0	2.2271676291946504e-8	1.6588839424431017e-9	3.84999279039558e-6	1.132375296025443e-8	1.0124917515784135e-9	3.959839072996505e-5
92.0	2.2265331225300544e-8	1.658791378919672e-9	3.849993135032603e-6	1.1321874219639538e-8	1.0115591185490648e-9	3.9598390944875684e-5
93.0	2.224319266036328e-8	1.6594490041936779e-9	3.849993109661289e-6	1.1326421030805513e-8	1.0117569873214958e-9	3.959839085547257e-5
94.0	2.2269273268893197e-8	1.6597406074804154e-9	3.849993289820361e-6	1.1325946700100353e-8	1.0113973052645645e-9	3.959839116844465e-5
95.0	2.2284084847519746e-8	1.6582150516267077e-9	3.8499932085998835e-6	1.1330229693323165e-8	1.0109614684134115e-9	3.959839127260915e-5
96.0	2.2281942650076746e-8	1.6575209482943939e-9	3.849993321457416e-6	1.1329367312192673e-8	1.011067508970637e-9	3.959839133030939e-5
97.0	2.2259142343670307e-8	1.6575299846623653e-9	3.849993004162541e-6	1.1333702352809004e-8	1.0103158990575805e-9	3.9598391566274647e-5
98.0	2.2225463683755267e-8	1.6584549022189419e-9	3.849992600196845e-6	1.1332383919988383e-8	1.0106290346729561e-9	3.959839140727616e-5
99.0	2.225097025541073e-8	1.6595448610268572e-9	3.8499924804333525e-6	1.1334742935207387e-8	1.0099762744012688e-9	3.959839173055716e-5
100.0	2.2301479537597306e-8	1.6596203307704397e-9	3.8499928278009365e-6	1.1333127176916028e-8	1.0103720519772542e-9	3.959839172299471e-5
101.0	2.228258342950784e-8	1.659026342333357e-9	3.849994252167124e-6	1.1332331502617848e-8	1.0100206942327861e-9	3.9598392000566755e-5
102.0	2.223329706484352e-8	1.659362575629747e-9	3.8499934680959265e-6	1.133130320434857e-8	1.0101591639860022e-9	3.959839219354061e-5
103.0	2.2208498029160545e-8	1.658664187127791e-9	3.8499927611768095e-6	1.1328881317215217e-8	1.0100012787245693e-9	3.959839206431662e-5
104.0	2.2271628165076322e-8	1.65882991498916e-9	3.849992526845055e-6	1.1328825659311226e-8	1.0097701598387136e-9	3.9598392358667606e-5
105.0	2.232048597027402e-8	1.6572735572715486e-9	3.8499924017235875e-6	1.1326173882849339e-8	1.0100419654880044e-9	3.9598391764831245e-5
106.0	2.225402449787621e-8	1.6595585112559186e-9	3.84999266385506e-6	1.1326597540137714e-8	1.0098079429431646e-9	3.959839208144279e-5
107.0	2.2200572097329407e-8	1.6598449626050932e-9	3.849993869138021e-6	1.1323961194503847e-8	1.0103989906601147e-9	3.959839134464366e-5
108.0	2.2236008583880765e-8	1.6601315963456896e-9	3.84999375684934e-6	1.1325335318238032e-8	1.0104072004467701e-9	3.95983918471779e-5
109.0	2.2299915500585782e-8	1.6617237621653789e-9	3.849993240860204e-6	1.1323539857015222e-8	1.010916641208396e-9	3.959839112569552e-5
110.0	2.226851157566699e-8	1.6616407031866077e-9	3.849992278094184e-6	1.1326707761829075e-8	1.0109882564841417e-9	3.9598391722596556e-5
111.0	2.2198060721325347e-8	1.6592865686686408e-9	3.8499928248479585e-6	1.1326990752803575e-8	1.0110928314311205e-9	3.959839124075333e-5
112.0	2.2215420030007405e-8	1.6597383470530952e-9	3.849993148979034e-6	1.1329066430393949e-8	1.0113355341940622e-9	3.959839180366211e-5
113.0	2.230297467831684e-8	1.6590236141797235e-9	3.849993366356935e-6	1.1330318968600732e-8	1.0112805549225738e-9	3.959839156848658e-5
114.0	2.224661853447747e-8	1.658444683453057e-9	3.849993080531187e-6	1.1330358356880732e-8	1.011568487615411e-9	3.959839167647268e-5
115.0	2.220820687611255e-8	1.6592401621786449e-9	3.84999320796357e-6	1.133209973577717e-8	1.0113213839838006e-9	3.959839178326184e-5
116.0	2.2231608839278997e-8	1.6602342054683893e-9	3.849992818611624e-6	1.1331222682103822e-8	1.0115371832219054e-9	3.959839148376343e-5
117.0	2.2285468326125424e-8	1.659852461013023e-9	3.849992602922743e-6	1.1332734653542967e-8	1.011294652004925e-9	3.959839190660862e-5
118.0	2.2267250920305933e-8	1.6606159616197667e-9	3.849992902995195e-6	1.1330805226543708e-8	1.011167107038629e-9	3.959839129996511e-5
119.0	2.2184966171037772e-8	1.6613398984272295e-9	3.849992996041354e-6	1.1331249448455475e-8	1.0111404247312362e-9	3.959839189089819e-5
120.0	2.2253203587807768e-8	1.6596601231617572e-9	3.849992523525277e-6	1.1328137544970245e-8	1.0110985153950512e-9	3.9598391329734414e-5
121.0	2.230584192616102e-8	1.6603017670916207e-9	3.849992636605882e-6	1.1327747384887603e-8	1.011269330472276e-9	3.959839168940351e-5
122.0	2.2273500399216125e-8	1.6606288326992893e-9	3.849993156473422e-6	1.1324179177394105e-8	1.0112165746233415e-9	3.959839117055179e-5
123.0	2.2212070271772797e-8	1.6594994686993365e-9	3.849992652187805e-6	1.1324868963288962e-8	1.0111479790517845e-9	3.959839121426733e-5
124.0	2.2241661856788027e-8	1.662094287269536e-9	3.8499927987356345e-6	1.1323264047198068e-8	1.0109148212728063e-9	3.959839082127773e-5
125.0	2.2322489256002182e-8	1.6614161016070914e-9	3.84999301669668e-6	1.132409994628838e-8	1.0107724064419283e-9	3.959839098217276e-5
126.0	2.22986809512303e-8	1.6622195831214073e-9	3.849992199127762e-6	1.1325057779215761e-8	1.0105173482242065e-9	3.959839056908641e-5
127.0	2.2229151348372632e-8	1.6616299129906535e-9	3.8499927275126565e-6	1.1326043739029802e-8	1.0107119408803384e-9	3.959839092401009e-5
128.0	2.222709901330913e-8	1.660904639598976e-9	3.849993022709094e-6	1.1329222798557569e-8	1.0106596438285297e-9	3.9598390487772796e-5
129.0	2.229026723662111e-8	1.6629868564207702e-9	3.8499930349200645e-6	1.132975404150017e-8	1.0109908076748494e-9	3.959839072091872e-5
130.0	2.2327616366706407e-8	1.6602514643344876e-9	3.849992887412294e-6	1.1332699144860157e-8	1.0111155633963618e-9	3.9598390306101115e-5
131.0	2.2261747321275752e-8	1.6612739891700469e-9	3.849993222068285e-6	1.1332069597893476e-8	1.0111081542275303e-9	3.959839034210311e-5
132.0	2.2238201302555005e-8	1.66163219797229e-9	3.849992957556082e-6	1.1333332496750841e-8	1.011358013492722e-9	3.959839017332141e-5
133.0	2.2239949898108484e-8	1.6616659525415592e-9	3.849992055085811e-6	1.1330744903228372e-8	1.0110486873550353e-9	3.9598390250851006e-5
134.0	2.2297679146622895e-8	1.662635263385101e-9	3.849993040049148e-6	1.1330688401182761e-8	1.01129980276124e-9	3.9598390420961134e-5
135.0	2.2321533923496166e-8	1.6628532660363372e-9	3.849993023445773e-6	1.1326454494876783e-8	1.0111454973659095e-9	3.959839043060325e-5
136.0	2.2255533344653297e-8	1.6629911108807849e-9	3.849992824832566e-6	1.1325950681555018e-8	1.0111648764355901e-9	3.959839060501155e-5
137.0	2.22302481211191e-8	1.66396450632575e-9	3.849992918665998e-6	1.132253227514963e-8	1.0114132701755827e-9	3.959839051977633e-5
138.0	2.224928257496742e-8	1.6627868559753359e-9	3.849993171791411e-6	1.1322336991691702e-8	1.0113380541768462e-9	3.959839054643765e-5
139.0	2.2320980133091827e-8	1.6622158580253204e-9	3.849991888643951e-6	1.1322425171576268e-8	1.0117425910038087e-9	3.9598390546546244e-5
140.0	2.228910683726403e-8	1.6631730130748507e-9	3.849992457452024e-6	1.1323665340288692e-8	1.011591762456013e-9	3.959839061834586e-5
141.0	2.2209844622297006e-8	1.6633960751615526e-9	3.8499930966343175e-6	1.1326515553648937e-8	1.01179713736466e-9	3.9598390631006236e-5
142.0	2.223477991277532e-8	1.662951832072737e-9	3.849992956496319e-6	1.132817462273073e-8	1.0114499925840759e-9	3.9598390695035713e-5
143.0	2.2283541605184324e-8	1.662038246331267e-9	3.84999243854426e-6	1.1331061369757976e-8	1.0113166524181615e-9	3.959839068225971e-5
144.0	2.2282828999220578e-8	1.6636666251064789e-9	3.849992505430758e-6	1.1332173147390991e-8	1.0112406886058517e-9	3.9598390836864584e-5
145.0	2.2212179195539126e-8	1.663842279191744e-9	3.849992617295087e-6	1.1333751003266284e-8	1.0109194038855836e-9	3.959839095581973e-5
146.0	2.2248750521630734e-8	1.6642539948157807e-9	3.849993040119429e-6	1.1332734394807462e-8	1.011034025519905e-9	3.9598390941372485e-5
147.0	2.2304468594067295e-8	1.6658795684957104e-9	3.849992930306544e-6	1.1333384684975185e-8	1.0105795123558293e-9	3.959839106342792e-5
148.0	2.224363814650372e-8	1.6641867074432143e-9	3.849992867193347e-6	1.1329923798440743e-8	1.0107798931119563e-9	3.959839094616433e-5
149.0	2.220116581128945e-8	1.6658887305602606e-9	3.849992533488169e-6	1.1329518418742721e-8	1.0104166826989917e-9	3.959839092922598e-5
150.0	2.223978325561142e-8	1.6655484978124835e-9	3.849991946532113e-6	1.1326074118589154e-8	1.010750065940793e-9	3.9598390985469996e-5
151.0	2.2327866718182087e-8	1.664045377646547e-9	3.8499922106007495e-6	1.132507950949637e-8	1.0107858150187276e-9	3.9598390824561864e-5
152.0	2.2299335011716624e-8	1.66420402542229e-9	3.849993512180938e-6	1.1324148735542529e-8	1.0110533266533874e-9	3.9598391370295346e-5
153.0	2.2171845439369567e-8	1.6640254262993319e-9	3.849993631609164e-6	1.1323851448494099e-8	1.0110161490489562e-9	3.959839092229475e-5
154.0	2.224219966625357e-8	1.6647396005917028e-9	3.849992661522449e-6	1.132568145122079e-8	1.0108904994392096e-9	3.959839170423069e-5
155.0	2.236201726232071e-8	1.6658917762639012e-9	3.849992317935498e-6	1.1327383942231841e-8	1.0111925297001948e-9	3.9598391155614595e-5
156.0	2.2325140234504732e-8	1.665864020602795e-9	3.8499927078607205e-6	1.1328540029170945e-8	1.0108640322815038e-9	3.959839202413549e-5
157.0	2.221403570029254e-8	1.6661260147789968e-9	3.849992218037756e-6	1.1329947588579328e-8	1.0113275782473323e-9	3.959839153609672e-5
158.0	2.219038091851756e-8	1.6650677449910122e-9	3.8499925076461705e-6	1.133005880445553e-8	1.0112190484383796e-9	3.95983920537264e-5
159.0	2.2351950976961433e-8	1.6657472642812023e-9	3.849992865539239e-6	1.1329589898757369e-8	1.0114370426840834e-9	3.959839164231144e-5
160.0	2.2357221551426635e-8	1.666316971795035e-9	3.849993167598929e-6	1.1330549005307458e-8	1.0113642120826163e-9	3.95983917782009e-5
161.0	2.221889262267243e-8	1.6662539077343808e-9	3.849993121652532e-6	1.1328602795674649e-8	1.0113276664279198e-9	3.959839175101551e-5
162.0	2.2199677536605404e-8	1.6662683723783983e-9	3.849992407416065e-6	1.1328609401679868e-8	1.0113448181037632e-9	3.959839159388256e-5
163.0	2.2278225296325482e-8	1.6657804902800787e-9	3.849992774170234e-6	1.1325960925075685e-8	1.0113070757334102e-9	3.959839187614048e-5
164.0	2.2348620817284192e-8	1.6669230405085008e-9	3.849992660670547e-6	1.1325725204424372e-8	1.011754808022283e-9	3.959839151216541e-5
165.0	2.2226588775913075e-8	1.6669634620071398e-9	3.8499917735923e-6	1.1324655123317991e-8	1.011292725320286e-9	3.959839201538002e-5
166.0	2.220990786950417e-8	1.6660847250847572e-9	3.8499920582867285e-6	1.1324973307097382e-8	1.0116173245305275e-9	3.959839151827822e-5
167.0	2.2255964883974432e-8	1.6658166342190598e-9	3.84999344754207e-6	1.1325881009763578e-8	1.0108772245640432e-9	3.959839168801099e-5
168.0	2.229672097794682e-8	1.6658246535412464e-9	3.849993353279287e-6	1.132767746363271e-8	1.010753380503498e-9	3.959839139479375e-5
169.0	2.2245986151900223e-8	1.6646770784120224e-9	3.849992393657458e-6	1.1328350890804913e-8	1.0104003448271583e-9	3.959839144651681e-5
170.0	2.2206617576552254e-8	1.6658056260869814e-9	3.849992530092635e-6	1.132964916777977e-8	1.0104751146850562e-9	3.9598391513193545e-5
171.0	2.2285049557746284e-8	1.6666395210247178e-9	3.8499926959330405e-6	1.1329649276901556e-8	1.0109414047330607e-9	3.9598391589045386e-5
172.0	2.2283018520667547e-8	1.6675486969163895e-9	3.849992252454904e-6	1.1329480185626353e-8	1.0108387316211509e-9	3.9598391574184105e-5
173.0	2.224660449122554e-8	1.6676684485259743e-9	3.84999287538781e-6	1.1329544689280533e-8	1.0114444556995908e-9	3.959839155701555e-5
174.0	2.222440762899065e-8	1.6688521690006924e-9	3.8499927240009765e-6	1.1328277410539333e-8	1.0107373695541642e-9	3.959839130036117e-5
175.0	2.2290662479362844e-8	1.667089060184355e-9	3.849992517673237e-6	1.1327415400262525e-8	1.0109820587346075e-9	3.959839117242378e-5
176.0	2.2303160578091813e-8	1.6677741347691712e-9	3.849992257956931e-6	1.1324704469013769e-8	1.0106696886877156e-9	3.95983908700788e-5
177.0	2.2259196350395353e-8	1.667186265896192e-9	3.8499924591618395e-6	1.1324004343690999e-8	1.0109301549994968e-9	3.959839061672004e-5
178.0	2.2226052587509298e-8	1.6676262923469678e-9	3.8499921133014235e-6	1.1323159077293445e-8	1.011389326408677e-9	3.9598390764241036e-5
179.0	2.2270939793195072e-8	1.6675799341911067e-9	3.849993327611763e-6	1.1325229791366515e-8	1.0113575078558999e-9	3.9598390380324606e-5
180.0	2.2314911038202635e-8	1.6687923435764435e-9	3.849992924415103e-6	1.1326224900269102e-8	1.0120709557405057e-9	3.9598390787556194e-5
181.0	2.229055083908321e-8	1.66992168837808e-9	3.849991909639056e-6	1.1329412171859025e-8	1.0116331092163789e-9	3.959839034252e-5
182.0	2.2252652058827824e-8	1.6681611502926978e-9	3.849992647609184e-6	1.1328989561509015e-8	1.0119308726213033e-9	3.9598390700336635e-5
183.0	2.2240178726900693e-8	1.6692366226733602e-9	3.849992792678756e-6	1.1331141005032707e-8	1.0115163878646352e-9	3.959839044337956e-5
184.0	2.2285497178835658e-8	1.6678605532695003e-9	3.849991971791278e-6	1.1329754744022239e-8	1.0115106071443988e-9	3.95983905815931e-5
185.0	2.2326493386436815e-8	1.66808754117712e-9	3.84999218549029e-6	1.133090239213274e-8	1.0114807127451492e-9	3.95983905328436e-5
186.0	2.2287549184377433e-8	1.6687903166902508e-9	3.849993697706001e-6	1.132981848749488e-8	1.0111860166459271e-9	3.959839040775433e-5
187.0	2.2220286873197396e-8	1.6679464477736377e-9	3.8499926954704555e-6	1.1329562666039432e-8	1.0114393730412371e-9	3.959839056552406e-5
188.0	2.2247974100792957e-8	1.670930532446004e-9	3.849992480873219e-6	1.1327226629621232e-8	1.011120896719077e-9	3.9598390356979836e-5
189.0	2.2313785537584003e-8	1.6712945482766394e-9	3.849992779386525e-6	1.1325689449767807e-8	1.0112396678004073e-9	3.959839067554233e-5
190.0	2.2324317389479024e-8	1.6710864995291773e-9	3.849992104280155e-6	1.1323719009569916e-8	1.0112226350769315e-9	3.959839043680604e-5
191.0	2.224946362940453e-8	1.6708917611537079e-9	3.849991816373491e-6	1.132345191790675e-8	1.0110014069459917e-9	3.95983907704766e-5
192.0	2.2207618646764607e-8	1.669878694943297e-9	3.849992439486224e-6	1.132409807803259e-8	1.011145865676181e-9	3.959839059045527e-5
193.0	2.2297177350146478e-8	1.6700850892582568e-9	3.849993313341512e-6	1.1325260335120945e-8	1.0107394535841934e-9	3.9598390820265876e-5
194.0	2.2329350886225393e-8	1.6689006486098641e-9	3.849992470579777e-6	1.1327230785146043e-8	1.0110714213555522e-9	3.959839076175105e-5
195.0	2.228034830678095e-8	1.6693982425961999e-9	3.8499924552007695e-6	1.1327262081653028e-8	1.0106935615250515e-9	3.959839084598865e-5
196.0	2.220517574045754e-8	1.670005439825549e-9	3.8499921169423e-6	1.1329236703130703e-8	1.0111829918353716e-9	3.95983910188014e-5
197.0	2.2242239419307317e-8	1.6700959386161855e-9	3.8499924759607085e-6	1.1329573127828841e-8	1.0112432116329666e-9	3.959839111994642e-5
198.0	2.228435536827223e-8	1.6720849277259017e-9	3.849992284213024e-6	1.1331432377148573e-8	1.0111446082632877e-9	3.959839128974688e-5
199.0	2.2258809605696935e-8	1.6721433584240727e-9	3.849992857035468e-6	1.1331506293498438e-8	1.0113964424118253e-9	3.959839137081333e-5
200.0	2.224909615596417e-8	1.6729351053445373e-9	3.849992651310463e-6	1.13320422392944e-8	1.0107735133136487e-9	3.959839128702266e-5
201.0	2.225480205531053e-8	1.6717704544023814e-9	3.849991877644375e-6	1.1330595563970275e-8	1.011179861519169e-9	3.9598391511385665e-5
202.0	2.2247370796456447e-8	1.6708011488155618e-9	3.8499918864353e-6	1.1329808826672682e-8	1.0107359088215283e-9	3.959839119785525e-5
203.0	2.22339872960606e-8	1.6701184326509599e-9	3.849992770675697e-6	1.1328178966215943e-8	1.0112700438402308e-9	3.9598391496481015e-5
204.0	2.224768979771876e-8	1.6710877878265057e-9	3.849992313925862e-6	1.1328481157924712e-8	1.0113964566737194e-9	3.959839136876891e-5
205.0	2.2326236881135394e-8	1.6703028117077502e-9	3.84999273036443e-6	1.1327802332290683e-8	1.0113706407268754e-9	3.9598391402001165e-5
206.0	2.2278696248707144e-8	1.671385949175659e-9	3.849992525452248e-6	1.1327632779070613e-8	1.011740408935534e-9	3.959839150829804e-5
207.0	2.2213194201499947e-8	1.67200784993037e-9	3.849991860635958e-6	1.1327198632699091e-8	1.0109002548760043e-9	3.959839114023683e-5
208.0	2.221500794253313e-8	1.6730372238251554e-9	3.849991775942298e-6	1.1326190565841753e-8	1.0114041306146726e-9	3.959839127130592e-5
209.0	2.230993122984224e-8	1.6729009885954177e-9	3.849992464601506e-6	1.1325956461849134e-8	1.0108113515212478e-9	3.95983909883905e-5
210.0	2.2331692181625098e-8	1.6723083602343526e-9	3.849992817429498e-6	1.1325086471303086e-8	1.0114343214837045e-9	3.959839101677597e-5
211.0	2.2242654887224503e-8	1.6728067428956395e-9	3.849992802616951e-6	1.1325162247035496e-8	1.0115954988149355e-9	3.959839100236267e-5
212.0	2.2205930739960232e-8	1.6708619710987523e-9	3.849992565320963e-6	1.1325316653598546e-8	1.0117029247014317e-9	3.959839081573098e-5
213.0	2.2275427642074237e-8	1.6712969721488146e-9	3.849992133776054e-6	1.1325582459048312e-8	1.0121450376500124e-9	3.9598391017236306e-5
214.0	2.2295988966791186e-8	1.6737245341896715e-9	3.849992113816532e-6	1.1326772152851634e-8	1.0116618746753084e-9	3.959839079794499e-5
215.0	2.2285920256601884e-8	1.6721225066322258e-9	3.849992761128982e-6	1.1326768260388726e-8	1.012000306574971e-9	3.959839097068857e-5
216.0	2.2253931218148028e-8	1.6734250846371564e-9	3.8499925372462315e-6	1.1328731167467048e-8	1.0114558741661129e-9	3.9598390988425294e-5
217.0	2.2250047973311034e-8	1.6731442923103297e-9	3.849992663550712e-6	1.1329230257333729e-8	1.0118127939252796e-9	3.959839088577077e-5
218.0	2.2263684582925042e-8	1.6729576241426067e-9	3.849992654802993e-6	1.1331058841720278e-8	1.0118388045589939e-9	3.959839124505675e-5
219.0	2.2242145617717317e-8	1.6723800626410752e-9	3.849992076426888e-6	1.1331661060530127e-8	1.0117314223447043e-9	3.9598390728521325e-5
220.0	2.2305919330974573e-8	1.6724334363052886e-9	3.849991849011006e-6	1.1332499914209495e-8	1.012133667929971e-9	3.959839127819171e-5
221.0	2.229448789368606e-8	1.6726999892590383e-9	3.849992625385779e-6	1.1332067261149787e-8	1.0119882366935653e-9	3.9598390693351656e-5
222.0	2.2245462521462887e-8	1.6725569374223903e-9	3.849993022147445e-6	1.1331136427557545e-8	1.0122757108559298e-9	3.959839116898648e-5
223.0	2.2223472352437116e-8	1.6733532077058196e-9	3.8499920313665205e-6	1.1329824166865659e-8	1.0120739413118278e-9	3.9598390669233145e-5
224.0	2.2275621008778486e-8	1.6739301049041202e-9	3.849992456551213e-6	1.1327220983535098e-8	1.0122065431505064e-9	3.959839082529336e-5
225.0	2.2359396201108057e-8	1.6739147383726215e-9	3.849992350501479e-6	1.1325581949786926e-8	1.0120311996353186e-9	3.9598390685395665e-5
226.0	2.228840955767281e-8	1.6730008673315667e-9	3.849991810827177e-6	1.1322407155082066e-8	1.0116480480607132e-9	3.9598390485147387e-5
227.0	2.2239276970766773e-8	1.6740683654340792e-9	3.849992222842543e-6	1.1322753337349647e-8	1.011419726856095e-9	3.959839056210541e-5
228.0	2.224165924369483e-8	1.6728370839018833e-9	3.849993125644457e-6	1.1321278066435089e-8	1.0110527067737026e-9	3.959839032390249e-5
229.0	2.2313404185575243e-8	1.6736614309340298e-9	3.849992370350795e-6	1.1325052812313408e-8	1.0108610986628116e-9	3.9598390474915046e-5
230.0	2.23385532621656e-8	1.674146278956741e-9	3.849992242312483e-6	1.1325603348442803e-8	1.0109676482738223e-9	3.9598390268370486e-5
231.0	2.225905816431679e-8	1.6737076594615936e-9	3.84999254102503e-6	1.1330558732450423e-8	1.010691491766315e-9	3.959839032835414e-5
232.0	2.2256910108299303e-8	1.67403431222403e-9	3.849991949818415e-6	1.1331584419168354e-8	1.0111360881710518e-9	3.959839010457538e-5
233.0	2.2240270349301957e-8	1.6731248970160301e-9	3.849992116357496e-6	1.1335667881844353e-8	1.010822740189215e-9	3.9598389985445e-5
234.0	2.23172627920178e-8	1.6745264542417006e-9	3.849992682961695e-6	1.1335100423557676e-8	1.0111207870887103e-9	3.959838993825907e-5
235.0	2.2308817341914166e-8	1.6737866629030064e-9	3.849992668845014e-6	1.1336491023616284e-8	1.0110522762656461e-9	3.959838986017963e-5
236.0	2.2284126784166516e-8	1.673417547815553e-9	3.84999235702366e-6	1.1334084486901376e-8	1.0109149262659934e-9	3.95983899624929e-5
237.0	2.2255679247314775e-8	1.6752869448383448e-9	3.8499919677125e-6	1.1332262512509677e-8	1.01102231750799e-9	3.959838988988406e-5
238.0	2.2252530692878897e-8	1.6736728833476346e-9	3.849992333700844e-6	1.1328960106311736e-8	1.0105257567023154e-9	3.959838986948675e-5
239.0	2.2319714550836615e-8	1.6763519140740915e-9	3.849992005821632e-6	1.1325853427566955e-8	1.010990074568779e-9	3.959839001862759e-5
240.0	2.2299375196193838e-8	1.6752695216902628e-9	3.849992608833601e-6	1.1324602649379446e-8	1.0107492120432075e-9	3.959838998754802e-5
241.0	2.2287289436740573e-8	1.6756860242868163e-9	3.849992592664958e-6	1.1322689332651645e-8	1.0114179930896353e-9	3.9598390410707936e-5
242.0	2.2244273722689935e-8	1.674576749847404e-9	3.84999260804156e-6	1.1324918794132602e-8	1.011570249537315e-9	3.959839024720672e-5
243.0	2.22748602673794e-8	1.6751096636877971e-9	3.849991956885686e-6	1.1324983568611803e-8	1.0120980131120262e-9	3.9598390748396404e-5
244.0	2.229938579554845e-8	1.6747381798892632e-9	3.849992184602742e-6	1.132973110180056e-8	1.0122411313071142e-9	3.9598390393723516e-5
245.0	2.228346072295138e-8	1.6753735625931706e-9	3.849992382367035e-6	1.1329600646346625e-8	1.0120350356482954e-9	3.9598390925742125e-5
246.0	2.227003107602844e-8	1.6762373354437464e-9	3.849992531439718e-6	1.1334086088407808e-8	1.0123186404008315e-9	3.959839056106919e-5
247.0	2.2268303459091148e-8	1.6754493513128006e-9	3.8499927161224765e-6	1.1331651644943126e-8	1.0116345511368327e-9	3.9598391103459266e-5
248.0	2.227259812284904e-8	1.6762740952166733e-9	3.849992336573651e-6	1.1335500189816163e-8	1.0119650309228113e-9	3.9598390846286985e-5
249.0	2.2259216325761047e-8	1.6764958318847198e-9	3.8499923133152326e-6	1.133155344859395e-8	1.011586491590093e-9	3.959839110214416e-5
250.0	2.228073000001717e-8	1.6769366530659637e-9	3.849991958671635e-6	1.1332825105408458e-8	1.0117367016426031e-9	3.9598391019170076e-5
251.0	2.230489788013707e-8	1.6753684073346786e-9	3.849992250473445e-6	1.132896857279165e-8	1.0118014916923147e-9	3.959839101410326e-5
252.0	2.227166323308013e-8	1.6758574077414388e-9	3.849992685862347e-6	1.1327919879424382e-8	1.0116807006221992e-9	3.959839115866126e-5
253.0	2.2249509045645874e-8	1.6751269344570584e-9	3.849992687450581e-6	1.1326194588990988e-8	1.0117582562878385e-9	3.959839103457732e-5
254.0	2.226947604528529e-8	1.6757744278437029e-9	3.8499923364236864e-6	1.1325241052063255e-8	1.0112940696265717e-9	3.959839131788863e-5
255.0	2.2339621452361792e-8	1.6779127470116093e-9	3.849992277178961e-6	1.1326529016938277e-8	1.0113513585743655e-9	3.959839102176998e-5
256.0	2.2304154418154678e-8	1.6772169601574553e-9	3.849992220858113e-6	1.1327250164261317e-8	1.0107330814732289e-9	3.959839133109464e-5
257.0	2.2249070445497838e-8	1.6784924132999112e-9	3.849992134408628e-6	1.1330650932558646e-8	1.0108910596839157e-9	3.959839105987372e-5
258.0	2.2260321932465175e-8	1.6779255387626437e-9	3.849992318943075e-6	1.133176898898556e-8	1.0105744475642094e-9	3.9598391373702336e-5
259.0	2.2320414152981694e-8	1.6761561241286067e-9	3.849992691962669e-6	1.1334757832071143e-8	1.0107968559781775e-9	3.9598391287620946e-5
260.0	2.234092438621904e-8	1.6774168888100062e-9	3.849992566895933e-6	1.1333360370795959e-8	1.0107764752534444e-9	3.959839155811537e-5
261.0	2.2280233971356956e-8	1.674527662628134e-9	3.849992369184058e-6	1.1335898348531089e-8	1.010590884881801e-9	3.959839148106786e-5
262.0	2.2258008000930822e-8	1.6764920423028752e-9	3.849992441381373e-6	1.1331643137325614e-8	1.0108175538398066e-9	3.959839172227087e-5
263.0	2.2284941336827213e-8	1.6775023521630444e-9	3.84999235871554e-6	1.1333439788764405e-8	1.0104673955585208e-9	3.959839147070514e-5
264.0	2.231134655704027e-8	1.6799985362748104e-9	3.849992229288215e-6	1.1328039647909275e-8	1.0108615297833851e-9	3.959839163573008e-5
265.0	2.2307528435573632e-8	1.6799337912221243e-9	3.849992451981919e-6	1.1328433575959949e-8	1.0107752204508512e-9	3.959839118560928e-5
266.0	2.2287533141659995e-8	1.6813622820500895e-9	3.849992609297477e-6	1.1324979134532766e-8	1.011291455855251e-9	3.9598391326978386e-5
267.0	2.227584393920214e-8	1.6793307961493585e-9	3.84999219366931e-6	1.1325215210536312e-8	1.0113346773622443e-9	3.959839091107736e-5
268.0	2.226161675700571e-8	1.6773721308896815e-9	3.849992713273566e-6	1.132574729759648e-8	1.0116698909343472e-9	3.95983911356834e-5
269.0	2.2291087005830716e-8	1.6779467725899115e-9	3.849992864769983e-6	1.1327824460623133e-8	1.011777689940291e-9	3.9598390801439396e-5
270.0	2.2346501025031542e-8	1.6763398245312533e-9	3.849992371976639e-6	1.13303254077494e-8	1.0116795878573547e-9	3.959839103150658e-5
271.0	2.2301511717872612e-8	1.677219516951374e-9	3.849992118575217e-6	1.1333265102379259e-8	1.011928086821039e-9	3.959839073498936e-5
272.0	2.225797842472205e-8	1.67772641753747e-9	3.849992397653461e-6	1.1334549302616967e-8	1.0117687192399536e-9	3.959839104341921e-5
273.0	2.2236376616787994e-8	1.6789702672606194e-9	3.849991743364055e-6	1.1334915256121827e-8	1.0121041054832042e-9	3.9598390782039584e-5
274.0	2.233355823329991e-8	1.678364769517473e-9	3.849992058309549e-6	1.1335318721036716e-8	1.0119115170102184e-9	3.959839100275416e-5
275.0	2.2337196062434855e-8	1.6795539638578667e-9	3.849992387080176e-6	1.1332779948090114e-8	1.0119654419864444e-9	3.959839063611591e-5
276.0	2.228486566396403e-8	1.6785703588381577e-9	3.849992882285355e-6	1.1332041129203873e-8	1.0118619562459232e-9	3.9598390663848184e-5
277.0	2.2237596526094983e-8	1.676543788250478e-9	3.849992337852951e-6	1.1328757964418444e-8	1.0117169120294272e-9	3.959839038010895e-5
278.0	2.229228344142386e-8	1.6779345841077348e-9	3.84999179904815e-6	1.1327312874999252e-8	1.0117315578523131e-9	3.959839029683686e-5
279.0	2.231064161949218e-8	1.6785096196620769e-9	3.849992122551519e-6	1.1324945619710167e-8	1.0117031717619472e-9	3.959839021350349e-5
280.0	2.2306443100960967e-8	1.677935238565891e-9	3.849992063446463e-6	1.1324353153717237e-8	1.0118325435777929e-9	3.9598390102184065e-5
281.0	2.2288536402647974e-8	1.6791639485674864e-9	3.849992089031572e-6	1.1324461457742287e-8	1.0115402377931241e-9	3.95983900038462e-5
282.0	2.2276637592690978e-8	1.6795441253047135e-9	3.849992323314585e-6	1.1325807816100746e-8	1.0115732886045716e-9	3.9598389827594036e-5
283.0	2.2301230064165038e-8	1.6787926927402202e-9	3.849992827357342e-6	1.1328259772430235e-8	1.0111127071543416e-9	3.959838975524376e-5
284.0	2.225477417055523e-8	1.679740969237268e-9	3.849992481004323e-6	1.1330648545774909e-8	1.0109458680011622e-9	3.9598389627686596e-5
285.0	2.2321977109702588e-8	1.6800779956275605e-9	3.8499923258880975e-6	1.1333416476251014e-8	1.0106397772033778e-9	3.959838969737651e-5
286.0	2.2325567109706267e-8	1.6794615532263034e-9	3.849992518501513e-6	1.1334685112856695e-8	1.0105557302206147e-9	3.959838973822714e-5
287.0	2.2273284942394218e-8	1.680189369824127e-9	3.849992288548886e-6	1.1336468535879874e-8	1.0105674377331363e-9	3.959838991843008e-5
288.0	2.2259126530826004e-8	1.6805800074616288e-9	3.849992248670144e-6	1.1335898140112662e-8	1.0106649592994025e-9	3.9598389882131255e-5
289.0	2.2271542004454045e-8	1.679960719206434e-9	3.849992540606522e-6	1.1335289664252344e-8	1.011185415053127e-9	3.9598389999128304e-5
290.0	2.2348522934668614e-8	1.6811002977386053e-9	3.849992564811649e-6	1.1333878581615588e-8	1.0112464913617315e-9	3.959839000221024e-5
291.0	2.2320938253842392e-8	1.680900255319427e-9	3.849992277176863e-6	1.133173444894212e-8	1.0117996497873576e-9	3.9598390214987034e-5
292.0	2.2234525027803212e-8	1.680236351556974e-9	3.84999295983187e-6	1.132976997658065e-8	1.0115819536808281e-9	3.959839008439251e-5
293.0	2.2282575086589335e-8	1.6803244297595187e-9	3.849992526539387e-6	1.1327876429992872e-8	1.0117154630775113e-9	3.959839054575878e-5
294.0	2.2329241326354385e-8	1.6805713798113502e-9	3.8499917977399e-6	1.1325967347414194e-8	1.01142829606942e-9	3.9598390274145394e-5
295.0	2.2330209514868506e-8	1.6808182257907338e-9	3.849992822506861e-6	1.1325199272226949e-8	1.011316574329699e-9	3.9598390825692904e-5
296.0	2.2275115906032686e-8	1.6811347943686508e-9	3.84999241423355e-6	1.1324983097553574e-8	1.011425443805909e-9	3.959839055127501e-5
297.0	2.2268327790957278e-8	1.6808177875033368e-9	3.849991754187763e-6	1.1324849084551994e-8	1.0115159209940954e-9	3.9598390981573997e-5
298.0	2.2315092348082682e-8	1.6801331431263794e-9	3.849992803302888e-6	1.1327808388646808e-8	1.0121242793741438e-9	3.959839083418336e-5
299.0	2.2303277297859136e-8	1.6819967691451887e-9	3.849992935829543e-6	1.1326839450567962e-8	1.0120790243707687e-9	3.9598390961788276e-5
300.0	2.2289713198894233e-8	1.6789919709338192e-9	3.849991986190659e-6	1.1330155036173785e-8	1.012421300332868e-9	3.9598390908527176e-5
301.0	2.229704314079525e-8	1.6798602874407587e-9	3.849992376631754e-6	1.1329332634365427e-8	1.0122142695787096e-9	3.9598390952596234e-5
302.0	2.2293779548932913e-8	1.6817824443259289e-9	3.849992521214424e-6	1.1330497150000111e-8	1.0119285560355692e-9	3.9598390986860925e-5
303.0	2.2267396202848784e-8	1.681040396252181e-9	3.849991865362136e-6	1.1331378653323231e-8	1.0117079840936942e-9	3.9598390963792776e-5
304.0	2.2261757148101848e-8	1.6828108122563334e-9	3.849992131432331e-6	1.1332120678486925e-8	1.0110808296272726e-9	3.959839113624326e-5
305.0	2.233910088372479e-8	1.682243423611646e-9	3.849993040499461e-6	1.133250539549773e-8	1.0110328845536623e-9	3.9598391024798366e-5
306.0	2.2320363098761538e-8	1.6818564086681027e-9	3.849992601697744e-6	1.1334708958095543e-8	1.0105534332813214e-9	3.9598391206213145e-5
307.0	2.2255040296133117e-8	1.6808368411343795e-9	3.849992449461124e-6	1.1332416012540285e-8	1.0106639158529608e-9	3.9598391029761986e-5
308.0	2.2236122023409698e-8	1.6809230384897962e-9	3.849992665007858e-6	1.1333899440806203e-8	1.010567933917385e-9	3.9598391217074336e-5
309.0	2.2339045989548097e-8	1.68117634436515e-9	3.849992352192764e-6	1.133167440476818e-8	1.010900119084707e-9	3.959839116904701e-5
310.0	2.236419209749345e-8	1.6809060699390114e-9	3.8499923015976236e-6	1.1330476881785605e-8	1.0110256361535258e-9	3.9598391157521286e-5
311.0	2.2283599485013862e-8	1.683619595472132e-9	3.849992316103178e-6	1.1330543040256747e-8	1.0108855386560155e-9	3.959839121865192e-5
312.0	2.2213006185983514e-8	1.6818236102148313e-9	3.849993032880522e-6	1.13274469604503e-8	1.010939091803543e-9	3.9598391025500854e-5
313.0	2.230607655279073e-8	1.6834573212671002e-9	3.849992678830901e-6	1.1327858723155601e-8	1.0104551931232296e-9	3.959839118202378e-5
314.0	2.2337252458884064e-8	1.682491639932276e-9	3.849993256441797e-6	1.1325479692549264e-8	1.0106535867452398e-9	3.959839101789163e-5
315.0	2.2296149874070578e-8	1.681222740366671e-9	3.84999294081819e-6	1.1325255125993194e-8	1.0103119443856518e-9	3.9598391197629055e-5
316.0	2.2255116553406346e-8	1.680909904049467e-9	3.8499918253080005e-6	1.1326506059849536e-8	1.0109675530709193e-9	3.959839116287298e-5
317.0	2.229637244333642e-8	1.6795469713792833e-9	3.8499922390249315e-6	1.13276535181744e-8	1.0110808695351069e-9	3.959839127987759e-5
318.0	2.2305602240330984e-8	1.682428311543858e-9	3.849992429307908e-6	1.1330969577492208e-8	1.0115165940146567e-9	3.9598391241095866e-5
319.0	2.2245312359676466e-8	1.6821120495970817e-9	3.84999241409809e-6	1.1334693847014865e-8	1.011827861161962e-9	3.959839128315177e-5
320.0	2.2266421761843807e-8	1.6837544097248217e-9	3.849993240375468e-6	1.1334196121422976e-8	1.0116544752777196e-9	3.959839119177794e-5
321.0	2.235437598733984e-8	1.6837307665505643e-9	3.849993500193627e-6	1.1336776302869843e-8	1.0120296359485264e-9	3.9598391216734195e-5
322.0	2.2334758906115947e-8	1.6821607363730425e-9	3.849992318064858e-6	1.1333955756220043e-8	1.0116386642940623e-9	3.959839090092653e-5
323.0	2.2231399296074514e-8	1.682019348449781e-9	3.8499916319534984e-6	1.1333330617087453e-8	1.0120344422202406e-9	3.959839087281586e-5
324.0	2.2231915546008234e-8	1.6812436034507374e-9	3.849992536596513e-6	1.1331379525168647e-8	1.0119724471482886e-9	3.9598390580604164e-5
325.0	2.237472724614262e-8	1.679996323996691e-9	3.849992447524032e-6	1.1328375744244402e-8	1.0119888147542861e-9	3.959839038309939e-5
326.0	2.2391514089988747e-8	1.6825323444888251e-9	3.84999276962944e-6	1.1326767471696799e-8	1.0122933110623175e-9	3.959839025715511e-5
327.0	2.225994049651901e-8	1.6830259963532327e-9	3.849993476736242e-6	1.1324397799588963e-8	1.011820565851254e-9	3.959838977166856e-5
328.0	2.2249034986366145e-8	1.6839425183155173e-9	3.849992841605415e-6	1.1323135520274994e-8	1.0120551463308022e-9	3.959838987981429e-5
329.0	2.2322917380356566e-8	1.685096213672541e-9	3.849992207031068e-6	1.1324852395263026e-8	1.0115948168373268e-9	3.959838955525381e-5
330.0	2.238885009099096e-8	1.68522936242693e-9	3.849992773110991e-6	1.1324914369305104e-8	1.0118806867429455e-9	3.959838983100457e-5
331.0	2.2300334069716752e-8	1.6832656973120623e-9	3.849992612261023e-6	1.1328817400951962e-8	1.0117700269527705e-9	3.9598389712951616e-5
332.0	2.2262462702033102e-8	1.681875194070759e-9	3.849992305117346e-6	1.1331402387402779e-8	1.0115446169431947e-9	3.959838981106206e-5
333.0	2.2333830057938624e-8	1.6827058064236493e-9	3.8499933175180765e-6	1.1332402091361868e-8	1.0118052390787211e-9	3.959838983201886e-5
334.0	2.2351666224930158e-8	1.6822745446489205e-9	3.849992655263706e-6	1.1335152211498028e-8	1.0114474546609494e-9	3.959838984248097e-5
335.0	2.2285429101531022e-8	1.6832799175963873e-9	3.849992660031953e-6	1.1333640851991693e-8	1.0116677629794502e-9	3.959838978033021e-5
336.0	2.2282342451085765e-8	1.685175583528436e-9	3.849993092912581e-6	1.1333877411277878e-8	1.0115131979833861e-9	3.95983898599315e-5
337.0	2.2330437831675485e-8	1.68448679157642e-9	3.8499925941547246e-6	1.1332398144198662e-8	1.0115962869011867e-9	3.959838972579259e-5
338.0	2.232995419228693e-8	1.6835978051259905e-9	3.8499917948746006e-6	1.133015010504346e-8	1.0118004959531612e-9	3.959839002200152e-5
339.0	2.230672327518791e-8	1.6849620640636058e-9	3.849992772182214e-6	1.1328983506011621e-8	1.011517187846762e-9	3.9598389853394456e-5
340.0	2.227619790229643e-8	1.6834392702664686e-9	3.849992796209209e-6	1.1326926297512348e-8	1.0118398436766135e-9	3.959839028367187e-5
341.0	2.2326196618118674e-8	1.6822169646518728e-9	3.849992377501981e-6	1.1326613088595352e-8	1.0114983850903182e-9	3.959839014310591e-5
342.0	2.2326870491683025e-8	1.6826742542427686e-9	3.849993351444261e-6	1.1327617300936164e-8	1.0115963530144606e-9	3.9598390474634806e-5
343.0	2.2305897037548966e-8	1.6830159579447075e-9	3.849992820465757e-6	1.1327805684610518e-8	1.0112276642272606e-9	3.959839041394683e-5
344.0	2.2326192407152557e-8	1.6829592578634503e-9	3.849991176338402e-6	1.1330927841784513e-8	1.0111244242717815e-9	3.9598390473485905e-5
345.0	2.2314162879453437e-8	1.6834243739078328e-9	3.8499920769331915e-6	1.1331319643790728e-8	1.0112589460779632e-9	3.9598390621508375e-5
346.0	2.2300391044677772e-8	1.6835691189889012e-9	3.8499929973669985e-6	1.1332287886003301e-8	1.0110908295869453e-9	3.9598390431132766e-5
347.0	2.2303728510832695e-8	1.682738201795173e-9	3.84999283767122e-6	1.1333355821373014e-8	1.0115136721565992e-9	3.95983909344951e-5
348.0	2.2314511595923205e-8	1.6837385185686657e-9	3.849992815057918e-6	1.1332136522226114e-8	1.011225668881598e-9	3.959839063196375e-5
349.0	2.2331330231863777e-8	1.684336428003759e-9	3.8499932257436135e-6	1.1332320859847179e-8	1.0113654918927815e-9	3.9598391267783895e-5
350.0	2.2318378286026337e-8	1.6844441122065524e-9	3.849991905104726e-6	1.1330886375386077e-8	1.0110935213275494e-9	3.9598390987267976e-5
351.0	2.230879456324084e-8	1.6846397694210694e-9	3.849991676564369e-6	1.1328871164789686e-8	1.0108752593009754e-9	3.9598391248369846e-5
352.0	2.228689115272828e-8	1.6854341105552056e-9	3.849992896392116e-6	1.1328611948348102e-8	1.011154379126499e-9	3.959839113334579e-5
353.0	2.2303191452894464e-8	1.6842772375459443e-9	3.84999339414359e-6	1.1326462056778906e-8	1.0109963130394605e-9	3.959839102694467e-5
354.0	2.2322818306692415e-8	1.685260968904765e-9	3.849993127180935e-6	1.132846019127092e-8	1.0115257945471655e-9	3.959839115141151e-5
355.0	2.235513621288202e-8	1.6853737415176494e-9	3.8499931633415545e-6	1.1329205385762704e-8	1.011559090678235e-9	3.9598390873306537e-5
356.0	2.2328338049386162e-8	1.6848928927514062e-9	3.849992202427988e-6	1.1331589325481643e-8	1.0117068532373323e-9	3.95983909556989e-5
357.0	2.2258705837015393e-8	1.6850140839606073e-9	3.8499926802695844e-6	1.1333596228057651e-8	1.0118217460429047e-9	3.9598390664379565e-5
358.0	2.2269879535346857e-8	1.685458869931131e-9	3.849992686140256e-6	1.1334471767155176e-8	1.011543533695271e-9	3.9598390852080995e-5
359.0	2.2343998926591252e-8	1.6851206717956114e-9	3.849992729803841e-6	1.133445274067252e-8	1.0119388971134186e-9	3.9598390730183745e-5
360.0	2.2379719079306946e-8	1.6852215190163243e-9	3.849992934296165e-6	1.133422334432358e-8	1.0115050313038692e-9	3.959839086974464e-5
361.0	2.230034706864923e-8	1.6867166034970604e-9	3.849992908443314e-6	1.1331743188107835e-8	1.011727423272544e-9	3.9598390993057954e-5
362.0	2.226097248384134e-8	1.6844736432522657e-9	3.849992369520947e-6	1.133115435140247e-8	1.0115755435539794e-9	3.9598391093126935e-5
363.0	2.228535157001747e-8	1.6858709451655797e-9	3.849992252804834e-6	1.132796714692145e-8	1.011531382490678e-9	3.9598391270831086e-5
364.0	2.2343857831836397e-8	1.6858169209042404e-9	3.849993248086122e-6	1.1326337908539748e-8	1.011730739485699e-9	3.959839147798739e-5
365.0	2.234249917230753e-8	1.685872047704627e-9	3.849992779596217e-6	1.132490202107232e-8	1.0114006921518072e-9	3.959839151740562e-5
366.0	2.2310442771069406e-8	1.6864896394013759e-9	3.849992476106584e-6	1.132340108782269e-8	1.0118987754457679e-9	3.9598391641736764e-5
367.0	2.2286995166633428e-8	1.687526573008466e-9	3.849992361973e-6	1.1326121608577713e-8	1.011404960872988e-9	3.959839130726221e-5
368.0	2.2280372146070065e-8	1.6873563476866479e-9	3.849992764113611e-6	1.132634276471834e-8	1.0116199525215632e-9	3.959839122169225e-5
369.0	2.230654875539905e-8	1.6878634950397282e-9	3.849992389692032e-6	1.1330642324682357e-8	1.0113662277909914e-9	3.959839079766675e-5
370.0	2.2342192411253303e-8	1.6877918065037e-9	3.849992996648549e-6	1.133243415559638e-8	1.011072687666399e-9	3.959839061207586e-5
371.0	2.2347447235842363e-8	1.6863480319420091e-9	3.849993359255607e-6	1.1335555610445659e-8	1.0112745941484935e-9	3.9598390435198857e-5
372.0	2.226867439465744e-8	1.685099965858589e-9	3.849992933085596e-6	1.1336320808662768e-8	1.0107502989750388e-9	3.959839013112809e-5
373.0	2.229093515812463e-8	1.6856994270907545e-9	3.84999272188403e-6	1.1337701696354841e-8	1.011384381092768e-9	3.9598390410959904e-5
374.0	2.229436467561602e-8	1.6884750731424659e-9	3.849992429684074e-6	1.133629393198422e-8	1.0111402304320382e-9	3.9598390144482736e-5
375.0	2.2356289359222618e-8	1.6871543977028926e-9	3.849992080809544e-6	1.1336687473445408e-8	1.0116372127600596e-9	3.959839064939646e-5
376.0	2.2317115752725957e-8	1.691042321747641e-9	3.849992718020864e-6	1.1332481271268169e-8	1.0115857062095062e-9	3.959839053230423e-5
377.0	2.229017943106451e-8	1.6897409996263043e-9	3.849993399995216e-6	1.1330857302911348e-8	1.0114688367443485e-9	3.9598390731952974e-5
378.0	2.2315342714937502e-8	1.6882377819250267e-9	3.8499929681649845e-6	1.132755732044977e-8	1.0116331633563999e-9	3.9598390550760714e-5
379.0	2.2301292472759498e-8	1.6893854897694884e-9	3.849993083763508e-6	1.132452044986047e-8	1.0110339583019535e-9	3.959839041126144e-5
380.0	2.2312313848115325e-8	1.6875287058705985e-9	3.849992805354098e-6	1.1325244448476055e-8	1.0115807541160234e-9	3.959839026511537e-5
381.0	2.2337533503636673e-8	1.6864776335067223e-9	3.849992283645107e-6	1.1324434435816823e-8	1.0112182040668639e-9	3.9598390120522966e-5
382.0	2.2342254892759214e-8	1.6869968449001934e-9	3.84999167025412e-6	1.1326616188829805e-8	1.0117339836859763e-9	3.959839010903959e-5
383.0	2.2308002642072627e-8	1.6891352205779751e-9	3.849992848657095e-6	1.1328746310381234e-8	1.0116142017555495e-9	3.959838995440423e-5
384.0	2.2270648191345962e-8	1.690988894683462e-9	3.8499939527666805e-6	1.1330849073902785e-8	1.011494614372219e-9	3.9598389753309063e-5
385.0	2.2337341740072283e-8	1.6904372849670067e-9	3.849993151343031e-6	1.1332724084461145e-8	1.011801552804814e-9	3.959838976100922e-5
386.0	2.2376521400554842e-8	1.6900512708839594e-9	3.849992449486332e-6	1.1334653715840076e-8	1.0114010299048607e-9	3.9598389452312436e-5
387.0	2.2315632735730827e-8	1.6879987360592552e-9	3.849992787142324e-6	1.133359716634398e-8	1.0119484865711681e-9	3.95983895755728e-5
388.0	2.2267484382328748e-8	1.6866475612265424e-9	3.849992347105588e-6	1.1335403068295734e-8	1.0116033224941607e-9	3.959838948732264e-5
389.0	2.2325701615120863e-8	1.688273494170503e-9	3.8499920364047385e-6	1.1331570857116604e-8	1.0117373832319663e-9	3.9598389442898234e-5
390.0	2.2370432606952936e-8	1.689483653097769e-9	3.849993386263223e-6	1.133253647491595e-8	1.0115754719499712e-9	3.9598389615844676e-5
391.0	2.235192142072671e-8	1.689965351617832e-9	3.84999366683781e-6	1.1330709917887598e-8	1.011299131546166e-9	3.959838948963771e-5
392.0	2.2266319533241057e-8	1.691034986670189e-9	3.849992432112133e-6	1.1329449137774694e-8	1.0116397528751092e-9	3.9598389869468065e-5
393.0	2.2315508406375734e-8	1.691422222061857e-9	3.849992402424822e-6	1.1330628349750012e-8	1.0114020885772996e-9	3.9598389813406044e-5
394.0	2.236930559024218e-8	1.6899895537685339e-9	3.849992777910109e-6	1.1329588214727635e-8	1.0119981934849878e-9	3.959838994213173e-5
395.0	2.2338328156690673e-8	1.6899796094223176e-9	3.849992281696765e-6	1.1329659068140039e-8	1.0119008663155381e-9	3.959839012411011e-5
396.0	2.2298559537735937e-8	1.690046172470445e-9	3.84999295985668e-6	1.1330621318250505e-8	1.0120050139683847e-9	3.9598389870129727e-5
397.0	2.2308841256223258e-8	1.6877236670278675e-9	3.849992837833822e-6	1.132946670240944e-8	1.0120605954373413e-9	3.9598390432917316e-5
398.0	2.2360865555863285e-8	1.6888335772888443e-9	3.849992835363088e-6	1.1331546512545805e-8	1.0115973159863372e-9	3.959839010389504e-5
399.0	2.2331592541206087e-8	1.6909086801662728e-9	3.849992940845672e-6	1.1330596253709038e-8	1.0118187203092791e-9	3.959839073203175e-5
400.0	2.230262329205645e-8	1.6901585385804218e-9	3.849992863149575e-6	1.133094926354644e-8	1.0114385828095018e-9	3.959839052115234e-5
401.0	2.2314086907096402e-8	1.6903840155661548e-9	3.849992058675701e-6	1.1331826239314723e-8	1.0117231455933835e-9	3.959839070933294e-5
402.0	2.2341595866795572e-8	1.692381137575015e-9	3.849992751906649e-6	1.1329744862374033e-8	1.011661972870783e-9	3.959839067495864e-5
403.0	2.2323946661500228e-8	1.691920575740432e-9	3.849992780534539e-6	1.1330917857990838e-8	1.0117019336213819e-9	3.959839043066628e-5
404.0	2.231515822900907e-8	1.6904857308000274e-9	3.8499920145799326e-6	1.1331949824504712e-8	1.0116929389575991e-9	3.9598390565421844e-5
405.0	2.234501889944591e-8	1.6915748717381647e-9	3.849992959453439e-6	1.133113395184427e-8	1.0114657921092135e-9	3.959839023644966e-5
406.0	2.2336437583992162e-8	1.6902981610471998e-9	3.849993179379163e-6	1.1334471700436497e-8	1.0116156729145175e-9	3.9598390476066014e-5
407.0	2.2318843052821698e-8	1.689759842540903e-9	3.849992289205194e-6	1.133294696887529e-8	1.0114309350643673e-9	3.959839030998964e-5
408.0	2.2314083339517686e-8	1.6911893129246588e-9	3.849992083749756e-6	1.133405894689463e-8	1.011574545799452e-9	3.959839046508589e-5
409.0	2.2350235992086586e-8	1.6911579702811153e-9	3.84999295471287e-6	1.1333153916399672e-8	1.0115427932003138e-9	3.959839055974099e-5
410.0	2.23572049184585e-8	1.69255976310876e-9	3.84999231708001e-6	1.133109425234951e-8	1.011393530391291e-9	3.95983905257327e-5
411.0	2.2329556200776183e-8	1.6929077038421667e-9	3.849992299256226e-6	1.1331008394314424e-8	1.01128889125979e-9	3.959839071341668e-5
412.0	2.2290414357756812e-8	1.6928651925071324e-9	3.849992769852211e-6	1.132877227234806e-8	1.0111983634060238e-9	3.959839066179419e-5
413.0	2.2354274220244614e-8	1.6914224269641578e-9	3.8499926892546025e-6	1.1328115468710756e-8	1.01108529102606e-9	3.959839070680471e-5
414.0	2.234784503867614e-8	1.691131280837134e-9	3.849992169075813e-6	1.1328019268763324e-8	1.0113625083109895e-9	3.9598390738165696e-5
415.0	2.2360591614633367e-8	1.691022811615431e-9	3.849992842512413e-6	1.1327540384572014e-8	1.0114485465175616e-9	3.9598390561468863e-5
416.0	2.2326483507237918e-8	1.689958748953647e-9	3.84999318783321e-6	1.1328158861245475e-8	1.0117726421286644e-9	3.959839058485625e-5
417.0	2.2296251835221805e-8	1.6919117965303925e-9	3.849992327289432e-6	1.1331090299920958e-8	1.0119031362608739e-9	3.9598390338604026e-5
418.0	2.233863371293601e-8	1.6928348550443605e-9	3.849992132273855e-6	1.1330998417157652e-8	1.0119582019320273e-9	3.9598390308644985e-5
419.0	2.232783779444316e-8	1.6925921020037525e-9	3.849992041489896e-6	1.133555474241616e-8	1.0121495949445115e-9	3.959839019352114e-5
420.0	2.2382801654660782e-8	1.6949414910033012e-9	3.849992279857296e-6	1.133466819022784e-8	1.0116480701288853e-9	3.9598390142170295e-5
421.0	2.2324148110928946e-8	1.6925999316239005e-9	3.849992893510677e-6	1.1337378053932292e-8	1.0121778936494266e-9	3.959839022678135e-5
422.0	2.230507157921299e-8	1.6923127532954112e-9	3.849993632742128e-6	1.133547743057599e-8	1.0114264606843477e-9	3.959839009166178e-5
423.0	2.2308660387490907e-8	1.6920483019195758e-9	3.849993136336036e-6	1.1334923266826213e-8	1.0119497550364624e-9	3.959839016520205e-5
424.0	2.2367167135919534e-8	1.6921492887288107e-9	3.849991850273107e-6	1.1332645875363209e-8	1.0115142638444945e-9	3.959838997174501e-5
425.0	2.237955121099481e-8	1.6928614590201663e-9	3.84999183088254e-6	1.1331240787624112e-8	1.0116597008458897e-9	3.959839009515748e-5
426.0	2.2331932548573976e-8	1.693378631826075e-9	3.84999238286289e-6	1.1328396272157692e-8	1.0118701718425687e-9	3.959838981305267e-5
427.0	2.229460950516035e-8	1.6938494175984798e-9	3.849992601513139e-6	1.1328155860956212e-8	1.0114237167181386e-9	3.9598389965876454e-5
428.0	2.2315723066824544e-8	1.6929815828350103e-9	3.849993949850631e-6	1.1326554862036711e-8	1.0122173786663416e-9	3.9598389720459953e-5
429.0	2.2365519842313417e-8	1.695398462886943e-9	3.849993459427164e-6	1.1325967330133979e-8	1.0112319897119904e-9	3.959838979904867e-5
430.0	2.2375196740494715e-8	1.692415324099337e-9	3.849992107155029e-6	1.1327361221523356e-8	1.012078705079044e-9	3.959838982191141e-5
431.0	2.2341816819417546e-8	1.6932282237833083e-9	3.849991436841261e-6	1.1326765989342077e-8	1.0109606963016275e-9	3.95983896584416e-5
432.0	2.2301462684097406e-8	1.6940179808153197e-9	3.8499926469914624e-6	1.1330018866949043e-8	1.011445209184585e-9	3.959838987931589e-5
433.0	2.2315889628965785e-8	1.6939707296967143e-9	3.849992872886198e-6	1.1330095018021324e-8	1.0110539710158126e-9	3.9598389401545334e-5
434.0	2.2323231074000254e-8	1.6940870792823324e-9	3.849993052625601e-6	1.13334930135745e-8	1.0109434393611689e-9	3.959838965689578e-5
435.0	2.2376389190557118e-8	1.6945750676712836e-9	3.849993479742975e-6	1.1333625170318538e-8	1.0116882567828119e-9	3.959838910417312e-5
436.0	2.2360031239949326e-8	1.6944216647051172e-9	3.849992321897269e-6	1.1335586734697259e-8	1.0109490017682179e-9	3.959838944614738e-5
437.0	2.230294660387775e-8	1.6930132360786369e-9	3.84999153810713e-6	1.1334503246052598e-8	1.0121701380683129e-9	3.959838901726698e-5
438.0	2.2308250665462863e-8	1.694723739458083e-9	3.849992215619017e-6	1.1336064993939827e-8	1.0110601096570955e-9	3.959838930718074e-5
439.0	2.232555714901971e-8	1.6936237139628492e-9	3.84999318548324e-6	1.1333954572898026e-8	1.0120038164234721e-9	3.959838907396265e-5
440.0	2.238362684006134e-8	1.6935876641368002e-9	3.849992661903396e-6	1.1334820670446881e-8	1.0113083741160175e-9	3.959838934158821e-5
441.0	2.2348500217578455e-8	1.69506419678015e-9	3.849992796095356e-6	1.1333548484214332e-8	1.0116854659584478e-9	3.959838941995423e-5
442.0	2.231898818027343e-8	1.6956504234881502e-9	3.849992924941931e-6	1.1332017262514293e-8	1.0118395447430798e-9	3.959838962891736e-5
443.0	2.2314315294891283e-8	1.6938932370264886e-9	3.8499924053518455e-6	1.133155367421534e-8	1.0113004125902145e-9	3.959838978174477e-5
444.0	2.234262476331155e-8	1.6938864779254425e-9	3.849992176652271e-6	1.132890630146546e-8	1.0123624970809764e-9	3.9598389847495624e-5
445.0	2.2352981901439537e-8	1.6956322822322365e-9	3.849992666865715e-6	1.1329091647082943e-8	1.011356604736535e-9	3.959838995099729e-5
446.0	2.2331369362172692e-8	1.6929165609377022e-9	3.849992940421057e-6	1.1326745694312638e-8	1.0124944751318965e-9	3.959838985042231e-5
447.0	2.2349951590462653e-8	1.6945975190302563e-9	3.849992478877819e-6	1.1327978189404679e-8	1.011808754792195e-9	3.959838997933694e-5
448.0	2.2322808473761534e-8	1.694860404365968e-9	3.849992947508626e-6	1.1326058731240261e-8	1.0124082747262556e-9	3.959838973560469e-5
449.0	2.2324465243034076e-8	1.6955210439726367e-9	3.849992540012002e-6	1.1327994076808758e-8	1.0122113585224274e-9	3.9598390073566644e-5
450.0	2.2327762415469495e-8	1.6953015596980928e-9	3.849992819276854e-6	1.1327001745565007e-8	1.0122018852651353e-9	3.9598389814079496e-5
451.0	2.234225747926214e-8	1.6959221346492686e-9	3.849992655429087e-6	1.1329618969651905e-8	1.0124469203123923e-9	3.959839008670971e-5
452.0	2.2356404262241498e-8	1.6950005289383455e-9	3.849992624558292e-6	1.1330151879677082e-8	1.0120430177344937e-9	3.959838999228986e-5
453.0	2.231566974745135e-8	1.6946166319416863e-9	3.849992381708755e-6	1.133268091131956e-8	1.0125915925983964e-9	3.959838998682789e-5
454.0	2.2338312280034318e-8	1.695343774248324e-9	3.8499929263765395e-6	1.1333515455050523e-8	1.0120005832692516e-9	3.959839013634154e-5
455.0	2.2348324564201205e-8	1.6939089952215024e-9	3.8499923556946e-6	1.1335427518603438e-8	1.0123712157708877e-9	3.959838993908656e-5
456.0	2.23545281019296e-8	1.6950777518510152e-9	3.849991984096049e-6	1.133522621603448e-8	1.0119246358219533e-9	3.959839021102806e-5
457.0	2.2322723484946028e-8	1.6954833576328975e-9	3.849993285213891e-6	1.1335039360645102e-8	1.0118735061664905e-9	3.9598389966657046e-5
458.0	2.2347835140772796e-8	1.6951809202089164e-9	3.849993008902849e-6	1.133434411529071e-8	1.0118107301373664e-9	3.959839013814114e-5
459.0	2.2358716613782316e-8	1.6962364039383467e-9	3.8499926410412195e-6	1.1331742945758855e-8	1.0115675314520457e-9	3.959839009132863e-5
460.0	2.2357183195713562e-8	1.696164049597834e-9	3.849992280159959e-6	1.1331804804863631e-8	1.0118109482821462e-9	3.9598390143326204e-5
461.0	2.2324073025138395e-8	1.6952935826744735e-9	3.849992773346138e-6	1.1327924895185795e-8	1.0115428174188503e-9	3.9598390458965984e-5
462.0	2.232720354609336e-8	1.6963249271835501e-9	3.849992244549341e-6	1.1329065434007651e-8	1.0115450991228634e-9	3.959839034379449e-5
463.0	2.237745586473855e-8	1.6959398145167865e-9	3.849991969408094e-6	1.1326065704082407e-8	1.0113578590754173e-9	3.95983908503032e-5
464.0	2.2335633848426036e-8	1.6982249403283455e-9	3.84999260931091e-6	1.132762405795099e-8	1.0112544994233796e-9	3.959839045906522e-5
465.0	2.2373708106933822e-8	1.6982650587846778e-9	3.849993107406536e-6	1.1327786108163317e-8	1.0112283701470822e-9	3.9598390928186696e-5
466.0	2.2316411539819962e-8	1.6972838683069832e-9	3.849992290927521e-6	1.1329664860527315e-8	1.0112507099701531e-9	3.959839036243218e-5
467.0	2.2345135435398314e-8	1.6967709934612006e-9	3.8499926230013294e-6	1.1330739281901568e-8	1.0114511672135241e-9	3.959839065897575e-5
468.0	2.2340112583010597e-8	1.6975114467572102e-9	3.849992838091549e-6	1.133366986309876e-8	1.0117081387932095e-9	3.9598390275803546e-5
469.0	2.2342011709506702e-8	1.6955348821437563e-9	3.8499923905752e-6	1.1332683925592548e-8	1.0116556716225211e-9	3.9598390219082886e-5
470.0	2.2387678031618795e-8	1.6972856236246657e-9	3.849991415539786e-6	1.1335635676937739e-8	1.0117998349173166e-9	3.959839037077935e-5
471.0	2.2332615181596557e-8	1.6984420073612416e-9	3.849991993115609e-6	1.1333579196683546e-8	1.0115845552917556e-9	3.959839016967699e-5
472.0	2.2316958096720635e-8	1.6971616154204958e-9	3.849992451631146e-6	1.133385572809066e-8	1.0115691624183595e-9	3.9598390590684656e-5
473.0	2.234018444598971e-8	1.6993863832457102e-9	3.849993226379483e-6	1.1333402503220383e-8	1.0116763775614262e-9	3.9598390458050017e-5
474.0	2.2359712358199027e-8	1.6973131809958124e-9	3.849992712784491e-6	1.1330210036905279e-8	1.0115858981819267e-9	3.959839059431773e-5
475.0	2.2392171170967222e-8	1.6977448807033786e-9	3.849992577947686e-6	1.1330938077441396e-8	1.011929577663944e-9	3.9598390545209314e-5
476.0	2.2340989541780025e-8	1.6964321215392045e-9	3.849991938567116e-6	1.13277998730792e-8	1.0116157441842916e-9	3.959839019660275e-5
477.0	2.23187514750822e-8	1.6966097407805792e-9	3.849991797921932e-6	1.132822068231074e-8	1.0118248999271622e-9	3.959839022078666e-5
478.0	2.2345844426377424e-8	1.6976040158904785e-9	3.8499912700467235e-6	1.1328789083123614e-8	1.0117600235520028e-9	3.9598389824615157e-5
479.0	2.236207101249135e-8	1.6985496731889387e-9	3.84999257915006e-6	1.1329499517918316e-8	1.0116159001783507e-9	3.959838986637994e-5
480.0	2.2374843890354106e-8	1.7005998850121977e-9	3.849993026185044e-6	1.1330279513142597e-8	1.0116486383563469e-9	3.959838956468003e-5
481.0	2.2358676934997515e-8	1.6999666705658862e-9	3.8499917695171065e-6	1.133246012865251e-8	1.0112604358960104e-9	3.9598389489816216e-5
482.0	2.2328365977381164e-8	1.698407291715874e-9	3.849992216998967e-6	1.1331045547696581e-8	1.0115092372485089e-9	3.9598389367805606e-5
483.0	2.2329371371691405e-8	1.6990172275093617e-9	3.849992720700715e-6	1.1334339986901956e-8	1.0110840014761557e-9	3.959838907589537e-5
484.0	2.2360714204625378e-8	1.6977908981261061e-9	3.849991973913214e-6	1.1332989197960003e-8	1.0114060671460437e-9	3.959838924720027e-5
485.0	2.2381022301733723e-8	1.6975248720931056e-9	3.849991755768197e-6	1.1334890310671055e-8	1.011444290621389e-9	3.959838902387474e-5
486.0	2.236309185738263e-8	1.6990693638339344e-9	3.849992192520733e-6	1.1334667599282851e-8	1.0113902562182513e-9	3.959838942188838e-5
487.0	2.2315586609315728e-8	1.6987010049590336e-9	3.849991958541e-6	1.1332690364799448e-8	1.011730950898298e-9	3.9598389341669516e-5
488.0	2.2335236157539738e-8	1.6998007371108995e-9	3.8499921361061e-6	1.1332396376419684e-8	1.0111795526838234e-9	3.959838965644576e-5
489.0	2.2372025924286542e-8	1.7006213067840406e-9	3.849992923108752e-6	1.1330464004507572e-8	1.011731621066119e-9	3.959838966843281e-5
490.0	2.2385165173541468e-8	1.7002995649905094e-9	3.849992751322028e-6	1.1329258439220866e-8	1.0111679866606624e-9	3.9598389757452884e-5
491.0	2.234098153912331e-8	1.699643378019086e-9	3.849992128132853e-6	1.1330287033110174e-8	1.0116344084932958e-9	3.9598389619853466e-5
492.0	2.232873897121354e-8	1.6990268632663166e-9	3.849991889147067e-6	1.1329304332552859e-8	1.0116615807445591e-9	3.959838958170921e-5
493.0	2.2351314656606706e-8	1.699015628360851e-9	3.8499918778690885e-6	1.1330089111931018e-8	1.0118236027422483e-9	3.959838935320041e-5
494.0	2.236328497731495e-8	1.6995562145111913e-9	3.8499921871715345e-6	1.133064342652528e-8	1.0121035952860288e-9	3.959838917604175e-5
495.0	2.236211517556189e-8	1.7002932638866406e-9	3.849992780355021e-6	1.1330226428640648e-8	1.0118095072136735e-9	3.959838921195854e-5
496.0	2.235656189699892e-8	1.7007108622242615e-9	3.849992519375004e-6	1.1332506958017702e-8	1.0121669136842055e-9	3.959838905235337e-5
497.0	2.2351465491593493e-8	1.700473046317778e-9	3.8499917540992646e-6	1.1332689183818583e-8	1.0117223834546925e-9	3.959838950475748e-5
498.0	2.2344395916663415e-8	1.7016398742742025e-9	3.849991691884128e-6	1.1334472965010202e-8	1.0122580741801914e-9	3.959838939895552e-5
499.0	2.233576519450618e-8	1.7010598418482536e-9	3.849991824843987e-6	1.1335253232637367e-8	1.0119758732295196e-9	3.959838990158002e-5
500.0	2.237050548093224e-8	1.7006770695758209e-9	3.849992252562742e-6	1.1334095246573713e-8	1.0123510239061068e-9	3.959838979745622e-5
501.0	2.2383465669390162e-8	1.7012928131566855e-9	3.8499921434859415e-6	1.1333983065151624e-8	1.0123679430661863e-9	3.9598390105642596e-5
502.0	2.2351898180202317e-8	1.7020264277433423e-9	3.84999260045033e-6	1.1332472732749697e-8	1.0121050541590393e-9	3.959838987183216e-5
503.0	2.2330149258574836e-8	1.700546872063347e-9	3.849992228543849e-6	1.1330357857483035e-8	1.0124034650103695e-9	3.959839003726802e-5
504.0	2.233934394326111e-8	1.7020176500209376e-9	3.849991644714051e-6	1.1331233427488058e-8	1.0118468602733344e-9	3.959838992055089e-5
505.0	2.2408798504010356e-8	1.702666869017893e-9	3.849991300059086e-6	1.1328478008861107e-8	1.0121961935785778e-9	3.959839008316802e-5
506.0	2.2377106894695656e-8	1.7018588068742336e-9	3.849991953474259e-6	1.1329516609530637e-8	1.0115942226299062e-9	3.959839012882674e-5
507.0	2.231879693468262e-8	1.7013008001478171e-9	3.849991998504921e-6	1.1328032740196544e-8	1.0117322685669114e-9	3.959839021826867e-5
508.0	2.234574960965753e-8	1.7029137430778493e-9	3.849992276208718e-6	1.1329295736073155e-8	1.011291507210753e-9	3.959839028105536e-5
509.0	2.2379185836504944e-8	1.7016030245897748e-9	3.849993017540402e-6	1.1329513715167849e-8	1.0111966571131994e-9	3.959839024182598e-5
510.0	2.2397382118852412e-8	1.7021504271717899e-9	3.849992693087673e-6	1.1332881091168095e-8	1.0111271694157836e-9	3.9598390171009396e-5
511.0	2.2341325022661098e-8	1.703633911154723e-9	3.8499919094949296e-6	1.1332508212752194e-8	1.0109661403728008e-9	3.9598389999249715e-5
512.0	2.231821649918212e-8	1.7027603054246566e-9	3.849991517265613e-6	1.1336757433950139e-8	1.0113426462467968e-9	3.959838987372992e-5
513.0	2.236154550270098e-8	1.7034454978482749e-9	3.849991227811156e-6	1.1334746890871454e-8	1.0112167134021277e-9	3.95983897350884e-5
514.0	2.2362436671019126e-8	1.7024631600458423e-9	3.849991834021106e-6	1.1336888932753497e-8	1.0116794180083158e-9	3.9598389728194963e-5
515.0	2.2355992833992514e-8	1.7035036931473758e-9	3.849992493884105e-6	1.1335116161087119e-8	1.0115915826819195e-9	3.959838965897257e-5
516.0	2.234842534216148e-8	1.701563817929257e-9	3.849992902374301e-6	1.1333949474357184e-8	1.0117383352043998e-9	3.959838987359617e-5
517.0	2.2372079432167332e-8	1.7024937773864168e-9	3.8499922487094005e-6	1.1332521905934097e-8	1.0117248962789822e-9	3.959838964668011e-5
518.0	2.234424551017053e-8	1.7030959098263318e-9	3.849992116147738e-6	1.13296896967049e-8	1.0117533032854352e-9	3.959838992754059e-5
519.0	2.2360700592910164e-8	1.7029171202908993e-9	3.849991532279295e-6	1.1328136534279547e-8	1.011992568568585e-9	3.95983895745041e-5
520.0	2.237178612850564e-8	1.704910560300745e-9	3.849991012527452e-6	1.1325570069801506e-8	1.0121019454749337e-9	3.95983898042786e-5
521.0	2.2395501326974918e-8	1.704369144281006e-9	3.849991919469506e-6	1.1326137375545045e-8	1.0124598400224531e-9	3.9598389577867276e-5
522.0	2.234967446585793e-8	1.7046949292154701e-9	3.8499926575631485e-6	1.1324944518562665e-8	1.0125275329826902e-9	3.959838943523235e-5
523.0	2.233413110068851e-8	1.7035267227184115e-9	3.849992008834364e-6	1.1329378505268848e-8	1.0126398308163127e-9	3.9598389457096146e-5
524.0	2.2393076275791352e-8	1.7037887819373055e-9	3.849992044345775e-6	1.132882609472916e-8	1.0128095818213604e-9	3.9598389077077376e-5
525.0	2.2397797139592735e-8	1.7042758807663225e-9	3.849992104256047e-6	1.1336215997850186e-8	1.0127406288254466e-9	3.959838925576855e-5
526.0	2.2376509712515028e-8	1.7042144809713313e-9	3.84999173959538e-6	1.1335194901534358e-8	1.0129515644666453e-9	3.9598388884970805e-5
527.0	2.2318765686640288e-8	1.7037658503507814e-9	3.8499914442979424e-6	1.1340069333119977e-8	1.0126864792943564e-9	3.959838897163559e-5
528.0	2.2382819376022497e-8	1.7046727458493873e-9	3.8499926676911155e-6	1.1338197380599118e-8	1.012866019546143e-9	3.9598388706691796e-5
529.0	2.2394980917352335e-8	1.705073779281416e-9	3.849992380274259e-6	1.1339229114350141e-8	1.0122921585584624e-9	3.959838878103953e-5
530.0	2.2383078214194232e-8	1.7047275309379868e-9	3.8499916056177576e-6	1.1335402405156278e-8	1.0124462329945745e-9	3.959838886399354e-5
531.0	2.2351765110733373e-8	1.7058727216100847e-9	3.8499914528730744e-6	1.1333804401737438e-8	1.0120602745114963e-9	3.959838883539835e-5
532.0	2.23701322882456e-8	1.7058748778648463e-9	3.849992017316323e-6	1.1328138592177826e-8	1.0118270862227925e-9	3.959838906767757e-5
533.0	2.23800670207914e-8	1.7051056273103954e-9	3.849991813794834e-6	1.132563149390553e-8	1.011863643168068e-9	3.9598388846202114e-5
534.0	2.2364240844730806e-8	1.7061096583238452e-9	3.849992125796602e-6	1.1322206679732806e-8	1.0113158626623078e-9	3.9598389164413845e-5
535.0	2.2385701531907167e-8	1.705512938790448e-9	3.849992454421277e-6	1.1320582674309296e-8	1.011529976712909e-9	3.9598388766554704e-5
536.0	2.2403662492056502e-8	1.7045822062973055e-9	3.849992477249409e-6	1.1323788373764092e-8	1.011062263211291e-9	3.959838896278138e-5
537.0	2.2374866856593286e-8	1.7056894990164444e-9	3.849991360150479e-6	1.1323471647234334e-8	1.0114072492837361e-9	3.959838847453632e-5
538.0	2.232264007769035e-8	1.704709118947566e-9	3.849991275022906e-6	1.1331132678338788e-8	1.011202038255549e-9	3.959838882444482e-5
539.0	2.2386352950209305e-8	1.705629576377789e-9	3.849991812150438e-6	1.1332877292495788e-8	1.0112890652161921e-9	3.959838854536753e-5
540.0	2.2430716934009195e-8	1.7060712252098e-9	3.849991971002496e-6	1.1339428457439313e-8	1.0114127212902053e-9	3.9598389010866837e-5
541.0	2.2414803997804682e-8	1.7069131424677362e-9	3.849991378459106e-6	1.134175790130355e-8	1.0110132593589607e-9	3.959838899208793e-5
542.0	2.230045242989416e-8	1.7052359784147202e-9	3.8499926884729e-6	1.1344581038604836e-8	1.0114333126291704e-9	3.959838928901754e-5
543.0	2.235309705458891e-8	1.7068117465482284e-9	3.849992762106248e-6	1.1342991987354955e-8	1.0110407945589584e-9	3.9598389414977426e-5
544.0	2.2408014303025133e-8	1.7061789019433993e-9	3.849991313882324e-6	1.1342134126630514e-8	1.0117326940317556e-9	3.9598389418657385e-5
545.0	2.242234924164149e-8	1.7059531878866776e-9	3.849991754026031e-6	1.1335796241580175e-8	1.0116227531099908e-9	3.959838978175465e-5
546.0	2.2351353280231553e-8	1.7075386452156718e-9	3.84999186139296e-6	1.1333021317722176e-8	1.0120400569892367e-9	3.959838950559067e-5
547.0	2.2318939733409112e-8	1.7069357066943845e-9	3.84999198458828e-6	1.1327017883079898e-8	1.0120673862824774e-9	3.959838993474507e-5
548.0	2.237678004818625e-8	1.7077488918422285e-9	3.8499917798195005e-6	1.1324073440462163e-8	1.0119924306553872e-9	3.959838953883134e-5
549.0	2.2390305835721052e-8	1.7075199799442299e-9	3.849992742659319e-6	1.1322981294324752e-8	1.0120805902469238e-9	3.959838988204203e-5
550.0	2.2381927505490365e-8	1.7083325797089488e-9	3.849992009261154e-6	1.1321283265840568e-8	1.0116443585150044e-9	3.9598389618887835e-5
551.0	2.2369169224129875e-8	1.7068785604326736e-9	3.849991937060767e-6	1.1325386207920656e-8	1.0121138657750505e-9	3.9598389762375e-5
552.0	2.2362803215994533e-8	1.707742912445396e-9	3.849992080637842e-6	1.1326814332693756e-8	1.0118084235688677e-9	3.9598389584991785e-5
553.0	2.236256450758429e-8	1.7066423028657889e-9	3.849992171398819e-6	1.1332085107226001e-8	1.0122364880486825e-9	3.959838963535997e-5
554.0	2.2368056910971974e-8	1.7073921342460095e-9	3.849992530292109e-6	1.1335474081967225e-8	1.0119644224323853e-9	3.959838941743187e-5
555.0	2.2399268819819407e-8	1.7076549811955397e-9	3.849991846587217e-6	1.1338691823620845e-8	1.0121715779702134e-9	3.959838958062273e-5
556.0	2.2363101966554476e-8	1.706990750726604e-9	3.849991412693675e-6	1.1339974881484941e-8	1.0118608695290733e-9	3.959838935875753e-5
557.0	2.2359706293429874e-8	1.7096552033285934e-9	3.849991747006774e-6	1.1340163229986101e-8	1.0117167065090146e-9	3.95983895928649e-5
558.0	2.2347429060911224e-8	1.7092563902614308e-9	3.849992153894069e-6	1.1337877367591036e-8	1.0119319126361221e-9	3.9598389397744256e-5
559.0	2.2378407672227946e-8	1.7096613249508531e-9	3.849991914767027e-6	1.1336396583824525e-8	1.0117214787226864e-9	3.95983896398864e-5
560.0	2.2390682269121577e-8	1.7089965667399871e-9	3.849992511287221e-6	1.1332747861583534e-8	1.0123522200248904e-9	3.9598389601797895e-5
561.0	2.236559953134292e-8	1.708671522929855e-9	3.849992390968744e-6	1.133010217912245e-8	1.011980455534005e-9	3.959838965303231e-5
562.0	2.2369319009174273e-8	1.7080068440340273e-9	3.849991633523963e-6	1.1328619984876585e-8	1.01244532978556e-9	3.959838983958082e-5
563.0	2.2370648811077238e-8	1.706854399343904e-9	3.849991252604247e-6	1.1325428789007579e-8	1.0120249617420603e-9	3.959838954499484e-5
564.0	2.2353979867479756e-8	1.7075050092747393e-9	3.849991403718577e-6	1.1327314457713975e-8	1.012053245278432e-9	3.959839000522602e-5
565.0	2.239727349933244e-8	1.709773605218027e-9	3.849991790562124e-6	1.1326987957785582e-8	1.0120681005570098e-9	3.9598389479919646e-5
566.0	2.2390536205776695e-8	1.7105856545506085e-9	3.849991745324341e-6	1.1330263008680212e-8	1.0120223294295992e-9	3.9598389912691e-5
567.0	2.2393565640139908e-8	1.7105954170440094e-9	3.849992483833737e-6	1.1332563490368525e-8	1.0127319862744505e-9	3.959838940991678e-5
568.0	2.2341807523988085e-8	1.7109468507128624e-9	3.849992493300688e-6	1.1333912112905931e-8	1.0123362907042358e-9	3.9598389697254625e-5
569.0	2.2362494303961086e-8	1.7101559082900466e-9	3.84999171155917e-6	1.1335498254127715e-8	1.013063363474727e-9	3.959838933108065e-5
570.0	2.243397903990715e-8	1.7091768335507648e-9	3.8499914177552265e-6	1.1334341193732251e-8	1.0123408641631553e-9	3.9598389441861235e-5
571.0	2.2407670306833912e-8	1.708748780786099e-9	3.849991423457179e-6	1.133449988175014e-8	1.012427867808112e-9	3.9598389289448295e-5
572.0	2.237091500880639e-8	1.7081810467715415e-9	3.849991473520254e-6	1.133306088645503e-8	1.0120766940452474e-9	3.959838923741025e-5
573.0	2.2331315233863866e-8	1.7097716957578048e-9	3.8499918749921165e-6	1.1332822876097977e-8	1.0118859936431696e-9	3.959838938013276e-5
574.0	2.24055116032318e-8	1.710320160222678e-9	3.849992373622349e-6	1.1330702236987166e-8	1.0122364616863747e-9	3.959838915172499e-5
575.0	2.2428972462738274e-8	1.7130426115760059e-9	3.849992085248275e-6	1.1332340966600857e-8	1.0119931795374905e-9	3.959838938558851e-5
576.0	2.2391358158868563e-8	1.711008295294331e-9	3.849992122122087e-6	1.132931312798246e-8	1.0126089883053426e-9	3.959838890713284e-5
577.0	2.2347346788722798e-8	1.7112821562359682e-9	3.849991700001435e-6	1.1332660115528846e-8	1.012275254689931e-9	3.9598389057571474e-5
578.0	2.236826171488283e-8	1.7092060862651481e-9	3.849991347602994e-6	1.1331204039890263e-8	1.0125984924700613e-9	3.959838846039172e-5
579.0	2.2409423997606406e-8	1.708802912055466e-9	3.849991130060858e-6	1.1333835915309477e-8	1.0123214825158591e-9	3.959838865305731e-5
580.0	2.239982663132209e-8	1.7093435406108508e-9	3.849991821344483e-6	1.1333884859291762e-8	1.0123745499567776e-9	3.959838834194851e-5
581.0	2.239403852671416e-8	1.7087588279788137e-9	3.84999192320733e-6	1.1333917848401902e-8	1.0121825125691476e-9	3.959838844704451e-5
582.0	2.2377712592356422e-8	1.7120419446713238e-9	3.849992386694398e-6	1.1334215686256899e-8	1.0119745068731479e-9	3.959838858262947e-5
583.0	2.2366443459399845e-8	1.7124797201563806e-9	3.8499918987938855e-6	1.1332755427082033e-8	1.0122146426377542e-9	3.9598388527708076e-5
584.0	2.238836066957883e-8	1.7127528619212637e-9	3.849991373286303e-6	1.1332810835166074e-8	1.0116816670824618e-9	3.959838879702488e-5
585.0	2.2385928243176e-8	1.7121083054048563e-9	3.849991271163657e-6	1.133121874536892e-8	1.012417262956313e-9	3.95983887337275e-5
586.0	2.2411766179549323e-8	1.7114363371948865e-9	3.849991370117751e-6	1.1332348763736856e-8	1.0118428887722774e-9	3.9598388853435206e-5
587.0	2.2383607543980815e-8	1.7104619102197977e-9	3.849991863937831e-6	1.1329403609067787e-8	1.0123414618527565e-9	3.959838892420744e-5
588.0	2.2358622487485167e-8	1.7090976218369367e-9	3.849991891123557e-6	1.133293612788725e-8	1.0120155066349332e-9	3.959838879804166e-5
589.0	2.2391677165378712e-8	1.71114100831905e-9	3.849991923013867e-6	1.1329345531052487e-8	1.0117847798864477e-9	3.959838880885354e-5
590.0	2.2412443407886044e-8	1.711251749665981e-9	3.8499914479234e-6	1.1334430825622408e-8	1.011765367388724e-9	3.9598388564371084e-5
591.0	2.2394006147038544e-8	1.7139626657365114e-9	3.849991978457737e-6	1.1332364507500355e-8	1.0111882407397155e-9	3.959838850335213e-5
592.0	2.2369318858725313e-8	1.7131414174690778e-9	3.849991711056353e-6	1.1336292206639533e-8	1.011806016219366e-9	3.95983884125815e-5
593.0	2.2372265814671973e-8	1.7127305495257096e-9	3.849991805617393e-6	1.1334948854512096e-8	1.0113497440848364e-9	3.9598388402050345e-5
594.0	2.2403238115166387e-8	1.7138080220374875e-9	3.8499913322117725e-6	1.1337021510116475e-8	1.0122509982360915e-9	3.959838847574636e-5
595.0	2.2397664592372652e-8	1.7114127107626757e-9	3.849991266726679e-6	1.133508140232815e-8	1.0119290970193384e-9	3.959838852696237e-5
596.0	2.235727548777163e-8	1.7118733516191926e-9	3.849991199388308e-6	1.1335293946266668e-8	1.0121428766470217e-9	3.959838856090604e-5
597.0	2.241769515533609e-8	1.7109991603684564e-9	3.849992292577217e-6	1.133392259877033e-8	1.0124328618213098e-9	3.959838886683948e-5
598.0	2.2394823512276354e-8	1.7120796368015947e-9	3.849992497048163e-6	1.1332077934407693e-8	1.0119642538268541e-9	3.959838877392856e-5
599.0	2.2398613759962672e-8	1.713120759362851e-9	3.849991494948721e-6	1.1332191762671005e-8	1.012809555670686e-9	3.9598389153427645e-5
600.0	2.2369461521334923e-8	1.712977115722029e-9	3.849991184758235e-6	1.1329019487283992e-8	1.01225848374662e-9	3.959838907400812e-5
601.0	2.2408800182055923e-8	1.7137447742129256e-9	3.84999059613406e-6	1.1331619083446613e-8	1.0131544565019262e-9	3.9598389421353606e-5
602.0	2.241194624535095e-8	1.7128604381677293e-9	3.849991404929957e-6	1.1328190015223803e-8	1.0128896767291029e-9	3.9598389485394534e-5
603.0	2.2380506333286195e-8	1.7129679204891787e-9	3.849991682830987e-6	1.1332475730316526e-8	1.0130327216264855e-9	3.959838951317512e-5
604.0	2.2368329403655938e-8	1.7128655683951398e-9	3.8499917534939215e-6	1.1330207926133749e-8	1.0130574061454749e-9	3.9598389763048845e-5
605.0	2.242984992362824e-8	1.7129549829334153e-9	3.849991966180471e-6	1.1333560879241017e-8	1.012581784032849e-9	3.9598389451508534e-5
606.0	2.2433210445950516e-8	1.7137477087425835e-9	3.849991713458498e-6	1.1331531980577437e-8	1.0128232491285727e-9	3.9598389626666925e-5
607.0	2.2357024086129666e-8	1.7130925302835855e-9	3.849991058791957e-6	1.1334474274073377e-8	1.012090860064434e-9	3.959838931999058e-5
608.0	2.2389455889115475e-8	1.7132775130666888e-9	3.849991373297673e-6	1.1332224387046336e-8	1.0125962003272711e-9	3.959838929838064e-5
609.0	2.2414287437920607e-8	1.7143010669557615e-9	3.849991871275717e-6	1.1334092573982697e-8	1.0119313859795207e-9	3.959838932940051e-5
610.0	2.24441322330764e-8	1.7139592707296047e-9	3.849990769733096e-6	1.133260459280128e-8	1.012088103257824e-9	3.959838919699004e-5
611.0	2.237137390167315e-8	1.713448347810439e-9	3.84999059415186e-6	1.1332984533263185e-8	1.0117919181270641e-9	3.959838941282374e-5
612.0	2.2362472408489795e-8	1.7135048696931562e-9	3.8499923322324006e-6	1.1332536798242196e-8	1.0114799140928664e-9	3.959838922796463e-5
613.0	2.2432349032904365e-8	1.714262390474128e-9	3.8499919227036876e-6	1.1332298884534715e-8	1.0116378306349392e-9	3.9598389414439506e-5
614.0	2.2413484505291806e-8	1.7138263071083647e-9	3.849991680503357e-6	1.133477441606009e-8	1.011174610422963e-9	3.959838935877805e-5
615.0	2.237713784384167e-8	1.7145934744887524e-9	3.849991414000642e-6	1.1333462956482274e-8	1.0115455157407128e-9	3.9598389360507475e-5
616.0	2.2377132530881494e-8	1.7148259372729448e-9	3.8499910927695445e-6	1.1336995949995807e-8	1.0113929670376354e-9	3.9598389582849795e-5
617.0	2.2401676066156013e-8	1.7142001058747002e-9	3.84999045280914e-6	1.1335199483325018e-8	1.0114564105717744e-9	3.959838932120867e-5
618.0	2.2402631934908205e-8	1.7150857691518792e-9	3.849991527183903e-6	1.133715865453269e-8	1.0117242812937596e-9	3.959838979528518e-5
619.0	2.2364058329182325e-8	1.714993964998954e-9	3.849992472410375e-6	1.1334754714297626e-8	1.0116449008332374e-9	3.959838938663252e-5
620.0	2.2412418972929082e-8	1.714509604224799e-9	3.84999182452428e-6	1.1336273958503154e-8	1.0120216474279145e-9	3.959838989474441e-5
621.0	2.2425455573098816e-8	1.7150996241312446e-9	3.849991748180131e-6	1.1333052548942973e-8	1.0119210276528959e-9	3.9598389428939504e-5
622.0	2.2395734306820108e-8	1.713893968496825e-9	3.849991663253401e-6	1.1333229899135558e-8	1.0123335362353894e-9	3.959838976674707e-5
623.0	2.2345482489742486e-8	1.7136757979110763e-9	3.849990681046473e-6	1.1330063896989164e-8	1.012353908436666e-9	3.9598389412649875e-5
624.0	2.2415083891230394e-8	1.7154991598798048e-9	3.849991455147282e-6	1.1329606467663438e-8	1.0126108866456208e-9	3.959838944395249e-5
625.0	2.244297904924948e-8	1.7158085454776223e-9	3.849992686002551e-6	1.132801262183991e-8	1.0126366131733733e-9	3.959838929952683e-5
626.0	2.2388421549965546e-8	1.7148836474722344e-9	3.84999213004352e-6	1.1328343618906193e-8	1.012604999638265e-9	3.959838922966874e-5
627.0	2.2367259158070838e-8	1.7161311818646268e-9	3.8499911957500374e-6	1.1330015442569627e-8	1.0125380049525794e-9	3.959838911874722e-5
628.0	2.237313911534403e-8	1.7163014104373517e-9	3.8499913195606265e-6	1.1330745160465168e-8	1.0124778852328962e-9	3.959838904989935e-5
629.0	2.2448140707954626e-8	1.715473476644083e-9	3.849990934614755e-6	1.1333298511629817e-8	1.0122408812842746e-9	3.959838869890668e-5
630.0	2.2420191957570416e-8	1.7151451816708218e-9	3.849990971483378e-6	1.1334055079561964e-8	1.012302592605381e-9	3.9598388769649675e-5
631.0	2.237326687923391e-8	1.716314519289809e-9	3.849991522341009e-6	1.1336420027139466e-8	1.0121008284072272e-9	3.9598388223131535e-5
632.0	2.238278567267862e-8	1.7137464668384088e-9	3.849992420316973e-6	1.1335827354861086e-8	1.0120666924833121e-9	3.959838836556601e-5
633.0	2.2410238154993166e-8	1.7147001111314468e-9	3.84999160811479e-6	1.1338491838409293e-8	1.0119569681871283e-9	3.959838779904433e-5
634.0	2.2410924350287216e-8	1.7150037977786951e-9	3.849990510441504e-6	1.1336081266867505e-8	1.0119100066862457e-9	3.959838791059321e-5
635.0	2.2413997509307518e-8	1.7145544758982247e-9	3.849990916790922e-6	1.1336327661191842e-8	1.0120006890894801e-9	3.959838767213595e-5
636.0	2.238133629383561e-8	1.7149398693260853e-9	3.8499907865052465e-6	1.1333518272056141e-8	1.011907362367714e-9	3.959838769965159e-5
637.0	2.2400374651433e-8	1.7152949117424317e-9	3.849991510235545e-6	1.1332101971077495e-8	1.0121768041030805e-9	3.9598387808627865e-5
638.0	2.240045197948049e-8	1.7151310749455519e-9	3.849991453437206e-6	1.1330767458946668e-8	1.0122568682021104e-9	3.959838772071414e-5
639.0	2.241708752788104e-8	1.715311793789278e-9	3.849992158900908e-6	1.1329536579257238e-8	1.0124592624851054e-9	3.9598388216341516e-5
640.0	2.242842099183131e-8	1.717136032896e-9	3.8499914415937576e-6	1.1329689670307483e-8	1.0124409516630495e-9	3.959838779880073e-5
641.0	2.2417366602865472e-8	1.7157262817806002e-9	3.849990912710557e-6	1.1329487742429209e-8	1.012693157511521e-9	3.9598388698320204e-5
642.0	2.2383437923149392e-8	1.7165645147268243e-9	3.8499914151880475e-6	1.1329744982396635e-8	1.0126818608726072e-9	3.9598387847567264e-5
643.0	2.2390180072564626e-8	1.7170062910222547e-9	3.849991413447552e-6	1.1331189344270734e-8	1.012538391908041e-9	3.959838895748654e-5
644.0	2.2406094747278674e-8	1.7163122356441036e-9	3.849991710524465e-6	1.133221725390286e-8	1.012842875658044e-9	3.959838789355141e-5
645.0	2.244253203226868e-8	1.7167382143408793e-9	3.8499915920156536e-6	1.1333838416298092e-8	1.0126338020978258e-9	3.959838903024613e-5
646.0	2.240500724149046e-8	1.7171105682386412e-9	3.8499916797625765e-6	1.133584758505199e-8	1.0130421868471958e-9	3.959838823881535e-5
647.0	2.2379303195792373e-8	1.7166099300897675e-9	3.8499911444036625e-6	1.1336328155368368e-8	1.0127068349635687e-9	3.959838899103461e-5
648.0	2.2382816861283185e-8	1.7148751228748482e-9	3.849991090409664e-6	1.1336698711341769e-8	1.0130145766661256e-9	3.959838874169113e-5
649.0	2.241309351314296e-8	1.7163262234693954e-9	3.849991356535393e-6	1.1336137042737979e-8	1.0124447065337556e-9	3.959838887989618e-5
650.0	2.2440090461624718e-8	1.7164835824198692e-9	3.849991422040763e-6	1.1334364048886728e-8	1.0125704843675978e-9	3.959838924113209e-5
651.0	2.2426789602056727e-8	1.714693597597704e-9	3.849991496629177e-6	1.133462418831285e-8	1.0121413441686238e-9	3.95983888416317e-5
652.0	2.2382921433294877e-8	1.716425904834229e-9	3.849991235588661e-6	1.1331274585466363e-8	1.0119149544886637e-9	3.959838956781372e-5
653.0	2.239741685989402e-8	1.7176852163703167e-9	3.849991469093881e-6	1.1332400802930546e-8	1.0121342820710464e-9	3.959838897630663e-5
654.0	2.2398021074727847e-8	1.7167217043601569e-9	3.849990985421016e-6	1.132936477595649e-8	1.011535482462294e-9	3.959838973625027e-5
655.0	2.2441861715488822e-8	1.7179332537660242e-9	3.849990990950355e-6	1.1330291882831312e-8	1.0121188325010866e-9	3.9598389144221705e-5
656.0	2.241474410133237e-8	1.718820600167216e-9	3.849991294745804e-6	1.132980855457836e-8	1.011421295477981e-9	3.959838974269074e-5
657.0	2.240892484535974e-8	1.7170951715184672e-9	3.849991990334631e-6	1.1331474554657262e-8	1.0120202996357244e-9	3.9598389293372396e-5
658.0	2.2384911781174415e-8	1.7177787307590693e-9	3.849991603470281e-6	1.1332747624351089e-8	1.0117144880657632e-9	3.959838980358326e-5
659.0	2.2405914675727295e-8	1.7180750620360216e-9	3.84999150675553e-6	1.133533354850067e-8	1.011904250313744e-9	3.9598389448621236e-5
660.0	2.243047965294331e-8	1.718627073192504e-9	3.849991474382165e-6	1.13364575936091e-8	1.0121324896089696e-9	3.959838980209548e-5
661.0	2.2408374228090562e-8	1.7175822286475967e-9	3.8499910359453415e-6	1.1337339717905193e-8	1.011792966491376e-9	3.9598389616711374e-5
662.0	2.2416871037564065e-8	1.7195110815499587e-9	3.849991492305976e-6	1.1338656778982253e-8	1.0123974228195856e-9	3.9598389777435327e-5
663.0	2.2392026495969542e-8	1.718343150863332e-9	3.849991487125824e-6	1.1336701851814293e-8	1.011639829465136e-9	3.959838985154831e-5
664.0	2.242724878150434e-8	1.7184801978701072e-9	3.849992060689535e-6	1.1339301606655312e-8	1.012251354532734e-9	3.9598389786822105e-5
665.0	2.240450888337513e-8	1.7191232939261182e-9	3.8499916747402234e-6	1.1334798820016112e-8	1.0116873646392936e-9	3.959839005057053e-5
666.0	2.239509135871615e-8	1.7167401594171897e-9	3.849991070154911e-6	1.1336503127869207e-8	1.0120107904287644e-9	3.959838983723128e-5
667.0	2.242832486576848e-8	1.7179035323448184e-9	3.849991042344836e-6	1.1331677614596796e-8	1.0119680828988202e-9	3.959839004811512e-5
668.0	2.24350989111638e-8	1.719617374911339e-9	3.8499910934699535e-6	1.1332200623071452e-8	1.0120708630913103e-9	3.959838977175899e-5
669.0	2.2404159952568866e-8	1.7183959005364317e-9	3.849992008023419e-6	1.1328940100663087e-8	1.0123943948757472e-9	3.9598389677572446e-5
670.0	2.2380349105578545e-8	1.7200777177199557e-9	3.84999137209179e-6	1.13306436659097e-8	1.0122442088746488e-9	3.959838952368928e-5
671.0	2.2407153007286223e-8	1.7189143282659892e-9	3.8499914234724965e-6	1.132872721212035e-8	1.0126870051714368e-9	3.959838922674865e-5
672.0	2.2446258131245006e-8	1.7210929103359772e-9	3.849991009537301e-6	1.1333098402110682e-8	1.0122255397800472e-9	3.9598389323820445e-5
673.0	2.24154403425306e-8	1.7187013646466368e-9	3.8499913737121365e-6	1.1331863978602928e-8	1.0126422597833697e-9	3.959838906862897e-5
674.0	2.2385544776775157e-8	1.719628374193308e-9	3.849990993865797e-6	1.1335311755589517e-8	1.0120807846296429e-9	3.9598389211361785e-5
675.0	2.2421298133048933e-8	1.7195458436157163e-9	3.849991688394878e-6	1.1336120166311923e-8	1.0123805801520838e-9	3.959838902274538e-5
676.0	2.242100541579913e-8	1.7182587217141582e-9	3.849991461777908e-6	1.1336198288189864e-8	1.0122326778149603e-9	3.959838906804417e-5
677.0	2.2409736815936338e-8	1.7197563589748018e-9	3.84999089692306e-6	1.1339206005253268e-8	1.0122935382528887e-9	3.959838903236684e-5
678.0	2.2385410470223766e-8	1.7196659312402475e-9	3.849990897176011e-6	1.1336399684335556e-8	1.01268652633173e-9	3.959838889394783e-5
679.0	2.2433994965631512e-8	1.720218339987047e-9	3.849991294037178e-6	1.1338559202013412e-8	1.0123676802298947e-9	3.9598388943455015e-5
680.0	2.2447373437891578e-8	1.7202091395689803e-9	3.849991447848867e-6	1.1334008287188084e-8	1.0127754305571183e-9	3.959838873566204e-5
681.0	2.2401342573663668e-8	1.720744083524141e-9	3.849991628071256e-6	1.1334620943886504e-8	1.0122560249402382e-9	3.9598388777502395e-5
682.0	2.2373850177255638e-8	1.7206164907979525e-9	3.849991139692916e-6	1.133122980422e-8	1.0125785172657425e-9	3.959838855866449e-5
683.0	2.2421040098778275e-8	1.7204956457914031e-9	3.849991038877644e-6	1.1332248370950227e-8	1.0120439825767027e-9	3.959838863661949e-5
684.0	2.247497563610549e-8	1.7204845255396564e-9	3.849990693877475e-6	1.1328582247916461e-8	1.0123991088974087e-9	3.9598388544477716e-5
685.0	2.2441343118934926e-8	1.7214929209122991e-9	3.849991071353719e-6	1.1332445163302254e-8	1.0121926976468662e-9	3.959838864958377e-5
686.0	2.238799392512808e-8	1.72171376318573e-9	3.8499916868263705e-6	1.1329220974030887e-8	1.0121525015138731e-9	3.959838859780891e-5
687.0	2.2408693178243847e-8	1.7218296192206784e-9	3.849991530732401e-6	1.133378761500351e-8	1.0122834418293637e-9	3.959838857845372e-5
688.0	2.2422832274127107e-8	1.720880722542962e-9	3.849991773392959e-6	1.1333038886167186e-8	1.0117149130916752e-9	3.959838842563587e-5
689.0	2.2465102732596866e-8	1.722313384757272e-9	3.849991511269607e-6	1.1335303335562578e-8	1.0120137729197283e-9	3.959838846285308e-5
690.0	2.2435838855812422e-8	1.721503573845855e-9	3.849991049824177e-6	1.1336497032273726e-8	1.0113732438857299e-9	3.959838834190042e-5
691.0	2.2410229585022675e-8	1.7206413199839573e-9	3.849990476548765e-6	1.1335862954329903e-8	1.01181192087162e-9	3.959838848791807e-5
692.0	2.2403223962214165e-8	1.721987976974914e-9	3.84999152493097e-6	1.1337666623006192e-8	1.0116888595913405e-9	3.959838855676236e-5
693.0	2.2406633147747413e-8	1.7214045092409666e-9	3.849991935517971e-6	1.1335583802851312e-8	1.011863126497844e-9	3.9598388570438435e-5
694.0	2.244257716634258e-8	1.7209397850635746e-9	3.849991622559481e-6	1.1336478760117626e-8	1.0121416169402063e-9	3.959838887297754e-5
695.0	2.2447270887594102e-8	1.7228201401891126e-9	3.8499918703255655e-6	1.1334975756671137e-8	1.011868677889568e-9	3.959838879779718e-5
696.0	2.24079337189641e-8	1.7215098742404432e-9	3.849991872795417e-6	1.1334685787216459e-8	1.0123005125640584e-9	3.9598389238347136e-5
697.0	2.240123309834624e-8	1.7220030062361963e-9	3.849990261101412e-6	1.1332673129626626e-8	1.01189066120982e-9	3.959838917699811e-5
698.0	2.241166389317955e-8	1.7220361658204922e-9	3.849990846706839e-6	1.1333222083278942e-8	1.0123477412792553e-9	3.959838942356034e-5
699.0	2.2426323998217216e-8	1.7218051539312358e-9	3.849991948403165e-6	1.1330724803148738e-8	1.0121159498882433e-9	3.9598389346615166e-5
700.0	2.245733323177595e-8	1.7221512884803045e-9	3.849991810481856e-6	1.1331875895949447e-8	1.012502939379375e-9	3.959838935695015e-5
701.0	2.2418040537753818e-8	1.7212366317956888e-9	3.849991473727729e-6	1.1330670928984344e-8	1.0125377430007682e-9	3.959838932313739e-5
702.0	2.24540238349008e-8	1.7229209751410277e-9	3.849991854870479e-6	1.1331486660585287e-8	1.012626464219222e-9	3.959838926498291e-5
703.0	2.2383327003028792e-8	1.7207757917415076e-9	3.84999142674953e-6	1.1331380738105739e-8	1.0126584110690067e-9	3.959838911503595e-5
704.0	2.2418215328968487e-8	1.7223466415178639e-9	3.849990987270516e-6	1.1331108030579693e-8	1.0123457469799299e-9	3.959838906880501e-5
705.0	2.2441231851580654e-8	1.7233132684331473e-9	3.8499912338162215e-6	1.1332689726237373e-8	1.0124692895296887e-9	3.959838893655673e-5
706.0	2.246840444586483e-8	1.722475255703707e-9	3.849991975679271e-6	1.1331195211500242e-8	1.012204569774869e-9	3.9598388966929205e-5
707.0	2.2418407260770352e-8	1.7234202867344798e-9	3.849991480005096e-6	1.1333756809763422e-8	1.0126695422471044e-9	3.9598389206699546e-5
708.0	2.2376809212445926e-8	1.723275977265266e-9	3.84999162404103e-6	1.1333286755753348e-8	1.0126371810897567e-9	3.959838928386924e-5
709.0	2.243930796719265e-8	1.7231848107529252e-9	3.849991886156268e-6	1.13349826588299e-8	1.0127638958555535e-9	3.95983896270876e-5
710.0	2.2468391092952087e-8	1.7238731952250901e-9	3.849991594573854e-6	1.1335085352946102e-8	1.0125585594803282e-9	3.959838957179321e-5
711.0	2.2436825180153748e-8	1.7238856109230794e-9	3.8499911699308655e-6	1.1335124884874378e-8	1.0122342946088618e-9	3.959838972528486e-5
712.0	2.238585166536401e-8	1.7236568925931771e-9	3.849991034927575e-6	1.1335542615655688e-8	1.0119853392901956e-9	3.959838951503571e-5
713.0	2.2418095233227802e-8	1.7249817777043987e-9	3.8499915821048285e-6	1.1334466192122311e-8	1.0117931121878223e-9	3.9598389663634444e-5
714.0	2.2464735869411493e-8	1.7246527702003357e-9	3.8499918988450835e-6	1.1335230105831242e-8	1.012131344308208e-9	3.959838930199539e-5
715.0	2.2435430961999905e-8	1.7253671454560993e-9	3.849991952689469e-6	1.1333357135170485e-8	1.0121974902792418e-9	3.959838941580077e-5
716.0	2.239201459602543e-8	1.7248007452348785e-9	3.849991957231714e-6	1.1333902531032554e-8	1.01259088045089e-9	3.959838916406585e-5
717.0	2.243970197150941e-8	1.7246858941848795e-9	3.849991619223756e-6	1.1331211891708784e-8	1.0126214027258302e-9	3.9598389310148276e-5
718.0	2.245361691713943e-8	1.7241693766592948e-9	3.849990933309152e-6	1.1332593963022849e-8	1.0126941034557189e-9	3.9598389256194046e-5
719.0	2.2450931316388264e-8	1.7242696461018557e-9	3.849990804614484e-6	1.1328612247871725e-8	1.0123667688822838e-9	3.959838936522816e-5
720.0	2.2382671473396676e-8	1.7253568859774785e-9	3.849991713417579e-6	1.1330733343123567e-8	1.0122681685697865e-9	3.9598389417561134e-5
721.0	2.2433923194953778e-8	1.7269574704559104e-9	3.8499921213779555e-6	1.1328125169306084e-8	1.0119511424113156e-9	3.959838936880702e-5
722.0	2.24427762404611e-8	1.7262937635615935e-9	3.8499917486995346e-6	1.1330708126483981e-8	1.0120382246416474e-9	3.959838939631657e-5
723.0	2.242824266998765e-8	1.726447797811565e-9	3.849991449368307e-6	1.1331255262272479e-8	1.012073637407229e-9	3.959838942275588e-5
724.0	2.2398239223952116e-8	1.7267357023037558e-9	3.849991134199524e-6	1.1333223020420068e-8	1.01201025816375e-9	3.959838919939868e-5
725.0	2.2434293911577958e-8	1.725252466588452e-9	3.849990792203472e-6	1.1336212940622211e-8	1.0123499234533175e-9	3.9598389324693885e-5
726.0	2.2439264475105043e-8	1.7245989063300857e-9	3.849990811541021e-6	1.1337071775986312e-8	1.0121835730163117e-9	3.959838898174131e-5
727.0	2.2413645636950142e-8	1.7253013291321585e-9	3.849991614237763e-6	1.1340189328376213e-8	1.012416836082673e-9	3.959838920873652e-5
728.0	2.2396658387076347e-8	1.7257540964428984e-9	3.849991920463751e-6	1.1339411377122832e-8	1.0122325547508706e-9	3.959838873567938e-5
729.0	2.2433383256684493e-8	1.7270114631234897e-9	3.84999175985768e-6	1.1340449012255983e-8	1.0121329033582503e-9	3.959838901776538e-5
730.0	2.2466523114241523e-8	1.7287180000539367e-9	3.849991477391929e-6	1.1336697924834992e-8	1.0121539417241898e-9	3.959838872108118e-5
731.0	2.2421926403489938e-8	1.7283060088807072e-9	3.849990760148262e-6	1.133656972846567e-8	1.011706677834942e-9	3.9598388830240225e-5
732.0	2.2396767414278528e-8	1.7274884510504122e-9	3.849991164180446e-6	1.1330083449372243e-8	1.01177251474489e-9	3.959838880800265e-5
733.0	2.2420188596838653e-8	1.7281776096662699e-9	3.849992001255643e-6	1.1331027241254747e-8	1.011547261240804e-9	3.9598388798382774e-5
734.0	2.246443501679476e-8	1.7270994660487215e-9	3.849991948544693e-6	1.1324314372976309e-8	1.011667217578356e-9	3.959838877156613e-5
735.0	2.2466772585548095e-8	1.7262530198833015e-9	3.849992174317708e-6	1.1326733868970396e-8	1.0117962916518306e-9	3.959838869898104e-5
736.0	2.2409237643095728e-8	1.7290122177170816e-9	3.849992012794589e-6	1.1324666730845896e-8	1.0120219200279753e-9	3.959838845964579e-5
737.0	2.2415915697633395e-8	1.7298068435001823e-9	3.849991206257078e-6	1.1327648872381159e-8	1.0124663197804043e-9	3.959838837410688e-5
738.0	2.242676210593369e-8	1.7306936647358354e-9	3.849990383131021e-6	1.1330441191313417e-8	1.0127057958648646e-9	3.9598388175664805e-5
739.0	2.2450019979640626e-8	1.7307408531511276e-9	3.8499920267966185e-6	1.1333283104107773e-8	1.0129105634800398e-9	3.959838809606041e-5
740.0	2.2442431226352262e-8	1.731228369476404e-9	3.849992608785043e-6	1.1337840472335117e-8	1.012912625106364e-9	3.9598388305273836e-5
741.0	2.2427706845383496e-8	1.7289307082058473e-9	3.849992150878161e-6	1.1339050289092023e-8	1.012653188482829e-9	3.959838819315876e-5
742.0	2.2433914123134632e-8	1.7293143486518472e-9	3.8499915134999955e-6	1.1341713307076713e-8	1.0126842182976202e-9	3.9598388904582674e-5
743.0	2.2409171227666393e-8	1.7289817625466144e-9	3.849990922516135e-6	1.1340200315807324e-8	1.0122438820942012e-9	3.959838852210358e-5
744.0	2.243885469701427e-8	1.728832086665156e-9	3.849991058623359e-6	1.1340329313321395e-8	1.012450924045378e-9	3.959838934265102e-5
745.0	2.2452620196030665e-8	1.7313116660260865e-9	3.849991150602999e-6	1.1335580228558416e-8	1.0123634648243687e-9	3.959838889211508e-5
746.0	2.245887012157286e-8	1.730580853143638e-9	3.8499918306671805e-6	1.1334859673632028e-8	1.0125901902787013e-9	3.9598389479225756e-5
747.0	2.2416577718800933e-8	1.7331099046228434e-9	3.849992269489528e-6	1.1327989968415952e-8	1.0128133345659248e-9	3.959838924665703e-5
748.0	2.2414296830800123e-8	1.7318216828716834e-9	3.849991778912127e-6	1.1328054260938212e-8	1.0125720505594324e-9	3.959838933915084e-5
749.0	2.244442147793555e-8	1.730833138241385e-9	3.849990625334505e-6	1.1323494197101718e-8	1.0128642874823274e-9	3.959838930017915e-5
750.0	2.246943792263158e-8	1.7314111095390498e-9	3.8499913085226445e-6	1.1325691664824518e-8	1.0124079535956168e-9	3.959838910269994e-5
751.0	2.2442912231861256e-8	1.7299357930568476e-9	3.8499915629482585e-6	1.1326020927086737e-8	1.012497955078867e-9	3.959838927957484e-5
752.0	2.243300857582082e-8	1.730108337864342e-9	3.849991731572045e-6	1.1329575589981066e-8	1.0122884415026992e-9	3.9598389100260776e-5
753.0	2.243295756487302e-8	1.730943926684036e-9	3.849991980199347e-6	1.1334251752172481e-8	1.0122082644876354e-9	3.959838948906646e-5
754.0	2.244013485266103e-8	1.732841773026796e-9	3.8499919948014075e-6	1.133726733309931e-8	1.0120949553074585e-9	3.9598389381337906e-5
755.0	2.2463814584456762e-8	1.7337437534226846e-9	3.849991319181301e-6	1.1341231393538288e-8	1.0116106369646173e-9	3.959838957185686e-5
756.0	2.242684623136464e-8	1.7336404520886562e-9	3.849991382618135e-6	1.134205063413769e-8	1.0118306450215788e-9	3.959838947893988e-5
757.0	2.2454495891692448e-8	1.7341179652416235e-9	3.849991306182244e-6	1.1342759752884883e-8	1.0115129511970584e-9	3.9598389593024246e-5
758.0	2.242087814588154e-8	1.7313999247122313e-9	3.849991821321807e-6	1.1340375327803458e-8	1.012081958055315e-9	3.959838959694781e-5
759.0	2.2452672145932783e-8	1.7313043690863774e-9	3.849992230512974e-6	1.1338384781359462e-8	1.0121702145195208e-9	3.959838973855237e-5
760.0	2.2459946537026072e-8	1.7318106091530838e-9	3.849992143608378e-6	1.1333104153590638e-8	1.012468123468073e-9	3.959838969331958e-5
761.0	2.24585198759102e-8	1.7321965245167733e-9	3.84999201904072e-6	1.1330527187479403e-8	1.0124281433954556e-9	3.9598389818376285e-5
762.0	2.242717675111175e-8	1.73271070329731e-9	3.849991122727177e-6	1.132538533428212e-8	1.0122172268720425e-9	3.959838971801373e-5
763.0	2.2452745081350282e-8	1.7337718614144436e-9	3.849991280504036e-6	1.1324729230521122e-8	1.012323084449587e-9	3.959838990838489e-5
764.0	2.244502507479151e-8	1.7346677855014176e-9	3.84999175663281e-6	1.132372732378982e-8	1.0121664046037452e-9	3.959838996505294e-5
765.0	2.2470409673722026e-8	1.7327285102415327e-9	3.849991736665648e-6	1.1325625930658066e-8	1.0124438298814358e-9	3.9598390060554605e-5
766.0	2.2439417687008496e-8	1.732617200223116e-9	3.849992175023993e-6	1.1329278180795317e-8	1.0124434534120155e-9	3.959839023160842e-5
767.0	2.245065501119601e-8	1.7320792755206126e-9	3.849991921537329e-6	1.133268588131013e-8	1.0124921196404298e-9	3.9598389933438385e-5
768.0	2.247490383427217e-8	1.7312303539056773e-9	3.84999166398374e-6	1.1336992707209931e-8	1.0124360464699032e-9	3.95983901278421e-5
769.0	2.2445320043081134e-8	1.7318888186938217e-9	3.849991043829139e-6	1.1339672889304911e-8	1.0122629630714251e-9	3.959838953424715e-5
770.0	2.24522083772063e-8	1.734550223538517e-9	3.849991903008475e-6	1.1341463821331336e-8	1.0122827525622947e-9	3.959838971132592e-5
771.0	2.2464442188983794e-8	1.734310009301435e-9	3.8499914519548585e-6	1.134168147811003e-8	1.0122964796074527e-9	3.959838913631921e-5
772.0	2.246138158387117e-8	1.7344638433412844e-9	3.849990837981964e-6	1.1339928697671888e-8	1.0123307108435526e-9	3.9598389180686114e-5
773.0	2.2453712469894037e-8	1.7351524906797364e-9	3.84999204993141e-6	1.1337874424049922e-8	1.0125787550403722e-9	3.959838897161918e-5
774.0	2.2445337470318765e-8	1.7341694379799497e-9	3.849992415795445e-6	1.1334307234587283e-8	1.0123969564298407e-9	3.959838892022115e-5
775.0	2.247997067791031e-8	1.732760665978467e-9	3.849991452401147e-6	1.1331035681297928e-8	1.0126972474736407e-9	3.959838911237238e-5
776.0	2.2483404289930927e-8	1.7333796135446505e-9	3.84999189561236e-6	1.1327854467681738e-8	1.0122909838005554e-9	3.9598388794690774e-5
777.0	2.24360583695898e-8	1.7334558174649513e-9	3.849991971500811e-6	1.1326143475313443e-8	1.0124412273095435e-9	3.959838915794628e-5
778.0	2.2445519925562785e-8	1.7345565941720638e-9	3.849991374086591e-6	1.1324751023174857e-8	1.0122820201851464e-9	3.9598388627311616e-5
779.0	2.2477879034197373e-8	1.736415030578057e-9	3.849991299873658e-6	1.1326674881739705e-8	1.0123826090812768e-9	3.9598388981675106e-5
780.0	2.2491594449250784e-8	1.7367759263470533e-9	3.8499930274733675e-6	1.1327464204757711e-8	1.0127427579353928e-9	3.959838846903965e-5
781.0	2.2450967644680243e-8	1.73609641215177e-9	3.849992672743822e-6	1.1331221530681188e-8	1.0125806487117978e-9	3.959838863660209e-5
782.0	2.242328472866298e-8	1.7355349544073215e-9	3.849991408600316e-6	1.1333445039445609e-8	1.0132105751512016e-9	3.959838831122748e-5
783.0	2.2474923297571535e-8	1.734720040449853e-9	3.849991805796375e-6	1.1336450811812915e-8	1.0128222115559877e-9	3.959838834245042e-5
784.0	2.2479132780979893e-8	1.7347080849375005e-9	3.849992421663645e-6	1.1338724529155284e-8	1.01309573346659e-9	3.959838822324363e-5
785.0	2.2468010527541956e-8	1.735344646500406e-9	3.849991493958121e-6	1.1339346909150796e-8	1.0129169405555739e-9	3.959838832300587e-5
786.0	2.2424754664315e-8	1.735450653919131e-9	3.8499914645280166e-6	1.1340538268249432e-8	1.0126690517114486e-9	3.959838835007707e-5
787.0	2.245024731133352e-8	1.7368829855286047e-9	3.849992667736847e-6	1.1338997983038191e-8	1.012701139740231e-9	3.959838838720914e-5
788.0	2.246803393173318e-8	1.7360189813419305e-9	3.849991907101581e-6	1.1338525601551451e-8	1.0121853789828759e-9	3.9598388549686325e-5
789.0	2.2452196124730132e-8	1.7363769213905798e-9	3.849991545851116e-6	1.1335297445340028e-8	1.0124969081101932e-9	3.9598388387012786e-5
790.0	2.246214809445612e-8	1.737064326005966e-9	3.849992358154425e-6	1.1334254596794216e-8	1.0121583643894876e-9	3.9598388730714816e-5
791.0	2.246081364436703e-8	1.7325528055547156e-9	3.8499920934486805e-6	1.1330409065351478e-8	1.0126284539464493e-9	3.959838848084905e-5
792.0	2.2474889133829252e-8	1.7349541184121e-9	3.849991014569412e-6	1.133030484834987e-8	1.0123948580699802e-9	3.959838886942363e-5
793.0	2.24449599098611e-8	1.736937262621953e-9	3.849991766866055e-6	1.1327448891656198e-8	1.012928782621367e-9	3.959838878101284e-5
794.0	2.246475194529474e-8	1.736586637026898e-9	3.8499922853679785e-6	1.1329019651064913e-8	1.0124473534330553e-9	3.959838893364662e-5
795.0	2.247086127570012e-8	1.739438442369043e-9	3.84999187598909e-6	1.1327419791894658e-8	1.0125543258528463e-9	3.9598389134589626e-5
796.0	2.2483365877071284e-8	1.7379055330315648e-9	3.849992255438065e-6	1.132937729525723e-8	1.012476213757229e-9	3.9598388988138835e-5
797.0	2.243923371193744e-8	1.7365623211916009e-9	3.849992334845455e-6	1.1329701546030548e-8	1.0120913957124642e-9	3.959838923468838e-5
798.0	2.2456254572730378e-8	1.7366957331036307e-9	3.849991615234948e-6	1.1331835812844559e-8	1.0124024894553531e-9	3.959838889118916e-5
799.0	2.2470097150379493e-8	1.7350613284871317e-9	3.849991436825321e-6	1.1334868509064974e-8	1.0120002293781186e-9	3.959838914538318e-5
800.0	2.2479577951947332e-8	1.7362375118679964e-9	3.849992451686237e-6	1.1336859006930083e-8	1.0125367259126748e-9	3.959838890700793e-5
