turn	ele_ex	ele_ey	ele_ez	pro_ex	pro_ey	pro_ez
0.0	2.042908293953415e-8	1.6115840823421875e-9	3.8499871731240865e-6	1.1281249147272375e-8	1.0034676489862682e-9	3.959997587408601e-5
1.0	2.090262397725706e-8	1.6247418687762557e-9	3.849987607828273e-6	1.1285580509656448e-8	1.0051166899559984e-9	3.959997592519194e-5
2.0	2.1009333550016828e-8	1.6231210069528048e-9	3.849988246065155e-6	1.1296913221756465e-8	1.0049518250982652e-9	3.9599976138324344e-5
3.0	2.085426342470048e-8	1.6317864428009277e-9	3.849988464376778e-6	1.1314863986927033e-8	1.007041275648122e-9	3.959997582173269e-5
4.0	2.0730217334286973e-8	1.64484262993815e-9	3.849988001685758e-6	1.132584550531764e-8	1.0077535151347322e-9	3.9599976216526525e-5
5.0	2.132704153435465e-8	1.634562315019682e-9	3.849987529753467e-6	1.1335152678509751e-8	1.0080708472104623e-9	3.959997573437579e-5
6.0	2.19019327217333e-8	1.6426836187863943e-9	3.849986800590139e-6	1.1345515498983017e-8	1.0093131168848322e-9	3.959997588220905e-5
7.0	2.1530888712510655e-8	1.6364810790129942e-9	3.849987651461778e-6	1.1351055746116892e-8	1.0089468602706913e-9	3.959997553640223e-5
8.0	2.133431197635332e-8	1.6380946984405618e-9	3.849988031269912e-6	1.1348907229102854e-8	1.0100979720700601e-9	3.959997537698086e-5
9.0	2.1694667128598395e-8	1.6499641211425346e-9	3.849987894588443e-6	1.1342113282547091e-8	1.0097775237998722e-9	3.95999755499249e-5
10.0	2.244732725408017e-8	1.6435967538520329e-9	3.849988131869798e-6	1.1329354499943021e-8	1.0112132520830179e-9	3.9599975195045394e-5
11.0	2.231782043901474e-8	1.6499867542084195e-9	3.849987736958256e-6	1.1307522210104707e-8	1.0114492848714953e-9	3.959997548293466e-5
12.0	2.183101304851438e-8	1.651493893717228e-9	3.8499872030393775e-6	1.1299228380643809e-8	1.0122306034854627e-9	3.959997493128656e-5
13.0	2.1909814475842635e-8	1.6499288151386602e-9	3.849987751525322e-6	1.1289380063313127e-8	1.0125217802744623e-9	3.9599975081922044e-5
14.0	2.233554566971264e-8	1.6538560640974602e-9	3.849988413876239e-6	1.1286051413694348e-8	1.012532587681321e-9	3.9599974906547396e-5
15.0	2.2446453968080778e-8	1.6495603673693699e-9	3.849987282505932e-6	1.1285833930236513e-8	1.0125371612724605e-9	3.959997479749472e-5
16.0	2.2189527467436912e-8	1.6481682008908214e-9	3.8499870109585996e-6	1.1293759763939618e-8	1.011503313152299e-9	3.9599974702928e-5
17.0	2.2080816958591824e-8	1.6480306402745232e-9	3.8499878855048405e-6	1.1302211211377825e-8	1.0116921242731176e-9	3.95999742772056e-5
18.0	2.215718058953048e-8	1.6487007739863656e-9	3.8499876020603826e-6	1.131451120856985e-8	1.0101202387396975e-9	3.959997427315327e-5
19.0	2.2204932306664775e-8	1.6510202458627046e-9	3.849988177978395e-6	1.1325207642282608e-8	1.010213442876454e-9	3.959997395363568e-5
20.0	2.2212486485839024e-8	1.653109900422117e-9	3.849988022283561e-6	1.1336597740761188e-8	1.0091475505196496e-9	3.9599974031704005e-5
21.0	2.224516798417067e-8	1.6525146579649616e-9	3.849986790598227e-6	1.1337476886892619e-8	1.0091460566437544e-9	3.959997401548413e-5
22.0	2.2194559287700554e-8	1.653074267260295e-9	3.849986884711972e-6	1.1343172046190713e-8	1.0086104953926005e-9	3.9599974011403926e-5
23.0	2.2152863955660465e-8	1.6522479927696347e-9	3.849987668600538e-6	1.133505282867208e-8	1.0083262416952882e-9	3.959997447462156e-5
24.0	2.2128425782200478e-8	1.6511275959440573e-9	3.8499879011953966e-6	1.1329434593064257e-8	1.0083181938382739e-9	3.959997415516682e-5
25.0	2.223757445691098e-8	1.6506661738286865e-9	3.849988064482337e-6	1.131987601815033e-8	1.007709868214944e-9	3.959997463507529e-5
26.0	2.228495577039093e-8	1.6520854583833455e-9	3.849987581277227e-6	1.1312565401098245e-8	1.0081530389774407e-9	3.9599974198344734e-5
27.0	2.2218325181188188e-8	1.6519667890366622e-9	3.849986533846682e-6	1.1304513689289604e-8	1.0074812480540556e-9	3.9599974824521376e-5
28.0	2.2178263443442956e-8	1.6523889851191277e-9	3.849986410808652e-6	1.1303979509319364e-8	1.0083302881238442e-9	3.9599974634047315e-5
29.0	2.2174849920436862e-8	1.6547556591950599e-9	3.849987495484735e-6	1.1302315673997973e-8	1.008100201260127e-9	3.9599975173129806e-5
30.0	2.222444652429989e-8	1.6547648018237027e-9	3.849988308999652e-6	1.1308534253116486e-8	1.0089096432304193e-9	3.959997514261427e-5
31.0	2.2260914264917355e-8	1.6545248845351366e-9	3.849988172613909e-6	1.131335399668994e-8	1.0092369504034803e-9	3.9599975371131645e-5
32.0	2.2235627592272203e-8	1.6539212439169433e-9	3.8499874689273285e-6	1.1320699672150375e-8	1.009527747795761e-9	3.959997546655848e-5
33.0	2.223395364506133e-8	1.654458008017328e-9	3.849987142548956e-6	1.1328795776820227e-8	1.0102478490364852e-9	3.959997526675189e-5
34.0	2.2175667959332816e-8	1.6541600066211246e-9	3.849986457211006e-6	1.132989331848762e-8	1.0099361493978974e-9	3.95999756241161e-5
35.0	2.2214104393205283e-8	1.6549294442811313e-9	3.8499867948059516e-6	1.1335228606672506e-8	1.010590525778599e-9	3.9599975069008335e-5
36.0	2.2259774317103863e-8	1.6560873309243778e-9	3.849987703990207e-6	1.1328922807485705e-8	1.0100823549628484e-9	3.959997546339265e-5
37.0	2.2276066704539978e-8	1.6563238639938188e-9	3.849988424695643e-6	1.1328947554462748e-8	1.010437970095988e-9	3.959997496391462e-5
38.0	2.2225374738376976e-8	1.6566520229911421e-9	3.8499878667967745e-6	1.1319951496156999e-8	1.0102299315875193e-9	3.9599975171178845e-5
39.0	2.220342279834923e-8	1.6561373108200741e-9	3.849987228128054e-6	1.1318737160302894e-8	1.0105502460523277e-9	3.959997487663867e-5
40.0	2.224633281542225e-8	1.6562999134631533e-9	3.849986988277822e-6	1.1310045516173626e-8	1.010651951469715e-9	3.959997493355125e-5
41.0	2.228268088602534e-8	1.6580783665567247e-9	3.849986252664692e-6	1.1312066769230546e-8	1.0106536172434682e-9	3.959997487265461e-5
42.0	2.2239667325668398e-8	1.6562510660783094e-9	3.849986898519715e-6	1.1306399482352221e-8	1.0107315645700352e-9	3.9599974879968084e-5
43.0	2.2232784230294536e-8	1.6582867357695798e-9	3.849988077337155e-6	1.1313844464527795e-8	1.0099068573404962e-9	3.959997488243894e-5
44.0	2.2227911854359055e-8	1.6588478836250741e-9	3.849988545961271e-6	1.1314018494215732e-8	1.009775313246367e-9	3.959997489812057e-5
45.0	2.2273493153275372e-8	1.658839828825735e-9	3.849987577465205e-6	1.132227122264985e-8	1.0087851446959342e-9	3.959997488249156e-5
46.0	2.222453945278793e-8	1.658982371245635e-9	3.849986919876714e-6	1.132523552165362e-8	1.0088275684093448e-9	3.959997488372861e-5
47.0	2.2217338531372463e-8	1.6583376858391962e-9	3.8499874313595945e-6	1.132957166573025e-8	1.0086113821709422e-9	3.959997493070474e-5
48.0	2.2260888853010972e-8	1.6591114419633943e-9	3.849986954769174e-6	1.1331766521130076e-8	1.0088335141177136e-9	3.9599974776443806e-5
49.0	2.2274327515480793e-8	1.6574003287912967e-9	3.849987411114588e-6	1.1330225208309213e-8	1.0092154682148926e-9	3.95999749426919e-5
50.0	2.2243822924833235e-8	1.6591273287263792e-9	3.849988388473992e-6	1.1330289192008212e-8	1.0093032114011425e-9	3.959997469573218e-5
51.0	2.220350865781426e-8	1.659323617836019e-9	3.849988049112317e-6	1.132456489731267e-8	1.0095161505725763e-9	3.959997493625604e-5
52.0	2.2256334676242317e-8	1.6592790765282623e-9	3.849987051540228e-6	1.132346463094517e-8	1.0093526682172613e-9	3.9599974898801964e-5
53.0	2.2310688340914714e-8	1.6609829789825644e-9	3.849987271729471e-6	1.1315662731398228e-8	1.009421353585515e-9	3.9599975040777425e-5
54.0	2.224546824794639e-8	1.6597023786500307e-9	3.8499876489814915e-6	1.1316843551067297e-8	1.0092307873467944e-9	3.9599974965631284e-5
55.0	2.21950503235101e-8	1.659512987056208e-9	3.849987035143028e-6	1.1311873782229059e-8	1.009420736592465e-9	3.95999748764655e-5
56.0	2.2254236811853043e-8	1.6586493398739083e-9	3.849987534001266e-6	1.1317840130783845e-8	1.0095517249481284e-9	3.9599974765617905e-5
57.0	2.2320394125727695e-8	1.658132140456598e-9	3.849987699923451e-6	1.131736008926846e-8	1.0099298850769252e-9	3.959997459438992e-5
58.0	2.2287983300263398e-8	1.6583320221020799e-9	3.849986957712834e-6	1.1325269700663039e-8	1.0102076002349894e-9	3.959997454619104e-5
59.0	2.218660468652114e-8	1.6573587912677353e-9	3.849987402601243e-6	1.132612994639154e-8	1.0105886882994197e-9	3.959997449507986e-5
60.0	2.2265606968616952e-8	1.6590089182939902e-9	3.8499875686864315e-6	1.133032093538208e-8	1.0108630372109096e-9	3.9599974562637586e-5
61.0	2.2319014293383984e-8	1.660492248535355e-9	3.849987241668617e-6	1.1329373715189936e-8	1.0108129306489503e-9	3.959997461842514e-5
62.0	2.2285822826478632e-8	1.6600779604994921e-9	3.849987090998269e-6	1.1328561875900274e-8	1.0109310057918383e-9	3.959997456675608e-5
63.0	2.2213496076948345e-8	1.6596275554992223e-9	3.849987683539903e-6	1.1325911151538626e-8	1.0105565996742292e-9	3.9599974472733434e-5
64.0	2.2256783752614607e-8	1.6596728754117585e-9	3.849986934391654e-6	1.1321390147998869e-8	1.0105412268225948e-9	3.9599974417023535e-5
65.0	2.232920857005975e-8	1.6592831141759544e-9	3.849986675768076e-6	1.1317782486615607e-8	1.0101676817547824e-9	3.959997422807793e-5
66.0	2.2275687681187155e-8	1.6599100144834481e-9	3.849987628222858e-6	1.1312457862146878e-8	1.0102557175569714e-9	3.95999743472205e-5
67.0	2.2223323182258326e-8	1.660133205545398e-9	3.8499877735233766e-6	1.1312666609560762e-8	1.010144492477237e-9	3.959997438557879e-5
68.0	2.2278778375699177e-8	1.6598573670542946e-9	3.84998715014243e-6	1.1310520223744218e-8	1.0101292273718962e-9	3.959997447647311e-5
69.0	2.2308258211576353e-8	1.6612132833541903e-9	3.849986928618607e-6	1.1316513753061678e-8	1.0103059857602115e-9	3.9599974568358846e-5
70.0	2.2294103644711704e-8	1.6618375172583006e-9	3.849987468135726e-6	1.1319039638126602e-8	1.0100190887377704e-9	3.959997454674604e-5
71.0	2.2218614702115356e-8	1.6619075057109535e-9	3.8499868589926734e-6	1.1326018191576007e-8	1.0102078340787176e-9	3.959997471426672e-5
72.0	2.225264057948019e-8	1.6616291562980762e-9	3.849987044095906e-6	1.1329144123619861e-8	1.0097225391059394e-9	3.9599974698680144e-5
73.0	2.2298293980495637e-8	1.6623037654006516e-9	3.849987632879509e-6	1.1332823957102979e-8	1.0098610152581994e-9	3.959997495656454e-5
74.0	2.2277561463801826e-8	1.662878233223248e-9	3.849987500884414e-6	1.1334094340949711e-8	1.0093528985066202e-9	3.959997493864586e-5
75.0	2.2248213323484808e-8	1.6621631729513685e-9	3.849987020954307e-6	1.1332723993936335e-8	1.0091228917148316e-9	3.959997505908704e-5
76.0	2.2267545979019208e-8	1.6612812558586405e-9	3.84998696342097e-6	1.1331422142477276e-8	1.0091002892949077e-9	3.959997488952836e-5
77.0	2.226466305137613e-8	1.660184184190875e-9	3.849987331042636e-6	1.1325672113838318e-8	1.0086688354334144e-9	3.959997480877305e-5
78.0	2.2298788679761968e-8	1.6619648489468215e-9	3.849987466395131e-6	1.1322376880029969e-8	1.0091174673588564e-9	3.959997452080033e-5
79.0	2.226944804924658e-8	1.6617133729947147e-9	3.849986805176279e-6	1.131495224405499e-8	1.0088018546775457e-9	3.959997427088425e-5
80.0	2.228395862978347e-8	1.6632694149569318e-9	3.849987023944793e-6	1.131333901856506e-8	1.0091609668840088e-9	3.9599974069330205e-5
81.0	2.2284063521897924e-8	1.66603062994952e-9	3.849987531619668e-6	1.1309478450580391e-8	1.0090677727985693e-9	3.959997396745485e-5
82.0	2.226656486715344e-8	1.665138891130709e-9	3.849986882425586e-6	1.1312690181752774e-8	1.0092593638232304e-9	3.959997417751666e-5
83.0	2.231781933395328e-8	1.6647566997343327e-9	3.849987329919549e-6	1.1314447327767715e-8	1.009381059138983e-9	3.959997401361166e-5
84.0	2.2274600392082992e-8	1.6640363156528953e-9	3.849987753151105e-6	1.1319493873900058e-8	1.0093677424558358e-9	3.9599974516561866e-5
85.0	2.2269357877503452e-8	1.6622178776852558e-9	3.8499872469200405e-6	1.13244236338206e-8	1.0097422075146467e-9	3.959997417016824e-5
86.0	2.229155241981282e-8	1.6604281532594986e-9	3.849986470314055e-6	1.1327242802027417e-8	1.0097786158545691e-9	3.9599974714872595e-5
87.0	2.2310500829782042e-8	1.6618284531412696e-9	3.849987373445243e-6	1.1332304510383351e-8	1.0101019015423701e-9	3.9599974360192645e-5
88.0	2.2284353341153e-8	1.6633761331835192e-9	3.8499874800968945e-6	1.1331234402591341e-8	1.0102935785304072e-9	3.959997476353009e-5
89.0	2.222998056101001e-8	1.6647846010554406e-9	3.849987035557924e-6	1.1334111750602006e-8	1.010422415919851e-9	3.95999745297284e-5
90.0	2.227387493750254e-8	1.6666688800274816e-9	3.8499877375388945e-6	1.1328595349260955e-8	1.0106665944784006e-9	3.9599974664674535e-5
91.0	2.2352780664597377e-8	1.6676520374652793e-9	3.84998784423909e-6	1.1328091688230275e-8	1.0109665535270502e-9	3.959997469790635e-5
92.0	2.226416308263572e-8	1.6646527345476994e-9	3.849986988683103e-6	1.1318734579078349e-8	1.0110194045425776e-9	3.9599974579801793e-5
93.0	2.222214118613559e-8	1.6642131080046557e-9	3.8499862791522765e-6	1.1318614082410039e-8	1.011084490039046e-9	3.9599975030560697e-5
94.0	2.225010825741897e-8	1.662924869223775e-9	3.849987149754255e-6	1.1312021283759375e-8	1.0110213645730065e-9	3.9599974599340994e-5
95.0	2.2357719209340435e-8	1.661710232378833e-9	3.849986908073615e-6	1.1314611918703848e-8	1.010850536733438e-9	3.959997503151803e-5
96.0	2.2314636727953957e-8	1.6625551910477286e-9	3.84998762538256e-6	1.1311492644403364e-8	1.0105851697039726e-9	3.9599974479675364e-5
97.0	2.2184161274330364e-8	1.6655090368958013e-9	3.849987418613141e-6	1.1315442130150137e-8	1.010402418990841e-9	3.9599974812408154e-5
98.0	2.2259170914964757e-8	1.6661418614965523e-9	3.8499873208232975e-6	1.1316852106048153e-8	1.0104967728751033e-9	3.959997458584518e-5
99.0	2.2342292889360685e-8	1.6668230165031467e-9	3.849986945918732e-6	1.1321716972792487e-8	1.010005481299498e-9	3.95999746178921e-5
100.0	2.229444225329782e-8	1.6666695919952974e-9	3.849986691713733e-6	1.1326430169491481e-8	1.0101260322713184e-9	3.959997470352264e-5
101.0	2.22051938864536e-8	1.665462033582244e-9	3.8499869490344365e-6	1.1327988918131315e-8	1.0095402232823984e-9	3.959997456611602e-5
102.0	2.2223058766309406e-8	1.6637836394936595e-9	3.849987293315588e-6	1.1332210266695446e-8	1.0093785052647306e-9	3.959997484013575e-5
103.0	2.235998491643809e-8	1.6644211689327777e-9	3.849987357650007e-6	1.1329253395695976e-8	1.009055031268551e-9	3.9599974706149856e-5
104.0	2.2290697460261954e-8	1.66499905430594e-9	3.8499869336029785e-6	1.1331972294655323e-8	1.0090081921266526e-9	3.959997492562461e-5
105.0	2.2184489647666467e-8	1.6658517726514385e-9	3.849987488380617e-6	1.1326081984239713e-8	1.009143511386054e-9	3.9599974946769995e-5
106.0	2.2260456954623673e-8	1.6674678909802503e-9	3.849987791814331e-6	1.1327200758213016e-8	1.0088402551213033e-9	3.959997513780495e-5
107.0	2.2317258107565548e-8	1.6682227847918127e-9	3.849987400166361e-6	1.132133700921181e-8	1.009293392505278e-9	3.959997504208315e-5
108.0	2.23201762343915e-8	1.6680759411283041e-9	3.849986644145049e-6	1.132219663643351e-8	1.0087517780254272e-9	3.959997512680013e-5
109.0	2.2197305976700865e-8	1.6675502839509752e-9	3.84998702995109e-6	1.131844596553309e-8	1.0091981934584184e-9	3.95999748763966e-5
110.0	2.2284495349166014e-8	1.6685746084526698e-9	3.849987152357787e-6	1.1320615263213062e-8	1.009038975391331e-9	3.9599974862507584e-5
111.0	2.234128081189748e-8	1.6663182345885393e-9	3.849987181614039e-6	1.1317404318848226e-8	1.009489534580253e-9	3.9599974678757956e-5
112.0	2.2296125516296046e-8	1.6665882810584147e-9	3.849987514999734e-6	1.1321518589173361e-8	1.009609342045423e-9	3.9599974439645305e-5
113.0	2.2233545486538573e-8	1.6672987679223402e-9	3.849987791911875e-6	1.132206633168036e-8	1.0096899415217772e-9	3.9599974630268945e-5
114.0	2.227901299919667e-8	1.6671979620403283e-9	3.849986967936532e-6	1.1324537122484513e-8	1.0098663407203413e-9	3.9599974179435964e-5
115.0	2.2362052823907352e-8	1.667575275816112e-9	3.8499870089417396e-6	1.1325698030023147e-8	1.0096089419926194e-9	3.959997464767118e-5
116.0	2.2292030395469285e-8	1.668335586878723e-9	3.849987458476826e-6	1.1325478209190833e-8	1.0101554579872938e-9	3.959997425740348e-5
117.0	2.223315137875544e-8	1.6682774695848257e-9	3.8499873104685756e-6	1.1326586808479233e-8	1.0099021657711973e-9	3.9599974889134716e-5
118.0	2.2278893923781828e-8	1.668812099677342e-9	3.84998678208899e-6	1.1324003088256603e-8	1.0106206740690245e-9	3.9599974622084506e-5
119.0	2.2338572808598845e-8	1.6692727096125594e-9	3.849986801299642e-6	1.1324030739197346e-8	1.0104016317384325e-9	3.959997504272883e-5
120.0	2.2313948266406666e-8	1.668747109209706e-9	3.84998720654556e-6	1.1321915259613307e-8	1.0105274975747063e-9	3.9599974782223444e-5
121.0	2.2269436866464954e-8	1.6691704816825762e-9	3.84998778439746e-6	1.1320081094634032e-8	1.0103276101941253e-9	3.95999749010979e-5
122.0	2.2240265177270405e-8	1.667795988540502e-9	3.849987659716398e-6	1.1319756226589274e-8	1.0100525923731359e-9	3.959997478147252e-5
123.0	2.2321514133867817e-8	1.6698249950021459e-9	3.8499875484146825e-6	1.1319296466911016e-8	1.010132846197021e-9	3.959997474355504e-5
124.0	2.229299748671397e-8	1.6683224520728253e-9	3.849986298704632e-6	1.131985542400335e-8	1.0098756718129197e-9	3.959997481560327e-5
125.0	2.2329598941476363e-8	1.670936151856497e-9	3.84998628181863e-6	1.1321526779107954e-8	1.0102134518040506e-9	3.959997442460203e-5
126.0	2.228021326219777e-8	1.6711238315471822e-9	3.849986923806519e-6	1.1323025977225304e-8	1.0101087199525203e-9	3.959997471610522e-5
127.0	2.225779765424009e-8	1.670852062704201e-9	3.8499876180680305e-6	1.1324687955862333e-8	1.0102950642582607e-9	3.959997411193196e-5
128.0	2.229729230460667e-8	1.6718036389409243e-9	3.849987568603911e-6	1.1326092573361477e-8	1.01023655068645e-9	3.959997465217833e-5
129.0	2.2317499920912068e-8	1.6695157413094162e-9	3.849987567908264e-6	1.1326453335077268e-8	1.010078903217149e-9	3.959997410672118e-5
130.0	2.2300421562763323e-8	1.6685094427495453e-9	3.849986823490036e-6	1.1327232574773259e-8	1.0100141727334097e-9	3.95999746337885e-5
131.0	2.2281443741709822e-8	1.6692363703784662e-9	3.849986416815822e-6	1.132611959094805e-8	1.0095817072847595e-9	3.9599974376225536e-5
132.0	2.2257944722565163e-8	1.6693514985730765e-9	3.849986680744094e-6	1.1324573687543777e-8	1.0095874149813624e-9	3.9599974580214874e-5
133.0	2.2317192342307453e-8	1.668828242699303e-9	3.84998736154344e-6	1.1324718737930738e-8	1.0092644300192993e-9	3.959997472414496e-5
134.0	2.228207399550294e-8	1.671622639475199e-9	3.849986896196299e-6	1.1320709630822149e-8	1.0092191834849465e-9	3.959997453740748e-5
135.0	2.2268644423863795e-8	1.672115461148072e-9	3.849987017428931e-6	1.1322700615008485e-8	1.0092973969609525e-9	3.959997500171816e-5
136.0	2.2310873432815168e-8	1.6723534150510144e-9	3.849986895085285e-6	1.1319835673146245e-8	1.0094008375991743e-9	3.959997451340567e-5
137.0	2.2316594166708e-8	1.670851062611947e-9	3.849987048230655e-6	1.1323624995812867e-8	1.0094419309096895e-9	3.959997494390808e-5
138.0	2.2261953190246372e-8	1.6716830837980385e-9	3.849986868122623e-6	1.1322754372427982e-8	1.0096406531935256e-9	3.9599974349916516e-5
139.0	2.222921185850962e-8	1.6697252860400108e-9	3.849987174972312e-6	1.1326465236260653e-8	1.009637124631229e-9	3.959997458378222e-5
140.0	2.2334860863343668e-8	1.6699377188265615e-9	3.849986568786484e-6	1.132544188870235e-8	1.0099740267654435e-9	3.959997443685588e-5
141.0	2.23769672800981e-8	1.6715712348730769e-9	3.84998614773218e-6	1.1329591477068447e-8	1.0099624256334237e-9	3.95999744889155e-5
142.0	2.2274117854340958e-8	1.6704938006340621e-9	3.849987376611148e-6	1.1327092303734142e-8	1.010164024101317e-9	3.959997457183334e-5
143.0	2.2224847286506972e-8	1.6720944748956418e-9	3.849986599883293e-6	1.1329734783204605e-8	1.0101307620368185e-9	3.959997460052245e-5
144.0	2.230757436355299e-8	1.6725772528291064e-9	3.8499868509508546e-6	1.1327055262334826e-8	1.0101628173101012e-9	3.959997468489405e-5
145.0	2.2393330311123506e-8	1.6722209055780756e-9	3.849987014568424e-6	1.1325536426658025e-8	1.0104000349062773e-9	3.959997479841142e-5
146.0	2.229328917080366e-8	1.6719952485612518e-9	3.849986857891945e-6	1.1324487661523367e-8	1.010470789233882e-9	3.959997502147573e-5
147.0	2.2225253054326338e-8	1.672297690593984e-9	3.849986021150043e-6	1.1320905250189262e-8	1.0108219476173327e-9	3.959997494065457e-5
148.0	2.2296354744900484e-8	1.6718640615489238e-9	3.849987117066878e-6	1.1321472393840697e-8	1.0107706928497685e-9	3.959997522362015e-5
149.0	2.2357705575344528e-8	1.6717997627628694e-9	3.849987338845347e-6	1.1318357860298437e-8	1.0108068969766284e-9	3.959997486985393e-5
150.0	2.2318017970393314e-8	1.6714968730795523e-9	3.849986728167007e-6	1.1320737000301237e-8	1.01069348025645e-9	3.9599975090232304e-5
151.0	2.2255327037908266e-8	1.6726532373339373e-9	3.8499866803371915e-6	1.1319236899732556e-8	1.0104498684470894e-9	3.959997462115666e-5
152.0	2.229355821452009e-8	1.672261071854735e-9	3.849986923489819e-6	1.1323125445116462e-8	1.0105227721419218e-9	3.959997481993672e-5
153.0	2.234728173584117e-8	1.6731034099783161e-9	3.84998666491365e-6	1.1321993143771657e-8	1.0102795806725499e-9	3.959997456377215e-5
154.0	2.2301062045923293e-8	1.673732969847002e-9	3.8499873724882975e-6	1.1327610295521244e-8	1.0103539909068298e-9	3.959997458425427e-5
155.0	2.227041353825569e-8	1.6735358861021538e-9	3.849987388780047e-6	1.1325082034463635e-8	1.0101198058787726e-9	3.9599974746708965e-5
156.0	2.2327923004798827e-8	1.6736151696742044e-9	3.849986922734888e-6	1.133029803200634e-8	1.0100305012160238e-9	3.9599974547700885e-5
157.0	2.2317313681691184e-8	1.6743506605378462e-9	3.849986477969106e-6	1.1327707782544646e-8	1.0097159843907768e-9	3.9599974989997204e-5
158.0	2.2287343084009826e-8	1.6736645502795087e-9	3.849986839173985e-6	1.1328747621846076e-8	1.0094807221337842e-9	3.959997474739459e-5
159.0	2.226881494854499e-8	1.67426776588123e-9	3.8499869376051355e-6	1.1327030606310195e-8	1.0092884589953777e-9	3.9599975153181286e-5
160.0	2.2338335787664407e-8	1.6737267392869065e-9	3.849987294231597e-6	1.132551780921558e-8	1.009066688920305e-9	3.959997485448746e-5
161.0	2.2326203699320625e-8	1.6742542334250492e-9	3.849987139019679e-6	1.1324587823840326e-8	1.0089857795850538e-9	3.959997518603743e-5
162.0	2.228375468877951e-8	1.6729695994050188e-9	3.8499866512362455e-6	1.132304272502372e-8	1.0089194651791744e-9	3.959997476598437e-5
163.0	2.228166230605216e-8	1.6745491708100069e-9	3.849986387827853e-6	1.132295645649501e-8	1.0090808157749568e-9	3.959997497072016e-5
164.0	2.2325833760355524e-8	1.6752289285453448e-9	3.849986839004608e-6	1.1322892091612324e-8	1.0091138918480784e-9	3.959997453385195e-5
165.0	2.232577816372645e-8	1.6741100383858525e-9	3.849987459700495e-6	1.1323921696197824e-8	1.009478861713989e-9	3.959997466796781e-5
166.0	2.230526622510682e-8	1.6753853701476383e-9	3.849987301891036e-6	1.132377175713706e-8	1.0098003628539755e-9	3.959997433741476e-5
167.0	2.227720215295572e-8	1.6762990979608158e-9	3.849986927484092e-6	1.1327003518920619e-8	1.0101593441143251e-9	3.959997473031898e-5
168.0	2.2311788367631295e-8	1.6746520614811832e-9	3.849986676658155e-6	1.1324685624391506e-8	1.0104123694105412e-9	3.959997448643976e-5
169.0	2.2296672219196873e-8	1.6760921769233205e-9	3.849986297870642e-6	1.1327762034320694e-8	1.010416656596683e-9	3.959997464740002e-5
170.0	2.2324409175843782e-8	1.6762701309978464e-9	3.849986970268564e-6	1.1325492706869682e-8	1.0106044325622119e-9	3.95999744031237e-5
171.0	2.2312484867642712e-8	1.6754391526978546e-9	3.849987567716926e-6	1.13254404347232e-8	1.0103258203552153e-9	3.959997414497768e-5
172.0	2.2277849852668685e-8	1.6755996016703192e-9	3.849987590502188e-6	1.1324016411416323e-8	1.0108867467879586e-9	3.959997411813581e-5
173.0	2.227399942384321e-8	1.675772723269452e-9	3.84998671772672e-6	1.1323234841184043e-8	1.0108968135035274e-9	3.9599973797336535e-5
174.0	2.233800263592086e-8	1.6753124705309295e-9	3.849986846389943e-6	1.1322145152167792e-8	1.011480910727277e-9	3.9599974085148234e-5
175.0	2.235037551558148e-8	1.6764648820197635e-9	3.849986366509422e-6	1.1322110767388071e-8	1.011592913964243e-9	3.959997379840062e-5
176.0	2.228035044482578e-8	1.675957422799049e-9	3.849986306051147e-6	1.13213906856491e-8	1.0115043733747917e-9	3.9599974127391874e-5
177.0	2.2241336682761004e-8	1.677545521905972e-9	3.8499867108219776e-6	1.132324725263006e-8	1.0114699608223005e-9	3.959997400787759e-5
178.0	2.231084531516903e-8	1.6761525287171764e-9	3.849987491644591e-6	1.1323572354736643e-8	1.0107797590106887e-9	3.9599974208974726e-5
179.0	2.2363477570457674e-8	1.677651002734943e-9	3.849987298435863e-6	1.1325281724965882e-8	1.0109625042439578e-9	3.9599974101257384e-5
180.0	2.2273461396743756e-8	1.6771113062518222e-9	3.849986588015298e-6	1.1327036648293135e-8	1.0104556577375954e-9	3.959997439721004e-5
181.0	2.2254689172942002e-8	1.674202098772273e-9	3.849986932053293e-6	1.1327092209937651e-8	1.0105621107453722e-9	3.959997414527794e-5
182.0	2.2279860351050112e-8	1.676447527830198e-9	3.84998646590848e-6	1.1328518977093813e-8	1.0103501011903058e-9	3.9599974287197826e-5
183.0	2.2327481934789243e-8	1.6741869202399026e-9	3.849986289660702e-6	1.1328573052742109e-8	1.0099857057148895e-9	3.9599974019862044e-5
184.0	2.2267610281891492e-8	1.6773219670660907e-9	3.849987070041151e-6	1.132731708815575e-8	1.0100047520516603e-9	3.959997415486378e-5
185.0	2.2243421852460137e-8	1.6774908376668678e-9	3.84998742747852e-6	1.1327268871258902e-8	1.0094540045002479e-9	3.95999740035437e-5
186.0	2.233701563685015e-8	1.677633430283625e-9	3.84998750736644e-6	1.1324809771109428e-8	1.0098163274673865e-9	3.9599974221912464e-5
187.0	2.230094315384266e-8	1.6791595055367443e-9	3.849987016095811e-6	1.13241035483293e-8	1.0094319038797292e-9	3.959997406074059e-5
188.0	2.225332241258015e-8	1.6771673621231194e-9	3.849987470320041e-6	1.1322621463709039e-8	1.0098598141206799e-9	3.959997440442671e-5
189.0	2.2238652624991634e-8	1.6786656581055656e-9	3.849986065858339e-6	1.1322227744130061e-8	1.0095979248409994e-9	3.959997406252009e-5
190.0	2.2370314457018343e-8	1.6775348198895861e-9	3.849987044027012e-6	1.1322530767864641e-8	1.009690456272943e-9	3.959997455082574e-5
191.0	2.2380002733159188e-8	1.6785326810889071e-9	3.849987431671342e-6	1.1323187767313551e-8	1.009949438133783e-9	3.959997431760309e-5
192.0	2.2243407227716113e-8	1.6775316114512897e-9	3.849987150468195e-6	1.132394872540411e-8	1.0098505272003957e-9	3.9599974938421056e-5
193.0	2.223347330737833e-8	1.6788579021405785e-9	3.849986884067941e-6	1.1325823673186153e-8	1.0102876745609337e-9	3.959997470523947e-5
194.0	2.2359257431863194e-8	1.6796376150654679e-9	3.849987569089973e-6	1.1327050176336881e-8	1.0101348000342215e-9	3.959997495217653e-5
195.0	2.2402220525049143e-8	1.6791068890128154e-9	3.849986827618001e-6	1.132833697107687e-8	1.0105796843895138e-9	3.9599974743241876e-5
196.0	2.2325746468686755e-8	1.6793313357141066e-9	3.849986174631388e-6	1.1329608941601911e-8	1.0103413416715627e-9	3.959997472145069e-5
197.0	2.2200110038206188e-8	1.678250961393106e-9	3.849987123070982e-6	1.1328709512244205e-8	1.0104683374897368e-9	3.9599974779141226e-5
198.0	2.2316547068723027e-8	1.6788809359472904e-9	3.849987001140606e-6	1.1329062343903018e-8	1.0105290544049768e-9	3.9599974705154016e-5
199.0	2.2360597300807692e-8	1.6772523247875284e-9	3.849986899572935e-6	1.1326315195830927e-8	1.0102725239290495e-9	3.9599974861852476e-5
200.0	2.2340613883656737e-8	1.6800163251876581e-9	3.849986529536854e-6	1.132581666833514e-8	1.0107508589090869e-9	3.959997465701962e-5
201.0	2.2264276782456196e-8	1.679110666702203e-9	3.84998702491333e-6	1.1324275870250517e-8	1.0103920113901086e-9	3.959997508128295e-5
202.0	2.227674248761545e-8	1.6789814061976009e-9	3.8499870716715385e-6	1.132341423185635e-8	1.0111638534631993e-9	3.9599974772856946e-5
203.0	2.2325870807069687e-8	1.6792933245610294e-9	3.849986793960265e-6	1.132126731537086e-8	1.0108472146997436e-9	3.959997530633665e-5
204.0	2.2303115877758993e-8	1.6800731708927016e-9	3.849987379341131e-6	1.1321117268728712e-8	1.0110705801760536e-9	3.959997481607189e-5
205.0	2.2296952062390345e-8	1.6797980325271969e-9	3.849986754613273e-6	1.1319246367842192e-8	1.0108149096359798e-9	3.959997527187897e-5
206.0	2.232126978259301e-8	1.6792198558728337e-9	3.84998699634785e-6	1.1321230847073204e-8	1.010471861603372e-9	3.9599974780278365e-5
207.0	2.2308365873585237e-8	1.68145186898763e-9	3.849986777205863e-6	1.1321023967311101e-8	1.0103872787138234e-9	3.959997501242561e-5
208.0	2.2298020957477956e-8	1.679847373924033e-9	3.849987049170838e-6	1.1324404446012612e-8	1.0100345236959755e-9	3.959997478456627e-5
209.0	2.226569097049435e-8	1.680126978294716e-9	3.849986945033127e-6	1.1326439783136272e-8	1.010479898700111e-9	3.9599974830816064e-5
210.0	2.2306864537294143e-8	1.6811662732601002e-9	3.8499871567353194e-6	1.1327971483696232e-8	1.0103840302693072e-9	3.959997485818267e-5
211.0	2.2365403467392544e-8	1.680080616230073e-9	3.849986974386575e-6	1.1330171716382846e-8	1.0109462775659146e-9	3.959997463573098e-5
212.0	2.2315218795980156e-8	1.6800509398780205e-9	3.849986748645102e-6	1.1329721828666565e-8	1.010833051439961e-9	3.959997467751351e-5
213.0	2.227448158640677e-8	1.6823341141601637e-9	3.849987140203732e-6	1.1330026716214694e-8	1.0109635110695802e-9	3.959997448388375e-5
214.0	2.2249749797765147e-8	1.6811401102514934e-9	3.849987210375636e-6	1.1328420033060825e-8	1.0105608973468818e-9	3.959997458678335e-5
215.0	2.2363612310665463e-8	1.682656295555302e-9	3.849987110071736e-6	1.1326448754646131e-8	1.0102961849248264e-9	3.959997458558588e-5
216.0	2.2393264331679847e-8	1.681647516167736e-9	3.849986437872819e-6	1.132327859275645e-8	1.0101932618114292e-9	3.9599974609105854e-5
217.0	2.2276376856570318e-8	1.681524402841534e-9	3.849986693069182e-6	1.1321286093171218e-8	1.0097122402978831e-9	3.959997482898483e-5
218.0	2.2236786271058054e-8	1.6799709664529657e-9	3.8499872086608015e-6	1.1318262477289703e-8	1.0101412077619018e-9	3.959997482269831e-5
219.0	2.2307037956017478e-8	1.6811074352065816e-9	3.8499870088514204e-6	1.1319086939504708e-8	1.0098022508744305e-9	3.95999750250952e-5
220.0	2.2408941823605277e-8	1.6816246193462874e-9	3.849987006657603e-6	1.1318185210256122e-8	1.0103893468024079e-9	3.959997486916757e-5
221.0	2.2339951085398683e-8	1.6822829440367923e-9	3.8499873063914e-6	1.1322682389432585e-8	1.009961233134525e-9	3.9599974917343535e-5
222.0	2.2176911806554184e-8	1.6838699748164299e-9	3.849987009772647e-6	1.1324357333573746e-8	1.01046098224927e-9	3.9599974676454704e-5
223.0	2.2284815764662793e-8	1.684361947203542e-9	3.849986132406508e-6	1.132772170627662e-8	1.0102344278311283e-9	3.9599974861408034e-5
224.0	2.2344225874590152e-8	1.683004930396616e-9	3.8499866435646325e-6	1.133001348755824e-8	1.0103610201701546e-9	3.959997466927034e-5
225.0	2.2348574438669864e-8	1.6830671784480072e-9	3.849986872676212e-6	1.1332812944803495e-8	1.0104242651663119e-9	3.9599974891099215e-5
226.0	2.2212269714684165e-8	1.682310998182281e-9	3.849987037167124e-6	1.1333662075298502e-8	1.0100648535592347e-9	3.9599974798373936e-5
227.0	2.2218362643442107e-8	1.6807479855154816e-9	3.849986810973896e-6	1.1334560769047868e-8	1.0102170733051656e-9	3.9599974654237036e-5
228.0	2.2334569451325303e-8	1.6822689553424565e-9	3.849987235265354e-6	1.1332133456192928e-8	1.0098455583595059e-9	3.959997462941156e-5
229.0	2.2286014839768296e-8	1.6843223617427062e-9	3.8499868295514404e-6	1.1330263381068948e-8	1.0103547084098135e-9	3.959997427812789e-5
230.0	2.2231543217825276e-8	1.6863852551912752e-9	3.849986450288494e-6	1.1325688290441001e-8	1.0103109631157006e-9	3.959997450423503e-5
231.0	2.2232987588567514e-8	1.6859197801687074e-9	3.849986085872219e-6	1.1322556586918179e-8	1.0107702693166404e-9	3.959997418040511e-5
232.0	2.2310475603500117e-8	1.6865610705134041e-9	3.849986691924244e-6	1.13201236595667e-8	1.0107544331264662e-9	3.959997454833249e-5
233.0	2.2294679282958876e-8	1.6850709765909696e-9	3.849987231431755e-6	1.1318269221309948e-8	1.0107403298307582e-9	3.959997442584787e-5
234.0	2.2222584856055588e-8	1.6838120550373922e-9	3.84998703083404e-6	1.131894773704556e-8	1.0104794628396222e-9	3.9599974579373615e-5
235.0	2.2260886348004158e-8	1.6847434033782695e-9	3.84998651023693e-6	1.1319730804073534e-8	1.0101285360845817e-9	3.959997471074982e-5
236.0	2.235186668011942e-8	1.68482578503756e-9	3.849986653175977e-6	1.13217856791695e-8	1.0102661189653742e-9	3.9599974575321355e-5
237.0	2.229289562742381e-8	1.684952938198869e-9	3.849986824268827e-6	1.1324575794555903e-8	1.0100792613629932e-9	3.95999749152236e-5
238.0	2.224748295459925e-8	1.6862643066689436e-9	3.849986244041447e-6	1.1327594152755532e-8	1.0106102127198466e-9	3.959997474490223e-5
239.0	2.224241898538448e-8	1.6869280756165119e-9	3.849986711395211e-6	1.1330501187338567e-8	1.0103244563007584e-9	3.959997492351171e-5
240.0	2.2368083689348866e-8	1.6873818236852955e-9	3.84998681588633e-6	1.1333322293715578e-8	1.0106233744627946e-9	3.959997483071488e-5
241.0	2.234518029218419e-8	1.6856442827904824e-9	3.849986904431663e-6	1.1332654886608764e-8	1.01011308797222e-9	3.959997469360676e-5
242.0	2.224834785480057e-8	1.6853306666184777e-9	3.8499862103912e-6	1.1332580967196998e-8	1.0101922144744542e-9	3.9599974713135045e-5
243.0	2.2276945000031592e-8	1.6851415444390675e-9	3.8499870565104644e-6	1.1328808944602737e-8	1.010100539551422e-9	3.959997441244558e-5
244.0	2.230342284200785e-8	1.6860460512630287e-9	3.849987147947339e-6	1.1327632186592005e-8	1.0102423860631552e-9	3.959997467206915e-5
245.0	2.238360680132523e-8	1.6880529870695558e-9	3.849986592892959e-6	1.1324145194770602e-8	1.0107985207093122e-9	3.959997447447993e-5
246.0	2.229658788622129e-8	1.6870271576320264e-9	3.849986176615567e-6	1.132401643596364e-8	1.010613726717961e-9	3.959997473916283e-5
247.0	2.2254201156053674e-8	1.6874059445671253e-9	3.849986652329067e-6	1.132217558735671e-8	1.0109950835814244e-9	3.9599974582069734e-5
248.0	2.230794152095041e-8	1.6870227233386564e-9	3.849987121460796e-6	1.1323718085513342e-8	1.010474755331699e-9	3.959997478618039e-5
249.0	2.2323805275549763e-8	1.6858242382427143e-9	3.849987142718499e-6	1.132295365352069e-8	1.0107316830034429e-9	3.9599974757785486e-5
250.0	2.233956098706978e-8	1.685706509589378e-9	3.849986655434107e-6	1.132612598729737e-8	1.0104375004892311e-9	3.959997491799039e-5
251.0	2.230100478876553e-8	1.6879658692729179e-9	3.849986833148313e-6	1.1326130443541348e-8	1.0105022814973042e-9	3.959997513133499e-5
252.0	2.228165004419281e-8	1.6871116292500747e-9	3.849986210908641e-6	1.132936603762018e-8	1.0107396305302767e-9	3.959997514097566e-5
253.0	2.230520086667224e-8	1.687895426184214e-9	3.849986399711529e-6	1.1329931338568657e-8	1.0103623712880025e-9	3.9599975388844425e-5
254.0	2.2316378857856868e-8	1.6899166182847096e-9	3.849987211494208e-6	1.1330419898761551e-8	1.010791722125318e-9	3.959997524671275e-5
255.0	2.2324046732825996e-8	1.6879469030585049e-9	3.849987623079834e-6	1.132987950513476e-8	1.0103250339521653e-9	3.95999754492571e-5
256.0	2.232418417254191e-8	1.6874029349335618e-9	3.849986989247384e-6	1.13264619358941e-8	1.0105923160628557e-9	3.9599975287336986e-5
257.0	2.227793435307884e-8	1.6870772932513166e-9	3.849986306923873e-6	1.1325188301800823e-8	1.0103261936901437e-9	3.959997552473184e-5
258.0	2.2329673095373247e-8	1.6868345590286975e-9	3.849985913334521e-6	1.1321634402387999e-8	1.0102404300244848e-9	3.9599975272010474e-5
259.0	2.2294329627241447e-8	1.6882975308332958e-9	3.8499861773590926e-6	1.1322861448373933e-8	1.0101506344649594e-9	3.959997545406407e-5
260.0	2.2336872019806247e-8	1.6893325977507404e-9	3.849987267669952e-6	1.1321149344568695e-8	1.0098178416879473e-9	3.9599974993374304e-5
261.0	2.2310314855302586e-8	1.690381862271502e-9	3.849987787580501e-6	1.1325113300271626e-8	1.009915892450378e-9	3.9599975219690015e-5
262.0	2.232167764557021e-8	1.6902210761091953e-9	3.849987568663558e-6	1.1324345744792393e-8	1.0096572419964944e-9	3.959997484670081e-5
263.0	2.2289653487267563e-8	1.6912863942476416e-9	3.849986906216831e-6	1.1330535915523402e-8	1.0099333668349234e-9	3.959997500415726e-5
264.0	2.2288398630825927e-8	1.6886154447264753e-9	3.84998561010923e-6	1.1330074324500527e-8	1.0098990800972624e-9	3.9599974887661095e-5
265.0	2.2352897909859272e-8	1.6873295405192234e-9	3.849986086684279e-6	1.1335628228673048e-8	1.0100137048646614e-9	3.959997492641181e-5
266.0	2.234339190064394e-8	1.6890928626063718e-9	3.849986986751436e-6	1.1334561184322364e-8	1.010130533456757e-9	3.959997492301037e-5
267.0	2.2300296043181316e-8	1.6871346300184754e-9	3.849987819358041e-6	1.1336455159018236e-8	1.010016795264101e-9	3.959997489004018e-5
268.0	2.2266884367880265e-8	1.688624412548712e-9	3.849987713873474e-6	1.1333379120053018e-8	1.0101143940183639e-9	3.9599974928203765e-5
269.0	2.23116355845166e-8	1.6914996597012705e-9	3.849987325537379e-6	1.1331548000328526e-8	1.010101325352847e-9	3.959997488341163e-5
270.0	2.2390768307521595e-8	1.6919223682573266e-9	3.849986073205353e-6	1.1327426465283618e-8	1.0101826999010154e-9	3.9599974819797574e-5
271.0	2.2323355695212037e-8	1.690514734768003e-9	3.849986287512459e-6	1.1323268457731507e-8	1.010455342372409e-9	3.9599974680527936e-5
272.0	2.2267482502852016e-8	1.6914876413523755e-9	3.849986780785607e-6	1.132166628680367e-8	1.0104466467327556e-9	3.959997458825625e-5
273.0	2.229452906355815e-8	1.6899572359472283e-9	3.849987339035115e-6	1.1318017192700027e-8	1.010840911717537e-9	3.9599974403202404e-5
274.0	2.2364694676076973e-8	1.6885559073852728e-9	3.84998763147951e-6	1.132044676739954e-8	1.0108312475865152e-9	3.9599974207592186e-5
275.0	2.2360962645896052e-8	1.6887339137765351e-9	3.849986795987824e-6	1.1318768099760157e-8	1.0111600689077768e-9	3.9599973909975335e-5
276.0	2.2277908190400632e-8	1.6896216273078816e-9	3.849986319341844e-6	1.1324739988448871e-8	1.0111203155917925e-9	3.9599973966075317e-5
277.0	2.229294878690114e-8	1.6910803513431166e-9	3.849986403484168e-6	1.1324499862466557e-8	1.0111404075889311e-9	3.9599973673212056e-5
278.0	2.2346454177056494e-8	1.6915464882259522e-9	3.849986905203986e-6	1.133130952094305e-8	1.0113282284732527e-9	3.95999739038914e-5
279.0	2.232664645702994e-8	1.6926039013848275e-9	3.849986543127388e-6	1.1331314298600098e-8	1.0111201999602742e-9	3.959997387329587e-5
280.0	2.2306074100986962e-8	1.6921437012493046e-9	3.849987405247337e-6	1.133549665978206e-8	1.0114150880786082e-9	3.959997420373087e-5
281.0	2.231104250260106e-8	1.69144002608998e-9	3.849987126816358e-6	1.1333154878648526e-8	1.0111144306891135e-9	3.959997438365762e-5
282.0	2.233413527667351e-8	1.6898462281732982e-9	3.8499863810750785e-6	1.1334448442435374e-8	1.0113280948689135e-9	3.9599974666291365e-5
283.0	2.2337968885186555e-8	1.688919865980798e-9	3.849986259587738e-6	1.1329731447402801e-8	1.0110207090457303e-9	3.9599974661816396e-5
284.0	2.227980324838169e-8	1.6911585109558649e-9	3.849986781390171e-6	1.1328571004101809e-8	1.0109166113635302e-9	3.959997475399349e-5
285.0	2.2323302143638445e-8	1.691220407288922e-9	3.849986738563589e-6	1.13253797724977e-8	1.0108790660870547e-9	3.959997446682943e-5
286.0	2.235870948837696e-8	1.6921017034651128e-9	3.849986906286707e-6	1.1322802899792055e-8	1.0106604882493833e-9	3.9599974559021954e-5
287.0	2.232715079566166e-8	1.6926626975211854e-9	3.84998757652029e-6	1.1323381469695887e-8	1.0108068253854527e-9	3.959997427185842e-5
288.0	2.2320567939562015e-8	1.6938624077095625e-9	3.849987300562346e-6	1.1321648155391669e-8	1.0104623072012112e-9	3.959997450101527e-5
289.0	2.229801385522897e-8	1.6913760779347675e-9	3.8499868185293226e-6	1.1325685282694787e-8	1.0106683757010981e-9	3.9599974468623176e-5
290.0	2.236274469091909e-8	1.6924842927815741e-9	3.849986225511211e-6	1.1325335336932671e-8	1.0101413444775534e-9	3.959997466357043e-5
291.0	2.2345389985463983e-8	1.691075360080821e-9	3.849986491260429e-6	1.133050561036044e-8	1.010280638616282e-9	3.959997495183681e-5
292.0	2.23202230478767e-8	1.69160574398987e-9	3.849986682657101e-6	1.1330933088907939e-8	1.0098899595318775e-9	3.959997510963702e-5
293.0	2.2315016045060333e-8	1.6922871282761738e-9	3.849987452379552e-6	1.1334207720937772e-8	1.0098170812240591e-9	3.9599975317968876e-5
294.0	2.232763580440718e-8	1.693275861223488e-9	3.84998793431558e-6	1.1332010485515613e-8	1.0097274603199308e-9	3.95999753747163e-5
295.0	2.2377312351620876e-8	1.6948258774304239e-9	3.8499870848202325e-6	1.1333280472806644e-8	1.009575087214442e-9	3.9599975251581686e-5
296.0	2.233532231055822e-8	1.6942704085222565e-9	3.849987486132547e-6	1.1328395063354796e-8	1.0099309314726963e-9	3.95999753587118e-5
297.0	2.2291667117998054e-8	1.6954226285650276e-9	3.849986525919732e-6	1.132920736276195e-8	1.00975090221504e-9	3.95999751896895e-5
298.0	2.2341543756506085e-8	1.6937588630233295e-9	3.849986512657434e-6	1.132521702071526e-8	1.0100814606435074e-9	3.9599975256754055e-5
299.0	2.235784966087582e-8	1.6937253141732766e-9	3.849987203609647e-6	1.1325377680055986e-8	1.0101344676962043e-9	3.9599975265255664e-5
300.0	2.2384561088138686e-8	1.6936162579482621e-9	3.849988023394155e-6	1.1324586936067179e-8	1.0101735639088252e-9	3.959997510541095e-5
301.0	2.2319919294129995e-8	1.6919647798517744e-9	3.849987834497242e-6	1.1324344741612332e-8	1.0103384875406873e-9	3.9599975210834265e-5
302.0	2.2298074271993886e-8	1.6915979028917485e-9	3.84998691530294e-6	1.132660496616513e-8	1.0101469509858156e-9	3.959997486425139e-5
303.0	2.236064438193578e-8	1.6934663199394114e-9	3.849986719111255e-6	1.1327287797112078e-8	1.0105940803099223e-9	3.9599975152473004e-5
304.0	2.2376384941308473e-8	1.6943757195972082e-9	3.849986504241031e-6	1.1330652503594251e-8	1.0105645807709557e-9	3.9599974834550476e-5
305.0	2.2347128067331244e-8	1.6945296251923925e-9	3.849986892280697e-6	1.1332140680532224e-8	1.0109617824746072e-9	3.9599975270370164e-5
306.0	2.2307089617805544e-8	1.6962016759886054e-9	3.849987143694574e-6	1.1333708263015938e-8	1.0109853930840076e-9	3.959997506990144e-5
307.0	2.2299806954523217e-8	1.694889300676732e-9	3.84998755210633e-6	1.1332607656430435e-8	1.0110145477308283e-9	3.959997537145214e-5
308.0	2.2359629690650363e-8	1.6937582797351417e-9	3.849987326529674e-6	1.133286852482375e-8	1.01108674781085e-9	3.9599975238317374e-5
309.0	2.2352148820302716e-8	1.6953131642129579e-9	3.849985907079762e-6	1.1328549098292187e-8	1.0108883886919868e-9	3.959997532136775e-5
310.0	2.2333271787885542e-8	1.6942870656658514e-9	3.849986593511394e-6	1.132907613654804e-8	1.0109579338634673e-9	3.959997533907167e-5
311.0	2.234319343407776e-8	1.6949758378930394e-9	3.849987137242415e-6	1.1324531811567621e-8	1.0108681028828405e-9	3.959997525629647e-5
312.0	2.231088381562018e-8	1.6946011526310815e-9	3.849987025812613e-6	1.1325282655222175e-8	1.0106814645314143e-9	3.959997518452911e-5
313.0	2.2335069805697597e-8	1.6951970915951748e-9	3.849987200896005e-6	1.1323243661923167e-8	1.0107410659222837e-9	3.959997507390807e-5
314.0	2.2327923848199873e-8	1.697165304126499e-9	3.849987455688212e-6	1.1324530331902397e-8	1.0102481780122894e-9	3.9599974919504316e-5
315.0	2.236804259518408e-8	1.6959367302939437e-9	3.849986705609397e-6	1.1324828787987012e-8	1.010409329460872e-9	3.9599974815979936e-5
316.0	2.236987175988739e-8	1.6975984757638251e-9	3.8499868878890525e-6	1.132815195760649e-8	1.0100520411705228e-9	3.959997474326691e-5
317.0	2.2301183222355136e-8	1.6966339644985726e-9	3.849987553679537e-6	1.1328520702777424e-8	1.0102833513908866e-9	3.959997460653028e-5
318.0	2.232956367794583e-8	1.6956758445095235e-9	3.849987109184246e-6	1.1333315824517565e-8	1.0101727312507252e-9	3.959997479773588e-5
319.0	2.2322456860284165e-8	1.6971709020100314e-9	3.8499869813351155e-6	1.1332298793054225e-8	1.0100365943965012e-9	3.959997439637606e-5
320.0	2.23963302895939e-8	1.696631562649616e-9	3.849987551350065e-6	1.1334819416743675e-8	1.010149992751862e-9	3.959997484172288e-5
321.0	2.235327416272088e-8	1.6961460643332545e-9	3.849987125886937e-6	1.1333529590380491e-8	1.0098052626404141e-9	3.9599974262674643e-5
322.0	2.231021514884332e-8	1.6958610397460877e-9	3.849986647395934e-6	1.1331914975847573e-8	1.0100337509807726e-9	3.95999748831702e-5
323.0	2.2315005436801136e-8	1.6975014701786844e-9	3.849987501180716e-6	1.1331486450033712e-8	1.0099668020917634e-9	3.959997460610034e-5
324.0	2.2324074546446523e-8	1.6968918627663204e-9	3.84998723285255e-6	1.1328419558271814e-8	1.0102037862339989e-9	3.95999750641658e-5
325.0	2.2376384012694468e-8	1.6986415270131997e-9	3.8499868852814506e-6	1.1327890493632612e-8	1.01042823956739e-9	3.959997503924893e-5
326.0	2.237972484008686e-8	1.6975115004636289e-9	3.849986949238607e-6	1.1325583634374865e-8	1.0105459637577024e-9	3.959997517340163e-5
327.0	2.2339521569810002e-8	1.6972678015077656e-9	3.849987254436746e-6	1.1325059933884616e-8	1.0107791554512119e-9	3.959997523810171e-5
328.0	2.2302681031188417e-8	1.6974413781908096e-9	3.8499866328110664e-6	1.1324163815677708e-8	1.0106239898731593e-9	3.959997507846763e-5
329.0	2.233843416579494e-8	1.6965574932030884e-9	3.849987002965241e-6	1.1325740530458122e-8	1.010648529835775e-9	3.959997504053522e-5
330.0	2.2390922174486196e-8	1.6984925570901244e-9	3.849987131732558e-6	1.1324637828430505e-8	1.0103974934701082e-9	3.959997484947207e-5
331.0	2.2410536739741066e-8	1.6972837191764356e-9	3.849987204515872e-6	1.1330203934584208e-8	1.0104493560625605e-9	3.959997479193547e-5
332.0	2.231138605203168e-8	1.6990035209427075e-9	3.849987114173631e-6	1.1328352853024926e-8	1.0103381600864084e-9	3.9599974502347854e-5
333.0	2.2302355704185358e-8	1.698361746007712e-9	3.849987001725226e-6	1.1333605155474134e-8	1.0103959899467067e-9	3.95999745126144e-5
334.0	2.2362833219421297e-8	1.6979521157332246e-9	3.849986683732316e-6	1.1331833275251474e-8	1.0105472838414146e-9	3.959997419828756e-5
335.0	2.2372622415331336e-8	1.7000642449004832e-9	3.849987361870415e-6	1.1334582355297657e-8	1.010563353723154e-9	3.959997422137462e-5
336.0	2.235544538264657e-8	1.6972620110740457e-9	3.849987704126043e-6	1.1333032295154168e-8	1.0106335016913998e-9	3.95999740928541e-5
337.0	2.2305020490912106e-8	1.6996045800555883e-9	3.849986652861558e-6	1.1333179235968621e-8	1.0104030428085696e-9	3.959997424021431e-5
338.0	2.2353179210277136e-8	1.698999540690211e-9	3.849986965790596e-6	1.1330842402381273e-8	1.0104337108077518e-9	3.9599974436415026e-5
339.0	2.2356512717221094e-8	1.6990208276114614e-9	3.849986935088718e-6	1.1329714387936811e-8	1.010276905369283e-9	3.9599974702715713e-5
340.0	2.2337574246654655e-8	1.699328136483262e-9	3.849986584741235e-6	1.1327129484374084e-8	1.010292338995107e-9	3.9599975098819206e-5
341.0	2.2320995262008467e-8	1.6994246707825799e-9	3.849987439141857e-6	1.1326247337167345e-8	1.0104796921260085e-9	3.959997519705163e-5
342.0	2.2358401202516882e-8	1.7008754248169476e-9	3.849987953889333e-6	1.132501692667286e-8	1.0103697416403008e-9	3.959997533041854e-5
343.0	2.2375755556714756e-8	1.6987463170565379e-9	3.849987432575194e-6	1.1324435265745007e-8	1.0107458308546261e-9	3.959997521986292e-5
344.0	2.2317083822471537e-8	1.6984489095842782e-9	3.84998638127329e-6	1.132621760691453e-8	1.0104016412892005e-9	3.959997514984997e-5
345.0	2.2336200056357876e-8	1.701179395523115e-9	3.849986347792069e-6	1.1325992478775501e-8	1.010743833895307e-9	3.959997501608751e-5
346.0	2.2340553983416876e-8	1.6997187410808432e-9	3.849986946671934e-6	1.1329609050713157e-8	1.0105102929031507e-9	3.9599974919348815e-5
347.0	2.237473511834697e-8	1.7012550008443926e-9	3.849986977924468e-6	1.1328887296349373e-8	1.0105222478271175e-9	3.959997500603727e-5
348.0	2.2338711468759186e-8	1.700804567993114e-9	3.8499878274281866e-6	1.1332753971813998e-8	1.010477532437354e-9	3.959997472540176e-5
349.0	2.2332905946240826e-8	1.7013575789578188e-9	3.84998727824896e-6	1.133147096369783e-8	1.0101572033022453e-9	3.95999748907716e-5
350.0	2.236500645233943e-8	1.6999602713841074e-9	3.849987170348467e-6	1.1334139148256885e-8	1.0104623847014472e-9	3.959997461575377e-5
351.0	2.235921850066847e-8	1.6997824090203008e-9	3.849986493346582e-6	1.1331271711223185e-8	1.01026067392567e-9	3.959997491205e-5
352.0	2.2331542418151467e-8	1.7007077816181665e-9	3.849986653342561e-6	1.1332542633564375e-8	1.0108761932263372e-9	3.959997483318847e-5
353.0	2.2340845767441802e-8	1.6995264471953374e-9	3.8499868786563485e-6	1.1328545194702145e-8	1.0107796580609398e-9	3.959997512966788e-5
354.0	2.236984072274439e-8	1.7008444602729474e-9	3.849987202180987e-6	1.132884042482318e-8	1.0108889896520294e-9	3.959997498834066e-5
355.0	2.2369238129560267e-8	1.7023823423895394e-9	3.84998738451537e-6	1.1325451493439818e-8	1.0107697341410957e-9	3.959997506660338e-5
356.0	2.2357725393616342e-8	1.7012370627117943e-9	3.849987401361281e-6	1.1325813639738136e-8	1.0102216951588272e-9	3.9599974934080446e-5
357.0	2.2306523467888956e-8	1.7011079440618634e-9	3.849987260081402e-6	1.1324958454139825e-8	1.0104449705162557e-9	3.959997481436341e-5
358.0	2.2355486734796493e-8	1.7021340906942492e-9	3.84998658338252e-6	1.1326744623972664e-8	1.0099583159996605e-9	3.9599974927914906e-5
359.0	2.2343654197508122e-8	1.7014418521170336e-9	3.8499869117495395e-6	1.1327884779588673e-8	1.0105872391204971e-9	3.959997468858196e-5
360.0	2.2391092411377063e-8	1.7013830825626068e-9	3.849987100645105e-6	1.1330054858726193e-8	1.0103810636885753e-9	3.9599975012976726e-5
361.0	2.2346632218224625e-8	1.7021238542604797e-9	3.849986529809783e-6	1.1332224080898168e-8	1.0109538226530869e-9	3.9599974493099955e-5
362.0	2.232597268580886e-8	1.7013893051350082e-9	3.849987148433963e-6	1.1332934389805462e-8	1.010799212831259e-9	3.959997491578483e-5
363.0	2.2331551856531886e-8	1.7011839289472481e-9	3.849987435617975e-6	1.1334433898404638e-8	1.010960013075158e-9	3.95999742742583e-5
364.0	2.235201655793947e-8	1.7017379141741047e-9	3.849986771352552e-6	1.133155672267927e-8	1.0109658338594724e-9	3.959997473376577e-5
365.0	2.241332291990293e-8	1.7012333007381097e-9	3.849986994944411e-6	1.1332087388720712e-8	1.0106004912014074e-9	3.959997437292969e-5
366.0	2.235070660495976e-8	1.7012217516957736e-9	3.8499873090556755e-6	1.1327425312095236e-8	1.0107806000762738e-9	3.959997467217641e-5
367.0	2.2321372500420396e-8	1.7026470892770654e-9	3.849987015396581e-6	1.1327305076356884e-8	1.0102281983948618e-9	3.95999746342001e-5
368.0	2.2340278369892564e-8	1.703732480464724e-9	3.849986082679058e-6	1.1323450708658134e-8	1.0105834004340753e-9	3.959997473815505e-5
369.0	2.236749178827799e-8	1.7027893183130523e-9	3.849986764720936e-6	1.1324489205266306e-8	1.010320168126943e-9	3.959997484385435e-5
370.0	2.2389556454814544e-8	1.7041672528094409e-9	3.849986910145233e-6	1.1323499327874938e-8	1.0106031881468168e-9	3.959997466208927e-5
371.0	2.2361700502168504e-8	1.7033663510652657e-9	3.8499876477637495e-6	1.1325723262245673e-8	1.0106944015740812e-9	3.959997471943614e-5
372.0	2.232910458131265e-8	1.7020404726332973e-9	3.849987223442339e-6	1.1327320558369475e-8	1.010728064445528e-9	3.9599974502673094e-5
373.0	2.2360515220931238e-8	1.7021938033439627e-9	3.849987151866672e-6	1.1330050140334614e-8	1.010788745520485e-9	3.959997464171265e-5
374.0	2.2341729935478922e-8	1.703639657447115e-9	3.849986678154229e-6	1.1331980828378592e-8	1.010488311092373e-9	3.959997441128138e-5
375.0	2.236200979237177e-8	1.7028471102709227e-9	3.849986462580882e-6	1.1333654066084078e-8	1.0104636907925748e-9	3.959997461514263e-5
376.0	2.2383398651484218e-8	1.7046480428016136e-9	3.849986482130527e-6	1.133470466546901e-8	1.010051166818386e-9	3.9599974397414085e-5
377.0	2.236488859578109e-8	1.7042635308733088e-9	3.849987100343621e-6	1.1333850076231954e-8	1.0104191111649285e-9	3.959997458420747e-5
378.0	2.2336156459924103e-8	1.703933901708324e-9	3.849987915477886e-6	1.133398654742409e-8	1.0100111186095625e-9	3.9599974396364334e-5
379.0	2.233446447891133e-8	1.7041775825017569e-9	3.84998744462327e-6	1.1330412129660292e-8	1.0105319936119774e-9	3.959997457191544e-5
380.0	2.2388457316464253e-8	1.7035572459006984e-9	3.8499869329924185e-6	1.1330050632094726e-8	1.0103603298995553e-9	3.959997446944572e-5
381.0	2.241519153924101e-8	1.704401478263141e-9	3.849986633692488e-6	1.1325342653769071e-8	1.01040803709988e-9	3.959997457161381e-5
382.0	2.233990956961042e-8	1.7037999851516785e-9	3.849987021212381e-6	1.1325957144973361e-8	1.0104255597824789e-9	3.959997451081128e-5
383.0	2.233320560925965e-8	1.704542014298351e-9	3.849986512940247e-6	1.1323585379532426e-8	1.0103224735977269e-9	3.9599974616596315e-5
384.0	2.234634126702804e-8	1.7039943783111353e-9	3.849987219909211e-6	1.1325182182015731e-8	1.0105255426905828e-9	3.959997461330997e-5
385.0	2.242048149243518e-8	1.7049471123944667e-9	3.849987896715935e-6	1.1325410074088935e-8	1.0105120885041171e-9	3.9599974713290025e-5
386.0	2.237992911477126e-8	1.704577125187643e-9	3.849987065676759e-6	1.1328084444598433e-8	1.0108935458559874e-9	3.959997454973344e-5
387.0	2.2329276523472724e-8	1.7044998455944923e-9	3.8499866191399335e-6	1.1329078361780272e-8	1.010850973003056e-9	3.9599974921849656e-5
388.0	2.2353724234289718e-8	1.705301969307787e-9	3.849986420394306e-6	1.133077471927096e-8	1.0111351517334862e-9	3.959997459092499e-5
389.0	2.236731227802252e-8	1.704850477600054e-9	3.8499867376780355e-6	1.1331854346688928e-8	1.0109807233228903e-9	3.959997498284539e-5
390.0	2.2418775894991785e-8	1.7056130168388363e-9	3.849987019810483e-6	1.1331378074209938e-8	1.011098059950281e-9	3.9599974678546726e-5
391.0	2.2338070390208687e-8	1.7049563776161201e-9	3.849987764952595e-6	1.133175762596825e-8	1.0108421477234549e-9	3.959997479404335e-5
392.0	2.235886963000782e-8	1.7047772942366184e-9	3.849987643715828e-6	1.1328904618510588e-8	1.0108555962177208e-9	3.959997471178757e-5
393.0	2.2367839919215967e-8	1.7044098572916534e-9	3.849986501466987e-6	1.1328426588916952e-8	1.0108462432800688e-9	3.959997461758044e-5
394.0	2.239149391616249e-8	1.704861264216769e-9	3.849986518392043e-6	1.1325465598617105e-8	1.0107640341107058e-9	3.9599974740237416e-5
395.0	2.2381550032353962e-8	1.705202175383571e-9	3.84998631081258e-6	1.1326184911531731e-8	1.0110174331915405e-9	3.959997461416353e-5
396.0	2.235468525949392e-8	1.705892324981311e-9	3.849987152372537e-6	1.1325583590422282e-8	1.0107289248652636e-9	3.959997468220334e-5
397.0	2.235536723611157e-8	1.7054775089226815e-9	3.8499872878954465e-6	1.1327327838162606e-8	1.0113029874243743e-9	3.959997476215681e-5
398.0	2.238199732507605e-8	1.706235363292154e-9	3.8499875568554505e-6	1.1326987862914408e-8	1.010889418047956e-9	3.9599974701986953e-5
399.0	2.2364995460091267e-8	1.7064735777348077e-9	3.849987317712699e-6	1.1329533052189678e-8	1.01121806512311e-9	3.9599974746298154e-5
400.0	2.2370350358256377e-8	1.7053190684218331e-9	3.8499869214331725e-6	1.1329863443135855e-8	1.0109952369032538e-9	3.959997479559222e-5
401.0	2.237074262358064e-8	1.7051283414886916e-9	3.849986387750282e-6	1.1331086055686351e-8	1.0108638441555417e-9	3.959997462866635e-5
402.0	2.237499080754222e-8	1.7049162962829694e-9	3.84998721707893e-6	1.1331966699661142e-8	1.0108389476514794e-9	3.959997499388573e-5
403.0	2.2354860077066167e-8	1.7065263022543473e-9	3.849986780520907e-6	1.1330613314395695e-8	1.0102968425385593e-9	3.959997456485666e-5
404.0	2.2356285739193834e-8	1.7059051907206526e-9	3.849986874218973e-6	1.1330912984883765e-8	1.0108040802502207e-9	3.959997512623792e-5
405.0	2.2387318204886208e-8	1.7074184431880618e-9	3.849986926342153e-6	1.1327129214321715e-8	1.0103732421629808e-9	3.9599974668743695e-5
406.0	2.2390925825755855e-8	1.7080982126180111e-9	3.849987059929276e-6	1.1326895973415935e-8	1.01093990519786e-9	3.959997507136753e-5
407.0	2.2380902206556534e-8	1.7062710826712007e-9	3.849987227873005e-6	1.1324741027159335e-8	1.0108592040943458e-9	3.9599974706089344e-5
408.0	2.2331823989622276e-8	1.7075611346893158e-9	3.849987286620051e-6	1.132547397785418e-8	1.011048850255344e-9	3.9599974819247904e-5
409.0	2.2372983918913886e-8	1.7060396530270806e-9	3.849987122088822e-6	1.132596599353589e-8	1.0110702427291728e-9	3.9599974636547255e-5
410.0	2.2422028023724264e-8	1.7060462135860147e-9	3.849986908698713e-6	1.1327782967524773e-8	1.010693353200573e-9	3.959997466713248e-5
411.0	2.2409480996630834e-8	1.7063890119714823e-9	3.8499868541231674e-6	1.1329166919084213e-8	1.0108120375743796e-9	3.959997452100348e-5
412.0	2.2331595942449095e-8	1.7055919480435122e-9	3.849986053501364e-6	1.133116759238698e-8	1.0102060806528532e-9	3.959997460480914e-5
413.0	2.234912926212248e-8	1.7078740727991744e-9	3.849986964881934e-6	1.1332148952209325e-8	1.0104785659303213e-9	3.959997459879936e-5
414.0	2.237920561147082e-8	1.7089516358680534e-9	3.849987662588936e-6	1.1333596171410811e-8	1.0102415781009896e-9	3.959997459896074e-5
415.0	2.244832358785621e-8	1.7087494500374667e-9	3.849987406226041e-6	1.1333776880445046e-8	1.0104435415833185e-9	3.9599974837954864e-5
416.0	2.2371335199164412e-8	1.7085277271426885e-9	3.849987293378349e-6	1.1332535825806866e-8	1.01054539002882e-9	3.959997456036376e-5
417.0	2.2327315639631957e-8	1.7081275150639228e-9	3.849987273532652e-6	1.1331476177710173e-8	1.0106253369211682e-9	3.959997495811601e-5
418.0	2.2375584291379328e-8	1.707361200844388e-9	3.849986252840531e-6	1.1327120603039192e-8	1.0107577394535213e-9	3.959997439976778e-5
419.0	2.2395736583167033e-8	1.7065295049102557e-9	3.8499863720021325e-6	1.1325309342095478e-8	1.010625137395817e-9	3.959997476280445e-5
420.0	2.2400087548264174e-8	1.707599020674981e-9	3.849987140448509e-6	1.1321995431972607e-8	1.0109096984360332e-9	3.959997405711604e-5
421.0	2.2365164758146367e-8	1.7077624496885763e-9	3.849987333634078e-6	1.1320833031246303e-8	1.0107242221211132e-9	3.9599974448643146e-5
422.0	2.234766434579579e-8	1.7083542231282982e-9	3.849987084715102e-6	1.1321330139599487e-8	1.0110207862112953e-9	3.9599973979804514e-5
423.0	2.2395198990468504e-8	1.7090417683670244e-9	3.849987089524924e-6	1.1322270405967432e-8	1.0109930665417897e-9	3.959997436972004e-5
424.0	2.2368461562693705e-8	1.709504409958072e-9	3.849987458290042e-6	1.1325127150181668e-8	1.0112632789712967e-9	3.9599974335699726e-5
425.0	2.2381752324697512e-8	1.709873997770129e-9	3.849986547546578e-6	1.1327881629289381e-8	1.0112593763755642e-9	3.9599974503512924e-5
426.0	2.239291595046028e-8	1.706817407268574e-9	3.849986587264834e-6	1.1330580786995653e-8	1.0112661525830017e-9	3.9599974745487055e-5
427.0	2.2377933321048574e-8	1.7079283631346121e-9	3.849987242782025e-6	1.1332880510112173e-8	1.0112645194773738e-9	3.959997447809421e-5
428.0	2.2395234744202537e-8	1.7068108733989538e-9	3.849986822106697e-6	1.1333543070111226e-8	1.010955252741915e-9	3.959997478975948e-5
429.0	2.236010142711406e-8	1.707523628632066e-9	3.849986341303182e-6	1.1333505627522814e-8	1.011116103484572e-9	3.959997412101163e-5
430.0	2.240224861542334e-8	1.7085000189399864e-9	3.849987807822145e-6	1.133267249404623e-8	1.010839178214395e-9	3.959997441424552e-5
431.0	2.240195911694035e-8	1.708375092245052e-9	3.8499870405546465e-6	1.1330395488388075e-8	1.0111806443910874e-9	3.959997382910245e-5
432.0	2.2398018912225224e-8	1.7089999313203948e-9	3.8499863952394624e-6	1.1328475607104884e-8	1.0110585075665308e-9	3.959997408993802e-5
433.0	2.2350501640225174e-8	1.708218646559149e-9	3.849986817987661e-6	1.1327069618379752e-8	1.0111861119735398e-9	3.9599973832556524e-5
434.0	2.2369053277227736e-8	1.7088520517079387e-9	3.849987049635672e-6	1.1324430862525437e-8	1.0111011601336556e-9	3.9599973896437045e-5
435.0	2.2419430764457825e-8	1.7088601910077914e-9	3.849986504795154e-6	1.1325028303048192e-8	1.0109573846538673e-9	3.9599973983284356e-5
436.0	2.241341826272148e-8	1.7073682059499024e-9	3.849987675149021e-6	1.1323277055541281e-8	1.0111452181999096e-9	3.959997393785782e-5
437.0	2.237476923400925e-8	1.7099055568834449e-9	3.849987647542796e-6	1.1325343817111898e-8	1.0107909914696121e-9	3.9599974372815645e-5
438.0	2.2347868636278832e-8	1.7092962232508703e-9	3.849986846597858e-6	1.1325261566786688e-8	1.011024662824437e-9	3.959997434139266e-5
439.0	2.2386298719765127e-8	1.7109064209126774e-9	3.849986351827813e-6	1.1327092487550605e-8	1.0106008704495058e-9	3.95999748097241e-5
440.0	2.2439926980215052e-8	1.7116564859307662e-9	3.849987080965176e-6	1.1328026261351912e-8	1.010731864107391e-9	3.9599974651643076e-5
441.0	2.2404591117460444e-8	1.7106591399099058e-9	3.849986714744291e-6	1.1328614135606654e-8	1.0104567629316887e-9	3.9599974807773095e-5
442.0	2.235611105708097e-8	1.7102646477882254e-9	3.849987429150123e-6	1.1329278643194192e-8	1.0106349246007641e-9	3.9599974759099736e-5
443.0	2.236467824474099e-8	1.710537622257029e-9	3.8499878631761304e-6	1.1328785976531718e-8	1.010880547938065e-9	3.959997464300404e-5
444.0	2.2416151434434198e-8	1.7088706398886818e-9	3.849987042270581e-6	1.1329172897692398e-8	1.0108525133912915e-9	3.959997465305389e-5
445.0	2.2422757801593852e-8	1.709352191023716e-9	3.849986114555717e-6	1.1327859639085674e-8	1.0112621138352001e-9	3.9599974372339186e-5
446.0	2.2374409620629356e-8	1.710966717883236e-9	3.849986442554576e-6	1.1329268912589515e-8	1.0109309613400196e-9	3.9599974518619404e-5
447.0	2.2342954020011212e-8	1.710667175305657e-9	3.849986945119307e-6	1.1327500676059463e-8	1.011208543661785e-9	3.959997408693646e-5
448.0	2.239052113370034e-8	1.712025174398595e-9	3.8499865959014186e-6	1.1329506421074603e-8	1.0107789368775817e-9	3.9599974274378484e-5
449.0	2.2400779951113926e-8	1.71169928465408e-9	3.849987655399129e-6	1.1328014097989562e-8	1.0109657865683274e-9	3.95999738676958e-5
450.0	2.2365959225748128e-8	1.7135703244054003e-9	3.849987231744746e-6	1.1330404986975177e-8	1.0109497403016126e-9	3.959997418077404e-5
451.0	2.2368355236668172e-8	1.711274680700259e-9	3.849986626836799e-6	1.1329040158628553e-8	1.011089263200987e-9	3.9599974086414236e-5
452.0	2.2372563027475126e-8	1.7115468056454413e-9	3.849986417970826e-6	1.1330720844539056e-8	1.0114246608272926e-9	3.959997431852614e-5
453.0	2.240390359044088e-8	1.7116132770131329e-9	3.8499875411122225e-6	1.1328618365416893e-8	1.0112832236225963e-9	3.959997446985473e-5
454.0	2.2356536934582568e-8	1.711388769988421e-9	3.849987077640963e-6	1.1329668037019513e-8	1.011736073786943e-9	3.959997446543597e-5
455.0	2.237352452225296e-8	1.7110692009481197e-9	3.849986858264407e-6	1.1327091034913712e-8	1.0113291565438182e-9	3.9599974737759e-5
456.0	2.239105607921043e-8	1.7118225482460433e-9	3.849987305389669e-6	1.1326873647989233e-8	1.0116041186915755e-9	3.959997445435924e-5
457.0	2.2403517191086065e-8	1.7129853990559558e-9	3.849987186240029e-6	1.1325785226913222e-8	1.011309154448377e-9	3.959997474233372e-5
458.0	2.2370100444973208e-8	1.7122164502922659e-9	3.84998709176918e-6	1.1324400450675395e-8	1.0113044325275936e-9	3.959997431985653e-5
459.0	2.233941549992316e-8	1.713074622673692e-9	3.849987057247702e-6	1.1326242932838562e-8	1.011369661732798e-9	3.959997462844717e-5
460.0	2.2401108222610024e-8	1.7131037121365188e-9	3.849987922221946e-6	1.1325104721149485e-8	1.0111652319073072e-9	3.9599974283566914e-5
461.0	2.2403302170552525e-8	1.7135991200218191e-9	3.8499867958877465e-6	1.1328188064912538e-8	1.0113961881044565e-9	3.959997451263738e-5
462.0	2.238768224417184e-8	1.7110044875724583e-9	3.849986572236243e-6	1.132786436333195e-8	1.0110219228956863e-9	3.95999742331269e-5
463.0	2.2361495384844046e-8	1.7129783272343053e-9	3.849986609663968e-6	1.1330304349357456e-8	1.011099055437227e-9	3.9599974206655035e-5
464.0	2.238051340539029e-8	1.7131782770762206e-9	3.849987586978824e-6	1.1329925021461967e-8	1.0108143342781374e-9	3.959997402265462e-5
465.0	2.242729773761321e-8	1.7122935517046337e-9	3.849986726559082e-6	1.1331296051417806e-8	1.0106155483895933e-9	3.959997372110294e-5
466.0	2.240289257433827e-8	1.7140357871346458e-9	3.849986475127714e-6	1.1329950632017947e-8	1.0106652698351733e-9	3.959997371932659e-5
467.0	2.2369561312986086e-8	1.7141956266806916e-9	3.849987390873304e-6	1.133211643906502e-8	1.01067162887781e-9	3.9599973540447745e-5
468.0	2.2390250662839883e-8	1.713342810982476e-9	3.8499865173427e-6	1.1329312629248538e-8	1.0108592002880821e-9	3.959997369147187e-5
469.0	2.2424284994974535e-8	1.7134578202179679e-9	3.849986092762621e-6	1.1331258088074567e-8	1.011021746318041e-9	3.9599973835774416e-5
470.0	2.2401258667489408e-8	1.7128991473944666e-9	3.849986939035186e-6	1.1328336035753272e-8	1.0111890889083757e-9	3.9599973810822126e-5
471.0	2.2395139854437876e-8	1.7123394048124108e-9	3.849987235328495e-6	1.1328898237795732e-8	1.011232466053706e-9	3.959997422488144e-5
472.0	2.2375261502153087e-8	1.7133698522943314e-9	3.849986459739071e-6	1.1328673815373306e-8	1.0114354961873541e-9	3.959997417227845e-5
473.0	2.2407417477192423e-8	1.7140283613282565e-9	3.849986954751789e-6	1.1327673544528551e-8	1.0113849759980941e-9	3.9599974510364194e-5
474.0	2.2413850737266894e-8	1.7146362815420085e-9	3.8499871621092895e-6	1.1328887342844982e-8	1.011610365123125e-9	3.959997446158549e-5
475.0	2.2405648294639867e-8	1.714284139347692e-9	3.849987008367586e-6	1.1327139106752599e-8	1.0113306977231253e-9	3.959997413860313e-5
476.0	2.2388701230815856e-8	1.7154178442488506e-9	3.849986890903715e-6	1.1327805922663281e-8	1.0117127338745611e-9	3.959997429552381e-5
477.0	2.240012968902836e-8	1.7140320996583839e-9	3.849987213111144e-6	1.1326354122171038e-8	1.011491967961258e-9	3.95999735891392e-5
478.0	2.2392827001154306e-8	1.7132762562164159e-9	3.849987087661545e-6	1.1326570700351815e-8	1.011771895359371e-9	3.959997393105163e-5
479.0	2.242163627318104e-8	1.7152241846070538e-9	3.849987311314462e-6	1.1326759201973385e-8	1.0118520365779598e-9	3.959997362356456e-5
480.0	2.240956680744755e-8	1.7140178393704617e-9	3.849986966560042e-6	1.1328039955634363e-8	1.0115652930283419e-9	3.959997385720712e-5
481.0	2.2392467446734894e-8	1.7142784539205722e-9	3.849986918104367e-6	1.1327631934143116e-8	1.0117988567796025e-9	3.959997403563825e-5
482.0	2.2380490728084024e-8	1.7165638348411697e-9	3.849987169731668e-6	1.1329458327085136e-8	1.011028096407461e-9	3.9599973946311985e-5
483.0	2.2406869161392898e-8	1.7152945700725188e-9	3.849986826134614e-6	1.132764335653762e-8	1.0114583708795206e-9	3.959997447716306e-5
484.0	2.2412995274142017e-8	1.7169883545244455e-9	3.8499868291689585e-6	1.1330472198412701e-8	1.0107546440292748e-9	3.9599974090098545e-5
485.0	2.2404450060753353e-8	1.7168833838603679e-9	3.8499872879673655e-6	1.1328927464052498e-8	1.0109288261792543e-9	3.959997463663589e-5
486.0	2.2383566142689924e-8	1.715712947900369e-9	3.849986918199656e-6	1.1330818937274028e-8	1.010706637950937e-9	3.9599974196664803e-5
487.0	2.2394183347734534e-8	1.7158732465904312e-9	3.84998683838574e-6	1.1331002541692351e-8	1.0102685488168695e-9	3.95999743718167e-5
488.0	2.2413730333186287e-8	1.7151305222742184e-9	3.849987070663066e-6	1.1331075614807306e-8	1.0105939561803934e-9	3.959997420007117e-5
489.0	2.2383348432363297e-8	1.7152971587321977e-9	3.849986662792129e-6	1.1331040393714837e-8	1.0097843327901584e-9	3.959997394624948e-5
490.0	2.240891612050846e-8	1.7151902886490989e-9	3.8499862852265785e-6	1.1330168391644968e-8	1.0104569187337517e-9	3.959997403553839e-5
491.0	2.2412603745511922e-8	1.7154952877023688e-9	3.84998703173043e-6	1.1329583473962704e-8	1.0101881011764417e-9	3.9599973873401564e-5
492.0	2.240688756498748e-8	1.7150461766727124e-9	3.849987051432779e-6	1.1329610164713216e-8	1.010639143393292e-9	3.959997417028744e-5
493.0	2.2395592835717887e-8	1.715950681949679e-9	3.84998675808437e-6	1.1328693303191426e-8	1.0108310436116744e-9	3.959997425937293e-5
494.0	2.238482009234635e-8	1.716851547973229e-9	3.8499873609632445e-6	1.1328770203607235e-8	1.0107054560490834e-9	3.959997445700785e-5
495.0	2.2435986098360376e-8	1.7163847330657503e-9	3.849986870812471e-6	1.1328299580378594e-8	1.0111511774677758e-9	3.959997447836572e-5
496.0	2.243180661139594e-8	1.7157228137419966e-9	3.849986163343738e-6	1.1326799437755243e-8	1.0105979909477916e-9	3.959997462751156e-5
497.0	2.2377155317833e-8	1.7171564458349885e-9	3.849986190457048e-6	1.1328551900056286e-8	1.011308232860989e-9	3.959997452038187e-5
498.0	2.2395241950237735e-8	1.7149758880160326e-9	3.849987594660859e-6	1.1326031686822814e-8	1.0110144271063166e-9	3.959997484011695e-5
499.0	2.242158128858171e-8	1.7152816889413575e-9	3.849986564776836e-6	1.1328438204953629e-8	1.0114637248634386e-9	3.959997440896425e-5
500.0	2.2441399348697667e-8	1.716110865605791e-9	3.8499868394423975e-6	1.132778328062905e-8	1.0116703043184033e-9	3.959997483903362e-5
501.0	2.2408864228984775e-8	1.7159055633474556e-9	3.84998716536443e-6	1.1329329129368488e-8	1.0114446237401613e-9	3.959997419634344e-5
502.0	2.2386348578984876e-8	1.7162626278367946e-9	3.849986458930539e-6	1.1329680896104152e-8	1.012116547294527e-9	3.959997463506463e-5
503.0	2.2431763406084882e-8	1.718092357928385e-9	3.849986189648243e-6	1.1330063037153555e-8	1.0115964741622803e-9	3.95999741131689e-5
504.0	2.240748322241988e-8	1.7181551936193727e-9	3.849987296583085e-6	1.1329766366946737e-8	1.0121685622525187e-9	3.959997434284627e-5
505.0	2.2426257194478405e-8	1.7181451311682002e-9	3.849987109468679e-6	1.133098758599497e-8	1.0119239079411758e-9	3.959997423043559e-5
506.0	2.2407827730120615e-8	1.7175778043316557e-9	3.849986436627428e-6	1.1328989255636287e-8	1.0117147792886392e-9	3.959997409506223e-5
507.0	2.2412387522063615e-8	1.7174248020620224e-9	3.849986966082814e-6	1.1330771243450175e-8	1.0117162101421981e-9	3.959997427024754e-5
508.0	2.2430922385098754e-8	1.7168731810373277e-9	3.849986619925335e-6	1.1328679407603314e-8	1.0110229764495846e-9	3.959997398326627e-5
509.0	2.2394525228230854e-8	1.7175943578093667e-9	3.8499864925676765e-6	1.1328548265078524e-8	1.0113062297503359e-9	3.959997435708009e-5
510.0	2.2433284979092393e-8	1.7182784991608541e-9	3.84998690785922e-6	1.132940167136195e-8	1.0107531130744461e-9	3.9599974031036645e-5
511.0	2.2409548463034493e-8	1.7182623488296364e-9	3.849986935356597e-6	1.1327421213604055e-8	1.0109958666401629e-9	3.9599974373945614e-5
512.0	2.24123366280422e-8	1.7209720517687613e-9	3.849986473256008e-6	1.1330114901089542e-8	1.0108864207757223e-9	3.959997420627504e-5
513.0	2.2408346695016876e-8	1.7193912790567952e-9	3.849986843763222e-6	1.1328353684726041e-8	1.0107498490078794e-9	3.959997429586895e-5
514.0	2.240038752595201e-8	1.7180731908724257e-9	3.849986966936707e-6	1.133100232029054e-8	1.0107121041696526e-9	3.9599974336674904e-5
515.0	2.245520377613263e-8	1.7181783801426357e-9	3.8499865889999965e-6	1.133041009808779e-8	1.0102395921176087e-9	3.9599974233212866e-5
516.0	2.2397942598062483e-8	1.7163307531199315e-9	3.849986470645408e-6	1.1331699782587705e-8	1.0103473706024673e-9	3.9599974404083155e-5
517.0	2.241705486569997e-8	1.7168429333068973e-9	3.8499863496360725e-6	1.1331205123841681e-8	1.010030477304997e-9	3.959997441304444e-5
518.0	2.2409305500719027e-8	1.7176898335600255e-9	3.849986639404655e-6	1.1332414459321393e-8	1.0103715950561265e-9	3.959997448071928e-5
519.0	2.2426039976007664e-8	1.7187373501824012e-9	3.849986400357029e-6	1.1330363792260274e-8	1.0103218352027702e-9	3.959997452342414e-5
520.0	2.243036546818916e-8	1.7197809153475539e-9	3.8499865871675915e-6	1.13327489025948e-8	1.0105098903333168e-9	3.959997445919332e-5
521.0	2.239551834034902e-8	1.719822488053268e-9	3.849987428944065e-6	1.1329627221566256e-8	1.010602506797592e-9	3.9599974423716e-5
522.0	2.23903184409358e-8	1.7208419948066677e-9	3.849986978001264e-6	1.1330912600842498e-8	1.0103344066903806e-9	3.9599974268596054e-5
523.0	2.2423963866344856e-8	1.7192352547616467e-9	3.849986081560724e-6	1.1329237318290632e-8	1.0104436139457026e-9	3.959997413240277e-5
524.0	2.2405699580350962e-8	1.718460082731568e-9	3.849985957851179e-6	1.1329367914248803e-8	1.0102500996297293e-9	3.9599974067442385e-5
525.0	2.2430109802345926e-8	1.7188589279790164e-9	3.849986463129737e-6	1.1330694840545169e-8	1.0105713067862451e-9	3.9599974017918226e-5
526.0	2.2404030150538262e-8	1.7175269315931759e-9	3.849986483925887e-6	1.1329432026293741e-8	1.0107406403018964e-9	3.959997406060288e-5
527.0	2.240345156848141e-8	1.7199598536316067e-9	3.849986664946926e-6	1.1331737797150782e-8	1.0111543495972721e-9	3.959997417487891e-5
528.0	2.241992549445672e-8	1.7206719348687211e-9	3.849987590817737e-6	1.1329646706753752e-8	1.011281701678903e-9	3.959997419681903e-5
529.0	2.2400117738188978e-8	1.7202624249557346e-9	3.849987254227918e-6	1.1331653785974118e-8	1.0112997942555278e-9	3.9599974320230146e-5
530.0	2.244504330233784e-8	1.7217971572548433e-9	3.849985936317968e-6	1.1329337089405226e-8	1.011248864313292e-9	3.9599974237017304e-5
531.0	2.240091520642401e-8	1.7199284362639097e-9	3.84998577013276e-6	1.1331135178052246e-8	1.0110500878628e-9	3.959997425801074e-5
532.0	2.2417358554632697e-8	1.720707972128038e-9	3.849986446786437e-6	1.1328678399283384e-8	1.0110761440840543e-9	3.959997409950641e-5
533.0	2.23978981961782e-8	1.7189782256446504e-9	3.849986575240786e-6	1.1330423119330965e-8	1.0110371301188066e-9	3.959997417781347e-5
534.0	2.2427440332090223e-8	1.71916032427555e-9	3.849986478939591e-6	1.1327206124221813e-8	1.0113522076095985e-9	3.9599973924967615e-5
535.0	2.2423207435852924e-8	1.7186830550618859e-9	3.84998711333457e-6	1.1329268398137134e-8	1.011413765024838e-9	3.9599974113544085e-5
536.0	2.2436618448652337e-8	1.7191889765218566e-9	3.849986830942054e-6	1.1327012561807951e-8	1.011574238777794e-9	3.9599973929032174e-5
537.0	2.2403815122774528e-8	1.7191015917654564e-9	3.849986178766057e-6	1.1329522895552202e-8	1.0114211728878708e-9	3.9599974209027805e-5
538.0	2.241132712205615e-8	1.7202989358246282e-9	3.849986220732834e-6	1.1329575227233016e-8	1.0113311645554607e-9	3.9599974189940026e-5
539.0	2.2407170747125902e-8	1.7207760189092143e-9	3.849986366221881e-6	1.1331062831985287e-8	1.011027797045061e-9	3.9599974287032384e-5
540.0	2.2423286851859394e-8	1.7213590675734993e-9	3.8499863886573574e-6	1.1331854694660078e-8	1.0110768696607719e-9	3.959997450565724e-5
541.0	2.2432828238978952e-8	1.7212715516685882e-9	3.8499868430933695e-6	1.1331919877763413e-8	1.0108032871837902e-9	3.95999743110131e-5
542.0	2.2415000152393e-8	1.721323220856538e-9	3.84998692492048e-6	1.1332791502740416e-8	1.0108980841458969e-9	3.959997476601734e-5
543.0	2.24017024499424e-8	1.7224617413099536e-9	3.849986343328885e-6	1.1332039181860468e-8	1.0109271319899306e-9	3.959997427196328e-5
544.0	2.2415783412144233e-8	1.7201627081604503e-9	3.8499864731185625e-6	1.1332909070987132e-8	1.0106733864319709e-9	3.959997485517532e-5
545.0	2.2430900628990545e-8	1.7214925676259702e-9	3.849986437506411e-6	1.1330426733077647e-8	1.0109102916476485e-9	3.9599974214103375e-5
546.0	2.2446588986660615e-8	1.7201619946235971e-9	3.849986125046839e-6	1.1331227851212982e-8	1.0105756699369972e-9	3.95999747877543e-5
547.0	2.242807372943857e-8	1.7210165717160078e-9	3.84998708733525e-6	1.1327518602823785e-8	1.0107307110452398e-9	3.959997426020362e-5
548.0	2.2407903158900125e-8	1.7233833732960863e-9	3.8499871625457495e-6	1.1327908488792152e-8	1.010672703671254e-9	3.9599974573956365e-5
549.0	2.2420281765155902e-8	1.7228426317207368e-9	3.849986383631168e-6	1.1325990058894437e-8	1.0108463022781358e-9	3.959997437882587e-5
550.0	2.2434965448014543e-8	1.7242646217548892e-9	3.849985622913474e-6	1.1326373121791792e-8	1.0109215313669148e-9	3.9599974392033976e-5
551.0	2.2439854427040218e-8	1.7232999874684046e-9	3.849986631528808e-6	1.1327528631660605e-8	1.0109275189222753e-9	3.9599974694886554e-5
552.0	2.242465156267283e-8	1.7238195542648318e-9	3.849986554251766e-6	1.132804902166621e-8	1.0112260784365399e-9	3.959997447769395e-5
553.0	2.2405996387675745e-8	1.722082678966586e-9	3.849986662449614e-6	1.13303018082553e-8	1.010851605002203e-9	3.9599975114910026e-5
554.0	2.243429115458467e-8	1.7220324009321875e-9	3.849987126280069e-6	1.1331523910941641e-8	1.0113057639966977e-9	3.959997466876867e-5
555.0	2.2443270009711555e-8	1.7228816330523574e-9	3.84998648421756e-6	1.133294065287572e-8	1.010875696203626e-9	3.9599975246456195e-5
556.0	2.2437779512402604e-8	1.7233919066808673e-9	3.84998553114854e-6	1.133398787379395e-8	1.0113687334558983e-9	3.9599974673013405e-5
557.0	2.240980624519178e-8	1.7242595228663933e-9	3.849986521250552e-6	1.1334703085898968e-8	1.011303525566232e-9	3.9599974933085155e-5
558.0	2.240929969742025e-8	1.7251895953646397e-9	3.849986549666578e-6	1.133434917799897e-8	1.0113319751708784e-9	3.95999744781991e-5
559.0	2.245187418192726e-8	1.724055461579052e-9	3.849986644478519e-6	1.1333770767420245e-8	1.0116376625308504e-9	3.959997461736299e-5
560.0	2.242324593083931e-8	1.7250125284712308e-9	3.849986722157145e-6	1.1331775551043234e-8	1.0113338836505862e-9	3.959997442153996e-5
561.0	2.243269103021813e-8	1.72418191318524e-9	3.8499868649761176e-6	1.1329427893516342e-8	1.0116582328865145e-9	3.9599974494951745e-5
562.0	2.2401677606458e-8	1.7234716722949715e-9	3.849986235765796e-6	1.1328337793321634e-8	1.0112622198088208e-9	3.95999744748678e-5
563.0	2.2438147629999048e-8	1.7240052684654316e-9	3.849986619454886e-6	1.132552248048583e-8	1.011482852848597e-9	3.9599974470328084e-5
564.0	2.2442865384832652e-8	1.724916586542651e-9	3.849986412991309e-6	1.132665189616091e-8	1.011054486366806e-9	3.959997434967652e-5
565.0	2.243036742068794e-8	1.7255886227639333e-9	3.849986019835181e-6	1.1325005220506359e-8	1.0109203517241537e-9	3.959997427111011e-5
566.0	2.2439369082169606e-8	1.7250767960682821e-9	3.8499867171865924e-6	1.1328108275158625e-8	1.0107992150768633e-9	3.959997419815559e-5
567.0	2.2419855224241674e-8	1.7264085539513082e-9	3.849987124702867e-6	1.1327780361987001e-8	1.0104570827839273e-9	3.959997422950174e-5
568.0	2.244422016761786e-8	1.726374523180081e-9	3.849986730088583e-6	1.1331787470074101e-8	1.0108643009392939e-9	3.959997431267876e-5
569.0	2.242940184744744e-8	1.725087823344072e-9	3.849987274293129e-6	1.1331602072664626e-8	1.0105808118110755e-9	3.9599974273335136e-5
570.0	2.2446119683437486e-8	1.7269458634448645e-9	3.849986208525751e-6	1.1334865671113363e-8	1.0112374986598902e-9	3.959997434341766e-5
571.0	2.2453233224434357e-8	1.7261277235472227e-9	3.849985827974511e-6	1.1334200848584864e-8	1.011034722764533e-9	3.959997412501553e-5
572.0	2.2415777731620806e-8	1.7261752594568045e-9	3.849986399168618e-6	1.1334929312779189e-8	1.0113305582211928e-9	3.9599974201041755e-5
573.0	2.2442456135958512e-8	1.7280271212853087e-9	3.849987265982102e-6	1.133395357551635e-8	1.0111367270745895e-9	3.9599973999130425e-5
574.0	2.242138985869889e-8	1.7277114139372365e-9	3.849986534141146e-6	1.1331612124757907e-8	1.0109818963046715e-9	3.959997399199147e-5
575.0	2.2486766025626598e-8	1.7291239567522478e-9	3.8499873426389996e-6	1.1331719496541263e-8	1.0109449998809354e-9	3.9599973836038744e-5
576.0	2.243894381444847e-8	1.728299667665146e-9	3.849986874869654e-6	1.132731437914311e-8	1.0107878938272262e-9	3.9599973752444697e-5
577.0	2.2435987441926347e-8	1.7269632979009864e-9	3.849985427340314e-6	1.1329252647667257e-8	1.011349426962555e-9	3.9599973832245676e-5
578.0	2.2420963260331038e-8	1.728759331506419e-9	3.849986486337671e-6	1.1325834233281971e-8	1.0115393385314634e-9	3.9599973864830566e-5
579.0	2.244398202352076e-8	1.7270312301236963e-9	3.849987492785317e-6	1.1329465621069476e-8	1.0120240576810838e-9	3.9599973965047195e-5
580.0	2.2474353032069766e-8	1.7285896888204787e-9	3.849986028546465e-6	1.1327371922068691e-8	1.012022353444891e-9	3.959997407141376e-5
581.0	2.2459695325643804e-8	1.7286197664979261e-9	3.849986281365851e-6	1.1330896294938023e-8	1.0118218414007725e-9	3.959997408828353e-5
582.0	2.2423853337740368e-8	1.7293582782173748e-9	3.849987395232819e-6	1.132842472694996e-8	1.0116438709990682e-9	3.959997411051423e-5
583.0	2.2431888493331714e-8	1.7296489348248071e-9	3.849986070238932e-6	1.1331050763446246e-8	1.011077368960362e-9	3.9599974167229616e-5
584.0	2.2436640853298703e-8	1.7278875433138507e-9	3.849985599191754e-6	1.1328264930994417e-8	1.0113008701345322e-9	3.9599974246067404e-5
585.0	2.2490231012099342e-8	1.7314019967780025e-9	3.849987320676654e-6	1.1330509460509147e-8	1.0109401245364307e-9	3.959997417102594e-5
586.0	2.2471623969202028e-8	1.7289206858405759e-9	3.849986875298881e-6	1.1328868153570418e-8	1.011359088899476e-9	3.9599974298528206e-5
587.0	2.2429724099989468e-8	1.72825327307118e-9	3.849985634885716e-6	1.1330402118023465e-8	1.0111350952989636e-9	3.959997413650275e-5
588.0	2.2424679858457232e-8	1.7306399743526312e-9	3.849986346260607e-6	1.133034854723949e-8	1.0112929221975289e-9	3.959997423796315e-5
589.0	2.2434748363114585e-8	1.729746455204189e-9	3.8499867262357436e-6	1.133028786919812e-8	1.0111651971293785e-9	3.959997408517646e-5
590.0	2.2478347825661644e-8	1.7306812414038086e-9	3.8499859947123905e-6	1.13320197475747e-8	1.0109974409965989e-9	3.959997415607463e-5
591.0	2.2461413191109593e-8	1.7325666785097916e-9	3.84998648174003e-6	1.1330255812408957e-8	1.0111185130394012e-9	3.959997411246109e-5
592.0	2.2434649045781316e-8	1.7305288319815442e-9	3.8499870711472675e-6	1.1333315805316698e-8	1.0106129759399837e-9	3.959997414682972e-5
593.0	2.243103558999978e-8	1.7306348854514013e-9	3.849986528733172e-6	1.1331360884750781e-8	1.0107833367646484e-9	3.959997417962696e-5
594.0	2.2442877336702378e-8	1.731188866790891e-9	3.849986167945464e-6	1.1333999480629398e-8	1.0103779061515376e-9	3.959997418458907e-5
595.0	2.2459742970012206e-8	1.7309646396207976e-9	3.849985745740771e-6	1.1331511886253453e-8	1.0106855982716473e-9	3.959997443152697e-5
596.0	2.246900695054322e-8	1.7315469987949696e-9	3.849986243569356e-6	1.1332376444871684e-8	1.0107507805065193e-9	3.9599974400018285e-5
597.0	2.245637601042906e-8	1.7316423908409833e-9	3.849986587454085e-6	1.1328776778902246e-8	1.010881918550657e-9	3.959997467301031e-5
598.0	2.244843472827249e-8	1.7332072970215332e-9	3.84998648846447e-6	1.1328466747823883e-8	1.0113049737387573e-9	3.9599974393077866e-5
599.0	2.2425354252034214e-8	1.7323853840789897e-9	3.8499867085501895e-6	1.1325316606829872e-8	1.0109289319831797e-9	3.959997449142032e-5
600.0	2.2470773731772575e-8	1.7336379015594282e-9	3.849986237190957e-6	1.1325670546037826e-8	1.011492230056812e-9	3.959997412299233e-5
601.0	2.2482546362871414e-8	1.7332486008341692e-9	3.849985554806757e-6	1.132448516499465e-8	1.010977766328584e-9	3.9599974167343396e-5
602.0	2.2472371036594894e-8	1.7327668177809357e-9	3.849985862230736e-6	1.1327116031657752e-8	1.0114360533478636e-9	3.9599974084746266e-5
603.0	2.2439692742818492e-8	1.732984294897343e-9	3.849986596591403e-6	1.1328483318267902e-8	1.0113467116824701e-9	3.9599974178638594e-5
604.0	2.2437432383438653e-8	1.7322361806553745e-9	3.849986925303393e-6	1.1330473742104453e-8	1.0113451665333994e-9	3.959997418506612e-5
605.0	2.2474941458929017e-8	1.7333512602642692e-9	3.84998622623576e-6	1.1333569001449704e-8	1.011776079354007e-9	3.9599974273836335e-5
606.0	2.247175541024518e-8	1.7337506956685599e-9	3.849986576949859e-6	1.1334182142494623e-8	1.0113747090906198e-9	3.9599974218011714e-5
607.0	2.245445464285429e-8	1.7346000430279266e-9	3.849985935140128e-6	1.133627358873692e-8	1.0121541197288612e-9	3.959997439898421e-5
608.0	2.2462181235220743e-8	1.7345379673421113e-9	3.849985579077405e-6	1.1334839667174092e-8	1.0115708512506163e-9	3.959997432227706e-5
609.0	2.243382190682609e-8	1.7341186608965331e-9	3.849986522044221e-6	1.1333601948091316e-8	1.0121575987672862e-9	3.9599974243451224e-5
610.0	2.245269337534168e-8	1.7361658944167202e-9	3.849987216179323e-6	1.1330222439840775e-8	1.0117889861103121e-9	3.959997416957993e-5
611.0	2.2457823203066344e-8	1.7341644933811896e-9	3.849986399838651e-6	1.1326648654676849e-8	1.0117684764327333e-9	3.959997389327246e-5
612.0	2.2474987422534465e-8	1.7340544361765141e-9	3.849986074576534e-6	1.1324533113985022e-8	1.0119998465055587e-9	3.959997410661015e-5
613.0	2.2482313671531442e-8	1.7348885163422795e-9	3.849986596911262e-6	1.132201173489605e-8	1.0115489413156818e-9	3.959997389854152e-5
614.0	2.2434449082452995e-8	1.733929436290097e-9	3.849986270602241e-6	1.132218588582105e-8	1.0120145506259304e-9	3.959997436750453e-5
615.0	2.2442259391296154e-8	1.7359746743367887e-9	3.849986169814983e-6	1.132350215571146e-8	1.011397479916177e-9	3.959997420282575e-5
616.0	2.2474582197186445e-8	1.7360903096528371e-9	3.849986879901044e-6	1.1326016370367818e-8	1.0114703670511787e-9	3.959997448512756e-5
617.0	2.2467200192502507e-8	1.7376206440218646e-9	3.849986659473925e-6	1.1329851632291419e-8	1.0109665747311465e-9	3.9599974398001106e-5
618.0	2.244953759902867e-8	1.737040613358906e-9	3.849986262507843e-6	1.1333155214159232e-8	1.0106236464293687e-9	3.959997427224097e-5
619.0	2.245365355142147e-8	1.7376528412459695e-9	3.84998632249987e-6	1.1336392756966757e-8	1.0107023839485232e-9	3.959997446769633e-5
620.0	2.245120003944882e-8	1.7353561221878098e-9	3.849986690178618e-6	1.1338943924005076e-8	1.0100875111435144e-9	3.9599974092175625e-5
621.0	2.2469066853595923e-8	1.7352150356054295e-9	3.849986447912891e-6	1.1338545612463498e-8	1.010537789777081e-9	3.959997437414046e-5
622.0	2.2425909277785427e-8	1.7364255887427795e-9	3.849986918049543e-6	1.1337808125417988e-8	1.0098705783150584e-9	3.9599974150820006e-5
623.0	2.247566770330716e-8	1.7362410068393379e-9	3.849986132418813e-6	1.1334865402296598e-8	1.0101001546789257e-9	3.959997434783814e-5
624.0	2.248093184220675e-8	1.736598247346153e-9	3.849986124363087e-6	1.133082143719381e-8	1.0099404571505234e-9	3.9599974301813996e-5
625.0	2.2473356358226578e-8	1.7378322701718943e-9	3.84998624068604e-6	1.1328504003736179e-8	1.0099595133501203e-9	3.959997422857547e-5
626.0	2.242950611648329e-8	1.7373213960554317e-9	3.8499861866748905e-6	1.1324081550089248e-8	1.0103033310988702e-9	3.9599974333112006e-5
627.0	2.2440306963215642e-8	1.7371743051712011e-9	3.849986524277872e-6	1.132463064462508e-8	1.0102726085335106e-9	3.959997414010442e-5
628.0	2.2499167638980713e-8	1.7373798692766896e-9	3.849986854099851e-6	1.13217725955495e-8	1.010827249323265e-9	3.95999743946679e-5
629.0	2.2489532516356785e-8	1.736206259261859e-9	3.849986632776938e-6	1.132479711520424e-8	1.0106484124875858e-9	3.9599974280640964e-5
630.0	2.246115926814518e-8	1.7372705743588274e-9	3.849986139438594e-6	1.132562855698166e-8	1.0109890680386392e-9	3.959997444800509e-5
631.0	2.244222340196857e-8	1.7374244998541401e-9	3.8499860905804206e-6	1.1329920816789388e-8	1.0110563929051256e-9	3.959997446287421e-5
632.0	2.2452494249142936e-8	1.7386311094553868e-9	3.849985701609462e-6	1.133257787897571e-8	1.011119492912898e-9	3.959997446270262e-5
633.0	2.247565908007924e-8	1.7388950890470175e-9	3.849986876578898e-6	1.1335980712119816e-8	1.0115562576740736e-9	3.959997457332761e-5
634.0	2.2465259703930317e-8	1.7395312317516695e-9	3.849986918231867e-6	1.1336097129935095e-8	1.0115488580030381e-9	3.959997447245847e-5
635.0	2.2478224166331396e-8	1.7397137884616528e-9	3.849986631669047e-6	1.1336346705763776e-8	1.012124308483481e-9	3.959997448454373e-5
636.0	2.2461556127876693e-8	1.7387652591150586e-9	3.8499866890425e-6	1.1334158336646257e-8	1.011906230282669e-9	3.959997442500032e-5
637.0	2.2449137925696912e-8	1.7384391879769906e-9	3.849986450798829e-6	1.1331390604346607e-8	1.0120873075460339e-9	3.9599974264596094e-5
638.0	2.245542026633081e-8	1.7380601850616427e-9	3.849985618454025e-6	1.1329548047515843e-8	1.011844263418127e-9	3.95999745595943e-5
639.0	2.2469077399273834e-8	1.7377408707954727e-9	3.849986273278426e-6	1.132541950787407e-8	1.0116414380702359e-9	3.959997422007178e-5
640.0	2.2502895083176236e-8	1.7390359931644387e-9	3.84998723122765e-6	1.1325662833915024e-8	1.0114238868852086e-9	3.9599974818729717e-5
641.0	2.247341538451106e-8	1.7393610535212576e-9	3.8499859194696855e-6	1.1321902882183637e-8	1.0109348828603475e-9	3.959997415461779e-5
642.0	2.2452091360650973e-8	1.7396497894419161e-9	3.849986270086585e-6	1.1325357017887728e-8	1.01093493928355e-9	3.959997468393737e-5
643.0	2.24529918629814e-8	1.740153443066942e-9	3.849987087825186e-6	1.1324659289920324e-8	1.01049256972633e-9	3.959997407884671e-5
644.0	2.2480903858992943e-8	1.7398724248226015e-9	3.849986721084562e-6	1.1330210650268256e-8	1.0105648544938768e-9	3.9599974386730384e-5
645.0	2.249487985217822e-8	1.7396439713978884e-9	3.849986091416968e-6	1.133124528468484e-8	1.01061836452549e-9	3.959997433298557e-5
646.0	2.2472973890603025e-8	1.7383685057225343e-9	3.849986587881246e-6	1.1335277492804526e-8	1.0104514528050261e-9	3.9599974374205396e-5
647.0	2.2450582833428684e-8	1.7394155035901373e-9	3.8499859217943564e-6	1.1335020089682781e-8	1.0105718328773317e-9	3.959997478643802e-5
648.0	2.2455661025362748e-8	1.7386285817341293e-9	3.849985469616038e-6	1.133561161647682e-8	1.0102320988196718e-9	3.9599974558668864e-5
649.0	2.2483028553107537e-8	1.7400453607576586e-9	3.849986601104286e-6	1.1334096068822914e-8	1.0101656542670564e-9	3.9599975035306e-5
650.0	2.2486147046760878e-8	1.7404809992335025e-9	3.849987184783325e-6	1.1331954925350286e-8	1.0102059923560107e-9	3.959997458079873e-5
651.0	2.247900867609874e-8	1.7391438409090512e-9	3.8499868440548984e-6	1.1331113706074853e-8	1.010231757194022e-9	3.9599975109359935e-5
652.0	2.2463715872378688e-8	1.738897598700187e-9	3.849986644550387e-6	1.132713258166631e-8	1.0107232496117742e-9	3.9599974722367135e-5
653.0	2.246227567064221e-8	1.740334761065693e-9	3.849986087308125e-6	1.1327777393467342e-8	1.010854371361614e-9	3.959997512501187e-5
654.0	2.247543468455676e-8	1.7391899852817804e-9	3.8499859199264345e-6	1.1324798932658766e-8	1.011229022019619e-9	3.959997473813389e-5
655.0	2.2469873102420833e-8	1.7396652296353007e-9	3.849986369586108e-6	1.1327233032227791e-8	1.0113083584638334e-9	3.9599974990192434e-5
656.0	2.246488052133705e-8	1.7392039446703336e-9	3.849986645653004e-6	1.1326610128023039e-8	1.011195159393327e-9	3.959997447918487e-5
657.0	2.2469314459134618e-8	1.7408507111630702e-9	3.849986692892112e-6	1.1330616408443607e-8	1.0112892584607587e-9	3.959997459542752e-5
658.0	2.2469172221333864e-8	1.7392273903371575e-9	3.8499875641273884e-6	1.1330401357201703e-8	1.0111428825732213e-9	3.959997405973405e-5
659.0	2.246772368172355e-8	1.7412309365761965e-9	3.84998650509607e-6	1.1334440001502104e-8	1.0115302280114554e-9	3.95999741436456e-5
660.0	2.2463623359184554e-8	1.740538798016464e-9	3.849986497522594e-6	1.1333065816869913e-8	1.0115618770353558e-9	3.959997382036973e-5
661.0	2.245618040287257e-8	1.7410689747695158e-9	3.8499863190559936e-6	1.1334171122433159e-8	1.0119992248107526e-9	3.95999741149906e-5
662.0	2.247874573669384e-8	1.7412208697438458e-9	3.849986274220479e-6	1.1333169479502422e-8	1.011857489328399e-9	3.959997406155206e-5
663.0	2.246630118476248e-8	1.7406610803038535e-9	3.849986490940242e-6	1.1329950815554144e-8	1.0117229289931385e-9	3.959997428287192e-5
664.0	2.245460104500284e-8	1.740969876919441e-9	3.84998697931068e-6	1.1330359948685457e-8	1.0113734332994377e-9	3.9599974406634344e-5
665.0	2.246681646799282e-8	1.7402052169659327e-9	3.849986993038507e-6	1.1325500866795157e-8	1.0111938594347334e-9	3.95999745987062e-5
666.0	2.2469709703421418e-8	1.7407683557555408e-9	3.8499864653071146e-6	1.132736968364361e-8	1.0109487975825187e-9	3.9599974469275236e-5
667.0	2.2467161061435135e-8	1.7395173635381615e-9	3.849986276897268e-6	1.1324162975555918e-8	1.0110229231336524e-9	3.959997483219566e-5
668.0	2.2455347493019044e-8	1.740853734691238e-9	3.8499860330860095e-6	1.1326841164328647e-8	1.0110491267644706e-9	3.959997441560174e-5
669.0	2.2465157197397303e-8	1.7403197559011733e-9	3.849986649054587e-6	1.132693566333558e-8	1.0109917228010944e-9	3.9599974780075626e-5
670.0	2.2501783141516427e-8	1.7422309239674844e-9	3.84998701262529e-6	1.133101918319004e-8	1.0111334357110563e-9	3.959997429738762e-5
671.0	2.2467867324716215e-8	1.7431310412001638e-9	3.849987266468973e-6	1.1330654332874465e-8	1.0107470196098553e-9	3.959997439805947e-5
672.0	2.2442944664861015e-8	1.7408420737888322e-9	3.8499860797392e-6	1.1335339096889223e-8	1.0110052199280061e-9	3.959997425127081e-5
673.0	2.247300214515919e-8	1.7428409537635837e-9	3.849985890453438e-6	1.1333219975479546e-8	1.0105390610695357e-9	3.959997407923476e-5
674.0	2.2500691089966448e-8	1.7423622100386966e-9	3.8499871616658466e-6	1.1335337338942328e-8	1.0107885567418336e-9	3.9599974169989507e-5
675.0	2.250701054686138e-8	1.741484883961107e-9	3.8499863851819355e-6	1.13325856099276e-8	1.0104518111176248e-9	3.9599973708134045e-5
676.0	2.2450972175595798e-8	1.7418639714393105e-9	3.8499867104680135e-6	1.1330255255694712e-8	1.0105736417452827e-9	3.9599973961901084e-5
677.0	2.243901900242596e-8	1.7434607312683665e-9	3.8499872041794974e-6	1.1328940217214974e-8	1.0108187897534694e-9	3.9599973546579905e-5
678.0	2.2500533831861926e-8	1.7422416770852414e-9	3.849986308318318e-6	1.132539828006226e-8	1.0106252421003234e-9	3.9599973871921865e-5
679.0	2.24991925308188e-8	1.743149279433143e-9	3.8499856764670325e-6	1.1326818984178703e-8	1.0113831127271912e-9	3.959997358774121e-5
680.0	2.2480484075678e-8	1.7447303427459407e-9	3.8499869293671e-6	1.1324578151688887e-8	1.0111292554393093e-9	3.959997403969283e-5
681.0	2.246331635613059e-8	1.7428355923229229e-9	3.849987172697945e-6	1.1327071178748692e-8	1.0116590002898816e-9	3.9599973767514355e-5
682.0	2.2466352062584307e-8	1.743133083438891e-9	3.849986317714688e-6	1.1326951358819972e-8	1.0115055940673637e-9	3.95999742907148e-5
683.0	2.2493489303175735e-8	1.7427778200848183e-9	3.849986524348301e-6	1.1330845886704137e-8	1.0115184979572047e-9	3.959997401353556e-5
684.0	2.2458692795439205e-8	1.7428855033123128e-9	3.849986105469849e-6	1.1330095084395574e-8	1.0118359438139346e-9	3.959997466382396e-5
685.0	2.2467076253807036e-8	1.7411927191550505e-9	3.849986373173723e-6	1.1335198074008996e-8	1.0113203686744058e-9	3.959997436024415e-5
686.0	2.2505593398539427e-8	1.7426734225730763e-9	3.849986503102813e-6	1.1332764320474979e-8	1.0119162672978804e-9	3.959997492398956e-5
687.0	2.2472327155484348e-8	1.7426619723128242e-9	3.849986991811836e-6	1.133507949458728e-8	1.011399178330593e-9	3.959997463171661e-5
688.0	2.2468131891658377e-8	1.7431192962855358e-9	3.849986957413843e-6	1.1332128696184848e-8	1.0117407887110475e-9	3.959997493904629e-5
689.0	2.2461227330853046e-8	1.7439712792046787e-9	3.849986731131554e-6	1.1330201408498084e-8	1.0113982013639212e-9	3.959997486050704e-5
690.0	2.2504080703434995e-8	1.7443849288456612e-9	3.849985861697681e-6	1.132789927429003e-8	1.0113684718637889e-9	3.959997488680106e-5
691.0	2.2509142224091664e-8	1.744125901668773e-9	3.849986606608614e-6	1.1325802861459189e-8	1.011282628522604e-9	3.959997500705372e-5
692.0	2.2466439677802102e-8	1.7430968384213327e-9	3.8499867670587125e-6	1.1324656060648722e-8	1.0107284037365099e-9	3.95999747713004e-5
693.0	2.2466168578959283e-8	1.7443803054048507e-9	3.8499867166546e-6	1.1324870205428434e-8	1.0109682849423041e-9	3.959997495162992e-5
694.0	2.248165243982452e-8	1.7444100315161246e-9	3.84998703705447e-6	1.1324888649826413e-8	1.0104691163541933e-9	3.959997467419419e-5
695.0	2.2519168523617304e-8	1.7424687246869484e-9	3.849986913175694e-6	1.132673917967699e-8	1.010642621617739e-9	3.959997477186912e-5
696.0	2.2479924945995984e-8	1.7440664153455832e-9	3.849985891817134e-6	1.1329641657430876e-8	1.0103795597050759e-9	3.959997472323843e-5
697.0	2.2476580645657358e-8	1.7449246417548136e-9	3.8499862913293145e-6	1.1330174645263415e-8	1.0100681624190166e-9	3.959997464602437e-5
698.0	2.2472325797503958e-8	1.745014207769374e-9	3.849987259078053e-6	1.1335418908876624e-8	1.0100380269794357e-9	3.95999748037396e-5
699.0	2.2506859936259897e-8	1.7439831548400335e-9	3.849986637757431e-6	1.1334582781189462e-8	1.0096832654027707e-9	3.9599974594565456e-5
700.0	2.2485730079807325e-8	1.7447246287876031e-9	3.849986794097532e-6	1.1336804522349993e-8	1.0101530427005668e-9	3.9599974869622404e-5
701.0	2.2468564412546217e-8	1.7457977128071386e-9	3.849987074679208e-6	1.1335352602687776e-8	1.0100308101330342e-9	3.9599974678859844e-5
702.0	2.2484423105758715e-8	1.7434757265715254e-9	3.849985993853242e-6	1.1334053353075099e-8	1.0104581612304325e-9	3.959997487475939e-5
703.0	2.2509887994253012e-8	1.7454858958408923e-9	3.849985616524849e-6	1.1332467866339998e-8	1.0106591121689712e-9	3.9599974728930814e-5
704.0	2.2492505158674632e-8	1.7443092257243365e-9	3.849987161380551e-6	1.1331108423479023e-8	1.0106573328079318e-9	3.9599974784657125e-5
705.0	2.2484576004284762e-8	1.7441985190749927e-9	3.849987207612362e-6	1.1329005958221859e-8	1.0112043018796936e-9	3.9599974745824805e-5
706.0	2.2477379881064582e-8	1.744615596774964e-9	3.8499861909326465e-6	1.1328840576445318e-8	1.0111755811414404e-9	3.959997482250875e-5
707.0	2.2488820895456014e-8	1.7448154520226925e-9	3.8499866323000294e-6	1.1325485035583232e-8	1.0119246133960337e-9	3.959997484453641e-5
708.0	2.2511609383865738e-8	1.7448698205387802e-9	3.849987022960277e-6	1.132533338869991e-8	1.0119055380334166e-9	3.959997478757127e-5
709.0	2.2488065701028062e-8	1.7459899907812794e-9	3.849985561234963e-6	1.1325144570717977e-8	1.0123481508519892e-9	3.959997479668049e-5
710.0	2.250164399788797e-8	1.7451000539587223e-9	3.849986678761686e-6	1.1323669934747262e-8	1.0121095856194911e-9	3.959997437699369e-5
711.0	2.2474073897278975e-8	1.7474196117636505e-9	3.8499871541130384e-6	1.1326115032965308e-8	1.0123152251115941e-9	3.959997466278119e-5
712.0	2.248943007321931e-8	1.7461695423574077e-9	3.849986485900958e-6	1.1325297232613898e-8	1.0123869111701482e-9	3.959997386047315e-5
713.0	2.2499119231123097e-8	1.7466628849299053e-9	3.849986766126612e-6	1.132642672986201e-8	1.0123087804417787e-9	3.95999746103104e-5
714.0	2.2511384565989595e-8	1.7460943089627323e-9	3.849987173748837e-6	1.1327764678883055e-8	1.0128375226306801e-9	3.959997362578928e-5
715.0	2.2490705037696825e-8	1.746808361378803e-9	3.849986803272749e-6	1.132791662220529e-8	1.0122543067472083e-9	3.9599974524447154e-5
716.0	2.2502275502101676e-8	1.746472688304594e-9	3.849986501315125e-6	1.1330386176363045e-8	1.0125605050322283e-9	3.959997355559484e-5
717.0	2.246071189395975e-8	1.747026979847696e-9	3.849986458821861e-6	1.133209633025332e-8	1.011736857434886e-9	3.959997442032618e-5
718.0	2.2493333408797465e-8	1.747121002353954e-9	3.849986703973046e-6	1.1332964057296016e-8	1.0115744522174558e-9	3.9599973809913226e-5
719.0	2.251016229934006e-8	1.7477186023901278e-9	3.849986656532401e-6	1.1334848659868952e-8	1.010951970758433e-9	3.959997436848859e-5
720.0	2.2513752200909832e-8	1.749147094144443e-9	3.849987454976439e-6	1.1333870473311286e-8	1.0107820579112051e-9	3.9599974351128526e-5
721.0	2.2511726454125017e-8	1.7478600724614534e-9	3.849986654045971e-6	1.1333617422607734e-8	1.0106972785218515e-9	3.959997430560321e-5
722.0	2.245610042916599e-8	1.7477235071469184e-9	3.849986261244845e-6	1.1333907355425306e-8	1.0103157359120431e-9	3.959997483448532e-5
723.0	2.249223284542809e-8	1.7473433506893038e-9	3.849985953137266e-6	1.133017627669073e-8	1.0107095995436325e-9	3.959997416856351e-5
724.0	2.2514892836995185e-8	1.7481301098806003e-9	3.8499862072361376e-6	1.1330320687251978e-8	1.0100294886423037e-9	3.959997489293747e-5
725.0	2.254401453038261e-8	1.747139843793779e-9	3.849986520948503e-6	1.1326080933802366e-8	1.0105144996946618e-9	3.959997388983377e-5
726.0	2.25076602056752e-8	1.7477049558689209e-9	3.849987002481186e-6	1.1324782816339756e-8	1.0097759047402116e-9	3.9599974666493285e-5
727.0	2.247322196095971e-8	1.7490299794011266e-9	3.849987257558077e-6	1.1323260388920149e-8	1.0103775413431411e-9	3.9599973835210325e-5
728.0	2.249768550377564e-8	1.7492408432804557e-9	3.849986559487012e-6	1.132291608442995e-8	1.0100798967984777e-9	3.959997461400119e-5
729.0	2.2497608249244346e-8	1.7495456626699737e-9	3.849985768796368e-6	1.132566635069371e-8	1.010430611867291e-9	3.9599974154898476e-5
730.0	2.252115253883596e-8	1.748701005435733e-9	3.849986221550966e-6	1.1327730861529922e-8	1.0107543759977362e-9	3.95999745876307e-5
731.0	2.2506091428841345e-8	1.750028739385515e-9	3.84998632606913e-6	1.1331591940928873e-8	1.0105835695343331e-9	3.9599974464681e-5
732.0	2.250505389074473e-8	1.7491993077758045e-9	3.849986176155967e-6	1.1335030604177308e-8	1.01144237314691e-9	3.959997458673189e-5
733.0	2.2487158046212644e-8	1.7478143566194257e-9	3.849987343038404e-6	1.1337611777425603e-8	1.0108126167673356e-9	3.9599974605421775e-5
734.0	2.247323291483991e-8	1.749985225838198e-9	3.849987154798447e-6	1.1338318921745269e-8	1.0118992754739192e-9	3.959997452267593e-5
735.0	2.2520294738294974e-8	1.7483253625408895e-9	3.849986436412432e-6	1.1339475932405468e-8	1.0114449223958906e-9	3.9599974712864733e-5
736.0	2.2552229154679462e-8	1.749264275451039e-9	3.849986642387645e-6	1.1335247070552411e-8	1.0119000830115972e-9	3.959997443097774e-5
737.0	2.250927379749521e-8	1.7510361303672344e-9	3.849986113867885e-6	1.1334510770951116e-8	1.0118042628938681e-9	3.959997483560329e-5
738.0	2.246217171453103e-8	1.750581659635131e-9	3.84998614459901e-6	1.1328000644204066e-8	1.0113046929693044e-9	3.9599974489911154e-5
739.0	2.24620100685423e-8	1.7507399506660955e-9	3.84998642558318e-6	1.132566446428607e-8	1.0117282474941116e-9	3.959997498291359e-5
740.0	2.2547461640625876e-8	1.751191429044828e-9	3.849987056142466e-6	1.1320983883542007e-8	1.01111317369474e-9	3.959997456392647e-5
741.0	2.2537122362169316e-8	1.7502069357097991e-9	3.8499866830840024e-6	1.13199706005559e-8	1.0119282080237664e-9	3.959997500698268e-5
742.0	2.2509806454081802e-8	1.750587469892618e-9	3.8499865498309594e-6	1.1319787657426758e-8	1.011427961395508e-9	3.95999746428753e-5
743.0	2.247706442162836e-8	1.7490170096541371e-9	3.8499867758278565e-6	1.1321719939814794e-8	1.0119636854135668e-9	3.959997474259631e-5
744.0	2.2497817134544303e-8	1.7497546852098588e-9	3.849986190080096e-6	1.1325143776149006e-8	1.0115371934509188e-9	3.959997455894481e-5
745.0	2.2518969437568666e-8	1.7498355813797443e-9	3.8499866886586464e-6	1.1329502721141558e-8	1.011154442570431e-9	3.9599974330812725e-5
746.0	2.2505573865528715e-8	1.7506046839252593e-9	3.849986314209342e-6	1.1334204438653086e-8	1.0112916901456332e-9	3.959997451009234e-5
747.0	2.2503404211542964e-8	1.751703214506698e-9	3.8499864214106765e-6	1.1337018153468497e-8	1.0106346547431555e-9	3.9599974255664063e-5
748.0	2.2517140669391914e-8	1.7503846216334309e-9	3.849985882885235e-6	1.1340556520345936e-8	1.011388859609688e-9	3.959997459912855e-5
749.0	2.2490055120451578e-8	1.751792505290798e-9	3.849986387421942e-6	1.1339420267631643e-8	1.010910936345841e-9	3.9599974493712116e-5
750.0	2.248492249883119e-8	1.7520261666486326e-9	3.849986788946811e-6	1.133926956752162e-8	1.0114621662604543e-9	3.959997468661206e-5
751.0	2.2499841545661654e-8	1.7507671026052858e-9	3.849986513912464e-6	1.1334625730414008e-8	1.0111800857235778e-9	3.959997480858515e-5
752.0	2.253621938374389e-8	1.7517253803208785e-9	3.84998647055841e-6	1.1332109655326675e-8	1.0109902114460965e-9	3.959997478225973e-5
753.0	2.2526875190333273e-8	1.7524672843260993e-9	3.849986197167152e-6	1.1326116804279478e-8	1.0111494402604318e-9	3.95999751122671e-5
754.0	2.2489712750585017e-8	1.7504096646763524e-9	3.84998627469032e-6	1.1323952085422631e-8	1.0107093205476093e-9	3.959997501020557e-5
755.0	2.2485535778311944e-8	1.751950682797008e-9	3.849986078227199e-6	1.1321335940503058e-8	1.0112677147096784e-9	3.959997531686616e-5
756.0	2.2512655427306156e-8	1.7526294574403265e-9	3.849986410140516e-6	1.1321837119493087e-8	1.0110188171836287e-9	3.9599975156710364e-5
757.0	2.252908680512083e-8	1.752640236841087e-9	3.849986419399984e-6	1.1322377711121693e-8	1.0113311479941027e-9	3.959997501666638e-5
758.0	2.250407516460378e-8	1.7523005850609945e-9	3.849986554392619e-6	1.1325432301526162e-8	1.0112599599483632e-9	3.959997486151295e-5
759.0	2.2523913809373223e-8	1.7531948102666538e-9	3.849986249875593e-6	1.1328364529942189e-8	1.0113055823364989e-9	3.959997466446618e-5
760.0	2.248426765672862e-8	1.752180013081277e-9	3.849986605980839e-6	1.1331762342253991e-8	1.0116221804671404e-9	3.959997457323748e-5
761.0	2.2519752651253566e-8	1.7529639048525272e-9	3.849986728536805e-6	1.1334690921364046e-8	1.0116326850500883e-9	3.9599974484906016e-5
762.0	2.249141029404981e-8	1.753380514758698e-9	3.8499863333803956e-6	1.1336380244476066e-8	1.0119395115834464e-9	3.9599974307619126e-5
763.0	2.2531034053455084e-8	1.753068760124965e-9	3.849986176354557e-6	1.1336019654676237e-8	1.0119082694145863e-9	3.959997446571675e-5
764.0	2.252659579328948e-8	1.75247615741286e-9	3.849986379992268e-6	1.1334677520031944e-8	1.0118191087375465e-9	3.959997419249816e-5
765.0	2.2510863161881256e-8	1.75405096968496e-9	3.849986922365438e-6	1.1331974407365552e-8	1.0117896774751543e-9	3.9599974605284603e-5
766.0	2.250758548515606e-8	1.7532405074462662e-9	3.849986315615762e-6	1.1329268001937715e-8	1.0114126821672834e-9	3.9599974325111665e-5
767.0	2.2496840144096846e-8	1.7537814242294384e-9	3.849986232104051e-6	1.132671273494201e-8	1.01142836346768e-9	3.95999747322096e-5
768.0	2.2538979198780442e-8	1.754112223453642e-9	3.849986329109593e-6	1.1325795037307251e-8	1.011391996532214e-9	3.959997460991065e-5
769.0	2.2510905385940287e-8	1.7540221337672647e-9	3.849986388940009e-6	1.1325737473954245e-8	1.011238302097973e-9	3.959997462820219e-5
770.0	2.2534934525769396e-8	1.754178805032927e-9	3.849986314745775e-6	1.1326284950754834e-8	1.0115732689082599e-9	3.9599974733166704e-5
771.0	2.251356304277945e-8	1.7532533872111574e-9	3.8499867526750605e-6	1.1328331719216053e-8	1.0113061497733588e-9	3.959997427465186e-5
772.0	2.2499345309767667e-8	1.7551288602937879e-9	3.8499864861598214e-6	1.1329471151444503e-8	1.0116985658706521e-9	3.9599974817892984e-5
773.0	2.2519724862661606e-8	1.7533775704676337e-9	3.849985754480736e-6	1.1332342934305453e-8	1.01126161716495e-9	3.959997418646935e-5
774.0	2.251593120357421e-8	1.753817101053206e-9	3.849985423252025e-6	1.1332898356953134e-8	1.0111308231253387e-9	3.959997480545504e-5
775.0	2.25577419689057e-8	1.7562283338368163e-9	3.849986785685906e-6	1.1335053217555367e-8	1.0110122798201631e-9	3.9599974313027466e-5
776.0	2.2524262822432352e-8	1.754101197529206e-9	3.8499871175627324e-6	1.1333125980022564e-8	1.0103396431575185e-9	3.959997453365758e-5
777.0	2.248755040623253e-8	1.7542216969790743e-9	3.849986148917876e-6	1.133317107011751e-8	1.0109559215265453e-9	3.9599974491763534e-5
778.0	2.2509123837311778e-8	1.755865821801126e-9	3.849985894096894e-6	1.1330234954048411e-8	1.0104279001827097e-9	3.959997433974988e-5
779.0	2.2513277674345247e-8	1.7555235551410868e-9	3.849985751605757e-6	1.1329461020877883e-8	1.0113699031015e-9	3.9599974609341654e-5
780.0	2.2564594747816885e-8	1.7559347073733358e-9	3.849985963398667e-6	1.1327281143894723e-8	1.0111635761092185e-9	3.959997433123638e-5
781.0	2.2509278766105983e-8	1.7554742189622117e-9	3.849986877137971e-6	1.1328000616760956e-8	1.011454155913329e-9	3.9599974452131106e-5
782.0	2.2495850265439804e-8	1.7566305602272474e-9	3.849987176509543e-6	1.132725665047842e-8	1.011581616945156e-9	3.95999743272782e-5
783.0	2.2500319388988352e-8	1.7552947422913658e-9	3.8499865052712615e-6	1.1329045658476914e-8	1.0111233709960672e-9	3.9599974263791175e-5
784.0	2.2527168555578788e-8	1.7552342262528222e-9	3.849985266390467e-6	1.1329214494692262e-8	1.0118873075802797e-9	3.959997438405297e-5
785.0	2.2545387995558112e-8	1.7576887750551436e-9	3.849985477704105e-6	1.1330828953881848e-8	1.011277755425261e-9	3.959997426198156e-5
786.0	2.251013916233942e-8	1.7572862732392332e-9	3.849986412974879e-6	1.1331893960890458e-8	1.0122326738104776e-9	3.9599974392732676e-5
787.0	2.2505246407259136e-8	1.7566091711529357e-9	3.849987189412877e-6	1.1331745096040485e-8	1.0119059148509377e-9	3.959997446526963e-5
788.0	2.2501354666417238e-8	1.7566322279235535e-9	3.8499871443912415e-6	1.1333065506721076e-8	1.0122421328674073e-9	3.9599974465044245e-5
789.0	2.2512771050316134e-8	1.7576135645460484e-9	3.849986319569185e-6	1.133057863015115e-8	1.012441522083104e-9	3.959997486170872e-5
790.0	2.2543274728587768e-8	1.7558338869713184e-9	3.849985626612374e-6	1.1330521803921882e-8	1.0119440399783983e-9	3.9599974797877954e-5
791.0	2.2515042793202617e-8	1.7558756480165226e-9	3.8499856364553585e-6	1.1327601898957069e-8	1.012234280466616e-9	3.95999750127256e-5
792.0	2.2522339373699386e-8	1.7576896647569243e-9	3.849986481475061e-6	1.1327810216274548e-8	1.0114374857672944e-9	3.959997490459374e-5
793.0	2.2492384878110984e-8	1.757115168892078e-9	3.849986847716975e-6	1.1326559941450308e-8	1.0117660918093865e-9	3.959997472064458e-5
794.0	2.2521164219122394e-8	1.7567417419192873e-9	3.849986734008366e-6	1.1328466527490814e-8	1.011321228493053e-9	3.95999747907894e-5
795.0	2.2532848591297873e-8	1.7592549383144092e-9	3.849986427500875e-6	1.1329313618807037e-8	1.011544187101686e-9	3.959997451286034e-5
796.0	2.252173441957008e-8	1.757363898761148e-9	3.849985775638072e-6	1.1332074887177998e-8	1.0114249104182217e-9	3.959997481403918e-5
797.0	2.2501865612446132e-8	1.75635645876455e-9	3.849985934723458e-6	1.1332724252668677e-8	1.0112071724549286e-9	3.959997474318448e-5
798.0	2.2505464491595358e-8	1.756903842795332e-9	3.849986514882198e-6	1.1335115250772724e-8	1.0111129492582768e-9	3.959997481311359e-5
799.0	2.2522887110441797e-8	1.757137891576554e-9	3.84998657410546e-6	1.1334574806678253e-8	1.0106349145738894e-9	3.959997494811176e-5
800.0	2.251775420310714e-8	1.757135695826391e-9	3.849986440656028e-6	1.1334758555695605e-8	1.0107718624902275e-9	3.959997460558235e-5
