turn	ele_ex	ele_ey	ele_ez	pro_ex	pro_ey	pro_ez
0.0	2.0428842304874772e-8	1.6115669894774362e-9	3.849936673285857e-6	1.1281162183209662e-8	1.0034722142894757e-9	3.959845975238462e-5
1.0	2.1009632379616645e-8	1.6257524699483386e-9	3.849936169924866e-6	1.1284988620194408e-8	1.0061512065335804e-9	3.959845994023693e-5
2.0	2.1100579147832243e-8	1.623667569389816e-9	3.849937768659434e-6	1.1297667047924937e-8	1.00576562840104e-9	3.959845978446035e-5
3.0	2.094898427733628e-8	1.633159516281637e-9	3.849937146829049e-6	1.131942711262176e-8	1.0085901948495336e-9	3.9598459322337024e-5
4.0	2.0791512441022353e-8	1.644075715028214e-9	3.84993711904494e-6	1.1330958944326745e-8	1.0088639078224766e-9	3.959845978844469e-5
5.0	2.143781472841348e-8	1.636540566627222e-9	3.849936951085947e-6	1.1342089560473835e-8	1.0090838350600157e-9	3.959845926635202e-5
6.0	2.2002518934959037e-8	1.643547713511676e-9	3.849937301249744e-6	1.135476650280982e-8	1.0106389348021763e-9	3.959845957817592e-5
7.0	2.1593468641802076e-8	1.638010757967889e-9	3.849937158834491e-6	1.136089707290221e-8	1.0096955952660122e-9	3.95984592910025e-5
8.0	2.1412223207828786e-8	1.6392134965791282e-9	3.849937075318578e-6	1.135613033585184e-8	1.0115704066089882e-9	3.959845970086869e-5
9.0	2.181821693179006e-8	1.6486387735978307e-9	3.849937329863042e-6	1.1350129516236279e-8	1.0108243296426818e-9	3.9598460060232995e-5
10.0	2.2522232707591438e-8	1.643818104975398e-9	3.849937041775921e-6	1.1333431630371336e-8	1.0124948162579777e-9	3.95984594920826e-5
11.0	2.234420210415723e-8	1.6489208704663945e-9	3.849937170486578e-6	1.131435414944707e-8	1.0124193907932363e-9	3.959846011152516e-5
12.0	2.1865498205184468e-8	1.6516831296388396e-9	3.849937151354099e-6	1.1304021729124378e-8	1.0129265832730108e-9	3.959845927243327e-5
13.0	2.198952193383398e-8	1.6481230905629686e-9	3.849937853735513e-6	1.1295708484063102e-8	1.0132885448590864e-9	3.959845991035079e-5
14.0	2.241442361922657e-8	1.6530574572976786e-9	3.849937296336268e-6	1.12900664458528e-8	1.0128566845604842e-9	3.959845947647593e-5
15.0	2.2448910788681783e-8	1.6516151243856038e-9	3.849936733473345e-6	1.1290873617749772e-8	1.0132329293370431e-9	3.959845945549737e-5
16.0	2.220672076139593e-8	1.647222079485581e-9	3.849936811823014e-6	1.1300607616707234e-8	1.011888080231733e-9	3.9598459625557235e-5
17.0	2.214372374932891e-8	1.6477421662423144e-9	3.849937024154717e-6	1.1310038141344706e-8	1.0119412953798862e-9	3.95984588433048e-5
18.0	2.2217684184777798e-8	1.648585237631202e-9	3.849937094288121e-6	1.1322693263080527e-8	1.0103133116326048e-9	3.959845972229309e-5
19.0	2.2225777199441235e-8	1.6494553457394094e-9	3.849937414332116e-6	1.1332687256183693e-8	1.009908487800136e-9	3.9598458647054156e-5
20.0	2.2253425375438583e-8	1.6499688950092046e-9	3.849937692834467e-6	1.1342249712476063e-8	1.0089877147745098e-9	3.959845979946138e-5
21.0	2.230573191353076e-8	1.6506076926921395e-9	3.8499366710554145e-6	1.1342746045877334e-8	1.0087401580020435e-9	3.9598458938025355e-5
22.0	2.225556461556191e-8	1.6510345370185017e-9	3.849936723846553e-6	1.1347606140235428e-8	1.008240513960656e-9	3.959845985710006e-5
23.0	2.2178805072360652e-8	1.650352959182075e-9	3.849936651751167e-6	1.1339682474288607e-8	1.0079802516519857e-9	3.959845942336286e-5
24.0	2.217103169411645e-8	1.6519071278258149e-9	3.849937472615606e-6	1.1333673011657465e-8	1.007942909949813e-9	3.959845959547104e-5
25.0	2.2324676593792128e-8	1.6511660309962502e-9	3.849936943090041e-6	1.1325165568794817e-8	1.00780663695728e-9	3.9598459794525997e-5
26.0	2.2327600702610972e-8	1.6498377169734123e-9	3.849937203036224e-6	1.1317804057336513e-8	1.0082068564118717e-9	3.959845948929876e-5
27.0	2.2262364516830005e-8	1.6518670634489853e-9	3.849937153043675e-6	1.1313197421055292e-8	1.0080498520930935e-9	3.959846009016112e-5
28.0	2.2224661679107226e-8	1.6509658358243966e-9	3.849936919725098e-6	1.1311600144896237e-8	1.008739569901181e-9	3.959845969387112e-5
29.0	2.2265282378203564e-8	1.6515629547080088e-9	3.849936456404925e-6	1.1314345524786494e-8	1.0084716931150691e-9	3.959846033764885e-5
30.0	2.2289047707604446e-8	1.6534301542663707e-9	3.849937163369989e-6	1.1316561682015496e-8	1.0093406791302718e-9	3.959846009272731e-5
31.0	2.227035701878793e-8	1.6524743216173935e-9	3.849937357234631e-6	1.1323043831930342e-8	1.0092379969506592e-9	3.9598460418384404e-5
32.0	2.2294570628612913e-8	1.651848329020529e-9	3.849936987075303e-6	1.1325885389627755e-8	1.010112456624631e-9	3.959846055304886e-5
33.0	2.2292812513967773e-8	1.6530280290972522e-9	3.849937386690863e-6	1.1330786448974534e-8	1.0104207971581763e-9	3.9598460292691775e-5
34.0	2.2264324585492643e-8	1.6525644922893996e-9	3.849937465336417e-6	1.1329111486464062e-8	1.0109176760641384e-9	3.9598460356341687e-5
35.0	2.2241843960555805e-8	1.6512320954719562e-9	3.849936796603878e-6	1.1331645024423553e-8	1.0117485041435577e-9	3.959845982693502e-5
36.0	2.230031833156876e-8	1.6529831718977309e-9	3.849935961364979e-6	1.1325133270229879e-8	1.0112740992152052e-9	3.9598459722817136e-5
37.0	2.2288964466731185e-8	1.651889855600222e-9	3.849936876899042e-6	1.132484861134074e-8	1.0122101488431503e-9	3.959845941942554e-5
38.0	2.2300404998115793e-8	1.6542498833783291e-9	3.8499372797784525e-6	1.1319035779870375e-8	1.011144323467875e-9	3.959845926951828e-5
39.0	2.226690058846523e-8	1.6540561203332244e-9	3.849937377752332e-6	1.131951023467685e-8	1.0117988148778217e-9	3.959845942592529e-5
40.0	2.228778550145006e-8	1.6534003951499158e-9	3.849937024042571e-6	1.1317883960649116e-8	1.0109682619002607e-9	3.9598459215395015e-5
41.0	2.2271962647534963e-8	1.6540233196169068e-9	3.849937240717704e-6	1.1321007021369852e-8	1.0111340306484463e-9	3.959845946281633e-5
42.0	2.229138168588987e-8	1.6532290693509915e-9	3.849936152952811e-6	1.1324018941558795e-8	1.0110800325360701e-9	3.959845915835318e-5
43.0	2.23032626151678e-8	1.6535739819958256e-9	3.849935538702153e-6	1.1326750943464691e-8	1.0104399159732012e-9	3.9598459302411746e-5
44.0	2.2294899878972333e-8	1.6529654373327339e-9	3.849936849417079e-6	1.1331284485262681e-8	1.01080168981736e-9	3.959845894812508e-5
45.0	2.229181999303292e-8	1.6562308908101219e-9	3.849937379031106e-6	1.133099381182679e-8	1.0093993986305676e-9	3.959845895192861e-5
46.0	2.2253295531092314e-8	1.6558886155907698e-9	3.8499375391433215e-6	1.1333493362140029e-8	1.0098425192894468e-9	3.9598458574767836e-5
47.0	2.2298206887466358e-8	1.6549526239375349e-9	3.849936611831374e-6	1.1329376897626082e-8	1.0086926023853241e-9	3.9598458591128745e-5
48.0	2.2300809992184435e-8	1.655862642460076e-9	3.849937308285365e-6	1.1329035637662408e-8	1.009136160021546e-9	3.959845838570322e-5
49.0	2.231304178036638e-8	1.6557643817405499e-9	3.849936615237365e-6	1.132316039076813e-8	1.0088557013517348e-9	3.959845847010007e-5
50.0	2.2293116805793703e-8	1.6529240149652887e-9	3.8499361003573575e-6	1.1322665665050872e-8	1.0088978605953195e-9	3.959845841030344e-5
51.0	2.2263993267764133e-8	1.655318766537253e-9	3.849936408398305e-6	1.1317916123034054e-8	1.0092455573757526e-9	3.9598458457793114e-5
52.0	2.2290559970193837e-8	1.6551492985673246e-9	3.849937744160084e-6	1.1320889610471715e-8	1.008596027497238e-9	3.9598458504306655e-5
53.0	2.230810230087404e-8	1.6569042371263349e-9	3.849937331361087e-6	1.1318707899907334e-8	1.009363683142582e-9	3.959845851500757e-5
54.0	2.230720767660781e-8	1.6577574034668824e-9	3.849937035038177e-6	1.1325006078492931e-8	1.0087872005873108e-9	3.9598458745536705e-5
55.0	2.2306242077761184e-8	1.6577121136628423e-9	3.84993695969094e-6	1.1326145009042014e-8	1.0098723271402437e-9	3.959845873507451e-5
56.0	2.2269643781660932e-8	1.6580617604711657e-9	3.8499365349236386e-6	1.1331514736117807e-8	1.0099046778959958e-9	3.959845909133904e-5
57.0	2.230891126042432e-8	1.6564476693098412e-9	3.849935912661328e-6	1.1334519246752226e-8	1.0107624994117225e-9	3.959845897663201e-5
58.0	2.229970151858433e-8	1.6557247175837948e-9	3.849936485967674e-6	1.1333886401154269e-8	1.0111718892723121e-9	3.9598459241130044e-5
59.0	2.230747667974277e-8	1.6544086848475942e-9	3.849937192054505e-6	1.1334249986872903e-8	1.0113349218917013e-9	3.959845908796547e-5
60.0	2.2315299176759303e-8	1.6558710326200388e-9	3.8499374632801445e-6	1.1328761795840829e-8	1.0118678980000445e-9	3.959845937875208e-5
61.0	2.2286672380136983e-8	1.6564078036808137e-9	3.849936727531295e-6	1.1325908423631092e-8	1.0116493273020663e-9	3.959845925481582e-5
62.0	2.2307237514435192e-8	1.65772558771614e-9	3.84993613073426e-6	1.1320020924465511e-8	1.012042299370162e-9	3.959845935071537e-5
63.0	2.2294710543908968e-8	1.6597218329667925e-9	3.849936143711262e-6	1.1317427832479874e-8	1.0114924340837283e-9	3.959845939956871e-5
64.0	2.231109821712215e-8	1.6577622114766295e-9	3.849936639913503e-6	1.1314417977035971e-8	1.0118326423122808e-9	3.959845921798972e-5
65.0	2.231717791762681e-8	1.6582738249508701e-9	3.849936805690626e-6	1.1316662079078602e-8	1.0114380822732533e-9	3.95984594777953e-5
66.0	2.2299589784890427e-8	1.6574809980180797e-9	3.8499372676107344e-6	1.1316045802116289e-8	1.011551826281697e-9	3.959845928177308e-5
67.0	2.2295859369192348e-8	1.6564323978991773e-9	3.849937091023661e-6	1.1323968548495713e-8	1.011346844082026e-9	3.9598459723426586e-5
68.0	2.2295480681634517e-8	1.6566530872447002e-9	3.849936451015868e-6	1.1325760680300396e-8	1.0110948025755804e-9	3.95984597744498e-5
69.0	2.2308207334928458e-8	1.6582583848666256e-9	3.849936336508773e-6	1.1333584164351223e-8	1.0105145991151433e-9	3.959845990157475e-5
70.0	2.2322657806416835e-8	1.6599833617753037e-9	3.849936513150169e-6	1.1336070886685748e-8	1.0098138176187157e-9	3.959846005238731e-5
71.0	2.228919861295494e-8	1.6589449741207786e-9	3.8499373590549045e-6	1.1337960886410482e-8	1.009250050732995e-9	3.959845977173901e-5
72.0	2.2277807808668205e-8	1.6609583640297017e-9	3.8499371605278475e-6	1.1337698314494863e-8	1.008622908021973e-9	3.959845998854416e-5
73.0	2.2280390089777452e-8	1.6588242436539084e-9	3.849937039089716e-6	1.1334564949143158e-8	1.0087961705981754e-9	3.959845966279849e-5
74.0	2.2344047387755484e-8	1.6581084320608558e-9	3.849936640090765e-6	1.1330947679945012e-8	1.008337241932047e-9	3.9598459802955784e-5
75.0	2.2320342155574373e-8	1.6584300432128086e-9	3.84993700681099e-6	1.1326414717397352e-8	1.0088221173120764e-9	3.9598459608106784e-5
76.0	2.229006965237973e-8	1.6585942741648328e-9	3.84993610701946e-6	1.1322417269147863e-8	1.008503654471464e-9	3.9598459668627315e-5
77.0	2.226817269281172e-8	1.6586082216977196e-9	3.84993661811124e-6	1.1319131636792358e-8	1.0088821807848742e-9	3.959845958663203e-5
78.0	2.230353541114278e-8	1.661262245665616e-9	3.849936778210039e-6	1.1319003063099868e-8	1.008899443119943e-9	3.959845937224996e-5
79.0	2.2336034022531616e-8	1.661184077985257e-9	3.849936751546746e-6	1.1317149415594197e-8	1.0090738637727933e-9	3.959845945974479e-5
80.0	2.229939684082517e-8	1.6607578647805912e-9	3.8499367987241e-6	1.1321854491976257e-8	1.0096971005722932e-9	3.9598459112567214e-5
81.0	2.227106427127886e-8	1.661634780924564e-9	3.849936938273885e-6	1.1322910832149643e-8	1.0096214220800042e-9	3.959845919796328e-5
82.0	2.2283344767948114e-8	1.6591831273242578e-9	3.8499368646840885e-6	1.1328741765573867e-8	1.0107226360675292e-9	3.959845898099416e-5
83.0	2.231096811114494e-8	1.6584792537347623e-9	3.849935695199527e-6	1.1331685507883585e-8	1.010497228110098e-9	3.9598459131076815e-5
84.0	2.230164175028354e-8	1.659703545083027e-9	3.84993635502237e-6	1.13341090418e-8	1.0116203117587243e-9	3.959845911839942e-5
85.0	2.227773618522635e-8	1.6606431730527285e-9	3.8499369415816705e-6	1.1334519139455717e-8	1.0114333366523052e-9	3.959845910040092e-5
86.0	2.2282901130748148e-8	1.6608778507010003e-9	3.849937050577676e-6	1.1333237747903466e-8	1.0120479447499022e-9	3.959845918970226e-5
87.0	2.2295553163468954e-8	1.6623861469784706e-9	3.849937146106267e-6	1.1330200087370582e-8	1.0122105396327979e-9	3.9598458836247964e-5
88.0	2.2299884839031114e-8	1.6634297484479193e-9	3.849937300787214e-6	1.132708122807425e-8	1.0120892435641317e-9	3.9598458993960165e-5
89.0	2.226388831278707e-8	1.6604923857055465e-9	3.849936412303879e-6	1.1323311046575941e-8	1.0125059983484357e-9	3.959845844314484e-5
90.0	2.230036029489218e-8	1.6608161459088113e-9	3.84993571193193e-6	1.1320838591993376e-8	1.0119441613113987e-9	3.959845876527347e-5
91.0	2.231334503762406e-8	1.6613429826649063e-9	3.8499363804437974e-6	1.1319944395969629e-8	1.012466115956049e-9	3.959845825461362e-5
92.0	2.2302252913805287e-8	1.659346012680663e-9	3.849937388690708e-6	1.1318153165983584e-8	1.0116374728247725e-9	3.9598458683619626e-5
93.0	2.226099055454984e-8	1.6606622978402629e-9	3.849936938255156e-6	1.1322346290739119e-8	1.011877917006093e-9	3.959845845193013e-5
94.0	2.2260940085181343e-8	1.6622025739698711e-9	3.849936450474919e-6	1.1322653107503766e-8	1.0109963637225496e-9	3.9598458706438464e-5
95.0	2.2324748663343197e-8	1.661994613515352e-9	3.849936726077178e-6	1.13281698927297e-8	1.0107718994917999e-9	3.959845869312607e-5
96.0	2.231180529050111e-8	1.662940362939196e-9	3.849936150910172e-6	1.1330109089080076e-8	1.0102565147811548e-9	3.959845857270658e-5
97.0	2.2278261947924537e-8	1.6622838065741457e-9	3.849935859716246e-6	1.1332912342251745e-8	1.009607483151906e-9	3.959845878228069e-5
98.0	2.223168388808981e-8	1.6618937810665975e-9	3.849936429668991e-6	1.133365353023638e-8	1.0095860809559546e-9	3.959845835119442e-5
99.0	2.2298893035221386e-8	1.662397359613459e-9	3.8499369379494424e-6	1.1334251162719929e-8	1.0089509040333194e-9	3.959845872111852e-5
100.0	2.2342459132360617e-8	1.6618678397466206e-9	3.849936270945604e-6	1.1332591907882378e-8	1.009429611058665e-9	3.959845814331492e-5
101.0	2.228917146041112e-8	1.662465012710911e-9	3.849936472937081e-6	1.1330931056177341e-8	1.0089881070047363e-9	3.959845875969166e-5
102.0	2.2248218541329077e-8	1.6629639586105643e-9	3.849936388846128e-6	1.132808902205616e-8	1.009670081784577e-9	3.959845842641552e-5
103.0	2.2253407425100142e-8	1.6637272790590457e-9	3.84993657791734e-6	1.1325299439811276e-8	1.0093769273350057e-9	3.959845892351875e-5
104.0	2.2347442184964312e-8	1.6629824193821544e-9	3.8499363804159106e-6	1.1324504219594337e-8	1.0097230197885874e-9	3.959845881399659e-5
105.0	2.2310863974549102e-8	1.663689359390291e-9	3.849936378707894e-6	1.1321607226946002e-8	1.0094730737678563e-9	3.959845897882753e-5
106.0	2.2242068638617794e-8	1.6633710900826983e-9	3.849936409423045e-6	1.1324289878733927e-8	1.0094699741385255e-9	3.959845920658606e-5
107.0	2.2273595644564556e-8	1.662094933833009e-9	3.8499366365046255e-6	1.132336094259549e-8	1.0096722220043563e-9	3.959845915554779e-5
108.0	2.2313103532970983e-8	1.6620960900081393e-9	3.849936439806652e-6	1.13271161589765e-8	1.009557229803517e-9	3.9598459572288946e-5
109.0	2.2333915103782658e-8	1.6627140579493624e-9	3.849936415366656e-6	1.1328294895958345e-8	1.010345722006172e-9	3.9598459277272195e-5
110.0	2.2250162253440936e-8	1.6634884649802385e-9	3.8499363565406064e-6	1.1331033293312594e-8	1.0101397897756162e-9	3.959845969376869e-5
111.0	2.2260910454047595e-8	1.6632922647423965e-9	3.849936450046694e-6	1.1331358736161072e-8	1.0110575051945026e-9	3.959845935175943e-5
112.0	2.230515952980606e-8	1.664739592066043e-9	3.849936557700893e-6	1.133350066512042e-8	1.0105704847493615e-9	3.959845963894212e-5
113.0	2.2300882418125315e-8	1.6635238173954555e-9	3.849936690308297e-6	1.13308426068618e-8	1.011217802196256e-9	3.959845942810434e-5
114.0	2.226162860897538e-8	1.6641066563088494e-9	3.849935868178774e-6	1.1331594608727465e-8	1.0107800741041238e-9	3.959845960809896e-5
115.0	2.2274032313205634e-8	1.6648467220123292e-9	3.849936387976035e-6	1.1328084032413978e-8	1.0108863060816145e-9	3.95984595263446e-5
116.0	2.231117793349963e-8	1.6642100462403498e-9	3.849935823336304e-6	1.132673329622747e-8	1.0108036137010881e-9	3.9598459561466426e-5
117.0	2.2306667416442785e-8	1.6645821124325011e-9	3.8499363059847e-6	1.1326105926352678e-8	1.01063907714209e-9	3.959845972264078e-5
118.0	2.2255643727371183e-8	1.6651655068123307e-9	3.8499369736658005e-6	1.132344731715801e-8	1.0109912293593833e-9	3.959845964874304e-5
119.0	2.228399891375094e-8	1.6644888509537452e-9	3.849936798569101e-6	1.1325983975973682e-8	1.010369497923065e-9	3.959845983887782e-5
120.0	2.2327688063554807e-8	1.6646910134227627e-9	3.849936376440575e-6	1.1324141984732406e-8	1.0109957661318254e-9	3.959845970320483e-5
121.0	2.2336320491329427e-8	1.6655276147218046e-9	3.849936142829266e-6	1.1326862776997539e-8	1.0101944520810563e-9	3.9598459857438345e-5
122.0	2.22716484120079e-8	1.6642096750310671e-9	3.849936022297235e-6	1.1326364933939377e-8	1.0106466620121688e-9	3.9598459582112854e-5
123.0	2.2265921523207967e-8	1.6654114386792504e-9	3.849935770118965e-6	1.132857021565424e-8	1.0101541705458987e-9	3.959845969262718e-5
124.0	2.2317862831686898e-8	1.6662195577786887e-9	3.849936717135969e-6	1.132779089015745e-8	1.0102992741152672e-9	3.959845949830983e-5
125.0	2.2355066160619422e-8	1.6655645518752073e-9	3.849936860800831e-6	1.1330028664383969e-8	1.0103683740383963e-9	3.9598459681939793e-5
126.0	2.2322160782599423e-8	1.6657359393379184e-9	3.849936711260937e-6	1.1327235979817857e-8	1.0101047728120586e-9	3.959845964911832e-5
127.0	2.2264437386054142e-8	1.6669806245276563e-9	3.84993646176094e-6	1.1329755126330607e-8	1.0103572395640085e-9	3.959845953988393e-5
128.0	2.228003416966787e-8	1.6664471238063642e-9	3.849936553048125e-6	1.1326657171505947e-8	1.0098483662125974e-9	3.959845963362167e-5
129.0	2.2323654276974845e-8	1.6664435962094486e-9	3.849936165437443e-6	1.1328580986176795e-8	1.010314564819465e-9	3.959845940011031e-5
130.0	2.2375508279877493e-8	1.6675409999615594e-9	3.84993615220628e-6	1.1327275458396319e-8	1.0099610096444141e-9	3.959845965738474e-5
131.0	2.229128269644847e-8	1.6666089458944023e-9	3.84993621359285e-6	1.1328359043507959e-8	1.0103953444729023e-9	3.9598459405737515e-5
132.0	2.226868779710795e-8	1.6668799646478617e-9	3.849936593073794e-6	1.1329207251861213e-8	1.0100922479743247e-9	3.959845982023835e-5
133.0	2.228202087104539e-8	1.667660799079794e-9	3.849936707857879e-6	1.1329485353456763e-8	1.01032023165694e-9	3.9598459567185227e-5
134.0	2.2355872915396133e-8	1.6679936288511609e-9	3.849936309539796e-6	1.133144354627412e-8	1.0101399671329962e-9	3.959845973976006e-5
135.0	2.234886594877885e-8	1.667917347593942e-9	3.849936585560114e-6	1.133102586153148e-8	1.010303326408878e-9	3.959845965320459e-5
136.0	2.2274003052346245e-8	1.667565670387791e-9	3.849936524803429e-6	1.1332493338964052e-8	1.010549217600356e-9	3.959845950867673e-5
137.0	2.2278582268268668e-8	1.666728546809336e-9	3.84993609444951e-6	1.1329206788098378e-8	1.0108040088082242e-9	3.959845973626025e-5
138.0	2.2315752414196103e-8	1.6654115226500287e-9	3.8499359687886065e-6	1.1329414477541115e-8	1.0111249429780132e-9	3.959845922658246e-5
139.0	2.2320931122660654e-8	1.6663364313289915e-9	3.8499366760951496e-6	1.1324349132752307e-8	1.0107781645610679e-9	3.9598459432488136e-5
140.0	2.2296250908111944e-8	1.6670413927291307e-9	3.8499360110064845e-6	1.1325028051425714e-8	1.0107674187349709e-9	3.9598458653919656e-5
141.0	2.22887077981475e-8	1.6677644814950321e-9	3.84993628138745e-6	1.1320883645139612e-8	1.010272873516294e-9	3.959845897783842e-5
142.0	2.232604522144497e-8	1.6686958344606243e-9	3.849936586783215e-6	1.1323216687828525e-8	1.0104648986747398e-9	3.959845840862505e-5
143.0	2.2290490227461063e-8	1.6685927593944302e-9	3.8499363414377845e-6	1.1320730455742162e-8	1.0103068404721201e-9	3.9598458712962494e-5
144.0	2.225353016346866e-8	1.669290833182369e-9	3.849936422570505e-6	1.1325022317693793e-8	1.010870168581387e-9	3.959845848681404e-5
145.0	2.2321091650899842e-8	1.6675523451987338e-9	3.8499367164490486e-6	1.132474069357526e-8	1.0109365540255896e-9	3.9598458664154315e-5
146.0	2.2356047655581227e-8	1.666820377142052e-9	3.849936093788624e-6	1.1330358358198556e-8	1.010971340400757e-9	3.959845863966818e-5
147.0	2.2340553378197625e-8	1.666614866104145e-9	3.849936171263802e-6	1.1332252013849324e-8	1.010922650298414e-9	3.959845864556107e-5
148.0	2.2230263326179013e-8	1.6664819388429532e-9	3.849936405694229e-6	1.1335820323102136e-8	1.0102884484220448e-9	3.959845860352782e-5
149.0	2.2290601299507796e-8	1.6685397105617388e-9	3.8499359799606475e-6	1.1336815805257396e-8	1.010442308114178e-9	3.959845862313782e-5
150.0	2.2380481452649954e-8	1.6695212541538178e-9	3.849936207047094e-6	1.1335983780273773e-8	1.0098079459671502e-9	3.9598458492662344e-5
151.0	2.237666707629072e-8	1.6707229083277166e-9	3.849936609222639e-6	1.1334561898561491e-8	1.0101891594896064e-9	3.9598458516397555e-5
152.0	2.2276703986542582e-8	1.670095129674945e-9	3.849936906802344e-6	1.1330891887097527e-8	1.0101174601522638e-9	3.9598458553991405e-5
153.0	2.225954883851679e-8	1.6689069679663625e-9	3.849936221726624e-6	1.132912356356302e-8	1.0102253412780197e-9	3.959845848354091e-5
154.0	2.23396250428637e-8	1.6692602491821981e-9	3.8499357837538475e-6	1.1324293092762223e-8	1.0104137656584698e-9	3.959845869511944e-5
155.0	2.2419030068548653e-8	1.6675402609881216e-9	3.849936314606488e-6	1.1323326990582067e-8	1.0102452642261241e-9	3.9598458616662885e-5
156.0	2.2311064928857995e-8	1.6684887147650055e-9	3.849935765637757e-6	1.131909740139146e-8	1.01047515561931e-9	3.9598458796457215e-5
157.0	2.2287240021859416e-8	1.6682994627614771e-9	3.8499361244434755e-6	1.1320540475946698e-8	1.010183457185291e-9	3.959845872148103e-5
158.0	2.231563218828599e-8	1.6697711877266587e-9	3.849936672595889e-6	1.1318665505852612e-8	1.0104949787318644e-9	3.9598458911234e-5
159.0	2.2348992112376342e-8	1.6706699580377626e-9	3.849937063893215e-6	1.1324013128673189e-8	1.0103787523605245e-9	3.9598458798994316e-5
160.0	2.23467455197059e-8	1.671647596636954e-9	3.84993599668065e-6	1.132506224763957e-8	1.010671405550369e-9	3.9598458917945206e-5
161.0	2.2287801003629242e-8	1.6716572347215025e-9	3.849935646707601e-6	1.133074254668408e-8	1.0106465163420777e-9	3.9598458758920625e-5
162.0	2.2323622020201293e-8	1.6695051794601608e-9	3.849935853417307e-6	1.133217244946605e-8	1.0107784058454333e-9	3.959845882300641e-5
163.0	2.231950078384118e-8	1.6692494300385995e-9	3.849936369451438e-6	1.1335688462777059e-8	1.0110443694223644e-9	3.95984588449535e-5
164.0	2.2298575659567652e-8	1.6687443938561908e-9	3.849936285998993e-6	1.1335080156135632e-8	1.0109827837071958e-9	3.9598458942150955e-5
165.0	2.2337371374148617e-8	1.6697280224958753e-9	3.849936460199223e-6	1.1334875258672826e-8	1.0111024442742328e-9	3.959845897048565e-5
166.0	2.234838054714679e-8	1.6693140101229502e-9	3.849936508255856e-6	1.1332178108704962e-8	1.011159192201038e-9	3.959845908113424e-5
167.0	2.2344670391286926e-8	1.6697997980399903e-9	3.849935578311148e-6	1.1329109013642566e-8	1.0110780975053711e-9	3.9598459031264554e-5
168.0	2.228708782006515e-8	1.6708263931191055e-9	3.8499355237425535e-6	1.1325600050481253e-8	1.011136858780979e-9	3.959845935384374e-5
169.0	2.2294347854111955e-8	1.6706472916769823e-9	3.849936333781454e-6	1.1322458134009505e-8	1.0110167947637686e-9	3.959845910678154e-5
170.0	2.238449657990251e-8	1.6706890444039497e-9	3.849936697207174e-6	1.1320629784873757e-8	1.0108350138792923e-9	3.959845931072196e-5
171.0	2.2361714571982103e-8	1.6695901570536485e-9	3.84993662477691e-6	1.1319267629497588e-8	1.0108162155652973e-9	3.959845926457171e-5
172.0	2.23286237451828e-8	1.6701346876059781e-9	3.849935937737077e-6	1.1321178448161633e-8	1.010433479276593e-9	3.959845922745786e-5
173.0	2.2286585079382098e-8	1.6687889465488543e-9	3.84993576446521e-6	1.1322757930977023e-8	1.0107182442085053e-9	3.959845942305172e-5
174.0	2.236300461324707e-8	1.669791400801217e-9	3.849935593085607e-6	1.1327400873649624e-8	1.0103420165961263e-9	3.959845907688879e-5
175.0	2.236540765968764e-8	1.6710318251631683e-9	3.849936172390165e-6	1.1329856311636438e-8	1.0106775427308895e-9	3.959845947486417e-5
176.0	2.23206515091011e-8	1.6705487525857333e-9	3.849936359742672e-6	1.133391847780552e-8	1.010551724507928e-9	3.9598459054914865e-5
177.0	2.2316926900538116e-8	1.6697760040804652e-9	3.849936419518435e-6	1.1333725458961738e-8	1.0103193267584618e-9	3.959845929698372e-5
178.0	2.2346871611219895e-8	1.671003534149264e-9	3.8499365320492975e-6	1.1334651704662342e-8	1.010443606066873e-9	3.959845908880537e-5
179.0	2.2357548623143282e-8	1.6699947201127371e-9	3.849935295561473e-6	1.1332536605276741e-8	1.009792635710116e-9	3.9598459292134384e-5
180.0	2.2316538825477668e-8	1.669721126393939e-9	3.84993552678779e-6	1.1330566973020065e-8	1.0101393918627025e-9	3.959845920136546e-5
181.0	2.2321974372748357e-8	1.6718244435669979e-9	3.849936412760789e-6	1.1327781165136937e-8	1.009625613818004e-9	3.959845933349917e-5
182.0	2.2358475200662304e-8	1.6705242748685718e-9	3.849936305116385e-6	1.132565306911251e-8	1.0102081579416146e-9	3.959845915572875e-5
183.0	2.234932806868589e-8	1.670833886049918e-9	3.849936118299539e-6	1.1322737140110964e-8	1.010404839852824e-9	3.9598459325923795e-5
184.0	2.2312994159891432e-8	1.6719960214189598e-9	3.849936292544022e-6	1.1322503845270472e-8	1.0106439480951269e-9	3.9598459254070424e-5
185.0	2.2350266524458545e-8	1.671408239150641e-9	3.849935782501194e-6	1.132167176232596e-8	1.0111002361985914e-9	3.9598459426308306e-5
186.0	2.2360595965947583e-8	1.6706201199674083e-9	3.849935900706478e-6	1.1323862827786514e-8	1.010687563803171e-9	3.959845941585164e-5
187.0	2.2351492751087637e-8	1.6730885531787525e-9	3.849935933227941e-6	1.1325172178937754e-8	1.0108358799754712e-9	3.959845932380445e-5
188.0	2.2281125711121875e-8	1.6727533418648378e-9	3.8499366407059724e-6	1.13281270482655e-8	1.0100632108357522e-9	3.9598459514430334e-5
189.0	2.2374015442869218e-8	1.6731592704256803e-9	3.849936266569837e-6	1.133014476033278e-8	1.0101895937342879e-9	3.9598459005071794e-5
190.0	2.2383917568664348e-8	1.6746878097939097e-9	3.849935745454216e-6	1.1332185860786474e-8	1.0100319618717376e-9	3.959845944907853e-5
191.0	2.236257137608291e-8	1.6740407229734767e-9	3.849935734452556e-6	1.1332244622124885e-8	1.010294338289906e-9	3.959845871666843e-5
192.0	2.2288300234789156e-8	1.6717772056650537e-9	3.849936164763167e-6	1.1332799927879822e-8	1.0107136375558674e-9	3.95984591470442e-5
193.0	2.2328296880279697e-8	1.6722166747841685e-9	3.8499363808333055e-6	1.1330402565883406e-8	1.0108057181428483e-9	3.959845860280008e-5
194.0	2.241293232701272e-8	1.671233848546643e-9	3.84993605524002e-6	1.132875518012941e-8	1.0111644211939685e-9	3.959845868528904e-5
195.0	2.2382252111986745e-8	1.6719747951802515e-9	3.849936468265873e-6	1.1325980665341667e-8	1.0107745050939145e-9	3.959845855752744e-5
196.0	2.2303125910467838e-8	1.6733655012064193e-9	3.8499353616306686e-6	1.1322968776460044e-8	1.0108469190589468e-9	3.959845834726481e-5
197.0	2.2319995471207892e-8	1.67421075768527e-9	3.84993550695557e-6	1.1322264910391422e-8	1.0104405686425767e-9	3.959845853023654e-5
198.0	2.2322840346353922e-8	1.6763741196680167e-9	3.849936256803534e-6	1.1319888842402141e-8	1.0104584567979394e-9	3.959845830924167e-5
199.0	2.2382354341445743e-8	1.6759312069746463e-9	3.849936449645058e-6	1.1321897416550838e-8	1.0103012353488524e-9	3.959845855729879e-5
200.0	2.235104284576407e-8	1.6752004838381381e-9	3.849936067422539e-6	1.1322288877290118e-8	1.0104128372751414e-9	3.959845837898813e-5
201.0	2.2316860859183495e-8	1.6740469111254776e-9	3.84993613204274e-6	1.1326279353659719e-8	1.010457289370122e-9	3.9598458370186767e-5
202.0	2.2319872113716757e-8	1.6725057275906973e-9	3.84993610135751e-6	1.1328240505081362e-8	1.010551648375871e-9	3.959845830516902e-5
203.0	2.2294744857114793e-8	1.6727908227448317e-9	3.849935513824537e-6	1.1332416699959659e-8	1.0108623295335564e-9	3.959845819659844e-5
204.0	2.2365602704400605e-8	1.6733977945905754e-9	3.849935903641043e-6	1.1332007404942481e-8	1.0107621382924653e-9	3.9598458293016366e-5
205.0	2.235702429559786e-8	1.675540819561379e-9	3.84993652519783e-6	1.1334859055910865e-8	1.0111239438882858e-9	3.959845846135963e-5
206.0	2.2332961572863304e-8	1.675963839615739e-9	3.849936159962991e-6	1.1330863978796906e-8	1.0107913959909908e-9	3.959845851269459e-5
207.0	2.230716446385485e-8	1.6760296171400667e-9	3.849935718554103e-6	1.133198605728162e-8	1.0109301278813095e-9	3.959845890717904e-5
208.0	2.230521558576258e-8	1.6768005396187985e-9	3.8499363510327425e-6	1.1327552611668253e-8	1.010690260629439e-9	3.95984589196905e-5
209.0	2.2353136039800505e-8	1.6755063181143447e-9	3.8499364182010585e-6	1.13266966774855e-8	1.0106590577293973e-9	3.9598459238158246e-5
210.0	2.2377584765977208e-8	1.6748252393853287e-9	3.849935883584187e-6	1.132355501224077e-8	1.0108860773344526e-9	3.95984592555279e-5
211.0	2.2345679354233193e-8	1.6759539794997124e-9	3.8499357126972065e-6	1.1322008948153833e-8	1.0109637837443187e-9	3.959845943988779e-5
212.0	2.234179103928361e-8	1.6743470469892822e-9	3.849936279493684e-6	1.1321227132305563e-8	1.0114649842813355e-9	3.9598459401709344e-5
213.0	2.2309679753861377e-8	1.6766906946870013e-9	3.8499356944576225e-6	1.132101263692075e-8	1.0111228611736663e-9	3.9598459550359866e-5
214.0	2.233762068722388e-8	1.6764287626857269e-9	3.849935518701446e-6	1.1322467032075303e-8	1.0114004097390768e-9	3.9598459391696175e-5
215.0	2.2400878095134155e-8	1.6787595365111368e-9	3.849936483243992e-6	1.132361607913496e-8	1.0110052377735192e-9	3.959845956858488e-5
216.0	2.2382201521557886e-8	1.6775274636815583e-9	3.849936298208895e-6	1.1326894213594259e-8	1.010888315998349e-9	3.959845933027692e-5
217.0	2.2355032520697355e-8	1.677522527995198e-9	3.849935509940335e-6	1.1326547608646483e-8	1.0109135135008969e-9	3.959845960086665e-5
218.0	2.2289403701022478e-8	1.677171753279058e-9	3.849935975647217e-6	1.1330705243670965e-8	1.0105801356860985e-9	3.959845946031695e-5
219.0	2.2366588632737012e-8	1.676469826874001e-9	3.849936054047684e-6	1.1328256522004592e-8	1.0108080349822216e-9	3.9598459602702775e-5
220.0	2.2428193989881602e-8	1.6762769964614384e-9	3.849935633720738e-6	1.133311609524659e-8	1.010296171222757e-9	3.959845951724015e-5
221.0	2.237141430498696e-8	1.675752890327049e-9	3.8499358537208535e-6	1.1329801140081744e-8	1.010447444083618e-9	3.9598459543613526e-5
222.0	2.2299326419227444e-8	1.6762196927762209e-9	3.849936150085607e-6	1.1332250203083258e-8	1.0100783266303413e-9	3.959845952213083e-5
223.0	2.2334708028377696e-8	1.676733268621025e-9	3.849936274140257e-6	1.1328951755103543e-8	1.010212347239023e-9	3.959845957326026e-5
224.0	2.2411366590714026e-8	1.6779016778250225e-9	3.849935793168071e-6	1.1329748149798694e-8	1.010116288880637e-9	3.959845953877586e-5
225.0	2.2395432777967418e-8	1.6793043599588421e-9	3.849936368193694e-6	1.1326304436755098e-8	1.0101619835181202e-9	3.959845959431621e-5
226.0	2.2300498254162074e-8	1.6788268442015225e-9	3.849935876459174e-6	1.1327801591766364e-8	1.0101920323478907e-9	3.9598459589036305e-5
227.0	2.234290764176182e-8	1.6778546770130083e-9	3.8499354857481555e-6	1.1325239463694532e-8	1.0100322452957907e-9	3.959845959316821e-5
228.0	2.2375407560493934e-8	1.6786188076702216e-9	3.849936185504929e-6	1.1327362720869902e-8	1.0102550052661176e-9	3.959845955459961e-5
229.0	2.2373363459088398e-8	1.6786519011308194e-9	3.8499361410488305e-6	1.1325944151764636e-8	1.0100970149816123e-9	3.959845979463778e-5
230.0	2.2332179591471575e-8	1.6761882091609029e-9	3.849936056052176e-6	1.1325803129635797e-8	1.0102478330834346e-9	3.9598459606744166e-5
231.0	2.2354366134146028e-8	1.679041482299999e-9	3.849936261644026e-6	1.132658699024956e-8	1.0104230505424543e-9	3.959845984144054e-5
232.0	2.2371524046531385e-8	1.678434722138678e-9	3.849936014937144e-6	1.1324289903719164e-8	1.0104303490066825e-9	3.959845965489237e-5
233.0	2.2348841453132543e-8	1.679790778361876e-9	3.849935363667875e-6	1.132740238160354e-8	1.0107219940177827e-9	3.959845967019768e-5
234.0	2.2335086927632806e-8	1.6809907603013972e-9	3.8499359249054025e-6	1.1324910695344993e-8	1.010688112067445e-9	3.959845966156272e-5
235.0	2.239185773959939e-8	1.6800778325789884e-9	3.84993655768108e-6	1.1327826144305673e-8	1.010825476943979e-9	3.959845950951799e-5
236.0	2.2377511057376817e-8	1.679817576787942e-9	3.849936001787591e-6	1.1326062587366227e-8	1.0108798650099382e-9	3.959845964141057e-5
237.0	2.234896607674143e-8	1.678032847472303e-9	3.849936104196083e-6	1.1327927396294667e-8	1.0108093404247026e-9	3.959845922022585e-5
238.0	2.2332625248745765e-8	1.6797197824775394e-9	3.849935996591814e-6	1.1326485034952878e-8	1.0109069485737223e-9	3.959845932585303e-5
239.0	2.2404624476938948e-8	1.678062609714563e-9	3.849935796380965e-6	1.1329030770408811e-8	1.0110895031243149e-9	3.959845893536356e-5
240.0	2.2389577106038484e-8	1.6798494339905448e-9	3.849935914286869e-6	1.1327402221418937e-8	1.0112343582368075e-9	3.9598458843467815e-5
241.0	2.235337229603733e-8	1.6805707443433719e-9	3.849936205872143e-6	1.1329670701916014e-8	1.0113760509263973e-9	3.959845859387033e-5
242.0	2.2345334869814295e-8	1.680206138968217e-9	3.849936242104523e-6	1.1327004840928188e-8	1.0113032222914444e-9	3.9598458462967774e-5
243.0	2.2378821928828253e-8	1.6809641206210643e-9	3.849935943560249e-6	1.1327757466423167e-8	1.0112849051562638e-9	3.959845838180646e-5
244.0	2.2369081560513494e-8	1.6796713171876028e-9	3.849935773770385e-6	1.1324968389860348e-8	1.0108999856880752e-9	3.959845823889166e-5
245.0	2.2368890857833625e-8	1.680560159412533e-9	3.8499357848804175e-6	1.1323914904146677e-8	1.010831491732412e-9	3.959845819212125e-5
246.0	2.2356225339023896e-8	1.6781340585624403e-9	3.8499360037773726e-6	1.1324050580006574e-8	1.0108047448935119e-9	3.959845812755298e-5
247.0	2.238794802736715e-8	1.6798802985561352e-9	3.849936419729092e-6	1.1322702761435332e-8	1.0108851034682931e-9	3.959845804068441e-5
248.0	2.2329828265024893e-8	1.6807777932884087e-9	3.849936312930902e-6	1.1324465305706675e-8	1.0110098495731349e-9	3.959845808327109e-5
249.0	2.234283126722663e-8	1.6801916410978277e-9	3.849935746766193e-6	1.1323877103269643e-8	1.0110086782163092e-9	3.95984580826061e-5
250.0	2.2402903562452083e-8	1.6813030391902726e-9	3.849935733196118e-6	1.1325922952059323e-8	1.0108843207041776e-9	3.959845823246304e-5
251.0	2.2391172378327402e-8	1.6808052683403356e-9	3.849935860127949e-6	1.1325514585467058e-8	1.0105248544950504e-9	3.959845828840034e-5
252.0	2.237451056012232e-8	1.6802853862263823e-9	3.849935429777152e-6	1.1327866382779965e-8	1.0101762940036352e-9	3.959845840096283e-5
253.0	2.230485543654575e-8	1.681275745364594e-9	3.849935904513508e-6	1.1327534995980886e-8	1.0102569383485157e-9	3.95984585426329e-5
254.0	2.2407441335632076e-8	1.6824750568496041e-9	3.849936526448134e-6	1.1329215332075297e-8	1.0102383843245816e-9	3.959845863961681e-5
255.0	2.2439997030828545e-8	1.6820402228699197e-9	3.849935959407834e-6	1.1328086897269154e-8	1.0107577243440868e-9	3.95984588101122e-5
256.0	2.2380594691459332e-8	1.6819595304667048e-9	3.849935913390407e-6	1.1328440345054229e-8	1.0108162448933789e-9	3.959845861025417e-5
257.0	2.2336305262980834e-8	1.6826098864145263e-9	3.849935775958152e-6	1.1326653360393783e-8	1.0108965936021894e-9	3.9598458691515234e-5
258.0	2.235769938014811e-8	1.6809906808843735e-9	3.849936029155442e-6	1.1325376972435802e-8	1.0109838432693833e-9	3.9598458659840105e-5
259.0	2.241989695839599e-8	1.6822901938650827e-9	3.8499353140852456e-6	1.1323911280099736e-8	1.010658718501798e-9	3.95984587932109e-5
260.0	2.2412821820464478e-8	1.6825948788917621e-9	3.849935442747693e-6	1.1323122234750935e-8	1.0107993250967519e-9	3.959845884045505e-5
261.0	2.235475905605545e-8	1.6837965352301203e-9	3.849936308383045e-6	1.13230037136391e-8	1.010757148313691e-9	3.959845896119365e-5
262.0	2.2365602108653418e-8	1.6845706614398184e-9	3.849936193590623e-6	1.1323510442323006e-8	1.0108022664484918e-9	3.959845890983562e-5
263.0	2.2378525497023586e-8	1.683806147778609e-9	3.849936253360703e-6	1.1324946986792114e-8	1.0109673121982162e-9	3.959845907624552e-5
264.0	2.239399096644949e-8	1.6846489083474012e-9	3.849936060859946e-6	1.1326121514332746e-8	1.0109054438589757e-9	3.9598458888097656e-5
265.0	2.2389323282289e-8	1.6835112711305305e-9	3.849936362223216e-6	1.1327008582365691e-8	1.0111022078832544e-9	3.959845908360127e-5
266.0	2.2375874047277343e-8	1.684417354759631e-9	3.849934857913533e-6	1.1328649081942238e-8	1.01097776369285e-9	3.959845906664063e-5
267.0	2.2367280454602203e-8	1.6831057056209258e-9	3.849935598287778e-6	1.1328706742656344e-8	1.0113638501896885e-9	3.9598459326417846e-5
268.0	2.2371597891457348e-8	1.6853998492274846e-9	3.849936389733604e-6	1.1329023679256659e-8	1.0110557247771763e-9	3.959845949732774e-5
269.0	2.2388626754343382e-8	1.6857025627309956e-9	3.849935771902822e-6	1.132772582583442e-8	1.011155318076879e-9	3.9598459522235567e-5
270.0	2.2410750768421594e-8	1.6853793330297044e-9	3.849936129989611e-6	1.1327370622777576e-8	1.0108931806260503e-9	3.959845960747718e-5
271.0	2.2363694949189084e-8	1.6866445431607465e-9	3.84993603762881e-6	1.1324094349275812e-8	1.0105728745088719e-9	3.9598459407175505e-5
272.0	2.2373997847970955e-8	1.684130333878667e-9	3.8499361449889194e-6	1.1323813853574645e-8	1.0105484717450066e-9	3.9598459367047835e-5
273.0	2.2392315448567143e-8	1.6833136640105854e-9	3.849935169895054e-6	1.1321226696468465e-8	1.0102537020822304e-9	3.9598459226346636e-5
274.0	2.240934938436976e-8	1.6828955916913962e-9	3.849936053402084e-6	1.132231044205607e-8	1.0105594671228e-9	3.959845920295308e-5
275.0	2.2387728966758997e-8	1.6848775386426174e-9	3.849935742948778e-6	1.1322084669424e-8	1.0104538259884229e-9	3.95984592460687e-5
276.0	2.236696258456003e-8	1.6849406668439981e-9	3.849935142507728e-6	1.1323944578856488e-8	1.0106137034525615e-9	3.959845918429037e-5
277.0	2.238336804651277e-8	1.6858191258874939e-9	3.849935231569721e-6	1.1325434548915155e-8	1.0106652408748435e-9	3.9598459086498745e-5
278.0	2.2382897042484022e-8	1.687257176852526e-9	3.8499366047469335e-6	1.1325838638822357e-8	1.0107288517235e-9	3.959845906502572e-5
279.0	2.2377905324146754e-8	1.6863747790059438e-9	3.849936031190749e-6	1.1327428474199812e-8	1.0108545245361294e-9	3.959845896375354e-5
280.0	2.2399855987570648e-8	1.685611255888579e-9	3.8499357185543e-6	1.1326492757113632e-8	1.0108775962002346e-9	3.959845897709994e-5
281.0	2.2405063254160277e-8	1.6856475104216054e-9	3.849936008338145e-6	1.1328196742231604e-8	1.011055201306605e-9	3.959845876254071e-5
282.0	2.2382109161639155e-8	1.686100230299588e-9	3.849935370462809e-6	1.1325870020455581e-8	1.0109644021339526e-9	3.9598458872784066e-5
283.0	2.2360473332286805e-8	1.684340101240875e-9	3.8499347191411416e-6	1.1327660295359556e-8	1.0110882691811719e-9	3.959845871385532e-5
284.0	2.23961855366103e-8	1.6870856770060237e-9	3.849935824725741e-6	1.1324189295754104e-8	1.0109687047172167e-9	3.959845877602422e-5
285.0	2.2447225149809766e-8	1.6870449873515746e-9	3.849936699309412e-6	1.13254037440153e-8	1.0113076380124125e-9	3.959845879010719e-5
286.0	2.2394711380382952e-8	1.6865772545640157e-9	3.84993586337322e-6	1.1321862870768008e-8	1.0114025203757984e-9	3.9598458692014285e-5
287.0	2.234029650885897e-8	1.6864876219988867e-9	3.849936043649853e-6	1.1323733450722778e-8	1.0116966614314757e-9	3.959845877682663e-5
288.0	2.236290845073581e-8	1.6867539855431362e-9	3.849936486539282e-6	1.1321827018165667e-8	1.0118401916378314e-9	3.959845847333937e-5
289.0	2.244161756528811e-8	1.6880119040641315e-9	3.849935484690325e-6	1.1323841574785216e-8	1.0117481038148538e-9	3.959845862699102e-5
290.0	2.2439389580788798e-8	1.6875868031365595e-9	3.849935539634546e-6	1.1323371701631606e-8	1.011757710707045e-9	3.959845823369289e-5
291.0	2.2358538403132914e-8	1.6884626555283136e-9	3.849935928357568e-6	1.1324099015759623e-8	1.0114904101494045e-9	3.959845842989465e-5
292.0	2.2345068471905475e-8	1.6881830245332596e-9	3.8499358716597205e-6	1.1324265202209748e-8	1.0116945168770476e-9	3.9598458120748066e-5
293.0	2.2383966603586827e-8	1.688723612834092e-9	3.849936188427311e-6	1.13240638095272e-8	1.011605490869983e-9	3.959845833562453e-5
294.0	2.240904261149301e-8	1.687895004587864e-9	3.849936537421378e-6	1.1325855404447595e-8	1.0119404993045188e-9	3.959845820734461e-5
295.0	2.2396774624027955e-8	1.6883475478707074e-9	3.8499363442853915e-6	1.1324651112425381e-8	1.0117378451697572e-9	3.9598458379388804e-5
296.0	2.2361474380244293e-8	1.687239574100181e-9	3.8499358164827636e-6	1.1327333462725169e-8	1.0114376051106598e-9	3.959845824729044e-5
297.0	2.237906041433976e-8	1.6872326734507346e-9	3.8499352415494495e-6	1.1325060431780838e-8	1.0110575509147109e-9	3.9598458351350746e-5
298.0	2.2356645725776123e-8	1.6881881698134923e-9	3.849935306744209e-6	1.132804607420119e-8	1.0103158493917075e-9	3.959845822276293e-5
299.0	2.238782306530992e-8	1.688527049193823e-9	3.849935497349564e-6	1.1325538536025359e-8	1.0102991780764423e-9	3.9598458428101696e-5
300.0	2.24029228019907e-8	1.6900024813080396e-9	3.849936444883497e-6	1.1329095935506024e-8	1.009932239181449e-9	3.9598458231726085e-5
301.0	2.2411563665028614e-8	1.6896396501260276e-9	3.849936792056849e-6	1.1326757294272687e-8	1.01041238878441e-9	3.959845841124004e-5
302.0	2.2377522758916355e-8	1.6895051774212613e-9	3.849935824043519e-6	1.1329595641233923e-8	1.0104604646424292e-9	3.959845828221216e-5
303.0	2.2334780404556323e-8	1.6888960025692128e-9	3.849935566074625e-6	1.1327449192446477e-8	1.0107704484624193e-9	3.959845830151427e-5
304.0	2.2392980560454706e-8	1.6896970488002222e-9	3.8499354014120936e-6	1.1327882125474284e-8	1.0107015441581446e-9	3.9598458514176045e-5
305.0	2.2427008520642998e-8	1.689705122672584e-9	3.8499355553629025e-6	1.1324812465565459e-8	1.0105873211424443e-9	3.9598458429876765e-5
306.0	2.242458051286016e-8	1.6894479413321085e-9	3.849935577608444e-6	1.1323900591336536e-8	1.010507482312864e-9	3.959845881070449e-5
307.0	2.2360723534675104e-8	1.6905491683136872e-9	3.849936172231717e-6	1.132215399090167e-8	1.01021293303522e-9	3.959845869468185e-5
308.0	2.234730643203066e-8	1.6917048251052506e-9	3.849936089842638e-6	1.1321187883609528e-8	1.0103373713574351e-9	3.959845909508634e-5
309.0	2.2407433530808958e-8	1.6908702824262884e-9	3.849936096196153e-6	1.1322262699761864e-8	1.0105206234178388e-9	3.959845906126827e-5
310.0	2.2435109601744663e-8	1.6929467343315655e-9	3.84993542770107e-6	1.1321430084760326e-8	1.0107554223691292e-9	3.959845926935535e-5
311.0	2.2396625698069486e-8	1.690796542677227e-9	3.8499359026609925e-6	1.1324972038985196e-8	1.0112306450880123e-9	3.959845926038779e-5
312.0	2.2362402442430403e-8	1.6904699724562844e-9	3.849936389007968e-6	1.1324883480063604e-8	1.0115110573803853e-9	3.9598459175161614e-5
313.0	2.23691620240367e-8	1.690722805261415e-9	3.849935102298297e-6	1.132911019877898e-8	1.01178195564241e-9	3.9598459123839515e-5
314.0	2.2419629033203486e-8	1.6892484675013075e-9	3.849935467129931e-6	1.1329569818582215e-8	1.0119414107953608e-9	3.959845908961522e-5
315.0	2.2408662873250917e-8	1.6917768359876377e-9	3.849936689929941e-6	1.1331954483201885e-8	1.0119113154302642e-9	3.959845903467171e-5
316.0	2.2395921974456615e-8	1.6924275035005398e-9	3.849936353668257e-6	1.133086477988323e-8	1.0120401995353993e-9	3.959845911157393e-5
317.0	2.237984262349737e-8	1.6912702039997377e-9	3.849935193181604e-6	1.133134636038435e-8	1.0118301046452108e-9	3.959845916932199e-5
318.0	2.2402893927537134e-8	1.6939966796214528e-9	3.849936219002079e-6	1.1328308433549714e-8	1.0118606265867473e-9	3.9598459434491085e-5
319.0	2.238808799871393e-8	1.6926413124516836e-9	3.849936411825843e-6	1.1327065044024123e-8	1.011693047378644e-9	3.959845960136323e-5
320.0	2.238769762073423e-8	1.6914982353296367e-9	3.849935458125548e-6	1.1324298443071501e-8	1.0115410948209047e-9	3.9598459757060035e-5
321.0	2.2418413813627955e-8	1.6914000147304468e-9	3.849935935983013e-6	1.1321505686791238e-8	1.0113818319508513e-9	3.959845986201327e-5
322.0	2.240741838487201e-8	1.6922286568551607e-9	3.849936639808014e-6	1.1320795121086889e-8	1.0110569375158137e-9	3.959845967128557e-5
323.0	2.2388273100853612e-8	1.6927615631339218e-9	3.849936014498579e-6	1.131890748708317e-8	1.0111927151546057e-9	3.9598459713760605e-5
324.0	2.236761821817052e-8	1.6924235704464244e-9	3.849935274255986e-6	1.1320939397540198e-8	1.0108436168988256e-9	3.959845953074713e-5
325.0	2.2438927712167263e-8	1.6940318574571029e-9	3.849935758403765e-6	1.1321566444481349e-8	1.0110660086237622e-9	3.959845959623985e-5
326.0	2.2420560266548475e-8	1.6940679406867459e-9	3.849935925350847e-6	1.1325023703930094e-8	1.0108998484693817e-9	3.959845951915065e-5
327.0	2.2411527133556883e-8	1.691474249814792e-9	3.8499358788686044e-6	1.1327494358321324e-8	1.0108747823728375e-9	3.9598459720402015e-5
328.0	2.2347663753438134e-8	1.6907029330989188e-9	3.849935666186087e-6	1.1329955693123883e-8	1.0108946485828029e-9	3.959845983956799e-5
329.0	2.243863122638004e-8	1.6914433601782977e-9	3.8499355952240155e-6	1.13304642847694e-8	1.0104923300648592e-9	3.9598460053001394e-5
330.0	2.244587403439404e-8	1.6909598154833459e-9	3.849936032303734e-6	1.1331971269624179e-8	1.0104887546502643e-9	3.959846018284382e-5
331.0	2.2387923048104537e-8	1.6943564359129223e-9	3.84993529417682e-6	1.1331154271164851e-8	1.009969649710725e-9	3.9598459947450334e-5
332.0	2.234845125204713e-8	1.6933030086700595e-9	3.849935143610038e-6	1.1330430387800695e-8	1.010249574850613e-9	3.959846008494483e-5
333.0	2.2390335710573943e-8	1.6944892131859548e-9	3.849935277909938e-6	1.1329426921208695e-8	1.0100540432198177e-9	3.959845963565787e-5
334.0	2.2441674426333578e-8	1.694796737072458e-9	3.8499358605407e-6	1.1326511204988252e-8	1.0107796123348722e-9	3.9598459836757236e-5
335.0	2.239911030157893e-8	1.692688929119148e-9	3.849935497195949e-6	1.13273921949136e-8	1.0109766567373347e-9	3.959845935253569e-5
336.0	2.2331612110314014e-8	1.6922011353767495e-9	3.8499358758973535e-6	1.132426515859839e-8	1.0113589833791423e-9	3.959845940048285e-5
337.0	2.2393217107509872e-8	1.6922757120015572e-9	3.849936496170776e-6	1.1326904496753662e-8	1.01169786413566e-9	3.959845905939422e-5
338.0	2.241605390552418e-8	1.6925946382949635e-9	3.84993550363127e-6	1.1325316506880163e-8	1.0114154832608828e-9	3.9598459025145466e-5
339.0	2.2395958237503718e-8	1.6942036257140568e-9	3.849935530403425e-6	1.1327134529875199e-8	1.0118776737325156e-9	3.959845902076988e-5
340.0	2.2368879198394325e-8	1.695891952535334e-9	3.849935503770019e-6	1.132719575987306e-8	1.0112724206823539e-9	3.959845887572085e-5
341.0	2.238147916288642e-8	1.69735202662825e-9	3.849936070575397e-6	1.1327690103581733e-8	1.0115565415391247e-9	3.9598459071586134e-5
342.0	2.241869135765597e-8	1.6958613574601018e-9	3.849936022436782e-6	1.1327125713130324e-8	1.0111230216342847e-9	3.9598458797068766e-5
343.0	2.2381115266926347e-8	1.6941843972065387e-9	3.849935973926219e-6	1.1327012716598653e-8	1.0111903497327195e-9	3.959845905880596e-5
344.0	2.2375506161019497e-8	1.6951208425745193e-9	3.849936244964832e-6	1.132633437662286e-8	1.0114970898671812e-9	3.95984586249704e-5
345.0	2.2432090916092067e-8	1.6929503955243467e-9	3.849935788256414e-6	1.1325398080336001e-8	1.011437491831708e-9	3.959845892184743e-5
346.0	2.243043984253307e-8	1.693561292465959e-9	3.849935772322023e-6	1.1325572983890009e-8	1.0122329149956682e-9	3.959845850957378e-5
347.0	2.239251715101506e-8	1.6944519171622442e-9	3.849935844872864e-6	1.1323273572975845e-8	1.0117881315686062e-9	3.959845857144206e-5
348.0	2.2368205055725095e-8	1.6953508080963965e-9	3.849935847717844e-6	1.1325782544784508e-8	1.012132359239136e-9	3.959845826068208e-5
349.0	2.2429353376568397e-8	1.6963173493840848e-9	3.849935439406948e-6	1.1323021725447254e-8	1.0113865812936594e-9	3.9598458333638765e-5
350.0	2.2464857954502238e-8	1.695508762926968e-9	3.849935816798726e-6	1.1328049044762083e-8	1.0111692559158922e-9	3.959845819300619e-5
351.0	2.2406467580333363e-8	1.6965229076497305e-9	3.84993585487819e-6	1.1326930017911902e-8	1.0108469127405906e-9	3.9598458503464805e-5
352.0	2.2410096260575102e-8	1.6943824523962637e-9	3.84993567718875e-6	1.1331063456529863e-8	1.0105434303753569e-9	3.959845841097095e-5
353.0	2.238775356689238e-8	1.6939733079644427e-9	3.849936062818666e-6	1.1331057489886366e-8	1.0106052667913024e-9	3.959845849057092e-5
354.0	2.2444560232619823e-8	1.6949301352833521e-9	3.849935449372279e-6	1.1333226387915794e-8	1.0105715033947743e-9	3.959845842421392e-5
355.0	2.2418486002286104e-8	1.6952983981597637e-9	3.8499351346029595e-6	1.1332224769793634e-8	1.0107658086425527e-9	3.959845825013532e-5
356.0	2.242774018226814e-8	1.6953995018413582e-9	3.849935972734948e-6	1.1332029134919047e-8	1.0110010740900615e-9	3.9598458551845505e-5
357.0	2.2419267924798347e-8	1.6977606358468098e-9	3.8499358017290226e-6	1.1329986013271681e-8	1.0110319726421692e-9	3.959845818654044e-5
358.0	2.2403818157288243e-8	1.6971457739407392e-9	3.849935685471736e-6	1.1327322612657848e-8	1.0112647539671799e-9	3.9598458776518954e-5
359.0	2.2415689361161224e-8	1.6975665840483413e-9	3.849935712123572e-6	1.1325833877948233e-8	1.0110760782786852e-9	3.959845845668116e-5
360.0	2.2437424615159286e-8	1.6951966339623192e-9	3.849936112577114e-6	1.1322917162982695e-8	1.011151870800676e-9	3.959845889589298e-5
361.0	2.2448143678215095e-8	1.6974561349079295e-9	3.849934771297549e-6	1.1325130562560776e-8	1.0110640947611114e-9	3.959845881209059e-5
362.0	2.2411425902420317e-8	1.6957650509087798e-9	3.849935663317618e-6	1.1322767877016607e-8	1.0111135591660133e-9	3.9598459102917984e-5
363.0	2.2394605810293865e-8	1.6962318088573985e-9	3.849936459346629e-6	1.1327807772939612e-8	1.011343103233226e-9	3.9598459169854526e-5
364.0	2.243423967188315e-8	1.698115047760682e-9	3.849935830535502e-6	1.132630361702495e-8	1.0111834283683482e-9	3.959845918557071e-5
365.0	2.2459143647224594e-8	1.6969840368700084e-9	3.849935575026911e-6	1.1330965522178672e-8	1.0114950523172217e-9	3.9598459273258214e-5
366.0	2.2411454948779743e-8	1.6987037575971091e-9	3.849935554213691e-6	1.1330026282175602e-8	1.0113714195395722e-9	3.9598459163285616e-5
367.0	2.2395639330145075e-8	1.6972165861416592e-9	3.849935635884607e-6	1.1332934175960487e-8	1.0114652256099753e-9	3.9598459362606936e-5
368.0	2.243100762322116e-8	1.6986039938577738e-9	3.849935522699185e-6	1.1331521820638767e-8	1.0115567902159756e-9	3.9598459224684276e-5
369.0	2.2455363072858507e-8	1.6986068386139439e-9	3.8499356202107564e-6	1.1331276566190453e-8	1.0113506617466356e-9	3.9598459441662194e-5
370.0	2.2417725776872438e-8	1.698131777084415e-9	3.8499360324603815e-6	1.1329201024469483e-8	1.0116360398344166e-9	3.959845931994687e-5
371.0	2.2404636847769344e-8	1.6994448130912273e-9	3.849935204792063e-6	1.132686596712456e-8	1.0112291523252448e-9	3.9598459510217104e-5
372.0	2.2425899365647784e-8	1.6982488940399497e-9	3.849935502353771e-6	1.1325313063061616e-8	1.0115672530565182e-9	3.9598459369415414e-5
373.0	2.2444342260098618e-8	1.69911852460841e-9	3.849935658869896e-6	1.1324065216516646e-8	1.011081405070315e-9	3.9598459503380945e-5
374.0	2.2419176502586622e-8	1.6989230586600203e-9	3.849935831331993e-6	1.1325464195455329e-8	1.0113178049924154e-9	3.9598459182117625e-5
375.0	2.240984133778128e-8	1.697747329764034e-9	3.8499358897228844e-6	1.1325831647276122e-8	1.0109820583320236e-9	3.959845926621558e-5
376.0	2.2432832989839942e-8	1.6985952456625091e-9	3.849936257591276e-6	1.1328663085524229e-8	1.0109024433420068e-9	3.959845893848759e-5
377.0	2.2435460597597603e-8	1.6988807505209011e-9	3.8499352314865685e-6	1.1329436261870218e-8	1.0110423449611712e-9	3.959845888844279e-5
378.0	2.2403288461113247e-8	1.6984939340273498e-9	3.849935673743825e-6	1.1332831139580677e-8	1.0107613687291605e-9	3.959845899531129e-5
379.0	2.2413266239375824e-8	1.6996451147932421e-9	3.84993586734132e-6	1.133316683099631e-8	1.0112371485480594e-9	3.959845900841704e-5
380.0	2.245963344146927e-8	1.7009607453031085e-9	3.849935621382692e-6	1.1334872178398141e-8	1.0107992914729268e-9	3.959845928812823e-5
381.0	2.2451852650711456e-8	1.700176429171261e-9	3.849935748655626e-6	1.1334088967805925e-8	1.0111097400325333e-9	3.95984592093783e-5
382.0	2.2407527993879e-8	1.6992537589154104e-9	3.84993625700217e-6	1.1331674116081864e-8	1.010678999756819e-9	3.9598459455888045e-5
383.0	2.2393775080453e-8	1.699652003030547e-9	3.849936033828983e-6	1.1330032844895962e-8	1.0107091406852596e-9	3.9598459244269155e-5
384.0	2.2462148343223402e-8	1.700431053543625e-9	3.8499355309844235e-6	1.132530953935187e-8	1.0107929201331552e-9	3.959845943350282e-5
385.0	2.24700678128062e-8	1.6993447817017614e-9	3.849935757236308e-6	1.1324692337085498e-8	1.010755270013681e-9	3.9598459362009615e-5
386.0	2.24202878752232e-8	1.7004789323427996e-9	3.8499354978356654e-6	1.1321083768892061e-8	1.0112517848597732e-9	3.959845935625329e-5
387.0	2.2396939925210947e-8	1.701055469768071e-9	3.8499350352107176e-6	1.1322719988848537e-8	1.0110050387129087e-9	3.959845947622038e-5
388.0	2.242213663497323e-8	1.7002763496106253e-9	3.849935253855677e-6	1.1322805369850798e-8	1.0113946826241748e-9	3.959845904152597e-5
389.0	2.2470345991931938e-8	1.7008810512368482e-9	3.84993628328397e-6	1.1325307902200758e-8	1.0111792981085692e-9	3.9598459265739604e-5
390.0	2.2452053789083362e-8	1.7009143523440766e-9	3.849936249035771e-6	1.1327607657549228e-8	1.0113129388493828e-9	3.959845851370134e-5
391.0	2.241497152908138e-8	1.7001147343213266e-9	3.849935560504307e-6	1.1330617013579261e-8	1.0113759614749014e-9	3.9598458906302853e-5
392.0	2.2415052659312462e-8	1.6996989089489131e-9	3.849935534076777e-6	1.1332692255723737e-8	1.0114104241724888e-9	3.959845818530103e-5
393.0	2.241385299772952e-8	1.7011289205476418e-9	3.849935301888745e-6	1.13339276627206e-8	1.011552410307951e-9	3.959845839720025e-5
394.0	2.244886724156853e-8	1.700569295390982e-9	3.849935089448817e-6	1.1335424344717589e-8	1.0114140478270778e-9	3.959845807864348e-5
395.0	2.2434796594121985e-8	1.7009973252535346e-9	3.849935672880018e-6	1.1332745559729681e-8	1.0116002110081853e-9	3.9598458059802846e-5
396.0	2.2436529907614282e-8	1.7025064045322707e-9	3.849936272947265e-6	1.1332983881174686e-8	1.0115371519983256e-9	3.959845825086873e-5
397.0	2.2418797948485904e-8	1.7012186301251474e-9	3.849936250922175e-6	1.1326691096320653e-8	1.0118782347741403e-9	3.959845800969987e-5
398.0	2.242339219506349e-8	1.7009145319092575e-9	3.849935685520659e-6	1.1327529019997245e-8	1.0118746947473193e-9	3.959845846598303e-5
399.0	2.2452278999475095e-8	1.701467687954131e-9	3.849935248730817e-6	1.1320623609319955e-8	1.0119216669760921e-9	3.95984581764814e-5
400.0	2.243202601316327e-8	1.7021549758848253e-9	3.8499355834095195e-6	1.1323405779727535e-8	1.0117242669433957e-9	3.9598458453375424e-5
401.0	2.244013644770434e-8	1.7012146539809498e-9	3.849935731003493e-6	1.1319718715447415e-8	1.0111918735236272e-9	3.9598458209678157e-5
402.0	2.2419615491495835e-8	1.7015141906206544e-9	3.849935614950277e-6	1.1322636794048922e-8	1.0111733820027373e-9	3.959845835004956e-5
403.0	2.2444771204716915e-8	1.7024723927730561e-9	3.849935683526841e-6	1.1323655863180398e-8	1.0108288400520891e-9	3.959845829878648e-5
404.0	2.2427027871548425e-8	1.70106735659143e-9	3.849936043874983e-6	1.1327257741794383e-8	1.011224027254073e-9	3.959845838070658e-5
405.0	2.241945694150442e-8	1.701543900456813e-9	3.849935215339777e-6	1.1330460877520203e-8	1.011409394092361e-9	3.9598458431739865e-5
406.0	2.2443703209437407e-8	1.7009637862617452e-9	3.849935313147173e-6	1.1333110478161254e-8	1.0117359915519904e-9	3.959845852085021e-5
407.0	2.2449322517577896e-8	1.7013762613704338e-9	3.849935721351437e-6	1.1335199744857911e-8	1.0115034883735302e-9	3.959845863808429e-5
408.0	2.2414642536678038e-8	1.701340956991749e-9	3.8499358957942734e-6	1.1335005216273707e-8	1.0113351347669235e-9	3.959845865882878e-5
409.0	2.2405317786172697e-8	1.7032291065119573e-9	3.849935534899638e-6	1.1334926321529716e-8	1.0107413849870518e-9	3.959845896865299e-5
410.0	2.243310633812889e-8	1.702695693560558e-9	3.849935224555341e-6	1.1330545362077637e-8	1.0105130234682915e-9	3.959845892627909e-5
411.0	2.2469883416642025e-8	1.703607044902119e-9	3.849935748669083e-6	1.133161041380536e-8	1.010578319334917e-9	3.959845917985517e-5
412.0	2.2427212074131815e-8	1.7039439093520591e-9	3.849935687458219e-6	1.1324224963189758e-8	1.0107775351300752e-9	3.9598459206284735e-5
413.0	2.2398060864183084e-8	1.7031263998685906e-9	3.849935265888092e-6	1.1326488110291144e-8	1.0111970139699573e-9	3.959845929937074e-5
414.0	2.242820645407378e-8	1.7036255317058292e-9	3.849935766562397e-6	1.132135852717633e-8	1.011341101953044e-9	3.959845946574384e-5
415.0	2.2481559356195123e-8	1.7022951471953956e-9	3.849935949573074e-6	1.1323004196402204e-8	1.0113549068413903e-9	3.959845937227555e-5
416.0	2.243540581448578e-8	1.7040571407052398e-9	3.849935017132498e-6	1.1321836662756154e-8	1.0111702393536954e-9	3.959845947227678e-5
417.0	2.2416118324272745e-8	1.7031815150604408e-9	3.84993550035164e-6	1.132371640736649e-8	1.0109501676098267e-9	3.95984594646456e-5
418.0	2.2416741582902906e-8	1.704013567773034e-9	3.849936602326137e-6	1.1325800617957659e-8	1.0108288519143798e-9	3.9598459530502425e-5
419.0	2.247498760512022e-8	1.7040071870549596e-9	3.849935873443761e-6	1.1328097855924485e-8	1.0110636785322498e-9	3.959845969417735e-5
420.0	2.244656727915947e-8	1.7038841209131121e-9	3.84993553579566e-6	1.1330530023622741e-8	1.0110724829608295e-9	3.9598459616461036e-5
421.0	2.2412875948686662e-8	1.7034552642298805e-9	3.849935880389842e-6	1.1331851319724763e-8	1.0113728635176775e-9	3.959845993098299e-5
422.0	2.2435058537011127e-8	1.703597319962772e-9	3.849935433707855e-6	1.1332577919276024e-8	1.0113035676742183e-9	3.959845968270147e-5
423.0	2.2437883637125317e-8	1.7042215389054853e-9	3.849934782586149e-6	1.1330970301525387e-8	1.0112050583639319e-9	3.959845993369853e-5
424.0	2.2448269865696855e-8	1.703096313653901e-9	3.84993643971636e-6	1.1331559199344243e-8	1.011405301615738e-9	3.959845980235429e-5
425.0	2.242859488776168e-8	1.7054394588443207e-9	3.849936570119962e-6	1.1327013574026099e-8	1.010942563264635e-9	3.9598459855658465e-5
426.0	2.244572268661634e-8	1.7042163545700943e-9	3.849935633353136e-6	1.132797673572843e-8	1.0113615183949973e-9	3.95984598992238e-5
427.0	2.2447084534705006e-8	1.7060047422693945e-9	3.849935610067682e-6	1.1324330434044619e-8	1.0108177352038741e-9	3.959845955593015e-5
428.0	2.240754262870177e-8	1.7052097026540864e-9	3.849935270307734e-6	1.1324108183495848e-8	1.0110095354122165e-9	3.9598459719060436e-5
429.0	2.244190877347933e-8	1.7050959939238944e-9	3.849934836743773e-6	1.1323529383078396e-8	1.010767642509303e-9	3.9598459457301336e-5
430.0	2.2465766986140204e-8	1.7038128695147987e-9	3.849934994424871e-6	1.1323071842455562e-8	1.0108660994939109e-9	3.959845958213889e-5
431.0	2.2439694338349755e-8	1.7042942551031812e-9	3.849936349192397e-6	1.1325623318050595e-8	1.0111265292146518e-9	3.959845972293585e-5
432.0	2.2425473980368585e-8	1.7053080302715012e-9	3.8499361720364086e-6	1.1325538193724225e-8	1.0109337263375507e-9	3.959845970415881e-5
433.0	2.241475536097356e-8	1.7051927071044992e-9	3.849936042335317e-6	1.1328421899126528e-8	1.0114305619837784e-9	3.95984598735417e-5
434.0	2.2459834219187524e-8	1.7070112632943236e-9	3.8499356598820985e-6	1.1328877070029783e-8	1.010796925678035e-9	3.959845962541574e-5
435.0	2.245124391896167e-8	1.7073012373043413e-9	3.849935280524692e-6	1.1330828254823343e-8	1.01104413480876e-9	3.959845951891804e-5
436.0	2.2401702800907e-8	1.7069613522174523e-9	3.849934936779016e-6	1.1329667183591732e-8	1.010729469815657e-9	3.959845940575201e-5
437.0	2.243321732384506e-8	1.7059483209069155e-9	3.849935217426237e-6	1.1331097012779947e-8	1.0108821772188222e-9	3.959845906351296e-5
438.0	2.2447856449222138e-8	1.7048941797714985e-9	3.849935895483754e-6	1.1327845226884398e-8	1.0113326606020195e-9	3.959845942783051e-5
439.0	2.2431975057874195e-8	1.7044165635630302e-9	3.849935981016086e-6	1.1328697271292999e-8	1.0112981127040977e-9	3.959845887580861e-5
440.0	2.2431365567856253e-8	1.7043576111325986e-9	3.849935994181862e-6	1.1325410010786341e-8	1.011800087438023e-9	3.959845928483768e-5
441.0	2.2434536445878444e-8	1.7056719141530892e-9	3.849935446591581e-6	1.1324871862723072e-8	1.0115086897291713e-9	3.959845873890266e-5
442.0	2.245583942587229e-8	1.70712794760097e-9	3.849935273563116e-6	1.1323752533507227e-8	1.0116998678399127e-9	3.9598458928072515e-5
443.0	2.24352213017628e-8	1.707432480611058e-9	3.8499350312202666e-6	1.1321540067954334e-8	1.0114929768461082e-9	3.959845856147096e-5
444.0	2.2407930163925355e-8	1.7083653440898135e-9	3.849935040068581e-6	1.1323698442740959e-8	1.0115407202069392e-9	3.959845856655744e-5
445.0	2.245874625175128e-8	1.7078650001823463e-9	3.849935540682357e-6	1.1321977865752456e-8	1.011717985474048e-9	3.959845857149177e-5
446.0	2.2462454672259632e-8	1.7071860331657996e-9	3.849935729907987e-6	1.1326262650996604e-8	1.011537900479412e-9	3.9598458510313196e-5
447.0	2.243556057890237e-8	1.7053481651398085e-9	3.849935427370029e-6	1.1325797267759079e-8	1.0119214319294159e-9	3.959845871609158e-5
448.0	2.2422002925479985e-8	1.7065310927312838e-9	3.849935484491312e-6	1.1330027623100092e-8	1.011491802982226e-9	3.9598458647085334e-5
449.0	2.2455685902667608e-8	1.70597901460657e-9	3.8499357473624915e-6	1.1328820063122373e-8	1.0116082571953243e-9	3.9598458901907295e-5
450.0	2.248224971360615e-8	1.7069254710823732e-9	3.849935251110625e-6	1.133199234417176e-8	1.0112771106905819e-9	3.95984588175999e-5
451.0	2.2423634776354376e-8	1.7084257379454162e-9	3.849935193852839e-6	1.1329464744997922e-8	1.0109742508229655e-9	3.9598458934170204e-5
452.0	2.2419158808855824e-8	1.7082445691485077e-9	3.849935745586588e-6	1.1331493751787393e-8	1.0109071722636407e-9	3.9598458853447835e-5
453.0	2.244437109627054e-8	1.7087327494140854e-9	3.849935653631782e-6	1.1328783110116964e-8	1.0104120988871305e-9	3.9598458875145404e-5
454.0	2.2484447824282014e-8	1.7075050890200529e-9	3.849935496930329e-6	1.1328483018112996e-8	1.0105633602386105e-9	3.959845880823272e-5
455.0	2.2441389348498654e-8	1.7078031763477723e-9	3.8499361759587395e-6	1.1326653889588845e-8	1.0102415538521064e-9	3.9598458871272966e-5
456.0	2.2414084164878604e-8	1.707287706450542e-9	3.849935849287045e-6	1.1324902591387851e-8	1.010363539841146e-9	3.95984587730987e-5
457.0	2.245042634807409e-8	1.7088676409604834e-9	3.849935321475455e-6	1.1324677570348365e-8	1.0103745319842824e-9	3.959845888373882e-5
458.0	2.2443290041377213e-8	1.7085487486312325e-9	3.849935256281969e-6	1.1323401124465937e-8	1.0105345532570754e-9	3.959845883399739e-5
459.0	2.2458162945779668e-8	1.7096250304941668e-9	3.849935893983536e-6	1.1325608392453207e-8	1.0106935228093758e-9	3.959845899114497e-5
460.0	2.244043980262315e-8	1.7095896599266459e-9	3.849936055116653e-6	1.1325178531660668e-8	1.010627108338519e-9	3.959845886147914e-5
461.0	2.2464996403683143e-8	1.707632125174436e-9	3.849936018633046e-6	1.1329128900383113e-8	1.0108806218592853e-9	3.959845893843523e-5
462.0	2.2445914068713854e-8	1.7069869169624483e-9	3.849935744356322e-6	1.1327512187201899e-8	1.010572586814059e-9	3.959845889588492e-5
463.0	2.2439738320416477e-8	1.708137316540361e-9	3.8499352431696525e-6	1.1331674421463147e-8	1.0108403741396543e-9	3.959845908603966e-5
464.0	2.2449986098969617e-8	1.706866753099149e-9	3.849935086905915e-6	1.132980587755824e-8	1.0109114350227637e-9	3.9598459211411216e-5
465.0	2.250602908627575e-8	1.7072978386771928e-9	3.849934987319633e-6	1.1332501721968472e-8	1.0111729753484722e-9	3.9598459344376964e-5
466.0	2.2447134957427988e-8	1.7081122711532523e-9	3.84993602980311e-6	1.1330428306608006e-8	1.0114920640548518e-9	3.959845938495488e-5
467.0	2.2435974508246167e-8	1.7076898088121152e-9	3.849936031089539e-6	1.133004827486724e-8	1.011671204306391e-9	3.959845936220035e-5
468.0	2.2423629178918803e-8	1.706890535030272e-9	3.849935782768895e-6	1.1327745348676309e-8	1.0121007816761227e-9	3.959845931311527e-5
469.0	2.2507602245125562e-8	1.7079116308229074e-9	3.849935105862295e-6	1.1325350661497856e-8	1.012065752999768e-9	3.959845923647118e-5
470.0	2.2478346530188e-8	1.70757659298406e-9	3.849935015350559e-6	1.1322572281881195e-8	1.0123636643734619e-9	3.9598459211237025e-5
471.0	2.2430513691743788e-8	1.7075331081956105e-9	3.849934970303886e-6	1.132055445372111e-8	1.012197181654615e-9	3.959845929887601e-5
472.0	2.2452987841448835e-8	1.7089353931418816e-9	3.849935131199657e-6	1.1320367994977442e-8	1.0120914456326822e-9	3.959845920885627e-5
473.0	2.245467214912095e-8	1.708788310487935e-9	3.849935360798339e-6	1.1319721934805673e-8	1.011930560004453e-9	3.959845910087974e-5
474.0	2.2485586084224636e-8	1.7099692473720691e-9	3.849935911182098e-6	1.1322336832787388e-8	1.0114322431711397e-9	3.959845907227365e-5
475.0	2.2432189355631623e-8	1.710012694487737e-9	3.849935879914915e-6	1.1322761831595141e-8	1.0115462407951188e-9	3.959845872508414e-5
476.0	2.247142372405733e-8	1.7084445378415852e-9	3.849935276213146e-6	1.1326741242029806e-8	1.0112336156499544e-9	3.959845896011811e-5
477.0	2.2462122782977095e-8	1.7082548241814728e-9	3.8499354601093e-6	1.1328956648441994e-8	1.0116259117189156e-9	3.959845862220483e-5
478.0	2.2444995064357876e-8	1.7076705575639626e-9	3.849935702527231e-6	1.1331734646187994e-8	1.0114011520539879e-9	3.959845876566355e-5
479.0	2.2440996784955382e-8	1.7091661600811473e-9	3.849935335732011e-6	1.1334190519772198e-8	1.0115681115993805e-9	3.959845876271292e-5
480.0	2.2479158525989983e-8	1.7086422178023223e-9	3.8499353606595055e-6	1.1333544888476886e-8	1.011413286585464e-9	3.959845882206588e-5
481.0	2.248997136383115e-8	1.7094574949496126e-9	3.849936001431656e-6	1.1334178737913788e-8	1.0109552569763819e-9	3.959845897734217e-5
482.0	2.2457956732980385e-8	1.7107458015140065e-9	3.849935624262259e-6	1.133148318279833e-8	1.0110186453433699e-9	3.959845918161538e-5
483.0	2.2418256568367414e-8	1.7096482381774519e-9	3.849935830578128e-6	1.132960528206598e-8	1.0104177018549163e-9	3.959845923463618e-5
484.0	2.2476144686116548e-8	1.7093980318076537e-9	3.8499352847194535e-6	1.132643554121853e-8	1.010847272267353e-9	3.959845955940441e-5
485.0	2.2512715769022212e-8	1.7092999859698921e-9	3.8499359939684236e-6	1.1324432598330242e-8	1.010562849729594e-9	3.959845932981307e-5
486.0	2.2473752474821127e-8	1.709076443390304e-9	3.849935646506724e-6	1.1321478417940058e-8	1.011198162545729e-9	3.9598459654427106e-5
487.0	2.2440385611499933e-8	1.7088737402290486e-9	3.84993520377496e-6	1.1321596501391732e-8	1.011235924886186e-9	3.95984594567504e-5
488.0	2.245218109223825e-8	1.7086379118126797e-9	3.849935059138465e-6	1.1320112526608034e-8	1.0112345357834284e-9	3.959845942064079e-5
489.0	2.2491066322476882e-8	1.7105898172664996e-9	3.8499357433501905e-6	1.1321545702049943e-8	1.0117435743868374e-9	3.9598459475811324e-5
490.0	2.2487416727703672e-8	1.709846889395334e-9	3.8499352959734255e-6	1.1323392674642655e-8	1.0109789943254656e-9	3.9598459006712646e-5
491.0	2.2439116745105417e-8	1.7102396047260563e-9	3.849935263935155e-6	1.1324337306425657e-8	1.011577259180365e-9	3.95984593128788e-5
492.0	2.246726629144273e-8	1.7106117595275853e-9	3.84993611178527e-6	1.1329593599462504e-8	1.0108661805916922e-9	3.959845872424733e-5
493.0	2.2473153881043843e-8	1.710293414199979e-9	3.849935624400926e-6	1.1328502802926354e-8	1.0112134869199178e-9	3.959845895806786e-5
494.0	2.2470074313950766e-8	1.7096829398891672e-9	3.849934955747156e-6	1.133452699760021e-8	1.0110150970387453e-9	3.959845858297855e-5
495.0	2.2460181372573605e-8	1.710518198492505e-9	3.849934974745091e-6	1.1332599393184087e-8	1.010975532467927e-9	3.959845850147532e-5
496.0	2.2468215629496224e-8	1.7098649404166623e-9	3.849935938373355e-6	1.133489752383978e-8	1.011422865262246e-9	3.959845833334152e-5
497.0	2.2479072044549412e-8	1.7096771219390654e-9	3.849935153746541e-6	1.133148384602576e-8	1.011001410519945e-9	3.9598458203319934e-5
498.0	2.2454908453775358e-8	1.7108632350704866e-9	3.84993534577282e-6	1.133213116343476e-8	1.0115118115079266e-9	3.959845813497323e-5
499.0	2.2466189652220433e-8	1.710454484448845e-9	3.849935897321475e-6	1.1326538311778949e-8	1.0110714175583384e-9	3.959845818632319e-5
500.0	2.2478546251014137e-8	1.7110263260709877e-9	3.849935491678288e-6	1.1327711519048108e-8	1.0112190401770175e-9	3.959845797768869e-5
501.0	2.2487479416062586e-8	1.7120860951232976e-9	3.849935502263411e-6	1.1322208379103749e-8	1.0111848471092376e-9	3.959845836517262e-5
502.0	2.2451333854425352e-8	1.7110407602414604e-9	3.849935218886062e-6	1.1323251734794597e-8	1.0110662332056492e-9	3.9598458123916016e-5
503.0	2.2459705633374795e-8	1.7111281213407282e-9	3.84993516001814e-6	1.1321487043246014e-8	1.0117148236358554e-9	3.959845862632786e-5
504.0	2.248271703875557e-8	1.7099651521154052e-9	3.849935059873049e-6	1.1321114070606808e-8	1.0114628256759737e-9	3.959845854865147e-5
505.0	2.2502196028154222e-8	1.7093015046040792e-9	3.849935779186516e-6	1.1324954149921193e-8	1.012094339068916e-9	3.9598458722384536e-5
506.0	2.2472271830475886e-8	1.7106189911120011e-9	3.849935786678739e-6	1.1322766217725016e-8	1.0119451746608813e-9	3.959845896133538e-5
507.0	2.2450454522538276e-8	1.7102234285651037e-9	3.849935201461648e-6	1.132865201236694e-8	1.0118478262278062e-9	3.959845871634084e-5
508.0	2.2476577954980286e-8	1.71084284764469e-9	3.849935540440718e-6	1.1326918344995312e-8	1.0119302816630982e-9	3.95984591709946e-5
509.0	2.248260506367633e-8	1.711748859469935e-9	3.849934700911517e-6	1.1331322785258663e-8	1.0115943989338024e-9	3.959845872002339e-5
510.0	2.2491368114455166e-8	1.7109654172731613e-9	3.849934717020232e-6	1.1329054073404589e-8	1.0118537986850253e-9	3.9598459182108186e-5
511.0	2.2447224185323484e-8	1.7128987298864968e-9	3.849935394373052e-6	1.1332121809257613e-8	1.011800232000354e-9	3.9598458842183245e-5
512.0	2.245996133238067e-8	1.7111967989670837e-9	3.849936479487788e-6	1.1327679860986001e-8	1.0119453327482634e-9	3.9598459118361326e-5
513.0	2.2480513579837838e-8	1.7109341089427181e-9	3.849935757611003e-6	1.1330424424416887e-8	1.0119796377361435e-9	3.959845902326855e-5
514.0	2.2492392610986216e-8	1.7112806314144847e-9	3.849934894557301e-6	1.1323987378477371e-8	1.0116257680010808e-9	3.959845901827489e-5
515.0	2.2464825688187595e-8	1.7107574875287429e-9	3.849935041071137e-6	1.1327351079968717e-8	1.0115576382736195e-9	3.959845915420235e-5
516.0	2.2450514635767807e-8	1.7123267317062339e-9	3.8499350072479535e-6	1.1323160899011172e-8	1.0111591770706266e-9	3.959845910388811e-5
517.0	2.246653378657217e-8	1.7117074747236101e-9	3.849934964651745e-6	1.132460561149441e-8	1.0110048869536193e-9	3.9598459306859415e-5
518.0	2.2467528904837346e-8	1.713146549255627e-9	3.849936268190461e-6	1.1324971105288367e-8	1.0110682139751562e-9	3.9598459445776755e-5
519.0	2.2479772358651157e-8	1.7124711557230291e-9	3.84993663616468e-6	1.1324262470839678e-8	1.0109921304637336e-9	3.959845947029091e-5
520.0	2.2461380235008167e-8	1.7125120719534203e-9	3.8499353476123385e-6	1.1327734537750262e-8	1.01127938198137e-9	3.9598459716046774e-5
521.0	2.2467431068777325e-8	1.7133353373314154e-9	3.8499345902746e-6	1.1326725168999801e-8	1.0112476544431573e-9	3.959845950644937e-5
522.0	2.2467402236506866e-8	1.7121138450479277e-9	3.849934911312525e-6	1.1330372186331682e-8	1.0114768670409121e-9	3.959845976019762e-5
523.0	2.2431973585232093e-8	1.712976839458918e-9	3.8499355412275e-6	1.1328949209855718e-8	1.0113359475756977e-9	3.959845948396756e-5
524.0	2.248144939548976e-8	1.7132710235164747e-9	3.8499354688793656e-6	1.1330927855884667e-8	1.0113390338492558e-9	3.9598459610231346e-5
525.0	2.250681170604063e-8	1.712689481282471e-9	3.8499359866732574e-6	1.132773181527849e-8	1.011579602541928e-9	3.959845953210184e-5
526.0	2.248038659267815e-8	1.7140485429154529e-9	3.849935391907935e-6	1.1328666572754948e-8	1.0112345068576133e-9	3.959845956198358e-5
527.0	2.244285579491263e-8	1.712630218407088e-9	3.849934739890402e-6	1.1323587741727136e-8	1.0118792319138063e-9	3.9598459611302436e-5
528.0	2.2422680969203747e-8	1.7130263404509448e-9	3.84993490997234e-6	1.1325793498535886e-8	1.0113394884104469e-9	3.9598459572468645e-5
529.0	2.2507530444208514e-8	1.7129522217549717e-9	3.8499355249123645e-6	1.1321535600880833e-8	1.0118245692384144e-9	3.9598459694263716e-5
530.0	2.252890193677106e-8	1.713283692902487e-9	3.849935919427937e-6	1.1324148098257392e-8	1.0115091043689633e-9	3.959845957614874e-5
531.0	2.245411190804463e-8	1.7143759128564127e-9	3.849935681157506e-6	1.1323232776320873e-8	1.0115690637812326e-9	3.959845968163132e-5
532.0	2.2413251347311117e-8	1.7134629920836864e-9	3.849935097888102e-6	1.1324318957904987e-8	1.0117865219646872e-9	3.959845951834733e-5
533.0	2.2457637602802116e-8	1.7137644246814803e-9	3.849934572396561e-6	1.1326521568146207e-8	1.0115208157200542e-9	3.9598459774607746e-5
534.0	2.250193952174014e-8	1.7151068087314775e-9	3.849935192504595e-6	1.132678732969007e-8	1.0119199444552257e-9	3.959845945389985e-5
535.0	2.24901653052859e-8	1.7143478845973998e-9	3.849935546514365e-6	1.1329780488373575e-8	1.0111365211898024e-9	3.95984598755394e-5
536.0	2.244219039301866e-8	1.7139802759860727e-9	3.849935570138474e-6	1.1330269077776173e-8	1.0114837181539255e-9	3.959845939481651e-5
537.0	2.246418361280668e-8	1.7149238423866262e-9	3.84993595883414e-6	1.1330881242577257e-8	1.0107261830312778e-9	3.959845981047563e-5
538.0	2.24584995274845e-8	1.7146908213666086e-9	3.849935402764394e-6	1.1330670297884686e-8	1.010889918634164e-9	3.9598459178640365e-5
539.0	2.2454821409420377e-8	1.7152267368012324e-9	3.849934776731277e-6	1.132915408095128e-8	1.0108432169495896e-9	3.959845950316785e-5
540.0	2.2480084699908404e-8	1.7158625079420463e-9	3.8499349335677736e-6	1.1327151603909429e-8	1.0110255644359306e-9	3.959845897626858e-5
541.0	2.2488138642484615e-8	1.7153170748659065e-9	3.849935060202017e-6	1.1325969727164746e-8	1.0114034958837513e-9	3.9598459117984844e-5
542.0	2.2498335747097934e-8	1.7141598342175558e-9	3.849935274697604e-6	1.1323486394472185e-8	1.0111131651819024e-9	3.959845878348325e-5
543.0	2.24196538963834e-8	1.7148167511996103e-9	3.849935216819805e-6	1.1323313547009657e-8	1.0115955282962404e-9	3.959845867677883e-5
544.0	2.2457973206765163e-8	1.7145833638747997e-9	3.849935595896511e-6	1.1322593159762945e-8	1.0110599635795913e-9	3.959845863908002e-5
545.0	2.2508112544572025e-8	1.7160961115742276e-9	3.849936075845934e-6	1.1321988240942386e-8	1.011591326383474e-9	3.9598458561896716e-5
546.0	2.2511410821102093e-8	1.7172169462489434e-9	3.849935924069425e-6	1.1323573740304121e-8	1.011425914235227e-9	3.959845875909677e-5
547.0	2.2469052193569042e-8	1.7174123366921637e-9	3.849935096148919e-6	1.1323150852884924e-8	1.0118711548545103e-9	3.959845886344788e-5
548.0	2.2432384568271445e-8	1.7165165471181955e-9	3.8499345786245556e-6	1.1326729327358515e-8	1.011906765284938e-9	3.959845908668812e-5
549.0	2.2477279874733637e-8	1.717720079137807e-9	3.84993492173658e-6	1.1326884050729083e-8	1.011682841669745e-9	3.9598459088920324e-5
550.0	2.249392483551169e-8	1.7172461648854463e-9	3.849935120543906e-6	1.1329275751173448e-8	1.0118847180414815e-9	3.9598459181530265e-5
551.0	2.249499408361087e-8	1.714518648305034e-9	3.849936315642756e-6	1.1329387107461273e-8	1.0113612492117044e-9	3.95984591307989e-5
552.0	2.2475615343023093e-8	1.716134550453114e-9	3.84993661289002e-6	1.1328483011642449e-8	1.011838812132704e-9	3.959845918022248e-5
553.0	2.2477687915395164e-8	1.717308652155185e-9	3.8499363477207115e-6	1.1329424684973596e-8	1.0115752533607669e-9	3.959845920205235e-5
554.0	2.246558596952658e-8	1.7164895254540682e-9	3.8499344467552705e-6	1.1327055830490126e-8	1.0118902602242381e-9	3.9598459113819156e-5
555.0	2.2470455081391255e-8	1.7168535303958516e-9	3.849934267194554e-6	1.1327793252061344e-8	1.0116715961494227e-9	3.959845913431801e-5
556.0	2.248853298056407e-8	1.7180800612750923e-9	3.8499344203466475e-6	1.1325590505472336e-8	1.0114882448551418e-9	3.959845908940435e-5
557.0	2.2505398797286705e-8	1.71714326244909e-9	3.8499358830381716e-6	1.1325421064640971e-8	1.0111790090693202e-9	3.959845903192169e-5
558.0	2.2482797649529076e-8	1.7171582977653862e-9	3.849935987819808e-6	1.1323578343372344e-8	1.0109629860653e-9	3.959845919417298e-5
559.0	2.2482525291453133e-8	1.7173040458683973e-9	3.849935813678518e-6	1.1324475131740275e-8	1.011005782419297e-9	3.9598459049553506e-5
560.0	2.2474116049378438e-8	1.7176376520475644e-9	3.849935861872154e-6	1.1323168631609662e-8	1.0109317954751972e-9	3.959845920789001e-5
561.0	2.248953988214544e-8	1.7177921471781999e-9	3.84993467746899e-6	1.1325857168614573e-8	1.0111646992658345e-9	3.959845903094839e-5
562.0	2.2478750047520006e-8	1.717520073391432e-9	3.849934297591009e-6	1.132453711795574e-8	1.011084754096901e-9	3.959845918808288e-5
563.0	2.2495151093484468e-8	1.7176413227799526e-9	3.849934987678814e-6	1.1327247073945662e-8	1.011170427381907e-9	3.95984592468741e-5
564.0	2.2493636747313634e-8	1.7174654511905897e-9	3.849935527482058e-6	1.1326216611892392e-8	1.011280370261969e-9	3.959845950949428e-5
565.0	2.2494605976933093e-8	1.7159025390163764e-9	3.849935247331106e-6	1.1327120925278926e-8	1.011012252047551e-9	3.959845956849946e-5
566.0	2.2444466893415908e-8	1.718304508652931e-9	3.849935487750065e-6	1.1328230823059173e-8	1.0114695775315944e-9	3.959845984481231e-5
567.0	2.2484417951139307e-8	1.716966268256377e-9	3.849936048087771e-6	1.1327514698269457e-8	1.0112614248655552e-9	3.959845972739669e-5
568.0	2.2495031554776104e-8	1.7174626395849606e-9	3.849935254580528e-6	1.1329861597484428e-8	1.0116541576924854e-9	3.959845998361094e-5
569.0	2.253663466732368e-8	1.7194743621403867e-9	3.849935089601587e-6	1.1328053185468244e-8	1.0115820224743628e-9	3.95984596097791e-5
570.0	2.2465401657137956e-8	1.7175902712691695e-9	3.849935297601534e-6	1.1329544125038697e-8	1.0116470965220205e-9	3.959845966745836e-5
571.0	2.2458317226053258e-8	1.7185045780484031e-9	3.849934581875753e-6	1.1327983722402192e-8	1.011801475061452e-9	3.959845929377466e-5
572.0	2.248191538492492e-8	1.7172199779213569e-9	3.84993510898679e-6	1.1328942350670002e-8	1.0116316746864087e-9	3.959845921787432e-5
573.0	2.2503837525130558e-8	1.7182451186444502e-9	3.8499359747132666e-6	1.1327506274780458e-8	1.0119036680243207e-9	3.959845897646888e-5
574.0	2.2539521453829644e-8	1.7180773815586017e-9	3.849935736099954e-6	1.1328044071820656e-8	1.0119015118456894e-9	3.959845908340311e-5
575.0	2.2476742572772752e-8	1.718295073136958e-9	3.849935445864363e-6	1.132638007445306e-8	1.0119446657686052e-9	3.959845904859232e-5
576.0	2.2482827719757275e-8	1.7204293847428956e-9	3.8499356695597675e-6	1.1326385567346363e-8	1.0119659294501677e-9	3.959845923969133e-5
577.0	2.246105474269701e-8	1.7199088628781309e-9	3.8499351573863314e-6	1.1325146596202304e-8	1.0116777192009985e-9	3.959845918937024e-5
578.0	2.2489913581647807e-8	1.7201058100764252e-9	3.849934716947965e-6	1.132428361171176e-8	1.0118134696760972e-9	3.9598459348824795e-5
579.0	2.2515270761515283e-8	1.7194103396089336e-9	3.849935436924002e-6	1.1325223288937426e-8	1.0115729170594486e-9	3.959845952905616e-5
580.0	2.2527417065499954e-8	1.718562180311926e-9	3.8499352395049805e-6	1.1323590586975399e-8	1.0118939894120449e-9	3.959845957852918e-5
581.0	2.2475146248749603e-8	1.7179771121782228e-9	3.849935880910557e-6	1.1326426496815302e-8	1.0117770047495177e-9	3.959845981258123e-5
582.0	2.2462959140106768e-8	1.7184514708769036e-9	3.849935679524293e-6	1.1324681960400694e-8	1.0120380048199574e-9	3.9598459780685166e-5
583.0	2.245948227603673e-8	1.7189959783914973e-9	3.8499358761752286e-6	1.1328175470725387e-8	1.0118394861451939e-9	3.959845990216267e-5
584.0	2.2532323664125513e-8	1.7211167021592255e-9	3.849935294495624e-6	1.1326978084183948e-8	1.0117552963715555e-9	3.959845966606067e-5
585.0	2.2509921135998563e-8	1.7203717149090598e-9	3.849935332146576e-6	1.13299190196861e-8	1.0117807636709052e-9	3.959845959692129e-5
586.0	2.247656417248945e-8	1.7208718091420994e-9	3.849934916084204e-6	1.1329008622959794e-8	1.0115773927262112e-9	3.959845928103383e-5
587.0	2.2464225009605622e-8	1.7202174700154294e-9	3.8499349449350014e-6	1.133024151441861e-8	1.0119404158774345e-9	3.959845911907468e-5
588.0	2.246253655076692e-8	1.7191877827671822e-9	3.849935377434501e-6	1.1329620731561848e-8	1.0116458362252022e-9	3.959845881825426e-5
589.0	2.2506067659405367e-8	1.7191682607066648e-9	3.849935832459293e-6	1.1329250032673545e-8	1.0117928847056238e-9	3.959845874855528e-5
590.0	2.2515132649469854e-8	1.7195519071748353e-9	3.849935388428466e-6	1.1329231902559235e-8	1.0115706221389767e-9	3.959845851602795e-5
591.0	2.2506955994847317e-8	1.7189090087625787e-9	3.84993562659543e-6	1.132704856635205e-8	1.011473971326899e-9	3.959845858589783e-5
592.0	2.248325093368808e-8	1.719435449098325e-9	3.849935075194025e-6	1.1327566708535867e-8	1.0114472262825772e-9	3.959845848751065e-5
593.0	2.2458052152403196e-8	1.719806226853683e-9	3.849934909639346e-6	1.1324474680742317e-8	1.0114756204853993e-9	3.959845869363533e-5
594.0	2.2483191024758136e-8	1.7205552020932474e-9	3.849935101938279e-6	1.1326626946690188e-8	1.0118155419776798e-9	3.959845863474653e-5
595.0	2.2540168168607976e-8	1.7203357304293368e-9	3.849935066727095e-6	1.132311842474492e-8	1.0116952025751194e-9	3.959845880424543e-5
596.0	2.2511133680652937e-8	1.7202066601566755e-9	3.849935145670145e-6	1.1327381626503693e-8	1.0120007195580987e-9	3.9598458674010797e-5
597.0	2.2480999724872758e-8	1.72049542937429e-9	3.849935475924881e-6	1.1324502180372649e-8	1.0116385225629267e-9	3.95984586997737e-5
598.0	2.2458630213673753e-8	1.7193595285875865e-9	3.849935806288406e-6	1.1328534559068693e-8	1.0116907508531722e-9	3.9598458579390637e-5
599.0	2.2512705258847594e-8	1.721093723545076e-9	3.8499352293162465e-6	1.1326554290498257e-8	1.0116962369595305e-9	3.959845848433075e-5
600.0	2.2505837481705987e-8	1.719515545993675e-9	3.849935474435182e-6	1.1329383512887019e-8	1.0117116516185932e-9	3.959845850652559e-5
601.0	2.250819111636682e-8	1.7204464263383963e-9	3.849935340231531e-6	1.1328884707472629e-8	1.0121750919204364e-9	3.9598458480935904e-5
602.0	2.2483683988858595e-8	1.72178555305046e-9	3.849935432133127e-6	1.1329798072641047e-8	1.0121482523319881e-9	3.959845862890798e-5
603.0	2.251321882645323e-8	1.7212842336703051e-9	3.849934822884796e-6	1.1330664243865523e-8	1.0124224423604106e-9	3.959845841257135e-5
604.0	2.2472813157927412e-8	1.7227309145542652e-9	3.849935260891649e-6	1.1329087214727289e-8	1.0122406622170017e-9	3.959845874011713e-5
605.0	2.2494022720662553e-8	1.722147213071675e-9	3.8499356089584345e-6	1.1329799989655194e-8	1.012181327133685e-9	3.959845850167951e-5
606.0	2.2495502499804584e-8	1.7221057536499643e-9	3.849935331501167e-6	1.1326540088833427e-8	1.0119603920429907e-9	3.9598458981681915e-5
607.0	2.2535502235615897e-8	1.7211486524438087e-9	3.849935265117404e-6	1.1328654988075196e-8	1.0118067993216394e-9	3.9598458888031174e-5
608.0	2.2491153702985603e-8	1.7204528267088466e-9	3.849935385391439e-6	1.1324720312776811e-8	1.0116949212982278e-9	3.9598459412629896e-5
609.0	2.2475715629014264e-8	1.720411422817793e-9	3.849935323200662e-6	1.1328314920268721e-8	1.0116533276434421e-9	3.959845929685509e-5
610.0	2.249081786189317e-8	1.7212596515972469e-9	3.84993467596539e-6	1.1324805018290563e-8	1.0116032033985188e-9	3.9598459543861544e-5
611.0	2.252373189533634e-8	1.7210937902491656e-9	3.849935016603533e-6	1.132850460475383e-8	1.0115716682499835e-9	3.95984594274983e-5
612.0	2.2509590608959682e-8	1.7221052385042927e-9	3.8499355141404474e-6	1.1324837374856206e-8	1.011552004280723e-9	3.9598459487329915e-5
613.0	2.2473198808231657e-8	1.7232256820548842e-9	3.849935513887631e-6	1.1328140453918495e-8	1.011460355957666e-9	3.959845951653596e-5
614.0	2.250388109498502e-8	1.7237439953232824e-9	3.849934691031411e-6	1.1325830739455229e-8	1.0111509057404989e-9	3.9598459501420227e-5
615.0	2.2506393416162715e-8	1.722690122397824e-9	3.849935700085641e-6	1.1328085945339343e-8	1.0111637755846854e-9	3.9598459618432346e-5
616.0	2.2492533755639186e-8	1.721978657923999e-9	3.849935355680469e-6	1.1328250303863909e-8	1.0109905791070913e-9	3.959845954027879e-5
617.0	2.2479417002918994e-8	1.7215552960008226e-9	3.849935325416746e-6	1.1328925343464094e-8	1.010963375141437e-9	3.959845973626972e-5
618.0	2.249849547648505e-8	1.722899741320061e-9	3.84993561200594e-6	1.1329381149885067e-8	1.0111950501696773e-9	3.9598459776824926e-5
619.0	2.2525635671586727e-8	1.7225501836124268e-9	3.849935782589532e-6	1.1328777824313964e-8	1.011288283703869e-9	3.959845979911055e-5
620.0	2.248268876688123e-8	1.7233990950179677e-9	3.8499345197977786e-6	1.1329607053061418e-8	1.0115177550068204e-9	3.959845990291478e-5
621.0	2.247075131433618e-8	1.7241975726298463e-9	3.849934937939622e-6	1.1328285897706373e-8	1.0115590687878023e-9	3.959845990667878e-5
622.0	2.2487345626358913e-8	1.7238120234276065e-9	3.849935329663252e-6	1.1330051679213472e-8	1.0118368385530678e-9	3.9598459857261234e-5
623.0	2.250633054545543e-8	1.723007235873063e-9	3.849935132975863e-6	1.1327411503502468e-8	1.0119379481131705e-9	3.959845987102865e-5
624.0	2.2528312472145332e-8	1.7227103335868691e-9	3.8499352718362815e-6	1.1329050786731464e-8	1.0119181803959409e-9	3.9598459783289935e-5
625.0	2.248057901317436e-8	1.7228445050537648e-9	3.849935522179644e-6	1.1325367948139174e-8	1.0121392712741086e-9	3.959845982773679e-5
626.0	2.2488850987388615e-8	1.721870485410237e-9	3.849934884368047e-6	1.132718347083849e-8	1.0119174486449344e-9	3.959845986360238e-5
627.0	2.248246680517973e-8	1.7225605164372166e-9	3.849934413742868e-6	1.1325064245672155e-8	1.0122829333182732e-9	3.959845987837054e-5
628.0	2.2505036663683938e-8	1.7234309058166772e-9	3.849935192851745e-6	1.1326313716462938e-8	1.0121477632879042e-9	3.9598459912432e-5
629.0	2.2519984774333887e-8	1.7242644473159734e-9	3.849934979262586e-6	1.1327095405681125e-8	1.012483965040768e-9	3.9598459961584346e-5
630.0	2.2520467589508262e-8	1.7248318461459164e-9	3.849935066347889e-6	1.1327105789458084e-8	1.0124547955650677e-9	3.9598459705079724e-5
631.0	2.2478095955829702e-8	1.7240099360567513e-9	3.8499353268002714e-6	1.1328540906312947e-8	1.012417962617556e-9	3.959845979173192e-5
632.0	2.2478346119990362e-8	1.7239016006326773e-9	3.849935579740442e-6	1.1328955705067145e-8	1.01229433708946e-9	3.959845941087893e-5
633.0	2.2506150764094103e-8	1.7250577547154543e-9	3.849935130497155e-6	1.1330204842479955e-8	1.0118932714025912e-9	3.959845962112705e-5
634.0	2.2519423216647566e-8	1.724740361442782e-9	3.849935584061656e-6	1.1331078929511858e-8	1.0118432955296698e-9	3.959845939486209e-5
635.0	2.250652823480355e-8	1.7246141149745565e-9	3.8499354471653244e-6	1.1330546928409472e-8	1.0113239775476625e-9	3.959845965450843e-5
636.0	2.2481384678519737e-8	1.725358568443361e-9	3.849934808202433e-6	1.1329725121455427e-8	1.0115724730549787e-9	3.959845945084747e-5
637.0	2.2469838176378855e-8	1.7264492694353833e-9	3.8499349117988125e-6	1.1328218125317018e-8	1.0114525220254246e-9	3.959845978319635e-5
638.0	2.2513834305415122e-8	1.7245365431905496e-9	3.849935604322353e-6	1.1325906792756527e-8	1.0115801915281861e-9	3.959845945936161e-5
639.0	2.24917918180056e-8	1.726289709757406e-9	3.849935366361925e-6	1.132492944081475e-8	1.0116659847400555e-9	3.959845959597036e-5
640.0	2.253402228708144e-8	1.7257165499045657e-9	3.849935421738901e-6	1.1324209417323837e-8	1.0115580237101458e-9	3.9598459286869735e-5
641.0	2.2502718576024963e-8	1.7247171993289902e-9	3.849935804854107e-6	1.132263094547713e-8	1.0115083290897274e-9	3.959845918996277e-5
642.0	2.2490591989463607e-8	1.725142926388386e-9	3.84993502216007e-6	1.132526977417669e-8	1.0112703422297133e-9	3.9598459161218313e-5
643.0	2.2484199687530114e-8	1.7245187339963131e-9	3.849934142872293e-6	1.1323782568097589e-8	1.011435889436977e-9	3.9598458728707766e-5
644.0	2.2508137678559983e-8	1.7250318345150414e-9	3.849934855238587e-6	1.132866827469044e-8	1.0113264600695963e-9	3.9598459051051284e-5
645.0	2.253761112202403e-8	1.7261333818587274e-9	3.849935647318051e-6	1.1329514385484481e-8	1.0117361228940427e-9	3.9598458484255894e-5
646.0	2.2508425628676365e-8	1.7260762713517891e-9	3.8499355257210006e-6	1.1333856659403231e-8	1.011832091913724e-9	3.959845883919374e-5
647.0	2.2485674956862428e-8	1.7269504925932946e-9	3.8499353086235305e-6	1.1335269621968844e-8	1.0121116478297831e-9	3.959845829606408e-5
648.0	2.248849538946299e-8	1.7272375181765356e-9	3.849935404213616e-6	1.133631867013961e-8	1.0121476815002784e-9	3.959845859363186e-5
649.0	2.252438914173842e-8	1.7265127607063963e-9	3.849934769007383e-6	1.1335164369350895e-8	1.0123277243400224e-9	3.9598458233737484e-5
650.0	2.253472129099227e-8	1.7244543617463852e-9	3.849934169386696e-6	1.1333042693875505e-8	1.0120676066289657e-9	3.959845840621972e-5
651.0	2.2500304742953834e-8	1.725017864689444e-9	3.849934835613136e-6	1.1329564227033296e-8	1.0120421098421463e-9	3.9598458458395524e-5
652.0	2.2518470964537154e-8	1.7260508334748615e-9	3.849935901204452e-6	1.1325541964634094e-8	1.011982605086748e-9	3.959845849130525e-5
653.0	2.248708415196151e-8	1.7262342616257026e-9	3.849935383703613e-6	1.1323017101728487e-8	1.0118909599254721e-9	3.95984588377764e-5
654.0	2.252229245573849e-8	1.7277155806121489e-9	3.849935194297598e-6	1.1317718343921653e-8	1.0121524954265929e-9	3.9598458649209076e-5
655.0	2.2519647946341548e-8	1.7285073589323926e-9	3.849935108938861e-6	1.1319928600549101e-8	1.0121619564552782e-9	3.959845904180024e-5
656.0	2.252457619152517e-8	1.728818776804713e-9	3.84993496245557e-6	1.1315956282735013e-8	1.0124437892283977e-9	3.959845861094814e-5
657.0	2.2523299619424198e-8	1.728086657743809e-9	3.84993449163983e-6	1.1322400392465294e-8	1.0122597377525923e-9	3.9598459037427376e-5
658.0	2.2497673096506913e-8	1.7268295319608224e-9	3.849935227421048e-6	1.1323244432675204e-8	1.0123995752947092e-9	3.9598458629735524e-5
659.0	2.2512402476884756e-8	1.7264840172715073e-9	3.849935813068099e-6	1.133057556000921e-8	1.0118663094798838e-9	3.9598458982596216e-5
660.0	2.2541413188126834e-8	1.7268100419673194e-9	3.849936218070272e-6	1.1333659860426061e-8	1.0118537652872729e-9	3.9598458868059804e-5
661.0	2.252302335732876e-8	1.727915802904472e-9	3.849934965933248e-6	1.1338667575629274e-8	1.0114050803672088e-9	3.959845902931573e-5
662.0	2.2509784045368966e-8	1.7268529895996466e-9	3.8499346853252044e-6	1.1339200827926528e-8	1.0113941924104144e-9	3.959845931890965e-5
663.0	2.250043185103417e-8	1.7306981139417084e-9	3.849934643111265e-6	1.1340318087813417e-8	1.011381508525823e-9	3.9598459331298064e-5
664.0	2.2518290720661514e-8	1.7290884240417214e-9	3.849935211411816e-6	1.1337272411844216e-8	1.0112743447300062e-9	3.959845979933828e-5
665.0	2.254404203542028e-8	1.728513429569661e-9	3.849935334377299e-6	1.1333511719788866e-8	1.011699757366681e-9	3.9598459592079206e-5
666.0	2.2513106267826407e-8	1.7294022061612162e-9	3.849936047498483e-6	1.1329586151924369e-8	1.011241305630593e-9	3.9598459856370406e-5
667.0	2.2533267238037083e-8	1.7278316980589824e-9	3.8499352259156566e-6	1.132219469078233e-8	1.0117369501754546e-9	3.9598459646236196e-5
668.0	2.250888383024381e-8	1.7272343161144149e-9	3.8499344392445565e-6	1.1320938426368224e-8	1.0113384852612854e-9	3.959845975663439e-5
669.0	2.253872027172694e-8	1.7295123485910687e-9	3.849934272294288e-6	1.1314450187606804e-8	1.0117227168119603e-9	3.959845964092005e-5
670.0	2.2522969745764592e-8	1.7295109855885242e-9	3.849934917764868e-6	1.1318186804086336e-8	1.0116876849696063e-9	3.959845986385267e-5
671.0	2.2521361544660525e-8	1.729485178406277e-9	3.849935630524444e-6	1.1318155023143343e-8	1.0116435071798528e-9	3.9598459774994494e-5
672.0	2.2534906017381112e-8	1.7311981768397889e-9	3.84993548867108e-6	1.1324242669923853e-8	1.0117897422066378e-9	3.959845990210062e-5
673.0	2.2527369998126577e-8	1.7288357537130617e-9	3.849934614139573e-6	1.1328035201039677e-8	1.0113365550072269e-9	3.959845959313918e-5
674.0	2.2521287877493148e-8	1.7295246839043959e-9	3.849934120650104e-6	1.1333885748736758e-8	1.0117416762660462e-9	3.9598459578503355e-5
675.0	2.251347536008047e-8	1.7288795952487426e-9	3.849935305733657e-6	1.1336355724265155e-8	1.0114972949306392e-9	3.959845945707329e-5
676.0	2.2521611618790255e-8	1.7299641401313132e-9	3.849935366734493e-6	1.1339574060892844e-8	1.0121327974214571e-9	3.959845930390111e-5
677.0	2.252548883752201e-8	1.7295797316613033e-9	3.8499353926380325e-6	1.1338592439783863e-8	1.012286375776336e-9	3.959845956523439e-5
678.0	2.2519498072412156e-8	1.7305045081583703e-9	3.84993542324166e-6	1.1336277944527351e-8	1.0124470677655948e-9	3.959845914803583e-5
679.0	2.2504856421389656e-8	1.7321932468716844e-9	3.849934673800754e-6	1.1332983990714522e-8	1.0125705005932892e-9	3.959845960371245e-5
680.0	2.2531040818980676e-8	1.7309789679618124e-9	3.84993411072873e-6	1.1325461140374039e-8	1.0123567320190068e-9	3.959845910549471e-5
681.0	2.2507568588279533e-8	1.7309719637243544e-9	3.849934781752174e-6	1.1323226992530846e-8	1.0123419319885974e-9	3.959845943598757e-5
682.0	2.253793722376959e-8	1.7304114309524476e-9	3.8499359955560886e-6	1.1316025505457758e-8	1.0124573565616253e-9	3.959845938608694e-5
683.0	2.2513352249402916e-8	1.7299892477007406e-9	3.849935485681752e-6	1.1317384894580533e-8	1.012455787869101e-9	3.959845933371617e-5
684.0	2.254313003031898e-8	1.730417000379641e-9	3.8499353439631385e-6	1.1315827968061456e-8	1.0125012522262687e-9	3.9598459656849166e-5
685.0	2.253096919383263e-8	1.732852049620227e-9	3.849934854798237e-6	1.1319810218136397e-8	1.0121018050223745e-9	3.959845919519905e-5
686.0	2.251296315279098e-8	1.7308016337568859e-9	3.849935074619694e-6	1.1323680178003704e-8	1.0119163588904494e-9	3.959845974352907e-5
687.0	2.253140394857823e-8	1.7327830938563644e-9	3.849934813279065e-6	1.1329003872531767e-8	1.011656541988507e-9	3.9598459134642905e-5
688.0	2.2511481901486624e-8	1.733308727538897e-9	3.849934771407547e-6	1.1333663075131431e-8	1.0113809584213686e-9	3.959845966257104e-5
689.0	2.253678930231725e-8	1.7306989507674378e-9	3.849934859576324e-6	1.1337138501794972e-8	1.0118719840772693e-9	3.959845906383787e-5
690.0	2.25252071047594e-8	1.7307672164256213e-9	3.849935349507966e-6	1.1338582812992856e-8	1.0115109654154726e-9	3.959845919576525e-5
691.0	2.2522074090701726e-8	1.7300105252874369e-9	3.849935019921866e-6	1.1337553013563148e-8	1.012041650525854e-9	3.959845871697135e-5
692.0	2.2526947491243696e-8	1.7295008251506363e-9	3.8499351126805e-6	1.1336184280959693e-8	1.0114563608504679e-9	3.9598458417085985e-5
693.0	2.250958037814086e-8	1.7301944699343937e-9	3.849935348970664e-6	1.1330301042416258e-8	1.011680728671197e-9	3.959845833953661e-5
694.0	2.2546877118745496e-8	1.7307987074678228e-9	3.849934482735911e-6	1.1329040101701545e-8	1.0113047323229258e-9	3.959845794490653e-5
695.0	2.2543445677006073e-8	1.7320985704486558e-9	3.849934293562916e-6	1.1321957569894037e-8	1.011152800784083e-9	3.959845831599368e-5
696.0	2.2532527827965738e-8	1.7321905677132727e-9	3.849935163592715e-6	1.1322812457377967e-8	1.0115445734589156e-9	3.9598457885011776e-5
697.0	2.250963880853127e-8	1.7319954420912412e-9	3.849935083647542e-6	1.131883099474916e-8	1.0110813600948338e-9	3.959845841587125e-5
698.0	2.2531187890220065e-8	1.7322536384599692e-9	3.849935362647314e-6	1.132142173641653e-8	1.0121598728671755e-9	3.959845799335622e-5
699.0	2.2544765063859924e-8	1.7318675989493508e-9	3.849935331142596e-6	1.132229459781727e-8	1.0115313742586077e-9	3.959845847127684e-5
700.0	2.2545861082029904e-8	1.7325018338638738e-9	3.849935099208717e-6	1.1325231766666256e-8	1.0125808246689787e-9	3.959845806173802e-5
701.0	2.252161150963832e-8	1.7329579178457949e-9	3.849934502060947e-6	1.1328538721547228e-8	1.0123763814499858e-9	3.959845859297371e-5
702.0	2.2506654929773885e-8	1.7322202513374455e-9	3.8499351608471785e-6	1.1330329825247603e-8	1.0127870310663774e-9	3.959845823611524e-5
703.0	2.2549525161663938e-8	1.7344812631697412e-9	3.849935544211927e-6	1.133251432083794e-8	1.0130235927922e-9	3.959845861999297e-5
704.0	2.2531933677416566e-8	1.7341623217306566e-9	3.849935324786678e-6	1.1331314010600056e-8	1.0125739797243378e-9	3.9598458364266264e-5
705.0	2.254016653053177e-8	1.7333068219474849e-9	3.849935931452789e-6	1.1332107305793942e-8	1.0133376343564054e-9	3.959845869432419e-5
706.0	2.2519745116385868e-8	1.734059478065155e-9	3.849935006553418e-6	1.1328626873102223e-8	1.0124968485411135e-9	3.9598458701352234e-5
707.0	2.254242633158446e-8	1.732293355902319e-9	3.849934526527626e-6	1.1329451371011755e-8	1.0131543688129083e-9	3.959845880115151e-5
708.0	2.252093329701717e-8	1.7307577192667988e-9	3.849934022933756e-6	1.1325395528251815e-8	1.012544967397558e-9	3.95984591228264e-5
709.0	2.2534188892437598e-8	1.7321227451771096e-9	3.849935228840446e-6	1.1327201825844528e-8	1.0127349707329502e-9	3.959845888775825e-5
710.0	2.2539230845545982e-8	1.733108749958767e-9	3.849935203836318e-6	1.1323582124493639e-8	1.012590505565305e-9	3.959845926982737e-5
711.0	2.254056666318987e-8	1.7328996091370165e-9	3.849935888985779e-6	1.1326412936184287e-8	1.0122772253887086e-9	3.9598458843667755e-5
712.0	2.254515524030473e-8	1.7340020766318198e-9	3.849935513211098e-6	1.132475563236937e-8	1.0126380198960288e-9	3.9598459193573346e-5
713.0	2.2514937726108677e-8	1.7339681165783437e-9	3.849934562954414e-6	1.1327263368311504e-8	1.0117970586878644e-9	3.9598458918549344e-5
714.0	2.2542348188047676e-8	1.7322538321570924e-9	3.849933732770032e-6	1.1327821120598599e-8	1.0123502666602952e-9	3.959845927468903e-5
715.0	2.2548272678327597e-8	1.7316160713648922e-9	3.8499345437976186e-6	1.1329119354521471e-8	1.011251155922586e-9	3.95984590531051e-5
716.0	2.2544977931638595e-8	1.7317982352686143e-9	3.849935311447211e-6	1.1329889326097038e-8	1.0116535275606983e-9	3.959845940749188e-5
717.0	2.2539969447916864e-8	1.7325003123543424e-9	3.84993585004488e-6	1.1329462891539112e-8	1.0111457401702778e-9	3.95984592839457e-5
718.0	2.2540126017451234e-8	1.7326041817745957e-9	3.849935914334856e-6	1.1329459974475985e-8	1.0111714277257057e-9	3.9598459501344366e-5
719.0	2.2539402126315426e-8	1.7345658792760869e-9	3.849935280779633e-6	1.1329571476626973e-8	1.0114628430370862e-9	3.959845953404126e-5
720.0	2.255616512450845e-8	1.7356359927245968e-9	3.849934213621615e-6	1.1329873085819451e-8	1.0111550789735785e-9	3.9598459531867476e-5
721.0	2.2532505327579578e-8	1.7346937801589866e-9	3.849934795845419e-6	1.1329685836335669e-8	1.0119006863186608e-9	3.959845971566569e-5
722.0	2.254430042440564e-8	1.7352840505205508e-9	3.849935245650863e-6	1.1330565246598437e-8	1.0113566035276437e-9	3.959845950749731e-5
723.0	2.2531651955264164e-8	1.7334639961720912e-9	3.8499358593199836e-6	1.1329009509772283e-8	1.0121056622265788e-9	3.959845976467381e-5
724.0	2.255073983238844e-8	1.7326628267917919e-9	3.849935859374203e-6	1.1329731951433885e-8	1.0117866563938864e-9	3.9598459464910586e-5
725.0	2.2556250797657223e-8	1.732080332583254e-9	3.849935236190101e-6	1.1327540372486401e-8	1.0122367205612068e-9	3.959845975762399e-5
726.0	2.2559192495688378e-8	1.7340941171157226e-9	3.849934537722923e-6	1.1327830551811996e-8	1.0124412998686318e-9	3.959845959683397e-5
727.0	2.2506760200135192e-8	1.7345743753955392e-9	3.8499347528456184e-6	1.1326033381897957e-8	1.0125909238935262e-9	3.959845972552121e-5
728.0	2.2544672364328176e-8	1.7361720181811546e-9	3.849935101274323e-6	1.1324934481558757e-8	1.0131252247361343e-9	3.9598459627312396e-5
729.0	2.254747994611694e-8	1.7362633995333394e-9	3.849935632937848e-6	1.1323459771845317e-8	1.01274739914843e-9	3.9598459798789594e-5
730.0	2.2573996863814764e-8	1.7375274751403173e-9	3.849935651107066e-6	1.1322244818523359e-8	1.0131718307645703e-9	3.959845963746054e-5
731.0	2.2528873402061134e-8	1.7333301867964793e-9	3.849935640216895e-6	1.1321567362341542e-8	1.012734348311013e-9	3.959845984237364e-5
732.0	2.252996661701291e-8	1.7340946572800265e-9	3.849934408742066e-6	1.1323256651632864e-8	1.0127264970416529e-9	3.959845957552968e-5
733.0	2.2555331951062512e-8	1.7333239021462973e-9	3.8499344877333286e-6	1.1324294478136628e-8	1.0125785348873868e-9	3.9598459712443645e-5
734.0	2.2577422377628794e-8	1.7332743733618462e-9	3.849934801906822e-6	1.1328162089321983e-8	1.0124512866028953e-9	3.959845942816536e-5
735.0	2.253996811054559e-8	1.7342125906376968e-9	3.849935301828644e-6	1.1330470984987116e-8	1.0123595959462613e-9	3.959845927398293e-5
736.0	2.2524759006958092e-8	1.734691040153818e-9	3.849935877599866e-6	1.1333515991611914e-8	1.0121515050526058e-9	3.959845925407065e-5
737.0	2.2540986206780663e-8	1.7364852607609562e-9	3.849935345979605e-6	1.1334666939947836e-8	1.0120920946311055e-9	3.959845886208097e-5
738.0	2.2541343208442123e-8	1.7356484877962047e-9	3.8499351599136575e-6	1.1335589881723477e-8	1.0118460633397155e-9	3.959845919396724e-5
739.0	2.2543479854854154e-8	1.7369619271531556e-9	3.8499351212703085e-6	1.1334627048912697e-8	1.0116395610767304e-9	3.95984586261907e-5
740.0	2.253556375433874e-8	1.7355944367985301e-9	3.8499345492771425e-6	1.1333563597726569e-8	1.0113095793916334e-9	3.9598459007905994e-5
741.0	2.2558889584538206e-8	1.7348766660561682e-9	3.849935031304655e-6	1.1329030036589624e-8	1.0111929904876066e-9	3.959845847463644e-5
742.0	2.255863235206946e-8	1.73502567182909e-9	3.849935583558051e-6	1.1326970592823095e-8	1.011054126552139e-9	3.9598458942146686e-5
743.0	2.2532864102315122e-8	1.7337783420600123e-9	3.849935660100015e-6	1.1321658793288767e-8	1.0111322664262762e-9	3.9598458441914506e-5
744.0	2.254835085397809e-8	1.7349653077157743e-9	3.849934869447014e-6	1.1320528575104133e-8	1.0111595845379458e-9	3.9598458879910716e-5
745.0	2.259049383582278e-8	1.7352871488861836e-9	3.849935089247843e-6	1.1319210012725435e-8	1.0116304190059965e-9	3.959845852306572e-5
746.0	2.2559567877793447e-8	1.7356252796865068e-9	3.84993502380372e-6	1.1320553353301726e-8	1.0116122741574008e-9	3.959845887471065e-5
747.0	2.2542168723673304e-8	1.7366219128152732e-9	3.849934754468936e-6	1.1323304668086835e-8	1.0120916145775636e-9	3.959845862421179e-5
748.0	2.2521123744255653e-8	1.7372654879929996e-9	3.849935288437133e-6	1.1326188999553649e-8	1.0121827927327931e-9	3.959845885975318e-5
749.0	2.2583270527849788e-8	1.736788054920608e-9	3.849935807363116e-6	1.1330462458421991e-8	1.0123532711528098e-9	3.959845877948706e-5
750.0	2.2585543047567075e-8	1.7366355095930343e-9	3.849935386934563e-6	1.1332660457779576e-8	1.0125682786665918e-9	3.9598458741958065e-5
751.0	2.2539275009179404e-8	1.7369418871994112e-9	3.8499346147221335e-6	1.1336084816355937e-8	1.0123432880867739e-9	3.9598458760724026e-5
752.0	2.2531491413571367e-8	1.7359372455048984e-9	3.849934786281509e-6	1.1335358421223102e-8	1.0126707201199843e-9	3.959845862827524e-5
753.0	2.2552425084072992e-8	1.7363091273106812e-9	3.8499346729883246e-6	1.1336851545447685e-8	1.0123307315416003e-9	3.95984586088848e-5
754.0	2.2577846753173652e-8	1.7378686502500587e-9	3.849935047506344e-6	1.1331943359233453e-8	1.0127512107099102e-9	3.959845868563537e-5
755.0	2.2552794597293727e-8	1.7373576302896723e-9	3.849935744195338e-6	1.1331506591217235e-8	1.0126394941260955e-9	3.9598458631648375e-5
756.0	2.2554952008489077e-8	1.738323564666055e-9	3.849935504828899e-6	1.1324959089653353e-8	1.0127302786307662e-9	3.959845878493029e-5
757.0	2.2556886905652135e-8	1.7366305983378966e-9	3.8499345920414465e-6	1.1325085511864999e-8	1.01271187187821e-9	3.959845857399006e-5
758.0	2.2568721408616872e-8	1.7387720816497875e-9	3.84993497669948e-6	1.1319919642551917e-8	1.012248562102351e-9	3.95984586783455e-5
759.0	2.254151113769011e-8	1.7372571690679712e-9	3.849934942484883e-6	1.1322704146429687e-8	1.0122637208662486e-9	3.959845851612371e-5
760.0	2.2567690831406163e-8	1.7384661139636073e-9	3.849934616635766e-6	1.132084372396689e-8	1.0115970097513016e-9	3.959845859783495e-5
761.0	2.258325674862322e-8	1.7385788555234794e-9	3.849935152412231e-6	1.1325688318236249e-8	1.0119327908685296e-9	3.959845873773541e-5
762.0	2.2561709836687575e-8	1.738297590832654e-9	3.849935403623526e-6	1.1326494916834584e-8	1.011403057293024e-9	3.959845880999928e-5
763.0	2.253213242031225e-8	1.7401406884958963e-9	3.849934810906793e-6	1.1331329447813251e-8	1.01161404924739e-9	3.9598459161007924e-5
764.0	2.256528487551941e-8	1.738121183943698e-9	3.849935035039644e-6	1.1332714070345432e-8	1.0116791016112398e-9	3.959845905646008e-5
765.0	2.2582453098167206e-8	1.7392389380663033e-9	3.8499355256768735e-6	1.1334620116365853e-8	1.0114637965545666e-9	3.9598459415169125e-5
766.0	2.2567783638509974e-8	1.739103083169716e-9	3.849935224122558e-6	1.1335917749211913e-8	1.0120034649123623e-9	3.9598459174889994e-5
767.0	2.2555156239310745e-8	1.738047556798573e-9	3.8499342645552555e-6	1.1333129599969804e-8	1.011542325068468e-9	3.959845950566495e-5
768.0	2.2532828679403342e-8	1.7378515861474843e-9	3.849935026478312e-6	1.1333008949259116e-8	1.0122370200404932e-9	3.959845932970446e-5
769.0	2.258414530186831e-8	1.740313911634231e-9	3.849935431887789e-6	1.132792528132403e-8	1.0117712029718549e-9	3.959845940413624e-5
770.0	2.256373400604784e-8	1.7387306207307606e-9	3.849935027425196e-6	1.1328335147531303e-8	1.012120861264157e-9	3.959845929646446e-5
771.0	2.2562224158039188e-8	1.7398626023163285e-9	3.8499348575717565e-6	1.1323548769979105e-8	1.0120881205260923e-9	3.959845919882727e-5
772.0	2.25636644086462e-8	1.7399619931003003e-9	3.849935398437104e-6	1.1326685949917023e-8	1.011944381210838e-9	3.959845922537223e-5
773.0	2.2567276737784783e-8	1.7391694501162087e-9	3.849934784893522e-6	1.1324033827112923e-8	1.01245689166728e-9	3.959845913466212e-5
774.0	2.256205725280983e-8	1.7392561179002429e-9	3.849934392888715e-6	1.1329207633356965e-8	1.0119773226630134e-9	3.959845928512793e-5
775.0	2.256996744868358e-8	1.7395697806236723e-9	3.849935637483825e-6	1.1327531686938952e-8	1.0126630389289498e-9	3.959845930496919e-5
776.0	2.2566763073369706e-8	1.740306379178907e-9	3.8499356103269865e-6	1.133341625534419e-8	1.0120333918836816e-9	3.9598459340992e-5
777.0	2.2582096036521312e-8	1.7399547455033887e-9	3.849934795202542e-6	1.1330770082221477e-8	1.0124955611405855e-9	3.959845935521188e-5
778.0	2.2561133060982106e-8	1.7398775927015371e-9	3.8499343926706295e-6	1.1334194746447166e-8	1.0122609063260952e-9	3.959845925599279e-5
779.0	2.256446799485214e-8	1.740948996992917e-9	3.849935203901759e-6	1.1331598196467948e-8	1.0121687460950638e-9	3.959845943493812e-5
780.0	2.258524172311099e-8	1.7398811485649096e-9	3.849935581112566e-6	1.1331188367059125e-8	1.0122964397738676e-9	3.959845928613697e-5
781.0	2.2576613914634617e-8	1.7405136902441557e-9	3.849934973416199e-6	1.1329230438006544e-8	1.0115971890405886e-9	3.95984594707374e-5
782.0	2.256474042476397e-8	1.7407785954158075e-9	3.849935415683252e-6	1.132743914606034e-8	1.0120705403126754e-9	3.9598459197502345e-5
783.0	2.256826312178047e-8	1.7403838573003852e-9	3.849935316882281e-6	1.1327060652562582e-8	1.0114518426228687e-9	3.9598459346237075e-5
784.0	2.257716736342598e-8	1.7413820251496581e-9	3.849934769869042e-6	1.1325610125665393e-8	1.012063535052756e-9	3.959845911117829e-5
785.0	2.2570199526565192e-8	1.740235166887092e-9	3.8499345048939365e-6	1.1327430542734934e-8	1.0118755662586041e-9	3.9598459286310185e-5
786.0	2.2563097462207184e-8	1.7406204997039263e-9	3.849935517483522e-6	1.1327346876847905e-8	1.011849120491165e-9	3.959845896788865e-5
787.0	2.2561291181421758e-8	1.740748920278991e-9	3.849935311533655e-6	1.1330855460712325e-8	1.011987891769606e-9	3.9598459158159596e-5
788.0	2.2590651751908015e-8	1.7385693476952942e-9	3.849934414963129e-6	1.1330326854241756e-8	1.0114815234520446e-9	3.959845876564595e-5
789.0	2.257848997288935e-8	1.7400708593263432e-9	3.849934677536341e-6	1.1335121135779093e-8	1.0118458528020943e-9	3.959845897941072e-5
790.0	2.255531814605858e-8	1.7409270696590486e-9	3.849935259580334e-6	1.1332245367918919e-8	1.0116062888833748e-9	3.9598458797982816e-5
791.0	2.255494760970938e-8	1.7392953973188727e-9	3.8499350243029085e-6	1.1334904776204971e-8	1.0120762626934001e-9	3.959845884287003e-5
792.0	2.2592011054765502e-8	1.7420402796072025e-9	3.849934785400208e-6	1.1330697079775777e-8	1.0121757636023129e-9	3.959845886461502e-5
793.0	2.2582923313228396e-8	1.7408381558804096e-9	3.849934637845134e-6	1.1330805160127183e-8	1.0120785612734953e-9	3.959845852045526e-5
794.0	2.2572828854305497e-8	1.7415864626344287e-9	3.8499342727603e-6	1.1327579576922954e-8	1.0122550872338514e-9	3.959845867762616e-5
795.0	2.2563282150368504e-8	1.742672279804403e-9	3.849934579732667e-6	1.132684216309351e-8	1.0117771662400991e-9	3.959845818097177e-5
796.0	2.2566343488271876e-8	1.7415642095229342e-9	3.849934900773022e-6	1.132491829771107e-8	1.0119381540165692e-9	3.9598458318851827e-5
797.0	2.258692426449423e-8	1.742509095503773e-9	3.849935704021794e-6	1.1325084678877117e-8	1.0118488254719636e-9	3.9598457924540534e-5
798.0	2.2562520935868844e-8	1.741719180775791e-9	3.849935352297789e-6	1.1324804930223113e-8	1.0120451275481608e-9	3.9598457970230636e-5
799.0	2.2567215124821732e-8	1.7431677565867118e-9	3.849934391909695e-6	1.132686076626208e-8	1.0123791746189453e-9	3.959845782771963e-5
800.0	2.2587293319240153e-8	1.743414837862612e-9	3.849934679119243e-6	1.132976147004752e-8	1.0123637285298059e-9	3.959845789696815e-5
