turn	ele_ex	ele_ey	ele_ez	pro_ex	pro_ey	pro_ez
0.0	2.042863688674095e-8	1.6115897272034455e-9	3.849993070495706e-6	1.1281234336020398e-8	1.0034661128962659e-9	3.9598392805126434e-5
1.0	2.0933512117065192e-8	1.6252518833256191e-9	3.8499941305026125e-6	1.1284056340765193e-8	1.0052413579936103e-9	3.9598392794037275e-5
2.0	2.1055166910636925e-8	1.6229703408072732e-9	3.849995250478021e-6	1.1305799752250688e-8	1.0059618235578686e-9	3.959839349728109e-5
3.0	2.0862591641063315e-8	1.6302151128178465e-9	3.8499935113074665e-6	1.1324382844960187e-8	1.0073636921938158e-9	3.959839299286609e-5
4.0	2.0767554593390686e-8	1.6411150591918707e-9	3.849993633441787e-6	1.1341249318721736e-8	1.008339169188359e-9	3.959839326694543e-5
5.0	2.1421429863955704e-8	1.63351648549063e-9	3.849993560434125e-6	1.1349524831591147e-8	1.0080961244872544e-9	3.959839285179427e-5
6.0	2.1977834300929008e-8	1.6397280365024548e-9	3.849992501938714e-6	1.136401783127647e-8	1.0096851606248065e-9	3.9598392975341e-5
7.0	2.1577833570095535e-8	1.6344924399902084e-9	3.849994043047471e-6	1.1362989964819238e-8	1.009499610376919e-9	3.959839282569653e-5
8.0	2.1361432161806216e-8	1.6364896697050902e-9	3.849994461949321e-6	1.1357074350722875e-8	1.010795712793698e-9	3.9598392579388874e-5
9.0	2.1801025801292754e-8	1.6453832563471675e-9	3.849993520094879e-6	1.1348436633316721e-8	1.0113062490963353e-9	3.959839296513115e-5
10.0	2.251571967130485e-8	1.640859531081608e-9	3.8499932065996135e-6	1.1327491455951225e-8	1.012530307339009e-9	3.959839270305826e-5
11.0	2.2342200440985304e-8	1.6454874604516484e-9	3.849993585984685e-6	1.130751919235491e-8	1.0134247362253977e-9	3.959839331600052e-5
12.0	2.185180003388966e-8	1.6462509516105151e-9	3.849993324637328e-6	1.1293921322601358e-8	1.0137029977993077e-9	3.959839269627431e-5
13.0	2.1962277779375625e-8	1.645097080953617e-9	3.849993588209114e-6	1.1288731472519144e-8	1.0140537402416595e-9	3.959839301563958e-5
14.0	2.2366005152768945e-8	1.649521458561927e-9	3.849993907479143e-6	1.1282712885143482e-8	1.0137972826998836e-9	3.959839268416244e-5
15.0	2.242167416787317e-8	1.6480903189924343e-9	3.849993189652123e-6	1.1292156106136396e-8	1.01376484340333e-9	3.959839256385614e-5
16.0	2.2174374789034008e-8	1.646146691651087e-9	3.8499932187268645e-6	1.1301546557457297e-8	1.013315579200668e-9	3.9598392536204803e-5
17.0	2.210321902827945e-8	1.6465657594604497e-9	3.849993556705705e-6	1.131862060542377e-8	1.0129567791163928e-9	3.959839227656777e-5
18.0	2.2173763809415544e-8	1.646514226639371e-9	3.849993807199639e-6	1.1331510805145277e-8	1.0121803123067719e-9	3.95983925768377e-5
19.0	2.218317114506079e-8	1.6478862908224773e-9	3.849994225873573e-6	1.1346979618748522e-8	1.0112737916109292e-9	3.959839216498395e-5
20.0	2.2205358197923897e-8	1.6494433632783646e-9	3.849993735218696e-6	1.1353079238619434e-8	1.0102043550703295e-9	3.959839225776573e-5
21.0	2.2247023675996648e-8	1.6486624645274858e-9	3.849993048922474e-6	1.1353118646896813e-8	1.0096511403137453e-9	3.9598392086121534e-5
22.0	2.2233477133277883e-8	1.650503231906195e-9	3.849993290510303e-6	1.1350684991183303e-8	1.0085908156899742e-9	3.959839175698628e-5
23.0	2.213340916999379e-8	1.649958348858207e-9	3.849993879456658e-6	1.133880135315512e-8	1.0083252692903737e-9	3.95983919114246e-5
24.0	2.2142764880310697e-8	1.6494802408695438e-9	3.8499935556791154e-6	1.13293753121846e-8	1.007696182547629e-9	3.959839132987848e-5
25.0	2.2245959265529916e-8	1.6496624381760862e-9	3.849994053526316e-6	1.1316179715507514e-8	1.0075136855423579e-9	3.9598391701535176e-5
26.0	2.229287347288281e-8	1.6494274727162033e-9	3.8499938134763085e-6	1.1311432360337697e-8	1.0077029243677948e-9	3.959839128381204e-5
27.0	2.223246370644332e-8	1.6499237594311851e-9	3.849992907438341e-6	1.1304513610823362e-8	1.0075252110269008e-9	3.9598391785334016e-5
28.0	2.219140688179583e-8	1.6498068168106449e-9	3.849992795458483e-6	1.1309151909893917e-8	1.0084430538710355e-9	3.959839163450501e-5
29.0	2.2189067631877208e-8	1.6514128685131122e-9	3.849993943085899e-6	1.1311597230641162e-8	1.0082513005603329e-9	3.959839183885532e-5
30.0	2.2268991468275848e-8	1.6510617926726034e-9	3.8499934785380335e-6	1.1322673366463997e-8	1.009356842445449e-9	3.959839187389086e-5
31.0	2.221957172047902e-8	1.6505325243262644e-9	3.8499932079372166e-6	1.1330231630502484e-8	1.0092222898882812e-9	3.9598391956899e-5
32.0	2.2265957176568473e-8	1.6502713808871314e-9	3.849993478455347e-6	1.1338930443808235e-8	1.0098795657337905e-9	3.9598392059180466e-5
33.0	2.222487786295377e-8	1.6496919723594092e-9	3.849993040832495e-6	1.1343449317088425e-8	1.0101381162698767e-9	3.9598392145728666e-5
34.0	2.2218865452324374e-8	1.6503038801252596e-9	3.849992612506898e-6	1.1343068837997809e-8	1.0100811990905336e-9	3.95983922947043e-5
35.0	2.222818008279391e-8	1.6501545377626715e-9	3.849993671972202e-6	1.1342766086429312e-8	1.0109506839882621e-9	3.959839222388677e-5
36.0	2.2228502484431335e-8	1.6531571170505817e-9	3.84999378255137e-6	1.1333575466679333e-8	1.0104813994235435e-9	3.959839224027434e-5
37.0	2.226461459245289e-8	1.6519688070027775e-9	3.84999313238066e-6	1.1328933267709837e-8	1.0115952409149945e-9	3.9598392054836196e-5
38.0	2.2218988078267805e-8	1.6521588079105567e-9	3.849993253976806e-6	1.13172648377933e-8	1.011196093879184e-9	3.9598392117725086e-5
39.0	2.224691011580693e-8	1.6520808658279674e-9	3.849993294869031e-6	1.1314584186817556e-8	1.0117982585537256e-9	3.959839182144278e-5
40.0	2.222735140674123e-8	1.6508354729821128e-9	3.849993056698409e-6	1.1308203583211866e-8	1.0116039556479978e-9	3.9598391923590616e-5
41.0	2.223911112512253e-8	1.651580325034625e-9	3.849993558011461e-6	1.1312656296571136e-8	1.0111849322295819e-9	3.9598391624215515e-5
42.0	2.2220883768541455e-8	1.6513499905495106e-9	3.849993511998415e-6	1.1313510948481685e-8	1.0110537918483033e-9	3.959839175331159e-5
43.0	2.2259058105012183e-8	1.6532157839667997e-9	3.8499930929604705e-6	1.1321844235412332e-8	1.010072783981533e-9	3.959839161498163e-5
44.0	2.2249643632871757e-8	1.6550142242867759e-9	3.84999332850198e-6	1.132668689550573e-8	1.0102438488943466e-9	3.959839175486319e-5
45.0	2.2241696067442756e-8	1.6541881390170806e-9	3.849993427707252e-6	1.1332874419449408e-8	1.00936950324825e-9	3.959839176114095e-5
46.0	2.22189454369387e-8	1.6544609596993902e-9	3.849993538295492e-6	1.1338080673218234e-8	1.0095610605747798e-9	3.9598391689245995e-5
47.0	2.2228718901591236e-8	1.6537164993707324e-9	3.849993378411152e-6	1.1338285946368812e-8	1.009215595982041e-9	3.9598391848917906e-5
48.0	2.2254961828412037e-8	1.6523223553464646e-9	3.849992918461494e-6	1.1341009846111657e-8	1.0092973029310365e-9	3.959839156177749e-5
49.0	2.2255331405630135e-8	1.6525609787165275e-9	3.849993018750937e-6	1.1334059391847579e-8	1.0094101154276126e-9	3.9598391818552005e-5
50.0	2.2251679350477286e-8	1.6532705050658484e-9	3.849993216925912e-6	1.1334053096332499e-8	1.0093398393160834e-9	3.959839157407225e-5
51.0	2.2237423823955057e-8	1.6540874961553733e-9	3.849993136238242e-6	1.1324009178984084e-8	1.0097739679769927e-9	3.959839200086717e-5
52.0	2.2232171591186922e-8	1.6552192407040983e-9	3.84999348083998e-6	1.132429224194971e-8	1.0099366907143152e-9	3.9598392184660096e-5
53.0	2.2246403601426125e-8	1.654442349185282e-9	3.849993733868957e-6	1.1317258486363692e-8	1.009920820281566e-9	3.959839234680621e-5
54.0	2.2265026227703172e-8	1.6558901950837608e-9	3.8499922500548895e-6	1.1321363550633e-8	1.0102896726650126e-9	3.9598392641877375e-5
55.0	2.2269019413252077e-8	1.6542729921341045e-9	3.8499925914413265e-6	1.1319236960239319e-8	1.0102602806046175e-9	3.9598392504158627e-5
56.0	2.2246526422440168e-8	1.6553157129161456e-9	3.849993575113019e-6	1.1325265963408366e-8	1.0107969828546769e-9	3.959839298625789e-5
57.0	2.223630855861184e-8	1.6550087115426895e-9	3.849993696206563e-6	1.1325345239139271e-8	1.011092779783243e-9	3.959839268022857e-5
58.0	2.2249384197232283e-8	1.6553772486387857e-9	3.849992998840399e-6	1.1329087772134148e-8	1.0115131126539845e-9	3.9598393101135806e-5
59.0	2.227477728533736e-8	1.657066655650322e-9	3.84999343110669e-6	1.1330541533789754e-8	1.0120320812229704e-9	3.959839286935766e-5
60.0	2.2252717521206216e-8	1.6571399768957217e-9	3.849993133411214e-6	1.1330341017040583e-8	1.0118993221099908e-9	3.959839304048633e-5
61.0	2.2245464809307702e-8	1.6556201386696993e-9	3.849992588116385e-6	1.1333190098644252e-8	1.0122831935181326e-9	3.959839297492494e-5
62.0	2.2257307690651525e-8	1.657055426170249e-9	3.849993331695865e-6	1.1326993062726006e-8	1.0116285986716157e-9	3.9598392900480254e-5
63.0	2.2269056348464925e-8	1.6566913012391565e-9	3.849993820070426e-6	1.1330950081997605e-8	1.0118582989473942e-9	3.959839309902369e-5
64.0	2.224578958457549e-8	1.6546124794997592e-9	3.8499933358772335e-6	1.1323354535040413e-8	1.0114874389482865e-9	3.959839293349096e-5
65.0	2.2265609837681664e-8	1.6563949514647402e-9	3.8499931786991546e-6	1.1327941683048492e-8	1.0111297525294252e-9	3.9598393189177874e-5
66.0	2.2263564588650665e-8	1.658196530343141e-9	3.849993108074204e-6	1.13239569097118e-8	1.011386708171633e-9	3.9598393090842736e-5
67.0	2.2276574684325933e-8	1.65740039306853e-9	3.8499932784578645e-6	1.1329570765507918e-8	1.0104651678726851e-9	3.959839323734884e-5
68.0	2.2251446448365504e-8	1.6583250952865537e-9	3.849993031374396e-6	1.132761773676489e-8	1.0111839465463113e-9	3.959839324896988e-5
69.0	2.223879906320647e-8	1.6578894811008673e-9	3.849993086890957e-6	1.1333677884954058e-8	1.0101045095080365e-9	3.959839312238519e-5
70.0	2.2288698751465742e-8	1.6586635138175821e-9	3.849992700131696e-6	1.1330831754644746e-8	1.0106543645098553e-9	3.9598393143072475e-5
71.0	2.2279471207201102e-8	1.657354895659373e-9	3.849992994903582e-6	1.1334960818834505e-8	1.0099395593452791e-9	3.959839274510005e-5
72.0	2.2241937092867417e-8	1.6586632722570508e-9	3.84999350114791e-6	1.1331122452031345e-8	1.0097339629440696e-9	3.959839264434303e-5
73.0	2.2249322533577592e-8	1.658238527143013e-9	3.849993049021441e-6	1.1331495209450912e-8	1.0098818378524952e-9	3.959839236888602e-5
74.0	2.226698864093352e-8	1.658638657893975e-9	3.849992920993358e-6	1.1330131805241235e-8	1.0091018033983523e-9	3.959839214682055e-5
75.0	2.230300468113135e-8	1.6610946347344756e-9	3.849992692955386e-6	1.1326034223035927e-8	1.0101022003207353e-9	3.9598392297939795e-5
76.0	2.2244727186474347e-8	1.6586613179839251e-9	3.84999253310739e-6	1.1328510157604854e-8	1.0090873901665524e-9	3.959839194641362e-5
77.0	2.223102098177768e-8	1.659468913116043e-9	3.849992940590877e-6	1.1323423325300255e-8	1.0102295719321672e-9	3.959839233942083e-5
78.0	2.2278379402735253e-8	1.6615023906645863e-9	3.849993079045457e-6	1.1328703054898953e-8	1.0097167151521792e-9	3.9598391925387004e-5
79.0	2.2291153869129757e-8	1.6583727025597544e-9	3.8499934686337424e-6	1.1326226225142118e-8	1.0102583332699777e-9	3.959839206518674e-5
80.0	2.2259683735753534e-8	1.66026334625537e-9	3.849992983920023e-6	1.1332083350829463e-8	1.0108950327005688e-9	3.9598391736172474e-5
81.0	2.2241780198728532e-8	1.6611542024016183e-9	3.849992588032421e-6	1.1331047326457786e-8	1.0105011899833074e-9	3.9598391641049434e-5
82.0	2.2239257876198142e-8	1.6599462435530681e-9	3.84999263897709e-6	1.1335127086154513e-8	1.0117716467344268e-9	3.9598391423930956e-5
83.0	2.2286290323400414e-8	1.6602843215657218e-9	3.84999329203738e-6	1.1331920825209101e-8	1.0109978008666994e-9	3.9598391223437e-5
84.0	2.2267036018403434e-8	1.6610835119015746e-9	3.849992774075961e-6	1.1335196051270049e-8	1.0120732575241972e-9	3.9598391097055494e-5
85.0	2.224942961360246e-8	1.6605860363174935e-9	3.849993190226361e-6	1.1330259002470123e-8	1.0115155792113956e-9	3.9598391096913396e-5
86.0	2.225441741379165e-8	1.6598018173814616e-9	3.849993712488005e-6	1.1331829278605612e-8	1.011950068476876e-9	3.959839098886905e-5
87.0	2.2254115718669123e-8	1.661046341048037e-9	3.8499931130501514e-6	1.1327602976910345e-8	1.0121849607010642e-9	3.959839118798773e-5
88.0	2.2272368382338514e-8	1.6605863747104885e-9	3.849992594909559e-6	1.1325517707111331e-8	1.0118222732143886e-9	3.959839124650754e-5
89.0	2.2271591930179665e-8	1.6595350498147183e-9	3.849993174544284e-6	1.132495734773772e-8	1.0127571769148758e-9	3.959839133413112e-5
90.0	2.226252431528206e-8	1.6627564083681113e-9	3.849993045888042e-6	1.1321592830330512e-8	1.0118351775471133e-9	3.959839143559739e-5
91.0	2.2257234175935288e-8	1.6618888153872267e-9	3.849992909275583e-6	1.1324693693359256e-8	1.0126042045531012e-9	3.959839121196445e-5
92.0	2.226213462778139e-8	1.661764871578889e-9	3.849993418873011e-6	1.1322807493852428e-8	1.0117056234083567e-9	3.9598391374233785e-5
93.0	2.2248317530608375e-8	1.6625048824999563e-9	3.849993247524913e-6	1.1327404552436969e-8	1.0118984870437213e-9	3.9598391212860856e-5
94.0	2.2263215952234265e-8	1.6622511588359723e-9	3.849993131235117e-6	1.1327235373424469e-8	1.0115498117012463e-9	3.959839148445266e-5
95.0	2.2259339033366044e-8	1.6614089855468676e-9	3.8499929355879585e-6	1.1331520422850932e-8	1.0111118862957088e-9	3.9598391508010564e-5
96.0	2.2281710781179644e-8	1.6603174858165325e-9	3.849993299340007e-6	1.1330799063906948e-8	1.0112239938378775e-9	3.959839153325225e-5
97.0	2.2267637472451785e-8	1.6604265718991482e-9	3.849992958557539e-6	1.1335268861360478e-8	1.0104819170265064e-9	3.959839176968869e-5
98.0	2.2219525680864294e-8	1.661466778726912e-9	3.849993052654519e-6	1.1334267735196006e-8	1.0107958484720743e-9	3.9598391619347834e-5
99.0	2.2232689773821926e-8	1.6620936637303546e-9	3.849992918453834e-6	1.1336126049170137e-8	1.0101322710221027e-9	3.95983920005309e-5
100.0	2.2298198360625994e-8	1.6630336205579143e-9	3.849992511848405e-6	1.1334561956836393e-8	1.010529861988929e-9	3.959839201844614e-5
101.0	2.2300936280267385e-8	1.6618759286514356e-9	3.849993905000266e-6	1.1333389008542259e-8	1.0101562479532572e-9	3.9598392369619376e-5
102.0	2.221915008721832e-8	1.6632218752677974e-9	3.849993734240363e-6	1.1332192970921998e-8	1.0102602792601165e-9	3.959839269867784e-5
103.0	2.2189552055293502e-8	1.6621694684590347e-9	3.849992771665609e-6	1.1329463961718833e-8	1.0100969458529192e-9	3.9598392672011405e-5
104.0	2.2271890749744874e-8	1.661706625337296e-9	3.849992848218893e-6	1.1329558315032209e-8	1.0098532083978583e-9	3.959839305743212e-5
105.0	2.2341106828680157e-8	1.661850328773468e-9	3.849992685135531e-6	1.1326608430990755e-8	1.0101679997004593e-9	3.9598392510029425e-5
106.0	2.22447013431724e-8	1.6631059215818978e-9	3.8499921916749156e-6	1.1327369381602308e-8	1.0099380056824904e-9	3.959839287107093e-5
107.0	2.2173771877061268e-8	1.664556059683566e-9	3.849993613157607e-6	1.132470154021982e-8	1.0105299666493218e-9	3.959839216103759e-5
108.0	2.2237277004689305e-8	1.6648534344096096e-9	3.849993948375981e-6	1.1326422845384627e-8	1.0105389722636106e-9	3.959839270876747e-5
109.0	2.2322358425277493e-8	1.6649498205503315e-9	3.849993452031889e-6	1.13247235002661e-8	1.011028611006961e-9	3.959839201986911e-5
110.0	2.225417372141134e-8	1.6663661127899683e-9	3.849992473815243e-6	1.1328606018796775e-8	1.0111121229735466e-9	3.959839264847096e-5
111.0	2.2158861392910052e-8	1.6634862272885123e-9	3.849992492155177e-6	1.1329128570894465e-8	1.0112061283058274e-9	3.959839223734284e-5
112.0	2.220019020038206e-8	1.6639875862216805e-9	3.849992840146196e-6	1.1331251574093457e-8	1.0114523654840865e-9	3.9598392766435216e-5
113.0	2.2321365110598626e-8	1.6640207789572908e-9	3.849993251421559e-6	1.1332429710459555e-8	1.011414800529925e-9	3.959839261484287e-5
114.0	2.2247224575847844e-8	1.6627085021088408e-9	3.849993344631591e-6	1.1332271743077822e-8	1.0116740610012157e-9	3.959839262713769e-5
115.0	2.215327761899029e-8	1.6647859161670827e-9	3.8499933621552415e-6	1.133373065279018e-8	1.0114654641681117e-9	3.959839277945825e-5
116.0	2.2224060998764487e-8	1.6649674568543894e-9	3.849993174308493e-6	1.13324637330833e-8	1.0116572503979208e-9	3.9598392442520154e-5
117.0	2.2294206954417032e-8	1.6656362797819891e-9	3.849992265484745e-6	1.1333863941439627e-8	1.0114515173945587e-9	3.9598392904889744e-5
118.0	2.2277740710798444e-8	1.6657293269239334e-9	3.849992705053245e-6	1.1331436317540888e-8	1.0113260851109442e-9	3.959839222076832e-5
119.0	2.213874755852595e-8	1.6668828200691338e-9	3.8499930515789545e-6	1.1331966309655986e-8	1.0113029910388686e-9	3.9598392806972424e-5
120.0	2.223774959754498e-8	1.6655555884686192e-9	3.849992504019034e-6	1.1328818045800706e-8	1.0112734634644918e-9	3.9598392199249954e-5
121.0	2.2334124845595794e-8	1.665463424278661e-9	3.8499926915951265e-6	1.1328977468729542e-8	1.0114332438824692e-9	3.959839241939401e-5
122.0	2.228154485382203e-8	1.6665397086730605e-9	3.84999337277805e-6	1.1325003853774125e-8	1.0113803751466972e-9	3.9598391864731354e-5
123.0	2.2181881095954418e-8	1.6655896077942685e-9	3.849993001648096e-6	1.1326445207204594e-8	1.0112954673845429e-9	3.959839183240257e-5
124.0	2.223189250388738e-8	1.667677720247406e-9	3.849992698052421e-6	1.1324840680871975e-8	1.011071509767785e-9	3.959839142194807e-5
125.0	2.2357905460462615e-8	1.667770980220224e-9	3.849993031877171e-6	1.1326215438489861e-8	1.010938009680857e-9	3.959839155976482e-5
126.0	2.2324985923226054e-8	1.6683063103330387e-9	3.849991991495104e-6	1.1326920339780833e-8	1.0106894260060958e-9	3.959839111456446e-5
127.0	2.2197964578720656e-8	1.66793016034827e-9	3.849992587479216e-6	1.1328178251377388e-8	1.010837349847501e-9	3.9598391481232423e-5
128.0	2.2234083203011387e-8	1.6674543101048785e-9	3.849992917459111e-6	1.1330937826241541e-8	1.0107987458928298e-9	3.9598391025955955e-5
129.0	2.232604744969621e-8	1.6689517923446679e-9	3.8499933581862696e-6	1.133134439276992e-8	1.0110874536591998e-9	3.959839124862118e-5
130.0	2.2361207433384405e-8	1.6678835366302642e-9	3.84999330115274e-6	1.1333527938603873e-8	1.0111974566284299e-9	3.9598390884777965e-5
131.0	2.224877836508985e-8	1.6672615207327824e-9	3.84999330659084e-6	1.1332748447200746e-8	1.0111893468230376e-9	3.959839098592888e-5
132.0	2.2237427698270046e-8	1.6679650790060217e-9	3.84999245948542e-6	1.1333634517792832e-8	1.0114173272844658e-9	3.959839081040233e-5
133.0	2.2288196469801643e-8	1.6684545915616495e-9	3.849991956722594e-6	1.1330903281404806e-8	1.011165182787558e-9	3.9598390922675364e-5
134.0	2.2317958203309253e-8	1.6683217754820292e-9	3.8499927872394255e-6	1.1330592298849709e-8	1.0113679618781012e-9	3.9598391055411946e-5
135.0	2.232542337101695e-8	1.6690640516159286e-9	3.849993089833998e-6	1.132644289568737e-8	1.011257253447924e-9	3.959839102908513e-5
136.0	2.226529606744353e-8	1.6701785203054585e-9	3.849992939636955e-6	1.1326609399731832e-8	1.0112680655627276e-9	3.9598391173090795e-5
137.0	2.226105675552224e-8	1.6703565980761669e-9	3.8499934321791605e-6	1.1323445990671168e-8	1.011518595116842e-9	3.959839104495274e-5
138.0	2.2274195059820253e-8	1.670367442165322e-9	3.849993132750559e-6	1.1324144264439175e-8	1.0114896284612147e-9	3.9598391147502404e-5
139.0	2.2313865263161428e-8	1.669395213634696e-9	3.849991623280464e-6	1.132431890874702e-8	1.0118707354608775e-9	3.9598391109663633e-5
140.0	2.2304922656380642e-8	1.6706511609874514e-9	3.849992290495477e-6	1.1326361092799007e-8	1.0117459756677408e-9	3.959839122217871e-5
141.0	2.225163232711446e-8	1.6695781224037207e-9	3.849992810620817e-6	1.1328745425338297e-8	1.0119344605804707e-9	3.959839112292806e-5
142.0	2.224575391435329e-8	1.6696536961275112e-9	3.84999276426867e-6	1.133071431295846e-8	1.0115985221355642e-9	3.959839118106288e-5
143.0	2.2296560233096558e-8	1.6698340382237645e-9	3.849992707846286e-6	1.1332961286233497e-8	1.0114712826974496e-9	3.95983911412214e-5
144.0	2.2301250893847442e-8	1.6712576074354086e-9	3.849993154430266e-6	1.1333753029940171e-8	1.0113818145284895e-9	3.959839128173992e-5
145.0	2.2258556652265025e-8	1.6715006463975392e-9	3.84999249864491e-6	1.133448829868812e-8	1.0110835870072585e-9	3.959839131713316e-5
146.0	2.2272737616512516e-8	1.670547462475363e-9	3.849992308421334e-6	1.1333360619511732e-8	1.0111914550103562e-9	3.959839127462197e-5
147.0	2.2314952715028785e-8	1.6724776167370125e-9	3.849992564489534e-6	1.1333127832349464e-8	1.0107492456620213e-9	3.959839130001359e-5
148.0	2.2279527813013798e-8	1.671618198607533e-9	3.849992783464172e-6	1.1329719217321866e-8	1.0109628793573582e-9	3.959839123984393e-5
149.0	2.2233680392617605e-8	1.6715562934006859e-9	3.849992730992624e-6	1.1328891106270674e-8	1.0106173551958012e-9	3.959839122754656e-5
150.0	2.2273283886674736e-8	1.6724998729063016e-9	3.8499923289759595e-6	1.1325836061191876e-8	1.0109839995348968e-9	3.9598391388011935e-5
151.0	2.2353050360407236e-8	1.6705151064958335e-9	3.849992530528109e-6	1.1325162669071873e-8	1.010995690879772e-9	3.95983912431814e-5
152.0	2.231911012303529e-8	1.6721210671473397e-9	3.849992889717889e-6	1.1324968942453763e-8	1.011218629393048e-9	3.95983919745695e-5
153.0	2.221238658992152e-8	1.671895132057752e-9	3.849993191890354e-6	1.1325441945352206e-8	1.0111801516584637e-9	3.959839158449069e-5
154.0	2.2255557204498273e-8	1.6713853948612423e-9	3.849992832402985e-6	1.1327485576305604e-8	1.0110100990450943e-9	3.959839246290874e-5
155.0	2.239956475361239e-8	1.6726562394353015e-9	3.849992303505739e-6	1.132989042067723e-8	1.0113648704669371e-9	3.95983919398307e-5
156.0	2.2358504004333966e-8	1.6725415293588584e-9	3.849992768406355e-6	1.133089933972599e-8	1.0109981410875884e-9	3.959839287315404e-5
157.0	2.224723126621609e-8	1.6733193416637724e-9	3.849992313580854e-6	1.1332479124234712e-8	1.0114914148429974e-9	3.9598392461578104e-5
158.0	2.2217616714005487e-8	1.6719700303338643e-9	3.849992148881665e-6	1.1332190482058808e-8	1.0113979833130233e-9	3.959839304092742e-5
159.0	2.2372000230714967e-8	1.673321997957265e-9	3.849992659403806e-6	1.1331631714125454e-8	1.011625939536828e-9	3.95983926804918e-5
160.0	2.2391754277395605e-8	1.674802442370692e-9	3.849993297043538e-6	1.133142796354915e-8	1.011588676880079e-9	3.959839283204467e-5
161.0	2.2252514063892077e-8	1.6735794835362276e-9	3.849992885843736e-6	1.1329309267490137e-8	1.0115428779746338e-9	3.959839282398996e-5
162.0	2.2218721889425116e-8	1.674031162072635e-9	3.849992365134303e-6	1.132853065354127e-8	1.011596675659269e-9	3.959839265898574e-5
163.0	2.2307247813129595e-8	1.6738049529167797e-9	3.84999285146413e-6	1.1326234900963704e-8	1.0115235656739337e-9	3.9598392988513174e-5
164.0	2.2360713207173766e-8	1.6735739428536701e-9	3.84999217478167e-6	1.1325665276422948e-8	1.0119770812315775e-9	3.9598392596914453e-5
165.0	2.2266251158820583e-8	1.6743871519617626e-9	3.849991579043385e-6	1.1325167798938249e-8	1.011470164321249e-9	3.959839314972258e-5
166.0	2.224187187307642e-8	1.6732245295110435e-9	3.849992161359029e-6	1.1325763857332483e-8	1.0117687552629384e-9	3.95983926433201e-5
167.0	2.2292433217709098e-8	1.6729595114764165e-9	3.849993339299303e-6	1.1327586809740337e-8	1.011077216357484e-9	3.9598392821208954e-5
168.0	2.2326120191220473e-8	1.673647372405923e-9	3.849993431311232e-6	1.132937091349704e-8	1.0109186673050974e-9	3.959839251017211e-5
169.0	2.2271839711182383e-8	1.6729590397546856e-9	3.849992622872196e-6	1.1330886490798454e-8	1.0106250992731669e-9	3.959839255575658e-5
170.0	2.225156385963469e-8	1.6740902321905791e-9	3.849992260873095e-6	1.1332191428823221e-8	1.0106594470645622e-9	3.959839255989485e-5
171.0	2.231619314541275e-8	1.6734914525586295e-9	3.849992193737421e-6	1.1332496414352953e-8	1.0111954743004689e-9	3.959839255353593e-5
172.0	2.231603150081283e-8	1.6740928526381201e-9	3.84999198437989e-6	1.1331805146560126e-8	1.0109894619063485e-9	3.9598392448063477e-5
173.0	2.2268533733056636e-8	1.6734070574136912e-9	3.849992809070362e-6	1.133149136942149e-8	1.0115939797113024e-9	3.9598392351170165e-5
174.0	2.2269520165614766e-8	1.6758207252878236e-9	3.849993104082813e-6	1.1329660591782395e-8	1.0108089584266095e-9	3.9598392074095035e-5
175.0	2.233474918455828e-8	1.675012139810335e-9	3.84999301556709e-6	1.1328339007800663e-8	1.0110891362634473e-9	3.959839194128995e-5
176.0	2.234549853403402e-8	1.6746530632516412e-9	3.849992028640556e-6	1.1325591559901441e-8	1.0108054507172555e-9	3.9598391654792585e-5
177.0	2.229019088806431e-8	1.6750837426037988e-9	3.849991856160573e-6	1.1324886422628344e-8	1.0110971118539325e-9	3.9598391438264265e-5
178.0	2.226572745503077e-8	1.6750111259724976e-9	3.84999210410807e-6	1.1324217157307072e-8	1.0116306263127234e-9	3.9598391621384e-5
179.0	2.2310294671673966e-8	1.6741384078758042e-9	3.849993092985085e-6	1.1326957506172904e-8	1.011566702985076e-9	3.959839125737046e-5
180.0	2.2371599824919628e-8	1.6755074701856446e-9	3.849993131913322e-6	1.1328130883529407e-8	1.0123060910450707e-9	3.9598391684660545e-5
181.0	2.2318184525845013e-8	1.6752883092104642e-9	3.849992674149346e-6	1.1331679320543878e-8	1.011794498087874e-9	3.959839126243485e-5
182.0	2.230591429911285e-8	1.6745823073021804e-9	3.849992325016839e-6	1.1331715070678496e-8	1.0121177645796066e-9	3.9598391614775624e-5
183.0	2.2282383900963628e-8	1.6756769928428127e-9	3.8499921968460864e-6	1.1333717049236265e-8	1.0117167282737014e-9	3.95983913494162e-5
184.0	2.2324105036215667e-8	1.6753575436140608e-9	3.8499918801034885e-6	1.133267216052031e-8	1.0116544177340028e-9	3.959839143689132e-5
185.0	2.2373048497137573e-8	1.675083347959787e-9	3.849992363124295e-6	1.1333380004601736e-8	1.0117112929082285e-9	3.9598391387305624e-5
186.0	2.2329059318989647e-8	1.6751360688135216e-9	3.849993272309649e-6	1.1332328593063234e-8	1.0113763178498358e-9	3.959839118161703e-5
187.0	2.227757579614671e-8	1.6756837110836537e-9	3.84999326342908e-6	1.1331379164287985e-8	1.011748891962219e-9	3.959839136715451e-5
188.0	2.22913609071589e-8	1.6771997318042126e-9	3.849992526016203e-6	1.132867454014745e-8	1.011429139974036e-9	3.959839118990568e-5
189.0	2.2335195203278117e-8	1.676983293152352e-9	3.849992335467461e-6	1.1326800578281798e-8	1.011533907805233e-9	3.959839148568461e-5
190.0	2.237684748602734e-8	1.6782533441357602e-9	3.849991835287131e-6	1.132464264155171e-8	1.0115553780168693e-9	3.9598391314238265e-5
191.0	2.2289643201778166e-8	1.6775481764492977e-9	3.849991705945104e-6	1.1324310358488359e-8	1.011219282878081e-9	3.959839150761227e-5
192.0	2.2265004095669492e-8	1.677401256033303e-9	3.8499922615318115e-6	1.132536371302397e-8	1.0114266891138135e-9	3.9598391381087854e-5
193.0	2.232880991099088e-8	1.676466195932996e-9	3.8499930836842095e-6	1.1326675555715063e-8	1.0109493100077634e-9	3.95983915299345e-5
194.0	2.2372000376714092e-8	1.6765279278263744e-9	3.849992957049703e-6	1.132976052320111e-8	1.0112903547499679e-9	3.959839148733821e-5
195.0	2.2322645086605132e-8	1.6762542490241132e-9	3.849992491037117e-6	1.1329952725574159e-8	1.010960361196749e-9	3.959839147848136e-5
196.0	2.227485536266624e-8	1.6762346455571471e-9	3.8499917821725716e-6	1.1332512457658858e-8	1.011369315703705e-9	3.959839161696528e-5
197.0	2.230173999266213e-8	1.6781234356950405e-9	3.849991936987701e-6	1.1333135428637411e-8	1.0115936791453298e-9	3.9598391714972554e-5
198.0	2.233770152497724e-8	1.6780741691504842e-9	3.849991944474471e-6	1.1335050981170486e-8	1.0113597143608512e-9	3.9598391877599756e-5
199.0	2.2308591570791135e-8	1.677711778784417e-9	3.849992872453713e-6	1.1334670231605472e-8	1.0116777845723608e-9	3.9598391965284987e-5
200.0	2.2290861002615647e-8	1.6788917970973543e-9	3.84999317983463e-6	1.1334863127140522e-8	1.0110097987109473e-9	3.959839189192839e-5
201.0	2.23294325737323e-8	1.6780178936684845e-9	3.8499926003761e-6	1.1332409192285776e-8	1.0113782264869644e-9	3.9598392159355915e-5
202.0	2.232488139629213e-8	1.6770488607690184e-9	3.849991939726773e-6	1.133119107025881e-8	1.0110029143807579e-9	3.959839205717197e-5
203.0	2.2274034814821756e-8	1.6782727449940083e-9	3.8499921053020325e-6	1.1328626696676686e-8	1.0114429371559062e-9	3.959839242249828e-5
204.0	2.2309399912361326e-8	1.678429774635575e-9	3.849991999892364e-6	1.1328687978077679e-8	1.0117311067673002e-9	3.9598392484709496e-5
205.0	2.2363027427150538e-8	1.6784041540300777e-9	3.849992644326142e-6	1.1327527674147465e-8	1.01157167055564e-9	3.959839256450871e-5
206.0	2.2354523499037257e-8	1.6796177794691883e-9	3.849993002244339e-6	1.1327788417305653e-8	1.0120965739624787e-9	3.959839275494938e-5
207.0	2.2292051655881412e-8	1.6791328110949703e-9	3.8499926555815115e-6	1.1327565430303255e-8	1.0112071410699595e-9	3.9598392456691103e-5
208.0	2.2267697619918126e-8	1.6792965482592848e-9	3.849992331302278e-6	1.1327018206893972e-8	1.011741713863064e-9	3.9598392590031105e-5
209.0	2.237830398008128e-8	1.6793272163048918e-9	3.8499921085445365e-6	1.1327424663507476e-8	1.0111993146294691e-9	3.959839237124819e-5
210.0	2.2374286176118615e-8	1.6793608642811928e-9	3.849992414259854e-6	1.1327059089902863e-8	1.011690499385446e-9	3.9598392411091674e-5
211.0	2.2332066954756747e-8	1.6792710726191369e-9	3.849992771978413e-6	1.1327860302792169e-8	1.011951599802532e-9	3.959839246740036e-5
212.0	2.2292477349153478e-8	1.6785632431151001e-9	3.8499920200375e-6	1.1328304628093987e-8	1.011876835745144e-9	3.9598392259137745e-5
213.0	2.2327704424461476e-8	1.6788663544016672e-9	3.849992427614316e-6	1.1328554386661991e-8	1.0124016328603198e-9	3.959839256441908e-5
214.0	2.2356234279381205e-8	1.6802943755750435e-9	3.849992535436705e-6	1.1329850038107547e-8	1.0118168601045678e-9	3.9598392333024774e-5
215.0	2.2343263956029873e-8	1.6791928681865558e-9	3.849992779624464e-6	1.1329541848112134e-8	1.0122343377950297e-9	3.9598392499141786e-5
216.0	2.2341813721267787e-8	1.6809017231128474e-9	3.849992490040111e-6	1.1330888097614126e-8	1.0117071501280754e-9	3.9598392531872e-5
217.0	2.2326953939208337e-8	1.6808879094443133e-9	3.84999272701136e-6	1.1331283347670164e-8	1.0120368463787495e-9	3.959839234251002e-5
218.0	2.23231356003839e-8	1.680561975705618e-9	3.8499926199641895e-6	1.1332031758607962e-8	1.0121561256093703e-9	3.959839271673253e-5
219.0	2.2323510794337275e-8	1.680906029861536e-9	3.849991520117665e-6	1.1332582102442805e-8	1.0119735789136004e-9	3.959839213236882e-5
220.0	2.236596939164075e-8	1.6802634448874241e-9	3.849991721721194e-6	1.1332820301993689e-8	1.0124584979194135e-9	3.9598392571795644e-5
221.0	2.236135667577821e-8	1.6801432344127123e-9	3.8499930593093855e-6	1.1332848523822296e-8	1.0121911348390747e-9	3.959839190235343e-5
222.0	2.2317006351766125e-8	1.6804494721947834e-9	3.849992813163004e-6	1.1331910956545155e-8	1.0125170278321676e-9	3.9598392253499304e-5
223.0	2.231331455481342e-8	1.6802488728261209e-9	3.849992490160546e-6	1.1331085051225354e-8	1.0122607553738339e-9	3.9598391824216535e-5
224.0	2.234552686835556e-8	1.6813430055264648e-9	3.849992571948945e-6	1.1328716096149521e-8	1.0123828077720077e-9	3.959839185773942e-5
225.0	2.239188393793354e-8	1.681889159100733e-9	3.849992487472173e-6	1.1327415698803786e-8	1.0122345335398887e-9	3.959839182437415e-5
226.0	2.2341730578208978e-8	1.681009316902582e-9	3.849991483406048e-6	1.1324616554959542e-8	1.0118739492396702e-9	3.9598391536092796e-5
227.0	2.230965249150901e-8	1.6814753020705832e-9	3.849992242152971e-6	1.1325650440764506e-8	1.0116902547143227e-9	3.959839168379702e-5
228.0	2.2350583173281357e-8	1.681069346025255e-9	3.849993166253854e-6	1.1323923933376362e-8	1.0113760052846984e-9	3.9598391421632434e-5
229.0	2.2341095258994622e-8	1.681538261268382e-9	3.849992582764798e-6	1.1328194207130783e-8	1.0112362690327077e-9	3.959839157657083e-5
230.0	2.2379481990067843e-8	1.6816212029838342e-9	3.849992044182915e-6	1.1328389688044407e-8	1.0113475685350809e-9	3.959839138718351e-5
231.0	2.2340174177714642e-8	1.6832489955932648e-9	3.849992739101376e-6	1.1332956977038999e-8	1.0111019762650139e-9	3.959839148586639e-5
232.0	2.2339567546942648e-8	1.6831786711939112e-9	3.849992617622551e-6	1.1333938316389288e-8	1.0115381439969293e-9	3.959839127332021e-5
233.0	2.2329494620349113e-8	1.682022969666219e-9	3.849991878922501e-6	1.1337242356273213e-8	1.0112591108478656e-9	3.959839117593341e-5
234.0	2.2354174374196497e-8	1.683064064405314e-9	3.84999260098174e-6	1.133665668871981e-8	1.011457510156262e-9	3.959839111967568e-5
235.0	2.238467380696154e-8	1.682922287572488e-9	3.849992373633096e-6	1.1337693793128209e-8	1.0114058497393652e-9	3.959839103401285e-5
236.0	2.2369065507748736e-8	1.681469999715763e-9	3.849991966612553e-6	1.1335275320844712e-8	1.0111928901406672e-9	3.959839111958222e-5
237.0	2.2312837022833305e-8	1.6845553312040676e-9	3.849992187320962e-6	1.1333418262378018e-8	1.0112856570535566e-9	3.9598391087419633e-5
238.0	2.2323708540753845e-8	1.6855444301263604e-9	3.849992503090239e-6	1.13304367267406e-8	1.0108330341194142e-9	3.9598391070235246e-5
239.0	2.238580485720645e-8	1.6849538202088306e-9	3.849992625034547e-6	1.1327485791303957e-8	1.0112884405419154e-9	3.9598391300751515e-5
240.0	2.23925571222128e-8	1.6854498489913316e-9	3.849992285571951e-6	1.1326865296904203e-8	1.0111247183049111e-9	3.959839127772885e-5
241.0	2.232622635407271e-8	1.6853908209240083e-9	3.849992698441841e-6	1.1324315569894924e-8	1.0117712319430338e-9	3.959839163172421e-5
242.0	2.2296631524856606e-8	1.6833797302459128e-9	3.8499919729621046e-6	1.132722884396215e-8	1.011914635938429e-9	3.959839141253509e-5
243.0	2.236328088722965e-8	1.6841727518613777e-9	3.849991968361682e-6	1.1326420753949198e-8	1.012317695574319e-9	3.959839180726807e-5
244.0	2.2383010581665968e-8	1.6860019145526085e-9	3.849992628434778e-6	1.133134387781362e-8	1.0124758233690791e-9	3.959839141725036e-5
245.0	2.2334922896448372e-8	1.685573054044175e-9	3.849992778949847e-6	1.1330727795810233e-8	1.0121478123328167e-9	3.9598391785445906e-5
246.0	2.2311775552194853e-8	1.6872066694796844e-9	3.849992696664467e-6	1.133501388942728e-8	1.0124797590774585e-9	3.95983914189396e-5
247.0	2.2364546008966293e-8	1.6884991656304492e-9	3.8499929238400765e-6	1.1332741690827325e-8	1.0118059085073108e-9	3.959839180894351e-5
248.0	2.2341742364201532e-8	1.6872664550337917e-9	3.849992698525524e-6	1.1336783045923203e-8	1.0121392654641219e-9	3.9598391635072255e-5
249.0	2.2314666045422176e-8	1.6858523677222816e-9	3.849992179275689e-6	1.1333290151837089e-8	1.0118688741382488e-9	3.959839178881742e-5
250.0	2.2342248696609305e-8	1.6864801943361407e-9	3.849992152686096e-6	1.133481519980278e-8	1.0119803249786421e-9	3.959839178879595e-5
251.0	2.2403088351791822e-8	1.6851498482851068e-9	3.849992570795499e-6	1.1331002516101322e-8	1.0121458333710971e-9	3.959839180370142e-5
252.0	2.235488064255447e-8	1.6848329043609915e-9	3.849993214151286e-6	1.1330465751497902e-8	1.011977420275006e-9	3.959839221240786e-5
253.0	2.228874670287462e-8	1.687226782345634e-9	3.849992593216305e-6	1.1328700630128069e-8	1.0120969228467102e-9	3.959839215295453e-5
254.0	2.234120400038299e-8	1.6879782928897077e-9	3.8499926979939e-6	1.1327747475201975e-8	1.0116214329336503e-9	3.9598392570079826e-5
255.0	2.244944725996899e-8	1.6889503184494049e-9	3.849992053244872e-6	1.1328973214878954e-8	1.0116228782515156e-9	3.959839236265852e-5
256.0	2.2422835030721017e-8	1.6886905783997436e-9	3.849992895610816e-6	1.1328978888066103e-8	1.011025896002303e-9	3.959839278402097e-5
257.0	2.2287322055425002e-8	1.6884153524589842e-9	3.84999210793629e-6	1.133217500326523e-8	1.011108232342688e-9	3.95983925766643e-5
258.0	2.232621056156033e-8	1.6864318250115864e-9	3.8499920817725635e-6	1.1332601053246064e-8	1.0108356002158836e-9	3.959839290814011e-5
259.0	2.2431637858729435e-8	1.6871638174305579e-9	3.849992780173913e-6	1.1335159749236872e-8	1.0109911235026567e-9	3.9598392933198785e-5
260.0	2.2436601142916074e-8	1.6872637009623469e-9	3.849992876766645e-6	1.1333831946567373e-8	1.0110274310913138e-9	3.9598393183254797e-5
261.0	2.2351917077790924e-8	1.6861433109202589e-9	3.8499923552257935e-6	1.1336389418940649e-8	1.0107377008261552e-9	3.9598393155029165e-5
262.0	2.2317000641191924e-8	1.688615517994586e-9	3.8499928058135875e-6	1.133247992578148e-8	1.011025766448077e-9	3.9598393317855115e-5
263.0	2.238585969405875e-8	1.6888229940524534e-9	3.8499930291672505e-6	1.1335018505690615e-8	1.0107053649357095e-9	3.959839306825281e-5
264.0	2.239345579527195e-8	1.691126434496673e-9	3.849991741960814e-6	1.1329522357005146e-8	1.0111008040132762e-9	3.959839322245282e-5
265.0	2.2354011064119322e-8	1.6899829138641752e-9	3.8499918576071e-6	1.1330947692680145e-8	1.0110298400796282e-9	3.9598392772100965e-5
266.0	2.237753129991412e-8	1.690507033402112e-9	3.8499927937772256e-6	1.1327620075663781e-8	1.01153457776837e-9	3.959839296613074e-5
267.0	2.2376997493284276e-8	1.6900870094193358e-9	3.8499933559395875e-6	1.1328188419689591e-8	1.0115470413413047e-9	3.959839253177959e-5
268.0	2.235405130760759e-8	1.6879148270695214e-9	3.849992816750396e-6	1.1328688024275519e-8	1.0117458841467933e-9	3.95983927471809e-5
269.0	2.233556500790845e-8	1.688311736565113e-9	3.849993032866023e-6	1.1330126509410652e-8	1.0118671607314846e-9	3.959839239078239e-5
270.0	2.2411341302152575e-8	1.6883588387944036e-9	3.849992429117836e-6	1.1331808134184634e-8	1.0117065086154884e-9	3.959839251599719e-5
271.0	2.2425303964308836e-8	1.6891026454780235e-9	3.849991797271364e-6	1.133443740330499e-8	1.012083685471869e-9	3.9598392160866005e-5
272.0	2.235504011962825e-8	1.6898113863125833e-9	3.849992196447177e-6	1.1334606981525519e-8	1.011960499017452e-9	3.9598392405126557e-5
273.0	2.230473705687865e-8	1.6901548232165497e-9	3.849993108548841e-6	1.1335205839167475e-8	1.012378226067201e-9	3.959839213939931e-5
274.0	2.2392331009677933e-8	1.6911034555646387e-9	3.849992613822926e-6	1.133494459052834e-8	1.0122586800516536e-9	3.959839233310891e-5
275.0	2.2443197529537336e-8	1.6900668420140945e-9	3.8499921447430206e-6	1.1332977217412737e-8	1.0122356847931268e-9	3.959839195212316e-5
276.0	2.239496928940601e-8	1.6911931936406576e-9	3.8499929414483245e-6	1.1332398896915983e-8	1.012168726474241e-9	3.9598391898484235e-5
277.0	2.2320579246916827e-8	1.690002912316802e-9	3.849992394184541e-6	1.1329579808513285e-8	1.0119887674531107e-9	3.9598391745304154e-5
278.0	2.236824768859996e-8	1.6887128326226339e-9	3.849991981073716e-6	1.1329215620030213e-8	1.0120809617005682e-9	3.959839160087542e-5
279.0	2.2405803544903798e-8	1.6905904189744464e-9	3.8499927712213845e-6	1.1327290036311145e-8	1.0119993295480464e-9	3.959839158663378e-5
280.0	2.240566612184376e-8	1.6907935271993248e-9	3.849992561949551e-6	1.1327495666902944e-8	1.0121482098773522e-9	3.959839135763676e-5
281.0	2.2365124668871464e-8	1.6899545294157889e-9	3.84999196898932e-6	1.132784787194019e-8	1.0118253855831003e-9	3.959839142007603e-5
282.0	2.239595824588808e-8	1.6913133541278023e-9	3.849992435837021e-6	1.1328959154273903e-8	1.0118025588668978e-9	3.959839119070292e-5
283.0	2.238447828241043e-8	1.6916611639393494e-9	3.849993169087127e-6	1.1331183139903874e-8	1.0113456675543462e-9	3.9598391229010366e-5
284.0	2.2371114691932482e-8	1.6914382498031029e-9	3.849992417912201e-6	1.1332970698902418e-8	1.0111088446816376e-9	3.959839107868749e-5
285.0	2.2397493834069502e-8	1.6915178326401639e-9	3.849992648917269e-6	1.1334813058031731e-8	1.0108634096264449e-9	3.959839118896385e-5
286.0	2.242289233682877e-8	1.6936976049494457e-9	3.849992911935758e-6	1.1335903837775987e-8	1.0107844304894758e-9	3.959839121480068e-5
287.0	2.238868755237973e-8	1.6926559405666474e-9	3.849992145021958e-6	1.1336239866449659e-8	1.0108812931269804e-9	3.9598391398794224e-5
288.0	2.2369963943797097e-8	1.6929134875878035e-9	3.849992731779979e-6	1.1335592834490353e-8	1.0109505205338288e-9	3.9598391380118035e-5
289.0	2.2376372430413086e-8	1.6934075950944427e-9	3.849992694403344e-6	1.1334698859834662e-8	1.0114459505107725e-9	3.959839150433786e-5
290.0	2.2448148489843214e-8	1.692924924695801e-9	3.8499923500407685e-6	1.1333524419468552e-8	1.0115184947081885e-9	3.9598391481266007e-5
291.0	2.2404373315527346e-8	1.6929907891286496e-9	3.8499926521426814e-6	1.133201984576476e-8	1.0119338666972687e-9	3.9598391654677524e-5
292.0	2.2364159191476607e-8	1.692710092696031e-9	3.849993208477953e-6	1.1330243462711425e-8	1.0117405622522433e-9	3.95983914556005e-5
293.0	2.2397284766517165e-8	1.6933307822291415e-9	3.849992543416798e-6	1.132935020894597e-8	1.011706390122841e-9	3.959839190643432e-5
294.0	2.2422704940557852e-8	1.694122050094979e-9	3.849992396059523e-6	1.1327842211655105e-8	1.0114301538253877e-9	3.959839151772465e-5
295.0	2.241265935164501e-8	1.6952088558253467e-9	3.849992712783789e-6	1.1327548543520749e-8	1.0113018405867876e-9	3.9598391945467004e-5
296.0	2.2378454838943514e-8	1.6952059053635308e-9	3.849991851294496e-6	1.1328100903617904e-8	1.0115138526329297e-9	3.959839160293361e-5
297.0	2.23904730891758e-8	1.6937692668397202e-9	3.84999242376495e-6	1.1327623493990038e-8	1.011707297077547e-9	3.9598391982845945e-5
298.0	2.2431140421440428e-8	1.6946148391499665e-9	3.849992961347411e-6	1.1331382531533738e-8	1.012390549515749e-9	3.959839178822583e-5
299.0	2.2386911232447657e-8	1.6932380663160694e-9	3.8499927841951255e-6	1.1329781328129762e-8	1.0124590801137405e-9	3.9598391942461006e-5
300.0	2.2399165936665008e-8	1.692313588603929e-9	3.849992239769229e-6	1.1332709784334481e-8	1.0126763028503744e-9	3.959839195339962e-5
301.0	2.2410858343200594e-8	1.6926191944654225e-9	3.849992073459302e-6	1.1331203917743429e-8	1.0124989945125484e-9	3.9598392081155e-5
302.0	2.2419118642179582e-8	1.6942488780842714e-9	3.849992109638694e-6	1.13317922951879e-8	1.0120163507649566e-9	3.959839228854369e-5
303.0	2.2354762875567655e-8	1.6961957562185123e-9	3.849992752921781e-6	1.1332006408197177e-8	1.0118187766583064e-9	3.95983923438649e-5
304.0	2.238262864335276e-8	1.696439810068011e-9	3.849992675339055e-6	1.133273619430265e-8	1.0111697168308005e-9	3.95983926515215e-5
305.0	2.244991428947916e-8	1.698440810827973e-9	3.849992889766615e-6	1.1332598962890032e-8	1.0111914447185326e-9	3.959839265806078e-5
306.0	2.243104628619189e-8	1.6975643923304883e-9	3.849993037017261e-6	1.1335602794804057e-8	1.0108999036942631e-9	3.9598392935573635e-5
307.0	2.2350797221694262e-8	1.6957989932680755e-9	3.849992538556498e-6	1.1333030681550004e-8	1.011027899362252e-9	3.959839277389777e-5
308.0	2.235459133678047e-8	1.6955317643616982e-9	3.849991945234403e-6	1.1335489799507989e-8	1.0110926261818338e-9	3.95983929966099e-5
309.0	2.2452977896021275e-8	1.6953265341663632e-9	3.849993090188875e-6	1.1333237563537673e-8	1.0112707212967339e-9	3.959839300794764e-5
310.0	2.2489331967020773e-8	1.6954067631345673e-9	3.849992729142409e-6	1.1332445231942249e-8	1.0113692963009496e-9	3.959839302638998e-5
311.0	2.2386181662897802e-8	1.697379856758297e-9	3.8499924497167225e-6	1.1332623270254475e-8	1.0110460826235973e-9	3.959839311573067e-5
312.0	2.2336554693916016e-8	1.696549169273715e-9	3.849992913357487e-6	1.1329498802141976e-8	1.0110148190464305e-9	3.9598392883522674e-5
313.0	2.2413646160469265e-8	1.6977013473467291e-9	3.8499932741041685e-6	1.132953185637507e-8	1.0105306335707316e-9	3.9598393003607525e-5
314.0	2.245499753878942e-8	1.6971545360269664e-9	3.849992886645864e-6	1.132714089208022e-8	1.0107407362709442e-9	3.95983928287321e-5
315.0	2.240973768106997e-8	1.6971189451665383e-9	3.849992015022853e-6	1.1326737726977134e-8	1.0105885441781793e-9	3.959839296289215e-5
316.0	2.237423540621124e-8	1.6962391492582364e-9	3.849992476573908e-6	1.1328153263339329e-8	1.0111836039385195e-9	3.959839293036002e-5
317.0	2.2397317036701637e-8	1.6959900298536546e-9	3.849992344920738e-6	1.132945211122098e-8	1.0114362816131883e-9	3.9598392948722805e-5
318.0	2.2420740654594065e-8	1.6972184657758933e-9	3.849992477218595e-6	1.1332761198232548e-8	1.011759202841546e-9	3.959839303596377e-5
319.0	2.2353807558205907e-8	1.6973176164465213e-9	3.849992781501264e-6	1.1336354541554426e-8	1.0120493232962276e-9	3.959839290712053e-5
320.0	2.240365531032155e-8	1.6985754123652826e-9	3.849993069598012e-6	1.1335680249970059e-8	1.0118629294900114e-9	3.959839285119115e-5
321.0	2.2440581262550645e-8	1.6977180403446702e-9	3.84999309007804e-6	1.1338771069265869e-8	1.0122007603356672e-9	3.9598392713950215e-5
322.0	2.2441471541672038e-8	1.6983646830114998e-9	3.849992088700404e-6	1.133531252306815e-8	1.0119212203868817e-9	3.959839250301495e-5
323.0	2.234748523027339e-8	1.6966518235365451e-9	3.849992249047852e-6	1.1335265654607609e-8	1.0122471535367522e-9	3.9598392397612446e-5
324.0	2.2355098905680002e-8	1.6988928802290921e-9	3.8499926913345825e-6	1.1332998224517942e-8	1.0123450445076109e-9	3.959839217690365e-5
325.0	2.245783456648466e-8	1.6981515590411195e-9	3.849992528390092e-6	1.1330705133453485e-8	1.0123104434372492e-9	3.9598391919388256e-5
326.0	2.2479798129341427e-8	1.6991098013656833e-9	3.849992750350893e-6	1.132786952718014e-8	1.0126178894139174e-9	3.959839183007365e-5
327.0	2.2392182885639923e-8	1.7001580975505288e-9	3.849993206526019e-6	1.1326312387158516e-8	1.0122292573489541e-9	3.959839137094551e-5
328.0	2.2366242586888073e-8	1.699614454539632e-9	3.849993286239241e-6	1.1323803382846543e-8	1.0124760051495026e-9	3.959839150738807e-5
329.0	2.2402111453594266e-8	1.6997197907080322e-9	3.849992085000703e-6	1.1326245314163084e-8	1.0120664776337482e-9	3.959839115588469e-5
330.0	2.2469746782827903e-8	1.6991686350613053e-9	3.8499923499368765e-6	1.1325193844715401e-8	1.0122342153028974e-9	3.959839140626124e-5
331.0	2.2425607636743746e-8	1.7000312212354228e-9	3.849992451396722e-6	1.1330342621683456e-8	1.0121486024215827e-9	3.959839137821754e-5
332.0	2.239465461065859e-8	1.6982626045479539e-9	3.8499924474797084e-6	1.133229729570623e-8	1.0118506364695102e-9	3.959839138489127e-5
333.0	2.2399265483652785e-8	1.69740363223615e-9	3.84999313925455e-6	1.1334445524067904e-8	1.0120225935787013e-9	3.959839140026068e-5
334.0	2.2442147027214603e-8	1.7003272403844295e-9	3.849993172556002e-6	1.133647597441071e-8	1.0117349639370002e-9	3.959839126984289e-5
335.0	2.2409863681632585e-8	1.699654318769443e-9	3.849992639316765e-6	1.1336308348270992e-8	1.0119463455746814e-9	3.9598391233616734e-5
336.0	2.2410027948065216e-8	1.7005588830646394e-9	3.849992339850087e-6	1.1336310156479627e-8	1.011873176561828e-9	3.959839121685048e-5
337.0	2.239909527777973e-8	1.7023716102351343e-9	3.849992352610108e-6	1.1335841389491696e-8	1.0118693526312813e-9	3.959839121328561e-5
338.0	2.243696445628665e-8	1.7011755916259148e-9	3.849992249486194e-6	1.1333230302252962e-8	1.0121387083102741e-9	3.959839153074789e-5
339.0	2.24355447472722e-8	1.7008181665728634e-9	3.849992714382563e-6	1.1332279564579315e-8	1.0117940073149833e-9	3.959839144733404e-5
340.0	2.2391068691967198e-8	1.700665659638437e-9	3.8499937176212575e-6	1.1329456599063221e-8	1.0121136442447933e-9	3.959839189123724e-5
341.0	2.2396210898460204e-8	1.7005811185569912e-9	3.849992734020443e-6	1.1327790472784156e-8	1.0117095040331845e-9	3.959839175933045e-5
342.0	2.243603856783007e-8	1.6991960816764455e-9	3.8499924580916235e-6	1.1328511249383799e-8	1.011819791409324e-9	3.959839201473926e-5
343.0	2.2455893040670153e-8	1.7000765121264377e-9	3.849993139188275e-6	1.132697676870466e-8	1.0115606092225391e-9	3.959839194610347e-5
344.0	2.2428247945116673e-8	1.7017908583026162e-9	3.849992294225053e-6	1.1330865083208651e-8	1.0113967749191076e-9	3.9598391849483175e-5
345.0	2.2383362374746357e-8	1.699991982153306e-9	3.849992262615166e-6	1.1330091118328399e-8	1.0117361785184763e-9	3.959839204144971e-5
346.0	2.241935851232441e-8	1.7019317796048205e-9	3.849993505197199e-6	1.1332819720532845e-8	1.011495694814938e-9	3.959839178649251e-5
347.0	2.2433928157717122e-8	1.7015584875579004e-9	3.8499934482376575e-6	1.1332717422433774e-8	1.0120388368771082e-9	3.959839231536318e-5
348.0	2.2433776467427822e-8	1.7017924807291608e-9	3.8499923231711724e-6	1.1334020762928529e-8	1.011698332952067e-9	3.959839194869248e-5
349.0	2.2394000552520328e-8	1.7018931783696641e-9	3.849992669076841e-6	1.1333187634421055e-8	1.0118086664673466e-9	3.9598392624121714e-5
350.0	2.2432303694577078e-8	1.7033690860205945e-9	3.849992578994823e-6	1.1334065917732481e-8	1.0115365045422983e-9	3.959839242172214e-5
351.0	2.2444604720047968e-8	1.7027720612034814e-9	3.849992359287281e-6	1.1331616107655563e-8	1.0113719493973168e-9	3.959839283012813e-5
352.0	2.2382257093720537e-8	1.7022957715164491e-9	3.849992671936261e-6	1.133315931226554e-8	1.0116852641536422e-9	3.9598392979024236e-5
353.0	2.2409423398388925e-8	1.7029669407394304e-9	3.84999312344864e-6	1.1330070753928815e-8	1.0114636952131297e-9	3.959839299438431e-5
354.0	2.241873914900313e-8	1.7026435254595744e-9	3.849992713153144e-6	1.1332831371321184e-8	1.0120260811364876e-9	3.95983932266734e-5
355.0	2.2493857249468547e-8	1.7015714825182996e-9	3.849992479953232e-6	1.13317211529469e-8	1.0119758058080153e-9	3.9598392977629586e-5
356.0	2.241937666184064e-8	1.701906062532427e-9	3.849992767968056e-6	1.1333641170036276e-8	1.0121433820028648e-9	3.9598393092235225e-5
357.0	2.236997146634255e-8	1.7028934431997967e-9	3.849992755161614e-6	1.1334141402013738e-8	1.0122164889937734e-9	3.959839286622138e-5
358.0	2.2412789623304294e-8	1.702231524396818e-9	3.8499927361971405e-6	1.1334068643001774e-8	1.0120034947764242e-9	3.9598392979901844e-5
359.0	2.246421114093551e-8	1.7047911129537652e-9	3.849992776295441e-6	1.1333642961662688e-8	1.0123851704855708e-9	3.959839305846955e-5
360.0	2.2465049077355772e-8	1.7044326657426325e-9	3.849992594162238e-6	1.133283319762745e-8	1.0119867883685235e-9	3.959839316342358e-5
361.0	2.2406662784623224e-8	1.7037800219525685e-9	3.8499923902322515e-6	1.1331393415067163e-8	1.0121711634056372e-9	3.959839341719886e-5
362.0	2.2396837618977283e-8	1.704973795716054e-9	3.849993241384525e-6	1.1330301908112999e-8	1.0120474849211727e-9	3.959839349365344e-5
363.0	2.242799099343028e-8	1.705140058813882e-9	3.849992894211292e-6	1.1328844055842866e-8	1.0119653833244722e-9	3.959839375863527e-5
364.0	2.2425230551504146e-8	1.7031936821967415e-9	3.849993036327669e-6	1.1327570912922228e-8	1.0121745567121164e-9	3.9598393911881435e-5
365.0	2.2452060076205927e-8	1.7059453305977629e-9	3.849992727534331e-6	1.1328125297747952e-8	1.0118515647669243e-9	3.959839388590747e-5
366.0	2.2438796140055605e-8	1.705077671178767e-9	3.849992364323817e-6	1.1326395851408063e-8	1.0123228027404381e-9	3.959839400634814e-5
367.0	2.2426547311247462e-8	1.7055043053096075e-9	3.849992097276032e-6	1.1331023148952289e-8	1.0119374484911071e-9	3.9598393640254625e-5
368.0	2.2401404894094796e-8	1.7052698842209192e-9	3.849992560772769e-6	1.1330125586210439e-8	1.0120684308490726e-9	3.959839351971861e-5
369.0	2.2407175654643657e-8	1.7055471603227633e-9	3.849993156852463e-6	1.1335447439682425e-8	1.0118909585806233e-9	3.959839309627583e-5
370.0	2.2464599979229903e-8	1.705034449012783e-9	3.849993237194036e-6	1.1335591363006056e-8	1.0115552742318196e-9	3.9598392821885645e-5
371.0	2.247103658779446e-8	1.7055495202975787e-9	3.849993122583191e-6	1.1339056999630331e-8	1.0117233858541907e-9	3.9598392643662425e-5
372.0	2.2410713255147876e-8	1.7068631572332788e-9	3.849992451176527e-6	1.1338975080695818e-8	1.0111511897883244e-9	3.959839224763797e-5
373.0	2.2388488024473616e-8	1.7050007721609266e-9	3.8499927798312025e-6	1.1340590402755242e-8	1.011785248069856e-9	3.9598392488754634e-5
374.0	2.242490377912395e-8	1.706416222946205e-9	3.849991791650304e-6	1.1338674284948824e-8	1.0116154555362293e-9	3.9598392227568556e-5
375.0	2.2454044578238835e-8	1.7064701431990832e-9	3.84999218874276e-6	1.1338945079486934e-8	1.0120869692744422e-9	3.959839267219721e-5
376.0	2.245196928291928e-8	1.7073323005941378e-9	3.8499934002555975e-6	1.133432494657998e-8	1.0122028090419395e-9	3.959839254712304e-5
377.0	2.2405781190076224e-8	1.706323591138222e-9	3.849993440982529e-6	1.1332742003931583e-8	1.0119734009852284e-9	3.959839274670624e-5
378.0	2.2425455596082916e-8	1.7068361053925357e-9	3.849992600232771e-6	1.1328795661512591e-8	1.0122181969130102e-9	3.9598392581971356e-5
379.0	2.2437894220801946e-8	1.7084859017304495e-9	3.84999267827256e-6	1.1326279254913986e-8	1.0115370158603523e-9	3.9598392442356914e-5
380.0	2.242947281153921e-8	1.7080651998488815e-9	3.84999281554434e-6	1.1326335326721272e-8	1.0120236595768332e-9	3.959839235256261e-5
381.0	2.244102032170562e-8	1.707978565539545e-9	3.849992056658107e-6	1.1325214154499656e-8	1.011656600554982e-9	3.959839223115445e-5
382.0	2.245486068785664e-8	1.7082314606824553e-9	3.849992721850726e-6	1.132806404235313e-8	1.0121011336082732e-9	3.959839215185172e-5
383.0	2.243975937178084e-8	1.7083628784735022e-9	3.849993391137916e-6	1.1329183186018104e-8	1.0120869963133082e-9	3.9598392030965005e-5
384.0	2.2415989198709327e-8	1.7080527729620676e-9	3.849992767941382e-6	1.133263517137497e-8	1.01203551607864e-9	3.95983918381218e-5
385.0	2.243291421076629e-8	1.709044943459389e-9	3.849992879590052e-6	1.133399530926437e-8	1.0123682266906457e-9	3.959839179517109e-5
386.0	2.2462154648202722e-8	1.709452912460433e-9	3.849992631145303e-6	1.1337012444916044e-8	1.0120671386195504e-9	3.959839159501568e-5
387.0	2.245804513661605e-8	1.7080030507017453e-9	3.849992950007562e-6	1.1336604425720664e-8	1.012457281585204e-9	3.9598391627498466e-5
388.0	2.241312094881616e-8	1.7096750191493469e-9	3.849993450553791e-6	1.1338992601461416e-8	1.0120748832124256e-9	3.9598391645130825e-5
389.0	2.2433348092836967e-8	1.709166272049556e-9	3.8499930873991495e-6	1.1335453481942873e-8	1.0120567608098257e-9	3.959839152345664e-5
390.0	2.2473696014059704e-8	1.7087055937353224e-9	3.849992546504374e-6	1.1336793521346304e-8	1.0119079263694914e-9	3.959839172605056e-5
391.0	2.244847646616131e-8	1.710193454268632e-9	3.8499924343714255e-6	1.1334604868088102e-8	1.0116973956406156e-9	3.959839155860113e-5
392.0	2.2429247204619696e-8	1.7087878542895322e-9	3.849992691943066e-6	1.1333699193735734e-8	1.0120267076475694e-9	3.9598391763455216e-5
393.0	2.2435127821216666e-8	1.7098619424959682e-9	3.849992310124507e-6	1.133317914500576e-8	1.012013354098974e-9	3.959839173326522e-5
394.0	2.2471887073741786e-8	1.7097963518027691e-9	3.849993581226586e-6	1.1332045117474324e-8	1.0124858702855594e-9	3.959839161933599e-5
395.0	2.245172720099272e-8	1.7102390704985207e-9	3.849993315465724e-6	1.1330187337862612e-8	1.0124606830441425e-9	3.959839179925102e-5
396.0	2.242421860620162e-8	1.7098117598250382e-9	3.849992731495936e-6	1.1330540173696126e-8	1.0124636808451431e-9	3.959839146509056e-5
397.0	2.244572112382912e-8	1.7107224893320597e-9	3.849992431540773e-6	1.1329376557969452e-8	1.0124599138646222e-9	3.9598392057857075e-5
398.0	2.2479272442259953e-8	1.7101790507636663e-9	3.849992491602366e-6	1.133069372673556e-8	1.0120892548912283e-9	3.9598391830143245e-5
399.0	2.2427821687019814e-8	1.7098019081102059e-9	3.849992129243873e-6	1.1331124681698034e-8	1.0121761420979801e-9	3.9598392479912756e-5
400.0	2.2431582676889586e-8	1.7112008835250865e-9	3.849993243256262e-6	1.1331429811665353e-8	1.0119808310052344e-9	3.959839238127916e-5
401.0	2.2463693104085e-8	1.7116075269315022e-9	3.849993266575028e-6	1.1333143242705056e-8	1.012128971065709e-9	3.959839256708245e-5
402.0	2.247247764455309e-8	1.7097596395291113e-9	3.8499930393219355e-6	1.1331852857579964e-8	1.012252348168726e-9	3.959839269669227e-5
403.0	2.2431470626105594e-8	1.7119854268003937e-9	3.849993050245457e-6	1.1333676416207001e-8	1.0123305813951192e-9	3.95983925263575e-5
404.0	2.241226169246061e-8	1.710816888585207e-9	3.849992847683207e-6	1.1334711722870883e-8	1.0123787340860887e-9	3.9598392709368865e-5
405.0	2.2493755665129595e-8	1.7108729872194586e-9	3.849992043463914e-6	1.1334595629374835e-8	1.0122931454067016e-9	3.959839251963585e-5
406.0	2.247480449115147e-8	1.711240544185823e-9	3.849992752467178e-6	1.133710622143345e-8	1.012270129500608e-9	3.9598392780210764e-5
407.0	2.243952014953028e-8	1.7116125083788991e-9	3.84999334828751e-6	1.133556428722731e-8	1.012137111122897e-9	3.959839264906768e-5
408.0	2.241052670801456e-8	1.7119711461702917e-9	3.849992550808065e-6	1.1334981898937527e-8	1.0119831803392335e-9	3.959839288706633e-5
409.0	2.248598295883372e-8	1.7123676291412957e-9	3.849993293510935e-6	1.1334049711015895e-8	1.011999561281896e-9	3.9598392991496844e-5
410.0	2.2498443254771668e-8	1.713724057430149e-9	3.849992925946219e-6	1.1331005199170332e-8	1.0117657378309988e-9	3.959839315475263e-5
411.0	2.2441302590063522e-8	1.7115795554832507e-9	3.849992512545592e-6	1.1331092304605441e-8	1.0117186440852954e-9	3.9598393257345067e-5
412.0	2.2432757391385078e-8	1.7127879028150706e-9	3.849992262269589e-6	1.132979694638137e-8	1.011701312451463e-9	3.959839331461899e-5
413.0	2.246676230544334e-8	1.713810120557455e-9	3.849993396159036e-6	1.1329708337240732e-8	1.0116777650910757e-9	3.9598393277559366e-5
414.0	2.2495802833407474e-8	1.7128487254476008e-9	3.849992741083389e-6	1.1330875204845328e-8	1.011959780198139e-9	3.959839332890254e-5
415.0	2.243367957509208e-8	1.7132533706136148e-9	3.849992851159568e-6	1.1330986907987754e-8	1.0120948652179886e-9	3.9598393169587574e-5
416.0	2.2459581902185786e-8	1.7145394181647001e-9	3.849993067684128e-6	1.1332475841946148e-8	1.012334398419961e-9	3.959839309526838e-5
417.0	2.2458941447741434e-8	1.7140872529462519e-9	3.849992407571274e-6	1.1335583638412656e-8	1.0124245312144592e-9	3.95983929963582e-5
418.0	2.246862710100035e-8	1.7138111943491227e-9	3.84999260118776e-6	1.133498018598857e-8	1.0123468080639234e-9	3.959839279452844e-5
419.0	2.243342604326578e-8	1.7134724500209509e-9	3.849993139309045e-6	1.1339148875922656e-8	1.0124959788896604e-9	3.9598392817918346e-5
420.0	2.2461063282927826e-8	1.7139924960696755e-9	3.849993102393224e-6	1.1336770284782968e-8	1.011987120740282e-9	3.959839250894203e-5
421.0	2.2501652084686166e-8	1.7133086511724974e-9	3.849992955732098e-6	1.1338082601158038e-8	1.0124951020918344e-9	3.9598392652662584e-5
422.0	2.2460559219073925e-8	1.7142840162628628e-9	3.849992886776373e-6	1.1334510284454062e-8	1.0119558589688642e-9	3.959839236273514e-5
423.0	2.245836366276983e-8	1.7150674838425826e-9	3.8499919817411394e-6	1.1332500395046708e-8	1.0123662821536438e-9	3.959839251194497e-5
424.0	2.245552683750743e-8	1.7154118704011047e-9	3.84999257748014e-6	1.1330074012295266e-8	1.012244453044143e-9	3.95983923021635e-5
425.0	2.2497978930761754e-8	1.716595013489669e-9	3.84999353079637e-6	1.1328163795854736e-8	1.0122419512770536e-9	3.959839242739802e-5
426.0	2.2461720429987408e-8	1.7156017249471954e-9	3.8499933013822394e-6	1.1326591572993183e-8	1.0126329080559353e-9	3.959839222995553e-5
427.0	2.2451130040605494e-8	1.7167358591443542e-9	3.849992969107536e-6	1.1326632999918557e-8	1.0120554497779739e-9	3.959839230865349e-5
428.0	2.246501476308263e-8	1.715098851715879e-9	3.849993057240225e-6	1.132711534532069e-8	1.0128583433132275e-9	3.95983922766789e-5
429.0	2.246388488123266e-8	1.7166403222659192e-9	3.849992164891964e-6	1.1328198102707183e-8	1.011866980247803e-9	3.959839211313418e-5
430.0	2.2472259844435565e-8	1.7161891063218848e-9	3.849991957000924e-6	1.1331719321118934e-8	1.0125251296406314e-9	3.9598392374645805e-5
431.0	2.245168306491722e-8	1.7172335731908718e-9	3.849993094255875e-6	1.1332114048662708e-8	1.0117354286758466e-9	3.959839190658022e-5
432.0	2.2475167116820933e-8	1.7178107372572129e-9	3.8499932010844125e-6	1.1337071146871134e-8	1.0118534481617872e-9	3.9598392261946994e-5
433.0	2.2451080086747112e-8	1.7165331131174668e-9	3.849993214664842e-6	1.1336824453195207e-8	1.0119156020019653e-9	3.9598391519594925e-5
434.0	2.2450238315776185e-8	1.7176086950715736e-9	3.849992822298841e-6	1.1340130777100884e-8	1.0115180348444283e-9	3.9598391858532706e-5
435.0	2.248637415758068e-8	1.7165377763572874e-9	3.849992551321959e-6	1.1337886646118589e-8	1.0125163205862499e-9	3.959839123806995e-5
436.0	2.2471442566812275e-8	1.7171753704601776e-9	3.849992354772885e-6	1.1337819013972456e-8	1.0116745007386674e-9	3.959839160004649e-5
437.0	2.2451584166619098e-8	1.716460169292459e-9	3.849992225813845e-6	1.133415001265681e-8	1.012753219686593e-9	3.959839134687736e-5
438.0	2.2440527934386198e-8	1.7169638565022954e-9	3.849992637804017e-6	1.1332790776491078e-8	1.0117241548774618e-9	3.959839166390562e-5
439.0	2.2492788145402887e-8	1.7187812638383434e-9	3.849992833807489e-6	1.13294852558908e-8	1.0122515795860214e-9	3.9598391556706074e-5
440.0	2.2505585674350587e-8	1.7180789666517932e-9	3.8499928631004704e-6	1.1328628877714155e-8	1.011939153460002e-9	3.959839177534746e-5
441.0	2.2436249010200166e-8	1.718009777018057e-9	3.849992929568488e-6	1.1328028394843903e-8	1.0118234975510086e-9	3.9598391863745536e-5
442.0	2.2423057400808768e-8	1.7195027911481884e-9	3.849993072571376e-6	1.1327436016132619e-8	1.0124780057647573e-9	3.95983919799636e-5
443.0	2.249007692119278e-8	1.7188872121925667e-9	3.849992579015346e-6	1.1329141751724258e-8	1.011585727171536e-9	3.959839215290092e-5
444.0	2.2503140575641925e-8	1.7180589639389285e-9	3.8499928287429e-6	1.1328958737563087e-8	1.0127322399525212e-9	3.9598392024885504e-5
445.0	2.24597810262791e-8	1.7194412074355668e-9	3.84999262210746e-6	1.1332327349009783e-8	1.0118396753831213e-9	3.9598392310932807e-5
446.0	2.2422621958299734e-8	1.719146469318662e-9	3.849992818361287e-6	1.1331858704430568e-8	1.0127168902491954e-9	3.959839195598308e-5
447.0	2.246036708501938e-8	1.7193907423396599e-9	3.849992168230384e-6	1.1335884540557909e-8	1.012410698704631e-9	3.9598392340048846e-5
448.0	2.2481464666611873e-8	1.7189360322221967e-9	3.849992833673633e-6	1.1334215880238045e-8	1.0126020259164485e-9	3.95983918898349e-5
449.0	2.244152349691476e-8	1.7205962911905024e-9	3.849993099183235e-6	1.1336349011307222e-8	1.0127459369853222e-9	3.95983922485964e-5
450.0	2.246084493105156e-8	1.7201746931495618e-9	3.849993130777669e-6	1.133397722277037e-8	1.0124318000573196e-9	3.9598391988653006e-5
451.0	2.248692746126966e-8	1.7198354032291418e-9	3.8499932222102825e-6	1.1334451845809541e-8	1.0128870363238301e-9	3.959839210749746e-5
452.0	2.2464252353968027e-8	1.7208021756156655e-9	3.84999280369053e-6	1.1332839179138132e-8	1.0123333771891794e-9	3.9598392230753894e-5
453.0	2.242574363480711e-8	1.71984513682577e-9	3.849992403364735e-6	1.133253203342899e-8	1.0129459027040493e-9	3.959839212931624e-5
454.0	2.2450262314859038e-8	1.7210492573647035e-9	3.849991891770384e-6	1.133192275885547e-8	1.0125669848256376e-9	3.9598392500040644e-5
455.0	2.252962733208938e-8	1.721610682938004e-9	3.849992782222048e-6	1.1331800092870568e-8	1.0127736556070584e-9	3.959839220512265e-5
456.0	2.2502660473285718e-8	1.7214914372283517e-9	3.849992626479404e-6	1.133136934850096e-8	1.012733203555627e-9	3.959839259517869e-5
457.0	2.2415527076673447e-8	1.7202218066975576e-9	3.8499931389117165e-6	1.1330897161548297e-8	1.012467478368399e-9	3.959839251904748e-5
458.0	2.2431765684651457e-8	1.7204723751446851e-9	3.849993201155876e-6	1.1331912851751245e-8	1.012625370934699e-9	3.959839272980171e-5
459.0	2.2509479105989316e-8	1.7208994996456087e-9	3.849992784669942e-6	1.1330894436581618e-8	1.0123240842042146e-9	3.959839305299949e-5
460.0	2.2541834395065938e-8	1.7192802964869097e-9	3.849992639961834e-6	1.1334194859780935e-8	1.0124729506820603e-9	3.9598393080054816e-5
461.0	2.2458538514610133e-8	1.7208435758229156e-9	3.849992223472631e-6	1.1331670498606753e-8	1.0122952328962775e-9	3.959839373241942e-5
462.0	2.2436559810555453e-8	1.7205069028452926e-9	3.849992099763032e-6	1.1334876261408255e-8	1.0121631862456053e-9	3.959839350830379e-5
463.0	2.2470765395488204e-8	1.7215510867255015e-9	3.84999144006842e-6	1.1331715114776354e-8	1.0120584940628769e-9	3.959839413367008e-5
464.0	2.2485874923800268e-8	1.7227759230899319e-9	3.8499922904055824e-6	1.1334080087738003e-8	1.0119759342214912e-9	3.9598393549842924e-5
465.0	2.248772756062275e-8	1.7221583812263757e-9	3.849993290510451e-6	1.133297490067558e-8	1.0119608222558694e-9	3.9598393941491274e-5
466.0	2.2475709243995492e-8	1.722466095113107e-9	3.849993382816533e-6	1.1333531740036325e-8	1.0119672034634275e-9	3.959839330253922e-5
467.0	2.2494779145158074e-8	1.7204984875319506e-9	3.849993099876406e-6	1.1333355649481642e-8	1.0121012203228195e-9	3.959839338560049e-5
468.0	2.2451783123937432e-8	1.7220886279502393e-9	3.84999229949566e-6	1.1334014129292636e-8	1.0122200620254215e-9	3.9598393054276866e-5
469.0	2.2447442692718196e-8	1.7218813404229377e-9	3.849991706607128e-6	1.1332091097240862e-8	1.0121428168807639e-9	3.959839284118138e-5
470.0	2.247636210490704e-8	1.720662190465622e-9	3.849991477004199e-6	1.1332780970229845e-8	1.0120747691758152e-9	3.959839302751668e-5
471.0	2.2536940285608567e-8	1.7237189798480791e-9	3.8499926794012656e-6	1.13308431392493e-8	1.0120054340981768e-9	3.9598392832006266e-5
472.0	2.2471483315620006e-8	1.722448969944147e-9	3.8499938402180425e-6	1.1330865711004559e-8	1.0119700894087933e-9	3.9598393222400146e-5
473.0	2.2462417000370336e-8	1.7232548559243578e-9	3.849993268924546e-6	1.133221556786267e-8	1.012144786582455e-9	3.959839319654671e-5
474.0	2.2448424458437822e-8	1.7224756338366093e-9	3.849992995333748e-6	1.1329735818384785e-8	1.0120347744500392e-9	3.959839317885131e-5
475.0	2.25262763204481e-8	1.7230744148724943e-9	3.849992505208585e-6	1.1333066805020473e-8	1.012452673842798e-9	3.9598393249555996e-5
476.0	2.2509454223192628e-8	1.7223084619828524e-9	3.849991908300239e-6	1.1330197851251108e-8	1.0122791416140046e-9	3.959839277001986e-5
477.0	2.2461415779088883e-8	1.7217589654268739e-9	3.849992378464735e-6	1.1332315672437698e-8	1.0124047640180787e-9	3.9598392850893576e-5
478.0	2.248635276296835e-8	1.7235068791701335e-9	3.849992974545769e-6	1.1332363688889502e-8	1.012507347173386e-9	3.9598392448442175e-5
479.0	2.2476799426608096e-8	1.7219617139770737e-9	3.849992843218819e-6	1.1333187241381055e-8	1.01215347763236e-9	3.9598392427394965e-5
480.0	2.2501985913533703e-8	1.7242510917547073e-9	3.849992173560036e-6	1.1333683184121109e-8	1.01232402722025e-9	3.959839217963021e-5
481.0	2.2467372334022752e-8	1.7239876026172665e-9	3.849993013652073e-6	1.13346450120361e-8	1.011783985988525e-9	3.959839203473093e-5
482.0	2.2478590537874426e-8	1.724205505090482e-9	3.849992196579208e-6	1.1333111452497532e-8	1.0121647500437347e-9	3.9598392002493457e-5
483.0	2.2501390714705052e-8	1.7235788612482026e-9	3.849992564286307e-6	1.1334544546741414e-8	1.011872142299015e-9	3.9598391817804746e-5
484.0	2.2479948519513136e-8	1.7252002752589087e-9	3.849992383899153e-6	1.1332255884154224e-8	1.0119908697165871e-9	3.959839203592295e-5
485.0	2.2469698122858802e-8	1.7239312679148464e-9	3.849992659096004e-6	1.1333179845242547e-8	1.012248925525273e-9	3.9598391891532384e-5
486.0	2.2498332927981445e-8	1.7241282725940908e-9	3.849992181270628e-6	1.1332635065697206e-8	1.0118483160347372e-9	3.959839212468251e-5
487.0	2.2476812457644738e-8	1.7242863614287032e-9	3.849992364743867e-6	1.1330597527431185e-8	1.0123791595584255e-9	3.9598392072821565e-5
488.0	2.250022449985788e-8	1.723162599410395e-9	3.849992303782803e-6	1.1331576397225306e-8	1.0116546290283054e-9	3.959839223331412e-5
489.0	2.2491726157856712e-8	1.724685921928839e-9	3.849992326625478e-6	1.1329356747307796e-8	1.0123420722846813e-9	3.9598392202921476e-5
490.0	2.250925943912127e-8	1.725578845574427e-9	3.8499924810311985e-6	1.133036917930819e-8	1.011965212615229e-9	3.959839215986571e-5
491.0	2.248933346876856e-8	1.724865784239499e-9	3.849992504471514e-6	1.1330058352655227e-8	1.0123464211524848e-9	3.9598391899974985e-5
492.0	2.243945289348869e-8	1.7254905963287429e-9	3.849992561516477e-6	1.1330900271982061e-8	1.012480906011944e-9	3.959839177425583e-5
493.0	2.2504180072168678e-8	1.7258701383780985e-9	3.849992977175466e-6	1.1330855333776649e-8	1.0122911511183492e-9	3.95983915713671e-5
494.0	2.2516636360919474e-8	1.725756264567667e-9	3.849991965014446e-6	1.1332123540033669e-8	1.0125987294014105e-9	3.959839142790887e-5
495.0	2.2504562089822105e-8	1.725504219076106e-9	3.849992339590165e-6	1.133191368056553e-8	1.0120483677394703e-9	3.959839164504144e-5
496.0	2.244437928889745e-8	1.7259682186885547e-9	3.84999245616683e-6	1.133365657152608e-8	1.0125325105769904e-9	3.9598391604047356e-5
497.0	2.2451224641550112e-8	1.7256170714682814e-9	3.849991942375193e-6	1.1333283434404863e-8	1.0119716592643022e-9	3.959839212135817e-5
498.0	2.2512404618255863e-8	1.7258041422288899e-9	3.849992447312501e-6	1.1334552178436344e-8	1.0125817439116001e-9	3.959839209677898e-5
499.0	2.2499275019010705e-8	1.7269195549107287e-9	3.8499924525761846e-6	1.1333893905373797e-8	1.0124499984072562e-9	3.959839248734091e-5
500.0	2.2471773981121556e-8	1.726846952789479e-9	3.849992885002535e-6	1.1333132936861849e-8	1.0127209831240395e-9	3.9598392489369784e-5
501.0	2.24619261170315e-8	1.7274101706587103e-9	3.8499922351270595e-6	1.1332410020269616e-8	1.013128706512486e-9	3.9598392599445395e-5
502.0	2.2484373543796672e-8	1.7261082412459073e-9	3.8499929461754764e-6	1.1331618324146477e-8	1.0126703775065354e-9	3.959839267691887e-5
503.0	2.247234975848969e-8	1.7267966233198471e-9	3.849992381795976e-6	1.1330493767769208e-8	1.0132474369156265e-9	3.959839266324939e-5
504.0	2.247249819311027e-8	1.7266700228128952e-9	3.8499915947875714e-6	1.1330701534702958e-8	1.0124217740123462e-9	3.959839284317101e-5
505.0	2.2518349602258285e-8	1.725799228734691e-9	3.849991989100131e-6	1.1329978870496009e-8	1.0127116091087742e-9	3.959839284092622e-5
506.0	2.2503438578773345e-8	1.7264138937284556e-9	3.849992752733552e-6	1.1329427444410562e-8	1.0120290297070675e-9	3.959839306726431e-5
507.0	2.2476498786536913e-8	1.726496468729805e-9	3.849992356805432e-6	1.1329915122753003e-8	1.012014042199558e-9	3.9598393022460825e-5
508.0	2.2440128997374227e-8	1.7265228427025072e-9	3.849992563903916e-6	1.1330140671853831e-8	1.0116481506037241e-9	3.959839314720962e-5
509.0	2.2515990541741674e-8	1.7274627447808832e-9	3.849993186937821e-6	1.1331425784146206e-8	1.0115476059589216e-9	3.9598393111471045e-5
510.0	2.2550133097886627e-8	1.7268803441794978e-9	3.849992353672365e-6	1.1333898220559107e-8	1.0118214832891564e-9	3.9598393104305613e-5
511.0	2.249187105627207e-8	1.7273176618546267e-9	3.8499917241223315e-6	1.1333711091693555e-8	1.0116457419320933e-9	3.9598392991632213e-5
512.0	2.246587904312434e-8	1.7268445837966533e-9	3.84999211450883e-6	1.133630082324627e-8	1.0123001707854608e-9	3.9598392956608546e-5
513.0	2.2474955464056046e-8	1.727793417627297e-9	3.849992183128722e-6	1.1335206216127603e-8	1.0120416698514393e-9	3.959839293883684e-5
514.0	2.2522726160490143e-8	1.7267322871931906e-9	3.849991552289302e-6	1.1335436479734719e-8	1.0124447452157231e-9	3.959839299753449e-5
515.0	2.2525376797754277e-8	1.7289193744769241e-9	3.8499924759436586e-6	1.1335134918290092e-8	1.0122177244371403e-9	3.959839296335594e-5
516.0	2.2481120271823113e-8	1.727642402682001e-9	3.849993156923612e-6	1.1332800260634978e-8	1.0120687848592712e-9	3.9598393026755614e-5
517.0	2.2505926793962435e-8	1.7274269757665174e-9	3.849992383680857e-6	1.133285401651983e-8	1.0119996585866078e-9	3.9598392829330895e-5
518.0	2.247717325972401e-8	1.7280246944550418e-9	3.84999237457869e-6	1.1330061448512842e-8	1.0118207710387255e-9	3.9598392969931677e-5
519.0	2.249313422078516e-8	1.7286193468895343e-9	3.849991633623383e-6	1.1329292923917773e-8	1.0121978912067403e-9	3.959839267386218e-5
520.0	2.2510969762657923e-8	1.727938020719149e-9	3.849991912606921e-6	1.1327933507754291e-8	1.0123004137983864e-9	3.959839276827256e-5
521.0	2.2514350537398854e-8	1.7289121343261645e-9	3.8499917435611e-6	1.1328783336469912e-8	1.0128605415459047e-9	3.959839247544082e-5
522.0	2.2501468870229683e-8	1.729586335627998e-9	3.849992579373997e-6	1.1328815322536939e-8	1.0130252450456475e-9	3.9598392395601807e-5
523.0	2.246308567123279e-8	1.7295320587659735e-9	3.849992952914574e-6	1.1332640649437807e-8	1.0132133341793735e-9	3.9598392287289244e-5
524.0	2.250729111484679e-8	1.7294817201329824e-9	3.849992586219321e-6	1.1331648993640689e-8	1.0134114795353411e-9	3.9598392031405456e-5
525.0	2.2509947523051796e-8	1.7288804323195271e-9	3.849992180909321e-6	1.1336513427308621e-8	1.0132543098714172e-9	3.9598392078776824e-5
526.0	2.251529756270252e-8	1.7291055139745115e-9	3.849992010678473e-6	1.1335009645772504e-8	1.013337480695e-9	3.959839179022798e-5
527.0	2.2478916890451216e-8	1.7281141677991167e-9	3.84999244895896e-6	1.1337512263771599e-8	1.0130646945150291e-9	3.959839187610077e-5
528.0	2.2509221522148568e-8	1.7284066754427116e-9	3.8499918933624925e-6	1.133642858218866e-8	1.0131236469430834e-9	3.959839166947118e-5
529.0	2.2513199435334772e-8	1.728834865973696e-9	3.849992371986151e-6	1.1335801935637935e-8	1.0126479393907967e-9	3.959839169210195e-5
530.0	2.2501619254291814e-8	1.7293575421214196e-9	3.849992577729321e-6	1.1334338531089525e-8	1.012659879836528e-9	3.959839164822051e-5
531.0	2.2513867339994333e-8	1.7300135655068272e-9	3.849991805350293e-6	1.1331671600072371e-8	1.012516125461057e-9	3.9598391601294505e-5
532.0	2.2500342967252955e-8	1.7289068205654399e-9	3.849992238119917e-6	1.1329335678257054e-8	1.0122967999336017e-9	3.959839169952697e-5
533.0	2.2527991111912735e-8	1.7313618298524936e-9	3.84999263468523e-6	1.1326488055570842e-8	1.0125887524216564e-9	3.959839148570902e-5
534.0	2.2503123526647376e-8	1.7295875863728641e-9	3.849992387064749e-6	1.1326147820379585e-8	1.0122798772174951e-9	3.959839176943739e-5
535.0	2.2508522015035142e-8	1.7308381863500819e-9	3.849991870251204e-6	1.1324183190527548e-8	1.0124810472153007e-9	3.959839145322233e-5
536.0	2.2531273568567265e-8	1.7290454952594409e-9	3.849992663783892e-6	1.1328794548459757e-8	1.0120966748362106e-9	3.959839168994784e-5
537.0	2.2496776008765293e-8	1.72906815164584e-9	3.849992133969234e-6	1.1327939228501407e-8	1.0119651857829746e-9	3.959839143200549e-5
538.0	2.251381793004316e-8	1.7293140256834984e-9	3.849991720254876e-6	1.1334852306067993e-8	1.0117410904775694e-9	3.9598391721192385e-5
539.0	2.2508766040208265e-8	1.7308210971407125e-9	3.849992187441617e-6	1.1335645555495939e-8	1.0113681127936539e-9	3.9598391611704e-5
540.0	2.252873093323338e-8	1.731611751330739e-9	3.84999282872e-6	1.1341542569398476e-8	1.0116508951600783e-9	3.959839190092461e-5
541.0	2.2514897306152843e-8	1.7313850438497817e-9	3.849992487986541e-6	1.1342148280149769e-8	1.0112904729215843e-9	3.959839190403543e-5
542.0	2.2489308367377823e-8	1.7315735073759945e-9	3.849992413473509e-6	1.1344771475263286e-8	1.011845489964884e-9	3.9598391981323135e-5
543.0	2.2522290986583916e-8	1.7317546417257415e-9	3.849992566911339e-6	1.1342281389401792e-8	1.0117259808014533e-9	3.959839215833068e-5
544.0	2.2515416924228877e-8	1.7311578566588988e-9	3.849991805309274e-6	1.1340614120487419e-8	1.012050240174542e-9	3.959839192107441e-5
545.0	2.2531325338920798e-8	1.731585877711603e-9	3.849991860796429e-6	1.133562426016925e-8	1.0120467589545104e-9	3.959839220100255e-5
546.0	2.2505008128915173e-8	1.7316760846185864e-9	3.849992457436441e-6	1.1331258008374744e-8	1.012028265375496e-9	3.959839184340762e-5
547.0	2.2508165732397366e-8	1.7304013638728993e-9	3.8499924507622745e-6	1.1328530580381517e-8	1.0121780669485803e-9	3.9598392246508795e-5
548.0	2.2525515783845415e-8	1.7322775676165544e-9	3.849992587418576e-6	1.1323481128569537e-8	1.0120498903399747e-9	3.959839199893723e-5
549.0	2.251715247284605e-8	1.732257272490807e-9	3.849992547519025e-6	1.132546958329553e-8	1.0123384913429638e-9	3.959839234824416e-5
550.0	2.2534299437413936e-8	1.7325722520999475e-9	3.849991861833042e-6	1.1322059732917081e-8	1.0122207900704965e-9	3.9598392324828985e-5
551.0	2.2521387438818115e-8	1.7314972659614717e-9	3.849992139992691e-6	1.1327229355305135e-8	1.0125672248221368e-9	3.9598392490396096e-5
552.0	2.250650295223694e-8	1.7330348603458067e-9	3.849992244285753e-6	1.1327954218805828e-8	1.0124674539300202e-9	3.9598392572316515e-5
553.0	2.2509887572581886e-8	1.7317995299567229e-9	3.849992314100253e-6	1.1333771602833584e-8	1.0126330463410983e-9	3.959839269140045e-5
554.0	2.2523281155572116e-8	1.7324896392743053e-9	3.8499923563935885e-6	1.133628714399304e-8	1.0125079438924156e-9	3.95983926245768e-5
555.0	2.2532503081443635e-8	1.7332877832791945e-9	3.849992510480599e-6	1.13407892211203e-8	1.0125265959693718e-9	3.9598392843034953e-5
556.0	2.252577963429981e-8	1.7319206469349815e-9	3.849992113834304e-6	1.133973096440972e-8	1.0124809795586243e-9	3.959839268867165e-5
557.0	2.2482381838091096e-8	1.7321145684290507e-9	3.8499917712620545e-6	1.1341411646967508e-8	1.0123196401757018e-9	3.95983928490598e-5
558.0	2.2536518815260993e-8	1.7325457951506308e-9	3.849992569480352e-6	1.1337705800703085e-8	1.012649878603235e-9	3.959839270369426e-5
559.0	2.2512110128528464e-8	1.7345095022902426e-9	3.849992134402996e-6	1.133694689391858e-8	1.0124685181983948e-9	3.959839275071577e-5
560.0	2.253098117883764e-8	1.734799056957952e-9	3.849992101811262e-6	1.1333957374195853e-8	1.0130130747982636e-9	3.9598392938249913e-5
561.0	2.2513588184815962e-8	1.7360640942161374e-9	3.84999244232901e-6	1.1330320460280234e-8	1.0126671381443928e-9	3.95983927738043e-5
562.0	2.2506197620955985e-8	1.735802016428579e-9	3.849992336939235e-6	1.1330411903563132e-8	1.0130148782323765e-9	3.959839336407485e-5
563.0	2.252474348844466e-8	1.7345823424069412e-9	3.849991785786271e-6	1.1325864675031507e-8	1.0125729651969645e-9	3.959839289117142e-5
564.0	2.2504961061103213e-8	1.734361339136645e-9	3.849992194663496e-6	1.1328646927456553e-8	1.0125477814995976e-9	3.959839354564466e-5
565.0	2.2545130966291142e-8	1.7343189431918998e-9	3.849992353998687e-6	1.1328074105101551e-8	1.0127796287524018e-9	3.9598392963181386e-5
566.0	2.2525041137532003e-8	1.7330716483520383e-9	3.849992079313929e-6	1.1331188746514567e-8	1.0125937778363606e-9	3.959839331646672e-5
567.0	2.252478691796035e-8	1.733853519996026e-9	3.849992337553697e-6	1.1333191856035325e-8	1.0134569294409778e-9	3.959839289571354e-5
568.0	2.2503883857424447e-8	1.7356814043310581e-9	3.849992260331092e-6	1.1334957621184163e-8	1.0129224199195162e-9	3.9598392896330775e-5
569.0	2.2517722460081808e-8	1.7348524176508851e-9	3.849992449872593e-6	1.1334632952654631e-8	1.0135451245170787e-9	3.959839275776183e-5
570.0	2.2562193333894167e-8	1.7377920575395988e-9	3.849992172095115e-6	1.1335984206075186e-8	1.0128325184982813e-9	3.9598392443993897e-5
571.0	2.2525738916193077e-8	1.7363720058739587e-9	3.8499919776896496e-6	1.1333301073086866e-8	1.012639629828047e-9	3.959839257724002e-5
572.0	2.2511255218432407e-8	1.7353719486973944e-9	3.849992135591611e-6	1.1334891328210542e-8	1.012484732757292e-9	3.95983921842567e-5
573.0	2.250469319144526e-8	1.735950174198174e-9	3.849992060492472e-6	1.133331748043139e-8	1.0121136535653286e-9	3.959839262240029e-5
574.0	2.2539687616522594e-8	1.7340877350391708e-9	3.849991896650162e-6	1.1332104740792533e-8	1.0127343487668751e-9	3.959839211187994e-5
575.0	2.2544582607131045e-8	1.736269961061948e-9	3.849992032345197e-6	1.1333673986656314e-8	1.0123901175113458e-9	3.959839243883102e-5
576.0	2.253931464413156e-8	1.7365012745449406e-9	3.849992814374176e-6	1.1330586197757597e-8	1.0131389639535869e-9	3.959839178590976e-5
577.0	2.2502634788524774e-8	1.7377402992539961e-9	3.849992410082894e-6	1.1333716101391643e-8	1.0128964326739233e-9	3.95983919875684e-5
578.0	2.252534672633292e-8	1.739223445550283e-9	3.84999205744382e-6	1.1332504496570227e-8	1.0131441676454623e-9	3.959839140225312e-5
579.0	2.2529644909994875e-8	1.7369596254342277e-9	3.849991884926728e-6	1.1334039505826596e-8	1.0129300416177408e-9	3.959839164167617e-5
580.0	2.2549792428597037e-8	1.7392735389546672e-9	3.849991835676212e-6	1.1334793110030232e-8	1.0126448089359346e-9	3.9598391519134925e-5
581.0	2.2542427096261183e-8	1.737304423157141e-9	3.849991630189634e-6	1.1333474322920077e-8	1.012731615203732e-9	3.9598391733864615e-5
582.0	2.252330802411969e-8	1.7366063643053214e-9	3.849992234562034e-6	1.1333775795643584e-8	1.0120421852250246e-9	3.9598391896240065e-5
583.0	2.2533190608039556e-8	1.7378439381916885e-9	3.849992866611262e-6	1.1332761815847154e-8	1.0127833549865e-9	3.959839193149875e-5
584.0	2.2527221563460708e-8	1.7378462885015892e-9	3.849992365709893e-6	1.1331914651965993e-8	1.0122425660519384e-9	3.9598392126846276e-5
585.0	2.2538169607851407e-8	1.73979953064856e-9	3.849992286730679e-6	1.1332046205121442e-8	1.0131098204446996e-9	3.959839208899164e-5
586.0	2.2537586635324143e-8	1.7399727653585128e-9	3.849992175894004e-6	1.133181805593996e-8	1.0128075802694372e-9	3.959839202036215e-5
587.0	2.2534074714324823e-8	1.740567387809828e-9	3.849991881797281e-6	1.1330435938212543e-8	1.012920062503306e-9	3.9598391919513745e-5
588.0	2.2517503978752858e-8	1.7395805057434716e-9	3.8499915676109284e-6	1.1332922642298684e-8	1.0128399780880404e-9	3.959839172565436e-5
589.0	2.2524919832902693e-8	1.7386506794735582e-9	3.849992638585179e-6	1.1330075674323583e-8	1.0121707036270931e-9	3.9598391533771065e-5
590.0	2.2539253427167247e-8	1.737782172053074e-9	3.849991946252807e-6	1.133442025745563e-8	1.0124777158885552e-9	3.959839134123525e-5
591.0	2.2566966955420304e-8	1.7374607665369428e-9	3.849992048084205e-6	1.1332978972626414e-8	1.01179828068973e-9	3.959839122408552e-5
592.0	2.2528718264040884e-8	1.7373625548950403e-9	3.8499928015087805e-6	1.1336316019963617e-8	1.0126355761697572e-9	3.95983911236747e-5
593.0	2.2548123219729837e-8	1.7387487128699288e-9	3.849992325089707e-6	1.1335610229186206e-8	1.0122114374018387e-9	3.959839116625989e-5
594.0	2.2514637870093542e-8	1.740546351169165e-9	3.849991711882924e-6	1.1336273756658879e-8	1.012781100307651e-9	3.959839117736976e-5
595.0	2.2558762913513632e-8	1.7407979117005895e-9	3.8499924191414224e-6	1.1335355432697182e-8	1.0128228556122872e-9	3.9598391357315806e-5
596.0	2.255745149830452e-8	1.7404994084950696e-9	3.849992098075419e-6	1.1333978412984026e-8	1.0125328934425403e-9	3.959839139741039e-5
597.0	2.2545732338880256e-8	1.739867286611981e-9	3.849991692986172e-6	1.1333047404734335e-8	1.0131650149794104e-9	3.959839178167092e-5
598.0	2.2548537569491475e-8	1.7387097768942937e-9	3.849992704533182e-6	1.1330735760056036e-8	1.0124922149197448e-9	3.9598391813592295e-5
599.0	2.25364480768979e-8	1.738687738273248e-9	3.849992472246273e-6	1.133016486490962e-8	1.0135143282516558e-9	3.959839205155008e-5
600.0	2.2569408635353666e-8	1.7399847001438313e-9	3.849992099388776e-6	1.1327739450273824e-8	1.0131004785210726e-9	3.959839219519204e-5
601.0	2.25568385081259e-8	1.7400381076306619e-9	3.849992086047346e-6	1.132965445617983e-8	1.0137146511596245e-9	3.9598392187762534e-5
602.0	2.253653187294322e-8	1.7407415895300386e-9	3.849992441945617e-6	1.1327657942523682e-8	1.0136773997957697e-9	3.9598392554181126e-5
603.0	2.2539552700221582e-8	1.742039870359316e-9	3.849992089853851e-6	1.1331710450304051e-8	1.0134506144600767e-9	3.959839235552087e-5
604.0	2.255391801887568e-8	1.7402008947785358e-9	3.849992471215086e-6	1.1330733078474193e-8	1.0136550169338048e-9	3.9598392846416987e-5
605.0	2.2560471322126305e-8	1.7402867617711993e-9	3.849991934317445e-6	1.1334864761029326e-8	1.0130382017781322e-9	3.959839240614717e-5
606.0	2.2552239527295128e-8	1.7392719651912343e-9	3.849992076191619e-6	1.133405494505078e-8	1.0134886967884088e-9	3.959839270272219e-5
607.0	2.2542611403949057e-8	1.7394978008864874e-9	3.849991765895521e-6	1.1337459119935514e-8	1.0129440620230167e-9	3.959839245756093e-5
608.0	2.2561798313000868e-8	1.7398358733847346e-9	3.849992116249287e-6	1.1335888307257208e-8	1.0133991402321093e-9	3.959839255604322e-5
609.0	2.2556818076524123e-8	1.7429955267216674e-9	3.849992494864167e-6	1.1337001617761847e-8	1.0129769116630994e-9	3.9598392725028485e-5
610.0	2.2547767912084892e-8	1.7438330948185941e-9	3.849992432510406e-6	1.1335115906927647e-8	1.0127539305052442e-9	3.959839269789095e-5
611.0	2.255674685105267e-8	1.7438809025747174e-9	3.8499922660792764e-6	1.1333375112575273e-8	1.012478737140868e-9	3.959839294415003e-5
612.0	2.2561454153140177e-8	1.7440820641988312e-9	3.84999175198091e-6	1.1332429005559621e-8	1.011954657670021e-9	3.9598392767973936e-5
613.0	2.2553801853322833e-8	1.7421750920625332e-9	3.849992309553656e-6	1.1329704292832346e-8	1.0120870873102188e-9	3.959839291595632e-5
614.0	2.255874506232312e-8	1.7416316856669157e-9	3.84999225162089e-6	1.1331706329168724e-8	1.0117345825593594e-9	3.95983929475872e-5
615.0	2.2552975574656866e-8	1.7405740265529534e-9	3.849992298781309e-6	1.132962143155282e-8	1.0120556089781497e-9	3.95983928684571e-5
616.0	2.260136043896304e-8	1.741914175831134e-9	3.849992339425642e-6	1.1332656369033883e-8	1.0121094616153793e-9	3.9598393170203333e-5
617.0	2.2535333601247885e-8	1.7425751875644158e-9	3.849992175216905e-6	1.1331847490857826e-8	1.012088996760116e-9	3.959839290644168e-5
618.0	2.2565081471126707e-8	1.745852780645763e-9	3.8499920972753535e-6	1.1334600804933119e-8	1.0124215602393822e-9	3.959839337032573e-5
619.0	2.2541108261407498e-8	1.74640592650554e-9	3.849992519512028e-6	1.1333889197624258e-8	1.0123127620985705e-9	3.9598393039320995e-5
620.0	2.2581830395095066e-8	1.7445778573241416e-9	3.849992677292934e-6	1.1336873787657769e-8	1.0126487220853042e-9	3.9598393306935674e-5
621.0	2.2567999188769227e-8	1.7443910421150732e-9	3.849992071160684e-6	1.1335129307137935e-8	1.0126888023783244e-9	3.9598392973019796e-5
622.0	2.2545654585753757e-8	1.7450740248084327e-9	3.849991836551702e-6	1.1336594629590329e-8	1.0129248999460293e-9	3.959839278478415e-5
623.0	2.2566923242779553e-8	1.742047564767646e-9	3.84999210228237e-6	1.1333930673695447e-8	1.013272903883377e-9	3.9598392657550615e-5
624.0	2.2560297613577125e-8	1.7441905261755501e-9	3.84999159629371e-6	1.1333055531777805e-8	1.0133432390083894e-9	3.959839227970782e-5
625.0	2.256763271484668e-8	1.7452455200791135e-9	3.849992183646154e-6	1.1331267298105037e-8	1.013529343883255e-9	3.959839225256053e-5
626.0	2.2551940215573263e-8	1.7470220200829101e-9	3.849992902432538e-6	1.1328948613698723e-8	1.0134683053711677e-9	3.95983920292416e-5
627.0	2.2574245869826382e-8	1.7474588099818874e-9	3.849992501619623e-6	1.133100526524246e-8	1.0133432450657193e-9	3.9598391913548804e-5
628.0	2.2564571955467706e-8	1.7472939453680496e-9	3.849991718479484e-6	1.1328856401192994e-8	1.0133338752212307e-9	3.95983918381509e-5
629.0	2.2577367040104223e-8	1.7472527218999264e-9	3.849991882374985e-6	1.1331838614044415e-8	1.0128952506284972e-9	3.959839137833699e-5
630.0	2.253885681275338e-8	1.7458331924675578e-9	3.849992215551548e-6	1.133104516846984e-8	1.0131214697142489e-9	3.9598391553239684e-5
631.0	2.258829386236582e-8	1.7435460200613322e-9	3.84999194633092e-6	1.1334219513166607e-8	1.012850863085447e-9	3.959839104528147e-5
632.0	2.256407631470591e-8	1.7446418135903281e-9	3.849992388134542e-6	1.1334169405841341e-8	1.0128397009105438e-9	3.959839128908532e-5
633.0	2.2581046394080977e-8	1.7448465567080476e-9	3.8499930080840846e-6	1.1337970280530082e-8	1.0127644826777599e-9	3.959839102958964e-5
634.0	2.2557556673268413e-8	1.747605577128333e-9	3.849992105328112e-6	1.1337513643604754e-8	1.0125798830993127e-9	3.959839116085167e-5
635.0	2.257494942445185e-8	1.7483236679819674e-9	3.84999191217314e-6	1.1339056040075563e-8	1.012744702033708e-9	3.9598391219205404e-5
636.0	2.2571315095221454e-8	1.7495630992374307e-9	3.849991756858989e-6	1.1336250089520685e-8	1.0125099561448798e-9	3.959839103332367e-5
637.0	2.25684981965969e-8	1.749958552272417e-9	3.849991984849243e-6	1.1335850529268555e-8	1.0128960902791063e-9	3.9598391463701376e-5
638.0	2.2595620727523782e-8	1.7479292262146704e-9	3.849992091709701e-6	1.1332952247293598e-8	1.0128611300894668e-9	3.959839108528873e-5
639.0	2.2585763918509586e-8	1.747133576985938e-9	3.84999272306487e-6	1.1330835709467302e-8	1.0131537188080625e-9	3.959839175267097e-5
640.0	2.260815032883542e-8	1.7466213910781672e-9	3.849992405997577e-6	1.1330031235980386e-8	1.0131151712394264e-9	3.9598390919520485e-5
641.0	2.2565190285071177e-8	1.745246922724178e-9	3.849992153713175e-6	1.1327327680695591e-8	1.0130593672028593e-9	3.959839160992319e-5
642.0	2.2582658816304856e-8	1.7474357915635291e-9	3.849991845723084e-6	1.132813728034693e-8	1.0134088299714468e-9	3.9598390675352646e-5
643.0	2.2591759975044035e-8	1.7487474000815317e-9	3.849991525017188e-6	1.1327253529136346e-8	1.0131360608069839e-9	3.959839153092589e-5
644.0	2.2603814992569217e-8	1.7507454744276568e-9	3.849992129412549e-6	1.1329675051015054e-8	1.0138811275492004e-9	3.959839092601095e-5
645.0	2.2592990258101675e-8	1.7509525079781698e-9	3.849992358567019e-6	1.1330778394095626e-8	1.013634907650807e-9	3.9598391547878026e-5
646.0	2.2576736950747492e-8	1.7495167546378207e-9	3.8499924420546665e-6	1.1333987835353078e-8	1.0141607437067265e-9	3.9598391494192285e-5
647.0	2.2564156141822078e-8	1.748897875580137e-9	3.849992045984546e-6	1.1335242321523846e-8	1.0137752243311067e-9	3.959839157949058e-5
648.0	2.2602218184474243e-8	1.7469081723106236e-9	3.849992363737401e-6	1.1337068702226813e-8	1.0138102724898325e-9	3.959839209686283e-5
649.0	2.2612767416218323e-8	1.747702602159291e-9	3.849991837958189e-6	1.1336832417408557e-8	1.0134638347133478e-9	3.959839167952501e-5
650.0	2.2600592481012326e-8	1.7476381834672069e-9	3.849992339222199e-6	1.1336887086096774e-8	1.0130036488188085e-9	3.959839255787768e-5
651.0	2.2575399407011795e-8	1.7506322464012383e-9	3.849992058919724e-6	1.1336133183275878e-8	1.013221313334607e-9	3.959839189149647e-5
652.0	2.258275343591891e-8	1.7511178004474859e-9	3.8499919286680065e-6	1.1333963480798722e-8	1.0124215682836921e-9	3.9598392830718315e-5
653.0	2.260060876585448e-8	1.7516527411985198e-9	3.849991787403168e-6	1.1333989863465698e-8	1.013086241605773e-9	3.9598392123823825e-5
654.0	2.2608021878229154e-8	1.751639676673001e-9	3.849992380014934e-6	1.1330713429218498e-8	1.012406187495783e-9	3.9598392819488556e-5
655.0	2.2594966296091726e-8	1.7508094973113161e-9	3.8499924315149644e-6	1.1331269489497826e-8	1.0129326046393011e-9	3.959839233658692e-5
656.0	2.261103302556232e-8	1.7493784259975547e-9	3.849992765900794e-6	1.1329276493283132e-8	1.0124676111031682e-9	3.9598392726416e-5
657.0	2.2605518140771952e-8	1.7494491879403365e-9	3.849992326424701e-6	1.1331106871631838e-8	1.0124401674802267e-9	3.959839244137155e-5
658.0	2.2580426436634292e-8	1.7503344314593995e-9	3.849991844341069e-6	1.1331104932717845e-8	1.0127046037355638e-9	3.9598392805154874e-5
659.0	2.2594289822329896e-8	1.7508426402470566e-9	3.849992004406056e-6	1.1333961134769197e-8	1.0120270442273281e-9	3.959839268767152e-5
660.0	2.2614065660490525e-8	1.7528094253985628e-9	3.8499916187562194e-6	1.133443180786777e-8	1.0129468775960624e-9	3.95983930374618e-5
661.0	2.263950824491742e-8	1.7516060606177388e-9	3.84999235478102e-6	1.1336367879101571e-8	1.0121329387583131e-9	3.9598393068185154e-5
662.0	2.257653802670038e-8	1.7520430425297764e-9	3.849993117361475e-6	1.1337067863611059e-8	1.013082913459978e-9	3.959839323669747e-5
663.0	2.258342831591755e-8	1.7506409590279315e-9	3.8499919084602e-6	1.1336550869442969e-8	1.0124863806126365e-9	3.959839338379015e-5
664.0	2.261661182062806e-8	1.7497711177310985e-9	3.8499922809453925e-6	1.133775045660052e-8	1.01293751410994e-9	3.959839332366714e-5
665.0	2.2644670821333054e-8	1.752280945466991e-9	3.8499925374760324e-6	1.1334326160601472e-8	1.0130577814520594e-9	3.959839355322107e-5
666.0	2.2619790847953532e-8	1.7521647502315946e-9	3.849991953242107e-6	1.1335055624516141e-8	1.0127723976380304e-9	3.9598393286463356e-5
667.0	2.2577017648344346e-8	1.7526663308533333e-9	3.8499911654684435e-6	1.1330480118288596e-8	1.0135820376481048e-9	3.9598393455157895e-5
668.0	2.262249696415453e-8	1.7538399479374057e-9	3.849992357092959e-6	1.1331292300510074e-8	1.0130420283022825e-9	3.959839322439763e-5
669.0	2.2632447071447402e-8	1.7530246618046565e-9	3.849991853395089e-6	1.1327791426890406e-8	1.0137468625395289e-9	3.959839306563948e-5
670.0	2.2628328635630293e-8	1.7525382051391723e-9	3.849992233004419e-6	1.1330096627081816e-8	1.0131212597461018e-9	3.959839292989989e-5
671.0	2.2614301042485088e-8	1.752054808675845e-9	3.849993130538839e-6	1.1328560724144619e-8	1.0133997109458392e-9	3.959839246798785e-5
672.0	2.261604730474533e-8	1.7507887668350509e-9	3.849992479051218e-6	1.1332801168631166e-8	1.0130107388484291e-9	3.959839260015575e-5
673.0	2.2640607805528046e-8	1.7515492375255272e-9	3.849991305900447e-6	1.1332478996900044e-8	1.013002851563938e-9	3.95983922534915e-5
674.0	2.261122642039578e-8	1.7524827527318858e-9	3.849991531244225e-6	1.1336101643140054e-8	1.0130573650668345e-9	3.9598392298573545e-5
675.0	2.2624105375537502e-8	1.7540734022440814e-9	3.849991914073771e-6	1.1337344435120967e-8	1.0128304520682798e-9	3.959839223677972e-5
676.0	2.263120976217103e-8	1.7535255429623702e-9	3.849991859740066e-6	1.1337649575615431e-8	1.013345385818372e-9	3.959839188497214e-5
677.0	2.2627888971141697e-8	1.7537734143452996e-9	3.849992519917695e-6	1.1339643997519854e-8	1.012971538124015e-9	3.9598392198068235e-5
678.0	2.261576396620544e-8	1.7533121338275452e-9	3.84999304990819e-6	1.133712486499488e-8	1.0134981855765279e-9	3.9598391677874036e-5
679.0	2.2630916691563444e-8	1.753325765841645e-9	3.849991886535099e-6	1.1337420364907927e-8	1.0129979387514203e-9	3.9598392132703285e-5
680.0	2.2633065003913467e-8	1.7525747843302095e-9	3.849991514457446e-6	1.1332863814890777e-8	1.0131917769320125e-9	3.9598391685969855e-5
681.0	2.2643883549881087e-8	1.7541827169067394e-9	3.849992157747747e-6	1.1333179751152473e-8	1.0128830913520416e-9	3.9598392116373174e-5
682.0	2.261608200140128e-8	1.754217327347983e-9	3.849992327093965e-6	1.1329335261684317e-8	1.0128472603924383e-9	3.959839184978468e-5
683.0	2.2632625200102883e-8	1.7557950078834495e-9	3.849991933219422e-6	1.1331152400282093e-8	1.0127982040700513e-9	3.95983920679695e-5
684.0	2.2630785975594404e-8	1.756369120536733e-9	3.849992145303387e-6	1.1328093291481934e-8	1.0127769395027508e-9	3.959839195414577e-5
685.0	2.2641201730002817e-8	1.7555334100364916e-9	3.8499924139858116e-6	1.1332616996916636e-8	1.0130012990190816e-9	3.9598391998048356e-5
686.0	2.2645830189194495e-8	1.7556098220886835e-9	3.8499925558304e-6	1.1330565286712235e-8	1.0128381630671157e-9	3.959839190059785e-5
687.0	2.2628132219691562e-8	1.7546256969980524e-9	3.849992434873119e-6	1.1334938980725822e-8	1.0132246737674225e-9	3.9598391840365496e-5
688.0	2.263611511660283e-8	1.7551884573516057e-9	3.849992125435692e-6	1.1334961445766214e-8	1.0128017033894e-9	3.9598391737867394e-5
689.0	2.2626185986764753e-8	1.7554827190789234e-9	3.849992179530296e-6	1.1336287539728092e-8	1.013160825883522e-9	3.959839175129397e-5
690.0	2.2646813422069213e-8	1.7557215229595924e-9	3.8499916966268805e-6	1.1337556082903281e-8	1.0127978793139417e-9	3.9598391542567794e-5
691.0	2.2651805801657277e-8	1.7577456772597389e-9	3.849991684050875e-6	1.1336469211408419e-8	1.013011298248815e-9	3.9598391618147114e-5
692.0	2.2610043169345357e-8	1.756767840683663e-9	3.849992503413745e-6	1.1337161661535543e-8	1.01307442253979e-9	3.9598391385470206e-5
693.0	2.2629674370380062e-8	1.7565325878974036e-9	3.849992889223004e-6	1.1334794187725021e-8	1.0129162101743216e-9	3.959839153955581e-5
694.0	2.260745584840396e-8	1.7557556374982284e-9	3.849992408151201e-6	1.1334375253599172e-8	1.0132838105715153e-9	3.959839154977795e-5
695.0	2.2659890879789025e-8	1.7540860620252238e-9	3.849991707113906e-6	1.1332593089086845e-8	1.0127767321963029e-9	3.959839161424012e-5
696.0	2.26463234525443e-8	1.755139823007639e-9	3.8499913919631495e-6	1.1332674941156886e-8	1.013188996918714e-9	3.959839174478744e-5
697.0	2.2618293286381107e-8	1.7572075757346632e-9	3.849991972451636e-6	1.1331190765792345e-8	1.012657187288499e-9	3.959839173887506e-5
698.0	2.2630224209637356e-8	1.7578013461760967e-9	3.849992193103062e-6	1.133389098804656e-8	1.013159289752754e-9	3.959839186141948e-5
699.0	2.2618003733598175e-8	1.7590050674523247e-9	3.849992356448181e-6	1.1332444712079477e-8	1.0130403135488217e-9	3.959839184647606e-5
700.0	2.2656306171228828e-8	1.76058060851298e-9	3.8499926793732245e-6	1.1335621086690267e-8	1.0134440026772979e-9	3.959839207633033e-5
701.0	2.263649618282743e-8	1.7590292004460357e-9	3.849992066780979e-6	1.1334948300278274e-8	1.0136455554335424e-9	3.959839208641526e-5
702.0	2.2647096751028402e-8	1.756743017445918e-9	3.849991176398426e-6	1.133613270591296e-8	1.0134747824962169e-9	3.959839243957794e-5
703.0	2.2619811776629914e-8	1.7559157947642184e-9	3.849991946980153e-6	1.133592204020191e-8	1.0135704312268793e-9	3.959839232767732e-5
704.0	2.262707805359412e-8	1.7564488394431324e-9	3.8499920553653245e-6	1.1334839311265314e-8	1.0129986504526573e-9	3.9598392659446166e-5
705.0	2.2645684499604396e-8	1.7568924819673172e-9	3.849992383273674e-6	1.1334845358524122e-8	1.0131818338477908e-9	3.959839265716175e-5
706.0	2.2666057137637534e-8	1.7599279596614043e-9	3.849992313538283e-6	1.1332183981052789e-8	1.0128647129234056e-9	3.959839298035305e-5
707.0	2.263061529828393e-8	1.760286197033472e-9	3.849992101282641e-6	1.1332205401246182e-8	1.0131735952598e-9	3.959839314655036e-5
708.0	2.2632147744885245e-8	1.7607206383992776e-9	3.84999189467065e-6	1.1330605246423701e-8	1.0131440868938569e-9	3.9598393365730894e-5
709.0	2.261824434359712e-8	1.7610214086270943e-9	3.849991967729157e-6	1.1330442656745432e-8	1.0131936563097106e-9	3.959839352372851e-5
710.0	2.265632922106387e-8	1.7598742903434883e-9	3.849992472333379e-6	1.1330446340780455e-8	1.0132051678892163e-9	3.9598393402735074e-5
711.0	2.2673178084042666e-8	1.7587177303500566e-9	3.8499916373020795e-6	1.1330900146264126e-8	1.012902089688285e-9	3.9598393365215275e-5
712.0	2.2629193383583144e-8	1.7572386457194832e-9	3.849992005117451e-6	1.1332823931355474e-8	1.0131548612038593e-9	3.959839299838115e-5
713.0	2.2631226732979893e-8	1.7593662146688553e-9	3.849992351079705e-6	1.133351342483461e-8	1.0128626027293688e-9	3.959839298261593e-5
714.0	2.2634207391258513e-8	1.7602600952182472e-9	3.849992509593631e-6	1.1336335951433387e-8	1.0132320936243986e-9	3.959839252341064e-5
715.0	2.265061596082536e-8	1.7618341851001348e-9	3.84999226513076e-6	1.1336484784828553e-8	1.0130663316350748e-9	3.959839268964942e-5
716.0	2.2641583028707943e-8	1.7625246652076575e-9	3.849992723571287e-6	1.1338348258180536e-8	1.0133013776575248e-9	3.959839237146303e-5
717.0	2.2627017238332516e-8	1.7638332706103931e-9	3.849991874462877e-6	1.1337333137501731e-8	1.0131830938622586e-9	3.9598392645286506e-5
718.0	2.2638438225823293e-8	1.7602511550475305e-9	3.849991402836996e-6	1.1338778629540203e-8	1.0132131039407069e-9	3.959839257739377e-5
719.0	2.2652893797247388e-8	1.7610534030984458e-9	3.849992023627429e-6	1.1335465136861783e-8	1.0132087144878681e-9	3.9598392735686524e-5
720.0	2.2635518681918555e-8	1.7610441853901394e-9	3.84999262606622e-6	1.1336142918778102e-8	1.0131807006028189e-9	3.959839270796048e-5
721.0	2.2635312537248e-8	1.7616580394450103e-9	3.849992403746147e-6	1.1332204654390604e-8	1.0133795625092484e-9	3.959839279194293e-5
722.0	2.266020462315387e-8	1.7618996092886094e-9	3.849992513632256e-6	1.1331761178374834e-8	1.0132943707164209e-9	3.959839272562145e-5
723.0	2.2639861711227184e-8	1.7617372013025467e-9	3.8499921162984175e-6	1.1329707213073314e-8	1.0137329716485707e-9	3.959839302174659e-5
724.0	2.2629090678302336e-8	1.7639633590232164e-9	3.8499918849989155e-6	1.132954706560812e-8	1.0134670877696957e-9	3.9598392610178075e-5
725.0	2.2630552185935913e-8	1.7623290579955565e-9	3.84999255699593e-6	1.1330568255818166e-8	1.0136779121344566e-9	3.95983929735796e-5
726.0	2.265153896107737e-8	1.7641522372610129e-9	3.849992065949409e-6	1.1330397956270613e-8	1.013454465782609e-9	3.9598392457790166e-5
727.0	2.266849469983942e-8	1.7633479338373843e-9	3.849992042079053e-6	1.1333464199068074e-8	1.0133716501261352e-9	3.9598392725129715e-5
728.0	2.2616919763228742e-8	1.763826128028166e-9	3.849992129167657e-6	1.1332409374575107e-8	1.0133151390134854e-9	3.959839234176152e-5
729.0	2.2639192412844656e-8	1.763785566851866e-9	3.849991902879249e-6	1.1335752833995568e-8	1.0127608297931983e-9	3.959839224405437e-5
730.0	2.2641572020029114e-8	1.7621622485378259e-9	3.849992371224017e-6	1.1333955093574395e-8	1.0129823832359471e-9	3.9598392217631775e-5
731.0	2.267373407865108e-8	1.7639998135822943e-9	3.849992750429384e-6	1.1337449379883762e-8	1.0123996466500887e-9	3.9598391901097846e-5
732.0	2.264087424915836e-8	1.7629416915234868e-9	3.849992505495693e-6	1.1333949864170089e-8	1.012720020487842e-9	3.959839210441617e-5
733.0	2.264404455110372e-8	1.7631125355198906e-9	3.849991591721906e-6	1.1336982612869106e-8	1.012626475897377e-9	3.9598391721123985e-5
734.0	2.2636498485952177e-8	1.7638987950391585e-9	3.849991500295439e-6	1.1333408411496703e-8	1.012786633256285e-9	3.959839179066005e-5
735.0	2.2647564611173876e-8	1.7646812995533137e-9	3.8499916250839765e-6	1.1335476035273138e-8	1.013093422189106e-9	3.959839159245746e-5
736.0	2.2662967342195132e-8	1.764788151446346e-9	3.849991956262857e-6	1.1333553929058075e-8	1.0128679933497957e-9	3.959839160665716e-5
737.0	2.2655081723867395e-8	1.7658455741004457e-9	3.849992441427912e-6	1.1334770496840478e-8	1.0134222305357707e-9	3.95983915065679e-5
738.0	2.264136354625589e-8	1.765856985520193e-9	3.849992902917087e-6	1.1334273707682976e-8	1.0130033592840578e-9	3.959839179514809e-5
739.0	2.263285804060284e-8	1.7640269223603556e-9	3.8499914633252645e-6	1.133427521989496e-8	1.0133031311005052e-9	3.9598391595959966e-5
740.0	2.265385633299859e-8	1.7640425404599918e-9	3.8499919004342e-6	1.1335029343464312e-8	1.0132298561935347e-9	3.959839218700383e-5
741.0	2.267848520726569e-8	1.763754915224747e-9	3.849992475700855e-6	1.1334044316944193e-8	1.0131268159066422e-9	3.959839177793286e-5
742.0	2.264313538354575e-8	1.7642709079436427e-9	3.849991940850579e-6	1.133452252038988e-8	1.0134654287051314e-9	3.959839248902496e-5
743.0	2.2638288158087556e-8	1.7659356641506377e-9	3.849992071664376e-6	1.1332234544484335e-8	1.0132683652947495e-9	3.9598392038974325e-5
744.0	2.2641811112385e-8	1.7671300587469077e-9	3.849992581486766e-6	1.1332811686122056e-8	1.0136353347996695e-9	3.959839248414005e-5
745.0	2.26729571031966e-8	1.7666290663721191e-9	3.8499922481022236e-6	1.1329398581626538e-8	1.0135959569688218e-9	3.9598392173974694e-5
746.0	2.2643093904039664e-8	1.7675961156559465e-9	3.849991428243371e-6	1.1330846238862904e-8	1.0137981879344913e-9	3.959839229581605e-5
747.0	2.2622959656341747e-8	1.7658558604049187e-9	3.849992759482802e-6	1.1328114089028186e-8	1.0138579856575377e-9	3.959839233376576e-5
748.0	2.2681764813490732e-8	1.765082373388774e-9	3.849992600932878e-6	1.1330939955545082e-8	1.0136063572401695e-9	3.959839201997406e-5
749.0	2.2659191603332637e-8	1.7649145460498603e-9	3.849991772389389e-6	1.1330475796678387e-8	1.0137317697435552e-9	3.959839237806042e-5
750.0	2.2667228826813338e-8	1.7647414301809973e-9	3.849992223237485e-6	1.1334619229868967e-8	1.0133858213517105e-9	3.959839199480059e-5
751.0	2.2611876790649323e-8	1.766445458537126e-9	3.849992013240777e-6	1.1336056504418825e-8	1.0133536235612783e-9	3.9598392398574235e-5
752.0	2.2648138049229022e-8	1.7677364042268533e-9	3.849991833949458e-6	1.1339037618610394e-8	1.0131718693294042e-9	3.959839223680743e-5
753.0	2.2677831940681802e-8	1.7692723814036369e-9	3.849991603635459e-6	1.1340609408049336e-8	1.0129544588143864e-9	3.9598392479749393e-5
754.0	2.26524799901264e-8	1.7688355256805017e-9	3.849992503707646e-6	1.1340853384803888e-8	1.013008630525381e-9	3.959839255718187e-5
755.0	2.2638468184306803e-8	1.7682360716924125e-9	3.849992315124794e-6	1.134051960404503e-8	1.0126540296885133e-9	3.959839257202924e-5
756.0	2.2635835220343196e-8	1.76659200940743e-9	3.849992387594743e-6	1.1337883417871396e-8	1.0132079933574707e-9	3.95983929450938e-5
757.0	2.2658213384226545e-8	1.7664647339702536e-9	3.84999203126436e-6	1.133585120908554e-8	1.0130254030112292e-9	3.959839283573883e-5
758.0	2.266123888239539e-8	1.766134192419144e-9	3.849991732046607e-6	1.1331347498663758e-8	1.0133662701262612e-9	3.9598393277818036e-5
759.0	2.2656734346348632e-8	1.7661186594552194e-9	3.8499919351793775e-6	1.1328986921522402e-8	1.013310906973897e-9	3.959839319252514e-5
760.0	2.266142719954503e-8	1.7686101091345476e-9	3.849992230368341e-6	1.132555209563451e-8	1.0131173373266313e-9	3.959839335537809e-5
761.0	2.264864392018979e-8	1.7694928006654533e-9	3.849992636855572e-6	1.1325888963654467e-8	1.013216892805177e-9	3.9598393419034684e-5
762.0	2.2626584165264603e-8	1.7708442430905886e-9	3.849992243547615e-6	1.132570622007955e-8	1.0128962763718163e-9	3.959839341036487e-5
763.0	2.26424409464883e-8	1.7692881094553072e-9	3.8499922949167274e-6	1.1329564081136616e-8	1.0133807120612027e-9	3.95983936291071e-5
764.0	2.2657780868585743e-8	1.7697110159031803e-9	3.849991759551528e-6	1.1333079689869294e-8	1.0135068167484347e-9	3.959839380248424e-5
765.0	2.2680850623030202e-8	1.7680784709903862e-9	3.849991846951465e-6	1.1337645903976118e-8	1.0136374197920738e-9	3.959839367393383e-5
766.0	2.2656021193672424e-8	1.7675344594520874e-9	3.849992451019291e-6	1.1341649136664594e-8	1.013746826855081e-9	3.9598393934979624e-5
767.0	2.2630029724592952e-8	1.7691539062529631e-9	3.849992553561249e-6	1.1343827640134145e-8	1.0133977876044828e-9	3.959839350218567e-5
768.0	2.263909644608899e-8	1.7677169262549761e-9	3.849991993325707e-6	1.1344036065472848e-8	1.0135100772946722e-9	3.9598393830045076e-5
769.0	2.2672115664335696e-8	1.770408719701158e-9	3.849991808932597e-6	1.134195977936661e-8	1.0130670719477281e-9	3.9598393294366864e-5
770.0	2.270497555800861e-8	1.7693979581465293e-9	3.849991928156272e-6	1.1338922587448676e-8	1.0132004280289604e-9	3.959839328156735e-5
771.0	2.2673172145262636e-8	1.7708221119924988e-9	3.849992180405455e-6	1.1334542651402557e-8	1.0132097655579597e-9	3.9598393017775364e-5
772.0	2.2617089534441995e-8	1.7701962923809633e-9	3.8499921258423875e-6	1.1330189661358905e-8	1.0131750861625473e-9	3.9598392600673863e-5
773.0	2.266068647082138e-8	1.7697147382010115e-9	3.84999225606121e-6	1.1326637284874322e-8	1.01333060644139e-9	3.959839278449398e-5
774.0	2.2668455926764335e-8	1.7700088026286321e-9	3.849991907100294e-6	1.1324361158704052e-8	1.01312530315091e-9	3.959839225439809e-5
775.0	2.271541031325004e-8	1.7686771299042439e-9	3.849991806614401e-6	1.1323497385296657e-8	1.0133870788215433e-9	3.959839269785259e-5
776.0	2.2660163589394262e-8	1.7693604622003759e-9	3.849991982084104e-6	1.1325715105980293e-8	1.01316107234257e-9	3.959839214275191e-5
777.0	2.2646664804710618e-8	1.7686707550471615e-9	3.84999258806556e-6	1.1328619918504081e-8	1.0133501843183435e-9	3.95983926441443e-5
778.0	2.2666657872837962e-8	1.7691634513151777e-9	3.849992718606832e-6	1.1333194905765413e-8	1.0135301927768442e-9	3.9598392058706636e-5
779.0	2.2653745698038734e-8	1.7698743169395292e-9	3.849991922917644e-6	1.1337805575528922e-8	1.0133525508834196e-9	3.959839245805689e-5
780.0	2.2680640665213074e-8	1.7691591044468711e-9	3.849991850378266e-6	1.1341398143361157e-8	1.0138799297205115e-9	3.959839202833873e-5
781.0	2.2685736959007206e-8	1.770500213948614e-9	3.84999159086723e-6	1.1343431566672122e-8	1.0135279662891486e-9	3.959839219548666e-5
782.0	2.26525709625815e-8	1.769735687155644e-9	3.849992398854399e-6	1.1343119036185219e-8	1.0140795364543165e-9	3.9598391873559945e-5
783.0	2.2652283957405123e-8	1.7693258291505074e-9	3.849992664614984e-6	1.1341125886957442e-8	1.013860963799461e-9	3.9598391926517434e-5
784.0	2.2645096902860107e-8	1.768091112618888e-9	3.849992685144708e-6	1.1337725349895143e-8	1.0139670501903145e-9	3.959839163784113e-5
785.0	2.2696350896818972e-8	1.770736464692088e-9	3.849992448719783e-6	1.133327651947944e-8	1.0141549398371279e-9	3.959839175463561e-5
786.0	2.2699533249936594e-8	1.7699716997556529e-9	3.849991792008042e-6	1.1330371915957519e-8	1.0138161361924513e-9	3.959839154167503e-5
787.0	2.2658599521774353e-8	1.770001893576572e-9	3.849991600346666e-6	1.1326831938346636e-8	1.0141123222658712e-9	3.959839164777212e-5
788.0	2.2654435608976755e-8	1.772705587090852e-9	3.849992112014167e-6	1.1325180975246859e-8	1.0134185939528444e-9	3.959839170693293e-5
789.0	2.2679145483125124e-8	1.7729676226003856e-9	3.8499927656002875e-6	1.1325164370948803e-8	1.0138956843953222e-9	3.959839173317693e-5
790.0	2.2681690373980066e-8	1.772764139736738e-9	3.8499924330693326e-6	1.1326674113735577e-8	1.0134466014348653e-9	3.959839196629966e-5
791.0	2.2693257148431548e-8	1.7713782319689239e-9	3.849992359741767e-6	1.1329473407591922e-8	1.0138059922167373e-9	3.9598391761410736e-5
792.0	2.265993152821932e-8	1.7717632303398455e-9	3.8499919162677085e-6	1.1333616530386118e-8	1.0135496526016908e-9	3.9598392031079965e-5
793.0	2.267632964736395e-8	1.7702794019099342e-9	3.849991526018546e-6	1.13371031899546e-8	1.013439629424691e-9	3.959839191783879e-5
794.0	2.2671105816918575e-8	1.7695059810865153e-9	3.849992548820433e-6	1.1339820670268151e-8	1.0132923030728964e-9	3.959839212655745e-5
795.0	2.267719299340673e-8	1.7723171555656898e-9	3.8499927212990185e-6	1.1341342288629503e-8	1.0126461774437329e-9	3.959839205173819e-5
796.0	2.2692900448390772e-8	1.7719384343927532e-9	3.8499923591869845e-6	1.1340197214733385e-8	1.0129340502616124e-9	3.9598392180090184e-5
797.0	2.2670626838014172e-8	1.7732155348519393e-9	3.84999189189747e-6	1.134020133363095e-8	1.0125468493565037e-9	3.959839221377577e-5
798.0	2.2685252818056114e-8	1.7727508306397858e-9	3.849991747722148e-6	1.1336150421099251e-8	1.0130755891341065e-9	3.959839228651098e-5
799.0	2.2670995761027664e-8	1.7731121016257577e-9	3.8499914075596426e-6	1.1335718250511224e-8	1.0130157635614286e-9	3.95983923513782e-5
800.0	2.2696587592062453e-8	1.7715033870288065e-9	3.849992757547374e-6	1.133266225893422e-8	1.0133754157709406e-9	3.9598392422400086e-5
