turn	ele_ex	ele_ey	ele_ez	pro_ex	pro_ey	pro_ez
0.0	2.0428842304874772e-8	1.6115669894774362e-9	3.849936673285857e-6	1.1281162183209662e-8	1.0034722142894757e-9	3.959845975238462e-5
1.0	2.1016265949642088e-8	1.6258880564493255e-9	3.8499361732334525e-6	1.1285035579023616e-8	1.0061866922995033e-9	3.9598459955516975e-5
2.0	2.1107573629478797e-8	1.623768974538392e-9	3.8499377738545486e-6	1.1298071117383279e-8	1.005803634032393e-9	3.959845982046919e-5
3.0	2.0953943217931256e-8	1.6334297189744511e-9	3.849937127380832e-6	1.1320265446607875e-8	1.0086839866431227e-9	3.9598459356485056e-5
4.0	2.0796693164699282e-8	1.6443813120542223e-9	3.84993709534348e-6	1.1331944384377853e-8	1.0089656451352972e-9	3.959845982016468e-5
5.0	2.1451898112839654e-8	1.6368310862149817e-9	3.849936929220257e-6	1.1343339645383125e-8	1.0092073452111915e-9	3.9598459272948756e-5
6.0	2.2016308310142542e-8	1.643785840002838e-9	3.849937285389211e-6	1.1356411768537816e-8	1.0107892982182471e-9	3.959845955720365e-5
7.0	2.1602421206968172e-8	1.6381121823740251e-9	3.849937124223501e-6	1.136274153946791e-8	1.0098333681719957e-9	3.959845921086008e-5
8.0	2.142274236963897e-8	1.639469659645415e-9	3.849937035751191e-6	1.1357916574449914e-8	1.0117427753559258e-9	3.959845959624167e-5
9.0	2.1835249955882177e-8	1.6487692410557805e-9	3.849937286560045e-6	1.1351900014723872e-8	1.0109844301338517e-9	3.9598459949112606e-5
10.0	2.253749686957045e-8	1.6439967731713226e-9	3.849937002091406e-6	1.1334876947425916e-8	1.0126957392181438e-9	3.959845938635625e-5
11.0	2.2353639087690267e-8	1.6492380473689556e-9	3.849937126279266e-6	1.1315453211427738e-8	1.0126097483617022e-9	3.959845998236764e-5
12.0	2.187487586578578e-8	1.6519859317730625e-9	3.8499371239677846e-6	1.1305026681051184e-8	1.0131323827225434e-9	3.959845912021697e-5
13.0	2.2004918106878936e-8	1.648546007304353e-9	3.849937835922424e-6	1.1296459414221316e-8	1.0135052823958995e-9	3.9598459729851866e-5
14.0	2.2426240139711317e-8	1.653419766515867e-9	3.8499372477890505e-6	1.1290455593876407e-8	1.01306785679775e-9	3.959845925776943e-5
15.0	2.2455146436999946e-8	1.6518863383993112e-9	3.849936677298505e-6	1.129121144894034e-8	1.0134562535885829e-9	3.95984592416468e-5
16.0	2.2216267176619314e-8	1.6476313975680607e-9	3.849936768991224e-6	1.1301019848196844e-8	1.0120840412804471e-9	3.959845942105958e-5
17.0	2.2158780019367534e-8	1.6481088079367043e-9	3.849937001061606e-6	1.1310552782127025e-8	1.0121489562816918e-9	3.959845862698968e-5
18.0	2.2228003759610078e-8	1.648960037253534e-9	3.8499370632365344e-6	1.1323369085157463e-8	1.0104698423044514e-9	3.959845950462612e-5
19.0	2.223258296314441e-8	1.6498522003717086e-9	3.849937394797546e-6	1.133349677027569e-8	1.010066358485382e-9	3.9598458483086473e-5
20.0	2.226688739880499e-8	1.6504484006699403e-9	3.8499376313310035e-6	1.1343268235813574e-8	1.0091181625315319e-9	3.959845963932895e-5
21.0	2.2320516847935484e-8	1.6512598382135666e-9	3.849936614293884e-6	1.1343898933235362e-8	1.008872591527366e-9	3.9598458771902354e-5
22.0	2.2267341720606712e-8	1.6516145158135758e-9	3.849936682971101e-6	1.134906635387706e-8	1.0083654685244349e-9	3.9598459731708366e-5
23.0	2.218874556719712e-8	1.6509701592488568e-9	3.849936644979078e-6	1.134110493814705e-8	1.0081061041604235e-9	3.959845925527438e-5
24.0	2.2185073487772654e-8	1.6525704428253178e-9	3.849937440840942e-6	1.133510974365479e-8	1.0080788897021686e-9	3.959845947065144e-5
25.0	2.233907277899139e-8	1.6517826965174754e-9	3.849936898727914e-6	1.1326541114084415e-8	1.007931636023983e-9	3.959845961638688e-5
26.0	2.2339614292170416e-8	1.6505444257949848e-9	3.84993718578659e-6	1.1319128815527763e-8	1.008350644490601e-9	3.959845929219274e-5
27.0	2.227353095146988e-8	1.6523381227562576e-9	3.849937091285073e-6	1.1314341703279261e-8	1.0081810952507732e-9	3.9598459892888836e-5
28.0	2.2238708257914668e-8	1.6515724983833389e-9	3.849936876298547e-6	1.1312674751216296e-8	1.0088893377966967e-9	3.959845945619627e-5
29.0	2.227999706036703e-8	1.6523142528735086e-9	3.8499364515532704e-6	1.131536826057687e-8	1.0086226703151542e-9	3.9598460073466584e-5
30.0	2.2300187304404803e-8	1.6540478619519869e-9	3.849937156085639e-6	1.131749763191922e-8	1.0095074956480673e-9	3.9598459805832985e-5
31.0	2.2281409289775683e-8	1.6532528298313561e-9	3.849937304638313e-6	1.1324107093653844e-8	1.00940518187167e-9	3.959846009956479e-5
32.0	2.230774779338094e-8	1.6526481339616705e-9	3.849936994806778e-6	1.1326975777190175e-8	1.0102945166587267e-9	3.959846019208032e-5
33.0	2.230700115771894e-8	1.6538526123037748e-9	3.849937369305764e-6	1.1331868595918164e-8	1.0105983341319742e-9	3.959845989001673e-5
34.0	2.2275217724842445e-8	1.6532593674002752e-9	3.849937421662951e-6	1.133021701491467e-8	1.0111069126474856e-9	3.9598459961655165e-5
35.0	2.2252835830369005e-8	1.6519811203845343e-9	3.849936761214119e-6	1.1332822013449304e-8	1.0119400226526723e-9	3.959845941336368e-5
36.0	2.231352723178317e-8	1.6538192935787369e-9	3.8499359016155285e-6	1.132617326804173e-8	1.0114612148766102e-9	3.9598459347628744e-5
37.0	2.2302860639894567e-8	1.6526663087359422e-9	3.849936879148897e-6	1.1325999236452526e-8	1.0124133045816902e-9	3.9598459026985045e-5
38.0	2.2313529976155466e-8	1.6552855834121322e-9	3.84993725342803e-6	1.1320068813318827e-8	1.0113255727926194e-9	3.9598458899957127e-5
39.0	2.228054584513513e-8	1.6550961823159582e-9	3.8499373705854954e-6	1.1320647597716725e-8	1.0119968784917348e-9	3.959845906164457e-5
40.0	2.2302492721315128e-8	1.6544005833542003e-9	3.849936972029149e-6	1.1318872094573855e-8	1.0111316772819433e-9	3.959845889315807e-5
41.0	2.228777099910159e-8	1.6551127297217574e-9	3.849937221268361e-6	1.1322164537397937e-8	1.0113228658056266e-9	3.9598459171363464e-5
42.0	2.23045411102881e-8	1.6543739354518367e-9	3.849936056430634e-6	1.132517070138334e-8	1.0112417490929204e-9	3.9598458917307295e-5
43.0	2.2318558100375453e-8	1.654698650715569e-9	3.849935540795844e-6	1.132788830722516e-8	1.0106297097465893e-9	3.959845911641838e-5
44.0	2.2308834874375225e-8	1.6542444604392764e-9	3.849936811641515e-6	1.1332518830555503e-8	1.010979738073519e-9	3.959845879372612e-5
45.0	2.230769873473352e-8	1.6573302936972764e-9	3.84993734635476e-6	1.1332230665283393e-8	1.0095662855077954e-9	3.959845878464216e-5
46.0	2.2266819653255508e-8	1.6570847127061277e-9	3.849937446704023e-6	1.133479953541433e-8	1.0100259347965587e-9	3.95984583836935e-5
47.0	2.231343872720526e-8	1.6561859423470778e-9	3.8499366036431175e-6	1.1330674931932336e-8	1.008829060626915e-9	3.959845842157268e-5
48.0	2.231243257990338e-8	1.657127499840817e-9	3.849937283120852e-6	1.1330376245809668e-8	1.0093048986428114e-9	3.959845814572569e-5
49.0	2.2327776908168567e-8	1.6568484304387597e-9	3.8499365314872005e-6	1.1324445534229267e-8	1.0089881605234255e-9	3.9598458243605506e-5
50.0	2.2304746481120708e-8	1.6543337733509319e-9	3.849936059749361e-6	1.1323991863594645e-8	1.0090914642507302e-9	3.959845815940831e-5
51.0	2.2277683646989435e-8	1.6566076761848802e-9	3.8499363903694184e-6	1.131916198417316e-8	1.0094206223936114e-9	3.9598458181382635e-5
52.0	2.23016045862577e-8	1.656208548642308e-9	3.849937665410185e-6	1.1322282052747062e-8	1.0087908288060872e-9	3.959845826491173e-5
53.0	2.2321948656070547e-8	1.658438205838488e-9	3.849937273547588e-6	1.1319981139402152e-8	1.009556232784214e-9	3.9598458292497616e-5
54.0	2.231943003518198e-8	1.6592421956796626e-9	3.849937097813861e-6	1.1326486850003418e-8	1.00896347374123e-9	3.959845853509364e-5
55.0	2.2319815677548674e-8	1.6591524178807472e-9	3.849936885537401e-6	1.1327498646508203e-8	1.010079922632958e-9	3.959845850806342e-5
56.0	2.22848642394587e-8	1.6593290740317686e-9	3.849936447707611e-6	1.1333089838366017e-8	1.0100833363731678e-9	3.95984588538768e-5
57.0	2.232166637213991e-8	1.6580732671573665e-9	3.849935887741557e-6	1.1336012258342376e-8	1.0109940066237433e-9	3.959845873451333e-5
58.0	2.2311547746702943e-8	1.6572624554313127e-9	3.849936534119737e-6	1.133548233788187e-8	1.0113632025280828e-9	3.9598458976797326e-5
59.0	2.2324684420711767e-8	1.65579621558818e-9	3.8499370997069805e-6	1.1335773124021868e-8	1.0115580166912422e-9	3.959845884593526e-5
60.0	2.233106799790874e-8	1.6573499737500452e-9	3.8499374363814435e-6	1.1330243912401515e-8	1.0120590273915018e-9	3.9598459149405436e-5
61.0	2.2300698988078493e-8	1.6576844621280117e-9	3.849936732975055e-6	1.1327238222666836e-8	1.0118426486628172e-9	3.959845903281348e-5
62.0	2.2318942218802323e-8	1.6591503452113196e-9	3.849935997211489e-6	1.1321302227841303e-8	1.0122282464126014e-9	3.959845911921971e-5
63.0	2.231202560320945e-8	1.6611476507378423e-9	3.849936104023348e-6	1.131861652141017e-8	1.0116559085126879e-9	3.9598459138627796e-5
64.0	2.2326573588991088e-8	1.6590383026343438e-9	3.84993668598525e-6	1.1315737187482791e-8	1.012023571995663e-9	3.9598458926432944e-5
65.0	2.2332356336136398e-8	1.6596511778175344e-9	3.849936833423643e-6	1.1317938043837425e-8	1.011576369318091e-9	3.959845919604523e-5
66.0	2.2313669242684727e-8	1.6586267707171312e-9	3.849937111790312e-6	1.1317386489368822e-8	1.0117160452206285e-9	3.959845900394526e-5
67.0	2.2309610813090167e-8	1.6580136441521603e-9	3.849937040290028e-6	1.1325383530105704e-8	1.0114914995739195e-9	3.9598459447198713e-5
68.0	2.2311153444957948e-8	1.6584315699244652e-9	3.849936405109204e-6	1.132730114270445e-8	1.011269522429125e-9	3.959845946919736e-5
69.0	2.2319749541394085e-8	1.6597236636999645e-9	3.849936215928435e-6	1.1335184094818547e-8	1.0106844664499122e-9	3.9598459698535276e-5
70.0	2.2338905308195365e-8	1.6614370700032167e-9	3.849936499566596e-6	1.133780476946365e-8	1.009999525530104e-9	3.959845981601749e-5
71.0	2.2305390658938656e-8	1.6608341507757056e-9	3.849937371245778e-6	1.133979603796206e-8	1.009414639955723e-9	3.9598459573376136e-5
72.0	2.2290420792384643e-8	1.6626813890286417e-9	3.849937052682997e-6	1.1339486380503761e-8	1.0087594799904867e-9	3.9598459801123475e-5
73.0	2.2296315724923934e-8	1.6602820950221965e-9	3.849936862801824e-6	1.1336433359871156e-8	1.0089310384886614e-9	3.959845948524896e-5
74.0	2.2358453947740555e-8	1.6597158525222094e-9	3.849936620175152e-6	1.1332704124500775e-8	1.0084426393866475e-9	3.959845963352459e-5
75.0	2.2338787580407503e-8	1.659999745603416e-9	3.849936947213549e-6	1.1328189566110931e-8	1.0089534156561107e-9	3.959845940999903e-5
76.0	2.2304966803368676e-8	1.6603032595066823e-9	3.8499360621901436e-6	1.1323993217540018e-8	1.0086215488772444e-9	3.9598459474986585e-5
77.0	2.22819674265473e-8	1.6600792031007042e-9	3.849936632492124e-6	1.1320716337616372e-8	1.0090350585259528e-9	3.9598459390689595e-5
78.0	2.2321898621692233e-8	1.6629847204097914e-9	3.849936694627862e-6	1.13205012909696e-8	1.0090453863110903e-9	3.9598459166036576e-5
79.0	2.2347739160414596e-8	1.6624587729385992e-9	3.849936624025298e-6	1.1318667640912825e-8	1.009242750234682e-9	3.9598459187514444e-5
80.0	2.2319124776864886e-8	1.662574048650857e-9	3.849936755650573e-6	1.132338563093299e-8	1.009854973071557e-9	3.959845885223636e-5
81.0	2.2284997144033115e-8	1.6633996514022243e-9	3.849936953539589e-6	1.1324448078772375e-8	1.009792795339895e-9	3.959845886338324e-5
82.0	2.2304786096610144e-8	1.6607374536908538e-9	3.849936682824436e-6	1.1330282723539094e-8	1.0109033924360778e-9	3.959845863533014e-5
83.0	2.2320679111231207e-8	1.6604224833650113e-9	3.849935650961347e-6	1.133328595429356e-8	1.010668603430618e-9	3.9598458741844156e-5
84.0	2.2313027210968307e-8	1.6611390796525682e-9	3.849936414061396e-6	1.1335627991707558e-8	1.0117925251155934e-9	3.9598458712490216e-5
85.0	2.2298774388203763e-8	1.6616948985417856e-9	3.849936859573974e-6	1.1336256557362658e-8	1.0115802865710398e-9	3.959845871347763e-5
86.0	2.2301485577200998e-8	1.6625578182090695e-9	3.849936908106498e-6	1.133484511785796e-8	1.0122183309471427e-9	3.959845878108263e-5
87.0	2.2310814390586017e-8	1.6637382960161602e-9	3.849937173963786e-6	1.1331939386737963e-8	1.0123425538489053e-9	3.959845844860902e-5
88.0	2.2309145023907735e-8	1.6651985690194655e-9	3.8499370987453135e-6	1.1328680687885876e-8	1.0122583367575401e-9	3.959845858594375e-5
89.0	2.2283440646177536e-8	1.6624908232807375e-9	3.849936293348335e-6	1.1324905948053498e-8	1.0126483227081835e-9	3.959845804019645e-5
90.0	2.2323251498838036e-8	1.6625376885019703e-9	3.8499358103178875e-6	1.1322379044381246e-8	1.0121217686550428e-9	3.95984583914569e-5
91.0	2.2327014347197693e-8	1.6628905841550148e-9	3.849936462368282e-6	1.132149632849985e-8	1.012624581126074e-9	3.9598457862506084e-5
92.0	2.2320122263315858e-8	1.6608818063347622e-9	3.849937268274044e-6	1.1319594430934869e-8	1.011812287519869e-9	3.959845836146553e-5
93.0	2.2277416214428695e-8	1.6626838555942401e-9	3.849936752767723e-6	1.1323852018274799e-8	1.0120565846828622e-9	3.959845812136173e-5
94.0	2.2282580282167758e-8	1.663762952054664e-9	3.849936334929367e-6	1.132408177551942e-8	1.0111342699519212e-9	3.959845846144404e-5
95.0	2.2345230307717967e-8	1.66391117021571e-9	3.849936597049867e-6	1.132973583760471e-8	1.0109428465608203e-9	3.959845840724809e-5
96.0	2.2330700394102586e-8	1.665201170437642e-9	3.849936214789474e-6	1.1331586645308514e-8	1.010376253997277e-9	3.9598458345495336e-5
97.0	2.2300939460288092e-8	1.6643496318751634e-9	3.849936049527855e-6	1.1334636389677972e-8	1.0097842328584339e-9	3.9598458528206746e-5
98.0	2.2247352957169105e-8	1.663771881633011e-9	3.849936428138569e-6	1.1335288272559394e-8	1.009707718886692e-9	3.959845811877625e-5
99.0	2.2319322193616098e-8	1.6635526185769112e-9	3.8499366165998484e-6	1.1335950574362638e-8	1.0091281123203718e-9	3.9598458456103866e-5
100.0	2.236116691355413e-8	1.6633735848360222e-9	3.84993618391556e-6	1.1334228077211431e-8	1.0095666563115035e-9	3.959845786662972e-5
101.0	2.231279625052132e-8	1.6641711013500702e-9	3.849936410126907e-6	1.1332461000919785e-8	1.0091569950413801e-9	3.9598458481345916e-5
102.0	2.2264004488190114e-8	1.6646235477899087e-9	3.8499363148720945e-6	1.132954232784527e-8	1.0098467547772323e-9	3.959845816046381e-5
103.0	2.226937981850051e-8	1.6657412656235325e-9	3.8499366632885815e-6	1.1326686619513332e-8	1.0095263521507316e-9	3.95984586929378e-5
104.0	2.236658615804699e-8	1.6660562034147337e-9	3.84993639644855e-6	1.1325901922436455e-8	1.0099337018603288e-9	3.9598458575808026e-5
105.0	2.2331926835579626e-8	1.666028794293765e-9	3.84993622895855e-6	1.1322795581723889e-8	1.0096059766908727e-9	3.9598458735398506e-5
106.0	2.226360510606066e-8	1.6657042987905344e-9	3.849936260061253e-6	1.132552875188842e-8	1.0096801742821406e-9	3.9598458934706186e-5
107.0	2.2285726698459527e-8	1.6643915197057586e-9	3.849936492789818e-6	1.1324390945430777e-8	1.009796987545636e-9	3.9598458860001024e-5
108.0	2.2336693516727653e-8	1.6643872716722053e-9	3.849936413820659e-6	1.1328340854463016e-8	1.0097343855980811e-9	3.959845924637567e-5
109.0	2.2353418418899184e-8	1.6649302181793473e-9	3.849936290359483e-6	1.1329379748962758e-8	1.0104735548161826e-9	3.95984589693742e-5
110.0	2.22623975560383e-8	1.665476510118061e-9	3.849936322070662e-6	1.1332266900617582e-8	1.010267168951545e-9	3.959845940573821e-5
111.0	2.2284306575076907e-8	1.666153846380228e-9	3.849936380740446e-6	1.1332504606957493e-8	1.0111721483803103e-9	3.95984590235897e-5
112.0	2.23166214341046e-8	1.6677945253588984e-9	3.849936740183584e-6	1.1335063600315171e-8	1.0106649037618013e-9	3.959845931412513e-5
113.0	2.2333088569130388e-8	1.6667499498384455e-9	3.8499363068146665e-6	1.1332273898402868e-8	1.0113852474187665e-9	3.959845902062182e-5
114.0	2.2269637692163224e-8	1.6670820633931024e-9	3.849935741011896e-6	1.1333353975839437e-8	1.0109183651684104e-9	3.9598459205685605e-5
115.0	2.2288119833991074e-8	1.667148151833826e-9	3.849936129200314e-6	1.1329695229680628e-8	1.0110984140757905e-9	3.959845909752001e-5
116.0	2.2330805953081834e-8	1.667062083619655e-9	3.84993579378292e-6	1.1328607750334393e-8	1.0109656510188637e-9	3.9598459207818976e-5
117.0	2.2325325006242574e-8	1.6673023767125804e-9	3.849936319442225e-6	1.1327761699568833e-8	1.0108510768642362e-9	3.9598459334901335e-5
118.0	2.2272714863409047e-8	1.667551517079566e-9	3.849937026257196e-6	1.1325238543210655e-8	1.0111352645765104e-9	3.959845929718985e-5
119.0	2.229606891070492e-8	1.667235624678316e-9	3.84993673765303e-6	1.1327596990351163e-8	1.0105224416230297e-9	3.959845953518348e-5
120.0	2.2347453023828457e-8	1.6675888874576683e-9	3.849936070710826e-6	1.1325754613008533e-8	1.0111250247917168e-9	3.9598459432226715e-5
121.0	2.2361390815882413e-8	1.6682853668475594e-9	3.849935734497266e-6	1.1328201925306387e-8	1.0103105460734321e-9	3.9598459603009096e-5
122.0	2.2286903767879087e-8	1.6671650219227392e-9	3.849935972805169e-6	1.1327688947319298e-8	1.01078959227954e-9	3.959845931913855e-5
123.0	2.2274498358646897e-8	1.6682270986967691e-9	3.8499358592495706e-6	1.1329839410929597e-8	1.0102557352757788e-9	3.959845940099486e-5
124.0	2.2351575174894153e-8	1.6683952942508405e-9	3.849936633514502e-6	1.1328924228351768e-8	1.0104864151825054e-9	3.959845921896112e-5
125.0	2.237425277262275e-8	1.6674467485965513e-9	3.849936862813997e-6	1.1331233825759606e-8	1.0105082103842479e-9	3.95984593584028e-5
126.0	2.2345703870872638e-8	1.6688357479799895e-9	3.8499364303796245e-6	1.1328224375312819e-8	1.0103114882879692e-9	3.959845924968862e-5
127.0	2.2277013236072598e-8	1.6695521529722898e-9	3.849936260169086e-6	1.1331012405060064e-8	1.0105412818991538e-9	3.959845920071028e-5
128.0	2.2302811836119527e-8	1.6685264727935827e-9	3.849936340011252e-6	1.1327680474957244e-8	1.0100445314781466e-9	3.9598459226108586e-5
129.0	2.2359286029928407e-8	1.6683239116035741e-9	3.849936301992157e-6	1.132999023489222e-8	1.0104989422470438e-9	3.9598458990160315e-5
130.0	2.2386259953218317e-8	1.6699812154125129e-9	3.849936147768192e-6	1.132825289279803e-8	1.0101272944116088e-9	3.959845919674217e-5
131.0	2.2310909611908752e-8	1.6690235884225055e-9	3.8499360340809275e-6	1.1329908352176626e-8	1.010595743821375e-9	3.959845890842686e-5
132.0	2.228870962838242e-8	1.6694177516313095e-9	3.84993639978621e-6	1.1330288180643329e-8	1.0102933032884243e-9	3.959845929486215e-5
133.0	2.231153024504088e-8	1.6702783678625152e-9	3.849936775131019e-6	1.133121361865339e-8	1.010552705480774e-9	3.9598459009881546e-5
134.0	2.2377750096307385e-8	1.6703948625899697e-9	3.849936302795757e-6	1.133284184494668e-8	1.0103378250582285e-9	3.959845919414544e-5
135.0	2.2355630489219717e-8	1.6706761286931688e-9	3.849936569381976e-6	1.1332923254435388e-8	1.010504493535117e-9	3.959845906269491e-5
136.0	2.2304269525721304e-8	1.6700139273444852e-9	3.84993640319582e-6	1.1334148960203539e-8	1.0107238132102077e-9	3.9598458973468446e-5
137.0	2.2299909586596993e-8	1.6691608174458782e-9	3.849935853179474e-6	1.133100446748111e-8	1.0110030923665712e-9	3.95984591816064e-5
138.0	2.2345204462980878e-8	1.6682612631974876e-9	3.849935739830925e-6	1.1331095043816518e-8	1.011343167575181e-9	3.9598458713989986e-5
139.0	2.2335096491450622e-8	1.6691471065261565e-9	3.849936503735803e-6	1.1326035916754618e-8	1.0110323350376544e-9	3.959845892050792e-5
140.0	2.2322320877946287e-8	1.6694656551842311e-9	3.849936356885919e-6	1.1326471775185941e-8	1.0110104504994903e-9	3.9598458190619997e-5
141.0	2.2325409066611062e-8	1.6705598229324246e-9	3.849936316733323e-6	1.1322192641850004e-8	1.0105050592828003e-9	3.95984585461397e-5
142.0	2.2349987694475743e-8	1.6708307463826829e-9	3.849936384551842e-6	1.1324276573192691e-8	1.0106315079597348e-9	3.95984579759528e-5
143.0	2.2315240495709302e-8	1.671178621022547e-9	3.849935847972012e-6	1.1321629796210278e-8	1.0104491322936658e-9	3.959845830593939e-5
144.0	2.22791544314146e-8	1.6725392445659322e-9	3.849936375516048e-6	1.1325924547489298e-8	1.0109921529356397e-9	3.959845812045823e-5
145.0	2.2360100360874455e-8	1.6708413863986334e-9	3.84993655450784e-6	1.1325355709593101e-8	1.0110717962815455e-9	3.959845828931153e-5
146.0	2.238795221843915e-8	1.669707884324116e-9	3.849936166614086e-6	1.1331393372695485e-8	1.0111820416764037e-9	3.959845825737789e-5
147.0	2.235818711534691e-8	1.669441883357114e-9	3.849936288784328e-6	1.1332941852775894e-8	1.0110966417777707e-9	3.9598458247946814e-5
148.0	2.225703796531358e-8	1.669166034255915e-9	3.849936182108371e-6	1.1337238820266452e-8	1.0105203765682429e-9	3.9598458164068895e-5
149.0	2.232122637667112e-8	1.6707844704399893e-9	3.849935469240149e-6	1.1338016207994278e-8	1.0106060593097109e-9	3.9598458194802266e-5
150.0	2.2422760835939672e-8	1.671957923951916e-9	3.849936120240636e-6	1.1337847052573692e-8	1.0099727210371256e-9	3.9598458058484456e-5
151.0	2.2391202077276718e-8	1.6731786347930818e-9	3.849936557676701e-6	1.1336142505563306e-8	1.010352522080029e-9	3.959845810264509e-5
152.0	2.2301869327625635e-8	1.672525119695544e-9	3.849936935404739e-6	1.1333021920269164e-8	1.0102438747840281e-9	3.959845814945319e-5
153.0	2.228231829895139e-8	1.6716988104149746e-9	3.8499360113281605e-6	1.1330908690313738e-8	1.0104070761729271e-9	3.959845811006143e-5
154.0	2.2371919962820042e-8	1.6724670518595657e-9	3.849935560220171e-6	1.1326420412447986e-8	1.0105652939042615e-9	3.9598458357143354e-5
155.0	2.2434026394277144e-8	1.6708478722751296e-9	3.849936346785841e-6	1.1325018133347336e-8	1.0104776325813178e-9	3.959845827044155e-5
156.0	2.2324658302081072e-8	1.671647072588468e-9	3.8499357034416e-6	1.1320864243764736e-8	1.0106558548860273e-9	3.959845847921709e-5
157.0	2.230880242580991e-8	1.6707864525921922e-9	3.849936246349353e-6	1.1321889184703271e-8	1.0103992916854455e-9	3.959845836728917e-5
158.0	2.2331573477538015e-8	1.6727513544739526e-9	3.849936625005151e-6	1.1320001359977697e-8	1.0106929462584487e-9	3.959845858496207e-5
159.0	2.2378340635432404e-8	1.6737947687671833e-9	3.849936721514507e-6	1.1325301113611256e-8	1.0105706613493537e-9	3.959845842866422e-5
160.0	2.2345675157314234e-8	1.6748810275883849e-9	3.849935752629654e-6	1.1326288680195585e-8	1.0108919791640109e-9	3.959845858242485e-5
161.0	2.230866012630666e-8	1.6753748687998767e-9	3.849935659484238e-6	1.1332037754465902e-8	1.0108475621499677e-9	3.9598458412941385e-5
162.0	2.2341212429379983e-8	1.6724661869625633e-9	3.849936137505186e-6	1.1333513715760512e-8	1.0110299001252907e-9	3.959845847742425e-5
163.0	2.234368885670647e-8	1.6725426047655032e-9	3.8499361115610894e-6	1.1337350981531774e-8	1.0112587117551244e-9	3.95984584355126e-5
164.0	2.2308180000447595e-8	1.6712082825762789e-9	3.849936127040776e-6	1.1336843806720856e-8	1.0112117289328505e-9	3.959845851497381e-5
165.0	2.234684589726412e-8	1.671726831893786e-9	3.849935956155562e-6	1.1337048060702187e-8	1.011260125074838e-9	3.959845850560467e-5
166.0	2.237791689013452e-8	1.6714126178185252e-9	3.84993634242202e-6	1.1334333167086233e-8	1.0113394858612357e-9	3.95984586348877e-5
167.0	2.2358638889342695e-8	1.672475060520325e-9	3.849935714611103e-6	1.133171049313971e-8	1.0112006448028368e-9	3.9598458537933226e-5
168.0	2.2301739268459826e-8	1.6738407110550155e-9	3.8499357558750625e-6	1.132819526418372e-8	1.0113064679574999e-9	3.9598458865451024e-5
169.0	2.2308768670066553e-8	1.6739042789499013e-9	3.849936062052829e-6	1.1325307970160336e-8	1.011191589054585e-9	3.9598458666647356e-5
170.0	2.2408329220618863e-8	1.6741877401988669e-9	3.849936408590692e-6	1.1323282481950557e-8	1.0110451400661705e-9	3.959845896634417e-5
171.0	2.2389696383602908e-8	1.6736610514636333e-9	3.849936455620279e-6	1.1322181797351454e-8	1.0110649537752336e-9	3.959845886497058e-5
172.0	2.2327567754807587e-8	1.6737430766011005e-9	3.84993576305356e-6	1.1323645747014619e-8	1.0106153526646487e-9	3.959845891479855e-5
173.0	2.2303934891597125e-8	1.6716021583770197e-9	3.849936122455019e-6	1.1325484223448894e-8	1.0109256028613627e-9	3.9598459050967014e-5
174.0	2.2390239634096055e-8	1.6729357973069377e-9	3.849936004764249e-6	1.1329577447517836e-8	1.0104673165211161e-9	3.959845878063139e-5
175.0	2.2394358513818934e-8	1.6742150731100454e-9	3.849935791813668e-6	1.1332364499895107e-8	1.0109143717153912e-9	3.959845916383253e-5
176.0	2.2319098679107376e-8	1.6736303250403489e-9	3.849936099012704e-6	1.1335980471205147e-8	1.0107403267878757e-9	3.9598458688265975e-5
177.0	2.2325098065541108e-8	1.673889090224782e-9	3.8499361228674445e-6	1.1336009494509299e-8	1.0106179405465229e-9	3.959845897325074e-5
178.0	2.2366317811165276e-8	1.6744152517111538e-9	3.849936477992269e-6	1.13366805165174e-8	1.0107644403855223e-9	3.959845867410192e-5
179.0	2.2377253221405645e-8	1.6746414919884995e-9	3.849935538887676e-6	1.1334729630345809e-8	1.0100947901882214e-9	3.959845887409261e-5
180.0	2.2321356661263266e-8	1.6732927346986273e-9	3.849936146415902e-6	1.1332654183405333e-8	1.0104562577232517e-9	3.95984587353519e-5
181.0	2.2324197194297124e-8	1.6756822695520833e-9	3.849936139245451e-6	1.133012203007758e-8	1.0098063956715067e-9	3.959845882345991e-5
182.0	2.237543468737791e-8	1.673433668996517e-9	3.849936000492495e-6	1.1328212461376891e-8	1.0104681714879042e-9	3.9598458621377585e-5
183.0	2.23634854647708e-8	1.6744726884667594e-9	3.84993590404469e-6	1.132533345686195e-8	1.0105257136624823e-9	3.959845876307022e-5
184.0	2.2308821436233807e-8	1.6755983682972616e-9	3.849936289307419e-6	1.1325481892939868e-8	1.0108686926758753e-9	3.959845866113173e-5
185.0	2.2360008357869063e-8	1.6747292250999838e-9	3.849936025996753e-6	1.1324468672357374e-8	1.0113157420720688e-9	3.959845886913765e-5
186.0	2.2388039943330834e-8	1.675223680386267e-9	3.849936261000343e-6	1.1327129900129005e-8	1.010965297834313e-9	3.9598458767751106e-5
187.0	2.2361996751446537e-8	1.6770385124381008e-9	3.849936281958423e-6	1.1327926116446468e-8	1.0111870360714725e-9	3.9598458739824565e-5
188.0	2.2288833886295745e-8	1.6761733447751375e-9	3.849936134935703e-6	1.1331401460603586e-8	1.0103111396030177e-9	3.9598458864618004e-5
189.0	2.236904850547968e-8	1.6766758805119118e-9	3.849936272980512e-6	1.1332845476712796e-8	1.0105046593990093e-9	3.9598458438030514e-5
190.0	2.242605223651872e-8	1.6785153839232389e-9	3.849935585660081e-6	1.1335381589801815e-8	1.010197810417237e-9	3.959845887150349e-5
191.0	2.2381349220622436e-8	1.676129358969769e-9	3.84993599521465e-6	1.1334821658730687e-8	1.0104781526904743e-9	3.959845818556809e-5
192.0	2.2292273854877422e-8	1.6756421115678655e-9	3.8499362520691255e-6	1.1335860713048142e-8	1.0108443202426344e-9	3.9598458731671236e-5
193.0	2.233275811655665e-8	1.6762311201882704e-9	3.8499363521676735e-6	1.1333073992092273e-8	1.0109675249802295e-9	3.959845816550229e-5
194.0	2.2424708741414745e-8	1.6742794987119687e-9	3.849936067946943e-6	1.1331716404768513e-8	1.011367128866987e-9	3.959845836309979e-5
195.0	2.2418590425019433e-8	1.6756637081852827e-9	3.849936056348291e-6	1.13285676612561e-8	1.0109945742326482e-9	3.959845811339546e-5
196.0	2.2315614181196413e-8	1.6763500137639306e-9	3.849935613681088e-6	1.1325901146778132e-8	1.0111435037425991e-9	3.9598457921326986e-5
197.0	2.2331812423873237e-8	1.6762403138909388e-9	3.849935409402834e-6	1.1325246709338138e-8	1.0107079076018978e-9	3.959845803586199e-5
198.0	2.2349796198127792e-8	1.677854743358831e-9	3.849936434645e-6	1.1322800336044581e-8	1.0107242117082561e-9	3.9598457797227647e-5
199.0	2.2407015720093607e-8	1.679253582512121e-9	3.849936389562469e-6	1.1324854260581416e-8	1.0105151284443998e-9	3.959845801613453e-5
200.0	2.2367605509818052e-8	1.6777668136448226e-9	3.849935829134473e-6	1.132499578734179e-8	1.0106171902662488e-9	3.959845784665545e-5
201.0	2.2341544600515906e-8	1.6774964946207173e-9	3.849936102204577e-6	1.1329157752231821e-8	1.0106286956315325e-9	3.9598457839946927e-5
202.0	2.2341594441918664e-8	1.6768044317053171e-9	3.849936048351499e-6	1.1330884550671558e-8	1.0107435636249769e-9	3.959845780728215e-5
203.0	2.2320981812436475e-8	1.6762953879186296e-9	3.849935801480443e-6	1.1335385141377967e-8	1.011050127281821e-9	3.959845768921445e-5
204.0	2.2374310094986247e-8	1.676971987751386e-9	3.849935862522782e-6	1.133470088092107e-8	1.0110321322307878e-9	3.959845776242416e-5
205.0	2.2378029013672015e-8	1.6785323402989305e-9	3.849936844304028e-6	1.1338006898177381e-8	1.0113962369672523e-9	3.9598457863514e-5
206.0	2.2361183312412124e-8	1.6791212141810722e-9	3.849935784052515e-6	1.1333780617760227e-8	1.0110975850398637e-9	3.959845791503797e-5
207.0	2.2335568751833968e-8	1.6783483134290142e-9	3.849935693424178e-6	1.1335669380025575e-8	1.0112368757099678e-9	3.959845821495476e-5
208.0	2.2328003069419062e-8	1.6801475717798145e-9	3.849936346503423e-6	1.1331006123939569e-8	1.0109440926117414e-9	3.95984582496565e-5
209.0	2.2353054228835615e-8	1.6793746482633711e-9	3.8499363002628624e-6	1.1330736481008162e-8	1.0108860139705395e-9	3.9598458507053535e-5
210.0	2.2408315562300032e-8	1.6784451932062664e-9	3.8499356904748245e-6	1.1327475201467143e-8	1.0110342783214427e-9	3.959845859576258e-5
211.0	2.2372453403131113e-8	1.679221451145699e-9	3.849936091421588e-6	1.1326316468231751e-8	1.0111529493321793e-9	3.959845874770882e-5
212.0	2.238307666628674e-8	1.6780324896471785e-9	3.8499362444295016e-6	1.1325430268653204e-8	1.0116387824058341e-9	3.9598458755454986e-5
213.0	2.232101077038931e-8	1.6796224066337414e-9	3.849935634259871e-6	1.1325247079843448e-8	1.0113428227964624e-9	3.959845882121246e-5
214.0	2.2364200015402002e-8	1.67925522051196e-9	3.849935693297615e-6	1.1326288226558775e-8	1.0116481530779307e-9	3.9598458641974066e-5
215.0	2.2424378082832752e-8	1.6807228348808e-9	3.84993653330423e-6	1.1327201422945313e-8	1.0112734954590738e-9	3.959845876234247e-5
216.0	2.241768414459714e-8	1.6806554856872522e-9	3.849935978239743e-6	1.1330024488734765e-8	1.0111522268628069e-9	3.9598458497331304e-5
217.0	2.237931620333473e-8	1.681536590219411e-9	3.849935433575743e-6	1.1329315279455062e-8	1.0112091476687525e-9	3.9598458764416405e-5
218.0	2.231306693020666e-8	1.6801358891052011e-9	3.849936049039556e-6	1.1333504001328791e-8	1.0108947832445314e-9	3.959845858738468e-5
219.0	2.239091199833615e-8	1.680422266607421e-9	3.8499365877383815e-6	1.1330575183163631e-8	1.0110966246337223e-9	3.9598458817397937e-5
220.0	2.2451061695240623e-8	1.6808956951765154e-9	3.849935844038952e-6	1.1335703193919476e-8	1.0106076102848444e-9	3.959845873604326e-5
221.0	2.2389788009299058e-8	1.6798176368047092e-9	3.8499358966862305e-6	1.1332400856007156e-8	1.0106764975624265e-9	3.959845881318469e-5
222.0	2.2333343127670486e-8	1.6797931803111787e-9	3.849936091992995e-6	1.133522696435025e-8	1.010327306663607e-9	3.9598458775821e-5
223.0	2.234679052776849e-8	1.6803432090333586e-9	3.849936119787107e-6	1.1332066403172166e-8	1.0104073624098034e-9	3.959845881815237e-5
224.0	2.2446422469638553e-8	1.6808706731079627e-9	3.849935474174159e-6	1.133340234430338e-8	1.0103725725320935e-9	3.95984587848123e-5
225.0	2.24008410928234e-8	1.682014270585008e-9	3.849936364270349e-6	1.1330253467120632e-8	1.0104005553175146e-9	3.9598458773633804e-5
226.0	2.233729581158082e-8	1.6818716513690637e-9	3.849936847660874e-6	1.1332361127903506e-8	1.0104550490253642e-9	3.9598458709732744e-5
227.0	2.23673746603011e-8	1.6816749289050187e-9	3.849935600254047e-6	1.1329730394561848e-8	1.010328628155009e-9	3.959845871647376e-5
228.0	2.2408688045774596e-8	1.6812897377449104e-9	3.849935741002471e-6	1.1332354884277322e-8	1.0104690750805205e-9	3.959845863795489e-5
229.0	2.2392249261672912e-8	1.6816566859471849e-9	3.849936054848238e-6	1.1330742699238529e-8	1.0103828565133451e-9	3.959845884206767e-5
230.0	2.2337063246640123e-8	1.6805112793323477e-9	3.849935985835545e-6	1.133062525359128e-8	1.0104815573755655e-9	3.95984586421082e-5
231.0	2.2369567843441288e-8	1.6824256986293349e-9	3.849935828510004e-6	1.1331175591628471e-8	1.0106905393639799e-9	3.959845885109105e-5
232.0	2.2406977421416473e-8	1.6813685777078588e-9	3.849936425519534e-6	1.1328482252741663e-8	1.0106951063214494e-9	3.9598458651108645e-5
233.0	2.237179076395065e-8	1.6818193025051757e-9	3.849936162242807e-6	1.1331306924328427e-8	1.0110515425349833e-9	3.9598458584663376e-5
234.0	2.235742750073845e-8	1.6834473749078928e-9	3.849935916372071e-6	1.1328428864624319e-8	1.0110219952794917e-9	3.959845859354936e-5
235.0	2.2387304246786088e-8	1.6833286046499983e-9	3.849936042107727e-6	1.1331065325499472e-8	1.011180154960803e-9	3.959845841904912e-5
236.0	2.2400123644832688e-8	1.6836267015208418e-9	3.849936015947884e-6	1.1329059808579895e-8	1.0112119934256517e-9	3.959845862657812e-5
237.0	2.2366431138432347e-8	1.682337206294477e-9	3.849936229440455e-6	1.1330951113156862e-8	1.0110871338924776e-9	3.95984581818946e-5
238.0	2.2360537878344945e-8	1.6830327930713249e-9	3.849936389048575e-6	1.1329341178703872e-8	1.011197991152372e-9	3.959845832275119e-5
239.0	2.2420702271830982e-8	1.6827194879021686e-9	3.849936113830188e-6	1.1332153815503009e-8	1.011349550342086e-9	3.9598457932906665e-5
240.0	2.2407608325729728e-8	1.6832735950462765e-9	3.849936356540545e-6	1.1330468842755254e-8	1.0115310747681399e-9	3.959845790917732e-5
241.0	2.2370059895906464e-8	1.6829245801926524e-9	3.84993646531455e-6	1.1333266673247808e-8	1.0116841728322597e-9	3.959845770521901e-5
242.0	2.236541737371396e-8	1.6818056987759612e-9	3.8499358893983006e-6	1.1330459084473987e-8	1.0116821738121559e-9	3.959845757579302e-5
243.0	2.2398573225339183e-8	1.6831788782995015e-9	3.84993572541706e-6	1.13317695756527e-8	1.0116574340341693e-9	3.9598457562582275e-5
244.0	2.2414350630169494e-8	1.6843310244058012e-9	3.849936160432365e-6	1.1328801596238935e-8	1.0112914401678806e-9	3.959845737753066e-5
245.0	2.2385092952084605e-8	1.6843718802127049e-9	3.849936104080935e-6	1.1328253476464363e-8	1.0111917116430399e-9	3.959845731625946e-5
246.0	2.23710569509233e-8	1.6827998442012614e-9	3.849936304642723e-6	1.1328045462337686e-8	1.0111289587136633e-9	3.959845720048735e-5
247.0	2.2400719175967203e-8	1.684260928146608e-9	3.849936511330366e-6	1.1327077315808597e-8	1.0111654303445293e-9	3.959845707046953e-5
248.0	2.2364322963348426e-8	1.6837143593075156e-9	3.8499366798300965e-6	1.13281085821937e-8	1.011259099422959e-9	3.959845709855444e-5
249.0	2.237886528650643e-8	1.6836030535344962e-9	3.849935425316308e-6	1.1327827483061414e-8	1.0113532576001522e-9	3.959845705479324e-5
250.0	2.2421743967293777e-8	1.6836655091922952e-9	3.849935199151645e-6	1.132932464419185e-8	1.0112023558026498e-9	3.959845723685885e-5
251.0	2.2408268173148385e-8	1.6844462483157213e-9	3.849935912079427e-6	1.1329178911919975e-8	1.0109250779566378e-9	3.959845725122847e-5
252.0	2.239680468821371e-8	1.6848010302941688e-9	3.849936024847112e-6	1.1331340069061284e-8	1.0105224607027283e-9	3.959845748703584e-5
253.0	2.234013912795997e-8	1.686108986658024e-9	3.849936252755371e-6	1.1331266407281302e-8	1.010595707650966e-9	3.9598457578899104e-5
254.0	2.242530340648338e-8	1.6871427797565136e-9	3.849936649427725e-6	1.1332685785830742e-8	1.0105105907873798e-9	3.9598457754645627e-5
255.0	2.2472330565510156e-8	1.6862825038594505e-9	3.8499366132595105e-6	1.133175370739209e-8	1.011047263776438e-9	3.959845783808691e-5
256.0	2.240108035052223e-8	1.6858016560129002e-9	3.8499354737430796e-6	1.1331951398229676e-8	1.0111526341905097e-9	3.959845766097734e-5
257.0	2.2354082076274836e-8	1.685162709605887e-9	3.849935945516891e-6	1.1330153381440624e-8	1.0112450412581595e-9	3.959845770510437e-5
258.0	2.238500876533901e-8	1.685086204066587e-9	3.84993611894676e-6	1.1328889094148883e-8	1.01138061609434e-9	3.959845763931997e-5
259.0	2.246345327165958e-8	1.6861053519686601e-9	3.849935686708289e-6	1.132740936362625e-8	1.0109832690129676e-9	3.959845775492411e-5
260.0	2.245111969098739e-8	1.6876135091255961e-9	3.849935883696572e-6	1.1327082547094728e-8	1.0112108908556035e-9	3.959845783750792e-5
261.0	2.2378065340903912e-8	1.6892961508294642e-9	3.849936749197924e-6	1.1326669473365558e-8	1.0110755246317704e-9	3.95984579678046e-5
262.0	2.2386184305873277e-8	1.6891701564209059e-9	3.849936581573765e-6	1.1327673327429091e-8	1.0111788499445107e-9	3.9598457940071784e-5
263.0	2.2420780066611083e-8	1.6898392198033439e-9	3.849936345434494e-6	1.1328621450521777e-8	1.0113080161668498e-9	3.959845804178203e-5
264.0	2.243264332431613e-8	1.6870641225873315e-9	3.849936514115749e-6	1.13306766402532e-8	1.0111898742327892e-9	3.959845781501616e-5
265.0	2.242905872535561e-8	1.6885520954768748e-9	3.849935675662095e-6	1.1330978022570131e-8	1.0113673850101367e-9	3.959845798147472e-5
266.0	2.2397050480602287e-8	1.6876223355018833e-9	3.8499352442286054e-6	1.13332592598814e-8	1.0111893850250658e-9	3.959845792169639e-5
267.0	2.2408046721807844e-8	1.6871839704534623e-9	3.849935786510489e-6	1.1332601300882799e-8	1.0115997065325137e-9	3.959845820828111e-5
268.0	2.24144545744343e-8	1.6902170892918838e-9	3.849937006941072e-6	1.1333646707934863e-8	1.0112612992570953e-9	3.9598458336443e-5
269.0	2.241267367911189e-8	1.6890218960190852e-9	3.8499366536566336e-6	1.1331759813311157e-8	1.0114499109462916e-9	3.95984584866402e-5
270.0	2.245158886644116e-8	1.6895771995345234e-9	3.84993594885022e-6	1.133208605456599e-8	1.0111654558805382e-9	3.9598458580887974e-5
271.0	2.2413444872730047e-8	1.6899775102976583e-9	3.849935962514418e-6	1.1328043165389007e-8	1.01089637546198e-9	3.9598458421121094e-5
272.0	2.2424335796296872e-8	1.6890645912629327e-9	3.849935648986507e-6	1.1328178206578621e-8	1.0108440780356385e-9	3.9598458407078995e-5
273.0	2.2416730117960298e-8	1.6881423190113812e-9	3.849935361355052e-6	1.1325065306675384e-8	1.0105153227603976e-9	3.9598458233557025e-5
274.0	2.243971959677332e-8	1.687859134460905e-9	3.849935750206498e-6	1.132629195474751e-8	1.010831124052458e-9	3.959845826587451e-5
275.0	2.2451396377114372e-8	1.6904942771212399e-9	3.849936843841073e-6	1.1325477637573408e-8	1.0106749771695102e-9	3.9598458271737265e-5
276.0	2.2410424748007202e-8	1.6896633987242941e-9	3.8499357852027186e-6	1.132753715151645e-8	1.0108876048667187e-9	3.959845821122011e-5
277.0	2.2423041344912066e-8	1.6894474263750984e-9	3.849935347106013e-6	1.1328941823129856e-8	1.0108909203992643e-9	3.959845813623905e-5
278.0	2.2402663874049348e-8	1.6902418675768848e-9	3.8499361029730554e-6	1.132974989451766e-8	1.0110188073962984e-9	3.9598458047321144e-5
279.0	2.245132985846766e-8	1.6901903761321746e-9	3.84993632620917e-6	1.1331820383059018e-8	1.0111722444276252e-9	3.959845790106839e-5
280.0	2.2466832978737542e-8	1.6897313733168967e-9	3.849935605101204e-6	1.133091358673812e-8	1.0112404846441236e-9	3.9598457859383277e-5
281.0	2.2420945005329907e-8	1.6901487847148781e-9	3.849935962632192e-6	1.1333246809576302e-8	1.0115058287372924e-9	3.9598457593459126e-5
282.0	2.241104861133404e-8	1.6921862282568294e-9	3.849936038193508e-6	1.133072740477804e-8	1.011412854848508e-9	3.9598457667559235e-5
283.0	2.2412173514645147e-8	1.6901751421237646e-9	3.849935931536272e-6	1.1333016480813445e-8	1.011537914535285e-9	3.959845741776078e-5
284.0	2.247412880589707e-8	1.692027308171118e-9	3.8499358371741056e-6	1.1328958050417255e-8	1.0113907883920802e-9	3.9598457535049394e-5
285.0	2.2463785639579424e-8	1.6910697883623291e-9	3.8499364541654735e-6	1.1330434400545214e-8	1.0117123005916191e-9	3.959845747473473e-5
286.0	2.240030125465803e-8	1.6897642095122043e-9	3.849935867829128e-6	1.1326315857963378e-8	1.0117710920925143e-9	3.95984574818176e-5
287.0	2.239869469578296e-8	1.6903901956116576e-9	3.84993609325177e-6	1.1328361348852638e-8	1.0120973327627799e-9	3.959845745253006e-5
288.0	2.242911717690265e-8	1.6900504164257035e-9	3.849935872850272e-6	1.1325611643647193e-8	1.012208007122565e-9	3.959845722724415e-5
289.0	2.2467592123152422e-8	1.691164964289662e-9	3.8499359071229325e-6	1.1328049083231456e-8	1.0121344575271315e-9	3.959845734035892e-5
290.0	2.243587082005881e-8	1.693607758455802e-9	3.84993605868393e-6	1.1326687482646461e-8	1.0121122975355333e-9	3.959845698178323e-5
291.0	2.2402416640581638e-8	1.6950737530709733e-9	3.849935687893615e-6	1.1327840972543613e-8	1.0118457977424265e-9	3.959845716994119e-5
292.0	2.240492710577133e-8	1.6938672653227932e-9	3.849935689235416e-6	1.1327455168913673e-8	1.012004782650406e-9	3.959845683843378e-5
293.0	2.2430713474398373e-8	1.6949169528219114e-9	3.849936087080363e-6	1.1328320536218059e-8	1.0119545750152015e-9	3.9598457161998154e-5
294.0	2.2406088202451168e-8	1.6928617339083605e-9	3.849936486845207e-6	1.1329574747797963e-8	1.012302731936522e-9	3.959845699612529e-5
295.0	2.2461139954441096e-8	1.692606376787878e-9	3.84993575408147e-6	1.1328989909233996e-8	1.0121369510263041e-9	3.9598457238823616e-5
296.0	2.2417146545722498e-8	1.691991316283263e-9	3.849935790716351e-6	1.1331774499994474e-8	1.0118913498443086e-9	3.9598457044097693e-5
297.0	2.2408642055289157e-8	1.6928685278655287e-9	3.849935411656474e-6	1.1329936310036415e-8	1.0113725528967691e-9	3.9598457202951404e-5
298.0	2.239023082404715e-8	1.6935092158785115e-9	3.849935566597507e-6	1.1332952570619168e-8	1.0107191361144716e-9	3.959845698458338e-5
299.0	2.2430777055014882e-8	1.694572916475648e-9	3.849935931392486e-6	1.133080244559933e-8	1.010530407920237e-9	3.959845718813214e-5
300.0	2.248816368191597e-8	1.6982470899770338e-9	3.849936631725352e-6	1.1334417679199597e-8	1.0102358489517836e-9	3.9598456934557e-5
301.0	2.2436275405302405e-8	1.6950235195528768e-9	3.84993630392659e-6	1.1332030500029573e-8	1.010667628365902e-9	3.959845715008371e-5
302.0	2.2393319952012106e-8	1.6939760072037046e-9	3.849935350611358e-6	1.1335020521431628e-8	1.0106766842075003e-9	3.959845705541423e-5
303.0	2.2394873361093906e-8	1.694964303450751e-9	3.849935316441918e-6	1.1332541726107298e-8	1.0110901413538302e-9	3.9598457145356606e-5
304.0	2.2464385880150412e-8	1.6937543588638141e-9	3.849935541229327e-6	1.1333267068598221e-8	1.010943714802175e-9	3.959845731561471e-5
305.0	2.2477061396944448e-8	1.69396806790667e-9	3.849935626531201e-6	1.1329559417097884e-8	1.0110117083271345e-9	3.9598457264996195e-5
306.0	2.243915159650044e-8	1.6949795932411818e-9	3.849936332510075e-6	1.1328935495444352e-8	1.0108567787667925e-9	3.9598457627292136e-5
307.0	2.2402369377093158e-8	1.695715335335529e-9	3.8499360243667615e-6	1.132630928080638e-8	1.010676727972891e-9	3.959845748620804e-5
308.0	2.2411431399329894e-8	1.69703860513648e-9	3.849935288507809e-6	1.132526477503353e-8	1.0107625987474814e-9	3.9598457902993025e-5
309.0	2.2456699414207413e-8	1.6973473806995223e-9	3.849935530248824e-6	1.1325591075191777e-8	1.0108807047648308e-9	3.959845781113304e-5
310.0	2.2481030722259433e-8	1.697375459164226e-9	3.84993545229157e-6	1.1325087754950785e-8	1.011086014783269e-9	3.959845807623747e-5
311.0	2.2439086767912673e-8	1.6949455514769108e-9	3.849935630575366e-6	1.1328122512251316e-8	1.0114908698095143e-9	3.959845800708378e-5
312.0	2.2417074035171814e-8	1.6944971834900784e-9	3.849936775737996e-6	1.1328821907033443e-8	1.0118128558315689e-9	3.959845794366848e-5
313.0	2.2406720868891437e-8	1.6952352459255498e-9	3.84993530902353e-6	1.1332548975157225e-8	1.0120422744646818e-9	3.959845783693466e-5
314.0	2.2468036161464585e-8	1.6929322868530132e-9	3.8499351873199345e-6	1.1334090957968845e-8	1.012269049009574e-9	3.95984577277043e-5
315.0	2.2458495800742098e-8	1.697009474212734e-9	3.849936092210439e-6	1.1336087256660303e-8	1.012233891401093e-9	3.9598457640163574e-5
316.0	2.2424611751679638e-8	1.6983483389954804e-9	3.849936060769519e-6	1.1336316288453743e-8	1.0123793206402509e-9	3.959845768252328e-5
317.0	2.2420950681729385e-8	1.6972960564048186e-9	3.849935678253578e-6	1.1336529972340103e-8	1.0121124338423942e-9	3.9598457701117495e-5
318.0	2.243357416236657e-8	1.6998060916915065e-9	3.849936650792974e-6	1.1334532024417338e-8	1.012161660261902e-9	3.959845792148491e-5
319.0	2.2433712502363606e-8	1.6979446184707841e-9	3.84993620436726e-6	1.1332958069799634e-8	1.0120052086437858e-9	3.959845816187138e-5
320.0	2.2430616345439727e-8	1.697397525565058e-9	3.849935425590709e-6	1.1330617314112642e-8	1.0118741595133255e-9	3.959845834834974e-5
321.0	2.2452870346647123e-8	1.6973154697255195e-9	3.849935671627261e-6	1.1327412862657087e-8	1.0116988052001581e-9	3.9598458503579636e-5
322.0	2.2453504400249995e-8	1.6973187808599364e-9	3.8499364229379666e-6	1.1326951222250196e-8	1.0114256517959832e-9	3.959845833716658e-5
323.0	2.2423097603298022e-8	1.6968341096228552e-9	3.849936113297012e-6	1.132408620167129e-8	1.0114685988403815e-9	3.959845835542101e-5
324.0	2.2397096818349265e-8	1.698203390828266e-9	3.849935779854342e-6	1.1326285935996976e-8	1.0111087749494302e-9	3.959845818101261e-5
325.0	2.2477600393089915e-8	1.699610827264449e-9	3.849936078151907e-6	1.132615103221826e-8	1.0113438709611965e-9	3.959845818894115e-5
326.0	2.2478196905335715e-8	1.6992142571521232e-9	3.8499352419457525e-6	1.132934072606638e-8	1.011131804578415e-9	3.959845812711104e-5
327.0	2.2446828528182787e-8	1.6982291495940073e-9	3.849935512082189e-6	1.1331590962452383e-8	1.0111962231419377e-9	3.959845827748814e-5
328.0	2.23720018004622e-8	1.698087860204111e-9	3.849935725526709e-6	1.1333734814769732e-8	1.0112153747853217e-9	3.959845839112819e-5
329.0	2.246014782269887e-8	1.6967701318655695e-9	3.849935623564711e-6	1.1335058902676928e-8	1.010950385700429e-9	3.9598458591076805e-5
330.0	2.2508994456446304e-8	1.6975757329659188e-9	3.849935978019832e-6	1.133605014002656e-8	1.0109126786425283e-9	3.959845868377146e-5
331.0	2.244474827106142e-8	1.6999124002879783e-9	3.849936188987325e-6	1.1336097435053745e-8	1.0104514316518974e-9	3.9598458491788226e-5
332.0	2.23845420802685e-8	1.69964318508497e-9	3.849934969888051e-6	1.1335068969252864e-8	1.010612642905522e-9	3.959845855682094e-5
333.0	2.241404447858654e-8	1.700462888653015e-9	3.8499348831118615e-6	1.1334851305896473e-8	1.0103728307411153e-9	3.959845816796154e-5
334.0	2.250189336472806e-8	1.7016949446517635e-9	3.849935950576193e-6	1.133130420442195e-8	1.0110819186707676e-9	3.959845836002364e-5
335.0	2.245692056258765e-8	1.6996112814226047e-9	3.849935787347717e-6	1.1333312739432221e-8	1.01118135157451e-9	3.959845789143779e-5
336.0	2.237658355782662e-8	1.6992682562679376e-9	3.849935576438782e-6	1.1329399824045267e-8	1.0116991752761136e-9	3.9598457946784934e-5
337.0	2.2428995234570667e-8	1.6986654096139218e-9	3.849936565755023e-6	1.1333123495223015e-8	1.0119066671992873e-9	3.959845753987096e-5
338.0	2.2449602281105937e-8	1.6985546156577793e-9	3.849936323393001e-6	1.1330353073439875e-8	1.0118162331492142e-9	3.959845754802744e-5
339.0	2.2470400640697995e-8	1.700321801830522e-9	3.849934688096286e-6	1.133351521974032e-8	1.0121698358984687e-9	3.959845742776984e-5
340.0	2.2393828431786136e-8	1.7025574450671597e-9	3.849935633365405e-6	1.1332746368060962e-8	1.0116989861016365e-9	3.959845740663236e-5
341.0	2.239522240710051e-8	1.7044654493874947e-9	3.849935894153873e-6	1.133407362732541e-8	1.0119487935558207e-9	3.959845753282825e-5
342.0	2.2474459713493763e-8	1.7024504851185476e-9	3.849936002648504e-6	1.1332335222827562e-8	1.0114821456449869e-9	3.959845741211075e-5
343.0	2.2417552913863475e-8	1.7025393873349566e-9	3.849935432340956e-6	1.1333097474969367e-8	1.0116001687199502e-9	3.959845763398745e-5
344.0	2.2426607891448814e-8	1.7013299964029101e-9	3.849936553145224e-6	1.1331387034385433e-8	1.0116954926821911e-9	3.959845730192227e-5
345.0	2.242696037720632e-8	1.7003729640081315e-9	3.84993565633228e-6	1.1331007955194751e-8	1.0117581722894152e-9	3.959845748575448e-5
346.0	2.246322957496979e-8	1.700268044109292e-9	3.849935645962006e-6	1.1330518586525295e-8	1.0123874776022964e-9	3.959845716732669e-5
347.0	2.244802073017241e-8	1.7001035764373746e-9	3.849935559499117e-6	1.1328587765188937e-8	1.0120821115644977e-9	3.959845718125904e-5
348.0	2.2391264750584856e-8	1.701667286228604e-9	3.8499358999816655e-6	1.1330597843891158e-8	1.0123910375733575e-9	3.959845690403425e-5
349.0	2.2449809565471984e-8	1.7031407752185674e-9	3.849935598501256e-6	1.1328159878417602e-8	1.0117359906179566e-9	3.9598456905179445e-5
350.0	2.248620732946254e-8	1.702953595004695e-9	3.849935511088972e-6	1.1332649862627304e-8	1.0115686237553416e-9	3.959845674130908e-5
351.0	2.245100170513055e-8	1.7030208045023214e-9	3.849936220094146e-6	1.1331622477962293e-8	1.011209131730257e-9	3.959845711930546e-5
352.0	2.2425044093732644e-8	1.702107160440015e-9	3.849935644544622e-6	1.1335570334774407e-8	1.010987329976656e-9	3.959845699828983e-5
353.0	2.2401275194915448e-8	1.7012501818658017e-9	3.849935876699885e-6	1.1335614571196298e-8	1.0109355043871452e-9	3.959845728464651e-5
354.0	2.2488061293256305e-8	1.7029351133379958e-9	3.8499352766985775e-6	1.1338120686943446e-8	1.0109719034530157e-9	3.959845708766832e-5
355.0	2.246377774511602e-8	1.7033613905378928e-9	3.849935526572741e-6	1.1336648277050833e-8	1.0109841613950185e-9	3.95984570133649e-5
356.0	2.2449102827954613e-8	1.7026827086104144e-9	3.8499353162426055e-6	1.1337102679766112e-8	1.011241067256592e-9	3.959845719076584e-5
357.0	2.2429308755192008e-8	1.7025746576961776e-9	3.8499362126120514e-6	1.1334585617447572e-8	1.011189521117558e-9	3.959845689297914e-5
358.0	2.2447215427874747e-8	1.7031391277287221e-9	3.849935807230283e-6	1.1333091915566557e-8	1.0114348599413107e-9	3.959845736037582e-5
359.0	2.2460806932204422e-8	1.7011185473549725e-9	3.84993525835892e-6	1.1330941126557737e-8	1.0112831503345274e-9	3.9598457058517826e-5
360.0	2.2478449775087483e-8	1.702506479935078e-9	3.849935805587478e-6	1.1329143724045093e-8	1.0114410131589957e-9	3.9598457471898934e-5
361.0	2.2466588772426715e-8	1.7042199520891074e-9	3.8499354250335114e-6	1.1330172080481381e-8	1.0114624095163443e-9	3.9598457355204906e-5
362.0	2.2441243005986975e-8	1.7031227791384748e-9	3.8499352767560614e-6	1.1328641145413385e-8	1.0114852178302424e-9	3.959845763104619e-5
363.0	2.242324861208431e-8	1.7061400778966114e-9	3.849936207868014e-6	1.1332405888202828e-8	1.0118278083902192e-9	3.9598457645807775e-5
364.0	2.2456917705269702e-8	1.7061482275591678e-9	3.8499361276490945e-6	1.133203970643601e-8	1.01149352459946e-9	3.9598457689704756e-5
365.0	2.2502680608503652e-8	1.7050803000194354e-9	3.849935298883047e-6	1.133505916621206e-8	1.011911454356205e-9	3.959845777054799e-5
366.0	2.246277082471545e-8	1.704721154299306e-9	3.849935205108979e-6	1.133543076585912e-8	1.0115938709787491e-9	3.959845775872927e-5
367.0	2.2424014242823148e-8	1.7031787925746734e-9	3.849935901434327e-6	1.1336452318323918e-8	1.0117676606401975e-9	3.9598457914516055e-5
368.0	2.2448522241976314e-8	1.7039843007706991e-9	3.849936262949174e-6	1.1336223390571717e-8	1.0117948192517593e-9	3.9598457850428776e-5
369.0	2.2473371244946256e-8	1.7038903528062068e-9	3.849935879343119e-6	1.133463268734841e-8	1.0115735104911705e-9	3.959845813335254e-5
370.0	2.2495085937805115e-8	1.7074946101501315e-9	3.849936141773982e-6	1.1333423449313896e-8	1.0119080362779739e-9	3.959845802686171e-5
371.0	2.245143207976296e-8	1.7084896618651747e-9	3.849934994541909e-6	1.1330365094309984e-8	1.0114253340279888e-9	3.9598458244654315e-5
372.0	2.2440553890381452e-8	1.7068996379490427e-9	3.849935109050462e-6	1.1329408770213398e-8	1.0118206856319205e-9	3.9598458074169134e-5
373.0	2.2464132166430127e-8	1.7082865240279133e-9	3.849935789027701e-6	1.1327494920578316e-8	1.0112923630093049e-9	3.959845824514272e-5
374.0	2.2451841710690372e-8	1.7061393229988034e-9	3.8499361383675706e-6	1.1329317707115994e-8	1.0115830484624206e-9	3.959845793542126e-5
375.0	2.2474429549031905e-8	1.7045437684060594e-9	3.849936286340126e-6	1.1329552095580525e-8	1.0111906988660993e-9	3.9598458021869634e-5
376.0	2.247799046583564e-8	1.7050370634434682e-9	3.849936400951749e-6	1.1332707046866926e-8	1.0111531208711047e-9	3.9598457631790396e-5
377.0	2.2455733270766016e-8	1.7059965109662155e-9	3.849935119731152e-6	1.133375991267839e-8	1.0111256869426725e-9	3.9598457593919715e-5
378.0	2.243877102808529e-8	1.705619720067417e-9	3.849934843697494e-6	1.133683334469533e-8	1.0108308449777491e-9	3.959845757164646e-5
379.0	2.2448081449887044e-8	1.707190227154116e-9	3.849935379022203e-6	1.1337856595418021e-8	1.01126474545935e-9	3.9598457556585464e-5
380.0	2.2498714199676182e-8	1.7082133705588159e-9	3.8499360113505315e-6	1.133904460682458e-8	1.010813487190678e-9	3.959845780309678e-5
381.0	2.2496159683407175e-8	1.70660428007948e-9	3.849935675352313e-6	1.1339475504114402e-8	1.0112581519938228e-9	3.959845773274454e-5
382.0	2.243040694863944e-8	1.706331375764817e-9	3.8499367409281135e-6	1.1336285978404984e-8	1.0108033452223761e-9	3.959845795560628e-5
383.0	2.2435148673624027e-8	1.7059788903015675e-9	3.849936064211948e-6	1.133601950545568e-8	1.0109684023787543e-9	3.9598457717058865e-5
384.0	2.2459407505124445e-8	1.7066037823211612e-9	3.849935510881942e-6	1.1330130727782576e-8	1.010903187136328e-9	3.9598457827652724e-5
385.0	2.2508540022650884e-8	1.7075912707317055e-9	3.84993528752804e-6	1.1330724473302124e-8	1.0109056868924061e-9	3.959845768772137e-5
386.0	2.2454154617716568e-8	1.7075757186736374e-9	3.849935601090505e-6	1.1326018933301669e-8	1.0113446533780309e-9	3.9598457661532785e-5
387.0	2.243831891453736e-8	1.7081607129940676e-9	3.849935652131665e-6	1.1328594523713377e-8	1.0111379689047191e-9	3.959845769717455e-5
388.0	2.245313381281023e-8	1.7080149883766962e-9	3.849935482300111e-6	1.1327739316481892e-8	1.0116921772712561e-9	3.959845739120896e-5
389.0	2.246055147134106e-8	1.707395046568171e-9	3.8499363623023016e-6	1.133069150524388e-8	1.011385262177007e-9	3.959845755791592e-5
390.0	2.2485068635522978e-8	1.7086630506746786e-9	3.849936089872121e-6	1.1331897039057302e-8	1.0116799039891717e-9	3.9598456979540366e-5
391.0	2.246865968084301e-8	1.70764383811017e-9	3.849935988102323e-6	1.1335196227937049e-8	1.0115386254448186e-9	3.9598457331712894e-5
392.0	2.2480254104035268e-8	1.709131633451132e-9	3.849935618996999e-6	1.1336300482879727e-8	1.0115873928658295e-9	3.959845669890463e-5
393.0	2.2426549420935844e-8	1.7093838462444798e-9	3.849935639516486e-6	1.133804232270642e-8	1.0116582902927403e-9	3.959845701829791e-5
394.0	2.2437187512552776e-8	1.7080676222415335e-9	3.849935300633769e-6	1.133895870562048e-8	1.0115048879413885e-9	3.959845670812315e-5
395.0	2.247136553061497e-8	1.7092734139735423e-9	3.849935169702957e-6	1.1336692310109147e-8	1.0117315753581502e-9	3.9598456716888676e-5
396.0	2.2495397518075888e-8	1.7080390736952338e-9	3.849936325601878e-6	1.133710549624393e-8	1.0115677527831827e-9	3.9598456812164385e-5
397.0	2.2473466354197605e-8	1.7081743915029924e-9	3.849936199551828e-6	1.1331228024306921e-8	1.0119782421212986e-9	3.959845658173993e-5
398.0	2.242498082216903e-8	1.7085261457455346e-9	3.849936065714907e-6	1.1332584038684121e-8	1.0119477760445036e-9	3.9598456921123295e-5
399.0	2.246834952095937e-8	1.7111441707749308e-9	3.849935605646232e-6	1.1326429247782478e-8	1.0121498239934544e-9	3.959845659119546e-5
400.0	2.2484646732603685e-8	1.7108016562541451e-9	3.849935877139012e-6	1.1329473527800887e-8	1.0120009475828214e-9	3.959845688495948e-5
401.0	2.247299382949017e-8	1.7109412301989512e-9	3.849935233888586e-6	1.132604158525965e-8	1.0115116659120808e-9	3.959845664580226e-5
402.0	2.247231309254051e-8	1.7103696636523265e-9	3.849935565030801e-6	1.1329164129066807e-8	1.0114969084651514e-9	3.9598456845273494e-5
403.0	2.2453555998573095e-8	1.7109916930027148e-9	3.849936233861157e-6	1.1329790651948961e-8	1.0109495252037161e-9	3.959845670631635e-5
404.0	2.2494562377717693e-8	1.7082219538276155e-9	3.849936051518372e-6	1.1333646990302615e-8	1.011294561544803e-9	3.959845681099116e-5
405.0	2.2429781824823948e-8	1.7091849891195485e-9	3.849935055802345e-6	1.1336089754221914e-8	1.0114008542852295e-9	3.959845686946831e-5
406.0	2.2441666528084834e-8	1.7111711440654142e-9	3.849935678646797e-6	1.1338966106458354e-8	1.0118229313448432e-9	3.95984569369851e-5
407.0	2.2497665365500682e-8	1.7109728265508747e-9	3.8499360791539655e-6	1.1340687270658736e-8	1.0117684729344411e-9	3.9598457019283064e-5
408.0	2.2462278927631063e-8	1.7104773017342582e-9	3.8499356356339304e-6	1.1340655253942846e-8	1.0117358458647109e-9	3.959845697254742e-5
409.0	2.2474401289782738e-8	1.711568271699883e-9	3.849936181303435e-6	1.1340242886225137e-8	1.0112329661536952e-9	3.95984572831634e-5
410.0	2.2411888254286712e-8	1.711545511400334e-9	3.8499356959566295e-6	1.1336136799866884e-8	1.0109244932957806e-9	3.959845717150919e-5
411.0	2.2489915003069635e-8	1.70909180377024e-9	3.8499354432087344e-6	1.1337249428436532e-8	1.0108720024962395e-9	3.9598457436472364e-5
412.0	2.2500255841970177e-8	1.709599840226279e-9	3.849935071959021e-6	1.1330335256950191e-8	1.0109927544802998e-9	3.9598457453580776e-5
413.0	2.2446511314481984e-8	1.70987589087317e-9	3.849936183098789e-6	1.1332402715253673e-8	1.0113733224034331e-9	3.959845755446851e-5
414.0	2.246555407209668e-8	1.7115292171204737e-9	3.849936321164502e-6	1.1327985431478943e-8	1.0115297212026897e-9	3.959845777222042e-5
415.0	2.2482703871527984e-8	1.7119966933988759e-9	3.8499365693436245e-6	1.1329125020950063e-8	1.0115874635192044e-9	3.9598457706434165e-5
416.0	2.249344409587336e-8	1.7127577337302266e-9	3.849935878075829e-6	1.1328794851705555e-8	1.0113723499048994e-9	3.959845783181313e-5
417.0	2.2471655972204287e-8	1.7116565973276975e-9	3.849935523202533e-6	1.1329996641998216e-8	1.011123958156693e-9	3.959845777938209e-5
418.0	2.2441010739924015e-8	1.7115564809118416e-9	3.849935633737109e-6	1.1332546685806584e-8	1.0109400477575291e-9	3.9598457800547514e-5
419.0	2.2518384735790522e-8	1.7109526987161177e-9	3.849935876165732e-6	1.1334446747389354e-8	1.0111815248259234e-9	3.9598457981842286e-5
420.0	2.249296310899378e-8	1.7104378445663255e-9	3.849936109748654e-6	1.1337092932917375e-8	1.0112098423809196e-9	3.959845787105982e-5
421.0	2.2454213293434734e-8	1.7110657011314135e-9	3.849936117307256e-6	1.1338611313866662e-8	1.0116068617302675e-9	3.959845824281886e-5
422.0	2.245378414634058e-8	1.7124961516399278e-9	3.849935867833905e-6	1.1339620928901658e-8	1.0115288873730482e-9	3.959845788458543e-5
423.0	2.2473275733740643e-8	1.7125301341747386e-9	3.849935635376502e-6	1.1338464658016808e-8	1.0115010482760944e-9	3.959845819567207e-5
424.0	2.2507192872090676e-8	1.7122221056267042e-9	3.849935825079576e-6	1.1339645741067792e-8	1.0116128938625292e-9	3.959845789480834e-5
425.0	2.247770959631586e-8	1.7135983858279508e-9	3.849936193874601e-6	1.1335156903840445e-8	1.0111804626852266e-9	3.959845806772412e-5
426.0	2.2471568615298205e-8	1.711465995700597e-9	3.849935765383024e-6	1.133669384736276e-8	1.0116318780622019e-9	3.95984579752425e-5
427.0	2.247730948094014e-8	1.7109427008146442e-9	3.849935560643418e-6	1.1332570040335707e-8	1.0110894890951687e-9	3.959845780887398e-5
428.0	2.2458703084133874e-8	1.7119017900269658e-9	3.849935657830327e-6	1.1332445483291438e-8	1.0113681713488341e-9	3.959845790375747e-5
429.0	2.2491024541163593e-8	1.7128591052533008e-9	3.84993556045903e-6	1.1331715347462332e-8	1.0110104124947418e-9	3.959845765091655e-5
430.0	2.251217508396164e-8	1.7120387494576121e-9	3.849936435904801e-6	1.1330429633260245e-8	1.011089980697616e-9	3.9598457779748234e-5
431.0	2.2492361453780792e-8	1.7136741474066012e-9	3.849936588633545e-6	1.1332804105782555e-8	1.0112527547529877e-9	3.959845781488449e-5
432.0	2.245917596473714e-8	1.7133809004711906e-9	3.84993618210503e-6	1.1331537452934745e-8	1.0111396389542747e-9	3.9598457821556825e-5
433.0	2.24456698663616e-8	1.7139543352129449e-9	3.849935405262916e-6	1.1334348066337127e-8	1.0117195153474753e-9	3.9598457915167545e-5
434.0	2.25123025536061e-8	1.7132396129504218e-9	3.849935691651016e-6	1.1334037381471136e-8	1.0111507226683757e-9	3.959845775636305e-5
435.0	2.251522563035602e-8	1.7139289624534926e-9	3.8499352351633175e-6	1.1336004494829303e-8	1.0115755021546216e-9	3.9598457628271225e-5
436.0	2.2468433300234235e-8	1.7142098818464105e-9	3.84993622330643e-6	1.1334841883793326e-8	1.0111035298517028e-9	3.959845749022749e-5
437.0	2.2444681926178297e-8	1.7125921830536642e-9	3.84993668321624e-6	1.133696669831338e-8	1.0112613630507051e-9	3.9598457127068365e-5
438.0	2.2493565787519946e-8	1.7150744305729132e-9	3.849936421195266e-6	1.1334007759919825e-8	1.0115765645217091e-9	3.9598457430764134e-5
439.0	2.247806869056116e-8	1.7147178024192865e-9	3.849935724395346e-6	1.1336543049206297e-8	1.0115779968262707e-9	3.95984569508746e-5
440.0	2.248741306949938e-8	1.7146326231145902e-9	3.849935914295417e-6	1.1333268527919464e-8	1.0120920162659461e-9	3.959845734009835e-5
441.0	2.247532540734369e-8	1.7157494779948656e-9	3.849935482176164e-6	1.1334442844266858e-8	1.0117781092149018e-9	3.959845685196576e-5
442.0	2.2508111182843825e-8	1.7153359275131976e-9	3.849935527888522e-6	1.1332916070714338e-8	1.0120329573887186e-9	3.959845704559878e-5
443.0	2.247646838906376e-8	1.7149917179569814e-9	3.849935997470903e-6	1.1331619110331055e-8	1.0117117867133427e-9	3.959845671017787e-5
444.0	2.244890736265855e-8	1.7146736695034659e-9	3.8499362088487425e-6	1.1333000404528915e-8	1.0118086321994575e-9	3.9598456819012294e-5
445.0	2.2505552811965974e-8	1.7140202402498632e-9	3.849936232116747e-6	1.1330957176799854e-8	1.0118407296434655e-9	3.959845679012064e-5
446.0	2.2554629227795505e-8	1.7153502074591114e-9	3.849935921703959e-6	1.1334178432174703e-8	1.0117827839783326e-9	3.9598456819337054e-5
447.0	2.2491214517594393e-8	1.7132870464626418e-9	3.849935552598803e-6	1.1332782355860365e-8	1.0121256445013644e-9	3.9598456984540435e-5
448.0	2.2453943887388474e-8	1.7152088758600565e-9	3.849935519276807e-6	1.1336050853694778e-8	1.0117381879242844e-9	3.959845692263772e-5
449.0	2.247239968514106e-8	1.7155323376748493e-9	3.8499356912588695e-6	1.1334029508924402e-8	1.0119030483638822e-9	3.959845712204843e-5
450.0	2.2561445270250916e-8	1.7157635650718292e-9	3.849935680457887e-6	1.1336930443900154e-8	1.0115191874067478e-9	3.959845706020303e-5
451.0	2.250019480435939e-8	1.7144411644789623e-9	3.849935771888497e-6	1.1333840238711521e-8	1.0113777488831475e-9	3.959845717708625e-5
452.0	2.246825569391256e-8	1.714403736124629e-9	3.849936025935235e-6	1.133613618399205e-8	1.011129781784839e-9	3.959845714790719e-5
453.0	2.2469355390959434e-8	1.7149084304589108e-9	3.849936044324196e-6	1.133373204447712e-8	1.0107376882946613e-9	3.959845720444038e-5
454.0	2.251912287327275e-8	1.7142750621987128e-9	3.8499356574615375e-6	1.1334524369512552e-8	1.0108046407334826e-9	3.9598457187682314e-5
455.0	2.2503669137981698e-8	1.7154974701027716e-9	3.849936042096016e-6	1.1333252122189944e-8	1.0104849149738843e-9	3.959845719490129e-5
456.0	2.247457327369014e-8	1.7162517676561386e-9	3.849936312928162e-6	1.1332722919304209e-8	1.0106477351165888e-9	3.9598457151123525e-5
457.0	2.2501525691871238e-8	1.7168625816383186e-9	3.849935837084048e-6	1.1332646856663503e-8	1.0105648784405018e-9	3.9598457186595124e-5
458.0	2.249929562070033e-8	1.7164483427918339e-9	3.84993500989091e-6	1.1332552260087056e-8	1.0108392774206063e-9	3.9598457193331346e-5
459.0	2.2480414094990582e-8	1.7174495245410725e-9	3.8499358887176765e-6	1.1333932763323393e-8	1.0107816991464894e-9	3.95984572016151e-5
460.0	2.2485898661333736e-8	1.7163660903452018e-9	3.849936436820455e-6	1.1333895378388554e-8	1.010915357602806e-9	3.9598457197297615e-5
461.0	2.2505237569427893e-8	1.7170799679695046e-9	3.849935974582222e-6	1.1336520940384948e-8	1.0111698207200485e-9	3.9598457151478344e-5
462.0	2.2513154718387298e-8	1.7154580643757944e-9	3.849936188487232e-6	1.1335000363809077e-8	1.0110345699116162e-9	3.959845714602226e-5
463.0	2.247491907080974e-8	1.7156515272692625e-9	3.849936579791962e-6	1.1337994678042258e-8	1.0113881599255263e-9	3.9598457219994005e-5
464.0	2.247534696639242e-8	1.7169077686197708e-9	3.8499359316516624e-6	1.133591576616082e-8	1.0114612040491108e-9	3.959845732348817e-5
465.0	2.2531575761213617e-8	1.7162733217471085e-9	3.849935124803121e-6	1.1338277698819112e-8	1.0117305191748752e-9	3.959845739446408e-5
466.0	2.24908018798838e-8	1.7169231847550833e-9	3.849935753005924e-6	1.1336124922332214e-8	1.0118945203759093e-9	3.9598457426679274e-5
467.0	2.248625993505204e-8	1.717064420555134e-9	3.849936366234595e-6	1.1335909998771641e-8	1.0121175072506397e-9	3.959845742681799e-5
468.0	2.2472674387876753e-8	1.7168317183643107e-9	3.849935995200318e-6	1.1333755579172016e-8	1.0123784409795699e-9	3.959845737562863e-5
469.0	2.2515626224138068e-8	1.7169238660531093e-9	3.849936074524863e-6	1.1332568053812421e-8	1.012418461891019e-9	3.9598457391180726e-5
470.0	2.2496785404262002e-8	1.7164086408730658e-9	3.849936609487318e-6	1.1330023005159119e-8	1.012750645862502e-9	3.959845739630331e-5
471.0	2.249037300251834e-8	1.7165548142778048e-9	3.849936059957409e-6	1.1329126418573005e-8	1.0126296521357342e-9	3.959845749832185e-5
472.0	2.2496766449862055e-8	1.7165189999967077e-9	3.849935900659374e-6	1.1328462383085883e-8	1.0126509198544069e-9	3.959845746531524e-5
473.0	2.250090056184117e-8	1.7173884484229387e-9	3.8499348124521655e-6	1.1329169706606453e-8	1.0123656427294314e-9	3.95984573651316e-5
474.0	2.2501738831491025e-8	1.7192076442010726e-9	3.8499357844514164e-6	1.1330417787570394e-8	1.0119969890522471e-9	3.95984574084053e-5
475.0	2.2485406413062085e-8	1.7183307576435176e-9	3.8499356268948535e-6	1.1331816128210228e-8	1.011829810288467e-9	3.959845702764816e-5
476.0	2.2523483808140504e-8	1.7183125955859809e-9	3.849936465632369e-6	1.1334201228225113e-8	1.0114815734460463e-9	3.9598457272838826e-5
477.0	2.251183051144139e-8	1.7173099313677486e-9	3.849936521938161e-6	1.133661159259155e-8	1.011758400995113e-9	3.959845689340845e-5
478.0	2.2471316437057604e-8	1.7162163289392973e-9	3.8499368533626495e-6	1.1338216420442473e-8	1.011533989746732e-9	3.959845706157094e-5
479.0	2.2503873212874127e-8	1.7169341300454523e-9	3.849936204159943e-6	1.134092919949311e-8	1.0117929802492857e-9	3.959845695003995e-5
480.0	2.2532419273550042e-8	1.7168484629473962e-9	3.849935098644805e-6	1.1340173962580325e-8	1.0116419637362858e-9	3.9598456979128654e-5
481.0	2.2513580724136832e-8	1.7189582936852446e-9	3.849935701927226e-6	1.1341602495730021e-8	1.0114758334390778e-9	3.959845709027629e-5
482.0	2.2473559129303767e-8	1.7198220808410852e-9	3.849935880584774e-6	1.1338631227933674e-8	1.0113609040153804e-9	3.959845718747131e-5
483.0	2.246902686217795e-8	1.7192383915542062e-9	3.849936114210215e-6	1.1337382896617141e-8	1.010982552878655e-9	3.959845721356213e-5
484.0	2.25555451726471e-8	1.7199232247560357e-9	3.849936498239831e-6	1.133403667129002e-8	1.011209579276889e-9	3.9598457502956515e-5
485.0	2.2537953015349684e-8	1.718420560601105e-9	3.84993692964343e-6	1.1332170645834958e-8	1.0108727583511808e-9	3.959845733908032e-5
486.0	2.2496352314937224e-8	1.7171283099827315e-9	3.849936193483095e-6	1.1329822763909267e-8	1.0114731682160132e-9	3.959845766490534e-5
487.0	2.2478339440486534e-8	1.7178656344396752e-9	3.8499357517925755e-6	1.1329388071604347e-8	1.011385334406407e-9	3.9598457467253595e-5
488.0	2.2528121467121274e-8	1.7187589238072577e-9	3.849935901118888e-6	1.1328510354625487e-8	1.0116404004850248e-9	3.959845748270746e-5
489.0	2.25216844915455e-8	1.719971520494292e-9	3.849935517721802e-6	1.132902862829581e-8	1.0120268912427302e-9	3.959845756245092e-5
490.0	2.2507380002871825e-8	1.719890138939454e-9	3.849935852506829e-6	1.133114020707258e-8	1.0115353766824756e-9	3.959845710217865e-5
491.0	2.2493831886092805e-8	1.7214398983417586e-9	3.849936520154245e-6	1.1331421993273742e-8	1.0120958410597254e-9	3.959845743544101e-5
492.0	2.2504249620699888e-8	1.7200991480848168e-9	3.849936712304583e-6	1.1337537292388223e-8	1.0114419971891917e-9	3.959845680640383e-5
493.0	2.2512962314857187e-8	1.7187945385210635e-9	3.849936161954194e-6	1.1335848160999696e-8	1.0118064683096809e-9	3.9598457213228746e-5
494.0	2.2481164810453843e-8	1.7187439632631862e-9	3.849936313794493e-6	1.1342446622625621e-8	1.0114459689271795e-9	3.959845671936856e-5
495.0	2.2523498507850656e-8	1.7173269512155696e-9	3.849935838266645e-6	1.1339702042172103e-8	1.0114596195576456e-9	3.9598456843424075e-5
496.0	2.2529582214181283e-8	1.7182608044961113e-9	3.849935295114328e-6	1.134297201461555e-8	1.0116808629051614e-9	3.959845648013505e-5
497.0	2.2509040332933426e-8	1.7196033384644636e-9	3.849936363868716e-6	1.1338570689675072e-8	1.011354019279001e-9	3.959845643840049e-5
498.0	2.2466039723490042e-8	1.7213042964500638e-9	3.849936315945381e-6	1.1340068442179837e-8	1.0118307855417254e-9	3.959845629734356e-5
499.0	2.25069342226286e-8	1.7208464183590154e-9	3.849936403821026e-6	1.133386806625106e-8	1.0114411397586482e-9	3.959845630380559e-5
500.0	2.2544763168726003e-8	1.7205954165107682e-9	3.849936214672997e-6	1.133584127414834e-8	1.0117231522756877e-9	3.959845622848019e-5
501.0	2.253626342018047e-8	1.7208082561962055e-9	3.849936255257735e-6	1.1329484075225796e-8	1.0116018845507563e-9	3.959845650107697e-5
502.0	2.2487401924076917e-8	1.7188078776614813e-9	3.849935855462364e-6	1.133138828480706e-8	1.0114976248947379e-9	3.959845644299227e-5
503.0	2.2477747280458412e-8	1.7202796345203479e-9	3.849935701052025e-6	1.1328508179354234e-8	1.0120034704783993e-9	3.9598456843577876e-5
504.0	2.2526987754744393e-8	1.7206511216786876e-9	3.849936180813455e-6	1.132910994229455e-8	1.0116966761305196e-9	3.95984568040832e-5
505.0	2.2537904056418888e-8	1.7212498019694082e-9	3.849936311943936e-6	1.1331955148032164e-8	1.0124196690043397e-9	3.959845696965631e-5
506.0	2.2520481530873456e-8	1.7222790450661874e-9	3.849936065548805e-6	1.1330727741450249e-8	1.0121781855621387e-9	3.95984570579911e-5
507.0	2.2500806283549532e-8	1.7200862357940457e-9	3.849936039051451e-6	1.1336381941856124e-8	1.0123563824452902e-9	3.9598456849660474e-5
508.0	2.2499605149955655e-8	1.7207964915388225e-9	3.849936274053541e-6	1.1334904126638914e-8	1.0123080877495714e-9	3.9598457114333564e-5
509.0	2.2524727726403528e-8	1.7198751976673136e-9	3.849935780941531e-6	1.1339537413847137e-8	1.0120685289910496e-9	3.959845668916652e-5
510.0	2.2516917871230252e-8	1.7187068064923274e-9	3.8499354076822295e-6	1.1336841279956871e-8	1.0122031829530534e-9	3.959845717853442e-5
511.0	2.251749747989537e-8	1.7199883163308317e-9	3.8499360317055904e-6	1.1339968416457318e-8	1.011985313960087e-9	3.959845681011994e-5
512.0	2.2512302409880603e-8	1.7200287471300093e-9	3.849936061281719e-6	1.1335080947388935e-8	1.012305548736997e-9	3.95984572309174e-5
513.0	2.2505746835996844e-8	1.721654238847744e-9	3.849936236445353e-6	1.1337979139092907e-8	1.0120970944041088e-9	3.959845697563843e-5
514.0	2.2512201997489614e-8	1.7219078304927543e-9	3.84993696064785e-6	1.1331226542813133e-8	1.0120574971923002e-9	3.959845705790937e-5
515.0	2.2513754118096235e-8	1.7228219562170755e-9	3.84993594813451e-6	1.1335317644906815e-8	1.0119165921509284e-9	3.9598457003084446e-5
516.0	2.2517375513930358e-8	1.7227134899949806e-9	3.849935526276392e-6	1.1330096154317085e-8	1.0117068538637603e-9	3.9598456975131065e-5
517.0	2.2521086898108737e-8	1.722405797166607e-9	3.849935860094566e-6	1.1333144156279007e-8	1.0115429054165084e-9	3.9598457089807074e-5
518.0	2.250592301927733e-8	1.7230332987962312e-9	3.849935710769914e-6	1.1332588896918756e-8	1.0115341168281007e-9	3.959845720969898e-5
519.0	2.2518873116697255e-8	1.7218635960459913e-9	3.8499366489065964e-6	1.1333741997676681e-8	1.0114950900885339e-9	3.9598457408982214e-5
520.0	2.251187439037559e-8	1.7228360517298444e-9	3.849937226131427e-6	1.1336283658106946e-8	1.0116236293349204e-9	3.959845772048657e-5
521.0	2.251630406218129e-8	1.7228131225196461e-9	3.849936760635802e-6	1.1336557677832834e-8	1.0115758131694303e-9	3.959845752861229e-5
522.0	2.2516788975005293e-8	1.7220316180647883e-9	3.849935394059575e-6	1.1339085352196457e-8	1.0117038666316087e-9	3.959845789582858e-5
523.0	2.250486198099504e-8	1.7229974572777145e-9	3.849935662587079e-6	1.1338293541886588e-8	1.0115869366596228e-9	3.959845741138121e-5
524.0	2.2515912533013034e-8	1.7239987707683072e-9	3.849935958886782e-6	1.1338831173828884e-8	1.0117524800099169e-9	3.959845775264244e-5
525.0	2.2519868485342504e-8	1.7251609409135593e-9	3.8499357512243985e-6	1.1336306643766027e-8	1.0119940948261914e-9	3.959845729983154e-5
526.0	2.251949648020172e-8	1.7252367336440485e-9	3.8499360867652435e-6	1.1335412004276316e-8	1.011874111165455e-9	3.9598457591664073e-5
527.0	2.2501351765824676e-8	1.7235641917754946e-9	3.849936825386096e-6	1.1330963888771626e-8	1.0124006224208994e-9	3.959845737475465e-5
528.0	2.251239843005905e-8	1.724224199919423e-9	3.8499359500602574e-6	1.1331727053336491e-8	1.0118998976883877e-9	3.9598457547152946e-5
529.0	2.2537937950893728e-8	1.7212212394298628e-9	3.849935533549975e-6	1.1328066357858262e-8	1.0123690979761509e-9	3.959845749566338e-5
530.0	2.253399882918129e-8	1.7231591596456673e-9	3.84993621599878e-6	1.1330539546560552e-8	1.0118761279627004e-9	3.959845739402831e-5
531.0	2.249966587931629e-8	1.7230964158860143e-9	3.849935919169334e-6	1.1330289531055364e-8	1.0120965268874526e-9	3.9598457448690394e-5
532.0	2.2495607178719792e-8	1.7239371775246999e-9	3.8499357528771546e-6	1.1332251148264573e-8	1.0120948397675478e-9	3.959845721172395e-5
533.0	2.2519165121123826e-8	1.7266186298063463e-9	3.849935926418189e-6	1.1334895238405053e-8	1.0120695717872703e-9	3.959845746730321e-5
534.0	2.25299842041298e-8	1.7266904486727778e-9	3.84993642547927e-6	1.1336308638909923e-8	1.012360399510569e-9	3.959845705114251e-5
535.0	2.2516142046346023e-8	1.726978922840587e-9	3.849935919315653e-6	1.133937835565248e-8	1.0116504727217898e-9	3.959845749215585e-5
536.0	2.2517113075389964e-8	1.7258011817531986e-9	3.8499363500367495e-6	1.1340418298961432e-8	1.0121393848944396e-9	3.959845697568969e-5
537.0	2.250302409019843e-8	1.7247370731810347e-9	3.849936408788695e-6	1.1340788516568488e-8	1.0111341632423016e-9	3.959845740610785e-5
538.0	2.2515798652550526e-8	1.7226823051663203e-9	3.8499359358194355e-6	1.1340638855537032e-8	1.0116001449560941e-9	3.959845680023903e-5
539.0	2.2502856072457892e-8	1.7249397287586235e-9	3.849935933244048e-6	1.133802505047173e-8	1.0112712442216646e-9	3.9598457204639765e-5
540.0	2.254547009572994e-8	1.7240492235095905e-9	3.8499357192204385e-6	1.1336134406239694e-8	1.011688056214172e-9	3.959845669904954e-5
541.0	2.254349845414962e-8	1.7260442018182564e-9	3.849935733765924e-6	1.133337702799832e-8	1.0117875606326037e-9	3.959845695869758e-5
542.0	2.2504933767700083e-8	1.7273489373736677e-9	3.849936025624526e-6	1.1331797962481424e-8	1.0116228772276439e-9	3.959845661694984e-5
543.0	2.247637327415005e-8	1.726784535602267e-9	3.8499360307876075e-6	1.1330415810295933e-8	1.0121243826461687e-9	3.959845669187007e-5
544.0	2.2526524991329114e-8	1.7261754099123114e-9	3.849936630411412e-6	1.1330921320380973e-8	1.0114661938847144e-9	3.9598456623114485e-5
545.0	2.2576271350892822e-8	1.7270014501854592e-9	3.849935528343197e-6	1.1329606956340332e-8	1.012261025590748e-9	3.959845664856689e-5
546.0	2.2535298189590503e-8	1.7252841090176533e-9	3.849935835711741e-6	1.1332352135466098e-8	1.011756226481747e-9	3.9598456764206295e-5
547.0	2.249126309702456e-8	1.7260930482958023e-9	3.849935889700063e-6	1.1331900930057904e-8	1.012440916430485e-9	3.959845689532779e-5
548.0	2.2506035264580016e-8	1.7255740409021534e-9	3.849935829299881e-6	1.1336282143109337e-8	1.012221069812961e-9	3.959845702393626e-5
549.0	2.2533119400525662e-8	1.7273348802855772e-9	3.849935810715538e-6	1.1335905532597217e-8	1.0121910436390472e-9	3.9598457072840096e-5
550.0	2.2545611308781193e-8	1.7268552267066063e-9	3.849936059041982e-6	1.1338569480234989e-8	1.0123541536935244e-9	3.959845712876247e-5
551.0	2.2509679590965727e-8	1.7270569088145306e-9	3.849935727855114e-6	1.1337412123671017e-8	1.0117764767076163e-9	3.959845704735564e-5
552.0	2.253554767145892e-8	1.727418711739776e-9	3.849935517730443e-6	1.1336678167098602e-8	1.0124561183204901e-9	3.9598457073013494e-5
553.0	2.2518834108605107e-8	1.7269001321828495e-9	3.849936791663929e-6	1.1336192055646413e-8	1.0118798388179599e-9	3.959845697664589e-5
554.0	2.2517119592468644e-8	1.7277563193698426e-9	3.849936027680559e-6	1.133431814739633e-8	1.01248101907313e-9	3.959845685957383e-5
555.0	2.2507846287809864e-8	1.72741470005809e-9	3.849935715510492e-6	1.1334788301305366e-8	1.0121304053734745e-9	3.959845686242414e-5
556.0	2.2539993895149186e-8	1.728268808256844e-9	3.849935471467659e-6	1.1332869375266404e-8	1.0121091553486608e-9	3.959845666986519e-5
557.0	2.255449556555462e-8	1.7280823270548864e-9	3.849935463164916e-6	1.133427428303637e-8	1.0118829002510368e-9	3.959845675290585e-5
558.0	2.2498846930444248e-8	1.7290080673747631e-9	3.849935211630592e-6	1.1332519493001907e-8	1.0115239922549037e-9	3.959845680702889e-5
559.0	2.249303551561609e-8	1.7288159338858272e-9	3.849936876398655e-6	1.1335477769291858e-8	1.0117244652148927e-9	3.959845686745642e-5
560.0	2.2529627154264606e-8	1.7289432872580226e-9	3.849936524706859e-6	1.133422051469234e-8	1.0113461924764609e-9	3.959845699647673e-5
561.0	2.25508683968108e-8	1.728119447759755e-9	3.849935779846647e-6	1.1337901845215749e-8	1.0116284951665877e-9	3.959845700252317e-5
562.0	2.2531968279904862e-8	1.7288122714928215e-9	3.849935747729488e-6	1.133647488314048e-8	1.0114283241069987e-9	3.959845707971173e-5
563.0	2.24897813563699e-8	1.7287075339168972e-9	3.8499360401908175e-6	1.1338509859934719e-8	1.0115785573759899e-9	3.959845716906286e-5
564.0	2.2536296471839008e-8	1.7297328136454188e-9	3.849935552055286e-6	1.1336234919523362e-8	1.0118148277262822e-9	3.959845737695243e-5
565.0	2.254508872029315e-8	1.730044869357005e-9	3.849935634698863e-6	1.1335897101798077e-8	1.0115373902500368e-9	3.959845745486657e-5
566.0	2.249505926834888e-8	1.7298562849934915e-9	3.849936345705993e-6	1.1334221932242176e-8	1.0121598485554785e-9	3.9598457784803516e-5
567.0	2.2515768931085615e-8	1.7308996046614766e-9	3.849935686921145e-6	1.1332971632720665e-8	1.0116872710070933e-9	3.959845759987908e-5
568.0	2.253131059421589e-8	1.7311353735748158e-9	3.849935172457901e-6	1.1332560951626941e-8	1.0121842780665385e-9	3.959845794428528e-5
569.0	2.2576382355056322e-8	1.7304349427737424e-9	3.849936461382071e-6	1.133173663816189e-8	1.0119176157770038e-9	3.9598457495059424e-5
570.0	2.2506426648330148e-8	1.729553999857001e-9	3.849936248324815e-6	1.1332446832303132e-8	1.011993835050146e-9	3.9598457654942354e-5
571.0	2.2495974128257802e-8	1.7292403443854295e-9	3.849935049975612e-6	1.1332526066180318e-8	1.0121978068091535e-9	3.959845718837133e-5
572.0	2.253894043124857e-8	1.7293328394653902e-9	3.849935524919463e-6	1.133511068346281e-8	1.0119032869649597e-9	3.9598457085207706e-5
573.0	2.2560356129303083e-8	1.7292285801677672e-9	3.849935387543863e-6	1.1335611806968443e-8	1.0124280082819277e-9	3.9598456785484074e-5
574.0	2.254141452046628e-8	1.7309549450440245e-9	3.84993523601157e-6	1.1338734863327697e-8	1.0121968921616249e-9	3.95984568072691e-5
575.0	2.2503774170920236e-8	1.7313092805417247e-9	3.8499356699459654e-6	1.133901575289074e-8	1.0124881344517413e-9	3.959845673261135e-5
576.0	2.2529522132481727e-8	1.7313110951992644e-9	3.849936449385568e-6	1.1339484773384478e-8	1.012393355895547e-9	3.95984569402001e-5
577.0	2.252295699751924e-8	1.7311099578687973e-9	3.849935948454452e-6	1.1339188455076197e-8	1.012196105167282e-9	3.959845688382259e-5
578.0	2.2515220674085337e-8	1.7313451707240134e-9	3.849935302637218e-6	1.1336442254796269e-8	1.01242779511611e-9	3.959845718851551e-5
579.0	2.2530274680578786e-8	1.7307299295457877e-9	3.84993535493573e-6	1.133623204275119e-8	1.0119170092529755e-9	3.9598457147122934e-5
580.0	2.2586336196228717e-8	1.731070704003661e-9	3.849935334359695e-6	1.1332385515679876e-8	1.0123695040112781e-9	3.959845736550039e-5
581.0	2.2537333908646573e-8	1.7313886004080984e-9	3.849935811774264e-6	1.1332687942471863e-8	1.0120664918430511e-9	3.959845744296845e-5
582.0	2.2495173141935097e-8	1.7311565393629418e-9	3.849936170097466e-6	1.1330052853675235e-8	1.012429588049044e-9	3.959845745830154e-5
583.0	2.25166236052714e-8	1.7325136110656218e-9	3.849936426616962e-6	1.13317069376327e-8	1.012218924581434e-9	3.959845759489566e-5
584.0	2.2592246246479064e-8	1.7343503239994916e-9	3.849935661854815e-6	1.1331119105318375e-8	1.012186724825816e-9	3.959845737489186e-5
585.0	2.2581985616468788e-8	1.7315444670489805e-9	3.849935528409733e-6	1.1333965486391274e-8	1.012323532167518e-9	3.959845744381269e-5
586.0	2.251621061026246e-8	1.732246608152457e-9	3.84993531872379e-6	1.1334163487317968e-8	1.011943904140718e-9	3.959845694839718e-5
587.0	2.2497333369513858e-8	1.7320551831012374e-9	3.849935997321869e-6	1.1337372020255268e-8	1.0123857571526702e-9	3.959845679546275e-5
588.0	2.254915000194737e-8	1.7303669943144776e-9	3.849936337692823e-6	1.1338081566169125e-8	1.0119386752592286e-9	3.959845631007456e-5
589.0	2.2560579313109624e-8	1.7308832606192059e-9	3.849936075461981e-6	1.1339482885199845e-8	1.0121907401514396e-9	3.959845622475254e-5
590.0	2.2553929714117032e-8	1.7324740134647769e-9	3.849935776017743e-6	1.1340933666263742e-8	1.011933515813667e-9	3.9598456044156915e-5
591.0	2.2549481900321454e-8	1.7326198592435367e-9	3.849935670917089e-6	1.1338514977993683e-8	1.011832772047416e-9	3.959845608463969e-5
592.0	2.2534699360620535e-8	1.7326091954639616e-9	3.849935590610775e-6	1.1340198410107035e-8	1.0119716510284581e-9	3.959845616825606e-5
593.0	2.2513102904632135e-8	1.7345485565163346e-9	3.849935415586844e-6	1.1334897186445807e-8	1.0118465253499252e-9	3.959845635009789e-5
594.0	2.2534208511939218e-8	1.7338984775000906e-9	3.849936002997483e-6	1.1336520777665507e-8	1.0122382733463467e-9	3.959845645912188e-5
595.0	2.2589272219245927e-8	1.7334413137632274e-9	3.849936285306035e-6	1.1331200271884382e-8	1.0121218390850548e-9	3.9598456608885355e-5
596.0	2.2578142439120717e-8	1.7337532894012992e-9	3.849935391934624e-6	1.1334024833411764e-8	1.0124318507856346e-9	3.959845649870722e-5
597.0	2.2516342050477338e-8	1.7310877722643505e-9	3.849936185353411e-6	1.1330111608455037e-8	1.0121079221075484e-9	3.95984565250671e-5
598.0	2.250054276340135e-8	1.7326278657843274e-9	3.849936146225828e-6	1.133350175500181e-8	1.0121426764983746e-9	3.9598456306038245e-5
599.0	2.258294725848582e-8	1.7326095603087065e-9	3.8499354789089175e-6	1.1331598038326813e-8	1.012175512582837e-9	3.959845628569856e-5
600.0	2.2569989544359272e-8	1.733833933187106e-9	3.849935358853885e-6	1.1335741368348134e-8	1.0120945698002668e-9	3.959845620670666e-5
601.0	2.2529984718530425e-8	1.7361257006416214e-9	3.849935956770922e-6	1.1335470609806618e-8	1.0126510606251748e-9	3.959845630476875e-5
602.0	2.251191820267438e-8	1.7353285990920936e-9	3.849935886302492e-6	1.1338428712293707e-8	1.012551441462024e-9	3.9598456377632926e-5
603.0	2.2552487382167778e-8	1.7357304189565054e-9	3.849935952929732e-6	1.1339393627295671e-8	1.0129345431476736e-9	3.9598456254460654e-5
604.0	2.2554704017460533e-8	1.7341080300867076e-9	3.849936562354564e-6	1.1339681375558779e-8	1.012739672574477e-9	3.959845654473602e-5
605.0	2.2522431568676976e-8	1.732694448991805e-9	3.849935438757078e-6	1.13402922528764e-8	1.0126249031566452e-9	3.9598456282859074e-5
606.0	2.2535119948151907e-8	1.7310034830959732e-9	3.849935559784163e-6	1.1337419740378567e-8	1.0124408468223933e-9	3.9598456712871714e-5
607.0	2.2575275132973258e-8	1.7313000091463313e-9	3.8499360160169275e-6	1.1338939181362346e-8	1.0120955526356804e-9	3.959845645887576e-5
608.0	2.2542693312228756e-8	1.7325839932474966e-9	3.849935589238418e-6	1.1334241776265472e-8	1.012071556990728e-9	3.959845697800558e-5
609.0	2.251702690829081e-8	1.7343011328452833e-9	3.849936010741252e-6	1.1336964977123244e-8	1.0119173769457196e-9	3.9598456840889116e-5
610.0	2.2542753231853626e-8	1.7373722238240555e-9	3.849936115599373e-6	1.1332724076151532e-8	1.011927321805576e-9	3.959845712327613e-5
611.0	2.2573273176400607e-8	1.736797659683494e-9	3.849935305250671e-6	1.1335669042869793e-8	1.0119654777547062e-9	3.959845704083199e-5
612.0	2.2551997765768307e-8	1.7358134476031421e-9	3.84993539852371e-6	1.1331855499167152e-8	1.011902500591962e-9	3.95984569834481e-5
613.0	2.2508110664275088e-8	1.7341522604238612e-9	3.849936627970254e-6	1.1335180575864329e-8	1.0118699307258978e-9	3.959845714872465e-5
614.0	2.2558783549533894e-8	1.7337726814220106e-9	3.8499357907543055e-6	1.1333482904279165e-8	1.0114838802823358e-9	3.95984569890269e-5
615.0	2.2605544995064125e-8	1.7322545153921844e-9	3.849935329326623e-6	1.1336261358674523e-8	1.0116709172259074e-9	3.959845724487896e-5
616.0	2.2543463885677294e-8	1.7333285157818424e-9	3.849935773768436e-6	1.1336236620027168e-8	1.011320660062529e-9	3.959845710800213e-5
617.0	2.252396225707577e-8	1.7354374911314217e-9	3.849936059178293e-6	1.1337894777316946e-8	1.0114189683929303e-9	3.9598457335462736e-5
618.0	2.2522312202627945e-8	1.734316643618405e-9	3.8499354142081254e-6	1.1338070145402739e-8	1.0116649784123607e-9	3.9598457424033577e-5
619.0	2.259304544338838e-8	1.7361213454341415e-9	3.849936099370045e-6	1.1338580661082886e-8	1.0116334429956807e-9	3.959845748474528e-5
620.0	2.2583139814187596e-8	1.7359354190151385e-9	3.849935907215211e-6	1.1338818808164476e-8	1.0119608356731701e-9	3.959845771054476e-5
621.0	2.2532413061330614e-8	1.7330277300943259e-9	3.8499353933406726e-6	1.1338219763618361e-8	1.0117806194052146e-9	3.9598457553958815e-5
622.0	2.2525445148420443e-8	1.7340062319791246e-9	3.849935658376139e-6	1.1338820128317773e-8	1.012145697266088e-9	3.9598457603375036e-5
623.0	2.2538106157190237e-8	1.7332664010556481e-9	3.84993683228914e-6	1.13366683007485e-8	1.0121772603808893e-9	3.959845746865425e-5
624.0	2.258426976518953e-8	1.7333758284550308e-9	3.84993651083354e-6	1.1337523634534715e-8	1.012376635795898e-9	3.959845743489376e-5
625.0	2.2580443927552465e-8	1.7354626103398947e-9	3.849935630421235e-6	1.1334145865152513e-8	1.0126761040114602e-9	3.959845741189135e-5
626.0	2.2536373604318764e-8	1.7369770135669313e-9	3.849934995141443e-6	1.1334917939974864e-8	1.0125037251037195e-9	3.959845743897816e-5
627.0	2.2525474804004428e-8	1.7362619315977797e-9	3.849935050445928e-6	1.1333351438951732e-8	1.0129124036981185e-9	3.959845748115829e-5
628.0	2.2517959594846205e-8	1.7365060402456327e-9	3.84993602157299e-6	1.1333392608732475e-8	1.012487412626374e-9	3.959845747201752e-5
629.0	2.2585372970298267e-8	1.7368727273864974e-9	3.849936629596071e-6	1.1334791859731968e-8	1.0128370451586846e-9	3.959845755618544e-5
630.0	2.2584043906508225e-8	1.7353554605436857e-9	3.8499372212509865e-6	1.1333926477283576e-8	1.0125897859872507e-9	3.959845733010285e-5
631.0	2.255745078158809e-8	1.7349828161838578e-9	3.84993616253459e-6	1.1335467237019597e-8	1.0126310500249448e-9	3.9598457358657324e-5
632.0	2.2527526536945534e-8	1.735772848126847e-9	3.849935179415521e-6	1.1335750872695623e-8	1.0125539616950565e-9	3.959845691232369e-5
633.0	2.2517546758454213e-8	1.7358444020694316e-9	3.849934371598325e-6	1.133702311275335e-8	1.0122476732577196e-9	3.959845692479994e-5
634.0	2.256457391157431e-8	1.7367645190222464e-9	3.849935746009908e-6	1.1338724986314624e-8	1.0123089076933642e-9	3.9598456623987864e-5
635.0	2.2582662741591496e-8	1.738068642825059e-9	3.849936548849724e-6	1.1338670885994655e-8	1.0117512698526291e-9	3.9598456719476274e-5
636.0	2.2559582427474428e-8	1.7372414843826927e-9	3.849936690655252e-6	1.1339411762162263e-8	1.0121194695736526e-9	3.959845663358246e-5
637.0	2.2551593791852928e-8	1.7376741946915473e-9	3.849936414179726e-6	1.1338716814044816e-8	1.0117664706083054e-9	3.9598456896993786e-5
638.0	2.250925869584119e-8	1.737005744385099e-9	3.849935902006598e-6	1.1337293523762049e-8	1.0120296035388897e-9	3.959845678213441e-5
639.0	2.2547383219517e-8	1.7366875133952792e-9	3.8499347761816514e-6	1.1336190945808398e-8	1.0120162379063006e-9	3.9598456997287e-5
640.0	2.2585221209466603e-8	1.7361349712220302e-9	3.849935631607973e-6	1.1335674422808123e-8	1.0119652100038565e-9	3.959845683774431e-5
641.0	2.2578150018938836e-8	1.7385973706655942e-9	3.849936044579903e-6	1.1332278304436311e-8	1.0120065442156778e-9	3.9598456816964894e-5
642.0	2.2578832346221672e-8	1.7378592623726522e-9	3.849936367087966e-6	1.1335159032316697e-8	1.0117459707867027e-9	3.959845679746347e-5
643.0	2.2499362385457974e-8	1.7385478976841639e-9	3.8499361398709854e-6	1.1330892234600237e-8	1.0118727564122048e-9	3.9598456423954197e-5
644.0	2.2547232279474727e-8	1.7390819900449196e-9	3.849935958506087e-6	1.1335436551565333e-8	1.0117395949199134e-9	3.959845669913648e-5
645.0	2.258694207559586e-8	1.7388681213840602e-9	3.849935419041417e-6	1.1334431499451289e-8	1.012020223963959e-9	3.959845608658768e-5
646.0	2.259334559780204e-8	1.7377085866990997e-9	3.84993560632101e-6	1.133895738343809e-8	1.0120087783033467e-9	3.9598456443248496e-5
647.0	2.2569614388235208e-8	1.7375025624185157e-9	3.8499362872717995e-6	1.1340530610387482e-8	1.0123072003003705e-9	3.959845584905474e-5
648.0	2.251018043278352e-8	1.7371774140723541e-9	3.849935591675339e-6	1.1342311717555343e-8	1.0123478511101443e-9	3.959845612089695e-5
649.0	2.254382593266384e-8	1.7367757705929353e-9	3.8499358670400985e-6	1.1342487102531902e-8	1.0125824560354948e-9	3.9598455713410024e-5
650.0	2.2588207981921267e-8	1.7396078171004867e-9	3.849935766827519e-6	1.1342147758023359e-8	1.0125300913182738e-9	3.9598455921896566e-5
651.0	2.2565129768556915e-8	1.740239691275321e-9	3.8499357012374386e-6	1.1339780279599784e-8	1.012644537114955e-9	3.959845593446522e-5
652.0	2.2564612654373794e-8	1.7399528857272937e-9	3.849935688218731e-6	1.133758463349804e-8	1.0125534338442784e-9	3.9598456054264634e-5
653.0	2.2532031091049953e-8	1.7400890103889069e-9	3.849936085682823e-6	1.1335766461888419e-8	1.0125080415264787e-9	3.959845643715811e-5
654.0	2.2556862686851526e-8	1.7396334705566362e-9	3.849935964374826e-6	1.1330401860817075e-8	1.012458376972118e-9	3.9598456301141304e-5
655.0	2.2558066326218302e-8	1.7371442751770795e-9	3.8499353194476595e-6	1.1331942308981102e-8	1.012372772393151e-9	3.959845683898994e-5
656.0	2.2567830243757133e-8	1.7370864058137845e-9	3.849935518616404e-6	1.1326067271092172e-8	1.012370142219317e-9	3.9598456344967256e-5
657.0	2.2574910150028285e-8	1.7376015945605593e-9	3.8499357622102676e-6	1.133135560824881e-8	1.0123173817902265e-9	3.9598456881003336e-5
658.0	2.2576347969007453e-8	1.7372845074977158e-9	3.849936004198342e-6	1.1330304104612442e-8	1.0124551628872084e-9	3.9598456291924244e-5
659.0	2.2537310304335912e-8	1.7393365441315544e-9	3.8499362927663345e-6	1.1336878123184061e-8	1.012282133168576e-9	3.9598456704578726e-5
660.0	2.2529895162580672e-8	1.7413982068644229e-9	3.849936199691991e-6	1.133898543381208e-8	1.0124615490678604e-9	3.959845641484853e-5
661.0	2.2587476715507185e-8	1.740949655065135e-9	3.849935915571101e-6	1.1343809140855912e-8	1.0120396836407707e-9	3.9598456577606874e-5
662.0	2.2583854093410015e-8	1.7409799225356247e-9	3.849935495792911e-6	1.1345042085236993e-8	1.0120690568093416e-9	3.9598456766782407e-5
663.0	2.256879287120417e-8	1.7396680178968882e-9	3.849935398755127e-6	1.1347593304834607e-8	1.0116472938428888e-9	3.959845674886417e-5
664.0	2.2519089469062858e-8	1.7393819318175083e-9	3.8499359978619655e-6	1.134581910578856e-8	1.0115703225613261e-9	3.959845729312305e-5
665.0	2.2576073242732733e-8	1.7401223429381303e-9	3.849936283168884e-6	1.1344402515806482e-8	1.011681270696564e-9	3.959845715309796e-5
666.0	2.258265601438435e-8	1.7398971806504663e-9	3.849936166926032e-6	1.1341124666065856e-8	1.011476116696132e-9	3.959845761985746e-5
667.0	2.257408654118365e-8	1.740606158440211e-9	3.849936042736779e-6	1.1334800870623696e-8	1.0118632486119232e-9	3.959845735659576e-5
668.0	2.25529862931229e-8	1.7423084464675513e-9	3.849936065801058e-6	1.1333529101532833e-8	1.011567727016729e-9	3.959845743759113e-5
669.0	2.2575708408926572e-8	1.7410716269113304e-9	3.849935292108579e-6	1.1326524378537414e-8	1.0120459998663723e-9	3.959845728279347e-5
670.0	2.25728249275155e-8	1.7403178602393956e-9	3.84993541704452e-6	1.1329142017869514e-8	1.0118049473066975e-9	3.959845734880678e-5
671.0	2.257121674759361e-8	1.741182336344165e-9	3.849935537121641e-6	1.1327535636631548e-8	1.0120485840959334e-9	3.9598457283693865e-5
672.0	2.256201836598781e-8	1.740276627534211e-9	3.849936118731687e-6	1.1332037064698744e-8	1.012015781699381e-9	3.959845736779205e-5
673.0	2.2593445306999623e-8	1.7395517631824197e-9	3.849935732414172e-6	1.1334710806139891e-8	1.011958358911451e-9	3.959845712369758e-5
674.0	2.2569254998626662e-8	1.7422695194507934e-9	3.8499359794919275e-6	1.1339245264598751e-8	1.0120953813858703e-9	3.959845713580939e-5
675.0	2.25644572088017e-8	1.741496777557304e-9	3.8499354338313614e-6	1.1341820593210332e-8	1.0120023717044152e-9	3.9598456871280055e-5
676.0	2.2565439345863267e-8	1.7407500996262894e-9	3.849935454495576e-6	1.1345132922701316e-8	1.0124173538512232e-9	3.959845680706981e-5
677.0	2.2579800376473908e-8	1.7416704917600703e-9	3.849935537554037e-6	1.1345495861670258e-8	1.0125261743270787e-9	3.9598457000447084e-5
678.0	2.2570267247980716e-8	1.7424236443829614e-9	3.849935365122173e-6	1.1344908871298637e-8	1.0126899527207717e-9	3.959845674130216e-5
679.0	2.2558010226955933e-8	1.7396592984946987e-9	3.8499358790091255e-6	1.134267072327545e-8	1.0127303473912566e-9	3.959845724116819e-5
680.0	2.2582515300829117e-8	1.743283379420323e-9	3.8499356871801255e-6	1.1336894274068432e-8	1.0126315449073078e-9	3.959845677395777e-5
681.0	2.2585458078301718e-8	1.7419158431853298e-9	3.8499356098333806e-6	1.133494036402414e-8	1.0124517390375055e-9	3.9598457204169465e-5
682.0	2.2564071435218577e-8	1.7411976813337158e-9	3.84993463132756e-6	1.1328760464335244e-8	1.0126529450165875e-9	3.959845690154144e-5
683.0	2.255135021175568e-8	1.7435374386252638e-9	3.849935881213536e-6	1.1330184185917585e-8	1.0125181121924813e-9	3.959845702067929e-5
684.0	2.2607384392983595e-8	1.742869848270422e-9	3.8499356550156485e-6	1.1328125680680859e-8	1.0126560309583973e-9	3.959845705181674e-5
685.0	2.2584180281727963e-8	1.740710325236476e-9	3.849935815222511e-6	1.1330867857959607e-8	1.0121710644026438e-9	3.959845676684313e-5
686.0	2.2565448603679066e-8	1.7424115149806514e-9	3.84993575541642e-6	1.1333603507442027e-8	1.0122132337191348e-9	3.959845717848289e-5
687.0	2.2554791304537384e-8	1.7429074530618038e-9	3.849935573001135e-6	1.1336643639887168e-8	1.0116724730666893e-9	3.959845661677269e-5
688.0	2.2586180825818377e-8	1.7424653077396527e-9	3.849935341183429e-6	1.1341004590602254e-8	1.0116961102103102e-9	3.959845725983801e-5
689.0	2.259921851624277e-8	1.7426949937547678e-9	3.849934941461086e-6	1.1343122569138684e-8	1.011982554422027e-9	3.9598456436700355e-5
690.0	2.255637585181111e-8	1.7435310379438949e-9	3.849935688248861e-6	1.1345253777602121e-8	1.0115875478879573e-9	3.9598456966427374e-5
691.0	2.2550420369262632e-8	1.742755219127628e-9	3.849935851434784e-6	1.1343886662238296e-8	1.0122938119123868e-9	3.9598456134623375e-5
692.0	2.2593898895418875e-8	1.7424941868932956e-9	3.849935524546024e-6	1.1343166700637107e-8	1.0115413335621186e-9	3.9598456385257917e-5
693.0	2.257840506553395e-8	1.7429320634196333e-9	3.849935981767279e-6	1.13378801160217e-8	1.0121594394276075e-9	3.959845582329308e-5
694.0	2.2592413603909925e-8	1.7426015805286703e-9	3.849935692161743e-6	1.133689268262963e-8	1.0115581332037995e-9	3.9598455817059054e-5
695.0	2.256855242282996e-8	1.7425441632321538e-9	3.84993551120027e-6	1.1331831859756913e-8	1.0118914750702175e-9	3.9598455856101696e-5
696.0	2.257704703567404e-8	1.7442956179918369e-9	3.849935221096133e-6	1.1332986010131063e-8	1.011832033853813e-9	3.959845544574547e-5
697.0	2.2595758789634664e-8	1.7445331031887433e-9	3.849935502909139e-6	1.1330947413528812e-8	1.0116666868048788e-9	3.959845585199851e-5
698.0	2.255351244515311e-8	1.7454538384078812e-9	3.8499350932640315e-6	1.1333656673783308e-8	1.0123113574917064e-9	3.959845527851494e-5
699.0	2.259465435759877e-8	1.7437778153235391e-9	3.849935422583075e-6	1.1334904604781213e-8	1.011704863228617e-9	3.95984558276394e-5
700.0	2.2594214162496117e-8	1.744100462306884e-9	3.849936298523289e-6	1.1337668994273697e-8	1.012800425243474e-9	3.9598455232134855e-5
701.0	2.2588610639233143e-8	1.7418308854424954e-9	3.849936138961375e-6	1.1340383144897546e-8	1.0123602613116544e-9	3.959845600962833e-5
702.0	2.2574765921689386e-8	1.7425377863620666e-9	3.849935911099136e-6	1.1341937558388601e-8	1.0132625598660022e-9	3.9598455493249797e-5
703.0	2.2567721768959357e-8	1.7438337567598524e-9	3.849935531131235e-6	1.1343337488702014e-8	1.013070468250999e-9	3.9598456249763945e-5
704.0	2.2597073161484827e-8	1.7433726018528787e-9	3.8499352121679374e-6	1.1341281740636818e-8	1.0131589097636618e-9	3.959845580188551e-5
705.0	2.2623089727380493e-8	1.7456945126966977e-9	3.84993503108868e-6	1.1340887334538974e-8	1.01332412846112e-9	3.959845630091504e-5
706.0	2.257574711365757e-8	1.7462397915543899e-9	3.8499357779552624e-6	1.1336475338526965e-8	1.0127904375236523e-9	3.959845620238313e-5
707.0	2.258317807651218e-8	1.7457146579745716e-9	3.849936089623565e-6	1.1335325273306307e-8	1.0132782767835676e-9	3.959845636305341e-5
708.0	2.2566045071684543e-8	1.7435628174856398e-9	3.849936611093062e-6	1.1331212047163758e-8	1.0126960197677092e-9	3.959845671506723e-5
709.0	2.2612330600933146e-8	1.743631574823593e-9	3.84993558217452e-6	1.1331429656135794e-8	1.0131036102036497e-9	3.959845639452192e-5
710.0	2.2636227544141682e-8	1.740889711042242e-9	3.849935194611655e-6	1.132944369158858e-8	1.0125346806338778e-9	3.9598456842711924e-5
711.0	2.2583751562993487e-8	1.7424581225286538e-9	3.849934907320598e-6	1.1331818067105178e-8	1.012597495497287e-9	3.9598456320321416e-5
712.0	2.2567712332963333e-8	1.7426548824243036e-9	3.849935510011402e-6	1.1332522500301044e-8	1.0122673392971552e-9	3.9598456594068526e-5
713.0	2.257143126574922e-8	1.7456373023991213e-9	3.8499358200950304e-6	1.1335514531813135e-8	1.0120286950999397e-9	3.959845623777646e-5
714.0	2.2604581700504375e-8	1.7451832420397965e-9	3.849935646433726e-6	1.1337711930056677e-8	1.0121789497457553e-9	3.959845642071277e-5
715.0	2.2639492753915498e-8	1.74627496849583e-9	3.849935755144792e-6	1.1340414808569463e-8	1.0116934417201352e-9	3.959845634916587e-5
716.0	2.256166404479164e-8	1.7463418728979915e-9	3.849935417853849e-6	1.134170332374492e-8	1.012100784600917e-9	3.959845655516926e-5
717.0	2.2586927490849252e-8	1.744073924278163e-9	3.849935312009813e-6	1.1342222106535769e-8	1.011498225224688e-9	3.959845661859807e-5
718.0	2.2564089002782468e-8	1.744383352268232e-9	3.849935224750151e-6	1.1342239066122972e-8	1.0117527459502474e-9	3.9598456728951496e-5
719.0	2.2601872590471828e-8	1.7449416417753908e-9	3.849936373048578e-6	1.1341645610050874e-8	1.0113286050691723e-9	3.9598456996928434e-5
720.0	2.2617261942549243e-8	1.7459098025188284e-9	3.849935655703934e-6	1.1340714654188903e-8	1.0115226514193725e-9	3.959845684330438e-5
721.0	2.2597236086751542e-8	1.7476971970425466e-9	3.849934932293308e-6	1.1339975995168173e-8	1.0116971936076507e-9	3.9598457292760756e-5
722.0	2.260860036927691e-8	1.747901534484455e-9	3.84993550679419e-6	1.1339093431975082e-8	1.011803109157899e-9	3.959845685390115e-5
723.0	2.2557396544386032e-8	1.7484221772979637e-9	3.8499358682000915e-6	1.1337537150797173e-8	1.0124430388334619e-9	3.959845750487635e-5
724.0	2.2578840591420395e-8	1.7477744838015889e-9	3.849935590012449e-6	1.133677397217992e-8	1.0121731192875e-9	3.95984567715043e-5
725.0	2.26241263038158e-8	1.745906647737678e-9	3.849935658376283e-6	1.1335860734094057e-8	1.0126613745077679e-9	3.959845736361415e-5
726.0	2.2661082989947264e-8	1.7470983375236863e-9	3.849936050471045e-6	1.1335065711229706e-8	1.0125137029500164e-9	3.9598456734926324e-5
727.0	2.2608467997134147e-8	1.7460059739841995e-9	3.8499353004888455e-6	1.1334655315453778e-8	1.0128716693490616e-9	3.9598457167731415e-5
728.0	2.2569207335848542e-8	1.7463482094172475e-9	3.849935162316418e-6	1.1333410975556998e-8	1.013130798623297e-9	3.9598456910448146e-5
729.0	2.2583956829690905e-8	1.7477320969741762e-9	3.849935749873123e-6	1.1333009700763229e-8	1.0131376465516877e-9	3.959845706493657e-5
730.0	2.2661769278404384e-8	1.7487826728315353e-9	3.849935810168873e-6	1.1331624183426438e-8	1.0134181215147167e-9	3.959845711238258e-5
731.0	2.2657499409094923e-8	1.7484371680250896e-9	3.849935019417979e-6	1.133111821390338e-8	1.0130628735641188e-9	3.959845701378707e-5
732.0	2.2605344986134054e-8	1.749044175653792e-9	3.849935717008118e-6	1.1332442962127321e-8	1.0129845703423703e-9	3.959845717899772e-5
733.0	2.258369747243405e-8	1.7487912946107189e-9	3.849935810423664e-6	1.1333092924628073e-8	1.012624932735399e-9	3.959845694106981e-5
734.0	2.2606252076928884e-8	1.7475081086046114e-9	3.849935468173254e-6	1.1337371242232396e-8	1.0124693775292018e-9	3.9598456950613046e-5
735.0	2.2633629308508415e-8	1.7487224861641237e-9	3.849935673051823e-6	1.1338985818075397e-8	1.0122877768513867e-9	3.959845664365561e-5
736.0	2.2619733008500307e-8	1.7484659562083824e-9	3.849935844009083e-6	1.1343188396968449e-8	1.0121360997391358e-9	3.959845656172122e-5
737.0	2.2612877380516865e-8	1.748037084343983e-9	3.84993498836215e-6	1.1344109956206647e-8	1.0121875629265182e-9	3.9598456335257284e-5
738.0	2.2611841481226575e-8	1.7480896555651796e-9	3.849935037771085e-6	1.1346904006958232e-8	1.0120828046597548e-9	3.959845641630659e-5
739.0	2.2581521959825644e-8	1.7496561701555222e-9	3.849935519302238e-6	1.1345648232236726e-8	1.011959422872366e-9	3.959845609039518e-5
740.0	2.2603117121867886e-8	1.748363611949343e-9	3.849936312854344e-6	1.1346699761293714e-8	1.011815338074922e-9	3.9598456346062585e-5
741.0	2.262172350438575e-8	1.7506726546125158e-9	3.8499355750082545e-6	1.1341814420224045e-8	1.0114781164650238e-9	3.959845590414463e-5
742.0	2.2638512298626328e-8	1.7495139815055897e-9	3.849935912128329e-6	1.1340449532951445e-8	1.0115214337399698e-9	3.959845626523156e-5
743.0	2.261531001807496e-8	1.7502539223677029e-9	3.8499357968413045e-6	1.133391974420733e-8	1.0113855167559228e-9	3.9598455802536186e-5
744.0	2.259128303878527e-8	1.7504642997408403e-9	3.849935157881271e-6	1.1331991917589863e-8	1.0116922690900054e-9	3.9598456208059424e-5
745.0	2.2607136122572036e-8	1.7494720989047407e-9	3.849935083519773e-6	1.1328967489146358e-8	1.0120271206796425e-9	3.959845578811803e-5
746.0	2.2625499310975404e-8	1.748968722796976e-9	3.849935773479942e-6	1.1329293186475062e-8	1.0122472489180805e-9	3.9598456228379724e-5
747.0	2.2629872288159385e-8	1.7506037616815146e-9	3.849935873326695e-6	1.1330024541428035e-8	1.012705898884293e-9	3.9598455965228644e-5
748.0	2.2615854216050744e-8	1.7509821553280008e-9	3.84993550675814e-6	1.1332152370404744e-8	1.0125954425799978e-9	3.9598456320718065e-5
749.0	2.2627492323817175e-8	1.7499267867355168e-9	3.849936137467687e-6	1.1335640604870528e-8	1.0128172264003227e-9	3.959845615786065e-5
750.0	2.2615518131540095e-8	1.7508916425257141e-9	3.849935992716585e-6	1.1338206654535004e-8	1.012718828615333e-9	3.9598456273055995e-5
751.0	2.2605826268423333e-8	1.7503218745693892e-9	3.849935507552412e-6	1.134309638375382e-8	1.0126433966696145e-9	3.959845615891408e-5
752.0	2.2624961589545436e-8	1.7496503726167526e-9	3.8499351477098355e-6	1.134360561687922e-8	1.0128027477452021e-9	3.959845627153248e-5
753.0	2.2636637786981788e-8	1.7492080266093785e-9	3.849935346542824e-6	1.1348606683147442e-8	1.0125868937440042e-9	3.9598456161091555e-5
754.0	2.262850866582296e-8	1.751291217770072e-9	3.849935047538382e-6	1.1344552078377285e-8	1.0130230739645504e-9	3.959845640699614e-5
755.0	2.2611666881255573e-8	1.7489233766906677e-9	3.849935833031578e-6	1.1347151554392938e-8	1.0127432652838316e-9	3.959845615165436e-5
756.0	2.2607579454209564e-8	1.7509195199916336e-9	3.849935956079548e-6	1.1340612222855461e-8	1.0129743125010245e-9	3.9598456374181836e-5
757.0	2.2629174410183314e-8	1.7517556588859433e-9	3.849936387912127e-6	1.1341099958306377e-8	1.0128421007109043e-9	3.9598455983761596e-5
758.0	2.261578883120475e-8	1.7510315994798893e-9	3.849935698430368e-6	1.1334941492016248e-8	1.0125643253826624e-9	3.959845600296451e-5
759.0	2.2632416385849922e-8	1.7508419761218843e-9	3.849935072942441e-6	1.1336480827619237e-8	1.0125718040074586e-9	3.959845579541821e-5
760.0	2.264596643948919e-8	1.7527498717521516e-9	3.849935168345632e-6	1.133207295390288e-8	1.0120424188260684e-9	3.9598455849184717e-5
761.0	2.2616109584788563e-8	1.7517083329792104e-9	3.849935303985429e-6	1.1335184894330977e-8	1.0122118443351792e-9	3.959845595575639e-5
762.0	2.2599392378717578e-8	1.7514184032357075e-9	3.84993535439167e-6	1.1332891053468511e-8	1.011773907821956e-9	3.9598456144820994e-5
763.0	2.26161782464857e-8	1.7528664878836704e-9	3.849935814174675e-6	1.1337447572359988e-8	1.0119578889625817e-9	3.9598456448187254e-5
764.0	2.267479922823343e-8	1.75187458739459e-9	3.849936760523796e-6	1.1337196486897762e-8	1.011991986094451e-9	3.959845657376299e-5
765.0	2.2656906483997318e-8	1.7513462506295796e-9	3.84993592442554e-6	1.1340505476118272e-8	1.011994407443182e-9	3.959845681498967e-5
766.0	2.2608606039550454e-8	1.7518896435172601e-9	3.849935777282529e-6	1.1342278415694617e-8	1.0125778255263635e-9	3.959845663899569e-5
767.0	2.2595005068857852e-8	1.7528563638822254e-9	3.849935409840734e-6	1.1341072989587787e-8	1.0123605701969487e-9	3.95984568302304e-5
768.0	2.2638559266832008e-8	1.7516785898323452e-9	3.84993489957388e-6	1.1343349480712411e-8	1.0129880347900461e-9	3.95984565418107e-5
769.0	2.2666978876575686e-8	1.7542911130647965e-9	3.849934924281416e-6	1.1339648943549504e-8	1.0126786649853945e-9	3.9598456721543454e-5
770.0	2.263674258416071e-8	1.7537149398825904e-9	3.8499360745089046e-6	1.1341535254078755e-8	1.0128938340609982e-9	3.959845646570855e-5
771.0	2.2631772544352166e-8	1.7537214691095239e-9	3.8499365815694465e-6	1.1337998050713522e-8	1.012895067785577e-9	3.959845661120569e-5
772.0	2.2623276994085803e-8	1.7538691231710472e-9	3.8499357855387924e-6	1.1340014698332967e-8	1.0125852561170127e-9	3.9598456468781545e-5
773.0	2.262448454876989e-8	1.7520869304799958e-9	3.849935766679852e-6	1.1337131325137355e-8	1.0130210678495429e-9	3.9598456567131455e-5
774.0	2.2641967620281233e-8	1.7553052864730221e-9	3.849935123057128e-6	1.134005593681106e-8	1.0125289504919939e-9	3.9598456518762615e-5
775.0	2.2653675065828814e-8	1.7526519585528957e-9	3.849935014843345e-6	1.133668508027247e-8	1.0131087086165974e-9	3.959845649099939e-5
776.0	2.266874706014387e-8	1.754332056718191e-9	3.849934590593387e-6	1.1341507322332495e-8	1.012802611658115e-9	3.9598456496293006e-5
777.0	2.2623568005187093e-8	1.75523578428361e-9	3.8499358101788886e-6	1.1336938618429079e-8	1.0130678021215514e-9	3.9598456475947817e-5
778.0	2.2608334943437877e-8	1.7544227254626389e-9	3.849935855542463e-6	1.1340834301973711e-8	1.0130366135839943e-9	3.959845650121933e-5
779.0	2.2648500294902663e-8	1.7567453481829145e-9	3.849935575945547e-6	1.1337492244319195e-8	1.0128067056307155e-9	3.9598456590193696e-5
780.0	2.2687993512900137e-8	1.7539901489592162e-9	3.849935737025947e-6	1.133781422289744e-8	1.0128936346717739e-9	3.959845655126224e-5
781.0	2.26459283500502e-8	1.7556784106321701e-9	3.8499355819099315e-6	1.1336943006303514e-8	1.0122646653646288e-9	3.9598456632516524e-5
782.0	2.262874707421484e-8	1.7549446888413679e-9	3.849935077905424e-6	1.1336345804852092e-8	1.0125657615405222e-9	3.959845639192954e-5
783.0	2.260804901966049e-8	1.753404895184527e-9	3.849934818037452e-6	1.1337707524302593e-8	1.0121700153737903e-9	3.9598456472212435e-5
784.0	2.265294168403018e-8	1.7555177268428238e-9	3.8499354948283554e-6	1.1337692255058208e-8	1.0126282308417525e-9	3.959845613726726e-5
785.0	2.2660650592921833e-8	1.7544956188031993e-9	3.849935620966292e-6	1.1339157959787977e-8	1.0126950610775913e-9	3.959845629358117e-5
786.0	2.26498600701431e-8	1.7557746932514946e-9	3.849936042091028e-6	1.133957300207282e-8	1.0125932518676962e-9	3.9598456009004994e-5
787.0	2.264974655440966e-8	1.7561255063397755e-9	3.849935795589507e-6	1.1341253471034464e-8	1.0127873563025934e-9	3.959845609891084e-5
788.0	2.262124815258263e-8	1.756326918590052e-9	3.849935246274016e-6	1.1340466112158353e-8	1.012185383821071e-9	3.9598455944242643e-5
789.0	2.262741753833875e-8	1.7568673950207449e-9	3.849935130703583e-6	1.1343375373629702e-8	1.0123865717078853e-9	3.9598455976643985e-5
790.0	2.2665222321318464e-8	1.7563314164433351e-9	3.84993539740305e-6	1.1339899270438881e-8	1.012019600071255e-9	3.95984559585554e-5
791.0	2.266627680344886e-8	1.7554768363800089e-9	3.849935115558222e-6	1.134205506906907e-8	1.0124239367886986e-9	3.959845587759197e-5
792.0	2.2655668220143735e-8	1.7548827141242137e-9	3.849935215783703e-6	1.1337484485070205e-8	1.0126602079535018e-9	3.959845608301919e-5
793.0	2.261738937999076e-8	1.7558386460939202e-9	3.849935533403232e-6	1.1337355073839192e-8	1.0126351373001267e-9	3.959845564454042e-5
794.0	2.2638836331248684e-8	1.7550623216535447e-9	3.849935562096305e-6	1.1335077654475837e-8	1.012999696939452e-9	3.959845585110219e-5
795.0	2.2688988402606448e-8	1.7569519630961369e-9	3.84993521788441e-6	1.1335408958526454e-8	1.01262466245716e-9	3.959845541779236e-5
796.0	2.2643491969940552e-8	1.75690809853106e-9	3.849935952707784e-6	1.1335327567903244e-8	1.0128831171519433e-9	3.95984555665461e-5
797.0	2.2644566369950265e-8	1.7570721502396827e-9	3.849935527693161e-6	1.1336934636011814e-8	1.0125309274568866e-9	3.959845527964432e-5
798.0	2.2641004888652032e-8	1.7560287957608429e-9	3.849935043172297e-6	1.133711825176002e-8	1.0127455342626364e-9	3.959845526710994e-5
799.0	2.266447611185426e-8	1.7562190635499495e-9	3.84993482290851e-6	1.1339703540984256e-8	1.0128388148481853e-9	3.9598455114455985e-5
800.0	2.2654800043725888e-8	1.75578299726418e-9	3.849935608413081e-6	1.1340832351969237e-8	1.0128895421026177e-9	3.959845516008726e-5
