turn	ele_ex	ele_ey	ele_ez	pro_ex	pro_ey	pro_ez
0.0	2.042863688674095e-8	1.6115897272034455e-9	3.849993070495706e-6	1.1281234336020398e-8	1.0034661128962659e-9	3.9598392805126434e-5
1.0	2.092996516439555e-8	1.6253985028210944e-9	3.849994131294792e-6	1.128404799219528e-8	1.0052367222281016e-9	3.959839277328433e-5
2.0	2.104979153959251e-8	1.6230351152194542e-9	3.84999525183091e-6	1.1305443185249055e-8	1.0059319283605747e-9	3.9598393416359605e-5
3.0	2.0858976019833055e-8	1.630215315394097e-9	3.849993512358858e-6	1.1323770182791484e-8	1.007326884554573e-9	3.959839287916783e-5
4.0	2.0763637186704246e-8	1.641058580198209e-9	3.84999363706617e-6	1.1340446404584516e-8	1.0082881711789989e-9	3.959839313900463e-5
5.0	2.141255448508034e-8	1.6333799221682028e-9	3.849993556938576e-6	1.134855185938629e-8	1.008051843706727e-9	3.959839273501259e-5
6.0	2.19686704349292e-8	1.6395197463590771e-9	3.849992493722882e-6	1.1362748046839717e-8	1.0096216112863116e-9	3.959839283108446e-5
7.0	2.1572010180966266e-8	1.6343122095291794e-9	3.8499940352252515e-6	1.136162512069399e-8	1.0094445816025157e-9	3.959839268240452e-5
8.0	2.135510044065081e-8	1.6363458102794195e-9	3.849994454796929e-6	1.1355735387548772e-8	1.0107405162395315e-9	3.959839241577731e-5
9.0	2.178865606464038e-8	1.6452565636277538e-9	3.849993537513266e-6	1.1347107286430845e-8	1.0112453497340982e-9	3.9598392743552425e-5
10.0	2.2505636369860652e-8	1.6408076384458462e-9	3.8499932121705305e-6	1.132646008728927e-8	1.0124632807528342e-9	3.959839243899993e-5
11.0	2.2338405996770576e-8	1.6454282888951864e-9	3.849993602105782e-6	1.130675763531315e-8	1.0133618814552733e-9	3.9598393003394655e-5
12.0	2.1847607702949667e-8	1.6461635877998227e-9	3.849993340247986e-6	1.1293234256075106e-8	1.0136339268931684e-9	3.959839235995406e-5
13.0	2.195339489032463e-8	1.6448442656894322e-9	3.849993588979031e-6	1.1288175320256134e-8	1.0139904539907571e-9	3.9598392635168365e-5
14.0	2.2357582041340366e-8	1.649296793430253e-9	3.849993935970833e-6	1.1282405028994297e-8	1.0137225114104777e-9	3.95983922886523e-5
15.0	2.242062482057101e-8	1.6478218524926566e-9	3.84999321223948e-6	1.1291694138286809e-8	1.0137042264474288e-9	3.959839217235208e-5
16.0	2.2171038006223058e-8	1.6458386919104484e-9	3.849993200206047e-6	1.1300993783206415e-8	1.0132511785859187e-9	3.9598392172880436e-5
17.0	2.2094482081649384e-8	1.64634216834972e-9	3.849993558712239e-6	1.1317878548059554e-8	1.0128961636002953e-9	3.9598391906901696e-5
18.0	2.216734859929988e-8	1.6462501161523982e-9	3.849993815751053e-6	1.1330603892802065e-8	1.0121383446094555e-9	3.959839224481112e-5
19.0	2.2180470674290125e-8	1.6475876067110143e-9	3.849994221144968e-6	1.1345771131372566e-8	1.011231191331352e-9	3.9598391839538385e-5
20.0	2.2199630851338917e-8	1.6490960808382763e-9	3.849993768575105e-6	1.1351727212398023e-8	1.0101758371169463e-9	3.959839197523905e-5
21.0	2.223819671688417e-8	1.648259363236702e-9	3.849993101000375e-6	1.1351659868973594e-8	1.00961829370302e-9	3.959839183760589e-5
22.0	2.2227798771689708e-8	1.6500636482468793e-9	3.849993277854892e-6	1.1349171203496032e-8	1.0085798437199257e-9	3.959839152952117e-5
23.0	2.2129075203794373e-8	1.649496016120762e-9	3.849993839145226e-6	1.1337326879519527e-8	1.008304285456786e-9	3.959839168918492e-5
24.0	2.2135206618177372e-8	1.6490549937958017e-9	3.8499935800960565e-6	1.1328055531428603e-8	1.0076867811899045e-9	3.959839109205467e-5
25.0	2.223726162744895e-8	1.6492391372309189e-9	3.849994060680569e-6	1.1314991079721002e-8	1.0075035461408912e-9	3.959839145642084e-5
26.0	2.228747189778498e-8	1.6489457080055653e-9	3.8499938226572385e-6	1.131033209712357e-8	1.0076914148931713e-9	3.959839103631241e-5
27.0	2.2227249922365898e-8	1.649395988910466e-9	3.849992924227769e-6	1.1303543068189606e-8	1.0075197862852532e-9	3.9598391504806814e-5
28.0	2.2182470348876967e-8	1.649225227291811e-9	3.849992774727752e-6	1.1308193796651603e-8	1.0084129694376355e-9	3.959839136975464e-5
29.0	2.218053252655135e-8	1.650940629589321e-9	3.849993879965961e-6	1.1310747434296812e-8	1.0082270179341531e-9	3.959839157763083e-5
30.0	2.226361251478612e-8	1.6505569039065137e-9	3.849993508596016e-6	1.1321719519807798e-8	1.0093127957502742e-9	3.959839160155356e-5
31.0	2.221395994130494e-8	1.649889361583107e-9	3.849993227576782e-6	1.132921113946006e-8	1.0091841439769868e-9	3.959839165615017e-5
32.0	2.225750961128012e-8	1.6496798176018407e-9	3.8499934742876425e-6	1.1337647501171229e-8	1.0098336651477211e-9	3.9598391741313334e-5
33.0	2.221783340861615e-8	1.6491889912272823e-9	3.849993054037256e-6	1.1342230025208305e-8	1.0100985616375906e-9	3.959839180387679e-5
34.0	2.221412554493798e-8	1.6498222184591759e-9	3.8499925820874045e-6	1.1341798960909652e-8	1.0100460972810632e-9	3.959839195171929e-5
35.0	2.2223033474365477e-8	1.6497135382641577e-9	3.849993631042631e-6	1.1341488623297093e-8	1.0109299536611863e-9	3.959839190003872e-5
36.0	2.2220035116569714e-8	1.6527625024478933e-9	3.849993823035146e-6	1.1332346750219791e-8	1.0104674236844794e-9	3.959839193359147e-5
37.0	2.2258127959907738e-8	1.651490870327109e-9	3.8499931808844e-6	1.1327797472421878e-8	1.011579979824387e-9	3.959839174010363e-5
38.0	2.2214454745879438e-8	1.6514608542888118e-9	3.849993218469899e-6	1.1316241400763603e-8	1.011182701154116e-9	3.9598391772160546e-5
39.0	2.2238271535200098e-8	1.6515504216213135e-9	3.849993306719291e-6	1.1313648914499887e-8	1.0117759541321317e-9	3.9598391466075867e-5
40.0	2.2222136768277226e-8	1.6501403252080512e-9	3.849993057962281e-6	1.130742419570555e-8	1.0115970444610729e-9	3.959839159903563e-5
41.0	2.2231311695439817e-8	1.6509632977631482e-9	3.849993519967628e-6	1.1311828079652032e-8	1.0111774108325545e-9	3.959839134755347e-5
42.0	2.2215977338306826e-8	1.6506668227679154e-9	3.849993544130905e-6	1.1312688847325412e-8	1.011053013376295e-9	3.959839150086968e-5
43.0	2.2249849228889292e-8	1.652518090751151e-9	3.849993131442118e-6	1.1321017719555254e-8	1.0100578686068243e-9	3.95983913970952e-5
44.0	2.2242873511164192e-8	1.6542571391323445e-9	3.849993249891079e-6	1.1325833257966977e-8	1.01023763380414e-9	3.9598391585441044e-5
45.0	2.223699953301283e-8	1.6533970588115729e-9	3.84999335069233e-6	1.1331880408167727e-8	1.0093548458851246e-9	3.9598391637696316e-5
46.0	2.221321248325773e-8	1.6538148663349768e-9	3.849993512628118e-6	1.1337022035201807e-8	1.009549895897081e-9	3.959839159172006e-5
47.0	2.2219767301881677e-8	1.6528878678080254e-9	3.8499933654930595e-6	1.133707126485682e-8	1.0091913865319643e-9	3.9598391746262636e-5
48.0	2.2247582822199964e-8	1.6515871587143407e-9	3.84999289130684e-6	1.133975696943873e-8	1.0092642581412208e-9	3.959839143419599e-5
49.0	2.224831763637268e-8	1.65182328213334e-9	3.8499929868918784e-6	1.1332800321265845e-8	1.0093741905994601e-9	3.959839163176255e-5
50.0	2.2247187085346597e-8	1.6524482381972651e-9	3.849993177014844e-6	1.1332758885823546e-8	1.009283176952441e-9	3.959839138584322e-5
51.0	2.2227113455162366e-8	1.6533785563863853e-9	3.849993086731706e-6	1.1322820089023468e-8	1.009720130842516e-9	3.959839174226578e-5
52.0	2.2226702031991143e-8	1.654527026377312e-9	3.849993416936515e-6	1.1323166825086677e-8	1.0098669894026943e-9	3.9598391865491556e-5
53.0	2.2235657988894407e-8	1.6537295674026469e-9	3.849993699384166e-6	1.1316274427591557e-8	1.009857724276903e-9	3.9598391970408845e-5
54.0	2.2255030887727215e-8	1.6553616706617992e-9	3.849992197630152e-6	1.1320352675535074e-8	1.0102024025749366e-9	3.959839224134192e-5
55.0	2.2258753256107653e-8	1.6533086382863631e-9	3.849992496341458e-6	1.1318345928745637e-8	1.010177102907348e-9	3.959839207952823e-5
56.0	2.2238217120271558e-8	1.6546996280729528e-9	3.849993436788896e-6	1.1324294137575707e-8	1.0106993063852229e-9	3.9598392554290976e-5
57.0	2.2228963497989392e-8	1.6543490643548575e-9	3.8499937107204335e-6	1.1324564194906987e-8	1.0110052340143326e-9	3.9598392254259485e-5
58.0	2.223975230892137e-8	1.6546290645734097e-9	3.8499930118030005e-6	1.1328168293024313e-8	1.0114273320039457e-9	3.959839264610243e-5
59.0	2.226668877360015e-8	1.6560779428586244e-9	3.8499933029240164e-6	1.1329799836425013e-8	1.0119523676013671e-9	3.9598392355045584e-5
60.0	2.2242803727095272e-8	1.6561756879335333e-9	3.849992989174007e-6	1.1329428376211527e-8	1.0118368669015431e-9	3.959839246776676e-5
61.0	2.2237403436872597e-8	1.6548981694054245e-9	3.849992503167849e-6	1.1332341985782337e-8	1.012214935250767e-9	3.9598392343615546e-5
62.0	2.224416932674515e-8	1.6560702467889446e-9	3.849993201051963e-6	1.1326164803845979e-8	1.0115703954280445e-9	3.9598392224484034e-5
63.0	2.2259598994322e-8	1.6557516797841278e-9	3.849993766893746e-6	1.133005808662415e-8	1.011770557382529e-9	3.959839238453199e-5
64.0	2.2237318609723374e-8	1.6536466911775027e-9	3.849993393846976e-6	1.1322491992109681e-8	1.0114266881650957e-9	3.9598392245286743e-5
65.0	2.2255343830142177e-8	1.6553087269935697e-9	3.849993076354653e-6	1.1327098715354468e-8	1.0110517350159442e-9	3.959839247837703e-5
66.0	2.2249736014710374e-8	1.6569651350492384e-9	3.849992909137476e-6	1.1322976547624058e-8	1.0113309859293722e-9	3.9598392414793344e-5
67.0	2.226697625763347e-8	1.6563310845983366e-9	3.849993173720097e-6	1.1328592952815017e-8	1.0104016277186485e-9	3.959839251728895e-5
68.0	2.224360325968991e-8	1.6572155911813409e-9	3.8499929956558446e-6	1.1326662458827778e-8	1.0111346320460907e-9	3.9598392545054624e-5
69.0	2.223017208192133e-8	1.6564966267562004e-9	3.849993055010446e-6	1.1332578136295435e-8	1.0100658763462171e-9	3.9598392437955073e-5
70.0	2.2276470761028995e-8	1.6571677363371033e-9	3.849992692480025e-6	1.1329861757797197e-8	1.0105830584425172e-9	3.959839250342242e-5
71.0	2.2272334347987862e-8	1.655746758850164e-9	3.849992945059734e-6	1.1333836485011151e-8	1.0098884722219154e-9	3.9598392164583084e-5
72.0	2.223900261016285e-8	1.6568391683295322e-9	3.8499932711815635e-6	1.1330192988373439e-8	1.009645880212942e-9	3.959839207510036e-5
73.0	2.2242882564138453e-8	1.6563246413553713e-9	3.849992912446783e-6	1.1330463318018219e-8	1.00980820368845e-9	3.959839179568742e-5
74.0	2.2253233594770775e-8	1.656984946765498e-9	3.8499928488018165e-6	1.1329376104984813e-8	1.00900704549976e-9	3.9598391567678885e-5
75.0	2.2297580598286605e-8	1.6587651575511878e-9	3.849992675593527e-6	1.1325182723646987e-8	1.0100075623293946e-9	3.95983916654922e-5
76.0	2.2241772811098873e-8	1.6568628435282345e-9	3.849992398626754e-6	1.1327851018781317e-8	1.008989279067289e-9	3.9598391302085667e-5
77.0	2.2226358234273195e-8	1.6574969836195623e-9	3.849992916568444e-6	1.1322697505928436e-8	1.010116802139254e-9	3.959839165764077e-5
78.0	2.226263879270127e-8	1.6594018411838013e-9	3.849992941691144e-6	1.1328042176620136e-8	1.0096199075912164e-9	3.9598391272428895e-5
79.0	2.2281712222477424e-8	1.656671710426823e-9	3.849993318647433e-6	1.1325472438224478e-8	1.010130061808167e-9	3.959839139265717e-5
80.0	2.225794862657829e-8	1.6583400356405688e-9	3.849992983040079e-6	1.1331294351671855e-8	1.010780347161623e-9	3.9598391089892685e-5
81.0	2.2234293877220824e-8	1.65939731254848e-9	3.849992508814878e-6	1.1330135300166392e-8	1.0103743690807456e-9	3.9598390953828673e-5
82.0	2.2223523803662483e-8	1.6577452161876186e-9	3.849992522023353e-6	1.1334161529724685e-8	1.0116512418174426e-9	3.959839071710828e-5
83.0	2.2273374937840928e-8	1.6586001596016256e-9	3.849993190402001e-6	1.1330878182536205e-8	1.0108717571757475e-9	3.95983905414718e-5
84.0	2.2266696437446254e-8	1.6591176115491962e-9	3.849992716967518e-6	1.1333991904149096e-8	1.0119797951809893e-9	3.959839042463465e-5
85.0	2.2241509324911526e-8	1.6581805622550724e-9	3.84999289885503e-6	1.1328985154871703e-8	1.0114297534912723e-9	3.959839047608806e-5
86.0	2.2240059606532204e-8	1.6576284275526414e-9	3.8499936285689975e-6	1.1330518815253362e-8	1.0118726632832085e-9	3.959839039312152e-5
87.0	2.223962071146869e-8	1.6587289626860544e-9	3.849992963706634e-6	1.132643420834252e-8	1.012114982372372e-9	3.9598390619812066e-5
88.0	2.2268445498561542e-8	1.6583768468468825e-9	3.849992526328876e-6	1.1324319048859895e-8	1.0117355474636745e-9	3.959839062087401e-5
89.0	2.2263732727881068e-8	1.6573365563601207e-9	3.849993001171297e-6	1.1323992995273934e-8	1.0126763271969387e-9	3.959839073633997e-5
90.0	2.2247988270355236e-8	1.6609477786634308e-9	3.849993057354994e-6	1.1320558015247206e-8	1.0117403191642984e-9	3.95983908465459e-5
91.0	2.2241281127226093e-8	1.660060810370746e-9	3.849992678459527e-6	1.1323944997481951e-8	1.012531375557103e-9	3.959839068332584e-5
92.0	2.225279983492401e-8	1.659295163356632e-9	3.849993181683314e-6	1.1322032184366822e-8	1.0116089442425755e-9	3.9598390881284306e-5
93.0	2.224670403621823e-8	1.660601527357868e-9	3.849993218193722e-6	1.1326824784974927e-8	1.011798738249104e-9	3.959839075360503e-5
94.0	2.2249668358177567e-8	1.6602259490816086e-9	3.849993014733422e-6	1.1326487592742623e-8	1.0114465182118002e-9	3.9598391078456554e-5
95.0	2.2246562975327138e-8	1.6590437902460602e-9	3.8499928434979935e-6	1.1330660171381048e-8	1.010996488514726e-9	3.959839115019058e-5
96.0	2.2270809775030544e-8	1.6583916815533756e-9	3.8499932386168905e-6	1.1329900606033197e-8	1.011105325132433e-9	3.9598391218963206e-5
97.0	2.225583221133039e-8	1.6584556982972675e-9	3.849992919179861e-6	1.133415372369889e-8	1.0103298138105915e-9	3.959839144570806e-5
98.0	2.2214504308579497e-8	1.6598001223465678e-9	3.849992794369148e-6	1.1333054649249054e-8	1.0106500339952079e-9	3.9598391270903565e-5
99.0	2.2217103440813736e-8	1.6598334240518276e-9	3.84999269805249e-6	1.1334872206026816e-8	1.0099619278015589e-9	3.9598391603253035e-5
100.0	2.2287460128550902e-8	1.6610785811332628e-9	3.849992544497182e-6	1.1333190422541903e-8	1.0103343712416806e-9	3.959839161936891e-5
101.0	2.2291928187089033e-8	1.659926530905142e-9	3.8499936018728424e-6	1.1331978511886878e-8	1.0099701200345533e-9	3.959839198091759e-5
102.0	2.2212584361516287e-8	1.6604704292922552e-9	3.849993615892074e-6	1.1330828797784962e-8	1.010044028917793e-9	3.959839223681719e-5
103.0	2.2182986258374883e-8	1.660211441382517e-9	3.8499926453201995e-6	1.1328170044365233e-8	1.0099011666252622e-9	3.9598392182773937e-5
104.0	2.2254086131708822e-8	1.6592843472571977e-9	3.849992786091187e-6	1.132838606477105e-8	1.0096503855776075e-9	3.959839256209644e-5
105.0	2.233581802846095e-8	1.6598492087248016e-9	3.849992579940726e-6	1.1325497359133944e-8	1.0099730975354494e-9	3.959839199657104e-5
106.0	2.2235639387287262e-8	1.660205419283752e-9	3.849992120978298e-6	1.1326518386992383e-8	1.0097672465859364e-9	3.959839236837056e-5
107.0	2.2163233293189896e-8	1.6622858649176297e-9	3.8499933761877805e-6	1.1323957980540105e-8	1.0103366391961982e-9	3.9598391643744375e-5
108.0	2.222285597050337e-8	1.662777292486158e-9	3.849993892778785e-6	1.1325852501442615e-8	1.0103708272760668e-9	3.9598392208320864e-5
109.0	2.2314069829378282e-8	1.6623995847271628e-9	3.849993148726947e-6	1.1324174687243158e-8	1.0108113111624568e-9	3.959839146619814e-5
110.0	2.2252815110754155e-8	1.6637325428099732e-9	3.849992318363707e-6	1.1328088979703444e-8	1.0109370024134244e-9	3.9598392090933705e-5
111.0	2.2148264422745716e-8	1.6617091596866456e-9	3.849992530582024e-6	1.1328595890917503e-8	1.0110323224615406e-9	3.959839164080787e-5
112.0	2.218375931192222e-8	1.661334227678722e-9	3.849992799123932e-6	1.133060107459683e-8	1.0112798878332053e-9	3.95983921261024e-5
113.0	2.2304698996645296e-8	1.6609912364213158e-9	3.849992983005632e-6	1.13317248784326e-8	1.0112877243943826e-9	3.9598391974282794e-5
114.0	2.2240179564376127e-8	1.6603186512588888e-9	3.8499933089571695e-6	1.1331554338233119e-8	1.0115048221988291e-9	3.959839198242756e-5
115.0	2.2147178930847066e-8	1.6618834435263817e-9	3.849993034908869e-6	1.1333049925039927e-8	1.011335877612488e-9	3.959839216763716e-5
116.0	2.2198205467760095e-8	1.6620810385188973e-9	3.8499927954410016e-6	1.1331738550236673e-8	1.0114974590801523e-9	3.959839183737609e-5
117.0	2.227801078834931e-8	1.6633709955117498e-9	3.849992160298944e-6	1.1333184660605059e-8	1.0113156128759133e-9	3.959839229368006e-5
118.0	2.2265907645839096e-8	1.6625682326345623e-9	3.8499926974101084e-6	1.1330653449182369e-8	1.011185804141514e-9	3.959839166161437e-5
119.0	2.2127853045054653e-8	1.663825943330399e-9	3.849992936910636e-6	1.1331219311758069e-8	1.0111459484618081e-9	3.959839221753576e-5
120.0	2.2213735569773796e-8	1.6627019939418614e-9	3.8499924772563775e-6	1.1327875785034553e-8	1.0111496827388273e-9	3.959839162997339e-5
121.0	2.2303598725464625e-8	1.6621361028273974e-9	3.849992514192919e-6	1.132805795515248e-8	1.0112425918528654e-9	3.9598391916906774e-5
122.0	2.2263342581535845e-8	1.6634117892402878e-9	3.8499930271285396e-6	1.1323929424794034e-8	1.0112251512361002e-9	3.959839137646905e-5
123.0	2.2168721540971206e-8	1.662766072733696e-9	3.849992814395105e-6	1.1325597103370631e-8	1.0110954604122813e-9	3.9598391347260895e-5
124.0	2.2195653093377588e-8	1.6655392270479912e-9	3.849992543546732e-6	1.1323912313907812e-8	1.010887611713231e-9	3.9598390907226086e-5
125.0	2.2338928688560275e-8	1.6649460938690557e-9	3.849992831004016e-6	1.1325530179967356e-8	1.0107700239598357e-9	3.959839106624933e-5
126.0	2.2299090620516484e-8	1.6653023088242124e-9	3.849992113936065e-6	1.1326138921902877e-8	1.0105021055031632e-9	3.959839058520743e-5
127.0	2.2183090433351482e-8	1.6658012764953905e-9	3.849992448096556e-6	1.1327509822226182e-8	1.0107054700977392e-9	3.959839095431816e-5
128.0	2.2207353603233312e-8	1.66370685755528e-9	3.849993031890909e-6	1.1330260023072807e-8	1.0105997884242138e-9	3.959839049755157e-5
129.0	2.2304827629648868e-8	1.6658707375620567e-9	3.849993082000259e-6	1.1330793192638891e-8	1.0109097023674152e-9	3.9598390756517505e-5
130.0	2.2342677245636276e-8	1.6642641978186285e-9	3.849993057281974e-6	1.1333069751615086e-8	1.0109854148727922e-9	3.9598390373894176e-5
131.0	2.2221952400282135e-8	1.6644617507537446e-9	3.849993034992916e-6	1.1332075841672164e-8	1.010949659942258e-9	3.9598390413437774e-5
132.0	2.220449903749169e-8	1.6656984475699186e-9	3.84999236130751e-6	1.1332997525741348e-8	1.0111983327859584e-9	3.9598390248322904e-5
133.0	2.2263187077828172e-8	1.6663335417790536e-9	3.849992115152106e-6	1.133022062073342e-8	1.0109055479648284e-9	3.959839033313568e-5
134.0	2.230068437622217e-8	1.6667193289765018e-9	3.849992713700379e-6	1.1329928144969988e-8	1.0111413209830049e-9	3.959839047733882e-5
135.0	2.2297652589652226e-8	1.6663961097641487e-9	3.849993069675237e-6	1.1325498255041326e-8	1.0110260457550548e-9	3.959839047315431e-5
136.0	2.2229735785704813e-8	1.6671911548732308e-9	3.849992371359125e-6	1.1325788235475735e-8	1.0110569968502518e-9	3.959839065617262e-5
137.0	2.2236017201255806e-8	1.6666265352955293e-9	3.849993210519861e-6	1.1322456356202425e-8	1.0113099294930528e-9	3.9598390519147574e-5
138.0	2.2251615994259803e-8	1.6670365812402646e-9	3.849992974507306e-6	1.1323393099977055e-8	1.0112673174164747e-9	3.9598390561826176e-5
139.0	2.2293140900223673e-8	1.6659736362534768e-9	3.849991797806288e-6	1.1323181927581069e-8	1.0116678808266346e-9	3.95983905230806e-5
140.0	2.2282148082464456e-8	1.6681180813089734e-9	3.849992242396252e-6	1.1325428187538932e-8	1.0114761128189469e-9	3.9598390631742206e-5
141.0	2.2219663474910964e-8	1.6672610490769117e-9	3.849992546238448e-6	1.132756123260722e-8	1.0116873374410444e-9	3.959839061800916e-5
142.0	2.2229472355022268e-8	1.6665900029240619e-9	3.849992380936199e-6	1.1329784037154913e-8	1.0113247467853011e-9	3.959839066116851e-5
143.0	2.2264661194216653e-8	1.668417645810069e-9	3.849992216653762e-6	1.133192446047134e-8	1.0111873177605422e-9	3.959839063348499e-5
144.0	2.2281459819776244e-8	1.667508912691883e-9	3.84999323446621e-6	1.1333151073086097e-8	1.0111078352341939e-9	3.959839082375598e-5
145.0	2.222748927456736e-8	1.6681579084288337e-9	3.8499927145548845e-6	1.1333815531840375e-8	1.010773202898122e-9	3.9598390897513884e-5
146.0	2.2253423546987285e-8	1.6676843659048275e-9	3.849992393965384e-6	1.133295991482914e-8	1.010930306762634e-9	3.9598390936044275e-5
147.0	2.2283519694283815e-8	1.6680869789756176e-9	3.849992378161648e-6	1.1332599792585723e-8	1.0104457962590476e-9	3.959839095022959e-5
148.0	2.225045059044259e-8	1.6688566673337866e-9	3.849992374211853e-6	1.1329436521132776e-8	1.0107269708718594e-9	3.959839087503427e-5
149.0	2.2211029314609976e-8	1.6682720784618182e-9	3.849992324904835e-6	1.1328424701801811e-8	1.0103750051903003e-9	3.9598390835960095e-5
150.0	2.224395002447371e-8	1.670437757288111e-9	3.849992263146416e-6	1.1325375078298655e-8	1.0107245085827683e-9	3.9598390960983235e-5
151.0	2.233416514501524e-8	1.668129972692211e-9	3.849992703244865e-6	1.1324557225477646e-8	1.0107635706485306e-9	3.959839082323576e-5
152.0	2.228935517379729e-8	1.6698237634717998e-9	3.849992929960522e-6	1.1324189440620936e-8	1.0109352117780909e-9	3.959839146037613e-5
153.0	2.219283971772797e-8	1.66879144114997e-9	3.849992966261208e-6	1.1324670669903075e-8	1.0109603687662529e-9	3.959839105667561e-5
154.0	2.222825723677904e-8	1.6679423154895941e-9	3.849992542547121e-6	1.1326545985856863e-8	1.0107495579088005e-9	3.959839187253624e-5
155.0	2.236938795766956e-8	1.6693885365586917e-9	3.849991876485994e-6	1.1329018447038573e-8	1.0111381489127512e-9	3.9598391374290726e-5
156.0	2.2339651810691582e-8	1.6684097572651124e-9	3.849992727099507e-6	1.1329842543228043e-8	1.0107900540390729e-9	3.959839224679263e-5
157.0	2.2217521285011665e-8	1.670272797425147e-9	3.849992016449445e-6	1.1331739626570442e-8	1.0112591734601055e-9	3.95983918127898e-5
158.0	2.22004223131099e-8	1.6696936252499648e-9	3.84999230030074e-6	1.1331586393778815e-8	1.011209106737341e-9	3.959839237587127e-5
159.0	2.2333624141509873e-8	1.6705518699000185e-9	3.849992360685078e-6	1.1331388312558523e-8	1.011383182553346e-9	3.9598391945503786e-5
160.0	2.237389393569081e-8	1.6716890057892505e-9	3.849993109672191e-6	1.1331357572876141e-8	1.0114125977862074e-9	3.9598392096514934e-5
161.0	2.2234846189213208e-8	1.670731195163365e-9	3.8499926004763695e-6	1.1329499757816885e-8	1.0113626038722398e-9	3.959839205646081e-5
162.0	2.2190868970690074e-8	1.6707881989558497e-9	3.849992209102183e-6	1.1328825862756885e-8	1.011414403306102e-9	3.959839187078443e-5
163.0	2.2275591208567896e-8	1.6703434876745534e-9	3.849992653580038e-6	1.1326611814221154e-8	1.0113449747748366e-9	3.959839218864581e-5
164.0	2.2338420170669757e-8	1.6709353630938321e-9	3.849992054889697e-6	1.132554894052384e-8	1.0117588292179322e-9	3.959839175962715e-5
165.0	2.2256736798247877e-8	1.6717197209931086e-9	3.84999142607621e-6	1.1325075575984801e-8	1.0112843246268148e-9	3.959839227995594e-5
166.0	2.2216914525082003e-8	1.6712554744396371e-9	3.8499921843888025e-6	1.1325147027253511e-8	1.0115219758904397e-9	3.959839179767386e-5
167.0	2.2248362110820167e-8	1.6717294131530477e-9	3.849992996852726e-6	1.1326881067953474e-8	1.0108505947218836e-9	3.95983919540667e-5
168.0	2.230768064585368e-8	1.67130426605498e-9	3.849993191467268e-6	1.1328383087079565e-8	1.0106774219303744e-9	3.9598391660047353e-5
169.0	2.225764817441384e-8	1.670409704362657e-9	3.849992383521021e-6	1.1329885783003405e-8	1.0104115151765167e-9	3.9598391695450756e-5
170.0	2.2230797722164006e-8	1.671762888014403e-9	3.8499921181334e-6	1.1331035956400558e-8	1.0104714495658364e-9	3.959839173442917e-5
171.0	2.226808530715379e-8	1.670748796346858e-9	3.84999176127938e-6	1.1331704324039308e-8	1.0109961772684756e-9	3.95983917586244e-5
172.0	2.2287499813393494e-8	1.6716605530738213e-9	3.84999212239366e-6	1.1331325188499915e-8	1.0107742256272853e-9	3.959839166660883e-5
173.0	2.2268877411296832e-8	1.6723958813125673e-9	3.849992718238252e-6	1.1331416038425983e-8	1.0113503707124947e-9	3.9598391579147474e-5
174.0	2.2233087387715623e-8	1.6729526201874786e-9	3.849992547601564e-6	1.1329720996045354e-8	1.0105744926597005e-9	3.959839130459091e-5
175.0	2.2273325007652127e-8	1.672724241311922e-9	3.849992528107546e-6	1.1328721544375848e-8	1.0108198334089376e-9	3.959839116416747e-5
176.0	2.231249762824923e-8	1.6729535264655626e-9	3.849991817713032e-6	1.1325986378266426e-8	1.0105430849544986e-9	3.959839085788777e-5
177.0	2.227614709570264e-8	1.6719957489032703e-9	3.849991704646885e-6	1.1325328810138567e-8	1.0108241274618062e-9	3.959839064538294e-5
178.0	2.2247056809195365e-8	1.6717898193870917e-9	3.849991971818957e-6	1.1324590670021104e-8	1.0113927444695728e-9	3.959839083254364e-5
179.0	2.2252483190342592e-8	1.6722264532604379e-9	3.849993052774536e-6	1.1326835281587919e-8	1.0113122884489108e-9	3.9598390500776933e-5
180.0	2.233144726497426e-8	1.6728845651750487e-9	3.849992177528345e-6	1.1327822857034568e-8	1.01205531477278e-9	3.9598390862980446e-5
181.0	2.2308447733841367e-8	1.6729804510663319e-9	3.849991734240356e-6	1.133090062831344e-8	1.0115559139904973e-9	3.95983904522566e-5
182.0	2.2279315859774548e-8	1.6726034782766794e-9	3.849992264260192e-6	1.1330549252452442e-8	1.011899797817124e-9	3.959839074585642e-5
183.0	2.2234154280625508e-8	1.6727924167819032e-9	3.849992080120034e-6	1.1332533512048276e-8	1.0114984977884576e-9	3.9598390527645266e-5
184.0	2.229360745197778e-8	1.6719405695086239e-9	3.849992283960219e-6	1.1331280979261527e-8	1.0114666507056444e-9	3.959839058894965e-5
185.0	2.235464993068368e-8	1.6730626319188757e-9	3.849991922031219e-6	1.1332158946484071e-8	1.0115587619189643e-9	3.959839054767195e-5
186.0	2.2294818971204166e-8	1.673013402938593e-9	3.849992464522943e-6	1.1331209134575e-8	1.0111897067773197e-9	3.9598390375113565e-5
187.0	2.2237943506965503e-8	1.673653118899809e-9	3.849991926529743e-6	1.1330422990213698e-8	1.011561203694794e-9	3.959839050412369e-5
188.0	2.22507722178035e-8	1.6736885722732026e-9	3.849992280328203e-6	1.132835236839029e-8	1.0112246581055327e-9	3.959839030981064e-5
189.0	2.2340090988209764e-8	1.6759553938949299e-9	3.8499926049923925e-6	1.1326478132496495e-8	1.0113490525026872e-9	3.959839056212894e-5
190.0	2.2337713358102752e-8	1.6756638674456911e-9	3.8499922725076e-6	1.1324924185835513e-8	1.0113435820423116e-9	3.9598390472785e-5
191.0	2.2265945238330118e-8	1.6745691544382542e-9	3.8499915935532945e-6	1.1324831921240373e-8	1.0110280088342992e-9	3.959839064108131e-5
192.0	2.223714812729736e-8	1.6739262601489522e-9	3.849991518751476e-6	1.1326062708218589e-8	1.011205919037024e-9	3.9598390568447514e-5
193.0	2.231813868589267e-8	1.6730410575067778e-9	3.8499921309999195e-6	1.132717487507185e-8	1.0107157150084695e-9	3.959839073700219e-5
194.0	2.235019679461325e-8	1.6741402662307724e-9	3.84999218317798e-6	1.132997546477159e-8	1.0110557159434841e-9	3.959839074288915e-5
195.0	2.2286498261614525e-8	1.6735958129773575e-9	3.849992666958607e-6	1.1329472721947635e-8	1.0107311237260687e-9	3.959839084655472e-5
196.0	2.2256177679067433e-8	1.6737629134290242e-9	3.84999195890808e-6	1.1332273221357062e-8	1.0111535114660843e-9	3.959839100209466e-5
197.0	2.2277431072236905e-8	1.6753531783185816e-9	3.849991799893501e-6	1.1332043147510158e-8	1.0113365623555692e-9	3.959839113747345e-5
198.0	2.2307973995066396e-8	1.6751195608919257e-9	3.849991849335667e-6	1.1334303434773473e-8	1.011101296087317e-9	3.959839123380318e-5
199.0	2.2275328000673508e-8	1.6758570672531096e-9	3.849992138630629e-6	1.1333225424603606e-8	1.0113771464859428e-9	3.95983913304095e-5
200.0	2.2272609468101126e-8	1.6753897311529907e-9	3.849992453234431e-6	1.1333722780928923e-8	1.0107062789539332e-9	3.959839127445347e-5
201.0	2.2307789551264506e-8	1.6750875824426737e-9	3.849991984279656e-6	1.133118335625702e-8	1.0110373963896723e-9	3.959839149894404e-5
202.0	2.2277110566567898e-8	1.6742797650341305e-9	3.849991866897263e-6	1.1330310356199782e-8	1.0107430124778492e-9	3.95983913558303e-5
203.0	2.2248629300937158e-8	1.6743753440821083e-9	3.849991873585094e-6	1.1327627555079998e-8	1.0111558513590982e-9	3.959839166375661e-5
204.0	2.2283212768018544e-8	1.6758072476299147e-9	3.849992150810921e-6	1.1328033052339785e-8	1.0114548081808983e-9	3.959839172545422e-5
205.0	2.2346872479674302e-8	1.6771612199339419e-9	3.849992349636129e-6	1.1326844110303924e-8	1.0113135809122722e-9	3.9598391784839464e-5
206.0	2.2308032789504247e-8	1.6762305813712696e-9	3.849992601476386e-6	1.1327268779589461e-8	1.01178759622408e-9	3.9598391908163626e-5
207.0	2.2245442266160526e-8	1.6776894751396184e-9	3.8499917790549685e-6	1.132718725806005e-8	1.0109624926884339e-9	3.959839163586419e-5
208.0	2.2242865859068517e-8	1.6768207467637454e-9	3.8499916105186334e-6	1.1326518353948087e-8	1.011427620152081e-9	3.959839170882258e-5
209.0	2.2350730383743323e-8	1.676017388124018e-9	3.849991795164792e-6	1.1327329529847345e-8	1.0109447201325346e-9	3.9598391479723336e-5
210.0	2.2326643675739976e-8	1.6756965276299139e-9	3.849992088660832e-6	1.1326711834591092e-8	1.0114092977794538e-9	3.959839146697813e-5
211.0	2.22765277303971e-8	1.673579474135473e-9	3.849992450541261e-6	1.132780596198872e-8	1.011680554476239e-9	3.959839151388687e-5
212.0	2.2252291852360573e-8	1.6752667657847652e-9	3.8499921382534615e-6	1.1327938352334671e-8	1.0116410562015924e-9	3.959839126695818e-5
213.0	2.2303183747077663e-8	1.6750405547447173e-9	3.849992163030415e-6	1.1328567378698161e-8	1.012131286122039e-9	3.9598391540879304e-5
214.0	2.230648336564196e-8	1.6765764431027192e-9	3.849991423234659e-6	1.1329390406493828e-8	1.0115903111668683e-9	3.959839128014143e-5
215.0	2.2285431060438023e-8	1.6781258706683029e-9	3.849992203965005e-6	1.1329345769238593e-8	1.0119726634611322e-9	3.959839147458461e-5
216.0	2.2295421156605345e-8	1.6785696924020769e-9	3.849992127365473e-6	1.1330147833081799e-8	1.011506300865568e-9	3.959839151946365e-5
217.0	2.229297812595227e-8	1.6774483150554156e-9	3.849991789188507e-6	1.1330678153182003e-8	1.0118351684455488e-9	3.95983913727017e-5
218.0	2.2277614158352487e-8	1.6770978252461368e-9	3.849992049762315e-6	1.1331017774713462e-8	1.0120052784741609e-9	3.959839174378726e-5
219.0	2.227338332834542e-8	1.6757197292222907e-9	3.849992603399652e-6	1.133154983814843e-8	1.011802361985261e-9	3.9598391185262076e-5
220.0	2.2334243901381792e-8	1.675945569873839e-9	3.849991411495246e-6	1.1331485893731816e-8	1.0122607918680356e-9	3.959839167204758e-5
221.0	2.2334515726346587e-8	1.6746451735560412e-9	3.849991915495821e-6	1.1331409924980726e-8	1.0120256642201826e-9	3.959839106264589e-5
222.0	2.2264257518277152e-8	1.6765990917516218e-9	3.849992471183638e-6	1.1330277835698239e-8	1.012299662472737e-9	3.959839142391362e-5
223.0	2.2253694177232387e-8	1.6768307402288075e-9	3.849991598078894e-6	1.1329504015320811e-8	1.0121130427051499e-9	3.9598390995026614e-5
224.0	2.2314052296290898e-8	1.6775307149721233e-9	3.849991020008052e-6	1.1327333242642347e-8	1.0121620967865293e-9	3.959839101363281e-5
225.0	2.2367821848891392e-8	1.6789712544467387e-9	3.84999276856895e-6	1.1326344968244286e-8	1.0121270205267203e-9	3.959839091977954e-5
226.0	2.2303125119964758e-8	1.6775028859084048e-9	3.849992527217e-6	1.1323837915867044e-8	1.0116833261861615e-9	3.959839062681767e-5
227.0	2.225693670059777e-8	1.676844005319714e-9	3.84999176402314e-6	1.1324949871325099e-8	1.0115675790907583e-9	3.959839079068089e-5
228.0	2.230097365018196e-8	1.676834273612538e-9	3.849992653446465e-6	1.1323727167889328e-8	1.0112538543333986e-9	3.959839053608983e-5
229.0	2.2324812080599042e-8	1.6770887621748066e-9	3.84999220283106e-6	1.1327941261369431e-8	1.0111019088988613e-9	3.959839068536012e-5
230.0	2.2337539298229504e-8	1.6779227882782227e-9	3.8499906224527565e-6	1.1328426691809717e-8	1.0112594868534681e-9	3.959839045125486e-5
231.0	2.229588294167476e-8	1.6785036278610768e-9	3.849991970673031e-6	1.133282537566218e-8	1.0109488735031666e-9	3.9598390537610656e-5
232.0	2.2280387801951563e-8	1.679255967658978e-9	3.849992813429491e-6	1.1333854459263222e-8	1.0114339829941924e-9	3.959839028866448e-5
233.0	2.2299183961637728e-8	1.6784814298625506e-9	3.849992410581025e-6	1.133702901161938e-8	1.0111189574777785e-9	3.959839019084719e-5
234.0	2.2315266566765138e-8	1.6781700108524165e-9	3.849992897950699e-6	1.1336340525635522e-8	1.0113454738074626e-9	3.9598390118396676e-5
235.0	2.2343978438209075e-8	1.678753471149647e-9	3.8499922568286755e-6	1.1336665968578292e-8	1.0112467531136137e-9	3.9598390080045626e-5
236.0	2.231694974271991e-8	1.6768847222120018e-9	3.849991303050312e-6	1.1334356151501827e-8	1.0110583254892274e-9	3.959839018948883e-5
237.0	2.226451237857689e-8	1.6790739091891255e-9	3.849991021353524e-6	1.1331979933251688e-8	1.0111331476140362e-9	3.959839017050072e-5
238.0	2.2290518813171266e-8	1.6782125543094434e-9	3.84999197057501e-6	1.1329414561628522e-8	1.0106743597604505e-9	3.959839020569829e-5
239.0	2.2337418774370796e-8	1.6785249555643352e-9	3.849992667551279e-6	1.1326137161991366e-8	1.0111827844209245e-9	3.959839038049299e-5
240.0	2.2351428780751336e-8	1.679881160688618e-9	3.849992435131749e-6	1.1325889634054281e-8	1.0110031461164843e-9	3.959839041015923e-5
241.0	2.2278195479789718e-8	1.6795646461949057e-9	3.849993061745002e-6	1.1323518881228739e-8	1.011665763318551e-9	3.959839076828114e-5
242.0	2.2260962381809062e-8	1.6797142223759237e-9	3.849991661438442e-6	1.1326686682249614e-8	1.0117438711450015e-9	3.959839057479561e-5
243.0	2.2317680769755967e-8	1.6787490760619797e-9	3.849991144777917e-6	1.1326074094938012e-8	1.0122006597269646e-9	3.959839100288884e-5
244.0	2.232459303091065e-8	1.680377552799186e-9	3.849991483593467e-6	1.133105635912458e-8	1.0122796106548647e-9	3.959839066568654e-5
245.0	2.228808238286955e-8	1.6789478752092192e-9	3.849992484650826e-6	1.1330716458938117e-8	1.011976860283248e-9	3.9598391047838434e-5
246.0	2.2274838789771787e-8	1.679917289475623e-9	3.849992481806758e-6	1.1334896688509952e-8	1.0122949152694703e-9	3.9598390689275645e-5
247.0	2.232891701278248e-8	1.679913293470188e-9	3.849992254129068e-6	1.133285618285192e-8	1.0116568783288914e-9	3.959839103047072e-5
248.0	2.22927188259436e-8	1.6788983518206396e-9	3.849992486884227e-6	1.133629655860066e-8	1.0120331828343951e-9	3.959839081899973e-5
249.0	2.2260735896131978e-8	1.6799758603560464e-9	3.849991651127727e-6	1.1333036743220992e-8	1.0117791185191234e-9	3.95983909420092e-5
250.0	2.2301304592581242e-8	1.6810604108627102e-9	3.8499916007425874e-6	1.1333581840883734e-8	1.0119407728041065e-9	3.959839094871364e-5
251.0	2.2364083512346782e-8	1.6804073630967368e-9	3.849992269354683e-6	1.133007948692166e-8	1.0120688435046325e-9	3.9598390918865295e-5
252.0	2.2307413667300608e-8	1.680696161109783e-9	3.849992791075449e-6	1.1328633433752244e-8	1.0119205561837737e-9	3.9598391268498046e-5
253.0	2.2244337049239338e-8	1.6811994529387357e-9	3.849992223445124e-6	1.1327100376253863e-8	1.0119677308361148e-9	3.959839117192301e-5
254.0	2.2301614721806454e-8	1.680394067127956e-9	3.849991538172025e-6	1.1325645519527509e-8	1.0115268931912067e-9	3.959839156720163e-5
255.0	2.2417387315447447e-8	1.6820095951001453e-9	3.849992054480583e-6	1.1327107322939357e-8	1.0115268027470384e-9	3.959839135452615e-5
256.0	2.2363812638988295e-8	1.6818764992329537e-9	3.849992383268986e-6	1.132698720543292e-8	1.010927743000808e-9	3.959839176391037e-5
257.0	2.2251652668132678e-8	1.6808906641627635e-9	3.8499923706804415e-6	1.1330458290635902e-8	1.0110432277160954e-9	3.959839158970481e-5
258.0	2.2278820512605684e-8	1.6813340998852222e-9	3.849992012028792e-6	1.1331064926359533e-8	1.0107161615667157e-9	3.9598391932866034e-5
259.0	2.239247102325564e-8	1.6816237813084369e-9	3.849992639609661e-6	1.1334138660638121e-8	1.0109133295236516e-9	3.9598391887378515e-5
260.0	2.237889738667438e-8	1.6833027863404496e-9	3.849991871564397e-6	1.1333075389099391e-8	1.0109203123299312e-9	3.959839212097083e-5
261.0	2.229387158955465e-8	1.6807787457535234e-9	3.849992045746226e-6	1.133572994026266e-8	1.0106831512238326e-9	3.959839202808839e-5
262.0	2.226118542039207e-8	1.6830238951243707e-9	3.849992382482303e-6	1.133222252669495e-8	1.0109342375985822e-9	3.95983921656037e-5
263.0	2.2343672495381104e-8	1.683485574640415e-9	3.849992423359788e-6	1.133419642176751e-8	1.0106253935238314e-9	3.959839187358728e-5
264.0	2.236444964301307e-8	1.6845760888581394e-9	3.8499919985295705e-6	1.1329107070793446e-8	1.0110072199575431e-9	3.9598392063569635e-5
265.0	2.230945591935497e-8	1.6849848701716492e-9	3.849991838677014e-6	1.1329640738148006e-8	1.0108945363360436e-9	3.9598391582009496e-5
266.0	2.230879454346941e-8	1.6839852848521256e-9	3.849991958956554e-6	1.1326932638452423e-8	1.0114526828595983e-9	3.959839186993561e-5
267.0	2.2321778274410417e-8	1.6821043070067959e-9	3.849992365175655e-6	1.1326433279041243e-8	1.0114135418137215e-9	3.9598391380284683e-5
268.0	2.2333496613997304e-8	1.6814806260312966e-9	3.849992795426926e-6	1.1327463757152422e-8	1.0116755572441494e-9	3.959839161897496e-5
269.0	2.22998350033037e-8	1.6827913774957894e-9	3.849992022207659e-6	1.1328061024435567e-8	1.0117730336217416e-9	3.959839127937486e-5
270.0	2.2353170156511677e-8	1.6822626652092774e-9	3.849991798883354e-6	1.1330187257044196e-8	1.011621527266172e-9	3.9598391409979714e-5
271.0	2.2340641626736823e-8	1.6835362068543246e-9	3.849991414790829e-6	1.1331805470761446e-8	1.0120539429480994e-9	3.9598391138339954e-5
272.0	2.2333210794957292e-8	1.6839347567658596e-9	3.849991904370107e-6	1.1332531435894794e-8	1.0118836409615796e-9	3.959839128894814e-5
273.0	2.227291331439747e-8	1.6855248655366632e-9	3.849992283005659e-6	1.1332312775284913e-8	1.0123659619467695e-9	3.9598391104202155e-5
274.0	2.233846451742816e-8	1.6839438347917617e-9	3.849992650677589e-6	1.1332574677351264e-8	1.0121797382467466e-9	3.9598391202679154e-5
275.0	2.23823086117584e-8	1.6840748420911999e-9	3.849992533604886e-6	1.1329982956067087e-8	1.0121701359723832e-9	3.9598390900749516e-5
276.0	2.2364273248766773e-8	1.6846456048333572e-9	3.849992022699156e-6	1.1329947608093283e-8	1.012120783800999e-9	3.9598390795625016e-5
277.0	2.2301410071600268e-8	1.6825066020839136e-9	3.849991312497611e-6	1.1327007889416724e-8	1.0119173911542949e-9	3.9598390607335406e-5
278.0	2.2307030852426822e-8	1.6832566358689464e-9	3.84999114348469e-6	1.1326859488786527e-8	1.0120728096737655e-9	3.9598390486524676e-5
279.0	2.2345925846739867e-8	1.6849338677337565e-9	3.849992694169233e-6	1.1325547603681921e-8	1.0119825431293527e-9	3.959839047238186e-5
280.0	2.2387604825738285e-8	1.6845702470383764e-9	3.849992745240979e-6	1.1325473047274377e-8	1.0121605714609312e-9	3.9598390238802274e-5
281.0	2.2355266446341185e-8	1.6847124660490015e-9	3.8499922574967625e-6	1.1326654255342507e-8	1.0118256721440333e-9	3.9598390269645406e-5
282.0	2.2327712048941243e-8	1.6856282016165538e-9	3.849992159849233e-6	1.1327351213620037e-8	1.0117945273356039e-9	3.9598389946747204e-5
283.0	2.2326533866462092e-8	1.6853372970933926e-9	3.849991572885323e-6	1.1330167540701495e-8	1.0113369166698386e-9	3.9598390106074176e-5
284.0	2.233329013044977e-8	1.6850744485728754e-9	3.849991246883394e-6	1.1331448955612244e-8	1.0111467218999483e-9	3.959838987392209e-5
285.0	2.23983997646122e-8	1.6863821818150885e-9	3.849992003053934e-6	1.1333728896826851e-8	1.0109089051922107e-9	3.9598390086297387e-5
286.0	2.2358083913012523e-8	1.686105175106302e-9	3.849992922759977e-6	1.133370455157488e-8	1.0108253918467815e-9	3.959839005210879e-5
287.0	2.2329321921507913e-8	1.6858188997043612e-9	3.849992369214139e-6	1.1334679775005068e-8	1.0108890431194431e-9	3.95983902635463e-5
288.0	2.231789922677688e-8	1.6858617766844832e-9	3.849991912281869e-6	1.1332857884558772e-8	1.0109985464284865e-9	3.959839019377026e-5
289.0	2.235673734031266e-8	1.6870437018000237e-9	3.849991630221659e-6	1.1332257010629338e-8	1.0114360621198923e-9	3.959839031915118e-5
290.0	2.2390193996893622e-8	1.685648884356662e-9	3.849992027032093e-6	1.1330181908809609e-8	1.011523199364641e-9	3.959839034694502e-5
291.0	2.2328951621323008e-8	1.6869119026004667e-9	3.849992129787021e-6	1.1328794742858025e-8	1.0119036947323115e-9	3.9598390575866106e-5
292.0	2.2333340737766545e-8	1.6861307100389543e-9	3.849992219115431e-6	1.1326743608635291e-8	1.0117151191309095e-9	3.959839046881062e-5
293.0	2.2351436225368984e-8	1.687714309541995e-9	3.849992058372085e-6	1.1325688946347997e-8	1.011706605787693e-9	3.959839097538374e-5
294.0	2.2375138799244504e-8	1.6886821662184658e-9	3.84999204655116e-6	1.1324945795238335e-8	1.0114182746349456e-9	3.9598390674217446e-5
295.0	2.2323408149448063e-8	1.6882478918363699e-9	3.849991881698293e-6	1.1324980758116449e-8	1.0113674664602672e-9	3.9598391165490084e-5
296.0	2.2319568281498782e-8	1.6887702339017596e-9	3.849991899395694e-6	1.1326130823487326e-8	1.0115882437898827e-9	3.959839088138321e-5
297.0	2.2363493404444972e-8	1.688258214041205e-9	3.849992683435348e-6	1.1326160077720499e-8	1.0118471229415096e-9	3.9598391279473654e-5
298.0	2.2368553077888024e-8	1.6871389963641395e-9	3.84999237207221e-6	1.1329739714891593e-8	1.0124236834287864e-9	3.959839109821287e-5
299.0	2.231574668394079e-8	1.6864020154684705e-9	3.849991356705851e-6	1.132850441820706e-8	1.0124564282089197e-9	3.959839115481307e-5
300.0	2.231444397396272e-8	1.6867715463262606e-9	3.849991646105064e-6	1.1331090843100716e-8	1.012616430247825e-9	3.9598391197733904e-5
301.0	2.237416135399125e-8	1.6865685367167206e-9	3.8499919917987324e-6	1.1329477438307604e-8	1.0123989107049294e-9	3.9598391288206036e-5
302.0	2.2365969773772766e-8	1.6873172546587884e-9	3.8499923396950895e-6	1.1330005225451318e-8	1.0119515227171675e-9	3.959839152607661e-5
303.0	2.2305205771572813e-8	1.6877335108575409e-9	3.849992432730612e-6	1.1329878870264145e-8	1.0117223874077754e-9	3.959839149360139e-5
304.0	2.2313661046989158e-8	1.688717129046464e-9	3.849992158149671e-6	1.1330303714301093e-8	1.011185544186813e-9	3.959839183945617e-5
305.0	2.240307549814518e-8	1.6901619099751301e-9	3.849992592797556e-6	1.1329762180065587e-8	1.011167825472754e-9	3.959839174736779e-5
306.0	2.2373327105812285e-8	1.6896581223826229e-9	3.849991922311329e-6	1.1332197856033682e-8	1.0109049474893085e-9	3.959839204638816e-5
307.0	2.227776442204964e-8	1.6900336999437227e-9	3.84999175784503e-6	1.1330070533290882e-8	1.0110184769264013e-9	3.959839186443306e-5
308.0	2.2305266949812844e-8	1.6899900256316954e-9	3.849992404262949e-6	1.1332274926030348e-8	1.011087742732485e-9	3.9598392080617386e-5
309.0	2.239993008163056e-8	1.6895630206642884e-9	3.849992802043398e-6	1.1330508119803405e-8	1.0113013568340566e-9	3.959839207557825e-5
310.0	2.2423998602139207e-8	1.6894159655986714e-9	3.849992086571253e-6	1.1329878499403201e-8	1.0113531392307249e-9	3.9598392025185984e-5
311.0	2.2303761368770295e-8	1.68993331096462e-9	3.849992168033256e-6	1.1330599757401453e-8	1.0110450277157444e-9	3.9598392139293174e-5
312.0	2.2270533695422058e-8	1.6883403081719775e-9	3.84999266541989e-6	1.1327854386160122e-8	1.0109770373588086e-9	3.95983918414454e-5
313.0	2.2380531917984635e-8	1.6887894559831102e-9	3.849992608867241e-6	1.1328524207757878e-8	1.0105091268676018e-9	3.959839199218535e-5
314.0	2.2403281242828728e-8	1.6902609702305426e-9	3.849991817050243e-6	1.132598964085778e-8	1.010694875168331e-9	3.9598391771319524e-5
315.0	2.2337295322904294e-8	1.69007660684437e-9	3.849992058655406e-6	1.1326223744421806e-8	1.0105355200649759e-9	3.9598391911916314e-5
316.0	2.2293558751013493e-8	1.6908395518262e-9	3.849992406995123e-6	1.1326891942839318e-8	1.01120580622607e-9	3.959839191447535e-5
317.0	2.234481866210523e-8	1.6905269772493607e-9	3.8499917769435526e-6	1.1328643939811686e-8	1.011487330483292e-9	3.9598391960540376e-5
318.0	2.2369802809790928e-8	1.6908398261310114e-9	3.8499924000457575e-6	1.133057824065442e-8	1.0118043676849984e-9	3.959839203019968e-5
319.0	2.231283474730574e-8	1.6908414344409593e-9	3.849992520091386e-6	1.1334285883139727e-8	1.0121464202721239e-9	3.95983919408047e-5
320.0	2.232518518650117e-8	1.6904080010893852e-9	3.849992413159247e-6	1.1333004681061592e-8	1.0118725724451682e-9	3.9598391860582505e-5
321.0	2.2388265007824394e-8	1.6905697413701068e-9	3.849991953438223e-6	1.133561790627571e-8	1.0122405577332646e-9	3.959839182850591e-5
322.0	2.235914154273303e-8	1.6893257759526235e-9	3.849991762254497e-6	1.133199350560732e-8	1.0119000368210923e-9	3.959839149476548e-5
323.0	2.2305334310279436e-8	1.6902897480361869e-9	3.849991848946501e-6	1.1331717212899443e-8	1.0122682628290495e-9	3.9598391489625856e-5
324.0	2.2297952753717104e-8	1.6918960609252637e-9	3.849991997398806e-6	1.1329849646909672e-8	1.012383596975466e-9	3.959839118783401e-5
325.0	2.2419208456398204e-8	1.691062712938719e-9	3.8499926191452365e-6	1.1327737399919012e-8	1.012316524237569e-9	3.959839094392714e-5
326.0	2.2408080758114665e-8	1.6925893965354602e-9	3.849992448018637e-6	1.1326118010789323e-8	1.012714738465662e-9	3.9598390896203104e-5
327.0	2.232019136949737e-8	1.6910812592787222e-9	3.849992169948816e-6	1.1324328799465742e-8	1.0121597929469619e-9	3.9598390413777834e-5
328.0	2.230578544898707e-8	1.6911355266101298e-9	3.849991581982483e-6	1.1323307813070882e-8	1.0124803032123384e-9	3.959839062339164e-5
329.0	2.235064096901991e-8	1.6926752326406368e-9	3.84999159773525e-6	1.1324935188199608e-8	1.011975964737461e-9	3.959839026545892e-5
330.0	2.243979345925333e-8	1.692095761617492e-9	3.849991611099235e-6	1.1325488430829186e-8	1.0122076133096918e-9	3.9598390520652534e-5
331.0	2.235808584574896e-8	1.6916620187529502e-9	3.849992459756623e-6	1.1329390604721835e-8	1.0121567534334935e-9	3.95983904178371e-5
332.0	2.23243057904973e-8	1.6913503141035724e-9	3.84999286084627e-6	1.1332541661826965e-8	1.0118178696700351e-9	3.9598390430037864e-5
333.0	2.2344052756206112e-8	1.6913142703286232e-9	3.849992650089164e-6	1.1333308383898437e-8	1.0120778933304008e-9	3.959839044151223e-5
334.0	2.2389327804935656e-8	1.6920392073626757e-9	3.849991765105432e-6	1.1335877537180154e-8	1.0116283305237244e-9	3.959839034532035e-5
335.0	2.238498332211887e-8	1.6930985670729287e-9	3.849991724653054e-6	1.1334143275669791e-8	1.0118961044350674e-9	3.9598390330787375e-5
336.0	2.2340126541014565e-8	1.6934776618503738e-9	3.8499917921845815e-6	1.1334416205198485e-8	1.0116593420248297e-9	3.9598390350415724e-5
337.0	2.2348805195334792e-8	1.694655578942873e-9	3.8499918899958805e-6	1.1332630668208479e-8	1.0117108947611631e-9	3.9598390270795264e-5
338.0	2.2377416613676796e-8	1.6948331097262343e-9	3.8499925797604525e-6	1.1330394440520954e-8	1.0120020719526096e-9	3.9598390522372174e-5
339.0	2.2393284237822938e-8	1.6936358476819495e-9	3.849993013034849e-6	1.132860490359774e-8	1.0116942127110652e-9	3.959839040904885e-5
340.0	2.2346864985715615e-8	1.692679250265088e-9	3.849992100971086e-6	1.132638011009492e-8	1.0121294607161976e-9	3.9598390815049454e-5
341.0	2.2326219000679315e-8	1.6928300341153044e-9	3.849991539957349e-6	1.1324798409119556e-8	1.0117127337097952e-9	3.9598390780578526e-5
342.0	2.2377098797034803e-8	1.6916193716981206e-9	3.849991876943722e-6	1.1325949580854728e-8	1.011879582460464e-9	3.959839103287571e-5
343.0	2.2389241808605445e-8	1.691937292822888e-9	3.849991720933513e-6	1.1325313070858367e-8	1.0115270941035746e-9	3.9598391067035426e-5
344.0	2.2374658561137434e-8	1.6943519615716844e-9	3.84999199876534e-6	1.1329177599554906e-8	1.0113649679151443e-9	3.959839101324675e-5
345.0	2.2325521807856896e-8	1.6943358383918888e-9	3.849992715434985e-6	1.1329995497109942e-8	1.0116653325133692e-9	3.959839130167503e-5
346.0	2.2346573451955348e-8	1.6933889436028258e-9	3.849992416774847e-6	1.1331944099230403e-8	1.0114350096182012e-9	3.959839099803438e-5
347.0	2.2383540051049424e-8	1.6947959351125238e-9	3.8499916114564285e-6	1.1333351460891355e-8	1.0120095063061586e-9	3.959839153702681e-5
348.0	2.2347513806229778e-8	1.6949226563948462e-9	3.849991733852628e-6	1.1333438320881366e-8	1.0116712074040313e-9	3.9598391103985436e-5
349.0	2.2350826876344347e-8	1.6937485904197594e-9	3.84999221128369e-6	1.1333010839352758e-8	1.011846878821449e-9	3.9598391703373346e-5
350.0	2.2369530371404294e-8	1.695500614277981e-9	3.8499919672497245e-6	1.1332463902489027e-8	1.0116045061519865e-9	3.959839150442281e-5
351.0	2.238894161601989e-8	1.6949598081575173e-9	3.849992564696794e-6	1.1330382445859005e-8	1.011399181513441e-9	3.9598391793416425e-5
352.0	2.2326388333388163e-8	1.6959838512314016e-9	3.849992414342072e-6	1.1330342827519356e-8	1.011734719987627e-9	3.959839191229434e-5
353.0	2.2326944537500917e-8	1.6946425231345537e-9	3.849991897323573e-6	1.1327822888483436e-8	1.0114680049755727e-9	3.9598391844367855e-5
354.0	2.2380766993577233e-8	1.6955746569488439e-9	3.8499915042403355e-6	1.1328852227291141e-8	1.012013951382247e-9	3.959839211340004e-5
355.0	2.2439561367383944e-8	1.695439660054691e-9	3.849992515464634e-6	1.1328436067356188e-8	1.011920689160615e-9	3.9598391895442295e-5
356.0	2.2364566518951083e-8	1.694866420250076e-9	3.849992106706367e-6	1.132906710164084e-8	1.0120996576285379e-9	3.959839200644862e-5
357.0	2.2291034488115754e-8	1.6961499208417593e-9	3.849992028012859e-6	1.1330417349694732e-8	1.0121920911505433e-9	3.9598391813110686e-5
358.0	2.2348771928603706e-8	1.6955952290900565e-9	3.84999240425689e-6	1.1330328558415372e-8	1.0119555815463598e-9	3.959839186578507e-5
359.0	2.2424229495432985e-8	1.69825448982935e-9	3.8499919309181944e-6	1.1330731644098154e-8	1.0123726994745262e-9	3.959839192622119e-5
360.0	2.2428689747149924e-8	1.6965930663910332e-9	3.8499918654866094e-6	1.133037580104558e-8	1.011970614509601e-9	3.959839195286058e-5
361.0	2.2332856254897148e-8	1.6979593106298213e-9	3.849991849330364e-6	1.1329628328139629e-8	1.0121655229810548e-9	3.959839216462105e-5
362.0	2.2313208210461204e-8	1.6972007460476772e-9	3.849991896439228e-6	1.1328900060561495e-8	1.0120851368647653e-9	3.959839217181481e-5
363.0	2.2374328511433548e-8	1.696646892439563e-9	3.849991957963359e-6	1.1327740001615583e-8	1.01195913417825e-9	3.959839235212816e-5
364.0	2.238712247719166e-8	1.6974585067141158e-9	3.849991903554019e-6	1.1326168946921348e-8	1.0122019685245846e-9	3.959839252088519e-5
365.0	2.2409454690920852e-8	1.6982768115109822e-9	3.8499921717879575e-6	1.1326631787638156e-8	1.0118365210010839e-9	3.9598392435823586e-5
366.0	2.235397143302791e-8	1.6993038817590993e-9	3.849992037131071e-6	1.1325251673357482e-8	1.0123163764698013e-9	3.9598392575042037e-5
367.0	2.2341300916769743e-8	1.6983167035296107e-9	3.849991996934403e-6	1.1329072992217235e-8	1.011935973679236e-9	3.9598392138295484e-5
368.0	2.2342017702702558e-8	1.6986400840505033e-9	3.849991494931161e-6	1.1328440712056024e-8	1.0120334165315533e-9	3.959839204582543e-5
369.0	2.235446275705152e-8	1.6988786157916048e-9	3.849991812972551e-6	1.1332453733861857e-8	1.0120135231249606e-9	3.959839167374957e-5
370.0	2.24030914201437e-8	1.6982904583962491e-9	3.849992192618943e-6	1.1333164085076142e-8	1.0115443157405379e-9	3.959839144408187e-5
371.0	2.238715983505555e-8	1.6993420925221515e-9	3.849991869828996e-6	1.1335066746419186e-8	1.0118867849019635e-9	3.9598391341456124e-5
372.0	2.2343234062659417e-8	1.6984947291304528e-9	3.849992538700283e-6	1.1335558426163173e-8	1.0111892116701805e-9	3.959839101483686e-5
373.0	2.232130360919516e-8	1.6997206598342082e-9	3.849992515140905e-6	1.1336178460708667e-8	1.011852690067378e-9	3.959839124449873e-5
374.0	2.2362626573168574e-8	1.7006387603797058e-9	3.8499916367981474e-6	1.1335083495010351e-8	1.0116483614223119e-9	3.9598390980995046e-5
375.0	2.2395905225170878e-8	1.7009825800373863e-9	3.849991446461872e-6	1.1334425641144416e-8	1.012042835147756e-9	3.959839134281222e-5
376.0	2.2395794979616035e-8	1.7025606100943968e-9	3.8499924517513456e-6	1.1330816432852122e-8	1.0122953140328077e-9	3.959839121430523e-5
377.0	2.2351184049881286e-8	1.7002763670243058e-9	3.849992181409449e-6	1.1328660756531054e-8	1.0119382640484782e-9	3.959839137184304e-5
378.0	2.236034463057337e-8	1.7002455890738098e-9	3.849991951462885e-6	1.1326059323090511e-8	1.0123136046531402e-9	3.959839122685026e-5
379.0	2.2357860287882566e-8	1.699568494566497e-9	3.849992710249404e-6	1.1323246666943165e-8	1.0114062091250472e-9	3.9598391133691126e-5
380.0	2.240639152246337e-8	1.6991553629369783e-9	3.849992234623785e-6	1.1324593135980944e-8	1.0119706928387182e-9	3.9598391002746595e-5
381.0	2.2414093402956322e-8	1.6992439987866316e-9	3.849991550609567e-6	1.1323514631034862e-8	1.0115291290760944e-9	3.959839093246895e-5
382.0	2.2376035315537097e-8	1.7000095611284418e-9	3.849991876974017e-6	1.1327008147880348e-8	1.012017240004272e-9	3.959839088254985e-5
383.0	2.236158637361944e-8	1.7023779106473148e-9	3.849992403673434e-6	1.1328402045894692e-8	1.0120513161592709e-9	3.95983907512954e-5
384.0	2.2354586509273346e-8	1.7031178955710553e-9	3.8499919876088e-6	1.1331891435958933e-8	1.011929531569022e-9	3.95983905868388e-5
385.0	2.2418413664148213e-8	1.702172175879402e-9	3.8499920598458866e-6	1.1333236889780659e-8	1.0123330411854599e-9	3.959839050858938e-5
386.0	2.239463311977392e-8	1.7038343178200227e-9	3.849992171632747e-6	1.1335746694411354e-8	1.0118562239941658e-9	3.959839039581755e-5
387.0	2.2375430435265388e-8	1.7022231488144077e-9	3.849992549184925e-6	1.1335134054499943e-8	1.0123819084573528e-9	3.9598390281751615e-5
388.0	2.236108615984111e-8	1.6994673880116322e-9	3.8499919707557e-6	1.1336840084462184e-8	1.0119393325367355e-9	3.95983904154797e-5
389.0	2.237797929246075e-8	1.7010431844898448e-9	3.849992115695367e-6	1.133324992368247e-8	1.0121464983849542e-9	3.9598390211454616e-5
390.0	2.2411991701414255e-8	1.7021816574912797e-9	3.849992277726798e-6	1.1333550573735426e-8	1.0119767548166664e-9	3.9598390509324675e-5
391.0	2.2366096279819482e-8	1.7029642641944464e-9	3.8499919942501e-6	1.1331607870054385e-8	1.011870381643953e-9	3.959839033288259e-5
392.0	2.2372017130038386e-8	1.7045093047800782e-9	3.849991776167733e-6	1.1329843513437337e-8	1.0121952945087748e-9	3.959839056041161e-5
393.0	2.2376792773647646e-8	1.7062487087395788e-9	3.849992214701434e-6	1.1329763354371254e-8	1.0120641329059208e-9	3.9598390586348417e-5
394.0	2.238699403657008e-8	1.70398822669961e-9	3.8499924635825984e-6	1.1328227131315554e-8	1.0125766880305857e-9	3.9598390492762464e-5
395.0	2.23978234203873e-8	1.7031691584912687e-9	3.849991812961969e-6	1.1327430678698947e-8	1.0124048233462021e-9	3.959839079677845e-5
396.0	2.235208322729657e-8	1.7028597909244318e-9	3.849991741050917e-6	1.1327708279989366e-8	1.0125271012303087e-9	3.9598390427501014e-5
397.0	2.2388678981671398e-8	1.7019551806672043e-9	3.849992098831625e-6	1.1327648259753947e-8	1.0124702990475237e-9	3.959839112784049e-5
398.0	2.238920893451035e-8	1.7017586973969314e-9	3.84999241726163e-6	1.1328580226723139e-8	1.0122212149051674e-9	3.9598390753189255e-5
399.0	2.2402845034937762e-8	1.7040463348455849e-9	3.8499920416451035e-6	1.1329655706592215e-8	1.012260617083436e-9	3.959839144917607e-5
400.0	2.2372437946937433e-8	1.706348995403685e-9	3.849992041483507e-6	1.13294849067593e-8	1.0121584926605229e-9	3.959839127266241e-5
401.0	2.2369849218692895e-8	1.706750056697708e-9	3.849991753404534e-6	1.1331599096829056e-8	1.0122824893539644e-9	3.95983914879854e-5
402.0	2.2380096993590413e-8	1.7066582811237782e-9	3.849991449894792e-6	1.1329975181549113e-8	1.0124066333381607e-9	3.959839149893049e-5
403.0	2.238995434515038e-8	1.7078107408392836e-9	3.84999214311593e-6	1.1331700854730972e-8	1.0124890268482244e-9	3.959839128269261e-5
404.0	2.2372689748257905e-8	1.7045450372081555e-9	3.8499922169600645e-6	1.1333181696785867e-8	1.012484525819464e-9	3.959839149479248e-5
405.0	2.2397812494412697e-8	1.7053503936853767e-9	3.849993000980895e-6	1.1332512200942339e-8	1.012390073147233e-9	3.959839125866448e-5
406.0	2.238201167206704e-8	1.7053761821645945e-9	3.849992428725842e-6	1.1335068258793916e-8	1.0123023431382118e-9	3.9598391589681806e-5
407.0	2.238557674347404e-8	1.703231104125354e-9	3.84999127041159e-6	1.1333288614616623e-8	1.0122384165174135e-9	3.95983914262454e-5
408.0	2.2363106259502173e-8	1.7065662028645685e-9	3.849991167229619e-6	1.1332717984794391e-8	1.0120357131183965e-9	3.959839170868052e-5
409.0	2.2406206927620398e-8	1.7065068104051706e-9	3.849992286252853e-6	1.1331835688849656e-8	1.0121987627831552e-9	3.959839173305585e-5
410.0	2.2409974611334825e-8	1.7071786607689445e-9	3.849991990248016e-6	1.1329606401294041e-8	1.0118839356149896e-9	3.959839186053221e-5
411.0	2.2387928856547478e-8	1.706924371401142e-9	3.849992115699973e-6	1.1329566222478592e-8	1.0119793718249703e-9	3.959839196647097e-5
412.0	2.2369125760795623e-8	1.7069201219075751e-9	3.849992757964416e-6	1.13286306051679e-8	1.0118745634170653e-9	3.959839188507516e-5
413.0	2.2365553334948574e-8	1.708383198384385e-9	3.849991907126166e-6	1.1327794997869679e-8	1.0118429984867312e-9	3.959839189251795e-5
414.0	2.2419380572233432e-8	1.7056305985919467e-9	3.849991537932685e-6	1.1329150966034848e-8	1.0120946962847497e-9	3.95983918167373e-5
415.0	2.2403595786825197e-8	1.706622422618507e-9	3.849991689656252e-6	1.1328409851612651e-8	1.0121427623995832e-9	3.959839176383035e-5
416.0	2.238749413186484e-8	1.7073851502911888e-9	3.849992551214615e-6	1.1329837572294898e-8	1.0125028677167879e-9	3.959839169250434e-5
417.0	2.2358548868515556e-8	1.706200632512016e-9	3.8499921324760505e-6	1.1332813748029572e-8	1.0124475312702648e-9	3.959839164000805e-5
418.0	2.237344605040698e-8	1.7091472841003017e-9	3.849991474560429e-6	1.1332035591560857e-8	1.0126131445122506e-9	3.959839149325906e-5
419.0	2.2407513088448806e-8	1.7072944006614527e-9	3.849991427676516e-6	1.1335872501215504e-8	1.0126363936833962e-9	3.959839149477174e-5
420.0	2.2407240327058655e-8	1.7096377713565744e-9	3.849991917293602e-6	1.1333529119329541e-8	1.0122410720104915e-9	3.9598391306286516e-5
421.0	2.2379567090317512e-8	1.7086512750404947e-9	3.8499924938450096e-6	1.133440213535228e-8	1.0126895095174667e-9	3.959839140451467e-5
422.0	2.238156538084244e-8	1.7075710368623369e-9	3.849992267767821e-6	1.133165356021477e-8	1.012106368608543e-9	3.959839118208897e-5
423.0	2.2386793398678818e-8	1.707732369086036e-9	3.849991956020956e-6	1.1329617232287981e-8	1.0126178438517734e-9	3.959839118597235e-5
424.0	2.242507785092624e-8	1.708009234368433e-9	3.84999162258499e-6	1.1327514586425886e-8	1.0122892930530705e-9	3.959839104739342e-5
425.0	2.2402489423425803e-8	1.708754820265778e-9	3.849990718917717e-6	1.1326281814257855e-8	1.012481819702437e-9	3.9598390986837486e-5
426.0	2.2381447202526558e-8	1.7092814426844535e-9	3.849991462285383e-6	1.1324732014344569e-8	1.0127574927667855e-9	3.959839087622626e-5
427.0	2.238885808805555e-8	1.7106049129499875e-9	3.84999268425771e-6	1.1326004929413882e-8	1.0123612272814716e-9	3.9598390771050165e-5
428.0	2.239717082410187e-8	1.7122228776489423e-9	3.849992574022263e-6	1.1326021984283871e-8	1.0131311225573536e-9	3.9598390828147856e-5
429.0	2.2389127928980096e-8	1.7117452700475499e-9	3.8499916582477355e-6	1.1327797004592635e-8	1.0122300440460389e-9	3.9598390608208575e-5
430.0	2.239657324133955e-8	1.7099395526406304e-9	3.849991441406949e-6	1.1330589169027526e-8	1.0128340259795489e-9	3.959839087523193e-5
431.0	2.2406640197822313e-8	1.7100576083409485e-9	3.849991044985509e-6	1.1331180035918161e-8	1.011970005373504e-9	3.959839035377782e-5
432.0	2.2391256011285438e-8	1.7088627163198062e-9	3.849991590563939e-6	1.1335619599818658e-8	1.0121215737972861e-9	3.9598390656514864e-5
433.0	2.2390896499681883e-8	1.7084675742278212e-9	3.849992140116535e-6	1.1335519495422919e-8	1.0120298416894878e-9	3.959838995067647e-5
434.0	2.237256590048562e-8	1.7103278737985975e-9	3.84999216416974e-6	1.133787980312941e-8	1.0117641491784609e-9	3.959839024041004e-5
435.0	2.244983130736206e-8	1.7111871178081448e-9	3.849991483057523e-6	1.1336068564876866e-8	1.0127340880739936e-9	3.959838971400633e-5
436.0	2.239955925125986e-8	1.7121264955833989e-9	3.84999131797814e-6	1.1335163185592905e-8	1.0120723247106333e-9	3.9598390012505665e-5
437.0	2.2373579124536254e-8	1.7124862745154554e-9	3.849991522056224e-6	1.1331767271483379e-8	1.0131129906618184e-9	3.959838979007031e-5
438.0	2.2384552424239285e-8	1.7129915376665464e-9	3.849991932670739e-6	1.133059109753105e-8	1.012174105057584e-9	3.9598389930388484e-5
439.0	2.242685890090333e-8	1.7116497778748827e-9	3.84999190643686e-6	1.1327350268465994e-8	1.0126466069046651e-9	3.9598389884750125e-5
440.0	2.245367008652557e-8	1.710949980636071e-9	3.849992413298212e-6	1.132697601407035e-8	1.0122725163622145e-9	3.959839004072352e-5
441.0	2.236272864875338e-8	1.7117327596136931e-9	3.849991053929938e-6	1.1325652702477805e-8	1.0121277146236431e-9	3.9598390323981316e-5
442.0	2.2384900587737815e-8	1.7098226333228506e-9	3.849990810433646e-6	1.1325664965181087e-8	1.0126560315574702e-9	3.9598390437210296e-5
443.0	2.2422271316137092e-8	1.712494021466076e-9	3.849991947007774e-6	1.1326750520556574e-8	1.011791031862522e-9	3.959839073076425e-5
444.0	2.2437808173757275e-8	1.712405619235705e-9	3.8499924226177625e-6	1.1327103585622434e-8	1.0128495066278402e-9	3.959839066774081e-5
445.0	2.2393340942373894e-8	1.7133602425480726e-9	3.849992191619213e-6	1.1330260357048491e-8	1.0119922717147098e-9	3.9598390983583254e-5
446.0	2.237230404749681e-8	1.7133194545810857e-9	3.849992216022526e-6	1.1330741652972341e-8	1.0128655629924465e-9	3.959839068503553e-5
447.0	2.2410661258486542e-8	1.7124405623665777e-9	3.849991381011023e-6	1.1334134606724605e-8	1.0125609314864835e-9	3.959839098236015e-5
448.0	2.2413717929587608e-8	1.7122362344058146e-9	3.849990958591057e-6	1.133342243490213e-8	1.012775531275544e-9	3.9598390508646215e-5
449.0	2.238338990049097e-8	1.7122940017643416e-9	3.849991326132869e-6	1.1334716216536326e-8	1.0129701194934176e-9	3.95983908630861e-5
450.0	2.241890125162343e-8	1.712173694287251e-9	3.849992357709437e-6	1.1333093246973916e-8	1.0126630718105043e-9	3.959839057295846e-5
451.0	2.2408106478981986e-8	1.7107877547732802e-9	3.849992707862521e-6	1.1333165324082688e-8	1.0131864096043182e-9	3.959839074195828e-5
452.0	2.239122890011645e-8	1.7120375231524343e-9	3.849992030919994e-6	1.133190098685456e-8	1.0125897111112895e-9	3.9598390788097875e-5
453.0	2.2375478692127427e-8	1.7121459826212905e-9	3.849991083038039e-6	1.1331700245942278e-8	1.013172786875027e-9	3.95983906893502e-5
454.0	2.2409108984714487e-8	1.7121264040001162e-9	3.849991103241669e-6	1.1330742467743696e-8	1.0127022749425092e-9	3.959839100521894e-5
455.0	2.2464582085650505e-8	1.7141276433162262e-9	3.849991325957249e-6	1.1330621658750337e-8	1.0128834332338718e-9	3.959839070135107e-5
456.0	2.239911125787715e-8	1.7124792102913668e-9	3.849991396118433e-6	1.132965663765761e-8	1.0128558928744252e-9	3.959839109259658e-5
457.0	2.235883604640936e-8	1.7130414144286962e-9	3.849992585494198e-6	1.1329078036385133e-8	1.0126497531390865e-9	3.959839098832612e-5
458.0	2.240381749320456e-8	1.7129068960260615e-9	3.849992397168956e-6	1.1329627181070911e-8	1.0129024799758759e-9	3.959839120927643e-5
459.0	2.244201769785664e-8	1.7127557806491641e-9	3.849991468625137e-6	1.1328737940626384e-8	1.0125838819430487e-9	3.9598391452246685e-5
460.0	2.2444259647627957e-8	1.713146787610694e-9	3.849991043893606e-6	1.1330767083081633e-8	1.012811379562782e-9	3.959839138554635e-5
461.0	2.2385176202688514e-8	1.7127774387045753e-9	3.849991686611792e-6	1.1329148266356752e-8	1.0126138348100629e-9	3.9598391929631134e-5
462.0	2.2384538427334868e-8	1.7136683487070857e-9	3.849991474339888e-6	1.13315966524114e-8	1.0124910919408045e-9	3.959839159215607e-5
463.0	2.241449404952087e-8	1.7131544281386886e-9	3.849991866392876e-6	1.1329773053009157e-8	1.0123943243525868e-9	3.9598392184542765e-5
464.0	2.2412561678780125e-8	1.714605750753507e-9	3.8499923614298685e-6	1.1331546607229702e-8	1.0122635980449118e-9	3.959839160553046e-5
465.0	2.2443752492245534e-8	1.714878942906345e-9	3.849992126404782e-6	1.1331723300455202e-8	1.012247475210488e-9	3.959839202213799e-5
466.0	2.2408107247131357e-8	1.7145360929606975e-9	3.849991409766397e-6	1.1332374983845476e-8	1.0122645803469633e-9	3.959839143349982e-5
467.0	2.2392521564877928e-8	1.7152122023619942e-9	3.849991361960681e-6	1.1332478903915247e-8	1.0123185707008237e-9	3.959839153129691e-5
468.0	2.2379121964956067e-8	1.7150733442877967e-9	3.849991674378527e-6	1.133360689038801e-8	1.0124839258823379e-9	3.9598391282815606e-5
469.0	2.2402456192307466e-8	1.7147929818932527e-9	3.8499918011709395e-6	1.1331813430804079e-8	1.0123574717982608e-9	3.9598391038978104e-5
470.0	2.2465760537684306e-8	1.7155866438085569e-9	3.849992144688033e-6	1.1332259872397759e-8	1.012384307072051e-9	3.9598391337420466e-5
471.0	2.242135501960876e-8	1.714514939230268e-9	3.849991880004772e-6	1.1330675748307654e-8	1.0122573448379434e-9	3.95983910929036e-5
472.0	2.2382662150130675e-8	1.7143284923338255e-9	3.849991421020312e-6	1.1329997482664133e-8	1.0121886343254533e-9	3.9598391528905105e-5
473.0	2.240751825923688e-8	1.7147527539788884e-9	3.8499909599599224e-6	1.1331235249542174e-8	1.012401141658215e-9	3.959839143926155e-5
474.0	2.2397708371821887e-8	1.715831104593652e-9	3.8499910530100086e-6	1.1328249039597542e-8	1.0121501478133054e-9	3.959839139000889e-5
475.0	2.2457059650357703e-8	1.7158151690596133e-9	3.849992351103775e-6	1.133073639262731e-8	1.012723787763493e-9	3.95983914227501e-5
476.0	2.240315185185418e-8	1.7168831906851404e-9	3.849992396412183e-6	1.1328173082305313e-8	1.0124817557789565e-9	3.959839098673852e-5
477.0	2.240194488019893e-8	1.716294032004777e-9	3.8499917395109415e-6	1.1329692817670106e-8	1.0127826928746144e-9	3.959839109322694e-5
478.0	2.2403984398855045e-8	1.715557893792156e-9	3.849991294616477e-6	1.1330495103915008e-8	1.012843141364598e-9	3.9598390753746433e-5
479.0	2.2379684437646132e-8	1.7151087148655602e-9	3.849990819111294e-6	1.1331171783848795e-8	1.0125096254635941e-9	3.9598390773876924e-5
480.0	2.243015682011868e-8	1.7155545563844645e-9	3.849990982279747e-6	1.1331880058848633e-8	1.0127141212887044e-9	3.959839056749075e-5
481.0	2.2430698351717515e-8	1.7139945185255812e-9	3.849991873895472e-6	1.1332993534865652e-8	1.0119997278374284e-9	3.959839038324536e-5
482.0	2.2412090919353316e-8	1.7144295978300717e-9	3.849992930319398e-6	1.1331092433429125e-8	1.0125022558788165e-9	3.9598390291112474e-5
483.0	2.2402447297607396e-8	1.716046703995885e-9	3.849991552073606e-6	1.1332355953752697e-8	1.0120989776303247e-9	3.959839002580513e-5
484.0	2.2397464825718218e-8	1.715536577291798e-9	3.849991397687606e-6	1.1330847497667251e-8	1.0124193586756075e-9	3.9598390134016695e-5
485.0	2.243722336589054e-8	1.7169895798849494e-9	3.849991467202536e-6	1.133088793457266e-8	1.012665319505729e-9	3.9598390001241326e-5
486.0	2.2447719560184393e-8	1.716660568064397e-9	3.849990646910669e-6	1.1331464226993075e-8	1.012411727704087e-9	3.959839028000488e-5
487.0	2.2387565125374156e-8	1.716191675676404e-9	3.849991622131164e-6	1.1328568900240576e-8	1.012918054295234e-9	3.959839022899079e-5
488.0	2.241784557693506e-8	1.7158369875632928e-9	3.849992054792871e-6	1.1330028715518966e-8	1.012196388119571e-9	3.9598390385023735e-5
489.0	2.2438479449626492e-8	1.7161808077074649e-9	3.8499916905907366e-6	1.1327672169234017e-8	1.0128373341381248e-9	3.959839036338885e-5
490.0	2.2434603929803688e-8	1.7169140764980606e-9	3.849990966564262e-6	1.1328969858816789e-8	1.0123087957610722e-9	3.9598390362517575e-5
491.0	2.2412211239449405e-8	1.7161937320921692e-9	3.849992075146897e-6	1.1329579105896083e-8	1.0127525323117903e-9	3.959839015886333e-5
492.0	2.2374834089473765e-8	1.7177876687990887e-9	3.849991652923272e-6	1.1330846562888724e-8	1.0128329465388211e-9	3.959839007092932e-5
493.0	2.2431395838393748e-8	1.717541049599361e-9	3.8499911899957996e-6	1.133097704017388e-8	1.0127973310890775e-9	3.959838989213205e-5
494.0	2.2445684918225725e-8	1.7173249965378465e-9	3.849991689478763e-6	1.1332927113279858e-8	1.0130639470192388e-9	3.959838979304542e-5
495.0	2.2394386992997082e-8	1.7182427476019318e-9	3.849991607179804e-6	1.1331720784712869e-8	1.012498280173717e-9	3.9598390001137724e-5
496.0	2.238915972350033e-8	1.7169801226961527e-9	3.849991268312672e-6	1.133379933325408e-8	1.0129276081889148e-9	3.9598389986703734e-5
497.0	2.240164784540074e-8	1.7177392436557649e-9	3.849991193316704e-6	1.1332870557630025e-8	1.0123389443822793e-9	3.9598390521457534e-5
498.0	2.2423151202209833e-8	1.7171500438240572e-9	3.849992361866222e-6	1.1333616327942265e-8	1.0129265939801814e-9	3.9598390521861555e-5
499.0	2.2425684358824266e-8	1.7188435044434289e-9	3.84999162503034e-6	1.133301536831576e-8	1.0127355991482228e-9	3.959839090763864e-5
500.0	2.2380629860131843e-8	1.7176116684701624e-9	3.849991819934923e-6	1.133078676101557e-8	1.0131038912389374e-9	3.959839095072848e-5
501.0	2.2410620374896706e-8	1.7180123209029044e-9	3.849991586718137e-6	1.1330175927344187e-8	1.0134606861774283e-9	3.9598391105803094e-5
502.0	2.241778337078271e-8	1.7186292307298779e-9	3.849991837305841e-6	1.1328258146565367e-8	1.0131076576340175e-9	3.9598391144830713e-5
503.0	2.2397254829367926e-8	1.7185294739425399e-9	3.849991125507367e-6	1.1327241218848447e-8	1.0136148000441723e-9	3.959839114350295e-5
504.0	2.2402146629707763e-8	1.7182120966088995e-9	3.84999094868573e-6	1.132767216893593e-8	1.0128249216172533e-9	3.9598391305273065e-5
505.0	2.24384363112971e-8	1.7190916165422257e-9	3.849991665278907e-6	1.1326823897471431e-8	1.0130434571592413e-9	3.959839128466039e-5
506.0	2.2423603719787527e-8	1.7188830123897317e-9	3.849991854707171e-6	1.132724218282349e-8	1.0122988326458754e-9	3.959839148892531e-5
507.0	2.2404936609039245e-8	1.7180281353625392e-9	3.849991426546652e-6	1.1328138372026431e-8	1.012336700999148e-9	3.959839131860168e-5
508.0	2.2379595400808476e-8	1.7195806622632803e-9	3.8499916330827695e-6	1.1328780502317068e-8	1.0119720747514444e-9	3.959839144502822e-5
509.0	2.243832820246581e-8	1.7203515857068621e-9	3.849991901278915e-6	1.1331175137924559e-8	1.0119921961811303e-9	3.959839126724143e-5
510.0	2.2464218568763842e-8	1.7186717333192083e-9	3.849991171951781e-6	1.1333587073134558e-8	1.0122576641787309e-9	3.9598391262979836e-5
511.0	2.240783296825152e-8	1.7185687374782946e-9	3.849990943683443e-6	1.1334367337668702e-8	1.0121144690401746e-9	3.959839110758498e-5
512.0	2.238934690466489e-8	1.7206263648847249e-9	3.8499917063826e-6	1.1336900915461055e-8	1.0126796360780018e-9	3.9598391077308445e-5
513.0	2.240939197997213e-8	1.7195117288178264e-9	3.849991595077815e-6	1.1335749579518107e-8	1.01235653198723e-9	3.9598391106148826e-5
514.0	2.2450327632778604e-8	1.7189133560400727e-9	3.849991199562892e-6	1.1335734438530779e-8	1.0126273755858511e-9	3.95983911281781e-5
515.0	2.243714446388966e-8	1.7210236569527438e-9	3.849992058372688e-6	1.1334400892163267e-8	1.0122904205687181e-9	3.959839119626871e-5
516.0	2.2412349343530637e-8	1.7197448882233393e-9	3.849991972564705e-6	1.1331419875265935e-8	1.012196713644047e-9	3.959839122067482e-5
517.0	2.242203443425043e-8	1.7197332734324098e-9	3.84999195595245e-6	1.1330809000506798e-8	1.0121348045760154e-9	3.9598391102748165e-5
518.0	2.2426585292403347e-8	1.7210643078229833e-9	3.849991742388685e-6	1.1327132038725177e-8	1.0121690306265846e-9	3.959839110588678e-5
519.0	2.2422746373505316e-8	1.7219026615758453e-9	3.849991573305229e-6	1.1326362358397513e-8	1.0126196611714365e-9	3.9598390870440685e-5
520.0	2.2444273447724113e-8	1.7207695824115585e-9	3.849991357809987e-6	1.1324270488170385e-8	1.0128575663176532e-9	3.959839093236698e-5
521.0	2.2438896774083125e-8	1.7203563930998388e-9	3.849991653480771e-6	1.1325702044095381e-8	1.0133795714729146e-9	3.959839073703789e-5
522.0	2.2420654525921703e-8	1.721729332514031e-9	3.849991569883107e-6	1.1325166804542888e-8	1.0135381214836997e-9	3.959839069958787e-5
523.0	2.241051662275034e-8	1.7204436442016126e-9	3.849991645947941e-6	1.1329682347774744e-8	1.0136016158963072e-9	3.959839057156005e-5
524.0	2.2446262325126978e-8	1.7197342634039032e-9	3.849992179671536e-6	1.1328994383496456e-8	1.0137642123290827e-9	3.959839040093057e-5
525.0	2.245980083237231e-8	1.7193391493101973e-9	3.849991533540576e-6	1.1334535863575234e-8	1.0135709887040126e-9	3.959839027013456e-5
526.0	2.242810641131902e-8	1.7196237557568107e-9	3.849991201420793e-6	1.1333642141894548e-8	1.0135954697960859e-9	3.9598390090892655e-5
527.0	2.2417983804700206e-8	1.7202328947071182e-9	3.849991697845179e-6	1.1336778729753228e-8	1.0134115798013535e-9	3.959838993864737e-5
528.0	2.2438554101306798e-8	1.7215151102697103e-9	3.849991203394223e-6	1.1335394459591284e-8	1.0134252476191486e-9	3.959838987208441e-5
529.0	2.245286269342052e-8	1.7219137628985994e-9	3.84999089281455e-6	1.1335475875390331e-8	1.0131257576852123e-9	3.9598389761782605e-5
530.0	2.243783989776049e-8	1.7216980132052277e-9	3.84999134743815e-6	1.1333331942548488e-8	1.0131417026782384e-9	3.959838983353224e-5
531.0	2.242692823846802e-8	1.7228799397615698e-9	3.849991739596713e-6	1.133076881576046e-8	1.0130891116925714e-9	3.959838974172119e-5
532.0	2.2445633105763773e-8	1.7219376574907386e-9	3.849991653396386e-6	1.132786138665965e-8	1.012842843521649e-9	3.959838986941917e-5
533.0	2.244749628675871e-8	1.7199901672039214e-9	3.849992008755102e-6	1.1324506080453289e-8	1.0130726870141523e-9	3.959838966475565e-5
534.0	2.2433715801885366e-8	1.7212333323705493e-9	3.849991624404933e-6	1.1324373132627682e-8	1.0126971648888291e-9	3.959838997586789e-5
535.0	2.245216007479875e-8	1.7216340112821552e-9	3.849991704928205e-6	1.1322019491594733e-8	1.0127617820829005e-9	3.959838976346329e-5
536.0	2.244915087430206e-8	1.7212927675058599e-9	3.849990689135984e-6	1.1327395714226942e-8	1.0123017173585717e-9	3.959838998148177e-5
537.0	2.2435484505462555e-8	1.7218151293024948e-9	3.849991373919956e-6	1.1326390432001914e-8	1.0119881114903888e-9	3.959838977398446e-5
538.0	2.2405698153988153e-8	1.7237859686882706e-9	3.849991768234607e-6	1.1333831654076483e-8	1.0117941128249928e-9	3.959838991941431e-5
539.0	2.2452873212542624e-8	1.7215520957534458e-9	3.849992167260868e-6	1.1334826781517905e-8	1.011360280008573e-9	3.959838992702122e-5
540.0	2.245774324640359e-8	1.7211979786468263e-9	3.849991932467331e-6	1.1341125392563478e-8	1.011659382250469e-9	3.9598390112952944e-5
541.0	2.2447006416436272e-8	1.7227186139403156e-9	3.849992186286625e-6	1.1341314931109882e-8	1.0113812903612722e-9	3.959839030141123e-5
542.0	2.2392597167368904e-8	1.7208311381025422e-9	3.849991603018424e-6	1.1344281627193737e-8	1.0118652452208026e-9	3.959839020453371e-5
543.0	2.243947192838925e-8	1.7215455810698695e-9	3.849990710992148e-6	1.1340675093305882e-8	1.0117734961317138e-9	3.959839056037151e-5
544.0	2.2454735446880948e-8	1.721638245922821e-9	3.849991206921552e-6	1.1339362005192206e-8	1.012051854638314e-9	3.959839015307543e-5
545.0	2.243952698410519e-8	1.722504615916838e-9	3.8499914317706225e-6	1.1332665275948735e-8	1.0120747018284185e-9	3.9598390658673836e-5
546.0	2.2425458863594213e-8	1.722091056659358e-9	3.849991919284243e-6	1.132878504332588e-8	1.0121344736609e-9	3.959839022770763e-5
547.0	2.2439500821469397e-8	1.7234281923582056e-9	3.849991862754155e-6	1.1324550338852544e-8	1.0123076928222323e-9	3.959839070749003e-5
548.0	2.2460086418841078e-8	1.7223802286769329e-9	3.849991955273974e-6	1.1319762601511749e-8	1.0122814556082924e-9	3.9598390400477e-5
549.0	2.242689567357838e-8	1.7225900117810468e-9	3.84999119092514e-6	1.1321473550830343e-8	1.012576388368828e-9	3.959839073520581e-5
550.0	2.244348981096739e-8	1.7232678241441565e-9	3.84999134388211e-6	1.1319182764686749e-8	1.0125684732577538e-9	3.959839071101698e-5
551.0	2.245778359263356e-8	1.7226629864808066e-9	3.849991580718807e-6	1.1325335076586022e-8	1.0129608794943792e-9	3.959839079129107e-5
552.0	2.2447865974150064e-8	1.7230197100348155e-9	3.849991511959092e-6	1.132777197047491e-8	1.0129769204336956e-9	3.959839080649144e-5
553.0	2.2421105287164256e-8	1.7225134185579357e-9	3.8499917521407796e-6	1.1334328754114706e-8	1.0132491854208858e-9	3.959839078402123e-5
554.0	2.2435072143176125e-8	1.7233877271910355e-9	3.849991904523888e-6	1.1337234946663893e-8	1.01316031095207e-9	3.959839068305978e-5
555.0	2.246435598561302e-8	1.7219104178997486e-9	3.849991126953945e-6	1.1342069198749148e-8	1.0132762410169944e-9	3.959839080014848e-5
556.0	2.244800522311906e-8	1.7225386725404842e-9	3.8499916143035426e-6	1.1340407295509002e-8	1.0131094825690439e-9	3.9598390600587786e-5
557.0	2.2426133897321933e-8	1.7244927213820468e-9	3.849991928501107e-6	1.1342063302019937e-8	1.0129772575820118e-9	3.95983907495199e-5
558.0	2.2429759800585987e-8	1.7225035714126828e-9	3.8499919665360646e-6	1.1336518171525971e-8	1.013111167251763e-9	3.959839062571518e-5
559.0	2.2470035548441548e-8	1.724823130027176e-9	3.849990961070871e-6	1.133524287163904e-8	1.0129025975049934e-9	3.9598390695498105e-5
560.0	2.245665209174252e-8	1.7240460501435812e-9	3.849991684697201e-6	1.1329888986016312e-8	1.013316958677561e-9	3.959839091849463e-5
561.0	2.2420372766069205e-8	1.7252307438032328e-9	3.849991510667778e-6	1.1325668052114035e-8	1.0129952457291158e-9	3.959839078005771e-5
562.0	2.244699269317628e-8	1.7240853211727142e-9	3.8499915986631664e-6	1.1324185344472746e-8	1.0133887468064188e-9	3.959839131279193e-5
563.0	2.244883506538574e-8	1.7246041538070195e-9	3.849991504096266e-6	1.1320197855628728e-8	1.0127738226313786e-9	3.95983908219782e-5
564.0	2.2466406060622027e-8	1.7245348907718967e-9	3.849991746991994e-6	1.1322598400327728e-8	1.012926516073718e-9	3.9598391404757125e-5
565.0	2.2447918450244728e-8	1.7235711391417743e-9	3.849991584167521e-6	1.1323671339584067e-8	1.012781475840733e-9	3.959839077175909e-5
566.0	2.243291930546924e-8	1.7238951091890602e-9	3.849991155220735e-6	1.1327301338024321e-8	1.0127066637368409e-9	3.9598391124096716e-5
567.0	2.2453900091288048e-8	1.7225040885408745e-9	3.849991736263526e-6	1.1331581964211272e-8	1.0133438165975036e-9	3.959839066872744e-5
568.0	2.243429813083731e-8	1.7233018230208389e-9	3.849992012947547e-6	1.1334626289359915e-8	1.0128696072642078e-9	3.95983907299443e-5
569.0	2.2464995579465987e-8	1.723708650273674e-9	3.849991690584158e-6	1.1336329102334518e-8	1.0136217171724612e-9	3.9598390619767614e-5
570.0	2.2456847212335296e-8	1.7238069071877122e-9	3.849991108718387e-6	1.1338469461240503e-8	1.0128145921970638e-9	3.95983904488562e-5
571.0	2.2434456162033086e-8	1.7251892728566486e-9	3.849991125820398e-6	1.133623049410505e-8	1.0129353689779547e-9	3.959839062523666e-5
572.0	2.2423532063566e-8	1.72480058621816e-9	3.849991134988825e-6	1.1337062303101475e-8	1.0126732977740853e-9	3.959839036586961e-5
573.0	2.2432451677924e-8	1.7258900593432953e-9	3.849991790179481e-6	1.1333958729615927e-8	1.0125338899711138e-9	3.959839070034086e-5
574.0	2.2462983295453568e-8	1.7230592227151793e-9	3.849992195659561e-6	1.1331263493130181e-8	1.0130776784108613e-9	3.959839025134016e-5
575.0	2.24770486958904e-8	1.7233581530814777e-9	3.849991755398847e-6	1.1330277768117214e-8	1.012769499089205e-9	3.959839041917019e-5
576.0	2.244174807287316e-8	1.7249274712836673e-9	3.849991511480034e-6	1.1326193054328568e-8	1.013565119064979e-9	3.959838981993851e-5
577.0	2.2407523089634583e-8	1.7225709398447302e-9	3.849991238719843e-6	1.1326938395140338e-8	1.0131170290622821e-9	3.959838989157464e-5
578.0	2.2446913782059734e-8	1.7255107903026749e-9	3.849990705477054e-6	1.1326160959493379e-8	1.0134177915013476e-9	3.959838932531257e-5
579.0	2.2442008172487132e-8	1.725157535296324e-9	3.849991545019582e-6	1.132639666044352e-8	1.013089124575641e-9	3.959838950147363e-5
580.0	2.249002723822578e-8	1.726035985365131e-9	3.8499922907240024e-6	1.132913634180744e-8	1.012931329943748e-9	3.959838934255897e-5
581.0	2.2441712002879076e-8	1.7264049389669367e-9	3.849991920756079e-6	1.132877385576186e-8	1.0130638970525963e-9	3.959838961177906e-5
582.0	2.2405630722413513e-8	1.7257415476335113e-9	3.849991497806708e-6	1.1331272587709087e-8	1.0124662751605719e-9	3.9598389641193865e-5
583.0	2.2436300518194206e-8	1.7265430232294311e-9	3.84999080532431e-6	1.1331682980939739e-8	1.013161951227922e-9	3.959838980880657e-5
584.0	2.2423834405873978e-8	1.7243182150097563e-9	3.849991431281642e-6	1.1332344262902962e-8	1.0125219127723897e-9	3.959838988424367e-5
585.0	2.249580560387086e-8	1.7267801286757027e-9	3.849991335962902e-6	1.1332696970319541e-8	1.0132454711440008e-9	3.959838997084459e-5
586.0	2.2444415896472135e-8	1.7244405585787607e-9	3.849992089552587e-6	1.1333473958613246e-8	1.0128376682910554e-9	3.959838995960552e-5
587.0	2.2417157532247878e-8	1.7258929311828054e-9	3.849991595632262e-6	1.1331011986131154e-8	1.0128579663496487e-9	3.959838979937688e-5
588.0	2.2420401906511638e-8	1.7255770375820493e-9	3.8499911022096175e-6	1.1333081668825324e-8	1.0128896762948118e-9	3.9598389735527165e-5
589.0	2.2434037902607655e-8	1.7271603670213132e-9	3.849990958969264e-6	1.132902979754759e-8	1.0122558499703225e-9	3.959838948259024e-5
590.0	2.2456447620645323e-8	1.7281163329752862e-9	3.849991209085382e-6	1.1331806148223208e-8	1.0127316626623952e-9	3.959838956380736e-5
591.0	2.2454551590540277e-8	1.7289787037245575e-9	3.8499918655824216e-6	1.132995777326108e-8	1.0120445965412276e-9	3.959838938567427e-5
592.0	2.241175697419973e-8	1.7276517852798347e-9	3.849991951645115e-6	1.13312111457818e-8	1.012755107570416e-9	3.959838953388328e-5
593.0	2.2424111815228688e-8	1.7276879997063228e-9	3.849991780537452e-6	1.13313981627822e-8	1.012316748456858e-9	3.959838949799248e-5
594.0	2.2427111440962204e-8	1.7257439829104758e-9	3.849990736311631e-6	1.1331409285809269e-8	1.01262718195499e-9	3.959838955627474e-5
595.0	2.2459988463012935e-8	1.7255234747708008e-9	3.8499906177163795e-6	1.1331642696514122e-8	1.0127572587630555e-9	3.959838977919942e-5
596.0	2.2456756714876007e-8	1.7264165943471824e-9	3.849991520537698e-6	1.1330901975381777e-8	1.0123623957580494e-9	3.959838965735816e-5
597.0	2.2459515768708583e-8	1.726721714175715e-9	3.8499921844203155e-6	1.1330857508246302e-8	1.0132149567838416e-9	3.959839008514091e-5
598.0	2.2415486482714867e-8	1.7293471925910408e-9	3.849991786790146e-6	1.1329027565769318e-8	1.0125454732511206e-9	3.9598389866343306e-5
599.0	2.2430906438139125e-8	1.728778178904419e-9	3.849991478641094e-6	1.1329707943673946e-8	1.0135645641095729e-9	3.959839020720089e-5
600.0	2.2452393329872913e-8	1.7305451873195593e-9	3.849990613831006e-6	1.1326614189541696e-8	1.0132289988207276e-9	3.959839023271056e-5
601.0	2.2462707722991302e-8	1.7282842142587734e-9	3.849990702559991e-6	1.1329444805103514e-8	1.013548445139888e-9	3.959839040017457e-5
602.0	2.246410711715776e-8	1.7284032120443173e-9	3.849991403724583e-6	1.1326138432088527e-8	1.0136444498204156e-9	3.959839071717779e-5
603.0	2.240422725787566e-8	1.7280395062071443e-9	3.849991773262413e-6	1.1330482808885149e-8	1.0132079725224413e-9	3.959839057303346e-5
604.0	2.2439704524949386e-8	1.7273013033448146e-9	3.849991930192865e-6	1.1328700875353964e-8	1.013536815247031e-9	3.959839100960928e-5
605.0	2.2469129738191866e-8	1.7287442528767064e-9	3.849991529214858e-6	1.1332206190440124e-8	1.0129729809265024e-9	3.9598390623162996e-5
606.0	2.246024959322938e-8	1.7304559891553623e-9	3.849991090710671e-6	1.1331571893897261e-8	1.013519420302645e-9	3.9598390855569457e-5
607.0	2.2447383402389955e-8	1.7294077068734232e-9	3.849990801625631e-6	1.1334289206439504e-8	1.013152769888626e-9	3.9598390662054446e-5
608.0	2.2417446849047037e-8	1.7306750214616172e-9	3.849991327024723e-6	1.1333299004970622e-8	1.013523454549866e-9	3.9598390750836774e-5
609.0	2.2458856785619296e-8	1.7304377289125895e-9	3.849991707728747e-6	1.1334120325231488e-8	1.0132881679191476e-9	3.959839090951e-5
610.0	2.2449117660263766e-8	1.7302147913745266e-9	3.849991389317185e-6	1.1332920351673545e-8	1.0128150962104268e-9	3.959839097478491e-5
611.0	2.245026610327024e-8	1.729061100244912e-9	3.849991784987239e-6	1.1331139481887139e-8	1.0126137786278796e-9	3.959839107011138e-5
612.0	2.2454816518454758e-8	1.7296288012250292e-9	3.849991775826288e-6	1.133035342091346e-8	1.0119754920644005e-9	3.959839106242444e-5
613.0	2.2450163419748667e-8	1.7302126659301821e-9	3.849991321668298e-6	1.1326958226529938e-8	1.0120737018062299e-9	3.959839090777507e-5
614.0	2.2443709264240675e-8	1.7301487943309645e-9	3.849991279307086e-6	1.1329362589314178e-8	1.0118208424562875e-9	3.959839105366886e-5
615.0	2.2440813896447895e-8	1.7314753910443158e-9	3.8499911935891674e-6	1.1326240204066743e-8	1.012009310509512e-9	3.959839065338018e-5
616.0	2.2467356796691052e-8	1.7312345845849597e-9	3.8499908668828575e-6	1.1330074809133375e-8	1.0122529498955447e-9	3.959839108820126e-5
617.0	2.24533953299633e-8	1.7312167094465886e-9	3.8499918901308035e-6	1.132842940157998e-8	1.0120585593325837e-9	3.959839058009845e-5
618.0	2.2445330948556903e-8	1.7307046121545916e-9	3.8499921592025345e-6	1.1331716089905442e-8	1.012439304186608e-9	3.9598391120661204e-5
619.0	2.243868790542794e-8	1.7310457504484814e-9	3.84999104228292e-6	1.1331039940548409e-8	1.0122912296729426e-9	3.959839070818432e-5
620.0	2.246875472830744e-8	1.7304757973734957e-9	3.849991280319787e-6	1.133433487988091e-8	1.0125689235017768e-9	3.959839106230472e-5
621.0	2.2456769358573564e-8	1.7314914802948175e-9	3.849991142234982e-6	1.133333046679013e-8	1.012677917790568e-9	3.959839086982071e-5
622.0	2.2432677617411146e-8	1.7307824737344782e-9	3.849990716464744e-6	1.1335292325213093e-8	1.0127519869560337e-9	3.959839076734828e-5
623.0	2.245095961162364e-8	1.7326884842916477e-9	3.849991692955351e-6	1.1333344788685185e-8	1.0131750628767641e-9	3.959839077962194e-5
624.0	2.2460336559985845e-8	1.7331259354021793e-9	3.8499923578532295e-6	1.1332672272116428e-8	1.0130368927828038e-9	3.959839033831765e-5
625.0	2.2459408157383818e-8	1.7320322756400326e-9	3.849991601071465e-6	1.1331034657120034e-8	1.0133292224193921e-9	3.959839048038902e-5
626.0	2.241565522238363e-8	1.7316313133376386e-9	3.849990557272709e-6	1.1328297989515418e-8	1.0132487574242227e-9	3.9598390106521294e-5
627.0	2.2464711315860178e-8	1.7315260730645091e-9	3.849990856467985e-6	1.1329950146249476e-8	1.0132249985436616e-9	3.959839016431001e-5
628.0	2.2464812923099195e-8	1.731211012364468e-9	3.8499907563192394e-6	1.1326941934397526e-8	1.0135008793663117e-9	3.959838997868386e-5
629.0	2.2461631580284218e-8	1.7315275781971477e-9	3.849992162990042e-6	1.1329568061185212e-8	1.0130537704802422e-9	3.959838964879849e-5
630.0	2.2432610117456776e-8	1.7328778722739654e-9	3.849992066422313e-6	1.1327815903751739e-8	1.0134144080293091e-9	3.959838965367278e-5
631.0	2.246145383397897e-8	1.7330844423655898e-9	3.849991298023035e-6	1.1330506446320391e-8	1.0129524260020187e-9	3.959838922525399e-5
632.0	2.2464395271685962e-8	1.7326785647529135e-9	3.849990984609567e-6	1.1329389810811979e-8	1.0129299150786662e-9	3.959838915067261e-5
633.0	2.246207802130322e-8	1.7334747347058832e-9	3.849991010667301e-6	1.1332900683516062e-8	1.0127002838435649e-9	3.959838907590529e-5
634.0	2.2431985869048667e-8	1.73259991011437e-9	3.849990370973858e-6	1.1332309811515427e-8	1.0124800279299984e-9	3.959838888452986e-5
635.0	2.2473378673818846e-8	1.7316150631507359e-9	3.849991442858715e-6	1.1334843731222417e-8	1.012860514487445e-9	3.959838925921672e-5
636.0	2.2470898581746785e-8	1.7324339978473495e-9	3.849991752603903e-6	1.1333131079351287e-8	1.0125033334739796e-9	3.9598388904911126e-5
637.0	2.2437038319918875e-8	1.7328215343783447e-9	3.849990825673742e-6	1.1333905828478646e-8	1.0129621569294672e-9	3.95983894992465e-5
638.0	2.2437530435210546e-8	1.7330151534402392e-9	3.849990865824058e-6	1.1332143787574346e-8	1.0127015594690985e-9	3.959838899218019e-5
639.0	2.247445479168776e-8	1.7343731995865593e-9	3.849992063807606e-6	1.1330523123408881e-8	1.0128937091447457e-9	3.9598389650927303e-5
640.0	2.249648117379e-8	1.7345814541103226e-9	3.849991364505219e-6	1.1330264941175861e-8	1.0127714610383117e-9	3.9598388981752905e-5
641.0	2.2437939599521462e-8	1.7347705682122584e-9	3.849991039970086e-6	1.1327251282250653e-8	1.012712378417189e-9	3.959838966166809e-5
642.0	2.2415894691429246e-8	1.7343705357532343e-9	3.849990899758506e-6	1.1328371595565701e-8	1.0131613677069415e-9	3.959838893319976e-5
643.0	2.2467936209718597e-8	1.7343259863338374e-9	3.8499907085252106e-6	1.1326774967562948e-8	1.0129144635099544e-9	3.959838968221888e-5
644.0	2.2491970299423448e-8	1.7341286093303655e-9	3.849990918494017e-6	1.132885648604616e-8	1.0137216127150361e-9	3.959838913496149e-5
645.0	2.2468742452324598e-8	1.7340937386684177e-9	3.8499920027454356e-6	1.1328347290878619e-8	1.0134851246412324e-9	3.959838979082234e-5
646.0	2.2416257166705365e-8	1.7346036533089988e-9	3.849992004245875e-6	1.1330905157091397e-8	1.0139089355715384e-9	3.9598389667093334e-5
647.0	2.2451238884168543e-8	1.7343245856087622e-9	3.849990960150714e-6	1.1330715162984668e-8	1.013594936414819e-9	3.959838985302659e-5
648.0	2.2486624461850357e-8	1.734915923111364e-9	3.849990953487092e-6	1.1332666874838613e-8	1.013522692504231e-9	3.9598390166657435e-5
649.0	2.246551825159614e-8	1.735082384256245e-9	3.849991143343689e-6	1.1331914917404682e-8	1.0133120608420146e-9	3.959838986143615e-5
650.0	2.2452490454527566e-8	1.735058417656951e-9	3.849991184178451e-6	1.1333153690772839e-8	1.0129464464584074e-9	3.959839055908924e-5
651.0	2.2439784901161723e-8	1.736067272971237e-9	3.849991277172999e-6	1.133243467429655e-8	1.0131811638612851e-9	3.959838997065894e-5
652.0	2.2484421110646716e-8	1.73567340600309e-9	3.8499912600049344e-6	1.1331828666951053e-8	1.012633312237728e-9	3.9598390829230235e-5
653.0	2.2451754340195734e-8	1.7356503027941795e-9	3.84999084235681e-6	1.1331723637000604e-8	1.0131666351949749e-9	3.959839012716648e-5
654.0	2.2451575172413475e-8	1.73639826913604e-9	3.849990793703797e-6	1.1329818197589319e-8	1.0126130060443676e-9	3.959839094704337e-5
655.0	2.2469192522408996e-8	1.7355670332853507e-9	3.849991597336499e-6	1.1330325553793495e-8	1.0129117247821331e-9	3.959839032066383e-5
656.0	2.2474745535694773e-8	1.7352962198786267e-9	3.849991921648555e-6	1.1329323563238028e-8	1.0125325076074546e-9	3.959839094710561e-5
657.0	2.246595463719693e-8	1.7350823880328467e-9	3.849991390078504e-6	1.1331257427655022e-8	1.0124523279528394e-9	3.95983905062839e-5
658.0	2.2437361957642116e-8	1.7375291818600512e-9	3.849990925987534e-6	1.133030635639863e-8	1.0126415943575707e-9	3.959839101398011e-5
659.0	2.2456970698012543e-8	1.7367329365121881e-9	3.84999123089567e-6	1.1332639560461025e-8	1.0122031070181407e-9	3.9598390714060555e-5
660.0	2.2501017485394278e-8	1.7384719533578633e-9	3.849991058005409e-6	1.1331438062448584e-8	1.0127909628363942e-9	3.959839109578516e-5
661.0	2.2465505276722446e-8	1.7384922067287643e-9	3.84999107867016e-6	1.1333185636725239e-8	1.0122821727856644e-9	3.959839099974144e-5
662.0	2.2457430351018532e-8	1.738573867949166e-9	3.84999158635295e-6	1.1332783358401764e-8	1.0127874340751176e-9	3.959839112866669e-5
663.0	2.2452111996439557e-8	1.7375763504458257e-9	3.849991744504368e-6	1.1332694695079172e-8	1.0123577409873359e-9	3.959839129114312e-5
664.0	2.2493969004486108e-8	1.7363793057557987e-9	3.849991584104434e-6	1.1333509170470739e-8	1.012644589537691e-9	3.959839124535479e-5
665.0	2.250298364367274e-8	1.7366192479694444e-9	3.849991826505868e-6	1.1331341439019761e-8	1.0127191542650077e-9	3.9598391470041444e-5
666.0	2.2459696081087678e-8	1.735936776875914e-9	3.849991512682583e-6	1.1331761441948473e-8	1.01261109646883e-9	3.959839133792225e-5
667.0	2.2453090989123563e-8	1.7365539010791495e-9	3.849990838947591e-6	1.1329293717337285e-8	1.0131020024305995e-9	3.959839132701709e-5
668.0	2.2466589911080152e-8	1.7396769777617257e-9	3.8499907226082006e-6	1.132959217275196e-8	1.0128994977273355e-9	3.959839120219163e-5
669.0	2.2500213035040123e-8	1.739033230681497e-9	3.8499913930196545e-6	1.1328429507966987e-8	1.013209257376363e-9	3.959839080615548e-5
670.0	2.2484462660878733e-8	1.740997231205458e-9	3.8499918046143825e-6	1.1330143015042753e-8	1.012968760106634e-9	3.959839083485311e-5
671.0	2.2466901716067562e-8	1.7395012306312318e-9	3.849992016232478e-6	1.1329892049816046e-8	1.0131360618208862e-9	3.959839035404607e-5
672.0	2.2455254289577473e-8	1.7367625384072716e-9	3.8499916553690416e-6	1.1332800095875663e-8	1.01284315473907e-9	3.959839056043504e-5
673.0	2.2479808797100582e-8	1.7374214550546495e-9	3.8499908834304965e-6	1.133211311662199e-8	1.012990471220719e-9	3.959839029346252e-5
674.0	2.2502743623801024e-8	1.7352567172172732e-9	3.849991088901499e-6	1.1334769558717377e-8	1.0128079174294957e-9	3.959839033542628e-5
675.0	2.2485602706146645e-8	1.7379254470659641e-9	3.84999119093906e-6	1.1334457495616781e-8	1.0129016766275525e-9	3.9598390357244185e-5
676.0	2.247619081173464e-8	1.7382032810681085e-9	3.849991575394011e-6	1.1334457176435913e-8	1.0131283844504232e-9	3.959839004345334e-5
677.0	2.245799668584811e-8	1.7405994107907028e-9	3.849991676964033e-6	1.1335059969219386e-8	1.0129804409131431e-9	3.959839029798843e-5
678.0	2.247287204861936e-8	1.7402450530465287e-9	3.849991471596442e-6	1.1332147349621737e-8	1.0135046519565405e-9	3.959838986796527e-5
679.0	2.2515560470178827e-8	1.7395465070452348e-9	3.8499908630637655e-6	1.1332354387420595e-8	1.0130685010009113e-9	3.95983901519299e-5
680.0	2.249026478443038e-8	1.7389711063669818e-9	3.84999135709477e-6	1.1327854704501762e-8	1.013327265547799e-9	3.959838975493265e-5
681.0	2.24934345065227e-8	1.73773982559265e-9	3.849991424399512e-6	1.1328441818059842e-8	1.012909125045721e-9	3.959839000814093e-5
682.0	2.2463429582293873e-8	1.736839553291385e-9	3.849991015524957e-6	1.13256032041804e-8	1.013035434425221e-9	3.959838967983525e-5
683.0	2.246877236018726e-8	1.739094176340426e-9	3.849991420139129e-6	1.132707840649135e-8	1.0128336216840445e-9	3.959838992958963e-5
684.0	2.2491505781662963e-8	1.73929590282826e-9	3.849991401720234e-6	1.1326105737593444e-8	1.0128057305962776e-9	3.9598389674085564e-5
685.0	2.2504052875032155e-8	1.7407587427103308e-9	3.8499911570179185e-6	1.1329684463251864e-8	1.0131243898126904e-9	3.959838984561019e-5
686.0	2.2489153939832943e-8	1.7407880471490175e-9	3.849991370973695e-6	1.1329588487961848e-8	1.01280848237082e-9	3.9598389558294174e-5
687.0	2.246900769703208e-8	1.739837494789371e-9	3.849991860419039e-6	1.1332938780096461e-8	1.0132249306875449e-9	3.959838964466393e-5
688.0	2.244815986626287e-8	1.7395960061290326e-9	3.8499910438113434e-6	1.1333702524470694e-8	1.0126425744672547e-9	3.959838935291082e-5
689.0	2.2492779954715932e-8	1.7373316903922244e-9	3.849990830348905e-6	1.1334645889398448e-8	1.0129331498988994e-9	3.959838948644692e-5
690.0	2.2521815156538166e-8	1.7401662606961075e-9	3.849991425861356e-6	1.133602904232007e-8	1.012656283190002e-9	3.959838933718801e-5
691.0	2.2497179936992115e-8	1.7398906004504427e-9	3.849991392085478e-6	1.1334424239494763e-8	1.0128024888025338e-9	3.95983895330635e-5
692.0	2.2459207267590764e-8	1.739549963204591e-9	3.849991261100499e-6	1.1335292988852822e-8	1.0129805097212816e-9	3.9598389476170596e-5
693.0	2.2450045362206482e-8	1.7424694655182223e-9	3.849991819521902e-6	1.1332082537822324e-8	1.012830769835571e-9	3.9598389701175e-5
694.0	2.2494265026084235e-8	1.7409834150258458e-9	3.8499920611550234e-6	1.1332303432057113e-8	1.0132158323306717e-9	3.959838986769505e-5
695.0	2.2526545315129818e-8	1.741132909748319e-9	3.849990627037899e-6	1.132939248186608e-8	1.012595006213102e-9	3.959839001937936e-5
696.0	2.2482228505915695e-8	1.7403358918591551e-9	3.849991197212694e-6	1.1329561231221188e-8	1.0130101240574941e-9	3.9598390264263806e-5
697.0	2.2462343595896572e-8	1.7409151708214993e-9	3.849991005401034e-6	1.1327288151562888e-8	1.0125238258694968e-9	3.9598390245504615e-5
698.0	2.24871391419881e-8	1.7402610694165082e-9	3.8499908736470195e-6	1.1329024378715153e-8	1.0129507126321462e-9	3.959839034388861e-5
699.0	2.2488239409173423e-8	1.7424820840851664e-9	3.8499913414074595e-6	1.1328127946374377e-8	1.0129727857587012e-9	3.959839025249839e-5
700.0	2.24953923794367e-8	1.7447455595400862e-9	3.84999191790887e-6	1.1330141731057431e-8	1.013297864571233e-9	3.959839039748848e-5
701.0	2.2482456420503652e-8	1.743299622455935e-9	3.84999109999742e-6	1.1330274361036209e-8	1.0134250584010797e-9	3.9598390259084654e-5
702.0	2.2490292201422078e-8	1.7443710281105394e-9	3.8499910140154814e-6	1.133087022064002e-8	1.0133377190253617e-9	3.9598390508027786e-5
703.0	2.248630509291703e-8	1.7432975552540782e-9	3.849991068807207e-6	1.133165330368473e-8	1.013418231879653e-9	3.959839028646899e-5
704.0	2.247688691144886e-8	1.742097672124995e-9	3.849990506807456e-6	1.1330234494216702e-8	1.0129676220710566e-9	3.9598390561059625e-5
705.0	2.2465035845151622e-8	1.7427563713087733e-9	3.8499913154369025e-6	1.1331421089361527e-8	1.0132441848868095e-9	3.9598390476507434e-5
706.0	2.2527120897734952e-8	1.743234803831965e-9	3.849991367285648e-6	1.1328704714071323e-8	1.0130320751416425e-9	3.959839080910244e-5
707.0	2.249842932933057e-8	1.7421205898833e-9	3.849991500682981e-6	1.1330831468808553e-8	1.0134168529975878e-9	3.9598390936238916e-5
708.0	2.2460993163170044e-8	1.7441672987307815e-9	3.849991294637422e-6	1.1329437381706876e-8	1.0133448599494248e-9	3.959839116578606e-5
709.0	2.2477426497153098e-8	1.7445317431515588e-9	3.849990668367377e-6	1.1330842288653668e-8	1.0133964527970872e-9	3.959839133402404e-5
710.0	2.2493145963397634e-8	1.7440075933040376e-9	3.849991025748285e-6	1.1330615074607288e-8	1.0132353223643547e-9	3.9598391172724186e-5
711.0	2.2528264852381828e-8	1.7455951974614402e-9	3.8499912970320454e-6	1.1331575109595367e-8	1.0129440266818684e-9	3.959839130082823e-5
712.0	2.246978913147313e-8	1.7444346117671947e-9	3.849991325639932e-6	1.133296211477828e-8	1.0131228247492369e-9	3.9598390876806314e-5
713.0	2.247592836473634e-8	1.7449456579355941e-9	3.849991332744053e-6	1.133333954310178e-8	1.012814544797573e-9	3.9598391034712554e-5
714.0	2.2507123003966927e-8	1.7453701307439035e-9	3.8499915127539535e-6	1.1335046696086073e-8	1.0133045777592324e-9	3.959839062477333e-5
715.0	2.252087159416098e-8	1.7463302436281837e-9	3.849990845898767e-6	1.1333974290279188e-8	1.0130332512585555e-9	3.9598390760582565e-5
716.0	2.2459510982428123e-8	1.7453026885647388e-9	3.8499898456578235e-6	1.1334840775551497e-8	1.013450464988053e-9	3.959839061290473e-5
717.0	2.2480745575258763e-8	1.7450928480786024e-9	3.8499908375186655e-6	1.1332072581202994e-8	1.013099117174046e-9	3.9598390658318604e-5
718.0	2.2515025431541096e-8	1.745617258214585e-9	3.849991187777581e-6	1.1332764215924564e-8	1.013323883503879e-9	3.959839077307537e-5
719.0	2.251595728061751e-8	1.74489508981285e-9	3.849991280151462e-6	1.1328224558820492e-8	1.013169897823299e-9	3.959839076663721e-5
720.0	2.2485832376471784e-8	1.7462337924683785e-9	3.849991313115059e-6	1.1329537948631819e-8	1.013097542929801e-9	3.959839085751207e-5
721.0	2.2466188381384957e-8	1.7456635954459514e-9	3.849991802938632e-6	1.1325630350944174e-8	1.0133264034885455e-9	3.959839085220236e-5
722.0	2.2490653941814982e-8	1.7467793407706798e-9	3.849990444481399e-6	1.1327481165253748e-8	1.0130170296978105e-9	3.95983908508401e-5
723.0	2.2522068704301487e-8	1.7475372152757399e-9	3.8499898897820025e-6	1.1326622586677404e-8	1.0135687090240233e-9	3.959839098003494e-5
724.0	2.2476521113467014e-8	1.747482111607546e-9	3.8499911478611426e-6	1.1328476267622912e-8	1.013065642936943e-9	3.9598390790488256e-5
725.0	2.2497769252554788e-8	1.7470462972080948e-9	3.849991234180125e-6	1.1330953392458921e-8	1.0136080303647053e-9	3.959839095452208e-5
726.0	2.2504340674352268e-8	1.7469330270793668e-9	3.849991547423096e-6	1.1332433019519065e-8	1.0132704015256849e-9	3.9598390700260856e-5
727.0	2.247809994370544e-8	1.7475170206188795e-9	3.849991729726781e-6	1.1335950278189283e-8	1.0133502399653462e-9	3.959839076106603e-5
728.0	2.2488231649769777e-8	1.7474255610506673e-9	3.849991702674474e-6	1.1335732091036187e-8	1.0132769022637566e-9	3.9598390475249746e-5
729.0	2.249891668937342e-8	1.745676585941153e-9	3.849990765943443e-6	1.133776352464025e-8	1.0127062746304746e-9	3.959839037636393e-5
730.0	2.2532798969236954e-8	1.748577895972591e-9	3.849990549288832e-6	1.1334802564270399e-8	1.0128580706386896e-9	3.959839017470451e-5
731.0	2.2503844593393812e-8	1.7481399221558328e-9	3.849991557618797e-6	1.1335803047387731e-8	1.0122421602849552e-9	3.959838998313123e-5
732.0	2.245216421373791e-8	1.7481037003012614e-9	3.849990955644126e-6	1.1331044546411035e-8	1.0127543870467987e-9	3.959838990786132e-5
733.0	2.249289264118301e-8	1.7495195465354829e-9	3.849990745861799e-6	1.1331786373759104e-8	1.0125469472005419e-9	3.959838986452411e-5
734.0	2.2521614199582883e-8	1.7489642033291443e-9	3.849991211738343e-6	1.1327132712045899e-8	1.01292733022627e-9	3.9598389742635615e-5
735.0	2.252824330915745e-8	1.74866463790287e-9	3.849991275484275e-6	1.132858611747528e-8	1.01311135263985e-9	3.959838979471063e-5
736.0	2.2493904270478715e-8	1.747072544783111e-9	3.849991221355231e-6	1.1326239133882387e-8	1.0128365974167393e-9	3.959838965478725e-5
737.0	2.246551072898633e-8	1.7473880348833344e-9	3.8499911896922365e-6	1.1328397233169664e-8	1.0130950531675988e-9	3.95983896326617e-5
738.0	2.249859270552172e-8	1.7478651979026852e-9	3.84999155928336e-6	1.1328871230454557e-8	1.0127020855432899e-9	3.9598389884838054e-5
739.0	2.250971090959814e-8	1.747130888310088e-9	3.849990357196275e-6	1.1331132367781907e-8	1.012900258560799e-9	3.959838971762377e-5
740.0	2.252227007248304e-8	1.7487783055364674e-9	3.849990578201706e-6	1.1333201586621044e-8	1.0127571374728179e-9	3.959839032980103e-5
741.0	2.2513836451735227e-8	1.7508921817810009e-9	3.8499909327745855e-6	1.1334362127550682e-8	1.01286723812514e-9	3.959838989284484e-5
742.0	2.2478751452915398e-8	1.7495650006329628e-9	3.849991422470597e-6	1.1335742499292774e-8	1.013021982422398e-9	3.959839058412002e-5
743.0	2.248656911797274e-8	1.750702714897864e-9	3.849991225363229e-6	1.1334624117800721e-8	1.0131638962189616e-9	3.959839001673111e-5
744.0	2.249347723080139e-8	1.7510806494250647e-9	3.8499913029043885e-6	1.1334482899005407e-8	1.0134035935848472e-9	3.959839052334857e-5
745.0	2.2532424280557402e-8	1.7492330038627613e-9	3.8499915328098175e-6	1.133106165147975e-8	1.0137188834303807e-9	3.9598390266105e-5
746.0	2.2522090637168802e-8	1.7499617707631732e-9	3.849990945044766e-6	1.1330538938209245e-8	1.013803934215663e-9	3.9598390412292924e-5
747.0	2.248031226179466e-8	1.7486653324571805e-9	3.849990870355621e-6	1.1327116064889366e-8	1.0138909830784003e-9	3.959839058965307e-5
748.0	2.2479453094303177e-8	1.7500910921947711e-9	3.8499910488895855e-6	1.1327577105684703e-8	1.0135701821958817e-9	3.9598390230266926e-5
749.0	2.2494176434909284e-8	1.7503901804785792e-9	3.849990873421568e-6	1.1326319927423105e-8	1.0134126553669763e-9	3.9598390653404315e-5
750.0	2.2543235018595627e-8	1.751471428947051e-9	3.849990525528858e-6	1.1328487601467325e-8	1.0131314693615085e-9	3.959839019375172e-5
751.0	2.2503473616291314e-8	1.7520731170979348e-9	3.849990914946798e-6	1.1329947375462194e-8	1.0129514786338575e-9	3.959839072391312e-5
752.0	2.2503381809483254e-8	1.7513566156641673e-9	3.8499916782980295e-6	1.1332855564133348e-8	1.0131745695189496e-9	3.959839047937058e-5
753.0	2.2491775638715945e-8	1.7519889515538831e-9	3.849991057989463e-6	1.1335263643457432e-8	1.0129707888845011e-9	3.959839077955991e-5
754.0	2.2501617880010546e-8	1.7503150712461879e-9	3.84999110550547e-6	1.1336730422316232e-8	1.0133322950892675e-9	3.9598390670323825e-5
755.0	2.2522330351027815e-8	1.75104716809019e-9	3.849990846914868e-6	1.133715641054072e-8	1.0129600886316528e-9	3.959839068990667e-5
756.0	2.2505956530298194e-8	1.7514427285545433e-9	3.849991026495022e-6	1.1335874223493964e-8	1.0133674015482877e-9	3.959839071958577e-5
757.0	2.251682568886427e-8	1.7503201736246311e-9	3.849990744370296e-6	1.133381826113707e-8	1.013125210313743e-9	3.959839063209724e-5
758.0	2.24990189231367e-8	1.7521634521890162e-9	3.849990812446702e-6	1.133025717716561e-8	1.0132038995378928e-9	3.9598390839784916e-5
759.0	2.2498909015617143e-8	1.752314859878595e-9	3.849991460083042e-6	1.1327533604474323e-8	1.0133192650985318e-9	3.959839077825922e-5
760.0	2.2515408482308238e-8	1.7543358654817143e-9	3.849991135835979e-6	1.1324874143325275e-8	1.01284593311868e-9	3.959839097413657e-5
761.0	2.2528817819995812e-8	1.7521866974084747e-9	3.849991110870202e-6	1.1323938098043995e-8	1.0130787356559075e-9	3.959839099288594e-5
762.0	2.2510924147900712e-8	1.7539590084599162e-9	3.849991241813342e-6	1.1325138759221486e-8	1.012528133242147e-9	3.959839117253681e-5
763.0	2.2514134927151294e-8	1.753313964258156e-9	3.849991870990273e-6	1.1326895786171947e-8	1.0130281586325584e-9	3.9598391333473536e-5
764.0	2.2520585879685062e-8	1.7513327199348524e-9	3.849990936213245e-6	1.1331633509444246e-8	1.0131084520957323e-9	3.959839171768635e-5
765.0	2.251549740740885e-8	1.7527642901906872e-9	3.849990659462055e-6	1.133500036109355e-8	1.0133848799397036e-9	3.959839163465471e-5
766.0	2.251037964464305e-8	1.7525436481428635e-9	3.849991155576928e-6	1.1339386949796983e-8	1.0137347295638018e-9	3.959839193669702e-5
767.0	2.250238005274637e-8	1.7520263408120437e-9	3.849990931524793e-6	1.134109228805335e-8	1.0133627760885368e-9	3.959839147391361e-5
768.0	2.252782604575237e-8	1.7538661554966856e-9	3.849991052880595e-6	1.1341705225148167e-8	1.01365222603735e-9	3.959839158554827e-5
769.0	2.2522197900098107e-8	1.7550033383236364e-9	3.849991390603731e-6	1.1339067232111525e-8	1.0129493599029326e-9	3.959839103152749e-5
770.0	2.250831889588531e-8	1.754017276319599e-9	3.849991756709949e-6	1.133590678999457e-8	1.0132439865274157e-9	3.9598390880360397e-5
771.0	2.2512847530882127e-8	1.7538944579079893e-9	3.849990783780738e-6	1.1330996602607538e-8	1.013008047486341e-9	3.959839062558628e-5
772.0	2.2518011462875428e-8	1.753106079227681e-9	3.84999103306781e-6	1.1326608223805947e-8	1.0130499290824657e-9	3.9598390327179117e-5
773.0	2.25111847872241e-8	1.7531473335581277e-9	3.849990863444673e-6	1.1323306866227268e-8	1.0131443089947318e-9	3.959839034953196e-5
774.0	2.2537176495973642e-8	1.7519239002803548e-9	3.8499908812691446e-6	1.1320672707791412e-8	1.0128302419415897e-9	3.9598390072093356e-5
775.0	2.253068005273048e-8	1.7542697794073522e-9	3.849991093360321e-6	1.1321558537301321e-8	1.0133133877401807e-9	3.959839026777293e-5
776.0	2.2545036691818202e-8	1.753734707915384e-9	3.849990968830096e-6	1.1322511268902148e-8	1.0129120393400449e-9	3.959838997729853e-5
777.0	2.2506077454266692e-8	1.7530765838898458e-9	3.849990970738792e-6	1.1327899961524422e-8	1.013454355613792e-9	3.9598390219927933e-5
778.0	2.249351901950331e-8	1.7538344010258796e-9	3.8499905965608855e-6	1.1331343964696101e-8	1.0133697218949345e-9	3.9598389897540404e-5
779.0	2.2553992537948658e-8	1.7538130406830554e-9	3.849990974139394e-6	1.1337526806571508e-8	1.0134998395518267e-9	3.959839010176359e-5
780.0	2.25431008368642e-8	1.7544493350270431e-9	3.849990850784184e-6	1.134108613606163e-8	1.0136885831479369e-9	3.95983897999165e-5
781.0	2.253124769818912e-8	1.7533993358054022e-9	3.8499910996375e-6	1.1344557433676951e-8	1.0133486757212238e-9	3.959838981027858e-5
782.0	2.248705973367794e-8	1.7546518118410178e-9	3.849991352842946e-6	1.1344099509803651e-8	1.013670075667958e-9	3.9598389552017416e-5
783.0	2.2488414764015412e-8	1.7545467724350539e-9	3.849990789114892e-6	1.1343322932439416e-8	1.0133079359775448e-9	3.959838951773878e-5
784.0	2.2543874080377983e-8	1.7545490522469776e-9	3.849990644722366e-6	1.1338505957219403e-8	1.0137239934751008e-9	3.959838939736524e-5
785.0	2.2563404408884232e-8	1.7555701220261999e-9	3.849990892676597e-6	1.133454523327009e-8	1.0136073232914044e-9	3.959838952405493e-5
786.0	2.253229382088995e-8	1.7540613710669097e-9	3.849991049154053e-6	1.1329433071732051e-8	1.0137047738328196e-9	3.959838943858765e-5
787.0	2.2521303621809273e-8	1.753821703472682e-9	3.849990890648881e-6	1.1325173937377345e-8	1.0137562277552748e-9	3.959838957774703e-5
788.0	2.2493340463763166e-8	1.7543137078986586e-9	3.849991289877895e-6	1.1322196854676721e-8	1.0133719344357057e-9	3.9598389620450394e-5
789.0	2.252645566664e-8	1.7547843155405436e-9	3.84999128945426e-6	1.1320294634496745e-8	1.0136189339471e-9	3.9598389615874566e-5
790.0	2.25699471979208e-8	1.7557455092772101e-9	3.8499908004044956e-6	1.1321820053746432e-8	1.0133327304170481e-9	3.959838993052813e-5
791.0	2.256014828069376e-8	1.7558079450740856e-9	3.849990723609098e-6	1.132304526077685e-8	1.013776821857518e-9	3.9598389774576265e-5
792.0	2.251573023295108e-8	1.7564134996890748e-9	3.84999124564535e-6	1.1328053161082808e-8	1.0134437890485182e-9	3.959839004915386e-5
793.0	2.2493838134078947e-8	1.75534782509266e-9	3.849990675322584e-6	1.1331531439251449e-8	1.013570313189739e-9	3.9598389912274434e-5
794.0	2.2508204652933343e-8	1.7546582272164078e-9	3.849990750546775e-6	1.1336673222430495e-8	1.0131766342509369e-9	3.959839008783631e-5
795.0	2.256506972409941e-8	1.7555867067664922e-9	3.849991203283929e-6	1.1339144433731024e-8	1.0129533756153729e-9	3.959839004199167e-5
796.0	2.2554346650965512e-8	1.7553457221209396e-9	3.849991443092089e-6	1.1341480763521811e-8	1.012829088862574e-9	3.959839016779222e-5
797.0	2.252093034342659e-8	1.7553581680815036e-9	3.849990565481235e-6	1.1341422324665797e-8	1.0126073404489535e-9	3.95983901916242e-5
798.0	2.2506487426197217e-8	1.7563970818862149e-9	3.849990787945607e-6	1.1341023117631234e-8	1.0129514813926122e-9	3.959839023100295e-5
799.0	2.2507549373253887e-8	1.7563893124357892e-9	3.849990834934124e-6	1.1339471606972892e-8	1.0127684880437798e-9	3.959839029663704e-5
800.0	2.254523465323774e-8	1.7562917077240457e-9	3.84999092404417e-6	1.1337820966138605e-8	1.0132046192205112e-9	3.959839033516487e-5
