turn	x1	x2	y1	y2
1	1.087257e-5	4.723237e-7	1.022345e-5	-7.679844e-7
2	1.003777e-5	3.032082e-7	1.088203e-5	2.951721e-7
3	1.049796e-5	-4.768564e-7	1.050366e-5	7.56532e-7
4	1.097518e-5	3.187196e-7	1.014821e-5	-7.068874e-7
5	1.016265e-5	4.862778e-7	1.083376e-5	1.043815e-7
6	1.02959e-5	-4.527033e-7	1.061757e-5	8.618139e-7
7	1.100928e-5	1.181498e-7	1.009701e-5	-6.051796e-7
8	1.033805e-5	6.263646e-7	1.076351e-5	-8.501279e-8
9	1.012903e-5	-3.462606e-7	1.071964e-5	9.248072e-7
10	1.09708e-5	-1.047842e-7	1.007368e-5	-4.747888e-7
11	1.053825e-5	6.926225e-7	1.068399e-5	-2.592231e-7
12	1.001352e-5	-1.676516e-7	1.080481e-5	9.533514e-7
13	1.086818e-5	-3.055821e-7	1.008501e-5	-3.274279e-7
14	1.073483e-5	6.71454e-7	1.059239e-5	-4.17976e-7
15	9.95819e-6	4.706443e-8	1.087296e-5	9.462944e-7
16	1.07032e-5	-4.573007e-7	1.011679e-5	-1.635491e-7
17	1.091111e-5	5.705189e-7	1.049174e-5	-5.533919e-7
18	9.987799e-6	2.813065e-7	1.093301e-5	9.018312e-7
19	1.049571e-5	-5.419305e-7	1.016693e-5	7.120925e-9
20	1.103972e-5	3.926818e-7	1.038584e-5	-6.519757e-7
21	1.009539e-5	5.02215e-7	1.097256e-5	8.178319e-7
22	1.027444e-5	-5.332957e-7	1.024294e-5	1.804376e-7
23	1.110791e-5	1.605908e-7	1.028118e-5	-7.191222e-7
24	1.027529e-5	6.684463e-7	1.098607e-5	6.987232e-7
25	1.007385e-5	-4.264595e-7	1.033601e-5	3.496073e-7
26	1.108892e-5	-1.005361e-7	1.018525e-5	-7.462007e-7
27	1.049623e-5	7.66561e-7	1.096856e-5	5.599218e-7
28	9.918491e-6	-2.285932e-7	1.044556e-5	5.019943e-7
29	1.098453e-5	-3.544834e-7	1.010577e-5	-7.410231e-7
30	1.073572e-5	7.699392e-7	1.093511e-5	4.037863e-7
31	9.835065e-6	3.923095e-8	1.055481e-5	6.327224e-7
32	1.079975e-5	-5.647744e-7	1.004542e-5	-6.995673e-7
33	1.096004e-5	6.609937e-7	1.087962e-5	2.354002e-7
34	9.851849e-6	3.382214e-7	1.066144e-5	7.333839e-7
35	1.055789e-5	-6.805673e-7	1.001282e-5	-6.235521e-7
36	1.113331e-5	4.324033e-7	1.080223e-5	6.922875e-8
37	9.976509e-6	6.231701e-7	1.076719e-5	8.07613e-7
38	1.029018e-5	-6.675402e-7	1.000562e-5	-5.25603e-7
39	1.12182e-5	1.255823e-7	1.070718e-5	-9.520979e-8
40	1.018738e-5	8.364748e-7	1.086158e-5	8.55595e-7
41	1.004532e-5	-5.100179e-7	1.002512e-5	-4.042454e-7
42	1.119774e-5	-2.129463e-7	1.05928e-5	-2.554592e-7
43	1.044808e-5	9.383738e-7	1.093325e-5	8.711087e-7
44	9.867021e-6	-2.334534e-7	1.00812e-5	-2.579563e-7
45	1.106445e-5	-5.238755e-7	1.047432e-5	-3.996683e-7
46	1.07176e-5	8.991717e-7	1.097216e-5	8.52823e-7
47	9.792152e-6	1.144165e-7	1.016246e-5	-9.552957e-8
48	1.084409e-5	-7.546908e-7	1.03611e-5	-5.271279e-7
49	1.094244e-5	7.201176e-7	1.098412e-5	8.033236e-7
50	9.839803e-6	4.775862e-7	1.025941e-5	7.974949e-8
51	1.058437e-5	-8.503098e-7	1.026661e-5	-6.28484e-7
52	1.109334e-5	4.200875e-7	1.096781e-5	7.156748e-7
53	9.9862e-6	8.056549e-7	1.036484e-5	2.622258e-7
54	1.033098e-5	-7.886577e-7	1.019483e-5	-6.878432e-7
55	1.114873e-5	3.900028e-8	1.092992e-5	5.808664e-7
56	1.01972e-5	1.035351e-6	1.047608e-5	4.388384e-7
57	1.012371e-5	-5.639892e-7	1.013794e-5	-7.021949e-7
58	1.110555e-5	-3.596444e-7	1.08663e-5	4.111801e-7
59	1.044004e-5	1.107402e-6	1.058825e-5	5.994053e-7
60	9.981663e-6	-2.147555e-7	1.010951e-5	-6.761042e-7
61	1.097209e-5	-6.981188e-7	1.078598e-5	2.194008e-7
62	1.068104e-5	1.01027e-6	1.067995e-5	7.359626e-7
63	9.936037e-6	1.952125e-7	1.01116e-5	-6.018776e-7
64	1.076905e-5	-9.211458e-7	1.069649e-5	1.027306e-8
65	1.086819e-5	7.617584e-7	1.075488e-5	8.393616e-7
66	9.996944e-6	5.956942e-7	1.01355e-5	-4.77517e-7
67	1.053988e-5	-9.782402e-7	1.05982e-5	-1.983227e-7
68	1.096862e-5	3.998854e-7	1.081344e-5	8.968839e-7
69	1.014728e-5	9.266161e-7	1.018206e-5	-3.139007e-7
70	1.032882e-5	-8.549654e-7	1.050459e-5	-4.000529e-7
71	1.096603e-5	-2.130163e-8	1.084682e-5	9.073872e-7
72	1.034994e-5	1.123181e-6	1.024682e-5	-1.134841e-7
73	1.018515e-5	-5.663911e-7	1.042038e-5	-5.79296e-7
74	1.087893e-5	-4.268883e-7	1.085343e-5	8.61853e-7
75	1.05469e-5	1.147872e-6	1.032418e-5	1.047481e-7
76	1.012657e-5	-1.760541e-7	1.035132e-5	-7.173682e-7
77	1.073966e-5	-7.429378e-7	1.083574e-5	7.576977e-7
78	1.070754e-5	9.962843e-7	1.040518e-5	3.324935e-7
79	1.015704e-5	2.454587e-7	1.02995e-5	-8.04295e-7
80	1.057463e-5	-9.212658e-7	1.079861e-5	6.02583e-7
81	1.079539e-5	7.081106e-7	1.048842e-5	5.467319e-7
82	1.025635e-5	6.291907e-7	1.026032e-5	-8.305671e-7
83	1.042246e-5	-9.359877e-7	1.075487e-5	4.101532e-7
84	1.079994e-5	3.396007e-7	1.055853e-5	7.377761e-7
85	1.039726e-5	9.161847e-7	1.023833e-5	-8.022319e-7
86	1.031438e-5	-7.903808e-7	1.071179e-5	1.928061e-7
87	1.073688e-5	-5.513658e-8	1.061083e-5	8.920823e-7
88	1.054214e-5	1.075048e-6	1.023478e-5	-7.196782e-7
89	1.028234e-5	-5.139971e-7	1.06675e-5	-2.519976e-8
90	1.062382e-5	-4.214289e-7	1.065533e-5	9.934902e-7
91	1.064985e-5	1.084401e-6	1.023629e-5	-5.902436e-7
92	1.03137e-5	-1.622032e-7	1.062014e-5	-2.382824e-7
93	1.050737e-5	-7.013676e-7	1.069767e-5	1.054887e-6
94	1.069627e-5	9.549683e-7	1.024409e-5	-4.301565e-7
95	1.03845e-5	2.094176e-7	1.056728e-5	-4.394403e-7
96	1.041163e-5	-8.607325e-7	1.07386e-5	1.069183e-6
97	1.068131e-5	7.11779e-7	1.026043e-5	-2.43111e-7
98	1.048398e-5	5.55375e-7	1.051874e-5	-6.183352e-7
99	1.034839e-5	-8.844837e-7	1.07637e-5	1.033928e-6
100	1.062709e-5	3.843772e-7	1.028387e-5	-3.167607e-8
101	1.058338e-5	8.340914e-7	1.048051e-5	-7.695303e-7
102	1.033384e-5	-7.706899e-7	1.07734e-5	9.519526e-7
103	1.054896e-5	1.929901e-8	1.031441e-5	1.872091e-7
104	1.066067e-5	9.995469e-7	1.043916e-5	-8.791435e-7
105	1.035914e-5	-5.294785e-7	1.077844e-5	8.29722e-7
106	1.046564e-5	-3.320353e-7	1.034937e-5	4.058553e-7
107	1.070147e-5	1.029898e-6	1.040294e-5	-9.44299e-7
108	1.041343e-5	-1.94961e-7	1.077047e-5	6.686472e-7
109	1.038358e-5	-6.178063e-7	1.038824e-5	6.126608e-7
110	1.069337e-5	9.163568e-7	1.037686e-5	-9.566583e-7
111	1.049282e-5	1.737235e-7	1.075108e-5	4.778482e-7
112	1.03307e-5	-7.826147e-7	1.042943e-5	7.913322e-7
113	1.063852e-5	6.803602e-7	1.035972e-5	-9.21033e-7
114	1.057251e-5	5.066714e-7	1.072044e-5	2.741892e-7
115	1.032101e-5	-8.06812e-7	1.047381e-5	9.310963e-7
116	1.056578e-5	3.623634e-7	1.034618e-5	-8.424488e-7
117	1.064317e-5	7.681764e-7	1.069039e-5	6.000793e-8
118	1.034896e-5	-6.953563e-7	1.05144e-5	1.035195e-6
119	1.048609e-5	1.649817e-8	1.033776e-5	-7.186817e-7
120	1.067768e-5	9.210813e-7	1.065868e-5	-1.516911e-7
121	1.040678e-5	-4.625536e-7	1.055273e-5	1.091323e-6
122	1.04209e-5	-3.041983e-7	1.033447e-5	-5.575788e-7
123	1.06715e-5	9.399448e-7	1.062403e-5	-3.496747e-7
124	1.047315e-5	-1.499863e-7	1.058803e-5	1.104001e-6
125	1.03752e-5	-5.561758e-7	1.034238e-5	-3.625852e-7
126	1.063199e-5	8.288224e-7	1.058511e-5	-5.305767e-7
127	1.053758e-5	1.882973e-7	1.061435e-5	1.072933e-6
128	1.036547e-5	-7.072852e-7	1.035999e-5	-1.629449e-7
129	1.057634e-5	6.088057e-7	1.055064e-5	-6.724181e-7
130	1.058755e-5	5.015471e-7	1.063078e-5	9.995613e-7
131	1.03831e-5	-7.38341e-7	1.038177e-5	4.175827e-8
132	1.051829e-5	3.107478e-7	1.051911e-5	-7.799187e-7
133	1.061754e-5	7.52228e-7	1.063029e-5	8.831128e-7
134	1.041844e-5	-6.355973e-7	1.041917e-5	2.428312e-7
135	1.046541e-5	-2.587091e-8	1.049012e-5	-8.398589e-7
136	1.062777e-5	9.038766e-7	1.061663e-5	7.394485e-7
137	1.046127e-5	-4.069686e-7	1.045801e-5	4.259721e-7
138	1.042551e-5	-3.452127e-7	1.047067e-5	-8.597424e-7
139	1.061495e-5	9.253042e-7	1.059189e-5	5.802092e-7
140	1.050791e-5	-8.840527e-8	1.049609e-5	5.838999e-7
141	1.040842e-5	-6.044016e-7	1.045808e-5	-8.441089e-7
142	1.057809e-5	8.033438e-7	1.055954e-5	4.122826e-7
143	1.055686e-5	2.646024e-7	1.053762e-5	7.230121e-7
144	1.040902e-5	-7.52856e-7	1.045706e-5	-7.911877e-7
145	1.052258e-5	5.600416e-7	1.051315e-5	2.310958e-7
146	1.060324e-5	5.901858e-7	1.05743e-5	8.324023e-7
147	1.043003e-5	-7.618803e-7	1.047577e-5	-7.102501e-7
148	1.045429e-5	2.393782e-7	1.046191e-5	5.148881e-8
149	1.06325e-5	8.432205e-7	1.059423e-5	9.141743e-7
150	1.048032e-5	-6.312592e-7	1.051409e-5	-6.086611e-7
151	1.038477e-5	-1.109542e-7	1.041269e-5	-1.236614e-7
152	1.063018e-5	9.82846e-7	1.05878e-5	9.692013e-7
153	1.055446e-5	-3.792606e-7	1.057414e-5	-4.773953e-7
154	1.033844e-5	-4.455213e-7	1.037903e-5	-3.030552e-7
155	1.058824e-5	9.827556e-7	1.055679e-5	9.93198e-7
156	1.063747e-5	-4.020692e-8	1.06341e-5	-3.169536e-7
157	1.03301e-5	-7.072399e-7	1.036072e-5	-4.694488e-7
158	1.051142e-5	8.330009e-7	1.051235e-5	9.80203e-7
159	1.06988e-5	3.330122e-7	1.06957e-5	-1.418362e-7
160	1.036346e-5	-8.382985e-7	1.035638e-5	-6.127199e-7
161	1.042075e-5	5.575323e-7	1.044473e-5	9.310998e-7
162	1.073406e-5	6.65787e-7	1.075817e-5	4.698047e-8
163	1.042327e-5	-8.142626e-7	1.037702e-5	-7.315622e-7
164	1.033326e-5	2.112923e-7	1.036499e-5	8.468373e-7
165	1.073859e-5	9.039873e-7	1.080388e-5	2.411317e-7
166	1.051084e-5	-6.408376e-7	1.042017e-5	-8.147345e-7
167	1.025317e-5	-1.467341e-7	1.028074e-5	7.242422e-7
168	1.070875e-5	1.007573e-6	1.082952e-5	4.307211e-7
169	1.061373e-5	-3.539888e-7	1.048374e-5	-8.597733e-7
170	1.020045e-5	-4.647727e-7	1.020067e-5	5.743279e-7
171	1.064685e-5	9.590775e-7	1.083496e-5	6.140922e-7
172	1.072611e-5	1.316492e-9	1.056595e-5	-8.672828e-7
173	1.018912e-5	-6.82892e-7	1.012719e-5	3.985236e-7
174	1.053679e-5	7.639823e-7	1.081066e-5	7.727225e-7
175	1.082511e-5	3.520611e-7	1.066053e-5	-8.283903e-7
176	1.02325e-5	-7.59385e-7	1.006708e-5	2.05829e-7
177	1.039975e-5	4.680753e-7	1.075778e-5	9.024362e-7
178	1.088646e-5	6.389728e-7	1.076626e-5	-7.453343e-7
179	1.033123e-5	-6.889638e-7	1.003086e-5	4.542317e-9
180	1.024987e-5	1.381393e-7	1.068071e-5	9.955592e-7
181	1.089739e-5	8.170241e-7	1.086982e-5	-6.22848e-7
182	1.047921e-5	-4.943862e-7	1.002117e-5	-1.932345e-7
183	1.01235e-5	-1.718341e-7	1.05845e-5	1.040598e-6
184	1.084203e-5	8.570285e-7	1.09607e-5	-4.680139e-7
185	1.065212e-5	-2.20372e-7	1.005487e-5	-3.768619e-7
186	1.0056e-5	-4.122542e-7	1.046085e-5	1.043961e-6
187	1.071993e-5	7.695368e-7	1.103482e-5	-2.971813e-7
188	1.082228e-5	7.935987e-8	1.012503e-5	-5.313669e-7
189	1.005226e-5	-5.541813e-7	1.032634e-5	1.004202e-6
190	1.054474e-5	5.82519e-7	1.107422e-5	-1.123696e-7
191	1.095684e-5	3.498886e-7	1.022444e-5	-6.531507e-7
192	1.012612e-5	-5.744809e-7	1.019896e-5	9.297224e-7
193	1.034706e-5	3.364555e-7	1.108177e-5	7.237566e-8
194	1.101936e-5	5.464659e-7	1.033585e-5	-7.458449e-7
195	1.027472e-5	-4.818985e-7	1.009149e-5	8.294015e-7
196	1.016142e-5	7.982282e-8	1.105945e-5	2.510042e-7
197	1.1006e-5	6.494805e-7	1.046426e-5	-7.980694e-7
198	1.047331e-5	-3.075313e-7	1.000362e-5	7.021943e-7
199	1.002315e-5	-1.464191e-7	1.100437e-5	4.230086e-7
200	1.091323e-5	6.515171e-7	1.060524e-5	-8.170507e-7
201	1.068299e-5	-8.346756e-8	9.941889e-6	5.503265e-7
202	9.965581e-6	-3.159235e-7	1.091724e-5	5.76627e-7
203	1.074921e-5	5.574615e-7	1.074075e-5	-7.978758e-7
204	1.086516e-5	1.481245e-7	9.907066e-6	3.82476e-7
205	9.993303e-6	-3.965467e-7	1.081456e-5	7.063534e-7
206	1.05452e-5	3.872915e-7	1.086122e-5	-7.442385e-7
207	1.099341e-5	3.543819e-7	9.904644e-6	2.098807e-7
208	1.009716e-5	-3.876696e-7	1.06927e-5	8.033776e-7
209	1.033412e-5	1.751872e-7	1.096724e-5	-6.595409e-7
210	1.105656e-5	4.965661e-7	9.935123e-6	3.454378e-8
211	1.026418e-5	-2.77743e-7	1.055736e-5	8.688208e-7
212	1.013968e-5	-3.763385e-8	1.10578e-5	-5.446325e-7
213	1.103266e-5	5.437559e-7	9.987628e-6	-1.266527e-7
214	1.047742e-5	-9.535271e-8	1.042077e-5	8.942418e-7
215	1.000197e-5	-2.10115e-7	1.112314e-5	-4.148255e-7
216	1.092261e-5	4.912555e-7	1.00647e-5	-2.695118e-7
217	1.069187e-5	1.168453e-7	1.029192e-5	8.91234e-7
218	9.945928e-6	-3.118334e-7	1.115716e-5	-2.719857e-7
219	1.073967e-5	3.51418e-7	1.016247e-5	-3.876775e-7
220	1.088666e-5	3.127646e-7	1.016949e-5	8.516428e-7
221	9.987458e-6	-3.186851e-7	1.116678e-5	-1.216725e-7
222	1.051568e-5	1.571503e-7	1.027586e-5	-4.749941e-7
223	1.101564e-5	4.522506e-7	1.006602e-5	7.80254e-7
224	1.011991e-5	-2.313717e-7	1.114991e-5	3.059017e-8
225	1.029129e-5	-4.669412e-8	1.03909e-5	-5.332538e-7
226	1.105168e-5	5.134277e-7	9.979855e-6	6.823645e-7
227	1.032059e-5	-7.323127e-8	1.111182e-5	1.673954e-7
228	1.010657e-5	-2.105592e-7	1.051436e-5	-5.557825e-7
229	1.099402e-5	4.786459e-7	9.906807e-6	5.739238e-7
230	1.054365e-5	1.194085e-7	1.105105e-5	2.816193e-7
231	9.998009e-6	-3.098829e-7	1.064442e-5	-5.504626e-7
232	1.085098e-5	3.642363e-7	9.850816e-6	4.603194e-7
233	1.075287e-5	3.053306e-7	1.097707e-5	3.71715e-7
234	9.985198e-6	-3.375653e-7	1.077126e-5	-5.179657e-7
235	1.065424e-5	1.959124e-7	9.809051e-6	3.414288e-7
236	1.091115e-5	4.548367e-7	1.088316e-5	4.344878e-7
237	1.006243e-5	-2.841483e-7	1.089675e-5	-4.617014e-7
238	1.044639e-5	2.78953e-9	9.792992e-6	2.345012e-7
239	1.099639e-5	5.426091e-7	1.077241e-5	4.717284e-7
240	1.021217e-5	-1.559356e-7	1.101263e-5	-3.979214e-7
241	1.025301e-5	-1.831871e-7	9.806536e-6	1.489493e-7
242	1.099139e-5	5.554287e-7	1.064456e-5	4.912771e-7
243	1.040607e-5	2.073074e-8	1.111216e-5	-3.332323e-7
244	1.010115e-5	-3.248312e-7	9.844726e-6	7.08913e-8
245	1.091288e-5	4.847786e-7	1.050821e-5	4.981407e-7
246	1.061185e-5	2.175971e-7	1.119929e-5	-2.622374e-7
247	1.002074e-5	-3.987898e-7	9.905473e-6	3.76691e-9
248	1.076658e-5	3.420601e-7	1.036266e-5	4.931069e-7
249	1.080177e-5	3.929883e-7	1.12662e-5	-1.993651e-7
250	1.002484e-5	-3.926061e-7	9.994284e-6	-5.188221e-8
251	1.057593e-5	1.602143e-7	1.020625e-5	4.856166e-7
252	1.094357e-5	5.224296e-7	1.13149e-5	-1.377584e-7
253	1.011235e-5	-3.118402e-7	1.011736e-5	-1.057905e-7
254	1.037041e-5	-2.78705e-8	1.004896e-5	4.696501e-7
255	1.10136e-5	5.863492e-7	1.132863e-5	-6.919957e-8
256	1.027092e-5	-1.69532e-7	1.026748e-5	-1.500125e-7
257	1.018058e-5	-1.935676e-7	9.908628e-6	4.459631e-7
258	1.0994e-5	5.797522e-7	1.130853e-5	-3.131155e-9
259	1.04759e-5	1.213119e-8	1.042692e-5	-1.801241e-7
260	1.005086e-5	-3.201939e-7	9.784487e-6	4.145178e-7
261	1.088809e-5	4.897346e-7	1.126053e-5	5.232536e-8
262	1.067874e-5	2.065696e-7	1.060237e-5	-1.992829e-7
263	1.000198e-5	-3.738756e-7	9.675474e-6	3.786445e-7
264	1.072722e-5	3.290078e-7	1.117475e-5	1.044958e-7
265	1.084614e-5	3.741844e-7	1.077854e-5	-2.071564e-7
266	1.003194e-5	-3.449509e-7	9.607634e-6	3.340076e-7
267	1.053675e-5	1.381467e-7	1.104772e-5	1.467537e-7
268	1.095861e-5	4.831997e-7	1.094857e-5	-2.0114e-7
269	1.01336e-5	-2.393926e-7	9.583629e-6	2.901989e-7
270	1.03538e-5	-5.102724e-8	1.089539e-5	1.850354e-7
271	1.100177e-5	5.19956e-7	1.110415e-5	-1.957565e-7
272	1.028474e-5	-7.703369e-8	9.597921e-6	2.523921e-7
273	1.019089e-5	-2.032807e-7	1.072367e-5	2.13508e-7
274	1.097043e-5	4.737042e-7	1.124136e-5	-1.839295e-7
275	1.046876e-5	1.114851e-7	9.653313e-6	2.199246e-7
276	1.00767e-5	-2.902953e-7	1.053743e-5	2.362411e-7
277	1.087068e-5	3.515455e-7	1.135244e-5	-1.764412e-7
278	1.066087e-5	2.907646e-7	9.751987e-6	1.876051e-7
279	1.002882e-5	-2.955976e-7	1.035043e-5	2.551908e-7
280	1.072052e-5	1.792861e-7	1.143185e-5	-1.691435e-7
281	1.082854e-5	4.193343e-7	9.876263e-6	1.6341e-7
282	1.005687e-5	-2.189547e-7	1.016847e-5	2.648442e-7
283	1.05342e-5	-1.065945e-8	1.146708e-5	-1.616874e-7
284	1.094639e-5	4.695756e-7	1.003569e-5	1.417672e-7
285	1.016047e-5	-7.236373e-8	9.993251e-6	2.778961e-7
286	1.034347e-5	-1.703918e-7	1.145974e-5	-1.575825e-7
287	1.098778e-5	4.388909e-7	1.02209e-5	1.227831e-7
288	1.031865e-5	1.053038e-7	9.833928e-6	2.954159e-7
289	1.018051e-5	-2.719343e-7	1.139818e-5	-1.57045e-7
290	1.094685e-5	3.335916e-7	1.042626e-5	1.050127e-7
291	1.05019e-5	2.82742e-7	9.71226e-6	3.083955e-7
292	1.008083e-5	-2.931575e-7	1.12948e-5	-1.486228e-7
293	1.082867e-5	1.715951e-7	1.062334e-5	8.388145e-8
294	1.067921e-5	4.26356e-7	9.639433e-6	3.289406e-7
295	1.006008e-5	-2.333765e-7	1.116081e-5	-1.401068e-7
296	1.066811e-5	-1.435043e-8	1.080424e-5	5.767755e-8
297	1.082437e-5	5.044242e-7	9.617132e-6	3.483789e-7
298	1.010941e-5	-9.93109e-8	1.100116e-5	-1.265688e-7
299	1.04927e-5	-1.91856e-7	1.096843e-5	2.459359e-8
300	1.091189e-5	4.977511e-7	9.641668e-6	3.63614e-7
301	1.022857e-5	7.974926e-8	1.081729e-5	-1.088296e-7
302	1.032023e-5	-3.210203e-7	1.110543e-5	-7.540319e-9
303	1.092585e-5	4.113353e-7	9.704261e-6	3.731615e-7
304	1.038879e-5	2.73282e-7	1.064127e-5	-8.907804e-8
305	1.01929e-5	-3.794034e-7	1.119613e-5	-4.033242e-8
306	1.086425e-5	2.649163e-7	9.796798e-6	3.785501e-7
307	1.055191e-5	4.464168e-7	1.047118e-5	-6.20257e-8
308	1.012441e-5	-3.584731e-7	1.124868e-5	-7.350313e-8
309	1.075241e-5	7.570284e-8	9.918558e-6	3.784378e-7
310	1.069421e-5	5.784416e-7	1.030927e-5	-2.458676e-8
311	1.011523e-5	-2.611737e-7	1.126654e-5	-1.034782e-7
312	1.06132e-5	-1.3381e-7	1.005862e-5	3.741334e-7
313	1.080584e-5	6.391689e-7	1.016979e-5	1.517237e-8
314	1.016726e-5	-8.971409e-8	1.125254e-5	-1.361049e-7
315	1.046558e-5	-3.374925e-7	1.020239e-5	3.691331e-7
316	1.086677e-5	6.144376e-7	1.006254e-5	5.697467e-8
317	1.027023e-5	1.298794e-7	1.120808e-5	-1.703065e-7
318	1.033254e-5	-4.865114e-7	1.03445e-5	3.556316e-7
319	1.08696e-5	5.003231e-7	9.982742e-6	1.006213e-7
320	1.041193e-5	3.709151e-7	1.113992e-5	-2.02836e-7
321	1.022334e-5	-5.540387e-7	1.048253e-5	3.403904e-7
322	1.081165e-5	3.014326e-7	9.930665e-6	1.448687e-7
323	1.056608e-5	5.953578e-7	1.105473e-5	-2.346988e-7
324	1.016638e-5	-5.181383e-7	1.060036e-5	3.213377e-7
325	1.069786e-5	4.526846e-8	9.909677e-6	1.907359e-7
326	1.070053e-5	7.600103e-7	1.096156e-5	-2.625844e-7
327	1.01761e-5	-3.744041e-7	1.070438e-5	2.982994e-7
328	1.055694e-5	-2.299142e-7	9.908051e-6	2.462866e-7
329	1.079236e-5	8.175028e-7	1.086186e-5	-2.890627e-7
330	1.024829e-5	-1.34323e-7	1.079359e-5	2.635344e-7
331	1.041729e-5	-4.724543e-7	9.92699e-6	3.095323e-7
332	1.082593e-5	7.557969e-7	1.075828e-5	-3.066017e-7
333	1.0368e-5	1.567905e-7	1.087154e-5	2.169226e-7
334	1.030057e-5	-6.333716e-7	9.956118e-6	3.764718e-7
335	1.079131e-5	5.820742e-7	1.065408e-5	-3.171347e-7
336	1.050871e-5	4.48074e-7	1.093457e-5	1.609251e-7
337	1.023108e-5	-6.732395e-7	1.000584e-5	4.412448e-7
338	1.070429e-5	3.224226e-7	1.054729e-5	-3.137827e-7
339	1.063806e-5	6.918952e-7	1.098208e-5	9.255459e-8
340	1.022336e-5	-5.957639e-7	1.007299e-5	5.062485e-7
341	1.057595e-5	2.113739e-8	1.044167e-5	-2.935598e-7
342	1.073829e-5	8.433924e-7	1.100332e-5	2.902222e-9
343	1.027261e-5	-4.059615e-7	1.016239e-5	5.586316e-7
344	1.04483e-5	-2.752471e-7	1.034207e-5	-2.48732e-7
345	1.078592e-5	8.735104e-7	1.100457e-5	-8.615488e-8
346	1.036812e-5	-1.363298e-7	1.025289e-5	5.852625e-7
347	1.033798e-5	-5.153485e-7	1.025991e-5	-1.872705e-7
348	1.077535e-5	7.761111e-7	1.098572e-5	-1.773174e-7
349	1.049061e-5	1.718409e-7	1.034923e-5	5.976796e-7
350	1.025432e-5	-6.485798e-7	1.019206e-5	-1.06353e-7
351	1.071489e-5	5.695935e-7	1.095235e-5	-2.626063e-7
352	1.06122e-5	4.624818e-7	1.044987e-5	5.874567e-7
353	1.02239e-5	-6.537863e-7	1.013691e-5	-1.561516e-8
354	1.061523e-5	2.849121e-7	1.09012e-5	-3.277686e-7
355	1.071417e-5	6.851386e-7	1.055235e-5	5.553236e-7
356	1.024695e-5	-5.262916e-7	1.010641e-5	8.238324e-8
357	1.049344e-5	-2.382666e-8	1.083397e-5	-3.841488e-7
358	1.07811e-5	7.941745e-7	1.063545e-5	5.10274e-7
359	1.032313e-5	-3.033454e-7	1.009697e-5	1.812838e-7
360	1.037083e-5	-3.060601e-7	1.0764e-5	-4.279987e-7
361	1.079479e-5	7.741528e-7	1.070901e-5	4.515686e-7
362	1.043801e-5	-1.111846e-8	1.009633e-5	2.758206e-7
363	1.028027e-5	-5.093619e-7	1.068472e-5	-4.493023e-7
364	1.074634e-5	6.270026e-7	1.077224e-5	3.75508e-7
365	1.055989e-5	2.98675e-7	1.01213e-5	3.675815e-7
366	1.023815e-5	-5.928678e-7	1.059859e-5	-4.538547e-7
367	1.065187e-5	3.804251e-7	1.081543e-5	2.957971e-7
368	1.066448e-5	5.676315e-7	1.01691e-5	4.513592e-7
369	1.02519e-5	-5.370245e-7	1.051747e-5	-4.443498e-7
370	1.053795e-5	7.997425e-8	1.083849e-5	2.017254e-7
371	1.073107e-5	7.362461e-7	1.023094e-5	5.253972e-7
372	1.031171e-5	-3.54754e-7	1.044836e-5	-4.139025e-7
373	1.042892e-5	-2.216243e-7	1.084096e-5	9.63084e-8
374	1.075559e-5	7.734824e-7	1.030302e-5	5.910139e-7
375	1.040721e-5	-8.116754e-8	1.038402e-5	-3.627743e-7
376	1.033953e-5	-4.614903e-7	1.082785e-5	-2.204126e-8
377	1.073268e-5	6.720784e-7	1.037992e-5	6.363223e-7
378	1.052089e-5	2.255515e-7	1.033584e-5	-2.861066e-7
379	1.028544e-5	-5.881097e-7	1.07978e-5	-1.394729e-7
380	1.066935e-5	4.544457e-7	1.044777e-5	6.632817e-7
381	1.062539e-5	5.097985e-7	1.030342e-5	-1.944662e-7
382	1.026923e-5	-5.818902e-7	1.075606e-5	-2.504875e-7
383	1.057137e-5	1.61277e-7	1.05107e-5	6.673765e-7
384	1.070905e-5	7.191053e-7	1.029067e-5	-8.92439e-8
385	1.03001e-5	-4.402754e-7	1.070137e-5	-3.494767e-7
386	1.045511e-5	-1.473876e-7	1.056955e-5	6.412947e-7
387	1.075576e-5	8.041886e-7	1.029079e-5	3.564825e-8
388	1.037658e-5	-1.936723e-7	1.063771e-5	-4.364632e-7
389	1.034942e-5	-4.157947e-7	1.062585e-5	5.90768e-7
390	1.075191e-5	7.580633e-7	1.031089e-5	1.625277e-7
391	1.049153e-5	1.058849e-7	1.056565e-5	-4.923644e-7
392	1.027308e-5	-5.911562e-7	1.066252e-5	5.18634e-7
393	1.069017e-5	5.889525e-7	1.035328e-5	2.821247e-7
394	1.061849e-5	4.046014e-7	1.049971e-5	-5.23466e-7
395	1.02459e-5	-6.460322e-7	1.066535e-5	4.276171e-7
396	1.059256e-5	3.32725e-7	1.041499e-5	3.959563e-7
397	1.071541e-5	6.492916e-7	1.044989e-5	-5.273736e-7
398	1.027227e-5	-5.74637e-7	1.064787e-5	3.183273e-7
399	1.047751e-5	3.432223e-8	1.047996e-5	4.949066e-7
400	1.077343e-5	8.02927e-7	1.04154e-5	-5.082288e-7
401	1.033738e-5	-3.907218e-7	1.061033e-5	2.056039e-7
402	1.036296e-5	-2.528376e-7	1.054407e-5	5.744098e-7
403	1.078823e-5	8.340737e-7	1.040753e-5	-4.668483e-7
404	1.044353e-5	-1.270132e-7	1.055394e-5	9.339417e-8
405	1.027235e-5	-4.802334e-7	1.059119e-5	6.293982e-7
406	1.074533e-5	7.443483e-7	1.042765e-5	-4.004091e-7
407	1.056049e-5	1.643023e-7	1.04871e-5	-1.586783e-8
408	1.023509e-5	-6.127738e-7	1.062555e-5	6.607568e-7
409	1.065776e-5	5.58416e-7	1.046053e-5	-3.138683e-7
410	1.065584e-5	4.359769e-7	1.042024e-5	-1.203766e-7
411	1.025558e-5	-6.394874e-7	1.064334e-5	6.649234e-7
412	1.054989e-5	3.137283e-7	1.051315e-5	-2.160091e-7
413	1.071578e-5	6.55916e-7	1.036206e-5	-2.1106e-7
414	1.031781e-5	-5.675881e-7	1.063419e-5	6.479241e-7
415	1.04426e-5	4.066271e-8	1.057813e-5	-1.119517e-7
416	1.072884e-5	7.944839e-7	1.032014e-5	-2.919669e-7
417	1.041393e-5	-4.068139e-7	1.060173e-5	6.073391e-7
418	1.035929e-5	-2.199199e-7	1.064799e-5	-1.22807e-9
419	1.069982e-5	8.351958e-7	1.029829e-5	-3.516394e-7
420	1.051599e-5	-1.787301e-7	1.055384e-5	5.507963e-7
421	1.031048e-5	-4.433673e-7	1.0715e-5	1.061993e-7
422	1.063819e-5	7.806243e-7	1.029495e-5	-3.921106e-7
423	1.060805e-5	8.985043e-8	1.048701e-5	4.823431e-7
424	1.030372e-5	-5.974354e-7	1.077383e-5	2.108497e-7
425	1.055032e-5	6.3455e-7	1.031911e-5	-4.097326e-7
426	1.068067e-5	3.613525e-7	1.040366e-5	3.994091e-7
427	1.034072e-5	-6.620352e-7	1.081491e-5	3.065779e-7
428	1.045107e-5	4.10605e-7	1.036405e-5	-4.083475e-7
429	1.071377e-5	6.023591e-7	1.032217e-5	3.034786e-7
430	1.042315e-5	-6.247846e-7	1.08402e-5	3.911134e-7
431	1.035787e-5	1.393474e-7	1.042094e-5	-3.838978e-7
432	1.070509e-5	7.782758e-7	1.025341e-5	1.967464e-7
433	1.051974e-5	-4.872601e-7	1.08421e-5	4.549701e-7
434	1.029242e-5	-1.472036e-7	1.048443e-5	-3.39224e-7
435	1.065513e-5	8.593174e-7	1.019373e-5	9.481321e-8
436	1.062439e-5	-2.526474e-7	1.083215e-5	4.946345e-7
437	1.026593e-5	-4.069478e-7	1.055401e-5	-2.761456e-7
438	1.056624e-5	8.243417e-7	1.014461e-5	-2.711375e-9
439	1.071839e-5	2.956543e-8	1.080573e-5	5.142592e-7
440	1.028422e-5	-5.915804e-7	1.062755e-5	-1.967338e-7
441	1.045526e-5	6.788649e-7	1.01042e-5	-9.642087e-8
442	1.078463e-5	3.217826e-7	1.0775e-5	5.117046e-7
443	1.035819e-5	-6.686695e-7	1.069845e-5	-9.961986e-8
444	1.03385e-5	4.389877e-7	1.007466e-5	-1.678881e-7
445	1.079403e-5	5.831941e-7	1.0728e-5	4.765938e-7
446	1.047501e-5	-6.276761e-7	1.077732e-5	-4.533452e-9
447	1.024101e-5	1.457503e-7	1.006083e-5	-2.132737e-7
448	1.074666e-5	7.655453e-7	1.065496e-5	4.26479e-7
449	1.060361e-5	-4.688336e-7	1.085623e-5	8.469355e-8
450	1.018982e-5	-1.530134e-7	1.006603e-5	-2.398842e-7
451	1.064823e-5	8.32801e-7	1.056866e-5	3.610063e-7
452	1.072689e-5	-2.135318e-7	1.092359e-5	1.641916e-7
453	1.019798e-5	-4.143626e-7	1.00944e-5	-2.387066e-7
454	1.051551e-5	7.75653e-7	1.04746e-5	2.887461e-7
455	1.081777e-5	9.638829e-8	1.098027e-5	2.268568e-7
456	1.026161e-5	-5.90232e-7	1.013897e-5	-2.183896e-7
457	1.03787e-5	5.910195e-7	1.037251e-5	2.135388e-7
458	1.086138e-5	4.070546e-7	1.101895e-5	2.749339e-7
459	1.037158e-5	-6.392045e-7	1.021207e-5	-1.850883e-7
460	1.025534e-5	3.100864e-7	1.027331e-5	1.393077e-7
461	1.084253e-5	6.680412e-7	1.102661e-5	3.03912e-7
462	1.051189e-5	-5.493623e-7	1.029916e-5	-1.355849e-7
463	1.016684e-5	-1.817083e-8	1.018819e-5	7.283595e-8
464	1.075942e-5	8.267647e-7	1.101537e-5	3.097604e-7
465	1.066711e-5	-3.340162e-7	1.039547e-5	-7.935057e-8
466	1.013512e-5	-3.371904e-7	1.011145e-5	1.896664e-8
467	1.062194e-5	8.516561e-7	1.09866e-5	3.014934e-7
468	1.080122e-5	-2.77221e-8	1.049667e-5	-2.514864e-8
469	1.017704e-5	-5.930939e-7	1.004954e-5	-2.254644e-8
470	1.04555e-5	7.278128e-7	1.093998e-5	2.815207e-7
471	1.08861e-5	3.185644e-7	1.060617e-5	3.214567e-8
472	1.028264e-5	-7.204895e-7	1.000089e-5	-5.339866e-8
473	1.029704e-5	4.64646e-7	1.087587e-5	2.565119e-7
474	1.090252e-5	6.433101e-7	1.071249e-5	8.545212e-8
475	1.043096e-5	-6.923985e-7	9.971143e-6	-7.344299e-8
476	1.01659e-5	1.166475e-7	1.079921e-5	2.17349e-7
477	1.084827e-5	8.708734e-7	1.081533e-5	1.396192e-7
478	1.060155e-5	-5.094389e-7	9.960806e-6	-7.848417e-8
479	1.009265e-5	-2.445122e-7	1.070655e-5	1.679362e-7
480	1.072726e-5	9.551271e-7	1.090764e-5	1.839487e-7
481	1.076379e-5	-2.039264e-7	9.977818e-6	-6.940737e-8
482	1.008838e-5	-5.577678e-7	1.060157e-5	1.171985e-7
483	1.056617e-5	8.808755e-7	1.099147e-5	2.133509e-7
484	1.089826e-5	1.621018e-7	1.001369e-5	-4.800665e-8
485	1.015324e-5	-7.55996e-7	1.048492e-5	6.507639e-8
486	1.038678e-5	6.522453e-7	1.105348e-5	2.358554e-7
487	1.097249e-5	5.215814e-7	1.006993e-5	-1.849268e-8
488	1.028234e-5	-7.97174e-7	1.037314e-5	1.351571e-8
489	1.021523e-5	3.163231e-7	1.109309e-5	2.484395e-7
490	1.09711e-5	8.083453e-7	1.013642e-5	2.530674e-8
491	1.045913e-5	-6.763098e-7	1.027059e-5	-2.881587e-8
492	1.007116e-5	-5.352219e-8	1.111224e-5	2.408998e-7
493	1.089322e-5	9.612864e-7	1.021924e-5	6.769525e-8
494	1.065748e-5	-4.144883e-7	1.016322e-5	-5.285247e-8
495	9.998377e-6	-3.899474e-7	1.111746e-5	2.234289e-7
496	1.073649e-5	9.550474e-7	1.032849e-5	1.092011e-7
497	1.084143e-5	-7.157133e-8	1.006221e-5	-7.064673e-8
498	1.002328e-5	-6.327745e-7	1.109587e-5	1.970136e-7
499	1.05374e-5	8.019477e-7	1.045024e-5	1.539203e-7
500	1.096793e-5	2.804288e-7	9.977442e-6	-7.766245e-8
501	1.013063e-5	-7.466965e-7	1.105063e-5	1.624076e-7
502	1.034042e-5	5.27994e-7	1.058456e-5	1.876126e-7
503	1.100954e-5	5.881711e-7	9.91017e-6	-6.637321e-8
504	1.030009e-5	-7.084148e-7	1.096637e-5	1.148051e-7
505	1.016727e-5	1.918742e-7	1.072826e-5	2.164553e-7
506	1.096257e-5	7.957921e-7	9.868771e-6	-4.440253e-8
507	1.050817e-5	-5.314376e-7	1.085975e-5	6.174724e-8
508	1.005811e-5	-1.338805e-7	1.086201e-5	2.380384e-7
509	1.082445e-5	8.694433e-7	9.8586e-6	-1.54205e-8
510	1.071765e-5	-2.636184e-7	1.07375e-5	1.099326e-8
511	1.004089e-5	-3.943617e-7	1.098056e-5	2.537525e-7
512	1.062817e-5	8.072904e-7	9.881263e-6	2.597895e-8
513	1.088297e-5	3.669003e-8	1.059498e-5	-4.071149e-8
514	1.011829e-5	-5.579771e-7	1.107838e-5	2.556065e-7
515	1.040991e-5	6.398826e-7	9.941294e-6	6.934794e-8
516	1.097125e-5	3.109375e-7	1.044477e-5	-8.340936e-8
517	1.027461e-5	-6.014964e-7	1.114664e-5	2.474204e-7
518	1.020355e-5	4.01258e-7	1.002816e-5	1.235196e-7
519	1.096744e-5	5.251866e-7	1.03014e-5	-1.214946e-7
520	1.047826e-5	-5.361102e-7	1.118281e-5	2.22121e-7
521	1.00599e-5	1.444509e-7	1.013246e-5	1.84648e-7
522	1.086907e-5	6.513862e-7	1.01733e-5	-1.479029e-7
523	1.069688e-5	-3.902619e-7	1.118891e-5	1.8919e-7
524	9.997491e-6	-8.652128e-8	1.026114e-5	2.452356e-7
525	1.069424e-5	6.86277e-7	1.00513e-5	-1.671638e-7
526	1.088968e-5	-1.961499e-7	1.116476e-5	1.423758e-7
527	1.002723e-5	-2.60732e-7	1.039986e-5	3.087895e-7
528	1.047496e-5	6.381546e-7	9.957815e-6	-1.686281e-7
529	1.103002e-5	1.306466e-8	1.111285e-5	8.04211e-8
530	1.01419e-5	-3.654029e-7	1.053998e-5	3.69055e-7
531	1.024972e-5	5.266935e-7	9.892731e-6	-1.546761e-7
532	1.108318e-5	1.998747e-7	1.103568e-5	3.607443e-9
533	1.032614e-5	-4.020509e-7	1.066568e-5	4.196304e-7
534	1.006062e-5	3.773211e-7	9.854728e-6	-1.248021e-7
535	1.103588e-5	3.561531e-7	1.094843e-5	-7.952732e-8
536	1.055264e-5	-3.826054e-7	1.078005e-5	4.596657e-7
537	9.931536e-6	2.033584e-7	9.841137e-6	-7.116406e-8
538	1.09028e-5	4.663504e-7	1.084752e-5	-1.678418e-7
539	1.078408e-5	-3.068302e-7	1.088593e-5	4.819244e-7
540	9.88985e-6	3.463949e-8	9.856067e-6	-2.802595e-9
541	1.070899e-5	5.158188e-7	1.073346e-5	-2.497408e-7
542	1.09816e-5	-1.767379e-7	1.097077e-5	4.822017e-7
543	9.940247e-6	-1.16525e-7	9.892739e-6	8.983515e-8
544	1.046495e-5	5.122493e-7	1.061575e-5	-3.312639e-7
545	1.112504e-5	-2.131146e-8	1.104055e-5	4.518985e-7
546	1.007927e-5	-2.27347e-7	9.948746e-6	2.040906e-7
547	1.021255e-5	4.507428e-7	1.04901e-5	-3.940194e-7
548	1.118023e-5	1.357899e-7	1.109556e-5	3.862091e-7
549	1.028388e-5	-2.824736e-7	1.002469e-5	3.166836e-7
550	9.998775e-6	3.335903e-7	1.03667e-5	-4.267895e-7
551	1.11322e-5	2.760011e-7	1.112026e-5	3.0138e-7
552	1.053558e-5	-2.796784e-7	1.012661e-5	4.272295e-7
553	9.853259e-6	1.888648e-7	1.025291e-5	-4.323101e-7
554	1.098653e-5	3.851016e-7	1.11172e-5	1.93711e-7
555	1.079222e-5	-2.233148e-7	1.024157e-5	5.280642e-7
556	9.808308e-6	3.309102e-8	1.015836e-5	-4.124636e-7
557	1.076514e-5	4.536881e-7	1.108292e-5	7.934877e-8
558	1.101047e-5	-1.125186e-7	1.03699e-5	6.152134e-7
559	9.866856e-6	-1.206593e-7	1.008942e-5	-3.704163e-7
560	1.050372e-5	4.678661e-7	1.101467e-5	-4.604759e-8
561	1.115475e-5	3.582008e-8	1.049514e-5	6.772583e-7
562	1.001913e-5	-2.463731e-7	1.005384e-5	-2.958911e-7
563	1.024197e-5	4.120059e-7	1.092692e-5	-1.803004e-7
564	1.120961e-5	2.036618e-7	1.060595e-5	7.143393e-7
565	1.024296e-5	-3.213542e-7	1.004009e-5	-1.905751e-7
566	1.00093e-5	2.929549e-7	1.083227e-5	-3.098858e-7
567	1.116223e-5	3.621376e-7	1.069655e-5	7.145822e-7
568	1.051064e-5	-3.271978e-7	1.005228e-5	-5.677926e-8
569	9.848425e-6	1.315861e-7	1.072933e-5	-4.21964e-7
570	1.101057e-5	4.890244e-7	1.077353e-5	6.789243e-7
571	1.078316e-5	-2.499507e-7	1.008264e-5	8.787541e-8
572	9.798398e-6	-6.149543e-8	1.063072e-5	-5.109325e-7
573	1.077569e-5	5.593185e-7	1.083169e-5	6.103382e-7
574	1.100935e-5	-9.20459e-8	1.012539e-5	2.336104e-7
575	9.855562e-6	-2.442539e-7	1.054239e-5	-5.682911e-7
576	1.050301e-5	5.411024e-7	1.086582e-5	5.126544e-7
577	1.11649e-5	1.049332e-7	1.017912e-5	3.765637e-7
578	1.000877e-5	-3.640967e-7	1.046385e-5	-5.978395e-7
579	1.023451e-5	4.28809e-7	1.088282e-5	3.918455e-7
580	1.122311e-5	3.058986e-7	1.024653e-5	5.079119e-7
581	1.023714e-5	-4.048187e-7	1.039482e-5	-5.895116e-7
582	1.000391e-5	2.506165e-7	1.088137e-5	2.528017e-7
583	1.118105e-5	4.75738e-7	1.031797e-5	6.127386e-7
584	1.050367e-5	-3.592706e-7	1.033177e-5	-5.387131e-7
585	9.837929e-6	4.018505e-8	1.08617e-5	1.043392e-7
586	1.103622e-5	5.71992e-7	1.039525e-5	6.884332e-7
587	1.077504e-5	-2.152145e-7	1.028935e-5	-4.587157e-7
588	9.775928e-6	-1.648192e-7	1.082609e-5	-3.752483e-8
589	1.080658e-5	5.800774e-7	1.045964e-5	7.343578e-7
590	1.101364e-5	-1.432029e-8	1.026957e-5	-3.566312e-7
591	9.82188e-6	-3.126871e-7	1.077854e-5	-1.72365e-7
592	1.052776e-5	4.926322e-7	1.051161e-5	7.447961e-7
593	1.118701e-5	1.993379e-7	1.026236e-5	-2.277677e-7
594	9.970905e-6	-3.737275e-7	1.07332e-5	-2.826153e-7
595	1.023921e-5	3.215425e-7	1.056034e-5	7.076354e-7
596	1.124816e-5	3.808425e-7	1.026061e-5	-9.133269e-8
597	1.021822e-5	-3.282777e-7	1.068299e-5	-3.662672e-7
598	9.996013e-6	1.115253e-7	1.06031e-5	6.541155e-7
599	1.117693e-5	4.831339e-7	1.027894e-5	3.631445e-8
600	1.050657e-5	-2.008509e-7	1.062739e-5	-4.211377e-7
601	9.85215e-6	-8.48337e-8	1.064095e-5	5.741219e-7
602	1.099052e-5	4.927866e-7	1.029778e-5	1.611047e-7
603	1.078288e-5	-9.027979e-9	1.056934e-5	-4.547275e-7
604	9.828515e-6	-2.293826e-7	1.067518e-5	4.777234e-7
605	1.073356e-5	4.069055e-7	1.032845e-5	2.778696e-7
606	1.100016e-5	1.945572e-7	1.050616e-5	-4.638177e-7
607	9.930024e-6	-2.842118e-7	1.069413e-5	3.738403e-7
608	1.044603e-5	2.434776e-7	1.036914e-5	3.730249e-7
609	1.111555e-5	3.599913e-7	1.045503e-5	-4.457545e-7
610	1.013674e-5	-2.336838e-7	1.06948e-5	2.714067e-7
611	1.018459e-5	4.590336e-8	1.041822e-5	4.462052e-7
612	1.111024e-5	4.455766e-7	1.040952e-5	-4.14445e-7
613	1.039647e-5	-9.759159e-8	1.068621e-5	1.727626e-7
614	9.997335e-6	-1.296585e-7	1.047527e-5	5.026172e-7
615	1.09857e-5	4.287144e-7	1.037462e-5	-3.664239e-7
616	1.06659e-5	8.600631e-8	1.065882e-5	7.807315e-8
617	9.91162e-6	-2.42945e-7	1.052979e-5	5.432644e-7
618	1.077832e-5	3.189517e-7	1.035972e-5	-3.104895e-7
619	1.08996e-5	2.689229e-7	1.061881e-5	-1.425185e-8
620	9.944784e-6	-2.629892e-7	1.057444e-5	5.710754e-7
621	1.052542e-5	1.490925e-7	1.036103e-5	-2.416571e-7
622	1.105504e-5	4.038537e-7	1.057785e-5	-1.003699e-7
623	1.008239e-5	-1.8044e-7	1.060876e-5	5.811135e-7
624	1.026886e-5	-3.239076e-8	1.036949e-5	-1.690777e-7
625	1.111198e-5	4.507887e-7	1.053443e-5	-1.765576e-7
626	1.029078e-5	-1.972328e-8	1.063604e-5	5.791301e-7
627	1.005974e-5	-1.866941e-7	1.039017e-5	-8.905239e-8
628	1.106146e-5	4.004683e-7	1.049204e-5	-2.463593e-7
629	1.053375e-5	1.72581e-7	1.065442e-5	5.604515e-7
630	9.929876e-6	-2.703809e-7	1.041264e-5	-4.915955e-9
631	1.091988e-5	2.628731e-7	1.045602e-5	-3.051149e-7
632	1.07648e-5	3.45259e-7	1.065711e-5	5.256822e-7
633	9.904342e-6	-2.548738e-7	1.044406e-5	8.507323e-8
634	1.070903e-5	7.387628e-8	1.043012e-5	-3.546197e-7
635	1.094888e-5	4.521858e-7	1.065175e-5	4.802791e-7
636	9.974417e-6	-1.544427e-7	1.047212e-5	1.778563e-7
637	1.047143e-5	-1.040015e-7	1.041076e-5	-3.963677e-7
638	1.105947e-5	4.784886e-7	1.064316e-5	4.235028e-7
639	1.012738e-5	9.249588e-9	1.050671e-5	2.704406e-7
640	1.025882e-5	-2.417955e-7	1.039382e-5	-4.2081e-7
641	1.107924e-5	4.23489e-7	1.062242e-5	3.491131e-7
642	1.031941e-5	1.959593e-7	1.054769e-5	3.645948e-7
643	1.009202e-5	-3.181052e-7	1.038757e-5	-4.254135e-7
644	1.102071e-5	2.966932e-7	1.059134e-5	2.560142e-7
645	1.052665e-5	3.67557e-7	1.058164e-5	4.62194e-7
646	9.988951e-6	-3.185988e-7	1.038594e-5	-4.099087e-7
647	1.089783e-5	1.203744e-7	1.055672e-5	1.388945e-7
648	1.071203e-5	4.944148e-7	1.060816e-5	5.399056e-7
649	9.963536e-6	-2.421056e-7	1.039055e-5	-3.552748e-7
650	1.073143e-5	-7.142561e-8	1.051344e-5	2.118789e-8
651	1.086056e-5	5.597991e-7	1.063767e-5	5.893734e-7
652	1.001131e-5	-9.637472e-8	1.040889e-5	-2.837515e-7
653	1.054763e-5	-2.397965e-7	1.046361e-5	-9.084963e-8
654	1.095425e-5	5.396514e-7	1.066571e-5	6.117483e-7
655	1.012721e-5	8.92552e-8	1.043957e-5	-1.908059e-7
656	1.037523e-5	-3.506924e-7	1.041192e-5	-1.918151e-7
657	1.097738e-5	4.409642e-7	1.068407e-5	6.110188e-7
658	1.027532e-5	2.713936e-7	1.048539e-5	-9.194017e-8
659	1.024434e-5	-3.875216e-7	1.035363e-5	-2.810232e-7
660	1.093953e-5	2.889049e-7	1.068712e-5	5.836121e-7
661	1.042916e-5	4.189866e-7	1.054508e-5	2.157257e-8
662	1.016908e-5	-3.532789e-7	1.030445e-5	-3.548331e-7
663	1.085261e-5	1.138771e-7	1.066658e-5	5.293893e-7
664	1.056436e-5	5.17358e-7	1.060883e-5	1.453638e-7
665	1.013862e-5	-2.591553e-7	1.027038e-5	-4.088411e-7
666	1.074219e-5	-5.403272e-8	1.062637e-5	4.491635e-7
667	1.067362e-5	5.564774e-7	1.067328e-5	2.739058e-7
668	1.015557e-5	-1.218769e-7	1.025367e-5	-4.315237e-7
669	1.061711e-5	-1.922624e-7	1.057053e-5	3.416722e-7
670	1.075457e-5	5.297399e-7	1.073697e-5	3.891421e-7
671	1.021808e-5	3.283582e-8	1.026053e-5	-4.173267e-7
672	1.049636e-5	-2.879732e-7	1.050278e-5	2.185437e-7
673	1.078534e-5	4.612141e-7	1.078085e-5	4.806035e-7
674	1.030845e-5	1.817372e-7	1.029196e-5	-3.686935e-7
675	1.040619e-5	-3.427258e-7	1.042942e-5	8.829954e-8
676	1.077249e-5	3.495618e-7	1.080787e-5	5.408715e-7
677	1.040195e-5	3.257162e-7	1.034468e-5	-2.903773e-7
678	1.034953e-5	-3.471751e-7	1.036419e-5	-4.037842e-8
679	1.073602e-5	1.997396e-7	1.081752e-5	5.716965e-7
680	1.048137e-5	4.525902e-7	1.041156e-5	-1.876443e-7
681	1.032014e-5	-2.928063e-7	1.030014e-5	-1.577749e-7
682	1.068984e-5	3.399449e-8	1.080933e-5	5.579038e-7
683	1.054375e-5	5.207333e-7	1.048275e-5	-6.016057e-8
684	1.030917e-5	-1.861284e-7	1.024762e-5	-2.557423e-7
685	1.063299e-5	-1.239564e-7	1.078564e-5	5.039983e-7
686	1.05997e-5	5.390766e-7	1.055865e-5	7.625921e-8
687	1.032424e-5	-3.830418e-8	1.020883e-5	-3.158902e-7
688	1.057017e-5	-2.617645e-7	1.073043e-5	4.195158e-7
689	1.06378e-5	4.946757e-7	1.064311e-5	2.022426e-7
690	1.035169e-5	1.42016e-7	1.0185e-5	-3.378885e-7
691	1.05098e-5	-3.557988e-7	1.065692e-5	3.090598e-7
692	1.065703e-5	3.822042e-7	1.072429e-5	3.171851e-7
693	1.038942e-5	3.306863e-7	1.019422e-5	-3.138444e-7
694	1.045844e-5	-3.926765e-7	1.057107e-5	1.685207e-7
695	1.064787e-5	2.157565e-7	1.078214e-5	4.053549e-7
696	1.044176e-5	5.045094e-7	1.022435e-5	-2.428606e-7
697	1.043264e-5	-3.542659e-7	1.048874e-5	3.615963e-8
698	1.061345e-5	3.16228e-9	1.0828e-5	4.464197e-7
699	1.048671e-5	6.26513e-7	1.027147e-5	-1.468046e-7
700	1.044396e-5	-2.298594e-7	1.040665e-5	-8.075794e-8
701	1.056782e-5	-2.211986e-7	1.085258e-5	4.490494e-7
702	1.050741e-5	6.719983e-7	1.032691e-5	-3.151541e-8
703	1.048061e-5	-3.02236e-8	1.03387e-5	-1.791338e-7
704	1.05352e-5	-4.267834e-7	1.085797e-5	4.213125e-7
705	1.049125e-5	6.23065e-7	1.038331e-5	8.500133e-8
706	1.052174e-5	2.257829e-7	1.028314e-5	-2.455091e-7
707	1.052937e-5	-5.714411e-7	1.084381e-5	3.614988e-7
708	1.043928e-5	4.696899e-7	1.044853e-5	1.963613e-7
709	1.055634e-5	4.978286e-7	1.023418e-5	-2.721007e-7
710	1.056037e-5	-6.200208e-7	1.081967e-5	2.694105e-7
711	1.038009e-5	2.232997e-7	1.051756e-5	2.884485e-7
712	1.055462e-5	7.340009e-7	1.019966e-5	-2.575016e-7
713	1.062796e-5	-5.416224e-7	1.078781e-5	1.671526e-7
714	1.033749e-5	-8.388923e-8	1.057978e-5	3.575504e-7
715	1.050783e-5	8.862924e-7	1.017627e-5	-2.142293e-7
716	1.070978e-5	-3.455179e-7	1.074544e-5	6.087784e-8
717	1.033229e-5	-3.896838e-7	1.064175e-5	3.975184e-7
718	1.042476e-5	9.14285e-7	1.016463e-5	-1.488756e-7
719	1.077216e-5	-4.963245e-8	1.06955e-5	-3.498158e-8
720	1.038064e-5	-6.465218e-7	1.069995e-5	4.129905e-7
721	1.031185e-5	8.05653e-7	1.016911e-5	-6.743686e-8
722	1.079886e-5	3.037995e-7	1.06352e-5	-1.162569e-7
723	1.047647e-5	-7.948356e-7	1.074647e-5	4.021943e-7
724	1.021205e-5	5.574365e-7	1.018434e-5	2.465795e-8
725	1.077377e-5	6.407448e-7	1.057635e-5	-1.760211e-7
726	1.060665e-5	-7.983647e-7	1.078046e-5	3.637562e-7
727	1.014478e-5	2.156214e-7	1.020999e-5	1.189796e-7
728	1.068663e-5	9.025458e-7	1.052152e-5	-2.181911e-7
729	1.075465e-5	-6.510278e-7	1.079472e-5	3.096052e-7
730	1.013436e-5	-1.613506e-7	1.024662e-5	2.090237e-7
731	1.053705e-5	1.037116e-6	1.048004e-5	-2.423907e-7
732	1.088438e-5	-3.682833e-7	1.079696e-5	2.479292e-7
733	1.018748e-5	-5.05384e-7	1.028796e-5	2.806732e-7
734	1.035766e-5	1.005761e-6	1.044944e-5	-2.392606e-7
735	1.095617e-5	5.201157e-9	1.078501e-5	1.760173e-7
736	1.031459e-5	-7.4408e-7	1.033138e-5	3.31697e-7
737	1.018444e-5	8.188005e-7	1.042781e-5	-2.138781e-7
738	1.095243e-5	3.806158e-7	1.076993e-5	1.080499e-7
739	1.050505e-5	-8.477095e-7	1.03652e-5	3.658478e-7
740	1.004912e-5	5.189959e-7	1.040801e-5	-1.798336e-7
741	1.085241e-5	7.032416e-7	1.076113e-5	4.70899e-8
742	1.072226e-5	-8.042452e-7	1.039395e-5	3.914908e-7
743	9.997938e-6	1.632488e-7	1.038213e-5	-1.465105e-7
744	1.067292e-5	9.283407e-7	1.075198e-5	-1.767284e-9
745	1.090934e-5	-6.195015e-7	1.042115e-5	4.041114e-7
746	1.004883e-5	-1.959143e-7	1.036153e-5	-1.1589e-7
747	1.044095e-5	1.018914e-6	1.074067e-5	-5.154961e-8
748	1.102774e-5	-3.312127e-7	1.044862e-5	4.241258e-7
749	1.020051e-5	-5.018153e-7	1.034088e-5	-7.996313e-8
750	1.020924e-5	9.692947e-7	1.073603e-5	-1.133933e-7
751	1.104048e-5	1.558202e-8	1.047693e-5	4.363899e-7
752	1.042555e-5	-7.145246e-7	1.031528e-5	-2.749767e-8
753	1.002581e-5	7.833177e-7	1.073655e-5	-1.747484e-7
754	1.09491e-5	3.680279e-7	1.050542e-5	4.407599e-7
755	1.068474e-5	-7.981222e-7	1.029441e-5	3.402951e-8
756	9.917179e-6	4.987774e-7	1.073255e-5	-2.30367e-7
757	1.075997e-5	6.625785e-7	1.053714e-5	4.302662e-7
758	1.093629e-5	-7.406741e-7	1.027526e-5	9.781094e-8
759	9.928114e-6	1.708729e-7	1.071564e-5	-2.774076e-7
760	1.049117e-5	8.499086e-7	1.057619e-5	4.073051e-7
761	1.112992e-5	-5.660337e-7	1.025752e-5	1.716632e-7
762	1.006347e-5	-1.425404e-7	1.069335e-5	-3.236851e-7
763	1.019247e-5	9.18156e-7	1.061086e-5	3.774374e-7
764	1.121283e-5	-3.139237e-7	1.02469e-5	2.457654e-7
765	1.030844e-5	-3.961952e-7	1.066306e-5	-3.574955e-7
766	9.93201e-6	8.676375e-7	1.064659e-5	3.364296e-7
767	1.115463e-5	-2.663209e-8	1.023858e-5	3.237417e-7
768	1.061353e-5	-5.664357e-7	1.062388e-5	-3.851005e-7
769	9.759111e-6	7.234645e-7	1.068919e-5	2.776629e-7
770	1.097173e-5	2.46497e-7	1.023973e-5	4.095446e-7
771	1.092502e-5	-6.368845e-7	1.058221e-5	-4.005627e-7
772	9.704137e-6	5.184563e-7	1.072175e-5	1.994342e-7
773	1.069169e-5	4.758471e-7	1.025801e-5	5.000809e-7
774	1.120016e-5	-6.249478e-7	1.053655e-5	-3.968914e-7
775	9.781206e-6	2.859235e-7	1.074306e-5	9.971712e-8
776	1.035161e-5	6.462636e-7	1.029035e-5	5.870685e-7
777	1.138227e-5	-5.32805e-7	1.049303e-5	-3.754324e-7
778	9.997866e-6	4.017745e-8	1.075125e-5	-1.020014e-8
779	1.000913e-5	7.479392e-7	1.033022e-5	6.59397e-7
780	1.142311e-5	-3.653426e-7	1.045373e-5	-3.272829e-7
781	1.032285e-5	-1.905751e-7	1.074756e-5	-1.348263e-7
782	9.723766e-6	7.593111e-7	1.036741e-5	7.153835e-7
783	1.130575e-5	-1.541896e-7	1.042285e-5	-2.45139e-7
784	1.069121e-5	-3.633926e-7	1.073485e-5	-2.775036e-7
785	9.562227e-6	6.866547e-7	1.040785e-5	7.529895e-7
786	1.10572e-5	7.361728e-8	1.040068e-5	-1.297755e-7
787	1.104207e-5	-4.790719e-7	1.070765e-5	-4.203686e-7
788	9.538116e-6	5.483639e-7	1.045195e-5	7.522526e-7
789	1.071596e-5	2.960546e-7	1.039201e-5	1.557874e-8
790	1.132646e-5	-5.227281e-7	1.067546e-5	-5.470542e-7
791	9.665453e-6	3.569835e-7	1.04892e-5	7.138327e-7
792	1.033377e-5	4.879241e-7	1.039875e-5	1.857223e-7
793	1.149179e-5	-4.813302e-7	1.063719e-5	-6.600367e-7
794	9.922573e-6	1.370568e-7	1.050468e-5	6.323152e-7
795	9.973661e-6	6.329073e-7	1.041665e-5	3.803239e-7
796	1.151831e-5	-3.719757e-7	1.061282e-5	-7.359844e-7
797	1.026088e-5	-9.192502e-8	1.051e-5	4.978739e-7
798	9.682269e-6	7.05406e-7	1.043495e-5	5.693571e-7
799	1.14054e-5	-1.904153e-7	1.059156e-5	-7.519107e-7
800	1.064044e-5	-3.036012e-7	1.051109e-5	3.253784e-7
801	9.495236e-6	6.925567e-7	1.044545e-5	7.386872e-7
802	1.116595e-5	3.657468e-8	1.058913e-5	-7.222978e-7
803	1.101216e-5	-4.776743e-7	1.050541e-5	1.357595e-7
804	9.440345e-6	5.890035e-7	1.044118e-5	8.703833e-7
805	1.083021e-5	2.878391e-7	1.060056e-5	-6.447491e-7
806	1.133373e-5	-5.748663e-7	1.049836e-5	-6.208158e-8
807	9.523511e-6	4.026657e-7	1.043428e-5	9.560778e-7
808	1.044398e-5	5.301367e-7	1.061092e-5	-5.167785e-7
809	1.156342e-5	-5.735255e-7	1.049921e-5	-2.633227e-7
810	9.735985e-6	1.575897e-7	1.04198e-5	9.872934e-7
811	1.004691e-5	7.199763e-7	1.062071e-5	-3.414276e-7
812	1.166004e-5	-4.609007e-7	1.050881e-5	-4.41289e-7
813	1.006774e-5	-1.137698e-7	1.039755e-5	9.62599e-7
814	9.68292e-6	8.203926e-7	1.062666e-5	-1.424621e-7
815	1.160342e-5	-2.573184e-7	1.05293e-5	-5.918798e-7
816	1.048251e-5	-3.693732e-7	1.037523e-5	8.881965e-7
817	9.414984e-6	8.102136e-7	1.062692e-5	6.988083e-8
818	1.138459e-5	5.339171e-9	1.055722e-5	-6.939191e-7
819	1.092778e-5	-5.6788e-7	1.035161e-5	7.674235e-7
820	9.285691e-6	6.927138e-7	1.061497e-5	2.77114e-7
821	1.10358e-5	2.931617e-7	1.05923e-5	-7.518575e-7
822	1.133323e-5	-6.749192e-7	1.032486e-5	6.117875e-7
823	9.329215e-6	4.778752e-7	1.059948e-5	4.633534e-7
824	1.05981e-5	5.528671e-7	1.06384e-5	-7.577564e-7
825	1.162962e-5	-6.553999e-7	1.030071e-5	4.343765e-7
826	9.542351e-6	2.079362e-7	1.057256e-5	6.19479e-7
827	1.012916e-5	7.457955e-7	1.069001e-5	-7.133267e-7
828	1.17781e-5	-5.261354e-7	1.028092e-5	2.469899e-7
829	9.902067e-6	-7.051093e-8	1.053483e-5	7.393534e-7
830	9.688963e-6	8.378743e-7	1.075543e-5	-6.309122e-7
831	1.175002e-5	-3.166853e-7	1.027015e-5	6.919063e-8
832	1.036729e-5	-3.183439e-7	1.047444e-5	8.07681e-7
833	9.352594e-6	8.165798e-7	1.082579e-5	-5.212221e-7
834	1.153512e-5	-5.986335e-8	1.02736e-5	-9.160468e-8
835	1.087067e-5	-4.940399e-7	1.039207e-5	8.327767e-7
836	9.186991e-6	6.912996e-7	1.08886e-5	-3.864843e-7
837	1.115977e-5	1.897903e-7	1.030055e-5	-2.254087e-7
838	1.133535e-5	-5.731302e-7	1.029884e-5	8.149325e-7
839	9.219887e-6	5.084464e-7	1.093896e-5	-2.452801e-7
840	1.067139e-5	4.055174e-7	1.035784e-5	-3.288503e-7
841	1.168272e-5	-5.644248e-7	1.019952e-5	7.729932e-7
842	9.458045e-6	3.00347e-7	1.095695e-5	-1.137946e-7
843	1.014467e-5	5.643139e-7	1.044498e-5	-4.028227e-7
844	1.184042e-5	-4.789026e-7	1.010401e-5	7.153418e-7
845	9.869026e-6	9.167969e-8	1.095165e-5	-8.331187e-11
846	9.673532e-6	6.479863e-7	1.054861e-5	-4.516074e-7
847	1.177431e-5	-3.418004e-7	1.002288e-5	6.560789e-7
848	1.03901e-5	-9.65879e-8	1.091791e-5	1.003729e-7
849	9.338945e-6	6.634049e-7	1.066533e-5	-4.934443e-7
850	1.14928e-5	-1.705505e-7	9.957392e-6	5.960896e-7
851	1.092468e-5	-2.489664e-7	1.08556e-5	1.943179e-7
852	9.209656e-6	6.105306e-7	1.078948e-5	-5.18213e-7
853	1.105456e-5	1.651858e-8	9.912393e-6	5.25865e-7
854	1.138702e-5	-3.493909e-7	1.076901e-5	2.846235e-7
855	9.296556e-6	5.080241e-7	1.091691e-5	-5.310239e-7
856	1.05322e-5	1.900354e-7	9.891303e-6	4.481133e-7
857	1.170525e-5	-3.835184e-7	1.065816e-5	3.681658e-7
858	9.591075e-6	3.790274e-7	1.103244e-5	-5.261342e-7
859	9.999805e-6	3.22103e-7	9.903782e-6	3.654925e-7
860	1.181535e-5	-3.677362e-7	1.053033e-5	4.447322e-7
861	1.004676e-5	2.439479e-7	1.113074e-5	-5.159363e-7
862	9.546865e-6	4.207033e-7	9.943321e-6	2.839769e-7
863	1.169654e-5	-3.16639e-7	1.038865e-5	5.122016e-7
864	1.05879e-5	1.094795e-7	1.121021e-5	-4.940956e-7
865	9.263538e-6	4.837624e-7	1.001959e-5	2.026903e-7
866	1.135945e-5	-2.408114e-7	1.024068e-5	5.649047e-7
867	1.111677e-5	-1.937225e-8	1.125669e-5	-4.650799e-7
868	9.195047e-6	5.212518e-7	1.012806e-5	1.200457e-7
869	1.088491e-5	-1.518907e-7	1.010085e-5	6.148736e-7
870	1.153759e-5	-1.355173e-7	1.126971e-5	-4.288488e-7
871	9.352173e-6	5.327642e-7	1.025504e-5	3.38007e-8
872	1.035343e-5	-4.637204e-8	9.985e-6	6.611027e-7
873	1.178972e-5	-2.466205e-7	1.124411e-5	-3.832102e-7
874	9.692959e-6	5.201933e-7	1.038814e-5	-5.742299e-8
875	9.843395e-6	8.761869e-8	9.896369e-6	6.980254e-7
876	1.183783e-5	-3.446597e-7	1.11884e-5	-3.276667e-7
877	1.016124e-5	4.655343e-7	1.052367e-5	-1.522639e-7
878	9.445902e-6	2.415856e-7	9.831272e-6	7.253529e-7
879	1.166354e-5	-4.061934e-7	1.111747e-5	-2.578952e-7
880	1.068618e-5	3.518696e-7	1.065848e-5	-2.463766e-7
881	9.218078e-6	3.930504e-7	9.781306e-6	7.394111e-7
882	1.130841e-5	-4.157681e-7	1.103206e-5	-1.703655e-7
883	1.117818e-5	2.031667e-7	1.078857e-5	-3.489767e-7
884	9.20065e-6	5.229915e-7	9.755749e-6	7.408693e-7
885	1.084682e-5	-3.769406e-7	1.092893e-5	-5.998063e-8
886	1.154923e-5	2.472014e-8	1.090524e-5	-4.517812e-7
887	9.381234e-6	6.185703e-7	9.753567e-6	7.130361e-7
888	1.034881e-5	-2.694435e-7	1.081898e-5	6.696908e-8
889	1.175526e-5	-1.601985e-7	1.100286e-5	-5.325891e-7
890	9.721901e-6	6.560047e-7	9.77671e-6	6.534825e-7
891	9.889237e-6	-1.080485e-7	1.069752e-5	2.058441e-7
892	1.176544e-5	-3.179077e-7	1.108328e-5	-5.965011e-7
893	1.016066e-5	6.206828e-7	9.815929e-6	5.674667e-7
894	9.540935e-6	9.089549e-8	1.057332e-5	3.59342e-7
895	1.158807e-5	-4.388352e-7	1.115561e-5	-6.370232e-7
896	1.063144e-5	5.04963e-7	9.874829e-6	4.47312e-7
897	9.346495e-6	3.021956e-7	1.044213e-5	5.019529e-7
898	1.127067e-5	-4.853659e-7	1.121221e-5	-6.309515e-7
899	1.106185e-5	3.22274e-7	9.957751e-6	3.011879e-7
900	9.327978e-6	4.904127e-7	1.031171e-5	6.195715e-7
901	1.086389e-5	-4.475569e-7	1.124536e-5	-5.868347e-7
902	1.138585e-5	1.025827e-7	1.006122e-5	1.458178e-7
903	9.484025e-6	6.207958e-7	1.018097e-5	7.04268e-7
904	1.043144e-5	-3.210596e-7	1.126305e-5	-5.110152e-7
905	1.156787e-5	-1.197665e-7	1.017673e-5	-4.75925e-9
906	9.768603e-6	6.647303e-7	1.005929e-5	7.520897e-7
907	1.00388e-5	-1.272979e-7	1.125086e-5	-4.035037e-7
908	1.159773e-5	-3.099877e-7	1.030717e-5	-1.44534e-7
909	1.012641e-5	6.154724e-7	9.958554e-6	7.561329e-7
910	9.730554e-6	9.86681e-8	1.120822e-5	-2.66077e-7
911	1.148025e-5	-4.330227e-7	1.044999e-5	-2.619428e-7
912	1.052058e-5	4.823483e-7	9.877044e-6	7.213454e-7
913	9.538933e-6	3.171964e-7	1.113785e-5	-1.191762e-7
914	1.124002e-5	-4.663671e-7	1.059593e-5	-3.520633e-7
915	1.08981e-5	2.844743e-7	9.815986e-6	6.527769e-7
916	9.482894e-6	4.995754e-7	1.104644e-5	2.679794e-8
917	1.090595e-5	-4.157574e-7	1.073866e-5	-4.064562e-7
918	1.121285e-5	6.990267e-8	9.783524e-6	5.581103e-7
919	9.566913e-6	6.165737e-7	1.092865e-5	1.584189e-7
920	1.052808e-5	-2.843956e-7	1.087429e-5	-4.238409e-7
921	1.142336e-5	-1.478519e-7	9.779653e-6	4.453642e-7
922	9.777629e-6	6.528428e-7	1.079902e-5	2.665576e-7
923	1.016579e-5	-1.001934e-7	1.099888e-5	-4.022692e-7
924	1.149043e-5	-3.199616e-7	9.801523e-6	3.267584e-7
925	1.008568e-5	6.038762e-7	1.06541e-5	3.443766e-7
926	9.860259e-6	1.042222e-7	1.110457e-5	-3.497435e-7
927	1.142084e-5	-4.284224e-7	9.849178e-6	2.131356e-7
928	1.044478e-5	4.868394e-7	1.050374e-5	3.870939e-7
929	9.647847e-6	3.023353e-7	1.119638e-5	-2.824372e-7
930	1.122653e-5	-4.716785e-7	9.920154e-6	1.227078e-7
931	1.080624e-5	3.292263e-7	1.034396e-5	3.965783e-7
932	9.560154e-6	4.736619e-7	1.126793e-5	-2.160529e-7
933	1.093762e-5	-4.503983e-7	1.002168e-5	6.385459e-8
934	1.111735e-5	1.44693e-7	1.01739e-5	3.793667e-7
935	9.616057e-6	5.974234e-7	1.131506e-5	-1.502923e-7
936	1.059008e-5	-3.758197e-7	1.015507e-5	2.640534e-8
937	1.132425e-5	-4.199522e-8	1.001065e-5	3.484001e-7
938	9.808289e-6	6.777176e-7	1.132508e-5	-9.609791e-8
939	1.024663e-5	-2.544794e-7	1.031411e-5	1.021326e-8
940	1.139139e-5	-2.219456e-7	9.863727e-6	3.197144e-7
941	1.010623e-5	7.015303e-7	1.128805e-5	-6.321438e-8
942	9.954917e-6	-8.446142e-8	1.049991e-5	6.17922e-9
943	1.131028e-5	-3.802061e-7	9.74199e-6	3.024363e-7
944	1.044959e-5	6.622038e-7	1.121023e-5	-5.420479e-8
945	9.777317e-6	1.105158e-7	1.069072e-5	1.393013e-8
946	1.109327e-5	-5.02015e-7	9.655778e-6	2.985062e-7
947	1.078215e-5	5.601599e-7	1.109211e-5	-5.930318e-8
948	9.74476e-6	3.176218e-7	1.087098e-5	1.320544e-8
949	1.078844e-5	-5.657429e-7	9.615099e-6	3.133071e-7
950	1.103355e-5	3.948914e-7	1.094081e-5	-6.458182e-8
951	9.865631e-6	5.117319e-7	1.104349e-5	-3.270478e-11
952	1.046338e-5	-5.549663e-7	9.614292e-6	3.371e-7
953	1.115653e-5	1.897259e-7	1.076768e-5	-6.462683e-8
954	1.009511e-5	6.642838e-7	1.11998e-5	-2.529255e-8
955	1.018103e-5	-4.645691e-7	9.65426e-6	3.62572e-7
956	1.114187e-5	-2.999306e-8	1.05759e-5	-5.435129e-8
957	1.03794e-5	7.533731e-7	1.132944e-5	-5.865276e-8
958	9.985787e-6	-3.111272e-7	9.73695e-6	3.876209e-7
959	1.099891e-5	-2.432263e-7	1.037898e-5	-3.937551e-8
960	1.067306e-5	7.672789e-7	1.141982e-5	-1.055445e-7
961	9.913394e-6	-1.017297e-7	9.854869e-6	4.086576e-7
962	1.076093e-5	-4.297985e-7	1.018147e-5	-1.106361e-8
963	1.091601e-5	6.985304e-7	1.147751e-5	-1.617965e-7
964	9.973754e-6	1.402228e-7	1.000253e-5	4.317908e-7
965	1.047744e-5	-5.570295e-7	9.997212e-6	2.136538e-8
966	1.105436e-5	5.525034e-7	1.147827e-5	-2.214866e-7
967	1.015511e-5	3.888126e-7	1.018462e-5	4.505403e-7
968	1.022031e-5	-6.021412e-7	9.839046e-6	7.190915e-8
969	1.105809e-5	3.366974e-7	1.142772e-5	-2.886825e-7
970	1.040362e-5	6.120493e-7	1.038055e-5	4.55091e-7
971	1.004262e-5	-5.52327e-7	9.726049e-6	1.432556e-7
972	1.09422e-5	7.195439e-8	1.133301e-5	-3.556652e-7
973	1.065645e-5	7.685776e-7	1.057043e-5	4.368229e-7
974	9.970683e-6	-3.996158e-7	9.663235e-6	2.37526e-7
975	1.074875e-5	-2.060881e-7	1.120047e-5	-4.16368e-7
976	1.086055e-5	8.213066e-7	1.074859e-5	3.894826e-7
977	1.001502e-5	-1.594956e-7	9.639247e-6	3.437673e-7
978	1.05176e-5	-4.479651e-7	1.105245e-5	-4.620594e-7
979	1.098309e-5	7.548559e-7	1.090951e-5	3.138324e-7
980	1.016194e-5	1.282087e-7	9.641814e-6	4.563171e-7
981	1.030106e-5	-6.008298e-7	1.089192e-5	-4.807072e-7
982	1.100019e-5	5.84076e-7	1.105051e-5	2.110869e-7
983	1.036565e-5	4.104223e-7	9.677896e-6	5.653847e-7
984	1.015004e-5	-6.513849e-7	1.072153e-5	-4.656874e-7
985	1.090641e-5	3.391444e-7	1.115672e-5	8.400051e-8
986	1.057483e-5	6.497936e-7	9.748946e-6	6.501097e-7
987	1.008849e-5	-5.845535e-7	1.055701e-5	-4.102911e-7
988	1.074543e-5	5.119942e-8	1.122495e-5	-4.503938e-8
989	1.074192e-5	8.000557e-7	9.853216e-6	7.039378e-7
990	1.011863e-5	-4.138606e-7	1.039552e-5	-3.293871e-7
991	1.055034e-5	-2.260287e-7	1.125497e-5	-1.687149e-7
992	1.084479e-5	8.372531e-7	9.984249e-6	7.252478e-7
993	1.023615e-5	-1.67737e-7	1.025414e-5	-2.154314e-7
994	1.036364e-5	-4.515894e-7	1.124909e-5	-2.879704e-7
995	1.086245e-5	7.560839e-7	1.012905e-5	7.075282e-7
996	1.040446e-5	1.18597e-7	1.013053e-5	-8.087657e-8
997	1.023523e-5	-5.821607e-7	1.121417e-5	-3.785602e-7
998	1.079134e-5	5.778616e-7	1.028657e-5	6.548903e-7
999	1.058343e-5	3.893689e-7	1.003419e-5	5.282978e-8
1000	1.01828e-5	-6.059973e-7	1.114124e-5	-4.400184e-7
1001	1.064623e-5	3.301821e-7	1.04463e-5	5.752925e-7
1002	1.07373e-5	5.977259e-7	9.967393e-6	1.790177e-7
1003	1.022405e-5	-5.199633e-7	1.104654e-5	-4.716619e-7
1004	1.046141e-5	6.434558e-8	1.059166e-5	4.786704e-7
1005	1.082266e-5	7.105544e-7	9.928566e-6	2.893962e-7
1006	1.035026e-5	-3.445188e-7	1.094028e-5	-4.753917e-7
1007	1.028855e-5	-1.774201e-7	1.071396e-5	3.722043e-7
1008	1.081299e-5	7.139176e-7	9.931656e-6	3.755151e-7
1009	1.052481e-5	-1.193e-7	1.081215e-5	-4.430472e-7
1010	1.018103e-5	-3.520092e-7	1.081893e-5	2.659949e-7
1011	1.071879e-5	6.266244e-7	9.964883e-6	4.378338e-7
1012	1.069907e-5	1.170137e-7	1.068192e-5	-3.908265e-7
1013	1.015463e-5	-4.400535e-7	1.089563e-5	1.633154e-7
1014	1.055934e-5	4.683653e-7	1.002408e-5	4.778579e-7
1015	1.083716e-5	3.243435e-7	1.055939e-5	-3.244766e-7
1016	1.021058e-5	-4.41786e-7	1.094551e-5	7.19457e-8
1017	1.038255e-5	2.734612e-7	1.009995e-5	4.949259e-7
1018	1.090563e-5	4.7174e-7	1.044239e-5	-2.562075e-7
1019	1.033259e-5	-3.630883e-7	1.09696e-5	-5.805971e-9
1020	1.022955e-5	6.656869e-8	1.019542e-5	4.93227e-7
1021	1.089165e-5	5.451035e-7	1.034016e-5	-1.838598e-7
1022	1.05045e-5	-2.233697e-7	1.096922e-5	-6.555389e-8
1023	1.011787e-5	-1.110762e-7	1.029692e-5	4.763861e-7
1024	1.080359e-5	5.439626e-7	1.025272e-5	-1.170646e-7
1025	1.068753e-5	-5.884806e-8	1.094356e-5	-1.085324e-7
1026	1.007086e-5	-2.285635e-7	1.040136e-5	4.509336e-7
1027	1.065706e-5	4.836397e-7	1.018808e-5	-5.902899e-8
1028	1.083744e-5	1.044877e-7	1.090299e-5	-1.388496e-7
1029	1.010274e-5	-2.94199e-7	1.050145e-5	4.258533e-7
1030	1.047778e-5	3.891708e-7	1.013622e-5	-4.403637e-9
1031	1.093643e-5	2.489672e-7	1.08538e-5	-1.699463e-7
1032	1.0208e-5	-3.178154e-7	1.059736e-5	4.135314e-7
1033	1.029503e-5	2.645656e-7	1.00944e-5	4.654362e-8
1034	1.096932e-5	3.628922e-7	1.079346e-5	-2.049611e-7
1035	1.036669e-5	-2.962004e-7	1.069401e-5	3.965932e-7
1036	1.013819e-5	1.340809e-7	1.006787e-5	1.022142e-7
1037	1.093494e-5	4.47513e-7	1.071913e-5	-2.402179e-7
1038	1.056579e-5	-2.381482e-7	1.07832e-5	3.778776e-7
1039	1.002122e-5	-2.067998e-9	1.006632e-5	1.621714e-7
1040	1.083184e-5	4.965864e-7	1.063004e-5	-2.79485e-7
1041	1.076999e-5	-1.403278e-7	1.086218e-5	3.475748e-7
1042	9.971124e-6	-1.298714e-7	1.009042e-5	2.287885e-7
1043	1.066269e-5	5.046994e-7	1.052593e-5	-3.115549e-7
1044	1.095736e-5	-1.539066e-8	1.092699e-5	3.017707e-7
1045	9.998598e-6	-2.405848e-7	1.013781e-5	3.083932e-7
1046	1.044141e-5	4.668375e-7	1.042363e-5	-3.357976e-7
1047	1.110319e-5	1.295524e-7	1.096571e-5	2.34999e-7
1048	1.010795e-5	-3.172663e-7	1.021158e-5	3.887714e-7
1049	1.019343e-5	3.859073e-7	1.032529e-5	-3.414259e-7
1050	1.118151e-5	2.694231e-7	1.098075e-5	1.544536e-7
1051	1.030505e-5	-3.417057e-7	1.029545e-5	4.670027e-7
1052	9.952564e-6	2.69059e-7	1.023561e-5	-3.244898e-7
1053	1.116246e-5	3.859492e-7	1.098106e-5	6.31972e-8
1054	1.05767e-5	-3.158578e-7	1.039019e-5	5.285276e-7
1055	9.764015e-6	1.368475e-7	1.015512e-5	-2.80214e-7
1056	1.10236e-5	4.648916e-7	1.09611e-5	-3.505465e-8
1057	1.088122e-5	-2.49611e-7	1.049003e-5	5.759275e-7
1058	9.674905e-6	5.209322e-9	1.008894e-5	-2.195078e-7
1059	1.077498e-5	5.016726e-7	1.091338e-5	-1.401488e-7
1060	1.117034e-5	-1.426527e-7	1.059547e-5	6.060801e-7
1061	9.711538e-6	-1.169246e-7	1.004076e-5	-1.430357e-7
1062	1.044377e-5	4.86326e-7	1.085275e-5	-2.426795e-7
1063	1.138689e-5	-9.972603e-9	1.069612e-5	6.192691e-7
1064	9.884472e-6	-2.055624e-7	1.001067e-5	-5.334233e-8
1065	1.00814e-5	4.27418e-7	1.076744e-5	-3.42098e-7
1066	1.149013e-5	1.199093e-7	1.079889e-5	6.14605e-7
1067	1.018242e-5	-2.492977e-7	1.001109e-5	5.589561e-8
1068	9.743588e-6	3.330235e-7	1.065541e-5	-4.326244e-7
1069	1.143612e-5	2.372957e-7	1.089427e-5	5.845249e-7
1070	1.057771e-5	-2.493147e-7	1.004833e-5	1.836624e-7
1071	9.503306e-6	2.178499e-7	1.053218e-5	-5.092632e-7
1072	1.121762e-5	3.214219e-7	1.095844e-5	5.184016e-7
1073	1.099118e-5	-1.974277e-7	1.01229e-5	3.300506e-7
1074	9.418517e-6	9.585771e-8	1.040462e-5	-5.65698e-7
1075	1.0855e-5	3.603446e-7	1.098977e-5	4.124488e-7
1076	1.135111e-5	-1.111839e-7	1.022243e-5	4.811123e-7
1077	9.520123e-6	-5.850395e-9	1.028964e-5	-5.880483e-7
1078	1.040648e-5	3.531922e-7	1.099253e-5	2.778041e-7
1079	1.159336e-5	-1.072606e-8	1.033234e-5	6.161281e-7
1080	9.795615e-6	-6.704493e-8	1.018942e-5	-5.650795e-7
1081	9.949653e-6	3.09711e-7	1.097337e-5	1.18283e-7
1082	1.165379e-5	7.592835e-8	1.044598e-5	7.242887e-7
1083	1.020896e-5	-9.411701e-8	1.010917e-5	-4.988444e-7
1084	9.572071e-6	2.524388e-7	1.092551e-5	-5.542744e-8
1085	1.151205e-5	1.460124e-7	1.056726e-5	7.93437e-7
1086	1.069546e-5	-9.197424e-8	1.005726e-5	-3.836117e-7
1087	9.353331e-6	1.89021e-7	1.084742e-5	-2.195923e-7
1088	1.118997e-5	1.839976e-7	1.069067e-5	8.132656e-7
1089	1.115924e-5	-6.838199e-8	1.003474e-5	-2.416271e-7
1090	9.333429e-6	1.344426e-7	1.073785e-5	-3.556876e-7
1091	1.074062e-5	1.982777e-7	1.081242e-5	7.865664e-7
1092	1.15247e-5	-3.862401e-8	1.004732e-5	-7.537555e-8
1093	9.51067e-6	9.911366e-8	1.060279e-5	-4.686854e-7
1094	1.024345e-5	1.923331e-7	1.091418e-5	7.137195e-7
1095	1.171856e-5	-8.189751e-9	1.009e-5	1.065943e-7
1096	9.860061e-6	8.991067e-8	1.046297e-5	-5.43892e-7
1097	9.78405e-6	1.838037e-7	1.099213e-5	5.95086e-7
1098	1.170499e-5	9.434129e-9	1.016496e-5	2.807684e-7
1099	1.032842e-5	8.810556e-8	1.031784e-5	-5.717605e-7
1100	9.433965e-6	1.803558e-7	1.103874e-5	4.433701e-7
1101	1.149896e-5	1.118447e-8	1.027127e-5	4.327232e-7
1102	1.084052e-5	8.565661e-8	1.018526e-5	-5.505037e-7
1103	9.252881e-6	1.938635e-7	1.104299e-5	2.744598e-7
1104	1.11207e-5	1.139805e-10	1.039137e-5	5.513822e-7
1105	1.131339e-5	6.61e-8	1.008798e-5	-4.891786e-7
1106	9.279168e-6	2.208417e-7	1.100327e-5	1.057718e-7
1107	1.062515e-5	-4.635619e-9	1.052277e-5	6.335369e-7
1108	1.166203e-5	2.747198e-8	1.001112e-5	-3.884658e-7
1109	9.515846e-6	2.585091e-7	1.093229e-5	-5.400214e-8
1110	1.009608e-5	1.182678e-8	1.066113e-5	6.686968e-7
1111	1.181893e-5	-2.78368e-8	9.964479e-6	-2.57386e-7
1112	9.923319e-6	2.857615e-7	1.083437e-5	-1.998397e-7
1113	9.629982e-6	6.086826e-8	1.078545e-5	6.642529e-7
1114	1.175942e-5	-9.700282e-8	9.955088e-6	-1.080541e-7
1115	1.043316e-5	2.885877e-7	1.071709e-5	-3.203133e-7
1116	9.309142e-6	1.36004e-7	1.088934e-5	6.175294e-7
1117	1.149167e-5	-1.624147e-7	9.978817e-6	4.600243e-8
1118	1.094941e-5	2.555247e-7	1.059129e-5	-4.126373e-7
1119	9.194769e-6	2.310453e-7	1.097686e-5	5.421761e-7
1120	1.106759e-5	-2.047758e-7	1.002703e-5	2.010117e-7
1121	1.138772e-5	1.855808e-7	1.046725e-5	-4.700557e-7
1122	9.284899e-6	3.295793e-7	1.103681e-5	4.364399e-7
1123	1.056231e-5	-2.007836e-7	1.009923e-5	3.485117e-7
1124	1.168046e-5	7.464449e-8	1.03481e-5	-4.881078e-7
1125	9.5603e-6	4.205022e-7	1.107334e-5	3.058466e-7
1126	1.006013e-5	-1.467859e-7	1.019052e-5	4.748587e-7
1127	1.178185e-5	-6.490197e-8	1.023914e-5	-4.638905e-7
1128	9.97481e-6	4.686029e-7	1.107861e-5	1.686153e-7
1129	9.646904e-6	-2.779774e-8	1.02886e-5	5.776179e-7
1130	1.168903e-5	-2.063407e-7	1.015236e-5	-4.151604e-7
1131	1.045842e-5	4.467781e-7	1.105755e-5	3.534464e-8
1132	9.375305e-6	1.325542e-7	1.039262e-5	6.506265e-7
1133	1.141779e-5	-3.096063e-7	1.00855e-5	-3.499779e-7
1134	1.093339e-5	3.530454e-7	1.101228e-5	-9.168423e-8
1135	9.282919e-6	3.038553e-7	1.049246e-5	6.932175e-7
1136	1.102579e-5	-3.413983e-7	1.003705e-5	-2.645283e-7
1137	1.13311e-5	2.008992e-7	1.095213e-5	-2.132573e-7
1138	9.367372e-6	4.485898e-7	1.05927e-5	7.065497e-7
1139	1.05684e-5	-2.898059e-7	1.000939e-5	-1.623771e-7
1140	1.159778e-5	2.371969e-8	1.087861e-5	-3.234595e-7
1141	9.612638e-6	5.333022e-7	1.069183e-5	6.967566e-7
1142	1.011277e-5	-1.70434e-7	9.998396e-6	-4.395406e-8
1143	1.170324e-5	-1.498827e-7	1.079431e-5	-4.204502e-7
1144	9.979773e-6	5.47835e-7	1.077585e-5	6.676203e-7
1145	9.721828e-6	-1.045076e-9	1.00105e-5	8.125179e-8
1146	1.16435e-5	-2.875938e-7	1.070292e-5	-5.007712e-7
1147	1.041827e-5	4.800681e-7	1.084719e-5	6.118575e-7
1148	9.443823e-6	1.847264e-7	1.004214e-5	2.135052e-7
1149	1.142517e-5	-3.681951e-7	1.060223e-5	-5.606033e-7
1150	1.08691e-5	3.46332e-7	1.089657e-5	5.343697e-7
1151	9.304158e-6	3.635729e-7	1.009208e-5	3.423953e-7
1152	1.107839e-5	-3.760363e-7	1.051019e-5	-5.956576e-7
1153	1.128023e-5	1.709995e-7	1.092785e-5	4.335394e-7
1154	9.33308e-6	5.089124e-7	1.014858e-5	4.638463e-7
1155	1.063946e-5	-3.110863e-7	1.043021e-5	-5.984073e-7
1156	1.159046e-5	-2.248679e-8	1.094611e-5	3.15275e-7
1157	9.540306e-6	5.955703e-7	1.020725e-5	5.736984e-7
1158	1.016495e-5	-1.775348e-7	1.036275e-5	-5.783587e-7
1159	1.175327e-5	-2.094872e-7	1.095391e-5	1.907777e-7
1160	9.898389e-6	6.082841e-7	1.026568e-5	6.668391e-7
1161	9.720595e-6	-2.9897e-9	1.030706e-5	-5.341418e-7
1162	1.173437e-5	-3.591558e-7	1.094949e-5	6.385126e-8
1163	1.036561e-5	5.478416e-7	1.032127e-5	7.399377e-7
1164	9.384615e-6	1.957915e-7	1.025796e-5	-4.735742e-7
1165	1.152409e-5	-4.585478e-7	1.093883e-5	-5.865803e-8
1166	1.086701e-5	4.198906e-7	1.038278e-5	7.945484e-7
1167	9.205059e-6	3.980703e-7	1.020038e-5	-3.953464e-7
1168	1.114124e-5	-4.817501e-7	1.092525e-5	-1.830196e-7
1169	1.133718e-5	2.359012e-7	1.045665e-5	8.278583e-7
1170	9.235518e-6	5.696741e-7	1.014641e-5	-3.023098e-7
1171	1.064127e-5	-4.283132e-7	1.089399e-5	-3.086976e-7
1172	1.168178e-5	2.159118e-8	1.054688e-5	8.42964e-7
1173	9.476141e-6	6.898205e-7	1.010038e-5	-1.879905e-7
1174	1.011132e-5	-3.002758e-7	1.083877e-5	-4.402937e-7
1175	1.183807e-5	-2.004795e-7	1.064692e-5	8.392932e-7
1176	9.898854e-6	7.309501e-7	1.006839e-5	-4.944786e-8
1177	9.631847e-6	-1.051274e-7	1.077099e-5	-5.650838e-7
1178	1.17809e-5	-4.030538e-7	1.074174e-5	7.991148e-7
1179	1.043255e-5	6.893081e-7	1.005488e-5	1.129777e-7
1180	9.289434e-6	1.351216e-7	1.06941e-5	-6.663848e-7
1181	1.150595e-5	-5.541911e-7	1.082405e-5	7.175042e-7
1182	1.09829e-5	5.536151e-7	1.00573e-5	2.882809e-7
1183	9.158683e-6	3.929704e-7	1.061067e-5	-7.360087e-7
1184	1.105168e-5	-6.177797e-7	1.089626e-5	5.950999e-7
1185	1.145583e-5	3.293369e-7	1.008609e-5	4.749407e-7
1186	9.26385e-6	6.286544e-7	1.051246e-5	-7.663664e-7
1187	1.050561e-5	-5.778019e-7	1.095373e-5	4.330784e-7
1188	1.17538e-5	5.946396e-8	1.013566e-5	6.485206e-7
1189	9.579906e-6	8.003196e-7	1.040583e-5	-7.480687e-7
1190	9.968031e-6	-4.284101e-7	1.099503e-5	2.41841e-7
1191	1.184093e-5	-2.267654e-7	1.020988e-5	7.968341e-7
1192	1.004719e-5	8.785389e-7	1.029344e-5	-6.848517e-7
1193	9.528502e-6	-1.944277e-7	1.101261e-5	3.386076e-8
1194	1.169976e-5	-4.866691e-7	1.030022e-5	9.146775e-7
1195	1.057837e-5	8.443333e-7	1.019619e-5	-5.762577e-7
1196	9.277559e-6	9.933591e-8	1.10057e-5	-1.82499e-7
1197	1.135845e-5	-6.826856e-7	1.039941e-5	9.914823e-7
1198	1.108349e-5	6.842716e-7	1.011725e-5	-4.205891e-7
1199	9.24094e-6	4.165069e-7	1.097321e-5	-3.949443e-7
1200	1.089162e-5	-7.713771e-7	1.050935e-5	1.018363e-6
1201	1.147495e-5	4.266347e-7	1.005871e-5	-2.251237e-7
1202	9.402986e-6	7.088111e-7	1.091645e-5	-5.914639e-7
1203	1.037924e-5	-7.32625e-7	1.061318e-5	9.887978e-7
1204	1.169555e-5	1.009459e-7	1.00361e-5	-3.151173e-9
1205	9.740786e-6	9.211268e-7	1.083913e-5	-7.530965e-7
1206	9.907013e-6	-5.593254e-7	1.06918e-5	9.056145e-7
1207	1.171441e-5	-2.458295e-7	1.003987e-5	2.333588e-7
1208	1.019446e-5	1.014792e-6	1.075189e-5	-8.728552e-7
1209	9.550858e-6	-2.730629e-7	1.076179e-5	7.691556e-7
1210	1.153219e-5	-5.542052e-7	1.005982e-5	4.728093e-7
1211	1.068196e-5	9.602568e-7	1.066679e-5	-9.424918e-7
1212	9.369656e-6	7.927621e-8	1.080849e-5	5.904776e-7
1213	1.119231e-5	-7.695498e-7	1.009963e-5	6.995038e-7
1214	1.111642e-5	7.663938e-7	1.058997e-5	-9.58855e-7
1215	9.380913e-6	4.400375e-7	1.083744e-5	3.762493e-7
1216	1.075573e-5	-8.595648e-7	1.015228e-5	9.004299e-7
1217	1.142344e-5	4.696572e-7	1.05225e-5	-9.268856e-7
1218	9.585089e-6	7.567354e-7	1.085162e-5	1.466555e-7
1219	1.030124e-5	-8.015224e-7	1.020603e-5	1.072095e-6
1220	1.155873e-5	1.093426e-7	1.046719e-5	-8.474716e-7
1221	9.921802e-6	9.705782e-7	1.08501e-5	-9.633198e-8
1222	9.912841e-6	-5.999096e-7	1.025798e-5	1.200454e-6
1223	1.151896e-5	-2.579603e-7	1.042586e-5	-7.134129e-7
1224	1.032934e-5	1.051671e-6	1.083816e-5	-3.430028e-7
1225	9.648882e-6	-2.85855e-7	1.030579e-5	1.273299e-6
1226	1.131896e-5	-5.826265e-7	1.039328e-5	-5.26191e-7
1227	1.073436e-5	9.866524e-7	1.081603e-5	-5.713597e-7
1228	9.547426e-6	9.2465e-8	1.034915e-5	1.288228e-6
1229	1.100224e-5	-8.012e-7	1.037863e-5	-3.121762e-7
1230	1.107104e-5	7.663806e-7	1.079147e-5	-7.691901e-7
1231	9.604808e-6	4.813065e-7	1.038273e-5	1.247731e-6
1232	1.063179e-5	-8.76846e-7	1.037466e-5	-8.603865e-8
1233	1.129368e-5	4.339785e-7	1.076394e-5	-9.261122e-7
1234	9.80314e-6	8.036271e-7	1.040874e-5	1.157737e-6
1235	1.027273e-5	-7.869671e-7	1.037521e-5	1.471939e-7
1236	1.136868e-5	4.696423e-8	1.074113e-5	-1.042599e-6
1237	1.009318e-5	1.002648e-6	1.042603e-5	1.023714e-6
1238	9.982624e-6	-5.450227e-7	1.038378e-5	3.810433e-7
1239	1.130631e-5	-3.269335e-7	1.072275e-5	-1.115418e-6
1240	1.042317e-5	1.043254e-6	1.043553e-5	8.588359e-7
1241	9.802356e-6	-2.082974e-7	1.039109e-5	5.997044e-7
1242	1.1122e-5	-6.16928e-7	1.071121e-5	-1.141547e-6
1243	1.073731e-5	9.245217e-7	1.044129e-5	6.641883e-7
1244	9.742458e-6	1.697281e-7	1.039752e-5	8.014349e-7
1245	1.086382e-5	-7.853025e-7	1.07093e-5	-1.125414e-6
1246	1.098854e-5	6.706893e-7	1.043544e-5	4.477112e-7
1247	9.800459e-6	5.176746e-7	1.039972e-5	9.749571e-7
1248	1.057547e-5	-8.076228e-7	1.071349e-5	-1.064214e-6
1249	1.114653e-5	3.416937e-7	1.042524e-5	2.254204e-7
1250	9.955828e-6	7.867714e-7	1.039511e-5	1.107498e-6
1251	1.030054e-5	-6.822475e-7	1.072834e-5	-9.591076e-7
1252	1.121097e-5	-1.173527e-8	1.041896e-5	2.824764e-9
1253	1.017591e-5	9.390469e-7	1.037562e-5	1.198247e-6
1254	1.006747e-5	-4.407328e-7	1.075458e-5	-8.141042e-7
1255	1.117821e-5	-3.35604e-7	1.042481e-5	-2.083739e-7
1256	1.043975e-5	9.515734e-7	1.034059e-5	1.240995e-6
1257	9.895723e-6	-1.245528e-7	1.077994e-5	-6.420165e-7
1258	1.104615e-5	-5.845199e-7	1.045017e-5	-4.016615e-7
1259	1.071498e-5	8.312141e-7	1.028704e-5	1.239819e-6
1260	9.808535e-6	2.096633e-7	1.079682e-5	-4.54473e-7
1261	1.083683e-5	-7.28678e-7	1.049504e-5	-5.654466e-7
1262	1.096841e-5	6.028673e-7	1.022683e-5	1.197067e-6
1263	9.821519e-6	5.228417e-7	1.079984e-5	-2.578211e-7
1264	1.056506e-5	-7.503237e-7	1.055458e-5	-6.974855e-7
1265	1.116075e-5	3.011477e-7	1.017364e-5	1.123035e-6
1266	9.94433e-6	7.781188e-7	1.077267e-5	-6.464974e-8
1267	1.027315e-5	-6.421801e-7	1.063177e-5	-7.93999e-7
1268	1.126032e-5	-3.119081e-8	1.013886e-5	1.017215e-6
1269	1.017366e-5	9.245364e-7	1.072118e-5	1.244565e-7
1270	9.997263e-6	-4.161543e-7	1.070888e-5	-8.580997e-7
1271	1.123437e-5	-3.50956e-7	1.013372e-5	8.895325e-7
1272	1.047322e-5	9.471359e-7	1.065298e-5	3.053559e-7
1273	9.80066e-6	-1.09914e-7	1.077294e-5	-8.965007e-7
1274	1.107886e-5	-6.101661e-7	1.015506e-5	7.474571e-7
1275	1.079424e-5	8.354277e-7	1.057507e-5	4.818706e-7
1276	9.714983e-6	2.373664e-7	1.082124e-5	-9.159465e-7
1277	1.081458e-5	-7.660515e-7	1.019051e-5	5.827747e-7
1278	1.108944e-5	5.98908e-7	1.049613e-5	6.435996e-7
1279	9.760777e-6	5.774014e-7	1.085671e-5	-8.928819e-7
1280	1.048524e-5	-7.931243e-7	1.023815e-5	3.956848e-7
1281	1.128986e-5	2.725252e-7	1.041223e-5	7.874229e-7
1282	9.945576e-6	8.565063e-7	1.088577e-5	-8.317928e-7
1283	1.015062e-5	-6.734177e-7	1.02931e-5	1.958319e-7
1284	1.134972e-5	-1.05165e-7	1.033431e-5	9.042465e-7
1285	1.024418e-5	1.021175e-6	1.089611e-5	-7.358891e-7
1286	9.867439e-6	-4.147706e-7	1.035107e-5	-1.077405e-8
1287	1.125252e-5	-4.688933e-7	1.027294e-5	9.829949e-7
1288	1.059235e-5	1.037155e-6	1.08925e-5	-6.01491e-7
1289	9.705135e-6	-5.798841e-8	1.04158e-5	-2.087744e-7
1290	1.102536e-5	-7.579263e-7	1.0227e-5	1.016103e-6
1291	1.091987e-5	8.93982e-7	1.086862e-5	-4.331171e-7
1292	9.686319e-6	3.355114e-7	1.04811e-5	-3.881433e-7
1293	1.070956e-5	-9.15799e-7	1.018992e-5	1.010118e-6
1294	1.116546e-5	6.168084e-7	1.083875e-5	-2.494799e-7
1295	9.82453e-6	7.087265e-7	1.054683e-5	-5.432291e-7
1296	1.036678e-5	-9.227184e-7	1.015128e-5	9.659275e-7
1297	1.127726e-5	2.428216e-7	1.081025e-5	-4.999257e-8
1298	1.008363e-5	1.005254e-6	1.061399e-5	-6.683281e-7
1299	1.006975e-5	-7.65668e-7	1.012236e-5	8.799652e-7
1300	1.124251e-5	-1.718064e-7	1.07694e-5	1.579108e-7
1301	1.03945e-5	1.168453e-6	1.068187e-5	-7.637085e-7
1302	9.880341e-6	-4.680616e-7	1.009679e-5	7.571222e-7
1303	1.107718e-5	-5.633172e-7	1.072559e-5	3.601132e-7
1304	1.070156e-5	1.161748e-6	1.075259e-5	-8.204152e-7
1305	9.819171e-6	-6.328228e-8	1.006767e-5	6.052859e-7
1306	1.082306e-5	-8.65629e-7	1.067515e-5	5.454065e-7
1307	1.094454e-5	9.787703e-7	1.083387e-5	-8.363589e-7
1308	9.887946e-6	3.772274e-7	1.004772e-5	4.316079e-7
1309	1.053372e-5	-1.014108e-6	1.060641e-5	7.088985e-7
1310	1.108334e-5	6.4212e-7	1.091894e-5	-8.07518e-7
1311	1.006778e-5	7.73496e-7	1.00414e-5	2.436178e-7
1312	1.027108e-5	-9.720899e-7	1.052187e-5	8.436373e-7
1313	1.109991e-5	2.184564e-7	1.100376e-5	-7.37464e-7
1314	1.030883e-5	1.053976e-6	1.005725e-5	5.079423e-8
1315	1.008134e-5	-7.612068e-7	1.041804e-5	9.414581e-7
1316	1.100114e-5	-2.181239e-7	1.107765e-5	-6.382214e-7
1317	1.056384e-5	1.175354e-6	1.009377e-5	-1.320686e-7
1318	9.994446e-6	-4.179533e-7	1.030776e-5	1.008552e-6
1319	1.081298e-5	-5.970861e-7	1.113291e-5	-5.201358e-7
1320	1.077823e-5	1.116214e-6	1.015766e-5	-3.055135e-7
1321	1.001728e-5	7.663914e-9	1.018696e-5	1.045366e-6
1322	1.059172e-5	-8.524974e-7	1.117788e-5	-3.809215e-7
1323	1.092012e-5	8.816507e-7	1.024423e-5	-4.64511e-7
1324	1.012797e-5	4.356249e-7	1.006593e-5	1.040055e-6
1325	1.037634e-5	-9.468798e-7	1.119708e-5	-2.150743e-7
1326	1.096488e-5	5.27313e-7	1.035034e-5	-5.953796e-7
1327	1.030805e-5	7.969591e-7	9.955e-6	9.918073e-7
1328	1.020846e-5	-8.682273e-7	1.119271e-5	-4.207265e-8
1329	1.091602e-5	1.102226e-7	1.047496e-5	-6.943401e-7
1330	1.050919e-5	1.036492e-6	9.847198e-6	9.156999e-7
1331	1.011054e-5	-6.277802e-7	1.116054e-5	1.242572e-7
1332	1.079493e-5	-3.085572e-7	1.060745e-5	-7.598996e-7
1333	1.068932e-5	1.106815e-6	9.757746e-6	8.112405e-7
1334	1.010015e-5	-2.658341e-7	1.11058e-5	2.733197e-7
1335	1.062547e-5	-6.436958e-7	1.075106e-5	-7.933874e-7
1336	1.081884e-5	9.931276e-7	9.687775e-6	6.916162e-7
1337	1.017097e-5	1.495045e-7	1.102309e-5	4.139676e-7
1338	1.044769e-5	-8.430501e-7	1.090047e-5	-7.983059e-7
1339	1.087669e-5	7.259956e-7	9.641215e-6	5.588768e-7
1340	1.030754e-5	5.37291e-7	1.091349e-5	5.332105e-7
1341	1.029264e-5	-8.652483e-7	1.104792e-5	-7.791775e-7
1342	1.085807e-5	3.62084e-7	9.62505e-6	4.210216e-7
1343	1.046643e-5	8.331778e-7	1.077335e-5	6.374421e-7
1344	1.020166e-5	-7.224497e-7	1.118314e-5	-7.376457e-7
1345	1.076797e-5	-3.496994e-8	9.640578e-6	2.81647e-7
1346	1.061683e-5	9.893112e-7	1.06188e-5	7.214348e-7
1347	1.017995e-5	-4.455323e-7	1.130525e-5	-6.758016e-7
1348	1.063691e-5	-3.841806e-7	9.683676e-6	1.51728e-7
1349	1.072936e-5	9.788711e-7	1.045545e-5	7.727608e-7
1350	1.022016e-5	-9.401316e-8	1.140321e-5	-5.957269e-7
1351	1.050213e-5	-6.346398e-7	9.769107e-6	3.012158e-8
1352	1.078735e-5	8.179143e-7	1.028218e-5	7.976567e-7
1353	1.030295e-5	2.700266e-7	1.147758e-5	-4.98495e-7
1354	1.03921e-5	-7.525209e-7	9.889985e-6	-7.544796e-8
1355	1.079558e-5	5.423012e-7	1.010387e-5	7.942443e-7
1356	1.039818e-5	5.876104e-7	1.151741e-5	-3.955877e-7
1357	1.031396e-5	-7.171474e-7	1.004107e-5	-1.610194e-7
1358	1.077207e-5	2.086022e-7	9.928798e-6	7.711666e-7
1359	1.049225e-5	8.050218e-7	1.151328e-5	-2.910479e-7
1360	1.026855e-5	-5.604024e-7	1.022494e-5	-2.248465e-7
1361	1.072584e-5	-1.222457e-7	9.771604e-6	7.257095e-7
1362	1.057018e-5	9.063878e-7	1.145948e-5	-1.879371e-7
1363	1.02452e-5	-3.061993e-7	1.042254e-5	-2.698417e-7
1364	1.066812e-5	-4.140352e-7	9.651567e-6	6.724007e-7
1365	1.063819e-5	8.820206e-7	1.135599e-5	-9.933647e-8
1366	1.023826e-5	1.655287e-9	1.063049e-5	-2.973848e-7
1367	1.059987e-5	-6.217398e-7	9.575581e-6	6.17832e-7
1368	1.070548e-5	7.305967e-7	1.121425e-5	-2.729789e-8
1369	1.024665e-5	3.249498e-7	1.082403e-5	-3.067256e-7
1370	1.05159e-5	-7.186014e-7	9.554779e-6	5.584559e-7
1371	1.076881e-5	4.804933e-7	1.104691e-5	3.333165e-8
1372	1.028236e-5	6.176029e-7	1.098503e-5	-3.078761e-7
1373	1.04226e-5	-6.959757e-7	9.584083e-6	4.979231e-7
1374	1.080604e-5	1.683421e-7	1.086613e-5	9.417376e-8
1375	1.03493e-5	8.386493e-7	1.110981e-5	-3.140669e-7
1376	1.032547e-5	-5.513183e-7	9.652841e-6	4.398903e-7
1377	1.082143e-5	-1.677261e-7	1.068314e-5	1.52984e-7
1378	1.044415e-5	9.51027e-7	1.120317e-5	-3.082447e-7
1379	1.023937e-5	-3.029516e-7	9.749555e-6	3.794402e-7
1380	1.079622e-5	-4.788985e-7	1.050726e-5	1.997777e-7
1381	1.055647e-5	9.359522e-7	1.127111e-5	-2.909015e-7
1382	1.018646e-5	2.066514e-8	9.868787e-6	3.175465e-7
1383	1.072106e-5	-7.188317e-7	1.033764e-5	2.353836e-7
1384	1.067197e-5	7.877798e-7	1.130584e-5	-2.645438e-7
1385	1.017589e-5	3.79816e-7	9.999878e-6	2.515144e-7
1386	1.060126e-5	-8.459924e-7	1.01897e-5	2.667286e-7
1387	1.076962e-5	5.237268e-7	1.131467e-5	-2.29431e-7
1388	1.02217e-5	7.175176e-7	1.013825e-5	1.930355e-7
1389	1.047104e-5	-8.364421e-7	1.006121e-5	2.838585e-7
1390	1.081541e-5	1.774789e-7	1.128785e-5	-1.857137e-7
1391	1.031075e-5	9.708871e-7	1.02804e-5	1.429983e-7
1392	1.035842e-5	-6.811272e-7	9.957554e-6	2.934245e-7
1393	1.080379e-5	-1.96545e-7	1.123775e-5	-1.464698e-7
1394	1.043507e-5	1.097006e-6	1.042518e-5	1.020915e-7
1395	1.028537e-5	-4.066913e-7	9.869208e-6	2.953115e-7
1396	1.073022e-5	-5.359686e-7	1.116946e-5	-1.083043e-7
1397	1.055922e-5	1.086873e-6	1.057718e-5	6.52098e-8
1398	1.027423e-5	-5.114438e-8	9.797586e-6	2.906172e-7
1399	1.062003e-5	-7.985363e-7	1.108332e-5	-7.127298e-8
1400	1.064141e-5	9.349675e-7	1.072662e-5	3.346994e-8
1401	1.03255e-5	3.325562e-7	9.751956e-6	2.802431e-7
1402	1.050603e-5	-9.417893e-7	1.097251e-5	-3.554211e-8
1403	1.06675e-5	6.558484e-7	1.087382e-5	4.648078e-9
1404	1.041822e-5	6.944748e-7	9.729941e-6	2.70884e-7
1405	1.041954e-5	-9.410952e-7	1.08445e-5	-3.787616e-9
1406	1.063242e-5	2.874118e-7	1.101792e-5	-1.965932e-8
1407	1.052225e-5	9.765871e-7	9.730327e-6	2.648101e-7
1408	1.038869e-5	-7.812386e-7	1.069305e-5	2.955746e-8
1409	1.054993e-5	-1.23104e-7	1.114672e-5	-4.20706e-8
1410	1.060344e-5	1.120082e-6	9.767998e-6	2.577706e-7
1411	1.041836e-5	-4.763568e-7	1.05272e-5	6.186814e-8
1412	1.044655e-5	-4.921417e-7	1.12553e-5	-6.285236e-8
1413	1.063504e-5	1.095175e-6	9.841134e-6	2.529354e-7
1414	1.050215e-5	-9.425552e-8	1.035319e-5	8.590138e-8
1415	1.03603e-5	-7.578928e-7	1.132901e-5	-8.535349e-8
1416	1.060466e-5	9.160483e-7	9.952387e-6	2.502627e-7
1417	1.061542e-5	3.068124e-7	1.018602e-5	1.182597e-7
1418	1.031612e-5	-8.845966e-7	1.136391e-5	-1.169917e-7
1419	1.051919e-5	6.119811e-7	1.009069e-5	2.394049e-7
1420	1.071679e-5	6.6272e-7	1.002929e-5	1.663287e-7
1421	1.034218e-5	-8.480465e-7	1.136862e-5	-1.507472e-7
1422	1.039987e-5	2.327494e-7	1.024518e-5	2.215812e-7
1423	1.076618e-5	9.103158e-7	9.885075e-6	2.187118e-7
1424	1.043002e-5	-6.537335e-7	1.133848e-5	-1.769114e-7
1425	1.028302e-5	-1.526849e-7	1.041234e-5	1.956208e-7
1426	1.075712e-5	1.012493e-6	9.769254e-6	2.653623e-7
1427	1.055944e-5	-3.516498e-7	1.12735e-5	-1.942529e-7
1428	1.019837e-5	-4.784444e-7	1.058709e-5	1.618662e-7
1429	1.068451e-5	9.587978e-7	9.676053e-6	3.145675e-7
1430	1.069761e-5	9.195618e-9	1.117746e-5	-2.058592e-7
1431	1.017899e-5	-7.030487e-7	1.076294e-5	1.160909e-7
1432	1.055923e-5	7.632759e-7	9.618764e-6	3.680924e-7
1433	1.081284e-5	3.734869e-7	1.105959e-5	-2.145435e-7
1434	1.022705e-5	-7.819988e-7	1.092787e-5	6.561385e-8
1435	1.040182e-5	4.586018e-7	9.590931e-6	4.226109e-7
1436	1.087695e-5	6.775146e-7	1.09206e-5	-2.093666e-7
1437	1.034207e-5	-7.066805e-7	1.107934e-5	2.462624e-9
1438	1.024813e-5	1.068805e-7	9.598693e-6	4.720984e-7
1439	1.087563e-5	8.675368e-7	1.076368e-5	-1.859925e-7
1440	1.049788e-5	-4.957518e-7	1.121276e-5	-6.908937e-8
1441	1.013216e-5	-2.253807e-7	9.646051e-6	5.155626e-7
1442	1.079917e-5	9.058104e-7	1.059066e-5	-1.428559e-7
1443	1.067938e-5	-1.950156e-7	1.131403e-5	-1.438286e-7
1444	1.008338e-5	-4.881604e-7	9.733446e-6	5.387953e-7
1445	1.065062e-5	8.032337e-7	1.041407e-5	-8.116017e-8
1446	1.084182e-5	1.359998e-7	1.138104e-5	-2.186802e-7
1447	1.011782e-5	-6.341135e-7	9.844294e-6	5.477669e-7
1448	1.046119e-5	5.850651e-7	1.025241e-5	-1.635017e-8
1449	1.094169e-5	4.343314e-7	1.140901e-5	-2.936844e-7
1450	1.023572e-5	-6.430979e-7	9.978714e-6	5.473764e-7
1451	1.027238e-5	2.993112e-7	1.010642e-5	5.628862e-8
1452	1.095134e-5	6.566821e-7	1.140207e-5	-3.567405e-7
1453	1.042058e-5	-5.269715e-7	1.013384e-5	5.272001e-7
1454	1.013087e-5	2.625622e-9	9.975284e-6	1.358144e-7
1455	1.086585e-5	7.667698e-7	1.136344e-5	-4.118102e-7
1456	1.062873e-5	-3.137491e-7	1.029544e-5	4.984982e-7
1457	1.006611e-5	-2.570784e-7	9.86944e-6	2.196418e-7
1458	1.070918e-5	7.540285e-7	1.129578e-5	-4.581465e-7
1459	1.080828e-5	-6.026418e-8	1.04643e-5	4.610532e-7
1460	1.009187e-5	-4.330765e-7	9.789109e-6	2.993965e-7
1461	1.050903e-5	6.408824e-7	1.11937e-5	-4.947054e-7
1462	1.092281e-5	1.945306e-7	1.062645e-5	4.133258e-7
1463	1.021051e-5	-5.212378e-7	9.753696e-6	3.758058e-7
1464	1.031165e-5	4.602522e-7	1.1062e-5	-5.145109e-7
1465	1.094482e-5	4.16557e-7	1.077012e-5	3.537757e-7
1466	1.039122e-5	-5.165519e-7	9.763344e-6	4.546973e-7
1467	1.015983e-5	2.412127e-7	1.091213e-5	-5.262752e-7
1468	1.086982e-5	5.848676e-7	1.088436e-5	2.833806e-7
1469	1.058573e-5	-4.261483e-7	9.810636e-6	5.300154e-7
1470	1.009276e-5	8.739997e-9	1.076408e-5	-5.246268e-7
1471	1.072582e-5	6.754248e-7	1.095732e-5	2.051322e-7
1472	1.076246e-5	-2.707023e-7	9.897396e-6	5.978599e-7
1473	1.01022e-5	-2.019312e-7	1.062488e-5	-4.970301e-7
1474	1.054791e-5	6.837047e-7	1.099117e-5	1.127551e-7
1475	1.088805e-5	-7.098226e-8	1.000244e-5	6.505117e-7
1476	1.019083e-5	-3.701022e-7	1.050418e-5	-4.460299e-7
1477	1.036567e-5	6.091039e-7	1.099924e-5	1.44983e-8
1478	1.093594e-5	1.478322e-7	1.011584e-5	6.866693e-7
1479	1.033832e-5	-4.700526e-7	1.040775e-5	-3.84617e-7
1480	1.020981e-5	4.701741e-7	1.098029e-5	-7.874758e-8
1481	1.09073e-5	3.620948e-7	1.022684e-5	7.074582e-7
1482	1.051754e-5	-4.952717e-7	1.032393e-5	-3.110029e-7
1483	1.00989e-5	2.79911e-7	1.094507e-5	-1.672931e-7
1484	1.080931e-5	5.385721e-7	1.033311e-5	7.03137e-7
1485	1.069508e-5	-4.434497e-7	1.026744e-5	-2.213722e-7
1486	1.006239e-5	6.79097e-8	1.089892e-5	-2.443686e-7
1487	1.066225e-5	6.490177e-7	1.042444e-5	6.787395e-7
1488	1.084915e-5	-3.213658e-7	1.022961e-5	-1.273089e-7
1489	1.008823e-5	-1.414476e-7	1.083773e-5	-3.036719e-7
1490	1.048449e-5	6.869143e-7	1.05078e-5	6.36547e-7
1491	1.096748e-5	-1.472056e-7	1.021568e-5	-3.33643e-8
1492	1.017656e-5	-3.092327e-7	1.077305e-5	-3.485331e-7
1493	1.030055e-5	6.381605e-7	1.057497e-5	5.847393e-7
1494	1.101969e-5	5.208904e-8	1.02136e-5	6.227043e-8
1495	1.031467e-5	-4.154357e-7	1.070794e-5	-3.807536e-7
1496	1.013179e-5	5.32548e-7	1.063525e-5	5.206909e-7
1497	1.101116e-5	2.395243e-7	1.021928e-5	1.557455e-7
1498	1.049478e-5	-4.624843e-7	1.064624e-5	-3.968683e-7
1499	9.991515e-6	3.895749e-7	1.068778e-5	4.493397e-7
1500	1.093497e-5	3.963194e-7	1.023261e-5	2.391636e-7
1501	1.070016e-5	-4.438214e-7	1.058158e-5	-4.010078e-7
1502	9.903933e-6	2.205575e-7	1.073258e-5	3.683328e-7
1503	1.079218e-5	5.106947e-7	1.026079e-5	3.18464e-7
1504	1.090245e-5	-3.682379e-7	1.051401e-5	-3.90218e-7
1505	9.891729e-6	4.885788e-8	1.076835e-5	2.769906e-7
1506	1.059302e-5	5.728433e-7	1.02982e-5	3.872061e-7
1507	1.107836e-5	-2.44184e-7	1.044203e-5	-3.587739e-7
1508	9.959357e-6	-1.113791e-7	1.079687e-5	1.760367e-7
1509	1.035373e-5	5.707968e-7	1.034439e-5	4.436976e-7
1510	1.11985e-5	-8.462326e-8	1.03732e-5	-3.081163e-7
1511	1.011493e-5	-2.254713e-7	1.080743e-5	7.14906e-8
1512	1.01081e-5	5.008791e-7	1.04048e-5	4.897172e-7
1513	1.123793e-5	7.516702e-8	1.03125e-5	-2.393432e-7
1514	1.034167e-5	-2.798922e-7	1.079669e-5	-3.309457e-8
1515	9.884867e-6	3.940432e-7	1.04741e-5	5.161556e-7
1516	1.117891e-5	2.074673e-7	1.026444e-5	-1.575955e-7
1517	1.061898e-5	-2.853961e-7	1.076214e-5	-1.368057e-7
1518	9.724816e-6	2.747219e-7	1.054561e-5	5.171589e-7
1519	1.101e-5	3.013938e-7	1.023452e-5	-5.058042e-8
1520	1.091402e-5	-2.41989e-7	1.071661e-5	-2.27978e-7
1521	9.668106e-6	1.504566e-7	1.061829e-5	4.837808e-7
1522	1.074611e-5	3.545537e-7	1.021229e-5	6.686572e-8
1523	1.117069e-5	-1.617859e-7	1.066538e-5	-2.991395e-7
1524	9.744796e-6	4.397551e-8	1.068455e-5	4.2464e-7
1525	1.042921e-5	3.603393e-7	1.020648e-5	1.805627e-7
1526	1.134228e-5	-6.864858e-8	1.060616e-5	-3.378019e-7
1527	9.937433e-6	-3.353385e-8	1.074157e-5	3.442686e-7
1528	1.010579e-5	3.352538e-7	1.021242e-5	2.907852e-7
1529	1.139607e-5	2.193364e-8	1.054379e-5	-3.5015e-7
1530	1.02274e-5	-7.944254e-8	1.079511e-5	2.440226e-7
1531	9.830477e-6	2.867009e-7	1.023365e-5	3.98014e-7
1532	1.131458e-5	1.074915e-7	1.048004e-5	-3.407315e-7
1533	1.057202e-5	-9.794035e-8	1.082951e-5	1.348842e-7
1534	9.644315e-6	2.214764e-7	1.026415e-5	4.862765e-7
1535	1.110425e-5	1.705186e-7	1.041841e-5	-3.030741e-7
1536	1.091991e-5	-8.210609e-8	1.085211e-5	1.949679e-8
1537	9.588067e-6	1.510752e-7	1.030436e-5	5.432055e-7
1538	1.080039e-5	2.052506e-7	1.036061e-5	-2.359103e-7
1539	1.121236e-5	-4.586725e-8	1.086414e-5	-9.480608e-8
1540	9.674415e-6	9.815604e-8	1.035699e-5	5.705095e-7
1541	1.044626e-5	2.095571e-7	1.030093e-5	-1.419896e-7
1542	1.139933e-5	-5.028622e-9	1.085377e-5	-2.029256e-7
1543	9.896575e-6	6.631831e-8	1.042853e-5	5.61341e-7
1544	1.008485e-5	1.923544e-7	1.025139e-5	-3.026368e-8
1545	1.144488e-5	3.748781e-8	1.082768e-5	-2.894502e-7
1546	1.022143e-5	5.14369e-8	1.049646e-5	5.233474e-7
1547	9.788636e-6	1.707016e-7	1.022087e-5	8.642722e-8
1548	1.133416e-5	6.16036e-8	1.078644e-5	-3.56509e-7
1549	1.059757e-5	5.287598e-8	1.055966e-5	4.686238e-7
1550	9.61511e-6	1.565897e-7	1.021188e-5	2.009277e-7
1551	1.108312e-5	6.685185e-8	1.072859e-5	-3.970044e-7
1552	1.096168e-5	6.124769e-8	1.062061e-5	3.888837e-7
1553	9.595893e-6	1.547759e-7	1.020967e-5	3.12011e-7
1554	1.073701e-5	6.199139e-8	1.067296e-5	-4.127399e-7
1555	1.124608e-5	6.145856e-8	1.06699e-5	2.946616e-7
1556	9.73113e-6	1.64818e-7	1.022216e-5	4.090237e-7
1557	1.036093e-5	5.671268e-8	1.06172e-5	-4.024878e-7
1558	1.139684e-5	4.36068e-8	1.071187e-5	1.986271e-7
1559	9.989472e-6	1.86676e-7	1.024008e-5	4.821693e-7
1560	1.002028e-5	6.552267e-8	1.055871e-5	-3.771165e-7
1561	1.139471e-5	1.06066e-8	1.074504e-5	1.064222e-7
1562	1.033135e-5	1.942653e-7	1.027513e-5	5.311523e-7
1563	9.764732e-6	1.035801e-7	1.04928e-5	-3.27463e-7
1564	1.12413e-5	-2.905329e-8	1.075715e-5	1.351383e-8
1565	1.069726e-5	1.744529e-7	1.033526e-5	5.570918e-7
1566	9.637885e-6	1.618981e-7	1.042977e-5	-2.598081e-7
1567	1.09675e-5	-5.328458e-8	1.074799e-5	-6.992833e-8
1568	1.101965e-5	1.298169e-7	1.04041e-5	5.624141e-7
1569	9.667108e-6	2.206502e-7	1.038264e-5	-1.805771e-7
1570	1.063437e-5	-4.894542e-8	1.071642e-5	-1.389345e-7
1571	1.124362e-5	6.597076e-8	1.048159e-5	5.474083e-7
1572	9.828587e-6	2.674586e-7	1.03543e-5	-9.303474e-8
1573	1.029384e-5	-1.55244e-8	1.066466e-5	-1.96236e-7
1574	1.135027e-5	-4.405523e-9	1.055307e-5	5.092582e-7
1575	1.008341e-5	2.875381e-7	1.034632e-5	2.380791e-9
1576	9.996447e-6	4.016403e-8	1.060155e-5	-2.384637e-7
1577	1.131772e-5	-6.814356e-8	1.061375e-5	4.521815e-7
1578	1.040048e-5	2.792817e-7	1.035886e-5	8.933701e-8
1579	9.791097e-6	1.167928e-7	1.053486e-5	-2.577354e-7
1580	1.116183e-5	-1.157026e-7	1.065645e-5	3.834565e-7
1581	1.072938e-5	2.37928e-7	1.038072e-5	1.663515e-7
1582	9.697533e-6	1.955605e-7	1.0472e-5	-2.592642e-7
1583	1.090381e-5	-1.3728e-7	1.068748e-5	3.009005e-7
1584	1.102007e-5	1.669121e-7	1.041987e-5	2.36585e-7
1585	9.734279e-6	2.747566e-7	1.041535e-5	-2.36997e-7
1586	1.059346e-5	-1.341273e-7	1.069845e-5	2.046674e-7
1587	1.122254e-5	7.531371e-8	1.046325e-5	2.941385e-7
1588	9.883126e-6	3.380678e-7	1.036605e-5	-1.890554e-7
1589	1.027723e-5	-9.017023e-8	1.06972e-5	1.103987e-7
1590	1.131442e-5	-2.995338e-8	1.052005e-5	3.254374e-7
1591	1.012207e-5	3.776281e-7	1.032114e-5	-1.226581e-7
1592	9.999457e-6	-1.532784e-8	1.067731e-5	2.458442e-8
1593	1.128543e-5	-1.344849e-7	1.057283e-5	3.337641e-7
1594	1.041375e-5	3.843564e-7	1.029463e-5	-4.757014e-8
1595	9.801276e-6	9.818718e-8	1.06443e-5	-4.713669e-8
1596	1.114476e-5	-2.310742e-7	1.061835e-5	3.198306e-7
1597	1.071886e-5	3.378942e-7	1.028728e-5	3.579853e-8
1598	9.706283e-6	2.445271e-7	1.061218e-5	-1.030038e-7
1599	1.091383e-5	-2.891597e-7	1.065285e-5	2.850423e-7
1600	1.099499e-5	2.317997e-7	1.028833e-5	1.124819e-7
1601	9.72168e-6	3.935613e-7	1.05787e-5	-1.360191e-7
1602	1.063006e-5	-2.934354e-7	1.068885e-5	2.373117e-7
1603	1.119904e-5	8.107284e-8	1.029189e-5	1.825851e-7
1604	9.8497e-6	5.162913e-7	1.053994e-5	-1.565186e-7
1605	1.033192e-5	-2.316922e-7	1.071934e-5	1.821657e-7
1606	1.130105e-5	-9.776447e-8	1.029717e-5	2.552503e-7
1607	1.00686e-5	5.872106e-7	1.05044e-5	-1.588368e-7
1608	1.005842e-5	-1.076686e-7	1.074411e-5	1.124094e-7
1609	1.129348e-5	-2.700394e-7	1.030583e-5	3.230115e-7
1610	1.034797e-5	5.911937e-7	1.046618e-5	-1.439735e-7
1611	9.852334e-6	6.407182e-8	1.076931e-5	3.678339e-8
1612	1.117806e-5	-4.15092e-7	1.032275e-5	3.842659e-7
1613	1.063896e-5	5.273715e-7	1.04268e-5	-1.203339e-7
1614	9.736161e-6	2.729323e-7	1.078745e-5	-4.348252e-8
1615	1.097594e-5	-5.080366e-7	1.034701e-5	4.271785e-7
1616	1.091239e-5	3.743945e-7	1.038345e-5	-8.187677e-8
1617	9.719828e-6	4.883148e-7	1.080139e-5	-1.233727e-7
1618	1.071124e-5	-5.182303e-7	1.037719e-5	4.57907e-7
1619	1.113259e-5	1.596187e-7	1.034469e-5	-2.830232e-8
1620	9.81579e-6	6.674231e-7	1.080768e-5	-2.103423e-7
1621	1.041918e-5	-4.334554e-7	1.040462e-5	4.710001e-7
1622	1.126262e-5	-8.714183e-8	1.03113e-5	4.750144e-8
1623	1.001118e-5	7.767148e-7	1.081151e-5	-2.894939e-7
1624	1.014464e-5	-2.631008e-7	1.043379e-5	4.59587e-7
1625	1.127587e-5	-3.276182e-7	1.028105e-5	1.423096e-7
1626	1.027251e-5	7.83796e-7	1.080817e-5	-3.588032e-7
1627	9.928517e-6	-1.718015e-8	1.046598e-5	4.244032e-7
1628	1.118334e-5	-5.211181e-7	1.025263e-5	2.473315e-7
1629	1.055583e-5	6.821026e-7	1.080958e-5	-4.108174e-7
1630	9.803112e-6	2.564226e-7	1.049977e-5	3.683824e-7
1631	1.100166e-5	-6.211251e-7	1.022458e-5	3.528751e-7
1632	1.082597e-5	4.779554e-7	1.080047e-5	-4.479334e-7
1633	9.7722e-6	5.060757e-7	1.053636e-5	2.917569e-7
1634	1.075644e-5	-6.138357e-7	1.020147e-5	4.522003e-7
1635	1.1051e-5	2.19562e-7	1.07891e-5	-4.553111e-7
1636	9.840729e-6	6.952992e-7	1.056973e-5	1.917533e-7
1637	1.048357e-5	-5.022862e-7	1.017769e-5	5.494121e-7
1638	1.11932e-5	-5.482291e-8	1.077732e-5	-4.340445e-7
1639	1.000379e-5	7.98837e-7	1.061082e-5	7.354449e-8
1640	1.022392e-5	-3.062063e-7	1.014795e-5	6.35116e-7
1641	1.122807e-5	-3.08893e-7	1.075711e-5	-3.86691e-7
1642	1.023595e-5	8.018937e-7	1.066442e-5	-5.684286e-8
1643	1.000885e-5	-5.545546e-8	1.012525e-5	7.035859e-7
1644	1.115393e-5	-4.979065e-7	1.072207e-5	-3.095285e-7
1645	1.050757e-5	7.013246e-7	1.071793e-5	-1.891599e-7
1646	9.880477e-6	2.117242e-7	1.011194e-5	7.382988e-7
1647	1.098329e-5	-6.038002e-7	1.068152e-5	-2.098102e-7
1648	1.076881e-5	5.095319e-7	1.076455e-5	-3.127967e-7
1649	9.851125e-6	4.670606e-7	1.01151e-5	7.437568e-7
1650	1.074556e-5	-6.144848e-7	1.062691e-5	-9.18795e-8
1651	1.096882e-5	2.640788e-7	1.081453e-5	-4.261064e-7
1652	9.931726e-6	6.669549e-7	1.012176e-5	7.242757e-7
1653	1.048973e-5	-5.22246e-7	1.057144e-5	4.004501e-8
1654	1.108131e-5	-6.512021e-9	1.086183e-5	-5.200552e-7
1655	1.009893e-5	7.815512e-7	1.013825e-5	6.731044e-7
1656	1.025558e-5	-3.369189e-7	1.051161e-5	1.799477e-7
1657	1.10983e-5	-2.603392e-7	1.09012e-5	-5.845919e-7
1658	1.030729e-5	7.986926e-7	1.015914e-5	5.899547e-7
1659	1.009121e-5	-9.457445e-8	1.044801e-5	3.094375e-7
1660	1.102167e-5	-4.630505e-7	1.093706e-5	-6.119363e-7
1661	1.05243e-5	7.061864e-7	1.019557e-5	4.796712e-7
1662	9.99965e-6	1.804156e-7	1.037266e-5	4.348672e-7
1663	1.087432e-5	-5.816691e-7	1.095855e-5	-6.10718e-7
1664	1.072377e-5	5.131882e-7	1.02578e-5	3.545182e-7
1665	9.985777e-6	4.461401e-7	1.029437e-5	5.454241e-7
1666	1.068764e-5	-5.876367e-7	1.095816e-5	-5.756955e-7
1667	1.087198e-5	2.571619e-7	1.033076e-5	2.159977e-7
1668	1.005431e-5	6.45538e-7	1.022539e-5	6.332835e-7
1669	1.050012e-5	-4.87061e-7	1.094258e-5	-5.063626e-7
1670	1.094961e-5	-1.666626e-8	1.041815e-5	7.243861e-8
1671	1.017776e-5	7.543785e-7	1.017068e-5	6.955257e-7
1672	1.03351e-5	-3.017076e-7	1.09067e-5	-4.147972e-7
1673	1.096382e-5	-2.619077e-7	1.050775e-5	-7.306363e-8
1674	1.032623e-5	7.587097e-7	1.012942e-5	7.321322e-7
1675	1.020875e-5	-6.766878e-8	1.085832e-5	-3.089072e-7
1676	1.091706e-5	-4.435676e-7	1.059369e-5	-2.015383e-7
1677	1.048532e-5	6.683126e-7	1.010103e-5	7.295334e-7
1678	1.013693e-5	1.843496e-7	1.07997e-5	-1.839516e-7
1679	1.081728e-5	-5.445212e-7	1.067415e-5	-3.097989e-7
1680	1.063702e-5	4.950212e-7	1.009004e-5	6.960515e-7
1681	1.011724e-5	4.170007e-7	1.07307e-5	-5.260618e-8
1682	1.067664e-5	-5.549813e-7	1.07511e-5	-3.986739e-7
1683	1.076472e-5	2.675333e-7	1.009901e-5	6.39284e-7
1684	1.016029e-5	5.992631e-7	1.06473e-5	8.29513e-8
1685	1.05234e-5	-4.812407e-7	1.081637e-5	-4.72009e-7
1686	1.083722e-5	2.05135e-8	1.011732e-5	5.660257e-7
1687	1.025061e-5	7.149058e-7	1.056316e-5	2.259081e-7
1688	1.038739e-5	-3.266662e-7	1.087624e-5	-5.289499e-7
1689	1.085426e-5	-2.134162e-7	1.015648e-5	4.682002e-7
1690	1.03652e-5	7.473122e-7	1.046612e-5	3.684357e-7
1691	1.028505e-5	-1.189645e-7	1.091463e-5	-5.507894e-7
1692	1.081151e-5	-4.023423e-7	1.021278e-5	3.497222e-7
1693	1.049059e-5	6.946505e-7	1.037572e-5	4.927844e-7
1694	1.022933e-5	1.21409e-7	1.093425e-5	-5.376378e-7
1695	1.072798e-5	-5.361387e-7	1.027516e-5	2.198691e-7
1696	1.06025e-5	5.517428e-7	1.030248e-5	5.987066e-7
1697	1.022555e-5	3.76731e-7	1.094195e-5	-4.907992e-7
1698	1.062759e-5	-5.911385e-7	1.033957e-5	7.883199e-8
1699	1.068492e-5	3.333257e-7	1.023685e-5	6.742325e-7
1700	1.026295e-5	5.976552e-7	1.093735e-5	-4.133525e-7
1701	1.052687e-5	-5.475716e-7	1.041435e-5	-6.301024e-8
1702	1.072878e-5	7.258071e-8	1.017675e-5	7.201929e-7
1703	1.032621e-5	7.540021e-7	1.091457e-5	-3.140761e-7
1704	1.044431e-5	-4.082947e-7	1.049943e-5	-1.974342e-7
1705	1.072674e-5	-1.984947e-7	1.012165e-5	7.408921e-7
1706	1.040406e-5	8.263024e-7	1.088043e-5	-2.012915e-7
1707	1.038847e-5	-1.911688e-7	1.058904e-5	-3.23337e-7
1708	1.068989e-5	-4.343884e-7	1.007156e-5	7.352494e-7
1709	1.048185e-5	7.919309e-7	1.083282e-5	-7.025909e-8
1710	1.0366e-5	7.891757e-8	1.068126e-5	-4.314065e-7
1711	1.063003e-5	-6.07479e-7	1.003746e-5	7.011699e-7
1712	1.053895e-5	6.58729e-7	1.076952e-5	6.522414e-8
1713	1.037263e-5	3.611445e-7	1.076668e-5	-5.18889e-7
1714	1.057544e-5	-6.904518e-7	1.002065e-5	6.402155e-7
1715	1.057642e-5	4.257379e-7	1.069595e-5	2.036322e-7
1716	1.039125e-5	6.219844e-7	1.08495e-5	-5.742333e-7
1717	1.052696e-5	-6.543363e-7	1.0018e-5	5.50158e-7
1718	1.059559e-5	1.287693e-7	1.061611e-5	3.356956e-7
1719	1.042232e-5	8.168197e-7	1.092528e-5	-6.029523e-7
1720	1.049019e-5	-5.065122e-7	1.002492e-5	4.42462e-7
1721	1.059543e-5	-1.78678e-7	1.053323e-5	4.610904e-7
1722	1.045228e-5	9.054002e-7	1.099932e-5	-6.013097e-7
1723	1.047413e-5	-2.640567e-7	1.004447e-5	3.187624e-7
1724	1.058005e-5	-4.50321e-7	1.044247e-5	5.691429e-7
1725	1.047818e-5	8.640193e-7	1.106081e-5	-5.687056e-7
1726	1.04712e-5	4.321054e-8	1.007949e-5	1.794315e-7
1727	1.05602e-5	-6.319387e-7	1.034484e-5	6.635179e-7
1728	1.049327e-5	6.901653e-7	1.111731e-5	-5.12247e-7
1729	1.047462e-5	3.535202e-7	1.013582e-5	4.102722e-8
1730	1.055378e-5	-6.929885e-7	1.023261e-5	7.318887e-7
1731	1.05009e-5	4.266378e-7	1.116036e-5	-4.364533e-7
1732	1.046505e-5	6.071074e-7	1.021058e-5	-9.018007e-8
1733	1.054951e-5	-6.217627e-7	1.012082e-5	7.694846e-7
1734	1.052366e-5	1.2497e-7	1.118677e-5	-3.398384e-7
1735	1.04438e-5	7.662208e-7	1.029961e-5	-2.162418e-7
1736	1.054349e-5	-4.484001e-7	1.000953e-5	7.786833e-7
1737	1.055402e-5	-1.612245e-7	1.119812e-5	-2.231859e-7
1738	1.042632e-5	8.167991e-7	1.040878e-5	-3.286781e-7
1739	1.053233e-5	-2.047732e-7	9.897693e-6	7.606959e-7
1740	1.057916e-5	-3.939401e-7	1.118311e-5	-1.004999e-7
1741	1.04205e-5	7.482708e-7	1.054184e-5	-4.236093e-7
1742	1.050906e-5	7.160324e-8	9.801063e-6	7.224921e-7
1743	1.059818e-5	-5.337629e-7	1.113296e-5	2.931116e-8
1744	1.042796e-5	5.935139e-7	1.068317e-5	-4.936139e-7
1745	1.048542e-5	3.237993e-7	9.722995e-6	6.536691e-7
1746	1.060955e-5	-5.728153e-7	1.106063e-5	1.551325e-7
1747	1.044523e-5	3.711992e-7	1.082733e-5	-5.335499e-7
1748	1.045425e-5	5.311283e-7	9.671923e-6	5.640028e-7
1749	1.060993e-5	-5.113298e-7	1.095517e-5	2.712985e-7
1750	1.047555e-5	1.198072e-7	1.097113e-5	-5.486578e-7
1751	1.043106e-5	6.631179e-7	9.649154e-6	4.667538e-7
1752	1.060668e-5	-3.68171e-7	1.082613e-5	3.782194e-7
1753	1.050599e-5	-1.151965e-7	1.110908e-5	-5.491209e-7
1754	1.041201e-5	7.003188e-7	9.661078e-6	3.624617e-7
1755	1.059452e-5	-1.637051e-7	1.068055e-5	4.686142e-7
1756	1.053769e-5	-3.005608e-7	1.122479e-5	-5.203548e-7
1757	1.039375e-5	6.431516e-7	9.708131e-6	2.562706e-7
1758	1.057983e-5	5.795698e-8	1.052033e-5	5.288777e-7
1759	1.057249e-5	-4.097602e-7	1.132282e-5	-4.630972e-7
1760	1.037519e-5	5.090232e-7	9.785185e-6	1.500186e-7
1761	1.055768e-5	2.639957e-7	1.035297e-5	5.639155e-7
1762	1.060675e-5	-4.342377e-7	1.138836e-5	-3.863238e-7
1763	1.037541e-5	3.178437e-7	9.901159e-6	5.222851e-8
1764	1.051239e-5	4.341711e-7	1.019052e-5	5.777163e-7
1765	1.06457e-5	-3.730426e-7	1.1411e-5	-3.013042e-7
1766	1.039301e-5	1.079771e-7	1.004595e-5	-3.974315e-8
1767	1.045273e-5	5.291057e-7	1.003864e-5	5.721208e-7
1768	1.067482e-5	-2.44993e-7	1.140232e-5	-2.103447e-7
1769	1.042671e-5	-7.30062e-8	1.020392e-5	-1.140225e-7
1770	1.039252e-5	5.431218e-7	9.90972e-6	5.424978e-7
1771	1.069218e-5	-8.273537e-8	1.135909e-5	-1.19488e-7
1772	1.048037e-5	-2.016149e-7	1.036567e-5	-1.67693e-7
1773	1.033383e-5	4.870973e-7	9.80732e-6	4.990981e-7
1774	1.067653e-5	8.338427e-8	1.128605e-5	-3.101297e-8
1775	1.055638e-5	-2.682272e-7	1.052986e-5	-1.974383e-7
1776	1.029352e-5	3.829201e-7	9.730513e-6	4.382092e-7
1777	1.063209e-5	2.234825e-7	1.118469e-5	4.64947e-8
1778	1.063459e-5	-2.783476e-7	1.069801e-5	-2.026599e-7
1779	1.028625e-5	2.47891e-7	9.685353e-6	3.703751e-7
1780	1.05612e-5	3.26795e-7	1.105944e-5	1.11263e-7
1781	1.069065e-5	-2.333677e-7	1.086051e-5	-1.932058e-7
1782	1.032161e-5	1.112188e-7	9.677411e-6	3.063539e-7
1783	1.047974e-5	3.862758e-7	1.090986e-5	1.567773e-7
1784	1.071552e-5	-1.539116e-7	1.100156e-5	-1.796222e-7
1785	1.037353e-5	-1.046295e-8	9.704811e-6	2.537644e-7
1786	1.040637e-5	4.099696e-7	1.074552e-5	1.956185e-7
1787	1.072544e-5	-5.89877e-8	1.112521e-5	-1.708406e-7
1788	1.043679e-5	-9.75487e-8	9.766581e-6	2.049997e-7
1789	1.034563e-5	3.868884e-7	1.0566e-5	2.302076e-7
1790	1.071322e-5	4.193725e-8	1.12119e-5	-1.55009e-7
1791	1.050558e-5	-1.550672e-7	9.867021e-6	1.57693e-7
1792	1.030783e-5	3.345662e-7	1.039204e-5	2.515242e-7
1793	1.06777e-5	1.371511e-7	1.125629e-5	-1.262258e-7
1794	1.057156e-5	-1.838884e-7	9.989499e-6	1.173454e-7
1795	1.028643e-5	2.579227e-7	1.024266e-5	2.595685e-7
1796	1.062878e-5	2.307301e-7	1.12647e-5	-9.444752e-8
1797	1.063714e-5	-1.823076e-7	1.011819e-5	8.040152e-8
1798	1.028842e-5	1.648609e-7	1.012133e-5	2.58671e-7
1799	1.055745e-5	3.091955e-7	1.124492e-5	-5.538622e-8
1800	1.069467e-5	-1.523519e-7	1.026034e-5	4.702206e-8
1801	1.031419e-5	6.909177e-8	1.00207e-5	2.497066e-7
1802	1.046954e-5	3.625126e-7	1.119018e-5	-1.151709e-8
1803	1.07395e-5	-9.9709e-8	1.041192e-5	1.480132e-8
1804	1.03563e-5	-2.660445e-8	9.940083e-6	2.337748e-7
1805	1.038854e-5	3.876251e-7	1.111271e-5	3.231584e-8
1806	1.076087e-5	-2.372392e-8	1.056137e-5	-1.372358e-8
1807	1.041851e-5	-1.172801e-7	9.880044e-6	2.136468e-7
1808	1.03204e-5	3.785786e-7	1.101538e-5	7.922865e-8
1809	1.075504e-5	7.341106e-8	1.070405e-5	-2.980943e-8
1810	1.049135e-5	-1.898958e-7	9.84804e-6	1.842491e-7
1811	1.026831e-5	3.348667e-7	1.089949e-5	1.186439e-7
1812	1.071983e-5	1.787571e-7	1.083016e-5	-3.309707e-8
1813	1.057968e-5	-2.27457e-7	9.8475e-6	1.51117e-7
1814	1.023522e-5	2.557806e-7	1.077707e-5	1.494507e-7
1815	1.064724e-5	2.859224e-7	1.093782e-5	-1.916977e-8
1816	1.066286e-5	-2.248253e-7	9.872445e-6	1.069635e-7
1817	1.024204e-5	1.447401e-7	1.064802e-5	1.634242e-7
1818	1.055487e-5	3.772401e-7	1.103242e-5	1.050461e-8
1819	1.072999e-5	-1.843917e-7	9.916839e-6	6.837471e-8
1820	1.028262e-5	2.086962e-8	1.051869e-5	1.670422e-7
1821	1.045674e-5	4.335364e-7	1.110962e-5	4.771522e-8
1822	1.076981e-5	-1.034133e-7	9.976866e-6	3.502253e-8
1823	1.03614e-5	-1.028842e-7	1.038805e-5	1.555776e-7
1824	1.036428e-5	4.4004e-7	1.116703e-5	9.021286e-8
1825	1.07652e-5	1.638269e-8	1.005522e-5	1.290282e-8
1826	1.045259e-5	-1.949234e-7	1.026547e-5	1.353576e-7
1827	1.030092e-5	3.813888e-7	1.119951e-5	1.297778e-7
1828	1.072134e-5	1.516555e-7	1.015384e-5	4.29829e-9
1829	1.05544e-5	-2.337476e-7	1.013821e-5	1.053053e-7
1830	1.027554e-5	2.764447e-7	1.120944e-5	1.593919e-7
1831	1.062724e-5	2.695217e-7	1.027657e-5	1.373221e-8
1832	1.064457e-5	-2.158614e-7	1.002065e-5	7.014691e-8
1833	1.030465e-5	1.515642e-7	1.11903e-5	1.779875e-7
1834	1.051489e-5	3.471723e-7	1.040857e-5	3.153958e-8
1835	1.068702e-5	-1.553218e-7	9.920066e-6	3.044729e-8
1836	1.038362e-5	3.18249e-8	1.114601e-5	1.920196e-7
1837	1.041475e-5	3.822595e-7	1.055035e-5	5.782693e-8
1838	1.068113e-5	-6.5407e-8	9.837349e-6	-2.44464e-9
1839	1.048655e-5	-7.198978e-8	1.1076e-5	1.885739e-7
1840	1.03484e-5	3.683876e-7	1.070145e-5	9.72154e-8
1841	1.063479e-5	4.523304e-8	9.780593e-6	-3.04723e-8
1842	1.05842e-5	-1.439469e-7	1.097355e-5	1.705052e-7
1843	1.033102e-5	3.195757e-7	1.084344e-5	1.391016e-7
1844	1.055638e-5	1.492775e-7	9.761418e-6	-4.525077e-8
1845	1.066169e-5	-1.787164e-7	1.085098e-5	1.366378e-7
1846	1.035815e-5	2.428314e-7	1.097323e-5	1.875239e-7
1847	1.045697e-5	2.453243e-7	9.774716e-6	-5.025229e-8
1848	1.069982e-5	-1.726845e-7	1.070908e-5	8.836567e-8
1849	1.042844e-5	1.431332e-7	1.107974e-5	2.314935e-7
1850	1.036797e-5	3.164321e-7	9.823461e-6	-3.484852e-8
1851	1.069433e-5	-1.2828e-7	1.055547e-5	3.420822e-8
1852	1.051636e-5	4.038744e-8	1.116027e-5	2.564898e-7
1853	1.030771e-5	3.51582e-7	9.907285e-6	6.135037e-10
1854	1.064806e-5	-5.744838e-8	1.04068e-5	-1.80748e-8
1855	1.060843e-5	-4.734041e-8	1.119992e-5	2.697168e-7
1856	1.029178e-5	3.439842e-7	1.002133e-5	5.045561e-8
1857	1.057123e-5	3.228735e-8	1.027243e-5	-7.440614e-8
1858	1.068977e-5	-1.04431e-7	1.120659e-5	2.69291e-7
1859	1.030588e-5	3.006934e-7	1.014453e-5	1.145794e-7
1860	1.047974e-5	1.210538e-7	1.015778e-5	-1.337219e-7
1861	1.074151e-5	-1.235812e-7	1.117926e-5	2.543823e-7
1862	1.035785e-5	2.333126e-7	1.028381e-5	1.889483e-7
1863	1.038023e-5	1.977316e-7	1.007154e-5	-1.818782e-7
1864	1.075778e-5	-1.127442e-7	1.111598e-5	2.151974e-7
1865	1.044365e-5	1.536585e-7	1.042033e-5	2.649145e-7
1866	1.029048e-5	2.444201e-7	1.002013e-5	-2.122716e-7
1867	1.073757e-5	-7.481792e-8	1.103022e-5	1.674395e-7
1868	1.054821e-5	8.657405e-8	1.05411e-5	3.404859e-7
1869	1.024024e-5	2.545815e-7	9.995872e-6	-2.269816e-7
1870	1.068132e-5	-2.518339e-8	1.093e-5	1.025668e-7
1871	1.065292e-5	3.7769e-8	1.064764e-5	4.085777e-7
1872	1.022693e-5	2.4165e-7	9.999705e-6	-2.207449e-7
1873	1.058711e-5	2.493855e-8	1.082328e-5	3.070288e-8
1874	1.074323e-5	8.595829e-9	1.073527e-5	4.667861e-7
1875	1.025544e-5	2.188051e-7	1.002654e-5	-1.947124e-7
1876	1.046776e-5	6.682813e-8	1.071155e-5	-5.707456e-8
1877	1.079573e-5	-4.295628e-9	1.081089e-5	5.163742e-7
1878	1.03333e-5	1.925432e-7	1.007557e-5	-1.526806e-7
1879	1.034825e-5	1.066033e-7	1.060127e-5	-1.4859e-7
1880	1.079856e-5	-7.110274e-9	1.086658e-5	5.495024e-7
1881	1.045064e-5	1.666306e-7	1.014517e-5	-8.737239e-8
1882	1.026128e-5	1.297156e-7	1.04916e-5	-2.392635e-7
1883	1.074284e-5	-4.589044e-9	1.089118e-5	5.554917e-7
1884	1.057396e-5	1.377124e-7	1.023464e-5	1.615194e-9
1885	1.023145e-5	1.495519e-7	1.039328e-5	-3.201239e-7
1886	1.065561e-5	1.110374e-9	1.08889e-5	5.264187e-7
1887	1.067496e-5	1.114569e-7	1.033747e-5	1.056536e-7
1888	1.02465e-5	1.583288e-7	1.030308e-5	-3.794535e-7
1889	1.055108e-5	4.78873e-9	1.085339e-5	4.751277e-7
1890	1.073813e-5	9.295793e-8	1.044953e-5	2.126362e-7
1891	1.030242e-5	1.707446e-7	1.024188e-5	-4.211584e-7
1892	1.044239e-5	9.221752e-9	1.078336e-5	4.07529e-7
1893	1.075439e-5	7.328113e-8	1.056475e-5	3.16023e-7
1894	1.039003e-5	1.862626e-7	1.021432e-5	-4.410082e-7
1895	1.035259e-5	3.450975e-8	1.069341e-5	3.219328e-7
1896	1.073633e-5	3.975977e-8	1.065892e-5	4.068294e-7
1897	1.04889e-5	1.925133e-7	1.022697e-5	-4.324874e-7
1898	1.029274e-5	7.349444e-8	1.059651e-5	2.29415e-7
1899	1.068579e-5	7.063018e-10	1.07287e-5	4.780846e-7
1900	1.05916e-5	1.824142e-7	1.026692e-5	-4.051741e-7
1901	1.026662e-5	1.255263e-7	1.049695e-5	1.369569e-7
1902	1.06095e-5	-3.539085e-8	1.077631e-5	5.23575e-7
1903	1.067767e-5	1.482121e-7	1.032416e-5	-3.598791e-7
1904	1.028316e-5	1.879587e-7	1.040501e-5	4.92097e-8
1905	1.05167e-5	-4.649272e-8	1.079821e-5	5.541496e-7
1906	1.07246e-5	8.840081e-8	1.039374e-5	-2.999928e-7
1907	1.034047e-5	2.429722e-7	1.031978e-5	-2.926092e-8
1908	1.042152e-5	-2.16002e-8	1.079592e-5	5.686406e-7
1909	1.072792e-5	1.063396e-8	1.047421e-5	-2.374441e-7
1910	1.042763e-5	2.76004e-7	1.024763e-5	-1.013184e-7
1911	1.034806e-5	4.184759e-8	1.077375e-5	5.76542e-7
1912	1.069963e-5	-6.661551e-8	1.055933e-5	-1.671872e-7
1913	1.052249e-5	2.746625e-7	1.01987e-5	-1.695971e-7
1914	1.030285e-5	1.294187e-7	1.073069e-5	5.732825e-7
1915	1.063903e-5	-1.330302e-7	1.064814e-5	-9.983677e-8
1916	1.061674e-5	2.265331e-7	1.016856e-5	-2.367447e-7
1917	1.029897e-5	2.349798e-7	1.067531e-5	5.691863e-7
1918	1.055454e-5	-1.661842e-7	1.072953e-5	-2.678797e-8
1919	1.068735e-5	1.357016e-7	1.015981e-5	-2.995146e-7
1920	1.033363e-5	3.359819e-7	1.060782e-5	5.51359e-7
1921	1.045339e-5	-1.481614e-7	1.079966e-5	4.914816e-8
1922	1.072993e-5	1.174243e-8	1.016707e-5	-3.483761e-7
1923	1.040443e-5	4.090476e-7	1.053615e-5	5.199336e-7
1924	1.034644e-5	-6.702516e-8	1.085473e-5	1.322269e-7
1925	1.072517e-5	-1.212514e-7	1.019017e-5	-3.890028e-7
1926	1.051439e-5	4.169685e-7	1.045401e-5	4.756364e-7
1927	1.026911e-5	6.80274e-8	1.089558e-5	2.147999e-7
1928	1.066769e-5	-2.202254e-7	1.022977e-5	-4.107282e-7
1929	1.063888e-5	3.511552e-7	1.03685e-5	4.107144e-7
1930	1.023024e-5	2.24171e-7	1.093156e-5	2.996243e-7
1931	1.057263e-5	-2.651643e-7	1.028146e-5	-4.2086e-7
1932	1.076107e-5	2.269277e-7	1.028215e-5	3.299563e-7
1933	1.024565e-5	3.625333e-7	1.095184e-5	3.731597e-7
1934	1.043547e-5	-2.487233e-7	1.035471e-5	-4.155882e-7
1935	1.085305e-5	6.828835e-8	1.019718e-5	2.488354e-7
1936	1.032616e-5	4.622034e-7	1.095612e-5	4.381301e-7
1937	1.027871e-5	-1.646842e-7	1.044181e-5	-3.929468e-7
1938	1.088879e-5	-1.034229e-7	1.012242e-5	1.60417e-7
1939	1.045952e-5	5.000715e-7	1.09387e-5	4.912964e-7
1940	1.014212e-5	-1.543804e-8	1.054234e-5	-3.478321e-7
1941	1.084761e-5	-2.504884e-7	1.005785e-5	6.288682e-8
1942	1.062647e-5	4.626635e-7	1.089277e-5	5.344485e-7
1943	1.005953e-5	1.711474e-7	1.065036e-5	-2.822382e-7
1944	1.073906e-5	-3.526166e-7	1.001493e-5	-3.633553e-8
1945	1.07908e-5	3.541163e-7	1.081632e-5	5.632666e-7
1946	1.004054e-5	3.594867e-7	1.076155e-5	-2.054182e-7
1947	1.058087e-5	-3.789237e-7	9.992759e-6	-1.319695e-7
1948	1.093496e-5	1.790486e-7	1.071811e-5	5.68839e-7
1949	1.009877e-5	5.130117e-7	1.08698e-5	-1.122739e-7
1950	1.038831e-5	-3.148882e-7	9.993607e-6	-2.161457e-7
1951	1.102024e-5	-2.85513e-8	1.060373e-5	5.445693e-7
1952	1.023129e-5	6.001687e-7	1.096694e-5	-4.957125e-9
1953	1.020051e-5	-1.711365e-7	1.003101e-5	-2.785654e-7
1954	1.102964e-5	-2.299595e-7	1.046938e-5	4.94231e-7
1955	1.042043e-5	6.070188e-7	1.104592e-5	1.006846e-7
1956	1.00514e-5	2.830372e-8	1.010462e-5	-3.21635e-7
1957	1.095301e-5	-3.797081e-7	1.032615e-5	4.26547e-7
1958	1.06215e-5	5.213221e-7	1.108921e-5	2.070239e-7
1959	9.973885e-6	2.466804e-7	1.021231e-5	-3.475413e-7
1960	1.081048e-5	-4.508355e-7	1.019192e-5	3.440275e-7
1961	1.080457e-5	3.56065e-7	1.109636e-5	3.021589e-7
1962	9.980947e-6	4.416843e-7	1.034821e-5	-3.508546e-7
1963	1.062428e-5	-4.357807e-7	1.006403e-5	2.486069e-7
1964	1.094461e-5	1.440096e-7	1.106297e-5	3.818289e-7
1965	1.005944e-5	5.793785e-7	1.050683e-5	-3.29443e-7
1966	1.042735e-5	-3.322074e-7	9.96087e-6	1.564169e-7
1967	1.1017e-5	-6.840739e-8	1.098391e-5	4.390743e-7
1968	1.020067e-5	6.328427e-7	1.067122e-5	-2.925517e-7
1969	1.024311e-5	-1.626333e-7	9.894758e-6	6.901609e-8
1970	1.101507e-5	-2.491631e-7	1.087721e-5	4.776716e-7
1971	1.037862e-5	6.051671e-7	1.082778e-5	-2.407801e-7
1972	1.010192e-5	4.246645e-8	9.870321e-6	-5.54095e-9
1973	1.094378e-5	-3.716286e-7	1.074385e-5	4.94283e-7
1974	1.05691e-5	5.018239e-7	1.096912e-5	-1.788561e-7
1975	1.002218e-5	2.467998e-7	9.885311e-6	-7.567406e-8
1976	1.081421e-5	-4.232512e-7	1.05961e-5	4.958872e-7
1977	1.07485e-5	3.39902e-7	1.108713e-5	-1.109034e-7
1978	1.001902e-5	4.214664e-7	9.93671e-6	-1.399368e-7
1979	1.064336e-5	-3.967397e-7	1.044062e-5	4.87699e-7
1980	1.08948e-5	1.450787e-7	1.117905e-5	-4.212674e-8
1981	1.008628e-5	5.36412e-7	1.001564e-5	-1.908739e-7
1982	1.044914e-5	-2.951835e-7	1.027746e-5	4.597955e-7
1983	1.098145e-5	-5.247593e-8	1.123994e-5	2.826127e-8
1984	1.022531e-5	5.78906e-7	1.012822e-5	-2.285718e-7
1985	1.026468e-5	-1.377121e-7	1.011752e-5	4.174228e-7
1986	1.097994e-5	-2.196325e-7	1.126699e-5	9.887831e-8
1987	1.039966e-5	5.454603e-7	1.02608e-5	-2.492037e-7
1988	1.013142e-5	4.730594e-8	9.968225e-6	3.655647e-7
1989	1.0898e-5	-3.213875e-7	1.126187e-5	1.632558e-7
1990	1.058359e-5	4.473068e-7	1.041544e-5	-2.517711e-7
1991	1.006382e-5	2.244432e-7	9.833162e-6	3.027777e-7
1992	1.076125e-5	-3.547785e-7	1.122214e-5	2.166973e-7
1993	1.075862e-5	3.044213e-7	1.058532e-5	-2.351606e-7
1994	1.006555e-5	3.728324e-7	9.720975e-6	2.396894e-7
1995	1.059292e-5	-3.364174e-7	1.114176e-5	2.51908e-7
1996	1.088662e-5	1.328215e-7	1.076515e-5	-1.9914e-7
1997	1.013622e-5	4.864652e-7	9.649325e-6	1.777458e-7
1998	1.041605e-5	-2.590934e-7	1.10187e-5	2.657027e-7
1999	1.095728e-5	-4.066352e-8	1.094407e-5	-1.567513e-7
2000	1.025949e-5	5.492707e-7	9.621732e-6	1.351508e-7
2001	1.024687e-5	-1.288091e-7	1.086513e-5	2.602314e-7
2002	1.096169e-5	-2.079633e-7	1.110292e-5	-1.140801e-7
2003	1.041967e-5	5.542252e-7	9.637703e-6	1.098176e-7
2004	1.011658e-5	4.219459e-8	1.069331e-5	2.458434e-7
2005	1.089148e-5	-3.431441e-7	1.123149e-5	-7.86249e-8
2006	1.06051e-5	4.856954e-7	9.692086e-6	1.001286e-7
2007	1.004475e-5	2.3962e-7	1.05149e-5	2.251464e-7
2008	1.075803e-5	-4.298148e-7	1.133534e-5	-5.760829e-8
2009	1.077993e-5	3.495763e-7	9.777418e-6	1.013038e-7
2010	1.004851e-5	4.367898e-7	1.033924e-5	2.097411e-7
2011	1.058764e-5	-4.506327e-7	1.140931e-5	-4.636009e-8
2012	1.091213e-5	1.596962e-7	9.892426e-6	1.044517e-7
2013	1.012015e-5	6.019922e-7	1.017218e-5	2.024963e-7
2014	1.039968e-5	-3.901604e-7	1.144898e-5	-5.093874e-8
2015	1.098342e-5	-6.262842e-8	1.002301e-5	1.068662e-7
2016	1.025707e-5	7.14573e-7	1.002104e-5	2.079687e-7
2017	1.022046e-5	-2.437734e-7	1.145557e-5	-6.049792e-8
2018	1.097522e-5	-2.93747e-7	1.016615e-5	1.041035e-7
2019	1.043368e-5	7.489451e-7	9.885261e-6	2.183114e-7
2020	1.008582e-5	-2.604666e-8	1.142676e-5	-7.020989e-8
2021	1.08994e-5	-4.96331e-7	1.032081e-5	9.978658e-8
2022	1.062963e-5	6.860465e-7	9.771157e-6	2.339535e-7
2023	1.000439e-5	2.427079e-7	1.136975e-5	-7.621498e-8
2024	1.07629e-5	-6.39994e-7	1.047639e-5	9.164125e-8
2025	1.082405e-5	5.084277e-7	9.680093e-6	2.547038e-7
2026	1.000318e-5	5.319621e-7	1.128888e-5	-8.473716e-8
2027	1.05697e-5	-6.747887e-7	1.064355e-5	8.178292e-8
2028	1.097558e-5	2.278449e-7	9.613245e-6	2.727162e-7
2029	1.008949e-5	7.769084e-7	1.119049e-5	-8.900966e-8
2030	1.035293e-5	-5.725106e-7	1.080613e-5	6.65887e-8
2031	1.106247e-5	-1.075511e-7	9.569732e-6	2.915293e-7
2032	1.023973e-5	9.294641e-7	1.10707e-5	-9.336881e-8
2033	1.014693e-5	-3.48391e-7	1.096497e-5	4.430996e-8
2034	1.106452e-5	-4.337599e-7	9.553036e-6	3.151566e-7
2035	1.044614e-5	9.512274e-7	1.09262e-5	-9.102291e-8
2036	9.985737e-6	-3.029486e-8	1.11152e-5	1.302486e-8
2037	1.097422e-5	-6.961733e-7	9.567182e-6	3.428851e-7
2038	1.067582e-5	8.297495e-7	1.075733e-5	-8.873086e-8
2039	9.899334e-6	3.38758e-7	1.124837e-5	-1.84633e-8
2040	1.081088e-5	-8.518702e-7	9.613694e-6	3.616554e-7
2041	1.088345e-5	5.689957e-7	1.057834e-5	-6.970642e-8
2042	9.91345e-6	6.999368e-7	1.135564e-5	-5.018752e-8
2043	1.059542e-5	-8.642406e-7	9.700411e-6	3.757957e-7
2044	1.103091e-5	2.066177e-7	1.039135e-5	-4.613764e-8
2045	1.001687e-5	9.847651e-7	1.143362e-5	-8.512531e-8
2046	1.037026e-5	-7.115037e-7	9.819981e-6	3.826259e-7
2047	1.110506e-5	-2.023041e-7	1.020758e-5	-1.373629e-8
2048	1.018482e-5	1.131688e-6	1.147624e-5	-1.179471e-7
2049	1.01664e-5	-4.033009e-7	9.964568e-6	3.860906e-7
2050	1.109583e-5	-5.860426e-7	1.003532e-5	1.785162e-8
2051	1.039273e-5	1.108598e-6	1.147979e-5	-1.479528e-7
2052	1.001864e-5	5.30921e-9	1.013429e-5	3.884218e-7
2053	1.100238e-5	-8.70621e-7	9.879749e-6	4.821963e-8
2054	1.06126e-5	9.155335e-7	1.14439e-5	-1.840697e-7
2055	9.94784e-6	4.423329e-7	1.032598e-5	3.897515e-7
2056	1.083808e-5	-1.00013e-6	9.750941e-6	8.422935e-8
2057	1.079675e-5	5.779212e-7	1.136039e-5	-2.175516e-7
2058	9.971611e-6	8.241582e-7	1.053214e-5	3.791045e-7
2059	1.064302e-5	-9.474907e-7	9.663164e-6	1.291456e-7
2060	1.091514e-5	1.51359e-7	1.12341e-5	-2.515135e-7
2061	1.007494e-5	1.082284e-6	1.07342e-5	3.563924e-7
2062	1.04467e-5	-7.158473e-7	9.610511e-6	1.845317e-7
2063	1.096639e-5	-2.819059e-7	1.107511e-5	-2.809771e-7
2064	1.022141e-5	1.183199e-6	1.092646e-5	3.230394e-7
2065	1.029066e-5	-3.568661e-7	9.603323e-6	2.527652e-7
2066	1.09425e-5	-6.498534e-7	1.088314e-5	-3.099852e-7
2067	1.038393e-5	1.109738e-6	1.10941e-5	2.756935e-7
2068	1.019065e-5	6.305434e-8	9.646428e-6	3.296482e-7
2069	1.086047e-5	-8.853391e-7	1.068328e-5	-3.257598e-7
2070	1.053986e-5	8.721946e-7	1.122257e-5	2.097128e-7
2071	1.015359e-5	4.733463e-7	9.736602e-6	4.098541e-7
2072	1.074633e-5	-9.603744e-7	1.048106e-5	-3.281683e-7
2073	1.066058e-5	5.22673e-7	1.130926e-5	1.256021e-7
2074	1.017247e-5	8.084661e-7	9.868391e-6	4.835108e-7
2075	1.0621e-5	-8.730076e-7	1.028956e-5	-3.098554e-7
2076	1.073629e-5	1.158486e-7	1.134385e-5	3.121492e-8
2077	1.023571e-5	1.022654e-6	1.002962e-5	5.41686e-7
2078	1.049926e-5	-6.347098e-7	1.012124e-5	-2.615392e-7
2079	1.077533e-5	-2.768376e-7	1.133549e-5	-7.51959e-8
2080	1.032296e-5	1.081968e-6	1.02042e-5	5.838818e-7
2081	1.039408e-5	-2.898832e-7	9.975736e-6	-1.909403e-7
2082	1.077384e-5	-5.906543e-7	1.129161e-5	-1.813723e-7
2083	1.042566e-5	9.782068e-7	1.038442e-5	6.067821e-7
2084	1.03182e-5	1.020469e-7	9.862543e-6	-9.950888e-8
2085	1.072703e-5	-7.823109e-7	1.121181e-5	-2.809055e-7
2086	1.052836e-5	7.396656e-7	1.056114e-5	6.025067e-7
2087	1.029131e-5	4.653933e-7	9.785695e-6	7.353955e-9
2088	1.065271e-5	-8.171084e-7	1.110651e-5	-3.682383e-7
2089	1.060571e-5	4.1216e-7	1.072572e-5	5.749256e-7
2090	1.030539e-5	7.355536e-7	9.747473e-6	1.152678e-7
2091	1.05666e-5	-7.036316e-7	1.097555e-5	-4.394944e-7
2092	1.065949e-5	5.847462e-8	1.087084e-5	5.319986e-7
2093	1.034149e-5	8.825069e-7	9.743951e-6	2.304484e-7
2094	1.048191e-5	-4.761759e-7	1.083011e-5	-5.016154e-7
2095	1.069024e-5	-2.616016e-7	1.09922e-5	4.689916e-7
2096	1.039486e-5	9.129437e-7	9.778966e-6	3.464309e-7
2097	1.04098e-5	-1.819788e-7	1.067611e-5	-5.415911e-7
2098	1.069571e-5	-5.101629e-7	1.109065e-5	3.859015e-7
2099	1.045884e-5	8.206861e-7	9.851138e-6	4.663302e-7
2100	1.035556e-5	1.398446e-7	1.051936e-5	-5.613937e-7
2101	1.067605e-5	-6.680048e-7	1.115327e-5	2.780487e-7
2102	1.052818e-5	6.274166e-7	9.951122e-6	5.826067e-7
2103	1.032281e-5	4.473104e-7	1.037818e-5	-5.522087e-7
2104	1.06335e-5	-7.173407e-7	1.117776e-5	1.479157e-7
2105	1.059337e-5	3.573347e-7	1.006983e-5	6.844771e-7
2106	1.031369e-5	7.007334e-7	1.02594e-5	-5.141033e-7
2107	1.057065e-5	-6.484046e-7	1.116848e-5	6.325253e-9
2108	1.064789e-5	4.789591e-8	1.019267e-5	7.705215e-7
2109	1.033158e-5	8.704492e-7	1.016254e-5	-4.470336e-7
2110	1.050108e-5	-4.75304e-7	1.113652e-5	-1.390994e-7
2111	1.068448e-5	-2.556585e-7	1.030815e-5	8.255537e-7
2112	1.03718e-5	9.393415e-7	1.00948e-5	-3.466481e-7
2113	1.043527e-5	-2.189107e-7	1.108558e-5	-2.839384e-7
2114	1.069871e-5	-5.186817e-7	1.041091e-5	8.516927e-7
2115	1.043302e-5	8.901342e-7	1.004925e-5	-2.201525e-7
2116	1.037779e-5	8.773185e-8	1.103062e-5	-4.166979e-7
2117	1.068368e-5	-7.104034e-7	1.049708e-5	8.41542e-7
2118	1.049952e-5	7.297124e-7	1.002506e-5	-7.647249e-8
2119	1.034368e-5	4.07464e-7	1.096693e-5	-5.309507e-7
2120	1.065018e-5	-8.036798e-7	1.057932e-5	7.980891e-7
2121	1.056167e-5	4.757018e-7	1.000968e-5	7.769414e-8
2122	1.032403e-5	6.976325e-7	1.090247e-5	-6.210738e-7
2123	1.059593e-5	-7.768004e-7	1.06485e-5	7.249416e-7
2124	1.062426e-5	1.490944e-7	1.000611e-5	2.318068e-7
2125	1.032753e-5	9.269788e-7	1.084213e-5	-6.84139e-7
2126	1.052465e-5	-6.156355e-7	1.071203e-5	6.253213e-7
2127	1.067019e-5	-2.134558e-7	1.000456e-5	3.828528e-7
2128	1.036485e-5	1.046436e-6	1.077835e-5	-7.209035e-7
2129	1.04491e-5	-3.301307e-7	1.077433e-5	5.093e-7
2130	1.069369e-5	-5.50843e-7	1.000943e-5	5.237797e-7
2131	1.042018e-5	1.020654e-6	1.071499e-5	-7.318753e-7
2132	1.038527e-5	3.513341e-8	1.082805e-5	3.747455e-7
2133	1.069013e-5	-8.046547e-7	1.002348e-5	6.534881e-7
2134	1.048871e-5	8.453383e-7	1.064543e-5	-7.146416e-7
2135	1.033733e-5	4.250612e-7	1.08781e-5	2.253215e-7
2136	1.065677e-5	-9.250455e-7	1.004745e-5	7.676707e-7
2137	1.055735e-5	5.450429e-7	1.057091e-5	-6.676196e-7
2138	1.032019e-5	7.726533e-7	1.092114e-5	6.86552e-8
2139	1.060637e-5	-8.859513e-7	1.008841e-5	8.601298e-7
2140	1.061347e-5	1.570322e-7	1.049341e-5	-5.861644e-7
2141	1.033443e-5	1.031279e-6	1.094953e-5	-8.690317e-8
2142	1.054591e-5	-6.932011e-7	1.014203e-5	9.226727e-7
2143	1.064188e-5	-2.589211e-7	1.042349e-5	-4.814629e-7
2144	1.037134e-5	1.153752e-6	1.095719e-5	-2.382162e-7
2145	1.050398e-5	-3.665717e-7	1.02078e-5	9.538134e-7
2146	1.064455e-5	-6.270781e-7	1.03564e-5	-3.494411e-7
2147	1.040697e-5	1.09619e-6	1.09503e-5	-3.814708e-7
2148	1.047441e-5	5.066553e-8	1.027582e-5	9.461531e-7
2149	1.06383e-5	-8.839896e-7	1.030431e-5	-2.073821e-7
2150	1.042969e-5	8.696965e-7	1.092705e-5	-5.058411e-7
2151	1.045445e-5	4.832994e-7	1.034487e-5	9.120892e-7
2152	1.062885e-5	-9.789935e-7	1.026804e-5	-6.11287e-8
2153	1.044435e-5	5.128689e-7	1.089434e-5	-6.116775e-7
2154	1.044907e-5	8.464346e-7	1.041362e-5	8.542831e-7
2155	1.061672e-5	-8.911883e-7	1.024379e-5	9.6971e-8
2156	1.044937e-5	8.917955e-8	1.084448e-5	-6.892721e-7
2157	1.045465e-5	1.071265e-6	1.048223e-5	7.653595e-7
2158	1.06234e-5	-6.309721e-7	1.023931e-5	2.559609e-7
2159	1.044191e-5	-3.29801e-7	1.077874e-5	-7.410088e-7
2160	1.045686e-5	1.120638e-6	1.053782e-5	6.487467e-7
2161	1.064246e-5	-2.551496e-7	1.025005e-5	4.141374e-7
2162	1.043887e-5	-6.572423e-7	1.071384e-5	-7.622789e-7
2163	1.043139e-5	9.959459e-7	1.058436e-5	5.067953e-7
2164	1.06689e-5	1.586963e-7	1.027333e-5	5.630818e-7
2165	1.044951e-5	-8.468464e-7	1.064449e-5	-7.528591e-7
2166	1.03826e-5	7.308278e-7	1.061636e-5	3.482159e-7
2167	1.069246e-5	5.385986e-7	1.031646e-5	6.958118e-7
2168	1.048356e-5	-8.668012e-7	1.058427e-5	-7.062729e-7
2169	1.031844e-5	3.765505e-7	1.062275e-5	1.741809e-7
2170	1.070262e-5	8.165152e-7	1.037025e-5	8.027166e-7
2171	1.054593e-5	-7.214312e-7	1.054127e-5	-6.220835e-7
2172	1.026331e-5	-9.400967e-10	1.061015e-5	-7.179763e-9
2173	1.067535e-5	9.491815e-7	1.042601e-5	8.813209e-7
2174	1.063077e-5	-4.478912e-7	1.051161e-5	-5.040076e-7
2175	1.022812e-5	-3.349483e-7	1.057769e-5	-1.81996e-7
2176	1.061301e-5	9.323006e-7	1.047804e-5	9.134369e-7
2177	1.071942e-5	-1.082132e-7	1.050382e-5	-3.56334e-7
2178	1.02329e-5	-5.713164e-7	1.053634e-5	-3.461838e-7
2179	1.051704e-5	7.763704e-7	1.051808e-5	9.034632e-7
2180	1.078898e-5	2.376041e-7	1.050795e-5	-1.844148e-7
2181	1.028064e-5	-6.716931e-7	1.049464e-5	-4.852036e-7
2182	1.04068e-5	5.110526e-7	1.054094e-5	8.540708e-7
2183	1.082368e-5	5.270295e-7	1.053028e-5	-3.965696e-9
2184	1.036277e-5	-6.276837e-7	1.045717e-5	-5.985216e-7
2185	1.030279e-5	1.952635e-7	1.054603e-5	7.637133e-7
2186	1.082329e-5	7.088241e-7	1.055895e-5	1.826812e-7
2187	1.047025e-5	-4.534393e-7	1.043145e-5	-6.709915e-7
2188	1.021731e-5	-1.06907e-7	1.05342e-5	6.385033e-7
2189	1.078148e-5	7.519626e-7	1.059488e-5	3.560256e-7
2190	1.059243e-5	-1.952825e-7	1.041336e-5	-6.963231e-7
2191	1.017286e-5	-3.342897e-7	1.051157e-5	4.936514e-7
2192	1.068997e-5	6.59237e-7	1.063117e-5	5.072316e-7
2193	1.07026e-5	8.815525e-8	1.04097e-5	-6.867953e-7
2194	1.018205e-5	-4.512592e-7	1.047815e-5	3.309254e-7
2195	1.056743e-5	4.798253e-7	1.066002e-5	6.373463e-7
2196	1.077771e-5	3.347567e-7	1.042308e-5	-6.395911e-7
2197	1.024802e-5	-4.607218e-7	1.043567e-5	1.641742e-7
2198	1.043862e-5	2.579401e-7	1.068404e-5	7.376973e-7
2199	1.08095e-5	5.072884e-7	1.044745e-5	-5.57913e-7
2200	1.035028e-5	-3.736708e-7	1.038687e-5	-4.8261e-9
2201	1.032797e-5	2.782869e-8	1.069942e-5	7.993163e-7
2202	1.079402e-5	5.965741e-7	1.04884e-5	-4.408045e-7
2203	1.047066e-5	-2.240433e-7	1.033728e-5	-1.644493e-7
2204	1.025328e-5	-1.651216e-7	1.069966e-5	8.188984e-7
2205	1.073244e-5	5.975272e-7	1.054484e-5	-2.999964e-7
2206	1.059234e-5	-3.502461e-8	1.028795e-5	-3.016998e-7
2207	1.022673e-5	-3.074469e-7	1.068274e-5	8.03615e-7
2208	1.063489e-5	5.225313e-7	1.060893e-5	-1.557428e-7
2209	1.06924e-5	1.554184e-7	1.02524e-5	-4.082269e-7
2210	1.024955e-5	-3.816626e-7	1.06426e-5	7.53329e-7
2211	1.051624e-5	3.988156e-7	1.06784e-5	-7.931757e-9
2212	1.075966e-5	3.223555e-7	1.023592e-5	-4.806675e-7
2213	1.031502e-5	-3.908754e-7	1.057903e-5	6.727038e-7
2214	1.040012e-5	2.437282e-7	1.074171e-5	1.346746e-7
2215	1.077975e-5	4.454358e-7	1.025201e-5	-5.247733e-7
2216	1.041145e-5	-3.3391e-7	1.049836e-5	5.701073e-7
2217	1.030166e-5	7.592987e-8	1.078667e-5	2.631032e-7
2218	1.075533e-5	5.207956e-7	1.029563e-5	-5.386451e-7
2219	1.052812e-5	-2.333157e-7	1.041576e-5	4.539607e-7
2220	1.023849e-5	-7.868859e-8	1.080763e-5	3.741535e-7
2221	1.068411e-5	5.439389e-7	1.036129e-5	-5.218857e-7
2222	1.064141e-5	-9.701496e-8	1.034013e-5	3.338834e-7
2223	1.022946e-5	-2.082184e-7	1.08046e-5	4.607282e-7
2224	1.058286e-5	5.158404e-7	1.045003e-5	-4.817125e-7
2225	1.072496e-5	6.366312e-8	1.027422e-5	2.123103e-7
2226	1.026779e-5	-3.084064e-7	1.076854e-5	5.267809e-7
2227	1.047495e-5	4.35568e-7	1.054253e-5	-4.165743e-7
2228	1.077333e-5	2.370314e-7	1.02399e-5	9.620143e-8
2229	1.033387e-5	-3.62186e-7	1.070775e-5	5.670979e-7
2230	1.037307e-5	3.0386e-7	1.062829e-5	-3.421519e-7
2231	1.078215e-5	3.901731e-7	1.023126e-5	-1.20102e-8
2232	1.042915e-5	-3.496314e-7	1.06317e-5	5.914663e-7
2233	1.029435e-5	1.377759e-7	1.070197e-5	-2.617878e-7
2234	1.074574e-5	5.003921e-7	1.024654e-5	-1.050411e-7
2235	1.053661e-5	-2.656194e-7	1.054583e-5	5.95629e-7
2236	1.024946e-5	-4.134569e-8	1.075758e-5	-1.760336e-7
2237	1.067737e-5	5.476459e-7	1.027699e-5	-1.86694e-7
2238	1.064187e-5	-1.21779e-7	1.046869e-5	5.870328e-7
2239	1.024078e-5	-1.999989e-7	1.079104e-5	-8.285129e-8
2240	1.058462e-5	5.258899e-7	1.032401e-5	-2.550887e-7
2241	1.07257e-5	5.570979e-8	1.039792e-5	5.497472e-7
2242	1.026478e-5	-3.167854e-7	1.080784e-5	1.585934e-8
2243	1.047928e-5	4.412562e-7	1.037349e-5	-3.005938e-7
2244	1.078807e-5	2.430728e-7	1.03384e-5	4.978536e-7
2245	1.032024e-5	-3.689257e-7	1.081193e-5	1.115029e-7
2246	1.036166e-5	2.879561e-7	1.042596e-5	-3.294581e-7
2247	1.081927e-5	4.079948e-7	1.028911e-5	4.209904e-7
2248	1.041121e-5	-3.365566e-7	1.080116e-5	2.025464e-7
2249	1.024923e-5	9.575159e-8	1.048117e-5	-3.334482e-7
2250	1.08032e-5	5.191028e-7	1.024733e-5	3.360954e-7
2251	1.053985e-5	-2.233842e-7	1.078238e-5	2.783361e-7
2252	1.016722e-5	-1.000815e-7	1.053801e-5	-3.177879e-7
2253	1.073968e-5	5.500471e-7	1.021181e-5	2.486528e-7
2254	1.068306e-5	-4.732501e-8	1.07576e-5	3.42574e-7
2255	1.013247e-5	-2.580859e-7	1.05944e-5	-2.854986e-7
2256	1.063262e-5	4.823405e-7	1.018752e-5	1.586325e-7
2257	1.081336e-5	1.620484e-7	1.072794e-5	3.884586e-7
2258	1.014497e-5	-3.420582e-7	1.064417e-5	-2.351481e-7
2259	1.048828e-5	3.320692e-7	1.017107e-5	6.815761e-8
2260	1.090901e-5	3.52417e-7	1.069717e-5	4.166578e-7
2261	1.021462e-5	-3.25829e-7	1.069542e-5	-1.690362e-7
2262	1.032342e-5	1.347819e-7	1.016177e-5	-2.123218e-8
2263	1.09527e-5	4.783625e-7	1.065759e-5	4.263515e-7
2264	1.034408e-5	-2.227432e-7	1.073659e-5	-8.942201e-8
2265	1.017442e-5	-6.156321e-8	1.016628e-5	-1.004445e-7
2266	1.093624e-5	5.164864e-7	1.061683e-5	4.176397e-7
2267	1.050652e-5	-5.652961e-8	1.076885e-5	1.296047e-9
2268	1.006557e-5	-2.143938e-7	1.017677e-5	-1.68655e-7
2269	1.086151e-5	4.51586e-7	1.057031e-5	3.83644e-7
2270	1.068225e-5	1.421506e-7	1.080898e-5	9.920784e-8
2271	1.001904e-5	-2.896601e-7	1.018775e-5	-2.225199e-7
2272	1.072241e-5	3.063274e-7	1.052117e-5	3.323535e-7
2273	1.083769e-5	3.242096e-7	1.08433e-5	1.965712e-7
2274	1.004158e-5	-2.741719e-7	1.020258e-5	-2.521588e-7
2275	1.054295e-5	1.203218e-7	1.046411e-5	2.573552e-7
2276	1.094496e-5	4.427602e-7	1.088096e-5	2.872422e-7
2277	1.013588e-5	-1.732947e-7	1.023054e-5	-2.530441e-7
2278	1.036096e-5	-6.764075e-8	1.039976e-5	1.66401e-7
2279	1.098741e-5	4.750944e-7	1.090603e-5	3.71624e-7
2280	1.028244e-5	-8.249533e-9	1.027702e-5	-2.306402e-7
2281	1.020963e-5	-2.210058e-7	1.033646e-5	6.568246e-8
2282	1.096158e-5	4.144147e-7	1.091631e-5	4.335035e-7
2283	1.045456e-5	1.871209e-7	1.033504e-5	-1.827871e-7
2284	1.011125e-5	-3.051313e-7	1.027875e-5	-4.70251e-8
2285	1.087526e-5	2.684022e-7	1.090644e-5	4.814466e-7
2286	1.062123e-5	3.730638e-7	1.040254e-5	-1.082549e-7
2287	1.007013e-5	-2.935178e-7	1.023182e-5	-1.614982e-7
2288	1.074351e-5	6.658102e-8	1.088098e-5	4.965644e-7
2289	1.076124e-5	4.988421e-7	1.047397e-5	-8.83726e-9
2290	1.00926e-5	-1.745289e-7	1.019243e-5	-2.599636e-7
2291	1.058263e-5	-1.45819e-7	1.084237e-5	4.753763e-7
2292	1.085281e-5	5.347117e-7	1.054688e-5	1.043838e-7
2293	1.017801e-5	2.284052e-8	1.016012e-5	-3.390981e-7
2294	1.041946e-5	-3.1342e-7	1.079165e-5	4.306626e-7
2295	1.088112e-5	4.606543e-7	1.061627e-5	2.262587e-7
2296	1.031216e-5	2.417671e-7	1.014629e-5	-3.911265e-7
2297	1.02967e-5	-3.899438e-7	1.073165e-5	3.555491e-7
2298	1.084337e-5	2.951932e-7	1.068372e-5	3.460434e-7
2299	1.046129e-5	4.347394e-7	1.014724e-5	-4.072401e-7
2300	1.022545e-5	-3.653991e-7	1.066881e-5	2.486633e-7
2301	1.075908e-5	8.372196e-8	1.074164e-5	4.579783e-7
2302	1.059692e-5	5.585964e-7	1.016134e-5	-3.876557e-7
2303	1.020959e-5	-2.445665e-7	1.060025e-5	1.137973e-7
2304	1.064363e-5	-1.24216e-7	1.079192e-5	5.470012e-7
2305	1.069592e-5	5.861552e-7	1.018523e-5	-3.263322e-7
2306	1.024923e-5	-5.974955e-8	1.052849e-5	-2.858298e-8
2307	1.051229e-5	-2.840961e-7	1.083165e-5	5.992481e-7
2308	1.075024e-5	5.153726e-7	1.022087e-5	-2.313916e-7
2309	1.032962e-5	1.47575e-7	1.045525e-5	-1.619029e-7
2310	1.039255e-5	-3.569875e-7	1.085414e-5	6.105899e-7
2311	1.075532e-5	3.675899e-7	1.02751e-5	-1.111558e-7
2312	1.043629e-5	3.236797e-7	1.03815e-5	-2.754939e-7
2313	1.031562e-5	-3.389254e-7	1.085947e-5	5.874387e-7
2314	1.071111e-5	1.800946e-7	1.03489e-5	1.787527e-8
2315	1.054743e-5	4.412093e-7	1.031342e-5	-3.605553e-7
2316	1.02817e-5	-2.479305e-7	1.083512e-5	5.265184e-7
2317	1.063144e-5	-4.703857e-9	1.044076e-5	1.534242e-7
2318	1.064711e-5	4.813713e-7	1.02624e-5	-4.115973e-7
2319	1.029155e-5	-1.010835e-7	1.07838e-5	4.37482e-7
2320	1.052729e-5	-1.483305e-7	1.053359e-5	2.825422e-7
2321	1.070825e-5	4.468559e-7	1.024254e-5	-4.276255e-7
2322	1.03426e-5	6.548699e-8	1.070356e-5	3.270615e-7
2323	1.042912e-5	-2.275545e-7	1.062618e-5	3.944603e-7
2324	1.072329e-5	3.50949e-7	1.02466e-5	-4.127779e-7
2325	1.042198e-5	2.11782e-7	1.060067e-5	2.066603e-7
2326	1.035125e-5	-2.395939e-7	1.0707e-5	4.834694e-7
2327	1.070305e-5	2.262568e-7	1.028741e-5	-3.69555e-7
2328	1.050648e-5	3.185952e-7	1.049237e-5	8.067388e-8
2329	1.031575e-5	-2.008644e-7	1.075206e-5	5.442167e-7
2330	1.065384e-5	9.366949e-8	1.035823e-5	-2.992883e-7
2331	1.058722e-5	3.778789e-7	1.039077e-5	-3.405115e-8
2332	1.031645e-5	-1.171756e-7	1.076416e-5	5.72646e-7
2333	1.05768e-5	-2.894615e-8	1.045003e-5	-2.1153e-7
2334	1.064167e-5	3.862468e-7	1.030008e-5	-1.349921e-7
2335	1.034965e-5	-8.782023e-9	1.074463e-5	5.686602e-7
2336	1.049494e-5	-1.197005e-7	1.055028e-5	-1.120621e-7
2337	1.066566e-5	3.518004e-7	1.024177e-5	-2.14273e-7
2338	1.040481e-5	1.08429e-7	1.068822e-5	5.432937e-7
2339	1.042403e-5	-1.720499e-7	1.065042e-5	-1.169539e-8
2340	1.066446e-5	2.79537e-7	1.022094e-5	-2.743632e-7
2341	1.046721e-5	2.143406e-7	1.060746e-5	4.99988e-7
2342	1.037815e-5	-1.813467e-7	1.073144e-5	9.19842e-8
2343	1.064683e-5	1.832641e-7	1.023668e-5	-3.20177e-7
2344	1.053012e-5	2.938758e-7	1.051827e-5	4.395288e-7
2345	1.035247e-5	-1.534146e-7	1.078991e-5	1.888491e-7
2346	1.061404e-5	7.938298e-8	1.027903e-5	-3.528635e-7
2347	1.059069e-5	3.447271e-7	1.042842e-5	3.649694e-7
2348	1.034582e-5	-9.262267e-8	1.082593e-5	2.864121e-7
2349	1.056153e-5	-2.037878e-8	1.034036e-5	-3.68494e-7
2350	1.064233e-5	3.611602e-7	1.034675e-5	2.801874e-7
2351	1.035787e-5	-6.51626e-9	1.083397e-5	3.677306e-7
2352	1.049168e-5	-1.017297e-7	1.041184e-5	-3.572874e-7
2353	1.067961e-5	3.457439e-7	1.028061e-5	1.932423e-7
2354	1.039168e-5	9.115135e-8	1.081941e-5	4.368074e-7
2355	1.041878e-5	-1.605417e-7	1.048895e-5	-3.337362e-7
2356	1.069468e-5	2.962963e-7	1.023084e-5	1.045824e-7
2357	1.045095e-5	1.987328e-7	1.078537e-5	4.910337e-7
2358	1.035429e-5	-1.954281e-7	1.056774e-5	-2.899607e-7
2359	1.068468e-5	2.130835e-7	1.020064e-5	1.548025e-8
2360	1.052507e-5	3.018585e-7	1.073596e-5	5.27805e-7
2361	1.031007e-5	-1.878274e-7	1.063714e-5	-2.368275e-7
2362	1.064291e-5	9.617254e-8	1.019054e-5	-7.122174e-8
2363	1.061248e-5	3.79344e-7	1.067074e-5	5.539524e-7
2364	1.029459e-5	-1.327204e-7	1.070724e-5	-1.741744e-7
2365	1.057424e-5	-3.344142e-8	1.019948e-5	-1.506177e-7
2366	1.067391e-5	4.187508e-7	1.05913e-5	5.661849e-7
2367	1.031478e-5	-2.948971e-8	1.076409e-5	-1.072836e-7
2368	1.049507e-5	-1.510632e-7	1.022409e-5	-2.194304e-7
2369	1.071209e-5	4.033156e-7	1.051765e-5	5.619996e-7
2370	1.036685e-5	1.114127e-7	1.080122e-5	-3.253232e-8
2371	1.041656e-5	-2.416355e-7	1.026348e-5	-2.795635e-7
2372	1.071116e-5	3.291131e-7	1.04475e-5	5.448755e-7
2373	1.044688e-5	2.670121e-7	1.082088e-5	4.658178e-8
2374	1.035551e-5	-2.819094e-7	1.031381e-5	-3.352833e-7
2375	1.067522e-5	2.006498e-7	1.038241e-5	5.136591e-7
2376	1.053052e-5	4.029056e-7	1.082848e-5	1.3578e-7
2377	1.033553e-5	-2.48944e-7	1.036691e-5	-3.825077e-7
2378	1.061177e-5	3.334129e-8	1.032295e-5	4.689938e-7
2379	1.060274e-5	4.925334e-7	1.083304e-5	2.242237e-7
2380	1.035455e-5	-1.472283e-7	1.042868e-5	-4.21326e-7
2381	1.053709e-5	-1.380995e-7	1.026408e-5	4.114122e-7
2382	1.063448e-5	5.172313e-7	1.082529e-5	3.13515e-7
2383	1.040153e-5	4.253674e-9	1.049937e-5	-4.485761e-7
2384	1.047449e-5	-2.873688e-7	1.021206e-5	3.439989e-7
2385	1.062988e-5	4.710781e-7	1.079526e-5	3.993621e-7
2386	1.046098e-5	1.919962e-7	1.058226e-5	-4.651363e-7
2387	1.043641e-5	-3.834209e-7	1.017325e-5	2.641989e-7
2388	1.05976e-5	3.450978e-7	1.074804e-5	4.859957e-7
2389	1.051439e-5	3.907071e-7	1.066089e-5	-4.585781e-7
2390	1.042564e-5	-4.016014e-7	1.014893e-5	1.63834e-7
2391	1.054811e-5	1.549037e-7	1.068866e-5	5.649372e-7
2392	1.055677e-5	5.558815e-7	1.073183e-5	-4.240271e-7
2393	1.044031e-5	-3.260732e-7	1.014128e-5	5.37567e-8
2394	1.049729e-5	-6.855656e-8	1.061927e-5	6.286447e-7
2395	1.05821e-5	6.41223e-7	1.079719e-5	-3.668166e-7
2396	1.048134e-5	-1.586748e-7	1.015299e-5	-6.006733e-8
2397	1.044495e-5	-2.811507e-7	1.054468e-5	6.700216e-7
2398	1.057675e-5	6.285962e-7	1.085254e-5	-2.82057e-7
2399	1.05409e-5	6.561601e-8	1.018465e-5	-1.777957e-7
2400	1.041106e-5	-4.333993e-7	1.046155e-5	6.830953e-7
2401	1.053615e-5	5.164891e-7	1.089503e-5	-1.693092e-7
2402	1.060081e-5	3.044142e-7	1.02356e-5	-2.91753e-7
2403	1.04109e-5	-4.865041e-7	1.037903e-5	6.669425e-7
2404	1.047264e-5	3.091772e-7	1.091601e-5	-3.89734e-8
2405	1.064283e-5	5.087333e-7	1.029986e-5	-3.875628e-7
2406	1.044305e-5	-4.284917e-7	1.030477e-5	6.156472e-7
2407	1.040523e-5	5.851171e-8	1.091446e-5	1.023098e-7
2408	1.065403e-5	6.310854e-7	1.037017e-5	-4.515201e-7
2409	1.050074e-5	-2.644549e-7	1.023313e-5	5.306537e-7
2410	1.035593e-5	-1.823717e-7	1.090633e-5	2.378844e-7
2411	1.063242e-5	6.358158e-7	1.044574e-5	-4.771623e-7
2412	1.057718e-5	-2.937584e-8	1.01678e-5	4.255233e-7
2413	1.032672e-5	-3.571301e-7	1.088592e-5	3.499128e-7
2414	1.057644e-5	5.262324e-7	1.052858e-5	-4.643719e-7
2415	1.064846e-5	2.193665e-7	1.010547e-5	2.994883e-7
2416	1.032662e-5	-4.315359e-7	1.085641e-5	4.40797e-7
2417	1.050244e-5	3.374534e-7	1.061936e-5	-4.176493e-7
2418	1.069868e-5	4.345131e-7	1.00495e-5	1.667323e-7
2419	1.036043e-5	-3.928775e-7	1.081297e-5	5.026049e-7
2420	1.041543e-5	1.046642e-7	1.072578e-5	-3.411066e-7
2421	1.072305e-5	5.639826e-7	1.000175e-5	3.987164e-8
2422	1.043955e-5	-2.545259e-7	1.075085e-5	5.283343e-7
2423	1.033431e-5	-1.205915e-7	1.083863e-5	-2.438509e-7
2424	1.070299e-5	5.878338e-7	9.961868e-6	-6.146856e-8
2425	1.053947e-5	-5.112094e-8	1.067487e-5	5.232819e-7
2426	1.028403e-5	-2.871376e-7	1.095473e-5	-1.39769e-7
2427	1.063985e-5	5.081246e-7	9.94134e-6	-1.429441e-7
2428	1.063591e-5	1.639203e-7	1.056654e-5	4.953495e-7
2429	1.028007e-5	-3.638587e-7	1.106594e-5	-3.143695e-8
2430	1.054538e-5	3.542324e-7	9.960723e-6	-1.966175e-7
2431	1.071288e-5	3.544571e-7	1.042827e-5	4.393241e-7
2432	1.031484e-5	-3.514341e-7	1.116662e-5	6.774587e-8
2433	1.043366e-5	1.550319e-7	1.001903e-5	-2.265021e-7
2434	1.075946e-5	4.815223e-7	1.027069e-5	3.652541e-7
2435	1.039099e-5	-2.492815e-7	1.124193e-5	1.53931e-7
2436	1.033e-5	-4.575602e-8	1.011616e-5	-2.248731e-7
2437	1.075949e-5	5.294942e-7	1.010972e-5	2.803176e-7
2438	1.050041e-5	-9.185546e-8	1.128055e-5	2.168828e-7
2439	1.02554e-5	-2.037917e-7	1.025954e-5	-1.987781e-7
2440	1.070982e-5	4.851234e-7	9.95204e-6	1.967996e-7
2441	1.062054e-5	9.045468e-8	1.126743e-5	2.589731e-7
2442	1.022898e-5	-2.95041e-7	1.043682e-5	-1.567711e-7
2443	1.061536e-5	3.751696e-7	9.820054e-6	1.19807e-7
2444	1.071663e-5	2.655372e-7	1.120037e-5	2.823633e-7
2445	1.025725e-5	-3.153281e-7	1.062736e-5	-1.040809e-7
2446	1.049343e-5	2.232375e-7	9.724477e-6	5.492357e-8
2447	1.077149e-5	3.988848e-7	1.108796e-5	2.859771e-7
2448	1.032662e-5	-2.591391e-7	1.081663e-5	-4.819383e-8
2449	1.037561e-5	5.130893e-8	9.670133e-6	1.007003e-8
2450	1.077928e-5	4.72573e-7	1.094084e-5	2.689465e-7
2451	1.042386e-5	-1.380001e-7	1.098501e-5	1.175254e-8
2452	1.029403e-5	-1.072752e-7	9.668854e-6	-1.386938e-8
2453	1.074536e-5	4.693891e-7	1.077117e-5	2.36147e-7
2454	1.053387e-5	1.413387e-8	1.112955e-5	5.933416e-8
2455	1.025389e-5	-2.193501e-7	9.71599e-6	-1.773379e-8
2456	1.068117e-5	3.994796e-7	1.058906e-5	1.999216e-7
2457	1.06285e-5	1.70675e-7	1.12446e-5	9.300075e-8
2458	1.025367e-5	-2.710605e-7	9.799708e-6	-4.172297e-9
2459	1.0596e-5	2.846946e-7	1.040752e-5	1.555805e-7
2460	1.069783e-5	3.076846e-7	1.131863e-5	1.099742e-7
2461	1.028708e-5	-2.655223e-7	9.921811e-6	1.969272e-8
2462	1.050497e-5	1.469444e-7	1.023554e-5	1.198146e-7
2463	1.073081e-5	4.093672e-7	1.135074e-5	1.155233e-7
2464	1.034329e-5	-2.039612e-7	1.007151e-5	4.808879e-8
2465	1.041261e-5	7.002802e-9	1.007327e-5	9.65578e-8
2466	1.073597e-5	4.595921e-7	1.13439e-5	9.594565e-8
2467	1.042625e-5	-9.683693e-8	1.023506e-5	8.490211e-8
2468	1.03394e-5	-1.219039e-7	9.936407e-6	8.659389e-8
2469	1.070601e-5	4.538919e-7	1.129518e-5	6.740783e-8
2470	1.052567e-5	3.353133e-8	1.040227e-5	1.202822e-7
2471	1.029018e-5	-2.229739e-7	9.839646e-6	8.799712e-8
2472	1.065608e-5	4.005383e-7	1.121057e-5	3.164096e-8
2473	1.061637e-5	1.742141e-7	1.056949e-5	1.440922e-7
2474	1.027748e-5	-2.815514e-7	9.774706e-6	1.045743e-7
2475	1.057793e-5	3.034595e-7	1.110371e-5	-1.711987e-9
2476	1.069752e-5	3.085094e-7	1.072012e-5	1.511557e-7
2477	1.030015e-5	-2.940251e-7	9.7463e-6	1.308756e-7
2478	1.048012e-5	1.717877e-7	1.098594e-5	-3.046926e-8
2479	1.075092e-5	4.227313e-7	1.085676e-5	1.40615e-7
2480	1.03634e-5	-2.509785e-7	9.747627e-6	1.71894e-7
2481	1.036767e-5	2.281127e-8	1.085933e-5	-5.415179e-8
2482	1.076725e-5	4.931965e-7	1.097141e-5	1.178239e-7
2483	1.046842e-5	-1.550186e-7	9.777324e-6	2.132766e-7
2484	1.027304e-5	-1.229064e-7	1.071884e-5	-6.381222e-8
2485	1.072436e-5	5.125142e-7	1.106908e-5	7.777839e-8
2486	1.059646e-5	-1.956188e-8	9.834489e-6	2.542287e-7
2487	1.022037e-5	-2.464519e-7	1.057374e-5	-5.97494e-8
2488	1.063145e-5	4.752334e-7	1.113163e-5	3.63187e-8
2489	1.071666e-5	1.415937e-7	9.916736e-6	2.815629e-7
2490	1.022573e-5	-3.385556e-7	1.04393e-5	-4.428402e-8
2491	1.050484e-5	3.805495e-7	1.116238e-5	3.678467e-9
2492	1.080329e-5	3.065663e-7	1.001441e-5	2.959697e-7
2493	1.029354e-5	-3.734956e-7	1.032201e-5	-2.139207e-8
2494	1.03709e-5	2.332136e-7	1.116389e-5	-3.059422e-8
2495	1.083422e-5	4.507697e-7	1.012272e-5	3.051487e-7
2496	1.039976e-5	-3.361645e-7	1.022382e-5	5.016714e-9
2497	1.025305e-5	5.540879e-8	1.11434e-5	-5.908615e-8
2498	1.081772e-5	5.5118e-7	1.023944e-5	3.066451e-7
2499	1.053077e-5	-2.273046e-7	1.014374e-5	2.659653e-8
2500	1.016628e-5	-1.238796e-7	1.110224e-5	-7.746538e-8
2501	1.074448e-5	5.789568e-7	1.035684e-5	2.986407e-7
2502	1.067686e-5	-5.567789e-8	1.008401e-5	5.026945e-8
2503	1.012806e-5	-2.811142e-7	1.104016e-5	-9.322105e-8
2504	1.062557e-5	5.211446e-7	1.046686e-5	2.878479e-7
2505	1.080732e-5	1.497213e-7	1.004681e-5	7.731651e-8
2506	1.015404e-5	-3.814373e-7	1.096489e-5	-1.037351e-7
2507	1.047408e-5	3.835726e-7	1.056283e-5	2.743758e-7
2508	1.089636e-5	3.500452e-7	1.002954e-5	1.009733e-7
2509	1.024966e-5	-3.963087e-7	1.088837e-5	-1.168243e-7
2510	1.031421e-5	1.822051e-7	1.064558e-5	2.673855e-7
2511	1.092205e-5	5.089383e-7	1.002682e-5	1.276419e-7
2512	1.03967e-5	-3.056119e-7	1.081066e-5	-1.426266e-7
2513	1.016929e-5	-4.088737e-8	1.072008e-5	2.65021e-7
2514	1.087753e-5	5.848816e-7	1.003816e-5	1.556234e-7
2515	1.057153e-5	-1.323163e-7	1.073524e-5	-1.664679e-7
2516	1.007938e-5	-2.356288e-7	1.078296e-5	2.603863e-7
2517	1.076448e-5	5.554369e-7	1.005505e-5	1.824333e-7
2518	1.074302e-5	8.508849e-8	1.066101e-5	-1.934889e-7
2519	1.005957e-5	-3.623475e-7	1.083859e-5	2.55512e-7
2520	1.060269e-5	4.290107e-7	1.007851e-5	2.157332e-7
2521	1.088911e-5	3.008764e-7	1.057757e-5	-2.223453e-7
2522	1.011473e-5	-3.925094e-7	1.089411e-5	2.456995e-7
2523	1.041111e-5	2.327311e-7	1.010831e-5	2.644791e-7
2524	1.09816e-5	4.713236e-7	1.049658e-5	-2.506088e-7
2525	1.024131e-5	-3.18108e-7	1.093901e-5	2.157492e-7
2526	1.022422e-5	8.355315e-9	1.014383e-5	3.231298e-7
2527	1.099102e-5	5.550027e-7	1.041408e-5	-2.645099e-7
2528	1.042882e-5	-1.518631e-7	1.097092e-5	1.695922e-7
2529	1.007421e-5	-1.912845e-7	1.020431e-5	3.787609e-7
2530	1.091932e-5	5.363696e-7	1.032404e-5	-2.709787e-7
2531	1.063685e-5	5.835e-8	1.099204e-5	1.137133e-7
2532	9.988728e-6	-3.249705e-7	1.028178e-5	4.345418e-7
2533	1.077758e-5	4.229697e-7	1.02317e-5	-2.65364e-7
2534	1.083439e-5	2.742946e-7	1.099193e-5	4.272283e-8
2535	9.982371e-6	-3.71556e-7	1.037518e-5	4.920295e-7
2536	1.05824e-5	2.41113e-7	1.015076e-5	-2.438329e-7
2537	1.098953e-5	4.521701e-7	1.096602e-5	-3.880634e-8
2538	1.006636e-5	-3.200508e-7	1.048907e-5	5.460353e-7
2539	1.036201e-5	2.536342e-8	1.008024e-5	-2.012754e-7
2540	1.107189e-5	5.51791e-7	1.090361e-5	-1.311726e-7
2541	1.023087e-5	-1.730547e-7	1.06146e-5	5.872358e-7
2542	1.01531e-5	-1.709945e-7	1.004214e-5	-1.364988e-7
2543	1.104976e-5	5.531613e-7	1.080683e-5	-2.273122e-7
2544	1.045286e-5	2.068642e-8	1.073451e-5	6.063435e-7
2545	9.99972e-6	-3.080822e-7	1.00421e-5	-5.333067e-8
2546	1.09355e-5	4.649267e-7	1.069374e-5	-3.243877e-7
2547	1.069148e-5	2.207332e-7	1.083079e-5	6.042506e-7
2548	9.929304e-6	-3.698509e-7	1.007168e-5	4.935433e-8
2549	1.075249e-5	3.033382e-7	1.057674e-5	-4.123596e-7
2550	1.090165e-5	4.020617e-7	1.089638e-5	5.669361e-7
2551	9.96682e-6	-3.468894e-7	1.013262e-5	1.745972e-7
2552	1.052603e-5	1.019665e-7	1.046384e-5	-4.871631e-7
2553	1.1039e-5	5.225117e-7	1.092999e-5	4.959755e-7
2554	1.01003e-5	-2.402276e-7	1.021834e-5	3.097659e-7
2555	1.029977e-5	-9.549187e-8	1.035958e-5	-5.283528e-7
2556	1.107369e-5	5.66244e-7	1.09339e-5	3.933937e-7
2557	1.029363e-5	-6.884459e-8	1.031501e-5	4.43434e-7
2558	1.012145e-5	-2.560371e-7	1.027163e-5	-5.385861e-7
2559	1.100968e-5	5.217036e-7	1.090915e-5	2.676367e-7
2560	1.051719e-5	1.22152e-7	1.041989e-5	5.643253e-7
2561	1.001162e-5	-3.500172e-7	1.02066e-5	-5.093096e-7
2562	1.08634e-5	4.029584e-7	1.085475e-5	1.273428e-7
2563	1.072579e-5	2.970073e-7	1.052592e-5	6.582555e-7
2564	9.99169e-6	-3.589123e-7	1.016762e-5	-4.467395e-7
2565	1.067491e-5	2.331558e-7	1.078199e-5	-2.670095e-8
2566	1.089093e-5	4.318592e-7	1.061934e-5	7.28317e-7
2567	1.00581e-5	-2.993152e-7	1.016162e-5	-3.486988e-7
2568	1.046316e-5	5.49129e-8	1.069421e-5	-1.799982e-7
2569	1.098556e-5	5.059642e-7	1.069636e-5	7.652239e-7
2570	1.019997e-5	-1.845672e-7	1.019387e-5	-2.27105e-7
2571	1.027041e-5	-1.030112e-7	1.060099e-5	-3.232972e-7
2572	1.099599e-5	5.12739e-7	1.074905e-5	7.644944e-7
2573	1.038149e-5	-3.795882e-8	1.024839e-5	-8.309376e-8
2574	1.012423e-5	-2.156876e-7	1.0511e-5	-4.434612e-7
2575	1.092914e-5	4.558906e-7	1.076828e-5	7.22619e-7
2576	1.057637e-5	1.093617e-7	1.032194e-5	6.861714e-8
2577	1.003979e-5	-2.74131e-7	1.043972e-5	-5.354775e-7
2578	1.079739e-5	3.589091e-7	1.075738e-5	6.412553e-7
2579	1.076137e-5	2.438584e-7	1.039984e-5	2.266385e-7
2580	1.002559e-5	-2.791484e-7	1.039437e-5	-5.909198e-7
2581	1.062376e-5	2.355981e-7	1.071572e-5	5.291766e-7
2582	1.091596e-5	3.468701e-7	1.047653e-5	3.760321e-7
2583	1.008328e-5	-2.415029e-7	1.03704e-5	-6.101624e-7
2584	1.042072e-5	1.047644e-7	1.065839e-5	3.97208e-7
2585	1.10119e-5	4.098951e-7	1.054801e-5	5.05348e-7
2586	1.021634e-5	-1.642775e-7	1.036775e-5	-5.915179e-7
2587	1.022047e-5	-2.095037e-8	1.058223e-5	2.56311e-7
2588	1.102813e-5	4.294774e-7	1.060276e-5	6.069509e-7
2589	1.040832e-5	-6.493877e-8	1.040114e-5	-5.439277e-7
2590	1.00581e-5	-1.199639e-7	1.049698e-5	1.242886e-7
2591	1.095746e-5	4.095504e-7	1.063138e-5	6.751234e-7
2592	1.062884e-5	4.692235e-8	1.046004e-5	-4.739833e-7
2593	9.964365e-6	-1.900654e-7	1.041599e-5	-1.723872e-9
2594	1.079633e-5	3.48846e-7	1.063234e-5	7.156819e-7
2595	1.083554e-5	1.652521e-7	1.053655e-5	-3.816588e-7
2596	9.964019e-6	-2.168169e-7	1.035156e-5	-1.204261e-7
2597	1.05903e-5	2.582247e-7	1.06106e-5	7.28461e-7
2598	1.09925e-5	2.683437e-7	1.062292e-5	-2.807729e-7
2599	1.00462e-5	-1.960759e-7	1.030765e-5	-2.195857e-7
2600	1.037361e-5	1.353683e-7	1.056511e-5	7.206804e-7
2601	1.108097e-5	3.433048e-7	1.070949e-5	-1.793312e-7
2602	1.019816e-5	-1.300191e-7	1.028601e-5	-3.001078e-7
2603	1.016986e-5	3.963678e-9	1.049775e-5	6.896348e-7
2604	1.108376e-5	3.74515e-7	1.078921e-5	-7.024706e-8
2605	1.040752e-5	-2.581138e-8	1.029188e-5	-3.62657e-7
2606	1.000469e-5	-1.046939e-7	1.041318e-5	6.321054e-7
2607	1.099864e-5	3.498413e-7	1.08485e-5	4.078917e-8
2608	1.064272e-5	9.682852e-8	1.033242e-5	-4.027903e-7
2609	9.906684e-6	-1.750278e-7	1.031894e-5	5.60078e-7
2610	1.082754e-5	2.7269e-7	1.088167e-5	1.440094e-7
2611	1.08711e-5	2.311402e-7	1.039245e-5	-4.285504e-7
2612	9.902027e-6	-1.886445e-7	1.02313e-5	4.861879e-7
2613	1.059848e-5	1.427935e-7	1.08906e-5	2.364106e-7
2614	1.104926e-5	3.4674e-7	1.046938e-5	-4.37784e-7
2615	9.997467e-6	-1.322089e-7	1.015053e-5	4.075747e-7
2616	1.035011e-5	-1.34101e-8	1.087584e-5	3.061002e-7
2617	1.114317e-5	3.991342e-7	1.05604e-5	-4.27369e-7
2618	1.017468e-5	-5.35229e-9	1.009052e-5	3.342753e-7
2619	1.012096e-5	-1.540254e-7	1.083461e-5	3.610219e-7
2620	1.114173e-5	3.648138e-7	1.065347e-5	-4.082692e-7
2621	1.041062e-5	1.599371e-7	1.005649e-5	2.661933e-7
2622	9.939855e-6	-2.422261e-7	1.077234e-5	4.102442e-7
2623	1.104269e-5	2.569647e-7	1.074464e-5	-3.81404e-7
2624	1.066923e-5	3.222004e-7	1.004412e-5	1.872431e-7
2625	9.842205e-6	-2.514291e-7	1.068879e-5	4.548501e-7
2626	1.085709e-5	8.975735e-8	1.082906e-5	-3.380306e-7
2627	1.090751e-5	4.581418e-7	1.005404e-5	1.062805e-7
2628	9.846272e-6	-1.698893e-7	1.059743e-5	4.870974e-7
2629	1.061712e-5	-1.096132e-7	1.089822e-5	-2.893107e-7
2630	1.108948e-5	5.23814e-7	1.008522e-5	3.835892e-8
2631	9.950077e-6	-6.414338e-9	1.050808e-5	5.031557e-7
2632	1.03587e-5	-2.911969e-7	1.094337e-5	-2.35197e-7
2633	1.118377e-5	4.926779e-7	1.013367e-5	-2.800789e-8
2634	1.013545e-5	1.989659e-7	1.042237e-5	5.068567e-7
2635	1.0118e-5	-4.07946e-7	1.097357e-5	-1.746774e-7
2636	1.118485e-5	3.692792e-7	1.019625e-5	-9.292173e-8
2637	1.037749e-5	4.052972e-7	1.034351e-5	5.093796e-7
2638	9.929853e-6	-4.368589e-7	1.0985e-5	-1.14636e-7
2639	1.108076e-5	1.70098e-7	1.026092e-5	-1.543088e-7
2640	1.064742e-5	5.858714e-7	1.027983e-5	5.019086e-7
2641	9.827413e-6	-3.585167e-7	1.098822e-5	-4.798138e-8
2642	1.088311e-5	-7.755685e-8	1.032206e-5	-2.088889e-7
2643	1.090647e-5	6.806489e-7	1.02232e-5	4.846838e-7
2644	9.833189e-6	-1.721348e-7	1.098191e-5	2.160272e-8
2645	1.061972e-5	-3.072638e-7	1.038073e-5	-2.532064e-7
2646	1.109882e-5	6.572775e-7	1.016782e-5	4.545237e-7
2647	9.948449e-6	7.701637e-8	1.096821e-5	9.679287e-8
2648	1.03447e-5	-4.709508e-7	1.044871e-5	-2.902491e-7
2649	1.118843e-5	5.357151e-7	1.010862e-5	4.088318e-7
2650	1.015951e-5	3.316351e-7	1.094427e-5	1.774156e-7
2651	1.010028e-5	-5.348093e-7	1.052819e-5	-3.082601e-7
2652	1.115725e-5	3.246346e-7	1.005264e-5	3.453489e-7
2653	1.042554e-5	5.474972e-7	1.091272e-5	2.542045e-7
2654	9.93258e-6	-4.849117e-7	1.06116e-5	-3.043369e-7
2655	1.101556e-5	7.291476e-8	1.000932e-5	2.669955e-7
2656	1.069662e-5	6.869616e-7	1.086728e-5	3.174298e-7
2657	9.877845e-6	-3.344988e-7	1.069798e-5	-2.762362e-7
2658	1.079062e-5	-1.768596e-7	9.984806e-6	1.799661e-7
2659	1.09136e-5	7.185363e-7	1.080712e-5	3.642806e-7
2660	9.93376e-6	-1.059348e-7	1.07851e-5	-2.32474e-7
2661	1.05312e-5	-3.770238e-7	9.972903e-6	9.467976e-8
2662	1.104717e-5	6.409211e-7	1.073585e-5	3.856856e-7
2663	1.008875e-5	1.58855e-7	1.087213e-5	-1.786338e-7
2664	1.028881e-5	-4.922137e-7	9.972279e-6	2.079965e-8
2665	1.107856e-5	4.636398e-7	1.064569e-5	3.928152e-7
2666	1.030394e-5	4.012944e-7	1.095688e-5	-1.128268e-7
2667	1.010331e-5	-4.95843e-7	9.983008e-6	-4.357558e-8
2668	1.100386e-5	2.265766e-7	1.05439e-5	3.852341e-7
2669	1.054376e-5	5.70146e-7	1.103901e-5	-4.448798e-8
2670	1.000458e-5	-3.908048e-7	1.001548e-5	-8.987769e-8
2671	1.084743e-5	-1.893665e-8	1.042816e-5	3.609768e-7
2672	1.075357e-5	6.392626e-7	1.110764e-5	2.521859e-8
2673	1.00002e-5	-1.984386e-7	1.0068e-5	-1.188043e-7
2674	1.064753e-5	-2.30143e-7	1.030407e-5	3.215804e-7
2675	1.090131e-5	6.052355e-7	1.115959e-5	8.867124e-8
2676	1.007822e-5	3.845669e-8	1.015404e-5	-1.296644e-7
2677	1.04427e-5	-3.606141e-7	1.016992e-5	2.712394e-7
2678	1.097481e-5	4.754499e-7	1.119039e-5	1.39362e-7
2679	1.022669e-5	2.611592e-7	1.027717e-5	-1.20334e-7
2680	1.026731e-5	-3.944703e-7	1.003375e-5	2.156566e-7
2681	1.097157e-5	2.869753e-7	1.118158e-5	1.773428e-7
2682	1.040347e-5	4.221692e-7	1.042756e-5	-1.013338e-7
2683	1.013609e-5	-3.342972e-7	9.912579e-6	1.603707e-7
2684	1.090391e-5	8.245554e-8	1.113359e-5	1.93689e-7
2685	1.058827e-5	5.067691e-7	1.05918e-5	-7.030446e-8
2686	1.006172e-5	-2.046759e-7	9.814619e-6	1.186565e-7
2687	1.077605e-5	-9.799754e-8	1.104971e-5	1.904533e-7
2688	1.075428e-5	5.127971e-7	1.076988e-5	-3.603685e-8
2689	1.005778e-5	-3.639861e-8	9.744551e-6	9.657839e-8
2690	1.060836e-5	-2.271843e-7	1.09247e-5	1.729289e-7
2691	1.088001e-5	4.44484e-7	1.094772e-5	-6.398624e-9
2692	1.012286e-5	1.412552e-7	9.718707e-6	9.339273e-8
2693	1.04286e-5	-2.908641e-7	1.076593e-5	1.44728e-7
2694	1.094625e-5	3.244008e-7	1.11081e-5	2.335701e-8
2695	1.025203e-5	2.98301e-7	9.738995e-6	1.007809e-7
2696	1.026884e-5	-2.892857e-7	1.058857e-5	1.095845e-7
2697	1.094228e-5	1.734726e-7	1.124314e-5	4.360873e-8
2698	1.041247e-5	4.147352e-7	9.798755e-6	1.28411e-7
2699	1.015601e-5	-2.307809e-7	1.040387e-5	7.799677e-8
2700	1.08792e-5	1.379929e-8	1.134233e-5	3.999989e-8
2701	1.057466e-5	4.840459e-7	9.898582e-6	1.660026e-7
2702	1.00939e-5	-1.340915e-7	1.021673e-5	5.443426e-8
2703	1.076149e-5	-1.382799e-7	1.140079e-5	2.241838e-8
2704	1.072142e-5	4.994155e-7	1.003469e-5	2.077991e-7
2705	1.009226e-5	8.604528e-9	1.004207e-5	3.307215e-8
2706	1.061263e-5	-2.681046e-7	1.141055e-5	-5.953133e-9
2707	1.083619e-5	4.510449e-7	1.020052e-5	2.580519e-7
2708	1.014847e-5	1.823805e-7	9.889765e-6	2.20852e-8
2709	1.044822e-5	-3.529978e-7	1.136936e-5	-5.410412e-8
2710	1.090694e-5	3.494882e-7	1.03768e-5	3.06384e-7
2711	1.026015e-5	3.593896e-7	9.778668e-6	3.868372e-8
2712	1.02972e-5	-3.882301e-7	1.129345e-5	-1.147632e-7
2713	1.091288e-5	1.993935e-7	1.054818e-5	3.377197e-7
2714	1.040907e-5	5.217293e-7	9.703206e-6	7.722638e-8
2715	1.018318e-5	-3.604054e-7	1.118629e-5	-1.871673e-7
2716	1.085631e-5	-2.599299e-9	1.071816e-5	3.543111e-7
2717	1.056763e-5	6.484385e-7	9.668149e-6	1.358178e-7
2718	1.01206e-5	-2.48048e-7	1.104753e-5	-2.544429e-7
2719	1.074771e-5	-2.357472e-7	1.087269e-5	3.44843e-7
2720	1.070808e-5	6.995436e-7	9.671623e-6	2.143216e-7
2721	1.011506e-5	-4.748447e-8	1.08958e-5	-3.109498e-7
2722	1.060807e-5	-4.486553e-7	1.100032e-5	3.064582e-7
2723	1.081759e-5	6.572394e-7	9.71048e-6	3.022555e-7
2724	1.016985e-5	2.128971e-7	1.073577e-5	-3.49763e-7
2725	1.0456e-5	-5.994928e-7	1.109914e-5	2.557338e-7
2726	1.08715e-5	5.151034e-7	9.782435e-6	3.867225e-7
2727	1.027674e-5	4.923381e-7	1.057763e-5	-3.655844e-7
2728	1.032786e-5	-6.649766e-7	1.116672e-5	1.86641e-7
2729	1.086835e-5	2.812302e-7	9.879604e-6	4.68902e-7
2730	1.040632e-5	7.425647e-7	1.043207e-5	-3.631408e-7
2731	1.02351e-5	-6.130164e-7	1.119611e-5	9.999459e-8
2732	1.081323e-5	-2.324627e-8	9.996903e-6	5.423858e-7
2733	1.053732e-5	9.166648e-7	1.030765e-5	-3.370862e-7
2734	1.018855e-5	-4.350059e-7	1.119476e-5	4.51807e-9
2735	1.072225e-5	-3.397514e-7	1.012271e-5	5.983485e-7
2736	1.065298e-5	9.654904e-7	1.01991e-5	-2.875068e-7
2737	1.018281e-5	-1.531417e-7	1.116398e-5	-9.959289e-8
2738	1.060967e-5	-6.089124e-7	1.02516e-5	6.362244e-7
2739	1.074961e-5	8.816267e-7	1.012254e-5	-2.167374e-7
2740	1.022498e-5	1.917283e-7	1.11134e-5	-2.02325e-7
2741	1.0486e-5	-7.946188e-7	1.036919e-5	6.513018e-7
2742	1.080517e-5	6.718311e-7	1.006616e-5	-1.260733e-7
2743	1.031368e-5	5.527504e-7	1.10489e-5	-2.979605e-7
2744	1.036393e-5	-8.411001e-7	1.047628e-5	6.399583e-7
2745	1.080733e-5	3.418977e-7	1.003181e-5	-1.529088e-8
2746	1.043453e-5	8.455433e-7	1.097563e-5	-3.826605e-7
2747	1.027688e-5	-7.225591e-7	1.057308e-5	5.997559e-7
2748	1.075019e-5	-4.299554e-8	1.001015e-5	1.027241e-7
2749	1.055954e-5	1.012684e-6	1.089611e-5	-4.448001e-7
2750	1.024013e-5	-4.671644e-7	1.066676e-5	5.425507e-7
2751	1.064462e-5	-4.039384e-7	1.000281e-5	2.12626e-7
2752	1.066746e-5	1.016095e-6	1.080996e-5	-4.858205e-7
2753	1.026663e-5	-1.052841e-7	1.074609e-5	4.72802e-7
2754	1.051848e-5	-6.742426e-7	1.001821e-5	3.180572e-7
2755	1.073232e-5	8.630043e-7	1.07262e-5	-5.101975e-7
2756	1.034708e-5	2.774926e-7	1.080922e-5	3.928291e-7
2757	1.039734e-5	-8.017833e-7	1.004603e-5	4.16574e-7
2758	1.073227e-5	5.836733e-7	1.064423e-5	-5.139747e-7
2759	1.046788e-5	6.149369e-7	1.085302e-5	3.001e-7
2760	1.031619e-5	-7.698582e-7	1.008947e-5	5.064297e-7
2761	1.067606e-5	2.230358e-7	1.056526e-5	-5.055042e-7
2762	1.059139e-5	8.474687e-7	1.088095e-5	1.978299e-7
2763	1.029103e-5	-5.890487e-7	1.013709e-5	5.906458e-7
2764	1.057697e-5	-1.508787e-7	1.049063e-5	-4.697158e-7
2765	1.068689e-5	9.349073e-7	1.090314e-5	8.059685e-8
2766	1.032248e-5	-2.905706e-7	1.018786e-5	6.55332e-7
2767	1.045545e-5	-4.55871e-7	1.042147e-5	-4.076867e-7
2768	1.073213e-5	8.585901e-7	1.091862e-5	-4.500461e-8
2769	1.04093e-5	6.866942e-8	1.024226e-5	7.021193e-7
2770	1.034645e-5	-6.358477e-7	1.035415e-5	-3.232856e-7
2771	1.071295e-5	6.417085e-7	1.092671e-5	-1.675619e-7
2772	1.052933e-5	4.086354e-7	1.030331e-5	7.25232e-7
2773	1.028352e-5	-6.62922e-7	1.029488e-5	-2.200977e-7
2774	1.06385e-5	3.33457e-7	1.092395e-5	-2.807221e-7
2775	1.064251e-5	6.614001e-7	1.037301e-5	7.207178e-7
2776	1.028436e-5	-5.426919e-7	1.023632e-5	-1.066108e-7
2777	1.052812e-5	-6.81688e-9	1.090761e-5	-3.804801e-7
2778	1.072922e-5	7.795657e-7	1.045241e-5	6.920929e-7
2779	1.034085e-5	-2.986509e-7	1.01815e-5	1.889159e-8
2780	1.040812e-5	-2.962236e-7	1.087141e-5	-4.643898e-7
2781	1.075527e-5	7.440421e-7	1.053954e-5	6.412443e-7
2782	1.043522e-5	8.139107e-9	1.014619e-5	1.467334e-7
2783	1.031911e-5	-4.814971e-7	1.081452e-5	-5.307728e-7
2784	1.072361e-5	5.757943e-7	1.062194e-5	5.695658e-7
2785	1.053948e-5	3.053678e-7	1.012896e-5	2.816448e-7
2786	1.027281e-5	-5.313023e-7	1.074246e-5	-5.787805e-7
2787	1.065282e-5	3.269464e-7	1.070086e-5	4.753499e-7
2788	1.063855e-5	5.284505e-7	1.012896e-5	4.165642e-7
2789	1.027447e-5	-4.525826e-7	1.06613e-5	-6.02643e-7
2790	1.055534e-5	5.18587e-8	1.07672e-5	3.5916e-7
2791	1.071075e-5	6.479342e-7	1.014843e-5	5.459917e-7
2792	1.032154e-5	-2.71186e-7	1.057972e-5	-6.007058e-7
2793	1.044741e-5	-1.921563e-7	1.081055e-5	2.324147e-7
2794	1.074063e-5	6.494106e-7	1.018878e-5	6.584184e-7
2795	1.040158e-5	-3.7786e-8	1.050176e-5	-5.759562e-7
2796	1.034965e-5	-3.587344e-7	1.083555e-5	9.472376e-8
2797	1.072517e-5	5.460358e-7	1.024043e-5	7.61101e-7
2798	1.050515e-5	1.979003e-7	1.043555e-5	-5.230557e-7
2799	1.02911e-5	-4.307949e-7	1.084506e-5	-6.054009e-8
2800	1.066276e-5	3.803295e-7	1.029826e-5	8.437986e-7
2801	1.060586e-5	3.893069e-7	1.038225e-5	-4.329129e-7
2802	1.027701e-5	-4.122073e-7	1.083744e-5	-2.243389e-7
2803	1.057515e-5	1.893063e-7	1.035721e-5	8.96498e-7
2804	1.068786e-5	5.203519e-7	1.034739e-5	-3.162309e-7
2805	1.03082e-5	-3.24233e-7	1.080709e-5	-3.813315e-7
2806	1.04753e-5	-1.031723e-8	1.041358e-5	9.201447e-7
2807	1.073534e-5	5.875757e-7	1.033117e-5	-1.800307e-7
2808	1.037258e-5	-1.864252e-7	1.075994e-5	-5.299986e-7
2809	1.038773e-5	-1.87019e-7	1.045961e-5	9.099394e-7
2810	1.074047e-5	5.833214e-7	1.034047e-5	-1.967681e-8
2811	1.045351e-5	-2.142842e-8	1.07168e-5	-6.600419e-7
2812	1.031585e-5	-3.15055e-7	1.047628e-5	8.550374e-7
2813	1.070794e-5	5.221304e-7	1.036493e-5	1.579387e-7
2814	1.054931e-5	1.501052e-7	1.068237e-5	-7.598233e-7
2815	1.026952e-5	-3.98343e-7	1.048374e-5	7.645917e-7
2816	1.063795e-5	4.205365e-7	1.039673e-5	3.336157e-7
2817	1.063823e-5	3.25326e-7	1.06517e-5	-8.193605e-7
2818	1.026959e-5	-4.369187e-7	1.047705e-5	6.392191e-7
2819	1.054754e-5	2.783795e-7	1.043163e-5	5.055204e-7
2820	1.070963e-5	4.894374e-7	1.063475e-5	-8.427682e-7
2821	1.031188e-5	-4.154917e-7	1.04568e-5	4.848485e-7
2822	1.044822e-5	9.786342e-8	1.046095e-5	6.657208e-7
2823	1.074995e-5	6.127429e-7	1.063445e-5	-8.268166e-7
2824	1.038396e-5	-3.264926e-7	1.04271e-5	3.170961e-7
2825	1.03545e-5	-1.015429e-7	1.048264e-5	7.954082e-7
2826	1.075358e-5	6.808062e-7	1.064778e-5	-7.704965e-7
2827	1.048302e-5	-1.84291e-7	1.039025e-5	1.420577e-7
2828	1.027929e-5	-2.884265e-7	1.049434e-5	8.904913e-7
2829	1.070545e-5	6.829588e-7	1.068114e-5	-6.76138e-7
2830	1.059104e-5	8.097873e-9	1.035272e-5	-3.210701e-8
2831	1.024549e-5	-4.411304e-7	1.049086e-5	9.521502e-7
2832	1.061902e-5	6.022872e-7	1.072309e-5	-5.583404e-7
2833	1.068587e-5	2.277274e-7	1.032179e-5	-1.95779e-7
2834	1.026319e-5	-5.336142e-7	1.047441e-5	9.716433e-7
2835	1.051169e-5	4.41264e-7	1.07633e-5	-4.16043e-7
2836	1.074702e-5	4.475001e-7	1.030338e-5	-3.450809e-7
2837	1.032752e-5	-5.355559e-7	1.044514e-5	9.59588e-7
2838	1.041615e-5	2.212196e-7	1.081157e-5	-2.575237e-7
2839	1.076554e-5	6.232474e-7	1.029806e-5	-4.710211e-7
2840	1.041017e-5	-4.485989e-7	1.040063e-5	9.153192e-7
2841	1.033511e-5	-2.221682e-8	1.085515e-5	-8.95422e-8
2842	1.07436e-5	7.306066e-7	1.031365e-5	-5.694333e-7
2843	1.049787e-5	-2.770037e-7	1.034141e-5	8.301717e-7
2844	1.027711e-5	-2.656607e-7	1.088749e-5	8.8659e-8
2845	1.069373e-5	7.343454e-7	1.034862e-5	-6.407983e-7
2846	1.058883e-5	-2.344015e-8	1.027391e-5	7.141251e-7
2847	1.024746e-5	-4.590689e-7	1.090418e-5	2.595907e-7
2848	1.061898e-5	6.189339e-7	1.040229e-5	-6.716498e-7
2849	1.067883e-5	2.54244e-7	1.021437e-5	5.753605e-7
2850	1.025276e-5	-5.464976e-7	1.089488e-5	4.044254e-7
2851	1.052877e-5	3.9878e-7	1.046561e-5	-6.658953e-7
2852	1.075514e-5	5.095033e-7	1.016222e-5	4.325359e-7
2853	1.029167e-5	-5.093813e-7	1.087793e-5	5.226884e-7
2854	1.042588e-5	1.173554e-7	1.054229e-5	-6.253205e-7
2855	1.080767e-5	6.740758e-7	1.011732e-5	2.84147e-7
2856	1.035981e-5	-3.522553e-7	1.083861e-5	6.136475e-7
2857	1.0319e-5	-1.584667e-7	1.062685e-5	-5.597502e-7
2858	1.082215e-5	7.144258e-7	1.008614e-5	1.400039e-7
2859	1.04643e-5	-1.029625e-7	1.078514e-5	6.755904e-7
2860	1.021957e-5	-3.827848e-7	1.071103e-5	-4.777263e-7
2861	1.078485e-5	6.198707e-7	1.00666e-5	1.574377e-9
2862	1.058694e-5	1.903986e-7	1.071854e-5	7.149525e-7
2863	1.016139e-5	-5.03067e-7	1.07867e-5	-3.720372e-7
2864	1.070038e-5	4.101661e-7	1.006915e-5	-1.348743e-7
2865	1.070667e-5	4.595215e-7	1.063737e-5	7.189726e-7
2866	1.015624e-5	-4.858141e-7	1.085211e-5	-2.383606e-7
2867	1.057544e-5	1.268593e-7	1.009595e-5	-2.544196e-7
2868	1.081625e-5	6.473338e-7	1.054391e-5	6.880103e-7
2869	1.020328e-5	-3.282816e-7	1.09013e-5	-9.256706e-8
2870	1.042976e-5	-1.699863e-7	1.014489e-5	-3.471749e-7
2871	1.088203e-5	7.030392e-7	1.045482e-5	6.289045e-7
2872	1.030732e-5	-6.209946e-8	1.093356e-5	5.128072e-8
2873	1.028248e-5	-4.080459e-7	1.02055e-5	-4.057723e-7
2874	1.088188e-5	6.111594e-7	1.036855e-5	5.403107e-7
2875	1.045336e-5	2.458625e-7	1.094528e-5	1.846255e-7
2876	1.017239e-5	-5.380334e-7	1.028296e-5	-4.327849e-7
2877	1.082014e-5	3.881995e-7	1.028952e-5	4.342247e-7
2878	1.061021e-5	5.358062e-7	1.093736e-5	3.034332e-7
2879	1.011782e-5	-5.192594e-7	1.036815e-5	-4.319664e-7
2880	1.070184e-5	7.185217e-8	1.022297e-5	3.140142e-7
2881	1.075315e-5	7.365116e-7	1.091699e-5	4.003855e-7
2882	1.013617e-5	-3.496335e-7	1.045529e-5	-4.013177e-7
2883	1.05521e-5	-2.599224e-7	1.01646e-5	1.92848e-7
2884	1.084736e-5	7.934122e-7	1.088656e-5	4.736187e-7
2885	1.021845e-5	-6.0394e-8	1.054091e-5	-3.474046e-7
2886	1.040197e-5	-5.240161e-7	1.01159e-5	7.026072e-8
2887	1.08797e-5	6.859709e-7	1.084563e-5	5.23809e-7
2888	1.034347e-5	2.808199e-7	1.062626e-5	-2.734701e-7
2889	1.027394e-5	-6.552062e-7	1.008422e-5	-4.260495e-8
2890	1.084615e-5	4.412391e-7	1.078249e-5	5.467525e-7
2891	1.048913e-5	5.962085e-7	1.071593e-5	-1.863283e-7
2892	1.0188e-5	-6.339344e-7	1.006286e-5	-1.350979e-7
2893	1.075728e-5	1.116046e-7	1.070237e-5	5.427793e-7
2894	1.062904e-5	8.158735e-7	1.080673e-5	-8.937242e-8
2895	1.016791e-5	-4.590637e-7	1.005915e-5	-2.09195e-7
2896	1.063312e-5	-2.318321e-7	1.061484e-5	5.203243e-7
2897	1.074089e-5	8.88517e-7	1.089016e-5	8.916004e-9
2898	1.021459e-5	-1.645626e-7	1.008069e-5	-2.722351e-7
2899	1.049709e-5	-5.128647e-7	1.051469e-5	4.754111e-7
2900	1.080274e-5	7.987523e-7	1.095761e-5	1.140038e-7
2901	1.030358e-5	1.718425e-7	1.012517e-5	-3.223657e-7
2902	1.037792e-5	-6.670537e-7	1.040637e-5	4.089955e-7
2903	1.081434e-5	5.744371e-7	1.101402e-5	2.159328e-7
2904	1.041579e-5	4.825179e-7	1.018438e-5	-3.510162e-7
2905	1.02872e-5	-6.838105e-7	1.02878e-5	3.297019e-7
2906	1.077215e-5	2.774059e-7	1.106049e-5	3.038463e-7
2907	1.053215e-5	7.198147e-7	1.02623e-5	-3.479762e-7
2908	1.023801e-5	-5.696093e-7	1.016966e-5	2.411778e-7
2909	1.068783e-5	-3.827e-8	1.108649e-5	3.764313e-7
2910	1.062288e-5	8.400672e-7	1.036325e-5	-3.192084e-7
2911	1.024152e-5	-3.423313e-7	1.004328e-5	1.445252e-7
2912	1.058819e-5	-3.154457e-7	1.109036e-5	4.315592e-7
2913	1.069358e-5	8.297428e-7	1.049011e-5	-2.657315e-7
2914	1.028057e-5	-5.976338e-8	9.931061e-6	5.124362e-8
2915	1.04882e-5	-5.139729e-7	1.106396e-5	4.510863e-7
2916	1.073482e-5	7.108425e-7	1.062533e-5	-1.91591e-7
2917	1.035357e-5	2.156313e-7	9.840041e-6	-2.614659e-8
2918	1.040443e-5	-6.089322e-7	1.100602e-5	4.399172e-7
2919	1.073599e-5	5.131771e-7	1.077068e-5	-1.051204e-7
2920	1.044145e-5	4.542581e-7	9.772741e-6	-8.955785e-8
2921	1.03442e-5	-6.01483e-7	1.091365e-5	4.123226e-7
2922	1.070011e-5	2.699842e-7	1.091744e-5	-1.405247e-8
2923	1.052287e-5	6.358856e-7	9.735191e-6	-1.362242e-7
2924	1.031432e-5	-5.053975e-7	1.079491e-5	3.65516e-7
2925	1.064516e-5	2.117166e-8	1.105476e-5	7.55154e-8
2926	1.058804e-5	7.320828e-7	9.729882e-6	-1.571918e-7
2927	1.031328e-5	-3.360247e-7	1.065741e-5	2.977361e-7
2928	1.057037e-5	-1.987721e-7	1.117945e-5	1.560073e-7
2929	1.063772e-5	7.382133e-7	9.761348e-6	-1.54821e-7
2930	1.034727e-5	-1.232251e-7	1.050665e-5	2.152847e-7
2931	1.049983e-5	-3.671798e-7	1.127888e-5	2.189527e-7
2932	1.065902e-5	6.596292e-7	9.828747e-6	-1.288952e-7
2933	1.040394e-5	1.025849e-7	1.035311e-5	1.228295e-7
2934	1.044425e-5	-4.728649e-7	1.134398e-5	2.647637e-7
2935	1.064745e-5	5.207586e-7	9.92757e-6	-8.051171e-8
2936	1.046744e-5	3.155555e-7	1.021117e-5	3.754741e-8
2937	1.042051e-5	-5.082829e-7	1.1374e-5	2.875786e-7
2938	1.061105e-5	3.354044e-7	1.004541e-5	-2.069173e-8
2939	1.050932e-5	4.987976e-7	1.007956e-5	-3.638805e-8
2940	1.042454e-5	-4.690121e-7	1.137103e-5	2.891091e-7
2941	1.057208e-5	1.254239e-7	1.018186e-5	5.081735e-8
2942	1.052509e-5	6.259342e-7	9.964295e-6	-1.004889e-7
2943	1.044433e-5	-3.57279e-7	1.132932e-5	2.754875e-7
2944	1.054229e-5	-8.954174e-8	1.033254e-5	1.305591e-7
2945	1.052474e-5	6.925281e-7	9.870248e-6	-1.52439e-7
2946	1.046871e-5	-1.869996e-7	1.125605e-5	2.43092e-7
2947	1.052973e-5	-2.993973e-7	1.048908e-5	2.140686e-7
2948	1.05205e-5	6.829071e-7	9.807892e-6	-1.905661e-7
2949	1.048176e-5	3.206295e-8	1.115115e-5	1.871656e-7
2950	1.052949e-5	-4.66547e-7	1.063339e-5	2.977611e-7
2951	1.051332e-5	5.905141e-7	9.786859e-6	-1.966644e-7
2952	1.048033e-5	2.803948e-7	1.103357e-5	1.112469e-7
2953	1.053385e-5	-5.631486e-7	1.076558e-5	3.675614e-7
2954	1.051994e-5	4.081052e-7	9.793716e-6	-1.826623e-7
2955	1.046644e-5	5.243164e-7	1.090066e-5	2.473779e-8
2956	1.053568e-5	-5.555067e-7	1.087525e-5	4.253996e-7
2957	1.053549e-5	1.547259e-7	9.840533e-6	-1.442376e-7
2958	1.044988e-5	7.123546e-7	1.075727e-5	-6.505757e-8
2959	1.052707e-5	-4.430325e-7	1.095272e-5	4.60995e-7
2960	1.055879e-5	-1.347029e-7	9.912534e-6	-8.895867e-8
2961	1.044083e-5	8.160196e-7	1.062022e-5	-1.473209e-7
2962	1.05144e-5	-2.276422e-7	1.099891e-5	4.753012e-7
2963	1.058108e-5	-4.113691e-7	1.000057e-5	-2.164496e-8
2964	1.043198e-5	8.057593e-7	1.04972e-5	-2.296196e-7
2965	1.049547e-5	6.766804e-8	1.101248e-5	4.864617e-7
2966	1.060518e-5	-6.211597e-7	1.010266e-5	5.979287e-8
2967	1.043742e-5	6.669707e-7	1.03892e-5	-3.111586e-7
2968	1.04662e-5	3.971485e-7	1.099622e-5	4.788491e-7
2969	1.061734e-5	-7.243448e-7	1.021532e-5	1.551509e-7
2970	1.045664e-5	4.080437e-7	1.031109e-5	-3.778795e-7
2971	1.043926e-5	6.995155e-7	1.095692e-5	4.382788e-7
2972	1.062004e-5	-6.837662e-7	1.032729e-5	2.62766e-7
2973	1.048222e-5	6.680636e-8	1.025586e-5	-4.283384e-7
2974	1.041324e-5	9.092611e-7	1.090323e-5	3.686862e-7
2975	1.06203e-5	-4.985781e-7	1.043184e-5	3.741418e-7
2976	1.051006e-5	-2.938612e-7	1.022093e-5	-4.563878e-7
2977	1.038796e-5	9.880096e-7	1.083716e-5	2.758869e-7
2978	1.061242e-5	-1.907485e-7	1.052716e-5	4.791444e-7
2979	1.055303e-5	-6.122015e-7	1.020962e-5	-4.583845e-7
2980	1.03664e-5	9.102881e-7	1.076187e-5	1.680988e-7
2981	1.058635e-5	1.954167e-7	1.060468e-5	5.767511e-7
2982	1.060255e-5	-8.196692e-7	1.020914e-5	-4.300373e-7
2983	1.035375e-5	6.737247e-7	1.069014e-5	4.208946e-8
2984	1.054304e-5	5.849169e-7	1.066514e-5	6.57146e-7
2985	1.065412e-5	-8.714576e-7	1.022395e-5	-3.783098e-7
2986	1.035655e-5	3.169534e-7	1.061822e-5	-8.736707e-8
2987	1.048412e-5	8.965082e-7	1.071411e-5	7.146904e-7
2988	1.069767e-5	-7.411398e-7	1.024765e-5	-2.997178e-7
2989	1.038257e-5	-9.604451e-8	1.054587e-5	-2.162384e-7
2990	1.041377e-5	1.070352e-6	1.075179e-5	7.45564e-7
2991	1.072229e-5	-4.583377e-7	1.028553e-5	-1.905026e-7
2992	1.043277e-5	-4.851853e-7	1.046951e-5	-3.424037e-7
2993	1.034331e-5	1.073569e-6	1.078314e-5	7.426109e-7
2994	1.072268e-5	-7.23073e-8	1.033193e-5	-5.822918e-8
2995	1.050511e-5	-7.749506e-7	1.039656e-5	-4.588078e-7
2996	1.028286e-5	9.016508e-7	1.079512e-5	7.11063e-7
2997	1.069628e-5	3.521589e-7	1.039201e-5	8.779316e-8
2998	1.059746e-5	-9.12514e-7	1.033328e-5	-5.542071e-7
2999	1.024151e-5	5.824616e-7	1.078794e-5	6.524575e-7
3000	1.063008e-5	7.231261e-7	1.046388e-5	2.349432e-7
3001	1.069397e-5	-8.639802e-7	1.027741e-5	-6.262161e-7
3002	1.023889e-5	1.819626e-7	1.076366e-5	5.677102e-7
3003	1.052979e-5	9.700008e-7	1.054237e-5	3.836209e-7
3004	1.077213e-5	-6.515574e-7	1.022568e-5	-6.66054e-7
3005	1.027631e-5	-2.167632e-7	1.07353e-5	4.484873e-7
3006	1.041272e-5	1.059941e-6	1.061736e-5	5.285308e-7
3007	1.082109e-5	-3.281554e-7	1.018695e-5	-6.697606e-7
3008	1.035392e-5	-5.47867e-7	1.069342e-5	3.017217e-7
3009	1.029124e-5	9.840549e-7	1.06896e-5	6.615421e-7
3010	1.083355e-5	5.147643e-8	1.016215e-5	-6.326083e-7
3011	1.047438e-5	-7.56412e-7	1.06406e-5	1.333859e-7
3012	1.019188e-5	7.691866e-7	1.076627e-5	7.746754e-7
3013	1.078714e-5	4.179857e-7	1.015482e-5	-5.512858e-7
3014	1.06161e-5	-8.210871e-7	1.057016e-5	-5.39468e-8
3015	1.013956e-5	4.628873e-7	1.083043e-5	8.555732e-7
3016	1.068878e-5	7.034658e-7	1.016942e-5	-4.263629e-7
3017	1.074833e-5	-7.398538e-7	1.049067e-5	-2.437686e-7
3018	1.013868e-5	1.272419e-7	1.088179e-5	8.913633e-7
3019	1.055041e-5	8.741387e-7	1.020513e-5	-2.695476e-7
3020	1.085653e-5	-5.423058e-7	1.040757e-5	-4.165209e-7
3021	1.019167e-5	-1.853424e-7	1.091115e-5	8.817914e-7
3022	1.039438e-5	9.220114e-7	1.026234e-5	-9.398277e-8
3023	1.091834e-5	-2.733312e-7	1.03286e-5	-5.635446e-7
3024	1.030157e-5	-4.32716e-7	1.092031e-5	8.345392e-7
3025	1.023925e-5	8.509767e-7	1.03375e-5	9.081668e-8
3026	1.091803e-5	2.220774e-8	1.026098e-5	-6.804582e-7
3027	1.045826e-5	-5.823133e-7	1.090521e-5	7.484411e-7
3028	1.011622e-5	6.81972e-7	1.042493e-5	2.801603e-7
3029	1.086013e-5	2.930328e-7	1.020776e-5	-7.601761e-7
3030	1.063465e-5	-6.221353e-7	1.086129e-5	6.242482e-7
3031	1.004504e-5	4.504578e-7	1.051456e-5	4.68036e-7
3032	1.074224e-5	5.055614e-7	1.018284e-5	-7.987446e-7
3033	1.080622e-5	-5.677102e-7	1.079057e-5	4.707664e-7
3034	1.003612e-5	2.019821e-7	1.059347e-5	6.409814e-7
3035	1.057468e-5	6.372143e-7	1.019144e-5	-7.900507e-7
3036	1.09476e-5	-4.397053e-7	1.07049e-5	2.93728e-7
3037	1.009954e-5	-2.440178e-8	1.065147e-5	7.841246e-7
3038	1.037141e-5	6.952737e-7	1.022709e-5	-7.324519e-7
3039	1.103926e-5	-2.710429e-7	1.061971e-5	1.068962e-7
3040	1.023559e-5	-2.09358e-7	1.068665e-5	8.928373e-7
3041	1.01667e-5	6.793945e-7	1.028056e-5	-6.379943e-7
3042	1.105516e-5	-7.944974e-8	1.053418e-5	-7.784858e-8
3043	1.04346e-5	-3.412397e-7	1.070509e-5	9.669772e-7
3044	9.998139e-6	6.00437e-7	1.035435e-5	-5.177298e-7
3045	1.098162e-5	1.148292e-7	1.045291e-5	-2.491863e-7
3046	1.066587e-5	-4.227691e-7	1.070315e-5	9.911671e-7
3047	9.900464e-6	4.777748e-7	1.043949e-5	-3.746877e-7
3048	1.081933e-5	2.961827e-7	1.03809e-5	-4.034062e-7
3049	1.088555e-5	-4.469801e-7	1.067375e-5	9.787404e-7
3050	9.893455e-6	3.266551e-7	1.053536e-5	-2.110944e-7
3051	1.059732e-5	4.471715e-7	1.033566e-5	-5.368302e-7
3052	1.106034e-5	-4.159775e-7	1.061811e-5	9.274451e-7
3053	9.992077e-6	1.47662e-7	1.062908e-5	-4.001075e-8
3054	1.034698e-5	5.532861e-7	1.031121e-5	-6.378809e-7
3055	1.115503e-5	-3.21864e-7	1.054155e-5	8.511404e-7
3056	1.017688e-5	-3.736814e-8	1.072558e-5	1.293892e-7
3057	1.011004e-5	6.034587e-7	1.030908e-5	-7.025833e-7
3058	1.115256e-5	-1.8204e-7	1.043875e-5	7.444366e-7
3059	1.041997e-5	-1.993644e-7	1.081195e-5	2.871706e-7
3060	9.929729e-6	5.933907e-7	1.034035e-5	-7.298979e-7
3061	1.104585e-5	-1.116286e-8	1.032416e-5	6.133148e-7
3062	1.068425e-5	-3.27046e-7	1.08711e-5	4.239971e-7
3063	9.825131e-6	5.270835e-7	1.040675e-5	-7.244215e-7
3064	1.086032e-5	1.743291e-7	1.020857e-5	4.778613e-7
3065	1.093265e-5	-4.030999e-7	1.089962e-5	5.373054e-7
3066	9.819492e-6	4.022852e-7	1.050253e-5	-6.965308e-7
3067	1.061066e-5	3.502957e-7	1.010333e-5	3.387382e-7
3068	1.111832e-5	-4.136972e-7	1.089163e-5	6.343426e-7
3069	9.924045e-6	2.341463e-7	1.062359e-5	-6.434705e-7
3070	1.034714e-5	4.869712e-7	1.001807e-5	1.93634e-7
3071	1.122043e-5	-3.51264e-7	1.08435e-5	7.104517e-7
3072	1.011395e-5	4.381803e-8	1.075729e-5	-5.646176e-7
3073	1.009946e-5	5.649351e-7	9.957773e-6	4.905661e-8
3074	1.122294e-5	-2.207138e-7	1.076063e-5	7.648967e-7
3075	1.03642e-5	-1.321394e-7	1.088717e-5	-4.659737e-7
3076	9.904393e-6	5.697092e-7	9.926941e-6	-8.825833e-8
3077	1.112517e-5	-4.916381e-8	1.065374e-5	7.863547e-7
3078	1.064352e-5	-2.650568e-7	1.100481e-5	-3.516364e-7
3079	9.790428e-6	5.00416e-7	9.935055e-6	-2.108273e-7
3080	1.093395e-5	1.381472e-7	1.052183e-5	7.86422e-7
3081	1.090619e-5	-3.360884e-7	1.110156e-5	-2.300435e-7
3082	9.782242e-6	3.696688e-7	9.986208e-6	-3.246681e-7
3083	1.067824e-5	3.015984e-7	1.038086e-5	7.622556e-7
3084	1.110626e-5	-3.320679e-7	1.117207e-5	-1.057474e-7
3085	9.881305e-6	2.049487e-7	1.007013e-5	-4.196296e-7
3086	1.040063e-5	4.116584e-7	1.024603e-5	7.206524e-7
3087	1.122368e-5	-2.560286e-7	1.120384e-5	2.026727e-8
3088	1.006986e-5	3.847221e-8	1.017567e-5	-4.944533e-7
3089	1.013532e-5	4.556079e-7	1.012443e-5	6.581452e-7
3090	1.123379e-5	-1.293543e-7	1.120335e-5	1.531872e-7
3091	1.032194e-5	-9.769561e-8	1.029379e-5	-5.487e-7
3092	9.931866e-6	4.363492e-7	1.002522e-5	5.713999e-7
3093	1.113866e-5	1.766185e-8	1.117355e-5	2.918832e-7
3094	1.059684e-5	-1.808995e-7	1.041554e-5	-5.837572e-7
3095	9.809969e-6	3.586001e-7	9.941139e-6	4.67603e-7
3096	1.095592e-5	1.586186e-7	1.111938e-5	4.244801e-7
3097	1.085614e-5	-2.047414e-7	1.054457e-5	-5.923915e-7
3098	9.790844e-6	2.454458e-7	9.880507e-6	3.476597e-7
3099	1.070678e-5	2.601074e-7	1.104481e-5	5.388984e-7
3100	1.106359e-5	-1.671988e-7	1.067414e-5	-5.716703e-7
3101	9.883138e-6	1.267464e-7	9.839273e-6	2.181018e-7
3102	1.042891e-5	3.044888e-7	1.095644e-5	6.299423e-7
3103	1.118637e-5	-8.953493e-8	1.078896e-5	-5.213319e-7
3104	1.006778e-5	2.553294e-8	9.828181e-6	7.670311e-8
3105	1.017057e-5	2.996216e-7	1.085439e-5	6.997646e-7
3106	1.120353e-5	4.753446e-9	1.088689e-5	-4.377753e-7
3107	1.031319e-5	-3.95966e-8	9.842674e-6	-6.92188e-8
3108	9.967698e-6	2.56761e-7	1.074068e-5	7.399424e-7
3109	1.111902e-5	9.260364e-8	1.09689e-5	-3.231472e-7
3110	1.057948e-5	-5.921741e-8	9.884743e-6	-2.111857e-7
3111	9.846866e-6	1.970381e-7	1.062302e-5	7.486148e-7
3112	1.094616e-5	1.526081e-7	1.10388e-5	-1.832098e-7
3113	1.082386e-5	-4.556439e-8	9.938393e-6	-3.405492e-7
3114	9.831245e-6	1.393345e-7	1.050267e-5	7.168452e-7
3115	1.071242e-5	1.769881e-7	1.109433e-5	-2.648424e-8
3116	1.101346e-5	-1.454906e-8	1.001136e-5	-4.465656e-7
3117	9.914769e-6	1.019767e-7	1.037921e-5	6.441055e-7
3118	1.045846e-5	1.755851e-7	1.11326e-5	1.360561e-7
3119	1.112411e-5	1.768864e-8	1.010113e-5	-5.146648e-7
3120	1.007925e-5	8.796551e-8	1.025903e-5	5.398216e-7
3121	1.022263e-5	1.587639e-7	1.11496e-5	2.870993e-7
3122	1.114448e-5	3.525963e-8	1.020848e-5	-5.406841e-7
3123	1.030093e-5	9.082818e-8	1.014808e-5	4.191275e-7
3124	1.003768e-5	1.442657e-7	1.114079e-5	4.191651e-7
3125	1.107113e-5	3.642864e-8	1.033138e-5	-5.34515e-7
3126	1.054313e-5	1.052821e-7	1.00425e-5	2.874888e-7
3127	9.92531e-6	1.416485e-7	1.110844e-5	5.283859e-7
3128	1.092364e-5	1.263145e-8	1.046764e-5	-4.903986e-7
3129	1.076688e-5	1.22754e-7	9.950483e-6	1.505645e-7
3130	9.89477e-6	1.624803e-7	1.104904e-5	6.066717e-7
3131	1.072686e-5	-2.42865e-8	1.06176e-5	-4.158169e-7
3132	1.094706e-5	1.204395e-7	9.879836e-6	1.432322e-8
3133	9.943893e-6	2.064092e-7	1.095283e-5	6.483757e-7
3134	1.050839e-5	-5.420764e-8	1.077398e-5	-3.166838e-7
3135	1.106439e-5	8.660013e-8	9.841677e-6	-1.112625e-7
3136	1.007223e-5	2.725447e-7	1.081928e-5	6.511972e-7
3137	1.02916e-5	-5.643196e-8	1.092474e-5	-1.966884e-7
3138	1.11078e-5	1.129868e-8	9.847004e-6	-2.120896e-7
3139	1.026099e-5	3.302527e-7	1.066474e-5	6.17468e-7
3140	1.010013e-5	-7.556075e-9	1.105462e-5	-7.221933e-8
3141	1.106962e-5	-8.811316e-8	9.886828e-6	-2.834522e-7
3142	1.048227e-5	3.560035e-7	1.050595e-5	5.533443e-7
3143	9.969119e-6	8.367527e-8	1.115723e-5	4.788405e-8
3144	1.095381e-5	-1.827684e-7	9.960639e-6	-3.199433e-7
3145	1.070278e-5	3.326089e-7	1.034534e-5	4.58913e-7
3146	9.912539e-6	2.03707e-7	1.122785e-5	1.537477e-7
3147	1.077251e-5	-2.502421e-7	1.006024e-5	-3.170432e-7
3148	1.089273e-5	2.481106e-7	1.018932e-5	3.528859e-7
3149	9.943119e-6	3.371868e-7	1.126498e-5	2.37362e-7
3150	1.056285e-5	-2.672308e-7	1.018534e-5	-2.828628e-7
3151	1.102434e-5	1.139762e-7	1.004446e-5	2.445945e-7
3152	1.00544e-5	4.513562e-7	1.126469e-5	2.924902e-7
3153	1.035261e-5	-2.182554e-7	1.03258e-5	-2.201714e-7
3154	1.10773e-5	-3.589437e-8	9.919488e-6	1.499163e-7
3155	1.022793e-5	5.17604e-7	1.124267e-5	3.111239e-7
3156	1.016595e-5	-1.129613e-7	1.047381e-5	-1.379946e-7
3157	1.105195e-5	-1.860417e-7	9.804058e-6	6.79426e-8
3158	1.043274e-5	5.305988e-7	1.119316e-5	2.962965e-7
3159	1.003253e-5	4.231784e-8	1.063201e-5	-4.795578e-8
3160	1.094743e-5	-3.187518e-7	9.715578e-6	1.028093e-8
3161	1.064199e-5	4.700499e-7	1.110786e-5	2.513098e-7
3162	9.971751e-6	2.256441e-7	1.079727e-5	4.287721e-8
3163	1.078889e-5	-4.011519e-7	9.661264e-6	-1.744429e-8
3164	1.082354e-5	3.419943e-7	1.098541e-5	1.852719e-7
3165	9.988026e-6	4.073381e-7	1.096066e-5	1.168922e-7
3166	1.059787e-5	-4.132878e-7	9.642761e-6	-1.402337e-8
3167	1.094925e-5	1.672925e-7	1.083166e-5	1.139706e-7
3168	1.008197e-5	5.574302e-7	1.111057e-5	1.735133e-7
3169	1.041149e-5	-3.519458e-7	9.668458e-6	1.071343e-8
3170	1.099855e-5	-3.080923e-8	1.065685e-5	4.085129e-8
3171	1.022531e-5	6.50515e-7	1.123513e-5	2.088853e-7
3172	1.024979e-5	-2.176966e-7	9.734097e-6	5.111758e-8
3173	1.09821e-5	-2.262871e-7	1.047125e-5	-2.201165e-8
3174	1.039474e-5	6.687883e-7	1.132909e-5	2.203689e-7
3175	1.01337e-5	-3.411583e-8	9.837224e-6	1.019249e-7
3176	1.090532e-5	-3.933974e-7	1.029072e-5	-7.752353e-8
3177	1.05621e-5	6.152328e-7	1.138242e-5	2.111439e-7
3178	1.007909e-5	1.726476e-7	9.97577e-6	1.643618e-7
3179	1.078389e-5	-5.047828e-7	1.012045e-5	-1.153752e-7
3180	1.071436e-5	4.886919e-7	1.13944e-5	1.799273e-7
3181	1.008863e-5	3.87304e-7	1.014405e-5	2.221143e-7
3182	1.063766e-5	-5.517127e-7	9.971068e-6	-1.305699e-7
3183	1.08155e-5	3.052997e-7	1.13545e-5	1.375851e-7
3184	1.015719e-5	5.74597e-7	1.033139e-5	2.659075e-7
3185	1.049399e-5	-5.176554e-7	9.851683e-6	-1.180599e-7
3186	1.086133e-5	8.752576e-8	1.127122e-5	8.314751e-8
3187	1.025961e-5	7.15263e-7	1.051585e-5	2.92225e-7
3188	1.037177e-5	-4.07314e-7	9.778944e-6	-8.515388e-8
3189	1.08515e-5	-1.458995e-7	1.1152e-5	2.799425e-8
3190	1.037789e-5	7.880835e-7	1.068406e-5	3.074256e-7
3191	1.028968e-5	-2.238243e-7	9.753686e-6	-5.028061e-8
3192	1.079422e-5	-3.670084e-7	1.100565e-5	-1.443188e-8
3193	1.049123e-5	7.773662e-7	1.08252e-5	3.070243e-7
3194	1.024928e-5	1.245994e-8	9.768498e-6	-1.460694e-8
3195	1.071378e-5	-5.386823e-7	1.084933e-5	-4.163129e-8
3196	1.058624e-5	6.72121e-7	1.094296e-5	2.905126e-7
3197	1.025375e-5	2.723131e-7	9.818585e-6	2.503937e-8
3198	1.062315e-5	-6.335751e-7	1.069314e-5	-6.006692e-8
3199	1.064877e-5	4.869865e-7	1.102966e-5	2.708152e-7
3200	1.029917e-5	5.155992e-7	9.894252e-6	6.666295e-8
3201	1.053822e-5	-6.413501e-7	1.054651e-5	-7.877255e-8
3202	1.067395e-5	2.433203e-7	1.108455e-5	2.511252e-7
3203	1.036357e-5	7.105469e-7	9.990031e-6	1.003153e-7
3204	1.047379e-5	-5.513481e-7	1.041691e-5	-8.943992e-8
3205	1.066372e-5	-2.763501e-8	1.110151e-5	2.312017e-7
3206	1.042642e-5	8.242992e-7	1.01018e-5	1.308938e-7
3207	1.043616e-5	-3.647948e-7	1.030394e-5	-1.02399e-7
3208	1.063463e-5	-2.859695e-7	1.109162e-5	2.163288e-7
3209	1.046934e-5	8.406075e-7	1.022208e-5	1.568439e-7
3210	1.042706e-5	-1.122258e-7	1.020765e-5	-1.142678e-7
3211	1.060956e-5	-4.989101e-7	1.105538e-5	2.045795e-7
3212	1.048573e-5	7.504778e-7	1.034628e-5	1.794128e-7
3213	1.043569e-5	1.712679e-7	1.013203e-5	-1.267015e-7
3214	1.059301e-5	-6.246994e-7	1.100097e-5	1.901454e-7
3215	1.048378e-5	5.650803e-7	1.04688e-5	2.060164e-7
3216	1.044926e-5	4.437322e-7	1.007787e-5	-1.406482e-7
3217	1.059146e-5	-6.484373e-7	1.092928e-5	1.729111e-7
3218	1.04748e-5	3.099094e-7	1.05857e-5	2.417718e-7
3219	1.045301e-5	6.656357e-7	1.004433e-5	-1.517727e-7
3220	1.060211e-5	-5.617897e-7	1.084184e-5	1.466277e-7
3221	1.046923e-5	1.863306e-8	1.069514e-5	2.796527e-7
3222	1.043566e-5	7.992168e-7	1.003893e-5	-1.506721e-7
3223	1.062349e-5	-3.726536e-7	1.07395e-5	1.075011e-7
3224	1.048074e-5	-2.616158e-7	1.078767e-5	3.118113e-7
3225	1.039455e-5	8.261773e-7	1.005604e-5	-1.365475e-7
3226	1.063447e-5	-1.152055e-7	1.063027e-5	6.084164e-8
3227	1.052146e-5	-4.89978e-7	1.086536e-5	3.429287e-7
3228	1.034454e-5	7.487196e-7	1.009398e-5	-1.142786e-7
3229	1.062437e-5	1.753187e-7	1.051567e-5	4.560536e-9
3230	1.059317e-5	-6.329588e-7	1.092625e-5	3.690975e-7
3231	1.03033e-5	5.724658e-7	1.015572e-5	-7.866615e-8
3232	1.057746e-5	4.544722e-7	1.039611e-5	-5.888296e-8
3233	1.067622e-5	-6.692896e-7	1.096527e-5	3.870185e-7
3234	1.02986e-5	3.181672e-7	1.024528e-5	-2.461443e-8
3235	1.049215e-5	6.889179e-7	1.028186e-5	-1.29927e-7
3236	1.074946e-5	-5.914148e-7	1.09706e-5	3.95109e-7
3237	1.033093e-5	1.881057e-8	1.036008e-5	4.41816e-8
3238	1.038826e-5	8.34648e-7	1.018397e-5	-1.971438e-7
3239	1.07883e-5	-3.99649e-7	1.094166e-5	3.782032e-7
3240	1.04146e-5	-2.762694e-7	1.04841e-5	1.298322e-7
3241	1.02854e-5	8.662024e-7	1.011686e-5	-2.551571e-7
3242	1.078185e-5	-1.312754e-7	1.088373e-5	3.359097e-7
3243	1.052778e-5	-5.105047e-7	1.060041e-5	2.304298e-7
3244	1.02062e-5	7.778933e-7	1.007987e-5	-3.010908e-7
3245	1.072687e-5	1.714654e-7	1.079766e-5	2.681504e-7
3246	1.065193e-5	-6.561173e-7	1.070356e-5	3.429012e-7
3247	1.016931e-5	5.874034e-7	1.007872e-5	-3.267525e-7
3248	1.062974e-5	4.627282e-7	1.069682e-5	1.713731e-7
3249	1.077046e-5	-6.828691e-7	1.078097e-5	4.519506e-7
3250	1.017513e-5	3.188618e-7	1.011159e-5	-3.211175e-7
3251	1.04936e-5	6.929891e-7	1.058866e-5	5.253603e-8
3252	1.08627e-5	-5.902185e-7	1.083213e-5	5.470077e-7
3253	1.02391e-5	2.459612e-8	1.017183e-5	-2.729986e-7
3254	1.034646e-5	8.225476e-7	1.049266e-5	-8.800366e-8
3255	1.090873e-5	-4.048729e-7	1.085424e-5	6.177652e-7
3256	1.036045e-5	-2.512477e-7	1.02438e-5	-1.873913e-7
3257	1.021018e-5	8.502384e-7	1.041549e-5	-2.316808e-7
3258	1.089333e-5	-1.495903e-7	1.085393e-5	6.539571e-7
3259	1.051602e-5	-4.822107e-7	1.032099e-5	-6.883094e-8
3260	1.011293e-5	7.699262e-7	1.035285e-5	-3.720516e-7
3261	1.081828e-5	1.430587e-7	1.083158e-5	6.490279e-7
3262	1.067727e-5	-6.266275e-7	1.041186e-5	7.587513e-8
3263	1.006235e-5	5.952011e-7	1.029736e-5	-4.90712e-7
3264	1.069076e-5	4.255653e-7	1.078729e-5	5.993692e-7
3265	1.082035e-5	-6.634256e-7	1.050398e-5	2.355428e-7
3266	1.006918e-5	3.487243e-7	1.025806e-5	-5.716887e-7
3267	1.053038e-5	6.573379e-7	1.072898e-5	5.041629e-7
3268	1.093355e-5	-5.945713e-7	1.059003e-5	3.946752e-7
3269	1.013538e-5	6.69305e-8	1.024162e-5	-6.105789e-7
3270	1.036077e-5	8.066002e-7	1.065626e-5	3.772873e-7
3271	1.100126e-5	-4.258257e-7	1.06658e-5	5.415534e-7
3272	1.026424e-5	-2.145444e-7	1.025504e-5	-5.989252e-7
3273	1.019727e-5	8.484394e-7	1.057432e-5	2.294154e-7
3274	1.100687e-5	-1.830812e-7	1.072294e-5	6.568715e-7
3275	1.043476e-5	-4.514978e-7	1.028839e-5	-5.447401e-7
3276	1.006164e-5	7.903583e-7	1.048791e-5	7.145541e-8
3277	1.094624e-5	9.278402e-8	1.076329e-5	7.396157e-7
3278	1.062674e-5	-6.081317e-7	1.033981e-5	-4.555211e-7
3279	9.980925e-6	6.364523e-7	1.040345e-5	-8.640233e-8
3280	1.081523e-5	3.728667e-7	1.078972e-5	7.757344e-7
3281	1.080879e-5	-6.69111e-7	1.040159e-5	-3.276932e-7
3282	9.961696e-6	4.044357e-7	1.032075e-5	-2.278782e-7
3283	1.063749e-5	6.111985e-7	1.079759e-5	7.604666e-7
3284	1.096573e-5	-6.267726e-7	1.047811e-5	-1.814587e-7
3285	1.001296e-5	1.329118e-7	1.024775e-5	-3.436612e-7
3286	1.043333e-5	7.805665e-7	1.077804e-5	7.061091e-7
3287	1.106681e-5	-4.861755e-7	1.056969e-5	-2.233719e-8
3288	1.014205e-5	-1.506892e-7	1.019412e-5	-4.267607e-7
3289	1.022684e-5	8.600038e-7	1.073052e-5	6.151174e-7
3290	1.110478e-5	-2.620774e-7	1.066742e-5	1.311096e-7
3291	1.032274e-5	-4.006317e-7	1.015693e-5	-4.671471e-7
3292	1.004612e-5	8.286821e-7	1.065515e-5	5.043314e-7
3293	1.106591e-5	1.354022e-8	1.076673e-5	2.645628e-7
3294	1.053453e-5	-5.819088e-7	1.014825e-5	-4.626375e-7
3295	9.92367e-6	6.910194e-7	1.056137e-5	3.777749e-7
3296	1.094756e-5	2.987955e-7	1.085147e-5	3.697184e-7
3297	1.075378e-5	-6.633546e-7	1.017078e-5	-4.218536e-7
3298	9.873225e-6	4.683021e-7	1.045788e-5	2.479064e-7
3299	1.076878e-5	5.449729e-7	1.091591e-5	4.425786e-7
3300	1.094839e-5	-6.357042e-7	1.022218e-5	-3.62981e-7
3301	9.895283e-6	1.97677e-7	1.035476e-5	1.242296e-7
3302	1.055105e-5	7.234274e-7	1.095333e-5	4.833255e-7
3303	1.109644e-5	-5.043235e-7	1.029962e-5	-2.831707e-7
3304	9.997554e-6	-7.615321e-8	1.025542e-5	1.314848e-8
3305	1.031336e-5	8.041327e-7	1.096258e-5	4.952062e-7
3306	1.117886e-5	-2.902751e-7	1.03916e-5	-1.922496e-7
3307	1.017384e-5	-3.112512e-7	1.016714e-5	-7.613712e-8
3308	1.008576e-5	7.727162e-7	1.09444e-5	4.807464e-7
3309	1.117971e-5	-3.769942e-8	1.049383e-5	-1.004356e-7
3310	1.041452e-5	-4.731369e-7	1.009328e-5	-1.357501e-7
3311	9.891449e-6	6.441393e-7	1.090961e-5	4.436041e-7
3312	1.108457e-5	2.176313e-7	1.059262e-5	-1.008142e-8
3313	1.069118e-5	-5.346373e-7	1.004172e-5	-1.698807e-7
3314	9.775208e-6	4.490936e-7	1.085243e-5	3.909829e-7
3315	1.089398e-5	4.244935e-7	1.069057e-5	7.029506e-8
3316	1.095362e-5	-5.037682e-7	1.000919e-5	-1.852019e-7
3317	9.759999e-6	2.253717e-7	1.07799e-5	3.3309e-7
3318	1.063747e-5	5.675697e-7	1.077817e-5	1.351178e-7
3319	1.116602e-5	-3.935752e-7	9.998964e-6	-1.816429e-7
3320	9.857123e-6	-3.906222e-10	1.069959e-5	2.67397e-7
3321	1.034258e-5	6.273029e-7	1.085712e-5	1.881689e-7
3322	1.129775e-5	-2.215311e-7	1.000549e-5	-1.642318e-7
3323	1.006031e-5	-1.863838e-7	1.060766e-5	1.992681e-7
3324	1.004869e-5	6.01885e-7	1.093096e-5	2.338266e-7
3325	1.131539e-5	-2.326081e-8	1.003214e-5	-1.361908e-7
3326	1.035053e-5	-3.104563e-7	1.051383e-5	1.355274e-7
3327	9.810149e-6	5.072e-7	1.09911e-5	2.598445e-7
3328	1.120214e-5	1.644344e-7	1.007862e-5	-9.812202e-8
3329	1.068069e-5	-3.595974e-7	1.041674e-5	7.89385e-8
3330	9.671486e-6	3.664945e-7	1.104442e-5	2.705913e-7
3331	1.096793e-5	3.130609e-7	1.013522e-5	-5.771432e-8
3332	1.099789e-5	-3.372245e-7	1.031302e-5	3.260198e-8
3333	9.669624e-6	2.113055e-7	1.108646e-5	2.705323e-7
3334	1.064676e-5	4.097455e-7	1.020972e-5	-1.747794e-8
3335	1.124383e-5	-2.651622e-7	1.020341e-5	-4.463103e-9
3336	9.806053e-6	6.540822e-8	1.110546e-5	2.606841e-7
3337	1.029756e-5	4.519659e-7	1.030687e-5	2.530653e-8
3338	1.137353e-5	-1.564144e-7	1.009326e-5	-3.884236e-8
3339	1.006543e-5	-5.567216e-8	1.109867e-5	2.500074e-7
3340	9.981649e-6	4.406945e-7	1.042364e-5	7.246757e-8
3341	1.135455e-5	-3.456295e-8	1.000026e-5	-7.303321e-8
3342	1.039525e-5	-1.315e-7	1.105327e-5	2.371363e-7
3343	9.748369e-6	3.869289e-7	1.055817e-5	1.204772e-7
3344	1.119858e-5	7.487122e-8	9.925549e-6	-1.061924e-7
3345	1.073968e-5	-1.65214e-7	1.097696e-5	2.251776e-7
3346	9.640668e-6	3.1087e-7	1.070734e-5	1.644573e-7
3347	1.094046e-5	1.590495e-7	9.879528e-6	-1.364244e-7
3348	1.104369e-5	-1.63476e-7	1.086265e-5	2.064298e-7
3349	9.669913e-6	2.297835e-7	1.085693e-5	2.143618e-7
3350	1.061038e-5	2.147855e-7	9.866544e-6	-1.616073e-7
3351	1.126419e-5	-1.315497e-7	1.071853e-5	1.796018e-7
3352	9.837802e-6	1.568816e-7	1.099389e-5	2.714638e-7
3353	1.026656e-5	2.393168e-7	9.90048e-6	-1.819333e-7
3354	1.135841e-5	-8.726874e-8	1.054824e-5	1.397337e-7
3355	1.011177e-5	1.047676e-7	1.110606e-5	3.320602e-7
3356	9.966925e-6	2.515989e-7	9.978157e-6	-1.897738e-7
3357	1.131129e-5	-4.427801e-8	1.036868e-5	8.118225e-8
3358	1.044473e-5	6.081715e-8	1.118209e-5	3.904144e-7
3359	9.76292e-6	2.508733e-7	1.009661e-5	-1.759578e-7
3360	1.113573e-5	-3.024531e-9	1.019208e-5	-8.268161e-10
3361	1.077128e-5	2.695909e-8	1.121763e-5	4.407351e-7
3362	9.681988e-6	2.484452e-7	1.024228e-5	-1.348788e-7
3363	1.087428e-5	3.032821e-8	1.002881e-5	-9.184183e-8
3364	1.104764e-5	-2.41424e-9	1.121116e-5	4.723e-7
3365	9.725948e-6	2.401805e-7	1.040586e-5	-6.253076e-8
3366	1.057084e-5	6.253214e-8	9.896512e-6	-1.866742e-7
3367	1.123501e-5	-2.452741e-8	1.115545e-5	4.763706e-7
3368	9.885324e-6	2.239676e-7	1.058403e-5	3.720004e-8
3369	1.026701e-5	1.004371e-7	9.799338e-6	-2.729697e-7
3370	1.131451e-5	-4.118302e-8	1.105764e-5	4.483543e-7
3371	1.013222e-5	1.995214e-7	1.077003e-5	1.591516e-7
3372	1.000539e-5	1.317352e-7	9.745039e-6	-3.400556e-7
3373	1.127024e-5	-4.443937e-8	1.091655e-5	3.756389e-7
3374	1.042099e-5	1.746532e-7	1.094172e-5	2.929755e-7
3375	9.825409e-6	1.56965e-7	9.740296e-6	-3.764973e-7
3376	1.112025e-5	-4.232958e-8	1.074739e-5	2.737127e-7
3377	1.071023e-5	1.396122e-7	1.108648e-5	4.121623e-7
3378	9.749433e-6	1.879283e-7	9.782e-6	-3.722373e-7
3379	1.089259e-5	-3.432865e-8	1.057292e-5	1.425763e-7
3380	1.095269e-5	1.035447e-7	1.119354e-5	5.158606e-7
3381	9.787753e-6	2.085302e-7	9.861095e-6	-3.2284e-7
3382	1.062909e-5	-1.852716e-8	1.04004e-5	-1.207483e-8
3383	1.112326e-5	7.161927e-8	1.126785e-5	5.860472e-7
3384	9.92282e-6	2.212763e-7	9.971533e-6	-2.280287e-7
3385	1.036282e-5	6.063515e-9	1.023785e-5	-1.715435e-7
3386	1.119593e-5	3.894725e-8	1.130082e-5	6.225012e-7
3387	1.013557e-5	2.198314e-7	1.011603e-5	-1.033118e-7
3388	1.013494e-5	3.87439e-8	1.008546e-5	-3.173736e-7
3389	1.116672e-5	1.366821e-8	1.129126e-5	6.195152e-7
3390	1.037872e-5	2.082831e-7	1.027718e-5	4.566018e-8
3391	9.97194e-6	6.971665e-8	9.951714e-6	-4.358293e-7
3392	1.105027e-5	-6.243797e-9	1.124847e-5	5.718776e-7
3393	1.061266e-5	1.892693e-7	1.044472e-5	2.085885e-7
3394	9.899416e-6	9.942193e-8	9.845072e-6	-5.195844e-7
3395	1.087349e-5	-1.829744e-8	1.116431e-5	4.755175e-7
3396	1.080709e-5	1.697234e-7	1.061208e-5	3.779551e-7
3397	9.921929e-6	1.280829e-7	9.782888e-6	-5.627664e-7
3398	1.066898e-5	-1.938616e-8	1.104581e-5	3.430545e-7
3399	1.094609e-5	1.513009e-7	1.07713e-5	5.282623e-7
3400	1.001302e-5	1.51212e-7	9.763755e-6	-5.578106e-7
3401	1.046649e-5	-1.525146e-8	1.090524e-5	1.858597e-7
3402	1.101948e-5	1.307916e-7	1.091063e-5	6.545801e-7
3403	1.015636e-5	1.713182e-7	9.78504e-6	-5.057239e-7
3404	1.028573e-5	-1.193713e-8	1.074898e-5	1.320709e-8
3405	1.102448e-5	1.034213e-7	1.102545e-5	7.519137e-7
3406	1.032631e-5	1.92138e-7	9.844554e-6	-4.15419e-7
3407	1.014796e-5	-1.123014e-8	1.058995e-5	-1.585591e-7
3408	1.096578e-5	6.854459e-8	1.110413e-5	8.035743e-7
3409	1.051049e-5	2.169099e-7	9.928932e-6	-2.812364e-7
3410	1.00511e-5	5.079792e-9	1.044307e-5	-3.220275e-7
3411	1.0854e-5	2.475731e-8	1.114088e-5	8.097944e-7
3412	1.069397e-5	2.440149e-7	1.003889e-5	-1.167377e-7
3413	1.001988e-5	4.183997e-8	1.03126e-5	-4.669352e-7
3414	1.069315e-5	-3.317977e-8	1.114206e-5	7.70178e-7
3415	1.08396e-5	2.528725e-7	1.016212e-5	6.162671e-8
3416	1.00661e-5	1.006613e-7	1.020653e-5	-5.779363e-7
3417	1.051752e-5	-8.380209e-8	1.11083e-5	6.823963e-7
3418	1.093269e-5	2.286169e-7	1.029251e-5	2.452616e-7
3419	1.016486e-5	1.716281e-7	1.013216e-5	-6.508067e-7
3420	1.034679e-5	-1.148081e-7	1.104663e-5	5.591711e-7
3421	1.096735e-5	1.732401e-7	1.041523e-5	4.208112e-7
3422	1.031392e-5	2.482201e-7	1.008637e-5	-6.828651e-7
3423	1.020318e-5	-1.240938e-7	1.097356e-5	4.147393e-7
3424	1.09319e-5	9.094081e-8	1.052389e-5	5.772702e-7
3425	1.048771e-5	3.169515e-7	1.006775e-5	-6.717949e-7
3426	1.010608e-5	-9.226859e-8	1.088662e-5	2.461386e-7
3427	1.083006e-5	-1.056684e-8	1.061594e-5	7.131611e-7
3428	1.065905e-5	3.668736e-7	1.007276e-5	-6.195253e-7
3429	1.008001e-5	-1.412385e-8	1.080119e-5	6.414517e-8
3430	1.067898e-5	-1.198191e-7	1.068849e-5	8.195149e-7
3431	1.079946e-5	3.783687e-7	1.008776e-5	-5.230436e-7
3432	1.012466e-5	1.061571e-7	1.072309e-5	-1.222554e-7
3433	1.050481e-5	-2.205695e-7	1.074307e-5	8.856717e-7
3434	1.088306e-5	3.239574e-7	1.011252e-5	-4.002099e-7
3435	1.023276e-5	2.515912e-7	1.064008e-5	-2.928727e-7
3436	1.034335e-5	-2.729169e-7	1.079205e-5	9.098807e-7
3437	1.089772e-5	2.097435e-7	1.014989e-5	-2.503553e-7
3438	1.038238e-5	3.923907e-7	1.05563e-5	-4.494367e-7
3439	1.022807e-5	-2.58369e-7	1.08303e-5	8.957126e-7
3440	1.083385e-5	4.392101e-8	1.020124e-5	-8.469933e-8
3441	1.05376e-5	5.047569e-7	1.046927e-5	-5.790764e-7
3442	1.017323e-5	-1.757609e-7	1.085137e-5	8.492579e-7
3443	1.07248e-5	-1.421691e-7	1.027009e-5	8.318336e-8
3444	1.066522e-5	5.60058e-7	1.038585e-5	-6.712149e-7
3445	1.018856e-5	-2.975838e-8	1.086026e-5	7.652299e-7
3446	1.059512e-5	-3.103396e-7	1.035167e-5	2.427386e-7
3447	1.074293e-5	5.375859e-7	1.029924e-5	-7.248952e-7
3448	1.025692e-5	1.650092e-7	1.085665e-5	6.552034e-7
3449	1.046684e-5	-4.294178e-7	1.04441e-5	3.909422e-7
3450	1.076783e-5	4.275249e-7	1.022171e-5	-7.445856e-7
3451	1.036747e-5	3.768263e-7	1.083224e-5	5.257922e-7
3452	1.036874e-5	-4.770082e-7	1.054537e-5	5.23551e-7
3453	1.073073e-5	2.487362e-7	1.015978e-5	-7.342869e-7
3454	1.048978e-5	5.636624e-7	1.078269e-5	3.862684e-7
3455	1.032247e-5	-4.313515e-7	1.065504e-5	6.378627e-7
3456	1.065191e-5	2.448239e-8	1.011375e-5	-7.005378e-7
3457	1.058987e-5	6.81443e-7	1.070903e-5	2.391171e-7
3458	1.032466e-5	-2.925659e-7	1.07695e-5	7.396804e-7
3459	1.0551e-5	-2.067214e-7	1.009402e-5	-6.512781e-7
3460	1.065092e-5	7.198182e-7	1.061274e-5	8.754927e-8
3461	1.037474e-5	-8.355156e-8	1.08685e-5	8.288907e-7
3462	1.046153e-5	-4.068358e-7	1.010512e-5	-5.790579e-7
3463	1.065894e-5	6.611037e-7	1.050099e-5	-7.259407e-8
3464	1.044853e-5	1.611737e-7	1.095082e-5	8.975053e-7
3465	1.040451e-5	-5.320807e-7	1.015272e-5	-4.803259e-7
3466	1.062678e-5	5.138013e-7	1.037285e-5	-2.312074e-7
3467	1.052684e-5	3.986766e-7	1.100706e-5	9.462718e-7
3468	1.03876e-5	-5.694425e-7	1.023378e-5	-3.568914e-7
3469	1.056495e-5	3.021805e-7	1.024301e-5	-3.860386e-7
3470	1.058303e-5	5.908984e-7	1.103632e-5	9.666926e-7
3471	1.041298e-5	-5.120243e-7	1.034728e-5	-2.109679e-7
3472	1.049577e-5	6.382245e-8	1.011118e-5	-5.393669e-7
3473	1.060872e-5	7.228262e-7	1.103014e-5	9.57305e-7
3474	1.046561e-5	-3.756656e-7	1.048915e-5	-3.976818e-8
3475	1.04389e-5	-1.719649e-7	9.995659e-6	-6.798313e-7
3476	1.058833e-5	7.718215e-7	1.098142e-5	8.984679e-7
3477	1.053255e-5	-1.720827e-7	1.064826e-5	1.490736e-7
3478	1.041518e-5	-3.762802e-7	9.921508e-6	-7.921808e-7
3479	1.053679e-5	7.344573e-7	1.088722e-5	7.983962e-7
3480	1.059496e-5	6.346366e-8	1.080632e-5	3.527122e-7
3481	1.043071e-5	-5.208364e-7	9.888651e-6	-8.745616e-7
3482	1.046067e-5	6.157035e-7	1.075965e-5	6.53798e-7
3483	1.063426e-5	2.981538e-7	1.095337e-5	5.583105e-7
3484	1.048461e-5	-5.918772e-7	9.897398e-6	-9.065532e-7
3485	1.037914e-5	4.290281e-7	1.06039e-5	4.757639e-7
3486	1.063763e-5	5.030649e-7	1.10776e-5	7.451398e-7
3487	1.056961e-5	-5.788964e-7	9.9493e-6	-8.874486e-7
3488	1.031697e-5	2.083491e-7	1.042942e-5	2.724305e-7
3489	1.059013e-5	6.599491e-7	1.116873e-5	9.059304e-7
3490	1.066329e-5	-4.880648e-7	1.003779e-5	-8.163253e-7
3491	1.029881e-5	-2.042562e-8	1.026132e-5	5.530282e-8
3492	1.049371e-5	7.505122e-7	1.121591e-5	1.023716e-6
3493	1.075142e-5	-3.26024e-7	1.01594e-5	-7.026455e-7
3494	1.033673e-5	-2.2952e-7	1.009959e-5	-1.655549e-7
3495	1.036249e-5	7.606401e-7	1.122155e-5	1.097478e-6
3496	1.080858e-5	-1.203032e-7	1.031934e-5	-5.447277e-7
3497	1.043528e-5	-3.950363e-7	9.95822e-6	-3.752887e-7
3498	1.023064e-5	6.950877e-7	1.118244e-5	1.115062e-6
3499	1.080498e-5	9.351591e-8	1.050003e-5	-3.46891e-7
3500	1.057943e-5	-4.979495e-7	9.850017e-6	-5.589237e-7
3501	1.013707e-5	5.647967e-7	1.109513e-5	1.073631e-6
3502	1.072802e-5	2.906932e-7	1.068574e-5	-1.256105e-7
3503	1.07361e-5	-5.360938e-7	9.783717e-6	-7.113569e-7
3504	1.010097e-5	3.903191e-7	1.096801e-5	9.84384e-7
3505	1.05928e-5	4.634981e-7	1.086566e-5	9.913173e-8
3506	1.087533e-5	-5.050005e-7	9.762458e-6	-8.150572e-7
3507	1.013379e-5	1.91717e-7	1.080462e-5	8.494318e-7
3508	1.04141e-5	5.974751e-7	1.102229e-5	3.235367e-7
3509	1.096241e-5	-4.02941e-7	9.791164e-6	-8.727211e-7
3510	1.02417e-5	-1.411945e-8	1.061976e-5	6.74931e-7
3511	1.024266e-5	6.686555e-7	1.114795e-5	5.323216e-7
3512	1.098142e-5	-2.504107e-7	9.873545e-6	-8.813632e-7
3513	1.039924e-5	-2.050014e-7	1.042121e-5	4.756879e-7
3514	1.009783e-5	6.640953e-7	1.123033e-5	7.110984e-7
3515	1.093433e-5	-5.631914e-8	9.997988e-6	-8.378009e-7
3516	1.059418e-5	-3.522995e-7	1.022888e-5	2.577322e-7
3517	1.000428e-5	5.782791e-7	1.126681e-5	8.498469e-7
3518	1.080797e-5	1.457762e-7	1.016325e-5	-7.382585e-7
3519	1.078849e-5	-4.280255e-7	1.005019e-5	3.441145e-8
3520	9.990952e-6	4.298217e-7	1.124785e-5	9.417784e-7
3521	1.062698e-5	3.35012e-7	1.035799e-5	-5.976769e-7
3522	1.094393e-5	-4.291015e-7	9.909804e-6	-1.713253e-7
3523	1.005088e-5	2.45407e-7	1.117508e-5	9.829065e-7
3524	1.041956e-5	4.876118e-7	1.055964e-5	-4.296064e-7
3525	1.103809e-5	-3.592253e-7	9.815755e-6	-3.561843e-7
3526	1.01804e-5	4.711011e-8	1.105279e-5	9.780899e-7
3527	1.021989e-5	5.759716e-7	1.0758e-5	-2.418827e-7
3528	1.105975e-5	-2.238623e-7	9.772798e-6	-5.164519e-7
3529	1.036755e-5	-1.449533e-7	1.08948e-5	9.323568e-7
3530	1.00505e-5	5.91808e-7	1.092762e-5	-3.975144e-8
3531	1.100213e-5	-4.055279e-8	9.786783e-6	-6.451067e-7
3532	1.058549e-5	-3.003734e-7	1.071914e-5	8.407944e-7
3533	9.947923e-6	5.171869e-7	1.106065e-5	1.635129e-7
3534	1.086568e-5	1.678725e-7	9.838922e-6	-7.310899e-7
3535	1.079487e-5	-3.810345e-7	1.054011e-5	7.177081e-7
3536	9.927934e-6	3.661617e-7	1.116389e-5	3.554642e-7
3537	1.066397e-5	3.604711e-7	9.921362e-6	-7.769508e-7
3538	1.097535e-5	-3.807876e-7	1.036463e-5	5.685198e-7
3539	9.986896e-6	1.713578e-7	1.123727e-5	5.294845e-7
3540	1.043016e-5	5.074258e-7	1.003453e-5	-7.770138e-7
3541	1.109653e-5	-2.988382e-7	1.019242e-5	3.945419e-7
3542	1.013433e-5	-3.988577e-8	1.128027e-5	6.787388e-7
3543	1.019643e-5	5.892578e-7	1.017066e-5	-7.291012e-7
3544	1.112829e-5	-1.467715e-7	1.003902e-5	2.078157e-7
3545	1.035224e-5	-2.353626e-7	1.128098e-5	7.85707e-7
3546	9.996799e-6	5.908881e-7	1.031949e-5	-6.311161e-7
3547	1.106522e-5	4.517273e-8	9.909788e-6	2.059171e-8
3548	1.060682e-5	-3.813268e-7	1.124629e-5	8.501613e-7
3549	9.866924e-6	5.04589e-7	1.047494e-5	-5.056501e-7
3550	1.091241e-5	2.551851e-7	9.803499e-6	-1.498772e-7
3551	1.085392e-5	-4.515429e-7	1.118045e-5	8.732564e-7
3552	9.827993e-6	3.479439e-7	1.063863e-5	-3.57e-7
3553	1.068444e-5	4.440276e-7	9.721206e-6	-2.948406e-7
3554	1.106492e-5	-4.374021e-7	1.109096e-5	8.492686e-7
3555	9.897138e-6	1.520603e-7	1.079888e-5	-1.94278e-7
3556	1.041003e-5	5.834232e-7	9.669814e-6	-4.135703e-7
3557	1.119857e-5	-3.463114e-7	1.098058e-5	7.956073e-7
3558	1.006784e-5	-5.41368e-8	1.095057e-5	-3.30611e-8
3559	1.014512e-5	6.563965e-7	9.648096e-6	-5.006193e-7
3560	1.123251e-5	-1.929778e-7	1.084189e-5	7.164956e-7
3561	1.031303e-5	-2.49866e-7	1.109829e-5	1.198548e-7
3562	9.92299e-6	6.478031e-7	9.660703e-6	-5.622246e-7
3563	1.11542e-5	4.372527e-9	1.068465e-5	6.161533e-7
3564	1.060277e-5	-3.928734e-7	1.122837e-5	2.68274e-7
3565	9.786553e-6	5.611236e-7	9.704882e-6	-5.900816e-7
3566	1.097535e-5	2.041258e-7	1.05138e-5	4.955076e-7
3567	1.08789e-5	-4.687518e-7	1.133519e-5	4.042897e-7
3568	9.755759e-6	4.224032e-7	9.781718e-6	-5.89945e-7
3569	1.071869e-5	3.87818e-7	1.033585e-5	3.637964e-7
3570	1.111018e-5	-4.738523e-7	1.141789e-5	5.19674e-7
3571	9.840845e-6	2.503427e-7	9.885982e-6	-5.624324e-7
3572	1.042033e-5	5.396335e-7	1.01599e-5	2.256169e-7
3573	1.124774e-5	-4.210462e-7	1.146995e-5	6.149353e-7
3574	1.002715e-5	6.023967e-8	1.001345e-5	-5.10322e-7
3575	1.012976e-5	6.463155e-7	9.991139e-6	8.360631e-8
3576	1.127708e-5	-3.120888e-7	1.148894e-5	6.842098e-7
3577	1.02923e-5	-1.307165e-7	1.01725e-5	-4.247338e-7
3578	9.898521e-6	6.863271e-7	9.831039e-6	-6.203772e-8
3579	1.119333e-5	-1.567965e-7	1.146668e-5	7.273227e-7
3580	1.059058e-5	-2.974809e-7	1.035841e-5	-3.141086e-7
3581	9.756782e-6	6.595064e-7	9.690311e-6	-2.019364e-7
3582	1.101081e-5	2.683557e-8	1.140858e-5	7.356886e-7
3583	1.088386e-5	-4.267978e-7	1.055147e-5	-1.760727e-7
3584	9.718424e-6	5.703659e-7	9.580201e-6	-3.322074e-7
3585	1.075247e-5	2.230074e-7	1.131165e-5	7.038238e-7
3586	1.112474e-5	-5.016241e-7	1.074894e-5	-2.371964e-8
3587	9.79142e-6	4.355477e-7	9.507106e-6	-4.326689e-7
3588	1.044843e-5	4.124204e-7	1.117759e-5	6.341266e-7
3589	1.127917e-5	-5.180698e-7	1.093828e-5	1.346134e-7
3590	9.968998e-6	2.596088e-7	9.480187e-6	-5.015966e-7
3591	1.014483e-5	5.744614e-7	1.100721e-5	5.308312e-7
3592	1.133348e-5	-4.70024e-7	1.111292e-5	2.878158e-7
3593	1.023187e-5	6.501905e-8	9.494622e-6	-5.277798e-7
3594	9.879041e-6	6.79449e-7	1.081577e-5	4.004396e-7
3595	1.12749e-5	-3.603727e-7	1.126429e-5	4.254694e-7
3596	1.05528e-5	-1.231087e-7	9.551784e-6	-5.131801e-7
3597	9.694044e-6	7.150841e-7	1.061018e-5	2.468922e-7
3598	1.109904e-5	-2.074831e-7	1.138616e-5	5.447133e-7
3599	1.088183e-5	-2.874227e-7	9.654201e-6	-4.568425e-7
3600	9.628085e-6	6.935842e-7	1.040034e-5	7.387296e-8
3601	1.081736e-5	-2.809938e-8	1.146435e-5	6.371199e-7
3602	1.116016e-5	-4.161815e-7	9.802236e-6	-3.591835e-7
3603	9.693637e-6	6.193012e-7	1.019695e-5	-1.003607e-7
3604	1.048179e-5	1.657122e-7	1.149405e-5	6.896095e-7
3605	1.135051e-5	-4.935063e-7	9.981847e-6	-2.291217e-7
3606	9.87673e-6	4.961262e-7	1.000566e-5	-2.578455e-7
3607	1.014415e-5	3.496796e-7	1.147658e-5	6.929112e-7
3608	1.142132e-5	-5.083359e-7	1.018612e-5	-7.450327e-8
3609	1.016208e-5	3.254457e-7	9.844442e-6	-3.892837e-7
3610	9.859198e-6	4.985664e-7	1.14099e-5	6.513579e-7
3611	1.135556e-5	-4.613774e-7	1.040581e-5	8.855798e-8
3612	1.050065e-5	1.401214e-7	9.718152e-6	-4.837735e-7
3613	9.666975e-6	5.960941e-7	1.129728e-5	5.692025e-7
3614	1.11663e-5	-3.591895e-7	1.062556e-5	2.515872e-7
3615	1.084487e-5	-3.976018e-8	9.641054e-6	-5.459508e-7
3616	9.592616e-6	6.293338e-7	1.114578e-5	4.531297e-7
3617	1.086962e-5	-2.147673e-7	1.083405e-5	4.157823e-7
3618	1.113779e-5	-1.877034e-7	9.614782e-6	-5.714259e-7
3619	9.666055e-6	6.054321e-7	1.095692e-5	3.091516e-7
3620	1.051932e-5	-4.735801e-8	1.102413e-5	5.640784e-7
3621	1.133373e-5	-2.932385e-7	9.650551e-6	-5.520816e-7
3622	9.860898e-6	5.288061e-7	1.0738e-5	1.485894e-7
3623	1.017234e-5	1.236247e-7	1.117542e-5	6.771694e-7
3624	1.14061e-5	-3.554625e-7	9.740395e-6	-4.866459e-7
3625	1.015012e-5	4.156031e-7	1.050581e-5	-1.880872e-8
3626	9.885821e-6	2.708727e-7	1.128203e-5	7.579524e-7
3627	1.133906e-5	-3.609698e-7	9.87999e-6	-3.869216e-7
3628	1.049289e-5	2.761674e-7	1.027973e-5	-1.775858e-7
3629	9.69169e-6	3.867135e-7	1.13286e-5	8.025593e-7
3630	1.114492e-5	-3.136899e-7	1.006037e-5	-2.641338e-7
3631	1.083719e-5	1.254164e-7	1.00832e-5	-3.271755e-7
3632	9.628119e-6	4.540416e-7	1.131475e-5	8.066409e-7
3633	1.084315e-5	-2.197023e-7	1.026127e-5	-1.211104e-7
3634	1.112184e-5	-1.253174e-8	9.931315e-6	-4.566307e-7
3635	9.71457e-6	4.681081e-7	1.1251e-5	7.6795e-7
3636	1.049134e-5	-9.525866e-8	1.046116e-5	3.253584e-8
3637	1.130331e-5	-1.26748e-7	9.82313e-6	-5.570372e-7
3638	9.927514e-6	4.392378e-7	1.115717e-5	7.011646e-7
3639	1.015128e-5	4.256308e-8	1.065041e-5	1.957077e-7
3640	1.135628e-5	-2.067213e-7	9.752889e-6	-6.320361e-7
3641	1.023036e-5	3.659826e-7	1.103444e-5	6.086946e-7
3642	9.877801e-6	1.846749e-7	1.082599e-5	3.560179e-7
3643	1.126142e-5	-2.443534e-7	9.726123e-6	-6.751301e-7
3644	1.057324e-5	2.501946e-7	1.08859e-5	4.819418e-7
3645	9.717055e-6	3.107962e-7	1.097983e-5	5.196016e-7
3646	1.104249e-5	-2.289097e-7	9.742612e-6	-6.840767e-7
3647	1.089644e-5	1.049478e-7	1.07205e-5	3.230994e-7
3648	9.687575e-6	4.007251e-7	1.110391e-5	6.582237e-7
3649	1.073993e-5	-1.514048e-7	9.795172e-6	-6.422625e-7
3650	1.114001e-5	-3.755459e-8	1.054683e-5	1.488991e-7
3651	9.79653e-6	4.364732e-7	1.119504e-5	7.656185e-7
3652	1.040912e-5	-3.16221e-8	9.88158e-6	-5.60349e-7
3653	1.127669e-5	-1.605926e-7	1.038074e-5	-3.483041e-8
3654	1.002815e-5	4.153461e-7	1.125584e-5	8.392289e-7
3655	1.010451e-5	1.147181e-7	9.99608e-6	-4.459999e-7
3656	1.127935e-5	-2.52147e-7	1.02291e-5	-2.064732e-7
3657	1.033593e-5	3.406282e-7	1.127669e-5	8.781423e-7
3658	9.885538e-6	2.673719e-7	1.012807e-5	-3.067371e-7
3659	1.115138e-5	-2.955861e-7	1.009173e-5	-3.668882e-7
3660	1.064742e-5	2.108094e-7	1.126778e-5	8.755537e-7
3661	9.781507e-6	4.036099e-7	1.027977e-5	-1.462426e-7
3662	1.092247e-5	-2.68169e-7	9.969894e-6	-5.045733e-7
3663	1.092005e-5	4.909279e-8	1.122056e-5	8.40956e-7
3664	9.801742e-6	4.992852e-7	1.044169e-5	2.452505e-8
3665	1.063549e-5	-1.836016e-7	9.876074e-6	-6.141501e-7
3666	1.10996e-5	-1.201982e-7	1.113725e-5	7.652923e-7
3667	9.936381e-6	5.454508e-7	1.060499e-5	1.964805e-7
3668	1.035063e-5	-4.198123e-8	9.817197e-6	-6.878508e-7
3669	1.117727e-5	-2.751946e-7	1.102617e-5	6.551959e-7
3670	1.015439e-5	5.247424e-7	1.076027e-5	3.627734e-7
3671	1.011464e-5	1.441712e-7	9.795146e-6	-7.236666e-7
3672	1.114311e-5	-4.007548e-7	1.089526e-5	5.212338e-7
3673	1.040638e-5	4.3357e-7	1.088877e-5	5.182902e-7
3674	9.968592e-6	3.501404e-7	9.822041e-6	-7.226882e-7
3675	1.101565e-5	-4.611554e-7	1.074748e-5	3.675843e-7
3676	1.064696e-5	2.72463e-7	1.098899e-5	6.556135e-7
3677	9.919362e-6	5.317387e-7	9.882214e-6	-6.894628e-7
3678	1.082618e-5	-4.360611e-7	1.059434e-5	2.004735e-7
3679	1.083456e-5	6.280923e-8	1.106365e-5	7.69554e-7
3680	9.963404e-6	6.613963e-7	9.971383e-6	-6.215387e-7
3681	1.06154e-5	-3.244273e-7	1.04527e-5	2.390621e-8
3682	1.095287e-5	-1.607183e-7	1.109459e-5	8.599303e-7
3683	1.006783e-5	7.126662e-7	1.008163e-5	-5.238207e-7
3684	1.042028e-5	-1.409945e-7	1.032831e-5	-1.563255e-7
3685	1.100174e-5	-3.656614e-7	1.109131e-5	9.150831e-7
3686	1.021192e-5	6.851904e-7	1.020968e-5	-3.955463e-7
3687	1.026365e-5	9.279313e-8	1.022285e-5	-3.293874e-7
3688	1.09861e-5	-5.192825e-7	1.105065e-5	9.324122e-7
3689	1.037771e-5	5.640801e-7	1.034773e-5	-2.422242e-7
3690	1.015189e-5	3.468793e-7	1.014572e-5	-4.904518e-7
3691	1.09197e-5	-5.906711e-7	1.09748e-5	9.14458e-7
3692	1.053699e-5	3.685636e-7	1.048657e-5	-6.265428e-8
3693	1.008702e-5	5.674869e-7	1.009886e-5	-6.258898e-7
3694	1.081225e-5	-5.669811e-7	1.087368e-5	8.529847e-7
3695	1.068694e-5	1.353574e-7	1.06148e-5	1.288043e-7
3696	1.006828e-5	7.167179e-7	1.008778e-5	-7.28853e-7
3697	1.06755e-5	-4.530626e-7	1.075506e-5	7.548732e-7
3698	1.080985e-5	-1.049298e-7	1.072784e-5	3.306065e-7
3699	1.01072e-5	7.926239e-7	1.011234e-5	-8.041979e-7
3700	1.052155e-5	-2.69811e-7	1.062486e-5	6.216361e-7
3701	1.088784e-5	-3.244916e-7	1.081782e-5	5.279738e-7
3702	1.019624e-5	7.828192e-7	1.01695e-5	-8.404895e-7
3703	1.037669e-5	-3.607933e-8	1.048596e-5	4.572288e-7
3704	1.091915e-5	-4.939963e-7	1.088006e-5	7.049828e-7
3705	1.031361e-5	6.843667e-7	1.025065e-5	-8.27265e-7
3706	1.025081e-5	2.084998e-7	1.035512e-5	2.643188e-7
3707	1.090537e-5	-5.798117e-7	1.0913e-5	8.54931e-7
3708	1.045125e-5	5.074306e-7	1.035566e-5	-7.658086e-7
3709	1.01564e-5	4.219864e-7	1.023194e-5	5.732425e-8
3710	1.083923e-5	-5.738372e-7	1.090944e-5	9.624363e-7
3711	1.059786e-5	2.917176e-7	1.047991e-5	-6.533833e-7
3712	1.010681e-5	5.808737e-7	1.012849e-5	-1.432257e-7
3713	1.072612e-5	-4.88368e-7	1.087201e-5	1.021457e-6
3714	1.073653e-5	6.947414e-8	1.061313e-5	-5.104631e-7
3715	1.011209e-5	6.683871e-7	1.005303e-5	-3.279075e-7
3716	1.057428e-5	-3.413504e-7	1.07997e-5	1.041896e-6
3717	1.084946e-5	-1.282767e-7	1.075236e-5	-3.447908e-7
3718	1.018134e-5	6.826863e-7	1.000434e-5	-4.946291e-7
3719	1.041358e-5	-1.595559e-7	1.070075e-5	1.023006e-6
3720	1.09015e-5	-2.793924e-7	1.088997e-5	-1.615067e-7
3721	1.030071e-5	6.236288e-7	9.983218e-6	-6.270205e-7
3722	1.027369e-5	3.642077e-8	1.057532e-5	9.549666e-7
3723	1.089498e-5	-3.750083e-7	1.102182e-5	3.142263e-8
3724	1.045126e-5	5.103686e-7	9.992708e-6	-7.22016e-7
3725	1.016993e-5	2.160219e-7	1.043273e-5	8.47267e-7
3726	1.082258e-5	-4.059514e-7	1.113612e-5	2.2071e-7
3727	1.061169e-5	3.62717e-7	1.003886e-5	-7.773307e-7
3728	1.01164e-5	3.615213e-7	1.027595e-5	7.115073e-7
3729	1.06914e-5	-3.745601e-7	1.122187e-5	3.963764e-7
3730	1.076488e-5	1.948916e-7	1.013267e-5	-7.973485e-7
3731	1.013448e-5	4.632569e-7	1.011095e-5	5.581408e-7
3732	1.051701e-5	-2.880433e-7	1.126855e-5	5.480029e-7
3733	1.087003e-5	2.912398e-8	1.026631e-5	-7.789965e-7
3734	1.023642e-5	5.064502e-7	9.953335e-6	3.869574e-7
3735	1.033493e-5	-1.597173e-7	1.1264e-5	6.737236e-7
3736	1.089902e-5	-1.190161e-7	1.042929e-5	-7.187485e-7
3737	1.039946e-5	4.950153e-7	9.825832e-6	2.194429e-7
3738	1.01934e-5	-1.256162e-9	1.120838e-5	7.646184e-7
3739	1.085047e-5	-2.351118e-7	1.060321e-5	-6.372854e-7
3740	1.058128e-5	4.259722e-7	9.733701e-6	5.815466e-8
3741	1.011958e-5	1.705632e-7	1.111578e-5	8.29342e-7
3742	1.071955e-5	-2.989407e-7	1.077431e-5	-5.370143e-7
3743	1.074483e-5	2.992701e-7	9.678559e-6	-9.804495e-8
3744	1.013081e-5	3.327009e-7	1.098814e-5	8.707331e-7
3745	1.054502e-5	-2.851936e-7	1.093706e-5	-4.15895e-7
3746	1.08535e-5	1.267561e-7	9.663806e-6	-2.462959e-7
3747	1.021975e-5	4.527787e-7	1.083896e-5	8.729132e-7
3748	1.037021e-5	-1.914841e-7	1.107992e-5	-2.729529e-7
3749	1.088466e-5	-6.374086e-8	9.683814e-6	-3.722494e-7
3750	1.037065e-5	4.948831e-7	1.067454e-5	8.370331e-7
3751	1.023476e-5	-3.589418e-8	1.120235e-5	-1.19301e-7
3752	1.08348e-5	-2.254374e-7	9.74403e-6	-4.74633e-7
3753	1.0547e-5	4.558477e-7	1.050152e-5	7.704666e-7
3754	1.016892e-5	1.540899e-7	1.129122e-5	3.662805e-8
3755	1.071032e-5	-3.322518e-7	9.843516e-6	-5.432544e-7
3756	1.070567e-5	3.414568e-7	1.032574e-5	6.860489e-7
3757	1.018415e-5	3.486955e-7	1.134825e-5	1.761439e-7
3758	1.053417e-5	-3.566721e-7	9.969854e-6	-5.803666e-7
3759	1.080737e-5	1.601357e-7	1.016107e-5	5.836004e-7
3760	1.027875e-5	5.125837e-7	1.137341e-5	3.083139e-7
3761	1.036313e-5	-2.851731e-7	1.010832e-5	-5.937623e-7
3762	1.083174e-5	-6.126094e-8	1.001381e-5	4.700357e-7
3763	1.042441e-5	6.074318e-7	1.137133e-5	4.209909e-7
3764	1.02396e-5	-1.316326e-7	1.026314e-5	-5.787324e-7
3765	1.077158e-5	-2.783545e-7	9.875925e-6	3.447242e-7
3766	1.058486e-5	6.131513e-7	1.1333e-5	5.142473e-7
3767	1.019664e-5	8.863356e-8	1.043758e-5	-5.340018e-7
3768	1.065107e-5	-4.468565e-7	9.753198e-6	2.195776e-7
3769	1.071395e-5	5.154117e-7	1.125885e-5	5.823154e-7
3770	1.023113e-5	3.369672e-7	1.062613e-5	-4.682386e-7
3771	1.050372e-5	-5.402173e-7	9.661202e-6	9.7234e-8
3772	1.078078e-5	3.265558e-7	1.114404e-5	6.24739e-7
3773	1.033235e-5	5.798542e-7	1.082699e-5	-3.836986e-7
3774	1.036852e-5	-5.200626e-7	9.602655e-6	-1.583206e-8
3775	1.076798e-5	6.357817e-8	1.098205e-5	6.376948e-7
3776	1.046612e-5	7.534666e-7	1.102872e-5	-2.894284e-7
3777	1.02861e-5	-3.828478e-7	9.592699e-6	-1.154604e-7
3778	1.068961e-5	-2.152877e-7	1.079016e-5	6.280237e-7
3779	1.060113e-5	8.187133e-7	1.121012e-5	-1.894726e-7
3780	1.028347e-5	-1.511215e-7	9.633793e-6	-1.960092e-7
3781	1.056582e-5	-4.557988e-7	1.057405e-5	6.008832e-7
3782	1.068619e-5	7.545631e-7	1.135585e-5	-8.956847e-8
3783	1.034969e-5	1.33462e-7	9.731045e-6	-2.627162e-7
3784	1.044725e-5	-6.147245e-7	1.0346e-5	5.571986e-7
3785	1.070129e-5	5.837794e-7	1.145922e-5	6.411676e-9
3786	1.04533e-5	4.2749e-7	9.875317e-6	-3.029844e-7
3787	1.036572e-5	-6.647793e-7	1.010949e-5	4.971775e-7
3788	1.065122e-5	3.257142e-7	1.151696e-5	9.850819e-8
3789	1.056134e-5	6.742572e-7	1.006329e-5	-3.259633e-7
3790	1.034101e-5	-5.909809e-7	9.884681e-6	4.272167e-7
3791	1.055845e-5	2.57719e-8	1.151799e-5	1.891133e-7
3792	1.06399e-5	8.269527e-7	1.028299e-5	-3.326721e-7
3793	1.037489e-5	-4.060093e-7	9.691774e-6	3.433125e-7
3794	1.046309e-5	-2.602082e-7	1.145882e-5	2.67706e-7
3795	1.06637e-5	8.55477e-7	1.052864e-5	-3.129e-7
3796	1.045193e-5	-1.471711e-7	9.535266e-6	2.544504e-7
3797	1.038985e-5	-4.768283e-7	1.134751e-5	3.317884e-7
3798	1.064138e-5	7.644427e-7	1.078636e-5	-2.840897e-7
3799	1.053895e-5	1.368206e-7	9.430322e-6	1.692315e-7
3800	1.03559e-5	-6.018453e-7	1.118343e-5	3.762277e-7
3801	1.057681e-5	5.744887e-7	1.103755e-5	-2.414846e-7
3802	1.061676e-5	4.0391e-7	9.377446e-6	8.864387e-8
3803	1.036928e-5	-6.17775e-7	1.097876e-5	4.010413e-7
3804	1.04951e-5	3.193788e-7	1.126781e-5	-1.864724e-7
3805	1.065706e-5	6.078716e-7	9.382726e-6	1.897109e-8
3806	1.042604e-5	-5.185747e-7	1.074581e-5	4.041096e-7
3807	1.041944e-5	4.318299e-8	1.146046e-5	-1.220224e-7
3808	1.064461e-5	7.143489e-7	9.442841e-6	-3.552626e-8
3809	1.050475e-5	-3.260801e-7	1.049575e-5	3.790519e-7
3810	1.037862e-5	-1.976567e-7	1.161322e-5	-5.169664e-8
3811	1.058577e-5	7.103865e-7	9.561315e-6	-6.412019e-8
3812	1.058088e-5	-8.682297e-8	1.024077e-5	3.305266e-7
3813	1.038554e-5	-3.637979e-7	1.17092e-5	8.899881e-9
3814	1.051245e-5	6.042074e-7	9.733242e-6	-6.275879e-8
3815	1.062222e-5	1.478931e-7	9.9946e-6	2.776136e-7
3816	1.043364e-5	-4.398375e-7	1.175375e-5	4.729687e-8
3817	1.044645e-5	4.296003e-7	9.940667e-6	-4.964304e-8
3818	1.061795e-5	3.47608e-7	9.770786e-6	2.301737e-7
3819	1.050114e-5	-4.221283e-7	1.174158e-5	7.513606e-8
3820	1.040663e-5	2.164381e-7	1.017228e-5	-2.207195e-8
3821	1.057664e-5	4.889645e-7	9.577371e-6	1.859104e-7
3822	1.056929e-5	-3.15925e-7	1.167871e-5	8.750861e-8
3823	1.040348e-5	3.863306e-9	1.041911e-5	1.101213e-8
3824	1.05126e-5	5.45445e-7	9.425094e-6	1.532271e-7
3825	1.06072e-5	-1.468868e-7	1.157024e-5	8.520575e-8
3826	1.044106e-5	-1.701518e-7	1.066279e-5	4.662546e-8
3827	1.044221e-5	5.183066e-7	9.319808e-6	1.327552e-7
3828	1.060585e-5	4.333735e-8	1.141578e-5	7.176053e-8
3829	1.051519e-5	-2.82463e-7	1.090532e-5	7.256898e-8
3830	1.039439e-5	4.165825e-7	9.265838e-6	1.240025e-7
3831	1.056174e-5	2.250126e-7	1.122666e-5	4.912994e-8
3832	1.059289e-5	-3.24129e-7	1.112681e-5	9.574815e-8
3833	1.039822e-5	2.633878e-7	9.262656e-6	1.253727e-7
3834	1.048399e-5	3.752204e-7	1.100215e-5	1.985807e-8
3835	1.063951e-5	-2.988112e-7	1.132413e-5	1.148795e-7
3836	1.045227e-5	9.825551e-8	9.314761e-6	1.419116e-7
3837	1.040902e-5	4.841297e-7	1.076155e-5	-1.532192e-8
3838	1.063579e-5	-2.160004e-7	1.147776e-5	1.218518e-7
3839	1.052844e-5	-7.071313e-8	9.426853e-6	1.725277e-7
3840	1.036005e-5	5.386336e-7	1.051865e-5	-4.289326e-8
3841	1.058876e-5	-8.264166e-8	1.15759e-5	1.120007e-7
3842	1.06036e-5	-2.332294e-7	9.584439e-6	2.060654e-7
3843	1.035969e-5	5.352318e-7	1.028684e-5	-5.380616e-8
3844	1.051844e-5	9.18245e-8	1.161758e-5	8.882308e-8
3845	1.065288e-5	-3.670996e-7	9.779e-6	2.344091e-7
3846	1.039447e-5	4.543768e-7	1.008048e-5	-5.748558e-8
3847	1.045057e-5	2.926808e-7	1.160673e-5	5.60277e-8
3848	1.066359e-5	-4.448696e-7	9.982314e-6	2.714966e-7
3849	1.045221e-5	2.964797e-7	9.91303e-6	-5.85427e-8
3850	1.040269e-5	4.940735e-7	1.155353e-5	1.700778e-8
3851	1.063067e-5	-4.369959e-7	1.019232e-5	3.051326e-7
3852	1.051986e-5	8.485971e-8	9.782179e-6	-4.48583e-8
3853	1.038996e-5	6.552614e-7	1.145877e-5	-2.672375e-8
3854	1.056826e-5	-3.380512e-7	1.040185e-5	3.339929e-7
3855	1.057258e-5	-1.563922e-7	9.696787e-6	-1.421739e-8
3856	1.041994e-5	7.421131e-7	1.132978e-5	-8.19298e-8
3857	1.049624e-5	-1.512968e-7	1.059891e-5	3.542243e-7
3858	1.059443e-5	-3.885697e-7	9.65045e-6	3.441651e-8
3859	1.047897e-5	7.303259e-7	1.118275e-5	-1.372952e-7
3860	1.044138e-5	9.829943e-8	1.076838e-5	3.495621e-7
3861	1.057781e-5	-5.754728e-7	9.642452e-6	9.364258e-8
3862	1.054239e-5	6.097104e-7	1.103254e-5	-1.859294e-7
3863	1.041981e-5	3.83009e-7	1.090974e-5	3.303365e-7
3864	1.052777e-5	-6.771199e-7	9.661239e-6	1.564424e-7
3865	1.05899e-5	3.907059e-7	1.087652e-5	-2.287524e-7
3866	1.044091e-5	6.595576e-7	1.103016e-5	3.02472e-7
3867	1.046522e-5	-6.593632e-7	9.703557e-6	2.24603e-7
3868	1.059934e-5	9.22466e-8	1.071599e-5	-2.587242e-7
3869	1.049216e-5	8.715552e-7	1.113634e-5	2.529475e-7
3870	1.042509e-5	-5.132365e-7	9.766421e-6	2.925936e-7
3871	1.057218e-5	-2.344768e-7	1.055608e-5	-2.72634e-7
3872	1.055701e-5	9.813311e-7	1.122063e-5	1.948111e-7
3873	1.041443e-5	-2.553747e-7	9.848018e-6	3.605465e-7
3874	1.051533e-5	-5.447489e-7	1.038792e-5	-2.761e-7
3875	1.060429e-5	9.485426e-7	1.128878e-5	1.257464e-7
3876	1.044594e-5	8.610645e-8	9.960293e-6	4.264081e-7
3877	1.044648e-5	-7.693357e-7	1.021956e-5	-2.640612e-7
3878	1.061664e-5	7.642279e-7	1.132717e-5	4.685243e-8
3879	1.051574e-5	4.484306e-7	1.009872e-5	4.891055e-7
3880	1.038421e-5	-8.543472e-7	1.006553e-5	-2.324791e-7
3881	1.057552e-5	4.566743e-7	1.132559e-5	-3.971383e-8
3882	1.060586e-5	7.653794e-7	1.025542e-5	5.330154e-7
3883	1.037355e-5	-7.842372e-7	9.933484e-6	-1.832596e-7
3884	1.048743e-5	7.918655e-8	1.128635e-5	-1.309435e-7
3885	1.067342e-5	9.819798e-7	1.0424e-5	5.663708e-7
3886	1.042274e-5	-5.709933e-7	9.819969e-6	-1.178087e-7
3887	1.03847e-5	-3.022083e-7	1.121397e-5	-2.237271e-7
3888	1.069019e-5	1.055831e-6	1.060078e-5	5.791611e-7
3889	1.052338e-5	-2.451689e-7	9.736633e-6	-3.907802e-8
3890	1.030076e-5	-6.162997e-7	1.110556e-5	-3.027076e-7
3891	1.064095e-5	9.663102e-7	1.077606e-5	5.690864e-7
3892	1.064549e-5	1.314574e-7	9.693104e-6	4.609444e-8
3893	1.027288e-5	-8.083924e-7	1.096879e-5	-3.745954e-7
3894	1.052788e-5	7.316674e-7	1.093922e-5	5.473761e-7
3895	1.074749e-5	4.929359e-7	9.686241e-6	1.383915e-7
3896	1.032168e-5	-8.432107e-7	1.080974e-5	-4.392986e-7
3897	1.038556e-5	3.990922e-7	1.108706e-5	5.066748e-7
3898	1.07928e-5	7.771623e-7	9.720522e-6	2.411832e-7
3899	1.043405e-5	-7.27279e-7	1.063306e-5	-4.895499e-7
3900	1.025732e-5	2.972935e-8	1.120256e-5	4.439723e-7
3901	1.076519e-5	9.430889e-7	9.797009e-6	3.530119e-7
3902	1.05864e-5	-4.834403e-7	1.045301e-5	-5.248834e-7
3903	1.017902e-5	-3.136889e-7	1.128169e-5	3.580198e-7
3904	1.065847e-5	9.621736e-7	9.906529e-6	4.66906e-7
3905	1.07392e-5	-1.563747e-7	1.028177e-5	-5.359875e-7
3906	1.018631e-5	-5.762583e-7	1.131377e-5	2.492505e-7
3907	1.04892e-5	8.329885e-7	1.00436e-5	5.738675e-7
3908	1.085624e-5	1.965468e-7	1.013107e-5	-5.233533e-7
3909	1.027829e-5	-7.125873e-7	1.130326e-5	1.270784e-7
3910	1.030374e-5	5.844284e-7	1.020473e-5	6.770951e-7
3911	1.089381e-5	5.109393e-7	1.000463e-5	-4.901161e-7
3912	1.044864e-5	-7.004644e-7	1.12447e-5	-1.045194e-8
3913	1.014742e-5	2.6876e-7	1.037997e-5	7.706601e-7
3914	1.083075e-5	7.297364e-7	9.919113e-6	-4.234704e-7
3915	1.064938e-5	-5.521404e-7	1.11476e-5	-1.631683e-7
3916	1.006843e-5	-5.714519e-8	1.054721e-5	8.338291e-7
3917	1.067666e-5	8.303713e-7	9.872463e-6	-3.18594e-7
3918	1.083715e-5	-3.060033e-7	1.102607e-5	-3.145181e-7
3919	1.009016e-5	-3.3891e-7	1.069634e-5	8.581401e-7
3920	1.046522e-5	8.042174e-7	9.868571e-6	-1.878308e-7
3921	1.096972e-5	-7.702857e-9	1.0885e-5	-4.544883e-7
3922	1.021202e-5	-5.37237e-7	1.082024e-5	8.440806e-7
3923	1.024502e-5	6.566155e-7	9.903149e-6	-3.334998e-8
3924	1.100352e-5	2.968053e-7	1.073944e-5	-5.711118e-7
3925	1.040999e-5	-6.159579e-7	1.090238e-5	7.874229e-7
3926	1.006869e-5	4.158753e-7	9.970394e-6	1.326669e-7
3927	1.092511e-5	5.501836e-7	1.059889e-5	-6.575677e-7
3928	1.06524e-5	-5.707561e-7	1.095349e-5	6.907532e-7
3929	9.973885e-6	1.35631e-7	1.006502e-5	2.950591e-7
3930	1.07499e-5	7.171902e-7	1.047354e-5	-7.04766e-7
3931	1.087473e-5	-4.210056e-7	1.096411e-5	5.705837e-7
3932	9.993214e-6	-1.37786e-7	1.017293e-5	4.476783e-7
3933	1.051195e-5	7.742045e-7	1.036869e-5	-7.206559e-7
3934	1.102086e-5	-2.015148e-7	1.094729e-5	4.33602e-7
3935	1.012896e-5	-3.615195e-7	1.029102e-5	5.854493e-7
3936	1.027133e-5	7.365595e-7	1.029078e-5	-7.023983e-7
3937	1.105891e-5	4.248396e-8	1.089579e-5	2.809792e-7
3938	1.033709e-5	-5.130986e-7	1.041128e-5	7.020226e-7
3939	1.008639e-5	6.159022e-7	1.024705e-5	-6.475828e-7
3940	1.099269e-5	2.873502e-7	1.081517e-5	1.189274e-7
3941	1.056953e-5	-5.845273e-7	1.052156e-5	7.866975e-7
3942	9.986402e-6	4.337782e-7	1.023773e-5	-5.549467e-7
3943	1.084412e-5	5.072727e-7	1.071212e-5	-3.883117e-8
3944	1.077332e-5	-5.777331e-7	1.061642e-5	8.307029e-7
3945	9.97293e-6	2.062249e-7	1.026675e-5	-4.344235e-7
3946	1.065407e-5	6.801122e-7	1.059682e-5	-1.889336e-7
3947	1.092928e-5	-4.841791e-7	1.06763e-5	8.449032e-7
3948	1.003652e-5	-4.998571e-8	1.033062e-5	-2.987469e-7
3949	1.045428e-5	7.911833e-7	1.049392e-5	-3.251429e-7
3950	1.100798e-5	-3.124554e-7	1.069865e-5	8.226927e-7
3951	1.017155e-5	-3.01106e-7	1.040899e-5	-1.480744e-7
3952	1.028005e-5	8.164448e-7	1.040379e-5	-4.339924e-7
3953	1.101143e-5	-7.947537e-8	1.069382e-5	7.695183e-7
3954	1.033811e-5	-5.116792e-7	1.050444e-5	5.098726e-9
3955	1.015241e-5	7.415978e-7	1.033528e-5	-5.145978e-7
3956	1.094934e-5	1.959065e-7	1.065914e-5	6.866375e-7
3957	1.05103e-5	-6.456653e-7	1.059842e-5	1.622092e-7
3958	1.008744e-5	5.691687e-7	1.029613e-5	-5.637123e-7
3959	1.083126e-5	4.714656e-7	1.059763e-5	5.715053e-7
3960	1.066562e-5	-6.857578e-7	1.068244e-5	3.033586e-7
3961	1.008089e-5	3.181825e-7	1.029383e-5	-5.687666e-7
3962	1.068665e-5	7.123961e-7	1.051501e-5	4.417279e-7
3963	1.078362e-5	-6.173765e-7	1.074157e-5	4.211162e-7
3964	1.012606e-5	1.745125e-8	1.032438e-5	-5.470404e-7
3965	1.053835e-5	8.780201e-7	1.042878e-5	3.1541e-7
3966	1.085572e-5	-4.386103e-7	1.077883e-5	5.140533e-7
3967	1.020776e-5	-2.937119e-7	1.037339e-5	-5.031067e-7
3968	1.039909e-5	9.306205e-7	1.03552e-5	1.824899e-7
3969	1.088589e-5	-1.606306e-7	1.078694e-5	5.827413e-7
3970	1.031637e-5	-5.566551e-7	1.044205e-5	-4.298811e-7
3971	1.028372e-5	8.54781e-7	1.029833e-5	5.858338e-8
3972	1.087177e-5	1.657371e-7	1.076455e-5	6.205791e-7
3973	1.044037e-5	-7.289163e-7	1.051748e-5	-3.449018e-7
3974	1.019727e-5	6.533795e-7	1.026549e-5	-5.29452e-8
3975	1.081644e-5	4.986116e-7	1.072847e-5	6.363567e-7
3976	1.057126e-5	-7.739278e-7	1.057961e-5	-2.518682e-7
3977	1.015077e-5	3.442226e-7	1.025351e-5	-1.538906e-7
3978	1.073141e-5	7.692986e-7	1.068118e-5	6.348083e-7
3979	1.069251e-5	-6.680262e-7	1.063453e-5	-1.548033e-7
3980	1.01374e-5	-1.152113e-8	1.025335e-5	-2.427727e-7
3981	1.062097e-5	9.286139e-7	1.062264e-5	6.128096e-7
3982	1.080636e-5	-4.324079e-7	1.068321e-5	-5.211022e-8
3983	1.015638e-5	-3.542539e-7	1.026908e-5	-3.128196e-7
3984	1.048277e-5	9.527048e-7	1.055318e-5	5.706868e-7
3985	1.089954e-5	-1.094265e-7	1.072126e-5	5.176074e-8
3986	1.022769e-5	-6.239871e-7	1.030135e-5	-3.69719e-7
3987	1.03267e-5	8.274929e-7	1.049141e-5	5.155141e-7
3988	1.095196e-5	2.513366e-7	1.074152e-5	1.521196e-7
3989	1.035511e-5	-7.642408e-7	1.034216e-5	-3.986527e-7
3990	1.016851e-5	5.716495e-7	1.043584e-5	4.419949e-7
3991	1.094292e-5	5.795078e-7	1.075205e-5	2.421576e-7
3992	1.052603e-5	-7.520167e-7	1.038954e-5	-4.101958e-7
3993	1.004119e-5	2.3841e-7	1.038647e-5	3.66761e-7
3994	1.084447e-5	8.151772e-7	1.074629e-5	3.259391e-7
3995	1.073458e-5	-5.91481e-7	1.044147e-5	-4.136849e-7
3996	9.973674e-6	-1.085417e-7	1.034994e-5	2.868472e-7
3997	1.067002e-5	9.168666e-7	1.072962e-5	4.039225e-7
3998	1.093638e-5	-3.230176e-7	1.049533e-5	-3.989946e-7
3999	1.000523e-5	-4.052907e-7	1.031736e-5	2.013467e-7
4000	1.044116e-5	8.731526e-7	1.071055e-5	4.731063e-7
4001	1.108604e-5	-1.188258e-9	1.054739e-5	-3.735082e-7
4002	1.013788e-5	-6.028796e-7	1.028869e-5	1.111206e-7
4003	1.019522e-5	6.969619e-7	1.068328e-5	5.298388e-7
4004	1.113575e-5	3.17412e-7	1.059977e-5	-3.296272e-7
4005	1.036476e-5	-6.694471e-7	1.025915e-5	1.369112e-8
4006	9.975478e-6	4.328516e-7	1.065458e-5	5.67623e-7
4007	1.106468e-5	5.802565e-7	1.065358e-5	-2.611442e-7
4008	1.064215e-5	-6.045596e-7	1.023445e-5	-8.632176e-8
4009	9.834595e-6	1.306573e-7	1.062048e-5	5.88635e-7
4010	1.087765e-5	7.436107e-7	1.07076e-5	-1.783576e-7
4011	1.092377e-5	-4.266991e-7	1.021415e-5	-1.825004e-7
4012	9.809043e-6	-1.5754e-7	1.058136e-5	5.918935e-7
4013	1.060211e-5	7.831406e-7	1.077618e-5	-8.288877e-8
4014	1.114847e-5	-1.717063e-7	1.019289e-5	-2.702293e-7
4015	9.919516e-6	-3.853597e-7	1.052699e-5	5.604984e-7
4016	1.029371e-5	6.995885e-7	1.084626e-5	2.857194e-8
4017	1.127013e-5	1.091456e-7	1.01903e-5	-3.350019e-7
4018	1.014453e-5	-5.161609e-7	1.045401e-5	5.008302e-7
4019	1.000391e-5	5.200381e-7	1.091042e-5	1.389689e-7
4020	1.125985e-5	3.708911e-7	1.020903e-5	-3.703144e-7
4021	1.044857e-5	-5.34963e-7	1.036593e-5	4.206162e-7
4022	9.787844e-6	2.821668e-7	1.097084e-5	2.43554e-7
4023	1.111028e-5	5.716493e-7	1.024804e-5	-3.716956e-7
4024	1.076952e-5	-4.419272e-7	1.026494e-5	3.181461e-7
4025	9.695917e-6	1.941676e-8	1.101233e-5	3.327385e-7
4026	1.085297e-5	6.717918e-7	1.031974e-5	-3.439294e-7
4027	1.105973e-5	-2.646578e-7	1.016162e-5	2.090983e-7
4028	9.747618e-6	-2.114596e-7	1.103293e-5	3.974769e-7
4029	1.052736e-5	6.639195e-7	1.041464e-5	-2.829123e-7
4030	1.125722e-5	-4.058292e-8	1.006038e-5	1.034718e-7
4031	9.93033e-6	-3.704442e-7	1.1023e-5	4.324256e-7
4032	1.019936e-5	5.649638e-7	1.053233e-5	-2.094121e-7
4033	1.131588e-5	1.819122e-7	9.972286e-6	5.9186e-9
4034	1.021444e-5	-4.351452e-7	1.098377e-5	4.402881e-7
4035	9.932326e-6	4.077289e-7	1.065842e-5	-1.221808e-7
4036	1.122438e-5	3.640681e-7	9.901481e-6	-7.506395e-8
4037	1.0537e-5	-4.228875e-7	1.091164e-5	4.172897e-7
4038	9.78091e-6	2.282725e-7	1.079758e-5	-2.602432e-8
4039	1.102026e-5	4.930309e-7	9.857212e-6	-1.332062e-7
4040	1.08345e-5	-3.463127e-7	1.080729e-5	3.687207e-7
4041	9.763109e-6	4.60016e-8	1.093214e-5	7.009691e-8
4042	1.074887e-5	5.588371e-7	9.841326e-6	-1.592425e-7
4043	1.105065e-5	-2.254188e-7	1.067913e-5	2.886996e-7
4044	9.862634e-6	-1.162382e-7	1.106206e-5	1.618702e-7
4045	1.046771e-5	5.675431e-7	9.854496e-6	-1.608248e-7
4046	1.117208e-5	-7.413711e-8	1.053345e-5	1.971527e-7
4047	1.004419e-5	-2.481477e-7	1.117302e-5	2.380802e-7
4048	1.021752e-5	5.191528e-7	9.910905e-6	-1.388887e-7
4049	1.118099e-5	9.257028e-8	1.036919e-5	1.015066e-7
4050	1.027897e-5	-3.361218e-7	1.125034e-5	2.942294e-7
4051	1.003436e-5	4.289213e-7	1.000692e-5	-8.562332e-8
4052	1.109184e-5	2.546242e-7	1.021105e-5	2.999625e-9
4053	1.05216e-5	-3.749829e-7	1.129029e-5	3.218955e-7
4054	9.93888e-6	2.988382e-7	1.013413e-5	-4.776477e-9
4055	1.09349e-5	4.005941e-7	1.00643e-5	-8.230183e-8
4056	1.073116e-5	-3.46138e-7	1.128505e-5	3.169992e-7
4057	9.934572e-6	1.331817e-7	1.028815e-5	8.747183e-8
4058	1.073085e-5	5.058994e-7	9.937728e-6	-1.503409e-7
4059	1.088638e-5	-2.60025e-7	1.123667e-5	2.790536e-7
4060	1.001531e-5	-4.64747e-8	1.046012e-5	1.927905e-7
4061	1.051139e-5	5.58897e-7	9.836196e-6	-1.925459e-7
4062	1.097226e-5	-1.236284e-7	1.115028e-5	2.043556e-7
4063	1.015621e-5	-2.112828e-7	1.063482e-5	2.918955e-7
4064	1.031924e-5	5.475115e-7	9.779748e-6	-1.979299e-7
4065	1.098138e-5	4.932111e-8	1.102782e-5	1.130552e-7
4066	1.033252e-5	-3.327248e-7	1.079927e-5	3.637774e-7
4067	1.017901e-5	4.629563e-7	9.762028e-6	-1.682003e-7
4068	1.091868e-5	2.452853e-7	1.088027e-5	1.215237e-8
4069	1.051973e-5	-3.878736e-7	1.094204e-5	4.182451e-7
4070	1.010718e-5	3.039799e-7	9.793437e-6	-1.105097e-7
4071	1.079676e-5	4.214013e-7	1.070672e-5	-9.64136e-8
4072	1.068302e-5	-3.614454e-7	1.106049e-5	4.406491e-7
4073	1.010582e-5	1.071084e-7	9.874458e-6	-2.083233e-8
4074	1.063875e-5	5.463296e-7	1.052349e-5	-1.903809e-7
4075	1.080436e-5	-2.560012e-7	1.113236e-5	4.272975e-7
4076	1.016997e-5	-1.117436e-7	9.98633e-6	8.024786e-8
4077	1.04738e-5	5.939503e-7	1.03565e-5	-2.601599e-7
4078	1.086573e-5	-7.415251e-8	1.116019e-5	3.854289e-7
4079	1.028316e-5	-2.935557e-7	1.012553e-5	1.833905e-7
4080	1.032925e-5	5.459126e-7	1.020956e-5	-3.019972e-7
4081	1.086962e-5	1.485247e-7	1.114732e-5	3.245508e-7
4082	1.041905e-5	-4.116316e-7	1.028247e-5	2.810268e-7
4083	1.021916e-5	4.112572e-7	1.008626e-5	-3.256585e-7
4084	1.082207e-5	3.730492e-7	1.109502e-5	2.467882e-7
4085	1.056353e-5	-4.469405e-7	1.045249e-5	3.694427e-7
4086	1.015453e-5	2.079715e-7	1.000002e-5	-3.272728e-7
4087	1.072625e-5	5.603515e-7	1.100322e-5	1.619008e-7
4088	1.070517e-5	-3.767494e-7	1.061605e-5	4.445451e-7
4089	1.014009e-5	-3.535585e-8	9.955803e-6	-3.079175e-7
4090	1.059105e-5	6.662976e-7	1.088446e-5	6.281511e-8
4091	1.082113e-5	-2.12251e-7	1.075809e-5	5.030736e-7
4092	1.018322e-5	-2.635915e-7	9.949665e-6	-2.567093e-7
4093	1.042606e-5	6.699596e-7	1.075116e-5	-3.673775e-8
4094	1.09042e-5	1.487622e-8	1.086946e-5	5.321837e-7
4095	1.028744e-5	-4.338407e-7	9.986251e-6	-1.804046e-7
4096	1.025555e-5	5.63578e-7	1.060711e-5	-1.223815e-7
