turn	x1	x2	y1	y2
1	1.087257e-05	4.723237e-07	1.022345e-05	-7.679844e-07
2	1.002884e-05	3.138062e-07	1.087065e-05	3.062480e-07
3	1.050000e-05	-4.739326e-07	1.049998e-05	7.560742e-07
4	1.097059e-05	3.197954e-07	1.015216e-05	-7.087052e-07
5	1.015494e-05	4.944300e-07	1.082807e-05	1.172697e-07
6	1.029998e-05	-4.508319e-07	1.060293e-05	8.666702e-07
7	1.099868e-05	1.195275e-07	1.010270e-05	-6.149195e-07
8	1.032913e-05	6.300932e-07	1.076382e-05	-7.481744e-08
9	1.013716e-05	-3.424321e-07	1.070423e-05	9.413266e-07
10	1.096028e-05	-9.890802e-08	1.007737e-05	-4.881086e-07
11	1.053028e-05	6.908684e-07	1.068326e-05	-2.573445e-07
12	1.002093e-05	-1.637750e-07	1.079869e-05	9.723714e-07
13	1.085294e-05	-3.035705e-07	1.007922e-05	-3.306273e-07
14	1.072971e-05	6.702421e-07	1.058608e-05	-4.230227e-07
15	9.973276e-06	6.079387e-08	1.087778e-05	9.630383e-07
16	1.068519e-05	-4.604933e-07	1.011513e-05	-1.597057e-07
17	1.089808e-05	5.661459e-07	1.047346e-05	-5.614413e-07
18	1.000725e-05	2.996914e-07	1.093506e-05	9.138245e-07
19	1.048376e-05	-5.365754e-07	1.018284e-05	2.065623e-08
20	1.101728e-05	3.811256e-07	1.036065e-05	-6.673218e-07
21	1.011843e-05	5.147906e-07	1.096594e-05	8.203533e-07
22	1.027246e-05	-5.182952e-07	1.026552e-05	2.092840e-07
23	1.107555e-05	1.388152e-07	1.025664e-05	-7.369961e-07
24	1.029441e-05	6.808696e-07	1.097120e-05	6.903307e-07
25	1.008379e-05	-3.995146e-07	1.036317e-05	3.915656e-07
26	1.104737e-05	-1.248979e-07	1.016708e-05	-7.648846e-07
27	1.051135e-05	7.652714e-07	1.094992e-05	5.368443e-07
28	9.943025e-06	-1.901936e-07	1.047083e-05	5.503857e-07
29	1.093712e-05	-3.695841e-07	1.009532e-05	-7.471923e-07
30	1.073414e-05	7.474177e-07	1.090414e-05	3.655979e-07
31	9.881406e-06	8.043410e-08	1.058031e-05	6.821964e-07
32	1.075639e-05	-5.555563e-07	1.004860e-05	-6.916780e-07
33	1.093051e-05	6.186523e-07	1.084267e-05	1.832898e-07
34	9.909764e-06	3.700232e-07	1.068640e-05	7.830885e-07
35	1.053520e-05	-6.498801e-07	1.001550e-05	-5.988820e-07
36	1.107546e-05	3.912533e-07	1.076657e-05	2.704638e-09
37	1.003117e-05	6.313943e-07	1.078906e-05	8.471888e-07
38	1.029929e-05	-6.236111e-07	1.001344e-05	-4.773625e-07
39	1.114580e-05	9.420321e-08	1.066653e-05	-1.737390e-07
40	1.022273e-05	8.300560e-07	1.087864e-05	8.808673e-07
41	1.008905e-05	-4.704332e-07	1.003881e-05	-3.333865e-07
42	1.111518e-05	-2.276445e-07	1.055433e-05	-3.378347e-07
43	1.045543e-05	9.253058e-07	1.094604e-05	8.815971e-07
44	9.939047e-06	-2.042772e-07	1.009485e-05	-1.711809e-07
45	1.099075e-05	-5.292525e-07	1.043953e-05	-4.806578e-07
46	1.068989e-05	8.885857e-07	1.097954e-05	8.447883e-07
47	9.875692e-06	1.369469e-07	1.017842e-05	6.663165e-09
48	1.079989e-05	-7.537206e-07	1.033302e-05	-5.983659e-07
49	1.089060e-05	7.089277e-07	1.097939e-05	7.698735e-07
50	9.912151e-06	4.980568e-07	1.028323e-05	1.960205e-07
51	1.056918e-05	-8.456729e-07	1.023898e-05	-6.835747e-07
52	1.102598e-05	4.073502e-07	1.095417e-05	6.582870e-07
53	1.004241e-05	8.156342e-07	1.039819e-05	3.815325e-07
54	1.034476e-05	-7.705841e-07	1.016407e-05	-7.266830e-07
55	1.107197e-05	2.932752e-08	1.090732e-05	5.060580e-07
56	1.023455e-05	1.028507e-06	1.051618e-05	5.576128e-07
57	1.016126e-05	-5.424452e-07	1.011579e-05	-7.220138e-07
58	1.102410e-05	-3.560807e-07	1.083492e-05	3.185035e-07
59	1.045272e-05	1.092437e-06	1.062322e-05	7.165649e-07
60	1.004528e-05	-1.956413e-07	1.009913e-05	-6.744221e-07
61	1.089917e-05	-6.888074e-07	1.074442e-05	1.050278e-07
62	1.065832e-05	9.914531e-07	1.071830e-05	8.478185e-07
63	1.001818e-05	2.091697e-07	1.010989e-05	-5.728012e-07
64	1.072067e-05	-8.990189e-07	1.064440e-05	-1.207672e-07
65	1.081250e-05	7.378918e-07	1.078738e-05	9.392887e-07
66	1.007897e-05	6.027811e-07	1.015190e-05	-4.249730e-07
67	1.052442e-05	-9.442162e-07	1.054381e-05	-3.399034e-07
68	1.088571e-05	3.769559e-07	1.082908e-05	9.808180e-07
69	1.021189e-05	9.206698e-07	1.021599e-05	-2.372027e-07
70	1.035384e-05	-8.182639e-07	1.044839e-05	-5.408808e-07
71	1.088029e-05	-3.261756e-08	1.084811e-05	9.660858e-07
72	1.037634e-05	1.107671e-06	1.029634e-05	-1.906077e-08
73	1.023805e-05	-5.392136e-07	1.036479e-05	-7.102320e-07
74	1.080798e-05	-4.210438e-07	1.083933e-05	8.953720e-07
75	1.053977e-05	1.126174e-06	1.038485e-05	2.129705e-07
76	1.019588e-05	-1.626768e-07	1.030186e-05	-8.375685e-07
77	1.068809e-05	-7.260229e-07	1.080513e-05	7.669511e-07
78	1.066393e-05	9.842363e-07	1.047050e-05	4.504932e-07
79	1.022835e-05	2.427046e-07	1.026037e-05	-9.106264e-07
80	1.055247e-05	-8.998357e-07	1.075561e-05	5.884674e-07
81	1.072969e-05	7.129865e-07	1.055010e-05	6.743867e-07
82	1.031295e-05	6.087139e-07	1.023865e-05	-9.181710e-07
83	1.043300e-05	-9.145048e-07	1.069583e-05	3.737614e-07
84	1.072430e-05	3.597960e-07	1.062023e-05	8.643120e-07
85	1.042933e-05	8.894071e-07	1.023213e-05	-8.655652e-07
86	1.035306e-05	-7.814701e-07	1.063436e-05	1.412674e-07
87	1.066839e-05	-1.595342e-08	1.067844e-05	1.012603e-06
88	1.054495e-05	1.047449e-06	1.024404e-05	-7.618977e-07
89	1.032808e-05	-5.286400e-07	1.056845e-05	-9.683718e-08
90	1.057839e-05	-3.689871e-07	1.072218e-05	1.114076e-06
91	1.062923e-05	1.073063e-06	1.027025e-05	-6.121357e-07
92	1.036307e-05	-1.955096e-07	1.050702e-05	-3.266692e-07
93	1.047934e-05	-6.551997e-07	1.075243e-05	1.162151e-06
94	1.065600e-05	9.648358e-07	1.030336e-05	-4.270416e-07
95	1.043853e-05	1.692736e-07	1.045274e-05	-5.373509e-07
96	1.039907e-05	-8.321753e-07	1.076870e-05	1.155215e-06
97	1.062264e-05	7.419032e-07	1.033993e-05	-2.101229e-07
98	1.053543e-05	5.185154e-07	1.040983e-05	-7.201915e-07
99	1.035906e-05	-8.775017e-07	1.076835e-05	1.097447e-06
100	1.055101e-05	4.258561e-07	1.038143e-05	2.203977e-08
101	1.062148e-05	8.078225e-07	1.037830e-05	-8.660963e-07
102	1.037403e-05	-7.764933e-07	1.074942e-05	9.925669e-07
103	1.046335e-05	6.052997e-08	1.043003e-05	2.600113e-07
104	1.067601e-05	9.846885e-07	1.035900e-05	-9.707792e-07
105	1.042923e-05	-5.473765e-07	1.071494e-05	8.494033e-07
106	1.038147e-05	-2.944274e-07	1.047478e-05	4.887338e-07
107	1.068393e-05	1.025624e-06	1.035292e-05	-1.025784e-06
108	1.050499e-05	-2.188983e-07	1.067499e-05	6.733420e-07
109	1.032419e-05	-5.813809e-07	1.051227e-05	7.003515e-07
110	1.063916e-05	9.208669e-07	1.035512e-05	-1.029337e-06
111	1.058474e-05	1.440100e-07	1.063633e-05	4.666942e-07
112	1.030312e-05	-7.515383e-07	1.054144e-05	8.857848e-07
113	1.055940e-05	6.929682e-07	1.036196e-05	-9.810492e-07
114	1.065482e-05	4.811889e-07	1.059787e-05	2.390953e-07
115	1.032844e-05	-7.850817e-07	1.057271e-05	1.032801e-06
116	1.046841e-05	3.845210e-07	1.037112e-05	-8.826100e-07
117	1.070014e-05	7.412184e-07	1.055587e-05	3.508045e-09
118	1.039170e-05	-6.809712e-07	1.060123e-05	1.135668e-06
119	1.038600e-05	4.242463e-08	1.038923e-05	-7.395419e-07
120	1.070623e-05	8.919734e-07	1.051380e-05	-2.276323e-07
121	1.047474e-05	-4.512074e-07	1.061813e-05	1.193416e-06
122	1.032957e-05	-2.771080e-07	1.041522e-05	-5.554457e-07
123	1.066747e-05	9.140630e-07	1.047776e-05	-4.455707e-07
124	1.055795e-05	-1.404275e-07	1.062261e-05	1.201033e-06
125	1.030250e-05	-5.302277e-07	1.045086e-05	-3.437239e-07
126	1.059513e-05	8.041737e-07	1.044574e-05	-6.354489e-07
127	1.063281e-05	1.928473e-07	1.061140e-05	1.155552e-06
128	1.031672e-05	-6.725312e-07	1.049644e-05	-1.178907e-07
129	1.050717e-05	5.796667e-07	1.042142e-05	-7.841330e-07
130	1.068482e-05	4.947626e-07	1.058947e-05	1.056406e-06
131	1.037186e-05	-6.854374e-07	1.054578e-05	1.117969e-07
132	1.041535e-05	2.844365e-07	1.041025e-05	-8.885988e-07
133	1.070024e-05	7.232781e-07	1.055070e-05	9.156618e-07
134	1.045593e-05	-5.747741e-07	1.058274e-05	3.359217e-07
135	1.034317e-05	-2.861041e-08	1.041843e-05	-9.460360e-07
136	1.067205e-05	8.495363e-07	1.050622e-05	7.454167e-07
137	1.054272e-05	-3.506678e-07	1.061447e-05	5.373727e-07
138	1.031077e-05	-3.210069e-07	1.043342e-05	-9.530802e-07
139	1.060833e-05	8.595775e-07	1.045423e-05	5.593811e-07
140	1.062078e-05	-5.632172e-08	1.064299e-05	7.094467e-07
141	1.031502e-05	-5.526150e-07	1.046042e-05	-9.182259e-07
142	1.052240e-05	7.460729e-07	1.039884e-05	3.634658e-07
143	1.068297e-05	2.612375e-07	1.066354e-05	8.514141e-07
144	1.035369e-05	-6.842742e-07	1.049922e-05	-8.453187e-07
145	1.042780e-05	5.233303e-07	1.033851e-05	1.627683e-07
146	1.071971e-05	5.585552e-07	1.067511e-05	9.588206e-07
147	1.042297e-05	-6.908807e-07	1.055542e-05	-7.394897e-07
148	1.033701e-05	2.261196e-07	1.027816e-05	-3.722007e-08
149	1.071686e-05	7.919438e-07	1.066490e-05	1.033988e-06
150	1.051559e-05	-5.653666e-07	1.062760e-05	-6.078162e-07
151	1.026952e-05	-9.816745e-08	1.023221e-05	-2.362326e-07
152	1.067153e-05	9.135920e-07	1.062881e-05	1.073982e-06
153	1.062146e-05	-3.238825e-07	1.070547e-05	-4.479401e-07
154	1.023823e-05	-4.030200e-07	1.020756e-05	-4.207691e-07
155	1.058727e-05	8.957546e-07	1.056836e-05	1.078404e-06
156	1.072188e-05	-5.921304e-09	1.078595e-05	-2.652246e-07
157	1.025284e-05	-6.302698e-07	1.020444e-05	-5.908495e-07
158	1.047614e-05	7.455822e-07	1.048169e-05	1.045732e-06
159	1.079531e-05	3.311386e-07	1.086852e-05	-6.856320e-08
160	1.031196e-05	-7.418602e-07	1.022386e-05	-7.351785e-07
161	1.035291e-05	4.892968e-07	1.037993e-05	9.759789e-07
162	1.082998e-05	6.300745e-07	1.093794e-05	1.415196e-07
163	1.040961e-05	-7.066711e-07	1.026979e-05	-8.513763e-07
164	1.023453e-05	1.682121e-07	1.026741e-05	8.663913e-07
165	1.081751e-05	8.377233e-07	1.098888e-05	3.532996e-07
166	1.053675e-05	-5.329196e-07	1.034697e-05	-9.262131e-07
167	1.014382e-05	-1.552783e-07	1.014712e-05	7.205533e-07
168	1.075449e-05	9.137244e-07	1.101417e-05	5.518124e-07
169	1.067833e-05	-2.607884e-07	1.044959e-05	-9.498905e-07
170	1.010585e-05	-4.332610e-07	1.003575e-05	5.431317e-07
171	1.064092e-05	8.513232e-07	1.100664e-05	7.300395e-07
172	1.080856e-05	5.691156e-08	1.057065e-05	-9.246815e-07
173	1.012745e-05	-6.085755e-07	9.938195e-06	3.445404e-07
174	1.049206e-05	6.607036e-07	1.096424e-05	8.778462e-07
175	1.090515e-05	3.620300e-07	1.070737e-05	-8.530047e-07
176	1.020863e-05	-6.527385e-07	9.860438e-06	1.351407e-07
177	1.032279e-05	3.897133e-07	1.088296e-05	9.905315e-07
178	1.095267e-05	6.005992e-07	1.085101e-05	-7.401344e-07
179	1.034691e-05	-5.707923e-07	9.820757e-06	-7.507577e-08
180	1.016589e-05	1.018849e-07	1.076791e-05	1.063672e-06
181	1.092967e-05	7.319747e-07	1.098963e-05	-5.889944e-07
182	1.052236e-05	-3.859989e-07	9.818599e-06	-2.739139e-07
183	1.005195e-05	-1.554083e-07	1.062892e-05	1.083533e-06
184	1.083805e-05	7.414284e-07	1.111162e-05	-4.130170e-07
185	1.070643e-05	-1.407730e-07	9.857430e-06	-4.473925e-07
186	1.000889e-05	-3.407550e-07	1.047478e-05	1.055973e-06
187	1.068802e-05	6.475322e-07	1.120806e-05	-2.242392e-07
188	1.086941e-05	1.033715e-07	9.934281e-06	-5.887374e-07
189	1.003960e-05	-4.350512e-07	1.031034e-05	9.893999e-07
190	1.050118e-05	4.842239e-07	1.127527e-05	-3.265943e-08
191	1.098583e-05	3.155083e-07	1.004442e-05	-6.928199e-07
192	1.014006e-05	-4.426787e-07	1.014528e-05	8.889195e-07
193	1.029558e-05	2.846575e-07	1.130054e-05	1.551989e-07
194	1.103800e-05	4.674008e-07	1.018629e-05	-7.568311e-07
195	1.030662e-05	-3.628152e-07	9.993610e-06	7.629071e-07
196	1.010769e-05	8.018427e-08	1.128259e-05	3.283560e-07
197	1.100840e-05	5.442101e-07	1.035421e-05	-7.765417e-07
198	1.051636e-05	-2.183403e-07	9.867959e-06	6.128474e-07
199	9.975651e-06	-1.027686e-07	1.122111e-05	4.827702e-07
200	1.089547e-05	5.423032e-07	1.053954e-05	-7.612344e-07
201	1.073569e-05	-3.111316e-08	9.767056e-06	4.495065e-07
202	9.924688e-06	-2.406080e-07	1.112548e-05	6.126849e-07
203	1.071451e-05	4.564805e-07	1.072571e-05	-7.135342e-07
204	1.092495e-05	1.635463e-07	9.702888e-06	2.814000e-07
205	9.968058e-06	-3.005833e-07	1.099137e-05	7.150728e-07
206	1.049502e-05	3.082642e-07	1.090736e-05	-6.396307e-07
207	1.105213e-05	3.308643e-07	9.679919e-06	1.193628e-07
208	1.009810e-05	-2.775379e-07	1.082928e-05	7.826608e-07
209	1.026735e-05	1.239333e-07	1.106459e-05	-5.405041e-07
210	1.109389e-05	4.359074e-07	9.704962e-06	-3.537931e-08
211	1.029320e-05	-1.706280e-07	1.065077e-05	8.170966e-07
212	1.007294e-05	-5.350638e-08	1.119067e-05	-4.205509e-07
213	1.104247e-05	4.579668e-07	9.771605e-06	-1.736823e-07
214	1.052631e-05	-1.791131e-09	1.046892e-05	8.199509e-07
215	9.945740e-06	-1.871714e-07	1.128156e-05	-2.904939e-07
216	1.090183e-05	3.892227e-07	9.869316e-06	-2.925387e-07
217	1.075196e-05	1.821519e-07	1.029383e-05	7.926001e-07
218	9.915705e-06	-2.477944e-07	1.133911e-05	-1.504461e-07
219	1.069572e-05	2.489460e-07	9.992595e-06	-3.847147e-07
220	1.093570e-05	3.403817e-07	1.012763e-05	7.365850e-07
221	9.983989e-06	-2.248181e-07	1.136231e-05	-1.159798e-08
222	1.046616e-05	6.647810e-08	1.013796e-05	-4.465984e-07
223	1.104335e-05	4.424455e-07	9.981333e-06	6.555969e-07
224	1.013709e-05	-1.254858e-07	1.135050e-05	1.163862e-07
225	1.024489e-05	-1.101152e-07	1.029403e-05	-4.738342e-07
226	1.106173e-05	4.668178e-07	9.853636e-06	5.549935e-07
227	1.034681e-05	3.375459e-08	1.131261e-05	2.262961e-07
228	1.006810e-05	-2.433333e-07	1.045815e-05	-4.662382e-07
229	1.098476e-05	4.022232e-07	9.745618e-06	4.438052e-07
230	1.057754e-05	2.240817e-07	1.124520e-05	3.105378e-07
231	9.969902e-06	-3.069004e-07	1.062770e-05	-4.328375e-07
232	1.082531e-05	2.603652e-07	9.660493e-06	3.336222e-07
233	1.079194e-05	3.922377e-07	1.114251e-05	3.709859e-07
234	9.970120e-06	-2.856195e-07	1.080647e-05	-3.808737e-07
235	1.061239e-05	7.739315e-08	9.611052e-06	2.329409e-07
236	1.094817e-05	5.029323e-07	1.100770e-05	4.036855e-07
237	1.006938e-05	-1.867874e-07	1.097106e-05	-3.153790e-07
238	1.039379e-05	-1.094326e-07	9.596390e-06	1.495791e-07
239	1.101527e-05	5.384149e-07	1.085805e-05	4.115167e-07
240	1.024003e-05	-3.329773e-08	1.112123e-05	-2.478453e-07
241	1.020276e-05	-2.591922e-07	9.615601e-06	8.720971e-08
242	1.099138e-05	4.963440e-07	1.069013e-05	4.045886e-07
243	1.044419e-05	1.489589e-07	1.125100e-05	-1.841398e-07
244	1.006815e-05	-3.527033e-07	9.667034e-06	4.018621e-08
245	1.088877e-05	3.870132e-07	1.051585e-05	3.865599e-07
246	1.064801e-05	3.269866e-07	1.135470e-05	-1.250617e-07
247	1.001117e-05	-3.740609e-07	9.750480e-06	4.964220e-09
248	1.072814e-05	2.273261e-07	1.033117e-05	3.639045e-07
249	1.082160e-05	4.671907e-07	1.143489e-05	-7.655633e-08
250	1.004243e-05	-3.212404e-07	9.867503e-06	-2.310519e-08
251	1.053248e-05	4.195690e-08	1.014509e-05	3.442020e-07
252	1.093858e-05	5.532504e-07	1.147934e-05	-3.257309e-08
253	1.015516e-05	-2.055047e-07	1.002057e-05	-4.246212e-08
254	1.033469e-05	-1.331534e-07	9.968766e-06	3.204095e-07
255	1.098094e-05	5.697665e-07	1.148423e-05	4.438192e-09
256	1.032057e-05	-3.887333e-08	1.019758e-05	-5.479998e-08
257	1.017204e-05	-2.736703e-07	9.805634e-06	2.965997e-07
258	1.094050e-05	5.155822e-07	1.145487e-05	4.008246e-08
259	1.050938e-05	1.481354e-07	1.039253e-05	-6.230762e-08
260	1.006838e-05	-3.544738e-07	9.665715e-06	2.761918e-07
261	1.083121e-05	3.914071e-07	1.138439e-05	6.705577e-08
262	1.069000e-05	3.266807e-07	1.059310e-05	-6.639520e-08
263	1.003761e-05	-3.633054e-07	9.560968e-06	2.546195e-07
264	1.067583e-05	2.150070e-07	1.127341e-05	8.981312e-08
265	1.083622e-05	4.648235e-07	1.079326e-05	-6.403466e-08
266	1.008168e-05	-2.918531e-07	9.492177e-06	2.330094e-07
267	1.049824e-05	1.660737e-08	1.112596e-05	1.048473e-07
268	1.092668e-05	5.336967e-07	1.098453e-05	-5.312661e-08
269	1.019538e-05	-1.526661e-07	9.469883e-06	2.139077e-07
270	1.032594e-05	-1.574320e-07	1.094883e-05	1.074216e-07
271	1.094501e-05	5.196158e-07	1.115665e-05	-3.694782e-08
272	1.035130e-05	3.693030e-08	9.493186e-06	2.034610e-07
273	1.018959e-05	-2.817598e-07	1.075133e-05	1.027679e-07
274	1.088971e-05	4.266307e-07	1.130753e-05	-2.322686e-08
275	1.052543e-05	2.363794e-07	9.556853e-06	1.999034e-07
276	1.010724e-05	-3.269013e-07	1.054429e-05	9.304861e-08
277	1.077522e-05	2.632879e-07	1.142705e-05	-1.585794e-08
278	1.069160e-05	4.021835e-07	9.671683e-06	2.039586e-07
279	1.009454e-05	-2.802978e-07	1.033420e-05	8.484842e-08
280	1.062335e-05	6.273850e-08	1.150308e-05	-2.174365e-08
281	1.081731e-05	4.967332e-07	9.823721e-06	2.147157e-07
282	1.015793e-05	-1.494896e-07	1.013362e-05	7.966841e-08
283	1.045703e-05	-1.326969e-07	1.153289e-05	-4.066947e-08
284	1.088103e-05	4.999644e-07	1.000194e-05	2.344551e-07
285	1.028190e-05	4.026098e-08	9.952814e-06	8.108346e-08
286	1.030915e-05	-2.754931e-07	1.150917e-05	-6.701644e-08
287	1.087119e-05	4.077723e-07	1.019952e-05	2.530491e-07
288	1.043090e-05	2.459013e-07	9.799864e-06	9.458329e-08
289	1.020764e-05	-3.288290e-07	1.144249e-05	-9.984550e-08
290	1.079620e-05	2.473153e-07	1.040092e-05	2.704370e-07
291	1.057757e-05	4.110830e-07	9.686595e-06	1.178547e-07
292	1.016204e-05	-2.867994e-07	1.133235e-05	-1.361789e-07
293	1.067870e-05	5.594313e-08	1.060031e-05	2.817348e-07
294	1.070898e-05	5.111694e-07	9.618874e-06	1.512050e-07
295	1.017333e-05	-1.671936e-07	1.118649e-05	-1.723629e-07
296	1.054007e-05	-1.341622e-07	1.079194e-05	2.809789e-07
297	1.079928e-05	5.366400e-07	9.602419e-06	1.927331e-07
298	1.024471e-05	3.190704e-09	1.101163e-05	-2.078165e-07
299	1.040375e-05	-2.850686e-07	1.095975e-05	2.685062e-07
300	1.083742e-05	4.784619e-07	9.632562e-06	2.394412e-07
301	1.035803e-05	1.903392e-07	1.082385e-05	-2.360052e-07
302	1.028730e-05	-3.736299e-07	1.109461e-05	2.406347e-07
303	1.081847e-05	3.559347e-07	9.701489e-06	2.898116e-07
304	1.048952e-05	3.732351e-07	1.063227e-05	-2.521893e-07
305	1.020863e-05	-3.892164e-07	1.119279e-05	1.970540e-07
306	1.074218e-05	1.862375e-07	9.805730e-06	3.440946e-07
307	1.061983e-05	5.230030e-07	1.044601e-05	-2.569240e-07
308	1.018144e-05	-3.283201e-07	1.124814e-05	1.426103e-07
309	1.062859e-05	-1.181980e-08	9.938082e-06	3.948349e-07
310	1.072371e-05	6.223911e-07	1.028001e-05	-2.427609e-07
311	1.020840e-05	-1.962406e-07	1.125893e-05	7.995553e-08
312	1.050041e-05	-2.140039e-07	1.009091e-05	4.410104e-07
313	1.078959e-05	6.477947e-07	1.014137e-05	-2.122464e-07
314	1.028558e-05	-6.177729e-09	1.122859e-05	5.716088e-09
315	1.037887e-05	-3.943710e-07	1.024707e-05	4.771758e-07
316	1.080791e-05	5.826822e-07	1.004041e-05	-1.676756e-07
317	1.039970e-05	2.205571e-07	1.116725e-05	-6.837701e-08
318	1.028387e-05	-5.092518e-07	1.039539e-05	5.001796e-07
319	1.076568e-05	4.321343e-07	9.972631e-06	-1.157492e-07
320	1.052850e-05	4.512700e-07	1.108411e-05	-1.447260e-07
321	1.023487e-05	-5.374050e-07	1.053304e-05	5.120456e-07
322	1.067575e-05	2.193752e-07	9.937095e-06	-5.071485e-08
323	1.064523e-05	6.482967e-07	1.098560e-05	-2.249975e-07
324	1.023391e-05	-4.637814e-07	1.064977e-05	5.146492e-07
325	1.056244e-05	-3.149010e-08	9.930439e-06	2.611334e-08
326	1.072493e-05	7.682352e-07	1.088229e-05	-3.021812e-07
327	1.028447e-05	-2.923574e-07	1.074423e-05	5.026517e-07
328	1.044109e-05	-2.869226e-07	9.944837e-06	1.170579e-07
329	1.076527e-05	7.891750e-07	1.077731e-05	-3.707266e-07
330	1.037944e-05	-4.673002e-08	1.082234e-05	4.718857e-07
331	1.033221e-05	-5.014905e-07	9.976339e-06	2.202204e-07
332	1.075289e-05	6.982178e-07	1.066831e-05	-4.228907e-07
333	1.049889e-05	2.375763e-07	1.088888e-05	4.152993e-07
334	1.026286e-05	-6.243743e-07	1.002808e-05	3.284419e-07
335	1.068217e-05	5.021529e-07	1.055569e-05	-4.575121e-07
336	1.062045e-05	5.111631e-07	1.093000e-05	3.350510e-07
337	1.024580e-05	-6.313241e-07	1.010144e-05	4.388296e-07
338	1.056721e-05	2.355384e-07	1.045789e-05	-4.692374e-07
339	1.071459e-05	7.210801e-07	1.094818e-05	2.331272e-07
340	1.029026e-05	-5.153081e-07	1.018344e-05	5.433324e-07
341	1.043803e-05	-5.817989e-08	1.036847e-05	-4.524031e-07
342	1.076059e-05	8.267690e-07	1.094506e-05	1.121899e-07
343	1.038715e-05	-3.031625e-07	1.027313e-05	6.264514e-07
344	1.032633e-05	-3.240377e-07	1.029660e-05	-4.025065e-07
345	1.074896e-05	8.144989e-07	1.091894e-05	-1.570206e-08
346	1.051005e-05	-3.336038e-08	1.036288e-05	6.813144e-07
347	1.025928e-05	-5.181601e-07	1.024220e-05	-3.245648e-07
348	1.067995e-05	6.826808e-07	1.088069e-05	-1.410827e-07
349	1.062969e-05	2.521384e-07	1.045097e-05	7.067693e-07
350	1.024028e-05	-6.027112e-07	1.020314e-05	-2.241444e-07
351	1.057315e-05	4.586354e-07	1.082572e-05	-2.539045e-07
352	1.072896e-05	5.070801e-07	1.053708e-05	7.019775e-07
353	1.027207e-05	-5.650601e-07	1.018803e-05	-1.118052e-07
354	1.044955e-05	1.826257e-07	1.076020e-05	-3.495169e-07
355	1.078061e-05	6.836815e-07	1.061002e-05	6.748780e-07
356	1.035648e-05	-4.168164e-07	1.019059e-05	9.707821e-09
357	1.033426e-05	-9.554429e-08	1.069079e-05	-4.227094e-07
358	1.077676e-05	7.471970e-07	1.066773e-05	6.213109e-07
359	1.047508e-05	-1.903849e-07	1.020768e-05	1.315891e-07
360	1.025256e-05	-3.314074e-07	1.061769e-05	-4.791345e-07
361	1.071845e-05	6.933289e-07	1.070751e-05	5.468514e-07
362	1.060159e-05	8.221045e-08	1.024546e-05	2.517253e-07
363	1.022083e-05	-4.838078e-07	1.054487e-05	-5.067791e-07
364	1.061918e-05	5.270456e-07	1.072871e-05	4.530457e-07
365	1.070569e-05	3.555963e-07	1.029318e-05	3.656285e-07
366	1.024547e-05	-5.214842e-07	1.048160e-05	-5.109203e-07
367	1.049490e-05	2.813406e-07	1.073080e-05	3.489323e-07
368	1.077239e-05	5.746097e-07	1.035088e-05	4.665064e-07
369	1.031711e-05	-4.309271e-07	1.043105e-05	-4.967301e-07
370	1.036972e-05	1.636470e-09	1.071862e-05	2.392974e-07
371	1.078696e-05	6.937685e-07	1.041708e-05	5.526419e-07
372	1.042904e-05	-2.360721e-07	1.039088e-05	-4.631176e-07
373	1.027352e-05	-2.600594e-07	1.069355e-05	1.233349e-07
374	1.074478e-05	6.944243e-07	1.047850e-05	6.187973e-07
375	1.056068e-05	2.506529e-08	1.036586e-05	-4.068662e-07
376	1.022310e-05	-4.566851e-07	1.065794e-05	2.792946e-09
377	1.065967e-05	5.698308e-07	1.053877e-05	6.654704e-07
378	1.068390e-05	3.074730e-07	1.035400e-05	-3.285824e-07
379	1.022242e-05	-5.407181e-07	1.060420e-05	-1.180213e-07
380	1.053953e-05	3.407708e-07	1.059334e-05	6.911763e-07
381	1.077837e-05	5.582849e-07	1.036041e-05	-2.287590e-07
382	1.027353e-05	-4.941462e-07	1.054399e-05	-2.349344e-07
383	1.039820e-05	5.697374e-08	1.063258e-05	6.893398e-07
384	1.082763e-05	7.248378e-07	1.038623e-05	-1.114242e-07
385	1.037614e-05	-3.251132e-07	1.047660e-05	-3.372872e-07
386	1.026341e-05	-2.321161e-07	1.066158e-05	6.613033e-07
387	1.081111e-05	7.699502e-07	1.043038e-05	1.616906e-08
388	1.051985e-05	-6.406389e-08	1.041372e-05	-4.193335e-07
389	1.017354e-05	-4.681271e-07	1.066669e-05	6.061395e-07
390	1.072577e-05	6.763321e-07	1.049012e-05	1.472676e-07
391	1.067187e-05	2.361556e-07	1.036262e-05	-4.785623e-07
392	1.015060e-05	-5.946305e-07	1.064377e-05	5.319136e-07
393	1.060047e-05	4.627631e-07	1.056433e-05	2.691763e-07
394	1.078996e-05	5.144230e-07	1.032180e-05	-5.051575e-07
395	1.019237e-05	-5.905904e-07	1.060323e-05	4.327339e-07
396	1.045675e-05	1.858978e-07	1.064162e-05	3.808414e-07
397	1.085926e-05	7.138413e-07	1.030084e-05	-5.061563e-07
398	1.028779e-05	-4.628937e-07	1.053976e-05	3.253181e-07
399	1.031584e-05	-1.035442e-07	1.071520e-05	4.753866e-07
400	1.086484e-05	7.978505e-07	1.030287e-05	-4.837520e-07
401	1.041875e-05	-2.346838e-07	1.046168e-05	2.147129e-07
402	1.021280e-05	-3.485690e-07	1.077526e-05	5.476840e-07
403	1.080495e-05	7.599463e-07	1.033483e-05	-4.329345e-07
404	1.056266e-05	3.511998e-08	1.037355e-05	9.965324e-08
405	1.016237e-05	-5.123715e-07	1.081736e-05	5.950763e-07
406	1.070230e-05	6.156866e-07	1.038814e-05	-3.575425e-07
407	1.068618e-05	3.043343e-07	1.028536e-05	-9.755887e-09
408	1.017449e-05	-5.786669e-07	1.083193e-05	6.181327e-07
409	1.057047e-05	4.013312e-07	1.046705e-05	-2.661445e-07
410	1.076942e-05	5.336255e-07	1.020370e-05	-1.087221e-07
411	1.024517e-05	-5.448976e-07	1.081825e-05	6.111989e-07
412	1.043833e-05	1.541842e-07	1.056086e-05	-1.620946e-07
413	1.079848e-05	6.900559e-07	1.013563e-05	-1.980511e-07
414	1.035517e-05	-4.247895e-07	1.077908e-05	5.813058e-07
415	1.032811e-05	-9.367395e-08	1.066592e-05	-4.958321e-08
416	1.077093e-05	7.608857e-07	1.009322e-05	-2.664471e-07
417	1.048354e-05	-2.321204e-07	1.070663e-05	5.282845e-07
418	1.025622e-05	-3.130627e-07	1.077132e-05	5.703674e-08
419	1.069742e-05	7.370484e-07	1.008138e-05	-3.112978e-07
420	1.061163e-05	2.212425e-09	1.061117e-05	4.609604e-07
421	1.023508e-05	-4.695437e-07	1.086826e-05	1.594920e-07
422	1.058585e-05	6.282708e-07	1.009589e-05	-3.363146e-07
423	1.070885e-05	2.438923e-07	1.050038e-05	3.823539e-07
424	1.027479e-05	-5.472412e-07	1.094806e-05	2.560545e-07
425	1.046048e-05	4.463882e-07	1.014094e-05	-3.393044e-07
426	1.075915e-05	4.621164e-07	1.037762e-05	2.924336e-07
427	1.036548e-05	-5.364195e-07	1.100246e-05	3.422751e-07
428	1.034937e-05	2.204775e-07	1.021424e-05	-3.199270e-07
429	1.075786e-05	6.292092e-07	1.026200e-05	1.912890e-07
430	1.047601e-05	-4.450785e-07	1.102912e-05	4.106342e-07
431	1.026901e-05	-1.435693e-08	1.030300e-05	-2.724806e-07
432	1.070706e-05	7.197359e-07	1.016076e-05	8.271064e-08
433	1.059673e-05	-2.749801e-07	1.103151e-05	4.516007e-07
434	1.022689e-05	-2.394312e-07	1.039746e-05	-2.030619e-07
435	1.061471e-05	7.255577e-07	1.007538e-05	-2.030526e-08
436	1.070573e-05	-5.198368e-08	1.101022e-05	4.665249e-07
437	1.023669e-05	-4.154185e-07	1.050743e-05	-1.156699e-07
438	1.049316e-05	6.400075e-07	1.000160e-05	-1.122336e-07
439	1.079132e-05	1.903061e-07	1.096463e-05	4.557629e-07
440	1.029809e-05	-5.167922e-07	1.062090e-05	-1.726049e-08
441	1.036052e-05	4.674719e-07	9.947332e-06	-1.847288e-07
442	1.083169e-05	4.177479e-07	1.090069e-05	4.158555e-07
443	1.040834e-05	-5.191258e-07	1.073497e-05	8.899774e-08
444	1.024248e-05	2.414125e-07	9.914408e-06	-2.301121e-07
445	1.080558e-05	5.909328e-07	1.081367e-05	3.480448e-07
446	1.055309e-05	-4.240823e-07	1.084740e-05	1.915949e-07
447	1.016044e-05	-6.798547e-09	9.908394e-06	-2.456067e-07
448	1.071412e-05	6.827078e-07	1.070698e-05	2.601773e-07
449	1.070070e-05	-2.394178e-07	1.094549e-05	2.789375e-07
450	1.014175e-05	-2.371016e-07	9.929956e-06	-2.293504e-07
451	1.057646e-05	6.786073e-07	1.058804e-05	1.603236e-07
452	1.081790e-05	1.508115e-09	1.103212e-05	3.423534e-07
453	1.019127e-05	-4.130157e-07	9.974083e-06	-1.817984e-07
454	1.041763e-05	5.701894e-07	1.045736e-05	6.202711e-08
455	1.088874e-05	2.598384e-07	1.109833e-05	3.781411e-07
456	1.029976e-05	-4.979775e-07	1.004560e-05	-1.099309e-07
457	1.026647e-05	3.726216e-07	1.032971e-05	-3.064970e-08
458	1.089478e-05	4.873173e-07	1.113477e-05	3.855003e-07
459	1.044977e-05	-4.688764e-07	1.014045e-05	-2.516549e-08
460	1.015105e-05	1.196061e-07	1.020843e-05	-1.067078e-07
461	1.082926e-05	6.514872e-07	1.114146e-05	3.681674e-07
462	1.061799e-05	-3.387917e-07	1.025471e-05	6.912819e-08
463	1.009242e-05	-1.493464e-07	1.009857e-05	-1.683327e-07
464	1.069879e-05	7.237457e-07	1.111981e-05	3.287761e-07
465	1.077634e-05	-1.161575e-07	1.038443e-05	1.623701e-07
466	1.010621e-05	-3.913211e-07	1.000961e-05	-2.072744e-07
467	1.052473e-05	6.793235e-07	1.106897e-05	2.665942e-07
468	1.088977e-05	1.650921e-07	1.051810e-05	2.496946e-07
469	1.019536e-05	-5.533800e-07	9.943966e-06	-2.188805e-07
470	1.034357e-05	5.121077e-07	1.099929e-05	1.874176e-07
471	1.094076e-05	4.499859e-07	1.064319e-05	3.237816e-07
472	1.034446e-05	-5.960997e-07	9.906300e-06	-2.018236e-07
473	1.018204e-05	2.547312e-07	1.091074e-05	9.951270e-08
474	1.091519e-05	6.817536e-07	1.075944e-05	3.799906e-07
475	1.052796e-05	-5.089719e-07	9.894304e-06	-1.588745e-07
476	1.007195e-05	-4.889973e-08	1.080880e-05	9.356800e-09
477	1.081044e-05	8.223219e-07	1.086310e-05	4.137072e-07
478	1.071277e-05	-3.008409e-07	9.901767e-06	-9.949322e-08
479	1.003284e-05	-3.424307e-07	1.070157e-05	-7.732789e-08
480	1.065002e-05	8.344818e-07	1.095519e-05	4.301388e-07
481	1.087108e-05	-4.550309e-09	9.928114e-06	-2.704004e-08
482	1.007413e-05	-5.722643e-07	1.059042e-05	-1.629741e-07
483	1.045702e-05	7.087699e-07	1.102887e-05	4.297923e-07
484	1.098111e-05	3.163497e-07	9.975068e-06	5.580985e-08
485	1.018409e-05	-6.901879e-07	1.047637e-05	-2.356630e-07
486	1.026446e-05	4.667901e-07	1.108347e-05	4.057518e-07
487	1.102020e-05	6.070999e-07	1.003858e-05	1.474906e-07
488	1.035746e-05	-6.699289e-07	1.036149e-05	-2.908385e-07
489	1.009466e-05	1.475505e-07	1.111505e-05	3.608611e-07
490	1.097159e-05	8.185883e-07	1.012581e-05	2.389392e-07
491	1.057282e-05	-5.081771e-07	1.024440e-05	-3.209246e-07
492	9.980947e-06	-1.811214e-07	1.112555e-05	2.955796e-07
493	1.083232e-05	9.020282e-07	1.023085e-05	3.270062e-07
494	1.077997e-05	-2.305065e-07	1.013762e-05	-3.277281e-07
495	9.963327e-06	-4.589892e-07	1.111121e-05	2.101417e-07
496	1.062986e-05	8.379881e-07	1.034800e-05	4.106243e-07
497	1.094550e-05	9.461213e-08	1.004607e-05	-3.076467e-07
498	1.004526e-05	-6.294090e-07	1.107502e-05	1.155237e-07
499	1.040185e-05	6.415302e-07	1.047561e-05	4.709934e-07
500	1.103533e-05	4.062500e-07	9.973853e-06	-2.613917e-07
501	1.021476e-05	-6.661888e-07	1.101198e-05	1.457857e-08
502	1.019343e-05	3.541353e-07	1.060630e-05	5.125206e-07
503	1.102211e-05	6.444104e-07	9.926272e-06	-1.941090e-07
504	1.043737e-05	-5.643142e-07	1.092492e-05	-8.843379e-08
505	1.004613e-05	4.148591e-08	1.072988e-05	5.356449e-07
506	1.090231e-05	7.737183e-07	9.906821e-06	-1.109854e-07
507	1.067042e-05	-3.585232e-07	1.081412e-05	-1.860476e-07
508	9.990153e-06	-2.288655e-07	1.084896e-05	5.357131e-07
509	1.070147e-05	7.805445e-07	9.918101e-06	-1.689005e-08
510	1.086976e-05	-9.875302e-08	1.068537e-05	-2.745251e-07
511	1.004311e-05	-4.185502e-07	1.094703e-05	5.169916e-07
512	1.046350e-05	6.735218e-07	9.961900e-06	8.506334e-08
513	1.099472e-05	1.657909e-07	1.055091e-05	-3.443298e-07
514	1.018979e-05	-5.082940e-07	1.101913e-05	4.777822e-07
515	1.023261e-05	4.848777e-07	1.003510e-05	1.857820e-07
516	1.101997e-05	3.892837e-07	1.041330e-05	-3.964823e-07
517	1.040258e-05	-4.951822e-07	1.106098e-05	4.145636e-07
518	1.005022e-05	2.544939e-07	1.013654e-05	2.943470e-07
519	1.094367e-05	5.421627e-07	1.028428e-05	-4.273275e-07
520	1.064134e-05	-3.906255e-07	1.107041e-05	3.342618e-07
521	9.948683e-06	2.889798e-08	1.025159e-05	3.961729e-07
522	1.077493e-05	6.038442e-07	1.017520e-05	-4.372877e-07
523	1.087088e-05	-2.269730e-07	1.105052e-05	2.428037e-07
524	9.953468e-06	-1.516890e-07	1.037412e-05	4.887566e-07
525	1.053927e-05	5.794214e-07	1.008600e-05	-4.244774e-07
526	1.104381e-05	-3.608476e-08	1.100656e-05	1.393654e-07
527	1.006207e-05	-2.666153e-07	1.049758e-05	5.737394e-07
528	1.028720e-05	4.907369e-07	1.002699e-05	-3.919164e-07
529	1.112086e-05	1.389262e-07	1.093965e-05	2.351574e-08
530	1.025552e-05	-3.046837e-07	1.061054e-05	6.486546e-07
531	1.006474e-05	3.617001e-07	9.999394e-06	-3.383804e-07
532	1.109676e-05	2.747402e-07	1.085815e-05	-1.038603e-07
533	1.049260e-05	-2.795199e-07	1.070159e-05	7.058740e-07
534	9.907104e-06	2.154196e-07	1.000145e-05	-2.570460e-07
535	1.097187e-05	3.620770e-07	1.076782e-05	-2.360975e-07
536	1.074251e-05	-2.119007e-07	1.077957e-05	7.404450e-07
537	9.841262e-06	8.042660e-08	1.002175e-05	-1.520150e-07
538	1.076883e-05	3.950419e-07	1.067170e-05	-3.615372e-07
539	1.096834e-05	-1.193869e-07	1.084438e-05	7.401313e-07
540	9.871735e-06	-2.492631e-08	1.006278e-05	-2.658211e-08
541	1.052365e-05	3.859777e-07	1.057315e-05	-4.698706e-07
542	1.112999e-05	-1.117933e-08	1.089215e-05	7.046585e-07
543	1.000096e-05	-9.671789e-08	1.011891e-05	1.168916e-07
544	1.026273e-05	3.412751e-07	1.047616e-05	-5.610583e-07
545	1.120287e-05	9.296063e-08	1.092195e-05	6.369310e-07
546	1.021073e-05	-1.308923e-07	1.018872e-05	2.710167e-07
547	1.002481e-05	2.714323e-07	1.038811e-05	-6.286488e-07
548	1.118003e-05	1.807145e-07	1.092580e-05	5.357292e-07
549	1.046545e-05	-1.289874e-07	1.026939e-05	4.282583e-07
550	9.853810e-06	1.839558e-07	1.031257e-05	-6.620781e-07
551	1.104845e-05	2.463602e-07	1.090894e-05	4.040589e-07
552	1.073224e-05	-1.002462e-07	1.035816e-05	5.808770e-07
553	9.781979e-06	9.185703e-08	1.025138e-05	-6.578377e-07
554	1.083277e-05	2.872825e-07	1.087069e-05	2.462052e-07
555	1.096916e-05	-4.530768e-08	1.045225e-05	7.151399e-07
556	9.816763e-06	8.246472e-09	1.021196e-05	-6.176482e-07
557	1.057174e-05	2.983490e-07	1.081067e-05	7.776629e-08
558	1.113444e-05	3.350181e-08	1.054391e-05	8.208732e-07
559	9.957685e-06	-6.046596e-08	1.019967e-05	-5.375825e-07
560	1.030001e-05	2.820896e-07	1.073122e-05	-9.519603e-08
561	1.120740e-05	1.157986e-07	1.062693e-05	8.907670e-07
562	1.017389e-05	-1.087968e-07	1.021150e-05	-4.245386e-07
563	1.006263e-05	2.403025e-07	1.064203e-05	-2.638053e-07
564	1.117724e-05	2.030951e-07	1.069092e-05	9.216067e-07
565	1.043508e-05	-1.388448e-07	1.024771e-05	-2.802314e-07
566	9.890306e-06	1.682643e-07	1.054848e-05	-4.204006e-07
567	1.104683e-05	2.861866e-07	1.072966e-05	9.094512e-07
568	1.070368e-05	-1.305303e-07	1.030147e-05	-1.092076e-07
569	9.814725e-06	6.834336e-08	1.046666e-05	-5.569473e-07
570	1.083851e-05	3.453412e-07	1.074135e-05	8.526428e-07
571	1.093434e-05	-7.074104e-08	1.036661e-05	7.914083e-08
572	9.842831e-06	-3.873755e-08	1.040333e-05	-6.598439e-07
573	1.058191e-05	3.674656e-07	1.072839e-05	7.503473e-07
574	1.110097e-05	2.957949e-08	1.043763e-05	2.715627e-07
575	9.969715e-06	-1.279453e-07	1.036123e-05	-7.237381e-07
576	1.031331e-05	3.432958e-07	1.069412e-05	6.129946e-07
577	1.118069e-05	1.430973e-07	1.050427e-05	4.467180e-07
578	1.017380e-05	-1.823967e-07	1.034248e-05	-7.388627e-07
579	1.008371e-05	2.664463e-07	1.065038e-05	4.508024e-07
580	1.115907e-05	2.551785e-07	1.055979e-05	6.000022e-07
581	1.042454e-05	-1.907459e-07	1.034350e-05	-7.115713e-07
582	9.917927e-06	1.535294e-07	1.059349e-05	2.798958e-07
583	1.103893e-05	3.370783e-07	1.060404e-05	7.221225e-07
584	1.068016e-05	-1.469719e-07	1.036541e-05	-6.483320e-07
585	9.838104e-06	3.534267e-08	1.053413e-05	1.050376e-07
586	1.084739e-05	3.720355e-07	1.063115e-05	8.056060e-07
587	1.090306e-05	-5.542730e-08	1.040216e-05	-5.450215e-07
588	9.855231e-06	-6.993957e-08	1.047560e-05	-6.569631e-08
589	1.060541e-05	3.609070e-07	1.064434e-05	8.470413e-07
590	1.107324e-05	6.444955e-08	1.044751e-05	-4.096305e-07
591	9.967928e-06	-1.395249e-07	1.042249e-05	-2.199804e-07
592	1.034698e-05	2.970466e-07	1.064476e-05	8.452366e-07
593	1.115939e-05	1.817931e-07	1.049652e-05	-2.562095e-07
594	1.016606e-05	-1.537487e-07	1.037879e-05	-3.507079e-07
595	1.011289e-05	1.889684e-07	1.062673e-05	8.095316e-07
596	1.113819e-05	2.677666e-07	1.055254e-05	-9.369408e-08
597	1.041416e-05	-1.031800e-07	1.034803e-05	-4.508227e-07
598	9.948594e-06	6.681182e-08	1.059771e-05	7.315095e-07
599	1.100915e-05	2.999526e-07	1.060874e-05	7.058771e-08
600	1.067215e-05	-3.097159e-09	1.033039e-05	-5.131457e-07
601	9.880720e-06	-3.650687e-08	1.055863e-05	6.241479e-07
602	1.079352e-05	2.671868e-07	1.065910e-05	2.206158e-07
603	1.089163e-05	1.212952e-07	1.032729e-05	-5.389235e-07
604	9.931871e-06	-9.012038e-08	1.050904e-05	5.006461e-07
605	1.053487e-05	1.785678e-07	1.070441e-05	3.488478e-07
606	1.103416e-05	2.320028e-07	1.033572e-05	-5.288429e-07
607	1.009100e-05	-7.190446e-08	1.045733e-05	3.664962e-07
608	1.027867e-05	6.096717e-08	1.074187e-05	4.488504e-07
609	1.107356e-05	2.872918e-07	1.034857e-05	-4.852917e-07
610	1.032099e-05	1.166692e-08	1.040697e-05	2.365466e-07
611	1.007774e-05	-5.218311e-08	1.077202e-05	5.202164e-07
612	1.099568e-05	2.797278e-07	1.037825e-05	-4.228166e-07
613	1.057585e-05	1.374875e-07	1.034965e-05	1.179563e-07
614	9.967936e-06	-1.276478e-07	1.079239e-05	5.582479e-07
615	1.082188e-05	2.024599e-07	1.042103e-05	-3.438125e-07
616	1.080745e-05	2.658970e-07	1.029002e-05	1.340064e-08
617	9.965206e-06	-1.399250e-07	1.080401e-05	5.753410e-07
618	1.059099e-05	7.505795e-08	1.047379e-05	-2.544370e-07
619	1.097389e-05	3.660999e-07	1.023411e-05	-8.125580e-08
620	1.006832e-05	-8.159111e-08	1.079695e-05	5.691308e-07
621	1.034931e-05	-7.187152e-08	1.053680e-05	-1.565518e-07
622	1.105241e-05	4.020307e-07	1.019110e-05	-1.553109e-07
623	1.025392e-05	4.844183e-08	1.076714e-05	5.438167e-07
624	1.013778e-05	-1.979453e-07	1.060344e-05	-6.353380e-08
625	1.102596e-05	3.594359e-07	1.016515e-05	-2.142560e-07
626	1.048205e-05	2.185795e-07	1.072033e-05	5.038446e-07
627	9.997130e-06	-2.703124e-07	1.067058e-05	2.637704e-08
628	1.090077e-05	2.376131e-07	1.015423e-05	-2.551252e-07
629	1.070921e-05	3.845227e-07	1.065993e-05	4.550831e-07
630	9.956932e-06	-2.606507e-07	1.073215e-05	1.079571e-07
631	1.070847e-05	5.769421e-08	1.016350e-05	-2.844034e-07
632	1.088993e-05	5.035645e-07	1.058829e-05	3.973238e-07
633	1.001131e-05	-1.686481e-07	1.078499e-05	1.881711e-07
634	1.049199e-05	-1.360762e-07	1.018820e-05	-3.002995e-07
635	1.099551e-05	5.428291e-07	1.051279e-05	3.301158e-07
636	1.015058e-05	-1.631733e-09	1.082511e-05	2.648271e-07
637	1.028596e-05	-2.993482e-07	1.022750e-05	-3.025077e-07
638	1.101537e-05	4.867144e-07	1.044121e-05	2.505150e-07
639	1.033763e-05	2.061779e-07	1.085224e-05	3.357073e-07
640	1.013075e-05	-3.864491e-07	1.028000e-05	-2.815004e-07
641	1.095339e-05	3.407534e-07	1.037395e-05	1.619159e-07
642	1.053054e-05	4.091027e-07	1.086244e-05	3.906158e-07
643	1.005024e-05	-3.869984e-07	1.034022e-05	-2.378118e-07
644	1.082706e-05	1.388116e-07	1.031246e-05	7.286931e-08
645	1.069976e-05	5.619532e-07	1.085727e-05	4.290769e-07
646	1.004608e-05	-2.975393e-07	1.040751e-05	-1.815829e-07
647	1.066848e-05	-8.321544e-08	1.025577e-05	-1.363515e-08
648	1.081725e-05	6.348390e-07	1.083488e-05	4.523172e-07
649	1.010980e-05	-1.345289e-07	1.048229e-05	-1.155987e-07
650	1.050426e-05	-2.783774e-07	1.020637e-05	-9.311887e-08
651	1.086994e-05	6.144674e-07	1.080294e-05	4.556509e-07
652	1.023009e-05	7.358283e-08	1.055642e-05	-3.771231e-08
653	1.036398e-05	-4.093688e-07	1.016860e-05	-1.659420e-07
654	1.086069e-05	5.061972e-07	1.076365e-05	4.383504e-07
655	1.037219e-05	2.890281e-07	1.063228e-05	5.051117e-08
656	1.027347e-05	-4.588382e-07	1.014310e-05	-2.227231e-07
657	1.079306e-05	3.300545e-07	1.071515e-05	3.998405e-07
658	1.050928e-05	4.745013e-07	1.070619e-05	1.396304e-07
659	1.024669e-05	-4.231253e-07	1.012641e-05	-2.603482e-07
660	1.068913e-05	1.160012e-07	1.065724e-05	3.370979e-07
661	1.060612e-05	5.945246e-07	1.077731e-05	2.286595e-07
662	1.027530e-05	-3.026970e-07	1.012144e-05	-2.760134e-07
663	1.058224e-05	-9.146546e-08	1.058917e-05	2.563955e-07
664	1.064950e-05	6.283739e-07	1.084242e-05	3.140599e-07
665	1.034114e-05	-1.284606e-07	1.013229e-05	-2.674488e-07
666	1.049223e-05	-2.511113e-07	1.050916e-05	1.609689e-07
667	1.064617e-05	5.835188e-07	1.089724e-05	3.902923e-07
668	1.042356e-05	5.856579e-08	1.016734e-05	-2.352949e-07
669	1.043699e-05	-3.463970e-07	1.041848e-05	5.811296e-08
670	1.060490e-05	4.771748e-07	1.093721e-05	4.499574e-07
671	1.050070e-05	2.346161e-07	1.022874e-05	-1.740678e-07
672	1.042698e-05	-3.769805e-07	1.032272e-05	-5.231643e-08
673	1.054478e-05	3.294815e-07	1.095647e-05	4.812237e-07
674	1.054858e-05	3.816423e-07	1.030936e-05	-8.386129e-08
675	1.045510e-05	-3.490330e-07	1.023287e-05	-1.577450e-07
676	1.048510e-05	1.609496e-07	1.095145e-05	4.760801e-07
677	1.056037e-05	4.844003e-07	1.040556e-05	2.986545e-08
678	1.050782e-05	-2.680889e-07	1.015930e-05	-2.452528e-07
679	1.044577e-05	-6.717377e-09	1.092102e-05	4.315929e-07
680	1.052964e-05	5.359140e-07	1.050987e-05	1.560180e-07
681	1.056692e-05	-1.434316e-07	1.010540e-05	-3.085602e-07
682	1.043199e-05	-1.546954e-07	1.086419e-05	3.548571e-07
683	1.047798e-05	5.266566e-07	1.061867e-05	2.776588e-07
684	1.061395e-05	1.161513e-08	1.007127e-05	-3.368534e-07
685	1.045649e-05	-2.668742e-07	1.078179e-05	2.507267e-07
686	1.041284e-05	4.554672e-07	1.072350e-05	3.926224e-07
687	1.063118e-05	1.800813e-07	1.005982e-05	-3.282248e-07
688	1.051208e-05	-3.256982e-07	1.068260e-05	1.215095e-07
689	1.035876e-05	3.361574e-07	1.081546e-05	4.914644e-07
690	1.061096e-05	3.318542e-07	1.007435e-05	-2.778899e-07
691	1.058404e-05	-3.268716e-07	1.057550e-05	-2.372006e-08
692	1.032823e-05	1.830817e-07	1.088559e-05	5.602654e-07
693	1.055435e-05	4.569126e-07	1.011789e-05	-1.864171e-07
694	1.065496e-05	-2.727228e-07	1.046587e-05	-1.674285e-07
695	1.032744e-05	1.248183e-08	1.093669e-05	5.919561e-07
696	1.047509e-05	5.420334e-07	1.018553e-05	-6.880360e-08
697	1.072010e-05	-1.685227e-07	1.036237e-05	-2.988216e-07
698	1.035949e-05	-1.593280e-07	1.096078e-05	5.826381e-07
699	1.038243e-05	5.716139e-07	1.026982e-05	7.767040e-08
700	1.076374e-05	-1.596544e-08	1.026880e-05	-4.079423e-07
701	1.042430e-05	-3.142055e-07	1.095602e-05	5.266465e-07
702	1.028498e-05	5.351150e-07	1.036567e-05	2.353982e-07
703	1.077576e-05	1.718649e-07	1.019244e-05	-4.806689e-07
704	1.052540e-05	-4.282335e-07	1.092471e-05	4.276254e-07
705	1.019310e-05	4.313156e-07	1.046442e-05	3.927223e-07
706	1.073942e-05	3.756288e-07	1.013707e-05	-5.091637e-07
707	1.064963e-05	-4.755081e-07	1.087467e-05	2.924711e-07
708	1.012694e-05	2.549019e-07	1.055135e-05	5.341560e-07
709	1.065629e-05	5.664074e-07	1.011581e-05	-4.867259e-07
710	1.078431e-05	-4.386771e-07	1.080908e-05	1.301605e-07
711	1.010641e-05	2.988624e-08	1.062810e-05	6.411905e-07
712	1.052472e-05	7.053932e-07	1.011325e-05	-4.148285e-07
713	1.091189e-05	-3.186515e-07	1.073977e-05	-3.927426e-08
714	1.014888e-05	-2.118822e-07	1.069235e-05	7.103559e-07
715	1.035816e-05	7.659803e-07	1.012706e-05	-3.046978e-07
716	1.100105e-05	-1.199047e-07	1.066800e-05	-2.041577e-07
717	1.025725e-05	-4.277653e-07	1.073956e-05	7.377885e-07
718	1.017998e-05	7.283827e-07	1.015710e-05	-1.698352e-07
719	1.102490e-05	1.290667e-07	1.059872e-05	-3.495431e-07
720	1.042617e-05	-5.798370e-07	1.076757e-05	7.241504e-07
721	1.001809e-05	5.924569e-07	1.020424e-05	-1.482193e-08
722	1.096766e-05	3.979669e-07	1.052979e-05	-4.666136e-07
723	1.063928e-05	-6.433006e-07	1.077954e-05	6.681827e-07
724	9.904115e-06	3.680077e-07	1.026014e-05	1.527636e-07
725	1.083292e-05	6.364588e-07	1.047295e-05	-5.504785e-07
726	1.086522e-05	-6.001373e-07	1.077039e-05	5.760969e-07
727	9.874489e-06	8.750510e-08	1.031780e-05	3.188783e-07
728	1.062399e-05	8.024843e-07	1.043222e-05	-5.974180e-07
729	1.106823e-05	-4.447445e-07	1.074447e-05	4.540309e-07
730	9.939616e-06	-2.027190e-07	1.037540e-05	4.658171e-07
731	1.036468e-05	8.668617e-07	1.041282e-05	-5.998034e-07
732	1.119799e-05	-2.026164e-07	1.070426e-05	3.168832e-07
733	1.010841e-05	-4.424544e-07	1.043205e-05	5.822080e-07
734	1.010075e-05	8.114746e-07	1.040932e-05	-5.671697e-07
735	1.122286e-05	8.876721e-08	1.065744e-05	1.757973e-07
736	1.035881e-05	-6.039365e-07	1.047632e-05	6.710474e-07
737	9.875943e-06	6.416008e-07	1.042603e-05	-5.092344e-07
738	1.113100e-05	3.779677e-07	1.060846e-05	4.015501e-08
739	1.065954e-05	-6.534577e-07	1.050092e-05	7.350359e-07
740	9.743989e-06	3.869354e-07	1.045441e-05	-4.319071e-07
741	1.092149e-05	6.104893e-07	1.056207e-05	-9.262036e-08
742	1.096067e-05	-5.870220e-07	1.050820e-05	7.767902e-07
743	9.738222e-06	1.021273e-07	1.048785e-05	-3.349253e-07
744	1.061952e-05	7.578864e-07	1.052559e-05	-2.184298e-07
745	1.119817e-05	-4.186688e-07	1.050240e-05	7.908898e-07
746	9.872020e-06	-1.674009e-07	1.052081e-05	-2.212723e-07
747	1.027925e-05	8.007506e-07	1.050196e-05	-3.308454e-07
748	1.131923e-05	-1.835865e-07	1.048565e-05	7.741142e-07
749	1.012799e-05	-3.790961e-07	1.055313e-05	-9.783687e-08
750	9.962294e-06	7.335312e-07	1.049612e-05	-4.242962e-07
751	1.129709e-05	7.438448e-08	1.045503e-05	7.347320e-07
752	1.046681e-05	-5.061920e-07	1.058248e-05	2.612344e-08
753	9.728349e-06	5.791709e-07	1.050802e-05	-4.985207e-07
754	1.112509e-05	3.161799e-07	1.041924e-05	6.796614e-07
755	1.083247e-05	-5.432373e-07	1.060298e-05	1.477879e-07
756	9.623248e-06	3.705383e-07	1.053657e-05	-5.519141e-07
757	1.082722e-05	5.102835e-07	1.037565e-05	6.040578e-07
758	1.116464e-05	-4.901061e-07	1.061066e-05	2.672512e-07
759	9.672271e-06	1.434610e-07	1.057484e-05	-5.848619e-07
760	1.044952e-05	6.311268e-07	1.033785e-05	5.190171e-07
761	1.140050e-05	-3.619594e-07	1.059806e-05	3.790586e-07
762	9.883067e-06	-6.740703e-08	1.062572e-05	-5.996679e-07
763	1.005260e-05	6.648258e-07	1.031007e-05	4.235570e-07
764	1.148648e-05	-1.892695e-07	1.056804e-05	4.819112e-07
765	1.022463e-05	-2.247512e-07	1.067579e-05	-5.966737e-07
766	9.712200e-06	6.227227e-07	1.029486e-05	3.208285e-07
767	1.139820e-05	-9.894651e-09	1.052791e-05	5.746925e-07
768	1.063755e-05	-3.219710e-07	1.072126e-05	-5.745719e-07
769	9.486858e-06	5.320673e-07	1.029594e-05	2.077849e-07
770	1.114702e-05	1.533724e-07	1.048249e-05	6.584817e-07
771	1.105446e-05	-3.631317e-07	1.075807e-05	-5.362961e-07
772	9.425772e-06	4.142208e-07	1.031163e-05	8.225884e-08
773	1.076375e-05	2.886301e-07	1.043257e-05	7.387372e-07
774	1.140655e-05	-3.654164e-07	1.078744e-05	-4.801768e-07
775	9.545620e-06	2.811402e-07	1.033591e-05	-5.076601e-08
776	1.031911e-05	3.960692e-07	1.038347e-05	8.016915e-07
777	1.162494e-05	-3.282193e-07	1.080668e-05	-3.987165e-07
778	9.833267e-06	1.451311e-07	1.037137e-05	-1.914612e-07
779	9.885951e-06	4.689909e-07	1.033616e-05	8.449746e-07
780	1.166803e-05	-2.547068e-07	1.081691e-05	-2.937118e-07
781	1.023929e-05	1.756359e-08	1.040913e-05	-3.308812e-07
782	9.536444e-06	5.029300e-07	1.029058e-05	8.571391e-07
783	1.152571e-05	-1.561660e-07	1.081905e-05	-1.646867e-07
784	1.069717e-05	-9.294482e-08	1.044820e-05	-4.621185e-07
785	9.327684e-06	4.935661e-07	1.025090e-05	8.403549e-07
786	1.121678e-05	-3.886322e-08	1.081337e-05	-1.742625e-08
787	1.113777e-05	-1.820051e-07	1.048990e-05	-5.819490e-07
788	9.298678e-06	4.486215e-07	1.021863e-05	7.948890e-07
789	1.079314e-05	8.148638e-08	1.080270e-05	1.466956e-07
790	1.149108e-05	-2.437969e-07	1.053567e-05	-6.835250e-07
791	9.454505e-06	3.762326e-07	1.018477e-05	7.148141e-07
792	1.032343e-05	2.007041e-07	1.078888e-05	3.203466e-07
793	1.169650e-05	-2.701743e-07	1.058959e-05	-7.512478e-07
794	9.771194e-06	2.781538e-07	1.015065e-05	5.951026e-07
795	9.877593e-06	3.149729e-07	1.076438e-05	4.912282e-07
796	1.172325e-05	-2.598565e-07	1.064904e-05	-7.794049e-07
797	1.019511e-05	1.595188e-07	1.012039e-05	4.484575e-07
798	9.524350e-06	4.101622e-07	1.072829e-05	6.525885e-07
799	1.156974e-05	-2.095533e-07	1.071277e-05	-7.654450e-07
800	1.066335e-05	1.898135e-08	1.009913e-05	2.729593e-07
801	9.312532e-06	4.712827e-07	1.067794e-05	7.920502e-07
802	1.126287e-05	-1.117428e-07	1.078170e-05	-7.026296e-07
803	1.111264e-05	-1.280879e-07	1.009051e-05	7.992812e-08
804	9.267314e-06	4.861932e-07	1.060931e-05	8.986888e-07
805	1.084263e-05	2.068090e-08	1.085225e-05	-5.954410e-07
806	1.148060e-05	-2.533178e-07	1.009822e-05	-1.180920e-07
807	9.405123e-06	4.378796e-07	1.052432e-05	9.590973e-07
808	1.037501e-05	1.847026e-07	1.092512e-05	-4.493024e-07
809	1.170635e-05	-3.299979e-07	1.012383e-05	-3.074207e-07
810	9.700585e-06	3.300332e-07	1.041996e-05	9.639453e-07
811	9.923312e-06	3.501701e-07	1.098986e-05	-2.655518e-07
812	1.176522e-05	-3.427758e-07	1.017688e-05	-4.683599e-07
813	1.010820e-05	1.776482e-07	1.030798e-05	9.159907e-07
814	9.545151e-06	4.925386e-07	1.103172e-05	-6.717477e-08
815	1.164533e-05	-2.915550e-07	1.025446e-05	-5.912185e-07
816	1.057863e-05	-5.078346e-09	1.019740e-05	8.208660e-07
817	9.296423e-06	5.809893e-07	1.104986e-05	1.322174e-07
818	1.136659e-05	-1.810249e-07	1.035518e-05	-6.667998e-07
819	1.104331e-05	-1.858597e-07	1.008736e-05	6.900597e-07
820	9.217090e-06	6.043781e-07	1.104315e-05	3.188387e-07
821	1.096308e-05	-2.443553e-08	1.047321e-05	-6.933019e-07
822	1.144160e-05	-3.373987e-07	9.988280e-06	5.292368e-07
823	9.313416e-06	5.554580e-07	1.100908e-05	4.820273e-07
824	1.049023e-05	1.669660e-07	1.060818e-05	-6.753354e-07
825	1.171934e-05	-4.355868e-07	9.901808e-06	3.561010e-07
826	9.570750e-06	4.436505e-07	1.094459e-05	6.111717e-07
827	1.001268e-05	3.554290e-07	1.075446e-05	-6.158116e-07
828	1.182798e-05	-4.604022e-07	9.842376e-06	1.818043e-07
829	9.962987e-06	2.852393e-07	1.084780e-05	6.969009e-07
830	9.592483e-06	5.125022e-07	1.090732e-05	-5.143881e-07
831	1.174900e-05	-4.196808e-07	9.810595e-06	2.007805e-08
832	1.044593e-05	1.005345e-07	1.072046e-05	7.318937e-07
833	9.297229e-06	6.184967e-07	1.105285e-05	-3.890720e-07
834	1.148973e-05	-3.247441e-07	9.812697e-06	-1.155611e-07
835	1.094233e-05	-8.992037e-08	1.056732e-05	7.224858e-07
836	9.174071e-06	6.633728e-07	1.118209e-05	-2.553048e-07
837	1.108975e-05	-1.800376e-07	9.853960e-06	-2.143766e-07
838	1.137995e-05	-2.540914e-07	1.039430e-05	6.803248e-07
839	9.250167e-06	6.469906e-07	1.128661e-05	-1.277417e-07
840	1.059955e-05	-1.277090e-08	9.938183e-06	-2.814162e-07
841	1.168387e-05	-3.693538e-07	1.021234e-05	6.195548e-07
842	9.517803e-06	5.785891e-07	1.135881e-05	-1.174129e-08
843	1.009498e-05	1.616328e-07	1.006130e-05	-3.239367e-07
844	1.179808e-05	-4.368871e-07	1.003594e-05	5.468782e-07
845	9.941783e-06	4.664637e-07	1.138882e-05	8.991711e-08
846	9.659221e-06	3.251469e-07	1.021529e-05	-3.423981e-07
847	1.169783e-05	-4.545609e-07	9.872290e-06	4.645957e-07
848	1.044807e-05	3.160534e-07	1.137784e-05	1.698395e-07
849	9.366283e-06	4.668789e-07	1.039578e-05	-3.345626e-07
850	1.140702e-05	-4.213376e-07	9.722753e-06	3.840221e-07
851	1.095150e-05	1.476865e-07	1.132483e-05	2.249411e-07
852	9.271077e-06	5.720327e-07	1.059611e-05	-3.092280e-07
853	1.097467e-05	-3.391560e-07	9.603623e-06	3.146812e-07
854	1.136593e-05	-3.007622e-08	1.123008e-05	2.559162e-07
855	9.392524e-06	6.331382e-07	1.080210e-05	-2.716105e-07
856	1.047704e-05	-2.091864e-07	9.521350e-06	2.541096e-07
857	1.162764e-05	-1.984958e-07	1.108960e-05	2.753150e-07
858	9.693377e-06	6.423590e-07	1.101096e-05	-2.289625e-07
859	9.999485e-06	-4.805260e-08	9.481405e-06	2.092007e-07
860	1.169298e-05	-3.383903e-07	1.090938e-05	2.790185e-07
861	1.012616e-05	5.932381e-07	1.120863e-05	-1.927293e-07
862	9.611894e-06	1.395983e-07	9.492704e-06	1.818013e-07
863	1.155243e-05	-4.390322e-07	1.069793e-05	2.731354e-07
864	1.061290e-05	4.864309e-07	1.137375e-05	-1.658072e-07
865	9.381878e-06	3.320695e-07	9.562908e-06	1.672735e-07
866	1.123699e-05	-4.891628e-07	1.047014e-05	2.641471e-07
867	1.107205e-05	3.251913e-07	1.149759e-05	-1.489971e-07
868	9.345570e-06	5.140478e-07	9.679012e-06	1.612206e-07
869	1.081001e-05	-4.761838e-07	1.024812e-05	2.572297e-07
870	1.143202e-05	1.196662e-07	1.157161e-05	-1.408047e-07
871	9.501546e-06	6.644466e-07	9.836359e-06	1.553090e-07
872	1.034140e-05	-3.894246e-07	1.004291e-05	2.625482e-07
873	1.163199e-05	-1.088541e-07	1.159106e-05	-1.408415e-07
874	9.818077e-06	7.582069e-07	1.002329e-05	1.450430e-07
875	9.907209e-06	-2.186849e-07	9.862322e-06	2.750900e-07
876	1.164089e-05	-3.334879e-07	1.156001e-05	-1.451972e-07
877	1.023426e-05	7.625637e-07	1.022887e-05	1.302622e-07
878	9.583393e-06	1.630372e-08	9.718267e-06	2.971995e-07
879	1.146796e-05	-5.153818e-07	1.148462e-05	-1.493425e-07
880	1.067970e-05	6.689206e-07	1.043924e-05	1.032827e-07
881	9.412404e-06	2.787891e-07	9.610266e-06	3.261238e-07
882	1.115754e-05	-6.269306e-07	1.137446e-05	-1.473637e-07
883	1.108196e-05	4.821550e-07	1.064448e-05	6.793173e-08
884	9.413394e-06	5.276371e-07	9.541751e-06	3.553944e-07
885	1.076460e-05	-6.386594e-07	1.123400e-05	-1.354427e-07
886	1.138042e-05	2.331267e-07	1.083369e-05	2.010591e-08
887	9.586249e-06	7.265978e-07	9.517055e-06	3.865341e-07
888	1.035318e-05	-5.468780e-07	1.107262e-05	-1.119632e-07
889	1.152709e-05	-4.307927e-08	1.099606e-05	-3.656732e-08
890	9.881332e-06	8.519204e-07	9.528596e-06	4.096415e-07
891	9.989705e-06	-3.607817e-07	1.090008e-05	-7.410495e-08
892	1.150800e-05	-3.073001e-07	1.113556e-05	-8.812685e-08
893	1.024620e-05	8.700450e-07	9.575227e-06	4.139181e-07
894	9.727849e-06	-1.034244e-07	1.071493e-05	-2.069147e-08
895	1.134262e-05	-5.218857e-07	1.124501e-05	-1.360221e-07
896	1.062352e-05	7.740690e-07	9.660981e-06	4.082510e-07
897	9.598667e-06	1.902591e-07	1.053053e-05	3.923425e-08
898	1.106884e-05	-6.527735e-07	1.132305e-05	-1.777514e-07
899	1.095184e-05	5.719384e-07	9.774572e-06	3.835880e-07
900	9.615165e-06	4.737257e-07	1.035670e-05	9.924664e-08
901	1.073777e-05	-6.641510e-07	1.136341e-05	-2.010952e-07
902	1.118394e-05	2.952167e-07	9.912991e-06	3.438271e-07
903	9.761019e-06	6.970193e-07	1.019338e-05	1.543817e-07
904	1.040302e-05	-5.590972e-07	1.137050e-05	-2.096884e-07
905	1.129579e-05	-6.509057e-09	1.006623e-05	2.906819e-07
906	1.000788e-05	8.233959e-07	1.005211e-05	2.020090e-07
907	1.011642e-05	-3.502406e-07	1.134567e-05	-2.015180e-07
908	1.127311e-05	-2.842457e-07	1.022633e-05	2.373470e-07
909	1.030295e-05	8.214108e-07	9.929536e-06	2.314035e-07
910	9.918406e-06	-7.418154e-08	1.129260e-05	-1.743350e-07
911	1.113921e-05	-4.900824e-07	1.039663e-05	1.930127e-07
912	1.059245e-05	6.993117e-07	9.832485e-06	2.409175e-07
913	9.822740e-06	2.234205e-07	1.120596e-05	-1.414169e-07
914	1.093247e-05	-5.961826e-07	1.056989e-05	1.580553e-07
915	1.083822e-05	4.781794e-07	9.766010e-06	2.413122e-07
916	9.835863e-06	4.918102e-07	1.109863e-05	-1.123161e-07
917	1.068484e-05	-5.835128e-07	1.073260e-05	1.369748e-07
918	1.101066e-05	2.078321e-07	9.731569e-06	2.345638e-07
919	9.938452e-06	6.918650e-07	1.096847e-05	-9.151299e-08
920	1.044157e-05	-4.688168e-07	1.088179e-05	1.281869e-07
921	1.110032e-05	-7.351264e-08	9.728686e-06	2.240462e-07
922	1.010624e-05	7.914245e-07	1.082282e-05	-8.041987e-08
923	1.022830e-05	-2.613321e-07	1.101212e-05	1.294085e-07
924	1.110720e-05	-3.270085e-07	9.758432e-06	2.162190e-07
925	1.030659e-05	7.757522e-07	1.066532e-05	-7.937366e-08
926	1.006443e-05	-1.768763e-09	1.112081e-05	1.344566e-07
927	1.103778e-05	-5.099388e-07	9.822334e-06	2.184396e-07
928	1.051924e-05	6.559680e-07	1.050338e-05	-8.934934e-08
929	9.966544e-06	2.703235e-07	1.120311e-05	1.394159e-07
930	1.090396e-05	-5.995415e-07	9.914742e-06	2.345651e-07
931	1.071884e-05	4.601608e-07	1.033759e-05	-1.139474e-07
932	9.948389e-06	5.130156e-07	1.125748e-05	1.357498e-07
933	1.072257e-05	-5.946144e-07	1.003362e-05	2.684628e-07
934	1.087561e-05	2.153612e-07	1.017732e-05	-1.413567e-07
935	1.000547e-05	6.960114e-07	1.127702e-05	1.175595e-07
936	1.052902e-05	-4.940234e-07	1.017560e-05	3.178637e-07
937	1.096957e-05	-4.301689e-08	1.003221e-05	-1.596578e-07
938	1.013006e-05	7.986928e-07	1.126089e-05	7.519256e-08
939	1.035190e-05	-3.283292e-07	1.033960e-05	3.755145e-07
940	1.097724e-05	-2.711380e-07	9.909243e-06	-1.581210e-07
941	1.030423e-05	8.101278e-07	1.120546e-05	1.168292e-08
942	1.021144e-05	-1.088109e-07	1.051253e-05	4.257533e-07
943	1.090365e-05	-4.527142e-07	9.813808e-06	-1.301414e-07
944	1.049472e-05	7.361533e-07	1.111559e-05	-6.825034e-08
945	1.013873e-05	1.338066e-07	1.068025e-05	4.619843e-07
946	1.076206e-05	-5.682770e-07	9.757527e-06	-7.942884e-08
947	1.066179e-05	5.872634e-07	1.099643e-05	-1.547675e-07
948	1.015561e-05	3.676891e-07	1.083976e-05	4.876410e-07
949	1.058752e-05	-6.036041e-07	9.734389e-06	-1.020202e-08
950	1.077047e-05	3.773841e-07	1.085092e-05	-2.420610e-07
951	1.025060e-05	5.671998e-07	1.098846e-05	4.900820e-07
952	1.042358e-05	-5.570590e-07	9.747170e-06	8.304732e-08
953	1.079246e-05	1.398204e-07	1.069256e-05	-3.230848e-07
954	1.040138e-05	7.055122e-07	1.111188e-05	4.661581e-07
955	1.030724e-05	-4.284034e-07	9.801302e-06	1.938521e-07
956	1.072273e-05	-9.527022e-08	1.052313e-05	-3.927343e-07
957	1.056351e-05	7.619391e-07	1.120850e-05	4.149132e-07
958	1.026316e-05	-2.343205e-07	9.891735e-06	3.127482e-07
959	1.059316e-05	-2.974927e-07	1.034912e-05	-4.431261e-07
960	1.069211e-05	7.267542e-07	1.127571e-05	3.311458e-07
961	1.029711e-05	-2.424222e-09	1.001300e-05	4.363744e-07
962	1.044136e-05	-4.430963e-07	1.017704e-05	-4.644092e-07
963	1.075967e-05	6.057433e-07	1.129854e-05	2.159720e-07
964	1.040167e-05	2.371920e-07	1.016261e-05	5.592101e-07
965	1.030722e-05	-5.160547e-07	1.002844e-05	-4.577525e-07
966	1.074536e-05	4.230655e-07	1.127177e-05	8.135960e-08
967	1.054306e-05	4.522435e-07	1.033039e-05	6.667632e-07
968	1.022659e-05	-4.980178e-07	9.912114e-06	-4.113564e-07
969	1.065846e-05	1.980202e-07	1.120038e-05	-6.793806e-08
970	1.068270e-05	6.092892e-07	1.050407e-05	7.472130e-07
971	1.022036e-05	-3.919695e-07	9.839431e-06	-3.252504e-07
972	1.051914e-05	-3.692443e-08	1.108845e-05	-2.212576e-07
973	1.078642e-05	6.862125e-07	1.067237e-05	7.905174e-07
974	1.028786e-05	-2.112372e-07	9.809324e-06	-1.997442e-07
975	1.036509e-05	-2.473080e-07	1.094688e-05	-3.699961e-07
976	1.082433e-05	6.589668e-07	1.082441e-05	7.901951e-07
977	1.041852e-05	1.677515e-08	9.823079e-06	-4.649659e-08
978	1.023644e-05	-3.946220e-07	1.078540e-05	-4.998118e-07
979	1.078812e-05	5.384083e-07	1.094874e-05	7.384942e-07
980	1.057345e-05	2.511637e-07	9.875586e-06	1.300395e-07
981	1.017257e-05	-4.593953e-07	1.061961e-05	-5.983933e-07
982	1.068094e-05	3.552952e-07	1.103938e-05	6.437741e-07
983	1.071787e-05	4.474843e-07	9.962089e-06	3.102050e-07
984	1.018128e-05	-4.269287e-07	1.045866e-05	-6.581727e-07
985	1.052570e-05	1.428077e-07	1.108688e-05	5.132312e-07
986	1.082241e-05	5.710137e-07	1.008042e-05	4.798626e-07
987	1.026378e-05	-3.095489e-07	1.031176e-05	-6.715745e-07
988	1.035335e-05	-6.132817e-08	1.108891e-05	3.525965e-07
989	1.085191e-05	6.120516e-07	1.021831e-05	6.253801e-07
990	1.041339e-05	-1.430118e-07	1.019263e-05	-6.356452e-07
991	1.020935e-05	-2.239917e-07	1.105515e-05	1.776818e-07
992	1.080043e-05	5.692343e-07	1.036525e-05	7.357827e-07
993	1.059412e-05	4.524424e-08	1.010022e-05	-5.535427e-07
994	1.012919e-05	-3.226775e-07	1.098107e-05	3.932605e-09
995	1.067948e-05	4.526963e-07	1.052513e-05	7.993923e-07
996	1.076553e-05	2.260506e-07	1.004371e-05	-4.298237e-07
997	1.013252e-05	-3.440931e-07	1.087359e-05	-1.616962e-07
998	1.050424e-05	2.949626e-07	1.067227e-05	8.162088e-07
999	1.089533e-05	3.665706e-07	1.002969e-05	-2.786708e-07
1000	1.021825e-05	-2.918338e-07	1.074039e-05	-3.026262e-07
1001	1.030569e-05	1.240245e-07	1.079744e-05	7.883532e-07
1002	1.095067e-05	4.421654e-07	1.005427e-05	-1.173672e-07
1003	1.038053e-05	-1.806258e-07	1.059492e-05	-4.103098e-07
1004	1.012498e-05	-2.724683e-08	1.089258e-05	7.165304e-07
1005	1.091811e-05	4.459446e-07	1.011536e-05	4.540320e-08
1006	1.059075e-05	-3.860977e-08	1.045341e-05	-4.794992e-07
1007	9.999213e-06	-1.320583e-07	1.094657e-05	6.139403e-07
1008	1.079450e-05	3.795672e-07	1.020505e-05	1.984116e-07
1009	1.081408e-05	1.050596e-07	1.032623e-05	-5.100962e-07
1010	9.961483e-06	-1.706871e-07	1.096645e-05	4.951517e-07
1011	1.059216e-05	2.688380e-07	1.031272e-05	3.254175e-07
1012	1.100027e-05	2.191689e-07	1.021567e-05	-5.031151e-07
1013	1.003680e-05	-1.432158e-07	1.095421e-05	3.686002e-07
1014	1.034672e-05	1.394082e-07	1.043067e-05	4.285848e-07
1015	1.110485e-05	2.847228e-07	1.013136e-05	-4.691936e-07
1016	1.020667e-05	-6.487810e-08	1.090781e-05	2.402956e-07
1017	1.011159e-05	2.835260e-08	1.054696e-05	5.072506e-07
1018	1.110246e-05	2.907023e-07	1.007830e-05	-4.137956e-07
1019	1.044594e-05	3.310726e-08	1.083792e-05	1.194339e-07
1020	9.938446e-06	-4.645735e-08	1.066037e-05	5.558280e-07
1021	1.099043e-05	2.457930e-07	1.005470e-05	-3.441393e-07
1022	1.070347e-05	1.327587e-07	1.074709e-05	1.117090e-08
1023	9.866033e-06	-7.254169e-08	1.076131e-05	5.767456e-07
1024	1.078807e-05	1.630910e-07	1.005838e-05	-2.593110e-07
1025	1.092597e-05	2.086533e-07	1.064642e-05	-8.607969e-08
1026	9.904851e-06	-4.491438e-08	1.084718e-05	5.767903e-07
1027	1.054123e-05	7.405952e-08	1.008487e-05	-1.661804e-07
1028	1.107270e-05	2.466795e-07	1.053956e-05	-1.708867e-07
1029	1.004117e-05	2.041805e-08	1.091523e-05	5.568434e-07
1030	1.028686e-05	1.939372e-09	1.012841e-05	-6.709053e-08
1031	1.112589e-05	2.361004e-07	1.043613e-05	-2.380454e-07
1032	1.024744e-05	9.305175e-08	1.096405e-05	5.241578e-07
1033	1.007217e-05	-3.133272e-08	1.018315e-05	3.281168e-08
1034	1.108090e-05	1.862611e-07	1.033944e-05	-2.877092e-07
1035	1.049331e-05	1.569176e-07	1.099077e-05	4.753011e-07
1036	9.930152e-06	-2.842421e-08	1.025491e-05	1.350048e-07
1037	1.094902e-05	1.199228e-07	1.024791e-05	-3.273208e-07
1038	1.074355e-05	1.899245e-07	1.099674e-05	4.170403e-07
1039	9.872013e-06	1.257257e-08	1.034035e-05	2.324772e-07
1040	1.075170e-05	6.003550e-08	1.016450e-05	-3.567855e-07
1041	1.095904e-05	1.841248e-07	1.098009e-05	3.435658e-07
1042	9.903880e-06	7.600666e-08	1.043845e-05	3.245819e-07
1043	1.051921e-05	2.224701e-08	1.009384e-05	-3.645357e-07
1044	1.110963e-05	1.509078e-07	1.094201e-05	2.514523e-07
1045	1.001699e-05	1.370133e-07	1.054442e-05	4.080155e-07
1046	1.027520e-05	1.775173e-08	1.004093e-05	-3.477812e-07
1047	1.118621e-05	9.795287e-08	1.088769e-05	1.478421e-07
1048	1.020455e-05	1.746837e-07	1.064578e-05	4.786033e-07
1049	1.004151e-05	5.133958e-08	1.000732e-05	-3.121789e-07
1050	1.117923e-05	3.623222e-08	1.081949e-05	4.332179e-08
1051	1.044601e-05	1.865981e-07	1.074159e-05	5.335730e-07
1052	9.853150e-06	1.093514e-07	9.997274e-06	-2.536331e-07
1053	1.107954e-05	-1.560747e-08	1.073758e-05	-6.247245e-08
1054	1.072148e-05	1.661166e-07	1.082520e-05	5.718436e-07
1055	9.733572e-06	1.771396e-07	1.000716e-05	-1.770731e-07
1056	1.089009e-05	-4.119249e-08	1.064656e-05	-1.667342e-07
1057	1.099971e-05	1.120874e-07	1.089647e-05	5.911523e-07
1058	9.712942e-06	2.464836e-07	1.003289e-05	-8.764441e-08
1059	1.061709e-05	-3.877844e-08	1.055243e-05	-2.662478e-07
1060	1.123298e-05	3.854827e-08	1.095309e-05	5.878367e-07
1061	9.814494e-06	2.971045e-07	1.007185e-05	1.703062e-08
1062	1.029563e-05	-3.749860e-09	1.045696e-05	-3.596007e-07
1063	1.137590e-05	-4.029631e-08	1.099917e-05	5.616117e-07
1064	1.003702e-05	3.167003e-07	1.012957e-05	1.341300e-07
1065	9.974270e-06	6.358543e-08	1.035699e-05	-4.366702e-07
1066	1.139325e-05	-1.146485e-07	1.102866e-05	5.113605e-07
1067	1.035607e-05	3.023733e-07	1.020803e-05	2.602881e-07
1068	9.713481e-06	1.544618e-07	1.025650e-05	-4.941771e-07
1069	1.126630e-05	-1.758788e-07	1.103702e-05	4.313104e-07
1070	1.072062e-05	2.567231e-07	1.030605e-05	3.936004e-07
1071	9.565982e-06	2.569172e-07	1.015952e-05	-5.243130e-07
1072	1.101050e-05	-2.073230e-07	1.102433e-05	3.206863e-07
1073	1.106797e-05	1.761194e-07	1.041499e-05	5.310110e-07
1074	9.564054e-06	3.539487e-07	1.007660e-05	-5.272997e-07
1075	1.065944e-05	-2.028065e-07	1.098756e-05	1.813312e-07
1076	1.133919e-05	6.773733e-08	1.052938e-05	6.569320e-07
1077	9.715174e-06	4.360536e-07	1.001154e-05	-4.953645e-07
1078	1.027175e-05	-1.546174e-07	1.092657e-05	1.972690e-08
1079	1.147815e-05	-5.983800e-08	1.065176e-05	7.625309e-07
1080	1.000020e-05	4.846785e-07	9.966465e-06	-4.151243e-07
1081	9.916183e-06	-5.530804e-08	1.084220e-05	-1.582741e-07
1082	1.145404e-05	-1.885262e-07	1.077263e-05	8.267424e-07
1083	1.037100e-05	4.822955e-07	9.944493e-06	-2.933143e-07
1084	9.654137e-06	9.008385e-08	1.073720e-05	-3.342929e-07
1085	1.127553e-05	-3.017204e-07	1.088664e-05	8.447659e-07
1086	1.076764e-05	4.209249e-07	9.951197e-06	-1.306018e-07
1087	9.528572e-06	2.622960e-07	1.061309e-05	-4.943680e-07
1088	1.097069e-05	-3.727515e-07	1.098830e-05	8.120076e-07
1089	1.112798e-05	2.906821e-07	9.991175e-06	6.245292e-08
1090	9.570556e-06	4.340910e-07	1.047817e-05	-6.241527e-07
1091	1.058257e-05	-3.737985e-07	1.106634e-05	7.260530e-07
1092	1.138126e-05	1.066380e-07	1.005915e-05	2.737323e-07
1093	9.773912e-06	5.738472e-07	1.033702e-05	-7.088835e-07
1094	1.018606e-05	-2.956466e-07	1.112508e-05	5.825652e-07
1095	1.147610e-05	-1.006829e-07	1.015437e-05	4.877082e-07
1096	1.009450e-05	6.535309e-07	1.019170e-05	-7.430243e-07
1097	9.849266e-06	-1.356422e-07	1.114929e-05	3.924735e-07
1098	1.140897e-05	-3.014562e-07	1.027846e-05	6.844201e-07
1099	1.047489e-05	6.452935e-07	1.006161e-05	-7.187906e-07
1100	9.621950e-06	8.358200e-08	1.113209e-05	1.707313e-07
1101	1.119764e-05	-4.596493e-07	1.042447e-05	8.456960e-07
1102	1.086018e-05	5.435351e-07	9.953422e-06	-6.366786e-07
1103	9.538801e-06	3.242166e-07	1.108105e-05	-6.915520e-08
1104	1.087672e-05	-5.388453e-07	1.057423e-05	9.644371e-07
1105	1.118749e-05	3.542939e-07	9.884548e-06	-4.948511e-07
1106	9.611006e-06	5.460766e-07	1.098840e-05	-3.071714e-07
1107	1.049694e-05	-5.208104e-07	1.071739e-05	1.026996e-06
1108	1.140805e-05	1.070028e-07	9.859530e-06	-3.099630e-07
1109	9.823679e-06	7.167734e-07	1.086627e-05	-5.244499e-07
1110	1.011565e-05	-4.018358e-07	1.084625e-05	1.024631e-06
1111	1.148227e-05	-1.614725e-07	9.870306e-06	-9.083136e-08
1112	1.014984e-05	8.032925e-07	1.072927e-05	-7.040722e-07
1113	9.796760e-06	-1.917355e-07	1.094748e-05	9.583065e-07
1114	1.139027e-05	-4.084434e-07	9.916238e-06	1.484239e-07
1115	1.053184e-05	7.822684e-07	1.058871e-05	-8.425818e-07
1116	9.598114e-06	7.831873e-08	1.101339e-05	8.369773e-07
1117	1.115889e-05	-5.934912e-07	9.993777e-06	3.903812e-07
1118	1.090385e-05	6.461661e-07	1.045815e-05	-9.298064e-07
1119	9.552526e-06	3.680247e-07	1.104703e-05	6.678478e-07
1120	1.082779e-05	-6.750162e-07	1.008924e-05	6.183377e-07
1121	1.119643e-05	4.145241e-07	1.034501e-05	-9.567342e-07
1122	9.667433e-06	6.309543e-07	1.105142e-05	4.614795e-07
1123	1.045529e-05	-6.414104e-07	1.019893e-05	8.207639e-07
1124	1.135920e-05	1.208334e-07	1.025487e-05	-9.244820e-07
1125	9.912888e-06	8.248611e-07	1.102842e-05	2.307899e-07
1126	1.011288e-05	-4.879468e-07	1.030541e-05	9.915908e-07
1127	1.137219e-05	-1.933926e-07	1.019098e-05	-8.412187e-07
1128	1.023119e-05	9.093583e-07	1.098373e-05	-8.607019e-09
1129	9.859202e-06	-2.302057e-07	1.040396e-05	1.122081e-06
1130	1.125345e-05	-4.774251e-07	1.015178e-05	-7.102150e-07
1131	1.056910e-05	8.587637e-07	1.092462e-05	-2.451681e-07
1132	9.725016e-06	9.337951e-08	1.048742e-05	1.198248e-06
1133	1.102542e-05	-6.739120e-07	1.013857e-05	-5.375027e-07
1134	1.087069e-05	6.775142e-07	1.085309e-05	-4.705522e-07
1135	9.723328e-06	4.262590e-07	1.056144e-05	1.218881e-06
1136	1.073567e-05	-7.422408e-07	1.014112e-05	-3.349315e-07
1137	1.109061e-05	3.929629e-07	1.077690e-05	-6.683175e-07
1138	9.835544e-06	7.092698e-07	1.062383e-05	1.186115e-06
1139	1.043711e-05	-6.650002e-07	1.016136e-05	-1.139996e-07
1140	1.120694e-05	5.213333e-08	1.070262e-05	-8.333996e-07
1141	1.003560e-05	8.950770e-07	1.066947e-05	1.105094e-06
1142	1.017336e-05	-4.559228e-07	1.019454e-05	1.176771e-07
1143	1.121306e-05	-2.865847e-07	1.063599e-05	-9.570446e-07
1144	1.028520e-05	9.434740e-07	1.069609e-05	9.797724e-07
1145	9.977433e-06	-1.508485e-07	1.023632e-05	3.538741e-07
1146	1.112339e-05	-5.624964e-07	1.057896e-05	-1.035577e-06
1147	1.054776e-05	8.389941e-07	1.070479e-05	8.127235e-07
1148	9.863208e-06	2.004323e-07	1.027779e-05	5.777619e-07
1149	1.095828e-05	-7.256625e-07	1.053925e-05	-1.063554e-06
1150	1.079071e-05	6.060147e-07	1.069821e-05	6.189969e-07
1151	9.833089e-06	5.329687e-07	1.031880e-05	7.775800e-07
1152	1.073939e-05	-7.476107e-07	1.051301e-05	-1.044172e-06
1153	1.099388e-05	2.877574e-07	1.067513e-05	4.081833e-07
1154	9.886360e-06	7.946892e-07	1.035773e-05	9.404391e-07
1155	1.049421e-05	-6.272163e-07	1.050450e-05	-9.802172e-07
1156	1.113655e-05	-5.772585e-08	1.065022e-05	1.904330e-07
1157	1.001759e-05	9.392242e-07	1.038276e-05	1.069038e-06
1158	1.024228e-05	-3.871580e-07	1.051105e-05	-8.803027e-07
1159	1.120295e-05	-3.814406e-07	1.062490e-05	-2.469547e-08
1160	1.022812e-05	9.458374e-07	1.039192e-05	1.160837e-06
1161	1.001421e-05	-7.145294e-08	1.052745e-05	-7.464341e-07
1162	1.116900e-05	-6.280014e-07	1.061021e-05	-2.315528e-07
1163	1.049172e-05	8.154111e-07	1.038783e-05	1.214943e-06
1164	9.843625e-06	2.709812e-07	1.054430e-05	-5.872668e-07
1165	1.103097e-05	-7.589702e-07	1.060520e-05	-4.215286e-07
1166	1.077298e-05	5.718899e-07	1.037508e-05	1.228589e-06
1167	9.766839e-06	5.892068e-07	1.055134e-05	-4.071240e-07
1168	1.079724e-05	-7.611827e-07	1.060864e-05	-5.941881e-07
1169	1.102606e-05	2.587152e-07	1.036308e-05	1.205511e-06
1170	9.807804e-06	8.385766e-07	1.055039e-05	-2.116596e-07
1171	1.050618e-05	-6.364421e-07	1.062361e-05	-7.486328e-07
1172	1.120368e-05	-8.324928e-08	1.035298e-05	1.147790e-06
1173	9.966350e-06	9.806206e-07	1.053741e-05	-6.710850e-09
1174	1.020684e-05	-4.026322e-07	1.064734e-05	-8.809045e-07
1175	1.126874e-05	-4.071143e-07	1.034707e-05	1.052966e-06
1176	1.022050e-05	9.912286e-07	1.051845e-05	2.062070e-07
1177	9.948781e-06	-8.453438e-08	1.067583e-05	-9.826346e-07
1178	1.120915e-05	-6.694617e-07	1.035109e-05	9.218597e-07
1179	1.052720e-05	8.666021e-07	1.048853e-05	4.266224e-07
1180	9.786625e-06	2.745829e-07	1.069974e-05	-1.049613e-06
1181	1.102478e-05	-8.205068e-07	1.036622e-05	7.528246e-07
1182	1.082886e-05	6.165731e-07	1.045173e-05	6.435959e-07
1183	9.749742e-06	6.189795e-07	1.071719e-05	-1.069439e-06
1184	1.075032e-05	-8.353670e-07	1.038796e-05	5.503480e-07
1185	1.107333e-05	2.771765e-07	1.041487e-05	8.459678e-07
1186	9.839268e-06	8.977202e-07	1.072516e-05	-1.039695e-06
1187	1.044153e-05	-7.102081e-07	1.041838e-05	3.177757e-07
1188	1.121454e-05	-9.943869e-08	1.037767e-05	1.028475e-06
1189	1.004157e-05	1.062697e-06	1.072748e-05	-9.620752e-07
1190	1.014558e-05	-4.483643e-07	1.045035e-05	6.581946e-08
1191	1.122828e-05	-4.638069e-07	1.034197e-05	1.176455e-06
1192	1.032390e-05	1.079808e-06	1.072590e-05	-8.362951e-07
1193	9.924083e-06	-8.984147e-08	1.048372e-05	-1.955402e-07
1194	1.111160e-05	-7.558809e-07	1.031331e-05	1.276101e-06
1195	1.062444e-05	9.395456e-07	1.071256e-05	-6.581211e-07
1196	9.821695e-06	3.095922e-07	1.051934e-05	-4.529446e-07
1197	1.089075e-05	-9.217775e-07	1.029447e-05	1.320753e-06
1198	1.088626e-05	6.546100e-07	1.069984e-05	-4.377902e-07
1199	9.844821e-06	6.903352e-07	1.055014e-05	-6.915377e-07
1200	1.061793e-05	-9.248917e-07	1.027991e-05	1.306522e-06
1201	1.106650e-05	2.681498e-07	1.068524e-05	-1.859263e-07
1202	9.973782e-06	9.857039e-07	1.058292e-05	-8.975328e-07
1203	1.034748e-05	-7.594156e-07	1.026311e-05	1.234555e-06
1204	1.114096e-05	-1.481275e-07	1.067365e-05	8.833999e-08
1205	1.018059e-05	1.137157e-06	1.061311e-05	-1.065076e-06
1206	1.012048e-05	-4.517365e-07	1.023802e-05	1.104367e-06
1207	1.110536e-05	-5.276826e-07	1.066590e-05	3.677177e-07
1208	1.042764e-05	1.119879e-06	1.064756e-05	-1.177260e-06
1209	9.971583e-06	-5.453561e-08	1.020769e-05	9.226841e-07
1210	1.097596e-05	-8.083107e-07	1.065129e-05	6.345856e-07
1211	1.067340e-05	9.338992e-07	1.069271e-05	-1.223154e-06
1212	9.918747e-06	3.660592e-07	1.017531e-05	6.962618e-07
1213	1.077194e-05	-9.432149e-07	1.062978e-05	8.805364e-07
1214	1.087637e-05	6.128172e-07	1.075012e-05	-1.208785e-06
1215	9.968911e-06	7.391162e-07	1.014540e-05	4.386593e-07
1216	1.054070e-05	-9.075063e-07	1.059463e-05	1.091403e-06
1217	1.099808e-05	2.102116e-07	1.082204e-05	-1.139605e-06
1218	1.010388e-05	1.003864e-06	1.012313e-05	1.663675e-07
1219	1.032203e-05	-7.067882e-07	1.053769e-05	1.257248e-06
1220	1.102538e-05	-2.028558e-07	1.089956e-05	-1.014557e-06
1221	1.029676e-05	1.115187e-06	1.011670e-05	-1.045722e-07
1222	1.015023e-05	-3.770845e-07	1.046255e-05	1.362386e-06
1223	1.096202e-05	-5.613883e-07	1.097637e-05	-8.358225e-07
1224	1.050945e-05	1.058341e-06	1.012640e-05	-3.623898e-07
1225	1.005899e-05	2.663245e-08	1.037022e-05	1.407431e-06
1226	1.082088e-05	-8.105982e-07	1.104848e-05	-6.204470e-07
1227	1.069474e-05	8.449050e-07	1.015975e-05	-5.949702e-07
1228	1.005921e-05	4.356667e-07	1.026066e-05	1.398823e-06
1229	1.064335e-05	-9.059169e-07	1.111004e-05	-3.817868e-07
1230	1.082701e-05	5.068260e-07	1.021987e-05	-7.915257e-07
1231	1.013345e-05	7.869868e-07	1.014274e-05	1.333058e-06
1232	1.046514e-05	-8.281323e-07	1.115274e-05	-1.328360e-07
1233	1.088376e-05	9.980940e-08	1.030601e-05	-9.444281e-07
1234	1.026639e-05	1.013608e-06	1.002132e-05	1.216397e-06
1235	1.031518e-05	-5.920439e-07	1.116977e-05	1.190785e-07
1236	1.086563e-05	-3.039850e-07	1.041452e-05	-1.045029e-06
1237	1.041957e-05	1.076796e-06	9.908323e-06	1.058459e-06
1238	1.022242e-05	-2.343846e-07	1.115868e-05	3.554685e-07
1239	1.079321e-05	-6.326443e-07	1.054603e-05	-1.097077e-06
1240	1.055974e-05	9.712054e-07	9.806078e-06	8.731780e-07
1241	1.019181e-05	1.737866e-07	1.111615e-05	5.674213e-07
1242	1.068368e-05	-8.293907e-07	1.069239e-05	-1.096579e-06
1243	1.066970e-05	7.090143e-07	9.720906e-06	6.650873e-07
1244	1.021600e-05	5.620605e-07	1.103930e-05	7.451475e-07
1245	1.056379e-05	-8.612097e-07	1.085074e-05	-1.045021e-06
1246	1.073698e-05	3.388271e-07	9.661865e-06	4.457054e-07
1247	1.027514e-05	8.635842e-07	1.092532e-05	8.850476e-07
1248	1.045685e-05	-7.220160e-07	1.101428e-05	-9.534735e-07
1249	1.076035e-05	-6.676755e-08	9.633089e-06	2.325942e-07
1250	1.035023e-05	1.025385e-06	1.077593e-05	9.817699e-07
1251	1.037342e-05	-4.403166e-07	1.117077e-05	-8.312496e-07
1252	1.075496e-05	-4.314201e-07	9.639176e-06	3.756512e-08
1253	1.043390e-05	1.023185e-06	1.060665e-05	1.030986e-06
1254	1.031652e-05	-7.177669e-08	1.131703e-05	-6.853422e-07
1255	1.072979e-05	-6.916818e-07	9.687076e-06	-1.297874e-07
1256	1.051149e-05	8.557248e-07	1.041428e-05	1.034749e-06
1257	1.027379e-05	3.154662e-07	1.143553e-05	-5.292274e-07
1258	1.069194e-05	-8.149593e-07	9.783425e-06	-2.681602e-07
1259	1.059473e-05	5.632190e-07	1.021295e-05	1.002677e-06
1260	1.023847e-05	6.525708e-07	1.151570e-05	-3.679347e-07
1261	1.063124e-05	-7.815947e-07	9.925839e-06	-3.801404e-07
1262	1.068269e-05	2.009713e-07	1.000910e-05	9.427104e-07
1263	1.022228e-05	8.892439e-07	1.154804e-05	-2.119620e-07
1264	1.054544e-05	-6.062312e-07	1.009933e-05	-4.596676e-07
1265	1.077031e-05	-1.688948e-07	9.823759e-06	8.608801e-07
1266	1.023971e-05	9.970491e-07	1.152523e-05	-6.530227e-08
1267	1.043384e-05	-3.217061e-07	1.030000e-05	-5.076218e-07
1268	1.083981e-05	-4.859907e-07	9.673362e-06	7.637341e-07
1269	1.030798e-05	9.619653e-07	1.145339e-05	6.781788e-08
1270	1.030553e-05	2.193030e-08	1.051479e-05	-5.305226e-07
1271	1.086973e-05	-7.108561e-07	9.565440e-06	6.583490e-07
1272	1.042228e-05	7.926538e-07	1.133322e-05	1.857576e-07
1273	1.018593e-05	3.755715e-07	1.073187e-05	-5.346904e-07
1274	1.084255e-05	-8.154320e-07	9.501338e-06	5.515600e-07
1275	1.057114e-05	5.168570e-07	1.117433e-05	2.862845e-07
1276	1.010182e-05	6.896964e-07	1.093883e-05	-5.217374e-07
1277	1.075007e-05	-7.817171e-07	9.482670e-06	4.432676e-07
1278	1.073045e-05	1.681066e-07	1.098514e-05	3.712341e-07
1279	1.007707e-05	9.262596e-07	1.111994e-05	-4.927104e-07
1280	1.060725e-05	-6.139763e-07	9.514336e-06	3.297800e-07
1281	1.086326e-05	-1.991442e-07	1.077783e-05	4.452388e-07
1282	1.012445e-05	1.043517e-06	1.126563e-05	-4.489062e-07
1283	1.043637e-05	-3.339199e-07	9.585305e-06	2.158913e-07
1284	1.094298e-05	-5.313143e-07	1.056812e-05	4.998119e-07
1285	1.024044e-05	1.015997e-06	1.137514e-05	-3.872539e-07
1286	1.026690e-05	2.185006e-08	9.691453e-06	1.066084e-07
1287	1.095371e-05	-7.780243e-07	1.036569e-05	5.349343e-07
1288	1.040200e-05	8.496265e-07	1.144525e-05	-3.126819e-07
1289	1.013459e-05	3.991608e-07	9.825854e-06	4.864440e-09
1290	1.089045e-05	-9.033990e-07	1.017763e-05	5.501915e-07
1291	1.058139e-05	5.642952e-07	1.148170e-05	-2.295271e-07
1292	1.006461e-05	7.431150e-07	9.982611e-06	-8.495173e-08
1293	1.075894e-05	-8.825083e-07	1.000524e-05	5.453027e-07
1294	1.074372e-05	1.983719e-07	1.147978e-05	-1.352612e-07
1295	1.007275e-05	1.002186e-06	1.015723e-05	-1.615510e-07
1296	1.059241e-05	-7.135578e-07	9.854349e-06	5.226981e-07
1297	1.085514e-05	-1.934521e-07	1.144412e-05	-3.902579e-08
1298	1.015462e-05	1.133893e-06	1.034162e-05	-2.188588e-07
1299	1.042893e-05	-4.163578e-07	9.727652e-06	4.849043e-07
1300	1.089686e-05	-5.545521e-07	1.137500e-05	5.388562e-08
1301	1.028246e-05	1.112778e-06	1.053129e-05	-2.599774e-07
1302	1.029817e-05	-3.228986e-08	9.626678e-06	4.337690e-07
1303	1.087054e-05	-8.205420e-07	1.127074e-05	1.443316e-07
1304	1.042151e-05	9.248519e-07	1.072523e-05	-2.906956e-07
1305	1.022033e-05	3.785502e-07	9.552673e-06	3.727592e-07
1306	1.079655e-05	-9.463217e-07	1.114301e-05	2.240382e-07
1307	1.054829e-05	6.076924e-07	1.091702e-05	-3.033338e-07
1308	1.019628e-05	7.428281e-07	9.507956e-06	3.074721e-07
1309	1.069642e-05	-9.084767e-07	1.098985e-05	2.853385e-07
1310	1.064456e-05	2.115561e-07	1.109802e-05	-2.954524e-07
1311	1.021976e-05	1.001430e-06	9.502785e-06	2.404315e-07
1312	1.058889e-05	-7.094235e-07	1.081328e-05	3.316900e-07
1313	1.070341e-05	-1.981843e-07	1.126076e-05	-2.701997e-07
1314	1.027740e-05	1.113835e-06	9.537260e-06	1.727274e-07
1315	1.049377e-05	-3.859541e-07	1.061922e-05	3.641798e-07
1316	1.072088e-05	-5.524332e-07	1.139724e-05	-2.385248e-07
1317	1.034780e-05	1.061037e-06	9.609617e-06	1.126924e-07
1318	1.042440e-05	1.203292e-08	1.041102e-05	3.874678e-07
1319	1.070634e-05	-7.941701e-07	1.150178e-05	-2.036044e-07
1320	1.041695e-05	8.470041e-07	9.725887e-06	6.010964e-08
1321	1.038112e-05	4.132205e-07	1.020233e-05	3.948312e-07
1322	1.067244e-05	-8.810656e-07	1.156860e-05	-1.647107e-07
1323	1.048281e-05	5.124107e-07	9.875364e-06	2.337165e-08
1324	1.036110e-05	7.534356e-07	1.000358e-05	3.908036e-07
1325	1.062957e-05	-8.083322e-07	1.159764e-05	-1.294690e-07
1326	1.053177e-05	1.192558e-07	1.005336e-05	-2.530117e-09
1327	1.036660e-05	9.759681e-07	9.818391e-06	3.845889e-07
1328	1.059010e-05	-5.865445e-07	1.158541e-05	-9.835851e-08
1329	1.056270e-05	-2.685165e-07	1.025331e-05	-2.070748e-08
1330	1.037803e-05	1.046094e-06	9.656323e-06	3.779913e-07
1331	1.055376e-05	-2.521826e-07	1.153042e-05	-7.294764e-08
1332	1.058216e-05	-5.884351e-07	1.046295e-05	-3.272676e-08
1333	1.039483e-05	9.511503e-07	9.523857e-06	3.722157e-07
1334	1.052445e-05	1.370008e-07	1.143806e-05	-5.377634e-08
1335	1.059154e-05	-7.863766e-07	1.067534e-05	-4.209955e-08
1336	1.040625e-05	7.115230e-07	9.429325e-06	3.636566e-07
1337	1.050387e-05	5.148534e-07	1.130800e-05	-4.337502e-08
1338	1.060748e-05	-8.287593e-07	1.088678e-05	-5.308726e-08
1339	1.041387e-05	3.677770e-07	9.373329e-06	3.647895e-07
1340	1.048105e-05	8.096495e-07	1.114233e-05	-3.354034e-08
1341	1.062672e-05	-7.110899e-07	1.109018e-05	-6.798547e-08
1342	1.042169e-05	-1.352789e-08	9.361387e-06	3.711208e-07
1343	1.044805e-05	9.767768e-07	1.094841e-05	-3.057953e-08
1344	1.064531e-05	-4.571045e-07	1.126961e-05	-8.082474e-08
1345	1.044310e-05	-3.654265e-07	9.395548e-06	3.847015e-07
1346	1.040051e-05	9.909637e-07	1.073294e-05	-2.806993e-08
1347	1.065956e-05	-1.162484e-07	1.142060e-05	-1.015325e-07
1348	1.048506e-05	-6.280516e-07	9.476209e-06	4.060509e-07
1349	1.034525e-05	8.519822e-07	1.051013e-05	-2.120398e-08
1350	1.065414e-05	2.492690e-07	1.153236e-05	-1.330843e-07
1351	1.055572e-05	-7.585365e-07	9.601095e-06	4.316614e-07
1352	1.030023e-05	5.864170e-07	1.029234e-05	-9.418344e-09
1353	1.060946e-05	5.742584e-07	1.160369e-05	-1.747518e-07
1354	1.064305e-05	-7.404556e-07	9.763186e-06	4.604327e-07
1355	1.028118e-05	2.508025e-07	1.008226e-05	6.100524e-09
1356	1.052674e-05	7.995583e-07	1.162783e-05	-2.255768e-07
1357	1.073064e-05	-5.832742e-07	9.958147e-06	4.887924e-07
1358	1.031113e-05	-8.929853e-08	9.897213e-06	3.535291e-08
1359	1.040827e-05	9.017957e-07	1.159348e-05	-2.833466e-07
1360	1.078866e-05	-3.256515e-07	1.017300e-05	5.102246e-07
1361	1.039971e-05	-3.785779e-07	9.747009e-06	7.343682e-08
1362	1.027794e-05	8.681815e-07	1.150652e-05	-3.378051e-07
1363	1.079094e-05	-1.969687e-08	1.039161e-05	5.200749e-07
1364	1.053499e-05	-5.747991e-07	9.641870e-06	1.279914e-07
1365	1.017492e-05	7.205895e-07	1.137432e-05	-3.924526e-07
1366	1.072133e-05	2.844959e-07	1.060392e-05	5.134237e-07
1367	1.069033e-05	-6.587590e-07	9.592162e-06	1.993901e-07
1368	1.013212e-05	4.928757e-07	1.121002e-05	-4.459919e-07
1369	1.058410e-05	5.373017e-07	1.079192e-05	4.878575e-07
1370	1.083364e-05	-6.327499e-07	9.594646e-06	2.789930e-07
1371	1.017273e-05	2.226048e-07	1.102483e-05	-4.899142e-07
1372	1.040688e-05	7.245946e-07	1.094804e-05	4.416951e-07
1373	1.092078e-05	-5.106160e-07	9.646808e-06	3.644731e-07
1374	1.029128e-05	-5.280223e-08	1.082901e-05	-5.202970e-07
1375	1.022831e-05	8.189955e-07	1.106715e-05	3.748799e-07
1376	1.093156e-05	-3.131258e-07	9.734410e-06	4.525535e-07
1377	1.046701e-05	-3.018345e-07	1.063687e-05	-5.308582e-07
1378	1.009122e-05	8.162254e-07	1.114295e-05	2.862187e-07
1379	1.086106e-05	-6.402199e-08	9.853825e-06	5.377925e-07
1380	1.065940e-05	-4.974186e-07	1.046308e-05	-5.116526e-07
1381	1.002287e-05	7.188452e-07	1.117406e-05	1.824686e-07
1382	1.072141e-05	1.989529e-07	9.991427e-06	6.089971e-07
1383	1.083503e-05	-6.119405e-07	1.031724e-05	-4.742635e-07
1384	1.003382e-05	5.422076e-07	1.116796e-05	7.725458e-08
1385	1.053381e-05	4.504584e-07	1.013673e-05	6.641965e-07
1386	1.096069e-05	-6.297048e-07	1.019980e-05	-4.128338e-07
1387	1.012425e-05	3.113727e-07	1.113237e-05	-2.931623e-08
1388	1.033807e-05	6.539419e-07	1.028203e-05	6.965221e-07
1389	1.101652e-05	-5.611909e-07	1.011182e-05	-3.308128e-07
1390	1.027316e-05	6.008596e-08	1.107443e-05	-1.347840e-07
1391	1.016666e-05	7.829579e-07	1.041292e-05	7.080351e-07
1392	1.099733e-05	-4.144260e-07	1.005211e-05	-2.348455e-07
1393	1.045516e-05	-1.829538e-07	1.099823e-05	-2.302130e-07
1394	1.004659e-05	8.246710e-07	1.053494e-05	6.966265e-07
1395	1.091290e-05	-2.093274e-07	1.001598e-05	-1.264176e-07
1396	1.063800e-05	-3.871477e-07	1.090865e-05	-3.143063e-07
1397	9.992203e-06	7.784371e-07	1.064717e-05	6.619612e-07
1398	1.078058e-05	2.798844e-08	1.000250e-05	-9.420601e-09
1399	1.079255e-05	-5.261451e-07	1.081083e-05	-3.857196e-07
1400	1.000198e-05	6.529207e-07	1.074506e-05	6.037415e-07
1401	1.062373e-05	2.694687e-07	1.001022e-05	1.110593e-07
1402	1.090529e-05	-5.886043e-07	1.070750e-05	-4.365568e-07
1403	1.006121e-05	4.600576e-07	1.083048e-05	5.246659e-07
1404	1.046729e-05	4.855038e-07	1.003805e-05	2.279941e-07
1405	1.097704e-05	-5.654626e-07	1.060089e-05	-4.642854e-07
1406	1.015573e-05	2.319151e-07	1.089942e-05	4.300779e-07
1407	1.031879e-05	6.382195e-07	1.008308e-05	3.415022e-07
1408	1.100475e-05	-4.587788e-07	1.049231e-05	-4.689817e-07
1409	1.027602e-05	3.905753e-10	1.094873e-05	3.204972e-07
1410	1.018950e-05	7.091198e-07	1.014689e-05	4.487583e-07
1411	1.098907e-05	-2.875850e-07	1.038739e-05	-4.529558e-07
1412	1.041683e-05	-2.036814e-07	1.097423e-05	2.009335e-07
1413	1.008794e-05	7.001430e-07	1.022607e-05	5.376112e-07
1414	1.093070e-05	-8.412409e-08	1.029510e-05	-4.099970e-07
1415	1.056965e-05	-3.545524e-07	1.097337e-05	7.232941e-08
1416	1.001999e-05	6.127292e-07	1.031862e-05	6.042326e-07
1417	1.083400e-05	1.298686e-07	1.021552e-05	-3.369593e-07
1418	1.072122e-05	-4.324991e-07	1.095012e-05	-5.952428e-08
1419	9.995971e-06	4.590557e-07	1.041853e-05	6.444206e-07
1420	1.069876e-05	3.235961e-07	1.015463e-05	-2.386511e-07
1421	1.085936e-05	-4.295302e-07	1.090508e-05	-1.873991e-07
1422	1.002483e-05	2.732429e-07	1.051613e-05	6.607147e-07
1423	1.053183e-05	4.659803e-07	1.011345e-05	-1.219901e-07
1424	1.096473e-05	-3.538223e-07	1.084572e-05	-3.073753e-07
1425	1.010385e-05	8.326709e-08	1.060817e-05	6.494688e-07
1426	1.036012e-05	5.405300e-07	1.008765e-05	1.353811e-08
1427	1.101905e-05	-2.232659e-07	1.077653e-05	-4.100484e-07
1428	1.023554e-05	-8.754292e-08	1.069419e-05	6.029094e-07
1429	1.019617e-05	5.429253e-07	1.008165e-05	1.576743e-07
1430	1.101302e-05	-6.208255e-08	1.070063e-05	-4.905085e-07
1431	1.041062e-05	-2.136272e-07	1.076455e-05	5.213726e-07
1432	1.006854e-05	4.783839e-07	1.009187e-05	3.086389e-07
1433	1.094156e-05	1.055823e-07	1.062646e-05	-5.414661e-07
1434	1.059933e-05	-2.822381e-07	1.082246e-05	4.098059e-07
1435	9.992186e-06	3.658561e-07	1.011307e-05	4.490407e-07
1436	1.081106e-05	2.587425e-07	1.055296e-05	-5.583082e-07
1437	1.078662e-05	-2.883809e-07	1.086613e-05	2.804082e-07
1438	9.974258e-06	2.235253e-07	1.015141e-05	5.772803e-07
1439	1.062924e-05	3.691045e-07	1.047555e-05	-5.318498e-07
1440	1.094445e-05	-2.334014e-07	1.089571e-05	1.304674e-07
1441	1.003011e-05	8.182263e-08	1.020441e-05	6.865309e-07
1442	1.042344e-05	4.234007e-07	1.040145e-05	-4.714614e-07
1443	1.104686e-05	-1.369500e-07	1.090741e-05	-2.183143e-08
1444	1.016456e-05	-3.836000e-08	1.026928e-05	7.676093e-07
1445	1.021570e-05	4.218680e-07	1.033348e-05	-3.847397e-07
1446	1.107481e-05	-2.419111e-08	1.089980e-05	-1.749357e-07
1447	1.036375e-05	-1.247407e-07	1.034254e-05	8.141492e-07
1448	1.003969e-05	3.753291e-07	1.028092e-05	-2.691671e-07
1449	1.100783e-05	8.955830e-08	1.087176e-05	-3.228059e-07
1450	1.059380e-05	-1.637148e-07	1.041690e-05	8.233625e-07
1451	9.931786e-06	2.969140e-07	1.024693e-05	-1.338237e-07
1452	1.084859e-05	1.859383e-07	1.082584e-05	-4.542676e-07
1453	1.082056e-05	-1.587767e-07	1.048918e-05	7.998186e-07
1454	9.915671e-06	2.119626e-07	1.022819e-05	1.234739e-08
1455	1.062656e-05	2.439063e-07	1.077232e-05	-5.621678e-07
1456	1.100417e-05	-1.228754e-07	1.055821e-05	7.479278e-07
1457	1.000043e-05	1.405220e-07	1.022506e-05	1.662386e-07
1458	1.037790e-05	2.690377e-07	1.070423e-05	-6.466528e-07
1459	1.110667e-05	-8.086564e-08	1.061634e-05	6.702736e-07
1460	1.017824e-05	8.283568e-08	1.024537e-05	3.141713e-07
1461	1.014247e-05	2.711064e-07	1.062796e-05	-6.947823e-07
1462	1.110652e-05	-3.865367e-08	1.065541e-05	5.681351e-07
1463	1.042061e-05	4.376922e-08	1.028733e-05	4.493260e-07
1464	9.966324e-06	2.695757e-07	1.055675e-05	-7.066213e-07
1465	1.099577e-05	-3.299200e-09	1.067146e-05	4.424056e-07
1466	1.067802e-05	9.138534e-09	1.034727e-05	5.695694e-07
1467	9.883882e-06	2.740771e-07	1.048828e-05	-6.857074e-07
1468	1.079370e-05	3.198515e-08	1.066123e-05	3.025613e-07
1469	1.090725e-05	-2.851506e-08	1.042211e-05	6.699839e-07
1470	9.912830e-06	2.789769e-07	1.043793e-05	-6.308761e-07
1471	1.054028e-05	7.764205e-08	1.062704e-05	1.569094e-07
1472	1.106104e-05	-7.269523e-08	1.050219e-05	7.416786e-07
1473	1.005032e-05	2.669106e-07	1.040492e-05	-5.462360e-07
1474	1.028714e-05	1.334845e-07	1.057741e-05	1.547155e-08
1475	1.111780e-05	-1.164740e-07	1.057552e-05	7.802803e-07
1476	1.026247e-05	2.351430e-07	1.039319e-05	-4.344110e-07
1477	1.008207e-05	1.993810e-07	1.051752e-05	-1.232416e-07
1478	1.106827e-05	-1.408131e-07	1.063793e-05	7.884491e-07
1479	1.050428e-05	1.771726e-07	1.040734e-05	-2.978096e-07
1480	9.951439e-06	2.696881e-07	1.045006e-05	-2.507886e-07
1481	1.092957e-05	-1.364680e-07	1.068030e-05	7.588685e-07
1482	1.073700e-05	9.955662e-08	1.043986e-05	-1.504238e-07
1483	9.909345e-06	3.359730e-07	1.038614e-05	-3.478533e-07
1484	1.072744e-05	-1.011092e-07	1.069960e-05	6.936382e-07
1485	1.092673e-05	5.558740e-09	1.048737e-05	-3.672406e-09
1486	9.963233e-06	3.810709e-07	1.032620e-05	-4.129531e-07
1487	1.049901e-05	-3.617849e-08	1.069738e-05	5.967898e-07
1488	1.104317e-05	-9.675897e-08	1.054732e-05	1.383632e-07
1489	1.009630e-05	3.943336e-07	1.028126e-05	-4.421117e-07
1490	1.027960e-05	6.250434e-08	1.067238e-05	4.789247e-07
1491	1.108560e-05	-1.968138e-07	1.060961e-05	2.682873e-07
1492	1.027995e-05	3.701963e-07	1.025469e-05	-4.374204e-07
1493	1.010072e-05	1.817499e-07	1.063130e-05	3.474093e-07
1494	1.104642e-05	-2.714187e-07	1.066507e-05	3.803734e-07
1495	1.048485e-05	3.043430e-07	1.024726e-05	-4.000922e-07
1496	9.981866e-06	3.093528e-07	1.058297e-05	2.094806e-07
1497	1.093537e-05	-3.036949e-07	1.071038e-05	4.691268e-07
1498	1.068526e-05	1.961159e-07	1.025455e-05	-3.346835e-07
1499	9.934790e-06	4.345401e-07	1.053242e-05	7.093745e-08
1500	1.077703e-05	-2.894774e-07	1.074232e-05	5.302615e-07
1501	1.084929e-05	5.429694e-08	1.027861e-05	-2.489758e-07
1502	9.954492e-06	5.338222e-07	1.048319e-05	-5.935182e-08
1503	1.060071e-05	-2.185877e-07	1.076165e-05	5.533454e-07
1504	1.097164e-05	-1.023608e-07	1.030996e-05	-1.434234e-07
1505	1.002615e-05	5.838830e-07	1.043819e-05	-1.728759e-07
1506	1.041851e-05	-9.621548e-08	1.077268e-05	5.441283e-07
1507	1.104441e-05	-2.527316e-07	1.034167e-05	-2.254278e-08
1508	1.014616e-05	5.808178e-07	1.040340e-05	-2.744351e-07
1509	1.025084e-05	6.295169e-08	1.077406e-05	5.108591e-07
1510	1.106691e-05	-3.791716e-07	1.037699e-05	1.056514e-07
1511	1.029984e-05	5.139949e-07	1.037185e-05	-3.556269e-07
1512	1.011064e-05	2.489187e-07	1.076631e-05	4.529728e-07
1513	1.102974e-05	-4.596199e-07	1.041812e-05	2.381566e-07
1514	1.047393e-05	3.821561e-07	1.034398e-05	-4.098245e-07
1515	1.000523e-05	4.349087e-07	1.075033e-05	3.667743e-07
1516	1.094027e-05	-4.739317e-07	1.045864e-05	3.716015e-07
1517	1.065259e-05	2.020957e-07	1.032214e-05	-4.348605e-07
1518	9.947228e-06	5.897934e-07	1.072787e-05	2.545131e-07
1519	1.080315e-05	-4.087858e-07	1.049900e-05	4.916469e-07
1520	1.081563e-05	-5.186152e-09	1.030730e-05	-4.266976e-07
1521	9.951427e-06	6.905586e-07	1.070011e-05	1.225458e-07
1522	1.063297e-05	-2.747504e-07	1.053527e-05	5.934001e-07
1523	1.094682e-05	-2.109271e-07	1.030256e-05	-3.854998e-07
1524	1.001760e-05	7.139362e-07	1.067235e-05	-2.071213e-08
1525	1.045027e-05	-8.285317e-08	1.055998e-05	6.770346e-07
1526	1.102986e-05	-3.861685e-07	1.030851e-05	-3.141461e-07
1527	1.013647e-05	6.526956e-07	1.064867e-05	-1.720117e-07
1528	1.027540e-05	1.404257e-07	1.057352e-05	7.356420e-07
1529	1.105069e-05	-4.973065e-07	1.032275e-05	-2.114629e-07
1530	1.030134e-05	5.154768e-07	1.062305e-05	-3.212334e-07
1531	1.012878e-05	3.596971e-07	1.057719e-05	7.651836e-07
1532	1.100256e-05	-5.274057e-07	1.034830e-05	-8.187816e-08
1533	1.048284e-05	3.143271e-07	1.060230e-05	-4.603182e-07
1534	1.002707e-05	5.490478e-07	1.056692e-05	7.556235e-07
1535	1.090086e-05	-4.694674e-07	1.037397e-05	6.940940e-08
1536	1.066699e-05	7.822350e-08	1.059083e-05	-5.731126e-07
1537	9.981186e-06	6.691624e-07	1.055347e-05	7.020551e-07
1538	1.074618e-05	-3.286489e-07	1.039163e-05	2.376325e-07
1539	1.083510e-05	-1.479188e-07	1.058808e-05	-6.625568e-07
1540	1.000664e-05	7.038826e-07	1.054241e-05	6.043052e-07
1541	1.056423e-05	-1.296854e-07	1.040096e-05	4.108294e-07
1542	1.095692e-05	-3.379929e-07	1.059055e-05	-7.151262e-07
1543	1.009656e-05	6.543128e-07	1.053082e-05	4.745649e-07
1544	1.037497e-05	9.727911e-08	1.040661e-05	5.734812e-07
1545	1.101045e-05	-4.626296e-07	1.059772e-05	-7.300895e-07
1546	1.024768e-05	5.213745e-07	1.052134e-05	3.188619e-07
1547	1.020368e-05	3.245873e-07	1.040601e-05	7.226263e-07
1548	1.098492e-05	-5.045020e-07	1.060840e-05	-7.040122e-07
1549	1.043188e-05	3.297668e-07	1.051167e-05	1.438694e-07
1550	1.008255e-05	5.160524e-07	1.040080e-05	8.484286e-07
1551	1.089132e-05	-4.581653e-07	1.062104e-05	-6.376465e-07
1552	1.061922e-05	1.089804e-07	1.050800e-05	-3.826043e-08
1553	1.003447e-05	6.440458e-07	1.039172e-05	9.394169e-07
1554	1.074354e-05	-3.371199e-07	1.063441e-05	-5.317425e-07
1555	1.078308e-05	-1.158081e-07	1.051259e-05	-2.140331e-07
1556	1.005696e-05	7.013492e-07	1.037480e-05	9.876534e-07
1557	1.057497e-05	-1.584699e-07	1.064251e-05	-3.966002e-07
1558	1.089160e-05	-3.129523e-07	1.052458e-05	-3.771436e-07
1559	1.014171e-05	6.688646e-07	1.036015e-05	9.926739e-07
1560	1.040777e-05	6.170465e-08	1.064262e-05	-2.384757e-07
1561	1.093834e-05	-4.510954e-07	1.053979e-05	-5.164119e-07
1562	1.027246e-05	5.535418e-07	1.034627e-05	9.480636e-07
1563	1.026196e-05	2.958206e-07	1.063909e-05	-6.201434e-08
1564	1.091917e-05	-5.168224e-07	1.055537e-05	-6.267789e-07
1565	1.042350e-05	3.670689e-07	1.033801e-05	8.617733e-07
1566	1.016095e-05	5.066335e-07	1.062803e-05	1.229786e-07
1567	1.084370e-05	-4.860964e-07	1.056981e-05	-7.026174e-07
1568	1.057878e-05	1.287612e-07	1.033766e-05	7.411798e-07
1569	1.011201e-05	6.610196e-07	1.061224e-05	3.083721e-07
1570	1.073148e-05	-3.633177e-07	1.058577e-05	-7.414474e-07
1571	1.070999e-05	-1.194403e-07	1.034083e-05	5.880898e-07
1572	1.012056e-05	7.222070e-07	1.059284e-05	4.823963e-07
1573	1.060315e-05	-1.680040e-07	1.060283e-05	-7.321905e-07
1574	1.080019e-05	-3.298690e-07	1.034415e-05	4.127606e-07
1575	1.017929e-05	6.866164e-07	1.056688e-05	6.301810e-07
1576	1.046874e-05	7.131903e-08	1.062514e-05	-6.866981e-07
1577	1.085066e-05	-4.757097e-07	1.035055e-05	2.269488e-07
1578	1.026836e-05	5.584371e-07	1.053999e-05	7.515037e-07
1579	1.035272e-05	3.087136e-07	1.064648e-05	-6.089275e-07
1580	1.085720e-05	-5.250100e-07	1.035693e-05	3.582869e-08
1581	1.038042e-05	3.638568e-07	1.050842e-05	8.379537e-07
1582	1.025855e-05	5.096583e-07	1.066892e-05	-4.927446e-07
1583	1.081870e-05	-4.818953e-07	1.037268e-05	-1.536790e-07
1584	1.050340e-05	1.291566e-07	1.046960e-05	8.814767e-07
1585	1.019929e-05	6.475531e-07	1.068685e-05	-3.427745e-07
1586	1.074227e-05	-3.581698e-07	1.039676e-05	-3.298339e-07
1587	1.062006e-05	-1.075256e-07	1.043236e-05	8.830506e-07
1588	1.018016e-05	7.038672e-07	1.069747e-05	-1.687299e-07
1589	1.064191e-05	-1.682980e-07	1.042458e-05	-4.813534e-07
1590	1.072141e-05	-3.139492e-07	1.039581e-05	8.408648e-07
1591	1.020192e-05	6.702149e-07	1.070225e-05	1.850927e-08
1592	1.052312e-05	6.378964e-08	1.045711e-05	-5.990427e-07
1593	1.079439e-05	-4.629582e-07	1.035803e-05	7.593614e-07
1594	1.026073e-05	5.542081e-07	1.069913e-05	2.098931e-07
1595	1.040393e-05	2.994248e-07	1.050194e-05	-6.863556e-07
1596	1.082563e-05	-5.280966e-07	1.031895e-05	6.444972e-07
1597	1.035208e-05	3.740316e-07	1.068449e-05	3.961074e-07
1598	1.030368e-05	5.061682e-07	1.055814e-05	-7.325430e-07
1599	1.081613e-05	-5.054340e-07	1.028290e-05	4.988698e-07
1600	1.045406e-05	1.529130e-07	1.065932e-05	5.634298e-07
1601	1.023007e-05	6.610163e-07	1.062214e-05	-7.355171e-07
1602	1.077441e-05	-4.005640e-07	1.025097e-05	3.318124e-07
1603	1.056117e-05	-8.126531e-08	1.062107e-05	7.068283e-07
1604	1.017896e-05	7.373788e-07	1.068659e-05	-6.947095e-07
1605	1.070756e-05	-2.262949e-07	1.023801e-05	1.517113e-07
1606	1.066748e-05	-2.921576e-07	1.056364e-05	8.212319e-07
1607	1.016477e-05	7.258628e-07	1.075087e-05	-6.152362e-07
1608	1.061221e-05	-7.738589e-09	1.024245e-05	-3.082547e-08
1609	1.076404e-05	-4.599321e-07	1.049047e-05	9.060901e-07
1610	1.018274e-05	6.318364e-07	1.080862e-05	-5.070764e-07
1611	1.050004e-05	2.340322e-07	1.026604e-05	-2.059434e-07
1612	1.083664e-05	-5.553134e-07	1.040987e-05	9.554683e-07
1613	1.024148e-05	4.575431e-07	1.085707e-05	-3.725577e-07
1614	1.038178e-05	4.655658e-07	1.030770e-05	-3.743219e-07
1615	1.087098e-05	-5.565500e-07	1.031961e-05	9.700388e-07
1616	1.033606e-05	2.272046e-07	1.089472e-05	-2.163593e-07
1617	1.026679e-05	6.460897e-07	1.036796e-05	-5.287091e-07
1618	1.086354e-05	-4.636924e-07	1.022988e-05	9.450198e-07
1619	1.045411e-05	-2.371011e-08	1.091448e-05	-4.473281e-08
1620	1.017499e-05	7.461139e-07	1.044163e-05	-6.544941e-07
1621	1.081694e-05	-2.886676e-07	1.014276e-05	8.780598e-07
1622	1.058480e-05	-2.570421e-07	1.091332e-05	1.383851e-07
1623	1.011864e-05	7.487071e-07	1.053378e-05	-7.456597e-07
1624	1.072712e-05	-5.565672e-08	1.006108e-05	7.768346e-07
1625	1.071890e-05	-4.368150e-07	1.088721e-05	3.175109e-07
1626	1.010381e-05	6.518733e-07	1.064361e-05	-8.043190e-07
1627	1.060217e-05	1.989956e-07	9.986722e-06	6.507336e-07
1628	1.083211e-05	-5.288496e-07	1.084029e-05	4.879309e-07
1629	1.014416e-05	4.735905e-07	1.076148e-05	-8.295370e-07
1630	1.045976e-05	4.225950e-07	9.928105e-06	5.058287e-07
1631	1.090121e-05	-5.181959e-07	1.077669e-05	6.429738e-07
1632	1.023217e-05	2.371647e-07	1.088399e-05	-8.213587e-07
1633	1.031868e-05	5.877868e-07	9.883962e-06	3.432329e-07
1634	1.092514e-05	-4.088021e-07	1.068513e-05	7.760534e-07
1635	1.036245e-05	-1.455764e-08	1.101200e-05	-7.719126e-07
1636	1.018832e-05	6.630632e-07	9.864099e-06	1.677663e-07
1637	1.089117e-05	-2.179385e-07	1.056516e-05	8.814766e-07
1638	1.052240e-05	-2.240694e-07	1.113415e-05	-6.849666e-07
1639	1.010008e-05	6.371508e-07	9.886121e-06	-1.699075e-08
1640	1.079990e-05	5.156854e-09	1.041872e-05	9.620661e-07
1641	1.068479e-05	-3.636028e-07	1.124225e-05	-5.697453e-07
1642	1.006661e-05	5.271121e-07	9.940474e-06	-1.923406e-07
1643	1.066181e-05	2.241596e-07	1.025868e-05	1.002181e-06
1644	1.082102e-05	-4.185012e-07	1.133091e-05	-4.323015e-07
1645	1.010469e-05	3.536964e-07	1.002486e-05	-3.484133e-07
1646	1.050147e-05	4.054888e-07	1.009536e-05	1.002641e-06
1647	1.090342e-05	-3.804730e-07	1.138951e-05	-2.802187e-07
1648	1.020418e-05	1.475135e-07	1.014174e-05	-4.855308e-07
1649	1.034154e-05	5.195357e-07	9.934438e-06	9.665024e-07
1650	1.092848e-05	-2.657147e-07	1.141520e-05	-1.162899e-07
1651	1.033860e-05	-4.542112e-08	1.028813e-05	-5.925021e-07
1652	1.021193e-05	5.480510e-07	9.784194e-06	8.972980e-07
1653	1.089336e-05	-1.014393e-07	1.139988e-05	4.492163e-08
1654	1.049387e-05	-1.941411e-07	1.045727e-05	-6.628252e-07
1655	1.012647e-05	5.027556e-07	9.651769e-06	7.967349e-07
1656	1.080687e-05	7.843266e-08	1.134425e-05	1.986922e-07
1657	1.064748e-05	-2.857391e-07	1.064166e-05	-6.952557e-07
1658	1.008685e-05	3.980377e-07	9.549231e-06	6.737523e-07
1659	1.068807e-05	2.448575e-07	1.124067e-05	3.372303e-07
1660	1.078314e-05	-3.001740e-07	1.083336e-05	-6.928687e-07
1661	1.010314e-05	2.459252e-07	9.483128e-06	5.305174e-07
1662	1.054174e-05	3.725213e-07	1.110349e-05	4.584996e-07
1663	1.087975e-05	-2.488537e-07	1.101645e-05	-6.551071e-07
1664	1.017546e-05	7.964693e-08	9.462516e-06	3.792893e-07
1665	1.038424e-05	4.443804e-07	1.093049e-05	5.559390e-07
1666	1.092771e-05	-1.355586e-07	1.118453e-05	-5.875399e-07
1667	1.029232e-05	-7.439267e-08	9.487488e-06	2.318716e-07
1668	1.023669e-05	4.458761e-07	1.073652e-05	6.234446e-07
1669	1.091846e-05	1.078759e-08	1.132719e-05	-4.963027e-07
1670	1.045103e-05	-1.836783e-07	9.557195e-06	8.871734e-08
1671	1.012078e-05	3.827713e-07	1.053226e-05	6.616246e-07
1672	1.085644e-05	1.562596e-07	1.143828e-05	-3.826603e-07
1673	1.061800e-05	-2.239668e-07	9.664537e-06	-3.971938e-08
1674	1.006249e-05	2.745553e-07	1.032392e-05	6.603136e-07
1675	1.073651e-05	2.738255e-07	1.151717e-05	-2.608995e-07
1676	1.077245e-05	-2.052133e-07	9.807125e-06	-1.442338e-07
1677	1.006690e-05	1.467621e-07	1.011859e-05	6.324787e-07
1678	1.058035e-05	3.456458e-07	1.156143e-05	-1.469071e-07
1679	1.088804e-05	-1.284817e-07	9.972809e-06	-2.193525e-07
1680	1.013938e-05	2.803879e-08	9.931529e-06	5.827718e-07
1681	1.040398e-05	3.606519e-07	1.156050e-05	-3.849732e-08
1682	1.094321e-05	-2.591318e-08	1.016628e-05	-2.672213e-07
1683	1.027391e-05	-6.542180e-08	9.767517e-06	5.091723e-07
1684	1.024397e-05	3.283404e-07	1.150805e-05	6.576625e-08
1685	1.092753e-05	8.252227e-08	1.037915e-05	-2.895924e-07
1686	1.044641e-05	-1.172365e-07	9.639660e-06	4.256535e-07
1687	1.013127e-05	2.610176e-07	1.140828e-05	1.591713e-07
1688	1.084058e-05	1.767305e-07	1.059558e-05	-2.906860e-07
1689	1.062544e-05	-1.243211e-07	9.549233e-06	3.384892e-07
1690	1.008365e-05	1.787303e-07	1.126698e-05	2.366915e-07
1691	1.070025e-05	2.428121e-07	1.080452e-05	-2.752888e-07
1692	1.077457e-05	-9.419176e-08	9.502667e-06	2.561128e-07
1693	1.010781e-05	9.833797e-08	1.109717e-05	2.959355e-07
1694	1.053214e-05	2.729683e-07	1.099498e-05	-2.465306e-07
1695	1.087107e-05	-3.805486e-08	9.502718e-06	1.777442e-07
1696	1.019935e-05	3.697803e-08	1.090369e-05	3.384091e-07
1697	1.036942e-05	2.666741e-07	1.116239e-05	-2.044662e-07
1698	1.090339e-05	2.220650e-08	9.548986e-06	1.034260e-07
1699	1.033181e-05	-1.557870e-09	1.069713e-05	3.608972e-07
1700	1.024122e-05	2.388954e-07	1.129985e-05	-1.494811e-07
1701	1.087342e-05	7.175046e-08	9.630695e-06	3.801219e-08
1702	1.048438e-05	-2.137412e-08	1.049136e-05	3.612564e-07
1703	1.015686e-05	2.064898e-07	1.139915e-05	-8.437357e-08
1704	1.079264e-05	1.114027e-07	9.753613e-06	-1.999524e-08
1705	1.063320e-05	-2.156421e-08	1.028776e-05	3.470915e-07
1706	1.012299e-05	1.712505e-07	1.145465e-05	-1.807500e-08
1707	1.067357e-05	1.341421e-07	9.910702e-06	-6.591990e-08
1708	1.075363e-05	-7.698897e-09	1.009522e-05	3.213180e-07
1709	1.014509e-05	1.462254e-07	1.146792e-05	4.348262e-08
1710	1.053322e-05	1.490216e-07	1.009015e-05	-9.468786e-08
1711	1.083509e-05	4.948802e-09	9.926336e-06	2.816280e-07
1712	1.022183e-05	1.246443e-07	1.143923e-05	1.042207e-07
1713	1.039756e-05	1.608025e-07	1.028348e-05	-1.069503e-07
1714	1.085861e-05	1.620450e-08	9.779856e-06	2.326033e-07
1715	1.034032e-05	1.000668e-07	1.137562e-05	1.608071e-07
1716	1.027904e-05	1.696506e-07	1.048448e-05	-1.090324e-07
1717	1.082847e-05	2.795136e-08	9.664177e-06	1.790018e-07
1718	1.048113e-05	7.556980e-08	1.127695e-05	2.045762e-07
1719	1.019914e-05	1.775833e-07	1.068062e-05	-8.801036e-08
1720	1.075435e-05	4.477085e-08	9.585594e-06	1.195456e-07
1721	1.061520e-05	5.296334e-08	1.114942e-05	2.360218e-07
1722	1.016607e-05	1.815086e-07	1.087135e-05	-5.073201e-08
1723	1.064205e-05	6.841785e-08	9.547858e-06	5.840312e-08
1724	1.073746e-05	3.414991e-08	1.099063e-05	2.459389e-07
1725	1.018516e-05	1.738097e-07	1.105308e-05	-9.437914e-11
1726	1.050410e-05	9.772598e-08	9.546823e-06	1.145807e-08
1727	1.082393e-05	2.494477e-08	1.081095e-05	2.381855e-07
1728	1.026443e-05	1.522649e-07	1.121406e-05	5.071544e-08
1729	1.036117e-05	1.171276e-07	9.585296e-06	-1.897476e-08
1730	1.085270e-05	2.875196e-08	1.062067e-05	2.170372e-07
1731	1.038746e-05	1.255990e-07	1.134604e-05	9.819227e-08
1732	1.024197e-05	1.305429e-07	9.655080e-06	-3.528028e-08
1733	1.082139e-05	4.965117e-08	1.041945e-05	1.845999e-07
1734	1.053612e-05	9.074856e-08	1.145563e-05	1.381492e-07
1735	1.015687e-05	1.358071e-07	9.761481e-06	-3.478059e-08
1736	1.073176e-05	8.027505e-08	1.021359e-05	1.407483e-07
1737	1.069357e-05	7.005306e-08	1.152890e-05	1.717813e-07
1738	1.013024e-05	1.242601e-07	9.907798e-06	-2.139123e-08
1739	1.059391e-05	9.924420e-08	1.001339e-05	9.391764e-08
1740	1.082122e-05	6.895103e-08	1.155447e-05	1.959411e-07
1741	1.017508e-05	1.091499e-07	1.008757e-05	7.631381e-09
1742	1.042942e-05	1.121234e-07	9.829112e-06	4.589947e-08
1743	1.089734e-05	7.438985e-08	1.153977e-05	2.034355e-07
1744	1.028490e-05	9.561859e-08	1.028674e-05	5.075736e-08
1745	1.027316e-05	1.128932e-07	9.669232e-06	5.495043e-09
1746	1.089944e-05	8.813219e-08	1.148043e-05	1.880607e-07
1747	1.043755e-05	8.812496e-08	1.049809e-05	1.034616e-07
1748	1.015636e-05	1.033396e-07	9.545056e-06	-2.451318e-08
1749	1.083389e-05	1.035213e-07	1.137918e-05	1.566605e-07
1750	1.060643e-05	8.912338e-08	1.071075e-05	1.641908e-07
1751	1.009022e-05	8.869450e-08	9.462827e-06	-4.151626e-08
1752	1.071776e-05	1.121420e-07	1.123627e-05	1.080526e-07
1753	1.076076e-05	1.019604e-07	1.091438e-05	2.223462e-07
1754	1.009499e-05	7.190678e-08	9.430224e-06	-3.789604e-08
1755	1.055983e-05	1.089050e-07	1.106236e-05	4.487638e-08
1756	1.087883e-05	1.188594e-07	1.109654e-05	2.747484e-07
1757	1.015899e-05	6.706024e-08	9.449750e-06	-1.336755e-08
1758	1.039775e-05	9.158376e-08	1.085745e-05	-2.831073e-08
1759	1.093980e-05	1.401443e-07	1.125224e-05	3.140884e-07
1760	1.027513e-05	6.563933e-08	9.517531e-06	2.706102e-08
1761	1.024771e-05	6.603807e-08	1.064809e-05	-1.036098e-07
1762	1.093468e-05	1.598484e-07	1.136435e-05	3.425960e-07
1763	1.043201e-05	7.626994e-08	9.631599e-06	8.047289e-08
1764	1.012660e-05	3.922556e-08	1.043838e-05	-1.766068e-07
1765	1.087009e-05	1.666494e-07	1.142928e-05	3.497618e-07
1766	1.060171e-05	1.020705e-07	9.785173e-06	1.497808e-07
1767	1.005460e-05	1.255465e-08	1.023912e-05	-2.432717e-07
1768	1.075075e-05	1.570553e-07	1.144915e-05	3.317091e-07
1769	1.076911e-05	1.413465e-07	9.965104e-06	2.327366e-07
1770	1.004455e-05	-3.686035e-09	1.006578e-05	-2.951447e-07
1771	1.058886e-05	1.243030e-07	1.142579e-05	2.882082e-07
1772	1.090019e-05	1.884199e-07	1.015085e-05	3.282961e-07
1773	1.010852e-05	4.579870e-09	9.927913e-06	-3.429619e-07
1774	1.041032e-05	6.744342e-08	1.136366e-05	2.284722e-07
1775	1.097009e-05	2.208199e-07	1.033837e-05	4.297021e-07
1776	1.024322e-05	3.596271e-08	9.823939e-06	-3.681309e-07
1777	1.023908e-05	1.224462e-08	1.126383e-05	1.449614e-07
1778	1.097039e-05	2.271137e-07	1.052603e-05	5.273134e-07
1779	1.042580e-05	8.697527e-08	9.761714e-06	-3.634717e-07
1780	1.010371e-05	-3.691223e-08	1.113414e-05	3.997619e-08
1781	1.088932e-05	2.039805e-07	1.070405e-05	6.125954e-07
1782	1.062833e-05	1.507416e-07	9.742710e-06	-3.264573e-07
1783	1.003168e-05	-6.001078e-08	1.097425e-05	-7.814613e-08
1784	1.073401e-05	1.567612e-07	1.086560e-05	6.742628e-07
1785	1.081285e-05	2.086308e-07	9.768003e-06	-2.570662e-07
1786	1.004425e-05	-4.773470e-08	1.079506e-05	-2.002527e-07
1787	1.053445e-05	8.553023e-08	1.099623e-05	7.045884e-07
1788	1.093990e-05	2.537771e-07	9.836738e-06	-1.602921e-07
1789	1.014788e-05	-3.226360e-09	1.060693e-05	-3.181569e-07
1790	1.032868e-05	5.814067e-09	1.108682e-05	7.036091e-07
1791	1.098594e-05	2.629443e-07	9.944806e-06	-3.720147e-08
1792	1.031973e-05	6.695992e-08	1.042960e-05	-4.205712e-07
1793	1.015842e-05	-5.640650e-08	1.112487e-05	6.679600e-07
1794	1.094449e-05	2.303205e-07	1.008135e-05	9.739186e-08
1795	1.052272e-05	1.545715e-07	1.027540e-05	-4.994326e-07
1796	1.005580e-05	-9.314382e-08	1.111281e-05	6.024679e-07
1797	1.081985e-05	1.651326e-07	1.023838e-05	2.345667e-07
1798	1.072134e-05	2.393315e-07	1.015319e-05	-5.526573e-07
1799	1.003331e-05	-8.267810e-08	1.106061e-05	5.132712e-07
1800	1.064316e-05	6.837725e-08	1.040013e-05	3.635948e-07
1801	1.087300e-05	2.979614e-07	1.007062e-05	-5.798217e-07
1802	1.009302e-05	-1.466900e-08	1.097418e-05	4.105527e-07
1803	1.045066e-05	-3.963060e-08	1.055658e-05	4.760059e-07
1804	1.095321e-05	3.107665e-07	1.003099e-05	-5.776567e-07
1805	1.021738e-05	8.666489e-08	1.085395e-05	2.997672e-07
1806	1.027887e-05	-1.292717e-07	1.069924e-05	5.673665e-07
1807	1.095448e-05	2.715040e-07	1.002704e-05	-5.467914e-07
1808	1.038661e-05	2.073159e-07	1.071755e-05	1.823596e-07
1809	1.014985e-05	-1.747027e-07	1.081575e-05	6.387805e-07
1810	1.088431e-05	1.725909e-07	1.005944e-05	-4.949551e-07
1811	1.056988e-05	3.225820e-07	1.057534e-05	6.656595e-08
1812	1.008558e-05	-1.549562e-07	1.089846e-05	6.943528e-07
1813	1.074772e-05	4.156054e-08	1.012183e-05	-4.280789e-07
1814	1.073333e-05	3.968524e-07	1.044293e-05	-4.455965e-08
1815	1.009269e-05	-7.179938e-08	1.094973e-05	7.252213e-07
1816	1.057440e-05	-9.509593e-08	1.020598e-05	-3.474435e-07
1817	1.085473e-05	4.128300e-07	1.032056e-05	-1.458385e-07
1818	1.016688e-05	6.383310e-08	1.096712e-05	7.373455e-07
1819	1.039492e-05	-2.084648e-07	1.030897e-05	-2.577974e-07
1820	1.091456e-05	3.552447e-07	1.021894e-05	-2.425796e-07
1821	1.029577e-05	2.237399e-07	1.095505e-05	7.355614e-07
1822	1.024174e-05	-2.648794e-07	1.042261e-05	-1.625017e-07
1823	1.091466e-05	2.301169e-07	1.013506e-05	-3.318155e-07
1824	1.045865e-05	3.671187e-07	1.091550e-05	7.204482e-07
1825	1.012335e-05	-2.444709e-07	1.054073e-05	-5.698525e-08
1826	1.084999e-05	6.686555e-08	1.007372e-05	-4.099372e-07
1827	1.063800e-05	4.607574e-07	1.085506e-05	6.789267e-07
1828	1.005394e-05	-1.517473e-07	1.065678e-05	5.969744e-08
1829	1.071847e-05	-9.709004e-08	1.004058e-05	-4.682149e-07
1830	1.080777e-05	4.881927e-07	1.076941e-05	6.150048e-07
1831	1.005272e-05	-5.919377e-10	1.075923e-05	1.769821e-07
1832	1.054372e-05	-2.299560e-07	1.003259e-05	-5.068660e-07
1833	1.093484e-05	4.329003e-07	1.067222e-05	5.339484e-07
1834	1.012536e-05	1.770759e-07	1.085323e-05	2.883610e-07
1835	1.035120e-05	-3.015799e-07	1.004312e-05	-5.239623e-07
1836	1.100900e-05	3.083781e-07	1.056503e-05	4.376947e-07
1837	1.026198e-05	3.437310e-07	1.093319e-05	3.935368e-07
1838	1.016660e-05	-3.019650e-07	1.008156e-05	-5.190183e-07
1839	1.101247e-05	1.373494e-07	1.044999e-05	3.274704e-07
1840	1.045403e-05	4.771893e-07	1.099580e-05	4.872704e-07
1841	1.002229e-05	-2.284870e-07	1.014734e-05	-4.940039e-07
1842	1.093396e-05	-5.763574e-08	1.033566e-05	2.069717e-07
1843	1.066642e-05	5.406498e-07	1.103226e-05	5.645392e-07
1844	9.945525e-06	-7.836210e-08	1.023452e-05	-4.407016e-07
1845	1.077613e-05	-2.331882e-07	1.022456e-05	7.874347e-08
1846	1.086272e-05	5.203087e-07	1.104088e-05	6.202748e-07
1847	9.955130e-06	1.144615e-07	1.034328e-05	-3.593409e-07
1848	1.057071e-05	-3.574269e-07	1.012383e-05	-4.783689e-08
1849	1.100504e-05	4.187448e-07	1.101612e-05	6.516968e-07
1850	1.004410e-05	3.170968e-07	1.046323e-05	-2.594994e-07
1851	1.036003e-05	-4.020748e-07	1.004222e-05	-1.685074e-07
1852	1.107482e-05	2.494204e-07	1.095672e-05	6.586780e-07
1853	1.020402e-05	4.877744e-07	1.059629e-05	-1.417063e-07
1854	1.016841e-05	-3.597997e-07	9.989370e-06	-2.748866e-07
1855	1.106617e-05	4.247474e-08	1.086291e-05	6.356614e-07
1856	1.040589e-05	6.025463e-07	1.073180e-05	-1.265927e-08
1857	1.002854e-05	-2.327002e-07	9.965781e-06	-3.594829e-07
1858	1.097631e-05	-1.675274e-07	1.074497e-05	5.817320e-07
1859	1.061101e-05	6.291187e-07	1.085974e-05	1.189655e-07
1860	9.958245e-06	-4.407220e-08	9.977399e-06	-4.183647e-07
1861	1.082413e-05	-3.328259e-07	1.060805e-05	5.062014e-07
1862	1.079205e-05	5.682966e-07	1.096422e-05	2.415980e-07
1863	9.961964e-06	1.711045e-07	1.002809e-05	-4.525646e-07
1864	1.063871e-05	-4.323901e-07	1.045591e-05	4.111623e-07
1865	1.092554e-05	4.322176e-07	1.104537e-05	3.577116e-07
1866	1.003388e-05	3.759158e-07	1.011320e-05	-4.585411e-07
1867	1.045130e-05	-4.527706e-07	1.030140e-05	3.032486e-07
1868	1.100139e-05	2.444981e-07	1.109218e-05	4.551899e-07
1869	1.016649e-05	5.377543e-07	1.022908e-05	-4.345653e-07
1870	1.027814e-05	-3.929314e-07	1.015480e-05	1.867346e-07
1871	1.101320e-05	3.098634e-08	1.109568e-05	5.349262e-07
1872	1.033930e-05	6.377690e-07	1.036997e-05	-3.921820e-07
1873	1.014460e-05	-2.605822e-07	1.003198e-05	7.454692e-08
1874	1.095265e-05	-1.764326e-07	1.105784e-05	5.937390e-07
1875	1.052632e-05	6.587790e-07	1.052394e-05	-3.320693e-07
1876	1.005950e-05	-6.569518e-08	9.933640e-06	-3.565010e-08
1877	1.083114e-05	-3.479401e-07	1.099364e-05	6.243965e-07
1878	1.069780e-05	5.927813e-07	1.068239e-05	-2.522868e-07
1879	1.003659e-05	1.606552e-07	9.862591e-06	-1.397876e-07
1880	1.066690e-05	-4.517325e-07	1.089701e-05	6.292764e-07
1881	1.083819e-05	4.529917e-07	1.084453e-05	-1.525695e-07
1882	1.008387e-05	3.766999e-07	9.824871e-06	-2.332176e-07
1883	1.048660e-05	-4.711815e-07	1.077068e-05	6.065835e-07
1884	1.092824e-05	2.541295e-07	1.099584e-05	-4.260540e-08
1885	1.019805e-05	5.450743e-07	9.821084e-06	-3.047658e-07
1886	1.031515e-05	-4.038889e-07	1.062094e-05	5.539271e-07
1887	1.094915e-05	2.993284e-08	1.113008e-05	7.442031e-08
1888	1.036497e-05	6.447642e-07	9.852956e-06	-3.510630e-07
1889	1.017254e-05	-2.610322e-07	1.045599e-05	4.809603e-07
1890	1.089768e-05	-1.876788e-07	1.124094e-05	1.854439e-07
1891	1.054493e-05	6.656635e-07	9.923085e-06	-3.677801e-07
1892	1.008708e-05	-5.770176e-08	1.027159e-05	3.873229e-07
1893	1.078337e-05	-3.658974e-07	1.132283e-05	2.793602e-07
1894	1.070293e-05	6.030081e-07	1.004017e-05	-3.530966e-07
1895	1.007350e-05	1.736124e-07	1.007915e-05	2.881927e-07
1896	1.063067e-05	-4.814108e-07	1.137015e-05	3.464922e-07
1897	1.082730e-05	4.624338e-07	1.019662e-05	-3.113349e-07
1898	1.013096e-05	4.013365e-07	9.901404e-06	1.882449e-07
1899	1.046744e-05	-5.156514e-07	1.137063e-05	3.843637e-07
1900	1.089804e-05	2.555623e-07	1.037882e-05	-2.478877e-07
1901	1.024346e-05	6.002291e-07	9.750634e-06	9.833941e-08
1902	1.032216e-05	-4.615710e-07	1.131817e-05	3.942167e-07
1903	1.090321e-05	3.836823e-09	1.057993e-05	-1.751383e-07
1904	1.038343e-05	7.373800e-07	9.627378e-06	3.026355e-08
1905	1.021595e-05	-3.150084e-07	1.121963e-05	3.743312e-07
1906	1.084599e-05	-2.445176e-07	1.078794e-05	-9.631604e-08
1907	1.052348e-05	7.817728e-07	9.545651e-06	-1.372053e-08
1908	1.015582e-05	-9.110522e-08	1.107640e-05	3.366358e-07
1909	1.074533e-05	-4.649971e-07	1.098802e-05	-2.410151e-08
1910	1.065216e-05	7.254261e-07	9.512747e-06	-3.230355e-08
1911	1.014739e-05	1.849731e-07	1.090156e-05	2.902871e-07
1912	1.062134e-05	-6.221421e-07	1.116488e-05	3.293768e-08
1913	1.075037e-05	5.639781e-07	9.532683e-06	-3.215586e-08
1914	1.019776e-05	4.726162e-07	1.070611e-05	2.397061e-07
1915	1.049329e-05	-6.800975e-07	1.130997e-05	6.932693e-08
1916	1.080761e-05	3.093646e-07	9.601836e-06	-9.622584e-09
1917	1.028677e-05	7.274808e-07	1.050302e-05	1.847564e-07
1918	1.037486e-05	-6.184202e-07	1.142347e-05	8.673846e-08
1919	1.082113e-05	-5.683921e-09	9.710318e-06	2.410770e-08
1920	1.039620e-05	9.057156e-07	1.030412e-05	1.453450e-07
1921	1.028151e-05	-4.313896e-07	1.149786e-05	8.113668e-08
1922	1.078955e-05	-3.339211e-07	9.847530e-06	6.237456e-08
1923	1.051014e-05	9.621034e-07	1.011545e-05	1.234345e-07
1924	1.021475e-05	-1.308494e-07	1.153121e-05	6.237266e-08
1925	1.072385e-05	-6.165480e-07	1.000505e-05	1.014811e-07
1926	1.062163e-05	8.727324e-07	9.941290e-06	1.139028e-07
1927	1.018099e-05	2.283724e-07	1.152270e-05	3.513494e-08
1928	1.062763e-05	-7.955300e-07	1.018005e-05	1.402238e-07
1929	1.072926e-05	6.468970e-07	9.788038e-06	1.113141e-07
1930	1.019553e-05	5.864115e-07	1.147364e-05	9.177326e-10
1931	1.051037e-05	-8.362092e-07	1.036959e-05	1.723595e-07
1932	1.080730e-05	3.093068e-07	9.667787e-06	1.207422e-07
1933	1.025780e-05	8.845293e-07	1.139088e-05	-3.847226e-08
1934	1.039304e-05	-7.181405e-07	1.056061e-05	1.896216e-07
1935	1.084576e-05	-8.932037e-08	9.578721e-06	1.414869e-07
1936	1.035210e-05	1.063832e-06	1.128067e-05	-7.915313e-08
1937	1.027874e-05	-4.543063e-07	1.075167e-05	1.939412e-07
1938	1.084277e-05	-4.756259e-07	9.525829e-06	1.718942e-07
1939	1.047532e-05	1.090339e-06	1.114190e-05	-1.139063e-07
1940	1.018432e-05	-7.929186e-08	1.093280e-05	1.910636e-07
1941	1.078686e-05	-7.897419e-07	9.510069e-06	2.074666e-07
1942	1.060785e-05	9.441154e-07	1.097520e-05	-1.410803e-07
1943	1.013489e-05	3.566253e-07	1.109388e-05	1.792658e-07
1944	1.068891e-05	-9.661501e-07	9.534033e-06	2.486151e-07
1945	1.072313e-05	6.412173e-07	1.078826e-05	-1.607009e-07
1946	1.014684e-05	7.618947e-07	1.123510e-05	1.593769e-07
1947	1.056635e-05	-9.666906e-07	9.596966e-06	2.920611e-07
1948	1.080250e-05	2.317346e-07	1.059098e-05	-1.772659e-07
1949	1.020783e-05	1.071563e-06	1.134375e-05	1.297386e-07
1950	1.044759e-05	-7.837540e-07	9.698930e-06	3.364421e-07
1951	1.083889e-05	-2.187980e-07	1.039329e-05	-1.850844e-07
1952	1.029795e-05	1.220780e-06	1.141344e-05	9.325616e-08
1953	1.034478e-05	-4.428006e-07	9.839388e-06	3.785803e-07
1954	1.083379e-05	-6.253780e-07	1.020245e-05	-1.867190e-07
1955	1.040259e-05	1.188869e-06	1.144208e-05	4.682750e-08
1956	1.026547e-05	-5.578682e-09	1.000893e-05	4.253371e-07
1957	1.079198e-05	-9.248919e-07	1.002443e-05	-1.787871e-07
1958	1.049920e-05	9.763547e-07	1.143168e-05	-8.761334e-09
1959	1.023172e-05	4.514796e-07	1.019598e-05	4.687497e-07
1960	1.072683e-05	-1.052136e-06	9.875986e-06	-1.566503e-07
1961	1.057794e-05	6.150126e-07	1.136849e-05	-7.598046e-08
1962	1.023353e-05	8.478510e-07	1.039919e-05	5.042349e-07
1963	1.065851e-05	-9.934495e-07	9.761038e-06	-1.134401e-07
1964	1.063625e-05	1.771490e-07	1.126803e-05	-1.519730e-07
1965	1.025377e-05	1.116778e-06	1.060054e-05	5.256063e-07
1966	1.059509e-05	-7.650400e-07	9.683784e-06	-5.173541e-08
1967	1.067076e-05	-2.605116e-07	1.113095e-05	-2.313241e-07
1968	1.028739e-05	1.215928e-06	1.079092e-05	5.296093e-07
1969	1.053026e-05	-4.055887e-07	9.649687e-06	3.178498e-08
1970	1.069382e-05	-6.329228e-07	1.096783e-05	-3.112545e-07
1971	1.032292e-05	1.145329e-06	1.096135e-05	5.120478e-07
1972	1.047368e-05	2.205112e-08	9.666346e-06	1.306073e-07
1973	1.070394e-05	-8.838387e-07	1.078427e-05	-3.748821e-07
1974	1.035748e-05	9.196596e-07	1.110157e-05	4.634095e-07
1975	1.042827e-05	4.460846e-07	9.725931e-06	2.417101e-07
1976	1.070599e-05	-9.772897e-07	1.060191e-05	-4.229468e-07
1977	1.039793e-05	5.692770e-07	1.120383e-05	3.894333e-07
1978	1.038958e-05	8.026679e-07	9.819675e-06	3.550918e-07
1979	1.070582e-05	-8.986536e-07	1.042330e-05	-4.460643e-07
1980	1.044901e-05	1.549873e-07	1.127353e-05	2.985744e-07
1981	1.035424e-05	1.029637e-06	9.942954e-06	4.565301e-07
1982	1.069156e-05	-6.639589e-07	1.024841e-05	-4.458697e-07
1983	1.050731e-05	-2.466279e-07	1.130412e-05	1.916522e-07
1984	1.032467e-05	1.092358e-06	1.009024e-05	5.485102e-07
1985	1.065511e-05	-3.180461e-07	1.009423e-05	-4.222719e-07
1986	1.056793e-05	-5.696492e-07	1.129140e-05	7.417282e-08
1987	1.031205e-05	9.954249e-07	1.024793e-05	6.269592e-07
1988	1.059451e-05	7.135196e-08	9.971019e-06	-3.724434e-07
1989	1.062366e-05	-7.666146e-07	1.124160e-05	-4.976403e-08
1990	1.031686e-05	7.673878e-07	1.040508e-05	6.865002e-07
1991	1.052415e-05	4.428886e-07	9.877931e-06	-3.011236e-07
1992	1.067615e-05	-8.215358e-07	1.116612e-05	-1.763027e-07
1993	1.033930e-05	4.473283e-07	1.056300e-05	7.295216e-07
1994	1.045400e-05	7.365100e-07	9.814938e-06	-2.068977e-07
1995	1.071742e-05	-7.349273e-07	1.106374e-05	-3.048698e-07
1996	1.038582e-05	9.117048e-08	1.071695e-05	7.468554e-07
1997	1.038267e-05	9.169235e-07	9.788758e-06	-9.021704e-08
1998	1.073022e-05	-5.262001e-07	1.093515e-05	-4.274916e-07
1999	1.045532e-05	-2.491868e-07	1.085008e-05	7.383488e-07
2000	1.031647e-05	9.702712e-07	9.801991e-06	4.244606e-08
2001	1.070561e-05	-2.314008e-07	1.078896e-05	-5.346316e-07
2002	1.054048e-05	-5.270170e-07	1.095964e-05	6.980779e-07
2003	1.026861e-05	8.964150e-07	9.848155e-06	1.907617e-07
2004	1.064850e-05	1.064576e-07	1.063839e-05	-6.227863e-07
2005	1.063147e-05	-7.069771e-07	1.104146e-05	6.229085e-07
2006	1.024800e-05	7.058837e-07	9.922637e-06	3.498489e-07
2007	1.056805e-05	4.318310e-07	1.049099e-05	-6.825550e-07
2008	1.071807e-05	-7.689570e-07	1.109283e-05	5.095370e-07
2009	1.026810e-05	4.291208e-07	1.002015e-05	5.119815e-07
2010	1.046649e-05	7.073198e-07	1.035949e-05	-7.071472e-07
2011	1.078077e-05	-7.167271e-07	1.111314e-05	3.641716e-07
2012	1.033011e-05	1.083430e-07	1.013238e-05	6.611906e-07
2013	1.036103e-05	8.985471e-07	1.025068e-05	-6.915096e-07
2014	1.080349e-05	-5.501360e-07	1.109740e-05	1.937595e-07
2015	1.041933e-05	-2.154160e-07	1.025192e-05	7.955198e-07
2016	1.026932e-05	9.815221e-07	1.017140e-05	-6.379428e-07
2017	1.077403e-05	-2.873139e-07	1.105469e-05	6.961751e-09
2018	1.053015e-05	-5.026934e-07	1.036434e-05	9.041060e-07
2019	1.020868e-05	9.450938e-07	1.011937e-05	-5.449490e-07
2020	1.069745e-05	4.187408e-08	1.099367e-05	-1.835743e-07
2021	1.064436e-05	-7.142655e-07	1.046104e-05	9.721622e-07
2022	1.019204e-05	7.828824e-07	1.009202e-05	-4.105744e-07
2023	1.058968e-05	3.899583e-07	1.092460e-05	-3.667356e-07
2024	1.074947e-05	-8.173746e-07	1.054123e-05	9.957826e-07
2025	1.022504e-05	5.049339e-07	1.008340e-05	-2.443457e-07
2026	1.046068e-05	7.040635e-07	1.085275e-05	-5.339408e-07
2027	1.082019e-05	-7.809383e-07	1.060864e-05	9.779340e-07
2028	1.031775e-05	1.560649e-07	1.009158e-05	-6.106455e-08
2029	1.033115e-05	9.277318e-07	1.078030e-05	-6.752521e-07
2030	1.082789e-05	-6.070665e-07	1.066518e-05	9.200078e-07
2031	1.044240e-05	-2.080238e-07	1.011597e-05	1.306725e-07
2032	1.023077e-05	1.030798e-06	1.071161e-05	-7.832390e-07
2033	1.077635e-05	-3.122811e-07	1.070586e-05	8.205241e-07
2034	1.057941e-05	-5.398143e-07	1.014689e-05	3.216489e-07
2035	1.017002e-05	9.928088e-07	1.064771e-05	-8.492483e-07
2036	1.067285e-05	5.580911e-08	1.073732e-05	6.847451e-07
2037	1.071598e-05	-7.796503e-07	1.018585e-05	5.021360e-07
2038	1.017145e-05	8.124484e-07	1.058410e-05	-8.713008e-07
2039	1.053847e-05	4.391189e-07	1.075640e-05	5.258293e-07
2040	1.081456e-05	-8.887703e-07	1.023170e-05	6.603910e-07
2041	1.023371e-05	5.032067e-07	1.052527e-05	-8.536451e-07
2042	1.039566e-05	7.875140e-07	1.075902e-05	3.500779e-07
2043	1.086442e-05	-8.363775e-07	1.028386e-05	7.964344e-07
2044	1.033631e-05	1.071554e-07	1.047606e-05	-7.968855e-07
2045	1.027534e-05	1.025365e-06	1.075091e-05	1.701713e-07
2046	1.085377e-05	-6.189566e-07	1.033809e-05	9.001320e-07
2047	1.046003e-05	-2.956615e-07	1.043661e-05	-7.106792e-07
2048	1.019178e-05	1.108991e-06	1.072703e-05	-9.370216e-09
2049	1.079493e-05	-2.768565e-07	1.039322e-05	9.770774e-07
2050	1.058809e-05	-6.368359e-07	1.041362e-05	-5.969648e-07
2051	1.014452e-05	1.018002e-06	1.068924e-05	-1.812907e-07
2052	1.070817e-05	1.337183e-07	1.044772e-05	1.017690e-06
2053	1.070736e-05	-8.484798e-07	1.040770e-05	-4.602502e-07
2054	1.013878e-05	7.699013e-07	1.063569e-05	-3.383766e-07
2055	1.059463e-05	5.314652e-07	1.049898e-05	1.026916e-06
2056	1.080806e-05	-9.008666e-07	1.041626e-05	-3.080421e-07
2057	1.017053e-05	4.125594e-07	1.058190e-05	-4.822519e-07
2058	1.047517e-05	8.478596e-07	1.053803e-05	1.001751e-06
2059	1.087534e-05	-7.798765e-07	1.044058e-05	-1.432693e-07
2060	1.023108e-05	1.044471e-08	1.052196e-05	-6.051926e-07
2061	1.035907e-05	1.020380e-06	1.056365e-05	9.398598e-07
2062	1.090204e-05	-5.105714e-07	1.048244e-05	3.375503e-08
2063	1.032511e-05	-3.581248e-07	1.046362e-05	-7.024818e-07
2064	1.024730e-05	1.026497e-06	1.056857e-05	8.458742e-07
2065	1.089299e-05	-1.538257e-07	1.053010e-05	2.159606e-07
2066	1.044644e-05	-6.273857e-07	1.041770e-05	-7.699935e-07
2067	1.015420e-05	8.807973e-07	1.055346e-05	7.180098e-07
2068	1.084084e-05	2.212662e-07	1.058365e-05	4.024933e-07
2069	1.058290e-05	-7.584265e-07	1.038881e-05	-8.045067e-07
2070	1.009668e-05	6.180051e-07	1.052161e-05	5.635765e-07
2071	1.074796e-05	5.486338e-07	1.064160e-05	5.734861e-07
2072	1.072394e-05	-7.433255e-07	1.037597e-05	-7.970271e-07
2073	1.008059e-05	2.886125e-07	1.047134e-05	3.822824e-07
2074	1.062388e-05	7.741199e-07	1.069997e-05	7.196671e-07
2075	1.084279e-05	-5.920986e-07	1.038544e-05	-7.416450e-07
2076	1.011456e-05	-4.942884e-08	1.040700e-05	1.821200e-07
2077	1.047903e-05	8.676452e-07	1.074480e-05	8.321311e-07
2078	1.092268e-05	-3.298079e-07	1.041799e-05	-6.392457e-07
2079	1.020449e-05	-3.395328e-07	1.034035e-05	-1.789540e-08
2080	1.032726e-05	8.163586e-07	1.077222e-05	8.984039e-07
2081	1.094460e-05	-6.895158e-09	1.046254e-05	-5.003942e-07
2082	1.034264e-05	-5.208628e-07	1.027498e-05	-2.049470e-07
2083	1.019291e-05	6.354465e-07	1.078251e-05	9.219791e-07
2084	1.090209e-05	3.031536e-07	1.052164e-05	-3.335760e-07
2085	1.051283e-05	-5.694532e-07	1.021184e-05	-3.677670e-07
2086	1.010370e-05	3.733444e-07	1.076917e-05	9.022510e-07
2087	1.079640e-05	5.386393e-07	1.060102e-05	-1.540404e-07
2088	1.068010e-05	-4.843556e-07	1.016080e-05	-4.992437e-07
2089	1.008577e-05	8.713680e-08	1.072116e-05	8.414797e-07
2090	1.064186e-05	6.614430e-07	1.069395e-05	3.019772e-08
2091	1.082321e-05	-3.001639e-07	1.013175e-05	-5.953016e-07
2092	1.013480e-05	-1.676076e-07	1.065194e-05	7.447719e-07
2093	1.046244e-05	6.631498e-07	1.077853e-05	2.058289e-07
2094	1.091013e-05	-5.848401e-08	1.012647e-05	-6.507938e-07
2095	1.024762e-05	-3.478073e-07	1.057059e-05	6.149819e-07
2096	1.029027e-05	5.569296e-07	1.085315e-05	3.730295e-07
2097	1.092014e-05	1.893955e-07	1.014202e-05	-6.686534e-07
2098	1.041082e-05	-4.232594e-07	1.047498e-05	4.661880e-07
2099	1.015666e-05	3.762737e-07	1.092024e-05	5.142003e-07
2100	1.085221e-05	3.950079e-07	1.018149e-05	-6.443360e-07
2101	1.060132e-05	-3.986352e-07	1.037140e-05	3.051428e-07
2102	1.008561e-05	1.663983e-07	1.096827e-05	6.270469e-07
2103	1.071301e-05	5.299756e-07	1.024516e-05	-5.822418e-07
2104	1.077624e-05	-2.963623e-07	1.027062e-05	1.399760e-07
2105	1.009400e-05	-3.492128e-08	1.098843e-05	7.102426e-07
2106	1.052888e-05	5.777385e-07	1.033228e-05	-4.894302e-07
2107	1.090343e-05	-1.423322e-07	1.017592e-05	-2.427472e-08
2108	1.018139e-05	-1.976667e-07	1.097890e-05	7.581083e-07
2109	1.033385e-05	5.494991e-07	1.043890e-05	-3.705636e-07
2110	1.095280e-05	3.368502e-08	1.009903e-05	-1.755423e-07
2111	1.034089e-05	-2.994679e-07	1.093671e-05	7.697645e-07
2112	1.016825e-05	4.594352e-07	1.055688e-05	-2.339674e-07
2113	1.091292e-05	2.014272e-07	1.004153e-05	-3.028198e-07
2114	1.053455e-05	-3.385125e-07	1.086654e-05	7.455646e-07
2115	1.006889e-05	3.322877e-07	1.067946e-05	-8.834788e-08
2116	1.079459e-05	3.384215e-07	1.000981e-05	-4.073714e-07
2117	1.072277e-05	-3.221065e-07	1.076988e-05	6.909592e-07
2118	1.005094e-05	1.872702e-07	1.079275e-05	6.219399e-08
2119	1.062122e-05	4.371298e-07	1.001227e-05	-4.798648e-07
2120	1.086998e-05	-2.600661e-07	1.065120e-05	6.020128e-07
2121	1.011827e-05	3.902100e-08	1.088771e-05	2.106719e-07
2122	1.042762e-05	4.901798e-07	1.005315e-05	-5.146608e-07
2123	1.094931e-05	-1.578711e-07	1.051798e-05	4.874025e-07
2124	1.025166e-05	-1.024661e-07	1.095386e-05	3.436541e-07
2125	1.024635e-05	4.989687e-07	1.012704e-05	-5.150593e-07
2126	1.094718e-05	-2.159852e-08	1.039007e-05	3.585075e-07
2127	1.043902e-05	-2.194279e-07	1.098772e-05	4.539620e-07
2128	1.010853e-05	4.531129e-07	1.022559e-05	-4.831144e-07
2129	1.085545e-05	1.331167e-07	1.027513e-05	2.249584e-07
2130	1.064015e-05	-2.893884e-07	1.098949e-05	5.349200e-07
2131	1.005095e-05	3.582676e-07	1.033979e-05	-4.210080e-07
2132	1.069839e-05	2.823342e-07	1.017742e-05	9.003979e-08
2133	1.081575e-05	-3.128256e-07	1.095889e-05	5.857264e-07
2134	1.007514e-05	2.284658e-07	1.046111e-05	-3.352922e-07
2135	1.050205e-05	4.128078e-07	1.010850e-05	-3.844976e-08
2136	1.093897e-05	-2.857013e-07	1.089841e-05	6.080339e-07
2137	1.018194e-05	7.892741e-08	1.057859e-05	-2.291819e-07
2138	1.030309e-05	5.000586e-07	1.006562e-05	-1.450199e-07
2139	1.097425e-05	-2.020018e-07	1.082122e-05	5.920162e-07
2140	1.035259e-05	-8.332888e-08	1.068758e-05	-1.115140e-07
2141	1.014490e-05	5.395470e-07	1.004846e-05	-2.273526e-07
2142	1.092294e-05	-5.929318e-08	1.072906e-05	5.516876e-07
2143	1.055014e-05	-2.415206e-07	1.078376e-05	1.011597e-08
2144	1.005298e-05	5.096716e-07	1.005729e-05	-2.843630e-07
2145	1.080312e-05	1.254462e-07	1.062705e-05	4.859857e-07
2146	1.073067e-05	-3.498081e-07	1.086214e-05	1.223467e-07
2147	1.004459e-05	3.992277e-07	1.008411e-05	-3.139225e-07
2148	1.063571e-05	3.131291e-07	1.052659e-05	4.067591e-07
2149	1.086603e-05	-3.818751e-07	1.092434e-05	2.207628e-07
2150	1.010194e-05	2.314531e-07	1.012706e-05	-3.197598e-07
2151	1.045975e-05	4.727240e-07	1.042931e-05	3.132601e-07
2152	1.093995e-05	-3.238239e-07	1.097276e-05	3.006630e-07
2153	1.020942e-05	3.280516e-08	1.017780e-05	-2.959980e-07
2154	1.029919e-05	5.644756e-07	1.034057e-05	2.096866e-07
2155	1.095292e-05	-1.871856e-07	1.100291e-05	3.639566e-07
2156	1.035237e-05	-1.573416e-07	1.024250e-05	-2.520411e-07
2157	1.017728e-05	5.689693e-07	1.026011e-05	1.075537e-07
2158	1.090174e-05	7.393037e-09	1.100538e-05	4.113987e-07
2159	1.051050e-05	-3.017777e-07	1.031719e-05	-1.900166e-07
2160	1.010946e-05	4.768081e-07	1.018928e-05	9.174118e-09
2161	1.080293e-05	2.168381e-07	1.099662e-05	4.375182e-07
2162	1.066099e-05	-3.665993e-07	1.039401e-05	-1.174991e-07
2163	1.010025e-05	3.123302e-07	1.012403e-05	-8.173591e-08
2164	1.067062e-05	3.926238e-07	1.097515e-05	4.428938e-07
2165	1.078088e-05	-3.356632e-07	1.047768e-05	-3.509970e-08
2166	1.013668e-05	1.164825e-07	1.006873e-05	-1.619975e-07
2167	1.052066e-05	5.015228e-07	1.093907e-05	4.319418e-07
2168	1.085720e-05	-2.223833e-07	1.056567e-05	5.756838e-08
2169	1.021905e-05	-6.778812e-08	1.002903e-05	-2.359355e-07
2170	1.037834e-05	5.241149e-07	1.088617e-05	4.032442e-07
2171	1.087998e-05	-5.600177e-08	1.065725e-05	1.563633e-07
2172	1.033697e-05	-2.084888e-07	1.000322e-05	-2.909033e-07
2173	1.025981e-05	4.646760e-07	1.081897e-05	3.523632e-07
2174	1.084763e-05	1.290938e-07	1.074801e-05	2.628524e-07
2175	1.048098e-05	-2.828465e-07	9.990047e-06	-3.286164e-07
2176	1.018648e-05	3.337903e-07	1.073931e-05	2.733984e-07
2177	1.076433e-05	3.021134e-07	1.083222e-05	3.755083e-07
2178	1.062249e-05	-2.809220e-07	9.998348e-06	-3.438884e-07
2179	1.016601e-05	1.582678e-07	1.064893e-05	1.679012e-07
2180	1.064279e-05	4.293468e-07	1.089984e-05	4.812033e-07
2181	1.073999e-05	-1.960956e-07	1.002684e-05	-3.266815e-07
2182	1.019794e-05	-2.905154e-08	1.055326e-05	4.703512e-08
2183	1.049881e-05	4.728288e-07	1.095244e-05	5.683444e-07
2184	1.081622e-05	-4.293894e-08	1.007513e-05	-2.773832e-07
2185	1.028059e-05	-1.806460e-07	1.045529e-05	-8.328015e-08
2186	1.035382e-05	4.305768e-07	1.098768e-05	6.274466e-07
2187	1.083799e-05	1.424963e-07	1.014245e-05	-1.940495e-07
2188	1.041532e-05	-2.703563e-07	1.035455e-05	-2.146745e-07
2189	1.023171e-05	3.073310e-07	1.100825e-05	6.537608e-07
2190	1.079385e-05	3.173253e-07	1.022824e-05	-8.350760e-08
2191	1.057622e-05	-2.742697e-07	1.026316e-05	-3.389729e-07
2192	1.015589e-05	1.313918e-07	1.100167e-05	6.419244e-07
2193	1.069207e-05	4.374961e-07	1.032684e-05	5.273525e-08
2194	1.073200e-05	-1.910677e-07	1.019062e-05	-4.479056e-07
2195	1.014690e-05	-5.105939e-08	1.096490e-05	5.956988e-07
2196	1.053933e-05	4.859525e-07	1.042769e-05	2.005062e-07
2197	1.085545e-05	-4.919155e-08	1.014206e-05	-5.330527e-07
2198	1.020710e-05	-1.932547e-07	1.090782e-05	5.163880e-07
2199	1.036391e-05	4.490421e-07	1.052822e-05	3.527038e-07
2200	1.092118e-05	1.212642e-07	1.011077e-05	-5.815592e-07
2201	1.032831e-05	-2.692652e-07	1.083487e-05	4.013905e-07
2202	1.019427e-05	3.404898e-07	1.062127e-05	5.003195e-07
2203	1.091519e-05	2.753104e-07	1.010383e-05	-5.883681e-07
2204	1.050211e-05	-2.694133e-07	1.074714e-05	2.573184e-07
2205	1.006974e-05	1.930321e-07	1.070502e-05	6.305486e-07
2206	1.083206e-05	3.775880e-07	1.012096e-05	-5.535516e-07
2207	1.070106e-05	-1.996301e-07	1.064813e-05	9.846164e-08
2208	1.001181e-05	4.409273e-08	1.077351e-05	7.339883e-07
2209	1.067823e-05	4.119778e-07	1.016379e-05	-4.759677e-07
2210	1.088674e-05	-8.729419e-08	1.054164e-05	-6.726026e-08
2211	1.003952e-05	-6.918797e-08	1.081760e-05	7.961476e-07
2212	1.047046e-05	3.826488e-07	1.023034e-05	-3.577545e-07
2213	1.101431e-05	3.876127e-08	1.044371e-05	-2.288584e-07
2214	1.015367e-05	-1.255936e-07	1.083129e-05	8.178546e-07
2215	1.025196e-05	3.035688e-07	1.031558e-05	-2.153470e-07
2216	1.105127e-05	1.444835e-07	1.035439e-05	-3.730705e-07
2217	1.034316e-05	-1.228757e-07	1.081581e-05	7.989484e-07
2218	1.006916e-05	2.070460e-07	1.041679e-05	-5.944015e-08
2219	1.098749e-05	2.093665e-07	1.028051e-05	-4.894075e-07
2220	1.057472e-05	-8.209481e-08	1.077021e-05	7.405833e-07
2221	9.960774e-06	1.193555e-07	1.052975e-05	1.090438e-07
2222	1.083564e-05	2.325051e-07	1.022902e-05	-5.753758e-07
2223	1.079894e-05	-2.441987e-08	1.069579e-05	6.433035e-07
2224	9.948722e-06	6.089218e-08	1.064505e-05	2.770340e-07
2225	1.062650e-05	2.221041e-07	1.021581e-05	-6.223627e-07
2226	1.097213e-05	3.415920e-08	1.059465e-05	5.173008e-07
2227	1.003045e-05	3.403174e-08	1.074522e-05	4.305941e-07
2228	1.038508e-05	1.972319e-07	1.024075e-05	-6.283782e-07
2229	1.107229e-05	7.810715e-08	1.047715e-05	3.702184e-07
2230	1.019509e-05	3.136278e-08	1.082241e-05	5.620671e-07
2231	1.016433e-05	1.608984e-07	1.030106e-05	-5.971806e-07
2232	1.106753e-05	9.995121e-08	1.035199e-05	2.117417e-07
2233	1.041765e-05	4.522752e-08	1.086635e-05	6.616029e-07
2234	1.000100e-05	1.356738e-07	1.039225e-05	-5.323438e-07
2235	1.096731e-05	9.890827e-08	1.023193e-05	5.671933e-08
2236	1.066338e-05	5.901088e-08	1.087024e-05	7.304658e-07
2237	9.917872e-06	1.287070e-07	1.050847e-05	-4.348175e-07
2238	1.078940e-05	8.800591e-08	1.013270e-05	-9.587844e-08
2239	1.088271e-05	6.288650e-08	1.083237e-05	7.654176e-07
2240	9.936833e-06	1.422492e-07	1.063610e-05	-3.077500e-07
2241	1.055970e-05	8.752094e-08	1.006243e-05	-2.317671e-07
2242	1.103327e-05	4.260551e-08	1.076027e-05	7.623948e-07
2243	1.005292e-05	1.553531e-07	1.076462e-05	-1.673791e-07
2244	1.032380e-05	1.113037e-07	1.002743e-05	-3.506657e-07
2245	1.108963e-05	1.558973e-08	1.065997e-05	7.245685e-07
2246	1.023648e-05	1.500315e-07	1.087861e-05	-1.650973e-08
2247	1.012990e-05	1.425630e-07	1.003624e-05	-4.397886e-07
2248	1.104489e-05	1.186256e-09	1.054138e-05	6.571552e-07
2249	1.045537e-05	1.301012e-07	1.096605e-05	1.282105e-07
2250	1.000864e-05	1.726735e-07	1.008389e-05	-5.001711e-07
2251	1.091915e-05	4.519464e-09	1.041219e-05	5.682475e-07
2252	1.066335e-05	9.210114e-08	1.102200e-05	2.662065e-07
2253	9.975092e-06	1.919247e-07	1.016454e-05	-5.337173e-07
2254	1.074954e-05	2.659185e-08	1.028784e-05	4.594962e-07
2255	1.083137e-05	5.406919e-08	1.104741e-05	3.906295e-07
2256	1.002112e-05	1.945444e-07	1.026930e-05	-5.363110e-07
2257	1.055810e-05	6.722993e-08	1.017112e-05	3.398823e-07
2258	1.093932e-05	2.036418e-08	1.103862e-05	4.936286e-07
2259	1.013209e-05	1.768311e-07	1.039572e-05	-5.129463e-07
2260	1.037166e-05	1.098165e-07	1.007653e-05	2.164664e-07
2261	1.097375e-05	6.662284e-09	1.099419e-05	5.730208e-07
2262	1.028775e-05	1.493993e-07	1.052746e-05	-4.617860e-07
2263	1.021961e-05	1.409049e-07	1.001202e-05	9.693521e-08
2264	1.092807e-05	1.495946e-08	1.092470e-05	6.252170e-07
2265	1.046040e-05	1.193809e-07	1.065203e-05	-3.913456e-07
2266	1.012495e-05	1.558176e-07	9.974699e-06	-9.577882e-09
2267	1.082637e-05	3.162471e-08	1.083368e-05	6.543757e-07
2268	1.062713e-05	9.406190e-08	1.076741e-05	-3.140748e-07
2269	1.009795e-05	1.545390e-07	9.965717e-06	-1.057371e-07
2270	1.068781e-05	5.034357e-08	1.072800e-05	6.679953e-07
2271	1.076313e-05	8.185509e-08	1.087148e-05	-2.332113e-07
2272	1.013404e-05	1.466741e-07	9.979309e-06	-1.905833e-07
2273	1.052982e-05	6.530842e-08	1.061297e-05	6.674789e-07
2274	1.085185e-05	7.829491e-08	1.095687e-05	-1.493363e-07
2275	1.022529e-05	1.371866e-07	1.001567e-05	-2.693769e-07
2276	1.037324e-05	7.673425e-08	1.049595e-05	6.559970e-07
2277	1.087428e-05	8.389433e-08	1.102131e-05	-6.223346e-08
2278	1.035940e-05	1.272261e-07	1.007512e-05	-3.379434e-07
2279	1.024999e-05	8.163997e-08	1.037723e-05	6.310292e-07
2280	1.083016e-05	9.133949e-08	1.106467e-05	3.353778e-08
2281	1.051239e-05	1.183872e-07	1.015689e-05	-3.972405e-07
2282	1.017794e-05	7.276216e-08	1.026047e-05	5.914796e-07
2283	1.073395e-05	1.047316e-07	1.108728e-05	1.283475e-07
2284	1.066087e-05	1.161549e-07	1.026265e-05	-4.477694e-07
2285	1.016042e-05	5.655967e-08	1.014316e-05	5.402179e-07
2286	1.060675e-05	1.092409e-07	1.108596e-05	2.279660e-07
2287	1.078040e-05	1.267184e-07	1.038572e-05	-4.885717e-07
2288	1.020218e-05	3.913458e-08	1.003935e-05	4.716463e-07
2289	1.045777e-05	1.064444e-07	1.105793e-05	3.259437e-07
2290	1.085483e-05	1.519420e-07	1.051783e-05	-5.095031e-07
2291	1.029371e-05	2.611322e-08	9.950203e-06	3.874993e-07
2292	1.031182e-05	8.468681e-08	1.099999e-05	4.206663e-07
2293	1.087109e-05	1.826273e-07	1.065559e-05	-5.071467e-07
2294	1.041792e-05	3.621234e-08	9.883115e-06	2.880085e-07
2295	1.019531e-05	4.782823e-08	1.090991e-05	5.049022e-07
2296	1.082524e-05	2.011515e-07	1.079886e-05	-4.810644e-07
2297	1.056430e-05	7.267042e-08	9.845900e-06	1.838393e-07
2298	1.012888e-05	1.652607e-09	1.079702e-05	5.748454e-07
2299	1.072777e-05	1.962639e-07	1.093212e-05	-4.319608e-07
2300	1.070668e-05	1.291637e-07	9.841927e-06	7.179910e-08
2301	1.011962e-05	-3.662476e-08	1.066622e-05	6.254011e-07
2302	1.059882e-05	1.551990e-07	1.105138e-05	-3.575352e-07
2303	1.081836e-05	1.981952e-07	9.871260e-06	-4.326601e-08
2304	1.016873e-05	-4.292643e-08	1.052501e-05	6.498189e-07
2305	1.045066e-05	7.970714e-08	1.114604e-05	-2.625032e-07
2306	1.088612e-05	2.588435e-07	9.930184e-06	-1.498692e-07
2307	1.026379e-05	-8.950001e-10	1.037972e-05	6.450892e-07
2308	1.030496e-05	-1.257154e-08	1.121811e-05	-1.535811e-07
2309	1.090073e-05	2.800012e-07	1.001328e-05	-2.403897e-07
2310	1.039717e-05	8.647752e-08	1.022745e-05	6.077838e-07
2311	1.018450e-05	-9.800214e-08	1.126658e-05	-3.462343e-08
2312	1.085300e-05	2.479678e-07	1.012552e-05	-3.039480e-07
2313	1.055623e-05	2.007085e-07	1.007682e-05	5.433015e-07
2314	1.011455e-05	-1.472856e-07	1.128777e-05	7.820178e-08
2315	1.074363e-05	1.557238e-07	1.025968e-05	-3.370398e-07
2316	1.071390e-05	3.145871e-07	9.936353e-06	4.598120e-07
2317	1.011236e-05	-1.349459e-07	1.127624e-05	1.800163e-07
2318	1.058842e-05	2.087454e-08	1.041394e-05	-3.376783e-07
2319	1.083226e-05	3.933857e-07	9.808675e-06	3.625415e-07
2320	1.018333e-05	-5.139313e-08	1.123301e-05	2.638508e-07
2321	1.041715e-05	-1.208363e-07	1.058412e-05	-3.122445e-07
2322	1.088461e-05	4.113505e-07	9.698150e-06	2.588946e-07
2323	1.031077e-05	8.836071e-08	1.116244e-05	3.272820e-07
2324	1.027024e-05	-2.324558e-07	1.076626e-05	-2.644380e-07
2325	1.085844e-05	3.507720e-07	9.607655e-06	1.599208e-07
2326	1.046843e-05	2.553770e-07	1.105573e-05	3.601663e-07
2327	1.017773e-05	-2.908372e-07	1.095328e-05	-1.969122e-07
2328	1.076929e-05	2.242309e-07	9.552081e-06	7.812824e-08
2329	1.063108e-05	4.023931e-07	1.091566e-05	3.600662e-07
2330	1.015072e-05	-2.714032e-07	1.113446e-05	-1.192438e-07
2331	1.063464e-05	5.744975e-08	9.533729e-06	1.619631e-08
2332	1.076409e-05	5.013462e-07	1.074464e-05	3.336696e-07
2333	1.019002e-05	-1.688349e-07	1.130247e-05	-3.942615e-08
2334	1.048083e-05	-1.232883e-07	9.557871e-06	-1.940966e-08
2335	1.083801e-05	5.288218e-07	1.054436e-05	2.888566e-07
2336	1.028630e-05	-5.364524e-09	1.144988e-05	2.910348e-08
2337	1.033297e-05	-2.698540e-07	9.632509e-06	-3.337074e-08
2338	1.084523e-05	4.734100e-07	1.032614e-05	2.339201e-07
2339	1.041949e-05	1.904049e-07	1.156076e-05	9.205988e-08
2340	1.023118e-05	-3.543731e-07	9.763985e-06	-2.881938e-08
2341	1.077777e-05	3.382611e-07	1.009636e-05	1.722561e-07
2342	1.056566e-05	3.730535e-07	1.162831e-05	1.350749e-07
2343	1.019360e-05	-3.504559e-07	9.941687e-06	-2.430131e-09
2344	1.066078e-05	1.550463e-07	9.876161e-06	1.117357e-07
2345	1.068825e-05	4.987427e-07	1.163697e-05	1.612498e-07
2346	1.022782e-05	-2.616762e-07	1.015772e-05	3.849539e-08
2347	1.052478e-05	-3.881965e-08	9.684666e-06	5.800442e-08
2348	1.075861e-05	5.542401e-07	1.158412e-05	1.577781e-07
2349	1.031711e-05	-1.171797e-07	1.039758e-05	8.753810e-08
2350	1.039659e-05	-2.019815e-07	9.532011e-06	2.383673e-08
2351	1.076090e-05	5.302365e-07	1.147614e-05	1.324009e-07
2352	1.044077e-05	5.741078e-08	1.064681e-05	1.363835e-07
2353	1.030960e-05	-3.040514e-07	9.430743e-06	7.017175e-09
2354	1.069991e-05	4.385062e-07	1.131729e-05	9.426520e-08
2355	1.055720e-05	2.327919e-07	1.089023e-05	1.814373e-07
2356	1.028450e-05	-3.421262e-07	9.382846e-06	1.006769e-08
2357	1.059865e-05	3.000642e-07	1.111736e-05	4.563826e-08
2358	1.064805e-05	3.741299e-07	1.111227e-05	2.157319e-07
2359	1.031865e-05	-3.143863e-07	9.392689e-06	3.629830e-08
2360	1.048664e-05	1.397443e-07	1.088734e-05	-1.536108e-08
2361	1.069748e-05	4.680064e-07	1.129437e-05	2.377967e-07
2362	1.039562e-05	-2.306157e-07	9.463361e-06	8.306231e-08
2363	1.038512e-05	-2.089698e-08	1.064611e-05	-7.570719e-08
2364	1.069421e-05	5.066328e-07	1.142635e-05	2.360851e-07
2365	1.050257e-05	-1.084452e-07	9.581199e-06	1.521027e-07
2366	1.031768e-05	-1.537590e-07	1.041277e-05	-1.275564e-07
2367	1.063614e-05	4.864708e-07	1.150871e-05	2.037961e-07
2368	1.060734e-05	3.949389e-08	9.736254e-06	2.349729e-07
2369	1.029908e-05	-2.470531e-07	1.019891e-05	-1.552235e-07
2370	1.054075e-05	4.169688e-07	1.154253e-05	1.427655e-07
2371	1.068892e-05	1.906568e-07	9.915063e-06	3.175256e-07
2372	1.033516e-05	-2.942785e-07	1.001122e-05	-1.569641e-07
2373	1.043309e-05	3.091748e-07	1.152942e-05	6.428805e-08
2374	1.073184e-05	3.219793e-07	1.010762e-05	3.832337e-07
2375	1.041006e-05	-2.844729e-07	9.860462e-06	-1.274532e-07
2376	1.033040e-05	1.764075e-07	1.146819e-05	-2.503415e-08
2377	1.073281e-05	4.095970e-07	1.030902e-05	4.280972e-07
2378	1.051688e-05	-2.232961e-07	9.744990e-06	-7.401171e-08
2379	1.025284e-05	3.930265e-08	1.137420e-05	-1.163944e-07
2380	1.068553e-05	4.565415e-07	1.050888e-05	4.479913e-07
2381	1.063588e-05	-1.301364e-07	9.667370e-06	1.434129e-09
2382	1.021507e-05	-7.579282e-08	1.125585e-05	-2.053342e-07
2383	1.059744e-05	4.523742e-07	1.069324e-05	4.403632e-07
2384	1.074258e-05	-1.914590e-08	9.620032e-06	9.487127e-08
2385	1.022730e-05	-1.626828e-07	1.111451e-05	-2.787397e-07
2386	1.047968e-05	4.072608e-07	1.086598e-05	4.040600e-07
2387	1.081784e-05	9.795652e-08	9.610620e-06	1.962622e-07
2388	1.029021e-05	-2.152835e-07	1.095050e-05	-3.297478e-07
2389	1.034483e-05	3.379356e-07	1.101597e-05	3.476910e-07
2390	1.085132e-05	1.995045e-07	9.640275e-06	2.967470e-07
2391	1.040000e-05	-2.295549e-07	1.077286e-05	-3.598258e-07
2392	1.022435e-05	2.540337e-07	1.113552e-05	2.757058e-07
2393	1.082507e-05	2.875821e-07	9.708325e-06	3.875447e-07
2394	1.053863e-05	-2.126807e-07	1.059295e-05	-3.704490e-07
2395	1.015002e-05	1.502258e-07	1.122268e-05	1.940383e-07
2396	1.074123e-05	3.580666e-07	9.808830e-06	4.684621e-07
2397	1.068432e-05	-1.656066e-07	1.042005e-05	-3.588751e-07
2398	1.012801e-05	4.307202e-08	1.127226e-05	1.020208e-07
2399	1.061034e-05	3.995234e-07	9.935658e-06	5.342903e-07
2400	1.080593e-05	-9.428004e-08	1.026727e-05	-3.276676e-07
2401	1.016747e-05	-5.684683e-08	1.128327e-05	1.028208e-08
2402	1.045371e-05	4.089963e-07	1.007974e-05	5.805626e-07
2403	1.087971e-05	4.424886e-09	1.013882e-05	-2.779186e-07
2404	1.026779e-05	-1.473285e-07	1.125195e-05	-8.002171e-08
2405	1.029906e-05	3.798718e-07	1.023126e-05	6.112741e-07
2406	1.089634e-05	1.235767e-07	1.004267e-05	-2.133339e-07
2407	1.040605e-05	-2.147284e-07	1.118926e-05	-1.675596e-07
2408	1.017895e-05	3.072296e-07	1.037395e-05	6.288974e-07
2409	1.085412e-05	2.470330e-07	9.971712e-06	-1.388427e-07
2410	1.056437e-05	-2.380651e-07	1.111046e-05	-2.486596e-07
2411	1.010361e-05	1.952795e-07	1.050909e-05	6.334647e-07
2412	1.075619e-05	3.579610e-07	9.926555e-06	-5.794991e-08
2413	1.071914e-05	-2.069583e-07	1.101556e-05	-3.219432e-07
2414	1.008349e-05	5.498031e-08	1.063301e-05	6.202682e-07
2415	1.061414e-05	4.329508e-07	9.902481e-06	3.024296e-08
2416	1.085204e-05	-1.201515e-07	1.091199e-05	-3.902211e-07
2417	1.011875e-05	-8.975380e-08	1.074509e-05	5.932135e-07
2418	1.044476e-05	4.540068e-07	9.904770e-06	1.247284e-07
2419	1.094680e-05	1.515544e-08	1.080184e-05	-4.547038e-07
2420	1.021575e-05	-2.097980e-07	1.084175e-05	5.517705e-07
2421	1.026771e-05	4.063858e-07	9.927483e-06	2.242294e-07
2422	1.098662e-05	1.715555e-07	1.069249e-05	-5.062301e-07
2423	1.036950e-05	-2.731620e-07	1.092096e-05	4.946782e-07
2424	1.010768e-05	2.961433e-07	9.965300e-06	3.252772e-07
2425	1.095271e-05	3.179110e-07	1.058334e-05	-5.386559e-07
2426	1.056453e-05	-2.718920e-07	1.098240e-05	4.214310e-07
2427	9.992406e-06	1.506755e-07	1.001964e-05	4.305036e-07
2428	1.084479e-05	4.204919e-07	1.047511e-05	-5.562572e-07
2429	1.076561e-05	-2.011252e-07	1.102320e-05	3.328065e-07
2430	9.953356e-06	1.928013e-10	1.008824e-05	5.338890e-07
2431	1.066538e-05	4.636547e-07	1.037074e-05	-5.561835e-07
2432	1.093900e-05	-7.681361e-08	1.104422e-05	2.261927e-07
2433	9.999951e-06	-1.332595e-07	1.017164e-05	6.318840e-07
2434	1.045025e-05	4.379355e-07	1.027593e-05	-5.365093e-07
2435	1.105266e-05	7.130978e-08	1.104689e-05	1.041878e-07
2436	1.012917e-05	-2.193208e-07	1.026916e-05	7.154229e-07
2437	1.023303e-05	3.529432e-07	1.018833e-05	-4.894679e-07
2438	1.108975e-05	2.132527e-07	1.102739e-05	-2.209770e-08
2439	1.032657e-05	-2.432330e-07	1.038372e-05	7.772180e-07
2440	1.004569e-05	2.278095e-07	1.011172e-05	-4.207524e-07
2441	1.104041e-05	3.222908e-07	1.098484e-05	-1.521644e-07
2442	1.056551e-05	-1.987181e-07	1.050140e-05	8.237224e-07
2443	9.919855e-06	9.147865e-08	1.005652e-05	-3.272463e-07
2444	1.089604e-05	3.788307e-07	1.091140e-05	-2.793913e-07
2445	1.080906e-05	-1.070279e-07	1.061775e-05	8.439518e-07
2446	9.882130e-06	-2.207553e-08	1.003206e-05	-2.139833e-07
2447	1.067276e-05	3.779166e-07	1.081132e-05	-4.028812e-07
2448	1.101035e-05	5.519876e-09	1.072459e-05	8.341516e-07
2449	9.946494e-06	-9.764809e-08	1.003541e-05	-7.586647e-08
2450	1.040948e-05	3.296438e-07	1.069599e-05	-5.130553e-07
2451	1.113364e-05	1.105549e-07	1.081545e-05	7.895905e-07
2452	1.011582e-05	-1.229901e-07	1.006865e-05	8.272264e-08
2453	1.015373e-05	2.511025e-07	1.057734e-05	-6.077990e-07
2454	1.115294e-05	1.841811e-07	1.088085e-05	7.154292e-07
2455	1.036600e-05	-1.109277e-07	1.013212e-05	2.430468e-07
2456	9.954667e-06	1.671273e-07	1.046023e-05	-6.725701e-07
2457	1.106003e-05	2.211341e-07	1.091553e-05	6.119951e-07
2458	1.064534e-05	-6.681470e-08	1.022427e-05	4.062550e-07
2459	9.850329e-06	1.003040e-07	1.035215e-05	-7.097173e-07
2460	1.086488e-05	2.287917e-07	1.091549e-05	4.781637e-07
2461	1.090085e-05	-1.218770e-08	1.033483e-05	5.629804e-07
2462	9.849249e-06	6.125353e-08	1.026690e-05	-7.138475e-07
2463	1.060329e-05	2.153686e-07	1.087921e-05	3.185278e-07
2464	1.109151e-05	3.617799e-08	1.044807e-05	7.071097e-07
2465	9.959105e-06	4.969895e-08	1.021378e-05	-6.755511e-07
2466	1.031946e-05	1.889570e-07	1.081188e-05	1.343006e-07
2467	1.118577e-05	6.501672e-08	1.055318e-05	8.269424e-07
2468	1.016714e-05	6.016849e-08	1.019177e-05	-5.880385e-07
2469	1.006762e-05	1.621061e-07	1.072789e-05	-6.497013e-08
2470	1.116866e-05	6.825652e-08	1.064009e-05	9.080426e-07
2471	1.043548e-05	7.425770e-08	1.020175e-05	-4.590133e-07
2472	9.890652e-06	1.470605e-07	1.063666e-05	-2.552993e-07
2473	1.103887e-05	6.195769e-08	1.070085e-05	9.384584e-07
2474	1.071184e-05	8.106336e-08	1.024167e-05	-2.939302e-07
2475	9.812816e-06	1.547887e-07	1.054004e-05	-4.228277e-07
2476	1.082745e-05	4.360555e-08	1.073654e-05	9.143057e-07
2477	1.095560e-05	7.530478e-08	1.030903e-05	-1.070029e-07
2478	9.839292e-06	1.833936e-07	1.045176e-05	-5.598074e-07
2479	1.056860e-05	3.422152e-08	1.074541e-05	8.458436e-07
2480	1.112936e-05	4.667631e-08	1.039066e-05	8.983517e-08
2481	9.959648e-06	2.183045e-07	1.038219e-05	-6.596491e-07
2482	1.030379e-05	4.389497e-08	1.071857e-05	7.363630e-07
2483	1.121085e-05	-6.585247e-09	1.047727e-05	2.848541e-07
2484	1.015908e-05	2.446580e-07	1.033977e-05	-7.167486e-07
2485	1.006838e-05	8.498382e-08	1.067103e-05	5.896553e-07
2486	1.119141e-05	-6.623874e-08	1.055904e-05	4.621443e-07
2487	1.040856e-05	2.438512e-07	1.031925e-05	-7.247823e-07
2488	9.888630e-06	1.544385e-07	1.060532e-05	4.232227e-07
2489	1.108180e-05	-1.185369e-07	1.063581e-05	6.090324e-07
2490	1.067465e-05	2.060725e-07	1.032343e-05	-6.902235e-07
2491	9.794170e-06	2.450756e-07	1.052180e-05	2.496779e-07
2492	1.088500e-05	-1.435733e-07	1.070082e-05	7.203598e-07
2493	1.091995e-05	1.255614e-07	1.035381e-05	-6.202244e-07
2494	9.803019e-06	3.301146e-07	1.042720e-05	8.416473e-08
2495	1.063185e-05	-1.272823e-07	1.074889e-05	7.955536e-07
2496	1.110054e-05	2.348296e-08	1.041189e-05	-5.231076e-07
2497	9.914600e-06	3.909090e-07	1.033527e-05	-7.143122e-08
2498	1.036551e-05	-6.363648e-08	1.076678e-05	8.335526e-07
2499	1.119470e-05	-8.966514e-08	1.049326e-05	-4.027328e-07
2500	1.010517e-05	4.135812e-07	1.025005e-05	-2.112690e-07
2501	1.012224e-05	3.912440e-08	1.075358e-05	8.309320e-07
2502	1.119239e-05	-1.889631e-07	1.058881e-05	-2.620899e-07
2503	1.035085e-05	3.837882e-07	1.017626e-05	-3.276050e-07
2504	9.936262e-06	1.601750e-07	1.071122e-05	7.923819e-07
2505	1.109629e-05	-2.518942e-07	1.069608e-05	-1.112258e-07
2506	1.061004e-05	3.052263e-07	1.012560e-05	-4.185968e-07
2507	9.837319e-06	2.814371e-07	1.063750e-05	7.264620e-07
2508	1.092148e-05	-2.687524e-07	1.079925e-05	3.803860e-08
2509	1.084457e-05	1.935073e-07	1.011196e-05	-4.799824e-07
2510	9.826137e-06	3.840950e-07	1.054148e-05	6.357034e-07
2511	1.069814e-05	-2.349931e-07	1.089180e-05	1.763381e-07
2512	1.102980e-05	6.286491e-08	1.013296e-05	-5.070367e-07
2513	9.901509e-06	4.549489e-07	1.043186e-05	5.268373e-07
2514	1.044890e-05	-1.551450e-07	1.096336e-05	2.962854e-07
2515	1.114888e-05	-6.853583e-08	1.018767e-05	-5.055660e-07
2516	1.004628e-05	4.826169e-07	1.032345e-05	4.073611e-07
2517	1.021429e-05	-4.525459e-08	1.100892e-05	3.925915e-07
2518	1.118745e-05	-1.775475e-07	1.026242e-05	-4.786051e-07
2519	1.024960e-05	4.604327e-07	1.022019e-05	2.883014e-07
2520	1.001569e-05	7.790606e-08	1.102385e-05	4.667366e-07
2521	1.114395e-05	-2.534361e-07	1.035562e-05	-4.282992e-07
2522	1.048574e-05	3.983407e-07	1.012615e-05	1.701352e-07
2523	9.875641e-06	2.029127e-07	1.101075e-05	5.177932e-07
2524	1.101843e-05	-2.974474e-07	1.046051e-05	-3.545466e-07
2525	1.072646e-05	3.056981e-07	1.004765e-05	6.238941e-08
2526	9.811487e-06	3.229032e-07	1.096965e-05	5.382587e-07
2527	1.082635e-05	-3.016825e-07	1.056997e-05	-2.680168e-07
2528	1.094095e-05	1.872361e-07	9.990957e-06	-3.196687e-08
2529	9.835364e-06	4.292626e-07	1.090636e-05	5.352651e-07
2530	1.059118e-05	-2.675337e-07	1.068230e-05	-1.744167e-07
2531	1.109746e-05	5.364909e-08	9.957108e-06	-1.119481e-07
2532	9.948835e-06	5.035411e-07	1.082199e-05	5.120216e-07
2533	1.035357e-05	-1.950513e-07	1.078713e-05	-7.896225e-08
2534	1.117320e-05	-8.520535e-08	9.952776e-06	-1.724186e-07
2535	1.012893e-05	5.398142e-07	1.072049e-05	4.733397e-07
2536	1.013978e-05	-8.050370e-08	1.087588e-05	1.336345e-08
2537	1.116417e-05	-2.181358e-07	9.973850e-06	-2.100491e-07
2538	1.035182e-05	5.261755e-07	1.061648e-05	4.186454e-07
2539	9.976344e-06	6.915295e-08	1.094390e-05	9.582170e-08
2540	1.107328e-05	-3.264880e-07	1.001418e-05	-2.220342e-07
2541	1.058992e-05	4.603237e-07	1.051535e-05	3.518349e-07
2542	9.873103e-06	2.410484e-07	1.099100e-05	1.703183e-07
2543	1.090977e-05	-3.902467e-07	1.007222e-05	-2.195341e-07
2544	1.081266e-05	3.379203e-07	1.041535e-05	2.802482e-07
2545	9.861208e-06	4.087367e-07	1.102714e-05	2.290340e-07
2546	1.068855e-05	-3.938782e-07	1.014111e-05	-2.009222e-07
2547	1.099222e-05	1.671680e-07	1.032215e-05	2.025404e-07
2548	9.938995e-06	5.499209e-07	1.104529e-05	2.729551e-07
2549	1.045270e-05	-3.315053e-07	1.021924e-05	-1.655566e-07
2550	1.109908e-05	-3.803064e-08	1.024290e-05	1.232393e-07
2551	1.009457e-05	6.455433e-07	1.104235e-05	3.060637e-07
2552	1.023817e-05	-2.012071e-07	1.030615e-05	-1.232211e-07
2553	1.111378e-05	-2.446646e-07	1.017278e-05	4.899604e-08
2554	1.030494e-05	6.636403e-07	1.102364e-05	3.250299e-07
2555	1.007184e-05	4.854534e-10	1.039689e-05	-6.724510e-08
2556	1.103550e-05	-4.176920e-07	1.011008e-05	-1.433771e-08
2557	1.052917e-05	5.923472e-07	1.099071e-05	3.250256e-07
2558	9.975838e-06	2.415376e-07	1.048592e-05	-3.314473e-09
2559	1.088209e-05	-5.231199e-07	1.005759e-05	-7.255312e-08
2560	1.073249e-05	4.296779e-07	1.094322e-05	3.129917e-07
2561	9.961679e-06	4.808508e-07	1.057468e-05	6.819516e-08
2562	1.068985e-05	-5.361677e-07	1.001790e-05	-1.199919e-07
2563	1.088908e-05	1.895122e-07	1.088082e-05	2.870272e-07
2564	1.002803e-05	6.804384e-07	1.066626e-05	1.435605e-07
2565	1.048896e-05	-4.494567e-07	9.993282e-06	-1.570806e-07
2566	1.097462e-05	-8.440516e-08	1.080512e-05	2.442339e-07
2567	1.016071e-05	7.974605e-07	1.075506e-05	2.251716e-07
2568	1.031176e-05	-2.611537e-07	9.990533e-06	-1.809062e-07
2569	1.098204e-05	-3.526573e-07	1.071493e-05	1.800174e-07
2570	1.033360e-05	8.068939e-07	1.083970e-05	3.054776e-07
2571	1.017793e-05	6.087245e-09	1.001105e-05	-1.794098e-07
2572	1.091547e-05	-5.617625e-07	1.061243e-05	9.902835e-08
2573	1.050953e-05	6.915812e-07	1.091682e-05	3.720599e-07
2574	1.010979e-05	3.100537e-07	1.005250e-05	-1.490402e-07
2575	1.080198e-05	-6.748163e-07	1.049957e-05	1.557677e-09
2576	1.066021e-05	4.650672e-07	1.098457e-05	4.164387e-07
2577	1.010294e-05	6.014407e-07	1.011138e-05	-8.937094e-08
2578	1.066696e-05	-6.660641e-07	1.038436e-05	-9.525179e-08
2579	1.076959e-05	1.632080e-07	1.102806e-05	4.355491e-07
2580	1.014106e-05	8.197719e-07	1.019414e-05	-9.381033e-09
2581	1.053669e-05	-5.256506e-07	1.026864e-05	-1.852703e-07
2582	1.083565e-05	-1.646309e-07	1.104398e-05	4.294619e-07
2583	1.020969e-05	9.247033e-07	1.030609e-05	8.160083e-08
2584	1.041894e-05	-2.701791e-07	1.015516e-05	-2.575932e-07
2585	1.086267e-05	-4.618357e-07	1.103044e-05	3.921116e-07
2586	1.030066e-05	8.891622e-07	1.043211e-05	1.836962e-07
2587	1.031764e-05	5.508288e-08	1.006059e-05	-3.031723e-07
2588	1.085847e-05	-6.720376e-07	1.098569e-05	3.267719e-07
2589	1.040792e-05	7.161368e-07	1.056476e-05	2.863939e-07
2590	1.023354e-05	3.958953e-07	9.983227e-06	-3.204265e-07
2591	1.081904e-05	-7.549177e-07	1.091172e-05	2.368164e-07
2592	1.052221e-05	4.330032e-07	1.070078e-05	3.798066e-07
2593	1.017902e-05	6.900010e-07	9.929687e-06	-2.999894e-07
2594	1.074854e-05	-6.939207e-07	1.081748e-05	1.292078e-07
2595	1.062688e-05	1.005851e-07	1.083132e-05	4.502771e-07
2596	1.016083e-05	8.837129e-07	9.910722e-06	-2.493179e-07
2597	1.066069e-05	-5.091360e-07	1.069663e-05	1.298733e-08
2598	1.071647e-05	-2.297761e-07	1.095245e-05	4.994317e-07
2599	1.017007e-05	9.523522e-07	9.931075e-06	-1.730435e-07
2600	1.056600e-05	-2.356106e-07	1.055922e-05	-1.036089e-07
2601	1.078972e-05	-5.070409e-07	1.105183e-05	5.222053e-07
2602	1.020823e-05	8.915794e-07	9.986075e-06	-7.440510e-08
2603	1.046126e-05	7.974420e-08	1.041762e-05	-2.176702e-07
2604	1.084117e-05	-6.883734e-07	1.112379e-05	5.200584e-07
2605	1.027639e-05	7.170590e-07	1.007110e-05	4.195205e-08
2606	1.035120e-05	3.938779e-07	1.027533e-05	-3.177618e-07
2607	1.086478e-05	-7.562401e-07	1.115788e-05	4.878533e-07
2608	1.036740e-05	4.592250e-07	1.018630e-05	1.701768e-07
2609	1.024348e-05	6.624233e-07	1.014540e-05	-3.941708e-07
2610	1.085445e-05	-7.090461e-07	1.115110e-05	4.222738e-07
2611	1.048477e-05	1.570032e-07	1.032171e-05	3.080041e-07
2612	1.015833e-05	8.516418e-07	1.003894e-05	-4.429125e-07
2613	1.079825e-05	-5.574447e-07	1.110409e-05	3.220201e-07
2614	1.061799e-05	-1.496133e-07	1.046372e-05	4.441947e-07
2615	1.010275e-05	9.427434e-07	9.970665e-06	-4.574289e-07
2616	1.070704e-05	-3.265963e-07	1.102202e-05	1.932551e-07
2617	1.075272e-05	-4.198274e-07	1.059370e-05	5.652375e-07
2618	1.008882e-05	9.277652e-07	9.937693e-06	-4.300361e-07
2619	1.058176e-05	-4.761108e-08	1.092292e-05	4.871880e-08
2620	1.087049e-05	-6.186474e-07	1.070619e-05	6.600605e-07
2621	1.012675e-05	8.073840e-07	9.941181e-06	-3.669585e-07
2622	1.042810e-05	2.478692e-07	1.081119e-05	-9.815060e-08
2623	1.095490e-05	-7.373255e-07	1.079879e-05	7.247450e-07
2624	1.021817e-05	6.047873e-07	9.970811e-06	-2.720542e-07
2625	1.026828e-05	5.234863e-07	1.069310e-05	-2.450867e-07
2626	1.098840e-05	-7.563411e-07	1.086627e-05	7.567956e-07
2627	1.035865e-05	3.393125e-07	1.002740e-05	-1.492160e-07
2628	1.012097e-05	7.544366e-07	1.057470e-05	-3.808711e-07
2629	1.096079e-05	-6.755191e-07	1.091087e-05	7.511841e-07
2630	1.052988e-05	4.564250e-08	1.010446e-05	-7.917787e-09
2631	1.001527e-05	9.091969e-07	1.046154e-05	-4.950772e-07
2632	1.087639e-05	-5.021916e-07	1.092957e-05	7.074678e-07
2633	1.070511e-05	-2.429398e-07	1.020227e-05	1.442138e-07
2634	9.960583e-06	9.668422e-07	1.036419e-05	-5.847244e-07
2635	1.073877e-05	-2.531394e-07	1.091518e-05	6.273672e-07
2636	1.087246e-05	-4.940246e-07	1.031347e-05	3.002501e-07
2637	9.967888e-06	9.145448e-07	1.029065e-05	-6.392011e-07
2638	1.056070e-05	4.407355e-08	1.087112e-05	5.163059e-07
2639	1.100755e-05	-6.787343e-07	1.042541e-05	4.507768e-07
2640	1.004529e-05	7.571735e-07	1.024741e-05	-6.589923e-07
2641	1.035602e-05	3.552115e-07	1.079768e-05	3.848651e-07
2642	1.108863e-05	-7.669735e-07	1.053016e-05	5.864575e-07
2643	1.019376e-05	5.066271e-07	1.023232e-05	-6.432127e-07
2644	1.016087e-05	6.348969e-07	1.071199e-05	2.344484e-07
2645	1.109234e-05	-7.371716e-07	1.061480e-05	7.042954e-07
2646	1.039033e-05	2.014083e-07	1.024428e-05	-5.950444e-07
2647	1.000369e-05	8.434602e-07	1.061801e-05	7.474437e-08
2648	1.101609e-05	-5.935954e-07	1.067445e-05	7.972502e-07
2649	1.060221e-05	-1.168060e-07	1.028624e-05	-5.136665e-07
2650	9.915375e-06	9.535724e-07	1.052282e-05	-8.453924e-08
2651	1.087281e-05	-3.532405e-07	1.070691e-05	8.531922e-07
2652	1.079832e-05	-4.105983e-07	1.034770e-05	-4.046378e-07
2653	9.903612e-06	9.406138e-07	1.044061e-05	-2.304773e-07
2654	1.068855e-05	-4.349703e-08	1.071390e-05	8.739591e-07
2655	1.095432e-05	-6.354758e-07	1.042260e-05	-2.727192e-07
2656	9.968210e-06	8.008752e-07	1.037481e-05	-3.684899e-07
2657	1.048402e-05	2.880602e-07	1.069393e-05	8.614820e-07
2658	1.105208e-05	-7.517251e-07	1.050661e-05	-1.294610e-07
2659	1.009612e-05	5.497215e-07	1.032919e-05	-4.817789e-07
2660	1.028599e-05	5.935038e-07	1.064952e-05	8.175729e-07
2661	1.108050e-05	-7.349461e-07	1.059087e-05	1.513330e-08
2662	1.026806e-05	2.292754e-07	1.030827e-05	-5.695015e-07
2663	1.011968e-05	8.246250e-07	1.058440e-05	7.474592e-07
2664	1.104006e-05	-5.856760e-07	1.066602e-05	1.585804e-07
2665	1.045910e-05	-1.118107e-07	1.030858e-05	-6.292900e-07
2666	1.000947e-05	9.362499e-07	1.051203e-05	6.550435e-07
2667	1.094053e-05	-3.272362e-07	1.072563e-05	2.993838e-07
2668	1.064662e-05	-4.174460e-07	1.033208e-05	-6.651200e-07
2669	9.966766e-06	9.054699e-07	1.043390e-05	5.488535e-07
2670	1.079455e-05	-1.883053e-09	1.076603e-05	4.323193e-07
2671	1.080825e-05	-6.365338e-07	1.037523e-05	-6.711629e-07
2672	9.984853e-06	7.411041e-07	1.035686e-05	4.220894e-07
2673	1.062282e-05	3.360972e-07	1.078587e-05	5.547940e-07
2674	1.092876e-05	-7.240621e-07	1.043126e-05	-6.485529e-07
2675	1.005201e-05	4.702166e-07	1.029169e-05	2.804733e-07
2676	1.044198e-05	6.305067e-07	1.078654e-05	6.636088e-07
2677	1.100191e-05	-6.704625e-07	1.049249e-05	-5.933318e-07
2678	1.016648e-05	1.427038e-07	1.024050e-05	1.265122e-07
2679	1.027040e-05	8.237270e-07	1.077062e-05	7.455148e-07
2680	1.103067e-05	-4.874956e-07	1.056083e-05	-5.119201e-07
2681	1.032395e-05	-1.812555e-07	1.019678e-05	-2.567963e-08
2682	1.011643e-05	8.787630e-07	1.074596e-05	7.918316e-07
2683	1.099942e-05	-2.106856e-07	1.062759e-05	-4.037906e-07
2684	1.051180e-05	-4.407839e-07	1.016185e-05	-1.671872e-07
2685	1.000537e-05	7.894662e-07	1.071132e-05	8.032213e-07
2686	1.089877e-05	1.055977e-07	1.069423e-05	-2.741021e-07
2687	1.070839e-05	-5.901944e-07	1.013737e-05	-2.968200e-07
2688	9.955428e-06	5.844849e-07	1.066443e-05	7.816671e-07
2689	1.072947e-05	3.992732e-07	1.075705e-05	-1.318424e-07
2690	1.088711e-05	-6.048328e-07	1.012602e-05	-4.065968e-07
2691	9.981687e-06	3.124128e-07	1.061296e-05	7.316052e-07
2692	1.052108e-05	6.121327e-07	1.081420e-05	2.297403e-08
2693	1.101596e-05	-4.925245e-07	1.012984e-05	-4.915411e-07
2694	1.008802e-05	2.957834e-08	1.054862e-05	6.474030e-07
2695	1.030468e-05	7.157415e-07	1.086452e-05	1.822114e-07
2696	1.107844e-05	-2.983875e-07	1.014939e-05	-5.458147e-07
2697	1.025938e-05	-2.093596e-07	1.047344e-05	5.391685e-07
2698	1.010885e-05	7.058767e-07	1.091289e-05	3.332020e-07
2699	1.105946e-05	-6.448836e-08	1.018532e-05	-5.696143e-07
2700	1.048014e-05	-3.720030e-07	1.038927e-05	4.124865e-07
2701	9.961800e-06	6.029911e-07	1.095067e-05	4.696519e-07
2702	1.094877e-05	1.631054e-07	1.024426e-05	-5.640876e-07
2703	1.071300e-05	-4.452182e-07	1.029603e-05	2.737466e-07
2704	9.896260e-06	4.426532e-07	1.097066e-05	5.891618e-07
2705	1.075859e-05	3.502521e-07	1.032067e-05	-5.278235e-07
2706	1.092091e-05	-4.368510e-07	1.020181e-05	1.247217e-07
2707	9.929377e-06	2.585867e-07	1.097066e-05	6.846356e-07
2708	1.051720e-05	4.854693e-07	1.042106e-05	-4.590305e-07
2709	1.106749e-05	-3.670298e-07	1.011025e-05	-2.777919e-08
2710	1.005984e-05	7.760010e-08	1.094693e-05	7.504968e-07
2711	1.027199e-05	5.650554e-07	1.054025e-05	-3.597894e-07
2712	1.112100e-05	-2.553400e-07	1.003053e-05	-1.782437e-07
2713	1.026574e-05	-8.430945e-08	1.089182e-05	7.810436e-07
2714	1.006397e-05	5.893466e-07	1.067693e-05	-2.362335e-07
2715	1.107617e-05	-1.179464e-07	9.968890e-06	-3.162098e-07
2716	1.051439e-05	-2.210392e-07	1.080294e-05	7.727153e-07
2717	9.925084e-06	5.638089e-07	1.081612e-05	-9.414560e-08
2718	1.093593e-05	3.331378e-08	9.943895e-06	-4.312671e-07
2719	1.076305e-05	-3.193264e-07	1.067906e-05	7.231745e-07
2720	9.878808e-06	4.898484e-07	1.094990e-05	5.613463e-08
2721	1.071861e-05	1.861104e-07	9.959132e-06	-5.102481e-07
2722	1.097113e-05	-3.770012e-07	1.052830e-05	6.419746e-07
2723	9.933026e-06	3.855890e-07	1.106020e-05	1.991738e-07
2724	1.046638e-05	3.293560e-07	1.001273e-05	-5.534656e-07
2725	1.110303e-05	-3.891077e-07	1.036772e-05	5.365359e-07
2726	1.008229e-05	2.572774e-07	1.114342e-05	3.303079e-07
2727	1.021816e-05	4.543589e-07	1.010147e-05	-5.579801e-07
2728	1.114134e-05	-3.588257e-07	1.020873e-05	4.141443e-07
2729	1.030256e-05	1.100149e-07	1.119571e-05	4.400672e-07
2730	1.001770e-05	5.488192e-07	1.021383e-05	-5.265976e-07
2731	1.108351e-05	-2.866362e-07	1.006113e-05	2.837702e-07
2732	1.054970e-05	-4.353890e-08	1.121396e-05	5.243466e-07
2733	9.887637e-06	6.005724e-07	1.035056e-05	-4.679087e-07
2734	1.093177e-05	-1.721526e-07	9.920385e-06	1.499464e-07
2735	1.079686e-05	-1.915156e-07	1.119578e-05	5.794556e-07
2736	9.848192e-06	6.002574e-07	1.050888e-05	-3.836310e-07
2737	1.070904e-05	-2.275198e-08	9.799054e-06	2.652966e-08
2738	1.100699e-05	-3.168202e-07	1.114081e-05	6.013141e-07
2739	9.910679e-06	5.422369e-07	1.068347e-05	-2.821088e-07
2740	1.045154e-05	1.535171e-07	9.700730e-06	-7.917904e-08
2741	1.113868e-05	-3.999697e-07	1.105083e-05	5.919268e-07
2742	1.007473e-05	4.243020e-07	1.086329e-05	-1.764562e-07
2743	1.019922e-05	3.295603e-07	9.638710e-06	-1.640212e-07
2744	1.116700e-05	-4.158112e-07	1.092384e-05	5.569927e-07
2745	1.030322e-05	2.681606e-07	1.103587e-05	-6.538816e-08
2746	1.000640e-05	4.696288e-07	9.620054e-06	-2.279335e-07
2747	1.108745e-05	-3.677631e-07	1.076776e-05	5.026215e-07
2748	1.055284e-05	8.873585e-08	1.119399e-05	4.415086e-08
2749	9.898336e-06	5.648766e-07	9.644705e-06	-2.682292e-07
2750	1.092085e-05	-2.603196e-07	1.058549e-05	4.272329e-07
2751	1.077703e-05	-9.155498e-08	1.132425e-05	1.467471e-07
2752	9.885804e-06	5.953636e-07	9.715974e-06	-2.760664e-07
2753	1.070945e-05	-1.019996e-07	1.039517e-05	3.346427e-07
2754	1.094649e-05	-2.410989e-07	1.141507e-05	2.326729e-07
2755	9.963679e-06	5.513448e-07	9.828381e-06	-2.610465e-07
2756	1.048337e-05	8.241316e-08	1.020144e-05	2.415324e-07
2757	1.104354e-05	-3.383836e-07	1.147334e-05	2.975610e-07
2758	1.011255e-05	4.407249e-07	9.972366e-06	-2.194533e-07
2759	1.028248e-05	2.629478e-07	1.001291e-05	1.461435e-07
2760	1.105521e-05	-3.646760e-07	1.148876e-05	3.354042e-07
2761	1.030318e-05	2.808350e-07	1.014983e-05	-1.555775e-07
2762	1.013234e-05	4.045656e-07	9.840596e-06	5.779291e-08
2763	1.098530e-05	-3.071781e-07	1.145751e-05	3.479128e-07
2764	1.050283e-05	9.651046e-08	1.034781e-05	-7.836964e-08
2765	1.005163e-05	4.831202e-07	9.703216e-06	-1.667985e-08
2766	1.085355e-05	-1.826375e-07	1.137702e-05	3.371359e-07
2767	1.067561e-05	-7.066947e-08	1.055254e-05	5.337760e-09
2768	1.004295e-05	4.847042e-07	9.604200e-06	-7.140248e-08
2769	1.068836e-05	-1.875104e-08	1.125712e-05	2.996098e-07
2770	1.080062e-05	-1.923768e-07	1.075654e-05	9.183747e-08
2771	1.010078e-05	4.159976e-07	9.551058e-06	-1.103494e-07
2772	1.052368e-05	1.457043e-07	1.110217e-05	2.430642e-07
2773	1.086793e-05	-2.392883e-07	1.094345e-05	1.779698e-07
2774	1.020588e-05	2.840668e-07	9.544543e-06	-1.260158e-07
2775	1.038317e-05	2.785304e-07	1.092742e-05	1.697468e-07
2776	1.087955e-05	-2.097703e-07	1.109992e-05	2.564428e-07
2777	1.033424e-05	1.324694e-07	9.582808e-06	-1.224648e-07
2778	1.028265e-05	3.522992e-07	1.074358e-05	8.004315e-08
2779	1.084554e-05	-1.152289e-07	1.122645e-05	3.240766e-07
2780	1.046361e-05	-6.206930e-10	9.660074e-06	-9.123571e-08
2781	1.021436e-05	3.565195e-07	1.055570e-05	-1.382067e-08
2782	1.077116e-05	1.770284e-08	1.131577e-05	3.676502e-07
2783	1.058813e-05	-8.971235e-08	9.769342e-06	-3.457323e-08
2784	1.018391e-05	2.904424e-07	1.037423e-05	-1.081734e-07
2785	1.066499e-05	1.463816e-07	1.136451e-05	3.852726e-07
2786	1.069293e-05	-1.101306e-07	9.904987e-06	4.396073e-08
2787	1.020696e-05	1.763194e-07	1.020559e-05	-1.939162e-07
2788	1.054057e-05	2.390712e-07	1.137294e-05	3.793966e-07
2789	1.077011e-05	-6.596095e-08	1.005388e-05	1.365425e-07
2790	1.027704e-05	5.706339e-08	1.006985e-05	-2.601941e-07
2791	1.041831e-05	2.655210e-07	1.134054e-05	3.504058e-07
2792	1.079731e-05	2.650827e-08	1.021228e-05	2.311523e-07
2793	1.038130e-05	-2.750889e-08	9.957868e-06	-3.096720e-07
2794	1.031420e-05	2.284293e-07	1.127744e-05	3.003119e-07
2795	1.076770e-05	1.306472e-07	1.037559e-05	3.250834e-07
2796	1.050049e-05	-5.601423e-08	9.873003e-06	-3.373946e-07
2797	1.024572e-05	1.535365e-07	1.119143e-05	2.302952e-07
2798	1.069514e-05	2.058425e-07	1.053823e-05	4.101867e-07
2799	1.061457e-05	-2.821745e-08	9.814947e-06	-3.408668e-07
2800	1.022496e-05	7.081703e-08	1.108326e-05	1.470444e-07
2801	1.059050e-05	2.347372e-07	1.069575e-05	4.836288e-07
2802	1.070833e-05	3.616885e-08	9.782839e-06	-3.196965e-07
2803	1.026610e-05	5.077938e-09	1.095661e-05	5.392348e-08
2804	1.046551e-05	2.158833e-07	1.084387e-05	5.441474e-07
2805	1.076371e-05	1.089981e-07	9.778481e-06	-2.797908e-07
2806	1.035904e-05	-2.355223e-08	1.081437e-05	-4.468824e-08
2807	1.034900e-05	1.649049e-07	1.097606e-05	5.936690e-07
2808	1.076219e-05	1.608207e-07	9.804608e-06	-2.201187e-07
2809	1.048337e-05	-1.219257e-08	1.065760e-05	-1.504262e-07
2810	1.027319e-05	1.070199e-07	1.108574e-05	6.254307e-07
2811	1.069608e-05	1.824821e-07	9.861390e-06	-1.405237e-07
2812	1.060684e-05	2.015817e-08	1.049312e-05	-2.540016e-07
2813	1.024728e-05	7.106372e-08	1.117518e-05	6.318587e-07
2814	1.058539e-05	1.763325e-07	9.949802e-06	-3.865251e-08
2815	1.070583e-05	5.275509e-08	1.032251e-05	-3.516000e-07
2816	1.027736e-05	5.939595e-08	1.123566e-05	6.082636e-07
2817	1.045639e-05	1.601582e-07	1.007151e-05	8.224691e-08
2818	1.075931e-05	7.278891e-08	1.015879e-05	-4.352379e-07
2819	1.035981e-05	6.358639e-08	1.125520e-05	5.531392e-07
2820	1.033886e-05	1.424343e-07	1.022056e-05	2.221246e-07
2821	1.075980e-05	8.066262e-08	1.000875e-05	-4.992750e-07
2822	1.047710e-05	7.552045e-08	1.123128e-05	4.628714e-07
2823	1.025865e-05	1.329459e-07	1.039065e-05	3.675938e-07
2824	1.070595e-05	6.913294e-08	9.888335e-06	-5.303100e-07
2825	1.060341e-05	9.007084e-08	1.116620e-05	3.398084e-07
2826	1.022762e-05	1.388026e-07	1.056541e-05	5.050353e-07
2827	1.060549e-05	4.961539e-08	9.802663e-06	-5.215473e-07
2828	1.071451e-05	9.268195e-08	1.106842e-05	1.911131e-07
2829	1.025360e-05	1.641371e-07	1.072972e-05	6.239162e-07
2830	1.047950e-05	3.261436e-08	9.757246e-06	-4.711630e-07
2831	1.078012e-05	7.357650e-08	1.094816e-05	2.563341e-08
2832	1.032467e-05	1.984812e-07	1.087693e-05	7.159942e-07
2833	1.035702e-05	2.997312e-08	9.748458e-06	-3.856477e-07
2834	1.079997e-05	3.309712e-08	1.080790e-05	-1.408520e-07
2835	1.043316e-05	2.259855e-07	1.100458e-05	7.760250e-07
2836	1.025165e-05	5.169087e-08	9.777872e-06	-2.674002e-07
2837	1.076995e-05	-1.483073e-08	1.065935e-05	-3.039685e-07
2838	1.056394e-05	2.317058e-07	1.110470e-05	7.984008e-07
2839	1.018844e-05	1.061751e-07	9.842750e-06	-1.207463e-07
2840	1.068541e-05	-6.396361e-08	1.050828e-05	-4.531038e-07
2841	1.069659e-05	2.091780e-07	1.117288e-05	7.763328e-07
2842	1.017977e-05	1.781487e-07	9.938195e-06	4.863915e-08
2843	1.055411e-05	-8.749418e-08	1.036290e-05	-5.735084e-07
2844	1.079613e-05	1.554719e-07	1.120039e-05	7.133885e-07
2845	1.023878e-05	2.431363e-07	1.005931e-05	2.239620e-07
2846	1.040133e-05	-7.577265e-08	1.023267e-05	-6.604787e-07
2847	1.083917e-05	8.052766e-08	1.119052e-05	6.135516e-07
2848	1.035626e-05	2.925488e-07	1.019157e-05	3.944742e-07
2849	1.026688e-05	-3.196846e-08	1.012502e-05	-7.112931e-07
2850	1.081329e-05	-4.847104e-09	1.114284e-05	4.875178e-07
2851	1.051219e-05	3.089706e-07	1.033314e-05	5.577784e-07
2852	1.018951e-05	4.151414e-08	1.005482e-05	-7.255424e-07
2853	1.072350e-05	-7.825520e-08	1.105685e-05	3.357935e-07
2854	1.066287e-05	2.791874e-07	1.047098e-05	7.024122e-07
2855	1.018195e-05	1.323946e-07	1.002198e-05	-6.932360e-07
2856	1.058629e-05	-1.183339e-07	1.095567e-05	1.640853e-07
2857	1.077717e-05	2.123596e-07	1.059377e-05	8.199066e-07
2858	1.023890e-05	2.238035e-07	1.001315e-05	-6.230540e-07
2859	1.042741e-05	-1.109279e-07	1.084453e-05	-1.593636e-08
2860	1.083210e-05	1.159496e-07	1.070166e-05	9.068366e-07
2861	1.035087e-05	2.896088e-07	1.003257e-05	-5.176264e-07
2862	1.028156e-05	-5.150384e-08	1.072306e-05	-1.959993e-07
2863	1.081759e-05	1.143990e-08	1.078587e-05	9.591335e-07
2864	1.050214e-05	3.005522e-07	1.008556e-05	-3.859566e-07
2865	1.017913e-05	4.793221e-08	1.059946e-05	-3.675508e-07
2866	1.073485e-05	-7.104870e-08	1.083397e-05	9.765360e-07
2867	1.066652e-05	2.532790e-07	1.016587e-05	-2.286444e-07
2868	1.014702e-05	1.607079e-07	1.048672e-05	-5.230431e-07
2869	1.059708e-05	-1.104215e-07	1.084926e-05	9.543157e-07
2870	1.080525e-05	1.642100e-07	1.026739e-05	-5.269279e-08
2871	1.019318e-05	2.551572e-07	1.038905e-05	-6.578568e-07
2872	1.042869e-05	-8.555458e-08	1.083088e-05	8.990006e-07
2873	1.088486e-05	5.068678e-08	1.038245e-05	1.316590e-07
2874	1.030865e-05	3.094124e-07	1.031388e-05	-7.645510e-07
2875	1.026199e-05	3.506362e-09	1.077804e-05	8.118898e-07
2876	1.088708e-05	-5.865158e-08	1.049671e-05	3.154792e-07
2877	1.047162e-05	3.038256e-07	1.027209e-05	-8.385497e-07
2878	1.014113e-05	1.264684e-07	1.070386e-05	6.939081e-07
2879	1.080901e-05	-1.330481e-07	1.059850e-05	4.926141e-07
2880	1.064603e-05	2.293014e-07	1.026112e-05	-8.724741e-07
2881	1.008662e-05	2.536661e-07	1.061272e-05	5.445476e-07
2882	1.067694e-05	-1.503024e-07	1.068558e-05	6.557090e-07
2883	1.079942e-05	9.896264e-08	1.027766e-05	-8.669117e-07
2884	1.010667e-05	3.500401e-07	1.051041e-05	3.694705e-07
2885	1.051189e-05	-9.285955e-08	1.075419e-05	8.006785e-07
2886	1.090802e-05	-4.744612e-08	1.031796e-05	-8.202435e-07
2887	1.019566e-05	3.887922e-07	1.040728e-05	1.817247e-07
2888	1.034044e-05	2.728173e-08	1.079399e-05	9.175759e-07
2889	1.095048e-05	-1.701179e-07	1.039095e-05	-7.341466e-07
2890	1.033111e-05	3.528777e-07	1.030720e-05	-7.151586e-09
2891	1.018987e-05	1.826647e-07	1.079869e-05	9.931365e-07
2892	1.092374e-05	-2.375838e-07	1.048551e-05	-6.134167e-07
2893	1.049434e-05	2.487699e-07	1.022245e-05	-1.845272e-07
2894	1.008120e-05	3.307698e-07	1.077647e-05	1.030636e-06
2895	1.083773e-05	-2.342983e-07	1.058657e-05	-4.709686e-07
2896	1.066541e-05	1.035500e-07	1.016123e-05	-3.450930e-07
2897	1.003604e-05	4.344909e-07	1.073208e-05	1.032168e-06
2898	1.069896e-05	-1.589642e-07	1.068783e-05	-3.090661e-07
2899	1.082037e-05	-5.020231e-08	1.012493e-05	-4.840096e-07
2900	1.005635e-05	4.679325e-07	1.066278e-05	9.942719e-07
2901	1.053369e-05	-3.371933e-08	1.078095e-05	-1.370919e-07
2902	1.093540e-05	-1.777833e-07	1.011526e-05	-5.990965e-07
2903	1.014032e-05	4.291591e-07	1.058102e-05	9.264050e-07
2904	1.035491e-05	1.147214e-07	1.085884e-05	3.128635e-08
2905	1.099584e-05	-2.538414e-07	1.012742e-05	-6.860297e-07
2906	1.027655e-05	3.361665e-07	1.049302e-05	8.369971e-07
2907	1.018771e-05	2.533250e-07	1.092088e-05	1.946547e-07
2908	1.099025e-05	-2.702054e-07	1.015733e-05	-7.451725e-07
2909	1.045064e-05	2.157237e-07	1.040132e-05	7.225706e-07
2910	1.005486e-05	3.608890e-07	1.096713e-05	3.573180e-07
2911	1.090641e-05	-2.358153e-07	1.020724e-05	-7.738904e-07
2912	1.064196e-05	9.431650e-08	1.031292e-05	5.825620e-07
2913	9.982892e-06	4.268679e-07	1.099805e-05	5.095738e-07
2914	1.076028e-05	-1.690451e-07	1.026926e-05	-7.674366e-07
2915	1.082159e-05	-1.989944e-08	1.022908e-05	4.213573e-07
2916	9.988261e-06	4.584637e-07	1.101091e-05	6.420382e-07
2917	1.057409e-05	-8.174523e-08	1.034845e-05	-7.229832e-07
2918	1.096084e-05	-1.222109e-07	1.014592e-05	2.467945e-07
2919	1.007638e-05	4.558523e-07	1.100471e-05	7.533657e-07
2920	1.037378e-05	2.258541e-08	1.043729e-05	-6.456723e-07
2921	1.103372e-05	-2.082333e-07	1.007066e-05	6.520163e-08
2922	1.023022e-05	4.179879e-07	1.098116e-05	8.381399e-07
2923	1.018806e-05	1.369375e-07	1.053802e-05	-5.326966e-07
2924	1.102957e-05	-2.640816e-07	1.000571e-05	-1.157517e-07
2925	1.042214e-05	3.500925e-07	1.092980e-05	8.890247e-07
2926	1.004245e-05	2.475594e-07	1.064576e-05	-3.902924e-07
2927	1.094668e-05	-2.878438e-07	9.961045e-06	-2.854502e-07
2928	1.062785e-05	2.606448e-07	1.084890e-05	8.987590e-07
2929	9.964259e-06	3.477582e-07	1.076153e-05	-2.268490e-07
2930	1.079417e-05	-2.817830e-07	9.944154e-06	-4.328812e-07
2931	1.081304e-05	1.550285e-07	1.074497e-05	8.628736e-07
2932	9.973027e-06	4.307760e-07	1.087171e-05	-5.259228e-08
2933	1.060537e-05	-2.436201e-07	9.955030e-06	-5.508497e-07
2934	1.095122e-05	3.421176e-08	1.062457e-05	7.901088e-07
2935	1.005091e-05	4.896415e-07	1.097126e-05	1.229197e-07
2936	1.041223e-05	-1.662208e-07	9.997202e-06	-6.346778e-07
2937	1.102797e-05	-9.353917e-08	1.048599e-05	6.859234e-07
2938	1.018636e-05	5.195746e-07	1.105388e-05	2.918210e-07
2939	1.022967e-05	-5.379330e-08	1.007234e-05	-6.793267e-07
2940	1.103656e-05	-2.156592e-07	1.033812e-05	5.528685e-07
2941	1.036595e-05	5.083928e-07	1.110644e-05	4.470681e-07
2942	1.008096e-05	8.758381e-08	1.017681e-05	-6.778403e-07
2943	1.096829e-05	-3.160492e-07	1.019057e-05	3.989745e-07
2944	1.056643e-05	4.426269e-07	1.112724e-05	5.776262e-07
2945	9.993331e-06	2.437759e-07	1.030590e-05	-6.354770e-07
2946	1.082952e-05	-3.736456e-07	1.005198e-05	2.366277e-07
2947	1.076535e-05	3.236611e-07	1.111031e-05	6.723541e-07
2948	9.982068e-06	3.949525e-07	1.045859e-05	-5.541684e-07
2949	1.064506e-05	-3.804279e-07	9.932727e-06	8.160935e-08
2950	1.092282e-05	1.661908e-07	1.105522e-05	7.292578e-07
2951	1.005426e-05	5.244338e-07	1.063051e-05	-4.486899e-07
2952	1.043540e-05	-3.207539e-07	9.834547e-06	-6.060961e-08
2953	1.100826e-05	-1.822454e-08	1.096094e-05	7.473876e-07
2954	1.019942e-05	6.092267e-07	1.081615e-05	-3.231537e-07
2955	1.023849e-05	-1.883247e-07	9.778583e-06	-1.847094e-07
2956	1.101020e-05	-2.026177e-07	1.082948e-05	7.256792e-07
2957	1.038918e-05	6.238673e-07	1.098705e-05	-1.863980e-07
2958	1.008784e-05	-1.436707e-09	9.769659e-06	-2.805238e-07
2959	1.093024e-05	-3.652214e-07	1.067199e-05	6.720411e-07
2960	1.059517e-05	5.552438e-07	1.113869e-05	-5.329702e-08
2961	1.000920e-05	2.162392e-07	9.799149e-06	-3.476386e-07
2962	1.078744e-05	-4.650015e-07	1.049385e-05	5.957746e-07
2963	1.078466e-05	3.998234e-07	1.126385e-05	7.402472e-08
2964	1.000782e-05	4.334017e-07	9.871517e-06	-3.832840e-07
2965	1.059995e-05	-4.743048e-07	1.029641e-05	5.060457e-07
2966	1.093085e-05	1.819148e-07	1.135390e-05	1.852252e-07
2967	1.008788e-05	6.084219e-07	9.988878e-06	-3.898771e-07
2968	1.039034e-05	-3.791454e-07	1.009735e-05	4.074240e-07
2969	1.101227e-05	-6.537069e-08	1.140343e-05	2.793350e-07
2970	1.023595e-05	7.066109e-07	1.014618e-05	-3.715011e-07
2971	1.020022e-05	-1.971845e-07	9.907778e-06	3.060987e-07
2972	1.100680e-05	-2.941214e-07	1.140905e-05	3.470846e-07
2973	1.042840e-05	6.964584e-07	1.032967e-05	-3.307661e-07
2974	1.005942e-05	4.617591e-08	9.743956e-06	2.081350e-07
2975	1.091712e-05	-4.654765e-07	1.136631e-05	3.914748e-07
2976	1.063509e-05	5.736096e-07	1.053395e-05	-2.771347e-07
2977	9.993732e-06	3.060844e-07	9.615272e-06	1.207908e-07
2978	1.075966e-05	-5.465134e-07	1.127419e-05	4.122724e-07
2979	1.081558e-05	3.656431e-07	1.074360e-05	-2.091720e-07
2980	1.001755e-05	5.385157e-07	9.532078e-06	4.298951e-08
2981	1.056483e-05	-5.103889e-07	1.113818e-05	4.119825e-07
2982	1.094076e-05	1.013359e-07	1.094554e-05	-1.355103e-07
2983	1.011516e-05	6.993138e-07	9.494820e-06	-1.777919e-08
2984	1.036979e-05	-3.578880e-07	1.097132e-05	3.926857e-07
2985	1.099541e-05	-1.731477e-07	1.112958e-05	-6.154569e-08
2986	1.026781e-05	7.546279e-07	9.500363e-06	-6.249166e-08
2987	1.020310e-05	-1.236075e-07	1.078419e-05	3.579659e-07
2988	1.096937e-05	-4.027615e-07	1.128874e-05	9.986452e-09
2989	1.044615e-05	6.904584e-07	9.553577e-06	-8.954697e-08
2990	1.009560e-05	1.509999e-07	1.057591e-05	3.087936e-07
2991	1.087645e-05	-5.415851e-07	1.141564e-05	7.416226e-08
2992	1.062039e-05	5.167333e-07	9.653033e-06	-9.690619e-08
2993	1.005306e-05	4.155725e-07	1.036261e-05	2.536101e-07
2994	1.073489e-05	-5.670071e-07	1.149833e-05	1.182198e-07
2995	1.076947e-05	2.707666e-07	9.793196e-06	-8.303204e-08
2996	1.007553e-05	6.239611e-07	1.016280e-05	1.983627e-07
2997	1.056984e-05	-4.776725e-07	1.153318e-05	1.498098e-07
2998	1.087113e-05	-7.288287e-10	9.958954e-06	-5.641353e-08
2999	1.015857e-05	7.386244e-07	9.981986e-06	1.465708e-07
3000	1.041033e-05	-2.926472e-07	1.152046e-05	1.683337e-07
3001	1.091406e-05	-2.501604e-07	1.014676e-05	-2.117383e-08
3002	1.028324e-05	7.415823e-07	9.831652e-06	1.047298e-07
3003	1.027371e-05	-4.739926e-08	1.146141e-05	1.700447e-07
3004	1.090272e-05	-4.343437e-07	1.034243e-05	1.617227e-08
3005	1.042573e-05	6.364511e-07	9.719814e-06	7.810821e-08
3006	1.017722e-05	2.100151e-07	1.136359e-05	1.606114e-07
3007	1.083589e-05	-5.278396e-07	1.053511e-05	4.909317e-08
3008	1.056543e-05	4.530163e-07	9.648703e-06	5.889000e-08
3009	1.013095e-05	4.400974e-07	1.123665e-05	1.475595e-07
3010	1.072752e-05	-5.249679e-07	1.071399e-05	7.950709e-08
3011	1.069030e-05	2.266912e-07	9.620858e-06	4.519890e-08
3012	1.014074e-05	6.144310e-07	1.108897e-05	1.297000e-07
3013	1.059665e-05	-4.339450e-07	1.087135e-05	1.112937e-07
3014	1.078285e-05	-1.610560e-08	9.628356e-06	3.704112e-08
3015	1.020182e-05	7.144017e-07	1.092732e-05	1.026986e-07
3016	1.046532e-05	-2.708537e-07	1.100541e-05	1.455736e-07
3017	1.082825e-05	-2.436393e-07	9.667451e-06	3.654605e-08
3018	1.029902e-05	7.288702e-07	1.075791e-05	7.235034e-08
3019	1.035440e-05	-5.865041e-08	1.111250e-05	1.735229e-07
3020	1.081543e-05	-4.249370e-07	9.740896e-06	4.313466e-08
3021	1.041340e-05	6.538055e-07	1.058751e-05	4.231949e-08
3022	1.028031e-05	1.796588e-07	1.118977e-05	1.896164e-07
3023	1.076157e-05	-5.318242e-07	9.839289e-06	5.759875e-08
3024	1.051721e-05	5.032726e-07	1.042216e-05	1.123251e-08
3025	1.024598e-05	4.040063e-07	1.123841e-05	1.964755e-07
3026	1.068457e-05	-5.535454e-07	9.960383e-06	7.859863e-08
3027	1.060652e-05	2.977847e-07	1.026817e-05	-1.713649e-08
3028	1.024618e-05	5.894357e-07	1.125734e-05	1.917102e-07
3029	1.059778e-05	-4.913283e-07	1.010259e-05	1.095219e-07
3030	1.067020e-05	6.903584e-08	1.012847e-05	-4.104999e-08
3031	1.028579e-05	7.080795e-07	1.124213e-05	1.777100e-07
3032	1.051669e-05	-3.544371e-07	1.025604e-05	1.473154e-07
3033	1.069623e-05	-1.571775e-07	1.000932e-05	-5.943431e-08
3034	1.034231e-05	7.461453e-07	1.119610e-05	1.519149e-07
3035	1.045721e-05	-1.584464e-07	1.041639e-05	1.888389e-07
3036	1.069617e-05	-3.524836e-07	9.910524e-06	-6.532306e-08
3037	1.039506e-05	7.026881e-07	1.111771e-05	1.166166e-07
3038	1.041805e-05	6.569120e-08	1.058167e-05	2.274885e-07
3039	1.068005e-05	-4.894367e-07	9.843459e-06	-5.961957e-08
3040	1.044481e-05	5.829265e-07	1.101272e-05	7.443641e-08
3041	1.038849e-05	2.953923e-07	1.073770e-05	2.670169e-07
3042	1.065626e-05	-5.518107e-07	9.813447e-06	-4.573003e-08
3043	1.048789e-05	4.033271e-07	1.088276e-05	2.031920e-08
3044	1.037356e-05	4.999914e-07	1.087647e-05	3.040667e-07
3045	1.062595e-05	-5.288273e-07	9.820434e-06	-1.740432e-08
3046	1.052921e-05	1.824203e-07	1.073852e-05	-4.266170e-08
3047	1.037103e-05	6.492116e-07	1.099595e-05	3.284575e-07
3048	1.058765e-05	-4.230391e-07	9.860487e-06	3.419077e-08
3049	1.056321e-05	-4.627339e-08	1.058583e-05	-1.158348e-07
3050	1.037709e-05	7.255376e-07	1.109289e-05	3.311469e-07
3051	1.054939e-05	-2.532760e-07	9.926137e-06	1.058173e-07
3052	1.058758e-05	-2.564042e-07	1.043209e-05	-1.846334e-07
3053	1.039280e-05	7.216178e-07	1.116610e-05	3.152731e-07
3054	1.051871e-05	-3.680987e-08	1.002268e-05	1.900417e-07
3055	1.059918e-05	-4.238405e-07	1.027589e-05	-2.437906e-07
3056	1.041323e-05	6.294163e-07	1.120245e-05	2.801209e-07
3057	1.049216e-05	2.003714e-07	1.014641e-05	2.851396e-07
3058	1.060475e-05	-5.191308e-07	1.013644e-05	-2.867893e-07
3059	1.043601e-05	4.631073e-07	1.119835e-05	2.171293e-07
3060	1.047002e-05	4.244227e-07	1.028547e-05	3.803909e-07
3061	1.060386e-05	-5.240625e-07	1.001865e-05	-3.026398e-07
3062	1.045972e-05	2.425818e-07	1.116157e-05	1.345214e-07
3063	1.044498e-05	6.010227e-07	1.043421e-05	4.712538e-07
3064	1.059805e-05	-4.309982e-07	9.924155e-06	-2.923387e-07
3065	1.049066e-05	1.875871e-10	1.109186e-05	3.176333e-08
3066	1.042131e-05	7.003231e-07	1.058809e-05	5.470720e-07
3067	1.058187e-05	-2.608202e-07	9.862819e-06	-2.537471e-07
3068	1.052576e-05	-2.253352e-07	1.099016e-05	-7.953944e-08
3069	1.040749e-05	7.004878e-07	1.073888e-05	6.018880e-07
3070	1.055788e-05	-4.183649e-08	9.838966e-06	-1.887667e-07
3071	1.055951e-05	-3.931167e-07	1.086359e-05	-1.944044e-07
3072	1.040355e-05	6.080628e-07	1.087430e-05	6.351188e-07
3073	1.053066e-05	1.908993e-07	9.852312e-06	-9.416257e-08
3074	1.058642e-05	-4.778218e-07	1.072036e-05	-3.041806e-07
3075	1.041428e-05	4.368636e-07	1.098435e-05	6.302926e-07
3076	1.049819e-05	3.971325e-07	9.901553e-06	2.127337e-08
3077	1.060247e-05	-4.660497e-07	1.056742e-05	-3.957793e-07
3078	1.043583e-05	2.245881e-07	1.106300e-05	5.942002e-07
3079	1.046816e-05	5.482245e-07	9.989950e-06	1.459905e-07
3080	1.060768e-05	-3.678362e-07	1.041183e-05	-4.670126e-07
3081	1.046252e-05	3.327740e-09	1.110469e-05	5.279618e-07
3082	1.043820e-05	6.202717e-07	1.010657e-05	2.723308e-07
3083	1.060633e-05	-2.064345e-07	1.027292e-05	-5.106043e-07
3084	1.049133e-05	-1.897835e-07	1.110639e-05	4.294412e-07
3085	1.041329e-05	6.046804e-07	1.023981e-05	3.948366e-07
3086	1.059738e-05	-8.092851e-09	1.016340e-05	-5.217177e-07
3087	1.052165e-05	-3.238604e-07	1.106954e-05	3.129895e-07
3088	1.039359e-05	5.080085e-07	1.037942e-05	5.012013e-07
3089	1.058618e-05	1.907874e-07	1.008455e-05	-5.002837e-07
3090	1.055299e-05	-3.751932e-07	1.099321e-05	1.895087e-07
3091	1.038019e-05	3.486395e-07	1.051962e-05	5.852168e-07
3092	1.055783e-05	3.621925e-07	1.004082e-05	-4.465556e-07
3093	1.058579e-05	-3.461284e-07	1.088860e-05	6.153911e-08
3094	1.038111e-05	1.626204e-07	1.064962e-05	6.440893e-07
3095	1.052021e-05	4.753318e-07	1.003275e-05	-3.607942e-07
3096	1.061393e-05	-2.491441e-07	1.076553e-05	-6.391255e-08
3097	1.039598e-05	-1.716788e-08	1.075424e-05	6.707981e-07
3098	1.048082e-05	5.143176e-07	1.006204e-05	-2.550028e-07
3099	1.063637e-05	-1.007115e-07	1.063715e-05	-1.766599e-07
3100	1.042101e-05	-1.627766e-07	1.083547e-05	6.654309e-07
3101	1.043600e-05	4.742158e-07	1.012189e-05	-1.396302e-07
3102	1.064462e-05	6.807232e-08	1.050785e-05	-2.735200e-07
3103	1.046217e-05	-2.483674e-07	1.088498e-05	6.295701e-07
3104	1.039560e-05	3.668962e-07	1.021007e-05	-1.470000e-08
3105	1.063400e-05	2.266394e-07	1.038795e-05	-3.478455e-07
3106	1.051066e-05	-2.616977e-07	1.089722e-05	5.659651e-07
3107	1.036585e-05	2.215661e-07	1.031741e-05	1.067979e-07
3108	1.061135e-05	3.466691e-07	1.028576e-05	-3.892717e-07
3109	1.056087e-05	-2.063470e-07	1.087562e-05	4.836880e-07
3110	1.034861e-05	6.527963e-08	1.043587e-05	2.123673e-07
3111	1.057191e-05	4.130835e-07	1.020905e-05	-4.002978e-07
3112	1.061227e-05	-1.043770e-07	1.082553e-05	3.905928e-07
3113	1.034487e-05	-7.192005e-08	1.055031e-05	3.063513e-07
3114	1.052146e-05	4.202190e-07	1.015983e-05	-3.917688e-07
3115	1.065442e-05	2.424867e-08	1.075659e-05	2.913871e-07
3116	1.035859e-05	-1.720246e-07	1.065791e-05	3.835561e-07
3117	1.046190e-05	3.683383e-07	1.013807e-05	-3.619858e-07
3118	1.068756e-05	1.585421e-07	1.067113e-05	1.878660e-07
3119	1.039126e-05	-2.239037e-07	1.075455e-05	4.412908e-07
3120	1.039871e-05	2.728347e-07	1.014207e-05	-3.088389e-07
3121	1.070913e-05	2.805819e-07	1.056995e-05	8.225276e-08
3122	1.044527e-05	-2.183099e-07	1.083544e-05	4.790059e-07
3123	1.033425e-05	1.501140e-07	1.017039e-05	-2.365747e-07
3124	1.070510e-05	3.635553e-07	1.046437e-05	-1.543437e-08
3125	1.052401e-05	-1.617001e-07	1.089547e-05	4.927343e-07
3126	1.027835e-05	2.768133e-08	1.022232e-05	-1.467241e-07
3127	1.066247e-05	3.996767e-07	1.035878e-05	-1.009907e-07
3128	1.061607e-05	-6.647153e-08	1.093492e-05	4.808230e-07
3129	1.024856e-05	-7.476674e-08	1.029325e-05	-4.532659e-08
3130	1.058731e-05	3.862938e-07	1.025998e-05	-1.747909e-07
3131	1.070687e-05	4.233968e-08	1.094744e-05	4.483829e-07
3132	1.025012e-05	-1.426732e-07	1.038315e-05	5.818361e-08
3133	1.048651e-05	3.278119e-07	1.017389e-05	-2.326005e-07
3134	1.078580e-05	1.503770e-07	1.093495e-05	3.994895e-07
3135	1.029777e-05	-1.687015e-07	1.048114e-05	1.558280e-07
3136	1.036764e-05	2.407459e-07	1.009835e-05	-2.720407e-07
3137	1.083014e-05	2.371405e-07	1.089990e-05	3.325526e-07
3138	1.039615e-05	-1.528675e-07	1.058932e-05	2.478213e-07
3139	1.025163e-05	1.456086e-07	1.004055e-05	-2.865051e-07
3140	1.081837e-05	2.958310e-07	1.083746e-05	2.514354e-07
3141	1.052464e-05	-1.036107e-07	1.070351e-05	3.301183e-07
3142	1.016344e-05	5.680048e-08	1.000918e-05	-2.848525e-07
3143	1.074798e-05	3.199115e-07	1.074586e-05	1.683072e-07
3144	1.066427e-05	-3.155396e-08	1.081260e-05	3.984470e-07
3145	1.012379e-05	-1.450548e-08	1.001267e-05	-2.646605e-07
3146	1.062990e-05	3.047256e-07	1.063183e-05	8.392516e-08
3147	1.079094e-05	4.780573e-08	1.090956e-05	4.578136e-07
3148	1.014969e-05	-5.792423e-08	1.004629e-05	-2.304613e-07
3149	1.048247e-05	2.573282e-07	1.050681e-05	-9.457657e-09
3150	1.088329e-05	1.153795e-07	1.097882e-05	5.075888e-07
3151	1.023736e-05	-7.139926e-08	1.011156e-05	-1.759381e-07
3152	1.033055e-05	2.000337e-07	1.038667e-05	-1.047115e-07
3153	1.091766e-05	1.671532e-07	1.101944e-05	5.406127e-07
3154	1.036984e-05	-5.647366e-08	1.019550e-05	-1.052956e-07
3155	1.019952e-05	1.363746e-07	1.027348e-05	-1.979935e-07
3156	1.088252e-05	2.031350e-07	1.103084e-05	5.533832e-07
3157	1.052499e-05	-1.579105e-08	1.030116e-05	-2.018559e-08
3158	1.011454e-05	7.658957e-08	1.017097e-05	-2.854692e-07
3159	1.077969e-05	2.200456e-07	1.101109e-05	5.419132e-07
3160	1.068064e-05	3.109222e-08	1.041966e-05	7.954126e-08
3161	1.008943e-05	3.337652e-08	1.009025e-05	-3.581935e-07
3162	1.063308e-05	2.072585e-07	1.096374e-05	5.014473e-07
3163	1.081318e-05	8.280225e-08	1.054070e-05	1.876486e-07
3164	1.013877e-05	8.023028e-09	1.002853e-05	-4.147899e-07
3165	1.047038e-05	1.720883e-07	1.089629e-05	4.371191e-07
3166	1.089166e-05	1.238813e-07	1.066286e-05	3.026108e-07
3167	1.024962e-05	8.447529e-09	9.988492e-06	-4.459661e-07
3168	1.031771e-05	1.298735e-07	1.080657e-05	3.485571e-07
3169	1.090059e-05	1.489996e-07	1.078160e-05	4.084708e-07
3170	1.039758e-05	3.487480e-08	9.972201e-06	-4.473758e-07
3171	1.020093e-05	9.026690e-08	1.070277e-05	2.413611e-07
3172	1.084064e-05	1.513336e-07	1.088682e-05	5.046161e-07
3173	1.055470e-05	7.225674e-08	9.986228e-06	-4.201931e-07
3174	1.013525e-05	6.788637e-08	1.058166e-05	1.131856e-07
3175	1.072630e-05	1.262621e-07	1.097685e-05	5.782583e-07
3176	1.070050e-05	1.090647e-07	1.002757e-05	-3.511255e-07
3177	1.013534e-05	7.112111e-08	1.045475e-05	-2.531569e-08
3178	1.058048e-05	8.918096e-08	1.104983e-05	6.221105e-07
3179	1.081036e-05	1.262147e-07	1.009682e-05	-2.499097e-07
3180	1.019855e-05	9.528961e-08	1.032438e-05	-1.536788e-07
3181	1.042587e-05	5.819374e-08	1.109624e-05	6.317908e-07
3182	1.087068e-05	1.135751e-07	1.019166e-05	-1.248587e-07
3183	1.030991e-05	1.369263e-07	1.019654e-05	-2.708824e-07
3184	1.029034e-05	4.241459e-08	1.111171e-05	6.039010e-07
3185	1.086610e-05	8.172826e-08	1.031072e-05	2.189683e-08
3186	1.045349e-05	1.763188e-07	1.007737e-05	-3.578300e-07
3187	1.019076e-05	4.833334e-08	1.109453e-05	5.317132e-07
3188	1.079886e-05	3.389469e-08	1.044477e-05	1.760812e-07
3189	1.060084e-05	2.036248e-07	9.976554e-06	-4.096090e-07
3190	1.014531e-05	7.805389e-08	1.104140e-05	4.197031e-07
3191	1.068099e-05	-1.628339e-08	1.059169e-05	3.212218e-07
3192	1.072584e-05	2.031728e-07	9.901910e-06	-4.205635e-07
3193	1.016724e-05	1.298897e-07	1.095488e-05	2.819459e-07
3194	1.053554e-05	-5.300987e-08	1.073702e-05	4.483714e-07
3195	1.080465e-05	1.753185e-07	9.860768e-06	-3.947800e-07
3196	1.024386e-05	1.949338e-07	1.084270e-05	1.281040e-07
3197	1.039944e-05	-6.386028e-08	1.087284e-05	5.451557e-07
3198	1.082909e-05	1.227716e-07	9.859506e-06	-3.260196e-07
3199	1.035578e-05	2.525953e-07	1.071230e-05	-3.072590e-08
3200	1.029479e-05	-5.478026e-08	1.098883e-05	6.032334e-07
3201	1.080044e-05	5.499328e-08	9.890944e-06	-2.202969e-07
3202	1.048623e-05	2.941547e-07	1.057147e-05	-1.809269e-07
3203	1.023639e-05	-2.630254e-08	1.107904e-05	6.245783e-07
3204	1.072277e-05	-1.850862e-08	9.954580e-06	-8.616285e-08
3205	1.060518e-05	3.118943e-07	1.042818e-05	-3.130559e-07
3206	1.022482e-05	2.975472e-08	1.113620e-05	6.044104e-07
3207	1.061992e-05	-8.326594e-08	1.004524e-05	6.704685e-08
3208	1.069421e-05	3.029815e-07	1.029353e-05	-4.182784e-07
3209	1.025217e-05	1.035653e-07	1.115806e-05	5.405884e-07
3210	1.050430e-05	-1.286289e-07	1.015745e-05	2.283851e-07
3211	1.075020e-05	2.648316e-07	1.017680e-05	-4.885278e-07
3212	1.031316e-05	1.878058e-07	1.114321e-05	4.423744e-07
3213	1.040290e-05	-1.452591e-07	1.027962e-05	3.810880e-07
3214	1.076474e-05	1.969960e-07	1.008974e-05	-5.192367e-07
3215	1.039459e-05	2.639162e-07	1.110107e-05	3.168696e-07
3216	1.032985e-05	-1.347710e-07	1.040257e-05	5.175340e-07
3217	1.074367e-05	1.092801e-07	1.002546e-05	-5.092454e-07
3218	1.048748e-05	3.169504e-07	1.103978e-05	1.678602e-07
3219	1.028244e-05	-8.878640e-08	1.051676e-05	6.388461e-07
3220	1.069852e-05	1.797134e-08	9.983543e-06	-4.637116e-07
3221	1.057492e-05	3.348966e-07	1.096888e-05	6.929595e-09
3222	1.025627e-05	-1.584704e-08	1.062006e-05	7.358475e-07
3223	1.062975e-05	-6.051883e-08	9.964557e-06	-3.857101e-07
3224	1.065649e-05	3.178252e-07	1.088612e-05	-1.560328e-07
3225	1.025235e-05	7.978579e-08	1.071003e-05	7.992011e-07
3226	1.054092e-05	-1.145268e-07	9.968496e-06	-2.781273e-07
3227	1.072841e-05	2.667241e-07	1.079486e-05	-3.136217e-07
3228	1.028648e-05	1.798658e-07	1.078579e-05	8.278609e-07
3229	1.044206e-05	-1.352026e-07	9.987951e-06	-1.462280e-07
3230	1.077450e-05	1.853795e-07	1.069837e-05	-4.586938e-07
3231	1.035327e-05	2.679102e-07	1.085084e-05	8.190089e-07
3232	1.034576e-05	-1.200662e-07	1.002616e-05	1.889232e-09
3233	1.078842e-05	8.929079e-08	1.059980e-05	-5.762983e-07
3234	1.044631e-05	3.249591e-07	1.089845e-05	7.704138e-07
3235	1.026133e-05	-7.082900e-08	1.007847e-05	1.569127e-07
3236	1.075647e-05	-4.724388e-09	1.050582e-05	-6.641846e-07
3237	1.056219e-05	3.406674e-07	1.093623e-05	6.902088e-07
3238	1.020138e-05	1.272247e-08	1.014500e-05	3.157555e-07
3239	1.067767e-05	-8.325802e-08	1.040861e-05	-7.199187e-07
3240	1.067960e-05	3.146563e-07	1.095947e-05	5.798226e-07
3241	1.018559e-05	1.116116e-07	1.022759e-05	4.715023e-07
3242	1.056885e-05	-1.339926e-07	1.031443e-05	-7.417877e-07
3243	1.078145e-05	2.530151e-07	1.095797e-05	4.480636e-07
3244	1.022086e-05	2.103332e-07	1.032911e-05	6.105540e-07
3245	1.044092e-05	-1.482335e-07	1.022889e-05	-7.278371e-07
3246	1.084671e-05	1.614008e-07	1.092674e-05	3.023143e-07
3247	1.030743e-05	2.967789e-07	1.044054e-05	7.236143e-07
3248	1.031389e-05	-1.266919e-07	1.015860e-05	-6.872848e-07
3249	1.085871e-05	5.470220e-08	1.086568e-05	1.549287e-07
3250	1.042693e-05	3.576334e-07	1.055574e-05	8.173259e-07
3251	1.020900e-05	-5.975938e-08	1.012227e-05	-6.238796e-07
3252	1.080588e-05	-4.943234e-08	1.077721e-05	3.798535e-09
3253	1.056749e-05	3.699925e-07	1.066034e-05	8.906431e-07
3254	1.015173e-05	3.769921e-08	1.012139e-05	-5.407996e-07
3255	1.070303e-05	-1.354806e-07	1.067577e-05	-1.426512e-07
3256	1.069785e-05	3.412210e-07	1.075119e-05	9.379856e-07
3257	1.015679e-05	1.454343e-07	1.014804e-05	-4.349095e-07
3258	1.057032e-05	-1.878272e-07	1.056449e-05	-2.832228e-07
3259	1.079792e-05	2.663393e-07	1.082071e-05	9.578090e-07
3260	1.022166e-05	2.485272e-07	1.020047e-05	-3.080997e-07
3261	1.042894e-05	-1.919846e-07	1.045471e-05	-4.197639e-07
3262	1.084809e-05	1.560812e-07	1.086004e-05	9.494468e-07
3263	1.032921e-05	3.392113e-07	1.027725e-05	-1.658090e-07
3264	1.030343e-05	-1.523155e-07	1.035334e-05	-5.420851e-07
3265	1.083200e-05	3.410207e-08	1.087569e-05	9.106803e-07
3266	1.045823e-05	3.934070e-07	1.036629e-05	-8.848826e-09
3267	1.021906e-05	-6.227609e-08	1.026161e-05	-6.468642e-07
3268	1.075533e-05	-8.091403e-08	1.086498e-05	8.365084e-07
3269	1.058967e-05	3.976383e-07	1.046643e-05	1.643301e-07
3270	1.019264e-05	5.654273e-08	1.019159e-05	-7.273110e-07
3271	1.063973e-05	-1.748654e-07	1.082594e-05	7.327959e-07
3272	1.070102e-05	3.441270e-07	1.056988e-05	3.416516e-07
3273	1.022404e-05	1.895847e-07	1.014714e-05	-7.806201e-07
3274	1.051079e-05	-2.268074e-07	1.076023e-05	5.997091e-07
3275	1.077543e-05	2.443426e-07	1.067032e-05	5.255408e-07
3276	1.030604e-05	3.186196e-07	1.012921e-05	-8.028005e-07
3277	1.038517e-05	-2.236114e-07	1.067485e-05	4.317788e-07
3278	1.079542e-05	1.036422e-07	1.076081e-05	6.991560e-07
3279	1.042359e-05	4.189762e-07	1.013632e-05	-7.800017e-07
3280	1.028592e-05	-1.505377e-07	1.058064e-05	2.342969e-07
3281	1.075853e-05	-5.527995e-08	1.083013e-05	8.485358e-07
3282	1.054755e-05	4.639220e-07	1.017335e-05	-7.131345e-07
3283	1.022587e-05	-1.817874e-08	1.047468e-05	2.387236e-08
3284	1.067057e-05	-1.984531e-07	1.087999e-05	9.655883e-07
3285	1.066201e-05	4.326015e-07	1.023639e-05	-6.000036e-07
3286	1.022296e-05	1.480062e-07	1.036900e-05	-1.952919e-07
3287	1.054564e-05	-2.902895e-07	1.090189e-05	1.033892e-06
3288	1.075135e-05	3.308669e-07	1.032188e-05	-4.407203e-07
3289	1.027927e-05	3.185592e-07	1.027197e-05	-4.097140e-07
3290	1.041298e-05	-3.126025e-07	1.089885e-05	1.057198e-06
3291	1.078749e-05	1.745431e-07	1.042528e-05	-2.447888e-07
3292	1.038991e-05	4.586774e-07	1.018621e-05	-5.982295e-07
3293	1.030223e-05	-2.522226e-07	1.086296e-05	1.023112e-06
3294	1.076104e-05	-1.466261e-08	1.054206e-05	-2.709264e-08
3295	1.051999e-05	5.377772e-07	1.012636e-05	-7.481656e-07
3296	1.024364e-05	-1.192538e-07	1.079576e-05	9.345105e-07
3297	1.067862e-05	-1.976738e-07	1.066186e-05	2.026893e-07
3298	1.064062e-05	5.325594e-07	1.009892e-05	-8.534696e-07
3299	1.024260e-05	5.881488e-08	1.069929e-05	7.955360e-07
3300	1.055906e-05	-3.275874e-07	1.077058e-05	4.279579e-07
3301	1.072778e-05	4.441193e-07	1.010801e-05	-9.078288e-07
3302	1.029736e-05	2.510248e-07	1.058182e-05	6.194614e-07
3303	1.043164e-05	-3.818625e-07	1.085811e-05	6.329856e-07
3304	1.075970e-05	2.960018e-07	1.015553e-05	-9.112492e-07
3305	1.039217e-05	4.216202e-07	1.045052e-05	4.141709e-07
3306	1.033197e-05	-3.511548e-07	1.091713e-05	8.083702e-07
3307	1.073461e-05	1.096466e-07	1.023997e-05	-8.601131e-07
3308	1.050108e-05	5.375854e-07	1.031835e-05	1.926611e-07
3309	1.027482e-05	-2.457587e-07	1.093969e-05	9.442158e-07
3310	1.067383e-05	-8.048038e-08	1.035524e-05	-7.583895e-07
3311	1.060108e-05	5.786383e-07	1.019709e-05	-2.688531e-08
3312	1.026723e-05	-8.823002e-08	1.092259e-05	1.033321e-06
3313	1.058582e-05	-2.451690e-07	1.049710e-05	-6.131724e-07
3314	1.067138e-05	5.355031e-07	1.010064e-05	-2.372174e-07
3315	1.030742e-05	1.015714e-07	1.086099e-05	1.067618e-06
3316	1.049362e-05	-3.547994e-07	1.064380e-05	-4.344795e-07
3317	1.070029e-05	4.191397e-07	1.004209e-05	-4.292104e-07
3318	1.036975e-05	2.964984e-07	1.076050e-05	1.057723e-06
3319	1.042206e-05	-3.845492e-07	1.078442e-05	-2.377097e-07
3320	1.069108e-05	2.470418e-07	1.002655e-05	-5.879315e-07
3321	1.043663e-05	4.585404e-07	1.063058e-05	1.003248e-06
3322	1.037654e-05	-3.240420e-07	1.090339e-05	-3.389712e-08
3323	1.066443e-05	4.555913e-08	1.005251e-05	-7.062051e-07
3324	1.049266e-05	5.581884e-07	1.048567e-05	9.087128e-07
3325	1.035466e-05	-1.919136e-07	1.099507e-05	1.677449e-07
3326	1.063249e-05	-1.463609e-07	1.011634e-05	-7.834620e-07
3327	1.054239e-05	5.722238e-07	1.033805e-05	7.820142e-07
3328	1.034707e-05	-1.355791e-08	1.104992e-05	3.532305e-07
3329	1.059602e-05	-2.976397e-07	1.022050e-05	-8.189192e-07
3330	1.058458e-05	5.035904e-07	1.020101e-05	6.313662e-07
3331	1.034871e-05	1.826071e-07	1.107362e-05	5.138598e-07
3332	1.055473e-05	-3.789647e-07	1.034081e-05	-8.109742e-07
3333	1.061934e-05	3.644465e-07	1.008237e-05	4.636763e-07
3334	1.035879e-05	3.591775e-07	1.105744e-05	6.416406e-07
3335	1.050747e-05	-3.711856e-07	1.047319e-05	-7.616252e-07
3336	1.064613e-05	1.837831e-07	9.989642e-06	2.942855e-07
3337	1.037895e-05	4.914284e-07	1.100702e-05	7.396999e-07
3338	1.045956e-05	-2.877820e-07	1.060295e-05	-6.802789e-07
3339	1.066870e-05	-8.414952e-09	9.925245e-06	1.261838e-07
3340	1.041164e-05	5.548775e-07	1.093442e-05	8.052413e-07
3341	1.041522e-05	-1.431578e-07	1.072599e-05	-5.727691e-07
3342	1.067755e-05	-1.771041e-07	9.885122e-06	-2.970909e-08
3343	1.045252e-05	5.400927e-07	1.084521e-05	8.389709e-07
3344	1.037163e-05	3.455430e-08	1.084595e-05	-4.499396e-07
3345	1.066861e-05	-2.982888e-07	9.862670e-06	-1.638713e-07
3346	1.050478e-05	4.575047e-07	1.074311e-05	8.343949e-07
3347	1.033399e-05	2.116179e-07	1.095837e-05	-3.217596e-07
3348	1.064254e-05	-3.546650e-07	9.859429e-06	-2.665963e-07
3349	1.055991e-05	3.263185e-07	1.063772e-05	8.024500e-07
3350	1.031543e-05	3.653298e-07	1.106054e-05	-1.965333e-07
3351	1.059725e-05	-3.376479e-07	9.874844e-06	-3.428462e-07
3352	1.061784e-05	1.557667e-07	1.051996e-05	7.509822e-07
3353	1.032490e-05	4.763073e-07	1.115412e-05	-7.980418e-08
3354	1.053382e-05	-2.509273e-07	9.916490e-06	-3.898266e-07
3355	1.066138e-05	-1.434300e-08	1.038931e-05	6.849095e-07
3356	1.035671e-05	5.251261e-07	1.122839e-05	2.319369e-08
3357	1.046989e-05	-1.157201e-07	9.979717e-06	-4.153017e-07
3358	1.068281e-05	-1.631761e-07	1.025970e-05	6.069336e-07
3359	1.040489e-05	5.019732e-07	1.128072e-05	1.178640e-07
3360	1.041159e-05	5.436572e-08	1.006849e-05	-4.276621e-07
3361	1.068108e-05	-2.715942e-07	1.012720e-05	5.229335e-07
3362	1.046065e-05	4.145298e-07	1.130988e-05	2.033175e-07
3363	1.036852e-05	2.241305e-07	1.018043e-05	-4.277652e-07
3364	1.065481e-05	-3.166174e-07	1.000069e-05	4.378863e-07
3365	1.051344e-05	2.805753e-07	1.130843e-05	2.785277e-07
3366	1.035125e-05	3.727609e-07	1.030809e-05	-4.140769e-07
3367	1.061176e-05	-2.935556e-07	9.885347e-06	3.487009e-07
3368	1.055819e-05	1.160993e-07	1.128148e-05	3.516173e-07
3369	1.035532e-05	4.733825e-07	1.044916e-05	-3.859180e-07
3370	1.056460e-05	-2.045936e-07	9.786929e-06	2.513868e-07
3371	1.059638e-05	-5.577596e-08	1.122457e-05	4.143511e-07
3372	1.037811e-05	5.138630e-07	1.060367e-05	-3.469743e-07
3373	1.051682e-05	-6.205491e-08	9.701866e-06	1.544547e-07
3374	1.062018e-05	-2.035668e-07	1.113930e-05	4.683390e-07
3375	1.041388e-05	4.793945e-07	1.076802e-05	-2.976367e-07
3376	1.046643e-05	1.070418e-07	9.637440e-06	5.614666e-08
3377	1.062415e-05	-3.036500e-07	1.102727e-05	5.063466e-07
3378	1.046061e-05	3.807615e-07	1.093308e-05	-2.281976e-07
3379	1.042509e-05	2.854100e-07	9.602745e-06	-3.792280e-08
3380	1.060857e-05	-3.416096e-07	1.088863e-05	5.168060e-07
3381	1.050358e-05	2.308639e-07	1.109112e-05	-1.427110e-07
3382	1.039911e-05	4.457786e-07	9.603566e-06	-1.234376e-07
3383	1.057913e-05	-3.057112e-07	1.072569e-05	5.056198e-07
3384	1.054902e-05	4.387994e-08	1.123850e-05	-5.253686e-08
3385	1.039473e-05	5.552636e-07	9.642965e-06	-1.919455e-07
3386	1.053264e-05	-1.905568e-07	1.054382e-05	4.659186e-07
3387	1.059407e-05	-1.547102e-07	1.136326e-05	4.493698e-08
3388	1.041789e-05	5.857478e-07	9.725071e-06	-2.399406e-07
3389	1.047950e-05	-1.636737e-08	1.034951e-05	4.057763e-07
3390	1.061180e-05	-3.246753e-07	1.145669e-05	1.429681e-07
3391	1.046452e-05	5.299739e-07	9.840778e-06	-2.629567e-07
3392	1.043486e-05	1.942913e-07	1.014834e-05	3.258292e-07
3393	1.059426e-05	-4.352563e-07	1.151331e-05	2.277567e-07
3394	1.051643e-05	3.938178e-07	9.996502e-06	-2.518030e-07
3395	1.041196e-05	4.078423e-07	9.951876e-06	2.343293e-07
3396	1.055492e-05	-4.601121e-07	1.152280e-05	2.938534e-07
3397	1.055877e-05	1.940419e-07	1.018559e-05	-2.136430e-07
3398	1.041580e-05	5.887088e-07	9.773690e-06	1.409328e-07
3399	1.050471e-05	-3.819986e-07	1.148196e-05	3.372797e-07
3400	1.058281e-05	-3.995397e-08	1.039911e-05	-1.549364e-07
3401	1.044778e-05	6.920584e-07	9.625298e-06	5.434967e-08
3402	1.045741e-05	-2.161808e-07	1.139243e-05	3.505723e-07
3403	1.058579e-05	-2.651752e-07	1.062891e-05	-8.181290e-08
3404	1.049121e-05	6.940098e-07	9.514561e-06	-1.865765e-08
3405	1.043453e-05	1.135305e-08	1.125647e-05	3.352522e-07
3406	1.056880e-05	-4.447264e-07	1.086191e-05	2.272362e-09
3407	1.052714e-05	5.938141e-07	9.450912e-06	-6.765271e-08
3408	1.043515e-05	2.592789e-07	1.107447e-05	2.906543e-07
3409	1.054280e-05	-5.385605e-07	1.108599e-05	8.599381e-08
3410	1.054504e-05	4.111154e-07	9.440507e-06	-9.003414e-08
3411	1.044644e-05	4.842233e-07	1.085513e-05	2.254084e-07
3412	1.051798e-05	-5.277599e-07	1.128755e-05	1.609414e-07
3413	1.054253e-05	1.776678e-07	9.488537e-06	-8.539735e-08
3414	1.046685e-05	6.568604e-07	1.060952e-05	1.443460e-07
3415	1.050417e-05	-4.176298e-07	1.144578e-05	2.220814e-07
3416	1.052263e-05	-7.290757e-08	9.598062e-06	-5.567524e-08
3417	1.048013e-05	7.433383e-07	1.035552e-05	5.807388e-08
3418	1.050981e-05	-2.245779e-07	1.155060e-05	2.634784e-07
3419	1.050823e-05	-3.049549e-07	9.765467e-06	-4.295894e-09
3420	1.047526e-05	7.251264e-07	1.010941e-05	-2.320698e-08
3421	1.052884e-05	2.336567e-08	1.159288e-05	2.727151e-07
3422	1.050921e-05	-4.759913e-07	9.976861e-06	6.914088e-08
3423	1.045719e-05	6.025283e-07	9.890358e-06	-9.125513e-08
3424	1.054257e-05	2.776614e-07	1.157217e-05	2.533495e-07
3425	1.053157e-05	-5.514324e-07	1.021273e-05	1.504635e-07
3426	1.043106e-05	4.020487e-07	9.712311e-06	-1.361061e-07
3427	1.053699e-05	4.982261e-07	1.148852e-05	2.048579e-07
3428	1.057066e-05	-5.187712e-07	1.045990e-05	2.333235e-07
3429	1.041320e-05	1.615717e-07	9.585658e-06	-1.509444e-07
3430	1.050513e-05	6.513663e-07	1.135153e-05	1.394030e-07
3431	1.060949e-05	-3.874145e-07	1.069950e-05	3.065793e-07
3432	1.042170e-05	-8.155143e-08	9.515370e-06	-1.415044e-07
3433	1.045327e-05	7.050376e-07	1.117410e-05	5.523508e-08
3434	1.063561e-05	-1.808803e-07	1.091670e-05	3.684778e-07
3435	1.045151e-05	-2.830516e-07	9.506882e-06	-1.075687e-07
3436	1.040083e-05	6.515771e-07	1.097045e-05	-3.468827e-08
3437	1.063866e-05	5.593484e-08	1.109496e-05	4.060525e-07
3438	1.050761e-05	-4.109043e-07	9.552533e-06	-4.731383e-08
3439	1.035871e-05	5.119891e-07	1.076541e-05	-1.244841e-07
3440	1.061484e-05	2.798260e-07	1.122946e-05	4.215138e-07
3441	1.057494e-05	-4.454776e-07	9.636338e-06	3.238581e-08
3442	1.033299e-05	3.169525e-07	1.056388e-05	-2.094085e-07
3443	1.056627e-05	4.520012e-07	1.132347e-05	4.124079e-07
3444	1.063829e-05	-3.832759e-07	9.749372e-06	1.262229e-07
3445	1.033496e-05	1.055138e-07	1.037366e-05	-2.785680e-07
3446	1.049915e-05	5.464637e-07	1.137722e-05	3.695535e-07
3447	1.068343e-05	-2.449898e-07	9.885992e-06	2.344831e-07
3448	1.036710e-05	-8.525170e-08	1.020554e-05	-3.258810e-07
3449	1.042148e-05	5.573150e-07	1.139198e-05	2.945378e-07
3450	1.070960e-05	-6.262481e-08	1.003192e-05	3.478188e-07
3451	1.042364e-05	-2.306326e-07	1.006382e-05	-3.463819e-07
3452	1.035836e-05	4.848588e-07	1.137391e-05	1.976409e-07
3453	1.070276e-05	1.358883e-07	1.018771e-05	4.520866e-07
3454	1.049688e-05	-3.035191e-07	9.945888e-06	-3.328292e-07
3455	1.031723e-05	3.459802e-07	1.132195e-05	8.008894e-08
3456	1.066749e-05	3.034049e-07	1.034805e-05	5.400371e-07
3457	1.057474e-05	-2.970572e-07	9.861026e-06	-2.884327e-07
3458	1.029120e-05	1.744399e-07	1.124261e-05	-4.372395e-08
3459	1.060924e-05	4.222832e-07	1.049971e-05	6.009709e-07
3460	1.064595e-05	-2.153152e-07	9.806904e-06	-2.177893e-07
3461	1.028529e-05	-1.643355e-09	1.114403e-05	-1.631441e-07
3462	1.053515e-05	4.753767e-07	1.064099e-05	6.293015e-07
3463	1.070271e-05	-7.483353e-08	9.779277e-06	-1.241620e-07
3464	1.030703e-05	-1.483437e-07	1.102866e-05	-2.696580e-07
3465	1.045550e-05	4.479406e-07	1.076375e-05	6.265234e-07
3466	1.073981e-05	9.385214e-08	9.782106e-06	-1.719242e-08
3467	1.035612e-05	-2.484394e-07	1.090723e-05	-3.548542e-07
3468	1.037831e-05	3.469031e-07	1.086736e-05	5.954917e-07
3469	1.075340e-05	2.618747e-07	9.807454e-06	9.322994e-08
3470	1.043466e-05	-2.820170e-07	1.078486e-05	-4.196283e-07
3471	1.031148e-05	1.997062e-07	1.095319e-05	5.416656e-07
3472	1.072966e-05	4.009826e-07	9.845366e-06	2.070950e-07
3473	1.052709e-05	-2.381724e-07	1.066851e-05	-4.634169e-07
3474	1.026391e-05	2.863159e-08	1.102248e-05	4.658023e-07
3475	1.067340e-05	4.797906e-07	9.896633e-06	3.121784e-07
3476	1.061730e-05	-1.179142e-07	1.055795e-05	-4.821933e-07
3477	1.024943e-05	-1.304253e-07	1.107312e-05	3.745978e-07
3478	1.059283e-05	4.866996e-07	9.959317e-06	4.082159e-07
3479	1.069100e-05	4.356262e-08	1.045410e-05	-4.841795e-07
3480	1.027244e-05	-2.536786e-07	1.110622e-05	2.804621e-07
3481	1.049624e-05	4.237484e-07	1.003733e-05	4.935349e-07
3482	1.074563e-05	2.135094e-07	1.035378e-05	-4.662531e-07
3483	1.033256e-05	-3.227071e-07	1.112331e-05	1.760899e-07
3484	1.039548e-05	2.978691e-07	1.012173e-05	5.662459e-07
3485	1.075467e-05	3.723816e-07	1.026153e-05	-4.288239e-07
3486	1.042929e-05	-3.264187e-07	1.111865e-05	7.135833e-08
3487	1.032136e-05	1.336129e-07	1.021706e-05	6.287880e-07
3488	1.071020e-05	4.948124e-07	1.017863e-05	-3.773375e-07
3489	1.053103e-05	-2.571910e-07	1.109420e-05	-3.352597e-08
3490	1.028611e-05	-4.198001e-08	1.031882e-05	6.727925e-07
3491	1.063946e-05	5.571351e-07	1.010947e-05	-3.106273e-07
3492	1.061026e-05	-1.271736e-07	1.104948e-05	-1.400675e-07
3493	1.029272e-05	-2.025078e-07	1.042612e-05	7.075523e-07
3494	1.055609e-05	5.517621e-07	1.005784e-05	-2.295570e-07
3495	1.066526e-05	4.051160e-08	1.098292e-05	-2.479186e-07
3496	1.033084e-05	-3.233729e-07	1.053185e-05	7.225803e-07
3497	1.047447e-05	4.807914e-07	1.002990e-05	-1.306843e-07
3498	1.068845e-05	2.220500e-07	1.090438e-05	-3.530035e-07
3499	1.039462e-05	-3.901093e-07	1.062743e-05	7.156183e-07
3500	1.041112e-05	3.448503e-07	1.002524e-05	-1.660626e-08
3501	1.067733e-05	3.928061e-07	1.081547e-05	-4.513076e-07
3502	1.047194e-05	-3.859131e-07	1.071063e-05	6.841920e-07
3503	1.036916e-05	1.685029e-07	1.004375e-05	1.108973e-07
3504	1.063902e-05	5.208606e-07	1.071775e-05	-5.328771e-07
3505	1.054675e-05	-3.092933e-07	1.077728e-05	6.275668e-07
3506	1.034698e-05	-2.022889e-08	1.008411e-05	2.460378e-07
3507	1.058058e-05	5.864504e-07	1.061451e-05	-5.962875e-07
3508	1.060182e-05	-1.670753e-07	1.082519e-05	5.425088e-07
3509	1.035372e-05	-1.890418e-07	1.014519e-05	3.861493e-07
3510	1.051350e-05	5.728249e-07	1.051319e-05	-6.356242e-07
3511	1.063963e-05	1.458521e-08	1.084998e-05	4.370970e-07
3512	1.038432e-05	-3.079531e-07	1.022512e-05	5.191390e-07
3513	1.045057e-05	4.852879e-07	1.042273e-05	-6.494282e-07
3514	1.066016e-05	1.964585e-07	1.084365e-05	3.130007e-07
3515	1.042992e-05	-3.617908e-07	1.031949e-05	6.429922e-07
3516	1.039785e-05	3.413643e-07	1.035056e-05	-6.346618e-07
3517	1.066314e-05	3.514632e-07	1.080989e-05	1.734664e-07
3518	1.049229e-05	-3.419816e-07	1.042270e-05	7.486470e-07
3519	1.034984e-05	1.701095e-07	1.030045e-05	-5.844704e-07
3520	1.063849e-05	4.593455e-07	1.075050e-05	1.770632e-08
3521	1.056198e-05	-2.512992e-07	1.052402e-05	8.341425e-07
3522	1.032462e-05	-2.046783e-09	1.027898e-05	-4.982782e-07
3523	1.058488e-05	5.001730e-07	1.066910e-05	-1.403635e-07
3524	1.062911e-05	-1.053568e-07	1.060966e-05	8.843556e-07
3525	1.032699e-05	-1.411158e-07	1.028790e-05	-3.788850e-07
3526	1.051227e-05	4.627257e-07	1.057704e-05	-2.937076e-07
3527	1.068077e-05	6.190416e-08	1.067255e-05	8.989451e-07
3528	1.035939e-05	-2.232921e-07	1.033260e-05	-2.334742e-07
3529	1.043336e-05	3.591283e-07	1.047685e-05	-4.322364e-07
3530	1.070287e-05	2.179205e-07	1.071131e-05	8.705170e-07
3531	1.042519e-05	-2.373841e-07	1.039863e-05	-7.340903e-08
3532	1.036112e-05	2.131579e-07	1.038647e-05	-5.437264e-07
3533	1.068504e-05	3.376552e-07	1.071599e-05	8.062940e-07
3534	1.051202e-05	-1.830106e-07	1.048557e-05	9.104525e-08
3535	1.031627e-05	5.400264e-08	1.031224e-05	-6.242158e-07
3536	1.063496e-05	3.924941e-07	1.068346e-05	7.152860e-07
3537	1.059502e-05	-6.514340e-08	1.058327e-05	2.468773e-07
3538	1.031001e-05	-8.445109e-08	1.026882e-05	-6.666943e-07
3539	1.055682e-05	3.757780e-07	1.062447e-05	5.969476e-07
3540	1.065468e-05	8.380874e-08	1.067235e-05	3.918404e-07
3541	1.034168e-05	-1.746905e-07	1.025424e-05	-6.770487e-07
3542	1.047445e-05	2.914551e-07	1.055041e-05	4.623842e-07
3543	1.068138e-05	2.342190e-07	1.074630e-05	5.155853e-07
3544	1.039978e-05	-1.942798e-07	1.026770e-05	-6.528236e-07
3545	1.040947e-05	1.519980e-07	1.046515e-05	3.163674e-07
3546	1.067343e-05	3.546653e-07	1.080507e-05	6.200521e-07
3547	1.047247e-05	-1.435401e-07	1.030681e-05	-5.970280e-07
3548	1.036954e-05	-5.962801e-09	1.037567e-05	1.662075e-07
3549	1.063858e-05	4.187218e-07	1.083566e-05	6.998109e-07
3550	1.054077e-05	-3.504357e-08	1.037047e-05	-5.153832e-07
3551	1.035739e-05	-1.523948e-07	1.029062e-05	1.771822e-08
3552	1.058378e-05	4.219105e-07	1.083906e-05	7.493581e-07
3553	1.058895e-05	1.151513e-07	1.045115e-05	-4.092708e-07
3554	1.037622e-05	-2.663315e-07	1.021890e-05	-1.212196e-07
3555	1.052296e-05	3.501248e-07	1.081851e-05	7.670811e-07
3556	1.060537e-05	2.896544e-07	1.054362e-05	-2.819660e-07
3557	1.041064e-05	-3.145831e-07	1.016136e-05	-2.432136e-07
3558	1.047594e-05	2.120476e-07	1.077247e-05	7.487704e-07
3559	1.060159e-05	4.469298e-07	1.063810e-05	-1.488455e-07
3560	1.044996e-05	-2.934134e-07	1.013193e-05	-3.380970e-07
3561	1.044976e-05	3.320088e-08	1.070408e-05	6.952542e-07
3562	1.058995e-05	5.578671e-07	1.072524e-05	-1.255698e-08
3563	1.048678e-05	-1.986795e-07	1.012714e-05	-4.039773e-07
3564	1.044020e-05	-1.600739e-07	1.062124e-05	6.156772e-07
3565	1.057114e-05	6.029902e-07	1.080413e-05	1.144946e-07
3566	1.051713e-05	-4.381738e-08	1.015042e-05	-4.360258e-07
3567	1.043742e-05	-3.264430e-07	1.052201e-05	5.215828e-07
3568	1.054760e-05	5.770508e-07	1.086517e-05	2.212803e-07
3569	1.054336e-05	1.550429e-07	1.019957e-05	-4.396313e-07
3570	1.044008e-05	-4.437272e-07	1.041891e-05	4.207554e-07
3571	1.051528e-05	4.689434e-07	1.090298e-05	3.091645e-07
3572	1.055888e-05	3.695192e-07	1.027257e-05	-4.174196e-07
3573	1.045573e-05	-4.922328e-07	1.032303e-05	3.191442e-07
3574	1.048441e-05	2.853011e-07	1.090937e-05	3.740703e-07
3575	1.056195e-05	5.659338e-07	1.036503e-05	-3.755468e-07
3576	1.047867e-05	-4.568534e-07	1.023681e-05	2.237046e-07
3577	1.046215e-05	5.091731e-08	1.088491e-05	4.149250e-07
3578	1.055736e-05	6.984675e-07	1.047118e-05	-3.197733e-07
3579	1.051077e-05	-3.278376e-07	1.017072e-05	1.403474e-07
3580	1.044632e-05	-1.859617e-07	1.083659e-05	4.377682e-07
3581	1.054227e-05	7.434938e-07	1.057744e-05	-2.570752e-07
3582	1.054768e-05	-1.278144e-07	1.012421e-05	6.752619e-08
3583	1.043424e-05	-3.875354e-07	1.076370e-05	4.409028e-07
3584	1.050756e-05	6.958675e-07	1.068241e-05	-1.900788e-07
3585	1.058886e-05	1.119304e-07	1.010769e-05	7.238632e-09
3586	1.044673e-05	-5.187696e-07	1.067534e-05	4.323246e-07
3587	1.044964e-05	5.570145e-07	1.077796e-05	-1.281279e-07
3588	1.060819e-05	3.528397e-07	1.011555e-05	-3.964493e-08
3589	1.049046e-05	-5.629617e-07	1.057476e-05	4.127838e-07
3590	1.039776e-05	3.502970e-07	1.085983e-05	-6.880418e-08
3591	1.059681e-05	5.545674e-07	1.014557e-05	-7.515555e-08
3592	1.055153e-05	-5.113184e-07	1.046770e-05	3.901054e-07
3593	1.036705e-05	1.090151e-07	1.092525e-05	-1.624042e-08
3594	1.055563e-05	6.823477e-07	1.018919e-05	-1.058814e-07
3595	1.061692e-05	-3.702096e-07	1.035968e-05	3.641479e-07
3596	1.036737e-05	-1.270416e-07	1.097317e-05	3.226562e-08
3597	1.048760e-05	7.228899e-07	1.025740e-05	-1.214676e-07
3598	1.067149e-05	-1.689558e-07	1.025183e-05	3.292861e-07
3599	1.040372e-05	-3.204836e-07	1.099706e-05	7.921362e-08
3600	1.040233e-05	6.710191e-07	1.034810e-05	-1.307139e-07
3601	1.069170e-05	6.706138e-08	1.015115e-05	2.937945e-07
3602	1.047467e-05	-4.470747e-07	1.099698e-05	1.188564e-07
3603	1.032048e-05	5.335927e-07	1.045024e-05	-1.313955e-07
3604	1.067067e-05	2.994927e-07	1.006218e-05	2.580679e-07
3605	1.057224e-05	-4.882396e-07	1.097234e-05	1.470045e-07
3606	1.026191e-05	3.377600e-07	1.056039e-05	-1.224458e-07
3607	1.060458e-05	4.870360e-07	9.988423e-06	2.221442e-07
3608	1.067970e-05	-4.354938e-07	1.092852e-05	1.705018e-07
3609	1.025551e-05	1.095409e-07	1.066771e-05	-1.051755e-07
3610	1.050673e-05	5.970231e-07	9.937090e-06	1.868308e-07
3611	1.076631e-05	-2.943322e-07	1.086705e-05	1.855346e-07
3612	1.030541e-05	-1.097438e-07	1.077567e-05	-8.592988e-08
3613	1.038883e-05	6.197666e-07	9.903943e-06	1.559630e-07
3614	1.080900e-05	-9.758626e-08	1.078666e-05	1.945043e-07
3615	1.039886e-05	-2.769697e-07	1.088008e-05	-6.620967e-08
3616	1.027670e-05	5.515325e-07	9.893717e-06	1.279201e-07
3617	1.079413e-05	1.237934e-07	1.069302e-05	1.970504e-07
3618	1.052059e-05	-3.664019e-07	1.097176e-05	-4.358287e-08
3619	1.018858e-05	4.056311e-07	9.903576e-06	1.056605e-07
3620	1.072576e-05	3.287557e-07	1.058802e-05	1.951660e-07
3621	1.065679e-05	-3.743833e-07	1.105393e-05	-1.839763e-08
3622	1.015002e-05	2.096764e-07	9.933968e-06	8.964211e-08
3623	1.060698e-05	4.828510e-07	1.047640e-05	1.839061e-07
3624	1.078670e-05	-2.928345e-07	1.112279e-05	4.711317e-09
3625	1.017286e-05	-4.401737e-09	9.985810e-06	8.630206e-08
3626	1.045789e-05	5.544112e-07	1.036001e-05	1.656021e-07
3627	1.088051e-05	-1.359665e-07	1.117562e-05	2.693620e-08
3628	1.026098e-05	-1.912087e-07	1.005307e-05	9.291021e-08
3629	1.030060e-05	5.340653e-07	1.024875e-05	1.393396e-07
3630	1.091648e-05	6.047093e-08	1.120831e-05	3.758542e-08
3631	1.040346e-05	-3.180898e-07	1.013719e-05	1.153951e-07
3632	1.015500e-05	4.344862e-07	1.014309e-05	1.147688e-07
3633	1.088147e-05	2.580640e-07	1.122058e-05	3.026390e-08
3634	1.058188e-05	-3.696597e-07	1.023443e-05	1.422312e-07
3635	1.005619e-05	2.730433e-07	1.004179e-05	1.009846e-07
3636	1.076550e-05	4.333361e-07	1.121036e-05	7.336742e-09
3637	1.076911e-05	-3.371063e-07	1.034818e-05	1.706360e-07
3638	1.002946e-05	7.484109e-08	9.953606e-06	9.951300e-08
3639	1.058521e-05	5.504284e-07	1.117385e-05	-2.482842e-08
3640	1.092976e-05	-2.288710e-07	1.046760e-05	1.951907e-07
3641	1.009539e-05	-1.181840e-07	9.891055e-06	1.112852e-07
3642	1.037240e-05	5.904091e-07	1.111212e-05	-6.050910e-08
3643	1.102254e-05	-5.996191e-08	1.058395e-05	2.135845e-07
3644	1.025073e-05	-2.861032e-07	9.851569e-06	1.401349e-07
3645	1.016821e-05	5.495591e-07	1.102961e-05	-9.632456e-08
3646	1.101940e-05	1.386466e-07	1.069701e-05	2.152691e-07
3647	1.046511e-05	-3.985802e-07	9.832350e-06	1.784707e-07
3648	1.001615e-05	4.363329e-07	1.093197e-05	-1.293550e-07
3649	1.091455e-05	3.320402e-07	1.079857e-05	2.021428e-07
3650	1.069409e-05	-4.366126e-07	9.834238e-06	2.257710e-07
3651	9.949442e-06	2.760717e-07	1.082655e-05	-1.572580e-07
3652	1.072056e-05	4.948524e-07	1.088487e-05	1.789103e-07
3653	1.089931e-05	-4.069595e-07	9.862882e-06	2.789358e-07
3654	9.987814e-06	9.009348e-08	1.071672e-05	-1.764189e-07
3655	1.047911e-05	6.187274e-07	1.095547e-05	1.418296e-07
3656	1.103999e-05	-3.103180e-07	9.909488e-06	3.321236e-07
3657	1.012932e-05	-1.080618e-07	1.060688e-05	-1.843211e-07
3658	1.023839e-05	6.777844e-07	1.100466e-05	9.039774e-08
3659	1.107964e-05	-1.600685e-07	9.977904e-06	3.849705e-07
3660	1.034771e-05	-2.884879e-07	1.050219e-05	-1.791793e-07
3661	1.004993e-05	6.666531e-07	1.103085e-05	2.652611e-08
3662	1.100897e-05	2.508201e-08	1.005856e-05	4.357897e-07
3663	1.059164e-05	-4.257592e-07	1.040801e-05	-1.562062e-07
3664	9.942157e-06	5.843859e-07	1.103951e-05	-4.892477e-08
3665	1.084692e-05	2.249951e-07	1.014507e-05	4.779739e-07
3666	1.081213e-05	-5.026316e-07	1.032166e-05	-1.159856e-07
3667	9.931724e-06	4.506776e-07	1.103135e-05	-1.336670e-07
3668	1.063009e-05	4.166355e-07	1.023674e-05	5.102481e-07
3669	1.097738e-05	-5.206792e-07	1.024857e-05	-5.526200e-08
3670	1.001181e-05	2.758550e-07	1.101022e-05	-2.215736e-07
3671	1.040020e-05	5.797604e-07	1.033024e-05	5.239115e-07
3672	1.107384e-05	-4.688435e-07	1.019072e-05	2.331805e-08
3673	1.016365e-05	6.845387e-08	1.096573e-05	-3.025537e-07
3674	1.019221e-05	6.942236e-07	1.042626e-05	5.098772e-07
3675	1.108525e-05	-3.502300e-07	1.014743e-05	1.208766e-07
3676	1.036447e-05	-1.469898e-07	1.090214e-05	-3.733212e-07
3677	1.003722e-05	7.392641e-07	1.052124e-05	4.730013e-07
3678	1.101439e-05	-1.726598e-07	1.012728e-05	2.305232e-07
3679	1.057724e-05	-3.285158e-07	1.082284e-05	-4.255810e-07
3680	9.946741e-06	6.973051e-07	1.061004e-05	4.096827e-07
3681	1.087664e-05	4.181812e-08	1.012408e-05	3.427119e-07
3682	1.076673e-05	-4.568910e-07	1.073578e-05	-4.605812e-07
3683	9.926973e-06	5.804421e-07	1.068860e-05	3.271204e-07
3684	1.070316e-05	2.591101e-07	1.014659e-05	4.485749e-07
3685	1.092654e-05	-5.119427e-07	1.064146e-05	-4.685067e-07
3686	9.964479e-06	4.121489e-07	1.075013e-05	2.212364e-07
3687	1.050844e-05	4.393525e-07	1.018623e-05	5.475820e-07
3688	1.104801e-05	-4.852033e-07	1.055153e-05	-4.508935e-07
3689	1.006928e-05	2.095093e-07	1.079049e-05	9.934298e-08
3690	1.030757e-05	5.681286e-07	1.024018e-05	6.296908e-07
3691	1.110480e-05	-3.832451e-07	1.046573e-05	-4.004101e-07
3692	1.022871e-05	9.185447e-09	1.081296e-05	-2.713843e-08
3693	1.012191e-05	6.231136e-07	1.029975e-05	6.819075e-07
3694	1.109008e-05	-2.255187e-07	1.038967e-05	-3.184925e-07
3695	1.042725e-05	-1.627492e-07	1.082206e-05	-1.525450e-07
3696	9.973721e-06	6.000258e-07	1.036856e-05	7.142598e-07
3697	1.099934e-05	-4.186329e-08	1.032322e-05	-2.183242e-07
3698	1.065046e-05	-2.809116e-07	1.080859e-05	-2.688530e-07
3699	9.884864e-06	5.126442e-07	1.044343e-05	7.213217e-07
3700	1.083985e-05	1.380002e-07	1.027202e-05	-1.072641e-07
3701	1.086738e-05	-3.331879e-07	1.077789e-05	-3.705637e-07
3702	9.873288e-06	3.798800e-07	1.051511e-05	7.014158e-07
3703	1.062609e-05	2.897602e-07	1.023990e-05	1.208689e-08
3704	1.105042e-05	-3.172304e-07	1.073367e-05	-4.601733e-07
3705	9.945246e-06	2.252305e-07	1.058418e-05	6.600645e-07
3706	1.038205e-05	3.918711e-07	1.022622e-05	1.392805e-07
3707	1.117240e-05	-2.459347e-07	1.067988e-05	-5.282528e-07
3708	1.011103e-05	7.307299e-08	1.064077e-05	5.919373e-07
3709	1.013104e-05	4.297570e-07	1.022893e-05	2.681308e-07
3710	1.119812e-05	-1.323240e-07	1.062576e-05	-5.744241e-07
3711	1.034968e-05	-5.101065e-08	1.068407e-05	5.000853e-07
3712	9.919112e-06	4.085634e-07	1.024233e-05	3.964309e-07
3713	1.111641e-05	-4.726419e-10	1.056803e-05	-5.921321e-07
3714	1.062896e-05	-1.315239e-07	1.071906e-05	3.894336e-07
3715	9.785287e-06	3.435375e-07	1.026929e-05	5.112034e-07
3716	1.092816e-05	1.252188e-07	1.051422e-05	-5.823649e-07
3717	1.090495e-05	-1.582684e-07	1.073284e-05	2.642511e-07
3718	9.755255e-06	2.502085e-07	1.030668e-05	6.114423e-07
3719	1.066800e-05	2.219459e-07	1.047198e-05	-5.473350e-07
3720	1.113324e-05	-1.331115e-07	1.073154e-05	1.331130e-07
3721	9.846275e-06	1.456226e-07	1.034895e-05	6.926803e-07
3722	1.036622e-05	2.809411e-07	1.044373e-05	-4.898688e-07
3723	1.127958e-05	-7.325369e-08	1.071654e-05	-1.716407e-09
3724	1.004636e-05	4.600472e-08	1.038904e-05	7.566712e-07
3725	1.006738e-05	2.876109e-07	1.042864e-05	-4.129737e-07
3726	1.130910e-05	7.127395e-09	1.069292e-05	-1.331137e-07
3727	1.033244e-05	-2.238455e-08	1.042029e-05	7.906609e-07
3728	9.824864e-06	2.533008e-07	1.042877e-05	-3.171387e-07
3729	1.120709e-05	8.549525e-08	1.066588e-05	-2.533298e-07
3730	1.066174e-05	-4.948000e-08	1.043690e-05	8.030318e-07
3731	9.673221e-06	2.034540e-07	1.044385e-05	-2.037101e-07
3732	1.098399e-05	1.481366e-07	1.063945e-05	-3.691085e-07
3733	1.098178e-05	-4.868450e-08	1.044011e-05	7.886267e-07
3734	9.651032e-06	1.523495e-07	1.046652e-05	-7.331443e-08
3735	1.066645e-05	1.939735e-07	1.061905e-05	-4.678043e-07
3736	1.123985e-05	-2.650703e-08	1.042995e-05	7.446442e-07
3737	9.772135e-06	9.922920e-08	1.049565e-05	6.346833e-08
3738	1.030842e-05	2.176560e-07	1.060411e-05	-5.419558e-07
3739	1.139302e-05	-5.061040e-10	1.040939e-05	6.758823e-07
3740	1.002512e-05	5.998957e-08	1.052836e-05	1.976413e-07
3741	9.973582e-06	2.214188e-07	1.060171e-05	-5.863891e-07
3742	1.139166e-05	2.881242e-08	1.037608e-05	5.814923e-07
3743	1.037044e-05	2.662337e-08	1.055803e-05	3.304821e-07
3744	9.723491e-06	2.180785e-07	1.061253e-05	-6.044559e-07
3745	1.123010e-05	6.226976e-08	1.033360e-05	4.633718e-07
3746	1.074091e-05	-2.284150e-09	1.057935e-05	4.501981e-07
3747	9.607051e-06	2.129246e-07	1.064142e-05	-5.893727e-07
3748	1.094297e-05	9.241854e-08	1.028598e-05	3.304227e-07
3749	1.106233e-05	-2.314918e-08	1.058455e-05	5.519889e-07
3750	9.650832e-06	2.094836e-07	1.068927e-05	-5.459665e-07
3751	1.058569e-05	1.233814e-07	1.024167e-05	1.956399e-07
3752	1.128385e-05	-5.171131e-08	1.057400e-05	6.265567e-07
3753	9.844345e-06	2.063757e-07	1.075027e-05	-4.768359e-07
3754	1.022315e-05	1.687191e-07	1.020372e-05	5.863440e-08
3755	1.136774e-05	-8.897438e-08	1.054243e-05	6.733687e-07
3756	1.014415e-05	1.796235e-07	1.081959e-05	-3.856248e-07
3757	9.924311e-06	2.298531e-07	1.018047e-05	-6.891569e-08
3758	1.129012e-05	-1.149283e-07	1.048866e-05	6.921208e-07
3759	1.049745e-05	1.288456e-07	1.089599e-05	-2.784424e-07
3760	9.742830e-06	2.974468e-07	1.017151e-05	-1.831820e-07
3761	1.107205e-05	-1.173276e-07	1.041666e-05	6.850875e-07
3762	1.083099e-05	5.452742e-08	1.096917e-05	-1.623097e-07
3763	9.707112e-06	3.622700e-07	1.018821e-05	-2.768043e-07
3764	1.077310e-05	-8.732161e-08	1.032460e-05	6.519846e-07
3765	1.108413e-05	-3.712688e-08	1.102397e-05	-3.893966e-08
3766	9.812778e-06	4.165509e-07	1.023484e-05	-3.488875e-07
3767	1.045280e-05	-2.214324e-08	1.022300e-05	5.975185e-07
3768	1.121932e-05	-1.487518e-07	1.105464e-05	8.408016e-08
3769	1.001833e-05	4.369186e-07	1.031346e-05	-3.983847e-07
3770	1.017254e-05	8.434503e-08	1.012316e-05	5.243502e-07
3771	1.123201e-05	-2.527629e-07	1.105711e-05	1.976947e-07
3772	1.027585e-05	4.004522e-07	1.041006e-05	-4.198261e-07
3773	9.967158e-06	2.225879e-07	1.003985e-05	4.296996e-07
3774	1.113686e-05	-3.223597e-07	1.103228e-05	3.026582e-07
3775	1.054528e-05	3.009596e-07	1.051620e-05	-4.146199e-07
3776	9.856241e-06	3.705697e-07	9.978696e-06	3.209767e-07
3777	1.096053e-05	-3.410037e-07	1.098310e-05	3.926031e-07
3778	1.078194e-05	1.624301e-07	1.062520e-05	-3.883728e-07
3779	9.848410e-06	4.909824e-07	9.938303e-06	2.074981e-07
3780	1.074435e-05	-2.918037e-07	1.091089e-05	4.617270e-07
3781	1.095608e-05	1.871002e-09	1.073192e-05	-3.444306e-07
3782	9.925800e-06	5.640042e-07	9.924229e-06	9.965828e-08
3783	1.052309e-05	-1.833481e-07	1.082115e-05	5.083327e-07
3784	1.105812e-05	-1.575775e-07	1.082167e-05	-2.807615e-07
3785	1.005421e-05	5.848046e-07	9.932648e-06	-2.715326e-09
3786	1.032338e-05	-4.124403e-08	1.072176e-05	5.312176e-07
3787	1.109126e-05	-2.849043e-07	1.089953e-05	-2.010965e-07
3788	1.021947e-05	5.422539e-07	9.959020e-06	-9.684827e-08
3789	1.015923e-05	1.211303e-07	1.061616e-05	5.339460e-07
3790	1.105686e-05	-3.685045e-07	1.096073e-05	-1.104090e-07
3791	1.039933e-05	4.452443e-07	1.000491e-05	-1.739454e-07
3792	1.004408e-05	2.806239e-07	1.050864e-05	5.062567e-07
3793	1.097154e-05	-3.996687e-07	1.100407e-05	-1.118566e-08
3794	1.057783e-05	3.075094e-07	1.007058e-05	-2.246972e-07
3795	9.983496e-06	4.106358e-07	1.040703e-05	4.557875e-07
3796	1.084075e-05	-3.669901e-07	1.102796e-05	8.149944e-08
3797	1.074798e-05	1.520127e-07	1.014692e-05	-2.549520e-07
3798	9.978083e-06	5.043813e-07	1.031784e-05	3.953293e-07
3799	1.068056e-05	-2.884893e-07	1.103736e-05	1.588162e-07
3800	1.088577e-05	8.381155e-10	1.023116e-05	-2.632293e-07
3801	1.002809e-05	5.507408e-07	1.023692e-05	3.284587e-07
3802	1.050402e-05	-1.765798e-07	1.102810e-05	2.239368e-07
3803	1.097989e-05	-1.322808e-07	1.032527e-05	-2.571764e-07
3804	1.013003e-05	5.429043e-07	1.016480e-05	2.657164e-07
3805	1.032485e-05	-4.183364e-08	1.100196e-05	2.744896e-07
3806	1.102402e-05	-2.368808e-07	1.041869e-05	-2.390277e-07
3807	1.028195e-05	4.898116e-07	1.010548e-05	2.007931e-07
3808	1.015620e-05	1.029263e-07	1.095965e-05	3.134275e-07
3809	1.099465e-05	-3.010857e-07	1.051415e-05	-2.061546e-07
3810	1.047262e-05	4.024213e-07	1.006077e-05	1.331442e-07
3811	1.003217e-05	2.407956e-07	1.090197e-05	3.432843e-07
3812	1.089685e-05	-3.197153e-07	1.060550e-05	-1.640329e-07
3813	1.067207e-05	2.860133e-07	1.003844e-05	6.629486e-08
3814	9.974342e-06	3.599336e-07	1.083241e-05	3.570515e-07
3815	1.073997e-05	-2.945098e-07	1.069212e-05	-1.155884e-07
3816	1.085222e-05	1.500962e-07	1.002464e-05	5.685360e-09
3817	9.997318e-06	4.411396e-07	1.075836e-05	3.573521e-07
3818	1.054514e-05	-2.277882e-07	1.077869e-05	-6.337401e-08
3819	1.098281e-05	1.200234e-08	1.002013e-05	-4.039865e-08
3820	1.009672e-05	4.770200e-07	1.067660e-05	3.408570e-07
3821	1.034091e-05	-1.236995e-07	1.085778e-05	-9.117515e-09
3822	1.104215e-05	-1.115349e-07	1.002650e-05	-7.206029e-08
3823	1.025872e-05	4.642547e-07	1.058642e-05	3.127701e-07
3824	1.015259e-05	3.917355e-09	1.093229e-05	4.687843e-08
3825	1.102094e-05	-2.017860e-07	1.004659e-05	-8.805136e-08
3826	1.046245e-05	4.126536e-07	1.048731e-05	2.722759e-07
3827	1.001750e-05	1.382186e-07	1.099970e-05	9.956800e-08
3828	1.091515e-05	-2.544774e-07	1.008941e-05	-8.161978e-08
3829	1.067786e-05	3.261672e-07	1.037753e-05	2.230137e-07
3830	9.959469e-06	2.709033e-07	1.105832e-05	1.383670e-07
3831	1.074046e-05	-2.673933e-07	1.015157e-05	-6.018991e-08
3832	1.086895e-05	2.027178e-07	1.026212e-05	1.698786e-07
3833	9.993228e-06	3.818428e-07	1.109815e-05	1.656329e-07
3834	1.052418e-05	-2.269383e-07	1.023947e-05	-2.998060e-08
3835	1.099765e-05	5.790592e-08	1.014230e-05	1.198414e-07
3836	1.011424e-05	4.459833e-07	1.111525e-05	1.758068e-07
3837	1.030423e-05	-1.314568e-07	1.034970e-05	1.192609e-08
3838	1.104277e-05	-8.698722e-08	1.002838e-05	7.574657e-08
3839	1.030242e-05	4.635139e-07	1.110849e-05	1.645358e-07
3840	1.012093e-05	6.660935e-09	1.047386e-05	6.262348e-08
3841	1.098667e-05	-2.127502e-07	9.924402e-06	4.328870e-08
3842	1.051893e-05	4.178178e-07	1.107710e-05	1.386451e-07
3843	1.002286e-05	1.672281e-07	1.060530e-05	1.161477e-07
3844	1.084014e-05	-2.811600e-07	9.840446e-06	1.731463e-08
3845	1.072053e-05	3.057212e-07	1.101644e-05	1.020693e-07
3846	1.002343e-05	3.231728e-07	1.074464e-05	1.733729e-07
3847	1.064895e-05	-2.858648e-07	9.778077e-06	7.045480e-09
3848	1.085987e-05	1.504588e-07	1.092674e-05	5.115656e-08
3849	1.011026e-05	4.465084e-07	1.088987e-05	2.236454e-07
3850	1.045529e-05	-2.247716e-07	9.741704e-06	1.844177e-08
3851	1.091354e-05	-2.704608e-08	1.080917e-05	-1.296253e-08
3852	1.026018e-05	5.191476e-07	1.103241e-05	2.633209e-07
3853	1.029413e-05	-9.262563e-08	9.735727e-06	5.056140e-08
3854	1.088397e-05	-1.991105e-07	1.067009e-05	-7.928702e-08
3855	1.043500e-05	5.084622e-07	1.116089e-05	2.880032e-07
3856	1.019708e-05	9.545814e-08	9.767567e-06	1.031375e-07
3857	1.077920e-05	-3.244620e-07	1.050888e-05	-1.461241e-07
3858	1.059975e-05	4.135852e-07	1.126950e-05	2.914970e-07
3859	1.018402e-05	2.971873e-07	9.835069e-06	1.708366e-07
3860	1.063139e-05	-3.801262e-07	1.033759e-05	-2.040337e-07
3861	1.071730e-05	2.501179e-07	1.134810e-05	2.719186e-07
3862	1.024489e-05	4.740120e-07	9.942777e-06	2.512893e-07
3863	1.048218e-05	-3.492399e-07	1.016408e-05	-2.501345e-07
3864	1.076107e-05	4.898419e-08	1.138350e-05	2.288833e-07
3865	1.035578e-05	5.941190e-07	1.008841e-05	3.361810e-07
3866	1.036525e-05	-2.348443e-07	1.000649e-05	-2.767273e-07
3867	1.073008e-05	-1.639491e-07	1.136858e-05	1.647400e-07
3868	1.048201e-05	6.348541e-07	1.026486e-05	4.180113e-07
3869	1.030945e-05	-4.131771e-08	9.879174e-06	-2.813214e-07
3870	1.065334e-05	-3.486713e-07	1.129839e-05	8.410551e-08
3871	1.058297e-05	5.724546e-07	1.045553e-05	4.887850e-07
3872	1.031386e-05	1.897849e-07	9.793072e-06	-2.619424e-07
3873	1.056115e-05	-4.516035e-07	1.118430e-05	-7.030203e-09
3874	1.064173e-05	4.093649e-07	1.063615e-05	5.485548e-07
3875	1.035992e-05	4.162014e-07	9.751828e-06	-2.212222e-07
3876	1.047983e-05	-4.596687e-07	1.103667e-05	-1.072573e-07
3877	1.065217e-05	1.902041e-07	1.079913e-05	5.883959e-07
3878	1.042713e-05	5.856691e-07	9.758180e-06	-1.546438e-07
3879	1.043180e-05	-3.664073e-07	1.087007e-05	-2.057076e-07
3880	1.061951e-05	-4.117075e-08	1.093148e-05	6.025737e-07
3881	1.048702e-05	6.637561e-07	9.810295e-06	-6.268308e-08
3882	1.042272e-05	-1.909055e-07	1.069263e-05	-2.943894e-07
3883	1.057168e-05	-2.477845e-07	1.102463e-05	5.858132e-07
3884	1.052492e-05	6.437643e-07	9.902576e-06	4.452750e-08
3885	1.043821e-05	2.614843e-08	1.052363e-05	-3.685402e-07
3886	1.053286e-05	-3.912330e-07	1.107927e-05	5.421513e-07
3887	1.053252e-05	5.341011e-07	1.002002e-05	1.545709e-07
3888	1.047116e-05	2.441502e-07	1.036996e-05	-4.163609e-07
3889	1.051045e-05	-4.451756e-07	1.109614e-05	4.753298e-07
3890	1.051212e-05	3.569953e-07	1.015727e-05	2.621337e-07
3891	1.049881e-05	4.306187e-07	1.024410e-05	-4.461110e-07
3892	1.051699e-05	-4.138349e-07	1.107095e-05	3.883212e-07
3893	1.048136e-05	1.477736e-07	1.030395e-05	3.714695e-07
3894	1.050477e-05	5.505314e-07	1.014764e-05	-4.538792e-07
3895	1.054436e-05	-2.985422e-07	1.100919e-05	2.811177e-07
3896	1.046274e-05	-5.310810e-08	1.044586e-05	4.713760e-07
3897	1.049042e-05	5.867701e-07	1.008681e-05	-4.302970e-07
3898	1.057451e-05	-1.321099e-07	1.092362e-05	1.595137e-07
3899	1.046627e-05	-2.123502e-07	1.057485e-05	5.481693e-07
3900	1.045692e-05	5.434465e-07	1.006070e-05	-3.731986e-07
3901	1.059327e-05	5.369493e-08	1.081844e-05	3.463162e-08
3902	1.049018e-05	-3.076592e-07	1.068705e-05	5.959329e-07
3903	1.041822e-05	4.333034e-07	1.006802e-05	-2.887108e-07
3904	1.059090e-05	2.305837e-07	1.070541e-05	-8.541091e-08
3905	1.053124e-05	-3.292453e-07	1.077168e-05	6.118388e-07
3906	1.039114e-05	2.824854e-07	1.010432e-05	-1.852780e-07
3907	1.055585e-05	3.693978e-07	1.059521e-05	-1.916392e-07
3908	1.057627e-05	-2.848625e-07	1.082843e-05	6.020925e-07
3909	1.039116e-05	1.182909e-07	1.016419e-05	-7.435866e-08
3910	1.050825e-05	4.490849e-07	1.049148e-05	-2.776846e-07
3911	1.061253e-05	-1.862785e-07	1.085623e-05	5.671887e-07
3912	1.041632e-05	-3.762611e-08	1.024105e-05	4.159877e-08
3913	1.045495e-05	4.688037e-07	1.040393e-05	-3.437354e-07
3914	1.062716e-05	-5.131982e-08	1.085375e-05	5.102986e-07
3915	1.046225e-05	-1.579850e-07	1.032249e-05	1.519096e-07
3916	1.041060e-05	4.221331e-07	1.033908e-05	-3.860387e-07
3917	1.061564e-05	1.024703e-07	1.083458e-05	4.363641e-07
3918	1.051403e-05	-2.267232e-07	1.039890e-05	2.603050e-07
3919	1.038581e-05	3.219883e-07	1.029304e-05	-4.051126e-07
3920	1.058440e-05	2.491362e-07	1.080182e-05	3.480294e-07
3921	1.056153e-05	-2.354652e-07	1.046728e-05	3.594982e-07
3922	1.037894e-05	1.816951e-07	1.026647e-05	-4.011470e-07
3923	1.053992e-05	3.596895e-07	1.076549e-05	2.475643e-07
3924	1.060428e-05	-1.804049e-07	1.052147e-05	4.459325e-07
3925	1.039262e-05	3.272086e-08	1.025383e-05	-3.760501e-07
3926	1.048821e-05	4.139288e-07	1.072393e-05	1.429902e-07
3927	1.062783e-05	-7.462194e-08	1.057171e-05	5.231831e-07
3928	1.042572e-05	-9.648083e-08	1.024488e-05	-3.360408e-07
3929	1.044362e-05	4.086679e-07	1.068144e-05	2.848910e-08
3930	1.062361e-05	5.645344e-08	1.061678e-05	5.843096e-07
3931	1.047069e-05	-1.897427e-07	1.024433e-05	-2.766772e-07
3932	1.041498e-05	3.472173e-07	1.063525e-05	-8.782724e-08
3933	1.059700e-05	2.026045e-07	1.066029e-05	6.191554e-07
3934	1.051648e-05	-2.378681e-07	1.024909e-05	-1.978246e-07
3935	1.040809e-05	2.333345e-07	1.058944e-05	-1.993102e-07
3936	1.056098e-05	3.342485e-07	1.069902e-05	6.294195e-07
3937	1.054892e-05	-2.229616e-07	1.025965e-05	-1.005981e-07
3938	1.042341e-05	8.808714e-08	1.054303e-05	-3.003218e-07
3939	1.052291e-05	4.340107e-07	1.072980e-05	6.213518e-07
3940	1.056128e-05	-1.515231e-07	1.027954e-05	8.287079e-09
3941	1.044721e-05	-6.936354e-08	1.049762e-05	-3.856351e-07
3942	1.050318e-05	4.810625e-07	1.075097e-05	5.891796e-07
3943	1.055366e-05	-2.132629e-08	1.030553e-05	1.227324e-07
3944	1.046201e-05	-2.145920e-07	1.045823e-05	-4.491706e-07
3945	1.050373e-05	4.524406e-07	1.076070e-05	5.422649e-07
3946	1.054391e-05	1.514651e-07	1.033902e-05	2.346917e-07
3947	1.046265e-05	-3.169744e-07	1.041955e-05	-4.979579e-07
3948	1.051059e-05	3.495244e-07	1.076520e-05	4.765726e-07
3949	1.054378e-05	3.325299e-07	1.037429e-05	3.460788e-07
3950	1.045338e-05	-3.477576e-07	1.037955e-05	-5.286384e-07
3951	1.051351e-05	1.854049e-07	1.076607e-05	3.883043e-07
3952	1.055551e-05	4.912042e-07	1.041186e-05	4.566822e-07
3953	1.044199e-05	-2.990720e-07	1.034482e-05	-5.394513e-07
3954	1.050452e-05	-1.368539e-08	1.075992e-05	2.827529e-07
3955	1.057618e-05	5.945098e-07	1.045563e-05	5.578350e-07
3956	1.043684e-05	-1.663530e-07	1.031421e-05	-5.267852e-07
3957	1.048081e-05	-2.174396e-07	1.074067e-05	1.641092e-07
3958	1.060411e-05	6.138138e-07	1.050771e-05	6.486882e-07
3959	1.044098e-05	2.624275e-08	1.028805e-05	-4.880398e-07
3960	1.044737e-05	-3.817581e-07	1.070731e-05	3.783522e-08
3961	1.062793e-05	5.360336e-07	1.056466e-05	7.191233e-07
3962	1.046425e-05	2.512412e-07	1.027114e-05	-4.188896e-07
3963	1.040738e-05	-4.709434e-07	1.065572e-05	-9.385853e-08
3964	1.063714e-05	3.689407e-07	1.062463e-05	7.639316e-07
3965	1.050379e-05	4.655610e-07	1.026931e-05	-3.207941e-07
3966	1.036547e-05	-4.642369e-07	1.058723e-05	-2.228061e-07
3967	1.062601e-05	1.424156e-07	1.068247e-05	7.821945e-07
3968	1.055796e-05	6.363700e-07	1.029209e-05	-2.027795e-07
3969	1.033578e-05	-3.565500e-07	1.050011e-05	-3.413358e-07
3970	1.058323e-05	-1.131286e-07	1.072938e-05	7.666806e-07
3971	1.061358e-05	7.220215e-07	1.034490e-05	-6.721855e-08
3972	1.033849e-05	-1.522260e-07	1.040840e-05	-4.404666e-07
3973	1.051935e-05	-3.541623e-07	1.075297e-05	7.191501e-07
3974	1.065155e-05	6.944956e-07	1.042407e-05	7.357268e-08
3975	1.037568e-05	1.173375e-07	1.031815e-05	-5.119794e-07
3976	1.045134e-05	-5.257330e-07	1.075483e-05	6.361242e-07
3977	1.066230e-05	5.483850e-07	1.052348e-05	2.167328e-07
3978	1.044020e-05	3.954851e-07	1.023844e-05	-5.516346e-07
3979	1.039820e-05	-5.866386e-07	1.072668e-05	5.246353e-07
3980	1.063815e-05	3.004520e-07	1.063349e-05	3.534369e-07
3981	1.051174e-05	6.377966e-07	1.017832e-05	-5.553762e-07
3982	1.037992e-05	-5.204570e-07	1.066425e-05	3.876467e-07
3983	1.058897e-05	4.396055e-10	1.074900e-05	4.715812e-07
3984	1.056615e-05	7.894863e-07	1.014558e-05	-5.214676e-07
3985	1.039576e-05	-3.342669e-07	1.057108e-05	2.372266e-07
3986	1.052995e-05	-2.900806e-07	1.085683e-05	5.607744e-07
3987	1.058802e-05	8.174965e-07	1.014570e-05	-4.474736e-07
3988	1.043842e-05	-5.670279e-08	1.046003e-05	8.879263e-08
3989	1.047378e-05	-5.273265e-07	1.094797e-05	6.067873e-07
3990	1.057726e-05	7.188391e-07	1.018087e-05	-3.431530e-07
3991	1.049483e-05	2.580125e-07	1.033055e-05	-4.559114e-08
3992	1.044442e-05	-6.620122e-07	1.101472e-05	6.191371e-07
3993	1.053542e-05	5.028381e-07	1.025136e-05	-2.212025e-07
3994	1.054553e-05	5.596952e-07	1.019990e-05	-1.658167e-07
3995	1.045321e-05	-6.644229e-07	1.104867e-05	5.990888e-07
3996	1.048069e-05	1.995307e-07	1.035541e-05	-8.513805e-08
3997	1.056781e-05	7.873036e-07	1.008266e-05	-2.610713e-07
3998	1.049629e-05	-5.292643e-07	1.104562e-05	5.394087e-07
3999	1.043321e-05	-1.290486e-07	1.048123e-05	5.971179e-08
4000	1.055623e-05	8.925783e-07	9.986964e-06	-3.264747e-07
4001	1.055609e-05	-2.797679e-07	1.100110e-05	4.479524e-07
4002	1.040899e-05	-4.195923e-07	1.062233e-05	2.021499e-07
4003	1.051145e-05	8.601784e-07	9.919355e-06	-3.564722e-07
4004	1.061238e-05	3.577371e-08	1.091705e-05	3.321333e-07
4005	1.041873e-05	-6.241498e-07	1.076049e-05	3.290280e-07
4006	1.044275e-05	6.998717e-07	9.886151e-06	-3.436864e-07
4007	1.064448e-05	3.608320e-07	1.080534e-05	2.031995e-07
4008	1.047056e-05	-7.080657e-07	1.088648e-05	4.262334e-07
4009	1.037411e-05	4.409557e-07	9.887557e-06	-2.927285e-07
4010	1.063621e-05	6.396831e-07	1.067191e-05	6.812184e-08
4011	1.054891e-05	-6.637674e-07	1.098985e-05	4.909755e-07
4012	1.032840e-05	1.271944e-07	9.936817e-06	-2.135874e-07
4013	1.058906e-05	8.333983e-07	1.052439e-05	-5.707561e-08
4014	1.063260e-05	-4.992224e-07	1.106506e-05	5.164350e-07
4015	1.031592e-05	-1.945928e-07	1.002159e-05	-1.109136e-07
4016	1.051310e-05	9.070370e-07	1.038260e-05	-1.673654e-07
4017	1.069823e-05	-2.342721e-07	1.109772e-05	5.051546e-07
4018	1.034445e-05	-4.678551e-07	1.013086e-05	4.975423e-09
4019	1.042578e-05	8.520835e-07	1.025879e-05	-2.596397e-07
4020	1.073024e-05	8.542581e-08	1.109508e-05	4.650914e-07
4021	1.040414e-05	-6.558016e-07	1.025223e-05	1.274246e-07
4022	1.034284e-05	6.820399e-07	1.015994e-05	-3.256414e-07
4023	1.073022e-05	4.067476e-07	1.105365e-05	3.985007e-07
4024	1.048677e-05	-7.250033e-07	1.037695e-05	2.498400e-07
4025	1.028031e-05	4.120148e-07	1.009261e-05	-3.605130e-07
4026	1.069146e-05	6.801817e-07	1.098642e-05	3.097345e-07
4027	1.058378e-05	-6.658255e-07	1.049529e-05	3.569516e-07
4028	1.025322e-05	8.896399e-08	1.005385e-05	-3.638668e-07
4029	1.061506e-05	8.590678e-07	1.090936e-05	2.088622e-07
4030	1.067531e-05	-4.873772e-07	1.060434e-05	4.470034e-07
4031	1.026731e-05	-2.260651e-07	1.003634e-05	-3.388365e-07
4032	1.051380e-05	9.214017e-07	1.082399e-05	9.757829e-08
4033	1.073943e-05	-2.213562e-07	1.069538e-05	5.152647e-07
4034	1.032348e-05	-4.925311e-07	1.004680e-05	-2.850479e-07
4035	1.040198e-05	8.637838e-07	1.073222e-05	-1.696356e-08
4036	1.076189e-05	9.921138e-08	1.076489e-05	5.624653e-07
4037	1.041589e-05	-6.777492e-07	1.007800e-05	-2.118591e-07
4038	1.030887e-05	6.949240e-07	1.064128e-05	-1.203421e-07
4039	1.073309e-05	4.162688e-07	1.081752e-05	5.764907e-07
4040	1.052909e-05	-7.540475e-07	1.012346e-05	-1.204499e-07
4041	1.025680e-05	4.365484e-07	1.055415e-05	-2.121112e-07
4042	1.066074e-05	6.940746e-07	1.084855e-05	5.626948e-07
4043	1.063288e-05	-7.115080e-07	1.018528e-05	-1.281779e-08
4044	1.025653e-05	1.153775e-07	1.047080e-05	-2.849417e-07
4045	1.056349e-05	8.990584e-07	1.086014e-05	5.160014e-07
4046	1.070923e-05	-5.489835e-07	1.025640e-05	9.315125e-08
4047	1.029578e-05	-2.225914e-07	1.040177e-05	-3.323451e-07
4048	1.046012e-05	9.937625e-07	1.084914e-05	4.480805e-07
4049	1.074977e-05	-2.778268e-07	1.032779e-05	1.922109e-07
4050	1.036737e-05	-5.267907e-07	1.034541e-05	-3.562226e-07
4051	1.036353e-05	9.565168e-07	1.082642e-05	3.712147e-07
4052	1.075139e-05	6.159548e-08	1.039606e-05	2.806219e-07
4053	1.045970e-05	-7.460006e-07	1.030762e-05	-3.579824e-07
4054	1.028838e-05	7.841285e-07	1.079059e-05	2.872430e-07
4055	1.071586e-05	4.206902e-07	1.045986e-05	3.599651e-07
4056	1.056310e-05	-8.477029e-07	1.028294e-05	-3.420491e-07
4057	1.024934e-05	4.986653e-07	1.075171e-05	1.990739e-07
4058	1.064220e-05	7.381984e-07	1.051416e-05	4.287127e-07
4059	1.066170e-05	-8.026986e-07	1.026776e-05	-3.091160e-07
4060	1.024899e-05	1.410328e-07	1.071450e-05	1.053734e-07
4061	1.053941e-05	9.626481e-07	1.055944e-05	4.835525e-07
4062	1.074028e-05	-6.123401e-07	1.026061e-05	-2.642781e-07
4063	1.029315e-05	-2.330658e-07	1.067654e-05	1.140032e-08
4064	1.041900e-05	1.057150e-06	1.059998e-05	5.265736e-07
4065	1.078537e-05	-3.058267e-07	1.025914e-05	-2.056268e-07
4066	1.037863e-05	-5.584753e-07	1.064009e-05	-8.181489e-08
4067	1.030192e-05	1.005144e-06	1.063827e-05	5.498283e-07
4068	1.078422e-05	6.565321e-08	1.025668e-05	-1.341886e-07
4069	1.049302e-05	-7.872862e-07	1.060671e-05	-1.715681e-07
4070	1.021657e-05	8.058015e-07	1.067867e-05	5.549296e-07
4071	1.073578e-05	4.507992e-07	1.025777e-05	-4.674148e-08
4072	1.062212e-05	-8.799732e-07	1.057152e-05	-2.584510e-07
4073	1.016686e-05	4.837786e-07	1.071864e-05	5.391806e-07
4074	1.064468e-05	7.901326e-07	1.026033e-05	5.519385e-08
4075	1.074838e-05	-8.179266e-07	1.053475e-05	-3.395576e-07
4076	1.016502e-05	9.285652e-08	1.075731e-05	5.028888e-07
4077	1.052058e-05	1.012511e-06	1.026013e-05	1.685409e-07
4078	1.085187e-05	-5.984192e-07	1.049393e-05	-4.057727e-07
4079	1.021779e-05	-3.032360e-07	1.079685e-05	4.423853e-07
4080	1.037369e-05	1.091070e-06	1.026538e-05	2.882123e-07
4081	1.092061e-05	-2.591676e-07	1.044461e-05	-4.520639e-07
4082	1.032052e-05	-6.375731e-07	1.083508e-05	3.580164e-07
4083	1.021697e-05	1.004263e-06	1.028240e-05	4.079978e-07
4084	1.092885e-05	1.386647e-07	1.038222e-05	-4.688806e-07
4085	1.047825e-05	-8.460468e-07	1.086893e-05	2.472897e-07
4086	1.007761e-05	7.664847e-07	1.031607e-05	5.253066e-07
4087	1.086597e-05	5.298119e-07	1.031773e-05	-4.535050e-07
4088	1.066427e-05	-9.049632e-07	1.088801e-05	1.086729e-07
4089	9.993659e-06	4.226099e-07	1.036495e-05	6.293141e-07
4090	1.073750e-05	8.532094e-07	1.025290e-05	-3.987900e-07
4091	1.085349e-05	-8.078756e-07	1.088969e-05	-4.327336e-08
4092	9.981354e-06	2.683721e-08	1.042881e-05	7.066049e-07
4093	1.054683e-05	1.058413e-06	1.019677e-05	-3.121523e-07
4094	1.101687e-05	-5.665291e-07	1.086983e-05	-1.931934e-07
4095	1.005660e-05	-3.614686e-07	1.050115e-05	7.534699e-07
4096	1.031980e-05	1.105382e-06	1.015739e-05	-1.993370e-07
4097	1.111695e-05	-2.176826e-07	1.083032e-05	-3.390617e-07
