turn	x1	x2	y1	y2
1	-4.1760665043914725e-6	2.7479424789250574e-7	-4.7806288439889255e-6	2.694893888458808e-7
2	-7.3924309100814205e-6	-3.076936880739929e-7	-6.391099359788171e-6	-3.399240912097436e-7
3	9.82686705765735e-6	-2.239222327025136e-7	1.0389045617143645e-5	-1.095030240808096e-7
4	-1.2967998497869996e-7	7.057137586841708e-7	-2.744479000699205e-6	6.744051003896909e-7
5	-9.703438120374705e-6	-3.142928451123615e-7	-7.956064494709572e-6	-5.452324742672107e-7
6	7.5422357090029445e-6	-7.006520685852075e-7	9.72267550390865e-6	-3.6849966484980496e-7
7	3.911060210924691e-6	1.0255973663271118e-6	-6.016886413281481e-7	1.0868006226211897e-6
8	-1.050404364901294e-5	1.6123395387649537e-8	-9.160564289990066e-6	-6.08418060396908e-7
9	4.11950192798485e-6	-1.2844796540533432e-6	8.638112256714984e-6	-7.549497676903344e-7
10	7.306276819994475e-6	1.0636731722939035e-6	1.5458621208832818e-6	1.4649279131861675e-6
11	-9.679395502234607e-6	6.527933866380534e-7	-9.948935236168494e-6	-5.179395981096719e-7
12	1.1379516755528937e-7	-1.7879610797617463e-6	7.189955533293101e-6	-1.2358684905104474e-6
13	9.530902268831357e-6	7.173288835890123e-7	3.5937511518884196e-6	1.766533219137037e-6
14	-7.380902355056331e-6	1.4699994663149208e-6	-1.0288193900263854e-5	-2.627636316314594e-7
15	-3.835030841206066e-6	-2.018253597340024e-6	5.451466967143063e-6	-1.7695210953975049e-6
16	1.0252818146406759e-5	-2.2284531430239242e-8	5.446278737068875e-6	1.947683484842133e-6
17	-4.00284358464796e-6	2.2751779665999307e-6	-1.0173352472803132e-5	1.5433485450412128e-7
18	-7.110945534011461e-6	-1.81982984326671e-6	3.508816290042954e-6	-2.313758706760609e-6
19	9.390783359067912e-6	-1.0584803104946866e-6	7.01947569404316e-6	1.9767156519255137e-6
20	-1.0201070152506062e-7	2.8496771911038487e-6	-9.616645616203918e-6	7.134711908362377e-7
21	-9.216129570387683e-6	-1.130530418873715e-6	1.4565692069311211e-6	-2.819846929825728e-6
22	7.118810033985108e-6	-2.2056508158458805e-6	8.246659670719403e-6	1.8278615550378214e-6
23	3.696677466176408e-6	2.9934830466833916e-6	-8.656249853851899e-6	1.3859954283951823e-6
24	-9.853915153526717e-6	1.4224914886757158e-9	-6.032976234074797e-7	-3.243070736070185e-6
25	3.836697725309826e-6	-3.2219957561020028e-6	9.080330160852502e-6	1.4877961273920697e-6
26	6.806931657763981e-6	2.56771911799202e-6	-7.343796461889769e-6	2.131525960462812e-6
27	-8.968817033749253e-6	1.4211195001737326e-6	-2.5714392033318845e-6	-3.533678765256746e-6
28	9.362367656082935e-8	-3.86477739691564e-6	9.489987564377912e-6	9.531194709523118e-7
29	8.76849142286038e-6	1.5509637175445664e-6	-5.75134469812927e-6	2.9024527858914563e-6
30	-6.757121339536452e-6	2.8847069096816176e-6	-4.3517040235238756e-6	-3.6487721877336255e-6
31	-3.506940758788702e-6	-3.926269283445728e-6	9.464097042264911e-6	2.4033939191788874e-7
32	9.318682040058721e-6	4.6168058903106825e-8	-3.961541504114984e-6	3.641096309000884e-6
33	-3.6203467767086796e-6	4.1028936253762344e-6	-5.875532168776198e-6	-3.552956396344417e-6
34	-6.418937963683823e-6	-3.28999540601689e-6	9.024305396066385e-6	-6.192411536439474e-7
35	8.437369502504104e-6	-1.7285971433481589e-6	-2.067675577479364e-6	4.292813566950692e-6
36	-8.352108266775342e-8	4.809968318562771e-6	-7.078703386145646e-6	-3.2285197589932727e-6
37	-8.22459768355475e-6	-1.976994906924048e-6	8.200164953883936e-6	-1.5842422806296052e-6
38	6.319744346266012e-6	-3.484185398531292e-6	-1.6528890264062407e-7	4.803592764536079e-6
39	3.2891333835596326e-6	4.803428625637128e-6	-7.91236706772643e-6	-2.6733124596145693e-6
40	-8.69318381888529e-6	-1.3439129989143945e-7	7.0445696575816e-6	-2.6023417010756566e-6
41	3.357150542628071e-6	-4.898011345669904e-6	1.6539413958928628e-6	5.120700903256238e-6
42	5.9827141596964065e-6	3.9872682336543255e-6	-8.34930437584483e-6	-1.8974259656599527e-6
43	-7.819454867282267e-6	1.9709856175639974e-6	5.6260872520209905e-6	-3.6106651664171778e-6
44	5.300595845299433e-8	-5.67855497839534e-6	3.305968251695147e-6	5.204854709643301e-6
45	7.616751700171999e-6	2.407034097777714e-6	-8.381375473050978e-6	-9.312122723386854e-7
46	-5.809799291330534e-6	3.999618970663085e-6	4.023826993826375e-6	-4.5492158681146035e-6
47	-3.0633764531588058e-6	-5.619357082814116e-6	4.717059314649189e-6	5.035343340557114e-6
48	7.996182124890116e-6	2.5900290029698274e-7	-8.022789987647466e-6	1.8311357496909402e-7
49	-3.042472486935707e-6	5.598653286291184e-6	2.3290685440250473e-6	-5.358447599858764e-6
50	-5.5183513056979825e-6	-4.645641071045225e-6	5.82576418066832e-6	4.601106318118304e-6
51	7.1327590836867206e-6	-2.1460476074842562e-6	-7.311063351251483e-6	1.3971589926483464e-6
52	8.081661319849776e-9	6.456500958581017e-6	6.315178689375593e-7	-5.982635397488447e-6
53	-6.96602101555203e-6	-2.8306269995497437e-6	6.588538304616145e-6	3.906182135333093e-6
54	5.238113122887932e-6	-4.4308455583835055e-6	-6.298638006364845e-6	2.649969735608123e-6
55	2.840948752515081e-6	6.362107788950728e-6	-9.836882030058705e-7	-6.3746189370511094e-6
56	-7.238526451389168e-6	-4.0767719657669487e-7	6.9829849541588815e-6	2.97494129282373e-6
57	2.680762623205031e-6	-6.205508061600645e-6	-5.051524160545793e-6	3.875576842653621e-6
58	5.023726711268068e-6	5.250784658257355e-6	-2.4402956934217315e-6	-6.502246661942044e-6
59	-6.377980036876339e-6	2.270082614308081e-6	7.008021065887418e-6	1.837168088856342e-6
60	-9.01135814653494e-8	-7.1374367623308e-6	-3.651186121997318e-6	5.0152717055646925e-6
61	6.258804763761118e-6	3.2264784234707717e-6	-3.6668053581188357e-6	-6.343379629295086e-6
62	-4.60640646543651e-6	4.787043542730976e-6	6.6850194935610744e-6	5.355745204128893e-7
63	-2.6119570685426574e-6	-7.0146934882616815e-6	-2.180970480515338e-6	6.001536255675825e-6
64	6.4187439823121585e-6	5.579791807429348e-7	-4.610762012369138e-6	-5.88649318806392e-6
65	-2.2764603344043384e-6	6.717391876217173e-6	6.055167215494626e-6	-8.761084022791363e-7
66	-4.503865586212296e-6	-5.784441802030917e-6	-7.235971031865104e-7	6.7805587349949795e-6
67	5.563951958572604e-6	-2.3587331707624574e-6	-5.239189064613901e-6	-5.136934849287776e-6
68	1.9602590322584734e-7	7.715790029317781e-6	5.169523603007813e-6	-2.333809408818081e-6
69	-5.51105536206648e-6	-3.5812098434979723e-6	6.445512100505835e-7	7.3024212163860705e-6
70	3.918731149076052e-6	-5.073347751348516e-6	-5.5379712475831735e-6	-4.114494171917027e-6
71	2.3913201693950626e-6	7.570143440636432e-6	4.093077444524384e-6	-3.769329010590296e-6
72	-5.543062217832827e-6	-7.033726650804328e-7	1.8522573632843573e-6	7.526874347800381e-6
73	1.818701966213645e-6	-7.1373327024284814e-6	-5.510401904385437e-6	-2.854613152454556e-6
74	3.9712119794738325e-6	6.240748515135352e-6	2.895068172055051e-6	-5.106237097478821e-6
75	-4.685045353381579e-6	2.4182956126614315e-6	2.8421230685691444e-6	7.422264097660305e-6
76	-3.415548114786683e-7	-8.193653278502064e-6	-5.181024621909322e-6	-1.4061284863293355e-6
77	4.729215158068119e-6	3.8881291718644676e-6	1.6547309951751837e-6	-6.277344692412471e-6
78	-3.163883380371103e-6	5.2962121993567975e-6	3.571517236713406e-6	6.981614709590766e-6
79	-2.1893084771880685e-6	-8.027882140096031e-6	-4.5893354065481414e-6	1.6872101145127584e-7
80	4.616088519098053e-6	8.419097985703987e-7	4.440834901053125e-7	-7.215972356921694e-6
81	-1.3030930838161195e-6	7.4666684178986496e-6	4.016332476527612e-6	6.2106949204336e-6
82	-3.434595137841341e-6	-6.6178748867843275e-6	-3.7868330845925936e-6	1.7942650444892233e-6
83	3.7363066004724114e-6	-2.438445449030951e-6	-6.647003032026731e-7	-7.863345571880018e-6
84	5.327055436205695e-7	8.562923761930987e-6	4.1616709009089225e-6	5.137918911599326e-6
85	-3.912406824989646e-6	-4.146668423125094e-6	-2.8321009165967808e-6	3.393965745089031e-6
86	2.327492072144261e-6	-5.440680596080767e-6	-1.612099272631456e-6	-8.179891367938596e-6
87	2.0080988144720176e-6	8.371516914818781e-6	4.0215579643069395e-6	3.8027882709860834e-6
88	-3.6216297722779773e-6	-9.690240638854377e-7	-1.7938191776048523e-6	4.886908909575177e-6
89	7.123607952413706e-7	-7.682684198201183e-6	-2.3459635150023653e-6	-8.136497547812476e-6
90	2.883602392266376e-6	6.888251952613344e-6	3.622617290558569e-6	2.262230598229033e-6
91	-2.7042163811863133e-6	2.4274275758817838e-6	-7.456063061813471e-7	6.194076742181016e-6
92	-7.737423949568639e-7	-8.79353478990803e-6	-2.8280012570335146e-6	-7.73102438920983e-6
93	3.0545025503387194e-6	4.323348040461236e-6	3.004200795401265e-6	5.925479923235276e-7
94	-1.4103478643220973e-6	5.503404860649631e-6	2.425739948891028e-7	7.2453632397227794e-6
95	-1.8490059558734798e-6	-8.569679979770806e-6	-3.0398868334057193e-6	-6.975528474307087e-6
96	2.570056466029405e-6	1.0579174522453002e-6	2.216804323277598e-6	-1.1241164047133419e-6
97	-5.1553422204876664e-8	7.776151946526233e-6	1.106297250521795e-6	7.984241226247838e-6
98	-2.330651824927548e-6	-7.029230505436222e-6	-2.9803459970590195e-6	-5.89889651295034e-6
99	1.6077064928703189e-6	-2.400469264417791e-6	1.3237739646246344e-6	-2.8070335703482953e-6
100	1.0687978961836613e-6	8.876228063680237e-6	1.7870157486906367e-6	8.373500079634548e-6
101	-2.177267805231342e-6	-4.399217529313752e-6	-2.6637374655906736e-6	-4.556369955304492e-6
102	4.3210152025242113e-7	-5.502346848689951e-6	3.94683699438092e-7	-4.372577218283029e-6
103	1.7207387213931263e-6	8.611757251551013e-6	2.238910644423515e-6	8.397280242051906e-6
104	-1.4908055367981163e-6	-1.0884835388266163e-6	-2.1229410777550116e-6	-3.0137874579049285e-6
105	-6.590593900369761e-7	-7.76054603601633e-6	-4.973952864093783e-7	-5.744820382905587e-6
106	1.796827549418542e-6	7.021592526739367e-6	2.4363972341535806e-6	8.050990163946636e-6
107	-4.863718070965898e-7	2.3801804541883625e-6	-1.404845615381991e-6	-1.3400628030183967e-6
108	-1.4046072560665015e-6	-8.815405775176587e-6	-1.2858140702836638e-6	-6.8555265215272465e-6
109	1.3162538941897536e-6	4.35687752440165e-6	2.3738635113895044e-6	7.348076547026919e-6
110	5.661641120928031e-7	5.454641366167817e-6	-5.739213267986808e-7	3.836545875635776e-7
111	-1.6327737338215586e-6	-8.5008281656583e-6	-1.9077192108759735e-6	-7.654666352733603e-6
112	4.276591166884208e-7	1.0463968221457195e-6	2.0569183084909683e-6	6.3288235393717325e-6
113	1.39215504174395e-6	7.653854876377132e-6	3.048102292027486e-7	2.0735414407568723e-6
114	-1.3012688711298626e-6	-6.875139029794597e-6	-2.3153292697090118e-6	-8.107825179488295e-6
115	-6.228529874118674e-7	-2.3786619594749127e-6	1.5122377959502703e-6	5.043907982157074e-6
116	1.7644799334356838e-6	8.639944788650902e-6	1.1608921015489256e-6	3.6448152886625405e-6
117	-4.879329907561951e-7	-4.208954656309104e-6	-2.4803812822412893e-6	-8.1933909944737e-6
118	-1.5572452127392245e-6	-5.373568643520408e-6	7.894860716591171e-7	3.5535762782861877e-6
119	1.569265408298204e-6	8.265161840039488e-6	1.9275672178188813e-6	5.025425957838456e-6
120	6.037657808433111e-7	-9.446216805425711e-7	-2.390477025108498e-6	-7.907984179242049e-6
121	-2.114556658503052e-6	-7.4711360141708736e-6	-5.555025386048051e-8	1.929523072997682e-6
122	8.267457547131629e-7	6.614099629912272e-6	2.5390529286015873e-6	6.150767663018077e-6
123	1.6996607278550285e-6	2.3852033593159607e-6	-2.0457045768340054e-6	-7.2760499497797795e-6
124	-2.1160914021560297e-6	-8.356549930752075e-6	-9.579579112940408e-7	2.5767357675715053e-7
125	-3.1460770772889284e-7	3.977324901413098e-6	2.9503866517634436e-6	6.970113713087723e-6
126	2.5153675390345142e-6	5.2507820011767385e-6	-1.4715637264813686e-6	-6.3291546239830035e-6
127	-1.5068121704562166e-6	-7.913949155404479e-6	-1.8529558375746497e-6	-1.379179593051936e-6
128	-1.6036200603467263e-6	8.008452172335787e-7	3.1233336810380186e-6	7.445594911007866e-6
129	2.8127231210392834e-6	7.206450685984131e-6	-7.045063630294105e-7	-5.117019694480191e-6
130	-3.699683420751324e-7	-6.250070671530495e-6	-2.6737713408398365e-6	-2.9004430068794275e-6
131	-2.740022377389462e-6	-2.38669777429006e-6	3.0370844056141922e-6	7.556578554708858e-6
132	2.455872818174679e-6	7.962711969638001e-6	2.0232383497714283e-7	-3.703484307648096e-6
133	1.0845121474522481e-6	-3.671607663547075e-6	-3.355588267992847e-6	-4.2276461567029926e-6
134	-3.4314211575071862e-6	-5.072276068817409e-6	2.692430026252529e-6	7.305332029279939e-6
135	1.4512978020222141e-6	7.442539923006466e-6	1.1860836976622527e-6	-2.1700473114813724e-6
136	2.5506579184631153e-6	-6.317277785049025e-7	-3.8452968493130305e-6	-5.298637538619943e-6
137	-3.473442919503032e-6	-6.843952958765791e-6	2.1015875528875915e-6	6.714009051135283e-6
138	-5.1347676739750845e-8	5.78386034090712e-6	2.186231829166715e-6	-6.008512909777957e-7
139	3.7124777727709883e-6	2.3645163025737344e-6	-4.099983455175415e-6	-6.065685807395433e-6
140	-2.7815763054755714e-6	-7.457026034317336e-6	1.2936835840624578e-6	5.824996829902181e-6
141	-1.7885399054979492e-6	3.300261485539181e-6	3.1366698798721344e-6	9.213779790926216e-7
142	4.2880780594962815e-6	4.8323186046579324e-6	-4.094248868326158e-6	-6.492186144241994e-6
143	-1.4114433976262247e-6	-6.866051096009076e-6	3.1517121941182176e-7	4.688871369472521e-6
144	-3.4207146608308194e-6	4.335824374177474e-7	3.9723274490807e-6	2.315420597034066e-6
145	4.095178769413926e-6	6.395591421840308e-6	-3.815781639687619e-6	-6.566243174627658e-6
146	4.269134809579198e-7	-5.224340367227e-6	-7.778057970969552e-7	3.3790362357722713e-6
147	-4.6042786273902355e-6	-2.328188697229499e-6	4.630331106005397e-6	3.510671548135424e-6
148	3.0898751443520624e-6	6.8500254376303385e-6	-3.264873135372638e-6	-6.305924128818319e-6
149	2.4154804665498646e-6	-2.8599596332136773e-6	-1.9238922539090443e-6	1.9794105683105857e-6
150	-5.06620020478277e-6	-4.539806639513159e-6	5.060257579998746e-6	4.450264764489133e-6
151	1.3870291042008691e-6	6.1875620371680286e-6	-2.4626551226996037e-6	-5.736538639850268e-6
152	4.186181230287315e-6	-2.0314003525363605e-7	-3.0538282603953203e-6	5.698764154590169e-7
153	-4.653565808931332e-6	-5.871932202497591e-6	5.223843701583968e-6	5.092459164165926e-6
154	-7.500417745897775e-7	4.580766025604759e-6	-1.4470850536322086e-6	-4.901514318097295e-6
155	5.383397628199433e-6	2.293031960680646e-6	-4.097598536481865e-6	-7.718527443148292e-7
156	-3.3635757133437045e-6	-6.160873116164178e-6	5.097056669533504e-6	5.414689665370271e-6
157	-2.9617858509668626e-6	2.3532912336842394e-6	-2.7162278233326366e-7	-3.863470801474238e-6
158	5.740696448057592e-6	4.226186000620792e-6	-4.987042575861417e-6	-1.9752857433239994e-6
159	-1.364916029937133e-6	-5.423246442020408e-6	4.6712057487200385e-6	5.425125357883271e-6
160	-4.8454452609544466e-6	-7.964536110045644e-8	1.0039278768891876e-6	-2.693689300433133e-6
161	5.1284626822837095e-6	5.307738043453008e-6	-5.663081456692367e-6	-2.9817049793306932e-6
162	1.0302770458196073e-6	-3.852066468026091e-6	3.958415376384935e-6	5.13454608102667e-6
163	-6.03897347741561e-6	-2.293076338580844e-6	2.3077598827806337e-6	-1.457503640474661e-6
164	3.586677375168997e-6	5.413218142839251e-6	-6.072613311327952e-6	-3.7435447322364606e-6
165	3.4223651242296283e-6	-1.7719733620477278e-6	2.9868811283335555e-6	4.573734908866644e-6
166	-6.289800081099197e-6	-3.920904890207726e-6	3.5633451615549337e-6	-2.3078882321608042e-7
167	1.335396030630785e-6	4.593923416704914e-6	-6.181947596879873e-6	-4.23048951913629e-6
168	5.3873387656963415e-6	4.1693550734795566e-7	1.8044629214681874e-6	3.785622245465301e-6
169	-5.4992435250202255e-6	-4.729211947637477e-6	4.699761662925552e-6	9.178319511293174e-7
170	-1.272410936034479e-6	3.0619638105220644e-6	-5.971546414691444e-6	-4.429646144818513e-6
171	6.566487865173005e-6	2.3240417039604632e-6	4.7027069300048213e-7	2.8263742184355478e-6
172	-3.749007215038998e-6	-4.636691656719762e-6	5.649295707978241e-6	1.9251751268711954e-6
173	-3.8040895650775987e-6	1.1380468982351224e-6	-5.445798572743243e-6	-4.3391324631273635e-6
174	6.72080383395749e-6	3.6311420202227818e-6	-9.467375934863956e-7	1.7566808147176837e-6
175	-1.2947577233534405e-6	-3.7272169611208814e-6	6.353830142670679e-6	2.7359386678648707e-6
176	-5.824275005425694e-6	-7.948819126131865e-7	-4.626581742078385e-6	-3.973664966853349e-6
177	5.775515948752789e-6	4.148836387570328e-6	-2.370553971192734e-6	6.495851012219889e-7
178	1.4788065723643381e-6	-2.2311988239267925e-6	6.766671219346154e-6	3.3055448052234093e-6
179	-6.976874654621745e-6	-2.378054614853099e-6	-3.550132403881732e-6	-3.3624043793171326e-6
180	3.849634027430136e-6	3.8438007303611565e-6	-3.7233709096981576e-6	-4.268857867232774e-7
181	4.112730973962353e-6	-4.7298411934221815e-7	6.860064888835823e-6	3.607258517457471e-6
182	-7.039742182753777e-6	-3.344964682795811e-6	-2.269808739257481e-6	-2.5529703236092322e-6
183	1.234723371463263e-6	2.836554078850444e-6	-4.933716653963395e-6	-1.4027207085043015e-6
184	6.169797248543985e-6	1.1891125929864477e-6	6.62676966994946e-6	3.6252732267045213e-6
185	-5.967981306036425e-6	-3.557320265252424e-6	-8.448649896695481e-7	-1.6057764534048824e-6
186	-1.6586116646480256e-6	1.3739219505348252e-6	-5.938607752950655e-6	-2.215887542215456e-6
187	7.292443109714801e-6	2.4397717192110572e-6	6.074218858508207e-6	3.370636759880022e-6
188	-3.904927053846352e-6	-3.0254476773049098e-6	6.496315094564206e-7	-5.874985825277109e-7
189	-4.362137259884002e-6	-2.2338059993959132e-7	-6.682894462036617e-6	-2.8179837817750062e-6
190	7.271503969500944e-6	3.0583826621564434e-6	5.2251323578462364e-6	2.863280570098259e-6
191	-1.1681102327156013e-6	-1.9080211669543737e-6	2.1388741040107e-6	4.32246933787199e-7
192	-6.430228475564603e-6	-1.614909130686189e-6	-7.127013592293205e-6	-3.1676782672492392e-6
193	6.091199175118842e-6	2.9508324847997523e-6	4.117489536306701e-6	2.147075376140809e-6
194	1.8076470781640527e-6	-4.720782544716132e-7	3.547628837492391e-6	1.3804490798112712e-6
195	-7.509750018333452e-6	-2.521517583788398e-6	-7.248037081156358e-6	-3.243224504089455e-6
196	3.924625865737138e-6	2.1800423386105582e-6	2.804377833002892e-6	1.2702016993402504e-6
197	4.541809370340294e-6	9.600069835867469e-7	4.809437622421158e-6	2.1930722565334994e-6
198	-7.4129326536675945e-6	-2.775615620698114e-6	-7.03674613195256e-6	-3.0418880235221635e-6
199	1.1089750894886923e-6	9.420120662286e-7	1.3502621897092973e-6	2.928628773527343e-7
200	6.591908433773394e-6	2.0776402766474773e-6	5.86126063159526e-6	2.8128363297794418e-6
201	-6.143377682723912e-6	-2.3408570607031055e-6	-6.499077471792725e-6	-2.5829460275694082e-6
202	-1.9080255104801514e-6	-4.7542968435121097e-7	-1.7457453590668775e-7	-7.122987958196586e-7
203	7.615269683714343e-6	2.637342849003057e-6	6.649641840332106e-6	3.193399501320222e-6
204	-3.900125154078027e-6	-1.3216168794492844e-6	-5.659319537777564e-6	-1.8999723172625604e-6
205	-4.6359701135849555e-6	-1.7491102820898725e-6	-1.6950162096190647e-6	-1.6709936589708307e-6
206	7.441040649172213e-6	2.520440677114662e-6	7.13530554371679e-6	3.309254185489077e-6
207	-1.0464978569424848e-6	4.638005550240187e-8	-4.5567589170494575e-6	-1.0369451797876693e-6
208	-6.6341451233667085e-6	-2.588936283131168e-6	-3.135218429093022e-6	-2.517703490305746e-6
209	6.101424642118729e-6	1.7441039182596279e-6	7.287826983434238e-6	3.1496720021127176e-6
210	1.961064525930503e-6	1.450740760574063e-6	-3.2484340976220504e-6	-4.845342984167115e-8
211	-7.5845548714458964e-6	-2.796469429394172e-6	-4.419717022257376e-6	-3.1926944142802737e-6
212	3.8196168230731646e-6	4.7166385864911586e-7	7.098293523967161e-6	2.7227220534517727e-6
213	4.6354966972407565e-6	2.5688124136584312e-6	-1.8014313189344469e-6	9.961069973119901e-7
214	-7.3390202621222256e-6	-2.303774276404358e-6	-5.486428140130253e-6	-3.643654310082046e-6
215	9.716243342156822e-7	-1.0239511488223558e-6	6.579373887253928e-6	2.0477925924642117e-6
216	6.5541629717674545e-6	3.1332290998675287e-6	-2.8936489734108807e-7	2.0257423940374327e-6
217	-5.952431587862889e-6	-1.1894094545167924e-6	-6.278112514542335e-6	-3.834933144913406e-6
218	-1.984204663238182e-6	-2.414169531650196e-6	5.7620705728629265e-6	1.166398840978234e-6
219	7.417501521664662e-6	2.9897148107068648e-6	1.2041406001712465e-6	2.9724722285037012e-6
220	-3.663233218704298e-6	3.3850901567631886e-7	-6.759429410396856e-6	-3.7471201489382757e-6
221	-4.5699825631933554e-6	-3.378100667932732e-6	4.694595069118772e-6	1.3009312878624485e-7
222	7.100666970488368e-6	2.124992184190196e-6	2.6034476395063873e-6	3.7689075294144813e-6
223	-8.544714264089778e-7	1.963435101045581e-6	-6.9074862233038104e-6	-3.37407245599805e-6
224	-6.377293603374572e-6	-3.6733668680076215e-6	3.437366077759776e-6	-9.974897324949095e-7
225	5.679504896630971e-6	6.748357989533892e-7	3.836233486328068e-6	4.357293247963398e-6
226	2.009516507149141e-6	3.3340356118730024e-6	-6.72585758818288e-6	-2.7287228779452283e-6
227	-7.133983012421624e-6	-3.187569703160923e-6	2.0604977201926024e-6	-2.1514206270557875e-6
228	3.4154268745192424e-6	-1.097879468441029e-6	4.842569909505118e-6	4.690902144101962e-6
229	4.465190152901546e-6	4.142797315892093e-6	-6.231125471213317e-6	-1.8402296436554847e-6
230	-6.742865122848054e-6	-1.9633040042734024e-6	6.373451295557139e-7	-3.259746826168624e-6
231	6.906045402168012e-7	-2.844538008574909e-6	5.577680353342727e-6	4.738431492387528e-6
232	6.129664105339039e-6	4.1773690531735396e-6	-5.46039825132244e-6	-7.493356371348009e-7
233	-5.301653997298785e-6	-1.9151361024373902e-7	-7.522820209472213e-7	-4.250034836339649e-6
234	-2.0363109103193876e-6	-4.1967947875871014e-6	6.005926330717617e-6	4.480027229254855e-6
235	6.753205539053514e-6	3.3633189693167502e-6	-4.4633066123401625e-6	4.826381038870574e-7
236	-3.08560721474051e-6	1.81530772724318e-6	-2.0333310819462612e-6	-5.050934764599195e-6
237	-4.320062643528747e-6	-4.852419857532537e-6	6.121518061789715e-6	3.916809198797317e-6
238	6.2793207702591556e-6	1.7975410566179628e-6	-3.301223087640432e-6	1.7857817002863819e-6
239	-4.83875818869951e-7	3.6685782380011257e-6	-3.1451381644978044e-6	-5.60087213216189e-6
240	-5.80838484066837e-6	-4.631110388451147e-6	5.930580281259431e-6	3.0658660767278333e-6
241	4.8323975977196055e-6	-2.7095434734506785e-7	-2.0423662516818422e-6	3.0838274255272745e-6
242	2.0655831521557694e-6	4.9923284030275085e-6	-4.034801754406238e-6	-5.858630236697046e-6
243	-6.29101300978082e-6	-3.5064364190660437e-6	5.457686225134435e-6	1.961826533017575e-6
244	2.6909923999589067e-6	-2.4824460275634806e-6	-7.581720315492353e-7	4.303246809790994e-6
245	4.144050320665652e-6	5.498144733032044e-6	-4.665174239885979e-6	-5.79200295191803e-6
246	-5.734331048316866e-6	-1.6263908574427757e-6	4.741653065085812e-6	6.598634385150165e-7
247	2.3935286088419893e-7	-4.425951817853698e-6	4.759999551785321e-7	5.360678666930142e-6
248	5.427975100613666e-6	5.033533250725757e-6	-5.011910855226723e-6	-5.386350077720654e-6
249	-4.2821262152577834e-6	7.079970743990144e-7	3.830401896901476e-6	-7.653520754101599e-7
250	-2.1004354365945198e-6	-5.713540300892162e-6	1.5957664159922458e-6	6.183962820869967e-6
251	5.744718120022217e-6	3.619731986635264e-6	-5.068441243312047e-6	-4.651703745991821e-6
252	-2.224814497749925e-6	3.0934402884655652e-6	2.7803870382870276e-6	-2.2343571901624225e-6
253	-3.938007080200909e-6	-6.0700114749055615e-6	2.5466533055314687e-6	6.711653366881418e-6
254	5.091032435180718e-6	1.4600634015901026e-6	-4.846942176762232e-6	-3.615046192709055e-6
255	5.422088405664121e-8	5.098524185920504e-6	1.6588769398299034e-6	-3.6678775365941833e-6
256	-4.988479867564451e-6	-5.381949445197114e-6	3.2787271396241506e-6	6.905301335891676e-6
257	3.636988206387437e-6	-1.096444066644717e-6	-4.374534118789174e-6	-2.3263485500355582e-6
258	2.1517363079243456e-6	6.339913505461353e-6	5.391075147979078e-7	-4.980046416777978e-6
259	-5.1160487836791614e-6	-3.71830347425598e-6	3.7598359485158705e-6	6.743866939789514e-6
260	1.6819351618475851e-6	-3.621628989594549e-6	-3.68897524827387e-6	-8.612531751409017e-7
261	3.711228667200762e-6	6.562041465130844e-6	-5.15629317659509e-7	-6.088138580836163e-6
262	-4.353628589137871e-6	-1.324436283465692e-6	3.977006404671634e-6	6.226230294512191e-6
263	-3.9846059537287774e-7	-5.667180897953701e-6	-2.839994325807108e-6	7.053347066598871e-7
264	4.492416307630272e-6	5.680764140972445e-6	-1.4467850979777487e-6	-6.927633728002298e-6
265	-2.89673497374825e-6	1.4161599552992629e-6	3.929959445136606e-6	5.372347492673961e-6
266	-2.2209772098515745e-6	-6.857121003243067e-6	-1.8888721966459005e-6	2.2918331544540914e-6
267	4.406805405930837e-6	3.801838680315114e-6	-2.2004086602708767e-6	-7.449238932986049e-6
268	-1.0590709205643729e-6	4.045680059031063e-6	3.6328063573954304e-6	4.222902590788003e-6
269	-3.4715092181106156e-6	-6.950596178595736e-6	-9.006850192631557e-7	3.816032035529127e-6
270	3.5306560300108525e-6	1.2135885107585385e-6	-2.733859893055254e-6	-7.621024859419327e-6
271	7.955944986595642e-7	6.107933657958246e-6	3.1106927185836842e-6	2.8361946553078476e-6
272	-3.960004753385431e-6	-5.8986098574886036e-6	6.094696315875413e-8	5.197218301154216e-6
273	2.0816935630212067e-6	-1.6657750299822774e-6	-3.0250301600006234e-6	-7.427218907255571e-6
274	2.3144338056813177e-6	7.236376759357116e-6	2.411432748694104e-6	1.2798800255943091e-6
275	-3.6482675202012506e-6	-3.844722160513908e-6	9.296471869765907e-7	6.360517503169702e-6
276	3.7497947717476534e-7	-4.36387919285518e-6	-3.062839025748212e-6	-6.871025488369295e-6
277	3.23428964964119e-6	7.21455484959621e-6	1.5920590825586068e-6	-3.7294041220138803e-7
278	-2.6491683263804805e-6	-1.1098091182670472e-6	1.6497545977322287e-6	7.247124309682521e-6
279	-1.2367519171282776e-6	-6.421319870689363e-6	-2.854615094161193e-6	-5.980741962182532e-6
280	3.411277291642247e-6	6.018551024276495e-6	7.151364674942891e-7	-2.0387017899130643e-6
281	-1.2038463744767191e-6	1.8649838135343744e-6	2.170809309854345e-6	7.803583847725098e-6
282	-2.436901900521091e-6	-7.480698689387344e-6	-2.421870903348901e-6	-4.792087087474851e-6
283	2.8593551281804735e-6	3.828383491227492e-6	-1.542134962754065e-7	-3.6361612510496727e-6
284	3.609503739596562e-7	4.591674178139713e-6	2.4663314975430716e-6	7.998938645719987e-6
285	-3.007498279490926e-6	-7.349511695769781e-6	-1.8095346642395305e-6	-3.360783794983093e-6
286	1.7323640967338638e-6	9.948515364285832e-7	-9.526314640851662e-7	-5.079764448231514e-6
287	1.7138132299418649e-6	6.617472440391047e-6	2.519805138531338e-6	7.82075158136818e-6
288	-2.8607976815145977e-6	-6.039955123017394e-6	-1.068644720606883e-6	-1.7592934196661575e-6
289	2.9811686329987775e-7	-2.026591318191711e-6	-1.619675538688593e-6	-6.296505415913843e-6
290	2.5794209314414596e-6	7.60012606985947e-6	2.3332027749178916e-6	7.277369274367387e-6
291	-2.060659629576751e-6	-3.756940926365482e-6	-2.571812805687035e-7	-6.482077120164243e-8
292	-1.1180817657960843e-6	-4.74498467346144e-6	-2.109136716470578e-6	-7.220782007183022e-6
293	2.7880884144090624e-6	7.373184226341909e-6	1.9272995959308054e-6	6.388133945826921e-6
294	-8.052628597522804e-7	-8.674015467923559e-7	5.623774754316922e-7	1.6350862149138768e-6
295	-2.2026361422998153e-6	-6.713342873534798e-6	-2.386095482707953e-6	-7.808145129805392e-6
296	2.3086298237220758e-6	5.9725600599536145e-6	1.3400946251942869e-6	5.197759854859333e-6
297	6.123539061540294e-7	2.1592515395366228e-6	1.3266168711445752e-6	3.2555939999937833e-6
298	-2.723454576323828e-6	-7.610214285892558e-6	-2.433267300103259e-6	-8.032188181463327e-6
299	1.2597837595556551e-6	3.632004938074811e-6	6.143816129777902e-7	3.7674239284382943e-6
300	1.871828053799268e-6	4.8314254191035566e-6	1.981967994130139e-6	4.715664421828019e-6
301	-2.565685070372491e-6	-7.2949229507728615e-6	-2.2460504521448043e-6	-7.878984893553028e-6
302	-1.207964430455551e-7	7.302794545466245e-7	-1.9678032563453393e-7	2.173445677006868e-6
303	2.6856666442762654e-6	6.722015293637192e-6	2.4772486279708747e-6	5.941745302836976e-6
304	-1.7531079803703352e-6	-5.82983259453735e-6	-1.8399868709583356e-6	-7.3552610610667926e-6
305	-1.5227293670169336e-6	-2.259824867095966e-6	-1.035524745920146e-6	4.975861431058676e-7
306	2.8602273502032016e-6	7.525658556546279e-6	2.777465261703348e-6	6.8724908120302916e-6
307	-4.5381817069576875e-7	-3.4631951821543055e-6	-1.240437465010558e-6	-6.493627862776283e-6
308	-2.6231699695698994e-6	-4.855848985203861e-6	-1.8450324787639106e-6	-1.1728348523248634e-6
309	2.334894223855053e-6	7.127790125094194e-6	2.850886179883219e-6	7.470355833143398e-6
310	1.049060843320047e-6	-5.872517047930791e-7	-4.785974055183116e-7	-5.34752355788791e-6
311	-3.1626898951546865e-6	-6.640747661502854e-6	-2.5648783828012126e-6	-2.7552871752629426e-6
312	1.1940650868012704e-6	5.614834188625408e-6	2.682037526082862e-6	7.708702707522435e-6
313	2.425645533258749e-6	2.325196906744583e-6	3.9722682334016254e-7	-3.977897441299713e-6
314	-2.9903472820549082e-6	-7.340211701496211e-6	-3.1401286692233447e-6	-4.174081945881385e-6
315	-3.434491647620001e-7	3.25388994643251e-6	2.275722552581896e-6	7.5791766984791904e-6
316	3.363104707729213e-6	4.8035427287132736e-6	1.3330452541461105e-6	-2.457008385535987e-6
317	-2.1048516772246957e-6	-6.863464668658475e-6	-3.525484856214034e-6	-5.359625417254346e-6
318	-1.9595062002580686e-6	4.43064138349111e-7	1.6436454238474579e-6	7.098923337074556e-6
319	3.633061596840909e-6	6.4593721018992956e-6	2.263993132905224e-6	-8.680371878398225e-7
320	-6.465589639022746e-7	-5.3216079849121445e-6	-3.676547179670606e-6	-6.261940767176296e-6
321	-3.3085815193143174e-6	-2.354623124247878e-6	8.173257857538785e-7	6.305241848638412e-6
322	3.1257471311370867e-6	7.044396490420244e-6	3.1260121204142285e-6	7.084667844033181e-7
323	1.1164969694760433e-6	-2.9937865591408058e-6	-3.5690212431138867e-6	-6.842278666385859e-6
324	-4.088308954780573e-6	-4.6847455377117505e-6	-1.6071164554289182e-7	5.244406133297183e-6
325	1.892803298574121e-6	6.491575394056752e-6	3.854559028022174e-6	2.196603983707466e-6
326	2.835069840084105e-6	-2.794931470915563e-7	-3.193807176823267e-6	-7.083870109577753e-6
327	-4.093853695289209e-6	-6.1824184348722974e-6	-1.230423920665777e-6	3.981368602530879e-6
328	1.321694594564528e-7	4.930690526609562e-6	4.39199897842947e-6	3.521340434645284e-6
329	4.149541447031403e-6	2.3667680372973377e-6	-2.561034249359759e-6	-6.978806392467665e-6
330	-3.26487023516835e-6	-6.632991293804776e-6	-2.324740170994175e-6	2.5806789965396826e-6
331	-1.8392135555911308e-6	2.658135168847779e-6	4.689249031542454e-6	4.629303292297159e-6
332	4.771185779132869e-6	4.514159698840574e-6	-1.6962080901557425e-6	-6.549211282314196e-6
333	-1.7058152715599685e-6	-6.00217312878393e-6	-3.3742432470907122e-6	1.1160340787721994e-6
334	-3.6492421602049152e-6	7.538146671644433e-8	4.711968767217007e-6	5.470960115820423e-6
335	4.526735363338067e-6	5.827828061897252e-6	-6.378658985975641e-7	-5.827632797744415e-6
336	3.353958973464033e-7	-4.439219078522915e-6	-4.309001198831906e-6	-3.3362054347796264e-7
337	-4.928802451994734e-6	-2.382026811611403e-6	4.442295053351648e-6	6.008563352880879e-6
338	3.3987554424223238e-6	6.126350079216092e-6	5.546288402121359e-7	-4.86015282952898e-6
339	2.4988201479152352e-6	-2.2496751103540085e-6	-5.0652756648062765e-6	-1.694073121510305e-6
340	-5.398415536237402e-6	-4.308354075252974e-6	3.883137647855232e-6	6.222383690763007e-6
341	1.5423836168907745e-6	5.411037964709798e-6	1.8123368380657257e-6	-3.7047653531371364e-6
342	4.382905470916794e-6	1.7138094320706842e-7	-5.585862107815161e-6	-2.898275933781776e-6
343	-4.92100690323426e-6	-5.40707631781897e-6	3.056469534517694e-6	6.116515548717972e-6
344	-7.431113285553164e-7	3.8526894012281e-6	3.0567731990728546e-6	-2.423789684162088e-6
345	5.621532291214728e-6	2.403514315273867e-6	-5.827658037772319e-6	-3.890371653465193e-6
346	-3.52661347116853e-6	-5.5355458159919845e-6	1.9973670832934455e-6	5.703022023895532e-6
347	-3.0720322518506004e-6	1.7664298811975404e-6	4.218818635183821e-6	-1.0913235833678968e-6
348	5.957099044435925e-6	4.072936296569594e-6	-5.761798432855369e-6	-4.619935724667415e-6
349	-1.4109782751514982e-6	-4.726695744324491e-6	7.537333981067835e-7	5.016606137871944e-6
350	-5.023327503836949e-6	-4.6058508669530503e-7	5.233066101264867e-6	2.113975769228714e-7
351	5.2782003973933055e-6	4.923731031010851e-6	-5.383903686346348e-6	-5.053803888192129e-6
352	1.0908014123646437e-6	-3.1783676141798094e-6	-6.089446657981723e-7	4.103801919661085e-6
353	-6.23163274429545e-6	-2.4281698688840105e-6	6.036785006778964e-6	1.4119191504039725e-6
354	3.6501945073175966e-6	4.86037523927842e-6	-4.703978745447951e-6	-5.176899316718018e-6
355	3.5637772392898947e-6	-1.2169461724740913e-6	-2.019347137159182e-6	3.025466468679122e-6
356	-6.450204162943371e-6	-3.8012950716408206e-6	6.57596201809686e-6	2.4466051712570777e-6
357	1.3076720958877035e-6	3.9547513900411115e-6	-3.743326212115787e-6	-4.995969926282816e-6
358	5.5728618103785795e-6	7.762645919164672e-7	-3.4020466148236316e-6	1.8531446762618985e-6
359	-5.5956705924267484e-6	-4.374680578048746e-6	6.808474140662177e-6	3.2562129979322143e-6
360	-1.380778930159519e-6	2.433775103562972e-6	-2.5450091306759794e-6	-4.533074649691272e-6
361	6.75188174318396e-6	2.4396840201514518e-6	-4.680629078051328e-6	6.67521389939175e-7
362	-3.764579882395401e-6	-4.1049935167180615e-6	6.7119493051576215e-6	3.8010042221277524e-6
363	-3.974498135324323e-6	6.228959277066172e-7	-1.1647363988244864e-6	-3.832841622841794e-6
364	6.867451075501309e-6	3.4863757538961505e-6	-5.787900417031585e-6	-4.5316651759815666e-7
365	-1.2280745344978043e-6	-3.1026614313463885e-6	6.283983801050945e-6	4.058751020434216e-6
366	-6.025646795796541e-6	-1.1139188034122206e-6	3.2876955734360223e-7	-2.9485620286932235e-6
367	5.860606136575296e-6	3.7631585347989295e-6	-6.658132522831089e-6	-1.4438180270204513e-6
368	1.6136404259056295e-6	-1.6133125458956744e-6	5.538005544225526e-6	4.027184534666312e-6
369	-7.16895478963951e-6	-2.4481368794505893e-6	1.8612833033052482e-6	-1.9473679957173563e-6
370	3.860979882999825e-6	3.2720671763000164e-6	-7.244706602523381e-6	-2.2475951251015667e-6
371	4.292668840910871e-6	3.4387773368742096e-8	4.5048486066466774e-6	3.7217979343060114e-6
372	-7.190424488320409e-6	-3.1421430890810885e-6	3.3557802600469643e-6	-9.015719231889179e-7
373	1.1678059456335173e-6	2.16803587404662e-6	-7.505341206588726e-6	-2.8240950508282502e-6
374	6.364130217713497e-6	1.4907969412027166e-6	3.2258987851226182e-6	3.1774817030629954e-6
375	-6.055806130229701e-6	-3.1005214918705516e-6	4.736603305628816e-6	1.1670868614197835e-7
376	-1.7855551750589783e-6	7.201751967882359e-7	-7.42026204898125e-6	-3.1440441042879554e-6
377	7.470847963208323e-6	2.468532701615083e-6	1.7604375955651419e-6	2.442976187102834e-6
378	-3.92471005702544e-6	-2.3823687456436128e-6	5.929728367609513e-6	1.0399200166488526e-6
379	-4.522658521451974e-6	-7.437403957683986e-7	-6.987513009512255e-6	-3.1941829262244412e-6
380	7.412492946734352e-6	2.7903046304987223e-6	1.7962743196434029e-7	1.575359316552451e-6
381	-1.1200006114408447e-6	-1.1801302871833003e-6	6.871453565895349e-6	1.810589879686952e-6
382	-6.598274630994356e-6	-1.9001621408848033e-6	-6.220522222922031e-6	-2.98085670516688e-6
383	6.178916714227935e-6	2.418074164252246e-6	-1.4377441392424434e-6	6.36147773050092e-7
384	1.9089696671869372e-6	2.1780175414864294e-7	7.507619796973821e-6	2.3838405873219842e-6
385	-7.664298192471647e-6	-2.5037870980355335e-6	-5.153640442787661e-6	-2.5274615490847686e-6
386	3.949709278370739e-6	1.4626224664486367e-6	-3.0073500297502286e-6	-3.082839081097132e-7
387	4.6768129333596104e-6	1.4836338622305339e-6	7.800890991362914e-6	2.719886733325052e-6
388	-7.53485864372865e-6	-2.4364212393642993e-6	-3.834993909853152e-6	-1.8727934867101492e-6
389	1.0735076951280024e-6	1.604644192864363e-7	-4.448183398097792e-6	-1.1864580010313358e-6
390	6.733122153005547e-6	2.3251149168244306e-6	7.733329581658742e-6	2.7995293272024013e-6
391	-6.222427848239559e-6	-1.7221265472413447e-6	-2.331709514840557e-6	-1.0659024002892199e-6
392	-1.987882316412453e-6	-1.180078452672316e-6	-5.686710682259259e-6	-1.938177833340917e-6
393	7.743237498080608e-6	2.5454072119007897e-6	7.306633035348391e-6	2.6185468125467902e-6
394	-3.930404671748356e-6	-5.274064183144039e-7	-7.207394986131685e-7	-1.6337700965240518e-7
395	-4.744334081540164e-6	-2.243453651873705e-6	-6.657787007468505e-6	-2.509149939533103e-6
396	7.543265541090015e-6	2.0844571068587154e-6	6.542703947751096e-6	2.1932385388223778e-6
397	-1.0242783830308167e-6	8.727644972505642e-7	9.116598696481026e-7	7.661911324789898e-7
398	-6.752508486179802e-6	-2.765074171794916e-6	-7.313419238747698e-6	-2.8561015525222748e-6
399	6.171861771304134e-6	1.0297258742436343e-6	5.485563037000131e-6	1.5524615855625284e-6
400	2.023022736787372e-6	2.1550905681554365e-6	2.4832118608901444e-6	1.6538706102413454e-6
401	-7.69457157722957e-6	-2.602069710177424e-6	-7.624372656138767e-6	-2.9509639752343563e-6
402	3.85315138180103e-6	-3.9822560512330934e-7	4.189403964898505e-6	7.388910338602454e-7
403	4.727035053246736e-6	3.0112747185481377e-6	3.916187158041835e-6	2.4338926997851678e-6
404	-7.432536135682899e-6	-1.7536006782552324e-6	-7.576255985720704e-6	-2.7829313351153946e-6
405	9.634916020894545e-7	-1.8900551136554545e-6	2.723476821039703e-6	-1.9156180320878246e-7
406	6.660287950447742e-6	3.2167139206947493e-6	5.142811721018636e-6	3.047321405543806e-6
407	-6.024347264521018e-6	-3.680638116242803e-7	-7.184183639969758e-6	-2.3562693863260496e-6
408	-2.0263439494984226e-6	-3.1122430976585363e-6	1.1669881494843395e-6	-1.1730996488721784e-6
409	7.524172944853519e-6	2.6770596497394892e-6	6.106485219355428e-6	3.4388647527282423e-6
410	-3.7108001824127457e-6	1.2862082614056742e-6	-6.474304394259096e-6	-1.6949927971325656e-6
411	-4.636368650663627e-6	-3.7672970547717275e-6	-4.050834180935748e-7	-2.133291089418541e-6
412	7.202353723344021e-6	1.4499456501742674e-6	6.763801302815535e-6	3.57583359522323e-6
413	-8.772941585128199e-7	2.8642944601961106e-6	-5.484558756852658e-6	-8.403768106218579e-7
414	-6.463307914348986e-6	-3.6634032642844094e-6	-1.9149804569948564e-6	-3.0015729535640378e-6
415	5.7759946069569376e-6	-2.563735573849258e-7	7.089550720059466e-6	3.441204858030049e-6
416	2.0088339268398033e-6	4.026405501711411e-6	-4.271495279664931e-6	1.562021489366607e-7
417	-7.235536962676387e-6	-2.7587440815725228e-6	-3.2970879411966136e-6	-3.712023171906067e-6
418	3.500443180605224e-6	-2.12294433126224e-6	7.082147212056467e-6	3.030171749384574e-6
419	4.487770764104132e-6	4.487274112613386e-6	-2.8982699188032377e-6	1.2311717598798077e-6
420	-6.8595447637531495e-6	-1.1719107137445157e-6	-4.478881470764929e-6	-4.2076721946339e-6
421	7.603277297333115e-7	-3.7806469867833943e-6	6.743058808326392e-6	2.362799453785771e-6
422	6.179658095168612e-6	4.089670668268874e-6	-1.4347196139117476e-6	2.311400290068639e-6
423	-5.432275763284059e-6	8.355914952008865e-7	-5.408568766141899e-6	-4.450060137769237e-6
424	-1.9834713697691186e-6	-4.883419965345448e-6	6.097451367024929e-6	1.474720205212267e-6
425	6.840748392694581e-6	2.8436743571098183e-6	4.4481002219263624e-8	3.3205899786772086e-6
426	-3.2206868097218155e-6	2.9043233874563213e-6	-6.044312475529923e-6	-4.408519180694328e-6
427	-4.290809572900273e-6	-5.163660213945754e-6	5.184719688843744e-6	4.1087395510000137e-7
428	6.4051488738333665e-6	9.186097116595021e-7	1.4620502528597373e-6	4.195576430435576e-6
429	-6.156174711972924e-7	4.641623884389933e-6	-6.361945868880052e-6	-4.077351452340211e-6
430	-5.8120771278996646e-6	-4.496283159001149e-6	4.0581440793496184e-6	-7.651255230706774e-7
431	4.992041007241646e-6	-1.3699182563670473e-6	2.745998718778454e-6	4.872109064384417e-6
432	1.942228152285573e-6	5.688384915303374e-6	-6.3514928038822106e-6	-3.4670850097374882e-6
433	-6.3418317234189645e-6	-2.93359827305955e-6	2.7823535897452055e-6	-1.982553915217366e-6
434	2.87646719377751e-6	-3.622492173894962e-6	3.832941935002916e-6	5.303218224344068e-6
435	4.043267458874739e-6	5.793846326446681e-6	-6.02371875104655e-6	-2.6009973730226953e-6
436	-5.848136569679194e-6	-6.986102360733265e-7	1.4271655263551412e-6	-3.171531646274193e-6
437	4.457992862036585e-7	-5.424201364854353e-6	4.669512354403693e-6	5.451962160486485e-6
438	5.3685807470382786e-6	4.87320236455896e-6	-5.406094272371338e-6	-1.522341074148299e-6
439	-4.466113121349895e-6	1.8467377117113037e-6	7.346845101041721e-8	-4.258813120763423e-6
440	-1.8864349124038904e-6	-6.417219556134773e-6	5.218544402298776e-6	5.297065493135131e-6
441	5.7525495426578675e-6	3.02306972639668e-6	-4.542444636187388e-6	-2.8140640354656093e-7
442	-2.477345946449911e-6	4.265592839923789e-6	-1.2038184010697402e-6	-5.1764079128967114e-6
443	-3.7413745141184524e-6	-6.36956170383767e-6	5.459738749808631e-6	4.833146481071788e-6
444	5.196904585167973e-6	5.119225294398986e-7	-3.494726607408126e-6	1.052406243410341e-6
445	-2.56354060812764e-7	6.126771224882594e-6	-2.3321284732178572e-6	-5.867817939283781e-6
446	-4.844355484264016e-6	-5.225953442603276e-6	5.390986011982893e-6	4.0781503795949965e-6
447	3.860596310860446e-6	-2.2612508023877313e-6	-2.327729776736591e-6	2.4113206669377314e-6
448	1.813060291865193e-6	7.07307011693256e-6	-3.2572446963444564e-6	-6.285661889248646e-6
449	-5.0744193595096585e-6	-3.118315230234273e-6	5.03143515342863e-6	3.060329850597886e-6
450	2.025902253683306e-6	-4.832529816510372e-6	-1.1155830317090832e-6	3.7225657112145322e-6
451	3.391793617727433e-6	6.8889676283894195e-6	-3.934548327677728e-6	-6.396808129834263e-6
452	-4.465355958011869e-6	-3.542110583439101e-7	4.416147105800689e-6	1.827076079024546e-6
453	4.610836051925474e-8	-6.74853866939467e-6	6.835990267709015e-8	4.911320327799928e-6
454	4.254849668370152e-6	5.540579981195923e-6	-4.336835688168389e-6	-6.181670503023809e-6
455	-3.1890527695972948e-6	2.625892434368231e-6	3.594901163815336e-6	4.3730595502508073e-7
456	-1.7282696206622302e-6	-7.650890959332946e-6	1.1575841357050523e-6	5.906222898177493e-6
457	4.3224373716511986e-6	3.1976008132329938e-6	-4.45286880184398e-6	-5.638664890453902e-6
458	-1.5282360223423009e-6	5.329205641488008e-6	2.6247087540888997e-6	-1.041300741579796e-6
459	-3.00466430531344e-6	-7.3345868290698315e-6	2.0924564090369794e-6	6.648879149102036e-6
460	3.6595637296912044e-6	2.1003354321138938e-7	-4.287864794213382e-6	-4.784810622815944e-6
461	1.855675369087616e-7	7.283807458798064e-6	1.5723023475211653e-6	-2.5351417547451554e-6
462	-3.6085179073123037e-6	-5.799832633976272e-6	2.8165503302274477e-6	7.09024285304198e-6
463	2.4545886733564536e-6	-2.946819489536484e-6	-3.86244092163645e-6	-3.657593802719895e-6
464	1.6382171389550385e-6	8.137212034853654e-6	5.061892275153146e-7	-3.962244027777111e-6
465	-3.5021710321874764e-6	-3.2538923791924966e-6	3.297829458670567e-6	7.193725067458025e-6
466	9.855592311685299e-7	-5.753580149584477e-6	-3.216098674517063e-6	-2.3111752773141154e-6
467	2.5852795867245337e-6	7.702699786884164e-6	-5.058711754762338e-7	-5.243548851343092e-6
468	-2.780888614703033e-6	-8.031143422888593e-8	3.513561340578337e-6	6.944783326073683e-6
469	-4.379484626906051e-7	-7.734315230061425e-6	-2.403996423686245e-6	-8.082816414686999e-7
470	2.903558841140548e-6	6.012265179654854e-6	-1.3967786476117666e-6	-6.310563170425161e-6
471	-1.6537871665212179e-6	3.2138967315308037e-6	3.4614365269247217e-6	6.354024013064223e-6
472	-1.5413066024051574e-6	-8.537097641815575e-6	-1.4866395811302635e-6	7.753618762182962e-7
473	2.6084350921105854e-6	3.298566454400388e-6	-2.1119009041850334e-6	-7.10099274984086e-6
474	-3.921603824974485e-7	6.094139889000369e-6	3.151437303317317e-6	5.448451187867473e-6
475	-2.137374110132345e-6	-7.995433529606668e-6	-5.244597242527404e-7	2.357831436780649e-6
476	1.830899767460728e-6	-1.971432146927212e-8	-2.613143496440229e-6	-7.566847752298272e-6
477	7.191553986403972e-7	8.077773467163426e-6	2.6180665777077762e-6	4.268649029490082e-6
478	-2.158037223753183e-6	-6.168663139352192e-6	4.135943832451982e-7	3.855864515884576e-6
479	7.901795356713909e-7	-3.4106679088447716e-6	-2.8695330673849727e-6	-7.679809476771798e-6
480	1.4572841054432096e-6	8.822124543042682e-6	1.9019834750234027e-6	2.8668434025983453e-6
481	-1.669834822643087e-6	-3.323795824712416e-6	1.2650250595015196e-6	5.193724436023039e-6
482	-2.4932505665050323e-7	-6.327891902888319e-6	-2.8684681148775336e-6	-7.435264128805158e-6
483	1.6910151377149163e-6	8.181958839089947e-6	1.0567487344841875e-6	1.3170296214540673e-6
484	-8.355086383844507e-7	9.643472136155941e-8	1.9662001390795013e-6	6.301477577494359e-6
485	-1.0394736929838006e-6	-8.293280988016024e-6	-2.6103041795226424e-6	-6.847300087708595e-6
486	1.409161561024172e-6	6.244221405330328e-6	1.4533509791138252e-7	-3.035241943070797e-7
487	1.1501185790403126e-7	3.544893561642538e-6	2.466926722814236e-6	7.1228471029076566e-6
488	-1.4030210590759268e-6	-8.973886115597333e-6	-2.113280197364157e-6	-5.93964146653077e-6
489	7.184450942003675e-7	3.3051143185793197e-6	-7.703933783762196e-7	-1.9130190627591372e-6
490	9.28414463461305e-7	6.4670053931382075e-6	2.7338653106384565e-6	7.615892782473602e-6
491	-1.2600046431803354e-6	-8.249801523788084e-6	-1.4184614978127868e-6	-4.7619345513125735e-6
492	-1.800395556714557e-7	-1.734081230882615e-7	-1.6212674410443775e-6	-3.4297072595750013e-6
493	1.386224933950297e-6	8.391416516502374e-6	2.7449982600624103e-6	7.758621291135727e-6
494	-6.583195850098504e-7	-6.23113081079774e-6	-5.751986544437616e-7	-3.3701885553212707e-6
495	-1.0419874802039361e-6	-3.633731103131096e-6	-2.3385000283773953e-6	-4.781210897361673e-6
496	1.3595505885560068e-6	9.002549129523299e-6	2.49325330206742e-6	7.545404652468693e-6
497	2.4227170759104377e-7	-3.2366452342510966e-6	3.558806437838419e-7	-1.8363274270371513e-6
498	-1.6234262224570897e-6	-6.521047852195875e-6	-2.8626416809480305e-6	-5.9027850500182335e-6
499	8.290977056006432e-7	8.206087212064521e-6	1.9911860238519655e-6	6.992586570760313e-6
500	1.2050044396224924e-6	2.501070383327848e-7	1.3077879580993213e-6	-2.388604871063484e-7
501	-1.7400107926559189e-6	-8.37633460253072e-6	-3.1523526502475463e-6	-6.739571677732143e-6
502	-9.534350254935847e-8	6.136468322664391e-6	1.2739858308310525e-6	6.127096791426891e-6
503	1.9720636770608568e-6	3.6707821879692403e-6	2.2091233364279097e-6	1.3422395404617671e-6
504	-1.318415797329947e-6	-8.908877952774867e-6	-3.181394155757985e-6	-7.253403413576919e-6
505	-1.1982269967451354e-6	3.131839315773538e-6	3.8656821795864853e-7	4.998859946648737e-6
506	2.31865710658862e-6	6.4785114003396345e-6	2.989817234721791e-6	2.829548991006261e-6
507	-4.0646224787757865e-7	-8.048079598529155e-6	-2.939935253852619e-6	-7.424839079077157e-6
508	-2.218119801044375e-6	-3.1409958413471356e-7	-6.091872201237761e-7	3.6644806031446074e-6
509	2.0990453141279714e-6	8.234918743521071e-6	3.5869623830264547e-6	4.151752086021624e-6
510	8.293995825130525e-7	-5.9535544686331246e-6	-2.4391616573090116e-6	-7.246370007029284e-6
511	-2.890880065568473e-6	-3.645746812292085e-6	-1.6420283533663608e-6	2.1956661206081213e-6
512	1.2922073117905016e-6	8.676118027584283e-6	3.955095334980534e-6	5.24377430160482e-6
513	2.1267148195982814e-6	-2.9793796988676972e-6	-1.7025172334313083e-6	-6.733936957333126e-6
514	-3.008384006873693e-6	-6.33057324081829e-6	-2.6456075458734463e-6	6.737063498420606e-7
515	1.1421933302170618e-8	7.760599899631007e-6	4.060015039406836e-6	6.053614247864853e-6
516	3.1981691016800207e-6	3.7568128826676e-7	-7.72548589361406e-7	-5.922027836951195e-6
517	-2.465938095271503e-6	-7.95888683828152e-6	-3.5475849119485186e-6	-8.239543784168947e-7
518	-1.5171513423350002e-6	5.668124744814276e-6	3.888003069893166e-6	6.54686718021264e-6
519	3.778055705041847e-6	3.5654000845121857e-6	2.95751201836376e-7	-4.860429206467655e-6
520	-1.2980133312626847e-6	-8.297166433475958e-6	-4.288540652399049e-6	-2.221470626934829e-6
521	-2.9964813063988765e-6	2.766638810533773e-6	3.437436481295049e-6	6.702919517816674e-6
522	3.6821557333822223e-6	6.0875085711614195e-6	1.4395107703466974e-6	-3.6138733277230944e-6
523	3.2894726055415935e-7	-7.336448950889625e-6	-4.813699077129196e-6	-3.446347644752391e-6
524	-4.120690983391194e-6	-4.4778374700867837e-7	2.725569942644183e-6	6.527003243223949e-6
525	2.8404491217507437e-6	7.562008453175604e-6	2.589332670871043e-6	-2.2560682781724523e-6
526	2.138388471274206e-6	-5.27859827603949e-6	-5.081634357531428e-6	-4.440746195903673e-6
527	-4.619883098120084e-6	-3.448991411995547e-6	1.7815964223183348e-6	6.042188002089584e-6
528	1.3335876305393434e-6	7.792981577956334e-6	3.6780710204804556e-6	-8.641194800399905e-7
529	3.7953395423424063e-6	-2.494431198212242e-6	-5.065920483727649e-6	-5.160489028474931e-6
530	-4.320764020908565e-6	-5.769473593444185e-6	6.554948719513128e-7	5.290438198787899e-6
531	-6.190696091483428e-7	6.7976400784559306e-6	4.636892145378749e-6	4.856916633322291e-7
532	4.969714345144328e-6	5.334933448135518e-7	-4.750759484430819e-6	-5.579649813619407e-6
533	-3.197031791809161e-6	-7.064426115859156e-6	-5.95728941316739e-7	4.324259562067226e-6
534	-2.68984505117485e-6	4.794064655121195e-6	5.402231226850628e-6	1.7257296534523352e-6
535	5.389713539966461e-6	3.303212747704838e-6	-4.139033502238027e-6	-5.6926263825092164e-6
536	-1.3777911001226418e-6	-7.173415538411061e-6	-1.9067046789775124e-6	3.203293657660534e-6
537	-4.507118756210436e-6	2.1601914471700064e-6	5.9228864204661315e-6	2.792752095851728e-6
538	4.901923835266965e-6	5.381649237008389e-6	-3.254723114327771e-6	-5.504665995703821e-6
539	8.670661855968689e-7	-6.1478891501358114e-6	-3.2021597772313706e-6	1.995165812753673e-6
540	-5.722640774406049e-6	-6.378031186791055e-7	6.152725794336263e-6	3.6382243736847054e-6
541	3.5220899257391636e-6	6.470700102422131e-6	-2.135275840001488e-6	-5.0420318804350605e-6
542	3.1699015790415608e-6	-4.2240824516843026e-6	-4.407554255720241e-6	7.688421843684301e-7
543	-6.0692854829552636e-6	-3.1319890918684703e-6	6.063272181939891e-6	4.225352498742291e-6
544	1.4246488391505888e-6	6.456043948024696e-6	-8.317844926415562e-7	-4.3434213703869255e-6
545	5.12653504539175e-6	-1.777892361573161e-6	-5.452726680728326e-6	-3.991346334672853e-7
546	-5.417500343587911e-6	-4.937754732086702e-6	5.650967530683052e-6	4.5305106486687805e-6
547	-1.0774760207227447e-6	5.414724636154731e-6	5.867740344316067e-7	-3.4582910818027913e-6
548	6.377556438151766e-6	7.531837901549889e-7	-6.2729322894017615e-6	-1.4483587280521704e-6
549	-3.81735272833291e-6	-5.805560958040976e-6	4.927269655453983e-6	4.55327646701087e-6
550	-3.575051361701508e-6	3.590429505774855e-6	2.0450378646950926e-6	-2.4488075840216694e-6
551	6.66029928656114e-6	2.947404218459397e-6	-6.8111609184866094e-6	-2.321939156060214e-6
552	-1.4827690714012911e-6	-5.66082051536356e-6	3.91649213136157e-6	4.309351634479916e-6
553	-5.646583434056605e-6	1.3476740112702648e-6	3.4678474692918547e-6	-1.384553619509728e-6
554	5.8684434953198095e-6	4.462421122215766e-6	-7.031995240550772e-6	-2.9756674174363677e-6
555	1.2338247089419798e-6	-4.604790840690136e-6	2.669171407075602e-6	3.822227436682745e-6
556	-6.9229595910293566e-6	-9.014912697327441e-7	4.7786226857000375e-6	-3.3384613812637034e-7
557	4.0815456551395105e-6	5.096781346191566e-6	-6.917684769510491e-6	-3.3781321321559976e-6
558	3.894463072324488e-6	-2.8870055374074704e-6	1.2490412817089782e-6	3.1332290951095075e-6
559	-7.150131949418805e-6	-2.776108768225569e-6	5.9043246620588555e-6	6.395510788813951e-7
560	1.5494555978532132e-6	4.8107435667046825e-6	-6.465332732872622e-6	-3.5205400044864305e-6
561	6.060324126242045e-6	-8.619996009053725e-7	-2.79305010942038e-7	2.297078847881864e-6
562	-6.242487331428639e-6	-3.979800045032548e-6	6.784280505431789e-6	1.4761038371111144e-6
563	-1.3446551688687992e-6	3.734059357800989e-6	-5.6906564746701994e-6	-3.4060093882356245e-6
564	7.358742591294674e-6	1.0873602924084718e-6	-1.84043768038286e-6	1.3763242814785524e-6
565	-4.3023109645616335e-6	-4.360632567946175e-6	7.369387502096543e-6	2.124473563931107e-6
566	-4.141708483278982e-6	2.127700422504719e-6	-4.6273848740462445e-6	-3.0486856361602516e-6
567	7.5429379262836704e-6	2.6202965940891916e-6	-3.360553669179879e-6	4.386041508922265e-7
568	-1.6068135302403788e-6	-3.922909768102482e-6	7.626407685687684e-6	2.5490468906046398e-6
569	-6.389650226008463e-6	3.360985314813009e-7	-3.322935774289695e-6	-2.4836820817961218e-6
570	6.538393695988988e-6	3.49108256303445e-6	-4.758617050944036e-6	-4.463256523428247e-7
571	1.4360732543291287e-6	-2.824851424293305e-6	7.535679873696112e-6	2.729020498928939e-6
572	-7.706061163313731e-6	-1.2896482767847393e-6	-1.8387152461726477e-6	-1.7580581514655158e-6
573	4.472143616605537e-6	3.599913170200884e-6	-5.966664452678236e-6	-1.2209794499968196e-6
574	4.342934126348863e-6	-1.3358666356058676e-6	7.0993252927165185e-6	2.6594182132328835e-6
575	-7.84988845416239e-6	-2.45742983752454e-6	-2.4610485418487806e-7	-9.321969234947121e-7
576	1.6457140392013725e-6	2.9963699276079038e-6	-6.9180181754109025e-6	-1.8295562594746193e-6
577	6.648055731886816e-6	2.1387218976313878e-7	6.33201283248695e-6	2.3477646972153225e-6
578	-6.7633925456965074e-6	-2.977277991891274e-6	1.3784447250289655e-6	-6.710705067850956e-8
579	-1.5058130385289718e-6	1.8691766326825664e-6	-7.568846623913173e-6	-2.2335214949204217e-6
580	7.967183309273112e-6	1.5034798593993993e-6	5.2703586068248224e-6	1.8262710238075627e-6
581	-4.59822639277834e-6	-2.8003673214266423e-6	2.958076479596342e-6	7.663534995023944e-7
582	-4.4854696704086874e-6	5.009127955457723e-7	-7.886127242197128e-6	-2.4021318453301464e-6
583	8.069298591151728e-6	2.2907867496058097e-6	3.963196790483582e-6	1.132853893547538e-6
584	-1.6795314170490647e-6	-2.0239397857757174e-6	4.417050107989992e-6	1.504555241042293e-6
585	-6.818834446084041e-6	-7.98271111218967e-7	-7.848808119827873e-6	-2.3220688705778435e-6
586	6.917132663556694e-6	2.4456106332005586e-6	2.4698025300106105e-6	3.225035801646063e-7
587	1.5400441564318807e-6	-8.682901966201167e-7	5.684035745886733e-6	2.0938072947548747e-6
588	-8.127412126283031e-6	-1.7430735317481244e-6	-7.4597117807173385e-6	-2.0007100343728062e-6
589	4.679570380537408e-6	1.97594293820586e-6	8.642140806688615e-7	-5.414583332630324e-7
590	4.56028066030621e-6	3.7750524537163926e-7	6.696810149014791e-6	2.4874123162078004e-6
591	-8.188193255264774e-6	-2.140921938528578e-6	-6.737590435942691e-6	-1.4567908549822717e-6
592	1.6993465507103983e-6	1.0235645501982523e-6	-7.765819361854487e-7	-1.3909059184552363e-6
593	6.898564387544727e-6	1.4210971492033594e-6	7.4054616120144035e-6	2.6495176633302404e-6
594	-6.980768847452017e-6	-1.923282412599509e-6	-5.715871056131563e-6	-7.300535262150699e-7
595	-1.5595984421990709e-6	-1.6110374912404551e-7	-2.373588843083593e-6	-2.159542911968952e-6
596	8.178938273898547e-6	2.0179253477694447e-6	7.77303767701917e-6	2.5606741449325194e-6
597	-4.691101695325929e-6	-1.1543080137523608e-6	-4.4449571800195985e-6	1.2926308388255745e-7
598	-4.583639380444793e-6	-1.2838867874999766e-6	-3.847150239200634e-6	-2.789675438311739e-6
599	8.188854716754668e-6	2.0197334967104585e-6	7.786348164761273e-6	2.2183373411296543e-6
600	-1.6757964457766778e-6	-2.4000088371342045e-8	-2.988961758047388e-6	1.0594340076705094e-6
601	-6.889993896066919e-6	-2.0677398545789293e-6	-5.125284625778542e-6	-3.23027138597327e-6
602	6.927784344308635e-6	1.422121362127291e-6	7.4479223919116835e-6	1.6385710709184253e-6
603	1.581066601679746e-6	1.1917540870515606e-6	-1.423332381839067e-6	1.9954740759018414e-6
604	-8.107929065028317e-6	-2.3112153002816884e-6	-6.1452623520265935e-6	-3.437115720106636e-6
605	4.603032886875246e-6	3.5061412191764676e-7	6.780028013704988e-6	8.51653306768654e-7
606	4.560866166584358e-6	2.19313164312811e-6	1.6912256366045684e-7	2.8720889322444025e-6
607	-8.054739156366542e-6	-1.9173459239434436e-6	-6.858745492017177e-6	-3.3842062968206387e-6
608	1.5956294905590109e-6	-9.6232423199189e-7	5.820884784728383e-6	-9.302415101109865e-8
609	6.788461559015173e-6	2.7219600634165903e-6	1.7089062871692926e-6	3.6267697525112607e-6
610	-6.748932709234938e-6	-9.403206629304353e-7	-7.23726334246062e-6	-3.0607330884862227e-6
611	-1.6063958478469142e-6	-2.214199913787435e-6	4.625683341098139e-6	-1.1402455086673608e-6
612	7.914190422032035e-6	2.6157773308080865e-6	3.1160597307445893e-6	4.198047368787499e-6
613	-4.41899805632375e-6	4.3522879270397096e-7	-7.272496514500059e-6	-2.4708131103516115e-6
614	-4.484848676132387e-6	-3.0975545835583513e-6	3.261058157309265e-6	-2.2278786155461867e-6
615	7.782853722499544e-6	1.8301719576685427e-6	4.326043660534612e-6	4.5341162514758175e-6
616	-1.4658738246757524e-6	1.92948637751758e-6	-6.971630978398575e-6	-1.6386263209672465e-6
617	-6.585512281223212e-6	-3.3763628682774393e-6	1.8046402213079104e-6	-3.2862227073812333e-6
618	6.4449650811341285e-6	4.803207350665651e-7	5.2798321038472506e-6	4.597433799399231e-6
619	1.6206203717141043e-6	3.2161990990756075e-6	-6.362691816162478e-6	-6.064011625646281e-7
620	-7.590718644444263e-6	-2.926999294303827e-6	3.3337375605086384e-7	-4.244563788112887e-6
621	4.150729187896338e-6	-1.1901222853556745e-6	5.944047053480077e-6	4.366639311930229e-6
622	4.34277457321531e-6	3.985124486534598e-6	-5.48665596776106e-6	5.724038505220939e-7
623	-7.378235281852244e-6	-1.7648649563053026e-6	-1.0756744018982305e-6	-5.030665367911747e-6
624	1.3014603439387524e-6	-2.8568183201453397e-6	6.293682653234229e-6	3.83615627641127e-6
625	6.27821418381273e-6	4.020903689414634e-6	-4.39825798829447e-6	1.8335719798404407e-6
626	-6.02185393989092e-6	-6.23227090384279e-8	-2.3545408924039794e-6	-5.582404459436709e-6
627	-1.6247526382533605e-6	-4.169129668775394e-6	6.328943180895961e-6	3.021568360214227e-6
628	7.1421806043478455e-6	3.2415975278968233e-6	-3.165231549114874e-6	3.100398442144415e-6
629	-3.787723871320919e-6	1.8844601760879543e-6	-3.4408208030084165e-6	-5.852510588701256e-6
630	-4.149248969713296e-6	-4.82446780502529e-6	6.05589064293225e-6	1.9600036680897788e-6
631	6.838118876634717e-6	1.7224815860019022e-6	-1.8581045386343142e-6	4.294697460372555e-6
632	-1.0798260038198265e-6	3.7126770326555736e-6	-4.287720164645077e-6	-5.808207572174069e-6
633	-5.878956801984556e-6	-4.632795256535524e-6	5.499916794484071e-6	7.04267525839221e-7
634	5.467079739413938e-6	-3.095208657644432e-7	-5.507976422115469e-7	5.341920541235383e-6
635	1.6396039539834226e-6	5.051091371677572e-6	-4.8625017130894155e-6	-5.440180493827323e-6
636	-6.569072668409805e-6	-3.549210458171567e-6	4.7077147619044935e-6	-6.807026034785944e-7
637	3.3150028956820572e-6	-2.5113552542899405e-6	6.845363475126334e-7	6.174851699760085e-6
638	3.915147844191947e-6	5.600732775352558e-6	-5.14400214769407e-6	-4.755062795715213e-6
639	-6.1567348847825955e-6	-1.700476662582057e-6	3.7342017778792517e-6	-2.1265281955858086e-6
640	7.86307954469754e-7	-4.483653610858757e-6	1.783648892426712e-6	6.739455966127463e-6
641	5.396747629382023e-6	5.195360150282294e-6	-5.130643078929709e-6	-3.7796267970435145e-6
642	-4.782657327084858e-6	6.321411631823759e-7	2.646585566844193e-6	-3.552503457964943e-6
643	-1.6729877821438002e-6	-5.839901839317603e-6	2.690588640468765e-6	6.993879622158537e-6
644	5.884251769057426e-6	3.831307246711165e-6	-4.836361167934098e-6	-2.549735062335736e-6
645	-2.746164255225715e-6	3.0594656589391912e-6	1.5137353967506818e-6	-4.8855081368644995e-6
646	-3.6515146018020983e-6	-6.285265292680361e-6	3.3630135679734137e-6	6.912366535701849e-6
647	5.364821531079121e-6	1.6853372824875284e-6	-4.298796149410716e-6	-1.1239559271191757e-6
648	-4.4371011536524245e-7	5.154017449139099e-6	4.0881374096657956e-7	-6.046411387592014e-6
649	-4.846085039103542e-6	-5.685975481820724e-6	3.7715363648847323e-6	6.485248282158517e-6
650	4.006725388510976e-6	-9.084872938069837e-7	-3.5665579468984428e-6	4.299478839633595e-7
651	1.7050467107179282e-6	6.521440452915286e-6	-6.024676934035888e-7	-6.9674799410574786e-6
652	-5.112453473547025e-6	-4.081728351261668e-6	3.910133554929356e-6	5.717000731281768e-6
653	2.1180848998133516e-6	-3.524220548891397e-6	-2.7006903582634884e-6	2.0345378242660113e-6
654	3.344800478460007e-6	6.8780276482133875e-6	-1.4603102306323424e-6	-7.594785863633601e-6
655	-4.485445206081049e-6	-1.687380260461802e-6	3.7846739430737893e-6	4.6402104873952235e-6
656	7.975484225098368e-8	-5.7139461973143215e-6	-1.7646090783532853e-6	3.6109825991811646e-6
657	4.226000322290545e-6	6.112836306711229e-6	-2.1171368686287123e-6	-7.889388036939927e-6
658	-3.1575483185129106e-6	1.1220390460051417e-6	3.4218750959552878e-6	3.301419990137642e-6
659	-1.7256224162173517e-6	-7.08515586761286e-6	-8.279037649822216e-7	5.074289960900971e-6
660	4.259950976238041e-6	4.306081505646422e-6	-2.543972603473076e-6	-7.8194390422035e-6
661	-1.4392253004571407e-6	3.88928195907959e-6	2.8657895515651963e-6	1.7613621300900384e-6
662	-3.0005997807781626e-6	-7.364096231084045e-6	4.6403604762881146e-8	6.346955685672744e-6
663	3.5283017811794454e-6	1.7091826822839146e-6	-2.7274385013379955e-6	-7.379711024467979e-6
664	3.120556685049975e-7	6.153849038603389e-6	2.1687855586059236e-6	9.427226836173728e-8
665	-3.559077611988406e-6	-6.462280310286258e-6	7.988852712590028e-7	7.362395279124425e-6
666	2.2461214453714957e-6	-1.273741589318903e-6	-2.6715605593945045e-6	-6.5852261194928305e-6
667	1.7592251135288287e-6	7.5204883182089186e-6	1.3937473969079688e-6	-1.6214752488228473e-6
668	-3.364202565603739e-6	-4.4886456886050655e-6	1.3839770700953001e-6	8.063619245863646e-6
669	7.135305756392236e-7	-4.1610471086128206e-6	-2.3968207622443976e-6	-5.467667076722189e-6
670	2.6614763308202897e-6	7.728932904374409e-6	5.986365365601507e-7	-3.2998484322932086e-6
671	-2.5321827219767734e-6	-1.727526644202882e-6	1.7661829634156506e-6	8.408336197673743e-6
672	-7.405397042338069e-7	-6.478449479650566e-6	-1.9361771090969303e-6	-4.0810272171641934e-6
673	2.8915466873557727e-6	6.712538408937679e-6	-1.5083567260057457e-7	-4.855936800745094e-6
674	-1.2946316985254703e-6	1.3867618138495928e-6	1.928535650497965e-6	8.375864223865262e-6
675	-1.825051229014188e-6	-7.8325830182959e-6	-1.3339101806067932e-6	-2.4904540172562076e-6
676	2.4629926457010293e-6	4.608091295180534e-6	-8.019280381979321e-7	-6.214231834836243e-6
677	5.285431883989514e-8	4.357209724493096e-6	1.867239719142469e-6	7.964583302881963e-6
678	-2.348339048616719e-6	-7.978676223342567e-6	-6.441668856918405e-7	-7.716057468458912e-7
679	1.5238117750541893e-6	1.7272778128273354e-6	-1.305166604020117e-6	-7.304675486909731e-6
680	1.2042579166941732e-6	6.703358372348881e-6	1.5996280128362105e-6	7.192350216119898e-6
681	-2.2397505905505547e-6	-6.870976894634268e-6	7.435421224569373e-8	9.918481098446944e-7
682	3.291864933156661e-7	-1.4760174844828982e-6	-1.6261421608442359e-6	-8.073591903326613e-6
683	1.9149937510624617e-6	8.037088583826524e-6	1.1510655622842466e-6	6.094976665419707e-6
684	-1.5702480234661407e-6	-4.6683893734980684e-6	7.629538655173178e-7	2.7174978457582655e-6
685	-8.305757839074469e-7	-4.493857010151488e-6	-1.7413103360274523e-6	-8.480066914958883e-6
686	2.0528747262212144e-6	8.126094969923586e-6	5.559966096061812e-7	4.725098368818703e-6
687	-5.275960783058423e-7	-1.7072322613931213e-6	1.3678158666190437e-6	4.320952218509105e-6
688	-1.6806751492523375e-6	-6.841229147732827e-6	-1.6431156497403395e-6	-8.508078901741403e-6
689	1.6126342582413824e-6	6.94423634818953e-6	-1.354639116639133e-7	3.151112247082165e-6
690	6.261628718263145e-7	1.5430812294405243e-6	1.8366812885874045e-6	5.725482153352207e-6
691	-2.028595315930385e-6	-8.136074445522553e-6	-1.3330500114551513e-6	-8.158314868666648e-6
692	7.057811233817831e-7	4.673920488183347e-6	-8.693442246099079e-7	1.4475854103138015e-6
693	1.6072856956973636e-6	4.566844807264858e-6	2.1288873772598586e-6	6.8641921598266765e-6
694	-1.7928275058732526e-6	-8.168363386351814e-6	-8.325883951639054e-7	-7.452334421360758e-6
695	-4.464165306159647e-7	1.6730212518860988e-6	-1.5868608259170585e-6	-3.0158941415057433e-7
696	2.1710475605122785e-6	6.884263420015215e-6	2.2154699488248623e-6	7.681875942315102e-6
697	-1.0191069620162594e-6	-6.931925406874799e-6	-1.7118920833172221e-7	-6.425887628549006e-6
698	-1.570763497419653e-6	-1.5813332964049693e-6	-2.231381279531648e-6	-2.010585698108409e-6
699	2.171080719021098e-6	8.1230959913051e-6	2.080077129422199e-6	8.144675374496024e-6
700	1.3072223040436893e-7	-4.621618282142084e-6	6.05380653859588e-7	-5.131632260676579e-6
701	-2.391738724154448e-6	-4.5729774586305596e-6	-2.7483348106886326e-6	-3.597593564395729e-6
702	1.5700466164476426e-6	8.095831085217433e-6	1.7211609041821794e-6	8.237803311424613e-6
703	1.4092160172346508e-6	-1.6188490080622764e-6	1.4436676614788368e-6	-3.6332965333462413e-6
704	-2.687560298875251e-6	-6.826314796823676e-6	-3.087562131675853e-6	-4.991844377178625e-6
705	4.621984003715728e-7	6.81674202567895e-6	1.1477991371906633e-6	7.962018884772743e-6
706	2.518146495888796e-6	1.5959079483089812e-6	2.283337804732657e-6	-2.009489300205374e-6
707	-2.346007584326543e-6	-7.993580316758804e-6	-3.212079256433314e-6	-6.126884830296706e-6
708	-9.385274799478856e-7	4.501881749421345e-6	3.92305371032836e-7	7.338723347906242e-6
709	3.185753252164701e-6	4.5155383312904955e-6	3.0603870069051784e-6	-3.436057143063198e-7
710	-1.3807278593220368e-6	-7.90707740473363e-6	-3.0978377302360436e-6	-6.954577171931036e-6
711	-2.3496448563206257e-6	1.5373954494409948e-6	-5.089460964631678e-7	6.40526521437003e-6
712	3.2196308913236504e-6	6.677870768547103e-6	3.7177748095655e-6	1.28508748265314e-6
713	6.220615262190597e-8	-6.603137911527101e-6	-2.7363007802518646e-6	-7.443886960220636e-6
714	-3.452426961515185e-6	-1.5970215941204977e-6	-1.5011120383978664e-6	5.2167153260437495e-6
715	2.538982272424875e-6	7.75435728756453e-6	4.201373589423979e-6	2.797423603485333e-6
716	1.718346438949341e-6	-4.312122604130505e-6	-2.134511767867241e-6	-7.577510360993577e-6
717	-3.9723202878238205e-6	-4.401313243420626e-6	-2.524070519911321e-6	3.837126690490229e-6
718	1.2085363812289067e-6	7.606281544900257e-6	4.465948280794515e-6	4.1198867440174035e-6
719	3.260271468859398e-6	-1.4285018872926375e-6	-1.3143145098315628e-6	-7.3561910885123735e-6
720	-3.742748923651672e-6	-6.433547561645851e-6	-3.5074608070334355e-6	2.3402659613104053e-6
721	-5.619875846082297e-7	6.2891192044927236e-6	4.480042920932185e-6	5.195074480894057e-6
722	4.351824547192808e-6	1.5768165439913812e-6	-3.1419681615054e-7	-6.8051705366112015e-6
723	-2.728651728793204e-6	-7.397491479791556e-6	-4.3904306322173195e-6	8.040203522514818e-7
724	-2.4621746249470635e-6	4.055120934509705e-6	4.225086962556522e-6	5.975832865417279e-6
725	4.7296952585221706e-6	4.215613425115071e-6	8.17222558994625e-7	-5.964714165331881e-6
726	-1.0506251558966795e-6	-7.180909942025848e-6	-5.110742983991977e-6	-6.8817382277754e-7
727	-4.130355524471361e-6	1.2943623622130014e-6	3.694626921977101e-6	6.430322585536886e-6
728	4.255664488681378e-6	6.079973457830907e-6	2.019082409193274e-6	-4.886990856359421e-6
729	1.0298109093071428e-6	-5.866775003148126e-6	-5.615780888930903e-6	-2.059469721577395e-6
730	-5.21621848754751e-6	-1.5307750755166521e-6	2.9035996123321385e-6	6.547292513002583e-6
731	2.9308970003104506e-6	6.909099282005582e-6	3.2271937822469375e-6	-3.6411276018169627e-6
732	3.1644131215668965e-6	-3.721831761417366e-6	-5.865399032490271e-6	-3.240839624684306e-6
733	-5.470326753522502e-6	-3.958228195472501e-6	1.8833379677978926e-6	6.3388503330856525e-6
734	9.27422595076102e-7	6.6244491192990615e-6	4.3740601646958385e-6	-2.3057347441244567e-6
735	4.956992506717194e-6	-1.1315255676131142e-6	-5.830125417937711e-6	-4.175952675881896e-6
736	-4.77112169684191e-6	-5.617703730031169e-6	6.789939049171663e-7	5.829643067551673e-6
737	-1.4528046318335942e-6	5.3327768385107575e-6	5.391494145822275e-6	-9.555315687779942e-7
738	6.050432738918072e-6	1.4638416977074474e-6	-5.491668739857034e-6	-4.8305632848751114e-6
739	-3.158905160632329e-6	-6.290964806134305e-6	-6.561026363434793e-7	5.067906115203058e-6
740	-3.812446019534216e-6	3.307055739498216e-6	6.2161364263866005e-6	3.3400563866588073e-7
741	6.1894398483538236e-6	3.636450542594536e-6	-4.849292415638265e-6	-5.187645781656847e-6
742	-8.450715143144695e-7	-5.934899469675663e-6	-2.059401982314192e-6	4.110266143965775e-6
743	-5.725872028214324e-6	9.262198601562677e-7	6.79230053104567e-6	1.4994463013918693e-6
744	5.27629958434868e-6	5.058722447893569e-6	-3.9206351706034395e-6	-5.247030557525208e-6
745	1.8181873748548582e-6	-4.680161713373262e-6	-3.460781725157183e-6	3.021846536381825e-6
746	-6.818109287817149e-6	-1.3954632086137103e-6	7.075632742950176e-6	2.4826820745179208e-6
747	3.388017577700215e-6	5.559394381167138e-6	-2.740157434075443e-6	-5.021591865351831e-6
748	4.385356925612671e-6	-2.804711260390427e-6	-4.786423543545627e-6	1.8726741959958513e-6
749	-6.840231741926814e-6	-3.2743989659987093e-6	7.036234327809502e-6	3.235726950439905e-6
750	7.820106051744127e-7	5.133418690903877e-6	-1.3601680076704126e-6	-4.5368880021653044e-6
751	6.400304375999865e-6	-6.705692707616512e-7	-5.955870393442356e-6	7.29686119913873e-7
752	-5.718244796375489e-6	-4.435768607413476e-6	6.654837102770563e-6	3.727972801189253e-6
753	-2.1351554120883883e-6	3.9341024077734615e-6	1.5962684648962583e-7	-3.836780291293943e-6
754	7.480451014341373e-6	1.3399135790611235e-6	-6.902859356589558e-6	-3.370223662752804e-7
755	-3.5750794808981166e-6	-4.75070086166645e-6	5.9401333048290206e-6	3.947106792747752e-6
756	-4.881349642696129e-6	2.2310566978330747e-6	1.746315932942262e-6	-2.979735261807565e-6
757	7.390407612538821e-6	2.892075401972272e-6	-7.570574348372809e-6	-1.2687747568947005e-6
758	-7.128079964169365e-7	-4.2498656950942675e-6	4.916442945453856e-6	3.895612122386876e-6
759	-6.978210454703934e-6	3.713493909570963e-7	3.319425011549756e-6	-2.026039015116606e-6
760	6.080952672034299e-6	3.7638563586885933e-6	-7.911159486472415e-6	-2.0157734521565208e-6
761	2.420173011451079e-6	-3.1067092224599487e-6	3.624537143465606e-6	3.5908755935125897e-6
762	-8.036749468545878e-6	-1.2976345187263065e-6	4.796408987031005e-6	-1.0455945629238582e-6
763	3.7151856144170482e-6	3.876037777615956e-6	-7.896264440957572e-6	-2.5351599951776505e-6
764	5.303014029308121e-6	-1.5944736537234288e-6	2.1207342001143506e-6	3.0676086380494865e-6
765	-7.835291685285567e-6	-2.4971834374537703e-6	6.0994064924665845e-6	-1.0736689009702788e-7
766	6.418839932332784e-7	3.29781069669843e-6	-7.515620605872504e-6	-2.804152022588462e-6
767	7.448318049115884e-6	-3.222234436941324e-8	4.767017536007266e-7	2.372826743869719e-6
768	-6.361329594889322e-6	-3.061493590368578e-6	7.153943144431631e-6	7.278281419245002e-7
769	-2.653687817953699e-6	2.2159565188157847e-6	-6.779973355431053e-6	-2.8179771628737305e-6
770	8.472453221857826e-6	1.2775256144755791e-6	-1.2272828148434477e-6	1.5624360004300187e-6
771	-3.818192284916974e-6	-2.9599706228804103e-6	7.903381836756653e-6	1.4048043109477012e-6
772	-5.629540720613127e-6	8.983543205726037e-7	-5.718197461066297e-6	-2.586214719716426e-6
773	8.173153088394974e-6	2.1089510178637556e-6	-2.904941600167422e-6	7.078423315520471e-7
774	-5.894697379883437e-7	-2.2965423489847497e-6	8.300213429012458e-6	1.8780949265097805e-6
775	-7.794805251665553e-6	-3.5419496867329494e-7	-4.381116401730327e-6	-2.1368237885916702e-6
776	6.568947254778111e-6	2.3519617136411167e-6	-4.472480188457862e-6	-1.258208217471058e-7
777	2.816974154008579e-6	-1.2784582386976435e-6	8.32473722007378e-6	2.122192622618748e-6
778	-8.77913880378428e-6	-1.2896891364486832e-6	-2.8344055424585933e-6	-1.513988222367891e-6
779	3.891829525597782e-6	2.0275518634305984e-6	-5.8481779079734575e-6	-8.732076396956408e-7
780	5.849873707224046e-6	-1.6413343277868738e-7	7.971675445234361e-6	2.12224888166266e-6
781	-8.396015610198969e-6	-1.7427339934140026e-6	-1.1541826442697322e-6	-7.715866894941023e-7
782	5.529607467227703e-7	1.2781091484771894e-6	-6.9611061800787e-6	-1.4781247887053622e-6
783	8.008609089296108e-6	7.772549866094777e-7	7.261385068187988e-6	1.8836496197061605e-6
784	-6.686455404930808e-6	-1.659826062604673e-6	5.762299873842807e-7	3.102171375795361e-8
785	-2.917311847246826e-6	3.222267381073429e-7	-7.759571745987273e-6	-1.8978760404992878e-6
786	8.936072482319206e-6	1.340368800878666e-6	6.227939615707884e-6	1.4294729669287632e-6
787	-3.9147917062085e-6	-1.1106608572875529e-6	2.2748944688169542e-6	8.246139293472629e-7
788	-5.953878011275071e-6	-5.918155060899833e-7	-8.20382447293863e-6	-2.0962418156002263e-6
789	8.472183772118868e-6	1.4133002920788586e-6	4.923325381622224e-6	7.971456277421529e-7
790	-5.22774756715722e-7	-2.672454774311727e-7	3.859194856702452e-6	1.5425107485805889e-6
791	-8.071580318488467e-6	-1.2283919147022988e-6	-8.279866240336655e-6	-2.0547621518427536e-6
792	6.691948290018266e-6	1.0000545374666183e-6	3.4136129303930706e-6	3.798703657468417e-8
793	2.9497195656370234e-6	6.377760120039854e-7	5.251002859792131e-6	2.127725746078204e-6
794	-8.932234046921726e-6	-1.425109066360925e-6	-7.986708036136665e-6	-1.7733811668539506e-6
795	3.88033742935948e-6	2.194236885454142e-7	1.7734916037720474e-6	-7.909921775013513e-7
796	5.947526543916577e-6	1.3605234755968038e-6	6.384010253360124e-6	2.5327031336723783e-6
797	-8.404005621646045e-6	-1.1220444727015302e-6	-7.338938194072397e-6	-1.2697783712096198e-6
798	4.912296027669206e-7	-7.281987650492638e-7	8.21231864135236e-8	-1.6222388776521036e-6
799	7.997485009036136e-6	1.704152073038754e-6	7.207374003909061e-6	2.714462996491284e-6
800	-6.5882849047238155e-6	-3.773534028507308e-7	-6.373962281925265e-6	-5.763328991343478e-7
801	-2.9336349384904868e-6	-1.595349900482081e-6	-1.5766708804351082e-6	-2.3923191513198304e-6
802	8.7881861385409e-6	1.541027677422299e-6	7.688885508998508e-6	2.654995922357488e-6
803	-3.7833377735221496e-6	6.441088699909406e-7	-5.146836252157343e-6	2.5735385508537226e-7
804	-5.855650640408751e-6	-2.1410021875962366e-6	-3.1209548756134375e-6	-3.041441634155438e-6
805	8.211051031301682e-6	8.647223421359351e-7	7.809450843140895e-6	2.3500915703212274e-6
806	-4.4496736142131075e-7	1.7036578515616267e-6	-3.721002200296836e-6	1.18110257926363e-6
807	-7.813070655230586e-6	-2.1936702085778863e-6	-4.474752912024021e-6	-3.5147759556504048e-6
808	6.380511140003695e-6	-2.1087344629830988e-7	7.569554545987196e-6	1.8042037562100202e-6
809	2.8889309595735486e-6	2.536051644854761e-6	-2.1738522127065304e-6	2.132586779218046e-6
810	-8.519023110404335e-6	-1.6782171863364398e-6	-5.577360827563669e-6	-3.7674660778599655e-6
811	3.6150276143110827e-6	-1.4697123478268288e-6	6.99288077683294e-6	1.044040217218232e-6
812	5.693487523772385e-6	2.9097878257797326e-6	-5.842562521917927e-7	3.046792614863112e-6
813	-7.894867451106137e-6	-6.343264691981429e-7	-6.382000003458981e-6	-3.769523279438517e-6
814	3.6768117133161915e-7	-2.6415982795304748e-6	6.119174949182962e-6	1.1079170765721513e-7
815	7.5317678265453795e-6	2.6816761250245913e-6	9.653778455485126e-7	3.8530208153415745e-6
816	-6.069864957342283e-6	7.6616554482175e-7	-6.858304304383602e-6	-3.503249197508016e-6
817	-2.833733397848451e-6	-3.4419053261272164e-6	5.002451834446513e-6	-9.468869414593809e-7
818	8.138519023471529e-6	1.8167740247620899e-6	2.399681309328285e-6	4.496114446039762e-6
819	-3.3691998289400123e-6	2.2599102551683302e-6	-6.994015754338947e-6	-2.970194703555949e-6
820	-5.4779143305520815e-6	-3.650601704690023e-6	3.710415915767584e-6	-2.0667871628250263e-6
821	7.461480244251826e-6	4.131127765275818e-7	3.646480642475234e-6	4.920698789270796e-6
822	-2.531796164484006e-7	3.5403411805442353e-6	-6.796339772585528e-6	-2.1887856403139923e-6
823	-7.159603491799897e-6	-3.149777347256296e-6	2.3159239367769767e-6	-3.1815679729191985e-6
824	5.654683384192879e-6	-1.3037943154714369e-6	4.653704954740624e-6	5.084223332513644e-6
825	2.7687650372678773e-6	4.310424825315451e-6	-6.290543766790688e-6	-1.188279646148784e-6
826	-7.649571174244316e-6	-1.9459358366788836e-6	8.926668038134748e-7	-4.221838518459276e-6
827	3.0571888925704382e-6	-3.025508729888109e-6	5.378842541712921e-6	4.961311750433772e-6
828	5.209066686996789e-6	4.359083596947992e-6	-5.516627957469924e-6	-1.6683327820674886e-8
829	-6.924369257499523e-6	-1.9209912218705198e-7	-4.849621173680858e-7	-5.117311355527264e-6
830	1.1494033154325114e-7	-4.408207753878044e-6	5.799099818554434e-6	4.540027888075615e-6
831	6.70554130150587e-6	3.5910728415992744e-6	-4.528930075965095e-6	1.2681035949072355e-6
832	-5.161417305703864e-6	1.8309558012944274e-6	-1.7449316537106263e-6	-5.804731337504019e-6
833	-2.681773234566275e-6	-5.143443097545063e-6	5.9084193653673835e-6	3.826261496500823e-6
834	7.0691019483572595e-6	2.0575874216700607e-6	-3.3930343930313102e-6	2.593069329931658e-6
835	-2.7006719948442836e-6	3.767015142614388e-6	-2.8233620497110844e-6	-6.231022843581769e-6
836	-4.8859254509756675e-6	-5.028305433405271e-6	5.717891451086179e-6	2.8445324928721523e-6
837	6.307577862037988e-6	-3.040160277610976e-8	-2.1759797631526954e-6	3.885083412998245e-6
838	2.5658928989075163e-8	5.240576196145975e-6	-3.676401085586076e-6	-6.354917703274061e-6
839	-6.178456277542925e-6	-4.001514902681506e-6	5.255767299174875e-6	1.6362841279880025e-6
840	4.611602506508161e-6	-2.339379815879522e-6	-9.470839833341731e-7	5.062325040248101e-6
841	2.5607413877651213e-6	5.9344436045867275e-6	-4.270423982542785e-6	-6.152006146906889e-6
842	-6.408018036336141e-6	-2.1580887402918977e-6	4.562442656985388e-6	2.6089287505253743e-7
843	2.3140845664089697e-6	-4.467515007992196e-6	2.23868604915433e-7	6.057993471436767e-6
844	4.5024118358790755e-6	5.65791476620137e-6	-4.584040738139292e-6	-5.6282136454474706e-6
845	-5.6096530079437575e-6	2.366794964679521e-7	3.686915800752483e-6	-1.2070555367246838e-6
846	-1.7157955953001527e-7	-6.012352010303632e-6	1.2742398607404425e-6	6.809352826045753e-6
847	5.569924573090361e-6	4.382682879253087e-6	-4.619091630152406e-6	-4.796102050830887e-6
848	-3.986077288632164e-6	2.7984191777704025e-6	2.6914377367313997e-6	-2.695640359715088e-6
849	-2.4199369115666736e-6	-6.653300542559721e-6	2.151484698115535e-6	7.268180154609815e-6
850	5.652151652055976e-6	2.2564585238371298e-6	-4.386873347887347e-6	-3.6881409369242647e-6
851	-1.8673557415089467e-6	5.084399753849205e-6	1.6413518548337023e-6	-4.129444769596348e-6
852	-4.069364850685546e-6	-6.221694880681465e-6	2.8093238449678017e-6	7.4020207974476395e-6
853	4.813691538644529e-6	-4.045625106496499e-7	-3.915993498958009e-6	-2.3487706718335095e-6
854	3.491482438281434e-7	6.677543010129042e-6	6.041275025180429e-7	-5.435508675825671e-6
855	-4.8906153467935155e-6	-4.726555291053803e-6	3.2204849728113204e-6	7.190370129862642e-6
856	3.274007984957629e-6	-3.1749615597423592e-6	-3.253004483568389e-6	-8.407570135865213e-7
857	2.279786023695218e-6	7.268150075116871e-6	-3.5651913346136185e-7	-6.5401621244635726e-6
858	-4.818828826037133e-6	-2.3587277717956566e-6	3.37551579252659e-6	6.635873489840013e-6
859	1.3586909300415776e-6	-5.591159700156871e-6	-2.449558268300592e-6	7.614587522159988e-7
860	3.6131028272424974e-6	6.705726103090284e-6	-1.178247471092847e-6	-7.386055259343518e-6
861	-3.94280532497065e-6	5.267224660881842e-7	3.2763694360666545e-6	5.7576908334448905e-6
862	-5.661411558228306e-7	-7.225383826028961e-6	-1.564341390358382e-6	2.381658299530956e-6
863	4.169459120485678e-6	5.023001777547914e-6	-1.817829913872607e-6	-7.919690093542349e-6
864	-2.4938783803944424e-6	3.4702896998246218e-6	2.944972546174639e-6	4.58599195995125e-6
865	-2.153156854122891e-6	-7.768451101465737e-6	-6.606197790720669e-7	3.940087483437045e-6
866	3.925810192301648e-6	2.4546934988052042e-6	-2.2403101866347714e-6	-8.106142676410542e-6
867	-7.930771929108778e-7	5.985140045758999e-6	2.412728934624802e-6	3.173136976693273e-6
868	-3.1472563982142756e-6	-7.08906885376742e-6	1.9229359262212232e-7	5.362409401505817e-6
869	3.0072357584451536e-6	-6.083011171946489e-7	-2.421439348075778e-6	-7.931380571543339e-6
870	8.200521928082126e-7	7.638852059374229e-6	1.7260447193157374e-6	1.5869618553631175e-6
871	-3.421799915592389e-6	-5.25481908547037e-6	9.360084873295352e-7	6.579158224788214e-6
872	1.6574380924360455e-6	-3.680214692512102e-6	-2.3577527218026997e-6	-7.396097617711106e-6
873	2.042232823085585e-6	8.13635316791e-6	9.358149921367437e-7	-1.0010839928864819e-7
874	-2.9977528618913475e-6	-2.532357369843883e-6	1.5200591042040087e-6	7.521216239632737e-6
875	1.8988776571933874e-7	-6.260503957078916e-6	-2.0609792776874726e-6	-6.51789608719648e-6
876	2.6757413184602796e-6	7.36041180013316e-6	1.1289600049218023e-7	-1.8059405272731837e-6
877	-2.0367290233636993e-6	6.581615220416285e-7	1.8988333767078096e-6	8.135623907694404e-6
878	-1.0948943874020634e-6	-7.914532437554731e-6	-1.5582364431143566e-6	-5.337225048953638e-6
879	2.657982064406384e-6	5.410709723611771e-6	-6.766108865414856e-7	-3.4513622901842728e-6
880	-7.91898185956064e-7	3.8098027459625768e-6	2.045793479655097e-6	8.389106445735934e-6
881	-1.9439411530813078e-6	-8.35923010043347e-6	-8.909921766226285e-7	-3.909841200942951e-6
882	2.0477912760402402e-6	2.583149628339829e-6	-1.3695968152232213e-6	-4.953610373272091e-6
883	4.467178794580333e-7	6.411519832823937e-6	1.9507719538265443e-6	8.266999518661551e-6
884	-2.2105019055260078e-6	-7.505598211738433e-6	-1.1814935944065522e-7	-2.302327085316596e-6
885	1.0353471206895165e-6	-6.772962876704922e-7	-1.9083712481023352e-6	-6.240352317526415e-6
886	1.4009902735107547e-6	8.038908871819895e-6	1.6225385323728319e-6	7.776551858397733e-6
887	-1.8820110697812606e-6	-5.480146508917467e-6	6.986751716739856e-7	-5.936407984810628e-7
888	-1.1614877390651933e-7	-3.852162796543698e-6	-2.2496552201393124e-6	-7.2451528594178734e-6
889	1.8654628243355659e-6	8.430188414184605e-6	1.0793487560432065e-6	6.94129065565367e-6
890	-1.073403688262043e-6	-2.602002890080689e-6	1.4975992208975286e-6	1.1331627923398094e-6
891	-1.1195907213147515e-6	-6.438272430694835e-6	-2.364819720145386e-6	-7.914385357651736e-6
892	1.7531084446476936e-6	7.524146195979442e-6	3.644795482190441e-7	5.8018224976719934e-6
893	-4.045388559380455e-9	6.692353174111537e-7	2.209538449887306e-6	2.7928083902784794e-6
894	-1.737507139612644e-6	-8.02326440777012e-6	-2.236656385414683e-6	-8.220185111467981e-6
895	1.1087372108300692e-6	5.468505733719427e-6	-4.675497204103056e-7	4.415171430162908e-6
896	1.0543582439412066e-6	3.815147388412816e-6	2.7760531810899798e-6	4.304520171510995e-6
897	-1.8175759540396682e-6	-8.365966102183852e-6	-1.863296903884882e-6	-8.151149290660413e-6
898	9.578647448484426e-8	2.5967966720458093e-6	-1.3644243935514442e-6	2.8521642090721876e-6
899	1.8280709087902492e-6	6.348662639007762e-6	3.151053654932363e-6	5.593438871638462e-6
900	-1.3273934275639223e-6	-7.4312568838001335e-6	-1.264408765894715e-6	-7.716328301450375e-6
901	-1.0332902735384996e-6	-6.349516236739336e-7	-2.2578472708596783e-6	1.1965224851505004e-6
902	2.1130721142472324e-6	7.879738263404032e-6	3.2951185551178452e-6	6.5973957980694075e-6
903	-3.68515893664823e-7	-5.379264817408538e-6	-4.709961633799313e-7	-6.946576282954662e-6
904	-2.003631012580917e-6	-3.715836320388558e-6	-3.0811695986277034e-6	-4.6678449481268105e-7
905	1.8140275830495994e-6	8.179045024861122e-6	3.1853288461481842e-6	7.2791270268840634e-6
906	8.498218656645238e-7	-2.5482618779059207e-6	4.7191959125408247e-7	-5.890664811864869e-6
907	-2.5587986819569996e-6	-6.170312664086801e-6	-3.7705050560597343e-6	-2.0586911701371937e-6
908	9.49292503402598e-7	7.2277853290752226e-6	2.808442336424285e-6	7.612442253438043e-6
909	2.051645633175322e-6	6.041940796573983e-7	1.5066979350341786e-6	-4.6033108400458024e-6
910	-2.526426263616751e-6	-7.623780232914912e-6	-4.270246613383066e-6	-3.5030219604849134e-6
911	-3.234183125439674e-7	5.199615425837709e-6	2.176431767404192e-6	7.590739120464409e-6
912	2.9448771366268218e-6	3.5817733642457277e-6	2.564974733658578e-6	-3.1566166285633923e-6
913	-1.856250972170011e-6	-7.869749371160782e-6	-4.532975042178479e-6	-4.731608403063712e-6
914	-1.749805346848025e-6	2.4376712929191557e-6	1.313845212732782e-6	7.222920149215954e-6
915	3.2937264630944656e-6	5.923707384090813e-6	3.5751463310048576e-6	-1.622227436749676e-6
916	-6.25363960670293e-7	-6.906158548026177e-6	-4.52145731798511e-6	-5.6937975787339014e-6
917	-3.026346137337068e-6	-6.054162298059071e-7	2.646004360389428e-7	6.542321422290311e-6
918	2.9582720537563833e-6	7.273654196343591e-6	4.467375500948263e-6	-8.260286415687352e-8
919	9.574886081799137e-7	-4.916879457416483e-6	-4.2199113038361325e-6	-6.351937774050169e-6
920	-3.854547767331059e-6	-3.4444458977044912e-6	-9.163841762713263e-7	5.592227179463085e-6
921	1.9285233740096635e-6	7.453047702508135e-6	5.179332061249862e-6	1.382396161028674e-6
922	2.5937552468753477e-6	-2.249348416075807e-6	-3.6289368160927614e-6	-6.679519077973584e-6
923	-4.0088559101143175e-6	-5.635775565682286e-6	-2.158233737305026e-6	4.4321559261832955e-6
924	3.4197466960908295e-7	6.4741525771841e-6	5.652478671247358e-6	2.7029899129094475e-6
925	3.9478477445632245e-6	6.517483250514969e-7	-2.769377585951698e-6	-6.674728640560317e-6
926	-3.381366135422741e-6	-6.856619405842775e-6	-3.389395682701992e-6	3.127669347389173e-6
927	-1.5454432436755699e-6	4.537416213785559e-6	5.846843271615985e-6	3.82106916888095e-6
928	4.71443180402773e-6	3.3149050501737643e-6	-1.6777003518537213e-6	-6.352911362879286e-6
929	-2.0065014274538525e-6	-6.951567621308951e-6	-4.53626990024319e-6	1.753793252588467e-6
930	-3.3845098774853326e-6	1.9873687746999663e-6	5.733264493028422e-6	4.684250160589888e-6
931	4.682230118724721e-6	5.3260647669887365e-6	-4.036635532995825e-7	-5.745052540317834e-6
932	-7.841196681596011e-8	-5.953802400822541e-6	-5.526680390319828e-6	3.868004223690495e-7
933	-4.807307056295652e-6	-7.408078262368409e-7	5.300611690364838e-6	5.256443844282173e-6
934	3.7699900380578223e-6	6.392231870600896e-6	9.885554423150388e-7	-4.895279794229862e-6
935	2.091629490087668e-6	-4.074391086888234e-6	-6.295206861454003e-6	-9.02279955423409e-7
936	-5.506203103645449e-6	-3.1988686394139863e-6	4.554249446887481e-6	5.526005942778433e-6
937	2.066688754526977e-6	6.38308203354441e-6	2.424495863752209e-6	-3.8665701786572395e-6
938	4.108595450601527e-6	-1.6591795586457924e-6	-6.790495872529421e-6	-2.0453827577918695e-6
939	-5.282144095269246e-6	-4.997073225930893e-6	3.52394078747302e-6	5.490893010287086e-6
940	-1.7997529192732399e-7	5.356893835626072e-6	3.826737691799511e-6	-2.7212816969089665e-6
941	5.5844243674717265e-6	8.709557153427755e-7	-6.971574476853196e-6	-2.983767301289314e-6
942	-4.097513705082994e-6	-5.8777289394578625e-6	2.256166890867989e-6	5.1679254976136124e-6
943	-2.6013117952124605e-6	3.5359694486881273e-6	5.116542487478778e-6	-1.5314849712643015e-6
944	6.207199982321061e-6	3.088927510200908e-6	-6.8145108156821475e-6	-3.676129444234186e-6
945	-2.092809339252236e-6	-5.740651156395908e-6	8.051674125707228e-7	4.596770227466509e-6
946	-4.769023206872816e-6	1.2690759475280526e-6	6.222102395567463e-6	-3.7072891439566673e-7
947	5.8027337761303474e-6	4.635382589968925e-6	-6.312293355563382e-6	-4.099546082754739e-6
948	4.329578129321418e-7	-4.669479631270447e-6	-7.566902573905964e-7	3.829305045922722e-6
949	-6.278925101921433e-6	-1.0304439304710162e-6	7.078725026598655e-6	6.913960333685187e-7
950	4.372603581509329e-6	5.289692573053375e-6	-5.482702101723024e-6	-4.243761487487891e-6
951	3.0685279782861286e-6	-2.914197252176993e-6	-2.3520969001851107e-6	2.9219839803453807e-6
952	-6.820832268709748e-6	-2.960522206487678e-6	7.633209332633292e-6	1.5980456158273422e-6
953	2.0986124713250736e-6	5.0007809254284096e-6	-4.355970658701273e-6	-4.1221272896519105e-6
954	5.353294595865482e-6	-8.282988500943155e-7	-3.898184591668398e-6	1.937002465667824e-6
955	-6.242799252540015e-6	-4.211952793424633e-6	7.845618506314636e-6	2.3048837976205572e-6
956	-6.683782084610322e-7	3.891848001295742e-6	-2.97813380220435e-6	-3.7581012437802957e-6
957	6.870008612254176e-6	1.194460895838828e-6	-5.315829067755063e-6	9.418983349140738e-7
958	-4.586219928476262e-6	-4.6172122951065405e-6	7.698185480858977e-6	2.7777091568965508e-6
959	-3.473909180711745e-6	2.228806447644185e-6	-1.4153298131662934e-6	-3.191066863457722e-6
960	7.322794636250302e-6	2.798747755855601e-6	-6.5296046493465165e-6	6.009754811451759e-9
961	-2.0851010164868246e-6	-4.176265546037338e-6	7.18817450845146e-6	3.000536881772455e-6
962	-5.839264829804893e-6	3.5585123924193743e-7	2.570217200736083e-7	-2.4685751506644955e-6
963	6.589719004476008e-6	3.7296883244580657e-6	-7.4749818255757664e-6	-8.13671995266581e-7
964	8.730585183275538e-7	-3.038870493264399e-6	6.3333062053339965e-6	2.9765270612384707e-6
965	-7.347095460722325e-6	-1.3619847474684904e-6	1.9574548205486024e-6	-1.650022301126251e-6
966	4.7450736927428415e-6	3.872479535017266e-6	-8.102286973149592e-6	-1.46609357752366e-6
967	3.804937904838376e-6	-1.4837351416559167e-6	5.168941816771773e-6	2.72118689312265e-6
968	-7.714032180548378e-6	-2.615723385623528e-6	3.6048467007568207e-6	-7.970731737083469e-7
969	2.0635299085275536e-6	3.273068114825993e-6	-8.371913524671541e-6	-1.916605464689262e-6
970	6.2186630659945594e-6	1.528434969725835e-7	3.7467068547787864e-6	2.2668023407065213e-6
971	-6.845221145794229e-6	-3.204864000777009e-6	5.118025756469851e-6	2.186160374402734e-8
972	-1.0353330911985605e-6	2.1159347515996514e-6	-8.270861953047568e-6	-2.1434651057340936e-6
973	7.69969281345559e-6	1.5415840946759879e-6	2.1355472670250842e-6	1.6496979545108333e-6
974	-4.848798776849093e-6	-3.073859114929607e-6	6.424350873015312e-6	7.524936352366378e-7
975	-4.051601916224838e-6	6.849560801993251e-7	-7.798748057561286e-6	-2.1379482683566954e-6
976	7.980977653143678e-6	2.4219765636798795e-6	4.126780611439284e-7	9.207368278540823e-7
977	-2.032442597735761e-6	-2.3102561567475484e-6	7.454014839841138e-6	1.3418420125945957e-6
978	-6.478590373338042e-6	-6.979337309173751e-7	-6.967841064180558e-6	-1.906659772486666e-6
979	6.997768628926577e-6	2.6513226422298277e-6	-1.3444113421669801e-6	1.431000155664085e-7
980	1.1580729613010053e-6	-1.1355593006292713e-6	8.155919947017992e-6	1.747162095980404e-6
981	-7.917549995309465e-6	-1.7360349606889814e-6	-5.81794162497352e-6	-1.4717181406321394e-6
982	4.893627048732638e-6	2.229728121074704e-6	-3.0504900031248845e-6	-6.182937689858039e-7
983	4.210198801899672e-6	1.6209036221088032e-7	8.49441398540033e-6	1.93983916795343e-6
984	-8.126118535724564e-6	-2.221720550034847e-6	-4.4074043794872695e-6	-8.681379776195156e-7
985	1.9951000094358947e-6	1.300074864740066e-6	-4.617045332589876e-6	-1.3063452204424894e-6
986	6.62316974095986e-6	1.275903610308447e-6	8.450852224562062e-6	1.9050861731635105e-6
987	-7.0573787811192745e-6	-2.0773994814659316e-6	-2.8061467502427974e-6	-1.4490846461848094e-7
988	-1.2409617888816784e-6	1.1260409405362086e-7	-5.970608365418581e-6	-1.8616500325109264e-6
989	8.011270448644687e-6	1.947792781447266e-6	8.02977737255375e-6	1.6407530434804007e-6
990	-4.882496224078129e-6	-1.363641561712985e-6	-1.0882173284915777e-6	6.40132597565543e-7
991	-4.286432891914971e-6	-1.0378057152217032e-6	-7.046374651793204e-6	-2.2442106365393005e-6
992	8.14815309292381e-6	2.02626790250659e-6	7.2532011224571326e-6	1.1625144822521324e-6
993	-1.9473924616156158e-6	-2.709091225460992e-7	6.577815111301768e-7	1.4265353043614198e-6
994	-6.651861401148889e-6	-1.866657925281512e-6	-7.78753819445378e-6	-2.4174999493432426e-6
995	7.0196355750263415e-6	1.5013521010094221e-6	6.161450964485675e-6	5.041600007281708e-7
996	1.2771121766654707e-6	9.182538435093851e-7	2.344736418422158e-6	2.1514772052383134e-6
997	-7.974349379923449e-6	-2.160043459111203e-6	-8.167352685748189e-6	-2.357282507917102e-6
998	4.817810548821086e-6	4.987456235494886e-7	4.814036087145566e-6	-2.905150850091442e-7
999	4.271429695476318e-6	1.910109580548208e-6	3.894423372085512e-6	2.755714026960342e-6
1000	-8.049825446561049e-6	-1.835084326090505e-6	-8.17318117604889e-6	-2.0565806144519862e-6
1001	1.8997689822269622e-6	-7.417474348457557e-7	3.28167023769821e-6	-1.1647575703596748e-6
1002	6.562884943577359e-6	2.451389082574595e-6	5.231009224719214e-6	3.1870908055532776e-6
1003	-6.890041056264745e-6	-9.440630423630398e-7	-7.811499762595921e-6	-1.5234649686150032e-6
1004	-1.2652585609097477e-6	-1.9254624574583042e-6	1.6424638361726912e-6	-2.0574559024791654e-6
1005	7.809158228111602e-6	2.378633405992152e-6	6.2933605469191176e-6	3.399651764419285e-6
1006	-4.700361790103891e-6	3.3100021531170185e-7	-7.107399987942351e-6	-7.876698176612767e-7
1007	-4.170566421522087e-6	-2.7647831765316217e-6	-2.0979680525810873e-8	-2.9013146533049918e-6
1008	7.835685056894574e-6	1.6691987240359746e-6	7.035090703796982e-6	3.3654773780322856e-6
1009	-1.8421008615435298e-6	1.712580939568112e-6	-6.102840580001761e-6	1.0922362013941773e-7
1010	-6.363237750281801e-6	-3.0350255952368443e-6	-1.6239927023503365e-6	-3.6367125436133384e-6
1011	6.66498247005387e-6	4.3330702570043194e-7	7.427599091428674e-6	3.0748618515244576e-6
1012	1.22208660116626e-6	2.8957810911346223e-6	-4.855914221735542e-6	1.1106299504627589e-6
1013	-7.521457462444994e-6	-2.6249579036066617e-6	-3.090767701013967e-6	-4.200842431168336e-6
1014	4.516854085409912e-6	-1.0978760924483341e-6	7.461661342882069e-6	2.53160207885598e-6
1015	4.002434876555398e-6	3.5996792355874734e-6	-3.4366473978741974e-6	2.1598150900426184e-6
1016	-7.496508490211031e-6	-1.5575095845148732e-6	-4.350420282140472e-6	-4.548449428731505e-6
1017	1.751378689855995e-6	-2.619556902644777e-6	7.145866052377769e-6	1.7566089552775204e-6
1018	6.0689301866992355e-6	3.6261903882376863e-6	-1.924650277498195e-6	3.18840553235859e-6
1019	-6.3303610714067456e-6	3.793886415843113e-9	-5.343375691627843e-6	-4.640858856085356e-6
1020	-1.1773122602378805e-6	-3.810821546793175e-6	6.508545571687872e-6	7.847173816256113e-7
1021	7.123999808419714e-6	2.9034793757796007e-6	-3.9646236011204804e-7	4.127848551783962e-6
1022	-4.245712959891339e-6	1.7821473646653399e-6	-6.0307076327010674e-6	-4.4538370114833815e-6
1023	-3.798323087675545e-6	-4.398363328411717e-6	5.596355268094919e-6	-3.382689273943889e-7
1024	7.043471695837564e-6	1.5047889630123534e-6	1.0651410984488686e-6	4.9114332209319886e-6
1025	-1.6040646293207717e-6	3.4415269900819334e-6	-6.385776138230311e-6	-3.985295114035507e-6
1026	-5.710989331223009e-6	-4.2059552273697735e-6	4.467597142842987e-6	-1.5501535688310578e-6
1027	5.886558153304919e-6	-3.5751986108213717e-7	2.383132642777516e-6	5.483897041516637e-6
1028	1.1598505054882355e-6	4.64738596885495e-6	-6.404051102497774e-6	-3.249066986117305e-6
1029	-6.647076069556079e-6	-3.2009449612130585e-6	3.1902127393323703e-6	-2.7793587195322745e-6
1030	3.879568238596534e-6	-2.365051934447848e-6	3.4980334583216348e-6	5.7978090196151174e-6
1031	3.5923461229481646e-6	5.132774645554525e-6	-6.102846225523053e-6	-2.2700608284708744e-6
1032	-6.498156508649022e-6	-1.5018501343674536e-6	1.8370859257665966e-6	-3.955070628568196e-6
1033	1.3793358772747388e-6	-4.1541663393820076e-6	4.359649713992474e-6	5.819390279802514e-6
1034	5.319825751611198e-6	4.748775049891357e-6	-5.514385307715836e-6	-1.0891496939846007e-6
1035	-5.339581419743848e-6	6.310037451829746e-7	4.877675087202092e-7	-5.005015517163191e-6
1036	-1.1878903842915063e-6	-5.381804150918229e-6	4.931433619256945e-6	5.532426999258773e-6
1037	6.100937863210073e-6	3.4944662036986947e-6	-4.6838772523182e-6	2.3216079045240243e-7
1038	-3.40970743471519e-6	2.847925028633944e-6	-7.821196709807396e-7	-5.866103822556935e-6
1039	-3.3962913002689603e-6	-5.786073542659471e-6	5.196535984116228e-6	4.942496844856138e-6
1040	5.857275859817332e-6	1.5288207244229723e-6	-3.668392049852199e-6	1.6267580706290926e-6
1041	-1.067045723510125e-6	4.763682867722617e-6	-1.9051304289773246e-6	-6.4820960381338375e-6
1042	-4.899531631755063e-6	-5.240632060058401e-6	5.155363113281229e-6	4.067049226464763e-6
1043	4.684990941009489e-6	-8.478955905449679e-7	-2.534907798142568e-6	3.019857319772122e-6
1044	1.2740041683403894e-6	6.0239235726159035e-6	-2.8272057322681273e-6	-6.807834377466077e-6
1045	-5.4916859031490825e-6	-3.7725708749539777e-6	4.829331471480103e-6	2.9386022800072793e-6
1046	2.838531084192325e-6	-3.2576091792046185e-6	-1.3559972169914869e-6	4.337624590334022e-6
1047	3.2162011237071884e-6	6.370835301377551e-6	-3.502173290785011e-6	-6.812919218386033e-6
1048	-5.128887648833641e-6	-1.5732019740935251e-6	4.248781971787286e-6	1.6069118844922902e-6
1049	6.784203943253928e-7	-5.295065392106917e-6	-2.0904866889622247e-7	5.508055757355318e-6
1050	4.452756356533759e-6	5.686026232784644e-6	-3.904681401080161e-6	-6.4866582380473945e-6
1051	-3.935658816710083e-6	1.0294550141034936e-6	3.466509001017589e-6	1.3564709852208618e-7
1052	-1.4024107381233647e-6	-6.590059084570252e-6	8.38935642185741e-7	6.462660187242981e-6
1053	4.8180098939154915e-6	4.022285629120546e-6	-4.021746779412604e-6	-5.83448591358295e-6
1054	-2.1789401558749567e-6	3.6168922488654075e-6	2.539897740398634e-6	-1.4009392836726736e-6
1055	-3.0416490197188606e-6	-6.875838405165755e-6	1.7315022821522648e-6	7.144554331403494e-6
1056	4.312703069040351e-6	1.601554020930548e-6	-3.862730353129954e-6	-4.8784778936649566e-6
1057	-2.197696357914762e-7	5.757635898416042e-6	1.5378690071191727e-6	-2.928535909529325e-6
1058	-3.97410948216544e-6	-6.053043911216949e-6	2.4170909541068004e-6	7.51145860808687e-6
1059	3.0925536336980543e-6	-1.2042949885177403e-6	-3.4527572611194165e-6	-3.658994506255171e-6
1060	1.568641182341735e-6	7.065597095939671e-6	5.295959749014688e-7	-4.366306608314971e-6
1061	-4.085423278965481e-6	-4.204175510199506e-6	2.859124974345795e-6	7.537563310949417e-6
1062	1.443273735837588e-6	-3.938882714924698e-6	-2.8309602632716698e-6	-2.2332033260323787e-6
1063	2.8656941760240934e-6	7.282358171423295e-6	-4.195459163912856e-7	-5.638914474801988e-6
1064	-3.4258387995322494e-6	-1.592074044322511e-6	3.0398653500753976e-6	7.213340165987317e-6
1065	-2.862611449763209e-7	-6.149923502702405e-6	-2.0520636416732586e-6	-6.686893000365874e-7
1066	3.4649800335053316e-6	6.326158852746996e-6	-1.2434703632410874e-6	-6.678046912431207e-6
1067	-2.1873750434569643e-6	1.376541243598792e-6	2.956590755035368e-6	6.548877390403489e-6
1068	-1.7470178732660392e-6	-7.448163024097369e-6	-1.1735231206285307e-6	9.56318209223504e-7
1069	3.3067378778502564e-6	4.315943097288376e-6	-1.8929056099682417e-6	-7.426922215182435e-6
1070	-6.643342261557962e-7	4.218795279122003e-6	2.6275094307733855e-6	5.571812401111805e-6
1071	-2.6716376429815896e-6	-7.586509143063502e-6	-2.6393064571588484e-7	2.560010718780161e-6
1072	2.4902911499200134e-6	1.5489589747285777e-6	-2.3237224412008987e-6	-7.845827583980907e-6
1073	8.086225116258969e-7	6.464274312088316e-6	2.0877343190496887e-6	4.329152922229554e-6
1074	-2.9197094888681002e-6	-6.508455550310062e-6	6.07402122786285e-7	4.0648401014602245e-6
1075	1.241009652421908e-6	-1.5379305991843568e-6	-2.5102886435953053e-6	-7.914638806313518e-6
1076	1.921228893112025e-6	7.731929518270054e-6	1.3785324037257704e-6	2.881817913186483e-6
1077	-2.4838539544010304e-6	-4.3647391001555846e-6	1.3805035813693325e-6	5.396868225540159e-6
1078	-1.4144371445699196e-7	-4.443769164133077e-6	-2.444283886984755e-6	-7.626902523149741e-6
1079	2.4586911630521748e-6	7.786957150618668e-6	5.521081896583317e-7	1.2994203987977455e-6
1080	-1.5141851919487487e-6	-1.4814845470237814e-6	1.9998089123888945e-6	6.487495938304157e-6
1081	-1.3414277012016423e-6	-6.693327933217988e-6	-2.13330179002828e-6	-6.992116047429711e-6
1082	2.343641684750838e-6	6.602095569896632e-6	-3.261898697756366e-7	-3.415856989405529e-7
1083	-2.6605107108999624e-7	1.6806146846078312e-6	2.4172952949462626e-6	7.283107790642667e-6
1084	-2.0888459727091048e-6	-7.909414861968207e-6	-1.5997040754145114e-6	-6.044482055626601e-6
1085	1.6305121138592744e-6	4.354272747154108e-6	-1.1869416723385315e-6	-1.962557837934735e-6
1086	9.628334942208703e-7	4.609175075999526e-6	2.5946362643561362e-6	7.749627757167917e-6
1087	-2.2321065654025645e-6	-7.880477425473452e-6	-8.788486349833058e-7	-4.833083227422624e-6
1088	5.158376345193783e-7	1.3955479287484807e-6	-1.9637494729929206e-6	-3.4821970944382906e-6
1089	1.8758457199037838e-6	6.828702906403489e-6	2.5173313841194854e-6	7.86327833352476e-6
1090	-1.7501210194383972e-6	-6.603064300431188e-6	-2.60477655515505e-8	-3.42187971685486e-6
1091	-7.238456925196682e-7	-1.7978350322746451e-6	-2.5989403621119023e-6	-4.82537600616503e-6
1092	2.251603897724432e-6	7.97277167229928e-6	2.1852748559640146e-6	7.623550262022818e-6
1093	-7.627303105313186e-7	-4.278120372359252e-6	8.986847728103445e-7	-1.8783975938201398e-6
1094	-1.7853009832727784e-6	-4.709092067825692e-6	-3.0383701646171967e-6	-5.929542040049791e-6
1095	1.9928047750538534e-6	7.852381281493696e-6	1.6129088035146698e-6	7.046490321171395e-6
1096	4.888066191551433e-7	-1.2799916521096686e-6	1.824769826237157e-6	-2.7985178848650474e-7
1097	-2.398791046500801e-6	-6.8607864142218156e-6	-3.2388388913110897e-6	-6.745702485464611e-6
1098	1.1486432813251671e-6	6.491700168984935e-6	8.39735020717242e-7	6.167122347775274e-6
1099	1.7023203348970702e-6	1.8979119483986933e-6	2.6830155390617065e-6	1.2926360011551357e-6
1100	-2.395845466685612e-6	-7.906660106319964e-6	-3.1765226900410514e-6	-7.235311276372527e-6
1101	-9.937458203595671e-8	4.121475770513275e-6	-8.852893554171278e-8	5.032291227981645e-6
1102	2.5817153879187354e-6	4.7364993860556005e-6	3.4088913770060597e-6	2.76345913404133e-6
1103	-1.743803537278943e-6	-7.6904588411932e-6	-2.8445373297949517e-6	-7.385003940558108e-6
1104	-1.4693374999033598e-6	1.1354582804180745e-6	-1.1102945177947934e-6	3.7039325936173208e-6
1105	2.8958542013465054e-6	6.778648202883342e-6	3.942146384837444e-6	4.06151096118677e-6
1106	-5.561153785913065e-7	-6.267584967596882e-6	-2.2545724675363673e-6	-7.189738158284465e-6
1107	-2.6464356472280094e-6	-1.968578071750461e-6	-2.1596334455995004e-6	2.251487541314026e-6
1108	2.525274522839913e-6	7.70492930704735e-6	4.23726725823631e-6	5.128947119035317e-6
1109	9.336101010770516e-7	-3.892454595561454e-6	-1.4360802950513438e-6	-6.6750396958354965e-6
1110	-3.3465606240136137e-6	-4.6809902352773076e-6	-3.1650016640507994e-6	7.547680865885533e-7
1111	1.4984416423973097e-6	7.398193454830578e-6	4.260721292073375e-6	5.91366395000772e-6
1112	2.4117374637235302e-6	-9.788451229208108e-7	-4.311574694868195e-7	-5.8733005036968455e-6
1113	-3.3719919723561686e-6	-6.574021602113884e-6	-4.05766868962669e-6	-7.097666917953485e-7
1114	-1.0377511044219155e-8	5.943650991858039e-6	3.999698539904484e-6	6.386126430329367e-6
1115	3.5487758998032114e-6	1.9890717138242536e-6	7.031704037157763e-7	-4.8365378289360356e-6
1116	-2.6552202130794457e-6	-7.370978200545205e-6	-4.771491272640228e-6	-2.0702452520241505e-6
1117	-1.7229522481399483e-6	3.6155746457691063e-6	3.4563353922989348e-6	6.533647661097224e-6
1118	4.080199891923945e-6	4.529457286079877e-6	1.9010936070694028e-6	-3.6240464475649896e-6
1119	-1.2822952988439693e-6	-6.985800499051793e-6	-5.249944470016086e-6	-3.2629684799271123e-6
1120	-3.2970127101834933e-6	8.251947458604575e-7	2.6489746723754363e-6	6.3629896472911415e-6
1121	3.839830572698125e-6	6.24930136909861e-6	3.092541596865216e-6	-2.3053512270026192e-6
1122	5.224904653002735e-7	-5.530580122988986e-6	-5.456035383095212e-6	-4.228761463068051e-6
1123	-4.399016704627996e-6	-1.9584365622936448e-6	1.6147712484955556e-6	5.889883389338925e-6
1124	2.804094620952542e-6	6.9089377197438425e-6	4.203094776387203e-6	-9.506727523249178e-7
1125	2.4398386527562343e-6	-3.290030129349223e-6	-5.362513669724887e-6	-4.9245686815928795e-6
1126	-4.778914279693955e-6	-4.28529838041956e-6	4.0219285250729137e-7	5.15632048012164e-6
1127	1.1179990768144094e-6	6.452394729570363e-6	5.161594547783011e-6	3.620210722360779e-7
1128	4.102431540223865e-6	-6.675338162443034e-7	-4.958357099287966e-6	-5.324808267838455e-6
1129	-4.3023173985936635e-6	-5.802967129609553e-6	-9.303359629351964e-7	4.214891203730195e-6
1130	-9.536478903479683e-7	5.018590489768368e-6	5.90825733129319e-6	1.5583087222931124e-6
1131	5.179347075367033e-6	1.888425687278358e-6	-4.254753770799977e-6	-5.419040487820619e-6
1132	-2.9872042821654667e-6	-6.312101281843461e-6	-2.3060674082894296e-6	3.1252798800246434e-6
1133	-3.0580878264465385e-6	2.8992020285479514e-6	6.388878073551476e-6	2.5790305686652975e-6
1134	5.433820882355937e-6	3.964380766970483e-6	-3.2772610697183103e-6	-5.218140721101365e-6
1135	-1.0174934305133313e-6	-5.7943192740743195e-6	-3.6459433645044025e-6	1.9537234119986518e-6
1136	-4.814034893933499e-6	4.858107615255178e-7	6.561864686740507e-6	3.375566377642135e-6
1137	4.755076586796732e-6	5.258276215076339e-6	-2.0661184868130025e-6	-4.7507623210195685e-6
1138	1.3021422966849586e-6	-4.406495624686488e-6	-4.87418017564204e-6	7.756953044631201e-7
1139	-5.887776959682334e-6	-1.8066683015576809e-6	6.404829907685246e-6	3.917144989490908e-6
1140	3.196661505172299e-6	5.613810530939283e-6	-6.78997190556478e-7	-4.060633272126527e-6
1141	3.587057586643174e-6	-2.4387976033750337e-6	-5.922872026465783e-6	-3.377770840127873e-7
1142	-6.041879346621197e-6	-3.6075749879070884e-6	5.91314972018241e-6	4.186599997029701e-6
1143	9.70817970439349e-7	5.04293109378517e-6	8.132902526742765e-7	-3.2021196751876823e-6
1144	5.44128831142455e-6	-2.673723438217806e-7	-6.7266513571630225e-6	-1.3216663575551405e-6
1145	-5.191918946853112e-6	-4.658986456266644e-6	5.103146597092064e-6	4.181369103239399e-6
1146	-1.5762409359181894e-6	3.7179045131604176e-6	2.3332060795601417e-6	-2.2350373729113437e-6
1147	6.520367855200926e-6	1.7292819265205534e-6	-7.238345608684765e-6	-2.1252013068921077e-6
1148	-3.4160305960026995e-6	-4.850568552571702e-6	4.009646070967385e-6	3.913994928677878e-6
1149	-4.032230688355577e-6	1.923100189422609e-6	3.800283157816905e-6	-1.2245636411870442e-6
1150	6.591585384654008e-6	3.2361170245917382e-6	-7.4122109099665955e-6	-2.71512438083535e-6
1151	-9.596326292247536e-7	-4.227924960382739e-6	2.68013903006491e-6	3.4199260611788295e-6
1152	-5.983491779674343e-6	9.475691859083153e-9	5.137908438999712e-6	-2.3731840117050319e-7
1153	5.589639854762e-6	4.033932659607873e-6	-7.235644829184796e-6	-3.064419901251538e-6
1154	1.796433927312418e-6	-2.965278116695438e-6	1.178223176536689e-6	2.7409925753379873e-6
1155	-7.072659721534135e-6	-1.6834053887849667e-6	6.275701066110999e-6	6.645947324047459e-7
1156	3.6217572753296728e-6	4.049374294154303e-6	-6.712046571330234e-6	-3.159342530848922e-6
1157	4.407277331588426e-6	-1.341312787924579e-6	-4.2351869462234745e-7	1.9352618395005466e-6
1158	-7.073999812988585e-6	-2.879450738616745e-6	7.149204488460098e-6	1.4241398642038667e-6
1159	9.662192238237121e-7	3.3556371432777297e-6	-5.861260883124374e-6	-3.0018492429423478e-6
1160	6.438769552232178e-6	3.12703444122397e-7	-2.0462268201214606e-6	1.062915005736137e-6
1161	-5.9381146739669755e-6	-3.4031717945210886e-6	7.709050106843005e-6	1.997842600138342e-6
1162	-1.9662723886806366e-6	2.1418490280812507e-6	-4.7190918055219155e-6	-2.6179242874946813e-6
1163	7.530555576415487e-6	1.690722104984554e-6	-3.608227871190089e-6	1.8740923207181646e-7
1164	-3.8006341652542325e-6	-3.222628164650178e-6	7.923328383700529e-6	2.351455771416109e-6
1165	-4.705761546266538e-6	6.845091294072688e-7	-3.337672408344708e-6	-2.0438240698817793e-6
1166	7.462086868899944e-6	2.5561792596978726e-6	-5.032170192879676e-6	-6.304014433758276e-7
1167	-9.711108285913063e-7	-2.4378239872736514e-6	7.77857628834477e-6	2.4647488089911924e-6
1168	-6.796953385388862e-6	-7.044836879629146e-7	-1.7830970611390402e-6	-1.3293875816326304e-6
1169	6.201231674019516e-6	2.781093395361656e-6	-6.24575711221617e-6	-1.3303822424849882e-6
1170	2.1073190636412513e-6	-1.2586514135560455e-6	7.277592908269082e-6	2.332843312329421e-6
1171	-7.875170419787808e-6	-1.749959234854171e-6	-1.285101217491913e-7	-5.310828365604814e-7
1172	3.916853984953156e-6	2.376916577744685e-6	-7.186961195795618e-6	-1.861663731982272e-6
1173	4.935978165625849e-6	3.4837108080930396e-8	6.4422472523163395e-6	1.9749867251639913e-6
1174	-7.730560493752995e-6	-2.262343713163545e-6	1.5427086279339243e-6	2.882805024985655e-7
1175	9.542460635774093e-7	1.4849910227738148e-6	-7.806633157605477e-6	-2.1831735626130915e-6
1176	7.0502589846165734e-6	1.149300817729006e-6	5.309059324156595e-6	1.4202492591334204e-6
1177	-6.35920304917191e-6	-2.167712697429211e-6	3.150326660273609e-6	1.0676048889530638e-6
1178	-2.223877805238831e-6	3.364721089906554e-7	-8.076198993978591e-6	-2.2740433305466755e-6
1179	8.092608537344525e-6	1.8473984689513104e-6	3.935452401430409e-6	7.168466397190898e-7
1180	-3.960253140086891e-6	-1.5262866201151421e-6	4.61884638276244e-6	1.7451534176894062e-6
1181	-5.097250506339083e-6	-7.890000944114023e-7	-7.984115814365265e-6	-2.124554508180694e-6
1182	7.870670017557867e-6	1.9935973755805485e-6	2.3870246588919346e-6	-8.572759430907051e-8
1183	-9.041409780586834e-7	-5.195509562975105e-7	5.8772743453764435e-6	2.265227364379396e-6
1184	-7.201493513568597e-6	-1.6227527717997298e-6	-7.53280636708603e-6	-1.7453930449561539e-6
1185	6.407117563352874e-6	1.5683731778123458e-6	7.399811128837333e-7	-9.267089129604071e-7
1186	2.322700520243344e-6	5.99506114347708e-7	6.861741263192409e-6	2.585328123613202e-6
1187	-8.189167051216595e-6	-1.9689489428710355e-6	-6.741699052437483e-6	-1.1606032305298613e-6
1188	3.927332881852813e-6	6.850582700769856e-7	-9.279990435498872e-7	-1.745756452503142e-6
1189	5.19608726485126e-6	1.5567679057452348e-6	7.522986366771074e-6	2.675579813926735e-6
1190	-7.887870035233315e-6	-1.744747630807811e-6	-5.654101604181938e-6	-4.086988361538414e-7
1191	8.22965314302298e-7	-4.4145037834747686e-7	-2.5327277899744032e-6	-2.473642237261184e-6
1192	7.251933487840094e-6	2.1141826541219956e-6	7.83205140302718e-6	2.52000282547337e-6
1193	-6.346574542121776e-6	-9.892318247376673e-7	-4.3261816592265905e-6	4.619483264750132e-7
1194	-2.4018922326939284e-6	-1.538592752705444e-6	-3.996300768742411e-6	-3.053095559816238e-6
1195	8.156087798848102e-6	2.1146518469197184e-6	7.781050174922714e-6	2.1189261191785547e-6
1196	-3.8128563145827333e-6	1.3922549215969124e-7	-2.827476081540349e-6	1.3928386072901533e-6
1197	-5.224119740491508e-6	-2.3377307971798923e-6	-5.244578072400396e-6	-3.4340233165231703e-6
1198	7.766338804914625e-6	1.5227863133412739e-6	7.373320252156137e-6	1.4926472063952567e-6
1199	-7.05412444735202e-7	1.3885249118569593e-6	-1.238583340621485e-6	2.3212428785225717e-6
1200	-7.185112889078395e-6	-2.6209529937366832e-6	-6.216847991766704e-6	-3.5784227802807948e-6
1201	6.156944415321616e-6	4.3297231730850627e-7	6.638662357972323e-6	6.688064486622655e-7
1202	2.462219532140278e-6	2.469899751228208e-6	3.6132265862365105e-7	3.1765746549082967e-6
1203	-7.977061321105281e-6	-2.2767191727614147e-6	-6.871066562270676e-6	-3.4645118810583655e-6
1204	3.607276907992031e-6	-9.422804684261563e-7	5.619080670481516e-6	-3.0137501446979823e-7
1205	5.176008734388439e-6	3.1130415885443285e-6	1.8886797984999546e-6	3.894836014280027e-6
1206	-7.496736698079198e-6	-1.316705713401284e-6	-7.180915747302583e-6	-3.0869814856056687e-6
1207	5.528885164612749e-7	-2.31688744663789e-6	4.3770638767747936e-6	-1.3619212732534522e-6
1208	7.001574009323737e-6	3.126738646910086e-6	3.2663960603016008e-6	4.418980277663878e-6
1209	-5.846001369567315e-6	1.0602899406937039e-7	-7.140093173795925e-6	-2.4542836196571353e-6
1210	-2.5027076032668754e-6	-3.3805660557502477e-6	2.979675266852823e-6	-2.447506465883763e-6
1211	7.66687188414796e-6	2.4335854222363973e-6	4.429171728243696e-6	4.703233694956722e-6
1212	-3.3243014545798576e-6	1.7263117583273534e-6	-6.762307927323936e-6	-1.591339019495632e-6
1213	-5.0574050436722695e-6	-3.861947524650961e-6	1.505480914830418e-6	-3.4862761174002265e-6
1214	7.096895839627592e-6	1.106557437168254e-6	5.327745319015065e-6	4.715221910576774e-6
1215	-3.7310572766627013e-7	3.2155785904039058e-6	-6.082725328624334e-6	-5.411595455801414e-7
1216	-6.710013500233572e-6	-3.5979560086454236e-6	4.07191284393499e-8	-4.409005495386405e-6
1217	5.430455174077849e-6	-6.386888037533165e-7	5.919845408020112e-6	4.441221245033561e-6
1218	2.512338099928227e-6	4.248111346771998e-6	-5.14717789101667e-6	6.400208841201494e-7
1219	-7.233775845538627e-6	-2.5619554654276635e-6	-1.3426652586600935e-6	-5.1525720712763754e-6
1220	2.9821436448289494e-6	-2.4864737066356884e-6	6.186309775158407e-6	3.883440879022345e-6
1221	4.86190107756086e-6	4.562148273783227e-6	-4.013351377571716e-6	1.8857517865555776e-6
1222	-6.586436416154354e-6	-8.816023722524606e-7	-2.5756621920899767e-6	-5.6658940289396935e-6
1223	1.8692299507792644e-7	-4.075038644709473e-6	6.129917402199392e-6	3.060000774910511e-6
1224	6.316092235396497e-6	4.023675252619463e-6	-2.7541558721931327e-6	3.128980137558238e-6
1225	-4.9308707896061405e-6	1.1664915304282975e-6	-3.600107462420427e-6	-5.907332482556116e-6
1226	-2.4801721747577007e-6	-5.065368262709582e-6	5.769308367447506e-6	2.00242652763306e-6
1227	6.685068698595519e-6	2.659031359522112e-6	-1.4418502877016168e-6	4.295573687917197e-6
1228	-2.5966001637707726e-6	3.2202070659914696e-6	-4.370439906792269e-6	-5.846255965938404e-6
1229	-4.584277432410808e-6	-5.210643345549677e-6	5.136112122543166e-6	7.591329900282382e-7
1230	5.973147206752756e-6	6.502684888693785e-7	-1.479085276172613e-7	5.316756835920591e-6
1231	-4.387894644477236e-9	4.888509225144374e-6	-4.855402141078393e-6	-5.473275634805922e-6
1232	-5.816970529972521e-6	-4.410618053663403e-6	4.278782734317217e-6	-6.052144544023156e-7
1233	4.363136794807778e-6	-1.6743971871053197e-6	1.056501960421255e-6	6.12731739485773e-6
1234	2.3996955323051394e-6	5.826966123033552e-6	-5.040964046803249e-6	-4.7926488544247905e-6
1235	-6.035832513152142e-6	-2.738385333613016e-6	3.256004505607354e-6	-2.0241326824664526e-6
1236	2.1800666030002043e-6	-3.904128585692717e-6	2.105259837293524e-6	6.675527406520365e-6
1237	4.2369584470855215e-6	5.805823190825351e-6	-4.928523005089163e-6	-3.8294232366208e-6
1238	-5.278054010978518e-6	-4.3545465118098985e-7	2.1356148995819716e-6	-3.416928406448403e-6
1239	-1.7420039846407498e-7	-5.627131239672544e-6	2.942409830832272e-6	6.9186833610875345e-6
1240	5.24342272689126e-6	4.7605857698144045e-6	-4.538278941375532e-6	-2.626893674974165e-6
1241	-3.736900467058296e-6	2.1244380476734704e-6	9.87132558846776e-7	-4.710905506311735e-6
1242	-2.297763985822209e-6	-6.502867218956399e-6	3.531055226637923e-6	6.833435629447e-6
1243	5.315858819881036e-6	2.81211745770757e-6	-3.908882217523738e-6	-1.2409837571701426e-6
1244	-1.7294939317022678e-6	4.499353877485258e-6	-1.1766989632369453e-7	-5.832890332516216e-6
1245	-3.853676497322445e-6	-6.320014083401211e-6	3.846036713932255e-6	6.410118368605069e-6
1246	4.518682659807275e-6	2.493099433250218e-7	-3.0948723174835026e-6	2.620093164819287e-7
1247	3.6698532172752417e-7	6.260714938107845e-6	-1.1089484307036332e-6	-6.721522858870248e-6
1248	-4.624931992855873e-6	-5.052076037045253e-6	3.8835168374911725e-6	5.662165061211647e-6
1249	3.0556762972090178e-6	-2.5096569524225432e-6	-2.153970561361756e-6	1.8071899229858224e-6
1250	2.193165456208174e-6	7.070402575096133e-6	-1.9286989852038667e-6	-7.321627674946851e-6
1251	-4.5474893884579536e-6	-2.8645790196012044e-6	3.6472035910402912e-6	4.623801657761738e-6
1252	1.2344645156246033e-6	-4.997405046746683e-6	-1.1567781966571258e-6	3.3159107303513692e-6
1253	3.457512732068051e-6	6.741112606826612e-6	-2.529528088977901e-6	-7.597583939850461e-6
1254	-3.7101646992528804e-6	-8.938237446100735e-8	3.1729097515263925e-6	3.342644633642603e-6
1255	-5.931966727293969e-7	-6.779335924105752e-6	-1.7382164377187003e-7	4.712884202514304e-6
1256	3.982636852462065e-6	5.285773450035171e-6	-2.8854061881975513e-6	-7.524197988196082e-6
1257	-2.3260514029540883e-6	2.8235757721043495e-6	2.5066519979895957e-6	1.8736880525063519e-6
1258	-2.1040473069858582e-6	-7.524117789557765e-6	7.273779233006779e-7	5.927017246379349e-6
1259	3.7437364318572752e-6	2.9053489948823115e-6	-2.980638944405457e-6	-7.10091615610057e-6
1260	-6.98127624644857e-7	5.389605497450355e-6	1.7035322569758287e-6	2.832261078866269e-7
1261	-3.053909054430789e-6	-7.07301411284471e-6	1.485929361500924e-6	6.892414761595466e-6
1262	2.858314364825328e-6	-3.199758578390246e-8	-2.818934380657046e-6	-6.345522203445673e-6
1263	8.503699265532982e-7	7.174262617262692e-6	8.237444342942628e-7	-1.344512496622583e-6
1264	-3.3193640447110295e-6	-5.4676697642280655e-6	2.055661090894253e-6	7.553423800791657e-6
1265	1.5534590950518801e-6	-3.0564839669164155e-6	-2.4240755014890707e-6	-5.289938263716558e-6
1266	2.0375425290743466e-6	7.863608620903964e-6	-6.478388072063828e-8	-2.930389347000154e-6
1267	-2.9095152623978666e-6	-2.9428946593782303e-6	2.402656552838404e-6	7.87368298734305e-6
1268	1.1735452122438388e-7	-5.67640756781083e-6	-1.8349756672553048e-6	-3.977644945506871e-6
1269	2.662979266048947e-6	7.319370085405263e-6	-8.938527614265196e-7	-4.400670165471742e-6
1270	-1.9647223976848353e-6	1.121099912901604e-7	2.503691658597015e-6	7.841296277377538e-6
1271	-1.1524840691645077e-6	-7.457794451570647e-6	-1.0991852285387218e-6	-2.473524768825366e-6
1272	2.6493999625221175e-6	5.603411052456249e-6	-1.60580007149736e-6	-5.6770246152016955e-6
1273	-7.270355737707096e-7	3.213283650101482e-6	2.3582343769257895e-6	7.451434781523189e-6
1274	-2.003094063760345e-6	-8.098128661132366e-6	-2.728261574117307e-7	-8.536080947037591e-7
1275	2.044422849828174e-6	2.9727296851046987e-6	-2.1484344633821866e-6	-6.694120703784012e-6
1276	5.194313952592566e-7	5.861985993148632e-6	1.981301867815999e-6	6.720001655514799e-6
1277	-2.285014703440983e-6	-7.4756721720318795e-6	5.815563401452534e-7	8.034076119685419e-7
1278	1.0255187236916003e-6	-1.609039979138005e-7	-2.4802372063306927e-6	-7.402916275691987e-6
1279	1.5002896735478111e-6	7.624345355349871e-6	1.4004379909116056e-6	5.6854250542607306e-6
1280	-1.97122154455579e-6	-5.673456273055868e-6	1.3997830916599474e-6	2.4126205799075172e-6
1281	-1.4968138605238817e-7	-3.302424747090116e-6	-2.5769175538486274e-6	-7.771099315505117e-6
1282	2.0024347504942972e-6	8.209594378796018e-6	6.593660462053402e-7	4.398417089157096e-6
1283	-1.1611523538681089e-6	-2.973291076722485e-6	2.121363040001561e-6	3.896300134228352e-6
1284	-1.2034240354230752e-6	-5.946190331146766e-6	-2.428393588124247e-6	-7.782368016177314e-6
1285	1.927772615418073e-6	7.520414203151574e-6	-1.9332834078232824e-7	2.929398900463079e-6
1286	-6.280862871435051e-8	1.9453820881684584e-7	2.68803429754859e-6	5.18095564457312e-6
1287	-1.8883516752349283e-6	-7.66371643910889e-6	-2.0385710007463746e-6	-7.44264022850709e-6
1288	1.305432067793923e-6	5.661220267028151e-6	-1.0987968943245819e-6	1.3502257855312549e-6
1289	1.0544619754929086e-6	3.3272816910136966e-6	3.054038591609887e-6	6.2109369641918385e-6
1290	-2.0368481573401386e-6	-8.190453838514063e-6	-1.425143934718742e-6	-6.76973382008273e-6
1291	2.8035204108301917e-7	2.936287177766111e-6	-1.9916978627686134e-6	-2.5863493886327263e-7
1292	1.9168074535400583e-6	5.924241113064125e-6	3.183445526680319e-6	6.936201351949944e-6
1293	-1.5967809697173158e-6	-7.449710448937182e-6	-6.255491862058926e-7	-5.801555490715907e-6
1294	-9.064436994011993e-7	-2.155801124990721e-7	-2.802772066426947e-6	-1.8184637868912684e-6
1295	2.3037069567178853e-6	7.579020190418423e-6	3.0566318028686433e-6	7.3285945017162865e-6
1296	-6.542579505136846e-7	-5.570076711458416e-6	3.133902863583267e-7	-4.5911673632584734e-6
1297	-1.9717973826238084e-6	-3.2932857072846033e-6	-3.4720025620149096e-6	-3.252848085040807e-6
1298	2.092105552526607e-6	8.043159511340955e-6	2.6638521253731327e-6	7.37610178975362e-6
1299	5.970367802529852e-7	-2.8601838948994384e-6	1.3345686279149433e-6	-3.2075612088618665e-6
1300	-2.6489855097435643e-6	-5.808327742339887e-6	-3.941567400387296e-6	-4.494711102944443e-6
1301	1.2810512889597032e-6	7.263864957574951e-6	2.0228648448903753e-6	7.080561738984617e-6
1302	1.8822905412468354e-6	2.3525055964507714e-7	2.3653607177423693e-6	-1.7205392678997156e-6
1303	-2.738254708416634e-6	-7.377528990921776e-6	-4.170102306060822e-6	-5.4847369761358375e-6
1304	1.0055532724551463e-8	5.387360478149812e-6	1.1627253717086027e-6	6.463134340888574e-6
1305	2.896637294078414e-6	3.2202162409863162e-6	3.3383481478852474e-6	-2.0921185245669213e-7
1306	-2.1601083831436728e-6	-7.774589529791915e-6	-4.124384909490138e-6	-6.180423064724727e-6
1307	-1.4697157555211937e-6	2.7296852963876263e-6	1.2620043836711422e-7	5.566442320876661e-6
1308	3.3809404830801887e-6	5.624586040487768e-6	4.184829057624332e-6	1.2457296386106232e-6
1309	-9.767041168883525e-7	-6.96796572654365e-6	-3.792239517486071e-6	-6.553525236437486e-6
1310	-2.8423842958618823e-6	-2.722675916355695e-7	-1.0278453293464768e-6	4.45049028597082e-6
1311	3.1707530577912262e-6	7.086465173850744e-6	4.842011600261548e-6	2.572149996712525e-6
1312	6.142758524820053e-7	-5.109917235605932e-6	-3.1791214768544336e-6	-6.59491187769591e-6
1313	-3.8016067787943775e-6	-3.1300879305546414e-6	-2.2294821173078205e-6	3.18040480577811e-6
1314	2.2328098148264385e-6	7.4010216216419946e-6	5.255195073809148e-6	3.7030441504854806e-6
1315	2.3135788854572726e-6	-2.525090287301047e-6	-2.3100785735596976e-6	-6.310094617530575e-6
1316	-4.093811879291781e-6	-5.389248875269583e-6	-3.404317181229872e-6	1.8263189838221477e-6
1317	6.841855853903276e-7	6.556805602483465e-6	5.382549881998479e-6	4.588338769573231e-6
1318	3.7705258894634265e-6	3.486209522125955e-7	-1.2242237569875642e-6	-5.7316632977809625e-6
1319	-3.5843703120029356e-6	-6.7112748086838306e-6	-4.4777684654495416e-6	4.6584758717474193e-7
1320	-1.2154349850777386e-6	4.7265712531504945e-6	5.204829013967162e-6	5.1874101912675564e-6
1321	4.667003075073801e-6	3.036249360384461e-6	2.5198594408443177e-8	-4.9063540208674725e-6
1322	-2.293693881893029e-6	-6.922867001697873e-6	-5.38107852637725e-6	-8.239119045205988e-7
1323	-3.1167771488734287e-6	2.2384865711146907e-6	4.71681924516697e-6	5.4811064006570065e-6
1324	4.761876120208989e-6	5.112429205118252e-6	1.3684619720441686e-6	-3.893544575434769e-6
1325	-3.995014888570932e-7	-6.038033555710475e-6	-6.052501532366735e-6	-1.9759037636214683e-6
1326	-4.642210991558235e-6	-4.6991345338828243e-7	3.9355920630538685e-6	5.466526377778493e-6
1327	3.9599998619581455e-6	6.2687014299456486e-6	2.73044194065305e-6	-2.7569617665363345e-6
1328	1.788374821425963e-6	-4.2502995559738126e-6	-6.4435367400074125e-6	-2.9328876447570712e-6
1329	-5.466428806983452e-6	-2.9468681991804367e-6	2.8941214919554e-6	5.1642157612049036e-6
1330	2.333540905258255e-6	6.360109328967828e-6	4.035011370882127e-6	-1.5680895177804634e-6
1331	3.867143960519463e-6	-1.8883904430906545e-6	-6.5223153865392905e-6	-3.6489577934793218e-6
1332	-5.3646970195529e-6	-4.800543669224616e-6	1.6386518586651948e-6	4.608256446498923e-6
1333	1.1806688997746157e-7	5.42991481526911e-6	5.208201777853718e-6	-3.9956109865263266e-7
1334	5.437102627961947e-6	6.235489977595024e-7	-6.2740099163703e-6	-4.09507636605935e-6
1335	-4.283158265840352e-6	-5.756983316986723e-6	2.317572901709501e-7	3.845086354989401e-6
1336	-2.314173324561673e-6	3.6903611965050757e-6	6.1857293189921625e-6	6.81267587838461e-7
1337	6.173063108613121e-6	2.850276896185513e-6	-5.7001016358145255e-6	-4.259604849546363e-6
1338	-2.354630382300862e-6	-5.7071818130765465e-6	-1.260420270174709e-6	2.9324425290444265e-6
1339	-4.529264435149518e-6	1.4782981175165702e-6	6.910222312785529e-6	1.609751294883477e-6
1340	5.883391698318193e-6	4.438866826424191e-6	-4.824072864902183e-6	-4.147772928683875e-6
1341	1.3061139214770738e-7	-4.7255977729339784e-6	-2.757471453881164e-6	1.9350820846828434e-6
1342	-6.121157969683773e-6	-8.007664581229523e-7	7.3348955103503725e-6	2.3373994906296164e-6
1343	4.5582499673288465e-6	5.164109472283414e-6	-3.6790541935361225e-6	-3.7864012650232414e-6
1344	2.7628719099566135e-6	-3.042060614806882e-6	-4.186064161421197e-6	9.228728809399919e-7
1345	-6.771637766334375e-6	-2.744062387072814e-6	7.426873967645236e-6	2.832860258897024e-6
1346	2.3737220841460246e-6	4.954337514051562e-6	-2.3128626395751735e-6	-3.2171071135181118e-6
1347	5.084388312767061e-6	-9.95161484015327e-7	-5.473672127180631e-6	-3.763608011717226e-8
1348	-6.3155152824710995e-6	-4.0396115172196945e-6	7.1741383536353486e-6	3.077648251567534e-6
1349	-3.3359098156932777e-7	3.9168356948020305e-6	-7.918250245485472e-7	-2.4845254117740166e-6
1350	6.68369340995539e-6	1.0193418787172976e-6	-6.551809382398573e-6	-8.843506441431428e-7
1351	-4.78727762726541e-6	-4.5028955827243385e-6	6.580336802778361e-6	3.066457065776467e-6
1352	-3.1194643701656543e-6	2.2999940331882864e-6	8.154559420691218e-7	-1.648113198015933e-6
1353	7.255704167303914e-6	2.6426660302968096e-6	-7.357021587797989e-6	-1.5667667260919765e-6
1354	-2.3996652015053106e-6	-4.115797746672438e-6	5.66254980679815e-6	2.8178269369378152e-6
1355	-5.5188943619329416e-6	4.4785560344164163e-7	2.4272911804881826e-6	-7.726491766984772e-7
1356	6.662693680012263e-6	3.6107514302335194e-6	-7.843751222211156e-6	-2.0470040753716434e-6
1357	4.803800027201077e-7	-3.0224556339260427e-6	4.464806455747583e-6	2.357876341045648e-6
1358	-7.116726843860779e-6	-1.2726891680585255e-6	3.960806410732753e-6	8.132536379848114e-8
1359	4.966889898923985e-6	3.7903401315251663e-6	-7.978604761476634e-6	-2.3045359921200375e-6
1360	3.386651593905928e-6	-1.4893044374644254e-6	3.0391823281215174e-6	1.7307243873253458e-6
1361	-7.6188837794583445e-6	-2.5432802266282155e-6	5.341475845798408e-6	8.522740363463606e-7
1362	2.417277719173527e-6	3.216812641892972e-6	-7.751859412501417e-6	-2.3259239831392204e-6
1363	5.836183251535954e-6	1.450565004580249e-7	1.453277059185541e-6	9.84925198089404e-7
1364	-6.911685113959522e-6	-3.156527455656836e-6	6.498659706402581e-6	1.4849249135232093e-6
1365	-5.873732823000361e-7	2.071719791932804e-6	-7.170694084651881e-6	-2.1119569029282e-6
1366	7.418024951909638e-6	1.5448844091133407e-6	-2.110876638360957e-7	1.786081131850613e-7
1367	-5.08918102554962e-6	-3.0422247553857168e-6	7.369067882804729e-6	1.9375130337146017e-6
1368	-3.5680311013607103e-6	6.385360631371033e-7	-6.260848848398202e-6	-1.6859578401619406e-6
1369	7.857170186618165e-6	2.44236685605414e-6	-1.8751884507404456e-6	-6.264162513588283e-7
1370	-2.4250872695414486e-6	-2.287216611794763e-6	7.906576804781415e-6	2.1805527738873805e-6
1371	-6.041260068601984e-6	-7.577771506307924e-7	-5.067080079521525e-6	-1.0804925980388954e-6
1372	7.066542987533215e-6	2.688809353736672e-6	-3.454107285616549e-6	-1.3681977831586664e-6
1373	6.612306445401619e-7	-1.1017412098726109e-6	8.085676889774481e-6	2.1927136592811526e-6
1374	-7.601595088377302e-6	-1.8221175684483926e-6	-3.6469856757853586e-6	-3.419339338414095e-7
1375	5.1554056326273676e-6	2.2798909966403204e-6	-4.872295528067194e-6	-1.989773685413798e-6
1376	3.682978276203387e-6	2.2381242275643514e-7	7.9004079504796e-6	1.9728250123821005e-6
1377	-7.986510519706395e-6	-2.341165195065038e-6	-2.070672684206e-6	4.7157968525446253e-7
1378	2.415834366718202e-6	1.344505618729381e-6	-6.061511227719048e-6	-2.4399311963371727e-6
1379	6.154959262229622e-6	1.380287342158273e-6	7.365066487641683e-6	1.525935297819232e-6
1380	-7.128084220227922e-6	-2.2222377899377547e-6	-4.1772115333592994e-7	1.3019322500397357e-6
1381	-7.143270977447752e-7	1.1996927392372396e-7	-6.964009546383904e-6	-2.683414378257129e-6
1382	7.675632114790666e-6	2.1096899441277506e-6	6.508530393520429e-6	8.824158075830302e-7
1383	-5.155406635497381e-6	-1.5147652818749025e-6	1.2299732486655746e-6	2.086982289142358e-6
1384	-3.7368321212259557e-6	-1.0941708414999263e-6	-7.540957044826734e-6	-2.692414039894402e-6
1385	8.002809355188274e-6	2.2441152630392357e-6	5.3720915282824876e-6	8.555091937878831e-8
1386	-2.3827002543873456e-6	-3.949494947523084e-7	2.79712530909019e-6	2.76086552191683e-6
1387	-6.171465822356833e-6	-2.0074284426759235e-6	-7.769985947974339e-6	-2.4560535910568647e-6
1388	7.090100603795988e-6	1.7508274125830576e-6	4.014816415464958e-6	-8.035580796938335e-7
1389	7.441881403642714e-7	8.666712803676169e-7	4.209122674825448e-6	3.2689575146549494e-6
1390	-7.632214873285767e-6	-2.393062607614914e-6	-7.647226827259757e-6	-1.9798384496399373e-6
1391	5.085999516188333e-6	7.435380759643992e-7	2.5045671013059327e-6	-1.731200682633329e-6
1392	3.7277559896303764e-6	1.962488653059441e-6	5.399246885938415e-6	3.5699164105735996e-6
1393	-7.900380175208923e-6	-2.1382046968534007e-6	-7.181881382173436e-6	-1.2830954109952134e-6
1394	2.3170914716178126e-6	-5.523710111942208e-7	9.156690371161725e-7	-2.632620310364143e-6
1395	6.093421291157843e-6	2.6249366570277356e-6	6.311891013872052e-6	3.630245998405708e-6
1396	-6.945061738887777e-6	-1.2791594578655052e-6	-6.4020531273306825e-6	-4.0633141678944965e-7
1397	-7.663910105239957e-7	-1.8396762451919424e-6	-6.722784077343135e-7	-3.4425525259197142e-6
1398	7.47802091477211e-6	2.671094601861043e-6	6.911855569785861e-6	3.4295781767778767e-6
1399	-4.936761252351169e-6	1.5411742949441725e-8	-5.348288743032244e-6	5.977004179552265e-7
1400	-3.672088199873016e-6	-2.817686335909769e-6	-2.181510475040423e-6	-4.099527643494152e-6
1401	7.686195608496642e-6	2.041501017538953e-6	7.1702883025509745e-6	2.968130387661231e-6
1402	-2.2079285147349294e-6	1.4769563774912084e-6	-4.079766265353931e-6	1.6726446952874945e-6
1403	-5.942220159302547e-6	-3.236287492326868e-6	-3.5351739263275228e-6	-4.552511674388427e-6
1404	6.700030597341116e-6	8.32072179171492e-7	7.085635769559981e-6	2.2573263655595726e-6
1405	7.985782853501191e-7	2.7863306828219345e-6	-2.6645733804004334e-6	2.75235291357009e-6
1406	-7.232700180816765e-6	-2.9537704798353292e-6	-4.670981104844073e-6	-4.7577886284362e-6
1407	4.701243758945408e-6	-7.348303050693932e-7	6.66794157476596e-6	1.3279880145528463e-6
1408	3.5944274151505096e-6	3.6438571629464e-6	-1.1787438548224496e-6	3.767895977104041e-6
1409	-7.366109831525321e-6	-1.964704658195116e-6	-5.538354494147186e-6	-4.684548867716239e-6
1410	2.0346437964354342e-6	-2.351125149461014e-6	5.9486609166517e-6	2.2358415758156336e-7
1411	5.7347069030691734e-6	3.828458113027866e-6	2.971026051888255e-7	4.651002048281961e-6
1412	-6.348740769326343e-6	-4.2478416792095033e-7	-6.0964735746793484e-6	-4.320066629682732e-6
1413	-8.588726938000682e-7	-3.6817609617504168e-6	4.975805606538933e-6	-9.976904296115683e-7
1414	6.9062794358144665e-6	3.2349233275751643e-6	1.681371076878004e-6	5.340974841168147e-6
1415	-4.376265193748044e-6	1.399741794750492e-6	-6.323855049119982e-6	-3.6723161809876987e-6
1416	-3.5067023668616643e-6	-4.430861894973083e-6	3.806361745672422e-6	-2.2683491498260255e-6
1417	6.95131096610559e-6	1.9121552182671085e-6	2.9045953134537915e-6	5.783810553221054e-6
1418	-1.794869822036252e-6	3.1639784602109624e-6	-6.219575544145695e-6	-2.760873721387534e-6
1419	-5.487045913373382e-6	-4.396051026485885e-6	2.5142474047557584e-6	-3.51692352009213e-6
1420	5.900296882917293e-6	5.9249007316711306e-8	3.906463382305192e-6	5.939384883706027e-6
1421	9.537081165777185e-7	4.5182192724242845e-6	-5.80701969235954e-6	-1.6232620854127852e-6
1422	-6.510021928323566e-6	-3.5150444147438785e-6	1.1790992315056432e-6	-4.6713000320799936e-6
1423	3.963003166011873e-6	-2.0035268147231654e-6	4.639990517266528e-6	5.781915952583532e-6
1424	3.412764012684933e-6	5.168870004931304e-6	-5.122731146694308e-6	-3.113020086619868e-7
1425	-6.4444979203512755e-6	-1.8823169705541892e-6	-1.2119380011907593e-7	-5.657412898435325e-6
1426	1.491033223137241e-6	-3.901648156970849e-6	5.0764876880172895e-6	5.302445697676947e-6
1427	5.19451905532063e-6	4.929746785815493e-6	-4.220708862321517e-6	1.1140065465495855e-6
1428	-5.353461899849874e-6	2.53026863532224e-7	-1.3118209700180777e-6	-6.413107984596935e-6
1429	-1.0794777744668103e-6	-5.2728264195434885e-6	5.20336746444378e-6	4.512988657310202e-6
1430	6.038138028902795e-6	3.7823608720212588e-6	-3.1661206477773794e-6	2.5738947421809942e-6
1431	-3.4634214898110028e-6	2.5335054979304385e-6	-2.3282170788200887e-6	-6.881656855666546e-6
1432	-3.3117757657469436e-6	-5.832899735186851e-6	5.030518000560744e-6	3.4398248470408216e-6
1433	5.845607308184623e-6	1.8721103830706232e-6	-2.0291984387843737e-6	3.990418771326285e-6
1434	-1.1285520331047837e-6	4.557022316311355e-6	-3.1193633171691427e-6	-7.0239839180406435e-6
1435	-4.849908925713153e-6	-5.419302686655517e-6	4.586704675711974e-6	2.131797915692814e-6
1436	4.707725416449264e-6	-5.178164453513926e-7	-8.84959832573858e-7	5.279446238697515e-6
1437	1.2197127485922743e-6	5.949469852832592e-6	-3.6560762924856226e-6	-6.815619649027184e-6
1438	-5.4738181216162054e-6	-4.0383571799345754e-6	3.923594750505076e-6	6.417748575783333e-7
1439	2.8810729974576888e-6	-2.9972458011793612e-6	1.9390164023081235e-7	6.369945487423083e-6
1440	3.176062662970446e-6	6.432338383111238e-6	-3.917159025086021e-6	-6.2579820237446594e-6
1441	-5.136686382629477e-6	-1.8762825823889815e-6	3.095871021565234e-6	-9.509489939470936e-7
1442	7.257948026051199e-7	-5.137044256112758e-6	1.1423202174181588e-6	7.192430775427524e-6
1443	4.43130757929776e-6	5.864664784913958e-6	-3.901527426318232e-6	-5.368226368863753e-6
1444	-3.9660802004391995e-6	7.419917667906032e-7	2.16272205130158e-6	-2.560048602827405e-6
1445	-1.3574957436570823e-6	-6.555754900187898e-6	1.9138803715085544e-6	7.688684675098984e-6
1446	4.816829178498428e-6	4.283609080890656e-6	-3.633115495117599e-6	-4.181987664810537e-6
1447	-2.229536383641274e-6	3.3965814615138244e-6	1.1899888394994406e-6	-4.098945540538595e-6
1448	-3.0026156886848333e-6	-6.973757547475982e-6	2.4666370674013934e-6	7.82945843976632e-6
1449	4.330621287891767e-6	1.9039996438191107e-6	-3.147854964882611e-6	-2.755038196655769e-6
1450	-2.845349631795845e-7	5.641581918723277e-6	2.481702761591653e-7	-5.488721010166544e-6
1451	-3.947205388541385e-6	-6.272100308845608e-6	2.777432610486724e-6	7.603361463630015e-6
1452	3.138090790343211e-6	-9.147239711506564e-7	-2.488383019647622e-6	-1.1609458658349888e-6
1453	1.4940377022832328e-6	7.082724705388105e-6	-6.064852648675202e-7	-6.64835422740351e-6
1454	-4.079538702904269e-6	-4.512002908033845e-6	2.8375552249762215e-6	7.012845038565261e-6
1455	1.5175914614226448e-6	-3.724159240693745e-6	-1.705932066233792e-6	5.20142511649515e-7
1456	2.7944364474299464e-6	7.442433582622618e-6	-1.3167604110146747e-6	-7.515617911521786e-6
1457	-3.4447251847595384e-6	-1.9443367562324683e-6	2.657114396498439e-6	6.0856251632959835e-6
1458	-1.8868435145009303e-7	-6.057078985879138e-6	-8.616431672689184e-7	2.200391083972788e-6
1459	3.4093674597503074e-6	6.619132911565078e-6	-1.836409035306204e-6	-8.048886828913542e-6
1460	-2.237024492911283e-6	1.0454665071358683e-6	2.256809550233696e-6	4.871267366122962e-6
1461	-1.6420776909159495e-6	-7.509242918785482e-6	-1.9537782871098946e-8	3.7953052378853618e-6
1462	3.2780910430002154e-6	4.7034546121633105e-6	-2.135244267570184e-6	-8.220266342599994e-6
1463	-7.439318344348078e-7	3.977368087132981e-6	1.6741527233137293e-6	3.4261806290975636e-6
1464	-2.5740167304069927e-6	-7.810332936924554e-6	7.578367667486877e-7	5.226863281454188e-6
1465	2.4937786514137636e-6	1.977355925887912e-6	-2.199510686133282e-6	-8.019301503163164e-6
1466	7.023521762222417e-7	6.368030685757098e-6	9.592774652306896e-7	1.818970558413567e-6
1467	-2.8359176796105283e-6	-6.8776710279581055e-6	1.4079581205828792e-6	6.428696323209643e-6
1468	1.275574105775717e-6	-1.1417584690347604e-6	-2.0267952944203053e-6	-7.460475896307802e-6
1469	1.8085656910416072e-6	7.80926016635975e-6	1.71389075116838e-7	1.3223089575068875e-7
1470	-2.43162120357163e-6	-4.832020752201739e-6	1.8810149287265798e-6	7.3409063579855825e-6
1471	-7.687730090584453e-8	-4.152491567363666e-6	-1.6293271764182315e-6	-6.572452907837397e-6
1472	2.3555888963387987e-6	8.043834567461175e-6	-6.308332371831029e-7	-1.551463265145207e-6
1473	-1.4996043827760023e-6	-1.9846641254042063e-6	2.144794128556034e-6	7.919202198408624e-6
1474	-1.2544225569750712e-6	-6.560740057277796e-6	-1.0432049280364075e-6	-5.400065304664609e-6
1475	2.26045968857041e-6	7.016846359632767e-6	-1.3832312833097051e-6	-3.150435668132825e-6
1476	-2.808063945228939e-7	1.2124029920609371e-6	2.1816176185759423e-6	8.137076779292808e-6
1477	-2.003289725043783e-6	-7.966929173726846e-6	-3.1720919692985304e-7	-4.0006096169403315e-6
1478	1.5768541691458512e-6	4.879611255083635e-6	-2.022024145045509e-6	-4.590048629866701e-6
1479	9.299068077564218e-7	4.248984299563191e-6	1.98421398459112e-6	7.990882338486852e-6
1480	-2.16128222247062e-6	-8.135273326861123e-6	4.949211446044361e-7	-2.443669099631386e-6
1481	4.888100629234054e-7	1.9637159347621013e-6	-2.496292719626493e-6	-5.802307637582733e-6
1482	1.8366581054161446e-6	6.638748667508484e-6	1.5593802326351916e-6	7.496289789812468e-6
1483	-1.6953408330531326e-6	-7.033634639459485e-6	1.3339925288098864e-6	-8.087575961845154e-7
1484	-7.383283632417845e-7	-1.2650492063107067e-6	-2.770885494503462e-6	-6.731737016343461e-6
1485	2.2215679338065207e-6	7.992235115682602e-6	9.379717278770238e-7	6.679110296689219e-6
1486	-7.245594042560803e-7	-4.834855928330858e-6	2.136926557344877e-6	8.276926331646203e-7
1487	-1.8008825686558814e-6	-4.2905886134858786e-6	-2.817374380305927e-6	-7.33447425020557e-6
1488	1.9791913900721163e-6	8.09245364070092e-6	1.5762959481170786e-7	5.583972103245529e-6
1489	5.23762206237369e-7	-1.8884181948865203e-6	2.84335112511489e-6	2.3780754343944825e-6
1490	-2.4311744644386066e-6	-6.625324204992771e-6	-2.6247277862232705e-6	-7.588783391551093e-6
1491	1.1428106490104156e-6	6.925737905080405e-6	-7.296038486035586e-7	4.2703740473949674e-6
1492	1.757127006030198e-6	1.3237154140982373e-6	3.401191151125259e-6	3.772858497784392e-6
1493	-2.452332424449706e-6	-7.89532882492071e-6	-2.1953558461890064e-6	-7.491480457910416e-6
1494	-1.119724211647426e-7	4.689291695270704e-6	-1.6663594676818821e-6	2.805699504859368e-6
1495	2.6738930382885594e-6	4.282061046971898e-6	3.7623373939500757e-6	4.948764651758434e-6
1496	-1.8145518418438795e-6	-7.911196352667125e-6	-1.5461111054807378e-6	-7.0597657233253665e-6
1497	-1.5149227020977775e-6	1.7575757093278568e-6	-2.5918379682623638e-6	1.2695762119364384e-6
1498	3.0271399243967233e-6	6.516266095378829e-6	3.8941469500898685e-6	5.851379521409296e-6
1499	-6.168022030043648e-7	-6.6935100378799065e-6	-7.099551871288312e-7	-6.321674411647351e-6
1500	-2.7486829305685062e-6	-1.382401530001898e-6	-3.447910492547469e-6	-2.588225351932876e-7
1501	2.689188974027989e-6	7.677517029508297e-6	3.777459973223133e-6	6.4420154402194455e-6
1502	9.093458519634408e-7	-4.456138654593771e-6	2.6840775504088783e-7	-5.323885893325648e-6
1503	-3.520890663315819e-6	-4.220984798137195e-6	-4.171717069679268e-6	-1.7072554787149627e-6
1504	1.67422574007148e-6	7.605803726546927e-6	3.402282335707848e-6	6.7032366824861574e-6
1505	2.4568064830699453e-6	-1.588983068380357e-6	1.3355437084544723e-6	-4.126330570484561e-6
1506	-3.6154701742569207e-6	-6.310734692755166e-6	-4.710998237041293e-6	-3.0054412291314023e-6
1507	1.399275533035888e-7	6.348468206290283e-6	2.777205660784029e-6	6.635103500305742e-6
1508	3.695923459708722e-6	1.4271238911462542e-6	2.4332878852603064e-6	-2.794966150261287e-6
1509	-2.9477995720700235e-6	-7.338237929687315e-6	-5.0210937399152635e-6	-4.0889309663858386e-6
1510	-1.6411577822371392e-6	4.142817659207276e-6	1.9244207719168808e-6	6.250621019752912e-6
1511	4.337977987002042e-6	4.099816725055368e-6	3.4970950364244035e-6	-1.400112473420766e-6
1512	-1.580725226507402e-6	-7.17455092145674e-6	-5.073598205826813e-6	-4.910909456175881e-6
1513	-3.329155398229977e-6	1.3824308965204841e-6	8.775051174834751e-7	5.583566645520215e-6
1514	4.194640023717119e-6	6.011442572343977e-6	4.460343116361532e-6	-1.601449752852254e-8
1515	2.715943148307088e-7	-5.891999320768637e-6	-4.8440376992852944e-6	-5.438691554056063e-6
1516	-4.577030836678238e-6	-1.4633649763945503e-6	-3.1417767709777133e-7	4.682205231122776e-6
1517	3.2229294941303378e-6	6.883381605276204e-6	5.263052543823177e-6	1.2799043540315964e-6
1518	2.2915000227958555e-6	-3.7475492458424064e-6	-4.328938899534468e-6	-5.6570202532161474e-6
1519	-5.103529922542562e-6	-3.9281226552640145e-6	-1.5885225998059762e-6	3.6021618398495446e-6
1520	1.5317474428355432e-6	6.625352310658656e-6	5.843893177697973e-6	2.423932634223209e-6
1521	4.112436035867416e-6	-1.1348272577332775e-6	-3.5355341972857577e-6	-5.570563569261626e-6
1522	-4.7478004562669726e-6	-5.625787709175589e-6	-2.876696556078795e-6	2.4100903942777295e-6
1523	-6.126281328602304e-7	5.331866417396438e-6	6.158575508967932e-6	3.36015626254782e-6
1524	5.375819915036244e-6	1.4949447312931353e-6	-2.493769194418072e-6	-5.197187027416519e-6
1525	-3.500980754586952e-6	-6.32163148450283e-6	-4.104560763281601e-6	1.1742900304356587e-6
1526	-2.856379626921361e-6	3.275144820163134e-6	6.169752004218645e-6	4.0478866137150545e-6
1527	5.802996676222138e-6	3.7082352484032045e-6	-1.2497983341598942e-6	-4.5714511403819005e-6
1528	-1.519228749841671e-6	-5.960607513087432e-6	-5.202305044543502e-6	-3.4089676111872385e-8
1529	-4.8012876687468084e-6	8.466417105571947e-7	5.862067528354501e-6	4.458871693832082e-6
1530	5.254475269023632e-6	5.16079596442784e-6	1.3720009630892794e-7	-3.736563551629513e-6
1531	8.933750434874365e-7	-4.6719370053406305e-6	-6.100812142788104e-6	-1.1483597735722018e-6
1532	-6.080191005573885e-6	-1.5240054185058533e-6	5.236512284570286e-6	4.581365149232635e-6
1533	3.761727878372769e-6	5.664736406907461e-6	1.5985350496378842e-6	-2.7519696160153952e-6
1534	3.341910688835787e-6	-2.7389225604121127e-6	-6.741442706597301e-6	-2.103653797626967e-6
1535	-6.420367083395755e-6	-3.4486665419469555e-6	4.315802392556791e-6	4.418030924094723e-6
1536	1.5148878985583087e-6	5.207555663095797e-6	3.054365317225802e-6	-1.6816847726722284e-6
1537	5.406670080959139e-6	-5.331319568471995e-7	-7.07603890308866e-6	-2.849967855025667e-6
1538	-5.699411801865366e-6	-4.634751580169081e-6	3.1355053782548435e-6	3.992416767607962e-6
1539	-1.1447141075361344e-6	3.942180793895829e-6	4.426939290323479e-6	-5.955619359234414e-7
1540	6.69919366387093e-6	1.550629589081662e-6	-7.074884025494193e-6	-3.3484364420629166e-6
1541	-3.9744768237472805e-6	-4.943041888555728e-6	1.7473977910676925e-6	3.342906201954179e-6
1542	-3.782636812030596e-6	2.1565764135963427e-6	5.63698996899773e-6	4.375120731251906e-7
1543	6.95392582929716e-6	3.1624257053965545e-6	-6.726414639036862e-6	-3.5755640903310904e-6
1544	-1.4876071632129185e-6	-4.395663680989375e-6	2.1785444545117595e-7	2.5188091854822304e-6
1545	-5.9427947149434975e-6	2.0025049985338127e-7	6.6183877173016854e-6	1.3470633700123524e-6
1546	6.069701334414108e-6	4.068724021307957e-6	-6.043844784235288e-6	-3.5195009918930732e-6
1547	1.3825209233065828e-6	-3.168549549033005e-6	-1.3699942134098889e-6	1.5822134994838333e-6
1548	-7.236603030745764e-6	-1.569327037509879e-6	7.3145524992572295e-6	2.0747860926171206e-6
1549	4.142846066339803e-6	4.175006969991742e-6	-5.053109940545624e-6	-3.1992505549628452e-6
1550	4.171242872788775e-6	-1.546721027614007e-6	-2.9355300586176302e-6	6.055651326815667e-7
1551	-7.404918824808504e-6	-2.8539206507288025e-6	7.679148084716695e-6	2.574963679877114e-6
1552	1.449159184054303e-6	3.5401384035684767e-6	-3.7986728419873056e-6	-2.646749836327459e-6
1553	6.4002640430475385e-6	1.457108071923894e-7	-4.3983505151994376e-6	-3.3830254327863505e-7
1554	-6.371756810456013e-6	-3.47040224624526e-6	7.692343943733004e-6	2.8151591637890484e-6
1555	-1.594072965324574e-6	2.3573985012797526e-6	-2.3381844897862476e-6	-1.9126859198025186e-6
1556	7.681438399622331e-6	1.5886212859125293e-6	-5.6848900840961455e-6	-1.1779318768812518e-6
1557	-4.269314662783506e-6	-3.3689998803585273e-6	7.347544330641946e-6	2.785007271342096e-6
1558	-4.496406204532512e-6	9.048570793110405e-7	-7.446248721813401e-7	-1.0601187004846632e-6
1559	7.770225676802607e-6	2.5343969743176213e-6	-6.728787113414905e-6	-1.8515966424494351e-6
1560	-1.4089827940470582e-6	-2.643385524880867e-6	6.659747948558878e-6	2.4929510196477896e-6
1561	-6.773640294096279e-6	-5.152888264318937e-7	8.993638043684009e-7	-1.5387060432768775e-7
1562	6.615692113729897e-6	2.845839604831787e-6	-7.47247915021736e-6	-2.3122958871258063e-6
1563	1.7675829418665237e-6	-1.5025509293123608e-6	5.661461492285149e-6	1.9704167712226894e-6
1564	-8.036573866342632e-6	-1.6186538202984942e-6	2.514088219997279e-6	7.336375457029149e-7
1565	4.374272097427554e-6	2.52436873915352e-6	-7.877646009698463e-6	-2.531159576228006e-6
1566	4.750961317466861e-6	-2.2031334426174747e-7	4.397200543564921e-6	1.2638408893009073e-6
1567	-8.056131129771989e-6	-2.209387994318061e-6	4.019218042040551e-6	1.5330653833266016e-6
1568	1.3843257212867586e-6	1.7000085283095453e-6	-7.919803819476765e-6	-2.489640808063929e-6
1569	7.053575153471103e-6	9.20162201740285e-7	2.9281488078097373e-6	4.2748707254276383e-7
1570	-6.802495027852214e-6	-2.202495480056649e-6	5.341549401789446e-6	2.1831682416053325e-6
1571	-1.88920433507348e-6	5.961608658784196e-7	-7.601007640786776e-6	-2.190910792376602e-6
1572	8.289387392940856e-6	1.675065195816946e-6	1.3333155628097528e-6	-4.770536062854685e-7
1573	-4.453355104157653e-6	-1.6454677066452709e-6	6.412557558467133e-6	2.632345499759056e-6
1574	-4.9207412173458885e-6	-5.169551225743833e-7	-6.941911851943303e-6	-1.6522051678350644e-6
1575	8.243153961839402e-6	1.8936640725175042e-6	-3.0411239830358265e-7	-1.3800421983833782e-6
1576	-1.3727934655073773e-6	-7.10265081958475e-7	7.179546683144951e-6	2.8444137634778882e-6
1577	-7.223241876723477e-6	-1.3687816914747146e-6	-5.980368838933579e-6	-9.114505759435085e-7
1578	6.9126643246578825e-6	1.550921629414006e-6	-1.902149457108382e-6	-2.2120751222731094e-6
1579	1.9554680650266784e-6	3.595233122777134e-7	7.6048213696867315e-6	2.7959745129778723e-6
1580	-8.423523872776482e-6	-1.7608184591821418e-6	-4.764350157077813e-6	-2.2716019475198506e-8
1581	4.492177620504056e-6	7.523777465593363e-7	-3.384056140511552e-6	-2.9053041168558667e-6
1582	5.003477665439673e-6	1.2977340328981885e-6	7.679922400468091e-6	2.4810037565792593e-6
1583	-8.321496820385796e-6	-1.6054945562443593e-6	-3.3628424180969833e-6	9.508245972218507e-7
1584	1.358109118218591e-6	-2.970858015890505e-7	-4.675583819343192e-6	-3.4057537176876207e-6
1585	7.285352657110611e-6	1.8639013751955419e-6	7.411903834112726e-6	1.9158940017080174e-6
1586	-6.925519171733926e-6	-9.310304949371853e-7	-1.8510593319460195e-6	1.941200682590084e-6
1587	-1.9897061014624793e-6	-1.3388389420043559e-6	-5.718436139908625e-6	-3.6710939013215673e-6
1588	8.435377100037506e-6	1.9015293467434932e-6	6.8221518832887626e-6	1.125712340351718e-6
1589	-4.459038214242969e-6	1.1448472539101015e-7	-3.0463256927900143e-7	2.883301731319344e-6
1590	-5.01450993122668e-6	-2.1125973206083453e-6	-6.470577123115342e-6	-3.67232332500243e-6
1591	8.27320291145581e-6	1.368528983597795e-6	5.9478955745674855e-6	1.616043351850534e-7
1592	-1.3154897677528526e-6	1.2949457772088165e-6	1.1959687146221373e-6	3.7068073112687307e-6
1593	-7.240339344713902e-6	-2.4003105168664374e-6	-6.903818569444905e-6	-3.395385520140246e-6
1594	6.830385981710967e-6	3.4767234151137657e-7	4.840255454283869e-6	-9.173894397001694e-7
1595	2.000159125835395e-6	2.3279605658560327e-6	2.579757050595766e-6	4.347988270721843e-6
1596	-8.320233347869163e-6	-2.08214603480116e-6	-7.0078427854040505e-6	-2.8436842330302114e-6
1597	4.347537044718389e-6	-9.599271125725104e-7	3.5645698022762086e-6	-2.0486295046950943e-6
1598	4.9555759456400206e-6	2.946535773383869e-6	3.7823165513620255e-6	4.7558355238817025e-6
1599	-8.091452643039222e-6	-1.1669485069952228e-6	-6.7914751617048865e-6	-2.03931577467041e-6
1600	1.2366461513892893e-6	-2.2762490263014845e-6	2.1930178573481355e-6	-3.1608430801146174e-6
1601	7.083798371623184e-6	2.9588294355625723e-6	4.753191022873461e-6	4.891849924902453e-6
1602	-6.611370974337171e-6	1.9973932926211095e-7	-6.277097925073262e-6	-1.0252377640891912e-6
1603	-1.9933174203159625e-6	-3.3020183825411527e-6	7.958723214086746e-7	-4.179783920656133e-6
1604	8.064609658900714e-6	2.2862494982029046e-6	5.45191165561304e-6	4.736589135604105e-6
1605	-4.146906427147744e-6	1.7674249948883396e-6	-5.5036535199118885e-6	1.4844497722045054e-7
1606	-4.823035999793526e-6	-3.7684708161571077e-6	-5.553344229650576e-7	-5.0370207954981184e-6
1607	7.76912476326343e-6	9.922231989454168e-7	5.856715616228587e-6	4.284623695807949e-6
1608	-1.1242044453415043e-6	3.2208273226529997e-6	-4.524637146892151e-6	1.4199522225902082e-6
1609	-6.813799754941934e-6	-3.508519758342006e-6	-1.795982761426298e-6	-5.67585085477813e-6
1610	6.279727443096713e-6	-7.179485209038379e-7	5.961026410055619e-6	3.548511098639745e-6
1611	1.960410422814644e-6	4.239226197364866e-6	-3.399835390190715e-6	2.7157029840091873e-6
1612	-7.677511449846348e-6	-2.491425262553102e-6	-2.870576758244527e-6	-6.048049981266157e-6
1613	3.880125545602515e-6	-2.5392664194555193e-6	5.777379565993084e-6	2.555595318369788e-6
1614	4.614003723800173e-6	4.559832265012077e-6	-2.192350596437305e-6	3.965036404190655e-6
1615	-7.318106991738025e-6	-8.350884961777058e-7	-3.730992899329278e-6	-6.120940207638237e-6
1616	9.914940547471188e-7	-4.122606037505858e-6	5.33088148215694e-6	1.3484520920940083e-6
1617	6.432863369496628e-6	4.041330029531236e-6	-9.67821493344186e-7	5.093899928061024e-6
1618	-5.842805215969067e-6	1.201809390502234e-6	-4.341142237900316e-6	-5.879464064923691e-6
1619	-1.9031756092424367e-6	-5.131628293507361e-6	4.655119452681488e-6	-1.314819844969617e-8
1620	7.164488311865173e-6	2.696031123244434e-6	2.1136065579537376e-7	6.031379774573125e-6
1621	-3.5416078052291723e-6	3.2623827157585718e-6	-4.680082550276258e-6	-5.318076768583073e-6
1622	-4.3395086483732524e-6	-5.30935188498467e-6	3.7941906795320745e-6	-1.4590666238314311e-6
1623	6.743056732708208e-6	6.95839597513194e-7	1.2831731079847836e-6	6.7183428388931635e-6
1624	-8.322486657157621e-7	4.964788643789103e-6	-4.7458796973765876e-6	-4.454788762772166e-6
1625	-5.9534151487682326e-6	-4.545917453105102e-6	2.807022806081587e-6	-2.917399569638777e-6
1626	5.297209452064309e-6	-1.6433338671104187e-6	2.1887281004094923e-6	7.112083661815233e-6
1627	1.8287078208742057e-6	5.9603006595150565e-6	-4.549163259967173e-6	-3.3238525224807107e-6
1628	-6.5310123972084825e-6	-2.8946884186248656e-6	1.7572509567605838e-6	-4.30753616017801e-6
1629	3.12299098232253e-6	-3.9223748382719996e-6	2.883637123873357e-6	7.183206608236388e-6
1630	4.011767580123062e-6	6.0004282826992774e-6	-4.113847265886582e-6	-1.976410371495852e-6
1631	-6.042155452239536e-6	-5.753576632450836e-7	7.095963630957178e-7	-5.55871883858297e-6
1632	6.253381700419279e-7	-5.7278847753396375e-6	3.341167623202252e-6	6.917845977544194e-6
1633	5.389686686629321e-6	5.000819745473964e-6	-3.4811619755882576e-6	-4.7429637696965557e-7
1634	-4.636217645646011e-6	2.0396270702333102e-6	-2.7328757555146877e-7	-6.600565537615359e-6
1635	-1.767440209874621e-6	-6.6949085417932985e-6	3.5486546858497937e-6	6.311328699856702e-6
1636	5.799172447782979e-6	3.060988704161337e-6	-2.7016700494306235e-6	1.1149348259102016e-6
1637	-2.6110053404187294e-6	4.508440862813554e-6	-1.1313501434719652e-6	-7.374729215875875e-6
1638	-3.6647715481607183e-6	-6.5964078221233965e-6	3.5079882625410174e-6	5.3829349895732045e-6
1639	5.2361988324917144e-6	4.610547474778518e-7	-1.832397324885819e-6	2.7138386128051633e-6
1640	-3.492010552142942e-7	6.387357472543557e-6	-1.8174965513860857e-6	-7.83697519966473e-6
1641	-4.784033457075023e-6	-5.379404001037885e-6	3.2322687119215922e-6	4.1715659047691135e-6
1642	3.872065777974612e-6	-2.3857720400853296e-6	-9.333471300595912e-7	4.242782922467142e-6
1643	1.7434747071424942e-6	7.3158229934124265e-6	-2.295244658558702e-6	-7.956114310912781e-6
1644	-4.9993116051951735e-6	-3.1892387783574227e-6	2.7528219895187155e-6	2.732100664035052e-6
1645	2.0086101686892893e-6	-5.002062901386123e-6	-6.948240701810514e-8	5.6246812309577685e-6
1646	3.318754777225452e-6	7.083214177613056e-6	-2.5441149210516327e-6	-7.712188435233266e-6
1647	-4.3529785080202086e-6	-3.523228513006624e-7	2.1146481616800456e-6	1.1252216559720014e-6
1648	1.4309508512412375e-8	-6.9292372090097174e-6	7.018974898016844e-7	6.785017079329683e-6
1649	4.151373648414878e-6	5.6712661586429595e-6	-2.5588072953886232e-6	-7.105561307194812e-6
1650	-3.038044178878262e-6	2.680476749459666e-6	1.3726547796163308e-6	-5.771842763089898e-7
1651	-1.742955483791162e-6	-7.808748117976033e-6	1.3292438113349193e-6	7.663840628610711e-6
1652	4.159784259502595e-6	3.2688955116636097e-6	-2.3478195020703076e-6	-6.1573991938176295e-6
1653	-1.3545570196943834e-6	5.403870337781876e-6	5.847909641034844e-7	-2.294046921637784e-6
1654	-2.969550602764666e-6	-7.452242002292686e-6	1.7694446860366632e-6	8.209227784680883e-6
1655	3.428236950731798e-6	2.424070129647455e-7	-1.933244489487181e-6	-4.910379985369326e-6
1656	3.4744183463716436e-7	7.352271740267258e-6	-1.9077933569442036e-7	-3.933456621047343e-6
1657	-3.4963533223463687e-6	-5.876491848808975e-6	1.994758705668721e-6	8.383538847739467e-6
1658	2.173575339932493e-6	-2.926128729152468e-6	-1.3522070527588408e-6	-3.4168805858079716e-6
1659	1.746018574232329e-6	8.177111513369254e-6	-8.912941820158016e-7	-5.41227763216443e-6
1660	-3.2964995530923415e-6	-3.3063685775401593e-6	1.9921411180390747e-6	8.173521670775179e-6
1661	6.903646616761714e-7	-5.718297418703417e-6	-6.536304069740392e-7	-1.7484017787122952e-6
1662	2.607815634469196e-6	7.71314995083254e-6	-1.461049908535627e-6	-6.65755675109549e-6
1663	-2.489106230312843e-6	-1.3468212353578803e-7	1.7637084875238879e-6	7.587097831509537e-6
1664	-7.019734993919058e-7	-7.666853923630981e-6	1.0541353328760947e-7	7.99095868575515e-9
1665	2.822074449336764e-6	6.001367434086262e-6	-1.8544064460256821e-6	-7.599572968609327e-6
1666	-1.307700901059826e-6	3.1295595607832094e-6	1.3285231862035735e-6	6.649439894499802e-6
1667	-1.729576403872028e-6	-8.433366306287378e-6	8.628356452123546e-7	1.7656704242356869e-6
1668	2.4155195546510367e-6	3.3021554246005015e-6	-2.0397498535855467e-6	-8.18976637572755e-6
1669	-3.842606997629547e-8	5.953652169786547e-6	7.190344594690949e-7	5.406448324946007e-6
1670	-2.2193388267055913e-6	-7.875366482746504e-6	1.5551831923333373e-6	3.439725537649773e-6
1671	1.538756285407073e-6	3.759243982473737e-8	-1.9957337438535144e-6	-8.404573088959063e-6
1672	1.0397491236205268e-6	7.877607442442657e-6	-2.030238368279147e-8	3.921811669647358e-6
1673	-2.1233274558708204e-6	-6.063873312034507e-6	2.1221873731129955e-6	4.947422577679177e-6
1674	4.344347648815382e-7	-3.274025655132317e-6	-1.7157512529451174e-6	-8.231663080110013e-6
1675	1.6994866948884275e-6	8.58300972280418e-6	-8.317041185470603e-7	2.26936285982909e-6
1676	-1.5123257093303044e-6	-3.278746960364335e-6	2.509370259394572e-6	6.2136115841397975e-6
1677	-6.25115096506037e-7	-6.096601456561862e-6	-1.2140790567480614e-6	-7.683341488085496e-6
1678	1.8257244563663391e-6	7.943129635726524e-6	-1.6505053406046217e-6	5.34188115274268e-7
1679	-5.70193548805532e-7	3.8057499816545186e-8	2.682104721079534e-6	7.174534774767162e-6
1680	-1.3896610782646174e-6	-7.97583540498667e-6	-5.23338693966206e-7	-6.78899287897347e-6
1681	1.4209955079238583e-6	6.057948558045854e-6	-2.409405932128231e-6	-1.197411979996577e-6
1682	4.580606494927992e-7	3.348760800003914e-6	2.6149164979484784e-6	7.784047088864731e-6
1683	-1.6863346642668836e-6	-8.610563678467562e-6	3.103649775927437e-7	-5.596773297133395e-6
1684	6.076374923429245e-7	3.2335283552591896e-6	-3.0415836136732637e-6	-2.8371592867442176e-6
1685	1.312725563652623e-6	6.126285312061006e-6	2.29662142276164e-6	8.016155466200791e-6
1686	-1.453726049354064e-6	-7.903835590731241e-6	1.2315310781863969e-6	-4.1734403513918265e-6
1687	-4.0713648035737153e-7	-7.581742167757137e-8	-3.4954227811104154e-6	-4.305027906400174e-6
1688	1.7737073434155492e-6	7.935113398562942e-6	1.737958912844092e-6	7.874762544323029e-6
1689	-7.437253947606709e-7	-5.981263312827657e-6	2.175867944940109e-6	-2.5987130704364235e-6
1690	-1.3661839692148606e-6	-3.339345553096664e-6	-3.7279439699510775e-6	-5.526976494302929e-6
1691	1.7146465246799047e-6	8.501036002671756e-6	9.691367497658588e-7	7.3726253927398495e-6
1692	2.7660409586806166e-7	-3.1594420820784985e-6	3.0737623997138453e-6	-9.565359804078457e-7
1693	-2.023486722276342e-6	-6.047041627119987e-6	-3.7078805266684835e-6	-6.445649089499187e-6
1694	1.1242704225539003e-6	7.750482229846087e-6	2.9460609875342674e-8	6.5426656990130446e-6
1695	1.3703167573039645e-6	1.0321885939054205e-7	3.861597968970007e-6	6.668761373609364e-7
1696	-2.190521859380606e-6	-7.776913080504363e-6	-3.420863568143341e-6	-7.023174278161704e-6
1697	1.0802761584809648e-7	5.82087389882048e-6	-1.0263505681938203e-6	5.43859154600603e-6
1698	2.2754454375819026e-6	3.2841520908788012e-6	4.476799121770529e-6	2.1931837311569658e-6
1699	-1.7832853248494502e-6	-8.273173717649286e-6	-2.8696939339988625e-6	-7.246767832890395e-6
1700	-1.1281433767881117e-6	3.037340023546057e-6	-2.1341914718198185e-6	4.126740586276751e-6
1701	2.7523069222944268e-6	5.8852629842786855e-6	4.8689573098420265e-6	3.5431706291495533e-6
1702	-8.397931877452496e-7	-7.484793971599635e-6	-2.073278949561534e-6	-7.114705309247896e-6
1703	-2.313640012912131e-6	-1.4054459181937207e-7	-3.2283841377434406e-6	2.6866198959736594e-6
1704	2.637186328315625e-6	7.5112157878367745e-6	5.001689677463191e-6	4.650815898263408e-6
1705	4.852608179990674e-7	-5.564521926838077e-6	-1.0692972012732174e-6	-6.650150212611805e-6
1706	-3.1749092722008278e-6	-3.203021682206174e-6	-4.239283285874022e-6	1.2030407078001598e-6
1707	1.8846844918277203e-6	7.92668929094298e-6	4.849872698215424e-6	5.468543711362362e-6
1708	1.937664944082666e-6	-2.8441731568764896e-6	9.375866938516952e-8	-5.895731774105614e-6
1709	-3.4739278758697346e-6	-5.66781750685682e-6	-5.097261567602535e-6	-2.460179970460639e-7
1710	5.879976999497941e-7	7.101314624002588e-6	4.406919188641123e-6	5.968374980489397e-6
1711	3.2160538922345723e-6	2.1683233072305834e-7	1.3541907566017066e-6	-4.904021243730537e-6
1712	-3.0787763287062385e-6	-7.161568615444871e-6	-5.7399984134834315e-6	-1.5851711467757052e-6
1713	-1.0405835959674964e-6	5.207325250226575e-6	3.6848415188390165e-6	6.140487019164871e-6
1714	4.0308055824963526e-6	3.1171968863057225e-6	2.6416144647451304e-6	-3.74215228965312e-6
1715	-1.992383105651022e-6	-7.4811631595043585e-6	-6.120172890194765e-6	-2.754454976323667e-6
1716	-2.7002289220076403e-6	2.584291512053817e-6	2.708859464695226e-6	5.997638005056897e-6
1717	4.1599090165667915e-6	5.403601412459227e-6	3.8837238166895515e-6	-2.4819494153789775e-6
1718	-3.603001423433444e-7	-6.620932841098814e-6	-6.205031671667463e-6	-3.697517825730029e-6
1719	-4.0628653832159e-6	-3.190785561625004e-7	1.5201651625911264e-6	5.566967123047222e-6
1720	3.500660886233278e-6	6.736218447186877e-6	5.011636755056377e-6	-1.1964450283418447e-6
1721	1.5537664907337817e-6	-4.767131358033506e-6	-5.982367514797092e-6	-4.372921787920397e-6
1722	-4.83511464350603e-6	-3.0186780826491312e-6	1.7620878490316246e-7	4.886305224019049e-6
1723	2.0996286688290246e-6	6.941141068250422e-6	5.957808719242927e-6	4.193797963666895e-8
1724	3.41042793554019e-6	-2.2645460153079865e-6	-5.450749467320341e-6	-4.757513110986835e-6
1725	-4.804075164299104e-6	-5.089896532911179e-6	-1.2542947306323043e-6	4.00823239890932e-6
1726	1.5189942175978598e-7	6.04036213998359e-6	6.663027808393207e-6	1.1673371703698923e-6
1727	4.857307881169375e-6	4.445593935619305e-7	-4.621875716527867e-6	-4.845482387727895e-6
1728	-3.9013243013122775e-6	-6.228162381437323e-6	-2.6971223729246896e-6	2.9907395352869404e-6
1729	-2.028762023278136e-6	4.238855413258809e-6	7.079185940924503e-6	2.1205419288485867e-6
1730	5.5932724536625375e-6	2.9031001937876783e-6	-3.5223057667378852e-6	-4.655698159410049e-6
1731	-2.2163408061727764e-6	-6.2975496344385866e-6	-4.080142068089931e-6	1.905250848656679e-6
1732	-4.066017572764675e-6	1.8799518971863444e-6	7.175069203128919e-6	2.855561797367214e-6
1733	5.420401787979477e-6	4.724352247100367e-6	-2.2051709520959554e-6	-4.217007982828186e-6
1734	1.5442883864228984e-8	-5.348745680810212e-6	-5.327351919991334e-6	8.197094882629232e-7
1735	-5.588338155110326e-6	-6.074387524142637e-7	6.937477431168413e-6	3.3412950664722274e-6
1736	4.297555503657965e-6	5.6412576762895005e-6	-7.358409996303148e-7	-3.5667693626401358e-6
1737	2.4368941672229887e-6	-3.6047347273340514e-6	-6.369966657424124e-6	-2.011316088788969e-7
1738	-6.291750478932761e-6	-2.7921583310229693e-6	6.36828729995947e-6	3.561394550096355e-6
1739	2.3556503666865315e-6	5.5575288141321925e-6	8.134769103858306e-7	-2.756995246645112e-6
1740	4.641115774672642e-6	-1.4124993443062778e-6	-7.14883423230346e-6	-1.0983055717021921e-6
1741	-5.994665142539906e-6	-4.326238463325155e-6	5.486153969428109e-6	3.5196593034506963e-6
1742	-1.3106262806095963e-7	4.554207222331785e-6	2.368954446107207e-6	-1.849573970873597e-6
1743	6.236805487585741e-6	8.184248385424281e-7	-7.623108744380691e-6	-1.8173205235922151e-6
1744	-4.67590256464127e-6	-4.991143321882301e-6	4.332334622327886e-6	3.2318629314780788e-6
1745	-2.77001937868686e-6	2.8734781838634915e-6	3.854696286075139e-6	-9.099237350542286e-7
1746	6.910984069490926e-6	2.69302075504737e-6	-7.763255895440258e-6	-2.3222396038096747e-6
1747	-2.5000330952069218e-6	-4.733331325246084e-6	2.962665077584511e-6	2.7302891505229825e-6
1748	-5.118738466749291e-6	8.642474638883757e-7	5.19417932186195e-6	-2.5311108126432545e-9
1749	6.492243409946117e-6	3.907042860595182e-6	-7.556817307091709e-6	-2.584864526489048e-6
1750	2.1119391843737102e-7	-3.6678753418083022e-6	1.440875749499876e-6	2.058844154942384e-6
1751	-6.768163728706287e-6	-1.083650334909823e-6	6.318507291403773e-6	8.131434869864696e-7
1752	4.993046068426772e-6	4.291884766224127e-6	-7.010539890250742e-6	-2.603239261202523e-6
1753	3.0314284370357647e-6	-2.0572966006180254e-6	-1.6228798515173852e-7	1.2724015970865374e-6
1754	-7.403192141508881e-6	-2.614072236243071e-6	7.176053771113124e-6	1.483841017342673e-6
1755	2.612827341813169e-6	3.842261036533356e-6	-6.151134770665816e-6	-2.38021793362712e-6
1756	5.487926343403222e-6	-2.49334892330562e-7	-1.7755986252562713e-6	4.296177455454929e-7
1757	-6.86715644574883e-6	-3.4773605817573343e-6	7.725486886441474e-6	1.9619655166612298e-6
1758	-2.839156610411539e-7	2.711218345934714e-6	-5.014052866904892e-6	-1.9384924561728416e-6
1759	7.158556409951147e-6	1.3915898677121297e-6	-3.322502298073521e-6	-4.054496598730652e-7
1760	-5.20517887584324e-6	-3.5612581711032153e-6	7.93813438690583e-6	2.21681419429808e-6
1761	-3.2350177718092944e-6	1.1800107883834187e-6	-3.6510752625250333e-6	-1.3197866972337785e-6
1762	7.73741830729766e-6	2.558366988700683e-6	-4.728702824207356e-6	-1.169293505293315e-6
1763	-2.6589852271786187e-6	-2.9133259521772135e-6	7.80057298219741e-6	2.232182125151592e-6
1764	-5.7548886631188445e-6	-4.132154428553493e-7	-2.1241576675604514e-6	-5.708188628634436e-7
1765	7.091080568936559e-6	3.0536411756383743e-6	-5.923504473140302e-6	-1.804777442029904e-6
1766	3.7288540615493896e-7	-1.7157207529536393e-6	7.3155053461151366e-6	2.005614221995493e-6
1767	-7.415007094681257e-6	-1.7343977211009904e-6	-5.044658527725883e-7	2.533452553491081e-7
1768	5.296133684250504e-6	2.8225532334507096e-6	-6.851086579538381e-6	-2.264585245178631e-6
1769	3.4034596673017415e-6	-2.6745781691041526e-7	6.510352146985437e-6	1.556038834689401e-6
1770	-7.924436791634953e-6	-2.5174030835527873e-6	1.1256682589793405e-6	1.088548958503766e-6
1771	2.6330841871297796e-6	1.9644874627865027e-6	-7.466637366113492e-6	-2.508800319047133e-6
1772	5.935139910526335e-6	1.0966663000621482e-6	5.418247811393113e-6	9.175580893688793e-7
1773	-7.179688372248623e-6	-2.6278763564231968e-6	2.689734148792663e-6	1.8705969033000473e-6
1774	-4.7384582890157205e-7	7.050961820203979e-7	-7.738990348076076e-6	-2.5161843386720566e-6
1775	7.5535110296203126e-6	2.08044786107792e-6	4.092707908462495e-6	1.3106070311545625e-7
1776	-5.291603932744546e-6	-2.0751304289460376e-6	4.111067923683594e-6	2.540222827791115e-6
1777	-3.5237879118249503e-6	-6.503535355147101e-7	-7.65560362383952e-6	-2.2796284593365725e-6
1778	7.987234681002931e-6	2.473670830996353e-6	2.6044908034979126e-6	-7.500589272918758e-7
1779	-2.565999701863882e-6	-1.0069341015064393e-6	5.3190101952170065e-6	3.0429116229730373e-6
1780	-6.02341496662437e-6	-1.7827153627979386e-6	-7.225998435917239e-6	-1.807724658860162e-6
1781	7.162037146566108e-6	2.1938317726228256e-6	1.0330091125386316e-6	-1.6665474202762637e-6
1782	5.58132330342584e-7	3.165932667692671e-7	6.252825152915345e-6	3.336416912754131e-6
1783	-7.574695301584361e-6	-2.4213491054268967e-6	-6.474589330214944e-6	-1.1207011675512467e-6
1784	5.217645729540709e-6	1.3121942713248858e-6	-5.433661200822241e-7	-2.5535239792009213e-6
1785	3.578762152865065e-6	1.5722535811764073e-6	6.872797264332224e-6	3.387225968092293e-6
1786	-7.933020607464908e-6	-2.410091571027026e-6	-5.445860422193025e-6	-2.5303262605745126e-7
1787	2.477748590734744e-6	3.471510017498472e-8	-2.0477811240054276e-6	-3.3435289943987503e-6
1788	6.013428596367818e-6	2.4573681398396694e-6	7.156577282858925e-6	3.1751139454343496e-6
1789	-7.047646128397127e-6	-1.7382671334757333e-6	-4.202586696560763e-6	7.422317521784239e-7
1790	-6.148445454571355e-7	-1.3398704598403492e-6	-3.402037089114639e-6	-3.972334801788242e-6
1791	7.476545709221388e-6	2.7476949799961066e-6	7.097403035533616e-6	2.6972303955356467e-6
1792	-5.08086577344227e-6	-5.438239149236129e-7	-2.8141202708811768e-6	1.8035749382273819e-6
1793	-3.5590337748609057e-6	-2.487504755618887e-6	-4.54353649223358e-6	-4.391233668755498e-6
1794	7.753464925387416e-6	2.346435211391684e-6	6.7110374916226865e-6	1.9690741113393766e-6
1795	-2.366069210179674e-6	9.212020648646074e-7	-1.3546165624372639e-6	2.8623504504251855e-6
1796	-5.888637832125017e-6	-3.1287680511435444e-6	-5.420475957319697e-6	-4.5543107626943566e-6
1797	6.825708739015656e-6	1.3028935076952604e-6	6.026442694637697e-6	1.021920255808598e-6
1798	6.452218365475183e-7	2.337493680331284e-6	9.807855918288998e-8	3.8439422976430684e-6
1799	-7.248855860401774e-6	-3.0828144803455458e-6	-5.996289586684698e-6	-4.435770114416689e-6
1800	4.871519511843638e-6	-1.911365380755841e-7	5.091999545740771e-6	-9.270315467185899e-8
1801	3.4674996027042828e-6	3.3816214217090073e-6	1.4709720076838012e-6	4.68314022698687e-6
1802	-7.451002715759008e-6	-2.3039955884350344e-6	-6.258647079992124e-6	-4.022865063950729e-6
1803	2.2307149389520327e-6	-1.837939803078151e-6	3.966861275151456e-6	-1.3132919921070871e-6
1804	5.661126479179952e-6	3.7915285728796966e-6	2.696563192906242e-6	5.3113637518582265e-6
1805	-6.500332740633536e-6	-9.046287481918625e-7	-6.205850413102509e-6	-3.3177619595364653e-6
1806	-6.567645505685947e-7	-3.295949095928307e-6	2.7179016591088616e-6	-2.568719846478984e-6
1807	6.9027475240333824e-6	3.4294025233756376e-6	3.715245957479315e-6	5.675336187609207e-6
1808	-4.5854466061134525e-6	8.708315312652084e-7	-5.8496565704152984e-6	-2.350669283254379e-6
1809	-3.3233795948140454e-6	-4.244059779093604e-6	1.4132153167080246e-6	-3.780087836739127e-6
1810	7.027553884364649e-6	2.300904238146822e-6	4.485257400014656e-6	5.738317931693153e-6
1811	-2.046407243207279e-6	2.68905987440851e-6	-5.222852097891584e-6	-1.1691550442105812e-6
1812	-5.354484617245697e-6	-4.4414171046434144e-6	1.2480190553351792e-7	-4.869075583435481e-6
1813	6.058804691991429e-6	5.685237560688149e-7	4.971339544164617e-6	5.477068814702037e-6
1814	6.831070853637957e-7	4.188804701592115e-6	-4.374660080309956e-6	1.660821518284989e-7
1815	-6.453841076360729e-6	-3.781119900239127e-6	-1.0731018788449016e-6	-5.762419929881065e-6
1816	4.2009524591159416e-6	-1.4745990376500612e-6	5.160843253749091e-6	4.896618128473086e-6
1817	3.156085166244728e-6	5.045405266182861e-6	-3.3639033018765064e-6	1.5811583760680087e-6
1818	-6.487888116404678e-6	-2.323332197478343e-6	-2.120990448884764e-6	-6.3986944776389165e-6
1819	1.7965336778806264e-6	-3.453369385447815e-6	5.05518061448315e-6	4.018970973562907e-6
1820	4.9893471912851464e-6	5.0439873248323866e-6	-2.253674935490194e-6	2.9945752029820307e-6
1821	-5.505777523150623e-6	-2.82734652229974e-7	-2.9643087996586697e-6	-6.732540641713906e-6
1822	-7.389462086502896e-7	-4.991847013458143e-6	4.678894030265787e-6	2.8805610344456044e-6
1823	5.926963114800029e-6	4.110907764908286e-6	-1.113347391619802e-6	4.329186249609714e-6
1824	-3.7255012942120636e-6	2.007285142693742e-6	-3.5623250610350167e-6	-6.736642906165098e-6
1825	-2.9838957476992577e-6	-5.77207308756717e-6	4.069351749145564e-6	1.5337789212585925e-6
1826	5.8653161551474894e-6	2.3513857509527857e-6	-1.4860395599441412e-8	5.511157820785024e-6
1827	-1.4835743575714386e-6	4.140258394325407e-6	-3.887531038269012e-6	-6.4049893643284316e-6
1828	-4.59275209719867e-6	-5.590822768590355e-6	3.2726279652698413e-6	4.55739259908736e-8
1829	4.874084767442482e-6	2.5707124069474092e-8	9.773831288905306e-7	6.4697307457682395e-6
1830	8.221563322529157e-7	5.719303242698186e-6	-3.937779574228342e-6	-5.743261898743714e-6
1831	-5.3449078917006294e-6	-4.411889962343668e-6	2.3474503111657676e-6	-1.5059006213429648e-6
1832	3.184082819722861e-6	-2.4862487418181704e-6	1.8031881677370363e-6	7.151567965319026e-6
1833	2.8054035693931275e-6	6.4289497591186195e-6	-3.7222638953097374e-6	-4.776782975482225e-6
1834	-5.176488637701901e-6	-2.381877666879759e-6	1.3612772347059573e-6	-3.0427935773673377e-6
1835	1.129784873042871e-6	-4.753622760743212e-6	2.4141957964308273e-6	7.5166674862724595e-6
1836	4.1595104019349114e-6	6.087029232676653e-6	-3.2686895205800353e-6	-3.5461102160457114e-6
1837	-4.180387703339761e-6	1.9330571413332645e-7	3.856838899950547e-7	-4.487474731988416e-6
1838	-9.146749356297209e-7	-6.366531991493918e-6	2.7760125133761328e-6	7.539052664136357e-6
1839	4.70869094414901e-6	4.690533710883181e-6	-2.6173128098239506e-6	-2.1086366817006898e-6
1840	-2.597028548909398e-6	2.898234085501112e-6	-5.098857996458616e-7	-5.7663526431295e-6
1841	-2.609388923917111e-6	-7.012141422477825e-6	2.8773643695155805e-6	7.209474467749859e-6
1842	4.426975821390693e-6	2.426130596761741e-6	-1.826135882860325e-6	-5.302946502252142e-7
1843	-7.474642098073161e-7	5.2797154610389564e-6	-1.261209776189623e-6	-6.812661737044303e-6
1844	-3.693259154840437e-6	-6.529373953739879e-6	2.7235858129772506e-6	6.5344815892853644e-6
1845	3.4280477006152566e-6	-3.634233342439366e-7	-9.611938882033733e-7	1.1118950822366757e-6
1846	1.025496343034047e-6	6.920379445525886e-6	-1.8189880534418696e-6	-7.568744356862842e-6
1847	-4.026861965281257e-6	-4.9460055887464504e-6	2.3373013410836434e-6	5.544810570572392e-6
1848	1.9536295057062374e-6	-3.2352082523873925e-6	-9.434105734097222e-8	2.738206192612227e-6
1849	2.4131477172617294e-6	7.511405962238596e-6	-2.1489498342271226e-6	-7.992366068687296e-6
1850	-3.6151037598773615e-6	-2.4808961540243116e-6	1.7551532302166572e-6	4.282467993265503e-6
1851	3.142725685866608e-7	-5.713813550319646e-6	7.071155529902176e-7	4.265774976411949e-6
1852	3.202658961204894e-6	6.907275946200572e-6	-2.231138010199577e-6	-8.05847174223932e-6
1853	-2.5996391150086514e-6	4.90527051755301e-7	1.0291163522517916e-6	2.809333662883253e-6
1854	-1.1722544264930323e-6	-7.374819639511723e-6	1.3839307476424318e-6	5.6194908348421444e-6
1855	3.2969549400729155e-6	5.163454283989563e-6	-2.068708390165612e-6	-7.762835041320883e-6
1856	-1.2311123863722197e-6	3.500242661361331e-6	2.2155833386465477e-7	1.1942233020840737e-6
1857	-2.2335980323839437e-6	-7.912500999313887e-6	1.891170466289716e-6	6.7313846792663305e-6
1858	2.7372730212377273e-6	2.5292297596553696e-6	-1.683131226066378e-6	-7.115094238987668e-6
1859	1.879758456835237e-7	6.055849822208883e-6	-6.04053922612372e-7	-4.826037533112106e-7
1860	-2.699961019766566e-6	-7.201361915736399e-6	2.188155315703033e-6	7.542183100494138e-6
1861	1.6944144088400076e-6	-5.894137145911788e-7	-1.1039866156794426e-6	-6.14616395269548e-6
1862	1.3682390279671152e-6	7.720304676831725e-6	-1.3822564120374197e-6	-2.136811347109298e-6
1863	-2.530396588875604e-6	-5.323310630825419e-6	2.252272367568782e-6	8.014983640313234e-6
1864	4.3057033530044287e-7	-3.697137274805904e-6	-3.7023275416139904e-7	-4.907842159764073e-6
1865	2.081415402996782e-6	8.201430378721847e-6	-2.05983624362437e-6	-3.6884698039959703e-6
1866	-1.8065366297479745e-6	-2.5593771563469563e-6	2.0763746552712244e-6	8.132185278159146e-6
1867	-7.622375624597947e-7	-6.2918124491429065e-6	4.6349426442840013e-7	-3.4633248456907873e-6
1868	2.2061317264153155e-6	7.396013396720771e-6	-2.5803693065041876e-6	-5.062928249620372e-6
1869	-7.291069095307721e-7	6.625501587827174e-7	1.6630424255090643e-6	7.89159777399823e-6
1870	-1.6183970353548837e-6	-7.942557021909398e-6	1.3377634246778095e-6	-1.8857150552803409e-6
1871	1.7510344487731544e-6	5.409161399734934e-6	-2.8964151048253727e-6	-6.193813134313206e-6
1872	4.2664374233247286e-7	3.8291081583929145e-6	1.035615475029291e-6	7.307979439852511e-6
1873	-1.9560318531870336e-6	-8.362817251239597e-6	2.1893173159447638e-6	-2.5436374798245604e-7
1874	8.47836181984816e-7	2.551790771835573e-6	-2.9787222150050773e-6	-7.031350448369587e-6
1875	1.3782824065977689e-6	6.425563771740812e-6	2.3221342181200952e-7	6.417825409518459e-6
1876	-1.716277793091989e-6	-7.472016679688953e-6	2.9562098781989797e-6	1.35210998337519e-6
1877	-2.646931755282633e-7	-7.252631910941845e-7	-2.805791060776582e-6	-7.54519985427166e-6
1878	1.8906908883947071e-6	8.036097513387221e-6	-7.00208391836271e-7	5.271399201099645e-6
1879	-9.64936979750987e-7	-5.4101863649256e-6	3.5726328117263274e-6	2.8575688336770244e-6
1880	-1.3048965878353807e-6	-3.901910172226876e-6	-2.371486061280509e-6	-7.718905836562043e-6
1881	1.8421343982527434e-6	8.393579522743915e-6	-1.7031814722861419e-6	3.932848451126782e-6
1882	1.1683637722545811e-7	-2.5009898922125134e-6	3.985338993795683e-6	4.192933904652553e-6
1883	-2.004582357491708e-6	-6.470097931109535e-6	-1.6915312790127238e-6	-7.5540327815314744e-6
1884	1.2313502250952098e-6	7.434402438725739e-6	-2.7079864992959012e-6	2.4660842426143308e-6
1885	1.2613502181015903e-6	7.915035513150784e-7	4.150074097080657e-6	5.304136508905484e-6
1886	-2.170593490559531e-6	-8.017719229682485e-6	-8.011839086340029e-7	-7.066700189668502e-6
1887	1.844067126549699e-7	5.317870015347301e-6	-3.6425778309305656e-6	9.410989233719266e-7
1888	2.1799006727965316e-6	3.937115279700655e-6	4.041192779727368e-6	6.144298611705968e-6
1889	-1.7333221639398644e-6	-8.299303892110323e-6	2.522086256191687e-7	-6.28761174788959e-6
1890	-1.0737731162505054e-6	2.3942495477547633e-6	-4.437701288911388e-6	-5.684354424013034e-7
1891	2.6256799904860383e-6	6.429364927990173e-6	3.6467135338937456e-6	6.67940816486182e-6
1892	-7.498436123930443e-7	-7.278075495877592e-6	1.4090288615926725e-6	-5.2644497919547305e-6
1893	-2.2480275694818206e-6	-8.586414105068014e-7	-5.031206524003949e-6	-1.986682199983257e-6
1894	2.4450481645314315e-6	7.881286640362285e-6	2.976052264244169e-6	6.894738660286259e-6
1895	5.926735962164822e-7	-5.139641654117635e-6	2.595688950510424e-6	-4.050345762949223e-6
1896	-3.0431157018137393e-6	-3.9140271220014646e-6	-5.372577308677486e-6	-3.2496329520837884e-6
1897	1.6182891821242792e-6	8.076320131321715e-6	2.056646875865303e-6	6.787140145058838e-6
1898	2.0180447786614434e-6	-2.2486848348893753e-6	3.744704895557886e-6	-2.7120135904725364e-6
1899	-3.2296132840671556e-6	-6.289945161224524e-6	-5.429227331175276e-6	-4.2944499587244225e-6
1900	2.723473257347438e-7	7.007488745184714e-6	9.309384168626102e-7	6.375419118261528e-6
1901	3.20776953619614e-6	9.142519610305573e-7	4.777874308255805e-6	-1.3237577813624937e-6
1902	-2.700090597870397e-6	-7.625896120858977e-6	-5.181235861305409e-6	-5.081241729009461e-6
1903	-1.3506215602199384e-6	4.878005916316307e-6	-3.399939605791867e-7	5.687414760985799e-6
1904	3.869629174983658e-6	3.8352847552635215e-6	5.627410948777805e-6	4.593875320073515e-8
1905	-1.4965335366034115e-6	-7.732891941553083e-6	-4.6261133828789645e-6	-5.5784482938031376e-6
1906	-2.9289369243792007e-6	2.0661397569603704e-6	-1.6909799262678016e-6	4.766823973376226e-6
1907	3.8013009717584445e-6	6.057824228201263e-6	6.238824083717785e-6	1.3255738579711478e-6
1908	1.9249646482092516e-7	-6.632579667205999e-6	-3.78339748381483e-6	-5.771149770203048e-6
1909	-4.127731284053271e-6	-9.526005288226188e-7	-3.0495874382795484e-6	3.6759311880246003e-6
1910	2.942511839028217e-6	7.253028493418127e-6	6.568894367887261e-6	2.44667087134094e-6
1911	2.0722090486807973e-6	-4.549426560536031e-6	-2.6875232798935545e-6	-5.661443257096989e-6
1912	-4.660714138311717e-6	-3.6896597983194395e-6	-4.345730559127904e-6	2.4819514559826826e-6
1913	1.3890385113522812e-6	7.267661708626545e-6	6.589829376362344e-6	3.3513317888864006e-6
1914	3.7900694373862863e-6	-1.86008508715218e-6	-1.3858081855160759e-6	-5.263443107954531e-6
1915	-4.3541358900972766e-6	-5.721410093992637e-6	-5.502634535547936e-6	1.257852123247195e-6
1916	-6.147654484818897e-7	6.147190395637874e-6	6.2798613542423175e-6	3.99983827155025e-6
1917	4.993612815063062e-6	9.72912385259147e-7	6.081980344782945e-8	-4.618224320062987e-6
1918	-3.190965325910716e-6	-6.751369081030441e-6	-6.451959287865925e-6	7.685153209762719e-8
1919	-2.732283441312347e-6	4.135690758391146e-6	5.6411518859659015e-6	4.372262172157502e-6
1920	5.406491904337718e-6	3.4834817067927615e-6	1.5863295063454533e-6	-3.7821336264786337e-6
1921	-1.3178246348076098e-6	-6.666684042441331e-6	-7.141761391875607e-6	-9.889380590666618e-7
1922	-4.57455235000937e-6	1.6087833707772092e-6	4.697097188509406e-6	4.45983093085604e-6
1923	4.882994798743317e-6	5.288467208428527e-6	3.1122693232040177e-6	-2.8168602866563707e-6
1924	9.701994447098976e-7	-5.543316337684556e-6	-7.52478318317002e-6	-1.8837465567620948e-6
1925	-5.779335552564217e-6	-9.941300175358221e-7	3.4831885029365105e-6	4.276420839862426e-6
1926	3.445012799015933e-6	6.139493463751249e-6	4.5630149839113575e-6	-1.7923247865943487e-6
1927	3.297451865599563e-6	-3.6314187773446318e-6	-7.568571643774615e-6	-2.5667770114266334e-6
1928	-6.081641390294788e-6	-3.246052768003851e-6	2.0494052616123482e-6	3.8542130443661975e-6
1929	1.2864785723296407e-6	5.955968056202922e-6	5.864203329256056e-6	-7.766407776379655e-7
1930	5.251927926613544e-6	-1.2982571661212777e-6	-7.257795219390069e-6	-3.006950709956373e-6
1931	-5.361920524495247e-6	-4.800083088953898e-6	4.61571086414325e-7	3.2379599367901764e-6
1932	-1.2578649962129599e-6	4.840202639484483e-6	6.942649178309219e-6	1.6300430739719519e-7
1933	6.4583814767278436e-6	1.0388774591132184e-6	-6.595368450021235e-6	-3.196621641959909e-6
1934	-3.6788624148475986e-6	-5.452487325682688e-6	-1.2075042801971054e-6	2.4835686614249348e-6
1935	-3.770064574383227e-6	3.049652033559863e-6	7.737784181372065e-6	9.719163239318004e-7
1936	6.6607193407169396e-6	2.9939325945610417e-6	-5.600835299491337e-6	-3.1403016630170305e-6
1937	-1.2691605983673665e-6	-5.162757378036724e-6	-2.880066432723434e-6	1.6495863171474156e-6
1938	-5.814456660858212e-6	9.384596603175181e-7	8.201660744662494e-6	1.6064219739043567e-6
1939	5.764673354545653e-6	4.269722959974339e-6	-4.317188897693989e-6	-2.8567979423463165e-6
1940	1.4898689388922498e-6	-4.059587010514781e-6	-4.472142574773572e-6	8.005886184771887e-7
1941	-7.010924294377419e-6	-1.1049425253540502e-6	8.299338168109425e-6	2.032093266420294e-6
1942	3.869808816778724e-6	4.708384607522681e-6	-2.796586909448144e-6	-2.3795795659259213e-6
1943	4.147615723986189e-6	-2.4059276824330193e-6	-5.902685555598779e-6	-9.803381438496517e-9
1944	-7.120899149988344e-6	-2.7366503005151444e-6	8.01625611261372e-6	2.2356454904810227e-6
1945	1.2574558380982464e-6	4.308940395908422e-6	-1.110133999555468e-6	-1.754514952803321e-6
1946	6.255416251968813e-6	-5.385020320354308e-7	-7.090731881032571e-6	-7.19626832816357e-7
1947	-6.0814546245377624e-6	-3.7138390569467157e-6	7.354768155469926e-6	2.2081915154625343e-6
1948	-1.6679213211446608e-6	3.2223177739693496e-6	6.610285974580561e-7	-1.0366239559116545e-6
1949	7.439230968216407e-6	1.1902029930113803e-6	-7.974273369985635e-6	-1.2801159861495684e-6
1950	-4.0206150628646655e-6	-3.926455700837482e-6	6.3467309806829016e-6	1.9593566712815e-6
1951	-4.434395455183648e-6	1.7105958028205782e-6	2.430929700231542e-6	-2.8320906602861717e-7
1952	7.474846744279959e-6	2.4819646819861223e-6	-8.506947961197268e-6	-1.6470847411085412e-6
1953	-1.2536426037835224e-6	-3.409662288027785e-6	5.036304516389195e-6	1.5155914168717787e-6
1954	-6.585704415073645e-6	9.700044538949509e-8	4.107966072484634e-6	4.4270633737238747e-7
1955	6.323046777167596e-6	3.145967576631674e-6	-8.659334827065208e-6	-1.7982636745943481e-6
1956	1.793978792843074e-6	-2.3368622577212856e-6	3.4881414155591727e-6	9.193387624040327e-7
1957	-7.754957416607245e-6	-1.30372482162949e-6	5.608162301661261e-6	1.0812451211362334e-6
1958	4.137249424641405e-6	3.123323839206255e-6	-8.421568682151572e-6	-1.7250339568543987e-6
1959	4.6378657382594954e-6	-9.72721391062522e-7	1.779050718278583e-6	2.206681473181971e-7
1960	-7.731010401437088e-6	-2.2436047496696572e-6	6.859387043944461e-6	1.5802184389242585e-6
1961	1.2543673848586306e-6	2.4838995583918543e-6	-7.802996643524424e-6	-1.43127075334466e-6
1962	6.813407664639015e-6	3.8208511414111475e-7	-8.131236638157851e-9	-5.209076067735978e-7
1963	-6.494143377883181e-6	-2.580333010276728e-6	7.802738171935021e-6	1.890033592386537e-6
1964	-1.875579302036453e-6	1.4195304255436578e-6	-6.8413182071105206e-6	-9.386003030352113e-7
1965	7.96344752464059e-6	1.446293247498695e-6	-1.7864478269099393e-6	-1.2390233078742908e-6
1966	-4.2212389087720295e-6	-2.305761934903331e-6	8.397909880956875e-6	1.9822387446306548e-6
1967	-4.7632337933353205e-6	2.0058357770669493e-7	-5.586999931965983e-6	-2.86127230754619e-7
1968	7.889359683533019e-6	2.02054753988069e-6	-3.4721324770960147e-6	-1.8745225654536474e-6
1969	-1.2597189439305794e-6	-1.5350230932806677e-6	8.616184610276075e-6	1.843844149183186e-6
1970	-6.946790116875716e-6	-8.891679613833096e-7	-4.096170084857702e-6	4.7541543002876275e-7
1971	6.588417407357294e-6	2.01946992839069e-6	-4.986120082040634e-6	-2.3700533264157257e-6
1972	1.924545774780528e-6	-4.7627453500254624e-7	8.447210717378585e-6	1.4777355194699587e-6
1973	-8.07151683680842e-6	-1.610185262346126e-6	-2.440717252127922e-6	1.2856480505126534e-6
1974	4.252938937033591e-6	1.4833338087804694e-6	-6.258063557857606e-6	-2.674394737006686e-6
1975	4.83012118176902e-6	5.964641361401124e-7	7.906273020808266e-6	9.026199959990957e-7
1976	-7.950890005437677e-6	-1.8101878700637431e-6	-7.067382924659876e-7	2.0810869379746683e-6
1977	1.2469775524072462e-6	5.715270701899749e-7	-7.2299129831264775e-6	-2.752885403594659e-6
1978	6.995447476392998e-6	1.4151896121651098e-6	7.025447856618228e-6	1.5365675082725817e-7
1979	-6.595142783174559e-6	-1.4625061040176897e-6	1.0222516695396153e-6	2.797504962515472e-6
1980	-1.952155842288976e-6	-4.791110064531909e-7	-7.85797873717461e-6	-2.5893026363728022e-6
1981	8.076304533238837e-6	1.7882964323992501e-6	5.851304245429131e-6	-7.202734939719454e-7
1982	-4.219671496977812e-6	-6.68128927096934e-7	2.6639896156013933e-6	3.3734515222233445e-6
1983	-4.837342833055371e-6	-1.402256553011475e-6	-8.114766466361676e-6	-2.1820625895912755e-6
1984	7.902181640576944e-6	1.618819755584242e-6	4.4480716367819925e-6	-1.6603724011069137e-6
1985	-1.2064026520497866e-6	3.8320180787429945e-7	4.134578644162705e-6	3.7597978059465504e-6
1986	-6.953242549540899e-6	-1.9600270428997357e-6	-7.995969451560894e-6	-1.550978271900505e-6
1987	6.503590589608919e-6	9.329082982774733e-7	2.89275199316284e-6	-2.599604219101167e-6
1988	1.9626896783387466e-6	1.4335498082782065e-6	5.363343922532565e-6	3.921423424549968e-6
1989	-7.969927729711098e-6	-1.9906942459425237e-6	-7.516106285749405e-6	-7.269064412198093e-7
1990	4.115873146915547e-6	-1.258771892983227e-7	1.2645166166181626e-6	-3.477204146366747e-6
1991	4.788013341534933e-6	2.2176562549853207e-6	6.295778293311866e-6	3.832436498242639e-6
1992	-7.737776409161432e-6	-1.449722255852414e-6	-6.714132886013689e-6	2.5371497245637335e-7
1993	1.131197035742288e-6	-1.3259466443762102e-6	-3.466069298656766e-7	-4.2311164484664665e-6
1994	6.820153089740291e-6	2.51746793172114e-6	6.8924482737413905e-6	3.481386575905523e-6
1995	-6.307128537642846e-6	-4.2125000440389443e-7	-5.6429191971463324e-6	1.334918023368158e-6
1996	-1.969452216913165e-6	-2.382987691736513e-6	-1.8576397646876508e-6	-4.813130493327709e-6
1997	7.750417969474387e-6	2.208409076598031e-6	7.137034419512373e-6	2.877724203327815e-6
1998	-3.927519042577342e-6	9.009533120924904e-7	-4.369955607435778e-6	2.4589928270192e-6
1999	-4.690290690571779e-6	-3.0298719491868696e-6	-3.194969202167589e-6	-5.171830757102799e-6
2000	7.447541915704111e-6	1.3021185528899876e-6	7.032645636127217e-6	2.0360747460971097e-6
2001	-1.0031943955959873e-6	2.241692222348071e-6	-2.9691681093466814e-6	3.5586833813751933e-6
2002	-6.5990908772850985e-6	-3.0745350606725565e-6	-4.295459880987098e-6	-5.268309440011525e-6
2003	5.987244922870324e-6	-6.022398494677381e-8	6.601535693032821e-6	9.93433474049804e-7
2004	1.9844425707373757e-6	3.3014878396864466e-6	-1.51967884486896e-6	4.568584982719338e-6
2005	-7.4127846574448246e-6	-2.4346379318168447e-6	-5.115636674104924e-6	-5.08445227498577e-6
2006	3.641948311530406e-6	-1.6377578439269766e-6	5.886929461141462e-6	-2.026759156194098e-7
2007	4.550834029991461e-6	3.815116413285443e-6	-1.0341707656602768e-7	5.427670137393434e-6
2008	-7.030741943427143e-6	-1.171209091756497e-6	-5.62591702033189e-6	-4.615029744617427e-6
2009	8.215420617452393e-7	-3.1165563551815743e-6	4.943030386679453e-6	-1.4936315243210913e-6
2010	6.293371178120526e-6	3.6103512886003987e-6	1.204768088932503e-6	6.074815961939143e-6
2011	-5.555558574306143e-6	5.190419437945889e-7	-5.821129666796162e-6	-3.864221352291293e-6
2012	-2.001034008728402e-6	-4.175655063807188e-6	3.833766594276524e-6	-2.8157254289356897e-6
2013	6.964899127924455e-6	2.6490133610884235e-6	2.3452606869798068e-6	6.466960666122243e-6
2014	-3.2764399476507227e-6	2.340218134530064e-6	-5.710119017932403e-6	-2.8566111528185943e-6
2015	-4.366017145390217e-6	-4.557302921690867e-6	2.6239971995387997e-6	-4.099221937949985e-6
2016	6.498841984809575e-6	1.0463005516576265e-6	3.2649535385030765e-6	6.566042773889802e-6
2017	-6.036141368569818e-7	3.947009984981621e-6	-5.315530090486893e-6	-1.6312153985805105e-6
2018	-5.908044791334066e-6	-4.115513097844423e-6	1.387659506818124e-6	-5.271193484283078e-6
2019	5.02649627842685e-6	-9.535736749585224e-7	3.928556385717694e-6	6.347361055923034e-6
2020	2.0084503683603493e-6	5.005038702800762e-6	-4.677361054617701e-6	-2.4300258951891977e-7
2021	-6.415497520407676e-6	-2.8516088628718926e-6	1.960110749817614e-7	-6.261784772479646e-6
2022	2.8450531227698594e-6	-3.0031092015774612e-6	4.317111544846733e-6	5.804140682776693e-6
2023	4.128117893176317e-6	5.259632136820713e-6	-3.845630287442291e-6	1.2406619364146474e-6
2024	-5.8610347653925965e-6	-9.309322264222011e-7	-8.843853952790696e-7	-7.010203478127062e-6
2025	3.5988354292321864e-7	-4.72275145416137e-6	4.4234704013309465e-6	4.950796908814161e-6
2026	5.433933309662935e-6	4.5908119327611775e-6	-2.880040299271277e-6	2.7444623574274207e-6
2027	-4.404049066798251e-6	1.3470438448241273e-6	-1.8005920442197105e-6	-7.465191606628607e-6
2028	-1.997440927953609e-6	-5.770238732469518e-6	4.260884107297431e-6	3.821476505404414e-6
2029	5.761079858505669e-6	3.0479812397516665e-6	-1.8481532866183725e-6	4.192202617952262e-6
2030	-2.348150027572572e-6	3.594019495119176e-6	-2.5082590340622044e-6	-7.591506220487087e-6
2031	-3.837904229253486e-6	-5.899600021645854e-6	3.852302717349894e-6	2.4655691546696552e-6
2032	5.120488818066444e-6	8.428120290169103e-7	-8.14950879257212e-7	5.503527178262175e-6
2033	-8.430936255840661e-8	5.408540403344021e-6	-2.9776377822084956e-6	-7.366228270397408e-6
2034	-4.88010957826091e-6	-5.025331834823362e-6	3.2380077227446292e-6	9.456990709340058e-7
2035	3.6876949973757415e-6	-1.6779521713508056e-6	1.5501057908185424e-7	6.608394452082078e-6
2036	1.983980477576299e-6	6.4382230026102625e-6	-3.1916665685480906e-6	-6.799077656420992e-6
2037	-5.009326876063169e-6	-3.2350868332120748e-6	2.467629158833028e-6	-6.637375009731969e-7
2038	1.7760526118759703e-6	-4.092611789830275e-6	1.0029094521288838e-6	7.448848328439948e-6
2039	3.5069661605408586e-6	6.45465420671286e-6	-3.1490703013497325e-6	-5.9091781311399625e-6
2040	-4.274586006512582e-6	-7.828781594032826e-7	1.6031037010865462e-6	-2.288800381392277e-6
2041	-2.3330950988743693e-7	-5.981395684164208e-6	1.68057603323917e-6	7.976392862839036e-6
2042	4.255447077520253e-6	5.400958842614911e-6	-2.8684309928686637e-6	-4.733320888661795e-6
2043	-2.8770360714273474e-6	1.943119889504622e-6	7.083590647915041e-7	-3.850177694842808e-6
2044	-1.973528344218155e-6	-6.989442033346249e-6	2.1462231944408844e-6	8.162265434442173e-6
2045	4.17098785833025e-6	3.4000831428550458e-6	-2.377505266650844e-6	-3.3228316819514143e-6
2046	-1.137287732621578e-6	4.493335171754343e-6	-1.5459853562970978e-7	-5.27061371819072e-6
2047	-3.1476576125510165e-6	-6.907015762070066e-6	2.3766983376731877e-6	7.987156076595765e-6
2048	3.3424693974272e-6	7.466031128161274e-7	-1.7188183237267552e-6	-1.7434561025573497e-6
2049	5.88444941386119e-7	6.435550306442534e-6	-9.225795735838192e-7	-6.479426419588045e-6
2050	-3.5834342312301203e-6	-5.705150151301255e-6	2.364264855003813e-6	7.455032753114376e-6
2051	1.9970803543406263e-6	-2.141583667158222e-6	-9.527611176137249e-7	-6.279177865273967e-8
2052	1.970352395033335e-6	7.423707635459834e-6	-1.5390580337876508e-6	-7.416550049020321e-6
2053	-3.274870911836598e-6	-3.5382120578842137e-6	2.1165321506028405e-6	6.583349159739025e-6
2054	4.503782194036198e-7	-4.7947866996587455e-6	-1.3894854646017662e-7	1.6367803695989846e-6
2055	2.7685162766125094e-6	7.26127391462956e-6	-1.9606012659847657e-6	-8.02863037646939e-6
2056	-2.354412945585807e-6	-7.313916881081445e-7	1.6593708209290414e-6	5.411942203112794e-6
2057	-9.691671213001036e-7	-6.769519689859433e-6	6.5673687138651e-7	3.272948491556088e-6
2058	2.8805396752753507e-6	5.937039635506325e-6	-2.1618693427958183e-6	-8.282841455488901e-6
2059	-1.0700893190865278e-6	2.272849596909949e-6	1.03301200488024e-6	3.995260297884475e-6
2060	-1.9769659530049686e-6	-7.727583774855649e-6	1.3724379661415132e-6	4.7675974572005e-6
2061	2.3481639441926694e-6	3.641706491225287e-6	-2.127367104006464e-6	-8.165951649334111e-6
2062	2.704141887727698e-7	4.9898930829528e-6	2.8554066849388415e-7	2.3994841254063454e-6
2063	-2.390541677162969e-6	-7.492935012557449e-6	1.950835210797111e-6	6.043958745277964e-6
2064	1.3412621545024895e-6	7.274298356458754e-7	-1.859255233584332e-6	-7.679041508677145e-6
2065	1.3711854074378646e-6	6.973245246688045e-6	-5.193066376196691e-7	7.020891224856229e-7
2066	-2.174159279181488e-6	-6.0768087635886995e-6	2.3429662941388717e-6	7.0373710352087e-6
2067	1.2486365265314484e-7	-2.348689019928232e-6	-1.3757116367518852e-6	-6.8471996338338236e-6
2068	2.0000606939603056e-6	7.89388960391726e-6	-1.3187121542105663e-6	-1.0110654615499488e-6
2069	-1.4195930806605326e-6	-3.6920205650349324e-6	2.519105475241389e-6	7.697727314517983e-6
2070	-1.009476251067912e-6	-5.0894348339515276e-6	-7.125838557639019e-7	-5.714414388452813e-6
2071	2.035096611688767e-6	7.594143249209915e-6	-2.054105183888466e-6	-2.6546809210534693e-6
2072	-3.2908030993174534e-7	-7.1583442401262e-7	2.4629227206356457e-6	7.994943896389611e-6
2073	-1.7975883277068927e-6	-7.054063012238676e-6	8.76493767580475e-8	-4.337806345557108e-6
2074	1.495242479794065e-6	6.108812946482016e-6	-2.667076242054037e-6	-4.148013201749496e-6
2075	8.224517854035663e-7	2.383456679620926e-6	2.166391078020984e-6	7.916903985510822e-6
2076	-2.0534594379154974e-6	-7.924629521272165e-6	9.68193167293208e-7	-2.7900886455491767e-6
2077	5.187293087630941e-7	3.67287031355136e-6	-3.1061958497885234e-6	-5.4151639704191515e-6
2078	1.7574105195295381e-6	5.10456883414467e-6	1.6397575720408568e-6	7.472638543480377e-6
2079	-1.7140142126453558e-6	-7.559781252294767e-6	1.8678850890666388e-6	-1.1525825817072755e-6
2080	-6.605363554659243e-7	6.811114088579335e-7	-3.3285161040820592e-6	-6.39255597438122e-6
2081	2.24021925501844e-6	7.013133651017702e-6	9.075404207283286e-7	6.6938188597245106e-6
2082	-8.531923150360274e-7	-6.025787145134412e-6	2.721080511817101e-6	4.891912037597456e-7
2083	-1.7576739612461156e-6	-2.386132275025725e-6	-3.306677064142546e-6	-7.0393379269704755e-6
2084	2.133580398541606e-6	7.815202312932367e-6	7.783667111929596e-9	5.631691890636362e-6
2085	3.45850623327436e-7	-3.581124118796435e-6	3.465203904427266e-6	2.0481260313865126e-6
2086	-2.5023423273162703e-6	-5.040988170127103e-6	-3.0210051965023576e-6	-7.3311079259514855e-6
2087	1.4302991203776188e-6	7.397453858607934e-6	-1.003035979498192e-6	4.3480901697520545e-6
2088	1.617685857025224e-6	-6.257912693417565e-7	4.0388082874452084e-6	3.4442681665864226e-6
2089	-2.6945879068530396e-6	-6.867908747304887e-6	-2.4759843056341306e-6	-7.2681398732254455e-6
2090	2.559734323079579e-7	5.843605260675296e-6	-2.060296785338792e-6	2.9169501368123907e-6
2091	2.666082990573251e-6	2.367277313454536e-6	4.388583453808545e-6	4.6174958594442685e-6
2092	-2.240278200012255e-6	-7.595667699405337e-6	-1.689053995814908e-6	-6.866538475676856e-6
2093	-1.1629940316858436e-6	3.426998796153529e-6	-3.0971321158149356e-6	1.4149046485438554e-6
2094	3.2326841657136787e-6	4.92359366490014e-6	4.475438898593827e-6	5.51462576522131e-6
2095	-1.18249447341948e-6	-7.1325340380238126e-6	-7.001640328103507e-7	-6.160994644734037e-6
2096	-2.5337341514866025e-6	5.459047748682424e-7	-4.038949731062289e-6	-7.403147482334601e-8
2097	3.149600911971e-6	6.645887472563313e-6	4.272848497639311e-6	6.104732962009659e-6
2098	3.00912794457736e-7	-5.5780942774494335e-6	4.3656539103661465e-7	-5.201215590714421e-6
2099	-3.5464749742288195e-6	-2.3370660794101472e-6	-4.8151700797030565e-6	-1.4805576058500472e-6
2100	2.3613761054647924e-6	7.286101136760667e-6	3.77628119608342e-6	6.370302647928889e-6
2101	1.943425321508674e-6	-3.2132323059925407e-6	1.6584346870380157e-6	-4.04617018340056e-6
2102	-3.950706963011809e-6	-4.760535164158688e-6	-5.36636479020297e-6	-2.732937774923877e-6
2103	9.604575833265519e-7	6.77372292879484e-6	3.006390613800003e-6	6.309131165144666e-6
2104	3.4150396956284447e-6	-4.358957820493122e-7	2.890771618794967e-6	-2.7651753852445615e-6
2105	-3.6013283739562698e-6	-6.351686565780247e-6	-5.647477474114546e-6	-3.7720971433978588e-6
2106	-8.238596900397612e-7	5.228133473728112e-6	1.996120263952037e-6	5.940346966905233e-6
2107	4.3962976645177164e-6	2.3009092618170767e-6	4.055322612024299e-6	-1.4329658172523524e-6
2108	-2.4899463651256243e-6	-6.8884544154491575e-6	-5.6247263263268155e-6	-4.551718838050629e-6
2109	-2.6807723671702876e-6	2.9358292473963e-6	7.891410287864786e-7	5.301669478173296e-6
2110	4.644662842495389e-6	4.557741264774795e-6	5.081267800297215e-6	-1.236785917680511e-7
2111	-7.576610108519457e-7	-6.324615973152888e-6	-5.287382842307389e-6	-5.042449275718717e-6
2112	-4.251947827058258e-6	2.936342050683683e-7	-5.462503681019434e-7	4.439917761911501e-6
2113	4.04146024130134e-6	5.989308945120705e-6	5.900633305700536e-6	1.091664436783874e-6
2114	1.316949590691206e-6	-4.798276826539182e-6	-4.644619123951872e-6	-5.2341219154645065e-6
2115	-5.204948264907605e-6	-2.2568635419834444e-6	-1.9387476646476294e-6	3.4123175725225614e-6
2116	2.6201278287548625e-6	6.4045439462845855e-6	6.45941421700982e-6	2.1539938104574065e-6
2117	3.3752375952349966e-6	-2.60452512528933e-6	-3.7162910559383365e-6	-5.136643089087358e-6
2118	-5.30605155543006e-6	-4.308725215531537e-6	-3.31494013675739e-6	2.289673461786723e-6
2119	5.756265343730569e-7	5.787395744782127e-6	6.71872571021388e-6	3.007824972626012e-6
2120	5.033933866051174e-6	-1.3009275991484193e-7	-2.5462698941626895e-6	-4.766113010354346e-6
2121	-4.463320319278022e-6	-5.5538311299761435e-6	-4.598793115467074e-6	1.1409472999451464e-6
2122	-1.7704636080579584e-6	4.293333556004527e-6	6.653077612392462e-6	3.617048370445861e-6
2123	5.957575297960127e-6	2.201520505847915e-6	-1.1890770229476756e-6	-4.159042497277614e-6
2124	-2.751592821004547e-6	-5.834286923022316e-6	-5.716639409193781e-6	3.3777013783302426e-8
2125	-4.018687029510603e-6	2.220425449617444e-6	6.255647737464174e-6	3.959195928535894e-6
2126	5.920988332165069e-6	4.013380824264699e-6	2.882524081829974e-7	-3.3629133520735866e-6
2127	-4.139239682115356e-7	-5.159162216925839e-6	-6.6037210034156035e-6	-9.675769096818813e-7
2128	-5.758105157777868e-6	-5.180653411747973e-8	5.538252886648527e-6	4.029039267932564e-6
2129	4.856584165450436e-6	5.037570256884238e-6	1.8094452785929998e-6	-2.4423573270746537e-6
2130	2.181111154490751e-6	-3.7045648518132644e-6	-7.209032017702117e-6	-1.8072692184301093e-6
2131	-6.648016416402488e-6	-2.1248348330830537e-6	4.529379144338896e-6	3.837074362570229e-6
2132	2.878826675179046e-6	5.1586958323305796e-6	3.3022235583803966e-6	-1.4617163176122106e-6
2133	4.597286041142516e-6	-1.777306078902316e-6	-7.4961907589965945e-6	-2.438769787670823e-6
2134	-6.476712248216911e-6	-3.6586226684211233e-6	3.2736659632793595e-6	3.4084442733164535e-6
2135	2.751588261406744e-7	4.422438798746965e-6	4.690505462058557e-6	-4.897605319045276e-7
2136	6.405527594743297e-6	2.536434452710825e-7	-7.448183636812442e-6	-2.8303748569418683e-6
2137	-5.208834366808743e-6	-4.433472921111085e-6	1.8305523825100646e-6	2.7868652351631463e-6
2138	-2.5401932438838628e-6	3.026436660420031e-6	5.901012639069147e-6	4.1127274204015984e-7
2139	7.26071627668689e-6	2.028629966090228e-6	-7.054213226526653e-6	-2.9735152859752524e-6
2140	-2.9917508315478223e-6	-4.3825950525324394e-6	2.6687069239421843e-7	2.0217174880770965e-6
2141	-5.103890026802889e-6	1.2729256257829094e-6	6.868013713405556e-6	1.1884644121773924e-6
2142	6.964409625946726e-6	3.256447371938607e-6	-6.328485195104887e-6	-2.8715130992417044e-6
2143	-1.5548036321033695e-7	-3.5889314648668415e-6	-1.3379401997861518e-6	1.176147644468365e-6
2144	-6.963250430122363e-6	-4.89510625675709e-7	7.540729748430034e-6	1.7910663852258169e-6
2145	5.5033886889570085e-6	3.76694807824149e-6	-5.302707774606702e-6	-2.541405536706834e-6
2146	2.8480840575609077e-6	-2.26663566900903e-6	-2.9101179437779217e-6	3.0758242953542485e-7
2147	-7.772829866488739e-6	-1.937533678890154e-6	7.886583699476694e-6	2.1845966339134448e-6
2148	3.0758070369129596e-6	3.540991196277267e-6	-4.024982740215522e-6	-2.0121855097032337e-6
2149	5.525663161777108e-6	-7.160107387282932e-7	-4.367352268659416e-6	-5.19787525087481e-7
2150	-7.355974406347963e-6	-2.832807861100981e-6	7.881294662858568e-6	2.344474237786269e-6
2151	4.566949012780659e-8	2.697004162412311e-6	-2.556842295995332e-6	-1.3264110011258612e-6
2152	7.413823904413812e-6	7.481184090396926e-7	-5.640774044568456e-6	-1.2508484550763548e-6
2153	-5.729793755925816e-6	-3.0668026182045805e-6	7.521827940211263e-6	2.2675656013358936e-6
2154	-3.1044853506655897e-6	1.4649435712521635e-6	-9.658804715551656e-7	-5.39128893459741e-7
2155	8.173530522334081e-6	1.8480792851620781e-6	-6.6662431583907235e-6	-1.8290899994961593e-6
2156	-3.1258533620855732e-6	-2.6634826501915344e-6	6.825459748777314e-6	1.9589950183640253e-6
2157	-5.858076157315979e-6	1.2834802395739325e-7	6.637739272512184e-7	2.9582840118725034e-7
2158	7.644644079843032e-6	2.3981140926137116e-6	-7.391135569192253e-6	-2.213973827371527e-6
2159	5.356185970738753e-8	-1.7678445794604258e-6	5.829775300809057e-6	1.4426223598516519e-6
2160	-7.749022100175398e-6	-1.0256471850175663e-6	2.2527770114144502e-6	1.1110524493844107e-6
2161	5.877663057511344e-6	2.3394554050842287e-6	-7.784779176509001e-6	-2.373183998002395e-6
2162	3.3024016221155972e-6	-6.22037663384505e-7	4.582509133234886e-6	7.596143591561724e-7
2163	-8.446257515375375e-6	-1.7618011906228414e-6	3.7300501523271734e-6	1.8463686177899607e-6
2164	3.1374440416414985e-6	1.7447402002731234e-6	-7.828703591839948e-6	-2.2918282287971924e-6
2165	6.08846789798555e-6	4.956233839293998e-7	3.1461338502735404e-6	-4.779553917702163e-8
2166	-7.814456960649895e-6	-1.9505598044844735e-6	5.022942524711887e-6	2.442422374195596e-6
2167	-1.3939350490792565e-7	7.933298408601954e-7	-7.523637140275614e-6	-1.9698682678652668e-6
2168	7.949363736364321e-6	1.329772930942942e-6	1.594848386672678e-6	-9.212308291445381e-7
2169	-5.939354198569031e-6	-1.5888188064409225e-6	6.068458507042511e-6	2.848688995206037e-6
2170	-3.429987921377755e-6	-2.6492502788833585e-7	-6.887963684185549e-6	-1.4246711235902946e-6
2171	8.577408468764019e-6	1.689826034731713e-6	1.6893002723572699e-9	-1.7932713055372163e-6
2172	-3.1172176408706957e-6	-7.94674470817904e-7	6.824585080779102e-6	3.0274865853771416e-6
2173	-6.200898607675726e-6	-1.1608772859417823e-6	-5.961097318900837e-6	-6.890261441428954e-7
2174	7.858554085033987e-6	1.5076314548187996e-6	-1.5578380579463586e-6	-2.597991662735729e-6
2175	2.0156422751576995e-7	2.1970129971599413e-7	7.258212807534952e-6	2.9563563442418095e-6
2176	-8.005667712342096e-6	-1.67048313925174e-6	-4.789948343415476e-6	1.9313577330609114e-7
2177	5.909956804332646e-6	8.33333482371626e-7	-3.0068401026351978e-6	-3.2742380459911333e-6
2178	3.4831726679990415e-6	1.1925516989384741e-6	7.3533621454662035e-6	2.6274822069216242e-6
2179	-8.557844716286937e-6	-1.648492786856033e-6	-3.4336057472498593e-6	1.1664139535706313e-6
2180	3.0530458539827675e-6	-1.7172203304529048e-7	-4.276978318716589e-6	-3.7695466684856573e-6
2181	6.197875075272059e-6	1.8656741280787107e-6	7.108538577634185e-6	2.051913604357303e-6
2182	-7.769938717377425e-6	-1.0844566971672959e-6	-1.9602876796336903e-6	2.1646524903010144e-6
2183	-2.4709511142760424e-7	-1.255125110225755e-6	-5.308636588582642e-6	-4.035576871462147e-6
2184	7.920192701769135e-6	2.044230598321222e-6	6.543703393174907e-6	1.2549514700654674e-6
2185	-5.786249263836325e-6	-9.083956658282164e-8	-4.440058269336332e-7	3.118178630380415e-6
2186	-3.4615046692614927e-6	-2.1400589908594735e-6	-6.054774239054326e-6	-4.038828487748737e-6
2187	8.387447692243547e-6	1.6414420064261465e-6	5.689913297458264e-6	2.790537215720256e-7
2188	-2.9462275237872026e-6	1.1187932260999585e-6	1.0341744225839055e-6	3.95906344291629e-6
2189	-6.0781133383101405e-6	-2.587903406601155e-6	-6.483351169226738e-6	-3.763012946106066e-6
2190	7.545808703431151e-6	7.059499017326451e-7	4.596860771462846e-6	-8.175445886619569e-7
2191	2.843322230080278e-7	2.263806933629085e-6	2.3979262371983113e-6	4.623569031186555e-6
2192	-7.693430347943564e-6	-2.441845190125207e-6	-6.577696954330885e-6	-3.2141131398499033e-6
2193	5.559857644482049e-6	-5.957897249700208e-7	3.3272957656080647e-6	-1.9702021112140684e-6
2194	3.3849511290307975e-6	3.0616580329645614e-6	3.5784910480916814e-6	5.058909129936928e-6
2195	-8.073827576169178e-6	-1.6733620154098266e-6	-6.343012373215886e-6	-2.4074381781993075e-6
2196	2.777605243071949e-6	-1.9984035406122345e-6	1.959559870446605e-6	-3.1106422536702578e-6
2197	5.8691283279479e-6	3.2939181232526773e-6	4.515498667584848e-6	5.223747350961311e-6
2198	-7.192110847106536e-6	-3.860906844460982e-7	-5.799967619390176e-6	-1.3838905252901546e-6
2199	-3.3985390100368886e-7	-3.2000968905174334e-6	5.692217649668991e-7	-4.166433724541885e-6
2200	7.359690441086842e-6	2.844652578983153e-6	5.166649928073292e-6	5.100663835228312e-6
2201	-5.229680042935372e-6	1.2010587017162725e-6	-4.988028426904611e-6	-1.9872943780598957e-7
2202	-3.2904136913290986e-6	-3.92119569899068e-6	-7.634664343834046e-7	-5.0660157858376955e-6
2203	7.647940498595976e-6	1.7368200030846786e-6	5.509404616718108e-6	4.6742071732496856e-6
2204	-2.534024210807293e-6	2.7882647250622267e-6	-3.971128029170566e-6	1.0879702727415106e-6
2205	-5.607510018972655e-6	-3.961555023414727e-6	-1.963597269771644e-6	-5.7494382802656426e-6
2206	6.729426830972487e-6	1.2175044381769772e-7	5.535930318558289e-6	3.9536018004188395e-6
2207	4.343359596814473e-7	4.051794834859086e-6	-2.8159645291504955e-6	2.409177331443583e-6
2208	-6.946570231754739e-6	-3.2381720907971524e-6	-2.9707474961098857e-6	-6.167408723676343e-6
2209	4.805164193057295e-6	-1.7336109186223583e-6	5.258268764912888e-6	2.9684226581691915e-6
2210	3.194690390309185e-6	4.707245784608845e-6	-1.5915675103152149e-6	3.6882539924277003e-6
2211	-7.133764871675665e-6	-1.8114851007018507e-6	-3.7373255828572147e-6	-6.283864719123999e-6
2212	2.2291973923192845e-6	-3.4972875940327485e-6	4.70960604132866e-6	1.7656362153265798e-6
2213	5.313079833666967e-6	4.57093949553016e-6	-3.776313031690307e-7	4.848705566619286e-6
2214	-6.1876463233763175e-6	1.1247015001482348e-7	-4.2289750423879965e-6	-6.076502752423669e-6
2215	-5.566713202176078e-7	-4.821027457044854e-6	3.9364781304401035e-6	4.0719963710684315e-7
2216	6.478394389035415e-6	3.589525810154472e-6	7.565315667796852e-7	5.821531055028077e-6
2217	-4.317733476864021e-6	2.2196721132325555e-6	-4.429898162221081e-6	-5.545128157679168e-6
2218	-3.09399498625575e-6	-5.413996768395316e-6	2.996476463905211e-6	-1.0381388435685946e-6
2219	6.552172604783111e-6	1.8698553580405836e-6	1.7473403379850452e-6	6.544268707886939e-6
2220	-1.884258919090482e-6	4.141287745797486e-6	-4.345413762272848e-6	-4.7086805026166435e-6
2221	-4.984783402960862e-6	-5.111130797179067e-6	1.9570383821929437e-6	-2.4942944952696394e-6
2222	5.5797748230625646e-6	-3.357790912543954e-7	2.5406573566004786e-6	6.967147914791439e-6
2223	6.903702238972069e-7	5.511615992585764e-6	-3.994789568636991e-6	-3.6037136476460557e-6
2224	-5.9602068463511695e-6	-3.891693024920275e-6	8.889425746489341e-7	-3.8849168238114715e-6
2225	3.7803230159107724e-6	-2.6687461227127835e-6	3.0947661562426458e-6	7.065708541184278e-6
2226	2.980110034225909e-6	6.042535436069218e-6	-3.4150412157111308e-6	-2.286028079935083e-6
2227	-5.912899584712641e-6	-1.904691220117919e-6	-1.3861281372722285e-7	-5.132575857406825e-6
2228	1.5073188298668003e-6	-4.729994504015916e-6	3.3830310945372183e-6	6.826165877175425e-6
2229	4.623713254211618e-6	5.5860514586504074e-6	-2.6517919696227697e-6	-8.20201111195393e-7
2230	-4.913197359422234e-6	5.541004109696076e-7	-1.061389613892839e-6	-6.163444067694465e-6
2231	-8.355673430113464e-7	-6.140649212724061e-6	3.4041059356492683e-6	6.250128520905178e-6
2232	5.3885600308936854e-6	4.152350047998181e-6	-1.7671000957120502e-6	7.207176928014134e-7
2233	-3.1895185793709723e-6	3.088630611616722e-6	-1.8235575872782018e-6	-6.926711622393781e-6
2234	-2.852229302011092e-6	-6.6122659999591575e-6	3.170933344663911e-6	5.3677240538637764e-6
2235	5.206826410656791e-6	1.9229710069370574e-6	-8.279923558964164e-7	2.2571388218629e-6
2236	-1.0907415041038676e-6	5.272300470154438e-6	-2.3744690729990914e-6	-7.379242446805884e-6
2237	-4.2216447939544695e-6	-6.010190307922065e-6	2.709480051888503e-6	4.216697505547428e-6
2238	4.174068097211273e-6	-7.6346127131071e-7	9.975957328403609e-8	3.7121060685541505e-6
2239	9.991376617561957e-7	6.7089312267603e-6	-2.6871663525526845e-6	-7.495957118765087e-6
2240	-4.758400374499729e-6	-4.377337944294924e-6	2.0586484993384828e-6	2.857811840398038e-6
2241	2.534286814609015e-6	-3.4692951521842108e-6	9.499558310012173e-7	5.0140253265450805e-6
2242	2.717186835207716e-6	7.1139924723108465e-6	-2.7441555878941613e-6	-7.271912060116372e-6
2243	-4.426874444353782e-6	-1.9373143501557527e-6	1.2661600548110912e-6	1.3572434246384935e-6
2244	6.232461182193141e-7	-5.741790150115551e-6	1.664746729544881e-6	6.0982849159587085e-6
2245	3.787978402003488e-6	6.37456059243303e-6	-2.5512144209823867e-6	-6.718422608457935e-6
2246	-3.3540220427305334e-6	9.347587919633214e-7	3.968272368904685e-7	-2.1249904328090334e-7
2247	-1.1908478087991414e-6	-7.179098929667305e-6	2.192568666818706e-6	6.91228181846373e-6
2248	4.071247487479458e-6	4.563666682897076e-6	-2.1265164736060333e-6	-5.857117599942181e-6
2249	-1.8045415893304553e-6	3.773159270476288e-6	-4.803338086885402e-7	-1.7799997532142898e-6
2250	-2.5836085925474166e-6	-7.5092094497593175e-6	2.4921609511826973e-6	7.41835420325951e-6
2251	3.5790575327191533e-6	1.9445588911079404e-6	-1.5017768912813323e-6	-4.7338615659830875e-6
2252	-1.0438865341466736e-7	6.1007500469694796e-6	-1.2999907776771371e-6	-3.267177135220126e-6
2253	-3.331507433914335e-6	-6.638793841732681e-6	2.5481120436069236e-6	7.590947651613638e-6
2254	2.4734945730815466e-6	-1.0706976880170574e-6	-7.248134744084109e-7	-3.399593332688673e-6
2255	1.4072139650263743e-6	7.515946635534584e-6	-2.004356879598809e-6	-4.6025604581345445e-6
2256	-3.348249540687899e-6	-4.679998063968677e-6	2.3543500941977766e-6	7.424885314615688e-6
2257	1.0246606703854275e-6	-3.994583515057668e-6	1.4397834591311692e-7	-1.919066156839662e-6
2258	2.4521450468079376e-6	7.76893832112063e-6	-2.5304789910943204e-6	-5.724817036747764e-6
2259	-2.6893904862431735e-6	-1.9258958876976e-6	1.919054184003434e-6	6.928852979178984e-6
2260	-4.5175630349457015e-7	-6.346977211159348e-6	1.0360286228587412e-6	-3.6247830588926706e-7
2261	2.861409152589889e-6	6.790936181004681e-6	-2.83864585956043e-6	-6.5785166009524046e-6
2262	-1.5468256742067067e-6	1.1883630455214337e-6	1.275678269314232e-6	6.125179469805715e-6
2263	-1.6471306077708792e-6	-7.734054626222713e-6	1.8880547718863079e-6	1.1885855778985662e-6
2264	2.5991456275451803e-6	4.717373130084505e-6	-2.907888148210163e-6	-7.123664953914308e-6
2265	-2.0268804693541282e-7	4.162154507062138e-6	4.706340657787152e-7	5.055000337541928e-6
2266	-2.3263074116731904e-6	-7.915592826986394e-6	2.6349015689030165e-6	2.6614190058801924e-6
2267	1.7654571908988286e-6	1.8698192761934745e-6	-2.7227015693136142e-6	-7.3383318690637214e-6
2268	1.0380378073720595e-6	6.511037009604565e-6	-4.43760376264564e-7	3.7722507590073756e-6
2269	-2.3792548268085523e-6	-6.846890493496934e-6	3.220925806807474e-6	3.984398425779697e-6
2270	5.875165118683257e-7	-1.3006574606916966e-6	-2.288892518020875e-6	-7.211991387590633e-6
2271	1.898058847762526e-6	7.851656491332672e-6	-1.4066371248581863e-6	2.345376893964178e-6
2272	-1.8245119838718616e-6	-4.68951427372262e-6	3.6012817073523187e-6	5.090172498785174e-6
2273	-6.455309640769773e-7	-4.2837132293182826e-6	-1.6331073023255155e-6	-6.757487878062744e-6
2274	2.1986137276615754e-6	7.962913599977215e-6	-2.3521551412606595e-6	8.532501410610477e-7
2275	-8.111641222131727e-7	-1.78877327538998e-6	3.743681462257903e-6	5.92814606698999e-6
2276	-1.643310775441001e-6	-6.599258093028267e-6	-7.886703980128485e-7	-6.004255108465657e-6
2277	1.8855903910804395e-6	6.8211220288640995e-6	-3.2199639316747776e-6	-6.286746929644457e-7
2278	4.011223132776204e-7	1.3957079972533776e-6	3.627614619026785e-6	6.465339207503677e-6
2279	-2.1651916463662397e-6	-7.877466631253714e-6	1.9597591712614957e-7	-5.0001093168327114e-6
2280	1.0352731967192907e-6	4.6092748001920284e-6	-3.949884661121608e-6	-2.0268764744118266e-6
2281	1.5199293409911043e-6	4.351690945825611e-6	3.2486538541835724e-6	6.682530460211154e-6
2282	-2.0805358863708583e-6	-7.911979335500988e-6	1.2690259526487353e-6	-3.8053205412562365e-6
2283	-1.5646234008314852e-7	1.6873381557084738e-6	-4.4899326312916846e-6	-3.271138255677044e-6
2284	2.264812235362271e-6	6.601685837604338e-6	2.617255446372777e-6	6.575008966447652e-6
2285	-1.392923914942626e-6	-6.705348783939389e-6	2.3675240205745836e-6	-2.4832694630195723e-6
2286	-1.40143357742885e-6	-1.4680599242096176e-6	-4.797470919329077e-6	-4.304184792942726e-6
2287	2.4385485887029443e-6	7.78911463093809e-6	1.7589863746802087e-6	6.159911055075028e-6
2288	-2.4198641416598074e-7	-4.466165715703878e-6	3.4266754692775375e-6	-1.106626992735014e-6
2289	-2.399962429491057e-6	-4.3449955509109594e-6	-4.837977149181604e-6	-5.079158785109874e-6
2290	1.9685424323965563e-6	7.737451071408419e-6	7.099832319823045e-7	5.468954053520327e-6
2291	1.1223368428840841e-6	-1.568976236220142e-6	4.3808153833067505e-6	2.5067923668243777e-7
2292	-2.8933646495416887e-6	-6.4848751701416585e-6	-4.593424001744201e-6	-5.564004543662675e-6
2293	9.179983255558297e-7	6.4806030261715394e-6	-4.796682260176953e-7	4.550903487908389e-6
2294	2.392841262642685e-6	1.5054764161594728e-6	5.164724646934808e-6	1.5167165323538409e-6
2295	-2.7278481356941987e-6	-7.55688441549455e-6	-4.057233987445761e-6	-5.743770042385088e-6
2296	-5.160931476842948e-7	4.2465956290235884e-6	-1.7488465948628753e-6	3.4590306738547626e-6
2297	3.2683545195561735e-6	4.253371564973842e-6	5.7216821123608726e-6	2.6292123923183813e-6
2298	-1.888882360961513e-6	-7.41593371044865e-6	-3.2456561395837767e-6	-5.620820386694236e-6
2299	-2.0439609729142994e-6	1.4216271711914657e-6	-3.026321663569209e-6	2.2644786222072146e-6
2300	3.5216298737344497e-6	6.242712451341572e-6	6.0073597742994925e-6	3.5280700691364086e-6
2301	-4.983817481065266e-7	-6.125848941698862e-6	-2.189947810861432e-6	-5.215359634729195e-6
2302	-3.339132771543877e-6	-1.516065127461713e-6	-4.236413930949412e-6	1.0347385068108663e-6
2303	3.0435813934349075e-6	7.177602352540957e-6	5.98331810823423e-6	4.174842860822637e-6
2304	1.1990058398426864e-6	-3.934818620812267e-6	-9.362254973819169e-7	-4.562567160008911e-6
2305	-4.1062710347158645e-6	-4.092909414837937e-6	-5.30381973742218e-6	-1.5729249200713267e-7
2306	1.8611043277383065e-6	6.953032962041622e-6	5.636125127900739e-6	4.54257928251384e-6
2307	2.8824278220280402e-6	-1.2284853417718645e-6	4.548679562147657e-7	-3.7070282199023275e-6
2308	-4.137533896577129e-6	-5.903541127094088e-6	-6.162254471206168e-6	-1.2465038144235077e-6
2309	1.5066989172221765e-7	5.650162953750075e-6	4.972973682538141e-6	4.6245278304309465e-6
2310	4.202215636284327e-6	1.5338454990936279e-6	1.90822309952202e-6	-2.713756155949019e-6
2311	-3.3624228355993285e-6	-6.6883662041294554e-6	-6.755439521466532e-6	-2.1666002491667034e-6
2312	-1.792401945752063e-6	3.5245632289517064e-6	4.016018605909293e-6	4.428195824970873e-6
2313	4.86494740478244e-6	3.903173622472913e-6	3.3458616137107055e-6	-1.6451989079824404e-6
2314	-1.8609536584170639e-6	-6.373346086193366e-6	-7.037155362482748e-6	-2.8727611625320135e-6
2315	-3.613149367479702e-6	9.635750446705323e-7	2.8040656905542804e-6	3.9796330061630365e-6
2316	4.6917862134122505e-6	5.507444975470631e-6	4.68923773505805e-6	-5.774158702625928e-7
2317	1.4085628793635737e-7	-5.06050300362199e-6	-6.984836408386021e-6	-3.3252317696601875e-6
2318	-4.951914551300669e-6	-1.589680708610492e-6	1.395408914727557e-6	3.3185468390237405e-6
2319	3.646110345373035e-6	6.122004443405576e-6	5.863181865256773e-6	4.2086338641261767e-7
2320	2.304467747496235e-6	-3.0166396403572165e-6	-6.589133780531655e-6	-3.5071534525294216e-6
2321	-5.5197986876082926e-6	-3.71474763174579e-6	-1.4051701285069613e-7	2.4966495296935747e-6
2322	1.857078701169823e-6	5.701280194849141e-6	6.801096307745116e-6	1.2856847455647963e-6
2323	4.243816983191907e-6	-6.261556112146849e-7	-5.859064936201202e-6	-3.4192679023240874e-6
2324	-5.159398309159321e-6	-5.077370839731701e-6	-1.7270734216877492e-6	1.58032999476936e-6
2325	-3.993073122112474e-7	4.375693472575829e-6	7.446931466256603e-6	1.9632087973502127e-6
2326	5.592684812280143e-6	1.6854148286396098e-6	-4.820622775507502e-6	-3.0885033781638627e-6
2327	-3.8741733414139194e-6	-5.4956751802786865e-6	-3.282851288908459e-6	6.429863763350872e-7
2328	-2.7504897564313395e-6	2.42927116008331e-6	7.760317612878654e-6	2.409680509436219e-6
2329	6.06939638977203e-6	3.532921931905545e-6	-3.5207814281949347e-6	-2.5428959320911724e-6
2330	-1.837154023330555e-6	-4.962678989652398e-6	-4.728686223417615e-6	-2.481147130495872e-7
2331	-4.785095634938996e-6	2.3408034942109204e-7	7.718417572386213e-6	2.603393141201586e-6
2332	5.54115860598049e-6	4.630374047332977e-6	-2.0251944092409293e-6	-1.8309222867371288e-6
2333	6.364342680264629e-7	-3.6331699007003547e-6	-5.987003480752217e-6	-1.0267332980662644e-6
2334	-6.134330438856395e-6	-1.8114432131885742e-6	7.31437694954793e-6	2.542382944031157e-6
2335	4.047528203381893e-6	4.839790270918201e-6	-4.0636007908004976e-7	-1.0180914608890297e-6
2336	3.142722998788068e-6	-1.7933555507965362e-6	-6.993489886130675e-6	-1.637250478276407e-6
2337	-6.527524420678056e-6	-3.359529696643189e-6	6.565668457082404e-6	2.2430681997610897e-6
2338	1.7990348291462052e-6	4.187348316704431e-6	1.2526999999613241e-6	-1.6813354688339073e-7
2339	5.253618410667149e-6	1.9087689359535477e-7	-7.691181864703277e-6	-2.0395933023299943e-6
2340	-5.852917261866031e-6	-4.168452004403641e-6	5.5047044725437555e-6	1.7367249851745698e-6
2341	-8.555735176443797e-7	2.8497158689124713e-6	2.87453323752101e-6	6.489109519524734e-7
2342	6.595851068297778e-6	1.949066629002277e-6	-8.04466915786998e-6	-2.2090840476386387e-6
2343	-4.180188126878447e-6	-4.1479471150226645e-6	4.182668888056192e-6	1.0703989627098397e-6
2344	-3.487741548794507e-6	1.123644919037693e-6	4.379548792462992e-6	1.3683344507249633e-6
2345	6.912241238111097e-6	3.174339608476814e-6	-8.034823830791125e-6	-2.1381386990237646e-6
2346	-1.7534771578752773e-6	-3.3629437340173143e-6	2.667961496213437e-6	2.967234390655337e-7
2347	-5.655788212550906e-6	-6.373446464157441e-7	5.690555106942041e-6	1.9371466197613986e-6
2348	6.10652215698207e-6	3.6727717800484595e-6	-7.660505313161492e-6	-1.8338465395850097e-6
2349	1.0506358779441111e-6	-2.0133443664645006e-6	1.0324309512064795e-6	-5.280808499768607e-7
2350	-6.979308702226424e-6	-2.0901642828144765e-6	6.741357028916212e-6	2.3147468048441234e-6
2351	4.27686847730596e-6	3.4032500192812833e-6	-6.938202281119163e-6	-1.3203633126125319e-6
2352	3.7780889415376494e-6	-4.0561113921031663e-7	-6.406916459637342e-7	-1.337021393390206e-6
2353	-7.2097196488039926e-6	-2.969848229442455e-6	7.478595518020484e-6	2.4701162928199238e-6
2354	1.6962709588178313e-6	2.471670428238012e-6	-5.909824244578492e-6	-6.318094307141059e-7
2355	5.974683937996556e-6	1.1133368832752305e-6	-2.2690948429925817e-6	-2.070409868101225e-6
2356	-6.278885185090391e-6	-3.13451852489771e-6	7.869220705682371e-6	2.38938004238413e-6
2357	-1.2215695776504196e-6	1.1113719426503404e-6	-4.630369338625864e-6	1.82228838052138e-7
2358	7.262201439389359e-6	2.2387129055956136e-6	-3.7707874405451798e-6	-2.671061667643595e-6
2359	-4.31701113619437e-6	-2.6039075659826022e-6	7.894109708889972e-6	2.0699393462473854e-6
2360	-4.006259377359971e-6	-3.6601675504399576e-7	-3.163218331258515e-6	1.067422412482298e-6
2361	7.408542734845983e-6	2.757164061903956e-6	-5.0695824881556615e-6	-3.0920769262233795e-6
2362	-1.6260586410784613e-6	-1.527112963472776e-6	7.5628225170096215e-6	1.5220205832311617e-6
2363	-6.2008746718550945e-6	-1.631033101732215e-6	-1.5885641180258527e-6	1.9615836136693874e-6
2364	6.369025923612246e-6	2.5871157303777685e-6	-6.104792001438127e-6	-3.2939747718223836e-6
2365	1.3625127722744747e-6	-1.621006788311999e-7	6.900923307740601e-6	7.743372633797253e-7
2366	-7.435444709288519e-6	-2.4186689022000995e-6	1.311967164725536e-8	2.803823621954643e-6
2367	4.301071820141006e-6	1.795880890426384e-6	-6.832510835511547e-6	-3.2511803220048042e-6
2368	4.168023468169147e-6	1.1750467220660398e-6	5.949508000439756e-6	-1.302428981335287e-7
2369	-7.499064393008863e-6	-2.5665721189812457e-6	1.5603005438367212e-6	3.5335995787019424e-6
2370	1.5362148188983398e-6	5.752081034128932e-7	-7.227484479443192e-6	-2.950598290149464e-6
2371	6.331570956770187e-6	2.180558577191694e-6	4.7657572039481255e-6	-1.1397111728122378e-6
2372	-6.367458256896592e-6	-2.0558417642454856e-6	2.9755587490180076e-6	4.091251900032725e-6
2373	-1.4833444614570646e-6	-7.93350205503089e-7	-7.281167271908697e-6	-2.392994826342519e-6
2374	7.498613188054304e-6	2.624462581698909e-6	3.4154693323985573e-6	-2.189779533417029e-6
2375	-4.228633484386354e-6	-1.0044148677529578e-6	4.193399499734209e-6	4.426595416417346e-6
2376	-4.269016535108359e-6	-1.9871591010721227e-6	-7.00618509082356e-6	-1.601178792471875e-6
2377	7.478597156604813e-6	2.4018850684089254e-6	1.972620769638938e-6	-3.213090814482656e-6
2378	-1.4285126092670956e-6	3.572654114062647e-7	5.1644080457168104e-6	4.501547273006315e-6
2379	-6.371358201398738e-6	-2.730287932535544e-6	-6.42662452669519e-6	-6.153428450258562e-7
2380	6.276817925045973e-6	1.55115455809033e-6	5.129457817406008e-7	-4.138883069074293e-6
2381	1.579240570703307e-6	1.7233499730658314e-6	5.852770854550901e-6	4.293700464557374e-6
2382	-7.454675777716107e-6	-2.8355939920559857e-6	-5.584468992492471e-6	5.128087789301554e-7
2383	4.094612200387822e-6	2.3776773727065433e-7	-8.941965468874423e-7	-4.904300789890114e-6
2384	4.310679052925651e-6	2.7788001688577112e-6	6.238694114400709e-6	3.8016357824953086e-6
2385	-7.349378564693465e-6	-2.247114316279185e-6	-4.5324380822271716e-6	1.7205472102347952e-6
2386	1.294116047568027e-6	-1.2660878348933205e-6	-2.1765245115654753e-6	-5.454506188587069e-6
2387	6.324872265006355e-6	3.26425750948381e-6	6.312884118214573e-6	3.0414894599134433e-6
2388	-6.087634130820508e-6	-1.0538037632779744e-6	-3.3335796048626445e-6	2.9418544961757177e-6
2389	-1.6614839490588156e-6	-2.6336889050410584e-6	-3.278118037115433e-6	-5.7424959587637345e-6
2390	7.303261942698027e-6	3.032395729751567e-6	6.0843060773827575e-6	2.0462727539037434e-6
2391	-3.8934057414864496e-6	5.233285149506753e-7	-2.054779325188988e-6	4.103319952727834e-6
2392	-4.290446283745525e-6	-3.549970145640394e-6	-4.153821834275937e-6	-5.737265305235475e-6
2393	7.1065682413381925e-6	2.079279949160975e-6	5.579562686749269e-6	8.578998713633145e-7
2394	-1.1400723389269585e-6	2.166826038001099e-6	-7.648056003043244e-7	5.138091605319331e-6
2395	-6.1717234376835665e-6	-3.7781577241101397e-6	-4.7689863873203e-6	-5.4258069433672516e-6
2396	5.797823967277089e-6	5.513088001828588e-7	4.8373062985707994e-6	-4.6430693034357566e-7
2397	1.7057421950666423e-6	3.529220197943005e-6	4.7111586403053573e-7	5.981582975012262e-6
2398	-7.020312468094756e-6	-3.213080911742211e-6	-5.101293366969142e-6	-4.812429478196977e-6
2399	3.6300579433212726e-6	-1.276460536316927e-6	3.912923421840181e-6	-1.8603790992234127e-6
2400	4.180167557975516e-6	4.301881122550735e-6	1.5879934959164226e-6	6.577984894198111e-6
2401	-6.736612437435753e-6	-1.9056056757584667e-6	-5.146079995344158e-6	-3.9164524012985335e-6
2402	9.818120566831416e-7	-3.0492144227170824e-6	2.862467508880028e-6	-3.2573380536518253e-6
2403	5.893551892053741e-6	4.2754098622349264e-6	2.5309481663134066e-6	6.8845005948262605e-6
2404	-5.413319450762031e-6	-6.13144922309624e-8	-4.914875406444244e-6	-2.767818870123916e-6
2405	-1.6976291267961413e-6	-4.3984176460455e-6	1.7511919549180119e-6	-4.581764065005504e-6
2406	6.600293028274817e-6	3.395288992639605e-6	3.2522772178274585e-6	6.873134742906721e-6
2407	-3.307980002975006e-6	1.9912098169393343e-6	-4.437686395251296e-6	-1.4147889792167718e-6
2408	-3.975809182738416e-6	-5.026193043539659e-6	6.44814874905374e-7	-5.759600642409917e-6
2409	6.233630073221757e-6	1.7572289600617746e-6	3.7218331844730024e-6	6.528613374720499e-6
2410	-8.019668275292618e-7	3.872375683522205e-6	-3.758196075039535e-6	8.451438077724488e-8
2411	-5.494492972517432e-6	-4.760031561099573e-6	-3.9048114700794487e-7	-6.722317470379435e-6
2412	4.908347177190453e-6	-3.7562357685127274e-7	3.9282345743387295e-6	5.85334525325387e-6
2413	1.671404825828241e-6	5.2088151930889846e-6	-2.9296341548642564e-6	1.6570898813269602e-6
2414	-6.043739832116537e-6	-3.583229450272225e-6	-1.294583389187373e-6	-7.413487794809707e-6
2415	2.8963157508460024e-6	-2.635925446787196e-6	3.8769545722295725e-6	4.865594114610384e-6
2416	3.710911675638755e-6	5.709397826459193e-6	-2.0139971454808575e-6	3.2279817250027333e-6
2417	-5.593646602838161e-6	-1.648495251353756e-6	-2.0149275070648784e-6	-7.783930640605022e-6
2418	5.701946777228026e-7	-4.616201682041003e-6	3.5871325459862874e-6	3.600836508450981e-6
2419	5.004235747763213e-6	5.22448867168122e-6	-1.073556469646779e-6	4.712442908220525e-6
2420	-4.280041439171769e-6	7.444222425363877e-7	-2.51844687549427e-6	-7.801995107717934e-6
2421	-1.6599769727588658e-6	-5.939990528448462e-6	3.0924807012653744e-6	2.111206645379139e-6
2422	5.38128908257364e-6	3.7801025204473764e-6	-1.703595589950476e-7	6.035813264950978e-6
2423	-2.3841959110812746e-6	3.1919032195615894e-6	-2.7865247610560586e-6	-7.4555256242210136e-6
2424	-3.428235477968612e-6	-6.325708861808845e-6	2.4394270555948622e-6	4.667896864366385e-7
2425	4.841194398120855e-6	1.5773188492408009e-6	6.358841910866003e-7	7.12196930809991e-6
2426	-2.673815343063362e-7	5.260673578442359e-6	-2.8132124649079837e-6	-6.745667747790152e-6
2427	-4.467923617596732e-6	-5.646357687118792e-6	1.677294442234698e-6	-1.2515940419359488e-6
2428	3.5459655258004607e-6	-1.0443246616517538e-6	1.2934980342151579e-6	7.907447799695849e-6
2429	1.6886489731170594e-6	6.568644277432562e-6	-2.6096423137589284e-6	-5.698565845256938e-6
2430	-4.649169057446454e-6	-3.9686608816885985e-6	8.679979129915491e-7	-2.9577760510348354e-6
2431	1.7800720511099627e-6	-3.6499017811207763e-6	1.7626515726041966e-6	8.344048225550855e-6
2432	3.154219621160218e-6	6.84759694986439e-6	-2.2041029577964107e-6	-4.358017480559264e-6
2433	-4.008374568872645e-6	-1.5325144691979296e-6	7.351109060461418e-8	-4.565976168340078e-6
2434	-1.0600118405989336e-7	-5.7856229942835836e-6	2.0169587562381423e-6	8.397412236005757e-6
2435	3.9112657105257115e-6	5.997942074528233e-6	-1.633219754377762e-6	-2.785519270956913e-6
2436	-2.734266409648499e-6	1.2809383371187304e-6	-6.448301333252365e-7	-5.989068361717848e-6
2437	-1.7600706837886776e-6	-7.070783609748017e-6	2.0407247488801056e-6	8.063582427869743e-6
2438	3.880639033868574e-6	4.1195892555492534e-6	-9.440760226708949e-7	-1.0669677466174868e-6
2439	-1.1127705525966918e-6	4.010527329259863e-6	-1.2333247513894372e-6	-7.153293933801439e-6
2440	-2.897722247044886e-6	-7.251945050301165e-6	1.8381304956604377e-6	7.355192087082296e-6
2441	3.1364547572556266e-6	1.4912050070543686e-6	-1.928207844781778e-7	7.137243814469813e-7
2442	5.239758723728831e-7	6.194507700808656e-6	-1.6490123293880804e-6	-7.991956944694508e-6
2443	-3.3564275872075523e-6	-6.2578193484415175e-6	1.4311536274026803e-6	6.302197057983206e-6
2444	1.8855064333729066e-6	-1.4733499867663598e-6	5.571379826664906e-7	2.4653967790383003e-6
2445	1.858285342539174e-6	7.452130279454449e-6	-1.856656401070287e-6	-8.465920948029743e-6
2446	-3.103671050490921e-6	-4.219095079942676e-6	8.529524483300847e-7	4.961862915082501e-6
2447	4.1406912949753976e-7	-4.29417974119146e-6	1.2413600446206155e-6	4.105338459148928e-6
2448	2.6579856164823244e-6	7.548521256506512e-6	-1.8372223005487621e-6	-8.55904026985343e-6
2449	-2.2465093759216005e-6	-1.4436452270536793e-6	1.4625129062172348e-7	3.406553009376204e-6
2450	-9.688435247184147e-7	-6.505889659309182e-6	1.8042654881213057e-6	5.549943809632704e-6
2451	2.8072957142753807e-6	6.434534705991764e-6	-1.5850497787914272e-6	-8.26729484685016e-6
2452	-1.0110688930445925e-6	1.632980648479715e-6	-6.345375185207395e-7	1.7124105814461166e-6
2453	-1.9810496465568687e-6	-7.733723870511567e-6	2.1943927545754533e-6	6.734384494714112e-6
2454	2.3189900291497816e-6	4.268919709983541e-6	-1.1141776228961526e-6	-7.609622272346338e-6
2455	3.191211438904891e-7	4.5183256860513884e-6	-1.4232148560059948e-6	-3.810205477716795e-8
2456	-2.43430585686804e-6	-7.752079906088263e-6	2.368645246287375e-6	7.60434525801154e-6
2457	1.338596821850058e-6	1.380367210807208e-6	-4.520932042971425e-7	-6.623650612421491e-6
2458	1.444932615318296e-6	6.736601292134277e-6	-2.1546546105999244e-6	-1.7580260443569407e-6
2459	-2.2625313122763106e-6	-6.537516420402077e-6	2.3033944205876735e-6	8.122896389995304e-6
2460	1.1167245006266445e-7	-1.7700480502649015e-6	3.535249290808987e-7	-5.366330395886407e-6
2461	2.1233894962446497e-6	7.92167379534603e-6	-2.7633962557083967e-6	-3.3674780285545036e-6
2462	-1.5295484333973097e-6	-4.2718206428114224e-6	1.988895692527564e-6	8.273410741802943e-6
2463	-1.0728310694677982e-6	-4.678145618963384e-6	1.2445847686536603e-6	-3.896945433783793e-6
2464	2.217953533600696e-6	7.863161881991265e-6	-3.1922980374414074e-6	-4.794355718280022e-6
2465	-4.201167044544473e-7	-1.3100181980303667e-6	1.434997025060757e-6	8.057120095909653e-6
2466	-1.937146538046191e-6	-6.8742873801641625e-6	2.154471093689429e-6	-2.2922848624776126e-6
2467	1.7138432586228045e-6	6.562934961142925e-6	-3.396142893015287e-6	-5.974316598147342e-6
2468	7.996567150974422e-7	1.870541936790196e-6	6.709820727791455e-7	7.492542704477145e-6
2469	-2.276512210780989e-6	-7.997652664978267e-6	3.0166601907561146e-6	-6.326304040754848e-7
2470	7.320009812993802e-7	4.226731548346217e-6	-3.347320217431039e-6	-6.855961170762845e-6
2471	1.8398827264269247e-6	4.761030053554287e-6	-2.5902812499487814e-7	6.6133139994112255e-6
2472	-2.0074515620376312e-6	-7.861930647565723e-6	3.7599499652362494e-6	1.001539081913537e-6
2473	-5.069297937785065e-7	1.2333814905021676e-6	-3.031145649716744e-6	-7.398172203116418e-6
2474	2.439833757721979e-6	6.8985507965246405e-6	-1.2980289861340093e-6	5.4662901944044755e-6
2475	-1.170228358659505e-6	-6.4920593059652645e-6	4.325698970982508e-6	2.5296771940101726e-6
2476	-1.7167400760519925e-6	-1.9299128051877763e-6	-2.4527898300898653e-6	-7.58733787066299e-6
2477	2.441425089119426e-6	7.938772063553969e-6	-2.376459282914896e-6	4.117441480453381e-6
2478	6.220576091155103e-8	-4.120074092449298e-6	4.662390277162266e-6	3.876902626707599e-6
2479	-2.608876232252809e-6	-4.756772276550868e-6	-1.6342631552650078e-6	-7.424174911117927e-6
2480	1.8081636267696782e-6	7.723438638925567e-6	-3.4275646399997993e-6	2.646020298444759e-6
2481	1.4288300829494179e-6	-1.1392456875198475e-6	4.736197423266273e-6	4.9810911488537644e-6
2482	-2.9491511243155653e-6	-6.800644108887846e-6	-6.154414628902609e-7	-6.930376418908551e-6
2483	6.428045635586093e-7	6.305262804336994e-6	-4.384547825273166e-6	1.132242619338857e-6
2484	2.629049314691963e-6	1.962998843054079e-6	4.527922843008898e-6	5.797216392413361e-6
2485	-2.618179179614995e-6	-7.74454775800142e-6	5.495008661326891e-7	-6.145239003769235e-6
2486	-8.357414930118117e-7	3.930850092509758e-6	-5.183949495654807e-6	-3.421764657543361e-7
2487	3.373373046888254e-6	4.691196364512565e-6	4.028646210787611e-6	6.298740567719895e-6
2488	-1.62861991828034e-6	-7.456264693223782e-6	1.7990988781015072e-6	-5.123647216467274e-6
2489	-2.329116730466376e-6	1.0032331142913565e-6	-5.76498494617924e-6	-1.7035287541583551e-6
2490	3.4563733689019067e-6	6.615585013565435e-6	3.2520160542518893e-6	6.47085235248167e-6
2491	-1.3638837409677894e-7	-6.006477528655701e-6	3.065770954642495e-6	-3.9338482664512025e-6
2492	-3.5182935360564426e-6	-1.998266801237088e-6	-6.078814260237393e-6	-2.888370074559434e-6
2493	2.7909301234837604e-6	7.447201927464297e-6	2.2288701334860503e-6	6.325593517292102e-6
2494	1.589224349171369e-6	-3.658747934322947e-6	4.280569154780883e-6	-2.6501478401130164e-6
2495	-4.11746220335804e-6	-4.588628610144409e-6	-6.094477584732393e-6	-3.846287619036212e-6
2496	1.442777401429803e-6	7.079777385817441e-6	1.0056503449159999e-6	5.889762218820589e-6
2497	3.21176102314936e-6	-8.185614454494941e-7	5.369182579831819e-6	-1.3452985088965138e-6
2498	-3.934467112538715e-6	-6.36279100438327e-6	-5.794588257047607e-6	-4.541731283734701e-6
2499	-3.7565885924153526e-7	5.608822349373324e-6	-3.640474268103838e-7	5.2052382501192176e-6
2500	4.381548871672401e-6	2.037449757982815e-6	6.265117585784675e-6	-8.677431939212012e-8
2501	-2.9312729614863344e-6	-7.059940056728373e-6	-5.181335477262008e-6	-4.95288873263248e-6
2502	-2.3390254198243443e-6	3.3160252626937764e-6	-1.8140651215778958e-6	4.329797200396528e-6
2503	4.819464147207892e-6	4.445059716309951e-6	6.91077855553452e-6	1.0583523023748128e-6
2504	-1.2299130956617013e-6	-6.606771380289584e-6	-4.272739471447842e-6	-5.075842750071197e-6
2505	-4.0698015425981275e-6	6.097021645412086e-7	-3.268815993548365e-6	3.3192073215560624e-6
2506	4.368598329586427e-6	6.0293599050169135e-6	7.257391965041759e-6	2.0398230324945373e-6
2507	8.970375558812702e-7	-5.132253217414185e-6	-3.1015026348506764e-6	-4.92564234111358e-6
2508	-5.210238751920804e-6	-2.0501816906376288e-6	-4.649656707411154e-6	2.2365071339775777e-6
2509	3.0399460942200693e-6	6.570558090997828e-6	7.273151203895465e-6	2.8158262649876457e-6
2510	3.0745635729673804e-6	-2.9247135717510005e-6	-1.7144020463065815e-6	-4.527819407086185e-6
2511	-5.48994896268994e-6	-4.23047352028051e-6	-5.882304025077752e-6	1.1446530314169022e-6
2512	1.0099954334818304e-6	6.033909704809082e-6	6.9450332406261935e-6	3.353947358824243e-6
2513	4.896966287039043e-6	-3.8968950875599957e-7	-1.7691511827202585e-7	-3.921309791591649e-6
2514	-4.7822986007574464e-6	-5.6001383380389465e-6	-6.893999970747648e-6	1.0931983468361743e-7
2515	-1.397779577554734e-6	4.5717179690531785e-6	6.276218397996578e-6	3.6357361740993255e-6
2516	5.9973629212050675e-6	2.033664309331284e-6	1.435595687171425e-6	-3.150697197723065e-6
2517	-3.1461794355193986e-6	-5.974528715956947e-6	-7.625602386603989e-6	-8.159591035202254e-7
2518	-3.7638373571189448e-6	2.481336707878851e-6	5.28764086669261e-6	3.6607147473322497e-6
2519	6.120590293547461e-6	3.952323986989184e-6	3.0420049397702287e-6	-2.2718579143461826e-6
2520	-8.143581373964384e-7	-5.359367147812022e-6	-8.03037470232362e-6	-1.5783021053074667e-6
2521	-5.657742864292634e-6	1.5335419743836937e-7	4.021038772717815e-6	3.4464532739812214e-6
2522	5.174732139524239e-6	5.080322560153134e-6	4.560463693865402e-6	-1.3500155468589433e-6
2523	1.841609248729575e-6	-3.92676407049907e-6	-8.080256886177661e-6	-2.137770963312378e-6
2524	-6.712947741673133e-6	-1.9982602307253066e-6	2.5340553665387e-6	3.017027511279976e-6
2525	3.265100497306357e-6	5.278008236262702e-6	5.911702610565574e-6	-4.455547552180468e-7
2526	4.36838107605371e-6	-1.9815757615828432e-6	-7.767049998858859e-6	-2.466711517554757e-6
2527	-6.6918681475787454e-6	-3.6205143931128514e-6	8.954801798316746e-7	2.410705678053357e-6
2528	6.707939581233405e-7	4.583784755819071e-6	7.0317622501221746e-6	3.808708286071838e-7
2529	6.319335672947463e-6	9.971845905905666e-8	-7.099703535069501e-6	-2.5574724020130106e-6
2530	-5.5402043775910935e-6	-4.4772641046752095e-6	-8.139766908592477e-7	1.6778627715143207e-6
2531	-2.1968282634879037e-6	3.197425077218399e-6	7.854969170654586e-6	1.0730494953686751e-6
2532	7.330786307567281e-6	1.942963756809398e-6	-6.102053294656358e-6	-2.414738038920052e-6
2533	-3.3967546727520303e-6	-4.48270694987775e-6	-2.5112728007962538e-6	8.78925040822043e-7
2534	-4.858652183080408e-6	1.421553750135621e-6	8.339853558986733e-6	1.5854580289458558e-6
2535	7.1838925847846805e-6	3.2417964518491984e-6	-4.821256157601268e-6	-2.053457606731581e-6
2536	-5.805737410568579e-7	-3.7124695533524775e-6	-4.115878815623104e-6	7.588683122140346e-8
2537	-6.853763371464829e-6	-3.8733448785172306e-7	8.46227134428966e-6	1.8817638790988522e-6
2538	5.853711431264563e-6	3.81014962321356e-6	-3.31781559055995e-6	-1.5076836839548263e-6
2539	2.459827962207741e-6	-2.3809649177900025e-6	-5.5555247929143015e-6	-6.617421133243966e-7
2540	-7.82249629435641e-6	-1.8949443454993762e-6	8.214200786055876e-6	1.945844395604144e-6
2541	3.5156096147297864e-6	3.6152822749323916e-6	-1.6608162325554442e-6	-8.274379060655547e-7
2542	5.221506482361528e-6	-7.931445585975971e-7	-6.760064593039538e-6	-1.279093179584658e-6
2543	-7.564677379388007e-6	-2.8452496431018808e-6	7.605358076027846e-6	1.774106524413518e-6
2544	5.256620816482284e-7	2.7678618114260058e-6	7.281640341130574e-8	-6.850081169470498e-8
2545	7.2377392968231225e-6	7.201071723704955e-7	-7.669723886706603e-6	-1.72402644157176e-6
2546	-6.0846476235812575e-6	-3.110177436538462e-6	6.663004479846179e-6	1.3823697328448997e-6
2547	-2.636787522407904e-6	1.5033478015936754e-6	1.8035875416124565e-6	6.975985076376121e-7
2548	8.15920489250778e-6	1.866272982180897e-6	-8.242168589597303e-6	-1.9567139189149304e-6
2549	-3.600453736190705e-6	-2.7085335053150237e-6	5.4313745009301485e-6	8.055941320548472e-7
2550	-5.457449495448857e-6	1.1958036781360294e-7	3.452716056913865e-6	1.4039386233009718e-6
2551	7.812320076412588e-6	2.4515022386121914e-6	-8.449462903981541e-6	-1.9558017503848276e-6
2552	-4.957587284682703e-7	-1.7866711756573926e-6	3.965734280756608e-6	9.233764482065906e-8
2553	-7.475351047650949e-6	-1.0830828090265372e-6	4.942103519162166e-6	1.9905834740100657e-6
2554	6.230669830801534e-6	2.4060765745302956e-6	-8.282871378404247e-6	-1.7189235359641125e-6
2555	2.7360582647137737e-6	-5.954567287494096e-7	2.335971479201224e-6	-7.004643719701792e-7
2556	-8.35541377717281e-6	-1.8615829535629796e-6	6.199631366283717e-6	2.408402156600808e-6
2557	3.6539695605364804e-6	1.7942146828315416e-6	-7.748668841118555e-6	-1.2601588893274696e-6
2558	5.581132613122174e-6	5.781568620092078e-7	6.180743812218595e-7	-1.5083623822857505e-6
2559	-7.942509703840872e-6	-2.0750726960090843e-6	7.163939751236117e-6	2.6144908843409876e-6
2560	4.836179838149948e-7	8.005234960328936e-7	-6.874821872641433e-6	-6.089731150287572e-7
2561	7.586917991495577e-6	1.464458972572252e-6	-1.1013099353937745e-6	-2.266369176991993e-6
2562	-6.293818492080492e-6	-1.7153101025704256e-6	7.786675260934328e-6	2.5859774017215496e-6
2563	-2.7791269254764572e-6	-3.1876264374105995e-7	-5.7050867304007725e-6	1.8812921156604284e-7
2564	8.428344959700507e-6	1.8715346624286245e-6	-2.7380531092616173e-6	-2.910075455972646e-6
2565	-3.6670914777000434e-6	-8.908182880038185e-7	8.042132376855935e-6	2.3146237214096876e-6
2566	-5.620685164332164e-6	-1.2856764324806242e-6	-4.3031057222424705e-6	1.0777090962813477e-6
2567	7.968013960536348e-6	1.716194561014396e-6	-4.208900714437909e-6	-3.386154166860097e-6
2568	-4.7157315749346175e-7	1.847639899031478e-7	7.923967572410031e-6	1.807883060789919e-6
2569	-7.594582840187859e-6	-1.8630791099828902e-6	-2.7455177716568842e-6	1.999247384142537e-6
2570	6.279977115919778e-6	1.036626661370312e-6	-5.443794759467591e-6	-3.651891988706305e-6
2571	2.7817705131855085e-6	1.2398424519313374e-6	7.447074197444577e-6	1.0876019388005664e-6
2572	-8.39094309365215e-6	-1.9014104690406702e-6	-1.1119863364056893e-6	2.8931204862540293e-6
2573	3.6374687405384356e-6	-9.950399841878108e-9	-6.385146303676232e-6	-3.677856922380881e-6
2574	5.586214763032737e-6	2.0065369191717003e-6	6.645882472248522e-6	1.889182437739654e-7
2575	-7.889369767502736e-6	-1.3690681571202882e-6	5.109850884275964e-7	3.6940561257206792e-6
2576	4.5896284560510835e-7	-1.1750834889690337e-6	-6.992441016939883e-6	-3.4439248679860623e-6
2577	7.5026978672197764e-6	2.275941740362905e-6	5.570209288435415e-6	-8.392822817214393e-7
2578	-6.1857270876875515e-6	-3.6252055684972286e-7	2.0382693015150582e-6	4.341532612384495e-6
2579	-2.7450232968831506e-6	-2.1740482854307057e-6	-7.246699430531506e-6	-2.945803688762859e-6
2580	8.241964608126774e-6	1.9486922965945113e-6	4.284826643529763e-6	-1.935689900869215e-6
2581	-3.5600312134502275e-6	9.102713018191158e-7	3.399692481536347e-6	4.776952702811014e-6
2582	-5.475302935042675e-6	-2.748719126167365e-6	-7.153113458403617e-6	-2.195921583043591e-6
2583	7.707079924419436e-6	1.044111295644972e-6	2.8664714475963826e-6	-3.0335065137803647e-6
2584	-4.405485563567501e-7	2.1675519567756196e-6	4.5324271455720425e-6	4.956712194663962e-6
2585	-7.31079320472709e-6	-2.7194864964375786e-6	-6.733548419573108e-6	-1.2231089671649586e-6
2586	6.006563509281724e-6	-2.8490222427456243e-7	1.3918521460767416e-6	-4.062605532651714e-6
2587	2.672746482163971e-6	3.1146446749595425e-6	5.387662508962238e-6	4.852226375194138e-6
2588	-7.98124142292287e-6	-2.0329211145420623e-6	-6.020147294053209e-6	-7.746610482853377e-8
2589	3.4287433098792835e-6	-1.778347147830365e-6	-6.039208008113348e-8	-4.95571898477414e-6
2590	5.292764808115635e-6	3.501465494600442e-6	5.933060567670956e-6	4.453416195417315e-6
2591	-7.4130567841584826e-6	-7.676059931804799e-7	-5.061512698592113e-6	1.1841353482210143e-6
2592	4.0130400294224335e-7	-3.125834652497951e-6	-1.4180426785192988e-6	-5.641677700656236e-6
2593	7.024114453217674e-6	3.1846453416766006e-6	6.157704372598276e-6	3.762158316017175e-6
2594	-5.727460145632079e-6	8.709366770661451e-7	-3.922656185762696e-6	2.488489626221993e-6
2595	-2.5897126616289275e-6	-4.0254405675890054e-6	-2.614340752026629e-6	-6.068836137841809e-6
2596	7.617201599062336e-6	2.156630635318981e-6	6.0657015894722835e-6	2.802165057268486e-6
2597	-3.2170348598677956e-6	2.5800892276126247e-6	-2.672546906987203e-6	3.760707156430443e-6
2598	-5.075546418124246e-6	-4.240610970211432e-6	-3.593697966344778e-6	-6.199426264364434e-6
2599	7.010249787524281e-6	5.447995042418229e-7	5.6779399476392766e-6	1.6202078337376906e-6
2600	-3.0587580036294895e-7	4.0229624412318895e-6	-1.3833585382581067e-6	4.925056521731245e-6
2601	-6.673349498758472e-6	-3.6510161058436945e-6	-4.316971483237648e-6	-6.010336653911155e-6
2602	5.340924130821638e-6	-1.3963024492478293e-6	5.033239801005797e-6	2.710151501297587e-7
2603	2.5300571597810345e-6	4.883658262919904e-6	-1.3076220278151744e-7	5.9113857723823874e-6
2604	-7.161690667596365e-6	-2.2904749974354386e-6	-4.7532762020164466e-6	-5.501194479514806e-6
2605	2.912540866532991e-6	-3.3205783843746316e-6	4.177909172236678e-6	-1.17513732937922e-6
2606	4.842101037346813e-6	4.929371058534378e-6	1.019945016811474e-6	6.657694501991344e-6
2607	-6.507724097971012e-6	-3.3807704685801033e-7	-4.891956430556291e-6	-4.689252144781794e-6
2608	1.4784580395669392e-7	-4.853514308221976e-6	3.170334538407602e-6	-2.6414605485378863e-6
2609	6.274531204127932e-6	4.0750751142337695e-6	2.0114222533071376e-6	7.114330845204193e-6
2610	-4.862683582634076e-6	1.8916281316747135e-6	-4.746277850633228e-6	-3.606083385274421e-6
2611	-2.494735527340061e-6	-5.669596017509764e-6	2.0795198221339704e-6	-4.052371842175947e-6
2612	6.6374414032910555e-6	2.3975417044322413e-6	2.792912617698626e-6	7.249760195573346e-6
2613	-2.539332156044244e-6	4.009809444277017e-6	-4.337643977261187e-6	-2.296659171339469e-6
2614	-4.59193004243009e-6	-5.5524933448962695e-6	9.769334269251267e-7	-5.337707564191495e-6
2615	5.9270874666173045e-6	1.3135823093433472e-7	3.32206429879914e-6	7.054402266385501e-6
2616	4.9000027791968607e-8	5.618923874325623e-6	-3.7064497599009614e-6	-8.258987775552836e-7
2617	-5.825854025544253e-6	-4.4476322288725574e-6	-6.795271540174585e-8	-6.4303669201102555e-6
2618	4.312973984687587e-6	-2.362321335764008e-6	3.5817692196468054e-6	6.528482081372504e-6
2619	2.460426340233023e-6	6.386002477953061e-6	-2.9040453202541685e-6	7.397356618299783e-7
2620	-6.040683710142581e-6	-2.4788290649998727e-6	-9.92753031658404e-7	-7.26600977171372e-6
2621	2.113576596009562e-6	-4.651122609971197e-6	3.5679544767282256e-6	5.682805047101067e-6
2622	4.304996015345707e-6	6.111507745856475e-6	-1.9941872488698438e-6	2.324312652901741e-6
2623	-5.264124099285241e-6	7.161655144438711e-8	-1.739217413094167e-6	-7.798804902341735e-6
2624	-2.6190443729341744e-7	-6.3185504259075475e-6	3.2953564908418137e-6	4.5540728447683905e-6
2625	5.307182295798159e-6	4.773135159534726e-6	-1.0411501705545183e-6	3.852799197399119e-6
2626	-3.6920690816282708e-6	2.799440725624772e-6	-2.267250865432785e-6	-7.99969778777619e-6
2627	-2.4018919216712707e-6	-7.0295096570322635e-6	2.8040603781561857e-6	3.1906851724841943e-6
2628	5.353935505692409e-6	2.5347132536475213e-6	-1.1761969984876685e-7	5.248379455963199e-6
2629	-1.6481402843374816e-6	5.2370867465109635e-6	-2.5508005975399574e-6	-7.850632985919444e-6
2630	-3.956104853788978e-6	-6.6000188298026475e-6	2.138238615338021e-6	1.6533198109684744e-6
2631	4.511825246680226e-6	-2.72464792211278e-7	7.107061182027973e-7	6.443694488234933e-6
2632	4.786428350563018e-7	6.944486130254895e-6	-2.577895748797333e-6	-7.354005868545508e-6
2633	-4.700470817707373e-6	-5.043373997343157e-6	1.3518770208572412e-6	1.4345064357763962e-8
2634	2.9968768213697313e-6	-3.1996043355240843e-6	1.3847457856056356e-6	7.379270014828972e-6
2635	2.30780972173484e-6	7.593332217964144e-6	-2.3578076233648547e-6	-6.527461967619882e-6
2636	-4.56666178746897e-6	-2.567501515061801e-6	5.093559587478076e-7	-1.652998844073212e-6
2637	1.135214025289805e-6	-5.750498362642707e-6	1.8592421623320549e-6	8.006456694740728e-6
2638	3.5374404582549067e-6	7.019557973056238e-6	-1.917756924705835e-6	-5.402143074430737e-6
2639	-3.661890759839491e-6	4.529594297055471e-7	-3.217472480694722e-7	-3.267879866097389e-6
2640	-7.0544988702e-7	-7.477941801158264e-6	2.108912243952427e-6	8.287744372319665e-6
2641	3.999797648174758e-6	5.270859773475836e-6	-1.3012242292328898e-6	-4.029547625459409e-6
2642	-2.2216736781278917e-6	3.5349861325506694e-6	-1.0784456642169535e-6	-4.753178562046626e-6
2643	-2.185117998124678e-6	-8.061746813108502e-6	2.1207448468214997e-6	8.209649924743852e-6
2644	3.6785152394641503e-6	2.5960164553466316e-6	-5.58800740669409e-7	-2.470718255009036e-6
2645	-5.680944796554599e-7	6.1662641543696595e-6	-1.7011972287865495e-6	-6.0358441521620695e-6
2646	-3.0607678917467206e-6	-7.357543820597849e-6	1.8971313714464094e-6	7.766203450040873e-6
2647	2.7158331864321005e-6	-5.981478287523927e-7	2.487945259794393e-7	-7.978621511035285e-7
2648	9.526972569592898e-7	7.893521355027997e-6	-2.1438037855496894e-6	-7.048599190703331e-6
2649	-3.2195852070373544e-6	-5.443653790734793e-6	1.4549248469041416e-6	6.976225468566769e-6
2650	1.3698239653712158e-6	-3.7954779367988566e-6	1.064272267429726e-6	9.038292932790628e-7
2651	2.0495686791783667e-6	8.404740522357093e-6	-2.3740216595872348e-6	-7.739941514618203e-6
2652	-2.705479252341909e-6	-2.6080244016047783e-6	8.224287469542531e-7	5.880796055023233e-6
2653	-4.230752465904493e-8	-6.469525642125391e-6	1.8264277869442524e-6	2.5465015491371902e-6
2654	2.545234032217123e-6	7.581741509641785e-6	-2.3722953844049617e-6	-8.07597340214851e-6
2655	-1.7003581782076365e-6	7.092875751126568e-7	4.727549656284486e-8	4.53696660412054e-6
2656	-1.2111108263492571e-6	-8.171260998370191e-6	2.4733884425492934e-6	4.051224631393874e-6
2657	2.392569539765859e-6	5.538348325395717e-6	-2.1321605537265705e-6	-8.043180557173683e-6
2658	-4.749317655948994e-7	3.9739741247196495e-6	-8.191538685090193e-7	3.012690848854023e-6
2659	-1.9064079503199122e-6	-8.600747849749696e-6	2.9541460482437778e-6	5.3443653126402514e-6
2660	1.6928535256461995e-6	2.5888092854075357e-6	-1.654875207506861e-6	-7.647813356182552e-6
2661	6.726568483693954e-7	6.650386718613608e-6	-1.721903509360192e-6	1.3882952994777536e-6
2662	-2.018706314304963e-6	-7.673698780377575e-6	3.2259805093799544e-6	6.3631149017274665e-6
2663	6.611579660907461e-7	-7.973285366317365e-7	-9.648782320812039e-7	-6.914602115393575e-6
2664	1.4789220601164718e-6	8.300240324682855e-6	-2.5887299480093166e-6	-2.538449446967919e-7
2665	-1.5616891000143734e-6	-5.538465930417426e-6	3.253180128078772e-6	7.0582851124926175e-6
2666	-4.313170452843304e-7	-4.074631473074064e-6	-9.912229543127133e-8	-5.889021485786422e-6
2667	1.7739141384869877e-6	8.649744867412899e-6	-3.3572424722941175e-6	-1.8290719973039207e-6
2668	-6.863261976495777e-7	-2.532089112509429e-6	3.0184444940601686e-6	7.4053850714669075e-6
2669	-1.308966319235972e-6	-6.716430062351768e-6	8.921285205179387e-7	-4.6332458890866064e-6
2670	1.5064291276757402e-6	7.646575392234524e-6	-3.960940645136599e-6	-3.26103990867602e-6
2671	3.6730858635903104e-7	8.653786048375917e-7	2.5223403903762276e-6	7.4008794992484365e-6
2672	-1.7550296586458967e-6	-8.298718545026858e-6	1.945630078892176e-6	-3.216783932963846e-6
2673	7.537648464973829e-7	5.459090994360489e-6	-4.348831307962154e-6	-4.486834002138483e-6
2674	1.326508193449883e-6	4.110278984847798e-6	1.7809402889694508e-6	7.056496687234052e-6
2675	-1.6561509830933537e-6	-8.575144447142903e-6	2.9870471547895335e-6	-1.7149747059989146e-6
2676	-2.922553647294506e-7	2.4404947190503953e-6	-4.477298197382633e-6	-5.4508360732447115e-6
2677	1.9400016708737386e-6	6.687992892642514e-6	8.273042456470557e-7	6.400829034211033e-6
2678	-1.0179897748940043e-6	-7.517984339637001e-6	3.9474903440670905e-6	-2.0235845687021945e-7
2679	-1.3686018554998991e-6	-9.220892137933713e-7	-4.322041093866184e-6	-6.113104192744477e-6
2680	2.0370820337802998e-6	8.193590810871998e-6	-2.890423187711453e-7	5.475126898866035e-6
2681	2.3422293299647028e-8	-5.315258144524833e-6	4.754439623207922e-6	1.244829471374945e-6
2682	-2.201058306610667e-6	-4.095765846870182e-6	-3.87764240598774e-6	-6.4463899200409715e-6
2683	1.553546284494303e-6	8.404532426982282e-6	-1.5006634832837957e-6	4.338253800301196e-6
2684	1.2331351797428224e-6	-2.325873823130898e-6	5.344829346937394e-6	2.5533034466370808e-6
2685	-2.5611163366354474e-6	-6.578418200082664e-6	-3.155067412571313e-6	-6.446603781294698e-6
2686	5.582046303506631e-7	7.310450516682072e-6	-2.732578910402625e-6	3.0539126713779974e-6
2687	2.3314814525341564e-6	9.62757176348733e-7	5.6696644836685836e-6	3.6615806299473663e-6
2688	-2.319953524867526e-6	-7.987233273286653e-6	-2.1826466507252996e-6	-6.128258616086698e-6
2689	-7.592204234656905e-7	5.112379412034238e-6	-3.911552951923888e-6	1.696774311715186e-6
2690	3.042369987214741e-6	4.023308846202409e-6	5.696237571888876e-6	4.51864606924776e-6
2691	-1.4710000694979062e-6	-8.12383666245308e-6	-1.0046882435298696e-6	-5.524651285791385e-6
2692	-2.1254636996674924e-6	2.1878727728178414e-6	-4.966047503129612e-6	3.4163874681592184e-7
2693	3.165073468106021e-6	6.372963377290146e-6	5.411780490194635e-6	5.083052869072544e-6
2694	-1.4066837414888026e-7	-7.002700518961933e-6	3.1278155663099217e-7	-4.674112677074504e-6
2695	-3.2440253219640654e-6	-9.826235063107345e-7	-5.827526823864476e-6	-9.332560882177113e-7
2696	2.6125967310606373e-6	7.663800258395657e-6	4.821187719224374e-6	5.33416902631959e-6
2697	1.4325917611997627e-6	-4.842331797456064e-6	1.7010861750369375e-6	-3.6389719309883945e-6
2698	-3.848918380305264e-6	-3.889572360472018e-6	-6.438603777216184e-6	-2.059007259018496e-6
2699	1.430461087418524e-6	7.726952109316669e-6	3.941750637173136e-6	5.27795054472518e-6
2700	2.9487376705430653e-6	-2.0183698927310196e-6	3.0864235117021273e-6	-2.491461413287314e-6
2701	-3.7614804594241364e-6	-6.08259117126948e-6	-6.754923348549294e-6	-2.9796875997013116e-6
2702	-2.0699068954253213e-7	6.593017813481974e-6	2.8137451456978124e-6	4.932567495026621e-6
2703	4.093786871769226e-6	1.0041735019706824e-6	4.394790587519881e-6	-1.304637944242795e-6
2704	-2.927719776681017e-6	-7.244574712254765e-6	-6.750176648169232e-6	-3.649279373747164e-6
2705	-2.021185519379396e-6	4.483798305705328e-6	1.4856576053375908e-6	4.336942096530131e-6
2706	4.605179678177853e-6	3.7359963155923985e-6	5.55835518363851e-6	-1.5370184007487354e-7
2707	-1.4387135566044037e-6	-7.225220569279845e-6	-6.416351305774206e-6	-4.041670802523691e-6
2708	-3.680280987066896e-6	1.7803170715479593e-6	1.740017289463186e-8	3.543686235605938e-6
2709	4.329749704779743e-6	5.7465052561242025e-6	6.508678994784502e-6	8.925194668355694e-7
2710	4.816339763130781e-7	-6.073218040633354e-6	-5.7603243618060665e-6	-4.146598924380668e-6
2711	-4.8572965280784185e-6	-1.0634023288395077e-6	-1.5161699709209176e-6	2.6153621773232645e-6
2712	3.245093206785661e-6	6.748515447804149e-6	7.190311906686538e-6	1.7734200509025838e-6
2713	2.5193163579808054e-6	-4.027179519743235e-6	-4.806317296281593e-6	-3.97993621515665e-6
2714	-5.2947358456783885e-6	-3.5796311319524004e-6	-3.0439916852110004e-6	1.6216706086831117e-6
2715	1.4814166334162174e-6	6.624856176810864e-6	7.559750092295968e-6	2.4457060499760928e-6
2716	4.315470220388929e-6	-1.4668904531463822e-6	-3.5867503045207616e-6	-3.5744725967667744e-6
2717	-4.854860933240119e-6	-5.373387084373922e-6	-4.486659920427218e-6	6.325487180430153e-7
2718	-6.974374892214767e-7	5.45109469208831e-6	7.587386366950175e-6	2.877612365347788e-6
2719	5.530158715790024e-6	1.1646190448445565e-6	-2.1565816292272174e-6	-2.969184141974683e-6
2720	-3.5451879571294912e-6	-6.188497561667874e-6	-5.770816451052095e-6	-2.9014495907037744e-7
2721	-2.943895770566659e-6	3.4819693090223873e-6	7.2639317706261664e-6	3.0537094928534202e-6
2722	5.9082929529961595e-6	3.4281732702546857e-6	-5.775950056494585e-7	-2.214472651999435e-6
2723	-1.5332524710948474e-6	-5.944602499940754e-6	-6.8285308895616435e-6	-1.0857304850930222e-6
2724	-4.871100384733198e-6	1.090555694011798e-6	6.597943301318258e-6	2.977398060802798e-6
2725	5.322036327823565e-6	4.970723088313315e-6	1.0710566954303547e-6	-1.37185713465621e-6
2726	8.833507951089506e-7	-4.745883836703529e-6	-7.597685935921233e-6	-1.7077385435738823e-6
2727	-6.124088382985185e-6	-1.3014232492709263e-6	5.613920212742125e-6	2.667811252944113e-6
2728	3.8078217645716494e-6	5.5759547905712095e-6	2.7053419635037072e-6	-5.068001531336177e-7
2729	3.322299844249727e-6	-2.8586167708685926e-6	-8.03177007793731e-6	-2.121237103583588e-6
2730	-6.445982933604816e-6	-3.286207268337041e-6	4.350911888623128e-6	2.158517825402971e-6
2731	1.5682953067484944e-6	5.196831168934148e-6	4.248476485121714e-6	3.1702987792864177e-7
2732	5.368890070290498e-6	-6.506378407776845e-7	-8.107601103689546e-6	-2.303518935489881e-6
2733	-5.7260980757869605e-6	-4.5500019334747135e-6	2.8678099715386267e-6	1.494215056915105e-6
2734	-1.065782484194626e-6	3.9699046566206505e-6	5.619435152032295e-6	1.043635709734043e-6
2735	6.654467617965585e-6	1.474825457338454e-6	-7.81422963602071e-6	-2.2510051935840735e-6
2736	-4.023372524471256e-6	-4.920386881502877e-6	1.235572540298419e-6	7.309953916561917e-7
2737	-3.6766635041402768e-6	2.1741260999939737e-6	6.748446240229653e-6	1.6218509578227152e-6
2738	6.919342617122746e-6	3.145166145725637e-6	-7.165348706908718e-6	-1.971192068595204e-6
2739	-1.5731813030710837e-6	-4.394891941253488e-6	-4.6089347260757153e-7	-7.716437853550771e-8
2740	-5.822475745868407e-6	1.7305802868526118e-7	7.5756193028644436e-6	2.0132182997241023e-6
2741	6.066367809301059e-6	4.098018964310077e-6	-6.192972856340048e-6	-1.485904634965429e-6
2742	1.2559101817172208e-6	-3.141655851705798e-6	-2.1338727291952268e-6	-8.709040042709503e-7
2743	-7.1234773004685455e-6	-1.6547900611836734e-6	8.060332529609767e-6	2.1867619763822784e-6
2744	4.188789888249165e-6	4.214724089258916e-6	-4.945732514190866e-6	-8.32940078882065e-7
2745	4.009031543491648e-6	-1.4504295589542504e-6	-3.7023745470917057e-6	-1.5904994100423422e-6
2746	-7.324653240313312e-6	-2.985594539995481e-6	8.180884210066393e-6	2.128278968741333e-6
2747	1.5521853037276948e-6	3.5351706507366744e-6	-3.489024692341646e-6	-5.684928331031472e-8
2748	6.226375389630803e-6	3.295816257984377e-7	-5.089798040993802e-6	-2.182449020563953e-6
2749	-6.342867997528363e-6	-3.608062833976331e-6	7.93857070871682e-6	1.8365861677164766e-6
2750	-1.4401582494517295e-6	2.2548021921622656e-6	-1.8957845086826197e-6	7.906115401648121e-7
2751	7.517740328221669e-6	1.8439283867499457e-6	-6.235859340824627e-6	-2.593567806590186e-6
2752	-4.299868992605383e-6	-3.4531403875706e-6	7.350444793842179e-6	1.319969261721618e-6
2753	-4.302796714643619e-6	6.755783671815792e-7	-2.4325289390534637e-7	1.6457783518288591e-6
2754	7.637598954071597e-6	2.812089669603672e-6	-7.087176093769252e-6	-2.783182369316517e-6
2755	-1.5025954705603581e-6	-2.608709869248508e-6	6.449623430006599e-6	6.081311221669614e-7
2756	-6.555619805465427e-6	-8.635250137403155e-7	1.3854884884635317e-6	2.441746092708262e-6
2757	6.526914712524193e-6	3.081329674933272e-6	-7.610033833331563e-6	-2.7259408436528075e-6
2758	1.612115481963907e-6	-1.3022581411460635e-6	5.288451849736186e-6	-2.551507530937124e-7
2759	-7.806671684583351e-6	-2.0435099797086077e-6	2.915259399253698e-6	3.114412760467074e-6
2760	4.344762553700173e-6	2.638530019118172e-6	-7.789863381495586e-6	-2.412089215948121e-6
2761	4.534649143345944e-6	1.54122798542481e-7	3.925596355189846e-6	-1.2119298564799283e-6
2762	-7.829492763236876e-6	-2.6303565183939977e-6	4.2785604738469255e-6	3.6061201770149297e-6
2763	1.42857158929618e-6	1.6237022085350872e-6	-7.622587233546998e-6	-1.8493743060586617e-6
2764	6.776964880625232e-6	1.4323500768926063e-6	2.4251165190906285e-6	-2.1995218976683975e-6
2765	-6.603713644097465e-6	-2.527166300470485e-6	5.413269794098488e-6	3.869310151081328e-6
2766	-1.757173033169593e-6	2.9944009665807034e-7	-7.120085695380828e-6	-1.0608270455126424e-6
2767	7.961535472131141e-6	2.252994020451257e-6	8.632137624990682e-7	-3.14505298040428e-6
2768	-4.3140332571025e-6	-1.7899568287532602e-6	6.271761030092098e-6	3.868108385665002e-6
2769	-4.687905262959962e-6	-1.0151555354468986e-6	-6.315345101463066e-6	-9.114187572719763e-8
2770	7.885558727528948e-6	2.439854520327907e-6	-6.832193168307675e-7	-3.976970548476937e-6
2771	-1.3272228940715648e-6	-6.129828893151931e-7	6.814972661381118e-6	3.5883322504379854e-6
2772	-6.878220602613976e-6	-2.0150208435032325e-6	-5.256009742588186e-6	9.994582996036371e-7
2773	6.5598103889717775e-6	1.9631339101455743e-6	-2.1374307252692244e-6	-4.6303178750704885e-6
2774	1.8684627161030323e-6	7.158577580154414e-7	7.0244823353622466e-6	3.032195711562874e-6
2775	-7.969655626723948e-6	-2.467038179683868e-6	-3.999405204596834e-6	2.1467273491103567e-6
2776	4.20157864502038e-6	9.458559696125476e-7	-3.4282097545655534e-6	-5.051368138625873e-6
2777	4.752442283871277e-6	1.8753252602480324e-6	6.898647329985827e-6	2.2203893946378935e-6
2778	-7.793825402642973e-6	-2.25751602850772e-6	-2.6169617406467023e-6	3.2798795505737753e-6
2779	1.1987573953654524e-6	-3.7453508618368437e-7	-4.496763131257415e-6	-5.2013547909474135e-6
2780	6.852535905044831e-6	2.58810777022928e-6	6.454391505782886e-6	1.1931575657372284e-6
2781	-6.393991757567061e-6	-1.42372384488509e-6	-1.1832279879503684e-6	4.328792575757726e-6
2782	-1.9504477215215578e-6	-1.6911589457289661e-6	-5.290090186525904e-6	-5.061559531364683e-6
2783	7.833019009183783e-6	2.6783276991615068e-6	5.723466483765547e-6	2.7227092829933823e-9
2784	-4.0079916069541985e-6	-1.4337458007692156e-7	2.2262858010361017e-7	5.226079144650165e-6
2785	-4.733596783513984e-6	-2.6964685354388035e-6	-5.775936901822859e-6	-4.62584007939798e-6
2786	7.5582225592089055e-6	2.0908821798675528e-6	4.7571785284696145e-6	-1.2891407831979837e-6
2787	-1.0399621752873228e-6	1.3097982572070746e-6	1.5267915268909663e-6	5.908485590864228e-6
2788	-6.704593465936264e-6	-3.1405980900074887e-6	-5.940964038912835e-6	-3.8994287333171616e-6
2789	6.101465784876754e-6	9.18343576721843e-7	3.620573451962762e-6	-2.6166082683107594e-6
2790	2.0141134137721393e-6	2.617534641701227e-6	2.6592513094486344e-6	6.3252339047166426e-6
2791	-7.557362729413213e-6	-2.884793568905721e-6	-5.7935275632371775e-6	-2.9105167801953303e-6
2792	3.726756974498786e-6	-6.163911894588491e-7	2.388481599024979e-6	-3.908430648619335e-6
2793	4.6493725938793675e-6	3.477691552335014e-6	3.561619400469195e-6	6.4487259415293056e-6
2794	-7.186675524085195e-6	-1.9354217273210156e-6	-5.35425923215362e-6	-1.7027116722415653e-6
2795	8.452077861331456e-7	-2.1977690640918497e-6	1.1383154249490128e-6	-5.095402944752916e-6
2796	6.450717428067924e-6	3.6634493015981962e-6	4.19465488165836e-6	6.253145653242951e-6
2797	-5.698098000649634e-6	-4.4126863204623545e-7	-4.6694545614989835e-6	-3.2502507252849923e-7
2798	-2.0527232563054265e-6	-3.490470388315584e-6	-5.819799148023389e-8	-6.103509611834434e-6
2799	7.155144128355197e-6	3.0812542459228627e-6	4.544060498078946e-6	5.727050791430009e-6
2800	-3.374465118984631e-6	1.3215389131602745e-6	-3.8011618679536473e-6	1.1574691646033736e-6
2801	-4.4937329319680545e-6	-4.204225242177656e-6	-1.1306839226670397e-6	-6.869125107427535e-6
2802	6.695655655405652e-6	1.7972923179126976e-6	4.604635282585841e-6	4.886905996845018e-6
2803	-6.292502775659533e-7	3.010315960247106e-6	-2.81226570231896e-6	2.671437856522304e-6
2804	-6.096185221091741e-6	-4.149259518044607e-6	-2.0271567878501563e-6	-7.338690745639904e-6
2805	5.198751150289086e-6	1.8798436205049694e-8	4.396661430145475e-6	3.762625152104702e-6
2806	2.067978460904779e-6	4.288378866765876e-6	-1.7700178559046296e-6	4.132638057961721e-6
2807	-6.640911135844022e-6	-3.2780154037324305e-6	-2.70611135464187e-6	-7.472889645515416e-6
2808	2.959999320419242e-6	-1.9483874960056063e-6	3.9509133003924e-6	2.4035792711200094e-6
2809	4.275950364766954e-6	4.876667060597339e-6	-7.402686122990245e-7	5.462301748355793e-6
2810	-6.0941374256069545e-6	-1.6981984309352782e-6	-3.139182076197563e-6	-7.253558721312057e-6
2811	3.890186943127831e-7	-3.7436738328395534e-6	3.3143881140133914e-6	8.672054803551296e-7
2812	5.656486996054938e-6	4.612694141760216e-6	2.1270893761283293e-7	6.58561074478923e-6
2813	-4.60719188257404e-6	3.407209267002183e-7	-3.3191869240524575e-6	-6.6761787031299315e-6
2814	-2.071183190169168e-6	-5.016898156040088e-6	2.5431130420911542e-6	-7.709347500149193e-7
2815	6.032593563858465e-6	3.481575322877462e-6	1.034707087394037e-6	7.432727543939617e-6
2816	-2.483959796573807e-6	2.500835780217688e-6	-3.2510387623445168e-6	-5.763194579644193e-6
2817	-4.017395232325283e-6	-5.498719586578589e-6	1.689354267998205e-6	-2.4238489748796822e-6
2818	5.403094975706791e-6	1.6348383389712223e-6	1.6804409200506081e-6	7.953940398681186e-6
2819	-1.1861703916771077e-7	4.396938674861864e-6	-2.9527541521587637e-6	-4.556004534564993e-6
2820	-5.158561126139914e-6	-5.046318502062809e-6	8.141364542099014e-7	-4.0059525374169405e-6
2821	3.941546752253742e-6	-6.444144505872337e-7	2.1200619402797024e-6	8.11630997080643e-6
2822	2.077115956290971e-6	5.669340912814973e-6	-2.4607333950591086e-6	-3.1064279735635477e-6
2823	-5.358075331386556e-6	-3.6798924316199535e-6	-2.0592408131846466e-8	-5.436169545449442e-6
2824	1.950083416048587e-6	-2.980653383377232e-6	2.3314148049571122e-6	7.905649669749258e-6
2825	3.74360071690638e-6	6.054108057870604e-6	-1.8210083296806817e-6	-1.4867821299150088e-6
2826	-4.6462921613007235e-6	-1.591092170824695e-6	-7.547196757852628e-7	-6.638096882886451e-6
2827	-1.9175727891674327e-7	-4.9663629474040245e-6	2.3059487642613445e-6	7.328891595573612e-6
2828	4.6330236898717665e-6	5.433315460334529e-6	-1.0790688271134968e-6	2.1960136633632035e-7
2829	-3.2140564828294127e-6	8.981088555059752e-7	-1.341616868149676e-6	-7.5496570115053415e-6
2830	-2.1065497865950432e-6	-6.236213133265905e-6	2.0564981837124623e-6	6.413921442086082e-6
2831	4.644189751360435e-6	3.863351804927091e-6	-2.9641319614913576e-7	1.9297907412986976e-6
2832	-1.3629815854544466e-6	3.383006419065003e-6	-1.7410705657483233e-6	-8.124882422756854e-6
2833	-3.4794842164088503e-6	-6.5337418036800674e-6	1.6070690094340978e-6	5.204833089147171e-6
2834	3.846536764106127e-6	1.5685535837300092e-6	4.675413937074633e-7	3.5585332638903845e-6
2835	5.516966139707829e-7	5.437508884586073e-6	-1.9224595809658807e-6	-8.338307499606585e-6
2836	-4.107042844726876e-6	-5.762989175001423e-6	9.9151887090778e-7	3.7658421936924817e-6
2837	2.4407438471227542e-6	-1.102416422305947e-6	1.1504685302501411e-6	5.028221661967213e-6
2838	2.180132268269481e-6	6.69941282923e-6	-1.869250070118223e-6	-8.184551648145106e-6
2839	-3.922900602800315e-6	-4.010977786321698e-6	2.6277502182366666e-7	2.1656635677573656e-6
2840	7.262094282261356e-7	-3.7133235073635816e-6	1.6940882214739574e-6	6.272611625806796e-6
2841	3.2464230892096192e-6	6.9147904587496345e-6	-1.5854898802748444e-6	-7.672927330789866e-6
2842	-3.0248002899639293e-6	-1.5334489455971722e-6	-5.152709138820199e-7	4.776918985065651e-7
2843	-9.55080300884285e-7	-5.821057832666212e-6	2.0491587038521503e-6	7.235688570920815e-6
2844	3.5912389451679266e-6	6.008913958939884e-6	-1.090958494586822e-6	-6.830408534800848e-6
2845	-1.6357270296319327e-6	1.2850192117440345e-6	-1.2802386711667255e-6	-1.2164073355781654e-6
2846	-2.286374303592399e-6	-7.060534647713198e-6	2.183158040075735e-6	7.876607493777402e-6
2847	3.196017260905903e-6	4.101532718040187e-6	-4.204731822722695e-7	-5.7007418130278575e-6
2848	-5.7825721235583856e-8	3.9895564379159485e-6	-1.9657847735408064e-6	-2.8400909699532173e-6
2849	-3.0331114743854514e-6	-7.196637785945026e-6	2.07559343601222e-6	8.169101157678584e-6
2850	2.1856215429718313e-6	1.4778202832151684e-6	3.7129746016885315e-7	-4.339709306455179e-6
2851	1.3881094172193392e-6	6.130581617710882e-6	-2.514710407044953e-6	-4.321606617937936e-6
2852	-3.0813809362021115e-6	-6.175025848695994e-6	1.730296507323449e-6	8.104697944354984e-6
2853	8.053375062631017e-7	-1.4570847201015142e-6	1.2230361994845368e-6	-2.809709383732244e-6
2854	2.4160886319593465e-6	7.33929108325323e-6	-2.8797836693318013e-6	-5.59140397806316e-6
2855	-2.45931360702494e-6	-4.135598108189071e-6	1.1621730621586617e-6	7.688714813531857e-6
2856	-6.39367553218044e-7	-4.228011016488183e-6	2.07310610384467e-6	-1.1846325718824452e-6
2857	2.8311761044995e-6	7.393426237990499e-6	-3.0214794605949685e-6	-6.590485164594092e-6
2858	-1.326449732351041e-6	-1.3918566962832036e-6	4.061888790185402e-7	6.9408913178910715e-6
2859	-1.8424943644988728e-6	-6.376317637636892e-6	2.851575660703204e-6	4.603817959435417e-7
2860	2.5665668722869695e-6	6.2618465089192735e-6	-2.9162687905427254e-6	-7.272818047574926e-6
2861	4.924581508363265e-8	1.6256337116190339e-6	-4.874888358756589e-7	5.9023761225661916e-6
2862	-2.5534493303959083e-6	-7.534567239126172e-6	3.49916984202552e-6	2.043872246948204e-6
2863	1.7021528739270674e-6	4.109616643998188e-6	-2.5585320354820172e-6	-7.615936027419039e-6
2864	1.3600105113885025e-6	4.428602222302551e-6	-1.4624645476793128e-6	4.630251235097671e-6
2865	-2.622036159391291e-6	-7.499695762594368e-6	3.970463759912057e-6	3.48927294722699e-6
2866	4.4070963807923934e-7	1.2752448930241472e-6	-1.9597756567585947e-6	-7.606332101751248e-6
2867	2.31673357077158e-6	6.550071367262724e-6	-2.4558972623122554e-6	3.1881545640820065e-6
2868	-2.036924453097354e-6	-6.2621684001565915e-6	4.220528482373268e-6	4.7206363959256064e-6
2869	-9.324483134403943e-7	-1.7901140695081593e-6	-1.15004627126708e-6	-7.246697411428197e-6
2870	2.70017641610604e-6	7.634807200409006e-6	-3.40358392036052e-6	1.6531236557706925e-6
2871	-9.224786118548885e-7	-4.015884322358964e-6	4.214670286619382e-6	5.682824470875445e-6
2872	-2.104804725510068e-6	-4.5796167294432745e-6	-1.6636026354459723e-7	-6.566856938968979e-6
2873	2.4074106061773244e-6	7.496249990818202e-6	-4.242284337207129e-6	1.1320402809930338e-7
2874	4.767173593492921e-7	-1.1281023108331697e-6	3.936251053973458e-6	6.33462915098056e-6
2875	-2.801699396954861e-6	-6.630445396814645e-6	9.402768550239128e-7	-5.61174589939549e-6
2876	1.4841147890417946e-6	6.157396224501859e-6	-4.919273890664716e-6	-1.3487088969646987e-6
2877	1.8441781718870243e-6	1.928056647520202e-6	3.3872323345533917e-6	6.6549105900200045e-6
2878	-2.8412866463517807e-6	-7.606310202456754e-6	2.110005778397073e-6	-4.445880448202579e-6
2879	1.1428694195569341e-7	3.849179826120054e-6	-5.380831583227284e-6	-2.65812882588849e-6
2880	2.8635119459553513e-6	4.64573777369381e-6	2.5850521170110875e-6	6.6394157439738265e-6
2881	-2.1781281511154642e-6	-7.353424934559384e-6	3.279364291813772e-6	-3.143542738452595e-6
2882	-1.4146267910723496e-6	9.627706669523524e-7	-5.582795439374986e-6	-3.753930957802461e-6
2883	3.287999013407362e-6	6.579108320539325e-6	1.5590014649667882e-6	6.307155751835903e-6
2884	-9.16269187679431e-7	-5.937117268817044e-6	4.380496335302849e-6	-1.7847270514512274e-6
2885	-2.766604387954156e-6	-2.022246580174346e-6	-5.493817840368511e-6	-4.590678572648619e-6
2886	2.979063706892286e-6	7.426872910596165e-6	3.5353142288315555e-7	5.694430517486057e-6
2887	7.042425377713111e-7	-3.6149000685980516e-6	5.345274502576362e-6	-4.4308856746686394e-7
2888	-3.6287476116285794e-6	-4.615162051986149e-6	-5.101989695004024e-6	-5.14080303252106e-6
2889	1.9473151597365947e-6	7.0733261541791495e-6	-9.769735407953608e-7	4.851388306485485e-6
2890	2.355577379264166e-6	-7.83319641047733e-7	6.110101732398443e-6	8.1112064938051e-7
2891	-3.778888898648802e-6	-6.403078750541276e-6	-4.4069684503622625e-6	-5.389570901345337e-6
2892	3.548992503897331e-7	5.611494209943264e-6	-2.366323494343196e-6	3.839418407976366e-6
2893	3.6831114931720964e-6	2.0800431730452957e-6	6.6145495938984925e-6	1.9154724528004387e-6
2894	-3.123666223265221e-6	-7.110837525599899e-6	-3.4283954232305434e-6	-5.346911681926965e-6
2895	-1.502634159835136e-6	3.3138192317949344e-6	-3.739979580904902e-6	2.725652778689326e-6
2896	4.379894250266897e-6	4.5058949917391985e-6	6.813917743059003e-6	2.823403033210121e-6
2897	-1.7293268557416242e-6	-6.658294029305765e-6	-2.207529445062297e-6	-5.033735019486441e-6
2898	-3.260829880483409e-6	5.823720407342211e-7	-5.014548902439534e-6	1.5762480168171904e-6
2899	4.2520282320381834e-6	6.110597592490873e-6	6.681500448686309e-6	3.4946277282599707e-6
2900	1.7893781426162354e-7	-5.167334296777455e-6	-7.986372655176585e-7	-4.479291219511619e-6
2901	-4.552074126438387e-6	-2.10962144086425e-6	-6.110454445392943e-6	4.542094909179355e-7
2902	3.2569928981149066e-6	6.657197931356105e-6	6.2078440408541546e-6	3.904947596985087e-6
2903	2.255090789299367e-6	-2.9312472925808685e-6	7.299246971933158e-7	-3.733087713105452e-6
2904	-5.0828790788756396e-6	-4.317887409576372e-6	-6.959559863088387e-6	-5.775481118028588e-7
2905	1.522528999812855e-6	6.107864874152078e-6	5.40555697250231e-6	4.047306678481728e-6
2906	4.103277581073865e-6	-3.5725904635062346e-7	2.294381140017675e-6	-2.8498309016154084e-6
2907	-4.689756574750218e-6	-5.705848344273876e-6	-7.508075525636254e-6	-1.4614072919466031e-6
2908	-6.712736455169534e-7	4.617976088020278e-6	4.308603320432339e-6	3.92887377853582e-6
2909	5.3524574852504895e-6	2.107757224042125e-6	3.8123222375588334e-6	-1.8928563033521018e-6
2910	-3.3803647781696177e-6	-6.087908980080159e-6	-7.720012059753131e-6	-2.151475242447658e-6
2911	-2.941224656666469e-6	2.492047630867088e-6	2.9625147832139685e-6	3.573837577931105e-6
2912	5.722844171097553e-6	4.064170863988179e-6	5.20362693458091e-6	-9.253730179862456e-7
2913	-1.337055815800901e-6	-5.460816781794862e-6	-7.575291334497289e-6	-2.6143619550790477e-6
2914	-4.863242528877658e-6	1.199689763208347e-7	1.4309140070099755e-6	3.0166827660031957e-6
2915	5.085715732837617e-6	5.21874811847122e-6	6.394623964216792e-6	-1.2194302673499483e-8
2916	1.111290328671096e-6	-3.999174043592807e-6	-7.0791399437475255e-6	-2.8272567692019214e-6
2917	-6.0640193909763996e-6	-2.084702591258733e-6	-2.0706994116147938e-7	2.3066434299946733e-6
2918	3.4917433273805233e-6	5.431365256876846e-6	7.323625160433581e-6	7.837687779721037e-7
2919	3.5419714626250342e-6	-2.0077311377948426e-6	-6.250558228106871e-6	-2.7898421206755726e-6
2920	-6.282060779915359e-6	-3.7662130501019427e-6	-1.8689985784480975e-6	1.5020450313364791e-6
2921	1.1762854086953046e-6	4.7343728601126505e-6	7.940348642647592e-6	1.412610337166949e-6
2922	5.5180854856702245e-6	1.3803496936193247e-7	-5.124696850380144e-6	-2.520059351314421e-6
2923	-5.42364771912091e-6	-4.675712542975061e-6	-3.474751525502554e-6	6.679617248982475e-7
2924	-1.4867146798268698e-6	3.3154891054903974e-6	8.210158153113416e-6	1.8343345470860384e-6
2925	6.669008040086801e-6	2.06113313497956e-6	-3.747634172470522e-6	-2.049284592077244e-6
2926	-3.586031647235499e-6	-4.716201787401308e-6	-4.9502732149681835e-6	-1.293452074187426e-7
2927	-4.049120107842692e-6	1.4788112084084835e-6	8.121219024717493e-6	2.02090281263535e-6
2928	6.752268290610414e-6	3.4452851255357153e-6	-2.1871561808374855e-6	-1.4217255282710573e-6
2929	-1.0444984977379125e-6	-3.947909514780664e-6	-6.2258178971429866e-6	-8.225611652196457e-7
2930	-6.064164277002393e-6	-4.192972441160099e-7	7.676193923116118e-6	1.966094490081167e-6
2931	5.704717984426379e-6	4.09260059213568e-6	-5.1947890586803e-7	-6.943041652093341e-7
2932	1.7933545327309175e-6	-2.577928055488562e-6	-7.239265217898355e-6	-1.3609893041368834e-6
2933	-7.163788568109229e-6	-2.033563657040677e-6	6.891853232950231e-6	1.6859786681075441e-6
2934	3.6660867786141315e-6	3.945203730696477e-6	1.1823134611889893e-6	6.670285505076062e-8
2935	4.453035663506684e-6	-9.09899045325594e-7	-7.943022345700965e-6	-1.703461840570191e-6
2936	-7.129465852935195e-6	-3.099012415797251e-6	5.800860168364385e-6	1.2119871614932242e-6
2937	9.486665070462723e-7	3.1019283443584557e-6	2.8420422783817047e-6	7.924901800306104e-7
2938	6.48623086427385e-6	7.267910345042848e-7	-8.300393555348897e-6	-1.8224239949472201e-6
2939	-5.925904625258439e-6	-3.473087370025887e-6	4.452578615379721e-6	5.83385106953706e-7
2940	-2.0174546897528865e-6	1.7850522397806687e-6	4.379982947609525e-6	1.4232934119499457e-6
2941	7.533994134255777e-6	2.0244822419708146e-6	-8.292833934049474e-6	-1.7101858389069531e-6
2942	-3.7261516740285063e-6	-3.1359020007863523e-6	2.9121033265621805e-6	-1.4502928754910978e-7
2943	-4.746194216405008e-6	2.8707047596538846e-7	5.717566170695403e-6	1.9122471891704904e-6
2944	7.395057840051234e-6	2.767274490442485e-6	-7.91772174666571e-6	-1.380531996979529e-6
2945	-8.735221962979081e-7	-2.2151715862837336e-6	1.2527775897911826e-6	-9.146390807712834e-7
2946	-6.779978867335667e-6	-1.0808687099321712e-6	6.78986782811982e-6	2.2157427620318537e-6
2947	6.0647056108845865e-6	2.855439332915385e-6	-7.1932029366152115e-6	-8.53202117672083e-7
2948	2.1805518650927185e-6	-9.483052445464658e-7	-4.4902085801513703e-7	-1.6607681570796343e-6
2949	-7.772250448985607e-6	-2.0554792698307637e-6	7.547090040665236e-6	2.3031577829159825e-6
2950	3.7445216219177995e-6	2.3190518329416102e-6	-6.160127699632259e-6	-1.6479228673792395e-7
2951	4.941601647572502e-6	3.775918322534248e-7	-2.1046097301478285e-6	-2.3259167740673558e-6
2952	-7.542375869944114e-6	-2.467395965029658e-6	7.955339926809212e-6	2.1620041502940236e-6
2953	8.014183498078677e-7	1.3165038232244851e-6	-4.876125669735676e-6	6.370579523327853e-7
2954	6.954083594920889e-6	1.4781902588203962e-6	-3.6317273333217788e-6	-2.85699577709004e-6
2955	-6.113664457946778e-6	-2.2674851780890974e-6	8.00537241125648e-6	1.7910594045973488e-6
2956	-2.2977574134473234e-6	9.2521984496736e-8	-3.4051083590633095e-6	1.4995186369566177e-6
2957	7.885351568392698e-6	2.12994750840983e-6	-4.956397697942349e-6	-3.2122443560389325e-6
2958	-3.709941137100119e-6	-1.5239971629042193e-6	7.69557964600909e-6	1.2067858766993162e-6
2959	-5.0564209462467805e-6	-1.0705507453153054e-6	-1.8214752199203852e-6	2.3643707926168214e-6
2960	7.57452553327724e-6	2.2105177589212962e-6	-6.016356198264968e-6	-3.3562055929851198e-6
2961	-7.16643026014178e-7	-4.235294909827228e-7	7.050688169941355e-6	4.356751899477136e-7
2962	-7.027268369236195e-6	-1.911421170421788e-6	-2.081670908243561e-7	3.1689733556647215e-6
2963	6.071134751593281e-6	1.7137767495278752e-6	-6.769110537132023e-6	-3.2595342010026213e-6
2964	2.3908974636073557e-6	7.686300727100434e-7	6.116223552656256e-6	-4.795909885439592e-7
2965	-7.89468985626023e-6	-2.240231061121458e-6	1.3486095740906928e-6	3.856139932953756e-6
2966	3.6210450874668044e-6	7.52466671810355e-7	-7.1936533322757126e-6	-2.9109678332748074e-6
2967	5.115731763952149e-6	1.7731684061569293e-6	4.9478153230197216e-6	-1.4935108767765332e-6
2968	-7.518860647123112e-6	-1.9823732039332924e-6	2.773269743459373e-6	4.3777464201116295e-6
2969	6.167068450043009e-7	-4.530986693829683e-7	-7.274784693060446e-6	-2.3120813049332992e-6
2970	7.029041628841607e-6	2.355358263383629e-6	3.6090820012499363e-6	-2.547191761807379e-6
2971	-5.9646159292858695e-6	-1.1810839502308586e-6	4.002472615203474e-6	4.681653451963154e-6
2972	-2.467181190866291e-6	-1.6222831847172985e-6	-7.0212347830594315e-6	-1.4832172982345912e-6
2973	7.828724724882693e-6	2.361363549012529e-6	2.1762672845544107e-6	-3.5760541535465696e-6
2974	-3.4882337301062815e-6	7.945930230902342e-9	4.983901007894389e-6	4.726983135874081e-6
2975	-5.140025159659678e-6	-2.4777378095529086e-6	-6.462535209481222e-6	-4.583112141455849e-7
2976	7.388511692812771e-6	1.7587405457664024e-6	7.255279217584315e-7	-4.510104400962083e-6
2977	-4.925656618482405e-7	1.328522899146346e-6	5.682258874958893e-6	4.485559446019546e-6
2978	-6.974926142600145e-6	-2.8019206816083625e-6	-5.638817425408646e-6	7.12008819477777e-7
2979	5.789345704586512e-6	6.399043513170693e-7	-6.684582452261107e-7	-5.2825176781018834e-6
2980	2.540481942788061e-6	2.4797306557124298e-6	6.075762281957189e-6	3.950949895342963e-6
2981	-7.685978343263994e-6	-2.4752682133577626e-6	-4.604916395604749e-6	1.9674847391263854e-6
2982	3.3063498071947493e-6	-7.849831727748785e-7	-1.9418086973548156e-6	-5.8291838782215425e-6
2983	5.12585714579812e-6	3.181105897896212e-6	6.159780971452186e-6	3.1331913223341206e-6
2984	-7.173273362248054e-6	-1.5181456930244307e-6	-3.4269122079347048e-6	3.236861327728056e-6
2985	3.505373491134704e-7	-2.216147605038175e-6	-3.0318702913342083e-6	-6.098129001486208e-6
2986	6.852756655498158e-6	3.2357319261896255e-6	5.941876895426109e-6	2.066920087287594e-6
2987	-5.542051501410891e-6	-8.027451062543479e-8	-2.172797060252587e-6	4.441977303112945e-6
2988	-2.5953843100184837e-6	-3.3356060803022014e-6	-3.894701850200267e-6	-6.059449137872422e-6
2989	7.457203564483112e-6	2.5733120919362885e-6	5.450554423151101e-6	8.056333478004401e-7
2990	-3.0777232393678566e-6	1.5693532713623903e-6	-9.076881706002338e-7	5.5066372722372095e-6
2991	-5.055638059906327e-6	-3.872790059240736e-6	-4.495170978165031e-6	-5.699293340266843e-6
2992	6.867115450619712e-6	1.2663416603923048e-6	4.723551954131967e-6	-5.929741327331248e-7
2993	-1.98185974295724e-7	3.0991870547508953e-6	2.993995201127601e-7	6.359793025438415e-6
2994	-6.641690512232097e-6	-3.6548234482794905e-6	-4.812330926330947e-6	-5.020004860188142e-6
2995	5.210695412587985e-6	-4.801210189434704e-7	3.814732134060666e-6	-2.054512509257336e-6
2996	2.616132592564253e-6	4.181709911523279e-6	1.3845577646729803e-6	6.942405918015317e-6
2997	-7.117550336328933e-6	-2.6603961463281628e-6	-4.8433637339722716e-6	-4.047196880620313e-6
2998	2.790095170932631e-6	-2.3462280992889005e-6	2.7878738817710994e-6	-3.5008803819597414e-6
2999	4.90720078124574e-6	4.553281281857444e-6	2.287840882893932e-6	7.215649217410389e-6
3000	-6.444291102450632e-6	-1.0130926501821717e-6	-4.5981632369261224e-6	-2.823422935330779e-6
3001	2.7536956947757095e-8	-3.970811507131926e-6	1.703530980529603e-6	-4.851138353492546e-6
3002	6.317563676512481e-6	4.071079992250773e-6	2.9657249149577226e-6	7.155440807692248e-6
3003	-4.777972226892868e-6	1.0290252435413117e-6	-4.1102709586494085e-6	-1.4047900982348771e-6
3004	-2.6072024970642054e-6	-5.0140390467887174e-6	6.336804775680968e-7	-6.031706458128887e-6
3005	6.648510584820808e-6	2.749271332383404e-6	3.383405640759718e-6	6.755661334609343e-6
3006	-2.4352122079721417e-6	3.0997040288874258e-6	-3.4253722373978156e-6	1.4362913252027286e-7
3007	-4.684906510642556e-6	-5.212464493343678e-6	-3.504043943455672e-7	-6.979113753112911e-6
3008	5.900299154511812e-6	7.674782361461081e-7	3.533734351772235e-6	6.025008684374634e-6
3009	1.6248318477713173e-7	4.801888379919114e-6	-2.602129989436083e-6	1.746335713029948e-6
3010	-5.889816940442888e-6	-4.457981521348498e-6	-1.1877410708882108e-6	-7.639233627608642e-6
3011	4.249331923671182e-6	-1.5504224969399017e-6	3.4221608736800966e-6	4.991518108760231e-6
3012	2.572688275958944e-6	5.781114886615529e-6	-1.7016479934699818e-6	3.322682643053667e-6
3013	-6.066697636980418e-6	-2.8182963962473334e-6	-1.8318362419752875e-6	-7.974015761846804e-6
3014	2.0206316712670292e-6	-3.7954906887783377e-6	3.0766075219816375e-6	3.6957059116814083e-6
3015	4.4005042969637075e-6	5.799525621749763e-6	-7.924124838449775e-7	4.7966892335204835e-6
3016	-5.247039385491263e-6	-5.325396973827167e-7	-2.246414483197046e-6	-7.958106762683393e-6
3017	-3.750939302872661e-7	-5.547604418941068e-6	2.5391353932833227e-6	2.191863872237006e-6
3018	5.3753346270634465e-6	4.788963967523795e-6	5.824561186229681e-8	6.093010820557643e-6
3019	-3.6295710046099376e-6	2.0229380830394496e-6	-2.4171349871739447e-6	-7.582437942095255e-6
3020	-2.5211150720874442e-6	-6.454456949392738e-6	1.8626449625104814e-6	5.495703969419607e-7
3021	5.385136072718899e-6	2.86681647102459e-6	7.827971207728732e-7	7.1491102263385645e-6
3022	-1.5430531251631241e-6	4.4074926209920565e-6	-2.345772131751404e-6	-6.8593396921649056e-6
3023	-4.066291054999208e-6	-6.30240856029932e-6	1.1036892592036642e-6	-1.1498438647531411e-6
3024	4.49808613817163e-6	3.2161580310204414e-7	1.3384193735084932e-6	7.903961357703758e-6
3025	6.150261696492528e-7	6.18630328079743e-6	-2.0538670324664545e-6	-5.813229177529724e-6
3026	-4.788165029573147e-6	-5.062179006889571e-6	3.2124507576815e-7	-2.825960246078727e-6
3027	2.9318485830123296e-6	-2.4307727997314436e-6	1.6917291302825302e-6	8.317870732024948e-6
3028	2.4624400972559484e-6	7.015871913768133e-6	-1.5774695085063828e-6	-4.488432367707815e-6
3029	-4.623666880847069e-6	-2.8960310494885726e-6	-4.1645875788224067e-7	-4.396807922468522e-6
3030	1.0165789360986746e-6	-4.922588965552653e-6	1.8221792192084053e-6	8.361795856441081e-6
3031	3.6965106487309697e-6	6.711966539817308e-6	-9.602148715567344e-7	-2.9477394599897794e-6
3032	-3.672479552786474e-6	-1.3405336772265984e-7	-1.0514968242119725e-6	-5.783513586165947e-6
3033	-8.729367458066714e-7	-6.7147384385026736e-6	1.7287389651303642e-6	8.031205561457282e-6
3034	4.143792496087338e-6	5.2751026751073015e-6	-2.554466936129622e-7	-1.2689478460712371e-6
3035	-2.171993892531859e-6	2.7780808344449636e-6	-1.5371414497991254e-6	-6.915382285361069e-6
3036	-2.389505824899218e-6	-7.4717221399792835e-6	1.4261631115789791e-6	7.338680171672423e-6
3037	3.790850910257274e-6	2.9072528385300316e-6	4.810732114787133e-7	4.6711945335673464e-7
3038	-4.5137923809165913e-7	5.345812870259936e-6	-1.8399553602572094e-6	-7.735989675116985e-6
3039	-3.284678502189171e-6	-7.032551792761782e-6	9.361259674970979e-7	6.319208466094497e-6
3040	2.774656474109502e-6	-2.5412409953328717e-8	1.1907632053682594e-6	2.1758432977149088e-6
3041	1.14209486536241e-6	7.131157434827027e-6	-1.9327220798943354e-6	-8.206347232840623e-6
3042	-3.4403258784052006e-6	-5.435203515081459e-6	2.942255675346691e-7	5.025023582455014e-6
3043	1.3501265246922384e-6	-3.044751295772379e-6	1.8154635437477188e-6	3.7704484679414433e-6
3044	2.3067132080375552e-6	7.814727600452573e-6	-1.8012725118163104e-6	-8.304593002714093e-6
3045	-2.8915406768425457e-6	-2.9135852101319125e-6	-4.5241984465230064e-7	3.5229432664690303e-6
3046	-1.6198013931431013e-7	-5.652427793777984e-6	2.3031346847043266e-6	5.176229868772983e-6
3047	2.8473660567831266e-6	7.261154721932424e-6	-1.450492585696892e-6	-8.033135298544492e-6
3048	-1.8119146938301554e-6	1.3547046382502758e-7	-1.2475879682946464e-6	1.8890139440086332e-6
3049	-1.441201167821684e-6	-7.413976534019269e-6	2.6121895053536597e-6	6.325651559579733e-6
3050	2.7020154041728863e-6	5.538862270395624e-6	-8.951549828940859e-7	-7.409913524920104e-6
3051	-4.724418277405762e-7	3.216550959795862e-6	-2.0315675239472604e-6	2.0650450854177924e-7
3052	-2.235592921966333e-6	-8.028477358757894e-6	2.7061841901541054e-6	7.166728289392171e-6
3053	1.9537640474724012e-6	2.9132247950886964e-6	-1.6628378026337532e-7	-6.474160319377429e-6
3054	8.182506998740312e-7	5.82766803707108e-6	-2.7408228104980203e-6	-1.443512909936544e-6
3055	-2.407789194828481e-6	-7.383680197904632e-6	2.5624923969152737e-6	7.668019112601804e-6
3056	8.129491111859146e-7	-1.9492378421488635e-7	6.874912006950956e-7	-5.277128481104492e-6
3057	1.7722231232667464e-6	7.549398289407485e-6	-3.3173822565602164e-6	-2.9823216633729475e-6
3058	-1.953860932925364e-6	-5.578555933760525e-6	2.175653698641188e-6	7.820248450591197e-6
3059	-4.413551531208955e-7	-3.2885557098608352e-6	1.614402339869661e-6	-3.886622775908863e-6
3060	2.190687896742492e-6	8.099315333228802e-6	-3.7146626880521026e-6	-4.336897041223266e-6
3061	-1.0080534371422106e-6	-2.8980800053323262e-6	1.5574201012759952e-6	7.624363348767795e-6
3062	-1.5060778911800648e-6	-5.876767102955136e-6	2.5539211865085728e-6	-2.3765103256044255e-6
3063	1.992670199422939e-6	7.387826764666856e-6	-3.888469416010046e-6	-5.445851016801622e-6
3064	1.8888469613084973e-7	2.2534156257202878e-7	7.358746754116407e-7	7.0987011413630994e-6
3065	-2.1333055595915817e-6	-7.5419894243868515e-6	3.4374029487711867e-6	-8.234854234143673e-7
3066	1.2365589620489112e-6	5.5297433550583856e-6	-3.8081124411608686e-6	-6.270601943394763e-6
3067	1.3458113405675129e-6	3.295175074768889e-6	-2.439275206474355e-7	6.279802407762991e-6
3068	-2.176394349558135e-6	-8.022943866615283e-6	4.1998607908693214e-6	7.056762556994217e-7
3069	1.0477981056031824e-7	2.8314451182035027e-6	-3.4581798823637785e-6	-6.788228854978035e-6
3070	2.1837653312497734e-6	5.823433212475484e-6	-1.3330538133686561e-6	5.218123422169324e-6
3071	-1.6200899266525432e-6	-7.255596272583535e-6	4.784710168840028e-6	2.1347276440385366e-6
3072	-1.1382362369374945e-6	-2.6563208501677615e-7	-2.843522602510443e-6	-6.979589754080064e-6
3073	2.4954554326374768e-6	7.41311520628382e-6	-2.4693094270061e-6	3.973550921141704e-6
3074	-5.765953997950971e-7	-5.376983619047692e-6	5.140555832008983e-6	3.3972067441126462e-6
3075	-2.2029763489794976e-6	-3.2696161583211826e-6	-1.985003926011629e-6	-6.844190623035571e-6
3076	2.1873176078681095e-6	7.825067405732946e-6	-3.58218611862189e-6	2.610287683790943e-6
3077	7.341695519534541e-7	-2.7032648252942684e-6	5.228741508809816e-6	4.435578596172383e-6
3078	-2.8314644066381057e-6	-5.7069420376535175e-6	-9.210204967792462e-7	-6.396973736810091e-6
3079	1.2904462631085866e-6	7.016271599946782e-6	-4.598906091877828e-6	1.2006092452369987e-6
3080	2.0293691456783876e-6	3.3099808839881e-7	5.026598198861255e-6	5.204491854604273e-6
3081	-2.8487806584064425e-6	-7.203180266279932e-6	2.952399051258329e-7	-5.669647926105767e-6
3082	-3.202999552816237e-8	5.136738060138342e-6	-5.450780746307238e-6	-1.8184151535926535e-7
3083	3.011803919386332e-6	3.2385087364382438e-6	4.5279281999613195e-6	5.674892466043573e-6
3084	-2.2032496863665196e-6	-7.5394062940978615e-6	1.6045007567563458e-6	-4.710841774383631e-6
3085	-1.5199153933917772e-6	2.5100311535713317e-6	-6.082268988322881e-6	-1.4640623756207567e-6
3086	3.4409112755679283e-6	5.5575619887163245e-6	3.7423471031776868e-6	5.829178547648819e-6
3087	-9.830327664173183e-7	-6.689038495419499e-6	2.9350901856460455e-6	-3.586117500382249e-6
3088	-2.867314076538681e-6	-4.288527734005246e-7	-6.440676854245387e-6	-2.57532013809919e-6
3089	3.1782997480350626e-6	6.934760985716919e-6	2.702429867659844e-6	5.673645762054953e-6
3090	6.048091219056697e-7	-4.821321790165147e-6	4.2113420674783085e-6	-2.367300424522093e-6
3091	-3.777712262411443e-6	-3.2009204073821518e-6	-6.4984338839533615e-6	-3.462029546532066e-6
3092	2.2156164907708507e-6	7.17873359945364e-6	1.4531370136922784e-6	5.232947964992624e-6
3093	2.2657710984667282e-6	-2.2638359174091347e-6	5.364545899930809e-6	-1.1265745094182004e-6
3094	-4.022260558368627e-6	-5.37124490192041e-6	-6.237268405795717e-6	-4.085594546570587e-6
3095	6.856615822632524e-7	6.287523593921694e-6	5.3908337264483054e-8	4.548248874432435e-6
3096	3.6699076942558827e-6	5.49260283917455e-7	6.32265398266572e-6	6.371708888726165e-8
3097	-3.491539349338215e-6	-6.61005798897802e-6	-5.653971578956979e-6	-4.419223927623163e-6
3098	-1.1620775045588907e-6	4.4439600344653826e-6	-1.4338827592511164e-6	3.6746914277141416e-6
3099	4.51401631726854e-6	3.155526539832626e-6	7.032025272094926e-6	1.1290670065869996e-6
3100	-2.2211988926721336e-6	-6.755513653656402e-6	-4.769855797445587e-6	-4.460461961994248e-6
3101	-2.99209108013146e-6	1.981274128930861e-6	-2.9336224974892496e-6	2.6781669117710956e-6
3102	4.580743910192234e-6	5.14883088829592e-6	7.4456358641976805e-6	2.0117756819519296e-6
3103	-3.894952679894235e-7	-5.827096811684318e-6	-3.6163345439507594e-6	-4.22722666930671e-6
3104	-4.447014099344431e-6	-6.776854003630233e-7	-4.369665231219669e-6	1.6277326257755465e-6
3105	3.7899541836406814e-6	6.231430297765023e-6	7.531588443510583e-6	2.667801472556798e-6
3106	1.7053579181620116e-6	-4.016554291597783e-6	-2.236816172089519e-6	-3.7558049784704766e-6
3107	-5.2173161135214465e-6	-3.095662327469042e-6	-5.664390931176283e-6	5.948833196352765e-7
3108	2.219860247706198e-6	6.262408404430438e-6	7.268951665222213e-6	3.069332488214379e-6
3109	3.686180706260133e-6	-1.659890075884825e-6	-6.939332334695564e-7	-3.09063259357529e-6
3110	-5.103424034985351e-6	-4.885135255201748e-6	-6.749463713429062e-6	-3.534694832203721e-7
3111	1.0460548335813565e-7	5.28311076502591e-6	6.661499090841478e-6	3.2084834317259542e-6
3112	5.177922446729426e-6	8.253168631202676e-7	9.395486189812444e-7	-2.289519056532463e-6
3113	-4.0640152540851844e-6	-5.777341490253574e-6	-7.5632755968136565e-6	-1.1571512371971287e-6
3114	-2.2107494444859704e-6	3.505574277546707e-6	5.728330535878846e-6	3.0921205097660724e-6
3115	5.869423000159666e-6	3.020810188001005e-6	2.583062468381479e-6	-1.414993201250827e-6
3116	-2.2204265281986847e-6	-5.669872522814183e-6	-8.05753464314188e-6	-1.7687046234832277e-6
3117	-4.321339633944338e-6	1.276012354124284e-6	4.507484572346749e-6	2.7393124177137305e-6
3118	5.58611851913364e-6	4.570329158552517e-6	4.149514232437711e-6	-5.286584276122931e-7
3119	1.4979072995135992e-7	-4.636615574664748e-6	-8.194499723356992e-6	-2.1574774804670126e-6
3120	-5.83711591673372e-6	-9.99562617154767e-7	3.049249194237106e-6	2.1911767966960476e-6
3121	4.317080389329537e-6	5.2439100495367955e-6	5.56095853005405e-6	3.037974894811721e-7
3122	2.660367301404347e-6	-2.9092324071164128e-6	-7.956480312831044e-6	-2.3065837313905195e-6
3123	-6.453620483898617e-6	-2.932170550252926e-6	1.4216168348533664e-6	1.4983501423121025e-6
3124	2.2279868019821342e-6	4.981696814871137e-6	6.741915782900747e-6	1.020360054573573e-6
3125	4.877613085225444e-6	-8.327435141606252e-7	-7.354315983627501e-6	-2.213551085326196e-6
3126	-6.011490267840345e-6	-4.204454527454592e-6	-2.92018863645852e-7	7.225055391317692e-7
3127	-3.6589922555265317e-7	3.893289175160265e-6	7.632563669933993e-6	1.5688955359620807e-6
3128	6.40498531699661e-6	1.2022500221330294e-6	-6.416464218026423e-6	-1.8911797761350458e-6
3129	-4.536899449339778e-6	-4.633074035386128e-6	-2.004080211774861e-6	-8.16284306313278e-8
3130	-3.0433339977487527e-6	2.2331454604865052e-6	8.184830995708038e-6	1.913098723231915e-6
3131	6.945276265954623e-6	2.832127259450766e-6	-5.183335565554322e-6	-1.3715675166851245e-6
3132	-2.2316146673682864e-6	-4.209457819773359e-6	-3.631635967406063e-6	-8.478013559555625e-7
3133	-5.347510822184298e-6	3.4111909738167313e-7	8.368457620298096e-6	2.02588821250531e-6
3134	6.360680586722797e-6	3.797131084532772e-6	-3.7198528667094105e-6	-6.965350605629759e-7
3135	5.552580100678093e-7	-3.0775724742817357e-6	-5.088068546888338e-6	-1.5152953235351277e-6
3136	-6.87835535127395e-6	-1.417332778744192e-6	8.177243432016904e-6	1.8998646005997507e-6
3137	4.7049361118701034e-6	3.9672879309545e-6	-2.1028941125848843e-6	7.77780534700364e-8
3138	3.3725720750787175e-6	-1.5048410653244542e-6	-6.306068210075903e-6	-2.0308215052194324e-6
3139	-7.3470780543591375e-6	-2.7182335303986026e-6	7.6254413818124655e-6	1.5459768056462581e-6
3140	2.2151031461247196e-6	3.376166065946718e-6	-4.084038673434463e-7	8.868489725145783e-7
3141	5.746227995906128e-6	1.7925316354429086e-7	-7.231422487541369e-6	-2.347797799659793e-6
3142	-6.635353323248485e-6	-3.3529568251713445e-6	6.743493741318003e-6	9.867040260315262e-7
3143	-7.289300412979946e-7	2.204728574366785e-6	1.2803444655283424e-6	1.6712627673270027e-6
3144	7.268850001979077e-6	1.6305274167703668e-6	-7.822981224658685e-6	-2.4347571187948443e-6
3145	-4.824804468176476e-6	-3.246159535377612e-6	5.57821900912264e-6	2.5849397754505523e-7
3146	-3.6506099802518433e-6	7.305261384132897e-7	2.880973310211275e-6	2.365407696059534e-6
3147	7.662800255926957e-6	2.5759724712135016e-6	-8.059562490420937e-6	-2.276579590329778e-6
3148	-2.1847113811982325e-6	-2.484630464152707e-6	4.19683990783812e-6	-5.852781231215808e-7
3149	-6.059774633136164e-6	-7.202651814915026e-7	4.3147632955166665e-6	2.912278039722086e-6
3150	6.831327430002233e-6	2.8616196750628843e-6	-7.934967816175443e-6	-1.873944180420018e-6
3151	8.754406121145185e-7	-1.2814945951414195e-6	2.6651169003752818e-6	-1.4839206954607166e-6
3152	-7.5542710658922e-6	-1.8401251739086539e-6	5.523256693749962e-6	3.25927811412307e-6
3153	4.8914002168105904e-6	2.472267417101232e-6	-7.464497976800999e-6	-1.2468426641871238e-6
3154	3.859606059707049e-6	7.69147663484275e-8	1.0577843832935412e-6	-2.370524001843774e-6
3155	-7.87002203116695e-6	-2.4060793546218048e-6	6.452437472717061e-6	3.370771032601495e-6
3156	2.1395495640551993e-6	1.539892007070976e-6	-6.678464736183245e-6	-4.314864323963457e-7
3157	6.272521130459516e-6	1.2760497897749212e-6	-5.443649821421318e-7	-3.17711993871288e-6
3158	-6.938387513175641e-6	-2.3280064514222364e-6	7.066746359183062e-6	3.222067442618586e-6
3159	-9.890920249557243e-7	3.1158918507425785e-7	-5.6258550749878065e-6	5.247118230676688e-7
3160	7.718675020242046e-6	2.0479086276599343e-6	-2.061429946219198e-6	-3.842904888096275e-6
3161	-4.900278156136305e-6	-1.6523098932197689e-6	7.345265745252755e-6	2.8086586839183095e-6
3162	-3.988337049974213e-6	-9.156893669919681e-7	-4.365911266631878e-6	1.5638252228898295e-6
3163	7.952052585116098e-6	2.2280313029729126e-6	-3.4281268704736876e-6	-4.308331038676286e-6
3164	-2.0805116971545943e-6	-5.575753980046553e-7	7.283579286107972e-6	2.1449139342824837e-6
3165	-6.365054283513508e-6	-1.8531481121126358e-6	-2.9644100346984106e-6	2.6134574155849045e-6
3166	6.932191401518295e-6	1.7847866496127345e-6	-4.581377441210007e-6	-4.530532695746786e-6
3167	1.066455104159695e-6	6.91143718152141e-7	6.897398206687842e-6	1.267061437020823e-6
3168	-7.732354951570618e-6	-2.275412708268527e-6	-1.495002379138164e-6	3.6014702633725585e-6
3169	4.829548271506693e-6	8.208883463235759e-7	-5.475253531403505e-6	-4.483760592944521e-6
3170	4.024883135501778e-6	1.7899062740406185e-6	6.220812927657937e-6	2.1695949467580814e-7
3171	-7.87483072982623e-6	-2.0700776175327506e-6	-3.3386372443576435e-8	4.464302979866375e-6
3172	1.9916863055708406e-6	-4.393173915276028e-7	-6.073536481808399e-6	-4.156853456101427e-6
3173	6.318776581176371e-6	2.4652215678318674e-6	5.295443167654944e-6	-9.520382333154367e-7
3174	-6.7868461920105225e-6	-1.2628227980037438e-6	1.354200308013528e-6	5.143210115049615e-6
3175	-1.1125817553945866e-6	-1.7049070550429266e-6	-6.3574591181199744e-6	-3.5566026780949377e-6
3176	7.5850867403051455e-6	2.536102584211991e-6	4.176456545135988e-6	-2.1734929938853204e-6
3177	-4.659427050247264e-6	-1.548180839434152e-8	2.598670968110449e-6	5.591180795566637e-6
3178	-3.9792950854171045e-6	-2.669577962730466e-6	-6.3243394947340126e-6	-2.7034784028068533e-6
3179	7.639152962020141e-6	1.948912899140768e-6	2.928231555747195e-6	-3.379795886737475e-6
3180	-1.8541771225832163e-6	1.4008881402695475e-6	3.6410944383432594e-6	5.770187297303497e-6
3181	-6.155267446012893e-6	-3.0855633058175477e-6	-5.9922021486429714e-6	-1.628708743568068e-6
3182	6.502039702228312e-6	7.898212201720391e-7	1.6229657110343675e-6	-4.5024001839986e-6
3183	1.1574803151440905e-6	2.6774494907065243e-6	4.433414632551685e-6	5.6565648646663725e-6
3184	-7.303465780820919e-6	-2.8169511035598105e-6	-5.392323262065681e-6	-3.819223262544638e-7
3185	4.382823591835901e-6	-7.25137194330109e-7	3.312395146014144e-7	-5.478409162400212e-6
3186	3.886871554253165e-6	3.5127877740542334e-6	4.94629144266017e-6	5.241847457226955e-6
3187	-7.266407691203081e-6	-1.8654849366978338e-6	-4.5668448866245034e-6	9.80619373309454e-7
3188	1.6561384479208296e-6	-2.2900348914602253e-6	-8.747595832795424e-7	-6.244206860911321e-6
3189	5.90465364523918e-6	3.68379513068387e-6	5.162876598783127e-6	4.526891378127925e-6
3190	-6.0929713328788125e-6	-3.7380541517855214e-7	-3.575148394077462e-6	2.390327933664635e-6
3191	-1.2155848212280259e-6	-3.5756136847996777e-6	-1.9304685721908597e-6	-6.748090650528496e-6
3192	6.912914105366577e-6	3.0961105814914337e-6	5.093795797990741e-6	3.5361478077807444e-6
3193	-4.014365119459419e-6	1.3890575673486158e-6	-2.485939395484302e-6	3.7734695947318077e-6
3194	-3.766835867012547e-6	-4.287631713116586e-6	-2.7836808400301337e-6	-6.951543519075225e-6
3195	6.786439947242736e-6	1.8054243608640437e-6	4.755589298486099e-6	2.3098610059819263e-6
3196	-1.4043591113550252e-6	3.0868863879210652e-6	-1.3650891566984946e-6	5.0545919414547315e-6
3197	-5.602054194637223e-6	-4.228888165433052e-6	-3.3976188371821137e-6	-6.830776045411058e-6
3198	5.5941768093374255e-6	1.0053834300953139e-8	4.1846094832613125e-6	8.998908729306182e-7
3199	1.293682892667148e-6	4.376932613010793e-6	-2.839313419299205e-7	6.1636513374232835e-6
3200	-6.454647016753638e-6	-3.347125271701706e-6	-3.7492387137590145e-6	-6.3740963492941905e-6
3201	3.5766755399148924e-6	-1.9760235065088344e-6	3.431584140857095e-6	-6.292539782486682e-7
3202	3.638928540137447e-6	4.971751380949741e-6	6.920016090480671e-7	7.038558568567136e-6
3203	-6.231268489995559e-6	-1.750094780596291e-6	-3.835763859634585e-6	-5.592066581473406e-6
3204	1.1059690074701895e-6	-3.7902084204714727e-6	2.554716926842755e-6	-2.202121339475781e-6
3205	5.2645554748879375e-6	4.705027327901697e-6	1.5098047418756397e-6	7.622843258884378e-6
3206	-5.019759369170613e-6	3.1307808593581135e-7	-3.6700920909930425e-6	-4.510336239200663e-6
3207	-1.3913628277903788e-6	-5.0825911790542e-6	1.6160516538946156e-6	-3.7378724546173037e-6
3208	5.939712847393484e-6	3.5659537184941585e-6	2.1276802432447527e-6	7.87629180149903e-6
3209	-3.0728809802752127e-6	2.4957325880060535e-6	-3.277828314299189e-6	-3.177285907074668e-6
3210	-3.4981464120920524e-6	-5.576691859953699e-6	6.818478633090505e-7	-5.157218171749267e-6
3211	5.60311666430387e-6	1.7025430236954588e-6	2.5178848954221494e-6	7.773181286934842e-6
3212	-7.652231347602488e-7	4.4169456504934156e-6	-2.695590247361275e-6	-1.6545981482398773e-6
3213	-4.881715912276875e-6	-5.131050599564213e-6	-1.8386723387989506e-7	-6.386867457128611e-6
3214	4.374355093396988e-6	-5.994454275371225e-7	2.6675031070818774e-6	7.311283233363539e-6
3215	1.4916887853479748e-6	5.7159464245215364e-6	-1.9737166341658175e-6	-1.2091592418358548e-8
3216	-5.3555510767900505e-6	-3.766742587909142e-6	-9.245679464793749e-7	-7.362745676359979e-6
3217	2.521493841273511e-6	-2.959792912691388e-6	2.5779651931734033e-6	6.505794029923093e-6
3218	3.319529425365273e-6	6.12500639981131e-6	-1.171440086719988e-6	1.6741998636225644e-6
3219	-4.9017557738337445e-6	-1.668096464298166e-6	-1.4930708305107556e-6	-8.029417730398472e-6
3220	4.085524113320673e-7	-4.974463067397957e-6	2.2631798914581294e-6	5.391210832589169e-6
3221	4.4368692297266195e-6	5.5198155553995385e-6	-3.4649176600358917e-7	3.3174115546539734e-6
3222	-3.669106261977983e-6	8.442214970171473e-7	-1.8587534392962105e-6	-8.346381231700193e-6
3223	-1.578967422303786e-6	-6.277910627923564e-6	1.7519321897457552e-6	4.018222427639203e-6
3224	4.6991609430386375e-6	3.955682292535679e-6	4.3309138226030467e-7	4.837835638956987e-6
3225	-1.9291075268614806e-6	3.3622285960084624e-6	-1.9927014703068496e-6	-8.292085369378844e-6
3226	-3.10593894787989e-6	-6.612606613179716e-6	1.0890852921343156e-6	2.4482517512522163e-6
3227	4.1296077263275295e-6	1.6509339878988155e-6	1.1048475731314653e-6	6.1561276771586515e-6
3228	-3.0704644642382126e-8	5.457885249344348e-6	-1.890383347246131e-6	-7.864791985264342e-6
3229	-3.938285795548993e-6	-5.869706266267316e-6	3.3409584774057714e-7	7.569632964337227e-7
3230	2.8981277561965834e-6	-1.0468910032493288e-6	1.6179615265851916e-6	7.206667262730071e-6
3231	1.6703080238075658e-6	6.760848118805573e-6	-1.5625665286803002e-6	-7.0866139822876085e-6
3232	-3.980975914369834e-6	-4.125293044527367e-6	-4.502963374689694e-7	-9.727485170143235e-7
3233	1.2816216666757012e-6	-3.6978451194085514e-6	1.931054256731095e-6	7.93788490410867e-6
3234	2.8789271831353763e-6	7.019802888665301e-6	-1.0316464027022337e-6	-5.995433181767973e-6
3235	-3.2937066447249224e-6	-1.6371668231588504e-6	-1.1985384416160291e-6	-2.656914380252025e-6
3236	-3.88143378031152e-7	-5.852875431357065e-6	2.014454302124093e-6	8.31378701419518e-6
3237	3.4171688770857576e-6	6.14616640964249e-6	-3.424024973713283e-7	-4.647139459807605e-6
3238	-2.0704684636223176e-6	1.2142536473919853e-6	-1.848308979374924e-6	-4.208585553412853e-6
3239	-1.7878761543573896e-6	-7.141347844107853e-6	1.8582822830855538e-6	8.316330533077672e-6
3240	3.2368412896047792e-6	4.249553537540737e-6	4.500728194047333e-7	-3.106113186675763e-6
3241	-5.892906346025216e-7	3.964180593687083e-6	-2.3446070883925073e-6	-5.5539951511499794e-6
3242	-2.6677261621210894e-6	-7.323371500475535e-6	1.4651013316552749e-6	7.950879501725604e-6
3243	2.4312884405166765e-6	1.6099072885436272e-6	1.28501962546811e-6	-1.4488711237915836e-6
3244	8.417288582712073e-7	6.1545502211219195e-6	-2.6398600448455826e-6	-6.633915847867491e-6
3245	-2.9000219935257222e-6	-6.333654546911367e-6	8.589915460186725e-7	7.2411530017239475e-6
3246	1.2155357735013663e-6	-1.3601639961192876e-6	2.0918798479324635e-6	2.443334425790752e-7
3247	1.928541936809523e-6	7.4166004048652844e-6	-2.6975462706610363e-6	-7.397572357687604e-6
3248	-2.484208092099151e-6	-4.304612469400363e-6	7.845523946906628e-8	6.223001868954212e-6
3249	-1.3211963510280504e-7	-4.179456612005359e-6	2.8052503275308677e-6	1.8900846448346575e-6
3250	2.46724796592954e-6	7.523194636527268e-6	-2.501836201775407e-6	-7.814694578364835e-6
3251	-1.5509385524384625e-6	-1.5469174069222103e-6	-8.210551758451556e-7	4.951824160878493e-6
3252	-1.3152416354639598e-6	-6.381162193483267e-6	3.3671578060956908e-6	3.4063993969402956e-6
3253	2.379846115951221e-6	6.429135633585574e-6	-2.0574602116942345e-6	-7.867931555625439e-6
3254	-3.393094834361979e-7	1.505628127035815e-6	-1.7747099537704024e-6	3.4963956881635385e-6
3255	-2.0781959307225836e-6	-7.602728429777786e-6	3.7254684177764487e-6	4.721312602391737e-6
3256	1.7196183973222483e-6	4.293013563560005e-6	-1.38586098097796e-6	-7.5617186839965614e-6
3257	8.696459885145962e-7	4.357490171598181e-6	-2.713037314119179e-6	1.929818806843013e-6
3258	-2.2655940741614757e-6	-7.62950525960314e-6	3.8380474261392685e-6	5.776343782474392e-6
3259	6.576565077355051e-7	1.4495274015917351e-6	-5.184502463598375e-7	-6.920686809105074e-6
3260	1.7966000276816723e-6	6.543535524229556e-6	-3.570395051276275e-6	3.318185101308256e-7
3261	-1.852406864560478e-6	-6.4430253804750535e-6	3.6823814352714124e-6	6.5271596595616034e-6
3262	-5.511766851812058e-7	-1.646766507775917e-6	4.934191779557749e-7	-5.987735718361272e-6
3263	2.2283133753585514e-6	7.705392915529599e-6	-4.282125852535224e-6	-1.214835035835501e-6
3264	-9.407141612528524e-7	-4.225085101373309e-6	3.256699777266812e-6	6.9386057143655245e-6
3265	-1.6198849195369297e-6	-4.494524960737355e-6	1.5907656449255694e-6	-4.819242934750906e-6
3266	2.05714449358585e-6	7.650448977863529e-6	-4.794474534198155e-6	-2.626667553257965e-6
3267	2.576608064419963e-7	-1.3313453928759002e-6	2.575414272595159e-6	7.001034079243542e-6
3268	-2.2884007451076922e-6	-6.635871874287107e-6	2.7038899072627814e-6	-3.4870627260171733e-6
3269	1.307978634711947e-6	6.3855649531437454e-6	-5.058329239404862e-6	-3.838005828570206e-6
3270	1.4636067468406872e-6	1.7687433538618788e-6	1.668151240426266e-6	6.7266124670595385e-6
3271	-2.3770587326478878e-6	-7.722906078065692e-6	3.761747213850503e-6	-2.0626779574956428e-6
3272	1.3757240628792646e-7	4.113608589384058e-6	-5.044025809106535e-6	-4.79467538713031e-6
3273	2.3873691123218403e-6	4.574560092608111e-6	5.775144713418396e-7	6.1466733874690065e-6
3274	-1.8377034395414945e-6	-7.5841642106845675e-6	4.698047404556005e-6	-6.28471550109213e-7
3275	-1.1949398525533663e-6	1.2085214624835881e-6	-4.7446711816374686e-6	-5.455848988087741e-6
3276	2.7874414321128148e-6	6.637086579958569e-6	-6.397580626892128e-7	5.310990209525478e-6
3277	-7.503678382677162e-7	-6.251648457787668e-6	5.45238711378308e-6	7.390347920396492e-7
3278	-2.3916281231610736e-6	-1.8545203845013974e-6	-4.163398349329353e-6	-5.804618556347915e-6
3279	2.5321585444383095e-6	7.627857799530751e-6	-1.918986849509606e-6	4.276332958829555e-6
3280	6.70788221823733e-7	-3.9539483982321505e-6	5.9714902754055855e-6	1.973329558540749e-6
3281	-3.166106483306893e-6	-4.5718680845495915e-6	-3.3151529836647958e-6	-5.842926419414794e-6
3282	1.6253115883975444e-6	7.399376893011661e-6	-3.195699488292893e-6	3.1048286671265203e-6
3283	2.1332094181588786e-6	-1.0771518362870783e-6	6.218339837230763e-6	3.0135256694850986e-6
3284	-3.300957286357118e-6	-6.517662530930732e-6	-2.2332634007025402e-6	-5.58735090213314e-6
3285	2.0689026128990038e-7	6.014383622955537e-6	-4.395709269223849e-6	1.8714244006603975e-6
3286	3.3194163403702257e-6	1.897883224399865e-6	6.166684760596879e-6	3.813193735524537e-6
3287	-2.704909499120517e-6	-7.390562911728147e-6	-9.65269169052263e-7	-5.068375641709466e-6
3288	-1.461548701422109e-6	3.7237264935479476e-6	-5.452361669444606e-6	6.443957425968963e-7
3289	3.94487546599698e-6	4.483822987021625e-6	5.804084707245574e-6	4.343828945328266e-6
3290	-1.440345353331116e-6	-7.070363295540702e-6	4.2972306936635655e-7	-4.3278689503852415e-6
3291	-3.046298761373133e-6	9.199577368295189e-7	-6.298779901778737e-6	-5.089781110124887e-7
3292	3.819612377013629e-6	6.27542328094773e-6	5.131761248436859e-6	4.5959300745335875e-6
3293	2.954450481566421e-7	-5.650666309325599e-6	1.8825711129964595e-6	-3.420897702647571e-6
3294	-4.214763932197853e-6	-1.9178136052927085e-6	-6.88482047280841e-6	-1.5227806388824793e-6
3295	2.896555449812222e-6	7.005395839940017e-6	4.171023524886605e-6	4.5702753936730025e-6
3296	2.19512091718595e-6	-3.3987903188007305e-6	3.321710937234044e-6	-2.412733733920915e-6
3297	-4.692789252252099e-6	-4.322963245659863e-6	-7.1719559421333464e-6	-2.3457920488862197e-6
3298	1.2936051192247147e-6	6.5898899163529515e-6	2.9626406238117048e-6	4.286486496290697e-6
3299	3.8903605309928436e-6	-7.141561339250165e-7	4.670176279861133e-6	-1.3672858066788291e-6
3300	-4.319697979026314e-6	-5.921509229748513e-6	-7.12938884480281e-6	-2.9435422631719294e-6
3301	-7.378486370956572e-7	5.149470644912215e-6	1.5561360587281461e-6	3.7759702810163897e-6
3302	5.040261331142017e-6	1.9355426116352853e-6	5.855390701694815e-6	-3.522406781380719e-7
3303	-3.094414719531703e-6	-6.486986145905582e-6	-6.747684001489651e-6	-3.2947140492279633e-6
3304	-2.8472903824027784e-6	2.9691973991207414e-6	1.9117290997243737e-8	3.083399959112911e-6
3305	5.381575156856373e-6	4.112240670385937e-6	6.812749109569406e-6	5.689113120716738e-7
3306	-1.1816616889957457e-6	-5.975591675975783e-6	-6.035872261227199e-6	-3.3897910633839545e-6
3307	-4.643633449371503e-6	4.5214774896806365e-7	-1.5690509659408415e-6	2.263500045204284e-6
3308	4.782948893786332e-6	5.484207379337657e-6	7.485265528122551e-6	1.3414531354295492e-6
3309	1.1225485455266593e-6	-4.537283794016369e-6	-5.021425653053554e-6	-3.236364196590743e-6
3310	-5.779788792069624e-6	-1.9611799093625892e-6	-3.1321330321861694e-6	1.379416917908738e-6
3311	3.2788662927848923e-6	5.873266304292452e-6	7.833103177130767e-6	1.9216083379156824e-6
3312	3.428985852317742e-6	-2.467168041840779e-6	-3.746797230987481e-6	-2.8580409214652948e-6
3313	-5.996564690589827e-6	-3.869334361584875e-6	-4.596866501070435e-6	4.998992470768458e-7
3314	1.0739295804672347e-6	5.273228106861618e-6	7.83376492359209e-6	2.2818172693121153e-6
3315	5.322178476369557e-6	-1.5649267187485647e-7	-2.2740503152300137e-6	-2.29709802427608e-6
3316	-5.183273273171194e-6	-4.989541862361856e-6	-5.885814379067862e-6	-3.159520690287808e-7
3317	-1.4853327366846247e-6	3.855895023574172e-6	7.478962994934382e-6	2.408686367473223e-6
3318	6.434345284183427e-6	1.9803539058113713e-6	-6.669641752620764e-7	-1.5991067168283708e-6
3319	-3.4147345990355092e-6	-5.189077222526028e-6	-6.937616829264973e-6	-1.0148784335020487e-6
3320	-3.965438055355688e-6	1.923355266493507e-6	6.785909142551683e-6	2.2997359268055655e-6
3321	6.52080209347796e-6	3.5899544329382815e-6	9.934436750143737e-7	-8.227104589648311e-7
3322	-9.469371887376826e-7	-4.502270120526259e-6	-7.696372452512852e-6	-1.5460280359927426e-6
3323	-5.924817154752284e-6	-1.4785004039574253e-7	5.7831966050562085e-6	1.9696431347818797e-6
3324	5.503774925474738e-6	4.438474268570053e-6	2.63380118286744e-6	-2.7932255457611687e-8
3325	1.8289409551946145e-6	-3.1237152321220384e-6	-8.123629134548074e-6	-1.8730865665834906e-6
3326	-6.997267115511832e-6	-1.9800926882772623e-6	4.511172548456307e-6	1.4466207745641962e-6
3327	3.501181780165447e-6	4.443815589419602e-6	4.175269506412296e-6	7.250905331831965e-7
3328	4.4437094086589e-6	-1.3560342379903823e-6	-8.19204510513473e-6	-1.9741556572048507e-6
3329	-6.957987475973415e-6	-3.2704314047049576e-6	3.0258716063479254e-6	7.784567340323957e-7
3330	8.144560385191966e-7	3.678796859330613e-6	5.5426319415396945e-6	1.373146689326154e-6
3331	6.4424659457196775e-6	4.5350459259747005e-7	-7.898558981496876e-6	-1.8388720579972507e-6
3332	-5.763309766862926e-6	-3.837240113566922e-6	1.4026087089618283e-6	2.0089266400147924e-8
3333	-2.127501362563719e-6	2.347780424294649e-6	6.667044815461335e-6	1.8653552657226726e-6
3334	7.4666301035178195e-6	1.9669084537478698e-6	-7.253848832655456e-6	-1.480412667281618e-6
3335	-3.56819547604036e-6	-3.6450824385702307e-6	-2.8429173242753575e-7	-7.679243114791374e-7
3336	-4.836472255902334e-6	7.52323848794205e-7	7.489742482050137e-6	2.160889662147215e-6
3337	7.312287541412815e-6	2.924932447199186e-6	-6.287834129633359e-6	-9.26675992264562e-7
3338	-7.099269898869344e-7	-2.796262709505154e-6	-1.9511409135976456e-6	-1.5201893932474122e-6
3339	-6.8485751193737855e-6	-7.824683083883871e-7	7.973378087462554e-6	2.227609866602893e-6
3340	5.964803309923428e-6	3.1974136920147657e-6	-5.0466086955134925e-6	-2.159130882220628e-7
3341	2.35259060030362e-6	-1.5173508921271367e-6	-3.5173530455243335e-6	-2.178938729487595e-6
3342	-7.814083228699577e-6	-1.9604035300296184e-6	8.099044970750338e-6	2.0527698952410527e-6
3343	3.6163698971132053e-6	2.7954294187388107e-6	-3.5954654148257824e-6	5.975646029061865e-7
3344	5.11607955874118e-6	-1.0063516995785512e-7	-4.9065701835389405e-6	-2.688281749150928e-6
3345	-7.555083277365511e-6	-2.5729518880346815e-6	7.85863689640919e-6	1.6482181759703437e-6
3346	6.35314053315314e-7	1.86093696576584e-6	-2.0033728527752985e-6	1.45540385021046e-6
3347	7.118499525961343e-6	1.1520273716839448e-6	-6.047699028241458e-6	-3.003855954676721e-6
3348	-6.087024797204363e-6	-2.543157221845882e-6	7.265582845543239e-6	1.0331246714255338e-6
3349	-2.5017131347419565e-6	6.349181104098633e-7	-3.5361121478587665e-7	2.2991000360200627e-6
3350	8.023414722571891e-6	1.9875841063516093e-6	-6.886474618420679e-6	-3.092965961905739e-6
3351	-3.6283731506212526e-6	-1.931484185977164e-6	6.3566745655554465e-6	2.426450060845376e-7
3352	-5.287150534347178e-6	-5.96139950486726e-7	1.2673866781229366e-6	3.0646360046030095e-6
3353	7.673534132605745e-6	2.24901831618379e-6	-7.384310109725924e-6	-2.9344417094502707e-6
3354	-5.680031729963179e-7	-9.121418562413536e-7	5.1836668119051055e-6	-6.783039179701017e-7
3355	-7.26023807086462e-6	-1.5608365799324708e-6	2.7750177836379237e-6	3.6903178649438705e-6
3356	6.112652431036027e-6	1.913768823099979e-6	-7.525059807227619e-6	-2.5205049893975956e-6
3357	2.6021683752627344e-6	2.612790340901845e-7	3.8138624720351526e-6	-1.6753313733089661e-6
3358	-8.100346451470067e-6	-2.0502231232841008e-6	4.094639624998038e-6	4.124929675555886e-6
3359	3.5833824199631376e-6	1.088853148223373e-6	-7.310550481015492e-6	-1.8698094337895974e-6
3360	5.370111064796727e-6	1.310321302253224e-6	2.323100086096094e-6	-2.6831726970746007e-6
3361	-7.672123467673143e-6	-1.962142215195417e-6	5.1634530683919274e-6	4.329724390075557e-6
3362	4.922177663191533e-7	-1.744444614674361e-8	-6.760808516687633e-6	-1.0102454783574023e-6
3363	7.290868408533548e-6	1.991712242878549e-6	7.95440781770712e-7	-3.6360407259056017e-6
3364	-6.0458948196430225e-6	-1.3246619918691844e-6	5.9375640117409934e-6	4.268875752782917e-6
3365	-2.667426094683131e-6	-1.1427779121357318e-6	-5.918417941165559e-6	2.2135113859227292e-8
3366	8.058304465711806e-6	2.14135560242746e-6	-6.886093534775118e-7	-4.468853293915675e-6
3367	-3.482144328614932e-6	-2.889273148272554e-7	6.385733366096783e-6	3.925957527212021e-6
3368	-5.385352926261849e-6	-2.0176009116466393e-6	-4.840553580546235e-6	1.1723935805417602e-6
3369	7.5595648146964e-6	1.7087530048845544e-6	-2.0508633710082517e-6	-5.1178227772264e-6
3370	-3.9467282140816886e-7	9.08444167074195e-7	6.494577261132526e-6	3.308077711711884e-6
3371	-7.229397009757304e-6	-2.4246631524168393e-6	-3.5948858172516584e-6	2.37551635552543e-6
3372	5.884285881578425e-6	7.728074627461237e-7	-3.22510402751249e-6	-5.530506676940337e-6
3373	2.7160356375761373e-6	1.9909665308209414e-6	6.273971762021946e-6	2.436938822616361e-6
3374	-7.910396776881987e-6	-2.2399333247284713e-6	-2.259263746828097e-6	3.5593246470349076e-6
3375	3.3122468160586878e-6	-4.738246820176929e-7	-4.1549343827173905e-6	-5.662079550746939e-6
3376	5.347251319662251e-6	2.6977172215592214e-6	5.7553032645208395e-6	1.3460552230761413e-6
3377	-7.342186916215469e-6	-1.4676320802895714e-6	-9.096543688219264e-7	4.644287942699083e-6
3378	2.665552621046936e-7	-1.7645815979695705e-6	-4.802722845773395e-6	-5.488385552372948e-6
3379	7.08377860500516e-6	2.838954711287447e-6	4.987249404534792e-6	8.784938260404227e-8
3380	-5.633983182234654e-6	-2.3550151462601743e-7	3.766149624988122e-7	5.561700010635959e-6
3381	-2.7520324430828323e-6	-2.8119556979561867e-6	-5.147222544734141e-6	-5.009243353438041e-6
3382	7.664754486952913e-6	2.3295720553562227e-6	4.025354300682047e-6	-1.270083942988078e-6
3383	-3.0818593331251316e-6	1.2223720763430387e-6	1.5329262480622585e-6	6.252992071441417e-6
3384	-5.255902361131633e-6	-3.360237310673009e-6	-5.18679641167737e-6	-4.233583391133714e-6
3385	7.026404056952789e-6	1.2258793271304967e-6	2.932997475796004e-6	-2.6540326229841903e-6
3386	-1.1753562841197443e-7	2.6055906313676027e-6	2.503555113390758e-6	6.66661263290383e-6
3387	-6.858395323835901e-6	-3.2413194349400585e-6	-4.940217654540762e-6	-3.189129182352185e-6
3388	5.303313931907747e-6	-2.950194576933463e-7	1.7795228922081673e-6	-3.986389203287817e-6
3389	2.767907249782593e-6	3.615118730432796e-6	3.241933747110255e-6	6.770112492332334e-6
3390	-7.326806502943109e-6	-2.4163222444586796e-6	-4.438545902541567e-6	-1.923251372344938e-6
3391	2.805823792190625e-6	-1.9557088231626503e-6	6.382731620764069e-7	-5.193535580529945e-6
3392	5.109272063202255e-6	4.005548170289013e-6	3.714228165103302e-6	6.546291034249462e-6
3393	-6.620274017085974e-6	-9.915054316134476e-7	-3.72641779136895e-6	-4.976067311117374e-7
3394	-3.9461472620371665e-8	-3.427257119531124e-6	-4.224756730113847e-7	-6.208730653130801e-6
3395	6.550064916457103e-6	3.6377109705311596e-6	3.9117058755535636e-6	5.990654880500852e-6
3396	-4.89623288990248e-6	8.061613684153293e-7	-2.8606708524372436e-6	1.017323143132853e-6
3397	-2.7544932310366847e-6	-4.4012432265326365e-6	-1.343704729364483e-6	-6.970871416764239e-6
3398	6.8880837040629374e-6	2.513921761413691e-6	3.840155669028708e-6	5.124220890688053e-6
3399	-2.4770794656476227e-6	2.659705679756348e-6	-1.903900163520026e-6	2.5440890504804343e-6
3400	-4.9001622184849095e-6	-4.6420712356058945e-6	-2.0763392144125864e-6	-7.4344799876249156e-6
3401	6.11404884854265e-6	7.802216898545367e-7	3.5189108813471195e-6	3.982780324914581e-6
3402	2.112111570591272e-7	4.2181705552135714e-6	-9.216124724614533e-7	4.0086020016385375e-6
3403	-6.152132538129479e-6	-4.035607939243912e-6	-2.5843684382741005e-6	-7.564932782666744e-6
3404	4.407393225560915e-6	-1.282134705042377e-6	2.985274271709753e-6	2.61743251191569e-6
3405	2.715584763642419e-6	5.15766730813775e-6	1.7455432778495338e-8	5.335431699196883e-6
3406	-6.348760615793754e-6	-2.622938369134125e-6	-2.844303784148897e-6	-7.34813568148881e-6
3407	2.096759515537688e-6	-3.316234519653268e-6	2.284903744867799e-6	1.090644165177822e-6
3408	4.632717966697677e-6	5.250529178191849e-6	8.488918304577113e-7	6.4550562589138424e-6
3409	-5.5138431714779905e-6	-6.019573864346339e-7	-2.847506698975515e-6	-6.7870672272905285e-6
3410	-4.049719091378816e-7	-4.946605116881739e-6	1.4732850612229305e-6	-5.251650482315143e-7
3411	5.680651974378936e-6	4.413812006111827e-6	1.5237010650025545e-6	7.305873083250876e-6
3412	-3.841071895890409e-6	1.706067740245606e-6	-2.6104822964809554e-6	-5.905840721931788e-6
3413	-2.6780816373738926e-6	-5.845868507824639e-6	6.166581024576619e-7	-2.151282345881873e-6
3414	5.734140071585533e-6	2.7287357026018135e-6	1.999248881546758e-6	7.837741296268325e-6
3415	-1.6567807850663979e-6	3.90593703306051e-6	-2.15982247578777e-6	-4.73945295017438e-6
3416	-4.351818677360318e-6	-5.795711245942121e-6	-2.193714453526561e-7	-3.707106785217298e-6
3417	4.8379931895860814e-6	4.3838470552869357e-7	2.249060557002327e-6	8.02337064894326e-6
3418	6.455565059181018e-7	5.597187763279403e-6	-1.5396268412681746e-6	-3.345574375859981e-6
3419	-5.1776487422568155e-6	-4.740173959460836e-6	-9.736907802206524e-7	-5.115683162483129e-6
3420	3.2002498032600745e-6	-2.0912585723542536e-6	2.257872342689457e-6	7.853818875215106e-6
3421	2.6629738603623834e-6	6.446905748991483e-6	-8.006202121092366e-7	-1.7859424758764774e-6
3422	-5.065525378854909e-6	-2.8011581438034305e-6	-1.5910435777739756e-6	-6.307907311734724e-6
3423	1.15322057863553e-6	-4.43316945019658e-6	2.0312479540003767e-6	7.33435794635412e-6
3424	4.061698054375238e-6	6.25417890307513e-6	-1.8203574301981634e-9	-1.3509252846054638e-7
3425	-4.093020407669534e-6	-2.700851124285328e-7	-2.030811961996934e-6	-7.225788313577141e-6
3426	-9.228280405973842e-7	-6.164087588161096e-6	1.592432739611897e-6	6.489723012500927e-6
3427	4.633376173076285e-6	4.992002925503726e-6	7.970899586823718e-7	1.5272877596616021e-6
3428	-2.4938455882396544e-6	2.448587048950336e-6	-2.2605783610120175e-6	-7.823792861443964e-6
3429	-2.651631983803696e-6	-6.950221084757275e-6	9.774552281617608e-7	5.355140884371019e-6
3430	4.337884158148787e-6	2.827019826349897e-6	1.5369532478466865e-6	3.119812315072978e-6
3431	-6.044595731657318e-7	4.895531140473451e-6	-2.2577811475236266e-6	-8.071619501554196e-6
3432	-3.741088860218511e-6	-6.616292661673904e-6	2.286955879838406e-7	3.981522642254488e-6
3433	3.290795465594169e-6	9.504288871469833e-8	2.162327752839075e-6	4.563294487663561e-6
3434	1.2117290231321627e-6	6.638513709602003e-6	-2.0198325377936427e-6	-7.961572163088352e-6
3435	-4.03908511673265e-6	-5.172870803905885e-6	-6.025070514052378e-7	2.4427275973436167e-6
3436	1.7462659373706016e-6	-2.7651893237356677e-6	2.6206179441243498e-6	5.784836868318846e-6
3437	2.618669153879879e-6	7.354668726856526e-6	-1.551954990945846e-6	-7.498499996529732e-6
3438	-3.5506720086400535e-6	-2.8232280728027633e-6	-1.456597164613423e-6	8.154950849292725e-7
3439	3.509950780849534e-8	-5.283016640215207e-6	2.869240085996872e-6	6.730364744262695e-6
3440	3.3760012528093377e-6	6.894555537504674e-6	-8.875585068769559e-7	-6.7092262325658455e-6
3441	-2.427707752500249e-6	6.501994364065056e-8	-2.2710127833115428e-6	-8.167183424773386e-7
3442	-1.5008104804461983e-6	-7.019795716799389e-6	2.8823237779970125e-6	7.358297923482727e-6
3443	3.3816899052888483e-6	5.300608186060587e-6	-6.405709548470043e-8	-5.635827993868244e-6
3444	-9.46014755762363e-7	3.030619599263463e-6	-2.9851064204905244e-6	-2.369753746800236e-6
3445	-2.564043337216102e-6	-7.664963011825179e-6	2.648362040787502e-6	7.64105966129913e-6
3446	2.690844878229744e-6	2.8051111755257475e-6	8.655223165650752e-7	-4.33763575063639e-6
3447	5.678200803462928e-7	5.583634180940307e-6	-3.5410332208409266e-6	-3.7736568712282516e-6
3448	-2.967760727863664e-6	-7.0911261429481356e-6	2.166780380746059e-6	7.577949184499079e-6
3449	1.4969716197872412e-6	-1.9584998631974895e-7	1.84483717953665e-6	-2.886255315259312e-6
3450	1.8012381001888677e-6	7.287838136485549e-6	-3.88722745139299e-6	-4.964659842188995e-6
3451	-2.6698099547123612e-6	-5.372691805372751e-6	1.4526413004740646e-6	7.1812516900338034e-6
3452	8.919610185372982e-8	-3.216951628056264e-6	2.8105058864640377e-6	-1.3605045652870094e-6
3453	2.504758154951404e-6	7.851871125643878e-6	-3.986984372784105e-6	-5.889046866003825e-6
3454	-1.7756190839973017e-6	-2.7732411392709466e-6	5.400481958239789e-7	6.4766857041125935e-6
3455	-1.2138695287226016e-6	-5.764239353864482e-6	3.696671527146641e-6	1.6545543578740517e-7
3456	2.543085523598557e-6	7.177099516768464e-6	-3.814045235385354e-6	-6.511083476567807e-6
3457	-5.160748606380091e-7	2.9092408705357337e-7	-5.206981255427382e-7	5.506279244759519e-6
3458	-2.129946746508396e-6	-7.413025880851678e-6	4.438269320815952e-6	1.6157638870447227e-6
3459	1.934755247676971e-6	5.36494784823286e-6	-3.3629251882183358e-6	-6.809883420707539e-6
3460	8.048529381922326e-7	3.321972189797055e-6	-1.6690478740982512e-6	4.3322470639754516e-6
3461	-2.4559011072196813e-6	-7.894226959263733e-6	4.9734506912313635e-6	2.9194457220453603e-6
3462	8.385981411277159e-7	2.7066444196272134e-6	-2.643139979171792e-6	-6.781514543742036e-6
3463	1.8825014008444154e-6	5.82337017886317e-6	-2.838651676635696e-6	3.0193721194675787e-6
3464	-2.1208611109478003e-6	-7.136115643381117e-6	5.25240511970238e-6	4.021863901977416e-6
3465	-4.795664860957065e-7	-3.6256669362915846e-7	-1.6838799827369666e-6	-6.440671189616985e-6
3466	2.4737732711587933e-6	7.392555322682632e-6	-3.957818474565323e-6	1.6396404275980408e-6
3467	-1.204291155800578e-6	-5.268116454850567e-6	5.240014493179258e-6	4.8749695647171456e-6
3468	-1.710211829239679e-6	-3.3481766992515085e-6	-5.266230807769816e-7	-5.815545267034583e-6
3469	2.4268118510654033e-6	7.786626609209803e-6	-4.956307803479217e-6	2.6816767262933756e-7
3470	8.830444223838954e-8	-2.5973051773661115e-6	4.92240649496095e-6	5.4408060388945885e-6
3471	-2.5683412444507813e-6	-5.76864690449618e-6	7.68468602431317e-7	-4.951128609531402e-6
3472	1.7242085547018005e-6	6.962820129152776e-6	-5.762152121932207e-6	-1.0282180374586235e-6
3473	1.468302415753768e-6	4.327472027975115e-7	4.298839935474442e-6	5.703261515756526e-6
3474	-2.84186357205723e-6	-7.238968952914678e-6	2.13685220728543e-6	-3.905055706522078e-6
3475	5.002132481661276e-7	5.066250845950928e-6	-6.315545714002501e-6	-2.181834282194288e-6
3476	2.618296146245338e-6	3.3295430528028673e-6	3.3871124233130943e-6	5.657298771334366e-6
3477	-2.426695157940574e-6	-7.5436471422092495e-6	3.501987192936223e-6	-2.7419434569596456e-6
3478	-9.882879312068807e-7	2.425623484810747e-6	-6.572240122945254e-6	-3.1330087025355225e-6
3479	3.2652628911430804e-6	5.630102361499861e-6	2.2225549635169454e-6	5.321992830965796e-6
3480	-1.3624102708519937e-6	-6.665424642156263e-6	4.781113094593775e-6	-1.5295222939848018e-6
3481	-2.43107434197556e-6	-5.193755922754097e-7	-6.5005636775794225e-6	-3.8373004730202526e-6
3482	3.2289569059207157e-6	6.98076711388158e-6	8.5594322121918e-7	4.738255949791282e-6
3483	1.584346484662334e-7	-4.769197984365318e-6	5.899974534036795e-6	-3.432185374051787e-7
3484	-3.5048858863837173e-6	-3.286506007551293e-6	-6.08935544505953e-6	-4.268000478092616e-6
3485	2.452636193562161e-6	7.190045131923104e-6	-6.482329343185613e-7	3.952327387111153e-6
3486	1.842763986218921e-6	-2.191074277858241e-6	6.792553850372973e-6	7.452576249332087e-7
3487	-3.947069251644291e-6	-5.433854940953922e-6	-5.349110193024884e-6	-4.413108339712826e-6
3488	1.0370703073576276e-6	6.263067667152776e-6	-2.20524442257715e-6	3.0202141139104856e-6
3489	3.348946322287998e-6	6.261555636232477e-7	7.396574179667455e-6	1.6778040240658533e-6
3490	-3.6071318142964308e-6	-6.6353557118645055e-6	-4.299024476532742e-6	-4.2876686879641e-6
3491	-7.719906824559984e-7	4.386232033250215e-6	-3.736713345535885e-6	2.0080933217544884e-6
3492	4.344748333338327e-6	3.2188647439857976e-6	7.668824336281264e-6	2.4064508197321483e-6
3493	-2.485240302148736e-6	-6.7345571766882206e-6	-2.981108982801459e-6	-3.91655626507224e-6
3494	-2.6412390167839018e-6	1.908028313680378e-6	-5.1607475372553766e-6	9.833008299714722e-7
3495	4.589437304057588e-6	5.173639563544672e-6	7.583153767158007e-6	2.8993410830507783e-6
3496	-7.432065048963596e-7	-5.763406722180771e-6	-1.4609270837701672e-6	-3.3370107484629607e-6
3497	-4.20195870593148e-6	-7.423279675271582e-7	-6.399149172932317e-6	1.7465952735644456e-8
3498	3.9667056015369485e-6	6.2040463078882044e-6	7.131535864908448e-6	3.139030545092505e-6
3499	1.334285246370957e-6	-3.932235848518353e-6	1.8513985487799979e-7	-2.6004217438522044e-6
3500	-5.125262721408943e-6	-3.122776686265446e-6	-7.3794387243801165e-6	-8.301378227474531e-7
3501	2.5257893128335048e-6	6.18985073862875e-6	6.327679083613098e-6	3.127543479888334e-6
3502	3.3720121244626867e-6	-1.584347539475362e-6	1.8775295289987257e-6	-1.7670146922100685e-6
3503	-5.1820875224703355e-6	-4.857765272843857e-6	-8.04756233386473e-6	-1.507972392963729e-6
3504	4.782871975427077e-7	5.1849806858918025e-6	5.208067851612936e-6	2.8775699136165513e-6
3505	4.977132339894254e-6	8.663308721736396e-7	3.529028033406747e-6	-8.994131931523892e-7
3506	-4.294157396769131e-6	-5.702382773393291e-6	-8.364705304436796e-6	-1.978704788124629e-6
3507	-1.8407900523805094e-6	3.4155469288178265e-6	3.820016685231198e-6	2.4198840275638212e-6
3508	5.82349619234505e-6	3.003516299846189e-6	5.059514696547927e-6	-6.102545769208764e-8
3509	-2.5607334583297897e-6	-5.564177339312418e-6	-8.306164997831766e-6	-2.2229154952060284e-6
3510	-4.019278054212156e-6	1.223763782812676e-6	2.227208826599507e-6	1.8014671716436204e-6
3511	5.7017245439436605e-6	4.495483450149521e-6	6.390413588592631e-6	6.828931966588686e-7
3512	-2.4671054080441556e-7	-4.531022372510834e-6	-7.870677646213653e-6	-2.226453191026648e-6
3513	-5.649528679403081e-6	-1.0018056683005878e-6	5.081975392666947e-7	1.0757739553559078e-6
3514	4.577909593950981e-6	5.139567879134282e-6	7.453736055392354e-6	1.2799482662972118e-6
3515	2.2696536769178184e-6	-2.8353683633219162e-6	-7.074876359430282e-6	-1.9979648704921715e-6
3516	-6.414102160487378e-6	-2.878574788211703e-6	-1.2532838229221147e-6	3.003446079367552e-7
3517	2.598055299745815e-6	4.8728012573227144e-6	8.193886694620988e-6	1.6885472759298513e-6
3518	4.555159137589282e-6	-8.097729263332629e-7	-5.95575142913475e-6	-1.5655891080048062e-6
3519	-6.134788496942842e-6	-4.114497725119672e-6	-2.969389147924058e-6	-4.5762183916096627e-7
3520	6.161784943976807e-8	3.8081570810126956e-6	8.57036170661454e-6	1.8809990228777717e-6
3521	6.20273449840052e-6	1.1737755054078742e-6	-4.561799805360781e-6	-9.711698744235524e-7
3522	-4.810318129441047e-6	-4.536937626658565e-6	-4.561456178347019e-6	-1.1361181464207805e-6
3523	-2.6225284275225996e-6	2.186376284674064e-6	8.56685379156193e-6	1.8434816906627521e-6
3524	6.8976209730598196e-6	2.7687268912569827e-6	-2.9663321731293026e-6	-2.62539646511976e-7
3525	-2.6194084232559454e-6	-4.125849719704187e-6	-5.947857277492376e-6	-1.6811213791329086e-6
3526	-5.001304919824647e-6	3.363166106633136e-7	8.185309212560423e-6	1.5779697636240978e-6
3527	6.482271761377716e-6	3.7213458632894768e-6	-1.2499038220495645e-6	5.044107620657637e-7
3528	1.0757787177035121e-7	-3.020014651144107e-6	-7.060920950437048e-6	-2.0484692541780184e-6
3529	-6.6569810610055936e-6	-1.3866636031673985e-6	7.448534662983697e-6	1.103078119053908e-6
3530	4.980640577403069e-6	3.89920491818237e-6	5.013899087087937e-7	1.271063748450958e-6
3531	2.9291387198558273e-6	-1.4759577905661796e-6	-7.850785299040034e-6	-2.2071954809344602e-6
3532	-7.281722590190071e-6	-2.670290244213695e-6	6.39285908448618e-6	4.5363163215294584e-7
3533	2.603814148837656e-6	3.3286355528221463e-6	2.2059730080491174e-6	1.9744970459700697e-6
3534	5.374244515955939e-6	1.7754599318790115e-7	-8.286038489206022e-6	-2.1335194048940052e-6
3535	-6.735951351723018e-6	-3.3081817614419464e-6	5.072809931959515e-6	-3.2446317935870424e-7
3536	-2.783398844758753e-7	2.1832187010624667e-6	3.788885319760847e-6	2.5525679665947924e-6
3537	7.018110430650306e-6	1.612536812420795e-6	-8.35367338907039e-6	-1.8186422238572048e-6
3538	-5.078846731147276e-6	-3.2270220500261394e-6	3.5545208726782196e-6	-1.1800020252231593e-6
3539	-3.202057693493684e-6	7.36182518112516e-7	5.1719600132166036e-6	2.955939534962588e-6
3540	7.569194144828135e-6	2.5631414868968766e-6	-8.05418429757602e-6	-1.2759822378638205e-6
3541	-2.5547894942832528e-6	-2.4985527589989915e-6	1.9188075593737556e-6	-2.0495267058267323e-6
3542	-5.683432427556539e-6	-7.023540762458102e-7	6.293533559649873e-6	3.143099622259483e-6
3543	6.911302885553482e-6	2.8750649961414785e-6	-7.410063265242174e-6	-5.344908334643529e-7
3544	4.4568028110218713e-7	-1.3219461535409815e-6	2.4504436665468276e-7	-2.8699338144825948e-6
3545	-7.303708661216077e-6	-1.8333052997067867e-6	7.108642343147524e-6	3.07915697435452e-6
3546	5.127622399698284e-6	2.5231040971361237e-6	-6.463344819161409e-6	3.637920620824662e-7
3547	3.4396618504067856e-6	2.3603264934454316e-8	-1.3819340636946336e-6	-3.576003775392374e-6
3548	-7.781249267792087e-6	-2.436934049649163e-6	7.58637514157199e-6	2.7554373549099862e-6
3549	2.4876204960446924e-6	1.6265995681413337e-6	-5.261796981242508e-6	1.3604172242417065e-6
3550	5.932340969348204e-6	1.2375144848503673e-6	-2.8886057160136014e-6	-4.106021485031738e-6
3551	-7.020876405630533e-6	-2.4052472025401315e-6	7.710688068655445e-6	2.1785668180449464e-6
3552	-5.958723113837076e-7	4.1604967051560313e-7	-3.872442461973479e-6	2.3945823805586825e-6
3553	7.509027329929843e-6	2.0521325735696124e-6	-4.2086012337895494e-6	-4.4106948199927784e-6
3554	-5.132867354789603e-6	-1.7750230145714336e-6	7.487068438987963e-6	1.3723812495041138e-6
3555	-3.625403694934091e-6	-8.19294587104446e-7	-2.369683241451268e-6	3.4008493988074485e-6
3556	7.906703130367774e-6	2.2948250511505054e-6	-5.286200946357018e-6	-4.45425969377845e-6
3557	-2.4067372282772285e-6	-7.102853678144702e-7	6.9378345150483154e-6	3.7513330467868046e-7
3558	-6.100059572502581e-6	-1.7969243667561586e-6	-8.36180704130457e-7	4.312526688628478e-6
3559	7.053619513192118e-6	1.9152161124990717e-6	-6.074791892425295e-6	-4.2139509753392676e-6
3560	7.224953290152319e-7	5.304049255358614e-7	6.101176531986412e-6	-7.638124047290517e-7
3561	-7.614614516497702e-6	-2.2847208900000763e-6	6.568264495596343e-7	5.059649748568812e-6
3562	5.080250174637842e-6	1.0010777674642447e-6	-6.548996884091356e-6	-3.6890265096034357e-6
3563	3.74758224928372e-6	1.6529224625635137e-6	5.033651470375229e-6	-1.9813896883655236e-6
3564	-7.925071184847912e-6	-2.1538230210986467e-6	2.0355856620505563e-6	5.588439208287093e-6
3565	2.3041941754103185e-6	-2.3470653391204636e-7	-6.690023413093196e-6	-2.8986096412785567e-6
3566	6.168682913777479e-6	2.384078206968889e-6	3.7973801324334494e-6	-3.208157113363047e-6
3567	-6.987967951362748e-6	-1.4152218222092944e-6	3.237550062844132e-6	5.849196522399262e-6
3568	-8.255123599308256e-7	-1.5040652189866523e-6	-6.5088452128192074e-6	-1.871142144775687e-6
3569	7.600706204341432e-6	2.533661580032768e-6	2.4666975958162254e-6	-4.375729001401733e-6
3570	-4.961760022744177e-6	-2.1779180437699539e-7	4.207667335385497e-6	5.815351305813728e-6
3571	-3.798529411172793e-6	-2.505726523513762e-6	-6.033238878384596e-6	-6.50735648200695e-7
3572	7.826482047409413e-6	2.0272089372992148e-6	1.1124206233949949e-6	-5.410751632620651e-6
3573	-2.1808057891368315e-6	1.1826716910461805e-6	4.907478799575695e-6	5.471017724345326e-6
3574	-6.136548415439669e-6	-2.9908644168536806e-6	-5.302770257490895e-6	7.049092481875183e-7
3575	6.830288040494568e-6	9.337142951065083e-7	-1.9802792015396736e-7	-6.245954115516297e-6
3576	9.006067032697444e-7	2.475306434895153e-6	5.314928954835509e-6	4.817977108969101e-6
3577	-7.471251662785792e-6	-2.802959282387808e-6	-4.373277721002613e-6	2.1329095639148752e-6
3578	4.785130532262703e-6	-5.426497811136433e-7	-1.3938292027806105e-6	-6.828170327454026e-6
3579	3.781676063692374e-6	3.354946492847718e-6	5.42371048976124e-6	3.8747145263424706e-6
3580	-7.615747464408441e-6	-1.9249366423441513e-6	-3.3050492752157374e-6	3.559078102577979e-6
3581	2.0385266025491926e-6	-2.1002227261033375e-6	-2.412944416437191e-6	-7.115260056187047e-6
3582	6.005813746497626e-6	3.593328188609638e-6	5.244849700767605e-6	2.676231884017817e-6
3583	-6.575953125830146e-6	-4.875084723016925e-7	-2.160110118248437e-6	4.9011959775562795e-6
3584	-9.541310735025087e-7	-3.411447748431089e-6	-3.2131424596718307e-6	-7.074317862184537e-6
3585	7.231409101070451e-6	3.0803815740518224e-6	4.809533353599902e-6	1.2726414287061572e-6
3586	-4.540766809160682e-6	1.255256499810827e-6	-1.0077606425927211e-6	6.08445737130284e-6
3587	-3.7105084009118156e-6	-4.174943801369839e-6	-3.7600417577311505e-6	-6.687648576602865e-6
3588	7.293958398019781e-6	1.846303352704312e-6	4.155625460519832e-6	-2.7267147416263696e-7
3589	-1.8624036523982305e-6	2.9707146358373666e-6	8.268896055625576e-8	7.0414035387145426e-6
3590	-5.794652111034043e-6	-4.180084240586423e-6	-4.038676817752785e-6	-5.9611730757028235e-6
3591	6.217597279738643e-6	7.53967294806444e-8	3.333131207322146e-6	-1.882397033620255e-6
3592	1.0088114893664365e-6	4.305141675405791e-6	1.0482113736058497e-6	7.714666333704032e-6
3593	-6.891651959095617e-6	-3.3509008497992027e-6	-4.0478132148156795e-6	-4.923096023601434e-6
3594	4.217838542811469e-6	-1.930994117931632e-6	2.4026889635490266e-6	-3.4720664772134223e-6
3595	3.598601626990585e-6	4.957429793957867e-6	1.8364303100723552e-6	8.059832096024142e-6
3596	-6.86195460890161e-6	-1.7740036827892597e-6	-3.8065602396877797e-6	-3.613177752071256e-6
3597	1.646320738409896e-6	-3.7954994067276747e-6	1.4332757081180794e-6	-4.9657345318470505e-6
3598	5.504149665646032e-6	4.735476357416024e-6	2.407208445946783e-6	8.045471421616191e-6
3599	-5.7621987900103056e-6	3.135706286165373e-7	-3.3450568572345977e-6	-2.0880547946498827e-6
3600	-1.0588845278070566e-6	-5.1423635655064215e-6	4.940175002950271e-7	-6.284355614225379e-6
3601	6.447260849346097e-6	3.6060895876989073e-6	2.7359389753826822e-6	7.661669556148316e-6
3602	-3.816373808977406e-6	2.5567353138894343e-6	-2.708252572032631e-6	-4.2040852687340287e-7
3603	-3.445115746566592e-6	-5.680150822812034e-6	-3.531859361186127e-7	-7.357099149393152e-6
3604	6.317906759584377e-6	1.708378124817896e-6	2.8182505952166247e-6	6.9192564470646465e-6
3605	-1.3798315779409414e-6	4.548583843817704e-6	-1.9548347212930344e-6	1.311678699895326e-6
3606	-5.138252063529801e-6	-5.24277361143033e-6	-1.0545808794652147e-6	-8.126975117865399e-6
3607	5.195590905957268e-6	-6.653805777913754e-7	2.665245853411932e-6	5.849133155230079e-6
3608	1.1203378761117142e-6	5.900516232390378e-6	-1.1427598156240737e-6	3.019893477824366e-6
3609	-5.897446444860431e-6	-3.83718426096434e-6	-1.5728566624449453e-6	-8.546841125476921e-6
3610	3.3186175104485138e-6	-3.1189260638212777e-6	2.3005773998512235e-6	4.497086234846801e-6
3611	3.259014591429252e-6	6.325095780855931e-6	-3.3608259863794236e-7	4.624504449966984e-6
3612	-5.649778253612401e-6	-1.6550714194091809e-6	-1.8749522182227046e-6	-8.589594255493316e-6
3613	1.0492954754603675e-6	-5.209504255580168e-6	1.7593658355506111e-6	2.9211924870054105e-6
3614	4.698514036154379e-6	5.6866721349851205e-6	4.02503659342793e-7	6.046729748052852e-6
3615	-4.5070903582092014e-6	9.64446692310036e-7	-1.948979116382531e-6	-8.250689213588735e-6
3616	-1.1988025514172352e-6	-6.553855993226043e-6	1.0938365964002288e-6	1.1969990508645103e-6
3617	5.2433387347452666e-6	4.041954675010126e-6	1.0167568061203936e-6	7.215321798178921e-6
3618	-2.7266249250495395e-6	3.589082175758961e-6	-1.7962911469410052e-6	-7.543262048491977e-6
3619	-3.044044869841854e-6	-6.8749521834799984e-6	3.5809843194643283e-7	-5.904852364564067e-7
3620	4.871644496450973e-6	1.6216367566491199e-6	1.4658494199011387e-6	8.066001370558476e-6
3621	-6.616357289329974e-7	5.7632578742264575e-6	-1.4332820603593633e-6	-6.497611072207745e-6
3622	-4.202298891847489e-6	-6.069156342684364e-6	-3.857821910806922e-7	-2.3552364960402393e-6
3623	3.720928723322759e-6	-1.2052122297460902e-6	1.7112814438437288e-6	8.55892335797958e-6
3624	1.3046210935917365e-6	7.099738231266597e-6	-8.915059321917176e-7	-5.1634830262615865e-6
3625	-4.5251179174299274e-6	-4.220663318325071e-6	-1.073168838018563e-6	-4.0129774791457884e-6
3626	2.0572912610140156e-6	-3.974872425277048e-6	1.7296934891984877e-6	8.67301140193519e-6
3627	2.834590722986697e-6	7.334271387837759e-6	-2.137353170474398e-7	-3.6052665604807766e-6
3628	-4.028236542727131e-6	-1.595911335129954e-6	-1.6452013386472578e-6	-5.483400535210559e-6
3629	2.153878735920164e-7	-6.217317281853266e-6	1.5168409546101042e-6	8.402377854718423e-6
3630	3.6900033422842417e-6	6.382841152927184e-6	5.418046981803347e-7	-1.9033048277091702e-6
3631	-2.8712442407275108e-6	1.4028918766180316e-6	-2.051632774262038e-6	-6.695514994848119e-6
3632	-1.45008086543094e-6	-7.539302531783695e-6	1.0862782374101745e-6	7.764916778644472e-6
3633	3.7732280632757854e-6	4.35648832509542e-6	1.3108685134467386e-6	-1.3899290286891021e-7
3634	-1.327264218071497e-6	4.289898378142233e-6	-2.251236201322384e-6	-7.597331388496476e-6
3635	-2.642419312254665e-6	-7.684820547132441e-6	4.682160875015344e-7	6.793063287043257e-6
3636	3.1373936952222664e-6	1.5530962350591437e-6	2.0303949857268695e-6	1.605432386354606e-6
3637	2.7756000712200586e-7	6.573667803523643e-6	-2.2225069573414462e-6	-8.151611167593117e-6
3638	-3.1735040793355867e-6	-6.593262896070671e-6	-2.9446369365141043e-7	5.539556615372838e-6
3639	1.9744426025665e-6	-1.5837027972343792e-6	2.640817558415583e-6	3.2418283872813227e-6
3640	1.6224076003392856e-6	7.855579428883541e-6	-1.9522642145020376e-6	-8.332268222709616e-6
3641	-3.001351994489162e-6	-4.409597540074131e-6	-1.1482617603686707e-6	4.069985262416256e-6
3642	5.639234148338559e-7	-4.542659060209187e-6	3.087049582082146e-6	4.695644025565597e-6
3643	2.456462876567959e-6	7.905833108486376e-6	-1.451300720916759e-6	-8.139163985134336e-6
3644	-2.226095160542111e-6	-1.4721821305923433e-6	-2.0291403983801077e-6	2.4543857638119466e-6
3645	-7.864303808432194e-7	-6.831587487458328e-6	3.3219468834326164e-6	5.904753997197187e-6
3646	2.6544469103177827e-6	6.691462780611077e-6	-7.421718800120621e-7	-7.587700873562979e-6
3647	-1.067339956932768e-6	1.7560855127872904e-6	-2.8728277958590896e-6	7.791834191080449e-7
3648	-1.7954510188076228e-6	-8.063815770707772e-6	3.3142993315809087e-6	6.811915937882713e-6
3649	2.2279059559139392e-6	4.38831190146725e-6	1.3468594718620734e-7	-6.712857167296151e-6
3650	2.0137645009821194e-7	4.7497879284570565e-6	-3.6185612217252506e-6	-8.733152166770047e-7
3651	-2.2681269364267985e-6	-8.023074207437429e-6	3.048450007704978e-6	7.3809716605644715e-6
3652	1.3184203608796851e-6	1.355373891407044e-6	1.127860634880391e-6	-5.566785747982701e-6
3653	1.2918225738733188e-6	7.016565187165175e-6	-4.206783807153211e-6	-2.423582367974623e-6
3654	-2.132566885058205e-6	-6.702020104128016e-6	2.5268247251062238e-6	7.592531155421846e-6
3655	1.637036524687035e-7	-1.922554134908783e-6	2.1797569901530973e-6	-4.217273114396007e-6
3656	1.963662765620739e-6	8.180940518472153e-6	-4.583136164934409e-6	-3.795968487692593e-6
3657	-1.453786067215386e-6	-4.308516803306216e-6	1.7653645584528001e-6	7.448914570756853e-6
3658	-9.612061337394654e-7	-4.910795445015257e-6	3.2257810388269952e-6	-2.73968014953951e-6
3659	2.0716920453740195e-6	8.05012252140779e-6	-4.70761644107059e-6	-4.927598564916913e-6
3660	-4.10613606772677e-7	-1.2234281207863021e-6	8.002269067074136e-7	6.964616426569538e-6
3661	-1.7915726104231778e-6	-7.123578337349506e-6	4.1945169693310335e-6	-1.2109852366923723e-6
3662	1.6035472880550773e-6	6.645433726651946e-6	-4.554507813461733e-6	-5.768793424122229e-6
3663	7.406340694206202e-7	2.0606181964955703e-6	-3.2258159316095704e-7	6.182146029355609e-6
3664	-2.1242917448311365e-6	-8.20954345286744e-6	5.018662358259555e-6	2.849825461478173e-7
3665	6.701344942498599e-7	4.191114629517363e-6	-4.115569820215193e-6	-6.29093290090975e-6
3666	1.7223292059713513e-6	5.011561004068117e-6	-1.5484665545735668e-6	5.160436545056743e-6
3667	-1.8659154920949866e-6	-7.994851071944386e-6	5.639119374973854e-6	1.6736982409879258e-6
3668	-5.054467516554556e-7	1.0879976655428207e-6	-3.3978591287793737e-6	-6.479513256552727e-6
3669	2.2869431470564213e-6	7.151487690826546e-6	-2.809165821615548e-6	3.9638847101231875e-6
3670	-1.0600295361303086e-6	-6.521376555238971e-6	6.004298252139384e-6	2.8847136751139478e-6
3671	-1.6489545760149895e-6	-2.163397726941452e-6	-2.4277999065967264e-6	-6.343650597581151e-6
3672	2.2750951283932526e-6	8.141467853358662e-6	-4.032266891089009e-6	2.6672590187684703e-6
3673	1.2223983472527585e-7	-4.038115257133343e-6	6.078057283498522e-6	3.862523875691207e-6
3674	-2.4767180112657576e-6	-5.034719062916241e-6	-1.2460329134706908e-6	-5.910429914871145e-6
3675	1.650246665118383e-6	7.838333140504056e-6	-5.143145588173262e-6	1.3431786857236802e-6
3676	1.4207608552900614e-6	-9.533882517877737e-7	5.84055696784032e-6	4.572375449513114e-6
3677	-2.768581189825615e-6	-7.067915791782833e-6	9.26355442605288e-8	-5.224175826738951e-6
3678	5.150189906721613e-7	6.30805102662549e-6	-6.072376922820846e-6	6.366019333952602e-8
3679	2.5427044546703403e-6	2.223556700155611e-6	5.288747310785753e-6	4.991805814198452e-6
3680	-2.4143178568579803e-6	-7.944890292790174e-6	1.52315102494865e-6	-4.335281848014106e-6
3681	-9.044624456395553e-7	3.82141082177391e-6	-6.7586876821120635e-6	-1.10539952381397e-6
3682	3.2124949118291085e-6	4.973545038386054e-6	4.434801481831767e-6	5.119025714170546e-6
3683	-1.4367969227844607e-6	-7.553047719048244e-6	2.9719452731691433e-6	-3.307553309068326e-6
3684	-2.312918023555183e-6	8.019472791371429e-7	-7.156809055543986e-6	-2.101816938460686e-6
3685	3.2399790343999985e-6	6.8666641385660365e-6	3.313678807284051e-6	4.963873790657043e-6
3686	3.638590938406586e-9	-5.989879085234049e-6	4.360766306312351e-6	-2.20517213199516e-6
3687	-3.4037627276578675e-6	-2.2513111199237273e-6	-7.234432912986724e-6	-2.8812487978594347e-6
3688	2.5627725834074004e-6	7.621840756788401e-6	1.9721817811900863e-6	4.5491697064315874e-6
3689	1.6371678901901455e-6	-3.538637134327265e-6	5.613757405079483e-6	-1.093430259368991e-6
3690	-3.9201220117599015e-6	-4.846182794175677e-6	-6.973619127948037e-6	-3.4121740689627754e-6
3691	1.2590106785609297e-6	7.154109814202356e-6	4.71794449020225e-7	3.916909922432367e-6
3692	3.142761711297861e-6	-6.220871368985591e-7	6.6613987346300775e-6	-4.5657890653373835e-8
3693	-3.700677104492364e-6	-6.57923679838686e-6	-6.374393171155033e-6	-3.677261011943893e-6
3694	-4.664315923490875e-7	5.577476546840904e-6	-1.1163363077666323e-6	3.122825273486811e-6
3695	4.206366690294426e-6	2.273262851489034e-6	7.444470449656737e-6	8.749550447126195e-7
3696	-2.719532398356164e-6	-7.202761292684761e-6	-5.454009282498915e-6	-3.679313508725184e-6
3697	-2.305725590986099e-6	3.1879075275048646e-6	-2.7120260900763588e-6	2.223246723114316e-6
3698	4.580451493973978e-6	4.680400841018076e-6	7.91283122372264e-6	1.6253795551684475e-6
3699	-1.1056901888344817e-6	-6.65390917965136e-6	-4.248680998295149e-6	-3.4344531826666917e-6
3700	-3.905254159639856e-6	4.037317773133287e-7	-4.2365087376648e-6	1.286752356193889e-6
3701	4.1297931542602265e-6	6.2248354467810255e-6	8.035795738278e-6	2.16434230756522e-6
3702	8.86811958606761e-7	-5.0708031137094125e-6	-2.813453563572107e-6	-2.971537299346303e-6
3703	-4.948171429618732e-6	-2.2999042001382872e-6	-5.614405061123266e-6	3.7896821365626063e-7
3704	2.871535080856256e-6	6.691004938275347e-6	7.794795722530983e-6	2.4660485772577256e-6
3705	2.915874530892849e-6	-2.7628116080802494e-6	-1.2188143405719927e-6	-2.3351015505254397e-6
3706	-5.19422061836864e-6	-4.480333631449679e-6	-6.769116923737669e-6	-4.3698168221410113e-7
3707	9.744838267976282e-7	6.051822246320214e-6	7.197361210033507e-6	2.5229903888370224e-6
3708	4.608035173705813e-6	-1.476470962784941e-7	4.5874296376581545e-7	-1.5802323703177179e-6
3709	-4.535079054038184e-6	-5.803468318311513e-6	-7.642364183187786e-6	-1.1058626612609828e-6
3710	-1.2640242057045602e-6	4.471486620340916e-6	6.270597348826099e-6	2.3413304268731893e-6
3711	5.634437328611913e-6	2.322782811177235e-6	2.141082679789632e-6	-7.703898129349493e-7
3712	-3.0202683503231887e-6	-6.089998265299232e-6	-8.190256081540653e-6	-1.5901526859077858e-6
3713	-3.469803553207906e-6	2.2695853210321985e-6	5.058917344149866e-6	1.947074115044836e-6
3714	5.761037592460683e-6	4.239906515947796e-6	3.746863344337496e-6	3.019115032185004e-8
3715	-8.611235132282858e-7	-5.3550212378542796e-6	-8.378820807266238e-6	-1.8589651791383572e-6
3716	-5.24463095378857e-6	-1.4131446126367328e-7	3.617794673097777e-6	1.3765554031029598e-6
3717	4.903681483487069e-6	5.311294445656838e-6	5.198197258855537e-6	7.585370651510406e-7
3718	1.6028718336525685e-6	-3.7900539526180573e-6	-8.199560573895685e-6	-1.8972086157175083e-6
3719	-6.2459725099453185e-6	-2.340242645288995e-6	2.0154475410069022e-6	6.799029878474536e-7
3720	3.151742756866992e-6	5.407802812197304e-6	6.426181206265494e-6	1.3612275437389209e-6
3721	3.957025953378515e-6	-1.7230426784589064e-6	-7.66322910120667e-6	-1.7034551101363715e-6
3722	-6.253024239949365e-6	-3.962633130502328e-6	3.238652866520675e-7	-8.590986817458641e-8
3723	7.624897142645273e-7	4.584506436083995e-6	7.37256613764774e-6	1.791958478386475e-6
3724	5.787735328612447e-6	4.562492185500644e-7	-6.794041196152311e-6	-1.2952694652073196e-6
3725	-5.216143357593661e-6	-4.767723735813887e-6	-1.377433927014164e-6	-8.57198533870711e-7
3726	-1.8869968271615213e-6	3.0517682331534917e-6	7.992176834134906e-6	2.0161033189509576e-6
3727	6.752916244729195e-6	2.3611778226199974e-6	-5.632778103609135e-6	-7.048042680019437e-7
3728	-3.261391679311472e-6	-4.673236712276463e-6	-3.0116493393556243e-6	-1.5720818625141626e-6
3729	-4.358113222682018e-6	1.1318364832463466e-6	8.25823815037622e-6	2.010436022132456e-6
3730	6.6536240238485785e-6	3.6735797463470737e-6	-4.238434100470731e-6	2.541896816886713e-8
3731	-6.799095472744252e-7	-3.762336467253123e-6	-4.496762372667813e-6	-2.1695468991330254e-6
3732	-6.22638248134321e-6	-8.025154718447873e-7	8.157915507584148e-6	1.7664210199387728e-6
3733	5.463971383095444e-6	4.1978659751343055e-6	-2.6763465821783973e-6	8.411352032914369e-7
3734	2.1189888867846592e-6	-2.2584361732401763e-6	-5.757983533994585e-6	-2.6019235191242795e-6
3735	-7.154216784734845e-6	-2.40136368311029e-6	7.697007790764994e-6	1.2989311249307556e-6
3736	3.3396488471960238e-6	3.8959123060227765e-6	-1.0245731441332733e-6	1.6760290925614414e-6
3737	4.680339299303498e-6	-4.860838267225081e-7	-6.738291600045889e-6	-2.8244714946519646e-6
3738	-6.9611483354284494e-6	-3.3839747635056496e-6	6.903942628047159e-6	6.357186797941537e-7
3739	6.016106475484952e-7	2.8807706886357266e-6	6.390899105182193e-7	2.4671994463722335e-6
3740	6.570334927450978e-6	1.1978307567110123e-6	-7.3980413438075865e-6	-2.8076411214950353e-6
3741	-5.639146480421871e-6	-3.6039251294340878e-6	5.82363629314083e-6	-1.8783253461456358e-7
3742	-2.3156020864432397e-6	1.3978078011716815e-6	2.228655028735843e-6	3.151420623454073e-6
3743	7.455189672032827e-6	2.4705637632582545e-6	-7.708488963973623e-6	-2.540323088886853e-6
3744	-3.370967489597486e-6	-3.0744961605778666e-6	4.518847139376606e-6	-1.1167662926852765e-6
3745	-4.933594780360322e-6	-2.2173413866010656e-7	3.6640023157448245e-6	3.6751626017407957e-6
3746	7.1638014578780975e-6	3.104415798723094e-6	-7.659808098652073e-6	-2.0312881903024578e-6
3747	-5.074882118719553e-7	-1.951463655463661e-6	3.056819429325378e-6	-2.091496415326751e-6
3748	-6.8143215011786326e-6	-1.6382860878140021e-6	4.881712334133386e-6	3.986814454552406e-6
3749	5.718860524172689e-6	3.0083155039387066e-6	-7.26667179712107e-6	-1.2981473704435317e-6
3750	2.4829696204389453e-6	-4.958166207402363e-7	1.5161205559681374e-6	-3.0470526415569234e-6
3751	-7.634851945854558e-6	-2.571017745179184e-6	5.82897603485662e-6	4.051326013239289e-6
3752	3.3354385198111123e-6	2.2446569905212945e-6	-6.561257027540912e-6	-3.760124639435019e-7
3753	5.114537959917902e-6	9.630928852694688e-7	-2.2351751073065896e-8	-3.91595390869479e-6
3754	-7.246877058025103e-6	-2.8441216317531836e-6	6.469582808052674e-6	3.848316135447646e-6
3755	3.977663871084813e-7	1.0065772783789943e-6	-5.5957885939191064e-6	6.924334290238199e-7
3756	6.952756895474592e-6	2.104507399245691e-6	-1.4863325168674315e-6	-4.6352835041664595e-6
3757	-5.700044827036049e-6	-2.4225751619545527e-6	6.783908951332391e-6	3.3702575867553563e-6
3758	-2.6177552665052893e-6	-4.1851075834192846e-7	-4.423656141646207e-6	1.8456334089712855e-6
3759	7.693853194866745e-6	2.6846054627374085e-6	-2.806386405203973e-6	-5.1475791273309305e-6
3760	-3.240351631853867e-6	-1.419225103084375e-6	6.768132173999323e-6	2.6299850468776e-6
3761	-5.22299232268238e-6	-1.7038280541297506e-6	-3.1139638412083898e-6	3.0168685264120547e-6
3762	7.212678180746918e-6	2.5865061045719605e-6	-3.91738104626343e-6	-5.403968615742236e-6
3763	-2.68732477895273e-7	-7.344350875751168e-8	6.434964303451291e-6	1.6500049052136096e-6
3764	-6.994942422594348e-6	-2.557028213890716e-6	-1.7390277536053238e-6	4.132591830190844e-6
3765	5.586847145014211e-6	1.8432318478953843e-6	-4.774697235471717e-6	-5.36572270237275e-6
3766	2.731722639224135e-6	1.3117084289865672e-6	5.821988487504694e-6	4.7483029686524054e-7
3767	-7.647574814206299e-6	-2.7868843056469317e-6	-3.7428687067697613e-7	5.1209456188067045e-6
3768	3.081992054282629e-6	6.152222626638115e-7	-5.344860641007893e-6	-5.02041620155171e-6
3769	5.273505639061639e-6	2.4208100926362187e-6	4.969107421500757e-6	-8.371910602362406e-7
3770	-7.077624749289686e-6	-2.331254193351901e-6	9.107127327935153e-7	5.912790715098266e-6
3771	1.1283431422229369e-7	-8.310488275694367e-7	-5.610823284384289e-6	-4.364706203077417e-6
3772	6.9538798791584265e-6	2.9905535535145e-6	3.937189848607136e-6	-2.215652469850397e-6
3773	-5.386176321908424e-6	-1.2703108254462628e-6	2.049867020927813e-6	6.445069649680608e-6
3774	-2.832975704131909e-6	-2.17689697775653e-6	-5.575049688807519e-6	-3.4202179074946653e-6
3775	7.501963233328295e-6	2.87160887423766e-6	2.794764680915059e-6	-3.5791513368828e-6
3776	-2.8608689783997647e-6	1.803463501860569e-7	2.9898766981151553e-6	6.670126073904027e-6
3777	-5.276109067488947e-6	-3.1139381143992667e-6	-5.2579777553238395e-6	-2.2274470053168104e-6
3778	6.841973776227435e-6	2.059663947223682e-6	1.6116012364524248e-6	-4.8506894912736485e-6
3779	6.911042936880541e-8	1.725520546989045e-6	3.688348918577113e-6	6.564275270279509e-6
3780	-6.829071484123424e-6	-3.4051368288934127e-6	-4.693955552498014e-6	-8.448659397379279e-7
3781	5.101916231973504e-6	6.882217067915663e-7	4.540637883948117e-7	-5.949962854012667e-6
3782	2.913048241997564e-6	3.03209710746992e-6	4.12058698749392e-6	6.119430990398637e-6
3783	-7.253344289613259e-6	-2.942372628495926e-6	-3.930419561903392e-6	6.596129979882688e-7
3784	2.593058854775814e-6	-9.789032520183675e-7	-6.095514289926363e-7	-6.81288098484961e-6
3785	5.211432823816243e-6	3.7895374100079827e-6	4.274618424780554e-6	5.346242923083417e-6
3786	-6.504885307805137e-6	-1.7763194158055023e-6	-3.0262022137559708e-6	2.2109719490329135e-6
3787	-2.489408681125387e-7	-2.607281220176847e-6	-1.5231034399021387e-6	-7.387047995751492e-6
3788	6.603268656419492e-6	3.7954530171617207e-6	4.163372567887754e-6	4.277134821642315e-6
3789	-4.739868848262969e-6	-1.0948144115329597e-7	-2.0479424417665293e-6	3.727243827928503e-6
3790	-2.9426029585674608e-6	-3.853022268009999e-6	-2.2378448579008746e-6	-7.633261882207453e-6
3791	6.887819364455042e-6	2.9958941836454223e-6	3.810751358748562e-6	2.9564312656459312e-6
3792	-2.289291648371219e-6	1.750686566509537e-6	-1.0584094644179357e-6	5.129396085618108e-6
3793	-5.052819959673337e-6	-4.4260973838936555e-6	-2.721221999697746e-6	-7.52599602547414e-6
3794	6.057190852383102e-6	1.502654027001627e-6	3.253287624632418e-6	1.4408921723949279e-6
3795	4.1881190381595594e-7	3.443866456384086e-6	-1.2289841728643597e-7	6.343072152612138e-6
3796	-6.2634782134173694e-6	-4.157537379677046e-6	-2.9559496268215874e-6	-7.05994838316598e-6
3797	4.2948420745346285e-6	-4.326395112263119e-7	2.539444853302096e-6	-1.9130678846166282e-7
3798	2.9249140413502927e-6	4.622952440322208e-6	6.955568531917678e-7	7.301849095476271e-6
3799	-6.406192789388761e-6	-3.0478758937521176e-6	-2.939166169509313e-6	-6.254026240480431e-6
3800	1.934715108273353e-6	-2.4665033011114467e-6	1.7250377106016977e-6	-1.857359238745908e-6
3801	4.822779809500149e-6	5.017898757778698e-6	1.3507767078773442e-6	7.951650966310418e-6
3802	-5.508187358112567e-6	-1.255961957988359e-6	-2.691255547927377e-6	-5.140340591858768e-6
3803	-5.985673536665388e-7	-4.217584182896403e-6	8.777297448030922e-7	-3.4811920949791956e-6
3804	5.833189554311852e-6	4.49887147958505e-6	1.8033255722055183e-6	8.254274380460958e-6
3805	-3.7709819452956416e-6	9.247757416718648e-7	-2.2376545289184806e-6	-3.766410499629406e-6
3806	-2.8807356512050096e-6	-5.332470238319293e-6	6.676584675972222e-8	-4.982873699684269e-6
3807	5.8320853551178044e-6	3.1035090321748083e-6	2.0242180680860716e-6	8.188651927005649e-6
3808	-1.5336151658625466e-6	3.1161564524062555e-6	-1.6226200469572417e-6	-2.1997086218719934e-6
3809	-4.540882719009968e-6	-5.559351988580408e-6	-6.470785284933358e-7	-6.288746685478482e-6
3810	4.8728466658280504e-6	1.0356890824440753e-6	2.0054252392016642e-6	7.755588699308495e-6
3811	7.981365764065387e-7	4.914831380560304e-6	-9.001771875008032e-7	-5.188972614723908e-7
3812	-5.335179935107719e-6	-4.8062274463122245e-6	-1.2149678887140733e-6	-7.327071724176053e-6
3813	3.1761378450974583e-6	-1.368012181080631e-6	1.7600745853144236e-6	6.973724237108078e-6
3814	2.825080089866734e-6	5.967566882860426e-6	-1.359799907426105e-7	1.1990473227464897e-6
3815	-5.173605924951772e-6	-3.1509865364558023e-6	-1.5914671492709176e-6	-8.04788117964851e-6
3816	1.0775881812122259e-6	-3.694104217930583e-6	1.3120017891027048e-6	5.880469092427122e-6
3817	4.216702392825187e-6	6.039248428924846e-6	6.043635396060258e-7	2.8721664918425414e-6
3818	-4.147612504723858e-6	-8.378199760107396e-7	-1.7495627125485095e-6	-8.416126118790594e-6
3819	-1.029112108545239e-6	-5.522781967265187e-6	7.011150419346357e-7	4.531114801852522e-6
3820	4.764494074280262e-6	5.0695091925156785e-6	1.2619038750038925e-6	4.419101072958943e-6
3821	-2.4940110323427044e-6	1.7547303223182258e-6	-1.6781499980534225e-6	-8.417847665431034e-6
3822	-2.769129615819716e-6	-6.505293249933301e-6	-2.2313490259643355e-8	2.9938496104172842e-6
3823	4.425848487807018e-6	3.1822836270768873e-6	1.7817649033961034e-6	5.764952899251791e-6
3824	-5.53677239738984e-7	4.180356348106927e-6	-1.3803297008359278e-6	-8.056274265324468e-6
3825	-3.855874826480953e-6	-6.429751526322551e-6	-7.9908963227441e-7	1.3392610948152122e-6
3826	3.3297775256759153e-6	6.648471972632954e-7	2.1202927028816675e-6	6.85087604955671e-6
3827	1.2964224858325482e-6	6.015853557231956e-6	-8.761203801720177e-7	-7.355949386174345e-6
3828	-4.134204779897071e-6	-5.273827146403282e-6	-1.5662602590499911e-6	-3.510659693596242e-7
3829	1.7325145088178663e-6	-2.0670643987583904e-6	2.244594629897736e-6	7.628127478382991e-6
3830	2.7213252556604412e-6	6.9231438176416485e-6	-1.9756253739638415e-7	-6.351332025718801e-6
3831	-3.612625996171672e-6	-3.1967891213317018e-6	-2.2605913194414253e-6	-2.0024111313738176e-6
3832	-2.7496607723660956e-8	-4.558242382642471e-6	2.1340871680530256e-6	8.068918058779468e-6
3833	3.483407065435222e-6	6.721848749057345e-6	6.062892372694694e-7	-5.093472216542008e-6
3834	-2.4517525013589263e-6	-5.259447236719765e-7	-2.8256279679343066e-6	-3.534867161424719e-6
3835	-1.599489745541534e-6	-6.387869611999491e-6	1.784000247493186e-6	8.155508996577966e-6
3836	3.4834966774488655e-6	5.417536615540637e-6	1.482621627462512e-6	-3.6461363978965534e-6
3837	-9.241684298977842e-7	2.3080021187061837e-6	-3.2063497103382078e-6	-4.878231480570273e-6
3838	-2.6932338211594557e-6	-7.230562743096899e-6	1.2064385261553209e-6	7.891169432621255e-6
3839	2.7811631291422093e-6	3.1965417133493467e-6	2.3685023086580537e-6	-2.082158248149733e-6
3840	6.418004956189069e-7	4.8446786246271186e-6	-3.3661972863021004e-6	-5.977255831626273e-6
3841	-3.1243878715633335e-6	-6.928394806127174e-6	4.316413394998044e-7	7.2960788630742505e-6
3842	1.5615177553455648e-6	4.1090610289976336e-7	3.1997983620345933e-6	-4.770343758390315e-7
3843	1.9324707226242248e-6	6.6590253333829576e-6	-3.2747037614361497e-6	-6.78318486115628e-6
3844	-2.8485992129897087e-6	-5.503961878111917e-6	-4.983939044521366e-7	6.4038357479096886e-6
3845	1.0061243387996691e-7	-2.493343982608186e-6	3.908207732519031e-6	1.0905453380798535e-6
3846	2.6946071398110016e-6	7.439502227227892e-6	-2.9198495683844837e-6	-7.266087294432284e-6
3847	-1.9577172555209705e-6	-3.1739598809741567e-6	-1.5299710378255878e-6	5.2683795943689656e-6
3848	-1.281624900806011e-6	-5.046817833403175e-6	4.433899556024977e-6	2.5498311498620343e-6
3849	2.7905770885901727e-6	7.045222699461773e-6	-2.3092934317781082e-6	-7.414944518949675e-6
3850	-6.629853456380749e-7	-3.1155869492082746e-7	-2.599484852820848e-6	3.956615014710519e-6
3851	-2.2910587331005653e-6	-6.829786781801264e-6	4.728556083505091e-6	3.83303384513215e-6
3852	2.2254417413545464e-6	5.523906856712254e-6	-1.4641231772138894e-6	-7.2331901273928225e-6
3853	7.398033733966373e-7	2.628114075845827e-6	-3.637779227205566e-6	2.537251998692149e-6
3854	-2.715916600988857e-6	-7.5441199294047954e-6	4.7525889524108124e-6	4.887442478447397e-6
3855	1.1349290327966605e-6	3.116647497112616e-6	-4.239195569682901e-7	-6.744833916747808e-6
3856	1.9354788711432465e-6	5.169884930242137e-6	-4.5686463264107215e-6	1.0765172042239353e-6
3857	-2.4691833523557286e-6	-7.0647640914179235e-6	4.490134051889737e-6	5.67309001944456e-6
3858	-2.3647064741369393e-7	2.0821183909550205e-7	7.562536000212769e-7	-5.9847928393434336e-6
3859	2.658430742207063e-6	6.9016776600384225e-6	-5.3302582587525824e-6	-3.522736067277424e-7
3860	-1.608853613023556e-6	-5.463271005371066e-6	3.940125865789564e-6	6.1611627063047315e-6
3861	-1.5800864600443897e-6	-2.7346762844222106e-6	2.0165354747774117e-6	-5.0009627481251364e-6
3862	2.7414397005032355e-6	7.53783812931409e-6	-5.867597004232718e-6	-1.680227907442763e-6
3863	-3.145137853544322e-7	-3.000492928821047e-6	3.1174265006786093e-6	6.337843742693658e-6
3864	-2.5914337175123204e-6	-5.229789885453332e-6	3.2852722953420625e-6	-3.845144255731299e-6
3865	2.154707806908827e-6	6.971463295964213e-6	-6.128850088017555e-6	-2.8494247653387595e-6
3866	1.1298806467558254e-6	-8.278402585328977e-8	2.0479619671393982e-6	6.208649440173208e-6
3867	-3.027717089285407e-6	-6.876101094383642e-6	4.487985875711905e-6	-2.586577223800104e-6
3868	1.0018139792619213e-6	5.305334142394378e-6	-6.085935002304771e-6	-3.805662834329836e-6
3869	2.4088509613810808e-6	2.8136197370215714e-6	7.805952449122696e-7	5.79569901726693e-6
3870	-2.7708017681927545e-6	-7.4146269019239285e-6	5.557074615944695e-6	-1.2955981092757829e-6
3871	-4.850218237194873e-7	2.824143776530641e-6	-5.722773469330242e-6	-4.505554218985468e-6
3872	3.2279352555352665e-6	5.221122959001139e-6	-6.282786815412993e-7	5.127943736696998e-6
3873	-1.8474115653470292e-6	-6.768398306639915e-6	6.4219631917199124e-6	-4.114612135719382e-8
3874	-1.997434183002454e-6	-5.842751344350465e-8	-5.040779372422285e-6	-4.923192830606234e-6
3875	3.3837586103164046e-6	6.75908902333757e-6	-2.1049377277457326e-6	4.2559186179166526e-6
3876	-4.1158559942812255e-7	-5.062526212695964e-6	7.019251996243946e-6	1.1082839502390732e-6
3877	-3.21216510619874e-6	-2.868010138522885e-6	-4.059163506825937e-6	-5.047672690239759e-6
3878	2.7990435833484232e-6	7.191509706394714e-6	-3.571160958797274e-6	3.2386678426559263e-6
3879	1.26163980295528e-6	-2.593915272291148e-6	7.3038866732902705e-6	2.0932716491813806e-6
3880	-3.8446168564305584e-6	-5.158575326391592e-6	-2.8195643599943e-6	-4.8892621214190815e-6
3881	1.5452058024759585e-6	6.472107350619604e-6	-4.946757913413817e-6	2.1453982882621486e-6
3882	2.83997934621764e-6	2.1757659903412052e-7	7.249007797950167e-6	2.8630510218652635e-6
3883	-3.720772918039135e-6	-6.5644163819913574e-6	-1.375949926248705e-6	-4.475785556245872e-6
3884	-1.6626592858390107e-7	4.738445231270203e-6	-6.1574562522522354e-6	1.0479845178094762e-6
3885	3.984399027534298e-6	2.9094124023370314e-6	6.8433689467621715e-6	3.3860145232892687e-6
3886	-2.81137098997537e-6	-6.87559028431123e-6	2.0284516922581903e-7	-3.849044965632246e-6
3887	-2.0183501047037305e-6	2.3034068041889798e-6	-7.128889777419631e-6	1.2580296222168188e-8
3888	4.4275401386314665e-6	5.045225834342881e-6	6.093938827139771e-6	3.6468233789564923e-6
3889	-1.2370345661125855e-6	-6.071265470217102e-6	1.840506912178625e-6	-3.0621329200836893e-6
3890	-3.6525669923093065e-6	-4.042463806071281e-7	-7.805181010660827e-6	-9.005711690609389e-7
3891	4.029198304985273e-6	6.2833174109622725e-6	5.0307984675667335e-6	3.6467731299944635e-6
3892	7.386647069149166e-7	-4.3195211220012384e-6	3.456359046984523e-6	-2.1758259763537093e-6
3893	-4.7212580733045785e-6	-2.9317555904681205e-6	-8.146960476964868e-6	-1.6385159828635882e-6
3894	2.805384560083857e-6	6.44897182186717e-6	3.698119449112345e-6	3.3998026348870147e-6
3895	2.750721061331116e-6	-1.9489204618946617e-6	4.968039104783458e-6	-1.2531224772153529e-6
3896	-4.975445845802954e-6	-4.8678405588939266e-6	-8.126718544754827e-6	-2.1621753703489187e-6
3897	9.309000895629661e-7	5.55961803178864e-6	2.155168084902045e-6	2.938843453483425e-6
3898	4.420176794897851e-6	6.135446927433116e-7	6.300117704495547e-6	-3.6565093749998725e-7
3899	-4.311019476311221e-6	-5.909765709951187e-6	-7.739513122972696e-6	-2.443957999808108e-6
3900	-1.279033430140863e-6	3.812716215451305e-6	4.74100821304557e-7	2.3105294782796227e-6
3901	5.401916302088872e-6	2.9343776014824473e-6	7.382259356481687e-6	4.2261984665792366e-7
3902	-2.790332707154054e-6	-5.922902109260942e-6	-6.995399777198124e-6	-2.47880937214713e-6
3903	-3.4278784430585152e-6	1.5448422930180264e-6	-1.2641605217420103e-6	1.5731454559781668e-6
3904	5.4691626045656e-6	4.63537831430629e-6	8.158615970041922e-6	1.0598408390207866e-6
3905	-6.454810450708122e-7	-4.959039098093963e-6	-5.922825129693207e-6	-2.2797415417476503e-6
3906	-5.113502044714808e-6	-8.374430390975426e-7	-2.980571242011769e-6	7.868273390927838e-7
3907	4.5557044889639705e-6	5.461181316027688e-6	8.58258887962374e-6	1.505499272466807e-6
3908	1.7695892063213046e-6	-3.2371411805860127e-6	-4.566175401789186e-6	-1.8775053266115039e-6
3909	-6.005340070311994e-6	-2.920779700191831e-6	-4.592292620059109e-6	2.225335686128229e-8
3910	2.768701191518349e-6	5.314539814610868e-6	8.631589235992319e-6	1.7312265477702537e-6
3911	4.034714716227003e-6	-1.0936635940404188e-6	-2.989904114875713e-6	-1.3112177757202106e-6
3912	-5.901022807986069e-6	-4.359652473461346e-6	-6.02143215652317e-6	-6.572158512049367e-7
3913	3.8250704439793076e-7	4.279537769553032e-6	8.29916399546726e-6	1.7219942074763134e-6
3914	5.7338962376881745e-6	1.074177126272866e-6	-1.2673077396717892e-6	-6.331777099647781e-7
3915	-4.763705358609456e-6	-4.9465829216723785e-6	-7.198072372387364e-6	-1.1955432863337963e-6
3916	-2.2176313944594454e-6	2.5995205651755283e-6	7.600477159639719e-6	1.485924983021421e-6
3917	6.5448625478307364e-6	2.8836512479953335e-6	5.190763539998919e-7	9.426370629031233e-8
3918	-2.740119176280984e-6	-4.631334223004227e-6	-8.061414861842929e-6	-1.5499316044498917e-6
3919	-4.585425047698826e-6	6.076442047768691e-7	6.5669223797084666e-6	1.0470631334556187e-6
3920	6.285446898216502e-6	4.034042758809999e-6	2.2844740644179725e-6	8.047107112382534e-7
3921	-1.3807822368947083e-7	-3.529114274319898e-6	-8.571657308388106e-6	-1.6883613801195774e-6
3922	-6.296104335564894e-6	-1.3167844776263787e-6	5.249055566745609e-6	4.438500952659742e-7
3923	4.94558280794484e-6	4.363994539068949e-6	3.944700639287506e-6	1.4333476596533765e-6
3924	2.62385163920766e-6	-1.90030954471858e-6	-8.701986188760236e-6	-1.5959023158350145e-6
3925	-7.029279427004496e-6	-2.821052904341769e-6	3.707494316208205e-6	-2.674762797561134e-7
3926	2.7082966984811186e-6	3.869069796539395e-6	5.4211486044078084e-6	1.9235270232930964e-6
3927	5.074832851883016e-6	-8.688810261591812e-8	-8.45275020599712e-6	-1.2766433375239517e-6
3928	-6.621864857553816e-6	-3.6505051926431032e-6	2.0172940592931656e-6	-1.026590542111082e-6
3929	-8.022317088743793e-8	2.70504206956201e-6	6.646526261878536e-6	2.2288315822477365e-6
3930	6.781618058875843e-6	1.5534114386660574e-6	-7.837830400040529e-6	-7.53869884009962e-7
3931	-5.098159131725172e-6	-3.7012722831626455e-6	2.5992281864676177e-7	-1.769878687736252e-6
3932	-2.96761743474259e-6	1.1506823105895686e-6	7.563722331260028e-6	2.3166612156153214e-6
3933	7.432609085059253e-6	2.7152089224890872e-6	-6.888992056029859e-6	-6.387907219247927e-8
3934	-2.681502678383374e-6	-3.0256520808942054e-6	-1.4770741618566556e-6	-2.4393531700118026e-6
3935	-5.467785857490173e-6	-4.528964015513158e-7	8.133556842490561e-6	2.1704575360262147e-6
3936	6.886967804940676e-6	3.2052367667246634e-6	-5.658225552804067e-6	7.49130694679933e-7
3937	2.5003641085062964e-7	-1.8168012278033233e-6	-3.110546256557082e-6	-2.977826475572465e-6
3938	-7.143768908031398e-6	-1.7844348477161972e-6	8.33092707699198e-6	1.7891489486934215e-6
3939	5.205784117433111e-6	2.979424119816142e-6	-4.209182384227549e-6	1.6246998903803833e-6
3940	3.21669806569871e-6	-3.6387237902793376e-7	-4.564365365660739e-6	-3.3323346474440323e-6
3941	-7.703811015320211e-6	-2.5893980863176215e-6	8.157858564770004e-6	1.1887689601016355e-6
3942	2.6525801984613528e-6	2.13534248288277e-6	-2.6146030154826313e-6	2.5019177185146304e-6
3943	5.722213178978593e-6	1.0118613448134387e-6	-5.77582209980012e-6	-3.4662344284075053e-6
3944	-7.0393595529902295e-6	-2.7359005665683156e-6	7.630095970048286e-6	3.9628891431354967e-7
3945	-3.663388368502847e-7	8.908907787048911e-7	-9.58533779174177e-7	3.3189556745383253e-6
3946	7.347399647375671e-6	2.0250801315173693e-6	-6.689688370743397e-6	-3.350361220374938e-6
3947	-5.246017043296945e-6	-2.2324963814624136e-6	6.784676216848993e-6	-5.448718747671196e-7
3948	-3.3602249233678473e-6	-4.5533448117640286e-7	6.741689957816726e-7	4.011434438004603e-6
3949	7.824003325600273e-6	2.4699695925341973e-6	-7.268935842239523e-6	-2.977985113456804e-6
3950	-2.6094059154954164e-6	-1.2214662827274577e-6	5.6721004191326956e-6	-1.5764662104255416e-6
3951	-5.841637080624903e-6	-1.5978990522563509e-6	2.207601060226827e-6	4.5197686399908835e-6
3952	7.070366686424927e-6	2.2718372797662004e-6	-7.5004180779829636e-6	-2.353684828649592e-6
3953	4.455793552219783e-7	5.237855222071928e-8	4.3557549289490215e-6	-2.638481134066368e-6
3954	-7.407401873344215e-6	-2.2891991268831856e-6	3.572019549514137e-6	4.797254414470753e-6
3955	5.2058807674172906e-6	1.4914903443936375e-6	-7.3796618096984275e-6	-1.5059744989812412e-6
3956	3.4285000862815067e-6	1.2910021217108379e-6	2.9093270235397918e-6	-3.65999720996481e-6
3957	-7.806974548660781e-6	-2.378160838730731e-6	4.702470914799246e-6	4.815107942488203e-6
3958	2.5312960600454826e-6	3.1426217573780404e-7	-6.93054985597254e-6	-4.767501565121577e-7
3959	5.856773816360619e-6	2.2076541805015433e-6	1.4129136086145915e-6	-4.575246790704522e-6
3960	-6.9818173101885285e-6	-1.8417727021856594e-6	5.554069268700608e-6	4.555960218924167e-6
3961	-5.17803251764791e-7	-9.901375091349712e-7	-6.191392422208031e-6	6.866016808911057e-7
3962	7.346901645767522e-6	2.5890339393391538e-6	-5.824041214351908e-8	-5.323446871239639e-6
3963	-5.076221984665709e-6	-7.886297390753482e-7	6.095537399141175e-6	4.022453601786807e-6
3964	-3.450548512365217e-6	-2.127395565146e-6	-5.211932490447395e-6	1.918286424676551e-6
3965	7.666989633826323e-6	2.3285738613284603e-6	-1.435750971020828e-6	-5.853041606119057e-6
3966	-2.402641141966367e-6	5.597972227038393e-7	6.314710189183485e-6	3.2295535435101397e-6
3967	-5.7946664465272765e-6	-2.8266412270884645e-6	-4.050930949208152e-6	3.1556491357628467e-6
3968	6.778605454927675e-6	1.4539004150015855e-6	-2.65219925472551e-6	-6.1204071820596615e-6
3969	6.031610661528446e-7	1.9037077964474775e-6	6.2194241751205195e-6	2.2023530449432455e-6
3970	-7.184032751015225e-6	-2.9017987718162253e-6	-2.7778933787418387e-6	4.331212515740853e-6
3971	4.846727992164298e-6	1.2650416198130634e-7	-3.65197800574782e-6	-6.103864061150288e-6
3972	3.447625226861419e-6	2.9406819668318186e-6	5.825554213786462e-6	9.895984031267213e-7
3973	-7.408347423745907e-6	-2.295984287223088e-6	-1.459675668966969e-6	5.376993783129152e-6
3974	2.202217079785487e-6	-1.3857950733285621e-6	-4.3906332692437535e-6	-5.788523692910579e-6
3975	5.672694609712057e-6	3.4207327099895133e-6	5.166836132494981e-6	-3.5708891254324146e-7
3976	-6.4610003975793e-6	-1.0941935663998898e-6	-1.7295915856822657e-7	6.232844074878151e-6
3977	-7.183713086617975e-7	-2.765305370238785e-6	-4.838539283966857e-6	-5.175400567805077e-6
3978	6.935677632835846e-6	3.1983043640330594e-6	4.292980378678874e-6	-1.7701529203142563e-6
3979	-4.525326659103702e-6	4.933030201969613e-7	1.0085073401586125e-6	6.848839887490435e-6
3980	-3.4343096298232847e-6	-3.7070771991083482e-6	-4.983062381843085e-6	-4.2851765849934644e-6
3981	7.056230583471562e-6	2.267119496530847e-6	3.2643430759889786e-6	-3.1795990360076656e-6
3982	-1.93626082608086e-6	2.1602558640478517e-6	2.0188739113295714e-6	7.182409066868465e-6
3983	-5.508495481646583e-6	-3.981964879929158e-6	-4.8353544581272625e-6	-3.144786146293621e-6
3984	6.052048449696994e-6	7.572271303066802e-7	2.151342215499149e-6	-4.513599861302004e-6
3985	8.647344429163966e-7	3.5742096620742557e-6	2.8127847291983077e-6	7.20062390745952e-6
3986	-6.6192215178158495e-6	-3.4824598519873205e-6	-4.425058966479132e-6	-1.8009675429269638e-6
3987	4.126013583808167e-6	-1.0770457265440102e-6	1.0309987994996393e-6	-5.7088384591482335e-6
3988	3.412559935216804e-6	4.432105468296327e-6	3.3498386573782235e-6	6.894704345918289e-6
3989	-6.62356247694466e-6	-2.2425234586082813e-6	-3.7891591006011367e-6	-3.180070118689365e-7
3990	1.6217603735880003e-6	-2.8979188019572816e-6	-2.2546370321228915e-8	-6.702020702698855e-6
3991	5.2991525598073854e-6	4.520828468797061e-6	3.612752648718167e-6	6.269467534886625e-6
3992	-5.566743788343873e-6	-4.36874981658842e-7	-2.9833029666301818e-6	1.2351843797218042e-6
3993	-1.0246893216715656e-6	-4.351046368665089e-6	-9.501745846936099e-7	-7.4358848312011694e-6
3994	6.233786588223804e-6	3.7608518474181723e-6	3.6065119923613946e-6	5.341684936236959e-6
3995	-3.6666130649302e-6	1.6341622664150274e-6	-2.0720917170952314e-6	2.7892356011936336e-6
3996	-3.366557913764917e-6	-5.131315191328405e-6	-1.6985099306808154e-6	-7.866803409276954e-6
3997	6.108759936092698e-6	2.2279208926101185e-6	3.3467682263981407e-6	4.143233892252424e-6
3998	-1.276213738882357e-6	3.5973103665970985e-6	-1.1272198180193304e-6	4.276455183134889e-6
3999	-5.025524707250909e-6	-5.040162063603648e-6	-2.225008768507061e-6	-7.966218668441796e-6
4000	4.9973913774157815e-6	1.4615043028211392e-7	2.8645221724549056e-6	2.7230391313137475e-6
4001	1.1785865908141173e-6	5.078783754451719e-6	-2.139494492086609e-7	5.6214274077790595e-6
4002	-5.75658274435372e-6	-4.031737727281618e-6	-2.508283156007268e-6	-7.714008299572614e-6
4003	3.139810916328931e-6	-2.1407417518346388e-6	2.2076554861033233e-6	1.1441319621720905e-6
4004	3.2766820943232968e-6	5.778558541101641e-6	6.030772879328944e-7	6.752622428971837e-6
4005	-5.490543720564538e-6	-2.226825295133177e-6	-2.545575511402554e-6	-7.112771509514386e-6
4006	8.962543120554782e-7	-4.227342602329741e-6	1.4359151659593084e-6	-5.220004139311327e-7
4007	4.67700464456135e-6	5.517240517300588e-6	1.2684237189409052e-6	7.609620820683601e-6
4008	-4.33362034090876e-6	1.0220639049222339e-7	-2.3405980294616313e-6	-6.183226783037785e-6
4009	-1.3292442009700028e-6	-5.729791894798841e-6	6.117232992235858e-7	-2.194282023681399e-6
4010	5.1901439953998674e-6	4.283335238170262e-6	1.7396257552327797e-6	8.141649057404159e-6
4011	-2.5452618183596678e-6	2.5799666681361877e-6	-1.920284728801055e-6	-4.964999878296861e-6
4012	-3.1528266487560695e-6	-6.353862906831786e-6	-1.9861526121312932e-7	-3.793246434205076e-6
4013	4.783237484094612e-6	2.2342437410832204e-6	1.9896852150967282e-6	8.316402100642325e-6
4014	-4.767945570457889e-7	4.778059961798546e-6	-1.3248912613458128e-6	-3.50966409866711e-6
4015	-4.282932316775621e-6	-5.933444228108573e-6	-9.329908398471523e-7	-5.240358543532518e-6
4016	3.598223921288579e-6	-3.191690187339083e-7	2.00492207809809e-6	8.118636743553603e-6
4017	1.4922997010104157e-6	6.294282876285777e-6	-6.069177011938485e-7	-1.8879852695093952e-6
4018	-4.571635330048592e-6	-4.492870726556697e-6	-1.5369116409249159e-6	-6.457191413680137e-6
4019	1.8994038700590626e-6	-2.9620948691508853e-6	1.7868928998158613e-6	7.556851966643444e-6
4020	3.022536557307488e-6	6.8398211141444575e-6	1.769860120801499e-7	-1.8276602381908723e-7
4021	-4.030704728797614e-6	-2.2273789186730215e-6	-1.962085183406772e-6	-7.380985163980234e-6
4022	2.6252217089038388e-8	-5.2454274215996934e-6	1.3553948124425114e-6	6.653683089157782e-6
4023	3.87009827547708e-6	6.275095378055614e-6	9.631013703220998e-7	1.5245932005525625e-6
4024	-2.823751204663393e-6	5.174081139949776e-7	-2.1750308015552222e-6	-7.965206830481372e-6
4025	-1.6689279921420052e-6	-6.7658468720826995e-6	7.416448238319659e-7	5.457289603752136e-6
4026	3.9261842921196e-6	4.648157128695141e-6	1.6879687260873969e-6	3.14570405589954e-6
4027	-1.2231086226215408e-6	3.297422362999384e-6	-2.1542740821729096e-6	-8.181790047754862e-6
4028	-2.8855256731676558e-6	-7.232723385166309e-6	-7.3689479934848505e-9	4.028062916066591e-6
4029	3.242562487348216e-6	2.1895329013821556e-6	2.290481556652401e-6	4.601958423606791e-6
4030	4.4350343053512595e-7	5.6431562042856e-6	-1.8962194779368834e-6	-8.024002817214482e-6
4031	-3.430702507392846e-6	-6.526858450158958e-6	-8.387150711059174e-7	2.4433597741964597e-6
4032	2.0123915017648157e-6	-7.167189528390217e-7	2.7227623745642583e-6	5.820503080874759e-6
4033	1.8470077990869124e-6	7.1438266120929675e-6	-1.412816139453158e-6	-7.507494270222713e-6
4034	-3.2414967256609352e-6	-4.729472850535079e-6	-1.6907550132316512e-6	7.848507566095334e-7
4035	5.177084123771707e-7	-3.598548268526224e-6	2.9420690159906754e-6	6.749519481023674e-6
4036	2.7294910771819016e-6	7.524365914071869e-6	-7.288922787257844e-7	-6.665310670883653e-6
4037	-2.406480924071591e-6	-2.1134461335561063e-6	-2.497021107337402e-6	-8.663074057950315e-7
4038	-9.261836948234526e-7	-5.971063529844834e-6	2.922047256075665e-6	7.344592630619758e-6
4039	2.9442882445661344e-6	6.689690773557373e-6	1.1421894642665635e-7	-5.543342809571499e-6
4040	-1.1486602798496754e-6	9.092972467365154e-7	-3.190596636729779e-6	-2.4290610022824295e-6
4041	-2.016502888345017e-6	-7.4278649136102734e-6	2.6486073056069614e-6	7.585623122149083e-6
4042	2.485336081283569e-6	4.750446403661259e-6	1.058082710126738e-6	-4.205014262740435e-6
4043	2.324757737739812e-7	3.848470733222887e-6	-3.713850210410339e-6	-3.82796423452621e-6
4044	-2.5389870055047604e-6	-7.712464540308484e-6	2.1267309928659274e-6	7.470132141659822e-6
4045	1.4934447208537082e-6	2.015571083778203e-6	2.0430953542402917e-6	-2.7202897861681793e-6
4046	1.4318693412959032e-6	6.213512083425425e-6	-4.0185530206347565e-6	-4.996115693453537e-6
4047	-2.4041680105352206e-6	-6.762520103121306e-6	1.3766549305253716e-6	7.0132345001848305e-6
4048	2.2079547533795007e-7	-1.0791485495021364e-6	3.0022986116401534e-6	-1.1708549531669303e-6
4049	2.1828140401892e-6	7.6092825676449615e-6	-4.072414596863369e-6	-5.877414157856731e-6
4050	-1.6703514587016554e-6	-4.71775154345939e-6	4.4107504724612534e-7	6.246714102223155e-6
4051	-1.0269132542795364e-6	-4.031785907298327e-6	3.862590605891167e-6	3.6108385399100875e-7
4052	2.3252414626830648e-6	7.801411599432663e-6	-3.856555432739146e-6	-6.43703213553812e-6
4053	-5.277259347901346e-7	-1.910065027762297e-6	-6.22886522283485e-7	5.218545761964005e-6
4054	-1.9580179982981734e-6	-6.356029614223696e-6	4.561132567244227e-6	1.7968082946463758e-6
4055	1.8366043189107124e-6	6.755408681242856e-6	-3.3736578224256676e-6	-6.657509076105523e-6
4056	7.428938214298673e-7	1.209013496720322e-6	-1.7583237837145307e-6	3.997477021907872e-6
4057	-2.3554851787584566e-6	-7.675477364369974e-6	5.0481356077968175e-6	3.0597163812288307e-6
4058	8.352197804919751e-7	4.63966079209695e-6	-2.635678577670063e-6	-6.540469508915864e-6
4059	1.8417704525539693e-6	4.131760449027365e-6	-2.8966360949113556e-6	2.65623312568448e-6
4060	-2.1162305236208566e-6	-7.77826960723126e-6	5.280850703026716e-6	4.092091502208661e-6
4061	-4.4698251709578097e-7	1.8038332972592564e-6	-1.676690676406956e-6	-6.107713367456407e-6
4062	2.5005461362991853e-6	6.3816112838340365e-6	-3.970109040412535e-6	1.2717101376520863e-6
4063	-1.2818726645147115e-6	-6.658619428493755e-6	5.234762125719574e-6	4.848867578653351e-6
4064	-1.7105543068750486e-6	-1.2887042797621725e-6	-5.424695033596765e-7	-5.401699924591406e-6
4065	2.5481714364926417e-6	7.606806020823832e-6	-4.9126788044225426e-6	-7.080122596940819e-8
4066	-1.9111074733192264e-8	-4.507705826294319e-6	4.903672626200716e-6	5.300912074471957e-6
4067	-2.663252276212793e-6	-4.139112592836391e-6	7.081890140929373e-7	-4.473314154106807e-6
4068	1.9406805805438623e-6	7.623272797236838e-6	-5.6633708731337325e-6	-1.3053877539331279e-6
4069	1.4019076518580236e-6	-1.686331698266144e-6	4.290436930463088e-6	5.439911320869524e-6
4070	-3.064624445488886e-6	-6.286479964173606e-6	2.008553519548763e-6	-3.386615155110797e-6
4071	7.694857898456486e-7	6.4458922737678724e-6	-6.174789992145679e-6	-2.366033772051212e-6
4072	2.6680949597292525e-6	1.33942076650682e-6	3.416571544348416e-6	5.279410297660985e-6
4073	-2.7797906275087594e-6	-7.397463835819365e-6	3.2964392336714843e-6	-2.21840838820143e-6
4074	-7.512651904601918e-7	4.287118775481047e-6	-6.413611277578223e-6	-3.1998846047928005e-6
4075	3.4862608920071663e-6	4.072407077060088e-6	2.314554773517642e-6	4.846983050558309e-6
4076	-1.815666466813008e-6	-7.320266554449598e-6	4.506297316478554e-6	-1.0402999131545812e-6
4077	-2.312509895255673e-6	1.5228202812435055e-6	-6.356835625164141e-6	-3.7701646167363222e-6
4078	3.6425423913222478e-6	6.078549168735913e-6	1.0334865017797535e-6	4.1844333051699675e-6
4079	-3.184500692945476e-7	-6.100244717869704e-6	5.569677847769446e-6	7.56100833307817e-8
4080	-3.585097369907942e-6	-1.3826574180832227e-6	-5.987259706094481e-6	-4.063773312522165e-6
4081	3.044386747090666e-6	7.055874863473459e-6	-3.7394020270836494e-7	3.350216651788235e-6
4082	1.4467098487941599e-6	-3.969672970377766e-6	6.427475676504477e-6	1.0665862828593317e-6
4083	-4.282783559948056e-6	-3.9544767985569935e-6	-5.308819881553201e-6	-4.084149794630912e-6
4084	1.7439931417477943e-6	6.88744615589322e-6	-1.839161552509112e-6	2.4046859830178437e-6
4085	3.1475096991795478e-6	-1.3068339165768444e-6	7.02402980411345e-6	1.88030417597646e-6
4086	-4.211393460193157e-6	-5.789043319556233e-6	-4.344796320830546e-6	-3.84669368306434e-6
4087	-6.398014245355285e-8	5.64292684167595e-6	-3.287607335537466e-6	1.4140993779324851e-6
4088	4.434014709159453e-6	1.437824291896601e-6	7.31812272494379e-6	2.4765139833648517e-6
4089	-3.3151983961818895e-6	-6.621786627971039e-6	-3.134160386932535e-6	-3.3832635071969213e-6
4090	-2.065447723291756e-6	3.568961452914724e-6	-4.643574070207354e-6	4.4599023091088777e-7
4091	5.0181014131219205e-6	3.814204772682094e-6	7.280280267310472e-6	2.8307924802029625e-6
4092	-1.6952456453490993e-6	-6.365284287642186e-6	-1.7287855502629177e-6	-2.7406325279277594e-6
4093	-3.894502623676442e-6	1.0429679993322318e-6	-5.834365010539624e-6	-4.3798408186707617e-7
4094	4.729549203512941e-6	5.452303480461633e-6	6.903834436992593e-6	2.938513327211938e-6
4095	4.0189789190723967e-7	-5.1111078282128205e-6	-1.9722930104005394e-7	-1.970658588927219e-6
4096	-5.189807477847781e-6	-1.5028811616401231e-6	-6.798624846740866e-6	-1.1847874293723592e-6
