turn	x1	x2	y1	y2
1	-4.1755672378760175e-6	2.757393413553151e-7	-4.779153195687409e-6	2.696269156540519e-7
2	-7.391996086081489e-6	-3.0752227890725704e-7	-6.3933518082702155e-6	-3.4130576516499103e-7
3	9.822913629389996e-6	-2.2723921819996173e-7	1.0388596031337583e-5	-1.0878671595906136e-7
4	-1.2563682389596715e-7	7.084896665406207e-7	-2.740094517414598e-6	6.74045339750069e-7
5	-9.700440093034317e-6	-3.1164697315777285e-7	-7.962016721438507e-6	-5.456363916617488e-7
6	7.5362768153449334e-6	-7.052105173635471e-7	9.72312657774687e-6	-3.666116012552775e-7
7	3.9106492527549815e-6	1.027736669502044e-6	-5.932421024890762e-7	1.0874414059505384e-6
8	-1.049786032728227e-5	1.9081371643695048e-8	-9.16876741025182e-6	-6.084951050031035e-7
9	4.11351453142124e-6	-1.2874455495761117e-6	8.635540939031452e-6	-7.56727558578435e-7
10	7.302676046102058e-6	1.0641797422566814e-6	1.5564325153463043e-6	1.4656062209278614e-6
11	-9.66819364143097e-6	6.537598971805095e-7	-9.958074974810911e-6	-5.13786285428844e-7
12	1.0706678221856017e-7	-1.789435706211069e-6	7.185499747532682e-6	-1.2398898293788995e-6
13	9.52454243635501e-6	7.188031923155069e-7	3.6083950247141587e-6	1.7646809865437366e-6
14	-7.36854823779573e-6	1.4691399842735527e-6	-1.0296541178483763e-5	-2.56801333076167e-7
15	-3.838672078974764e-6	-2.0187869235119583e-6	5.439435386069371e-6	-1.7725222656091587e-6
16	1.024193535455615e-5	-1.893915561984972e-8	5.466884629975731e-6	1.9436059813614526e-6
17	-3.9888705520652715e-6	2.2735243529376707e-6	-1.0177513142871608e-5	1.620288703223742e-7
18	-7.1098590530962245e-6	-1.823459748937462e-6	3.490566582130554e-6	-2.319422519303316e-6
19	9.374214425177082e-6	-1.054292960424248e-6	7.041245011240947e-6	1.9717666573269267e-6
20	-8.829899011626258e-8	2.8490209007108747e-6	-9.618905827372886e-6	7.257745364257728e-7
21	-9.209979002709815e-6	-1.1327777004752602e-6	1.4363945237146009e-6	-2.8281976585600887e-6
22	7.098528231833285e-6	-2.2050034662825644e-6	8.26853401438281e-6	1.8202686110800966e-6
23	3.7085774824514806e-6	2.9920062985462775e-6	-8.655756955392606e-6	1.4002536503202784e-6
24	-9.842141782866346e-6	5.467054065417462e-9	-6.253683491279769e-7	-3.247677006822327e-6
25	3.813363125194731e-6	-3.223720677352225e-6	9.099774718704663e-6	1.4757196306190942e-6
26	6.815009207873621e-6	2.5637744841134356e-6	-7.33982781766481e-6	2.1464818810155498e-6
27	-8.951927200395343e-6	1.4268273302351042e-6	-2.593983032342342e-6	-3.5347832018683485e-6
28	7.393186165783536e-8	-3.8641322826598115e-6	9.507599156145771e-6	9.388122410278048e-7
29	8.768672987897279e-6	1.5458349593895832e-6	-5.742184088275335e-6	2.9180436025907642e-6
30	-6.736228830114724e-6	2.8873005200030066e-6	-4.37974406785273e-6	-3.6490196136736013e-6
31	-3.5258779509875594e-6	-3.92264341318208e-6	9.48450265819967e-6	2.226327811308127e-7
32	9.312431738306715e-6	3.798230108312687e-8	-3.950613313186406e-6	3.66123037134301e-6
33	-3.5953050724094103e-6	4.105894192215178e-6	-5.907512043575474e-6	-3.5534778930822538e-6
34	-6.430861587164991e-6	-3.282418412445881e-6	9.042566658733341e-6	-6.413106370738308e-7
35	8.418514249485473e-6	-1.7381031297118526e-6	-2.0499973782496954e-6	4.315285420965093e-6
36	-6.00182900889748e-8	4.808590338587528e-6	-7.112590837641603e-6	-3.22537884293555e-6
37	-8.223296576040514e-6	-1.9660559212067415e-6	8.213100645160189e-6	-1.6109112123854196e-6
38	6.2948046920701995e-6	-3.492169711029902e-6	-1.415350701239667e-7	4.822389343160985e-6
39	3.3078758978510016e-6	4.796326695722247e-6	-7.946953270589527e-6	-2.664532522250623e-6
40	-8.684234263316233e-6	-1.1782050163639935e-7	7.050924508340666e-6	-2.6317587370345997e-6
41	3.3303476777345963e-6	-4.902348156877894e-6	1.6834859926249973e-6	5.1383528526362745e-6
42	5.995202042442454e-6	3.971317534248377e-6	-8.381358370152821e-6	-1.883860476631865e-6
43	-7.803115512789817e-6	1.9876005882747265e-6	5.62333929816876e-6	-3.6438904697074474e-6
44	2.6992517889406347e-8	-5.674766324543222e-6	3.3426649603851088e-6	5.220783237675577e-6
45	7.6214073439862975e-6	2.383129911284455e-6	-8.409708127410415e-6	-9.12390272953327e-7
46	-5.787580610841763e-6	4.014674177299324e-6	4.011284658985303e-6	-4.5842952699820364e-6
47	-3.0867799769969184e-6	-5.6048391471290725e-6	4.7581369829704735e-6	5.046379227903307e-6
48	7.99163321155798e-6	2.3413901337423088e-7	-8.043884115453957e-6	2.116396218328114e-7
49	-3.015080556096518e-6	5.602835981621115e-6	2.304596031939869e-6	-5.396286345397758e-6
50	-5.534731242145337e-6	-4.619908825321292e-6	5.8662660345875684e-6	4.6042967184567586e-6
51	7.120209859000935e-6	-2.1692762539439355e-6	-7.321023821868347e-6	1.4341213313009063e-6
52	3.2656954284236356e-8	6.4485979688335226e-6	6.002714943251752e-7	-6.0189871152070075e-6
53	-6.972928457357551e-6	-2.8011811443516078e-6	6.625156285613942e-6	3.9009475626770755e-6
54	5.220345000036322e-6	-4.445478718780622e-6	-6.295570115740928e-6	2.6914800273417304e-6
55	2.8640748346464282e-6	6.344568439370026e-6	-1.024123474219542e-6	-6.409556195307266e-6
56	-7.239116833925796e-6	-3.796461109843683e-7	7.012601468844975e-6	2.9604479496739687e-6
57	2.6539546479115356e-6	-6.209590433580139e-6	-5.0377284778507115e-6	3.9250969989778e-6
58	5.045867588068172e-6	5.225731883957491e-6	-2.4820939476511092e-6	-6.530970801485532e-6
59	-6.367781078897219e-6	2.2938551664676854e-6	7.030002362884629e-6	1.8136236075459441e-6
60	-1.203645472608107e-7	-7.130221280894222e-6	-3.629272312568848e-6	5.065225431605782e-6
61	6.272792624502168e-6	3.193929112471057e-6	-3.706434366651729e-6	-6.3636262772911615e-6
62	-4.5850525976402166e-6	4.804389960182574e-6	6.6964464133054855e-6	5.01712494846195e-7
63	-2.643462555628981e-6	-6.994571846400323e-6	-2.151614778765841e-6	6.053107419368979e-6
64	6.419950573146192e-6	5.256124288033646e-7	-4.645657095276008e-6	-5.8955728153479045e-6
65	-2.2443058456929502e-6	6.723498832106378e-6	6.055121690178261e-6	-9.221489625749992e-7
66	-4.53096348031444e-6	-5.754532702722019e-6	-6.904376474701097e-7	6.830265269866971e-6
67	5.55229224591419e-6	-2.389041214597386e-6	-5.266404276324172e-6	-5.131866587898701e-6
68	2.3225742349436862e-7	7.707279381901952e-6	5.160315369935745e-6	-2.3887190962990407e-6
69	-5.528249489285388e-6	-3.541199695897551e-6	6.788432663423123e-7	7.344879703878894e-6
70	3.895506969820251e-6	-5.095470672566518e-6	-5.554968877432664e-6	-4.094042365624862e-6
71	2.4281030214839857e-6	7.547045098371646e-6	4.073247991122209e-6	-3.830019364010208e-6
72	-5.547194173884595e-6	-6.651682016889401e-7	1.8839473468804887e-6	7.559690258013598e-6
73	1.7848517021010186e-6	-7.14494392654906e-6	-5.515995852206425e-6	-2.81994683984706e-6
74	4.001937492919037e-6	6.207352753926194e-6	2.8681139406514732e-6	-5.1732455427506255e-6
75	-4.67419068791833e-6	2.4518729522800404e-6	2.869980205936524e-6	7.4459143388319425e-6
76	-3.808440179877945e-7	-8.185706600083243e-6	-5.177696086588095e-6	-1.3544620902467988e-6
77	4.748874480863412e-6	3.845303791131232e-6	1.6244240873448096e-6	-6.3479023185188585e-6
78	-3.1383001200626628e-6	5.321720760248578e-6	3.5928881096044845e-6	6.98859880632152e-6
79	-2.2280504353436796e-6	-8.002925532069715e-6	-4.5760171202004895e-6	2.351602237496169e-7
80	4.618499759781711e-6	7.936697508780954e-7	4.129158630370571e-7	-7.2822553955438085e-6
81	-1.2663319309034515e-6	7.477179584730813e-6	4.026206037569634e-6	6.199467336237559e-6
82	-3.4635013740640828e-6	-6.57644847696741e-6	-3.761276686270775e-6	1.874833746057122e-6
83	3.724325583015799e-6	-2.4832008819485265e-6	-6.963809815083117e-7	-7.922253352064442e-6
84	5.712666358493186e-7	8.555998418601464e-6	4.160241481627969e-6	5.1061685220596196e-6
85	-3.930888097042765e-6	-4.093743260872576e-6	-2.800121277224346e-6	3.4837604847216795e-6
86	2.305486665423351e-6	-5.476434062668226e-6	-1.635762079570866e-6	-8.226038346715086e-6
87	2.0430425554497072e-6	8.345388759664218e-6	4.008102256808762e-6	3.7522014208953823e-6
88	-3.6268122625667387e-6	-9.10167045215297e-7	-1.7591754270795895e-6	4.981626379104005e-6
89	6.838632919835477e-7	-7.703313382130125e-6	-2.3593157625668774e-6	-8.168292586193148e-6
90	2.9096343853138403e-6	6.845769604197647e-6	3.598483937493532e-6	2.193891287160423e-6
91	-2.6973702690609985e-6	2.4826527610013002e-6	-7.133440333088569e-7	6.285099113991735e-6
92	-8.051423464743241e-7	-8.795563792593447e-6	-2.8301050045240006e-6	-7.73903147315418e-6
93	3.0704416819590062e-6	4.267461120909676e-6	2.9713192579145433e-6	5.076656133998187e-7
94	-1.3928229697629849e-6	5.550403404511581e-6	2.703389890082755e-7	7.327261232759098e-6
95	-1.8736714549906459e-6	-8.552232736150366e-6	-3.025674273155416e-6	-6.957962652373075e-6
96	2.57109376414843e-6	9.944346626316336e-7	2.176510008432092e-6	-1.2213924124128115e-6
97	-3.0962674738901905e-8	7.810189326709305e-6	1.122014301709498e-6	8.050668886845132e-6
98	-2.344479241366975e-6	-6.990347333934119e-6	-2.9499124890236883e-6	-5.859617535310989e-6
99	1.597914687608288e-6	-2.4664588873959206e-6	1.2829554645910664e-6	-2.9075074881022074e-6
100	1.0885998397943513e-6	8.890238439917517e-6	1.7898102067689604e-6	8.422073540468106e-6
101	-2.181360746346148e-6	-4.343064843271126e-6	-2.6248201221179114e-6	-4.498745609450072e-6
102	4.145426519381194e-7	-5.5635039614511285e-6	3.584683800314516e-7	-4.472655679657615e-6
103	1.7377998608335266e-6	8.602343794791814e-6	2.2284559536380946e-6	8.426946946447686e-6
104	-1.4841698542469351e-6	-1.01736305814931e-6	-2.0775817689023422e-6	-2.936934202062435e-6
105	-6.794859680029106e-7	-7.80635005821664e-6	-5.25201733091222e-7	-5.840014669561362e-6
106	1.800138247735694e-6	6.984184903832552e-6	2.4141170776888804e-6	8.057428028066535e-6
107	-4.707195555607376e-7	2.4557704486434086e-6	-1.3569923385246016e-6	-1.2494068421555389e-6
108	-1.417518052664516e-6	-8.835987731406683e-6	-1.3046184269722976e-6	-6.94333150773409e-6
109	1.306903704741673e-6	4.2954406347802895e-6	2.3394911753894523e-6	7.33281402691655e-6
110	5.863233069814506e-7	5.520079873891148e-6	-5.250423449134541e-7	4.872000918735049e-7
111	-1.6363260555568205e-6	-8.489715904667773e-6	-1.9139186646082276e-6	-7.730445642758875e-6
112	4.102883786883707e-7	9.721320935529874e-7	2.0139559615375952e-6	6.290703470814252e-6
113	1.4054609329770562e-6	7.698794016374743e-6	3.4881248720309656e-7	2.181976199916844e-6
114	-1.2896032909448451e-6	-6.835000348186654e-6	-2.3104478515007366e-6	-8.16408458196353e-6
115	-6.455028213224608e-7	-2.4516657257036966e-6	1.4624500544142769e-6	4.983006649321295e-6
116	1.765571283974062e-6	8.65571319164517e-6	1.2002456648255173e-6	3.7534236704871283e-6
117	-4.643094496313791e-7	-4.149715509675039e-6	-2.4631487863223917e-6	-8.22729915977049e-6
118	-1.5753155255499402e-6	-5.4334639803237164e-6	7.342080614093355e-7	3.474692159262527e-6
119	1.5561235436882062e-6	8.252709314947229e-6	1.955337378754475e-6	5.129646395577223e-6
120	6.323473970081677e-7	-8.733298090151599e-7	-2.3575021024971606e-6	-7.920524315929561e-6
121	-2.1215773161963838e-6	-7.513638969981088e-6	-1.117895762412448e-7	1.836453711523284e-6
122	8.025072515794343e-7	6.573484266629756e-6	2.5532269892791833e-6	6.244377835501622e-6
123	1.7243649978041785e-6	2.4613288904082708e-6	-1.9999249489713685e-6	-7.2629657815307034e-6
124	-2.107691810284021e-6	-8.37157613651254e-6	-1.011136158818884e-6	1.551660926739832e-7
125	-3.4523686646721665e-7	3.912107098766853e-6	2.947343785843708e-6	7.046410193572806e-6
126	2.528605050703092e-6	5.315470198521818e-6	-1.4133217787004275e-6	-6.293966078013336e-6
127	-1.48173105755941e-6	-7.898535488747224e-6	-1.9005058897248103e-6	-1.485308791762761e-6
128	-1.634735585092986e-6	7.254428961861695e-7	3.1040840196255044e-6	7.502448594093978e-6
129	2.8074975974150977e-6	7.24674316360902e-6	-6.40143239792845e-7	-5.0629458559613005e-6
130	-3.344162175554516e-7	-6.20660013765316e-6	-2.7080226678784425e-6	-3.005202365305128e-6
131	-2.7594029693457405e-6	-2.46193319182573e-6	3.0001903768391817e-6	7.597636009607461e-6
132	2.4346036025715144e-6	7.977765614003929e-6	2.6754894928359884e-7	-3.6387858124283983e-6
133	1.122041800192391e-6	-3.606799923807243e-6	-3.3724808785213443e-6	-4.32686582407136e-6
134	-3.437624056393474e-6	-5.137260645831671e-6	2.6392398346864503e-6	7.329388252779469e-6
135	1.4124903073733706e-6	7.426627867993052e-6	1.2504692753782726e-6	-2.093966960695864e-6
136	2.5892390117739318e-6	-5.543227132655697e-7	-3.847484528650919e-6	-5.3900759166162145e-6
137	-3.4600477746259533e-6	-6.885787061342446e-6	2.0361079504452413e-6	6.7177864594940815e-6
138	-1.0446378458693164e-7	5.738535683815095e-6	2.246133823128725e-6	-5.134424327719729e-7
139	3.7366756218269135e-6	2.443217026049506e-6	-4.0842860676249235e-6	-6.144529784158374e-6
140	-2.743739172985961e-6	-7.47142047287177e-6	1.21725912497004e-6	5.809776020216129e-6
141	-1.8417503596948248e-6	3.2307867878115627e-6	3.190649050754191e-6	1.0121157499773215e-6
142	4.287515047276452e-6	4.898769167170493e-6	-4.062579795708408e-6	-6.5588220007290895e-6
143	-1.3530955700157091e-6	-6.847686924965135e-6	2.3268807944937207e-7	4.659015477214057e-6
144	-3.4628963906250008e-6	3.524229877749382e-7	4.012107878704078e-6	2.4081464529528577e-6
145	4.065245342595895e-6	6.440659257350418e-6	-3.7670802137361047e-6	-6.620287783757517e-6
146	4.949531767538272e-7	-5.176132331190146e-6	-8.627789984468608e-7	3.3357765721539127e-6
147	-4.624312115038023e-6	-2.4093959950960414e-6	4.65641698467674e-6	3.6032084022766734e-6
148	3.0344349013230452e-6	6.863338268752821e-6	-3.2009363871798163e-6	-6.344825103223894e-6
149	2.4794823532945574e-6	-2.7875911413349517e-6	-2.0091602496591363e-6	1.9227807977094093e-6
150	-5.05528071845875e-6	-4.60739347725367e-6	5.070406468706311e-6	4.539779891198978e-6
151	1.3107607600167947e-6	6.165891991068454e-6	-2.379485577262207e-6	-5.757831677880551e-6
152	4.233267486911747e-6	-1.2119242327109588e-7	-3.1397403936633184e-6	5.025410763251931e-7
153	-4.606996794904972e-6	-5.912504787387127e-6	5.214774624844061e-6	5.170365374144428e-6
154	-8.357782270203121e-7	4.530655173559865e-6	-1.3502722164842593e-6	-4.905449640029967e-6
155	5.400081880219216e-6	2.3691869832903434e-6	-4.178010747673192e-6	-8.438138081793446e-7
156	-3.2892282572761934e-6	-6.169104857527553e-6	5.068458264244813e-6	5.482414596973954e-6
157	-3.0349744415757453e-6	2.28711349125383e-6	-1.619618027654432e-7	-3.85156679060216e-6
158	5.723028142127551e-6	4.280793949653016e-6	-5.055415122337486e-6	-2.047727157441034e-6
159	-1.2760412198194123e-6	-5.400690346636429e-6	4.617075055607069e-6	5.4741230765112455e-6
160	-4.8967438054307404e-6	-1.5090566351324898e-7	1.1230425276564163e-6	-2.667320605135071e-6
161	5.075021226152549e-6	5.3378207946031855e-6	-5.71321107528062e-6	-3.049422917389625e-6
162	1.1249683944450675e-6	-3.804013857482583e-6	3.878835928585776e-6	5.166984063654905e-6
163	-6.059365002290889e-6	-2.3562530796704693e-6	2.4296705815815217e-6	-1.4202374678514098e-6
164	3.507094667612216e-6	5.414540617646968e-6	-6.1012232518343375e-6	-3.8053663168300027e-6
165	3.5046461776934383e-6	-1.7119853214629957e-6	2.8860684113147274e-6	4.590512057382407e-6
166	-6.273482048090871e-6	-3.966419224527966e-6	3.683138779017708e-6	-1.8530503080568202e-7
167	1.2398834314202833e-6	4.568688726533494e-6	-6.185608978817685e-6	-4.284049776935547e-6
168	5.443642112823965e-6	4.814097270202514e-7	1.6850496633722435e-6	3.7869512986232672e-6
169	-5.445894153553601e-6	-4.752152099920399e-6	4.812146792529453e-6	9.682898677802968e-7
170	-1.3688025209865367e-6	3.015491227915277e-6	-5.94906077647188e-6	-4.471557310731984e-6
171	6.586221115634254e-6	2.378944126798101e-6	3.3453847734635443e-7	2.8122470750482607e-6
172	-3.667194484030695e-6	-4.631427225079379e-6	5.749437281431531e-6	1.9770524905809764e-6
173	-3.887379216705296e-6	1.084420476208038e-6	-5.397278602113893e-6	-4.3710543657733766e-6
174	6.702836575285109e-6	3.665620473040513e-6	-1.0935241083129185e-6	1.7328915823381264e-6
175	-1.19566798412302e-6	-3.7002466100756833e-6	6.433784852361437e-6	2.7876115781124873e-6
176	-5.881995808254698e-6	-8.471226067657524e-7	-4.549113896469787e-6	-3.994289072458456e-6
177	5.720508017162884e-6	4.161144219135424e-6	-2.5191881200124476e-6	6.167621840658831e-7
178	1.5784748684065029e-6	-2.1894679034895542e-6	6.821040743472609e-6	3.3534114311316387e-6
179	-6.998944040950958e-6	-2.4200757816258405e-6	-3.4479064198847947e-6	-3.3711390069022985e-6
180	3.7649109330733665e-6	3.832729878843698e-6	-3.868715857090542e-6	-4.650297403270681e-7
181	4.203018032447093e-6	-4.2401092155654035e-7	6.887543398251503e-6	3.646688143703691e-6
182	-7.022618795267019e-6	-3.3684910699780936e-6	-2.1462829330986204e-6	-2.548991460627733e-6
183	1.129745156429446e-6	2.8054017733852766e-6	-5.072572103962789e-6	-1.4433867566907931e-6
184	6.232824240929646e-6	1.2345032707607449e-6	6.625122438632003e-6	3.65692187932065e-6
185	-5.908694865517381e-6	-3.5612079410368703e-6	-7.026122868565646e-7	-1.5917014772151738e-6
186	-1.7676787778566394e-6	1.3328726092683649e-6	-6.062411517652755e-6	-2.25711445526319e-6
187	7.31576523428237e-6	2.4730989097475136e-6	6.039794854307644e-6	3.3922598326873826e-6
188	-3.8120612368259332e-6	-3.0106593874706195e-6	8.051443406455013e-7	-5.673238518618118e-7
189	-4.457692891068751e-6	-2.6434050845242903e-7	-6.785182930337123e-6	-2.8552329017637366e-6
190	7.249972909307577e-6	3.0726324024620586e-6	5.156781387609543e-6	2.8723950033803318e-6
191	-1.055956988367221e-6	-1.8812044366164338e-6	2.3007590174236532e-6	4.626225931363051e-7
192	-6.493707040711402e-6	-1.6462652143787415e-6	-7.201087392433967e-6	-3.1992445728438885e-6
193	6.026954506971074e-6	2.9479640477818014e-6	4.016194235861084e-6	2.1385083146172615e-6
194	1.923125836765134e-6	-4.414823483389589e-7	3.714823939364495e-6	1.4183757614990361e-6
195	-7.534354617075614e-6	-2.5385276830122054e-6	-7.291598243969179e-6	-3.264306006006345e-6
196	3.824855518138653e-6	2.1640027328283064e-6	2.670642301278153e-6	1.245794796995652e-6
197	4.644840294478642e-6	9.86193755969085e-7	4.972707682641704e-6	2.2317369433514573e-6
198	-7.389452014030971e-6	-2.7777292296103907e-6	-7.043260693531383e-6	-3.046185217228646e-6
199	9.879443460176018e-7	9.207582850017352e-7	1.1889819625329713e-6	2.550182164379907e-7
200	6.661362489876019e-6	2.0917497000875274e-6	6.0082156171388614e-6	2.8446139454891674e-6
201	-6.0770237992123444e-6	-2.3302429701174017e-6	-6.467186000556828e-6	-2.5705451878931995e-6
202	-2.0274689997274183e-6	-4.934379443451201e-7	-3.519186083930455e-7	-7.556903782580077e-7
203	7.641174257311028e-6	2.6389105825190994e-6	6.772729253162142e-6	3.2151084155014686e-6
204	-3.8013452271490615e-6	-1.3042744631411796e-6	-5.587309511170744e-6	-1.8717948771479948e-6
205	-4.7392809775433865e-6	-1.7605058224335719e-6	-1.8796076623950278e-6	-1.718274989240663e-6
206	7.4218490295158106e-6	2.5078526830728378e-6	7.224546852686069e-6	3.318179660434788e-6
207	-9.24909162222668e-7	6.684631433265218e-8	-4.451180142863635e-6	-9.95498880515694e-7
208	-6.707584742166954e-6	-2.5904032608256337e-6	-3.3168298025086272e-6	-2.5610472989527668e-6
209	6.035841309209318e-6	1.720510272837899e-6	7.3425898080440865e-6	3.1448096362343534e-6
210	2.0863369739012007e-6	1.46850278166547e-6	-3.1150465037792195e-6	6.344816877938697e-11
211	-7.616864482950744e-6	-2.7803531295916544e-6	-4.590331078013234e-6	-3.226794517927423e-6
212	3.7177637201314162e-6	4.4018446870700694e-7	7.11461739001179e-6	2.698749636796366e-6
213	4.747280712642214e-6	2.57280704822411e-6	-1.646925476300209e-6	1.0509569410575872e-6
214	-7.323494658120604e-6	-2.268159974307919e-6	-5.637490004143764e-6	-3.6639187031271515e-6
215	8.435045347279145e-7	-1.0559921296370726e-6	6.560214518388851e-6	2.005487289917578e-6
216	6.6390829334612166e-6	3.114590576753498e-6	-1.238782766855602e-7	2.083658854093735e-6
217	-5.889408209340716e-6	-1.1369146762774494e-6	-6.4045024888981395e-6	-3.837754041977697e-6
218	-2.118919124495306e-6	-2.432512952946937e-6	5.707178770773202e-6	1.107235243016001e-6
219	7.4584471535601775e-6	2.945730589140899e-6	1.3775375439464597e-6	3.0269211463118e-6
220	-3.5592798452101294e-6	3.91590125668912e-7	-6.854467101952584e-6	-3.7302423218612487e-6
221	-4.6904000733496685e-6	-3.3710407811169172e-6	4.606815271813737e-6	5.6251121813488855e-8
222	7.089406192727095e-6	2.064101645055735e-6	2.7733210179482658e-6	3.8140350187358463e-6
223	-7.260528499757467e-7	2.0051904367620056e-6	-6.967229461846103e-6	-3.3323341211365864e-6
224	-6.465664745473276e-6	-3.64072104105069e-6	3.321397489951532e-6	-1.08292469546372e-6
225	5.619783836277219e-6	6.026983766076409e-7	3.9953705916339885e-6	4.385065224638689e-6
226	2.1427425142702015e-6	3.354615562594139e-6	-6.749427537342055e-6	-2.661347752325244e-6
227	-7.17400267411767e-6	-3.1258325453006886e-6	1.923575210933295e-6	-2.2396275166501782e-6
228	3.3120569877343585e-6	-1.170576048494811e-6	4.984572412122503e-6	4.695533763383357e-6
229	4.582119075163926e-6	4.131958113836088e-6	-6.217075557704188e-6	-1.7496777670825598e-6
230	-6.728199846480464e-6	-1.8781546269218685e-6	4.845454726745313e-7	-3.339944693885725e-6
231	5.659035132589689e-7	-2.8979593081971412e-6	5.693301692690988e-6	4.712253737254158e-6
232	6.208196355879734e-6	4.1305206768352555e-6	-5.409936945340802e-6	-6.445114173300826e-7
233	-5.239765482379126e-6	-9.944798825022637e-8	-9.099593501471484e-7	-4.311702998663249e-6
234	-2.1632070737346868e-6	-4.218649612323851e-6	6.093435955864536e-6	4.423403905770256e-6
235	6.7890638324461424e-6	3.2850989448888396e-6	-4.384657105938608e-6	5.954677978152495e-7
236	-2.9866920072847624e-6	1.900752654667483e-6	-2.187598606202016e-6	-5.089999550703548e-6
237	-4.431577967624312e-6	-4.837313361132985e-6	6.178916906859152e-6	3.8329017141854835e-6
238	6.266217515738323e-6	1.6978268929564853e-6	-3.19887866899746e-6	1.9021477254560876e-6
239	-3.625876159938668e-7	3.7283950884947813e-6	-3.2908514085031524e-6	-5.61506299891698e-6
240	-5.885789532885814e-6	-4.574726164833024e-6	5.957998441360552e-6	2.956800611437068e-6
241	4.7702739015622e-6	-3.7675154038394205e-7	-1.9224512342941688e-6	3.1926658098007772e-6
242	2.1902674041346985e-6	5.015972282910216e-6	-4.165133188815562e-6	-5.839295772048907e-6
243	-6.32272583873618e-6	-3.415002622445058e-6	5.454405324279474e-6	1.8351584858869135e-6
244	2.589083514313851e-6	-2.57595152740114e-6	-6.293774739390375e-7	4.393083606526111e-6
245	4.2513544498093255e-6	5.47588566897601e-6	-4.772720304701868e-6	-5.739787611992082e-6
246	-5.714560494870721e-6	-1.5137926896826737e-6	4.709484785480272e-6	5.220834802310971e-7
247	1.1782009703397996e-7	-4.490425150223666e-6	6.087271882309321e-7	5.428840435865832e-6
248	5.499811119914012e-6	4.967065796750259e-6	-5.095759671058482e-6	-5.3036672283059685e-6
249	-4.216035547928553e-6	8.260612352662991e-7	3.7740526717819227e-6	-9.063710226538257e-7
250	-2.2216869343474708e-6	-5.736939917151713e-6	1.7288828800978385e-6	6.224184148710117e-6
251	5.7689006714513105e-6	3.5146781430896377e-6	-5.129002599583407e-6	-4.54025008138442e-6
252	-2.121969165737941e-6	3.1995218288710358e-6	2.702970199170892e-6	-2.3762146081137085e-6
253	-4.041637506289411e-6	-6.042160923041344e-6	2.673747675498942e-6	6.722252580415861e-6
254	5.067230709037703e-6	1.32953709323599e-6	-4.885096037061564e-6	-3.4749360227007076e-6
255	1.7507102018869722e-7	5.170254278720161e-6	1.5700161878314786e-6	-3.8030760703859195e-6
256	-5.054033703184083e-6	-5.300710883485512e-6	3.394520627362406e-6	6.880915624231847e-6
257	3.5700270710160997e-6	-1.2369497842146988e-6	-4.388518644410413e-6	-2.1649275901271076e-6
258	2.2650494981612294e-6	6.36332493881292e-6	4.36755134944379e-7	-5.101030564722302e-6
259	-5.13651832714419e-6	-3.5900753100012766e-6	3.861956056878866e-6	6.682378121329902e-6
260	1.5871662628423027e-6	-3.7449107141832645e-6	-3.6764469547787747e-6	-6.797099278038465e-7
261	3.803464209983502e-6	6.526816125661656e-6	-6.256980653129712e-7	-6.1877339692796055e-6
262	-4.331555630151595e-6	-1.1692022039358586e-6	4.05886304652462e-6	6.1286998835615566e-6
263	-5.039145157088741e-7	-5.751751743992748e-6	-2.805550857542166e-6	8.954981335966114e-7
264	4.549068173401193e-6	5.58479949240869e-6	-1.5551712750250608e-6	-6.996711490654479e-6
265	-2.8391272169473035e-6	1.5770002585120354e-6	3.988811802192786e-6	5.238297466822827e-6
266	-2.3155372507733325e-6	-6.883528507886331e-6	-1.83663814317774e-6	2.4831472255855332e-6
267	4.421657893026223e-6	3.6587512202528555e-6	-2.3002268577514664e-6	-7.482549568007315e-6
268	-9.804047744805558e-7	4.183036865256583e-6	3.667505851645655e-6	4.058538701891441e-6
269	-3.5409699698844767e-6	-6.911641457471682e-6	-8.351855758307069e-7	3.996209497540334e-6
270	3.5056308464120746e-6	1.0432163051023773e-6	-2.8241740715135866e-6	-7.614014118725938e-6
271	8.771466573084136e-7	6.199489995771204e-6	3.1265141105685313e-6	2.6491823030948243e-6
272	-3.995643499655166e-6	-5.794627756417151e-6	1.3116361755056854e-7	5.355006773708721e-6
273	2.03025067800003e-6	-1.8401842381399436e-6	-3.1010595359774046e-6	-7.378608073966156e-6
274	2.382762273977932e-6	7.263216208594598e-6	2.4115004843501327e-6	1.0779020390266845e-6
275	-3.6501464995597852e-6	-3.688945908297743e-6	1.0005111733785824e-6	6.4904804729018235e-6
276	3.1297103874472707e-7	-4.511280190073322e-6	-3.1209906366844507e-6	-6.782510852619141e-6
277	3.279017079351153e-6	7.168939585749979e-6	1.5763526163296217e-6	-5.816902205770138e-7
278	-2.624912355357135e-6	-9.26509501569085e-7	1.712955015587562e-6	7.340239259916541e-6
279	-1.2944319140764542e-6	-6.516587978143315e-6	-2.892703714767279e-6	-5.851536268344355e-6
280	3.4308365761180353e-6	5.906139867199209e-6	6.911437056814571e-7	-2.247519837197446e-6
281	-1.1656518874838318e-6	2.049505319299479e-6	2.2238969060318264e-6	7.8573705643059e-6
282	-2.4811673010067038e-6	-7.508973427241836e-6	-2.4458369430148233e-6	-4.629755106352292e-6
283	2.855011757917315e-6	3.6642703286269634e-6	-1.8088725507990075e-7	-3.83312652626199e-6
284	4.0357960502803463e-7	4.747055672375452e-6	2.507269948313944e-6	8.009670634775698e-6
285	-3.032020735520999e-6	-7.301606158759137e-6	-1.8182893873970179e-6	-3.1733858799904603e-6
286	1.7099330755115263e-6	8.03256981371127e-7	-9.808381203982749e-7	-5.255603158320896e-6
287	1.750159867735579e-6	6.715633411921786e-6	2.5453282611990395e-6	7.786865310848709e-6
288	-2.8623899931742096e-6	-5.921465926107764e-6	-1.0629716380278403e-6	-1.5533035324529377e-6
289	2.660066302847779e-7	-2.2170977235844873e-6	-1.6430387408004344e-6	-6.4438029112846294e-6
290	2.597807670528202e-6	7.626391039877209e-6	2.341766716717595e-6	7.203180478134976e-6
291	-2.0408563220625974e-6	-3.585358531083118e-6	-2.417332082051536e-7	1.4994088982165195e-7
292	-1.1454586507361868e-6	-4.901934614785297e-6	-2.124917504364893e-6	-7.34022851133873e-6
293	2.7839573774214754e-6	7.320318302505256e-6	1.924569320349911e-6	6.279221705812177e-6
294	-7.774959159503754e-7	-6.692226112831591e-7	5.789464325572034e-7	1.8524947583372981e-6
295	-2.2154087595660096e-6	-6.811762607051288e-6	-2.3941261690240744e-6	-7.89463860243372e-6
296	2.2864941740681767e-6	5.847169247011886e-6	1.3276778321189995e-6	5.056541450885286e-6
297	6.392687470198923e-7	2.3523949763884426e-6	1.3431290676819648e-6	3.4681487656435617e-6
298	-2.715346204862168e-6	-7.631241067797687e-6	-2.4319345527033833e-6	-8.080415882879626e-6
299	1.2240622826065264e-6	3.4540275085103057e-6	5.944285008862483e-7	3.597005544861868e-6
300	1.882400949177863e-6	4.988263655871637e-6	1.9952162216503835e-6	4.915062982666473e-6
301	-2.530542126182852e-6	-7.236736799769237e-6	-2.2322630011209234e-6	-7.8847843744519e-6
302	-1.5670572418142448e-7	5.307385757840797e-7	-2.2273223235625386e-7	1.97892225632463e-6
303	2.6687334779834554e-6	6.814767963870417e-6	2.4836409295412222e-6	6.119430724489919e-6
304	-1.7003639988000373e-6	-5.701690072912568e-6	-1.8111500517394239e-6	-7.3213630380124775e-6
305	-1.5415911131095726e-6	-2.4510199785519184e-6	-1.0678379011555302e-6	2.914417625693065e-7
306	2.816905370110964e-6	7.54451871798717e-6	2.7702138067829685e-6	7.021335597202605e-6
307	-4.0126252187039594e-7	-3.2882014742502764e-6	-1.19522712767353e-6	-6.421089855919318e-6
308	-2.6163697937357142e-6	-5.009039101633475e-6	-1.873913867446151e-6	-1.3829308659713824e-6
309	2.2713757885173273e-6	7.073631402026939e-6	2.8240184044652894e-6	7.581372274822495e-6
310	1.0897056986606815e-6	-3.9136110991851007e-7	-4.2184278930244156e-7	-5.236719801061081e-6
311	-3.12444999376557e-6	-6.737749802997002e-6	-2.5837196627058502e-6	-2.9616660244464075e-6
312	1.120334640391764e-6	5.493702259352349e-6	2.6342979025692203e-6	7.778091068137905e-6
313	2.4401262476666397e-6	2.5177121644662024e-6	4.616793949631426e-7	-3.8322519903824585e-6
314	-2.924887526683322e-6	-7.3667297183558035e-6	-3.1432493288963295e-6	-4.370731810447716e-6
315	-4.0658356798052047e-7	3.0797396967453694e-6	2.2060143836022196e-6	7.608800152659921e-6
316	3.342178806147892e-6	4.966764762426272e-6	1.3978825361614171e-6	-2.287086455514377e-6
317	-2.023015397630763e-6	-6.814127313720393e-6	-3.509029682812619e-6	-5.539126283187992e-6
318	-1.9995609176541304e-6	2.411273562166146e-7	1.5571868085913892e-6	7.087999158852998e-6
319	3.5751245640553337e-6	6.565949805526943e-6	2.3243226105685306e-6	-6.79826515893779e-7
320	-5.600248405884469e-7	-5.200953790303708e-6	-3.6370479732316228e-6	-6.416770882922001e-6
321	-3.3145962780797022e-6	-2.5520391083246595e-6	7.130213107092602e-7	6.2529366181988185e-6
322	3.0377983304742606e-6	7.075268393328598e-6	3.176292243755435e-6	9.111623566573781e-7
323	1.1919694031569845e-6	-2.8210464628567344e-6	-3.501706740921567e-6	-6.9694200621176705e-6
324	-4.053072770672141e-6	-4.850203227621733e-6	-2.784347334596759e-7	5.153110015595825e-6
325	1.7856363524124807e-6	6.446888690925341e-6	3.887123379407166e-6	2.403593560922456e-6
326	2.8823558170382345e-6	-8.047596429172299e-8	-3.0976190806496607e-6	-7.1741692462432385e-6
327	-4.016483403649194e-6	-6.292340835986002e-6	-1.351464695996731e-6	3.85358152600309e-6
328	2.0362027229662832e-8	4.818035899020252e-6	4.399486396262916e-6	3.7250444198359967e-6
329	4.1572931575914675e-6	2.563089772813641e-6	-2.440370541650235e-6	-7.029818873037349e-6
330	-3.1486481575591712e-6	-6.672362140393766e-6	-2.441944607027373e-6	2.4234357185142224e-6
331	-1.9402209907220733e-6	2.496421939395316e-6	4.668467139491088e-6	4.81458405917186e-6
332	4.727773030822134e-6	4.674399264639027e-6	-1.5522947946500124e-6	-6.552097619840256e-6
333	-1.5631694130051271e-6	-5.965394138166374e-6	-3.481653312927086e-6	9.367944139487541e-7
334	-3.7149825448414995e-6	-1.08092995862392e-7	4.656012897477404e-6	5.629085679816006e-6
335	4.42919220087178e-6	5.932150661166583e-6	-4.7336642060977817e-7	-5.788189534734034e-6
336	4.805882021782091e-7	-4.340404026091999e-6	-4.396080117919415e-6	-5.233541636658442e-7
337	-4.939322505669119e-6	-2.5590285132973945e-6	4.347816037698803e-6	6.1336778663942856e-6
338	3.255342249111206e-6	6.162181090740801e-6	7.28367363026045e-7	-4.7837811259833585e-6
339	2.6213230483462924e-6	-2.104467910110086e-6	-5.122802616053075e-6	-1.8841192162056115e-6
340	-5.345902726253932e-6	-4.451270468904531e-6	3.7544346774674473e-6	6.308210717145415e-6
341	1.3742937751872327e-6	5.377584250383501e-6	1.984443646539149e-6	-3.5921367615719058e-6
342	4.460675784575826e-6	3.3498734598919103e-7	-5.6067255573604814e-6	-3.077069840595721e-6
343	-4.8089594713430315e-6	-5.496753187437744e-6	2.8941557904740124e-6	6.157868324912342e-6
344	-9.121091206831104e-7	3.7602302583819745e-6	3.2240561842786332e-6	-2.2869655921788794e-6
345	5.639081586012975e-6	2.5588400250862947e-6	-5.808881798808758e-6	-4.046624801365848e-6
346	-3.3673336303074558e-6	-5.5631790528290125e-6	1.8064770834111616e-6	5.703956658359882e-6
347	-3.2137818460176505e-6	1.6363167487315238e-6	4.36945014901344e-6	-9.408757890744467e-7
348	5.903762565883913e-6	4.197119659387035e-6	-5.698892002766128e-6	-4.7487045017966574e-6
349	-1.2249513872593474e-6	-4.695106062938875e-6	5.434720086767195e-7	4.9809710053305165e-6
350	-5.114409567933356e-6	-6.051138923952898e-7	5.354851464495145e-6	3.670715685295732e-7
351	5.159348207131662e-6	5.002649538873422e-6	-5.2768581360720215e-6	-5.153747337933887e-6
352	1.2754784520086127e-6	-3.0954973512898865e-6	-8.29067293182199e-7	4.038039174422662e-6
353	-6.253505347804249e-6	-2.5665174086080476e-6	6.120943244304724e-6	1.5664266154075112e-6
354	3.480627312571035e-6	4.883531081538973e-6	-4.552734752808984e-6	-5.246420061899047e-6
355	3.7169874102387536e-6	-1.1002351578592095e-6	-2.2378467900886938e-6	2.9342902340871046e-6
356	-6.395553417274553e-6	-3.9123452773239135e-6	6.613978439933641e-6	2.5918634739364255e-6
357	1.1086806816398175e-6	3.923995147013213e-6	-3.55727155046542e-6	-5.032469124407348e-6
358	5.668643849631491e-6	9.089564564066782e-7	-3.6057788088553377e-6	1.7431799673401813e-6
359	-5.465933612442666e-6	-4.443447111050145e-6	6.800896600704762e-6	3.3886080303909304e-6
360	-1.578436802499571e-6	2.3555604589703972e-6	-2.331186911182046e-6	-4.541264051353645e-6
361	6.771876428080504e-6	2.5640020847673452e-6	-4.864839564412472e-6	5.483113742101235e-7
362	-3.579970576187081e-6	-4.1232102081134935e-6	6.657683001803312e-6	3.911685266686034e-6
363	-4.137487415640874e-6	5.176860984159064e-7	-9.269462133608585e-7	-3.812799855369062e-6
364	6.804677608872465e-6	3.581649794267226e-6	-5.943384252959338e-6	-5.752332910363051e-7
365	-1.0101077172654398e-6	-3.072421088245936e-6	6.180431212276305e-6	4.143131111385018e-6
366	-6.130211692417254e-6	-1.226310882703742e-6	5.810747734453826e-7	-2.9038864147447252e-6
367	5.717241123935172e-6	3.815190016214447e-6	-6.777794896371773e-6	-1.5605961265580175e-6
368	1.832708992524853e-6	-1.5456837749027778e-6	5.3869214200174584e-6	4.0807804583596815e-6
369	-7.19374784060992e-6	-2.545474524070268e-6	2.1167061965949636e-6	-1.883072164983886e-6
370	3.655070319521322e-6	3.2800147249876468e-6	-7.3161322600126266e-6	-2.3503611067841472e-6
371	4.4777441469114364e-6	1.1949625850484372e-7	4.311088899753204e-6	3.745275456098377e-6
372	-7.122822838172449e-6	-3.2106715716439436e-6	3.5981864823827462e-6	-8.276579276852465e-7
373	9.273641405100994e-7	2.136490100023221e-6	-7.520829189854097e-6	-2.904580325747213e-6
374	6.480906320034815e-6	1.5762228504195142e-6	2.9955211247235287e-6	3.1741217262969025e-6
375	-5.900389225884788e-6	-3.132241800902743e-6	4.955051542534792e-6	1.923536319936731e-7
376	-2.023546617840293e-6	6.626804310065836e-7	-7.379911768143267e-6	-3.200063479580869e-6
377	7.495841969191439e-6	2.534850949807045e-6	1.5015897283437507e-6	2.4160842362296887e-6
378	-3.7010923008634985e-6	-2.3749649041387265e-6	6.1165684285757235e-6	1.1112567748956249e-6
379	-4.719056015701275e-6	-8.093324167762686e-7	-6.888756837923009e-6	-3.2243883683933296e-6
380	7.336458899447162e-6	2.8281329559724665e-6	-9.78302140935542e-8	1.5303645385499964e-6
381	-8.63697295862149e-7	-1.1460794561897959e-6	7.015251269728045e-6	1.8717517533346234e-6
382	-6.716754357509477e-6	-1.9562564652149737e-6	-6.066604757438343e-6	-2.9842873068362607e-6
383	6.011023511955702e-6	2.4233788720341045e-6	-1.7179517304389305e-6	5.814323707745226e-7
384	2.156681448768297e-6	2.6631934518154947e-7	7.600110199786e-6	2.4253321000434895e-6
385	-7.682642626452024e-6	-2.5378411224180793e-6	-4.951099875347401e-6	-2.505283245638652e-6
386	3.7151246115913796e-6	1.4376649606816374e-6	-3.27999389180779e-6	-3.6388099178658714e-7
387	4.874680055439895e-6	1.5297869259469319e-6	7.83976270577672e-6	2.7361324290139483e-6
388	-7.45183768597234e-6	-2.440532790824082e-6	-3.593597573303894e-6	-1.8283951743116596e-6
389	8.083925626897678e-7	1.2116840680708423e-7	-4.703272186425687e-6	-1.2332534007426716e-6
390	6.854186088893286e-6	2.3508130696720456e-6	7.71732147016758e-6	2.7894037414384855e-6
391	-6.049310149091542e-6	-1.6975174371766827e-6	-2.0610675129817353e-6	-1.0117552236034958e-6
392	-2.244585809191285e-6	-1.2206732305573596e-6	-5.910061644545102e-6	-1.965001771462356e-6
393	7.76592413286069e-6	2.542621063775581e-6	7.232532916269762e-6	2.585322298796114e-6
394	-3.690343823275334e-6	-4.850180635377379e-7	-4.3399132870568743e-7	-1.1034343518482861e-7
395	-4.952743979064922e-6	-2.266058257151596e-6	-6.837879648068677e-6	-2.5120654368375593e-6
396	7.463277944370081e-6	2.052039798475657e-6	6.41445827163432e-6	2.138266140732581e-6
397	-7.508706778881385e-7	9.214876753718588e-7	1.2033567939591166e-6	8.133861395711602e-7
398	-6.883755587704763e-6	-2.760377739854765e-6	-7.4429605089363e-6	-2.8324028349995667e-6
399	5.99743256432383e-6	9.71988405364857e-7	5.30999717475805e-6	1.4805755929715797e-6
400	2.293155252100836e-6	2.1872211761488357e-6	2.7653983435537582e-6	1.687741019201536e-6
401	-7.725710652947115e-6	-2.556993777132444e-6	-7.698327276036238e-6	-2.8998594841541646e-6
402	3.6043549684379998e-6	-4.667980192092343e-7	3.976092542836507e-6	6.574681922782449e-7
403	4.951577403330964e-6	3.009572880354085e-6	4.180766264250523e-6	2.446590767141557e-6
404	-7.354195267955412e-6	-1.674517598749168e-6	-7.5997197752363956e-6	-2.7009583124591537e-6
405	6.777308390911487e-7	-1.9471655589628507e-6	2.4805024445722684e-6	-2.75567527106456e-7
406	6.801990041963053e-6	3.171309791945814e-6	5.3820177065452e-6	3.027975158198345e-6
407	-5.848857488312162e-6	-2.705644461441537e-7	-7.152214725978784e-6	-2.246172724028098e-6
408	-2.3027274579081307e-6	-3.1332033403027903e-6	8.991162494938106e-7	-1.2515759536985433e-6
409	7.563911486415425e-6	2.5857739831871185e-6	6.309010889916618e-6	3.3880817512771274e-6
410	-3.4658245016262777e-6	1.3751335914477638e-6	-6.387435936037815e-6	-1.562704717555568e-6
411	-4.8641716773044885e-6	-3.738445495613264e-6	-6.823639586227814e-7	-2.1997614141055747e-6
412	7.133921864755743e-6	1.3320659346045772e-6	6.91945415609172e-6	3.4942229448187113e-6
413	-6.007307859291676e-7	2.9231873449183854e-6	-5.346716320413729e-6	-6.944576981211816e-7
414	-6.606303157187401e-6	-3.5843233862906793e-6	-2.193005745629227e-6	-3.0443763016995157e-6
415	5.611788379925031e-6	-3.7804997189727166e-7	7.194440270822962e-6	3.324126176948962e-6
416	2.2711196986739763e-6	4.0361557292448444e-6	-4.089557040462025e-6	3.0694933412307034e-7
417	-7.2735255632767904e-6	-2.6380966567581444e-6	-3.55927358601719e-6	-3.7211019467288396e-6
418	3.2694648205165856e-6	-2.2238779294265254e-6	7.1320002587844215e-6	2.880820908946081e-6
419	4.700377402258894e-6	4.438384465039809e-6	-2.6820861417465415e-6	1.374786883836439e-6
420	-6.792369690181528e-6	-1.0266736619053362e-6	-4.7184667697808e-6	-4.180103931339587e-6
421	5.015569964441822e-7	-3.8433485035687974e-6	6.73977767273251e-6	2.1899985973726277e-6
422	6.312878653075833e-6	3.985571021719553e-6	-1.192020355654844e-6	2.438014420474702e-6
423	-5.277703877450646e-6	9.798207276321443e-7	-5.618637274737714e-6	-4.382850627179232e-6
424	-2.2304206741769965e-6	-4.885990812854524e-6	6.041750882070531e-6	1.2821952491799405e-6
425	6.87948203981639e-6	2.69400798075975e-6	3.0374795922836756e-7	3.4234709931257273e-6
426	-3.0053982454871697e-6	3.0207805571069e-6	-6.215173878989594e-6	-4.3007701856934745e-6
427	-4.495136434016518e-6	-5.096173105014186e-6	5.0784914968867734e-6	2.0970571748749993e-7
428	6.349691497834673e-6	7.45552976293889e-7	1.7234257857851004e-6	4.262580953387548e-6
429	-3.7018567884835194e-7	4.7032615837922295e-6	-6.487043781024544e-6	-3.9271271998239845e-6
430	-5.947661994133923e-6	-4.36057230477501e-6	3.912101360531955e-6	-9.713388734258782e-7
431	4.852344744471034e-6	-1.540407489010465e-6	2.9974467198221146e-6	4.900929497602023e-6
432	2.1833749020666386e-6	5.677300316503566e-6	-6.42768313430401e-6	-3.276287532562547e-6
433	-6.390992357508844e-6	-2.7443633882784745e-6	2.600490841837907e-6	-2.1831627067953624e-6
434	2.6764861464060185e-6	-3.7580471738996237e-6	4.065909299752185e-6	5.284859991234354e-6
435	4.245409233814586e-6	5.698970602436722e-6	-6.049007985469017e-6	-2.3766018683081318e-6
436	-5.8052654529455714e-6	-4.831568947302816e-7	1.2194014594097846e-6	-3.3530798045935e-6
437	2.1245885263927258e-7	-5.4931341990277116e-6	4.8751264311084685e-6	5.381649950600478e-6
438	5.50177548622826e-6	4.702436917346124e-6	-5.381066722426609e-6	-1.2704767060242156e-6
439	-4.338166565990973e-6	2.053301994598899e-6	-1.4645917174661898e-7	-4.412688647756489e-6
440	-2.1143473645237413e-6	-6.401258123709911e-6	5.384122072556136e-6	5.17471762998242e-6
441	5.80139244134615e-6	2.796074887923462e-6	-4.47242303622615e-6	-1.2590853684045362e-8
442	-2.292590593762079e-6	4.426934346931355e-6	-1.424500320184353e-6	-5.29434837579405e-6
443	-3.929996875767028e-6	-6.259860783416322e-6	5.583346954883186e-6	4.6580367928625825e-6
444	5.161207609042735e-6	2.58867865278489e-7	-3.38692923115004e-6	1.331316693708274e-6
445	-4.580666708416236e-8	6.211079959482921e-6	-2.545993147361916e-6	-5.935768239075373e-6
446	-4.96941287363773e-6	-5.027727645865593e-6	5.4726550577594015e-6	3.850860380533251e-6
447	3.7537744134173414e-6	-2.5017689386988468e-6	-2.191667490010047e-6	2.684330856410147e-6
448	2.0139900477998178e-6	7.054857443325895e-6	-3.453502342697724e-6	-6.2951872891060666e-6
449	-5.12294618019689e-6	-2.856694357300345e-6	5.066376334831821e-6	2.789886279137542e-6
450	1.871424381063849e-6	-5.0150981399967085e-6	-9.56328212696208e-7	3.971993103898181e-6
451	3.553542215648504e-6	6.763215070086545e-6	-4.103798213678812e-6	-6.3429459257784245e-6
452	-4.438617253874382e-6	-7.04366798940584e-8	4.4074407638177155e-6	1.5257934638384402e-6
453	-1.2632300061684196e-7	-6.840354437334185e-6	2.3794272461369766e-7	5.124082066056343e-6
454	4.357856048359973e-6	5.3221649951134675e-6	-4.470763829902135e-6	-6.063133819848735e-6
455	-3.1027188795372136e-6	2.889098565865097e-6	3.5454547778446083e-6	1.1660517368107629e-7
456	-1.8884165740592635e-6	-7.630692406187134e-6	1.3269823687280423e-6	6.070797349917313e-6
457	4.359264417160176e-6	2.916839405042476e-6	-4.547390178840791e-6	-5.4579344290518496e-6
458	-1.403634309231173e-6	5.524792963890982e-6	2.547636820249678e-6	-1.366498250025753e-6
459	-3.12845169690256e-6	-7.202319909428527e-6	2.2458218926460714e-6	6.751491719445277e-6
460	3.6339453194774575e-6	-9.102602596488578e-8	-4.3442378870085006e-6	-4.546052588704338e-6
461	3.200666525740026e-7	7.382161980509172e-6	1.4768106795313345e-6	-2.849604896677982e-6
462	-3.6833755220455574e-6	-5.569685243180247e-6	2.951363703391291e-6	7.123689127068683e-6
463	2.384160377836678e-6	-3.2252863892257956e-6	-3.884780213891237e-6	-3.3696780533951942e-6
464	1.7613026439231178e-6	8.118066285962145e-6	3.9940469309028267e-7	-4.252931716924975e-6
465	-3.528468940023709e-6	-2.9557831031276537e-6	3.408070853547409e-6	7.158277253173976e-6
466	8.897024610568653e-7	-5.965204730466854e-6	-3.209099171878686e-6	-1.9865550857234692e-6
467	2.6818222994048847e-6	7.56511591666295e-6	-6.14882441734711e-7	-5.497046354465459e-6
468	-2.7643545469531994e-6	2.425545074294943e-7	3.5967391787664194e-6	6.8380463417943685e-6
469	-5.393580401460131e-7	-7.844128247706315e-6	-2.3736090627380597e-6	-4.5527329334233144e-7
470	2.9615113570056247e-6	5.767322229818081e-6	-1.4959006664030492e-6	-6.515550368504174e-6
471	-1.6025550786585686e-6	3.514947175765853e-6	3.5094225463312497e-6	6.175540631729919e-6
472	-1.6294558289796534e-6	-8.521084031921272e-6	-1.4345785666497458e-6	1.1430020099273633e-6
473	2.6253838209000734e-6	2.981035706989547e-6	-2.19480145284681e-6	-7.243707440901404e-6
474	-3.240456525063215e-7	6.325047227722733e-6	3.164515528993983e-6	5.205596147909147e-6
475	-2.197914613069995e-6	-7.852367785846427e-6	-4.6159236039102406e-7	2.717332312391254e-6
476	1.8129299342358885e-6	-3.6490762648904106e-7	-2.670818173472802e-6	-7.638028440959193e-6
477	7.846341369469656e-7	8.20146262912465e-6	2.6018077307302577e-6	3.969522978833812e-6
478	-2.1843903673065024e-6	-5.912831881935408e-6	4.786432466536524e-7	4.194084361310945e-6
479	7.512667793638153e-7	-3.7341027704410467e-6	-2.9012361648648234e-6	-7.677744336958063e-6
480	1.5031480036900403e-6	8.812647164689566e-6	1.863812084135826e-6	2.527115498392554e-6
481	-1.6632216520957638e-6	-2.9909265296634314e-6	1.320814872009847e-6	5.494389120770415e-6
482	-2.918354298532473e-7	-6.577110697953334e-6	-2.870127228634313e-6	-7.358970629585808e-6
483	1.706037824971643e-6	8.039769170677675e-6	1.0050480380743133e-6	9.468718308822907e-7
484	-8.069594208189892e-7	4.577034437109424e-7	2.002207160980557e-6	6.552695008589684e-6
485	-1.0653408442361038e-6	-8.430375614004578e-6	-2.584203539601749e-6	-6.6964339096989776e-6
486	1.391946618288713e-6	5.987477726493428e-6	9.079460478435962e-8	-6.911594351754556e-7
487	1.4459469102507214e-7	3.882499844045867e-6	2.4789863613430063e-6	7.317172447596989e-6
488	-1.3995593926180761e-6	-8.974084148270067e-6	-2.066327115969831e-6	-5.721585543493393e-6
489	6.882999592267227e-7	2.9648097675314737e-6	-8.174006604258048e-7	-2.3000556261064343e-6
490	9.382386015893842e-7	6.7297507099568586e-6	2.7178440182335785e-6	7.738667736716834e-6
491	-1.229428366288033e-6	-8.110404665668516e-6	-1.3563669513378708e-6	-4.481658632119131e-6
492	-2.0825163340912633e-7	-5.456018267094108e-7	-1.651491079152102e-6	-3.797543382718419e-6
493	1.365915658819094e-6	8.538028416880125e-6	2.697384372776108e-6	7.80166617363193e-6
494	-6.106906401341072e-7	-5.970856198359679e-6	-5.031409042568205e-7	-3.0406804005171733e-6
495	-1.0494938478403872e-6	-3.982186842677798e-6	-2.3441413805801264e-6	-5.112804351867148e-6
496	1.3087686324526425e-6	9.012141791687996e-6	2.4165965597645055e-6	7.508989956476585e-6
497	2.859363014941618e-7	-2.895644606764865e-6	4.286361200425952e-7	-1.4730705352280383e-6
498	-1.5983366282552836e-6	-6.79538159550938e-6	-2.8367643339998294e-6	-6.186886413121487e-6
499	7.600125406101893e-7	8.074783923466737e-6	1.8878134667495554e-6	6.880204764306601e-6
500	1.2288713809083824e-6	6.292551314676784e-7	1.368288354130655e-6	1.4356477674104677e-7
501	-1.6813400610193946e-6	-8.536634507605444e-6	-3.0872540405104265e-6	-6.966104230845912e-6
502	-1.6641207596745623e-7	5.8772651731540205e-6	1.1513075022833855e-6	5.944755081899271e-6
503	1.9604420675962474e-6	4.031806930565816e-6	2.2454596855919584e-6	1.728589797345596e-6
504	-1.2291984371362954e-6	-8.92887819905828e-6	-3.0789421170205173e-6	-7.4124310270063125e-6
505	-1.2545925861560866e-6	2.784536754070101e-6	2.5703133806804444e-7	4.750009933835677e-6
506	2.2630994272070035e-6	6.766140839835015e-6	2.9933712099973136e-6	3.2061032112914424e-6
507	-2.9834998340206384e-7	-7.922640407345561e-6	-2.8049162904029234e-6	-7.509035015091058e-6
508	-2.2382829601340902e-6	-7.005231045755492e-7	-7.344224155644206e-7	3.3626266614875368e-6
509	1.9963296014286096e-6	8.40364210179166e-6	3.5534204452403995e-6	4.503355591272181e-6
510	9.298009705703812e-7	-5.697739588257429e-6	-2.272623899446163e-6	-7.258273777580715e-6
511	-2.857942738869439e-6	-4.007936424419525e-6	-1.7561122545833245e-6	1.8575616165085113e-6
512	1.153524831679388e-6	8.700725504346357e-6	3.8779797122092155e-6	5.556304594587992e-6
513	2.2003405820356876e-6	-2.640095089960028e-6	-1.510555813471164e-6	-6.674045204266366e-6
514	-2.9146087088383134e-6	-6.6131811377633395e-6	-2.736920368720206e-6	3.1263360036315304e-7
515	-1.4697554178642343e-7	7.641624384956383e-6	3.938445415668507e-6	6.313091351793186e-6
516	3.2219405926804545e-6	7.462858649753243e-7	-5.641834981783288e-7	-5.790930078797214e-6
517	-2.3126587532007075e-6	-8.122297051103482e-6	-3.605907588995561e-6	-1.194474673328472e-6
518	-1.6643348777754113e-6	5.427963805699814e-6	3.7206604605105186e-6	6.7425331619085146e-6
519	3.732009027852176e-6	3.909694403686376e-6	5.086802076371508e-7	-4.667992494999828e-6
520	-1.1023396957863275e-6	-8.326249523851654e-6	-4.304468384460703e-6	-2.582020315277039e-6
521	-3.099358166031801e-6	2.450960704632553e-6	3.231100208883233e-6	6.83135752753105e-6
522	3.55487103031133e-6	6.356142229882691e-6	1.6402229128771307e-6	-3.373840492907566e-6
523	5.390619353689546e-7	-7.232740224546716e-6	-4.778976461388407e-6	-3.78452334017081e-6
524	-4.149675298939703e-6	-7.897578540989245e-7	2.4867477423858138e-6	6.587224660746252e-6
525	2.6409300232033795e-6	7.718067515819434e-6	2.7670615271196443e-6	-1.9776037242762525e-6
526	2.3230141774015865e-6	-5.061394734696216e-6	-4.994782036149948e-6	-4.743497357316201e-6
527	-4.55546578145822e-6	-3.7659742084210923e-6	1.5188376844364349e-6	6.035105313387386e-6
528	1.089820641189143e-6	7.819193096376217e-6	3.821513940696063e-6	-5.615497505359276e-7
529	3.9163110961914715e-6	-2.20219811551168e-6	-4.919422059440263e-6	-5.418651605717133e-6
530	-4.162853496962278e-6	-6.017573400122404e-6	3.766991036424837e-7	5.2187028482723455e-6
531	-8.678664962134415e-7	6.6988336349694054e-6	4.733942725732406e-6	8.027168224968994e-7
532	4.997526685774215e-6	8.52945207501134e-7	-4.548069462520498e-6	-5.786838585834696e-6
533	-2.962113897903803e-6	-7.209671050877976e-6	-8.767639492810353e-7	4.194093808167177e-6
534	-2.9006800024040264e-6	4.590272045746567e-6	5.446604122831874e-6	2.040144367542193e-6
535	5.310769473290256e-6	3.600309110004494e-6	-3.888520888678868e-6	-5.840667771369141e-6
536	-1.1004526870040792e-6	-7.1986610974224204e-6	-2.1749035830895357e-6	3.024786870408602e-6
537	-4.64460135658813e-6	1.8889055339198946e-6	5.904028585723997e-6	3.0918934619573424e-6
538	4.724838712188381e-6	5.612745004929221e-6	-2.961253201780739e-6	-5.593031109519575e-6
539	1.1494211798140122e-6	-6.060390933774573e-6	-3.44434395446897e-6	1.7805834909787599e-6
540	-5.762453271330192e-6	-9.295592201586561e-7	6.065350687241608e-6	3.912090932465969e-6
541	3.264645772057604e-6	6.607832081588225e-6	-1.8069314791921983e-6	-5.074033071391103e-6
542	3.4112134483369282e-6	-4.044116849366887e-6	-4.610527220591632e-6	5.304072106825934e-7
543	-5.9946553397189195e-6	-3.4022154931671467e-6	5.906669881672806e-6	4.465434855802062e-6
544	1.1181339726190239e-6	6.484952883275985e-6	-4.839104972123634e-7	-4.32076968513162e-6
545	5.2884953833953265e-6	-1.5374611218482438e-6	-5.602852699912881e-6	-6.518379705243601e-7
546	-5.228061618610994e-6	-5.148813432846091e-6	5.4277530823266055e-6	4.728298363907167e-6
547	-1.393070707768565e-6	5.338165883614064e-6	9.390483821370352e-7	-3.3845360948414995e-6
548	6.42945607198524e-6	1.0161918613018092e-6	-6.360616265153952e-6	-1.7015267841548576e-6
549	-3.531947045253622e-6	-5.92954075623793e-6	4.645935373744529e-6	4.700626222387823e-6
550	-3.852680563751846e-6	3.4298618093533527e-6	2.3856705984919806e-6	-2.3332211330946338e-6
551	6.584094574241193e-6	3.184718476463767e-6	-6.8298218095008676e-6	-2.5599447504797368e-6
552	-1.1373788427452704e-6	-5.685388368613934e-6	3.5850273842891718e-6	4.404829690191026e-6
553	-5.839177964368728e-6	1.1387289823592988e-6	3.784787591000977e-6	-1.2399427611863212e-6
554	5.665104728648316e-6	4.639710529840885e-6	-6.976680022134014e-6	-3.1897536127043314e-6
555	1.5921826093054425e-6	-4.537156669528138e-6	2.297054152943324e-6	3.869424822362501e-6
556	-6.995973544423028e-6	-1.1207472935843768e-6	5.055992555236188e-6	-1.709883348413627e-7
557	3.771160338482009e-6	5.192275036777848e-6	-6.7830279579110294e-6	-3.560927308192785e-6
558	4.214151545240528e-6	-2.751113796497369e-6	8.448532067059697e-7	3.1342003598523783e-6
559	-7.083289745739274e-6	-2.964948357305435e-6	6.12668599544392e-6	8.091923644815238e-7
560	1.1691394497867458e-6	4.822585241198986e-6	-6.251522656692299e-6	-3.663868047891613e-6
561	6.287270666749354e-6	-6.927232013628284e-7	-6.936530269901001e-7	2.2565255749461173e-6
562	-6.0322932644005745e-6	-4.114528504701551e-6	6.936365751621089e-6	1.6413061420650304e-6
563	-1.7373198698762107e-6	3.673427491638406e-6	-5.4051671365511454e-6	-3.5080216248046214e-6
564	7.449668138651125e-6	1.2587748524010995e-6	-2.2478837589004573e-6	1.3077918903055987e-6
565	-3.974377576756434e-6	-4.429281570082181e-6	7.44226545410271e-6	2.2745689873757684e-6
566	-4.486218302771062e-6	2.0191612735569014e-6	-4.2790572741732835e-6	-3.1110085505316396e-6
567	7.476624618104135e-6	2.763524415069215e-6	-3.742656778274315e-6	3.534642891164637e-7
568	-1.2075002819214886e-6	-3.9264208961623404e-6	7.613707763702562e-6	2.6771068007130762e-6
569	-6.631614094422497e-6	2.05372859303607e-7	-2.922997428052968e-6	-2.5095659943368055e-6
570	6.321654624283217e-6	3.588490716496176e-6	-5.102843142371926e-6	-5.422717879410976e-7
571	1.849690021628688e-6	-2.7709130861327113e-6	7.436126583045026e-6	2.832124904740737e-6
572	-7.80857746536366e-6	-1.417795404334435e-6	-1.4001798268245364e-6	-1.7527079952108856e-6
573	4.131674002199177e-6	3.6428729124188907e-6	-6.256709858365329e-6	-1.3158361922001754e-6
574	4.710429479520039e-6	-1.250418234151356e-6	6.912998333330867e-6	2.7272555561231678e-6
575	-7.792200223336953e-6	-2.5565885165329392e-6	2.167089705025856e-7	-9.025052393879155e-7
576	1.228947504428372e-6	2.9888604659004586e-6	-7.141965927062442e-6	-1.9108568995462793e-6
577	6.914506890661216e-6	3.082623752796289e-7	6.063586098008103e-6	2.3840413986055726e-6
578	-6.549769179643401e-6	-3.0376012924346935e-6	1.8451888363391722e-6	-2.6501627872305282e-8
579	-1.9422607323717097e-6	1.8265133962094938e-6	-7.714826197207389e-6	-2.290074022150367e-6
580	8.093222388822491e-6	1.583816367460753e-6	4.929027972280855e-6	1.830830662602328e-6
581	-4.255209274923396e-6	-2.8150330761668607e-6	3.4094235401316626e-6	8.074658182206654e-7
582	-4.8809473757578604e-6	4.43308508898186e-7	-7.941233447266649e-6	-2.429247507865633e-6
583	8.031427951276011e-6	2.3401703876583812e-6	3.556936681372337e-6	1.1143689930433424e-6
584	-1.250657874180625e-6	-2.0070673063199875e-6	4.830933872466658e-6	1.537235696065504e-6
585	-7.1169058707986774e-6	-8.458094249050688e-7	-7.807194558646358e-6	-2.322037313828283e-6
586	6.713479469866576e-6	2.4589448336056503e-6	2.016498716558373e-6	2.9250072308266256e-7
587	1.9988766392270575e-6	-8.371703362665445e-7	6.041328482610851e-6	2.1088838461908788e-6
588	-8.275399521264797e-6	-1.7660804637851035e-6	-7.321413780006728e-6	-1.9739312992245544e-6
589	4.333538012299681e-6	1.9582355486791687e-6	3.8444559887816824e-7	-5.762920556193696e-7
590	4.9766746095282324e-6	4.04392149350703e-7	6.979589734712764e-6	2.4771200197021957e-6
591	-8.160081704458344e-6	-2.1332916721743273e-6	-6.506337276837772e-6	-1.4047656399270202e-6
592	1.258352966406592e-6	9.928544020564935e-7	-1.2641115653985976e-6	-1.4184937587762907e-6
593	7.210811816042766e-6	1.4238177271767094e-6	7.603379886726351e-6	2.607036199632621e-6
594	-6.775611761240367e-6	-1.8879930313524824e-6	-5.402532746877316e-6	-6.574515632057598e-7
595	-2.028914414796509e-6	-1.8401099906299714e-7	-2.8477520775067694e-6	-2.1697918894687795e-6
596	8.3328873268463e-6	1.9845704968553933e-6	7.879562957892675e-6	2.4832121252632884e-6
597	-4.339659827162521e-6	-1.104747769232409e-6	-4.065135815501142e-6	2.1033418711732394e-7
598	-5.007521170347367e-6	-1.2774507863238635e-6	-4.289225763226894e-6	-2.7714536055599555e-6
599	8.16404658574907e-6	1.9555590882157607e-6	7.79553539163831e-6	2.108688929960767e-6
600	-1.2346086552152554e-6	1.8592724105076473e-8	-2.5534553307073845e-6	1.1364197661778932e-6
601	-7.203456560686438e-6	-2.026876253305073e-6	-5.517379109638539e-6	-3.1755594395369173e-6
602	6.72861235864629e-6	1.3419825192328886e-6	7.357696663945152e-6	1.500869326180268e-6
603	2.047140043722338e-6	1.205761777595718e-6	-9.535046331510181e-7	2.05746564269375e-6
604	-8.26634707157748e-6	-2.2307021526034803e-6	-6.468094296943232e-6	-3.342881157087817e-6
605	4.260933715714328e-6	2.719498345600959e-7	6.596307644301201e-6	6.96870114923236e-7
606	4.9821288227339065e-6	2.1620940146017535e-6	6.52750489389056e-7	2.910386984119554e-6
607	-8.035851627713515e-6	-1.8047515562466165e-6	-7.10012549494827e-6	-3.250139163560845e-6
608	1.1622834606888728e-6	-1.0177365319886156e-6	5.555185954228666e-6	-2.543273490275388e-7
609	7.098539348452724e-6	2.6415882692204627e-6	2.183684254955283e-6	3.626727337037712e-6
610	-6.555885635079488e-6	-8.12477962157211e-7	-7.390918994196191e-6	-2.8858347278792607e-6
611	-2.0625635186869534e-6	-2.224514927798738e-6	4.288485093164805e-6	-1.296110226468089e-6
612	8.072076730626346e-6	2.481071140208946e-6	3.5665846981836724e-6	4.150440700522019e-6
613	-4.084645051892148e-6	5.548831901713516e-7	-7.33507286250428e-6	-2.259967000264775e-6
614	-4.900970646869074e-6	-3.043816636050134e-6	2.868666937358084e-6	-2.366983230177737e-6
615	7.770389728950528e-6	1.6550485025566442e-6	4.733160780084361e-6	4.435737794277222e-6
616	-1.0404784281261238e-6	2.010117588045747e-6	-6.943452295938241e-6	-1.401370801532226e-6
617	-6.899010304409867e-6	-3.250370058869313e-6	1.3746010178587465e-6	-3.397147210964692e-6
618	6.2632418340159915e-6	2.910550361166641e-7	5.629284106750916e-6	4.444853314315168e-6
619	2.0704867370251725e-6	3.226810574119785e-6	-6.246352420434625e-6	-3.5044301271141887e-7
620	-7.755070986023177e-6	-2.7295750702490375e-6	-1.1151887425943995e-7	-4.3122380756184265e-6
621	3.829532393745255e-6	-1.3570147293407794e-6	6.219208912034082e-6	4.156179680760302e-6
622	4.749913556095982e-6	3.9047935969396165e-6	-5.2911205966160325e-6	8.329660504346165e-7
623	-7.372150937160984e-6	-1.5197184954794947e-6	-1.514763402101161e-6	-5.044092016385132e-6
624	8.93959552049543e-7	-2.964959634145409e-6	6.488492446184883e-6	3.5765673198970934e-6
625	6.5816233205169405e-6	3.846702720960297e-6	-4.138396269911725e-6	2.080852350263652e-6
626	-5.850460868952188e-6	1.9106415570191868e-7	-2.770260818177689e-6	-5.533705097795755e-6
627	-2.051834625750396e-6	-4.18692703125607e-6	6.4397394792998e-6	2.7172796899850935e-6
628	7.298946510603226e-6	2.9876772573901033e-6	-2.8525337342978113e-6	3.321106467292957e-6
629	-3.4875608212633734e-6	2.10315385171717e-6	-3.819299306734129e-6	-5.7367364698381015e-6
630	-4.5293029856604326e-6	-4.73043331771891e-6	6.079714792644335e-6	1.6280361266216537e-6
631	6.8308981388752086e-6	1.4197633440288048e-6	-1.5094431268285546e-6	4.473683303566997e-6
632	-7.011514761639408e-7	3.8523659442089045e-6	-4.614318069067126e-6	-5.62611715419546e-6
633	-6.158064032480142e-6	-4.426167428486179e-6	5.4461078955988995e-6	3.5367966887449756e-7
634	5.308988968176946e-6	-6.158331201251187e-7	-1.8740968027940519e-7	5.466859168987832e-6
635	2.0286414173422277e-6	5.078658403779677e-6	-5.125588621967206e-6	-5.189225825208788e-6
636	-6.711810199643069e-6	-3.2515954556217354e-6	4.584246445577036e-6	-1.0368094168524148e-6
637	3.0460140252916822e-6	-2.7728192901292113e-6	1.0464693780230657e-6	6.23427961327419e-6
638	4.2607918796376394e-6	5.498038617107513e-6	-5.337031627389199e-6	-4.441128534736682e-6
639	-6.158971022192441e-6	-1.3476724793344152e-6	3.5496155782081184e-6	-2.4680980693316636e-6
640	4.54382108049894e-7	-4.653406147794115e-6	2.1305614702155023e-6	6.722350861931114e-6
641	5.650631257973801e-6	4.9622483472115395e-6	-5.251645220600158e-6	-3.4110341553078545e-6
642	-4.655454454217469e-6	9.89524446249158e-7	2.415921511853937e-6	-3.86352383057341e-6
643	-2.0116061725421403e-6	-5.878680666713161e-6	3.006739309047908e-6	6.894471580781116e-6
644	6.021263821608318e-6	3.492164706387713e-6	-4.888068838052222e-6	-2.141581992322374e-6
645	-2.522638747699364e-6	3.3646530379997453e-6	1.2542512301212122e-6	-5.145950672459518e-6
646	-3.9513459452271224e-6	-6.177408858041469e-6	3.6357520393468034e-6	6.7298155602431044e-6
647	5.377124484276992e-6	1.2874024522829174e-6	-4.286565481853806e-6	-6.919054899677783e-7
648	-1.6480108803597918e-7	5.352857198702435e-6	1.377188754355689e-7	-6.2438655823613565e-6
649	-5.0711437036209025e-6	-5.433609040653125e-6	3.99348621354865e-6	6.2199775585307736e-6
650	3.907425988462252e-6	-1.3113878612583588e-6	-3.5033288324381146e-6	8.719998202028645e-7
651	1.9962200380481865e-6	6.5778705470943325e-6	-8.690848559292019e-7	-7.089981575281009e-6
652	-5.237426107623769e-6	-3.710588814313045e-6	4.077601525602956e-6	5.374882286624037e-6
653	1.935502282355459e-6	-3.87214647093095e-6	-2.5940781704316582e-6	2.4674908543467166e-6
654	3.6020878451507092e-6	6.769792468244673e-6	-1.7119684809944308e-6	-7.630256058553799e-6
655	-4.5059298222325905e-6	-1.2455970086980616e-6	3.898611743848815e-6	4.230155802230331e-6
656	-1.4901479732216053e-7	-5.951682343223195e-6	-1.6263385947569533e-6	4.012791290915876e-6
657	4.421799114082771e-6	5.8455777926061684e-6	-2.345626643195774e-6	-7.83042281839525e-6
658	-3.0896145344319004e-6	1.5748748922324044e-6	3.4852889258650598e-6	2.8371636239206553e-6
659	-1.9650698909326136e-6	-7.1664478449518025e-6	-6.68290869050446e-7	5.430464048733097e-6
660	4.376108590264522e-6	3.9066624677947944e-6	-2.7383804135100814e-6	-7.66782411657229e-6
661	-1.3011331821550792e-6	4.283671740758588e-6	2.8839255377849236e-6	1.2622002897853531e-6
662	-3.2114067958229243e-6	-7.264529199547649e-6	2.1048191772539992e-7	6.639673603475457e-6
663	3.557976311551877e-6	1.2317092792462806e-6	-2.8809978820640626e-6	-7.134694520321762e-6
664	4.838701344792031e-7	6.424524485740193e-6	2.150207793550635e-6	-4.220064529329526e-7
665	-3.7127962576032083e-6	-6.188089532980896e-6	9.549184677181746e-7	7.573381665238715e-6
666	2.2010344085904316e-6	-1.7604388189297043e-6	-2.7837759343831897e-6	-6.250605048408704e-6
667	1.931704157823021e-6	7.618933415665232e-6	1.3466978597886458e-6	-2.133902586049522e-6
668	-3.449075188547971e-6	-4.0718249795304686e-6	1.523143356823961e-6	8.182607320451435e-6
669	6.186658264317507e-7	-4.584106367891332e-6	-2.470243721690346e-6	-5.057725083165439e-6
670	2.809150021063793e-6	7.638169487393176e-6	5.352584549458258e-7	-3.7862870698475137e-6
671	-2.5559143549940564e-6	-1.2296875535348013e-6	1.8837891212976509e-6	8.429773667508152e-6
672	-8.546629037997578e-7	-6.773595587453298e-6	-1.9771608820302387e-6	-3.609527553191233e-6
673	2.995551680033276e-6	6.438273748275434e-6	-2.2157930196579822e-7	-5.298796496201975e-6
674	-1.2703647913743022e-6	1.8974600345310152e-6	2.0203303618730422e-6	8.2943348937883e-6
675	-1.932259025529531e-6	-7.950457664564341e-6	-1.3487356018140118e-6	-1.969967943491851e-6
676	2.5216401402950517e-6	4.184526297836701e-6	-8.69844901979831e-7	-6.5929469544589655e-6
677	1.012332828471197e-7	4.802931230673861e-6	1.9336047714169673e-6	7.778114309229463e-6
678	-2.434831855953289e-6	-7.897897538789217e-6	-6.417277307164057e-7	-2.2216134074302473e-7
679	1.5501055260243684e-6	1.2145017362060947e-6	-1.360005536850909e-6	-7.603677962985515e-6
680	1.2543567415300003e-6	7.0200777476379486e-6	1.6405022654232696e-6	6.902874900081497e-6
681	-2.3008623342814926e-6	-6.598061618567016e-6	8.522060177665339e-8	1.5506793884538837e-6
682	3.3478373123775386e-7	-2.00563031458899e-6	-1.662306711711356e-6	-8.27755304581149e-6
683	1.9571500513644976e-6	8.169116868942821e-6	1.1666458732172187e-6	5.715095351594699e-6
684	-1.6095954929192338e-6	-4.236411287379953e-6	7.765130312833671e-7	3.2600543897055983e-6
685	-8.309009636052395e-7	-4.960062549903175e-6	-1.753364233341163e-6	-8.580881437056296e-6
686	2.0837747984336323e-6	8.049137724166587e-6	5.496863061979183e-7	4.2699627016462505e-6
687	-5.516970440406408e-7	-1.1780678919801631e-6	1.3730691113239741e-6	4.8243020983320635e-6
688	-1.6754624076033034e-6	-7.172802773619209e-6	-1.6266171654084487e-6	-8.49764457906045e-6
689	1.623760504730753e-6	6.669053514138033e-6	-1.5637201865443457e-7	2.6383096427526644e-6
690	6.053229015674637e-7	2.0883694702048746e-6	1.8241070684668486e-6	6.170753178000459e-6
691	-2.01004911698608e-6	-8.279864846819099e-6	-1.2879387564230002e-6	-8.037373789595336e-6
692	7.116956811508326e-7	4.238228457730615e-6	-8.958804819319621e-7	8.962421955974369e-7
693	1.57472415955656e-6	5.046242368243584e-6	2.0923584908546343e-6	7.230401846023686e-6
694	-1.7612282873530336e-6	-8.099529608496367e-6	-7.631352605828397e-7	-7.223687504876927e-6
695	-4.383090478370596e-7	1.1418634311148857e-6	-1.6059821342855252e-6	-8.707177758484613e-7
696	2.119352681272189e-6	7.2227595818271805e-6	2.1459621919754745e-6	7.95412648972278e-6
697	-9.785461870841584e-7	-6.659300481504779e-6	-8.360673130907697e-8	-6.097505930925111e-6
698	-1.5419661048167626e-6	-2.128015731984347e-6	-2.2304033844874326e-6	-2.5721556804134227e-6
699	2.092010645500809e-6	8.272389932851656e-6	1.9785996988755445e-6	8.310112734637828e-6
700	1.6331963092293935e-7	-4.1929025787298976e-6	7.009158165112409e-7	-4.718625477982761e-6
701	-2.325424017046368e-6	-5.049013020815596e-6	-2.7198072053257193e-6	-4.126561012459049e-6
702	1.4733431350420923e-6	8.035146920916678e-6	1.5875318711549407e-6	8.290918992369748e-6
703	1.4142278099144878e-6	-1.1001950755938638e-6	1.5386094383661614e-6	-3.1564970596277376e-6
704	-2.580806316210344e-6	-7.162709787000246e-6	-3.0237221937133596e-6	-5.463747807853809e-6
705	3.66276625430896e-7	6.5588832708270824e-6	9.858964415434767e-7	7.905454468853878e-6
706	2.4777557703922378e-6	2.126724787182556e-6	2.3646635564677027e-6	-1.4928990924024444e-6
707	-2.2046748396340395e-6	-8.143196867090897e-6	-3.105986404283485e-6	-6.523833503341994e-6
708	-1.0131772242532816e-6	4.0896553910090095e-6	2.06505712068876e-7	7.175906206941211e-6
709	3.088976650545444e-6	4.980477763038697e-6	3.1157648952346426e-6	1.9254424062443648e-7
710	-1.21692491702932e-6	-7.855200641473283e-6	-2.9479365205945097e-6	-7.262422568370529e-6
711	-2.3760081677020377e-6	1.034164767009314e-6	-7.053535141727654e-7	6.145518709816438e-6
712	3.063187565742279e-6	7.011836993335161e-6	3.7332267951411017e-6	1.8169669918992044e-6
713	2.1632421811915217e-7	-6.357724191198803e-6	-2.542868156068533e-6	-7.6517548994889e-6
714	-3.4059179573859303e-6	-2.119140517654925e-6	-1.6941659930644645e-6	4.874927115725629e-6
715	2.337428350633236e-6	7.911496899633722e-6	4.1674777470495245e-6	3.302699805882208e-6
716	1.8303513169885682e-6	-3.914707367870065e-6	-1.900035874863901e-6	-7.682575992310084e-6
717	-3.8465710353058244e-6	-4.863614452785652e-6	-2.700208846542343e-6	3.4309310614424006e-6
718	9.887892012292195e-7	7.565834881385718e-6	4.376697388541908e-6	4.581171743274356e-6
719	3.302944307506816e-6	-9.380743002531202e-7	-1.0442840497224235e-6	-7.357561339816152e-6
720	-3.5421597962532116e-6	-6.768829118761284e-6	-3.6567535708231125e-6	1.8864702736013889e-6
721	-7.683925390974475e-7	6.058696422358495e-6	4.329059177171333e-6	5.591979360071221e-6
722	4.302160995154306e-6	2.0866478377033337e-6	-1.689989035332351e-8	-6.705588425956106e-6
723	-2.470771369644445e-6	-7.562414239540219e-6	-4.496539644215784e-6	3.295862877393235e-7
724	-2.6157062151752867e-6	3.675537174569042e-6	4.006803271266989e-6	6.291119905815376e-6
725	4.579712036466677e-6	4.670780117878526e-6	1.127062767505146e-6	-5.776239686841669e-6
726	-7.691617007255522e-7	-7.156733771804044e-6	-5.1603214829591955e-6	-1.1616540127633847e-6
727	-4.198422156982092e-6	8.274231493505993e-7	3.4145775064201913e-6	6.658246171872655e-6
728	4.0112261043888725e-6	6.414639962180429e-6	2.3238894848612257e-6	-4.62369158094506e-6
729	1.296676520555747e-6	-5.664381173461413e-6	-5.600300134167062e-6	-2.5096944057714736e-6
730	-5.17380643396542e-6	-2.0148269618069815e-6	2.5690318707611083e-6	6.6833281416807175e-6
731	2.617314178047456e-6	7.08041993815306e-6	3.513446896669343e-6	-3.323002388063613e-6
732	3.3685852136640974e-6	-3.378540717497729e-6	-5.775986635030954e-6	-3.6499343696863695e-6
733	-5.3046483936829446e-6	-4.388539515558388e-6	1.5023827008643403e-6	6.384817852804683e-6
734	5.796175376146571e-7	6.617176413919911e-6	4.623355399799783e-6	-1.9470841950235495e-6
735	5.058333212897308e-6	-7.049605737639607e-7	-5.658888943507067e-6	-4.532727803305198e-6
736	-4.485864088072662e-6	-5.93856996654154e-6	2.653623976791075e-7	5.792101565699671e-6
737	-1.78118912732799e-6	5.163200782683002e-6	5.586691693857899e-6	-5.759409310392985e-7
738	6.01001451056487e-6	1.9075569325895263e-6	-5.239458446147565e-6	-5.124113427521806e-6
739	-2.7858318773315088e-6	-6.4672615637849475e-6	-1.0851016036362344e-6	4.954107016715216e-6
740	-4.065132771359445e-6	3.009943154769174e-6	6.341905835993892e-6	7.166046751147393e-7
741	5.998468049635166e-6	4.036840154623529e-6	-4.521026717612422e-6	-5.409799436564488e-6
742	-4.2869722546261807e-7	-5.952598589849069e-6	-2.483305050814735e-6	3.932732806110537e-6
743	-5.852422558169742e-6	5.493502467667188e-7	6.834539011347334e-6	1.8668027721901968e-6
744	4.9433046763307776e-6	5.366867948568876e-6	-3.520002801184564e-6	-5.3924136777799e-6
745	2.211353895963093e-6	-4.551557030159422e-6	-3.864046498369058e-6	2.7956644093277803e-6
746	-6.780704414337877e-6	-1.7915037981375598e-6	7.025114227822387e-6	2.8163792309636017e-6
747	2.952879837042128e-6	5.737907748252491e-6	-2.280239456705293e-6	-5.091203065498844e-6
748	4.688994990205766e-6	-2.5590027447462104e-6	-5.14644443605905e-6	1.6144908299990252e-6
749	-6.630088807911987e-6	-3.6352476958772676e-6	6.884263504137545e-6	3.5246283769914988e-6
750	3.041331026830627e-7	5.174120455545491e-6	-8.550067850325967e-7	-4.537257997134888e-6
751	6.5586864178862325e-6	-3.51720859534104e-7	-6.2520642111007255e-6	4.554896545029068e-7
752	-5.350651143151163e-6	-4.720260018104544e-6	6.40238353787262e-6	3.964969856785937e-6
753	-2.5885278799537725e-6	3.845991996374455e-6	6.871091193020967e-7	-3.776492559219855e-6
754	7.456303882728987e-6	1.6819807483740334e-6	-7.11519748282994e-6	-6.14855050352457e-7
755	-3.0902411614234214e-6	-4.930530072443443e-6	5.59125501305904e-6	4.125968641439434e-6
756	-5.2336415916510015e-6	2.0411312781657127e-6	2.273752713264665e-6	-2.8686136727182822e-6
757	7.166625900723598e-6	3.21178528858969e-6	-7.68474818885727e-6	-1.5335091580905895e-6
758	-1.802963330397373e-7	-4.315133874918855e-6	4.482752616071872e-6	4.016224090319981e-6
759	-7.162420632503559e-6	1.1719081804626695e-7	3.823160915061924e-6	-1.8815906096714308e-6
760	5.681383974644523e-6	4.022466910427708e-6	-7.91634435155771e-6	-2.2512050668252783e-6
761	2.919904993728133e-6	-3.064623648175577e-6	3.1166495494562886e-6	3.6564336119577832e-6
762	-8.016327431134992e-6	-1.5747451844598126e-6	5.253798485538312e-6	-8.83224555660309e-7
763	3.1866811972780252e-6	4.0492509263832235e-6	-7.785304822095119e-6	-2.7313227451422916e-6
764	5.695607196528712e-6	-1.465813676202516e-6	1.5563613234682138e-6	3.082045200458886e-6
765	-7.6013476932053645e-6	-2.7571899366406207e-6	6.48864997842213e-6	6.029153176191184e-8
766	5.823443463913626e-8	3.3761300073363693e-6	-7.290053006127328e-6	-2.9567901007508078e-6
767	7.664713032753883e-6	1.5017820737659333e-7	-1.1854550241494663e-7	2.3484708291800042e-6
768	-5.936169309858512e-6	-3.274828766359243e-6	7.454464952206472e-6	8.832362020178802e-7
769	-3.205032994044397e-6	2.2109030908531073e-6	-6.444274131986085e-6	-2.9256709399651343e-6
770	8.467952338128098e-6	1.477941399654189e-6	-1.8285828848226298e-6	1.5153308955637e-6
771	-3.25630397697135e-6	-3.112609088192575e-6	8.097246486806605e-6	1.5373203751407561e-6
772	-6.064802448720066e-6	8.335667164798843e-7	-5.283514814409327e-6	-2.654082192718237e-6
773	7.94087948723248e-6	2.3001519066344085e-6	-3.4880389926931015e-6	6.488922926765635e-7
774	3.4783121403160634e-8	-2.3866484909756707e-6	8.380683516732015e-6	1.9839211804709257e-6
775	-8.044243359492258e-6	-4.5720551038839724e-7	-3.866852430924622e-6	-2.169790628250249e-6
776	6.129354635080439e-6	2.5148198921192557e-6	-5.009123229796043e-6	-1.861046895162445e-7
777	3.4088419224984146e-6	-1.3125899981480165e-6	8.2832036780828e-6	2.1935551017979026e-6
778	-8.792257032109016e-6	-1.4089721171480598e-6	-2.2588853647847412e-6	-1.517590262416073e-6
779	3.3043966720659477e-6	2.1554758959509307e-6	-6.313734275094897e-6	-9.257536807574643e-7
780	6.315505943093773e-6	-1.6004202711608255e-7	7.807175060014855e-6	2.1601077981212015e-6
781	-8.162154302604301e-6	-1.861713580918776e-6	-5.413924282003804e-7	-7.564914557294658e-7
782	-9.707673274503222e-8	1.370447545112472e-6	-7.339445474498014e-6	-1.5110003113125714e-6
783	8.275865149563134e-6	8.078060017663406e-7	6.982661438035148e-6	1.8872371610097287e-6
784	-6.239181561351541e-6	-1.76681405724372e-6	1.2031121171158995e-6	5.0153034081463245e-8
785	-3.5297663902346314e-6	3.8451487890445215e-7	-8.03584421670221e-6	-1.8984348730430112e-6
786	8.962339621229595e-6	1.3844527617091878e-6	5.846319123151005e-6	1.4041262380037061e-6
787	-3.3198493202726075e-6	-1.2046772307440357e-6	2.8914474418317537e-6	8.356674636381669e-7
788	-6.44415082695575e-6	-5.491451298957737e-7	-8.368476354597835e-6	-2.061993045976208e-6
789	8.255522070786443e-6	1.4605488336748193e-6	4.453653591027943e-6	7.506562245538179e-7
790	1.3695044828870157e-7	-3.515391605530885e-7	4.4408933875187035e-6	1.5355979044619194e-6
791	-8.360947426070439e-6	-1.192595654772618e-6	-8.326934028283683e-6	-1.9846818094523776e-6
792	6.258011184764955e-6	1.0464552574302915e-6	2.8746696459248665e-6	-2.0374583528606076e-8
793	3.573920973706356e-6	5.54882239111792e-7	5.774365128379567e-6	2.093347662877551e-6
794	-8.981701580492679e-6	-1.3871279934034325e-6	-7.913992947787615e-6	-1.6705070675669137e-6
795	3.295603426262875e-6	2.7089581345799567e-7	1.1872694265396626e-6	-8.457334357010624e-7
796	6.44932483368513e-6	1.2693733977677196e-6	6.829110193202181e-6	2.4607239738163564e-6
797	-8.209821515825883e-6	-1.0859798217597657e-6	-7.148311678955512e-6	-1.1394341670655699e-6
798	-1.6039091850652633e-7	-6.576477477340281e-7	-5.289583890445875e-7	-1.6629596888484294e-6
799	8.302118807864318e-6	1.594293870430497e-6	7.5568789132568344e-6	2.600912778144807e-6
800	-6.174011493160137e-6	-3.5016673139087057e-7	-6.077281279673355e-6	-4.2482404806450726e-7
801	-3.5552035119883845e-6	-1.493429916089508e-6	-2.1860198310021806e-6	-2.4055543095193515e-6
802	8.850860848908228e-6	1.415053414182002e-6	7.931107072758155e-6	2.494987008820492e-6
803	-3.2153140356079966e-6	6.449245201531034e-7	-4.757053743486611e-6	4.213897206476305e-7
804	-6.353632467328933e-6	-1.9985936871231813e-6	-3.704974999099059e-6	-3.0111555476120684e-6
805	8.028973539646381e-6	7.356217161517342e-7	7.93764088403343e-6	2.139237167853818e-6
806	1.8872284617674995e-7	1.656999059250232e-6	-3.2573168783087153e-6	1.3414699749490127e-6
807	-8.120166618552855e-6	-2.012467120835561e-6	-5.010139805601221e-6	-3.4287346401909794e-6
808	5.990195894522531e-6	-3.15594448077075e-7	7.581805974528024e-6	1.5493713538307956e-6
809	3.4959549670384115e-6	2.4226018752531185e-6	-1.6579403056795352e-6	2.2733821684861425e-6
810	-8.594884712097078e-6	-1.47008970719708e-6	-6.042316082382948e-6	-3.620198401656165e-6
811	3.072557746540189e-6	-1.5214933059013137e-6	6.892971294145653e-6	7.603750911915727e-7
812	6.183098520514889e-6	2.7267292016461074e-6	-3.9325227829437664e-8	3.148959499325387e-6
813	-7.733859553268945e-6	-4.2848572270270996e-7	-6.758108228524234e-6	-3.5592871725089575e-6
814	-2.3655538597070922e-7	-2.6129467494112507e-6	5.9156356867435855e-6	-1.8894514733104685e-7
815	7.833734161314073e-6	2.4394655568007613e-6	1.5129077169616365e-6	3.902690339784111e-6
816	-5.706291806799364e-6	9.340574883194435e-7	-7.135622688445502e-6	-3.230283440964287e-6
817	-3.408656163505999e-6	-3.318577780938793e-6	4.709705684175937e-6	-1.246588179028378e-6
818	8.218008846641229e-6	1.5392619676536062e-6	2.9289476512704676e-6	4.480234890599894e-6
819	-2.8659848874172676e-6	2.3563430693607874e-6	-7.169726968075727e-6	-2.640465662718431e-6
820	-5.9413506281794435e-6	-3.4360280209658134e-6	3.345343627906803e-6	-2.3502873547656795e-6
821	7.317355829169472e-6	1.3815771804166232e-7	4.138298821605036e-6	4.829598808241346e-6
822	3.1241910917657274e-7	3.5322836867504826e-6	-6.86830276643629e-6	-1.8073050049064913e-6
823	-7.446673345591127e-6	-2.8532595018653456e-6	1.8957223538070426e-6	-3.4322159201800374e-6
824	5.3199677362939125e-6	-1.5320377703339827e-6	5.089095310006642e-6	4.9096517053515985e-6
825	3.3060280944698494e-6	4.178728706485274e-6	-6.260324346775691e-6	-7.676580037372556e-7
826	-7.732135424515174e-6	-1.5996362624816246e-6	4.4073044686759857e-7	-4.418285132170199e-6
827	2.593000393128809e-6	-3.1627670341188596e-6	5.741276454318161e-6	4.700125407311982e-6
828	5.645887843354949e-6	4.103734246734424e-6	-5.393197313917361e-6	4.25115618595224e-7
829	-6.803959463623163e-6	1.561792857164309e-7	-9.46274580560035e-7	-5.241552969254954e-6
830	-4.0339738920962576e-7	-4.4168051585177685e-6	6.082444664778542e-6	4.19216850879215e-6
831	6.98359256802085e-6	3.233505114707856e-6	-4.3281816347466905e-6	1.70951631061052e-6
832	-4.869307662288675e-6	2.1235642380797032e-6	-2.197301300283369e-6	-5.840592249212277e-6
833	-3.1769281756987787e-6	-4.999670753076775e-6	6.107836252783851e-6	3.402522383457351e-6
834	7.16214046844263e-6	1.6399622384486403e-6	-3.128441526059283e-6	3.0108082712702574e-6
835	-2.287415035695906e-6	3.947295666050764e-6	-3.2493810479054623e-6	-6.167404932629288e-6
836	-5.291980568618301e-6	-4.734701345719773e-6	5.8320558195345375e-6	2.357547042876798e-6
837	6.213373496818347e-6	-4.498534827221839e-7	-1.8642775060265759e-6	4.25354972653653e-6
838	4.923037015216395e-7	5.261444038748343e-6	-4.059042420740867e-6	-6.182763067897661e-6
839	-6.440680851689506e-6	-3.582268849724173e-6	5.287879823773596e-6	1.1046360029809763e-6
840	4.357447477905215e-6	-2.690336779313125e-6	-6.075957579772382e-7	5.360771357983969e-6
841	3.0147332819092056e-6	5.773933348792184e-6	-4.595392914517245e-6	-5.873103691260715e-6
842	-6.505229294301991e-6	-1.6703103885002362e-6	4.518748568283232e-6	-2.9543379343603407e-7
843	1.9455583083266066e-6	-4.683169080915618e-6	5.733257706246843e-7	6.269902505199569e-6
844	4.87844280946369e-6	5.3234437013938565e-6	-4.847053420124482e-6	-5.247079467692693e-6
845	-5.537893215200886e-6	7.217866044369322e-7	3.5798486340495417e-6	-1.7674106823065745e-6
846	-5.922330942019088e-7	-6.045846709158689e-6	1.618554852877667e-6	6.921565764897828e-6
847	5.820284705378248e-6	3.909522602465772e-6	-4.815048734844597e-6	-4.322435238555319e-6
848	-3.7707388827828892e-6	3.205271091410929e-6	2.533072456226034e-6	-3.2345526466576214e-6
849	-2.8280729138306805e-6	-6.4839260568145056e-6	2.477253938365026e-6	7.266076711606363e-6
850	5.757121853151325e-6	1.707468610623845e-6	-4.518085044932945e-6	-3.134894587050907e-6
851	-1.5541179185069082e-6	5.338083877027262e-6	1.446258441707473e-6	-4.618857672784155e-6
852	-4.4108307674204685e-6	-5.856778920921375e-6	3.1012453301039732e-6	7.274752237962094e-6
853	4.772177284583117e-6	-9.490958595499527e-7	-3.9838859724859195e-6	-1.7389891213945518e-6
854	7.122870372223321e-7	6.72599223346454e-6	3.872719622483646e-7	-5.850215524184368e-6
855	-5.1271235935189304e-6	-4.206875704607744e-6	3.469291075132674e-6	6.9423905763270355e-6
856	3.1054327566461356e-6	-3.6286548582705004e-6	-3.264860367717497e-6	-1.987043510865434e-7
857	2.6328483354245237e-6	7.089385192890116e-6	-5.764365244297668e-7	-6.8615125736161445e-6
858	-4.922144183263211e-6	-1.7538725523818348e-6	3.5746103694842228e-6	6.27025411489595e-6
859	1.1019412958731205e-6	-5.880501093083106e-6	-2.4149043746116e-6	1.4132794775463143e-6
860	3.905288976514164e-6	6.31143251880167e-6	-1.3914259665789668e-6	-7.596388828380599e-6
861	-3.919025745350737e-6	1.128782570591704e-6	3.423322838310019e-6	5.281270197750056e-6
862	-8.629678534718428e-7	-7.293491862575532e-6	-1.4934510878190282e-6	3.016572526975068e-6
863	4.371172153100306e-6	4.461763945220561e-6	-2.011688308118657e-6	-8.003434624108834e-6
864	-2.3649697924743142e-6	3.979292349592934e-6	3.042669623404143e-6	4.015818929842853e-6
865	-2.442247780631033e-6	-7.594198170644389e-6	-5.684840666446768e-7	4.531788258578147e-6
866	4.0217107359690816e-6	1.8000354492956516e-6	-2.4044296631657812e-6	-8.055110990002157e-6
867	-5.922127312866521e-7	6.3200104594732665e-6	2.465843416586618e-6	2.5294032202491722e-6
868	-3.389669400827732e-6	-6.6837977677627425e-6	2.910966526185873e-7	5.883629811550685e-6
869	3.0016014006722636e-6	-1.2640223246470184e-6	-2.547442145397097e-6	-7.73961117319191e-6
870	1.04995769956261e-6	7.73666546601163e-6	1.7408884447419618e-6	8.943756905627118e-7
871	-3.5929447436903735e-6	-4.662719252731895e-6	1.0301818991222245e-6	6.999093734612632e-6
872	1.5755593930289062e-6	-4.239364142609288e-6	-2.4461401927189703e-6	-7.069275202725313e-6
873	2.266244720964669e-6	7.970281453361798e-6	9.295602193435362e-7	-8.075282491032011e-7
874	-3.0924923546499598e-6	-1.8370497123269247e-6	1.5945025754278095e-6	7.819374654508434e-6
875	5.365333136139032e-8	-6.632433369071216e-6	-2.11408311450144e-6	-6.0693163142660075e-6
876	2.866408895140119e-6	6.94539060850323e-6	9.83697601555232e-8	-2.5039166230709163e-6
877	-2.0555941837913562e-6	1.3559325703612466e-6	1.9453692386839046e-6	8.302617786510289e-6
878	-1.2515383041895097e-6	-8.03676053851639e-6	-1.5809590387620798e-6	-4.7844683386990764e-6
879	2.7921855986528716e-6	4.801254028495737e-6	-6.873112027970343e-7	-4.110259748481465e-6
880	-7.510676762446973e-7	4.404023798376933e-6	2.0579884488008752e-6	8.416481846163967e-6
881	-2.0928754384620022e-6	-8.206859767791813e-6	-8.903970981017614e-7	-3.2733595722176584e-6
882	2.1273020763980473e-6	1.867307096131492e-6	-1.3623150325292513e-6	-5.54715496970762e-6
883	5.163159276518597e-7	6.8136888982765485e-6	1.9290160417211534e-6	8.15241331205846e-6
884	-2.332578246045635e-6	-7.099016132573219e-6	-1.0854819684316761e-7	-1.6068667659723356e-6
885	1.071283970553845e-6	-1.3969783558860586e-6	-1.8715348397072463e-6	-6.742961963447413e-6
886	1.4740481193347162e-6	8.188892679049324e-6	1.5677378566398764e-6	7.522354205803359e-6
887	-1.973063449989254e-6	-4.876369177312795e-6	7.021526325453084e-7	1.3242323463544234e-7
888	-1.0112243187791934e-7	-4.470449737816707e-6	-2.174120401920656e-6	-7.633854437422982e-6
889	1.928529420437744e-6	8.306332241991263e-6	1.0001737271131078e-6	6.558443636974284e-6
890	-1.1390966668998298e-6	-1.8882805050901536e-6	1.4799528705884094e-6	1.860318054912437e-6
891	-1.1115222799533484e-6	-6.8669431157004345e-6	-2.2492099246755833e-6	-8.175037815527396e-6
892	1.7980095874823676e-6	7.141852278876397e-6	2.7575821411953616e-7	5.306286866497778e-6
893	-5.8099751291192035e-8	1.3951933207993642e-6	2.1567281581783647e-6	3.491274610502767e-6
894	-1.71934149079224e-6	-8.203771971187213e-6	-2.0793852307733414e-6	-8.342573834194699e-6
895	1.1427606565148278e-6	4.881280019844528e-6	-5.574597614399392e-7	3.8285794271293395e-6
896	9.904545833070568e-7	4.450497816226167e-6	2.679082709325804e-6	4.942995274397676e-6
897	-1.7844337358609674e-6	-8.269875663871636e-6	-1.6709953797122129e-6	-8.13277113680952e-6
898	1.339457058033504e-7	1.8879829319263737e-6	-1.4385718734404269e-6	2.2027390806145635e-6
899	1.7449279559975703e-6	6.8035807288567416e-6	3.0031649464792733e-6	6.1485180982303115e-6
900	-1.2828336957544492e-6	-7.0744780851307664e-6	-1.042611727114693e-6	-7.562574627166964e-6
901	-9.787671083482277e-7	-1.3652878582152733e-6	-2.301368857669168e-6	5.08813666500797e-7
902	2.003938381743239e-6	8.090692089027396e-6	3.0925034808716473e-6	7.052261567416309e-6
903	-3.273721408810213e-7	-4.815891791201091e-6	-2.34572982187656e-7	-6.6639240221182415e-6
904	-1.9094342135902344e-6	-4.365058282888416e-6	-3.0787136634586908e-6	-1.1687304964034947e-6
905	1.6787730616211777e-6	8.119231917632323e-6	2.925920200805739e-6	7.6163816995866815e-6
906	8.632247647915092e-7	-1.8591264151637979e-6	7.098475052901865e-7	-5.489890671925442e-6
907	-2.4113994516153387e-6	-6.644901403141175e-6	-3.709439842285914e-6	-2.7464233526777798e-6
908	8.092680593570069e-7	6.905067648062564e-6	2.4963722161599892e-6	7.819678737086442e-6
909	2.007074173985739e-6	1.3199117164446773e-6	1.7303221010650382e-6	-4.10597377245454e-6
910	-2.329753195829413e-6	-7.855417958405599e-6	-4.140517375293497e-6	-4.143182648193155e-6
911	-4.4208154396715713e-7	4.667394027722896e-6	1.8180235416168e-6	7.662511674312631e-6
912	2.826224218117119e-6	4.22110546793677e-6	2.7573266469608104e-6	-2.5901851133413457e-6
913	-1.6223438274991863e-6	-7.833785939566752e-6	-4.32731849659228e-6	-5.300116136356707e-6
914	-1.8148024625324189e-6	1.7803742640764443e-6	9.201050698549274e-7	7.164690752410562e-6
915	3.089299031510459e-6	6.393364555830142e-6	3.716090784291517e-6	-1.012306351197919e-6
916	-3.8558251357927937e-7	-6.616278764508452e-6	-4.2344379987554785e-6	-6.171193512982491e-6
917	-3.001306351063195e-6	-1.2885243462611367e-6	-1.463304906732645e-7	6.362248846529877e-6
918	2.675623337814756e-6	7.513025265896356e-6	4.537089740432549e-6	5.422489877419812e-7
919	1.1620584075298075e-6	-4.426632077782644e-6	-3.853209920647812e-6	-6.723823772629924e-6
920	-3.717267303354351e-6	-4.0554096569503325e-6	-1.321421450390629e-6	5.306502071496653e-6
921	1.599474595448615e-6	7.438759150101044e-6	5.16228923411239e-6	1.9990043447362672e-6
922	2.715722254274604e-6	-1.6372392678007312e-6	-3.190551626417649e-6	-6.940521168420963e-6
923	-3.754915720839319e-6	-6.0877820372283545e-6	-2.5383543370687765e-6	4.055543176424268e-6
924	4.713875191961064e-9	6.217296155431542e-6	5.540678519756725e-6	3.2904887466145374e-6
925	3.945871309783176e-6	1.2930353486696446e-6	-2.2706324523811084e-6	-6.819340568692336e-6
926	-3.0218475443479735e-6	-7.092925225438209e-6	-3.7229466174397973e-6	2.67993735423619e-6
927	-1.8291336824308177e-6	4.085236538243372e-6	5.630789505281157e-6	4.353721708632531e-6
928	4.562007014801687e-6	3.893430747033348e-6	-1.134637670324973e-6	-6.382119986092288e-6
929	-1.5872246059231662e-6	-6.947267073468972e-6	-4.800086846904738e-6	1.2607137900359327e-6
930	-3.5543906888168463e-6	1.4156124299008366e-6	5.4104857633480385e-6	5.14328736010482e-6
931	4.3744538113355255e-6	5.758127491731255e-6	1.582190797832067e-7	-5.666047961732679e-6
932	3.4593009651723586e-7	-5.719667742191221e-6	-5.6970091848072225e-6	-1.2641748205259068e-7
933	-4.818886340384594e-6	-1.3429015947191053e-6	4.875642395749773e-6	5.6278297594583784e-6
934	3.336824590789623e-6	6.6180025073100105e-6	1.544350090539489e-6	-4.720604468078981e-6
935	2.44511125287331e-6	-3.657725690986941e-6	-6.3571207739645795e-6	-1.4129201283476389e-6
936	-5.333158602972281e-6	-3.7370783636219616e-6	4.036770223627472e-6	5.799922268563164e-6
937	1.5628399025881356e-6	6.38071952698012e-6	2.95030075504357e-6	-3.6098802901723435e-6
938	4.325831486327094e-6	-1.130882486336678e-6	-6.732009608904013e-6	-2.5291676564828196e-6
939	-4.93075374026427e-6	-5.3943508359785094e-6	2.9307579597746815e-6	5.662393389764127e-6
940	-6.782806058056951e-7	5.137636787433497e-6	4.296116700406767e-6	-2.4034910264726094e-6
941	5.610512450151128e-6	1.4229924448137472e-6	-6.784985371801717e-6	-3.421479944064329e-6
942	-3.606324750876273e-6	-6.081318080701632e-6	1.606398446403982e-6	5.2436193413854904e-6
943	-3.0115352747291786e-6	3.150538131527315e-6	5.5034058020845265e-6	-1.173969284038553e-6
944	6.022646661774633e-6	3.575610798692837e-6	-6.4978177492659994e-6	-4.0573836134825784e-6
945	-1.5287500628259981e-6	-5.732905783241249e-6	1.2919151950554318e-7	4.5877245519690615e-6
946	-5.0201217416605404e-6	7.903448131632908e-7	6.5019485452902415e-6	3.139900572796811e-9
947	5.418981095538666e-6	4.989967706408462e-6	-5.8734994062121135e-6	-4.413255603325377e-6
948	9.892134508559112e-7	-4.471029819376168e-6	-1.430820147364272e-6	3.74471917299213e-6
949	-6.314577596436735e-6	-1.5214249455392374e-6	7.2317779903618965e-6	1.0627415477993863e-6
950	3.831279203327955e-6	5.466117491880536e-6	-4.933002705253202e-6	-4.482905798808695e-6
951	3.525922463162128e-6	-2.5713543162400626e-6	-2.995362090706638e-6	2.7736486239700974e-6
952	-6.6207538583471636e-6	-3.3878073234898353e-6	7.648391950917345e-6	1.948610873726476e-6
953	1.4767227769646035e-6	4.9881023371237185e-6	-3.7139749530985337e-6	-4.2842809576838555e-6
954	5.631416448717319e-6	-4.0799407611118594e-7	-4.484864711060016e-6	1.7484359405547507e-6
955	-5.82611014195537e-6	-4.51247837995423e-6	7.718769030053422e-6	2.615271010224247e-6
956	-1.276066162429867e-6	3.7097069937636172e-6	-2.268374868010368e-6	-3.849902522845391e-6
957	6.9176760693754204e-6	1.6190445175708145e-6	-5.817813090204477e-6	7.31735161266703e-7
958	-4.005027211034518e-6	-4.761004235482568e-6	7.426712588450701e-6	3.041194887424429e-6
959	-3.977746398754967e-6	1.925819289013696e-6	-6.652161190441436e-7	-3.2224852909401048e-6
960	7.121311243657307e-6	3.1637996065392497e-6	-6.9230145792800665e-6	-2.109007442484158e-7
961	-1.4151874299911205e-6	-4.1577736865104744e-6	6.779513390454943e-6	3.2140256451382754e-6
962	-6.154087891215627e-6	-4.983473667902611e-9	1.019050339763637e-6	-2.450254994534165e-6
963	6.154971005834723e-6	3.983430429981043e-6	-7.741649641729928e-6	-1.0221325777554992e-6
964	1.5308078743082554e-6	-2.8832611042243476e-6	5.801612725148285e-6	3.1383097051826657e-6
965	-7.415724158118589e-6	-1.7191610630611372e-6	2.699032123515598e-6	-1.5960320439951345e-6
966	4.133709984667268e-6	3.992323477618579e-6	-8.227222408724896e-6	-1.6535246807885774e-6
967	4.349163500220256e-6	-1.2336262043735056e-6	4.531762633272041e-6	2.8314150028380456e-6
968	-7.5178170409739145e-6	-2.91431267074456e-6	4.2972776560281255e-6	-7.202845160137057e-7
969	1.3615939524904131e-6	3.2564152628590303e-6	-8.349493762508727e-6	-2.0721077433802287e-6
970	6.563092886384356e-6	4.4684160444332147e-7	3.028595081117628e-6	2.3264242111304597e-6
971	-6.399883920372349e-6	-3.4062288744089776e-6	5.732409422334383e-6	1.0515067486343587e-7
972	-1.7253938761993133e-6	1.986296639517957e-6	-8.0969462518992e-6	-2.2542154280545964e-6
973	7.781015761098432e-6	1.8232584297470984e-6	1.3644442917375332e-6	1.6672341979817084e-6
974	-4.217074180484971e-6	-3.157154106008467e-6	6.9313694322645135e-6	8.225660423211914e-7
975	-4.619705388713047e-6	4.85216170939909e-7	-7.474890396203549e-6	-2.202097445777002e-6
976	7.784401322257177e-6	2.643589699713375e-6	-3.8214254075721284e-7	9.150198380034093e-7
977	-1.3065615346349153e-6	-2.2849314241691016e-6	7.832038193625378e-6	1.3870635904876954e-6
978	-6.841468631674195e-6	-9.170199132618598e-7	-6.50444279209256e-6	-1.932839286125551e-6
979	6.546671556331067e-6	2.782985624945972e-6	-2.134265465027736e-6	1.3127696213143517e-7
980	1.8721348596161478e-6	-1.0293170194580551e-6	8.394216542652974e-6	1.7610207145182829e-6
981	-8.013874343456656e-6	-1.926999648176226e-6	-5.234752785897035e-6	-1.4658235971257507e-6
982	4.250369069876359e-6	2.268718823547767e-6	-3.8040788089542126e-6	-6.245690536354085e-7
983	4.801347070312465e-6	3.0272615548018746e-7	8.579991374389668e-6	1.9166872350477783e-6
984	-7.93223608596451e-6	-2.3516344733954548e-6	-3.7279321438186507e-6	-8.393547935722696e-7
985	1.250415229044711e-6	1.2656359310534107e-6	-5.303111422391109e-6	-1.2909648802937763e-6
986	6.998634931762052e-6	1.4062827779690568e-6	8.377566379249854e-6	1.8422086747971328e-6
987	-6.597459125721322e-6	-2.131107534796917e-6	-2.052073133753272e-6	-1.0416663342584932e-7
988	-1.9705143993310555e-6	4.081978682872925e-8	-6.561283038373338e-6	-1.815951115218943e-6
989	8.110068044400406e-6	2.0309720635209148e-6	7.79780951638577e-6	1.5422835619999603e-6
990	-4.228903121257601e-6	-1.3525933922757983e-6	-2.938902327176514e-7	6.742322481950405e-7
991	-4.889572112513852e-6	-1.107950130561217e-6	-7.5140181987635415e-6	-2.1553299030317808e-6
992	7.957866557333294e-6	2.0498976063810548e-6	6.875266889044873e-6	1.0343811491844775e-6
993	-1.1948183138617893e-6	-2.2752177051758602e-7	1.4591808547149131e-6	1.4390534712634137e-6
994	-7.03999452782774e-6	-1.900628783376242e-6	-8.118149528446322e-6	-2.2776557880459112e-6
995	6.565530916767176e-6	1.4714474048589444e-6	5.655411764884358e-6	3.5554000276376694e-7
996	2.016961132680061e-6	9.59451237422654e-7	3.1220027685134703e-6	2.12878640644401e-6
997	-8.08765218245234e-6	-2.1383169827538935e-6	-8.348944508686485e-6	-2.165128279575465e-6
998	4.168532115082929e-6	4.372312981570627e-7	4.2030513810602174e-6	-4.435936276600888e-7
999	4.8879360073292045e-6	1.91489300926451e-6	4.614427795108188e-6	2.6817377756015586e-6
1000	-7.878872706136772e-6	-1.7601103871746986e-6	-8.202204922788201e-6	-1.815539052575002e-6
1001	1.1497796958172664e-6	-7.972903793356156e-7	2.59317292364035e-6	-1.3034730490556057e-6
1002	6.971906001262751e-6	2.3944832037271844e-6	5.86463684665844e-6	3.0500764132321333e-6
1003	-6.458804521420016e-6	-8.353009540334711e-7	-7.68840573712453e-6	-1.2443971958425276e-6
1004	-2.009680608142002e-6	-1.9358069179245963e-6	9.074751681297888e-7	-2.1645923976216754e-6
1005	7.953766313329927e-6	2.255673904858579e-6	6.816968931616367e-6	3.197856160648441e-6
1006	-4.071111679041689e-6	4.392402837898535e-7	-6.843425952536789e-6	-4.845713187550195e-7
1007	-4.801962308183072e-6	-2.704689261189348e-6	-7.721705597064963e-7	-2.9629049293756528e-6
1008	7.694581813377654e-6	1.4952852839578202e-6	7.436390218306942e-6	3.096171184440254e-6
1009	-1.1064426231167648e-6	1.7859742201697626e-6	-5.713600768897203e-6	4.222978699803968e-7
1010	-6.792249443464826e-6	-2.8925052570773512e-6	-2.363575872817309e-6	-3.635090920431355e-6
1011	6.2672107031106524e-6	2.370088862177127e-7	7.693899064367882e-6	2.73504708378408e-6
1012	1.957222668313145e-6	2.8930604061609693e-6	-4.361771918576083e-6	1.4193288707723437e-6
1013	-7.693212036923873e-6	-2.4033887887039264e-6	-3.7895342355607795e-6	-4.11910117056116e-6
1014	3.9214307425965e-6	-1.2713817728866192e-6	7.587868335713215e-6	2.1283502754462326e-6
1015	4.632081283127807e-6	3.4915159174888845e-6	-2.859478980594189e-6	2.439577918011429e-6
1016	-7.391426819441893e-6	-1.27996441770496e-6	-4.981269649002455e-6	-4.376448296451948e-6
1017	1.0439139304928753e-6	-2.722317778470806e-6	7.131692974384593e-6	1.3057821031430908e-6
1018	6.509948433248516e-6	3.4059959355375375e-6	-1.292645291595445e-6	3.4160547176693777e-6
1019	-5.970774837007152e-6	2.906191694030923e-7	-5.880807216676229e-6	-4.3708274256542715e-6
1020	-1.8918430769537392e-6	-3.800265272643657e-6	6.359217544680489e-6	3.0420818488497444e-7
1021	7.317066334596649e-6	2.5853416139791973e-6	2.6127612488269133e-7	4.278362142201638e-6
1022	-3.6895946008518963e-6	2.024370052418122e-6	-6.458909646696709e-6	-4.0889042931666225e-6
1023	-4.418999252715053e-6	-4.251232542879944e-6	5.328536119148103e-6	-8.223619292808064e-7
1024	6.969118441949788e-6	1.1295509897792016e-6	1.7193540289608048e-6	4.968211604189271e-6
1025	-9.314652467994083e-7	3.5829149611421516e-6	-6.6958697066737534e-6	-3.532923260604753e-6
1026	-6.152389057849889e-6	-3.9214405227577765e-6	4.098456570260567e-6	-2.0162921770803427e-6
1027	5.563295793826748e-6	-7.319047678671144e-7	3.010025952487313e-6	5.433451229871962e-6
1028	1.8413190411354298e-6	4.644986570382268e-6	-6.5924115459432665e-6	-2.718929593883253e-6
1029	-6.84814667037281e-6	-2.805532048581933e-6	2.7438162358703467e-6	-3.2036148259876866e-6
1030	3.363413304904014e-6	-2.674954276606065e-6	4.068386416585836e-6	5.627643821226881e-6
1031	4.184804841798687e-6	4.96320455777925e-6	-6.165358186926033e-6	-1.6776694253349607e-6
1032	-6.4413335519122205e-6	-1.0440433491881058e-6	1.3384374534594772e-6	-4.309868477359691e-6
1033	7.538821165724231e-7	-4.340850554064593e-6	4.850943055121264e-6	5.527194556073318e-6
1034	5.739365836172092e-6	4.4167978676141885e-6	-5.459386379326046e-6	-4.611860382665816e-7
1035	-5.047692007299052e-6	1.086651981496774e-6	-3.662788811587209e-8	-5.268203971721342e-6
1036	-1.8203721371062372e-6	-5.396249752681654e-6	5.329295546408056e-6	5.124905454698458e-6
1037	6.296154077054492e-6	3.0328076786336765e-6	-4.524967868826195e-6	8.713000066612156e-7
1038	-2.940666112811123e-6	3.2255591142891383e-6	-1.3055980174362662e-6	-6.0194056422378785e-6
1039	-3.9425000498601006e-6	-5.606644699629237e-6	5.49457509705541e-6	4.425387042574786e-6
1040	5.813590180473361e-6	9.983976370975808e-7	-3.4218958983782938e-6	2.2505829220573977e-6
1041	-5.041728631873463e-7	4.996048234519263e-6	-2.4063507476411558e-6	-6.509689701989341e-6
1042	-5.28436208242053e-6	-4.87351023747319e-6	5.350517980515197e-6	3.4548772767099067e-6
1043	4.428777235559281e-6	-1.374160029299482e-6	-2.2233231326927095e-6	3.595056291595252e-6
1044	1.8368716102316579e-6	6.059041314093113e-6	-3.277064142698577e-6	-6.696438866412355e-6
1045	-5.668321888075275e-6	-3.2554745172876378e-6	4.917935670794713e-6	2.2516770126514094e-6
1046	2.4291625613527405e-6	-3.6977169728320535e-6	-1.0051743332065275e-6	4.835962801143477e-6
1047	3.694391593993423e-6	6.182662832128789e-6	-3.884038923072126e-6	-6.557492787682841e-6
1048	-5.090838292587003e-6	-9.73962134249154e-7	4.2422650456495745e-6	8.703183599871586e-7
1049	1.9116879787740793e-7	-5.574101882710075e-6	1.5787266011182602e-7	5.902993676452674e-6
1050	4.780304281439515e-6	5.285342103553089e-6	-4.205436429237014e-6	-6.0913970118511115e-6
1051	-3.7104875145553518e-6	1.626667314703149e-6	3.378069602687981e-6	-6.223777392265146e-7
1052	-1.8859979158671838e-6	-6.64835572817317e-6	1.1991041371935254e-6	6.734270770148705e-6
1053	4.964119853320345e-6	3.453604175911713e-6	-4.241439322322962e-6	-5.305752007010063e-6
1054	-1.827389371197592e-6	4.122569648915273e-6	2.391158819142159e-6	-2.1521212275357917e-6
1055	-3.4420437503801153e-6	-6.690054026025412e-6	2.0627906829399447e-6	7.272382792461922e-6
1056	4.274191260421936e-6	9.406240830331057e-7	-4.001079724638804e-6	-4.230618058093803e-6
1057	1.8729717211924946e-7	6.0842402816876985e-6	1.3491135566897283e-6	-3.635118769945207e-6
1058	-4.240922568086115e-6	-5.633032924052165e-6	2.7018627885318253e-6	7.481829406622864e-6
1059	2.9026534611627775e-6	-1.8567392288867962e-6	-3.5155350639099627e-6	-2.9180772492821628e-6
1060	1.9616639368984396e-6	7.1480392149286795e-6	3.218865015723037e-7	-4.993292577829831e-6
1061	-4.19610202584667e-6	-3.60370760116612e-6	3.0887410223425237e-6	7.346976130592546e-6
1062	1.1516528536034266e-6	-4.484724354664622e-6	-2.8323495226999718e-6	-1.428688766004947e-6
1063	3.1850400166902106e-6	7.095341004435652e-6	-6.251689070205085e-7	-6.157595993772402e-6
1064	-3.3862138558102567e-6	-8.956829890675046e-7	3.207769837643177e-6	6.863007243467505e-6
1065	-6.122754179808879e-7	-6.499881352048804e-6	-2.006878767450433e-6	1.6682683042298404e-7
1066	3.6681105679937687e-6	5.890571187353224e-6	-1.4289676462698674e-6	-7.063503415692365e-6
1067	-2.0310002238841954e-6	2.063380627493323e-6	3.063607239457158e-6	6.0516513219114735e-6
1068	-2.047617218621325e-6	-7.540807036334207e-6	-1.1011608836645342e-6	1.7873556252919586e-6
1069	3.38092385641208e-6	3.690894125418519e-6	-2.039518409879079e-6	-7.663624791304142e-6
1070	-4.390968730465206e-7	4.792704060054249e-6	2.6790460389761373e-6	4.944100881077243e-6
1071	-2.9033024233836913e-6	-7.39946709618061e-6	-1.8413551678025075e-7	3.3588130859251225e-6
1072	2.4462866394852166e-6	8.242352135623615e-7	-2.4218772609074363e-6	-7.922358110404857e-6
1073	1.0456318848278866e-6	6.8381085585049914e-6	2.0927075144542767e-6	3.589555218867718e-6
1074	-3.0476207031683513e-6	-6.06171183138998e-6	6.774315063343353e-7	4.798572980755667e-6
1075	1.1153978054382694e-6	-2.2582890170102918e-6	-2.552387951870734e-6	-7.821577201069355e-6
1076	2.1208536208335984e-6	7.839227153057307e-6	1.3496601159453032e-6	2.0601060811700363e-6
1077	-2.510167738314245e-6	-3.7175636965810564e-6	1.4241202382715634e-6	6.028583534388341e-6
1078	-3.0336477987338383e-7	-5.049885950081793e-6	-2.4321426139322642e-6	-7.362872821635502e-6
1079	2.5913796829412066e-6	7.602010740260021e-6	5.07453185212741e-7	4.3369891085759406e-7
1080	-1.4614034129344217e-6	-7.262488690491533e-7	2.0043903223114473e-6	6.988480253809526e-6
1081	-1.4881425492144462e-6	-7.092104196067861e-6	-2.078351686773746e-6	-6.571313732943367e-6
1082	2.3907909966377807e-6	6.144872011045069e-6	-3.650353604849238e-7	-1.2154578454295382e-6
1083	-1.6727746612695004e-7	2.4326650822355054e-6	2.3714492866492344e-6	7.63650639149739e-6
1084	-2.1882423437909433e-6	-8.029951918698391e-6	-1.5105529827749658e-6	-5.482918618080217e-6
1085	1.6028898378683689e-6	3.68652303477367e-6	-1.2028249385912046e-6	-2.8124701416283483e-6
1086	1.0645915835684184e-6	5.243665718220022e-6	2.4968746840355917e-6	7.941363318570986e-6
1087	-2.262235265553846e-6	-7.695487708153527e-6	-7.693969355193134e-7	-4.156710048350655e-6
1088	4.4238139404760325e-7	6.127739737072913e-7	-1.946560847411299e-6	-4.271260177019711e-6
1089	1.9366558711288796e-6	7.244115588267331e-6	2.3687886682037297e-6	7.887635991116194e-6
1090	-1.708705957966119e-6	-6.1327430327271126e-6	9.046821606048399e-8	-2.6592246147225475e-6
1091	-7.996938365509688e-7	-2.57912019139992e-6	-2.531654459690269e-6	-5.521569103277115e-6
1092	2.243455078322559e-6	8.099775355283065e-6	1.986690374945438e-6	7.479461140705146e-6
1093	-6.772821744401664e-7	-3.591469337078217e-6	9.999539448868818e-7	-1.057626283394654e-6
1094	-1.82117597762172e-6	-5.363714161886532e-6	-2.908045462050192e-6	-6.509225798778611e-6
1095	1.9171678195014175e-6	7.666700995527458e-6	1.3808302591626896e-6	6.743540575895741e-6
1096	5.749664502013977e-7	-4.813031381631664e-7	1.8899441165855903e-6	5.639392563519715e-7
1097	-2.365195672790726e-6	-7.287002365945684e-6	-3.040201413937854e-6	-7.187428126479738e-6
1098	1.0243820475356226e-6	6.019084071337539e-6	5.857891006015677e-7	5.721967545331609e-6
1099	1.7465433065012043e-6	2.686211662805854e-6	2.695694463251734e-6	2.1238797733121358e-6
1100	-2.2833244229131516e-6	-8.038013911902975e-6	-2.9073058814331563e-6	-7.5248823677879285e-6
1101	-2.3156896683078978e-7	3.4365671852509163e-6	-3.461474402416821e-7	4.464176889018112e-6
1102	2.547734361382965e-6	5.391677233626508e-6	3.3511728100272097e-6	3.551410377541755e-6
1103	-1.5698093526718157e-6	-7.5057520365868035e-6	-2.5092236725098778e-6	-7.516005891837656e-6
1104	-1.5617757155435719e-6	3.438039468565135e-7	-1.3522542306171543e-6	3.042831657440386e-6
1105	2.7708748226995183e-6	7.198423652280874e-6	3.801486156682631e-6	4.773468372795082e-6
1106	-3.594887358730582e-7	-5.7997846657148066e-6	-1.8658682259685032e-6	-7.165993504183472e-6
1107	-2.656472124686039e-6	-2.7442195463189743e-6	-2.360185749416659e-6	1.528227666857435e-6
1108	2.3138893466304903e-6	7.83685683566182e-6	4.004296053168628e-6	5.740665085387851e-6
1109	1.1084008242984998e-6	-3.222583363948782e-6	-1.0125165603650534e-6	-6.50019959468144e-6
1110	-3.2471342873306264e-6	-5.328963312018431e-6	-3.3018340594958652e-6	-3.208820567211631e-9
1111	1.2320612004785386e-6	7.22597720445095e-6	3.936003424850705e-6	6.407003553171091e-6
1112	2.510385628700717e-6	-2.0509721793914894e-7	6.010783906239599e-9	-5.559530268794326e-6
1113	-3.154959236625777e-6	-6.99665765610784e-6	-4.110562254070783e-6	-1.4710678105781748e-6
1114	-2.8585327234739637e-7	5.498514180962066e-6	3.586904218791831e-6	6.744141228712899e-6
1115	3.5298458139968474e-6	2.7484683021499532e-6	1.129786929006504e-6	-4.403408770399385e-6
1116	-2.34267608483515e-6	-7.509904286634354e-6	-4.722448548933347e-6	-2.8021405246825572e-6
1117	-1.9461166872772626e-6	2.970634458042063e-6	2.965779968086313e-6	6.750637083887305e-6
1118	3.920938790713967e-6	5.160804213258554e-6	2.292583386428394e-6	-3.096770491952035e-6
1119	-9.206946585621259e-7	-6.83090523178803e-6	-5.091680985750312e-6	-3.935100498013861e-6
1120	-3.4120700787254164e-6	8.305552783482453e-8	2.097730863211838e-6	6.43373603926851e-6
1121	3.5422348231833987e-6	6.665732304519487e-6	3.425513437483057e-6	-1.7116990022929601e-6
1122	8.772800327163316e-7	-5.115214586068352e-6	-5.181685779949463e-6	-4.812096072235369e-6
1123	-4.365249598489397e-6	-2.6853180100858996e-6	1.0227916716389207e-6	5.821644164170452e-6
1124	2.402986416714907e-6	7.057075883949811e-6	4.449981999688222e-6	-3.2279104672591616e-7
1125	2.7177938262840664e-6	-2.688793423561191e-6	-4.972978313238039e-6	-5.403624891925475e-6
1126	-4.5749504873699195e-6	-4.890380895157501e-6	-2.0306701523842075e-7	4.9637881721808946e-6
1127	6.669353742955083e-7	6.325684771014148e-6	5.301483202830815e-6	9.949426204057654e-7
1128	4.241949841860649e-6	2.161234829465706e-8	-4.459429229015921e-6	-5.686311835722933e-6
1129	-3.936327988738122e-6	-6.206587212124466e-6	-1.5222413224823984e-6	3.913962241831677e-6
1130	-1.3851536831302842e-6	4.6515836919197896e-6	5.925189269338622e-6	2.1714794867895336e-6
1131	5.140543840282143e-6	2.5603618435848486e-6	-3.659427173485637e-6	-5.6567153145711076e-6
1132	-2.504575290418009e-6	-6.469430305759181e-6	-2.8583681231215587e-6	2.7384653106138302e-6
1133	-3.3949896057633787e-6	2.3620008175767277e-6	6.271379798800378e-6	3.141578646594284e-6
1134	5.197076167010286e-6	4.52759349789712e-6	-2.602947965536371e-6	-5.333750020509329e-6
1135	-4.786040393703451e-7	-5.7016508003864116e-6	-4.128724014586053e-6	1.5124658367239435e-6
1136	-4.99026671700638e-6	-1.3186662719526e-7	6.303554538430936e-6	3.86801038338907e-6
1137	4.332356549254688e-6	5.636607585189167e-6	-1.3365962888395332e-6	-4.754236078571578e-6
1138	1.8140196860154039e-6	-4.0938830768509224e-6	-5.260246552199436e-6	3.0624761096378875e-7
1139	-5.852217326286522e-6	-2.4064701291342426e-6	6.004423693877279e-6	4.327476468156159e-6
1140	2.638254845171033e-6	5.767580635874635e-6	7.447510220719806e-8	-3.968343220882308e-6
1141	3.985724206881192e-6	-1.974199777936053e-6	-6.186257787865132e-6	-8.083934346011712e-7
1142	-5.7779664922224524e-6	-4.1069870233842775e-6	5.378970555671132e-6	4.503566472955023e-6
1143	3.5075862882404384e-7	4.974265118445563e-6	1.5614261909961837e-6	-3.028133256789261e-6
1144	5.654470165778407e-6	2.6616401592698037e-7	-6.850193922791492e-6	-1.7695195767942558e-6
1145	-4.7155829566905205e-6	-4.997353599427868e-6	4.447328359600003e-6	4.399021837920841e-6
1146	-2.1698792592567526e-6	3.457163516408206e-6	3.044955495940588e-6	-1.9978481082641224e-6
1147	6.495283913768033e-6	2.2520299908510245e-6	-7.2036044182474646e-6	-2.5348058918111765e-6
1148	-2.782677730195751e-6	-4.998728214349821e-6	3.2517615373975474e-6	4.036711217001528e-6
1149	-4.50099257802678e-6	1.530546473939353e-6	4.441793538750084e-6	-9.451877684155163e-7
1150	6.308004300686352e-6	3.6763877516432853e-6	-7.216421474126402e-6	-3.070801630611246e-6
1151	-2.566880014273741e-7	-4.185161429668649e-6	1.8512858786243363e-6	3.4571745742242477e-6
1152	-6.240956257703441e-6	-4.4347352035049847e-7	5.677253150596908e-6	6.209624998273716e-8
1153	5.070206362311829e-6	4.3384204383837445e-6	-6.8757420762638235e-6	-3.353294501165334e-6
1154	2.4651605158241242e-6	-2.7617103911878493e-6	3.106382442366041e-7	2.704639439031068e-6
1155	-7.0636998283134255e-6	-2.1264334713353044e-6	6.682900952936017e-6	9.639814061114364e-7
1156	2.9279718709899867e-6	4.192159574876807e-6	-6.195163019188932e-6	-3.3738362877377172e-6
1157	4.937775244338362e-6	-1.0288162723413201e-6	-1.2968375014397812e-6	1.8401514213213449e-6
1158	-6.779045593326738e-6	-3.2445413348332367e-6	7.401980710027296e-6	1.700635633629372e-6
1159	1.9500234456148328e-7	3.335755734205586e-6	-5.201534558184566e-6	-3.14036924236623e-6
1160	6.7395121368864585e-6	6.671456900369244e-7	-2.8874736570282913e-6	9.290417499857012e-7
1161	-5.3855116788073e-6	-3.6472657229708177e-6	7.789108572068714e-6	2.234088161308643e-6
1162	-2.699509016576076e-6	1.9921320816580995e-6	-3.941857088146746e-6	-2.687201560976833e-6
1163	7.5420331200131864e-6	2.0233075055865896e-6	-4.378895272453817e-6	3.3534613857501554e-8
1164	-3.063353733952589e-6	-3.3306930032634974e-6	7.822605696976345e-6	2.5354798278708836e-6
1165	-5.286428856144823e-6	4.5927795153054803e-7	-2.4717837280512405e-6	-2.0545631237809974e-6
1166	7.165788635055663e-6	2.8173938907777655e-6	-5.6974967403619225e-6	-7.818526413235322e-7
1167	-1.5225736219290077e-7	-2.4252376889189088e-6	7.49536628143034e-6	2.5903170779056082e-6
1168	-7.130493991708977e-6	-9.488325752736444e-7	-8.600229841880358e-7	-1.2971366991993694e-6
1169	5.630094363589537e-6	2.946549645368462e-6	-6.775379416615086e-6	-1.4623314946695025e-6
1170	2.8837168081373976e-6	-1.1582519665838696e-6	6.816591544474162e-6	2.4041058105454453e-6
1171	-7.899272617778594e-6	-1.9670699546139306e-6	8.136326004047176e-7	-4.7467804966592944e-7
1172	3.1503510645277776e-6	2.447446186614419e-6	-7.5537355282883126e-6	-1.9615219108898223e-6
1173	5.551285088393385e-6	1.7873133636708032e-7	5.819061908141352e-6	1.9959163692229986e-6
1174	-7.432278284582887e-6	-2.4236491824603686e-6	2.4652533467214204e-6	3.5375991448462007e-7
1175	9.797799979178546e-8	1.4749777551357984e-6	-7.99549103908287e-6	-2.240049273505384e-6
1176	7.410145311272012e-6	1.2937098342069294e-6	4.5487095849402246e-6	1.4000388774790465e-6
1177	-5.77586416513361e-6	-2.2592966372669633e-6	4.014491922904057e-6	1.1224456044182004e-6
1178	-3.0353144477053285e-6	2.773749263788022e-7	-8.077578439128126e-6	-2.2762729766676203e-6
1179	8.132609967167963e-6	1.9620125258355913e-6	3.0696276572379994e-6	6.648330213300002e-7
1180	-3.172245085149745e-6	-1.5561259814597866e-6	5.385570667213455e-6	1.7682974561787739e-6
1181	-5.74465657469311e-6	-8.602794029496681e-7	-7.79419909434864e-6	-2.0699823164369283e-6
1182	7.5797922939168265e-6	2.058950666728471e-6	1.4527611698194486e-6	-1.5007252607960445e-7
1183	-2.4944839831572833e-8	-5.081663220542566e-7	6.511986267887812e-6	2.243822038786936e-6
1184	-7.586326899680677e-6	-1.672487930253656e-6	-7.157847326872031e-6	-1.64308147334801e-6
1185	5.824408915838011e-6	1.5821339912604e-6	-2.244543522913299e-7	-9.85311900035171e-7
1186	3.1604827471691667e-6	6.241109682842362e-7	7.336515772152774e-6	2.5077739264869737e-6
1187	-8.248474839376375e-6	-1.981327634687082e-6	-6.201695449506686e-6	-1.0215236637403183e-6
1188	3.133698603898335e-6	6.646021326699871e-7	-1.880471738651573e-6	-1.773342454980184e-6
1189	5.867523500711666e-6	1.5652291579721938e-6	7.82553895560523e-6	2.531773021549852e-6
1190	-7.607630234086378e-6	-1.7136377624157746e-6	-4.973447324994595e-6	-2.450712754428394e-7
1191	-6.908058706804239e-8	-4.6725671076156626e-7	-3.437189254574662e-6	-2.453529024155864e-6
1192	7.655654858912689e-6	2.080780251021839e-6	7.952040699905373e-6	2.3122168333319916e-6
1193	-5.763195624891118e-6	-9.23903311265535e-7	-3.534187454011389e-6	6.279967078670953e-7
1194	-3.2545590039745107e-6	-1.5407210890463135e-6	-4.8112612068636205e-6	-2.969856512150452e-6
1195	8.224742692883846e-6	2.028956853207424e-6	7.71157678639081e-6	1.8558799311346552e-6
1196	-3.0152567219326428e-6	2.1233442495997783e-7	-1.959868315341462e-6	1.5407784658675354e-6
1197	-5.904796429695289e-6	-2.286174139804856e-6	-5.939093804925222e-6	-3.2739120377272155e-6
1198	7.491428102220434e-6	1.391286777266968e-6	7.1260537741507664e-6	1.1820840725655462e-6
1199	1.8411183745322985e-7	1.4346620694551529e-6	-3.3008572188191117e-7	2.428009788173403e-6
1200	-7.592821187917273e-6	-2.4981593090816965e-6	-6.7690719574631855e-6	-3.336563022805376e-6
1201	5.581084640169165e-6	2.7983614952724376e-7	6.225605361896025e-6	3.3221955371201384e-7
1202	3.3091568913617487e-6	2.451273264938257e-6	1.273514407371153e-6	3.2201072312739275e-6
1203	-8.051592772901348e-6	-2.082827601090885e-6	-7.262918679682267e-6	-3.141396507150836e-6
1204	2.8238734310327777e-6	-1.0789066503999318e-6	5.062255697871001e-6	-6.434052025963838e-7
1205	5.846925787695647e-6	3.0037080360191837e-6	2.767006114498622e-6	3.855560885093473e-6
1206	-7.230971737548048e-6	-1.0732325142055706e-6	-7.400976680281865e-6	-2.6874662542663917e-6
1207	-3.1416477405273384e-7	-2.389456786612128e-6	3.7037361224797156e-6	-1.684594296420769e-6
1208	7.39960230286385e-6	2.912670804942263e-6	4.073261059431906e-6	4.2836951509373645e-6
1209	-5.288692826998578e-6	3.506648995696046e-7	-7.186582105555418e-6	-1.990253986831691e-6
1210	-3.320293078723061e-6	-3.3420137513257913e-6	2.2243093006582406e-6	-2.7245214863829132e-6
1211	7.740944069307403e-6	2.1359867523513126e-6	5.137365153341859e-6	4.463669897893046e-6
1212	-2.5691032140527427e-6	1.9178807644958683e-6	-6.643120376039222e-6	-1.0821843897029999e-6
1213	-5.7048718004463055e-6	-3.6943343121087013e-6	7.051926791255965e-7	-3.6948068795609868e-6
1214	6.845171119717527e-6	7.643549799210592e-7	5.909192589857502e-6	4.369506823219023e-6
1215	4.617469932613402e-7	3.306124960354934e-6	-5.806611334948868e-6	-6.934140731697531e-9
1216	-7.097973704168798e-6	-3.303432508478869e-6	-7.694894597507107e-7	-4.526317674982484e-6
1217	4.901457640403972e-6	-9.686914755290623e-7	6.35351034916068e-6	3.99006261563959e-6
1218	3.2961642375435043e-6	4.193197816981681e-6	-4.735296933069367e-6	1.1738576172311843e-6
1219	-7.311907469244239e-6	-2.165541767375025e-6	-2.125609149966556e-6	-5.161096150516482e-6
1220	2.268498070875836e-6	-2.7373721473959923e-6	6.466516647898839e-6	3.3350210998475927e-6
1221	5.482118145040471e-6	4.342513422310428e-6	-3.494420504648401e-6	2.3933361279837766e-6
1222	-6.359032391129072e-6	-4.4248936228598554e-7	-3.302939557278437e-6	-5.551478334815194e-6
1223	-5.976423108384096e-7	-4.185907457951661e-6	6.256090440963999e-6	2.427960010635069e-6
1224	6.689837491146135e-6	3.6475512043867333e-6	-2.1598562294986023e-6	3.580119654505126e-6
1225	-4.448438238370669e-6	1.5779321189748208e-6	-4.239340949021652e-6	-5.659530589613779e-6
1226	-3.2135894841472575e-6	-4.990258354653849e-6	5.747482684659073e-6	1.3112494340125382e-6
1227	6.771468072260649e-6	2.164114448700512e-6	-8.0568951229012e-7	4.662722373045986e-6
1228	-1.9415552335771376e-6	3.523341793757907e-6	-4.901238350376972e-6	-5.464778186202788e-6
1229	-5.165085629605406e-6	-4.9304978583332695e-6	4.9797220792961465e-6	3.652466809071447e-8
1230	5.777621291165771e-6	1.1014421283011367e-7	5.003600678761533e-7	5.572212032466546e-6
1231	7.105487477481813e-7	5.0167895646612835e-6	-5.265138151074445e-6	-4.9598923244958745e-6
1232	-6.1698388076264084e-6	-3.947523963650549e-6	4.008069260490379e-6	-1.3329117582511938e-6
1233	3.9347764973520275e-6	-2.169775724256611e-6	1.6850065298603795e-6	6.250340355625106e-6
1234	3.071266902459651e-6	5.730265331694662e-6	-5.322019981656887e-6	-4.153872114223016e-6
1235	-6.129514763559362e-6	-2.1438352186838277e-6	2.8952258062921803e-6	-2.72303697913216e-6
1236	1.5967624428587197e-6	-4.266405284218008e-6	2.6873088479902007e-6	6.644537453984576e-6
1237	4.769579264824429e-6	5.472406391236131e-6	-5.081212388441654e-6	-3.0845599399689766e-6
1238	-5.118068334343719e-6	2.0690475623654364e-7	1.7092110914479025e-6	-4.0515335975440585e-6
1239	-8.130866434022188e-7	-5.784241775270403e-6	3.4548432294241115e-6	6.7230037749478165e-6
1240	5.569254519083956e-6	4.218517785485066e-6	-4.5671972059319785e-6	-1.8020741540473078e-6
1241	-3.3686147943762244e-6	2.7122630310336955e-6	5.236469662759675e-7	-5.246565065129788e-6
1242	-2.891595362291438e-6	-6.400870088029376e-6	3.953656839793839e-6	6.469780024431384e-6
1243	5.407991290170187e-6	2.124349855638018e-6	-3.827523189226949e-6	-3.6741469688998707e-7
1244	-1.2238867228338846e-6	4.930418706251377e-6	-5.906726443260582e-7	-6.242383720140311e-6
1245	-4.32663728644761e-6	-5.949754091397991e-6	4.170646887833727e-6	5.8835815426124176e-6
1246	4.39002647003979e-6	-4.832713966884262e-7	-2.9202232278243834e-6	1.1471551303805082e-6
1247	9.226400648553518e-7	6.4496496090797176e-6	-1.563892698925711e-6	-6.977927496917735e-6
1248	-4.91719433009639e-6	-4.449417167821946e-6	4.100587935556472e-6	4.990329695522473e-6
1249	2.743762184094145e-6	-3.169200014989126e-6	-1.9117899496534905e-6	2.6654487860932995e-6
1250	2.7096352818176217e-6	6.966299728599768e-6	-2.3365769576512624e-6	-7.407435804137332e-6
1251	-4.633622184994275e-6	-2.111429986870453e-6	3.7636383451758516e-6	3.829354924318586e-6
1252	8.081452496887581e-7	-5.473975267138809e-6	-8.743154230834665e-7	4.111381571962653e-6
1253	3.860084799505844e-6	6.341178112909069e-6	-2.873109947546531e-6	-7.50114413599105e-6
1254	-3.604883968531831e-6	7.051914867179044e-7	3.196574873475114e-6	2.4533366586629986e-6
1255	-1.0573095050344642e-6	-6.986916350437459e-6	1.2379984914348224e-7	5.409595947161479e-6
1256	4.229588740403576e-6	4.636863787092353e-6	-3.15246114016066e-6	-7.242179877513619e-6
1257	-2.0702775579831546e-6	3.5372261581462915e-6	2.452961387182962e-6	9.194270468339318e-7
1258	-2.5305782786138365e-6	-7.417994132770051e-6	1.0160063703702854e-6	6.492614565135926e-6
1259	3.818956876835217e-6	2.09248453428992e-6	-3.1651969384260524e-6	-6.639606724223324e-6
1260	-3.5325973410205637e-7	5.9133665188792175e-6	1.5906691857516884e-6	-6.938250609402107e-7
1261	-3.3834886105931618e-6	-6.650814439576178e-6	1.7428009123712922e-6	7.29495685999522e-6
1262	2.780095403927599e-6	-8.949795175667952e-7	-2.919719883382488e-6	-5.719841713672374e-6
1263	1.2135732159618197e-6	7.41574241418852e-6	6.726681921073332e-7	-2.3033709754456165e-6
1264	-3.514725858379943e-6	-4.7748793576286935e-6	2.262649469586176e-6	7.771931807943497e-6
1265	1.362241552051357e-6	-3.840135462743409e-6	-2.4499513737696806e-6	-4.518524629567737e-6
1266	2.3573417583960725e-6	7.766543486858736e-6	-2.2695720871685984e-7	-3.833102062590915e-6
1267	-2.965073547623594e-6	-2.071344303522081e-6	2.545918275876996e-6	7.897466265116061e-6
1268	-1.3534468380949323e-7	-6.251716736060486e-6	-1.7995096588186901e-6	-3.0927247928582203e-6
1269	2.8956473476455447e-6	6.8819332836338964e-6	-1.047084912487961e-6	-5.205446607108725e-6
1270	-1.9016755817504722e-6	1.0324949482826758e-6	2.577236967594947e-6	7.66811550362118e-6
1271	-1.403775756164755e-6	-7.725794596627777e-6	-1.0139840310460275e-6	-1.5152375484320835e-6
1272	2.7697863740121774e-6	4.879868466758931e-6	-1.7297612296246298e-6	-6.34687245866121e-6
1273	-5.896299572928945e-7	4.041346409611668e-6	2.3622735856532077e-6	7.08489068166827e-6
1274	-2.206101436247808e-6	-8.00931353403406e-6	-1.606716057597394e-7	1.4057285264545005e-7
1275	2.0621717628627083e-6	2.0706476372003746e-6	-2.2267346992633637e-6	-7.200768853042451e-6
1276	6.822573944396962e-7	6.469845995562882e-6	1.9229390027156845e-6	6.173729457937505e-6
1277	-2.409952883278163e-6	-7.036938434992052e-6	6.982635707355525e-7	1.792800252629887e-6
1278	9.689263790753699e-7	-1.1102168745670631e-6	-2.4975713023880295e-6	-7.728599477913199e-6
1279	1.6420149790095689e-6	7.91469687818398e-6	1.2912014430906548e-6	4.981097155460446e-6
1280	-2.0142527824945397e-6	-4.944481154220473e-6	1.4971567491296953e-6	3.3597243252927344e-6
1281	-2.3825768855121936e-7	-4.157454987334144e-6	-2.5238919783927577e-6	-7.902234712640697e-6
1282	2.090528479120952e-6	8.138720849349344e-6	5.129370702095462e-7	3.5688603186869692e-6
1283	-1.1409852252361846e-6	-2.060608951718915e-6	2.1759158657105934e-6	4.754839736044889e-6
1284	-1.2796094528098393e-6	-6.578766078691825e-6	-2.3046665742058335e-6	-7.714208926258768e-6
1285	1.948198315929321e-6	7.095736706583777e-6	-3.567139931921398e-7	2.011319958324996e-6
1286	-1.2056414630360422e-8	1.1563740972529395e-6	2.6829197390240116e-6	5.917739485111528e-6
1287	-1.9180935356609447e-6	-7.980798713773116e-6	-1.8502357724621548e-6	-7.177784148599674e-6
1288	1.2662744464947582e-6	4.945827465994214e-6	-1.2516765940840308e-6	3.815357963701045e-7
1289	1.0951971161882688e-6	4.195662063353834e-6	2.9728457851608847e-6	6.797086206717675e-6
1290	-2.0049485633391826e-6	-8.144594119066315e-6	-1.1859273106181266e-6	-6.321240783954764e-6
1291	2.119932778200869e-7	2.0359946333634813e-6	-2.1085579522677848e-6	-1.23739607180372e-6
1292	1.9145334669203294e-6	6.572045589235369e-6	3.0193911492009135e-6	7.348499686956675e-6
1293	-1.507133779207585e-6	-7.052536137938495e-6	-3.4994417598937506e-7	-5.189875440922043e-6
1294	-9.678911938028047e-7	-1.1654576442681556e-6	-2.8623304752890066e-6	-2.7641596420444693e-6
1295	2.2329749505942606e-6	7.913776344405678e-6	2.804496344403558e-6	7.5533253870680685e-6
1296	-5.233530694287774e-7	-4.88259783517325e-6	6.03116197624813e-7	-3.849120792774654e-6
1297	-1.984379393158027e-6	-4.1529220191754316e-6	-3.4506439772021082e-6	-4.126115543514758e-6
1298	1.9442497633942144e-6	8.022810294252583e-6	2.332058474906358e-6	7.406911565071191e-6
1299	7.24101980474181e-7	-1.9880089135771144e-6	1.6076173279151356e-6	-2.3674759734536587e-6
1300	-2.5754549814705562e-6	-6.45791840921609e-6	-3.8259568014593805e-6	-5.261213223310004e-6
1301	1.0781882985932841e-6	6.896761281342646e-6	1.6250111391417488e-6	6.922318667579961e-6
1302	1.957498835482372e-6	1.163872686430463e-6	2.5966277074482626e-6	-8.239281514679145e-7
1303	-2.5652917690993404e-6	-7.727365943741468e-6	-3.950352128200878e-6	-6.113867628202698e-6
1304	-2.1188726877180426e-7	4.735204762606062e-6	7.176902458740339e-7	6.131152902271472e-6
1305	2.877317460454298e-6	4.066752593720424e-6	3.5004033927239675e-6	7.00297618358829e-7
1306	-1.8959712470915004e-6	-7.780790844241494e-6	-3.7982304895534004e-6	-6.650207616805734e-6
1307	-1.6554152908688992e-6	1.8902299182262855e-6	-3.385206703296871e-7	5.084160686370807e-6
1308	3.237237601090639e-6	6.268259321388599e-6	4.251737892336788e-6	2.1308557864093208e-6
1309	-6.576490779216704e-7	-6.6325981857980655e-6	-3.3620909921110243e-6	-6.853087319250232e-6
1310	-2.9344997937494814e-6	-1.1665735261242183e-6	-1.4842856247551035e-6	3.844639984735846e-6
1311	2.8952955668078605e-6	7.436407193066688e-6	4.7931909140027215e-6	3.3969533703386636e-6
1312	9.314953226834591e-7	-4.497739811460308e-6	-2.656655057878956e-6	-6.720391281234559e-6
1313	-3.7548274748144776e-6	-3.942301923802879e-6	-2.6469767222547357e-6	2.482832533976766e-6
1314	1.8553248317013156e-6	7.421061953984798e-6	5.08029361306956e-6	4.439615394980627e-6
1315	2.5555928319932474e-6	-1.7371495539771797e-6	-1.7168048735738877e-6	-6.269205442181769e-6
1316	-3.8817892557397955e-6	-6.0071421355793135e-6	-3.7559996707004717e-6	1.0725041320605174e-6
1317	2.58752635591896e-7	6.258528605599852e-6	5.0776042891089616e-6	5.208764347210459e-6
1318	3.874757677844398e-6	1.1899473595255932e-6	-5.810295363482567e-7	-5.535759807688141e-6
1319	-3.213023044691647e-6	-7.0564415176935654e-6	-4.7345056294347415e-6	-3.1267514490008863e-7
1320	-1.6163469570000075e-6	4.167004636718762e-6	4.765089271330626e-6	5.677997922238116e-6
1321	4.585072104179825e-6	3.8034219375922574e-6	6.855186027958822e-7	-4.57659783442015e-6
1322	-1.8076117946933548e-6	-6.959373317616386e-6	-5.51614434916556e-6	-1.5932919488708863e-6
1323	-3.4083827011463907e-6	1.5131638153578203e-6	4.152605532479567e-6	5.832094310304073e-6
1324	4.477692993052707e-6	5.698606981363222e-6	2.0157859275618053e-6	-3.454835024210313e-6
1325	1.3303681258829936e-7	-5.7755406276005626e-6	-6.046645366758239e-6	-2.7024591007474107e-6
1326	-4.756383902798817e-6	-1.2473008776177329e-6	3.2602479081974174e-6	5.674461041398953e-6
1327	3.4920691260939525e-6	6.596976256465463e-6	3.3320070542223525e-6	-2.236921971255646e-6
1328	2.271920132027092e-6	-3.7386661843837564e-6	-6.283835392375887e-6	-3.589009370449846e-6
1329	-5.353048374086702e-6	-3.6580747276721428e-6	2.129077551199754e-6	5.232484249854536e-6
1330	1.7397816071689853e-6	6.397789317612403e-6	4.557363311210175e-6	-9.957356936621132e-7
1331	4.210832431881833e-6	-1.221652386988456e-6	-6.201680574038626e-6	-4.214171264699394e-6
1332	-5.012625110003661e-6	-5.343550346773873e-6	8.143214945245114e-7	4.54735410777681e-6
1333	-5.127734627994823e-7	5.1915790065964025e-6	5.620598733515887e-6	2.0003487955113953e-7
1334	5.56132284574685e-6	1.3365992654471237e-6	-5.794921831122639e-6	-4.556231294839329e-6
1335	-3.727544258071921e-6	-6.0625705394059e-6	-6.199124416877322e-7	3.6688385072786365e-6
1336	-2.8761985198060026e-6	3.228718424693788e-6	6.459041793056239e-6	1.2772289689419744e-6
1337	6.032662181544246e-6	3.501759100515013e-6	-5.071659457364435e-6	-4.605000287496885e-6
1338	-1.6641448138002345e-6	-5.750623792522061e-6	-2.100652150395953e-6	2.662252746764001e-6
1339	-4.922733700452473e-6	8.773696489980878e-7	7.023011417241817e-6	2.1719110613538752e-6
1340	5.473047778572149e-6	4.939014835229276e-6	-4.0647862594510694e-6	-4.373668498807196e-6
1341	8.574253337931432e-7	-4.522684638455746e-6	-3.551081505219976e-6	1.5936352501918998e-6
1342	-6.2642016866498975e-6	-1.4389108947198662e-6	7.272341293455422e-6	2.8471753340542255e-6
1343	3.9215867134564045e-6	5.451090160345624e-6	-2.8127037389241057e-6	-3.902026047788454e-6
1344	3.4024234756660554e-6	-2.641942100056357e-6	-4.89901738831754e-6	5.376064281758352e-7
1345	-6.616429226451971e-6	-3.3226442927472346e-6	7.182638812836013e-6	3.271490604792963e-6
1346	1.5991635596581039e-6	5.005643806584586e-6	-1.3695116086867298e-6	-3.2311017355972136e-6
1347	5.528306697626151e-6	-4.811159997459861e-7	-6.071905085081211e-6	-4.370947128960368e-7
1348	-5.867106619344671e-6	-4.475145033045942e-6	6.7483155711233315e-6	3.431181140885087e-6
1349	-1.1367417644300218e-6	3.7512956677725208e-6	1.9583325564114595e-7	-2.414508916900352e-6
1350	6.851440850417679e-6	1.5547170377797537e-6	-6.999099004148474e-6	-1.272882542173839e-6
1351	-4.094593473546912e-6	-4.746423001982904e-6	5.975446137382191e-6	3.3324301315050775e-6
1352	-3.829517880232651e-6	1.972742708807148e-6	1.8058948930237412e-6	-1.5155695959778467e-6
1353	7.100783941172597e-6	3.1158828235851076e-6	-7.6265519394845446e-6	-1.9233684836561395e-6
1354	-1.5549744856576586e-6	-4.155892705858877e-6	4.898512219698455e-6	2.996070241572013e-6
1355	-6.0164087429910195e-6	3.4045333766037164e-8	3.3794007206481965e-6	-5.969263523525635e-7
1356	6.189015667567941e-6	3.95397270539355e-6	-7.916751658077725e-6	-2.3570203814337077e-6
1357	1.3528049993186716e-6	-2.887210938548865e-6	3.5676677775631817e-6	2.4559411842176794e-6
1358	-7.313360856029474e-6	-1.694328159007037e-6	4.8332149597511856e-6	2.7805664493251376e-7
1359	4.232127185365313e-6	3.9758438337134095e-6	-7.847486820608393e-6	-2.5518042809224474e-6
1360	4.151936672843097e-6	-1.230537046228617e-6	2.041162685081039e-6	1.7562271068357866e-6
1361	-7.465875248175147e-6	-2.9080259187478684e-6	6.095196999997383e-6	1.0443563005714146e-6
1362	1.5223414245106935e-6	3.2428209577917143e-6	-7.4161737685306805e-6	-2.4985726745658234e-6
1363	6.372934082796525e-6	4.65528465939206e-7	3.9614417935928286e-7	9.57358199386598e-7
1364	-6.419101225066572e-6	-3.413600422043585e-6	7.097578487269317e-6	1.6511668960523157e-6
1365	-1.5141448302085855e-6	1.9629997544758206e-6	-6.637957768529403e-6	-2.2115388750772956e-6
1366	7.63751288138365e-6	1.8621965588164935e-6	-1.2854042205566057e-6	1.1594004562611337e-7
1367	-4.321577250525107e-6	-3.169425832944887e-6	7.781070273592794e-6	2.062131004335811e-6
1368	-4.383868701782333e-6	4.4192436720188786e-7	-5.549822120434799e-6	-1.717215046955618e-6
1369	7.716218692656358e-6	2.697954218200131e-6	-2.920359814367943e-6	-6.995278843506115e-7
1370	-1.490796930873308e-6	-2.2882319727516303e-6	8.11827115572092e-6	2.2449407859696193e-6
1371	-6.622817167997491e-6	-9.835255079162534e-7	-4.206470322937276e-6	-1.0545313308399907e-6
1372	6.5739554583041925e-6	2.8455286317592756e-6	-4.4291543117377494e-6	-1.4304051778546979e-6
1373	1.6296693465171958e-6	-1.0101352141505738e-6	8.088384681236851e-6	2.1919718940668413e-6
1374	-7.854150556791206e-6	-2.0203445462553317e-6	-2.674325616815204e-6	-2.762004110188354e-7
1375	4.377089115906827e-6	2.3331841954993042e-6	-5.73277936081223e-6	-2.020515021958785e-6
1376	4.540862375242607e-6	3.54554344975898e-7	7.693481372467117e-6	1.903936457867047e-6
1377	-7.868389999574308e-6	-2.4704077757882205e-6	-1.025502647611984e-6	5.563178706965131e-7
1378	1.4622996561549306e-6	1.315638431165191e-6	-6.773845091130774e-6	-2.4209639705551193e-6
1379	6.773615403569007e-6	1.5017375775238295e-6	6.9554372193992786e-6	1.3993380124614652e-6
1380	-6.652636449941145e-6	-2.2678386735811443e-6	6.578244900414585e-7	1.381510824526526e-6
1381	-1.7014698901132447e-6	4.943708223014105e-8	-7.500904417819009e-6	-2.599127320529175e-6
1382	7.957100133337726e-6	2.180673387269546e-6	5.911538703530035e-6	7.083533385885399e-7
1383	-4.386003429625868e-6	-1.48907169783723e-6	2.2931336265742993e-6	2.136293758315316e-6
1384	-4.613266461252714e-6	-1.158174038875996e-6	-7.880726081454766e-6	-2.5333568189081167e-6
1385	7.90851038638399e-6	2.2421303017966305e-6	4.615444057633344e-6	-1.1563584698765561e-7
1386	-1.4320105586589721e-6	-3.339345633888914e-7	3.800846396435975e-6	2.7571383987323616e-6
1387	-6.809647917387935e-6	-2.021242308370999e-6	-7.901458149314792e-6	-2.223002443204638e-6
1388	6.634598719055314e-6	1.6823430839537994e-6	3.1343033950797667e-6	-1.0131314361366734e-6
1389	1.7345863617793256e-6	9.17078155722492e-7	5.110496522916468e-6	3.197199768597268e-6
1390	-7.941829970530866e-6	-2.33222574433449e-6	-7.565956338858261e-6	-1.6790612308639771e-6
1391	4.338785914889298e-6	6.371412811997029e-7	1.5370178788812094e-6	-1.924299487313371e-6
1392	4.611827739776881e-6	1.9570528654459327e-6	6.163767739761936e-6	3.4150123595527237e-6
1393	-7.840145113608131e-6	-2.000455484795995e-6	-6.894160684667423e-6	-9.268012660935229e-7
1394	1.3893530519532776e-6	-6.485434343054851e-7	-9.786126606511528e-8	-2.78436905989079e-6
1395	6.750427982084055e-6	2.529968902198722e-6	6.9133922731396545e-6	3.3819563500198903e-6
1396	-6.532079108978246e-6	-1.0888942558653937e-6	-5.924443502687826e-6	-1.5501901979841914e-8
1397	-1.7407945865178984e-6	-1.8748424404150987e-6	-1.6875580394125397e-6	-3.52532004736373e-6
1398	7.817815774691742e-6	2.4725833143786026e-6	7.3242969994578824e-6	3.086569426728595e-6
1399	-4.232123393905991e-6	2.121543185304467e-7	-4.7080695790867325e-6	9.977334144708858e-7
1400	-4.548813447458445e-6	-2.748829180939976e-6	-3.150173625301376e-6	-4.091523869521243e-6
1401	7.661976005482214e-6	1.7626491198872114e-6	7.383202801604391e-6	2.5347093173980935e-6
1402	-1.318462634159907e-6	1.6190708930027212e-6	-3.3098200293701917e-6	2.05564633803735e-6
1403	-6.6003720243594356e-6	-3.0400923773047405e-6	-4.417955521273025e-6	-4.434459938086824e-6
1404	6.327533812913948e-6	5.179861158965057e-7	7.096745754732492e-6	1.743800685681058e-6
1405	1.738522010834329e-6	2.8168094680831074e-6	-1.8037183207408402e-6	3.0879467947465984e-6
1406	-7.5871203793375774e-6	-2.6334016308072633e-6	-5.432027694450023e-6	-4.514976941229071e-6
1407	4.045621745721994e-6	-1.0218061697313553e-6	6.483272945137739e-6	7.541505104499804e-7
1408	4.446012995818145e-6	3.5266932378919536e-6	-2.696937241242105e-7	4.025085159224461e-6
1409	-7.373250151426804e-6	-1.5576541803899362e-6	-6.146205284101928e-6	-4.312307651099336e-6
1410	1.1974251756861108e-6	-2.54544173746988e-6	5.587401541421375e-6	-3.805088274417994e-7
1411	6.380078857566702e-6	3.5468821712277855e-6	1.2081849308259667e-6	4.800409954590631e-6
1412	-6.021034057985264e-6	1.2088556292619498e-8	-6.531792803146951e-6	-3.822792158112235e-6
1413	-1.7470760629229925e-6	-3.7201684619175355e-6	4.462525174755778e-6	-1.5969499427775875e-6
1414	7.260400964291142e-6	2.801517401293626e-6	2.553260378197864e-6	5.356631034941319e-6
1415	-3.7766859378834544e-6	1.7837578645938912e-6	-6.579900612415019e-6	-3.061839372739087e-6
1416	-4.309075587480407e-6	-4.272869656603223e-6	3.1791650752563618e-6	-2.8298531295421226e-6
1417	6.975403046383345e-6	1.3812708113707812e-6	3.7021975299258004e-6	5.650078073263505e-6
1418	-1.0218423623817248e-6	3.4107496844042067e-6	-6.301961839988372e-6	-2.0588216932910082e-6
1419	-6.09473396312776e-6	-4.03369494225282e-6	1.8090085158225525e-6	-4.003264713142002e-6
1420	5.60687089763817e-6	-4.86428390525303e-7	4.599779245435222e-6	5.64788203856255e-6
1421	1.7744897377693819e-6	4.560969416986599e-6	-5.723437398123863e-6	-8.623432822684718e-7
1422	-6.843595982569149e-6	-2.9784532003132667e-6	4.3287880954976363e-7	-5.046425278093356e-6
1423	3.4150227324414374e-6	-2.470666000663242e-6	5.207351711847922e-6	5.329842870134675e-6
1424	4.1568331090811876e-6	4.972630240417902e-6	-4.889908657731212e-6	4.779955608253497e-7
1425	-6.47313527250741e-6	-1.2423009133931791e-6	-8.740557172028899e-7	-5.892821012830142e-6
1426	7.82582441848452e-7	-4.199698064984065e-6	5.503845004863015e-6	4.698846283137148e-6
1427	5.757624100697962e-6	4.4992117271163475e-6	-3.861456914867942e-6	1.8905301010748377e-6
1428	-5.090518267901991e-6	9.021901184271721e-7	-2.036206496107989e-6	-6.484032168303549e-6
1429	-1.8294900672081752e-6	-5.334639622381523e-6	5.484500887895171e-6	3.7775947489260396e-6
1430	6.346316526809837e-6	3.159048854451198e-6	-2.708620395219058e-6	3.2995580064078236e-6
1431	-2.966371392193206e-6	3.0864614996315433e-6	-2.995038315783157e-6	-6.772732067901771e-6
1432	-3.987401345017965e-6	-5.619856535936783e-6	5.16998068392668e-6	2.6008337915576315e-6
1433	5.871791555452901e-6	1.1376588238118355e-6	-1.509813199411905e-6	4.623329115738508e-6
1434	-4.923965569621705e-7	4.909877536858776e-6	-3.706103590066114e-6	-6.729040087225753e-6
1435	-5.354955944906806e-6	-4.9395927908709095e-6	4.598323561824507e-6	1.2201205135586163e-6
1436	4.471682912226292e-6	-1.2555418338648123e-6	-3.3255600173528173e-7	5.788899533184004e-6
1437	1.8882764604443803e-6	6.029421759938782e-6	-4.14547155521255e-6	-6.337313893677547e-6
1438	-5.746635480401232e-6	-3.346247733129661e-6	3.821586973124116e-6	-3.051681989517052e-7
1439	2.4389647366490994e-6	-3.617550532761243e-6	7.464630647077707e-7	6.724688206333551e-6
1440	3.773283236582674e-6	6.202238409162142e-6	-4.296423029461027e-6	-5.609650815615494e-6
1441	-5.1587798461065114e-6	-1.062847937251877e-6	2.900924413212763e-6	-1.8891283534267971e-6
1442	1.6448036387011562e-7	-5.533566608618631e-6	1.670168033320965e-6	7.364451730847594e-6
1443	4.872744703165954e-6	5.338324423341576e-6	-4.173067413000452e-6	-4.569616902061689e-6
1444	-3.7607637190849784e-6	1.5568315851237335e-6	1.9005724909501615e-6	-3.4446969498740788e-6
1445	-1.933792064947087e-6	-6.649942293642459e-6	2.3949837668428174e-6	7.661992652538267e-6
1446	5.0495464384813415e-6	3.5223634113722874e-6	-3.801694021286359e-6	-3.261292415364694e-6
1447	-1.8549724572460071e-6	4.083748786508976e-6	8.871581757840171e-7	-4.889923259305076e-6
1448	-3.506867834128561e-6	-6.729124097954393e-6	2.8843769728480784e-6	7.596398171109466e-6
1449	4.352745361570267e-6	1.0077321843510771e-6	-3.221239554979581e-6	-1.7477062973866092e-6
1450	1.809405090882158e-7	6.0860402078310694e-6	-7.488336269344507e-8	-6.145477728241294e-6
1451	-4.3153495752636415e-6	-5.7004131132114365e-6	3.116827963867322e-6	7.166340135372316e-6
1452	2.9751601405910098e-6	-1.8150446799882562e-6	-2.479525601051278e-6	-1.0720428668485133e-7
1453	1.965654272957697e-6	7.198515472348382e-6	-9.237734021605954e-7	-7.138903069381966e-6
1454	-4.272705802457741e-6	-3.6860061828629954e-6	3.0955393817192397e-6	6.386640107090915e-6
1455	1.2220303993150528e-6	-4.487953657005381e-6	-1.6340480084809695e-6	1.5725212403038053e-6
1456	3.1971541874710206e-6	7.190422925122799e-6	-1.607581778659926e-6	-7.815204013510001e-6
1457	-3.4666998278331057e-6	-9.726570925216243e-7	2.833579673344514e-6	5.2936486068495105e-6
1458	-5.453744239061707e-7	-6.555149199946964e-6	-7.508913779271281e-7	3.2093325007333553e-6
1459	3.6914449403814976e-6	6.018042897514742e-6	-2.082692008375715e-6	-8.146456270441927e-6
1460	-2.1174731690397047e-6	2.016963489095119e-6	2.3592831243474934e-6	3.941183624035507e-6
1461	-1.9887176074774358e-6	-7.650409290098563e-6	1.0871822673729264e-7	4.724092374547066e-6
1462	3.417707939689921e-6	3.832889871332965e-6	-2.325136434821885e-6	-8.106481074993645e-6
1463	-5.330674687754008e-7	4.7973943310468095e-6	1.7181669197609173e-6	2.3892454121267453e-6
1464	-2.855388417897171e-6	-7.562761633855124e-6	8.768827599187846e-7	6.036979361997824e-6
1465	2.503978927608319e-6	9.601865765038389e-7	-2.32537321392396e-6	-7.698170224051327e-6
1466	9.456274045071975e-7	6.907488914486634e-6	9.57819078472505e-7	7.19238937696257e-7
1467	-3.0204317574008395e-6	-6.266241926539287e-6	1.5011758550003423e-6	7.084408348577833e-6
1468	1.196784188484524e-6	-2.1612152007634535e-6	-2.0850391974884874e-6	-6.939698822146493e-6
1469	2.0230705380307268e-6	7.981984999252207e-6	1.4292508125096214e-7	-9.916284190198642e-7
1470	-2.5144634537512607e-6	-3.938540345530068e-6	1.9321508416842694e-6	7.815986480687174e-6
1471	-1.980010636187443e-7	-5.0229514446504295e-6	-1.6317301931403982e-6	-5.8693996786499826e-6
1472	2.508069420051917e-6	7.81519971840858e-6	-6.598673955693036e-7	-2.6549381141115307e-6
1473	-1.5033789358507692e-6	-9.326917210844579e-7	2.1398851647619553e-6	8.19430758065289e-6
1474	-1.3691299207438451e-6	-7.1474936449286446e-6	-1.000564916623049e-6	-4.544219429421424e-6
1475	2.334323034477022e-6	6.4103968211971595e-6	-1.3881428718042657e-6	-4.188790580676279e-6
1476	-2.463330492110649e-7	2.2694148584905677e-6	2.1135974852191313e-6	8.201093287063934e-6
1477	-2.0719394616783877e-6	-8.173824701112208e-6	-2.476752213374216e-7	-3.021758740851421e-6
1478	1.592948653483579e-6	3.976849787633845e-6	-1.983703976952435e-6	-5.522892867536473e-6
1479	9.509507122976453e-7	5.155224360172263e-6	1.854149576007362e-6	7.841808400869135e-6
1480	-2.165659465203257e-6	-7.928616079160666e-6	5.701085706612369e-7	-1.3834273820308313e-6
1481	4.796643779433408e-7	8.976719287074758e-7	-2.4003836846842887e-6	-6.593711129966212e-6
1482	1.8115163332118247e-6	7.255648384633943e-6	1.3765701254837331e-6	7.140203217621055e-6
1483	-1.644902610924781e-6	-6.441688573622524e-6	1.3933174983001798e-6	2.947505666684069e-7
1484	-7.30422582018222e-7	-2.339128831494732e-6	-2.605631724537552e-6	-7.350806088385044e-6
1485	2.1326932661183172e-6	8.22624796586804e-6	7.116472388717202e-7	6.131740945817134e-6
1486	-6.579208162974129e-7	-3.941352185003794e-6	2.1571192830667058e-6	1.926224007625657e-6
1487	-1.73070811323046e-6	-5.212414968256305e-6	-2.5737612280149148e-6	-7.759280610601563e-6
1488	1.8306903583637016e-6	7.9075409705162e-6	-9.451331339487307e-8	4.872309591606477e-6
1489	5.588674587368955e-7	-8.273631083062501e-7	2.803280865460361e-6	3.4291104984932198e-6
1490	-2.2735225887262157e-6	-7.258550176375671e-6	-2.304653611620238e-6	-7.809528769527546e-6
1491	9.684796764406573e-7	6.352305604982559e-6	-9.836542265726821e-7	3.425139312192448e-6
1492	1.7121506121440446e-6	2.3950622014922894e-6	3.2822556873445457e-6	4.737549797434088e-6
1493	-2.2093740103701783e-6	-8.146306249243802e-6	-1.8071573179804894e-6	-7.508003234820717e-6
1494	-2.571094848992432e-7	3.8135601688594125e-6	-1.8979097485710752e-6	1.8675309829468772e-6
1495	2.50974713632538e-6	5.2045787965272186e-6	3.553586850781517e-6	5.789869553709668e-6
1496	-1.5168733059793072e-6	-7.748232697086947e-6	-1.102913349871785e-6	-6.874526520148097e-6
1497	-1.571460242532605e-6	7.135896938511543e-7	-2.776658864340941e-6	2.780383434561374e-7
1498	2.7387739178217974e-6	7.155124870076236e-6	3.587487473741642e-6	6.53920910492034e-6
1499	-3.194116805093744e-7	-6.1474508047909414e-6	-2.3233718761530436e-7	-5.951248699365337e-6
1500	-2.6711972489402003e-6	-2.434374529690136e-6	-3.557352376657266e-6	-1.2600672589843173e-6
1501	2.2994213954536613e-6	7.944163401996256e-6	3.369153329485599e-6	6.954633700899737e-6
1502	1.136788460209135e-6	-3.6158395545236526e-6	7.574128832129376e-7	-4.792939610952381e-6
1503	-3.276497259486664e-6	-5.130174108489639e-6	-4.184331945455233e-6	-2.678713736074646e-6
1504	1.2321854916671732e-6	7.472788740223355e-6	2.8971779233868146e-6	7.028531772731941e-6
1505	2.5461248317124894e-6	-5.858584314216298e-7	1.8103537755794402e-6	-3.4606809654993298e-6
1506	-3.207708811090959e-6	-6.946846840913015e-6	-4.608388956055261e-6	-3.908567572911369e-6
1507	-2.835318690335461e-7	5.8465252210706194e-6	2.1847257313557368e-6	6.767543479986641e-6
1508	3.595137576858937e-6	2.44096376595008e-6	2.8674830346819235e-6	-2.029303096113869e-6
1509	-2.4147583419750524e-6	-7.620121586210638e-6	-4.791523849905639e-6	-4.886438874866572e-6
1510	-1.95939181541051e-6	3.358655146385322e-6	1.2610885038904984e-6	6.1938805202224924e-6
1511	4.023428990972915e-6	4.980440872169339e-6	3.858027522503842e-6	-5.722971911874454e-7
1512	-9.928384595453674e-7	-7.078582973551788e-6	-4.707037433950384e-6	-5.572833891199269e-6
1513	-3.4632849600632077e-6	4.389083037163393e-7	1.687979527340506e-7	5.35319097485911e-6
1514	3.679863214906622e-6	6.638649889471831e-6	4.7158341704730026e-6	8.295599834447157e-7
1515	8.257882968686168e-7	-5.446787243729627e-6	-4.338585751238599e-6	-5.943587203708297e-6
1516	-4.4740044877621015e-6	-2.421383631928363e-6	-1.034887745168487e-6	4.299187485398935e-6
1517	2.5596522530247674e-6	7.176282823857173e-6	5.380457612190632e-6	2.107733315815234e-6
1518	2.71159878380418e-6	-3.033983337288253e-6	-3.6867472098339186e-6	-5.99754189877639e-6
1519	-4.743419488765133e-6	-4.759018148202641e-6	-2.286157171093108e-6	3.0990693191605922e-6
1520	8.104556205665144e-7	6.559318138281277e-6	5.8021840646598775e-6	3.188835193884329e-6
1521	4.308240472304338e-6	-2.7395781396771974e-7	-2.7768974462662694e-6	-5.74215299555616e-6
1522	-4.1510650018205584e-6	-6.218152456233363e-6	-3.51107341231784e-6	1.820454393048514e-6
1523	-1.2867964418279116e-6	4.944204932796494e-6	5.945909714121906e-6	4.031967852021635e-6
1524	5.286087492786396e-6	2.3700999814242917e-6	-1.6507585538714536e-6	-5.205651046130239e-6
1525	-2.7348176731391282e-6	-6.608954787724108e-6	-4.6384237718500665e-6	5.333128618008032e-7
1526	-3.3685017853715608e-6	2.643367400873383e-6	5.782268228310015e-6	4.602125630139618e-6
1527	5.414354688555654e-6	4.470537707565025e-6	-3.5661479759948296e-7	-4.43275794755934e-6
1528	-6.856758755842821e-7	-5.9269759390111785e-6	-5.601126468550322e-6	-6.881962320820986e-7
1529	-5.058046476529891e-6	8.216053060646635e-8	5.303243399773019e-6	4.881737200273538e-6
1530	4.599482364852762e-6	5.7109790058834765e-6	1.0426740001372123e-6	-3.4750760795558943e-6
1531	1.6728601294655988e-6	-4.35038997592408e-6	-6.334438058281875e-6	-1.778908700579543e-6
1532	-6.016093403725981e-6	-2.301325140933145e-6	4.517308256794035e-6	4.8662611887109975e-6
1533	2.9116144691612912e-6	5.941860750063941e-6	2.474982379999872e-6	-2.3951823581759386e-6
1534	3.9452582884194165e-6	-2.202898433863532e-6	-6.7837263971720645e-6	-2.6792660864962913e-6
1535	-6.020368785596284e-6	-4.120817304330187e-6	3.4607254403792075e-6	4.5662002751497095e-6
1536	5.847445025410311e-7	5.2006304629709e-6	3.855077681365893e-6	-1.2617799055941995e-6
1537	5.726044829778385e-6	1.1666476241215018e-7	-6.9142281399509846e-6	-3.3466685023738553e-6
1538	-4.999010466294053e-6	-5.119004495964265e-6	2.177376835769726e-6	4.01310158504208e-6
1539	-2.018955732801688e-6	3.687689498921065e-6	5.111036399103177e-6	-1.4340757029742878e-7
1540	6.667327915698144e-6	2.2062254354141832e-6	-6.705489636122642e-6	-3.748221086580958e-6
1541	-3.061184219092868e-6	-5.192354140765998e-6	7.228443116471497e-7	3.254698855359639e-6
1542	-4.464895327234542e-6	1.7203763946617311e-6	6.1685761745370586e-6	8.840984084367566e-7
1543	6.553253181203473e-6	3.7302423460691212e-6	-6.158085046231017e-6	-3.861986606698424e-6
1544	-4.810438422144433e-7	-4.405339608739677e-6	-8.252432106306556e-7	2.3433597975944025e-6
1545	-6.318745217278834e-6	-3.3254082497504155e-7	6.9662895486090416e-6	1.7598913932302802e-6
1546	5.338991276127717e-6	4.477874286911004e-6	-5.294848605609313e-6	-3.6936087614337897e-6
1547	2.335442330844778e-6	-2.97270808466551e-6	-2.386903323528548e-6	1.3489097999944571e-6
1548	-7.231310426805104e-6	-2.108129232122033e-6	7.4544233377582465e-6	2.4275745093809954e-6
1549	3.1745617650578906e-6	4.3912348417373245e-6	-4.149425266754085e-6	-3.2672103303700613e-6
1550	4.920181723899793e-6	-1.199814723678006e-6	-3.880998819911971e-6	3.4333439998185017e-7
1551	-7.001961162410455e-6	-3.3196294040772277e-6	7.601308168534062e-6	2.849149949046782e-6
1552	3.7914435605722546e-7	3.560125383872364e-6	-2.7741485797791458e-6	-2.6243460624899167e-6
1553	6.823502235493477e-6	5.684989885270263e-7	-5.229722482132841e-6	-5.992265905506688e-7
1554	-5.61541563502051e-6	-3.806737157528843e-6	7.392496467449794e-6	3.0006441066684985e-6
1555	-2.611034336453303e-6	2.21347312955401e-6	-1.2349094811454688e-6	-1.8258988698516903e-6
1556	7.70157564763992e-6	2.0141577286335634e-6	-6.36345292624144e-6	-1.4053595075841233e-6
1557	-3.257007323626639e-6	-3.5509988076319387e-6	6.834841533907895e-6	2.8783061652667763e-6
1558	-5.305344134117223e-6	6.496120521356922e-7	3.917301524137449e-7	-9.356129038438979e-7
1559	7.3691030047008475e-6	2.892050486967255e-6	-7.220297506718629e-6	-2.023673582250022e-6
1560	-2.818020007757998e-7	-2.673124694290328e-6	5.952677262569385e-6	2.5090080439003597e-6
1561	-7.244388809480704e-6	-8.185280048050786e-7	2.020005185329464e-6	-2.247671506363562e-8
1562	5.838078381937024e-6	3.0956983144662835e-6	-7.752461804013337e-6	-2.419074189527958e-6
1563	2.8456752355280003e-6	-1.4142608865576134e-6	4.782030668291172e-6	1.925582943939857e-6
1564	-8.08658115336232e-6	-1.9080290967677353e-6	3.5736834257218183e-6	8.479170751042789e-7
1565	3.3238300000992136e-6	2.6571214923918446e-6	-7.932830724404095e-6	-2.5603427977176592e-6
1566	5.6138630821961824e-6	-6.399677022316354e-8	3.3824687188928143e-6	1.175442584063486e-6
1567	-7.661750392128787e-6	-2.439784309256607e-6	4.976151606752515e-6	1.6055475815530495e-6
1568	2.055523848681258e-7	1.7352599486556769e-6	-7.751330505126748e-6	-2.441624022061317e-6
1569	7.565545780584004e-6	1.0904899963636892e-6	1.8231397837191585e-6	3.2011661255924946e-7
1570	-6.007910006542455e-6	-2.3560043926297595e-6	6.153598418323135e-6	2.1966160523120966e-6
1571	-3.0222302110743878e-6	5.683323926776003e-7	-7.213323434194187e-6	-2.0760534296500756e-6
1572	8.365617971272518e-6	1.820180180538141e-6	1.796802300663853e-7	-5.775073508601854e-7
1573	-3.3686330885289996e-6	-1.7312142409463965e-6	7.04609625241237e-6	2.5723984079706066e-6
1574	-5.837300111971257e-6	-5.648090829283357e-7	-6.3465255833816505e-6	-1.4831114137434118e-6
1575	7.859782043659501e-6	1.989828789308656e-6	-1.4617290873939259e-6	-1.445718707634458e-6
1576	-1.4858987004808367e-7	-7.514643241351273e-7	7.609099368139161e-6	2.7004696874103227e-6
1577	-7.778747805728345e-6	-1.3988298120445702e-6	-5.203914177446549e-6	-7.074653878686203e-7
1578	6.107785335405498e-6	1.599715833086012e-6	-3.012923532248109e-6	-2.2207859368555314e-6
1579	3.138637336217434e-6	3.2775319341698833e-7	7.814784933754355e-6	2.568769509017127e-6
1580	-8.525648097787872e-6	-1.7509125726328345e-6	-3.843080865734116e-6	1.9093651010288637e-7
1581	3.380587532838119e-6	7.735907185588167e-7	-4.4039292237857545e-6	-2.8363496084736327e-6
1582	5.9667776219143986e-6	1.2386258524472498e-6	7.667019875634719e-6	2.1774207636524417e-6
1583	-7.950331974298552e-6	-1.5535259198283685e-6	-2.3377287150401516e-6	1.1475276082662917e-6
1584	1.0207996891954195e-7	-2.6542910243530504e-7	-5.5672631238065475e-6	-3.2432626915356465e-6
1585	7.880770712373354e-6	1.7513709322333886e-6	7.181992989759307e-6	1.5467890597730927e-6
1586	-6.129389269860329e-6	-8.54856432380437e-7	-7.614549189018683e-7	2.0959222152496193e-6
1587	-3.203090741022349e-6	-1.2613435547909142e-6	-6.4518121676093856e-6	-3.4058668359659707e-6
1588	8.572104786606511e-6	1.7304006023664492e-6	6.3871092959589274e-6	7.141342550548432e-7
1589	-3.3518994336710004e-6	1.759116867776185e-7	8.023826087666714e-7	2.9655030131801297e-6
1590	-6.005621224456632e-6	-1.958141335613246e-6	-7.0176623063696875e-6	-3.300929565828268e-6
1591	7.92991683182813e-6	1.160102821823705e-6	5.334455971928758e-6	-2.635736208415876e-7
1592	-6.064900849571043e-8	1.2923847525071886e-6	2.275258541232823e-6	3.690661437540209e-6
1593	-7.861496098437737e-6	-2.15343730556753e-6	-7.251899421711245e-6	-2.9213349251172025e-6
1594	6.056842365444789e-6	1.4028718396670747e-7	4.082858415095359e-6	-1.3305649719479268e-6
1595	3.2147865684740963e-6	2.220383046480922e-6	3.5889067989309366e-6	4.213956528433632e-6
1596	-8.480671142217414e-6	-1.7564929857946043e-6	-7.152447589213424e-6	-2.280661990124982e-6
1597	3.2635038095971526e-6	-1.1102552027280211e-6	2.7009937597485425e-6	-2.4172335140053936e-6
1598	5.9481484452159935e-6	2.7080827007963227e-6	4.683557309804622e-6	4.489285593686926e-6
1599	-7.775521940918189e-6	-8.023064053747028e-7	-6.735470646514198e-6	-1.4085451578217411e-6
1600	8.482747516346534e-9	-2.310603507770963e-6	1.262664548485929e-6	-3.4525698999791057e-6
1601	7.713359297134829e-6	2.5847905892142336e-6	5.516219310122663e-6	4.486072536291208e-6
1602	-5.875839240913432e-6	5.395389071386258e-7	-6.036305676475597e-6	-3.5178795864120273e-7
1603	-3.1808991567016993e-6	-3.1683483644331433e-6	-1.5959858486459644e-7	-4.362303686386318e-6
1604	8.245740621081166e-6	1.809508975831137e-6	6.056521930934902e-6	4.1942339720570845e-6
1605	-3.1109114286391026e-6	2.006557334677026e-6	-5.10205656393741e-6	8.318360757691577e-7
1606	-5.79673245279741e-6	-3.445868859398573e-6	-1.4965468316004351e-6	-5.085094377866001e-6
1607	7.486276672488931e-6	4.776898284444585e-7	6.29235534689538e-6	3.6148691435292676e-6
1608	5.4500085858379955e-8	3.2881761438353347e-6	-3.988992264917967e-6	2.0776690889051954e-6
1609	-7.4370837856170934e-6	-3.013140096875765e-6	-2.6921438657251523e-6	-5.571903915878762e-6
1610	5.589430388212331e-6	-1.1825835512276516e-6	6.224684118212525e-6	2.7699708753664e-6
1611	3.103417348865528e-6	4.079039676772616e-6	-2.7588109500188353e-6	3.3150785102033637e-6
1612	-7.871028340229987e-6	-1.8731091498068414e-6	-3.688502628403332e-6	-5.780093316490867e-6
1613	2.8990691306013794e-6	-2.857905604213363e-6	5.871919452626612e-6	1.6908506147859862e-6
1614	5.558295480557758e-6	4.15851194193217e-6	-1.4802306552696457e-6	4.468997784052793e-6
1615	-7.073451898798553e-6	-1.8066659343174412e-7	-4.44240102679212e-6	-5.683519691631946e-6
1616	-1.2649816257354888e-7	-4.216867131715259e-6	5.262191902756523e-6	4.3225534854508015e-7
1617	7.050012381255913e-6	3.4263819500208415e-6	-2.173988234247149e-7	5.464408998414123e-6
1618	-5.216778327867863e-6	1.787890809287565e-6	-4.922670530385453e-6	-5.270644528946708e-6
1619	-2.985701086597945e-6	-4.949849243337921e-6	4.43313820035069e-6	-9.451746558377718e-7
1620	7.3787349414043165e-6	1.937001599233365e-6	9.660019437204237e-7	6.239660506076189e-6
1621	-2.6459830223808868e-6	3.672791453373784e-6	-5.117490665182772e-6	-4.546620850002907e-6
1622	-5.231930274547779e-6	-4.838437122223497e-6	3.449197796543109e-6	-2.3685411837443775e-6
1623	6.547080051342984e-6	-1.0398965812938233e-7	1.9972593292854044e-6	6.742976854375774e-6
1624	1.8743095682910457e-7	5.104117658536442e-6	-5.034731764053209e-6	-3.544421283651672e-6
1625	-6.538858747185418e-6	-3.824084977339299e-6	2.3744255510720238e-6	-3.760583350852912e-6
1626	4.750279804352147e-6	-2.3548927541125176e-6	2.832884012248828e-6	6.937030191684059e-6
1627	2.814629389096738e-6	5.769814107536275e-6	-4.693161024010064e-6	-2.3040200478324986e-6
1628	-6.751785743918376e-6	-2.0045629447544223e-6	1.267231499743756e-6	-5.041204908735786e-6
1629	2.335892800332083e-6	-4.422415363575451e-6	3.4378809303225466e-6	6.7999536074079515e-6
1630	4.824493722265234e-6	5.472718115458945e-6	-4.1260316026895094e-6	-8.842583660159135e-7
1631	-5.897347104481984e-6	3.554560057035348e-7	1.9373759992322617e-7	-6.1423873354081845e-6
1632	-2.715429866425732e-7	-5.9112580410304765e-6	3.7923038045794556e-6	6.328319183188202e-6
1633	5.9294281200880405e-6	4.183649686333692e-6	-3.3787215074270072e-6	6.472663524566927e-7
1634	-4.181555797251121e-6	2.8694221282975176e-6	-7.833888194959818e-7	-7.001684200952317e-6
1635	-2.633497513228879e-6	-6.502882353876438e-6	3.883854459339149e-6	5.52982319755157e-6
1636	6.0175588781295206e-6	2.0564702073224377e-6	-2.50764264720503e-6	2.2219021366024e-6
1637	-1.9445049479189867e-6	5.095201196361399e-6	-1.6039251247796069e-6	-7.570873983702227e-6
1638	-4.378924443776461e-6	-6.022379630525678e-6	3.7245276221351874e-6	4.435633798349922e-6
1639	5.137579215405197e-6	-5.91650532630984e-7	-1.5766476551486622e-6	3.7578568894043374e-6
1640	4.09806654946494e-7	6.6194430096444245e-6	-2.230806587585339e-6	-7.80811636038308e-6
1641	-5.262072887630791e-6	-4.482671785551742e-6	3.3388696657352474e-6	3.0883054278836854e-6
1642	3.5120884042054327e-6	-3.3242891284160165e-6	-6.452061498356735e-7	5.17970240419539e-6
1643	2.4734221946774846e-6	7.130762514208673e-6	-2.6316078838333447e-6	-7.690885724670797e-6
1644	-5.206004760638041e-6	-2.088081301452268e-6	2.7656081551312705e-6	1.5505887103983606e-6
1645	1.4720375787026574e-6	-5.670177080681494e-6	2.2221202245922683e-7	6.410159466941097e-6
1646	3.917754581005009e-6	6.481761554005296e-6	-2.7956718327681827e-6	-7.213348106114852e-6
1647	-4.296666781460193e-6	7.960241770507106e-7	2.0561659559909313e-6	-1.129304626034221e-7
1648	-5.927971314958996e-7	-7.208469184778747e-6	9.737531256552475e-7	7.384344208101311e-6
1649	4.550478733798998e-6	4.725622049243563e-6	-2.7250888506743775e-6	-6.385422340169683e-6
1650	-2.769691176966866e-6	3.6997689857726602e-6	1.265714490948725e-6	-1.8209926744637828e-6
1651	-2.318182618727052e-6	-7.641581097657864e-6	1.5577284911347513e-6	8.04151864182762e-6
1652	4.335415593535611e-6	2.1076428557995954e-6	-2.4311396465690883e-6	-5.242502788513205e-6
1653	-9.516158540092304e-7	6.136243457374089e-6	4.543169694471173e-7	-3.4876524502062036e-6
1654	-3.4350169004164442e-6	-6.8455847109589895e-6	1.936682209377575e-6	8.341635780462885e-6
1655	3.4003481278752257e-6	-9.670016321000664e-7	-1.9444788085712106e-6	-3.828169696120491e-6
1656	7.987145754964187e-7	7.674981267896494e-6	-3.1738642986902306e-7	-5.027300293724775e-6
1657	-3.8041823765778132e-6	-4.904826118161567e-6	2.0898189247072703e-6	8.259344460279036e-6
1658	1.9888815964573502e-6	-4.008231407405714e-6	-1.3099634405314519e-6	-2.2090927774091513e-6
1659	2.165909953176259e-6	8.033457781483394e-6	-9.875270086813476e-7	-6.353725493523787e-6
1660	-3.4368999729926684e-6	-2.102846760265145e-6	2.0104367174656813e-6	7.790192502588873e-6
1661	4.1539065650958313e-7	-6.507650431289655e-6	-5.821704798671893e-7	-4.694172317984502e-7
1662	2.9414256767606867e-6	7.109851667768718e-6	-1.504385546799379e-6	-7.399348879035462e-6
1663	-2.4854190806005804e-6	1.1296998315617619e-6	1.7108805436982133e-6	6.960276994481491e-6
1664	-1.0019917150238766e-6	-8.035253186591882e-6	1.797656653684924e-7	1.3029728279110969e-6
1665	3.038014364109663e-6	5.015364451755955e-6	-1.8299315990077514e-6	-8.11154288649029e-6
1666	-1.201780599086977e-6	4.2657924150164985e-6	1.219939311258731e-6	5.804412894858539e-6
1667	-1.9983898966552867e-6	-8.316971349759554e-6	9.102306766093781e-7	3.0234024419284434e-6
1668	2.515223951616512e-6	2.0696998397446214e-6	-1.936782421005974e-6	-8.451703352317461e-6
1669	1.2143211136388673e-7	6.7884971083679126e-6	5.7577825692158e-7	4.38253266396927e-6
1670	-2.4248758422028e-6	-7.27803892167159e-6	1.546084347693802e-6	4.601471032014956e-6
1671	1.5519584702327808e-6	-1.263072914440158e-6	-1.813733843255761e-6	-8.40551970950435e-6
1672	1.2004440974440832e-6	8.280055220911154e-6	-1.7262142127803455e-7	2.766220720269392e-6
1673	-2.2525282488116312e-6	-5.067533715093059e-6	2.04184319727238e-6	5.96538248881014e-6
1674	3.9792116002231067e-7	-4.447868971745265e-6	-1.4662415328447126e-6	-7.97426833082057e-6
1675	1.8287980433539045e-6	8.486300138791309e-6	-9.665827174959296e-7	1.0305570505292901e-6
1676	-1.5769626904917444e-6	-2.024865220033378e-6	2.3427127037421386e-6	7.047119011046781e-6
1677	-6.743761807420878e-7	-6.965829805197557e-6	-9.086419872817578e-7	-7.185356116851578e-6
1678	1.908803757933381e-6	7.355485233293419e-6	-1.7403517795372048e-6	-7.321757722197275e-7
1679	-5.960075021716907e-7	1.3626957359821188e-6	2.4180370005062864e-6	7.789271071904272e-6
1680	-1.4180927089110894e-6	-8.410225795478807e-6	-1.823897808827347e-7	-6.07150677508504e-6
1681	1.4610826436998348e-6	5.064434273011562e-6	-2.4253353258698914e-6	-2.4381311595479914e-6
1682	4.307238351166938e-7	4.550485929802281e-6	2.2505392886216338e-6	8.159098360856809e-6
1683	-1.6765054843534164e-6	-8.54292532029576e-6	6.594751430927848e-7	-4.6944119690397275e-6
1684	6.294246267939493e-7	1.9776280148388867e-6	-2.958485191492538e-6	-4.003254586046168e-6
1685	1.253558557979661e-6	7.027194117259159e-6	1.8419370280035613e-6	8.144096512154991e-6
1686	-1.4087668602657697e-6	-7.343311924783398e-6	1.5530521297065342e-6	-3.1301499596836204e-6
1687	-3.6766135982444216e-7	-1.4090249662726967e-6	-3.2948615768912946e-6	-5.346991673469411e-6
1688	1.662721596207334e-6	8.405988127239786e-6	1.2102896713210123e-6	7.755541091067102e-6
1689	-6.881097017256097e-7	-5.013659002142099e-6	2.4386434721803142e-6	-1.4638055445620604e-6
1690	-1.2720215783573886e-6	-4.553881203333391e-6	-3.3978664270390613e-6	-6.401434911787297e-6
1691	1.5530964400727174e-6	8.476561721623283e-6	3.888818524800691e-7	7.020271644584768e-6
1692	3.0487168300409235e-7	-1.9284171444107106e-6	3.2466400637970132e-6	2.1351318705169882e-7
1693	-1.8498162892733328e-6	-6.971599458380706e-6	-3.2458611558904416e-6	-7.12205787638366e-6
1694	9.358569469651183e-7	7.23752996321989e-6	-5.72496995331206e-7	5.9828879354450115e-6
1695	1.3282070611604434e-6	1.4194106421449108e-6	3.91276028014084e-6	1.8235786398299414e-6
1696	-1.9330001983019703e-6	-8.28331168601689e-6	-2.829985913383092e-6	-7.4842456818478676e-6
1697	-6.257847951431572e-8	4.901613571971174e-6	-1.6167848422708318e-6	4.705040008423611e-6
1698	2.1232490254074154e-6	4.494084084897498e-6	4.383070600766675e-6	3.2843943794060264e-6
1699	-1.4603535521470529e-6	-8.294304728413688e-6	-2.161169241077569e-6	-7.482402159870529e-6
1700	-1.222524301992948e-6	1.8499509999642865e-6	-2.6759864075867272e-6	3.2614060501493657e-6
1701	2.467871652075624e-6	6.8182224970336255e-6	4.611688303805188e-6	4.528643252425775e-6
1702	-4.984121258793076e-7	-7.025906092424081e-6	-1.2741093641722523e-6	-7.127374166752607e-6
1703	-2.2793654478097566e-6	-1.4166000748063739e-6	-3.67862723076718e-6	1.7329202554434525e-6
1704	2.2302502449533512e-6	8.035700111143704e-6	4.56892269338704e-6	5.495223545326491e-6
1705	7.79906561820002e-7	-4.703076177382292e-6	-2.0947561400832704e-7	-6.4549171054706474e-6
1706	-2.972317748778938e-6	-4.379658193777543e-6	-4.558633344095438e-6	2.0738418988927937e-7
1707	1.3987861096305698e-6	7.980565439950678e-6	4.242087207062164e-6	6.1453246801470305e-6
1708	2.1124118582665197e-6	-1.7243384551142296e-6	9.704805027231043e-7	-5.515768490274211e-6
1709	-3.094983688169418e-6	-6.575570371273691e-6	-5.251750785105229e-6	-1.2376816695514506e-6
1710	9.352185119977979e-8	6.693176656384602e-6	3.6403880686233458e-6	6.463228924454105e-6
1711	3.210532089881511e-6	1.4237848871974084e-6	2.2023131874112567e-6	-4.373620649647743e-6
1712	-2.5453319382106444e-6	-7.67812369338874e-6	-5.705609863298669e-6	-2.5337447505036935e-6
1713	-1.459977340896369e-6	4.413651979652594e-6	2.7796429375271923e-6	6.452046118630424e-6
1714	3.801663633947169e-6	4.2293385982336455e-6	3.4187951086967738e-6	-3.096838384392837e-6
1715	-1.3643674112976167e-6	-7.549610724257996e-6	-5.881362546394927e-6	-3.6205943795945245e-6
1716	-2.9551468340156876e-6	1.5406460014142809e-6	1.6955866404546307e-6	6.127157499096987e-6
1717	3.70095652722479e-6	6.267644872195698e-6	4.548314517435449e-6	-1.7601348770711875e-6
1718	2.7615889503700827e-7	-6.256991470044315e-6	-5.764484349115708e-6	-4.449389450427664e-6
1719	-4.08428074337626e-6	-1.4459889990856278e-6	4.423568451732783e-7	5.524740762296798e-6
1720	2.84629056452714e-6	7.238101849014644e-6	5.526999988218976e-6	-4.3621844446375895e-7
1721	2.0952769206633236e-6	-4.044417547274394e-6	-5.341286804138134e-6	-4.988263888091944e-6
1722	-4.5792271836718066e-6	-4.060645535806912e-6	-9.308034794965736e-7	4.692721807027341e-6
1723	1.327626243606311e-6	7.027653457246602e-6	6.2874661254562824e-6	8.021814888416027e-7
1724	3.751933176978781e-6	-1.308713053852434e-6	-4.612486557961858e-6	-5.2258256508456714e-6
1725	-4.268347119322748e-6	-5.900272729471404e-6	-2.3439448459053995e-6	3.6914878857092013e-6
1726	-6.305988854455844e-7	5.727127225671401e-6	6.778741364303215e-6	1.8903094946212066e-6
1727	4.913282381374475e-6	1.4768431593633493e-6	-3.6122973016903183e-6	-5.1635491097790305e-6
1728	-3.1297007283832807e-6	-6.7061656151894946e-6	-3.717909040677293e-6	2.5814577981096465e-6
1729	-2.6955665871190286e-6	3.59668769485533e-6	6.9631046708117e-6	2.775773330596577e-6
1730	5.316220694263022e-6	3.85621616368959e-6	-2.377788181176579e-6	-4.8301565553130574e-6
1731	-1.304166292596087e-6	-6.3974023537518285e-6	-4.981392461552027e-6	1.4398470786685697e-6
1732	-4.496382707184049e-6	1.027688502979428e-6	6.818532112808522e-6	3.4161911371316555e-6
1733	4.815002735788223e-6	5.466071305601989e-6	-9.71118141361571e-7	-4.261492395494322e-6
1734	9.402677452188721e-7	-5.088098027625762e-6	-6.0655393773525866e-6	3.3476160947390586e-7
1735	-5.686171665058265e-6	-1.5269955734146759e-6	6.345608898014655e-6	3.7940361723204304e-6
1736	3.4198583839334773e-6	6.082839681214778e-6	5.421587348392696e-7	-3.504912577727881e-6
1737	3.228976617211262e-6	-3.051296119789449e-6	-6.910629699724415e-6	-6.721807169318847e-7
1738	-6.008642369557198e-6	-3.6373907817317497e-6	5.555709219919251e-6	3.902669753768936e-6
1739	1.3177468601884564e-6	5.660877570078189e-6	2.0850235568692056e-6	-2.615586996568567e-6
1740	5.161557070566135e-6	-6.74633696146561e-7	-7.461369389025815e-6	-1.528696783774944e-6
1741	-5.334827796118471e-6	-4.982205005528921e-6	4.479679288731363e-6	3.7508898428969195e-6
1742	-1.1831008855725226e-6	4.340092051547626e-6	3.5807853010089256e-6	-1.6539326623289697e-6
1743	6.379101216793658e-6	1.6084376134099363e-6	-7.68622495098707e-6	-2.1884320409347714e-6
1744	-3.7110252180511103e-6	-5.378925553219189e-6	3.1699517661799592e-6	3.363942709358002e-6
1745	-3.673973274238171e-6	2.4106897963316535e-6	4.954656221061469e-6	-6.916630371103091e-7
1746	6.626975473741079e-6	3.407258523869442e-6	-7.5670080930498015e-6	-2.6175744260498533e-6
1747	-1.3532582338906448e-6	-4.8251890087073165e-6	1.6882019342397766e-6	2.780737201029445e-6
1748	-5.726635170757827e-6	2.5819988741649694e-7	6.133689786847383e-6	2.1294738070436797e-7
1749	5.791979121913901e-6	4.445609416661708e-6	-7.1077245551893965e-6	-2.8022915078430176e-6
1750	1.3804246101173417e-6	-3.4980608478657053e-6	1.0238863302075802e-7	2.047969679353484e-6
1751	-6.963889759954807e-6	-1.715437359467006e-6	7.062540349056979e-6	1.0001030319550405e-6
1752	3.952525352705794e-6	4.603322024305138e-6	-6.324574679979218e-6	-2.737216259989411e-6
1753	4.0432906235435625e-6	-1.6981538987309508e-6	-1.515667811033245e-6	1.223117817372647e-6
1754	-7.13069077162241e-6	-3.1705160497510087e-6	7.693401722901818e-6	1.6206099644539206e-6
1755	1.375214353844113e-6	3.918371964542472e-6	-5.253508825445641e-6	-2.4367473874763522e-6
1756	6.176293343792649e-6	2.0831625377178618e-7	-3.0914122931843057e-6	3.675955924167802e-7
1757	-6.1413468090007325e-6	-3.885022418148579e-6	7.994559902632221e-6	2.0349818016532843e-6
1758	-1.5428341523041688e-6	2.5892225098117205e-6	-3.9354769535326105e-6	-1.9302904369604917e-6
1759	7.402101689546798e-6	1.8557987031973866e-6	-4.552013810032816e-6	-4.5569372791366606e-7
1760	-4.114370013842512e-6	-3.7907626776303948e-6	7.94525270823141e-6	2.2138865237341192e-6
1761	-4.325802346316065e-6	9.25750186772977e-7	-2.4279332863076393e-6	-1.2598573282045606e-6
1762	7.4789286348935266e-6	2.9496053234140873e-6	-5.821630122195185e-6	-1.18269878645439e-6
1763	-1.3585627610542278e-6	-2.966888790901913e-6	7.544398172961655e-6	2.148974293133873e-6
1764	-6.503147763147843e-6	-7.237556303229848e-7	-8.059591001695426e-7	-4.855986704695501e-7
1765	6.354674416198294e-6	3.323771040826945e-6	-6.8352932207382925e-6	-1.7588407480590058e-6
1766	1.6938531601188333e-6	-1.6349065742249395e-6	6.806943460959056e-6	1.852383611559576e-6
1767	-7.695319488072269e-6	-2.0263113612402757e-6	8.542542170759804e-7	3.323546945316436e-7
1768	4.181730615608151e-6	2.9585766105360257e-6	-7.544016109011281e-6	-2.137870285206873e-6
1769	4.545570587952947e-6	-1.1173498603990529e-7	5.763802337095454e-6	1.343728787586522e-6
1770	-7.685491897622998e-6	-2.739145348710611e-6	2.4725732715554588e-6	1.131732566219576e-6
1771	1.3024240408598267e-6	1.9826434047125074e-6	-7.913354541651597e-6	-2.2907449530432544e-6
1772	6.720805548482718e-6	1.2653969213516757e-6	4.472425376216679e-6	6.674697049324234e-7
1773	-6.4499888118473805e-6	-2.7506876705310983e-6	3.965732364786779e-6	1.849349816148498e-6
1774	-1.8208148435892069e-6	6.495782060806112e-7	-7.928613793871463e-6	-2.2069937268082347e-6
1775	7.860765146557534e-6	2.2065150308011687e-6	2.9924468694528903e-6	-1.3039497448867142e-7
1776	-4.1809426699406646e-6	-2.10560038365349e-6	5.266994949723629e-6	2.430779670679804e-6
1777	-4.6847094339506005e-6	-7.211658465733597e-7	-7.5845928922821605e-6	-1.8868258438792407e-6
1778	7.772858488708691e-6	2.5208364176003883e-6	1.393948117397807e-6	-9.897750121903493e-7
1779	-1.2418403203774096e-6	-9.792579875354005e-7	6.313510936303255e-6	2.826403380308584e-6
1780	-6.828637430302711e-6	-1.8127541735995667e-6	-6.901297501968584e-6	-1.3454720318440528e-6
1781	6.456427489268298e-6	2.1636197267278513e-6	-2.3882881670715866e-7	-1.8542687099400093e-6
1782	1.904135302427124e-6	3.4741749679278524e-7	7.053337751916815e-6	3.0039244882808046e-6
1783	-7.903629841475453e-6	-2.37647988577483e-6	-5.917023845284482e-6	-6.111225793887747e-7
1784	4.129291097479266e-6	1.234554043996932e-6	-1.8247995149984547e-6	-2.6586091818892393e-6
1785	4.742707246895735e-6	1.5566811272886749e-6	7.449751622835552e-6	2.93433199198922e-6
1786	-7.740677327734272e-6	-2.2861194096906165e-6	-4.686426662251919e-6	2.760599554171696e-7
1787	1.1713006210971248e-6	-3.8735691935269204e-8	-3.283110784125031e-6	-3.3371354781621767e-6
1788	6.821994175143794e-6	2.3514488974533264e-6	7.493272719163111e-6	2.604758346299739e-6
1789	-6.36723532734665e-6	-1.5569574557744564e-6	-3.2807081287829744e-6	1.2571601654058315e-6
1790	-1.942788669662402e-6	-1.3490533794884927e-6	-4.543726931010231e-6	-3.82999774482277e-6
1791	7.814510599478898e-6	2.5352150433248845e-6	7.19167180463268e-6	2.0201294454113856e-6
1792	-4.0210761874162596e-6	-3.611009642347947e-7	-1.774504352030077e-6	2.264992203290668e-6
1793	-4.710017562051616e-6	-2.3832237448558917e-6	-5.547983098258783e-6	-4.090012690159768e-6
1794	7.581792274754471e-6	2.050719993707145e-6	6.568441022875615e-6	1.207784447904037e-6
1795	-1.0907942663222754e-6	1.035859638307828e-6	-2.4344282682076433e-7	3.2296255665106433e-6
1796	-6.693373096380373e-6	-2.8843543537275807e-6	-6.254699354722058e-6	-4.087459902656165e-6
1797	6.178739348551736e-6	9.755415418213836e-7	5.666240387608563e-6	2.0857750915134157e-7
1798	1.9421035728822194e-6	2.320782274616634e-6	1.2357096796535483e-6	4.08511754321707e-6
1799	-7.596497511902289e-6	-2.7053825746045347e-6	-6.6388820450769174e-6	-3.8020606005353335e-6
1800	3.854758571784662e-6	-4.7555512349350537e-7	4.53911146349203e-6	-9.175436577036169e-7
1801	4.591850591678715e-6	3.191552608903223e-6	2.584399835273723e-6	4.760334248884045e-6
1802	-7.303646472209133e-6	-1.8379372736688085e-6	-6.692387208944781e-6	-3.231025629734334e-6
1803	1.0037882224848161e-6	-2.0026987109523404e-6	3.255235359933794e-6	-2.1062162730485277e-6
1804	6.454205589320254e-6	3.416322583154587e-6	3.741608278488214e-6	5.200292080310555e-6
1805	-5.894741682765334e-6	-4.233376252008359e-7	-6.420797817654683e-6	-2.393462950336646e-6
1806	-1.9057066771370785e-6	-3.273069703043806e-6	1.8854283443525337e-6	-3.28238043820532e-6
1807	7.260356120693458e-6	2.890380895638171e-6	4.650511865654789e-6	5.360097961484487e-6
1808	-3.6313948346782953e-6	1.2760643794095135e-6	-5.851443770487252e-6	-1.3294344324655186e-6
1809	-4.4051990818460395e-6	-3.987702310497014e-6	5.103493291668106e-7	-4.365925308342655e-6
1810	6.918950896803638e-6	1.662017755738224e-6	5.273617548683018e-6	5.2063374833309605e-6
1811	-8.99126402646268e-7	2.92188875998835e-6	-5.033185300633188e-6	-9.193661789982467e-8
1812	-6.124671026707349e-6	-3.950014582649521e-6	-8.005468777217109e-7	-5.282344179231352e-6
1813	5.523011084243361e-6	-7.2900041741739e-8	5.593347599602989e-6	4.736664344793844e-6
1814	1.8483949941405217e-6	4.174975935360176e-6	-4.020026539831353e-6	1.249560294675334e-6
1815	-6.816709006126959e-6	-3.0959805826433674e-6	-1.981763881501403e-6	-5.968083832355073e-6
1816	3.3383394603069654e-6	-2.002530632083369e-6	5.60297235158429e-6	3.968947637616255e-6
1817	4.16819960403799e-6	4.744173824611672e-6	-2.8761561524272445e-6	2.6209201600874765e-6
1818	-6.416414096437815e-6	-1.5293999662718518e-6	-2.971136872302256e-6	-6.372183953696896e-6
1819	7.497125102622177e-7	-3.7610475113016726e-6	5.323271227955588e-6	2.9334668099281712e-6
1820	5.714776546270888e-6	4.458617210217156e-6	-1.6736181149798763e-6	3.939132350408245e-6
1821	-5.037569639488297e-6	5.036576671133022e-7	-3.727291131960524e-6	-6.460357464467429e-6
1822	-1.8064236386038663e-6	-4.999177853655917e-6	4.7816140924466565e-6	1.6738699631212205e-6
1823	6.281923362433197e-6	3.299707914837542e-6	-4.7057312726791835e-7	5.12822957744917e-6
1824	-2.954355836615455e-6	2.652266969365914e-6	-4.213947874643002e-6	-6.214911304179569e-6
1825	-3.9158630209697995e-6	-5.437729290105756e-6	4.018551240176962e-6	2.538849858683115e-7
1826	5.821442754505952e-6	1.4184274154062773e-6	6.511919625767093e-7	6.117981107762391e-6
1827	-5.396823385470751e-7	4.520455764912991e-6	-4.409868905962287e-6	-5.644050356724814e-6
1828	-5.265017341460767e-6	-4.92628703850494e-6	3.092927881487829e-6	-1.2540645641315753e-6
1829	4.467327377825361e-6	-8.904303335826505e-7	1.6244883015472067e-6	6.849613235501026e-6
1830	1.7852682137730763e-6	5.7479427331448794e-6	-4.320306313762745e-6	-4.76013892642329e-6
1831	-5.682165234646857e-6	-3.4882442355920053e-6	2.069041215547436e-6	-2.7728873380757707e-6
1832	2.5081592789163976e-6	-3.2372062088445725e-6	2.3949678042550938e-6	7.273809462633495e-6
1833	3.644221337484562e-6	6.067323318466049e-6	-3.9649340747114235e-6	-3.5987859103278315e-6
1834	-5.157658795959198e-6	-1.3233799708862007e-6	1.0187012536524734e-6	-4.215851814337686e-6
1835	3.044042042071782e-7	-5.203687494759007e-6	2.923772773842118e-6	7.360302495147668e-6
1836	4.767341749263629e-6	5.353245918707053e-6	-3.386697532848374e-6	-2.2177775722664805e-6
1837	-3.844874255552814e-6	1.231567461954713e-6	1.739899383010425e-8	-5.507917763872477e-6
1838	-1.753850249034406e-6	-6.424525050768378e-6	3.190681501762261e-6	7.096894412044901e-6
1839	5.023278189762557e-6	3.6709400278529168e-6	-2.633259103489203e-6	-6.81812646280308e-7
1840	-2.0274461515883356e-6	3.751876269717099e-6	-8.694016957421681e-7	-6.5858055362483216e-6
1841	-3.3396879103793526e-6	-6.638747666889047e-6	3.190048485697697e-6	6.493680888262922e-6
1842	4.430731966032689e-6	1.2571990193566809e-6	-1.7647496352738265e-6	9.324697318615151e-7
1843	-5.268488180590503e-8	5.8075832782128465e-6	-1.5815594033799479e-6	-7.388848055242074e-6
1844	-4.219816783236825e-6	-5.747140112603397e-6	2.9339459995931324e-6	5.568642750088153e-6
1845	3.160677191570308e-6	-1.5168356249874186e-6	-8.54500933403832e-7	2.5513123135588953e-6
1846	1.7278224894237646e-6	7.02301312154586e-6	-2.0789576555282522e-6	-7.869157164178158e-6
1847	-4.302510273928513e-6	-3.845010181939463e-6	2.457593832288001e-6	4.362296768799212e-6
1848	1.4917361801968051e-6	-4.196963388876949e-6	2.1452178882799128e-8	4.0889691010400305e-6
1849	3.0221372415979753e-6	7.13964915559756e-6	-2.3292582166903813e-6	-7.998952822819084e-6
1850	-3.633436274328767e-6	-1.2072077141930986e-6	1.8059816340813146e-6	2.9267538602998022e-6
1851	-2.468932030780809e-7	-6.3233379301133375e-6	8.00910419786631e-7	5.477079309277018e-6
1852	3.640795310589665e-6	6.084858259100673e-6	-2.3300301756569325e-6	-7.768996158196066e-6
1853	-2.3966816875737475e-6	1.7517606935665445e-6	1.0380893606456562e-6	1.333791944240979e-6
1854	-1.7315771953984776e-6	-7.516407115357319e-6	1.429460722958162e-6	6.63684876585752e-6
1855	3.5233747967531415e-6	3.9891759929977066e-6	-2.0919741589527623e-6	-7.183759531871439e-6
1856	-8.774301578312251e-7	4.554408764217996e-6	2.1893510703692978e-7	-3.3986358654128376e-7
1857	-2.7031259803517595e-6	-7.541302616787038e-6	1.8703982365055208e-6	7.509180723471356e-6
1858	2.7542959441288516e-6	1.1693685488220787e-6	-1.6471015902138683e-6	-6.266284800988822e-6
1859	6.080940888893277e-7	6.731001391516194e-6	-5.875443765727755e-7	-2.0179750598384786e-6
1860	-3.02480954049295e-6	-6.34787905456673e-6	2.095548708880135e-6	8.054861015112145e-6
1861	1.542044059909225e-6	-1.9341177423568427e-6	-1.0274178549801686e-6	-5.063627063456437e-6
1862	1.769150464704517e-6	7.899841128145233e-6	-1.324172952199944e-6	-3.614924219857714e-6
1863	-2.684491031474887e-6	-4.100717099376176e-6	2.08168919874766e-6	8.245307402592029e-6
1864	1.794037965656914e-7	-4.825355437673822e-6	-2.7643027170669137e-7	-3.6311635236592055e-6
1865	2.3950315730865215e-6	7.840529349340579e-6	-1.934444930588507e-6	-5.050584715634897e-6
1866	-1.8044841413225472e-6	-1.1384507283827778e-6	1.8306288701706697e-6	8.066497668881249e-6
1867	-1.0355088334725163e-6	-7.027596850593003e-6	5.468877099891836e-7	-2.0422967486278348e-6
1868	2.394243401619337e-6	6.530588217649116e-6	-2.369370317741392e-6	-6.25555030035515e-6
1869	-6.20942801911963e-7	2.0690716082724665e-6	1.3573585617680722e-6	7.531074781449134e-6
1870	-1.8445881232069228e-6	-8.161091435061449e-6	1.3853906127618618e-6	-3.7520512970488604e-7
1871	1.8125647246690448e-6	4.159481749109584e-6	-2.5909127839469976e-6	-7.167920505447185e-6
1872	5.713955227997549e-7	5.014896942404508e-6	6.90092931183334e-7	6.667036684268609e-6
1873	-2.0915465636877906e-6	-8.023240875662667e-6	2.1661106839056864e-6	1.285820576200758e-6
1874	8.178305928681126e-7	1.0970409942489236e-6	-2.566364755381465e-6	-7.756352950238568e-6
1875	1.4904094799689988e-6	7.210615090625491e-6	-1.2706123931058498e-7	5.528412348944241e-6
1876	-1.7522985009246495e-6	-6.6139587635431465e-6	2.8329370807291123e-6	2.858779085102724e-6
1877	-3.279441400874186e-7	-2.1735708129916476e-6	-2.292015040931149e-6	-7.994551778398842e-6
1878	1.9255755882902877e-6	8.293641697433126e-6	-1.040150210714006e-6	4.174065057803093e-6
1879	-9.243723798774298e-7	-4.151930095972245e-6	3.3290299338843078e-6	4.273095933209724e-6
1880	-1.3350048319904917e-6	-5.127727306215326e-6	-1.7729731229996648e-6	-7.883163316839684e-6
1881	1.7882713600444571e-6	8.078175651138979e-6	-1.986765061509564e-6	2.674918701208777e-6
1882	1.8120322021985777e-7	-1.0285336352438516e-6	3.6037109113692905e-6	5.466388207223583e-6
1883	-1.953248418177556e-6	-7.288836680883401e-6	-1.0339837281103608e-6	-7.4358887552718825e-6
1884	1.1083258704027155e-6	6.5915391246902086e-6	-2.8992504274214105e-6	1.10127675905863e-6
1885	1.2869634199593555e-6	2.2570088270236573e-6	3.623921957607965e-6	6.394601058825661e-6
1886	-2.018198932497229e-6	-8.306979183296743e-6	-1.1170177284924246e-7	-6.68303788205689e-6
1887	3.347885743840991e-8	4.074691210422492e-6	-3.7100608663448957e-6	-4.759929829240623e-7
1888	2.1116994362708736e-6	5.178826356884715e-6	3.3721650562595813e-6	7.015581240635229e-6
1889	-1.4890764404623294e-6	-8.015470081657946e-6	9.37061323856434e-7	-5.661807939268272e-6
1890	-1.1877535321214866e-6	9.356224398220465e-7	-4.351832881934464e-6	-1.9812829520134483e-6
1891	2.423901363384102e-6	7.265232792929049e-6	2.846149170154434e-6	7.304254511841623e-6
1892	-4.5907192302066414e-7	-6.465816318405931e-6	2.0445481613663945e-6	-4.424821468116926e-6
1893	-2.252689691209338e-6	-2.3094501953905215e-6	-4.767298403110258e-6	-3.342975736914342e-6
1894	2.1099882717786677e-6	8.189141084621595e-6	2.069930702308105e-6	7.259672103297405e-6
1895	8.611204321840033e-7	-3.928892143068847e-6	3.141529037403772e-6	-3.0393208249323304e-6
1896	-2.8844830578751683e-6	-5.140387382023129e-6	-4.920355674730572e-6	-4.496141790702637e-6
1897	1.1868405756175418e-6	7.81712877153478e-6	1.0760878190452577e-6	6.893898792457609e-6
1898	2.1861089418919992e-6	-8.302325307675205e-7	4.154726490115562e-6	-1.5786165272197834e-6
1899	-2.8848172232861843e-6	-7.116526391415714e-6	-4.784240679158734e-6	-5.392722299914218e-6
1900	-1.8686803878788044e-7	6.2334493984443596e-6	-8.158333024059249e-8	6.232571876713869e-6
1901	3.1998264126102728e-6	2.3228147843258746e-6	5.016076353835614e-6	-1.157273618349159e-7
1902	-2.1883854486903605e-6	-7.939451231032446e-6	-4.349978270122771e-6	-5.998167665267766e-6
1903	-1.7412605186228774e-6	3.719775740122051e-6	-1.3392652835661113e-6	5.3143960766363115e-6
1904	3.6299810334776017e-6	5.030355343207453e-6	5.667291034754611e-6	1.2740415837002482e-6
1905	-8.842361195532812e-7	-7.5041090811305685e-6	-3.633724059328814e-6	-6.28954575933668e-6
1906	-3.1540114665802465e-6	7.089206346140325e-7	-2.628464373040379e-6	4.197391186687427e-6
1907	3.3200609969997498e-6	6.869867691500451e-6	6.059707896751182e-6	2.518087598636437e-6
1908	8.101093067288645e-7	-5.910369203516117e-6	-2.6539111143856143e-6	-6.261597678529486e-6
1909	-4.102241244346835e-6	-2.3021949921421573e-6	-3.8831337615723996e-6	2.9467567387907343e-6
1910	2.259214060963783e-6	7.5763674077561286e-6	6.156668440453326e-6	3.555036084231992e-6
1911	2.575990667497686e-6	-3.4622080175314033e-6	-1.4557398449602294e-6	-5.922089514849393e-6
1912	-4.333743144213936e-6	-4.835200972116245e-6	-5.024318589900663e-6	1.635983371244608e-6
1913	5.97406214394722e-7	7.0753346259424575e-6	5.937481725048599e-6	4.336425355265202e-6
1914	4.067523388504572e-6	-5.871235137249772e-7	-1.0356263023363229e-7	-5.305323771767854e-6
1915	-3.7349500436918446e-6	-6.505486790204259e-6	-5.980670089049841e-6	3.434937700039906e-7
1916	-1.3911601159401157e-6	5.4964034797855875e-6	5.396478641914977e-6	4.836569382739443e-6
1917	4.954690198825489e-6	2.2336654680038277e-6	1.3437870979802018e-6	-4.467244029237272e-6
1918	-2.3422452082061952e-6	-7.08010356311914e-6	-6.697042625647416e-6	-8.55843694709087e-7
1919	-3.3527925399035856e-6	3.1479846905610987e-6	4.548842590947125e-6	5.039556054187684e-6
1920	5.011180399376847e-6	4.554900158390947e-6	2.8132008543065297e-6	-3.4671545401607803e-6
1921	-3.574566114634102e-7	-6.520876824708331e-6	-7.126308671554643e-6	-1.8993203245484913e-6
1922	-4.913557519252696e-6	4.5212117437138766e-7	3.4335916243904756e-6	4.94943718571006e-6
1923	4.150922532504413e-6	6.026525824841511e-6	4.226665919251891e-6	-2.3751542448134817e-6
1924	1.8954112935307363e-6	-4.9761053935589325e-6	-7.237398304082188e-6	-2.73261699308462e-6
1925	-5.746887893963153e-6	-2.1386585394538792e-6	2.093635608578836e-6	4.5902500624965945e-6
1926	2.4596836282277352e-6	6.4599185804347115e-6	5.512789330198977e-6	-1.2602651845934194e-6
1927	4.030798546022327e-6	-2.7611433579827447e-6	-7.004848456699834e-6	-3.326771995320515e-6
1928	-5.643134140832298e-6	-4.212269249229384e-6	5.801834835704684e-7	4.008265934375038e-6
1929	1.8410049838905758e-7	5.847916705356102e-6	6.60310534247526e-6	-1.9394128209153426e-7
1930	5.657447147109006e-6	-2.7841876086784087e-7	-6.427140427729472e-6	-3.6586626418288693e-6
1931	-4.543405540263842e-6	-5.4646801337669724e-6	-1.0324031994162137e-6	3.248738934422205e-6
1932	-2.3129925484839825e-6	4.35845576096471e-6	7.43295904144167e-6	7.660448472013136e-7
1933	6.439110213942677e-6	2.0444494145452162e-6	-5.51745274870592e-6	-3.724551316104471e-6
1934	-2.5776473307600406e-6	-5.747674385855257e-6	-2.6697352516636064e-6	2.3724502009298477e-6
1935	-4.604095462463919e-6	2.300556717261635e-6	7.949239379308049e-6	1.558211159915693e-6
1936	6.18301975459612e-6	3.8403745733919955e-6	-4.30667783129148e-6	-3.5373904371383312e-6
1937	-4.169360448426626e-8	-5.085056968050318e-6	-4.24858156881156e-6	1.4503589874830943e-6
1938	-6.276620690142581e-6	6.475609815114191e-8	8.109709922618131e-6	2.1430589374568755e-6
1939	4.8692304903384305e-6	4.850657349380771e-6	-2.849314263888865e-6	-3.130812304167619e-6
1940	2.6561044448676534e-6	-3.6614018468474822e-6	-5.685772908992996e-6	5.439862138210971e-7
1941	-7.006456912868092e-6	-1.9587094420374805e-6	7.897165159446948e-6	2.5018901713831055e-6
1942	2.673786392303867e-6	4.972943692380363e-6	-1.211452416323479e-6	-2.5448059173625715e-6
1943	5.070743603488393e-6	-1.7858492594032791e-6	-6.904387214456391e-6	-2.882621776606982e-7
1944	-6.6204293389681575e-6	-3.451429314801658e-6	7.306110598457225e-6	2.6204222640315467e-6
1945	-7.228063004768935e-8	4.258766016833317e-6	5.320128715708295e-7	-1.8327054930650891e-6
1946	6.774879168480418e-6	1.825041734496459e-7	-7.831945869950723e-6	-9.913764151259953e-7
1947	-5.133527420611762e-6	-4.205630592445908e-6	6.35692005438151e-6	2.5046019332138346e-6
1948	-2.9263268046951456e-6	2.906389626914807e-6	2.297871079506769e-6	-1.052785661208845e-6
1949	7.455412224582418e-6	1.8895546208478074e-6	-8.417259703268215e-6	-1.519519281128131e-6
1950	-2.7553663224695946e-6	-4.152520569860966e-6	5.092851346414392e-6	2.1740317979535777e-6
1951	-5.428720039450513e-6	1.216644800381933e-6	3.990006716709953e-6	-2.6811288797773323e-7
1952	6.966191414908761e-6	3.0585737991272033e-6	-8.6253746453545e-6	-1.8368189359703818e-6
1953	1.4892011118871332e-7	-3.3760834430344445e-6	3.5694851555160454e-6	1.6636562659681725e-6
1954	-7.157397355686297e-6	-4.6738354535878435e-7	5.525233186020533e-6	4.6193220462516284e-7
1955	5.346506355535995e-6	3.5301733883468516e-6	-8.436480965891595e-6	-1.9277689392955756e-6
1956	3.1266222649073617e-6	-2.091806869088931e-6	1.8657569896131044e-6	1.0187971945407923e-6
1957	-7.80414633084069e-6	-1.8351248968923512e-6	6.817210250763211e-6	1.0824255156933906e-6
1958	2.828115272140154e-6	3.2888122527241947e-6	-7.861843632770504e-6	-1.7944668006008898e-6
1959	5.696983435724224e-6	-5.992848710392669e-7	7.321978650729674e-8	2.977594329333633e-7
1960	-7.233484155869698e-6	-2.6634814999332845e-6	7.806482150836462e-6	1.5396026946141938e-6
1961	-2.0068079467227448e-7	2.44961800731613e-6	-6.934287660360598e-6	-1.4498378851745214e-6
1962	7.438979833820417e-6	7.876817760785706e-7	-1.7270158428022728e-6	-4.3611510561554413e-7
1963	-5.510342811782711e-6	-2.844390101664598e-6	8.452623728497888e-6	1.7936244701089777e-6
1964	-3.264152121273714e-6	1.2412639634873344e-6	-5.698321463824647e-6	-9.217456031442854e-7
1965	8.050758509206426e-6	1.8043762047154194e-6	-3.448258615676027e-6	-1.1258221861210845e-6
1966	-2.8858576986465685e-6	-2.4078509904713003e-6	8.721313656126982e-6	1.826755651321303e-6
1967	-5.880933519356144e-6	-4.8494366594261926e-8	-4.212735117022021e-6	-2.5410511608827397e-7
1968	7.416570365270973e-6	2.27724013811458e-6	-5.008792842447608e-6	-1.7119163314881564e-6
1969	2.3375788949478793e-7	-1.498761924434575e-6	8.601250658352613e-6	1.631668694060222e-6
1970	-7.623016264873278e-6	-1.1319384052203586e-6	-2.549595768830929e-6	4.994339204670379e-7
1971	5.609970313682888e-6	2.1538333926843167e-6	-6.337782611991119e-6	-2.138664788422095e-6
1972	3.3577919963405835e-6	-3.608820355125325e-7	8.09907291720859e-6	1.2140154271124765e-6
1973	-8.19592711831856e-6	-1.7895409330363046e-6	-7.863519237933513e-7	1.276023381013e-6
1974	2.904092624010194e-6	1.5097324516246379e-6	-7.371265877628542e-6	-2.3599761933352957e-6
1975	5.989107709427355e-6	7.244178319578204e-7	7.24343236596981e-6	6.058941450304129e-7
1976	-7.493956547556111e-6	-1.8985994517747983e-6	9.882967126549393e-7	2.0101471313115214e-6
1977	-2.724591343445383e-7	5.26477615635749e-7	-8.063850487072975e-6	-2.3489457026353302e-6
1978	7.705924133920033e-6	1.4999546539732857e-6	6.0792695216625e-6	-1.5333397221309106e-7
1979	-5.619052009119166e-6	-1.4629382067117985e-6	2.6888706834168396e-6	2.638402740168471e-6
1980	-3.4124731256180437e-6	-5.407073007695521e-7	-8.38478145132549e-6	-2.0969896530996547e-6
1981	8.225190458035814e-6	1.7913611268907908e-6	4.666431092192867e-6	-1.0092877633263645e-6
1982	-2.870215390787157e-6	-6.095070340289602e-7	4.2331171404684415e-6	3.1026251938344642e-6
1983	-6.0205933401383675e-6	-1.4193071491379502e-6	-8.319724585481484e-6	-1.6147314697465118e-6
1984	7.465842967097324e-6	1.532647824416163e-6	3.0773801740754294e-6	-1.8955438927855956e-6
1985	3.1189101892679974e-7	4.490987066373274e-7	5.54591622999131e-6	3.362274217520631e-6
1986	-7.68548391724865e-6	-1.8854859328975968e-6	-7.880134723804933e-6	-9.305511167977488e-7
1987	5.552651519829492e-6	7.847865661355452e-7	1.3948455551909023e-6	-2.747558342841013e-6
1988	3.424789823540148e-6	1.4462617288070199e-6	6.566226526684513e-6	3.390705678658856e-6
1989	-8.148172329364482e-6	-1.8110446983270867e-6	-7.097421011454044e-6	-7.614914471160116e-8
1990	2.7923918532079933e-6	-2.8031514047625106e-7	-2.9343001291444834e-7	-3.5093981168314414e-6
1991	5.9810330889925834e-6	2.1222980281488733e-6	7.248998520778598e-6	3.17067230200407e-6
1992	-7.339604273722113e-6	-1.1816413750676749e-6	-6.01991138750027e-6	8.974841259346755e-7
1993	-3.6419637818461595e-7	-1.4224014474339775e-6	-1.898761996958026e-6	-4.121866751186468e-6
1994	7.572693610315323e-6	2.2813411025960396e-6	7.567913159793172e-6	2.702106451157502e-6
1995	-5.400148754962497e-6	-1.1729562271404456e-7	-4.712458058151204e-6	1.9367006942955766e-6
1996	-3.412416912951716e-6	-2.356274759625089e-6	-3.3406782746723157e-6	-4.537867679033773e-6
1997	7.957278529550966e-6	1.8392548927113789e-6	7.520683233964222e-6	1.994897471441854e-6
1998	-2.652412412615125e-6	1.1647884387254823e-6	-3.253896292318982e-6	2.9774414380888815e-6
1999	-5.872805450563071e-6	-2.8320311528064767e-6	-4.548062793758997e-6	-4.71669396185859e-6
2000	7.0920856814301795e-6	8.45903261223907e-7	7.122533572207119e-6	1.0819063863979111e-6
2001	4.4359123879297425e-7	2.384618379537377e-6	-1.7223141434749178e-6	3.9527345813618815e-6
2002	-7.355981292644812e-6	-2.6867053552754073e-6	-5.4709775290901e-6	-4.6328332765550776e-6
2003	5.133626934481589e-6	-5.250458507254725e-7	6.41687786470937e-6	7.173899388686102e-9
2004	3.3833745259093618e-6	3.2485391710362837e-6	-2.1004157779431634e-7	4.800495410505225e-6
2005	-7.639464797198206e-6	-1.886670122984687e-6	-6.076795281062245e-6	-4.271507351761428e-6
2006	2.432063819988816e-6	-2.0099526304955834e-6	5.457414520053219e-6	-1.1828631986624827e-6
2007	5.69873752044324e-6	3.5234767677645628e-6	1.209736404724663e-6	5.468119625178667e-6
2008	-6.713695282406105e-6	-5.378057890543991e-7	-6.3539460777736126e-6	-3.6374430700977585e-6
2009	-5.539477940715345e-7	-3.3002944081326335e-6	4.303560676886763e-6	-2.4249978907126866e-6
2010	7.03133350394703e-6	3.0789959040941893e-6	2.4735165411563685e-6	5.905206986341476e-6
2011	-4.762292837044474e-6	1.1339110235051784e-6	-6.305453247243751e-6	-2.747203834407132e-6
2012	-3.3299782577075775e-6	-4.096588193980891e-6	3.025637589093942e-6	-3.6522190842388554e-6
2013	7.198989547781791e-6	1.9297637921191124e-6	3.515951827816478e-6	6.070329892874333e-6
2014	-2.1472744370148316e-6	2.816948116890974e-6	-5.950081974084585e-6	-1.6320302312759192e-6
2015	-5.45642030206845e-6	-4.175245186995441e-6	1.7015562817756887e-6	-4.79402422717889e-6
2016	6.221958435514517e-6	2.361624421075357e-7	4.2959508480383406e-6	5.932226921753776e-6
2017	6.788515961465024e-7	4.1747911273988804e-6	-5.3261596986575195e-6	-3.4254857766396375e-7
2018	-6.611165978367062e-6	-3.4432576482478937e-6	4.039376089613597e-7	-5.7770299978715226e-6
2019	4.306849509457338e-6	-1.7187396224885386e-6	4.79155808334846e-6	5.4811690015152135e-6
2020	3.2435047119245786e-6	4.900488761150775e-6	-4.4829992786707385e-6	1.056265835601939e-6
2021	-6.653591721991291e-6	-1.9641754343876813e-6	-7.996975137063089e-7	-6.53942900392847e-6
2022	1.8196161680191333e-6	-3.5843535712949138e-6	4.9938525102196395e-6	4.724438367063083e-6
2023	5.140628438734105e-6	4.790400667674499e-6	-3.4811036779045678e-6	2.496536082867506e-6
2024	-5.633036922858016e-6	4.990549015802894e-8	-1.845172618436765e-6	-7.033159078989864e-6
2025	-7.997098433970709e-7	-4.999566004436724e-6	4.907248943607467e-6	3.686432904022393e-6
2026	6.09301475550554e-6	3.7855934049531374e-6	-2.386135895822557e-6	3.902322268274637e-6
2027	-3.7799511407068236e-6	2.266995904640654e-6	-2.685601109588198e-6	-7.2127173729104074e-6
2028	-3.1095855192845446e-6	-5.653803602336665e-6	4.556419121251364e-6	2.414651585530188e-6
2029	6.000395351307417e-6	2.001521534206195e-6	-1.2649147954014053e-6	5.192954826956946e-6
2030	-1.4524605982496709e-6	4.290579876710848e-6	-3.2891434188978195e-6	-7.056500095147897e-6
2031	-4.748354789084274e-6	-5.363298579177096e-6	3.974578099176688e-6	9.707568265130641e-7
2032	4.943363554447532e-6	-2.9983050205228774e-7	-1.852702413418784e-7	6.2985646006718086e-6
2033	9.258635720285012e-7	5.7456759588066804e-6	-3.6348852794368363e-6	-6.560586293614205e-6
2034	-5.475276154048412e-6	-4.112620704132864e-6	3.2127733211872676e-6	-5.823667882937479e-7
2035	3.1640468984059255e-6	-2.739574480530982e-6	7.899571594352953e-7	7.15856064676487e-6
2036	2.9468366429010885e-6	6.325500085650748e-6	-3.7133244419029445e-6	-5.740192735453451e-6
2037	-5.2343382008428805e-6	-2.055833528597566e-6	2.3219791092607865e-6	-2.167899623485875e-6
2038	1.0229351920170802e-6	-4.896380913643649e-6	1.6103242126113753e-6	7.71895734841688e-6
2039	4.286345956358202e-6	5.873994136021566e-6	-3.5298006728369448e-6	-4.62740926467549e-6
2040	-4.14245045526488e-6	4.950743475336246e-7	1.3678006699003328e-6	-3.7033386321172333e-6
2041	-1.073736546883701e-6	-6.381078510906148e-6	2.2282462371708233e-6	7.944356474455503e-6
2042	4.761603137831014e-6	4.4063818838055075e-6	-3.114561992952182e-6	-3.273326663882704e-6
2043	-2.4585649270744923e-6	3.1254798038174703e-6	4.188459321993898e-7	-5.118697273456449e-6
2044	-2.764894193510744e-6	-6.894734382205958e-6	2.6111515210572635e-6	7.820119426517437e-6
2045	4.366134604292197e-6	2.1188089465508946e-6	-2.5035553772160945e-6	-1.7397035602249582e-6
2046	-5.374403200256483e-7	5.390374534207654e-6	-4.618308929799423e-7	-6.336142571891712e-6
2047	-3.7730820749961822e-6	-6.304854009987164e-6	2.7432669047264352e-6	7.340064108452071e-6
2048	3.2442964954921288e-6	-6.387076859955727e-7	-1.74775665616812e-6	-9.77163319018311e-8
2049	1.2438370815119908e-6	6.896821493556273e-6	-1.2196009683108374e-6	-7.29066960268776e-6
2050	-3.974745892392266e-6	-4.65891950411154e-6	2.6296814417843516e-6	6.518925270314584e-6
2051	1.679949410462621e-6	-3.425618493817578e-6	-9.111871004432643e-7	1.5807990326539266e-6
2052	2.564553834357846e-6	7.358262166997726e-6	-1.7985576853028703e-6	-7.934789614696384e-6
2053	-3.4211963574740824e-6	-2.1859106984442846e-6	2.2853189129168915e-6	5.390194690780095e-6
2054	1.2808113365617261e-8	-5.7774874288676115e-6	-5.419111756561382e-8	3.2147276446121768e-6
2055	3.2212156104552817e-6	6.654316040217285e-6	-2.1654063655831464e-6	-8.231449742826937e-6
2056	-2.2885290514976037e-6	7.369332306122577e-7	1.7402201514752022e-6	4.011611131024973e-6
2057	-1.425633205569896e-6	-7.293742524808925e-6	7.573855345693077e-7	4.716748936104882e-6
2058	3.149063368083159e-6	4.8617192208606094e-6	-2.288906129800479e-6	-8.158708817225431e-6
2059	-8.57566752257317e-7	3.6361787965599766e-6	1.0382678798404438e-6	2.4453928816845087e-6
2060	-2.3651645130886976e-6	-7.700926125681331e-6	1.4529662098808794e-6	6.012129395430865e-6
2061	2.4378089419451616e-6	2.244800683919822e-6	-2.1690673631037166e-6	-7.713698011124007e-6
2062	5.466751394134132e-7	6.039747645039939e-6	2.4907822046924366e-7	7.606027303499176e-7
2063	-2.660153697490377e-6	-6.899454445868302e-6	1.980873237717335e-6	7.037692258820505e-6
2064	1.2941479168512372e-6	-7.913366172857814e-7	-1.819867646456893e-6	-6.921658793916971e-6
2065	1.6323074999125336e-6	7.545805185687804e-6	-5.682001418942616e-7	-9.557339780845536e-7
2066	-2.3104573246332286e-6	-4.996488351539528e-6	2.3027985836635633e-6	7.741192134188263e-6
2067	5.9443372631936765e-9	-3.7605241490575636e-6	-1.2668095464716053e-6	-5.8190305624026695e-6
2068	2.1861276826996144e-6	7.900165053865468e-6	-1.3530702812558004e-6	-2.6198612533271987e-6
2069	-1.444105631166162e-6	-2.279445106802246e-6	2.3976963998405397e-6	8.086637918316295e-6
2070	-1.1342569051996024e-6	-6.183911537176853e-6	-5.532708075419251e-7	-4.460802337278945e-6
2071	2.121409447726824e-6	7.023888667977641e-6	-2.039583270688821e-6	-4.1503756404888285e-6
2072	-2.8820070418723876e-7	8.220550526336615e-7	2.248912744272695e-6	8.060532153073212e-6
2073	-1.8700388368905155e-6	-7.664888347634789e-6	2.7149983409611293e-7	-2.915645073650096e-6
2074	1.4870175696249771e-6	5.046021016265143e-6	-2.5759947773324854e-6	-5.465207113160242e-6
2075	8.697087808070406e-7	3.814167057421829e-6	1.8654344222522624e-6	7.66193427219522e-6
2076	-2.040642585577832e-6	-7.962774452080725e-6	1.1425811629506383e-6	-1.2615059331010658e-6
2077	4.571893458591118e-7	2.2753344498403583e-6	-2.916668641900113e-6	-6.502415496954763e-6
2078	1.7517517384589576e-6	6.219933199215467e-6	1.2680188951947426e-6	6.9125879618510576e-6
2079	-1.6174201638810423e-6	-7.024331616360007e-6	1.994791786364265e-6	4.1772118624628973e-7
2080	-7.178079198802401e-7	-8.458389805236549e-7	-3.0266458919304683e-6	-7.2136049490768715e-6
2081	2.1412931497973957e-6	7.653236773975019e-6	4.881862109779964e-7	5.862096513166821e-6
2082	-6.996182375676399e-7	-4.998388188734125e-6	2.7673154323200423e-6	2.03476734630316e-6
2083	-1.7490836273772277e-6	-3.816215014374801e-6	-2.8855619697019425e-6	-7.567083752897392e-6
2084	1.929333296190975e-6	7.890208523130282e-6	-4.2918900419675816e-7	4.571830245521964e-6
2085	4.993470351312412e-7	-2.216373888586337e-6	3.404418518438145e-6	3.50061691427909e-6
2086	-2.375200420070758e-6	-6.16567728925384e-6	-2.4902437423849824e-6	-7.554041369364914e-6
2087	1.1468894698626848e-6	6.903334577595755e-6	-1.42162932457775e-6	3.114981698992203e-6
2088	1.6935622407276263e-6	8.717679388249588e-7	3.844547746680807e-6	4.747672480949635e-6
2089	-2.4246575625028558e-6	-7.52535678169207e-6	-1.8472668065615358e-6	-7.193877496167662e-6
2090	-4.592307938604788e-8	4.859726908036295e-6	-2.4236614869915093e-6	1.5689033087379928e-6
2091	2.6010085939407126e-6	3.777944477527634e-6	4.0450692281207625e-6	5.7238740701245305e-6
2092	-1.8449812129335308e-6	-7.700396924888122e-6	-9.897929627786769e-7	-6.5111057330088555e-6
2093	-1.405281230902867e-6	2.1067066876197273e-6	-3.363541193963288e-6	1.8517531344022786e-8
2094	2.985154364875863e-6	6.039622934295952e-6	3.971229202702289e-6	6.387460334042853e-6
2095	-7.169265298372197e-7	-6.678862747941316e-6	3.684896720296866e-8	-5.554370654172847e-6
2096	-2.629096853662069e-6	-9.112912646777261e-7	-4.17344658950149e-6	-1.4635080085701932e-6
2097	2.713238583944112e-6	7.3134469070824326e-6	3.6128977231788506e-6	6.722845619639019e-6
2098	7.502969761875661e-7	-4.6496704159892986e-6	1.177248512667773e-6	-4.382439481048934e-6
2099	-3.4268716815896445e-6	-3.711462572714278e-6	-4.788291374214509e-6	-2.8028582727513874e-6
2100	1.7791310237354197e-6	7.421686361557134e-6	2.9745127968775464e-6	6.721928804173065e-6
2101	2.275173214880171e-6	-1.9594394088493543e-6	2.3598373293744466e-6	-3.0681769762079686e-6
2102	-3.588680730322423e-6	-5.853070824771358e-6	-5.156425782006277e-6	-3.928939545331025e-6
2103	3.1828675813984574e-7	6.371964596197369e-6	2.083944553397184e-6	6.394424177838777e-6
2104	3.5365522259994387e-6	9.495141530204715e-7	3.504402371435027e-6	-1.6784470708961822e-6
2105	-3.0101911194342086e-6	-7.0133395166881575e-6	-5.232419404780773e-6	-4.800665921601251e-6
2106	-1.420535875856433e-6	4.3691990493090746e-6	9.827582906812083e-7	5.77791360603632e-6
2107	4.236223597443976e-6	3.6091724508676878e-6	4.53429832900423e-6	-2.906021909033047e-7
2108	-1.7312277175067964e-6	-7.041210997593468e-6	-5.002158810226661e-6	-5.385319373262071e-6
2109	-3.1090340414101396e-6	1.7654905989001869e-6	-2.661920722970338e-7	4.919395393982307e-6
2110	4.179663473440606e-6	5.5988922019419005e-6	5.3829828883314005e-6	1.0194979485423585e-6
2111	5.868065205581606e-8	-5.9678169702165704e-6	-4.466651124604831e-6	-5.66333061640512e-6
2112	-4.4045406113800425e-6	-9.99384179647899e-7	-1.596779977225283e-6	3.872789210976495e-6
2113	3.302552270925708e-6	6.6249739586774805e-6	5.991873516686285e-6	2.1860884024055507e-6
2114	2.0552781531456417e-6	-4.012246729322685e-6	-3.640851679353542e-6	-5.635647103031496e-6
2115	-5.0082268832526555e-6	-3.4774801766691334e-6	-2.9337919244154164e-6	2.7027620516856175e-6
2116	1.6934922759410773e-6	6.562555055098245e-6	6.315022838190842e-6	3.1553916503419932e-6
2117	3.896959956752101e-6	-1.5281150715393027e-6	-2.560917043073807e-6	-5.317539701708338e-6
2118	-4.745814177447874e-6	-5.281486814510812e-6	-4.199485412082187e-6	1.483186141539517e-6
2119	-4.0601022620609767e-7	5.473575890116872e-6	6.321184876190586e-6	3.877303140489825e-6
2120	5.218545862184107e-6	1.0584203630730777e-6	-1.2819623299878668e-6	-4.737988123826102e-6
2121	-3.5840627494654315e-6	-6.1530290128579605e-6	-5.320287390099695e-6	2.8484216242720685e-7
2122	-2.6450158969123914e-6	3.5862440349912296e-6	6.00495768226744e-6	4.325547777276398e-6
2123	5.729544681565198e-6	3.319705412982622e-6	1.2888023385462826e-7	-3.946123239105177e-6
2124	-1.665864465214108e-6	-5.9962664904808164e-6	-6.229905748923732e-6	-8.251236775773232e-7
2125	-4.625044458141412e-6	1.247121287868348e-6	5.366401473410446e-6	4.494378361841821e-6
2126	5.269922926947879e-6	4.91067048540437e-6	1.6067384116704002e-6	-3.0024988670695574e-6
2127	7.235418082531068e-7	-4.8936548239701995e-6	-6.872123738737337e-6	-1.7852576699281835e-6
2128	-5.969157987843061e-6	-1.1239003739870853e-6	4.4299252252201185e-6	4.385996558225677e-6
2129	3.844701352877584e-6	5.597039437747613e-6	3.072020191344446e-6	-1.9732727852975225e-6
2130	3.186029223143336e-6	-3.0875597089798844e-6	-7.207373241043446e-6	-2.5407215017931337e-6
2131	-6.387900655624163e-6	-3.128636643379552e-6	3.2402857229443517e-6	4.0187668757921755e-6
2132	1.6388124104728369e-6	5.3264888727505635e-6	4.449217223660304e-6	-9.290162849502146e-7
2133	5.291513524067327e-6	-9.327707397571421e-7	-7.209724398449838e-6	-3.060759580468191e-6
2134	-5.743556592971226e-6	-4.457208179497882e-6	1.8533230541278892e-6	3.4330815356697462e-6
2135	-1.0103761185150577e-6	4.214394547874813e-6	5.6594751860218375e-6	7.090373548533633e-8
2136	6.651783123178103e-6	1.1793993594108482e-6	-6.870091294990467e-6	-3.3263140191799707e-6
2137	-4.0791272761647385e-6	-4.9339880899733035e-6	3.35063642710665e-7	2.677881307423938e-6
2138	-3.6716354363907e-6	2.515955884294523e-6	6.645259195175761e-6	9.610921822017542e-7
2139	6.9830813344926856e-6	2.8902234747574195e-6	-6.203658457652808e-6	-3.3290402376042093e-6
2140	-1.613125930492032e-6	-4.551350824481538e-6	-1.2426226683901178e-6	1.8130622624187754e-6
2141	-5.889112172358441e-6	5.789961460664343e-7	7.352351020454511e-6	1.6842349243367485e-6
2142	6.165526323021933e-6	3.937501251012847e-6	-5.23433603809328e-6	-3.0873497199572062e-6
2143	1.2693738376954663e-6	-3.4460709140999347e-6	-2.8023994883904414e-6	9.023428895750985e-7
2144	-7.2555875665896455e-6	-1.2425490489364898e-6	7.741357647322088e-6	2.2067189044928876e-6
2145	4.278092950178542e-6	4.198785621693143e-6	-4.003054741783003e-6	-2.6277995377420445e-6
2146	4.101862402478063e-6	-1.8813854320433954e-6	-4.2660406289558605e-6	7.735542993668188e-9
2147	-7.498387504356283e-6	-2.6309999784241035e-6	7.784262873308147e-6	2.4946325372205856e-6
2148	1.5841816374455605e-6	3.703139658063812e-6	-2.5698961176661994e-6	-1.987889505538475e-6
2149	6.406195175632108e-6	-1.8407798126521337e-7	-5.555494162084073e-6	-8.091204026357176e-7
2150	-6.519860323008648e-6	-3.3812279138881685e-6	7.472843510146967e-6	2.5375907788499254e-6
2151	-1.4992798491295239e-6	2.6157881091762747e-6	-1.0018995894286577e-6	-1.2192700353725312e-6
2152	7.762412280777729e-6	1.3192177999973412e-6	-6.609510650940592e-6	-1.4942896418905955e-6
2153	-4.427948173985489e-6	-3.418794461642559e-6	6.826993716555634e-6	2.3438038618683793e-6
2154	-4.467147369401199e-6	1.2016613363277348e-6	6.181833544160176e-7	-3.808126544891659e-7
2155	7.907588899387958e-6	2.364929785744817e-6	-7.378365962360504e-6	-1.9953059636904537e-6
2156	-1.5372806536361593e-6	-2.8099358552877686e-6	5.875705654338235e-6	1.9236565965120958e-6
2157	-6.8214952055145735e-6	-2.332722378788117e-7	2.2172819288361067e-6	4.6529672817999287e-7
2158	6.781584612095108e-6	2.7940571645609693e-6	-7.823520683254621e-6	-2.2777451126068356e-6
2159	1.6979834466573926e-6	-1.739928611760363e-6	4.658053590903741e-6	1.3135566982875773e-6
2160	-8.151479370505392e-6	-1.397847004673227e-6	3.7203012917727586e-6	1.2573345100424004e-6
2161	4.527559721485715e-6	2.588997176310812e-6	-7.914154320871529e-6	-2.3222497278756885e-6
2162	4.754311778466724e-6	-4.808994994539131e-7	3.2349131570184064e-6	5.593139440969625e-7
2163	-8.208705101429993e-6	-2.07583092547196e-6	5.048923820581932e-6	1.9316727641802126e-6
2164	1.4912032879113934e-6	1.853947372996389e-6	-7.651545129063304e-6	-2.123320182563201e-6
2165	7.124137163518338e-6	6.794581890254964e-7	1.678952604344639e-6	-2.823274190749721e-7
2166	-6.956568703820039e-6	-2.170168192056604e-6	6.143570270590773e-6	2.4327735197476103e-6
2167	-1.8435525558865356e-6	8.056655083763698e-7	-7.052232572411721e-6	-1.6925499592824422e-6
2168	8.40646222121734e-6	1.4899850080995808e-6	6.730828198819706e-8	-1.1494566661052442e-6
2169	-4.579289435172772e-6	-1.7140655126589843e-6	6.9523122453691545e-6	2.722282662439109e-6
2170	-4.941098012372471e-6	-2.9044277349966807e-7	-6.148216034968587e-6	-1.0585403776028979e-6
2171	8.380972033289604e-6	1.78704760729602e-6	-1.5268340443117053e-6	-1.9725790203614307e-6
2172	-1.4492599093413073e-6	-8.510068711170096e-7	7.437456188508534e-6	2.771180838498942e-6
2173	-7.296955501108837e-6	-1.1644454175772273e-6	-4.982318532752569e-6	-2.6017812336250486e-7
2174	7.033662123302664e-6	1.5333524000339973e-6	-3.0261031007080547e-6	-2.691970493991198e-6
2175	1.9333861165043e-6	1.7799048790896198e-7	7.57967442456299e-6	2.5634663488317665e-6
2176	-8.522300711607608e-6	-1.6071021025558288e-6	-3.6207365440212312e-6	6.524308568946542e-7
2177	4.577502645668181e-6	8.155036749850783e-7	-4.351781992561118e-6	-3.2527688224343557e-6
2178	5.0223792928264156e-6	1.1084603083137002e-6	7.375862932627085e-6	2.105446723718783e-6
2179	-8.417473657037199e-6	-1.5170337776529509e-6	-2.126689725072414e-6	1.613923245856618e-6
2180	1.4112672283374544e-6	-1.785099150756482e-7	-5.442607243380404e-6	-3.604732485563774e-6
2181	7.327100016890853e-6	1.6955613529110264e-6	6.838805668363069e-6	1.4224221926959995e-6
2182	-7.00339488139645e-6	-9.127305294131156e-7	-5.738673025506004e-7	2.553606895356453e-6
2183	-1.9604387596591276e-6	-1.194523982047354e-6	-6.254349694867158e-6	-3.7073619046265847e-6
2184	8.481309941700245e-6	1.7733502624501987e-6	6.006808614110679e-6	5.444451894158481e-7
2185	-4.512198281143053e-6	7.004702511900864e-8	9.56533727930079e-7	3.403730176227218e-6
2186	-5.000193641576114e-6	-1.959276901508309e-6	-6.751393852713643e-6	-3.536063765784523e-6
2187	8.30371463195869e-6	1.2935836391036627e-6	4.9214103100346084e-6	-4.750217059902058e-7
2188	-1.3557823439005267e-6	1.1996159854769405e-6	2.3868427206564934e-6	4.101398201055414e-6
2189	-7.219131329727433e-6	-2.260603411131293e-6	-6.909445205655414e-6	-3.0941867902399912e-6
2190	6.844601836957776e-6	3.358849920166619e-7	3.639814997377662e-6	-1.5652597805779728e-6
2191	1.951291142598808e-6	2.1995452763281933e-6	3.6472000305676293e-6	4.5867819563694724e-6
2192	-8.279316380350405e-6	-1.978232119003801e-6	-6.729624048870037e-6	-2.3921933760856755e-6
2193	4.358545458290782e-6	-9.056673781691982e-7	2.235800124548866e-6	-2.6664545636890844e-6
2194	4.889743770560511e-6	2.8037480886318212e-6	4.673680532829507e-6	4.817904111951229e-6
2195	-8.034102359719552e-6	-1.1214568407618669e-6	-6.2314847395724835e-6	-1.4639741295232217e-6
2196	1.2614002750661562e-6	-2.162786082430723e-6	7.928161137733025e-7	-3.7022564395629387e-6
2197	6.994001757536874e-6	2.829185897970057e-6	5.421001515782589e-6	4.769822293828042e-6
2198	-6.5510563639005934e-6	1.708355993547781e-7	-5.448927778466378e-6	-3.647151872604145e-7
2199	-1.936875741609656e-6	-3.1444374058497472e-6	-6.158606811785263e-7	-4.602437211206783e-6
2200	7.947355880381e-6	2.2037148492495378e-6	5.857365103022545e-6	4.427428302785681e-6
2201	-4.1048167027817545e-6	1.6589416866763883e-6	-4.435194544249708e-6	8.536546453498268e-7
2202	-4.729743531195961e-6	-3.6010845550812844e-6	-1.9120370532865543e-6	-5.30773655398275e-6
2203	7.637636194383485e-6	9.900001064069051e-7	5.968882966666642e-6	3.7933854332447857e-6
2204	-1.1141155533930445e-6	3.0448082334779826e-6	-3.2544115108783924e-6	2.1246823317130477e-6
2205	-6.689092708104644e-6	-3.371124924438922e-6	-3.0287365521973082e-6	-5.7660503733920145e-6
2206	6.150798465469491e-6	-6.203716597749364e-7	5.7607215980863215e-6	2.8950143227730996e-6
2207	1.934529182413759e-6	4.018398885403428e-6	-1.9804098482732637e-6	3.3686529570898727e-6
2208	-7.522775161348507e-6	-2.4271991348725454e-6	-3.90933083421791e-6	-5.933314388070868e-6
2209	3.7672313770085943e-6	-2.342718892768098e-6	5.260015295449232e-6	1.7724965179355516e-6
2210	4.547945573476284e-6	4.340944010375171e-6	-6.907159102851039e-7	4.510096468928705e-6
2211	-7.143058591906925e-6	-8.793847183581585e-7	-4.516391019346932e-6	-5.788508324785983e-6
2212	9.120136524639175e-7	-3.851742678854758e-6	4.512278531085795e-6	4.809420985937909e-7
2213	6.324444419795639e-6	3.877314106502893e-6	5.405348488504379e-7	5.485860009965602e-6
2214	-5.658945264151857e-6	1.029026804946974e-6	-4.825996876767618e-6	-5.326001893203014e-6
2215	-1.944147798991485e-6	-4.821573375848442e-6	3.5705363204009964e-6	-9.111069714145374e-7
2216	7.01733196503767e-6	2.635706159917694e-6	1.6411116915770982e-6	6.229961688391321e-6
2217	-3.3678687741294465e-6	2.9722786840763732e-6	-4.832050868567897e-6	-4.55935738807903e-6
2218	-4.339838317293677e-6	-5.017196033678943e-6	2.4974628579754847e-6	-2.3336170330848573e-6
2219	6.56539269065184e-6	7.756245040085946e-7	2.553964967306638e-6	6.691785689015624e-6
2220	-6.782002892242661e-7	4.587293130186795e-6	-4.5524621560645706e-6	-3.518745053440616e-6
2221	-5.9106715590123394e-6	-4.331316420080665e-6	1.371643403213959e-6	-3.706807153236382e-6
2222	5.100225828362559e-6	-1.406915134350249e-6	3.229979919467386e-6	6.836084963258689e-6
2223	1.952572787717501e-6	5.545987583785137e-6	-4.0257839271565676e-6	-2.253404946234889e-6
2224	-6.446651137777801e-6	-2.8163241114618375e-6	2.665057469997177e-7	-4.952470460771055e-6
2225	2.920308248690832e-6	-3.5407211271137683e-6	3.644425609727965e-6	6.6443527966010755e-6
2226	4.1041327529735505e-6	5.62153214814211e-6	-3.2944520420040237e-6	-8.280017994014649e-7
2227	-5.921046944290933e-6	-6.771372081398736e-7	-7.558585707444819e-7	-5.997661870867683e-6
2228	4.2142366362101573e-7	-5.252456149355289e-6	3.7821076041340733e-6	6.117274080834979e-6
2229	5.451532400848781e-6	4.73428466860941e-6	-2.4126255083832957e-6	6.870770326168808e-7
2230	-4.479275613816338e-6	1.757980912945406e-6	-1.632606115053647e-6	-6.784364529994354e-6
2231	-1.9629999632836917e-6	-6.203334445470166e-6	3.6518009770467354e-6	5.275787368933567e-6
2232	5.816333779522552e-6	2.9656842576636484e-6	-1.4465656132605642e-6	2.2121191152603974e-6
2233	-2.419837604520856e-6	4.076843892388523e-6	-2.3117380753920792e-6	-7.265867842915898e-6
2234	-3.844604532870422e-6	-6.1665917159915055e-6	3.2742242689158674e-6	4.160905483359531e-6
2235	5.205734900431242e-6	5.619230490351899e-7	-4.648126203531238e-7	3.6680834689110316e-6
2236	-1.3483148032925816e-7	5.871803246955704e-6	-2.7545458580521567e-6	-7.4185698742980355e-6
2237	-4.9415692604209094e-6	-5.0874480391699894e-6	2.6869523399685096e-6	2.82759272458719e-6
2238	3.7916150421132034e-6	-2.096322429848161e-6	4.611954833373512e-7	4.98367887899479e-6
2239	1.9763917937179053e-6	6.79698139543449e-6	-2.944174045504454e-6	-7.22740218501149e-6
2240	-5.123129811470234e-6	-3.0854749792180842e-6	1.93738258220571e-6	1.3357619697296257e-6
2241	1.8664835998047846e-6	-4.562249569557638e-6	1.270701572229444e-6	6.091665793534512e-6
2242	3.5644090738694144e-6	6.644645975783276e-6	-2.877403907720994e-6	-6.6991445723020946e-6
2243	-4.420314607124149e-6	-4.5957768378050227e-7	1.0836899487336288e-6	-2.3437638097749617e-7
2244	-1.870768035553687e-7	-6.405987701832205e-6	1.913231490441387e-6	6.931653586588271e-6
2245	4.3879818097696545e-6	5.388721723811736e-6	-2.5696630044725565e-6	-5.857032460002531e-6
2246	-3.0316207417303585e-6	2.3772499174346147e-6	1.9203963725279063e-7	-1.8143640883420051e-6
2247	-1.9992049377938074e-6	-7.290308162037264e-6	2.3422184063906138e-6	7.467405954502271e-6
2248	4.368015135759702e-6	3.1882350321376596e-6	-2.043708017681479e-6	-4.7391201157169044e-6
2249	-1.25964547697508e-6	4.950077459264734e-6	-6.682953549615642e-7	-3.331204807810777e-6
2250	-3.2676014961608403e-6	-7.026125948624052e-6	2.5273307603311324e-6	7.672642828557734e-6
2251	3.5686589613012777e-6	3.7839819588983375e-7	-1.3405635430894726e-6	-3.403808397300049e-6
2252	5.447298096972914e-7	6.819614055471819e-6	-1.4351359847256583e-6	-4.700104301497063e-6
2253	-3.800980585223425e-6	-5.614557624780048e-6	2.4601993389970998e-6	7.5321734966067755e-6
2254	2.207135845385637e-6	-2.5928829751208436e-6	-5.207281429034667e-7	-1.9100235007670883e-6
2255	2.0399255370163252e-6	7.655168849662698e-6	-2.044503204559244e-6	-5.8605064477086e-6
2256	-3.563406150138386e-6	-3.250074555088367e-6	2.149862882758703e-6	7.051092454398187e-6
2257	5.953241007173196e-7	-5.240447296434749e-6	3.4414128021451426e-7	-3.238851391332277e-7
2258	2.9650307671212823e-6	7.288877702899733e-6	-2.453751303894851e-6	-6.757648476812896e-6
2259	-2.668089782556382e-6	-2.9451021072861904e-7	1.6227593529804712e-6	6.253656721253379e-6
2260	-9.329741429923893e-7	-7.121782634553896e-6	1.196714284892367e-6	1.2705105283996588e-6
2261	3.1915501118385923e-6	5.746742806722805e-6	-2.6338548479353506e-6	-7.348673906823089e-6
2262	-1.3478953586668484e-6	2.7773919537453198e-6	9.117975543161214e-7	5.178625722756275e-6
2263	-2.0823154941763824e-6	-7.9098964358086e-6	1.9723480555334424e-6	2.7932666726937533e-6
2264	2.7317523752361193e-6	3.2515179967758023e-6	-2.568250375624447e-6	-7.6006070530178315e-6
2265	8.835104033513018e-8	5.468931775122027e-6	7.413781537086209e-8	3.874493172054359e-6
2266	-2.646095617039186e-6	-7.451135927057324e-6	2.6081990052320404e-6	4.174694289522488e-6
2267	1.7339243706467083e-6	1.9335983677037114e-7	-2.255824186198029e-6	-7.50509115680636e-6
2268	1.3293294469047227e-6	7.335143886109851e-6	-8.297635749293532e-7	2.4145540186589844e-6
2269	-2.55305095135334e-6	-5.800514071285003e-6	3.052996382916936e-6	5.345240801001654e-6
2270	4.607475765500584e-7	-2.938885013317296e-6	-1.7147659595142853e-6	-7.068661986312759e-6
2271	2.119490188289708e-6	8.065707358263675e-6	-1.7407772786141924e-6	8.711068790682356e-7
2272	-1.8664449685218092e-6	-3.206323094201776e-6	3.2812237833555315e-6	6.244145260054352e-6
2273	-7.906673759650722e-7	-5.6399949357520595e-6	-9.805417451377158e-7	-6.314328288577783e-6
2274	2.313678318205757e-6	7.522218245756327e-6	-2.5953648663487895e-6	-6.789755205852645e-7
2275	-7.715968346380819e-7	-8.127027478104887e-8	3.2616352789438794e-6	6.838275441670361e-6
2276	-1.7336483874638159e-6	-7.469025251274235e-6	-9.02626503157654e-8	-5.291212441347455e-6
2277	1.889350978811255e-6	5.786308265875551e-6	-3.3341227987729306e-6	-2.156203354114051e-6
2278	4.555179663874529e-7	3.0658294912313407e-6	2.9836273520355777e-6	7.106566274742025e-6
2279	-2.154074837679103e-6	-8.12358849536136e-6	9.026595126962879e-7	-4.05796665811945e-6
2280	9.660958139030418e-7	3.132339124154273e-6	-3.904153991714761e-6	-3.4857288723421793e-6
2281	1.5130604924141403e-6	5.732042797181604e-6	2.4559506961628384e-6	7.035577528002375e-6
2282	-1.9627893155208435e-6	-7.50070601984963e-6	1.9391058940947874e-6	-2.680431045709377e-6
2283	-2.2468431416894607e-7	-9.016740341925159e-9	-4.259144376824802e-6	-4.604709769446132e-6
2284	2.1469561698453644e-6	7.491373553663283e-6	1.7015227254896493e-6	6.637275571918602e-6
2285	-1.2087162450318268e-6	-5.703936173146174e-6	2.9474165042306976e-6	-1.2276824111444513e-6
2286	-1.3952643670619327e-6	-3.1267192722892047e-6	-4.359141227108833e-6	-5.463003304649943e-6
2287	2.1971848214176336e-6	8.061522378150572e-6	7.50867696391054e-7	5.941883571181661e-6
2288	-5.2487779123546153e-8	-3.0296572380932194e-6	3.87411774613822e-6	2.1907997108128134e-7
2289	-2.2578265287487956e-6	-5.72067207354368e-6	-4.186920503268048e-6	-6.020926108718589e-6
2290	1.6235777031835092e-6	7.367048811548487e-6	-3.4657937536933943e-7	4.996416481732105e-6
2291	1.2351749198362322e-6	8.235214346654568e-8	4.651396882268089e-6	1.5831692775391665e-6
2292	-2.5819193609845967e-6	-7.381669008186389e-6	-3.734354551557509e-6	-6.262177548473313e-6
2293	5.353060099031158e-7	5.533239158950556e-6	-1.5363059283794944e-6	3.858865854497444e-6
2294	2.3506622841970395e-6	3.1211571412216454e-6	5.221196092989628e-6	2.8000185926947025e-6
2295	-2.2638790021447053e-6	-7.856076272098335e-6	-3.0080582557709545e-6	-6.183847482027085e-6
2296	-8.478731398912631e-7	2.8794808312133157e-6	-2.7471129404689965e-6	2.596199794603224e-6
2297	3.0204155302123047e-6	5.59570956220193e-6	5.532272043396625e-6	3.802070016956492e-6
2298	-1.3211097292920866e-6	-7.096140537922597e-6	-2.0402050842455665e-6	-5.802286969014765e-6
2299	-2.232261840675451e-6	-1.4863729938929548e-7	-3.907467352784898e-6	1.2859140928147255e-6
2300	3.0495037095014786e-6	7.124392610001548e-6	5.551160200789657e-6	4.545856489614253e-6
2301	8.524321240024241e-8	-5.255287317121693e-6	-8.724867890485044e-7	-5.151898887824792e-6
2302	-3.2964292868057338e-6	-3.0532469195396713e-6	-4.944455200542659e-6	-6.008195735787563e-9
2303	2.3746489660608767e-6	7.493319350469823e-6	5.259785937904133e-6	5.009189249429941e-6
2304	1.6869600791413398e-6	-2.6629454730520096e-6	4.3951521745560877e-7	-4.281968880655027e-6
2305	-3.776771190406877e-6	-5.370603375585952e-6	-5.790794499341098e-6	-1.2046844832079667e-6
2306	1.0777892744534762e-6	6.679823259926487e-6	4.656977099010051e-6	5.1738508919178385e-6
2307	3.1608551287004733e-6	2.3761855472445106e-7	1.8286432736176339e-6	-3.2477319990907693e-6
2308	-3.526413219853991e-6	-6.747186383481349e-6	-6.3848926944276996e-6	-2.2466353625207753e-6
2309	-6.299227196371759e-7	4.8586548151564985e-6	3.7636999931123906e-6	5.043473129030995e-6
2310	4.180642648864068e-6	2.9644178426841444e-6	3.2145509133830476e-6	-2.117211844630676e-6
2311	-2.518669726214645e-6	-7.0039039333939725e-6	-6.680254509957561e-6	-3.074406198916353e-6
2312	-2.439989067878015e-6	2.362656905143249e-6	2.6164770488450196e-6	4.640538188733873e-6
2313	4.49261788048168e-6	5.091355899725547e-6	4.518161427537756e-6	-9.631766755802285e-7
2314	-8.861989823719336e-7	-6.144085170338376e-6	-6.651279624916153e-6	-3.652713668157973e-6
2315	-3.998684636950861e-6	-3.7160465944245484e-7	1.2651657391961433e-6	4.003398114351116e-6
2316	3.976878320355417e-6	6.294387020099698e-6	5.669143709199176e-6	1.405302027213492e-7
2317	1.1038385891908783e-6	-4.357613653141043e-6	-6.287184850041856e-6	-3.957175823406217e-6
2318	-4.971383746920643e-6	-2.8885201509946924e-6	-2.2608004778785516e-7	3.182984670161979e-6
2319	2.6594937478295743e-6	6.4198092769816054e-6	6.598709537830594e-6	1.1289638516196795e-6
2320	3.1003331616132414e-6	-1.9808058218593073e-6	-5.593713766736381e-6	-3.980373155350835e-6
2321	-5.124206049026769e-6	-4.7835131827152285e-6	-1.7776845596995335e-6	2.2386768235707945e-6
2322	7.248361627631006e-7	5.5032987847022845e-6	7.242005525907254e-6	1.943553719409486e-6
2323	4.72733837746329e-6	5.554171752239639e-7	-4.588162380580735e-6	-3.738232904651386e-6
2324	-4.365732559800174e-6	-5.774521975089828e-6	-3.3041632347281967e-6	1.240205726118399e-6
2325	-1.5147164154415477e-6	3.760512903567292e-6	7.5566374840553085e-6	2.5384032101580323e-6
2326	5.65095899612773e-6	2.8179421244771346e-6	-3.3205871655412633e-6	-3.259272773086326e-6
2327	-2.7713537557640783e-6	-5.752201615770618e-6	-4.725660777460005e-6	2.616883638178339e-7
2328	-3.668924027724721e-6	1.5299675746374769e-6	7.5229005417581595e-6	2.8753350611455675e-6
2329	5.657773443159531e-6	4.454770774823103e-6	-1.8485752038374874e-6	-2.58731950989889e-6
2330	-5.7504514706018e-7	-4.789173656573332e-6	-5.9707463452958535e-6	-6.25924604627736e-7
2331	-5.350550112269101e-6	-7.818152087329687e-7	7.132231989254953e-6	2.948882981967396e-6
2332	4.688490573410543e-6	5.224859440872928e-6	-2.50639654753016e-7	-1.781365347221281e-6
2333	1.8761052081553236e-6	-3.099762258573608e-6	-6.970131756145967e-6	-1.3658063709006043e-6
2334	-6.230441504889925e-6	-2.776052439260066e-6	6.3970090610912725e-6	2.7701369434870404e-6
2335	2.851725006881309e-6	5.049280234062434e-6	1.3962864355704882e-6	-9.112061172284136e-7
2336	4.1678854876014145e-6	-1.0250601687412924e-6	-7.667496555148261e-6	-1.9056488394827809e-6
2337	-6.103786455209555e-6	-4.129079404472909e-6	5.344898071063974e-6	2.364896811833086e-6
2338	4.260437474298445e-7	4.024212554191556e-6	3.0061450104683397e-6	-4.458849799892386e-8
2339	5.888090643071085e-6	1.045561944153883e-6	-8.019812247378847e-6	-2.220258828360347e-6
2340	-4.946445871722851e-6	-4.645287542850224e-6	4.027936569544785e-6	1.775278132696648e-6
2341	-2.2005326011465934e-6	2.3875946177200564e-6	4.504813634221668e-6	7.537434041427192e-7
2342	6.719837259220149e-6	2.7376658358686424e-6	-8.006967559473452e-6	-2.2950748603546126e-6
2343	-2.9050953733524788e-6	-4.2935375258831285e-6	2.5116597419723472e-6	1.0514791193366738e-6
2344	-4.599454780242625e-6	4.853246760377812e-7	5.816182642575176e-6	1.420366289379603e-6
2345	6.473991882662669e-6	3.772066262232312e-6	-7.63205978905696e-6	-2.1288018982341446e-6
2346	-2.864614854449418e-7	-3.2018159290204597e-6	8.715848324136502e-7	2.518419288563046e-7
2347	-6.344465323873909e-6	-1.3149357600207348e-6	6.876075401685361e-6	1.9144289648458817e-6
2348	5.145533646454137e-6	4.01072475909206e-6	-6.907719571052073e-6	-1.7458562717160969e-6
2349	2.4888050734873996e-6	-1.626497478312218e-6	-8.16582662964096e-7	-5.596394715829147e-7
2350	-7.121686713111457e-6	-2.678482905248093e-6	7.625572422455936e-6	2.202591048611934e-6
2351	2.926780009686281e-6	3.469226479270686e-6	-5.865638980845717e-6	-1.1748892171478658e-6
2352	4.963929714490017e-6	8.915655277523904e-8	-2.471107923217298e-6	-1.3207035813689494e-6
2353	-6.762743610070927e-6	-3.3748725617513237e-6	8.025151767050867e-6	2.2623601332525635e-6
2354	1.5476515381748552e-7	2.3096437101831783e-6	-4.558579415714992e-6	-4.5787490692834506e-7
2355	6.715673464653728e-6	1.5964359628948608e-6	-4.00768786239305e-6	-1.9753832228975154e-6
2356	-5.292001570275797e-6	-3.320933441185604e-6	8.052546889435698e-6	2.0890788199669685e-6
2357	-2.727900020735936e-6	8.055480751546287e-7	-3.055908864690583e-6	3.5294915528196483e-7
2358	7.4277741319613245e-6	2.6112534507027784e-6	-5.3431736175103935e-6	-2.4750879624613403e-6
2359	-2.923843730397934e-6	-2.5846000016578097e-6	7.713043845377697e-6	1.6850627801728138e-6
2360	-5.244240094955483e-6	-7.096278094098108e-7	-1.4360955171434552e-6	1.1999602293468778e-6
2361	6.955708569556165e-6	2.96046344522925e-6	-6.416725856710575e-6	-2.7760868182555962e-6
2362	-3.3875466348648793e-8	-1.358854638475756e-6	7.033794977374841e-6	1.073207986930428e-6
2363	-6.9705970702248936e-6	-1.915680792505409e-6	2.199779534534507e-7	2.0205529100533875e-6
2364	5.354481106792757e-6	2.6139209955423197e-6	-7.175172079359567e-6	-2.8491973567608333e-6
2365	2.9148646203681144e-6	6.716447001971345e-8	6.050504084501164e-6	2.9364221089548736e-7
2366	-7.61080221583603e-6	-2.5711857240487945e-6	1.826884709631077e-6	2.7549863477180137e-6
2367	2.875718927279496e-6	1.6790739640415408e-6	-7.5877018057940696e-6	-2.675668488170504e-6
2368	5.435925130446422e-6	1.373994585747083e-6	4.819283641652959e-6	-6.089590980584268e-7
2369	-7.037230476772338e-6	-2.5647979498842453e-6	3.3046046502648607e-6	3.3423635698491127e-6
2370	-8.652918968055594e-8	3.873974959924228e-7	-7.645728273307718e-6	-2.2519207562756515e-6
2371	7.115013488143558e-6	2.2731391109582934e-6	3.4104232668088685e-6	-1.5757136504291672e-6
2372	-5.336916276165174e-6	-1.922122478025674e-6	4.5836087074510586e-6	3.7382484746165624e-6
2373	-3.0545270779965017e-6	-9.615289408275855e-7	-7.363538557219925e-6	-1.5958197625388798e-6
2374	7.67430530428186e-6	2.569513604625543e-6	1.899178593297461e-6	-2.53949619782062e-6
2375	-2.7861721136287975e-6	-7.878320283097512e-7	5.610757342354411e-6	3.894429420129339e-6
2376	-5.550421067533516e-6	-2.055844906199303e-6	-6.761046325649568e-6	-7.390628238207063e-7
2377	7.016954382022149e-6	2.2000305210888937e-6	3.584557424554109e-7	-3.4329560838117435e-6
2378	2.0903276613277383e-7	5.712770423536694e-7	6.345870165029255e-6	3.787115387397798e-6
2379	-7.165501211408085e-6	-2.6402453919928816e-6	-5.880153847770955e-6	2.700617760219614e-7
2380	5.245412291886973e-6	1.243900622074505e-6	-1.1330407086766934e-6	-4.1907694181014114e-6
2381	3.164713447504938e-6	1.8430725620677577e-6	6.765904340073074e-6	3.405924742066746e-6
2382	-7.637949167477585e-6	-2.5696114942667945e-6	-4.775505411484868e-6	1.3776468077012273e-6
2383	2.6532143967040063e-6	-9.264098170435011e-8	-2.502492338881993e-6	-4.756015150630691e-6
2384	5.595728252918486e-6	2.7248378197794726e-6	6.86049991338155e-6	2.7594986702359847e-6
2385	-6.897270425298071e-6	-1.8334317507656435e-6	-3.50622107870736e-6	2.5158144979553508e-6
2386	-3.305333296213328e-7	-1.5193465440314519e-6	-3.68905228154495e-6	-5.0836404019331265e-6
2387	7.117961457959661e-6	2.9928325939044477e-6	6.63927554174141e-6	1.8768132480408257e-6
2388	-5.07930473298865e-6	-5.654521379450731e-7	-2.142776971338497e-6	3.6174131417287046e-6
2389	-3.224776066061232e-6	-2.70966021645813e-6	-4.646689792422901e-6	-5.138495975904014e-6
2390	7.493977740559954e-6	2.553710782617026e-6	6.124250159756591e-6	7.950556876421781e-7
2391	-2.485022597351326e-6	9.725848686632158e-7	-7.546297233234963e-7	4.61235073150441e-6
2392	-5.558793872836376e-6	-3.3760407716046847e-6	-5.336491170243073e-6	-4.8988299805695665e-6
2393	6.679975941731613e-6	1.4562962933429665e-6	5.3514568162175566e-6	-4.301772086548393e-7
2394	4.406444662397073e-7	2.457219239252956e-6	5.892985474848554e-7	5.434875959743055e-6
2395	-6.961965078127963e-6	-3.3304555201166976e-6	-5.733293552120726e-6	-4.362072648149984e-6
2396	4.843198130650402e-6	-1.1163681498932318e-7	4.370592427005951e-6	-1.7410232480317157e-6
2397	3.221870483785748e-6	3.5588978728875625e-6	1.8189740420036494e-6	6.030892227189755e-6
2398	-7.237533666238153e-6	-2.5268720614592605e-6	-5.825735717760225e-6	-3.5408270540442318e-6
2399	2.3002492597017063e-6	-1.8427824752219735e-6	3.243325227381162e-6	-3.069091183990458e-6
2400	5.416177178095351e-6	4.008269741707343e-6	2.8778689271465503e-6	6.352096326380754e-6
2401	-6.371382760979321e-6	-1.0721822418588016e-6	-5.623469617112667e-6	-2.4716570880802913e-6
2402	-5.173503087632368e-7	-3.3807544626476504e-6	2.034558812199564e-6	-4.330730982448264e-6
2403	6.684838791498433e-6	3.6552721255866503e-6	3.714075994157524e-6	6.3623662937285295e-6
2404	-4.542336824096357e-6	7.806524885028898e-7	-5.149092997208079e-6	-1.1963855294648782e-6
2405	-3.143337829632682e-6	-4.395231288236862e-6	8.145186105740898e-7	-5.459515237634913e-6
2406	6.8522430337148e-6	2.505561840380353e-6	4.292970171109265e-6	6.048464607886915e-6
2407	-2.0853376825832833e-6	2.6858682083374523e-6	-4.446546953308818e-6	2.2785093339054488e-7
2408	-5.161915953243797e-6	-4.633597882251422e-6	-3.476680367605932e-7	-6.3899264013277475e-6
2409	5.946513631195234e-6	7.167612909851448e-7	4.589082650468728e-6	5.4154711917774325e-6
2410	5.747451929231719e-7	4.269544897311086e-6	-3.5648940751256096e-6	1.7313399291773993e-6
2411	-6.270848609482489e-6	-3.984424758716015e-6	-1.3876545361273132e-6	-7.0590605957226896e-6
2412	4.1584250859609785e-6	-1.3984632574332322e-6	4.605223980215307e-6	4.476902337421938e-6
2413	3.0036364071413672e-6	5.1943002104490944e-6	-2.5715809305237325e-6	3.236565402996091e-6
2414	-6.333206241183716e-6	-2.5088213453941565e-6	-2.2490107337799486e-6	-7.4200509330698e-6
2415	1.822226272985572e-6	-3.4593432225959943e-6	4.3594614872267e-6	3.2663354090915973e-6
2416	4.813741525454452e-6	5.231273200267257e-6	-1.5290027515578716e-6	4.6652869048516645e-6
2417	-5.393465521653123e-6	-4.192573004617564e-7	-2.8946613975702383e-6	-7.438087388087793e-6
2418	-6.489195038726997e-7	-5.0805587687247075e-6	3.885524662519402e-6	1.833705315129247e-6
2419	5.74092018324029e-6	4.313853917659789e-6	-5.014602430267644e-7	5.939674082429658e-6
2420	-3.665401105281968e-6	1.9380325345351342e-6	-3.294430275489225e-6	-7.099647485373491e-6
2421	-2.8385533159679642e-6	-5.928808134742667e-6	3.222207237607315e-6	2.408767297517067e-7
2422	5.681338296874993e-6	2.5393746352478073e-6	4.466089118846168e-7	6.9870678838886825e-6
2423	-1.48041689099273e-6	4.149516465775239e-6	-3.4334743802020695e-6	-6.407495925290754e-6
2424	-4.40443861843344e-6	-5.787564884955978e-6	2.4203581998692775e-6	-1.4292780389049268e-6
2425	4.710651034073955e-6	1.7024941296637676e-7	1.2526206494012257e-6	7.747287703656025e-6
2426	7.639732099160182e-7	5.804967276452566e-6	-3.3194895777268694e-6	-5.384314099403393e-6
2427	-5.12089266524068e-6	-4.619453159814005e-6	1.5453228061476914e-6	-3.0942508364637757e-6
2428	3.056860720691075e-6	-2.402034091093562e-6	1.8704786753361064e-6	8.167741650918884e-6
2429	2.6772303764389554e-6	6.570795632055191e-6	-2.976028313821195e-6	-4.06590422076146e-6
2430	-4.925530747939051e-6	-2.5796355804888216e-6	6.58354709035015e-7	-4.668875410000114e-6
2431	1.0516507314552306e-6	-4.7276006852578615e-6	2.269718592556767e-6	8.211845350471266e-6
2432	3.9629839439398626e-6	6.26386842827574e-6	-2.4431273254973416e-6	-2.514436620924291e-6
2433	-3.925294872402829e-6	2.206686709537893e-8	-1.7195836737475598e-7	-6.067070043326881e-6
2434	-9.306499870956447e-7	-6.398455907648701e-6	2.431041223781215e-6	7.870829197251305e-6
2435	4.449676245476375e-6	4.8859977645355055e-6	-1.7660923056755592e-6	-8.076707106307058e-7
2436	-2.3585195030440936e-6	2.767563499020473e-6	-8.891500442497532e-7	-7.208858105835996e-6
2437	-2.5422037131570575e-6	-7.095628462747628e-6	2.3511552627185505e-6	7.151834799051102e-6
2438	4.10828307312245e-6	2.62530437446903e-6	-9.967648885932609e-7	9.658221073623757e-7
2439	-5.505051985554144e-7	5.191280749275804e-6	-1.4407087976084787e-6	-8.030526351832126e-6
2440	-3.5224893544675807e-6	-6.653394529810461e-6	2.0459301177431076e-6	6.088804646145742e-6
2441	3.0753470170333085e-6	-1.7576782185197626e-7	-1.9951514257773312e-7	2.7130541614441794e-6
2442	1.1456846036728883e-6	6.874354310869517e-6	-1.7942305049456386e-6	-8.487833348765754e-6
2443	-3.755543015254744e-6	-5.0911386142348856e-6	1.5501849453803402e-6	4.73245567321252e-6
2444	1.6022568086440528e-6	-3.067822573838196e-6	5.564139161806659e-7	4.349236148167185e-6
2445	2.428361805023504e-6	7.504007230805156e-6	-1.9196692288220486e-6	-8.557778708946043e-6
2446	-3.255886621860416e-6	-2.64059651082864e-6	9.058325686193011e-7	3.156318642167349e-6
2447	5.314390907929651e-10	-5.564124857559121e-6	1.2108150745577284e-6	5.785927276088698e-6
2448	3.0903553286694053e-6	6.9333961774501594e-6	-1.8138837592947568e-6	-8.23735250342174e-6
2449	-2.184546986535536e-6	3.2104669857072727e-7	1.6428359761809573e-7	1.4432053925585114e-6
2450	-1.4020124502888661e-6	-7.242410827544354e-6	1.713123773751002e-6	6.955713493942335e-6
2451	3.058980864344144e-6	5.220077068118774e-6	-1.4832320707481536e-6	-7.545030671578643e-6
2452	-8.046548365460754e-7	3.3197229993411614e-6	-6.158123943474053e-7	-3.252362397077499e-7
2453	-2.3402298197883987e-6	-7.80452852931613e-6	2.0216016651550158e-6	7.807996466657675e-6
2454	2.3892969747794172e-6	2.6197517403309846e-6	-9.52462703779818e-7	-6.523340525978158e-6
2455	5.7979887344011e-7	5.859625643426647e-6	-1.369689825082102e-6	-2.06200340115378e-6
2456	-2.6658366741239288e-6	-7.122182837988553e-6	2.1024088344930003e-6	8.307259760284251e-6
2457	1.2716526423308947e-6	-4.6150605803725166e-7	-2.5489878888125476e-7	-5.226730514555677e-6
2458	1.6770411535817404e-6	7.520074913945876e-6	-2.0290156818519754e-6	-3.6870401184432465e-6
2459	-2.351188647930807e-6	-5.283795334410014e-6	1.941470312469263e-6	8.431849529398198e-6
2460	-1.9826567414358668e-8	-3.5257721404792707e-6	5.516442819135097e-7	-3.7173789998476144e-6
2461	2.2616109631682586e-6	8.013286971067378e-6	-2.5332189856031064e-6	-5.125519847241076e-6
2462	-1.4997286194814766e-6	-2.5741603055466282e-6	1.539537836988636e-6	8.180440043834074e-6
2463	-1.1890275659987606e-6	-6.07774155338555e-6	1.406056257517495e-6	-2.0690745152124556e-6
2464	2.2356255271285184e-6	7.237070096904448e-6	-2.83322024534976e-6	-6.312865841057185e-6
2465	-3.306322401886005e-7	5.786043593961933e-7	9.169510726354108e-7	7.576753902444735e-6
2466	-1.970486500999745e-6	-7.701703493620398e-6	2.2408069102809427e-6	-3.6425120461066827e-7
2467	1.6280171303531255e-6	5.302860036749633e-6	-2.8966282313796664e-6	-7.197226417909081e-6
2468	8.725322965713353e-7	3.6686788586211228e-6	1.1202817998327081e-7	6.6510280214588736e-6
2469	-2.1895868040033315e-6	-8.121714962612372e-6	2.986605349650431e-6	1.3168742976794683e-6
2470	5.89214727924301e-7	2.5202353735715765e-6	-2.70315822564204e-6	-7.73887690892063e-6
2471	1.8188561079352828e-6	6.196428382208569e-6	-8.211762798370784e-7	5.457343065974311e-6
2472	-1.8030408799439673e-6	-7.262160091492167e-6	3.5765142223780576e-6	2.89175590097612e-6
2473	-6.317747262002941e-7	-6.606228907869349e-7	-2.2528251473793303e-6	-7.920455345671286e-6
2474	2.2778382574646867e-6	7.759238068254458e-6	-1.8121408076220643e-6	4.054470342872465e-6
2475	-8.965805479586979e-7	-5.260693933095781e-6	3.960201172748094e-6	4.2867264539384804e-6
2476	-1.7377302620447655e-6	-3.7309091047603537e-6	-1.5666686158565046e-6	-7.73909605514429e-6
2477	2.129253175822449e-6	8.100604791742825e-6	-2.7960093180177548e-6	2.5173565372604766e-6
2478	3.2562145632018085e-7	-2.4452751141636076e-6	4.0997571181291105e-6	5.4368370554328775e-6
2479	-2.4565516962473616e-6	-6.2039259638173185e-6	-6.752009587065627e-7	-7.217777784067658e-6
2480	1.3863111956956042e-6	7.1708938952601516e-6	-3.7053305598991715e-6	9.296737117652566e-7
2481	1.5878332961599185e-6	7.2363073792173e-7	3.9711890969337586e-6	6.291120638177094e-6
2482	-2.597818322140532e-6	-7.686287249767611e-6	3.7168666948148905e-7	-6.389476552929864e-6
2483	1.8962776662795482e-7	5.1312531698811135e-6	-4.474462373014089e-6	-6.277263538901093e-7
2484	2.596576756758819e-6	3.741009967819232e-6	3.5643570120788436e-6	6.817763610349068e-6
2485	-2.083038495441701e-6	-7.950763350274848e-6	1.5143880894195188e-6	-5.309218643827183e-6
2486	-1.2186667433227935e-6	2.3212800212356475e-6	-5.046771151309941e-6	-2.0744751247600018e-6
2487	3.0903323017219665e-6	6.128373619012582e-6	2.8878470907306274e-6	7.006768857828214e-6
2488	-9.834988415931078e-7	-6.963961530600917e-6	2.6832109993446723e-6	-4.04781096170086e-6
2489	-2.5292962273363496e-6	-7.972824831830767e-7	-5.374211553554064e-6	-3.343088620464976e-6
2490	2.9139672296789854e-6	7.510582177022982e-6	1.9747117966683915e-6	6.863636672300227e-6
2491	5.03939410655026e-7	-4.9079224127357375e-6	3.8133267907377894e-6	-2.6781744322128954e-6
2492	-3.4427791912938843e-6	-3.719322057869768e-6	-5.42521110521697e-6	-4.37687112627971e-6
2493	2.037858696870367e-6	7.684253458435307e-6	8.6629935477783e-7	6.406155706832539e-6
2494	2.095295368147616e-6	-2.1384595164709453e-6	4.833032782290545e-6	-1.2745051133518247e-6
2495	-3.709023394604648e-6	-5.981379105338938e-6	-5.177104084957358e-6	-5.139773161486748e-6
2496	5.830761164313972e-7	6.6450466570569325e-6	-3.894419842850513e-7	5.682690068990398e-6
2497	3.44433376029929e-6	8.851683000077762e-7	5.680945825426073e-6	9.25177302539993e-8
2498	-3.2022791958587705e-6	-7.23663710383232e-6	-4.631379322158792e-6	-5.610763371875158e-6
2499	-1.1926145041322938e-6	4.597783785814362e-6	-1.7304438508914605e-6	4.745338772975666e-6
2500	4.247606192262877e-6	3.6682617544896838e-6	6.2981366412835715e-6	1.3522018787636218e-6
2501	-1.9613656405711546e-6	-7.311832031449624e-6	-3.803349008510836e-6	-5.7743910255804675e-6
2502	-2.9464469172271913e-6	1.903885108210564e-6	-3.086300617865162e-6	3.654478112810182e-6
2503	4.277916235084234e-6	5.771248825741674e-6	6.63954989950386e-6	2.4438641893576737e-6
2504	-1.6752177997683485e-7	-6.2356801177393505e-6	-2.722901982175706e-6	-5.6379369716243076e-6
2505	-4.325800337764572e-6	-9.773668177220079e-7	-4.382725889385416e-6	2.4724293257410295e-6
2506	3.454109237658397e-6	6.877714874952001e-6	6.669838240191062e-6	3.324023113939918e-6
2507	1.875325492128505e-6	-4.22449552057714e-6	-1.4331492445203154e-6	-5.233183075766476e-6
2508	-5.0159012351787935e-6	-3.574604261678929e-6	-5.549969878354496e-6	1.27213960660519e-6
2509	1.8649771331184206e-6	6.846033917731662e-6	6.374639332831751e-6	3.956476923678467e-6
2510	3.7779473969208115e-6	-1.6397939732334427e-6	1.2401190475100771e-8	-4.599517895904784e-6
2511	-4.812246470468358e-6	-5.480896905917426e-6	-6.518611839480204e-6	1.191275494517317e-7
2512	-2.515248663883677e-7	5.73367926759538e-6	5.753965573592754e-6	4.320008021861102e-6
2513	5.16751258903169e-6	1.0609148372513797e-6	1.540254255775257e-6	-3.781894991580148e-6
2514	-3.683367632570246e-6	-6.412226681128683e-6	-7.222547954059708e-6	-9.288880804653756e-7
2515	-2.533369085868459e-6	3.77724012366491e-6	4.822898805737248e-6	4.407828031230377e-6
2516	5.740770522502556e-6	3.4270410277233554e-6	3.0701757832399612e-6	-2.8334649016670233e-6
2517	-1.7692788785379586e-6	-6.265027417094734e-6	-7.612989165619768e-6	-1.818200531437707e-6
2518	-4.565142581279662e-6	1.3475766630342364e-6	3.6216398000143057e-6	4.232788366433892e-6
2519	5.318182220829262e-6	5.096570887090593e-6	4.522305920750154e-6	-1.8219583349322594e-6
2520	6.401743842722464e-7	-5.132257652025748e-6	-7.665372932098033e-6	-2.503056613074649e-6
2521	-5.958531519925498e-6	-1.1276961596860113e-6	2.200142046596673e-6	3.820266563090677e-6
2522	3.90620854911692e-6	5.836221312733096e-6	5.824019863056556e-6	-8.068566989737766e-7
2523	3.138890238531659e-6	-3.2621184661033015e-6	-7.3673874221674375e-6	-2.9513911053032315e-6
2524	-6.415886512978313e-6	-3.231300757475839e-6	6.219318420938459e-7	3.2093094524961084e-6
2525	1.6970586344333826e-6	5.574520555613813e-6	6.903358458614266e-6	1.4141444780786715e-7
2526	5.281633910524992e-6	-1.014671049193817e-6	-6.717739769312041e-6	-3.1475110714672216e-6
2527	-5.794071642916203e-6	-4.638029132649589e-6	-1.0387126254546132e-6	2.4480148123796605e-6
2528	-9.718961832235375e-7	4.426447485870736e-6	7.699526092285741e-6	9.691859499679665e-7
2529	6.67453210809576e-6	1.1982094457551818e-6	-5.744037131208454e-6	-3.092369463341459e-6
2530	-4.133569410347412e-6	-5.15386894073919e-6	-2.6959073579911685e-6	1.5920691193926979e-6
2531	-3.6590942495521516e-6	2.658996600933272e-6	8.166307377328996e-6	1.625060834092674e-6
2532	7.0297835579170745e-6	2.9939322516593813e-6	-4.484337901458843e-6	-2.801739732241699e-6
2533	-1.6662174730216614e-6	-4.7639215943045545e-6	-4.268612894679408e-6	7.103955136339931e-7
2534	-5.897581037842503e-6	6.333301482138248e-7	8.27541365607615e-6	2.0650163219451714e-6
2535	6.2313091982683854e-6	4.098930889271738e-6	-2.997893697448596e-6	-2.3033661647298954e-6
2536	1.224450052140607e-6	-3.6152170953959743e-6	-5.680664642600505e-6	-1.3389682202753015e-7
2537	-7.2852600187369745e-6	-1.273421311012548e-6	8.019734059064983e-6	2.26646997441194e-6
2538	4.355781450908343e-6	4.382696617449096e-6	-1.3539693569757702e-6	-1.6382690646540166e-6
2539	4.067749310959957e-6	-1.982812062641723e-6	-6.8624782464355325e-6	-8.760309231774418e-7
2540	-7.547267516940037e-6	-2.730447838300839e-6	7.402054953287817e-6	2.2211619374950267e-6
2541	1.6682174640366505e-6	3.8675563427457315e-6	3.698779473987661e-7	-8.674272363720621e-7
2542	6.379280414220013e-6	-2.0020307267487242e-7	-7.75263324266866e-6	-1.4593653064132181e-6
2543	-6.592694618733117e-6	-3.5208322630731354e-6	6.448689060287987e-6	1.93939007194042e-6
2544	-1.4022693788814868e-6	2.7210533590512167e-6	2.0927823071112133e-6	-5.734694226062903e-8
2545	7.753643291864098e-6	1.3822269313542828e-6	-8.307036135693001e-6	-1.8365606268481813e-6
2546	-4.5375669584106096e-6	-3.556239828554193e-6	5.2044070050750365e-6	1.443445186939093e-6
2547	-4.361978819315748e-6	1.2263057363261173e-6	3.7324886919529866e-6	7.229131521855728e-7
2548	7.938649977073165e-6	2.4789538865814675e-6	-8.494078416500336e-6	-1.975795608365789e-6
2549	-1.6895838653795687e-6	-2.902367478685425e-6	3.7267180576389813e-6	7.811122150965934e-7
2550	-6.715596428254592e-6	-2.931603378879748e-7	5.214755282181926e-6	1.4028356163023706e-6
2551	6.863727419917649e-6	2.9275217837423425e-6	-8.308261073953857e-6	-1.8695005004177634e-6
2552	1.5085348343246463e-6	-1.7621911054832855e-6	2.0855626023377155e-6	1.1506808849418344e-8
2553	-8.072621314199793e-6	-1.525485968024551e-6	6.4652863907791625e-6	1.9245710097289705e-6
2554	4.675558238003726e-6	2.701928788643457e-6	-7.754262861400663e-6	-1.52752059306868e-6
2555	4.54066878917556e-6	-4.1830862726162697e-7	3.566111060844161e-7	-7.962434507457125e-7
2556	-8.189579130707615e-6	-2.2451425107740684e-6	7.424146558195365e-6	2.2434776088170284e-6
2557	1.7124557812831706e-6	1.912010855572621e-6	-6.855900704791358e-6	-9.79116178566907e-7
2558	6.9174681910609954e-6	8.239307195829991e-7	-1.3801781265324561e-6	-1.575217865773733e-6
2559	-7.026698495180568e-6	-2.344843484865423e-6	8.039928738904113e-6	2.3329270629537907e-6
2560	-1.5661883479455568e-6	7.830021996063053e-7	-5.65894172276157e-6	-2.6733112275579193e-7
2561	8.252872193997987e-6	1.69418336654909e-6	-3.0380815610247504e-6	-2.261700720260509e-6
2562	-4.753823508201774e-6	-1.8550561981093083e-6	8.285150493657342e-6	2.180927223779739e-6
2563	-4.636440979929395e-6	-4.0185486244536434e-7	-4.218779665786414e-6	5.575141477811918e-7
2564	8.32035371804093e-6	2.026826646513378e-6	-4.537680698881784e-6	-2.794928565251172e-6
2565	-1.7214872397389697e-6	-9.295143842134573e-7	8.150481989912337e-6	1.7873591640149822e-6
2566	-7.012888288019128e-6	-1.3590683637936046e-6	-2.61522594525153e-6	1.4339655095229756e-6
2567	7.097211522264796e-6	1.775552677330078e-6	-5.7993410774672915e-6	-3.1316453352161683e-6
2568	1.5951275141783754e-6	1.8865553381706605e-7	7.647289271340214e-6	1.1775495575733297e-6
2569	-8.319944591791857e-6	-1.8691950422067491e-6	-9.267630917406677e-7	2.3004302227581493e-6
2570	4.774708295183818e-6	1.0187413668412568e-6	-6.764865394323918e-6	-3.2385823932255443e-6
2571	4.66742205046128e-6	1.2170616595084691e-6	6.805219385402534e-6	3.836201766577715e-7
2572	-8.343858159196353e-6	-1.812297929820763e-6	7.56842765289142e-7	3.086823964562032e-6
2573	1.7153013057114203e-6	-4.9796253283319533e-8	-7.384288828455546e-6	-3.0933410123307916e-6
2574	7.019286097004638e-6	1.8966412179861603e-6	5.677444350589244e-6	-5.503234637756514e-7
2575	-7.081760252257792e-6	-1.204538248797379e-6	2.3456577691473234e-6	3.7399369032835016e-6
2576	-1.5961835021001552e-6	-1.1650929929934871e-6	-7.641293740806738e-6	-2.6955130916138147e-6
2577	8.27933163662225e-6	2.0458215931030245e-6	4.33381881526824e-6	-1.5629491440257838e-6
2578	-4.736955984562249e-6	-1.7634553461289577e-7	3.761694349403946e-6	4.198910658760815e-6
2579	-4.632085564741058e-6	-2.0435679491608074e-6	-7.53441258219869e-6	-2.048171939859802e-6
2580	8.252525378728407e-6	1.6061082334816029e-6	2.843654840323061e-6	-2.5923253918403897e-6
2581	-1.691176155004095e-6	1.0368426092386056e-6	4.943593306166937e-6	4.420661549246828e-6
2582	-6.918564289699061e-6	-2.447118532926742e-6	-7.083684470891214e-6	-1.178840330076674e-6
2583	6.962646088743691e-6	6.443429071541148e-7	1.2887790726311964e-6	-3.5730092130995613e-6
2584	1.5694218720981526e-6	2.144950345299442e-6	5.838121079528966e-6	4.374983673723053e-6
2585	-8.114780552483153e-6	-2.2451532814782966e-6	-6.324618058568226e-6	-1.2974659334081536e-7
2586	4.6307401486678405e-6	-6.473935426395162e-7	-2.4647807286845014e-7	-4.4336579888058266e-6
2587	4.5287379542899705e-6	2.876804234508006e-6	6.411930394084984e-6	4.042809653220107e-6
2588	-8.045505967423952e-6	-1.4330707889629558e-6	-5.308336132414251e-6	1.0389076259240299e-6
2589	1.636928874660848e-6	-1.999424422469882e-6	-1.682728902855024e-6	-5.105125923017431e-6
2590	6.732120407143269e-6	3.0190041528787116e-6	6.649711588892358e-6	3.42452071124813e-6
2591	-6.750610119547956e-6	-1.3026248218520252e-7	-4.102984530270942e-6	2.2602629483950223e-6
2592	-1.535016994893267e-6	-3.1078903512010752e-6	-2.9505209451373244e-6	-5.533621204293893e-6
2593	7.851744475551871e-6	2.475469134573029e-6	6.555888325595356e-6	2.5437500938442193e-6
2594	-4.449537184742003e-6	1.4235123070995514e-6	-2.7774879571813924e-6	3.464553685654012e-6
2595	-4.388361534622447e-6	-3.700035839318747e-6	-3.993557311990098e-6	-5.680366119485822e-6
2596	7.730275685679079e-6	1.2983551866938943e-6	6.149999733076222e-6	1.4429670098067329e-6
2597	-1.5273090739791431e-6	2.916944539492803e-6	-1.4069670081621676e-6	4.570141467134303e-6
2598	-6.4764921716842335e-6	-3.5868813148241716e-6	-4.773559659199324e-6	-5.520805533352575e-6
2599	6.418632040678054e-6	-3.377657566131538e-7	5.474001182990306e-6	1.7642379149504973e-7
2600	1.5341370956290232e-6	4.0256483032700574e-6	-6.790251367436363e-8	5.511066698362279e-6
2601	-7.49123755939879e-6	-2.7175507766289374e-6	-5.258230517964812e-6	-5.04811631567613e-6
2602	4.159269663948597e-6	-2.1414785002658643e-6	4.577214793789645e-6	-1.1945126528804383e-6
2603	4.236505019428463e-6	4.481614038276658e-6	1.170031867734133e-6	6.227772401534391e-6
2604	-7.300050941732774e-6	-1.1899738578211349e-6	-5.438191977596356e-6	-4.278003042616827e-6
2605	1.3411406751290978e-6	-3.7657879326300776e-6	3.518014484924048e-6	-2.592475246303835e-6
2606	6.1723227364967896e-6	4.123512593660985e-6	2.2457968669798283e-6	6.668416629514887e-6
2607	-5.979888156169966e-6	7.650145245027122e-7	-5.319604672290436e-6	-3.2437387557147713e-6
2608	-1.5632599659496146e-6	-4.875417048568303e-6	2.3647757783379744e-6	-3.939004611483234e-6
2609	7.05247760311374e-6	2.9425831784826755e-6	3.1151303150692195e-6	6.792914487626449e-6
2610	-3.7805922453228597e-6	2.8065313834220784e-6	-4.9302752753627675e-6	-1.9866828279990394e-6
2611	-4.08087393184653e-6	-5.20439853650357e-6	1.1898024887082986e-6	-5.166446585560232e-6
2612	6.77903998776987e-6	1.0840822765978187e-6	3.732380180801859e-6	6.592395548331278e-6
2613	-1.0957084475977543e-6	4.556785823390404e-6	-4.302686895820362e-6	-5.692583553079998e-7
2614	-5.8212913371080525e-6	-4.6178077419498535e-6	6.080181341507652e-8	-6.209304121796647e-6
2615	5.451117861647314e-6	-1.1714268759095964e-6	4.073760450613977e-6	6.071723277781585e-6
2616	1.6138378205280241e-6	5.668467310573544e-6	-3.485100369634993e-6	9.404829099582917e-7
2617	-6.5410223032184615e-6	-3.1417699341175725e-6	-9.596205112006308e-7	-7.006863140948429e-6
2618	3.331744576500929e-6	-3.4365373322578596e-6	4.133781742691551e-6	5.2416727116450045e-6
2619	3.905462912172153e-6	5.872561331845647e-6	-2.54463704530941e-6	2.4721924232684073e-6
2620	-6.175105316324508e-6	-9.696176124813372e-7	-1.8089310480789366e-6	-7.508545304464522e-6
2621	8.080641696107512e-7	-5.300411966221226e-6	3.927323577175149e-6	4.137254216338748e-6
2622	5.422963047882646e-6	5.066330672810717e-6	-1.5464639855322874e-6	3.952168091971149e-6
2623	-4.8406557083027126e-6	1.560802189228917e-6	-2.447132754728262e-6	-7.689293752538064e-6
2624	-1.673380011243062e-6	-6.399809765493312e-6	3.485041862593385e-6	2.80346721442488e-6
2625	5.954673750844199e-6	3.314512245480058e-6	-5.553691704716579e-7	5.304223200743003e-6
2626	-2.818887380374936e-6	4.025584157253268e-6	-2.8424232696217e-6	-7.525580049884575e-6
2627	-3.6952421385047295e-6	-6.485984203441355e-6	2.8454649470112275e-6	1.2947277893536163e-6
2628	5.482764651354201e-6	8.573019960678604e-7	3.63921316665943e-7	6.4614966719028086e-6
2629	-4.973586614427864e-7	5.988964621340964e-6	-2.981571764211434e-6	-7.021195134426354e-6
2630	-4.95096717673828e-6	-5.472713000159954e-6	2.068289751465934e-6	-3.1555272425620245e-7
2631	4.158967044451468e-6	-1.924546970255315e-6	1.1433530320920522e-6	7.362870857096928e-6
2632	1.7090252462139332e-6	7.07313464858403e-6	-2.8640400074760427e-6	-6.188906955705082e-6
2633	-5.2834177527086855e-6	-3.464629501850859e-6	1.2115512449295826e-6	-1.9536486807240863e-6
2634	2.2646882187936173e-6	-4.565730482706504e-6	1.7355110646429806e-6	7.95974464817706e-6
2635	3.4270363315831374e-6	7.038643893605929e-6	-2.5136841524901617e-6	-5.063807246755039e-6
2636	-4.707255204975505e-6	-7.481523724647101e-7	3.420460619550496e-7	-3.5410094955396933e-6
2637	1.755109432071413e-7	-6.601711737086191e-6	2.1074384094677323e-6	8.222125574354783e-6
2638	4.396858584321091e-6	5.826760475745421e-6	-1.970458025454757e-6	-3.6960922505389752e-6
2639	-3.3969391228150514e-6	2.2468522210588928e-6	-4.74171992626754e-7	-5.003797584849451e-6
2640	-1.7227459899602094e-6	-7.655585068871724e-6	2.2437923630515783e-6	8.126893117180111e-6
2641	4.510787288011605e-6	3.5904073534050984e-6	-1.2795068907683055e-6	-2.1410691461670783e-6
2642	-1.6483751476441244e-6	5.024708124995409e-6	-1.1764745585747685e-6	-6.268614211426795e-6
2643	-3.1018616897101793e-6	-7.509371922834752e-6	2.1408400906027574e-6	7.669490886212035e-6
2644	3.825327901499652e-6	6.592864916870688e-7	-4.997690503174666e-7	-4.7016928630563435e-7
2645	1.7657441641858166e-7	7.115497221985634e-6	-1.7142456898451359e-6	-7.271296304942508e-6
2646	-3.759850472947021e-6	-6.13050612186173e-6	1.8135319786745112e-6	6.8667447837135805e-6
2647	2.5486420153784455e-6	-2.5104600580064896e-6	3.0882883017545264e-7	1.241596308307556e-6
2648	1.7233717033302828e-6	8.143188429573131e-6	-2.0498630788785216e-6	-7.962698646673469e-6
2649	-3.639104940871265e-6	-3.7045216494406595e-6	1.2852756098734635e-6	5.753023741435755e-6
2650	9.777045199193695e-7	-5.400981369263693e-6	1.084298709206855e-6	2.903745041533895e-6
2651	2.7254821526292854e-6	7.894193194394394e-6	-2.160726998893998e-6	-8.299190449303127e-6
2652	-2.850839133149827e-6	-5.921244962005342e-7	5.98536638789289e-7	4.380596657037223e-6
2653	-5.451367256607447e-7	-7.523226866878589e-6	1.7643069754704838e-6	4.433860358854965e-6
2654	3.04920026776199e-6	6.366971630304154e-6	-2.0373104391128293e-6	-8.256863280965512e-6
2655	-1.6244046227216919e-6	2.711707059841748e-6	-1.9496077518865075e-7	2.817418555654377e-6
2656	-1.712676648221572e-6	-8.501699575083313e-6	2.298810300975556e-6	5.751454258350889e-6
2657	2.693882726593896e-6	3.783941713323095e-6	-1.6839917103449966e-6	-7.83957602205386e-6
2658	-2.601586612259749e-7	5.666103274471515e-6	-1.0405562181657987e-6	1.1433567847099378e-6
2659	-2.3243599839625525e-6	-8.149643025894382e-6	2.6428316510697697e-6	6.791545440354119e-6
2660	1.8148597279011873e-6	5.407465271819936e-7	-1.1142987750421208e-6	-7.071922238681803e-6
2661	9.355982479902796e-7	7.782957731860153e-6	-1.874730203427506e-6	-5.534315291076288e-7
2662	-2.309319825341755e-6	-6.497602068095035e-6	2.7638794685224986e-6	7.503930004064474e-6
2663	6.612173549925972e-7	-2.8420164856241282e-6	-3.655369166481981e-7	-6.0000987578322615e-6
2664	1.7093502705656335e-6	8.698727532369258e-6	-2.6333414913751624e-6	-2.189198409631174e-6
2665	-1.7262199291044007e-6	-3.8002506998073552e-6	2.6374124494627554e-6	7.857642314203818e-6
2666	-4.815626724608315e-7	-5.816328359548999e-6	5.22498027530994e-7	-4.683392297723956e-6
2667	1.9266945518899304e-6	8.253434806469628e-6	-3.253131376646896e-6	-3.6808600436673635e-6
2668	-7.651980492614168e-7	-4.855902913258329e-7	2.2560814215468548e-6	7.844679745213026e-6
2669	-1.3401793545631566e-6	-7.896431967609843e-6	1.4887389528913066e-6	-3.19544283225298e-6
2670	1.5732678841633524e-6	6.511737697324176e-6	-3.681667007002003e-6	-4.959475515670243e-6
2671	3.097214562054261e-7	2.9224596502305454e-6	1.633417396569639e-6	7.471452748370395e-6
2672	-1.7178936299307757e-6	-8.743541882558355e-6	2.467209945251812e-6	-1.6106769428665984e-6
2673	7.691681235918646e-7	3.7509443380883088e-6	-3.8712407039229706e-6	-5.966710715931971e-6
2674	1.2220943807147544e-6	5.87380578842432e-6	7.931695170067587e-7	6.7710228459678866e-6
2675	-1.5410516064756051e-6	-8.22558491905071e-6	3.3817650875475086e-6	-1.622906313738108e-8
2676	-2.6601865042814733e-7	4.139060838236225e-7	-3.7851845713094646e-6	-6.659695552363274e-6
2677	1.7455421289076578e-6	7.898162418735074e-6	-2.182960378817728e-7	5.790302100407152e-6
2678	-8.572780651591657e-7	-6.430889367629693e-6	4.1628518106560845e-6	1.512653273543145e-6
2679	-1.2655785027527132e-6	-2.9683968408555755e-6	-3.4173468040737277e-6	-7.012046893319376e-6
2680	1.7348724668231955e-6	8.675653918436998e-6	-1.337296924538749e-6	4.5840929297725245e-6
2681	1.6955635042381387e-7	-3.6497032886034204e-6	4.750549134740281e-6	2.903943249856328e-6
2682	-1.9593700001304023e-6	-5.8593188417791196e-6	-2.779580192288888e-6	-7.018111311698163e-6
2683	1.1708255715244311e-6	8.09467025087456e-6	-2.492542141797403e-6	3.2191604060037187e-6
2684	1.2787204753233362e-6	-3.359309531840142e-7	5.090844570999985e-6	4.091950075954768e-6
2685	-2.153458026839639e-6	-7.796083139161752e-6	-1.8952867884000634e-6	-6.689679615262187e-6
2686	1.6442143477967956e-7	6.267592068782768e-6	-3.608767790978379e-6	1.77112801195787e-6
2687	2.1976019570704373e-6	2.9734858272833985e-6	5.146653268895104e-6	5.016892447680282e-6
2688	-1.7647461625552508e-6	-8.491164345378702e-6	-8.049384847359978e-7	-6.052553935985321e-6
2689	-1.0663493991609824e-6	3.5061058854217824e-6	-4.613613506740676e-6	3.162389684453987e-7
2690	2.6752716717418927e-6	5.757059791070358e-6	4.8988944428645316e-6	5.641098043129816e-6
2691	-8.316575386719319e-7	-7.855998213638003e-6	4.361665408963731e-7	-5.153147884023549e-6
2692	-2.243285207595183e-6	2.637507633683034e-7	-5.4381214779397716e-6	-1.06592245625939e-6
2693	2.561304366581382e-6	7.5840127297529755e-6	4.346591825638651e-6	5.939681286166929e-6
2694	4.7379948972595993e-7	-6.021936260493092e-6	1.7536334261631114e-6	-4.0516900787976165e-6
2695	-3.08772084306767e-6	-2.933195833422901e-6	-6.024144957756424e-6	-2.2996257043134357e-6
2696	1.8230065859043004e-6	8.186304811968757e-6	3.5121492081032813e-6	5.908204601913335e-6
2697	1.9002568748201554e-6	-3.3120898654853486e-6	3.0741890147943296e-6	-2.819360651862905e-6
2698	-3.3757300160165084e-6	-5.5785227039025084e-6	-6.323211443166503e-6	-3.319348636753513e-6
2699	5.541669584986872e-7	7.501305225855097e-6	2.4296474827953695e-6	5.5695538185091456e-6
2700	3.1471360314672516e-6	-1.80182575197054e-7	4.321497924413747e-6	-1.5318310514859055e-6
2701	-2.9876743509097643e-6	-7.263911061386588e-6	-6.3077337939776216e-6	-4.082777524663781e-6
2702	-1.0375061734381389e-6	5.679354316699909e-6	1.1496686955879754e-6	4.958678564756419e-6
2703	3.937116097976715e-6	2.860997513628799e-6	5.424999259877856e-6	-2.6812144769705216e-7
2704	-1.92758800318149e-6	-7.758135764169913e-6	-5.9659548390213794e-6	-4.559045124217311e-6
2705	-2.6531242189188758e-6	3.049345819024712e-6	-2.6883894179914487e-7	4.127055855702669e-6
2706	4.056128663482827e-6	5.33530469071096e-6	6.322432389230958e-6	8.94932540853049e-7
2707	-3.411747410147757e-7	-7.029351261177296e-6	-5.305776585394562e-6	-4.732023562039533e-6
2708	-3.9776971020216035e-6	6.139509115584322e-8	-1.7515693667184937e-6	3.1384576292755183e-6
2709	3.4169194996263647e-6	6.860881054612882e-6	6.952522165063027e-6	1.8937451001497881e-6
2710	1.5191058147332043e-6	-5.2342360109494805e-6	-4.351987923817328e-6	-4.61208572280004e-6
2711	-4.727005176489027e-6	-2.790222009163751e-6	-3.2221538982150766e-6	2.063978013979674e-6
2712	2.0641137317348856e-6	7.233267168947683e-6	7.272657167512453e-6	2.679640909156149e-6
2713	3.321988715310876e-6	-2.7077958254514556e-6	-3.141027941320604e-6	-4.229642594855456e-6
2714	-4.699671396427139e-6	-5.0550295812417774e-6	-4.604666742223152e-6	9.805649816987544e-7
2715	1.8329216247010893e-7	6.45130191840073e-6	7.254683522026353e-6	3.2187507864889718e-6
2716	4.723945901448983e-6	1.0390686570557742e-7	-1.727950862892182e-6	-3.630849147333391e-6
2717	-3.832454499645312e-6	-6.391621410330637e-6	-5.827124121323703e-6	-4.3990135725500493e-8
2718	-1.9241025542733728e-6	4.692418413101782e-6	6.891181434213426e-6	3.495586157717014e-6
2719	5.439949353528434e-6	2.7333529013554803e-6	-1.7499361713301376e-7	-2.8628970566786094e-6
2720	-2.2147493307836166e-6	-6.62963269763604e-6	-6.820577671356034e-6	-9.476728620024449e-7
2721	-3.896989566739461e-6	2.2971253714338026e-6	6.189205367990556e-6	3.506613829677384e-6
2722	5.2857510121147366e-6	4.756486336235537e-6	1.4394366000978098e-6	-1.9939034350526693e-6
2723	-7.186724913949519e-8	-5.79073880787536e-6	-7.5240838650000465e-6	-1.67821676458481e-6
2724	-5.380471316413744e-6	-3.1022934963606935e-7	5.177976413635994e-6	3.270538166312217e-6
2725	4.22145586626266e-6	5.87521017152324e-6	3.0348677628156378e-6	-1.0816144900883152e-6
2726	2.266817742154368e-6	-4.074272024707443e-6	-7.901924716102815e-6	-2.2081684854661652e-6
2727	-6.076033235329498e-6	-2.685274023136433e-6	3.90126585119683e-6	2.8196172871385295e-6
2728	2.3570877412077456e-6	5.9590345421844314e-6	4.53125634761463e-6	-1.9432085138552363e-7
2729	4.407609891672705e-6	-1.8218460947144558e-6	-7.921678519330598e-6	-2.50711850563076e-6
2730	-5.804791796461353e-6	-4.442165479826072e-6	2.410812370534233e-6	2.1963196426696146e-6
2731	-3.691064486222237e-8	5.058858962688453e-6	5.853719208084555e-6	6.090335210880892e-7
2732	5.9633341141987555e-6	5.55440708688675e-7	-7.576655111583691e-6	-2.5628212125641186e-6
2733	-4.548190720306449e-6	-5.320472429388509e-6	7.786355640004861e-7	1.4508196525633924e-6
2734	-2.586896678683833e-6	3.3918376095112257e-6	6.9301809501092536e-6	1.277656533374346e-6
2735	6.633263380383212e-6	2.6455704254091193e-6	-6.877258250724922e-6	-2.3830837690544252e-6
2736	-2.459369563554621e-6	-5.234308339266084e-6	-9.129794093677061e-7	6.461557093236245e-7
2737	-4.869066691452666e-6	1.2969640430940399e-6	7.70362848962382e-6	1.7669011043762564e-6
2738	6.250208825906519e-6	4.101477272253344e-6	-5.856633183871023e-6	-1.992785351035998e-6
2739	1.5705687667187384e-7	-4.263822715157734e-6	-2.5766636105877085e-6	-1.5688098270249601e-7
2740	-6.485141219704717e-6	-8.256611180521184e-7	8.1324582728769e-6	2.0449677883334417e-6
2741	4.82008438518505e-6	4.716880201081611e-6	-4.565355503520614e-6	-1.424301746080524e-6
2742	2.892281298405832e-6	-2.6537080824545255e-6	-4.130451108288661e-6	-9.028973765784085e-7
2743	-7.124218235371443e-6	-2.5958074984088815e-6	8.196964519290744e-6	2.097674161284358e-6
2744	2.5249979176615047e-6	4.450651238486556e-6	-3.0670159640368234e-6	-7.212308578904901e-7
2745	5.294439895310561e-6	-7.41271882764971e-7	-5.497257011005563e-6	-1.5391108226234098e-6
2746	-6.631378741655976e-6	-3.730487055527824e-6	7.893084090549449e-6	1.9237320077305427e-6
2747	-2.8964243227607353e-7	3.4177987992433535e-6	-1.4392274656563312e-6	5.9432596749244976e-8
2748	6.946576253784288e-6	1.1046518076837383e-6	-6.61362218148637e-6	-2.015943800218114e-6
2749	-5.0320572847325904e-6	-4.0738612735300975e-6	7.242172444116298e-6	1.5329600658909904e-6
2750	-3.184941533644553e-6	1.8769046826375497e-6	2.397371349813857e-7	8.651373197436539e-7
2751	7.538934316847275e-6	2.5466533127355144e-6	-7.429211916410103e-6	-2.2906697499033325e-6
2752	-2.5487558949745397e-6	-3.622033476824259e-6	6.2775799484178375e-6	9.476283023898824e-7
2753	-5.676540325042423e-6	1.5448056050167645e-7	1.8910186554527014e-6	1.636045697415394e-6
2754	6.928657005365876e-6	3.340245152845131e-6	-7.906533222857255e-6	-2.3379424994477084e-6
2755	4.3704805825479107e-7	-2.5190368215428355e-6	5.053094175492221e-6	2.016393807210369e-7
2756	-7.336344674701192e-6	-1.399326165382403e-6	3.4332694646992367e-6	2.310733333034442e-6
2757	5.170735953026121e-6	3.380153441670999e-6	-8.033745077391404e-6	-2.144256427001598e-6
2758	3.4511276692006576e-6	-1.0424551177438496e-6	3.629549861923659e-6	-6.521250142829505e-7
2759	-7.856286692027908e-6	-2.4844545808056788e-6	4.800855205706556e-6	2.8303598620217225e-6
2760	2.528927360717682e-6	2.7191191859474038e-6	-7.808747487766668e-6	-1.7078883427637565e-6
2761	5.985870631080178e-6	4.7350604170092336e-7	2.074105983998443e-6	-1.5526579225497966e-6
2762	-7.122160922680934e-6	-2.9090762945122694e-6	5.931035401084819e-6	3.144776621233308e-6
2763	-5.823382250384221e-7	1.544566470738309e-6	-7.249074359991054e-6	-1.0522363330046911e-6
2764	7.61328703214155e-6	1.7096526726154975e-6	4.637825178370883e-7	-2.432396568619364e-6
2765	-5.231255951763803e-6	-2.6313603641912576e-6	6.776379385636e-6	3.2192856312045317e-6
2766	-3.6586647798547228e-6	1.4861937184678443e-7	-6.382468706896817e-6	-2.147000608894039e-7
2767	8.050266576990922e-6	2.4160091847246122e-6	-1.1301904667978929e-6	-3.222753655984188e-6
2768	-2.473983975393005e-6	-1.7579094895281227e-6	7.302486030388134e-6	3.030992671046589e-6
2769	-6.194337065021947e-6	-1.1429717292948362e-6	-5.260003163490079e-6	7.56171351911796e-7
2770	7.206129856511876e-6	2.4585177670062448e-6	-2.6271711737506596e-6	-3.859702412969959e-6
2771	7.118627235584129e-7	-5.174716848857597e-7	7.490827032567375e-6	2.5786847825492933e-6
2772	-7.764673175731704e-6	-2.0460100979215224e-6	-3.936791890109091e-6	1.7965616778860338e-6
2773	5.205694462676022e-6	1.857876269668604e-6	-3.961060813845127e-6	-4.290128612008678e-6
2774	3.80147251550607e-6	7.829501922049911e-7	7.335327666890787e-6	1.8781443600129486e-6
2775	-8.100530091078704e-6	-2.358205935896542e-6	-2.480324001587276e-6	2.839971134655865e-6
2776	2.3714061561516085e-6	7.854658187544874e-7	-5.064381087680598e-6	-4.465397808383004e-6
2777	6.289280017511063e-6	1.8308110206290285e-6	6.845115252600866e-6	9.613019315170083e-7
2778	-7.155186526010951e-6	-2.0173463532160256e-6	-9.63325988819564e-7	3.8137163949791053e-6
2779	-8.292265728254572e-7	-5.005455170201755e-7	-5.890902144108512e-6	-4.365017255796763e-6
2780	7.771624959952769e-6	2.3872602451668385e-6	6.059497316039362e-6	-1.1745430069346489e-7
2781	-5.082369345142579e-6	-1.110871498693998e-6	5.272009355089554e-7	4.648201889492497e-6
2782	-3.876703222847238e-6	-1.6962933892409915e-6	-6.401539951865028e-6	-3.984253478019132e-6
2783	8.00411296825251e-6	2.3159042504617914e-6	5.027140856696184e-6	-1.2989842309697402e-6
2784	-2.222678628492834e-6	1.5306295542171488e-7	1.9151752052743303e-6	5.286163107637958e-6
2785	-6.273580330103421e-6	-2.509948802479838e-6	-6.577640995648793e-6	-3.327592209406754e-6
2786	6.969551948751562e-6	1.6031412999812254e-6	3.8116050007853986e-6	-2.5233056548115906e-6
2787	9.445211589310914e-7	1.4875617175163008e-6	3.1290950829346407e-6	5.679204071911236e-6
2788	-7.636884908298375e-6	-2.730788802976517e-6	-6.425268797162078e-6	-2.4175714722552854e-6
2789	4.855243757585086e-6	3.9300110303048775e-7	2.4906118214310647e-6	-3.7223674376879797e-6
2790	3.892431654595173e-6	2.5803502256026644e-6	4.1101106879894354e-6	5.793597363579209e-6
2791	-7.758576736918368e-6	-2.2769194365854865e-6	-5.966539483351658e-6	-1.2931401037209073e-6
2792	2.0231270891650034e-6	-1.0565647996201525e-6	1.1368495226268143e-6	-4.826125174635795e-6
2793	6.1484739035819e-6	3.1625732067456706e-6	4.815608278818068e-6	5.607042234001836e-6
2794	-6.65214979999177e-6	-1.2069020258162188e-6	-5.239530150747371e-6	-4.890715331448484e-9
2795	-1.0456132802660601e-6	-2.433135835644506e-6	-1.7027516047538864e-7	-5.7622031838868595e-6
2796	7.361863688687791e-6	3.0640632640365183e-6	5.2205725327538936e-6	5.106902401595479e-6
2797	-4.5342319958693724e-6	2.858618177424176e-7	-4.305315019178008e-6	1.3900967904861635e-6
2798	-3.83973607376357e-6	-3.425901166910772e-6	-1.3588633601422097e-6	-6.468433344443975e-6
2799	7.3687741259631244e-6	2.2529737030443187e-6	5.319324070012007e-6	4.300949444192149e-6
2800	-1.7834985628605093e-6	1.909498672995888e-6	-3.231624687735525e-6	2.815393429033478e-6
2801	-5.914550963708096e-6	-3.7889949057519502e-6	-2.3658797791406618e-6	-6.893343361273691e-6
2802	6.216967827928027e-6	8.417452739958535e-7	5.126160371789725e-6	3.22144859920518e-6
2803	1.1323924551218163e-6	3.327130971698234e-6	-2.0886260599397517e-6	4.193455356816332e-6
2804	-6.963891547057386e-6	-3.3890536762545562e-6	-3.1484918299966735e-6	-6.999097992008343e-6
2805	4.136111942430597e-6	-9.141012208691021e-7	4.673627430801043e-6	1.911716879299548e-6
2806	3.725894665919513e-6	4.2237569321788715e-6	-9.452487171544588e-7	5.4477676100581876e-6
2807	-6.860787441794207e-6	-2.250166742151766e-6	-3.6753718367654348e-6	-6.761676758306454e-6
2808	1.5108843947956303e-6	-2.6899106239016847e-6	4.006288945033302e-6	4.2937689166745783e-7
2809	5.593884477736566e-6	4.383241644112938e-6	1.2915777632463568e-7	6.503706023919077e-6
2810	-5.680752872505227e-6	-5.36548882298507e-7	-3.933297737780567e-6	-6.177220115002518e-6
2811	-1.2105698497324153e-6	-4.145063751545096e-6	3.180599530037813e-6	-1.152343615750525e-6
2812	6.46811653521632e-6	3.713644643702009e-6	1.0763162167267565e-6	7.2901209316774964e-6
2813	-3.667361051353997e-6	1.4670061202343821e-6	-3.924078996764745e-6	-5.261564846487443e-6
2814	-3.57369724761512e-6	-4.964912500261468e-6	2.2551868190904396e-6	-2.7496371105464168e-6
2815	6.256033909726916e-6	2.2739701734169116e-6	1.844081913074169e-6	7.755278446255354e-6
2816	-1.1984543732323157e-6	3.399077655613847e-6	-3.666252480478586e-6	-4.052500127331682e-6
2817	-5.207658741118739e-6	-4.943432752932331e-6	1.297308109069397e-6	-4.2758163561525975e-6
2818	5.054276305967706e-6	2.755961190412512e-7	2.395439888098589e-6	7.865602791552898e-6
2819	1.2905799638047643e-6	4.892227908687438e-6	-3.190577549134902e-6	-2.60622590190137e-6
2820	-5.885553578231342e-6	-4.02232715414284e-6	3.624715194493615e-7	-5.648557730970474e-6
2821	3.128332954775279e-6	-1.953040250801391e-6	2.7089175459647684e-6	7.60287742285257e-6
2822	3.385647523361645e-6	5.635949382492111e-6	-2.5431018826704237e-6	-9.932657904201676e-7
2823	-5.559322599867702e-6	-2.308177736315465e-6	-4.810781189274696e-7	-6.7901315487807375e-6
2824	8.477318480544428e-7	-4.021986100428828e-6	2.774594145339735e-6	6.974452887719346e-6
2825	4.767066337430911e-6	5.450323878687469e-6	-1.7811363628647636e-6	7.012514509314667e-7
2826	-4.355097059906869e-6	-5.715185775785586e-8	-1.1776799638102173e-6	-7.639559752735232e-6
2827	-1.388390974630407e-6	-5.548676100830358e-6	2.6052431089579063e-6	6.012668491744104e-6
2828	5.249188177220816e-6	4.306622411932978e-6	-9.629861913660933e-7	2.3922751321205793e-6
2829	-2.5301806165936497e-6	2.369800456001168e-6	-1.6866420289256972e-6	-8.149336684217511e-6
2830	-3.2034331530920564e-6	-6.230380245909016e-6	2.2193959946199887e-6	4.759230322519698e-6
2831	4.808011225440253e-6	2.350924901868795e-6	-1.4326264879461325e-7	3.999242067375115e-6
2832	-4.4029363236963155e-7	4.5564573466489776e-6	-1.9822393298831946e-6	-8.292726689945414e-6
2833	-4.3172778383586876e-6	-5.896698545440684e-6	1.6549649111151543e-6	3.2755278190902963e-6
2834	3.59166419003764e-6	-1.241593063721786e-7	6.132341130275696e-7	5.44004302527196e-6
2835	1.5323323655789675e-6	6.104548769254385e-6	-2.0444869181023227e-6	-8.064497938949011e-6
2836	-4.5825799798263275e-6	-4.551706962854735e-6	9.592894259194447e-7	1.6353392212124184e-6
2837	1.8673480601783804e-6	-2.7208787277974088e-6	1.2450459121688478e-6	6.640945019567757e-6
2838	3.0499849455053635e-6	6.7220571388792386e-6	-1.8698817452082215e-6	-7.471658207898797e-6
2839	-4.0165698069315446e-6	-2.3796321932868742e-6	1.8975904694953381e-7	-8.33674464982561e-8
2840	-2.088723803948582e-8	-5.000925003519754e-6	1.7005158356414265e-6	7.548605945609959e-6
2841	3.875255567337145e-6	6.253430882999757e-6	-1.4758822013313288e-6	-6.544603162253412e-6
2842	-2.7816103324103493e-6	2.882409262383757e-7	-5.846988116391018e-7	-1.7971675032482494e-6
2843	-1.7186269036740282e-6	-6.560049758940941e-6	1.9416197559181786e-6	8.119562602949003e-6
2844	3.909241147134758e-6	4.7316033588014815e-6	-8.962682344855522e-7	-5.3305012045826915e-6
2845	-1.1576250071088515e-6	3.0221889359522423e-6	-1.298810955493921e-6	-3.427700418150535e-6
2846	-2.9230809515576285e-6	-7.106252052226281e-6	1.944677570385632e-6	8.330100379940567e-6
2847	3.2001518261359973e-6	2.3809257676687206e-6	-1.7645239458929662e-7	-3.891883139640807e-6
2848	5.229640263046308e-7	5.363420219350834e-6	-1.8906622218444527e-6	-4.892574240996919e-6
2849	-3.4461307607468104e-6	-6.512599854008152e-6	1.7062759666303174e-6	8.173112204322859e-6
2850	1.9393435736246946e-6	-4.3524883806520296e-7	6.189462225762838e-7	-2.293677391141268e-6
2851	1.9372299358945745e-6	6.909043474665474e-6	-2.3077380015755085e-6	-6.132311670737223e-6
2852	-3.232778852667092e-6	-4.843575650564518e-6	1.2437313766532792e-6	7.661325152533118e-6
2853	4.131205555360382e-7	-3.267859587273934e-6	1.4263194683359692e-6	-6.148811421166226e-7
2854	2.8209193051015622e-6	7.3849950341320025e-6	-2.50978593334823e-6	-7.087395599432862e-6
2855	-2.3714782193867455e-6	-2.3474088346980384e-6	5.870178487765436e-7	6.821675944514777e-6
2856	-1.0619141201615725e-6	-5.653205803979271e-6	2.1767558606570765e-6	1.0674667282969326e-6
2857	3.0310345329458505e-6	6.682430854878718e-6	-2.4750253039581573e-6	-7.714278272338734e-6
2858	-1.0735491490383573e-6	5.894938396552396e-7	-2.1345675178920124e-7	5.695525688006941e-6
2859	-2.1879536758478154e-6	-7.182128848867576e-6	2.812978008527316e-6	2.6759809091025668e-6
2860	2.5535363215288227e-6	4.8852183255607304e-6	-2.1970407836833478e-6	-7.989423607900713e-6
2861	3.643775520459336e-7	3.497070149272791e-6	-1.1009119670500448e-6	4.3366069170385575e-6
2862	-2.7346403189871703e-6	-7.580990445266044e-6	3.2783215834144376e-6	4.135457727420483e-6
2863	1.522008611210944e-6	2.265291884814699e-6	-1.6810502806359283e-6	-7.907553538450417e-6
2864	1.6283154378242125e-6	5.893479614931476e-6	-2.0166617739349256e-6	2.8181723458671728e-6
2865	-2.6067841522319624e-6	-6.767686719054908e-6	3.533294215378359e-6	5.370003191821324e-6
2866	1.8484957895928847e-7	-7.583807515798148e-7	-9.57828918857878e-7	-7.473747213164021e-6
2867	2.4430473577389447e-6	7.375794488403673e-6	-2.8938979579294345e-6	1.2150683204965581e-6
2868	-1.856145048357091e-6	-4.855323499520164e-6	3.5502022940608678e-6	6.323258381861394e-6
2869	-1.1543371791449123e-6	-3.6980968548964497e-6	-6.927903082310859e-8	-6.715253918256897e-6
2870	2.638296414552927e-6	7.686546734405157e-6	-3.666179106817495e-6	-3.897132491213701e-7
2871	-6.551882475282432e-7	-2.1462318185664146e-6	3.3081335885878214e-6	6.95492465659058e-6
2872	-2.1969663302922077e-6	-6.067236222437972e-6	9.359815324950413e-7	-5.6773370798119634e-6
2873	2.1688358630788317e-6	6.763722650392743e-6	-4.284246045212312e-6	-1.9118338767210534e-6
2874	7.242922978521673e-7	9.237617346832345e-7	2.809864787721516e-6	7.243582077832147e-6
2875	-2.7003020171104563e-6	-7.468133782018627e-6	2.0055123818440455e-6	-4.420061836063796e-6
2876	1.1306889149919705e-6	4.752279879654932e-6	-4.703906662659077e-6	-3.278275299184265e-6
2877	1.965564659788753e-6	3.842482473512223e-6	2.0736486053985006e-6	7.18281077367014e-6
2878	-2.5300544082605934e-6	-7.665409329125918e-6	3.0721999755697758e-6	-3.0187450958861017e-6
2879	-2.463416676953518e-7	1.989774701662733e-6	-4.878697677627064e-6	-4.420513675627555e-6
2880	2.7774688136342785e-6	6.128938317332651e-6	1.126283876057587e-6	6.791459465689043e-6
2881	-1.706564846778853e-6	-6.6365589759422946e-6	4.072252846274184e-6	-1.5601171962826505e-6
2882	-1.6626244848610971e-6	-1.0627976200906754e-6	-4.7786079831853225e-6	-5.286743087438908e-6
2883	2.9533325279934507e-6	7.415827955053895e-6	9.280996717841473e-9	6.107844478488618e-6
2884	-3.79726270791495e-7	-4.568460389429861e-6	4.942632077510277e-6	-1.2376234230933772e-7
2885	-2.7951660925957494e-6	-3.905897186949456e-6	-4.391711158082947e-6	-5.848092725536021e-6
2886	2.4147786506431597e-6	7.5062003364358795e-6	-1.223808126162684e-6	5.181512039736071e-6
2887	1.1678677013931363e-6	-1.8103793610934665e-6	5.621708019929305e-6	1.2222566677571394e-6
2888	-3.3660280547959056e-6	-6.0765375261897135e-6	-3.7165511855162026e-6	-6.09687435404479e-6
2889	1.2346945596667897e-6	6.401372421142999e-6	-2.510736671918845e-6	4.077720378941348e-6
2890	2.6106324998931275e-6	1.1776231685150497e-6	6.053556388396195e-6	2.4108037657603246e-6
2891	-3.207515547619875e-6	-7.235107287675871e-6	-2.776683677222897e-6	-6.0398815188652955e-6
2892	-3.710054922032688e-7	4.31172419351299e-6	-3.7759149925290003e-6	2.8667763409332524e-6
2893	3.6203467073234074e-6	3.897177978906733e-6	6.199027573026181e-6	3.3920063850624882e-6
2894	-2.2945874597783733e-6	-7.2131609918666454e-6	-1.6081437931837334e-6	-5.697324430630368e-6
2895	-2.0839199420122195e-6	1.6013865391994149e-6	-4.948341163937161e-6	1.6162851520910129e-6
2896	3.943979488689539e-6	5.915320879849495e-6	6.028678457217378e-6	4.125433395717943e-6
2897	-7.651431782518639e-7	-6.049512773546602e-6	-2.63822079952364e-7	-5.100483469338723e-6
2898	-3.5437261128934287e-6	-1.2687594907734944e-6	-5.9491480237074425e-6	3.88983505049659e-7
2899	3.450821619121914e-6	6.92598903082772e-6	5.532442588963113e-6	4.588730879255303e-6
2900	1.1105427771047937e-6	-3.976787521845886e-6	1.1917546226730891e-6	-4.2986448471769075e-6
2901	-4.426206984428837e-6	-3.8224230352888465e-6	-6.712435860076476e-6	-7.470693046715357e-7
2902	2.17740694639133e-6	6.79472841815526e-6	4.718027034574254e-6	4.7709073934837985e-6
2903	2.9669343327095887e-6	-1.35984141175577e-6	2.6817683392627877e-6	-3.3476471115984396e-6
2904	-4.4993518559363035e-6	-5.652918356177018e-6	-7.182928620196769e-6	-1.7328597628192893e-6
2905	3.174126366654222e-7	5.589086905873571e-6	3.622760978355878e-6	4.679250608174471e-6
2906	4.429624541689358e-6	1.3381488117547687e-6	4.1188998515454164e-6	-2.310046150153073e-6
2907	-3.6801809900535454e-6	-6.490044021395707e-6	-7.321251099021866e-6	-2.5259843116284243e-6
2908	-1.8028774518200983e-6	3.5639371283599686e-6	2.2900288159054093e-6	4.336679634357601e-6
2909	5.175933752174551e-6	3.6719207638889056e-6	5.4230635543020625e-6	-1.248922194443123e-6
2910	-2.0655956569393884e-6	-6.248494160263361e-6	-7.109491194088708e-6	-3.089428798416376e-6
2911	-3.7828793977527962e-6	1.0974284410079441e-6	7.838082845668356e-7	3.7769786060673198e-6
2912	5.010316942716533e-6	5.286456435186503e-6	6.526441109755219e-6	-2.3123668969033985e-7
2913	9.202977164518108e-8	-5.031490667706633e-6	-6.554803400468121e-6	-3.3957584995963884e-6
2914	-5.23658580144646e-6	-1.387043050163732e-6	-8.197690213486425e-7	3.0449587199132145e-6
2915	3.893031535287629e-6	5.949799036492493e-6	7.36531171540387e-6	6.803418434457198e-7
2916	2.425427266059663e-6	-3.0929520496151673e-6	-5.673725408723875e-6	-3.4400246488431876e-6
2917	-5.856810896468162e-6	-3.4770602600341748e-6	-2.439716151683065e-6	2.196335872946512e-6
2918	1.970327678117655e-6	5.611045614577601e-6	7.889267667426369e-6	1.4342970820534185e-6
2919	4.511683988405194e-6	-8.022593524100173e-7	-4.503410509386055e-6	-3.2360818787914476e-6
2920	-5.4697235532746315e-6	-4.854178507432933e-6	-3.997269657861007e-6	1.2945194644910806e-6
2921	-4.568911178243268e-7	4.392170689785009e-6	8.068920830303362e-6	1.9858802384336957e-6
2922	5.9540489876007895e-6	1.4389470864987288e-6	-3.0919853623700368e-6	-2.8128754740143525e-6
2923	-4.081767521425476e-6	-5.331536422494192e-6	-5.415692892461066e-6	4.0792236818591227e-7
2924	-2.975523530068493e-6	2.559717483961323e-6	7.889372825111014e-6	2.3026765872859446e-6
2925	6.449024038005435e-6	3.254524968431146e-6	-1.5057672056178605e-6	-2.2139106520802015e-6
2926	-1.88757981788926e-6	-4.893180365854611e-6	-6.619177296079788e-6	-3.8956775889845127e-7
2927	-5.139048635742554e-6	4.723971421221579e-7	7.349579862598929e-6	2.3705473891785912e-6
2928	5.863057008536348e-6	4.37217523695311e-6	1.7926681834341422e-7	-1.4929771946007111e-6
2929	7.611425189383425e-7	-3.684856733409657e-6	-7.553392160238069e-6	-1.0434528279696754e-6
2930	-6.555507166036911e-6	-1.4959009746433616e-6	6.479907056448182e-6	2.1967052505803754e-6
2931	4.244562839590854e-6	4.653224457233494e-6	1.8805092497014562e-6	-7.132287232778123e-7
2932	3.426399209566251e-6	-1.977245782214241e-6	-8.171209636561533e-6	-1.5119183313199955e-6
2933	-6.943339609534463e-6	-3.0139085150275118e-6	5.313483712263543e-6	1.8142246096361727e-6
2934	1.8308740269584637e-6	4.1088327127494476e-6	3.5189334253695146e-6	6.011602271856598e-8
2935	5.653961505386141e-6	-1.0921558016304594e-7	-8.435832524945676e-6	-1.7666703986594308e-6
2936	-6.194487676910661e-6	-3.851581688479661e-6	3.899794051278385e-6	1.2614226941874218e-6
2937	-9.987533754902811e-7	2.90762035350457e-6	5.023517579509436e-6	7.606590491754456e-7
2938	7.046941426521802e-6	1.5715626575748354e-6	-8.332108777859513e-6	-1.7914463682958586e-6
2939	-4.386247325687323e-6	-3.917801839489351e-6	2.3002431332265496e-6	5.888913907127502e-7
2940	-3.7819131494688174e-6	1.3267106897743527e-6	6.320722412584787e-6	1.3316663302377284e-6
2941	7.34070819700591e-6	2.774075525382311e-6	-7.858259731028799e-6	-1.5894500510087435e-6
2942	-1.7927932833243144e-6	-3.2603286550393246e-6	5.887958303073869e-7	-1.4695563131675686e-7
2943	-6.053808279508927e-6	-3.0702837470608195e-7	7.34058734921503e-6	1.7296489850246699e-6
2944	6.4512742794089525e-6	3.3161815905677705e-6	-7.033217637551576e-6	-1.1805707500531705e-6
2945	1.1760683307166353e-6	-2.06663938054898e-6	-1.1504365067031455e-6	-8.84775344121767e-7
2946	-7.417016315796434e-6	-1.6798206754131684e-6	8.031596440198181e-6	1.9276515437994914e-6
2947	4.486678159296034e-6	3.1531470703646598e-6	-5.895970593353297e-6	-5.981272534737062e-7
2948	4.044303424554524e-6	-6.204426831663837e-7	-2.835083413328846e-6	-1.5646081688605304e-6
2949	-7.621480059293677e-6	-2.5502184009149646e-6	8.358449246695968e-6	1.9006205681903968e-6
2950	1.752785732122842e-6	2.372703526924901e-6	-4.501975007458648e-6	1.1391951137094932e-7
2951	6.3342372882797445e-6	7.715119040137546e-7	-4.37659662775023e-6	-2.126716349093222e-6
2952	-6.611917037523989e-6	-2.7835924558981596e-6	8.308874306160535e-6	1.6475065129356737e-6
2953	-1.313210976907179e-6	1.184945914037741e-6	-2.9232255429223896e-6	8.989823055889069e-7
2954	7.656508473743375e-6	1.8306492048335222e-6	-5.701265946396616e-6	-2.5252330459477933e-6
2955	-4.532189974393817e-6	-2.385437777465778e-6	7.886077281118034e-6	1.1796357562386276e-6
2956	-4.218235073362724e-6	-1.2974311358999144e-7	-1.23898722030298e-6	1.7016610228319456e-6
2957	7.783061875322255e-6	2.364604512553185e-6	-6.741673748576009e-6	-2.721151411847687e-6
2958	-1.7121594605085554e-6	-1.4802630601325684e-6	7.123078821575424e-6	5.224915284539925e-7
2959	-6.497103020441747e-6	-1.2833688780239535e-6	4.604209546943072e-7	2.4603757435212607e-6
2960	6.68521986133779e-6	2.28808085976489e-6	-7.45514274882951e-6	-2.693625526408886e-6
2961	1.4065126643131726e-6	-2.8813556093873186e-7	6.060768261285828e-6	-2.8577249502906254e-7
2962	-7.774290104940442e-6	-2.032675896400253e-6	2.0922196888346933e-6	3.1161850661808336e-6
2963	4.523676706761738e-6	1.6443117706058825e-6	-7.814814891406508e-6	-2.4250090481712432e-6
2964	4.327127198564538e-6	9.033176538313166e-7	4.757347736249408e-6	-1.1931950918731027e-6
2965	-7.833906816014073e-6	-2.2218496443608506e-6	3.5768430617061515e-6	3.616895371528382e-6
2966	1.642314129167441e-6	5.944505763077655e-7	-7.813417166234848e-6	-1.916086808334058e-6
2967	6.5735192679073065e-6	1.8224095258282924e-6	3.286349356535787e-6	-2.144764649508957e-6
2968	-6.6577739210065626e-6	-1.8198780064586906e-6	4.841794323097364e-6	3.914260055342204e-6
2969	-1.4951122049411662e-6	-6.113278073093117e-7	-7.4592575084026315e-6	-1.1841102172355956e-6
2970	7.789016618755503e-6	2.256754993343021e-6	1.7264301183028908e-6	-3.079792820463434e-6
2971	-4.439571012712524e-6	-9.18365324121115e-7	5.833804001073712e-6	3.971862232748224e-6
2972	-4.391555471515354e-6	-1.6841046253805955e-6	-6.784251062317252e-6	-2.62786448362526e-7
2973	7.777682840609631e-6	2.09716677033375e-6	1.6117501819920113e-7	-3.933690636020444e-6
2974	-1.5363236195352488e-6	2.840440823012084e-7	6.519715185515842e-6	3.762753383721676e-6
2975	-6.584670373662613e-6	-2.372578810589674e-6	-5.835633703323995e-6	7.992277048852126e-7
2976	6.544385481861935e-6	1.361343164274834e-6	-1.3320262080572765e-6	-4.642280173335095e-6
2977	1.5894455334618903e-6	1.5156523402040217e-6	6.8788139981668725e-6	3.2780683672302474e-6
2978	-7.725903435194324e-6	-2.487966061255639e-6	-4.671131352088583e-6	1.946130071000555e-6
2979	4.290978935108837e-6	1.8526443458637528e-7	-2.686114723983931e-6	-5.13956271009196e-6
2980	4.434082095313043e-6	2.4771216718083256e-6	6.903851460855374e-6	2.5232786907280647e-6
2981	-7.641495584654281e-6	-1.964467123533239e-6	-3.3566112360440075e-6	3.1107340317581458e-6
2982	1.3912693830147334e-6	-1.182903192382811e-6	-3.839451900860646e-6	-5.374871769029711e-6
2983	6.546601874257961e-6	2.921078380225986e-6	6.609250571729712e-6	1.527043713383321e-6
2984	-6.353180131047187e-6	-8.813111381600732e-7	-1.967269702122102e-6	4.217147867374858e-6
2985	-1.6861866009257811e-6	-2.4257855847132152e-6	-4.746279995374432e-6	-5.313538308504558e-6
2986	7.587885313650321e-6	2.7018202317413333e-6	6.0215709955892664e-6	3.412204890153986e-7
2987	-4.084132136177444e-6	5.629137433218034e-7	-5.720038741723641e-7	5.185929405586104e-6
2988	-4.439667439477637e-6	-3.25483963769972e-6	-5.370517174004331e-6	-4.940885509623028e-6
2989	7.413084774285041e-6	1.813733001238774e-6	5.184852435162211e-6	-9.727047399360074e-7
2990	-1.2184758690166636e-6	2.0734072450488855e-6	7.549387348730402e-7	5.949535000187866e-6
2991	-6.428903073866656e-6	-3.4475356729828782e-6	-5.6882915358319775e-6	-4.263528148930097e-6
2992	6.0694175527592685e-6	3.939717771602072e-7	4.158742182493107e-6	-2.3397080348613804e-6
2993	1.7723400101960515e-6	3.3206383189024534e-6	1.946811196557565e-6	6.448278144298266e-6
2994	-7.349957771461628e-6	-2.897447639597107e-6	-5.701811546371856e-6	-3.3050519594169607e-6
2995	3.8047329480997088e-6	-1.3059657981418548e-6	3.0039821256247467e-6	-3.686403550774947e-6
2996	4.39266465828384e-6	4.0154860117142225e-6	2.949700455529157e-6	6.642543598040352e-6
2997	-7.076750694728707e-6	-1.6558299501940221e-6	-5.422495037002584e-6	-2.1057181746665705e-6
2998	1.0097468299488897e-6	-2.951070180082146e-6	1.7898089096035303e-6	-4.934777031661159e-6
2999	6.227760022992563e-6	3.954631330175251e-6	3.7122207155811515e-6	6.513634309906984e-6
3000	-5.692099785159632e-6	8.945752293961825e-8	-4.882878826094405e-6	-7.280438549750874e-7
3001	-1.8423597505596449e-6	-4.194350120792907e-6	5.865569887789795e-7	-6.0096626753587e-6
3002	7.001048022548236e-6	3.0826897494133797e-6	4.202862180441294e-6	6.0548911661079295e-6
3003	-3.458981284252548e-6	2.0321367128352187e-6	-4.12744743063582e-6	7.666827772712763e-7
3004	-4.281721745055758e-6	-4.750513672505461e-6	-5.317330704102442e-7	-6.8469605026113925e-6
3005	6.625301764931918e-6	1.4915383255844689e-6	4.404191210143097e-6	5.275291546740945e-6
3006	-7.743407259983872e-7	3.8018204395989284e-6	-3.2155785385271417e-6	2.3003034893280017e-6
3007	-5.9248673251460935e-6	-4.43616736318223e-6	-1.5012519768999988e-6	-7.39533984641087e-6
3008	5.210933846302616e-6	-5.696025170677174e-7	4.320155102794994e-6	4.2090607015995694e-6
3009	1.8986530485101521e-6	5.031082773196209e-6	-2.2042866151874175e-6	3.790464845579619e-6
3010	-6.532856647471102e-6	-3.2395415423781072e-6	-2.269664245818534e-6	-7.618211199026317e-6
3011	3.040744851755972e-6	-2.735106890489815e-6	3.978475604056838e-6	2.9000545452426836e-6
3012	4.114125674911143e-6	5.431530533667329e-6	-1.1731449856469535e-6	5.1665601787157886e-6
3013	-6.057842275290645e-6	-1.3173811239000073e-6	-2.797174652704667e-6	-7.499602901831447e-6
3014	5.124872572725584e-7	-4.598594147940459e-6	3.421371963475016e-6	1.4032082003142218e-6
3015	5.531157829842956e-6	4.866082188742494e-6	-1.9436932897612697e-7	6.355701595665992e-6
3016	-4.638176912569631e-6	1.024288644617286e-6	-3.063530116148837e-6	-7.035344591276548e-6
3017	-1.9337261761855713e-6	-5.789319157701489e-6	2.6987851003229424e-6	-2.0940874705588004e-7
3018	5.961170898436565e-6	3.369398200385475e-6	6.721253478633441e-7	7.29465734633852e-6
3019	-2.563568496319899e-6	3.375494608095295e-6	-3.077154177076177e-6	-6.23722263300194e-6
3020	-3.890779214659143e-6	-6.037602894902738e-6	1.8778855174101727e-6	-1.862048954732152e-6
3021	5.391042106959806e-6	1.1531186464637803e-6	1.3690785226569765e-6	7.931422649933847e-6
3022	-2.2567765429724168e-7	5.30834975168488e-6	-2.8523286377635703e-6	-5.1307445812798534e-6
3023	-5.061684720594053e-6	-5.239662186641538e-6	1.0174283116661428e-6	-3.4766680349047426e-6
3024	3.978298847125859e-6	-1.4297616836881468e-6	1.8590315577831945e-6	8.2319106433053e-6
3025	1.958995381202071e-6	6.451480662826456e-6	-2.41960845399516e-6	-3.7629784101379097e-6
3026	-5.295684194504029e-6	-3.4731529333724343e-6	1.8177440264228298e-7	-4.973170011589149e-6
3027	2.023113744054721e-6	-3.935667057201134e-6	2.118988696912075e-6	8.165589675161558e-6
3028	3.620510870994283e-6	6.554408341875245e-6	-1.8239395033442696e-6	-2.1926497436864466e-6
3029	-4.6253824243803995e-6	-9.996245633854747e-7	-5.65407243889594e-7	-6.276589007861896e-6
3030	-8.814658327181132e-8	-5.915530099108426e-6	2.146637339026383e-6	7.728834635933488e-6
3031	4.515714709963445e-6	5.544561526789811e-6	-1.1230981299632497e-6	-4.975009080562949e-7
3032	-3.234557852169524e-6	1.7822492259421971e-6	-1.1677532922086996e-6	-7.317208101604854e-6
3033	-1.970536210008839e-6	-7.0060766352240984e-6	1.9485477508669575e-6	6.937627066125669e-6
3034	4.5467615232847535e-6	3.548479957780426e-6	-3.692349219918523e-7	1.2333290811054055e-6
3035	-1.4327488719964076e-6	4.409776421480228e-6	-1.5876230277468186e-6	-8.03588253908424e-6
3036	-3.3098612296383547e-6	-6.981214405786176e-6	1.5527364972001087e-6	5.828685559761133e-6
3037	3.7844932045426617e-6	8.6451837329027e-7	3.7361151498044975e-7	2.9189364674355557e-6
3038	4.1660489110866873e-7	6.424922211863433e-6	-1.804060271212014e-6	-8.395313020597081e-6
3039	-3.912112371841078e-6	-5.798411465129381e-6	9.944591015450741e-7	4.453249375761489e-6
3040	2.432640202478769e-6	-2.077355495047547e-6	1.0516468363672911e-6	4.478933071853536e-6
3041	1.971612391258228e-6	7.466698797592557e-6	-1.804341324031291e-6	-8.380300575191279e-6
3042	-3.7329686382904337e-6	-3.613573626992592e-6	3.1453349115514865e-7	2.8816625043426013e-6
3043	7.990949002157355e-7	-4.790987396632424e-6	1.6112244006738352e-6	5.835230384711729e-6
3044	2.9658247502975134e-6	7.326865163329936e-6	-1.5811884583570983e-6	-7.994328212974645e-6
3045	-2.8738112941248734e-6	-7.607153431851599e-7	-4.3821819177356186e-7	1.1969426666356028e-6
3046	-7.745234048483759e-7	-6.818084364371393e-6	2.0083987375987994e-6	6.920310017606342e-6
3047	3.2652161478503706e-6	5.992394496796398e-6	-1.1509292602443261e-6	-7.258887093929991e-6
3048	-1.565817438939265e-6	2.2984829217062365e-6	-1.20144961609829e-6	-5.251171664570361e-7
3049	-1.984972874514267e-6	-7.805676121577182e-6	2.20822698817536e-6	7.686291285773775e-6
3050	2.865397119056142e-6	3.6615442339498143e-6	-5.396723893487112e-7	-6.210496377671193e-6
3051	-1.1194368123208995e-7	5.063433805759969e-6	-1.9132873979299874e-6	-2.198931207780032e-6
3052	-2.6179086300241177e-6	-7.5691829983110185e-6	2.183113281739687e-6	8.097987760772283e-6
3053	1.909415491960924e-6	6.941946771479843e-7	2.1018181315546345e-7	-4.906069802621141e-6
3054	1.1663841681358833e-6	7.078963658267261e-6	-2.5154851286390124e-6	-3.7465196401459532e-6
3055	-2.5902751261048133e-6	-6.126063981245862e-6	1.9220067576417806e-6	8.148320255109206e-6
3056	6.506401848633799e-7	-2.428602337998344e-6	1.0502432186008218e-6	-3.4153153227489864e-6
3057	2.0067362533804147e-6	8.01109398121673e-6	-2.9530096554554296e-6	-5.092751970010492e-6
3058	-1.96049112938738e-6	-3.6962955973336277e-6	1.4285451520727693e-6	7.841076337720506e-6
3059	-6.041814339452346e-7	-5.2092405344792655e-6	1.9126956517989112e-6	-1.813553923180961e-6
3060	2.263432584030646e-6	7.696578821111147e-6	-3.1807517535990394e-6	-6.180565231800109e-6
3061	-9.158039081262823e-7	-6.659831868584929e-7	7.302264760342406e-7	7.202440916569755e-6
3062	-1.576734620356576e-6	-7.200176897310353e-6	2.7389766900866907e-6	-1.789276102299335e-7
3063	1.914812520347003e-6	6.17561993845239e-6	-3.172500385024499e-6	-6.96429431981711e-6
3064	2.826070950961179e-7	2.482558848879438e-6	-1.298273644121867e-7	6.264078184245549e-6
3065	-2.055799726887383e-6	-8.074140017257856e-6	3.463574674895603e-6	1.4139046567787238e-6
3066	1.0656466474129054e-6	3.688762678291134e-6	-2.907189844242906e-6	-7.419145835369185e-6
3067	1.3469578321197689e-6	5.248858407500963e-6	-1.1032240297440976e-6	5.078455797166106e-6
3068	-1.9449612703334277e-6	-7.693787818626214e-6	4.025685718086068e-6	2.893793277642026e-6
3069	-6.912496290217601e-8	6.361449028515509e-7	-2.3814979014954417e-6	-7.532901402162886e-6
3070	2.0195522104437015e-6	7.192949168729872e-6	-2.1367117787070866e-6	3.7126985982488103e-6
3071	-1.2782726925062266e-6	-6.123552205795344e-6	4.377078599431425e-6	4.18831096216903e-6
3072	-1.2137066263786163e-6	-2.496530293373027e-6	-1.6187760384838269e-6	-7.308273708869955e-6
3073	2.1424821800413064e-6	8.008023565762245e-6	-3.1534430106731605e-6	2.2366637806143674e-6
3074	-2.102340381941485e-7	-3.620407892751807e-6	4.4749249264016886e-6	5.240638584452018e-6
3075	-2.0892107071347115e-6	-5.212391771036899e-6	-6.56219712155414e-7	-6.761675141872559e-6
3076	1.673625455182327e-6	7.577353947361483e-6	-4.084570086624099e-6	7.236496121949324e-7
3077	1.011352505026247e-6	-5.870221843047612e-7	4.292461224332271e-6	6.011277430588507e-6
3078	-2.4769626937042853e-6	-7.091203247539132e-6	4.5756229564143263e-7	-5.930054622147134e-6
3079	6.992542201360408e-7	5.981661626451497e-6	-4.86304077692239e-6	-7.549035391059236e-7
3080	2.1044422879624745e-6	2.496920569431828e-6	3.828135771279472e-6	6.464314268784581e-6
3081	-2.2566870195348276e-6	-7.84442272105542e-6	1.660552838145688e-6	-4.859299595195344e-6
3082	-5.800519474070536e-7	3.4842607688400363e-6	-5.431459606816417e-6	-2.121606646024251e-6
3083	2.8044546973412885e-6	5.138895261502985e-6	3.0912811803890938e-6	6.5845801047383005e-6
3084	-1.4414759491666035e-6	-7.361391545416488e-6	2.882997116541705e-6	-3.612028929432806e-6
3085	-1.8964614857588307e-6	4.942358080261734e-7	-5.7447890320471506e-6	-3.3097825970789807e-6
3086	2.921094453828098e-6	6.922025230262867e-6	2.1144435782893976e-6	6.377260056692382e-6
3087	-1.624017581040451e-7	-5.742683959609279e-6	4.055781463572993e-6	-2.265804712868875e-6
3088	-2.9548815455611777e-6	-2.501626239530958e-6	-5.7708767083584e-6	-4.257068231316454e-6
3089	2.3733024589578757e-6	7.582954294931019e-6	9.384682336926339e-7	5.863916217528577e-6
3090	1.3358438191557639e-6	-3.272213945431565e-6	5.1068897825776305e-6	-8.994180819492936e-7
3091	-3.4960460386640603e-6	-5.022173131924744e-6	-5.486667635269517e-6	-4.920871518506168e-6
3092	1.221934628380782e-6	7.04072619551636e-6	-3.8360242983382404e-7	5.0891434898817145e-6
3093	2.750019918329779e-6	-3.6406356673053877e-7	5.96863286886584e-6	4.086993138893771e-7
3094	-3.3550324713165004e-6	-6.681575101302281e-6	-4.895512208559005e-6	-5.2759087489592484e-6
3095	-3.500420705526718e-7	5.417422652847237e-6	-1.7779975924523828e-6	4.10848056616532e-6
3096	3.777239232164971e-6	2.50144467508966e-6	6.586900932608398e-6	1.590772513791737e-6
3097	-2.4881454805248167e-6	-7.238704263125717e-6	-4.018160426784298e-6	-5.319264551869427e-6
3098	-2.0622637789613064e-6	3.0034978972764635e-6	-3.178916067569947e-6	2.994703656984208e-6
3099	4.162722004316912e-6	4.868494720518241e-6	6.916302605820548e-6	2.5760549881161e-6
3100	-1.0046530212251505e-6	-6.637576241873042e-6	-2.8853595445204845e-6	-5.063672093817194e-6
3101	-3.574144583840845e-6	2.1059023290783626e-7	-4.508098101821743e-6	1.8191712871469715e-6
3102	3.765450343171819e-6	6.378010844866176e-6	6.927333293312098e-6	3.3242409702482976e-6
3103	8.561795656733236e-7	-5.0225305268527154e-6	-1.5442323802474902e-6	-4.54735244831209e-6
3104	-4.5655155748578205e-6	-2.4962693607353025e-6	-5.694698562898339e-6	6.555191404926695e-7
3105	2.5900917344197703e-6	6.8173870347955955e-6	6.602699470801308e-6	3.8009669581498705e-6
3106	2.7646204253800836e-6	-2.6783773940638824e-6	-5.364044401030197e-8	-3.8171610391075345e-6
3107	-4.796494315275947e-6	-4.685027646128534e-6	-6.6736784176379785e-6	-4.2075961625486464e-7
3108	7.944142923452208e-7	6.1540655456115535e-6	5.953399737864633e-6	3.992342462688502e-6
3109	4.360070953973509e-6	-2.2383234403848644e-8	1.5164567789637945e-6	-2.932822632678729e-6
3110	-4.154858680275036e-6	-6.0176786288802984e-6	-7.386123924069565e-6	-1.347337141316791e-6
3111	-1.334863374800402e-6	4.540487011343077e-6	4.9914369352538905e-6	3.904813459098365e-6
3112	5.308046518740892e-6	2.4973535736380077e-6	3.0861602630113237e-6	-1.9629067749464565e-6
3113	-2.6837065603210415e-6	-6.3107350946793425e-6	-7.779289951105121e-6	-2.0755521154125962e-6
3114	-3.42536544991827e-6	2.2844702003357632e-6	3.7483374668445015e-6	3.5642680350514845e-6
3115	5.3839597652679784e-6	4.4671068057624465e-6	4.577175335136987e-6	-9.754886160521586e-7
3116	-5.954077087851823e-7	-5.566981062376226e-6	-7.824482381223665e-6	-2.567582539625538e-6
3117	-5.083917089051371e-6	-2.047565707626509e-7	2.2816683696577516e-6	3.012539012383838e-6
3118	4.504745928084298e-6	5.583433158798146e-6	5.901299662602177e-6	-4.083541006398947e-8
3119	1.7763179168504717e-6	-3.9619951345006954e-6	-7.503670396887454e-6	-2.8057075222906425e-6
3120	-5.981697326532618e-6	-2.492355979351234e-6	6.643597400863573e-7	2.299593976501412e-6
3121	2.759400144485788e-6	5.7053903882381475e-6	6.9860071713504704e-6	7.84368388381884e-7
3122	4.021966072686435e-6	-1.819902644987234e-6	-6.8225893138348604e-6	-2.7886524642002564e-6
3123	-5.90871651974062e-6	-4.196960963567401e-6	-1.0274305054712395e-6	1.4861769940088295e-6
3124	4.0867498767569814e-7	4.872497576760907e-6	7.773470828347565e-6	1.443160011737114e-6
3125	5.7363858939698e-6	4.6242803134598214e-7	-5.8115651931551136e-6	-2.534369112446798e-6
3126	-4.816210284646087e-6	-5.064601344055426e-6	-2.7039160351569615e-6	6.295480846841396e-7
3127	-2.1753304191130828e-6	3.289632363990318e-6	8.21960066974677e-6	1.8998043513544556e-6
3128	6.584275454241355e-6	2.476261433287228e-6	-4.518519012330598e-6	-2.0670246002074275e-6
3129	-2.8248040654785023e-6	-5.000628583699565e-6	-4.2796905112808624e-6	-2.0293689441467268e-7
3130	-4.555847082193495e-6	1.2870488982589545e-6	8.293854607385622e-6	2.1276035430548005e-6
3131	6.371811853103031e-6	3.8821099967162095e-6	-3.003600982117962e-6	-1.4340932187549644e-6
3132	-2.3841786173778135e-7	-4.085964068369721e-6	-5.673263059484666e-6	-9.475763310206993e-7
3133	-6.305025103001829e-6	-7.499127401082964e-7	7.992670347272284e-6	2.1109042115919347e-6
3134	5.075333510778396e-6	4.481096853568166e-6	-1.343613759540854e-6	-6.838340056853999e-7
3135	2.5302746718169623e-6	-2.5501059354597055e-6	-6.816959872273605e-6	-1.5458989264189154e-6
3136	-7.092670983727441e-6	-2.454020670347394e-6	7.328609465549811e-6	1.8538543567266085e-6
3137	2.8626090982384983e-6	4.228240897653072e-6	3.753614369195943e-7	1.2362104090112291e-7
3138	5.016844536281721e-6	-7.202562102279508e-7	-7.651418722981032e-6	-1.9549712955468966e-6
3139	-6.743396115986931e-6	-3.53441896897709e-6	6.341608882315369e-6	1.3843891111065892e-6
3140	7.401924761093657e-8	3.2409693881253176e-6	2.0674984645945905e-6	9.200300761137388e-7
3141	6.782200538112742e-6	1.0444581199896406e-6	-8.142980373891725e-6	-2.1397133726984086e-6
3142	-5.268430567582186e-6	-3.847475229357026e-6	5.082513307514513e-6	7.385872213876734e-7
3143	-2.841799860159762e-6	1.766236097497257e-6	3.6553433904630086e-6	1.6393416750387132e-6
3144	7.5079120893543095e-6	2.411724993563288e-6	-8.272889477358728e-6	-2.0821864859338718e-6
3145	-2.8708266181379117e-6	-3.3988512832194105e-6	3.6123208916438643e-6	-3.4592435691538635e-8
3146	-5.401468803486091e-6	1.2467440565173418e-7	5.065392845205423e-6	2.217447978653493e-6
3147	7.032315387818833e-6	3.1482468139917617e-6	-8.038636109240982e-6	-1.7807961407710434e-6
3148	7.33391324542449e-8	-2.339952871893158e-6	2.0069611952582366e-6	-8.728249944093067e-7
3149	-7.164541604734409e-6	-1.3391690275319515e-6	6.23064734626404e-6	2.6126301767056347e-6
3150	5.404818391122971e-6	3.1605086844975974e-6	-7.457119626531832e-6	-1.2574093784421924e-6
3151	3.0943615452080386e-6	-9.386313448870472e-7	3.4234599834371176e-7	-1.7145082577382494e-6
3152	-7.820485076790072e-6	-2.3431201439331194e-6	7.100319426730008e-6	2.7823740262909086e-6
3153	2.8612779842358506e-6	2.509946009321938e-6	-6.55855063202625e-6	-5.436104614799296e-7
3154	5.6956614696305655e-6	4.873299441105368e-7	-1.300905986966091e-6	-2.486461058103192e-6
3155	-7.23258692017574e-6	-2.7135774796991853e-6	7.641561082124645e-6	2.7024142246751302e-6
3156	-2.0401041084178935e-7	1.3906840135557519e-6	-5.394966139934077e-6	3.126751426669694e-7
3157	7.4388849299403835e-6	1.6266622910867691e-6	-2.8496746466167723e-6	-3.1296259504664293e-6
3158	-5.47286744007978e-6	-2.4203259826013163e-6	7.83328510104919e-6	2.3658907961654778e-6
3159	-3.2919910843644828e-6	7.687000053247559e-8	-4.0220304133910614e-6	1.2517646615645196e-6
3160	8.014694677636876e-6	2.2544132538101693e-6	-4.227472804868213e-6	-3.5817500674424773e-6
3161	-2.814392459964035e-6	-1.5742188127218287e-6	7.671373545410407e-6	1.789362401264403e-6
3162	-5.893327549684933e-6	-1.1189089882094244e-6	-2.5165988396551638e-6	2.2048172621849875e-6
3163	7.320945642453268e-6	2.2543834649910744e-6	-5.375605700582166e-6	-3.8044714069072176e-6
3164	3.1617615333329554e-7	-3.9663841243963535e-7	7.1777422722795056e-6	1.0056421214105973e-6
3165	-7.581492002841763e-6	-1.9261948609481673e-6	-9.540997464178056e-7	3.107958085262491e-6
3166	5.467317624853605e-6	1.651450229392872e-6	-6.244206864736647e-6	-3.7747079039838826e-6
3167	3.4129975189716644e-6	8.195419270557827e-7	6.379382758423799e-6	5.885457579048639e-8
3168	-8.075667202789341e-6	-2.1706002872667297e-6	5.935935026678642e-7	3.896235163482403e-6
3169	2.7498602178451624e-6	6.089139312100309e-7	-6.801354042754899e-6	-3.4829724607266026e-6
3170	5.967501606396355e-6	1.7790535311678198e-6	5.326777064273154e-6	-9.981902281245187e-7
3171	-7.296898472938899e-6	-1.797072133359331e-6	2.0529351633797143e-6	4.507924095348839e-6
3172	-3.877506970040341e-7	-6.172280353925081e-7	-7.024876373678366e-6	-2.9267513623514103e-6
3173	7.574570762084097e-6	2.2509679224576723e-6	4.079596494748933e-6	-2.1071877851273975e-6
3174	-5.3831477939544945e-6	-8.887476181435208e-7	3.352565202792816e-6	4.899175100278388e-6
3175	-3.4382505899096642e-6	-1.7280715743450486e-6	-6.913656244491341e-6	-2.1310230848588917e-6
3176	7.97708360478777e-6	2.110178917832193e-6	2.7068469423204392e-6	-3.1987143674476786e-6
3177	-2.6540864526353104e-6	3.408065048075672e-7	4.4311726704460046e-6	5.031527500132389e-6
3178	-5.9076320272804935e-6	-2.449713475229008e-6	-6.487677924016793e-6	-1.1315485128276112e-6
3179	7.131686584984835e-6	1.36808506962234e-6	1.2843555033322804e-6	-4.208815508742174e-6
3180	4.3824395994191334e-7	1.6097543985344149e-6	5.23897919332546e-6	4.887938610029447e-6
3181	-7.407323354240331e-6	-2.594954042278975e-6	-5.782923659458887e-6	2.9802435356114794e-8
3182	5.192788848073224e-6	1.7026105602749944e-7	-1.1516863092141116e-7	-5.077117086652177e-6
3183	3.3925411217623116e-6	2.62302896328259e-6	5.743849668833519e-6	4.459546396048218e-6
3184	-7.719791735601844e-6	-2.0882265907131923e-6	-4.844668084594909e-6	1.2922710755156577e-6
3185	2.498226600260445e-6	-1.2433301448584316e-6	-1.4159467143917154e-6	-5.742548931234777e-6
3186	5.741721347723931e-6	3.1244102004520656e-6	5.937074785461658e-6	3.754553067389845e-6
3187	-6.824714357202357e-6	-9.937049353832535e-7	-3.7391367956299004e-6	2.592272420696004e-6
3188	-5.022392758909102e-7	-2.563132673175961e-6	-2.5534641738748043e-6	-6.154527690432936e-6
3189	7.122606481413138e-6	2.9562855973079525e-6	5.8227969427955805e-6	2.7892423867043953e-6
3190	-4.896597865314327e-6	4.932175729529266e-7	-2.5274030699978507e-6	3.8614576343246945e-6
3191	-3.320712662700453e-6	-3.484776477138828e-6	-3.4779759383260507e-6	-6.278147725438142e-6
3192	7.346078340277239e-6	2.0943011299165855e-6	5.425949931840533e-6	1.6022743872851433e-6
3193	-2.280755169037372e-6	2.0826497867371454e-6	-1.286105213219338e-6	5.026628391719217e-6
3194	-5.5106608031975025e-6	-3.77091723783257e-6	-4.142613116144037e-6	-6.089957175527682e-6
3195	6.4129253302659135e-6	6.621557102941568e-7	4.783909269859211e-6	2.464633015204109e-7
3196	5.858941194986528e-7	3.4438482372632967e-6	-8.9885967565639e-8	6.019236087947171e-6
3197	-6.753263762157017e-6	-3.301387589857343e-6	-4.528889201204661e-6	-5.584514492167277e-6
3198	4.516510558321042e-6	-1.0921257369066048e-6	3.946524524217518e-6	-1.2135329462416864e-6
3199	3.23501420588982e-6	4.275457030409271e-6	9.980815272633597e-7	6.7771881314889594e-6
3200	-6.878117245789893e-6	-2.1096825849825072e-6	-4.630306976311535e-6	-4.76679539607716e-6
3201	1.9995866656458754e-6	-2.8392595560088734e-6	2.9746376691562225e-6	-2.7019786431260362e-6
3202	5.246643075572384e-6	4.35822615820149e-6	1.9173071844560015e-6	7.249982281869849e-6
3203	-5.910816633088277e-6	-3.690525027582281e-7	-4.462510494088663e-6	-3.6699710429029915e-6
3204	-7.044655831326513e-7	-4.23637944734162e-6	1.9354748901945145e-6	-4.142511592046567e-6
3205	6.321141213809403e-6	3.620163530727113e-6	2.62669139413307e-6	7.400935832044489e-6
3206	-4.058569023833299e-6	1.6246125988668015e-6	-4.052245853221687e-6	-2.3349735724604864e-6
3207	-3.1454554133239966e-6	-4.988002279164917e-6	8.97417948531344e-7	-5.45867725487782e-6
3208	6.33039513791221e-6	2.1331179855736872e-6	3.0976432298789663e-6	7.2040789886437524e-6
3209	-1.6685051813271273e-6	3.5172002844837593e-6	-3.4437001924703057e-6	-8.248428088750404e-7
3210	-4.941009741340025e-6	-4.895942021660897e-6	-7.468882114529296e-8	-6.579327023063455e-6
3211	5.328991151185672e-6	1.1697633970961286e-7	3.3186308534717434e-6	6.6557604922551315e-6
3212	8.371142210916371e-7	4.953849262278116e-6	-2.681513323402339e-6	7.908944726261143e-7
3213	-5.825707346352853e-6	-3.917768926911488e-6	-9.291735349634908e-7	-7.438207704204315e-6
3214	3.536235840823871e-6	-2.0981575550651487e-6	3.292662309183517e-6	5.771555537478025e-6
3215	3.0341241362503903e-6	5.639232338091259e-6	-1.8228545833313786e-6	2.4317352410674846e-6
3216	-5.705521640171538e-6	-2.1681941426720702e-6	-1.6146405621974918e-6	-7.982715749562464e-6
3217	1.2976065420250615e-6	-4.129330866224661e-6	3.0291200282360903e-6	4.5861611201491394e-6
3218	4.581313050511804e-6	5.394686932784151e-6	-9.313422087024268e-7	4.016570572844606e-6
3219	-4.667832781627135e-6	9.962872276776581e-8	-2.0882224273953475e-6	-8.172998897066949e-6
3220	-9.791337329991097e-7	-5.60988086391245e-6	2.55142221367321e-6	3.15500874550604e-6
3221	5.257022885386686e-6	4.201452104158172e-6	-7.15914507312651e-8	5.460354471175828e-6
3222	-2.9493685448873376e-6	2.5229016644669893e-6	-2.3309271778081095e-6	-7.994779454253904e-6
3223	-2.903769685001556e-6	-6.241330438200103e-6	1.9068939128457919e-6	1.5455531413953088e-6
3224	5.005840821357439e-6	2.2102849826945875e-6	6.928145886050894e-7	6.684667431269566e-6
3225	-8.910128739916592e-7	4.685642327038524e-6	-2.3301268082502527e-6	-7.445822502753253e-6
3226	-4.179100006884741e-6	-5.857868139944665e-6	1.1508912202028618e-6	-1.6402934410480044e-7
3227	3.942624450106016e-6	-2.876951490888807e-7	1.3079210939176348e-6	7.630151893633034e-6
3228	1.1300732827589102e-6	6.202833314262975e-6	-2.0947158651495927e-6	-6.55118080838653e-6
3229	-4.630282318648542e-6	-4.468948750541793e-6	3.4624958343327767e-7	-1.8901647599171729e-6
3230	2.311018946747973e-6	-2.8957892400309614e-6	1.7302515813476488e-6	8.238313603031728e-6
3231	2.759847511928227e-6	6.779647249800776e-6	-1.6464798853035146e-6	-5.35271344498341e-6
3232	-4.239177238209039e-6	-2.2566258928428126e-6	-4.379127314712354e-7	-3.545342704796822e-6
3233	4.4446366109564166e-7	-5.165665706449926e-6	1.9304285924572793e-6	8.48061779651365e-6
3234	3.742923974790841e-6	6.2621340986221164e-6	-1.0298155612701646e-6	-3.906726986201906e-6
3235	-3.14691771208912e-6	4.4295113576971824e-7	-1.1368190122548097e-6	-5.053392823123995e-6
3236	-1.3068594302382e-6	-6.6987048610301955e-6	1.8912188837455177e-6	8.346702933607002e-6
3237	3.957894243826453e-6	4.691412492802924e-6	-2.913107732964479e-7	-2.2826722509854454e-6
3238	-1.6080279729405421e-6	3.2009102926255438e-6	-1.6971501679849604e-6	-6.337585859365117e-6
3239	-2.628584308062579e-6	-7.210330518994179e-6	1.614305460432478e-6	7.84039861612254e-6
3240	3.4204933366092823e-6	2.2888945585767737e-6	4.991151531771881e-7	-5.60853936881079e-7
3241	5.7530011182480854e-8	5.550004948954998e-6	-2.0664551004285243e-6	-7.333766874727034e-6
3242	-3.304868478470146e-6	-6.569177643567626e-6	1.1227253286594234e-6	6.98812873771346e-6
3243	2.2970423091259613e-6	-5.79213741671732e-7	1.2773483748109108e-6	1.1764640446022077e-6
3244	1.5231432227872394e-6	7.083779069494527e-6	-2.2140212734166478e-6	-7.992722834950879e-6
3245	-3.2660014480452306e-6	-4.84100819468774e-6	4.546158863167023e-7	5.8299458183795595e-6
3246	8.542526279570048e-7	-3.4511957101402644e-6	1.97934307567737e-6	2.845145445044731e-6
3247	2.5094288122393156e-6	7.528650327057624e-6	-2.1182223358863163e-6	-8.285633030293025e-6
3248	-2.5686966754646878e-6	-2.2802566563511704e-6	-3.4114839036991124e-7	4.428029424561892e-6
3249	-5.945639836948215e-7	-5.850928539861857e-6	2.5447818543462753e-6	4.357589845007359e-6
3250	2.8583771041579737e-6	6.773395959804196e-6	-1.7820545056317395e-6	-8.207286511928452e-6
3251	-1.4107141459370987e-6	7.160293096905545e-7	-1.1997422035158704e-6	2.8516416894784236e-6
3252	-1.7516948415274533e-6	-7.37120721943811e-6	2.9244733095753554e-6	5.646708503105711e-6
3253	2.5510068679015707e-6	4.9110530176216676e-6	-1.2211218676778403e-6	-7.758463821076845e-6
3254	-7.235198036110689e-8	3.6655664341365833e-6	-2.058163733055792e-6	1.1811370788985222e-6
3255	-2.39281629092945e-6	-7.741221152734119e-6	3.0755614095426943e-6	6.648353643971338e-6
3256	1.6954905169085335e-6	2.2218470319180076e-6	-4.7196507083549146e-7	-6.968362000839949e-6
3257	1.1512584435425037e-6	6.082279286436068e-6	-2.8487188271518266e-6	-4.994400485222506e-7
3258	-2.4072159893208754e-6	-6.88046719985743e-6	2.9777409974185654e-6	7.320510928973018e-6
3259	5.035990888897626e-7	-8.603502139708572e-7	4.201110013214483e-7	-5.881075663272122e-6
3260	1.9947145886548125e-6	7.565548768685355e-6	-3.513113993679918e-6	-2.103039645993685e-6
3261	-1.8240401912920763e-6	-4.909537442241289e-6	2.6248406990305713e-6	7.628590187988628e-6
3262	-7.316633570187224e-7	-3.8463172697949326e-6	1.4000561992149168e-6	-4.5605020350455006e-6
3263	2.2758698796927973e-6	7.860687117718628e-6	-3.990037248546057e-6	-3.546390773945817e-6
3264	-7.95517380064132e-7	-2.1360810169872986e-6	2.025296473082495e-6	7.571532724035163e-6
3265	-1.72467719020615e-6	-6.249448160186076e-6	2.3993532922982575e-6	-3.0855514534778627e-6
3266	1.9424562596067567e-6	6.9062839913885835e-6	-4.2374540515234926e-6	-4.76216323272919e-6
3267	4.2653429563466904e-7	9.961778865286397e-7	1.2145313244769472e-6	7.1675375688472035e-6
3268	-2.2398428892781446e-6	-7.672510369324104e-6	3.3510554106165945e-6	-1.5380359800518528e-6
3269	1.0743365980843838e-6	4.8477781666958056e-6	-4.226131925787872e-6	-5.699081792778025e-6
3270	1.549571429400877e-6	3.98130783871809e-6	2.3506703105017842e-7	6.4470838045893975e-6
3271	-2.1442043136595566e-6	-7.878767328417025e-6	4.190356748762097e-6	4.873255019809536e-9
3272	-1.277461897020705e-7	2.0197229424985927e-6	-3.941258981108623e-6	-6.320177432139462e-6
3273	2.295288722262243e-6	6.332047674400385e-6	-8.69006805882945e-7	5.464261461276014e-6
3274	-1.4468536665307688e-6	-6.83751459048784e-6	4.862093318741788e-6	1.4620793317484337e-6
3275	-1.3823300371678653e-6	-1.1143050929299184e-6	-3.3919162465483034e-6	-6.607764467187067e-6
3276	2.4696864303553277e-6	7.667830592694681e-6	-2.0317475263610298e-6	4.277768396084174e-6
3277	-2.8875670397769324e-7	-4.7210880689058085e-6	5.3117131382768226e-6	2.7616497717260535e-6
3278	-2.3843537935896014e-6	-4.04828839907407e-6	-2.5919590851521644e-6	-6.5585141999575304e-6
3279	1.993614719018507e-6	7.781214461616726e-6	-3.1904665109658705e-6	2.961497517952526e-6
3280	1.0841804765698931e-6	-1.884584660060265e-6	5.496342579622527e-6	3.848626431336468e-6
3281	-2.879322887374405e-6	-6.307026430835681e-6	-1.5718319714181223e-6	-6.2011853973599935e-6
3282	9.339745387229215e-7	6.670213349937071e-6	-4.2742088352715576e-6	1.5893619028223346e-6
3283	2.3617466943162346e-6	1.201171467864306e-6	5.39540266397583e-6	4.675658055493525e-6
3284	-2.7102319668393614e-6	-7.538826765231893e-6	-3.762587387729499e-7	-5.567076287459724e-6
3285	-5.071704402338384e-7	4.533495744769009e-6	-5.216446660760094e-6	2.3859916699775476e-7
3286	3.2375493117262738e-6	4.038048097876571e-6	4.99751716047339e-6	5.207085057352223e-6
3287	-1.8543026357087693e-6	-7.562069229809007e-6	9.3169769702169e-7	-4.702070807207349e-6
3288	-2.0414257470471255e-6	1.7351645983170805e-6	-5.950747524852421e-6	-1.0260390300319193e-6
3289	3.4784931942180452e-6	6.170001960963201e-6	4.306588675713111e-6	5.437624784519783e-6
3290	-4.429626155628036e-7	-6.3970350819737165e-6	2.287965323050063e-6	-3.6660957276194837e-6
3291	-3.332197268027198e-6	-1.2577335761857597e-6	-6.432135527931067e-6	-2.137573560787499e-6
3292	2.970522709343447e-6	7.272980529163141e-6	3.3468678167028648e-6	5.369842508065645e-6
3293	1.2696907335144838e-6	-4.26649814959116e-6	3.620089836095096e-6	-2.5244639881712294e-6
3294	-4.0765679090936205e-6	-3.952292841421819e-6	-6.617958973135967e-6	-3.044141444656985e-6
3295	1.746590875574025e-6	7.194684768389983e-6	2.154168049236404e-6	5.028474027620794e-6
3296	2.9487149079007948e-6	-1.5410177053167648e-6	4.849767461468312e-6	-1.3500709043524416e-6
3297	-4.068102480713109e-6	-5.920993954126359e-6	-6.481150207502436e-6	-3.704585862597123e-6
3298	2.099261234598405e-9	5.987359636980446e-6	7.821642826212055e-7	4.447643523995932e-6
3299	4.246128856136947e-6	1.308951040326847e-6	5.91126341388831e-6	-2.0786829351855497e-7
3300	-3.2396669836555593e-6	-6.869279262018704e-6	-6.01720004505862e-6	-4.098366427027104e-6
3301	-1.9604107684486945e-6	3.8908127720947985e-6	-7.058063605800887e-7	3.673572692710651e-6
3302	4.866971163402702e-6	3.814329637007503e-6	6.740044128422442e-6	8.307994699286768e-7
3303	-1.6789691340889643e-6	-6.683545576205156e-6	-5.237256268560062e-6	-4.2190516549682045e-6
3304	-3.7747111492629992e-6	1.2863558802329511e-6	-2.226961968655055e-6	2.7641198280319444e-6
3305	4.629898218894804e-6	5.57947997566856e-6	7.280720578636487e-6	1.7154120745182045e-6
3306	3.768975274800012e-7	-5.452657952898388e-6	-4.1679240948499805e-6	-4.077915232739664e-6
3307	-5.080553095519484e-6	-1.3690130883541193e-6	-3.705393923844992e-6	1.7807500385767847e-6
3308	3.503499625543194e-6	6.352587214746848e-6	7.493834154984056e-6	2.40069129644777e-6
3309	2.5736628311456405e-6	-3.4265729431585855e-6	-2.8557511755993612e-6	-3.6973276769013373e-6
3310	-5.584616909608758e-6	-3.63809658559226e-6	-5.0636323036238915e-6	7.911354496798163e-7
3311	1.623745132071027e-6	6.0635350471795534e-6	7.362377885057816e-6	2.8570626806547496e-6
3312	4.5141449209017504e-6	-9.882558750400886e-7	-1.3707494286662342e-6	-3.1161452641117084e-6
3313	-5.128660677686308e-6	-5.1675309383917666e-6	-6.228807367816623e-6	-1.4304028251201014e-7
3314	-7.219624181659473e-7	4.823864227648947e-6	6.886068646284564e-6	3.068568089334726e-6
3315	5.822995793865361e-6	1.4305784845316383e-6	2.1948973796969813e-7	-2.3797800213064768e-6
3316	-3.7194248631419818e-6	-5.754466617356105e-6	-7.1434275769666e-6	-9.609545818425092e-7
3317	-3.1361842330676724e-6	2.903393950607307e-6	6.0810635186935244e-6	3.0309084528961717e-6
3318	6.215967274236258e-6	3.4283911594946243e-6	1.8439284599030985e-6	-1.5461680543230138e-6
3319	-1.5482722872429854e-6	-5.367429936642236e-6	-7.761107386170027e-6	-1.61356123023706e-6
3320	-5.183598816624421e-6	6.664446139683547e-7	4.982481476740072e-6	2.7573396581007096e-6
3321	5.554726553307352e-6	4.705141095034812e-6	3.42341458408847e-6	-6.800543402250564e-7
3322	1.052286626201682e-6	-4.142158690017209e-6	-8.041113883665397e-6	-2.0607428657566867e-6
3323	-6.480694897403414e-6	-1.4837021919425515e-6	3.6383440574222857e-6	2.2727976773513777e-6
3324	3.887853983065307e-6	5.101757028936816e-6	4.881857215322428e-6	1.578255182003023e-7
3325	3.6443227466518267e-6	-2.3482298194362847e-6	-7.961614787154777e-6	-2.2759100435185826e-6
3326	-6.753465481051006e-6	-3.1900660044432385e-6	2.1026261802791504e-6	1.6275114425965557e-6
3327	1.4546203266048983e-6	4.621443198856768e-6	6.149188780606871e-6	8.9963809070106e-7
3328	5.7718847744981526e-6	-3.3702029265140183e-7	-7.524460732406506e-6	-2.252424280377114e-6
3329	-5.9050787108404715e-6	-4.196318142624756e-6	4.531812202323502e-7	8.713178631983862e-7
3330	-1.3573706833155975e-6	3.416664478922805e-6	7.1575276300925664e-6	1.4928818346639028e-6
3331	7.044819796174837e-6	1.5248372286057642e-6	-6.745632245543283e-6	-1.9890467673372545e-6
3332	-4.0206328235558106e-6	-4.389835000802104e-6	-1.2359868366354215e-6	6.624269692608986e-8
3333	-4.088351846580034e-6	1.7575881681174743e-6	7.851963333689433e-6	1.8924500305215939e-6
3334	7.2109531606722735e-6	2.918961439270902e-6	-5.6575663012400156e-6	-1.5159521601579313e-6
3335	-1.3751320823684798e-6	-3.8060747009276984e-6	-2.8797464979241465e-6	-7.19768675937327e-7
3336	-6.265843813607657e-6	-1.3975019054669937e-8	8.19324313468423e-6	2.073480696550047e-6
3337	6.199171375345021e-6	3.6360985471628676e-6	-4.312677041255442e-6	-8.756536563589625e-7
3338	1.6015363950708984e-6	-2.622418926057159e-6	-4.400426405953335e-6	-1.4235330976700648e-6
3339	-7.505820391786114e-6	-1.5672588285580619e-6	8.166694739610256e-6	2.0156637980811294e-6
3340	4.137197028798887e-6	3.6101420409659475e-6	-2.772078712383941e-6	-1.1895913041794257e-7
3341	4.429927702933436e-6	-1.110005476525907e-6	-5.72011014385388e-6	-1.991642255437052e-6
3342	-7.5738962420705106e-6	-2.6312792034719555e-6	7.772087372855419e-6	1.7252741017468076e-6
3343	1.3294363764593406e-6	2.9174769680602858e-6	-1.1160660568640067e-6	6.981944311067924e-7
3344	6.635059203238869e-6	4.125446800245911e-7	-6.7691462523191796e-6	-2.379659065830489e-6
3345	-6.428666927883029e-6	-3.0438008508408406e-6	7.0315826363532905e-6	1.2171616028986296e-6
3346	-1.7723539475098932e-6	1.7508918930827388e-6	5.757771829244694e-7	1.5164567187910186e-6
3347	7.840699784920726e-6	1.6430983403971872e-6	-7.498439146240774e-6	-2.553044483868494e-6
3348	-4.221872505066903e-6	-2.7884358355333922e-6	5.981358405317079e-6	5.265103750523401e-7
3349	-4.668923289318454e-6	3.8866309623053483e-7	2.218353887832001e-6	2.264374074515925e-6
3350	7.822951975136608e-6	2.3595480239350323e-6	-7.873578137057864e-6	-2.481616555332473e-6
3351	-1.291409036317042e-6	-1.9795748563295254e-6	4.680739460242846e-6	-2.991538902727017e-7
3352	-6.882693378620916e-6	-8.676082829660253e-7	3.7225120604337847e-6	2.8887664748284396e-6
3353	6.565269999481142e-6	2.452690066326877e-6	-7.882750668641017e-6	-2.163419520972372e-6
3354	1.8902668208056036e-6	-8.322544418252743e-7	3.1958320536183905e-6	-1.2114306162504277e-6
3355	-8.037839506063911e-6	-1.7619043194354828e-6	5.012251804006796e-6	3.3387560288073455e-6
3356	4.25344627230738e-6	1.9581056912911442e-6	-7.527347811412972e-6	-1.6082236735119682e-6
3357	4.813488023725666e-6	3.7727249533945363e-7	1.6100153128531308e-6	-2.1441925380440364e-6
3358	-7.94214080726426e-6	-2.1201226234634395e-6	6.026676547446089e-6	3.5714622396594236e-6
3359	1.2460954193545792e-6	1.0297831314029443e-6	-6.837525608286388e-6	-8.440237819746792e-7
3360	7.008059862927079e-6	1.363258134751864e-6	5.617712259819319e-9	-3.0343617727489626e-6
3361	-6.603187476581809e-6	-1.8892280573866704e-6	6.729280953635541e-6	3.5481384746437874e-6
3362	-1.9704759620945694e-6	-9.670441040547402e-8	-5.856843027798441e-6	9.558333938697219e-8
3363	8.112069416085813e-6	1.9149913968584327e-6	-1.534654461321372e-6	-3.81548028166154e-6
3364	-4.225451670987408e-6	-1.1521597025349033e-6	7.086920124920808e-6	3.252946534527862e-6
3365	-4.883724868596052e-6	-1.1500379309625288e-6	-4.6438816881867125e-6	1.1504254784240445e-6
3366	7.948610345281396e-6	1.9127863051802167e-6	-2.928233350351417e-6	-4.423486168196733e-6
3367	-1.1899289867213512e-6	-1.0118839441803177e-7	7.095310410676676e-6	2.6884297878834673e-6
3368	-7.030511586053676e-6	-1.8726163564739862e-6	-3.277190020812599e-6	2.2563727870525814e-6
3369	6.546230504701141e-6	1.3581142086711608e-6	-4.106531935324556e-6	-4.800740785816304e-6
3370	2.0241063023685555e-6	1.0125825236295446e-6	6.763727042611394e-6	1.8790664411699365e-6
3371	-8.072137562231325e-6	-2.090569263108909e-6	-1.8326212381473202e-6	3.3412633303093104e-6
3372	4.129001122788764e-6	3.7745983707574755e-7	-5.023685836901446e-6	-4.906319242733519e-6
3373	4.9028941473978295e-6	1.9204453783026977e-6	6.129112283992322e-6	8.627685509630408e-7
3374	-7.843440977351517e-6	-1.7306826637687249e-6	-3.884305197478054e-7	4.329585297732609e-6
3375	1.087339142148344e-6	-8.0439714316702e-7	-5.643310527251855e-6	-4.718411820775606e-6
3376	6.9859549494378e-6	2.3832937247437655e-6	5.24250283229428e-6	-3.12184584577116e-7
3377	-6.393240770637809e-6	-8.469539156812949e-7	9.785307935875256e-7	5.1596401906654825e-6
3378	-2.087494961022311e-6	-1.912189450593769e-6	-5.945486808656546e-6	-4.2359669508600115e-6
3379	7.944872377021181e-6	2.266458072659872e-6	4.1586354301947476e-6	-1.580132248125542e-6
3380	-3.960362643274258e-6	3.813135921653357e-7	2.203161283050268e-6	5.766493924240835e-6
3381	-4.88973361042038e-6	-2.6724107662345874e-6	-5.927737830366921e-6	-3.4762192922583547e-6
3382	7.645716449351511e-6	1.5477537071482214e-6	2.947211707567376e-6	-2.8612144402086455e-6
3383	-9.507184774799134e-7	1.6896578056330144e-6	3.224288222995554e-6	6.099884141345713e-6
3384	-6.871790171860179e-6	-2.876498590366966e-6	-5.6124953982206695e-6	-2.4615903782553033e-6
3385	6.157805473744644e-6	3.4197042386232563e-7	1.6788177107751518e-6	-4.0846898714910075e-6
3386	2.145412729168244e-6	2.7837495022742798e-6	3.999132506423709e-6	6.1279775498354195e-6
3387	-7.734204768819911e-6	-2.4267721255970136e-6	-5.0313089301892725e-6	-1.2356490161092262e-6
3388	3.7384174304418225e-6	-1.1269215923494787e-6	4.2748141683953455e-7	-5.1810555624890995e-6
3389	4.831025955904833e-6	3.4000778307328966e-6	4.4943526478107795e-6	5.840958651030781e-6
3390	-7.3612270479139345e-6	-1.3618772955025205e-6	-4.231362426472695e-6	1.3398759237899001e-7
3391	7.977250551953835e-7	-2.556397195374232e-6	-7.373023698463422e-7	-6.080488937246286e-6
3392	6.6801974547248555e-6	3.3521882083032927e-6	4.698965276819499e-6	5.23853561645841e-6
3393	-5.844288309075107e-6	1.5854891303255513e-7	-3.2692281794055465e-6	1.577176289699373e-6
3394	-2.1796131000720587e-6	-3.64017254837359e-6	-1.7534747309999531e-6	-6.724997679166367e-6
3395	7.420525602394585e-6	2.5864532256698876e-6	4.615391469416146e-6	4.337774789407613e-6
3396	-3.462060753374028e-6	1.8578639639222949e-6	-2.208056467189522e-6	3.01642480163477e-6
3397	-4.7050826448838876e-6	-4.117933976913168e-6	-2.567606271227293e-6	-7.068814545714717e-6
3398	6.967082948037362e-6	1.1860374143643785e-6	4.266570247646142e-6	3.1782797733604057e-6
3399	-6.286564228880213e-7	3.4068024249631947e-6	-1.119961552915949e-6	4.375942261463872e-6
3400	-6.390478900120362e-6	-3.8289084304783265e-6	-3.1453354442658942e-6	-7.086344290948457e-6
3401	5.438721525967459e-6	-6.350075021913447e-7	3.6921311217067544e-6	1.8106834707147724e-6
3402	2.180691518700206e-6	4.4807388067466524e-6	-7.04122561268505e-8	5.583482957132225e-6
3403	-6.9916095873698555e-6	-2.759805270104065e-6	-3.464309735802983e-6	-6.75794905787525e-6
3404	3.126407032862135e-6	-2.555757314737898e-6	2.9380592215253646e-6	3.010704760598433e-7
3405	4.512425870923277e-6	4.820924088175533e-6	8.718871840950025e-7	6.571565545181932e-6
3406	-6.462400947689281e-6	-1.035303492022204e-6	-3.5153246507711857e-6	-6.098374528813665e-6
3407	4.370817364988956e-7	-4.212147804742925e-6	2.05973662142094e-6	-1.272419731029636e-6
3408	6.004807607908102e-6	4.296178414891586e-6	1.6535630137627683e-6	7.282583606880201e-6
3409	-4.935767011613169e-6	1.0695949876601229e-6	-3.3087919093134426e-6	-5.131983438600272e-6
3410	-2.1731955539050493e-6	-5.2666855679632964e-6	1.124439245115093e-6	-2.8309275427917145e-6
3411	6.456411038196017e-6	2.9275361833664536e-6	2.227811909819582e-6	7.671934828165888e-6
3412	-2.7117897506302725e-6	3.1961303573535804e-6	-2.8719673248954335e-6	-3.9046879718560654e-6
3413	-4.281252634016539e-6	-5.470520539122219e-6	2.0349736769794527e-7	-4.296621870663136e-6
3414	5.847052497458549e-6	9.009786583685448e-7	2.563930526830318e-6	7.720125801798487e-6
3415	-1.8745851602498022e-7	4.944784034431186e-6	-2.2493992680342514e-6	-2.4704261720127446e-6
3416	-5.563216860985289e-6	-4.716239490490253e-6	-6.386535300954243e-7	-5.5979972700826874e-6
3417	4.329086869164636e-6	-1.4663039452612026e-6	2.653250073989927e-6	7.416334844434587e-6
3418	2.199062378347681e-6	5.969851620100149e-6	-1.498695717165454e-6	-8.973679834922284e-7
3419	-5.849515550802416e-6	-3.071202203249605e-6	-1.3488542150510197e-6	-6.667829625051651e-6
3420	2.2108779427684775e-6	-3.768067657311719e-6	2.501852883866619e-6	6.772107127624895e-6
3421	4.0523784807986515e-6	6.032779261918757e-6	-6.754140016610583e-7	7.402412473585159e-7
3422	-5.149253130984712e-6	-7.646692580269193e-7	-1.882243003028376e-6	-7.453186940046093e-6
3423	-1.1904688736814866e-7	-5.586187471756593e-6	2.1277500143391786e-6	5.816050199634571e-6
3424	5.085519759173109e-6	5.061193881084647e-6	1.602783720485625e-7	2.367219678441376e-6
3425	-3.6380781749507625e-6	1.8285376491229202e-6	-2.2051370240136155e-6	-7.91298030778284e-6
3426	-2.246678997310308e-6	-6.5664813205771044e-6	1.5637286155653374e-6	4.5870302144224695e-6
3427	5.176392849104664e-6	3.1646564253982247e-6	9.461629056995926e-7	3.899914686446925e-6
3428	-1.6385755122320194e-6	4.271360256757097e-6	-2.2947888832198805e-6	-8.019007509567525e-6
3429	-3.8087569441290035e-6	-6.490555744524873e-6	8.566081454133579e-7	3.1414563643269323e-6
3430	4.375367401919934e-6	6.205541835887589e-7	1.621486932413172e-6	5.268982678016565e-6
3431	4.6271051004130587e-7	6.1336539291075235e-6	-2.14641100296934e-6	-7.766445950818372e-6
3432	-4.5629916072037766e-6	-5.326532360765317e-6	5.713201842754204e-8	1.5488663364707133e-6
3433	2.887910274879768e-6	-2.1595511641702946e-6	2.1399139449411788e-6	6.402556389661655e-6
3434	2.2895351187561213e-6	7.0651844286039866e-6	-1.7673683242028012e-6	-7.1662969273226466e-6
3435	-4.441864341054977e-6	-3.2154253113399776e-6	-7.794317755532015e-7	-1.0627532383703457e-7
3436	1.0344849810752502e-6	-4.71451239968655e-6	2.458372063428879e-6	7.239325158340387e-6
3437	3.5197319603625744e-6	6.865885551496164e-6	-1.1866997815710317e-6	-6.249607014052811e-6
3438	-3.5380689663636032e-6	-4.7525126193964207e-7	-1.5860686576853423e-6	-1.7435462911515198e-6
3439	-8.070836098509828e-7	-6.600721969930652e-6	2.5467968114103823e-6	7.746214994346644e-6
3440	3.974212970181885e-6	5.531417101107654e-6	-4.40649900757522e-7	-5.059746350488804e-6
3441	-2.0829181176988458e-6	2.4519757190326752e-6	-2.300989413407494e-6	-3.2818218748419643e-6
3442	-2.299874813857419e-6	-7.477957072683483e-6	2.3882886770394145e-6	7.9012049237652e-6
3443	3.6328803519948567e-6	3.246134826717093e-6	4.213407578102166e-7	-3.6624159280036626e-6
3444	-4.041899811574188e-7	5.084692757293754e-6	-2.866456241084736e-6	-4.648863703018099e-6
3445	-3.177522969552813e-6	-7.170097176578723e-6	1.9854121978509943e-6	7.705520109796152e-6
3446	2.633105491246819e-6	3.5144407652307015e-7	1.3378555524376095e-6	-2.128954395160844e-6
3447	1.1544651319023052e-6	6.98007216603351e-6	-3.2332560248269106e-6	-5.7847215754430955e-6
3448	-3.319384881318932e-6	-5.694690220776269e-6	1.3562389388022012e-6	7.173282303744326e-6
3449	1.2239135634924163e-6	-2.682850682873037e-6	2.244545796642481e-6	-5.328072974244703e-7
3450	2.2936241818204517e-6	7.799131913255734e-6	-3.361013002351604e-6	-6.635684021134947e-6
3451	-2.7550404798533496e-6	-3.265383205890098e-6	5.282234553714372e-7	6.335765602863313e-6
3452	-2.6942170367568906e-7	-5.363662426782687e-6	3.0764684309304485e-6	1.042734435384873e-6
3453	2.804579060713973e-6	7.386983800165263e-6	-3.2258800789966006e-6	-7.170092718759429e-6
3454	-1.6579204477973187e-6	-2.560055858345537e-7	-4.4529511035017e-7	5.238574351462241e-6
3455	-1.5254691957760956e-6	-7.240837765674586e-6	3.7715384503952854e-6	2.524120103709128e-6
3456	2.6171510494563287e-6	5.794776435296213e-6	-2.819307933486046e-6	-7.368721539990163e-6
3457	-3.0819124766885473e-7	2.840825128206913e-6	-1.5078716816926835e-6	3.940095969209333e-6
3458	-2.2923996877691124e-6	-7.992236171605365e-6	4.268329149923481e-6	3.842059935521356e-6
3459	1.8291706841785155e-6	3.2596530841483633e-6	-2.149562486622706e-6	-7.233114978321542e-6
3460	9.793350220134516e-7	5.5264325802819215e-6	-2.586080481801568e-6	2.510322428278394e-6
3461	-2.4180191385287384e-6	-7.488557131536307e-6	4.514593802843748e-6	4.939985989502479e-6
3462	6.472781722533078e-7	1.9005360038413113e-7	-1.2511608838897307e-6	-6.775738435259555e-6
3463	1.9160874864000895e-6	7.359903845923115e-6	-3.612149311407352e-6	1.0231053258209347e-6
3464	-1.9015331043878491e-6	-5.811043353280234e-6	4.48030316844062e-6	5.770450251963686e-6
3465	-6.325006690290857e-7	-2.9225126482333285e-6	-1.654627488753285e-7	-6.0265548251531876e-6
3466	2.295746141605867e-6	8.042150768912412e-6	-4.517195436412449e-6	-4.426635429768109e-7
3467	-8.870751170652061e-7	-3.2187418061283696e-6	4.14660443458479e-6	6.2961701778275e-6
3468	-1.7048126517118577e-6	-5.573292542986484e-6	1.0502653639906459e-6	-5.029464997568607e-6
3469	2.033314719545677e-6	7.463901476564079e-6	-5.230977618673713e-6	-1.81411944634805e-6
3470	3.748876940559448e-7	-1.362573115349225e-7	3.5164696844425792e-6	6.4962930535712586e-6
3471	-2.3187998843913226e-6	-7.340591032106175e-6	2.325999353591572e-6	-3.8453390153723566e-6
3472	1.1915927099281862e-6	5.734059605390922e-6	-5.692703135609931e-6	-3.024029195244026e-6
3473	1.5840969651142888e-6	2.9392903775818457e-6	2.6135804247019345e-6	6.366412627349458e-6
3474	-2.3238926419956023e-6	-7.947951267759388e-6	3.5832220027952854e-6	-2.550269489211575e-6
3475	-3.51395445340069e-8	3.1256858328996327e-6	-5.8586532582844734e-6	-4.008204696582123e-6
3476	2.44624743536065e-6	5.521737914206521e-6	1.4739717900128575e-6	5.937334407418335e-6
3477	-1.6859547780649104e-6	-7.309437053713402e-6	4.7474158117113174e-6	-1.2185479179696383e-6
3478	-1.375439265817724e-6	7.406704904446583e-8	-5.709474975983989e-6	-4.728536273073738e-6
3479	2.7475529530521553e-6	7.201697944042984e-6	1.5686977013773064e-7	5.247800903450718e-6
3480	-5.260527466585547e-7	-5.549192428785103e-6	5.742109878780965e-6	7.348817976785962e-8
3481	-2.518949552627008e-6	-2.9246263017177164e-6	-5.2342616686115284e-6	-5.149850878798323e-6
3482	2.3830552755088904e-6	7.722132450546111e-6	-1.2744600685883677e-6	4.345498086125965e-6
3483	9.170836323399253e-7	-2.960459335095026e-6	6.499144985294116e-6	1.257455767504156e-6
3484	-3.1813894902763927e-6	-5.3981998227851655e-6	-4.44154164910844e-6	-5.267429556656558e-6
3485	1.376647918412761e-6	7.0260999809449685e-6	-2.74069163685236e-6	3.292290721607562e-6
3486	2.3355908971662116e-6	1.5509284677001997e-8	6.966535973311157e-6	2.2725406393256295e-6
3487	-3.1781475744396975e-6	-6.9591237894164656e-6	-3.360135772116503e-6	-5.096351628676099e-6
3488	-9.156649690834668e-8	5.258081004193776e-6	-4.162465281124806e-6	2.158492420983918e-6
3489	3.413042456046842e-6	2.892226129185882e-6	7.105643058990439e-6	3.069145825166729e-6
3490	-2.453341395394871e-6	-7.381900627597284e-6	-2.0378213183770773e-6	-4.667461952908012e-6
3491	-1.743219324027342e-6	2.7301370047570762e-6	-5.4565863144945644e-6	1.0181525143788598e-6
3492	3.8822222100796175e-6	5.216877657700225e-6	6.8958595349821765e-6	3.6122127386878015e-6
3493	-1.0976554390629114e-6	-6.634994115864952e-6	-5.376794427988495e-7	-4.0195609491859146e-6
3494	-3.242550972248596e-6	-1.273011359423919e-7	-6.55029584803648e-6	-6.026588725946316e-8
3495	3.5922423861063656e-6	6.634458941580099e-6	6.333267435006117e-6	3.884721754347042e-6
3496	6.660229407920762e-7	-4.883176629417775e-6	1.0679297007360286e-6	-3.204043676766658e-6
3497	-4.262296109032885e-6	-2.8391831539173067e-6	-7.3798308951342784e-6	-1.0130258344007546e-6
3498	2.531010245104933e-6	6.949205915401453e-6	5.435141024300623e-6	3.887526277854302e-6
3499	2.5162241546606593e-6	-2.4475299162610564e-6	2.6941211887793605e-6	-2.284387466177761e-6
3500	-4.547209384632343e-6	-4.98115305060337e-6	-7.890827510104604e-6	-1.7883421532196092e-6
3501	8.434837982669521e-7	6.156953295166081e-6	4.243179605665557e-6	3.636287867853058e-6
3502	4.0896516657819794e-6	2.493529358614701e-7	4.2520488367325275e-6	-1.3175267614606373e-6
3503	-3.9834306972983535e-6	-6.230047216217186e-6	-8.04928845734047e-6	-2.349165237168712e-6
3504	-1.1952168587377324e-6	4.438047093764074e-6	2.8098521848851432e-6	3.1629405606134462e-6
3505	5.047255147769358e-6	2.7618820693429567e-6	5.663053421610009e-6	-3.768895867021297e-7
3506	-2.6068697696496754e-6	-6.425319564115284e-6	-7.835153226508564e-6	-2.6703589611706013e-6
3507	-3.2265573413922244e-6	2.116958264716021e-6	1.197785026649919e-6	2.5160372418641684e-6
3508	5.160354783547361e-6	4.691030103816314e-6	6.854119992152568e-6	4.724724893787091e-7
3509	-6.120730418942592e-7	-5.58484828697404e-6	-7.255246804765867e-6	-2.739473814732992e-6
3510	-4.861673106681258e-6	-3.9638266538433097e-7	-5.139668476503168e-7	1.7513698493337145e-6
3511	4.346807835579942e-6	5.751699981450802e-6	7.765404337030933e-6	1.1699543090054132e-6
3512	1.6721249042079834e-6	-3.90929508193701e-6	-6.330596907077614e-6	-2.5636479411164243e-6
3513	-5.76340177247004e-6	-2.678987228950678e-6	-2.241732653836229e-6	9.327514919041895e-7
3514	2.6900558072748603e-6	5.8136393656240686e-6	8.342184543290174e-6	1.6731349850772408e-6
3515	3.854817085095443e-6	-1.7233099610540573e-6	-5.099216886533496e-6	-2.173288168846037e-6
3516	-5.721692135947789e-6	-4.3652627331526054e-6	-3.894681885191854e-6	1.2060525404554317e-7
3517	4.351102194000704e-7	4.925535274800773e-6	8.54828898436917e-6	1.953821249322274e-6
3518	5.533727737238631e-6	5.773545642224665e-7	-3.619749004923423e-6	-1.6064329806539018e-6
3519	-4.686440597146463e-6	-5.211776294227374e-6	-5.390744508347778e-6	-6.20842217196145e-7
3520	-2.0615444768491307e-6	3.2999574587780957e-6	8.374801650982529e-6	1.998720909712445e-6
3521	6.382695594137413e-6	2.601241171130193e-6	-1.9671641097968582e-6	-9.19703428450572e-7
3522	-2.7858866139056835e-6	-5.122166766654992e-6	-6.658000224076553e-6	-1.2305376495783924e-6
3523	-4.377972687062404e-6	1.2581978921604141e-6	7.829797537179861e-6	1.818898975737669e-6
3524	6.204228239751194e-6	4.01732963398275e-6	-2.196866179072811e-7	-1.711625114022328e-7
3525	-2.96443601993954e-7	-4.175780186724451e-6	-7.637354410261988e-6	-1.667823531789644e-6
3526	-6.103852107220846e-6	-8.10279543173271e-7	6.9410766723172515e-6	1.4263836876161263e-6
3527	4.9806678372138205e-6	4.620930670131058e-6	1.5380759501924062e-6	5.837763786761608e-7
3528	2.3882782078907423e-6	-2.6021309062414422e-6	-8.280975784798312e-6	-1.896433259339454e-6
3529	-6.904930596467538e-6	-2.542025252051479e-6	5.745394600265206e-6	8.558456748921593e-7
3530	2.8605016885423664e-6	4.3625112106661465e-6	3.2230398565623207e-6	1.28507707374157e-6
3531	4.823174346607114e-6	-7.311821771802389e-7	-8.55749394727237e-6	-1.9023903564027345e-6
3532	-6.6000199008613555e-6	-3.6551668949876757e-6	4.304240347214858e-6	1.5523904880159846e-7
3533	1.6244063645702345e-7	3.3592675941476757e-6	4.754534668703635e-6	1.872074633780727e-6
3534	6.5774112884859455e-6	1.0725928080808168e-6	-8.461142015754248e-6	-1.673719978619994e-6
3535	-5.198547041921849e-6	-3.994784556214364e-6	2.6883347162569694e-6	-6.244638587078886e-7
3536	-2.68478785416766e-6	1.8550249530399126e-6	6.065442624880803e-6	2.2890690261625197e-6
3537	7.3276212654786874e-6	2.4866291454487934e-6	-7.99806606881141e-6	-1.2200377067213762e-6
3538	-2.8835447060600574e-6	-3.560682965284054e-6	9.767607630479924e-7	-1.4224994461436407e-6
3539	-5.211950309587536e-6	1.7430384036034502e-7	7.094239142517969e-6	2.499120549819407e-6
3540	6.906726550981821e-6	3.2742042512343937e-6	-7.1937193467477225e-6	-5.736320454381772e-7
3541	-1.3610721465922658e-8	-2.5024275294325105e-6	-7.50983914358471e-7	-2.178817349612996e-6
3542	-6.979051466424824e-6	-1.3419196808902679e-6	7.795963012094128e-6	2.474011105141216e-6
3543	5.346513578552096e-6	3.3341962104193146e-6	-6.089082322595179e-6	2.2305369312938188e-7
3544	2.9606328290504417e-6	-1.0795554804581329e-6	-2.409971505069805e-6	-2.8247903079324106e-6
3545	-7.6667446707126e-6	-2.416708824585376e-6	8.141815484430567e-6	2.2019860300348175e-6
3546	2.8708303577565673e-6	2.723258168342841e-6	-4.7430593319922046e-6	1.1137028332575298e-6
3547	5.5446380899968915e-6	3.9519928880667755e-7	-3.919034348095564e-6	-3.3050001844740707e-6
3548	-7.1334952143257504e-6	-2.8660323001154176e-6	8.121050550916338e-6	1.6933728045773667e-6
3549	-1.3599203258954346e-7	1.6115944845413083e-6	-3.2227822100866133e-6	2.0356517972004713e-6
3550	7.304896011293044e-6	1.6121855524341066e-6	-5.216677303294366e-6	-3.574002660995644e-6
3551	-5.440995530733166e-6	-2.6416778203058277e-6	7.746546051191815e-6	9.710113161084783e-7
3552	-3.1984713716416236e-6	2.7575385042093864e-7	-1.6029653757935003e-6	2.922687279600421e-6
3553	7.928567262059057e-6	2.3332829122480418e-6	-6.249771896308389e-6	-3.5961554792444295e-6
3554	-2.8371831647390723e-6	-1.842078485251792e-6	7.043294556449291e-6	7.235397288750539e-8
3555	-5.8185175432784494e-6	-9.824487044636696e-7	3.2063255518844406e-8	3.719302409344281e-6
3556	7.293717175467974e-6	2.4249347863043775e-6	-6.972001845426976e-6	-3.3596413547818515e-6
3557	2.737602798521446e-7	-6.776139576454826e-7	6.052028260230777e-6	-9.517139214362777e-7
3558	-7.546412900241935e-6	-1.881925272127832e-6	1.6019915642355897e-6	4.3596445929377135e-6
3559	5.48330735459669e-6	1.9046026936626742e-6	-7.355252840675546e-6	-2.8563252745639343e-6
3560	3.3895694343587913e-6	5.637557996379298e-7	4.826124513923287e-6	-2.0414221853488242e-6
3561	-8.092251542070708e-6	-2.229725231904675e-6	3.0331311038540088e-6	4.7914610716252074e-6
3562	2.775287606727293e-6	9.180105663692728e-7	-7.387305426973247e-6	-2.1099559254707985e-6
3563	6.0025290192578005e-6	1.5881462261587525e-6	3.4383910369167227e-6	-3.129537174198501e-6
3564	-7.356266378845244e-6	-1.9621142180440503e-6	4.261631869209432e-6	4.972957283397376e-6
3565	-3.994167362697687e-7	-2.863513914228553e-7	-7.0825286990538946e-6	-1.1502871063700338e-6
3566	7.676991397388916e-6	2.1568153415926854e-6	1.9649283309384334e-6	-4.148491126200108e-6
3567	-5.450096175039606e-6	-1.1450505514284931e-6	5.237493127517076e-6	4.8756501219376184e-6
3568	-3.5276333363389188e-6	-1.4258167098858365e-6	-6.471280041325502e-6	-1.863381967788947e-8
3569	8.138891111836357e-6	2.128367850364238e-6	4.7922956117311e-7	-5.0376035115568695e-6
3570	-2.67675989635231e-6	2.6353677950053077e-8	5.92115066785657e-6	4.488613120001939e-6
3571	-6.096932644168529e-6	-2.213356078373105e-6	-5.5966837864022386e-6	1.2348120437718346e-6
3572	7.314466909109749e-6	1.4915192011508438e-6	-9.433725412212358e-7	-5.739758041821091e-6
3573	5.101442771515507e-7	1.2717184308386683e-6	6.285555688825183e-6	3.815746050995712e-6
3574	-7.691638859616477e-6	-2.444582361027035e-6	-4.5143436922661604e-6	2.548516147984609e-6
3575	5.347199686689934e-6	3.7905572120185806e-7	-2.2337196892350974e-6	-6.194764241322414e-6
3576	3.5953586269483156e-6	2.3009481494652595e-6	6.3269728497083125e-6	2.8713729681530033e-6
3577	-8.064327071633e-6	-2.035311517165439e-6	-3.291086563637182e-6	3.8429626656443565e-6
3578	2.5566255625180877e-6	-9.698211718950125e-7	-3.326517929981867e-6	-6.35778468808561e-6
3579	6.08495720098871e-6	2.846397794753157e-6	6.063941233821135e-6	1.6894569172195206e-6
3580	-7.169762254587717e-6	-1.0359404750860762e-6	-1.997949092418913e-6	5.043822512009944e-6
3581	-5.96007605031447e-7	-2.2518613673927058e-6	-4.175142053408883e-6	-6.200682721945818e-6
3582	7.582751282747002e-6	2.7457429250625055e-6	5.522800113131265e-6	3.216781672999372e-7
3583	-5.1695582600712865e-6	3.66765859505983e-7	-6.994680027610388e-7	6.076998981541284e-6
3584	-3.602382504588127e-6	-3.1704588629324554e-6	-4.746123968551551e-6	-5.715592883935985e-6
3585	7.863134953475262e-6	1.9650057268920422e-6	4.7481186278606865e-6	-1.1636250464213815e-6
3586	-2.3993532184841054e-6	1.8903723723274952e-6	5.247539164296181e-7	6.878210189588685e-6
3587	-5.9781848380534216e-6	-3.479797732110784e-6	-5.026899381614911e-6	-4.910749322773244e-6
3588	6.909421331685949e-6	6.122508328327005e-7	3.7974177738407766e-6	-2.688228797200779e-6
3589	6.753537172375349e-7	3.2072023754137873e-6	1.6073349882697272e-6	7.389832881953137e-6
3590	-7.356131397210501e-6	-3.0532382898832687e-6	-5.013883661964086e-6	-3.8089821695694525e-6
3591	4.9029746711565304e-6	-1.0719424532648003e-6	2.735451195304592e-6	-4.170629752245533e-6
3592	3.556063539596383e-6	4.014212120505492e-6	2.4948224779095867e-6	7.568861097445494e-6
3593	-7.539840674615464e-6	-1.912318963065411e-6	-4.730702419498409e-6	-2.4602601221206263e-6
3594	2.2000234046526904e-6	-2.7645827580946264e-6	1.6287873101372336e-6	-5.5302274471809535e-6
3595	5.780222625037961e-6	4.0927905032137835e-6	3.14833514982969e-6	7.39605543560725e-6
3596	-6.538440978769879e-6	-2.1816442855011032e-7	-4.209313646768296e-6	-9.274190929401922e-7
3597	-7.491601413961789e-7	-4.112913956830309e-6	5.506863652898167e-7	-6.693698490819192e-6
3598	7.015008104230615e-6	3.351470473569092e-6	3.5420815321060535e-6	6.865052434166127e-6
3599	-4.556165238042024e-6	1.7337497283529057e-6	-3.4970037051754615e-6	7.196824771125651e-7
3600	-3.4583986369541055e-6	-4.811963941838244e-6	-4.3155677328878516e-7	-7.596079779958165e-6
3601	7.095347509183241e-6	1.8635290020548113e-6	3.6659734064734817e-6	5.9929929258504665e-6
3602	-1.9536297004195257e-6	3.582097483961378e-6	-2.65511716227536e-6	2.401708825220177e-6
3603	-5.496916373367417e-6	-4.666992540046634e-6	-1.2560518066493458e-6	-8.187367117495952e-6
3604	6.054643766796326e-6	-1.4821148956405883e-7	3.5340094974981113e-6	4.813062940689639e-6
3605	8.255454888171941e-7	4.953477781461815e-6	-1.7473979326128952e-6	4.030884229901188e-6
3606	-6.559426744231902e-6	-3.634286609746704e-6	-1.8825977196805201e-6	-8.422770288847096e-6
3607	4.119200973351663e-6	-2.341737439725894e-6	3.1746421105011396e-6	3.37462294026485e-6
3608	3.3221055527687164e-6	5.552028650849101e-6	-8.380501477454197e-7	5.526676744790882e-6
3609	-6.527137259750382e-6	-1.832138409547407e-6	-2.2804142892155947e-6	-8.283987398294033e-6
3610	1.6512869149226606e-6	-4.3267021100281976e-6	2.627373698929607e-6	1.738835115163791e-6
3611	5.134498789475274e-6	5.204566887475883e-6	4.49911179828684e-9	6.814410170327265e-6
3612	-5.45965230623094e-6	4.6563318279234476e-7	-2.4392047974177315e-6	-7.76358984871818e-6
3613	-9.13380998486159e-7	-5.71744765904721e-6	1.942874595758953e-6	-1.8699680867887695e-8
3614	6.002194985336296e-6	3.90460595912572e-6	7.237616463580392e-7	7.824814411420818e-6
3615	-3.5975385203555025e-6	2.880537455002393e-6	-2.358619421683891e-6	-6.8819799928519125e-6
3616	-3.144529706676196e-6	-6.223630889891925e-6	1.1741639568282475e-6	-1.8084410908899992e-6
3617	5.8407690273072e-6	1.8217443779252262e-6	1.2723988226206094e-6	8.503955873425864e-6
3618	-1.3024359171656072e-6	4.981939566498537e-6	-2.05542588941729e-6	-5.675671896202501e-6
3619	-4.692530635086164e-6	-5.691264204724512e-6	3.8798987280030535e-7	-3.542609763289184e-6
3620	4.7520512795633826e-6	-7.28455855633088e-7	1.6134130108187148e-6	8.806761118143973e-6
3621	1.0092111955282376e-6	6.3846610539048905e-6	-1.5676107260988248e-6	-4.195958183686338e-6
3622	-5.346173559568823e-6	-4.159619253066114e-6	-3.4483804246307927e-7	-5.132854614368832e-6
3623	2.987033520340901e-6	-3.3329348840574697e-6	1.7253777560597737e-6	8.716844824723546e-6
3624	2.949109062304271e-6	6.810921663548079e-6	-9.385148954819095e-7	-2.5253574228337916e-6
3625	-5.062173013159379e-6	-1.831122810594587e-6	-9.66860534077671e-7	-6.4983338780194246e-6
3626	8.960040607375038e-7	-5.542995646089855e-6	1.60927327346896e-6	8.238910734405245e-6
3627	4.212484005500493e-6	6.126286388389798e-6	-2.2557572075240854e-7	-7.39882946330901e-7
3628	-3.959246998656334e-6	9.392879835838989e-7	-1.4339996115054526e-6	-7.5759418556909015e-6
3629	-1.1397608795285083e-6	-6.9595652101335695e-6	1.2807111745366468e-6	7.3957515337092154e-6
3630	4.637089824585351e-6	4.3904566130455905e-6	5.11602569708421e-7	1.0711413725672113e-6
3631	-2.298113391670545e-6	3.7090534351114453e-6	-1.7059019190775204e-6	-8.315414291203038e-6
3632	-2.767276641494986e-6	-7.304114975398861e-6	7.635391767925904e-7	6.231816492818438e-6
3633	4.213972057280058e-6	1.8441750993181566e-6	1.208012484803902e-6	2.8217419451254363e-6
3634	-4.20585610422279e-7	6.001763015686705e-6	-1.7563444417326223e-6	-8.682122902082628e-6
3635	-3.725220709250845e-6	-6.471846010317e-6	1.022313440925368e-7	4.801001176968109e-6
3636	3.0974678918174673e-6	-1.1159479468800035e-6	1.8032422622292522e-6	4.432302808448225e-6
3637	1.318944386209674e-6	7.4126428854630115e-6	-1.5768826849625786e-6	-8.65856906687731e-6
3638	-3.9044433634844445e-6	-4.552550846814153e-6	-6.497115580854226e-7	3.1734375508382996e-6
3639	1.551483302310184e-6	-4.015185939108976e-6	2.2439511247487074e-6	5.826843849002521e-6
3640	2.6080593476128365e-6	7.6750680604588e-6	-1.1778719953896167e-6	-8.257236351829393e-6
3641	-3.3399183092633068e-6	-1.8242350826731005e-6	-1.4352634549526159e-6	1.4351073145924365e-6
3642	-9.480431320549581e-8	-6.363404010939359e-6	2.4934465344115993e-6	6.940566332666841e-6
3643	3.244517634561487e-6	6.7053231356763335e-6	-5.808184348484166e-7	-7.49646182470064e-6
3644	-2.2063543647185264e-6	1.2851522629429527e-6	-2.1897461079654757e-6	-3.323614279474654e-7
3645	-1.5222237032066143e-6	-7.74825091466349e-6	2.516611181789434e-6	7.719533293006562e-6
3646	3.1656981032903807e-6	4.629809288170126e-6	1.7870764463936193e-7	-6.418205144733349e-6
3647	-7.803360144544377e-7	4.269901751555974e-6	-2.855174008619486e-6	-2.041291733559367e-6
3648	-2.4605757406124386e-6	-7.925437175250393e-6	2.295156035337208e-6	8.135392298270277e-6
3649	2.4551473457508017e-6	1.7616203951710549e-6	1.0508015370677382e-6	-5.0843239469860505e-6
3650	6.257215569293234e-7	6.635983405911567e-6	-3.370100556788107e-6	-3.607030077465013e-6
3651	-2.7667204696153154e-6	-6.836489567064659e-6	1.8359640197987069e-6	8.171535294447221e-6
3652	1.3132290755797562e-6	-1.4494900160831192e-6	1.9690151483517216e-6	-3.5643549654314342e-6
3653	1.7270691613522973e-6	7.981446504227148e-6	-3.685309328520212e-6	-4.954958981535601e-6
3654	-2.4331164241438164e-6	-4.636610334947974e-6	1.1595522912301625e-6	7.840481714064741e-6
3655	1.5956786993150256e-8	-4.483753413384988e-6	2.87243803334771e-6	-1.943091128211028e-6
3656	2.3153113813864467e-6	8.074167625137187e-6	-3.7647594856753557e-6	-6.033051550464643e-6
3657	-1.5776481316637633e-6	-1.6605438130498113e-6	2.9308064627436757e-7	7.17128922251906e-6
3658	-1.1509635558265582e-6	-6.8405927139926925e-6	3.7010294234874585e-6	-2.9997196065304077e-7
3659	2.2864132497222844e-6	6.880814811448576e-6	-3.5856236190229163e-6	-6.793599141466653e-6
3660	-4.199373362853581e-7	1.6131191750769903e-6	-7.145392618050811e-7	6.205937330530725e-6
3661	-1.9339333216900255e-6	-8.127897036639815e-6	4.392621743124537e-6	1.2812587947954492e-6
3662	1.6896928074891507e-6	4.579572487155639e-6	-3.14385614984612e-6	-7.209737271917793e-6
3663	7.591173225307676e-7	4.6529375901436154e-6	-1.8082211808349643e-6	5.007899452465839e-6
3664	-2.1605329879853266e-6	-8.128099618354465e-6	4.887520254901786e-6	2.722577086905707e-6
3665	6.826272583863041e-7	1.5391004248686893e-6	-2.4431714809721207e-6	-7.273148984575921e-6
3666	1.6833791150877037e-6	6.964457399451224e-6	-2.9217856050913037e-6	3.6462483621444587e-6
3667	-1.7938097513232513e-6	-6.844079407729859e-6	5.13424519180131e-6	3.956463752378915e-6
3668	-4.876964879590045e-7	-1.7516365810295055e-6	-1.5170715530737843e-6	-6.998858640323744e-6
3669	2.1352529531558617e-6	8.174439180812741e-6	-3.982029917461348e-6	2.2002583589214336e-6
3670	-9.303447341184104e-7	-4.475199753018474e-6	5.10708488885993e-6	4.9336765736040475e-6
3671	-1.5396363593479886e-6	-4.760946318100212e-6	-4.091086278644733e-7	-6.423237524699657e-6
3672	1.9961791863860117e-6	8.08604125823414e-6	-4.922461061062663e-6	7.448960903101532e-7
3673	2.2569142156547025e-7	-1.405097575542769e-6	4.790341885985263e-6	5.622333445435859e-6
3674	-2.2086570536680927e-6	-6.998044916136037e-6	8.313092517248771e-7	-5.589531803569738e-6
3675	1.2848557130267005e-6	6.7220503844458764e-6	-5.677927872670949e-6	-6.526506468912281e-7
3676	1.4025312532992077e-6	1.8625729360225218e-6	4.184214570005599e-6	6.002709831821852e-6
3677	-2.3234977946778437e-6	-8.108047622325208e-6	2.1387632815933934e-6	-4.549433695397698e-6
3678	1.6031536266873516e-7	4.309775580803881e-6	-6.1944321688853774e-6	-1.921683259910185e-6
3679	2.3154974699489807e-6	4.798201580400456e-6	3.30321467744919e-6	6.0699090836393465e-6
3680	-1.8238570144316808e-6	-7.922941290119725e-6	3.440922013925649e-6	-3.3633339196965473e-6
3681	-1.1340275362916288e-6	1.2513079646624186e-6	-6.432893126452999e-6	-3.002171720404079e-6
3682	2.7312041880061517e-6	6.927418201234261e-6	2.1824986409831376e-6	5.837437343336262e-6
3683	-7.865845148813564e-7	-6.494980296344268e-6	4.6664953979693736e-6	-2.106765664269722e-6
3684	-2.3087267882808065e-6	-1.9458673703781234e-6	-6.368311775694759e-6	-3.843201369971862e-6
3685	2.521313396870442e-6	7.9184567803559e-6	8.720283158463097e-7	5.33072093026822e-6
3686	5.858847709926635e-7	-4.073687937368433e-6	5.743751051823565e-6	-8.50581446228636e-7
3687	-3.086627130483057e-6	-4.763813001811919e-6	-5.983297016891564e-6	-4.413026591794374e-6
3688	1.6734819269899564e-6	7.636492186972801e-6	-5.658614880651565e-7	4.592896414242372e-6
3689	2.013950540385615e-6	-1.0720326212715017e-6	6.608124375229355e-6	3.361826309082866e-7
3690	-3.25777681813357e-6	-6.750916452654379e-6	-5.280733320182889e-6	-4.695207487848742e-6
3691	3.1985328089377824e-7	6.160429293078073e-6	-2.062954345923055e-6	3.6735666294163847e-6
3692	3.1873956003622873e-6	2.008687217926863e-6	7.20121924809614e-6	1.387453597359455e-6
3693	-2.7263983442188523e-6	-7.609020052947675e-6	-4.283009042615934e-6	-4.690130883262502e-6
3694	-1.2922805316826968e-6	3.762231730395643e-6	-3.5427473760638374e-6	2.6474902442525423e-6
3695	3.831247103640332e-6	4.669516811712897e-6	7.4860576096027496e-6	2.2448067475788747e-6
3696	-1.5399995709300972e-6	-7.235870262472099e-6	-3.0305639227950463e-6	-4.415256866014037e-6
3697	-2.842719523208562e-6	8.536287733113787e-7	-4.92648246580605e-6	1.582005188571766e-6
3698	3.760341260937582e-6	6.489370248896895e-6	7.4318932381383495e-6	2.8706101597331564e-6
3699	1.1759922034187235e-7	-5.7283218499115165e-6	-1.5787891790458222e-6	-3.9065111135986505e-6
3700	-4.013391488536691e-6	-2.0724713497071156e-6	-6.1407644443136e-6	5.45420912670014e-7
3701	2.9241978560126358e-6	7.199537054328672e-6	7.028596859429776e-6	3.2456231316757096e-6
3702	1.951957213192691e-6	-3.37322287229565e-6	1.0515361616693121e-8	-3.216953054380117e-6
3703	-4.5293311414659556e-6	-4.538594389154914e-6	-7.121051583532514e-6	-3.985885789347535e-7
3704	1.4160356349654729e-6	6.727533520701659e-6	6.2819033279889235e-6	3.359077929237661e-6
3705	3.6241680682939905e-6	-5.939625898602571e-7	1.6532493170084595e-6	-2.393342585736284e-6
3706	-4.234669442588101e-6	-6.155919005812311e-6	-7.806525667105508e-6	-1.192647599906519e-6
3707	-5.289183288984029e-7	5.202464210105647e-6	5.225201858745358e-6	3.218392489800945e-6
3708	4.7898406331487786e-6	2.1329934601393625e-6	3.2667796057892494e-6	-1.5032278785162128e-6
3709	-3.1107801387082467e-6	-6.698403761036018e-6	-8.15626575071406e-6	-1.793350871075244e-6
3710	-2.576811499452226e-6	2.925017842374466e-6	3.902544384910124e-6	2.853584290808893e-6
3711	5.185201144844704e-6	4.363419427992624e-6	4.773179404726782e-6	-6.13744975118003e-7
3712	-1.2984957815361242e-6	-6.125011755609876e-6	-8.144061862934882e-6	-2.1722144647884196e-6
3713	-4.353298992576441e-6	3.104057870453264e-7	2.37562308579139e-6	2.297762881157982e-6
3714	4.672596864421346e-6	5.752488225142509e-6	6.095820353894195e-6	2.172512764864428e-7
3715	9.151458101613105e-7	-4.595223432530562e-6	-7.767274826315143e-6	-2.3130093590138912e-6
3716	-5.508474862926575e-6	-2.1821581679599323e-6	7.164024302391428e-7	1.5993752830953561e-6
3717	3.274986511946048e-6	6.1075437622459975e-6	7.174037419210264e-6	9.285052051675129e-7
3718	3.1585819224650075e-6	-2.418739947117578e-6	-7.041554071210397e-6	-2.2159205704766577e-6
3719	-5.784533115319418e-6	-4.143599267500926e-6	-9.977824622436892e-7	8.184381373271523e-7
3720	1.1862361757231557e-6	5.4313207670071105e-6	7.94691610476159e-6	1.4726055391854053e-6
3721	5.021561264208649e-6	-6.781458806060445e-9	-5.9930913302671186e-6	-1.8908577965379358e-6
3722	-5.065174398512399e-6	-5.275105218960688e-6	-2.685906265911379e-6	1.37849917102131e-8
3723	-1.2618477103310698e-6	3.915737233615982e-6	8.37313621134258e-6	1.8050050833862297e-6
3724	6.148609778656022e-6	2.2183781695720544e-6	-4.671851932268054e-6	-1.3654672494018e-6
3725	-3.422875503394375e-6	-5.441846988549962e-6	-4.266329920102937e-6	-7.476541975963244e-7
3726	-3.659114861079851e-6	1.871281843822537e-6	8.430888885538572e-6	1.9022062118932714e-6
3727	6.302513798757606e-6	3.887649783535458e-6	-3.146055008786098e-6	-6.849301080330806e-7
3728	-1.096423062457095e-6	-4.677936209807922e-6	-5.65855872132359e-6	-1.4034540915768424e-6
3729	-5.588429176048516e-6	-3.1333142309892814e-7	8.117887791764891e-6	1.7591832181018768e-6
3730	5.405882634710386e-6	4.751340766988331e-6	-1.4852857849203075e-6	8.967608592363407e-8
3731	1.5466138464977972e-6	-3.181699489789134e-6	-6.797712916751102e-6	-1.8942786321251426e-6
3732	-6.69041932808877e-6	-2.251499921252609e-6	7.448572340521886e-6	1.3875941668693775e-6
3733	3.558496759093207e-6	4.714855049654612e-6	2.3386303840748766e-7	8.922472613564138e-7
3734	4.075211211717856e-6	-1.2718283704430133e-6	-7.628546873033657e-6	-2.180825781502375e-6
3735	-6.739891842208698e-6	-3.6109912250909803e-6	6.456389582693436e-6	8.155579153225884e-7
3736	1.0293318855854132e-6	3.848519388002254e-6	1.9267484593910593e-6	1.6618454927662374e-6
3737	6.052574948136678e-6	6.775442519620983e-7	-8.115266373517418e-6	-2.2357775247655014e-6
3738	-5.686675641710696e-6	-4.188250373146789e-6	5.194487170156383e-6	7.999793253689823e-8
3739	-1.7765713506041104e-6	2.3707600942421677e-6	3.5061951644076115e-6	2.331541420852933e-6
3740	7.118788102952314e-6	2.3090451730902417e-6	-8.234535108363086e-6	-2.0431728573834835e-6
3741	-3.6578349697409176e-6	-3.932981231068674e-6	3.7281235216886226e-6	-7.603117271559169e-7
3742	-4.400521596462067e-6	6.006010930354996e-7	4.9026988633370085e-6	2.8417363058524037e-6
3743	7.0674952512623925e-6	3.3385327549415677e-6	-7.991035643790416e-6	-1.6133081107022471e-6
3744	-9.667142628502024e-7	-2.9518631419066815e-6	2.13018134701043e-6	-1.648502890216942e-6
3745	-6.397643548036318e-6	-1.1013458949199864e-6	6.048052221564592e-6	3.1490654636521982e-6
3746	5.875040458018403e-6	3.604328995232185e-6	-7.398245646988589e-6	-9.659364967834186e-7
3747	1.961107655794496e-6	-1.4895372780565536e-6	4.793650032297605e-7	-2.515194464856368e-6
3748	-7.42046177417603e-6	-2.4047513819119957e-6	6.897450600402264e-6	3.217421964066594e-6
3749	3.7012781974057208e-6	3.114974268242501e-6	-6.4930552110673205e-6	-1.3451342264155493e-7
3750	4.640218089850908e-6	1.313796972206369e-7	-1.1434293927439057e-6	-3.2973428372052514e-6
3751	-7.270901268395418e-6	-3.0795592012555963e-6	7.4070978768237625e-6	3.0251164665426685e-6
3752	8.895597059100893e-7	2.0160565994657058e-6	-5.329368031056893e-6	8.366226504329162e-7
3753	6.623304611248586e-6	1.5708454344969489e-6	-2.651450403086352e-6	-3.931436833319095e-6
3754	-5.9556178813042375e-6	-3.027040612946519e-6	7.562891544602467e-6	2.567055111936398e-6
3755	-2.1028946753959117e-6	5.739104422271965e-7	-3.974295082102131e-6	1.880387552744201e-6
3756	7.575294821059739e-6	2.537694489818425e-6	-3.978737205071729e-6	-4.354648260431428e-6
3757	-3.676178819851714e-6	-2.298420740059597e-6	7.372499897548877e-6	1.8620712909576582e-6
3758	-4.789800490089644e-6	-8.920375300612581e-7	-2.4974407505301514e-6	2.9235541405610767e-6
3759	7.337646831263833e-6	2.8491427828426842e-6	-5.070130487747369e-6	-4.5290429039785455e-6
3760	-7.947915525937961e-7	-1.0795653423703606e-6	6.860260152654056e-6	9.360871984635778e-7
3761	-6.733740716541554e-6	-2.0599936304708078e-6	-9.812692754090103e-7	3.904087085381643e-6
3762	5.934242324046845e-6	2.4654900716782303e-6	-5.876390302652736e-6	-4.422261633250543e-6
3763	2.221826601933647e-6	3.436738002991063e-7	6.062136914636782e-6	-1.6491646517316515e-7
3764	-7.61804101362662e-6	-2.6788359331905954e-6	4.993188984142806e-7	4.748683719635918e-6
3765	3.5829642679913736e-6	1.4914024739689688e-6	-6.365609047992304e-6	-4.023133268405929e-6
3766	4.8841777604520754e-6	1.6477283893481387e-6	5.021582684119619e-6	-1.376741255996906e-6
3767	-7.293658804119632e-6	-2.6255172074178832e-6	1.8719489296106876e-6	5.389690555443537e-6
3768	6.67791834671723e-7	1.595338877840111e-7	-6.523184061093017e-6	-3.332385770167204e-6
3769	6.764122823429406e-6	2.5381890189867534e-6	3.8091188736493175e-6	-2.6345115917995493e-6
3770	-5.813381131588129e-6	-1.917310922086861e-6	3.0685347384438456e-6	5.768544449705799e-6
3771	-2.3353448684552514e-6	-1.2377199149837092e-6	-6.361576726553642e-6	-2.3748929130115408e-6
3772	7.561772743103843e-6	2.814035165641122e-6	2.501402059097231e-6	-3.851589835934219e-6
3773	-3.416185112254223e-6	-7.05291889092958e-7	4.031699496115797e-6	5.847331046433033e-6
3774	-4.939938100682768e-6	-2.383414343096545e-6	-5.903901497496605e-6	-1.201793127478798e-6
3775	7.149968196156182e-6	2.398859770155427e-6	1.1694423419734204e-6	-4.9495766514801475e-6
3776	-5.010841618157471e-7	7.476448058698672e-7	4.725418645194063e-6	5.6073065825044835e-6
3777	-6.727225323698699e-6	-3.005150632328833e-6	-5.192422815785338e-6	1.263072836485828e-7
3778	5.601212519594742e-6	1.3667227872068136e-6	-1.1637037985611232e-7	-5.8615898894711375e-6
3779	2.446444923642484e-6	2.124099258861318e-6	5.126065580753473e-6	5.052420783719611e-6
3780	-7.415999249802367e-6	-2.9401190992046465e-6	-4.279626579814326e-6	1.539549491199592e-6
3781	3.1906649631544677e-6	-8.413250374108731e-8	-1.2862302929072888e-6	-6.531379961672752e-6
3782	4.946843256886449e-6	3.1102797325630095e-6	5.2303328416194595e-6	4.199984707362997e-6
3783	-6.91308045635745e-6	-2.1620883578327647e-6	-3.229016212082409e-6	2.962829287080837e-6
3784	3.278104547590651e-7	-1.653368435960822e-6	-2.2840750600668203e-6	-6.907429650732389e-6
3785	6.60417637539952e-6	3.45724223901622e-6	5.0528244699237765e-6	3.0813249386464713e-6
3786	-5.327453660877371e-6	-8.031328670595879e-7	-2.1075402085976308e-6	4.320247724398634e-6
3787	-2.5129671001563314e-6	-3.005277270664708e-6	-3.0618918173903404e-6	-6.958253880978238e-6
3788	7.174148727188527e-6	3.0457927991914645e-6	4.622175878769986e-6	1.7438998626906343e-6
3789	-2.9413245878338955e-6	8.807049441223234e-7	-9.84853504869735e-7	5.542077656026317e-6
3790	-4.869240863332921e-6	-3.825631522332254e-6	-3.5896228321888224e-6	-6.676945612008085e-6
3791	6.58968216848128e-6	1.9110000709851942e-6	3.975276013445413e-6	2.550834262020469e-7
3792	-1.6430747816357903e-7	2.5512339676529306e-6	7.27544719420517e-8	6.5587830076317295e-6
3793	-6.377789661766695e-6	-3.894150141496491e-6	-3.848300177705758e-6	-6.057231071063987e-6
3794	4.9788440319260305e-6	2.4704591191420766e-7	3.166264886590936e-6	-1.3176544029647166e-6
3795	2.534450989056144e-6	3.8563081838303205e-6	1.0033462726658313e-6	7.308088286657668e-6
3796	-6.8163423650345425e-6	-3.147032015656096e-6	-3.842535689871946e-6	-5.119734098340699e-6
3797	2.639545093096373e-6	-1.6413391849974932e-6	2.2555510087235468e-6	-2.893085842802252e-6
3798	4.715758254573875e-6	4.504648967117336e-6	1.7549288762155267e-6	7.742429695351576e-6
3799	-6.152022621765929e-6	-1.6804368055661007e-6	-3.587656645396631e-6	-3.904010395080427e-6
3800	-1.2093783731361666e-8	-3.3958908858238245e-6	1.307891388914208e-6	-4.3902739387987735e-6
3801	6.047579435183232e-6	4.312755005405512e-6	2.2943426777019387e-6	7.828363926242857e-6
3802	-4.535531992718422e-6	2.665906779125713e-7	-3.1187690910630175e-6	-2.4667463549533587e-6
3803	-2.5300201498477026e-6	-4.660736799196082e-6	3.898776738559525e-7	-5.7314387785009545e-6
3804	6.349347025347544e-6	3.255359770426805e-6	2.5996653534066117e-6	7.557897608442783e-6
3805	-2.27745464110276e-6	2.349021150274977e-6	-2.478046385365042e-6	-8.749518690161661e-7
3806	-4.511130497640112e-6	-5.144847488766663e-6	-4.316847324288039e-7	-6.854958793620664e-6
3807	5.6136366027736176e-6	1.4745935493415601e-6	2.654084214364403e-6	6.935753534431286e-6
3808	2.1691116706366143e-7	4.179950995368149e-6	-1.7201111607265464e-6	7.961529316911432e-7
3809	-5.646542013095625e-6	-4.704241326116197e-6	-1.1047416067313945e-6	-7.693569032437015e-6
3810	4.008236531531734e-6	-7.321680489128621e-7	2.471389026195542e-6	5.985844220278229e-6
3811	2.5262800710131757e-6	5.3954025725512555e-6	-9.08457631288106e-7	2.463215942829758e-6
3812	-5.794134694268464e-6	-3.3585721931130448e-6	-1.5864861498233573e-6	-8.201375112596009e-6
3813	1.8506226976497018e-6	-2.9859717608395485e-6	2.075080890157328e-6	4.754162058982889e-6
3814	4.268836004311755e-6	5.723824862430963e-6	-1.1170072730018084e-7	4.048921763493565e-6
3815	-4.979320249852115e-6	-1.2952489331862346e-6	-1.8467494808415088e-6	-8.355228516614864e-6
3816	-4.618051553699472e-7	-4.879677279945398e-6	1.5095268996924676e-6	3.2982489656454595e-6
3817	5.184591791269957e-6	5.050590783993802e-6	6.064251793145728e-7	5.475356423926408e-6
3818	-3.3931427828291505e-6	1.1493365418596517e-6	-1.8757592433048325e-6	-8.14364761967693e-6
3819	-2.5248425925765477e-6	-6.044034046077018e-6	8.223176623152001e-7	1.6898857562427716e-6
3820	5.157535649569214e-6	3.4378360161935146e-6	1.193760679828588e-6	6.6744712730012744e-6
3821	-1.3574829670598205e-6	3.552241106852727e-6	-1.677763755217972e-6	-7.580573912277298e-6
3822	-3.992759964428982e-6	-6.221110339922052e-6	7.228031068732481e-8	-1.9391351171592092e-9
3823	4.253308681303318e-6	1.1228850013200637e-6	1.6055782425239034e-6	7.594757714957246e-6
3824	7.352024549675075e-7	5.482238109844162e-6	-1.2718655466742823e-6	-6.688708927156825e-6
3825	-4.6456393078898805e-6	-5.331892534376965e-6	-6.751457241757026e-7	-1.7042940607934422e-6
3826	2.6930342451570665e-6	-1.5133303102054451e-6	1.806026014339607e-6	8.195775432499772e-6
3827	2.5117077771233163e-6	6.575950951191208e-6	-6.872812221693986e-7	-5.513001235839827e-6
3828	-4.430622478764612e-6	-3.479634721577784e-6	-1.3574221021141896e-6	-3.3345129699406427e-6
3829	8.086512175058446e-7	-4.023850091259136e-6	1.7774961903814088e-6	8.446442232767828e-6
3830	3.674593249597718e-6	6.609451868283225e-6	2.732920352196945e-8	-4.1049814257188095e-6
3831	-3.4470917347618827e-6	-9.585974757700424e-7	-1.918336761708693e-6	-4.814453419891362e-6
3832	-1.0327286094239565e-6	-5.971766015671532e-6	1.5196286300324635e-6	8.331958669548043e-6
3833	4.057356036932828e-6	5.536180094141568e-6	8.156382985842078e-7	-2.528593033840593e-6
3834	-1.932621196162496e-6	1.8252783252337594e-6	-2.309221526326402e-6	-6.075984116315022e-6
3835	-2.499566726099552e-6	-7.001434192610986e-6	1.0431569877154717e-6	7.861540772331965e-6
3836	3.6505520070328106e-6	3.497795820164127e-6	1.6146455141977448e-6	-8.624332233667812e-7
3837	-2.1481714222724345e-7	4.409655968467578e-6	-2.4886185281965867e-6	-7.0642912440516125e-6
3838	-3.3409611899484914e-6	-6.913144496259715e-6	3.7572413563920224e-7	7.064038503847858e-6
3839	2.588167741795706e-6	8.165478797449235e-7	2.362925731325335e-6	8.18526463732745e-7
3840	1.3631187336082683e-6	6.358836633725621e-6	-2.430969992721104e-6	-7.732363299365878e-6
3841	-3.4418834294559307e-6	-5.686897012792773e-6	-4.3518041612740623e-7	5.970812820195211e-6
3842	1.1223375490246497e-6	-2.078129657077837e-6	2.9899841480270456e-6	2.4320197472074984e-6
3843	2.5032248984447435e-6	7.3300126367923136e-6	-2.126828173348796e-6	-8.054658889322215e-6
3844	-2.836362556757055e-6	-3.499299383971857e-6	-1.3408249508326836e-6	4.647504986662576e-6
3845	-4.21184152407829e-7	-4.717312239237471e-6	3.448617681900033e-6	3.902364991116589e-6
3846	3.005849961204776e-6	7.13982672104561e-6	-1.5839856992506147e-6	-8.022243776118275e-6
3847	-1.6932525903199272e-6	-6.91444731400529e-7	-2.2772334298424954e-6	3.1623879279528866e-6
3848	-1.7217403336954368e-6	-6.655315561671398e-6	3.6898463452563622e-6	5.1603460725006945e-6
3849	2.8109634312419074e-6	5.787176943353134e-6	-8.311944432452342e-7	-7.642398226229896e-6
3850	-2.7790521920241165e-7	2.2823792491079564e-6	-3.177371571623824e-6	1.5871844814209224e-6
3851	-2.518950805493451e-6	-7.563995164816737e-6	3.683790753258051e-6	6.156838459919125e-6
3852	1.9929616310208803e-6	3.480296526865716e-6	9.931996637483026e-8	-6.943647909854991e-6
3853	1.0862184518045295e-6	4.938228279201172e-6	-3.9744655757173395e-6	-6.397205912351354e-9
3854	-2.663687672784336e-6	-7.275488343231775e-6	3.406148875469426e-6	6.849167166071183e-6
3855	7.582089374000575e-7	5.877514332920204e-7	1.158621719530091e-6	-5.964886033615297e-6
3856	2.0956411276824287e-6	6.8415928207062015e-6	-4.605433739243827e-6	-1.5374206278744515e-6
3857	-2.1541303126754483e-6	-5.818128241777868e-6	2.86146054414668e-6	7.209741543489518e-6
3858	-5.994944222768513e-7	-2.428786091761147e-6	2.2793902363232933e-6	-4.766776783507655e-6
3859	2.5362714014940143e-6	7.678554326549218e-6	-5.01592067220573e-6	-2.930769335075577e-6
3860	-1.1230346987985644e-6	-3.424672685859734e-6	2.0666251361628213e-6	7.233838617037146e-6
3861	-1.7690874463235932e-6	-5.073024927878731e-6	3.3917117419067977e-6	-3.4131596652123273e-6
3862	2.3222682949591252e-6	7.2981926037535775e-6	-5.1636509659662995e-6	-4.126822238437033e-6
3863	1.900611378598356e-7	-4.810148137684739e-7	1.0553033556417036e-6	6.929811915933093e-6
3864	-2.4818674697496847e-6	-6.919248079922584e-6	4.424411797769751e-6	-1.971850202625599e-6
3865	1.5075291047859617e-6	5.7582478261503075e-6	-5.024355293510237e-6	-5.071649438879512e-6
3866	1.4837893889870745e-6	2.5313184080415263e-6	-1.2655853040575721e-7	6.322623479910847e-6
3867	-2.5676169065861764e-6	-7.668577055835297e-6	5.315932905687828e-6	-5.179160168430148e-7
3868	2.6450227795384753e-7	3.312583764542153e-6	-4.584474777640674e-6	-5.72871885249403e-6
3869	2.459950917756875e-6	5.122690463096972e-6	-1.4243823487048602e-6	5.45324541004753e-6
3870	-1.999815059535876e-6	-7.201147736481266e-6	5.999291830442134e-6	8.737874458601448e-7
3871	-1.127857092285774e-6	3.6574675968632597e-7	-3.847919865442903e-6	-6.065716262757443e-6
3872	2.879344063042878e-6	6.885300917900418e-6	-2.766410517964784e-6	4.375164187858151e-6
3873	-8.834263509406044e-7	-5.602961488456722e-6	6.420289737363855e-6	2.1264583107728994e-6
3874	-2.361998259061185e-6	-2.5978625236746844e-6	-2.8427387715635234e-6	-6.075077917888807e-6
3875	2.6219754163877334e-6	7.54245887957161e-6	-4.075897720899493e-6	3.158637216584538e-6
3876	5.60191642193913e-7	-3.1446330935973908e-6	6.534773297875037e-6	3.1741306602986224e-6
3877	-3.1484987312125356e-6	-5.103489024510148e-6	-1.6107792538257196e-6	-5.7769765174474055e-6
3878	1.7073735980019036e-6	7.001082731584657e-6	-5.272858472448772e-6	1.882567416137443e-6
3879	2.0322698548654696e-6	-2.3747831671990536e-7	6.319935606218059e-6	3.971584826588335e-6
3880	-3.2765116253722193e-6	-6.761529308538287e-6	-2.0551061120116843e-7	-5.2118100460411785e-6
3881	2.9414074632347015e-7	5.3643182069982756e-6	-6.284270494545815e-6	6.247595592353954e-7
3882	3.2023918378342224e-6	2.644590578841624e-6	5.7722803198069616e-6	4.487145120418906e-6
3883	-2.6740619781816414e-6	-7.31999681585621e-6	1.3032236878631926e-6	-4.425375962930726e-6
3884	-1.348840815252839e-6	2.9156679770048693e-6	-7.04626536262402e-6	-5.451446842841537e-7
3885	3.792809906509694e-6	5.038774401286727e-6	4.909711939784556e-6	4.7066150084177145e-6
3886	-1.4165869721909749e-6	-6.704676174867266e-6	2.8358586853142693e-6	-3.4750473363869784e-6
3887	-2.8849063870482107e-6	7.40653978357611e-8	-7.510246142872122e-6	-1.5628659608898596e-6
3888	3.630816123289443e-6	6.571382307333549e-6	3.7622416891655925e-6	4.639054641773271e-6
3889	2.817593529519552e-7	-5.039087412371967e-6	4.3113481284051e-6	-2.4316240257688335e-6
3890	-3.98612263953955e-6	-2.6908779850843056e-6	-7.638333521747103e-6	-2.377339790668543e-6
3891	2.6965897112027066e-6	7.009828540796377e-6	2.3753885089178754e-6	4.314835835483304e-6
3892	2.1031051321840143e-6	-2.623677314980239e-6	5.65675327034369e-6	-1.3647623765642624e-6
3893	-4.387201362034602e-6	-4.931236249913489e-6	-7.4121142695135185e-6	-2.955115185303665e-6
3894	1.1215058924959085e-6	6.3068460470116e-6	8.138795458666722e-7	3.7663303350766153e-6
3895	3.6944847822662043e-6	1.1517486218000137e-7	6.792926525955597e-6	-3.428204459287507e-7
3896	-3.9564415793349584e-6	-6.292831220373234e-6	-6.830340456278441e-6	-3.2732030879672144e-6
3897	-8.363658803973109e-7	4.622542192853467e-6	-8.467959158701416e-7	3.043684775256628e-6
3898	4.725549396935426e-6	2.715799980105035e-6	7.659851857796241e-6	5.684338279310274e-7
3899	-2.7135248561218943e-6	-6.5864682853257015e-6	-5.910787497572007e-6	-3.3272139602545774e-6
3900	-2.820406944676631e-6	2.2745646103602575e-6	-2.5261006021501863e-6	2.205507256626825e-6
3901	4.94441328778556e-6	4.760676835291789e-6	8.204431582054702e-6	1.3136584059249644e-6
3902	-8.402903888563996e-7	-5.810475091216298e-6	-4.693575930563175e-6	-3.131634583129124e-6
3903	-4.455135153066423e-6	-3.183868262881396e-7	-4.140868846650194e-6	1.3232747708576332e-6
3904	4.257118517524907e-6	5.933579004954522e-6	8.392250373288517e-6	1.8490949684201054e-6
3905	1.3491980992330689e-6	-4.135050206532816e-6	-3.2280368698880705e-6	-2.7246087607837233e-6
3906	-5.405125476422338e-6	-2.7204605631263225e-6	-5.613570689462804e-6	4.6988401467933337e-7
3907	2.7309662916343345e-6	6.079396836901789e-6	8.206923701532406e-6	2.1525814307162444e-6
3908	3.4751737456865386e-6	-1.885589710871869e-6	-1.581674574276399e-6	-2.14553684739068e-6
3909	-5.453580279895292e-6	-4.5370677617178735e-6	-6.867624020314747e-6	-2.985894725720491e-7
3910	5.902306610095989e-7	5.2280532200969574e-6	7.648026464684397e-6	2.213309514320023e-6
3911	5.145908205760207e-6	5.2960274401332e-7	1.6933210530247516e-7	-1.4481769143984664e-6
3912	-4.534417067350915e-6	-5.493859534488958e-6	-7.83928086499454e-6	-9.235702631578426e-7
3913	-1.8140895427580755e-6	3.57786068275485e-6	6.737128963788824e-6	2.0416297818930603e-6
3914	6.028374022658405e-6	2.6969035361284755e-6	1.944864369372753e-6	-7.008813242521517e-7
3915	-2.7491004929844333e-6	-5.48071025577304e-6	-8.478461861102832e-6	-1.3595956061060305e-6
3916	-4.071642345755052e-6	1.451633859127236e-6	5.514463648069497e-6	1.6634290135466096e-6
3917	5.921531049411795e-6	4.256732834393729e-6	3.65340046091827e-6	3.335300942250652e-8
3918	-3.6628388219692004e-7	-4.560798580210157e-6	-8.746225042489288e-6	-1.5780622096642638e-6
3919	-5.774697394941614e-6	-7.542481761591721e-7	4.0352042892723775e-6	1.1177075762686721e-6
3920	4.786808170686222e-6	4.9787269868420335e-6	5.216537861086952e-6	6.865566579590125e-7
3921	2.236195435585962e-6	-2.9453688828468366e-6	-8.629951252601117e-6	-1.5689571263569533e-6
3922	-6.594801724600915e-6	-2.649201593873695e-6	2.3664995088518378e-6	4.639035762145932e-7
3923	2.7599653229352705e-6	4.79190847835377e-6	6.558563868724979e-6	1.2048864208694956e-6
3924	4.617016102427956e-6	-9.667489014385151e-7	-8.133371405867564e-6	-1.3413099462465368e-6
3925	-6.34341170554749e-6	-3.914833561638549e-6	5.902082848060747e-7	-2.3352436949865288e-7
3926	1.4642236913635394e-7	3.7962879732743026e-6	7.611948441004275e-6	1.547297508547695e-6
3927	6.347270204298463e-6	9.963541785379848e-7	-7.2760102430011345e-6	-9.19995352913888e-7
3928	-5.003994341786846e-6	-4.37484615892038e-6	-1.2139842351966646e-6	-9.142961281152375e-7
3929	-2.625108426567361e-6	2.2281291449675244e-6	8.327915229644198e-6	1.6827945436044673e-6
3930	7.098083339152894e-6	2.581796334825983e-6	-6.101893266959423e-6	-3.4004078913076624e-7
3931	-2.7614894842104586e-6	-4.006466286589719e-6	-2.95508453826539e-6	-1.5268937865296665e-6
3932	-5.093679775652811e-6	4.265343723453291e-7	8.676649464305484e-6	1.5978021337842119e-6
3933	6.703045716865072e-6	3.5239701006790286e-6	-4.671448722304851e-6	3.538845392357199e-7
3934	3.8967526926701296e-8	-2.944524729706112e-6	-4.548052728195432e-6	-2.0188903229638355e-6
3935	-6.826974040863884e-6	-1.2518300165944726e-6	8.641390567968267e-6	1.296791911695196e-6
3936	5.186538038278424e-6	3.7025193558302055e-6	-3.051347657141971e-6	1.101272656745277e-6
3937	2.941256407686371e-6	-1.4519088047741508e-6	-5.9194328007555415e-6	-2.3396343666920072e-6
3938	-7.504241866759033e-6	-2.4899083062824316e-6	8.225755252585786e-6	7.957618286444782e-7
3939	2.766393280826034e-6	3.1468626455626503e-6	-1.3199834631846643e-6	1.8469703814493077e-6
3940	5.464517517586156e-6	1.42699476872601e-7	-7.009764374380533e-6	-2.457872022321847e-6
3941	-6.982444833553818e-6	-3.088661069847122e-6	7.453984642014206e-6	1.236247222352741e-7
3942	-1.769079060582387e-7	2.033079048521462e-6	4.315960646567505e-7	2.5341552095469256e-6
3943	7.182436569332265e-6	1.5111123918686348e-6	-7.768573065400718e-6	-2.348480413533267e-6
3944	-5.319317676826819e-6	-2.984281726954506e-6	6.3742744183710846e-6	-6.775982614379396e-7
3945	-3.168775438117274e-6	6.353982559014557e-7	2.121205941270402e-6	3.1061125608222717e-6
3946	7.78475500195368e-6	2.39603228183872e-6	-8.168747469842476e-6	-2.007014642769288e-6
3947	-2.7623041470114673e-6	-2.252961026254216e-6	5.043257418720752e-6	-1.5557672004523556e-6
3948	-5.716743345487785e-6	-7.378019499948959e-7	3.668567542374398e-6	3.508754340086192e-6
3949	7.154817372992297e-6	2.6473222288380732e-6	-8.197453803125086e-6	-1.4406154750938038e-6
3950	2.8102401585145887e-7	-1.0934716899703608e-6	3.536223929047301e-6	-2.451324085220626e-6
3951	-7.402816578914864e-6	-1.7925392370318526e-6	5.003436421896343e-6	3.6968868345836227e-6
3952	5.375229581226875e-6	2.254465314299837e-6	-7.864487066817101e-6	-6.784415732594363e-7
3953	3.3258782847648527e-6	2.1072926722566228e-7	1.929263974733419e-6	-3.3018594480232294e-6
3954	-7.937599215135175e-6	-2.312800809132133e-6	6.0677922830741304e-6	3.6507287258901625e-6
3955	2.721255092840581e-6	1.3390391277373125e-6	-7.19568343226392e-6	2.3826497432014506e-7
3956	5.874661954138557e-6	1.3616031334876056e-6	3.0068594573564386e-7	-4.0486993120093825e-6
3957	-7.213882040326427e-6	-2.2126148234357755e-6	6.8161869257067185e-6	3.3537314021275775e-6
3958	-3.837642649539057e-7	1.3360888633978237e-7	-6.233840798297684e-6	1.263825502744575e-6
3959	7.509157081306359e-6	2.101070375432915e-6	-1.2695951359336102e-6	-4.634198594745196e-6
3960	-5.342377462251319e-6	-1.5310699455953259e-6	7.22744072356989e-6	2.8063611886725503e-6
3961	-3.4356520426429127e-6	-1.0770243786794758e-6	-5.042110609321737e-6	2.340928168867569e-6
3962	7.960773193404638e-6	2.259655133176011e-6	-2.703941166609244e-6	-5.010235862441077e-6
3963	-2.6290831274233863e-6	-4.3182232576828543e-7	7.293443851166963e-6	2.026629937754479e-6
3964	-5.939478859620941e-6	-2.0058377599430867e-6	-3.690554968483709e-6	3.406584072562428e-6
3965	7.151164956818549e-6	1.8025306538667352e-6	-3.93445037129066e-6	-5.140960467419566e-6
3966	4.867959763274204e-7	8.239602079641538e-7	7.025346634231607e-6	1.047143779809474e-6
3967	-7.500395833196172e-6	-2.42607798161301e-6	-2.2467104394755017e-6	4.394678279263255e-6
3968	5.218090623478512e-6	8.278174659282599e-7	-4.9148713510673096e-6	-5.0044735442628105e-6
3969	3.501541175803365e-6	1.939158611742106e-6	6.4463068840333015e-6	-8.408948535305403e-8
3970	-7.863178377292906e-6	-2.221082466867222e-6	-7.826466329744325e-7	5.24686991930085e-6
3971	2.4867118361964007e-6	-4.52532993816441e-7	-5.604993002123542e-6	-4.593375196478745e-6
3972	5.928643948543529e-6	2.6419952104538145e-6	5.602083974261485e-6	-1.3213171821521479e-6
3973	-6.978077345227474e-6	-1.4123214146692047e-6	6.210725151775375e-7	5.912651959777172e-6
3974	-5.948956123024221e-7	-1.7520534186157804e-6	-5.981955217188875e-6	-3.912390860372414e-6
3975	7.385686010988615e-6	2.740994057295738e-6	4.5498158305096505e-6	-2.60706748427856e-6
3976	-5.010363314341096e-6	-1.5075713308571797e-7	1.8900345081719106e-6	6.344344140087093e-6
3977	-3.524822992775315e-6	-2.7678215764456214e-6	-6.036395466349993e-6	-2.9757557261610617e-6
3978	7.64968437663386e-6	2.177924600276037e-6	3.3549946584396046e-6	-3.869244071650755e-6
3979	-2.295586744980952e-6	1.3040074053465258e-6	2.9643156498544056e-6	6.494827327044326e-6
3980	-5.835427720642703e-6	-3.2485255332792397e-6	-5.782845120089717e-6	-1.8163393388354418e-6
3981	6.693443633663529e-6	1.032369241775114e-6	2.0864947705470496e-6	-5.033980083839492e-6
3982	7.127970764360468e-7	2.6412068902418046e-6	3.793027048677913e-6	6.3399053226358216e-6
3983	-7.16353159290819e-6	-3.0482352494732222e-6	-5.251439358836273e-6	-4.8680754216893e-7
3984	4.705412971638646e-6	-4.920964647012147e-7	8.256401449367173e-7	-6.0422131038474735e-6
3985	3.520641627503899e-6	3.5606828936465675e-6	4.341289742189135e-6	5.874231016573411e-6
3986	-7.310719464723075e-6	-2.1537121853975933e-6	-4.490001362244022e-6	9.540231895182614e-7
3987	2.036069504720449e-6	-2.1058357324306915e-6	-3.5383494903752826e-7	-6.836041186423827e-6
3988	5.675975225906047e-6	3.835716318033548e-6	4.598147067529848e-6	5.105105901354695e-6
3989	-6.290607014707523e-6	-6.919949229073144e-7	-3.55789699466103e-6	2.4349934803474563e-6
3990	-8.550375469515347e-7	-3.4841391053993393e-6	-1.389264028540027e-6	-7.3555415670163035e-6
3991	6.844419278719449e-6	3.354010389678276e-6	4.570147878653268e-6	4.05395529409921e-6
3992	-4.310564152038977e-6	1.09178780552017e-6	-2.5212319984098504e-6	3.881852840925362e-6
3993	-3.486663120084835e-6	-4.32318106345683e-6	-2.229702088694016e-6	-7.5655711825724044e-6
3994	6.865890331027212e-6	2.144395423426217e-6	4.271585332019609e-6	2.7649121652188335e-6
3995	-1.733810098716485e-6	2.871669823497269e-6	-1.451944028630613e-6	5.224780577658349e-6
3996	-5.443455064365872e-6	-4.407787541139996e-6	-2.8336181683181207e-6	-7.4396685991547676e-6
3997	5.7947907443435696e-6	3.755845425613446e-7	3.7411455642201843e-6	1.2881146740898292e-6
3998	9.90301132459149e-7	4.292476520820692e-6	-4.211832668506617e-7	6.392878151696614e-6
3999	-6.427802930053475e-6	-3.6568319882907757e-6	-3.1801698208364428e-6	-6.9697936349389624e-6
4000	3.850597201751104e-6	-1.654421849645064e-6	3.027379374546786e-6	-3.0923002691839903e-7
4001	3.4057558461087122e-6	5.04845977370725e-6	5.061962068704781e-7	7.3222092962983434e-6
4002	-6.322772242032521e-6	-2.1441793355383287e-6	-3.2624414336680953e-6	-6.167058029077556e-6
4003	1.4015744009823468e-6	-3.5784599263038847e-6	2.1925454908153046e-6	-1.951134215906675e-6
4004	5.128090753106788e-6	4.946693037390813e-6	1.2736326189963832e-6	7.950894210587607e-6
4005	-5.202993395530937e-6	-9.577747512268135e-8	-3.0911833893971487e-6	-5.053385377345967e-6
4006	-1.1182208102636174e-6	-5.028011168254315e-6	1.3035231761482758e-6	-3.5595785523360136e-6
4007	5.9083401227160405e-6	3.940764520796816e-6	1.8417296445951976e-6	8.236264081122947e-6
4008	-3.3165091690527194e-6	2.153092456468188e-6	-2.697744306884513e-6	-3.6756791727399198e-6
4009	-3.2820555979391186e-6	-5.700226992573443e-6	4.25940088769221e-7	-5.052065041757976e-6
4010	5.67424146016705e-6	2.1516211586906946e-6	2.180569907874663e-6	8.155411927044577e-6
4011	-1.0298116852622103e-6	4.206831441349146e-6	-2.119788329489091e-6	-2.0993459203778577e-6
4012	-4.7496857123617266e-6	-5.426310170261586e-6	-3.791400998641955e-7	-6.351724820233309e-6
4013	4.5291869181403245e-6	-1.5225724844520516e-7	2.279801879703805e-6	7.703697496154677e-6
4014	1.2491655281936886e-6	5.678781602159613e-6	-1.4136470792716224e-6	-3.9601833177958313e-7
4015	-5.32026950018281e-6	-4.193209555406127e-6	-1.0541740844375855e-6	-7.387082569470473e-6
4016	2.727796980473519e-6	-2.5960401318174963e-6	2.1425105431372694e-6	6.89667488313638e-6
4017	3.1352349876797702e-6	6.275290194499862e-6	-6.393438653412848e-7	1.3519130512071732e-6
4018	-4.958501414092582e-6	-2.1537703283426176e-6	-1.551845449845236e-6	-8.102784515822857e-6
4019	6.247500754920986e-7	-4.761229849785982e-6	1.789681556132792e-6	5.763911909681203e-6
4020	4.336482518672799e-6	5.8434243713055504e-6	1.4095985348769778e-7	3.0577599234220517e-6
4021	-3.7932279951832547e-6	3.792123378632577e-7	-1.8430302805002288e-6	-8.451259911039452e-6
4022	-1.399873891674216e-6	-6.252251280453097e-6	1.2554491790918193e-6	4.358275188817811e-6
4023	4.693120315886499e-6	4.3984833564929356e-6	8.655214884949772e-7	4.631542105078298e-6
4024	-2.086703779598916e-6	2.9978648315129857e-6	-1.9072114024381248e-6	-8.409794951870409e-6
4025	-2.9985418804445314e-6	-6.775486925214942e-6	5.849694259054991e-7	2.7478725307575724e-6
4026	4.203857579829787e-6	2.1378434562666275e-6	1.4799738960894765e-6	5.988532058806797e-6
4027	-1.8081658248107307e-7	5.255355404932776e-6	-1.741135500357836e-6	-7.981453108832073e-6
4028	-3.9166688823345286e-6	-6.196575275077029e-6	-1.6756077261355183e-7	1.0167520651707115e-6
4029	3.0178837157370595e-6	-5.915650112488214e-7	1.9328781144313576e-6	7.062141175529171e-6
4030	1.5655050864589145e-6	6.74835572708331e-6	-1.355464436474113e-6	-7.192072801524808e-6
4031	-4.041374537566475e-6	-4.56095001885243e-6	-9.40714127083428e-7	-7.41868157795261e-7
4032	1.4139308516781862e-6	-3.353299565709866e-6	2.182091026370487e-6	7.80297323079971e-6
4033	2.846843614827895e-6	7.195587835073401e-6	-7.809436106135293e-7	-6.086035106309114e-6
4034	-3.4104549939453026e-6	-2.1045655860320526e-6	-1.669118241463241e-6	-2.4407567749791253e-6
4035	-2.76414058673084e-7	-5.680063871032402e-6	2.2044985865427342e-6	8.17542932561428e-6
4036	3.4592039015927044e-6	6.476363559288616e-6	-5.932052471316725e-8	-4.719450970112611e-6
4037	-2.20484837776297e-6	7.949580831179069e-7	-2.294554152711812e-6	-3.9959678982878215e-6
4038	-1.7251031362589803e-6	-7.161886098773642e-6	1.9915764600027197e-6	8.168487797005268e-6
4039	3.3365979598748926e-6	4.6657423741305446e-6	7.555185830300574e-7	-3.1682504839944547e-6
4040	-7.109589991351989e-7	3.6695695971885336e-6	-2.7608083145201047e-6	-5.335287217485724e-6
4041	-2.6657099903474484e-6	-7.524194059216916e-6	1.5494839099076938e-6	7.788472435308965e-6
4042	2.558503913241847e-6	2.041236557630201e-6	1.604804898107665e-6	-1.5067964559985202e-6
4043	7.481932594478563e-7	6.032197832730379e-6	-3.0199323738346655e-6	-6.396610266755198e-6
4044	-2.9511500345370325e-6	-6.667759523367476e-6	9.00824566304308e-7	7.062781956571245e-6
4045	1.3376504124137614e-6	-9.85430379036588e-7	2.4211426984896224e-6	1.7480674770147036e-7
4046	1.8772274156516945e-6	7.475622157440108e-6	-3.0449459213805824e-6	-7.132450897673973e-6
4047	-2.5653377680678406e-6	-4.713852499848424e-6	8.451587921415546e-8	6.036937407084112e-6
4048	-3.5380953057820487e-8	-3.924226549376763e-6	3.144895844481578e-6	1.7926616549846123e-6
4049	2.458361778495781e-6	7.747302458204728e-6	-2.8216975997894964e-6	-7.513749155600296e-6
4050	-1.6403474001317492e-6	-1.966743518893633e-6	-8.464571299188262e-7	4.766850233617596e-6
4051	-1.2490873174507726e-6	-6.2868021479664146e-6	3.7088252089196973e-6	3.265457615201414e-6
4052	2.4061476481262255e-6	6.782337507268832e-6	-2.3502329948756114e-6	-7.528551886237826e-6
4053	-4.147863954012823e-7	1.1385087910938091e-6	-1.8323570140021645e-6	3.3277130929935328e-6
4054	-2.0442665755980095e-6	-7.68215692776929e-6	4.06750779098244e-6	4.521169350384492e-6
4055	1.7602427089802632e-6	4.723687766012802e-6	-1.6490501039565932e-6	-7.196447397588407e-6
4056	8.213369224365267e-7	4.099270992890921e-6	-2.8076009828433195e-6	1.802760833188038e-6
4057	-2.2580664823389116e-6	-7.874023347937095e-6	4.186707802899213e-6	5.5051140109897265e-6
4058	6.913109042464493e-7	1.9009358986732308e-6	-7.515713386490833e-7	-6.543735567831974e-6
4059	1.7815508555426596e-6	6.434159766281784e-6	-3.707100592340317e-6	2.7137143524828615e-7
4060	-1.8608668060756963e-6	-6.820664567346826e-6	4.044317642955481e-6	6.1786191857858095e-6
4061	-5.396930012685067e-7	-1.2385097433992432e-6	2.913118763034883e-7	-5.61829007712771e-6
4062	2.237876043635287e-6	7.764966486880953e-6	-4.462927425054381e-6	-1.1863140444541427e-6
4063	-9.497365197250771e-7	-4.6892114297929344e-6	3.6312885098471172e-6	6.518922758519444e-6
4064	-1.6423013714847124e-6	-4.185414654184936e-6	1.4235920321475977e-6	-4.479360668420873e-6
4065	2.0835540786009173e-6	7.87479158035123e-6	-5.022434809246533e-6	-2.4963349699776486e-6
4066	2.6605054912461047e-7	-1.8258235028257045e-6	2.96059741496122e-6	6.524138090608264e-6
4067	-2.34525189658948e-6	-6.461294255371786e-6	2.5790993397393736e-6	-3.198238523379236e-6
4068	1.34569446067009e-6	6.747874430819212e-6	-5.344604384246779e-6	-3.595551393375694e-6
4069	1.5047341117191993e-6	1.3015393628449272e-6	2.0611740978913364e-6	6.211297924153476e-6
4070	-2.467578139323586e-6	-7.704154323410556e-6	3.696514509966178e-6	-1.8553452940997932e-6
4071	1.6672395375180754e-7	4.571072799859514e-6	-5.401744521552649e-6	-4.436981071173332e-6
4072	2.475625279495712e-6	4.187223538014181e-6	9.693268457427616e-7	5.620067703883719e-6
4073	-1.9521064248567784e-6	-7.724229796100327e-6	4.708465916731919e-6	-5.276213680808427e-7
4074	-1.2006525770118833e-6	1.710372197212299e-6	-5.172475512650123e-6	-4.994558345014405e-6
4075	2.9310671401644616e-6	6.369697915582258e-6	-2.6344870920354993e-7	4.800384038439155e-6
4076	-8.733016644997233e-7	-6.533485571437313e-6	5.5501928409311705e-6	7.182563939419812e-7
4077	-2.4549999679290967e-6	-1.3610290826913765e-6	-4.6509881156145675e-6	-5.2533179900695046e-6
4078	2.727970169473692e-6	7.505765889158031e-6	-1.5773596201437351e-6	3.804243026377875e-6
4079	5.728357085782762e-7	-4.345978116759282e-6	6.166544979216262e-6	1.8220728777398626e-6
4080	-3.3066516270000047e-6	-4.140041716042145e-6	-3.8509538504442274e-6	-5.2164831598795806e-6
4081	1.855434315657826e-6	7.435377244641861e-6	-2.9076858980822926e-6	2.696633784197826e-6
4082	2.0986385639355347e-6	-1.538784958820423e-6	6.51874506736227e-6	2.723237887757957e-6
4083	-3.526907958801116e-6	-6.183101844684963e-6	-2.801484379524647e-6	-4.904622920281721e-6
4084	4.4231262213067503e-7	6.197419930026277e-6	-4.185911256696419e-6	1.5538382688169622e-6
4085	3.376786000470145e-6	1.418448285365072e-6	6.571355553397598e-6	3.387059270841476e-6
4086	-3.0105611021070783e-6	-7.184699654251514e-6	-1.5437421904026465e-6	-4.357159463118277e-6
4087	-1.2643585749522097e-6	4.033304177329078e-6	-5.337503938871391e-6	4.4169255400532686e-7
4088	4.116477966261504e-6	4.0394709090923845e-6	6.305307889591937e-6	3.7896782858837796e-6
4089	-1.7939222578728033e-6	-7.02268438041904e-6	-1.3973107759510924e-7	-3.6164782799452707e-6
4090	-2.9397165277546398e-6	1.3239204168463522e-6	-6.2929716685634606e-6	-5.782558976183921e-7
4091	4.107684466309691e-6	5.915348569524499e-6	5.718132296887752e-6	3.92744676223045e-6
4092	-5.499078492226417e-8	-5.762689041374795e-6	1.3427567197312663e-6	-2.7429278122789564e-6
4093	-4.239571717355931e-6	-1.4747756812579698e-6	-7.000845511733086e-6	-1.4491540183900835e-6
4094	3.280766841357917e-6	6.777192089959473e-6	4.831992388257261e-6	3.80963904851605e-6
4095	1.9062055087064633e-6	-3.654927720735306e-6	2.8330913118958644e-6	-1.7950844981045277e-6
4096	-4.861302307547444e-6	-3.9065882179972355e-6	-7.411578955545348e-6	-2.1297486795183725e-6
