turn	x1	x2	y1	y2
1	1.087257e-5	4.723237e-7	1.022345e-5	-7.679844e-7
2	9.718191e-6	-1.293859e-7	1.090735e-5	2.685586e-7
3	9.420246e-6	-1.583959e-6	1.05091e-5	7.522485e-7
4	1.079587e-5	1.183008e-7	1.014263e-5	-6.970069e-7
5	1.005511e-5	2.949314e-7	1.085863e-5	6.758219e-8
6	9.243775e-6	-1.555802e-6	1.06284e-5	8.545279e-7
7	1.05908e-5	-3.313372e-7	1.008876e-5	-5.831568e-7
8	1.039506e-5	6.046328e-7	1.078702e-5	-1.328038e-7
9	9.205158e-6	-1.322931e-6	1.073524e-5	9.134328e-7
10	1.027838e-5	-8.044143e-7	1.006613e-5	-4.372522e-7
11	1.067264e-5	7.343993e-7	1.07019e-5	-3.162461e-7
12	9.304871e-6	-9.28729e-7	1.082368e-5	9.343283e-7
13	9.922187e-6	-1.206639e-6	1.008003e-5	-2.73848e-7
14	1.084151e-5	6.521201e-7	1.060418e-5	-4.790419e-7
15	9.52819e-6	-4.702073e-7	1.089361e-5	9.155268e-7
16	9.581201e-6	-1.482458e-6	1.0118e-5	-9.789274e-8
17	1.087199e-5	3.889549e-7	1.049625e-5	-6.121984e-7
18	9.85667e-6	-3.061459e-9	1.095448e-5	8.563527e-7
19	9.322995e-6	-1.58016e-6	1.017605e-5	8.183134e-8
20	1.07442e-5	-3.822544e-9	1.038079e-5	-7.022983e-7
21	1.021237e-5	3.903383e-7	1.099435e-5	7.557615e-7
22	9.177858e-6	-1.479713e-6	1.026232e-5	2.58165e-7
23	1.048286e-5	-4.619239e-7	1.02656e-5	-7.549763e-7
24	1.055602e-5	6.473681e-7	1.100593e-5	6.208781e-7
25	9.187735e-6	-1.193435e-6	1.036651e-5	4.261856e-7
26	1.013567e-5	-9.197817e-7	1.016143e-5	-7.624784e-7
27	1.081437e-5	7.219977e-7	1.098662e-5	4.624941e-7
28	9.348518e-6	-7.714299e-7	1.048377e-5	5.786003e-7
29	9.756254e-6	-1.304231e-6	1.007693e-5	-7.34291e-7
30	1.092562e-5	5.944799e-7	1.095073e-5	2.854932e-7
31	9.632645e-6	-2.816084e-7	1.059901e-5	7.055839e-7
32	9.431567e-6	-1.543826e-6	1.001676e-5	-6.65602e-7
33	1.088024e-5	2.696374e-7	1.089053e-5	9.576597e-8
34	9.994969e-6	1.828077e-7	1.070727e-5	7.99463e-7
35	9.221251e-6	-1.583905e-6	9.992393e-6	-5.630767e-7
36	1.067922e-5	-1.944008e-7	1.080253e-5	-8.478093e-8
37	1.035815e-5	5.55686e-7	1.081087e-5	8.602463e-7
38	9.145906e-6	-1.40312e-6	1.000064e-5	-4.392335e-7
39	1.035462e-5	-7.129819e-7	1.069366e-5	-2.543253e-7
40	1.066021e-5	7.535549e-7	1.090161e-5	8.86563e-7
41	9.231184e-6	-1.02663e-6	1.003722e-5	-2.919725e-7
42	9.983391e-6	-1.185254e-6	1.056844e-5	-4.078404e-7
43	1.084584e-5	7.318191e-7	1.09681e-5	8.70431e-7
44	9.461925e-6	-5.230324e-7	1.010646e-5	-1.236891e-7
45	9.637932e-6	-1.528592e-6	1.044277e-5	-5.33223e-7
46	1.088273e-5	4.748661e-7	1.100544e-5	8.130628e-7
47	9.795054e-6	-2.267177e-9	1.01947e-5	5.412358e-8
48	9.377935e-6	-1.673057e-6	1.032474e-5	-6.31426e-7
49	1.075181e-5	4.760547e-8	1.102069e-5	7.198953e-7
50	1.016516e-5	4.539156e-7	1.029282e-5	2.36666e-7
51	9.256141e-6	-1.584725e-6	1.022738e-5	-6.968771e-7
52	1.048121e-5	-4.853093e-7	1.100802e-5	5.905519e-7
53	1.048002e-5	7.643787e-7	1.039645e-5	4.16432e-7
54	9.278371e-6	-1.269199e-6	1.015753e-5	-7.162478e-7
55	1.013765e-5	-1.032872e-6	1.096968e-5	4.224587e-7
56	1.069163e-5	8.632563e-7	1.050555e-5	5.806897e-7
57	9.447447e-6	-7.763494e-7	1.010703e-5	-6.8948e-7
58	9.800073e-6	-1.485747e-6	1.09013e-5	2.302459e-7
59	1.076826e-5	7.025089e-7	1.061734e-5	7.181734e-7
60	9.722825e-6	-2.192216e-7	1.008488e-5	-6.195194e-7
61	9.525522e-6	-1.752137e-6	1.081351e-5	2.857584e-8
62	1.070355e-5	3.244156e-7	1.071542e-5	8.16635e-7
63	1.005439e-5	3.144613e-7	1.00872e-5	-5.024316e-7
64	9.364239e-6	-1.768008e-6	1.071397e-5	-1.74139e-7
65	1.050258e-5	-2.021971e-7	1.080237e-5	8.690174e-7
66	1.038457e-5	7.112161e-7	1.010787e-5	-3.384945e-7
67	9.349849e-6	-1.528382e-6	1.06069e-5	-3.648007e-7
68	1.020535e-5	-7.753968e-7	1.087365e-5	8.698215e-7
69	1.063374e-5	8.946964e-7	1.014882e-5	-1.415779e-7
70	9.467591e-6	-1.079587e-6	1.050605e-5	-5.385256e-7
71	9.858306e-6	-1.287082e-6	1.091726e-5	8.225631e-7
72	1.07546e-5	8.269983e-7	1.020829e-5	8.11467e-8
73	9.713956e-6	-5.033911e-7	1.041661e-5	-6.78033e-7
74	9.555782e-6	-1.634314e-6	1.092868e-5	7.23881e-7
75	1.071969e-5	5.110725e-7	1.028473e-5	3.0521e-7
76	1.002927e-5	6.186609e-8	1.034313e-5	-7.701263e-7
77	9.355645e-6	-1.745265e-6	1.091064e-5	5.78825e-7
78	1.053431e-5	2.76318e-8	1.037287e-5	5.191903e-7
79	1.034654e-5	5.210426e-7	1.028392e-5	-8.051964e-7
80	9.299345e-6	-1.609961e-6	1.086965e-5	3.946954e-7
81	1.023353e-5	-5.264293e-7	1.046972e-5	7.032522e-7
82	1.060643e-5	7.909354e-7	1.023578e-5	-7.775467e-7
83	9.401108e-6	-1.279535e-6	1.081687e-5	1.877905e-7
84	9.885228e-6	-1.058525e-6	1.056229e-5	8.511403e-7
85	1.075108e-5	8.330078e-7	1.02011e-5	-6.951744e-7
86	9.640322e-6	-8.038438e-7	1.076232e-5	-3.55736e-8
87	9.56737e-6	-1.466999e-6	1.063982e-5	9.524074e-7
88	1.0745e-5	6.591854e-7	1.018362e-5	-5.598943e-7
89	9.963598e-6	-2.675656e-7	1.070621e-5	-2.511704e-7
90	9.349361e-6	-1.692834e-6	1.070613e-5	9.972381e-7
91	1.059096e-5	3.02684e-7	1.017566e-5	-3.828305e-7
92	1.029568e-5	2.280681e-7	1.064734e-5	-4.557894e-7
93	9.28133e-6	-1.70012e-6	1.076565e-5	9.997212e-7
94	1.033652e-5	-1.68747e-7	1.017871e-5	-1.775489e-7
95	1.056197e-5	6.063742e-7	1.058322e-5	-6.428441e-7
96	9.356814e-6	-1.490445e-6	1.081665e-5	9.606855e-7
97	1.001659e-5	-6.807285e-7	1.020005e-5	4.078633e-8
98	1.070943e-5	8.021411e-7	1.052108e-5	-7.941632e-7
99	9.546749e-6	-1.115033e-6	1.084704e-5	8.736648e-7
100	9.712701e-6	-1.160501e-6	1.023585e-5	2.687413e-7
101	1.07395e-5	7.920309e-7	1.046531e-5	-9.057031e-7
102	9.81764e-6	-6.330654e-7	1.085949e-5	7.428523e-7
103	9.476496e-6	-1.52003e-6	1.028374e-5	4.912504e-7
104	1.064684e-5	5.717787e-7	1.040648e-5	-9.667683e-7
105	1.011725e-5	-1.183146e-7	1.086013e-5	5.746708e-7
106	9.342535e-6	-1.686386e-6	1.03416e-5	6.973983e-7
107	1.045639e-5	1.812416e-7	1.035034e-5	-9.712512e-7
108	1.039898e-5	3.448882e-7	1.084862e-5	3.700105e-7
109	9.331481e-6	-1.630496e-6	1.040484e-5	8.740394e-7
110	1.018747e-5	-3.10577e-7	1.030165e-5	-9.109385e-7
111	1.060954e-5	6.621853e-7	1.082774e-5	1.418687e-7
112	9.441199e-6	-1.360506e-6	1.047056e-5	1.01084e-6
113	9.892892e-6	-8.118228e-7	1.026502e-5	-7.989788e-7
114	1.071513e-5	7.759123e-7	1.079319e-5	-9.109462e-8
115	9.655268e-6	-9.516027e-7	1.053764e-5	1.099666e-6
116	9.619148e-6	-1.248079e-6	1.023664e-5	-6.44988e-7
117	1.071058e-5	6.856566e-7	1.075614e-5	-3.198887e-7
118	9.941863e-6	-4.592279e-7	1.059775e-5	1.144051e-6
119	9.418529e-6	-1.527512e-6	1.021813e-5	-4.541416e-7
120	1.058547e-5	4.07387e-7	1.071658e-5	-5.286369e-7
121	1.023393e-5	2.944343e-8	1.064995e-5	1.134573e-6
122	9.31685e-6	-1.60552e-6	1.021353e-5	-2.408151e-7
123	1.036784e-5	-9.697723e-9	1.066935e-5	-7.082644e-7
124	1.049606e-5	4.252282e-7	1.069528e-5	1.076915e-6
125	9.345719e-6	-1.470754e-6	1.022899e-5	-6.662064e-9
126	1.008811e-5	-4.93306e-7	1.06136e-5	-8.507268e-7
127	1.068441e-5	6.70022e-7	1.072931e-5	9.707058e-7
128	9.498213e-6	-1.162027e-6	1.025845e-5	2.205299e-7
129	9.786227e-6	-9.64737e-7	1.055779e-5	-9.393669e-7
130	1.074696e-5	7.286307e-7	1.075247e-5	8.219206e-7
131	9.745506e-6	-7.289842e-7	1.029505e-5	4.408649e-7
132	9.530148e-6	-1.349024e-6	1.050429e-5	-9.829394e-7
133	1.068761e-5	5.806889e-7	1.075711e-5	6.386671e-7
134	1.004654e-5	-2.507716e-7	1.034687e-5	6.401986e-7
135	9.369413e-6	-1.576066e-6	1.045484e-5	-9.703834e-7
136	1.051065e-5	2.521522e-7	1.074672e-5	4.348589e-7
137	1.033818e-5	2.093079e-7	1.040287e-5	8.081265e-7
138	9.321766e-6	-1.589527e-6	1.041675e-5	-9.134841e-7
139	1.023916e-5	-2.05271e-7	1.072429e-5	2.215045e-7
140	1.057102e-5	5.587605e-7	1.045616e-5	9.429529e-7
141	9.417233e-6	-1.384765e-6	1.039252e-5	-8.173172e-7
142	9.929299e-6	-7.156384e-7	1.069098e-5	3.404395e-9
143	1.070304e-5	7.383343e-7	1.050304e-5	1.043447e-6
144	9.638303e-6	-9.973048e-7	1.039107e-5	-6.795165e-7
145	9.63921e-6	-1.192581e-6	1.064629e-5	-2.174655e-7
146	1.071015e-5	6.999237e-7	1.05372e-5	1.100326e-6
147	9.940902e-6	-5.081137e-7	1.041353e-5	-5.146035e-7
148	9.428981e-6	-1.539048e-6	1.059912e-5	-4.251911e-7
149	1.05739e-5	4.600608e-7	1.055024e-5	1.118402e-6
150	1.026248e-5	8.079983e-9	1.045377e-5	-3.30538e-7
151	9.347291e-6	-1.685659e-6	1.055786e-5	-6.08568e-7
152	1.031344e-5	5.254387e-8	1.053938e-5	1.093477e-6
153	1.051914e-5	4.624036e-7	1.050634e-5	-1.23697e-7
154	9.40967e-6	-1.60383e-6	1.053183e-5	-7.646166e-7
155	9.989938e-6	-4.581263e-7	1.051844e-5	1.015174e-6
156	1.067759e-5	7.675161e-7	1.054994e-5	1.031912e-7
157	9.611e-6	-1.296363e-6	1.051719e-5	-8.795702e-7
158	9.674576e-6	-9.821246e-7	1.049216e-5	8.881475e-7
159	1.07057e-5	8.466443e-7	1.058687e-5	3.310257e-7
160	9.906745e-6	-8.353849e-7	1.051739e-5	-9.528674e-7
161	9.436671e-6	-1.424622e-6	1.045187e-5	7.244138e-7
162	1.060066e-5	6.923638e-7	1.06105e-5	5.541489e-7
163	1.023041e-5	-2.862852e-7	1.054293e-5	-9.841159e-7
164	9.314714e-6	-1.685713e-6	1.040455e-5	5.257918e-7
165	1.038123e-5	3.339685e-7	1.061861e-5	7.604783e-7
166	1.053222e-5	2.382221e-7	1.058392e-5	-9.636127e-7
167	9.331976e-6	-1.707561e-6	1.035425e-5	3.028207e-7
168	1.008423e-5	-1.705406e-7	1.061347e-5	9.362136e-7
169	1.074575e-5	6.305467e-7	1.063753e-5	-8.973189e-7
170	9.475892e-6	-1.484899e-6	1.031117e-5	6.992744e-8
171	9.749653e-6	-7.283039e-7	1.059338e-5	1.078399e-6
172	1.084292e-5	8.155508e-7	1.069852e-5	-7.82384e-7
173	9.743224e-6	-1.054911e-6	1.028058e-5	-1.702143e-7
174	9.448055e-6	-1.223201e-6	1.055579e-5	1.166489e-6
175	1.079258e-5	7.478995e-7	1.075877e-5	-6.180421e-7
176	1.008913e-5	-5.207821e-7	1.026725e-5	-4.040673e-7
177	9.231376e-6	-1.556414e-6	1.050156e-5	1.202914e-6
178	1.058561e-5	4.594694e-7	1.081888e-5	-4.115105e-7
179	1.044015e-5	1.857496e-8	1.027858e-5	-6.216872e-7
180	9.154676e-6	-1.663851e-6	1.043158e-5	1.182997e-6
181	1.02591e-5	1.105407e-8	1.087027e-5	-1.748286e-7
182	1.073386e-5	4.547811e-7	1.031101e-5	-8.065974e-7
183	9.253623e-6	-1.547892e-6	1.03553e-5	1.099798e-6
184	9.875354e-6	-5.202311e-7	1.08951e-5	7.814601e-8
185	1.090755e-5	6.995922e-7	1.038111e-5	-9.528582e-7
186	9.510953e-6	-1.221486e-6	1.026746e-5	9.704388e-7
187	9.514941e-6	-1.017722e-6	1.089509e-5	3.285358e-7
188	1.091971e-5	7.287733e-7	1.048023e-5	-1.048928e-6
189	9.879519e-6	-7.583186e-7	1.018001e-5	8.062889e-7
190	9.235944e-6	-1.399389e-6	1.086485e-5	5.618756e-7
191	1.076361e-5	5.562174e-7	1.059427e-5	-1.088273e-6
192	1.02893e-5	-2.519301e-7	1.010794e-5	6.155161e-7
193	9.115059e-6	-1.598728e-6	1.081375e-5	7.69478e-7
194	1.046343e-5	2.212244e-7	1.0706e-5	-1.083728e-6
195	1.064715e-5	2.124433e-7	1.005868e-5	4.103388e-7
196	9.162526e-6	-1.58198e-6	1.074213e-5	9.436085e-7
197	1.007178e-5	-2.206936e-7	1.081416e-5	-1.025633e-6
198	1.086998e-5	5.413687e-7	1.003844e-5	1.883153e-7
199	9.362987e-6	-1.365626e-6	1.064827e-5	1.083828e-6
200	9.688232e-6	-7.010179e-7	1.091066e-5	-9.179581e-7
201	1.093985e-5	6.82155e-7	1.005493e-5	-4.828787e-8
202	9.682754e-6	-9.914954e-7	1.053727e-5	1.179901e-6
203	9.381614e-6	-1.131529e-6	1.098426e-5	-7.617167e-7
204	1.084465e-5	6.156707e-7	1.009999e-5	-2.869618e-7
205	1.005508e-5	-5.238207e-7	1.042708e-5	1.227903e-6
206	9.201763e-6	-1.42757e-6	1.103077e-5	-5.647464e-7
207	1.061513e-5	3.731449e-7	1.01724e-5	-5.115768e-7
208	1.041906e-5	-4.736701e-8	1.031425e-5	1.226503e-6
209	9.167026e-6	-1.532058e-6	1.105598e-5	-3.391516e-7
210	1.028545e-5	-7.232197e-9	1.026894e-5	-7.090112e-7
211	1.070393e-5	3.461781e-7	1.019909e-5	1.176015e-6
212	9.279451e-6	-1.422007e-6	1.106479e-5	-1.025287e-7
213	9.919092e-6	-4.576319e-7	1.037851e-5	-8.598561e-7
214	1.086146e-5	5.68914e-7	1.009358e-5	1.078971e-6
215	9.521091e-6	-1.134491e-6	1.104868e-5	1.294445e-7
216	9.584589e-6	-9.057015e-7	1.050031e-5	-9.660806e-7
217	1.087486e-5	5.992627e-7	1.000579e-5	9.435131e-7
218	9.847373e-6	-7.212059e-7	1.10057e-5	3.476999e-7
219	9.336419e-6	-1.249528e-6	1.06268e-5	-1.016937e-6
220	1.074148e-5	4.447261e-7	9.937351e-6	7.702386e-7
221	1.019831e-5	-2.674761e-7	1.094331e-5	5.41318e-7
222	9.203379e-6	-1.430361e-6	1.074792e-5	-1.01029e-6
223	1.048225e-5	1.429337e-7	9.89591e-6	5.723935e-7
224	1.052145e-5	1.436812e-7	1.086229e-5	7.116866e-7
225	9.220135e-6	-1.415381e-6	1.085622e-5	-9.556885e-7
226	1.015035e-5	-2.457836e-7	9.88101e-6	3.587088e-7
227	1.075939e-5	4.33748e-7	1.076184e-5	8.46211e-7
228	9.379844e-6	-1.229033e-6	1.095939e-5	-8.628121e-7
229	9.796854e-6	-6.617881e-7	9.894405e-6	1.491404e-7
230	1.085363e-5	5.648459e-7	1.063928e-5	9.402129e-7
231	9.649739e-6	-9.020233e-7	1.105253e-5	-7.37399e-7
232	9.498002e-6	-1.040264e-6	9.933816e-6	-5.188594e-8
233	1.080402e-5	5.067692e-7	1.050624e-5	9.944239e-7
234	9.99123e-6	-4.981672e-7	1.11396e-5	-5.874496e-7
235	9.301805e-6	-1.318279e-6	9.989869e-6	-2.349924e-7
236	1.06145e-5	2.93579e-7	1.036488e-5	1.001324e-6
237	1.033503e-5	-7.472103e-8	1.120957e-5	-4.192952e-7
238	9.229342e-6	-1.434778e-6	1.007163e-5	-3.880243e-7
239	1.030758e-5	-4.503292e-8	1.022109e-5	9.722687e-7
240	1.061948e-5	2.896472e-7	1.126383e-5	-2.533399e-7
241	9.316322e-6	-1.368546e-6	1.017479e-5	-5.075753e-7
242	9.951135e-6	-4.538723e-7	1.007575e-5	9.200443e-7
243	1.078728e-5	5.351911e-7	1.129649e-5	-9.098931e-8
244	9.5472e-6	-1.128691e-6	1.029632e-5	-5.999491e-7
245	9.619213e-6	-8.712284e-7	9.934381e-6	8.380801e-7
246	1.08138e-5	5.986987e-7	1.130322e-5	7.035847e-8
247	9.880099e-6	-7.696585e-7	1.043656e-5	-6.592101e-7
248	9.357542e-6	-1.219585e-6	9.803166e-6	7.339652e-7
249	1.069032e-5	4.848978e-7	1.126983e-5	2.190549e-7
250	1.025444e-5	-3.397029e-7	1.060172e-5	-6.853752e-7
251	9.217813e-6	-1.435627e-6	9.690695e-6	6.109962e-7
252	1.042409e-5	2.134563e-7	1.118969e-5	3.555338e-7
253	1.058454e-5	8.919209e-8	1.079152e-5	-6.809434e-7
254	9.232825e-6	-1.4857e-6	9.611334e-6	4.696873e-7
255	1.006715e-5	-1.723754e-7	1.106192e-5	4.81234e-7
256	1.081573e-5	4.423964e-7	1.09822e-5	-6.47695e-7
257	9.411785e-6	-1.345318e-6	9.572308e-6	3.193344e-7
258	9.695443e-6	-6.21736e-7	1.090793e-5	5.79527e-7
259	1.089763e-5	6.335897e-7	1.115831e-5	-5.881489e-7
260	9.726256e-6	-1.041493e-6	9.564143e-6	1.728032e-7
261	9.388172e-6	-1.057953e-6	1.073099e-5	6.467227e-7
262	1.081858e-5	6.271199e-7	1.132868e-5	-5.115118e-7
263	1.009657e-5	-6.071416e-7	9.594794e-6	3.859961e-8
264	9.205553e-6	-1.381071e-6	1.052727e-5	6.907217e-7
265	1.060702e-5	4.217301e-7	1.147161e-5	-4.192578e-7
266	1.046362e-5	-1.289103e-7	9.672357e-6	-8.5481e-8
267	9.163513e-6	-1.527596e-6	1.031344e-5	7.05262e-7
268	1.028993e-5	5.12498e-8	1.157506e-5	-3.072781e-7
269	1.075666e-5	2.992788e-7	9.799283e-6	-1.967325e-7
270	9.256021e-6	-1.466058e-6	1.009816e-5	6.984626e-7
271	9.915035e-6	-4.183287e-7	1.163663e-5	-1.88082e-7
272	1.093621e-5	5.934153e-7	9.969307e-6	-2.94545e-7
273	9.489863e-6	-1.198595e-6	9.887613e-6	6.673602e-7
274	9.546096e-6	-8.995352e-7	1.164978e-5	-6.996289e-8
275	1.096876e-5	6.71032e-7	1.017619e-5	-3.685816e-7
276	9.838693e-6	-7.774971e-7	9.690752e-6	6.185967e-7
277	9.248877e-6	-1.292878e-6	1.16149e-5	4.250377e-8
278	1.082609e-5	5.191229e-7	1.041015e-5	-4.23545e-7
279	1.022446e-5	-2.814288e-7	9.523815e-6	5.523681e-7
280	9.082047e-6	-1.509614e-6	1.152858e-5	1.498083e-7
281	1.054228e-5	1.832514e-7	1.065437e-5	-4.537555e-7
282	1.059047e-5	1.82024e-7	9.399921e-6	4.721963e-7
283	9.079476e-6	-1.533415e-6	1.138549e-5	2.437316e-7
284	1.016064e-5	-2.760124e-7	1.090688e-5	-4.612717e-7
285	1.087229e-5	5.147808e-7	9.322383e-6	3.899079e-7
286	9.254223e-6	-1.342654e-6	1.119376e-5	3.259411e-7
287	9.748892e-6	-7.542798e-7	1.115774e-5	-4.571241e-7
288	1.100533e-5	6.667261e-7	9.295563e-6	3.151905e-7
289	9.571994e-6	-9.783141e-7	1.09607e-5	3.830655e-7
290	9.382703e-6	-1.167157e-6	1.138062e-5	-4.302444e-7
291	1.096155e-5	6.019324e-7	9.334405e-6	2.335012e-7
292	9.978639e-6	-5.07838e-7	1.070168e-5	4.25546e-7
293	9.149054e-6	-1.439554e-6	1.155828e-5	-3.881305e-7
294	1.074346e-5	3.416604e-7	9.437123e-6	1.49333e-7
295	1.039308e-5	-1.826352e-8	1.043504e-5	4.623203e-7
296	9.078307e-6	-1.526819e-6	1.167859e-5	-3.3821e-7
297	1.038201e-5	-5.375639e-8	9.602092e-6	6.442093e-8
298	1.071888e-5	3.850345e-7	1.017477e-5	4.914299e-7
299	9.184305e-6	-1.424835e-6	1.173854e-5	-2.758235e-7
300	9.968584e-6	-5.176442e-7	9.817014e-6	-2.005675e-8
301	1.090564e-5	6.243642e-7	9.933384e-6	5.032522e-7
302	9.453523e-6	-1.140506e-6	1.173747e-5	-2.029049e-7
303	9.584907e-6	-9.687689e-7	1.005714e-5	-9.245958e-8
304	1.0918e-5	6.511228e-7	9.731188e-6	4.976775e-7
305	9.812732e-6	-7.132135e-7	1.168016e-5	-1.292199e-7
306	9.311046e-6	-1.315727e-6	1.030813e-5	-1.511244e-7
307	1.076831e-5	4.736706e-7	9.5661e-6	4.821611e-7
308	1.019212e-5	-2.2781e-7	1.157436e-5	-6.215682e-8
309	9.186984e-6	-1.491827e-6	1.056702e-5	-1.960059e-7
310	1.049717e-5	1.275073e-7	9.44193e-6	4.58778e-7
311	1.052014e-5	2.194718e-7	1.142616e-5	2.929528e-9
312	9.21017e-6	-1.46775e-6	1.081913e-5	-2.262119e-7
313	1.014806e-5	-3.172898e-7	9.364464e-6	4.263243e-7
314	1.075652e-5	5.271864e-7	1.124589e-5	5.470895e-8
315	9.380508e-6	-1.255562e-6	1.104857e-5	-2.426433e-7
316	9.788149e-6	-7.830229e-7	9.345637e-6	3.913707e-7
317	1.085277e-5	6.44971e-7	1.103855e-5	9.881675e-8
318	9.669674e-6	-8.841074e-7	1.124407e-5	-2.495252e-7
319	9.486869e-6	-1.168912e-6	9.381137e-6	3.545902e-7
320	1.079851e-5	5.532176e-7	1.081451e-5	1.312607e-7
321	1.000718e-5	-4.282047e-7	1.139992e-5	-2.411828e-7
322	9.289506e-6	-1.4107e-6	9.466872e-6	3.208986e-7
323	1.060491e-5	2.76892e-7	1.058623e-5	1.53597e-7
324	1.034172e-5	3.554251e-8	1.151134e-5	-2.270398e-7
325	9.237024e-6	-1.469556e-6	9.592981e-6	2.859022e-7
326	1.031354e-5	-1.178736e-7	1.036268e-5	1.757432e-7
327	1.062282e-5	4.028875e-7	1.158249e-5	-2.169957e-7
328	9.3354e-6	-1.341631e-6	9.757746e-6	2.625979e-7
329	9.956951e-6	-5.63483e-7	1.014151e-5	1.976723e-7
330	1.077567e-5	6.122354e-7	1.161445e-5	-2.170501e-7
331	9.567466e-6	-1.046348e-6	9.952159e-6	2.443406e-7
332	9.628115e-6	-9.779257e-7	9.937679e-6	2.21176e-7
333	1.078835e-5	6.136499e-7	1.161319e-5	-2.231014e-7
334	9.885494e-6	-6.540678e-7	1.015316e-5	2.273325e-7
335	9.385239e-6	-1.291899e-6	9.760825e-6	2.443923e-7
336	1.065452e-5	4.380282e-7	1.157262e-5	-2.324786e-7
337	1.022613e-5	-2.220378e-7	1.036441e-5	2.106879e-7
338	9.257677e-6	-1.451385e-6	9.615187e-6	2.714389e-7
339	1.039056e-5	1.169828e-7	1.149195e-5	-2.461432e-7
340	1.053821e-5	1.783557e-7	1.05814e-5	1.947737e-7
341	9.284905e-6	-1.433583e-6	9.511359e-6	3.075822e-7
342	1.004835e-5	-2.944519e-7	1.136249e-5	-2.613325e-7
343	1.075989e-5	4.792204e-7	1.080012e-5	1.69676e-7
344	9.46708e-6	-1.243076e-6	9.451618e-6	3.427702e-7
345	9.70425e-6	-7.326502e-7	1.119625e-5	-2.662841e-7
346	1.084298e-5	6.117442e-7	1.100463e-5	1.372848e-7
347	9.767974e-6	-9.248215e-7	9.434574e-6	3.762813e-7
348	9.4179e-6	-1.115675e-6	1.100549e-5	-2.669805e-7
349	1.076692e-5	5.665108e-7	1.119279e-5	9.26974e-8
350	1.012768e-5	-5.162764e-7	9.453621e-6	4.187724e-7
351	9.238658e-6	-1.377465e-6	1.079278e-5	-2.575262e-7
352	1.054127e-5	3.535351e-7	1.13652e-5	3.797831e-8
353	1.047191e-5	-9.114207e-8	9.516473e-6	4.57097e-7
354	9.194808e-6	-1.480415e-6	1.056039e-5	-2.35291e-7
355	1.020574e-5	1.311035e-8	1.150573e-5	-2.56657e-8
356	1.074684e-5	2.854467e-7	9.627229e-6	4.916523e-7
357	9.318119e-6	-1.406411e-6	1.033256e-5	-2.010176e-7
358	9.828344e-6	-4.125606e-7	1.159608e-5	-9.317038e-8
359	1.089481e-5	5.350592e-7	9.7731e-6	5.227357e-7
360	9.598673e-6	-1.181806e-6	1.011956e-5	-1.559981e-7
361	9.485683e-6	-8.541798e-7	1.164071e-5	-1.682009e-7
362	1.087691e-5	6.216811e-7	9.95271e-6	5.446147e-7
363	9.956931e-6	-8.147106e-7	9.916055e-6	-9.672796e-8
364	9.253141e-6	-1.217556e-6	1.163569e-5	-2.466201e-7
365	1.070849e-5	5.198449e-7	1.015599e-5	5.569346e-7
366	1.032917e-5	-3.667738e-7	9.740781e-6	-2.639951e-8
367	9.163077e-6	-1.444406e-6	1.158227e-5	-3.219298e-7
368	1.042705e-5	2.356383e-7	1.037517e-5	5.521573e-7
369	1.063745e-5	8.087699e-8	9.601122e-6	5.817408e-8
370	9.217967e-6	-1.492787e-6	1.148436e-5	-3.92861e-7
371	1.007154e-5	-1.807679e-7	1.059745e-5	5.19083e-7
372	1.084261e-5	4.448854e-7	9.505218e-6	1.599091e-7
373	9.411158e-6	-1.338816e-6	1.134337e-5	-4.535446e-7
374	9.713237e-6	-6.560645e-7	1.081588e-5	4.672898e-7
375	1.091811e-5	6.440172e-7	9.450339e-6	2.746469e-7
376	9.710815e-6	-1.018521e-6	1.117192e-5	-5.011275e-7
377	9.402042e-6	-1.09975e-6	1.101909e-5	3.88319e-7
378	1.083842e-5	6.369689e-7	9.443296e-6	3.92244e-7
379	1.006046e-5	-5.757989e-7	1.09832e-5	-5.258252e-7
380	9.192891e-6	-1.409679e-6	1.119558e-5	2.908252e-7
381	1.062067e-5	4.230031e-7	9.477963e-6	5.053616e-7
382	1.041468e-5	-1.045395e-7	1.078057e-5	-5.314835e-7
383	9.131777e-6	-1.54913e-6	1.133689e-5	1.818199e-7
384	1.029612e-5	2.95527e-8	9.565587e-6	6.038343e-7
385	1.070918e-5	3.039229e-7	1.055874e-5	-5.067267e-7
386	9.242346e-6	-1.482265e-6	1.144653e-5	5.41393e-8
387	9.92016e-6	-4.416158e-7	9.696766e-6	6.889911e-7
388	1.087931e-5	5.81039e-7	1.033515e-5	-4.504377e-7
389	9.499349e-6	-1.231413e-6	1.150308e-5	-7.978712e-8
390	9.56515e-6	-9.052564e-7	9.874e-6	7.446404e-7
391	1.089332e-5	6.737444e-7	1.012845e-5	-3.668473e-7
392	9.862145e-6	-8.347784e-7	1.150446e-5	-2.057259e-7
393	9.300157e-6	-1.276223e-6	1.00707e-5	7.740755e-7
394	1.074784e-5	5.567738e-7	9.960146e-6	-2.576119e-7
395	1.025398e-5	-3.506487e-7	1.145034e-5	-3.329384e-7
396	9.171594e-6	-1.489619e-6	1.027642e-5	7.768498e-7
397	1.044608e-5	2.4971e-7	9.840352e-6	-1.254475e-7
398	1.058374e-5	1.18814e-7	1.135133e-5	-4.487028e-7
399	9.216601e-6	-1.519728e-6	1.048146e-5	7.430723e-7
400	1.006737e-5	-1.896708e-7	9.766551e-6	1.905253e-8
401	1.079992e-5	4.797798e-7	1.121247e-5	-5.42077e-7
402	9.436359e-6	-1.361416e-6	1.067021e-5	6.819948e-7
403	9.689433e-6	-6.783873e-7	9.737346e-6	1.65488e-7
404	1.085622e-5	6.698176e-7	1.105916e-5	-6.096529e-7
405	9.772472e-6	-1.029676e-6	1.082488e-5	5.962588e-7
406	9.39394e-6	-1.115041e-6	9.750519e-6	3.077537e-7
407	1.074211e-5	6.525985e-7	1.089778e-5	-6.515894e-7
408	1.015323e-5	-5.749909e-7	1.094813e-5	4.893935e-7
409	9.241257e-6	-1.418138e-6	9.796234e-6	4.41682e-7
410	1.048878e-5	4.300272e-7	1.073603e-5	-6.626643e-7
411	1.048798e-5	-8.640443e-8	1.104103e-5	3.674055e-7
412	9.241677e-6	-1.536811e-6	9.871808e-6	5.617229e-7
413	1.015216e-5	4.199903e-8	1.05838e-5	-6.450654e-7
414	1.073176e-5	3.345168e-7	1.109888e-5	2.299961e-7
415	9.396032e-6	-1.464947e-6	9.975649e-6	6.679553e-7
416	9.791307e-6	-4.413559e-7	1.044514e-5	-5.961453e-7
417	1.083648e-5	6.082637e-7	1.111782e-5	7.852095e-8
418	9.680549e-6	-1.196218e-6	1.009887e-5	7.509892e-7
419	9.489191e-6	-9.131107e-7	1.032078e-5	-5.164297e-7
420	1.078707e-5	6.843345e-7	1.11067e-5	-7.570947e-8
421	1.002189e-5	-7.830954e-7	1.023098e-5	8.119788e-7
422	9.283752e-6	-1.285657e-6	1.021938e-5	-4.148417e-7
423	1.059175e-5	5.465325e-7	1.106781e-5	-2.258708e-7
424	1.036986e-5	-2.948966e-7	1.035288e-5	8.431997e-7
425	9.220706e-6	-1.486271e-6	1.015491e-5	-2.930889e-7
426	1.02945e-5	2.269663e-7	1.100758e-5	-3.67724e-7
427	1.066507e-5	1.546413e-7	1.046691e-5	8.47382e-7
428	9.310011e-6	-1.489471e-6	1.011161e-5	-1.491528e-7
429	9.925319e-6	-2.047202e-7	1.093215e-5	-5.019134e-7
430	1.083531e-5	4.843086e-7	1.057402e-5	8.159263e-7
431	9.547499e-6	-1.297835e-6	1.009374e-5	1.22142e-8
432	9.571366e-6	-6.705074e-7	1.084534e-5	-6.123255e-7
433	1.085965e-5	6.285183e-7	1.066437e-5	7.488909e-7
434	9.887976e-6	-9.615792e-7	1.009862e-5	1.769484e-7
435	9.300231e-6	-1.085097e-6	1.075447e-5	-6.895744e-7
436	1.072792e-5	5.864551e-7	1.073613e-5	6.563185e-7
437	1.025704e-5	-5.331867e-7	1.012979e-5	3.288144e-7
438	9.152971e-6	-1.368734e-6	1.065882e-5	-7.30542e-7
439	1.04534e-5	3.657763e-7	1.079149e-5	5.429718e-7
440	1.059605e-5	-9.485035e-8	1.017592e-5	4.751116e-7
441	9.16551e-6	-1.47605e-6	1.056236e-5	-7.435272e-7
442	1.00878e-5	1.370242e-8	1.083114e-5	4.032807e-7
443	1.085389e-5	2.778589e-7	1.023556e-5	6.093794e-7
444	9.342611e-6	-1.392965e-6	1.047176e-5	-7.182134e-7
445	9.700683e-6	-4.102994e-7	1.085316e-5	2.515821e-7
446	1.09785e-5	5.035975e-7	1.029969e-5	7.191574e-7
447	9.660217e-6	-1.156907e-6	1.039694e-5	-6.620829e-7
448	9.353137e-6	-8.245412e-7	1.085222e-5	8.793267e-8
449	1.093323e-5	5.665335e-7	1.036791e-5	8.108583e-7
450	1.006046e-5	-8.003716e-7	1.033822e-5	-5.774597e-7
451	9.11812e-6	-1.158746e-6	1.083738e-5	-8.039087e-8
452	1.070983e-5	4.627714e-7	1.04371e-5	8.732038e-7
453	1.04595e-5	-3.967573e-7	1.029381e-5	-4.662262e-7
454	9.03702e-6	-1.351736e-6	1.08059e-5	-2.398054e-7
455	1.03494e-5	2.165668e-7	1.050836e-5	8.9978e-7
456	1.079352e-5	-7.874857e-9	1.027004e-5	-3.292623e-7
457	9.13345e-6	-1.380346e-6	1.075805e-5	-3.902149e-7
458	9.927509e-6	-1.366106e-7	1.056493e-5	8.973649e-7
459	1.100699e-5	2.925045e-7	1.026812e-5	-1.77906e-7
460	9.404798e-6	-1.266145e-6	1.070993e-5	-5.26468e-7
461	9.51622e-6	-5.420634e-7	1.061381e-5	8.613156e-7
462	1.104757e-5	4.668221e-7	1.026856e-5	-1.378362e-8
463	9.795939e-6	-1.005791e-6	1.065673e-5	-6.322754e-7
464	9.205136e-6	-9.23151e-7	1.065851e-5	7.859389e-7
465	1.090166e-5	4.909126e-7	1.028313e-5	1.527156e-7
466	1.023418e-5	-6.384602e-7	1.059853e-5	-7.003165e-7
467	9.048949e-6	-1.221582e-6	1.069281e-5	6.834919e-7
468	1.060433e-5	3.509583e-7	1.030756e-5	3.135446e-7
469	1.062043e-5	-2.320449e-7	1.054657e-5	-7.354797e-7
470	9.058885e-6	-1.37776e-6	1.070997e-5	5.531938e-7
471	1.020588e-5	6.134537e-8	1.034609e-5	4.690588e-7
472	1.089621e-5	1.454385e-7	1.050446e-5	-7.395799e-7
473	9.238162e-6	-1.357071e-6	1.070706e-5	3.991145e-7
474	9.790289e-6	-3.319958e-7	1.039316e-5	6.170299e-7
475	1.102389e-5	4.154151e-7	1.046882e-5	-7.139293e-7
476	9.554004e-6	-1.169947e-6	1.069242e-5	2.270006e-7
477	9.415326e-6	-7.5558e-7	1.044356e-5	7.343849e-7
478	1.097591e-5	5.318302e-7	1.04457e-5	-6.46792e-7
479	9.942311e-6	-8.352836e-7	1.066481e-5	5.27842e-8
480	9.151509e-6	-1.11716e-6	1.048592e-5	8.182694e-7
481	1.076516e-5	4.699793e-7	1.043698e-5	-5.460279e-7
482	1.034523e-5	-4.357226e-7	1.062586e-5	-1.14251e-7
483	9.043748e-6	-1.361032e-6	1.052672e-5	8.634851e-7
484	1.04321e-5	2.272396e-7	1.044039e-5	-4.238743e-7
485	1.070006e-5	-4.387627e-8	1.058068e-5	-2.684273e-7
486	9.109062e-6	-1.419423e-6	1.056029e-5	8.712122e-7
487	1.002756e-5	-1.378574e-7	1.045587e-5	-2.727081e-7
488	1.093949e-5	2.743447e-7	1.053095e-5	-4.123902e-7
489	9.343627e-6	-1.292175e-6	1.058555e-5	8.416037e-7
490	9.61838e-6	-5.567918e-7	1.048836e-5	-1.091633e-7
491	1.101228e-5	4.651403e-7	1.047642e-5	-5.211506e-7
492	9.720214e-6	-1.012261e-6	1.059796e-5	7.749513e-7
493	9.281465e-6	-9.44303e-7	1.053384e-5	5.436195e-8
494	1.089942e-5	4.935714e-7	1.042798e-5	-5.96379e-7
495	1.016664e-5	-6.372801e-7	1.058661e-5	6.795536e-7
496	9.080029e-6	-1.226392e-6	1.059388e-5	2.166948e-7
497	1.05955e-5	3.556819e-7	1.039464e-5	-6.373045e-7
498	1.058274e-5	-2.377653e-7	1.055488e-5	5.552856e-7
499	9.063347e-6	-1.366352e-6	1.065647e-5	3.642264e-7
500	1.017581e-5	6.408094e-8	1.037671e-5	-6.416123e-7
501	1.089854e-5	1.226616e-7	1.050456e-5	4.171091e-7
502	9.245332e-6	-1.346639e-6	1.071837e-5	4.855927e-7
503	9.719933e-6	-3.280062e-7	1.038626e-5	-6.111705e-7
504	1.104485e-5	3.924068e-7	1.043446e-5	2.724797e-7
505	9.595646e-6	-1.162085e-6	1.076558e-5	5.775497e-7
506	9.317236e-6	-7.409075e-7	1.042129e-5	-5.482655e-7
507	1.098891e-5	5.104982e-7	1.035615e-5	1.272961e-7
508	1.004352e-5	-8.317308e-7	1.079693e-5	6.374674e-7
509	9.063506e-6	-1.091887e-6	1.046838e-5	-4.520299e-7
510	1.073447e-5	4.494422e-7	1.028115e-5	-1.074386e-8
511	1.048012e-5	-4.217405e-7	1.081302e-5	6.600236e-7
512	8.994657e-6	-1.3132e-6	1.052754e-5	-3.322308e-7
513	1.034707e-5	2.153444e-7	1.021734e-5	-1.377184e-7
514	1.083411e-5	-1.862088e-8	1.080496e-5	6.556073e-7
515	9.117101e-6	-1.376203e-6	1.059862e-5	-1.99236e-7
516	9.900194e-6	-1.583045e-7	1.016553e-5	-2.565744e-7
517	1.103929e-5	3.056932e-7	1.076895e-5	6.209022e-7
518	9.418808e-6	-1.251847e-6	1.067986e-5	-5.533588e-8
519	9.483557e-6	-5.775275e-7	1.0132e-5	-3.45336e-7
520	1.105838e-5	4.906424e-7	1.071334e-5	5.605086e-7
521	9.826124e-6	-9.730841e-7	1.076162e-5	7.991051e-8
522	9.151706e-6	-9.592378e-7	1.01178e-5	-4.025017e-7
523	1.088808e-5	4.991619e-7	1.063858e-5	4.820463e-7
524	1.027914e-5	-5.835769e-7	1.084771e-5	2.019119e-7
525	8.985478e-6	-1.232031e-6	1.012356e-5	-4.244349e-7
526	1.056792e-5	3.260219e-7	1.054456e-5	3.859674e-7
527	1.069379e-5	-1.644047e-7	1.092899e-5	3.071345e-7
528	9.005892e-6	-1.350884e-6	1.01473e-5	-4.178672e-7
529	1.013851e-5	4.708971e-9	1.04438e-5	2.768508e-7
530	1.098094e-5	2.021091e-7	1.099839e-5	3.928072e-7
531	9.216439e-6	-1.292087e-6	1.018937e-5	-3.822398e-7
532	9.68663e-6	-4.044293e-7	1.034136e-5	1.593927e-7
533	1.11057e-5	4.291051e-7	1.103788e-5	4.521476e-7
534	9.576831e-6	-1.074841e-6	1.025482e-5	-3.180453e-7
535	9.289465e-6	-8.071268e-7	1.02415e-5	4.937875e-8
536	1.105144e-5	4.88647e-7	1.105702e-5	4.781533e-7
537	1.001745e-5	-7.347125e-7	1.033638e-5	-2.308582e-7
538	9.001206e-6	-1.122007e-6	1.015206e-5	-4.802959e-8
539	1.081636e-5	3.724865e-7	1.104811e-5	4.771783e-7
540	1.046748e-5	-3.407777e-7	1.043349e-5	-1.390137e-7
541	8.889736e-6	-1.29352e-6	1.00761e-5	-1.306837e-7
542	1.044436e-5	1.116713e-7	1.101565e-5	4.601141e-7
543	1.085456e-5	2.89826e-8	1.053786e-5	-3.947413e-8
544	8.979351e-6	-1.294491e-6	1.00162e-5	-1.943691e-7
545	9.995572e-6	-2.49544e-7	1.095894e-5	4.129571e-7
546	1.110972e-5	2.873456e-7	1.06544e-5	5.362874e-8
547	9.262576e-6	-1.143518e-6	9.974215e-6	-2.324522e-7
548	9.53692e-6	-6.324451e-7	1.087838e-5	3.524942e-7
549	1.118414e-5	4.077717e-7	1.076592e-5	1.393868e-7
550	9.683006e-6	-8.576799e-7	9.957578e-6	-2.49411e-7
551	9.158225e-6	-9.634425e-7	1.078254e-5	2.817985e-7
552	1.105221e-5	3.670748e-7	1.086434e-5	2.1324e-7
553	1.015577e-5	-5.009043e-7	9.967894e-6	-2.39396e-7
554	8.92187e-6	-1.177206e-6	1.068026e-5	2.02936e-7
555	1.074069e-5	1.816419e-7	1.095028e-5	2.740923e-7
556	1.060582e-5	-1.419358e-7	9.998321e-6	-2.086744e-7
557	8.885283e-6	-1.248167e-6	1.056692e-5	1.203075e-7
558	1.030925e-5	-1.071632e-7	1.101702e-5	3.178536e-7
559	1.096829e-5	1.413134e-7	1.006024e-5	-1.625739e-7
560	9.053457e-6	-1.180852e-6	1.044995e-5	3.97698e-8
561	9.827326e-6	-4.59585e-7	1.10525e-5	3.406427e-7
562	1.116158e-5	3.196348e-7	1.013898e-5	-9.987161e-8
563	9.403808e-6	-9.746728e-7	1.034426e-5	-3.625776e-8
564	9.388306e-6	-7.960433e-7	1.106483e-5	3.394916e-7
565	1.114657e-5	3.661662e-7	1.023505e-5	-2.593472e-8
566	9.871043e-6	-6.745041e-7	1.024381e-5	-9.57185e-8
567	9.081225e-6	-1.069625e-6	1.105275e-5	3.17397e-7
568	1.093033e-5	2.742452e-7	1.03437e-5	4.940852e-8
569	1.034713e-5	-3.30013e-7	1.015501e-5	-1.381682e-7
570	8.945982e-6	-1.235954e-6	1.102022e-5	2.752308e-7
571	1.055386e-5	5.424039e-8	1.046561e-5	1.285639e-7
572	1.074721e-5	8.855522e-9	1.007583e-5	-1.650219e-7
573	9.014031e-6	-1.26354e-6	1.09674e-5	2.253971e-7
574	1.009937e-5	-2.599543e-7	1.058838e-5	1.960926e-7
575	1.101251e-5	2.709561e-7	1.002095e-5	-1.741854e-7
576	9.262516e-6	-1.148566e-6	1.089574e-5	1.645779e-7
577	9.64142e-6	-6.229287e-7	1.070913e-5	2.584535e-7
578	1.109215e-5	4.094027e-7	9.992013e-6	-1.625803e-7
579	9.635762e-6	-8.775876e-7	1.079963e-5	9.169776e-8
580	9.265209e-6	-9.632921e-7	1.082506e-5	3.050574e-7
581	1.097988e-5	3.886308e-7	9.993385e-6	-1.295386e-7
582	1.006984e-5	-5.206515e-7	1.068802e-5	1.537192e-8
583	9.04078e-6	-1.218569e-6	1.093113e-5	3.304222e-7
584	1.070529e-5	1.997039e-7	1.001611e-5	-7.342423e-8
585	1.049408e-5	-1.537364e-7	1.056955e-5	-6.190419e-8
586	8.994693e-6	-1.319046e-6	1.100958e-5	3.418805e-7
587	1.031064e-5	-1.019084e-7	1.006502e-5	-8.224839e-9
588	1.084169e-5	1.548173e-7	1.044942e-5	-1.307637e-7
589	9.140599e-6	-1.249523e-6	1.106718e-5	3.357656e-7
590	9.858144e-6	-4.608292e-7	1.013015e-5	7.105154e-8
591	1.104639e-5	3.44996e-7	1.03352e-5	-1.823569e-7
592	9.456194e-6	-1.020503e-6	1.109401e-5	3.021413e-7
593	9.437369e-6	-8.134396e-7	1.022035e-5	1.494587e-7
594	1.106519e-5	3.930986e-7	1.021983e-5	-2.145127e-7
595	9.886798e-6	-6.840671e-7	1.109991e-5	2.526068e-7
596	9.111724e-6	-1.090002e-6	1.033426e-5	2.227632e-7
597	1.086794e-5	2.939113e-7	1.010995e-5	-2.280423e-7
598	1.03472e-5	-3.159088e-7	1.108199e-5	1.824931e-7
599	8.952173e-6	-1.248033e-6	1.045716e-5	3.028358e-7
600	1.050371e-5	5.212759e-8	1.00168e-5	-2.212551e-7
601	1.076676e-5	1.501204e-8	1.104492e-5	9.229956e-8
602	9.001769e-6	-1.257878e-6	1.058522e-5	3.758631e-7
603	1.004477e-5	-2.790484e-7	9.946725e-6	-1.932609e-7
604	1.105138e-5	2.632676e-7	1.09738e-5	-7.863572e-9
605	9.257363e-6	-1.117732e-6	1.071551e-5	4.321253e-7
606	9.569493e-6	-6.42075e-7	9.906237e-6	-1.414939e-7
607	1.114174e-5	3.930102e-7	1.087845e-5	-1.091357e-7
608	9.678332e-6	-8.460142e-7	1.083289e-5	4.679271e-7
609	9.178454e-6	-9.650888e-7	9.900735e-6	-6.868218e-8
610	1.100904e-5	3.813992e-7	1.077019e-5	-2.057794e-7
611	1.016897e-5	-5.047001e-7	1.093083e-5	4.761163e-7
612	8.945856e-6	-1.1904e-6	9.926039e-6	2.760533e-8
613	1.068846e-5	2.225103e-7	1.065139e-5	-2.948351e-7
614	1.063733e-5	-1.511834e-7	1.101034e-5	4.574523e-7
615	8.915486e-6	-1.292402e-6	9.970844e-6	1.345099e-7
616	1.024067e-5	-7.33204e-8	1.053209e-5	-3.695555e-7
617	1.099469e-5	1.590251e-7	1.107569e-5	4.119821e-7
618	9.108261e-6	-1.226085e-6	1.003245e-5	2.519411e-7
619	9.76258e-6	-4.480081e-7	1.041617e-5	-4.261599e-7
620	1.115857e-5	3.718675e-7	1.11158e-5	3.360183e-7
621	9.464332e-6	-1.006021e-6	1.011094e-5	3.681217e-7
622	9.333173e-6	-8.290741e-7	1.030781e-5	-4.515439e-7
623	1.110863e-5	4.436871e-7	1.113261e-5	2.368244e-7
624	9.928472e-6	-6.672766e-7	1.020927e-5	4.808826e-7
625	9.03768e-6	-1.135022e-6	1.020086e-5	-4.485078e-7
626	1.086924e-5	3.51227e-7	1.112359e-5	1.152699e-7
627	1.041547e-5	-2.832051e-7	1.0313e-5	5.8344e-7
628	8.914386e-6	-1.304325e-6	1.011837e-5	-4.133731e-7
629	1.047476e-5	1.008117e-7	1.109504e-5	-1.787005e-8
630	1.082669e-5	7.671656e-8	1.041742e-5	6.690862e-7
631	8.990347e-6	-1.302444e-6	1.005361e-5	-3.48925e-7
632	1.000864e-5	-2.654935e-7	1.104418e-5	-1.57731e-7
633	1.109362e-5	3.351794e-7	1.0522e-5	7.229646e-7
634	9.256666e-6	-1.139289e-6	1.000863e-5	-2.533178e-7
635	9.558155e-6	-6.700242e-7	1.097982e-5	-2.982869e-7
636	1.116732e-5	4.608017e-7	1.062421e-5	7.422192e-7
637	9.649307e-6	-8.396934e-7	9.984377e-6	-1.228298e-7
638	9.183443e-6	-1.024146e-6	1.090221e-5	-4.316102e-7
639	1.103763e-5	4.163395e-7	1.071753e-5	7.223408e-7
640	1.011072e-5	-4.599066e-7	9.984487e-6	2.537452e-8
641	8.954088e-6	-1.260067e-6	1.081486e-5	-5.383532e-7
642	1.0741e-5	2.125109e-7	1.079575e-5	6.664759e-7
643	1.056392e-5	-7.382214e-8	1.000081e-5	1.862268e-7
644	8.910464e-6	-1.327307e-6	1.072889e-5	-6.234481e-7
645	1.033001e-5	-1.226457e-7	1.085924e-5	5.747687e-7
646	1.092859e-5	2.279485e-7	1.003223e-5	3.578248e-7
647	9.066068e-6	-1.231621e-6	1.063818e-5	-6.759949e-7
648	9.86654e-6	-5.129201e-7	1.09051e-5	4.472395e-7
649	1.113265e-5	4.097688e-7	1.007972e-5	5.157567e-7
650	9.391837e-6	-9.790889e-7	1.055029e-5	-6.836071e-7
651	9.4344e-6	-8.858389e-7	1.092835e-5	2.944152e-7
652	1.113031e-5	4.301432e-7	1.014343e-5	6.551423e-7
653	9.826477e-6	-6.176577e-7	1.047419e-5	-6.487482e-7
654	9.097445e-6	-1.161795e-6	1.093262e-5	1.249373e-7
655	1.092799e-5	2.839389e-7	1.021095e-5	7.702772e-7
656	1.029598e-5	-2.241528e-7	1.04125e-5	-5.852396e-7
657	8.940644e-6	-1.289338e-6	1.091677e-5	-4.357776e-8
658	1.056886e-5	4.324334e-9	1.028984e-5	8.563277e-7
659	1.071485e-5	1.040592e-7	1.036158e-5	-4.904396e-7
660	8.990217e-6	-1.272227e-6	1.088336e-5	-2.156081e-7
661	1.012134e-5	-3.518532e-7	1.036337e-5	9.049516e-7
662	1.100272e-5	3.323326e-7	1.032871e-5	-3.56428e-7
663	9.23891e-6	-1.105397e-6	1.084244e-5	-3.850232e-7
664	9.661987e-6	-7.081705e-7	1.04323e-5	9.131683e-7
665	1.110521e-5	4.342658e-7	1.030407e-5	-1.885576e-7
666	9.642047e-6	-8.235561e-7	1.079781e-5	-5.355021e-7
667	9.288845e-6	-1.021637e-6	1.049222e-5	8.71819e-7
668	1.099746e-5	3.888062e-7	1.029462e-5	1.176396e-9
669	1.010744e-5	-4.738956e-7	1.074802e-5	-6.535148e-7
670	9.053649e-6	-1.23398e-6	1.054807e-5	7.892402e-7
671	1.069797e-5	1.992197e-7	1.029486e-5	1.901768e-7
672	1.054732e-5	-1.151057e-7	1.069728e-5	-7.340394e-7
673	9.019532e-6	-1.307199e-6	1.059713e-5	6.738373e-7
674	1.028226e-5	-9.703174e-8	1.030182e-5	3.667917e-7
675	1.088155e-5	1.854751e-7	1.065266e-5	-7.743633e-7
676	9.182903e-6	-1.249067e-6	1.062956e-5	5.322191e-7
677	9.824065e-6	-4.538902e-7	1.031669e-5	5.336446e-7
678	1.103947e-5	3.903824e-7	1.060773e-5	-7.813993e-7
679	9.503984e-6	-1.045805e-6	1.06537e-5	3.703755e-7
680	9.405943e-6	-8.111394e-7	1.034826e-5	6.787263e-7
681	1.100694e-5	4.489295e-7	1.055873e-5	-7.433136e-7
682	9.924908e-6	-7.313756e-7	1.066931e-5	1.91602e-7
683	9.110589e-6	-1.107828e-6	1.038627e-5	7.920861e-7
684	1.079826e-5	3.218072e-7	1.050977e-5	-6.584568e-7
685	1.036463e-5	-3.582041e-7	1.067042e-5	5.75721e-9
686	8.986212e-6	-1.275173e-6	1.043299e-5	8.687612e-7
687	1.045478e-5	5.494542e-8	1.047136e-5	-5.420675e-7
688	1.074993e-5	3.965369e-10	1.066262e-5	-1.714904e-7
689	9.054832e-6	-1.284411e-6	1.047187e-5	9.062769e-7
690	1.002327e-5	-2.946311e-7	1.044416e-5	-3.963986e-7
691	1.101282e-5	2.69689e-7	1.064585e-5	-3.434329e-7
692	9.308336e-6	-1.133349e-6	1.050118e-5	9.08456e-7
693	9.582656e-6	-6.60543e-7	1.042871e-5	-2.265894e-7
694	1.111092e-5	3.923877e-7	1.063088e-5	-4.873038e-7
695	9.700231e-6	-8.391842e-7	1.052798e-5	8.658374e-7
696	9.203372e-6	-9.690925e-7	1.041634e-5	-4.764556e-8
697	1.099378e-5	3.516208e-7	1.061391e-5	-6.043927e-7
698	1.015757e-5	-4.813742e-7	1.055021e-5	8.003581e-7
699	8.963617e-6	-1.174855e-6	1.042194e-5	1.301202e-7
700	1.068803e-5	1.596472e-7	1.059377e-5	-6.937564e-7
701	1.061594e-5	-1.391313e-7	1.056395e-5	7.018264e-7
702	8.918828e-6	-1.243954e-6	1.043541e-5	3.038277e-7
703	1.02552e-5	-1.25794e-7	1.056848e-5	-7.491482e-7
704	1.098275e-5	1.291605e-7	1.056862e-5	5.724119e-7
705	9.083965e-6	-1.173738e-6	1.045794e-5	4.711212e-7
706	9.762517e-6	-4.530418e-7	1.05466e-5	-7.642257e-7
707	1.119189e-5	3.012877e-7	1.056162e-5	4.156832e-7
708	9.439852e-6	-9.701504e-7	1.047791e-5	6.214962e-7
709	9.299416e-6	-7.73478e-7	1.054092e-5	-7.425328e-7
710	1.118059e-5	3.478954e-7	1.054469e-5	2.465808e-7
711	9.916771e-6	-6.671288e-7	1.049255e-5	7.507362e-7
712	8.961678e-6	-1.037375e-6	1.054883e-5	-6.891664e-7
713	1.094674e-5	2.575047e-7	1.052712e-5	7.091233e-8
714	1.042155e-5	-3.257327e-7	1.049863e-5	8.493693e-7
715	8.823641e-6	-1.203429e-6	1.056581e-5	-6.066035e-7
716	1.052905e-5	3.349627e-8	1.050956e-5	-1.008847e-7
717	1.086821e-5	-1.110814e-8	1.04913e-5	9.215815e-7
718	8.917742e-6	-1.225645e-6	1.059256e-5	-4.978725e-7
719	1.001668e-5	-2.614381e-7	1.049786e-5	-2.696614e-7
720	1.116403e-5	2.239522e-7	1.046994e-5	9.588416e-7
721	9.212305e-6	-1.098976e-6	1.061904e-5	-3.582457e-7
722	9.49385e-6	-5.869386e-7	1.049757e-5	-4.245948e-7
723	1.125339e-5	3.489733e-7	1.04395e-5	9.572143e-7
724	9.663619e-6	-8.415291e-7	1.063702e-5	-1.997358e-7
725	9.076321e-6	-8.92053e-7	1.050188e-5	-5.575351e-7
726	1.111803e-5	3.373837e-7	1.041253e-5	9.169723e-7
727	1.018623e-5	-5.042545e-7	1.065393e-5	-2.959579e-8
728	8.836744e-6	-1.121603e-6	1.051899e-5	-6.635812e-7
729	1.076904e-5	1.822171e-7	1.037882e-5	8.407738e-7
730	1.067268e-5	-1.545579e-7	1.066237e-5	1.452182e-7
731	8.815723e-6	-1.220988e-6	1.055049e-5	-7.407974e-7
732	1.028939e-5	-8.970181e-8	1.033837e-5	7.314816e-7
733	1.105013e-5	1.310118e-7	1.06671e-5	3.173104e-7
734	9.01473e-6	-1.179341e-6	1.059672e-5	-7.872559e-7
735	9.772299e-6	-4.271903e-7	1.029962e-5	5.936472e-7
736	1.124644e-5	3.13033e-7	1.064912e-5	4.870382e-7
737	9.385176e-6	-9.885265e-7	1.065184e-5	-8.004274e-7
738	9.298574e-6	-7.618105e-7	1.026994e-5	4.278201e-7
739	1.121851e-5	3.568063e-7	1.062141e-5	6.439259e-7
740	9.862402e-6	-6.809536e-7	1.071149e-5	-7.675825e-7
741	8.96499e-6	-1.032826e-6	1.024974e-5	2.438027e-7
742	1.098175e-5	2.555759e-7	1.057695e-5	7.664405e-7
743	1.036362e-5	-3.252092e-7	1.077808e-5	-6.933597e-7
744	8.826175e-6	-1.182757e-6	1.02409e-5	5.689551e-8
745	1.058941e-5	2.037715e-8	1.051678e-5	8.623506e-7
746	1.081379e-5	-9.395986e-9	1.083732e-5	-5.882272e-7
747	8.895749e-6	-1.195894e-6	1.024917e-5	-1.316089e-7
748	1.010268e-5	-2.963684e-7	1.044529e-5	9.15654e-7
749	1.112592e-5	2.257558e-7	1.088937e-5	-4.469188e-7
750	9.166295e-6	-1.063979e-6	1.027306e-5	-3.063357e-7
751	9.599945e-6	-6.327976e-7	1.036937e-5	9.274683e-7
752	1.123799e-5	3.342761e-7	1.093229e-5	-2.826097e-7
753	9.586859e-6	-8.071647e-7	1.031161e-5	-4.585683e-7
754	9.159291e-6	-9.242398e-7	1.029482e-5	8.938338e-7
755	1.112552e-5	2.925587e-7	1.096035e-5	-1.039425e-7
756	1.00965e-5	-4.766832e-7	1.036427e-5	-5.754005e-7
757	8.884648e-6	-1.109529e-6	1.022338e-5	8.225554e-7
758	1.081108e-5	1.10026e-7	1.097167e-5	7.441391e-8
759	1.059813e-5	-1.57714e-7	1.042691e-5	-6.574345e-7
760	8.831379e-6	-1.172399e-6	1.015023e-5	7.12972e-7
761	1.035147e-5	-1.735293e-7	1.096795e-5	2.538745e-7
762	1.100116e-5	9.238317e-8	1.051116e-5	-7.038743e-7
763	9.002972e-6	-1.089304e-6	1.007874e-5	5.73703e-7
764	9.825538e-6	-4.782911e-7	1.094005e-5	4.24735e-7
765	1.123497e-5	2.34219e-7	1.060866e-5	-7.133394e-7
766	9.380112e-6	-8.960779e-7	1.002189e-5	4.105305e-7
767	9.333432e-6	-7.560428e-7	1.088765e-5	5.75028e-7
768	1.123761e-5	2.545056e-7	1.071057e-5	-6.746973e-7
769	9.883087e-6	-6.363335e-7	9.985213e-6	2.330931e-7
770	8.959279e-6	-9.667277e-7	1.081967e-5	6.841194e-7
771	1.099932e-5	1.569101e-7	1.080599e-5	-5.920937e-7
772	1.042513e-5	-3.550041e-7	9.977222e-6	6.261549e-8
773	8.790098e-6	-1.071694e-6	1.073719e-5	7.437484e-7
774	1.058032e-5	-3.817287e-8	1.088771e-5	-4.736872e-7
775	1.090018e-5	-1.044035e-7	9.99003e-6	-9.285651e-8
776	8.853771e-6	-1.071669e-6	1.064452e-5	7.596661e-7
777	1.005175e-5	-3.063765e-7	1.095815e-5	-3.371827e-7
778	1.121247e-5	9.312544e-8	1.002329e-5	-2.278565e-7
779	9.132481e-6	-9.565021e-7	1.054818e-5	7.428832e-7
780	9.514372e-6	-5.950635e-7	1.101175e-5	-1.892137e-7
781	1.130534e-5	1.939047e-7	1.007327e-5	-3.379472e-7
782	9.586864e-6	-7.480396e-7	1.044912e-5	6.886882e-7
783	9.07355e-6	-8.56033e-7	1.103939e-5	-3.143024e-8
784	1.117143e-5	1.495266e-7	1.014641e-5	-4.259813e-7
785	1.012342e-5	-4.814668e-7	1.035235e-5	6.062017e-7
786	8.796533e-6	-1.021023e-6	1.1052e-5	1.246555e-7
787	1.084829e-5	-1.365591e-8	1.023741e-5	-4.814404e-7
788	1.064619e-5	-2.024848e-7	1.025603e-5	4.999022e-7
789	8.733565e-6	-1.061085e-6	1.104618e-5	2.674226e-7
790	1.037492e-5	-2.649784e-7	1.0337e-5	-5.032616e-7
791	1.106962e-5	3.013016e-8	1.016623e-5	3.786067e-7
792	8.901097e-6	-9.705005e-7	1.103026e-5	3.912379e-7
793	9.838043e-6	-5.554366e-7	1.044819e-5	-4.839208e-7
794	1.132759e-5	1.628591e-7	1.008627e-5	2.413368e-7
795	9.267841e-6	-7.594074e-7	1.098776e-5	4.792615e-7
796	9.313179e-6	-8.085778e-7	1.055969e-5	-4.224108e-7
797	1.135485e-5	1.576667e-7	1.003237e-5	1.08958e-7
798	9.76554e-6	-4.883817e-7	1.092907e-5	5.368037e-7
799	8.896258e-6	-9.802685e-7	1.066985e-5	-3.444924e-7
800	1.115505e-5	9.84217e-9	9.99881e-6	-1.455042e-8
801	1.032357e-5	-2.135116e-7	1.085033e-5	5.635247e-7
802	8.677433e-6	-1.035557e-6	1.07688e-5	-2.491754e-7
803	1.075665e-5	-2.313619e-7	9.986923e-6	-1.213312e-7
804	1.08355e-5	6.740748e-9	1.076582e-5	5.614328e-7
805	8.692098e-6	-9.663923e-7	1.085734e-5	-1.440431e-7
806	1.022314e-5	-5.056827e-7	9.985435e-6	-2.09452e-7
807	1.12239e-5	1.372132e-7	1.067348e-5	5.328087e-7
808	8.942357e-6	-7.870747e-7	1.094355e-5	-3.633101e-8
809	9.645685e-6	-7.495327e-7	9.999312e-6	-2.695238e-7
810	1.141412e-5	1.492822e-7	1.056329e-5	4.809899e-7
811	9.38778e-6	-5.451914e-7	1.102724e-5	6.666881e-8
812	9.114959e-6	-9.211097e-7	1.004161e-5	-3.080375e-7
813	1.136336e-5	4.862898e-8	1.043811e-5	4.175809e-7
814	9.955863e-6	-2.882781e-7	1.108628e-5	1.604424e-7
815	8.738097e-6	-1.009312e-6	1.011726e-5	-3.224509e-7
816	1.107406e-5	-1.610746e-7	1.030741e-5	3.420625e-7
817	1.054318e-5	-5.239048e-8	1.111654e-5	2.364866e-7
818	8.603876e-6	-9.87538e-7	1.022218e-5	-3.188532e-7
819	1.059451e-5	-4.169151e-7	1.0182e-5	2.617049e-7
820	1.103511e-5	1.142847e-7	1.112317e-5	2.969964e-7
821	8.724822e-6	-8.557351e-7	1.034448e-5	-2.886178e-7
822	1.000226e-5	-6.735429e-7	1.006307e-5	1.796307e-7
823	1.13521e-5	1.79262e-7	1.110505e-5	3.366994e-7
824	9.082093e-6	-6.375902e-7	1.047751e-5	-2.45882e-7
825	9.419015e-6	-8.742776e-7	9.968688e-6	1.071279e-7
826	1.143728e-5	1.222129e-7	1.105989e-5	3.567444e-7
827	9.611373e-6	-3.768998e-7	1.061713e-5	-1.88431e-7
828	8.943528e-6	-9.914064e-7	9.894723e-6	3.897138e-8
829	1.127431e-5	-5.229845e-8	1.097914e-5	3.599317e-7
830	1.019642e-5	-1.154591e-7	1.075666e-5	-1.234609e-7
831	8.662316e-6	-1.000342e-6	9.85954e-6	-2.274101e-8
832	1.089326e-5	-3.10127e-7	1.086738e-5	3.521468e-7
833	1.074728e-5	8.482766e-8	1.089267e-5	-5.924229e-8
834	8.638487e-6	-9.125919e-7	9.858569e-6	-7.30046e-8
835	1.036883e-5	-5.930076e-7	1.072635e-5	3.326204e-7
836	1.115759e-5	1.897301e-7	1.101329e-5	6.059643e-9
837	8.856495e-6	-7.221605e-7	9.89489e-6	-1.162593e-7
838	9.790152e-6	-8.421297e-7	1.057547e-5	3.098074e-7
839	1.136046e-5	1.739237e-7	1.111051e-5	7.437312e-8
840	9.271843e-6	-4.655397e-7	9.962882e-6	-1.517692e-7
841	9.263127e-6	-1.013123e-6	1.041944e-5	2.686678e-7
842	1.133823e-5	3.830323e-8	1.118434e-5	1.447309e-7
843	9.811378e-6	-1.883778e-7	1.005618e-5	-1.704076e-7
844	8.880948e-6	-1.069765e-6	1.026521e-5	2.1837e-7
845	1.109938e-5	-2.068636e-7	1.122577e-5	2.074927e-7
846	1.038406e-5	4.424994e-8	1.017193e-5	-1.756857e-7
847	8.70918e-6	-1.011883e-6	1.012845e-5	1.524998e-7
848	1.067788e-5	-5.041466e-7	1.122709e-5	2.668532e-7
849	1.088106e-5	1.97363e-7	1.030592e-5	-1.564628e-7
850	8.774369e-6	-8.335738e-7	1.001253e-5	7.367884e-8
851	1.014814e-5	-7.92777e-7	1.119381e-5	3.093715e-7
852	1.121562e-5	2.310087e-7	1.044786e-5	-1.095381e-7
853	9.043882e-6	-5.610474e-7	9.923335e-6	-8.359671e-9
854	9.59634e-6	-1.019955e-6	1.112602e-5	3.324977e-7
855	1.134036e-5	1.347295e-7	1.059635e-5	-4.222079e-8
856	9.492418e-6	-2.50237e-7	9.861657e-6	-7.64624e-8
857	9.121114e-6	-1.128516e-6	1.103091e-5	3.29952e-7
858	1.123813e-5	-9.156597e-8	1.074277e-5	2.834047e-8
859	1.003982e-5	2.233909e-8	9.828569e-6	-1.306967e-7
860	8.820192e-6	-1.108387e-6	1.091571e-5	3.072468e-7
861	1.091945e-5	-4.061898e-7	1.088017e-5	1.055486e-7
862	1.058901e-5	2.101777e-7	9.824689e-6	-1.76577e-7
863	8.737318e-6	-9.394081e-7	1.078422e-5	2.636912e-7
864	1.044149e-5	-7.202638e-7	1.099568e-5	1.878409e-7
865	1.104526e-5	2.658109e-7	9.856427e-6	-2.035016e-7
866	8.895731e-6	-6.681057e-7	1.064341e-5	2.011788e-7
867	9.88924e-6	-9.743234e-7	1.108221e-5	2.716627e-7
868	1.132113e-5	1.78707e-7	9.918161e-6	-2.092294e-7
869	9.252303e-6	-3.450662e-7	1.050422e-5	1.160708e-7
870	9.353528e-6	-1.121907e-6	1.11382e-5	3.482717e-7
871	1.135665e-5	-2.99621e-8	1.001275e-5	-1.826051e-7
872	9.752714e-6	-4.357935e-8	1.036832e-5	1.740856e-8
873	8.941257e-6	-1.12454e-6	1.115402e-5	4.048307e-7
874	1.11536e-5	-3.218992e-7	1.013791e-5	-1.269573e-7
875	1.031269e-5	1.691674e-7	1.024114e-5	-8.346711e-8
876	8.724389e-6	-9.968893e-7	1.113819e-5	4.356167e-7
877	1.074392e-5	-6.412062e-7	1.028009e-5	-5.828107e-8
878	1.081753e-5	2.70031e-7	1.013693e-5	-1.682795e-7
879	8.733622e-6	-7.543905e-7	1.109459e-5	4.382199e-7
880	1.021215e-5	-9.233681e-7	1.042425e-5	2.154765e-8
881	1.11797e-5	2.453925e-7	1.005827e-5	-2.433251e-7
882	8.975611e-6	-4.418286e-7	1.102045e-5	4.16293e-7
883	9.659027e-6	-1.149935e-6	1.05657e-5	1.141154e-7
884	1.133662e-5	8.114866e-8	1.001568e-5	-3.080702e-7
885	9.399607e-6	-1.124675e-7	1.09228e-5	3.738659e-7
886	9.183896e-6	-1.253853e-6	1.069413e-5	2.128114e-7
887	1.127497e-5	-1.877912e-7	1.000347e-5	-3.496916e-7
888	9.928167e-6	1.772116e-7	1.080398e-5	3.027969e-7
889	8.858446e-6	-1.198519e-6	1.080431e-5	3.153701e-7
890	1.100262e-5	-5.301475e-7	1.002315e-5	-3.605331e-7
891	1.046197e-5	3.702657e-7	1.068184e-5	2.103663e-7
892	8.742643e-6	-9.881553e-7	1.088773e-5	4.09145e-7
893	1.057876e-5	-8.836856e-7	1.006823e-5	-3.465334e-7
894	1.091394e-5	4.339642e-7	1.055056e-5	9.729278e-8
895	8.843511e-6	-6.45465e-7	1.094303e-5	5.000557e-7
896	1.006307e-5	-1.183594e-6	1.014477e-5	-3.018694e-7
897	1.119585e-5	3.382259e-7	1.043332e-5	-2.712214e-8
898	9.132531e-6	-2.384164e-7	1.097457e-5	5.572922e-7
899	9.542643e-6	-1.371215e-6	1.022826e-5	-2.286507e-7
900	1.128187e-5	6.901515e-8	1.033135e-5	-1.474373e-7
901	9.577067e-6	1.53551e-7	1.09772e-5	5.856496e-7
902	9.118577e-6	-1.384456e-6	1.032732e-5	-1.351295e-7
903	1.115692e-5	-3.28314e-7	1.025221e-5	-2.536522e-7
904	1.009153e-5	4.360194e-7	1.095007e-5	5.822123e-7
905	8.854841e-6	-1.201437e-6	1.042385e-5	-2.912149e-8
906	1.084933e-5	-7.561779e-7	1.019321e-5	-3.415238e-7
907	1.058633e-5	5.66468e-7	1.090661e-5	5.503344e-7
908	8.795912e-6	-8.627789e-7	1.051818e-5	8.841902e-8
909	1.041038e-5	-1.12919e-6	1.014565e-5	-4.081888e-7
910	1.097863e-5	5.17387e-7	1.085394e-5	4.832895e-7
911	8.943281e-6	-4.389105e-7	1.061382e-5	2.110533e-7
912	9.905005e-6	-1.383772e-6	1.010923e-5	-4.406998e-7
913	1.119856e-5	3.011092e-7	1.078766e-5	3.87932e-7
914	9.285517e-6	-1.055204e-8	1.071099e-5	3.279549e-7
915	9.425573e-6	-1.486227e-6	1.009069e-5	-4.423254e-7
916	1.121085e-5	-6.734409e-8	1.070632e-5	2.669768e-7
917	9.75727e-6	3.49932e-7	1.080378e-5	4.246919e-7
918	9.064781e-6	-1.3893e-6	1.009171e-5	-4.043041e-7
919	1.102331e-5	-5.101448e-7	1.061459e-5	1.398262e-7
920	1.026873e-5	5.776235e-7	1.087753e-5	4.985739e-7
921	8.867554e-6	-1.106623e-6	1.011819e-5	-3.419693e-7
922	1.06652e-5	-9.517632e-7	1.051531e-5	1.116063e-8
923	1.071964e-5	6.376642e-7	1.09337e-5	5.428802e-7
924	8.884427e-6	-6.944417e-7	1.017449e-5	-2.554206e-7
925	1.020632e-5	-1.305249e-6	1.041294e-5	-1.04746e-7
926	1.103475e-5	5.166459e-7	1.096081e-5	5.576165e-7
927	9.117915e-6	-2.345495e-7	1.025423e-5	-1.516233e-7
928	9.73159e-6	-1.515255e-6	1.031247e-5	-2.079815e-7
929	1.114645e-5	2.224016e-7	1.096333e-5	5.485929e-7
930	9.498224e-6	2.04962e-7	1.036017e-5	-4.011238e-8
931	9.32767e-6	-1.533058e-6	1.022163e-5	-2.902937e-7
932	1.106381e-5	-2.046282e-7	1.094164e-5	5.100159e-7
933	9.967321e-6	5.261229e-7	1.047156e-5	7.200258e-8
934	9.0688e-6	-1.360927e-6	1.014379e-5	-3.481896e-7
935	1.080681e-5	-6.846526e-7	1.089508e-5	4.487658e-7
936	1.042163e-5	6.904979e-7	1.058778e-5	1.788451e-7
937	8.986232e-6	-1.012415e-6	1.009455e-5	-3.768603e-7
938	1.04177e-5	-1.129914e-6	1.082532e-5	3.751419e-7
939	1.077173e-5	6.735271e-7	1.069815e-5	2.649315e-7
940	9.093749e-6	-5.521235e-7	1.00752e-5	-3.875643e-7
941	9.985859e-6	-1.463537e-6	1.073348e-5	3.011943e-7
942	1.096838e-5	4.661406e-7	1.079435e-5	3.46828e-7
943	9.369128e-6	-5.658931e-8	1.008683e-5	-3.828167e-7
944	9.590553e-6	-1.612743e-6	1.06257e-5	2.19718e-7
945	1.09928e-5	8.911657e-8	1.087172e-5	4.113107e-7
946	9.753341e-6	3.693726e-7	1.01313e-5	-3.605669e-7
947	9.296508e-6	-1.56314e-6	1.050833e-5	1.318289e-7
948	1.084719e-5	-3.902941e-7	1.092506e-5	4.733222e-7
949	1.017141e-5	6.631907e-7	1.020347e-5	-3.268672e-7
950	9.145305e-6	-1.304691e-6	1.039572e-5	4.018873e-8
951	1.056231e-5	-8.898408e-7	1.094911e-5	5.239804e-7
952	1.053828e-5	7.742863e-7	1.029248e-5	-2.759837e-7
953	9.148207e-6	-8.834614e-7	1.029711e-5	-5.890954e-8
954	1.018568e-5	-1.318315e-6	1.094724e-5	5.603911e-7
955	1.079639e-5	6.79916e-7	1.03948e-5	-2.069663e-7
956	9.315995e-6	-3.709461e-7	1.021682e-5	-1.602558e-7
957	9.792786e-6	-1.588553e-6	1.091565e-5	5.709461e-7
958	1.090945e-5	3.754684e-7	1.050402e-5	-1.17375e-7
959	9.619572e-6	1.319962e-7	1.015589e-5	-2.467578e-7
960	9.46211e-6	-1.664848e-6	1.085957e-5	5.627478e-7
961	1.085822e-5	-9.165749e-8	1.061485e-5	-2.693373e-8
962	9.996961e-6	5.384226e-7	1.011678e-5	-3.204643e-7
963	9.239159e-6	-1.506857e-6	1.077763e-5	5.388588e-7
964	1.066525e-5	-6.24378e-7	1.072272e-5	6.87757e-8
965	1.03764e-5	7.68532e-7	1.010386e-5	-3.728211e-7
966	9.169292e-6	-1.145931e-6	1.067442e-5	4.943731e-7
967	1.035902e-5	-1.12481e-6	1.082353e-5	1.645605e-7
968	1.068739e-5	7.795193e-7	1.011903e-5	-4.123995e-7
969	9.257412e-6	-6.475102e-7	1.055634e-5	4.336579e-7
970	9.986864e-6	-1.50383e-6	1.091276e-5	2.625369e-7
971	1.086458e-5	5.662302e-7	1.016403e-5	-4.359777e-7
972	9.48665e-6	-1.027377e-7	1.042615e-5	3.53613e-7
973	9.636446e-6	-1.68557e-6	1.098233e-5	3.565312e-7
974	1.088886e-5	1.670059e-7	1.023802e-5	-4.383787e-7
975	9.811072e-6	3.805682e-7	1.029526e-5	2.599298e-7
976	9.373612e-6	-1.658005e-6	1.102035e-5	4.357636e-7
977	1.075217e-5	-3.481009e-7	1.033721e-5	-4.110236e-7
978	1.015784e-5	7.228353e-7	1.017408e-5	1.558192e-7
979	9.236046e-6	-1.40637e-6	1.102803e-5	4.910485e-7
980	1.048773e-5	-8.750566e-7	1.04539e-5	-3.557497e-7
981	1.046653e-5	8.598105e-7	1.006613e-5	5.14637e-8
982	9.254429e-6	-9.777894e-7	1.099942e-5	5.273138e-7
983	1.01561e-5	-1.352798e-6	1.059387e-5	-2.867448e-7
984	1.067867e-5	7.697208e-7	9.978484e-6	-4.916254e-8
985	9.412859e-6	-4.523835e-7	1.092883e-5	5.532066e-7
986	9.831958e-6	-1.68096e-6	1.07455e-5	-2.126984e-7
987	1.076536e-5	4.790981e-7	9.913908e-6	-1.42862e-7
988	9.672637e-6	9.118895e-8	1.082722e-5	5.650892e-7
989	9.557498e-6	-1.802305e-6	1.089538e-5	-1.293673e-7
990	1.070919e-5	2.566035e-8	9.890839e-6	-2.269208e-7
991	9.989884e-6	5.623037e-7	1.069648e-5	5.511817e-7
992	9.39139e-6	-1.697367e-6	1.102586e-5	-3.731475e-8
993	1.053885e-5	-5.193215e-7	9.907255e-6	-2.988351e-7
994	1.029946e-5	8.796871e-7	1.05486e-5	5.220386e-7
995	9.354264e-6	-1.364796e-6	1.11355e-5	6.162558e-8
996	1.027813e-5	-1.06561e-6	9.967946e-6	-3.542328e-7
997	1.052556e-5	9.776001e-7	1.03885e-5	4.627517e-7
998	9.436533e-6	-8.676933e-7	1.121018e-5	1.615331e-7
999	9.978488e-6	-1.523503e-6	1.006144e-5	-3.758126e-7
1000	1.064594e-5	8.224195e-7	1.023363e-5	3.848938e-7
1001	9.635778e-6	-2.856694e-7	1.124866e-5	2.502471e-7
1002	9.710706e-6	-1.80949e-6	1.01879e-5	-3.710329e-7
1003	1.063973e-5	4.361274e-7	1.008453e-5	2.926543e-7
1004	9.903583e-6	2.798237e-7	1.124396e-5	3.228425e-7
1005	9.520766e-6	-1.854999e-6	1.033524e-5	-3.414544e-7
1006	1.051495e-5	-9.913772e-8	9.965133e-6	1.970351e-7
1007	1.018486e-5	7.229684e-7	1.119735e-5	3.776808e-7
1008	9.439707e-6	-1.64483e-6	1.048619e-5	-2.920115e-7
1009	1.030985e-5	-6.87059e-7	9.882016e-6	9.650705e-8
1010	1.042474e-5	9.590571e-7	1.112179e-5	4.110609e-7
1011	9.464793e-6	-1.218776e-6	1.063067e-5	-2.186861e-7
1012	1.005516e-5	-1.227288e-6	9.830685e-6	5.217108e-9
1013	1.057615e-5	9.581173e-7	1.102158e-5	4.186732e-7
1014	9.603005e-6	-6.64258e-7	1.077114e-5	-1.369429e-7
1015	9.803554e-6	-1.649483e-6	9.807441e-6	-7.698026e-8
1016	1.061224e-5	7.1017e-7	1.090288e-5	4.033384e-7
1017	9.825105e-6	-6.792765e-8	1.090559e-5	-4.551506e-8
1018	9.614693e-6	-1.853386e-6	9.810126e-6	-1.34198e-7
1019	1.053327e-5	2.648769e-7	1.076448e-5	3.604106e-7
1020	1.008854e-5	4.636466e-7	1.102185e-5	4.495806e-8
1021	9.503541e-6	-1.804282e-6	9.842643e-6	-1.672417e-7
1022	1.034533e-5	-2.947518e-7	1.0618e-5	2.980755e-7
1023	1.033073e-5	8.352505e-7	1.111991e-5	1.293123e-7
1024	9.507017e-6	-1.507832e-6	9.900264e-6	-1.655803e-7
1025	1.010289e-5	-8.688086e-7	1.04652e-5	2.182909e-7
1026	1.051226e-5	9.82384e-7	1.11942e-5	1.950708e-7
1027	9.628887e-6	-1.028825e-6	9.984005e-6	-1.383368e-7
1028	9.851785e-6	-1.367467e-6	1.031586e-5	1.408572e-7
1029	1.057244e-5	8.914966e-7	1.124358e-5	2.349357e-7
1030	9.822943e-6	-4.482809e-7	1.00997e-5	-9.605044e-8
1031	9.644839e-6	-1.712498e-6	1.016377e-5	7.162343e-8
1032	1.051377e-5	5.747214e-7	1.125672e-5	2.462552e-7
1033	1.006643e-5	1.219506e-7	1.024316e-5	-4.159584e-8
1034	9.533968e-6	-1.841942e-6	1.002361e-5	1.609351e-8
1035	1.034528e-5	8.485284e-8	1.123582e-5	2.361431e-7
1036	1.030838e-5	5.940172e-7	1.040954e-5	1.386838e-8
1037	9.532926e-6	-1.718201e-6	9.908018e-6	-1.724921e-8
1038	1.009208e-5	-4.813654e-7	1.11727e-5	2.028771e-7
1039	1.048042e-5	8.85672e-7	1.058475e-5	6.348825e-8
1040	9.641743e-6	-1.369392e-6	9.821404e-6	-2.56426e-8
1041	9.834163e-6	-1.032977e-6	1.10764e-5	1.692678e-7
1042	1.055535e-5	9.488263e-7	1.075224e-5	1.010271e-7
1043	9.84229e-6	-8.53699e-7	9.775784e-6	-2.378904e-8
1044	9.622783e-6	-1.478749e-6	1.094956e-5	1.305323e-7
1045	1.051306e-5	7.704926e-7	1.09112e-5	1.287699e-7
1046	1.00949e-5	-2.843561e-7	9.769202e-6	-9.278093e-9
1047	9.505634e-6	-1.745144e-6	1.079506e-5	9.952779e-8
1048	1.035748e-5	3.86771e-7	1.105021e-5	1.389002e-7
1049	1.034395e-5	2.517991e-7	9.804629e-6	9.323876e-9
1050	9.494291e-6	-1.765685e-6	1.061874e-5	7.538181e-8
1051	1.012572e-5	-1.325525e-7	1.11616e-5	1.408338e-7
1052	1.053334e-5	6.570652e-7	9.882845e-6	3.456718e-8
1053	9.58097e-6	-1.544799e-6	1.044025e-5	5.807055e-8
1054	9.858084e-6	-6.948046e-7	1.123864e-5	1.362162e-7
1055	1.062545e-5	8.650939e-7	9.992976e-6	5.864357e-8
1056	9.763103e-6	-1.123903e-6	1.026533e-5	4.25684e-8
1057	9.621715e-6	-1.202816e-6	1.128453e-5	1.276521e-7
1058	1.060014e-5	8.39824e-7	1.012486e-5	9.100009e-8
1059	1.001623e-5	-5.964464e-7	1.010552e-5	2.755207e-8
1060	9.464338e-6	-1.585834e-6	1.129626e-5	1.071073e-7
1061	1.046286e-5	5.78325e-7	1.0273e-5	1.174088e-7
1062	1.028977e-5	-3.903745e-8	9.962722e-6	2.53056e-8
1063	9.409023e-6	-1.749115e-6	1.127126e-5	7.882418e-8
1064	1.024534e-5	1.30182e-7	1.043501e-5	1.448032e-7
1065	1.05236e-5	4.479945e-7	9.84642e-6	3.058776e-8
1066	9.477842e-6	-1.657629e-6	1.121187e-5	4.11561e-8
1067	9.983095e-6	-4.219046e-7	1.060312e-5	1.671242e-7
1068	1.066969e-5	7.686421e-7	9.755318e-6	5.32629e-8
1069	9.64675e-6	-1.338921e-6	1.112473e-5	2.138968e-9
1070	9.713286e-6	-9.740745e-7	1.077382e-5	1.770173e-7
1071	1.068792e-5	8.590643e-7	9.692312e-6	8.507929e-8
1072	9.898105e-6	-8.561484e-7	1.101196e-5	-3.39324e-8
1073	9.497356e-6	-1.410029e-6	1.094173e-5	1.731198e-7
1074	1.057958e-5	7.106369e-7	9.660031e-6	1.261375e-7
1075	1.019218e-5	-3.157583e-7	1.086809e-5	-6.607976e-8
1076	9.387221e-6	-1.675973e-6	1.109862e-5	1.579247e-7
1077	1.035682e-5	3.595582e-7	9.670214e-6	1.678854e-7
1078	1.045325e-5	2.045232e-7	1.070102e-5	-9.213987e-8
1079	9.398341e-6	-1.711796e-6	1.123764e-5	1.348094e-7
1080	1.006539e-5	-1.297215e-7	9.712735e-6	2.155036e-7
1081	1.063337e-5	6.094524e-7	1.0524e-5	-1.074896e-7
1082	9.542383e-6	-1.526643e-6	1.135144e-5	9.785223e-8
1083	9.758466e-6	-6.847837e-7	9.793843e-6	2.588863e-7
1084	1.069891e-5	8.228367e-7	1.033485e-5	-1.070616e-7
1085	9.793656e-6	-1.163216e-6	1.143479e-5	4.946407e-8
1086	9.508357e-6	-1.186594e-6	9.909815e-6	2.975075e-7
1087	1.06328e-5	8.213968e-7	1.015019e-5	-9.324149e-8
1088	1.009982e-5	-6.742405e-7	1.147854e-5	-4.93047e-9
1089	9.357029e-6	-1.554696e-6	1.006171e-5	3.296399e-7
1090	1.043778e-5	6.03341e-7	9.975722e-6	-7.054947e-8
1091	1.040957e-5	-1.470825e-7	1.147163e-5	-6.131214e-8
1092	9.340268e-6	-1.725928e-6	1.023817e-5	3.55385e-7
1093	1.015793e-5	2.115096e-7	9.819026e-6	-3.004418e-8
1094	1.065963e-5	3.309539e-7	1.143156e-5	-1.172544e-7
1095	9.454605e-6	-1.667313e-6	1.042854e-5	3.646332e-7
1096	9.836403e-6	-2.886401e-7	9.687379e-6	1.564661e-8
1097	1.078188e-5	6.739768e-7	1.135009e-5	-1.698475e-7
1098	9.674026e-6	-1.402434e-6	1.062684e-5	3.736579e-7
1099	9.531587e-6	-8.14449e-7	9.605113e-6	6.792367e-8
1100	1.076884e-5	8.150624e-7	1.12266e-5	-2.246888e-7
1101	9.980207e-6	-9.822622e-7	1.081808e-5	3.654918e-7
1102	9.313121e-6	-1.270731e-6	9.569776e-6	1.291192e-7
1103	1.06104e-5	7.249489e-7	1.106218e-5	-2.767992e-7
1104	1.031391e-5	-4.705281e-7	1.09952e-5	3.430463e-7
1105	9.227997e-6	-1.56899e-6	9.589299e-6	2.020801e-7
1106	1.032908e-5	4.314517e-7	1.087426e-5	-3.196804e-7
1107	1.061154e-5	4.308111e-8	1.113118e-5	3.014656e-7
1108	9.298812e-6	-1.650371e-6	9.661196e-6	2.805144e-7
1109	9.992057e-6	-1.113153e-8	1.068182e-5	-3.474708e-7
1110	1.080007e-5	4.599294e-7	1.122491e-5	2.455549e-7
1111	9.499114e-6	-1.508806e-6	9.761494e-6	3.659717e-7
1112	9.648135e-6	-5.092051e-7	1.050221e-5	-3.637738e-7
1113	1.085568e-5	7.000144e-7	1.128334e-5	1.708886e-7
1114	9.803208e-6	-1.18948e-6	9.880315e-6	4.522043e-7
1115	9.359397e-6	-9.880335e-7	1.033701e-5	-3.628526e-7
1116	1.076306e-5	7.239718e-7	1.131118e-5	8.303219e-8
1117	1.016303e-5	-7.445598e-7	1.001533e-5	5.392399e-7
1118	9.189212e-6	-1.348543e-6	1.01902e-5	-3.499769e-7
1119	1.053575e-5	5.456672e-7	1.130002e-5	-1.767631e-8
1120	1.051337e-5	-2.504049e-7	1.01708e-5	6.141199e-7
1121	9.165779e-6	-1.540475e-6	1.006775e-5	-3.135191e-7
1122	1.018974e-5	2.029666e-7	1.125394e-5	-1.230455e-7
1123	1.078636e-5	2.013584e-7	1.033293e-5	6.721753e-7
1124	9.310174e-6	-1.519647e-6	9.97407e-6	-2.508373e-7
1125	9.803122e-6	-2.404003e-7	1.1175e-5	-2.388099e-7
1126	1.093689e-5	5.200759e-7	1.04967e-5	7.055099e-7
1127	9.603812e-6	-1.302192e-6	9.911307e-6	-1.577708e-7
1128	9.440226e-6	-6.94888e-7	1.107647e-5	-3.570264e-7
1129	1.091251e-5	6.511134e-7	1.06504e-5	7.086732e-7
1130	9.975299e-6	-9.393686e-7	9.875573e-6	-3.625278e-8
1131	9.172719e-6	-1.081817e-6	1.095654e-5	-4.713094e-7
1132	1.07413e-5	5.780197e-7	1.079241e-5	6.790077e-7
1133	1.036883e-5	-5.088375e-7	9.871958e-6	1.114651e-7
1134	9.052949e-6	-1.346351e-6	1.08219e-5	-5.693557e-7
1135	1.043311e-5	3.21221e-7	1.091383e-5	6.09304e-7
1136	1.072546e-5	-7.523165e-8	9.901394e-6	2.703543e-7
1137	9.101212e-6	-1.430565e-6	1.066986e-5	-6.336529e-7
1138	1.002127e-5	-5.455899e-8	1.101232e-5	4.986392e-7
1139	1.096831e-5	2.774938e-7	9.966514e-6	4.383908e-7
1140	9.327834e-6	-1.325176e-6	1.051753e-5	-6.563005e-7
1141	9.596053e-6	-4.818427e-7	1.107671e-5	3.503351e-7
1142	1.105571e-5	4.840249e-7	1.006459e-5	5.858522e-7
1143	9.688056e-6	-1.039407e-6	1.037409e-5	-6.334636e-7
1144	9.240168e-6	-8.856255e-7	1.10995e-5	1.825018e-7
1145	1.097185e-5	4.98825e-7	1.018649e-5	7.130081e-7
1146	1.011942e-5	-6.500822e-7	1.02491e-5	-5.705009e-7
1147	9.023718e-6	-1.198557e-6	1.108805e-5	3.425765e-9
1148	1.071543e-5	3.295361e-7	1.031691e-5	7.981209e-7
1149	1.053872e-5	-2.241192e-7	1.014713e-5	-4.705589e-7
1150	8.982954e-6	-1.354348e-6	1.104551e-5	-1.674797e-7
1151	1.032987e-5	2.076023e-8	1.045134e-5	8.478196e-7
1152	1.087169e-5	1.539348e-7	1.007598e-5	-3.462686e-7
1153	9.122064e-6	-1.325451e-6	1.097637e-5	-3.230895e-7
1154	9.875045e-6	-3.651139e-7	1.058057e-5	8.553465e-7
1155	1.105901e-5	4.064923e-7	1.003489e-5	-1.995742e-7
1156	9.418986e-6	-1.108351e-6	1.088916e-5	-4.560947e-7
1157	9.453106e-6	-7.639355e-7	1.069714e-5	8.305722e-7
1158	1.107791e-5	4.86591e-7	1.001953e-5	-3.868759e-8
1159	9.822555e-6	-7.658092e-7	1.079398e-5	-5.742423e-7
1160	9.135679e-6	-1.110735e-6	1.079389e-5	7.633682e-7
1161	1.092272e-5	3.776683e-7	1.002674e-5	1.408197e-7
1162	1.026291e-5	-3.559479e-7	1.069398e-5	-6.61518e-7
1163	8.971844e-6	-1.318107e-6	1.087457e-5	6.566333e-7
1164	1.061153e-5	1.180337e-7	1.005651e-5	3.238659e-7
1165	1.067375e-5	4.165523e-8	1.059059e-5	-7.181464e-7
1166	8.996836e-6	-1.346505e-6	1.093217e-5	5.217908e-7
1167	1.01954e-5	-2.4951e-7	1.010227e-5	4.970177e-7
1168	1.097905e-5	3.415703e-7	1.048978e-5	-7.297382e-7
1169	9.19877e-6	-1.196364e-6	1.097479e-5	3.566326e-7
1170	9.742067e-6	-6.61116e-7	1.015596e-5	6.51839e-7
1171	1.111102e-5	4.915536e-7	1.040224e-5	-6.991136e-7
1172	9.545375e-6	-8.858822e-7	1.09984e-5	1.763336e-7
1173	9.344099e-6	-1.034105e-6	1.021562e-5	7.793708e-7
1174	1.105298e-5	4.584293e-7	1.032424e-5	-6.276796e-7
1175	9.982514e-6	-4.855958e-7	1.10039e-5	-1.253901e-8
1176	9.073847e-6	-1.307981e-6	1.028971e-5	8.742845e-7
1177	1.080531e-5	2.509897e-7	1.025353e-5	-5.261431e-7
1178	1.042458e-5	-6.859937e-8	1.099456e-5	-1.92688e-7
1179	8.970123e-6	-1.404913e-6	1.036859e-5	9.27644e-7
1180	1.041067e-5	-9.333571e-8	1.019597e-5	-3.938602e-7
1181	1.08025e-5	2.790646e-7	1.096946e-5	-3.603013e-7
1182	9.067899e-6	-1.318575e-6	1.045417e-5	9.360902e-7
1183	9.943962e-6	-5.087879e-7	1.01458e-5	-2.383944e-7
1184	1.104312e-5	4.736217e-7	1.093007e-5	-5.012163e-7
1185	9.347451e-6	-1.073421e-6	1.054253e-5	9.005556e-7
1186	9.500737e-6	-9.031807e-7	1.010708e-5	-6.906971e-8
1187	1.110082e-5	5.003731e-7	1.088362e-5	-6.175853e-7
1188	9.74253e-6	-6.998045e-7	1.062282e-5	8.353524e-7
1189	9.157252e-6	-1.218654e-6	1.008517e-5	1.013672e-7
1190	1.096911e-5	3.581689e-7	1.081679e-5	-7.102733e-7
1191	1.01949e-5	-2.770099e-7	1.069607e-5	7.462579e-7
1192	8.967946e-6	-1.384141e-6	1.008838e-5	2.712399e-7
1193	1.067003e-5	7.150596e-8	1.074524e-5	-7.688454e-7
1194	1.06292e-5	1.107876e-7	1.075157e-5	6.225598e-7
1195	8.965781e-6	-1.35948e-6	1.010962e-5	4.320486e-7
1196	1.024042e-5	-3.075813e-7	1.066866e-5	-7.860866e-7
1197	1.09516e-5	3.872287e-7	1.079452e-5	4.821845e-7
1198	9.141342e-6	-1.161606e-6	1.015507e-5	5.749987e-7
1199	9.766884e-6	-7.130127e-7	1.0589e-5	-7.700045e-7
1200	1.111652e-5	4.945949e-7	1.0817e-5	3.209358e-7
1201	9.477254e-6	-8.333685e-7	1.021718e-5	7.007685e-7
1202	9.348289e-6	-1.074256e-6	1.051097e-5	-7.17161e-7
1203	1.10967e-5	4.233353e-7	1.082242e-5	1.471657e-7
1204	9.906853e-6	-4.250007e-7	1.02875e-5	8.104809e-7
1205	9.05226e-6	-1.317743e-6	1.044546e-5	-6.410445e-7
1206	1.08875e-5	1.83695e-7	1.080488e-5	-3.341498e-8
1207	1.036173e-5	-1.229717e-8	1.036078e-5	8.957533e-7
1208	8.930172e-6	-1.373994e-6	1.040459e-5	-5.356908e-7
1209	1.053019e-5	-1.757755e-7	1.075999e-5	-2.060763e-7
1210	1.075437e-5	3.176423e-7	1.043118e-5	9.479071e-7
1211	8.993686e-6	-1.234974e-6	1.039168e-5	-4.057948e-7
1212	1.007691e-5	-5.873857e-7	1.070371e-5	-3.675394e-7
1213	1.102926e-5	4.950668e-7	1.048809e-5	9.587508e-7
1214	9.241575e-6	-9.476696e-7	1.039888e-5	-2.523095e-7
1215	9.615344e-6	-9.740642e-7	1.064539e-5	-5.079382e-7
1216	1.112741e-5	4.7977e-7	1.053066e-5	9.292036e-7
1217	9.629304e-6	-5.607359e-7	1.042158e-5	-8.749035e-8
1218	9.233281e-6	-1.25078e-6	1.058278e-5	-6.260365e-7
1219	1.104452e-5	2.854612e-7	1.056268e-5	8.630518e-7
1220	1.007718e-5	-1.400957e-7	1.04573e-5	8.744609e-8
1221	8.984293e-6	-1.365612e-6	1.052529e-5	-7.129846e-7
1222	1.077804e-5	-4.969361e-8	1.05787e-5	7.635352e-7
1223	1.051255e-5	2.275284e-7	1.05009e-5	2.67473e-7
1224	8.923511e-6	-1.284157e-6	1.047709e-5	-7.731109e-7
1225	1.038744e-5	-4.627873e-7	1.057567e-5	6.310899e-7
1226	1.086987e-5	4.708312e-7	1.054847e-5	4.458661e-7
1227	9.059571e-6	-1.030787e-6	1.044316e-5	-7.937507e-7
1228	9.932203e-6	-8.787868e-7	1.055476e-5	4.69768e-7
1229	1.106743e-5	5.358954e-7	1.059749e-5	6.130416e-7
1230	9.353124e-6	-6.598014e-7	1.042205e-5	-7.780965e-7
1231	9.50631e-6	-1.206368e-6	1.052186e-5	2.852901e-7
1232	1.109518e-5	4.031979e-7	1.064599e-5	7.619342e-7
1233	9.755879e-6	-2.44444e-7	1.042084e-5	-7.214367e-7
1234	9.175215e-6	-1.392696e-6	1.047455e-5	8.081633e-8
1235	1.095487e-5	8.754189e-8	1.068598e-5	8.759132e-7
1236	1.02036e-5	1.631473e-7	1.043163e-5	-6.116619e-7
1237	8.983599e-6	-1.382683e-6	1.042651e-5	-1.293645e-7
1238	1.064834e-5	-3.374349e-7	1.071609e-5	9.467591e-7
1239	1.060594e-5	4.635187e-7	1.045692e-5	-4.583299e-7
1240	8.978177e-6	-1.181934e-6	1.038157e-5	-3.299433e-7
1241	1.02406e-5	-7.891568e-7	1.072807e-5	9.614204e-7
1242	1.089748e-5	6.032664e-7	1.050034e-5	-2.759207e-7
1243	9.165743e-6	-8.308243e-7	1.032787e-5	-4.972358e-7
1244	9.803596e-6	-1.179255e-6	1.073057e-5	9.296144e-7
1245	1.104048e-5	5.431545e-7	1.055834e-5	-7.861098e-8
1246	9.509349e-6	-4.011935e-7	1.027187e-5	-6.289804e-7
1247	9.422048e-6	-1.45148e-6	1.071378e-5	8.409606e-7
1248	1.100737e-5	2.856614e-7	1.063259e-5	1.246969e-7
1249	9.925244e-6	5.785514e-8	1.022427e-5	-7.13429e-7
1250	9.162402e-6	-1.536523e-6	1.067751e-5	7.108736e-7
1251	1.081358e-5	-1.295527e-7	1.070675e-5	3.213478e-7
1252	1.032988e-5	4.554177e-7	1.019741e-5	-7.55171e-7
1253	9.053209e-6	-1.412259e-6	1.062407e-5	5.465156e-7
1254	1.048187e-5	-6.173321e-7	1.077758e-5	5.012148e-7
1255	1.065907e-5	7.028719e-7	1.019687e-5	-7.45181e-7
1256	9.118844e-6	-1.094852e-6	1.055822e-5	3.613321e-7
1257	1.00857e-5	-1.080318e-6	1.083104e-5	6.538312e-7
1258	1.087743e-5	7.398869e-7	1.022192e-5	-6.944704e-7
1259	9.348111e-6	-6.531495e-7	1.048507e-5	1.623406e-7
1260	9.695245e-6	-1.452718e-6	1.086205e-5	7.74156e-7
1261	1.094824e-5	5.508099e-7	1.027033e-5	-5.975409e-7
1262	9.69003e-6	-1.540161e-7	1.041538e-5	-4.029416e-8
1263	9.379442e-6	-1.650812e-6	1.087064e-5	8.529197e-7
1264	1.08647e-5	1.800708e-7	1.033135e-5	-4.669234e-7
1265	1.008102e-5	3.300526e-7	1.034588e-5	-2.292466e-7
1266	9.199405e-6	-1.63896e-6	1.086355e-5	8.860156e-7
1267	1.063398e-5	-3.219957e-7	1.040022e-5	-3.040323e-7
1268	1.044847e-5	6.976424e-7	1.02933e-5	-3.979176e-7
1269	9.172985e-6	-1.409657e-6	1.083621e-5	8.659624e-7
1270	1.028479e-5	-8.54765e-7	1.048033e-5	-1.183913e-7
1271	1.072143e-5	8.663455e-7	1.025521e-5	-5.329544e-7
1272	9.307556e-6	-9.95196e-7	1.07888e-5	7.935493e-7
1273	9.901223e-6	-1.322088e-6	1.056355e-5	7.536274e-8
1274	1.086405e-5	8.050384e-7	1.02305e-5	-6.251821e-7
1275	9.582869e-6	-4.797257e-7	1.073183e-5	6.790698e-7
1276	9.556636e-6	-1.65315e-6	1.063929e-5	2.599368e-7
1277	1.083957e-5	5.206625e-7	1.022297e-5	-6.688725e-7
1278	9.924329e-6	6.696565e-8	1.066813e-5	5.376639e-7
1279	9.309739e-6	-1.778742e-6	1.069944e-5	4.193292e-7
1280	1.066378e-5	4.995386e-8	1.024279e-5	-6.671056e-7
1281	1.027173e-5	5.538211e-7	1.059516e-5	3.815365e-7
1282	9.216337e-6	-1.675741e-6	1.074295e-5	5.472598e-7
1283	1.037446e-5	-5.255552e-7	1.027655e-5	-6.218885e-7
1284	1.05612e-5	8.587453e-7	1.052476e-5	2.138299e-7
1285	9.289305e-6	-1.359599e-6	1.077289e-5	6.380894e-7
1286	1.002444e-5	-1.080988e-6	1.032339e-5	-5.393593e-7
1287	1.074533e-5	9.430059e-7	1.044872e-5	5.493707e-8
1288	9.506202e-6	-8.719801e-7	1.079418e-5	6.870135e-7
1289	9.684799e-6	-1.529941e-6	1.037649e-5	-4.280917e-7
1290	1.07879e-5	7.844527e-7	1.037275e-5	-8.752306e-8
1291	9.819958e-6	-2.944431e-7	1.081087e-5	6.998833e-7
1292	9.426271e-6	-1.792858e-6	1.043761e-5	-2.973285e-7
1293	1.069293e-5	4.045203e-7	1.030175e-5	-2.152305e-7
1294	1.015715e-5	2.74943e-7	1.080205e-5	6.804212e-7
1295	9.295684e-6	-1.821645e-6	1.05132e-5	-1.566065e-7
1296	1.047443e-5	-1.298129e-7	1.025022e-5	-3.164441e-7
1297	1.04397e-5	7.285628e-7	1.077309e-5	6.373432e-7
1298	9.296055e-6	-1.607783e-6	1.059174e-5	-2.007327e-8
1299	1.017517e-5	-7.293139e-7	1.021261e-5	-3.903353e-7
1300	1.064398e-5	9.619097e-7	1.072701e-5	5.691925e-7
1301	9.437094e-6	-1.184706e-6	1.067149e-5	1.123657e-7
1302	9.852906e-6	-1.28052e-6	1.018987e-5	-4.361511e-7
1303	1.073879e-5	9.437062e-7	1.067183e-5	4.835305e-7
1304	9.685986e-6	-6.258479e-7	1.07415e-5	2.289423e-7
1305	9.568027e-6	-1.68543e-6	1.018e-5	-4.52507e-7
1306	1.070294e-5	6.803424e-7	1.060605e-5	3.830132e-7
1307	9.993153e-6	-2.387279e-8	1.081088e-5	3.33988e-7
1308	9.388182e-6	-1.865867e-6	1.017602e-5	-4.397626e-7
1309	1.054686e-5	2.111683e-7	1.053226e-5	2.686686e-7
1310	1.028639e-5	5.249827e-7	1.088093e-5	4.244354e-7
1311	9.329908e-6	-1.788279e-6	1.018661e-5	-4.01274e-7
1312	1.029831e-5	-3.872959e-7	1.044951e-5	1.408565e-7
1313	1.052345e-5	9.081112e-7	1.093689e-5	4.985721e-7
1314	9.403776e-6	-1.46233e-6	1.022549e-5	-3.322246e-7
1315	1.000605e-5	-1.012205e-6	1.036155e-5	7.700977e-9
1316	1.065612e-5	1.036119e-6	1.09745e-5	5.450568e-7
1317	9.596744e-6	-9.449268e-7	1.028332e-5	-2.45987e-7
1318	9.735374e-6	-1.536938e-6	1.027162e-5	-1.14608e-7
1319	1.067403e-5	9.033209e-7	1.100053e-5	5.649573e-7
1320	9.861074e-6	-3.216709e-7	1.035079e-5	-1.443203e-7
1321	9.52639e-6	-1.866311e-6	1.018858e-5	-2.192388e-7
1322	1.056057e-5	5.275096e-7	1.100524e-5	5.505232e-7
1323	1.01451e-5	2.949787e-7	1.043117e-5	-3.350141e-8
1324	9.427492e-6	-1.929402e-6	1.0116e-5	-3.043916e-7
1325	1.036074e-5	-3.448921e-8	1.099026e-5	5.117817e-7
1326	1.039052e-5	7.992606e-7	1.052248e-5	8.819453e-8
1327	9.456871e-6	-1.718007e-6	1.005639e-5	-3.691946e-7
1328	1.010946e-5	-6.858631e-7	1.094996e-5	4.473262e-7
1329	1.053848e-5	1.084634e-6	1.061665e-5	2.16414e-7
1330	9.590648e-6	-1.271739e-6	1.001632e-5	-4.159463e-7
1331	9.865128e-6	-1.295438e-6	1.08905e-5	3.613638e-7
1332	1.057454e-5	1.092948e-6	1.071188e-5	3.399591e-7
1333	9.802843e-6	-6.795358e-7	9.993712e-6	-4.407028e-7
1334	9.672637e-6	-1.766758e-6	1.081065e-5	2.575433e-7
1335	1.05071e-5	8.303475e-7	1.080279e-5	4.5623e-7
1336	1.00499e-5	-2.964364e-8	9.987817e-6	-4.309917e-7
1337	9.55276e-6	-1.9988e-6	1.072519e-5	1.275433e-7
1338	1.03431e-5	3.412659e-7	1.088541e-5	5.589718e-7
1339	1.027771e-5	5.608936e-7	9.999708e-6	-3.901134e-7
1340	9.536747e-6	-1.949487e-6	1.062748e-5	-1.652927e-8
1341	1.012665e-5	-2.930229e-7	1.095968e-5	6.38321e-7
1342	1.044056e-5	9.99097e-7	1.003378e-5	-3.084418e-7
1343	9.6327e-6	-1.635177e-6	1.052206e-5	-1.648385e-7
1344	9.901384e-6	-9.615375e-7	1.101856e-5	6.883271e-7
1345	1.050893e-5	1.19085e-6	1.008866e-5	-2.028836e-7
1346	9.823662e-6	-1.117572e-6	1.04168e-5	-3.107472e-7
1347	9.714402e-6	-1.561144e-6	1.105483e-5	7.013629e-7
1348	1.046137e-5	1.106463e-6	1.016451e-5	-6.706982e-8
1349	1.006134e-5	-4.6753e-7	1.031731e-5	-4.382887e-7
1350	9.603599e-6	-1.964893e-6	1.106128e-5	6.722134e-7
1351	1.031494e-5	7.516544e-7	1.025637e-5	8.742941e-8
1352	1.028358e-5	1.986894e-7	1.023224e-5	-5.396587e-7
1353	9.580339e-6	-2.098938e-6	1.104508e-5	5.998076e-7
1354	1.00987e-5	1.82699e-7	1.035469e-5	2.561631e-7
1355	1.044195e-5	7.699998e-7	1.016319e-5	-6.045195e-7
1356	9.667483e-6	-1.941282e-6	1.100757e-5	4.883224e-7
1357	9.873096e-6	-5.004062e-7	1.045664e-5	4.193009e-7
1358	1.050695e-5	1.140901e-6	1.011211e-5	-6.306753e-7
1359	9.843758e-6	-1.537396e-6	1.095137e-5	3.435345e-7
1360	9.691901e-6	-1.191726e-6	1.055341e-5	5.7262e-7
1361	1.045995e-5	1.240341e-6	1.008953e-5	-6.198323e-7
1362	1.007032e-5	-9.450937e-7	1.087624e-5	1.734508e-7
1363	9.580167e-6	-1.743927e-6	1.063909e-5	7.060142e-7
1364	1.032296e-5	1.061823e-6	1.008645e-5	-5.661688e-7
1365	1.030349e-5	-2.642926e-7	1.079392e-5	-6.668147e-9
1366	9.564277e-6	-2.072323e-6	1.070974e-5	8.076418e-7
1367	1.01193e-5	6.236141e-7	1.010355e-5	-4.66468e-7
1368	1.049092e-5	3.944216e-7	1.070901e-5	-1.988402e-7
1369	9.643935e-6	-2.119777e-6	1.076262e-5	8.749228e-7
1370	9.873651e-6	-2.484147e-9	1.014373e-5	-3.275017e-7
1371	1.057492e-5	9.207035e-7	1.061969e-5	-3.813976e-7
1372	9.821668e-6	-1.879996e-6	1.07986e-5	8.88794e-7
1373	9.653532e-6	-7.06876e-7	1.020018e-5	-1.514268e-7
1374	1.054808e-5	1.218526e-6	1.053343e-5	-5.435101e-7
1375	1.007056e-5	-1.407118e-6	1.082202e-5	8.471152e-7
1376	9.495442e-6	-1.364057e-6	1.026047e-5	4.444991e-8
1377	1.039686e-5	1.236584e-6	1.04606e-5	-6.677173e-7
1378	1.033321e-5	-7.827385e-7	1.082922e-5	7.419351e-7
1379	9.432525e-6	-1.855206e-6	1.033015e-5	2.556092e-7
1380	1.015558e-5	9.808134e-7	1.040052e-5	-7.40842e-7
1381	1.055894e-5	-9.554971e-8	1.081949e-5	5.880794e-7
1382	9.485459e-6	-2.108582e-6	1.039907e-5	4.595858e-7
1383	9.874835e-6	4.717863e-7	1.035277e-5	-7.632334e-7
1384	1.069748e-5	5.149364e-7	1.079871e-5	3.981727e-7
1385	9.663087e-6	-2.07598e-6	1.046511e-5	6.391772e-7
1386	9.604495e-6	-1.862601e-7	1.031905e-5	-7.291357e-7
1387	1.070761e-5	9.671534e-7	1.076243e-5	1.928696e-7
1388	9.938154e-6	-1.772959e-6	1.053279e-5	7.768976e-7
1389	9.400572e-6	-8.761776e-7	1.029714e-5	-6.415893e-7
1390	1.05789e-5	1.18492e-6	1.071753e-5	-1.2902e-8
1391	1.025923e-5	-1.252802e-6	1.059376e-5	8.62262e-7
1392	9.308134e-6	-1.478048e-6	1.028622e-5	-5.074416e-7
1393	1.033452e-5	1.127042e-6	1.065885e-5	-2.101961e-7
1394	1.056016e-5	-5.982265e-7	1.064921e-5	8.964347e-7
1395	9.34783e-6	-1.888109e-6	1.029389e-5	-3.394594e-7
1396	1.001192e-5	8.036133e-7	1.059195e-5	-3.833665e-7
1397	1.075931e-5	8.19349e-8	1.069178e-5	8.799501e-7
1398	9.511336e-6	-2.047248e-6	1.031759e-5	-1.491165e-7
1399	9.675856e-6	2.564074e-7	1.053134e-5	-5.278964e-7
1400	1.082348e-5	6.550889e-7	1.072186e-5	8.222931e-7
1401	9.788104e-6	-1.927874e-6	1.035176e-5	5.069343e-8
1402	9.404207e-6	-4.094449e-7	1.047744e-5	-6.461744e-7
1403	1.07369e-5	1.029492e-6	1.073114e-5	7.289196e-7
1404	1.012658e-5	-1.559927e-6	1.039493e-5	2.463197e-7
1405	9.239998e-6	-1.068385e-6	1.043761e-5	-7.243993e-7
1406	1.051122e-5	1.149033e-6	1.072031e-5	6.043735e-7
1407	1.046915e-5	-9.957897e-7	1.04389e-5	4.319798e-7
1408	9.222368e-6	-1.604137e-6	1.040788e-5	-7.618668e-7
1409	1.018158e-5	9.967272e-7	1.070764e-5	4.524351e-7
1410	1.074284e-5	-3.338736e-7	1.047434e-5	5.952291e-7
1411	9.353871e-6	-1.932743e-6	1.039057e-5	-7.53961e-7
1412	9.809101e-6	5.899468e-7	1.068885e-5	2.823754e-7
1413	1.088559e-5	3.097697e-7	1.050925e-5	7.35296e-7
1414	9.619132e-6	-1.990158e-6	1.038365e-5	-7.047169e-7
1415	9.47192e-6	-1.394362e-8	1.066221e-5	9.67485e-8
1416	1.086025e-5	8.04284e-7	1.053961e-5	8.431209e-7
1417	9.970604e-6	-1.766866e-6	1.0379e-5	-6.157734e-7
1418	9.244759e-6	-6.832057e-7	1.064626e-5	-8.999392e-8
1419	1.067766e-5	1.082116e-6	1.055701e-5	9.20873e-7
1420	1.034747e-5	-1.309261e-6	1.037836e-5	-4.922739e-7
1421	9.152756e-6	-1.296214e-6	1.06302e-5	-2.768471e-7
1422	1.035285e-5	1.089569e-6	1.05658e-5	9.628965e-7
1423	1.068468e-5	-7.023225e-7	1.038464e-5	-3.392016e-7
1424	9.22769e-6	-1.744589e-6	1.061211e-5	-4.504577e-7
1425	9.957643e-6	8.312683e-7	1.057025e-5	9.657187e-7
1426	1.091286e-5	-3.907267e-8	1.039824e-5	-1.692435e-7
1427	9.466577e-6	-1.961877e-6	1.059096e-5	-5.971548e-7
1428	9.556829e-6	3.42132e-7	1.057046e-5	9.288794e-7
1429	1.096379e-5	5.459652e-7	1.041783e-5	1.587278e-9
1430	9.823269e-6	-1.894367e-6	1.057777e-5	-7.078144e-7
1431	9.240471e-6	-2.819264e-7	1.056477e-5	8.576602e-7
1432	1.082545e-5	9.474491e-7	1.043787e-5	1.68236e-7
1433	1.024247e-5	-1.578512e-6	1.05653e-5	-7.884923e-7
1434	9.073591e-6	-9.382952e-7	1.05594e-5	7.602147e-7
1435	1.053222e-5	1.106788e-6	1.045451e-5	3.33665e-7
1436	1.063613e-5	-1.061185e-6	1.056552e-5	-8.435667e-7
1437	9.076934e-6	-1.496147e-6	1.054799e-5	6.382865e-7
1438	1.012268e-5	9.950723e-7	1.046271e-5	4.983453e-7
1439	1.092753e-5	-4.378493e-7	1.057379e-5	-8.680834e-7
1440	9.259695e-6	-1.854596e-6	1.053382e-5	4.937969e-7
1441	9.676304e-6	6.401354e-7	1.047164e-5	6.565435e-7
1442	1.107039e-5	1.841551e-7	1.058276e-5	-8.581405e-7
1443	9.601246e-6	-1.960138e-6	1.052201e-5	3.274775e-7
1444	9.276905e-6	1.11877e-7	1.047073e-5	7.937437e-7
1445	1.103009e-5	6.848783e-7	1.059421e-5	-8.128788e-7
1446	1.005054e-5	-1.811144e-6	1.051188e-5	1.446178e-7
1447	9.003424e-6	-5.183304e-7	1.046562e-5	9.124787e-7
1448	1.079128e-5	9.942772e-7	1.060401e-5	-7.303689e-7
1449	1.05219e-5	-1.420349e-6	1.050644e-5	-5.157289e-8
1450	8.913047e-6	-1.125214e-6	1.044974e-5	1.001345e-6
1451	1.039065e-5	1.057001e-6	1.062206e-5	-6.14311e-7
1452	1.091728e-5	-8.646146e-7	1.051007e-5	-2.448023e-7
1453	9.017282e-6	-1.5989e-6	1.04248e-5	1.059042e-6
1454	9.889051e-6	8.654485e-7	1.064123e-5	-4.668154e-7
1455	1.117125e-5	-2.467471e-7	1.052393e-5	-4.301746e-7
1456	9.320061e-6	-1.858476e-6	1.039344e-5	1.073696e-6
1457	9.397474e-6	4.585129e-7	1.065452e-5	-2.952153e-7
1458	1.122623e-5	3.213204e-7	1.054689e-5	-5.912749e-7
1459	9.766832e-6	-1.872251e-6	1.035306e-5	1.047635e-6
1460	9.016984e-6	-1.102963e-7	1.066657e-5	-1.073376e-7
1461	1.106818e-5	7.390997e-7	1.057832e-5	-7.285567e-7
1462	1.027825e-5	-1.634143e-6	1.030607e-5	9.778121e-7
1463	8.8037e-6	-7.166757e-7	1.06696e-5	9.683004e-8
1464	1.072357e-5	9.526931e-7	1.06237e-5	-8.362078e-7
1465	1.076963e-5	-1.192722e-6	1.02634e-5	8.636176e-7
1466	8.801496e-6	-1.256444e-6	1.065661e-5	3.086847e-7
1467	1.024581e-5	9.21711e-7	1.067845e-5	-9.085874e-7
1468	1.115391e-5	-6.339933e-7	1.023186e-5	7.0488e-7
1469	9.010051e-6	-1.636225e-6	1.062566e-5	5.221826e-7
1470	9.698367e-6	6.595961e-7	1.073791e-5	-9.369292e-7
1471	1.134938e-5	-6.777793e-8	1.021979e-5	5.121452e-7
1472	9.404841e-6	-1.793115e-6	1.058269e-5	7.158237e-7
1473	9.197852e-6	2.241128e-7	1.079043e-5	-9.093564e-7
1474	1.132764e-5	4.155826e-7	1.022606e-5	2.955594e-7
1475	9.918499e-6	-1.721613e-6	1.052376e-5	8.766195e-7
1476	8.831879e-6	-3.18408e-7	1.083624e-5	-8.3451e-7
1477	1.107463e-5	7.35929e-7	1.025025e-5	6.743061e-8
1478	1.046184e-5	-1.431918e-6	1.045667e-5	9.973692e-7
1479	8.658338e-6	-8.60467e-7	1.088094e-5	-7.064853e-7
1480	1.063122e-5	8.575657e-7	1.028047e-5	-1.633007e-7
1481	1.094987e-5	-9.832386e-7	1.038196e-5	1.063385e-6
1482	8.716188e-6	-1.313738e-6	1.091494e-5	-5.323906e-7
1483	1.007507e-5	7.433262e-7	1.032722e-5	-3.827837e-7
1484	1.130577e-5	-4.814631e-7	1.030575e-5	1.071029e-6
1485	9.004876e-6	-1.59481e-6	1.093282e-5	-3.198868e-7
1486	9.492495e-6	4.424159e-7	1.038555e-5	-5.697764e-7
1487	1.146119e-5	8.759609e-10	1.02432e-5	1.009272e-6
1488	9.480665e-6	-1.667311e-6	1.092476e-5	-8.172911e-8
1489	8.987054e-6	1.324781e-8	1.045239e-5	-7.109556e-7
1490	1.137266e-5	3.893195e-7	1.019412e-5	8.919385e-7
1491	1.006027e-5	-1.529653e-6	1.089976e-5	1.58236e-7
1492	8.658302e-6	-4.746559e-7	1.052283e-5	-8.009941e-7
1493	1.104651e-5	6.250718e-7	1.01523e-5	7.35467e-7
1494	1.064972e-5	-1.201542e-6	1.08643e-5	3.810708e-7
1495	8.566541e-6	-9.344822e-7	1.059773e-5	-8.387125e-7
1496	1.052981e-5	6.753762e-7	1.011446e-5	5.555178e-7
1497	1.112649e-5	-7.548732e-7	1.08201e-5	5.718757e-7
1498	8.71615e-6	-1.291428e-6	1.068355e-5	-8.24768e-7
1499	9.912857e-6	5.202468e-7	1.008118e-5	3.584747e-7
1500	1.143137e-5	-2.854718e-7	1.07612e-5	7.263947e-7
1501	9.100518e-6	-1.485443e-6	1.077183e-5	-7.641741e-7
1502	9.308431e-6	1.957445e-7	1.005856e-5	1.574695e-7
1503	1.150215e-5	1.314159e-7	1.068863e-5	8.33785e-7
1504	9.649336e-6	-1.488534e-6	1.086144e-5	-6.584906e-7
1505	8.829883e-6	-2.314672e-7	1.004859e-5	-3.630511e-8
1506	1.131421e-5	4.37969e-7	1.059877e-5	8.965187e-7
1507	1.027116e-5	-1.292992e-6	1.094699e-5	-5.18539e-7
1508	8.568236e-6	-6.791948e-7	1.007049e-5	-2.131992e-7
1509	1.088861e-5	5.869088e-7	1.049286e-5	9.120238e-7
1510	1.085463e-5	-9.41721e-7	1.101136e-5	-3.552997e-7
1511	8.563921e-6	-1.070812e-6	1.012628e-5	-3.645213e-7
1512	1.029767e-5	5.482801e-7	1.037757e-5	8.919034e-7
1513	1.129497e-5	-5.060912e-7	1.105494e-5	-1.811721e-7
1514	8.82349e-6	-1.341426e-6	1.020347e-5	-4.963591e-7
1515	9.650733e-6	3.15918e-7	1.026281e-5	8.36453e-7
1516	1.152316e-5	-8.337021e-8	1.107479e-5	-7.669088e-9
1517	9.299828e-6	-1.433039e-6	1.030442e-5	-5.906725e-7
1518	9.075784e-6	-4.965471e-8	1.015668e-5	7.524098e-7
1519	1.149032e-5	2.70239e-7	1.106516e-5	1.489299e-7
1520	9.911657e-6	-1.329303e-6	1.041907e-5	-6.499612e-7
1521	8.66148e-6	-4.810952e-7	1.006277e-5	6.46099e-7
1522	1.11753e-5	4.877552e-7	1.103478e-5	2.910208e-7
1523	1.05526e-5	-1.051488e-6	1.05462e-5	-6.705895e-7
1524	8.501947e-6	-8.842954e-7	9.983604e-6	5.194693e-7
1525	1.064637e-5	5.336605e-7	1.098177e-5	4.127452e-7
1526	1.111126e-5	-6.66132e-7	1.067545e-5	-6.505189e-7
1527	8.625525e-6	-1.197456e-6	9.927024e-6	3.815764e-7
1528	9.994597e-6	3.983698e-7	1.089912e-5	5.04278e-7
1529	1.147832e-5	-2.529584e-7	1.080869e-5	-5.984922e-7
1530	8.997691e-6	-1.354156e-6	9.896494e-6	2.508064e-7
1531	9.336064e-6	1.113659e-7	1.079048e-5	5.684823e-7
1532	1.158678e-5	1.119018e-7	1.093301e-5	-5.27333e-7
1533	9.575665e-6	-1.349479e-6	9.897415e-6	1.318704e-7
1534	8.802574e-6	-2.789937e-7	1.066763e-5	6.052134e-7
1535	1.141392e-5	3.72376e-7	1.103826e-5	-4.44628e-7
1536	1.024316e-5	-1.168991e-6	9.92792e-6	2.241048e-8
1537	8.48618e-6	-6.880253e-7	1.052966e-5	6.321859e-7
1538	1.097079e-5	4.874133e-7	1.112587e-5	-3.619294e-7
1539	1.087525e-5	-8.536885e-7	9.990108e-6	-7.639174e-8
1540	8.443049e-6	-1.032436e-6	1.039124e-5	6.442334e-7
1541	1.035272e-5	4.358787e-7	1.118386e-5	-2.766182e-7
1542	1.137725e-5	-4.738716e-7	1.007561e-5	-1.62784e-7
1543	8.679393e-6	-1.245255e-6	1.025321e-5	6.425816e-7
1544	9.665942e-6	2.310192e-7	1.121895e-5	-1.954674e-7
1545	1.16641e-5	-1.135346e-7	1.018555e-5	-2.310872e-7
1546	9.169797e-6	-1.315682e-6	1.01215e-5	6.278673e-7
1547	9.027406e-6	-9.421265e-8	1.122502e-5	-1.172743e-7
1548	1.166235e-5	1.762311e-7	1.031249e-5	-2.846164e-7
1549	9.831709e-6	-1.221356e-6	1.000012e-5	5.967257e-7
1550	8.56048e-6	-4.654881e-7	1.12024e-5	-4.229686e-8
1551	1.135832e-5	3.487381e-7	1.045505e-5	-3.199008e-7
1552	1.05357e-5	-9.850979e-7	9.896871e-6	5.523379e-7
1553	8.338777e-6	-8.117296e-7	1.114762e-5	3.419376e-8
1554	1.080256e-5	3.782253e-7	1.060696e-5	-3.415075e-7
1555	1.115748e-5	-6.510356e-7	9.820011e-6	4.94888e-7
1556	8.414923e-6	-1.072563e-6	1.106266e-5	1.08543e-7
1557	1.010757e-5	2.567537e-7	1.075359e-5	-3.449198e-7
1558	1.158864e-5	-2.907955e-7	9.779698e-6	4.233709e-7
1559	8.783082e-6	-1.208914e-6	1.094928e-5	1.799948e-7
1560	9.401085e-6	-6.153096e-9	1.089921e-5	-3.411322e-7
1561	1.175186e-5	1.70863e-8	9.76855e-6	3.413593e-7
1562	9.378872e-6	-1.190975e-6	1.0813e-5	2.486851e-7
1563	8.802528e-6	-3.320362e-7	1.10304e-5	-3.268503e-7
1564	1.161698e-5	2.288571e-7	9.793717e-6	2.608375e-7
1565	1.009374e-5	-1.02974e-6	1.065719e-5	3.088223e-7
1566	8.424445e-6	-6.632923e-7	1.114056e-5	-3.021603e-7
1567	1.12095e-5	3.086082e-7	9.854786e-6	1.815724e-7
1568	1.079859e-5	-7.606487e-7	1.049221e-5	3.626294e-7
1569	8.316779e-6	-9.3834e-7	1.121986e-5	-2.690989e-7
1570	1.05871e-5	2.448235e-7	9.949892e-6	1.070893e-7
1571	1.136355e-5	-4.404365e-7	1.033091e-5	3.936461e-7
1572	8.507032e-6	-1.101337e-6	1.126629e-5	-2.21065e-7
1573	9.86968e-6	5.861129e-8	1.006976e-5	3.448011e-8
1574	1.170036e-5	-1.37636e-7	1.018572e-5	4.060715e-7
1575	8.968175e-6	-1.132122e-6	1.127321e-5	-1.593913e-7
1576	9.18256e-6	-2.186168e-7	1.021077e-5	-3.40014e-8
1577	1.174642e-5	7.714904e-8	1.005817e-5	3.943407e-7
1578	9.607555e-6	-1.025214e-6	1.124992e-5	-7.780265e-8
1579	8.639035e-6	-5.083404e-7	1.036159e-5	-9.794024e-8
1580	1.14968e-5	1.835195e-7	9.953141e-6	3.606849e-7
1581	1.031015e-5	-8.209973e-7	1.119253e-5	1.086837e-8
1582	8.347876e-6	-7.670026e-7	1.051941e-5	-1.412045e-7
1583	1.100547e-5	1.533031e-7	9.881284e-6	3.072387e-7
1584	1.095524e-5	-5.635133e-7	1.109859e-5	9.711448e-8
1585	8.344027e-6	-9.466647e-7	1.067206e-5	-1.612528e-7
1586	1.03547e-5	1.140269e-8	9.849124e-6	2.368529e-7
1587	1.144906e-5	-2.966947e-7	1.097726e-5	1.701996e-7
1588	8.628121e-6	-1.00793e-6	1.080715e-5	-1.531201e-7
1589	9.648893e-6	-2.023066e-7	9.849254e-6	1.599063e-7
1590	1.170212e-5	-8.229683e-8	1.08411e-5	2.209728e-7
1591	9.15822e-6	-9.53958e-7	1.091938e-5	-1.184417e-7
1592	9.008029e-6	-4.388733e-7	9.874208e-6	8.612169e-8
1593	1.166789e-5	4.41218e-8	1.070542e-5	2.494466e-7
1594	9.84714e-6	-8.069682e-7	1.100883e-5	-6.551103e-8
1595	8.550378e-6	-6.537734e-7	9.920593e-6	2.557632e-8
1596	1.134406e-5	7.244529e-8	1.05722e-5	2.498957e-7
1597	1.054176e-5	-5.899092e-7	1.10824e-5	-1.759088e-9
1598	8.346398e-6	-8.269925e-7	9.984883e-6	-1.929377e-8
1599	1.079091e-5	-1.074963e-8	1.044057e-5	2.274812e-7
1600	1.113571e-5	-3.487454e-7	1.113582e-5	6.298782e-8
1601	8.446429e-6	-9.166941e-7	1.006896e-5	-4.92394e-8
1602	1.011097e-5	-1.840278e-7	1.03154e-5	1.888616e-7
1603	1.153395e-5	-1.428706e-7	1.116262e-5	1.250321e-7
1604	8.826437e-6	-9.038059e-7	1.016887e-5	-6.315098e-8
1605	9.419862e-6	-3.950066e-7	1.019816e-5	1.377001e-7
1606	1.167076e-5	-7.578044e-9	1.116802e-5	1.751133e-7
1607	9.417499e-6	-7.920581e-7	1.028828e-5	-5.484228e-8
1608	8.839483e-6	-5.99782e-7	1.008862e-5	7.970469e-8
1609	1.152953e-5	4.093295e-8	1.113254e-5	2.041038e-7
1610	1.011311e-5	-6.124733e-7	1.042884e-5	-2.078314e-8
1611	8.47043e-6	-7.755941e-7	9.999949e-6	2.662986e-8
1612	1.110998e-5	8.346717e-10	1.106938e-5	2.103475e-7
1613	1.078685e-5	-3.861061e-7	1.057072e-5	2.45596e-8
1614	8.398052e-6	-8.978747e-7	9.937255e-6	-1.712784e-8
1615	1.048434e-5	-1.420594e-7	1.098723e-5	1.932338e-7
1616	1.131819e-5	-1.705784e-7	1.070606e-5	8.069891e-8
1617	8.6325e-6	-9.24574e-7	9.907114e-6	-4.145347e-8
1618	9.780524e-6	-3.385526e-7	1.088097e-5	1.49609e-7
1619	1.161798e-5	-6.742088e-9	1.082626e-5	1.357807e-7
1620	9.120708e-6	-8.488066e-7	9.907117e-6	-4.262378e-8
1621	9.114054e-6	-5.543476e-7	1.076022e-5	9.591102e-8
1622	1.162582e-5	7.509743e-8	1.093454e-5	1.836948e-7
1623	9.77029e-6	-6.780656e-7	9.933527e-6	-2.664105e-8
1624	8.619422e-6	-7.489662e-7	1.06273e-5	3.770145e-8
1625	1.134361e-5	6.878815e-8	1.102247e-5	2.200901e-7
1626	1.04804e-5	-4.570288e-7	9.989873e-6	3.162186e-9
1627	8.392912e-6	-8.982091e-7	1.048873e-5	-2.208058e-8
1628	1.080737e-5	-3.07285e-8	1.108601e-5	2.394896e-7
1629	1.110529e-5	-2.244784e-7	1.007494e-5	5.756577e-8
1630	8.461448e-6	-9.568124e-7	1.035194e-5	-7.980167e-8
1631	1.011227e-5	-2.126723e-7	1.111704e-5	2.298529e-7
1632	1.154959e-5	-3.556379e-8	1.0187e-5	1.253644e-7
1633	8.824443e-6	-9.192005e-7	1.022817e-5	-1.274227e-7
1634	9.399228e-6	-4.405494e-7	1.111099e-5	1.92561e-7
1635	1.172458e-5	6.816532e-8	1.031183e-5	2.022126e-7
1636	9.408677e-6	-7.812465e-7	1.012461e-5	-1.55013e-7
1637	8.789929e-6	-6.653965e-7	1.107864e-5	1.307167e-7
1638	1.158643e-5	8.136714e-8	1.044256e-5	2.760561e-7
1639	1.010385e-5	-5.68365e-7	1.004786e-5	-1.538761e-7
1640	8.399603e-6	-8.433103e-7	1.102063e-5	5.26238e-8
1641	1.116998e-5	-3.666654e-10	1.056617e-5	3.390793e-7
1642	1.080384e-5	-3.309283e-7	1.0002e-5	-1.290178e-7
1643	8.296623e-6	-9.32613e-7	1.094092e-5	-3.85077e-8
1644	1.054205e-5	-1.622761e-7	1.067871e-5	3.936519e-7
1645	1.138699e-5	-1.222803e-7	9.985224e-6	-8.159484e-8
1646	8.510273e-6	-9.294803e-7	1.084721e-5	-1.302638e-7
1647	9.812902e-6	-3.859223e-7	1.07694e-5	4.260021e-7
1648	1.173559e-5	1.954203e-8	1.00004e-5	-1.782418e-8
1649	8.993351e-6	-8.176381e-7	1.074202e-5	-2.140128e-7
1650	9.112361e-6	-6.110536e-7	1.084487e-5	4.38647e-7
1651	1.17808e-5	6.61676e-8	1.003834e-5	5.866488e-8
1652	9.664429e-6	-6.204193e-7	1.063139e-5	-2.8465e-7
1653	8.558951e-6	-7.991984e-7	1.090185e-5	4.209623e-7
1654	1.150461e-5	1.732879e-8	1.010181e-5	1.464198e-7
1655	1.040813e-5	-3.908345e-7	1.052048e-5	-3.387807e-7
1656	8.27188e-6	-9.123884e-7	1.093136e-5	3.833495e-7
1657	1.09572e-5	-1.127873e-7	1.01846e-5	2.389962e-7
1658	1.109288e-5	-1.714794e-7	1.041862e-5	-3.746961e-7
1659	8.31288e-6	-9.472414e-7	1.093872e-5	3.202743e-7
1660	1.024809e-5	-3.227252e-7	1.027904e-5	3.308919e-7
1661	1.158874e-5	-4.952059e-9	1.032884e-5	-3.919767e-7
1662	8.660261e-6	-8.743645e-7	1.092392e-5	2.40611e-7
1663	9.506597e-6	-5.59427e-7	1.037646e-5	4.175423e-7
1664	1.180597e-5	8.51909e-8	1.025438e-5	-3.879599e-7
1665	9.250388e-6	-6.963619e-7	1.089006e-5	1.455685e-7
1666	8.871351e-6	-7.764628e-7	1.047873e-5	4.943124e-7
1667	1.170612e-5	6.729315e-8	1.020273e-5	-3.584721e-7
1668	9.980966e-6	-4.602192e-7	1.083344e-5	4.620757e-8
1669	8.443684e-6	-9.214862e-7	1.058111e-5	5.472548e-7
1670	1.129405e-5	-5.918232e-8	1.018163e-5	-3.083391e-7
1671	1.070885e-5	-2.237052e-7	1.075311e-5	-5.330149e-8
1672	8.306944e-6	-9.635452e-7	1.067159e-5	5.812899e-7
1673	1.066352e-5	-2.552956e-7	1.019404e-5	-2.407073e-7
1674	1.130771e-5	-3.855355e-8	1.065426e-5	-1.412533e-7
1675	8.484412e-6	-9.006264e-7	1.074197e-5	5.856625e-7
1676	9.935586e-6	-5.000987e-7	1.023901e-5	-1.608588e-7
1677	1.166226e-5	6.407084e-8	1.054974e-5	-2.081591e-7
1678	8.92528e-6	-7.358383e-7	1.078815e-5	5.621679e-7
1679	9.23146e-6	-7.260889e-7	1.030582e-5	-8.150535e-8
1680	1.171826e-5	6.317735e-8	1.045233e-5	-2.57955e-7
1681	9.558355e-6	-5.05276e-7	1.08101e-5	5.310442e-7
1682	8.6886e-6	-8.890676e-7	1.038321e-5	-2.172029e-9
1683	1.148028e-5	-6.597387e-8	1.036263e-5	-2.979405e-7
1684	1.026733e-5	-2.682514e-7	1.080766e-5	4.90049e-7
1685	8.391403e-6	-9.53124e-7	1.047298e-5	7.454314e-8
1686	1.099594e-5	-2.787323e-7	1.02897e-5	-3.325324e-7
1687	1.092896e-5	-7.221337e-8	1.077097e-5	4.506366e-7
1688	8.388313e-6	-8.918704e-7	1.056707e-5	1.495598e-7
1689	1.035315e-5	-5.232211e-7	1.024818e-5	-3.6252e-7
1690	1.141457e-5	3.82509e-8	1.070597e-5	4.042464e-7
1691	8.673859e-6	-7.29092e-7	1.065248e-5	2.220765e-7
1692	9.666192e-6	-7.480808e-7	1.024506e-5	-3.841222e-7
1693	1.165094e-5	5.404421e-8	1.06219e-5	3.478465e-7
1694	9.204109e-6	-5.051629e-7	1.072266e-5	2.951966e-7
1695	9.056485e-6	-8.977311e-7	1.027004e-5	-3.946502e-7
1696	1.158511e-5	-3.216549e-8	1.053217e-5	2.808621e-7
1697	9.857411e-6	-2.675094e-7	1.077552e-5	3.630027e-7
1698	8.61817e-6	-9.578841e-7	1.031091e-5	-3.872363e-7
1699	1.124662e-5	-2.136365e-7	1.044914e-5	2.073431e-7
1700	1.053326e-5	-6.508742e-8	1.081178e-5	4.209114e-7
1701	8.437209e-6	-9.229475e-7	1.036269e-5	-3.626818e-7
1702	1.070435e-5	-4.523993e-7	1.037145e-5	1.269951e-7
1703	1.11148e-5	6.587351e-8	1.082588e-5	4.679285e-7
1704	8.548833e-6	-7.933972e-7	1.042465e-5	-3.21861e-7
1705	1.004908e-5	-6.948975e-7	1.030835e-5	4.212672e-8
1706	1.148505e-5	1.087978e-7	1.081966e-5	5.053193e-7
1707	8.93387e-6	-5.855881e-7	1.048153e-5	-2.620006e-7
1708	9.398359e-6	-8.845702e-7	1.026106e-5	-5.409857e-8
1709	1.159153e-5	4.936996e-8	1.079465e-5	5.364403e-7
1710	9.51465e-6	-3.411146e-7	1.054957e-5	-1.850795e-7
1711	8.855088e-6	-9.840248e-7	1.022611e-5	-1.553063e-7
1712	1.141505e-5	-1.091645e-7	1.075406e-5	5.441237e-7
1713	1.018279e-5	-1.06896e-7	1.06188e-5	-8.949069e-8
1714	8.529643e-6	-9.866349e-7	1.020715e-5	-2.435102e-7
1715	1.098934e-5	-3.452509e-7	1.069758e-5	5.265032e-7
1716	1.082025e-5	6.303657e-8	1.069228e-5	1.478733e-8
1717	8.482884e-6	-8.958609e-7	1.019985e-5	-3.21555e-7
1718	1.039162e-5	-5.883172e-7	1.062117e-5	4.831486e-7
1719	1.132467e-5	1.472273e-7	1.076954e-5	1.258569e-7
1720	8.723152e-6	-7.210183e-7	1.021451e-5	-3.721613e-7
1721	9.704727e-6	-8.000275e-7	1.053256e-5	4.122381e-7
1722	1.158929e-5	1.315439e-7	1.083414e-5	2.346615e-7
1723	9.208181e-6	-4.814322e-7	1.024385e-5	-3.944924e-7
1724	9.071408e-6	-9.467881e-7	1.044506e-5	3.220118e-7
1725	1.157464e-5	1.118528e-8	1.088349e-5	3.303769e-7
1726	9.854355e-6	-2.25516e-7	1.028812e-5	-3.909226e-7
1727	8.613833e-6	-9.965596e-7	1.035894e-5	2.182105e-7
1728	1.128294e-5	-1.998059e-7	1.091654e-5	4.230906e-7
1729	1.052467e-5	-2.012918e-9	1.034495e-5	-3.63446e-7
1730	8.395676e-6	-9.420925e-7	1.027701e-5	9.41338e-8
1731	1.076209e-5	-4.556652e-7	1.093121e-5	5.024502e-7
1732	1.112809e-5	1.364943e-7	1.042434e-5	-3.108507e-7
1733	8.472977e-6	-8.057074e-7	1.019443e-5	-3.281053e-8
1734	1.009818e-5	-7.084157e-7	1.091462e-5	5.612644e-7
1735	1.155085e-5	1.58248e-7	1.052607e-5	-2.388419e-7
1736	8.835888e-6	-5.918194e-7	1.012757e-5	-1.502971e-7
1737	9.400766e-6	-8.990303e-7	1.086484e-5	5.933616e-7
1738	1.169837e-5	7.396286e-8	1.064131e-5	-1.50353e-7
1739	9.409117e-6	-3.382961e-7	1.007843e-5	-2.462873e-7
1740	8.80921e-6	-1.001352e-6	1.078923e-5	5.89382e-7
1741	1.156265e-5	-1.105741e-7	1.075587e-5	-4.866341e-8
1742	1.009103e-5	-9.029742e-8	1.005221e-5	-3.23871e-7
1743	8.424791e-6	-9.926534e-7	1.069403e-5	5.551448e-7
1744	1.117059e-5	-3.645004e-7	1.086285e-5	6.66388e-8
1745	1.077636e-5	9.751296e-8	1.005646e-5	-3.810134e-7
1746	8.320732e-6	-8.839822e-7	1.05765e-5	4.865136e-7
1747	1.057238e-5	-6.478448e-7	1.095869e-5	1.825924e-7
1748	1.134981e-5	1.78805e-7	1.008963e-5	-4.140234e-7
1749	8.515853e-6	-6.759302e-7	1.044652e-5	3.936205e-7
1750	9.862374e-6	-8.868687e-7	1.102938e-5	2.992466e-7
1751	1.169985e-5	1.377085e-7	1.015744e-5	-4.219998e-7
1752	8.972823e-6	-4.104592e-7	1.031738e-5	2.823619e-7
1753	9.167392e-6	-1.03727e-6	1.107208e-5	4.040192e-7
1754	1.175037e-5	-1.439218e-8	1.024914e-5	-4.004713e-7
1755	9.61347e-6	-1.35459e-7	1.019984e-5	1.611907e-7
1756	8.623538e-6	-1.071111e-6	1.108112e-5	4.908626e-7
1757	1.149452e-5	-2.494663e-7	1.036945e-5	-3.576457e-7
1758	1.033908e-5	9.132296e-8	1.009401e-5	4.208217e-8
1759	8.339739e-6	-9.993123e-7	1.105953e-5	5.485331e-7
1760	1.09801e-5	-5.428894e-7	1.049926e-5	-2.94658e-7
1761	1.101479e-5	2.156907e-7	1.000642e-5	-6.409392e-8
1762	8.361812e-6	-8.180028e-7	1.100646e-5	5.731756e-7
1763	1.029398e-5	-8.139117e-7	1.063702e-5	-2.107664e-7
1764	1.151808e-5	2.22502e-7	9.938851e-6	-1.585589e-7
1765	8.689059e-6	-5.532482e-7	1.093213e-5	5.634111e-7
1766	9.573319e-6	-1.017546e-6	1.077282e-5	-1.073667e-7
1767	1.174988e-5	1.037329e-7	9.890187e-6	-2.309603e-7
1768	9.252672e-6	-2.511463e-7	1.083342e-5	5.179333e-7
1769	8.939689e-6	-1.119517e-6	1.090976e-5	-8.513931e-10
1770	1.165398e-5	-1.227989e-7	9.866222e-6	-2.767827e-7
1771	9.942213e-6	2.64436e-8	1.071638e-5	4.531392e-7
1772	8.51423e-6	-1.091217e-6	1.103951e-5	9.662737e-8
1773	1.12692e-5	-4.154446e-7	9.872997e-6	-2.944397e-7
1774	1.064389e-5	2.221855e-7	1.057363e-5	3.723466e-7
1775	8.375494e-6	-9.347525e-7	1.115851e-5	1.792185e-7
1776	1.066766e-5	-7.416108e-7	9.915528e-6	-2.798981e-7
1777	1.122357e-5	2.880711e-7	1.041582e-5	2.807188e-7
1778	8.531796e-6	-6.588107e-7	1.125152e-5	2.364885e-7
1779	9.956271e-6	-1.015835e-6	1.00002e-5	-2.368408e-7
1780	1.157729e-5	2.061928e-7	1.025078e-5	1.955086e-7
1781	8.956421e-6	-3.216977e-7	1.130601e-5	2.695241e-7
1782	9.28146e-6	-1.181904e-6	1.01217e-5	-1.901685e-7
1783	1.163399e-5	-2.231469e-8	1.008968e-5	1.209161e-7
1784	9.56565e-6	-9.792408e-10	1.132561e-5	2.802879e-7
1785	8.76423e-6	-1.21827e-6	1.027286e-5	-1.334948e-7
1786	1.140849e-5	-3.410734e-7	9.936701e-6	6.315969e-8
1787	1.024421e-5	2.588842e-7	1.1306e-5	2.714034e-7
1788	8.488259e-6	-1.091431e-6	1.045017e-5	-7.586153e-8
1789	1.094587e-5	-7.057455e-7	9.803981e-6	2.088162e-8
1790	1.086328e-5	3.922936e-7	1.124e-5	2.515847e-7
1791	8.496652e-6	-8.122054e-7	1.064218e-5	-1.906555e-8
1792	1.033952e-5	-1.037874e-6	9.7014e-6	-1.913211e-9
1793	1.132466e-5	3.594514e-7	1.113135e-5	2.194694e-7
1794	8.785977e-6	-4.46225e-7	1.083095e-5	2.952752e-8
1795	9.691678e-6	-1.24999e-6	9.637969e-6	-6.501839e-9
1796	1.153084e-5	1.683787e-7	1.099293e-5	1.789997e-7
1797	9.273144e-6	-6.765842e-8	1.10015e-5	7.298485e-8
1798	9.114443e-6	-1.317944e-6	9.630849e-6	5.941017e-9
1799	1.145546e-5	-1.453065e-7	1.083299e-5	1.311939e-7
1800	9.881136e-6	2.474587e-7	1.113879e-5	1.056253e-7
1801	8.722158e-6	-1.234407e-6	9.673108e-6	2.368626e-8
1802	1.113649e-5	-5.295013e-7	1.065844e-5	8.116964e-8
1803	1.050675e-5	4.396401e-7	1.124515e-5	1.294665e-7
1804	8.570116e-6	-9.939285e-7	9.762002e-6	4.990981e-8
1805	1.062768e-5	-9.143474e-7	1.047495e-5	3.31707e-8
1806	1.103087e-5	4.784347e-7	1.131027e-5	1.431217e-7
1807	8.692588e-6	-6.396563e-7	9.883821e-6	7.856223e-8
1808	1.003191e-5	-1.214412e-6	1.030023e-5	-5.456067e-9
1809	1.136618e-5	3.52859e-7	1.134639e-5	1.453432e-7
1810	9.050098e-6	-2.39467e-7	1.002827e-5	1.095452e-7
1811	9.432586e-6	-1.372016e-6	1.013502e-5	-3.361784e-8
1812	1.145225e-5	8.152818e-8	1.135123e-5	1.37637e-7
1813	9.582755e-6	1.36174e-7	1.018893e-5	1.476276e-7
1814	8.944224e-6	-1.366352e-6	9.990702e-6	-5.47079e-8
1815	1.128143e-5	-3.02022e-7	1.13253e-5	1.121657e-7
1816	1.018695e-5	4.072641e-7	1.035413e-5	1.907768e-7
1817	8.659961e-6	-1.190362e-6	9.8717e-6	-7.005493e-8
1818	1.090001e-5	-7.172413e-7	1.12698e-5	7.708938e-8
1819	1.075884e-5	5.399002e-7	1.052293e-5	2.427462e-7
1820	8.621811e-6	-8.689863e-7	9.782826e-6	-8.346525e-8
1821	1.03608e-5	-1.085857e-6	1.117754e-5	2.913329e-8
1822	1.119058e-5	5.014203e-7	1.069116e-5	2.952883e-7
1823	8.836415e-6	-4.68264e-7	9.730616e-6	-7.892501e-8
1824	9.761193e-6	-1.330923e-6	1.105693e-5	-3.134391e-8
1825	1.142732e-5	2.983285e-7	1.084801e-5	3.335301e-7
1826	9.272425e-6	-6.334392e-8	9.713142e-6	-4.767155e-8
1827	9.212737e-6	-1.41072e-6	1.091295e-5	-8.511771e-8
1828	1.141103e-5	-4.179577e-8	1.09926e-5	3.499441e-7
1829	9.827581e-6	2.83153e-7	9.727094e-6	-8.50302e-9
1830	8.800715e-6	-1.32012e-6	1.075747e-5	-1.327929e-7
1831	1.115792e-5	-4.557066e-7	1.112128e-5	3.510714e-7
1832	1.041858e-5	5.101275e-7	9.759942e-6	4.754875e-8
1833	8.603746e-6	-1.077998e-6	1.059169e-5	-1.78062e-7
1834	1.072048e-5	-8.915308e-7	1.123388e-5	3.311379e-7
1835	1.094237e-5	5.725425e-7	9.826312e-6	1.146606e-7
1836	8.659574e-6	-7.063733e-7	1.041687e-5	-2.162135e-7
1837	1.015733e-5	-1.243663e-6	1.132044e-5	2.94595e-7
1838	1.129834e-5	4.561471e-7	9.926473e-6	1.953498e-7
1839	8.945414e-6	-2.747213e-7	1.024653e-5	-2.507876e-7
1840	9.573258e-6	-1.448203e-6	1.136805e-5	2.382578e-7
1841	1.144478e-5	1.705599e-7	1.005396e-5	2.855914e-7
1842	9.409779e-6	1.431655e-7	1.009513e-5	-2.754675e-7
1843	9.076093e-6	-1.467242e-6	1.137145e-5	1.759542e-7
1844	1.135997e-5	-2.302559e-7	1.020708e-5	3.649481e-7
1845	9.977875e-6	4.732363e-7	9.965592e-6	-2.827811e-7
1846	8.74679e-6	-1.313853e-6	1.132678e-5	1.033634e-7
1847	1.105569e-5	-6.937298e-7	1.037817e-5	4.329519e-7
1848	1.054704e-5	6.495096e-7	9.859124e-6	-2.675078e-7
1849	8.638538e-6	-9.85559e-7	1.124668e-5	2.277975e-8
1850	1.057432e-5	-1.119247e-6	1.055596e-5	4.826314e-7
1851	1.103228e-5	6.300297e-7	9.784065e-6	-2.288263e-7
1852	8.765399e-6	-5.454505e-7	1.113366e-5	-6.338304e-8
1853	9.992273e-6	-1.423732e-6	1.072754e-5	5.243513e-7
1854	1.133068e-5	4.143492e-7	9.74453e-6	-1.724002e-7
1855	9.106529e-6	-7.587316e-8	1.100006e-5	-1.564988e-7
1856	9.421821e-6	-1.546073e-6	1.088622e-5	5.427333e-7
1857	1.140612e-5	4.843039e-8	9.740105e-6	-8.858403e-8
1858	9.614193e-6	3.328326e-7	1.085067e-5	-2.488884e-7
1859	8.974006e-6	-1.488424e-6	1.101973e-5	5.365114e-7
1860	1.123456e-5	-4.164868e-7	9.768824e-6	1.331992e-8
1861	1.018635e-5	6.112364e-7	1.069589e-5	-3.367294e-7
1862	8.727986e-6	-1.247328e-6	1.11248e-5	5.076361e-7
1863	1.085188e-5	-8.876279e-7	9.831211e-6	1.263563e-7
1864	1.072425e-5	7.184576e-7	1.054364e-5	-4.147191e-7
1865	8.727677e-6	-8.514637e-7	1.119525e-5	4.601252e-7
1866	1.032924e-5	-1.284373e-6	9.918993e-6	2.481764e-7
1867	1.11335e-5	6.160936e-7	1.039525e-5	-4.751198e-7
1868	8.967585e-6	-3.727869e-7	1.123841e-5	3.843047e-7
1869	9.750598e-6	-1.534101e-6	1.002725e-5	3.809328e-7
1870	1.132871e-5	3.143052e-7	1.025778e-5	-5.046367e-7
1871	9.394049e-6	1.082038e-7	1.125633e-5	2.758829e-7
1872	9.237671e-6	-1.587135e-6	1.015156e-5	5.106447e-7
1873	1.127833e-5	-1.287597e-7	1.013048e-5	-4.971829e-7
1874	9.931727e-6	5.023281e-7	1.124422e-5	1.357926e-7
1875	8.896507e-6	-1.444021e-6	1.029196e-5	6.260315e-7
1876	1.099216e-5	-6.44956e-7	1.001818e-5	-4.527563e-7
1877	1.046076e-5	7.416771e-7	1.120087e-5	-2.693503e-8
1878	8.777658e-6	-1.115936e-6	1.044808e-5	7.193495e-7
1879	1.053097e-5	-1.135527e-6	9.929112e-6	-3.700799e-7
1880	1.089344e-5	7.75596e-7	1.112334e-5	-1.945944e-7
1881	8.899967e-6	-6.400402e-7	1.060391e-5	7.736671e-7
1882	9.990549e-6	-1.522479e-6	9.870723e-6	-2.520703e-7
1883	1.115137e-5	5.702797e-7	1.102193e-5	-3.519808e-7
1884	9.235803e-6	-1.203472e-7	1.075139e-5	7.891719e-7
1885	9.483115e-6	-1.723918e-6	9.839544e-6	-1.056606e-7
1886	1.119279e-5	1.733115e-7	1.089978e-5	-4.981513e-7
1887	9.711876e-6	3.701628e-7	1.088108e-5	7.64989e-7
1888	9.099304e-6	-1.694281e-6	9.847439e-6	6.519651e-8
1889	1.100907e-5	-3.53676e-7	1.076063e-5	-6.183067e-7
1890	1.022223e-5	7.33545e-7	1.098742e-5	6.975684e-7
1891	8.917445e-6	-1.429771e-6	9.892985e-6	2.497636e-7
1892	1.065033e-5	-9.126456e-7	1.061412e-5	-7.099004e-7
1893	1.067965e-5	8.876523e-7	1.105974e-5	5.907912e-7
1894	8.963661e-6	-9.662541e-7	9.970359e-6	4.349108e-7
1895	1.018022e-5	-1.386099e-6	1.047664e-5	-7.648891e-7
1896	1.098534e-5	7.962394e-7	1.109655e-5	4.532694e-7
1897	9.200603e-6	-3.956774e-7	1.00776e-5	6.136391e-7
1898	9.696167e-6	-1.698141e-6	1.035818e-5	-7.839312e-7
1899	1.108598e-5	4.776371e-7	1.109255e-5	2.865632e-7
1900	9.596933e-6	1.522036e-7	1.019712e-5	7.749721e-7
1901	9.299465e-6	-1.793224e-6	1.026213e-5	-7.565172e-7
1902	1.098506e-5	-7.856717e-9	1.106016e-5	1.000569e-7
1903	1.006397e-5	5.991709e-7	1.032033e-5	9.06311e-7
1904	9.057973e-6	-1.654692e-6	1.018643e-5	-6.799211e-7
1905	1.06999e-5	-5.709653e-7	1.100246e-5	-9.888904e-8
1906	1.050335e-5	8.78088e-7	1.043582e-5	1.002899e-6
1907	9.02508e-6	-1.29817e-6	1.014715e-5	-5.627129e-7
1908	1.02997e-5	-1.113648e-6	1.092442e-5	-2.988427e-7
1909	1.083087e-5	9.364979e-7	1.053708e-5	1.057436e-6
1910	9.1809e-6	-7.756178e-7	1.013247e-5	-4.10091e-7
1911	9.859392e-6	-1.545381e-6	1.083821e-5	-4.850721e-7
1912	1.099037e-5	7.542922e-7	1.062512e-5	1.070319e-6
1913	9.501288e-6	-1.908813e-7	1.014266e-5	-2.352653e-7
1914	9.460436e-6	-1.785058e-6	1.074835e-5	-6.532767e-7
1915	1.096695e-5	3.470241e-7	1.069249e-5	1.03631e-6
1916	9.916251e-6	3.308468e-7	1.01703e-5	-4.117491e-8
1917	9.17348e-6	-1.780496e-6	1.066331e-5	-7.915274e-7
1918	1.077601e-5	-1.905514e-7	1.074451e-5	9.610882e-7
1919	1.035677e-5	7.165377e-7	1.02081e-5	1.595246e-7
1920	9.049106e-6	-1.531503e-6	1.057699e-5	-8.974646e-7
1921	1.043981e-5	-7.635662e-7	1.07819e-5	8.535745e-7
1922	1.071675e-5	9.024266e-7	1.025814e-5	3.6712e-7
1923	9.109827e-6	-1.095005e-6	1.050144e-5	-9.702016e-7
1924	1.003797e-5	-1.265699e-6	1.079755e-5	7.056433e-7
1925	1.094632e-5	8.632152e-7	1.03145e-5	5.806654e-7
1926	9.344773e-6	-5.427624e-7	1.043783e-5	-9.978661e-7
1927	9.647982e-6	-1.620479e-6	1.079508e-5	5.155957e-7
1928	1.099927e-5	5.9637e-7	1.036999e-5	7.737311e-7
1929	9.694187e-6	2.341119e-8	1.039824e-5	-9.735133e-7
1930	9.329135e-6	-1.766715e-6	1.078122e-5	3.026754e-7
1931	1.088342e-5	1.516542e-7	1.041436e-5	9.394435e-7
1932	1.009219e-5	5.01e-7	1.037037e-5	-9.040828e-7
1933	9.140476e-6	-1.686651e-6	1.0767e-5	7.32207e-8
1934	1.063513e-5	-4.112398e-7	1.04522e-5	1.062393e-6
1935	1.046948e-5	8.174611e-7	1.035232e-5	-7.85597e-7
1936	9.114887e-6	-1.378772e-6	1.074118e-5	-1.504673e-7
1937	1.027855e-5	-9.708421e-7	1.04906e-5	1.138683e-6
1938	1.07479e-5	9.208204e-7	1.034427e-5	-6.283461e-7
1939	9.249789e-6	-9.054425e-7	1.070855e-5	-3.662674e-7
1940	9.888734e-6	-1.430663e-6	1.052333e-5	1.176106e-6
1941	1.088823e-5	7.926971e-7	1.035266e-5	-4.442381e-7
1942	9.519548e-6	-3.490534e-7	1.066908e-5	-5.634417e-7
1943	9.546484e-6	-1.709737e-6	1.054824e-5	1.166903e-6
1944	1.087768e-5	4.55311e-7	1.037159e-5	-2.336097e-7
1945	9.877413e-6	1.867423e-7	1.062632e-5	-7.342033e-7
1946	9.305712e-6	-1.782995e-6	1.056869e-5	1.106631e-6
1947	1.072841e-5	-4.697685e-8	1.039547e-5	-5.158905e-9
1948	1.024003e-5	6.19437e-7	1.058873e-5	-8.752302e-7
1949	9.201958e-6	-1.612864e-6	1.057731e-5	1.002222e-6
1950	1.046848e-5	-6.154714e-7	1.042425e-5	2.25977e-7
1951	1.054909e-5	8.746099e-7	1.056045e-5	-9.772411e-7
1952	9.24202e-6	-1.239575e-6	1.057242e-5	8.606601e-7
1953	1.012672e-5	-1.145867e-6	1.045618e-5	4.491756e-7
1954	1.074318e-5	9.032172e-7	1.055352e-5	-1.03747e-6
1955	9.418522e-6	-7.25182e-7	1.054863e-5	6.869612e-7
1956	9.773593e-6	-1.539314e-6	1.049121e-5	6.559407e-7
1957	1.081998e-5	7.001193e-7	1.055422e-5	-1.039869e-6
1958	9.706691e-6	-1.650103e-7	1.051622e-5	4.813015e-7
1959	9.469028e-6	-1.749012e-6	1.05146e-5	8.347456e-7
1960	1.076082e-5	2.824709e-7	1.056914e-5	-9.891558e-7
1961	1.006182e-5	3.387918e-7	1.048315e-5	2.554099e-7
1962	9.27465e-6	-1.72479e-6	1.052459e-5	9.827745e-7
1963	1.056371e-5	-2.595528e-7	1.05946e-5	-8.9343e-7
1964	1.04134e-5	7.169148e-7	1.045118e-5	2.46554e-8
1965	9.238145e-6	-1.469872e-6	1.051702e-5	1.096618e-6
1966	1.026361e-5	-8.308078e-7	1.06281e-5	-7.637134e-7
1967	1.068906e-5	8.920566e-7	1.042515e-5	-2.029155e-7
1968	9.364511e-6	-1.036645e-6	1.04966e-5	1.170966e-6
1969	9.90392e-6	-1.324938e-6	1.067368e-5	-5.969225e-7
1970	1.082108e-5	8.308221e-7	1.0413e-5	-4.23839e-7
1971	9.625257e-6	-4.984097e-7	1.045891e-5	1.194721e-6
1972	9.564031e-6	-1.653865e-6	1.071976e-5	-3.986408e-7
1973	1.079878e-5	5.411457e-7	1.041166e-5	-6.222223e-7
1974	9.977061e-6	5.530286e-8	1.041808e-5	1.164982e-6
1975	9.322553e-6	-1.775025e-6	1.075307e-5	-1.725448e-7
1976	1.062227e-5	6.219627e-8	1.042398e-5	-7.890803e-7
1977	1.033823e-5	5.276913e-7	1.037857e-5	1.078114e-6
1978	9.22114e-6	-1.655203e-6	1.077714e-5	7.392515e-8
1979	1.0318e-5	-5.048659e-7	1.044355e-5	-9.149758e-7
1980	1.06365e-5	8.350845e-7	1.033617e-5	9.399216e-7
1981	9.289033e-6	-1.31118e-6	1.079458e-5	3.198578e-7
1982	9.945456e-6	-1.072897e-6	1.047809e-5	-9.89341e-7
1983	1.082151e-5	9.004785e-7	1.028927e-5	7.615179e-7
1984	9.520603e-6	-8.199038e-7	1.079747e-5	5.48926e-7
1985	9.582451e-6	-1.527724e-6	1.052846e-5	-1.015945e-6
1986	1.084668e-5	7.25127e-7	1.023914e-5	5.599763e-7
1987	9.872398e-6	-2.460422e-7	1.079049e-5	7.548774e-7
1988	9.30509e-6	-1.783156e-6	1.059267e-5	-9.940769e-7
1989	1.069699e-5	3.38876e-7	1.018381e-5	3.351733e-7
1990	1.026944e-5	2.963492e-7	1.076893e-5	9.222369e-7
1991	9.175961e-6	-1.794063e-6	1.066288e-5	-9.165208e-7
1992	1.040579e-5	-1.922665e-7	1.013787e-5	1.013497e-7
1993	1.063431e-5	7.046138e-7	1.07314e-5	1.047277e-6
1994	9.225719e-6	-1.550094e-6	1.074471e-5	-7.931484e-7
1995	1.002363e-5	-7.664241e-7	1.009991e-5	-1.312773e-7
1996	1.086796e-5	9.098033e-7	1.067256e-5	1.126889e-6
1997	9.442392e-6	-1.104695e-6	1.083712e-5	-6.279683e-7
1998	9.621748e-6	-1.282019e-6	1.007802e-5	-3.562542e-7
1999	1.092283e-5	8.650361e-7	1.059207e-5	1.158703e-6
2000	9.792836e-6	-5.566608e-7	1.093098e-5	-4.301677e-7
2001	9.301202e-6	-1.640091e-6	1.008198e-5	-5.5874e-7
2002	1.079618e-5	5.806507e-7	1.049209e-5	1.138542e-6
2003	1.020709e-5	7.716555e-9	1.101397e-5	-2.120009e-7
2004	9.117365e-6	-1.783411e-6	1.011222e-5	-7.283642e-7
2005	1.050654e-5	1.179352e-7	1.038319e-5	1.06315e-6
2006	1.06067e-5	4.842592e-7	1.10819e-5	1.434404e-8
2007	9.122821e-6	-1.674958e-6	1.016972e-5	-8.514839e-7
2008	1.010965e-5	-4.345879e-7	1.025954e-5	9.424946e-7
2009	1.09003e-5	7.914585e-7	1.112919e-5	2.370811e-7
2010	9.307012e-6	-1.337011e-6	1.025499e-5	-9.211798e-7
2011	9.690029e-6	-9.769043e-7	1.0141e-5	7.884003e-7
2012	1.10215e-5	8.696448e-7	1.114678e-5	4.404371e-7
2013	9.637276e-6	-8.416046e-7	1.036047e-5	-9.452076e-7
2014	9.330339e-6	-1.409942e-6	1.003094e-5	6.07208e-7
2015	1.09481e-5	6.965621e-7	1.113475e-5	6.257833e-7
2016	1.004985e-5	-2.973282e-7	1.048653e-5	-9.253439e-7
2017	9.096403e-6	-1.654576e-6	9.935583e-6	4.059113e-7
2018	1.070386e-5	3.330058e-7	1.108586e-5	7.780249e-7
2019	1.047792e-5	2.112691e-7	1.062284e-5	-8.611416e-7
2020	9.034689e-6	-1.669543e-6	9.865594e-6	2.003667e-7
2021	1.032001e-5	-1.554436e-7	1.10099e-5	8.962774e-7
2022	1.081855e-5	5.857525e-7	1.075687e-5	-7.614037e-7
2023	9.154171e-6	-1.456879e-6	9.827824e-6	-8.620535e-9
2024	9.892531e-6	-6.692673e-7	1.090235e-5	9.817758e-7
2025	1.101734e-5	7.688897e-7	1.088666e-5	-6.24256e-7
2026	9.441812e-6	-1.061833e-6	9.821092e-6	-2.155865e-7
2027	9.494182e-6	-1.128319e-6	1.07741e-5	1.02238e-6
2028	1.102937e-5	7.305812e-7	1.100668e-5	-4.563311e-7
2029	9.83056e-6	-5.704954e-7	9.847564e-6	-3.941258e-7
2030	9.186617e-6	-1.447683e-6	1.062286e-5	1.014476e-6
2031	1.08579e-5	4.897828e-7	1.110488e-5	-2.688799e-7
2032	1.02573e-5	-7.488437e-8	9.917229e-6	-5.450717e-7
2033	9.03967e-6	-1.586023e-6	1.046457e-5	9.586139e-7
2034	1.053845e-5	8.140358e-8	1.117245e-5	-6.935799e-8
2035	1.064952e-5	3.446166e-7	1.00148e-5	-6.542039e-7
2036	9.071745e-6	-1.505252e-6	1.031038e-5	8.570279e-7
2037	1.012455e-5	-4.038718e-7	1.121257e-5	1.251067e-7
2038	1.091726e-5	6.122063e-7	1.013545e-5	-7.2484e-7
2039	9.271212e-6	-1.229844e-6	1.016741e-5	7.288538e-7
2040	9.70419e-6	-8.797395e-7	1.122419e-5	3.095816e-7
2041	1.101282e-5	6.907555e-7	1.028024e-5	-7.64891e-7
2042	9.617747e-6	-8.171204e-7	1.003107e-5	5.826142e-7
2043	9.357882e-6	-1.257303e-6	1.120013e-5	4.730849e-7
2044	1.092237e-5	5.765948e-7	1.044219e-5	-7.592836e-7
2045	1.004245e-5	-3.568499e-7	9.915536e-6	4.13301e-7
2046	9.142305e-6	-1.491736e-6	1.114571e-5	6.084487e-7
2047	1.067709e-5	2.730752e-7	1.060606e-5	-7.124667e-7
2048	1.04495e-5	8.504265e-8	9.831495e-6	2.35572e-7
2049	9.089512e-6	-1.51934e-6	1.105714e-5	7.081132e-7
2050	1.03283e-5	-1.547502e-7	1.076011e-5	-6.232437e-7
2051	1.077401e-5	4.280298e-7	9.780094e-6	6.141219e-8
2052	9.198367e-6	-1.342698e-6	1.094415e-5	7.745659e-7
2053	9.922062e-6	-6.221743e-7	1.091186e-5	-5.110422e-7
2054	1.095093e-5	6.055165e-7	9.756418e-6	-9.613618e-8
2055	9.452749e-6	-1.00058e-6	1.080604e-5	8.053434e-7
2056	9.545406e-6	-1.043623e-6	1.105822e-5	-3.724857e-7
2057	1.096693e-5	5.971113e-7	9.764593e-6	-2.412763e-7
2058	9.812816e-6	-5.708934e-7	1.064438e-5	7.971272e-7
2059	9.254287e-6	-1.352706e-6	1.119256e-5	-2.204901e-7
2060	1.082485e-5	3.871313e-7	9.814233e-6	-3.638313e-7
2061	1.022178e-5	-1.357931e-7	1.046141e-5	7.502012e-7
2062	9.102034e-6	-1.482096e-6	1.130438e-5	-6.611878e-8
2063	1.053541e-5	3.425797e-8	9.901701e-6	-4.528908e-7
2064	1.060566e-5	2.455037e-7	1.027245e-5	6.7329e-7
2065	9.120505e-6	-1.406475e-6	1.138237e-5	7.677265e-8
2066	1.015852e-5	-4.053014e-7	1.002659e-5	-5.001695e-7
2067	1.089113e-5	4.946571e-7	1.008981e-5	5.737699e-7
2068	9.30085e-6	-1.148946e-6	1.142195e-5	2.101692e-7
2069	9.752467e-6	-8.461667e-7	1.017821e-5	-5.132677e-7
2070	1.101262e-5	5.773794e-7	9.921308e-6	4.504713e-7
2071	9.611916e-6	-7.673189e-7	1.141948e-5	3.294264e-7
2072	9.389086e-6	-1.213131e-6	1.035184e-5	-4.908722e-7
2073	1.095657e-5	4.799233e-7	9.774796e-6	3.126898e-7
2074	1.001357e-5	-3.262263e-7	1.13704e-5	4.325874e-7
2075	9.14035e-6	-1.441686e-6	1.054017e-5	-4.366029e-7
2076	1.073583e-5	1.984102e-7	9.666125e-6	1.627754e-7
2077	1.042191e-5	9.471949e-8	1.127261e-5	5.071159e-7
2078	9.037968e-6	-1.47366e-6	1.073166e-5	-3.570054e-7
2079	1.03851e-5	-2.068047e-7	9.596828e-6	1.806745e-8
2080	1.076636e-5	4.275689e-7	1.113886e-5	5.529093e-7
2081	9.104068e-6	-1.304561e-6	1.09195e-5	-2.538362e-7
2082	9.969304e-6	-6.699826e-7	9.566687e-6	-1.088114e-7
2083	1.100045e-5	5.906943e-7	1.097461e-5	5.574124e-7
2084	9.339573e-6	-9.76946e-7	1.108974e-5	-1.36579e-7
2085	9.547452e-6	-1.099179e-6	9.577242e-6	-2.11544e-7
2086	1.106654e-5	5.641406e-7	1.079045e-5	5.270147e-7
2087	9.722128e-6	-5.425829e-7	1.124573e-5	-1.435258e-8
2088	9.200304e-6	-1.408016e-6	9.616392e-6	-2.84191e-7
2089	1.094091e-5	3.506995e-7	1.059549e-5	4.606067e-7
2090	1.017987e-5	-7.848995e-8	1.137238e-5	1.136101e-7
2091	8.998035e-6	-1.538092e-6	9.697195e-6	-3.260089e-7
2092	1.064793e-5	-2.223769e-8	1.039894e-5	3.656661e-7
2093	1.062849e-5	3.32924e-7	1.146246e-5	2.331372e-7
2094	8.974101e-6	-1.442226e-6	9.816381e-6	-3.317613e-7
2095	1.023184e-5	-4.861956e-7	1.020466e-5	2.554787e-7
2096	1.097501e-5	6.014156e-7	1.151256e-5	3.314306e-7
2097	9.132007e-6	-1.140403e-6	9.967995e-6	-3.063572e-7
2098	9.751204e-6	-9.524193e-7	1.002276e-5	1.393909e-7
2099	1.115773e-5	6.530345e-7	1.15196e-5	4.091986e-7
2100	9.459876e-6	-7.071665e-7	1.015269e-5	-2.591149e-7
2101	9.317975e-6	-1.319985e-6	9.856738e-6	2.597227e-8
2102	1.113646e-5	4.862837e-7	1.148097e-5	4.555191e-7
2103	9.906059e-6	-2.271553e-7	1.035525e-5	-1.882643e-7
2104	9.009603e-6	-1.519413e-6	9.72532e-6	-8.325857e-8
2105	1.091147e-5	1.447268e-7	1.139569e-5	4.734923e-7
2106	1.039504e-5	2.13276e-7	1.056122e-5	-9.438048e-8
2107	8.877143e-6	-1.503087e-6	9.625931e-6	-1.79423e-7
2108	1.051589e-5	-3.03352e-7	1.127883e-5	4.575706e-7
2109	1.083684e-5	5.347478e-7	1.076047e-5	1.614642e-8
2110	8.95422e-6	-1.276001e-6	9.564217e-6	-2.541274e-7
2111	1.001662e-5	-7.815338e-7	1.113491e-5	4.06444e-7
2112	1.113003e-5	6.703361e-7	1.093849e-5	1.321556e-7
2113	9.225559e-6	-8.793192e-7	9.549982e-6	-2.949304e-7
2114	9.524189e-6	-1.200042e-6	1.097101e-5	3.287723e-7
2115	1.121916e-5	5.771442e-7	1.109135e-5	2.398199e-7
2116	9.642089e-6	-4.04776e-7	9.582072e-6	-3.117139e-7
2117	9.130727e-6	-1.465725e-6	1.078647e-5	2.323597e-7
2118	1.10964e-5	2.90151e-7	1.121261e-5	3.364735e-7
2119	1.013554e-5	7.267149e-8	9.662624e-6	-2.971605e-7
2120	8.903334e-6	-1.530433e-6	1.059801e-5	1.295427e-7
2121	1.077323e-5	-1.414237e-7	1.129334e-5	4.109934e-7
2122	1.05942e-5	4.527941e-7	9.781944e-6	-2.640836e-7
2123	8.880284e-6	-1.369522e-6	1.041071e-5	3.259816e-8
2124	1.03264e-5	-6.196737e-7	1.133469e-5	4.668999e-7
2125	1.095571e-5	6.559331e-7	9.928295e-6	-2.170811e-7
2126	9.058869e-6	-1.015506e-6	1.024133e-5	-6.392968e-8
2127	9.837981e-6	-1.060697e-6	1.13367e-5	5.039427e-7
2128	1.115343e-5	6.353169e-7	1.0096e-5	-1.438215e-7
2129	9.396894e-6	-5.505193e-7	1.009669e-5	-1.616808e-7
2130	9.383167e-6	-1.371285e-6	1.129745e-5	5.113585e-7
2131	1.114106e-5	4.090456e-7	1.027997e-5	-4.971104e-8
2132	9.842218e-6	-7.373981e-8	9.985505e-6	-2.531492e-7
2133	9.075571e-6	-1.510337e-6	1.121606e-5	4.90459e-7
2134	1.092738e-5	2.132015e-8	1.046146e-5	6.377003e-8
2135	1.031421e-5	3.264092e-7	9.910654e-6	-3.28748e-7
2136	8.94829e-6	-1.438329e-6	1.110704e-5	4.335646e-7
2137	1.055477e-5	-4.426989e-7	1.062683e-5	1.876146e-7
2138	1.071509e-5	5.807553e-7	9.877034e-6	-3.730138e-7
2139	9.005057e-6	-1.171422e-6	1.097782e-5	3.516098e-7
2140	1.009983e-5	-8.990991e-7	1.077359e-5	2.99419e-7
2141	1.098627e-5	6.46543e-7	9.874055e-6	-3.847521e-7
2142	9.248031e-6	-7.524296e-7	1.083203e-5	2.574477e-7
2143	9.648771e-6	-1.26377e-6	1.090043e-5	3.965469e-7
2144	1.107335e-5	5.123709e-7	9.905834e-6	-3.739186e-7
2145	9.63111e-6	-2.854679e-7	1.067687e-5	1.511015e-7
2146	9.293426e-6	-1.48272e-6	1.099811e-5	4.81238e-7
2147	1.097134e-5	1.943454e-7	9.972908e-6	-3.406748e-7
2148	1.00718e-5	1.537093e-7	1.052303e-5	3.384226e-8
2149	9.091837e-6	-1.503209e-6	1.10584e-5	5.461128e-7
2150	1.070231e-5	-2.356182e-7	1.006538e-5	-2.7707e-7
2151	1.048287e-5	4.841404e-7	1.038653e-5	-9.005497e-8
2152	9.058834e-6	-1.319533e-6	1.108793e-5	5.81188e-7
2153	1.031341e-5	-7.006678e-7	1.017805e-5	-1.866184e-7
2154	1.078746e-5	6.454213e-7	1.025795e-5	-2.041781e-7
2155	9.202742e-6	-9.620712e-7	1.110021e-5	5.842455e-7
2156	9.895369e-6	-1.117658e-6	1.030173e-5	-7.416214e-8
2157	1.094709e-5	6.084648e-7	1.014312e-5	-3.088623e-7
2158	9.484703e-6	-5.050402e-7	1.108391e-5	5.560333e-7
2159	9.527356e-6	-1.421074e-6	1.04379e-5	5.663076e-8
2160	1.094875e-5	3.70008e-7	1.00465e-5	-3.957111e-7
2161	9.853418e-6	-4.224322e-8	1.103416e-5	4.99351e-7
2162	9.265933e-6	-1.552991e-6	1.057732e-5	1.95503e-7
2163	1.077686e-5	-9.962636e-10	9.975469e-6	-4.557393e-7
2164	1.025413e-5	3.620758e-7	1.095436e-5	4.136471e-7
2165	9.157012e-6	-1.485081e-6	1.070945e-5	3.309996e-7
2166	1.047468e-5	-4.552851e-7	9.940566e-6	-4.813592e-7
2167	1.060694e-5	6.252667e-7	1.084822e-5	3.061293e-7
2168	9.211352e-6	-1.212531e-6	1.082937e-5	4.542433e-7
2169	1.009823e-5	-9.178742e-7	9.940157e-6	-4.827401e-7
2170	1.083753e-5	6.930932e-7	1.071952e-5	1.856192e-7
2171	9.3992e-6	-7.914675e-7	1.093773e-5	5.645004e-7
2172	9.723536e-6	-1.306161e-6	9.974999e-6	-4.56368e-7
2173	1.092328e-5	5.686088e-7	1.057951e-5	5.233883e-8
2174	9.694352e-6	-2.95504e-7	1.102144e-5	6.571502e-7
2175	9.422849e-6	-1.555603e-6	1.004705e-5	-4.013158e-7
2176	1.084638e-5	2.559019e-7	1.043474e-5	-9.399141e-8
2177	1.00394e-5	1.820468e-7	1.106822e-5	7.284779e-7
2178	9.234393e-6	-1.609688e-6	1.015005e-5	-3.156223e-7
2179	1.061596e-5	-1.817843e-7	1.030665e-5	-2.433794e-7
2180	1.037355e-5	5.620259e-7	1.108008e-5	7.709722e-7
2181	9.191194e-6	-1.452667e-6	1.026593e-5	-1.958662e-7
2182	1.029813e-5	-6.862842e-7	1.019939e-5	-3.928672e-7
2183	1.064785e-5	7.642961e-7	1.105835e-5	7.725784e-7
2184	9.290505e-6	-1.11371e-6	1.039059e-5	-4.83591e-8
2185	9.943511e-6	-1.175583e-6	1.011729e-5	-5.251492e-7
2186	1.081942e-5	7.642963e-7	1.100853e-5	7.326088e-7
2187	9.518606e-6	-6.315185e-7	1.051637e-5	1.119063e-7
2188	9.609525e-6	-1.548581e-6	1.005659e-5	-6.321231e-7
2189	1.084832e-5	5.511766e-7	1.093609e-5	6.624239e-7
2190	9.832779e-6	-9.089295e-8	1.064011e-5	2.83163e-7
2191	9.362041e-6	-1.740319e-6	1.003006e-5	-7.147394e-7
2192	1.072856e-5	1.565141e-7	1.08295e-5	5.608232e-7
2193	1.017743e-5	4.179015e-7	1.075614e-5	4.529594e-7
2194	9.245937e-6	-1.705587e-6	1.003397e-5	-7.542277e-7
2195	1.048127e-5	-3.654377e-7	1.070988e-5	4.204344e-7
2196	1.049021e-5	7.95739e-7	1.085054e-5	6.158193e-7
2197	9.259771e-6	-1.43485e-6	1.007185e-5	-7.5385e-7
2198	1.01411e-5	-9.222279e-7	1.058658e-5	2.595366e-7
2199	1.071952e-5	9.430436e-7	1.092066e-5	7.582501e-7
2200	9.411018e-6	-9.724451e-7	1.013474e-5	-7.08383e-7
2201	9.788663e-6	-1.414681e-6	1.046625e-5	7.910056e-8
2202	1.083063e-5	8.35787e-7	1.096055e-5	8.663926e-7
2203	9.675051e-6	-4.034923e-7	1.022009e-5	-6.203801e-7
2204	9.483277e-6	-1.750169e-6	1.035312e-5	-1.068386e-7
2205	1.079276e-5	5.035846e-7	1.096309e-5	9.397785e-7
2206	1.000648e-5	1.796245e-7	1.03243e-5	-4.928442e-7
2207	9.28388e-6	-1.857849e-6	1.025833e-5	-2.900188e-7
2208	1.060696e-5	2.602803e-9	1.093402e-5	9.699389e-7
2209	1.03487e-5	6.739935e-7	1.043844e-5	-3.337417e-7
2210	9.234191e-6	-1.705154e-6	1.019046e-5	-4.621889e-7
2211	1.029889e-5	-5.932688e-7	1.087302e-5	9.60628e-7
2212	1.061866e-5	9.769896e-7	1.055804e-5	-1.492312e-7
2213	9.339364e-6	-1.307395e-6	1.015559e-5	-6.093586e-7
2214	9.950303e-6	-1.181e-6	1.078137e-5	9.08484e-7
2215	1.076838e-5	1.008058e-6	1.067183e-5	3.669451e-8
2216	9.572123e-6	-7.525437e-7	1.014823e-5	-7.248402e-7
2217	9.626744e-6	-1.638414e-6	1.06685e-5	8.252773e-7
2218	1.078503e-5	7.794576e-7	1.077979e-5	2.220036e-7
2219	9.890903e-6	-1.27369e-7	1.01761e-5	-8.030914e-7
2220	9.389586e-6	-1.876443e-6	1.05396e-5	7.077422e-7
2221	1.064296e-5	3.253637e-7	1.086043e-5	3.94571e-7
2222	1.021384e-5	4.541253e-7	1.024339e-5	-8.362071e-7
2223	9.295618e-6	-1.842657e-6	1.040416e-5	5.669757e-7
2224	1.038595e-5	-2.647604e-7	1.090564e-5	5.485125e-7
2225	1.04904e-5	8.77484e-7	1.034621e-5	-8.304766e-7
2226	9.357456e-6	-1.545521e-6	1.027901e-5	4.075258e-7
2227	1.007815e-5	-8.92867e-7	1.090704e-5	6.857342e-7
2228	1.066904e-5	1.055599e-6	1.046796e-5	-7.863082e-7
2229	9.531849e-6	-1.043226e-6	1.017176e-5	2.313006e-7
2230	9.759714e-6	-1.433393e-6	1.087497e-5	7.988997e-7
2231	1.072244e-5	9.56121e-7	1.060816e-5	-7.075786e-7
2232	9.804943e-6	-4.314494e-7	1.008282e-5	5.236835e-8
2233	9.511752e-6	-1.797376e-6	1.080359e-5	8.829113e-7
2234	1.063527e-5	5.975447e-7	1.075165e-5	-6.006418e-7
2235	1.011598e-5	1.715659e-7	1.002788e-5	-1.247695e-7
2236	9.382055e-6	-1.901023e-6	1.070514e-5	9.32042e-7
2237	1.042154e-5	5.929623e-8	1.088782e-5	-4.632662e-7
2238	1.038417e-5	6.673297e-7	1.001773e-5	-2.928804e-7
2239	9.386109e-6	-1.73451e-6	1.058057e-5	9.377932e-7
2240	1.013116e-5	-5.569548e-7	1.100148e-5	-3.057314e-7
2241	1.057976e-5	9.632614e-7	1.004559e-5	-4.353257e-7
2242	9.529343e-6	-1.331176e-6	1.044624e-5	8.995706e-7
2243	9.821642e-6	-1.144316e-6	1.109272e-5	-1.328823e-7
2244	1.066211e-5	1.006442e-6	1.010699e-5	-5.544496e-7
2245	9.787708e-6	-7.791168e-7	1.030301e-5	8.334078e-7
2246	9.571523e-6	-1.605509e-6	1.115611e-5	3.837839e-8
2247	1.060465e-5	7.793519e-7	1.019941e-5	-6.381554e-7
2248	1.009423e-5	-1.703781e-7	1.015808e-5	7.336016e-7
2249	9.43344e-6	-1.847115e-6	1.118211e-5	2.084113e-7
2250	1.041327e-5	3.482543e-7	1.032859e-5	-6.873494e-7
2251	1.037794e-5	3.838428e-7	1.002417e-5	6.068046e-7
2252	9.430671e-6	-1.831794e-6	1.116657e-5	3.667555e-7
2253	1.012711e-5	-2.102655e-7	1.047378e-5	-6.924722e-7
2254	1.057041e-5	7.899481e-7	9.919247e-6	4.614402e-7
2255	9.562871e-6	-1.571103e-6	1.111703e-5	5.04774e-7
2256	9.820979e-6	-7.929837e-7	1.061929e-5	-6.717189e-7
2257	1.064187e-5	9.791561e-7	9.838728e-6	3.109448e-7
2258	9.805582e-6	-1.120516e-6	1.104116e-5	6.19763e-7
2259	9.567294e-6	-1.310254e-6	1.077154e-5	-6.223468e-7
2260	1.059127e-5	9.005723e-7	9.779638e-6	1.541122e-7
2261	1.00997e-5	-5.662283e-7	1.093694e-5	7.090158e-7
2262	9.410913e-6	-1.663988e-6	1.09254e-5	-5.479782e-7
2263	1.042457e-5	5.980589e-7	9.75167e-6	-2.326862e-9
2264	1.0392e-5	6.072671e-9	1.080194e-5	7.663555e-7
2265	9.383788e-6	-1.800558e-6	1.107579e-5	-4.427352e-7
2266	1.017068e-5	1.292713e-7	9.755929e-6	-1.476379e-7
2267	1.06184e-5	4.990982e-7	1.064115e-5	7.893181e-7
2268	9.505466e-6	-1.702352e-6	1.120812e-5	-3.187251e-7
2269	9.862406e-6	-4.225287e-7	9.7973e-6	-2.74646e-7
2270	1.071677e-5	8.206911e-7	1.047246e-5	7.835283e-7
2271	9.736195e-6	-1.396832e-6	1.131489e-5	-1.842801e-7
2272	9.580612e-6	-9.619525e-7	9.871902e-6	-3.850917e-7
2273	1.068166e-5	9.256934e-7	1.029965e-5	7.536628e-7
2274	1.003894e-5	-9.269698e-7	1.1388e-5	-4.770165e-8
2275	9.394627e-6	-1.419271e-6	9.982861e-6	-4.794553e-7
2276	1.051207e-5	7.875749e-7	1.012136e-5	7.00653e-7
2277	1.03438e-5	-3.812452e-7	1.142977e-5	8.992079e-8
2278	9.332022e-6	-1.702573e-6	1.01383e-5	-5.559171e-7
2279	1.023251e-5	4.482186e-7	9.950506e-6	6.27073e-7
2280	1.05866e-5	1.56591e-7	1.142604e-5	2.243675e-7
2281	9.415063e-6	-1.770846e-6	1.031993e-5	-6.090118e-7
2282	9.912869e-6	-3.588462e-8	9.798125e-6	5.260761e-7
2283	1.071804e-5	5.840597e-7	1.137357e-5	3.584905e-7
2284	9.625978e-6	-1.632075e-6	1.052767e-5	-6.286726e-7
2285	9.612069e-6	-5.898518e-7	9.67253e-6	4.037138e-7
2286	1.072242e-5	8.514142e-7	1.127727e-5	4.814545e-7
2287	9.929702e-6	-1.297452e-6	1.073304e-5	-6.124203e-7
2288	9.383146e-6	-1.113586e-6	9.591581e-6	2.68212e-7
2289	1.059443e-5	9.031296e-7	1.114173e-5	5.891708e-7
2290	1.026324e-5	-8.157054e-7	1.093233e-5	-5.698101e-7
2291	9.271348e-6	-1.525851e-6	9.547764e-6	1.284018e-7
2292	1.036183e-5	7.347922e-7	1.097596e-5	6.752708e-7
2293	1.056184e-5	-2.618553e-7	1.111845e-5	-4.9908e-7
2294	9.307153e-6	-1.768229e-6	9.54387e-6	-1.332581e-8
2295	1.005955e-5	3.757649e-7	1.078332e-5	7.295486e-7
2296	1.076371e-5	2.808943e-7	1.128579e-5	-4.017594e-7
2297	9.469814e-6	-1.793259e-6	9.589443e-6	-1.433245e-7
2298	9.72035e-6	-1.297706e-7	1.057315e-5	7.479819e-7
2299	1.082663e-5	7.00617e-7	1.142372e-5	-2.89388e-7
2300	9.756286e-6	-1.594802e-6	9.67817e-6	-2.544802e-7
2301	9.424667e-6	-6.954238e-7	1.036018e-5	7.24389e-7
2302	1.074797e-5	9.216159e-7	1.151728e-5	-1.585077e-7
2303	1.011304e-5	-1.203786e-6	9.815133e-6	-3.436595e-7
2304	9.230421e-6	-1.212671e-6	1.014219e-5	6.708175e-7
2305	1.053553e-5	9.07813e-7	1.156903e-5	-2.505854e-8
2306	1.046713e-5	-6.799348e-7	9.994574e-6	-4.11069e-7
2307	9.172363e-6	-1.590626e-6	9.934332e-6	5.998823e-7
2308	1.023464e-5	6.681684e-7	1.157019e-5	9.832339e-8
2309	1.076215e-5	-1.107074e-7	1.020392e-5	-4.576477e-7
2310	9.268126e-6	-1.768721e-6	9.750225e-6	5.221109e-7
2311	9.866566e-6	2.395916e-7	1.151965e-5	2.102061e-7
2312	1.092625e-5	4.047815e-7	1.043861e-5	-4.8053e-7
2313	9.524204e-6	-1.710903e-6	9.594999e-6	4.32331e-7
2314	9.505215e-6	-3.105267e-7	1.141884e-5	3.054503e-7
2315	1.092499e-5	7.545491e-7	1.068219e-5	-4.803676e-7
2316	9.895853e-6	-1.435296e-6	9.484384e-6	3.398601e-7
2317	9.224389e-6	-8.734398e-7	1.127825e-5	3.822369e-7
2318	1.076355e-5	8.930784e-7	1.09237e-5	-4.545782e-7
2319	1.031447e-5	-9.839251e-7	9.414463e-6	2.406747e-7
2320	9.084958e-6	-1.346456e-6	1.109174e-5	4.370101e-7
2321	1.044864e-5	7.90294e-7	1.11557e-5	-4.066825e-7
2322	1.068505e-5	-4.292681e-7	9.397231e-6	1.56231e-7
2323	9.122852e-6	-1.64305e-6	1.086588e-5	4.652531e-7
2324	1.004646e-5	4.660121e-7	1.137176e-5	-3.471473e-7
2325	1.094464e-5	1.188525e-7	9.439395e-6	8.256592e-8
2326	9.339827e-6	-1.704465e-6	1.060689e-5	4.816296e-7
2327	9.639952e-6	-2.212779e-8	1.154708e-5	-2.804317e-7
2328	1.103119e-5	5.513281e-7	9.546553e-6	1.29537e-8
2329	9.681286e-6	-1.526027e-6	1.033573e-5	4.818438e-7
2330	9.284301e-6	-5.678047e-7	1.167404e-5	-2.05407e-7
2331	1.093548e-5	7.877959e-7	9.708812e-6	-5.037103e-8
2332	1.011544e-5	-1.155114e-6	1.006652e-5	4.675255e-7
2333	9.048397e-6	-1.079804e-6	1.174174e-5	-1.347224e-7
2334	1.067166e-5	7.80121e-7	9.921933e-6	-1.060224e-7
2335	1.055812e-5	-6.686935e-7	9.820399e-6	4.407946e-7
2336	8.991862e-6	-1.444279e-6	1.174374e-5	-6.317671e-8
2337	1.027023e-5	5.486928e-7	1.016923e-5	-1.425423e-7
2338	1.090656e-5	-1.551383e-7	9.607525e-6	3.966952e-7
2339	9.126871e-6	-1.599592e-6	1.168205e-5	2.327442e-9
2340	9.808786e-6	1.528147e-7	1.043743e-5	-1.524589e-7
2341	1.110622e-5	2.856866e-7	9.443463e-6	3.432154e-7
2342	9.439352e-6	-1.527386e-6	1.156072e-5	5.263946e-8
2343	9.371756e-6	-3.297183e-7	1.070675e-5	-1.391745e-7
2344	1.111688e-5	5.746501e-7	9.333763e-6	2.904276e-7
2345	9.879994e-6	-1.258377e-6	1.139243e-5	8.468232e-8
2346	9.044505e-6	-8.176354e-7	1.096134e-5	-1.18444e-7
2347	1.092735e-5	6.550126e-7	9.279988e-6	2.429065e-7
2348	1.037378e-5	-8.517271e-7	1.118172e-5	1.02916e-7
2349	8.880174e-6	-1.205683e-6	1.119929e-5	-9.23717e-8
2350	1.055924e-5	5.367686e-7	9.285224e-6	1.99676e-7
2351	1.083079e-5	-3.950057e-7	1.093027e-5	1.128457e-7
2352	8.916085e-6	-1.420786e-6	1.14124e-5	-6.318245e-8
2353	1.006509e-5	2.444659e-7	9.349216e-6	1.678286e-7
2354	1.115278e-5	2.997225e-8	1.066744e-5	1.120986e-7
2355	9.156991e-6	-1.435454e-6	1.157878e-5	-4.102564e-8
2356	9.549558e-6	-1.509353e-7	9.463602e-6	1.550825e-7
2357	1.127522e-5	3.469747e-7	1.04062e-5	1.096479e-7
2358	9.579147e-6	-1.264762e-6	1.169719e-5	-2.62903e-8
2359	9.113748e-6	-5.870697e-7	9.616224e-6	1.526524e-7
2360	1.117435e-5	4.879708e-7	1.015508e-5	1.050214e-7
2361	1.010293e-5	-9.636171e-7	1.176444e-5	-2.026645e-8
2362	8.826959e-6	-9.591203e-7	9.802073e-6	1.574056e-7
2363	1.086755e-5	4.574792e-7	9.919981e-6	9.979828e-8
2364	1.063777e-5	-5.849772e-7	1.177923e-5	-2.20679e-8
2365	8.749285e-6	-1.206577e-6	1.002276e-5	1.692701e-7
2366	1.040619e-5	2.702575e-7	9.705654e-6	9.498184e-8
2367	1.108723e-5	-2.03791e-7	1.173829e-5	-3.295156e-8
2368	8.89921e-6	-1.296864e-6	1.027e-5	1.784757e-7
2369	9.856037e-6	-3.862589e-8	9.529635e-6	1.009594e-7
2370	1.134799e-5	1.0971e-7	1.164723e-5	-5.309592e-8
2371	9.24817e-6	-1.225557e-6	1.053257e-5	1.808405e-7
2372	9.327036e-6	-3.959062e-7	9.40291e-6	1.189414e-7
2373	1.137961e-5	3.139571e-7	1.149965e-5	-7.677049e-8
2374	9.753017e-6	-1.014215e-6	1.079269e-5	1.730635e-7
2375	8.915489e-6	-7.515346e-7	9.327309e-6	1.448638e-7
2376	1.116739e-5	3.62915e-7	1.13066e-5	-9.624405e-8
2377	1.032116e-5	-7.149657e-7	1.104255e-5	1.588263e-7
2378	8.683606e-6	-1.02181e-6	9.309001e-6	1.741243e-7
2379	1.073996e-5	2.669384e-7	1.107809e-5	-1.078096e-7
2380	1.085775e-5	-3.857624e-7	1.125742e-5	1.389452e-7
2381	8.688167e-6	-1.164344e-6	9.345969e-6	2.060092e-7
2382	1.018359e-5	5.266297e-8	1.082955e-5	-1.123852e-7
2383	1.125607e-5	-1.033057e-7	1.143698e-5	1.174996e-7
2384	8.935802e-6	-1.187678e-6	9.429491e-6	2.371488e-7
2385	9.598805e-6	-2.333017e-7	1.057605e-5	-1.12594e-7
2386	1.144379e-5	1.131736e-7	1.157131e-5	8.498824e-8
2387	9.384068e-6	-1.081847e-6	9.55738e-6	2.724148e-7
2388	9.080429e-6	-5.39098e-7	1.033757e-5	-1.075345e-7
2389	1.138414e-5	2.321767e-7	1.164715e-5	4.087897e-8
2390	9.95604e-6	-8.732638e-7	9.719503e-6	3.038568e-7
2391	8.720102e-6	-8.062178e-7	1.012024e-5	-9.157818e-8
2392	1.108379e-5	2.360308e-7	1.167479e-5	-4.988928e-9
2393	1.056492e-5	-6.080237e-7	9.908459e-6	3.271358e-7
2394	8.585471e-6	-9.947374e-7	9.926549e-6	-7.732681e-8
2395	1.059308e-5	1.40058e-7	1.165164e-5	-4.539756e-8
2396	1.1089e-5	-3.316441e-7	1.012344e-5	3.500518e-7
2397	8.673017e-6	-1.072725e-6	9.763267e-6	-5.461815e-8
2398	9.992341e-6	-5.682158e-8	1.15822e-5	-8.998769e-8
2399	1.143243e-5	-9.364106e-8	1.035144e-5	3.637904e-7
2400	8.999886e-6	-1.041012e-6	9.63866e-6	-1.813454e-8
2401	9.397354e-6	-3.206833e-7	1.146551e-5	-1.350206e-7
2402	1.154242e-5	7.123619e-8	1.057849e-5	3.657563e-7
2403	9.512116e-6	-9.160403e-7	9.557586e-6	2.676572e-8
2404	8.902462e-6	-5.895764e-7	1.131393e-5	-1.809156e-7
2405	1.13925e-5	1.385707e-7	1.079342e-5	3.569745e-7
2406	1.012287e-5	-7.136814e-7	9.513262e-6	8.504866e-8
2407	8.592776e-6	-8.071756e-7	1.113898e-5	-2.321413e-7
2408	1.102259e-5	1.052716e-7	1.098476e-5	3.381294e-7
2409	1.072992e-5	-4.643511e-7	9.516171e-6	1.60458e-7
2410	8.508415e-6	-9.423164e-7	1.094731e-5	-2.759743e-7
2411	1.04744e-5	-3.195613e-8	1.114824e-5	3.018726e-7
2412	1.122737e-5	-2.126538e-7	9.563398e-6	2.407094e-7
2413	8.686609e-6	-9.688842e-7	1.07418e-5	-3.037228e-7
2414	9.839863e-6	-2.596364e-7	1.127826e-5	2.425298e-7
2415	1.151769e-5	-2.294081e-8	9.6555e-6	3.194577e-7
2416	9.103511e-6	-8.926146e-7	1.053582e-5	-3.074812e-7
2417	9.239179e-6	-5.157592e-7	1.136915e-5	1.701394e-7
2418	1.155189e-5	7.652213e-8	9.779435e-6	3.850827e-7
2419	9.691794e-6	-7.173285e-7	1.033327e-5	-2.930058e-7
2420	8.773665e-6	-7.426881e-7	1.141751e-5	9.632622e-8
2421	1.130915e-5	7.109133e-8	9.938794e-6	4.404356e-7
2422	1.033882e-5	-4.814591e-7	1.014221e-5	-2.67864e-7
2423	8.521411e-6	-8.960211e-7	1.142657e-5	1.683422e-8
2424	1.084752e-5	-4.259605e-8	1.012428e-5	4.876711e-7
2425	1.093608e-5	-2.277339e-7	9.972285e-6	-2.295852e-7
2426	8.537534e-6	-9.410144e-7	1.138701e-5	-6.838685e-8
2427	1.025745e-5	-2.534295e-7	1.032681e-5	5.243916e-7
2428	1.136411e-5	-2.00457e-8	9.837663e-6	-1.753684e-7
2429	8.805285e-6	-8.634136e-7	1.130786e-5	-1.546126e-7
2430	9.625263e-6	-5.080701e-7	1.053181e-5	5.443332e-7
2431	1.156179e-5	8.58331e-8	9.744169e-6	-1.059911e-7
2432	9.28682e-6	-6.837937e-7	1.118894e-5	-2.407769e-7
2433	9.065182e-6	-7.538367e-7	1.072668e-5	5.47095e-7
2434	1.149971e-5	5.718826e-8	9.702553e-6	-2.566638e-8
2435	9.900702e-6	-4.362085e-7	1.10339e-5	-3.117914e-7
2436	8.67468e-6	-9.169649e-7	1.08974e-5	5.372484e-7
2437	1.117598e-5	-9.266697e-8	9.714648e-6	5.252768e-8
2438	1.052621e-5	-1.704572e-7	1.085233e-5	-3.705339e-7
2439	8.512516e-6	-9.597615e-7	1.104058e-5	5.162425e-7
2440	1.06584e-5	-3.254524e-7	9.775496e-6	1.335601e-7
2441	1.106924e-5	3.838208e-8	1.066138e-5	-4.25111e-7
2442	8.611055e-6	-8.748143e-7	1.114128e-5	4.824374e-7
2443	1.003406e-5	-5.867161e-7	9.87437e-6	2.220001e-7
2444	1.144575e-5	1.37502e-7	1.047592e-5	-4.67733e-7
2445	8.964197e-6	-6.750095e-7	1.120655e-5	4.2312e-7
2446	9.412168e-6	-8.337869e-7	1.000007e-5	3.226275e-7
2447	1.157466e-5	9.167565e-8	1.030631e-5	-4.995734e-7
2448	9.507459e-6	-4.039471e-7	1.12303e-5	3.417776e-7
2449	8.892085e-6	-9.967177e-7	1.014533e-5	4.28565e-7
2450	1.143129e-5	-7.330149e-8	1.015374e-5	-5.110077e-7
2451	1.014624e-5	-1.209969e-7	1.121714e-5	2.454833e-7
2452	8.569026e-6	-1.03484e-6	1.03034e-5	5.310569e-7
2453	1.102377e-5	-3.336558e-7	1.003504e-5	-4.999731e-7
2454	1.076073e-5	1.131931e-7	1.11627e-5	1.333261e-7
2455	8.499072e-6	-9.312946e-7	1.046135e-5	6.218696e-7
2456	1.044414e-5	-6.299991e-7	9.956964e-6	-4.559489e-7
2457	1.125097e-5	2.315461e-7	1.107554e-5	4.00594e-9
2458	8.703484e-6	-7.001731e-7	1.061445e-5	6.895567e-7
2459	9.800397e-6	-9.118792e-7	9.908169e-6	-3.820337e-7
2460	1.153335e-5	1.819229e-7	1.096239e-5	-1.312392e-7
2461	9.137791e-6	-3.990042e-7	1.076094e-5	7.222491e-7
2462	9.206541e-6	-1.095325e-6	9.895088e-6	-2.82197e-7
2463	1.155471e-5	-5.292769e-9	1.082708e-5	-2.552692e-7
2464	9.721569e-6	-8.03929e-8	1.089212e-5	7.273026e-7
2465	8.768473e-6	-1.142925e-6	9.91474e-6	-1.614564e-7
2466	1.131806e-5	-2.924916e-7	1.067659e-5	-3.673555e-7
2467	1.035709e-5	1.828581e-7	1.099971e-5	7.048115e-7
2468	8.551482e-6	-1.044472e-6	9.975538e-6	-2.750477e-8
2469	1.085366e-5	-6.26319e-7	1.052121e-5	-4.592117e-7
2470	1.091933e-5	3.315636e-7	1.107278e-5	6.505184e-7
2471	8.586092e-6	-8.103582e-7	1.006679e-5	1.162386e-7
2472	1.025499e-5	-9.36576e-7	1.037558e-5	-5.286074e-7
2473	1.13289e-5	3.264157e-7	1.110291e-5	5.704029e-7
2474	8.869823e-6	-4.858998e-7	1.018255e-5	2.582509e-7
2475	9.625862e-6	-1.165711e-6	1.02449e-5	-5.700706e-7
2476	1.151944e-5	1.49353e-7	1.110059e-5	4.625095e-7
2477	9.343211e-6	-1.332299e-7	1.031547e-5	3.90392e-7
2478	9.067323e-6	-1.258537e-6	1.014075e-5	-5.77853e-7
2479	1.144423e-5	-1.442869e-7	1.105218e-5	3.32994e-7
2480	9.937079e-6	1.758851e-7	1.045924e-5	5.082656e-7
2481	8.682064e-6	-1.188192e-6	1.007408e-5	-5.57266e-7
2482	1.112027e-5	-5.09397e-7	1.096535e-5	2.00184e-7
2483	1.054428e-5	3.571452e-7	1.05959e-5	6.004966e-7
2484	8.544343e-6	-9.744797e-7	1.004735e-5	-5.142331e-7
2485	1.060759e-5	-8.684044e-7	1.085831e-5	6.581727e-8
2486	1.106258e-5	3.80114e-7	1.070903e-5	6.726179e-7
2487	8.664158e-6	-6.420562e-7	1.006194e-5	-4.452411e-7
2488	1.000478e-5	-1.140216e-6	1.073481e-5	-7.045871e-8
2489	1.14079e-5	2.370205e-7	1.079228e-5	7.196559e-7
2490	9.007514e-6	-2.605103e-7	1.010743e-5	-3.470645e-7
2491	9.413577e-6	-1.273507e-6	1.061457e-5	-1.969427e-7
2492	1.152102e-5	-4.227743e-8	1.084774e-5	7.299288e-7
2493	9.526366e-6	8.437697e-8	1.016973e-5	-2.275112e-7
2494	8.941795e-6	-1.24095e-6	1.050674e-5	-3.070283e-7
2495	1.137533e-5	-3.83456e-7	1.087545e-5	7.12875e-7
2496	1.011893e-5	3.266343e-7	1.024788e-5	-1.007574e-7
2497	8.639441e-6	-1.051096e-6	1.041382e-5	-4.014803e-7
2498	1.099434e-5	-7.458576e-7	1.087549e-5	6.690187e-7
2499	1.068755e-5	4.248907e-7	1.034253e-5	3.683236e-8
2500	8.578639e-6	-7.517077e-7	1.033746e-5	-4.783067e-7
2501	1.046072e-5	-1.067704e-6	1.08444e-5	5.992212e-7
2502	1.114468e-5	3.559524e-7	1.044889e-5	1.72511e-7
2503	8.761979e-6	-3.85715e-7	1.028223e-5	-5.281472e-7
2504	9.866422e-6	-1.280852e-6	1.078879e-5	5.057837e-7
2505	1.140526e-5	1.337609e-7	1.054968e-5	3.007042e-7
2506	9.155398e-6	-1.275024e-8	1.025391e-5	-5.477408e-7
2507	9.323149e-6	-1.336269e-6	1.071021e-5	3.950433e-7
2508	1.142854e-5	-1.919514e-7	1.064044e-5	4.15484e-7
2509	9.685664e-6	2.928872e-7	1.025697e-5	-5.328496e-7
2510	8.910828e-6	-1.229695e-6	1.061553e-5	2.7002e-7
2511	1.120954e-5	-5.646277e-7	1.071599e-5	5.025856e-7
2512	1.026134e-5	4.7937e-7	1.028351e-5	-4.812184e-7
2513	8.695191e-6	-9.771784e-7	1.051701e-5	1.438242e-7
2514	1.079299e-5	-9.355072e-7	1.077183e-5	5.583951e-7
2515	1.078669e-5	5.05143e-7	1.033454e-5	-4.002701e-7
2516	8.709847e-6	-6.286945e-7	1.042185e-5	2.260907e-8
2517	1.026142e-5	-1.238245e-6	1.079922e-5	5.821962e-7
2518	1.117032e-5	3.667446e-7	1.039965e-5	-3.037951e-7
2519	8.961416e-6	-2.158236e-7	1.034276e-5	-8.403218e-8
2520	9.707107e-6	-1.410376e-6	1.080434e-5	5.796902e-7
2521	1.133239e-5	8.3632e-8	1.04738e-5	-1.990178e-7
2522	9.386899e-6	1.763708e-7	1.027677e-5	-1.751192e-7
2523	9.224973e-6	-1.416213e-6	1.079089e-5	5.624243e-7
2524	1.126269e-5	-2.967148e-7	1.055447e-5	-9.621948e-8
2525	9.917491e-6	4.850248e-7	1.021913e-5	-2.408194e-7
2526	8.910028e-6	-1.245594e-6	1.075715e-5	5.284011e-7
2527	1.09824e-5	-7.264812e-7	1.064585e-5	-2.424158e-9
2528	1.044079e-5	6.508942e-7	1.017357e-5	-2.872499e-7
2529	8.798329e-6	-9.239387e-7	1.070145e-5	4.836488e-7
2530	1.054139e-5	-1.131796e-6	1.074173e-5	7.793487e-8
2531	1.086978e-5	6.411813e-7	1.014988e-5	-3.166061e-7
2532	8.907572e-6	-5.015519e-7	1.062426e-5	4.265968e-7
2533	1.003214e-5	-1.447989e-6	1.083376e-5	1.565299e-7
2534	1.114243e-5	4.263415e-7	1.014973e-5	-3.299149e-7
2535	9.216927e-6	-3.765223e-8	1.053101e-5	3.571587e-7
2536	9.535294e-6	-1.59219e-6	1.091165e-5	2.24621e-7
2537	1.120375e-5	4.185696e-8	1.017825e-5	-3.297227e-7
2538	9.654308e-6	3.919736e-7	1.042843e-5	2.858919e-7
2539	9.136793e-6	-1.527e-6	1.097747e-5	2.858676e-7
2540	1.105522e-5	-4.515176e-7	1.02297e-5	-3.161087e-7
2541	1.014563e-5	7.010024e-7	1.031813e-5	2.13499e-7
2542	8.915491e-6	-1.26235e-6	1.102078e-5	3.422178e-7
2543	1.073271e-5	-9.601847e-7	1.031134e-5	-2.93316e-7
2544	1.06022e-5	8.291497e-7	1.020971e-5	1.407085e-7
2545	8.910394e-6	-8.390449e-7	1.102995e-5	3.880782e-7
2546	1.029798e-5	-1.413097e-6	1.041154e-5	-2.58624e-7
2547	1.094309e-5	7.248193e-7	1.011266e-5	6.765095e-8
2548	9.104979e-6	-3.233587e-7	1.101022e-5	4.199241e-7
2549	9.828566e-6	-1.697228e-6	1.052246e-5	-2.158168e-7
2550	1.111669e-5	4.041232e-7	1.002593e-5	4.196055e-9
2551	9.458e-6	2.012948e-7	1.097302e-5	4.33154e-7
2552	9.396689e-6	-1.765666e-6	1.063912e-5	-1.651943e-7
2553	1.107663e-5	-7.958937e-8	9.960312e-6	-4.910503e-8
2554	9.901772e-6	6.421483e-7	1.091145e-5	4.261084e-7
2555	9.096152e-6	-1.598749e-6	1.075998e-5	-1.015975e-7
2556	1.084179e-5	-6.45917e-7	9.9178e-6	-9.526422e-8
2557	1.035842e-5	9.191349e-7	1.082636e-5	4.008476e-7
2558	8.989031e-6	-1.221183e-6	1.08734e-5	-2.679186e-8
2559	1.04698e-5	-1.212553e-6	9.904641e-6	-1.35812e-7
2560	1.073429e-5	9.519611e-7	1.072301e-5	3.584981e-7
2561	9.08681e-6	-6.94217e-7	1.097695e-5	4.974791e-8
2562	1.003759e-5	-1.651937e-6	9.91836e-6	-1.616674e-7
2563	1.096048e-5	7.384599e-7	1.060517e-5	3.079433e-7
2564	9.358959e-6	-9.798566e-8	1.106619e-5	1.19401e-7
2565	9.629189e-6	-1.874377e-6	9.958661e-6	-1.778779e-7
2566	1.101409e-5	3.045437e-7	1.047822e-5	2.510322e-7
2567	9.740277e-6	4.50573e-7	1.114085e-5	1.769354e-7
2568	9.314053e-6	-1.847276e-6	1.002191e-5	-1.691661e-7
2569	1.088271e-5	-2.692176e-7	1.034456e-5	1.853421e-7
2570	1.014381e-5	8.573691e-7	1.119637e-5	2.193502e-7
2571	9.145558e-6	-1.574485e-6	1.011484e-5	-1.403882e-7
2572	1.060018e-5	-8.831915e-7	1.020735e-5	1.207495e-7
2573	1.05092e-5	1.052619e-6	1.122317e-5	2.431434e-7
2574	9.154678e-6	-1.099854e-6	1.023574e-5	-9.908514e-8
2575	1.023002e-5	-1.434701e-6	1.007471e-5	6.306263e-8
2576	1.077187e-5	9.744286e-7	1.121467e-5	2.503314e-7
2577	9.316303e-6	-4.965346e-7	1.038103e-5	-5.153978e-8
2578	9.832797e-6	-1.808583e-6	9.958082e-6	1.344565e-8
2579	1.089289e-5	6.39092e-7	1.116725e-5	2.514505e-7
2580	9.591283e-6	1.31472e-7	1.054358e-5	-4.134124e-9
2581	9.482449e-6	-1.933274e-6	9.864108e-6	-2.571084e-8
2582	1.086155e-5	9.742971e-8	1.108462e-5	2.407334e-7
2583	9.941316e-6	6.476583e-7	1.071046e-5	3.724326e-8
2584	9.245995e-6	-1.793588e-6	9.803893e-6	-5.207614e-8
2585	1.068354e-5	-5.489525e-7	1.096182e-5	2.22078e-7
2586	1.029935e-5	9.682456e-7	1.087322e-5	8.069431e-8
2587	9.166987e-6	-1.400738e-6	9.786903e-6	-6.9795e-8
2588	1.039647e-5	-1.17185e-6	1.080631e-5	1.905444e-7
2589	1.059466e-5	1.032743e-6	1.101716e-5	1.257785e-7
2590	9.240676e-6	-8.258696e-7	9.823032e-6	-7.192411e-8
2591	1.005733e-5	-1.662401e-6	1.063009e-5	1.437456e-7
2592	1.078796e-5	8.244484e-7	1.112817e-5	1.618013e-7
2593	9.451555e-6	-1.768114e-7	9.900947e-6	-5.576734e-8
2594	9.726543e-6	-1.914396e-6	1.045155e-5	9.572634e-8
2595	1.084545e-5	3.837178e-7	1.120373e-5	1.804404e-7
2596	9.741824e-6	4.250692e-7	1.001483e-5	-2.372916e-8
2597	9.452091e-6	-1.892188e-6	1.027884e-5	4.939471e-8
2598	1.074788e-5	-2.108273e-7	1.124432e-5	1.894918e-7
2599	1.006466e-5	8.623899e-7	1.015395e-5	2.332482e-8
2600	9.299541e-6	-1.622674e-6	1.011859e-5	2.210459e-9
2601	1.053141e-5	-8.439129e-7	1.124551e-5	1.754116e-7
2602	1.036889e-5	1.057873e-6	1.031821e-5	7.940405e-8
2603	9.290508e-6	-1.146343e-6	9.974879e-6	-2.395712e-8
2604	1.023669e-5	-1.40649e-6	1.12034e-5	1.387386e-7
2605	1.060048e-5	9.86897e-7	1.049551e-5	1.348745e-7
2606	9.41059e-6	-5.36901e-7	9.864498e-6	-2.887295e-8
2607	9.923224e-6	-1.788614e-6	1.112105e-5	8.649094e-8
2608	1.071641e-5	6.685422e-7	1.067502e-5	1.866738e-7
2609	9.64011e-6	8.924101e-8	9.78948e-6	-1.698448e-8
2610	9.649063e-6	-1.925627e-6	1.100622e-5	2.023599e-8
2611	1.068959e-5	1.62292e-7	1.084512e-5	2.354949e-7
2612	9.9268e-6	6.210087e-7	9.755728e-6	1.507623e-8
2613	9.463258e-6	-1.805891e-6	1.086446e-5	-5.865919e-8
2614	1.053038e-5	-4.420084e-7	1.100213e-5	2.715736e-7
2615	1.02264e-5	9.513909e-7	9.763876e-6	6.775441e-8
2616	9.402848e-6	-1.46282e-6	1.069918e-5	-1.384226e-7
2617	1.027565e-5	-1.045174e-6	1.113252e-5	2.766178e-7
2618	1.048174e-5	1.048178e-6	9.821583e-6	1.417267e-7
2619	9.479251e-6	-9.349716e-7	1.052322e-5	-2.003145e-7
2620	9.985569e-6	-1.542168e-6	1.122779e-5	2.459109e-7
2621	1.061954e-5	8.954655e-7	9.913885e-6	2.260714e-7
2622	9.654944e-6	-3.194317e-7	1.03539e-5	-2.351718e-7
2623	9.717358e-6	-1.846687e-6	1.128362e-5	1.888036e-7
2624	1.06321e-5	5.277953e-7	1.003234e-5	3.091222e-7
2625	9.907772e-6	2.824343e-7	1.019817e-5	-2.447764e-7
2626	9.536434e-6	-1.909627e-6	1.129872e-5	1.106907e-7
2627	1.05156e-5	-7.917315e-9	1.017326e-5	3.839837e-7
2628	1.01797e-5	7.609395e-7	1.006456e-5	-2.292666e-7
2629	9.455288e-6	-1.716364e-6	1.127763e-5	2.225107e-8
2630	1.029159e-5	-6.266385e-7	1.032991e-5	4.429286e-7
2631	1.041463e-5	1.038905e-6	9.950482e-6	-1.89305e-7
2632	9.498476e-6	-1.300885e-6	1.122218e-5	-6.593958e-8
2633	1.002806e-5	-1.232739e-6	1.049422e-5	4.812125e-7
2634	1.056915e-5	1.056672e-6	9.863984e-6	-1.320109e-7
2635	9.652973e-6	-7.317185e-7	1.11362e-5	-1.541756e-7
2636	9.776043e-6	-1.702939e-6	1.065433e-5	4.944956e-7
2637	1.05992e-5	8.278389e-7	9.807546e-6	-4.692607e-8
2638	9.871849e-6	-9.702391e-8	1.102908e-5	-2.38911e-7
2639	9.575928e-6	-1.953311e-6	1.080377e-5	4.792961e-7
2640	1.050923e-5	3.762112e-7	9.777139e-6	5.54376e-8
2641	1.012575e-5	4.865338e-7	1.090706e-5	-3.130502e-7
2642	9.47165e-6	-1.928687e-6	1.093679e-5	4.395714e-7
2643	1.032319e-5	-2.167159e-7	9.780738e-6	1.633401e-7
2644	1.036773e-5	9.183331e-7	1.077072e-5	-3.683481e-7
2645	9.488454e-6	-1.650179e-6	1.104384e-5	3.844776e-7
2646	1.007429e-5	-8.695022e-7	9.822265e-6	2.694312e-7
2647	1.055217e-5	1.109125e-6	1.062838e-5	-4.050626e-7
2648	9.619491e-6	-1.156892e-6	1.112173e-5	3.093021e-7
2649	9.814418e-6	-1.441926e-6	9.891273e-6	3.662149e-7
2650	1.062779e-5	1.035048e-6	1.049283e-5	-4.117738e-7
2651	9.841519e-6	-5.328129e-7	1.117326e-5	2.176787e-7
2652	9.585352e-6	-1.83833e-6	9.980882e-6	4.518314e-7
2653	1.056752e-5	7.137085e-7	1.035879e-5	-3.954614e-7
2654	1.010123e-5	1.089407e-7	1.120539e-5	1.182587e-7
2655	9.437945e-6	-1.986513e-6	1.009273e-5	5.234211e-7
2656	1.038873e-5	1.989395e-7	1.023163e-5	-3.587592e-7
2657	1.036618e-5	6.59022e-7	1.120826e-5	1.594198e-8
2658	9.418226e-6	-1.86758e-6	1.021941e-5	5.765651e-7
2659	1.012604e-5	-4.402332e-7	1.012145e-5	-3.030628e-7
2660	1.057867e-5	1.002589e-6	1.118253e-5	-9.191288e-8
2661	9.541312e-6	-1.503626e-6	1.035087e-5	6.167159e-7
2662	9.835128e-6	-1.08045e-6	1.003692e-5	-2.258675e-7
2663	1.067128e-5	1.10354e-6	1.11292e-5	-2.052881e-7
2664	9.783367e-6	-9.467093e-7	1.047402e-5	6.352745e-7
2665	9.589877e-6	-1.600847e-6	9.986462e-6	-1.286154e-7
2666	1.062676e-5	9.36829e-7	1.105172e-5	-3.101844e-7
2667	1.008508e-5	-3.064893e-7	1.058439e-5	6.335689e-7
2668	9.434885e-6	-1.903965e-6	9.958505e-6	-2.32983e-8
2669	1.044792e-5	5.317775e-7	1.096246e-5	-4.021939e-7
2670	1.036869e-5	3.014218e-7	1.068909e-5	6.142356e-7
2671	9.395026e-6	-1.944571e-6	9.956198e-6	8.093971e-8
2672	1.018515e-5	-4.176616e-8	1.085706e-5	-4.721289e-7
2673	1.05862e-5	7.777776e-7	1.078356e-5	5.660677e-7
2674	9.488653e-6	-1.721571e-6	9.975641e-6	1.923057e-7
2675	9.89495e-6	-6.879685e-7	1.074346e-5	-5.152559e-7
2676	1.070407e-5	1.027347e-6	1.086486e-5	4.892346e-7
2677	9.689498e-6	-1.272912e-6	1.001696e-5	3.007206e-7
2678	9.618978e-6	-1.285323e-6	1.062178e-5	-5.312985e-7
2679	1.068651e-5	1.0167e-6	1.093354e-5	3.918603e-7
2680	9.954847e-6	-6.692294e-7	1.007913e-5	4.032093e-7
2681	9.424336e-6	-1.721772e-6	1.050072e-5	-5.192275e-7
2682	1.054703e-5	7.354752e-7	1.098148e-5	2.69855e-7
2683	1.023853e-5	-3.200659e-8	1.015771e-5	4.955081e-7
2684	9.343532e-6	-1.932162e-6	1.038791e-5	-4.815448e-7
2685	1.031157e-5	2.306473e-7	1.100326e-5	1.452036e-7
2686	1.048605e-5	5.323289e-7	1.025358e-5	5.71327e-7
2687	9.395965e-6	-1.852638e-6	1.02923e-5	-4.316535e-7
2688	1.003092e-5	-3.995793e-7	1.098823e-5	2.711636e-8
2689	1.064363e-5	9.159085e-7	1.036484e-5	6.310902e-7
2690	9.563553e-6	-1.503914e-6	1.021654e-5	-3.697734e-7
2691	9.762023e-6	-1.041086e-6	1.093749e-5	-9.299315e-8
2692	1.068623e-5	1.041157e-6	1.048038e-5	6.7995e-7
2693	9.822484e-6	-9.462936e-7	1.016916e-5	-2.876928e-7
2694	9.554401e-6	-1.562347e-6	1.086399e-5	-2.139164e-7
2695	1.060576e-5	8.844688e-7	1.058513e-5	7.039698e-7
2696	1.00974e-5	-2.900772e-7	1.014668e-5	-1.789427e-7
2697	9.427596e-6	-1.866947e-6	1.078083e-5	-3.326183e-7
2698	1.041238e-5	4.751372e-7	1.068035e-5	7.028285e-7
2699	1.035036e-5	3.285512e-7	1.013878e-5	-5.348916e-8
2700	9.415484e-6	-1.91114e-6	1.069147e-5	-4.478849e-7
2701	1.01539e-5	-1.02985e-7	1.076306e-5	6.740812e-7
2702	1.054462e-5	7.920201e-7	1.015384e-5	9.540708e-8
2703	9.533335e-6	-1.682315e-6	1.059599e-5	-5.510815e-7
2704	9.864837e-6	-7.412863e-7	1.082757e-5	6.09009e-7
2705	1.06374e-5	1.023583e-6	1.019318e-5	2.558472e-7
2706	9.755291e-6	-1.218721e-6	1.049868e-5	-6.277568e-7
2707	9.610188e-6	-1.312028e-6	1.086805e-5	5.134698e-7
2708	1.061222e-5	9.818546e-7	1.025507e-5	4.129535e-7
2709	1.003997e-5	-6.131348e-7	1.040457e-5	-6.701637e-7
2710	9.436623e-6	-1.705181e-6	1.088422e-5	3.942691e-7
2711	1.046708e-5	6.832893e-7	1.033596e-5	5.60953e-7
2712	1.031431e-5	1.1415e-8	1.032555e-5	-6.766112e-7
2713	9.376374e-6	-1.857843e-6	1.0873e-5	2.531238e-7
2714	1.023366e-5	1.914616e-7	1.042654e-5	6.958674e-7
2715	1.054011e-5	5.263682e-7	1.026525e-5	-6.505456e-7
2716	9.446032e-6	-1.766802e-6	1.083698e-5	9.023546e-8
2717	9.94497e-6	-3.998128e-7	1.052299e-5	8.096147e-7
2718	1.068312e-5	8.708245e-7	1.022663e-5	-5.820196e-7
2719	9.648726e-6	-1.437234e-6	1.077153e-5	-8.441055e-8
2720	9.656781e-6	-9.861038e-7	1.061767e-5	8.899888e-7
2721	1.06975e-5	9.773854e-7	1.021765e-5	-4.7062e-7
2722	9.917588e-6	-9.275558e-7	1.068784e-5	-2.59864e-7
2723	9.434495e-6	-1.464109e-6	1.069568e-5	9.259787e-7
2724	1.05943e-5	8.334322e-7	1.023307e-5	-3.248285e-7
2725	1.022117e-5	-3.269993e-7	1.059648e-5	-4.252628e-7
2726	9.327726e-6	-1.754207e-6	1.07525e-5	9.215841e-7
2727	1.038105e-5	4.669277e-7	1.02734e-5	-1.534356e-7
2728	1.04959e-5	2.456332e-7	1.050879e-5	-5.653347e-7
2729	9.340952e-6	-1.807424e-6	1.078473e-5	8.678058e-7
2730	1.007781e-5	-5.253578e-8	1.032752e-5	3.283577e-8
2731	1.069188e-5	6.943751e-7	1.042816e-5	-6.69409e-7
2732	9.494136e-6	-1.616521e-6	1.079131e-5	7.753158e-7
2733	9.760614e-6	-6.470005e-7	1.039928e-5	2.128099e-7
2734	1.077068e-5	9.305865e-7	1.036639e-5	-7.402408e-7
2735	9.759484e-6	-1.219759e-6	1.076227e-5	6.578929e-7
2736	9.490268e-6	-1.198243e-6	1.048296e-5	3.876253e-7
2737	1.070506e-5	9.341219e-7	1.032439e-5	-7.74667e-7
2738	1.007362e-5	-6.774483e-7	1.071329e-5	5.12926e-7
2739	9.311738e-6	-1.614716e-6	1.056191e-5	5.486488e-7
2740	1.05145e-5	6.933032e-7	1.030979e-5	-7.666937e-7
2741	1.038719e-5	-8.575364e-8	1.065752e-5	3.49053e-7
2742	9.265082e-6	-1.813821e-6	1.063241e-5	6.821883e-7
2743	1.023532e-5	2.562189e-7	1.030529e-5	-7.124055e-7
2744	1.064227e-5	4.487218e-7	1.059266e-5	1.714887e-7
2745	9.361499e-6	-1.770468e-6	1.069476e-5	7.82866e-7
2746	9.915652e-6	-3.163373e-7	1.032083e-5	-6.215134e-7
2747	1.080175e-5	8.110629e-7	1.051821e-5	-9.632114e-9
2748	9.578383e-6	-1.481256e-6	1.074143e-5	8.401128e-7
2749	9.606739e-6	-8.975985e-7	1.035788e-5	-4.894298e-7
2750	1.082641e-5	9.444145e-7	1.04413e-5	-1.802831e-7
2751	9.884364e-6	-1.000179e-6	1.076316e-5	8.52369e-7
2752	9.350996e-6	-1.388262e-6	1.041504e-5	-3.317622e-7
2753	1.070955e-5	8.310495e-7	1.037142e-5	-3.301035e-7
2754	1.02197e-5	-4.219345e-7	1.07626e-5	8.318087e-7
2755	9.199359e-6	-1.701285e-6	1.048581e-5	-1.673246e-7
2756	1.046816e-5	4.989492e-7	1.031268e-5	-4.529101e-7
2757	1.054501e-5	1.53205e-7	1.073818e-5	7.804584e-7
2758	9.197607e-6	-1.789204e-6	1.056651e-5	-6.708073e-9
2759	1.012983e-5	-7.521993e-9	1.026438e-5	-5.436262e-7
2760	1.080209e-5	6.048397e-7	1.069525e-5	7.063812e-7
2761	9.358634e-6	-1.632264e-6	1.065157e-5	1.435655e-7
2762	9.755415e-6	-5.875152e-7	1.023358e-5	-6.003349e-7
2763	1.092026e-5	8.628625e-7	1.062655e-5	6.042959e-7
2764	9.662352e-6	-1.249473e-6	1.0744e-5	2.80108e-7
2765	9.427528e-6	-1.12893e-6	1.022457e-5	-6.157187e-7
2766	1.08729e-5	8.819667e-7	1.053369e-5	4.842982e-7
2767	1.004827e-5	-7.250661e-7	1.082696e-5	4.004234e-7
2768	9.212082e-6	-1.536881e-6	1.024677e-5	-5.999151e-7
2769	1.065645e-5	6.607232e-7	1.043761e-5	3.528567e-7
2770	1.043299e-5	-1.526842e-7	1.088847e-5	4.959769e-7
2771	9.138479e-6	-1.741809e-6	1.029696e-5	-5.509301e-7
2772	1.032027e-5	2.411388e-7	1.033797e-5	2.141005e-7
2773	1.07446e-5	3.692733e-7	1.092424e-5	5.66819e-7
2774	9.235971e-6	-1.697668e-6	1.037022e-5	-4.709349e-7
2775	9.937503e-6	-3.103727e-7	1.024734e-5	7.659798e-8
2776	1.092372e-5	7.280896e-7	1.092951e-5	6.075792e-7
2777	9.476748e-6	-1.421381e-6	1.04613e-5	-3.7475e-7
2778	9.569326e-6	-8.769069e-7	1.016526e-5	-4.702562e-8
2779	1.092403e-5	8.719559e-7	1.091272e-5	6.178671e-7
2780	9.818539e-6	-9.619858e-7	1.056444e-5	-2.665793e-7
2781	9.295946e-6	-1.359571e-6	1.009732e-5	-1.519212e-7
2782	1.076144e-5	7.726106e-7	1.086901e-5	5.991905e-7
2783	1.019978e-5	-4.122499e-7	1.066847e-5	-1.495127e-7
2784	9.168619e-6	-1.697164e-6	1.00489e-5	-2.314171e-7
2785	1.046912e-5	4.421947e-7	1.080605e-5	5.535242e-7
2786	1.054196e-5	1.540558e-7	1.076909e-5	-3.733234e-8
2787	9.215633e-6	-1.805527e-6	1.002382e-5	-2.858746e-7
2788	1.010323e-5	-5.907445e-8	1.072078e-5	4.953431e-7
2789	1.076657e-5	6.272883e-7	1.086409e-5	6.61924e-8
2790	9.418385e-6	-1.656915e-6	1.00184e-5	-3.268786e-7
2791	9.743323e-6	-6.418377e-7	1.062279e-5	4.313664e-7
2792	1.084088e-5	9.14322e-7	1.094589e-5	1.692928e-7
2793	9.736475e-6	-1.26865e-6	1.004541e-5	-3.529206e-7
2794	9.452356e-6	-1.198514e-6	1.050728e-5	3.511391e-7
2795	1.075246e-5	9.514964e-7	1.101289e-5	2.681531e-7
2796	1.01014e-5	-7.092403e-7	1.010184e-5	-3.556516e-7
2797	9.270592e-6	-1.619602e-6	1.039113e-5	2.598378e-7
2798	1.051167e-5	7.238738e-7	1.105532e-5	3.544671e-7
2799	1.044846e-5	-1.042869e-7	1.018747e-5	-3.434425e-7
2800	9.239714e-6	-1.833809e-6	1.027814e-5	1.687596e-7
2801	1.018617e-5	2.745914e-7	1.107527e-5	4.286573e-7
2802	1.071184e-5	4.350041e-7	1.028569e-5	-3.148355e-7
2803	9.366195e-6	-1.794525e-6	1.017673e-5	6.457753e-8
2804	9.835777e-6	-3.11072e-7	1.107023e-5	4.886709e-7
2805	1.083712e-5	8.202167e-7	1.039382e-5	-2.599976e-7
2806	9.621989e-6	-1.496318e-6	1.0091e-5	-4.322881e-8
2807	9.523856e-6	-9.207904e-7	1.103966e-5	5.227034e-7
2808	1.08103e-5	9.78199e-7	1.050781e-5	-1.851208e-7
2809	9.97145e-6	-9.942805e-7	1.002036e-5	-1.382413e-7
2810	9.295559e-6	-1.430165e-6	1.098951e-5	5.282973e-7
2811	1.06234e-5	8.709248e-7	1.062647e-5	-1.016429e-7
2812	1.033504e-5	-3.956832e-7	9.966008e-6	-2.163033e-7
2813	9.205441e-6	-1.745722e-6	1.092142e-5	5.159527e-7
2814	1.033005e-5	5.185528e-7	1.074099e-5	-1.345834e-8
2815	1.064559e-5	1.739424e-7	9.934443e-6	-2.820914e-7
2816	9.263293e-6	-1.832194e-6	1.083135e-5	4.825345e-7
2817	9.984678e-6	-5.128894e-9	1.084918e-5	8.042416e-8
2818	1.084798e-5	6.421262e-7	9.928765e-6	-3.298163e-7
2819	9.474126e-6	-1.662193e-6	1.072047e-5	4.274061e-7
2820	9.637048e-6	-6.008194e-7	1.095131e-5	1.779977e-7
2821	1.088842e-5	9.133012e-7	9.952315e-6	-3.583831e-7
2822	9.787362e-6	-1.2627e-6	1.058733e-5	3.53981e-7
2823	9.356062e-6	-1.154502e-6	1.10424e-5	2.688841e-7
2824	1.077455e-5	9.421944e-7	1.00059e-5	-3.611307e-7
2825	1.016065e-5	-7.136348e-7	1.04424e-5	2.664308e-7
2826	9.194258e-6	-1.570402e-6	1.11195e-5	3.478654e-7
2827	1.05249e-5	7.251377e-7	1.008582e-5	-3.353565e-7
2828	1.051775e-5	-1.236136e-7	1.029132e-5	1.704298e-7
2829	9.176012e-6	-1.783583e-6	1.117354e-5	3.99661e-7
2830	1.01707e-5	3.046679e-7	1.019117e-5	-2.770462e-7
2831	1.079324e-5	4.092842e-7	1.015047e-5	7.644476e-8
2832	9.324062e-6	-1.759812e-6	1.119701e-5	4.190457e-7
2833	9.791198e-6	-2.614677e-7	1.031489e-5	-2.047596e-7
2834	1.092724e-5	7.835061e-7	1.001901e-5	-7.729099e-9
2835	9.61506e-6	-1.499695e-6	1.118353e-5	4.187358e-7
2836	9.45309e-6	-8.468873e-7	1.045752e-5	-1.234537e-7
2837	1.088135e-5	9.486486e-7	9.916383e-6	-8.471861e-8
2838	9.975627e-6	-1.048016e-6	1.113184e-5	4.004837e-7
2839	9.218638e-6	-1.356456e-6	1.060527e-5	-2.626268e-8
2840	1.067565e-5	8.743032e-7	9.844866e-6	-1.476167e-7
2841	1.035356e-5	-4.818882e-7	1.104449e-5	3.554267e-7
2842	9.130164e-6	-1.694461e-6	1.075106e-5	7.716663e-8
2843	1.035848e-5	5.700771e-7	9.80021e-6	-1.838217e-7
2844	1.067876e-5	9.428604e-8	1.093444e-5	2.877276e-7
2845	9.209957e-6	-1.815904e-6	1.089698e-5	1.678016e-7
2846	9.988951e-6	7.27038e-8	9.780641e-6	-1.934371e-7
2847	1.089557e-5	5.696814e-7	1.079885e-5	2.033317e-7
2848	9.434787e-6	-1.686168e-6	1.103559e-5	2.432112e-7
2849	9.625041e-6	-5.146434e-7	9.790049e-6	-1.658683e-7
2850	1.09539e-5	8.678787e-7	1.064701e-5	1.034529e-7
2851	9.767934e-6	-1.32496e-6	1.115383e-5	2.968894e-7
2852	9.326524e-6	-1.078554e-6	9.833077e-6	-1.090973e-7
2853	1.083757e-5	9.290297e-7	1.048873e-5	6.291874e-9
2854	1.014143e-5	-8.104153e-7	1.125036e-5	3.20421e-7
2855	9.143355e-6	-1.503041e-6	9.909529e-6	-3.253524e-8
2856	1.058012e-5	7.474556e-7	1.032505e-5	-7.833106e-8
2857	1.050951e-5	-2.395483e-7	1.132112e-5	3.119235e-7
2858	9.111348e-6	-1.736213e-6	1.001174e-5	5.984288e-8
2859	1.022764e-5	3.489781e-7	1.016995e-5	-1.427949e-7
2860	1.081624e-5	2.798104e-7	1.135623e-5	2.704118e-7
2861	9.246579e-6	-1.744594e-6	1.014337e-5	1.548348e-7
2862	9.828221e-6	-1.895701e-7	1.001971e-5	-1.848962e-7
2863	1.098494e-5	6.763439e-7	1.135284e-5	2.075637e-7
2864	9.540926e-6	-1.507691e-6	1.030604e-5	2.499608e-7
2865	9.458298e-6	-7.633851e-7	9.872947e-6	-2.004877e-7
2866	1.098074e-5	8.681634e-7	1.131117e-5	1.250062e-7
2867	9.936337e-6	-1.07661e-6	1.049298e-5	3.319578e-7
2868	9.191192e-6	-1.26358e-6	9.756616e-6	-1.838924e-7
2869	1.078975e-5	8.132028e-7	1.122378e-5	3.050965e-8
2870	1.034835e-5	-5.341131e-7	1.068416e-5	3.903843e-7
2871	9.066913e-6	-1.606339e-6	9.677936e-6	-1.338295e-7
2872	1.044887e-5	5.388132e-7	1.110551e-5	-7.50215e-8
2873	1.071774e-5	1.668592e-8	1.086865e-5	4.302641e-7
2874	9.133168e-6	-1.734425e-6	9.640674e-6	-5.796953e-8
2875	1.002584e-5	8.250038e-8	1.095234e-5	-1.828784e-7
2876	1.096318e-5	4.758094e-7	1.103583e-5	4.432005e-7
2877	9.368165e-6	-1.634887e-6	9.649593e-6	3.877194e-8
2878	9.595786e-6	-4.639335e-7	1.078174e-5	-2.781012e-7
2879	1.101843e-5	7.809159e-7	1.117415e-5	4.265065e-7
2880	9.741328e-6	-1.321344e-6	9.704639e-6	1.475125e-7
2881	9.249975e-6	-1.000151e-6	1.059853e-5	-3.563205e-7
2882	1.087534e-5	8.678013e-7	1.127111e-5	3.873346e-7
2883	1.018414e-5	-8.689724e-7	9.802727e-6	2.658562e-7
2884	9.053242e-6	-1.446535e-6	1.041818e-5	-4.159172e-7
2885	1.05658e-5	7.248237e-7	1.132479e-5	3.149138e-7
2886	1.060839e-5	-3.32161e-7	9.93701e-6	3.841265e-7
2887	9.053603e-6	-1.713676e-6	1.024603e-5	-4.399246e-7
2888	1.01413e-5	3.794097e-7	1.134271e-5	2.137955e-7
2889	1.092586e-5	1.899227e-7	1.009025e-5	4.906148e-7
2890	9.252425e-6	-1.75858e-6	1.00886e-5	-4.213758e-7
2891	9.688849e-6	-1.115143e-7	1.132637e-5	9.858226e-8
2892	1.106919e-5	6.111891e-7	1.02571e-5	5.713586e-7
2893	9.616688e-6	-1.573127e-6	9.95824e-6	-3.733997e-7
2894	9.305075e-6	-6.644636e-7	1.1271e-5	-2.637942e-8
2895	1.099827e-5	8.559066e-7	1.043125e-5	6.324775e-7
2896	1.006901e-5	-1.179939e-6	9.864786e-6	-3.060773e-7
2897	9.045903e-6	-1.176172e-6	1.118169e-5	-1.44813e-7
2898	1.071724e-5	8.679927e-7	1.059632e-5	6.662322e-7
2899	1.052401e-5	-6.670211e-7	9.817759e-6	-2.191798e-7
2900	8.969289e-6	-1.559067e-6	1.106727e-5	-2.511187e-7
2901	1.030297e-5	6.427661e-7	1.074589e-5	6.71953e-7
2902	1.090593e-5	-1.223229e-7	9.807381e-6	-1.246973e-7
2903	9.096636e-6	-1.745659e-6	1.093606e-5	-3.422516e-7
2904	9.822315e-6	2.277628e-7	1.086753e-5	6.58252e-7
2905	1.113522e-5	3.634636e-7	9.830765e-6	-2.010299e-8
2906	9.408648e-6	-1.69814e-6	1.079424e-5	-4.203541e-7
2907	9.369968e-6	-3.012152e-7	1.096183e-5	6.173796e-7
2908	1.116635e-5	7.086156e-7	9.889442e-6	1.019083e-7
2909	9.847348e-6	-1.413133e-6	1.064834e-5	-4.826932e-7
2910	9.02885e-6	-8.46172e-7	1.102685e-5	5.443382e-7
2911	1.097467e-5	8.373215e-7	9.975876e-6	2.338724e-7
2912	1.032618e-5	-9.494528e-7	1.050632e-5	-5.15453e-7
2913	8.866272e-6	-1.298986e-6	1.106478e-5	4.400432e-7
2914	1.060939e-5	7.215939e-7	1.008017e-5	3.55021e-7
2915	1.075962e-5	-4.156159e-7	1.037699e-5	-5.151697e-7
2916	8.902912e-6	-1.590664e-6	1.107491e-5	3.175753e-7
2917	1.013487e-5	4.042634e-7	1.01972e-5	4.587606e-7
2918	1.108767e-5	1.039993e-7	1.026408e-5	-4.845497e-7
2919	9.145608e-6	-1.665843e-6	1.106594e-5	1.830035e-7
2920	9.631416e-6	-5.186373e-8	1.031724e-5	5.458474e-7
2921	1.122204e-5	5.145826e-7	1.01636e-5	-4.295884e-7
2922	9.545074e-6	-1.511123e-6	1.103821e-5	4.637718e-8
2923	9.198675e-6	-5.678987e-7	1.044098e-5	6.095235e-7
2924	1.114682e-5	7.490023e-7	1.008469e-5	-3.507094e-7
2925	1.003846e-5	-1.155744e-6	1.098787e-5	-8.52997e-8
2926	8.912127e-6	-1.044614e-6	1.055963e-5	6.515794e-7
2927	1.087661e-5	7.576203e-7	1.003357e-5	-2.567616e-7
2928	1.053349e-5	-6.760512e-7	1.091692e-5	-2.144772e-7
2929	8.80992e-6	-1.397991e-6	1.066395e-5	6.782681e-7
2930	1.044746e-5	5.532602e-7	1.001631e-5	-1.455443e-7
2931	1.094842e-5	-1.666824e-7	1.083259e-5	-3.447701e-7
2932	8.925578e-6	-1.572065e-6	1.075044e-5	6.752635e-7
2933	9.936887e-6	1.715428e-7	1.002285e-5	-1.157968e-8
2934	1.121419e-5	2.689942e-7	1.073502e-5	-4.540735e-7
2935	9.248557e-6	-1.538688e-6	1.083354e-5	6.320474e-7
2936	9.430498e-6	-2.945188e-7	1.004555e-5	1.367039e-7
2937	1.12656e-5	5.724689e-7	1.062817e-5	-5.3631e-7
2938	9.711877e-6	-1.314584e-6	1.090303e-5	5.55963e-7
2939	9.017443e-6	-7.741871e-7	1.008952e-5	2.908298e-7
2940	1.109555e-5	7.053544e-7	1.052209e-5	-5.981479e-7
2941	1.024182e-5	-9.339829e-7	1.095369e-5	4.513307e-7
2942	8.788371e-6	-1.188851e-6	1.014625e-5	4.508945e-7
2943	1.073239e-5	6.358604e-7	1.042688e-5	-6.339222e-7
2944	1.0741e-5	-4.639132e-7	1.098129e-5	3.243742e-7
2945	8.79118e-6	-1.463739e-6	1.021159e-5	5.993167e-7
2946	1.024821e-5	3.654057e-7	1.034359e-5	-6.370411e-7
2947	1.112088e-5	-1.098049e-8	1.098683e-5	1.776999e-7
2948	9.006713e-6	-1.536336e-6	1.028447e-5	7.351307e-7
2949	9.722055e-6	-4.581042e-8	1.027692e-5	-6.101546e-7
2950	1.131301e-5	3.587461e-7	1.097254e-5	8.721718e-9
2951	9.401606e-6	-1.40383e-6	1.035944e-5	8.546848e-7
2952	9.242328e-6	-5.137656e-7	1.022209e-5	-5.423751e-7
2953	1.126985e-5	5.758299e-7	1.09505e-5	-1.754239e-7
2954	9.89558e-6	-1.090584e-6	1.044293e-5	9.403194e-7
2955	8.901488e-6	-9.532723e-7	1.0172e-5	-4.266297e-7
2956	1.101422e-5	6.011166e-7	1.091437e-5	-3.626237e-7
2957	1.041567e-5	-6.614569e-7	1.052884e-5	9.809225e-7
2958	8.758657e-6	-1.283451e-6	1.013663e-5	-2.665782e-7
2959	1.059491e-5	4.27477e-7	1.086348e-5	-5.407722e-7
2960	1.088415e-5	-2.219486e-7	1.060902e-5	9.667189e-7
2961	8.826851e-6	-1.44966e-6	1.011974e-5	-7.665239e-8
2962	1.007613e-5	9.5778e-8	1.079842e-5	-6.940421e-7
2963	1.121788e-5	1.729088e-7	1.068356e-5	9.109625e-7
2964	9.109492e-6	-1.410944e-6	1.01168e-5	1.284366e-7
2965	9.542032e-6	-3.262845e-7	1.072305e-5	-8.214112e-7
2966	1.135307e-5	4.461875e-7	1.075688e-5	8.16702e-7
2967	9.568959e-6	-1.188382e-6	1.012776e-5	3.379148e-7
2968	9.086449e-6	-7.619825e-7	1.063955e-5	-9.056212e-7
2969	1.12471e-5	5.490695e-7	1.080603e-5	6.800283e-7
2970	1.01069e-5	-8.329877e-7	1.016642e-5	5.474171e-7
2971	8.78971e-6	-1.131939e-6	1.056055e-5	-9.474561e-7
2972	1.091789e-5	4.714948e-7	1.083532e-5	5.058601e-7
2973	1.064496e-5	-4.065999e-7	1.02235e-5	7.476808e-7
2974	8.718959e-6	-1.359767e-6	1.048223e-5	-9.426152e-7
2975	1.042405e-5	2.147144e-7	1.084094e-5	2.98573e-7
2976	1.108301e-5	-7.436774e-9	1.029328e-5	9.186575e-7
2977	8.877099e-6	-1.405479e-6	1.041476e-5	-8.824963e-7
2978	9.838369e-6	-1.513057e-7	1.083408e-5	7.613014e-8
2979	1.134154e-5	3.045092e-7	1.036853e-5	1.051139e-6
2980	9.25222e-6	-1.26247e-6	1.035845e-5	-7.724402e-7
2981	9.275109e-6	-5.599004e-7	1.081065e-5	-1.523298e-7
2982	1.136343e-5	4.675386e-7	1.044148e-5	1.141838e-6
2983	9.783177e-6	-9.918866e-7	1.03233e-5	-6.219945e-7
2984	8.845513e-6	-9.444655e-7	1.077133e-5	-3.801876e-7
2985	1.114026e-5	4.649295e-7	1.050889e-5	1.184781e-6
2986	1.037376e-5	-6.326174e-7	1.030975e-5	-4.31268e-7
2987	8.638179e-6	-1.225081e-6	1.071636e-5	-5.887819e-7
2988	1.070188e-5	3.097946e-7	1.056768e-5	1.172181e-6
2989	1.091879e-5	-2.522719e-7	1.031577e-5	-2.15686e-7
2990	8.684523e-6	-1.356164e-6	1.065656e-5	-7.563332e-7
2991	1.012587e-5	3.037031e-8	1.060447e-5	1.099912e-6
2992	1.132238e-5	8.733479e-8	1.034835e-5	9.92723e-9
2993	8.979044e-6	-1.315274e-6	1.05914e-5	-8.806415e-7
2994	9.521049e-6	-3.299643e-7	1.061973e-5	9.828021e-7
2995	1.149777e-5	3.32148e-7	1.039818e-5	2.34209e-7
2996	9.468833e-6	-1.110346e-6	1.053789e-5	-9.552962e-7
2997	8.980744e-6	-6.983282e-7	1.061076e-5	8.295488e-7
2998	1.139673e-5	4.189148e-7	1.045977e-5	4.456243e-7
2999	1.006236e-5	-7.945409e-7	1.04998e-5	-9.770145e-7
3000	8.627931e-6	-1.006271e-6	1.058085e-5	6.390033e-7
3001	1.105221e-5	3.298863e-7	1.052168e-5	6.337338e-7
3002	1.066065e-5	-4.277835e-7	1.04775e-5	-9.475008e-7
3003	8.528279e-6	-1.200271e-6	1.053537e-5	4.28397e-7
3004	1.052079e-5	9.985328e-8	1.057855e-5	7.840924e-7
3005	1.115558e-5	-6.81969e-8	1.047667e-5	-8.718491e-7
3006	8.694176e-6	-1.246078e-6	1.047851e-5	2.110222e-7
3007	9.900047e-6	-2.227633e-7	1.062485e-5	8.974166e-7
3008	1.146477e-5	2.191714e-7	1.049306e-5	-7.579744e-7
3009	9.093308e-6	-1.123982e-6	1.041805e-5	-5.382044e-9
3010	9.294548e-6	-5.77475e-7	1.065601e-5	9.689915e-7
3011	1.152179e-5	3.654913e-7	1.053256e-5	-6.041291e-7
3012	9.652063e-6	-8.641155e-7	1.03588e-5	-2.106045e-7
3013	8.818198e-6	-8.894391e-7	1.066232e-5	9.900429e-7
3014	1.132196e-5	3.322323e-7	1.059263e-5	-4.204958e-7
3015	1.027409e-5	-5.314096e-7	1.031023e-5	-3.909526e-7
3016	8.555002e-6	-1.111092e-6	1.064099e-5	9.609462e-7
3017	1.090004e-5	1.433601e-7	1.066331e-5	-2.178297e-7
3018	1.085554e-5	-1.78468e-7	1.028032e-5	-5.412048e-7
3019	8.559129e-6	-1.189759e-6	1.059543e-5	8.871727e-7
3020	1.032322e-5	-1.571975e-7	1.073084e-5	-1.143378e-8
3021	1.128094e-5	1.234075e-7	1.027001e-5	-6.458952e-7
3022	8.816197e-6	-1.10897e-6	1.053415e-5	7.751274e-7
3023	9.700789e-6	-5.065123e-7	1.079047e-5	1.900031e-7
3024	1.148388e-5	3.137307e-7	1.027997e-5	-7.049409e-7
3025	9.278258e-6	-8.848743e-7	1.046199e-5	6.335408e-7
3026	9.150719e-6	-8.29821e-7	1.083688e-5	3.716587e-7
3027	1.1443e-5	3.429086e-7	1.030832e-5	-7.237726e-7
3028	9.861838e-6	-5.699583e-7	1.038947e-5	4.719369e-7
3029	8.753547e-6	-1.07097e-6	1.086602e-5	5.388866e-7
3030	1.115321e-5	2.114976e-7	1.035646e-5	-7.107467e-7
3031	1.046295e-5	-2.221181e-7	1.031572e-5	2.94093e-7
3032	8.584123e-6	-1.193868e-6	1.087021e-5	6.851678e-7
3033	1.068079e-5	-6.253043e-8	1.04229e-5	-6.562683e-7
3034	1.099373e-5	7.895325e-8	1.025759e-5	1.041422e-7
3035	8.671115e-6	-1.164056e-6	1.085107e-5	7.933299e-7
3036	1.009259e-5	-4.003294e-7	1.049614e-5	-5.647991e-7
3037	1.134757e-5	2.744968e-7	1.021099e-5	-7.911877e-8
3038	8.987633e-6	-9.823424e-7	1.081516e-5	8.64001e-7
3039	9.488504e-6	-7.307018e-7	1.057948e-5	-4.470323e-7
3040	1.147299e-5	3.322904e-7	1.017628e-5	-2.523307e-7
3041	9.481427e-6	-6.922271e-7	1.076321e-5	9.028159e-7
3042	8.987671e-6	-9.983678e-7	1.066577e-5	-3.116664e-7
3043	1.135107e-5	2.444299e-7	1.015753e-5	-4.11873e-7
3044	1.006852e-5	-3.462979e-7	1.069152e-5	9.03966e-7
3045	8.680501e-6	-1.165184e-6	1.07519e-5	-1.530372e-7
3046	1.100685e-5	1.575512e-8	1.015994e-5	-5.488577e-7
3047	1.064392e-5	-2.295005e-8	1.06093e-5	8.613745e-7
3048	8.61295e-6	-1.194068e-6	1.082094e-5	2.02684e-8
3049	1.049345e-5	-2.995198e-7	1.018277e-5	-6.645762e-7
3050	1.110878e-5	2.333634e-7	1.051667e-5	7.856586e-7
3051	8.79599e-6	-1.069231e-6	1.087488e-5	2.031281e-7
3052	9.899186e-6	-6.456916e-7	1.023108e-5	-7.547704e-7
3053	1.136698e-5	3.551068e-7	1.0427e-5	6.762261e-7
3054	9.176382e-6	-7.982596e-7	1.090279e-5	3.911774e-7
3055	9.343337e-6	-9.56777e-7	1.029499e-5	-8.057666e-7
3056	1.139678e-5	3.146434e-7	1.034265e-5	5.358886e-7
3057	9.687081e-6	-4.366608e-7	1.091234e-5	5.697004e-7
3058	8.92334e-6	-1.170137e-6	1.037638e-5	-8.193347e-7
3059	1.120031e-5	1.117086e-7	1.025779e-5	3.693392e-7
3060	1.025635e-5	-8.415793e-8	1.090215e-5	7.258206e-7
3061	8.702974e-6	-1.251382e-6	1.046908e-5	-7.852095e-7
3062	1.080829e-5	-1.964617e-7	1.018171e-5	1.878958e-7
3063	1.078284e-5	2.090685e-7	1.087479e-5	8.477699e-7
3064	8.717672e-6	-1.16749e-6	1.056319e-5	-7.111562e-7
3065	1.028346e-5	-5.521643e-7	1.012723e-5	2.047026e-9
3066	1.1181e-5	3.788144e-7	1.083026e-5	9.324965e-7
3067	8.967874e-6	-9.31389e-7	1.065286e-5	-5.955706e-7
3068	9.715964e-6	-8.922901e-7	1.009008e-5	-1.824627e-7
3069	1.13691e-5	3.95764e-7	1.077392e-5	9.737969e-7
3070	9.384801e-6	-5.913756e-7	1.07453e-5	-4.407079e-7
3071	9.208252e-6	-1.155533e-6	1.007673e-5	-3.632613e-7
3072	1.132564e-5	2.508746e-7	1.069663e-5	9.786484e-7
3073	9.910919e-6	-2.015152e-7	1.082435e-5	-2.585222e-7
3074	8.850029e-6	-1.290838e-6	1.008676e-5	-5.315898e-7
3075	1.106285e-5	-4.196867e-8	1.060941e-5	9.4382e-7
3076	1.045444e-5	1.421862e-7	1.08932e-5	-5.93791e-8
3077	8.702876e-6	-1.262975e-6	1.012407e-5	-6.697198e-7
3078	1.061045e-5	-4.108246e-7	1.050698e-5	8.634336e-7
3079	1.092272e-5	3.733893e-7	1.094855e-5	1.436072e-7
3080	8.792413e-6	-1.067723e-6	1.017988e-5	-7.622446e-7
3081	1.00454e-5	-7.830554e-7	1.03987e-5	7.44486e-7
3082	1.124366e-5	4.393497e-7	1.099022e-5	3.296433e-7
3083	9.105241e-6	-7.562462e-7	1.024941e-5	-8.051685e-7
3084	9.481926e-6	-1.099784e-6	1.029491e-5	5.906851e-7
3085	1.135263e-5	3.341245e-7	1.101938e-5	4.974641e-7
3086	9.578001e-6	-3.765121e-7	1.032165e-5	-7.924191e-7
3087	9.026297e-6	-1.291362e-6	1.020083e-5	4.094021e-7
3088	1.122426e-5	8.069568e-8	1.102597e-5	6.401479e-7
3089	1.012711e-5	9.533108e-10	1.041107e-5	-7.269743e-7
3090	8.753873e-6	-1.317482e-6	1.011116e-5	2.073783e-7
3091	1.088369e-5	-2.71229e-7	1.100925e-5	7.453185e-7
3092	1.066142e-5	2.932105e-7	1.051589e-5	-6.129193e-7
3093	8.714108e-6	-1.172751e-6	1.0032e-5	4.584013e-9
3094	1.039265e-5	-6.542987e-7	1.096805e-5	8.117978e-7
3095	1.109283e-5	4.545776e-7	1.062832e-5	-4.667479e-7
3096	8.901641e-6	-8.777955e-7	9.968319e-6	-1.777874e-7
3097	9.81487e-6	-1.004411e-6	1.090383e-5	8.251586e-7
3098	1.132758e-5	4.381201e-7	1.075258e-5	-2.977083e-7
3099	9.283263e-6	-4.988759e-7	9.930775e-6	-3.283938e-7
3100	9.28369e-6	-1.259814e-6	1.081448e-5	7.869563e-7
3101	1.13322e-5	2.391526e-7	1.08735e-5	-1.199842e-7
3102	9.797296e-6	-9.97843e-8	9.916675e-6	-4.391897e-7
3103	8.900315e-6	-1.361708e-6	1.070701e-5	7.017381e-7
3104	1.110493e-5	-1.039664e-7	1.099096e-5	5.752347e-8
3105	1.034155e-5	2.439132e-7	9.928714e-6	-5.103851e-7
3106	8.727483e-6	-1.283395e-6	1.058027e-5	5.827721e-7
3107	1.069841e-5	-5.137482e-7	1.109455e-5	2.260124e-7
3108	1.081849e-5	4.784946e-7	9.965189e-6	-5.412276e-7
3109	8.7933e-6	-1.034705e-6	1.044113e-5	4.3797e-7
3110	1.018249e-5	-9.251858e-7	1.118173e-5	3.803895e-7
3111	1.11375e-5	5.497295e-7	1.00294e-5	-5.288614e-7
3112	9.068414e-6	-6.585392e-7	1.029173e-5	2.704545e-7
3113	9.655234e-6	-1.256003e-6	1.124399e-5	5.112915e-7
3114	1.125096e-5	4.303099e-7	1.012708e-5	-4.710167e-7
3115	9.501638e-6	-2.405863e-7	1.013817e-5	9.412552e-8
3116	9.215338e-6	-1.453851e-6	1.127275e-5	6.047069e-7
3117	1.114684e-5	1.425157e-7	1.026056e-5	-3.751619e-7
3118	1.001659e-5	1.646867e-7	9.994301e-6	-8.123206e-8
3119	8.946881e-6	-1.464538e-6	1.125531e-5	6.570703e-7
3120	1.084574e-5	-2.65719e-7	1.041395e-5	-2.454874e-7
3121	1.050348e-5	4.887456e-7	9.883152e-6	-2.413569e-7
3122	8.882042e-6	-1.289019e-6	1.119227e-5	6.650974e-7
3123	1.041052e-5	-7.228086e-7	1.057569e-5	-9.003506e-8
3124	1.088194e-5	6.682951e-7	9.811921e-6	-3.789099e-7
3125	9.032607e-6	-9.41661e-7	1.108963e-5	6.294386e-7
3126	9.934781e-6	-1.147303e-6	1.073444e-5	7.722989e-8
3127	1.110105e-5	6.500125e-7	9.77706e-6	-4.782711e-7
3128	9.349974e-6	-4.897909e-7	1.095846e-5	5.586014e-7
3129	9.489872e-6	-1.455354e-6	1.088492e-5	2.337891e-7
3130	1.11044e-5	4.314059e-7	9.778046e-6	-5.415564e-7
3131	9.772881e-6	-1.330312e-8	1.080475e-5	4.608067e-7
3132	9.167423e-6	-1.585423e-6	1.102094e-5	3.818349e-7
3133	1.092324e-5	3.228372e-8	9.818549e-6	-5.70861e-7
3134	1.022577e-5	3.960837e-7	1.063526e-5	3.356609e-7
3135	9.013437e-6	-1.503306e-6	1.112279e-5	5.17631e-7
3136	1.059263e-5	-4.619235e-7	9.902876e-6	-5.596833e-7
3137	1.062384e-5	6.7114e-7	1.046189e-5	1.934087e-7
3138	9.036137e-6	-1.221232e-6	1.118959e-5	6.255906e-7
3139	1.016508e-5	-9.529378e-7	1.001699e-5	-5.154567e-7
3140	1.090274e-5	7.54259e-7	1.030327e-5	4.627755e-8
3141	9.242458e-6	-7.919123e-7	1.121411e-5	7.089104e-7
3142	9.733205e-6	-1.346785e-6	1.015193e-5	-4.459556e-7
3143	1.101263e-5	6.232503e-7	1.016258e-5	-9.843863e-8
3144	9.592152e-6	-2.931724e-7	1.120241e-5	7.629202e-7
3145	9.378704e-6	-1.581419e-6	1.030212e-5	-3.451173e-7
3146	1.094521e-5	2.905507e-7	1.004457e-5	-2.418105e-7
3147	1.000533e-5	1.740388e-7	1.115255e-5	7.848658e-7
3148	9.160986e-6	-1.617686e-6	1.046258e-5	-2.295396e-7
3149	1.071843e-5	-1.694307e-7	9.95221e-6	-3.663529e-7
3150	1.039921e-5	5.597918e-7	1.106733e-5	7.788351e-7
3151	9.113932e-6	-1.457034e-6	1.062862e-5	-1.057465e-7
3152	1.036822e-5	-6.829732e-7	9.895841e-6	-4.643925e-7
3153	1.069282e-5	7.874459e-7	1.095143e-5	7.421792e-7
3154	9.235079e-6	-1.109129e-6	1.078102e-5	2.68186e-8
3155	9.968784e-6	-1.163604e-6	9.877971e-6	-5.386856e-7
3156	1.08544e-5	8.023251e-7	1.08228e-5	6.742085e-7
3157	9.497644e-6	-6.203251e-7	1.091426e-5	1.657656e-7
3158	9.602038e-6	-1.516998e-6	9.890684e-6	-5.921045e-7
3159	1.086851e-5	5.716603e-7	1.068153e-5	5.781464e-7
3160	9.845818e-6	-1.026508e-7	1.102639e-5	3.07848e-7
3161	9.332642e-6	-1.689343e-6	9.939141e-6	-6.209489e-7
3162	1.073319e-5	1.61714e-7	1.05298e-5	4.564913e-7
3163	1.02138e-5	3.711297e-7	1.110809e-5	4.44018e-7
3164	9.210393e-6	-1.640865e-6	1.002568e-5	-6.230101e-7
3165	1.047868e-5	-3.524736e-7	1.038035e-5	3.196444e-7
3166	1.053898e-5	7.105382e-7	1.114451e-5	5.655217e-7
3167	9.249784e-6	-1.380289e-6	1.014326e-5	-5.938188e-7
3168	1.014848e-5	-8.83403e-7	1.02395e-5	1.716462e-7
3169	1.075166e-5	8.489208e-7	1.114747e-5	6.693321e-7
3170	9.425307e-6	-9.552209e-7	1.028411e-5	-5.389595e-7
3171	9.800724e-6	-1.332721e-6	1.011083e-5	2.259599e-8
3172	1.082549e-5	7.55158e-7	1.111267e-5	7.456776e-7
3173	9.710868e-6	-4.257231e-7	1.043671e-5	-4.571644e-7
3174	9.50435e-6	-1.628065e-6	1.001009e-5	-1.222932e-7
3175	1.075735e-5	4.433497e-7	1.104855e-5	7.88168e-7
3176	1.005397e-5	9.672264e-8	1.059119e-5	-3.45946e-7
3177	9.309702e-6	-1.714672e-6	9.941717e-6	-2.607961e-7
3178	1.055135e-5	-2.875464e-8	1.095282e-5	7.896958e-7
3179	1.037527e-5	5.335127e-7	1.073766e-5	-2.018598e-7
3180	9.255565e-6	-1.572284e-6	9.915247e-6	-3.867043e-7
3181	1.024969e-5	-5.700498e-7	1.083289e-5	7.500757e-7
3182	1.062815e-5	7.933656e-7	1.086617e-5	-3.778682e-8
3183	9.355139e-6	-1.236804e-6	9.927704e-6	-4.921222e-7
3184	9.913699e-6	-1.09466e-6	1.069909e-5	6.7265e-7
3185	1.07647e-5	8.217485e-7	1.09666e-5	1.391099e-7
3186	9.587831e-6	-7.546827e-7	9.97301e-6	-5.721358e-7
3187	9.602458e-6	-1.49044e-6	1.05621e-5	5.635621e-7
3188	1.077042e-5	6.244117e-7	1.103759e-5	3.175023e-7
3189	9.901476e-6	-2.103177e-7	1.004913e-5	-6.157954e-7
3190	9.368322e-6	-1.698797e-6	1.041854e-5	4.214875e-7
3191	1.06413e-5	2.351604e-7	1.108929e-5	4.850373e-7
3192	1.023933e-5	2.967091e-7	1.014708e-5	-6.151967e-7
3193	9.270477e-6	-1.68218e-6	1.027952e-5	2.583238e-7
3194	1.040332e-5	-2.767913e-7	1.111057e-5	6.26209e-7
3195	1.05298e-5	6.832917e-7	1.026674e-5	-5.684841e-7
3196	9.314905e-6	-1.436691e-6	1.015259e-5	7.842474e-8
3197	1.007499e-5	-8.224486e-7	1.110582e-5	7.291266e-7
3198	1.071057e-5	8.60595e-7	1.040342e-5	-4.744859e-7
3199	9.496069e-6	-1.009942e-6	1.003958e-5	-1.103035e-7
3200	9.746562e-6	-1.309459e-6	1.10683e-5	7.917982e-7
3201	1.075835e-5	7.96499e-7	1.05485e-5	-3.408189e-7
3202	9.78518e-6	-4.775759e-7	9.954054e-6	-2.933285e-7
3203	9.481139e-6	-1.646503e-6	1.10028e-5	8.059847e-7
3204	1.066317e-5	5.075262e-7	1.069099e-5	-1.75333e-7
3205	1.011728e-5	5.887255e-8	9.89606e-6	-4.50738e-7
3206	9.329519e-6	-1.75987e-6	1.090542e-5	7.749843e-7
3207	1.044359e-5	5.899616e-8	1.08273e-5	5.991775e-9
3208	1.043028e-5	5.12552e-7	9.875409e-6	-5.723538e-7
3209	9.330738e-6	-1.637875e-6	1.078541e-5	7.009634e-7
3210	1.014074e-5	-4.769354e-7	1.095265e-5	1.926061e-7
3211	1.064646e-5	8.038245e-7	9.885805e-6	-6.610726e-7
3212	9.476928e-6	-1.298667e-6	1.064994e-5	5.930257e-7
3213	9.818512e-6	-1.013605e-6	1.106309e-5	3.801048e-7
3214	1.073179e-5	8.809793e-7	9.931721e-6	-7.10722e-7
3215	9.737879e-6	-8.243744e-7	1.049221e-5	4.515104e-7
3216	9.543363e-6	-1.4643e-6	1.115858e-5	5.545437e-7
3217	1.06669e-5	7.347463e-7	1.001326e-5	-7.238648e-7
3218	1.006546e-5	-2.796562e-7	1.032076e-5	2.874907e-7
3219	9.381873e-6	-1.729587e-6	1.122274e-5	7.117195e-7
3220	1.046511e-5	3.938519e-7	1.013213e-5	-6.899467e-7
3221	1.037746e-5	2.386006e-7	1.015539e-5	1.037331e-7
3222	9.351159e-6	-1.767258e-6	1.124105e-5	8.355443e-7
3223	1.016475e-5	-8.866727e-8	1.028573e-5	-6.110032e-7
3224	1.061849e-5	6.489202e-7	1.000623e-5	-8.619525e-8
3225	9.477323e-6	-1.568836e-6	1.120752e-5	9.202299e-7
3226	9.844591e-6	-6.324471e-7	1.046113e-5	-4.904767e-7
3227	1.07338e-5	8.759478e-7	9.886715e-6	-2.67856e-7
3228	9.722571e-6	-1.17902e-6	1.112783e-5	9.54342e-7
3229	9.549788e-6	-1.148824e-6	1.064705e-5	-3.429326e-7
3230	1.068911e-5	8.843305e-7	9.807088e-6	-4.261032e-7
3231	1.003873e-5	-6.605765e-7	1.100782e-5	9.472444e-7
3232	9.362356e-6	-1.547302e-6	1.083518e-5	-1.795692e-7
3233	1.050892e-5	6.559995e-7	9.767504e-6	-5.650134e-7
3234	1.035573e-5	-1.136689e-7	1.084811e-5	9.065247e-7
3235	9.31723e-6	-1.744431e-6	1.101034e-5	-8.516395e-9
3236	1.023325e-5	2.385817e-7	9.778547e-6	-6.726987e-7
3237	1.060319e-5	3.769198e-7	1.066336e-5	8.273233e-7
3238	9.404728e-6	-1.696892e-6	1.115948e-5	1.618174e-7
3239	9.910108e-6	-2.929379e-7	9.839155e-6	-7.439876e-7
3240	1.073642e-5	7.199364e-7	1.046611e-5	7.218679e-7
3241	9.622864e-6	-1.425695e-6	1.126734e-5	3.181974e-7
3242	9.611905e-6	-8.403852e-7	9.948749e-6	-7.725247e-7
3243	1.072691e-5	8.69956e-7	1.026858e-5	5.929872e-7
3244	9.937546e-6	-9.854799e-7	1.133094e-5	4.595784e-7
3245	9.398928e-6	-1.310939e-6	1.009447e-5	-7.672109e-7
3246	1.057898e-5	7.79911e-7	1.008271e-5	4.427439e-7
3247	1.027896e-5	-4.708228e-7	1.134569e-5	5.833476e-7
3248	9.309324e-6	-1.618389e-6	1.026828e-5	-7.27076e-7
3249	1.031997e-5	4.862897e-7	9.918073e-6	2.89361e-7
3250	1.057438e-5	4.74356e-8	1.131399e-5	6.745458e-7
3251	9.360204e-6	-1.711935e-6	1.046168e-5	-6.573219e-7
3252	9.994545e-6	3.764272e-8	9.783417e-6	1.428215e-7
3253	1.075078e-5	4.825229e-7	1.123221e-5	7.39299e-7
3254	9.545009e-6	-1.584768e-6	1.066748e-5	-5.729721e-7
3255	9.665491e-6	-4.890513e-7	9.692984e-6	3.590732e-9
3256	1.078265e-5	7.672528e-7	1.11068e-5	7.786268e-7
3257	9.841289e-6	-1.25521e-6	1.086662e-5	-4.752593e-7
3258	9.410158e-6	-1.00514e-6	9.646441e-6	-1.240942e-7
3259	1.067016e-5	8.215193e-7	1.094602e-5	7.991767e-7
3260	1.018553e-5	-8.007652e-7	1.10535e-5	-3.696864e-7
3261	9.280417e-6	-1.414878e-6	9.642652e-6	-2.421271e-7
3262	1.043369e-5	6.544977e-7	1.075517e-5	7.971503e-7
3263	1.049971e-5	-2.821582e-7	1.122092e-5	-2.523311e-7
3264	9.293043e-6	-1.634078e-6	9.688057e-6	-3.422821e-7
3265	1.012594e-5	2.956437e-7	1.053866e-5	7.7008e-7
3266	1.073713e-5	2.022524e-7	1.135646e-5	-1.276652e-7
3267	9.44248e-6	-1.635052e-6	9.783292e-6	-4.162126e-7
3268	9.798111e-6	-1.844418e-7	1.031714e-5	7.153127e-7
3269	1.083879e-5	5.618371e-7	1.14525e-5	-5.769521e-10
3270	9.700796e-6	-1.423945e-6	9.921666e-6	-4.726405e-7
3271	9.49979e-6	-6.942097e-7	1.010258e-5	6.403584e-7
3272	1.078831e-5	7.347169e-7	1.149751e-5	1.247382e-7
3273	1.003024e-5	-1.040336e-6	1.010206e-5	-5.090218e-7
3274	9.300005e-6	-1.146108e-6	9.909046e-6	5.472465e-7
3275	1.059971e-5	6.909213e-7	1.148461e-5	2.432439e-7
3276	1.03738e-5	-5.704008e-7	1.031354e-5	-5.252979e-7
3277	9.221623e-6	-1.460748e-6	9.737053e-6	4.383817e-7
3278	1.029909e-5	4.468979e-7	1.142044e-5	3.542634e-7
3279	1.06558e-5	-7.950309e-8	1.055003e-5	-5.184656e-7
3280	9.284043e-6	-1.577574e-6	9.600151e-6	3.196551e-7
3281	9.946575e-6	4.75316e-8	1.130187e-5	4.495624e-7
3282	1.083542e-5	3.329966e-7	1.079365e-5	-4.835394e-7
3283	9.491529e-6	-1.49458e-6	9.507298e-6	1.943849e-7
3284	9.603304e-6	-4.461357e-7	1.113713e-5	5.24662e-7
3285	1.086816e-5	5.928612e-7	1.102393e-5	-4.228779e-7
3286	9.817622e-6	-1.217548e-6	9.47292e-6	6.72285e-8
3287	9.337474e-6	-9.251676e-7	1.09363e-5	5.801374e-7
3288	1.073635e-5	6.643763e-7	1.123328e-5	-3.455585e-7
3289	1.019453e-5	-8.039024e-7	9.489992e-6	-5.909679e-8
3290	9.195978e-6	-1.303882e-6	1.071408e-5	6.115193e-7
3291	1.047514e-5	5.319373e-7	1.141265e-5	-2.454881e-7
3292	1.054723e-5	-3.291946e-7	9.551071e-6	-1.767024e-7
3293	9.206209e-6	-1.516192e-6	1.047448e-5	6.11784e-7
3294	1.013905e-5	2.322151e-7	1.155611e-5	-1.357073e-7
3295	1.08095e-5	1.26822e-7	9.663892e-6	-2.739847e-7
3296	9.352683e-6	-1.527012e-6	1.023086e-5	5.793918e-7
3297	9.761004e-6	-1.865071e-7	1.165744e-5	-1.234149e-8
3298	1.092647e-5	4.657321e-7	9.826351e-6	-3.437896e-7
3299	9.6299e-6	-1.343463e-6	9.990012e-6	5.163122e-7
3300	9.421135e-6	-6.533637e-7	1.170798e-5	1.115146e-7
3301	1.088374e-5	6.304292e-7	1.00303e-5	-3.865062e-7
3302	1.000595e-5	-1.000135e-6	9.768702e-6	4.287372e-7
3303	9.181303e-6	-1.082867e-6	1.169984e-5	2.301256e-7
3304	1.068033e-5	5.92702e-7	1.02604e-5	-4.023716e-7
3305	1.040116e-5	-5.560961e-7	9.572443e-6	3.27695e-7
3306	9.094365e-6	-1.379017e-6	1.163907e-5	3.294361e-7
3307	1.034872e-5	3.750329e-7	1.051169e-5	-3.866536e-7
3308	1.07439e-5	-1.002617e-7	9.414189e-6	2.204809e-7
3309	9.184237e-6	-1.493903e-6	1.152319e-5	4.02153e-7
3310	9.940382e-6	2.235255e-8	1.076454e-5	-3.455056e-7
3311	1.095872e-5	2.809653e-7	9.305952e-6	1.201732e-7
3312	9.428821e-6	-1.404859e-6	1.136687e-5	4.540469e-7
3313	9.538981e-6	-4.012907e-7	1.10116e-5	-2.88371e-7
3314	1.101246e-5	5.085289e-7	9.2459e-6	2.26104e-8
3315	9.791345e-6	-1.151542e-6	1.116897e-5	4.817025e-7
3316	9.207935e-6	-8.267495e-7	1.124742e-5	-2.211674e-7
3317	1.089014e-5	5.57135e-7	9.233565e-6	-6.645514e-8
3318	1.022718e-5	-7.734761e-7	1.093597e-5	4.939236e-7
3319	9.017747e-6	-1.161182e-6	1.146361e-5	-1.426154e-7
3320	1.060304e-5	4.369001e-7	9.276035e-6	-1.420368e-7
3321	1.063766e-5	-3.530083e-7	1.067185e-5	4.76934e-7
3322	8.996147e-6	-1.356905e-6	1.165541e-5	-5.473551e-8
3323	1.019195e-5	1.789649e-7	9.378266e-6	-1.953789e-7
3324	1.096054e-5	4.315363e-8	1.03824e-5	4.406371e-7
3325	9.177284e-6	-1.380124e-6	1.180454e-5	2.909198e-8
3326	9.737449e-6	-1.731026e-7	9.539385e-6	-2.272989e-7
3327	1.112169e-5	3.409572e-7	1.009046e-5	3.908263e-7
3328	9.527318e-6	-1.239408e-6	1.189909e-5	9.714738e-8
3329	9.309626e-6	-5.609064e-7	9.754078e-6	-2.295554e-7
3330	1.107319e-5	4.947629e-7	9.809577e-6	3.348391e-7
3331	9.986358e-6	-9.534831e-7	1.192949e-5	1.455834e-7
3332	9.012426e-6	-9.255496e-7	1.001114e-5	-2.189524e-7
3333	1.083121e-5	4.696208e-7	9.555607e-6	2.827247e-7
3334	1.04637e-5	-5.869467e-7	1.189273e-5	1.756712e-7
3335	8.906027e-6	-1.198198e-6	1.030432e-5	-1.997279e-7
3336	1.04431e-5	2.888567e-7	9.339345e-6	2.347696e-7
3337	1.085921e-5	-1.924483e-7	1.178377e-5	1.918072e-7
3338	8.994295e-6	-1.317695e-6	1.061879e-5	-1.725862e-7
3339	9.968658e-6	-2.123142e-8	9.181056e-6	1.965317e-7
3340	1.11102e-5	1.446032e-7	1.160349e-5	1.99039e-7
3341	9.275303e-6	-1.256731e-6	1.0939e-5	-1.453117e-7
3342	9.501229e-6	-3.973816e-7	9.085545e-6	1.742998e-7
3343	1.116684e-5	3.661051e-7	1.136499e-5	1.926589e-7
3344	9.704424e-6	-1.038239e-6	1.124059e-5	-1.220437e-7
3345	9.129909e-6	-7.690097e-7	9.063554e-6	1.596057e-7
3346	1.101778e-5	4.149391e-7	1.108475e-5	1.83717e-7
3347	1.020972e-5	-7.252363e-7	1.150154e-5	-1.038534e-7
3348	8.918518e-6	-1.064203e-6	9.11199e-6	1.536158e-7
3349	1.068346e-5	3.169547e-7	1.078292e-5	1.692694e-7
3350	1.068733e-5	-3.72201e-7	1.171346e-5	-9.855629e-8
3351	8.906821e-6	-1.230661e-6	9.228151e-6	1.674962e-7
3352	1.022232e-5	9.119633e-8	1.046869e-5	1.568446e-7
3353	1.103707e-5	-3.850734e-8	1.186985e-5	-1.083205e-7
3354	9.098069e-6	-1.245883e-6	9.405143e-6	1.866098e-7
3355	9.718663e-6	-2.23634e-7	1.016272e-5	1.562769e-7
3356	1.120094e-5	2.257837e-7	1.195945e-5	-1.268587e-7
3357	9.46536e-6	-1.104141e-6	9.633358e-6	2.022309e-7
3358	9.28088e-6	-5.854928e-7	9.873271e-6	1.75035e-7
3359	1.115312e-5	3.479281e-7	1.198263e-5	-1.593013e-7
3360	9.942754e-6	-8.479225e-7	9.90697e-6	2.107942e-7
3361	8.980882e-6	-9.147795e-7	9.612347e-6	1.997041e-7
3362	1.090834e-5	3.133411e-7	1.193806e-5	-1.910068e-7
3363	1.043114e-5	-5.098972e-7	1.020669e-5	2.076212e-7
3364	8.874944e-6	-1.131295e-6	9.394522e-6	2.366803e-7
3365	1.051936e-5	1.291836e-7	1.182546e-5	-2.203465e-7
3366	1.084378e-5	-1.58052e-7	1.052021e-5	1.950101e-7
3367	8.976361e-6	-1.203511e-6	9.231953e-6	2.802916e-7
3368	1.005155e-5	-1.641453e-7	1.165483e-5	-2.47437e-7
3369	1.110286e-5	1.328709e-7	1.082893e-5	1.696753e-7
3370	9.252376e-6	-1.11884e-6	9.132508e-6	3.337508e-7
3371	9.573731e-6	-5.086127e-7	1.143273e-5	-2.667025e-7
3372	1.117272e-5	3.038281e-7	1.112169e-5	1.32571e-7
3373	9.667594e-6	-8.928497e-7	9.101113e-6	3.885161e-7
3374	9.188649e-6	-8.328697e-7	1.116719e-5	-2.716705e-7
3375	1.104355e-5	3.184328e-7	1.137989e-5	8.133482e-8
3376	1.014887e-5	-5.93617e-7	9.133019e-6	4.41902e-7
3377	8.953715e-6	-1.082338e-6	1.088039e-5	-2.632415e-7
3378	1.072516e-5	1.886247e-7	1.159955e-5	2.089112e-8
3379	1.059623e-5	-2.531556e-7	9.228939e-6	4.857525e-7
3380	8.915574e-6	-1.203267e-6	1.057929e-5	-2.386515e-7
3381	1.028895e-5	-6.537528e-8	1.176352e-5	-4.67112e-8
3382	1.09411e-5	5.469642e-8	9.385995e-6	5.177168e-7
3383	9.0806e-6	-1.184043e-6	1.028118e-5	-2.02466e-7
3384	9.806042e-6	-4.099251e-7	1.186817e-5	-1.162587e-7
3385	1.112638e-5	2.615368e-7	9.5976e-6	5.38602e-7
3386	9.422429e-6	-1.012005e-6	9.9958e-6	-1.506393e-7
3387	9.365549e-6	-7.546751e-7	1.191024e-5	-1.894305e-7
3388	1.111603e-5	3.363165e-7	9.84924e-6	5.435278e-7
3389	9.877067e-6	-7.278326e-7	9.736461e-6	-8.887219e-8
3390	9.044788e-6	-1.035829e-6	1.18928e-5	-2.54402e-7
3391	1.090735e-5	2.584978e-7	1.011866e-5	5.405903e-7
3392	1.036816e-5	-3.847521e-7	9.515943e-6	-2.140095e-8
3393	8.908484e-6	-1.199031e-6	1.181793e-5	-3.10818e-7
3394	1.054064e-5	4.827257e-8	1.040597e-5	5.268084e-7
3395	1.07949e-5	-4.233338e-8	9.33709e-6	5.484499e-8
3396	8.967246e-6	-1.218681e-6	1.168914e-5	-3.63305e-7
3397	1.0071e-5	-2.575858e-7	1.069526e-5	5.012584e-7
3398	1.107138e-5	2.248918e-7	9.212103e-6	1.373572e-7
3399	9.2116e-6	-1.093039e-6	1.151381e-5	-4.066704e-7
3400	9.596411e-6	-6.105567e-7	1.097035e-5	4.556325e-7
3401	1.117172e-5	3.609471e-7	9.149401e-6	2.207677e-7
3402	9.60546e-6	-8.465933e-7	1.129966e-5	-4.353811e-7
3403	9.201896e-6	-9.357544e-7	1.12142e-5	3.937698e-7
3404	1.107142e-5	3.343914e-7	9.15006e-6	3.059789e-7
3405	1.007512e-5	-5.093919e-7	1.105504e-5	-4.501547e-7
3406	8.950446e-6	-1.156637e-6	1.142875e-5	3.200007e-7
3407	1.079501e-5	1.505569e-7	9.206213e-6	3.936958e-7
3408	1.054294e-5	-1.468139e-7	1.078985e-5	-4.601068e-7
3409	8.888658e-6	-1.229369e-6	1.160189e-5	2.386309e-7
3410	1.037972e-5	-1.499253e-7	9.315424e-6	4.818741e-7
3411	1.091754e-5	1.63525e-7	1.052721e-5	-4.533768e-7
3412	9.017191e-6	-1.146653e-6	1.172337e-5	1.430002e-7
3413	9.905285e-6	-5.009666e-7	9.465369e-6	5.661457e-7
3414	1.11395e-5	3.481946e-7	1.026734e-5	-4.325363e-7
3415	9.318787e-6	-9.326097e-7	1.180675e-5	3.232683e-8
3416	9.448922e-6	-8.467598e-7	9.649563e-6	6.3837e-7
3417	1.117511e-5	3.717665e-7	1.002097e-5	-3.819418e-7
3418	9.758703e-6	-6.148473e-7	1.184429e-5	-8.317115e-8
3419	9.096954e-6	-1.101218e-6	9.859499e-6	6.924305e-7
3420	1.100518e-5	2.379102e-7	9.798854e-6	-3.147774e-7
3421	1.024352e-5	-2.627029e-7	1.183372e-5	-2.024272e-7
3422	8.897822e-6	-1.219076e-6	1.009077e-5	7.340756e-7
3423	1.066167e-5	-2.560726e-8	9.601171e-6	-2.219241e-7
3424	1.070083e-5	6.651468e-8	1.177187e-5	-3.287888e-7
3425	8.903796e-6	-1.181775e-6	1.0342e-5	7.481925e-7
3426	1.020535e-5	-3.618664e-7	9.4426e-6	-1.04373e-7
3427	1.104454e-5	2.916735e-7	1.165633e-5	-4.473186e-7
3428	9.110335e-6	-1.005131e-6	1.060336e-5	7.355916e-7
3429	9.708131e-6	-7.054695e-7	9.331529e-6	3.355555e-8
3430	1.119549e-5	3.822949e-7	1.148798e-5	-5.54275e-7
3431	9.488062e-6	-7.236507e-7	1.086737e-5	6.853064e-7
3432	9.2711e-6	-9.990309e-7	9.266189e-6	1.896833e-7
3433	1.113422e-5	3.08803e-7	1.127753e-5	-6.404986e-7
3434	9.975383e-6	-3.950702e-7	1.111957e-5	5.922044e-7
3435	8.979462e-6	-1.188874e-6	9.257218e-6	3.576441e-7
3436	1.086685e-5	1.013637e-7	1.103456e-5	-6.992917e-7
3437	1.046521e-5	-6.331672e-8	1.133996e-5	4.700016e-7
3438	8.873352e-6	-1.236495e-6	9.310379e-6	5.267728e-7
3439	1.043888e-5	-2.074647e-7	1.077558e-5	-7.213154e-7
3440	1.08748e-5	2.104139e-7	1.151068e-5	3.161538e-7
3441	8.985895e-6	-1.127849e-6	9.418426e-6	6.850116e-7
3442	9.937918e-6	-5.562914e-7	1.051744e-5	-7.072152e-7
3443	1.113354e-5	3.655108e-7	1.162593e-5	1.39099e-7
3444	9.292098e-6	-8.791654e-7	9.579168e-6	8.226999e-7
3445	9.462281e-6	-8.881987e-7	1.026957e-5	-6.502684e-7
3446	1.119169e-5	3.522995e-7	1.167899e-5	-4.790984e-8
3447	9.746764e-6	-5.517693e-7	9.777401e-6	9.23231e-7
3448	9.09127e-6	-1.135972e-6	1.004582e-5	-5.482306e-7
3449	1.102228e-5	2.005568e-7	1.167108e-5	-2.388471e-7
3450	1.025927e-5	-2.041241e-7	1.000491e-5	9.921807e-7
3451	8.899668e-6	-1.246601e-6	9.855606e-6	-4.104631e-7
3452	1.065484e-5	-6.825438e-8	1.160262e-5	-4.29544e-7
3453	1.072175e-5	1.015643e-7	1.024729e-5	1.01353e-6
3454	8.909899e-6	-1.199737e-6	9.716702e-6	-2.346945e-7
3455	1.016847e-5	-3.988277e-7	1.148934e-5	-6.070373e-7
3456	1.105093e-5	3.138466e-7	1.048014e-5	9.901707e-7
3457	9.137134e-6	-1.009752e-6	9.627934e-6	-3.056253e-8
3458	9.671869e-6	-7.503945e-7	1.133647e-5	-7.593562e-7
3459	1.118066e-5	3.873126e-7	1.070385e-5	9.153507e-7
3460	9.537625e-6	-7.203007e-7	9.582218e-6	1.875881e-7
3461	9.258445e-6	-1.059097e-6	1.115867e-5	-8.778289e-7
3462	1.108778e-5	3.104637e-7	1.089956e-5	8.007313e-7
3463	1.002835e-5	-3.633936e-7	9.583394e-6	4.070838e-7
3464	9.005443e-6	-1.25012e-6	1.096479e-5	-9.51723e-7
3465	1.080228e-5	9.698874e-8	1.106019e-5	6.512549e-7
3466	1.050967e-5	-1.415774e-8	9.632078e-6	6.161259e-7
3467	8.954976e-6	-1.292936e-6	1.076737e-5	-9.824298e-7
3468	1.038574e-5	-2.205652e-7	1.11771e-5	4.740785e-7
3469	1.088194e-5	2.689187e-7	9.720354e-6	8.053251e-7
3470	9.095751e-6	-1.180147e-6	1.057795e-5	-9.6406e-7
3471	9.903432e-6	-5.934824e-7	1.124894e-5	2.714599e-7
3472	1.108626e-5	4.35177e-7	9.849442e-6	9.623764e-7
3473	9.412117e-6	-9.201443e-7	1.039992e-5	-8.93522e-7
3474	9.462601e-6	-9.4929e-7	1.127101e-5	5.117108e-8
3475	1.10932e-5	4.376059e-7	1.000348e-5	1.080714e-6
3476	9.84058e-6	-5.757995e-7	1.024709e-5	-7.755829e-7
3477	9.131902e-6	-1.218402e-6	1.125999e-5	-1.746044e-7
3478	1.088913e-5	2.863494e-7	1.016759e-5	1.156682e-6
3479	1.030334e-5	-1.997536e-7	1.012081e-5	-6.198184e-7
3480	8.970135e-6	-1.340605e-6	1.121312e-5	-3.921442e-7
3481	1.052595e-5	4.704588e-9	1.033424e-5	1.19195e-6
3482	1.071925e-5	1.303035e-7	1.002663e-5	-4.384467e-7
3483	9.008198e-6	-1.313521e-6	1.113719e-5	-5.86458e-7
3484	1.007325e-5	-3.713521e-7	1.049412e-5	1.184031e-6
3485	1.10106e-5	3.600267e-7	9.964458e-6	-2.404823e-7
3486	9.241419e-6	-1.123482e-6	1.103665e-5	-7.537225e-7
3487	9.611692e-6	-7.616695e-7	1.064071e-5	1.126397e-6
3488	1.112135e-5	4.539571e-7	9.934126e-6	-2.382298e-8
3489	9.631583e-6	-8.117888e-7	1.092302e-5	-8.834059e-7
3490	9.217561e-6	-1.093535e-6	1.076069e-5	1.026531e-6
3491	1.102568e-5	3.935537e-7	9.938577e-6	1.879691e-7
3492	1.011166e-5	-4.33013e-7	1.080453e-5	-9.689294e-7
3493	8.980158e-6	-1.299812e-6	1.085596e-5	8.877918e-7
3494	1.073915e-5	1.810027e-7	9.971785e-6	3.922459e-7
3495	1.057886e-5	-5.306184e-8	1.068104e-5	-1.008796e-6
3496	8.933942e-6	-1.342212e-6	1.092769e-5	7.178128e-7
3497	1.030849e-5	-1.467937e-7	1.003188e-5	5.813628e-7
3498	1.093242e-5	2.538213e-7	1.056488e-5	-1.004862e-6
3499	9.086394e-6	-1.222435e-6	1.097307e-5	5.263449e-7
3500	9.827916e-6	-5.405288e-7	1.011105e-5	7.488511e-7
3501	1.112715e-5	4.32637e-7	1.04611e-5	-9.59661e-7
3502	9.413691e-6	-9.709146e-7	1.098461e-5	3.235132e-7
3503	9.393243e-6	-9.177405e-7	1.019881e-5	8.876183e-7
3504	1.111815e-5	4.545083e-7	1.037388e-5	-8.776643e-7
3505	9.84613e-6	-6.169509e-7	1.097542e-5	1.153889e-7
3506	9.079139e-6	-1.207141e-6	1.028565e-5	9.944853e-7
3507	1.091846e-5	3.126264e-7	1.030577e-5	-7.67641e-7
3508	1.031453e-5	-2.201577e-7	1.094832e-5	-9.181149e-8
3509	8.938648e-6	-1.345035e-6	1.03638e-5	1.075071e-6
3510	1.056191e-5	2.612997e-8	1.026634e-5	-6.32493e-7
3511	1.072215e-5	1.436968e-7	1.090757e-5	-2.917779e-7
3512	8.990314e-6	-1.311005e-6	1.042649e-5	1.117611e-6
3513	1.011691e-5	-3.545436e-7	1.024971e-5	-4.761544e-7
3514	1.100052e-5	4.050193e-7	1.086336e-5	-4.731491e-7
3515	9.222995e-6	-1.121797e-6	1.048008e-5	1.119672e-6
3516	9.660778e-6	-7.728306e-7	1.024293e-5	-2.973596e-7
3517	1.110969e-5	5.130928e-7	1.081614e-5	-6.284912e-7
3518	9.603728e-6	-7.927383e-7	1.05287e-5	1.073088e-6
3519	9.280367e-6	-1.122794e-6	1.024411e-5	-1.054473e-7
3520	1.102335e-5	4.404127e-7	1.076747e-5	-7.543874e-7
3521	1.004818e-5	-3.93393e-7	1.057271e-5	9.92091e-7
3522	9.031894e-6	-1.336536e-6	1.024914e-5	9.836252e-8
3523	1.075132e-5	2.076474e-7	1.071668e-5	-8.53084e-7
3524	1.049823e-5	2.840822e-9	1.061629e-5	8.688618e-7
3525	8.971768e-6	-1.374771e-6	1.025982e-5	3.09477e-7
3526	1.034619e-5	-1.415951e-7	1.066555e-5	-9.108812e-7
3527	1.087545e-5	3.097212e-7	1.065104e-5	7.112611e-7
3528	9.102428e-6	-1.236429e-6	1.027453e-5	5.113743e-7
3529	9.869359e-6	-5.413631e-7	1.06165e-5	-9.297731e-7
3530	1.108978e-5	4.791648e-7	1.068002e-5	5.241576e-7
3531	9.410713e-6	-9.564594e-7	1.029572e-5	6.969303e-7
3532	9.419433e-6	-9.171515e-7	1.057034e-5	-9.046678e-7
3533	1.111366e-5	4.690314e-7	1.070228e-5	3.123629e-7
3534	9.841306e-6	-5.948927e-7	1.032636e-5	8.538136e-7
3535	9.084773e-6	-1.199765e-6	1.052768e-5	-8.303821e-7
3536	1.093493e-5	3.095289e-7	1.070299e-5	9.336189e-8
3537	1.030989e-5	-2.10814e-7	1.036902e-5	9.707798e-7
3538	8.914866e-6	-1.337932e-6	1.049707e-5	-7.142546e-7
3539	1.057063e-5	2.532172e-8	1.068225e-5	-1.207833e-7
3540	1.074089e-5	1.354652e-7	1.041818e-5	1.034353e-6
3541	8.954078e-6	-1.309491e-6	1.048017e-5	-5.566523e-7
3542	1.009309e-5	-3.398958e-7	1.064319e-5	-3.213996e-7
3543	1.105945e-5	3.808509e-7	1.046905e-5	1.049611e-6
3544	9.195056e-6	-1.114052e-6	1.047543e-5	-3.706287e-7
3545	9.597994e-6	-7.28548e-7	1.059157e-5	-4.950461e-7
3546	1.120838e-5	4.571372e-7	1.051297e-5	1.012111e-6
3547	9.600543e-6	-7.979763e-7	1.048964e-5	-1.717098e-7
3548	9.164673e-6	-1.051844e-6	1.054069e-5	-6.362428e-7
3549	1.113973e-5	3.682083e-7	1.054073e-5	9.318389e-7
3550	1.009441e-5	-4.146972e-7	1.051549e-5	3.980281e-8
3551	8.888983e-6	-1.252056e-6	1.049092e-5	-7.472528e-7
3552	1.084687e-5	1.348444e-7	1.055358e-5	8.140719e-7
3553	1.058408e-5	-3.469228e-8	1.055726e-5	2.531948e-7
3554	8.811984e-6	-1.293621e-6	1.046014e-5	-8.138553e-7
3555	1.038336e-5	-1.938382e-7	1.053306e-5	6.674487e-7
3556	1.098885e-5	2.55965e-7	1.060435e-5	4.513871e-7
3557	8.973659e-6	-1.170411e-6	1.044498e-5	-8.330157e-7
3558	9.842158e-6	-5.577914e-7	1.049608e-5	4.9463e-7
3559	1.122347e-5	4.034494e-7	1.065218e-5	6.225475e-7
3560	9.347028e-6	-9.324537e-7	1.0441e-5	-8.072393e-7
3561	9.337816e-6	-9.033928e-7	1.044319e-5	3.065563e-7
3562	1.122924e-5	3.999251e-7	1.069991e-5	7.562003e-7
3563	9.854157e-6	-5.982866e-7	1.045691e-5	-7.323416e-7
3564	8.973969e-6	-1.154661e-6	1.037808e-5	1.113818e-7
3565	1.100095e-5	2.540359e-7	1.073819e-5	8.481321e-7
3566	1.040332e-5	-2.405666e-7	1.049433e-5	-6.201001e-7
3567	8.823819e-6	-1.27599e-6	1.030453e-5	-7.45572e-8
3568	1.058219e-5	-5.748791e-9	1.075401e-5	8.995711e-7
3569	1.087422e-5	7.528702e-8	1.055375e-5	-4.818426e-7
3570	8.893626e-6	-1.248218e-6	1.024008e-5	-2.466171e-7
3571	1.004991e-5	-3.381981e-7	1.075239e-5	9.116216e-7
3572	1.119488e-5	2.959075e-7	1.062594e-5	-3.208958e-7
3573	9.181456e-6	-1.071872e-6	1.018104e-5	-3.986363e-7
3574	9.513654e-6	-6.788743e-7	1.073081e-5	8.83392e-7
3575	1.130744e-5	3.694407e-7	1.070691e-5	-1.471652e-7
3576	9.630019e-6	-7.957094e-7	1.014156e-5	-5.22523e-7
3577	9.062205e-6	-9.725054e-7	1.067971e-5	8.168353e-7
3578	1.117585e-5	3.073989e-7	1.079284e-5	2.57774e-8
3579	1.015844e-5	-4.574509e-7	1.012343e-5	-6.054188e-7
3580	8.780818e-6	-1.164561e-6	1.060593e-5	7.185401e-7
3581	1.082399e-5	1.152751e-7	1.087803e-5	1.858643e-7
3582	1.068541e-5	-1.263108e-7	1.012864e-5	-6.449861e-7
3583	8.727394e-6	-1.231113e-6	1.051585e-5	5.933788e-7
3584	1.031798e-5	-1.779508e-7	1.09538e-5	3.265309e-7
3585	1.111209e-5	1.247763e-7	1.015601e-5	-6.461067e-7
3586	8.908882e-6	-1.136631e-6	1.041764e-5	4.512476e-7
3587	9.758996e-6	-5.07916e-7	1.101616e-5	4.461317e-7
3588	1.135756e-5	2.586815e-7	1.020359e-5	-6.04883e-7
3589	9.291472e-6	-9.072331e-7	1.031154e-5	3.014181e-7
3590	9.232699e-6	-8.153972e-7	1.105515e-5	5.366247e-7
3591	1.137687e-5	2.593637e-7	1.027874e-5	-5.328134e-7
3592	9.824274e-6	-5.925818e-7	1.020805e-5	1.557497e-7
3593	8.83486e-6	-1.044214e-6	1.106755e-5	5.94483e-7
3594	1.115191e-5	1.305275e-7	1.036671e-5	-4.370974e-7
3595	1.041107e-5	-2.539104e-7	1.011452e-5	2.07778e-8
3596	8.640664e-6	-1.143994e-6	1.105522e-5	6.21595e-7
3597	1.070367e-5	-1.056829e-7	1.047648e-5	-3.259758e-7
3598	1.092318e-5	3.675459e-8	1.003435e-5	-9.408495e-8
3599	8.690689e-6	-1.099619e-6	1.100735e-5	6.1135e-7
3600	1.013746e-5	-4.195894e-7	1.060033e-5	-2.075892e-7
3601	1.128258e-5	2.18209e-7	9.977188e-6	-1.826898e-7
3602	8.979957e-6	-9.23488e-7	1.092398e-5	5.69863e-7
3603	9.562924e-6	-7.383652e-7	1.073274e-5	-9.258226e-8
3604	1.141894e-5	2.697718e-7	9.950264e-6	-2.447104e-7
3605	9.455331e-6	-6.530424e-7	1.081145e-5	5.076217e-7
3606	9.074151e-6	-1.003128e-6	1.085821e-5	1.215892e-8
3607	1.131217e-5	1.956036e-7	9.953234e-6	-2.803971e-7
3608	1.003278e-5	-3.293527e-7	1.068141e-5	4.382802e-7
3609	8.759972e-6	-1.156409e-6	1.097058e-5	1.030668e-7
3610	1.097488e-5	2.097319e-9	9.98647e-6	-2.895303e-7
3611	1.059609e-5	-2.374558e-8	1.053555e-5	3.598262e-7
3612	8.675286e-6	-1.172488e-6	1.106017e-5	1.77815e-7
3613	1.047249e-5	-2.749277e-7	1.005345e-5	-2.743143e-7
3614	1.104765e-5	2.009943e-7	1.038878e-5	2.801699e-7
3615	8.837241e-6	-1.056051e-6	1.111484e-5	2.395926e-7
3616	9.900823e-6	-6.033715e-7	1.014452e-5	-2.430122e-7
3617	1.131525e-5	3.100943e-7	1.025831e-5	1.940305e-7
3618	9.214329e-6	-8.101783e-7	1.113129e-5	2.842921e-7
3619	9.359694e-6	-9.030513e-7	1.025655e-5	-1.987702e-7
3620	1.135436e-5	2.782633e-7	1.01448e-5	1.160928e-7
3621	9.725186e-6	-4.828295e-7	1.111059e-5	3.137854e-7
3622	8.933265e-6	-1.111136e-6	1.038234e-5	-1.505329e-7
3623	1.115932e-5	1.151994e-7	1.005842e-5	4.233235e-8
3624	1.029284e-5	-1.401635e-7	1.10616e-5	3.293616e-7
3625	8.705522e-6	-1.182619e-6	1.051262e-5	-8.898713e-8
3626	1.076763e-5	-1.535072e-7	9.991942e-6	-2.152835e-8
3627	1.082141e-5	1.429144e-7	1.099016e-5	3.200137e-7
3628	8.710647e-6	-1.101902e-6	1.064221e-5	-2.114505e-8
3629	1.023097e-5	-4.791494e-7	9.952409e-6	-7.223435e-8
3630	1.120654e-5	3.043389e-7	1.090124e-5	2.913981e-7
3631	8.95222e-6	-8.848176e-7	1.076243e-5	4.765493e-8
3632	9.656026e-6	-7.957192e-7	9.938391e-6	-1.061604e-7
3633	1.139411e-5	3.057878e-7	1.080188e-5	2.47085e-7
3634	9.391898e-6	-5.853655e-7	1.086183e-5	1.194871e-7
3635	9.142217e-6	-1.041098e-6	9.942279e-6	-1.237784e-7
3636	1.134612e-5	1.687882e-7	1.070375e-5	1.851167e-7
3637	9.944409e-6	-2.59784e-7	1.09474e-5	1.865357e-7
3638	8.767053e-6	-1.154076e-6	9.962635e-6	-1.180134e-7
3639	1.106463e-5	-7.986881e-8	1.060158e-5	1.066591e-7
3640	1.051164e-5	3.605894e-8	1.102285e-5	2.419632e-7
3641	8.615573e-6	-1.122089e-6	1.000349e-5	-8.597166e-8
3642	1.060845e-5	-4.011443e-7	1.04915e-5	2.465158e-8
3643	1.09997e-5	2.513518e-7	1.108075e-5	2.795479e-7
3644	8.706981e-6	-9.456079e-7	1.006038e-5	-3.432485e-8
3645	1.006001e-5	-7.449777e-7	1.03852e-5	-5.165438e-8
3646	1.133432e-5	3.17702e-7	1.111739e-5	2.92383e-7
3647	9.027214e-6	-6.657721e-7	1.013697e-5	3.071552e-8
3648	9.491193e-6	-1.028264e-6	1.027572e-5	-1.173577e-7
3649	1.145377e-5	2.307757e-7	1.113579e-5	2.859054e-7
3650	9.527593e-6	-3.246931e-7	1.022986e-5	9.84521e-8
3651	9.005803e-6	-1.191179e-6	1.016278e-5	-1.65738e-7
3652	1.132201e-5	2.220794e-9	1.114137e-5	2.585122e-7
3653	1.011083e-5	6.634182e-9	1.034276e-5	1.746462e-7
3654	8.682031e-6	-1.197126e-6	1.005166e-5	-1.957927e-7
3655	1.096213e-5	-3.200558e-7	1.112037e-5	2.085263e-7
3656	1.068818e-5	2.550087e-7	1.047434e-5	2.521365e-7
3657	8.606168e-6	-1.042281e-6	9.95839e-6	-2.037211e-7
3658	1.042441e-5	-6.679977e-7	1.107686e-5	1.365586e-7
3659	1.115936e-5	3.552507e-7	1.060234e-5	3.260037e-7
3660	8.801651e-6	-7.786143e-7	9.893192e-6	-1.960962e-7
3661	9.811384e-6	-9.803174e-7	1.101119e-5	5.245018e-8
3662	1.142899e-5	3.045188e-7	1.072593e-5	3.920538e-7
3663	9.226239e-6	-4.368106e-7	9.854069e-6	-1.68482e-7
3664	9.242941e-6	-1.182574e-6	1.092429e-5	-4.114702e-8
3665	1.144348e-5	1.084548e-7	1.084089e-5	4.423473e-7
3666	9.805541e-6	-9.101536e-8	9.84392e-6	-1.153758e-7
3667	8.821525e-6	-1.236621e-6	1.081224e-5	-1.337062e-7
3668	1.11984e-5	-1.945553e-7	1.094683e-5	4.620784e-7
3669	1.041715e-5	1.84343e-7	9.867107e-6	-3.594058e-8
3670	8.611158e-6	-1.134487e-6	1.068409e-5	-2.159648e-7
3671	1.073363e-5	-5.456665e-7	1.10431e-5	4.550386e-7
3672	1.096017e-5	3.442592e-7	9.907084e-6	5.739877e-8
3673	8.664991e-6	-8.932393e-7	1.0549e-5	-2.87247e-7
3674	1.014117e-5	-8.715755e-7	1.112317e-5	4.2007e-7
3675	1.134447e-5	3.373274e-7	9.972296e-6	1.652531e-7
3676	8.965793e-6	-5.689835e-7	1.040937e-5	-3.461874e-7
3677	9.521893e-6	-1.109206e-6	1.118038e-5	3.58009e-7
3678	1.149301e-5	1.779226e-7	1.006506e-5	2.804516e-7
3679	9.448798e-6	-2.0928e-7	1.027489e-5	-3.824714e-7
3680	8.992707e-6	-1.219405e-6	1.1215e-5	2.712901e-7
3681	1.138852e-5	-1.018764e-7	1.016793e-5	3.948515e-7
3682	1.00356e-5	1.118749e-7	1.015823e-5	-3.95753e-7
3683	8.646497e-6	-1.191852e-6	1.121511e-5	1.634072e-7
3684	1.105336e-5	-4.688537e-7	1.028276e-5	4.972916e-7
3685	1.062196e-5	3.301862e-7	1.00605e-5	-3.807922e-7
3686	8.540628e-6	-1.005654e-6	1.118877e-5	4.686906e-8
3687	1.054982e-5	-8.396795e-7	1.040019e-5	5.835282e-7
3688	1.111082e-5	3.99135e-7	9.981983e-6	-3.337119e-7
3689	8.681425e-6	-6.881436e-7	1.113847e-5	-8.529305e-8
3690	9.955987e-6	-1.141415e-6	1.052653e-5	6.422826e-7
3691	1.143181e-5	2.987043e-7	9.924639e-6	-2.469256e-7
3692	9.044315e-6	-2.938604e-7	1.106173e-5	-2.234512e-7
3693	9.380541e-6	-1.324496e-6	1.064764e-5	6.701707e-7
3694	1.152256e-5	4.765469e-8	9.893647e-6	-1.272906e-7
3695	9.574607e-6	1.032729e-7	1.096561e-5	-3.572525e-7
3696	8.91142e-6	-1.342623e-6	1.076292e-5	6.611272e-7
3697	1.133505e-5	-3.123424e-7	9.891536e-6	2.062423e-8
3698	1.017204e-5	4.135377e-7	1.085042e-5	-4.768189e-7
3699	8.636132e-6	-1.19608e-6	1.086791e-5	6.154809e-7
3700	1.092698e-5	-7.240538e-7	9.916565e-6	1.866014e-7
3701	1.07372e-5	5.645515e-7	1.072073e-5	-5.731427e-7
3702	8.617158e-6	-8.968099e-7	1.095254e-5	5.316925e-7
3703	1.037217e-5	-1.099674e-6	9.972678e-6	3.52618e-7
3704	1.116159e-5	5.21068e-7	1.058702e-5	-6.321067e-7
3705	8.852741e-6	-4.976213e-7	1.100968e-5	4.143052e-7
3706	9.777055e-6	-1.357451e-6	1.005125e-5	5.103886e-7
3707	1.137647e-5	3.03714e-7	1.045994e-5	-6.493673e-7
3708	9.28835e-6	-6.425648e-8	1.10357e-5	2.733966e-7
3709	9.252295e-6	-1.458684e-6	1.014561e-5	6.466297e-7
3710	1.134189e-5	-4.306853e-8	1.034762e-5	-6.212109e-7
3711	9.834725e-6	3.137796e-7	1.103326e-5	1.13121e-7
3712	8.879864e-6	-1.385247e-6	1.025581e-5	7.57239e-7
3713	1.107198e-5	-4.582762e-7	1.025725e-5	-5.482866e-7
3714	1.040042e-5	5.638439e-7	1.100281e-5	-5.568328e-8
3715	8.724711e-6	-1.159282e-6	1.036673e-5	8.291297e-7
3716	1.062624e-5	-8.883831e-7	1.019571e-5	-4.438267e-7
3717	1.088208e-5	6.403037e-7	1.094965e-5	-2.234985e-7
3718	8.814094e-6	-7.895406e-7	1.04717e-5	8.668385e-7
3719	1.00922e-5	-1.24379e-6	1.015852e-5	-3.07231e-7
3720	1.119959e-5	5.243711e-7	1.087963e-5	-3.799095e-7
3721	9.1125e-6	-3.378907e-7	1.056545e-5	8.600874e-7
3722	9.545672e-6	-1.455004e-6	1.014923e-5	-1.47242e-7
3723	1.130302e-5	2.348165e-7	1.080469e-5	-5.13916e-7
3724	9.574904e-6	1.131162e-7	1.063573e-5	8.235084e-7
3725	9.09965e-6	-1.488259e-6	1.015824e-5	1.632902e-8
3726	1.118086e-5	-1.782444e-7	1.07305e-5	-6.269736e-7
3727	1.011772e-5	4.777092e-7	1.068857e-5	7.581267e-7
3728	8.827391e-6	-1.331934e-6	1.018569e-5	1.869064e-7
3729	1.084393e-5	-6.542279e-7	1.066136e-5	-7.147572e-7
3730	1.062599e-5	6.797619e-7	1.072196e-5	6.6202e-7
3731	8.771978e-6	-9.972888e-7	1.022364e-5	3.600697e-7
3732	1.038279e-5	-1.103847e-6	1.060002e-5	-7.692098e-7
3733	1.102192e-5	6.655115e-7	1.073738e-5	5.36039e-7
3734	8.938463e-6	-5.553888e-7	1.026095e-5	5.236513e-7
3735	9.877961e-6	-1.439109e-6	1.055104e-5	-7.903687e-7
3736	1.123816e-5	4.491573e-7	1.074321e-5	3.906474e-7
3737	9.279574e-6	-6.857605e-8	1.030013e-5	6.730976e-7
3738	9.400706e-6	-1.592152e-6	1.051425e-5	-7.769551e-7
3739	1.123559e-5	7.030017e-8	1.073873e-5	2.293645e-7
3740	9.745317e-6	3.713396e-7	1.03429e-5	8.024151e-7
3741	9.046786e-6	-1.544773e-6	1.047939e-5	-7.26796e-7
3742	1.103027e-5	-4.061898e-7	1.072808e-5	5.942059e-8
3743	1.024578e-5	6.878999e-7	1.038696e-5	8.984766e-7
3744	8.871307e-6	-1.288203e-6	1.045249e-5	-6.345997e-7
3745	1.068405e-5	-9.194028e-7	1.071468e-5	-1.194473e-7
3746	1.069318e-5	8.062818e-7	1.042279e-5	9.623697e-7
3747	8.890287e-6	-8.72389e-7	1.043407e-5	-5.068717e-7
3748	1.024154e-5	-1.366926e-6	1.070091e-5	-2.959414e-7
3749	1.101983e-5	7.061902e-7	1.044957e-5	9.864078e-7
3750	9.101724e-6	-3.499106e-7	1.041741e-5	-3.559018e-7
3751	9.769991e-6	-1.661409e-6	1.069493e-5	-4.510893e-7
3752	1.116626e-5	3.946572e-7	1.047382e-5	9.773678e-7
3753	9.455732e-6	1.859109e-7	1.040156e-5	-1.872347e-7
3754	9.343811e-6	-1.742948e-6	1.068172e-5	-5.881987e-7
3755	1.111312e-5	-8.221286e-8	1.050109e-5	9.329313e-7
3756	9.911539e-6	6.37117e-7	1.039465e-5	-9.808771e-9
3757	9.043076e-6	-1.579807e-6	1.066385e-5	-7.004419e-7
3758	1.087092e-5	-6.423821e-7	1.052248e-5	8.568383e-7
3759	1.039055e-5	8.882417e-7	1.039574e-5	1.668872e-7
3760	8.934073e-6	-1.212451e-6	1.064714e-5	-7.796405e-7
3761	1.048086e-5	-1.185615e-6	1.053411e-5	7.525654e-7
3762	1.079761e-5	9.015723e-7	1.040087e-5	3.387151e-7
3763	9.030306e-6	-6.883682e-7	1.062852e-5	-8.261881e-7
3764	1.001396e-5	-1.59153e-6	1.054117e-5	6.165071e-7
3765	1.106211e-5	6.687528e-7	1.040754e-5	5.072174e-7
3766	9.321165e-6	-1.065152e-7	1.060924e-5	-8.336099e-7
3767	9.558328e-6	-1.788585e-6	1.054752e-5	4.520331e-7
3768	1.113108e-5	2.286004e-7	1.041993e-5	6.608474e-7
3769	9.732084e-6	4.239582e-7	1.059359e-5	-7.97844e-7
3770	9.19143e-6	-1.739856e-6	1.05524e-5	2.67959e-7
3771	1.098347e-5	-3.363696e-7	1.042721e-5	7.905222e-7
3772	1.019284e-5	8.019277e-7	1.058761e-5	-7.295873e-7
3773	8.992221e-6	-1.446275e-6	1.056133e-5	7.852145e-8
3774	1.066954e-5	-9.246573e-7	1.042358e-5	8.891471e-7
3775	1.061254e-5	9.473023e-7	1.058657e-5	-6.304329e-7
3776	8.99116e-6	-9.763197e-7	1.057339e-5	-1.071518e-7
3777	1.024682e-5	-1.429077e-6	1.041444e-5	9.529191e-7
3778	1.091257e-5	8.410318e-7	1.058804e-5	-5.040613e-7
3779	9.167479e-6	-3.978161e-7	1.058805e-5	-2.849317e-7
3780	9.796716e-6	-1.756221e-6	1.040149e-5	9.795769e-7
3781	1.105413e-5	5.042339e-7	1.058917e-5	-3.546705e-7
3782	9.491426e-6	1.856098e-7	1.060787e-5	-4.50721e-7
3783	9.399431e-6	-1.861783e-6	1.038592e-5	9.712857e-7
3784	1.102114e-5	-2.981571e-8	1.058736e-5	-1.850194e-7
3785	9.894988e-6	6.745507e-7	1.062832e-5	-5.918788e-7
3786	9.135685e-6	-1.716892e-6	1.037107e-5	9.243946e-7
3787	1.082034e-5	-6.458878e-7	1.05787e-5	-2.574765e-9
3788	1.029947e-5	9.853205e-7	1.065315e-5	-7.077771e-7
3789	9.040261e-6	-1.337985e-6	1.035964e-5	8.380278e-7
3790	1.04988e-5	-1.239641e-6	1.056119e-5	1.928696e-7
3791	1.064193e-5	1.04922e-6	1.06751e-5	-7.947591e-7
3792	9.113825e-6	-7.855339e-7	1.034946e-5	7.197636e-7
3793	1.011584e-5	-1.705527e-6	1.053787e-5	3.873902e-7
3794	1.087769e-5	8.489307e-7	1.070266e-5	-8.443575e-7
3795	9.341697e-6	-1.427801e-7	1.034128e-5	5.703984e-7
3796	9.721513e-6	-1.954026e-6	1.051274e-5	5.672948e-7
3797	1.094306e-5	4.077896e-7	1.072819e-5	-8.52425e-7
3798	9.671189e-6	4.664069e-7	1.033809e-5	4.027677e-7
3799	9.396355e-6	-1.955286e-6	1.049233e-5	7.279268e-7
3800	1.084102e-5	-2.025934e-7	1.075299e-5	-8.18764e-7
3801	1.005645e-5	9.277332e-7	1.033127e-5	2.146319e-7
3802	9.215601e-6	-1.696186e-6	1.047533e-5	8.54588e-7
3803	1.058861e-5	-8.648584e-7	1.078101e-5	-7.406461e-7
3804	1.04142e-5	1.148686e-6	1.032267e-5	2.397304e-8
3805	9.20759e-6	-1.214807e-6	1.044859e-5	9.42458e-7
3806	1.024259e-5	-1.444675e-6	1.081217e-5	-6.22715e-7
3807	1.067508e-5	1.095032e-6	1.031885e-5	-1.627542e-7
3808	9.365371e-6	-5.919047e-7	1.041335e-5	9.859965e-7
3809	9.879765e-6	-1.838889e-6	1.083993e-5	-4.693032e-7
3810	1.079442e-5	7.739226e-7	1.033208e-5	-3.413647e-7
3811	9.635823e-6	5.752516e-8	1.037225e-5	9.885061e-7
3812	9.558756e-6	-1.980824e-6	1.086296e-5	-2.864032e-7
3813	1.076053e-5	2.43067e-7	1.035695e-5	-4.97855e-7
3814	9.979344e-6	6.119809e-7	1.032421e-5	9.400182e-7
3815	9.341007e-6	-1.873374e-6	1.08788e-5	-9.978418e-8
3816	1.057543e-5	-4.034646e-7	1.039789e-5	-6.180312e-7
3817	1.032601e-5	9.812449e-7	1.026496e-5	8.576382e-7
3818	9.274186e-6	-1.516328e-6	1.088805e-5	8.314635e-8
3819	1.029127e-5	-1.043383e-6	1.045631e-5	-7.001582e-7
3820	1.060701e-5	1.10535e-6	1.020535e-5	7.411381e-7
3821	9.351678e-6	-9.695084e-7	1.088086e-5	2.613675e-7
3822	9.953705e-6	-1.569322e-6	1.053013e-5	-7.414288e-7
3823	1.076562e-5	9.600228e-7	1.014523e-5	6.014262e-7
3824	9.569004e-6	-3.262646e-7	1.085576e-5	4.219691e-7
3825	9.639946e-6	-1.885772e-6	1.061507e-5	-7.494911e-7
3826	1.078319e-5	5.707518e-7	1.009485e-5	4.513778e-7
3827	9.879042e-6	2.962698e-7	1.081222e-5	5.649228e-7
3828	9.406705e-6	-1.947656e-6	1.070601e-5	-7.24064e-7
3829	1.06418e-5	6.838171e-10	1.005645e-5	2.962285e-7
3830	1.020397e-5	7.954249e-7	1.075526e-5	6.783511e-7
3831	9.305251e-6	-1.738676e-6	1.08008e-5	-6.651799e-7
3832	1.038821e-5	-6.525279e-7	1.003156e-5	1.401183e-7
3833	1.048663e-5	1.071094e-6	1.068061e-5	7.518707e-7
3834	9.351298e-6	-1.317651e-6	1.089057e-5	-5.815939e-7
3835	1.008386e-5	-1.269092e-6	1.003488e-5	-5.014027e-9
3836	1.066869e-5	1.090877e-6	1.05893e-5	7.924284e-7
3837	9.514597e-6	-7.301187e-7	1.096593e-5	-4.75959e-7
3838	9.77923e-6	-1.736819e-6	1.006344e-5	-1.414678e-7
3839	1.071319e-5	8.511132e-7	1.048985e-5	8.05893e-7
3840	9.771926e-6	-9.13332e-8	1.102382e-5	-3.517901e-7
3841	9.541386e-6	-1.977019e-6	1.011184e-5	-2.593541e-7
3842	1.062186e-5	3.944742e-7	1.039017e-5	7.85557e-7
3843	1.006439e-5	5.027721e-7	1.106434e-5	-2.157255e-7
3844	9.425529e-6	-1.955451e-6	1.017886e-5	-3.53453e-7
3845	1.042686e-5	-2.160366e-7	1.028298e-5	7.352648e-7
3846	1.033059e-5	9.362435e-7	1.109111e-5	-8.23299e-8
3847	9.439789e-6	-1.685041e-6	1.026683e-5	-4.222048e-7
3848	1.01693e-5	-8.718082e-7	1.017675e-5	6.677135e-7
3849	1.052487e-5	1.14529e-6	1.108734e-5	3.848771e-8
3850	9.563325e-6	-1.190014e-6	1.037469e-5	-4.636199e-7
3851	9.90019e-6	-1.457122e-6	1.0088e-5	5.925292e-7
3852	1.06111e-5	1.090201e-6	1.1057e-5	1.454335e-7
3853	9.757284e-6	-5.634459e-7	1.048429e-5	-4.84357e-7
3854	9.659786e-6	-1.865476e-6	1.002143e-5	5.078033e-7
3855	1.058057e-5	7.705759e-7	1.101317e-5	2.404136e-7
3856	1.00031e-5	1.021871e-7	1.058913e-5	-4.786802e-7
3857	9.490114e-6	-2.020013e-6	9.974007e-6	4.130283e-7
3858	1.045101e-5	2.221319e-7	1.095091e-5	3.193576e-7
3859	1.026631e-5	6.710113e-7	1.069612e-5	-4.500735e-7
3860	9.434615e-6	-1.906212e-6	9.942277e-6	3.150188e-7
3861	1.023235e-5	-4.562005e-7	1.086907e-5	3.770723e-7
3862	1.049229e-5	1.046572e-6	1.079901e-5	-4.068042e-7
3863	9.501053e-6	-1.522264e-6	9.935777e-6	2.18415e-7
3864	9.968097e-6	-1.120678e-6	1.076707e-5	4.232681e-7
3865	1.063206e-5	1.15256e-6	1.089721e-5	-3.491883e-7
3866	9.684669e-6	-9.37557e-7	9.950056e-6	1.233856e-7
3867	9.714844e-6	-1.654738e-6	1.065413e-5	4.50987e-7
3868	1.065056e-5	9.688798e-7	1.098252e-5	-2.782141e-7
3869	9.940151e-6	-2.671991e-7	9.989735e-6	3.513644e-8
3870	9.508405e-6	-1.962576e-6	1.053429e-5	4.617435e-7
3871	1.053902e-5	5.286564e-7	1.104936e-5	-2.06989e-7
3872	1.022175e-5	3.702454e-7	1.005898e-5	-3.842902e-8
3873	9.406527e-6	-1.983549e-6	1.040894e-5	4.589284e-7
3874	1.032682e-5	-9.273672e-8	1.109463e-5	-1.368877e-7
3875	1.047158e-5	8.554926e-7	1.014596e-5	-9.774756e-8
3876	9.435913e-6	-1.732988e-6	1.028861e-5	4.38958e-7
3877	1.00475e-5	-7.786853e-7	1.111548e-5	-6.917116e-8
3878	1.062369e-5	1.112257e-6	1.025062e-5	-1.426506e-7
3879	9.583604e-6	-1.247499e-6	1.018339e-5	4.072495e-7
3880	9.769097e-6	-1.393687e-6	1.110225e-5	-1.186839e-9
3881	1.06527e-5	1.095995e-6	1.037508e-5	-1.770221e-7
3882	9.821992e-6	-6.268831e-7	1.008628e-5	3.728385e-7
3883	9.552882e-6	-1.847446e-6	1.105884e-5	6.492693e-8
3884	1.055639e-5	7.898643e-7	1.051102e-5	-2.05764e-7
3885	1.010524e-5	2.514989e-8	1.00113e-5	3.366465e-7
3886	9.441899e-6	-2.046653e-6	1.09862e-5	1.20924e-7
3887	1.035866e-5	2.701987e-7	1.064747e-5	-2.220674e-7
3888	1.036297e-5	6.070168e-7	9.961798e-6	2.981097e-7
3889	9.455814e-6	-1.966059e-6	1.089521e-5	1.736016e-7
3890	1.010498e-5	-3.780807e-7	1.077105e-5	-2.27532e-7
3891	1.053759e-5	1.016326e-6	9.939323e-6	2.56336e-7
3892	9.588378e-6	-1.621755e-6	1.079165e-5	2.169742e-7
3893	9.854751e-6	-1.038194e-6	1.08825e-5	-2.230098e-7
3894	1.06135e-5	1.181872e-6	9.939743e-6	2.109251e-7
3895	9.806784e-6	-1.064586e-6	1.067842e-5	2.506212e-7
3896	9.627047e-6	-1.591608e-6	1.097577e-5	-2.032119e-7
3897	1.055673e-5	1.062621e-6	9.962585e-6	1.635084e-7
3898	1.006741e-5	-4.020949e-7	1.056772e-5	2.767158e-7
3899	9.474648e-6	-1.95003e-6	1.105046e-5	-1.765375e-7
3900	1.038668e-5	6.710488e-7	1.000802e-5	1.066683e-7
3901	1.034112e-5	2.468095e-7	1.045729e-5	2.967368e-7
3902	9.4357e-6	-2.038708e-6	1.110392e-5	-1.383121e-7
3903	1.013425e-5	7.134538e-8	1.00693e-5	5.495661e-8
3904	1.056437e-5	7.685301e-7	1.034988e-5	3.008792e-7
3905	9.52467e-6	-1.834283e-6	1.114035e-5	-9.623899e-8
3906	9.848583e-6	-6.074947e-7	1.014516e-5	1.275248e-8
3907	1.068211e-5	1.069989e-6	1.023988e-5	2.975686e-7
3908	9.730792e-6	-1.383027e-6	1.115858e-5	-5.488162e-8
3909	9.592282e-6	-1.231153e-6	1.024327e-5	-1.935003e-8
3910	1.067082e-5	1.097191e-6	1.013301e-5	2.854504e-7
3911	9.997937e-6	-7.721589e-7	1.115278e-5	-1.114761e-8
3912	9.40287e-6	-1.689335e-6	1.035211e-5	-3.963106e-8
3913	1.053286e-5	8.503021e-7	1.004391e-5	2.608671e-7
3914	1.029314e-5	-1.266066e-7	1.111984e-5	2.36759e-8
3915	9.321256e-6	-1.920687e-6	1.047037e-5	-4.100832e-8
3916	1.028277e-5	3.655381e-7	9.97549e-6	2.307191e-7
3917	1.056144e-5	4.465647e-7	1.106048e-5	4.711055e-8
3918	9.380112e-6	-1.869094e-6	1.059306e-5	-3.370108e-8
3919	9.984381e-6	-2.484053e-7	9.929842e-6	2.011131e-7
3920	1.073855e-5	8.476406e-7	1.097486e-5	6.390686e-8
3921	9.552166e-6	-1.555795e-6	1.071464e-5	-1.879321e-8
3922	9.671549e-6	-8.758909e-7	9.905131e-6	1.741557e-7
3923	1.079213e-5	1.006785e-6	1.087545e-5	7.268536e-8
3924	9.818571e-6	-1.036655e-6	1.082876e-5	-1.051938e-8
3925	9.42002e-6	-1.401553e-6	9.906671e-6	1.624922e-7
3926	1.071749e-5	9.062558e-7	1.076649e-5	8.229586e-8
3927	1.013853e-5	-4.219086e-7	1.092227e-5	-8.893809e-9
3928	9.271017e-6	-1.749728e-6	9.929915e-6	1.573769e-7
3929	1.049628e-5	5.692255e-7	1.065433e-5	8.259294e-8
3930	1.044646e-5	1.806917e-7	1.099683e-5	-6.763078e-9
3931	9.26379e-6	-1.849184e-6	9.972892e-6	1.578041e-7
3932	1.017524e-5	5.003211e-8	1.054295e-5	7.011574e-8
3933	1.068891e-5	6.432022e-7	1.104952e-5	-4.426141e-9
3934	9.413962e-6	-1.700333e-6	1.003994e-5	1.716613e-7
3935	9.822924e-6	-5.414608e-7	1.04313e-5	5.858043e-8
3936	1.080914e-5	9.137758e-7	1.107809e-5	-1.307335e-8
3937	9.68308e-6	-1.321529e-6	1.012385e-5	1.89716e-7
3938	9.492005e-6	-1.100977e-6	1.032799e-5	5.921953e-8
3939	1.077394e-5	9.443623e-7	1.109014e-5	-3.422248e-8
3940	1.002558e-5	-7.91882e-7	1.021639e-5	2.098985e-7
3941	9.264137e-6	-1.530808e-6	1.023911e-5	6.747982e-8
3942	1.058923e-5	7.480685e-7	1.108116e-5	-6.370594e-8
3943	1.037931e-5	-2.09301e-7	1.031233e-5	2.292091e-7
3944	9.199739e-6	-1.764774e-6	1.016359e-5	8.500562e-8
3945	1.02861e-5	3.530898e-7	1.105619e-5	-9.590377e-8
3946	1.067147e-5	3.123668e-7	1.040929e-5	2.419583e-7
3947	9.312149e-6	-1.774348e-6	1.010471e-5	1.115386e-7
3948	9.927853e-6	-1.783063e-7	1.100989e-5	-1.369181e-7
3949	1.083547e-5	7.032084e-7	1.050236e-5	2.503763e-7
3950	9.568465e-6	-1.537466e-6	1.006888e-5	1.586464e-7
3951	9.590304e-6	-7.551738e-7	1.094845e-5	-1.850178e-7
3952	1.083661e-5	8.94779e-7	1.058225e-5	2.430812e-7
3953	9.895511e-6	-1.104947e-6	1.005525e-5	2.145625e-7
3954	9.332332e-6	-1.268644e-6	1.088853e-5	-2.278408e-7
3955	1.069128e-5	8.587463e-7	1.064779e-5	2.260181e-7
3956	1.024144e-5	-5.506826e-7	1.005505e-5	2.759375e-7
3957	9.203888e-6	-1.629568e-6	1.082825e-5	-2.637702e-7
3958	1.04353e-5	5.881738e-7	1.070041e-5	1.981279e-7
3959	1.056059e-5	1.085071e-8	1.006352e-5	3.365628e-7
3960	9.221673e-6	-1.782968e-6	1.076643e-5	-2.876415e-7
3961	1.010495e-5	1.218748e-7	1.074669e-5	1.533865e-7
3962	1.080076e-5	4.866723e-7	1.008813e-5	3.927013e-7
3963	9.377831e-6	-1.6754e-6	1.069808e-5	-2.939566e-7
3964	9.760534e-6	-4.464932e-7	1.078708e-5	1.010076e-7
3965	1.092203e-5	7.941868e-7	1.012458e-5	4.389226e-7
3966	9.656834e-6	-1.3288e-6	1.062846e-5	-2.845099e-7
3967	9.455128e-6	-1.014688e-6	1.081614e-5	4.159768e-8
3968	1.088831e-5	8.705414e-7	1.016735e-5	4.835505e-7
3969	1.000636e-5	-8.140662e-7	1.056402e-5	-2.617721e-7
3970	9.229096e-6	-1.470576e-6	1.083367e-5	-2.780694e-8
3971	1.069429e-5	7.013527e-7	1.022361e-5	5.168604e-7
3972	1.036944e-5	-2.302784e-7	1.050142e-5	-2.146961e-7
3973	9.143535e-6	-1.722403e-6	1.083264e-5	-1.051202e-7
3974	1.037642e-5	3.140355e-7	1.028778e-5	5.372965e-7
3975	1.068965e-5	3.025914e-7	1.044528e-5	-1.509075e-7
3976	9.225626e-6	-1.732223e-6	1.082046e-5	-1.868053e-7
3977	9.980774e-6	-2.219601e-7	1.035095e-5	5.402894e-7
3978	1.089054e-5	6.959244e-7	1.040274e-5	-6.983102e-8
3979	9.45243e-6	-1.492244e-6	1.079914e-5	-2.578059e-7
3980	9.590582e-6	-7.909373e-7	1.041379e-5	5.18659e-7
3981	1.093134e-5	8.808527e-7	1.036728e-5	2.663482e-8
3982	9.793973e-6	-1.069944e-6	1.076678e-5	-3.166278e-7
3983	9.284102e-6	-1.301642e-6	1.04747e-5	4.67369e-7
3984	1.080166e-5	8.173916e-7	1.03447e-5	1.319592e-7
3985	1.01895e-5	-5.412732e-7	1.073022e-5	-3.602259e-7
3986	9.12248e-6	-1.649215e-6	1.052169e-5	3.991756e-7
3987	1.05207e-5	5.395393e-7	1.033951e-5	2.341118e-7
3988	1.05647e-5	3.684098e-9	1.069213e-5	-3.849854e-7
3989	9.137951e-6	-1.778365e-6	1.054931e-5	3.254872e-7
3990	1.013785e-5	9.022876e-8	1.034701e-5	3.198235e-7
3991	1.083798e-5	4.727409e-7	1.065782e-5	-3.875849e-7
3992	9.333338e-6	-1.673161e-6	1.056585e-5	2.412341e-7
3993	9.737843e-6	-4.529747e-7	1.03621e-5	3.900427e-7
3994	1.09635e-5	7.849006e-7	1.062363e-5	-3.637343e-7
3995	9.653735e-6	-1.338173e-6	1.057991e-5	1.532961e-7
3996	9.389974e-6	-9.956977e-7	1.037896e-5	4.446445e-7
3997	1.089873e-5	8.785556e-7	1.059857e-5	-3.194712e-7
3998	1.003629e-5	-8.486461e-7	1.059271e-5	6.577108e-8
3999	9.155311e-6	-1.440797e-6	1.039168e-5	4.74567e-7
4000	1.067827e-5	7.283518e-7	1.057464e-5	-2.550705e-7
4001	1.042584e-5	-2.920324e-7	1.061106e-5	-1.843258e-8
4002	9.079067e-6	-1.70539e-6	1.03976e-5	4.884494e-7
4003	1.034076e-5	3.556198e-7	1.055023e-5	-1.812305e-7
4004	1.075277e-5	2.380662e-7	1.063088e-5	-1.032174e-7
4005	9.171299e-6	-1.723439e-6	1.039804e-5	4.957896e-7
4006	9.935842e-6	-1.689481e-7	1.05271e-5	-1.054803e-7
4007	1.096285e-5	6.377873e-7	1.065167e-5	-1.80629e-7
4008	9.426369e-6	-1.482113e-6	1.039916e-5	4.908326e-7
4009	9.548267e-6	-7.363041e-7	1.050995e-5	-2.89998e-8
4010	1.100212e-5	8.244733e-7	1.0664e-5	-2.400653e-7
4011	9.785102e-6	-1.040675e-6	1.039938e-5	4.687387e-7
4012	9.236371e-6	-1.229516e-6	1.04995e-5	4.27067e-8
4013	1.087949e-5	7.586942e-7	1.067274e-5	-2.83972e-7
4014	1.018705e-5	-4.966884e-7	1.039808e-5	4.34487e-7
4015	9.056031e-6	-1.567416e-6	1.049559e-5	1.150105e-7
4016	1.061411e-5	4.521297e-7	1.067873e-5	-3.154901e-7
4017	1.055653e-5	6.040955e-8	1.039937e-5	3.867619e-7
4018	9.055551e-6	-1.683062e-6	1.048921e-5	1.877794e-7
4019	1.025773e-5	-2.107408e-8	1.068188e-5	-3.334271e-7
4020	1.082731e-5	5.28239e-7	1.04002e-5	3.301134e-7
4021	9.216542e-6	-1.55148e-6	1.048551e-5	2.561059e-7
4022	9.849985e-6	-5.714457e-7	1.068623e-5	-3.374186e-7
4023	1.096614e-5	8.008902e-7	1.040069e-5	2.631849e-7
4024	9.519911e-6	-1.192888e-6	1.047908e-5	3.225114e-7
4025	9.477807e-6	-1.081569e-6	1.069435e-5	-3.217343e-7
4026	1.0956e-5	8.253411e-7	1.039899e-5	1.824463e-7
4027	9.909696e-6	-6.894441e-7	1.046672e-5	3.791417e-7
4028	9.198486e-6	-1.462629e-6	1.071205e-5	-2.905174e-7
4029	1.078586e-5	6.092926e-7	1.040478e-5	9.711845e-8
4030	1.030686e-5	-1.337014e-7	1.044023e-5	4.257502e-7
4031	9.06642e-6	-1.652468e-6	1.073386e-5	-2.505344e-7
4032	1.047949e-5	1.949026e-7	1.041885e-5	1.772663e-8
4033	1.06608e-5	3.549969e-7	1.040562e-5	4.615105e-7
4034	9.120861e-6	-1.622447e-6	1.075455e-5	-2.023167e-7
4035	1.008386e-5	-3.252601e-7	1.043586e-5	-6.068067e-8
4036	1.089842e-5	6.96201e-7	1.036501e-5	4.776843e-7
4037	9.346911e-6	-1.371643e-6	1.077292e-5	-1.362702e-7
4038	9.663111e-6	-8.530841e-7	1.046505e-5	-1.314646e-7
4039	1.09671e-5	8.206195e-7	1.031588e-5	4.716531e-7
4040	9.708729e-6	-9.462952e-7	1.078404e-5	-5.671826e-8
4041	9.306624e-6	-1.285165e-6	1.050889e-5	-1.952701e-7
4042	1.086856e-5	7.138165e-7	1.026074e-5	4.527862e-7
4043	1.014134e-5	-4.349502e-7	1.078044e-5	3.196881e-8
4044	9.087111e-6	-1.553688e-6	1.056913e-5	-2.562995e-7
4045	1.061258e-5	4.042275e-7	1.021046e-5	4.218173e-7
4046	1.055763e-5	6.211511e-8	1.075802e-5	1.24074e-7
4047	9.063525e-6	-1.640112e-6	1.064234e-5	-3.127293e-7
4048	1.023341e-5	-4.351909e-8	1.016357e-5	3.783994e-7
4049	1.086479e-5	4.795091e-7	1.072468e-5	2.187697e-7
4050	9.235823e-6	-1.511286e-6	1.072493e-5	-3.579023e-7
4051	9.814886e-6	-5.55671e-7	1.011737e-5	3.218315e-7
4052	1.099962e-5	7.303911e-7	1.067932e-5	3.022745e-7
4053	9.54597e-6	-1.180961e-6	1.081747e-5	-3.757841e-7
4054	9.434242e-6	-1.040689e-6	1.008709e-5	2.587701e-7
4055	1.095734e-5	7.662775e-7	1.061489e-5	3.718471e-7
4056	9.934228e-6	-7.070235e-7	1.090842e-5	-3.74265e-7
4057	9.175082e-6	-1.417629e-6	1.007826e-5	1.908171e-7
4058	1.076422e-5	5.784025e-7	1.053059e-5	4.322358e-7
4059	1.033242e-5	-1.864515e-7	1.099163e-5	-3.589521e-7
4060	9.076735e-6	-1.636828e-6	1.009312e-5	1.134101e-7
4061	1.045088e-5	1.998182e-7	1.043946e-5	4.828801e-7
4062	1.066798e-5	2.967106e-7	1.10579e-5	-3.265537e-7
4063	9.152195e-6	-1.630248e-6	1.012682e-5	3.524113e-8
4064	1.007103e-5	-2.948089e-7	1.034292e-5	5.196863e-7
4065	1.089168e-5	6.608011e-7	1.110251e-5	-2.823359e-7
4066	9.38077e-6	-1.40071e-6	1.018378e-5	-3.798272e-8
4067	9.692942e-6	-8.271802e-7	1.024356e-5	5.429409e-7
4068	1.096831e-5	8.260008e-7	1.112483e-5	-2.261313e-7
4069	9.709882e-6	-9.786676e-7	1.026454e-5	-1.073898e-7
4070	9.369453e-6	-1.304918e-6	1.01511e-5	5.447907e-7
4071	1.087862e-5	7.560513e-7	1.112419e-5	-1.545823e-7
4072	1.009104e-5	-4.438072e-7	1.035904e-5	-1.68299e-7
4073	9.165952e-6	-1.623818e-6	1.007038e-5	5.216744e-7
4074	1.064122e-5	4.579561e-7	1.109594e-5	-7.04946e-8
4075	1.047359e-5	9.427068e-8	1.046914e-5	-2.235277e-7
4076	9.123563e-6	-1.737327e-6	1.000008e-5	4.850439e-7
4077	1.027881e-5	-9.685404e-9	1.105004e-5	1.394623e-8
4078	1.076941e-5	5.440822e-7	1.058584e-5	-2.633843e-7
4079	9.251671e-6	-1.602774e-6	9.93935e-6	4.36982e-7
4080	9.862459e-6	-5.528406e-7	1.09923e-5	9.420751e-8
4081	1.092159e-5	8.144624e-7	1.069499e-5	-2.837722e-7
4082	9.534846e-6	-1.257974e-6	9.898842e-6	3.719057e-7
4083	9.482136e-6	-1.087441e-6	1.092375e-5	1.651825e-7
4084	1.0907e-5	8.500085e-7	1.080106e-5	-2.837982e-7
4085	9.919184e-6	-7.75913e-7	9.872305e-6	3.001314e-7
4086	9.206808e-6	-1.499151e-6	1.08442e-5	2.205976e-7
4087	1.072797e-5	6.63637e-7	1.08998e-5	-2.610192e-7
4088	1.033761e-5	-2.386553e-7	9.868577e-6	2.297617e-7
4089	9.088665e-6	-1.719808e-6	1.074874e-5	2.509211e-7
4090	1.039909e-5	2.880037e-7	1.098637e-5	-2.20731e-7
4091	1.07042e-5	2.572447e-7	9.889794e-6	1.692056e-7
4092	9.169959e-6	-1.71269e-6	1.063884e-5	2.634678e-7
4093	9.994175e-6	-2.0752e-7	1.105498e-5	-1.673805e-7
4094	1.093897e-5	6.353887e-7	9.941107e-6	1.134395e-7
4095	9.416727e-6	-1.475057e-6	1.051512e-5	2.659218e-7
4096	9.592285e-6	-7.440172e-7	1.110871e-5	-1.174045e-7
