turn	ele_ex	ele_ey	ele_ez	pro_ex	pro_ey	pro_ez
0.0	2.042901366646767e-8	1.6114310255281827e-9	3.84994285619843e-6	1.1281215296509378e-8	1.0034690056970962e-9	3.959984817418013e-5
1.0	2.0916488376683503e-8	1.62352647090232e-9	3.849942960507032e-6	1.128590578208407e-8	1.0057165052421689e-9	3.959984772848582e-5
2.0	2.1041825510278953e-8	1.6229278173613074e-9	3.849943363507691e-6	1.129604812319072e-8	1.005329325501012e-9	3.959984825959317e-5
3.0	2.0868175144095923e-8	1.628982593191068e-9	3.8499431523979785e-6	1.1321567737560708e-8	1.0074992453039479e-9	3.9599847280717075e-5
4.0	2.072532566623173e-8	1.6396053232540344e-9	3.8499426945781435e-6	1.133187891946242e-8	1.008112151851863e-9	3.9599847889303945e-5
5.0	2.1309560871951044e-8	1.6316546123742357e-9	3.849942898390364e-6	1.1343095278936514e-8	1.008098575519528e-9	3.9599847041966513e-5
6.0	2.1900734770392298e-8	1.6388404665501778e-9	3.84994220059488e-6	1.1353476075256069e-8	1.0097922291047113e-9	3.959984766163488e-5
7.0	2.1553535657329e-8	1.631986421463796e-9	3.849943998245894e-6	1.135669963075053e-8	1.0091665213865555e-9	3.959984693756615e-5
8.0	2.1337486236908766e-8	1.6331094952100012e-9	3.8499435762961505e-6	1.1353054218325927e-8	1.01108188469565e-9	3.959984700920177e-5
9.0	2.169020831435037e-8	1.6419578861291859e-9	3.849943365457411e-6	1.1344635470446605e-8	1.0107809276157796e-9	3.959984687740194e-5
10.0	2.2448664626789436e-8	1.6371389089392363e-9	3.849942673531345e-6	1.1329278412401581e-8	1.0125908115159472e-9	3.959984670058907e-5
11.0	2.231904677833474e-8	1.6422719242048711e-9	3.8499427095668844e-6	1.1305506389226989e-8	1.0127242542996483e-9	3.95998470604502e-5
12.0	2.1846510946383698e-8	1.645153562962659e-9	3.849942268525895e-6	1.129413817840897e-8	1.013128190162621e-9	3.9599846320060675e-5
13.0	2.1913349190952667e-8	1.6432141975901413e-9	3.849943063800624e-6	1.128558869199812e-8	1.0136049666603432e-9	3.959984686870815e-5
14.0	2.2398231452935798e-8	1.6477220723520675e-9	3.849943395508997e-6	1.128294125347323e-8	1.01317278365306e-9	3.9599846368238574e-5
15.0	2.2433340450029193e-8	1.6460139104231478e-9	3.849943766208758e-6	1.1282086263128183e-8	1.0137651570152108e-9	3.959984690488913e-5
16.0	2.219127228691147e-8	1.642819379746339e-9	3.8499430395562475e-6	1.1295316218356658e-8	1.0125989918488614e-9	3.959984662430248e-5
17.0	2.2095182197129335e-8	1.6420978673623538e-9	3.8499425240991425e-6	1.1303228460657497e-8	1.0124440712591188e-9	3.9599846616399603e-5
18.0	2.221633962082702e-8	1.6430803238111059e-9	3.849942462434679e-6	1.1323601229682762e-8	1.0110350854266411e-9	3.95998467625201e-5
19.0	2.2254743005296153e-8	1.6416843783327463e-9	3.849942455056516e-6	1.1333834140187674e-8	1.010170594522979e-9	3.959984666919695e-5
20.0	2.2205621455403785e-8	1.6433302248109837e-9	3.8499432131472416e-6	1.1346522794687888e-8	1.0093751684133684e-9	3.959984702793959e-5
21.0	2.22452897723726e-8	1.6462264648531096e-9	3.849942744483921e-6	1.1346564291804206e-8	1.008529937618301e-9	3.9599846893483434e-5
22.0	2.2249714717016658e-8	1.6442715699153117e-9	3.849943561967053e-6	1.1349885055583537e-8	1.0083972664945883e-9	3.959984722044639e-5
23.0	2.220315986489003e-8	1.6479655777190596e-9	3.849943381607882e-6	1.1339346617786115e-8	1.007573432399521e-9	3.959984727452682e-5
24.0	2.2164977873393942e-8	1.6459608480449529e-9	3.849942979365027e-6	1.1332713950561259e-8	1.0076426672113712e-9	3.9599847365244715e-5
25.0	2.2233898710592546e-8	1.6447075906715594e-9	3.849942007587388e-6	1.1318907983108772e-8	1.0070714411255247e-9	3.95998475967488e-5
26.0	2.227401443540494e-8	1.6431222126586637e-9	3.849942750906349e-6	1.1311389804372812e-8	1.007181609196209e-9	3.959984772265697e-5
27.0	2.226452165968662e-8	1.6437888942891722e-9	3.849942743788943e-6	1.1302354551492114e-8	1.007154050732116e-9	3.959984814601107e-5
28.0	2.2217080524510103e-8	1.6445524402263007e-9	3.849942688869058e-6	1.1300935923107685e-8	1.0073319701360393e-9	3.959984842235153e-5
29.0	2.222667795947502e-8	1.645285679188816e-9	3.849943680484937e-6	1.1303825322842806e-8	1.0079514444536457e-9	3.959984889049674e-5
30.0	2.2233254585922342e-8	1.6480369286906051e-9	3.849943614212305e-6	1.1307478763547016e-8	1.0082283920050283e-9	3.9599849057606264e-5
31.0	2.223917828489121e-8	1.6484515119260211e-9	3.849942929162142e-6	1.131811749798178e-8	1.0089321218645727e-9	3.95998491359526e-5
32.0	2.2274644651339135e-8	1.6475429087885314e-9	3.84994261280362e-6	1.1324106408703343e-8	1.0093780670336697e-9	3.959984914261771e-5
33.0	2.225806536527095e-8	1.6464876109772139e-9	3.849942192394153e-6	1.1334110169289121e-8	1.0101345069913563e-9	3.9599849121537655e-5
34.0	2.2211238894719254e-8	1.6448047441130571e-9	3.849941928869411e-6	1.133518690824725e-8	1.0106489840731643e-9	3.9599848997712056e-5
35.0	2.2228643831315148e-8	1.6438181260302589e-9	3.849942713860809e-6	1.1340261148159072e-8	1.0109337731082802e-9	3.959984883698841e-5
36.0	2.225810651254404e-8	1.6448318109027837e-9	3.849943200957743e-6	1.1333604902328279e-8	1.011261473682996e-9	3.959984864728937e-5
37.0	2.2267008148219694e-8	1.6461671964355965e-9	3.849943407929955e-6	1.1335198578424455e-8	1.0111440237442854e-9	3.9599848588984744e-5
38.0	2.2221785799032725e-8	1.646197194060142e-9	3.849943173759716e-6	1.1324624590047121e-8	1.0114745294068192e-9	3.9599848437305375e-5
39.0	2.222502285275119e-8	1.648899101628359e-9	3.849942975960584e-6	1.132435684934724e-8	1.0112346462549349e-9	3.9599848629430574e-5
40.0	2.2301191883070388e-8	1.6482040361528005e-9	3.849941750570504e-6	1.1314256473395594e-8	1.0114633582145917e-9	3.959984843502104e-5
41.0	2.2248484548041087e-8	1.6469605730830483e-9	3.849941842970358e-6	1.1315260772787695e-8	1.011191231038965e-9	3.9599848610704525e-5
42.0	2.2222923991145454e-8	1.6499613138048416e-9	3.8499422365483036e-6	1.1310929247497644e-8	1.0108441198458863e-9	3.959984827073106e-5
43.0	2.2227912609562047e-8	1.6467565295567133e-9	3.849942925969428e-6	1.1314536665846727e-8	1.0108360721431539e-9	3.959984827636079e-5
44.0	2.2313377199013204e-8	1.6482588147332542e-9	3.849943309147391e-6	1.1316442995100956e-8	1.0103050146999258e-9	3.9599848016654346e-5
45.0	2.231604160377748e-8	1.6505716008530008e-9	3.849943730030076e-6	1.1321343592462882e-8	1.0103736749552125e-9	3.959984782266677e-5
46.0	2.220486685053851e-8	1.6494933762095669e-9	3.849942739316807e-6	1.13250091468053e-8	1.0099075059542308e-9	3.959984795896934e-5
47.0	2.219345856767278e-8	1.6504846358895706e-9	3.849942408711601e-6	1.1327086172243052e-8	1.009697654955356e-9	3.959984751251999e-5
48.0	2.2285558133627216e-8	1.6495832009815218e-9	3.8499424196926764e-6	1.1329755085165964e-8	1.0094007101964636e-9	3.959984768326195e-5
49.0	2.2320852706169953e-8	1.6500619614274085e-9	3.8499418669493116e-6	1.1328830126233225e-8	1.0089009949846472e-9	3.959984705168335e-5
50.0	2.225568191468999e-8	1.6491400652433379e-9	3.849942183671849e-6	1.1331237939628184e-8	1.009084706025284e-9	3.959984725275492e-5
51.0	2.2196281800046596e-8	1.6491039179727415e-9	3.849943313007732e-6	1.1327896267302954e-8	1.0087230058950717e-9	3.95998469345633e-5
52.0	2.226666813473966e-8	1.650294705902433e-9	3.8499431926655555e-6	1.133061529537827e-8	1.0094039588002392e-9	3.95998469314721e-5
53.0	2.231595950343098e-8	1.649689506731091e-9	3.849942858354801e-6	1.1324708360214246e-8	1.0093303872564817e-9	3.959984680942143e-5
54.0	2.2277642125924432e-8	1.6522947048146173e-9	3.8499423661208275e-6	1.1328513040188837e-8	1.0096878108307375e-9	3.9599846510589115e-5
55.0	2.2197268856337356e-8	1.6499528349497184e-9	3.849942469391907e-6	1.1323825975303492e-8	1.0098229988704862e-9	3.9599846742851736e-5
56.0	2.2277216238725484e-8	1.6506480504555177e-9	3.84994211437209e-6	1.1326740178144265e-8	1.0100499490815599e-9	3.959984640013419e-5
57.0	2.2351023089238958e-8	1.6499136621580564e-9	3.849941837902147e-6	1.1324000623452348e-8	1.0104362752606166e-9	3.9599846693681866e-5
58.0	2.2286570248490626e-8	1.6491658290997178e-9	3.849942554227485e-6	1.1325890410958558e-8	1.010778961218537e-9	3.9599846563271413e-5
59.0	2.2203175419414584e-8	1.649835412394992e-9	3.849942932286922e-6	1.1324415905751246e-8	1.0111359566254117e-9	3.9599846696548524e-5
60.0	2.2267902648016293e-8	1.6509882197298803e-9	3.849942799784678e-6	1.1324500752419231e-8	1.0112845999083727e-9	3.95998467546811e-5
61.0	2.2334124519107735e-8	1.6510513597224092e-9	3.849941946751226e-6	1.1322540458155079e-8	1.0114050041261764e-9	3.959984656291984e-5
62.0	2.2340276958483156e-8	1.652405734097461e-9	3.849943008843416e-6	1.1323193700572868e-8	1.0112768567978527e-9	3.959984701577004e-5
63.0	2.2177998364326454e-8	1.6542588342079914e-9	3.8499430239628055e-6	1.1321781140149952e-8	1.0113402343031122e-9	3.9599846598315545e-5
64.0	2.2243979671836408e-8	1.6518634485921237e-9	3.84994154384995e-6	1.1322361345358664e-8	1.0111709046006038e-9	3.959984718554581e-5
65.0	2.2325721504073547e-8	1.6515240256375953e-9	3.8499419847435535e-6	1.1324372004779073e-8	1.0113913514873617e-9	3.9599846928553206e-5
66.0	2.2331961074314858e-8	1.6529157478711372e-9	3.84994221601237e-6	1.1323086050306752e-8	1.0109814648937323e-9	3.95998472854051e-5
67.0	2.223105265500533e-8	1.651736864115872e-9	3.849942768129931e-6	1.1327990018238033e-8	1.010878327552209e-9	3.9599847412631885e-5
68.0	2.2203713033566535e-8	1.6526954690065308e-9	3.8499428756276065e-6	1.1326248763900562e-8	1.0102387898239832e-9	3.959984737062855e-5
69.0	2.2309844038931814e-8	1.6530146594172824e-9	3.849943582972792e-6	1.1331065220926895e-8	1.0100604427767556e-9	3.959984784551595e-5
70.0	2.2341546823079282e-8	1.6539912941335375e-9	3.8499422491963994e-6	1.1329785503228435e-8	1.009583384710804e-9	3.9599847691313755e-5
71.0	2.2249611669943225e-8	1.652832604267138e-9	3.849942165808892e-6	1.1331208095723027e-8	1.0092547016476276e-9	3.9599848294913885e-5
72.0	2.220325010117942e-8	1.6551417099477163e-9	3.849941701824522e-6	1.1331074089739211e-8	1.0093386815327614e-9	3.959984819820654e-5
73.0	2.2274301788796704e-8	1.6524607713085913e-9	3.8499422014217016e-6	1.1330154725923949e-8	1.008704713984684e-9	3.9599848542876234e-5
74.0	2.2337282007188442e-8	1.652558259600902e-9	3.849943516940938e-6	1.1327253834737108e-8	1.0089410108223656e-9	3.959984853008688e-5
75.0	2.2291523006802772e-8	1.6533749389320463e-9	3.849943477381575e-6	1.1327929963888087e-8	1.0081244099148035e-9	3.959984867880542e-5
76.0	2.2207859150372592e-8	1.6535395793047148e-9	3.8499421018271416e-6	1.1324143966995984e-8	1.0084806759279869e-9	3.9599848702527234e-5
77.0	2.2252274988301434e-8	1.6542441032379552e-9	3.849942236985537e-6	1.1325771542449096e-8	1.0082270539246577e-9	3.9599848656092325e-5
78.0	2.2305725337732087e-8	1.6538390615270218e-9	3.849942831827297e-6	1.1324654459145921e-8	1.0085319928105695e-9	3.959984863423258e-5
79.0	2.2296916554225457e-8	1.655048247407084e-9	3.849941861015505e-6	1.132494352169223e-8	1.0089308845279961e-9	3.95998482878232e-5
80.0	2.2226259419092394e-8	1.6553978666720015e-9	3.849942582274524e-6	1.1328281223501272e-8	1.0087427500982507e-9	3.959984809021623e-5
81.0	2.223722302855049e-8	1.6559662812613433e-9	3.8499427159531935e-6	1.1327014200828736e-8	1.0095780754001726e-9	3.959984781093535e-5
82.0	2.230534243690734e-8	1.654741273411891e-9	3.849942375081051e-6	1.1331016466804725e-8	1.0092541335083817e-9	3.959984778064999e-5
83.0	2.2309432666898236e-8	1.6543068645207457e-9	3.8499422149558125e-6	1.1330115300369675e-8	1.010307279344035e-9	3.959984786048031e-5
84.0	2.221829043895682e-8	1.6546811543377158e-9	3.849942605578393e-6	1.13302051475096e-8	1.0102029146673701e-9	3.9599847948583777e-5
85.0	2.224639318907281e-8	1.6554909018583701e-9	3.849942600558404e-6	1.1330092610842059e-8	1.010902502841217e-9	3.959984816040603e-5
86.0	2.2307485140661972e-8	1.6549447070487484e-9	3.849942687958442e-6	1.1327603491187166e-8	1.01144865347928e-9	3.9599848199794355e-5
87.0	2.2352567459603355e-8	1.6547247462803157e-9	3.849942310208035e-6	1.1325116272377775e-8	1.011550088801718e-9	3.9599848374646404e-5
88.0	2.2238110012483944e-8	1.65384111579131e-9	3.849942314790462e-6	1.1324357036595743e-8	1.0123055743186518e-9	3.959984842577077e-5
89.0	2.220402828795714e-8	1.6551274770860679e-9	3.849941933940261e-6	1.1321439789132535e-8	1.011850356353886e-9	3.959984855542821e-5
90.0	2.2314425254036017e-8	1.655077457558781e-9	3.849942320141629e-6	1.1322529684393071e-8	1.0123964410733061e-9	3.9599848370232116e-5
91.0	2.2375293656955856e-8	1.655390400176183e-9	3.849942719148471e-6	1.1320478309442844e-8	1.011606120147565e-9	3.9599848520295224e-5
92.0	2.229526100100033e-8	1.655953576339258e-9	3.849942462096127e-6	1.1322044047235993e-8	1.0119018360463076e-9	3.9599848173072085e-5
93.0	2.218544552297897e-8	1.6567242578742817e-9	3.849942587949739e-6	1.132392119698768e-8	1.0116052650751062e-9	3.959984835802975e-5
94.0	2.2256445543471632e-8	1.6562894607672428e-9	3.849942684018179e-6	1.1325296441063584e-8	1.0115492929432143e-9	3.959984809734922e-5
95.0	2.2364405207260897e-8	1.6560973469467282e-9	3.84994204773747e-6	1.13287781909096e-8	1.011621534934549e-9	3.959984809147032e-5
96.0	2.232523199626503e-8	1.6554469910284228e-9	3.849941242976995e-6	1.1330137826482474e-8	1.0108884400546742e-9	3.959984797502783e-5
97.0	2.2209066447422865e-8	1.6546930971357334e-9	3.849942463152833e-6	1.1331249474072043e-8	1.0107951095697534e-9	3.959984766739343e-5
98.0	2.22338966039271e-8	1.656573609995254e-9	3.849942438445219e-6	1.1331174551639837e-8	1.0096583584399696e-9	3.9599847696209083e-5
99.0	2.233325314226525e-8	1.6556851077918534e-9	3.849942304368596e-6	1.1330669912964742e-8	1.0094816993299705e-9	3.959984733492928e-5
100.0	2.232281343718269e-8	1.6571948460981153e-9	3.8499428428627365e-6	1.1329089654536698e-8	1.0087064783042646e-9	3.959984741608272e-5
101.0	2.2216145233716516e-8	1.657876237690116e-9	3.849942613206803e-6	1.1329508776119605e-8	1.0088343016137728e-9	3.959984737806938e-5
102.0	2.2246545263201196e-8	1.6563505850126246e-9	3.849941821967345e-6	1.132827277476563e-8	1.0087149326369932e-9	3.95998474097175e-5
103.0	2.2311020273088376e-8	1.65533232107041e-9	3.849941868098389e-6	1.1328222434832382e-8	1.0086915743089878e-9	3.9599847514132704e-5
104.0	2.2332068523361895e-8	1.657188713939812e-9	3.849942230067611e-6	1.1327885533376967e-8	1.0087990799686884e-9	3.9599847475158855e-5
105.0	2.221774524336516e-8	1.656204078102264e-9	3.849942032022076e-6	1.1327415668799922e-8	1.008390707450324e-9	3.959984754148139e-5
106.0	2.2229993284544746e-8	1.656921305799918e-9	3.849942181408819e-6	1.1328209469125496e-8	1.0086715001224273e-9	3.959984735152659e-5
107.0	2.231557271026708e-8	1.657731936945087e-9	3.849942793034279e-6	1.1328466680563471e-8	1.008407826621572e-9	3.959984738967048e-5
108.0	2.2338479782158146e-8	1.658492713943389e-9	3.849942375002131e-6	1.1328568378372327e-8	1.0091377092785807e-9	3.959984721385056e-5
109.0	2.225463422599287e-8	1.6567652575566e-9	3.849942454347838e-6	1.1330038724540484e-8	1.0092195614017352e-9	3.95998471075116e-5
110.0	2.2229720132570087e-8	1.657159377943127e-9	3.84994166108178e-6	1.1328781234210747e-8	1.009937951301988e-9	3.959984688882929e-5
111.0	2.2285377063915543e-8	1.6576979774109949e-9	3.8499418575203864e-6	1.13281303059514e-8	1.010231795837171e-9	3.9599846678407145e-5
112.0	2.2325976149553113e-8	1.6561409131429103e-9	3.8499424262133334e-6	1.1327232388678135e-8	1.0106202072289936e-9	3.9599846604863747e-5
113.0	2.2294170775254428e-8	1.655665235873664e-9	3.849942620336086e-6	1.1324641607403823e-8	1.010832283301022e-9	3.9599846383090646e-5
114.0	2.2258120949893553e-8	1.658501736137892e-9	3.849942339211685e-6	1.1325525035030228e-8	1.0108915789370008e-9	3.95998464283981e-5
115.0	2.2270465660288916e-8	1.6580460091629287e-9	3.849942768090804e-6	1.1324444577997534e-8	1.0113525994577927e-9	3.9599846449897754e-5
116.0	2.2299752157802124e-8	1.6590136354116131e-9	3.849941957428718e-6	1.1325224397919283e-8	1.0111624517794653e-9	3.9599846707154684e-5
117.0	2.2278903500526955e-8	1.6574263447860496e-9	3.8499414319715885e-6	1.132655848540883e-8	1.01154083488381e-9	3.9599846808272326e-5
118.0	2.2270764755564988e-8	1.6584848326421297e-9	3.849942104283681e-6	1.132608313137165e-8	1.0114178009467896e-9	3.9599847088134864e-5
119.0	2.227911228068837e-8	1.6571820089248473e-9	3.849942966885539e-6	1.1328829497992454e-8	1.0113881557348605e-9	3.959984727662533e-5
120.0	2.231393930098267e-8	1.6562837269138647e-9	3.84994230161068e-6	1.1329364051108585e-8	1.0113211615352993e-9	3.959984753412362e-5
121.0	2.229988796180428e-8	1.6585498529076716e-9	3.849941755426721e-6	1.1329911240779891e-8	1.0110614163575074e-9	3.959984764963993e-5
122.0	2.225981923135063e-8	1.6575152044467528e-9	3.849942142746533e-6	1.1332034282888251e-8	1.0110769185954392e-9	3.959984776635e-5
123.0	2.223641423064461e-8	1.6590335743891045e-9	3.849941705818916e-6	1.1329715924269186e-8	1.0106093994689737e-9	3.959984790858345e-5
124.0	2.2303603044175817e-8	1.6591529728100674e-9	3.849941886994873e-6	1.1329505431311472e-8	1.0108310823332492e-9	3.9599847801577705e-5
125.0	2.2368739964330337e-8	1.6600608312987268e-9	3.849942311551803e-6	1.1327363783565956e-8	1.0103562797794534e-9	3.9599848061167005e-5
126.0	2.2300529132816322e-8	1.6595913043700904e-9	3.8499427937807415e-6	1.1324317402429035e-8	1.0103757858451146e-9	3.959984781793213e-5
127.0	2.2207663545426797e-8	1.6586334820964542e-9	3.84994231848126e-6	1.1325693996194941e-8	1.0101138387927136e-9	3.959984803983826e-5
128.0	2.2235563121261152e-8	1.6589452361716665e-9	3.8499417085468625e-6	1.1323463429737795e-8	1.0098939391368175e-9	3.9599847656827215e-5
129.0	2.2364274288834555e-8	1.6583064096676752e-9	3.849941873917432e-6	1.1324429652115913e-8	1.0096640065643674e-9	3.959984779234879e-5
130.0	2.236911335382913e-8	1.6588454296130114e-9	3.849942398203035e-6	1.1327119914183242e-8	1.0097459063190646e-9	3.959984761137667e-5
131.0	2.222794104435985e-8	1.6602349110459735e-9	3.849942688833132e-6	1.1326147555076164e-8	1.0095603657684089e-9	3.959984761546085e-5
132.0	2.220274841973582e-8	1.6598052981750984e-9	3.849942255646225e-6	1.1330464868034436e-8	1.0097717462537772e-9	3.959984794704635e-5
133.0	2.2289734450478645e-8	1.6602372635249279e-9	3.849942289477736e-6	1.1330766750412445e-8	1.0098228995370893e-9	3.9599847903394e-5
134.0	2.2356503125309306e-8	1.6600288151272368e-9	3.849942079656769e-6	1.1333746712439919e-8	1.009885829090886e-9	3.959984838586608e-5
135.0	2.22496159966267e-8	1.6603730913862044e-9	3.849941793831121e-6	1.1335372907215894e-8	1.0099046623180592e-9	3.959984838200327e-5
136.0	2.2198505272713722e-8	1.6595154528862444e-9	3.849941787707629e-6	1.1333775176923049e-8	1.0099483376186509e-9	3.9599848646935824e-5
137.0	2.2269422754618395e-8	1.659099246889406e-9	3.849942695292876e-6	1.1333728806856428e-8	1.010004208076283e-9	3.95998488098854e-5
138.0	2.230191865517537e-8	1.6594479484640502e-9	3.849942483146863e-6	1.133018096799679e-8	1.0099737261568389e-9	3.9599848877001215e-5
139.0	2.223677332980332e-8	1.6595706928212331e-9	3.849942212127673e-6	1.1327259604620869e-8	1.0101626739292178e-9	3.959984911460663e-5
140.0	2.2241278741697786e-8	1.6614419596663195e-9	3.849941890928193e-6	1.1326074208685099e-8	1.0100747842196131e-9	3.959984900844561e-5
141.0	2.2304511911148994e-8	1.6597359806048346e-9	3.849942418280475e-6	1.1323932388062522e-8	1.0101374971049744e-9	3.959984888194089e-5
142.0	2.2319484748771178e-8	1.660855778335379e-9	3.849941623270366e-6	1.1323046404420747e-8	1.010180527504607e-9	3.95998487523644e-5
143.0	2.2229952005949244e-8	1.6597639339700678e-9	3.849941973886024e-6	1.132489353137344e-8	1.0101521591419231e-9	3.959984819200642e-5
144.0	2.2208416288924698e-8	1.6600232235702572e-9	3.84994209921211e-6	1.1323744853773714e-8	1.0103467594525315e-9	3.959984824549296e-5
145.0	2.235722969236699e-8	1.6605966451923767e-9	3.849942333095902e-6	1.132824684509873e-8	1.0103143173637667e-9	3.9599847668177504e-5
146.0	2.2360484503306992e-8	1.6594255658953983e-9	3.849942673425277e-6	1.1327109101584902e-8	1.010403974030328e-9	3.9599847706665956e-5
147.0	2.2258001357289727e-8	1.660113207062661e-9	3.8499427186345585e-6	1.133168542285744e-8	1.0102743307502997e-9	3.9599847487431305e-5
148.0	2.2218073674579965e-8	1.660216465125743e-9	3.849942351405368e-6	1.1331798058034135e-8	1.0100733779167646e-9	3.959984739316664e-5
149.0	2.2309981765849987e-8	1.6607507440180584e-9	3.849941465627601e-6	1.1334025413332546e-8	1.0100285120023158e-9	3.959984758018851e-5
150.0	2.2378553315401686e-8	1.662392855921645e-9	3.849941430233044e-6	1.1333246556626843e-8	1.009866776526667e-9	3.959984725437304e-5
151.0	2.2294963652639048e-8	1.6606920505507129e-9	3.849941661915946e-6	1.1333119721769819e-8	1.0100464924868113e-9	3.959984769625644e-5
152.0	2.223275335658505e-8	1.6611082651763356e-9	3.849942759402013e-6	1.1329862378094446e-8	1.0102677611731237e-9	3.959984739084109e-5
153.0	2.2276511204145913e-8	1.6615302690778885e-9	3.8499430332817e-6	1.1329176123049834e-8	1.0102446642661508e-9	3.959984758255841e-5
154.0	2.2330042926139094e-8	1.6614378825831859e-9	3.849943240812826e-6	1.1326071893546583e-8	1.0106793535552494e-9	3.9599847418694385e-5
155.0	2.2316214458711875e-8	1.6622659828097427e-9	3.849942020407164e-6	1.1325055018563983e-8	1.0102230506614769e-9	3.959984721123927e-5
156.0	2.230070016351479e-8	1.6619760555600703e-9	3.8499417333350065e-6	1.1325635926064985e-8	1.0103962873016423e-9	3.9599847088245934e-5
157.0	2.2264125568575234e-8	1.6622114030603944e-9	3.849941576628182e-6	1.1323810770699488e-8	1.0100858946355301e-9	3.9599846745828826e-5
158.0	2.2286744582492244e-8	1.662138270831806e-9	3.849941923946165e-6	1.1326812002861258e-8	1.0100459910030084e-9	3.9599846671071846e-5
159.0	2.22986043534825e-8	1.6645885933289585e-9	3.849942606377541e-6	1.1324937315424206e-8	1.0103007122093884e-9	3.95998464970295e-5
160.0	2.2347462511448297e-8	1.6637982095617397e-9	3.849943409045451e-6	1.1329602802857625e-8	1.0101283867645756e-9	3.959984641797072e-5
161.0	2.230882876374937e-8	1.6631004476864576e-9	3.849942752457971e-6	1.132889108733009e-8	1.010472990000852e-9	3.9599846375228087e-5
162.0	2.2262716629868593e-8	1.6641787662046185e-9	3.84994162911319e-6	1.1332954498861416e-8	1.0100282158908444e-9	3.9599846375364134e-5
163.0	2.227695325952601e-8	1.662961157970128e-9	3.84994229175584e-6	1.133131669841684e-8	1.0102292462748952e-9	3.9599846343686396e-5
164.0	2.2325326266238573e-8	1.663537539962423e-9	3.849941556148814e-6	1.1333604630692916e-8	1.0099769989738818e-9	3.9599846528696904e-5
165.0	2.2312804527413048e-8	1.6630153226670792e-9	3.849941549941418e-6	1.1330478672241231e-8	1.010063192461006e-9	3.959984649246869e-5
166.0	2.2287638666400357e-8	1.6641983380132716e-9	3.849942390947107e-6	1.1331578601937546e-8	1.0102901483576549e-9	3.9599846782087996e-5
167.0	2.227025564610955e-8	1.664113655897069e-9	3.849942634158356e-6	1.1327953497664926e-8	1.0101511785853288e-9	3.959984676988396e-5
168.0	2.231366053102852e-8	1.6642419815875943e-9	3.8499421272990105e-6	1.1329507803969079e-8	1.0107585946203144e-9	3.95998471683957e-5
169.0	2.2273888070739893e-8	1.6650351483314278e-9	3.849941761286562e-6	1.1327916655488085e-8	1.0103455922651091e-9	3.959984731222112e-5
170.0	2.227424849375761e-8	1.664192000026922e-9	3.8499421839772655e-6	1.1327695857993323e-8	1.0106294651904849e-9	3.959984743805735e-5
171.0	2.2300638459844234e-8	1.6652222075862736e-9	3.849941615618223e-6	1.132854523235416e-8	1.0105354124523588e-9	3.959984781982347e-5
172.0	2.2340847704983115e-8	1.6641716957696757e-9	3.849941548376206e-6	1.132682490500416e-8	1.010608924355011e-9	3.9599847679232524e-5
173.0	2.2257369698072235e-8	1.6651658630829862e-9	3.8499421791479385e-6	1.1329076322038584e-8	1.0108075495704027e-9	3.959984821025531e-5
174.0	2.223133140772236e-8	1.6650046709650392e-9	3.849942440488843e-6	1.1328090669080538e-8	1.0106311724161746e-9	3.9599847973836004e-5
175.0	2.232237428104874e-8	1.6656545544000902e-9	3.849942366776563e-6	1.133078909423584e-8	1.0108686737386067e-9	3.9599848392079494e-5
176.0	2.2353932479431965e-8	1.665689871487997e-9	3.8499425178223014e-6	1.1328331490928304e-8	1.0105111934616537e-9	3.959984812881832e-5
177.0	2.2301314049898555e-8	1.6654014288769024e-9	3.849941764541746e-6	1.1330767602372236e-8	1.0104356099780888e-9	3.9599848156722025e-5
178.0	2.2218901137466532e-8	1.6661749948109972e-9	3.8499412729092145e-6	1.1327420476543492e-8	1.0102432454713578e-9	3.959984812823538e-5
179.0	2.22873068421098e-8	1.6656979345300993e-9	3.849941754388439e-6	1.1329708919314819e-8	1.010076310967567e-9	3.9599847861269e-5
180.0	2.2391664843525852e-8	1.6677356663724096e-9	3.849942520787953e-6	1.13268263912343e-8	1.0101665867589502e-9	3.959984810111849e-5
181.0	2.2297591167264682e-8	1.666867231366359e-9	3.849942686922057e-6	1.1330047428073942e-8	1.0100511752477724e-9	3.9599847790024596e-5
182.0	2.2273916032200323e-8	1.6672697469823015e-9	3.8499421890373014e-6	1.132882117848498e-8	1.0101857069021554e-9	3.9599848079447595e-5
183.0	2.226249008507101e-8	1.667310240919727e-9	3.849942186119303e-6	1.1330098924638178e-8	1.010117561772377e-9	3.959984802298536e-5
184.0	2.2360274997896924e-8	1.6664824261664547e-9	3.8499417274553866e-6	1.1329950098777687e-8	1.0100430434359948e-9	3.959984804832981e-5
185.0	2.2330994479875344e-8	1.6663000583740158e-9	3.849941066892901e-6	1.1330844489160861e-8	1.0101283184956553e-9	3.95998480724711e-5
186.0	2.2250861043527856e-8	1.6659139397556565e-9	3.849942450894547e-6	1.1331180049120483e-8	1.009918854450435e-9	3.9599847980535824e-5
187.0	2.2304409743704858e-8	1.6671887362046915e-9	3.849942926242801e-6	1.133174061421054e-8	1.009991994929329e-9	3.959984813170572e-5
188.0	2.2306288882541575e-8	1.6670694836417018e-9	3.8499422012587595e-6	1.1331884359764012e-8	1.0099225631082503e-9	3.959984818754385e-5
189.0	2.2338531607911803e-8	1.6676930501492108e-9	3.849941468044163e-6	1.1330679289811128e-8	1.0098000187092953e-9	3.9599848321033494e-5
190.0	2.2280833087783913e-8	1.6689671520931528e-9	3.849942591296865e-6	1.1330882021836807e-8	1.0101156869711759e-9	3.959984844908064e-5
191.0	2.2287587781753433e-8	1.6681415823300787e-9	3.8499421754935335e-6	1.1329124567232282e-8	1.0102034331262006e-9	3.959984847024667e-5
192.0	2.2304455750066166e-8	1.667944806762579e-9	3.84994171743437e-6	1.1329981906209271e-8	1.0108228093142457e-9	3.959984868336315e-5
193.0	2.2297087269394765e-8	1.6682764298699887e-9	3.849942605644579e-6	1.1327967256100238e-8	1.0109409098153997e-9	3.9599848518639207e-5
194.0	2.2320458885573914e-8	1.6679232952901473e-9	3.8499422361158196e-6	1.1329017470401336e-8	1.0111078512038739e-9	3.959984824682767e-5
195.0	2.230028865190833e-8	1.667951653861561e-9	3.849940941598157e-6	1.1327594505378385e-8	1.0110253282165064e-9	3.959984798088186e-5
196.0	2.2299470567933673e-8	1.6689196226656826e-9	3.8499417546429055e-6	1.132756816624338e-8	1.0107653410151919e-9	3.95998476140287e-5
197.0	2.2292853875318818e-8	1.6691411990398853e-9	3.849942720115354e-6	1.1327106771641498e-8	1.0107514018245022e-9	3.959984745832603e-5
198.0	2.2308352708175994e-8	1.6687422180537058e-9	3.849942350530963e-6	1.1328515912527006e-8	1.0105463810560923e-9	3.959984723557327e-5
199.0	2.2338890101157777e-8	1.6700383441468568e-9	3.849941866736753e-6	1.1328629893490761e-8	1.010811486625564e-9	3.9599847135871933e-5
200.0	2.2290991594884515e-8	1.6705994805219687e-9	3.849942085819716e-6	1.1330097741492595e-8	1.0108093477677306e-9	3.959984711828613e-5
201.0	2.22923871592379e-8	1.6693984887641847e-9	3.849941407545514e-6	1.1329788762647898e-8	1.0108838703427872e-9	3.9599847062663804e-5
202.0	2.2322559027511785e-8	1.6678432273840633e-9	3.84994111642986e-6	1.1330514366167555e-8	1.0109688942405365e-9	3.959984709076531e-5
203.0	2.2288935200345733e-8	1.669701466125648e-9	3.849941807877437e-6	1.132966980853648e-8	1.0107473723798023e-9	3.959984685247822e-5
204.0	2.2290843073959873e-8	1.6689083448400147e-9	3.849942146444705e-6	1.1329802416970938e-8	1.0107612081297806e-9	3.9599847000016834e-5
205.0	2.2299703674279217e-8	1.6682574401559698e-9	3.849942076207653e-6	1.1329512848316941e-8	1.0104980596870507e-9	3.9599846819931436e-5
206.0	2.2371029513449963e-8	1.6702052092575722e-9	3.849942165794825e-6	1.1329770674175695e-8	1.0107127549833777e-9	3.959984702668233e-5
207.0	2.2297639667534827e-8	1.6714542596019113e-9	3.849941733050969e-6	1.1329549558164019e-8	1.0103532472551342e-9	3.959984670130795e-5
208.0	2.2226611795645298e-8	1.6706745276058865e-9	3.849941777393562e-6	1.1330024344795763e-8	1.010488260677661e-9	3.959984691038195e-5
209.0	2.2285312427222555e-8	1.6715732578124866e-9	3.849941309107622e-6	1.1329675574858516e-8	1.0104093824574663e-9	3.959984670665272e-5
210.0	2.2421398124653174e-8	1.6717457424156006e-9	3.849941513527731e-6	1.132964273136699e-8	1.0104412233484144e-9	3.959984687816535e-5
211.0	2.234644874067657e-8	1.6709283329426042e-9	3.849941588860453e-6	1.1329869600215604e-8	1.0104913099684302e-9	3.9599846758634406e-5
212.0	2.2217366024005182e-8	1.670290089520929e-9	3.8499421007302635e-6	1.132967739603041e-8	1.0103565988771672e-9	3.9599846904444656e-5
213.0	2.224888393416104e-8	1.67084458320072e-9	3.849942237769049e-6	1.1329828958834845e-8	1.0104023506915233e-9	3.95998468023963e-5
214.0	2.2388162575767162e-8	1.6716871643768103e-9	3.84994207017846e-6	1.132913792540345e-8	1.010075894502911e-9	3.95998468817531e-5
215.0	2.2387490170319143e-8	1.6709960503662873e-9	3.849942092853232e-6	1.1329407870846985e-8	1.010028040444714e-9	3.959984691068897e-5
216.0	2.223645225562314e-8	1.6735271738550534e-9	3.8499415201127655e-6	1.1329068357866706e-8	1.0098969819146828e-9	3.959984694114519e-5
217.0	2.224949366630333e-8	1.6720684657862086e-9	3.849941494318109e-6	1.1330129793610967e-8	1.0099645489711551e-9	3.959984706142749e-5
218.0	2.2338593844141536e-8	1.6720845555147458e-9	3.84994142652741e-6	1.1329687521460532e-8	1.0101885503983333e-9	3.959984704230547e-5
219.0	2.232483563728073e-8	1.673023497105793e-9	3.8499418988643915e-6	1.1332350015530997e-8	1.0104057524551735e-9	3.9599847330874524e-5
220.0	2.2280696981177722e-8	1.6725367221129152e-9	3.849942308662844e-6	1.1331361285281709e-8	1.010494067290937e-9	3.959984729742624e-5
221.0	2.2282549164179202e-8	1.6730677960548022e-9	3.849942213506627e-6	1.1333118649781818e-8	1.0106357289960907e-9	3.959984766248184e-5
222.0	2.2350174268405607e-8	1.673679754657761e-9	3.849941713210901e-6	1.133090477460281e-8	1.0106103194947114e-9	3.959984764167708e-5
223.0	2.230415851226834e-8	1.6725741500365662e-9	3.849941536488298e-6	1.1331636018763336e-8	1.0105012129550014e-9	3.9599848091690616e-5
224.0	2.224332672642457e-8	1.6733836392848256e-9	3.849941718997015e-6	1.132922338542155e-8	1.0105038411553878e-9	3.9599847998063863e-5
225.0	2.2335570837966354e-8	1.6738909664820508e-9	3.849941730125767e-6	1.1329396669817009e-8	1.0103938366376973e-9	3.959984826727933e-5
226.0	2.237825865154863e-8	1.674434803059931e-9	3.849941605719625e-6	1.1326867525748477e-8	1.0105721537147004e-9	3.9599848118342054e-5
227.0	2.2329636669149495e-8	1.6730604360945338e-9	3.8499425659998575e-6	1.1327184900681083e-8	1.0105259985931291e-9	3.959984809436499e-5
228.0	2.2243389024935347e-8	1.6742247492121993e-9	3.849941761323895e-6	1.1325738597116076e-8	1.0108127077890542e-9	3.9599847985895287e-5
229.0	2.231418118372937e-8	1.674916985735307e-9	3.849941021271541e-6	1.1326870939686779e-8	1.0108411168746954e-9	3.95998478336677e-5
230.0	2.2389408601941195e-8	1.6730552001719728e-9	3.849941862832065e-6	1.1328021786976658e-8	1.0108921382787784e-9	3.9599847834709955e-5
231.0	2.235504774146051e-8	1.6742035702443238e-9	3.849942151370327e-6	1.1329632194757792e-8	1.0108728626168276e-9	3.95998477441573e-5
232.0	2.2245021851497772e-8	1.6734631861032386e-9	3.84994195667425e-6	1.1332602712110328e-8	1.0106038534096573e-9	3.959984775358553e-5
233.0	2.2301974688859615e-8	1.6739143539792777e-9	3.8499422363802505e-6	1.1333483981718777e-8	1.0107787930099097e-9	3.959984791471328e-5
234.0	2.233185042119571e-8	1.6751756509217907e-9	3.849941929647945e-6	1.1335751882168678e-8	1.0105534295797478e-9	3.9599848021182855e-5
235.0	2.2355149845948204e-8	1.6756109428913786e-9	3.8499411584801455e-6	1.1334618817893306e-8	1.0108229142256341e-9	3.9599848228869744e-5
236.0	2.229589889057772e-8	1.6751321615080405e-9	3.849941561861464e-6	1.1335696827514397e-8	1.0106355422088784e-9	3.95998484269793e-5
237.0	2.2283160141474606e-8	1.6749411818225631e-9	3.849942103805047e-6	1.1332140994853498e-8	1.0107693726067423e-9	3.9599848442759623e-5
238.0	2.2324881807569134e-8	1.6756480208869992e-9	3.849941786323622e-6	1.1332436450877226e-8	1.0108046778191084e-9	3.959984855938724e-5
239.0	2.23037905311569e-8	1.6733521739714107e-9	3.849942641980403e-6	1.132758409099097e-8	1.010576531225766e-9	3.9599848434885605e-5
240.0	2.234587585367003e-8	1.6743849666401468e-9	3.849942301887992e-6	1.1328229532905352e-8	1.0107674160873407e-9	3.9599848357499774e-5
241.0	2.2312766872119635e-8	1.6758917594317834e-9	3.849941506631373e-6	1.1323471202222703e-8	1.010676747865642e-9	3.9599848427091865e-5
242.0	2.232540550583017e-8	1.6740213988408772e-9	3.849941310903274e-6	1.1325377442355687e-8	1.0108599715614805e-9	3.9599848210175896e-5
243.0	2.2278458648505514e-8	1.6760505346134937e-9	3.84994199229606e-6	1.1324204384793376e-8	1.010868985507392e-9	3.959984844268836e-5
244.0	2.2326075163311302e-8	1.6774409572403843e-9	3.849941514045027e-6	1.1327007142594506e-8	1.0109270098062737e-9	3.959984804062788e-5
245.0	2.234301198006673e-8	1.6756983364171654e-9	3.849941834082044e-6	1.1328871784161035e-8	1.0107409804811933e-9	3.9599848197041207e-5
246.0	2.2327003456035984e-8	1.67629394237328e-9	3.84994283795445e-6	1.1332489985962251e-8	1.010906776397352e-9	3.959984799713501e-5
247.0	2.2312958821495638e-8	1.6753051688421503e-9	3.8499423916621395e-6	1.1333986728896248e-8	1.0106313432350627e-9	3.959984779860796e-5
248.0	2.2316876052333928e-8	1.674682848279762e-9	3.849941481673143e-6	1.1335972497628362e-8	1.0107365674651695e-9	3.9599847875375085e-5
249.0	2.2315166687511366e-8	1.67380357348128e-9	3.849941432859609e-6	1.1336263682979246e-8	1.0106381610137605e-9	3.9599847409285204e-5
250.0	2.231947306848156e-8	1.6760910287026086e-9	3.8499416720266525e-6	1.1335773514961176e-8	1.0103880047241363e-9	3.959984757341056e-5
251.0	2.2318435737146458e-8	1.6762655493679636e-9	3.849941766218641e-6	1.1335263198718948e-8	1.0105277184081573e-9	3.9599847140683196e-5
252.0	2.2334530130359886e-8	1.6754892307958297e-9	3.849942277587024e-6	1.1332544965417159e-8	1.0101321861582365e-9	3.959984722403351e-5
253.0	2.2324178082011992e-8	1.6769919476174808e-9	3.8499425158663296e-6	1.1332190068324317e-8	1.0105839587988418e-9	3.9599846811210995e-5
254.0	2.2277236911164006e-8	1.6754309349327103e-9	3.8499419712824915e-6	1.1328854573756962e-8	1.0102965415303303e-9	3.959984696336762e-5
255.0	2.23221972218735e-8	1.6755798405615481e-9	3.849941246293725e-6	1.1329375176704277e-8	1.0108010415002715e-9	3.959984681394009e-5
256.0	2.2367267622057357e-8	1.6760415726831153e-9	3.849941372369919e-6	1.1327414568080635e-8	1.0109221339033936e-9	3.959984687627709e-5
257.0	2.2354382173655474e-8	1.6760640866642007e-9	3.849941889211097e-6	1.1328898044128626e-8	1.010800761697469e-9	3.9599846813805524e-5
258.0	2.2289879964601462e-8	1.6766109843095745e-9	3.849941991013108e-6	1.132846725819715e-8	1.0110881750959353e-9	3.959984690467079e-5
259.0	2.2312077910402473e-8	1.6761139198623493e-9	3.849942208463548e-6	1.133076405120804e-8	1.0104252504335365e-9	3.9599846750808614e-5
260.0	2.2359716168034242e-8	1.677052087717316e-9	3.849941890764243e-6	1.1329647920357785e-8	1.0109055980314762e-9	3.959984681541382e-5
261.0	2.2379295246665817e-8	1.675970109801738e-9	3.8499416919649195e-6	1.1332308852633556e-8	1.0101478685231421e-9	3.959984661190764e-5
262.0	2.230730433740096e-8	1.6771548022885662e-9	3.84994159160723e-6	1.1331121476267877e-8	1.0107589250735074e-9	3.959984684233851e-5
263.0	2.2279941068508878e-8	1.6769088320362878e-9	3.849941630759374e-6	1.1332945418708356e-8	1.0107213683791806e-9	3.9599846895937105e-5
264.0	2.237813336139071e-8	1.6771326086625027e-9	3.84994209090505e-6	1.1331216254654086e-8	1.0108617087728793e-9	3.9599847109662904e-5
265.0	2.2370889014876373e-8	1.6778325456771746e-9	3.84994220529372e-6	1.1332097677395038e-8	1.0114004129222306e-9	3.959984730129671e-5
266.0	2.2334122304406835e-8	1.6771741893094454e-9	3.849942199226797e-6	1.1330518336483866e-8	1.01071096883199e-9	3.959984733145572e-5
267.0	2.226087900422473e-8	1.6768192037465772e-9	3.849942110919738e-6	1.1330916627641697e-8	1.0112013450752057e-9	3.959984754741196e-5
268.0	2.234308998574129e-8	1.677787152135133e-9	3.849942030666078e-6	1.1329798657244771e-8	1.0102731213527825e-9	3.959984750000053e-5
269.0	2.2406244672955144e-8	1.6778414697672744e-9	3.849941255631944e-6	1.1331541717194395e-8	1.010540286383972e-9	3.959984757906542e-5
270.0	2.2358084185210267e-8	1.6777943687330855e-9	3.849941915834712e-6	1.133106926410879e-8	1.0101725360949194e-9	3.959984759834229e-5
271.0	2.2262052302386045e-8	1.6786132871293938e-9	3.849941958101461e-6	1.133290752887359e-8	1.0101645662882882e-9	3.9599847657870475e-5
272.0	2.2304449851676e-8	1.6790836313825964e-9	3.849942263176672e-6	1.1333218913762332e-8	1.0106240929025451e-9	3.959984781637111e-5
273.0	2.2376750746026825e-8	1.6784985717255587e-9	3.8499421994644464e-6	1.1333176138967586e-8	1.0102994814277366e-9	3.959984774100131e-5
274.0	2.239024766748932e-8	1.6772157614155555e-9	3.849942154061758e-6	1.133283751926389e-8	1.0110159381121995e-9	3.959984806631203e-5
275.0	2.2309589778937015e-8	1.677447837659847e-9	3.849941317785389e-6	1.1331423705642862e-8	1.0101929100355286e-9	3.959984800849269e-5
276.0	2.227928238308796e-8	1.6778100403478327e-9	3.849941353249243e-6	1.1330168380246588e-8	1.0106371353869215e-9	3.959984835534372e-5
277.0	2.235378738910659e-8	1.6780094895575976e-9	3.8499417882105205e-6	1.132866960457682e-8	1.0100112380344642e-9	3.95998483655667e-5
278.0	2.234361145179542e-8	1.6786419562944064e-9	3.849941730405496e-6	1.132757773934175e-8	1.0100832147551312e-9	3.9599848632939045e-5
279.0	2.232339186180924e-8	1.6791241233760221e-9	3.849941989200569e-6	1.1326716574117742e-8	1.0103040533762565e-9	3.959984873618452e-5
280.0	2.233389517900217e-8	1.6794952942434222e-9	3.849941932421265e-6	1.1327407407839135e-8	1.010043802446058e-9	3.959984878386331e-5
281.0	2.234526289113734e-8	1.6786435412063054e-9	3.849941835944119e-6	1.1327112375535863e-8	1.0108540818436444e-9	3.959984877846826e-5
282.0	2.236428331421839e-8	1.6771495701911806e-9	3.8499413789605685e-6	1.1331478810227798e-8	1.0104108961257417e-9	3.959984877323674e-5
283.0	2.2268472920722504e-8	1.6785268652001051e-9	3.849941853483526e-6	1.1331011362539578e-8	1.0111276015854904e-9	3.959984883224379e-5
284.0	2.2348591524347278e-8	1.6781826503230526e-9	3.849941955479842e-6	1.1334922644226972e-8	1.0107657569291356e-9	3.9599848635936776e-5
285.0	2.240266577414438e-8	1.6786228957297366e-9	3.849941837352254e-6	1.1334990354863668e-8	1.0108644420416074e-9	3.959984871248975e-5
286.0	2.239243105245343e-8	1.6799076864841382e-9	3.849941826885733e-6	1.1336760129268938e-8	1.0109327549413983e-9	3.9599848297807926e-5
287.0	2.2301856437965347e-8	1.679408069311031e-9	3.849941869997222e-6	1.1335479803465795e-8	1.0104561603399569e-9	3.959984867385009e-5
288.0	2.227622152592439e-8	1.6799168262798427e-9	3.849941538047384e-6	1.1335637716734779e-8	1.0109914862767404e-9	3.9599848133877424e-5
289.0	2.2387226059774152e-8	1.6792503661513474e-9	3.849941691387897e-6	1.1332088657903618e-8	1.0103514184996994e-9	3.959984867249508e-5
290.0	2.2448114503173133e-8	1.6802939900373377e-9	3.849942357638864e-6	1.1331378015933759e-8	1.0110254054865913e-9	3.95998480180194e-5
291.0	2.233660058668674e-8	1.681489205216236e-9	3.849942272614045e-6	1.1327235384957697e-8	1.0107113115631041e-9	3.9599848540662795e-5
292.0	2.23000816917884e-8	1.6795122162587222e-9	3.8499419405308214e-6	1.1327446455982113e-8	1.0111265782332453e-9	3.95998480264815e-5
293.0	2.231117544953533e-8	1.6815686392880793e-9	3.849941602822602e-6	1.1325350465631307e-8	1.011213492142677e-9	3.959984846958774e-5
294.0	2.2398114920663817e-8	1.6806180971934208e-9	3.849941536253358e-6	1.1325982208980297e-8	1.0110865515246554e-9	3.9599848114982186e-5
295.0	2.238350252024297e-8	1.680743394787893e-9	3.849941156246063e-6	1.1327323964851413e-8	1.0112440545109025e-9	3.959984832188564e-5
296.0	2.2321722196088932e-8	1.6809655540260978e-9	3.849941556283557e-6	1.132816808787305e-8	1.0105848547754962e-9	3.9599848071422846e-5
297.0	2.2315358987511777e-8	1.6796829552964503e-9	3.849942416363047e-6	1.133063143664182e-8	1.010883484479354e-9	3.9599847925600866e-5
298.0	2.2343268592093735e-8	1.680874330787779e-9	3.849942299665018e-6	1.133263524686413e-8	1.0104348650823587e-9	3.9599847796751874e-5
299.0	2.234923193002372e-8	1.681854385918062e-9	3.8499421179493736e-6	1.1335218635517518e-8	1.0108851727385425e-9	3.959984738336535e-5
300.0	2.2316189512139003e-8	1.6828046443731296e-9	3.849941651871169e-6	1.133609379684092e-8	1.010969971618922e-9	3.959984757543481e-5
301.0	2.2352312107064684e-8	1.6819160235486056e-9	3.849941651011962e-6	1.1337455147015378e-8	1.0111874316967543e-9	3.959984717455089e-5
302.0	2.2353801783484346e-8	1.6812160595870645e-9	3.849941437593389e-6	1.133464496742117e-8	1.0115737002836692e-9	3.959984735509327e-5
303.0	2.2346814018516797e-8	1.6822078679383778e-9	3.8499415444707785e-6	1.133489233538996e-8	1.0112464578174076e-9	3.959984694016498e-5
304.0	2.2308817990506345e-8	1.6817324266544428e-9	3.849942110601723e-6	1.1330117027644578e-8	1.0114084575261835e-9	3.9599847121265237e-5
305.0	2.2347368234457307e-8	1.6824441829536513e-9	3.849942817116571e-6	1.1330686059714823e-8	1.0109535070781158e-9	3.959984688911843e-5
306.0	2.240113427610914e-8	1.6825024618359453e-9	3.849942178975175e-6	1.1327509951523573e-8	1.0110949292783553e-9	3.9599846998344445e-5
307.0	2.2361428973426156e-8	1.683650786659129e-9	3.849942096342607e-6	1.1327724920684856e-8	1.010769819889493e-9	3.959984686214078e-5
308.0	2.2307043279543692e-8	1.6838400500039486e-9	3.8499416502534935e-6	1.1326923723940809e-8	1.0109710697589216e-9	3.959984688278124e-5
309.0	2.231987591025749e-8	1.6838685255351816e-9	3.849941767343272e-6	1.1328543772780342e-8	1.011082582678616e-9	3.9599846966893014e-5
310.0	2.239243148723759e-8	1.6843792188577045e-9	3.8499415750439796e-6	1.1329433364348826e-8	1.011062625774707e-9	3.959984696395867e-5
311.0	2.2405349429420422e-8	1.682098876441552e-9	3.849941842681055e-6	1.1333049574673947e-8	1.0112061690518551e-9	3.9599847046608796e-5
312.0	2.2316624089059023e-8	1.683705539233014e-9	3.84994256898549e-6	1.1334108168058477e-8	1.0107980878590939e-9	3.959984704449298e-5
313.0	2.2313729331944725e-8	1.6827619258465551e-9	3.849942249309503e-6	1.1336251596434311e-8	1.0108307244405378e-9	3.9599846905086796e-5
314.0	2.2368410839699164e-8	1.6830317054612764e-9	3.849941718223173e-6	1.133673057787526e-8	1.0105039776185045e-9	3.959984708724048e-5
315.0	2.2403914371976457e-8	1.684068803900065e-9	3.849941547031746e-6	1.1335264966456068e-8	1.010617990958352e-9	3.9599846851311764e-5
316.0	2.235080188371658e-8	1.6845243213199457e-9	3.849941894765009e-6	1.1336027388735425e-8	1.0104901184961015e-9	3.9599847212814245e-5
317.0	2.2308186545804162e-8	1.6847752263642925e-9	3.849941363134393e-6	1.1332453045903289e-8	1.0106062345346517e-9	3.9599846966103505e-5
318.0	2.2368330536697027e-8	1.6836738655878293e-9	3.8499419020013255e-6	1.133305069334866e-8	1.0104512007004705e-9	3.9599847399243106e-5
319.0	2.2379368161888027e-8	1.6849431093505155e-9	3.849942099383698e-6	1.1330577024181025e-8	1.0104093650509068e-9	3.959984726014091e-5
320.0	2.2359639776936835e-8	1.6841862754099147e-9	3.849942050414908e-6	1.1329979686092829e-8	1.0103461399891897e-9	3.9599847675398385e-5
321.0	2.2320320912082586e-8	1.6849896346698934e-9	3.8499422267858685e-6	1.1328931900126499e-8	1.010366225015603e-9	3.959984757960225e-5
322.0	2.237585467607021e-8	1.6860636127263793e-9	3.849941877400009e-6	1.1329253712933803e-8	1.01064355530802e-9	3.9599847816586255e-5
323.0	2.237399388124159e-8	1.6850463700972864e-9	3.849941970335219e-6	1.1329817753295403e-8	1.01078018574324e-9	3.9599847763057466e-5
324.0	2.2334037743937e-8	1.6865893371562552e-9	3.8499416180177015e-6	1.1332061152379197e-8	1.0112063937778423e-9	3.959984801371254e-5
325.0	2.2335004596673013e-8	1.6856599143399116e-9	3.8499420391908966e-6	1.1332770096625605e-8	1.0112295253222967e-9	3.959984807090599e-5
326.0	2.2388066640861647e-8	1.6866805021683677e-9	3.849941736726794e-6	1.1334449557622532e-8	1.0113658500358354e-9	3.95998482511382e-5
327.0	2.2399505439562133e-8	1.6863940226281175e-9	3.849942513740345e-6	1.133521674756212e-8	1.0113451494530253e-9	3.959984833497635e-5
328.0	2.2320375041484945e-8	1.6848805420571601e-9	3.849942554058553e-6	1.1334330936747641e-8	1.0112002334775752e-9	3.959984840371106e-5
329.0	2.2335574430774115e-8	1.6865167487127598e-9	3.849941846407635e-6	1.1335724356510397e-8	1.0111197812003408e-9	3.9599848501890336e-5
330.0	2.2401551939688697e-8	1.6849038861270543e-9	3.849941876911782e-6	1.1332743201680922e-8	1.0110334080955309e-9	3.9599848546686656e-5
331.0	2.239184720681042e-8	1.686142839158637e-9	3.849941534688361e-6	1.133348070732878e-8	1.0110280906638843e-9	3.959984857690451e-5
332.0	2.2352995160851587e-8	1.685723180009861e-9	3.849941691088306e-6	1.1330626144524218e-8	1.0108521551143985e-9	3.959984863624887e-5
333.0	2.2305065463790287e-8	1.6856694392257577e-9	3.849941614747569e-6	1.133029284289163e-8	1.0109091329224639e-9	3.959984863864668e-5
334.0	2.2394538360652826e-8	1.6871342362292107e-9	3.849942375266023e-6	1.1328702405550421e-8	1.010783205201031e-9	3.959984866693684e-5
335.0	2.2407576203697188e-8	1.686522556958161e-9	3.8499421497422055e-6	1.1328657650536163e-8	1.0108017128169045e-9	3.95998486715118e-5
336.0	2.233465452683105e-8	1.6862529554501088e-9	3.849941627223818e-6	1.1328992492139851e-8	1.0106970485738589e-9	3.9599848527031995e-5
337.0	2.233716974853132e-8	1.6870888992648824e-9	3.8499420439836885e-6	1.1330766678901163e-8	1.0107604425633223e-9	3.959984866583754e-5
338.0	2.2368537903840993e-8	1.685996326708565e-9	3.84994155934769e-6	1.133149065428451e-8	1.0106286803285656e-9	3.959984843623001e-5
339.0	2.2388630031356267e-8	1.6862173793377047e-9	3.849941809775384e-6	1.1332962829584418e-8	1.0106382934028769e-9	3.9599848762498705e-5
340.0	2.2339130158078378e-8	1.6875159326969277e-9	3.849942052702748e-6	1.1334955774392903e-8	1.0105447567017069e-9	3.9599848501029534e-5
341.0	2.2322378686252188e-8	1.6871848159829123e-9	3.849942395929626e-6	1.1334682600655587e-8	1.0104064119571736e-9	3.959984886475709e-5
342.0	2.2370233946652564e-8	1.6876419888138736e-9	3.84994163978413e-6	1.1337527890723724e-8	1.0103035375880325e-9	3.9599848635438674e-5
343.0	2.2375730784317325e-8	1.6875230355180617e-9	3.849941799019929e-6	1.1335129627523621e-8	1.010182174021037e-9	3.959984900469244e-5
344.0	2.234739819928321e-8	1.6878445646847416e-9	3.849941970137816e-6	1.1337244782596985e-8	1.0102286545953636e-9	3.959984868012024e-5
345.0	2.2349795337671824e-8	1.6880749148330061e-9	3.849942171882353e-6	1.1333862472560955e-8	1.0102152982529764e-9	3.9599848791583105e-5
346.0	2.2350537403670525e-8	1.6872900214137844e-9	3.849942048912194e-6	1.1334229794399237e-8	1.0104427343062117e-9	3.9599848508656964e-5
347.0	2.237832644312528e-8	1.6876058402007634e-9	3.849941963556656e-6	1.1330819968162906e-8	1.0107345858951407e-9	3.959984832218418e-5
348.0	2.2351779445687236e-8	1.6873710363411465e-9	3.849942192895588e-6	1.1330563118397563e-8	1.0109303291190224e-9	3.9599848162305056e-5
349.0	2.2362645896102462e-8	1.6880926933487693e-9	3.8499412136325325e-6	1.1328022689620309e-8	1.011116624512397e-9	3.9599847852535356e-5
350.0	2.236709023891201e-8	1.6895138347495141e-9	3.84994177191396e-6	1.1328609646566081e-8	1.011048448353663e-9	3.9599847883293007e-5
351.0	2.23581366824049e-8	1.6888353617809907e-9	3.849942033730375e-6	1.1326558674747752e-8	1.0108975839488937e-9	3.959984767319034e-5
352.0	2.235254753481697e-8	1.6890772275746922e-9	3.849942103013905e-6	1.1328393616817707e-8	1.0105445100052749e-9	3.959984760700193e-5
353.0	2.236639572343962e-8	1.6907595135894752e-9	3.849941871389113e-6	1.1329017855572803e-8	1.0105110752667068e-9	3.959984742893588e-5
354.0	2.2375432635038764e-8	1.6883984179115469e-9	3.849941839955812e-6	1.1331356656163595e-8	1.0104855794075758e-9	3.959984725882363e-5
355.0	2.2367664381747745e-8	1.6888505361547193e-9	3.849942003598655e-6	1.1334633645211734e-8	1.0107490169164765e-9	3.959984705608921e-5
356.0	2.2358064048827977e-8	1.6893786907526808e-9	3.849941832774229e-6	1.1335339511896182e-8	1.011005427546745e-9	3.959984682562237e-5
357.0	2.235201753383101e-8	1.6893574723489056e-9	3.849941839012524e-6	1.1339684532542512e-8	1.0112700412557013e-9	3.9599846578196385e-5
358.0	2.2344684013128896e-8	1.6894507063587744e-9	3.849941753558957e-6	1.1337109969831594e-8	1.0115569904584965e-9	3.9599846477163575e-5
359.0	2.2363126791975644e-8	1.6902093304817097e-9	3.849942098002233e-6	1.1339367076861668e-8	1.0113695603122293e-9	3.95998464182652e-5
360.0	2.2387761616260533e-8	1.6910141186277989e-9	3.849941690469118e-6	1.1335010852384306e-8	1.011597563251764e-9	3.959984641034707e-5
361.0	2.2374012703708858e-8	1.6895405931064006e-9	3.849942073271749e-6	1.1334739173944282e-8	1.0112631420058195e-9	3.959984653070159e-5
362.0	2.2326258531337988e-8	1.6902853560761248e-9	3.849942506554797e-6	1.1329537958286543e-8	1.011314569820721e-9	3.9599846698974054e-5
363.0	2.233771417324438e-8	1.6894524465163598e-9	3.8499418346177954e-6	1.1328839752339071e-8	1.011166878844968e-9	3.959984693384313e-5
364.0	2.23968299090342e-8	1.6902516840542013e-9	3.849941333178261e-6	1.1324561506867839e-8	1.011168048346192e-9	3.959984719487179e-5
365.0	2.2422849177001838e-8	1.6886796346731052e-9	3.849942235606154e-6	1.1325189871511163e-8	1.0110462631598277e-9	3.9599847446352965e-5
366.0	2.234904906876826e-8	1.6898311687990855e-9	3.849941461336392e-6	1.132426097400213e-8	1.0110408177522963e-9	3.959984773434061e-5
367.0	2.2321044181146e-8	1.690170684260703e-9	3.849941759807217e-6	1.1327186532469724e-8	1.0107646030687678e-9	3.959984760351091e-5
368.0	2.2364892313149332e-8	1.6899121967496342e-9	3.849942246529452e-6	1.1329243882668351e-8	1.0107288977403063e-9	3.959984781057337e-5
369.0	2.2397718312149597e-8	1.6909467249405648e-9	3.849942411044878e-6	1.133340607492934e-8	1.010681965584701e-9	3.959984748047883e-5
370.0	2.2383559667078818e-8	1.691403139956206e-9	3.849941516074566e-6	1.1337273216201104e-8	1.0106208121642555e-9	3.959984767432938e-5
371.0	2.2315561934811992e-8	1.6914212269434206e-9	3.849941314860696e-6	1.133874860098557e-8	1.0107780255498463e-9	3.95998474465732e-5
372.0	2.236569103739704e-8	1.6901059697746635e-9	3.849942248428506e-6	1.1341492211010456e-8	1.0106159577691673e-9	3.9599847839369246e-5
373.0	2.2356788680705585e-8	1.6914278620393993e-9	3.849941370467595e-6	1.1339840422889095e-8	1.0107362155659298e-9	3.9599847786383906e-5
374.0	2.2377051239236362e-8	1.6907462711866263e-9	3.849941267804366e-6	1.1340254163199619e-8	1.010426755922226e-9	3.959984820766758e-5
375.0	2.2333319956639737e-8	1.690862531858511e-9	3.84994270688336e-6	1.1335339320248825e-8	1.010452981918597e-9	3.959984837562006e-5
376.0	2.2395428605345457e-8	1.6931947235408615e-9	3.849942342107285e-6	1.1333633570885103e-8	1.0103156346225912e-9	3.959984847493381e-5
377.0	2.2385261694252283e-8	1.6914131321669023e-9	3.8499415386358624e-6	1.1327903650592237e-8	1.0104238997553648e-9	3.9599848736715753e-5
378.0	2.2345782680226425e-8	1.6926806972593139e-9	3.8499415077375345e-6	1.1326349549384869e-8	1.0104174364527522e-9	3.95998484953684e-5
379.0	2.2326958187007297e-8	1.6933035018203725e-9	3.849941927414784e-6	1.1323619667297628e-8	1.010420662292196e-9	3.9599848753858074e-5
380.0	2.238988606055446e-8	1.6914353539860515e-9	3.849941083747841e-6	1.1325270803583443e-8	1.0105946826966327e-9	3.95998483936838e-5
381.0	2.243160166547116e-8	1.691020568243934e-9	3.849942251565148e-6	1.1325349999345423e-8	1.010420669418087e-9	3.959984859651613e-5
382.0	2.236495841698974e-8	1.6919425286745048e-9	3.849942719577792e-6	1.1329575960155529e-8	1.011078518630846e-9	3.959984845683377e-5
383.0	2.23136993940106e-8	1.6923367840191642e-9	3.8499425509881645e-6	1.1332382396732297e-8	1.0109798125291328e-9	3.959984867256387e-5
384.0	2.2366657424429894e-8	1.692312772756402e-9	3.849941984305346e-6	1.1335625193411216e-8	1.0116142424648165e-9	3.959984867050904e-5
385.0	2.2409240140312585e-8	1.6941779427154952e-9	3.84994156314695e-6	1.133849087355635e-8	1.0116316375221342e-9	3.9599848777169735e-5
386.0	2.2390197415651016e-8	1.6947134277154223e-9	3.849941164038405e-6	1.133866077125637e-8	1.0116847884687807e-9	3.959984863315692e-5
387.0	2.2336030095853966e-8	1.693758844717996e-9	3.849941992685651e-6	1.1338202236826352e-8	1.0115046442752905e-9	3.959984850162319e-5
388.0	2.234038783240576e-8	1.6929448267547374e-9	3.8499422273782885e-6	1.1335079313421468e-8	1.0109963931397853e-9	3.959984827873308e-5
389.0	2.2406407180694905e-8	1.692688864091757e-9	3.849941760617807e-6	1.1332438394515329e-8	1.0113135869449262e-9	3.959984832644637e-5
390.0	2.239022510472366e-8	1.6909927028268664e-9	3.849942204846474e-6	1.1328554879780326e-8	1.0108000687400401e-9	3.959984814728722e-5
391.0	2.236433814576747e-8	1.6919392638756444e-9	3.849942010466373e-6	1.132683762440957e-8	1.0112149626692964e-9	3.959984836156052e-5
392.0	2.2355141232330125e-8	1.6925767961932416e-9	3.849941143111499e-6	1.132506367587933e-8	1.0111640639643207e-9	3.959984819027173e-5
393.0	2.238882146101312e-8	1.6922798869703968e-9	3.849941227065164e-6	1.132609602319361e-8	1.0111638725609445e-9	3.9599848332152076e-5
394.0	2.238633974009332e-8	1.6946343752321624e-9	3.849941982105653e-6	1.1326946081901863e-8	1.0111966808886774e-9	3.959984810630357e-5
395.0	2.236755103265527e-8	1.6940514106207313e-9	3.849941546082236e-6	1.1330224915992928e-8	1.010599979561994e-9	3.959984794180609e-5
396.0	2.23574338703079e-8	1.6926697836334307e-9	3.849941259414374e-6	1.1333049701043307e-8	1.0110287861738738e-9	3.959984797121507e-5
397.0	2.2365599530573505e-8	1.6945322640238756e-9	3.849942084880709e-6	1.1335274778772183e-8	1.0103726610446952e-9	3.959984765366984e-5
398.0	2.2396916258386952e-8	1.6943265563234238e-9	3.849942268449203e-6	1.1337281376017536e-8	1.0108389118788544e-9	3.959984774062054e-5
399.0	2.236289321886723e-8	1.6925358640667127e-9	3.84994154224793e-6	1.1337501203536942e-8	1.0107904423503904e-9	3.959984738450338e-5
400.0	2.2361041689265458e-8	1.6944853129212392e-9	3.849941892747619e-6	1.1336459734131713e-8	1.0107420675126219e-9	3.959984732468218e-5
401.0	2.2353759974522886e-8	1.6946562522238478e-9	3.849941819480632e-6	1.1334611987162912e-8	1.0112379839494667e-9	3.959984700596162e-5
402.0	2.2378052987853363e-8	1.6953334875174312e-9	3.849941669360751e-6	1.133149253810003e-8	1.0109201770256656e-9	3.9599846882312736e-5
403.0	2.2390991873246694e-8	1.6941374785332312e-9	3.849941821016453e-6	1.1328384396601448e-8	1.0118529553332562e-9	3.959984644003738e-5
404.0	2.2356981700674617e-8	1.6937220367762296e-9	3.849942277221417e-6	1.1325576964714716e-8	1.0115315785199565e-9	3.9599846654525376e-5
405.0	2.23568749462904e-8	1.6947368313322335e-9	3.849942161606487e-6	1.1324328289414278e-8	1.0121396584501817e-9	3.959984640303553e-5
406.0	2.238462092806245e-8	1.6934113846309243e-9	3.849941853158125e-6	1.1324516060040582e-8	1.0119189177689556e-9	3.959984672055715e-5
407.0	2.2385612998988304e-8	1.6948078894314514e-9	3.849941244272357e-6	1.1326753200500262e-8	1.0118240726446954e-9	3.959984664104484e-5
408.0	2.2346746635367308e-8	1.693629939933207e-9	3.849941551648566e-6	1.1330346713888688e-8	1.0119401173305172e-9	3.959984686781378e-5
409.0	2.2358021207761294e-8	1.695823398557621e-9	3.849941998570601e-6	1.1333838609564417e-8	1.0112205153405071e-9	3.9599846854664395e-5
410.0	2.2410586124921102e-8	1.6951599098826164e-9	3.849941870966947e-6	1.1336260445707852e-8	1.0120406125908819e-9	3.959984691590451e-5
411.0	2.2405904692356186e-8	1.6963649177823268e-9	3.849941536827655e-6	1.1338562231403473e-8	1.0111463159843344e-9	3.9599846964846095e-5
412.0	2.2328510404334155e-8	1.6962525874704366e-9	3.849942082905146e-6	1.1337679326778959e-8	1.0119261801508178e-9	3.959984691329006e-5
413.0	2.2321776523904285e-8	1.695071896958942e-9	3.849941310985317e-6	1.1337411655354705e-8	1.011142236276812e-9	3.959984691137177e-5
414.0	2.242532942618108e-8	1.696465432577014e-9	3.849941198580737e-6	1.1333886855311762e-8	1.0112042604826025e-9	3.959984654709863e-5
415.0	2.2431419402189066e-8	1.6956644375260453e-9	3.849941801221526e-6	1.1331723446528965e-8	1.0107580280402944e-9	3.959984677188835e-5
416.0	2.234965747057252e-8	1.6957554520457793e-9	3.8499421472470675e-6	1.1327712131690523e-8	1.0102463409011917e-9	3.9599846277884045e-5
417.0	2.2318235186383327e-8	1.6956065532865452e-9	3.849942049875809e-6	1.1325234719705597e-8	1.0107231358816647e-9	3.959984663652754e-5
418.0	2.2395448625940378e-8	1.6968486094834898e-9	3.8499414873577185e-6	1.132420572696845e-8	1.0102843170484392e-9	3.9599846513740023e-5
419.0	2.2422931711083897e-8	1.6962676113836774e-9	3.849941550277719e-6	1.1324033134834586e-8	1.0111036739668288e-9	3.9599846696612146e-5
420.0	2.2367335153803034e-8	1.697666655092468e-9	3.849941722386768e-6	1.1327244760119516e-8	1.010787714454952e-9	3.959984708889074e-5
421.0	2.2329772825157632e-8	1.6982647732463274e-9	3.849941922317318e-6	1.1330484250515745e-8	1.0112456127906967e-9	3.959984702655475e-5
422.0	2.238442447782155e-8	1.6976522726808068e-9	3.849941416307384e-6	1.1334264208237672e-8	1.0110029508460693e-9	3.959984765359052e-5
423.0	2.238701386711283e-8	1.6972762934052883e-9	3.849942101959579e-6	1.1338155422653986e-8	1.010987350701776e-9	3.9599847470133855e-5
424.0	2.2336006680754392e-8	1.69805963293625e-9	3.849941939578592e-6	1.1339382559985064e-8	1.0112367665341546e-9	3.95998480234975e-5
425.0	2.237114517811819e-8	1.6981266554396602e-9	3.849941316680046e-6	1.1339654242216057e-8	1.0111758567921315e-9	3.959984779700984e-5
426.0	2.240148477385677e-8	1.6982461441152175e-9	3.849941661936273e-6	1.1338353010787283e-8	1.0118264564513544e-9	3.959984792013748e-5
427.0	2.2392169929145728e-8	1.6994868268447661e-9	3.849942183048489e-6	1.1334446296833856e-8	1.0119278485337926e-9	3.959984773863698e-5
428.0	2.2319834428782197e-8	1.700158548266675e-9	3.849941939934348e-6	1.1331888851841589e-8	1.0123975185125612e-9	3.959984754292827e-5
429.0	2.2340155996374362e-8	1.7003361089792746e-9	3.849941917382921e-6	1.1327680881056331e-8	1.0123977237981449e-9	3.9599847710088464e-5
430.0	2.244976836111819e-8	1.6995964941920685e-9	3.849941339258321e-6	1.1325176069326974e-8	1.0124344773833265e-9	3.9599847494682185e-5
431.0	2.2406348703540795e-8	1.6987538515368173e-9	3.849941523488239e-6	1.132288635301239e-8	1.012354606362758e-9	3.959984789888304e-5
432.0	2.235002592531808e-8	1.6990232022755244e-9	3.849942016315766e-6	1.1321996306841842e-8	1.0122366107520619e-9	3.959984782882983e-5
433.0	2.2332971574438144e-8	1.6987789571069713e-9	3.849941820343687e-6	1.1324486658311205e-8	1.0119897640464436e-9	3.959984809305229e-5
434.0	2.2417110191370058e-8	1.6996225755797154e-9	3.849941835193611e-6	1.1326499875133216e-8	1.0118153988215682e-9	3.9599848143911255e-5
435.0	2.2423090470911703e-8	1.7004352511372219e-9	3.849942576100734e-6	1.1330705586794867e-8	1.0114435992347298e-9	3.9599847927633026e-5
436.0	2.2359664800382504e-8	1.7017375512638187e-9	3.84994183108317e-6	1.1334347955780032e-8	1.0111837551468077e-9	3.959984807115076e-5
437.0	2.2363417373485374e-8	1.7004216127264458e-9	3.849940969218301e-6	1.1336955357733577e-8	1.011015280648691e-9	3.959984764833451e-5
438.0	2.2379670648006678e-8	1.7000608365513656e-9	3.84994203830755e-6	1.1338835047393158e-8	1.0109225416736068e-9	3.959984788285216e-5
439.0	2.238976394312611e-8	1.7008462595823814e-9	3.849941813038949e-6	1.1339160164793346e-8	1.0112088352154511e-9	3.959984779819719e-5
440.0	2.2376235926301427e-8	1.6998201806656238e-9	3.849941504519366e-6	1.1337687763001219e-8	1.010920745756497e-9	3.959984788488786e-5
441.0	2.2386086178670358e-8	1.7006448494900147e-9	3.849941954083093e-6	1.1335117187525032e-8	1.0112620744850703e-9	3.959984809987644e-5
442.0	2.2400370408474685e-8	1.699837624001982e-9	3.849942247722605e-6	1.13326261033929e-8	1.0105514332775979e-9	3.959984781775931e-5
443.0	2.237516088503773e-8	1.7001758923876276e-9	3.849941423696903e-6	1.1328749217462133e-8	1.010622393110738e-9	3.9599848132104523e-5
444.0	2.236882037274185e-8	1.700733102189893e-9	3.849942030485822e-6	1.1327900152951826e-8	1.0101536037770866e-9	3.9599847651958924e-5
445.0	2.2396157424603582e-8	1.7011025616211953e-9	3.8499415416363504e-6	1.1326077145154262e-8	1.010344324676574e-9	3.959984799586091e-5
446.0	2.2405755932889514e-8	1.7012387901057114e-9	3.849941459809633e-6	1.1328353903456206e-8	1.01076127839362e-9	3.959984775513589e-5
447.0	2.2389656255481714e-8	1.7023817050532813e-9	3.849941752285121e-6	1.1329315456174654e-8	1.0108267453254569e-9	3.959984783604897e-5
448.0	2.2381179898175775e-8	1.701854151733619e-9	3.8499414578225055e-6	1.1332734671716606e-8	1.01169553306302e-9	3.9599847717814014e-5
449.0	2.2373100920817848e-8	1.7015938444859122e-9	3.84994164874642e-6	1.1334471085874952e-8	1.0111965558106468e-9	3.95998473224306e-5
450.0	2.2401287495064452e-8	1.702304610156641e-9	3.849941816349209e-6	1.1336603003767991e-8	1.0118009213203899e-9	3.9599847365437385e-5
451.0	2.2399889826132508e-8	1.701701000160516e-9	3.849942198493355e-6	1.1336300990268298e-8	1.0113564255978194e-9	3.9599846838276204e-5
452.0	2.2394114381429456e-8	1.7006866757272946e-9	3.849941612465246e-6	1.133680981534241e-8	1.0115225884707168e-9	3.959984707160743e-5
453.0	2.238632093363843e-8	1.7008930308430815e-9	3.849942053976363e-6	1.1334940133721443e-8	1.0118928758742761e-9	3.9599846583361544e-5
454.0	2.2361596372216796e-8	1.7015566336987794e-9	3.849941373288388e-6	1.1332612089720296e-8	1.0115844538886142e-9	3.9599846810083086e-5
455.0	2.2395997903030924e-8	1.7020524068450582e-9	3.849941117230165e-6	1.133117457873584e-8	1.0122918059884857e-9	3.959984644690261e-5
456.0	2.2403950722657836e-8	1.7037304943250373e-9	3.84994103474609e-6	1.1327025018187309e-8	1.0116236024571725e-9	3.959984655666097e-5
457.0	2.2398589186729815e-8	1.7032136604349265e-9	3.849941970110878e-6	1.13280778966122e-8	1.0123108245590962e-9	3.959984643786106e-5
458.0	2.235462519906599e-8	1.7037489915310996e-9	3.849942185457991e-6	1.1325467603896425e-8	1.0115076894353229e-9	3.959984643957702e-5
459.0	2.2389781591773974e-8	1.7024425280255563e-9	3.849942387097799e-6	1.1328707168411873e-8	1.0117307430443526e-9	3.959984646842033e-5
460.0	2.240580299551297e-8	1.7021283197544752e-9	3.849941475364214e-6	1.132910823831058e-8	1.0113163314015074e-9	3.959984625022778e-5
461.0	2.242085665489539e-8	1.7018233553819291e-9	3.84994125153718e-6	1.1332466685624691e-8	1.0109291778824604e-9	3.959984636127457e-5
462.0	2.2348795612524505e-8	1.7018407163603016e-9	3.8499411407899e-6	1.1333801242569765e-8	1.0112338183178038e-9	3.959984613534205e-5
463.0	2.237993555949738e-8	1.704078406386083e-9	3.849940711241595e-6	1.1336279676017875e-8	1.0106446066582031e-9	3.959984630334633e-5
464.0	2.2402112297172735e-8	1.7047355916739198e-9	3.849942394916516e-6	1.13360739880001e-8	1.0114558803205015e-9	3.9599846159064106e-5
465.0	2.241362885940216e-8	1.7066747972967117e-9	3.849942763318939e-6	1.133730450201928e-8	1.0110745448059362e-9	3.95998466267395e-5
466.0	2.2376660068158356e-8	1.706002408272998e-9	3.84994203994666e-6	1.1335464701821809e-8	1.0114453048779232e-9	3.959984634798222e-5
467.0	2.2345410826005405e-8	1.7067412856448844e-9	3.849941283113008e-6	1.1333789035098319e-8	1.0115425301764206e-9	3.959984706386855e-5
468.0	2.241923704494539e-8	1.705551465431132e-9	3.849941601545469e-6	1.1331790180814096e-8	1.0112594473080854e-9	3.9599846624986945e-5
469.0	2.2397707337396347e-8	1.705357534578612e-9	3.84994123441675e-6	1.1327434420609343e-8	1.011559535355321e-9	3.9599847283211715e-5
470.0	2.2392846533313723e-8	1.706005713808178e-9	3.8499413073489685e-6	1.1327891212004377e-8	1.011036684892243e-9	3.95998470252436e-5
471.0	2.2359047389762102e-8	1.7047865730550436e-9	3.849942172442419e-6	1.1324749191609196e-8	1.0115327633369438e-9	3.959984743694642e-5
472.0	2.2386249172240437e-8	1.70616661700522e-9	3.84994242494074e-6	1.132788532350611e-8	1.011267690409454e-9	3.959984755752832e-5
473.0	2.241760686639614e-8	1.707307380565043e-9	3.849941638013327e-6	1.1327271628093648e-8	1.011541953120523e-9	3.959984768423116e-5
474.0	2.238257761176033e-8	1.7065519966985386e-9	3.849941054748507e-6	1.1331403819463575e-8	1.0116498496485536e-9	3.9599848062603634e-5
475.0	2.237353474136566e-8	1.7079449123926916e-9	3.849941358507083e-6	1.1331532519674393e-8	1.0114673376305624e-9	3.959984783229207e-5
476.0	2.239776507874423e-8	1.7081297728960369e-9	3.849941266133993e-6	1.1335714281425502e-8	1.0117003697687736e-9	3.959984817693786e-5
477.0	2.2411322668816307e-8	1.7071932114933358e-9	3.84994140598709e-6	1.1334941603624862e-8	1.0114861974829235e-9	3.959984782560616e-5
478.0	2.2399202904126216e-8	1.7064992374619408e-9	3.84994163056095e-6	1.1337449838634353e-8	1.0117134647687325e-9	3.959984800420581e-5
479.0	2.2366400042637652e-8	1.7066766234885554e-9	3.849942413628745e-6	1.1335827531300246e-8	1.0116112674802063e-9	3.95998478842196e-5
480.0	2.2402215429760744e-8	1.7071545326371678e-9	3.849942058406286e-6	1.1335153970731577e-8	1.0113844777244073e-9	3.959984775929964e-5
481.0	2.2426625544391314e-8	1.7058998822736475e-9	3.8499410945332085e-6	1.1332931166769666e-8	1.0114055572901166e-9	3.959984779047045e-5
482.0	2.2402122326695053e-8	1.7076130292001888e-9	3.8499410899539205e-6	1.1330646873730655e-8	1.0108795592338122e-9	3.959984757071028e-5
483.0	2.2368353018792725e-8	1.707179286867444e-9	3.849941767214464e-6	1.1329861734174152e-8	1.0110581417069126e-9	3.959984780212835e-5
484.0	2.240218201175208e-8	1.7086319351233458e-9	3.849941328429744e-6	1.1328487134159367e-8	1.01090601640217e-9	3.959984770043226e-5
485.0	2.2436225559580262e-8	1.7084577432253497e-9	3.849941583678569e-6	1.1328997838959884e-8	1.0111228327867058e-9	3.959984784809943e-5
486.0	2.242942234621687e-8	1.7080095224908457e-9	3.849942709469608e-6	1.132906386336827e-8	1.0113491412915438e-9	3.959984803783805e-5
487.0	2.236110937987342e-8	1.7082344207369623e-9	3.8499422235263595e-6	1.1330797045662245e-8	1.0112289045493371e-9	3.959984796493761e-5
488.0	2.2391484691057383e-8	1.7066450534121138e-9	3.849941239785509e-6	1.133057906781676e-8	1.011521015028133e-9	3.9599848340267736e-5
489.0	2.2427639817003748e-8	1.7074644559580064e-9	3.849941567674644e-6	1.1333328533291492e-8	1.0110713172681512e-9	3.959984815886107e-5
490.0	2.2440124298077876e-8	1.7082257566641021e-9	3.849941582020621e-6	1.133235686328994e-8	1.0112567349413317e-9	3.959984842418605e-5
491.0	2.23777656190137e-8	1.7080360141835588e-9	3.849941130540182e-6	1.1334499889072181e-8	1.0110083893638366e-9	3.959984831132156e-5
492.0	2.2372299903266395e-8	1.7077429559312738e-9	3.849941432832813e-6	1.1333682912204847e-8	1.011063535135678e-9	3.95998482709089e-5
493.0	2.2416645989770116e-8	1.7087413436128387e-9	3.849942402502414e-6	1.1333895719933882e-8	1.0112439164894697e-9	3.959984818763535e-5
494.0	2.2448385026109007e-8	1.7096523439894113e-9	3.849942123240079e-6	1.1332642260367699e-8	1.0110479533540454e-9	3.959984777052491e-5
495.0	2.2383078193086306e-8	1.7077504342087707e-9	3.8499415595908765e-6	1.1332097381243765e-8	1.011488750517865e-9	3.959984766349318e-5
496.0	2.2383734255723384e-8	1.7078404549076426e-9	3.849941851997722e-6	1.1331290776730078e-8	1.011353599944527e-9	3.9599847306733136e-5
497.0	2.2400195367912517e-8	1.7078959190644526e-9	3.849941113328418e-6	1.1331431345599667e-8	1.0116997550699288e-9	3.959984710983865e-5
498.0	2.242946662953088e-8	1.7078074260216834e-9	3.8499414725947635e-6	1.1330527421390497e-8	1.0117793891526924e-9	3.959984686766926e-5
499.0	2.2411207576346438e-8	1.7079947895201745e-9	3.849941440891695e-6	1.1331222305389565e-8	1.0118852937136543e-9	3.9599846526097245e-5
500.0	2.2374274333782717e-8	1.7082710300712155e-9	3.849941627008368e-6	1.1330347945738038e-8	1.0121292018863302e-9	3.9599846567602605e-5
501.0	2.2404894233672832e-8	1.707887018050114e-9	3.8499416983972504e-6	1.1330732463539104e-8	1.0119579505425656e-9	3.959984622812796e-5
502.0	2.2422766353144834e-8	1.70966894671919e-9	3.8499419376456875e-6	1.133135933310072e-8	1.01228163709781e-9	3.959984620279312e-5
503.0	2.239502876583119e-8	1.7091821115369617e-9	3.849941400623119e-6	1.1331542636399712e-8	1.0121544487092924e-9	3.9599846107582006e-5
504.0	2.2395535552305823e-8	1.7104513517864994e-9	3.849941697323872e-6	1.1332373603271645e-8	1.0122683312984174e-9	3.959984610505405e-5
505.0	2.2400057955292464e-8	1.710242080463188e-9	3.8499418824274445e-6	1.133347042769798e-8	1.0124076613538522e-9	3.9599846400258364e-5
506.0	2.2421599254588357e-8	1.7077496758936528e-9	3.849941636128592e-6	1.13327044566688e-8	1.012170623295405e-9	3.959984620111731e-5
507.0	2.239863490849832e-8	1.7091494030420527e-9	3.849940884433905e-6	1.1333400773320545e-8	1.0123088096010711e-9	3.9599846600125905e-5
508.0	2.2378470430760453e-8	1.708132625956991e-9	3.84994129223521e-6	1.1332625934340686e-8	1.012045057802798e-9	3.959984618231749e-5
509.0	2.242680186123077e-8	1.709073162793836e-9	3.8499419087943155e-6	1.1332455632870263e-8	1.0122271627738742e-9	3.959984655601277e-5
510.0	2.244268307768021e-8	1.7099194232112271e-9	3.849941982202326e-6	1.1331772670152765e-8	1.0123627015787857e-9	3.959984620493182e-5
511.0	2.242452065475808e-8	1.7106323202863835e-9	3.849941782661894e-6	1.1330056676133179e-8	1.0120303272811515e-9	3.959984646221257e-5
512.0	2.2361549829895046e-8	1.7109384672845105e-9	3.849941761373052e-6	1.1330182631158795e-8	1.0120729868515528e-9	3.959984630328997e-5
513.0	2.2411682630505753e-8	1.710933573581022e-9	3.849941246143326e-6	1.1328038434464066e-8	1.0111416632339938e-9	3.959984637794633e-5
514.0	2.2476250585819255e-8	1.7106776519750372e-9	3.849940809036172e-6	1.132910042821231e-8	1.0109531215040701e-9	3.9599846520841e-5
515.0	2.2444302734534312e-8	1.7101901112603573e-9	3.849940894173158e-6	1.1329202687050096e-8	1.0102981401041827e-9	3.95998464637038e-5
516.0	2.2396614359635457e-8	1.709623011931048e-9	3.849942062632261e-6	1.1331410077491928e-8	1.0101858904423205e-9	3.959984680949483e-5
517.0	2.2361920255737385e-8	1.7098912292644876e-9	3.849942210071865e-6	1.1332442247749384e-8	1.010454794861864e-9	3.9599846735717794e-5
518.0	2.2466121956012368e-8	1.710312452238334e-9	3.8499414590195384e-6	1.1335437893440478e-8	1.0103184384843871e-9	3.959984694563553e-5
519.0	2.246644953050926e-8	1.7105081369364246e-9	3.84994114506943e-6	1.1335556161220346e-8	1.0110640547140031e-9	3.959984696318677e-5
520.0	2.240819683281178e-8	1.7121138890620954e-9	3.849941004269652e-6	1.1338163356531478e-8	1.0104794472260869e-9	3.959984701292263e-5
521.0	2.2382353954244288e-8	1.710729093929578e-9	3.849941393808724e-6	1.1337489926913658e-8	1.0108998827013793e-9	3.959984713343699e-5
522.0	2.2402745280771534e-8	1.7123789258408174e-9	3.849941268960033e-6	1.1338553331699298e-8	1.010551206749287e-9	3.9599847192976327e-5
523.0	2.24437623789063e-8	1.7126775540808033e-9	3.849941899076747e-6	1.1336154038767819e-8	1.0105601827342815e-9	3.959984733724351e-5
524.0	2.2420251137798528e-8	1.711498073455943e-9	3.849942295812098e-6	1.133480596747076e-8	1.0111015819556822e-9	3.959984771398738e-5
525.0	2.239693733207654e-8	1.7130295624674789e-9	3.849940936467425e-6	1.1332509362266215e-8	1.0110142848135195e-9	3.9599847675633765e-5
526.0	2.243483917797928e-8	1.7105692477664043e-9	3.8499414368205e-6	1.1329496627294425e-8	1.0120327355282185e-9	3.9599848168126314e-5
527.0	2.2409231108169628e-8	1.712585932675062e-9	3.8499409475078434e-6	1.132875935617261e-8	1.0116936697300162e-9	3.959984784535983e-5
528.0	2.2403637082030343e-8	1.7111033002595248e-9	3.849942112406667e-6	1.1327004766594499e-8	1.0123280489376149e-9	3.959984805431241e-5
529.0	2.241125854833002e-8	1.7130078522565125e-9	3.84994108060163e-6	1.1328031141418181e-8	1.0120711373049733e-9	3.959984788200945e-5
530.0	2.245426823407155e-8	1.7142309824864278e-9	3.849941528583603e-6	1.1327801307965764e-8	1.0119963871585776e-9	3.95998479595139e-5
531.0	2.2442072719371245e-8	1.713848630854305e-9	3.849941290187046e-6	1.1330230914677716e-8	1.0122220894078246e-9	3.959984799253352e-5
532.0	2.2407140337150203e-8	1.7135862940808144e-9	3.8499411589099e-6	1.133117997826384e-8	1.011687834449775e-9	3.959984804697152e-5
533.0	2.2376127404594974e-8	1.7133058051577493e-9	3.849941522932219e-6	1.1333910543450622e-8	1.012164801134826e-9	3.9599848051911774e-5
534.0	2.2442866920300763e-8	1.7121055827825489e-9	3.849941684342988e-6	1.133448566421539e-8	1.0115711258369982e-9	3.95998481793077e-5
535.0	2.24686382111107e-8	1.7117613086885266e-9	3.849941714939805e-6	1.1336239690410442e-8	1.0116190279298714e-9	3.959984786700611e-5
536.0	2.242284988680451e-8	1.7111663918875925e-9	3.849940944666541e-6	1.1334947389768214e-8	1.0116394646629117e-9	3.959984813561434e-5
537.0	2.2402952808678488e-8	1.7120353895938634e-9	3.849940968657473e-6	1.1335074423369236e-8	1.0112198642101816e-9	3.959984775010114e-5
538.0	2.2409197320703402e-8	1.7138140165278993e-9	3.849940819919847e-6	1.1332890833719225e-8	1.0116756609710162e-9	3.959984799356858e-5
539.0	2.2465564469120632e-8	1.7134783886664513e-9	3.849941658510404e-6	1.1331572711539452e-8	1.011166291865338e-9	3.959984772623056e-5
540.0	2.2444802154105316e-8	1.7159647530843987e-9	3.849941889434058e-6	1.1330418035897406e-8	1.0114494440632957e-9	3.9599847721444675e-5
541.0	2.2400071508435356e-8	1.714918235716843e-9	3.849941694852355e-6	1.1329069143024124e-8	1.0111843781129565e-9	3.959984773995876e-5
542.0	2.241927690109203e-8	1.7130796406002706e-9	3.849941186831072e-6	1.1330053562378487e-8	1.0110851323376696e-9	3.959984747588561e-5
543.0	2.2435579782609012e-8	1.713198968126544e-9	3.849940643868698e-6	1.1329941910437377e-8	1.0112887047906334e-9	3.959984786380581e-5
544.0	2.245372292172286e-8	1.7117468992577018e-9	3.849940815203293e-6	1.1332027581204694e-8	1.0110054264577195e-9	3.9599847315827946e-5
545.0	2.2409276330531097e-8	1.7133305619902757e-9	3.849941327173932e-6	1.1333836004568416e-8	1.0115908231360803e-9	3.9599847926751624e-5
546.0	2.2409805120934567e-8	1.7126685070525398e-9	3.8499416177964065e-6	1.1334994642770598e-8	1.0113297441839947e-9	3.959984733446652e-5
547.0	2.2433665244471093e-8	1.7147352064352265e-9	3.8499414946045945e-6	1.1336649706719832e-8	1.0118474206521493e-9	3.959984787136836e-5
548.0	2.244372551672945e-8	1.7163729078950066e-9	3.849940907745505e-6	1.1336086717430122e-8	1.0119969004616932e-9	3.95998474698712e-5
549.0	2.2422279698276674e-8	1.7155004995526337e-9	3.849941155985858e-6	1.133562675457873e-8	1.0118335563094985e-9	3.959984764266699e-5
550.0	2.2411672264401623e-8	1.7155893799157134e-9	3.84994061770034e-6	1.133330635690404e-8	1.0122366373031142e-9	3.959984755291292e-5
551.0	2.2437881494324733e-8	1.7139825236562731e-9	3.849940985265575e-6	1.1331119089734653e-8	1.0115316686117696e-9	3.9599847423313343e-5
552.0	2.2426012995997613e-8	1.7130170687632894e-9	3.849941249723706e-6	1.1328289171524372e-8	1.0119625454557988e-9	3.959984730117552e-5
553.0	2.2433972445383822e-8	1.7144464022338123e-9	3.849941350089234e-6	1.13275672509324e-8	1.0113135705233424e-9	3.9599847052246946e-5
554.0	2.2431535259251135e-8	1.7140272818205476e-9	3.849941250625397e-6	1.132607720407567e-8	1.011471068259546e-9	3.959984677224777e-5
555.0	2.2452101836928533e-8	1.7156827841087968e-9	3.849940779257719e-6	1.1327751666068986e-8	1.0114271985451122e-9	3.95998467286353e-5
556.0	2.2425259978400075e-8	1.7167408992680354e-9	3.84994129016739e-6	1.1328751128146912e-8	1.0110208807252172e-9	3.9599846330416805e-5
557.0	2.2407147983109668e-8	1.7171918804921982e-9	3.849941127291695e-6	1.1332234765086907e-8	1.0115606767339285e-9	3.959984641181315e-5
558.0	2.242908567138564e-8	1.7167748219224881e-9	3.849941468904367e-6	1.1335332278506172e-8	1.0108574450217253e-9	3.95998460692333e-5
559.0	2.2461191108022413e-8	1.7176358086058136e-9	3.849941039621075e-6	1.1337843025779516e-8	1.0114107053220676e-9	3.959984606066493e-5
560.0	2.244426458730586e-8	1.7154582201985795e-9	3.849941484145993e-6	1.1339838449711365e-8	1.0109503315395162e-9	3.959984600481669e-5
561.0	2.2424068469099285e-8	1.7151471386293602e-9	3.849941457626036e-6	1.133945682170854e-8	1.0112132103065714e-9	3.959984584033755e-5
562.0	2.2413011535350343e-8	1.7164737704447165e-9	3.849941379388267e-6	1.1339694651081422e-8	1.011294259348179e-9	3.959984629206702e-5
563.0	2.2436640853230087e-8	1.7170262652755027e-9	3.849941090993023e-6	1.1335973934816425e-8	1.0111014108251685e-9	3.959984597482977e-5
564.0	2.2446508403412125e-8	1.717324006244268e-9	3.849941666849321e-6	1.1335367024359385e-8	1.0114262171118712e-9	3.959984670481313e-5
565.0	2.2462559087480768e-8	1.7197537097425367e-9	3.849941738769862e-6	1.1329466569593693e-8	1.0110068003941137e-9	3.9599846311030165e-5
566.0	2.244206053807668e-8	1.7185206949549907e-9	3.849941010778344e-6	1.1329603604726028e-8	1.0114821775294014e-9	3.9599846936257744e-5
567.0	2.2418092127368373e-8	1.7175715601064331e-9	3.849940637819011e-6	1.132548785333551e-8	1.0114924151068456e-9	3.9599846721931e-5
568.0	2.240746577593093e-8	1.7178810386437217e-9	3.8499416110856795e-6	1.1326915518954518e-8	1.0118740798770406e-9	3.9599846930838074e-5
569.0	2.2460069970241297e-8	1.7172939569315415e-9	3.849941212356015e-6	1.1326811342529985e-8	1.012366066437718e-9	3.9599847049298966e-5
570.0	2.2481103756448836e-8	1.7167322479030808e-9	3.849941040390912e-6	1.1330029621621637e-8	1.0122761740848017e-9	3.959984693185646e-5
571.0	2.2429598624661984e-8	1.7168561416777632e-9	3.849941915341606e-6	1.1332052225060492e-8	1.012626241774455e-9	3.959984730993245e-5
572.0	2.2400764707013882e-8	1.7186878214252345e-9	3.8499415330799065e-6	1.13347013939403e-8	1.0122189612011582e-9	3.959984718426341e-5
573.0	2.2401575261295186e-8	1.718728416905759e-9	3.849941134316182e-6	1.133591907814928e-8	1.0120092287235439e-9	3.9599847466412114e-5
574.0	2.2476723622211134e-8	1.7195948124594776e-9	3.8499407078220384e-6	1.1336751408596062e-8	1.011934763588309e-9	3.959984762323936e-5
575.0	2.2452541958871788e-8	1.718094278892919e-9	3.849941574320269e-6	1.1337460383288702e-8	1.0115876699719687e-9	3.959984763058317e-5
576.0	2.2409446347119385e-8	1.718583910177364e-9	3.849940779835862e-6	1.1334932514538234e-8	1.012010312544287e-9	3.959984777223438e-5
577.0	2.2421422388843856e-8	1.717037607204482e-9	3.849941389502964e-6	1.1336014702812708e-8	1.0115243983643215e-9	3.9599847394191836e-5
578.0	2.2448384661715638e-8	1.7189617469230395e-9	3.849941201153782e-6	1.1330411926001321e-8	1.0119064082236094e-9	3.9599847448629444e-5
579.0	2.2442840202198077e-8	1.7181649843240025e-9	3.849941491739646e-6	1.1332382431359232e-8	1.011618028476905e-9	3.9599847047225165e-5
580.0	2.2425025400120718e-8	1.7185612747738816e-9	3.849941437192714e-6	1.1328582944952265e-8	1.011444074851001e-9	3.959984720462429e-5
581.0	2.2422523627120624e-8	1.7212444474427667e-9	3.8499417053648e-6	1.1331118732859067e-8	1.0116267143130837e-9	3.9599847026417096e-5
582.0	2.2477237410123436e-8	1.7183005423564536e-9	3.849941319710615e-6	1.1330243089973468e-8	1.0112419474085057e-9	3.9599847354955474e-5
583.0	2.242071192832003e-8	1.7183533198090458e-9	3.8499403750935165e-6	1.133347736528616e-8	1.0117437088377482e-9	3.9599847480537446e-5
584.0	2.241090678534216e-8	1.7186605005959194e-9	3.849940730746335e-6	1.1333094361358405e-8	1.011248185051526e-9	3.959984776210136e-5
585.0	2.2449583021717814e-8	1.7181640859842685e-9	3.849941248037092e-6	1.1335857763271623e-8	1.0115478392028107e-9	3.959984790804221e-5
586.0	2.2485152345063615e-8	1.7190106605578916e-9	3.849941245320266e-6	1.1334351547643172e-8	1.0113544807146298e-9	3.959984814400878e-5
587.0	2.2453701473369664e-8	1.718521667860955e-9	3.849941785343261e-6	1.1335549012547814e-8	1.0112375586578143e-9	3.9599848225957875e-5
588.0	2.2405726123074652e-8	1.7207799372110448e-9	3.8499418731418085e-6	1.1334580733573604e-8	1.0116676559548089e-9	3.9599848558073666e-5
589.0	2.243727686255331e-8	1.7192132467410026e-9	3.849941044751146e-6	1.1331980683262596e-8	1.0115009052790217e-9	3.959984853535053e-5
590.0	2.251752037448251e-8	1.71960097349769e-9	3.849940018710182e-6	1.1332724582896555e-8	1.0120649269037335e-9	3.959984883586207e-5
591.0	2.2443760196062235e-8	1.7203434732653234e-9	3.849940599161759e-6	1.1328021271344171e-8	1.0116481674376985e-9	3.959984845583238e-5
592.0	2.2417411028451738e-8	1.7173840685512189e-9	3.84994134837701e-6	1.1330087595280975e-8	1.0117729678055359e-9	3.959984835105698e-5
593.0	2.2434637505692443e-8	1.7186518862378124e-9	3.849940502092559e-6	1.1328153722044484e-8	1.0113767621440295e-9	3.95998479108736e-5
594.0	2.2509104018764784e-8	1.7184583520338324e-9	3.8499413257505585e-6	1.1331606074188471e-8	1.011209540130268e-9	3.959984753204606e-5
595.0	2.24729569402399e-8	1.7189377892988806e-9	3.849941083825648e-6	1.1332811444838638e-8	1.0115364139454426e-9	3.9599847398501e-5
596.0	2.2416228409088793e-8	1.7206706817553074e-9	3.8499411496167106e-6	1.1336965676825372e-8	1.0113192806437662e-9	3.959984710952915e-5
597.0	2.242355168893772e-8	1.72002248508201e-9	3.8499409258021236e-6	1.1337393836579099e-8	1.011970133462858e-9	3.9599847105817124e-5
598.0	2.2471623781107413e-8	1.7205536588856593e-9	3.849940812645056e-6	1.1340721354078409e-8	1.0117302427860045e-9	3.959984696404471e-5
599.0	2.2466931399833316e-8	1.7205532919030973e-9	3.849940992933522e-6	1.1337984383542244e-8	1.0119031248642542e-9	3.959984686935598e-5
600.0	2.243001924775605e-8	1.7199998955780573e-9	3.849940423927115e-6	1.133825724630393e-8	1.0115870079690898e-9	3.959984686608447e-5
601.0	2.2456915292181084e-8	1.7201876339171258e-9	3.8499411963410656e-6	1.1335172312148185e-8	1.0113364445945964e-9	3.9599846692075086e-5
602.0	2.245104194217058e-8	1.7206594888567342e-9	3.849941150455426e-6	1.133084335105477e-8	1.0115006227822738e-9	3.9599846758552996e-5
603.0	2.2450543437578253e-8	1.7213898828543055e-9	3.849941583995653e-6	1.1329367598775667e-8	1.0112380812328271e-9	3.959984655848939e-5
604.0	2.2429372692564027e-8	1.7220039514625708e-9	3.849941643741743e-6	1.1324568649381965e-8	1.0118231348045535e-9	3.959984662016461e-5
605.0	2.2472662455689005e-8	1.7226048606157336e-9	3.849941437879922e-6	1.1326074395978379e-8	1.0117535431476112e-9	3.9599846548918406e-5
606.0	2.2495794444164237e-8	1.7209911888414335e-9	3.849941007642266e-6	1.1324754566147222e-8	1.011972710485622e-9	3.959984636933169e-5
607.0	2.2437750109337877e-8	1.7207750098180863e-9	3.849940877923182e-6	1.1328623300896181e-8	1.0119323414803345e-9	3.959984635030228e-5
608.0	2.242196146620768e-8	1.7214727942809811e-9	3.8499413981525225e-6	1.1330744097651737e-8	1.0117069407367508e-9	3.959984601657601e-5
609.0	2.2448249343083075e-8	1.7209984185077126e-9	3.8499414000837525e-6	1.1335915261897567e-8	1.011659877208633e-9	3.9599846106040975e-5
610.0	2.2504355989875308e-8	1.7215995868720175e-9	3.849941279145618e-6	1.133711272409083e-8	1.0113393322287677e-9	3.9599845884157666e-5
611.0	2.2477382648731923e-8	1.7219582535755345e-9	3.849941936929606e-6	1.1342321468273544e-8	1.0114693806742076e-9	3.959984601108496e-5
612.0	2.245451353972697e-8	1.7235229441304192e-9	3.849941438671807e-6	1.1340623939679963e-8	1.0114163023447841e-9	3.959984596962273e-5
613.0	2.2427631499808078e-8	1.7226424850967774e-9	3.84994120280046e-6	1.1342093346981526e-8	1.0115537648776308e-9	3.9599845961005956e-5
614.0	2.2464357723715915e-8	1.723291080866874e-9	3.8499403903572924e-6	1.1338863894824729e-8	1.0117863512353969e-9	3.959984607988852e-5
615.0	2.2473525298118812e-8	1.7232028171414391e-9	3.849941001864871e-6	1.1334864361081169e-8	1.0118853175920335e-9	3.959984609092007e-5
616.0	2.2501195247567504e-8	1.7212231565407054e-9	3.849940764907722e-6	1.1331531503550098e-8	1.0118970140573142e-9	3.9599846283496146e-5
617.0	2.248547534957467e-8	1.7226650280004888e-9	3.849941405646633e-6	1.1326587377032882e-8	1.011849417486766e-9	3.959984631467601e-5
618.0	2.2459768444066687e-8	1.7216757629129227e-9	3.849941465698679e-6	1.132555396723664e-8	1.011665427239566e-9	3.9599846416536155e-5
619.0	2.244235119877024e-8	1.7209268249783459e-9	3.8499409267825795e-6	1.1323760936693973e-8	1.0116526116810487e-9	3.959984660412453e-5
620.0	2.2478079263316828e-8	1.7230133678290754e-9	3.849940831781416e-6	1.1324923925801083e-8	1.0116681022705309e-9	3.959984666220595e-5
621.0	2.251994030312431e-8	1.7228699916793142e-9	3.849940572923805e-6	1.1327134784782674e-8	1.0118132734607425e-9	3.9599846959853215e-5
622.0	2.247534093874915e-8	1.723830564455711e-9	3.8499407601423725e-6	1.1331080622502342e-8	1.011939221494093e-9	3.9599847045073586e-5
623.0	2.2454143807283292e-8	1.7228844718627673e-9	3.849941298794227e-6	1.1333932531799912e-8	1.012021131188786e-9	3.95998472922675e-5
624.0	2.2460222635867996e-8	1.7233653387482374e-9	3.849942102233833e-6	1.133933737279451e-8	1.0119820543799223e-9	3.9599847508675847e-5
625.0	2.2484050458156214e-8	1.7232519653695797e-9	3.849941531689283e-6	1.1339148653346167e-8	1.0119128743543634e-9	3.95998476885635e-5
626.0	2.249970424896157e-8	1.7221332382296936e-9	3.8499401894682154e-6	1.1341410801277846e-8	1.0119042756959272e-9	3.959984789957515e-5
627.0	2.2454294514074306e-8	1.7238321186168802e-9	3.849940913300096e-6	1.1339206859202355e-8	1.0118589650023993e-9	3.9599847858715966e-5
628.0	2.2490439861609467e-8	1.7235321715635696e-9	3.849941407448696e-6	1.1337145088278062e-8	1.011744687407505e-9	3.959984778666258e-5
629.0	2.2483817880522955e-8	1.7231463652906475e-9	3.8499412602577855e-6	1.1333812180631633e-8	1.0118107484432658e-9	3.9599847727232444e-5
630.0	2.2465624677879922e-8	1.7256675850380941e-9	3.8499415088518335e-6	1.1330449638219193e-8	1.0114203134974904e-9	3.9599847413362577e-5
631.0	2.2452433476367786e-8	1.7248711306484738e-9	3.849941359643663e-6	1.1328738454090031e-8	1.0113629793836726e-9	3.959984747485342e-5
632.0	2.2477455058255984e-8	1.7255741734001466e-9	3.849940671122083e-6	1.1327203903337697e-8	1.01112415601459e-9	3.9599847141819704e-5
633.0	2.2513554014374724e-8	1.7252249511716996e-9	3.849940205674264e-6	1.1326978201690225e-8	1.0112424782107283e-9	3.959984760763968e-5
634.0	2.2499536795935474e-8	1.7251859838361905e-9	3.849941174324785e-6	1.1329006165944521e-8	1.0111957931572078e-9	3.959984728033585e-5
635.0	2.244274095633508e-8	1.7242438532821617e-9	3.849942031819171e-6	1.1330620780347567e-8	1.011319257087967e-9	3.9599848034170466e-5
636.0	2.2460422181518942e-8	1.7240664548931072e-9	3.849941159737928e-6	1.133416421628256e-8	1.0113294624851634e-9	3.959984771569592e-5
637.0	2.2493779180446832e-8	1.7240220422480058e-9	3.849940786642083e-6	1.1335798633881416e-8	1.0111711105028403e-9	3.9599848492438445e-5
638.0	2.250832436964815e-8	1.7246830626503662e-9	3.849940670793646e-6	1.1338189759086474e-8	1.0112026102453552e-9	3.9599848091698375e-5
639.0	2.247961033479714e-8	1.7255577650963802e-9	3.849940866456791e-6	1.1337269186479194e-8	1.011019311271982e-9	3.9599848430637776e-5
640.0	2.2452738017169717e-8	1.7257330785126778e-9	3.849941023824794e-6	1.1337713190513767e-8	1.0113311581016824e-9	3.959984795543482e-5
641.0	2.247358275623166e-8	1.727046076985622e-9	3.849941904420291e-6	1.1335021170156879e-8	1.0115081820086347e-9	3.9599847648698924e-5
642.0	2.2488694624004628e-8	1.7243128980612405e-9	3.849941288316716e-6	1.1334229913567418e-8	1.0119986932535478e-9	3.959984739659972e-5
643.0	2.2482001218952567e-8	1.7242475814597617e-9	3.849940731853492e-6	1.1331357849557002e-8	1.012387598487731e-9	3.959984678745819e-5
644.0	2.2481188760063824e-8	1.7261740541089017e-9	3.849940731704692e-6	1.1331295257034408e-8	1.0124727597109626e-9	3.959984697868157e-5
645.0	2.2494457089442867e-8	1.7251474051305e-9	3.849940649603064e-6	1.1329681255553219e-8	1.012745632115616e-9	3.9599846422987795e-5
646.0	2.2475756191454024e-8	1.7255856558784474e-9	3.8499411311537776e-6	1.133097639156254e-8	1.0124422113106038e-9	3.959984696772088e-5
647.0	2.246212719208476e-8	1.7263704103606432e-9	3.849941437641665e-6	1.1331134569800665e-8	1.0126616829130277e-9	3.959984659940078e-5
648.0	2.24653421813492e-8	1.7262021848916908e-9	3.849941467611422e-6	1.1332970921642278e-8	1.0123217054700966e-9	3.95998472822159e-5
649.0	2.251080727541903e-8	1.7257483673455273e-9	3.849940823478045e-6	1.1334641554919211e-8	1.0124863136909192e-9	3.959984691180781e-5
650.0	2.2511283700924234e-8	1.7255461777468945e-9	3.8499412384951755e-6	1.1335032053116568e-8	1.012279694991365e-9	3.959984733438099e-5
651.0	2.2486027425798042e-8	1.7262762603486784e-9	3.849941234481442e-6	1.1337248373063645e-8	1.0120655167310779e-9	3.959984693432042e-5
652.0	2.2447203924357137e-8	1.7244375118861635e-9	3.849940950916853e-6	1.1334455178876337e-8	1.0122661654894844e-9	3.9599846935543864e-5
653.0	2.2488688629953124e-8	1.7249290544960048e-9	3.849940556989253e-6	1.133554855533923e-8	1.011836208494078e-9	3.9599846486228326e-5
654.0	2.2514006272773674e-8	1.7262712926884386e-9	3.849941324926874e-6	1.1330763513589244e-8	1.0121985440851824e-9	3.9599846390902845e-5
655.0	2.2514964597988835e-8	1.7252629625876888e-9	3.849941139812617e-6	1.133171980701679e-8	1.0118522960858457e-9	3.9599846120835985e-5
656.0	2.247850985673421e-8	1.7261620453979966e-9	3.849940933564105e-6	1.1327525850933742e-8	1.0119016931015936e-9	3.959984596792565e-5
657.0	2.2472176969767255e-8	1.7263172414521948e-9	3.84994149603192e-6	1.1329536956452862e-8	1.011452590690064e-9	3.959984595806379e-5
658.0	2.2491329216550592e-8	1.7257937722430952e-9	3.84994139210081e-6	1.1327893966539123e-8	1.0110395954136706e-9	3.9599845797065094e-5
659.0	2.25015330360354e-8	1.72764193843574e-9	3.8499404029135775e-6	1.133181069374863e-8	1.0108858893287594e-9	3.959984594346642e-5
660.0	2.2493812237890893e-8	1.7278600581654508e-9	3.849940741011033e-6	1.1331922269865246e-8	1.0103848444623321e-9	3.959984585889816e-5
661.0	2.248377631803746e-8	1.7267481414981228e-9	3.849941097291309e-6	1.1336633010736e-8	1.010896013291467e-9	3.959984597190305e-5
662.0	2.2492854610073993e-8	1.7270718293385316e-9	3.849940504878487e-6	1.1337514309978976e-8	1.0107224292151742e-9	3.9599845844990896e-5
663.0	2.2476728406462454e-8	1.7252664517449926e-9	3.849940903538653e-6	1.134028731201457e-8	1.0112638813599956e-9	3.959984577569346e-5
664.0	2.2482562612745417e-8	1.7252971306758397e-9	3.849941639937845e-6	1.134047525732039e-8	1.0113711674087707e-9	3.9599845715231114e-5
665.0	2.250707473560874e-8	1.725455702953213e-9	3.849941481367105e-6	1.1339438177984041e-8	1.0115307498658186e-9	3.959984558365945e-5
666.0	2.2514247722873433e-8	1.7270394196407517e-9	3.84994123100061e-6	1.1338411635156485e-8	1.0120281974740139e-9	3.959984589425097e-5
667.0	2.2478927457666905e-8	1.7273142280838437e-9	3.849941190882939e-6	1.1333852827578534e-8	1.0118954472759615e-9	3.959984582027832e-5
668.0	2.2486844315557143e-8	1.72826995282344e-9	3.8499406224433925e-6	1.133213830692127e-8	1.0124199320511776e-9	3.959984636920197e-5
669.0	2.2483350207299203e-8	1.7296732917776033e-9	3.849940499545306e-6	1.1327145060392893e-8	1.0121922747210634e-9	3.959984627381765e-5
670.0	2.253178231481907e-8	1.7284753218366582e-9	3.849941341775966e-6	1.1326694733957245e-8	1.012544654833346e-9	3.959984681791762e-5
671.0	2.2499256494441693e-8	1.7289301052791343e-9	3.84994185469604e-6	1.13241069783498e-8	1.012600111417986e-9	3.9599846681069546e-5
672.0	2.2488711412066207e-8	1.7276168605937856e-9	3.8499417333542e-6	1.1327052357384002e-8	1.0127752013346177e-9	3.95998470614629e-5
673.0	2.2489094065069707e-8	1.7272600080418384e-9	3.849941422279352e-6	1.1327145003682205e-8	1.0130761568617519e-9	3.959984699706961e-5
674.0	2.2517031700962098e-8	1.7265657417428632e-9	3.849940929206707e-6	1.1331945061383274e-8	1.0128062376185482e-9	3.9599847216702885e-5
675.0	2.252209765180019e-8	1.7275851400560976e-9	3.849940528546355e-6	1.1333599929439296e-8	1.013070946489061e-9	3.959984721933729e-5
676.0	2.2492164605228208e-8	1.7285757504008589e-9	3.849940953587604e-6	1.1337686517749315e-8	1.0124990841508918e-9	3.95998471971336e-5
677.0	2.2475266981470503e-8	1.728433821749887e-9	3.849941532660377e-6	1.1339517354849816e-8	1.0125733762138272e-9	3.9599847122168086e-5
678.0	2.2499085284132096e-8	1.7289718860522336e-9	3.849941471072619e-6	1.1340794818330461e-8	1.0121392303503363e-9	3.959984701179892e-5
679.0	2.2518757650480593e-8	1.7298125664581323e-9	3.849941290683882e-6	1.134060166084866e-8	1.0118455357124145e-9	3.959984694693161e-5
680.0	2.2507603313696102e-8	1.7293682832228607e-9	3.849940654490946e-6	1.133844968272263e-8	1.0117065305057989e-9	3.95998468206844e-5
681.0	2.248680202999736e-8	1.7268609455976512e-9	3.849941055206446e-6	1.1335586952180011e-8	1.0113664243960979e-9	3.9599847104502746e-5
682.0	2.248382004234935e-8	1.7288394419306323e-9	3.849940958685931e-6	1.1333086336679796e-8	1.0114619463685588e-9	3.959984691239498e-5
683.0	2.251824632226949e-8	1.7277928955921892e-9	3.849941523052429e-6	1.1329417447537189e-8	1.0113523737237316e-9	3.959984764662254e-5
684.0	2.2503990630811976e-8	1.7278192465580904e-9	3.849941474373989e-6	1.1328191359013113e-8	1.0114108184348865e-9	3.959984727230156e-5
685.0	2.2511720105207454e-8	1.7306965640293674e-9	3.849941302213256e-6	1.1325843590986318e-8	1.011295583561307e-9	3.9599848030548654e-5
686.0	2.2494116512371593e-8	1.7309555248563194e-9	3.8499410072561025e-6	1.1325842807899483e-8	1.0110571907975083e-9	3.9599847534935786e-5
687.0	2.249982520095994e-8	1.730549134204839e-9	3.849941476887593e-6	1.1326592046428268e-8	1.0111529244381422e-9	3.959984798907718e-5
688.0	2.2507275854621237e-8	1.731614179690314e-9	3.849941290535557e-6	1.1328498463541727e-8	1.0110227196631766e-9	3.959984755273008e-5
689.0	2.2495284913520893e-8	1.7306717654795752e-9	3.84994143934577e-6	1.133100564114182e-8	1.0112463319085679e-9	3.959984762539909e-5
690.0	2.251215443982153e-8	1.729043115397851e-9	3.849941695608345e-6	1.1335185479264746e-8	1.0115209215628763e-9	3.959984747556935e-5
691.0	2.251703002352133e-8	1.728894738842123e-9	3.8499417943631975e-6	1.1336478368504233e-8	1.011665697036766e-9	3.9599847114673355e-5
692.0	2.249699371399919e-8	1.7303053972661377e-9	3.84994118996862e-6	1.1340772908602415e-8	1.0120261759808156e-9	3.9599847359141456e-5
693.0	2.2474544550017987e-8	1.7293433454150104e-9	3.849941450244633e-6	1.1339491399930471e-8	1.0119682589877537e-9	3.95998466423593e-5
694.0	2.250717277981935e-8	1.7305156940929374e-9	3.849941279218876e-6	1.134004329720645e-8	1.0122548338362742e-9	3.9599847096405856e-5
695.0	2.2516873715186014e-8	1.7327324166101376e-9	3.849941259724464e-6	1.133827340853374e-8	1.012347611619934e-9	3.9599846414364634e-5
696.0	2.252313783285132e-8	1.7302199462661678e-9	3.849941448765983e-6	1.1334450534688076e-8	1.0126016338591014e-9	3.959984679759102e-5
697.0	2.2490469946923604e-8	1.7314330693890714e-9	3.849941248764232e-6	1.1333404836823086e-8	1.0130326436275436e-9	3.959984636208687e-5
698.0	2.24889282764171e-8	1.7325885017217399e-9	3.8499415042699434e-6	1.132818192292629e-8	1.0129791965306444e-9	3.959984636694548e-5
699.0	2.2535524826888162e-8	1.7311638378604016e-9	3.849941402505428e-6	1.1327361350607025e-8	1.0135626095324558e-9	3.959984620348524e-5
700.0	2.2502437617675833e-8	1.730794737292789e-9	3.84994125999363e-6	1.1323920296614398e-8	1.013194916020163e-9	3.959984591552238e-5
701.0	2.2522943519397024e-8	1.7327659110793625e-9	3.849941103535864e-6	1.1324307975378777e-8	1.0135311868899689e-9	3.9599846033880856e-5
702.0	2.250704487356069e-8	1.7318583825052936e-9	3.849941191076354e-6	1.1323712869182462e-8	1.0131834496523452e-9	3.959984544520994e-5
703.0	2.2512248132600288e-8	1.7305872192262953e-9	3.849941189497436e-6	1.1327653249894032e-8	1.0132387483932642e-9	3.959984576340127e-5
704.0	2.25129052058004e-8	1.7321729181030894e-9	3.849941118779329e-6	1.1327678133501566e-8	1.0131912482813636e-9	3.959984514413318e-5
705.0	2.249221662605009e-8	1.732359583818512e-9	3.849941139406715e-6	1.1333842088936473e-8	1.0128857719690908e-9	3.959984562038544e-5
706.0	2.2529885309436588e-8	1.7303286089047496e-9	3.849942045460693e-6	1.1333253805506633e-8	1.012985317881737e-9	3.959984511657518e-5
707.0	2.2527526075542643e-8	1.733753450235869e-9	3.849941352729605e-6	1.1338240261563712e-8	1.0124270195146929e-9	3.959984585415937e-5
708.0	2.2498084489957805e-8	1.733099533541819e-9	3.849941022365157e-6	1.1337801937596464e-8	1.0123704143930661e-9	3.9599845521646816e-5
709.0	2.2498823127461615e-8	1.732671901494202e-9	3.849941191666273e-6	1.133805908155776e-8	1.0117359195713311e-9	3.959984616698949e-5
710.0	2.251400801843567e-8	1.7334261235873983e-9	3.849941496511564e-6	1.1337901002743006e-8	1.0115742457164716e-9	3.9599845829836264e-5
711.0	2.252894336183141e-8	1.7331581771088737e-9	3.849940877158011e-6	1.1334895492401347e-8	1.011349223696226e-9	3.9599846105668504e-5
712.0	2.2504232191517973e-8	1.7334625947930181e-9	3.849941614033022e-6	1.1334034443049007e-8	1.0110612114599643e-9	3.9599845821780615e-5
713.0	2.2493825944049e-8	1.7326310478395363e-9	3.849941969625699e-6	1.1330795157259874e-8	1.011285446136051e-9	3.959984573937836e-5
714.0	2.2542692753631994e-8	1.7328631318876156e-9	3.849941228615741e-6	1.1330313578539678e-8	1.010847403859676e-9	3.9599845624532086e-5
715.0	2.2520518856254974e-8	1.7330448367037908e-9	3.84994098783603e-6	1.132808397975478e-8	1.011281088250797e-9	3.959984542409891e-5
716.0	2.250778456049056e-8	1.7345115187174842e-9	3.849941590058364e-6	1.1329967826789593e-8	1.0107513812605412e-9	3.959984572796871e-5
717.0	2.2494831377576953e-8	1.7352381018300675e-9	3.849941362076175e-6	1.1328748627188e-8	1.011254047305204e-9	3.959984551488799e-5
718.0	2.2550385654677777e-8	1.7335811328631885e-9	3.849941646361937e-6	1.133294739686161e-8	1.011172943888782e-9	3.9599846201714146e-5
719.0	2.2542252218770993e-8	1.733712156294924e-9	3.849941659519147e-6	1.1331295826696479e-8	1.0115319993460343e-9	3.959984602242294e-5
720.0	2.2502103124964347e-8	1.7337320377109954e-9	3.849940992678489e-6	1.1335444664744105e-8	1.0118557698883958e-9	3.95998468668105e-5
721.0	2.248731464376002e-8	1.7325345448342904e-9	3.8499410990116165e-6	1.1333889736470119e-8	1.0119386255855166e-9	3.9599846636949395e-5
722.0	2.2542764460277743e-8	1.7338986266384677e-9	3.8499414715157765e-6	1.1335810548231807e-8	1.0122768327349735e-9	3.959984711517559e-5
723.0	2.2541678512794336e-8	1.7340571926088927e-9	3.849941670335782e-6	1.1334411138292665e-8	1.012275729668943e-9	3.959984687282982e-5
724.0	2.251826306195434e-8	1.7343996948195879e-9	3.849941643894654e-6	1.1334080231574725e-8	1.0127255470037596e-9	3.959984703979232e-5
725.0	2.2514237240990682e-8	1.7342658837218895e-9	3.8499414287409295e-6	1.1332232075129152e-8	1.0130596677495701e-9	3.959984705966846e-5
726.0	2.252325306686174e-8	1.7353353753425652e-9	3.849941052459545e-6	1.133127355018079e-8	1.0134171359112447e-9	3.9599847031734735e-5
727.0	2.2543436184581286e-8	1.7348360198628667e-9	3.849940927496517e-6	1.1329861860327836e-8	1.0136378499837808e-9	3.959984701797593e-5
728.0	2.2511617724373312e-8	1.7340386526585756e-9	3.849941125190343e-6	1.1330001415234227e-8	1.0135442597281206e-9	3.9599846964143396e-5
729.0	2.2535041593921797e-8	1.7348696917473619e-9	3.849941800159728e-6	1.1330022247380709e-8	1.0133106631064716e-9	3.959984683523524e-5
730.0	2.2551597434683517e-8	1.7344144767231107e-9	3.8499414102100085e-6	1.1330894622558066e-8	1.0130089205140927e-9	3.9599846987437785e-5
731.0	2.2529236157523937e-8	1.735265600509229e-9	3.849941206899382e-6	1.1331641545398572e-8	1.012966938458599e-9	3.959984682583987e-5
732.0	2.2502068351224614e-8	1.7356077502153235e-9	3.849941636172719e-6	1.1332215488193159e-8	1.0126413028762506e-9	3.959984722407763e-5
733.0	2.2546842203090078e-8	1.7360813993936089e-9	3.849941220012366e-6	1.1333105301670665e-8	1.0127381411728033e-9	3.959984713386837e-5
734.0	2.2555616686891502e-8	1.7368052059211543e-9	3.849941041766081e-6	1.1333435170717399e-8	1.012232941654169e-9	3.9599847460001213e-5
735.0	2.255778680273123e-8	1.7372493141075014e-9	3.849941338935889e-6	1.1333283231086707e-8	1.011990858346102e-9	3.959984733078357e-5
736.0	2.250264328045733e-8	1.7350521833550013e-9	3.8499411805852964e-6	1.1333140109878971e-8	1.0114954294214835e-9	3.9599847411365164e-5
737.0	2.2520758555562497e-8	1.736476585809742e-9	3.849941003828593e-6	1.1332781036118856e-8	1.01135810615698e-9	3.9599847228598616e-5
738.0	2.256418733781911e-8	1.7357933847091603e-9	3.849941668108848e-6	1.133154882086414e-8	1.0113365348837471e-9	3.959984715347256e-5
739.0	2.2565425702033613e-8	1.7347283324855877e-9	3.849941896443088e-6	1.1331753342452303e-8	1.011314282631209e-9	3.959984709035445e-5
740.0	2.2543698713830895e-8	1.7362234809392731e-9	3.849941509999116e-6	1.1331171229485668e-8	1.0115644202971587e-9	3.959984699396671e-5
741.0	2.254525129230583e-8	1.7358653908968289e-9	3.849940752120977e-6	1.1332657058868817e-8	1.0113179255016403e-9	3.959984718459803e-5
742.0	2.2517524081924597e-8	1.735796211911247e-9	3.849940950717249e-6	1.1332418478022123e-8	1.01140166009957e-9	3.959984713588787e-5
743.0	2.256609592057444e-8	1.737215451665927e-9	3.849941263656006e-6	1.1335048896562865e-8	1.0110676807969485e-9	3.959984758478913e-5
744.0	2.2546478326896946e-8	1.7366218510966617e-9	3.8499411090408026e-6	1.1334362226574423e-8	1.0111887366896342e-9	3.9599847448112266e-5
745.0	2.2562123825278365e-8	1.737424401829287e-9	3.849941996323043e-6	1.1336500969134206e-8	1.0114660792508965e-9	3.959984791042023e-5
746.0	2.2546242297543924e-8	1.7370911030476007e-9	3.849942164320941e-6	1.1334145423360782e-8	1.0114759952766017e-9	3.9599847483946333e-5
747.0	2.2509237725485416e-8	1.7367852781304591e-9	3.8499412477003865e-6	1.1335313129929531e-8	1.0121927448055116e-9	3.959984769627037e-5
748.0	2.2541697523732327e-8	1.7364254246291885e-9	3.8499411559518e-6	1.1332387003927256e-8	1.0121285056887598e-9	3.9599847024298335e-5
749.0	2.25547112106256e-8	1.737240453317275e-9	3.8499410700112176e-6	1.1332740169686087e-8	1.0126997395103142e-9	3.9599847227971845e-5
750.0	2.2563892800895928e-8	1.7370896814912996e-9	3.849940297299702e-6	1.13299171600516e-8	1.0124463875472685e-9	3.95998465620751e-5
751.0	2.2545607008805873e-8	1.737450538542007e-9	3.849941176379598e-6	1.1329768451605729e-8	1.0127656060414528e-9	3.959984675729393e-5
752.0	2.2522541470966904e-8	1.7371474776097664e-9	3.849942223890044e-6	1.13278815854362e-8	1.012576131169822e-9	3.959984617695036e-5
753.0	2.2550482471451714e-8	1.7381536456205228e-9	3.849941794039356e-6	1.1328508778601593e-8	1.0124598963036076e-9	3.959984612926307e-5
754.0	2.2553835213348536e-8	1.7374107166453866e-9	3.84994173554055e-6	1.132947380120066e-8	1.012743910054575e-9	3.959984593357521e-5
755.0	2.257787942425116e-8	1.7390627944720221e-9	3.849941120344772e-6	1.1330832245851004e-8	1.0123600707152557e-9	3.9599845843039e-5
756.0	2.2550509788260114e-8	1.7382827400583263e-9	3.849940163233465e-6	1.1334275760012052e-8	1.0127472380325817e-9	3.959984595535991e-5
757.0	2.2534792906485792e-8	1.7364355485096539e-9	3.84994023243529e-6	1.1334587546087476e-8	1.0122789329701623e-9	3.95998459324884e-5
758.0	2.254321365575144e-8	1.7379846941123816e-9	3.84994154600095e-6	1.133711173976089e-8	1.012279323717577e-9	3.959984597467638e-5
759.0	2.2561203338836083e-8	1.7366183882643342e-9	3.849942383558027e-6	1.1336171227156847e-8	1.012248338337971e-9	3.959984602984033e-5
760.0	2.258520142942327e-8	1.7382851013211482e-9	3.849942230231947e-6	1.1337168575428823e-8	1.0119264698708316e-9	3.95998456766493e-5
761.0	2.2556635496822292e-8	1.7385725214102952e-9	3.849941614284076e-6	1.1335042557583084e-8	1.0123425988238057e-9	3.959984568665688e-5
762.0	2.2563237697304483e-8	1.7380163782881857e-9	3.84994096418406e-6	1.133461106604787e-8	1.0119832924892014e-9	3.95998453883924e-5
763.0	2.2526046742952282e-8	1.7392638735042174e-9	3.849940721200015e-6	1.1330822204620613e-8	1.0123379461921568e-9	3.9599845390928504e-5
764.0	2.2577839374764666e-8	1.7388193764075258e-9	3.849941194273837e-6	1.1330791830053299e-8	1.0118672698939947e-9	3.9599845363364595e-5
765.0	2.257797050583302e-8	1.738145463562155e-9	3.849941493649415e-6	1.1327373698849942e-8	1.0119753920639612e-9	3.959984553268421e-5
766.0	2.258548341095417e-8	1.7383359976307307e-9	3.849942079824889e-6	1.132894590221847e-8	1.0118730086332273e-9	3.9599845920678914e-5
767.0	2.2557661931931748e-8	1.7392798214251665e-9	3.84994135884728e-6	1.1328120804876909e-8	1.0117367863797312e-9	3.959984602101972e-5
768.0	2.2543368726180034e-8	1.738911444995944e-9	3.849941460853665e-6	1.1330415055329439e-8	1.0121396298657928e-9	3.959984648801627e-5
769.0	2.2567623101565434e-8	1.7408114695451262e-9	3.849941093476494e-6	1.1331893616718142e-8	1.011898684042119e-9	3.9599846365442417e-5
770.0	2.2587245858946718e-8	1.7401952690191897e-9	3.849941085355517e-6	1.133360786238835e-8	1.0123939772597138e-9	3.9599846598519084e-5
771.0	2.255976784561368e-8	1.7397352306449915e-9	3.849940925212989e-6	1.133463969537742e-8	1.0122678701195932e-9	3.9599846392393026e-5
772.0	2.2562522942736683e-8	1.7391648296974378e-9	3.8499411150099886e-6	1.1336458217306609e-8	1.012427557785245e-9	3.959984646650893e-5
773.0	2.255644452682071e-8	1.7388324783524326e-9	3.84994123937365e-6	1.13351545812987e-8	1.012757795940478e-9	3.959984649959716e-5
774.0	2.2573455582668074e-8	1.7385793358009609e-9	3.849941358014327e-6	1.133746782372378e-8	1.0126064183043849e-9	3.95998466281667e-5
775.0	2.2557184239724403e-8	1.7395346330930757e-9	3.849941849556966e-6	1.1333718151785052e-8	1.0128475725065527e-9	3.959984664966821e-5
776.0	2.2555046334364e-8	1.7404085372345093e-9	3.849941071024534e-6	1.133420180297324e-8	1.0125974564924058e-9	3.9599846856061484e-5
777.0	2.2561661358720294e-8	1.7407274952559493e-9	3.849940934537349e-6	1.1331389335315461e-8	1.0126889289336349e-9	3.959984662829171e-5
778.0	2.2565471999073087e-8	1.7402086668113058e-9	3.8499411446780375e-6	1.1330295871432186e-8	1.012620179780363e-9	3.959984716513102e-5
779.0	2.2550551703507397e-8	1.7395752060672422e-9	3.849941602797916e-6	1.132944723385175e-8	1.012612099115156e-9	3.959984675527361e-5
780.0	2.2555696468065198e-8	1.739664187640742e-9	3.849941407465956e-6	1.1329763375180833e-8	1.0127618557477698e-9	3.959984753636277e-5
781.0	2.257602785842657e-8	1.7403684880509122e-9	3.849941304133504e-6	1.1329049694875038e-8	1.0124624091596821e-9	3.959984707684792e-5
782.0	2.2564394396795783e-8	1.7400570277194673e-9	3.849941573803088e-6	1.1331724218248216e-8	1.012597795430315e-9	3.959984773695083e-5
783.0	2.255142030781417e-8	1.7405892262531113e-9	3.849941296189257e-6	1.1330743669186088e-8	1.0123746295371393e-9	3.959984752616747e-5
784.0	2.2557289418720812e-8	1.7413675256972876e-9	3.849940969854099e-6	1.1333201263885123e-8	1.0121919470207084e-9	3.9599847752641624e-5
785.0	2.258817147460836e-8	1.7419753956831228e-9	3.8499410830372434e-6	1.1334113444892103e-8	1.012408935971714e-9	3.959984792349843e-5
786.0	2.256397472016562e-8	1.7418585536446343e-9	3.8499410003072195e-6	1.1333084063744938e-8	1.0117781139656044e-9	3.9599847529069195e-5
787.0	2.2532107743265033e-8	1.7419760788652882e-9	3.849941133841384e-6	1.1336466283200001e-8	1.0121416627860592e-9	3.959984799558536e-5
788.0	2.2550852659589883e-8	1.7416206892479514e-9	3.849941362132566e-6	1.1332838119683692e-8	1.0115611215900223e-9	3.9599847259189454e-5
789.0	2.2590732966732296e-8	1.7408557107226629e-9	3.84994149693905e-6	1.133615026688568e-8	1.0115998050856543e-9	3.959984773620212e-5
790.0	2.2588042112592335e-8	1.7440757437624915e-9	3.849942095169175e-6	1.1332444664784727e-8	1.01164956821724e-9	3.959984712819012e-5
791.0	2.2539721066762097e-8	1.7423348347886066e-9	3.849941090616698e-6	1.133551141404603e-8	1.0114388950565652e-9	3.959984734694981e-5
792.0	2.254851227142878e-8	1.7417714674440826e-9	3.8499401979346214e-6	1.1332183608379053e-8	1.0120505058621202e-9	3.959984718061877e-5
793.0	2.2578517879830346e-8	1.7426679346436919e-9	3.849940887039717e-6	1.1336378296899217e-8	1.0117140556449608e-9	3.959984708276807e-5
794.0	2.259071083322668e-8	1.7410739263529057e-9	3.849942516734707e-6	1.1331609849655697e-8	1.0122954952539294e-9	3.959984718110037e-5
795.0	2.2553285557781577e-8	1.7416143410581208e-9	3.849941634238785e-6	1.1335953725434315e-8	1.011990478446531e-9	3.9599846918304955e-5
796.0	2.2569803809362904e-8	1.7412410731441541e-9	3.84994177459769e-6	1.1330721962133556e-8	1.0120463248238805e-9	3.9599847037286616e-5
797.0	2.2560479801745065e-8	1.743831908606857e-9	3.84994201927452e-6	1.1334138104835365e-8	1.0121290343017312e-9	3.9599846789868136e-5
798.0	2.2581333456882692e-8	1.7440015320405385e-9	3.849940499090377e-6	1.1330349581412264e-8	1.011887274928476e-9	3.9599846704373956e-5
799.0	2.2543709887130226e-8	1.7440585312274729e-9	3.8499406033273335e-6	1.133186235832551e-8	1.0125388281153127e-9	3.959984663928221e-5
800.0	2.2570604661064975e-8	1.7441616296122365e-9	3.849941856433549e-6	1.1330632160222925e-8	1.0122467767917353e-9	3.9599846479000485e-5
