turn	ele_ex	ele_ey	ele_ez	pro_ex	pro_ey	pro_ez
0.0	2.0428842304874772e-8	1.6115669894774362e-9	3.849936673285857e-6	1.1281162183209662e-8	1.0034722142894757e-9	3.959845975238462e-5
1.0	2.1034289072264094e-8	1.6261377309549465e-9	3.849936174572772e-6	1.1285146445992036e-8	1.0062257854774076e-9	3.9598459955646733e-5
2.0	2.1126702904294574e-8	1.624042581245249e-9	3.849937789563498e-6	1.1298372764946322e-8	1.0058512316162978e-9	3.9598459782580135e-5
3.0	2.0967274642975222e-8	1.6339420389913548e-9	3.849937138289634e-6	1.1321312507939693e-8	1.0087820239952352e-9	3.959845929873794e-5
4.0	2.0811726582105827e-8	1.6449589712504465e-9	3.849937105590057e-6	1.1333457576379189e-8	1.0090652489152257e-9	3.959845975653569e-5
5.0	2.149605553218235e-8	1.6374027929319681e-9	3.849936929363916e-6	1.1345330296075749e-8	1.009321580722868e-9	3.95984591738859e-5
6.0	2.206097219173279e-8	1.6445048169389526e-9	3.849937317596011e-6	1.135841588949304e-8	1.010906696142787e-9	3.959845948676521e-5
7.0	2.1626924838233206e-8	1.6387186238501948e-9	3.849937158098004e-6	1.1365001596140116e-8	1.0099473035894452e-9	3.959845912912964e-5
8.0	2.145282238947096e-8	1.6400984511275856e-9	3.849937088837387e-6	1.136016716282589e-8	1.0118772327892535e-9	3.9598459507854336e-5
9.0	2.1887706955482165e-8	1.6492229556158846e-9	3.849937320815614e-6	1.135402877271071e-8	1.0111119376101464e-9	3.959845983934608e-5
10.0	2.2585886834180706e-8	1.6443188466801985e-9	3.849937041913778e-6	1.133661216490929e-8	1.0128449437673007e-9	3.959845925667005e-5
11.0	2.2374990670262714e-8	1.6496684059931068e-9	3.84993715280803e-6	1.1317141542999944e-8	1.012744349431131e-9	3.959845988052762e-5
12.0	2.1900873461117098e-8	1.6521521205377616e-9	3.849937195554172e-6	1.1305969226542408e-8	1.0132824765973974e-9	3.9598459024695827e-5
13.0	2.2043963595411348e-8	1.648862733868753e-9	3.849937900058561e-6	1.1296755084771463e-8	1.0136479868967288e-9	3.959845960227526e-5
14.0	2.2454336611431105e-8	1.653710211470356e-9	3.849937269017005e-6	1.1290879814573413e-8	1.0132139275950673e-9	3.959845910940771e-5
15.0	2.2467503253351704e-8	1.6520705718235754e-9	3.849936698768678e-6	1.1291549093756976e-8	1.0135963034250873e-9	3.9598459078650795e-5
16.0	2.2242461531870106e-8	1.6477998213802948e-9	3.849936814094814e-6	1.1301267495591866e-8	1.0122154746617216e-9	3.959845925771293e-5
17.0	2.2191056092178097e-8	1.6482232533857606e-9	3.8499370389978566e-6	1.131098697772337e-8	1.0122698531741147e-9	3.9598458465286035e-5
18.0	2.2247755802267908e-8	1.6489942505984906e-9	3.849937158942253e-6	1.1324365442346137e-8	1.0105682779133878e-9	3.959845934923742e-5
19.0	2.224856729161679e-8	1.6498565954131856e-9	3.8499374172482474e-6	1.1334431579031418e-8	1.0101739199938236e-9	3.959845831802739e-5
20.0	2.2296601318552888e-8	1.6503650547066267e-9	3.849937647672274e-6	1.1344599337038345e-8	1.0092016021681606e-9	3.959845946872078e-5
21.0	2.2351213368058465e-8	1.6510670808238998e-9	3.849936623405365e-6	1.1345456351104255e-8	1.0089452117434156e-9	3.959845860798562e-5
22.0	2.228519477700471e-8	1.6512463313529e-9	3.84993672754598e-6	1.1350383289085796e-8	1.008414506527199e-9	3.9598459603846046e-5
23.0	2.2209624982273008e-8	1.6506064229483814e-9	3.849936713300651e-6	1.134214523543151e-8	1.0081614855851638e-9	3.9598459165736225e-5
24.0	2.2214409988678655e-8	1.652260119640008e-9	3.849937488913732e-6	1.1336453084233594e-8	1.008134617943034e-9	3.9598459440383886e-5
25.0	2.2366219281636966e-8	1.651310478884532e-9	3.849936872703507e-6	1.1327243083835108e-8	1.0079839733917807e-9	3.9598459591413174e-5
26.0	2.2354375879904867e-8	1.6501610307136057e-9	3.849937242655472e-6	1.1319930668789773e-8	1.008385514252994e-9	3.959845929147423e-5
27.0	2.2295754367182633e-8	1.6519724776083697e-9	3.8499371331066915e-6	1.1315123316813154e-8	1.0082398899231822e-9	3.959845990490963e-5
28.0	2.226628674393507e-8	1.6510532204178564e-9	3.849936935850569e-6	1.1313394661563347e-8	1.008954372697856e-9	3.959845946438009e-5
29.0	2.230102090195573e-8	1.6517796303983117e-9	3.8499364613702205e-6	1.1315864971432077e-8	1.0087005897220435e-9	3.9598460067379825e-5
30.0	2.2314575357609027e-8	1.653362608837497e-9	3.849937165580029e-6	1.1318267813735632e-8	1.009589398016503e-9	3.9598459807229634e-5
31.0	2.230863927225502e-8	1.652626576710238e-9	3.849937252538119e-6	1.1324815439561396e-8	1.0094747494946397e-9	3.959846010658877e-5
32.0	2.2333383744895996e-8	1.6518496359874667e-9	3.84993704403531e-6	1.132765280526397e-8	1.0103643458317746e-9	3.959846021199231e-5
33.0	2.2328929131930078e-8	1.653120938710538e-9	3.849937443590409e-6	1.133275991397275e-8	1.010649277283291e-9	3.959845995375578e-5
34.0	2.2292892601975908e-8	1.6523615733668797e-9	3.849937470574205e-6	1.1330817478792264e-8	1.0111732264554362e-9	3.9598460032762544e-5
35.0	2.2279766394752978e-8	1.6515420006661286e-9	3.849936716406865e-6	1.133334933257983e-8	1.0120030825960372e-9	3.9598459516011304e-5
36.0	2.2336089590059523e-8	1.6531124003949862e-9	3.849935817449884e-6	1.1326518986844199e-8	1.0115482221547693e-9	3.959845943742029e-5
37.0	2.2326560865952762e-8	1.6518194241382364e-9	3.849936882479241e-6	1.1326319350360037e-8	1.0124823937174856e-9	3.95984591181226e-5
38.0	2.2337948492412547e-8	1.6546636124272504e-9	3.849937317517664e-6	1.1320145144141661e-8	1.0113894923835345e-9	3.9598458967988434e-5
39.0	2.2304731086006333e-8	1.6539431446431826e-9	3.849937431528882e-6	1.132085695722546e-8	1.0120386907496228e-9	3.9598459096132715e-5
40.0	2.2325298964434135e-8	1.6535911561412493e-9	3.849936940600785e-6	1.1318961742866342e-8	1.0111535500372875e-9	3.959845891385976e-5
41.0	2.2310332842212806e-8	1.653970501983588e-9	3.849937143435278e-6	1.1322541298464e-8	1.0113647031583015e-9	3.959845916887901e-5
42.0	2.233358049758509e-8	1.6534721840843789e-9	3.8499359036479816e-6	1.1325588660622899e-8	1.0112488069196911e-9	3.959845893809235e-5
43.0	2.2339280599741148e-8	1.653652854046158e-9	3.849935582706307e-6	1.13287977895225e-8	1.0106734160152474e-9	3.9598459110202725e-5
44.0	2.2328925206127447e-8	1.6530501402777404e-9	3.84993680341235e-6	1.1333421957625389e-8	1.0109774076165105e-9	3.959845879767458e-5
45.0	2.2335691842295773e-8	1.656142934807931e-9	3.849937482663696e-6	1.1333330399183861e-8	1.0096036379319763e-9	3.959845879608129e-5
46.0	2.2295761344564185e-8	1.655933584565922e-9	3.849937394432908e-6	1.133571833074249e-8	1.010039347313923e-9	3.9598458426171294e-5
47.0	2.2336835423670045e-8	1.6553100627019224e-9	3.849936446315098e-6	1.1331455639105085e-8	1.0088419696922732e-9	3.959845847979635e-5
48.0	2.233238628512235e-8	1.6562858060185303e-9	3.849937240204041e-6	1.1330894507293442e-8	1.0093366122441275e-9	3.9598458223941304e-5
49.0	2.2357042461831595e-8	1.6557420714827897e-9	3.849936507355475e-6	1.1324801946512095e-8	1.0090070719893952e-9	3.95984583737849e-5
50.0	2.2336450672603853e-8	1.6534721640570287e-9	3.84993599409607e-6	1.132414287639469e-8	1.0091689627925246e-9	3.9598458320900914e-5
51.0	2.2302100073216948e-8	1.6552765747682515e-9	3.849936574680885e-6	1.1319182610361801e-8	1.009446446215511e-9	3.9598458354055126e-5
52.0	2.2320833928338242e-8	1.6548831783547986e-9	3.849937806490672e-6	1.1322101616549032e-8	1.008881001586292e-9	3.959845840658009e-5
53.0	2.2353148843538684e-8	1.6572803612010225e-9	3.849937244358993e-6	1.1319625728233126e-8	1.009608133244164e-9	3.959845843243548e-5
54.0	2.2348457320219065e-8	1.6582613936852964e-9	3.849936999876985e-6	1.13265846143976e-8	1.0090212303216843e-9	3.9598458669917025e-5
55.0	2.2345035887537656e-8	1.658293709446785e-9	3.849936905434298e-6	1.132773126868306e-8	1.0101290606943255e-9	3.959845864852938e-5
56.0	2.2302038528282858e-8	1.6581258949435225e-9	3.849936348451471e-6	1.1333639386082105e-8	1.0101162904421802e-9	3.9598458992600854e-5
57.0	2.2348115398562287e-8	1.6576111379359477e-9	3.849935962789535e-6	1.1336512683896551e-8	1.0110559485123049e-9	3.9598458897510875e-5
58.0	2.2338538507091405e-8	1.6566698845915585e-9	3.849936835981475e-6	1.1336402434276481e-8	1.0113933345943465e-9	3.959845911863572e-5
59.0	2.234345975017044e-8	1.6552603400642616e-9	3.849937147969672e-6	1.1336700672509569e-8	1.0116168368287937e-9	3.9598458955298085e-5
60.0	2.2348889371125836e-8	1.6567066428030881e-9	3.849937456345235e-6	1.1331284820762267e-8	1.0120883413356064e-9	3.9598459238494464e-5
61.0	2.231691214536907e-8	1.6567020540455726e-9	3.8499366694257e-6	1.1328195579598479e-8	1.011885807820425e-9	3.959845911310806e-5
62.0	2.2344588858205147e-8	1.6587984145100743e-9	3.849935873505226e-6	1.1322076608045973e-8	1.0122319396205628e-9	3.9598459234338534e-5
63.0	2.233052014306761e-8	1.6601950263151322e-9	3.8499361365483894e-6	1.1319148873509281e-8	1.0116558146194314e-9	3.959845922193388e-5
64.0	2.2344881364657297e-8	1.6585594738766787e-9	3.849936941530662e-6	1.1316006981656733e-8	1.0119961137273212e-9	3.9598458977306725e-5
65.0	2.2348993032915176e-8	1.6591742975800115e-9	3.84993691806392e-6	1.1317988651767276e-8	1.0115222791288238e-9	3.959845922473332e-5
66.0	2.2341042252229668e-8	1.6582521967077008e-9	3.849937131869644e-6	1.1317301170526686e-8	1.0116655993639952e-9	3.9598458991213326e-5
67.0	2.233348343495552e-8	1.657949662635916e-9	3.84993717866969e-6	1.1325460613288342e-8	1.0114408586706698e-9	3.959845943122265e-5
68.0	2.232398902786817e-8	1.6576019727455541e-9	3.849936323630434e-6	1.1327321568903226e-8	1.0112215672053371e-9	3.959845945535682e-5
69.0	2.2339768828894047e-8	1.6592593826205885e-9	3.8499361818333805e-6	1.1335425361480757e-8	1.0106319022937173e-9	3.95984596701415e-5
70.0	2.2356098517961246e-8	1.6601934228436498e-9	3.84993666928718e-6	1.1338176071116397e-8	1.0099704651822968e-9	3.9598459759691706e-5
71.0	2.233344946809299e-8	1.6602489956217446e-9	3.849937424636018e-6	1.1340682047658054e-8	1.009356276444397e-9	3.959845954587635e-5
72.0	2.2299186400417124e-8	1.6622348253718394e-9	3.84993713563677e-6	1.13403541830125e-8	1.0087292767358504e-9	3.95984597860523e-5
73.0	2.231276272816691e-8	1.659841629915265e-9	3.849936987402714e-6	1.133760947375899e-8	1.008855589497762e-9	3.959845949111651e-5
74.0	2.2373395689752562e-8	1.6596070950261768e-9	3.84993677171385e-6	1.1333684557695637e-8	1.008399857484114e-9	3.9598459670559885e-5
75.0	2.2353632905767183e-8	1.6594257542669361e-9	3.849936931820338e-6	1.1329225054415731e-8	1.0089149203216014e-9	3.959845945500644e-5
76.0	2.2318602668740564e-8	1.659591520341917e-9	3.849936017886813e-6	1.1324856970321078e-8	1.0085937806839851e-9	3.959845953990093e-5
77.0	2.2291575782905346e-8	1.6588284667835098e-9	3.849936716512724e-6	1.13213686917208e-8	1.0090387342937994e-9	3.959845948395905e-5
78.0	2.2340232021555905e-8	1.662043028693986e-9	3.849936691092071e-6	1.1321025051226715e-8	1.009059380123206e-9	3.9598459284704245e-5
79.0	2.23583112149254e-8	1.6607278651618391e-9	3.849936851273898e-6	1.1318816094827191e-8	1.0093140674884485e-9	3.9598459276148114e-5
80.0	2.233399140120267e-8	1.6612086841217814e-9	3.849936661191691e-6	1.1323546179611811e-8	1.0098956495443424e-9	3.959845895422836e-5
81.0	2.2297738446188695e-8	1.6617564449582533e-9	3.849937111506961e-6	1.1324357070102495e-8	1.0098873735054922e-9	3.959845895568372e-5
82.0	2.2309036543319583e-8	1.6592201689696904e-9	3.84993659951016e-6	1.1330323178356664e-8	1.0109222914125579e-9	3.959845875678541e-5
83.0	2.2340613875931376e-8	1.6591587781169083e-9	3.849935622788962e-6	1.1333079456346154e-8	1.0107284462246722e-9	3.959845887430156e-5
84.0	2.2322666353225435e-8	1.6599041583553362e-9	3.849936672014357e-6	1.1335663326283757e-8	1.0118280249769667e-9	3.959845885246243e-5
85.0	2.2317272464456055e-8	1.660227563705143e-9	3.849937021385939e-6	1.1336173106374388e-8	1.0116007655054778e-9	3.959845886438489e-5
86.0	2.23096235405347e-8	1.6600381509089348e-9	3.8499367893013605e-6	1.1334953210799093e-8	1.0122319189695038e-9	3.9598458930518814e-5
87.0	2.231251061675329e-8	1.6617099784498765e-9	3.849937112301652e-6	1.1331964255640478e-8	1.0122941397241804e-9	3.9598458623958976e-5
88.0	2.2329105068703585e-8	1.6633149497865837e-9	3.84993714308138e-6	1.1328986833708814e-8	1.0122575364685037e-9	3.959845874382855e-5
89.0	2.2292391150295396e-8	1.6615312105124642e-9	3.849936191651143e-6	1.1325043624599186e-8	1.0125622782423445e-9	3.959845820059645e-5
90.0	2.233417297189978e-8	1.6619187039018568e-9	3.849936234255109e-6	1.1322611158842734e-8	1.012116288842283e-9	3.959845850333765e-5
91.0	2.2326742693121657e-8	1.6617219699505423e-9	3.84993679821022e-6	1.132168730368786e-8	1.0125436212715332e-9	3.959845799802213e-5
92.0	2.2328507672534498e-8	1.6602435368813323e-9	3.849937133861089e-6	1.131992703985604e-8	1.0117576716045037e-9	3.959845845030644e-5
93.0	2.2288320511090873e-8	1.661230295258434e-9	3.849936584812209e-6	1.132403862017453e-8	1.0119996824862853e-9	3.9598458233748e-5
94.0	2.228392511167562e-8	1.6622953063686477e-9	3.849936506207277e-6	1.1324372663215317e-8	1.0110727091361194e-9	3.959845857546574e-5
95.0	2.2347929699388705e-8	1.6627666453368806e-9	3.849936714544153e-6	1.1329827755062992e-8	1.0109442500258642e-9	3.95984585516822e-5
96.0	2.2345529364470306e-8	1.6626110251794951e-9	3.849936521033764e-6	1.1331619639006148e-8	1.0102967782130085e-9	3.959845854712086e-5
97.0	2.2305844075458133e-8	1.66375678568611e-9	3.8499363861379036e-6	1.1334699338480578e-8	1.0097775134252464e-9	3.959845874000003e-5
98.0	2.225211509253755e-8	1.662577783657763e-9	3.84993643307384e-6	1.1335149487231862e-8	1.0096151941292914e-9	3.9598458423317965e-5
99.0	2.232177953862376e-8	1.6628380586829798e-9	3.849936497818971e-6	1.1335822881767189e-8	1.0090909190638632e-9	3.959845879583557e-5
100.0	2.2371369820342166e-8	1.6622643957299094e-9	3.849936368768969e-6	1.133377689431538e-8	1.009479490898499e-9	3.959845829218171e-5
101.0	2.2323785531991155e-8	1.6630114646836425e-9	3.849936473121897e-6	1.133270764987656e-8	1.009080857365928e-9	3.9598458885549394e-5
102.0	2.226975157821253e-8	1.6632508551867342e-9	3.849936717760563e-6	1.1329565073788438e-8	1.0097598127836315e-9	3.959845850783351e-5
103.0	2.227041170557569e-8	1.6638566005856973e-9	3.8499367132476435e-6	1.1327018844092524e-8	1.0094684114056063e-9	3.959845904325319e-5
104.0	2.237580137724208e-8	1.664083167460826e-9	3.849936396616688e-6	1.1326250566853419e-8	1.0098943553817897e-9	3.9598458846432064e-5
105.0	2.2341834850679496e-8	1.665026606764989e-9	3.849936241424215e-6	1.1323131379094792e-8	1.0095729593241883e-9	3.9598459035722515e-5
106.0	2.227330456310141e-8	1.6634985103108674e-9	3.849936732886547e-6	1.1325909780908304e-8	1.0097124337514794e-9	3.959845920459449e-5
107.0	2.2282770046390434e-8	1.6635920970852828e-9	3.849936370207757e-6	1.132491438528787e-8	1.0097733031837211e-9	3.959845918041387e-5
108.0	2.233117483823026e-8	1.662443200123384e-9	3.8499366444502934e-6	1.1328664771296708e-8	1.0097384744783024e-9	3.95984595031824e-5
109.0	2.2362331557984084e-8	1.663086316014612e-9	3.849936341772531e-6	1.132971304508752e-8	1.010353611646687e-9	3.959845923687618e-5
110.0	2.2284100510700117e-8	1.6628548091554341e-9	3.849936248425804e-6	1.1332470188085793e-8	1.0102272526751822e-9	3.959845965710215e-5
111.0	2.2282830452706242e-8	1.66405921379807e-9	3.84993651294869e-6	1.1332935753271041e-8	1.0110389707396515e-9	3.959845928955151e-5
112.0	2.230646515989446e-8	1.665357251371226e-9	3.8499369464283515e-6	1.1335056648271956e-8	1.0105705471887158e-9	3.959845961965169e-5
113.0	2.2342767775013073e-8	1.6640355811573848e-9	3.849936338569811e-6	1.1332321211308353e-8	1.0112643111299009e-9	3.959845927935539e-5
114.0	2.2286326008813662e-8	1.6652433324450227e-9	3.849936032793279e-6	1.1333529858694642e-8	1.0107627353382834e-9	3.959845947874167e-5
115.0	2.2296992984033378e-8	1.6653333381865644e-9	3.849936239356774e-6	1.1329629366123269e-8	1.01099414299367e-9	3.959845930462414e-5
116.0	2.232503417285239e-8	1.664584177567457e-9	3.8499356034161785e-6	1.1329056494144041e-8	1.010808849213802e-9	3.9598459414496506e-5
117.0	2.2333363824387805e-8	1.66466257430921e-9	3.849936401394162e-6	1.1327982239807503e-8	1.0108026586587816e-9	3.959845951873101e-5
118.0	2.2294327799341355e-8	1.6661750752732554e-9	3.8499372612977005e-6	1.1325922674397738e-8	1.0109930679596853e-9	3.959845954144926e-5
119.0	2.229515478416605e-8	1.6648350831581684e-9	3.849936637277082e-6	1.1328219398926417e-8	1.0104971743355923e-9	3.959845975182596e-5
120.0	2.234185032429731e-8	1.6662785906978504e-9	3.84993630470487e-6	1.1326435319343605e-8	1.0110025336764191e-9	3.9598459654801474e-5
121.0	2.2372511328575463e-8	1.666013840380843e-9	3.849936374089905e-6	1.1329012493442889e-8	1.0102337505326585e-9	3.959845979305704e-5
122.0	2.230010454021555e-8	1.664775366175377e-9	3.8499358374373626e-6	1.1328313867554426e-8	1.010696445673879e-9	3.959845958320088e-5
123.0	2.228472796106722e-8	1.6660845011636465e-9	3.849935605457819e-6	1.133032597224202e-8	1.0101328404984867e-9	3.9598459652692295e-5
124.0	2.233710280866324e-8	1.6661154407279847e-9	3.84993658639806e-6	1.1329102012758288e-8	1.010385343076503e-9	3.9598459518213915e-5
125.0	2.240659084958414e-8	1.6660913553776625e-9	3.849936814353153e-6	1.1331093102256511e-8	1.0103381134953647e-9	3.959845968317822e-5
126.0	2.235578138342484e-8	1.6664321936463997e-9	3.849936575473093e-6	1.1327850339133454e-8	1.0102725099960784e-9	3.95984596200942e-5
127.0	2.2275373481061727e-8	1.6675505411156723e-9	3.849936528819626e-6	1.1330322784366495e-8	1.010437201687933e-9	3.959845957507906e-5
128.0	2.2308707687100462e-8	1.6668179368468518e-9	3.8499366826633226e-6	1.132696619948511e-8	1.0100218992294405e-9	3.959845955579029e-5
129.0	2.2381401197734272e-8	1.666728830018653e-9	3.849936243819031e-6	1.1329698325163816e-8	1.0104542326616362e-9	3.959845935070165e-5
130.0	2.2405003792461462e-8	1.6672798248674995e-9	3.849935907004135e-6	1.132776112247928e-8	1.0101157036941445e-9	3.9598459495614066e-5
131.0	2.2298046788748217e-8	1.6661065630714917e-9	3.849936152132105e-6	1.1330015566544266e-8	1.0105483170602038e-9	3.9598459247190355e-5
132.0	2.2297571635968355e-8	1.6683993625794202e-9	3.8499367785266245e-6	1.1330192532568145e-8	1.0101836361491574e-9	3.959845960109149e-5
133.0	2.233504553202147e-8	1.669430716565556e-9	3.849936542088018e-6	1.1331853605201005e-8	1.0104545641987314e-9	3.9598459357976674e-5
134.0	2.238206505023261e-8	1.6690367358567512e-9	3.849936563508345e-6	1.1333588590752707e-8	1.0101640989704888e-9	3.9598459588195574e-5
135.0	2.234218633491835e-8	1.669567381741222e-9	3.84993699032423e-6	1.1334188219003394e-8	1.0103727212050584e-9	3.9598459439702506e-5
136.0	2.230836341619213e-8	1.6685378274646633e-9	3.849936827347241e-6	1.13354322043683e-8	1.0105530601405617e-9	3.9598459395001094e-5
137.0	2.23298966001863e-8	1.6675362337081934e-9	3.849936224154482e-6	1.1332441442635447e-8	1.0109170798096143e-9	3.959845955265988e-5
138.0	2.234096880999074e-8	1.665575026916837e-9	3.849936221339996e-6	1.1331973421308843e-8	1.0112464390125654e-9	3.95984591150676e-5
139.0	2.233324787659972e-8	1.6670868042726589e-9	3.849935988077567e-6	1.1326794479225946e-8	1.0109903222044175e-9	3.959845930484625e-5
140.0	2.2338682104785536e-8	1.6673918835951543e-9	3.84993620537422e-6	1.1326526511678683e-8	1.0109865966306464e-9	3.9598458586687277e-5
141.0	2.2364837949703263e-8	1.6689423807494861e-9	3.84993651292043e-6	1.1321891946142723e-8	1.010449096031352e-9	3.9598458899638256e-5
142.0	2.2344829865074826e-8	1.6687180288355604e-9	3.849936838767393e-6	1.1323471373422442e-8	1.0105243365361574e-9	3.9598458306085454e-5
143.0	2.2300268651162836e-8	1.6699703134295118e-9	3.849936506480675e-6	1.132059057768508e-8	1.0102801023886058e-9	3.9598458654912196e-5
144.0	2.2313507719783746e-8	1.669602439285629e-9	3.849937004370749e-6	1.1324859044659083e-8	1.0108233177269002e-9	3.959845842781162e-5
145.0	2.2391967790306362e-8	1.6678620013101998e-9	3.849935752477208e-6	1.1323966044576196e-8	1.0109116622024008e-9	3.959845868523362e-5
146.0	2.2386648289708853e-8	1.6675548466734462e-9	3.8499357902569235e-6	1.1330875538365941e-8	1.0110721526286027e-9	3.959845865123681e-5
147.0	2.2334688873599253e-8	1.666738997562352e-9	3.849936495594124e-6	1.133202080379756e-8	1.0109988808545041e-9	3.959845872558549e-5
148.0	2.2277669459662685e-8	1.6672275001130246e-9	3.849936217732006e-6	1.1337490127916287e-8	1.0104819433771036e-9	3.959845866905402e-5
149.0	2.2357763791686343e-8	1.6692784668392482e-9	3.849936221659026e-6	1.1338109436911886e-8	1.010534765389997e-9	3.959845879003719e-5
150.0	2.2399354021579635e-8	1.6691582842206686e-9	3.849936875735219e-6	1.1338744874376371e-8	1.0098453960992286e-9	3.959845869014794e-5
151.0	2.2375443790458057e-8	1.6697806449537336e-9	3.849936369360608e-6	1.1336917480298442e-8	1.0101990822192664e-9	3.959845875522684e-5
152.0	2.231492633129715e-8	1.67035417972774e-9	3.849936539935399e-6	1.1334231667593105e-8	1.010065243082767e-9	3.9598458785548244e-5
153.0	2.2314024227035725e-8	1.669478952097851e-9	3.849936231183109e-6	1.1331277128423537e-8	1.0102541470306584e-9	3.959845874284833e-5
154.0	2.2355636508005706e-8	1.6695655579011e-9	3.849935762340942e-6	1.132720146043502e-8	1.0103907975536794e-9	3.959845896177163e-5
155.0	2.2409016182383893e-8	1.668776203562634e-9	3.849936255296032e-6	1.1324682959295096e-8	1.0103529418428337e-9	3.95984588480433e-5
156.0	2.2366311942511623e-8	1.6699755090916656e-9	3.849936454501382e-6	1.1320738351370047e-8	1.0105149508404519e-9	3.959845904947221e-5
157.0	2.23193092856638e-8	1.6685505781938769e-9	3.849936062185366e-6	1.1320864459771164e-8	1.0102940855535095e-9	3.959845891283277e-5
158.0	2.2331161239316436e-8	1.6698635061844478e-9	3.8499364078921135e-6	1.1319276456973665e-8	1.0105325628859854e-9	3.9598459076227475e-5
159.0	2.2356555170700677e-8	1.6705525552500822e-9	3.849936948672109e-6	1.1323894781712879e-8	1.0104583809154985e-9	3.9598458954497375e-5
160.0	2.2393371070931528e-8	1.6702025788780542e-9	3.849935916982701e-6	1.1325177907405177e-8	1.0107818957224122e-9	3.959845907521082e-5
161.0	2.2347916991550647e-8	1.6717147040386008e-9	3.849935626897121e-6	1.1331313101566334e-8	1.0107506425861442e-9	3.959845896506102e-5
162.0	2.2327842058873792e-8	1.6702255896404741e-9	3.849936268840757e-6	1.1332871680451902e-8	1.0109473916209432e-9	3.959845900714898e-5
163.0	2.2336411906655137e-8	1.6710075756767006e-9	3.849936500892474e-6	1.1336950882120728e-8	1.0111435277182768e-9	3.9598459016696095e-5
164.0	2.2333119816822743e-8	1.6706113763396239e-9	3.84993584185407e-6	1.1336067552568161e-8	1.0111238366113314e-9	3.9598459009244834e-5
165.0	2.2394961153788037e-8	1.6703745005145015e-9	3.849936537099669e-6	1.133674623085617e-8	1.0111455509681485e-9	3.959845898273244e-5
166.0	2.2368881842307005e-8	1.6698762422992716e-9	3.8499365569113586e-6	1.1333366661670972e-8	1.0112602045371034e-9	3.9598459079878566e-5
167.0	2.2333637688479418e-8	1.6690319822242156e-9	3.84993571357364e-6	1.1331227859106026e-8	1.0110846030237939e-9	3.9598458945605053e-5
168.0	2.2314814832398384e-8	1.6707954472815897e-9	3.849935860559362e-6	1.1326670126107397e-8	1.011247050992142e-9	3.959845929540576e-5
169.0	2.2343925430408778e-8	1.6699689654202861e-9	3.849936307682097e-6	1.1324350957092263e-8	1.0111213757988225e-9	3.9598459049572425e-5
170.0	2.240426935826114e-8	1.6723069737084512e-9	3.849936514989158e-6	1.1321268943171578e-8	1.0109546340843228e-9	3.959845936305518e-5
171.0	2.235207319010205e-8	1.672603430692172e-9	3.849937043971106e-6	1.1320998332816505e-8	1.0109981496398823e-9	3.959845924674727e-5
172.0	2.2328398510721097e-8	1.6721465358240347e-9	3.849936091884792e-6	1.1321616541671216e-8	1.010502930816816e-9	3.959845937732095e-5
173.0	2.2318847812669433e-8	1.6709678618399756e-9	3.849935963049678e-6	1.1324310493751654e-8	1.0108224187554338e-9	3.959845954532321e-5
174.0	2.238009574395302e-8	1.671467310808158e-9	3.849935945258816e-6	1.1328205870018524e-8	1.0102889719136997e-9	3.959845928577567e-5
175.0	2.2346566300472536e-8	1.6708033484948447e-9	3.849936072685036e-6	1.1331729171009369e-8	1.0107565079653486e-9	3.9598459710212066e-5
176.0	2.2317482357435488e-8	1.6697675834157312e-9	3.849936188715619e-6	1.1335084116232778e-8	1.010590527253907e-9	3.959845926796176e-5
177.0	2.2343546310215655e-8	1.669160586344459e-9	3.849936749894012e-6	1.1335724821653509e-8	1.0105086933679984e-9	3.9598459554796435e-5
178.0	2.237156215696707e-8	1.6716993452046486e-9	3.849936915574612e-6	1.1336149031811953e-8	1.0106867817786994e-9	3.9598459247554146e-5
179.0	2.2323589696006784e-8	1.6722052844778984e-9	3.8499356617176815e-6	1.1334492869378732e-8	1.0100191677929316e-9	3.959845940774762e-5
180.0	2.2321405604664123e-8	1.6718891552649668e-9	3.849935755647513e-6	1.1332076894869544e-8	1.0103630384868548e-9	3.9598459248320656e-5
181.0	2.2342573031363645e-8	1.6743297974372086e-9	3.849936319572133e-6	1.1329116514166054e-8	1.0096656140347463e-9	3.9598459323092374e-5
182.0	2.2390727555601032e-8	1.6723113515825272e-9	3.849936351829444e-6	1.1326861010313761e-8	1.0102718737068095e-9	3.959845911170932e-5
183.0	2.2328494130822702e-8	1.6725650284261323e-9	3.849935914742007e-6	1.1323631630217498e-8	1.0102451168686247e-9	3.959845924649492e-5
184.0	2.2316951498208797e-8	1.671677795171651e-9	3.849936493602656e-6	1.1323765597506189e-8	1.010565209977005e-9	3.959845915880615e-5
185.0	2.238133085468851e-8	1.6719334465766079e-9	3.849936845329504e-6	1.1322287009795727e-8	1.0110587159742668e-9	3.959845935692263e-5
186.0	2.241076176262555e-8	1.671457483412844e-9	3.849936219876846e-6	1.1325507935729071e-8	1.0107429074641882e-9	3.959845927568035e-5
187.0	2.2331133094943075e-8	1.6730537662435515e-9	3.849936154164212e-6	1.1326321729496311e-8	1.0110188254615874e-9	3.959845924400063e-5
188.0	2.228765754593012e-8	1.675036623216665e-9	3.849936241764447e-6	1.1330398041206223e-8	1.0101669146875814e-9	3.959845938619562e-5
189.0	2.2394130147660534e-8	1.6742314611808785e-9	3.849936347439175e-6	1.133183354518055e-8	1.0103748710969353e-9	3.959845897506018e-5
190.0	2.2434567039121626e-8	1.6754764451757594e-9	3.849935813860489e-6	1.1335174833190731e-8	1.009970871802785e-9	3.959845942178918e-5
191.0	2.2356597756901187e-8	1.6739147151250913e-9	3.84993683848846e-6	1.1334540907284918e-8	1.0102122018500908e-9	3.959845872922437e-5
192.0	2.227176651527714e-8	1.6730861201093768e-9	3.8499367861329795e-6	1.1336045867939017e-8	1.0105159876808958e-9	3.9598459303796266e-5
193.0	2.2365198891428236e-8	1.6725547659220582e-9	3.8499362067754905e-6	1.133267868206895e-8	1.0106533897664956e-9	3.959845874569089e-5
194.0	2.2435442028793387e-8	1.67209971445313e-9	3.849936150837864e-6	1.1331999881789561e-8	1.0110749921108597e-9	3.959845901408911e-5
195.0	2.2394893138504884e-8	1.6724045729091984e-9	3.849936093266305e-6	1.1328117928716674e-8	1.0107349593186322e-9	3.959845878386953e-5
196.0	2.2290589041484867e-8	1.6732714139525664e-9	3.849936110022791e-6	1.1325760899779502e-8	1.0109686463125027e-9	3.959845865025458e-5
197.0	2.2344920659829114e-8	1.6749500885161698e-9	3.849936243346589e-6	1.1324134942119217e-8	1.0105167034219777e-9	3.959845869537819e-5
198.0	2.2364934970154825e-8	1.6743817513073345e-9	3.849936645487879e-6	1.1321825587642035e-8	1.0105805941663878e-9	3.959845852611826e-5
199.0	2.2370084005413826e-8	1.6765454424598657e-9	3.849936232260116e-6	1.1323320611280116e-8	1.0103020023356813e-9	3.959845875660296e-5
200.0	2.2352062921892032e-8	1.6756117105165891e-9	3.8499360948907645e-6	1.132368777628478e-8	1.0104101374977878e-9	3.95984586788325e-5
201.0	2.2341800057149626e-8	1.675700228756363e-9	3.849936551470489e-6	1.132765106783579e-8	1.010397648892102e-9	3.959845859648867e-5
202.0	2.2335243067412043e-8	1.675027390054641e-9	3.849936844014284e-6	1.1329404304967574e-8	1.0104667324813295e-9	3.959845856557992e-5
203.0	2.230999747242577e-8	1.6752327309423446e-9	3.849936040407802e-6	1.1334050555950724e-8	1.0108240772688901e-9	3.959845840771069e-5
204.0	2.2346308914974766e-8	1.6753689748608455e-9	3.849935644204713e-6	1.1333451374720326e-8	1.0107576814844144e-9	3.9598458478587305e-5
205.0	2.240687286052328e-8	1.675700427652254e-9	3.849936472683556e-6	1.1337086473269685e-8	1.01125404643662e-9	3.959845852575656e-5
206.0	2.235760686722834e-8	1.6758283056463209e-9	3.849936456626027e-6	1.1333014503540051e-8	1.0109195836802596e-9	3.959845855822549e-5
207.0	2.2319330506081214e-8	1.6758779465827936e-9	3.8499362870474815e-6	1.1335269678784498e-8	1.0111743761389798e-9	3.95984589311478e-5
208.0	2.2322747285860345e-8	1.6773623321448817e-9	3.849937077549852e-6	1.1330501104266697e-8	1.010837128257723e-9	3.959845887730324e-5
209.0	2.236368105961696e-8	1.6777469514621354e-9	3.849936477800263e-6	1.1330587073287942e-8	1.0107426280684467e-9	3.959845924450076e-5
210.0	2.2414843537220322e-8	1.6779198162425498e-9	3.849935145858275e-6	1.1326622529532189e-8	1.0108728296209226e-9	3.959845926962616e-5
211.0	2.234511639290134e-8	1.6789570255048937e-9	3.849935539525364e-6	1.1325640811779973e-8	1.010856607950109e-9	3.959845953561634e-5
212.0	2.2354828635947856e-8	1.677548389017781e-9	3.849936919924529e-6	1.1324043284724264e-8	1.0114251013093014e-9	3.959845955471964e-5
213.0	2.2320350663177574e-8	1.6789068346173833e-9	3.849936525293458e-6	1.1324739313285235e-8	1.0110138755205723e-9	3.959845968422465e-5
214.0	2.2360313462416383e-8	1.6777660191073817e-9	3.849936145435703e-6	1.1325211202307553e-8	1.011454605609317e-9	3.9598459463194754e-5
215.0	2.240885518825571e-8	1.6787054183124634e-9	3.849936412349697e-6	1.1326575704692165e-8	1.0109713103180072e-9	3.959845960739103e-5
216.0	2.239794165605423e-8	1.6784898842252335e-9	3.849935722732432e-6	1.132891651943482e-8	1.0109283724848002e-9	3.959845929111502e-5
217.0	2.234769654171651e-8	1.6795085871494494e-9	3.849935699647219e-6	1.1328268468859817e-8	1.0109629648066344e-9	3.959845964172694e-5
218.0	2.2301924912444583e-8	1.6793702810111944e-9	3.849936165107626e-6	1.1332145438552986e-8	1.0106033746606984e-9	3.9598459419231535e-5
219.0	2.2376650140254733e-8	1.678640554461386e-9	3.8499372643308916e-6	1.132924933342467e-8	1.0108858836457308e-9	3.959845973559195e-5
220.0	2.244063865332066e-8	1.680588825023689e-9	3.8499364139981886e-6	1.13340153695158e-8	1.0102572104044348e-9	3.959845956321061e-5
221.0	2.238043573954797e-8	1.677935100284698e-9	3.849935974645205e-6	1.133102253237081e-8	1.0104109023736104e-9	3.959845967817763e-5
222.0	2.2284689512423766e-8	1.6775564376892966e-9	3.849936310961664e-6	1.1333622264728067e-8	1.0098774235182212e-9	3.9598459666447256e-5
223.0	2.2319147090524654e-8	1.6793386869797486e-9	3.849936258579004e-6	1.1330703334783926e-8	1.010007583633067e-9	3.959845967443863e-5
224.0	2.2431513025948208e-8	1.6788302398305017e-9	3.849935888290281e-6	1.1332164932222015e-8	1.0099149217063734e-9	3.959845972317191e-5
225.0	2.2394153308579414e-8	1.6801215726337507e-9	3.849936377248704e-6	1.132913423712769e-8	1.0099482828453692e-9	3.959845962981752e-5
226.0	2.2289353768028135e-8	1.6804509000851183e-9	3.84993667584912e-6	1.1331743157753571e-8	1.0101219875441262e-9	3.9598459681447254e-5
227.0	2.231127134612859e-8	1.6796631253126907e-9	3.84993632246219e-6	1.1329206781235087e-8	1.0099883025871765e-9	3.9598459594298846e-5
228.0	2.2379218969028818e-8	1.679515193512209e-9	3.84993648523835e-6	1.1332402067186752e-8	1.0102917073764435e-9	3.959845960316057e-5
229.0	2.2374646867455282e-8	1.6802489057063223e-9	3.84993616191732e-6	1.1330195499586455e-8	1.0101522946758183e-9	3.959845972179418e-5
230.0	2.2289103743405942e-8	1.6793510692885856e-9	3.849935649885999e-6	1.1330217517054338e-8	1.0103346072514877e-9	3.9598459550125116e-5
231.0	2.23300012368511e-8	1.6792744657629044e-9	3.8499361991859296e-6	1.132999790983479e-8	1.0104483664742617e-9	3.9598459764316336e-5
232.0	2.2376173709746046e-8	1.679706152549749e-9	3.849936016276393e-6	1.132745458294619e-8	1.0104436038743485e-9	3.959845952934266e-5
233.0	2.2346950146370144e-8	1.6799661485151642e-9	3.849936527599032e-6	1.1329299414717528e-8	1.0108398395416424e-9	3.959845959936818e-5
234.0	2.230128892216371e-8	1.6812761667791375e-9	3.84993684346446e-6	1.1326666302425015e-8	1.010724006650392e-9	3.959845954864345e-5
235.0	2.2377290613596804e-8	1.68138086228695e-9	3.849935886551691e-6	1.1328463760863979e-8	1.0110358420950412e-9	3.959845945097427e-5
236.0	2.2423166595868384e-8	1.6807739459253652e-9	3.8499356781587325e-6	1.1326866835073717e-8	1.011018248105689e-9	3.9598459620665416e-5
237.0	2.2333100838597162e-8	1.6810163635984186e-9	3.849936514452004e-6	1.1328138295058436e-8	1.0109359621276177e-9	3.9598459237503876e-5
238.0	2.23000741023865e-8	1.6812846489009252e-9	3.849936568282525e-6	1.132749235755653e-8	1.0109876107789179e-9	3.9598459397227497e-5
239.0	2.238890159901785e-8	1.6812725806704194e-9	3.849936256527011e-6	1.1330185707155765e-8	1.0110559901047648e-9	3.959845897197117e-5
240.0	2.245354012006131e-8	1.6819751207185563e-9	3.849936845572698e-6	1.1329803983160844e-8	1.011180489514602e-9	3.9598459020518084e-5
241.0	2.2346861365413448e-8	1.6812519687440787e-9	3.849936193770089e-6	1.1332553526833234e-8	1.0112351280364655e-9	3.9598458692419994e-5
242.0	2.2316636668033753e-8	1.6813783231244936e-9	3.849935493644427e-6	1.1330756502870415e-8	1.0113218061127755e-9	3.9598458643369095e-5
243.0	2.2360761833921847e-8	1.682480256198841e-9	3.8499363844743495e-6	1.1331671291297805e-8	1.0112487432843754e-9	3.959845858402615e-5
244.0	2.2422580041351996e-8	1.6833544597720538e-9	3.84993669189095e-6	1.1328776179482766e-8	1.0108845677826233e-9	3.9598458332539195e-5
245.0	2.236307107784975e-8	1.6826607144236338e-9	3.8499364832380125e-6	1.1327798440978408e-8	1.0108002969675643e-9	3.959845832491963e-5
246.0	2.2343124592083938e-8	1.6818292433945308e-9	3.849936194956523e-6	1.1327269831087397e-8	1.010645446273074e-9	3.9598458139928415e-5
247.0	2.2385304048094927e-8	1.6820924591566645e-9	3.849936397081918e-6	1.1325923376820854e-8	1.0107445671286295e-9	3.959845807439692e-5
248.0	2.2356281601616558e-8	1.6805939393360524e-9	3.849936439729613e-6	1.1326121787249845e-8	1.0108271100533183e-9	3.959845811754937e-5
249.0	2.2340787372883332e-8	1.6813517207925983e-9	3.849935577824948e-6	1.1325739743772919e-8	1.0109974113703307e-9	3.959845813323337e-5
250.0	2.2383697050715624e-8	1.6814984029565143e-9	3.849936043291226e-6	1.1326343839893955e-8	1.0108906906708331e-9	3.9598458337148524e-5
251.0	2.243633073112847e-8	1.6824601729415898e-9	3.849936424766422e-6	1.1326742032297816e-8	1.010653435762554e-9	3.95984582977834e-5
252.0	2.238878020711434e-8	1.6834793740495404e-9	3.849936078116053e-6	1.1328460052144958e-8	1.0102555110256606e-9	3.959845857970623e-5
253.0	2.2291932156572654e-8	1.6839386782769596e-9	3.849936253074934e-6	1.1329288588527484e-8	1.0102228699416222e-9	3.959845861292361e-5
254.0	2.2380662731982323e-8	1.6853101064270005e-9	3.849936689281883e-6	1.1330572557595325e-8	1.0101446378468455e-9	3.959845887458232e-5
255.0	2.2481731150978497e-8	1.6829349525586773e-9	3.849936010546792e-6	1.1330963021758783e-8	1.010615050195011e-9	3.959845894911604e-5
256.0	2.2411554216314085e-8	1.6833565318233471e-9	3.849935190580876e-6	1.1330787076442694e-8	1.0107320028693259e-9	3.9598458869268804e-5
257.0	2.2307282109393054e-8	1.680888844618705e-9	3.849936201049975e-6	1.133022935760556e-8	1.0108974274297668e-9	3.959845887209071e-5
258.0	2.2366154547903976e-8	1.6812859487057596e-9	3.849936159397579e-6	1.1328249905328334e-8	1.0110047507714015e-9	3.95984588119777e-5
259.0	2.2459659389445544e-8	1.6822924481172275e-9	3.849936274780679e-6	1.1328089934404319e-8	1.0106602713343359e-9	3.959845880360173e-5
260.0	2.241968942024811e-8	1.6832423621699994e-9	3.849936328683596e-6	1.1326187018045068e-8	1.0108746209468107e-9	3.959845886766883e-5
261.0	2.2326263621480744e-8	1.6859755258829994e-9	3.849936061217753e-6	1.132600644939371e-8	1.0106747792108808e-9	3.9598458937806855e-5
262.0	2.237109513627848e-8	1.6857375399099374e-9	3.84993551021593e-6	1.1325850392917543e-8	1.010816876030104e-9	3.959845900039138e-5
263.0	2.241490891202063e-8	1.6866426842639622e-9	3.849936251652388e-6	1.1326461340683967e-8	1.010945664837818e-9	3.9598459097972294e-5
264.0	2.2399467895086517e-8	1.6851361123231066e-9	3.8499363932722774e-6	1.1327615116517626e-8	1.0107934046998339e-9	3.9598458858682756e-5
265.0	2.2341649637211037e-8	1.6850442892813274e-9	3.849936220817394e-6	1.1328100031714207e-8	1.0109214503964008e-9	3.9598458999550834e-5
266.0	2.239841971989867e-8	1.6847821970089159e-9	3.849936125928797e-6	1.133017478260654e-8	1.0107021735716836e-9	3.9598458848297095e-5
267.0	2.2420705179447832e-8	1.6837335365045171e-9	3.849935840425866e-6	1.1329936613287554e-8	1.0110549594447276e-9	3.959845910099228e-5
268.0	2.236298674796333e-8	1.6864092755482877e-9	3.849936099544688e-6	1.1331380787980984e-8	1.0107193059767515e-9	3.9598459184199476e-5
269.0	2.2349590689603635e-8	1.6869376898265063e-9	3.849935954192419e-6	1.1330053369383706e-8	1.0109358826726612e-9	3.95984593413103e-5
270.0	2.2411130990519524e-8	1.6873906633832065e-9	3.849936255971661e-6	1.133084572551412e-8	1.010741073808582e-9	3.959845942815488e-5
271.0	2.242680700095404e-8	1.687441480661432e-9	3.8499359468589955e-6	1.132701270045389e-8	1.0104450345956682e-9	3.959845928125674e-5
272.0	2.23777035296079e-8	1.6870908150084462e-9	3.849936024781969e-6	1.1327894593676674e-8	1.0104537906164492e-9	3.959845936827184e-5
273.0	2.235615202386366e-8	1.6858172924456906e-9	3.849935713781405e-6	1.1324301674032992e-8	1.0101091102588946e-9	3.959845918776674e-5
274.0	2.2418120133193924e-8	1.6851298908105643e-9	3.849936078996169e-6	1.1326096360780298e-8	1.0104645195556455e-9	3.959845927916216e-5
275.0	2.242901917791561e-8	1.6860049906089078e-9	3.849936091249553e-6	1.1324229272199923e-8	1.0102815388499218e-9	3.959845924530832e-5
276.0	2.2376721989096092e-8	1.6859265482257635e-9	3.849935943164015e-6	1.1326721070766266e-8	1.0104586339897662e-9	3.959845923251517e-5
277.0	2.2361960340915008e-8	1.6867209872604643e-9	3.84993559296815e-6	1.1326563511691512e-8	1.0104151474435373e-9	3.9598459181276e-5
278.0	2.240053027945579e-8	1.6859520191427562e-9	3.84993553826656e-6	1.132815393569733e-8	1.0103969184350513e-9	3.9598459083786925e-5
279.0	2.2405686461662773e-8	1.6874267329538392e-9	3.849935888868769e-6	1.1328700515771271e-8	1.010591309549682e-9	3.9598458920341076e-5
280.0	2.2421473045179253e-8	1.686987165462116e-9	3.849936249277866e-6	1.1328829773730011e-8	1.010604530726515e-9	3.959845889472471e-5
281.0	2.2367414943284458e-8	1.6870394157263921e-9	3.849935973307249e-6	1.1330048815058592e-8	1.011030621166336e-9	3.959845862624121e-5
282.0	2.2394771156117324e-8	1.6885894705857235e-9	3.84993580365141e-6	1.1328996698427866e-8	1.0110121285671978e-9	3.959845871992987e-5
283.0	2.237740207452108e-8	1.6864699068511886e-9	3.8499357975480535e-6	1.1330971101997995e-8	1.011210583361362e-9	3.9598458413040806e-5
284.0	2.2411044079372776e-8	1.687932366387394e-9	3.8499353587934885e-6	1.132793824919377e-8	1.0111009233619256e-9	3.9598458587986794e-5
285.0	2.2435475795937903e-8	1.6869861048850464e-9	3.8499356853434294e-6	1.1329561753072545e-8	1.0113112187636888e-9	3.9598458459475186e-5
286.0	2.2371636178242394e-8	1.687424536963182e-9	3.8499363883020245e-6	1.132572931454073e-8	1.0113157899641244e-9	3.959845851517658e-5
287.0	2.2361571153470522e-8	1.6867074781457467e-9	3.849935849688639e-6	1.1327874552549327e-8	1.011569919428109e-9	3.959845852256421e-5
288.0	2.236632128439972e-8	1.6866798501320006e-9	3.849935469273319e-6	1.1325029178686752e-8	1.0116868783861218e-9	3.959845837778698e-5
289.0	2.2468054103440044e-8	1.6888090074214818e-9	3.849936128788535e-6	1.1326934608769392e-8	1.011661650910954e-9	3.959845849624314e-5
290.0	2.2411134132492302e-8	1.6876538877609358e-9	3.84993556713187e-6	1.1325112106860944e-8	1.0116531765755788e-9	3.959845820249851e-5
291.0	2.23476374430381e-8	1.6900361687091495e-9	3.849935490883329e-6	1.132606297572024e-8	1.0113840987529515e-9	3.959845835228476e-5
292.0	2.235351183115147e-8	1.689560725215265e-9	3.849935967765415e-6	1.132495386020587e-8	1.0114772615544176e-9	3.9598458026189536e-5
293.0	2.2408027709458173e-8	1.6888444726525594e-9	3.849935960546083e-6	1.1325593238333145e-8	1.0114274667704414e-9	3.959845829333591e-5
294.0	2.241610536283281e-8	1.690088993827288e-9	3.849935592284762e-6	1.1326184695576952e-8	1.011740136457916e-9	3.9598458128988355e-5
295.0	2.238168835118922e-8	1.6887967588558684e-9	3.849935969423601e-6	1.1326277656933029e-8	1.0117083966625722e-9	3.9598458414860944e-5
296.0	2.2361353639259154e-8	1.6880689490713607e-9	3.84993641674793e-6	1.1328462458214186e-8	1.011490304081379e-9	3.959845818618134e-5
297.0	2.2390719079831474e-8	1.6890998277788004e-9	3.8499353022393585e-6	1.1327810025459352e-8	1.011122019826456e-9	3.959845835377605e-5
298.0	2.2343659985885535e-8	1.688260067532237e-9	3.84993565945206e-6	1.1330882961043386e-8	1.0103889057596072e-9	3.959845816027782e-5
299.0	2.2384643191269936e-8	1.6894030192926582e-9	3.849935733120895e-6	1.1329691657586295e-8	1.0101292184615888e-9	3.9598458410285415e-5
300.0	2.241193931131829e-8	1.6900069348644809e-9	3.849935759519778e-6	1.1333059517443893e-8	1.0096336620787592e-9	3.959845823673353e-5
301.0	2.2429763834029036e-8	1.6902655918514056e-9	3.84993602733432e-6	1.133182397668941e-8	1.0099111047238519e-9	3.9598458434611584e-5
302.0	2.2336249034449153e-8	1.6903169085389185e-9	3.8499365580953565e-6	1.133409725638192e-8	1.0099734257313044e-9	3.95984583387244e-5
303.0	2.232578753689905e-8	1.6904665039644254e-9	3.8499357022051195e-6	1.1332500899825339e-8	1.0103141819372558e-9	3.9598458422723626e-5
304.0	2.241570156677404e-8	1.6904539295433878e-9	3.849935369477888e-6	1.1332303454516537e-8	1.0104035887296936e-9	3.959845856103163e-5
305.0	2.2468395388957033e-8	1.6903532668066303e-9	3.849935385020816e-6	1.1328995273790728e-8	1.0105669302015516e-9	3.959845851681298e-5
306.0	2.2391748996805692e-8	1.6884575872300242e-9	3.849935517963279e-6	1.1327288805097814e-8	1.0105510117275948e-9	3.959845883376494e-5
307.0	2.2325707633707207e-8	1.690830421610262e-9	3.849935086139678e-6	1.1324945397851886e-8	1.0104729877337352e-9	3.9598458724830164e-5
308.0	2.237349529388452e-8	1.6891433021482226e-9	3.849936552817062e-6	1.1322752455111916e-8	1.0104992297797595e-9	3.959845909938675e-5
309.0	2.2439530204768064e-8	1.6910350425405163e-9	3.849935477230701e-6	1.1322340891652535e-8	1.0106034514859064e-9	3.9598459056423783e-5
310.0	2.242305136254173e-8	1.6919972963767946e-9	3.849935986033079e-6	1.1320937241527573e-8	1.0106499728989575e-9	3.9598459390117183e-5
311.0	2.235830126240104e-8	1.6917056589184755e-9	3.849935893462809e-6	1.1323710298935855e-8	1.0110188721518593e-9	3.959845931117375e-5
312.0	2.2385479413637332e-8	1.6917676952296921e-9	3.849935663070611e-6	1.1324192324198012e-8	1.0112905358949e-9	3.9598459437791627e-5
313.0	2.2375696412207082e-8	1.6914263470420601e-9	3.849935370634471e-6	1.132860186753829e-8	1.011582558767704e-9	3.9598459191858856e-5
314.0	2.2407479926933913e-8	1.690414955902645e-9	3.849935584030598e-6	1.133079251616439e-8	1.0118584312768543e-9	3.959845916001954e-5
315.0	2.2407493833403666e-8	1.690570744238127e-9	3.849935808065131e-6	1.1333176567591475e-8	1.0118313110234179e-9	3.95984589500929e-5
316.0	2.241129544928187e-8	1.69126872643109e-9	3.849935773022541e-6	1.1334699684706743e-8	1.0120017914163434e-9	3.9598458936287474e-5
317.0	2.238183236938048e-8	1.691696472147913e-9	3.849935987249117e-6	1.1335304390254173e-8	1.0117334985752673e-9	3.9598458944156675e-5
318.0	2.2372216977171436e-8	1.6930797202246578e-9	3.849936385216929e-6	1.1334117897475435e-8	1.0117709263637669e-9	3.959845908771922e-5
319.0	2.239253913672866e-8	1.694614712702443e-9	3.849936439528053e-6	1.1333263099174013e-8	1.0115471943971879e-9	3.95984594056386e-5
320.0	2.2440837461929143e-8	1.6946586357611392e-9	3.849935880583897e-6	1.133193537266207e-8	1.0114915809025153e-9	3.959845950135819e-5
321.0	2.241234944678976e-8	1.6924414094376147e-9	3.849935407430825e-6	1.1328258387000051e-8	1.0111889977866349e-9	3.9598459771159515e-5
322.0	2.2395096202559572e-8	1.6938813237735364e-9	3.849935590045456e-6	1.1327950900566733e-8	1.0109377415367716e-9	3.9598459580144966e-5
323.0	2.2363109722270826e-8	1.692394338309467e-9	3.849935792624013e-6	1.1324310644520914e-8	1.010827999062926e-9	3.959845961639044e-5
324.0	2.2419689409490093e-8	1.6930589133574232e-9	3.849935875858031e-6	1.1326424672029033e-8	1.010448875276558e-9	3.9598459431737516e-5
325.0	2.24332963527341e-8	1.6939948841424726e-9	3.8499364777825545e-6	1.1324729449056142e-8	1.0106390946682091e-9	3.9598459422354065e-5
326.0	2.2438777036085088e-8	1.6950774214796896e-9	3.849936492177519e-6	1.1328223807262248e-8	1.0103402148395806e-9	3.9598459357392215e-5
327.0	2.2380397109239414e-8	1.694717130289607e-9	3.849935377394834e-6	1.1329712307533581e-8	1.0106189314792479e-9	3.95984595172133e-5
328.0	2.2343382885570835e-8	1.6929325336409806e-9	3.8499349534205275e-6	1.1331594758745174e-8	1.01051507693888e-9	3.959845961809926e-5
329.0	2.2425822573459326e-8	1.6945782540774642e-9	3.849935891806287e-6	1.1332080223221874e-8	1.0105509194242039e-9	3.959845988378348e-5
330.0	2.2472610524989658e-8	1.6931459451491015e-9	3.849935629445215e-6	1.133268701032925e-8	1.0104225618129422e-9	3.959845999197745e-5
331.0	2.2431661690243714e-8	1.6938191444926693e-9	3.849935665428504e-6	1.1332419538699931e-8	1.0101042935999506e-9	3.95984599522945e-5
332.0	2.2347289181847546e-8	1.6955303086886643e-9	3.849935855280954e-6	1.1331240489482095e-8	1.0102202638100489e-9	3.959845997703296e-5
333.0	2.2367143404099782e-8	1.6948003935031228e-9	3.849935520476391e-6	1.1331119275029314e-8	1.0098418568787153e-9	3.959845964488455e-5
334.0	2.2466865431664714e-8	1.6957970252356224e-9	3.8499352009784475e-6	1.1328235600454979e-8	1.0106194126216326e-9	3.959845981971649e-5
335.0	2.2452657798006425e-8	1.6955640299897786e-9	3.849935881044069e-6	1.1330475219124823e-8	1.0104575902369985e-9	3.959845936020212e-5
336.0	2.235508503226966e-8	1.6951877606170426e-9	3.849935894257493e-6	1.1327098855622818e-8	1.0112111606179077e-9	3.9598459417146696e-5
337.0	2.2364235338755316e-8	1.6932556860685177e-9	3.849935685349782e-6	1.1331505798473433e-8	1.0112298636727078e-9	3.959845899284708e-5
338.0	2.2407764707626513e-8	1.693350435784747e-9	3.849935899675484e-6	1.1328869269427318e-8	1.0113971502604355e-9	3.9598458962337986e-5
339.0	2.2433291999824916e-8	1.695164168114549e-9	3.84993560612326e-6	1.1333477847952793e-8	1.011806528817819e-9	3.959845882612478e-5
340.0	2.235985915376373e-8	1.6954592084528931e-9	3.84993515532754e-6	1.1332065467611218e-8	1.0114597774818513e-9	3.959845872290335e-5
341.0	2.2384520429427153e-8	1.697763388324651e-9	3.849935957231161e-6	1.1334063981323026e-8	1.011860332400478e-9	3.9598458788013306e-5
342.0	2.241315009396897e-8	1.6980889412210773e-9	3.849936109255606e-6	1.1331941316619716e-8	1.011297794880489e-9	3.959845859761757e-5
343.0	2.2385683232219245e-8	1.695368975470535e-9	3.84993560436088e-6	1.1332315077612267e-8	1.011495663796243e-9	3.959845874092858e-5
344.0	2.233747782604791e-8	1.6969633894736806e-9	3.849936127012367e-6	1.1330171376361464e-8	1.0112657437694234e-9	3.959845853347054e-5
345.0	2.241940484223643e-8	1.6954919647808696e-9	3.849936296262412e-6	1.1329041582782935e-8	1.0112639680064089e-9	3.95984586081633e-5
346.0	2.2470809390994083e-8	1.6948021302690593e-9	3.8499352644195754e-6	1.1327753382067002e-8	1.0117695886438028e-9	3.9598458593037855e-5
347.0	2.2408064076428655e-8	1.6951763009769201e-9	3.849935155459756e-6	1.1325861992980917e-8	1.011465656432577e-9	3.959845852527962e-5
348.0	2.2331754136948888e-8	1.695517618522955e-9	3.849935810179144e-6	1.1326861346572489e-8	1.0118634629573013e-9	3.959845856064071e-5
349.0	2.2383998502314506e-8	1.6954837621248984e-9	3.849935736474268e-6	1.1324904247334019e-8	1.0113341664463744e-9	3.959845842766574e-5
350.0	2.2513584654190556e-8	1.696572012770451e-9	3.849935994300654e-6	1.1329320236955177e-8	1.0112654295904055e-9	3.9598458465792005e-5
351.0	2.242147022773953e-8	1.6977956446264566e-9	3.849936241216686e-6	1.132840682833953e-8	1.0109574368959884e-9	3.959845870020889e-5
352.0	2.2358221795568058e-8	1.695368691462443e-9	3.8499356247965335e-6	1.1332738172725467e-8	1.0106805886580366e-9	3.95984585051216e-5
353.0	2.2361095232013354e-8	1.6957361557096973e-9	3.8499350902316095e-6	1.1332542203680584e-8	1.0107082405910666e-9	3.959845893542342e-5
354.0	2.2453189540933312e-8	1.6974816626120415e-9	3.849935618774378e-6	1.1335874866051804e-8	1.010639521754949e-9	3.9598458578065836e-5
355.0	2.243252661540597e-8	1.6973872890135935e-9	3.8499353522441485e-6	1.1334465243088444e-8	1.0106702722558937e-9	3.9598458763163596e-5
356.0	2.238246306232792e-8	1.6963242625517159e-9	3.849936212247376e-6	1.1334967026802918e-8	1.0108933052397738e-9	3.95984587006094e-5
357.0	2.2400924251702314e-8	1.697463323935015e-9	3.849936409725319e-6	1.1332661179776436e-8	1.0107528097282724e-9	3.959845856863291e-5
358.0	2.240649647189236e-8	1.6963024388465245e-9	3.84993589752343e-6	1.133111183395783e-8	1.011177693108444e-9	3.959845894162617e-5
359.0	2.238578705491125e-8	1.6965132219954591e-9	3.849935392119594e-6	1.1328311924383068e-8	1.0107548877068075e-9	3.959845854171736e-5
360.0	2.2388647968173207e-8	1.6969433667559522e-9	3.849935898568259e-6	1.1326926802102998e-8	1.0111909021033404e-9	3.9598459032767346e-5
361.0	2.2427542370825453e-8	1.6987868761735442e-9	3.849935346855315e-6	1.1326682220070898e-8	1.0109648950060097e-9	3.959845879296347e-5
362.0	2.2439060416257774e-8	1.6975465992873452e-9	3.849935289061981e-6	1.1326683323972714e-8	1.0113059513949033e-9	3.9598459190082635e-5
363.0	2.2329788991311637e-8	1.6994483206106373e-9	3.849935918833626e-6	1.1329624787688185e-8	1.011534446151034e-9	3.9598459110568826e-5
364.0	2.2394928769072888e-8	1.6995173503365166e-9	3.8499363831408935e-6	1.133004369916128e-8	1.0112560969622992e-9	3.959845913066016e-5
365.0	2.2436270601216462e-8	1.6984840532962541e-9	3.849935359834805e-6	1.1332478221561709e-8	1.0118804208949778e-9	3.959845915671417e-5
366.0	2.2449863739492286e-8	1.697793259431876e-9	3.8499358782854485e-6	1.1332860776711696e-8	1.0112172312804096e-9	3.959845900424677e-5
367.0	2.2355298001214546e-8	1.6979568317458947e-9	3.849935539203999e-6	1.1334143121923612e-8	1.0118314067568973e-9	3.9598459231191786e-5
368.0	2.2362108452326106e-8	1.6992270209578579e-9	3.849935011302483e-6	1.1333701888411162e-8	1.0113642997807813e-9	3.959845911306492e-5
369.0	2.2440855175491832e-8	1.6984437467684303e-9	3.849935200596382e-6	1.1332033577285826e-8	1.0114812869088547e-9	3.959845938901236e-5
370.0	2.2441781708619948e-8	1.7005682359545562e-9	3.849935663815163e-6	1.133174493326092e-8	1.0115599788630103e-9	3.959845932731573e-5
371.0	2.2386168130500732e-8	1.7006107680889166e-9	3.849935799183385e-6	1.1328208154514111e-8	1.011054062748284e-9	3.959845951369821e-5
372.0	2.2369889298757933e-8	1.6983014033328276e-9	3.849935933877633e-6	1.1327775066419673e-8	1.0115089282678835e-9	3.9598459512133526e-5
373.0	2.2434080525159507e-8	1.6987370218857857e-9	3.849935996278938e-6	1.1325710643317449e-8	1.010825304918744e-9	3.959845969813739e-5
374.0	2.2401905411517505e-8	1.6980528739608697e-9	3.8499357973243725e-6	1.1327135613736543e-8	1.011491263858491e-9	3.959845960609348e-5
375.0	2.2413574660231406e-8	1.6994638877504726e-9	3.849935660209822e-6	1.1327902479778529e-8	1.0108352376314555e-9	3.9598459682485594e-5
376.0	2.240854839457741e-8	1.6992342876983067e-9	3.8499349899742556e-6	1.1329966929186202e-8	1.0111206557297985e-9	3.9598459377521614e-5
377.0	2.243187463178267e-8	1.7016266582415899e-9	3.849935657204981e-6	1.1332109399156221e-8	1.0108588168039632e-9	3.9598459329944505e-5
378.0	2.2390503734655642e-8	1.7021254849652839e-9	3.8499358523949395e-6	1.1333874793206758e-8	1.0106136913930292e-9	3.9598459167741395e-5
379.0	2.2383859283065512e-8	1.7006150393591703e-9	3.849935934646103e-6	1.1335341685687916e-8	1.0109223151639827e-9	3.959845917395068e-5
380.0	2.2444664282752934e-8	1.7016044739978893e-9	3.84993612505029e-6	1.1336340161412599e-8	1.0103598969265385e-9	3.95984592239431e-5
381.0	2.2459198178838493e-8	1.6996149298925241e-9	3.849936164017657e-6	1.1336741278363956e-8	1.010970947002343e-9	3.959845925935984e-5
382.0	2.2390442017753175e-8	1.6990671488040355e-9	3.849935119370759e-6	1.1333886518788978e-8	1.0102842367308859e-9	3.959845936463066e-5
383.0	2.2375251191142753e-8	1.7006744276491169e-9	3.8499353542357245e-6	1.133381305871674e-8	1.0107725847596892e-9	3.9598459180271676e-5
384.0	2.2424903783729082e-8	1.7017647803508308e-9	3.84993576004178e-6	1.1328181158016111e-8	1.0105682415194236e-9	3.9598459343427786e-5
385.0	2.2457302934060078e-8	1.7030743403179356e-9	3.849936037958138e-6	1.1329951068792036e-8	1.010724764075458e-9	3.959845911856133e-5
386.0	2.241380197570646e-8	1.7037972705084945e-9	3.849935322122263e-6	1.1324577571403896e-8	1.011102539035146e-9	3.959845928787237e-5
387.0	2.2375391495280555e-8	1.7015303309200643e-9	3.849935710476692e-6	1.1327949329458301e-8	1.0108359458749141e-9	3.959845920230114e-5
388.0	2.2415136454168395e-8	1.7014334754234508e-9	3.849935601735416e-6	1.1325818339809708e-8	1.0113683670753073e-9	3.959845903381408e-5
389.0	2.2432497915709785e-8	1.7002893288150876e-9	3.849935652324503e-6	1.1328974612666862e-8	1.0109296365904426e-9	3.9598459067729817e-5
390.0	2.241512412626409e-8	1.7006663844319385e-9	3.849935622326144e-6	1.1329683555189694e-8	1.0113516862871236e-9	3.9598458551082355e-5
391.0	2.240483893919013e-8	1.7014088764271333e-9	3.849935839868647e-6	1.1332441146078017e-8	1.0111935944880433e-9	3.959845880071428e-5
392.0	2.2408944889160913e-8	1.7025676898769791e-9	3.849935708632037e-6	1.1333682639382847e-8	1.0114162458199797e-9	3.959845814618042e-5
393.0	2.241081203484125e-8	1.7043735817968725e-9	3.849935209281044e-6	1.1335165814185023e-8	1.0115088587879598e-9	3.9598458458753385e-5
394.0	2.2412281357046264e-8	1.7032570868663274e-9	3.84993529238984e-6	1.1335851840794563e-8	1.0113619041395328e-9	3.959845802573073e-5
395.0	2.2410626519502146e-8	1.7033887134215051e-9	3.8499363228748195e-6	1.1334054793282144e-8	1.011547817168833e-9	3.9598458217249926e-5
396.0	2.2420985309787204e-8	1.7029498819703515e-9	3.849935953581827e-6	1.133365066236854e-8	1.011342144121166e-9	3.959845825827357e-5
397.0	2.241308348873192e-8	1.7013410008681905e-9	3.849935680766436e-6	1.1328684209913376e-8	1.011643693376851e-9	3.9598458192727394e-5
398.0	2.2401178014338e-8	1.7018560173016475e-9	3.849935493128681e-6	1.1330018511227128e-8	1.0116120503747484e-9	3.959845862504358e-5
399.0	2.2446687697157437e-8	1.703866036342314e-9	3.849935557201619e-6	1.1324002404270667e-8	1.011780222119946e-9	3.9598458393221265e-5
400.0	2.242307974990546e-8	1.7044713194419355e-9	3.849935588479775e-6	1.1327665636645315e-8	1.0116691669922202e-9	3.9598458842474056e-5
401.0	2.2387963101073182e-8	1.703715265458492e-9	3.849936248252383e-6	1.1323247771959473e-8	1.0113292558391244e-9	3.959845849081559e-5
402.0	2.240747659729051e-8	1.7036387217334951e-9	3.849935972380502e-6	1.1327057020710362e-8	1.0112222127359237e-9	3.959845876866357e-5
403.0	2.243011180098635e-8	1.7030085615107375e-9	3.84993565401058e-6	1.1326425047879435e-8	1.0107864317544486e-9	3.959845848887026e-5
404.0	2.2455319969223823e-8	1.7037346680506988e-9	3.849935556468561e-6	1.1330528668195472e-8	1.0109931610148177e-9	3.959845861944356e-5
405.0	2.2390370720871644e-8	1.7028397256156376e-9	3.849935156533148e-6	1.1332216838662527e-8	1.0112472446888387e-9	3.959845856090993e-5
406.0	2.2383587613339834e-8	1.7041321648521287e-9	3.849935473187536e-6	1.1335222744358391e-8	1.0115835751694974e-9	3.959845862995875e-5
407.0	2.2413303175204336e-8	1.7037814459289776e-9	3.849936109418973e-6	1.1336027011733059e-8	1.0116741576558829e-9	3.959845873044891e-5
408.0	2.242817518983443e-8	1.7045523126363828e-9	3.849935927293544e-6	1.1336640938846768e-8	1.0115009615165269e-9	3.959845865815678e-5
409.0	2.240238228885338e-8	1.7051276235027123e-9	3.849935887204127e-6	1.1335339800200558e-8	1.0109622582315e-9	3.9598459028257756e-5
410.0	2.2419598201831423e-8	1.703309025955083e-9	3.849935949022985e-6	1.1332849791625357e-8	1.0105491624328246e-9	3.959845885938344e-5
411.0	2.23941174587518e-8	1.7040438926523292e-9	3.8499356957079795e-6	1.1332952592808888e-8	1.0103013515190576e-9	3.959845919677139e-5
412.0	2.2393859238061376e-8	1.7041561220000976e-9	3.849935194518552e-6	1.1328147625015073e-8	1.0104970213184785e-9	3.959845912592748e-5
413.0	2.238392413626812e-8	1.7051046142679913e-9	3.849935253778569e-6	1.1330065202210958e-8	1.0107457984541772e-9	3.959845933838264e-5
414.0	2.242921892215021e-8	1.7051235299276997e-9	3.849935856567741e-6	1.1326473016815836e-8	1.0112264381968353e-9	3.959845944539827e-5
415.0	2.2465649603488924e-8	1.7062324363909828e-9	3.849935903437077e-6	1.132788777884364e-8	1.011201841576283e-9	3.9598459462213646e-5
416.0	2.239112909673971e-8	1.705281958351684e-9	3.849936040918281e-6	1.132689839199912e-8	1.0111839170373572e-9	3.959845952792894e-5
417.0	2.238509656794467e-8	1.704667994514385e-9	3.849935858543023e-6	1.1328254084657139e-8	1.0108658755486333e-9	3.959845942708594e-5
418.0	2.2385173809199043e-8	1.70590749469427e-9	3.84993557563959e-6	1.1329897433553984e-8	1.0105675870572437e-9	3.959845946763664e-5
419.0	2.2490618509207657e-8	1.7056332233908477e-9	3.849934775082022e-6	1.1331106958438507e-8	1.0108099967197517e-9	3.9598459557260914e-5
420.0	2.2448572169278542e-8	1.7053958288265045e-9	3.849935227387428e-6	1.1332989370535444e-8	1.010716149478184e-9	3.959845951185823e-5
421.0	2.2434539737385006e-8	1.7067072072012164e-9	3.84993591806091e-6	1.1334011413807991e-8	1.011353806220479e-9	3.9598459850173296e-5
422.0	2.238537069294956e-8	1.7065918694309718e-9	3.849935150735373e-6	1.1334532184095115e-8	1.0111340728213695e-9	3.959845957607073e-5
423.0	2.2422103160908573e-8	1.7049326641630992e-9	3.849935617673502e-6	1.1333924137596836e-8	1.0113599884838744e-9	3.959845986577513e-5
424.0	2.2461209470021447e-8	1.7068658126537936e-9	3.849935820132952e-6	1.1334557812838038e-8	1.0113184886451115e-9	3.959845949927816e-5
425.0	2.248496689067054e-8	1.705654353466221e-9	3.849935488262196e-6	1.1331305410605602e-8	1.011078457555727e-9	3.9598459758188446e-5
426.0	2.2456755116796035e-8	1.7048484102423857e-9	3.849935746379535e-6	1.1332468584537092e-8	1.0115092115948275e-9	3.9598459556948115e-5
427.0	2.2398611350307958e-8	1.7066418747945407e-9	3.849936078560236e-6	1.1329576096912295e-8	1.0110328320181505e-9	3.959845957777525e-5
428.0	2.2392266676131025e-8	1.7058267284667562e-9	3.849935108347137e-6	1.1329434755755262e-8	1.0112712019395112e-9	3.9598459523928264e-5
429.0	2.246847192978475e-8	1.7079563064246184e-9	3.849934900144343e-6	1.1329298789152765e-8	1.0107485044525947e-9	3.959845933808197e-5
430.0	2.2495948913009172e-8	1.7074133739207117e-9	3.849935856625275e-6	1.1327980220615223e-8	1.0108659589217207e-9	3.959845934328985e-5
431.0	2.2450559500136254e-8	1.7087173852404226e-9	3.849935823002956e-6	1.133080223185825e-8	1.0107108235385042e-9	3.959845935434774e-5
432.0	2.2385811437037848e-8	1.7073957761227052e-9	3.849936618757436e-6	1.1328812944931331e-8	1.0109154474056661e-9	3.95984592935528e-5
433.0	2.2421667806585625e-8	1.7084098131486267e-9	3.849935928315033e-6	1.133220993853781e-8	1.0112685156360825e-9	3.959845943286196e-5
434.0	2.2463037065001354e-8	1.7078301591951437e-9	3.849935645207764e-6	1.1330957809287295e-8	1.0110247808180983e-9	3.9598459282526164e-5
435.0	2.2463841986887762e-8	1.707631932333947e-9	3.849934695327411e-6	1.1333507170901306e-8	1.0113209216512998e-9	3.9598459220457236e-5
436.0	2.2423698291180297e-8	1.708712000011015e-9	3.8499356446539445e-6	1.1331638190824217e-8	1.0108225341854046e-9	3.95984590105761e-5
437.0	2.2430385937042367e-8	1.708872788565506e-9	3.849936159847252e-6	1.1333452546108943e-8	1.0109882191113623e-9	3.9598458694941164e-5
438.0	2.245075642488227e-8	1.709235733258479e-9	3.849935818095607e-6	1.1331146234267963e-8	1.0110952866167786e-9	3.959845893052014e-5
439.0	2.2406463494478086e-8	1.7086679987537013e-9	3.849935887513185e-6	1.133281037551582e-8	1.0113260118887347e-9	3.959845852797498e-5
440.0	2.2426069324628756e-8	1.7093256064245044e-9	3.849935024730003e-6	1.1330688331235621e-8	1.011724684470748e-9	3.959845901993822e-5
441.0	2.246964299982005e-8	1.707001650936194e-9	3.8499356253537e-6	1.1331300483971689e-8	1.0117185761827521e-9	3.959845858787203e-5
442.0	2.248621104152786e-8	1.7083791816752632e-9	3.849935774962678e-6	1.1329996154930968e-8	1.011867182576834e-9	3.959845898652307e-5
443.0	2.2405074815047036e-8	1.707623840008674e-9	3.849936296493441e-6	1.1328653982191904e-8	1.0116457185028877e-9	3.9598458628610806e-5
444.0	2.2380890930437514e-8	1.7088557239752271e-9	3.849935699959039e-6	1.1329513367352271e-8	1.0116207946425308e-9	3.9598458793835337e-5
445.0	2.2464944230567234e-8	1.7098360720535675e-9	3.8499351080199045e-6	1.1327318574020739e-8	1.0115559905678097e-9	3.9598458703675666e-5
446.0	2.2510374294871377e-8	1.70863947510803e-9	3.849934927226039e-6	1.1330624136701595e-8	1.0116004974933183e-9	3.959845869546373e-5
447.0	2.2444257131186244e-8	1.7091083326054255e-9	3.8499351150394774e-6	1.132896525555457e-8	1.0117836707701225e-9	3.959845885082594e-5
448.0	2.236942102643535e-8	1.7091771921259408e-9	3.849936137120978e-6	1.13331785972555e-8	1.0115262145642786e-9	3.9598458701304536e-5
449.0	2.2446378682987305e-8	1.7078905406915396e-9	3.849936175001799e-6	1.1330940281498848e-8	1.011525508040354e-9	3.959845901584956e-5
450.0	2.249996627264575e-8	1.7089426021936703e-9	3.849935976760907e-6	1.1335294986911961e-8	1.0113349111980262e-9	3.9598458802514775e-5
451.0	2.245716666107285e-8	1.709113327474716e-9	3.84993573332594e-6	1.1332688241016074e-8	1.0110140987301897e-9	3.9598459043264605e-5
452.0	2.2414799922012345e-8	1.709682922324977e-9	3.849935044251704e-6	1.1335767844922796e-8	1.0109380620348323e-9	3.959845885048262e-5
453.0	2.241670754054542e-8	1.7082245183526214e-9	3.849935233857402e-6	1.133372336113169e-8	1.0105778017902283e-9	3.959845908676788e-5
454.0	2.24869603204851e-8	1.7095293240014002e-9	3.84993533397378e-6	1.1334641354167357e-8	1.0105946446154944e-9	3.959845886874547e-5
455.0	2.243608092430208e-8	1.7100135468954791e-9	3.849935832733698e-6	1.1332437213040101e-8	1.0104041779843914e-9	3.959845901665237e-5
456.0	2.2421386669533315e-8	1.7092998616682989e-9	3.849935891642296e-6	1.1331812093488495e-8	1.0103259376219664e-9	3.959845884947205e-5
457.0	2.2437182542606563e-8	1.7105292271896334e-9	3.8499363249476785e-6	1.1329550454196679e-8	1.0104656108107735e-9	3.959845887762256e-5
458.0	2.2453677707332128e-8	1.7110061760949573e-9	3.849935860112001e-6	1.1329081592376668e-8	1.010474202203746e-9	3.9598458861480994e-5
459.0	2.2450765989043095e-8	1.7107576563126422e-9	3.849935905378295e-6	1.1328564649121841e-8	1.0106402174426844e-9	3.959845879388136e-5
460.0	2.241360551000161e-8	1.710412208447826e-9	3.849935540374554e-6	1.132799483046541e-8	1.0107642234612385e-9	3.9598458863082706e-5
461.0	2.2453269368641374e-8	1.7111680025595915e-9	3.849934866754688e-6	1.1330345414253969e-8	1.0110877521712422e-9	3.9598458778843064e-5
462.0	2.24429455519873e-8	1.7084935138315336e-9	3.849935553387947e-6	1.1329191027734514e-8	1.0110920674652936e-9	3.959845895532451e-5
463.0	2.2444578454475943e-8	1.7088631715549063e-9	3.849935848101667e-6	1.1332666894342855e-8	1.0115100178918755e-9	3.959845889415621e-5
464.0	2.2437200441288143e-8	1.708901526118795e-9	3.8499363734583235e-6	1.133242612494499e-8	1.0116990318868639e-9	3.959845908775571e-5
465.0	2.2486795717099538e-8	1.7103077396436764e-9	3.8499358975056705e-6	1.1335229438543815e-8	1.0118394575078282e-9	3.959845909529567e-5
466.0	2.241899992569054e-8	1.7106129130090125e-9	3.849935958343175e-6	1.1335921043532386e-8	1.012178001652624e-9	3.959845913937335e-5
467.0	2.2440265194999752e-8	1.71102108036358e-9	3.849935220474309e-6	1.1335698356555114e-8	1.0121154113886427e-9	3.9598459188557515e-5
468.0	2.243473615236517e-8	1.7103596111154824e-9	3.8499352270484615e-6	1.1335564771868003e-8	1.012380242983243e-9	3.9598459024496543e-5
469.0	2.24879471234602e-8	1.7102734292837196e-9	3.849935176019635e-6	1.1334376921530185e-8	1.0121725483454634e-9	3.9598459119099275e-5
470.0	2.244532101092867e-8	1.7100001681094357e-9	3.849935703085755e-6	1.1331522457330356e-8	1.0124473335406437e-9	3.959845892273355e-5
471.0	2.2423608932324232e-8	1.7101594738062246e-9	3.849935772756279e-6	1.1330325441947714e-8	1.0123149837627479e-9	3.9598459049870974e-5
472.0	2.2455136333833004e-8	1.7112333914938308e-9	3.849935999084599e-6	1.1327746545027447e-8	1.0124700592193963e-9	3.9598458954733094e-5
473.0	2.246208594629853e-8	1.712082158295217e-9	3.8499351372621585e-6	1.1326516328078658e-8	1.01240757610258e-9	3.959845887179339e-5
474.0	2.2451787396036485e-8	1.713702176993818e-9	3.849935999581111e-6	1.1325824036527662e-8	1.0121208702074517e-9	3.959845896697764e-5
475.0	2.2431405322512848e-8	1.7131248738497351e-9	3.849935783538358e-6	1.1325220361155577e-8	1.0120170946845517e-9	3.9598458504205925e-5
476.0	2.247686027532238e-8	1.7123087100566105e-9	3.8499355395587915e-6	1.1326513811797508e-8	1.0114525096695729e-9	3.9598458910239524e-5
477.0	2.2466868256979873e-8	1.7105298191747706e-9	3.8499356067081e-6	1.1328883770347462e-8	1.011553979023283e-9	3.959845833778844e-5
478.0	2.241489388343974e-8	1.709777452330648e-9	3.84993630519982e-6	1.1329983101768258e-8	1.0109960013278605e-9	3.959845873273144e-5
479.0	2.2442356630952964e-8	1.7123246392425544e-9	3.849935529673018e-6	1.1335166907934949e-8	1.0113717920148613e-9	3.959845848988672e-5
480.0	2.250078815618709e-8	1.7104890575890918e-9	3.849935663637127e-6	1.1334172268048955e-8	1.0111662233644308e-9	3.959845869137282e-5
481.0	2.2495349844944263e-8	1.7124075128321458e-9	3.8499362681870435e-6	1.133981262829129e-8	1.0113193094289712e-9	3.9598458847187035e-5
482.0	2.2411044048484386e-8	1.7143771789050603e-9	3.849935812643015e-6	1.1337806176032943e-8	1.0113120114734518e-9	3.959845891769357e-5
483.0	2.240576833307163e-8	1.7130039831681929e-9	3.849935477279945e-6	1.1339602569734547e-8	1.0110380615182885e-9	3.9598459086446026e-5
484.0	2.2504565668937175e-8	1.712146704919978e-9	3.849935763069762e-6	1.1336815271720835e-8	1.0113079498530618e-9	3.959845922608737e-5
485.0	2.2522436499446173e-8	1.7121148712559788e-9	3.849936363817106e-6	1.1336283773885532e-8	1.0107766393633522e-9	3.959845915886998e-5
486.0	2.245375833353102e-8	1.7108659506918045e-9	3.849935438990023e-6	1.1331836982070904e-8	1.011462087025598e-9	3.959845938488856e-5
487.0	2.240036573791543e-8	1.7112906834496493e-9	3.849935618285113e-6	1.1331767675980791e-8	1.0110381193319645e-9	3.959845920221364e-5
488.0	2.2470675331579493e-8	1.7133555939923899e-9	3.84993544987078e-6	1.132702944581704e-8	1.0114735446170228e-9	3.959845920806716e-5
489.0	2.251269048822288e-8	1.7142906728576466e-9	3.849935938489587e-6	1.1327775954779659e-8	1.0115069580616338e-9	3.959845912269248e-5
490.0	2.2487346152012198e-8	1.713222582451266e-9	3.8499354132274536e-6	1.1325827016905427e-8	1.0112030206220754e-9	3.959845871688107e-5
491.0	2.243012983200562e-8	1.7139194262242747e-9	3.849935792560718e-6	1.1325566441159769e-8	1.0116776805150673e-9	3.959845888057185e-5
492.0	2.2461453688666394e-8	1.7144026531815364e-9	3.849936335123334e-6	1.1329908183156621e-8	1.0110667740216905e-9	3.959845825724817e-5
493.0	2.2465108827648824e-8	1.7118296500345023e-9	3.849935607927237e-6	1.132767700822399e-8	1.0117244857059764e-9	3.959845865066317e-5
494.0	2.248070626275749e-8	1.7117307918623244e-9	3.849935646520107e-6	1.1335442658620486e-8	1.0112128995657645e-9	3.959845817090875e-5
495.0	2.247300226229034e-8	1.713292170847039e-9	3.849935847365294e-6	1.133320131528044e-8	1.0117065017017603e-9	3.959845850670002e-5
496.0	2.248061057802175e-8	1.7123904316640862e-9	3.849936069131044e-6	1.1338400626481518e-8	1.0115591510964936e-9	3.9598458138556046e-5
497.0	2.245372127629711e-8	1.7141086141145932e-9	3.849935755994514e-6	1.133592581194927e-8	1.0114743067361668e-9	3.959845826381236e-5
498.0	2.2436047153035893e-8	1.7143775694806662e-9	3.849935541858978e-6	1.1338595109887584e-8	1.0117186755765028e-9	3.9598458050934106e-5
499.0	2.2464063434278767e-8	1.7150698279105151e-9	3.849935710314522e-6	1.1333954582685094e-8	1.0113153508666575e-9	3.9598458209241785e-5
500.0	2.2520762924131634e-8	1.713733582912792e-9	3.849936138272315e-6	1.133644844364041e-8	1.0117341322082304e-9	3.959845814127249e-5
501.0	2.2483229540821508e-8	1.7147516128486115e-9	3.849936233784189e-6	1.1329474740305983e-8	1.01147078187186e-9	3.9598458441595384e-5
502.0	2.244971172337703e-8	1.7144041792947386e-9	3.849935800767996e-6	1.1332306812394905e-8	1.0117556494518974e-9	3.9598458281655276e-5
503.0	2.2433357509931825e-8	1.7130075553306318e-9	3.849936116589505e-6	1.1326552747769623e-8	1.01191341736419e-9	3.959845863613956e-5
504.0	2.249099571318222e-8	1.714417451464818e-9	3.849936080451157e-6	1.1328403828761719e-8	1.0118985818726801e-9	3.959845843571295e-5
505.0	2.250554378875108e-8	1.7155463269258293e-9	3.849935464692834e-6	1.1328356443317917e-8	1.0124404391060764e-9	3.959845867764598e-5
506.0	2.2469299465054298e-8	1.71462755548423e-9	3.849935462622978e-6	1.1327358361691874e-8	1.0122532489872008e-9	3.959845870080402e-5
507.0	2.2443519858100784e-8	1.7150839588687014e-9	3.849935938429379e-6	1.1331669982245653e-8	1.0125381240523165e-9	3.9598458686194945e-5
508.0	2.2449203974620987e-8	1.7159697892245605e-9	3.849936027575739e-6	1.1330040859431596e-8	1.0123617851011119e-9	3.9598458918877234e-5
509.0	2.2468617093090524e-8	1.7134862367130703e-9	3.849936165582491e-6	1.1334646760517862e-8	1.012200692386273e-9	3.9598458563774954e-5
510.0	2.2497955912286092e-8	1.7145815390918272e-9	3.849936494860426e-6	1.1333569697486796e-8	1.0120242581487608e-9	3.9598459082012696e-5
511.0	2.246901994462118e-8	1.7143413523523965e-9	3.849935850815185e-6	1.1336272380380312e-8	1.0119392846450083e-9	3.959845858597667e-5
512.0	2.2467033489925715e-8	1.7137924477941815e-9	3.849935744086078e-6	1.1334014063687021e-8	1.0119429988792625e-9	3.959845926564917e-5
513.0	2.242485297032047e-8	1.7157577739798166e-9	3.849935001768561e-6	1.1335192703191346e-8	1.0118880029113437e-9	3.9598458731262675e-5
514.0	2.2465215069937835e-8	1.715630641003765e-9	3.849934951390088e-6	1.1330294564947493e-8	1.0117940236662682e-9	3.9598459086827604e-5
515.0	2.2494149700399756e-8	1.7164179502280433e-9	3.849936290006527e-6	1.1332476342687918e-8	1.0117627571195746e-9	3.9598458768748166e-5
516.0	2.247450620986407e-8	1.7162058691913075e-9	3.849936733584451e-6	1.1327127191928359e-8	1.011455371775597e-9	3.959845884574006e-5
517.0	2.2471280120088543e-8	1.7163075731585896e-9	3.849936149626712e-6	1.132944377031649e-8	1.0113731679732427e-9	3.959845885534012e-5
518.0	2.2428167986168364e-8	1.7153796203628046e-9	3.849935718655476e-6	1.1327401941477111e-8	1.0113654683030519e-9	3.959845892676298e-5
519.0	2.2488793807380368e-8	1.715739637126072e-9	3.849935596231984e-6	1.132824780979099e-8	1.011232083518883e-9	3.959845918575231e-5
520.0	2.2483492032738457e-8	1.7161049237092389e-9	3.849935385246219e-6	1.133062375382423e-8	1.0116001211442392e-9	3.9598459298165774e-5
521.0	2.247038830731748e-8	1.7167020752257501e-9	3.8499351375117105e-6	1.1330705031522092e-8	1.0113988855032787e-9	3.9598459378056884e-5
522.0	2.2471985582887132e-8	1.715789432362014e-9	3.8499362143778915e-6	1.1334679816234694e-8	1.0119159832821878e-9	3.959845951127878e-5
523.0	2.2445263642722616e-8	1.7176896651373986e-9	3.849936371694639e-6	1.1334629592008482e-8	1.0114445955617732e-9	3.9598459242301233e-5
524.0	2.2489714715163443e-8	1.717970694246231e-9	3.849936157728043e-6	1.1336627422271485e-8	1.0119644301718852e-9	3.959845948236881e-5
525.0	2.2472276628315282e-8	1.716940657737901e-9	3.849935446638838e-6	1.1336066789190587e-8	1.0117843219508629e-9	3.9598459115356365e-5
526.0	2.248441195757418e-8	1.7181184890684813e-9	3.849935285251984e-6	1.1335056229063583e-8	1.011994868992577e-9	3.959845949720802e-5
527.0	2.248123544720267e-8	1.716548759980887e-9	3.8499359492681e-6	1.1332942381757037e-8	1.0125334726205013e-9	3.959845923448183e-5
528.0	2.2432845324169773e-8	1.7168741499213018e-9	3.849935225006179e-6	1.1331803928363198e-8	1.0120618816504206e-9	3.959845950573332e-5
529.0	2.2481841989455947e-8	1.7156050049428373e-9	3.849935699934421e-6	1.132871967699414e-8	1.0127563799013653e-9	3.9598459256423793e-5
530.0	2.248438962206683e-8	1.7167087143564977e-9	3.849936563583364e-6	1.1328425534966378e-8	1.0118753920201063e-9	3.959845933975586e-5
531.0	2.2502741827188418e-8	1.7168942005958086e-9	3.849935854950755e-6	1.1326834979082513e-8	1.0123678698135284e-9	3.959845915553616e-5
532.0	2.2448548646804476e-8	1.7179854783462586e-9	3.849935258322189e-6	1.132595082145988e-8	1.0118275940585596e-9	3.959845920628061e-5
533.0	2.2443542762141673e-8	1.7179430872243054e-9	3.849935130016101e-6	1.1327879212530754e-8	1.0121049849519164e-9	3.9598459242892666e-5
534.0	2.2487437371031753e-8	1.718589750707048e-9	3.84993555201797e-6	1.1326652765280233e-8	1.0120346229041883e-9	3.9598459211269395e-5
535.0	2.2504160102434724e-8	1.7186851061160267e-9	3.849935454218712e-6	1.1331320083687775e-8	1.0116364754196839e-9	3.959845937767275e-5
536.0	2.2477929776275916e-8	1.7170554517043565e-9	3.84993648356756e-6	1.1331089200516345e-8	1.012049231708038e-9	3.959845911722343e-5
537.0	2.2459731609322125e-8	1.717841542777136e-9	3.849936333159508e-6	1.1334169480330036e-8	1.0110542399086164e-9	3.959845924280139e-5
538.0	2.2454767601714564e-8	1.716679933921961e-9	3.8499357651833625e-6	1.1334827241974044e-8	1.011712763815191e-9	3.959845878204226e-5
539.0	2.2483790269261534e-8	1.7174844521162598e-9	3.8499354322459665e-6	1.1334752552147377e-8	1.0110539050688928e-9	3.9598458971791755e-5
540.0	2.2476499248138867e-8	1.7182729016039553e-9	3.849935312481807e-6	1.1335243013447566e-8	1.0116394471727658e-9	3.9598458435963855e-5
541.0	2.24798072870761e-8	1.7191510558859916e-9	3.8499356702118245e-6	1.133432136905581e-8	1.0114256810593025e-9	3.959845869496244e-5
542.0	2.2476282401613204e-8	1.720350579702779e-9	3.849935952657884e-6	1.1334134582780052e-8	1.011514795774193e-9	3.959845821554262e-5
543.0	2.24431627434554e-8	1.7197388093021466e-9	3.849936746155186e-6	1.133353457654782e-8	1.0118083533060483e-9	3.959845854472345e-5
544.0	2.2465302742699965e-8	1.7210348232896007e-9	3.849936082165572e-6	1.1333004277934321e-8	1.0113631435079537e-9	3.959845822648123e-5
545.0	2.2495867767030502e-8	1.718219783963194e-9	3.849936219617393e-6	1.133131118299806e-8	1.0120085687065343e-9	3.9598458510785305e-5
546.0	2.250154816100851e-8	1.719043612591468e-9	3.849935429583411e-6	1.133172365523531e-8	1.0115839258612052e-9	3.95984583814092e-5
547.0	2.2469712377186454e-8	1.7177150949929778e-9	3.849935543825785e-6	1.1329045234230426e-8	1.0122435191854696e-9	3.959845872636757e-5
548.0	2.244229803975426e-8	1.7173118876467792e-9	3.849935430250967e-6	1.133130923034191e-8	1.0120493586665756e-9	3.9598458738873185e-5
549.0	2.2477065014853167e-8	1.7187722100434385e-9	3.849935693183771e-6	1.1328812083864467e-8	1.0121811753282963e-9	3.9598459031327234e-5
550.0	2.2501613745391592e-8	1.7188374557802495e-9	3.8499358663433055e-6	1.133150755700843e-8	1.0122167677450814e-9	3.9598459114937877e-5
551.0	2.2445696328855883e-8	1.720955375972659e-9	3.849935985348142e-6	1.1329653218077283e-8	1.0119294538315637e-9	3.959845916418961e-5
552.0	2.2465219921743715e-8	1.7200883825897667e-9	3.849935769616873e-6	1.1329703518161024e-8	1.012173415758576e-9	3.959845917099162e-5
553.0	2.2481474810112823e-8	1.7205011482811538e-9	3.8499349653391154e-6	1.1330179908370779e-8	1.0117370416525945e-9	3.9598459046564937e-5
554.0	2.249000073688703e-8	1.7196394830813752e-9	3.849935226940327e-6	1.1330104899607306e-8	1.0121278358375653e-9	3.9598458849555685e-5
555.0	2.2444385055021853e-8	1.717824489496289e-9	3.849934955214955e-6	1.1332180976256915e-8	1.0117417496728306e-9	3.9598458700563504e-5
556.0	2.246080868826756e-8	1.7185392644160025e-9	3.849935651843316e-6	1.1332413169547365e-8	1.0117717846574663e-9	3.959845841812227e-5
557.0	2.25145646784381e-8	1.7190588156921343e-9	3.849935899969225e-6	1.1334040192606594e-8	1.0115660667623383e-9	3.9598458461318066e-5
558.0	2.249230667703019e-8	1.719584194792305e-9	3.84993582132744e-6	1.1334425620251803e-8	1.0113120863281268e-9	3.959845841337506e-5
559.0	2.2414675546790765e-8	1.7224950758081696e-9	3.849935677414422e-6	1.1335473882082217e-8	1.011516944603151e-9	3.959845854294743e-5
560.0	2.245581716546204e-8	1.7218492574192668e-9	3.849935869957933e-6	1.1335113806293007e-8	1.011227431573402e-9	3.9598458686467514e-5
561.0	2.250360113789431e-8	1.722812452736421e-9	3.849934998157802e-6	1.1336001535509473e-8	1.0115612108912143e-9	3.9598458771109246e-5
562.0	2.2492968866311925e-8	1.7207485248713461e-9	3.849935464487353e-6	1.1334260484481441e-8	1.0114636821270683e-9	3.9598458930645035e-5
563.0	2.2417182536308684e-8	1.7213576747504738e-9	3.849935514146457e-6	1.1334146337631294e-8	1.0114672526631735e-9	3.9598459023385683e-5
564.0	2.2456351205346726e-8	1.7199722828230242e-9	3.8499360077834115e-6	1.1331609477560001e-8	1.011694810939045e-9	3.959845912059368e-5
565.0	2.252392208150809e-8	1.7196706494998354e-9	3.849936160274127e-6	1.1329433744597407e-8	1.0113340408340413e-9	3.959845927908575e-5
566.0	2.2497411156473996e-8	1.7214945323402961e-9	3.849936429349883e-6	1.1328658798290271e-8	1.0119486102221758e-9	3.9598459401669907e-5
567.0	2.241314226758276e-8	1.7214125278787855e-9	3.849935131935796e-6	1.1326702875980992e-8	1.0114936687287522e-9	3.959845940696846e-5
568.0	2.2440167813945625e-8	1.7234843426018063e-9	3.849935060807483e-6	1.1328429317384858e-8	1.0120789539273563e-9	3.959845956574323e-5
569.0	2.2536817454497167e-8	1.7222631516020505e-9	3.849934539805415e-6	1.1327729192165518e-8	1.0119497950279517e-9	3.959845939921162e-5
570.0	2.2476591606437658e-8	1.7232548587302827e-9	3.849934744006809e-6	1.1331197237050668e-8	1.012127445488719e-9	3.959845945006157e-5
571.0	2.2440599727902002e-8	1.721760842376179e-9	3.849936403172325e-6	1.1331137262011508e-8	1.0122896077395823e-9	3.959845917242693e-5
572.0	2.2420129640643493e-8	1.7201388908000812e-9	3.849936756184625e-6	1.1334154324490972e-8	1.0118967461242916e-9	3.959845895803792e-5
573.0	2.2526119063886002e-8	1.7211775566697125e-9	3.849935550847652e-6	1.1334725885085155e-8	1.0122544278422865e-9	3.95984586656561e-5
574.0	2.2499203335331966e-8	1.7214123251345242e-9	3.849934879164277e-6	1.1336673336942172e-8	1.011865449329695e-9	3.959845857931694e-5
575.0	2.2440209049723195e-8	1.720892967518411e-9	3.849934595136405e-6	1.1336684065041792e-8	1.0122647541022375e-9	3.9598458433572526e-5
576.0	2.2447413603364473e-8	1.7237851622513015e-9	3.849934143188301e-6	1.1336391110049748e-8	1.0122142221454051e-9	3.9598458728421225e-5
577.0	2.249381379247173e-8	1.7230362907888787e-9	3.8499357325985285e-6	1.133601827928571e-8	1.0122758449449933e-9	3.9598458552131754e-5
578.0	2.247496712094188e-8	1.723665059138023e-9	3.849937050080854e-6	1.1332559780697618e-8	1.0125067377649336e-9	3.9598458976891096e-5
579.0	2.2461542899954837e-8	1.723112925147692e-9	3.8499361082181875e-6	1.1332683031796119e-8	1.0121256258847796e-9	3.959845870952107e-5
580.0	2.2487670640192898e-8	1.7223174817989917e-9	3.849935035114868e-6	1.1328383891624648e-8	1.0124429964500154e-9	3.95984589476781e-5
581.0	2.2502296995243156e-8	1.7222502722335757e-9	3.849934867525948e-6	1.1330191240161835e-8	1.0121236408153282e-9	3.959845889632914e-5
582.0	2.247947625777019e-8	1.7218403294056562e-9	3.849934636112581e-6	1.13267955898487e-8	1.012409579930333e-9	3.95984589653403e-5
583.0	2.2440603024430877e-8	1.7230655699419427e-9	3.849935335013219e-6	1.1330316878365984e-8	1.0121363665017419e-9	3.9598459175005116e-5
584.0	2.250680189399237e-8	1.7232048515355548e-9	3.849936079283009e-6	1.1328686780269429e-8	1.0121369323078703e-9	3.9598458989146626e-5
585.0	2.2534694592585952e-8	1.725305731935583e-9	3.84993591499137e-6	1.1332931892170086e-8	1.0119010603589235e-9	3.959845916016747e-5
586.0	2.2483701091908897e-8	1.7242566562231548e-9	3.849935636679376e-6	1.1332126145001786e-8	1.0117634375044602e-9	3.9598458730711534e-5
587.0	2.244261870293596e-8	1.723691570885467e-9	3.849934708721093e-6	1.1336033672518615e-8	1.011859108288717e-9	3.95984586289423e-5
588.0	2.2471473100716276e-8	1.722655943523845e-9	3.849935398357678e-6	1.133529719445138e-8	1.0117055706774867e-9	3.959845821807864e-5
589.0	2.2511205958239266e-8	1.7232138806720299e-9	3.849935424443879e-6	1.1337272422327626e-8	1.0119611683219193e-9	3.959845806788985e-5
590.0	2.250820829253934e-8	1.722453271558938e-9	3.849935559019079e-6	1.1336905928654832e-8	1.0118380582755515e-9	3.9598457837911716e-5
591.0	2.2454925526726595e-8	1.723960303922621e-9	3.849935195140596e-6	1.1335147947897868e-8	1.0118606469269263e-9	3.959845778790994e-5
592.0	2.2476910302431335e-8	1.725249813089788e-9	3.849935502803867e-6	1.1335195218762049e-8	1.0117767709552607e-9	3.959845770637102e-5
593.0	2.246551445519605e-8	1.7260901440488264e-9	3.849935416323409e-6	1.133120981812179e-8	1.0118372368191088e-9	3.959845796562898e-5
594.0	2.2494370496428724e-8	1.7262097372582768e-9	3.849935537389052e-6	1.133231250438945e-8	1.011821710163596e-9	3.959845796300122e-5
595.0	2.2479135117456122e-8	1.7247437354294397e-9	3.849935751385674e-6	1.132846883355215e-8	1.012013937613737e-9	3.959845832782879e-5
596.0	2.2494359765345736e-8	1.7245039975937657e-9	3.849935550210283e-6	1.1331612037527153e-8	1.0121007107186712e-9	3.959845818880073e-5
597.0	2.2480293280079475e-8	1.7237984413090196e-9	3.849934355241729e-6	1.1328259378362076e-8	1.012116786960476e-9	3.959845830759924e-5
598.0	2.2464825216044925e-8	1.7227693279698528e-9	3.849935337328934e-6	1.1332041122498466e-8	1.0121890262328568e-9	3.959845809112331e-5
599.0	2.248278960189494e-8	1.7247096298637509e-9	3.849935485455336e-6	1.132941967263782e-8	1.0121494322798357e-9	3.9598458063053514e-5
600.0	2.248458697582242e-8	1.7254439522891233e-9	3.849935297111992e-6	1.1333442048912809e-8	1.0123185834215254e-9	3.959845798861262e-5
601.0	2.2495734446398638e-8	1.7259461656854225e-9	3.8499361115033345e-6	1.133213632463488e-8	1.0125376376884884e-9	3.9598457989599725e-5
602.0	2.2464128065742267e-8	1.7262615617049538e-9	3.849935706905377e-6	1.1335118819101165e-8	1.012638141637574e-9	3.9598458067630284e-5
603.0	2.2460034453797704e-8	1.7264106235000414e-9	3.849934594482723e-6	1.1335103324681754e-8	1.0126266295497413e-9	3.9598458062755345e-5
604.0	2.2487968246282716e-8	1.7264521674147704e-9	3.849934532051428e-6	1.1335107308052643e-8	1.012649560901047e-9	3.959845829650549e-5
605.0	2.245762627870106e-8	1.724642032746694e-9	3.849935627982316e-6	1.1334357719872787e-8	1.0124123842325602e-9	3.959845821832866e-5
606.0	2.2494790508817754e-8	1.7260848465925384e-9	3.849935320494742e-6	1.1332326174911154e-8	1.0123872630666642e-9	3.959845860821143e-5
607.0	2.2469753537522035e-8	1.7251921727951379e-9	3.8499354227428235e-6	1.1332100380864985e-8	1.0121105112865898e-9	3.959845842310829e-5
608.0	2.2472783899451736e-8	1.727077402181984e-9	3.849935359058901e-6	1.1329395552118618e-8	1.0120978681483875e-9	3.959845893127155e-5
609.0	2.2470993388674995e-8	1.726242109428152e-9	3.8499352638237775e-6	1.1331140604402589e-8	1.011951769628719e-9	3.9598458632873645e-5
610.0	2.2478283418994173e-8	1.727286895106126e-9	3.849935017371898e-6	1.1328841713728522e-8	1.0117753905516901e-9	3.959845914276354e-5
611.0	2.2487659870373638e-8	1.7275193094822626e-9	3.849935318615487e-6	1.1331442556942143e-8	1.011869820690999e-9	3.959845877174514e-5
612.0	2.2481749476990463e-8	1.7276918962349934e-9	3.8499357685427985e-6	1.1329694404220729e-8	1.011476764453769e-9	3.959845907683923e-5
613.0	2.245938306737758e-8	1.7276719358900339e-9	3.84993544015762e-6	1.1333039892141596e-8	1.0116177240012214e-9	3.959845875153717e-5
614.0	2.249619792291146e-8	1.728540218928989e-9	3.849935078929874e-6	1.133241920518523e-8	1.011073035006317e-9	3.95984587709425e-5
615.0	2.2493142479840982e-8	1.7286467311430845e-9	3.849934785205225e-6	1.1334914625908908e-8	1.011467940504252e-9	3.959845864644794e-5
616.0	2.2474584689663382e-8	1.7278401683245052e-9	3.849935021378683e-6	1.1335916737959763e-8	1.0109663245777228e-9	3.959845851718188e-5
617.0	2.246266922513937e-8	1.7281963150773922e-9	3.849935780651764e-6	1.1336604384571914e-8	1.0114403923272254e-9	3.959845868195702e-5
618.0	2.2471099661644922e-8	1.7279620198045362e-9	3.849935761218177e-6	1.1337076217252326e-8	1.0115077686804304e-9	3.959845867552059e-5
619.0	2.2513248965130093e-8	1.7270530860857582e-9	3.849935654928397e-6	1.1336244295740212e-8	1.0115498660772865e-9	3.959845897342469e-5
620.0	2.2502861198352146e-8	1.7281001916830223e-9	3.849935313178173e-6	1.1335610110050224e-8	1.0120471832459749e-9	3.959845918184628e-5
621.0	2.245443639887464e-8	1.7278821104062234e-9	3.849934842619426e-6	1.1333702403457951e-8	1.0115810454258257e-9	3.9598459331495e-5
622.0	2.2458488554729598e-8	1.7283054615929522e-9	3.849934969362306e-6	1.133274425935327e-8	1.0123147511682467e-9	3.959845947964141e-5
623.0	2.248476639843218e-8	1.7298156963279569e-9	3.849935310581203e-6	1.1329838423669895e-8	1.011773237360617e-9	3.959845946486225e-5
624.0	2.251949616180573e-8	1.7291638283716945e-9	3.84993561256256e-6	1.1328580542328718e-8	1.0123979149645858e-9	3.959845952144527e-5
625.0	2.2482231919047295e-8	1.7289207951898543e-9	3.849935527384115e-6	1.132586681457666e-8	1.0122284114814659e-9	3.95984594250505e-5
626.0	2.2484522476258362e-8	1.7285430600996131e-9	3.849935371625973e-6	1.1326365970898632e-8	1.0123595414671682e-9	3.9598459474935044e-5
627.0	2.246103902394783e-8	1.7280246147284194e-9	3.849935064973719e-6	1.13266107405044e-8	1.0126221164956147e-9	3.9598459415680414e-5
628.0	2.2495247362211134e-8	1.7278661039439349e-9	3.849935122690113e-6	1.1327695100841902e-8	1.0122503601874903e-9	3.9598459449059516e-5
629.0	2.250093409328259e-8	1.7278544226675177e-9	3.849935205751595e-6	1.1331376152943405e-8	1.0128231695494532e-9	3.959845934688948e-5
630.0	2.2498083338980343e-8	1.7284293682484795e-9	3.84993527969393e-6	1.1331387447638415e-8	1.0121681952858093e-9	3.959845916412512e-5
631.0	2.2486457332879578e-8	1.7290526572680875e-9	3.849934535048247e-6	1.133608547321429e-8	1.0127163951368899e-9	3.959845906204482e-5
632.0	2.2447706683082642e-8	1.7289021416328106e-9	3.8499349060389605e-6	1.1335959685461183e-8	1.0120850840694027e-9	3.959845878955833e-5
633.0	2.2472204268414312e-8	1.729404711982182e-9	3.849934871733419e-6	1.1339415023399478e-8	1.012233790921324e-9	3.9598458685945416e-5
634.0	2.2501213513461022e-8	1.7289396239231363e-9	3.8499353248992635e-6	1.1338981208919067e-8	1.011897712116188e-9	3.9598458650621716e-5
635.0	2.2512930250675697e-8	1.7297310953472796e-9	3.8499353716815505e-6	1.1339688281606245e-8	1.01138452375223e-9	3.9598458488126496e-5
636.0	2.2460363060677977e-8	1.7293744491224705e-9	3.849935139867299e-6	1.1336990475232005e-8	1.0117771358273557e-9	3.959845856513644e-5
637.0	2.2470768549195426e-8	1.7294156464619881e-9	3.8499348066095465e-6	1.133524017081415e-8	1.011183961300295e-9	3.95984584811152e-5
638.0	2.2463786929825517e-8	1.7285310981091641e-9	3.849934745606894e-6	1.1331019105124272e-8	1.0120357380420986e-9	3.959845839210539e-5
639.0	2.2521945226581178e-8	1.7300446901986313e-9	3.849935315705618e-6	1.1328537403351959e-8	1.0118986417841863e-9	3.9598458529658886e-5
640.0	2.248484366525283e-8	1.7306674275719167e-9	3.8499356581381965e-6	1.1326440605833079e-8	1.012507084111172e-9	3.9598458261073344e-5
641.0	2.2485224278164284e-8	1.7297896658388138e-9	3.849935480137814e-6	1.1323254484768955e-8	1.0124244052399095e-9	3.95984584927311e-5
642.0	2.2489907889003306e-8	1.732363604362662e-9	3.8499351286648714e-6	1.1325773979395517e-8	1.0123258885840308e-9	3.9598458190787614e-5
643.0	2.2468959176907057e-8	1.731894685327599e-9	3.849934728504907e-6	1.1322653400749365e-8	1.0121378030284661e-9	3.9598458137030905e-5
644.0	2.2479063234895904e-8	1.7318935164387305e-9	3.849934976538812e-6	1.1328472146872615e-8	1.0118173186836394e-9	3.959845814344766e-5
645.0	2.2503202283972776e-8	1.7318868270988903e-9	3.8499358160485076e-6	1.1328864478913664e-8	1.0120246101640651e-9	3.9598457797078664e-5
646.0	2.2502548196235496e-8	1.7305967804232329e-9	3.8499359723658156e-6	1.1335610865107376e-8	1.0120743694506522e-9	3.959845816460752e-5
647.0	2.2479231430497706e-8	1.7309439082507288e-9	3.849935339399924e-6	1.133794745848442e-8	1.012551547552412e-9	3.959845765520461e-5
648.0	2.244680539682895e-8	1.729802057154639e-9	3.849935202381841e-6	1.134242084856634e-8	1.012672632652061e-9	3.959845805838547e-5
649.0	2.2484626840728785e-8	1.7312190557983147e-9	3.84993485087086e-6	1.1341777936852483e-8	1.0129157750214752e-9	3.959845755116429e-5
650.0	2.2538988795213586e-8	1.7327578565988772e-9	3.849934575795333e-6	1.1343039425928317e-8	1.0127790788162286e-9	3.959845792042513e-5
651.0	2.2490654836568446e-8	1.7310954014475958e-9	3.849935112548678e-6	1.1338366399950728e-8	1.0126854837012698e-9	3.959845768018619e-5
652.0	2.246379314874511e-8	1.7322384566105867e-9	3.8499356476151225e-6	1.1335968499890201e-8	1.0125135135843353e-9	3.959845794180693e-5
653.0	2.2472435780963068e-8	1.731154217689336e-9	3.849935357509612e-6	1.1331980880996864e-8	1.0124210456917485e-9	3.959845817540683e-5
654.0	2.2528366565496473e-8	1.7299098406650635e-9	3.8499354236011304e-6	1.132556067390824e-8	1.0122450400377493e-9	3.9598458140739744e-5
655.0	2.2517362622001207e-8	1.7302671454833988e-9	3.849935287223197e-6	1.1325792608978663e-8	1.0122521368882217e-9	3.9598458579733515e-5
656.0	2.2476683217660268e-8	1.73084645987638e-9	3.849934872178076e-6	1.1319650727749e-8	1.0120267659447422e-9	3.9598458074088985e-5
657.0	2.2475500201304912e-8	1.7315486498164677e-9	3.849934451282219e-6	1.1324005672228238e-8	1.0119769776443969e-9	3.95984586929304e-5
658.0	2.2497919129679402e-8	1.7313105397464948e-9	3.8499348374469465e-6	1.1323850649444173e-8	1.0119777346670315e-9	3.959845795756445e-5
659.0	2.2489021222716875e-8	1.7336889979233628e-9	3.8499353169476875e-6	1.1329839347462346e-8	1.0117575130518559e-9	3.9598458621737744e-5
660.0	2.2500750848894352e-8	1.7334300804095268e-9	3.849935405187929e-6	1.1333664156321746e-8	1.0119599778518306e-9	3.959845807547841e-5
661.0	2.2491875194722443e-8	1.7322484441114543e-9	3.849935405346443e-6	1.1338847696800094e-8	1.0115555072486596e-9	3.959845848476696e-5
662.0	2.2488602668386915e-8	1.731291480963488e-9	3.84993522921457e-6	1.1341170463593626e-8	1.0117172063768905e-9	3.959845838362753e-5
663.0	2.247492183330228e-8	1.7329136676084835e-9	3.849934769862782e-6	1.134469643950047e-8	1.0112309343181757e-9	3.959845843446106e-5
664.0	2.2487488494961626e-8	1.7317431557595997e-9	3.849935078289099e-6	1.1343033055007064e-8	1.0113182375028081e-9	3.9598458664805324e-5
665.0	2.2510371956323597e-8	1.731757055266268e-9	3.849934899076406e-6	1.1342229302870276e-8	1.0113454692898809e-9	3.959845857892779e-5
666.0	2.249639227388051e-8	1.7340598974900113e-9	3.849935696502666e-6	1.1338716257042954e-8	1.011401803834855e-9	3.95984588469292e-5
667.0	2.2468129101464404e-8	1.733761258179984e-9	3.849935304754469e-6	1.133219189761026e-8	1.0119172441607006e-9	3.9598458793550815e-5
668.0	2.248072299035397e-8	1.7329668736542815e-9	3.849935198341191e-6	1.1330742203939853e-8	1.0118165747433607e-9	3.959845880357987e-5
669.0	2.2511495678157657e-8	1.7344197291730478e-9	3.849935419299543e-6	1.1322734064163471e-8	1.0123334108976062e-9	3.959845887282309e-5
670.0	2.248627152398938e-8	1.733038311084987e-9	3.849935646109856e-6	1.1324802659078037e-8	1.0120336580281946e-9	3.959845888385243e-5
671.0	2.250942964766083e-8	1.7336381679243505e-9	3.849935046236373e-6	1.1321648456250857e-8	1.0122365069636526e-9	3.959845898916865e-5
672.0	2.2466830987011426e-8	1.733447271079482e-9	3.849935597905487e-6	1.1325166703027174e-8	1.0120228003051544e-9	3.9598459094491504e-5
673.0	2.2495097246514244e-8	1.733157023021222e-9	3.8499351778117585e-6	1.1327242050289134e-8	1.0119780499959173e-9	3.9598458941224775e-5
674.0	2.2489623917061393e-8	1.7346812636283122e-9	3.849934993206994e-6	1.1331054770219953e-8	1.0120269362451256e-9	3.959845904202459e-5
675.0	2.2498391489084172e-8	1.7341922062621022e-9	3.849935628030464e-6	1.1334536603494485e-8	1.012021558112904e-9	3.959845873693901e-5
676.0	2.2510642650254647e-8	1.7347599987195839e-9	3.849935755540134e-6	1.1338327819846567e-8	1.0123484619884097e-9	3.959845876061509e-5
677.0	2.24681738235325e-8	1.7341631816047205e-9	3.849935237217199e-6	1.1340485965923984e-8	1.0125067256221786e-9	3.959845866457376e-5
678.0	2.2462866269885153e-8	1.7350119786595932e-9	3.849935013209119e-6	1.1340835365466196e-8	1.0125402905116124e-9	3.959845845252264e-5
679.0	2.249697538883411e-8	1.7342087671216822e-9	3.849935312627473e-6	1.1340083625812323e-8	1.0125845362299788e-9	3.9598458608645345e-5
680.0	2.2523381373428658e-8	1.7339624365173469e-9	3.849934617594362e-6	1.1335364152726705e-8	1.0122668762720748e-9	3.959845813133974e-5
681.0	2.2491296025238903e-8	1.7349309578261626e-9	3.849935501496596e-6	1.1334473568043394e-8	1.0122059313043249e-9	3.959845843673417e-5
682.0	2.247664898245676e-8	1.7370628740798787e-9	3.849935574712675e-6	1.1328327218246166e-8	1.0122368196253022e-9	3.959845805597186e-5
683.0	2.2473161597986408e-8	1.7351745155347955e-9	3.849935559049722e-6	1.1330244564575012e-8	1.012144632986464e-9	3.95984583244784e-5
684.0	2.2537293784868583e-8	1.737377473553084e-9	3.849935081713535e-6	1.1326458059153499e-8	1.012341816208528e-9	3.9598458103388044e-5
685.0	2.2500380065721884e-8	1.7359927464934626e-9	3.8499357614627474e-6	1.1329067940969887e-8	1.012005487639589e-9	3.9598458237179365e-5
686.0	2.2482000489742214e-8	1.7354385533128078e-9	3.849934493010053e-6	1.1328425902231937e-8	1.0122288825805375e-9	3.959845843797213e-5
687.0	2.2501376607679494e-8	1.7353175498229774e-9	3.8499349381127245e-6	1.133096618101808e-8	1.011694650779483e-9	3.9598458316207085e-5
688.0	2.251565846807048e-8	1.7342822349726514e-9	3.849935840689105e-6	1.1332495825200128e-8	1.0118879967160594e-9	3.959845886305712e-5
689.0	2.2505123778757176e-8	1.734620418135543e-9	3.849935316456521e-6	1.1334597928668981e-8	1.01175579444409e-9	3.959845827029129e-5
690.0	2.2495452684353086e-8	1.7348751714961256e-9	3.849935484281377e-6	1.1335817866819759e-8	1.0116202549312376e-9	3.959845883099502e-5
691.0	2.2505440788757722e-8	1.736221991180611e-9	3.849935549890918e-6	1.1335171357119996e-8	1.0119295905811894e-9	3.9598457871411964e-5
692.0	2.2519624049281398e-8	1.7370816105436914e-9	3.849935487251918e-6	1.1335098485383664e-8	1.0113819347679354e-9	3.959845828539757e-5
693.0	2.2484308431419543e-8	1.7374661056796959e-9	3.849934772327007e-6	1.1331754125165734e-8	1.0120222254974545e-9	3.959845749395067e-5
694.0	2.24915298025552e-8	1.737554305260361e-9	3.849935622519099e-6	1.1332853657626461e-8	1.0115666186549132e-9	3.959845773113429e-5
695.0	2.2519081715330038e-8	1.7358996675023353e-9	3.849935833686839e-6	1.1329396659386892e-8	1.0122127707978658e-9	3.9598457438233725e-5
696.0	2.2530634898655388e-8	1.7358830890127514e-9	3.849934953871521e-6	1.1332408478810716e-8	1.0119642359842771e-9	3.959845731055219e-5
697.0	2.2490960041752596e-8	1.7360480780021797e-9	3.849934642526828e-6	1.1330086245336135e-8	1.0123107612514644e-9	3.9598457511260636e-5
698.0	2.2486260155490166e-8	1.7361806897214342e-9	3.849935516092862e-6	1.1333089704934425e-8	1.0124282833477701e-9	3.959845710250992e-5
699.0	2.2525657782624224e-8	1.73633716063406e-9	3.849935883705023e-6	1.1331677071530435e-8	1.0120420677801552e-9	3.959845745695655e-5
700.0	2.252408388995816e-8	1.738564125784086e-9	3.849935481354142e-6	1.1333923026691946e-8	1.0127122917746155e-9	3.959845701634221e-5
701.0	2.249417868804207e-8	1.7380262794902682e-9	3.8499363197769184e-6	1.133336005857858e-8	1.0121741129837707e-9	3.9598457572240415e-5
702.0	2.2491283879671757e-8	1.7386251651047571e-9	3.849935135146864e-6	1.1334196330093768e-8	1.013045433827105e-9	3.959845721775185e-5
703.0	2.2502137676881653e-8	1.7379794013799848e-9	3.849934683949114e-6	1.1333560756669113e-8	1.0125635089068883e-9	3.95984578751178e-5
704.0	2.2551954660669166e-8	1.7370943419052248e-9	3.8499348037104645e-6	1.1331689409665503e-8	1.012987650005811e-9	3.959845755418898e-5
705.0	2.2487054416918082e-8	1.7373119004983195e-9	3.84993583065155e-6	1.1330932253581899e-8	1.0127487621021566e-9	3.959845819162286e-5
706.0	2.249922705508866e-8	1.7363621449472481e-9	3.8499359742573934e-6	1.132833279154071e-8	1.012600734718625e-9	3.959845800353441e-5
707.0	2.2504249907563246e-8	1.7371879432746476e-9	3.8499353117502536e-6	1.1329213721372165e-8	1.0127810983824459e-9	3.959845841183993e-5
708.0	2.2501658708989495e-8	1.7386480554264613e-9	3.849935245548042e-6	1.1328547100227408e-8	1.0124643560797731e-9	3.9598458536057895e-5
709.0	2.2531120370822918e-8	1.7386209513355642e-9	3.849935608229276e-6	1.1330693321703465e-8	1.0127164273900293e-9	3.959845839933818e-5
710.0	2.2483347407675887e-8	1.7382115244927516e-9	3.849935421482565e-6	1.1330853848059776e-8	1.0121915475502834e-9	3.959845865704756e-5
711.0	2.251330012716187e-8	1.7392600967187748e-9	3.849934781563429e-6	1.1333713700160062e-8	1.0123759628912468e-9	3.959845818146241e-5
712.0	2.248928324469361e-8	1.7399484371449159e-9	3.8499354904253325e-6	1.1333726655237376e-8	1.0118769450325059e-9	3.959845847134587e-5
713.0	2.2494788721314576e-8	1.738339813728612e-9	3.849934933196332e-6	1.1335813352195712e-8	1.0118200854057716e-9	3.959845813660148e-5
714.0	2.2538728381154814e-8	1.7384762974102398e-9	3.8499345758870094e-6	1.1335468953850681e-8	1.0116446496096647e-9	3.959845836610604e-5
715.0	2.2520167757799386e-8	1.739760719768477e-9	3.849935873116719e-6	1.1335202863204274e-8	1.011535337940451e-9	3.9598458233274645e-5
716.0	2.2477857397642147e-8	1.738806933276797e-9	3.849936121351653e-6	1.1333815473685292e-8	1.0117160923298171e-9	3.9598458496949475e-5
717.0	2.249831799253483e-8	1.7388346363722258e-9	3.849935199611546e-6	1.1330656412981078e-8	1.0114049378060953e-9	3.9598458244921e-5
718.0	2.2501794970556185e-8	1.7398017333630723e-9	3.8499348718136846e-6	1.13294514661355e-8	1.0118499814982337e-9	3.9598458468510615e-5
719.0	2.256264305865625e-8	1.7396436060016705e-9	3.8499346735695975e-6	1.1327471276624939e-8	1.0115511603414588e-9	3.9598458324638525e-5
720.0	2.2504430537181137e-8	1.7395587576390193e-9	3.8499353894244225e-6	1.1327603121810094e-8	1.0120947218874503e-9	3.959845840587871e-5
721.0	2.2497418605819918e-8	1.7413563645740892e-9	3.849935733055638e-6	1.1328471675589257e-8	1.0121410083601743e-9	3.959845858136523e-5
722.0	2.2510320870848232e-8	1.7406406032418018e-9	3.849935688799465e-6	1.1330021453521939e-8	1.012422936060398e-9	3.959845843469935e-5
723.0	2.2513646570322588e-8	1.7405371214856082e-9	3.849935414777408e-6	1.133214317052623e-8	1.0126706758556757e-9	3.959845901438202e-5
724.0	2.2536874956441554e-8	1.7408938093349724e-9	3.8499355504519435e-6	1.1334340656687485e-8	1.0125221517313788e-9	3.959845853901593e-5
725.0	2.2521255698374134e-8	1.7417426532221915e-9	3.849934815502955e-6	1.1335868595600363e-8	1.0127655004164919e-9	3.959845915333279e-5
726.0	2.252797106559306e-8	1.7396718004574158e-9	3.849935541882376e-6	1.1337270196112897e-8	1.0124928760748283e-9	3.9598458532988816e-5
727.0	2.2489815467155845e-8	1.741229631950685e-9	3.849935563474017e-6	1.1337269111560703e-8	1.0128308606933538e-9	3.959845905882079e-5
728.0	2.2491078828196e-8	1.7417052209279583e-9	3.84993508246165e-6	1.1335250463599261e-8	1.0128313737378644e-9	3.9598458572676525e-5
729.0	2.2548684934524877e-8	1.741609957745761e-9	3.8499350610190246e-6	1.1334084478582634e-8	1.0128583461894962e-9	3.959845881243608e-5
730.0	2.2567271490887148e-8	1.7420367376010586e-9	3.849935240142899e-6	1.132898734512075e-8	1.0131117961015778e-9	3.959845861246948e-5
731.0	2.2529740802156037e-8	1.742383141465081e-9	3.849935442653263e-6	1.1327581381669126e-8	1.0126895915292528e-9	3.9598458638206334e-5
732.0	2.2459690080045918e-8	1.7421106810377159e-9	3.8499355461915355e-6	1.1324294799437951e-8	1.0127191876531686e-9	3.959845860684648e-5
733.0	2.250154046969249e-8	1.7407061060220708e-9	3.849935239719247e-6	1.1324879676672255e-8	1.0122575712065086e-9	3.9598458594728824e-5
734.0	2.2582136106047245e-8	1.7411898258343026e-9	3.849935247740457e-6	1.1325079875258905e-8	1.0121788119302609e-9	3.95984584563277e-5
735.0	2.256487370768661e-8	1.7423170232163564e-9	3.849934931093307e-6	1.1328390386599662e-8	1.011865827593856e-9	3.9598458533708964e-5
736.0	2.248415777766125e-8	1.7412127383884278e-9	3.849934976480504e-6	1.1330588392568821e-8	1.0116088275181113e-9	3.95984581545405e-5
737.0	2.248243160013889e-8	1.7423025329792793e-9	3.849935536460852e-6	1.1334303055586656e-8	1.0115581040301854e-9	3.959845836983597e-5
738.0	2.250603532512743e-8	1.7434783719966364e-9	3.8499358037418515e-6	1.1337069720628164e-8	1.0113886737984587e-9	3.9598458006440895e-5
739.0	2.2571265806334515e-8	1.7434314635328685e-9	3.849935355271521e-6	1.1339607810153394e-8	1.0115133327002334e-9	3.95984582050856e-5
740.0	2.250683348276461e-8	1.7429683790766243e-9	3.849935612676774e-6	1.1341053651366182e-8	1.0115561288485759e-9	3.959845799841031e-5
741.0	2.2508903134193397e-8	1.7428362426122142e-9	3.849935309964292e-6	1.1338745678404966e-8	1.0115710801082793e-9	3.959845799423604e-5
742.0	2.2502796575669718e-8	1.7415019844013736e-9	3.849934905941369e-6	1.1338377021821914e-8	1.0117625057819532e-9	3.959845790706821e-5
743.0	2.2487138505060096e-8	1.7416756557223577e-9	3.849934957575671e-6	1.1332648422796593e-8	1.0116457749902852e-9	3.959845772970873e-5
744.0	2.2528900780809973e-8	1.7411085266525463e-9	3.8499356988623285e-6	1.133146198540169e-8	1.0117679588587688e-9	3.9598457846673764e-5
745.0	2.2544724343880486e-8	1.7432339245856828e-9	3.84993535620575e-6	1.132748722719772e-8	1.0118897908262645e-9	3.9598457687009924e-5
746.0	2.2546485122440698e-8	1.7433303839699932e-9	3.849935384552316e-6	1.1328445971454706e-8	1.0119739295697417e-9	3.959845789109955e-5
747.0	2.247905375998866e-8	1.745092870028771e-9	3.849935431556418e-6	1.1326284827360464e-8	1.012344137031242e-9	3.9598457932779894e-5
748.0	2.2465557888497346e-8	1.7441192489458507e-9	3.849935365935951e-6	1.13299925161439e-8	1.01235517989818e-9	3.959845813108027e-5
749.0	2.2535963150592888e-8	1.7446675153476904e-9	3.849935303288106e-6	1.1329681218526773e-8	1.0127155230010509e-9	3.959845826109272e-5
750.0	2.2580815470778334e-8	1.7432194190644819e-9	3.849935413578295e-6	1.133475554377517e-8	1.0127334407957549e-9	3.959845838813259e-5
751.0	2.2526282596545442e-8	1.742885421071132e-9	3.849935158279728e-6	1.1334326826725148e-8	1.0125916294878426e-9	3.9598458343398563e-5
752.0	2.2466460977289404e-8	1.7435900674199991e-9	3.849934974074249e-6	1.1337515378696962e-8	1.0125149829156041e-9	3.959845843983041e-5
753.0	2.2503718472192215e-8	1.7436415737544458e-9	3.849935355453889e-6	1.1336846438575703e-8	1.0119636337004226e-9	3.959845814572071e-5
754.0	2.2531486476659458e-8	1.7440000278921938e-9	3.849935678982955e-6	1.1335693216001986e-8	1.012029598177375e-9	3.959845830190592e-5
755.0	2.25518233711467e-8	1.745055568506499e-9	3.849935855886206e-6	1.1334858439682782e-8	1.011677717746104e-9	3.9598457932479753e-5
756.0	2.251579449228504e-8	1.7457206190082693e-9	3.849935547767086e-6	1.1331534386447134e-8	1.01201604656391e-9	3.959845823305594e-5
757.0	2.251208624041523e-8	1.7444023000611136e-9	3.849935541653935e-6	1.1330935388901666e-8	1.0120858290540342e-9	3.959845795322849e-5
758.0	2.2500539649676265e-8	1.7459125698832874e-9	3.849934740905009e-6	1.1328783014313918e-8	1.0121203879538094e-9	3.959845818640935e-5
759.0	2.2493701488149204e-8	1.7445753633570294e-9	3.849934717126285e-6	1.132974731879586e-8	1.0122238310268644e-9	3.959845796433122e-5
760.0	2.2541050006979524e-8	1.7449647777038675e-9	3.849935469432785e-6	1.1328846883342431e-8	1.0116279266810605e-9	3.959845807908112e-5
761.0	2.2572169254407966e-8	1.7450794900928774e-9	3.849935992396642e-6	1.1332481603261664e-8	1.0118667623067968e-9	3.9598458079793786e-5
762.0	2.253277598633098e-8	1.745555529733226e-9	3.8499354789372965e-6	1.1332042023107367e-8	1.0112992607524426e-9	3.959845823114315e-5
763.0	2.2466373863294624e-8	1.7447690410239746e-9	3.8499355632626324e-6	1.1337381803892573e-8	1.011629522993207e-9	3.959845841025816e-5
764.0	2.2513621427116288e-8	1.7447086171654352e-9	3.849935558276295e-6	1.1336243834485322e-8	1.011601122897799e-9	3.95984585041621e-5
765.0	2.25766485977675e-8	1.7445627329525296e-9	3.8499351652379914e-6	1.134035761753153e-8	1.011728324904582e-9	3.959845868461306e-5
766.0	2.255968772860719e-8	1.7433468092616657e-9	3.849934690437554e-6	1.1337409595833848e-8	1.012172221055985e-9	3.959845866635046e-5
767.0	2.2500062382710052e-8	1.7446068594418825e-9	3.8499352563521135e-6	1.133709265389189e-8	1.0119433772270706e-9	3.959845866505526e-5
768.0	2.2484073359211123e-8	1.7448142673538659e-9	3.849935572226067e-6	1.1333995332703485e-8	1.0126138046031698e-9	3.9598458614107556e-5
769.0	2.2562662417517564e-8	1.7460966000654014e-9	3.8499354672179875e-6	1.1331438209347612e-8	1.0122977994440515e-9	3.959845851100134e-5
770.0	2.2533258739640016e-8	1.7462865002586433e-9	3.849935348308483e-6	1.1328832958242114e-8	1.01270998227669e-9	3.959845851420331e-5
771.0	2.252558116548733e-8	1.7460396685818432e-9	3.84993529724633e-6	1.1327510937887748e-8	1.0125261339907196e-9	3.959845833678398e-5
772.0	2.2539005497940407e-8	1.745753105713484e-9	3.8499353408245045e-6	1.132649071655317e-8	1.0122592735961049e-9	3.959845832281855e-5
773.0	2.2528716102601956e-8	1.745760626217812e-9	3.8499349975245565e-6	1.1327862526729536e-8	1.0123610321291065e-9	3.9598458243352704e-5
774.0	2.2523901801017137e-8	1.7458558024648966e-9	3.8499349462188976e-6	1.1329426717226505e-8	1.0118525578849103e-9	3.9598458367737866e-5
775.0	2.2504215729963458e-8	1.7453084637467626e-9	3.849935493452197e-6	1.13317882085438e-8	1.0123483569788827e-9	3.959845837496049e-5
776.0	2.255393927928917e-8	1.7467323609492028e-9	3.849935782773226e-6	1.1336110123008674e-8	1.0121579449106728e-9	3.9598458549446084e-5
777.0	2.2570525056330144e-8	1.7458818446266895e-9	3.8499348721354826e-6	1.1336648280629357e-8	1.01268939134441e-9	3.959845836934727e-5
778.0	2.2494409089882968e-8	1.7461861513619297e-9	3.849935339900738e-6	1.1340019830301777e-8	1.0127130835931065e-9	3.9598458598739824e-5
779.0	2.2517103939731236e-8	1.7463844303118279e-9	3.8499359791982315e-6	1.1338083848474196e-8	1.012519389345539e-9	3.9598458291899076e-5
780.0	2.253297126661291e-8	1.7461343634653045e-9	3.849935436062569e-6	1.1337931192644013e-8	1.0125357920755107e-9	3.959845861347964e-5
781.0	2.2561278230515178e-8	1.7466683843851162e-9	3.8499350219011305e-6	1.1334572948080662e-8	1.0118067923781445e-9	3.9598458323081055e-5
782.0	2.2514077164805295e-8	1.7460459000547615e-9	3.8499357440314624e-6	1.1332568444435667e-8	1.0119806188887688e-9	3.959845869527627e-5
783.0	2.2513199824129132e-8	1.747172155897105e-9	3.849934902783847e-6	1.1330204861850983e-8	1.0116093191051916e-9	3.959845856237528e-5
784.0	2.2565107222745037e-8	1.7462838331538037e-9	3.8499352144825236e-6	1.1328978532293134e-8	1.0121256973004882e-9	3.95984586797609e-5
785.0	2.2525297662055497e-8	1.7462839087006388e-9	3.849935360254585e-6	1.132745389503688e-8	1.0122424652954978e-9	3.9598458539761644e-5
786.0	2.253551203863801e-8	1.7460876307282472e-9	3.849935299747903e-6	1.1328423258242546e-8	1.0122037554255348e-9	3.9598458411659465e-5
787.0	2.2514206248473017e-8	1.7459868932444748e-9	3.849935407724766e-6	1.1328416676625813e-8	1.0124625857493308e-9	3.959845809952736e-5
788.0	2.256624054781817e-8	1.746471275046047e-9	3.849935792545737e-6	1.1330816921736934e-8	1.0117726811019357e-9	3.959845794562496e-5
789.0	2.253806802458919e-8	1.7456006942783699e-9	3.849934640098427e-6	1.1332849031279909e-8	1.0120207625159497e-9	3.959845785908153e-5
790.0	2.252472152004159e-8	1.7483206453131345e-9	3.849934679472289e-6	1.1334258473682468e-8	1.0115277218357275e-9	3.959845776796388e-5
791.0	2.2524319377418803e-8	1.7464142009192949e-9	3.849935173924519e-6	1.1336003814756402e-8	1.011958252807349e-9	3.959845787085276e-5
792.0	2.254391883195773e-8	1.747750291286097e-9	3.84993514192712e-6	1.1335925102058504e-8	1.0118643713643479e-9	3.95984578248232e-5
793.0	2.2499979510035787e-8	1.7475581629781759e-9	3.849935173281431e-6	1.1336171997782038e-8	1.0120173221089938e-9	3.959845801721931e-5
794.0	2.254740197296565e-8	1.7471458044661839e-9	3.849935720512641e-6	1.1335129176556277e-8	1.0120355816045769e-9	3.95984579011295e-5
795.0	2.255059417920112e-8	1.7474462710222142e-9	3.849936019607479e-6	1.133495303633854e-8	1.0118095386803842e-9	3.9598458071516254e-5
796.0	2.2546891625788148e-8	1.7472458814334068e-9	3.849934768290998e-6	1.1333901232291843e-8	1.0120133735531018e-9	3.959845773416842e-5
797.0	2.2486639755768415e-8	1.7469985313365137e-9	3.849934721068647e-6	1.1333446692416077e-8	1.0118175793125024e-9	3.9598457917519823e-5
798.0	2.2501478653002456e-8	1.747275314147543e-9	3.849935372124751e-6	1.133254047184276e-8	1.0122934162298973e-9	3.959845745119522e-5
799.0	2.2579819305021173e-8	1.7473786848268867e-9	3.849935284826083e-6	1.133306676533975e-8	1.012222574052722e-9	3.959845768179384e-5
800.0	2.2558726251706497e-8	1.7473325481735637e-9	3.849934890024288e-6	1.1332871172204713e-8	1.0126597610934987e-9	3.959845749894657e-5
