turn	ele_ex	ele_ey	ele_ez	pro_ex	pro_ey	pro_ez
0.0	2.042908293953415e-8	1.6115840823421875e-9	3.8499871731240865e-6	1.1281249147272375e-8	1.0034676489862682e-9	3.959997587408601e-5
1.0	2.0932137942288286e-8	1.6248097289945855e-9	3.849987613388668e-6	1.1285174657974701e-8	1.0050255530958628e-9	3.959997592940646e-5
2.0	2.1030367565864332e-8	1.6230328944281952e-9	3.849988245743284e-6	1.1292016521212841e-8	1.0046298460010125e-9	3.959997608173486e-5
3.0	2.0869335363678735e-8	1.6322571946690553e-9	3.84998847479196e-6	1.1308868140540338e-8	1.006591362340801e-9	3.959997579742761e-5
4.0	2.074993737076887e-8	1.6454233106497458e-9	3.849988006640672e-6	1.1320744015289018e-8	1.0071904429132977e-9	3.959997617715043e-5
5.0	2.1445169695043362e-8	1.6352122905691067e-9	3.849987504657255e-6	1.1328943426032315e-8	1.0075037762165995e-9	3.9599975704317584e-5
6.0	2.200570785198352e-8	1.6442816551446568e-9	3.849986763712586e-6	1.1334827597810395e-8	1.0084495542986031e-9	3.959997587781819e-5
7.0	2.1560659468114496e-8	1.6371030183940694e-9	3.849987706089339e-6	1.1338721471962355e-8	1.0080279171078491e-9	3.959997544677713e-5
8.0	2.1378411015080085e-8	1.6393911883218989e-9	3.849988099649651e-6	1.1335832677841354e-8	1.0092881866695177e-9	3.959997538152669e-5
9.0	2.1830461052450135e-8	1.6506587192295872e-9	3.849987881846827e-6	1.1328713102022628e-8	1.008792017853948e-9	3.959997550741484e-5
10.0	2.252189395751602e-8	1.6434370115834712e-9	3.8499880865420475e-6	1.1320146076331014e-8	1.01015909029934e-9	3.959997506877851e-5
11.0	2.231115258745968e-8	1.649844239142937e-9	3.849987687390255e-6	1.1304454847322727e-8	1.0101512831521603e-9	3.959997533290968e-5
12.0	2.1861479743126244e-8	1.6501145097070704e-9	3.84998731737273e-6	1.1295417633150742e-8	1.010960159862865e-9	3.9599974810829616e-5
13.0	2.197264371420214e-8	1.649540403277011e-9	3.849987951713814e-6	1.1284359460749899e-8	1.0111593691999374e-9	3.95999750639196e-5
14.0	2.2321870144531665e-8	1.6525950869290114e-9	3.849988414354543e-6	1.1284210990107768e-8	1.0110549921611345e-9	3.959997479057171e-5
15.0	2.2419560293178144e-8	1.648874539587151e-9	3.8499871885001315e-6	1.1283433470494631e-8	1.0112534848906336e-9	3.9599974692680386e-5
16.0	2.2217170332937223e-8	1.6474329172027741e-9	3.849987091635462e-6	1.1290405636246248e-8	1.0102297598265422e-9	3.959997460966195e-5
17.0	2.21207456178255e-8	1.6468731567311995e-9	3.849987936989858e-6	1.1297587349240565e-8	1.0105183306740469e-9	3.9599974233979796e-5
18.0	2.214557658578283e-8	1.647652796184337e-9	3.849987787419221e-6	1.130998541492302e-8	1.0091021923030325e-9	3.95999742544713e-5
19.0	2.220639062535499e-8	1.6495216362397562e-9	3.849988197657096e-6	1.1317465481977555e-8	1.009306767605814e-9	3.959997389611974e-5
20.0	2.2253635596484596e-8	1.651342870363208e-9	3.849987911368322e-6	1.1328750424934448e-8	1.0083332727432393e-9	3.9599974024584185e-5
21.0	2.2301198773191575e-8	1.6510985268814857e-9	3.849986774208287e-6	1.1328822784664382e-8	1.0083523593240078e-9	3.9599974012913725e-5
22.0	2.2191803429950084e-8	1.6513339243655245e-9	3.849987106265879e-6	1.1332511453314707e-8	1.0079385027003597e-9	3.959997400618204e-5
23.0	2.2164262950469874e-8	1.6509709260564422e-9	3.8499877459797786e-6	1.1325004461751637e-8	1.007628472871152e-9	3.959997436500535e-5
24.0	2.217544877048221e-8	1.649321658668998e-9	3.849988031344731e-6	1.132032918261921e-8	1.0076685402072108e-9	3.9599974031935645e-5
25.0	2.2277425834374167e-8	1.6489447726228057e-9	3.849987997615709e-6	1.131122186990858e-8	1.007006617342061e-9	3.959997453218671e-5
26.0	2.2278593321819038e-8	1.6499502441775687e-9	3.849987511115416e-6	1.130462289449175e-8	1.007427312350497e-9	3.9599974047448356e-5
27.0	2.2211392510725966e-8	1.6493239129651556e-9	3.849986586090405e-6	1.1298595682123503e-8	1.0068073990219538e-9	3.959997468573047e-5
28.0	2.2218259989235632e-8	1.6498626231332731e-9	3.849986652802453e-6	1.1296704038676992e-8	1.0075514761851628e-9	3.959997437121677e-5
29.0	2.2184582901710614e-8	1.6516063957187331e-9	3.849987569925343e-6	1.129627162000182e-8	1.0073018334143463e-9	3.959997496086058e-5
30.0	2.2230130646247777e-8	1.6518367172732343e-9	3.8499881115677875e-6	1.1300798727141351e-8	1.007977143807083e-9	3.95999748646705e-5
31.0	2.224920518247346e-8	1.650986216717675e-9	3.849988341194101e-6	1.130662846540984e-8	1.0082351210401089e-9	3.959997511002894e-5
32.0	2.2270182329632793e-8	1.6511494103444803e-9	3.849987481496306e-6	1.1311686895858742e-8	1.008473923836296e-9	3.959997521748762e-5
33.0	2.224120389760461e-8	1.650895665548745e-9	3.849987249883291e-6	1.132035156740613e-8	1.0091064132414923e-9	3.959997498729773e-5
34.0	2.218926325897948e-8	1.6510647360693338e-9	3.8499863222969584e-6	1.132003396194452e-8	1.0088454093286885e-9	3.959997542716341e-5
35.0	2.2214000096459546e-8	1.6517970146114768e-9	3.849986772756778e-6	1.1325624463431777e-8	1.0094459398926507e-9	3.959997489073465e-5
36.0	2.227374284661938e-8	1.6528616463163308e-9	3.849987708597197e-6	1.1319445075094425e-8	1.008954568640905e-9	3.959997537045801e-5
37.0	2.228826234091615e-8	1.6520777543221296e-9	3.849988754367949e-6	1.132032885758465e-8	1.0093196287810385e-9	3.959997489000216e-5
38.0	2.2255482653094935e-8	1.6526927616969053e-9	3.8499878066320064e-6	1.1311477609823074e-8	1.0090451198410617e-9	3.95999751152299e-5
39.0	2.219178290229415e-8	1.6513697381722993e-9	3.849987139101803e-6	1.1310694876011564e-8	1.009399657982387e-9	3.959997485205449e-5
40.0	2.2259064735808063e-8	1.6514724218248426e-9	3.849986896190479e-6	1.1302821249970134e-8	1.0094619760166827e-9	3.959997490817727e-5
41.0	2.229215464401803e-8	1.6525317707909264e-9	3.849986091778461e-6	1.1304590733078534e-8	1.0095225744340007e-9	3.95999748723031e-5
42.0	2.226844229352759e-8	1.651159280610164e-9	3.849987276228695e-6	1.1300356787899803e-8	1.0095867162633374e-9	3.9599974881488204e-5
43.0	2.2232293405138606e-8	1.6532368959932397e-9	3.849988292187196e-6	1.1305642832531998e-8	1.0088750356888496e-9	3.959997488024617e-5
44.0	2.221988536917172e-8	1.6527863126873803e-9	3.849988414557532e-6	1.1306835337232118e-8	1.0087911896329811e-9	3.959997494472409e-5
45.0	2.2295732636539778e-8	1.6542119422355108e-9	3.849987303259918e-6	1.1312846690577105e-8	1.0078694939034845e-9	3.9599974898791386e-5
46.0	2.2242792514437827e-8	1.6539744935769132e-9	3.8499869264162225e-6	1.1317409189679045e-8	1.007956126119498e-9	3.959997495156475e-5
47.0	2.2239183826175453e-8	1.6538290526683165e-9	3.849987356811e-6	1.1319654765936832e-8	1.0077128035241543e-9	3.9599974974821165e-5
48.0	2.2234522684874495e-8	1.6534143100080854e-9	3.849987171081644e-6	1.132332479629485e-8	1.0079333901876429e-9	3.959997484073191e-5
49.0	2.2290563566048816e-8	1.6521886903917887e-9	3.849987452898958e-6	1.1320258329322182e-8	1.0082154810605723e-9	3.9599975028303015e-5
50.0	2.2254069883443854e-8	1.6536259915022526e-9	3.8499883129212995e-6	1.1322204498017085e-8	1.008231373340748e-9	3.9599974808766224e-5
51.0	2.222396016428778e-8	1.6533320567300448e-9	3.849987867744607e-6	1.1315138142215283e-8	1.008395127209574e-9	3.959997504271317e-5
52.0	2.2238073648092887e-8	1.6541780255166861e-9	3.84998720982973e-6	1.131590327948668e-8	1.0081647311739251e-9	3.959997494205602e-5
53.0	2.2276038065103938e-8	1.6558360424920457e-9	3.849987159635201e-6	1.130708531946497e-8	1.0082272986000765e-9	3.9599975102403144e-5
54.0	2.2258053295165237e-8	1.6558786377239836e-9	3.849987923934437e-6	1.1309493735653992e-8	1.0080803783892423e-9	3.959997507266342e-5
55.0	2.2208337718847925e-8	1.6550172891302778e-9	3.8499869860007255e-6	1.1303405342613752e-8	1.0082719505657716e-9	3.959997495080295e-5
56.0	2.222864805298093e-8	1.6538718784957124e-9	3.849987569715327e-6	1.1309263636420883e-8	1.0083935091799081e-9	3.959997488809987e-5
57.0	2.2267787383438643e-8	1.654129122121773e-9	3.849987599600687e-6	1.130800651169221e-8	1.008777771604967e-9	3.959997462954086e-5
58.0	2.228396293764538e-8	1.6524033886890736e-9	3.84998695958604e-6	1.1315224331805339e-8	1.0090181194768548e-9	3.9599974660879774e-5
59.0	2.223222057411609e-8	1.6531478407858647e-9	3.849987641294661e-6	1.1316328641143015e-8	1.009437816889392e-9	3.95999745220986e-5
60.0	2.2225514072302323e-8	1.6528751181595254e-9	3.849987974499139e-6	1.1320248696784969e-8	1.0096779595335173e-9	3.959997461532033e-5
61.0	2.2257124289259652e-8	1.6550680800727192e-9	3.8499870304261975e-6	1.1320639610438335e-8	1.009684482953657e-9	3.959997454184059e-5
62.0	2.2260524177933965e-8	1.6558000546202335e-9	3.8499868563622355e-6	1.1319544727037904e-8	1.0098268745117435e-9	3.959997456433579e-5
63.0	2.225163574491578e-8	1.6558479705615056e-9	3.849987591495565e-6	1.1318696972527312e-8	1.0094785665185725e-9	3.9599974398664645e-5
64.0	2.221243320582717e-8	1.6559301258350044e-9	3.849986898192559e-6	1.1313234967046235e-8	1.0095228627284323e-9	3.959997439349282e-5
65.0	2.2236012610720968e-8	1.654928096661578e-9	3.849987491075856e-6	1.1312519893544458e-8	1.0091842775939014e-9	3.959997420828775e-5
66.0	2.2251332177786275e-8	1.6545499772258374e-9	3.8499880401776976e-6	1.1305569116928912e-8	1.0093832505273712e-9	3.959997433274359e-5
67.0	2.225894147738138e-8	1.6543224437737272e-9	3.849987417426479e-6	1.1307800077410955e-8	1.0092784630112861e-9	3.959997430419107e-5
68.0	2.2233206881753166e-8	1.6538794343122348e-9	3.849986628348234e-6	1.1303215065701146e-8	1.009295030655086e-9	3.959997439504468e-5
69.0	2.221960263464374e-8	1.6537092554443585e-9	3.849986810654691e-6	1.1309823981553361e-8	1.0093858896399966e-9	3.959997449966831e-5
70.0	2.2246621256193346e-8	1.6550160865193386e-9	3.849987527093963e-6	1.1309201375988141e-8	1.0091338645391849e-9	3.9599974453525966e-5
71.0	2.226874037425042e-8	1.655450662810714e-9	3.849987352875874e-6	1.131709746686273e-8	1.0092283743498442e-9	3.9599974689732216e-5
72.0	2.2221006304752994e-8	1.6554980520467876e-9	3.84998727678344e-6	1.131781217879305e-8	1.0086983437776425e-9	3.959997456631276e-5
73.0	2.221417188457818e-8	1.655147318400994e-9	3.849987382947935e-6	1.1323186704117435e-8	1.0087587260187107e-9	3.959997493329041e-5
74.0	2.2219833937411025e-8	1.6558384492355462e-9	3.849987137643674e-6	1.1323070584897455e-8	1.008221498656879e-9	3.9599974780289966e-5
75.0	2.2291592005814803e-8	1.6557435294991584e-9	3.849987052578501e-6	1.1323967146923176e-8	1.008008114112352e-9	3.9599975062609665e-5
76.0	2.2252224905149104e-8	1.6530000453364064e-9	3.849987034280679e-6	1.132241088143702e-8	1.0079497014660274e-9	3.9599974798512084e-5
77.0	2.2184199848928514e-8	1.653244054407745e-9	3.8499876010039326e-6	1.1318450711907414e-8	1.0075440306051597e-9	3.959997477119484e-5
78.0	2.2217823724494746e-8	1.6534782173667145e-9	3.8499874387138725e-6	1.1315972721810605e-8	1.0080358510290107e-9	3.959997451175101e-5
79.0	2.226614180987995e-8	1.6525335810805697e-9	3.849986943841215e-6	1.1309467790632768e-8	1.0077492037605249e-9	3.9599974231769535e-5
80.0	2.227722522689497e-8	1.6561707179326744e-9	3.8499873716545655e-6	1.1308865722765692e-8	1.0082123195576906e-9	3.9599974154730655e-5
81.0	2.2211711577172622e-8	1.6565738137927598e-9	3.849987313068195e-6	1.1304381248884297e-8	1.008041434475623e-9	3.95999739246486e-5
82.0	2.2165344361326895e-8	1.6571716421386379e-9	3.8499872112893506e-6	1.1307827224688106e-8	1.0082212888299154e-9	3.9599974194148994e-5
83.0	2.224676166195869e-8	1.657692283983716e-9	3.84998761678265e-6	1.1307292651138544e-8	1.0082941923937785e-9	3.959997392737626e-5
84.0	2.2240596785828822e-8	1.655289761738676e-9	3.849987732393691e-6	1.1313015145437564e-8	1.0082091673254747e-9	3.959997447841157e-5
85.0	2.2234405001805496e-8	1.654477095782308e-9	3.849987238153739e-6	1.1314840133182892e-8	1.0086408556666934e-9	3.959997413188215e-5
86.0	2.219036178635827e-8	1.653927515571259e-9	3.849986572939447e-6	1.1319335148906266e-8	1.0085982648209183e-9	3.959997471787899e-5
87.0	2.219969809879904e-8	1.6536496431097977e-9	3.8499871706092965e-6	1.1321244699308483e-8	1.0090615791028918e-9	3.959997436841253e-5
88.0	2.2228186050898543e-8	1.6545409150373886e-9	3.849987631321693e-6	1.132295291544498e-8	1.0092304350332103e-9	3.9599974840212397e-5
89.0	2.2194877916637074e-8	1.6555590208177462e-9	3.849988148622333e-6	1.1323471207626203e-8	1.009522368583048e-9	3.959997465687877e-5
90.0	2.2224977757959024e-8	1.6586491464052583e-9	3.849987572893954e-6	1.1320563792740338e-8	1.009724703142706e-9	3.959997479456159e-5
91.0	2.2206732845481794e-8	1.6578122484579848e-9	3.8499876765610324e-6	1.1318978522830089e-8	1.0099300306320667e-9	3.9599974898277874e-5
92.0	2.2204470145379774e-8	1.6567168086019716e-9	3.8499870484781865e-6	1.1312776816063949e-8	1.0100144470990504e-9	3.9599974707007406e-5
93.0	2.2212446713544546e-8	1.6552365742833015e-9	3.849985650773294e-6	1.1311352138336959e-8	1.0099616546639743e-9	3.95999751373419e-5
94.0	2.218679359351385e-8	1.6539652411091542e-9	3.849987445643363e-6	1.1306288432097205e-8	1.009930494838561e-9	3.959997470214551e-5
95.0	2.223800733128209e-8	1.6544067556149112e-9	3.849987907978111e-6	1.1307081411332395e-8	1.009720075235436e-9	3.959997518320891e-5
96.0	2.2227217740885744e-8	1.6541759256003943e-9	3.849987739764748e-6	1.1305342303965185e-8	1.0095651964046723e-9	3.95999747024662e-5
97.0	2.222581594495357e-8	1.6557589496041911e-9	3.849987509379082e-6	1.1308080823536315e-8	1.0093923775372497e-9	3.959997510048207e-5
98.0	2.2204694283991944e-8	1.6571637266661697e-9	3.849987534842308e-6	1.130962551934825e-8	1.009408347039288e-9	3.959997486735543e-5
99.0	2.217143557513337e-8	1.6575561426830598e-9	3.8499867222682616e-6	1.1313583609007511e-8	1.008952691922311e-9	3.9599974995693216e-5
100.0	2.2241945256651447e-8	1.65760250609386e-9	3.849986031293824e-6	1.1317026494769722e-8	1.008861433831467e-9	3.9599975045764416e-5
101.0	2.2252285393551473e-8	1.656541112331942e-9	3.84998684862862e-6	1.1319311393640791e-8	1.008426219195185e-9	3.9599974893552074e-5
102.0	2.221442920944548e-8	1.6550379994680103e-9	3.849987669276388e-6	1.1322616857790125e-8	1.0081641153100606e-9	3.9599975102844035e-5
103.0	2.217936662795179e-8	1.6539818641976615e-9	3.8499881313523935e-6	1.132126755486414e-8	1.008005939088254e-9	3.9599974937709304e-5
104.0	2.2201818818755028e-8	1.6555050479614422e-9	3.849987582816621e-6	1.1322914836958662e-8	1.0079333816538695e-9	3.9599975204141885e-5
105.0	2.227159514087005e-8	1.655427100653825e-9	3.849987634589534e-6	1.1318583998602677e-8	1.0081072852003592e-9	3.959997509516522e-5
106.0	2.2253289541717748e-8	1.6567190886296119e-9	3.849986484698902e-6	1.1318702019527633e-8	1.0078287815551237e-9	3.959997529151923e-5
107.0	2.217171847194275e-8	1.657955938339788e-9	3.849986238730456e-6	1.1314351640102537e-8	1.0080624849260876e-9	3.959997505883656e-5
108.0	2.2195554653082446e-8	1.6574763548866537e-9	3.849986841656958e-6	1.1313442547319466e-8	1.007717216897396e-9	3.959997522194704e-5
109.0	2.2242921516629638e-8	1.6575017653699458e-9	3.8499878776695435e-6	1.1310840545675689e-8	1.0079986798055548e-9	3.959997488919077e-5
110.0	2.2286082323344516e-8	1.6584601056035195e-9	3.849988251895946e-6	1.1310991926722601e-8	1.0081335047951304e-9	3.959997500628276e-5
111.0	2.2204576722109e-8	1.656181058438047e-9	3.849987301083285e-6	1.1310381329383647e-8	1.0084232699033408e-9	3.959997479663005e-5
112.0	2.2172045022104e-8	1.6561725058610983e-9	3.849987118585113e-6	1.1312057721409877e-8	1.0087270915597156e-9	3.959997467032709e-5
113.0	2.2214708777478013e-8	1.656800301159506e-9	3.849986714603279e-6	1.1313471464367188e-8	1.0087601735851907e-9	3.9599974811645336e-5
114.0	2.2250065240855673e-8	1.6555275827764966e-9	3.849986714203327e-6	1.131494842003202e-8	1.008852814133507e-9	3.959997443789364e-5
115.0	2.2261028414203147e-8	1.655785131644152e-9	3.8499873991725865e-6	1.1317664902659988e-8	1.0086639689153468e-9	3.959997489952573e-5
116.0	2.2189422860171408e-8	1.6571190734651873e-9	3.849987838199854e-6	1.1316999222460737e-8	1.008959700775314e-9	3.9599974515063384e-5
117.0	2.2198287729362783e-8	1.6563725677468827e-9	3.849987559606201e-6	1.1319709992096463e-8	1.008914003476753e-9	3.959997508627136e-5
118.0	2.2226718677943645e-8	1.6564749889485394e-9	3.849987023764178e-6	1.131714378580926e-8	1.0093809021626781e-9	3.959997478313603e-5
119.0	2.2227636230585756e-8	1.6570073864448485e-9	3.8499870163682636e-6	1.1318286601025568e-8	1.0092966410530712e-9	3.9599975094050776e-5
120.0	2.2251304692081438e-8	1.6565792275045468e-9	3.8499871737531295e-6	1.1315962783482828e-8	1.009338328442293e-9	3.959997490516838e-5
121.0	2.220413348691704e-8	1.6566881898829579e-9	3.8499875364917925e-6	1.1314797659581594e-8	1.0091023818663887e-9	3.959997496898791e-5
122.0	2.2213895407540336e-8	1.6552530997589616e-9	3.8499876995137474e-6	1.1313456932901174e-8	1.0088648984821936e-9	3.959997486485702e-5
123.0	2.2227781557458328e-8	1.65549138766954e-9	3.849987421912937e-6	1.1312467434613903e-8	1.0088473774163239e-9	3.9599974741682434e-5
124.0	2.2211406512227554e-8	1.6556545359040007e-9	3.849986902750295e-6	1.1312400524264323e-8	1.0086859858410038e-9	3.9599974749276904e-5
125.0	2.223889030383177e-8	1.658141396804132e-9	3.849987402077454e-6	1.1312905375991125e-8	1.0089064604702964e-9	3.959997440476269e-5
126.0	2.2235648040448905e-8	1.6577938209258523e-9	3.8499873245007e-6	1.1313521796702222e-8	1.0088231256295829e-9	3.9599974600131716e-5
127.0	2.2222139183407965e-8	1.6584001222035472e-9	3.849987125068932e-6	1.1314521713708352e-8	1.0089268333513372e-9	3.9599974075964506e-5
128.0	2.220855072908784e-8	1.6591661472325696e-9	3.849987198894901e-6	1.1315849348844299e-8	1.0087802600994886e-9	3.9599974472002004e-5
129.0	2.2210873219858944e-8	1.6578491255602688e-9	3.849987073601064e-6	1.1315958073911374e-8	1.0086433631070517e-9	3.95999740571555e-5
130.0	2.2258853965017126e-8	1.6558036781207245e-9	3.849987436474285e-6	1.1317709534098983e-8	1.0085630227885058e-9	3.9599974462414526e-5
131.0	2.229064318864583e-8	1.6561793496347197e-9	3.849987383512846e-6	1.131670946392322e-8	1.00829469320508e-9	3.959997435345805e-5
132.0	2.221933229886039e-8	1.6549573471046466e-9	3.849987061828288e-6	1.1316635834541214e-8	1.0083367486474557e-9	3.9599974496739744e-5
133.0	2.2203963221613647e-8	1.6548589107956484e-9	3.849987184230371e-6	1.1316266528719887e-8	1.0082195179842496e-9	3.9599974728594196e-5
134.0	2.2237617153213044e-8	1.6579067306936729e-9	3.849986785016392e-6	1.1314285540160929e-8	1.0082453383638411e-9	3.95999745538757e-5
135.0	2.2301761465504347e-8	1.657833423429077e-9	3.849987070424035e-6	1.1315008442064153e-8	1.00834265768454e-9	3.9599975058141634e-5
136.0	2.2282435131983642e-8	1.6596615726756278e-9	3.849987305768897e-6	1.1313185351838656e-8	1.0083894912092029e-9	3.959997459257939e-5
137.0	2.2197628938193017e-8	1.6581369846859122e-9	3.8499879787067454e-6	1.131452535962342e-8	1.008356292602362e-9	3.95999750854892e-5
138.0	2.222327847163184e-8	1.658174994859585e-9	3.849986797998953e-6	1.131388001182171e-8	1.008480048182827e-9	3.9599974527895886e-5
139.0	2.225641535464466e-8	1.6563254825619042e-9	3.849986745099129e-6	1.131554102392902e-8	1.0084418447979402e-9	3.9599974840255975e-5
140.0	2.2310321158793147e-8	1.6560457116225026e-9	3.849987116765391e-6	1.1315431362540521e-8	1.008700908445661e-9	3.959997459265125e-5
141.0	2.2245391312633658e-8	1.6577243288166716e-9	3.849987592817961e-6	1.1317460630919028e-8	1.0086774657910538e-9	3.959997470967313e-5
142.0	2.2218519518480538e-8	1.6563828862561932e-9	3.84998759848367e-6	1.1316592788700032e-8	1.0088188135453183e-9	3.9599974724385906e-5
143.0	2.2237085421145125e-8	1.6572911000832676e-9	3.8499866200573735e-6	1.1317827877198049e-8	1.0088187105379361e-9	3.9599974752723136e-5
144.0	2.2251569449466954e-8	1.6572814879977445e-9	3.849986657892749e-6	1.131723751960042e-8	1.008768936201405e-9	3.959997484059301e-5
145.0	2.2267880836462525e-8	1.65918521248667e-9	3.849986519249298e-6	1.1315471691839518e-8	1.0088953616348759e-9	3.9599974865932e-5
146.0	2.2257725972632083e-8	1.6581089249014518e-9	3.849987031839304e-6	1.1315870418780843e-8	1.0088910224838429e-9	3.95999750900336e-5
147.0	2.2213426615880556e-8	1.6580015704135744e-9	3.8499879864722e-6	1.1311977462377882e-8	1.0091957241071393e-9	3.9599974966979646e-5
148.0	2.2238912494009113e-8	1.6580339472546718e-9	3.8499877363460705e-6	1.1313333062137535e-8	1.0091250283348312e-9	3.9599975202402635e-5
149.0	2.2241369134026055e-8	1.65800432554954e-9	3.849986657182819e-6	1.1310026179207944e-8	1.009237899899473e-9	3.959997479500688e-5
150.0	2.227696992514329e-8	1.6579769064226405e-9	3.8499862794645e-6	1.1312068813585988e-8	1.0092721483143315e-9	3.959997504569745e-5
151.0	2.2263426587125677e-8	1.6574741299784425e-9	3.849986571884847e-6	1.131046789555062e-8	1.0091807936783264e-9	3.959997465106839e-5
152.0	2.2201653063711285e-8	1.6559264025231777e-9	3.849986729548046e-6	1.131354559961629e-8	1.0093283751627792e-9	3.959997489447157e-5
153.0	2.2238300206149552e-8	1.6571042389088756e-9	3.849987556624471e-6	1.1312831599810815e-8	1.0092033111581087e-9	3.9599974781713984e-5
154.0	2.2254647587798676e-8	1.6568621451697455e-9	3.84998781953893e-6	1.131722485469246e-8	1.0092413523909485e-9	3.959997482051261e-5
155.0	2.2263947734570715e-8	1.6579106875034404e-9	3.849986796429319e-6	1.1316135299457396e-8	1.0089359420288287e-9	3.9599975053669355e-5
156.0	2.2230754862359744e-8	1.658387613458159e-9	3.849986680165457e-6	1.1319524664997232e-8	1.008881599613298e-9	3.9599974838402816e-5
157.0	2.221259314562847e-8	1.6590781828497271e-9	3.849987166977167e-6	1.131860824815853e-8	1.0084504370697762e-9	3.959997526722888e-5
158.0	2.224027255409039e-8	1.6588085855595209e-9	3.849986873436943e-6	1.1318224972687197e-8	1.0083731381798065e-9	3.959997489366525e-5
159.0	2.22397239508539e-8	1.6567671913024043e-9	3.849986584877738e-6	1.1318635994279512e-8	1.0081392100030043e-9	3.959997532675864e-5
160.0	2.2238064529459544e-8	1.6590748512648473e-9	3.849987009085964e-6	1.1315328913165221e-8	1.0080915603925887e-9	3.959997487208902e-5
161.0	2.225567508126963e-8	1.657657801455941e-9	3.849987253517139e-6	1.1316056651540352e-8	1.0080425541080824e-9	3.9599975209190824e-5
162.0	2.223147395594949e-8	1.6556083903619113e-9	3.849986472270914e-6	1.1312222580670037e-8	1.0079702392316313e-9	3.959997468390585e-5
163.0	2.2212755568928426e-8	1.657105504415675e-9	3.8499871659059436e-6	1.1313157653094656e-8	1.0080842490111176e-9	3.9599974876536856e-5
164.0	2.220875293156195e-8	1.657620027807844e-9	3.849987901907832e-6	1.1310992081409229e-8	1.00789931627747e-9	3.959997441762321e-5
165.0	2.227658885692241e-8	1.6582380650485996e-9	3.8499868452511665e-6	1.1312912683486901e-8	1.0082039671563751e-9	3.959997446495381e-5
166.0	2.2276298797825603e-8	1.6582495793944675e-9	3.849986603468954e-6	1.1311092873069207e-8	1.0082492547032485e-9	3.959997432320771e-5
167.0	2.2208106043839855e-8	1.6586108526595252e-9	3.849986494778351e-6	1.1315058220018538e-8	1.0084678656507616e-9	3.959997434467788e-5
168.0	2.2181406253748925e-8	1.656808413906537e-9	3.849986699350322e-6	1.1312775134628311e-8	1.0085719649874235e-9	3.959997448716554e-5
169.0	2.2248649638043635e-8	1.6575773754653288e-9	3.8499871508291815e-6	1.1316997943716413e-8	1.008486912243929e-9	3.9599974257375815e-5
170.0	2.2319355300055552e-8	1.6583956659686192e-9	3.849987933064227e-6	1.1315503532577042e-8	1.0087462604979606e-9	3.959997446087174e-5
171.0	2.2238024539032714e-8	1.657696860819342e-9	3.8499875749339136e-6	1.131689709085293e-8	1.0086028984840126e-9	3.959997399715345e-5
172.0	2.2177436671494823e-8	1.6571815938591203e-9	3.8499872743736175e-6	1.13164931473626e-8	1.0092737125655525e-9	3.959997428064419e-5
173.0	2.2197260725958544e-8	1.6585206927620782e-9	3.849986277976837e-6	1.1315555841545342e-8	1.0094009802996839e-9	3.9599973778442414e-5
174.0	2.2278980522412802e-8	1.6585793929683054e-9	3.8499864315757884e-6	1.1315205546364155e-8	1.0099258251337482e-9	3.959997412650205e-5
175.0	2.2263857726151642e-8	1.6597054627584307e-9	3.849987059905724e-6	1.13138791256149e-8	1.009970487318278e-9	3.959997376655436e-5
176.0	2.2207224134367285e-8	1.6604266068632916e-9	3.849987623965426e-6	1.1313158928693176e-8	1.009859146966788e-9	3.9599974037810943e-5
177.0	2.218529443167582e-8	1.658530641831024e-9	3.8499875385926595e-6	1.131254865609145e-8	1.0097980882456946e-9	3.959997391838129e-5
178.0	2.2222765318898062e-8	1.657332995579815e-9	3.849987084019138e-6	1.1312556233630167e-8	1.009377167667428e-9	3.9599974216469836e-5
179.0	2.2257867880597187e-8	1.6587527748190645e-9	3.849986550712218e-6	1.131178064350305e-8	1.0095475881859628e-9	3.95999741977643e-5
180.0	2.223771358751773e-8	1.6579626045782293e-9	3.849986282983597e-6	1.1313719008627042e-8	1.0092141832020965e-9	3.959997444846129e-5
181.0	2.2225864964204093e-8	1.657485109862129e-9	3.849986541849807e-6	1.1312225049691978e-8	1.0092691545837435e-9	3.959997423791591e-5
182.0	2.2196395297919e-8	1.658374845391209e-9	3.849987094803041e-6	1.1314761832518214e-8	1.0089768478089032e-9	3.9599974383544924e-5
183.0	2.220796457838383e-8	1.658351605652807e-9	3.849987286726638e-6	1.1313847190381903e-8	1.008713465430613e-9	3.9599974163688876e-5
184.0	2.223502194321564e-8	1.6585461575552308e-9	3.849986780249438e-6	1.1315416627157365e-8	1.008637372058257e-9	3.959997427950265e-5
185.0	2.225545208995685e-8	1.6596615241034122e-9	3.849986147817846e-6	1.1315274253756819e-8	1.008360670184575e-9	3.9599974239380126e-5
186.0	2.223379497139255e-8	1.660242805851824e-9	3.849987063084611e-6	1.1315087567056431e-8	1.0085438454793447e-9	3.959997433087134e-5
187.0	2.217602588056886e-8	1.6596078888242764e-9	3.849986887347753e-6	1.1314075425914059e-8	1.0082838185768773e-9	3.959997424364441e-5
188.0	2.2195380887627633e-8	1.659332111213946e-9	3.849987178531227e-6	1.1314194871077893e-8	1.0084280891111082e-9	3.959997432660433e-5
189.0	2.2221769348971458e-8	1.6613884299880746e-9	3.849987070179824e-6	1.1313097853830998e-8	1.0080609232221062e-9	3.959997409723277e-5
190.0	2.228673807439292e-8	1.6602458331945804e-9	3.849986824321471e-6	1.1313768811710964e-8	1.0079869089772605e-9	3.959997441474087e-5
191.0	2.2226469252208825e-8	1.6602800009854386e-9	3.849986521961109e-6	1.131335248773368e-8	1.0079903536994626e-9	3.959997423530329e-5
192.0	2.217871673033831e-8	1.6599317740814273e-9	3.8499870368873055e-6	1.1313334044594977e-8	1.0080176615077872e-9	3.959997476803323e-5
193.0	2.219047206994816e-8	1.6587540350179949e-9	3.849987588881432e-6	1.1314418443585256e-8	1.0083346197988252e-9	3.9599974563098365e-5
194.0	2.2228697537503705e-8	1.660874049802747e-9	3.849987625528957e-6	1.1314506821311682e-8	1.0084585608865056e-9	3.959997483214925e-5
195.0	2.2306386920592454e-8	1.6611028395706203e-9	3.849986959448336e-6	1.1316153863664386e-8	1.0088279068513545e-9	3.9599974712163275e-5
196.0	2.2244774930811642e-8	1.6607667117482389e-9	3.849986088938177e-6	1.1316185731394037e-8	1.0088414975844745e-9	3.9599974795898065e-5
197.0	2.218581924597294e-8	1.6597634211866874e-9	3.84998657339618e-6	1.1316728941906008e-8	1.0089668505524075e-9	3.9599974814033725e-5
198.0	2.2181330419024054e-8	1.6609159183665802e-9	3.849987245847477e-6	1.131620554471678e-8	1.008999570080564e-9	3.959997481831549e-5
199.0	2.2248415613544694e-8	1.6599292880089087e-9	3.849986908039927e-6	1.131590520265557e-8	1.0088458146728666e-9	3.959997499554028e-5
200.0	2.2310942898179995e-8	1.6581802164804692e-9	3.849987118041911e-6	1.1314655714833809e-8	1.0090899408194432e-9	3.959997491284194e-5
201.0	2.2263330460567734e-8	1.660502550527173e-9	3.849987189969454e-6	1.1314667033092661e-8	1.0089400000661462e-9	3.9599975199306885e-5
202.0	2.2177214005865037e-8	1.658503531936117e-9	3.849986591829112e-6	1.1312416790814773e-8	1.0092998279497089e-9	3.9599974928073024e-5
203.0	2.2172846200628502e-8	1.6595908961308868e-9	3.849986299362079e-6	1.1312349869900856e-8	1.0092442044396829e-9	3.959997536450412e-5
204.0	2.22539601355956e-8	1.6621860970694943e-9	3.849987120960434e-6	1.1310223310911442e-8	1.0093046345179242e-9	3.9599974876805514e-5
205.0	2.2295592115012316e-8	1.6618846675253421e-9	3.849986785234586e-6	1.1309875546301877e-8	1.0093245011276546e-9	3.959997530754205e-5
206.0	2.2261806631070663e-8	1.6620261603169203e-9	3.8499868200069105e-6	1.130933907213253e-8	1.0089822832881531e-9	3.959997475234641e-5
207.0	2.2165384952967116e-8	1.6604379531497107e-9	3.8499873630611824e-6	1.1310082478917737e-8	1.0089173472674662e-9	3.959997509104832e-5
208.0	2.2179270008957492e-8	1.6603889769748575e-9	3.849987315335007e-6	1.131155884320228e-8	1.0086559478070665e-9	3.959997467341765e-5
209.0	2.2237500581394984e-8	1.6603095848641597e-9	3.8499868822944075e-6	1.131448550365817e-8	1.0086814757799475e-9	3.9599974841243175e-5
210.0	2.227854437224443e-8	1.6600064820021201e-9	3.849986726513054e-6	1.1315776315895582e-8	1.008707009566668e-9	3.959997459240665e-5
211.0	2.2251824565761168e-8	1.660532518357191e-9	3.849986657758969e-6	1.131809655442669e-8	1.008821627112102e-9	3.959997454241182e-5
212.0	2.2154807836688197e-8	1.6612472692617697e-9	3.84998685172545e-6	1.1318452191240082e-8	1.0090134668127854e-9	3.959997443020153e-5
213.0	2.2186651283607115e-8	1.6617669428307e-9	3.849987071076405e-6	1.1319202939276802e-8	1.0089193828555164e-9	3.959997435580241e-5
214.0	2.2216804489309874e-8	1.6613388305648003e-9	3.849987113904344e-6	1.1319537292502378e-8	1.008865053676866e-9	3.9599974233478014e-5
215.0	2.2270492195413484e-8	1.6623662475454538e-9	3.84998643872512e-6	1.1317860161646369e-8	1.0085612313680285e-9	3.959997434474494e-5
216.0	2.2217400605597553e-8	1.6606162545500706e-9	3.849986486725577e-6	1.1316583288464863e-8	1.0086354958089699e-9	3.9599974213598544e-5
217.0	2.218249526099603e-8	1.6599287513086102e-9	3.849986631754666e-6	1.131306605797235e-8	1.0084585819185525e-9	3.959997450615602e-5
218.0	2.2188356145671708e-8	1.659915466181301e-9	3.849987340588336e-6	1.1310665047939823e-8	1.0087858667133753e-9	3.959997443935599e-5
219.0	2.221771168047359e-8	1.6608728835924598e-9	3.849986794036402e-6	1.1308820604253313e-8	1.0087729107490472e-9	3.959997462909683e-5
220.0	2.2243754301264908e-8	1.6619010414591242e-9	3.84998651786286e-6	1.130866586775548e-8	1.0089697733385652e-9	3.9599974553290645e-5
221.0	2.223145141150362e-8	1.6620878992279015e-9	3.8499868390948954e-6	1.130862952865818e-8	1.0087844929443006e-9	3.959997458066035e-5
222.0	2.219584309071443e-8	1.6622065752504708e-9	3.849986587879923e-6	1.131112802116386e-8	1.0088438732884858e-9	3.9599974519615515e-5
223.0	2.2203248572573788e-8	1.6618861194293734e-9	3.849986651049978e-6	1.1311651127993261e-8	1.0087031100674376e-9	3.9599974580909055e-5
224.0	2.2189218589150197e-8	1.662603558770502e-9	3.849987058140387e-6	1.1315783140208392e-8	1.0086652953694021e-9	3.9599974588949234e-5
225.0	2.2254487835093176e-8	1.6619160137052271e-9	3.849987496102953e-6	1.1316658820177589e-8	1.0087526575416427e-9	3.959997461845791e-5
226.0	2.2288345450816804e-8	1.6603842173067895e-9	3.8499867651004655e-6	1.1319983989074522e-8	1.0085996272992431e-9	3.959997465899425e-5
227.0	2.220981968937448e-8	1.6606445470389833e-9	3.849986880667443e-6	1.1320617727448124e-8	1.0087571010730773e-9	3.959997441487173e-5
228.0	2.2174319564302074e-8	1.661924263612776e-9	3.849986906388791e-6	1.1321086393693392e-8	1.0085976562943811e-9	3.9599974545182696e-5
229.0	2.2205740826448575e-8	1.6624923116766023e-9	3.849986601283953e-6	1.1319593784009179e-8	1.0088308934440762e-9	3.9599974159039674e-5
230.0	2.2336472614302308e-8	1.6625611505252819e-9	3.849986278504473e-6	1.1317247614350021e-8	1.0088367667158385e-9	3.9599974458147784e-5
231.0	2.2286099093163374e-8	1.662917292670701e-9	3.849986780799825e-6	1.1313989059315718e-8	1.0089335344348802e-9	3.95999741454252e-5
232.0	2.2173604043659678e-8	1.6625875037805684e-9	3.849987200539597e-6	1.1311595400823034e-8	1.008829751321614e-9	3.959997446115217e-5
233.0	2.2179712832029742e-8	1.6622515739427211e-9	3.849986768509052e-6	1.1309649701477496e-8	1.00865852243899e-9	3.959997435410766e-5
234.0	2.2269816942529825e-8	1.6608918432078074e-9	3.849987002032088e-6	1.1308815642165032e-8	1.0085613997323915e-9	3.959997444120625e-5
235.0	2.233290351929099e-8	1.662321050211912e-9	3.849986629013303e-6	1.1309660162896444e-8	1.0083619416883581e-9	3.9599974645870594e-5
236.0	2.221685464318451e-8	1.6610434850777734e-9	3.849986293274624e-6	1.130935776596538e-8	1.0085584659097913e-9	3.959997458634541e-5
237.0	2.216680214221077e-8	1.6624436416738012e-9	3.849986238608143e-6	1.131274125232543e-8	1.0084658903164241e-9	3.959997497139117e-5
238.0	2.223002201371426e-8	1.6625511917482499e-9	3.849986302575571e-6	1.1313840652020808e-8	1.0087918061342957e-9	3.95999749066149e-5
239.0	2.2256993707987873e-8	1.6631625206741718e-9	3.849986290814822e-6	1.1318318749061085e-8	1.008363668119842e-9	3.95999750256778e-5
240.0	2.2259359460724946e-8	1.6638820595499953e-9	3.8499866906050096e-6	1.1319743353836219e-8	1.0086146575671158e-9	3.95999749602046e-5
241.0	2.2189967735071747e-8	1.6629234799682742e-9	3.8499875334456824e-6	1.132150369201725e-8	1.0081918035787346e-9	3.959997477145263e-5
242.0	2.2218585029042095e-8	1.6616716699859922e-9	3.849986833268154e-6	1.1320228076115805e-8	1.0084448147192348e-9	3.9599974841751184e-5
243.0	2.2237919191446907e-8	1.6616326894341636e-9	3.849986270394701e-6	1.1319284261025213e-8	1.0085224989187981e-9	3.959997452861688e-5
244.0	2.2206190380568857e-8	1.6615101388077083e-9	3.849986242241511e-6	1.1316112924627096e-8	1.0086171206888084e-9	3.959997458474125e-5
245.0	2.2233119203328882e-8	1.6619000276971463e-9	3.849986077712728e-6	1.1314737918469436e-8	1.009081416171367e-9	3.9599974484459704e-5
246.0	2.2228723723762556e-8	1.6623658488664173e-9	3.849986423307129e-6	1.1312067082320108e-8	1.0086954348981748e-9	3.959997446932054e-5
247.0	2.2228653063701998e-8	1.663809464369303e-9	3.849987343202028e-6	1.1310605786624305e-8	1.0091935330281311e-9	3.959997460655081e-5
248.0	2.218983289148435e-8	1.6643829424421197e-9	3.849987655736482e-6	1.1309806820595396e-8	1.0086411822084103e-9	3.9599974509887104e-5
249.0	2.2201604345457764e-8	1.664057215584031e-9	3.849986725892038e-6	1.130895676079117e-8	1.009109479473867e-9	3.959997486503614e-5
250.0	2.224628248977647e-8	1.6648627384045216e-9	3.849986303609255e-6	1.131081042768538e-8	1.0089215166386922e-9	3.959997476393198e-5
251.0	2.2241590602971173e-8	1.6630627921728255e-9	3.849986616541456e-6	1.1311601251945342e-8	1.0090801611268107e-9	3.959997510134293e-5
252.0	2.219856920442156e-8	1.662433142825984e-9	3.849985676257393e-6	1.1314907096916037e-8	1.0093125949244143e-9	3.95999748707573e-5
253.0	2.2204008562238104e-8	1.6629333513800557e-9	3.849986684713493e-6	1.1316798505284849e-8	1.008855419360131e-9	3.9599975045373887e-5
254.0	2.224136993473258e-8	1.6614124817529027e-9	3.849987162777827e-6	1.1318652129130393e-8	1.009416867147206e-9	3.959997495976261e-5
255.0	2.2244560619091554e-8	1.6622088481146778e-9	3.84998671810775e-6	1.1319086926392648e-8	1.0088567488761415e-9	3.959997504574261e-5
256.0	2.223394132812634e-8	1.661572901224995e-9	3.849986561552149e-6	1.1318630338882708e-8	1.0092899509166232e-9	3.9599975063782366e-5
257.0	2.220487793940955e-8	1.663110978408352e-9	3.849986502998941e-6	1.1317081442732421e-8	1.00887591970009e-9	3.959997511315203e-5
258.0	2.2223407989882146e-8	1.664075963847112e-9	3.849986226825028e-6	1.1316165185018297e-8	1.0088720138437597e-9	3.959997512361706e-5
259.0	2.2223455277265445e-8	1.6650527549292193e-9	3.849986077445386e-6	1.1314281422106625e-8	1.0086963944820857e-9	3.959997515829236e-5
260.0	2.2252032101476873e-8	1.6654522697821161e-9	3.849986787462712e-6	1.131280784014603e-8	1.0082403606291732e-9	3.959997500859845e-5
261.0	2.224498971069956e-8	1.6659813691045987e-9	3.849986825831998e-6	1.13119718432844e-8	1.0085030475739387e-9	3.95999750466053e-5
262.0	2.2199672125424647e-8	1.6646532246244265e-9	3.8499862742564565e-6	1.1310452517818116e-8	1.0078943921082003e-9	3.959997481592291e-5
263.0	2.2203355165676234e-8	1.6633799892650282e-9	3.8499864232679106e-6	1.1312320730015534e-8	1.0082988608609284e-9	3.959997468370543e-5
264.0	2.222420752514388e-8	1.6634409906704872e-9	3.849986678358571e-6	1.1312350172253012e-8	1.008038369181034e-9	3.959997464982698e-5
265.0	2.2308945287508973e-8	1.6631461884379457e-9	3.849986566655525e-6	1.1315008816522619e-8	1.0082893875501872e-9	3.9599974480139666e-5
266.0	2.227019046463897e-8	1.6630353262509198e-9	3.849986689960006e-6	1.131634394311235e-8	1.0083229313308518e-9	3.959997466584021e-5
267.0	2.2154161167296673e-8	1.6640590773159608e-9	3.8499864616064615e-6	1.131726730104105e-8	1.0082173754673749e-9	3.959997451388068e-5
268.0	2.218614143098757e-8	1.6654770690196912e-9	3.849985819817664e-6	1.1318475223445017e-8	1.0083555539572623e-9	3.959997468616478e-5
269.0	2.2288065491904393e-8	1.6653184853145069e-9	3.849986302429595e-6	1.1317840556258439e-8	1.0081051075695439e-9	3.959997467396491e-5
270.0	2.2343134533170732e-8	1.665341154191399e-9	3.849986826397182e-6	1.1317799217189906e-8	1.008118144248692e-9	3.959997463941065e-5
271.0	2.2197636137311215e-8	1.6651804604807994e-9	3.8499870175013e-6	1.131627311368552e-8	1.008129234594698e-9	3.959997471481281e-5
272.0	2.212420839718226e-8	1.664651898253054e-9	3.849986624589612e-6	1.1315646879735218e-8	1.0081943311616398e-9	3.959997448529244e-5
273.0	2.2220384507336432e-8	1.6626783694997175e-9	3.84998672117253e-6	1.1313260158290377e-8	1.0084752247545436e-9	3.959997448748103e-5
274.0	2.2303563432711574e-8	1.6646320106512483e-9	3.849985999524077e-6	1.1313948395180963e-8	1.0086237930582874e-9	3.95999742071208e-5
275.0	2.2238359748146187e-8	1.6630959750236726e-9	3.849986151915615e-6	1.1311630032178183e-8	1.0089630198036712e-9	3.9599974093667664e-5
276.0	2.2160658851625996e-8	1.6645917356699825e-9	3.849986659905309e-6	1.1314185810658203e-8	1.0090282690907713e-9	3.959997400553881e-5
277.0	2.2172279628338306e-8	1.6636992506084953e-9	3.849987264344707e-6	1.1312195010116128e-8	1.0091399679107105e-9	3.959997373155499e-5
278.0	2.2215373995136907e-8	1.6645982502924312e-9	3.849986464696e-6	1.1315317084383876e-8	1.0093673749773654e-9	3.959997396021492e-5
279.0	2.220828985763292e-8	1.666024294441835e-9	3.849986360053037e-6	1.1314830709627816e-8	1.0092936803977868e-9	3.9599973764551305e-5
280.0	2.2191291501079357e-8	1.6644431139543093e-9	3.849986611466479e-6	1.131598766250205e-8	1.009452892435866e-9	3.9599974171250745e-5
281.0	2.221731142021845e-8	1.6652486329564691e-9	3.849986526723743e-6	1.131591961336479e-8	1.0093625000866036e-9	3.959997409843795e-5
282.0	2.2211066547609855e-8	1.6646012222390825e-9	3.849986343512212e-6	1.131515014297111e-8	1.009495061500614e-9	3.959997452060289e-5
283.0	2.2181210142595422e-8	1.6641937447292705e-9	3.8499865279722425e-6	1.1314895319207146e-8	1.00938192465945e-9	3.959997431004583e-5
284.0	2.2171534861188028e-8	1.6651627268504834e-9	3.84998635175413e-6	1.1313475577516168e-8	1.0093041745645644e-9	3.959997461200482e-5
285.0	2.2239929171413998e-8	1.6637320121397432e-9	3.849986530193234e-6	1.1313367577072135e-8	1.009468810696276e-9	3.959997427783317e-5
286.0	2.2294443349853383e-8	1.665211253231916e-9	3.849986873826694e-6	1.1310975517040715e-8	1.0091744152022106e-9	3.95999743884862e-5
287.0	2.221204283233754e-8	1.6648968801992e-9	3.84998690140151e-6	1.1313035929176697e-8	1.0093718278121597e-9	3.959997412132321e-5
288.0	2.2147676237364543e-8	1.6649340272685902e-9	3.849986939250982e-6	1.1310492451340012e-8	1.0089537855931813e-9	3.9599974187737625e-5
289.0	2.221145441816603e-8	1.6659647763100787e-9	3.849986516934885e-6	1.1315154932069166e-8	1.0091017363698412e-9	3.959997424657749e-5
290.0	2.2289863509237034e-8	1.664909692411938e-9	3.849985990318763e-6	1.1312984071414908e-8	1.008751990048748e-9	3.959997441165437e-5
291.0	2.2293694938161056e-8	1.6659569755779087e-9	3.8499862248294e-6	1.1317698219841605e-8	1.0085826947344903e-9	3.959997460651627e-5
292.0	2.218158333494111e-8	1.6646863401658373e-9	3.849987463136227e-6	1.131622775723756e-8	1.0084671090608444e-9	3.9599974895339564e-5
293.0	2.2192408200036765e-8	1.6639107545947107e-9	3.849987078300093e-6	1.1319048142983942e-8	1.0079228109416941e-9	3.9599974892249486e-5
294.0	2.2234196386502072e-8	1.6654762316539128e-9	3.849986582130029e-6	1.13178485260389e-8	1.0081694530217028e-9	3.959997516237021e-5
295.0	2.2308934452050162e-8	1.6655256724962258e-9	3.8499865935876015e-6	1.131873643393125e-8	1.0078517279743625e-9	3.959997497198733e-5
296.0	2.2252825061258734e-8	1.6647193168518777e-9	3.84998618426332e-6	1.131656222113688e-8	1.0083368490149051e-9	3.959997531135996e-5
297.0	2.2177168869574325e-8	1.6661286151672578e-9	3.849986028374688e-6	1.1315968283372664e-8	1.0083370779042331e-9	3.959997522888249e-5
298.0	2.221774375123672e-8	1.665095021660536e-9	3.849986697566534e-6	1.1313869911201982e-8	1.0083445776038015e-9	3.959997542991898e-5
299.0	2.2248839385365965e-8	1.665144524877177e-9	3.849986972579294e-6	1.131229592654575e-8	1.0084345784767932e-9	3.9599975521638165e-5
300.0	2.2303610850496522e-8	1.665853327964342e-9	3.84998682364332e-6	1.131279432417389e-8	1.0077634139273555e-9	3.959997529186725e-5
301.0	2.2213975703945033e-8	1.664445753367184e-9	3.849986638981449e-6	1.1310267386597387e-8	1.0081492229165703e-9	3.9599975455853974e-5
302.0	2.2199534745293686e-8	1.6646004997650153e-9	3.849986694505261e-6	1.131362680096481e-8	1.007666274714049e-9	3.959997498856973e-5
303.0	2.2232400063803583e-8	1.6643203550584018e-9	3.849986249693907e-6	1.1311082804833464e-8	1.008502930623657e-9	3.959997534894189e-5
304.0	2.2245874961034145e-8	1.664567178932163e-9	3.849986357155433e-6	1.1315842676887913e-8	1.0085480440582324e-9	3.9599974828445916e-5
305.0	2.2268931628135795e-8	1.6652875910082622e-9	3.84998692321285e-6	1.1314517748298126e-8	1.0090425948404116e-9	3.959997529323016e-5
306.0	2.2219550235502223e-8	1.6651738028717086e-9	3.8499869046905e-6	1.1317939901235275e-8	1.00922832657566e-9	3.959997480704922e-5
307.0	2.219184447490658e-8	1.6654673565565268e-9	3.849986850715885e-6	1.1316095390847229e-8	1.0090263623565959e-9	3.959997531798886e-5
308.0	2.2206498371461657e-8	1.6649273733454377e-9	3.849987401059328e-6	1.1318748839285634e-8	1.0093116788240459e-9	3.95999748805796e-5
309.0	2.2240367111409804e-8	1.66647426479571e-9	3.849986981853129e-6	1.1315069603759375e-8	1.0088622579089731e-9	3.959997542506163e-5
310.0	2.2267003380259822e-8	1.6653905914879977e-9	3.8499863029119005e-6	1.1316953430584335e-8	1.0092539649612563e-9	3.959997498513714e-5
311.0	2.222477253493988e-8	1.6652922906845259e-9	3.8499865813369174e-6	1.131308132929303e-8	1.009038188524364e-9	3.959997538465141e-5
312.0	2.2176530159162887e-8	1.6662757150185398e-9	3.849986975236774e-6	1.1313910081233918e-8	1.0090196325192039e-9	3.959997479272809e-5
313.0	2.2197557113961853e-8	1.6642428795396773e-9	3.8499869661128865e-6	1.1311815130804904e-8	1.0090659227676524e-9	3.959997502611625e-5
314.0	2.2228392689590617e-8	1.6650713660670962e-9	3.849986933400697e-6	1.1311841765314462e-8	1.0087422937509252e-9	3.9599974617890764e-5
315.0	2.2279442126808782e-8	1.6649653249881546e-9	3.849987157023743e-6	1.1312322461587265e-8	1.0089760577916898e-9	3.959997463096226e-5
316.0	2.2221454547844416e-8	1.6657448594146132e-9	3.8499871073306795e-6	1.1312138378467736e-8	1.0086972972974758e-9	3.9599974616797685e-5
317.0	2.218670961928323e-8	1.6644805139338719e-9	3.8499867031498445e-6	1.1313431089781856e-8	1.0091346911804442e-9	3.9599974425382666e-5
318.0	2.218262239084085e-8	1.6654132107661136e-9	3.849986470321051e-6	1.1314118529531073e-8	1.008780270838153e-9	3.959997474852411e-5
319.0	2.22053485001433e-8	1.6655804206655152e-9	3.8499869850700845e-6	1.1315456236244928e-8	1.008705306833334e-9	3.9599974215587025e-5
320.0	2.227163779184168e-8	1.66557980504413e-9	3.8499871339564546e-6	1.1315754840124091e-8	1.0085586167967126e-9	3.9599974726857826e-5
321.0	2.2260454342968003e-8	1.6664634826434184e-9	3.8499868571737e-6	1.1317184228726744e-8	1.0081147013400177e-9	3.9599974176045216e-5
322.0	2.2193984013551205e-8	1.6650629215992627e-9	3.8499869333289405e-6	1.1315028862287145e-8	1.0081730194036349e-9	3.959997495915078e-5
323.0	2.2174998968512978e-8	1.6643011456189122e-9	3.8499871199267235e-6	1.1317613460313459e-8	1.0079876646016904e-9	3.9599974569909424e-5
324.0	2.220707822969006e-8	1.6655723938131094e-9	3.849986714930931e-6	1.1314157824821843e-8	1.008115204583948e-9	3.959997519239287e-5
325.0	2.2307417281114214e-8	1.6651718990042494e-9	3.849986762727246e-6	1.1316376711524887e-8	1.0081353104613341e-9	3.9599974934777845e-5
326.0	2.229163336378974e-8	1.6657690938253334e-9	3.84998712828577e-6	1.1313394118731295e-8	1.0083117629700096e-9	3.959997513078718e-5
327.0	2.2184028918582946e-8	1.6661887591379976e-9	3.849987465932165e-6	1.1313924633656696e-8	1.0084696484702277e-9	3.959997492852276e-5
328.0	2.2181623306242335e-8	1.6653619497839559e-9	3.849987047781766e-6	1.1311816940667518e-8	1.0085931309703172e-9	3.95999748343932e-5
329.0	2.2232612710688165e-8	1.6650908320179165e-9	3.849987158183725e-6	1.1312780408176751e-8	1.0087644249510823e-9	3.959997473827729e-5
330.0	2.2302260447144845e-8	1.6661450133851982e-9	3.84998692882596e-6	1.1311354547410755e-8	1.0086817545388939e-9	3.959997464374002e-5
331.0	2.2238898806865022e-8	1.6648190215617154e-9	3.849986555732312e-6	1.1314231020537936e-8	1.0086036486437633e-9	3.959997465284718e-5
332.0	2.21907533200346e-8	1.6655773371942558e-9	3.849986981179497e-6	1.131309117273874e-8	1.0084001704533164e-9	3.959997461809881e-5
333.0	2.2204547961340868e-8	1.6666042247213503e-9	3.849987236379145e-6	1.1316607816600698e-8	1.0083593457365312e-9	3.9599974707509066e-5
334.0	2.2239266140891937e-8	1.6666919734620636e-9	3.849987193653199e-6	1.1316441566682477e-8	1.00842574632377e-9	3.9599974693410874e-5
335.0	2.2230836990501846e-8	1.6659212127611202e-9	3.8499871925114e-6	1.131772783864093e-8	1.008629207708946e-9	3.959997482704022e-5
336.0	2.2210333636497136e-8	1.6671371547664029e-9	3.849987571346015e-6	1.1318208659216314e-8	1.0087304981769587e-9	3.9599974737048005e-5
337.0	2.223843974787879e-8	1.6656236689389753e-9	3.849986014590935e-6	1.1316762161770996e-8	1.0087889015694034e-9	3.959997489328187e-5
338.0	2.223483083983498e-8	1.663441210713653e-9	3.8499863032197444e-6	1.1317131072401225e-8	1.0086948109729312e-9	3.959997486367668e-5
339.0	2.218501493187234e-8	1.6654107126901921e-9	3.849987086976572e-6	1.1313845829036827e-8	1.0084059381351012e-9	3.959997486753107e-5
340.0	2.2222787243156648e-8	1.6664438423555569e-9	3.849986857009255e-6	1.1313634780579527e-8	1.008377052359085e-9	3.9599974981698266e-5
341.0	2.223369837141993e-8	1.6656184131579388e-9	3.849987222290899e-6	1.1310442410372013e-8	1.0082617199575603e-9	3.959997488869499e-5
342.0	2.2269286380582234e-8	1.6677581485907043e-9	3.849987116946505e-6	1.1310981328021491e-8	1.0083988270224547e-9	3.959997503257008e-5
343.0	2.2204114657074395e-8	1.666692436398319e-9	3.8499874013122e-6	1.1308774134880135e-8	1.0086144494755967e-9	3.959997474743088e-5
344.0	2.2184861153431973e-8	1.6664603755835604e-9	3.8499863866571865e-6	1.1311935689170705e-8	1.0085648170020353e-9	3.959997488974535e-5
345.0	2.224335996220939e-8	1.6648606981504322e-9	3.849986747702047e-6	1.1310542582388996e-8	1.008786703480708e-9	3.9599974690350564e-5
346.0	2.2285858137285174e-8	1.664857161119746e-9	3.8499866958226665e-6	1.1315545119144487e-8	1.0086236465115826e-9	3.959997476941184e-5
347.0	2.22263320063092e-8	1.6645394711823608e-9	3.8499871918818725e-6	1.1314426709465477e-8	1.0087067579360762e-9	3.959997481231527e-5
348.0	2.2179418606743697e-8	1.665802410184919e-9	3.849986800487222e-6	1.1319047454346286e-8	1.00851458035528e-9	3.9599974708234506e-5
349.0	2.2238311421602044e-8	1.6667762125436924e-9	3.849987075545988e-6	1.1318381877175865e-8	1.008679183512602e-9	3.9599974926271046e-5
350.0	2.2312531767358463e-8	1.6684999281281325e-9	3.8499871974503755e-6	1.1320447476793124e-8	1.0086622398474906e-9	3.9599974768392487e-5
351.0	2.2280337558647792e-8	1.667361463645357e-9	3.8499870732342076e-6	1.1319066604734456e-8	1.0088527646659651e-9	3.959997505259189e-5
352.0	2.2118635304006134e-8	1.6665619334061711e-9	3.849986626257722e-6	1.1318407801341917e-8	1.0090803971420866e-9	3.959997499298836e-5
353.0	2.221247842312496e-8	1.6646398551385708e-9	3.849986681014308e-6	1.1315918849874037e-8	1.0091573420459353e-9	3.959997525560018e-5
354.0	2.2325132048343987e-8	1.6640622752199329e-9	3.849987405495515e-6	1.131364957554518e-8	1.0091729285775144e-9	3.9599975218277584e-5
355.0	2.2309826377709392e-8	1.665551970561701e-9	3.849987125283097e-6	1.1311719979675017e-8	1.0091198689491663e-9	3.959997522162573e-5
356.0	2.2171664398645443e-8	1.6655304711928569e-9	3.849987133983755e-6	1.1309066046110075e-8	1.0088306735130574e-9	3.959997506306993e-5
357.0	2.21122544823969e-8	1.667543454761712e-9	3.8499866799329094e-6	1.1309477322361899e-8	1.008949668093191e-9	3.9599975043337375e-5
358.0	2.2272468029006606e-8	1.6682933783802319e-9	3.8499869500995466e-6	1.1307701976645843e-8	1.0085958163699495e-9	3.959997498631955e-5
359.0	2.228669411676597e-8	1.6683575918916916e-9	3.849986707121264e-6	1.131127833414197e-8	1.0087679638412332e-9	3.959997497154447e-5
360.0	2.219523247920603e-8	1.6687733334226566e-9	3.849987316551227e-6	1.131108005697411e-8	1.0084770519330798e-9	3.959997496293766e-5
361.0	2.2150507924479634e-8	1.665536491934477e-9	3.849987625521616e-6	1.1315668527650696e-8	1.0084787481432126e-9	3.959997480666157e-5
362.0	2.219742762204761e-8	1.6642737537649126e-9	3.84998729592664e-6	1.1315337081366292e-8	1.00840232723237e-9	3.959997480721803e-5
363.0	2.2254799817627906e-8	1.6646531608072547e-9	3.849986720808087e-6	1.1319823192990254e-8	1.0084148350279812e-9	3.9599974511395826e-5
364.0	2.2164538661758825e-8	1.6645236589857092e-9	3.849986550343873e-6	1.1317995677737904e-8	1.0086382095358731e-9	3.9599974727010414e-5
365.0	2.2189878204257402e-8	1.6664774703334761e-9	3.8499862226623575e-6	1.1320250121150312e-8	1.0084206857962984e-9	3.9599974469020245e-5
366.0	2.225969908015265e-8	1.6662073868395368e-9	3.849987045991603e-6	1.1316751360901162e-8	1.0085942386754735e-9	3.9599974716430905e-5
367.0	2.2219853184011213e-8	1.6670799738261819e-9	3.849987583539262e-6	1.1317373198249345e-8	1.0079130632039371e-9	3.9599974534871303e-5
368.0	2.216406639694368e-8	1.6657718861248167e-9	3.849987438683191e-6	1.1313854510085225e-8	1.008034749239888e-9	3.959997462900585e-5
369.0	2.216226175491852e-8	1.6656616526698252e-9	3.849986397832932e-6	1.1314039594765972e-8	1.0077888554748137e-9	3.959997462631342e-5
370.0	2.2301637912967623e-8	1.6662614341249687e-9	3.849986912183568e-6	1.1312847532900639e-8	1.0080655694665325e-9	3.959997458959678e-5
371.0	2.2297166911285688e-8	1.6653000630461707e-9	3.8499868609049604e-6	1.1312740591791452e-8	1.0086201022588431e-9	3.959997457071292e-5
372.0	2.2173665194589583e-8	1.665661459090542e-9	3.849986829380395e-6	1.1313921680868417e-8	1.0088034615974737e-9	3.959997440702462e-5
373.0	2.2179512982219334e-8	1.6659173566103106e-9	3.849987235225656e-6	1.1313382066856904e-8	1.00934615044212e-9	3.9599974474742745e-5
374.0	2.2244504069523027e-8	1.665838163678575e-9	3.849987720962392e-6	1.1315754409862922e-8	1.0089758489162578e-9	3.959997428162635e-5
375.0	2.2323475971438036e-8	1.66763368097396e-9	3.84998666325048e-6	1.1314297015237554e-8	1.0091002976204022e-9	3.9599974449298966e-5
376.0	2.2262273712483304e-8	1.6662950558216498e-9	3.84998663717255e-6	1.1316502770338743e-8	1.0084909721736231e-9	3.9599974314673474e-5
377.0	2.2194867887185256e-8	1.6657462130341852e-9	3.849987158828958e-6	1.1313776141012956e-8	1.0086707390365252e-9	3.959997446002903e-5
378.0	2.2225446290115735e-8	1.6667235457839985e-9	3.849987622409052e-6	1.1315987826443766e-8	1.0084596023864247e-9	3.9599974403355927e-5
379.0	2.224333191245129e-8	1.6671534651601407e-9	3.849987865126842e-6	1.1311972759036602e-8	1.0087567321780047e-9	3.959997447023931e-5
380.0	2.2299664960934444e-8	1.666336855717653e-9	3.849987021821783e-6	1.1314747511679247e-8	1.0089674353589258e-9	3.959997437154239e-5
381.0	2.225383628477111e-8	1.6659065758120025e-9	3.84998650768037e-6	1.1310342612298462e-8	1.00892163835664e-9	3.959997442002437e-5
382.0	2.2218652469891107e-8	1.6660646315450029e-9	3.849986829981757e-6	1.1313958244639627e-8	1.0091454141700683e-9	3.959997424361009e-5
383.0	2.2216985609503943e-8	1.6646444646243883e-9	3.849986588440388e-6	1.1311471821598582e-8	1.0087449351804202e-9	3.959997438131161e-5
384.0	2.223501680438989e-8	1.665032569692071e-9	3.849987053539674e-6	1.1315123025939759e-8	1.0087420115666623e-9	3.959997412359957e-5
385.0	2.2304262671467578e-8	1.6675039533344417e-9	3.8499881828812405e-6	1.1315041522502111e-8	1.0085444662858771e-9	3.959997445130029e-5
386.0	2.2248337953706526e-8	1.6659744587664253e-9	3.849987635568667e-6	1.131731513872036e-8	1.0086014453153505e-9	3.959997416016391e-5
387.0	2.2198065922630756e-8	1.6671255588639122e-9	3.8499863835480835e-6	1.1317889298806627e-8	1.0085647531802362e-9	3.9599974622055625e-5
388.0	2.219570203644542e-8	1.6666017628000558e-9	3.8499870036056615e-6	1.131810426325581e-8	1.0087795663499057e-9	3.959997437273481e-5
389.0	2.2272531574440867e-8	1.666563671407747e-9	3.849987171907652e-6	1.1318548834744544e-8	1.008592112549475e-9	3.959997478373563e-5
390.0	2.2279440557529118e-8	1.6647664668388437e-9	3.84998654453512e-6	1.1316494678918906e-8	1.0086302570513608e-9	3.9599974634719595e-5
391.0	2.221665477017864e-8	1.6648447787417278e-9	3.849987318628205e-6	1.1316530607449707e-8	1.0084897675064768e-9	3.959997477954063e-5
392.0	2.219333239580097e-8	1.6652948415578445e-9	3.84998802913046e-6	1.131187964181706e-8	1.0085978883912474e-9	3.9599974833999254e-5
393.0	2.2221459343417417e-8	1.665426410658795e-9	3.849987524633676e-6	1.1312367290566684e-8	1.0087419511021766e-9	3.959997487961673e-5
394.0	2.2257837679237577e-8	1.6672610940067876e-9	3.849987079719448e-6	1.1307620849464689e-8	1.0087478795682046e-9	3.959997495503836e-5
395.0	2.2242094804584684e-8	1.6673655509955001e-9	3.849987760259791e-6	1.1310346117171439e-8	1.0089478915542778e-9	3.9599975073167924e-5
396.0	2.221063639639919e-8	1.6666367033439396e-9	3.8499872931484e-6	1.1308200892536456e-8	1.0086095407234556e-9	3.959997492221802e-5
397.0	2.2218830365401517e-8	1.666533471208704e-9	3.849986464560653e-6	1.1313142221633381e-8	1.0088837931848665e-9	3.959997515205922e-5
398.0	2.2213105464936403e-8	1.6650005272095356e-9	3.849987611863155e-6	1.1312840330725343e-8	1.0084648664890747e-9	3.959997486465044e-5
399.0	2.2229158861467647e-8	1.6652596814073613e-9	3.8499876706424626e-6	1.1317972448604988e-8	1.008834834577423e-9	3.959997500359049e-5
400.0	2.2249071217819766e-8	1.6649238619779685e-9	3.849987470750589e-6	1.1318372490967916e-8	1.0089378663269167e-9	3.9599974974704884e-5
401.0	2.223135328031473e-8	1.667632950019318e-9	3.849987954680499e-6	1.1320527238425219e-8	1.008892917896195e-9	3.9599974788025945e-5
402.0	2.222403137567712e-8	1.66625166294111e-9	3.849987936728999e-6	1.1320200338732731e-8	1.009118817159524e-9	3.959997500390749e-5
403.0	2.2189386707949778e-8	1.6669029385055007e-9	3.849986431898213e-6	1.1318887974070251e-8	1.0086058713332684e-9	3.9599974559047e-5
404.0	2.2200844440544133e-8	1.6691338746584619e-9	3.849987207221439e-6	1.1317413159014465e-8	1.0088770640032062e-9	3.959997502521496e-5
405.0	2.2269044316287218e-8	1.6662952449949099e-9	3.8499874664794575e-6	1.1313583830794539e-8	1.0084889071911298e-9	3.959997467114854e-5
406.0	2.2276727555542213e-8	1.6655631883072838e-9	3.8499866768848936e-6	1.131171805019889e-8	1.0088288226321301e-9	3.9599974995013976e-5
407.0	2.2217227861300254e-8	1.6649737821800099e-9	3.849988241689742e-6	1.1307747197368323e-8	1.0089020454046642e-9	3.959997477357499e-5
408.0	2.2172984225277248e-8	1.6645927177626138e-9	3.849988163511123e-6	1.1308156105929415e-8	1.0090435664184302e-9	3.95999749211985e-5
409.0	2.2204135376118073e-8	1.6644913520517985e-9	3.849986536691222e-6	1.1306949056070345e-8	1.009228155690458e-9	3.959997471196363e-5
410.0	2.230716173252096e-8	1.6657160689202038e-9	3.8499869823841675e-6	1.1310520704536059e-8	1.009004086543128e-9	3.959997482326209e-5
411.0	2.2295314932042573e-8	1.6666060784973208e-9	3.849987296048869e-6	1.1311361182445686e-8	1.0090789210242956e-9	3.959997454413409e-5
412.0	2.2189543408883002e-8	1.6651055482863308e-9	3.849986175586811e-6	1.1316044400012404e-8	1.008635686253175e-9	3.959997488093213e-5
413.0	2.217517053993502e-8	1.666916351176633e-9	3.849987159761775e-6	1.1317483292652388e-8	1.0086483082605287e-9	3.9599974538911996e-5
414.0	2.2250058750649455e-8	1.6672529460863382e-9	3.849987748932274e-6	1.1321074463163185e-8	1.0084055502508904e-9	3.959997494530726e-5
415.0	2.23098309814566e-8	1.6644605689717195e-9	3.849987598609066e-6	1.1321454188326154e-8	1.0084573107660293e-9	3.959997469992541e-5
416.0	2.2262968947981955e-8	1.6675626633162019e-9	3.849986918666257e-6	1.1321519786793318e-8	1.0085716500955177e-9	3.959997477410816e-5
417.0	2.216892357515654e-8	1.6653421200770973e-9	3.849987233151063e-6	1.1319501883566239e-8	1.0086463383321874e-9	3.9599974787223615e-5
418.0	2.221268561955597e-8	1.6652437991850988e-9	3.849986729982114e-6	1.1315788201794542e-8	1.0086861114772397e-9	3.959997441466955e-5
419.0	2.2253584115003376e-8	1.6663186798003746e-9	3.84998674362973e-6	1.1312422725799465e-8	1.0087285731871208e-9	3.959997470209853e-5
420.0	2.2254915005283437e-8	1.666839591208621e-9	3.849987932201998e-6	1.1308729588460366e-8	1.0084712203605953e-9	3.9599974064587396e-5
421.0	2.2231219607805206e-8	1.668642337535659e-9	3.849987820312218e-6	1.1306710370509524e-8	1.0083366204013558e-9	3.9599974439564207e-5
422.0	2.2203695108097577e-8	1.6668824370793264e-9	3.849988174994798e-6	1.1305963097232797e-8	1.0084045424023597e-9	3.9599974010459945e-5
423.0	2.222898042099781e-8	1.6679081886083975e-9	3.849987432297523e-6	1.1307122202147645e-8	1.0083699658033583e-9	3.959997426006715e-5
424.0	2.2219872193724815e-8	1.6671340694302836e-9	3.849986816404162e-6	1.130950477995843e-8	1.0088849071481913e-9	3.9599974284164804e-5
425.0	2.224996761733467e-8	1.6669842480883166e-9	3.849986845024073e-6	1.1313527434219786e-8	1.0088608767354128e-9	3.959997429354638e-5
426.0	2.226319526742344e-8	1.665613212423683e-9	3.8499877190222384e-6	1.1316089567690948e-8	1.0093858511957292e-9	3.959997459526386e-5
427.0	2.2240166831729265e-8	1.6663993078562723e-9	3.849988044410143e-6	1.131986644844637e-8	1.00921119111404e-9	3.9599974414485194e-5
428.0	2.2201331041560146e-8	1.6667053209753044e-9	3.849987826173679e-6	1.1320544386788102e-8	1.0091944019381657e-9	3.959997470324008e-5
429.0	2.222012513989173e-8	1.6670590509469697e-9	3.849987154766669e-6	1.1321210512676025e-8	1.009128930518778e-9	3.959997444521347e-5
430.0	2.2277847903792642e-8	1.6680912357313143e-9	3.8499868486145615e-6	1.1319535755947106e-8	1.0088733269289681e-9	3.959997452214483e-5
431.0	2.2263097119805144e-8	1.6679107207042994e-9	3.849986933644175e-6	1.1317050760391726e-8	1.0091923161161838e-9	3.959997438162837e-5
432.0	2.219799594007198e-8	1.6667715091685515e-9	3.849986965080117e-6	1.131352733877877e-8	1.0089790300172045e-9	3.959997421198956e-5
433.0	2.220739710823199e-8	1.666214865297725e-9	3.84998770673664e-6	1.1310814195668387e-8	1.0094759207209263e-9	3.959997422074205e-5
434.0	2.2246957942058804e-8	1.666995333378593e-9	3.849988140355643e-6	1.1307585344931952e-8	1.0092256110711295e-9	3.959997402165072e-5
435.0	2.2284296003899486e-8	1.6657768331108734e-9	3.84998709764459e-6	1.1307589981235829e-8	1.0092454148900143e-9	3.9599974167464495e-5
436.0	2.2229305612159143e-8	1.6662918617097375e-9	3.849986805167239e-6	1.1306872168273824e-8	1.0090871491607746e-9	3.959997415018e-5
437.0	2.2209631294413654e-8	1.6663903169641558e-9	3.8499875478865125e-6	1.130945328895128e-8	1.008547559323306e-9	3.9599974291574323e-5
438.0	2.2228524457765004e-8	1.6672226496214755e-9	3.849987209805692e-6	1.1311685400143833e-8	1.0086550172970315e-9	3.959997455168887e-5
439.0	2.2214970588540215e-8	1.6671326382518148e-9	3.849986938230754e-6	1.1315204333369241e-8	1.0081198401820827e-9	3.959997461471929e-5
440.0	2.2257010007727454e-8	1.6671774741151455e-9	3.849987878280399e-6	1.131767772525634e-8	1.008385187625644e-9	3.9599974929964164e-5
441.0	2.227094820971248e-8	1.6673107822546332e-9	3.849987788529379e-6	1.1319366068934057e-8	1.0082298732543508e-9	3.9599974830432886e-5
442.0	2.2237475716134535e-8	1.6661608762187758e-9	3.849987297678873e-6	1.1320223760135893e-8	1.0084284619475388e-9	3.959997511312155e-5
443.0	2.219684846091726e-8	1.6674321996809816e-9	3.849987380337097e-6	1.1319482380435503e-8	1.0086132671973694e-9	3.959997493390712e-5
444.0	2.2208573956872927e-8	1.666662310569709e-9	3.849987350062659e-6	1.1318159966834174e-8	1.0084492997858634e-9	3.9599975039948864e-5
445.0	2.2295852464330186e-8	1.6661898747593893e-9	3.849987050988489e-6	1.131528292466994e-8	1.0087270655678156e-9	3.959997479576127e-5
446.0	2.2306790692721433e-8	1.6659273383208192e-9	3.84998787194387e-6	1.1313249920414188e-8	1.0084275162981921e-9	3.959997489405358e-5
447.0	2.220184614478501e-8	1.665561289127923e-9	3.849988029827278e-6	1.130983352966458e-8	1.0087361381301307e-9	3.9599974679950016e-5
448.0	2.21812053635024e-8	1.6661853841070439e-9	3.849987414303742e-6	1.1309129776171865e-8	1.00863164326796e-9	3.95999748401758e-5
449.0	2.2245354123867165e-8	1.6669823620941402e-9	3.849987659697069e-6	1.1307913587850796e-8	1.00877058276591e-9	3.95999747620811e-5
450.0	2.2316712973892372e-8	1.6682894867172736e-9	3.849987202874859e-6	1.130967408757919e-8	1.0088523871130054e-9	3.959997486375915e-5
451.0	2.2255578999338685e-8	1.6678118892736694e-9	3.84998715389779e-6	1.1310365867906776e-8	1.0086626547387683e-9	3.959997491047466e-5
452.0	2.2164890960356157e-8	1.6679246905118171e-9	3.849987877658318e-6	1.131326796568341e-8	1.0089028617040775e-9	3.959997481111604e-5
453.0	2.2221465362230848e-8	1.6661406352879178e-9	3.8499883187366135e-6	1.131478881140889e-8	1.0087074165462929e-9	3.959997501815669e-5
454.0	2.227812189041842e-8	1.6648475988864771e-9	3.849987660107138e-6	1.1317441983732822e-8	1.0091558466627082e-9	3.9599974781699035e-5
455.0	2.2248999317724834e-8	1.6661184445828225e-9	3.849986881147029e-6	1.1318242522031963e-8	1.009046421362673e-9	3.95999750719981e-5
456.0	2.2209535424462245e-8	1.665844098980368e-9	3.849986754353164e-6	1.131880797285132e-8	1.0093545768427194e-9	3.959997467384496e-5
457.0	2.219007030632898e-8	1.6666035832648943e-9	3.849987560734042e-6	1.1318270289446834e-8	1.009133454829327e-9	3.9599974906061605e-5
458.0	2.2251910335299465e-8	1.6696817254694305e-9	3.849987833574976e-6	1.1316662392322048e-8	1.009061468809198e-9	3.9599974569092797e-5
459.0	2.2207219065486412e-8	1.6682771163324933e-9	3.8499880512544745e-6	1.1315545068909956e-8	1.0089759845492198e-9	3.9599974764352444e-5
460.0	2.2199362007447195e-8	1.6686973647188144e-9	3.849988323683898e-6	1.1313461587852977e-8	1.0087800554007686e-9	3.9599974755441393e-5
461.0	2.2228222565940792e-8	1.6685516291119335e-9	3.849987251859555e-6	1.131251789973992e-8	1.00894124647982e-9	3.9599974808656686e-5
462.0	2.2229312613677164e-8	1.6657045321169176e-9	3.849987107569099e-6	1.1310690118707601e-8	1.0086453062948643e-9	3.9599974879575976e-5
463.0	2.221247541121907e-8	1.6654699285164325e-9	3.849987480094631e-6	1.1310693801210989e-8	1.0088577449004974e-9	3.959997469644575e-5
464.0	2.2182273338085486e-8	1.6657092732676933e-9	3.849987923697411e-6	1.1310139799736533e-8	1.0085133543494121e-9	3.959997457512819e-5
465.0	2.2261543791941032e-8	1.6680743122831215e-9	3.849987818685103e-6	1.131105645680297e-8	1.0085766048827665e-9	3.959997423667186e-5
466.0	2.2261504364039645e-8	1.667134796142851e-9	3.849988100722407e-6	1.1311392997378045e-8	1.0085548877469284e-9	3.9599974008598586e-5
467.0	2.220338335368085e-8	1.6693233202689442e-9	3.8499878698882304e-6	1.131303383654366e-8	1.0086189816045728e-9	3.9599973801093986e-5
468.0	2.2183715923004762e-8	1.6689613402041308e-9	3.8499875014802015e-6	1.1313940056384598e-8	1.008905932042111e-9	3.959997364149057e-5
469.0	2.2244020017340472e-8	1.6680537433348861e-9	3.84998731399659e-6	1.1315612392597882e-8	1.0088638090375617e-9	3.9599973723248555e-5
470.0	2.2316193681543443e-8	1.6681078693754881e-9	3.84998724425014e-6	1.1316098960636778e-8	1.0092306082076781e-9	3.9599973788302495e-5
471.0	2.2243346009801442e-8	1.6675219653269233e-9	3.8499874053513395e-6	1.1316515801761264e-8	1.0088684644245579e-9	3.9599973983807565e-5
472.0	2.2162156913655017e-8	1.6648140046619082e-9	3.849987707765397e-6	1.1316148986459065e-8	1.0091523646897139e-9	3.959997413819122e-5
473.0	2.2230874962826105e-8	1.666610170286175e-9	3.849987825959915e-6	1.1315776191031903e-8	1.008795232614112e-9	3.959997427142415e-5
474.0	2.2284316637699055e-8	1.6677126342363616e-9	3.849987896696176e-6	1.1315312073933197e-8	1.0089114531736112e-9	3.9599974288115644e-5
475.0	2.227920049901725e-8	1.667691218090388e-9	3.849987427907235e-6	1.1314032516523856e-8	1.009059759836035e-9	3.9599974248236045e-5
476.0	2.2177300219971194e-8	1.6683986575517267e-9	3.849987016506426e-6	1.1313858978742475e-8	1.0091910557940826e-9	3.95999742163784e-5
477.0	2.219027136539395e-8	1.6685070022484977e-9	3.849987544830355e-6	1.131236966233698e-8	1.0096907687752114e-9	3.9599974134543536e-5
478.0	2.222113745525893e-8	1.6677114531159388e-9	3.849987748833602e-6	1.1312439266186961e-8	1.0095945556619653e-9	3.959997411871801e-5
479.0	2.226031360809888e-8	1.6681399389164008e-9	3.849987709697558e-6	1.1312527912706265e-8	1.0098605299485011e-9	3.9599974182500054e-5
480.0	2.2222588086857727e-8	1.6690126459532976e-9	3.84998771259066e-6	1.1312456921801668e-8	1.0093789499259286e-9	3.9599974115078895e-5
481.0	2.222872689595741e-8	1.6673180220070506e-9	3.8499875775538915e-6	1.1313225819323216e-8	1.0093059872267017e-9	3.959997424856104e-5
482.0	2.2225756654057777e-8	1.667465868357229e-9	3.849987411520057e-6	1.1312910108487084e-8	1.0090271398407368e-9	3.9599974158045244e-5
483.0	2.2201326067349392e-8	1.6684581339184664e-9	3.849987792005505e-6	1.1313305143532294e-8	1.008989041894684e-9	3.959997442590197e-5
484.0	2.2204560439788018e-8	1.6687967487156125e-9	3.849987872355978e-6	1.1313988282918673e-8	1.0090758820701645e-9	3.959997440422408e-5
485.0	2.229516514974562e-8	1.6682361573632384e-9	3.849987641272964e-6	1.1313461271644947e-8	1.008734491288312e-9	3.9599974702526025e-5
486.0	2.229344839698911e-8	1.669299288905729e-9	3.849987872484759e-6	1.131412338134941e-8	1.0088160116079401e-9	3.959997453041886e-5
487.0	2.2193260410132432e-8	1.6682511299521637e-9	3.849987640287172e-6	1.1313866151428505e-8	1.0081292983153322e-9	3.9599974727642355e-5
488.0	2.216982762555224e-8	1.668090725214465e-9	3.849987341450215e-6	1.1313269228935676e-8	1.0080828444104569e-9	3.959997447257059e-5
489.0	2.227610731221573e-8	1.6699723410565037e-9	3.849987490829934e-6	1.1314109151527638e-8	1.0078734251922568e-9	3.959997455742976e-5
490.0	2.234609336273325e-8	1.66963931866621e-9	3.8499879529039645e-6	1.1313337870403677e-8	1.0080559017990344e-9	3.9599974476170714e-5
491.0	2.2268363426469374e-8	1.6703325364478705e-9	3.849987951447149e-6	1.1314250519072753e-8	1.008248955330456e-9	3.959997442054794e-5
492.0	2.215938796634928e-8	1.6696914592402352e-9	3.849988261856899e-6	1.1314852071796392e-8	1.0081379408737376e-9	3.959997450625226e-5
493.0	2.222636041034798e-8	1.668369417591438e-9	3.8499877185416286e-6	1.1315036293108992e-8	1.0084658775614593e-9	3.959997442084063e-5
494.0	2.2275079488050787e-8	1.6696359727229484e-9	3.849987597646265e-6	1.131677437375443e-8	1.0081374514737848e-9	3.959997484887438e-5
495.0	2.2304456789534795e-8	1.6682659143206589e-9	3.8499869615566125e-6	1.1315896914683992e-8	1.008481125772164e-9	3.959997481560625e-5
496.0	2.221999721720873e-8	1.6690206236159888e-9	3.8499874411684275e-6	1.1316103794656438e-8	1.0084681929183421e-9	3.959997534879212e-5
497.0	2.2193134534823533e-8	1.6690361426577239e-9	3.849987338485573e-6	1.1315622933276322e-8	1.00880770530544e-9	3.959997517985097e-5
498.0	2.2246398638879845e-8	1.6694703763932854e-9	3.849987683832552e-6	1.131388786110229e-8	1.0089314821698134e-9	3.959997548555386e-5
499.0	2.223463825976186e-8	1.6698510982282568e-9	3.8499876241479415e-6	1.1313732266653448e-8	1.0089173231641994e-9	3.9599975052996804e-5
500.0	2.226896392637089e-8	1.6696397934615392e-9	3.849987939275126e-6	1.1312461388826264e-8	1.0090535855532086e-9	3.9599975182742586e-5
501.0	2.2251098505030332e-8	1.6696198799590586e-9	3.849987591303234e-6	1.1311354130141239e-8	1.008852161851125e-9	3.9599974747897515e-5
502.0	2.2226972148457177e-8	1.6688153513253508e-9	3.849987112163728e-6	1.1311610871886592e-8	1.0093944234918859e-9	3.959997489625178e-5
503.0	2.219998939088444e-8	1.6690065329720962e-9	3.849986915046388e-6	1.1310415656111317e-8	1.0092046488823661e-9	3.959997463680993e-5
504.0	2.2221053809313443e-8	1.670387696579712e-9	3.849986811430409e-6	1.1311954441512818e-8	1.009724788822293e-9	3.959997478170477e-5
505.0	2.2288394154836813e-8	1.6703161899932424e-9	3.849987102569954e-6	1.1312655656354776e-8	1.0097037694137128e-9	3.9599974702227416e-5
506.0	2.227082551227272e-8	1.6695030825724644e-9	3.8499884072776646e-6	1.1313059232897409e-8	1.0095927603934103e-9	3.95999747588369e-5
507.0	2.2218750777959467e-8	1.6708809203704178e-9	3.849988696081946e-6	1.1314863920387035e-8	1.0095333376884207e-9	3.9599974828393976e-5
508.0	2.218783884971238e-8	1.6694691501461394e-9	3.849987295298763e-6	1.1314240527044063e-8	1.0089490740523658e-9	3.959997494741067e-5
509.0	2.2254196675052696e-8	1.6694594422093772e-9	3.849987004295554e-6	1.1315123249732881e-8	1.0090657062741498e-9	3.9599975020003644e-5
510.0	2.2282968128435617e-8	1.6719141453291755e-9	3.849986763552497e-6	1.1315232296747273e-8	1.008513364161796e-9	3.959997496156628e-5
511.0	2.2269206187535985e-8	1.6700790281406859e-9	3.849987201191004e-6	1.1314644932597732e-8	1.0087584681650418e-9	3.959997496512179e-5
512.0	2.2191477828259603e-8	1.6716777959132986e-9	3.8499881658688675e-6	1.1315037058474206e-8	1.0086792417084952e-9	3.959997472591824e-5
513.0	2.2191567666150053e-8	1.6702362147214736e-9	3.8499885151830366e-6	1.1314370074150583e-8	1.0086626242358246e-9	3.9599974813109436e-5
514.0	2.2248705141049685e-8	1.670931212037203e-9	3.8499872056802e-6	1.131414034753881e-8	1.008678131807004e-9	3.95999744757183e-5
515.0	2.2295712908122923e-8	1.670387663826686e-9	3.8499872052679526e-6	1.1314397618298515e-8	1.0083366259235292e-9	3.959997463847347e-5
516.0	2.2258934046739192e-8	1.6699222681422346e-9	3.849987199778844e-6	1.1313495153276955e-8	1.0083445977023636e-9	3.959997431434499e-5
517.0	2.2183813297138485e-8	1.670574695703533e-9	3.849987130061023e-6	1.1314097173633475e-8	1.008076430669626e-9	3.9599974727315156e-5
518.0	2.221460808927534e-8	1.6705205608146252e-9	3.849987892536289e-6	1.1314041519338736e-8	1.0082264067027527e-9	3.959997436309121e-5
519.0	2.2238241821622827e-8	1.6704798210169698e-9	3.849988098345652e-6	1.1313710776464323e-8	1.0081495997138916e-9	3.95999749171074e-5
520.0	2.228450972402594e-8	1.6720222018873293e-9	3.84998694591431e-6	1.131437180023652e-8	1.008344910379627e-9	3.959997449230456e-5
521.0	2.2248671000357498e-8	1.6704509013359753e-9	3.849987510796166e-6	1.1313627038772827e-8	1.0083410006154838e-9	3.9599974869972737e-5
522.0	2.221700270161775e-8	1.6703856350284661e-9	3.8499872353650025e-6	1.1313132183824984e-8	1.0084553482946725e-9	3.9599974536908e-5
523.0	2.221824389349132e-8	1.6705151799465234e-9	3.8499871891970304e-6	1.1313488621978669e-8	1.0085296794539676e-9	3.959997462586151e-5
524.0	2.2203930299599705e-8	1.6714501631995958e-9	3.849987073557323e-6	1.1312561859502401e-8	1.0087260392379748e-9	3.9599974667809974e-5
525.0	2.2288899594612854e-8	1.671527902544133e-9	3.849987561791075e-6	1.131382754557863e-8	1.008868318877234e-9	3.959997453803626e-5
526.0	2.2277276829625848e-8	1.670989622230457e-9	3.849987450302767e-6	1.1313394554565158e-8	1.009067501294402e-9	3.9599974826854945e-5
527.0	2.222953969446385e-8	1.6712343057840838e-9	3.849987344317275e-6	1.1314126561901423e-8	1.0091707362059005e-9	3.959997457433275e-5
528.0	2.221147908041347e-8	1.6693407344931689e-9	3.849987608237269e-6	1.1314577738308672e-8	1.0091006825017045e-9	3.9599974968260475e-5
529.0	2.2208138401388605e-8	1.6698129812939835e-9	3.849987343018195e-6	1.1314688676434158e-8	1.0091607017750728e-9	3.959997455259247e-5
530.0	2.2301477611507332e-8	1.6713411065197862e-9	3.849986994990422e-6	1.1315117035509663e-8	1.008850804159288e-9	3.95999748271106e-5
531.0	2.2285834170131456e-8	1.6703808460364762e-9	3.8499872719470824e-6	1.131544479475008e-8	1.0091020890627845e-9	3.9599974397850944e-5
532.0	2.2207278157022237e-8	1.672089786122463e-9	3.8499876160215404e-6	1.1314699567405981e-8	1.008780480306659e-9	3.959997447250626e-5
533.0	2.2233109737046844e-8	1.6717015885535882e-9	3.849987040471305e-6	1.1314977551930864e-8	1.0092333595635674e-9	3.9599974309935335e-5
534.0	2.2226348325277508e-8	1.6714678055215085e-9	3.849988189291332e-6	1.1313934624506803e-8	1.0089221830482702e-9	3.959997422070819e-5
535.0	2.228191284473459e-8	1.6711636363866872e-9	3.849987702379816e-6	1.1312968668146411e-8	1.0090870005069467e-9	3.959997452878255e-5
536.0	2.2260052525830962e-8	1.6705148464402228e-9	3.84998695226854e-6	1.1313339283846677e-8	1.0090204567624838e-9	3.959997434133831e-5
537.0	2.2229726865685658e-8	1.6697840666300514e-9	3.849987327062634e-6	1.1311188398877079e-8	1.0086408131170259e-9	3.9599974753385644e-5
538.0	2.2262951940811932e-8	1.670560855721494e-9	3.8499874931819095e-6	1.1313569604359566e-8	1.0089075488597361e-9	3.959997458933498e-5
539.0	2.2225308193640484e-8	1.6707360131934275e-9	3.849986878184416e-6	1.1311757964538108e-8	1.0082990412968205e-9	3.959997472861924e-5
540.0	2.2241298260575395e-8	1.6723498882107732e-9	3.8499873308125816e-6	1.131450815422386e-8	1.0090014929672616e-9	3.959997484591916e-5
541.0	2.2263839668248292e-8	1.6723999983118943e-9	3.849987822619627e-6	1.1313674743517317e-8	1.0082814308302626e-9	3.959997467028857e-5
542.0	2.225852294326531e-8	1.671775550635371e-9	3.849986987754786e-6	1.1315823863147784e-8	1.0089247573012295e-9	3.9599975112290486e-5
543.0	2.2234400022064528e-8	1.670913921247438e-9	3.849987195531501e-6	1.1315204816378234e-8	1.0085402774112044e-9	3.9599974755621154e-5
544.0	2.2208609706728916e-8	1.6708466321181154e-9	3.849987853885418e-6	1.1316995173659262e-8	1.0084915258053387e-9	3.959997530741355e-5
545.0	2.227392892688498e-8	1.669764862754761e-9	3.849987226438894e-6	1.1315471437685204e-8	1.0088515922411257e-9	3.959997491883839e-5
546.0	2.2295666421372358e-8	1.6708901413920629e-9	3.849986585501507e-6	1.131594793766875e-8	1.0082872294083805e-9	3.95999753295115e-5
547.0	2.2217618236269648e-8	1.6718454136791987e-9	3.849987716753419e-6	1.1314163593160436e-8	1.0092119044134613e-9	3.9599974998798066e-5
548.0	2.2236663270621747e-8	1.6724419475348178e-9	3.849987390541309e-6	1.1312861911651199e-8	1.0084259415875208e-9	3.959997517212579e-5
549.0	2.2247511730393107e-8	1.6716951426268121e-9	3.8499875273573655e-6	1.1312974857341732e-8	1.0092551211272316e-9	3.959997493296088e-5
550.0	2.2302943279380874e-8	1.6739130223624875e-9	3.849987644859919e-6	1.1310682232473168e-8	1.008627203737855e-9	3.959997489679068e-5
551.0	2.2239798170375527e-8	1.6719347866467035e-9	3.849987632818021e-6	1.1313457344266142e-8	1.0087203500759392e-9	3.959997486531689e-5
552.0	2.2202496993414933e-8	1.6710731411523414e-9	3.849986570726325e-6	1.1311272808166725e-8	1.0089290869349865e-9	3.959997477013651e-5
553.0	2.2258574137386197e-8	1.6708699123974265e-9	3.84998685413444e-6	1.1315826889510539e-8	1.0083599794215323e-9	3.95999749981565e-5
554.0	2.2284389517973006e-8	1.6701121565919446e-9	3.849987655482451e-6	1.131410543931498e-8	1.009368307880375e-9	3.9599974827805614e-5
555.0	2.227456522024093e-8	1.672318674936991e-9	3.849987642740583e-6	1.1318490533194842e-8	1.0086131917895176e-9	3.959997513128256e-5
556.0	2.2190676489071483e-8	1.6718443731248707e-9	3.8499872745760025e-6	1.1315637013845634e-8	1.0095721146639067e-9	3.959997469600878e-5
557.0	2.2232462424084567e-8	1.6726534290134494e-9	3.849986868891544e-6	1.1318928493268585e-8	1.0089535252873537e-9	3.9599975028204346e-5
558.0	2.2258466442850523e-8	1.672047455190659e-9	3.8499871731600625e-6	1.1314441095922727e-8	1.0093159502213e-9	3.9599974479241344e-5
559.0	2.2250246687831993e-8	1.6728239356554878e-9	3.8499866273757195e-6	1.131600198105425e-8	1.0092944329866827e-9	3.9599974938556744e-5
560.0	2.2230419801867998e-8	1.6713914736786321e-9	3.849987040424463e-6	1.1312375541655968e-8	1.0087982990820032e-9	3.95999744605285e-5
561.0	2.2233877089486585e-8	1.6706288424539964e-9	3.849987629516706e-6	1.131184824622516e-8	1.0094455041481438e-9	3.9599974877711494e-5
562.0	2.225860880840232e-8	1.671588405174191e-9	3.849987482178884e-6	1.1310641201224084e-8	1.008772574010306e-9	3.9599974666484794e-5
563.0	2.221660986904684e-8	1.6714372438840347e-9	3.849987073269768e-6	1.1309534351114124e-8	1.0094669719806736e-9	3.959997483195373e-5
564.0	2.2230799459446702e-8	1.6723714778906142e-9	3.849987445274556e-6	1.1311709830742375e-8	1.0088282880542675e-9	3.95999748228119e-5
565.0	2.2265156240830156e-8	1.6739192559190742e-9	3.849987206657977e-6	1.1311224328321443e-8	1.0090928706803697e-9	3.959997469636731e-5
566.0	2.2284127455678302e-8	1.672950540164464e-9	3.849987000242747e-6	1.1315648271858431e-8	1.0087353289453774e-9	3.959997482429947e-5
567.0	2.219221133744574e-8	1.6734878968220895e-9	3.849987208576519e-6	1.131498214159292e-8	1.008285399855102e-9	3.9599974617052446e-5
568.0	2.2194162868277733e-8	1.672583676764483e-9	3.849987488606176e-6	1.1320179501624087e-8	1.0085509126850112e-9	3.9599974746508245e-5
569.0	2.227633249904375e-8	1.6728086775889131e-9	3.849987514598303e-6	1.1317335766207555e-8	1.0078847132390713e-9	3.959997452166521e-5
570.0	2.2321550622398584e-8	1.6708535972483977e-9	3.849987949988295e-6	1.1321569683955613e-8	1.0085099162704626e-9	3.9599974527185984e-5
571.0	2.2256930430771383e-8	1.672439396717281e-9	3.849987247292226e-6	1.1316486610665256e-8	1.008006579435864e-9	3.959997438877407e-5
572.0	2.215979047873787e-8	1.6713288898530268e-9	3.8499870283394285e-6	1.131811778529616e-8	1.0084698936461272e-9	3.9599974227216855e-5
573.0	2.2232004862630078e-8	1.6726945833457358e-9	3.849986904637808e-6	1.1312612386874661e-8	1.00817365539026e-9	3.9599974270450365e-5
574.0	2.228567243415706e-8	1.673799955474831e-9	3.849987428317914e-6	1.1312569055495031e-8	1.0081953296605135e-9	3.959997414168076e-5
575.0	2.229164824849624e-8	1.672462332528549e-9	3.849986782284288e-6	1.130908827274818e-8	1.008216156906883e-9	3.959997413684464e-5
576.0	2.219519780349199e-8	1.6746624342383653e-9	3.849988308845565e-6	1.1308981311851637e-8	1.0080397706160113e-9	3.959997424823511e-5
577.0	2.2193493699158346e-8	1.6724297413813143e-9	3.8499882877174275e-6	1.1309167841945369e-8	1.0085293764015929e-9	3.9599974031096933e-5
578.0	2.2247277102031924e-8	1.6709752218131857e-9	3.849986814553237e-6	1.1310910504310583e-8	1.008550891829927e-9	3.959997444842187e-5
579.0	2.225817405619213e-8	1.6713441243714383e-9	3.849986599255473e-6	1.131450299756222e-8	1.0093459344441227e-9	3.9599974031050116e-5
580.0	2.223477422588132e-8	1.6719093996033122e-9	3.8499870156850536e-6	1.1315730844756836e-8	1.009415196652404e-9	3.959997454836417e-5
581.0	2.2229384989731764e-8	1.6711988725216298e-9	3.849986834469795e-6	1.1319873631540512e-8	1.0097449827864325e-9	3.959997408847425e-5
582.0	2.222553443367775e-8	1.6718136000046863e-9	3.849987042997148e-6	1.131783704121589e-8	1.009710442098154e-9	3.9599974441315545e-5
583.0	2.2216552726560446e-8	1.673695561014389e-9	3.849988456089057e-6	1.132087796149527e-8	1.0096785400507857e-9	3.959997437320298e-5
584.0	2.2216631755035598e-8	1.6730584346928395e-9	3.849987358505376e-6	1.1316475588476728e-8	1.0096448596332463e-9	3.9599974524916044e-5
585.0	2.2256136352676046e-8	1.6729448172802686e-9	3.849986969847504e-6	1.1317000809110751e-8	1.0093712510672053e-9	3.9599974776975105e-5
586.0	2.2275073592933187e-8	1.6731178809792604e-9	3.8499867146863375e-6	1.1311667517091767e-8	1.0096056201762806e-9	3.9599974753898e-5
587.0	2.2227166227079876e-8	1.6722198426267585e-9	3.849986476194366e-6	1.1310859630890664e-8	1.0091031368136034e-9	3.9599974949539745e-5
588.0	2.218815632145933e-8	1.6726482845437662e-9	3.8499867259431445e-6	1.130659125739443e-8	1.0092660461663026e-9	3.95999746533037e-5
589.0	2.2224499896920876e-8	1.6729366645360288e-9	3.849987434431866e-6	1.1307952038160335e-8	1.0087534607984654e-9	3.959997468286244e-5
590.0	2.232236583864363e-8	1.6736994683898297e-9	3.849987551989116e-6	1.1307032972672059e-8	1.008845065950544e-9	3.9599974349711216e-5
591.0	2.229146831371965e-8	1.6743344052093419e-9	3.8499873701386365e-6	1.1310823569388027e-8	1.0085531882830873e-9	3.959997436490578e-5
592.0	2.2188594181895012e-8	1.67358006378526e-9	3.849987350321331e-6	1.1313245808854595e-8	1.0083922748437427e-9	3.9599974156239634e-5
593.0	2.2167677142740404e-8	1.6731414084254883e-9	3.8499871731109735e-6	1.1316374281331674e-8	1.0083039548782724e-9	3.959997431481526e-5
594.0	2.2278278469949892e-8	1.6723821696086351e-9	3.849986735301349e-6	1.132017735464208e-8	1.0079672656960966e-9	3.9599974342737e-5
595.0	2.234102686724131e-8	1.6726369878473228e-9	3.849986852594926e-6	1.1320494714688556e-8	1.0080766891370745e-9	3.95999746212207e-5
596.0	2.2232810376568114e-8	1.6719924987040403e-9	3.849987427002562e-6	1.1322094131670893e-8	1.0077060545943737e-9	3.9599974689735076e-5
597.0	2.2150256389555633e-8	1.672764642597387e-9	3.849987267345051e-6	1.1319581484592354e-8	1.0081120772272212e-9	3.959997492673455e-5
598.0	2.2228722943546096e-8	1.6739650059691278e-9	3.849987284263045e-6	1.1317619925114393e-8	1.0080182380124351e-9	3.959997491047239e-5
599.0	2.2267021795466544e-8	1.6738637932195199e-9	3.8499873665150855e-6	1.1313713397759192e-8	1.0084501885580341e-9	3.959997501715043e-5
600.0	2.2275070765703337e-8	1.6741477794958174e-9	3.8499870415018224e-6	1.1310839359621489e-8	1.0085628423308842e-9	3.959997490569438e-5
601.0	2.219224256557294e-8	1.673936108875261e-9	3.849987459621811e-6	1.1307311243557119e-8	1.0086989432016068e-9	3.9599974974371885e-5
602.0	2.2195836368643234e-8	1.6734167831837306e-9	3.849987016789241e-6	1.1307306195972337e-8	1.009096236265602e-9	3.9599974879828216e-5
603.0	2.224495934575356e-8	1.6730759994587837e-9	3.849986670330523e-6	1.1306287933358147e-8	1.0090617452471221e-9	3.9599975049349575e-5
604.0	2.2214744610743483e-8	1.6725186451545527e-9	3.84998673276312e-6	1.1309537468292756e-8	1.0094954060197017e-9	3.959997498502891e-5
605.0	2.2238694759671994e-8	1.6739270079106056e-9	3.849987087717677e-6	1.1311836329340897e-8	1.0094667018281397e-9	3.959997512707896e-5
606.0	2.224723874333704e-8	1.674029846122898e-9	3.849987030136145e-6	1.1314489073220673e-8	1.0097870464578552e-9	3.959997485634335e-5
607.0	2.223454025029823e-8	1.6737958858421471e-9	3.8499870395173555e-6	1.1317540562069734e-8	1.0096411621079383e-9	3.9599974936333756e-5
608.0	2.218404591600148e-8	1.673470765996216e-9	3.8499876679498516e-6	1.131833209336358e-8	1.0097548181492211e-9	3.959997471503217e-5
609.0	2.222743397903699e-8	1.674474176163495e-9	3.849987302100413e-6	1.1319303246382667e-8	1.009607578036692e-9	3.9599974644027945e-5
610.0	2.2280072683038397e-8	1.674154792133955e-9	3.849986311552966e-6	1.1318344492946363e-8	1.0094237644231051e-9	3.9599974710322286e-5
611.0	2.226799364139637e-8	1.6718428227207646e-9	3.849987011687115e-6	1.1315423347441506e-8	1.0093059096414388e-9	3.9599974362119876e-5
612.0	2.2199414056491157e-8	1.6730021055282047e-9	3.849987088897336e-6	1.131370406445665e-8	1.0090944893685434e-9	3.959997461758953e-5
613.0	2.221210636774199e-8	1.673047334164094e-9	3.84998676285413e-6	1.1309891479028341e-8	1.0091024780215348e-9	3.959997414630317e-5
614.0	2.2252569947204366e-8	1.6729052176625933e-9	3.849987323436073e-6	1.1308891464326962e-8	1.008768052858526e-9	3.959997445417304e-5
615.0	2.2271438776794572e-8	1.674447219927652e-9	3.849987803602938e-6	1.1308466556712058e-8	1.0090220202588482e-9	3.959997409458274e-5
616.0	2.2257832161274434e-8	1.6742754578146335e-9	3.849986981424602e-6	1.1309226578618207e-8	1.0086285273649468e-9	3.9599974291002346e-5
617.0	2.2215800965978026e-8	1.6730094837867637e-9	3.849986748330271e-6	1.1310861212549097e-8	1.0088696121111434e-9	3.9599974197648344e-5
618.0	2.2241535174000356e-8	1.673428359381302e-9	3.849986679018546e-6	1.1314108457921279e-8	1.0084797622845903e-9	3.959997431911981e-5
619.0	2.219703548100403e-8	1.6734416548057503e-9	3.849986762742916e-6	1.1315252637014402e-8	1.008528037641518e-9	3.959997438372905e-5
620.0	2.2279253239829086e-8	1.6733424849386426e-9	3.849986796382962e-6	1.1319015024618429e-8	1.008386623282856e-9	3.9599974490445205e-5
621.0	2.227667235311363e-8	1.6729488651419367e-9	3.849987400505516e-6	1.1317983573808675e-8	1.0081671647220263e-9	3.959997452224665e-5
622.0	2.2244555618244162e-8	1.6735301577153344e-9	3.849986985242695e-6	1.131915041170324e-8	1.008342163478478e-9	3.959997453688588e-5
623.0	2.2185343354105422e-8	1.6733862124974113e-9	3.849986503523552e-6	1.13173116261024e-8	1.008050318576194e-9	3.959997447583639e-5
624.0	2.2212635370541492e-8	1.6736144372573893e-9	3.849986602123344e-6	1.1314662777142155e-8	1.0086624572109605e-9	3.959997447157372e-5
625.0	2.2338875715564873e-8	1.6742953213075888e-9	3.8499868421180915e-6	1.1313584605918282e-8	1.0085875957944657e-9	3.959997431559401e-5
626.0	2.229135171881965e-8	1.6738018908590662e-9	3.849986987875657e-6	1.1310108859538078e-8	1.0091177596347694e-9	3.959997431984816e-5
627.0	2.217598347407158e-8	1.6741821632550022e-9	3.849986993390896e-6	1.1310290619028881e-8	1.0091644213563507e-9	3.959997419571229e-5
628.0	2.218570451600326e-8	1.6733151689011248e-9	3.8499870536496556e-6	1.1308965618348574e-8	1.0092024408152586e-9	3.9599974181693415e-5
629.0	2.2303970348303074e-8	1.6731385171400252e-9	3.849986681856703e-6	1.1310688977898566e-8	1.0093572225297778e-9	3.959997429487403e-5
630.0	2.231639240494363e-8	1.6736711966695128e-9	3.84998634838319e-6	1.1311044008395754e-8	1.008928171935928e-9	3.959997415778208e-5
631.0	2.2208677694431975e-8	1.674227613834623e-9	3.849987184429166e-6	1.1314607238269077e-8	1.0092154336249152e-9	3.9599974456510246e-5
632.0	2.2142680741165958e-8	1.6734581978174982e-9	3.849987114903783e-6	1.1314235046813334e-8	1.0087662515202997e-9	3.959997416513552e-5
633.0	2.22618384698389e-8	1.6733815322619986e-9	3.849986843814795e-6	1.131896137782293e-8	1.0091547601646694e-9	3.959997448194014e-5
634.0	2.2285929438881922e-8	1.6741957552376114e-9	3.849987156441213e-6	1.1316779298722632e-8	1.0090793122729739e-9	3.959997429063359e-5
635.0	2.2231223050954465e-8	1.6742570468471104e-9	3.84998677261226e-6	1.1318992858495445e-8	1.0091896620098934e-9	3.959997446941485e-5
636.0	2.2178840755028624e-8	1.673805413995119e-9	3.8499867494921e-6	1.1316082497304506e-8	1.0093132744642245e-9	3.959997456411208e-5
637.0	2.2210035933087494e-8	1.6740921589093033e-9	3.849986944234419e-6	1.1314846252908048e-8	1.0090563373862297e-9	3.959997457860622e-5
638.0	2.2238378812764838e-8	1.6733042926633194e-9	3.8499872926294205e-6	1.1313055076338587e-8	1.0091542593838891e-9	3.9599974916495594e-5
639.0	2.2208829179906693e-8	1.6727510812241513e-9	3.849986941588312e-6	1.1310485258429235e-8	1.0088150498952904e-9	3.959997476677186e-5
640.0	2.2228332359477073e-8	1.6730080762142782e-9	3.849986961754787e-6	1.1310608359341195e-8	1.0088322253075977e-9	3.959997513686278e-5
641.0	2.22494057126674e-8	1.6735261979304013e-9	3.849986795283375e-6	1.1308956712268159e-8	1.0086478141101782e-9	3.95999748782741e-5
642.0	2.222812771840478e-8	1.672818395241107e-9	3.849986971144007e-6	1.1310583790005247e-8	1.0083604659421065e-9	3.9599975164445116e-5
643.0	2.2174151447243576e-8	1.6731407086754557e-9	3.849987095873205e-6	1.131060043096154e-8	1.0082994672666985e-9	3.959997478850014e-5
644.0	2.2214772439104028e-8	1.6746896870968587e-9	3.849986530893139e-6	1.1314515505621066e-8	1.007851410327456e-9	3.959997498675269e-5
645.0	2.229946745833036e-8	1.6744181562930734e-9	3.849986650094739e-6	1.1314906390280342e-8	1.0081524518464955e-9	3.959997469623191e-5
646.0	2.2292145959954604e-8	1.6749351965365227e-9	3.8499874396514245e-6	1.1318925694565733e-8	1.008011262656504e-9	3.959997482093057e-5
647.0	2.218122371901588e-8	1.6733228855873999e-9	3.849986374451743e-6	1.131724690439125e-8	1.0083547650569338e-9	3.959997464979105e-5
648.0	2.2198609936197657e-8	1.6728029411130004e-9	3.849986184294914e-6	1.1319651990562747e-8	1.008534215401222e-9	3.959997477233799e-5
649.0	2.2261951772487075e-8	1.67363019858299e-9	3.849987503575038e-6	1.1316810364620738e-8	1.0084592934179146e-9	3.959997487524882e-5
650.0	2.23365829858979e-8	1.6733154643107397e-9	3.849986995090313e-6	1.1316811492431376e-8	1.0087358952769698e-9	3.959997499339656e-5
651.0	2.227210098770289e-8	1.6738282925040958e-9	3.849986876557095e-6	1.1314952275235153e-8	1.008318320993589e-9	3.959997529196858e-5
652.0	2.21740593565707e-8	1.6739634590600742e-9	3.84998697859802e-6	1.1312967063307528e-8	1.0086714440365762e-9	3.9599975248875057e-5
653.0	2.220135329821376e-8	1.6751168755146188e-9	3.849986785411828e-6	1.1312741126277636e-8	1.0084787386490418e-9	3.9599975671721276e-5
654.0	2.2259984940953473e-8	1.6761361246687315e-9	3.849986115796061e-6	1.1310716830419622e-8	1.0085946931030507e-9	3.9599975123639026e-5
655.0	2.2309312404877883e-8	1.6749626806654899e-9	3.84998652293731e-6	1.1311653083364773e-8	1.0088495741343186e-9	3.959997548850841e-5
656.0	2.2241624098715133e-8	1.6756550438262883e-9	3.849987872792819e-6	1.1311029288291462e-8	1.00868995299687e-9	3.9599974529724535e-5
657.0	2.2185393407080606e-8	1.6743762868825542e-9	3.849987873487401e-6	1.1312603452298398e-8	1.009178631196068e-9	3.959997498131572e-5
658.0	2.22224243430261e-8	1.6742973943582174e-9	3.8499873209499e-6	1.1312878544944825e-8	1.0089261974203144e-9	3.959997412157542e-5
659.0	2.224671927260485e-8	1.6730838127169502e-9	3.849986010514241e-6	1.1314559558183338e-8	1.0093200650091873e-9	3.959997454651766e-5
660.0	2.2263323257693713e-8	1.6746836785788205e-9	3.849986368189001e-6	1.1314168215737044e-8	1.0092503428053215e-9	3.959997425684514e-5
661.0	2.2250368157344452e-8	1.6746932237639654e-9	3.849986618695192e-6	1.1315064079307218e-8	1.009378554876251e-9	3.9599974332784624e-5
662.0	2.221173759664351e-8	1.673306340630345e-9	3.849986863316153e-6	1.1314016572221907e-8	1.009515311499659e-9	3.9599974557671865e-5
663.0	2.222265264794159e-8	1.6747881796472949e-9	3.849987773679813e-6	1.1313733781559033e-8	1.0093269855516502e-9	3.959997442469605e-5
664.0	2.2201639426433794e-8	1.6743688609019079e-9	3.849987033967127e-6	1.1314132356405276e-8	1.009510868568742e-9	3.959997493973124e-5
665.0	2.2281278440699743e-8	1.6744444752792817e-9	3.849986525918318e-6	1.1312572774358431e-8	1.0090755118655632e-9	3.959997484624409e-5
666.0	2.228967878386268e-8	1.674829679980021e-9	3.8499863992720194e-6	1.13142664344704e-8	1.008967640874573e-9	3.959997505075931e-5
667.0	2.222753328450503e-8	1.6738641544526369e-9	3.8499864137635555e-6	1.1312587041090692e-8	1.0086177924219044e-9	3.959997500741439e-5
668.0	2.218923562166293e-8	1.6736837755717383e-9	3.84998679951923e-6	1.131487068414405e-8	1.0083360822319188e-9	3.9599974614137704e-5
669.0	2.221855395737608e-8	1.674052334308775e-9	3.8499865803206464e-6	1.1314292308209218e-8	1.0084808873532274e-9	3.959997459855641e-5
670.0	2.2325670544382108e-8	1.67444132927431e-9	3.8499863795336225e-6	1.1316239270842865e-8	1.0086552347237356e-9	3.959997407771691e-5
671.0	2.2281413155848923e-8	1.6745452966186818e-9	3.849986500932836e-6	1.131581245214001e-8	1.008898148301188e-9	3.959997410843339e-5
672.0	2.219060667063278e-8	1.6744705123348837e-9	3.849987115125492e-6	1.1316096472833598e-8	1.0091300411387733e-9	3.959997395641898e-5
673.0	2.221471202193361e-8	1.6752437583966246e-9	3.849987181166496e-6	1.1315081902970954e-8	1.0087573455825645e-9	3.959997387643733e-5
674.0	2.2269854836291938e-8	1.6750630527985796e-9	3.849986803472583e-6	1.1314275468206982e-8	1.0085719113476908e-9	3.9599974091402e-5
675.0	2.229496169939455e-8	1.6746078420505429e-9	3.849986792470597e-6	1.13131350212996e-8	1.007808246196748e-9	3.959997389331284e-5
676.0	2.2234271257915192e-8	1.6754428933618519e-9	3.849986674005023e-6	1.1311797457815612e-8	1.0078975965746135e-9	3.959997434309255e-5
677.0	2.219554945471538e-8	1.6744613389701907e-9	3.849986527888257e-6	1.1311874828024261e-8	1.0079745344753241e-9	3.959997413189803e-5
678.0	2.226797885959776e-8	1.6741159212366077e-9	3.849987003615618e-6	1.1310604099727197e-8	1.008238089820274e-9	3.959997449989278e-5
679.0	2.2245307204222254e-8	1.6746332172303746e-9	3.84998721533652e-6	1.1313128977450737e-8	1.0091602980182814e-9	3.959997432806237e-5
680.0	2.2263549059345757e-8	1.6747159264008785e-9	3.84998717317975e-6	1.1312418497523994e-8	1.0088842522010848e-9	3.959997443377236e-5
681.0	2.224408514957851e-8	1.6739678233048045e-9	3.8499867403187675e-6	1.131619052130066e-8	1.0095052036773399e-9	3.9599974354303795e-5
682.0	2.223469205329132e-8	1.6747494133458495e-9	3.849987230240595e-6	1.131522864521134e-8	1.00895187665542e-9	3.959997453271495e-5
683.0	2.225144507779872e-8	1.673958967266394e-9	3.84998722789954e-6	1.1318401216899308e-8	1.0090811041247507e-9	3.959997446826385e-5
684.0	2.221104263821038e-8	1.6749662383410393e-9	3.8499866790479785e-6	1.1316922433616871e-8	1.0089978780079938e-9	3.959997485354207e-5
685.0	2.2285610482206735e-8	1.6762068244309016e-9	3.849986759513788e-6	1.1317712803880323e-8	1.0088097755601364e-9	3.9599974653765374e-5
686.0	2.2267170791342438e-8	1.6751074710245326e-9	3.8499864558976975e-6	1.1315714267932827e-8	1.0094199687345248e-9	3.959997509729645e-5
687.0	2.2233647152953063e-8	1.6746326632234144e-9	3.849986820962455e-6	1.1314320672053957e-8	1.0088657943805265e-9	3.959997470083686e-5
688.0	2.2204390245780788e-8	1.6742338506512791e-9	3.849987050897128e-6	1.131230734469898e-8	1.009440568964702e-9	3.959997502467543e-5
689.0	2.2269068803408667e-8	1.6746462537927576e-9	3.849987493228232e-6	1.13105523219022e-8	1.0087558207649979e-9	3.9599974747219096e-5
690.0	2.2315349591319627e-8	1.674775692602526e-9	3.849987066260244e-6	1.1309522758802295e-8	1.0089715442060074e-9	3.959997482006955e-5
691.0	2.2259891995775798e-8	1.6746823715904672e-9	3.84998694493954e-6	1.1309350601136038e-8	1.008620363950418e-9	3.9599974804170975e-5
692.0	2.2178836538563854e-8	1.6752935233703986e-9	3.849986262089959e-6	1.1309841154892929e-8	1.0085020247461031e-9	3.959997467620851e-5
693.0	2.221823252243989e-8	1.6747615017619083e-9	3.849986563750302e-6	1.1311808520015594e-8	1.0086498461250093e-9	3.959997478914198e-5
694.0	2.2299732844324234e-8	1.6745965800934086e-9	3.849987334746874e-6	1.1314937669834482e-8	1.0083037312933333e-9	3.959997471509585e-5
695.0	2.2292798645127796e-8	1.6755625759020309e-9	3.849986139712992e-6	1.1316233895652993e-8	1.0087732330230518e-9	3.95999749089503e-5
696.0	2.221901952151577e-8	1.6735283641133337e-9	3.8499868104156964e-6	1.131978355918154e-8	1.008173996581811e-9	3.959997497438655e-5
697.0	2.2201799451123347e-8	1.674591104320799e-9	3.849987152831096e-6	1.1318694662855864e-8	1.0086835742934118e-9	3.959997512287674e-5
698.0	2.222879789287584e-8	1.673675151461891e-9	3.849987106880371e-6	1.1320924285113675e-8	1.0081237784062557e-9	3.959997529486287e-5
699.0	2.2264326002705345e-8	1.6752248695386583e-9	3.849986840503628e-6	1.1318260783875796e-8	1.008486046368923e-9	3.959997546493958e-5
700.0	2.2260368261919115e-8	1.6767481769378712e-9	3.849987909011209e-6	1.131740708315192e-8	1.00829118377713e-9	3.959997549532638e-5
701.0	2.2247631845647608e-8	1.675783831023499e-9	3.849986508906829e-6	1.1314368195677225e-8	1.0083428494900114e-9	3.9599975624738426e-5
702.0	2.2215666096617258e-8	1.6762040564565478e-9	3.8499855442914755e-6	1.1311948375938334e-8	1.008680383886935e-9	3.959997542030854e-5
703.0	2.2195688149475754e-8	1.674070426348034e-9	3.849986955831648e-6	1.130939065726586e-8	1.0084196368529644e-9	3.959997544924189e-5
704.0	2.2224629254605878e-8	1.675578451257263e-9	3.849987090509535e-6	1.1309615189264016e-8	1.008875783877773e-9	3.95999752796562e-5
705.0	2.2320886590289944e-8	1.6743721526682602e-9	3.849987096300627e-6	1.1308921451880634e-8	1.0084859265652508e-9	3.959997530615267e-5
706.0	2.227979064759286e-8	1.6740828297439124e-9	3.849988071338795e-6	1.1311848098366223e-8	1.0088480577679213e-9	3.959997520682342e-5
707.0	2.2209842331092435e-8	1.6762139731464359e-9	3.8499872058668125e-6	1.1312930102488316e-8	1.0084737302906597e-9	3.959997533083718e-5
708.0	2.2193274473403184e-8	1.6745949301171695e-9	3.849986038260401e-6	1.1316089351999595e-8	1.0085332701406279e-9	3.95999751168207e-5
709.0	2.2229657647509924e-8	1.6769617673106762e-9	3.849986747095009e-6	1.1318285032608614e-8	1.0085287796314966e-9	3.959997529438928e-5
710.0	2.2342703096175378e-8	1.6770164134728024e-9	3.849986616677328e-6	1.1318947535805937e-8	1.0084457876405753e-9	3.9599974882870893e-5
711.0	2.226526552448122e-8	1.6766688389503878e-9	3.849986892756347e-6	1.1320093024515094e-8	1.0087294476485744e-9	3.9599975085085095e-5
712.0	2.2201032207800087e-8	1.6754903822350952e-9	3.849987640681261e-6	1.1317709334108082e-8	1.008630581942717e-9	3.959997461513435e-5
713.0	2.2190311826225307e-8	1.6760161035122707e-9	3.849987127683635e-6	1.131679860871661e-8	1.0088600788985703e-9	3.9599974692913035e-5
714.0	2.2246448831688833e-8	1.6760278949204495e-9	3.8499865875822735e-6	1.1312968345595582e-8	1.0088652231048806e-9	3.95999744229605e-5
715.0	2.2311814685110038e-8	1.6749017450386083e-9	3.849986918395162e-6	1.1311361307878184e-8	1.0088215295038689e-9	3.95999743363359e-5
716.0	2.226704921473603e-8	1.6764315292488962e-9	3.849987021324277e-6	1.1308236505610216e-8	1.009065472535045e-9	3.959997448653364e-5
717.0	2.2198924920572845e-8	1.6775325425543387e-9	3.8499868312278525e-6	1.1308723448803092e-8	1.0089953441255636e-9	3.959997441031748e-5
718.0	2.2199932116221442e-8	1.676195853259394e-9	3.8499867414253194e-6	1.1307871136194009e-8	1.0091990114557787e-9	3.959997468924512e-5
719.0	2.2238502356936112e-8	1.6762507418169674e-9	3.849986649609773e-6	1.131135246562015e-8	1.0091624003462834e-9	3.95999746709607e-5
720.0	2.2283806846952933e-8	1.678192975457328e-9	3.849986824422813e-6	1.1312757058303076e-8	1.008959933510869e-9	3.9599974708295106e-5
721.0	2.2250835198004978e-8	1.674690375062825e-9	3.849986984518964e-6	1.1316451906711779e-8	1.0090529122242602e-9	3.9599974740568294e-5
722.0	2.222173996972226e-8	1.676399226935323e-9	3.84998757015065e-6	1.1318267548963664e-8	1.0086956613733208e-9	3.9599974522970314e-5
723.0	2.2208926568269498e-8	1.6764767758149145e-9	3.84998699167108e-6	1.1320567779120604e-8	1.0090576020657546e-9	3.959997456150326e-5
724.0	2.2222262121074677e-8	1.6755381703686588e-9	3.849986352087322e-6	1.1321242826711072e-8	1.0088467889886957e-9	3.959997438134518e-5
725.0	2.223889907507143e-8	1.6772817062282425e-9	3.849986560773941e-6	1.1320442239433968e-8	1.008916582303083e-9	3.959997412969157e-5
726.0	2.2304477383293316e-8	1.677074934154734e-9	3.849987025188558e-6	1.1318853205163514e-8	1.0089617222157356e-9	3.9599974209617896e-5
727.0	2.223148152157212e-8	1.6774096328479422e-9	3.849987162031765e-6	1.1314796200116947e-8	1.0085861535414794e-9	3.9599973644772335e-5
728.0	2.218566657615525e-8	1.675653488041081e-9	3.849987557313329e-6	1.1312356784235782e-8	1.008966919313304e-9	3.959997409449194e-5
729.0	2.2231437968019536e-8	1.6776904302697116e-9	3.849987204631549e-6	1.1308214631549539e-8	1.0085661761707362e-9	3.959997364484484e-5
730.0	2.228510325337594e-8	1.677300062303014e-9	3.849986236956979e-6	1.1307852428486559e-8	1.0090598095182597e-9	3.959997415126486e-5
731.0	2.230056316265561e-8	1.6763421232233706e-9	3.849986848384613e-6	1.1306614091057825e-8	1.0087714216380806e-9	3.959997393804394e-5
732.0	2.2193280773649314e-8	1.6768800990650532e-9	3.849987064864938e-6	1.1308645315462805e-8	1.0089729438433017e-9	3.9599974248782354e-5
733.0	2.220825842448375e-8	1.6764041737775623e-9	3.8499873951768136e-6	1.131040012068677e-8	1.0087637762069867e-9	3.959997413380903e-5
734.0	2.2260254424217212e-8	1.678092314658903e-9	3.849986997865851e-6	1.1313764630142654e-8	1.0085761110811551e-9	3.959997434005186e-5
735.0	2.226717555453741e-8	1.6776200547558208e-9	3.849986910738081e-6	1.1316766358005613e-8	1.0088238489836209e-9	3.959997435735996e-5
736.0	2.2253365009317513e-8	1.6783735357703589e-9	3.849986843895072e-6	1.1319234485660466e-8	1.0085468195718574e-9	3.959997446909851e-5
737.0	2.2214984560736134e-8	1.6773462775150003e-9	3.849987405400947e-6	1.1321081455827915e-8	1.0091018489370956e-9	3.959997461629497e-5
738.0	2.2230314099072086e-8	1.6764984630490652e-9	3.849986831567729e-6	1.1321091070703432e-8	1.0087930071568247e-9	3.959997452915605e-5
739.0	2.221230340342988e-8	1.6764763929220602e-9	3.8499867515976905e-6	1.132047377775341e-8	1.0092012330791863e-9	3.959997489538515e-5
740.0	2.2257838211319313e-8	1.6770243745152713e-9	3.84998704113458e-6	1.1317204011667944e-8	1.0090429840693331e-9	3.959997461935462e-5
741.0	2.2277021250976972e-8	1.6770813221265366e-9	3.849986561965046e-6	1.1314882110314632e-8	1.0090138032655717e-9	3.9599974989800116e-5
742.0	2.222553095868344e-8	1.6765339918639448e-9	3.849986831777077e-6	1.1310330510202518e-8	1.009316038468523e-9	3.959997472161986e-5
743.0	2.2206698436441546e-8	1.676975892448117e-9	3.849988278551256e-6	1.1308767966038506e-8	1.008813758173394e-9	3.9599974868930066e-5
744.0	2.2200364950110832e-8	1.6785104630049635e-9	3.849987326880898e-6	1.1306557165771319e-8	1.0093919769668884e-9	3.959997476271325e-5
745.0	2.2311101465500042e-8	1.6781033730383477e-9	3.8499865275561e-6	1.1307427959035813e-8	1.0087408771422994e-9	3.959997472630808e-5
746.0	2.2276346127924926e-8	1.6787668015490797e-9	3.849986909589639e-6	1.1308048510805373e-8	1.0089846436118163e-9	3.959997477985349e-5
747.0	2.2204639325451337e-8	1.6778304698475432e-9	3.8499863834615515e-6	1.1310785751872351e-8	1.0086382067650571e-9	3.959997475889787e-5
748.0	2.2192762668992577e-8	1.6764923479369036e-9	3.849986396981452e-6	1.1313899471575702e-8	1.0085442818232944e-9	3.9599974805359e-5
749.0	2.2249605974614394e-8	1.6784922648377565e-9	3.849987335122512e-6	1.1317408909443133e-8	1.008835594518785e-9	3.959997496426537e-5
750.0	2.2287638853492577e-8	1.6765704802424572e-9	3.849987833452888e-6	1.1320945263328302e-8	1.0085365991560937e-9	3.9599974880914464e-5
751.0	2.2272507028357775e-8	1.677670689734617e-9	3.849986784736218e-6	1.1321724113594361e-8	1.0090941751237464e-9	3.9599975141702505e-5
752.0	2.2200606360100495e-8	1.6763946555388203e-9	3.849987188736727e-6	1.1322612680417722e-8	1.008654783051948e-9	3.959997501686556e-5
753.0	2.220833421369837e-8	1.6780284810709465e-9	3.849986719285092e-6	1.1319435175678609e-8	1.008999017318129e-9	3.959997532322276e-5
754.0	2.2236769692190846e-8	1.6781041017006026e-9	3.8499861292851295e-6	1.131741002186038e-8	1.008621868216122e-9	3.959997521947222e-5
755.0	2.2284355408671417e-8	1.6777224850085033e-9	3.8499864984297866e-6	1.1313178189245377e-8	1.0084908938057092e-9	3.959997541123891e-5
756.0	2.2248002098590598e-8	1.6788556365135532e-9	3.849987364189088e-6	1.1310976645386426e-8	1.008628358025289e-9	3.9599975230084356e-5
757.0	2.2198295973517756e-8	1.6781461631982571e-9	3.849987274262218e-6	1.1307509777812899e-8	1.0081033189628092e-9	3.959997529844218e-5
758.0	2.2222412085454366e-8	1.6774740170272381e-9	3.849987121801608e-6	1.130746783152492e-8	1.0086130121693315e-9	3.959997488720344e-5
759.0	2.2223140508490758e-8	1.6769617694131081e-9	3.849987383305747e-6	1.130629091590466e-8	1.0081581128323006e-9	3.9599974932220876e-5
760.0	2.2276143144892476e-8	1.6777268804281718e-9	3.849986722976561e-6	1.1309171869777825e-8	1.0086071993868313e-9	3.959997441294699e-5
761.0	2.2210181933838227e-8	1.6776066737682478e-9	3.849986844941062e-6	1.1310643884470673e-8	1.008609760469529e-9	3.9599974714814346e-5
762.0	2.222664866866226e-8	1.6785510981826696e-9	3.84998682606336e-6	1.1315161760294015e-8	1.0088451490329822e-9	3.95999743416326e-5
763.0	2.2235809108077136e-8	1.6778981493235174e-9	3.8499873155551854e-6	1.1318415583266703e-8	1.009087774199843e-9	3.9599974705815386e-5
764.0	2.221395934531562e-8	1.6793871709799513e-9	3.8499873845853e-6	1.132089608288762e-8	1.0088965591012975e-9	3.9599974663607965e-5
765.0	2.2250668412817205e-8	1.6791250607642157e-9	3.849987834375654e-6	1.1322465134204545e-8	1.0089726663923977e-9	3.959997470677125e-5
766.0	2.2239410928213117e-8	1.6796575372680714e-9	3.8499867774764046e-6	1.1320611554592266e-8	1.0086186669110266e-9	3.959997493579481e-5
767.0	2.224876659380472e-8	1.6788336008794109e-9	3.849986615476945e-6	1.1319276120803113e-8	1.0087987210468274e-9	3.9599974599628246e-5
768.0	2.2200042697288802e-8	1.678165391080971e-9	3.849986686283725e-6	1.1315706171768504e-8	1.0087390215000591e-9	3.959997510172126e-5
769.0	2.221670558906468e-8	1.6793412984658158e-9	3.849986888110019e-6	1.1313506485054455e-8	1.0089650143067442e-9	3.9599974375218366e-5
770.0	2.2293512456577537e-8	1.6770606647276305e-9	3.849987239454187e-6	1.1310337073836211e-8	1.0091121487301168e-9	3.9599974895280895e-5
771.0	2.2261652708222398e-8	1.679079002697618e-9	3.849988046691511e-6	1.1309463784250401e-8	1.009172454002788e-9	3.959997415429648e-5
772.0	2.2204184306219415e-8	1.6792338830958543e-9	3.8499874342898415e-6	1.1306492997865059e-8	1.009155997153096e-9	3.959997453307057e-5
773.0	2.2236847005865154e-8	1.6783226747609002e-9	3.849986080035432e-6	1.1308838849378392e-8	1.0090398554950444e-9	3.95999740049415e-5
774.0	2.224792912482089e-8	1.6800642143223705e-9	3.849986572897511e-6	1.1307748245847683e-8	1.0089610192700044e-9	3.959997425472447e-5
775.0	2.2294387439225866e-8	1.6805790302222651e-9	3.849986703855018e-6	1.1312480234415058e-8	1.0088558136132257e-9	3.9599974153412394e-5
776.0	2.2224499055418356e-8	1.6786230823618997e-9	3.849986702108244e-6	1.131344452448257e-8	1.008812409874021e-9	3.959997426056479e-5
777.0	2.2204278784982745e-8	1.6784974522165255e-9	3.849987820391148e-6	1.1316954568430197e-8	1.0087064694657002e-9	3.959997450216783e-5
778.0	2.224865831568244e-8	1.6787257951833434e-9	3.849987746063876e-6	1.1318646457399988e-8	1.008614889120512e-9	3.959997439237401e-5
779.0	2.22475591242058e-8	1.6770505658846596e-9	3.84998693735223e-6	1.1319118590572194e-8	1.0083031894942203e-9	3.959997462880055e-5
780.0	2.227763395300273e-8	1.6789571656807263e-9	3.849986417757818e-6	1.1319225763642219e-8	1.008504558180436e-9	3.9599974527637764e-5
781.0	2.2242219653290005e-8	1.6801718859984287e-9	3.849986730930126e-6	1.1318155882518108e-8	1.008231251985231e-9	3.9599974473357026e-5
782.0	2.2202886776013186e-8	1.6788618764221347e-9	3.849986034668587e-6	1.1316765728270503e-8	1.0086509726080618e-9	3.9599974551358414e-5
783.0	2.222297932726962e-8	1.6786792597850168e-9	3.849987294787708e-6	1.1315018338692295e-8	1.0084884152351604e-9	3.9599974170705466e-5
784.0	2.2250465759428697e-8	1.6803298556730061e-9	3.8499878946172345e-6	1.1313557159868789e-8	1.0087754177781629e-9	3.959997443454611e-5
785.0	2.231339168713398e-8	1.676895277537063e-9	3.849986969157457e-6	1.1311145425115345e-8	1.0087960379914405e-9	3.959997400041687e-5
786.0	2.2249900010271233e-8	1.6765348885620065e-9	3.849986619440008e-6	1.1311222100274964e-8	1.0086280238406688e-9	3.959997432774773e-5
787.0	2.2176855927730478e-8	1.6779177935093179e-9	3.849986919647093e-6	1.13088931056055e-8	1.0090627136778397e-9	3.959997406856531e-5
788.0	2.222251042334267e-8	1.6777362184541497e-9	3.849985991488967e-6	1.1311274860081906e-8	1.0086139025917034e-9	3.959997429321612e-5
789.0	2.2271910995605743e-8	1.6784162808464056e-9	3.849986712880123e-6	1.131082777870286e-8	1.009298538723008e-9	3.959997424442671e-5
790.0	2.2312030062830166e-8	1.6812022108655007e-9	3.849988261930161e-6	1.1312741525312096e-8	1.0089065661982845e-9	3.959997423663212e-5
791.0	2.2249297101867304e-8	1.680971650752022e-9	3.849987534904244e-6	1.1313635570267199e-8	1.0094263988240581e-9	3.9599974309377384e-5
792.0	2.2193799642912005e-8	1.6791902158996395e-9	3.849986513043558e-6	1.1314279138725262e-8	1.0094179003117788e-9	3.959997430173495e-5
793.0	2.221818287957992e-8	1.6794431208808963e-9	3.849986954968497e-6	1.1315954510901857e-8	1.0093773848659832e-9	3.9599974455495785e-5
794.0	2.2275188769589912e-8	1.6791461654871677e-9	3.849986348547613e-6	1.1316274800157892e-8	1.0096276640778458e-9	3.959997437399946e-5
795.0	2.229643683197e-8	1.6778623911188475e-9	3.849986281587046e-6	1.1317461528517002e-8	1.0090766449186338e-9	3.959997471090378e-5
796.0	2.226909984895654e-8	1.6793410612446474e-9	3.849987776164676e-6	1.1316760720319334e-8	1.0095072068163567e-9	3.959997453022297e-5
797.0	2.2187405260946633e-8	1.6791925008720695e-9	3.8499880291144164e-6	1.1316705722378353e-8	1.0089212311083405e-9	3.959997504429648e-5
798.0	2.2212482990909615e-8	1.6801084596660356e-9	3.849987714864401e-6	1.1314728563150573e-8	1.0092845495051628e-9	3.959997482311177e-5
799.0	2.227973506098399e-8	1.681874965429927e-9	3.849987119099604e-6	1.1314395888932861e-8	1.0090142426178677e-9	3.959997542774232e-5
800.0	2.227340082716134e-8	1.6801705343024558e-9	3.8499866467024246e-6	1.131235424406502e-8	1.0090774888335268e-9	3.959997508378204e-5
