turn	ele_ex	ele_ey	ele_ez	pro_ex	pro_ey	pro_ez
0.0	2.042908293953415e-8	1.6115840823421875e-9	3.8499871731240865e-6	1.1281249147272375e-8	1.0034676489862682e-9	3.959997587408601e-5
1.0	2.0920443731858473e-8	1.6249160838595725e-9	3.849987616440322e-6	1.1285664489031434e-8	1.0051407492463319e-9	3.9599975919031295e-5
2.0	2.1027976510285864e-8	1.6232649008318665e-9	3.849988244059043e-6	1.129720330569679e-8	1.004986933020982e-9	3.9599976140007446e-5
3.0	2.0866834062110637e-8	1.6321565553237135e-9	3.849988463840359e-6	1.1315881664311662e-8	1.0071075780496055e-9	3.9599975821688514e-5
4.0	2.0744330294332795e-8	1.6452884350031124e-9	3.84998797877619e-6	1.1327294413315886e-8	1.007841973963243e-9	3.959997621912142e-5
5.0	2.1371396752452e-8	1.6350033922898612e-9	3.849987489365217e-6	1.1336971614618907e-8	1.0081757299447498e-9	3.9599975711065814e-5
6.0	2.1947623886429632e-8	1.6433159922644965e-9	3.8499867772337466e-6	1.134754720799813e-8	1.0094260782478571e-9	3.9599975843116916e-5
7.0	2.1556565427827824e-8	1.6368803810628717e-9	3.849987675100818e-6	1.135341234023496e-8	1.0090563345785864e-9	3.95999754699015e-5
8.0	2.1364865799337888e-8	1.6386616365536683e-9	3.849988048199069e-6	1.1351211847729445e-8	1.0102215976152322e-9	3.959997529193293e-5
9.0	2.1746189045978635e-8	1.6503261007476152e-9	3.849987867675999e-6	1.1344209927214485e-8	1.0099045557844347e-9	3.959997544772268e-5
10.0	2.2495592671369895e-8	1.6438558291583404e-9	3.849988095914081e-6	1.1331046902501813e-8	1.0113682082673204e-9	3.9599975044329204e-5
11.0	2.233954687901783e-8	1.6503274287074111e-9	3.8499876873531106e-6	1.1309048039067746e-8	1.0116089717060629e-9	3.959997532392671e-5
12.0	2.1857058445072526e-8	1.6515875510863674e-9	3.84998720148591e-6	1.1300263002908928e-8	1.0124121655831394e-9	3.959997476256027e-5
13.0	2.1949604661012135e-8	1.6503760604258116e-9	3.8499878008624585e-6	1.1289793302340439e-8	1.0126982552605123e-9	3.9599974902060906e-5
14.0	2.2365531309640493e-8	1.6541481016256634e-9	3.8499883873862156e-6	1.1286328517223993e-8	1.0127120607665526e-9	3.959997468883243e-5
15.0	2.2461406716770386e-8	1.6499608019773794e-9	3.849987191162043e-6	1.1286018084172167e-8	1.012712400787896e-9	3.9599974575048475e-5
16.0	2.221295756217898e-8	1.6486203170463678e-9	3.849986998457947e-6	1.129382829254274e-8	1.011676225052892e-9	3.959997449779039e-5
17.0	2.211348641809978e-8	1.6482278561530212e-9	3.849987869344859e-6	1.130264969510428e-8	1.0118542066992478e-9	3.9599974049247786e-5
18.0	2.217916060157868e-8	1.6489077464310694e-9	3.84998762383526e-6	1.13153588006936e-8	1.0102647597333628e-9	3.959997407523695e-5
19.0	2.222229537573157e-8	1.6511236162947559e-9	3.849988175975887e-6	1.1326072306643268e-8	1.0103492804232824e-9	3.959997374901e-5
20.0	2.2239806694601954e-8	1.6531918232386526e-9	3.849987929518467e-6	1.1338035415113776e-8	1.0092550076532313e-9	3.959997386570657e-5
21.0	2.2276587604238294e-8	1.652584895951963e-9	3.849986674347722e-6	1.1339002178563673e-8	1.0092581124766037e-9	3.959997387052698e-5
22.0	2.221534507457207e-8	1.65320645412259e-9	3.849986892075091e-6	1.1344785227932812e-8	1.0087100179072295e-9	3.959997387924534e-5
23.0	2.2175006270125494e-8	1.6524593291833364e-9	3.849987720633727e-6	1.1336454493512433e-8	1.0084490206552163e-9	3.9599974332349236e-5
24.0	2.2157552420641566e-8	1.6512311678942934e-9	3.8499879037032e-6	1.133109899837132e-8	1.0084310215427983e-9	3.959997399910287e-5
25.0	2.2265321082756923e-8	1.6507754616274028e-9	3.849987982664411e-6	1.1320817193311512e-8	1.007822669256071e-9	3.959997450028534e-5
26.0	2.2303925536638758e-8	1.6522073883935966e-9	3.8499874687509644e-6	1.131339446235649e-8	1.0082507503846315e-9	3.959997405097945e-5
27.0	2.22394949943509e-8	1.6518884297769077e-9	3.849986446787685e-6	1.1305095872279912e-8	1.0075756899561307e-9	3.959997468934669e-5
28.0	2.2208233124123686e-8	1.6524681782133208e-9	3.849986421280986e-6	1.1304382633837096e-8	1.0084370302904596e-9	3.959997447730428e-5
29.0	2.219586464954901e-8	1.6546277468963158e-9	3.849987568609542e-6	1.1302336302331206e-8	1.0081941334278604e-9	3.9599975029841843e-5
30.0	2.2242872056806203e-8	1.6547798112306139e-9	3.84998825461389e-6	1.1308770874012823e-8	1.0090230231419698e-9	3.9599974984390584e-5
31.0	2.2283456995408726e-8	1.6545483732274059e-9	3.849988141070557e-6	1.1313528743954419e-8	1.009353246531146e-9	3.959997523585662e-5
32.0	2.226479388873004e-8	1.654160940705407e-9	3.8499873859986636e-6	1.1321109388897538e-8	1.009663999853915e-9	3.95999753058004e-5
33.0	2.2253486097291396e-8	1.6545665439916023e-9	3.8499871130016286e-6	1.132939276850748e-8	1.0103756308067504e-9	3.9599975108571584e-5
34.0	2.2194192464662653e-8	1.65421462250987e-9	3.849986406730994e-6	1.1330505361789447e-8	1.0100639895997677e-9	3.9599975466199655e-5
35.0	2.2235722309327855e-8	1.6552970199177446e-9	3.849986776751346e-6	1.133581514538656e-8	1.010708773971836e-9	3.959997494730993e-5
36.0	2.228143689911585e-8	1.6560530982334613e-9	3.849987717705568e-6	1.1329454096323648e-8	1.0101932956002708e-9	3.959997535711185e-5
37.0	2.2294041341519255e-8	1.6561688257661135e-9	3.849988422029002e-6	1.1329668464629148e-8	1.0105143612577383e-9	3.959997485805377e-5
38.0	2.2248830016454067e-8	1.656473388303157e-9	3.849987781776179e-6	1.1320194144698429e-8	1.0103031997794243e-9	3.9599975062753214e-5
39.0	2.2221456857520036e-8	1.6558637764679214e-9	3.849987139950097e-6	1.1319187789853682e-8	1.010612808893026e-9	3.959997478594014e-5
40.0	2.2270004933796608e-8	1.655989140900421e-9	3.849986903936445e-6	1.1310176298127569e-8	1.010724238811779e-9	3.9599974851237025e-5
41.0	2.230268596328604e-8	1.657623320478455e-9	3.849986114815991e-6	1.131251367055924e-8	1.0107270480700335e-9	3.9599974804483144e-5
42.0	2.2265820728381473e-8	1.6558336735774843e-9	3.849986991939488e-6	1.1306599917043573e-8	1.0107797430307128e-9	3.959997481953227e-5
43.0	2.2250229745611404e-8	1.657738353396798e-9	3.849988127270855e-6	1.1314260598646979e-8	1.009956120360937e-9	3.959997481055808e-5
44.0	2.224594321157756e-8	1.6582103351690029e-9	3.849988416969121e-6	1.1314214663921616e-8	1.0098032010975477e-9	3.9599974843745574e-5
45.0	2.2299167530289136e-8	1.6587037207010173e-9	3.8499874062364855e-6	1.1322738150882765e-8	1.0088347398891288e-9	3.959997484574283e-5
46.0	2.224579916508742e-8	1.6585162280379273e-9	3.849986809594305e-6	1.1325545251377757e-8	1.008852185225965e-9	3.95999748475914e-5
47.0	2.2234579865798302e-8	1.6577633291666646e-9	3.849987365593459e-6	1.1330054913596322e-8	1.0086589295184327e-9	3.959997489206814e-5
48.0	2.2275123208612832e-8	1.6584045839927962e-9	3.849986953879388e-6	1.1332009701634785e-8	1.0088987717244567e-9	3.959997473572086e-5
49.0	2.22979789440373e-8	1.6564579069706914e-9	3.849987470720287e-6	1.133050626342408e-8	1.0092776857460443e-9	3.9599974912402684e-5
50.0	2.2265331135639877e-8	1.658473789398587e-9	3.849988256350051e-6	1.133044341453533e-8	1.0094118695133473e-9	3.9599974714436766e-5
51.0	2.2214826274951042e-8	1.658348575086507e-9	3.849987900458367e-6	1.132453915820041e-8	1.009608532474737e-9	3.959997494047053e-5
52.0	2.227186589458934e-8	1.6583456161939866e-9	3.84998702528211e-6	1.1323461361076305e-8	1.009478802106692e-9	3.9599974883628866e-5
53.0	2.2331444949091602e-8	1.660358675367784e-9	3.849987202836538e-6	1.1315456193139988e-8	1.009542273686881e-9	3.959997500972423e-5
54.0	2.2265002374862552e-8	1.6591846866700075e-9	3.849987636929728e-6	1.1316834582880056e-8	1.0093541561968123e-9	3.959997490689727e-5
55.0	2.220671292647542e-8	1.6590056387643146e-9	3.8499870152216766e-6	1.1311672720742719e-8	1.0095540556130937e-9	3.9599974816864354e-5
56.0	2.2267269788359157e-8	1.6581821620636627e-9	3.849987554867865e-6	1.1317859073909053e-8	1.0096469047324835e-9	3.959997467668118e-5
57.0	2.2343264603196092e-8	1.6579995863155257e-9	3.8499874836079655e-6	1.1317309487571789e-8	1.0100365820846465e-9	3.95999744769224e-5
58.0	2.2303117542114826e-8	1.6576183089491678e-9	3.8499868648580725e-6	1.1325559226781862e-8	1.0102681791782914e-9	3.9599974418272285e-5
59.0	2.2202540490606826e-8	1.6568403572520417e-9	3.849987464650599e-6	1.1326372751374417e-8	1.0106471243169748e-9	3.959997435440004e-5
60.0	2.227671625775102e-8	1.6580242412206217e-9	3.849987605179243e-6	1.133082490674006e-8	1.010914774517037e-9	3.959997439896568e-5
61.0	2.2345227995733653e-8	1.659385668356022e-9	3.849987210880826e-6	1.1329675924984516e-8	1.0108779727714264e-9	3.9599974408077505e-5
62.0	2.2299182873176317e-8	1.659551146513869e-9	3.84998699252696e-6	1.1329104796605964e-8	1.011049440191556e-9	3.959997436583921e-5
63.0	2.2221815207547447e-8	1.6593078863278721e-9	3.849987561231226e-6	1.1326194120855757e-8	1.0106499706228568e-9	3.959997423439709e-5
64.0	2.2266294650863674e-8	1.6597193989345977e-9	3.849986630401348e-6	1.1321601404299216e-8	1.0106744749818893e-9	3.959997420102689e-5
65.0	2.2345082744454477e-8	1.6587823459626374e-9	3.849986774603922e-6	1.1317652671348048e-8	1.0102676512165266e-9	3.9599974000880944e-5
66.0	2.2294779894577176e-8	1.6601894584901655e-9	3.849987841064804e-6	1.1312097649625864e-8	1.0103490637999446e-9	3.9599974125447635e-5
67.0	2.223221757803245e-8	1.6595141711901888e-9	3.849987720661587e-6	1.1311991431361854e-8	1.0102068594130285e-9	3.959997418508284e-5
68.0	2.2288198770297663e-8	1.6593314251147779e-9	3.84998678492585e-6	1.1309889483810455e-8	1.0101821697663691e-9	3.9599974258165894e-5
69.0	2.2325357035394487e-8	1.660156733140877e-9	3.849986802853458e-6	1.1315782010678133e-8	1.0103724182337594e-9	3.959997441421252e-5
70.0	2.230406651123412e-8	1.6605115150361754e-9	3.849987266615441e-6	1.1318465634218057e-8	1.0100936332849803e-9	3.959997439094998e-5
71.0	2.2240451456753366e-8	1.6609015218034641e-9	3.84998689131914e-6	1.1325493871360368e-8	1.0103038123444508e-9	3.959997460272232e-5
72.0	2.225488730423383e-8	1.6608656542180429e-9	3.849987210227816e-6	1.1328917397501322e-8	1.0098291154938236e-9	3.9599974588750256e-5
73.0	2.231522822920042e-8	1.6617129322248024e-9	3.849987538757531e-6	1.1332875692969123e-8	1.0099698026091102e-9	3.959997481769387e-5
74.0	2.2288462917242564e-8	1.6622249568712065e-9	3.849987144681126e-6	1.1334511301408743e-8	1.009486825591738e-9	3.959997481868814e-5
75.0	2.2260746271798902e-8	1.661990567989889e-9	3.849986898911119e-6	1.133353320328322e-8	1.0092391787296234e-9	3.95999749156669e-5
76.0	2.2278159674689453e-8	1.6604694732120214e-9	3.8499869494494835e-6	1.1332498124083956e-8	1.0092409171386889e-9	3.9599974785299305e-5
77.0	2.2266770559170537e-8	1.6593473628523567e-9	3.849987379286973e-6	1.1326607216052755e-8	1.008785628509329e-9	3.9599974684176913e-5
78.0	2.2306780062089618e-8	1.6607011540777105e-9	3.849987394332219e-6	1.1323219671553319e-8	1.009245285635799e-9	3.959997439723006e-5
79.0	2.2275306130035556e-8	1.6600831706945757e-9	3.8499866406922455e-6	1.1315351001624469e-8	1.0088999159078e-9	3.9599974143887956e-5
80.0	2.2289292625332677e-8	1.662660575174935e-9	3.8499868584760545e-6	1.1313703480761944e-8	1.009227160200848e-9	3.959997392431534e-5
81.0	2.2275840193569136e-8	1.6648792040883533e-9	3.8499875805448106e-6	1.1309126810105832e-8	1.0091458226335476e-9	3.95999738352763e-5
82.0	2.2270048535847984e-8	1.665089248071168e-9	3.849986988389766e-6	1.1312289295391143e-8	1.0093078466825428e-9	3.95999740127858e-5
83.0	2.2315852056289795e-8	1.6646176720219691e-9	3.84998736888582e-6	1.1313541028752618e-8	1.0094640320763326e-9	3.959997387875719e-5
84.0	2.2273977975903293e-8	1.6637603963558674e-9	3.849987640431778e-6	1.131857792169521e-8	1.0094422676554126e-9	3.9599974369621837e-5
85.0	2.2261482517094627e-8	1.6614047291325457e-9	3.849987158930701e-6	1.1323362556364513e-8	1.0098341361865043e-9	3.959997408663431e-5
86.0	2.2292544818338528e-8	1.6601230728402775e-9	3.849986234005158e-6	1.1326495256093269e-8	1.0098624784667812e-9	3.95999746494354e-5
87.0	2.2305345732152804e-8	1.6610702932745845e-9	3.849987534287054e-6	1.133174875191972e-8	1.01018097455645e-9	3.959997434770747e-5
88.0	2.2285598996949712e-8	1.6625669933460914e-9	3.8499874665140775e-6	1.1331175934833857e-8	1.0104097285891918e-9	3.959997476735973e-5
89.0	2.2210855746419607e-8	1.66426536213702e-9	3.849987038810199e-6	1.1334419170428312e-8	1.0104931361990069e-9	3.959997456247753e-5
90.0	2.228692017542899e-8	1.6666114704681433e-9	3.849987625571536e-6	1.1328949362630482e-8	1.0107776775531025e-9	3.959997473671388e-5
91.0	2.2352018597445147e-8	1.6669883852438909e-9	3.849987836847969e-6	1.1328900446491744e-8	1.011043748531104e-9	3.959997476983998e-5
92.0	2.226095439859445e-8	1.6646110647814529e-9	3.849986895417006e-6	1.1319616475876351e-8	1.0110921058190317e-9	3.959997465690902e-5
93.0	2.2206074596549913e-8	1.6641199164486538e-9	3.849986215882406e-6	1.1319713407010076e-8	1.0111743526018353e-9	3.959997506824652e-5
94.0	2.2252846829133382e-8	1.6628061254046706e-9	3.849987175453273e-6	1.1312663410003354e-8	1.0111006376724888e-9	3.959997464434761e-5
95.0	2.23786393151735e-8	1.6614222731341526e-9	3.849986815222432e-6	1.131546100880593e-8	1.0109513667195494e-9	3.959997511658274e-5
96.0	2.2305525349199694e-8	1.6626213650336586e-9	3.849987419661488e-6	1.1311485936446705e-8	1.0106609934442628e-9	3.9599974565766884e-5
97.0	2.217977514603913e-8	1.6652659034831135e-9	3.849987244620744e-6	1.1315572202724038e-8	1.0105264395108667e-9	3.95999749171981e-5
98.0	2.2259907169479106e-8	1.6659797955777187e-9	3.8499875537025304e-6	1.1316058295431216e-8	1.0105878237793005e-9	3.9599974673279455e-5
99.0	2.2352521469799156e-8	1.6667486202286583e-9	3.849987022789208e-6	1.1321610581883815e-8	1.0101509453519873e-9	3.959997475658099e-5
100.0	2.2301937637186133e-8	1.6663153589456716e-9	3.849986638778712e-6	1.1325236634621537e-8	1.0102632587806688e-9	3.959997488511798e-5
101.0	2.219179047761418e-8	1.666377713917396e-9	3.849986630951995e-6	1.1327316050246918e-8	1.0096469917591809e-9	3.959997472376686e-5
102.0	2.2238268830426294e-8	1.6638487793707785e-9	3.849986861291899e-6	1.1331135733943486e-8	1.0095170295300676e-9	3.9599974985434474e-5
103.0	2.235963029583137e-8	1.6639964218726786e-9	3.849987129928076e-6	1.1328931867612307e-8	1.009112530275141e-9	3.959997485581562e-5
104.0	2.2284019338253094e-8	1.6651126813301707e-9	3.849987191401031e-6	1.1331622799953341e-8	1.0091248243740435e-9	3.9599975128264165e-5
105.0	2.2184708756901746e-8	1.6658435265329625e-9	3.849987784151171e-6	1.1326296728843848e-8	1.009195637447234e-9	3.95999751245633e-5
106.0	2.2265929506194797e-8	1.6675330586678115e-9	3.849987740309844e-6	1.132762836053552e-8	1.0089587269543133e-9	3.9599975344635967e-5
107.0	2.2327501056057586e-8	1.667602800446099e-9	3.84998714200002e-6	1.1322300375195024e-8	1.009387438053095e-9	3.9599975229973984e-5
108.0	2.230183146727318e-8	1.6678310979606658e-9	3.849986294587509e-6	1.1323114421245394e-8	1.0088478918260618e-9	3.959997531301461e-5
109.0	2.2189940493936248e-8	1.6668563197925598e-9	3.849986874233737e-6	1.1319556063455502e-8	1.0093138387413453e-9	3.959997505674624e-5
110.0	2.2307020188929613e-8	1.6684925787276916e-9	3.849987331979301e-6	1.1321714417475827e-8	1.009099574035633e-9	3.9599975001052176e-5
111.0	2.234477000738923e-8	1.6661319980821101e-9	3.849987344526356e-6	1.131833819205885e-8	1.009601879642256e-9	3.959997481356641e-5
112.0	2.229371423458149e-8	1.6658926881963915e-9	3.849987401533638e-6	1.1322480041423906e-8	1.009589423474964e-9	3.959997451410399e-5
113.0	2.2221624868383317e-8	1.6679849986846377e-9	3.8499877226474785e-6	1.1322267302459083e-8	1.009702153361232e-9	3.9599974667879505e-5
114.0	2.229300328502791e-8	1.6667904942078172e-9	3.849987021702567e-6	1.1325165504912935e-8	1.0098173179861796e-9	3.959997418267196e-5
115.0	2.2375024448477725e-8	1.6666615550467222e-9	3.849986960864831e-6	1.1325519039905767e-8	1.0095549391749824e-9	3.959997458161098e-5
116.0	2.2289453411257972e-8	1.668114141657631e-9	3.849987012321583e-6	1.1325754370930856e-8	1.0101367319862638e-9	3.9599974212640936e-5
117.0	2.2226429537572025e-8	1.6682925963559733e-9	3.849986938734837e-6	1.1326375833495846e-8	1.0098578176118248e-9	3.959997478019588e-5
118.0	2.228971436010493e-8	1.6687441387000123e-9	3.849986655191098e-6	1.1324381302547819e-8	1.0106971768545794e-9	3.959997449384692e-5
119.0	2.2330874735033095e-8	1.669265129156106e-9	3.849987042615031e-6	1.1323816163100132e-8	1.0104241280850888e-9	3.959997493076326e-5
120.0	2.2323317767563713e-8	1.6689303715013834e-9	3.849987468048921e-6	1.1322343616894187e-8	1.0106156681869954e-9	3.959997470047875e-5
121.0	2.2257999972015934e-8	1.6693789154384096e-9	3.8499875906097744e-6	1.1320038814679677e-8	1.0103747166631522e-9	3.95999749125088e-5
122.0	2.2252197763641187e-8	1.667566295904364e-9	3.849987287852193e-6	1.13203013347645e-8	1.0100684444976557e-9	3.9599974747701715e-5
123.0	2.2308669800728378e-8	1.6680970527511967e-9	3.849986819886898e-6	1.1319382676424401e-8	1.0101345445623627e-9	3.959997475941044e-5
124.0	2.2290536154897916e-8	1.6679630646892435e-9	3.849986204751619e-6	1.1320364350025913e-8	1.009799688492835e-9	3.9599974787854735e-5
125.0	2.232119641247264e-8	1.6707886397922283e-9	3.8499868036338696e-6	1.1321543570580344e-8	1.010163803663127e-9	3.959997446636442e-5
126.0	2.2279271760814364e-8	1.6708184442441886e-9	3.849987353917167e-6	1.1323164458459032e-8	1.0100351278498422e-9	3.959997471585296e-5
127.0	2.224870424388923e-8	1.6705026865241302e-9	3.849987008888671e-6	1.1324814124582765e-8	1.0102842245008708e-9	3.959997412123615e-5
128.0	2.2284536944393096e-8	1.6721609926288205e-9	3.849987356248307e-6	1.1326124941631492e-8	1.0102052989685104e-9	3.959997465196946e-5
129.0	2.231479754440838e-8	1.670472711436032e-9	3.8499872612652524e-6	1.132657797755213e-8	1.0100857135925634e-9	3.959997404308577e-5
130.0	2.2296861944225557e-8	1.6685176664591764e-9	3.849986793778219e-6	1.1327224228138517e-8	1.0100118745450638e-9	3.959997462064056e-5
131.0	2.2279520637704432e-8	1.6690751697721076e-9	3.8499866282732416e-6	1.1326503280383589e-8	1.0095650516230278e-9	3.9599974281399886e-5
132.0	2.225347059598287e-8	1.6685358791779264e-9	3.849986914506637e-6	1.1324564688846976e-8	1.009609519685882e-9	3.959997449923072e-5
133.0	2.2310392503753316e-8	1.6689407670461256e-9	3.849986912519523e-6	1.132497563988119e-8	1.0092262935205635e-9	3.959997453760601e-5
134.0	2.2274849454903853e-8	1.6715289136139505e-9	3.849986492724591e-6	1.132040640684754e-8	1.009182711759865e-9	3.959997437829561e-5
135.0	2.2260279648573897e-8	1.672068551698314e-9	3.849987071805848e-6	1.1322719709040986e-8	1.009217118035702e-9	3.959997482797376e-5
136.0	2.2310372945394716e-8	1.6724450496125499e-9	3.849987118659573e-6	1.1319216443296436e-8	1.0092961133787438e-9	3.959997437166848e-5
137.0	2.2309321964651156e-8	1.670442286375321e-9	3.849986872617519e-6	1.1323117705909234e-8	1.009345731314229e-9	3.959997478727528e-5
138.0	2.2254488644532094e-8	1.6714476990397417e-9	3.8499868284449604e-6	1.132142217796825e-8	1.009492333627719e-9	3.959997424719686e-5
139.0	2.2227523321153077e-8	1.66893933509919e-9	3.849987071125723e-6	1.1325534973072466e-8	1.009538311681661e-9	3.959997446999484e-5
140.0	2.2337142373460667e-8	1.6699274040783092e-9	3.849986077157802e-6	1.1323969803657124e-8	1.0098629891476025e-9	3.959997434040952e-5
141.0	2.237680045001973e-8	1.670402385257331e-9	3.8499865084528325e-6	1.1328525959247888e-8	1.009887033681633e-9	3.959997436717217e-5
142.0	2.226428274170635e-8	1.6697004427279362e-9	3.849987390694593e-6	1.1325592522654263e-8	1.0100769078519424e-9	3.95999744467931e-5
143.0	2.220702148966791e-8	1.6712254717409626e-9	3.8499864338273e-6	1.1328780092653128e-8	1.0100544962852146e-9	3.9599974426778366e-5
144.0	2.230868840601361e-8	1.6712344758425995e-9	3.849986929175473e-6	1.1326051920202343e-8	1.0101114162355995e-9	3.95999745723066e-5
145.0	2.2398320852156437e-8	1.6719253287243315e-9	3.849987082771675e-6	1.132521134473073e-8	1.010327657756213e-9	3.9599974696064994e-5
146.0	2.2275522461903878e-8	1.6705492776122367e-9	3.8499863553045364e-6	1.1324039729135097e-8	1.01047287071825e-9	3.9599974979972765e-5
147.0	2.2212689596917973e-8	1.67140394759325e-9	3.84998620564322e-6	1.1320962988330089e-8	1.0107395950181369e-9	3.959997487880774e-5
148.0	2.2277068470208324e-8	1.6720586754113827e-9	3.849986897919547e-6	1.1321553278429247e-8	1.0107592681401032e-9	3.959997523878632e-5
149.0	2.2369399889534898e-8	1.6707498255751312e-9	3.849986986191935e-6	1.1318463889029957e-8	1.010699799867079e-9	3.959997492758996e-5
150.0	2.230249669101869e-8	1.6712963909761813e-9	3.849986665977695e-6	1.1320837044422992e-8	1.0106162838154152e-9	3.959997517560195e-5
151.0	2.223424035031641e-8	1.6714251736288584e-9	3.849986901196779e-6	1.131929074662207e-8	1.0103348784367837e-9	3.9599974738848425e-5
152.0	2.228597660628654e-8	1.6705722202723518e-9	3.849986622223669e-6	1.132321223728949e-8	1.0103633365106918e-9	3.959997489231899e-5
153.0	2.233553593875318e-8	1.6706966766121895e-9	3.849986612308822e-6	1.13216740205303e-8	1.0101921210398164e-9	3.959997464288913e-5
154.0	2.2288816585012036e-8	1.6718401581724408e-9	3.849986875864115e-6	1.1327514698889286e-8	1.0101451138401978e-9	3.959997455059998e-5
155.0	2.225208793843142e-8	1.671547794021651e-9	3.8499870572153365e-6	1.1324537372819436e-8	1.0100147184809916e-9	3.959997471110218e-5
156.0	2.2313279608975686e-8	1.6721273213787553e-9	3.849986921646407e-6	1.1330119149458149e-8	1.009833183721951e-9	3.9599974447012133e-5
157.0	2.2325328636288852e-8	1.6734941818439268e-9	3.849987140615516e-6	1.1326855078409684e-8	1.0096011302643768e-9	3.959997480221265e-5
158.0	2.2271346124814705e-8	1.672006272047899e-9	3.849986883622073e-6	1.1328348065326236e-8	1.0093191611709879e-9	3.9599974530322255e-5
159.0	2.224680271589329e-8	1.6721611370702717e-9	3.849986606647692e-6	1.1326298129796656e-8	1.0091560351450913e-9	3.9599974877169684e-5
160.0	2.2336388683721653e-8	1.6727135316110152e-9	3.849986768778464e-6	1.1325384724325905e-8	1.0089768635324608e-9	3.959997463427552e-5
161.0	2.2343783166437244e-8	1.671349950771027e-9	3.849986874294896e-6	1.1323844159182046e-8	1.008859695492661e-9	3.959997491001209e-5
162.0	2.2273418436377674e-8	1.6714570180534963e-9	3.8499867643584985e-6	1.132269144684906e-8	1.0088751182995265e-9	3.959997458793464e-5
163.0	2.2263162582948877e-8	1.6719303235192943e-9	3.8499869874582185e-6	1.1322144183497808e-8	1.0089466615361508e-9	3.9599974756857185e-5
164.0	2.2318102684119717e-8	1.6725852552063e-9	3.849986952571626e-6	1.1322653433817208e-8	1.008957798069077e-9	3.959997432658881e-5
165.0	2.235297475697413e-8	1.6717631280116703e-9	3.849986687292054e-6	1.1323263955724211e-8	1.0092666853323018e-9	3.959997452549271e-5
166.0	2.2302394229416386e-8	1.6727579883251312e-9	3.849986732960533e-6	1.1323381044561282e-8	1.0095512554179425e-9	3.9599974117075446e-5
167.0	2.2255285978059714e-8	1.67288469788464e-9	3.849986840277563e-6	1.1326378676640917e-8	1.0099375738924688e-9	3.9599974613219385e-5
168.0	2.230253407384348e-8	1.6727525188325612e-9	3.8499868599925704e-6	1.1324399031775555e-8	1.010198336202381e-9	3.959997426678061e-5
169.0	2.2302383214763553e-8	1.674199726439547e-9	3.849986893740042e-6	1.1327462015749823e-8	1.0102938005859437e-9	3.9599974572582627e-5
170.0	2.231917340238035e-8	1.674098187958782e-9	3.849986538074399e-6	1.1325452709793376e-8	1.0105043601225505e-9	3.959997428027822e-5
171.0	2.2295057065501975e-8	1.6730250064632905e-9	3.849987104821287e-6	1.1325139556919632e-8	1.0101942001599874e-9	3.959997409473804e-5
172.0	2.2261997770766716e-8	1.6722926408185517e-9	3.849987395858542e-6	1.1323948792133952e-8	1.0107513753052262e-9	3.9599974026632006e-5
173.0	2.2275385579107935e-8	1.673297835881993e-9	3.849986943691779e-6	1.1322560346254021e-8	1.0106930763203857e-9	3.959997368655052e-5
174.0	2.2323335277772923e-8	1.6731835667382068e-9	3.8499871556661055e-6	1.1321305534599027e-8	1.0112586824698656e-9	3.959997394952734e-5
175.0	2.2337348393505605e-8	1.6739807198293695e-9	3.8499866166615795e-6	1.1321049761975659e-8	1.0113365924126311e-9	3.959997368743207e-5
176.0	2.2281157952451078e-8	1.674618460791393e-9	3.849986171766937e-6	1.1320016125617213e-8	1.0112651381979017e-9	3.959997392834861e-5
177.0	2.2239355875854278e-8	1.6735641787894433e-9	3.849986466148361e-6	1.132191620445302e-8	1.0112538190412855e-9	3.959997385572533e-5
178.0	2.230184664247369e-8	1.6747126353403341e-9	3.849987712897329e-6	1.1322047914128032e-8	1.0105231512193336e-9	3.959997400648561e-5
179.0	2.2344305908856015e-8	1.6756809652373049e-9	3.849987776210519e-6	1.1324059200418919e-8	1.0107638766551794e-9	3.959997396876615e-5
180.0	2.228190894675944e-8	1.6744312145645714e-9	3.84998639678934e-6	1.1325977196544959e-8	1.0101806901587634e-9	3.9599974241544126e-5
181.0	2.225248528453247e-8	1.6732634156978398e-9	3.849986640295269e-6	1.1326349803206857e-8	1.0103899885270962e-9	3.9599974054455066e-5
182.0	2.2271001845024257e-8	1.6751435945709897e-9	3.849986297476868e-6	1.1327815648262443e-8	1.010124168145405e-9	3.95999741753917e-5
183.0	2.2300579556590902e-8	1.6734262295451785e-9	3.849986191511099e-6	1.1328583481069104e-8	1.009781156905496e-9	3.9599973924215816e-5
184.0	2.2266480868671774e-8	1.674488658347093e-9	3.84998703676206e-6	1.1327331372044348e-8	1.0098268201138539e-9	3.959997409548509e-5
185.0	2.226049456664724e-8	1.6741474457681188e-9	3.849987664549905e-6	1.1327958725518354e-8	1.0091363971721464e-9	3.959997392492043e-5
186.0	2.2335598513137364e-8	1.6746903399542776e-9	3.849987505944165e-6	1.1325074826083315e-8	1.009599357503505e-9	3.959997420722912e-5
187.0	2.2298025255657973e-8	1.6748020036602792e-9	3.849987176568018e-6	1.13247537222359e-8	1.0090171890311926e-9	3.959997403308401e-5
188.0	2.2225437753515427e-8	1.6748506424555814e-9	3.849986770161207e-6	1.1322822654273826e-8	1.0095700932440386e-9	3.9599974427664823e-5
189.0	2.224508150809401e-8	1.6752553932969637e-9	3.849986167902838e-6	1.1322537217089475e-8	1.0092308689629494e-9	3.959997411228436e-5
190.0	2.2367312371035733e-8	1.6756621602588803e-9	3.849986849325566e-6	1.1322219956471358e-8	1.0093482277200107e-9	3.959997459633545e-5
191.0	2.2381730937909327e-8	1.6762211511961153e-9	3.849987259056744e-6	1.1323133474348528e-8	1.009685210201131e-9	3.9599974372574085e-5
192.0	2.2235080088675998e-8	1.6746554513724553e-9	3.849987451798329e-6	1.132318891975694e-8	1.0094956772119229e-9	3.95999750214276e-5
193.0	2.2202108538959518e-8	1.6763402367408565e-9	3.8499877331987375e-6	1.1325191888524946e-8	1.0100695018667283e-9	3.9599974733919865e-5
194.0	2.2344705419425428e-8	1.676735547357237e-9	3.84998744040883e-6	1.1325726901464047e-8	1.0098243154773535e-9	3.9599975091624494e-5
195.0	2.2411716962988434e-8	1.676049203745151e-9	3.849986137232987e-6	1.1327400204774743e-8	1.0103994119965297e-9	3.959997480709073e-5
196.0	2.229623373536593e-8	1.676332932481516e-9	3.8499861961284965e-6	1.1328289705839254e-8	1.0100186553595333e-9	3.959997489940482e-5
197.0	2.2179608663034857e-8	1.6759878925903126e-9	3.849986809015693e-6	1.1327591750243779e-8	1.010223174366086e-9	3.959997481669736e-5
198.0	2.228559105322655e-8	1.6754570525520414e-9	3.849987242969995e-6	1.1328139010955703e-8	1.0101642658873934e-9	3.95999748008802e-5
199.0	2.236852273755048e-8	1.675438306653425e-9	3.8499874235713155e-6	1.1325637770109017e-8	1.0099245759380832e-9	3.959997489341756e-5
200.0	2.2320867222199743e-8	1.676974671889351e-9	3.849987430063422e-6	1.132560360470769e-8	1.0104286062336343e-9	3.959997471578879e-5
201.0	2.2231190049691466e-8	1.6758578791528656e-9	3.849986674022224e-6	1.1324068536875172e-8	1.0100576663766715e-9	3.959997516933704e-5
202.0	2.225144135019075e-8	1.6759680742060743e-9	3.849986957650134e-6	1.1323326389101192e-8	1.0109417579578224e-9	3.959997484471846e-5
203.0	2.2323682036949347e-8	1.6768216661763884e-9	3.8499864137827365e-6	1.132102537995622e-8	1.0105734303331308e-9	3.959997545058884e-5
204.0	2.226841454804932e-8	1.6758112241586337e-9	3.849987397536959e-6	1.1320820917912153e-8	1.0109859833708205e-9	3.959997493541818e-5
205.0	2.225725453897858e-8	1.677057306538064e-9	3.849987415516054e-6	1.1318666929013956e-8	1.0106726117768657e-9	3.9599975429463856e-5
206.0	2.2305637924176302e-8	1.6765665128581302e-9	3.849987280483105e-6	1.1320886827951491e-8	1.0104542424954923e-9	3.959997486615058e-5
207.0	2.2309776300710345e-8	1.6767236199633575e-9	3.8499869731562755e-6	1.132002878473846e-8	1.0102266381441232e-9	3.959997510823385e-5
208.0	2.2264545249578518e-8	1.6774000280387173e-9	3.849986902784263e-6	1.1324000234199984e-8	1.009838715475967e-9	3.959997479347501e-5
209.0	2.2212781719206833e-8	1.6770594457142305e-9	3.849986797168313e-6	1.1325301197050885e-8	1.0102120554975247e-9	3.959997483810962e-5
210.0	2.230992837162722e-8	1.6774120592964781e-9	3.849987056246973e-6	1.1327679615443844e-8	1.0100378105265932e-9	3.959997479665529e-5
211.0	2.2382037354798858e-8	1.6767196125741977e-9	3.8499879965196145e-6	1.1329621296523229e-8	1.0107289585057065e-9	3.9599974575338445e-5
212.0	2.2291990377251645e-8	1.676348367890388e-9	3.849987073446834e-6	1.1330148870355591e-8	1.0105397802498009e-9	3.9599974603977876e-5
213.0	2.2220966226522087e-8	1.677106902268708e-9	3.849986740751875e-6	1.1330323435608948e-8	1.0108833960683373e-9	3.9599974353896866e-5
214.0	2.2258587590697132e-8	1.6772483933556983e-9	3.849987119015884e-6	1.1329424149473303e-8	1.010401255173886e-9	3.959997444865654e-5
215.0	2.2383907013985223e-8	1.678847148294822e-9	3.849987199984236e-6	1.132719903839276e-8	1.010296935105838e-9	3.959997441820569e-5
216.0	2.2369116245717883e-8	1.6781713955591554e-9	3.849987171967166e-6	1.1324137268169093e-8	1.0099981193235947e-9	3.959997446453442e-5
217.0	2.224330639064686e-8	1.6787798251118673e-9	3.8499874903235926e-6	1.132136612706344e-8	1.009570850580908e-9	3.959997465287762e-5
218.0	2.2207099864060662e-8	1.6763982550048373e-9	3.849987463682005e-6	1.1318180842782887e-8	1.0098761828256361e-9	3.9599974665359236e-5
219.0	2.235305342578957e-8	1.6775603770446898e-9	3.849986465986502e-6	1.1318297642435171e-8	1.0094797803660371e-9	3.9599974930837034e-5
220.0	2.236490913931357e-8	1.6773884023089558e-9	3.849986513160865e-6	1.1316769471802856e-8	1.0101148816223754e-9	3.959997481834191e-5
221.0	2.2311372232626098e-8	1.6777125395170234e-9	3.849987375498572e-6	1.1320404698730474e-8	1.009635740163461e-9	3.95999749430946e-5
222.0	2.2173345395592425e-8	1.677820723438952e-9	3.849987517240889e-6	1.1321733792938086e-8	1.0103141902672468e-9	3.95999747222013e-5
223.0	2.2285673521055256e-8	1.6794412886968161e-9	3.849986542932071e-6	1.1325101180853908e-8	1.009934504646273e-9	3.959997490338647e-5
224.0	2.2329753737099843e-8	1.6791853758777675e-9	3.849986809002757e-6	1.1327380261528741e-8	1.010310012370053e-9	3.959997465860829e-5
225.0	2.2300610779895684e-8	1.678622219328546e-9	3.849986532168911e-6	1.1330617637466202e-8	1.0102685018491987e-9	3.959997486876152e-5
226.0	2.2214597484162972e-8	1.6781211501042466e-9	3.849987118784249e-6	1.1332006424283014e-8	1.010025640515533e-9	3.9599974704488553e-5
227.0	2.2223090326770884e-8	1.6767623861115129e-9	3.849987039352864e-6	1.1333519145835836e-8	1.0102070423089037e-9	3.959997460926211e-5
228.0	2.2317272519859577e-8	1.6764414367754004e-9	3.849986923847239e-6	1.1331783144282147e-8	1.0097567953869891e-9	3.959997447588209e-5
229.0	2.2253860048879698e-8	1.6781872955004976e-9	3.849986914872856e-6	1.133019209043e-8	1.010271130184753e-9	3.959997414955346e-5
230.0	2.2239222157217824e-8	1.6805485709454348e-9	3.849986688896969e-6	1.1325790872762707e-8	1.0100715862369886e-9	3.959997428800688e-5
231.0	2.223776838450986e-8	1.679921893233693e-9	3.849986851102183e-6	1.1322643086639455e-8	1.0106177399191797e-9	3.959997397530829e-5
232.0	2.2307427672951483e-8	1.6823926304958573e-9	3.849987084278067e-6	1.1319797352750194e-8	1.0105434858527134e-9	3.959997433799867e-5
233.0	2.225432302197e-8	1.6815362975756908e-9	3.8499876192432235e-6	1.131801541761628e-8	1.0106149520870104e-9	3.959997413552847e-5
234.0	2.2205714248928983e-8	1.6793488643964954e-9	3.849986613453093e-6	1.1317500465659956e-8	1.0104156958404292e-9	3.959997436793439e-5
235.0	2.2292197576571438e-8	1.6799517448357742e-9	3.849985798069883e-6	1.1318406429039704e-8	1.0101518196875192e-9	3.9599974455215376e-5
236.0	2.2350630113726793e-8	1.6792949508061196e-9	3.849987312751271e-6	1.1319167493772596e-8	1.0103055734200412e-9	3.9599974415196844e-5
237.0	2.22899714882192e-8	1.6789859268684758e-9	3.849987292488893e-6	1.1322003515892618e-8	1.0100457324816318e-9	3.959997474914008e-5
238.0	2.221769729720706e-8	1.6794415789429403e-9	3.849986992411034e-6	1.1324425416871023e-8	1.0105491407774773e-9	3.959997458704065e-5
239.0	2.2249184509116527e-8	1.6819162253596025e-9	3.849986512218986e-6	1.1327323721505907e-8	1.010198895801003e-9	3.9599974826764075e-5
240.0	2.2400833254204983e-8	1.6837191822549222e-9	3.849987350589458e-6	1.1330243224096479e-8	1.0105140146209206e-9	3.9599974703371134e-5
241.0	2.233233897098959e-8	1.6829829188489214e-9	3.849986539516118e-6	1.1329933510205705e-8	1.0100107920382304e-9	3.959997467486835e-5
242.0	2.2234116947261737e-8	1.6816855139150997e-9	3.849986189643415e-6	1.1330069347334497e-8	1.0101049592839367e-9	3.959997465548763e-5
243.0	2.2281796828601125e-8	1.6808939492821677e-9	3.849987103355966e-6	1.1326863706695062e-8	1.0099747203367429e-9	3.95999744072432e-5
244.0	2.232735367929025e-8	1.6802024361381228e-9	3.849987341204373e-6	1.1325484536423387e-8	1.0100996447916074e-9	3.9599974672594626e-5
245.0	2.238815858197015e-8	1.680408027963546e-9	3.849986913575658e-6	1.132263056399375e-8	1.0105509827502494e-9	3.95999744712166e-5
246.0	2.227520756980349e-8	1.6817226457833762e-9	3.849986878303796e-6	1.1322676401792773e-8	1.0104408592097439e-9	3.959997479565835e-5
247.0	2.227029191692986e-8	1.6837940553805643e-9	3.849987506992043e-6	1.1320689148302146e-8	1.0107112414861198e-9	3.9599974562904584e-5
248.0	2.231568570188315e-8	1.6832269615548906e-9	3.849986810007051e-6	1.1322658190512409e-8	1.0103478476850162e-9	3.9599974831733204e-5
249.0	2.2308852651379322e-8	1.6823450106945006e-9	3.849986083418869e-6	1.1321029042042074e-8	1.0105279216108621e-9	3.959997474114807e-5
250.0	2.231909727989093e-8	1.6831179252436647e-9	3.849986525640807e-6	1.1324843199085891e-8	1.0102686121908163e-9	3.959997496021385e-5
251.0	2.2301632058613775e-8	1.6820131598305707e-9	3.849987354372541e-6	1.1324413654595789e-8	1.0102952443587126e-9	3.959997503439611e-5
252.0	2.231242697709266e-8	1.680834084416442e-9	3.849987171195326e-6	1.1328231460071227e-8	1.0104647342244232e-9	3.959997510371345e-5
253.0	2.2296909801097975e-8	1.6817416900105725e-9	3.849987262118823e-6	1.1328609599679151e-8	1.0101366572942655e-9	3.959997525351329e-5
254.0	2.229806055853256e-8	1.6837133794890356e-9	3.8499871901709455e-6	1.132922508225066e-8	1.0104557049742698e-9	3.959997515438238e-5
255.0	2.2317917323008254e-8	1.6823936331455103e-9	3.849986386287337e-6	1.1328542360053198e-8	1.0101117867186742e-9	3.959997531834378e-5
256.0	2.233496950954364e-8	1.6835204211911192e-9	3.8499859391597524e-6	1.13252515112815e-8	1.0103716523775584e-9	3.959997518746922e-5
257.0	2.2299396619594672e-8	1.683205998072966e-9	3.849986873037351e-6	1.132385771913974e-8	1.0101710253353865e-9	3.959997534438412e-5
258.0	2.228860146663996e-8	1.6811626810347289e-9	3.849986577161083e-6	1.1320453078078667e-8	1.0101582914385876e-9	3.9599975079475426e-5
259.0	2.2316487643350332e-8	1.6806694165748002e-9	3.849987037780119e-6	1.1321031488198031e-8	1.0100468097315022e-9	3.959997518056829e-5
260.0	2.2332648435672557e-8	1.6823443517961683e-9	3.849987216410721e-6	1.1318494259304677e-8	1.0097534275388597e-9	3.9599974698805206e-5
261.0	2.2326669657398826e-8	1.6833431025282174e-9	3.849986879800723e-6	1.1321824423597546e-8	1.0097662144106891e-9	3.959997485700101e-5
262.0	2.23241341037572e-8	1.6828788005045513e-9	3.8499865971294435e-6	1.1319974892069884e-8	1.009614662588574e-9	3.959997440731966e-5
263.0	2.2278026850721946e-8	1.6853797468617747e-9	3.849986645566421e-6	1.1326109756864341e-8	1.0097939850858588e-9	3.959997458474993e-5
264.0	2.2309173137506178e-8	1.6844484568205984e-9	3.849986662391128e-6	1.1325032446728008e-8	1.0098870862584118e-9	3.959997434547771e-5
265.0	2.2341068032717948e-8	1.6820796975961519e-9	3.8499866967506385e-6	1.1331249742904756e-8	1.010020437533022e-9	3.959997448111486e-5
266.0	2.235633428972082e-8	1.6835759612552814e-9	3.849987063707628e-6	1.13303030051278e-8	1.0101569673456776e-9	3.959997437971786e-5
267.0	2.2315852191394832e-8	1.6824808019055495e-9	3.849987219780243e-6	1.1333320646411552e-8	1.01008769957219e-9	3.95999745128781e-5
268.0	2.2256861038304002e-8	1.6822179749462388e-9	3.849986948145648e-6	1.1330709737050042e-8	1.0100855793726415e-9	3.959997439694671e-5
269.0	2.2331681585284433e-8	1.6847520081980864e-9	3.849987180156288e-6	1.1330041919546613e-8	1.0101068945695742e-9	3.959997450218916e-5
270.0	2.2367030156793383e-8	1.6863540649434997e-9	3.849986796611779e-6	1.1326350113394331e-8	1.0100785546827357e-9	3.959997439764094e-5
271.0	2.2333311794548283e-8	1.685147513939496e-9	3.8499869217999175e-6	1.1323543471956552e-8	1.0103850244421725e-9	3.959997437716665e-5
272.0	2.2253941366094988e-8	1.6860287723094321e-9	3.8499868930168985e-6	1.1321908701203671e-8	1.010344539935018e-9	3.959997422089703e-5
273.0	2.2287305037968663e-8	1.685419420250493e-9	3.849986973579242e-6	1.1318503356247432e-8	1.0107637978778352e-9	3.9599974063357376e-5
274.0	2.2372441696178634e-8	1.6834784349148869e-9	3.849986599661011e-6	1.1320425301246205e-8	1.0106821007865341e-9	3.959997389383853e-5
275.0	2.2323075266557104e-8	1.68311990740065e-9	3.8499867689714696e-6	1.131764122105145e-8	1.010945025246032e-9	3.959997355103531e-5
276.0	2.2276511361119197e-8	1.6850510160183821e-9	3.849986779325808e-6	1.1322796729297662e-8	1.0108616398085536e-9	3.959997362361914e-5
277.0	2.2280724220984365e-8	1.684094743294955e-9	3.849986346309813e-6	1.1321282660153087e-8	1.0108590067862568e-9	3.9599973223988315e-5
278.0	2.236586297882792e-8	1.6837852940773243e-9	3.8499866947320895e-6	1.1327426568323117e-8	1.0110571227158641e-9	3.9599973455208035e-5
279.0	2.231796133472706e-8	1.6867766177662855e-9	3.849986721630377e-6	1.132644726576855e-8	1.0108786989969355e-9	3.9599973377260085e-5
280.0	2.225268245667577e-8	1.684579685542988e-9	3.849986758995743e-6	1.1330305370442786e-8	1.0111529236252391e-9	3.959997368835852e-5
281.0	2.2310098970789514e-8	1.6857012126216368e-9	3.849986591626747e-6	1.1327852237231417e-8	1.0109006245493442e-9	3.959997392869795e-5
282.0	2.2335408125891968e-8	1.6849921805212938e-9	3.849986703220161e-6	1.1329619243009973e-8	1.011009522422728e-9	3.9599974155581076e-5
283.0	2.2346523088157295e-8	1.6850466251405188e-9	3.849985687401159e-6	1.1325218916557986e-8	1.010723100451914e-9	3.9599974278090115e-5
284.0	2.224311553502291e-8	1.6852722783451422e-9	3.849986485949212e-6	1.132534122802242e-8	1.0106195185021088e-9	3.959997437199722e-5
285.0	2.2323384157066068e-8	1.6859393733180344e-9	3.8499872186324435e-6	1.1322237723849874e-8	1.0105583240531693e-9	3.959997416569275e-5
286.0	2.235913646154979e-8	1.6865718826365137e-9	3.849986875139402e-6	1.1321594334625048e-8	1.0103738811294653e-9	3.959997430269609e-5
287.0	2.2345434176440383e-8	1.6861264852437128e-9	3.849987088139732e-6	1.1322021668585883e-8	1.0104468453733545e-9	3.959997399076789e-5
288.0	2.2292661695272973e-8	1.687027276742875e-9	3.849987123568007e-6	1.1321688748577376e-8	1.0101833883263526e-9	3.959997425997257e-5
289.0	2.228528068305044e-8	1.686099794854997e-9	3.849986281131765e-6	1.1325189264490198e-8	1.0103642771248913e-9	3.9599974170006474e-5
290.0	2.2386947469677295e-8	1.6861607897139333e-9	3.849985943999803e-6	1.1324807182126288e-8	1.0099020564528447e-9	3.9599974418409735e-5
291.0	2.2317783762775015e-8	1.6871784974075608e-9	3.849986755965038e-6	1.1329114442794044e-8	1.0101064812334408e-9	3.95999746265323e-5
292.0	2.2321535849414195e-8	1.6856644473238566e-9	3.849987290332444e-6	1.1329316669226016e-8	1.0096921857368032e-9	3.9599974839315246e-5
293.0	2.229877906068746e-8	1.6861116988988187e-9	3.849986891240976e-6	1.1331152165551497e-8	1.009768571520418e-9	3.959997499810558e-5
294.0	2.234198998665141e-8	1.6887459455433834e-9	3.849987215287988e-6	1.1328949865642088e-8	1.009580169219039e-9	3.9599974999629005e-5
295.0	2.2359168715275516e-8	1.6876068595268012e-9	3.849986644787377e-6	1.1329123800575094e-8	1.0095044773943788e-9	3.959997488670171e-5
296.0	2.2309795290740962e-8	1.6887580523262387e-9	3.849986506122852e-6	1.1324438415218816e-8	1.0097202015583933e-9	3.95999749655745e-5
297.0	2.229820010755678e-8	1.688075085188047e-9	3.849986564384865e-6	1.1324665237199773e-8	1.0095234178526335e-9	3.95999747976595e-5
298.0	2.2323699854399598e-8	1.6878250317299295e-9	3.849986921340969e-6	1.1320597435880383e-8	1.0098010332168006e-9	3.959997496171348e-5
299.0	2.2353072600597623e-8	1.6878869693361983e-9	3.8499869972982e-6	1.132139350433638e-8	1.0098556721016765e-9	3.959997498983941e-5
300.0	2.2382321836752874e-8	1.6871551854401243e-9	3.8499870590652395e-6	1.1320271870347485e-8	1.009948873415285e-9	3.9599974934697567e-5
301.0	2.229750176592246e-8	1.6877951122726126e-9	3.849986750598273e-6	1.1321397799101556e-8	1.0101254567255788e-9	3.959997508914297e-5
302.0	2.2279573201322428e-8	1.6879611126225098e-9	3.849986735138853e-6	1.132282540019957e-8	1.0100531739350457e-9	3.9599974799422766e-5
303.0	2.2332204948393936e-8	1.6883085664021436e-9	3.84998662901881e-6	1.1324667627158519e-8	1.0104406056301995e-9	3.959997512194002e-5
304.0	2.2376573011034912e-8	1.6876791037205184e-9	3.849987039501996e-6	1.1326799913384871e-8	1.0103886144076764e-9	3.959997475312178e-5
305.0	2.2343876313539008e-8	1.68818213600804e-9	3.849987138544986e-6	1.1330064886307443e-8	1.0107783937971244e-9	3.9599975236864245e-5
306.0	2.2273846986622616e-8	1.6887892519023397e-9	3.849986255066617e-6	1.133013892584536e-8	1.010783893081964e-9	3.9599974933650946e-5
307.0	2.228285156410634e-8	1.6879344677721359e-9	3.849986824861781e-6	1.1330331250433276e-8	1.0107639658464557e-9	3.959997529788418e-5
308.0	2.2340809132485535e-8	1.6879934470075765e-9	3.849986803529858e-6	1.1329225955357439e-8	1.0108177707891568e-9	3.959997505600483e-5
309.0	2.233265961196224e-8	1.689205870170044e-9	3.8499870168561215e-6	1.1326209578318153e-8	1.0105752571469532e-9	3.959997516007772e-5
310.0	2.231683879964196e-8	1.689497693049271e-9	3.849986300087121e-6	1.132536299275903e-8	1.0105885317793017e-9	3.95999750777866e-5
311.0	2.2322547037476988e-8	1.6891346929710615e-9	3.8499868964270955e-6	1.1322131732426128e-8	1.0104762232905165e-9	3.9599975018939466e-5
312.0	2.230820379875931e-8	1.689862797044561e-9	3.84998689506995e-6	1.1322161050163014e-8	1.0103383457383081e-9	3.9599974937462e-5
313.0	2.230313866279608e-8	1.6899687991380407e-9	3.8499867871411725e-6	1.1320936145031868e-8	1.0103989185200323e-9	3.9599974857274296e-5
314.0	2.229890770063423e-8	1.6902590095035523e-9	3.849986592195194e-6	1.13214859638531e-8	1.0099475033803801e-9	3.959997465890031e-5
315.0	2.236583990035994e-8	1.6900142127672057e-9	3.849987416947845e-6	1.1322513081288114e-8	1.0101334746613196e-9	3.959997458010831e-5
316.0	2.2369523876152753e-8	1.6907475348988204e-9	3.849986663040813e-6	1.1325037134298635e-8	1.0096771243037715e-9	3.959997442026187e-5
317.0	2.2290291204374915e-8	1.6880613875982793e-9	3.849985553029778e-6	1.1325139463514782e-8	1.009941075513051e-9	3.959997430849874e-5
318.0	2.2280298259238358e-8	1.6895727181797184e-9	3.849987121635482e-6	1.132958424689147e-8	1.0098261089457768e-9	3.9599974400937946e-5
319.0	2.234492538410946e-8	1.6911288280874475e-9	3.849987922030819e-6	1.1327732893712489e-8	1.0097482424947192e-9	3.9599974036129536e-5
320.0	2.239834614250564e-8	1.6892926677528147e-9	3.849987039316144e-6	1.1331707582880036e-8	1.0099626224323256e-9	3.959997445875616e-5
321.0	2.2358399179950875e-8	1.692373677219265e-9	3.8499864715721235e-6	1.132914890210688e-8	1.0096693862641929e-9	3.959997390521812e-5
322.0	2.229024730837033e-8	1.6908158096157021e-9	3.849986563790323e-6	1.1329551778387808e-8	1.0099238759927592e-9	3.9599974633745385e-5
323.0	2.2302839121902467e-8	1.6914597626633057e-9	3.849985830262931e-6	1.1327502140608069e-8	1.0098222387857177e-9	3.959997421854624e-5
324.0	2.2350992376170608e-8	1.6900353406695574e-9	3.849986619711509e-6	1.1326541131655124e-8	1.0101516947813764e-9	3.959997487518423e-5
325.0	2.2362087206399552e-8	1.6890796590824737e-9	3.8499881158282015e-6	1.1324263283410968e-8	1.0102116979219669e-9	3.959997470349688e-5
326.0	2.2384969375724666e-8	1.6888038303155414e-9	3.849987318445041e-6	1.1323754617438046e-8	1.0103705483077697e-9	3.95999749840871e-5
327.0	2.2329302274183683e-8	1.6879251600475688e-9	3.849986467556625e-6	1.1321528268265198e-8	1.0106242220948208e-9	3.959997493400412e-5
328.0	2.2308818193248406e-8	1.691119616619431e-9	3.849985662432456e-6	1.1322061068766884e-8	1.0104545015841038e-9	3.959997481663098e-5
329.0	2.232349988221318e-8	1.6905726088999066e-9	3.849986461900365e-6	1.13217650157723e-8	1.0106474265264735e-9	3.959997469847457e-5
330.0	2.2370898142089598e-8	1.6930384755669017e-9	3.849986701444942e-6	1.1321952625323928e-8	1.0102891549837648e-9	3.9599974509443944e-5
331.0	2.2409921527731723e-8	1.6920141440994414e-9	3.849987825896318e-6	1.1325418970094544e-8	1.0104166408533146e-9	3.959997440504894e-5
332.0	2.2313820807436244e-8	1.6917144913494127e-9	3.849986911369821e-6	1.1324371262796689e-8	1.0101366890819213e-9	3.959997412855796e-5
333.0	2.230061688205535e-8	1.6902205892348184e-9	3.8499870173849555e-6	1.1329183586118562e-8	1.0101766873225666e-9	3.959997417641761e-5
334.0	2.2344253910492615e-8	1.6888631423018718e-9	3.849985851415055e-6	1.1327461167544764e-8	1.0103251346302409e-9	3.959997394033463e-5
335.0	2.2384067594076333e-8	1.6897794654477195e-9	3.849986927062041e-6	1.1330891904627402e-8	1.0101449927558325e-9	3.959997401879432e-5
336.0	2.2350922583358702e-8	1.6905197901296394e-9	3.849987337749225e-6	1.1328566313222064e-8	1.0103685711261842e-9	3.959997385802045e-5
337.0	2.2315725773828592e-8	1.6899498542095537e-9	3.8499871545084664e-6	1.1330127757584358e-8	1.0099173458951114e-9	3.95999739949048e-5
338.0	2.2335333881772804e-8	1.6912450308331825e-9	3.849986927477456e-6	1.132715074520796e-8	1.0101913967707665e-9	3.9599974097092564e-5
339.0	2.2348645927841525e-8	1.6929999639041273e-9	3.849986942620725e-6	1.1328011051958353e-8	1.009930402781318e-9	3.9599974334364666e-5
340.0	2.233155844069375e-8	1.6912573965207268e-9	3.849986618437256e-6	1.1324517156131608e-8	1.0100935066953918e-9	3.95999746661486e-5
341.0	2.233132132751457e-8	1.6912987434675812e-9	3.849986701445231e-6	1.1325320057002197e-8	1.0103306845086082e-9	3.959997478332904e-5
342.0	2.2342898276172913e-8	1.6918656662375338e-9	3.849986849517501e-6	1.1322852888288998e-8	1.0102015683015884e-9	3.959997495530134e-5
343.0	2.2373641798544252e-8	1.6903702516329876e-9	3.849987620271925e-6	1.1324013682108808e-8	1.0106773645109537e-9	3.9599974808064196e-5
344.0	2.2302435721667995e-8	1.6917445386943326e-9	3.84998696813455e-6	1.1323911346660751e-8	1.0101929285773693e-9	3.9599974819312746e-5
345.0	2.232639577349709e-8	1.6920743280227418e-9	3.849986519858762e-6	1.1324721726637801e-8	1.0106450646724587e-9	3.959997467001058e-5
346.0	2.2348938120426645e-8	1.6928639287616422e-9	3.8499872125899154e-6	1.1326427533728178e-8	1.0102618078736536e-9	3.959997469095493e-5
347.0	2.2349882026394758e-8	1.6922004269188348e-9	3.849986618938675e-6	1.132637411779044e-8	1.0104670201504913e-9	3.959997467919994e-5
348.0	2.232446828484418e-8	1.6924929966372254e-9	3.8499865466403955e-6	1.1328582831590745e-8	1.010318986060404e-9	3.959997462304906e-5
349.0	2.231322102835054e-8	1.6943166849782925e-9	3.849987368103338e-6	1.1327526296478049e-8	1.0101134656229445e-9	3.959997471836338e-5
350.0	2.2361768241334564e-8	1.691890764585526e-9	3.849987610663771e-6	1.132895358565086e-8	1.0103335706347374e-9	3.959997458256178e-5
351.0	2.2365851695140305e-8	1.6937242156656416e-9	3.849986697703156e-6	1.132636555802444e-8	1.009990215930322e-9	3.959997475723694e-5
352.0	2.2293165029635366e-8	1.692418075641479e-9	3.849987129242964e-6	1.1327286864372557e-8	1.0107411570119316e-9	3.959997460541979e-5
353.0	2.2317399481822174e-8	1.6921079469790868e-9	3.849987024330085e-6	1.1323847282436375e-8	1.0104898488902212e-9	3.959997487825405e-5
354.0	2.235192249778397e-8	1.6930228715345352e-9	3.8499867357855115e-6	1.1324203658216746e-8	1.0109054710726217e-9	3.9599974633477424e-5
355.0	2.240493538901389e-8	1.6930088778935822e-9	3.849986885220524e-6	1.1321311882600355e-8	1.0107165034199813e-9	3.959997484224109e-5
356.0	2.232290726839078e-8	1.6939967338357377e-9	3.849987393285936e-6	1.1322164180985462e-8	1.0103886097715487e-9	3.959997453753875e-5
357.0	2.2275519133005785e-8	1.6934785074107382e-9	3.849987340948425e-6	1.132157902110388e-8	1.010393683830004e-9	3.9599974582229485e-5
358.0	2.2333081061577798e-8	1.6959480721533805e-9	3.849986669705516e-6	1.1324075352844315e-8	1.0097765222764062e-9	3.959997442267704e-5
359.0	2.236631338919633e-8	1.6945032272998623e-9	3.849987225913658e-6	1.13252579570063e-8	1.0102804083979204e-9	3.959997434925112e-5
360.0	2.2372227249645087e-8	1.6952267373369308e-9	3.849987084003538e-6	1.1328239603125534e-8	1.009896597761668e-9	3.959997444839304e-5
361.0	2.2306592270167228e-8	1.6947949632903372e-9	3.849986831542141e-6	1.1329950445133876e-8	1.0106197889887805e-9	3.959997406242591e-5
362.0	2.2293214531265915e-8	1.692233258877075e-9	3.849986856420668e-6	1.1331627509016785e-8	1.010464774564981e-9	3.9599974398908394e-5
363.0	2.2312107344086607e-8	1.6916337885238391e-9	3.849987324347333e-6	1.1331854707835687e-8	1.010916279357813e-9	3.959997374939965e-5
364.0	2.2349167189641413e-8	1.6939704460400445e-9	3.849987325351931e-6	1.1330205680219138e-8	1.0108317665081114e-9	3.9599974248398344e-5
365.0	2.23591535901248e-8	1.694684581274038e-9	3.849986270912286e-6	1.1329305997274413e-8	1.0105649293138327e-9	3.959997372277276e-5
366.0	2.2347066939406406e-8	1.6957403315642163e-9	3.849986643924846e-6	1.1325835345284706e-8	1.0106159146738663e-9	3.9599974040138915e-5
367.0	2.2290744787011033e-8	1.6969403985300497e-9	3.84998737053281e-6	1.1323808069330743e-8	1.0101421546334682e-9	3.959997394846435e-5
368.0	2.230004239016273e-8	1.696253600604897e-9	3.849987011115214e-6	1.1320463749013575e-8	1.0104428713697146e-9	3.959997413898222e-5
369.0	2.2348026586811797e-8	1.6958403138189049e-9	3.849986812862888e-6	1.131980222784383e-8	1.0101988906363681e-9	3.9599974258050575e-5
370.0	2.2365045372244077e-8	1.6945661828866134e-9	3.849987485754864e-6	1.131949439316208e-8	1.0104785658862675e-9	3.959997429762735e-5
371.0	2.2370385757690067e-8	1.6951526065738069e-9	3.849986918520333e-6	1.1320694951528382e-8	1.0104452386031716e-9	3.9599974353577216e-5
372.0	2.2302483695518524e-8	1.6926427589823604e-9	3.849986135088019e-6	1.1322645300451466e-8	1.0105040661413345e-9	3.9599974319010574e-5
373.0	2.2316241287712717e-8	1.694698010902281e-9	3.849986854809294e-6	1.1325430716174432e-8	1.0104204153505794e-9	3.9599974431685973e-5
374.0	2.233132562729488e-8	1.6969664513618566e-9	3.849987287453866e-6	1.1328037682751414e-8	1.0102010324771168e-9	3.959997428934396e-5
375.0	2.2369088889919286e-8	1.6957766149979424e-9	3.849987505729151e-6	1.1330073793029622e-8	1.0101914754425278e-9	3.959997443098617e-5
376.0	2.236744671727257e-8	1.698529079791735e-9	3.84998713279744e-6	1.1331456693853882e-8	1.009895937623095e-9	3.9599974241996834e-5
377.0	2.2358257832850032e-8	1.6960482922041162e-9	3.849987187652125e-6	1.1330816943356965e-8	1.010261340551689e-9	3.959997425219232e-5
378.0	2.228839674830469e-8	1.6969189345392127e-9	3.849986771207668e-6	1.1331091507088696e-8	1.009891803345359e-9	3.959997407633064e-5
379.0	2.2338442982929947e-8	1.6962606098949697e-9	3.849986848332318e-6	1.1328247870028803e-8	1.0104709123360433e-9	3.959997412268396e-5
380.0	2.2380644654361112e-8	1.6957853877723914e-9	3.849986424171589e-6	1.1327670524491772e-8	1.0101428564687605e-9	3.959997400309225e-5
381.0	2.241639630996065e-8	1.6957533329813167e-9	3.849987445584368e-6	1.1323847015604245e-8	1.0102826108652146e-9	3.9599974003579035e-5
382.0	2.234804839764067e-8	1.6957257140219701e-9	3.849987741735901e-6	1.132344500135706e-8	1.0101848683610228e-9	3.9599973964610126e-5
383.0	2.2313475208138827e-8	1.6964982924000638e-9	3.849987301635522e-6	1.1322136820472642e-8	1.010096207989484e-9	3.959997397696281e-5
384.0	2.2332022620376746e-8	1.694890552633734e-9	3.849986779032318e-6	1.1322397757646088e-8	1.0102022296153992e-9	3.9599974064885674e-5
385.0	2.2441673926265526e-8	1.6971926296742252e-9	3.849987009857312e-6	1.1323479051598286e-8	1.010213445560508e-9	3.959997413802883e-5
386.0	2.2372769804263025e-8	1.696508962408976e-9	3.849986754178395e-6	1.1324954526849528e-8	1.010516177586325e-9	3.959997402769887e-5
387.0	2.2338932749324547e-8	1.6966659430198553e-9	3.849986297082024e-6	1.1326734816365177e-8	1.0104944960586894e-9	3.959997441274571e-5
388.0	2.2333149316726934e-8	1.6961798843175208e-9	3.8499875732393665e-6	1.1327699526814523e-8	1.0108036853428052e-9	3.9599974023259934e-5
389.0	2.2369109019640095e-8	1.6963362200919398e-9	3.849987729616084e-6	1.132901539782713e-8	1.010734043433689e-9	3.959997467053777e-5
390.0	2.241495444026291e-8	1.6952823141030939e-9	3.849987081191881e-6	1.1327751130415692e-8	1.0109987879091142e-9	3.959997431432692e-5
391.0	2.2331964200149124e-8	1.6956207080900237e-9	3.849986427062705e-6	1.1328370694764042e-8	1.0108165061159693e-9	3.959997471679754e-5
392.0	2.2353270352307028e-8	1.6968694054276665e-9	3.849987144686978e-6	1.1324676682816653e-8	1.0109171306302536e-9	3.959997455332315e-5
393.0	2.2350744192041306e-8	1.6967014734662134e-9	3.8499868107318015e-6	1.1324880520081692e-8	1.0107550893484581e-9	3.959997453464086e-5
394.0	2.2375232577200796e-8	1.6973167401265006e-9	3.849986320857402e-6	1.1321501305133376e-8	1.0107600366784719e-9	3.959997456826088e-5
395.0	2.2370276265768263e-8	1.6981672050897336e-9	3.849987714463683e-6	1.132247639641037e-8	1.0107833576922626e-9	3.9599974381790285e-5
396.0	2.2344980643749602e-8	1.69853073818138e-9	3.849987869790997e-6	1.132231679907963e-8	1.010662600348288e-9	3.95999745093139e-5
397.0	2.237479560872081e-8	1.696623363289625e-9	3.8499867168356e-6	1.1324410764278819e-8	1.0112097655111998e-9	3.959997449474561e-5
398.0	2.2368932829917235e-8	1.696660756133057e-9	3.849986888665752e-6	1.1325428011397691e-8	1.0108656138871158e-9	3.95999745092724e-5
399.0	2.234866041561666e-8	1.6964681473992297e-9	3.849987123096858e-6	1.1327588479428543e-8	1.0113146521026612e-9	3.9599974591428635e-5
400.0	2.238559745795492e-8	1.6969714926762453e-9	3.849986825978542e-6	1.1328570650567457e-8	1.0109089172876439e-9	3.9599974636742994e-5
401.0	2.2376082757243217e-8	1.6968125050512585e-9	3.84998733271056e-6	1.1329029740484307e-8	1.010905608553767e-9	3.9599974578364785e-5
402.0	2.2387615418692536e-8	1.6974555797043286e-9	3.849987927879282e-6	1.1330094299050483e-8	1.0105324023946734e-9	3.9599974800691974e-5
403.0	2.234490353594628e-8	1.6977348762103232e-9	3.849987153831135e-6	1.1327605834240823e-8	1.0101785481429347e-9	3.9599974542955427e-5
404.0	2.2362857313614727e-8	1.6980493152846817e-9	3.849986720289624e-6	1.132800689576105e-8	1.010432871510469e-9	3.95999749757915e-5
405.0	2.239856343779364e-8	1.6979620214233982e-9	3.849986746278223e-6	1.1322327910918768e-8	1.0100738357524827e-9	3.9599974579350616e-5
406.0	2.241261720275485e-8	1.6981077036105364e-9	3.849986513394081e-6	1.1322393342739766e-8	1.010631331340871e-9	3.9599974884553304e-5
407.0	2.2357315119288706e-8	1.6980770797105796e-9	3.849987424747553e-6	1.1318330333298616e-8	1.0104478525723341e-9	3.959997455977963e-5
408.0	2.234987300499063e-8	1.698108650336773e-9	3.849987569417629e-6	1.1320195139502067e-8	1.010819217154849e-9	3.959997469392877e-5
409.0	2.2370872825362514e-8	1.6987481701082263e-9	3.849987111139792e-6	1.1320140549788749e-8	1.0106142955051616e-9	3.9599974450584525e-5
410.0	2.2433294402664644e-8	1.6981572765987369e-9	3.849986645585881e-6	1.1323357406392165e-8	1.010542583309795e-9	3.9599974479070684e-5
411.0	2.239143844820928e-8	1.697506096057733e-9	3.849986351468553e-6	1.1325628851349484e-8	1.0104818994847186e-9	3.959997424791537e-5
412.0	2.2322374745342274e-8	1.6973483083268401e-9	3.849986305037631e-6	1.1328674462428203e-8	1.010044189185443e-9	3.959997433536055e-5
413.0	2.2371840845930003e-8	1.6973495030929174e-9	3.849986668999643e-6	1.133032603223655e-8	1.010299045815387e-9	3.9599974199488066e-5
414.0	2.239287303190871e-8	1.6972203393809702e-9	3.8499869247525235e-6	1.1332829956694938e-8	1.0100631822842316e-9	3.959997429288295e-5
415.0	2.2437749086472295e-8	1.69924093836163e-9	3.8499871778594885e-6	1.1333352390647345e-8	1.0104532134275323e-9	3.959997446916744e-5
416.0	2.2358885755077153e-8	1.6986988475594919e-9	3.849987614511361e-6	1.1332478328706556e-8	1.0103435786718634e-9	3.959997431559842e-5
417.0	2.233660603687809e-8	1.6977693004738202e-9	3.849986848431768e-6	1.1331189919179241e-8	1.0106403232660884e-9	3.9599974608361474e-5
418.0	2.2389412867207097e-8	1.6985295246285225e-9	3.849986737438674e-6	1.1325743008874004e-8	1.0105331496490254e-9	3.959997418131643e-5
419.0	2.2412977404362587e-8	1.697820636774799e-9	3.849986801454093e-6	1.1323797980456756e-8	1.010601365392848e-9	3.95999743678127e-5
420.0	2.2360722062822447e-8	1.6979772335136091e-9	3.849986738879703e-6	1.1318434859368452e-8	1.0108065337431155e-9	3.9599973843085286e-5
421.0	2.2388344728962668e-8	1.698025441557633e-9	3.84998661656123e-6	1.1317443800092799e-8	1.0106277664258444e-9	3.959997403218605e-5
422.0	2.236354852614696e-8	1.6994783776112619e-9	3.849987493203729e-6	1.1315685354534103e-8	1.0110107846747128e-9	3.959997374279524e-5
423.0	2.2404710051921804e-8	1.7005828074388617e-9	3.849987745890563e-6	1.1317227891552034e-8	1.010707383488626e-9	3.959997392026104e-5
424.0	2.2374539358037937e-8	1.700685305737178e-9	3.8499872849084645e-6	1.1319164006368063e-8	1.0111102655173755e-9	3.9599974011450926e-5
425.0	2.2369207327299493e-8	1.7023556853698019e-9	3.84998700188937e-6	1.1322674171868221e-8	1.010865228354786e-9	3.959997417348928e-5
426.0	2.2426581320549443e-8	1.7004037723980161e-9	3.849986976119255e-6	1.132538134918239e-8	1.0110400461908284e-9	3.9599974401046305e-5
427.0	2.2378625893327084e-8	1.6993300484016885e-9	3.849986048737096e-6	1.1329133004130852e-8	1.0110313716727177e-9	3.959997430523988e-5
428.0	2.2351099201484403e-8	1.6982929414883304e-9	3.849986783906436e-6	1.1330191341348781e-8	1.0107489900161039e-9	3.959997448558873e-5
429.0	2.2364769534972802e-8	1.6998672569173942e-9	3.849987010005854e-6	1.1331314465026941e-8	1.0110473406076507e-9	3.9599974057713365e-5
430.0	2.2434974703471815e-8	1.6985061694088428e-9	3.84998735360984e-6	1.1330250679641073e-8	1.0105404238057088e-9	3.959997416379631e-5
431.0	2.2428823695587134e-8	1.700296576037668e-9	3.849987051149649e-6	1.1329032326015231e-8	1.0110298198187356e-9	3.959997378843669e-5
432.0	2.236298113316082e-8	1.7008900878079382e-9	3.8499875756975265e-6	1.1326642315944842e-8	1.010584950464735e-9	3.9599973910205525e-5
433.0	2.2333709121655673e-8	1.7012010115603729e-9	3.849986203621164e-6	1.1325073377053764e-8	1.010776445178683e-9	3.9599973698700985e-5
434.0	2.2410779965946434e-8	1.701148998695971e-9	3.8499862005146245e-6	1.1322543550536495e-8	1.010693777349748e-9	3.959997380832525e-5
435.0	2.244556789614826e-8	1.7006548076017516e-9	3.849986551550123e-6	1.1322414487667923e-8	1.0105161505526211e-9	3.959997379141794e-5
436.0	2.2410491145921358e-8	1.7001527120102599e-9	3.849986915004061e-6	1.1321398278551292e-8	1.0109046746032502e-9	3.959997380344145e-5
437.0	2.2360463126873345e-8	1.69918955481648e-9	3.8499869567942095e-6	1.132291023657624e-8	1.010562275879933e-9	3.9599974031811667e-5
438.0	2.2379378599148963e-8	1.6996837251320005e-9	3.849987306433096e-6	1.1323179715145089e-8	1.011034398978847e-9	3.9599974095768095e-5
439.0	2.2405160302148976e-8	1.7010413458914654e-9	3.8499872055673135e-6	1.132472321853041e-8	1.0105638344122264e-9	3.959997445745881e-5
440.0	2.2433014046003955e-8	1.701217845967894e-9	3.849986789673347e-6	1.1325172889612725e-8	1.0107611246190497e-9	3.959997440698747e-5
441.0	2.2390562627297627e-8	1.7030336365333147e-9	3.849986436894273e-6	1.132555907555048e-8	1.0104401222108683e-9	3.959997462102164e-5
442.0	2.2395764798274338e-8	1.7035405977148446e-9	3.849986612275613e-6	1.1324976569401422e-8	1.0104530212928016e-9	3.959997453448446e-5
443.0	2.2367067851581437e-8	1.7035156979475188e-9	3.84998722024942e-6	1.1324361225301588e-8	1.0106306353874744e-9	3.959997460368106e-5
444.0	2.2398732402917822e-8	1.7027224037215437e-9	3.849986973672107e-6	1.1324283421332082e-8	1.0104292262498943e-9	3.959997454425416e-5
445.0	2.2407054038711637e-8	1.7016578186600994e-9	3.849986836795885e-6	1.1322427441312531e-8	1.0108435631434676e-9	3.9599974436777536e-5
446.0	2.240623436782737e-8	1.7022202820586908e-9	3.849987648537833e-6	1.1324331510661375e-8	1.0104823416526592e-9	3.9599974500122326e-5
447.0	2.2399123557143912e-8	1.7015299875399648e-9	3.849986431015512e-6	1.1321850125837164e-8	1.0109663210304528e-9	3.959997420901987e-5
448.0	2.235410731847691e-8	1.7032463014174142e-9	3.849986122845919e-6	1.1324468073975867e-8	1.0106467511729765e-9	3.959997430226549e-5
449.0	2.239384780950254e-8	1.703111151995137e-9	3.8499871061029425e-6	1.1323283038806943e-8	1.010965765647834e-9	3.9599973965491365e-5
450.0	2.2402987339379716e-8	1.704088029026733e-9	3.849987261857278e-6	1.1326097597214823e-8	1.0109702312652983e-9	3.959997423866551e-5
451.0	2.2419642929906886e-8	1.7039489456243285e-9	3.849986701323426e-6	1.13257487497584e-8	1.0109475563551372e-9	3.9599974049982976e-5
452.0	2.2367353983554314e-8	1.7028346807905226e-9	3.84998708174826e-6	1.1327569823008435e-8	1.0112381077499477e-9	3.959997428438824e-5
453.0	2.2391380992082288e-8	1.7030933018490446e-9	3.849986829482468e-6	1.132638308492741e-8	1.0109289253358891e-9	3.959997436404028e-5
454.0	2.2391561152371025e-8	1.7022492463801106e-9	3.849985851282318e-6	1.1327559204562294e-8	1.0113274026515048e-9	3.959997448908462e-5
455.0	2.2402164148234217e-8	1.7026471484255378e-9	3.849986252501178e-6	1.1324356733271584e-8	1.010966130775335e-9	3.959997479156194e-5
456.0	2.238511242759867e-8	1.7025471660719824e-9	3.849987860599767e-6	1.132510479330883e-8	1.011229733313897e-9	3.959997458726188e-5
457.0	2.2384397329785093e-8	1.7042321320125906e-9	3.849987541655727e-6	1.1322400111304615e-8	1.0110416152740717e-9	3.959997488553799e-5
458.0	2.241155696345467e-8	1.7039441086409517e-9	3.849986961871839e-6	1.1322173802330338e-8	1.0110103811313726e-9	3.9599974375551535e-5
459.0	2.2382555094586177e-8	1.7041272959340631e-9	3.849986812051808e-6	1.132298543876598e-8	1.0111357673994017e-9	3.9599974647949965e-5
460.0	2.2387837773192548e-8	1.7045199265465233e-9	3.849986004197449e-6	1.1321769577850153e-8	1.0109611744518528e-9	3.959997413071546e-5
461.0	2.2387872515326528e-8	1.7032617839776531e-9	3.849985760094522e-6	1.1324526206695334e-8	1.0112516190490864e-9	3.9599974310767656e-5
462.0	2.240788634317971e-8	1.7031776136504345e-9	3.849986704567734e-6	1.1322740546369096e-8	1.0108971480272322e-9	3.9599974009738096e-5
463.0	2.2398882989051566e-8	1.703380187749271e-9	3.849987766234614e-6	1.1325561695765614e-8	1.010956735969615e-9	3.959997395131486e-5
464.0	2.239420529441333e-8	1.7038781719098641e-9	3.8499870498399716e-6	1.1324680757411752e-8	1.01057460502054e-9	3.9599973769255576e-5
465.0	2.2402988664086336e-8	1.704947538995004e-9	3.849986999374984e-6	1.1325969314230762e-8	1.0101835217919243e-9	3.959997342541716e-5
466.0	2.2404677410435923e-8	1.7043695223211996e-9	3.849986359636189e-6	1.1325531410918901e-8	1.0103210270462904e-9	3.959997343225445e-5
467.0	2.238276678125061e-8	1.7048770082936696e-9	3.849985371505365e-6	1.132733703092138e-8	1.0102444842134212e-9	3.9599973263398034e-5
468.0	2.238840884671543e-8	1.7043761384359458e-9	3.8499861070195505e-6	1.1325283958992667e-8	1.01068365129724e-9	3.959997336245691e-5
469.0	2.241839798817908e-8	1.7045058348763842e-9	3.8499865057480055e-6	1.1327650416636753e-8	1.0108728895412964e-9	3.959997346939665e-5
470.0	2.2418525249876488e-8	1.7028942259386525e-9	3.849986980563494e-6	1.1324284771309963e-8	1.0110561050304698e-9	3.959997337329849e-5
471.0	2.2389660876842295e-8	1.7035828553338112e-9	3.849987064093966e-6	1.1325994047058687e-8	1.011161301437082e-9	3.95999737504003e-5
472.0	2.2375567141026617e-8	1.7049812967670066e-9	3.849987232177489e-6	1.1324475879436802e-8	1.011083438128192e-9	3.959997359029276e-5
473.0	2.2393102143910173e-8	1.7051757737604217e-9	3.849985682632662e-6	1.1324586255038595e-8	1.0111624543321388e-9	3.959997407214901e-5
474.0	2.2415847436738514e-8	1.705578561329637e-9	3.849986187010308e-6	1.1325551030963156e-8	1.0112651003796683e-9	3.959997400071666e-5
475.0	2.241093711879872e-8	1.7061383489809471e-9	3.849986676086342e-6	1.1323853695990744e-8	1.0112055928424102e-9	3.959997404096946e-5
476.0	2.2380669425953018e-8	1.7048847882823258e-9	3.849986849764552e-6	1.132511207853883e-8	1.0115229082060289e-9	3.9599974174705244e-5
477.0	2.2394510205565373e-8	1.7045172173891637e-9	3.849986977043583e-6	1.132357302210931e-8	1.0113463320795747e-9	3.959997358248716e-5
478.0	2.2387456208314658e-8	1.7039029373058981e-9	3.8499868977353955e-6	1.132343503697606e-8	1.0115455824426667e-9	3.95999738999198e-5
479.0	2.242027946244697e-8	1.7052875249044288e-9	3.849985947933827e-6	1.132347856967951e-8	1.0115040398651798e-9	3.959997339974459e-5
480.0	2.242832982774904e-8	1.7052501274094821e-9	3.849986123656217e-6	1.1323788292649631e-8	1.0113556194144945e-9	3.9599973609043164e-5
481.0	2.241561569700351e-8	1.7063214743467354e-9	3.8499865713492665e-6	1.1323468617788405e-8	1.0114840542471758e-9	3.9599973649813394e-5
482.0	2.2367126988081368e-8	1.706761888870863e-9	3.8499873311823995e-6	1.1325576135294418e-8	1.0110038050601315e-9	3.959997355733159e-5
483.0	2.2383887425882797e-8	1.7070625819652294e-9	3.8499871944068514e-6	1.1323293284522154e-8	1.011301126463062e-9	3.95999740342771e-5
484.0	2.2417291872620795e-8	1.7067255774419048e-9	3.8499861853995155e-6	1.1326909292015165e-8	1.0107722780347819e-9	3.9599973643131476e-5
485.0	2.2440090344603533e-8	1.7060245122881283e-9	3.84998561593294e-6	1.1323980553564871e-8	1.0109640461605426e-9	3.9599974291803564e-5
486.0	2.240087666642759e-8	1.7061362168195323e-9	3.849985849162826e-6	1.1326377598978228e-8	1.010752442468013e-9	3.959997386936705e-5
487.0	2.237003586563406e-8	1.7045785490620188e-9	3.849986178762462e-6	1.132537500168506e-8	1.0104759155684328e-9	3.9599974153734355e-5
488.0	2.242041202012378e-8	1.7058173643000927e-9	3.849986974519186e-6	1.13254916170855e-8	1.0106325340438508e-9	3.959997389381204e-5
489.0	2.2403071989259892e-8	1.7056408069003905e-9	3.849986979857768e-6	1.1325107777414168e-8	1.0098254505842429e-9	3.959997366164855e-5
490.0	2.2429088629905508e-8	1.7075302712374353e-9	3.8499866350797925e-6	1.132478208105286e-8	1.0103574616282218e-9	3.959997375058652e-5
491.0	2.2400075496992078e-8	1.7068357543091415e-9	3.849985991841869e-6	1.1324125461177626e-8	1.0099704147887696e-9	3.9599973483628694e-5
492.0	2.2416518185843975e-8	1.707704189399347e-9	3.849985793089641e-6	1.1325030247714077e-8	1.0104039685330573e-9	3.959997387230307e-5
493.0	2.2393444463513594e-8	1.7070830706066128e-9	3.849985977676804e-6	1.1323957388192487e-8	1.0109894360322624e-9	3.9599973871144675e-5
494.0	2.238644887605638e-8	1.7072015823388983e-9	3.84998669460124e-6	1.1325233243947964e-8	1.0108717822771779e-9	3.959997424957477e-5
495.0	2.2441051406631443e-8	1.706975909641516e-9	3.8499869653845526e-6	1.1324740816615721e-8	1.0116252526100062e-9	3.959997420671301e-5
496.0	2.243101977636205e-8	1.7065521870106542e-9	3.8499864907842605e-6	1.13242880697416e-8	1.0110204078528263e-9	3.959997445978176e-5
497.0	2.240004950317938e-8	1.7072270969066737e-9	3.849986700587747e-6	1.1326885952105015e-8	1.0116583526898914e-9	3.959997424433741e-5
498.0	2.239282925719669e-8	1.7080686966160313e-9	3.8499867142943485e-6	1.1323976734480139e-8	1.0111834674579027e-9	3.9599974609062696e-5
499.0	2.241436857907386e-8	1.708787032122982e-9	3.849986264508824e-6	1.132745145352298e-8	1.011429035879684e-9	3.9599974148791145e-5
500.0	2.244583286842578e-8	1.7094052202532782e-9	3.849986180279968e-6	1.132516502378938e-8	1.011587319987698e-9	3.9599974765753023e-5
501.0	2.2400136449856028e-8	1.7085636948430284e-9	3.849986943373047e-6	1.1327072476343863e-8	1.0112926318148108e-9	3.959997417052767e-5
502.0	2.2404549185919917e-8	1.708721318601343e-9	3.849986631484248e-6	1.1326219099656125e-8	1.0120483134408548e-9	3.9599974702175286e-5
503.0	2.2423451262271735e-8	1.707578976166e-9	3.849986342290136e-6	1.1326485085539347e-8	1.011478919227703e-9	3.95999742779661e-5
504.0	2.2432020928132916e-8	1.7084221130238996e-9	3.849986629406607e-6	1.1325769751854443e-8	1.0122804480938254e-9	3.9599974510719724e-5
505.0	2.2417085650157148e-8	1.7070837134172534e-9	3.849986909300587e-6	1.1326176665061851e-8	1.011877746598154e-9	3.9599974328850414e-5
506.0	2.241238386445133e-8	1.7095658767297513e-9	3.849986011741525e-6	1.1323164556179423e-8	1.011893560409177e-9	3.95999742685651e-5
507.0	2.2441300853435215e-8	1.708629787073559e-9	3.849986917981009e-6	1.1324870940120755e-8	1.0118933565469384e-9	3.9599974265729925e-5
508.0	2.2417752027267784e-8	1.7090737171367333e-9	3.849986894799861e-6	1.1320909569779532e-8	1.0111917527390688e-9	3.959997414927622e-5
509.0	2.2412849885525074e-8	1.7102832323018833e-9	3.8499864953888205e-6	1.1321579450918953e-8	1.0114833657624991e-9	3.959997421065155e-5
510.0	2.2462224905061776e-8	1.70948454270675e-9	3.849986739305524e-6	1.132116106556132e-8	1.0106754220640478e-9	3.959997403328002e-5
511.0	2.2443762282595324e-8	1.708745126437003e-9	3.849986170527053e-6	1.1320970287575133e-8	1.011023247091509e-9	3.9599974116549446e-5
512.0	2.2404239442751953e-8	1.7090618537240346e-9	3.849986238437896e-6	1.1323738682319174e-8	1.0106944037910501e-9	3.959997405421816e-5
513.0	2.2401172580639826e-8	1.7087489990809986e-9	3.849986703393204e-6	1.1323484845098094e-8	1.010885401575324e-9	3.9599974192222976e-5
514.0	2.24532755082091e-8	1.7080495226910378e-9	3.849986952319189e-6	1.1326836182241908e-8	1.010775589960686e-9	3.959997405177146e-5
515.0	2.2491956821855396e-8	1.7097001362772062e-9	3.849986913736531e-6	1.1327096262792801e-8	1.0106558969379013e-9	3.959997424430796e-5
516.0	2.2413040036799852e-8	1.7103596014934063e-9	3.849986967172192e-6	1.1328938489567855e-8	1.0106558955824418e-9	3.9599974043013156e-5
517.0	2.237593638295117e-8	1.7107780589895524e-9	3.8499863327848924e-6	1.1328812592879219e-8	1.010349043402674e-9	3.959997441183554e-5
518.0	2.245127128240613e-8	1.7102932747875226e-9	3.849985871326145e-6	1.1330191540595747e-8	1.0107011760666628e-9	3.959997407092752e-5
519.0	2.246706956533708e-8	1.7120272511394614e-9	3.849986361054588e-6	1.1327903491577099e-8	1.0102855070608843e-9	3.9599974475099394e-5
520.0	2.2437960055490352e-8	1.7108979657526017e-9	3.8499867234233325e-6	1.1329642214520446e-8	1.010776791645901e-9	3.9599974206410493e-5
521.0	2.2413992303549926e-8	1.7098131775304062e-9	3.849987105860922e-6	1.132604032038175e-8	1.010491504988644e-9	3.959997448666218e-5
522.0	2.241595012708184e-8	1.7113328150815074e-9	3.849987107606762e-6	1.1326357766146905e-8	1.0106447439634931e-9	3.959997438563532e-5
523.0	2.245833312344481e-8	1.7090613075133327e-9	3.849986335955774e-6	1.1323982289888832e-8	1.0104839177889019e-9	3.9599974341954244e-5
524.0	2.2404913928771014e-8	1.7103847121439917e-9	3.849985972919906e-6	1.1323279043475855e-8	1.0104345691111395e-9	3.95999743437841e-5
525.0	2.244339096224981e-8	1.711003225872369e-9	3.849986275157995e-6	1.1323534046289705e-8	1.0105861537310595e-9	3.959997412757546e-5
526.0	2.2460545217666846e-8	1.7110126021294672e-9	3.849986301945142e-6	1.13229347443642e-8	1.0106099570304689e-9	3.959997415356375e-5
527.0	2.2448899790646873e-8	1.7115132701610857e-9	3.849986773816081e-6	1.132448795441391e-8	1.011198258563941e-9	3.959997393827204e-5
528.0	2.2394959222512564e-8	1.710871770797958e-9	3.849987114532906e-6	1.132406466083925e-8	1.0110566458580138e-9	3.959997399572101e-5
529.0	2.2429158501308366e-8	1.7127219044933783e-9	3.849986207051436e-6	1.1325489145016821e-8	1.0114423770023893e-9	3.959997381948446e-5
530.0	2.2487633129853613e-8	1.7101516669339425e-9	3.849986598337558e-6	1.1325063044804447e-8	1.0110959988174495e-9	3.9599973989511065e-5
531.0	2.2477504412211282e-8	1.7108063530127778e-9	3.8499865917235675e-6	1.1327012215764307e-8	1.0111823149965435e-9	3.959997376392436e-5
532.0	2.2431742963603434e-8	1.711605779047007e-9	3.849986763733185e-6	1.132515825167141e-8	1.0110239443536028e-9	3.959997398284222e-5
533.0	2.2399292716109978e-8	1.7098949377274475e-9	3.849987076768458e-6	1.1327590233775855e-8	1.01104786476511e-9	3.959997382495981e-5
534.0	2.247269759692793e-8	1.7118035867419755e-9	3.849986405969219e-6	1.1324701908177224e-8	1.011430501115475e-9	3.95999739215853e-5
535.0	2.2466194754234185e-8	1.7119983049697062e-9	3.849986483480857e-6	1.132648158124519e-8	1.0112041479635374e-9	3.959997399920611e-5
536.0	2.245010817734862e-8	1.7134945283961183e-9	3.849986530814767e-6	1.1324593499328865e-8	1.0116864846618992e-9	3.959997393606531e-5
537.0	2.2446370047014213e-8	1.7111493566215188e-9	3.849986783081423e-6	1.1325089018807864e-8	1.0112183900793746e-9	3.959997403945939e-5
538.0	2.243709064081295e-8	1.7128002274049918e-9	3.849987328475054e-6	1.132552775747821e-8	1.0113490276904681e-9	3.959997398170005e-5
539.0	2.2439973948513777e-8	1.712513995528005e-9	3.849987474558925e-6	1.1325426926821112e-8	1.0110000686781784e-9	3.9599974074022415e-5
540.0	2.2451332019445448e-8	1.7109017661989616e-9	3.849986645766097e-6	1.1326673440176094e-8	1.011117976724065e-9	3.959997423318531e-5
541.0	2.2447314250161036e-8	1.7121776132419198e-9	3.849985729098131e-6	1.13266931531114e-8	1.0110578290527298e-9	3.959997424929402e-5
542.0	2.2463466329406088e-8	1.7123337790636197e-9	3.849986106088975e-6	1.1326970020759624e-8	1.0110802395240293e-9	3.959997458035598e-5
543.0	2.2421324773240317e-8	1.712965506932362e-9	3.849986743883715e-6	1.1326797393473053e-8	1.0111329522843779e-9	3.9599974349180506e-5
544.0	2.2429478508909305e-8	1.7134527443213778e-9	3.849987230873159e-6	1.132709999923832e-8	1.0106944856430138e-9	3.959997473524484e-5
545.0	2.247344176834362e-8	1.7137030148732458e-9	3.8499872897919575e-6	1.1325397416436184e-8	1.0108793316621535e-9	3.959997430550441e-5
546.0	2.2441924625861265e-8	1.713443941818947e-9	3.849986778812509e-6	1.1326332652570144e-8	1.0103016084301736e-9	3.959997468615229e-5
547.0	2.2430545263892805e-8	1.7123286234085452e-9	3.849986094681405e-6	1.1323067622944911e-8	1.0106047024556315e-9	3.959997421184915e-5
548.0	2.2432684803804295e-8	1.7115505476766648e-9	3.8499857028581625e-6	1.1324598062043135e-8	1.0106425801048659e-9	3.959997449305163e-5
549.0	2.2453740685248765e-8	1.7114687740016618e-9	3.849987017324335e-6	1.132256617132596e-8	1.0107707255171927e-9	3.959997419067816e-5
550.0	2.2452518338126078e-8	1.7124521175383868e-9	3.849987243338391e-6	1.1323728662598159e-8	1.0111561579256987e-9	3.9599974234868124e-5
551.0	2.2422281754947526e-8	1.7121263340236033e-9	3.849987116504219e-6	1.132469755490888e-8	1.0109759959345123e-9	3.95999743986189e-5
552.0	2.2424852598971963e-8	1.7136930502305644e-9	3.849985966675768e-6	1.1324853879873402e-8	1.0114242875392118e-9	3.959997426647918e-5
553.0	2.2454091443256517e-8	1.713175435939689e-9	3.849986496574631e-6	1.1327491511368587e-8	1.0108640288257244e-9	3.959997491747804e-5
554.0	2.243737444715699e-8	1.7139182405773665e-9	3.849985978229585e-6	1.1327794851456398e-8	1.011261656683325e-9	3.9599974596282724e-5
555.0	2.2434246578845918e-8	1.7144937202430914e-9	3.8499874171780954e-6	1.1329178213845831e-8	1.0106996182182197e-9	3.959997524218871e-5
556.0	2.243177696187935e-8	1.714723889168631e-9	3.849987120716702e-6	1.132941349341624e-8	1.0110178252106209e-9	3.959997470583612e-5
557.0	2.2441982454263943e-8	1.713453733672954e-9	3.849986726055407e-6	1.1329135232859267e-8	1.010995999306965e-9	3.959997501902827e-5
558.0	2.2429814046066813e-8	1.714067491833228e-9	3.849985665987845e-6	1.1328228054770193e-8	1.0109964668424081e-9	3.959997446602533e-5
559.0	2.2432005335542487e-8	1.7139266078866763e-9	3.8499862232748496e-6	1.1327120617602704e-8	1.0115267638706425e-9	3.9599974519708275e-5
560.0	2.2461169714980427e-8	1.7140553389915952e-9	3.849986649710082e-6	1.1325292345969149e-8	1.0111746483027953e-9	3.959997427560033e-5
561.0	2.2459674881561652e-8	1.7135121006713911e-9	3.849987233948731e-6	1.1324086790884422e-8	1.0117064179008733e-9	3.9599974129831403e-5
562.0	2.2409516261295223e-8	1.715120032018973e-9	3.849986761325257e-6	1.1322574522035638e-8	1.0113132269034517e-9	3.959997409227734e-5
563.0	2.2420223807689405e-8	1.7145853990341191e-9	3.849986652500353e-6	1.1321198087842213e-8	1.0115496562072954e-9	3.959997395704949e-5
564.0	2.2446762374132818e-8	1.7156946184041138e-9	3.849985602491201e-6	1.1321690898003182e-8	1.011241368889659e-9	3.959997380342964e-5
565.0	2.2485602211360346e-8	1.7157469600286642e-9	3.849986585503107e-6	1.1320781416885697e-8	1.0111102385221313e-9	3.9599973798964884e-5
566.0	2.2421104242989228e-8	1.7160714466095435e-9	3.849987265918893e-6	1.1323597449532138e-8	1.0109264617167067e-9	3.9599973574937836e-5
567.0	2.2406542959134945e-8	1.7150641911234624e-9	3.849987142830297e-6	1.1324286276085325e-8	1.0104956664721294e-9	3.959997381325475e-5
568.0	2.2434333952011674e-8	1.7148236233555817e-9	3.849986630689478e-6	1.1327993847767848e-8	1.0107476441968775e-9	3.959997361268847e-5
569.0	2.2454359049808587e-8	1.7160072773306588e-9	3.849986018548485e-6	1.1328651861792867e-8	1.0103745736502051e-9	3.9599974024984066e-5
570.0	2.245673186997573e-8	1.7149243181959994e-9	3.849985832030572e-6	1.1331608915027305e-8	1.0111719327308856e-9	3.959997396314438e-5
571.0	2.2428565337294914e-8	1.7156981803387068e-9	3.849986261229016e-6	1.1330847320607534e-8	1.0109356652959159e-9	3.95999741863844e-5
572.0	2.2424761472522707e-8	1.7160806566488684e-9	3.8499873655585015e-6	1.1330827176214413e-8	1.0116126049168275e-9	3.959997427776447e-5
573.0	2.2435687050993656e-8	1.7156192084067324e-9	3.849986861508707e-6	1.1329398531204273e-8	1.0113738521978263e-9	3.9599974070828145e-5
574.0	2.2445370827459236e-8	1.7142079798087448e-9	3.8499864548618964e-6	1.1326607817972921e-8	1.0112922272318938e-9	3.959997412573602e-5
575.0	2.2459035959634236e-8	1.7158001476709988e-9	3.849985965746005e-6	1.1325838556150502e-8	1.0111098460144633e-9	3.959997364967791e-5
576.0	2.2448112048282628e-8	1.71499590282656e-9	3.84998562094818e-6	1.132213652822918e-8	1.0106726325878138e-9	3.9599973691047886e-5
577.0	2.2436854069069178e-8	1.7138912314791136e-9	3.849985904616011e-6	1.1323343030990944e-8	1.011179852547448e-9	3.959997343493807e-5
578.0	2.242664373105674e-8	1.7153909126051523e-9	3.849986874564332e-6	1.1320867178303698e-8	1.0108916039255667e-9	3.959997361332569e-5
579.0	2.244360708093054e-8	1.7161431100944992e-9	3.849986893551654e-6	1.1323922124124786e-8	1.011707296225659e-9	3.959997353530036e-5
580.0	2.245349588905687e-8	1.7159244238307965e-9	3.8499860740827395e-6	1.1322565755386916e-8	1.0114043355098644e-9	3.9599973674530215e-5
581.0	2.2440490372886553e-8	1.7163618381641332e-9	3.8499860975140154e-6	1.1326383440055088e-8	1.01164287528402e-9	3.959997365354725e-5
582.0	2.2429415090786452e-8	1.7164499819680078e-9	3.8499860476924514e-6	1.1325193936721422e-8	1.0114578201387998e-9	3.9599973677631115e-5
583.0	2.2429062609265242e-8	1.7145713898185253e-9	3.849986136624884e-6	1.1327869492783177e-8	1.0110896674874536e-9	3.959997376865003e-5
584.0	2.244461832990921e-8	1.715681315482787e-9	3.849986456369047e-6	1.1325903532049967e-8	1.0114291772305401e-9	3.959997387403504e-5
585.0	2.244798947142872e-8	1.7161661657344829e-9	3.849987130142649e-6	1.1326874364433223e-8	1.010651741911117e-9	3.959997387838758e-5
586.0	2.2449018491102368e-8	1.715776951840896e-9	3.849986376723722e-6	1.1324830620728327e-8	1.0112645178457973e-9	3.959997403932374e-5
587.0	2.242979825465019e-8	1.717541677833693e-9	3.84998587639808e-6	1.1324765230691054e-8	1.0107099160587497e-9	3.9599973964220335e-5
588.0	2.2423967509702303e-8	1.717763349203112e-9	3.849986285789912e-6	1.1324812270091788e-8	1.011066874168771e-9	3.9599974015771295e-5
589.0	2.244099412767935e-8	1.718324696604937e-9	3.849986330384734e-6	1.132444441443482e-8	1.0109814837530985e-9	3.9599973976024417e-5
590.0	2.2458249023576148e-8	1.7170421230015492e-9	3.849986719767139e-6	1.1326315515979751e-8	1.0111080765353771e-9	3.959997398818568e-5
591.0	2.2463933407682907e-8	1.716886046428196e-9	3.849986590887137e-6	1.1325582648950674e-8	1.0115139935806324e-9	3.9599974009559034e-5
592.0	2.242132171074867e-8	1.7154823458540859e-9	3.849986876585141e-6	1.1328989491219587e-8	1.0109512984840365e-9	3.959997395331953e-5
593.0	2.2404315743680744e-8	1.7149773887735155e-9	3.849986118097111e-6	1.1327223677133376e-8	1.0113115097224021e-9	3.959997400439131e-5
594.0	2.247855933245118e-8	1.7172840707416886e-9	3.849985909985285e-6	1.1330523120727779e-8	1.0104938357343791e-9	3.9599974032331284e-5
595.0	2.2471709657193214e-8	1.7177263733739516e-9	3.849986126506727e-6	1.1327937204773455e-8	1.010906150558433e-9	3.95999742293506e-5
596.0	2.2434946590304168e-8	1.7193798136245988e-9	3.849986503809067e-6	1.1329279447491627e-8	1.0104913990977498e-9	3.959997431421278e-5
597.0	2.2400310403477062e-8	1.7193617310632472e-9	3.849986194566302e-6	1.1325583560217483e-8	1.0108669299723616e-9	3.9599974479696756e-5
598.0	2.2428443707727235e-8	1.7191599731554839e-9	3.849986235423165e-6	1.1324978325129987e-8	1.0111527173683088e-9	3.959997436531971e-5
599.0	2.2489302468374598e-8	1.7198348419346384e-9	3.8499863639520085e-6	1.1321436326250747e-8	1.0109781814391048e-9	3.959997440544028e-5
600.0	2.2460103814467155e-8	1.716730643958697e-9	3.84998646033437e-6	1.1320360201146539e-8	1.0116568065690832e-9	3.959997413519871e-5
601.0	2.241914252247423e-8	1.7192050172478965e-9	3.849985987192557e-6	1.1318989045866224e-8	1.0109187970951221e-9	3.9599974116412254e-5
602.0	2.2435051386931253e-8	1.7179950704504021e-9	3.849986554198716e-6	1.1319396457253827e-8	1.0115795312969767e-9	3.9599973961245264e-5
603.0	2.24496013455885e-8	1.7185288129222508e-9	3.849986365025437e-6	1.1320973721375163e-8	1.0110221154882044e-9	3.9599974134058606e-5
604.0	2.2448343110591818e-8	1.719383264085577e-9	3.849986066774918e-6	1.132282454317679e-8	1.0114370836320076e-9	3.959997405145911e-5
605.0	2.2444551543312412e-8	1.7207832493934795e-9	3.84998552801207e-6	1.1325967687268575e-8	1.0114108051475102e-9	3.959997420957842e-5
606.0	2.2459092208950838e-8	1.720731858171201e-9	3.849986857630039e-6	1.132741831412955e-8	1.0115268577053164e-9	3.9599974046002294e-5
607.0	2.245862682356169e-8	1.7196927270078644e-9	3.84998720777642e-6	1.1330743631069789e-8	1.0120707224137433e-9	3.959997421014303e-5
608.0	2.24323402195065e-8	1.7181941992153943e-9	3.849986254671849e-6	1.1329874384793207e-8	1.011640910654823e-9	3.959997417631227e-5
609.0	2.242268229463486e-8	1.7183941699560222e-9	3.849986384837941e-6	1.1330987765591543e-8	1.0123081352627738e-9	3.959997421041029e-5
610.0	2.248920811155757e-8	1.7205001452988865e-9	3.849986576888638e-6	1.1327383085980577e-8	1.011610934166556e-9	3.959997409434193e-5
611.0	2.2473054781409886e-8	1.719768915899922e-9	3.8499856202681456e-6	1.1325681145489255e-8	1.0120764503381154e-9	3.959997395762652e-5
612.0	2.242935958052384e-8	1.7208593877408506e-9	3.8499863738788e-6	1.1322443329771103e-8	1.0117075893005533e-9	3.9599973958285656e-5
613.0	2.240633774906924e-8	1.7223321694718617e-9	3.849987374946691e-6	1.1320299301208262e-8	1.0117249407830486e-9	3.9599973869497155e-5
614.0	2.246857227473828e-8	1.72233899644731e-9	3.849986777520416e-6	1.1319819096543677e-8	1.0118103408216198e-9	3.959997414344563e-5
615.0	2.2503757572454518e-8	1.7206653914324084e-9	3.849985829052837e-6	1.1319400874804202e-8	1.0113649981297538e-9	3.959997396841259e-5
616.0	2.2451556811367026e-8	1.720988182779223e-9	3.849986104238255e-6	1.1321654273741712e-8	1.0115045865574669e-9	3.959997434003587e-5
617.0	2.2435616890027476e-8	1.7213154358393394e-9	3.8499864327427245e-6	1.1323174028929754e-8	1.01085618387001e-9	3.959997408272236e-5
618.0	2.244147347263186e-8	1.7196092241402032e-9	3.849986430331429e-6	1.1325803364714085e-8	1.010785177116038e-9	3.9599974192367e-5
619.0	2.2486686289469014e-8	1.721994123828922e-9	3.849986796964969e-6	1.1328314159067781e-8	1.0103011836287276e-9	3.959997411255673e-5
620.0	2.2463520999587642e-8	1.7232301331655193e-9	3.8499867394023684e-6	1.1330632611536757e-8	1.0100903696615801e-9	3.959997399955559e-5
621.0	2.2451057647091858e-8	1.7222041188792504e-9	3.849985953514743e-6	1.1330803982833568e-8	1.0100860073026283e-9	3.959997413090939e-5
622.0	2.2464301988228054e-8	1.7227754322698504e-9	3.84998557547937e-6	1.1331390720121969e-8	1.0096477992974784e-9	3.959997396802988e-5
623.0	2.244626965551612e-8	1.7218489251292107e-9	3.849986459636743e-6	1.1328864360265858e-8	1.0099610597573224e-9	3.9599974086672005e-5
624.0	2.2454732951131208e-8	1.72259488884741e-9	3.849986399016823e-6	1.1327393780744551e-8	1.0096624835736162e-9	3.959997407758925e-5
625.0	2.2468726624909475e-8	1.7203971009760205e-9	3.849986840920785e-6	1.1324955295907583e-8	1.010015504298735e-9	3.9599974014541905e-5
626.0	2.247685251350831e-8	1.7217428289773894e-9	3.849986312754008e-6	1.1322591588515235e-8	1.0100655656534152e-9	3.9599974124048994e-5
627.0	2.246511259903397e-8	1.7226513919821208e-9	3.849986198678537e-6	1.1322958449261012e-8	1.010460724863719e-9	3.959997406549961e-5
628.0	2.2425828445690784e-8	1.7226401688378572e-9	3.849986155237299e-6	1.1320057786418649e-8	1.010892742116955e-9	3.959997420093245e-5
629.0	2.2439092798666767e-8	1.7231514626143528e-9	3.8499865481356035e-6	1.132327095910417e-8	1.010902813885928e-9	3.959997423291382e-5
630.0	2.2491387580401312e-8	1.7249694240880461e-9	3.849986590773186e-6	1.1322010163257885e-8	1.0114532785939898e-9	3.9599974353661655e-5
631.0	2.2471182013432578e-8	1.7238426328386999e-9	3.849986445663536e-6	1.1325367450874716e-8	1.011248540902433e-9	3.959997443323758e-5
632.0	2.244598876817031e-8	1.7241536094588603e-9	3.849986462418603e-6	1.1325816508216365e-8	1.011618281901615e-9	3.959997441138156e-5
633.0	2.243121862591777e-8	1.7234977823757133e-9	3.849986201034239e-6	1.1327874139283034e-8	1.011463364314596e-9	3.959997446459714e-5
634.0	2.2472336765140563e-8	1.7238790892254497e-9	3.849986262231089e-6	1.1327504634414429e-8	1.0117893212576478e-9	3.959997442177579e-5
635.0	2.2497523338996334e-8	1.7233555172561003e-9	3.849986587741565e-6	1.1327409421141581e-8	1.0120778343794568e-9	3.959997453526832e-5
636.0	2.2466216839973556e-8	1.7232151036705632e-9	3.849986742421524e-6	1.1325739328808346e-8	1.0118701368001572e-9	3.959997442762703e-5
637.0	2.2443906981130782e-8	1.7241321154510535e-9	3.849986382247866e-6	1.1324467732372785e-8	1.0122626126787556e-9	3.9599974527487975e-5
638.0	2.2454801191618087e-8	1.7244058598190445e-9	3.849986408203196e-6	1.1323166554801096e-8	1.011654845660757e-9	3.9599974364537396e-5
639.0	2.245066935879323e-8	1.7238781746181648e-9	3.849985992018641e-6	1.1321127079367254e-8	1.0117591271658138e-9	3.9599974214295144e-5
640.0	2.248515375126713e-8	1.7245093502492017e-9	3.849986422700777e-6	1.1322422480744899e-8	1.0111111905479976e-9	3.959997429144727e-5
641.0	2.246080263578983e-8	1.7237413426071917e-9	3.849985803743015e-6	1.1319948314284756e-8	1.0110202489849577e-9	3.9599973780112784e-5
642.0	2.246429717975419e-8	1.7244345873782016e-9	3.849986327456351e-6	1.1324543614709078e-8	1.010912076323105e-9	3.959997417821972e-5
643.0	2.244864183723894e-8	1.724651744384127e-9	3.8499869716552095e-6	1.1323551929053e-8	1.010588393123663e-9	3.9599973390194265e-5
644.0	2.2458272386139648e-8	1.7237320023596434e-9	3.849986329559607e-6	1.1329256806033069e-8	1.0108961414893274e-9	3.959997403097102e-5
645.0	2.248011911231083e-8	1.7265726750881903e-9	3.84998583525135e-6	1.1328646488908036e-8	1.0105688252463112e-9	3.95999735377231e-5
646.0	2.2488768202255837e-8	1.7255542372917833e-9	3.849986564053968e-6	1.1332311144003277e-8	1.010924209761924e-9	3.959997419913085e-5
647.0	2.2460385125955584e-8	1.7251999893651665e-9	3.849985836685748e-6	1.1329699834750367e-8	1.0106833916699483e-9	3.959997416535708e-5
648.0	2.2450255056472098e-8	1.7258593560720792e-9	3.84998604743156e-6	1.1329608791154697e-8	1.010809196280095e-9	3.959997454411802e-5
649.0	2.2454890407085354e-8	1.7249660889840672e-9	3.849986346004474e-6	1.1326221532872592e-8	1.0107696791229394e-9	3.959997476486437e-5
650.0	2.248889938978571e-8	1.7254639846444565e-9	3.849986529103514e-6	1.1323970787887846e-8	1.010696610852954e-9	3.959997480320048e-5
651.0	2.2488501800465826e-8	1.7249241115970568e-9	3.849985659008037e-6	1.1322408457431585e-8	1.0109262115247154e-9	3.9599975011929e-5
652.0	2.2460411009050798e-8	1.7244286851145087e-9	3.849986174321116e-6	1.1318705562592443e-8	1.0109552866054132e-9	3.9599974755010836e-5
653.0	2.244761414653467e-8	1.7247949742523077e-9	3.849986549733785e-6	1.1320319584781181e-8	1.0114649607129266e-9	3.959997499030754e-5
654.0	2.2469726439541468e-8	1.7244616731760467e-9	3.849986428984409e-6	1.1316940663626434e-8	1.0113969251972384e-9	3.959997459343423e-5
655.0	2.2477375659722633e-8	1.7257959355673303e-9	3.849986348117476e-6	1.1321527048837146e-8	1.0117146223916802e-9	3.9599974816017714e-5
656.0	2.2482418875572846e-8	1.7256927902723938e-9	3.849985998844331e-6	1.1321186716755328e-8	1.0116155665009499e-9	3.959997433676758e-5
657.0	2.243678959110715e-8	1.726159471237255e-9	3.84998620320899e-6	1.132721649230388e-8	1.0113861933161633e-9	3.9599974455831196e-5
658.0	2.246909686424487e-8	1.7263470523454707e-9	3.849986089078748e-6	1.1327365798301471e-8	1.0114495940340836e-9	3.959997399345774e-5
659.0	2.2461529838371104e-8	1.7256814564736321e-9	3.8499867174925196e-6	1.1332653894046531e-8	1.0112341992821465e-9	3.959997405418037e-5
660.0	2.245198032696037e-8	1.7248486840133803e-9	3.8499863484903165e-6	1.1330019613766604e-8	1.0116205249447121e-9	3.9599973784519896e-5
661.0	2.2469824832544563e-8	1.7242426170454239e-9	3.8499865265252875e-6	1.1332441715283123e-8	1.0115359989444398e-9	3.959997396899206e-5
662.0	2.2458427213251085e-8	1.723979872364359e-9	3.849986272538937e-6	1.1328429403021984e-8	1.0118164089320623e-9	3.959997381570818e-5
663.0	2.247444788663694e-8	1.724777251419682e-9	3.8499858155490776e-6	1.1327392336061321e-8	1.0116044840181556e-9	3.959997402071787e-5
664.0	2.2438300776200484e-8	1.7265306651907888e-9	3.849986307439598e-6	1.132438634475181e-8	1.0112774182275841e-9	3.959997384550904e-5
665.0	2.2448125217891024e-8	1.7279133755552912e-9	3.849987141530212e-6	1.1321423555862457e-8	1.0112701399413043e-9	3.959997404270543e-5
666.0	2.2460271443420372e-8	1.7258535037798393e-9	3.849986506106498e-6	1.1320997182559613e-8	1.0107037361940878e-9	3.9599973761078646e-5
667.0	2.2467653657825962e-8	1.726805874237637e-9	3.849985310416594e-6	1.1318115331845037e-8	1.011040481721441e-9	3.959997414911829e-5
668.0	2.2453722384441363e-8	1.7264884922190536e-9	3.849986378240542e-6	1.132057153093824e-8	1.0106807393130292e-9	3.959997370459034e-5
669.0	2.2448811761702276e-8	1.7246675661778107e-9	3.8499866338790056e-6	1.1320148560690084e-8	1.0109355530264798e-9	3.959997421827828e-5
670.0	2.246850548308757e-8	1.7254067380287571e-9	3.849986411564433e-6	1.1325106297060668e-8	1.0109240372144983e-9	3.959997377562353e-5
671.0	2.2468616656008572e-8	1.7264485306311115e-9	3.84998672687588e-6	1.1325211534761073e-8	1.0107297386884458e-9	3.959997416991672e-5
672.0	2.244422037767371e-8	1.7264254806993257e-9	3.849986919605811e-6	1.1330924425665391e-8	1.0111086033727833e-9	3.959997401494649e-5
673.0	2.2444297199663603e-8	1.7281388783945954e-9	3.849986425569225e-6	1.132908137786429e-8	1.0106364844274873e-9	3.9599974114262484e-5
674.0	2.2471506989453536e-8	1.7279585757482042e-9	3.849985555090615e-6	1.1331909918766665e-8	1.011135290888573e-9	3.959997410315286e-5
675.0	2.2463491096856118e-8	1.727867358895855e-9	3.849986299400037e-6	1.1328230003076653e-8	1.010548388848764e-9	3.959997381534241e-5
676.0	2.2456140917014575e-8	1.727446896060034e-9	3.84998721109618e-6	1.132733696060292e-8	1.0110872350520835e-9	3.9599973912464074e-5
677.0	2.2432268116483373e-8	1.7267883315922821e-9	3.849986408197642e-6	1.132429929935858e-8	1.0109831567007305e-9	3.959997349668795e-5
678.0	2.2464881298648053e-8	1.7266052030901526e-9	3.849986293538328e-6	1.1322460067181176e-8	1.0110983140223494e-9	3.95999736724893e-5
679.0	2.2478892169989938e-8	1.7279138505603364e-9	3.849986721100002e-6	1.1321082445601798e-8	1.0117371800257604e-9	3.9599973443257816e-5
680.0	2.24689463950094e-8	1.7270420725946358e-9	3.849986908086175e-6	1.1320197419209256e-8	1.0114518062733529e-9	3.959997371970761e-5
681.0	2.2453287219791237e-8	1.7284178120857494e-9	3.8499862376178414e-6	1.1320054310368339e-8	1.0121005388788212e-9	3.959997351558092e-5
682.0	2.2433756251220545e-8	1.7285787380605828e-9	3.849986332844048e-6	1.132069054912677e-8	1.0115750844563956e-9	3.95999739051836e-5
683.0	2.246880203735983e-8	1.7288056696983007e-9	3.849986413052884e-6	1.1322432995394546e-8	1.0118808483726554e-9	3.9599973692892995e-5
684.0	2.2483779159369805e-8	1.7290926734500861e-9	3.849986075713942e-6	1.1322643513490936e-8	1.0116529048021356e-9	3.959997417417216e-5
685.0	2.2471471562013674e-8	1.7281274887501401e-9	3.849986343927212e-6	1.1326958952336274e-8	1.0115309790281992e-9	3.959997403311184e-5
686.0	2.245355381036885e-8	1.7303476242534544e-9	3.849986622887898e-6	1.1326374313916459e-8	1.0118430270434598e-9	3.95999744876561e-5
687.0	2.242048181441142e-8	1.7277415826250238e-9	3.849986978237598e-6	1.132901854393829e-8	1.0115258519878143e-9	3.959997434585716e-5
688.0	2.2463561824603406e-8	1.728979607743848e-9	3.849986387251819e-6	1.1327949887724548e-8	1.0117905754164692e-9	3.959997449193544e-5
689.0	2.247230365580043e-8	1.7289139883553161e-9	3.849986050068403e-6	1.1327290216878287e-8	1.0112144689871905e-9	3.959997444853182e-5
690.0	2.2468235032814498e-8	1.728375967434932e-9	3.849986405626685e-6	1.1326644541669483e-8	1.0112991721938249e-9	3.9599974374773925e-5
691.0	2.2440625148874407e-8	1.7286267302563263e-9	3.849986046446134e-6	1.1325739355526958e-8	1.0107852412193553e-9	3.9599974566326204e-5
692.0	2.2448120765811847e-8	1.727957984017878e-9	3.849986476525601e-6	1.1325027315046636e-8	1.0105856768402351e-9	3.9599974325285754e-5
693.0	2.2450653278368318e-8	1.7283782687623285e-9	3.849986549578697e-6	1.1325868245256822e-8	1.0105542667498674e-9	3.959997469767321e-5
694.0	2.247020163471176e-8	1.7287315780656502e-9	3.849986522523511e-6	1.1324433546640951e-8	1.0103589002355768e-9	3.959997435623783e-5
695.0	2.245891200021111e-8	1.7275483309124122e-9	3.849986448131648e-6	1.132527097518311e-8	1.0105652162242565e-9	3.959997467163764e-5
696.0	2.2479148789313995e-8	1.7291223914959322e-9	3.849987000742337e-6	1.1325342496080154e-8	1.0105591477143122e-9	3.9599974577632596e-5
697.0	2.2450343381453786e-8	1.7304676286966768e-9	3.849986580996539e-6	1.1323622188462006e-8	1.0105082904745197e-9	3.959997458203045e-5
698.0	2.2435325416490683e-8	1.7298815831785063e-9	3.849986157272985e-6	1.1325221195581019e-8	1.0104237667085228e-9	3.9599974735453916e-5
699.0	2.2465106635040804e-8	1.7300841257216458e-9	3.8499863034230256e-6	1.1323174039337897e-8	1.0103907969332983e-9	3.959997436439031e-5
700.0	2.250340633635004e-8	1.729789312593594e-9	3.849986005118849e-6	1.1322814921092317e-8	1.0105103232839005e-9	3.9599974674678625e-5
701.0	2.246163433798168e-8	1.7297453436995157e-9	3.849986388325852e-6	1.1323060051316964e-8	1.010790605161955e-9	3.959997416231489e-5
702.0	2.242766200355919e-8	1.7287342301736357e-9	3.849986934057568e-6	1.1321469083618115e-8	1.0110287089781216e-9	3.959997456636137e-5
703.0	2.2453202479783437e-8	1.7275397102971675e-9	3.849987183325733e-6	1.1323983595131287e-8	1.0115395431884994e-9	3.959997412868706e-5
704.0	2.248671761150471e-8	1.7291595218418706e-9	3.8499865455956355e-6	1.1324096211383018e-8	1.0114606411692244e-9	3.959997451150983e-5
705.0	2.2508850403189273e-8	1.729244256965185e-9	3.8499859557116e-6	1.1326738133438105e-8	1.0118588177047624e-9	3.9599974129672154e-5
706.0	2.2423251678948516e-8	1.7307225548417716e-9	3.849985663895498e-6	1.1328802542435702e-8	1.011707608440912e-9	3.959997439051072e-5
707.0	2.245055203475961e-8	1.7301003821986764e-9	3.849986191896415e-6	1.1328757448053452e-8	1.0121169866566409e-9	3.9599974169433914e-5
708.0	2.245705371560348e-8	1.7310841915866977e-9	3.8499865067095285e-6	1.1329989281903321e-8	1.012224459844392e-9	3.959997431627428e-5
709.0	2.2473144767356054e-8	1.7299172242553444e-9	3.849986695382563e-6	1.1330176444742713e-8	1.0124408608952555e-9	3.95999742395245e-5
710.0	2.247460822836989e-8	1.7288625152234549e-9	3.849986499674868e-6	1.1326955316810001e-8	1.0123848829475282e-9	3.9599974013425366e-5
711.0	2.2467931802067724e-8	1.7281760118037413e-9	3.849986709026583e-6	1.1327210995087104e-8	1.012405661258527e-9	3.959997412754459e-5
712.0	2.2482349251365846e-8	1.7267537364641174e-9	3.84998605934412e-6	1.1322163568559133e-8	1.0123357451130959e-9	3.959997359664227e-5
713.0	2.244069267895919e-8	1.7288901544427483e-9	3.849986217002639e-6	1.1319826221520853e-8	1.0121908631675871e-9	3.959997420384351e-5
714.0	2.246486706456733e-8	1.7299152551592344e-9	3.8499863403221135e-6	1.1318177297107637e-8	1.012586822311964e-9	3.9599973554675995e-5
715.0	2.2504617264244735e-8	1.7318948014096475e-9	3.849986554010042e-6	1.1315508008705013e-8	1.0121006996276925e-9	3.959997433521347e-5
716.0	2.249977181267405e-8	1.7327231073102405e-9	3.8499860681092014e-6	1.1318506278993613e-8	1.0121527990168509e-9	3.959997360969295e-5
717.0	2.2446125093014062e-8	1.732575381674398e-9	3.849986800064268e-6	1.131894684628296e-8	1.011501615406061e-9	3.95999744635636e-5
718.0	2.242312666779754e-8	1.731555388550911e-9	3.849986837797367e-6	1.132364199806963e-8	1.0112121156894725e-9	3.959997377637179e-5
719.0	2.2489208841978884e-8	1.7294253698791685e-9	3.849986841484462e-6	1.1326992715818344e-8	1.0106198169321052e-9	3.959997443403669e-5
720.0	2.2505999838285138e-8	1.729223896696638e-9	3.849986338653835e-6	1.1331107973227072e-8	1.010634108186462e-9	3.9599974099530047e-5
721.0	2.2485299251782458e-8	1.7284586354728575e-9	3.849986123757542e-6	1.1333408762635632e-8	1.010554449683137e-9	3.9599974339049903e-5
722.0	2.244668333117149e-8	1.7299836664107941e-9	3.849986212543924e-6	1.1337447131551489e-8	1.010618562311641e-9	3.959997442308388e-5
723.0	2.2439238459719532e-8	1.731093739067868e-9	3.849986686147099e-6	1.1334298065396552e-8	1.01077750818367e-9	3.959997415576989e-5
724.0	2.2470044898017858e-8	1.7327544688260385e-9	3.8499863772673156e-6	1.133563339816661e-8	1.0104178643565827e-9	3.959997437640525e-5
725.0	2.249254379385318e-8	1.7335283540653394e-9	3.849986304521389e-6	1.1328505058726001e-8	1.010726556200987e-9	3.959997387527392e-5
726.0	2.248734596096703e-8	1.7326993288167344e-9	3.84998693383761e-6	1.1325747306474868e-8	1.0100578400154007e-9	3.9599974121802913e-5
727.0	2.2469468902397474e-8	1.7326950858651692e-9	3.849986613495068e-6	1.1320150173520213e-8	1.010686562477525e-9	3.9599973744680894e-5
728.0	2.243007636392526e-8	1.7307657902390005e-9	3.849986197746517e-6	1.1317128496740059e-8	1.0103899771883967e-9	3.959997408520599e-5
729.0	2.246732392081301e-8	1.7307973807090284e-9	3.849986439151097e-6	1.1316202181602494e-8	1.0108603465631463e-9	3.959997402105833e-5
730.0	2.2505978052088386e-8	1.7323502672569614e-9	3.849986240083561e-6	1.1316246515366726e-8	1.0110352720467861e-9	3.9599974116394445e-5
731.0	2.2499137214707737e-8	1.7328934664671393e-9	3.849986137497132e-6	1.131942292479872e-8	1.010943957470325e-9	3.959997425189752e-5
732.0	2.2465490138649024e-8	1.7328591990288566e-9	3.849986294777491e-6	1.1323224223090964e-8	1.011706275797513e-9	3.9599974249465334e-5
733.0	2.244324614954683e-8	1.733348385267927e-9	3.849987166894324e-6	1.132784490697272e-8	1.0110319062404689e-9	3.959997423224856e-5
734.0	2.2464664860136148e-8	1.7334223273886889e-9	3.849986957049822e-6	1.1331649372139665e-8	1.0121743407367412e-9	3.959997431872049e-5
735.0	2.2504439123323234e-8	1.7333255665841185e-9	3.849986374932955e-6	1.1336352673897316e-8	1.0113822963896813e-9	3.959997418897124e-5
736.0	2.2467478683259834e-8	1.7322795510078658e-9	3.849985799767121e-6	1.1335163020595559e-8	1.0120764039154927e-9	3.959997428044005e-5
737.0	2.2464651764618906e-8	1.732219881576973e-9	3.849986245402151e-6	1.1337241006602355e-8	1.011468246040302e-9	3.9599974208946964e-5
738.0	2.2461196368632942e-8	1.7323626149956457e-9	3.84998658064799e-6	1.1331236949333125e-8	1.0112238405271323e-9	3.959997424626396e-5
739.0	2.2453187634088897e-8	1.7325838647461496e-9	3.84998690685892e-6	1.1329821200744652e-8	1.0114498214357668e-9	3.9599974381328706e-5
740.0	2.2497050496610344e-8	1.7328446333290652e-9	3.849986417182717e-6	1.1323254137098953e-8	1.0107060420294298e-9	3.959997421980921e-5
741.0	2.2461399787206553e-8	1.7336411049460596e-9	3.849986676235035e-6	1.1321015796205824e-8	1.0117685812973778e-9	3.959997432042509e-5
742.0	2.2489894671200906e-8	1.7350320294290662e-9	3.8499859559198816e-6	1.1317388936899579e-8	1.0111329184147882e-9	3.9599974232802393e-5
743.0	2.2461787546913912e-8	1.7320166807639673e-9	3.849986132908598e-6	1.1317454840130319e-8	1.0123044384466992e-9	3.959997421725441e-5
744.0	2.2455790378245827e-8	1.734295748470263e-9	3.849986609761336e-6	1.1317275325644799e-8	1.0117259360841647e-9	3.959997442406062e-5
745.0	2.2487052025389007e-8	1.7329923322988328e-9	3.849986880553093e-6	1.1320844824794131e-8	1.0116932684632958e-9	3.959997421591935e-5
746.0	2.247175409764647e-8	1.733685473381734e-9	3.849986284850478e-6	1.1323034648726848e-8	1.0115332494175593e-9	3.959997470334062e-5
747.0	2.249727835106734e-8	1.734805475660147e-9	3.8499865958680285e-6	1.1327526577215605e-8	1.0105743163086395e-9	3.9599974331527526e-5
748.0	2.2457722627158317e-8	1.7327303330991991e-9	3.849986701800478e-6	1.1330794477848138e-8	1.0112525603764687e-9	3.95999747841007e-5
749.0	2.2468966010230404e-8	1.7353788965590285e-9	3.8499863493436615e-6	1.133277718869828e-8	1.0104313472760483e-9	3.959997452253228e-5
750.0	2.246679847403391e-8	1.7347006803011584e-9	3.849986542977854e-6	1.1334523507209942e-8	1.011411723336105e-9	3.9599974583166845e-5
751.0	2.2472326158546577e-8	1.734812605454873e-9	3.849986412565066e-6	1.133286125478143e-8	1.0110246217510528e-9	3.9599974662102374e-5
752.0	2.2483693945477872e-8	1.7350423211286654e-9	3.849986166092479e-6	1.1331678193050409e-8	1.0113720551154628e-9	3.9599974222162e-5
753.0	2.2463820573849394e-8	1.73486204235187e-9	3.849986943984604e-6	1.1327782049181364e-8	1.0113506736506476e-9	3.959997471961553e-5
754.0	2.249050916091387e-8	1.735730247820974e-9	3.8499871424846804e-6	1.1325330308469712e-8	1.011133354921982e-9	3.9599974203676623e-5
755.0	2.2466209135004834e-8	1.73492888456733e-9	3.849986610104543e-6	1.132227665164895e-8	1.0117295703790528e-9	3.959997489774522e-5
756.0	2.2497618038473538e-8	1.7367015070007462e-9	3.849985706133997e-6	1.1320997607221204e-8	1.0113626458258505e-9	3.9599974444980345e-5
757.0	2.246713565161078e-8	1.7361767870003574e-9	3.849986269676324e-6	1.1319492485647783e-8	1.0117414059107482e-9	3.959997466047616e-5
758.0	2.2478197693929004e-8	1.7357579311816396e-9	3.849986054044957e-6	1.1321400978690692e-8	1.0114142971817128e-9	3.959997436851176e-5
759.0	2.2484576487012035e-8	1.7352565013178095e-9	3.849987164853664e-6	1.1321902840179614e-8	1.0114296064258837e-9	3.959997427148608e-5
760.0	2.2486261910852973e-8	1.7347568106101377e-9	3.849986995575222e-6	1.132561769647315e-8	1.011515019741178e-9	3.959997437101356e-5
761.0	2.2501344385844526e-8	1.7345395582175958e-9	3.849986598696675e-6	1.132724019607162e-8	1.0113414570467864e-9	3.959997422850077e-5
762.0	2.2449423273511466e-8	1.7357688850185292e-9	3.849985866001617e-6	1.1330497580590377e-8	1.0118531501666e-9	3.959997452808151e-5
763.0	2.247438412414552e-8	1.7354170113239296e-9	3.849985540933047e-6	1.133083480687273e-8	1.0116631001069587e-9	3.959997443870607e-5
764.0	2.2490512930490378e-8	1.7361258699552161e-9	3.849986485022001e-6	1.133135069097925e-8	1.0117713396376712e-9	3.959997452183621e-5
765.0	2.2504755427215443e-8	1.7395186730963119e-9	3.849986884329177e-6	1.1329415258818441e-8	1.0117522811720498e-9	3.959997440636244e-5
766.0	2.248414211649584e-8	1.7362600892846122e-9	3.849987047382303e-6	1.1328263822541673e-8	1.0114116001027667e-9	3.959997421494369e-5
767.0	2.2433050339474883e-8	1.737152469408682e-9	3.849986485574234e-6	1.13247655929868e-8	1.0115848994628467e-9	3.9599974226043226e-5
768.0	2.2487905506765584e-8	1.7352183542908038e-9	3.8499861201908755e-6	1.1323965946843839e-8	1.0113069876424039e-9	3.95999740208035e-5
769.0	2.2514182078534305e-8	1.7359745376647065e-9	3.849985902591921e-6	1.1321700426348493e-8	1.0113380215040609e-9	3.9599974114128815e-5
770.0	2.2497624185919785e-8	1.7358694022322366e-9	3.849986448400063e-6	1.1321208349467294e-8	1.0113044184229223e-9	3.959997405873913e-5
771.0	2.2477922210432805e-8	1.7373474535741879e-9	3.849986412019153e-6	1.1322601185643574e-8	1.0111362368513768e-9	3.959997403370876e-5
772.0	2.2438772842912595e-8	1.7383763376798702e-9	3.849986724645828e-6	1.1322988099570574e-8	1.0114187962691702e-9	3.959997423209475e-5
773.0	2.2509024121708908e-8	1.7381657673197297e-9	3.849986629832453e-6	1.132608199029714e-8	1.0109563486238832e-9	3.959997396791997e-5
774.0	2.2482393862747607e-8	1.7382827101566998e-9	3.8499859833390496e-6	1.1326536642842045e-8	1.0114683908145164e-9	3.9599974293007097e-5
775.0	2.2489193641049714e-8	1.7382932104482914e-9	3.8499867015413e-6	1.132889097624274e-8	1.0111148335260996e-9	3.9599974027856734e-5
776.0	2.250050636385085e-8	1.7378913902633446e-9	3.849987637380192e-6	1.1328004022471525e-8	1.0112815705283294e-9	3.959997415232472e-5
777.0	2.2451164461419017e-8	1.7371087037248816e-9	3.849986288552398e-6	1.1328484603896106e-8	1.0113971767335855e-9	3.959997418084854e-5
778.0	2.2473577289279556e-8	1.7375662361904615e-9	3.849986064687016e-6	1.1326502106607856e-8	1.011006970004229e-9	3.9599973957682325e-5
779.0	2.247544196506676e-8	1.7387696700415834e-9	3.849986246333105e-6	1.1327023959203792e-8	1.0116227344009646e-9	3.9599974328954694e-5
780.0	2.251167720725663e-8	1.73960917493345e-9	3.849986245191274e-6	1.1324424026733032e-8	1.0109274999787307e-9	3.959997388901063e-5
781.0	2.250129230663325e-8	1.7394287804647374e-9	3.8499860311259735e-6	1.1326016826607552e-8	1.0117441493771478e-9	3.9599974298624395e-5
782.0	2.2448127825679234e-8	1.739552548899395e-9	3.849987552278635e-6	1.1324000086568533e-8	1.011361797233943e-9	3.9599973901689625e-5
783.0	2.245765147521326e-8	1.7381372847127137e-9	3.849987528407009e-6	1.1325525651644473e-8	1.0118331307402901e-9	3.959997418329865e-5
784.0	2.2527410072434984e-8	1.737242200540741e-9	3.849985871206152e-6	1.1325677372525705e-8	1.0120058740096814e-9	3.9599974058540435e-5
785.0	2.2508374960214577e-8	1.7371487366561488e-9	3.849985895918613e-6	1.1326751880581177e-8	1.011769660953203e-9	3.959997413117733e-5
786.0	2.247061147090508e-8	1.7383008387085987e-9	3.849985814203809e-6	1.1328417630533448e-8	1.0122172660647686e-9	3.959997418787008e-5
787.0	2.2453683398071467e-8	1.7372629412535868e-9	3.849986436947418e-6	1.132801968740931e-8	1.011415741318245e-9	3.9599974098713514e-5
788.0	2.2482664035478166e-8	1.738425060669625e-9	3.849986218641976e-6	1.1329148907426197e-8	1.0119923349640512e-9	3.959997426543368e-5
789.0	2.251316852070653e-8	1.7396645775949778e-9	3.8499872264733995e-6	1.1327409138369829e-8	1.011412722960816e-9	3.959997424001785e-5
790.0	2.2473810004774902e-8	1.7403410418552485e-9	3.849986561055462e-6	1.1326691093670118e-8	1.0117078741965849e-9	3.9599974477735245e-5
791.0	2.2472804357301585e-8	1.7395888712270535e-9	3.8499862991990146e-6	1.1324731227329142e-8	1.0115953692732686e-9	3.959997446545572e-5
792.0	2.2480947395815827e-8	1.7391932958930397e-9	3.8499860413698875e-6	1.1324246934889895e-8	1.011378957194986e-9	3.959997453891111e-5
793.0	2.246435004302037e-8	1.7383135073096293e-9	3.8499865717491635e-6	1.1322656889199694e-8	1.0116156214749927e-9	3.959997445895349e-5
794.0	2.2455683330921003e-8	1.7380640348986096e-9	3.849986404121144e-6	1.1323702396200308e-8	1.0109698793202326e-9	3.959997438994893e-5
795.0	2.2506514749716222e-8	1.737749051100649e-9	3.849986097150974e-6	1.1323006805831093e-8	1.0115745623996058e-9	3.959997427287714e-5
796.0	2.2485657091791826e-8	1.7380317484498358e-9	3.849986429148267e-6	1.132533567385651e-8	1.0110169336681437e-9	3.9599974481804296e-5
797.0	2.247560557434329e-8	1.739395753413459e-9	3.849986714975965e-6	1.1325514889536919e-8	1.0115214267275006e-9	3.95999744421422e-5
798.0	2.2440072589602423e-8	1.7396323532209179e-9	3.849986489993611e-6	1.1328182826838956e-8	1.0111407835760234e-9	3.9599974754218054e-5
799.0	2.2477941031431836e-8	1.739413990053455e-9	3.849986660532741e-6	1.1328968345341285e-8	1.0110154039524308e-9	3.9599974655468636e-5
800.0	2.2530824476283118e-8	1.7398570926738558e-9	3.849986613787104e-6	1.133009642815102e-8	1.0109681425008514e-9	3.9599974825191114e-5
