turn	ele_ex	ele_ey	ele_ez	pro_ex	pro_ey	pro_ez
0.0	2.042863688674095e-8	1.6115897272034455e-9	3.849993070495706e-6	1.1281234336020398e-8	1.0034661128962659e-9	3.9598392805126434e-5
1.0	2.0915777711318167e-8	1.6250874006363025e-9	3.849994125847751e-6	1.1283990600464666e-8	1.005118310523888e-9	3.959839279965732e-5
2.0	2.1034020032797855e-8	1.622792080610445e-9	3.8499952469973545e-6	1.1304841202240083e-8	1.005749782978429e-9	3.959839350089413e-5
3.0	2.0848238020014547e-8	1.6298143168021363e-9	3.849993519495009e-6	1.132274778603205e-8	1.0069960918437464e-9	3.959839302172693e-5
4.0	2.075191364929416e-8	1.6405600199632472e-9	3.849993636159268e-6	1.1339241326006892e-8	1.0079124379162179e-9	3.959839329340306e-5
5.0	2.13801869393685e-8	1.6329844769257117e-9	3.849993569803546e-6	1.1347049200801933e-8	1.0076421142710112e-9	3.9598392901607695e-5
6.0	2.19374289381009e-8	1.6391397722911904e-9	3.8499925046405775e-6	1.1360794623850228e-8	1.0091309470877617e-9	3.9598393035283806e-5
7.0	2.1551637700186204e-8	1.6340514282582832e-9	3.849994017384415e-6	1.1359635948738802e-8	1.0089562658394485e-9	3.9598392902013566e-5
8.0	2.1333148337460147e-8	1.6360529164333791e-9	3.8499944828927715e-6	1.135383845134398e-8	1.0101788878186854e-9	3.9598392663540554e-5
9.0	2.1751294224752578e-8	1.6449466438015454e-9	3.849993570502931e-6	1.1345358434683094e-8	1.0106336047672031e-9	3.9598393033999006e-5
10.0	2.2471534345386722e-8	1.6404331386654707e-9	3.849993212850787e-6	1.132529712154659e-8	1.0117453244215118e-9	3.9598392784743494e-5
11.0	2.232154255238042e-8	1.6449934194816738e-9	3.8499935890496725e-6	1.1306060152151529e-8	1.0125917120896277e-9	3.959839338966612e-5
12.0	2.1829627557487136e-8	1.6457139192014911e-9	3.849993343265028e-6	1.1292650317461827e-8	1.012796716868455e-9	3.959839280441727e-5
13.0	2.1922750970302274e-8	1.6443553519295142e-9	3.849993557745023e-6	1.1287881131552919e-8	1.0131498068090167e-9	3.959839310050639e-5
14.0	2.233209958395522e-8	1.6487822330046601e-9	3.849993952741549e-6	1.1282476788615139e-8	1.0128787268833955e-9	3.959839278979492e-5
15.0	2.241035648377157e-8	1.6474047632089738e-9	3.849993229277226e-6	1.1291656014682488e-8	1.0128687349419074e-9	3.959839268217095e-5
16.0	2.215566830090815e-8	1.6453604947823012e-9	3.849993172379577e-6	1.1300883768928577e-8	1.0124303564775958e-9	3.959839266346399e-5
17.0	2.2067953166451236e-8	1.6457885320115573e-9	3.8499935294723345e-6	1.1317413074224016e-8	1.0120815565785608e-9	3.9598392412496414e-5
18.0	2.214659076155095e-8	1.6457813779877436e-9	3.8499937918114055e-6	1.1329763549199138e-8	1.0113793486376423e-9	3.959839270636203e-5
19.0	2.2169586686294903e-8	1.646963764061536e-9	3.8499942036084625e-6	1.1344539807176027e-8	1.0105047958946828e-9	3.9598392315157685e-5
20.0	2.2180950705889808e-8	1.6485872072906834e-9	3.849993825980901e-6	1.1350253852563183e-8	1.0095243896148907e-9	3.9598392377038415e-5
21.0	2.2211072040928793e-8	1.6477266348751704e-9	3.849993138605274e-6	1.1349930157997595e-8	1.0090147794797907e-9	3.9598392220866926e-5
22.0	2.2205348386921766e-8	1.6494500430130272e-9	3.849993261323915e-6	1.1347209237720911e-8	1.008040272057484e-9	3.9598391862555496e-5
23.0	2.2112966257307976e-8	1.6491017186754829e-9	3.849993829260177e-6	1.1335403787700828e-8	1.0078039675152355e-9	3.959839201984267e-5
24.0	2.211210997295243e-8	1.6484470626588006e-9	3.8499935825136656e-6	1.1326211398508184e-8	1.0072376892636335e-9	3.959839143915194e-5
25.0	2.2209896010199605e-8	1.6486934970861143e-9	3.849994024107183e-6	1.1313351507112494e-8	1.0070881968526277e-9	3.959839181065188e-5
26.0	2.2266040900346583e-8	1.6485623762161367e-9	3.849993874899639e-6	1.1308864072035284e-8	1.0072965633834067e-9	3.959839140980812e-5
27.0	2.2207314592222705e-8	1.6489300737566421e-9	3.849993018822833e-6	1.1302303336747557e-8	1.007152933102413e-9	3.959839188335206e-5
28.0	2.215774149347494e-8	1.6487261827795015e-9	3.849992725929507e-6	1.130698345647064e-8	1.0080064690402402e-9	3.9598391749160275e-5
29.0	2.215391713933461e-8	1.6502759541957686e-9	3.849993802426546e-6	1.1309667650752446e-8	1.0078126949909742e-9	3.959839192595794e-5
30.0	2.2242383791425252e-8	1.6500792713375746e-9	3.849993555516696e-6	1.132056863117918e-8	1.0088324545941184e-9	3.959839197803474e-5
31.0	2.219424459112195e-8	1.6494362233262853e-9	3.8499932276869705e-6	1.1327964617889833e-8	1.0086933632507624e-9	3.9598392035311084e-5
32.0	2.2232399505862123e-8	1.6491705973596002e-9	3.84999348331951e-6	1.1336224429385313e-8	1.0092659646282635e-9	3.959839214971692e-5
33.0	2.2193716111504614e-8	1.6486943933861684e-9	3.849993162907632e-6	1.1340806441620822e-8	1.0095153244583462e-9	3.959839222290625e-5
34.0	2.2194032629523106e-8	1.649235953249132e-9	3.849992589523248e-6	1.1340320696131254e-8	1.0094254719373283e-9	3.959839236415186e-5
35.0	2.2201555324422906e-8	1.6491690942613267e-9	3.849993574962761e-6	1.1339905237312948e-8	1.0102873995369003e-9	3.959839227612212e-5
36.0	2.2196123865537936e-8	1.6522228452006762e-9	3.849993872359553e-6	1.133085753818298e-8	1.009828023489373e-9	3.959839228839512e-5
37.0	2.223423126387385e-8	1.6509301398885035e-9	3.8499932140320015e-6	1.132634959408924e-8	1.0108915740463252e-9	3.959839210567048e-5
38.0	2.2196125650761198e-8	1.650824370965905e-9	3.849993248478949e-6	1.1315010326130489e-8	1.0104969700234844e-9	3.9598392163224165e-5
39.0	2.2215910738252178e-8	1.650997278408371e-9	3.849993328898558e-6	1.1312468616945777e-8	1.011008762049662e-9	3.959839187989959e-5
40.0	2.2198843143274877e-8	1.6496375722137424e-9	3.849993088468159e-6	1.1306441389560751e-8	1.0108132793757012e-9	3.959839196537798e-5
41.0	2.220825187856304e-8	1.6503515733874714e-9	3.849993521839213e-6	1.1310747107611873e-8	1.0103393709310879e-9	3.959839170641354e-5
42.0	2.2198553737500522e-8	1.6504009687477856e-9	3.849993618132769e-6	1.131171422216876e-8	1.0102394506839525e-9	3.9598391816284756e-5
43.0	2.2226448022843334e-8	1.6519698958423123e-9	3.849993176377007e-6	1.1320031793959613e-8	1.0092654239804413e-9	3.959839170481412e-5
44.0	2.2223247445296314e-8	1.654085922939645e-9	3.849993204972424e-6	1.1324957250914739e-8	1.0094708513322522e-9	3.959839182693382e-5
45.0	2.2214400221161326e-8	1.6529688951989782e-9	3.849993329871303e-6	1.133082465664919e-8	1.0086391155341784e-9	3.959839185060212e-5
46.0	2.219621912229809e-8	1.6531927857693717e-9	3.849993531761224e-6	1.1335982520548537e-8	1.0088632510859187e-9	3.959839177946638e-5
47.0	2.2199150568191287e-8	1.6523088559002447e-9	3.849993401553447e-6	1.1335859111187377e-8	1.008544710200521e-9	3.959839192086798e-5
48.0	2.2228184281902092e-8	1.6508060820366464e-9	3.849993028594109e-6	1.133845022072155e-8	1.0086230529660192e-9	3.95983916647174e-5
49.0	2.2227245808002734e-8	1.6515480443961902e-9	3.849993003430224e-6	1.1331421750881517e-8	1.0087935912401374e-9	3.9598391912765095e-5
50.0	2.2226466740718202e-8	1.6520037427543537e-9	3.849993145164829e-6	1.1331179672296393e-8	1.0087226628448305e-9	3.9598391718835174e-5
51.0	2.22095257612242e-8	1.65292763089672e-9	3.84999302389251e-6	1.1321262741363848e-8	1.009141867714099e-9	3.959839209541385e-5
52.0	2.220521164358123e-8	1.654113325238535e-9	3.849993468430568e-6	1.1321552312064057e-8	1.0092397473311196e-9	3.9598392313381674e-5
53.0	2.2217682547342475e-8	1.6534094812329139e-9	3.849993818023331e-6	1.1314816117390323e-8	1.0092376423871735e-9	3.9598392439140764e-5
54.0	2.2234459257497665e-8	1.6549786598788077e-9	3.8499923128488325e-6	1.1318948237307138e-8	1.0095341140736888e-9	3.959839277296184e-5
55.0	2.223842321718906e-8	1.6527078032224577e-9	3.8499924962463564e-6	1.1317084510633672e-8	1.0095483175893354e-9	3.9598392624178025e-5
56.0	2.2219026179414023e-8	1.6541028488054556e-9	3.849993388537647e-6	1.1323081155077033e-8	1.0100443574969303e-9	3.95983931384964e-5
57.0	2.2212869471536657e-8	1.6534794055466017e-9	3.84999375572292e-6	1.1323604402965604e-8	1.010373227644928e-9	3.959839286085179e-5
58.0	2.2221199484412523e-8	1.6539857217228418e-9	3.849993057307153e-6	1.132716598214627e-8	1.010716294725936e-9	3.959839324823514e-5
59.0	2.2245146856873222e-8	1.6555104334660374e-9	3.8499934262089495e-6	1.13289244811452e-8	1.0112045173512e-9	3.959839303732954e-5
60.0	2.2222335561204703e-8	1.655614666686821e-9	3.849993001537828e-6	1.132842709910434e-8	1.011028504407565e-9	3.959839315209775e-5
61.0	2.2220152920426786e-8	1.6545134498058741e-9	3.849992513012648e-6	1.1331246054235425e-8	1.0113614088099758e-9	3.959839311792555e-5
62.0	2.222330816347107e-8	1.6555198105910967e-9	3.849993154542042e-6	1.1325201284366186e-8	1.0107457559277485e-9	3.959839300226657e-5
63.0	2.224134341151475e-8	1.6550792105457502e-9	3.849993878727159e-6	1.1328818096752223e-8	1.0108569643659735e-9	3.9598393205143334e-5
64.0	2.221942498907464e-8	1.6531487566677048e-9	3.849993551492056e-6	1.1321312930377209e-8	1.0105941491353328e-9	3.959839305374057e-5
65.0	2.2238201733484718e-8	1.654881121555126e-9	3.849993121231036e-6	1.1325700802909723e-8	1.0101418901782724e-9	3.959839327728796e-5
66.0	2.222595395494093e-8	1.6565726837499012e-9	3.8499927888943025e-6	1.1321619978026701e-8	1.01049823721413e-9	3.959839319848512e-5
67.0	2.224887341120164e-8	1.655447658300664e-9	3.849993216350067e-6	1.1327116536483374e-8	1.0095644773569117e-9	3.959839329779699e-5
68.0	2.2224870954615734e-8	1.6565958068644263e-9	3.8499930443607e-6	1.132533868371939e-8	1.010278519310566e-9	3.959839330934762e-5
69.0	2.2212307882961328e-8	1.655897692605834e-9	3.84999310113719e-6	1.133095696521844e-8	1.0092939942866194e-9	3.959839315889982e-5
70.0	2.2250321657984316e-8	1.6563539828835546e-9	3.849992891497038e-6	1.1328393785898e-8	1.0097193679999577e-9	3.959839316594036e-5
71.0	2.2249815295966578e-8	1.6553422604055145e-9	3.849992986380029e-6	1.1332026037929595e-8	1.0091816227826395e-9	3.9598392771982035e-5
72.0	2.222494891385618e-8	1.6560944023507625e-9	3.849993191527041e-6	1.1328717281094479e-8	1.0088365531208833e-9	3.9598392662407644e-5
73.0	2.2228532085026163e-8	1.6560096770689903e-9	3.849992895031872e-6	1.1328736552180365e-8	1.0091228555064793e-9	3.9598392401719085e-5
74.0	2.2225094985230206e-8	1.6567213052506572e-9	3.8499929138878e-6	1.1328061349495626e-8	1.0082783798191061e-9	3.959839219151218e-5
75.0	2.2271239536794026e-8	1.6581323973234709e-9	3.849992773870096e-6	1.1323729288738554e-8	1.009302461318307e-9	3.95983923473752e-5
76.0	2.2226795441820953e-8	1.6563553982264586e-9	3.8499924417955905e-6	1.1326681068770946e-8	1.0083610075221376e-9	3.959839198554518e-5
77.0	2.2213713648503943e-8	1.6564774756018325e-9	3.849992963770627e-6	1.132151821675629e-8	1.0094221118460844e-9	3.9598392344931266e-5
78.0	2.2239155710449865e-8	1.6588160253323325e-9	3.849992956942091e-6	1.1326842163796782e-8	1.009096961573547e-9	3.959839193311828e-5
79.0	2.2251610481044474e-8	1.6563458677309125e-9	3.849993319141147e-6	1.1324218802556813e-8	1.0094460599167183e-9	3.959839204100477e-5
80.0	2.2246027544979703e-8	1.6576232035977126e-9	3.849993012382436e-6	1.1329926463459701e-8	1.010224179130396e-9	3.959839173588069e-5
81.0	2.2211893684129218e-8	1.659146472329272e-9	3.849992669075374e-6	1.1328632220769696e-8	1.0096944874689136e-9	3.9598391635328486e-5
82.0	2.2205455782835723e-8	1.6578825094327037e-9	3.849992592474432e-6	1.1332475907728087e-8	1.0109513754131148e-9	3.959839144051621e-5
83.0	2.2244782740715782e-8	1.6577792183771898e-9	3.849993280575105e-6	1.1329330059903233e-8	1.0101362125794375e-9	3.9598391278964466e-5
84.0	2.2252238607227682e-8	1.6588917026025203e-9	3.84999276695319e-6	1.1332199937188233e-8	1.0111046582577788e-9	3.9598391151127644e-5
85.0	2.222636993578182e-8	1.6576485708555463e-9	3.849992893199036e-6	1.13274759249998e-8	1.0106676007797638e-9	3.9598391199083296e-5
86.0	2.2217430954046485e-8	1.6568081247085746e-9	3.849993608390312e-6	1.1328728245967177e-8	1.010936978235941e-9	3.959839107584046e-5
87.0	2.22169621036626e-8	1.6583733169446449e-9	3.849993158803516e-6	1.1325283567617834e-8	1.0113604089893698e-9	3.959839129753364e-5
88.0	2.2253855907692198e-8	1.6585514854096537e-9	3.849992671377143e-6	1.1322800867849446e-8	1.0108311290046209e-9	3.959839133887011e-5
89.0	2.2246894868251245e-8	1.656993503128571e-9	3.849993141419228e-6	1.1323144097125563e-8	1.0118239515657232e-9	3.959839144709886e-5
90.0	2.2224679227989604e-8	1.6606542704250253e-9	3.849993094395242e-6	1.1319432221801094e-8	1.0108389919279041e-9	3.959839154108928e-5
91.0	2.221516589177924e-8	1.6601125783064135e-9	3.849992576554419e-6	1.1323380098235199e-8	1.011530055119888e-9	3.959839133521744e-5
92.0	2.2236538315936415e-8	1.6588112098398992e-9	3.849993224990185e-6	1.1321310810358898e-8	1.0107367918430533e-9	3.959839154480559e-5
93.0	2.2235559837256592e-8	1.6602856168336473e-9	3.849993461575483e-6	1.132645088367752e-8	1.0107539062525359e-9	3.9598391383374504e-5
94.0	2.222468188440029e-8	1.6589582698455472e-9	3.8499931371429796e-6	1.1325801617100812e-8	1.010580440206819e-9	3.9598391651482393e-5
95.0	2.2221749923606802e-8	1.658253956250561e-9	3.849992857393698e-6	1.133015067882471e-8	1.009964679612723e-9	3.9598391659564545e-5
96.0	2.2250201345821416e-8	1.6576432289440663e-9	3.849993194650725e-6	1.132900171823159e-8	1.0102067449657124e-9	3.959839165239676e-5
97.0	2.2242440649466922e-8	1.657748606170403e-9	3.849992922025075e-6	1.1333167060699862e-8	1.009370824718631e-9	3.95983918946664e-5
98.0	2.219120260612155e-8	1.6592318272089098e-9	3.849992870480495e-6	1.133192339768183e-8	1.0097867569801622e-9	3.959839176486195e-5
99.0	2.219196004939137e-8	1.659205134467338e-9	3.849992915161768e-6	1.1333581536052673e-8	1.0091654618696664e-9	3.959839216403343e-5
100.0	2.226942105726524e-8	1.6604163440087778e-9	3.849992577353586e-6	1.1332009075428277e-8	1.0094777174882285e-9	3.959839219881152e-5
101.0	2.226779584967452e-8	1.6583204352184339e-9	3.8499934625248e-6	1.1330532827310672e-8	1.0092469220501923e-9	3.959839258228091e-5
102.0	2.2197763765859363e-8	1.6594608372413566e-9	3.849993457799989e-6	1.1329574010287046e-8	1.0091549853546942e-9	3.959839289954093e-5
103.0	2.2158856200855295e-8	1.6591475861762915e-9	3.849992754568708e-6	1.132671035289065e-8	1.0091832158343756e-9	3.959839284109563e-5
104.0	2.223163890969407e-8	1.6578200854124583e-9	3.849992945830066e-6	1.1327134773144704e-8	1.0087997919978246e-9	3.959839324383094e-5
105.0	2.2312885086018336e-8	1.6595332100777146e-9	3.849992679471494e-6	1.1323884225950374e-8	1.009239470983197e-9	3.959839267615814e-5
106.0	2.2214095659376944e-8	1.6589402503956876e-9	3.849991987556759e-6	1.1325325422017627e-8	1.0089995059941531e-9	3.9598393072644796e-5
107.0	2.214733175263366e-8	1.6612915686340673e-9	3.8499930146949345e-6	1.1322559757260792e-8	1.0095298625774281e-9	3.959839229714242e-5
108.0	2.2197303952237107e-8	1.6623551225571464e-9	3.849994011864062e-6	1.1325072797229364e-8	1.0096300881888514e-9	3.959839291023946e-5
109.0	2.228860459977113e-8	1.661442036948396e-9	3.84999317360315e-6	1.1323145172137427e-8	1.009936096394589e-9	3.9598392210688e-5
110.0	2.2232163155990262e-8	1.662081868239116e-9	3.849992592141609e-6	1.1327395611229402e-8	1.0101837071190777e-9	3.9598392840435796e-5
111.0	2.213324249827177e-8	1.6599552850262236e-9	3.849992650943988e-6	1.1327680044742598e-8	1.0102283300114874e-9	3.959839249646122e-5
112.0	2.216889777843713e-8	1.6594843416166776e-9	3.849992577682961e-6	1.132982590797685e-8	1.0105614629012551e-9	3.959839291830997e-5
113.0	2.227655746961662e-8	1.6594470480920132e-9	3.849992918892883e-6	1.1330667687218402e-8	1.010498863115495e-9	3.959839288707151e-5
114.0	2.222054277373482e-8	1.6584695354726413e-9	3.849993394763025e-6	1.1330762195561883e-8	1.0107251224232174e-9	3.95983927780421e-5
115.0	2.2142246326253788e-8	1.6605617610010433e-9	3.8499932509853884e-6	1.133191316050862e-8	1.010528350746503e-9	3.959839308516744e-5
116.0	2.2177158329681798e-8	1.6609941880526098e-9	3.8499927721579895e-6	1.1330760319748349e-8	1.0105920637900196e-9	3.9598392665568087e-5
117.0	2.2255374447148488e-8	1.6618020566756422e-9	3.8499921862387725e-6	1.1331847008467836e-8	1.0104195579518247e-9	3.959839318069841e-5
118.0	2.2251417443734663e-8	1.6611578509069291e-9	3.849992608708516e-6	1.1329430147208031e-8	1.0102678699643023e-9	3.9598392511321496e-5
119.0	2.2121812501784933e-8	1.6607909111032488e-9	3.849993188555692e-6	1.132980592265091e-8	1.0102713397507755e-9	3.9598392965916706e-5
120.0	2.2192096407464374e-8	1.6608547109391556e-9	3.849992636077489e-6	1.1326526697274975e-8	1.0102849192883047e-9	3.959839239947995e-5
121.0	2.2276797094821222e-8	1.659914986291426e-9	3.849992601338548e-6	1.132678164928094e-8	1.010416650114069e-9	3.9598392508572264e-5
122.0	2.2254789885901422e-8	1.6607880344342116e-9	3.849992935068774e-6	1.132256465623846e-8	1.0103854026547136e-9	3.9598392032197804e-5
123.0	2.2156374636693e-8	1.6610067145280517e-9	3.849992573742995e-6	1.132434043158085e-8	1.0102991123074072e-9	3.959839196818508e-5
124.0	2.216950991782184e-8	1.6628844884115664e-9	3.8499926769600285e-6	1.1322578793408459e-8	1.010032058783371e-9	3.959839161929149e-5
125.0	2.2301169217673773e-8	1.6628510366952358e-9	3.849993175471623e-6	1.1324355674134704e-8	1.00997669128969e-9	3.9598391812113105e-5
126.0	2.2278292930171074e-8	1.6622968705090036e-9	3.849992620350529e-6	1.1324936510914528e-8	1.0096992253383978e-9	3.959839138251611e-5
127.0	2.2169738226713485e-8	1.6630990053540362e-9	3.849992268036304e-6	1.1326648615474258e-8	1.0098968981937217e-9	3.959839177854288e-5
128.0	2.217654666596773e-8	1.6608649991100568e-9	3.849992817984682e-6	1.132907812099901e-8	1.0098345106780847e-9	3.9598391303859584e-5
129.0	2.2269330292394812e-8	1.662432108869606e-9	3.849993102983914e-6	1.1330230615859228e-8	1.010052110451789e-9	3.959839150533001e-5
130.0	2.231566079091568e-8	1.661797528064182e-9	3.849993105732628e-6	1.1332199780444513e-8	1.010198806506481e-9	3.959839114528188e-5
131.0	2.2190418285666467e-8	1.6620734693051265e-9	3.849993072488328e-6	1.1331883130736415e-8	1.0101024586095632e-9	3.959839118563757e-5
132.0	2.2184002219357293e-8	1.6625362171758545e-9	3.849992679380675e-6	1.1332292779017092e-8	1.0103915444880726e-9	3.959839108408084e-5
133.0	2.2235305179588238e-8	1.6632095166008264e-9	3.849991949394219e-6	1.1329832088844317e-8	1.0101106920834454e-9	3.959839112791164e-5
134.0	2.2271862523736825e-8	1.6635316382351777e-9	3.849992466356971e-6	1.1328980700413958e-8	1.0103146727733709e-9	3.9598391314913696e-5
135.0	2.2263396213087466e-8	1.6636654286273025e-9	3.849993247525117e-6	1.1324839692574951e-8	1.0102562876985048e-9	3.9598391242676205e-5
136.0	2.2187745536572834e-8	1.6636813468093628e-9	3.849992754255133e-6	1.1324537760582396e-8	1.0102657226123092e-9	3.959839140342191e-5
137.0	2.2224947575532492e-8	1.663481019485796e-9	3.849993111548199e-6	1.132157310864091e-8	1.010572065172285e-9	3.959839127253831e-5
138.0	2.2225551458911114e-8	1.6636813909831629e-9	3.849992778434589e-6	1.1322066564576775e-8	1.0105272424909938e-9	3.959839136816718e-5
139.0	2.2256225396230366e-8	1.662217190605077e-9	3.84999178271355e-6	1.1322222561317056e-8	1.0109158721688062e-9	3.9598391328344196e-5
140.0	2.2241548327237305e-8	1.6647197337999735e-9	3.849991869726839e-6	1.1323875269872255e-8	1.0106769480397562e-9	3.959839141222207e-5
141.0	2.2204844723924007e-8	1.6630808780048172e-9	3.84999288630653e-6	1.132616371394785e-8	1.0108184247170713e-9	3.9598391346881485e-5
142.0	2.2211989942116032e-8	1.6633770301771321e-9	3.849993216824474e-6	1.1328186144545665e-8	1.0104424483886348e-9	3.959839139273108e-5
143.0	2.2231723574483885e-8	1.664567754894045e-9	3.84999252581593e-6	1.1330391688063366e-8	1.010213985250188e-9	3.95983913576065e-5
144.0	2.2241724455747883e-8	1.6635985194124397e-9	3.849992800632359e-6	1.1331881179474944e-8	1.01020575015408e-9	3.9598391470465e-5
145.0	2.2219128692387683e-8	1.6648829134791747e-9	3.849992385524912e-6	1.1332640609901962e-8	1.0098547246374763e-9	3.959839145947305e-5
146.0	2.2225470284640042e-8	1.6642796006289648e-9	3.849992099582976e-6	1.1332104622593263e-8	1.0101473772015735e-9	3.959839146464748e-5
147.0	2.224029996820556e-8	1.6646563119354014e-9	3.849992478220215e-6	1.1331678233504936e-8	1.0096735202226616e-9	3.9598391416215326e-5
148.0	2.2225395914993487e-8	1.6661296065703132e-9	3.849993410545641e-6	1.1328966358083143e-8	1.010050326520165e-9	3.9598391448613686e-5
149.0	2.2197745569754336e-8	1.66470742730234e-9	3.849993105979966e-6	1.132742935109353e-8	1.0097383949005545e-9	3.959839135434442e-5
150.0	2.222664339836504e-8	1.6665066168608774e-9	3.84999210131473e-6	1.1324719891244133e-8	1.00999788191736e-9	3.959839162533192e-5
151.0	2.226848882759387e-8	1.6650720671913374e-9	3.849992141582893e-6	1.1323191730819006e-8	1.0100151618212827e-9	3.959839141809584e-5
152.0	2.2255383584252506e-8	1.6652042715420526e-9	3.849992427285591e-6	1.1323117593348974e-8	1.010012975109644e-9	3.959839215289994e-5
153.0	2.2183265730580974e-8	1.664856418587429e-9	3.849992915152051e-6	1.1323008247795172e-8	1.0101876043262936e-9	3.959839179139854e-5
154.0	2.2204573193397586e-8	1.6646386224433679e-9	3.849993377138534e-6	1.1324853996086574e-8	1.0098564660705563e-9	3.959839263094624e-5
155.0	2.232167569401263e-8	1.6660028211744461e-9	3.849992765170602e-6	1.1326890358574139e-8	1.010388313351711e-9	3.959839219497048e-5
156.0	2.2280038690565607e-8	1.6647325621389486e-9	3.849992640554734e-6	1.1327968980767309e-8	1.0100381173706131e-9	3.959839299825096e-5
157.0	2.2209358362634934e-8	1.6666664106667555e-9	3.849991698723882e-6	1.1329787882289974e-8	1.0104488747335713e-9	3.9598392593538715e-5
158.0	2.2178295019363974e-8	1.6663542225202455e-9	3.849991611708633e-6	1.1330092347858365e-8	1.0104474513531153e-9	3.9598393082622166e-5
159.0	2.2285554640925163e-8	1.666777529827194e-9	3.849992579564444e-6	1.1329933855017352e-8	1.0104686200097861e-9	3.959839274564484e-5
160.0	2.2338763783316637e-8	1.6675857120050928e-9	3.8499933751603465e-6	1.1330409857116703e-8	1.0106777280737034e-9	3.959839294953575e-5
161.0	2.2210521860047154e-8	1.667405586533209e-9	3.84999333356361e-6	1.1328594418274344e-8	1.0104845926745073e-9	3.959839295032643e-5
162.0	2.218785885277987e-8	1.6665462450471893e-9	3.849992369426393e-6	1.1327897373393148e-8	1.0107911785984534e-9	3.959839282782437e-5
163.0	2.2226012588962837e-8	1.6658837869550067e-9	3.849992213486005e-6	1.1325732981878335e-8	1.0104784728596445e-9	3.959839313246391e-5
164.0	2.2305019220239475e-8	1.6671877936903474e-9	3.8499918661800465e-6	1.1324332442857986e-8	1.0109046466649543e-9	3.959839274932227e-5
165.0	2.2241106179204505e-8	1.667845601513285e-9	3.8499917260865806e-6	1.132407206625756e-8	1.0103441428759143e-9	3.959839316307592e-5
166.0	2.219408699865806e-8	1.6679599529937473e-9	3.849992655716759e-6	1.1323624100730948e-8	1.0103320655974312e-9	3.959839265662671e-5
167.0	2.2207085360927894e-8	1.6676000139573728e-9	3.849993111996448e-6	1.1325552880709807e-8	1.00994075272144e-9	3.959839283018215e-5
168.0	2.224814114303375e-8	1.66709168796918e-9	3.849993396232151e-6	1.1326666430258712e-8	1.0096145005032968e-9	3.959839253027004e-5
169.0	2.2246496394361648e-8	1.6674175755463229e-9	3.849992349699923e-6	1.1328364406990251e-8	1.0098155673739272e-9	3.9598392593954026e-5
170.0	2.220578447826784e-8	1.6668430329440382e-9	3.8499917910035185e-6	1.1329486324261854e-8	1.0096875132233232e-9	3.9598392614431325e-5
171.0	2.2217150232611547e-8	1.6675167136042582e-9	3.849992081038831e-6	1.1330410180093744e-8	1.010387829987046e-9	3.9598392563794544e-5
172.0	2.2241025315728135e-8	1.6673623585301673e-9	3.8499927410100604e-6	1.132993912170044e-8	1.009991765441501e-9	3.95983924599586e-5
173.0	2.2232741983589443e-8	1.667676545277193e-9	3.8499927608956005e-6	1.1330606501419597e-8	1.0104046196581306e-9	3.959839233560173e-5
174.0	2.221454183744457e-8	1.670093947449952e-9	3.849992637303419e-6	1.1328695613041747e-8	1.0098407882295211e-9	3.959839208194762e-5
175.0	2.222119236509091e-8	1.670078729407305e-9	3.849992608491989e-6	1.1328145355581136e-8	1.0098440344057268e-9	3.959839197945595e-5
176.0	2.225593488026079e-8	1.668436088089279e-9	3.849991824495191e-6	1.1325458680246978e-8	1.0099532700720972e-9	3.959839172237725e-5
177.0	2.2247086749015117e-8	1.6691623507661061e-9	3.849991787518734e-6	1.1324864501819925e-8	1.0099425053514172e-9	3.959839155865684e-5
178.0	2.2199733684919422e-8	1.6684796074083496e-9	3.849992317242745e-6	1.1324161571054485e-8	1.0107712779555693e-9	3.959839166454987e-5
179.0	2.2204591418294825e-8	1.6691353844220163e-9	3.849993643424295e-6	1.1325905885455407e-8	1.0104937098544748e-9	3.959839140467572e-5
180.0	2.226766171863092e-8	1.670356306242818e-9	3.849992555959418e-6	1.1326609015611251e-8	1.0112713011418945e-9	3.95983916705856e-5
181.0	2.22848752406549e-8	1.6696749381262026e-9	3.849991758014838e-6	1.1329063303280291e-8	1.010809513032424e-9	3.959839144813631e-5
182.0	2.2228176977913264e-8	1.6683912734994607e-9	3.849991873207375e-6	1.132833677966453e-8	1.0109915690967e-9	3.959839162932769e-5
183.0	2.2185748526619372e-8	1.670262819801216e-9	3.849992407606771e-6	1.1329756322656407e-8	1.0107618925104945e-9	3.959839147842978e-5
184.0	2.2253385726102018e-8	1.6695326132584511e-9	3.84999218656314e-6	1.1328705796512462e-8	1.0104157739763235e-9	3.959839145728436e-5
185.0	2.2326497048787613e-8	1.6684456905092918e-9	3.849992544849489e-6	1.1329261735312971e-8	1.0106638186772211e-9	3.9598391377788864e-5
186.0	2.2257532927560267e-8	1.670930816796755e-9	3.849992812375286e-6	1.1329096125900917e-8	1.0101426527062378e-9	3.9598391186353956e-5
187.0	2.2178356441038468e-8	1.6694613043440274e-9	3.849992377169654e-6	1.1328060419732835e-8	1.0105530703927663e-9	3.959839126491801e-5
188.0	2.222624112993315e-8	1.6704529449090568e-9	3.849991569652974e-6	1.132702058865922e-8	1.0102204324934165e-9	3.9598391234173614e-5
189.0	2.229610890910129e-8	1.6712789205724208e-9	3.849992541168163e-6	1.1325195797648911e-8	1.0103046167521434e-9	3.959839137522721e-5
190.0	2.2303118210254332e-8	1.672200733268484e-9	3.849992442544387e-6	1.132465372986757e-8	1.01032170511007e-9	3.9598391317594914e-5
191.0	2.220146792495637e-8	1.6709261357424721e-9	3.849991730734263e-6	1.1324533504780904e-8	1.0099580005409491e-9	3.959839133882178e-5
192.0	2.220114766127257e-8	1.6700606967157546e-9	3.8499918297467615e-6	1.1326129392258853e-8	1.0101498008760327e-9	3.9598391228752475e-5
193.0	2.227592797209038e-8	1.671800626381711e-9	3.849992443199915e-6	1.1327013390321158e-8	1.0097197715927134e-9	3.95983913589833e-5
194.0	2.2294870575342805e-8	1.6706567565333991e-9	3.849992291367867e-6	1.132983175197832e-8	1.0101387221869963e-9	3.9598391286405725e-5
195.0	2.223021631547399e-8	1.6709623758527832e-9	3.849992682795706e-6	1.1329078863240056e-8	1.0098944211881787e-9	3.9598391401909265e-5
196.0	2.2215225542049602e-8	1.6713520362711414e-9	3.849992119974245e-6	1.1331557093034932e-8	1.0103187433308763e-9	3.959839144796351e-5
197.0	2.2234044119682172e-8	1.6708322274643497e-9	3.849991787683579e-6	1.1331014815242365e-8	1.0104686442771382e-9	3.9598391712135536e-5
198.0	2.224906718526898e-8	1.6722511280208858e-9	3.849992094408753e-6	1.1332514874186584e-8	1.0102018392548763e-9	3.9598391725489315e-5
199.0	2.222393050319562e-8	1.6725849224428379e-9	3.849992148028822e-6	1.1331245299882977e-8	1.0103823394971553e-9	3.959839195351639e-5
200.0	2.2250493535741085e-8	1.6725585212029844e-9	3.849993044633034e-6	1.1331149919595674e-8	1.0098961843042529e-9	3.959839183137444e-5
201.0	2.2273650326790452e-8	1.6737395466555664e-9	3.849992794219628e-6	1.132869194900494e-8	1.0102225929911095e-9	3.95983920948222e-5
202.0	2.2212067411533494e-8	1.6719143730727157e-9	3.849992018200914e-6	1.1327472044645554e-8	1.0101466664006674e-9	3.9598392083257127e-5
203.0	2.2198172160112454e-8	1.6722867558355783e-9	3.849991491513763e-6	1.1325526989023814e-8	1.0105070839253464e-9	3.959839226796642e-5
204.0	2.2252262112603892e-8	1.6718626105942307e-9	3.849992280345087e-6	1.1325565592000615e-8	1.0108409838383972e-9	3.95983924642488e-5
205.0	2.2329556711385987e-8	1.6724375181846268e-9	3.84999208760704e-6	1.1325298308569483e-8	1.0105538732923625e-9	3.9598392309187844e-5
206.0	2.2242705111101273e-8	1.6718208436488088e-9	3.849993103528232e-6	1.13251406172575e-8	1.010886695177634e-9	3.959839252125679e-5
207.0	2.218017379524478e-8	1.6729939265864508e-9	3.84999290914763e-6	1.132595101380087e-8	1.010180633917983e-9	3.959839215512772e-5
208.0	2.2211537641267533e-8	1.6725126462958673e-9	3.8499918421155745e-6	1.132509696839017e-8	1.0104844690528888e-9	3.959839227043677e-5
209.0	2.230681120366387e-8	1.6736908524377808e-9	3.849991759243457e-6	1.1326545986909735e-8	1.0103564799583623e-9	3.9598392189879615e-5
210.0	2.2268199399110607e-8	1.6737122639441776e-9	3.849992376401583e-6	1.1325833304717052e-8	1.010577779655079e-9	3.9598392116607924e-5
211.0	2.2199848013220697e-8	1.672298178028312e-9	3.849992174278266e-6	1.1327111286458043e-8	1.010968095557283e-9	3.959839242355608e-5
212.0	2.2200763747926134e-8	1.6721958171838273e-9	3.849992269054209e-6	1.132724228420194e-8	1.0107474373253605e-9	3.959839208956308e-5
213.0	2.22543880840708e-8	1.6714702662029554e-9	3.849992997068116e-6	1.1327876785180504e-8	1.0109608049305058e-9	3.9598392480506045e-5
214.0	2.223864239912199e-8	1.673732404156171e-9	3.849992030220325e-6	1.1328653535623071e-8	1.0105158230183898e-9	3.959839218422921e-5
215.0	2.2219395850985066e-8	1.6730649816138574e-9	3.8499922936631255e-6	1.1328485418073569e-8	1.01066985242676e-9	3.95983923351825e-5
216.0	2.224803376982137e-8	1.6755370019150725e-9	3.849992236901532e-6	1.132905271446785e-8	1.0106482118917152e-9	3.959839242232509e-5
217.0	2.2225038607617706e-8	1.6738096962828587e-9	3.84999222353405e-6	1.13293387566099e-8	1.0107270691815168e-9	3.959839220979884e-5
218.0	2.221462046127995e-8	1.674612359945643e-9	3.849992090812942e-6	1.1329900611669539e-8	1.0112477561660104e-9	3.959839260454149e-5
219.0	2.2187183692265222e-8	1.673340388984102e-9	3.849992125136931e-6	1.1330216636793625e-8	1.0109491197131963e-9	3.959839202219012e-5
220.0	2.229292763218244e-8	1.6731478473911781e-9	3.849992215191055e-6	1.133031710559333e-8	1.0112833164961737e-9	3.959839241158887e-5
221.0	2.2293152802603914e-8	1.6726617113645257e-9	3.8499924291482316e-6	1.1329571331737117e-8	1.0111428920012865e-9	3.9598391856499685e-5
222.0	2.2201069760377424e-8	1.6730702840977923e-9	3.8499926839155395e-6	1.1328564177967105e-8	1.011158547560108e-9	3.959839208779138e-5
223.0	2.2184498265534792e-8	1.6744679591814048e-9	3.849991891678246e-6	1.132739048016226e-8	1.011261712339253e-9	3.959839181387002e-5
224.0	2.2252046713198077e-8	1.6747412159335762e-9	3.849991558342862e-6	1.1325425747337575e-8	1.0110275084026237e-9	3.959839173431702e-5
225.0	2.23428301190553e-8	1.6757532219599722e-9	3.849992447735079e-6	1.132458969275285e-8	1.0112292265176378e-9	3.959839177266353e-5
226.0	2.2251066703510497e-8	1.6743269361924206e-9	3.849992374923378e-6	1.1322568908478173e-8	1.0107321701156657e-9	3.959839145617223e-5
227.0	2.2189185991522316e-8	1.674103346826897e-9	3.849992289125314e-6	1.132373219463427e-8	1.0105671943798052e-9	3.9598391549223684e-5
228.0	2.223125540612534e-8	1.6736687700182428e-9	3.8499928668584e-6	1.1323283359640466e-8	1.0104695198729987e-9	3.959839133988378e-5
229.0	2.2290628683381505e-8	1.6740115191903253e-9	3.849992185440976e-6	1.1327260657085289e-8	1.0101381031789494e-9	3.9598391329273486e-5
230.0	2.2286858382912653e-8	1.6738424982458471e-9	3.849991132845274e-6	1.1328318983672655e-8	1.0106141491106373e-9	3.959839121311508e-5
231.0	2.2227663166151707e-8	1.6752995824727592e-9	3.8499922688279975e-6	1.1332373174907102e-8	1.010120476449111e-9	3.9598391190566996e-5
232.0	2.221205745279544e-8	1.6759456082242853e-9	3.849992758480221e-6	1.1333453172250883e-8	1.01071463799589e-9	3.959839106714655e-5
233.0	2.2248352314581358e-8	1.6757083113044792e-9	3.849992682697269e-6	1.1336221707324118e-8	1.0103044831217199e-9	3.959839092148315e-5
234.0	2.226523773225318e-8	1.6756003154553354e-9	3.849992431205812e-6	1.1335315616945397e-8	1.010348286422898e-9	3.9598390959494226e-5
235.0	2.226906197425548e-8	1.6753069150895608e-9	3.849992101620159e-6	1.1335007049826461e-8	1.0102348866789166e-9	3.959839088244589e-5
236.0	2.2252122160463823e-8	1.674687768144737e-9	3.849991895583584e-6	1.1332716354499973e-8	1.0098895771280536e-9	3.959839097627031e-5
237.0	2.221534022641059e-8	1.6761730021305531e-9	3.8499919209891624e-6	1.1329754598979824e-8	1.0103263246258166e-9	3.959839101437471e-5
238.0	2.2244743544233524e-8	1.6747652796991927e-9	3.8499923280449526e-6	1.132723156944388e-8	1.0097728282625424e-9	3.959839107797677e-5
239.0	2.2267145752074965e-8	1.6763652211302466e-9	3.849993019774637e-6	1.1323857581338205e-8	1.0106303386838118e-9	3.959839132990111e-5
240.0	2.2293591640991018e-8	1.677276786378295e-9	3.849992469121882e-6	1.1323800839341362e-8	1.0103169627727158e-9	3.959839126682013e-5
241.0	2.221957875592044e-8	1.6756955116018433e-9	3.849992034423236e-6	1.132149569497606e-8	1.0109489171173494e-9	3.9598391599476386e-5
242.0	2.2215116782225935e-8	1.6762863749225675e-9	3.84999214180227e-6	1.1324602873033966e-8	1.0109354083601073e-9	3.959839129516458e-5
243.0	2.2264456646354285e-8	1.6769566043000018e-9	3.849992255548809e-6	1.1324305984779572e-8	1.0110287564729346e-9	3.9598391714773746e-5
244.0	2.224912449555274e-8	1.6768147339466376e-9	3.849991795129315e-6	1.1329106381258384e-8	1.0113456547654072e-9	3.959839134545586e-5
245.0	2.2240857156134597e-8	1.6765188887025454e-9	3.849992278735117e-6	1.1329142541047831e-8	1.0107767267750379e-9	3.959839166857806e-5
246.0	2.2211909607239794e-8	1.67800647712158e-9	3.849992667045406e-6	1.133314136314376e-8	1.0114540565280353e-9	3.959839134289728e-5
247.0	2.2278649964276827e-8	1.6768085045021202e-9	3.849991981199716e-6	1.1331791200708624e-8	1.0107451686225441e-9	3.959839163242969e-5
248.0	2.222746273206899e-8	1.6768339118290962e-9	3.849992047622883e-6	1.133454560105655e-8	1.0112768086885764e-9	3.959839148230808e-5
249.0	2.2208840777153625e-8	1.6770572657955338e-9	3.849992553953429e-6	1.133187449760127e-8	1.0110236057550295e-9	3.959839161664399e-5
250.0	2.2259254433600797e-8	1.6773416988322007e-9	3.849991890826769e-6	1.1331909766055588e-8	1.011097927439557e-9	3.959839168558363e-5
251.0	2.2301987155842603e-8	1.6766140278675547e-9	3.8499915847993284e-6	1.1328674314515384e-8	1.0112593264167452e-9	3.959839174118428e-5
252.0	2.224330002308684e-8	1.6774978577135227e-9	3.849992417126321e-6	1.132650999843524e-8	1.010786883077466e-9	3.959839213510149e-5
253.0	2.217538116053124e-8	1.678963073150424e-9	3.849992458569409e-6	1.1325306054798241e-8	1.0110400731034023e-9	3.959839208628741e-5
254.0	2.2259814498514937e-8	1.6777176259560785e-9	3.849991959596042e-6	1.1323419315424365e-8	1.010274289663275e-9	3.959839249800081e-5
255.0	2.2357973392556085e-8	1.680036339589283e-9	3.849992139476444e-6	1.1325607997039682e-8	1.0105009390158092e-9	3.9598392271180974e-5
256.0	2.2291325251983486e-8	1.6796442808213852e-9	3.849992644202211e-6	1.1325427755870036e-8	1.0098422706499405e-9	3.959839278315118e-5
257.0	2.2173190599781102e-8	1.677242631330614e-9	3.849992163384767e-6	1.1329562866493457e-8	1.0100213271410114e-9	3.959839256184357e-5
258.0	2.2239037680859334e-8	1.678684944733507e-9	3.849991726400986e-6	1.132999908324811e-8	1.0099188048720287e-9	3.959839301770267e-5
259.0	2.2335087754170643e-8	1.6777366894840157e-9	3.849992590268401e-6	1.1334018443826729e-8	1.0098333992873523e-9	3.959839293472079e-5
260.0	2.2321995417234733e-8	1.678665223756982e-9	3.849992247738948e-6	1.1332419226829805e-8	1.010171677153225e-9	3.959839331012388e-5
261.0	2.220744215180687e-8	1.678103843482552e-9	3.849992068144115e-6	1.133545946961729e-8	1.0097112172320563e-9	3.95983931092706e-5
262.0	2.221510513050739e-8	1.6814428958146262e-9	3.8499920377119255e-6	1.1331320956578716e-8	1.0101421980188558e-9	3.959839335969645e-5
263.0	2.2286883956507666e-8	1.6806947234310073e-9	3.8499926922002485e-6	1.1333573844262943e-8	1.0098775033056766e-9	3.959839294353265e-5
264.0	2.228583336622781e-8	1.6817996094338303e-9	3.8499918693484884e-6	1.132810322300462e-8	1.0102297009545776e-9	3.959839319063989e-5
265.0	2.223626535850189e-8	1.682077874528648e-9	3.849992119816657e-6	1.1328364764774394e-8	1.010170899281875e-9	3.95983927562504e-5
266.0	2.225489066642611e-8	1.6804486712770415e-9	3.849991988250903e-6	1.1325530340718623e-8	1.0104119040191194e-9	3.959839300555641e-5
267.0	2.2268975813668466e-8	1.6793979666242166e-9	3.8499922691819336e-6	1.1324816805016915e-8	1.0105128575588736e-9	3.959839266684308e-5
268.0	2.2255295463261286e-8	1.6783668039626353e-9	3.849992452892482e-6	1.1325864582042215e-8	1.0104548037680267e-9	3.959839279277091e-5
269.0	2.222798635979665e-8	1.6790887762621964e-9	3.849992018297329e-6	1.132659923058743e-8	1.0108387995917709e-9	3.9598392558958555e-5
270.0	2.2303016074543822e-8	1.678956254614067e-9	3.849992189196166e-6	1.1328948218492096e-8	1.010692565795407e-9	3.959839255439944e-5
271.0	2.2307992157838963e-8	1.680374587984944e-9	3.849991995949659e-6	1.1330564848317604e-8	1.011195864834715e-9	3.959839227050892e-5
272.0	2.226111582679806e-8	1.679914928449102e-9	3.8499926030831955e-6	1.1331906294925196e-8	1.0111209575443738e-9	3.959839237194394e-5
273.0	2.2188528215444027e-8	1.6809993254920234e-9	3.849992292555066e-6	1.1331628569810468e-8	1.0112181863238538e-9	3.959839216661952e-5
274.0	2.2293916773572606e-8	1.6805869940452971e-9	3.849992197625044e-6	1.1332665665553993e-8	1.0111587429146633e-9	3.959839222808822e-5
275.0	2.233148552143401e-8	1.680544529844336e-9	3.849991686154004e-6	1.1329541871358123e-8	1.0108193162707006e-9	3.959839199364777e-5
276.0	2.229169979714793e-8	1.6797158162994614e-9	3.849992045415884e-6	1.1330543109925892e-8	1.0110061084441531e-9	3.959839182246241e-5
277.0	2.2223194539894366e-8	1.6787046170088009e-9	3.849991800014755e-6	1.1326936182176455e-8	1.0109066405435064e-9	3.959839183242079e-5
278.0	2.2242167707968367e-8	1.6793871429071523e-9	3.849992130565404e-6	1.1327251741440313e-8	1.0111363926347846e-9	3.9598391545714914e-5
279.0	2.2298091861978742e-8	1.679860898244543e-9	3.84999334524728e-6	1.1324910357934746e-8	1.0111824484338185e-9	3.959839175856952e-5
280.0	2.2304621712389257e-8	1.680262721427977e-9	3.849992097647661e-6	1.1325230750648465e-8	1.0111175181158247e-9	3.959839132602144e-5
281.0	2.226780924850705e-8	1.6812723366832196e-9	3.8499915783397815e-6	1.1325774595390504e-8	1.0107747141614864e-9	3.9598391643531044e-5
282.0	2.2253783290485084e-8	1.6827453385037036e-9	3.849991651741064e-6	1.1327164005620726e-8	1.0104851553407758e-9	3.9598391322491456e-5
283.0	2.226720131752476e-8	1.6824429027269811e-9	3.8499924210566605e-6	1.1329366288615478e-8	1.0101002126294479e-9	3.959839156150069e-5
284.0	2.224846445867695e-8	1.6829485010574284e-9	3.84999226974559e-6	1.1331433562716912e-8	1.009896669667974e-9	3.959839141695574e-5
285.0	2.2309202514526272e-8	1.681590771131212e-9	3.849992687025747e-6	1.13330892076521e-8	1.0097979747677975e-9	3.9598391449478805e-5
286.0	2.228852379029581e-8	1.681421335359502e-9	3.84999267533989e-6	1.1333735086152129e-8	1.0098854124214173e-9	3.959839138827037e-5
287.0	2.2273158749043412e-8	1.680865689618336e-9	3.849992040714698e-6	1.1333930701281061e-8	1.0100474235770213e-9	3.95983913748948e-5
288.0	2.224190301237082e-8	1.6802597381640038e-9	3.849991803108036e-6	1.1332636962984508e-8	1.01023843604436e-9	3.95983913234848e-5
289.0	2.2267110288327877e-8	1.6808478696915732e-9	3.849992439386011e-6	1.1331483187951616e-8	1.0106034566265923e-9	3.959839148785937e-5
290.0	2.2318418527691103e-8	1.6817258678914913e-9	3.849992347639974e-6	1.1329497110728297e-8	1.010530768350022e-9	3.959839140643296e-5
291.0	2.226864062042212e-8	1.6825697338339488e-9	3.849992461202219e-6	1.1327945623602692e-8	1.0108253029906319e-9	3.9598391792980596e-5
292.0	2.2255123153910303e-8	1.6831641366096843e-9	3.849992212214124e-6	1.1325730689596867e-8	1.0104350334007038e-9	3.959839147704549e-5
293.0	2.226330107579489e-8	1.6844391791248904e-9	3.849991967567449e-6	1.132495233183529e-8	1.010494728284286e-9	3.9598392043768376e-5
294.0	2.227084317402268e-8	1.6831734722299086e-9	3.849992563920117e-6	1.1324370831316276e-8	1.0103478102672812e-9	3.959839157163674e-5
295.0	2.2273131233542312e-8	1.68292443913078e-9	3.849992402583405e-6	1.1324686925446296e-8	1.0104299185685235e-9	3.9598391990091614e-5
296.0	2.2252017614806095e-8	1.6814773722040738e-9	3.849992815126898e-6	1.1326039041949174e-8	1.0108158964980308e-9	3.959839169864166e-5
297.0	2.2285512538122022e-8	1.6816408060135255e-9	3.8499919482466945e-6	1.1326739818265274e-8	1.0109798469258504e-9	3.9598391995986306e-5
298.0	2.2283833977331118e-8	1.6798536927703909e-9	3.849992466767706e-6	1.1330125179929916e-8	1.011500503585769e-9	3.959839196434267e-5
299.0	2.2245170302165567e-8	1.6831382717026504e-9	3.8499920628957354e-6	1.1329720109129569e-8	1.0111868752428804e-9	3.959839201630546e-5
300.0	2.225187715512633e-8	1.6822371492116831e-9	3.849992262378762e-6	1.133179695244876e-8	1.0112365020912675e-9	3.95983921773477e-5
301.0	2.2304754826465778e-8	1.6832684158089603e-9	3.849992738997093e-6	1.133109300187648e-8	1.010804203220964e-9	3.959839221657221e-5
302.0	2.2288289664421363e-8	1.684858594390964e-9	3.849992191867974e-6	1.1330854514340604e-8	1.0104640804701819e-9	3.959839247431988e-5
303.0	2.223582465926605e-8	1.6834961008361436e-9	3.849992334582653e-6	1.1331240352540027e-8	1.010394038954225e-9	3.9598392417787226e-5
304.0	2.2237650407797525e-8	1.683489814917555e-9	3.849991845988058e-6	1.133086564511514e-8	1.0100698694234992e-9	3.959839268101452e-5
305.0	2.2329626290359684e-8	1.684108112970888e-9	3.849992693260307e-6	1.1330670264317928e-8	1.0103128125350452e-9	3.959839257219974e-5
306.0	2.2308299890722344e-8	1.6822786996756128e-9	3.849992647199859e-6	1.1331890521964749e-8	1.0101094093245479e-9	3.959839283056654e-5
307.0	2.222726775162692e-8	1.6831778566930299e-9	3.84999281853336e-6	1.1330032875707312e-8	1.0102762479592178e-9	3.959839278301901e-5
308.0	2.223959707526615e-8	1.6838059681183044e-9	3.849991958588856e-6	1.1330833736260027e-8	1.0100753251329658e-9	3.959839302428072e-5
309.0	2.230584887089478e-8	1.6855348064523274e-9	3.84999213532951e-6	1.132967143648217e-8	1.0100452087051708e-9	3.9598393154644544e-5
310.0	2.2337968452557906e-8	1.6857022486892498e-9	3.849992397369059e-6	1.1328053477867057e-8	1.009931603332231e-9	3.9598393189691786e-5
311.0	2.224054624015671e-8	1.6864375070864179e-9	3.849992367169852e-6	1.132968154534425e-8	1.0095669185320441e-9	3.9598393281866054e-5
312.0	2.2232244227080588e-8	1.6849569047383455e-9	3.849992684931046e-6	1.1326746399587207e-8	1.0097251725583912e-9	3.959839304462736e-5
313.0	2.2287537569914494e-8	1.6845690912305012e-9	3.849993381623401e-6	1.1328252919965386e-8	1.00946274063424e-9	3.959839308077423e-5
314.0	2.2310618863702405e-8	1.6845403998461163e-9	3.849992406335497e-6	1.1326346707116565e-8	1.0099571478211833e-9	3.9598392876579545e-5
315.0	2.226129120871678e-8	1.6847616772903965e-9	3.849991958698218e-6	1.1327387693729606e-8	1.0099882214036815e-9	3.9598393021719454e-5
316.0	2.2249102628457702e-8	1.6854478644778421e-9	3.849992841502634e-6	1.1328402835234203e-8	1.0104513038364949e-9	3.9598392963934724e-5
317.0	2.229261566365389e-8	1.6851185976277718e-9	3.8499926715966405e-6	1.1330339054729752e-8	1.0106366305800873e-9	3.959839309579024e-5
318.0	2.2270003711395266e-8	1.6866385464673275e-9	3.8499921431889175e-6	1.1332155938588509e-8	1.0106796217892438e-9	3.959839306257148e-5
319.0	2.2237939961635923e-8	1.687164580776175e-9	3.849992671565486e-6	1.1335148019533704e-8	1.010923015738233e-9	3.95983930575414e-5
320.0	2.2263030064702043e-8	1.6865091100817635e-9	3.8499928119240035e-6	1.1333768640912578e-8	1.0107773240885796e-9	3.9598392811255334e-5
321.0	2.233243033938409e-8	1.6856441850569197e-9	3.84999252575469e-6	1.1335320304511349e-8	1.011230811744089e-9	3.959839277232347e-5
322.0	2.229711687303632e-8	1.686363908461925e-9	3.849992781022921e-6	1.1332034661915668e-8	1.0111896453300683e-9	3.959839238716698e-5
323.0	2.222632904697832e-8	1.686140484028774e-9	3.849993023330356e-6	1.1330534231902395e-8	1.011361301902103e-9	3.9598392271833054e-5
324.0	2.225286680153039e-8	1.6854257821299389e-9	3.8499920335496776e-6	1.1328995959179736e-8	1.0115405772453979e-9	3.959839209729026e-5
325.0	2.2329048313974745e-8	1.6873311945943246e-9	3.8499919902821775e-6	1.132579850833621e-8	1.011211287228501e-9	3.959839176625486e-5
326.0	2.234162014380256e-8	1.6876295223957616e-9	3.849992328680411e-6	1.132531619820486e-8	1.0115489926045018e-9	3.9598391909967535e-5
327.0	2.224601334802664e-8	1.6863347577666543e-9	3.8499928397212e-6	1.1322736569449502e-8	1.01107922654305e-9	3.959839142799369e-5
328.0	2.227056710538047e-8	1.6875626625353404e-9	3.849992545461811e-6	1.1322929996443342e-8	1.0114173570658374e-9	3.959839171228628e-5
329.0	2.2277272068256263e-8	1.6877605852952834e-9	3.8499929370466195e-6	1.1324015177768824e-8	1.0112043609637702e-9	3.9598391297397746e-5
330.0	2.232214444487212e-8	1.6876332839551174e-9	3.849992361592783e-6	1.1326092262193422e-8	1.0111268947145957e-9	3.959839153600408e-5
331.0	2.2287532330824626e-8	1.6866623474418554e-9	3.8499921195311094e-6	1.1329281544046347e-8	1.0112068526372364e-9	3.959839146080464e-5
332.0	2.2285354327678598e-8	1.6875494341816163e-9	3.849992511399415e-6	1.1332954739033429e-8	1.0106104300952806e-9	3.959839141228907e-5
333.0	2.2281518216905318e-8	1.6873473052538122e-9	3.8499928129484535e-6	1.1333384643936365e-8	1.0108217251705497e-9	3.9598391474748176e-5
334.0	2.2275803205668474e-8	1.6884110162457756e-9	3.849992507402158e-6	1.1336005513079611e-8	1.0104253701766999e-9	3.959839138676775e-5
335.0	2.2281583053332645e-8	1.6879977627386828e-9	3.8499924124631385e-6	1.1334269514145077e-8	1.0106202399821983e-9	3.9598391353570904e-5
336.0	2.229552700841114e-8	1.6881455258230094e-9	3.849992786900087e-6	1.1334004138304774e-8	1.0107672236767089e-9	3.9598391399040785e-5
337.0	2.2296665030289925e-8	1.6884811816695452e-9	3.84999271449198e-6	1.1331806701007377e-8	1.0106291730086098e-9	3.959839125910131e-5
338.0	2.2266703278121936e-8	1.6873887843456203e-9	3.8499928787519605e-6	1.132905920816068e-8	1.0111405812702948e-9	3.9598391579187745e-5
339.0	2.2301124180648866e-8	1.6886643208303533e-9	3.849993302962441e-6	1.1327070788908359e-8	1.0106499727680705e-9	3.959839143809843e-5
340.0	2.2291071331020565e-8	1.687461646050586e-9	3.849992375690718e-6	1.1324750349568635e-8	1.0110321845028385e-9	3.959839182918069e-5
341.0	2.22719523278828e-8	1.6878393048379619e-9	3.849991755385671e-6	1.1323471795535617e-8	1.0105176193816023e-9	3.959839178362939e-5
342.0	2.227277248748681e-8	1.687657539969106e-9	3.849992550565786e-6	1.1324489155102838e-8	1.010539228554459e-9	3.9598391866650826e-5
343.0	2.2308546606264582e-8	1.6875669172920135e-9	3.849992889516399e-6	1.1325071287741776e-8	1.01054574405217e-9	3.959839201989913e-5
344.0	2.2325305573623326e-8	1.6881016766754023e-9	3.8499926959084046e-6	1.1328240185835739e-8	1.010277132126058e-9	3.959839169964612e-5
345.0	2.226598977213808e-8	1.6873457511795795e-9	3.8499927808061704e-6	1.1330653481824553e-8	1.0109127574237063e-9	3.959839215202895e-5
346.0	2.2244149556049398e-8	1.687704313907451e-9	3.8499929214546285e-6	1.1331867496921834e-8	1.0106182894444347e-9	3.9598391728795204e-5
347.0	2.2286497269932613e-8	1.687614435512913e-9	3.849991916683842e-6	1.1333996112419139e-8	1.0111996004491422e-9	3.9598392320199e-5
348.0	2.233207773350601e-8	1.6881441836057098e-9	3.849992490486261e-6	1.133349336233084e-8	1.010919930779771e-9	3.959839188387253e-5
349.0	2.2270867539516734e-8	1.6889934889864573e-9	3.849992746326593e-6	1.1333367055017866e-8	1.0108402317803154e-9	3.959839239803709e-5
350.0	2.2274024192800097e-8	1.6898860047421783e-9	3.8499932526154855e-6	1.1332221543874874e-8	1.0109259256945663e-9	3.959839238824782e-5
351.0	2.2276108634390324e-8	1.6894102403666357e-9	3.849992836160795e-6	1.132997768264003e-8	1.0104538385212808e-9	3.959839259257738e-5
352.0	2.2281850524312682e-8	1.6898032225513161e-9	3.8499922757588446e-6	1.1328828276555617e-8	1.0109961065420523e-9	3.9598392982297084e-5
353.0	2.2270145724558058e-8	1.6896030039211884e-9	3.849993018346985e-6	1.1326653570774099e-8	1.0105774062250536e-9	3.95983928720327e-5
354.0	2.2278811765703514e-8	1.689592435855704e-9	3.849992921615329e-6	1.1326792415972346e-8	1.011033169983937e-9	3.959839320124359e-5
355.0	2.234926130016869e-8	1.6884268923966557e-9	3.849992729166357e-6	1.1327573304327152e-8	1.01101348638327e-9	3.959839295764306e-5
356.0	2.2291731065219948e-8	1.687410582330607e-9	3.849992707299149e-6	1.1327366618177136e-8	1.0109628133559376e-9	3.959839306850467e-5
357.0	2.222788900270603e-8	1.6886636849983827e-9	3.849992974879357e-6	1.1329450127398938e-8	1.0113395192985292e-9	3.959839292512094e-5
358.0	2.2266039828217012e-8	1.6872777472433088e-9	3.849992492752647e-6	1.1329463448704867e-8	1.010904168777293e-9	3.959839301367455e-5
359.0	2.234562731192335e-8	1.6892099782745152e-9	3.8499918521924595e-6	1.1330260653687557e-8	1.0114380664100734e-9	3.959839312941583e-5
360.0	2.233858052486891e-8	1.689697553341024e-9	3.849992968668945e-6	1.133020124060888e-8	1.0109879865989166e-9	3.959839327738576e-5
361.0	2.2266736457692637e-8	1.6900636367493871e-9	3.849992985460893e-6	1.1329685528963668e-8	1.0110444065100572e-9	3.9598393382096194e-5
362.0	2.2241878429910754e-8	1.6895505132616739e-9	3.849992303927062e-6	1.1328982505735546e-8	1.011020698396698e-9	3.9598393608792115e-5
363.0	2.2294256373403672e-8	1.6895765210607767e-9	3.849992695283266e-6	1.1328103674322126e-8	1.0107489426363674e-9	3.959839368942527e-5
364.0	2.230399923230385e-8	1.6890755639332537e-9	3.849992849475444e-6	1.1326459088420235e-8	1.0112521037926383e-9	3.959839394243956e-5
365.0	2.2319447680021535e-8	1.6883321470677123e-9	3.849992072154822e-6	1.1326820371006711e-8	1.0108311355710662e-9	3.9598393760796094e-5
366.0	2.229800417969112e-8	1.6892491260320522e-9	3.84999186146254e-6	1.1324867227647243e-8	1.0114117880586925e-9	3.959839377769403e-5
367.0	2.2259648265018152e-8	1.6889770448189685e-9	3.849992843648936e-6	1.1328208448333716e-8	1.0110944537881893e-9	3.959839349177731e-5
368.0	2.2254742158271164e-8	1.6906955707517106e-9	3.849992513995695e-6	1.1327859495631883e-8	1.0109544038125448e-9	3.959839320587625e-5
369.0	2.228352282138439e-8	1.6909770078679387e-9	3.849992984230557e-6	1.1330762599217945e-8	1.0110221273560473e-9	3.9598393072478554e-5
370.0	2.235232720112265e-8	1.6920951399953922e-9	3.849993108228003e-6	1.1332098595135143e-8	1.0104568234126882e-9	3.959839261004198e-5
371.0	2.230723152956304e-8	1.6914966109349662e-9	3.849992655967831e-6	1.1333053786853425e-8	1.010938446076324e-9	3.9598392712067986e-5
372.0	2.2234385659339707e-8	1.6898994132955444e-9	3.849992129772673e-6	1.1334125211436906e-8	1.0105562209385146e-9	3.959839228691726e-5
373.0	2.2255677156748215e-8	1.6902111867282499e-9	3.8499927250121805e-6	1.1334229889687704e-8	1.011290922390747e-9	3.9598392572431366e-5
374.0	2.230599972564102e-8	1.6913709833512924e-9	3.849992681423822e-6	1.133314107422178e-8	1.0113544270853575e-9	3.9598392416983303e-5
375.0	2.2327159943624058e-8	1.691065744827288e-9	3.849992403296686e-6	1.1332104726735247e-8	1.0114857293605668e-9	3.959839272225741e-5
376.0	2.2263513100442378e-8	1.6910274609915869e-9	3.849993159069074e-6	1.132877241414127e-8	1.01165361371797e-9	3.959839271435558e-5
377.0	2.226616495143639e-8	1.69152963130371e-9	3.849992878727888e-6	1.1326459166350896e-8	1.0108787813313715e-9	3.9598392782457874e-5
378.0	2.2293923290938625e-8	1.6929551009624443e-9	3.8499922469069135e-6	1.132550979274706e-8	1.0111566872825173e-9	3.959839267329758e-5
379.0	2.226806802509001e-8	1.693466645695366e-9	3.849992752476676e-6	1.132232831141357e-8	1.0103045059765901e-9	3.9598392536051226e-5
380.0	2.2284461867352474e-8	1.6928310978322299e-9	3.84999312890484e-6	1.1325306781746436e-8	1.0109030627886613e-9	3.959839248393198e-5
381.0	2.2290081251891004e-8	1.691854838479897e-9	3.849991840667187e-6	1.1324320708309698e-8	1.0107774883811094e-9	3.959839237537737e-5
382.0	2.23031067682055e-8	1.6908796809685893e-9	3.849992249173267e-6	1.1329201140886527e-8	1.0110807148626921e-9	3.9598392343123196e-5
383.0	2.225611574599609e-8	1.691379053009425e-9	3.849992707796975e-6	1.133077755017253e-8	1.0113399837551397e-9	3.959839211376474e-5
384.0	2.2251690735398363e-8	1.691413641103872e-9	3.849992645481923e-6	1.1333829029148653e-8	1.0108441424406905e-9	3.959839198965507e-5
385.0	2.2305307313708934e-8	1.6931489056670307e-9	3.849992408926422e-6	1.133507496903101e-8	1.011236807241918e-9	3.9598391823718086e-5
386.0	2.231756896011112e-8	1.6924185917867072e-9	3.849992761892736e-6	1.1336709352281536e-8	1.010555838806543e-9	3.95983918626459e-5
387.0	2.2261723669504518e-8	1.6931204375417929e-9	3.849992611143629e-6	1.1335110860244187e-8	1.0109590551130334e-9	3.9598391709131124e-5
388.0	2.2246465268178104e-8	1.6919963413186516e-9	3.849992292032745e-6	1.1335903962893903e-8	1.0105561635236835e-9	3.9598391943511076e-5
389.0	2.2287781421274143e-8	1.6930881318923884e-9	3.849992318523529e-6	1.1331832841404095e-8	1.010726607580332e-9	3.959839170939011e-5
390.0	2.2314725982645298e-8	1.6927319790827272e-9	3.849992600947832e-6	1.1331158891480645e-8	1.0108241708123788e-9	3.9598391905848624e-5
391.0	2.228585575405165e-8	1.6931251888134818e-9	3.849992426057292e-6	1.132894851638833e-8	1.0108383753253189e-9	3.95983917556709e-5
392.0	2.224615215909845e-8	1.6939259099466526e-9	3.8499926282035525e-6	1.1326434537712244e-8	1.0113301925073208e-9	3.959839172421699e-5
393.0	2.2291477234388394e-8	1.6941870266434807e-9	3.8499927368996035e-6	1.1326627937682029e-8	1.0111632243729293e-9	3.959839189423111e-5
394.0	2.2297684239401168e-8	1.6951066975183247e-9	3.849993031376628e-6	1.1324303901638021e-8	1.011663447462547e-9	3.95983915194441e-5
395.0	2.2304653483922955e-8	1.6935618627963625e-9	3.8499929065128e-6	1.1325252116160482e-8	1.0113471573146659e-9	3.959839199819369e-5
396.0	2.2284420545772535e-8	1.69419612858469e-9	3.8499922295484e-6	1.1325248651648173e-8	1.0114525926919272e-9	3.959839155642163e-5
397.0	2.226899354091215e-8	1.6937111341615182e-9	3.849992178108106e-6	1.132717825734123e-8	1.0113403494897258e-9	3.959839234029905e-5
398.0	2.2290682513348257e-8	1.693262998807754e-9	3.849992357667071e-6	1.132793064077544e-8	1.0113070437745088e-9	3.959839205407485e-5
399.0	2.230494695135008e-8	1.6944865835281113e-9	3.849992638241665e-6	1.1329862680825214e-8	1.0113579850091618e-9	3.959839256762122e-5
400.0	2.232549148942245e-8	1.6971391678800244e-9	3.849992596396273e-6	1.1329778330553008e-8	1.0114489476898987e-9	3.9598392434777894e-5
401.0	2.2278081038861172e-8	1.6965735136170178e-9	3.849992960992454e-6	1.133248860174356e-8	1.0116396519619993e-9	3.9598392434566e-5
402.0	2.2258304550251255e-8	1.6953719538003888e-9	3.8499927027489995e-6	1.1330775345612958e-8	1.0117006711610708e-9	3.959839261297349e-5
403.0	2.227950994590379e-8	1.6972872110121324e-9	3.8499921570040325e-6	1.1332507006058143e-8	1.0117528643131555e-9	3.959839236146751e-5
404.0	2.2322738332010386e-8	1.6951940445008686e-9	3.849992644841337e-6	1.1333180200699906e-8	1.0114834715312834e-9	3.9598392788794304e-5
405.0	2.229502523865006e-8	1.6955258563051577e-9	3.849992581371637e-6	1.1331574610136142e-8	1.011409304665504e-9	3.959839239715404e-5
406.0	2.2263806322592582e-8	1.6955133267826384e-9	3.849991919776576e-6	1.1332666793400436e-8	1.0109789180635273e-9	3.959839295904745e-5
407.0	2.2264422193614565e-8	1.695508898326987e-9	3.849992491839852e-6	1.1330959967207119e-8	1.0110590195274687e-9	3.9598392589798896e-5
408.0	2.2309562211685913e-8	1.6966836277009787e-9	3.849993154401231e-6	1.1329749961274963e-8	1.0106378275806702e-9	3.959839312987582e-5
409.0	2.229275020986569e-8	1.6973187859170843e-9	3.8499927550748765e-6	1.1328790510296765e-8	1.0109259799557872e-9	3.959839298007238e-5
410.0	2.22865393124047e-8	1.6983846698708347e-9	3.849993128404601e-6	1.132679275098794e-8	1.0105998403764238e-9	3.95983933363545e-5
411.0	2.2294261844032176e-8	1.698442292495743e-9	3.849992967238961e-6	1.1326719282555677e-8	1.010743148407508e-9	3.959839338527143e-5
412.0	2.229198903797387e-8	1.6969815395026877e-9	3.849991876188746e-6	1.1325913828325821e-8	1.010776970778805e-9	3.959839335832886e-5
413.0	2.225763466137892e-8	1.6978707654598653e-9	3.849991592927113e-6	1.1325611075268613e-8	1.010740390186953e-9	3.959839351029575e-5
414.0	2.226323327995024e-8	1.6972212573815789e-9	3.849992832501591e-6	1.1326798825170646e-8	1.011060500122568e-9	3.959839325871893e-5
415.0	2.233860109332537e-8	1.6975124143125355e-9	3.849992832796712e-6	1.1326706295195093e-8	1.0109241989673866e-9	3.959839339884104e-5
416.0	2.232128815387812e-8	1.6977906552969664e-9	3.8499924914004166e-6	1.1328506574312616e-8	1.0114251035540127e-9	3.959839314108779e-5
417.0	2.2248571309271074e-8	1.6961460132240756e-9	3.849993072308011e-6	1.1331347391567768e-8	1.0109753780636484e-9	3.9598393338274606e-5
418.0	2.223406353419729e-8	1.6973228042333606e-9	3.849992455845174e-6	1.133126009004649e-8	1.0112541395669673e-9	3.9598393050343414e-5
419.0	2.231103204231377e-8	1.6966937442013469e-9	3.849991626132918e-6	1.1334776204044132e-8	1.0110747664645522e-9	3.9598393228491614e-5
420.0	2.236109248991716e-8	1.6971456928033622e-9	3.8499921353482774e-6	1.1333503187879636e-8	1.0109368213556499e-9	3.9598392851922904e-5
421.0	2.22657831952579e-8	1.6980146371021272e-9	3.849992974620257e-6	1.1333776245794071e-8	1.0112121299541103e-9	3.959839288264694e-5
422.0	2.2238750837044107e-8	1.6986483731293298e-9	3.849992141095521e-6	1.1331924897622411e-8	1.010989739870012e-9	3.959839264314343e-5
423.0	2.2284043181846784e-8	1.6986792441268883e-9	3.849992440159115e-6	1.1329412891432787e-8	1.0114609766273056e-9	3.959839260293922e-5
424.0	2.232513891316152e-8	1.6991469141475543e-9	3.84999285764433e-6	1.1327501428594843e-8	1.0112064684029866e-9	3.959839256833856e-5
425.0	2.2294094144025523e-8	1.699175802007773e-9	3.849993031110764e-6	1.1325242898312436e-8	1.0114584104038059e-9	3.959839230824699e-5
426.0	2.2258271756885683e-8	1.6992051339906785e-9	3.84999227284575e-6	1.132363280036971e-8	1.011402277968682e-9	3.9598392376313145e-5
427.0	2.228624824136494e-8	1.6972122480170393e-9	3.849992654320978e-6	1.1324023160648307e-8	1.0112256004777868e-9	3.959839201705067e-5
428.0	2.229751566155383e-8	1.6984597699166328e-9	3.849992781391792e-6	1.1324552789399198e-8	1.011500635297479e-9	3.959839237582264e-5
429.0	2.2263385268491844e-8	1.698892311331283e-9	3.8499919191421054e-6	1.1324963966049042e-8	1.0111412829368376e-9	3.959839186931149e-5
430.0	2.2284448241155852e-8	1.6981341016789395e-9	3.84999208655017e-6	1.1328910257074742e-8	1.0112983643478606e-9	3.959839233187417e-5
431.0	2.2310474271016104e-8	1.6984125085707483e-9	3.849992761154022e-6	1.1329370514734253e-8	1.0109239713567352e-9	3.9598391688578086e-5
432.0	2.2297915770185e-8	1.6977825075826994e-9	3.8499930861577405e-6	1.1335046519894318e-8	1.0109212588238012e-9	3.959839196258715e-5
433.0	2.2273324106682974e-8	1.697954085929572e-9	3.849992672129426e-6	1.1334690571932692e-8	1.0110173133269358e-9	3.959839136476816e-5
434.0	2.2250079309650396e-8	1.6975190634126092e-9	3.849992435137442e-6	1.1337690132910341e-8	1.0109307128112482e-9	3.9598391430326916e-5
435.0	2.233970870463163e-8	1.69909791128154e-9	3.8499918199176345e-6	1.1335553142089459e-8	1.011522913101686e-9	3.9598391184258945e-5
436.0	2.2315744728014803e-8	1.6981162312521768e-9	3.849991640544148e-6	1.1334566657106545e-8	1.011325762924996e-9	3.9598391166288525e-5
437.0	2.2274043850531625e-8	1.698586327829801e-9	3.849991914202022e-6	1.1331086703596229e-8	1.0115578639855315e-9	3.9598391261636e-5
438.0	2.2282261952515487e-8	1.698959934184601e-9	3.849992852565831e-6	1.1329111837413074e-8	1.0113294612768607e-9	3.9598391197816595e-5
439.0	2.2306426656462305e-8	1.6976864908989642e-9	3.849992964673679e-6	1.1326064067110074e-8	1.011169853704439e-9	3.959839157972502e-5
440.0	2.2337071823862036e-8	1.698232562455713e-9	3.849992448248026e-6	1.132462440821374e-8	1.01144479819248e-9	3.9598391571494016e-5
441.0	2.228875854542673e-8	1.6977248545837383e-9	3.849991856630996e-6	1.1323766996227128e-8	1.011003641493775e-9	3.959839197949873e-5
442.0	2.2279064363596977e-8	1.6988723560553623e-9	3.849991466540162e-6	1.132261698776576e-8	1.0116182762247372e-9	3.959839191902906e-5
443.0	2.230734015543422e-8	1.6998189292121876e-9	3.849992072022527e-6	1.1324172543264838e-8	1.0109744526919626e-9	3.9598392190393764e-5
444.0	2.231899454001793e-8	1.7007384987241945e-9	3.8499930793430115e-6	1.1324452842937703e-8	1.0114606823252066e-9	3.9598392018286345e-5
445.0	2.2294727553114825e-8	1.7014632944306406e-9	3.84999297897791e-6	1.1328400934670381e-8	1.0113154869047139e-9	3.959839219079697e-5
446.0	2.2301848594222496e-8	1.7002788462782248e-9	3.84999224582437e-6	1.13287156269948e-8	1.0113319535599871e-9	3.959839190740006e-5
447.0	2.229092158129284e-8	1.6997828248535681e-9	3.849992036347863e-6	1.1332997079696783e-8	1.0116549440210416e-9	3.9598392032144956e-5
448.0	2.2309259384559924e-8	1.7000152316013525e-9	3.849991872642993e-6	1.1331890068396367e-8	1.0112045725028193e-9	3.9598391850058094e-5
449.0	2.2295471946951455e-8	1.699033570922672e-9	3.8499915746838645e-6	1.1334585163884982e-8	1.0117066942661015e-9	3.9598391965053747e-5
450.0	2.2334354460480118e-8	1.700110235418395e-9	3.849993139974804e-6	1.1332116122370877e-8	1.0111545105850063e-9	3.959839201089116e-5
451.0	2.230349396445031e-8	1.7005735901420953e-9	3.8499932942424115e-6	1.1333431046992853e-8	1.0115712669259908e-9	3.959839201718361e-5
452.0	2.2278589466254353e-8	1.7006450192043886e-9	3.849992115806539e-6	1.1330976043870667e-8	1.011270917579624e-9	3.959839231941272e-5
453.0	2.229536561198865e-8	1.7016033950383573e-9	3.849991731604584e-6	1.1330866002033497e-8	1.011372024083036e-9	3.959839221474124e-5
454.0	2.2315883857792167e-8	1.7014606465432584e-9	3.849991870527868e-6	1.1329621688073865e-8	1.011444246242281e-9	3.95983924996247e-5
455.0	2.2343271923439376e-8	1.7012415790206025e-9	3.849991637303008e-6	1.1328821004140439e-8	1.0111107055393186e-9	3.959839245507999e-5
456.0	2.2275130754510702e-8	1.7008057420904119e-9	3.8499923410364525e-6	1.1327963750828625e-8	1.0114894386576008e-9	3.9598392662039015e-5
457.0	2.227182040030056e-8	1.7010409087080265e-9	3.849992578803272e-6	1.132727580345773e-8	1.011007360717815e-9	3.959839284773045e-5
458.0	2.2311562940775785e-8	1.7015012922622777e-9	3.849992425022615e-6	1.1327470198341664e-8	1.0113918484658903e-9	3.9598392870679087e-5
459.0	2.2320510976875754e-8	1.7026900061808927e-9	3.849992278199071e-6	1.1327076311390299e-8	1.0111356294896261e-9	3.959839338333172e-5
460.0	2.2315337791300168e-8	1.7014651817893196e-9	3.849991633621355e-6	1.132875885351565e-8	1.0113144079395592e-9	3.959839327181961e-5
461.0	2.229699716572887e-8	1.7022096193332343e-9	3.849991894001341e-6	1.1327000755092814e-8	1.0112958806993105e-9	3.959839376386421e-5
462.0	2.227843033404963e-8	1.7023296698531538e-9	3.849992418934085e-6	1.133023905131363e-8	1.0111004091217446e-9	3.959839354396887e-5
463.0	2.228594273651974e-8	1.7007577776421157e-9	3.84999193877724e-6	1.1327607977589051e-8	1.011212904822297e-9	3.9598393815775024e-5
464.0	2.2298030483173022e-8	1.7018651677204553e-9	3.849991299724546e-6	1.1330193058686345e-8	1.0108948335530623e-9	3.95983934767846e-5
465.0	2.2359088553212362e-8	1.7020514216854172e-9	3.849992478468028e-6	1.1329323561679487e-8	1.011095440973151e-9	3.9598393559935844e-5
466.0	2.2318521433566012e-8	1.7028097021889928e-9	3.849992952656925e-6	1.1331122741844028e-8	1.0109131525385922e-9	3.95983932551334e-5
467.0	2.226979403989072e-8	1.7021900717658197e-9	3.8499923373391605e-6	1.1331119300499499e-8	1.0112532940897342e-9	3.9598393175167116e-5
468.0	2.224663389587256e-8	1.7042074645350753e-9	3.8499922084521454e-6	1.1332467170104996e-8	1.0112767322832966e-9	3.9598393120442025e-5
469.0	2.2346984213029345e-8	1.7028885694432499e-9	3.849991456828387e-6	1.1330819640386775e-8	1.0113814274946416e-9	3.9598392882626886e-5
470.0	2.2373608204719982e-8	1.702228696937054e-9	3.84999090852551e-6	1.1331751979089626e-8	1.0114980966567062e-9	3.9598393020999815e-5
471.0	2.228232438198812e-8	1.7036582361518788e-9	3.849991308902364e-6	1.1329719535837229e-8	1.011385182237368e-9	3.959839277925855e-5
472.0	2.2239197991584756e-8	1.7015745094018816e-9	3.849992637250996e-6	1.132958682920942e-8	1.011350269880028e-9	3.9598392863543796e-5
473.0	2.230435181871247e-8	1.7023939188054766e-9	3.849993414920331e-6	1.1330186846842104e-8	1.0113765401591774e-9	3.959839289539736e-5
474.0	2.2345571833428472e-8	1.7043729896563597e-9	3.849992596354432e-6	1.1327625018793052e-8	1.0112322440557862e-9	3.9598392713597816e-5
475.0	2.2312468439285208e-8	1.704193493832753e-9	3.849991176363413e-6	1.1329668732878366e-8	1.0113226523628288e-9	3.959839296891259e-5
476.0	2.2259504770936678e-8	1.7050340378738415e-9	3.8499907920793365e-6	1.1327187186358099e-8	1.0113462853702768e-9	3.959839264837695e-5
477.0	2.228732036240063e-8	1.7050510244107977e-9	3.849991413295778e-6	1.132862645938418e-8	1.0112785236417173e-9	3.9598392808369026e-5
478.0	2.2310619754744418e-8	1.7036562609426955e-9	3.8499923952798385e-6	1.1329125204382215e-8	1.011380438428101e-9	3.959839250994483e-5
479.0	2.2264991770221675e-8	1.7024284044395637e-9	3.8499924225864155e-6	1.1329817826170675e-8	1.011065249969167e-9	3.959839235508652e-5
480.0	2.2282522394850184e-8	1.7026927969537917e-9	3.849992587691471e-6	1.1330016372889258e-8	1.011206624235669e-9	3.9598392254998715e-5
481.0	2.233825407921465e-8	1.702149508073524e-9	3.8499922459149295e-6	1.1330646907397283e-8	1.0109722256475951e-9	3.959839192974041e-5
482.0	2.2304801075116397e-8	1.7028872444647378e-9	3.849991063529133e-6	1.1328875119665213e-8	1.0110100097740522e-9	3.959839198522352e-5
483.0	2.2262838702227414e-8	1.7044672922364329e-9	3.849991360387632e-6	1.1330141876659925e-8	1.0111606457928951e-9	3.959839165793388e-5
484.0	2.2235466340148096e-8	1.706273657139286e-9	3.849992216453687e-6	1.132888518298093e-8	1.0109237896538563e-9	3.959839190229415e-5
485.0	2.236333192268306e-8	1.7056488931673534e-9	3.849992391311885e-6	1.1329409927211484e-8	1.0113828647357016e-9	3.959839171899239e-5
486.0	2.238162790165035e-8	1.7062796355600366e-9	3.849991332222216e-6	1.1330026017078306e-8	1.0110327387077333e-9	3.9598391980712716e-5
487.0	2.2260610695732535e-8	1.7038438348101635e-9	3.849991730945581e-6	1.1327942878385947e-8	1.0115113310519755e-9	3.959839194326384e-5
488.0	2.2253806241905757e-8	1.7026379066565031e-9	3.849992147874207e-6	1.1329836059995513e-8	1.011140135274334e-9	3.9598392050878594e-5
489.0	2.233174027597765e-8	1.7047781728807358e-9	3.849991351017666e-6	1.1328294313334754e-8	1.0114254939914307e-9	3.9598392078410526e-5
490.0	2.239201483478543e-8	1.702903875354475e-9	3.849992265520084e-6	1.1330365888610026e-8	1.011449090777305e-9	3.959839199861135e-5
491.0	2.2320837125986214e-8	1.7045591134063938e-9	3.849991990381483e-6	1.1330667351430979e-8	1.0112096140330109e-9	3.959839178941672e-5
492.0	2.2234670377788934e-8	1.7044612295096534e-9	3.849991992834755e-6	1.1332023576441886e-8	1.0116196569238005e-9	3.959839168541928e-5
493.0	2.229891420566089e-8	1.7049855395194024e-9	3.849991265134147e-6	1.1331628443021076e-8	1.011237352460452e-9	3.9598391644199645e-5
494.0	2.2349292489134317e-8	1.7050927754022962e-9	3.849991919688499e-6	1.1332291873822059e-8	1.0117272196224812e-9	3.959839152395195e-5
495.0	2.232104880601198e-8	1.7047988525520337e-9	3.849992079798504e-6	1.1330941090199331e-8	1.0113978541773746e-9	3.95983917503377e-5
496.0	2.2279257659663088e-8	1.7053843046901342e-9	3.849991910165738e-6	1.1331721328311116e-8	1.0116885526402495e-9	3.959839160557088e-5
497.0	2.2286068877542734e-8	1.7040121341244127e-9	3.849991980241434e-6	1.1330744170521667e-8	1.0115522739607272e-9	3.959839198824629e-5
498.0	2.2311247238126925e-8	1.7049290683949086e-9	3.8499920596049e-6	1.132991767520422e-8	1.0115939952104382e-9	3.9598392032287854e-5
499.0	2.229991369718413e-8	1.7066539010040727e-9	3.849991976484511e-6	1.1329290131184011e-8	1.0117578208117955e-9	3.959839227479648e-5
500.0	2.2295357952890086e-8	1.7038468618729368e-9	3.849991926189315e-6	1.1326846603083193e-8	1.011482688910482e-9	3.959839256889664e-5
501.0	2.2313885753105835e-8	1.705758437644329e-9	3.84999183051944e-6	1.1326965826083804e-8	1.0119744985208263e-9	3.95983925240283e-5
502.0	2.231624061512071e-8	1.7058354668420633e-9	3.849992377767444e-6	1.1325678732405153e-8	1.0113141745504767e-9	3.9598392988231505e-5
503.0	2.228136665286473e-8	1.7040555891664882e-9	3.849991151935725e-6	1.1326227034152704e-8	1.0116003842691475e-9	3.959839272089241e-5
504.0	2.227864498674402e-8	1.7055413513749341e-9	3.849991849489609e-6	1.1326837019943583e-8	1.0110330781170216e-9	3.959839308591192e-5
505.0	2.2336486425234923e-8	1.7060707942559415e-9	3.8499920621351684e-6	1.1328432458505376e-8	1.0111768931788355e-9	3.959839294437054e-5
506.0	2.234115180152735e-8	1.7059775653003422e-9	3.849992206942797e-6	1.1328160849551238e-8	1.0108142273213054e-9	3.9598393018425295e-5
507.0	2.2306081434159913e-8	1.7066875699570265e-9	3.849991543186497e-6	1.1330437444465363e-8	1.0108940590553313e-9	3.9598393050068244e-5
508.0	2.2270599244785705e-8	1.7072112652690853e-9	3.849992113174651e-6	1.1330332715117068e-8	1.010843124911576e-9	3.959839278548389e-5
509.0	2.2317227064012702e-8	1.7081854282430497e-9	3.849991860937276e-6	1.133231300402617e-8	1.0107996846144478e-9	3.959839299438179e-5
510.0	2.2334338369486874e-8	1.7066811186376405e-9	3.8499915080918765e-6	1.1333514234433449e-8	1.0111982902217322e-9	3.95983926650478e-5
511.0	2.2332772319134412e-8	1.7081602242202302e-9	3.849991720403083e-6	1.1333430900784883e-8	1.0109570920585488e-9	3.9598392913816327e-5
512.0	2.2284498950998734e-8	1.7072178390486702e-9	3.849992450698152e-6	1.13341514085565e-8	1.0116719742976479e-9	3.959839279812614e-5
513.0	2.2312814821601276e-8	1.7058647431264683e-9	3.849991728651288e-6	1.1332731735680707e-8	1.0112263056232463e-9	3.959839296802111e-5
514.0	2.230385305224182e-8	1.7076735284722571e-9	3.849991564014966e-6	1.1331154137544944e-8	1.011629232603405e-9	3.9598393048093675e-5
515.0	2.2328777856650096e-8	1.708403350042624e-9	3.849992391029907e-6	1.1330042717900453e-8	1.0113268699920202e-9	3.9598392949078206e-5
516.0	2.2325956155091488e-8	1.7080213228915138e-9	3.849991909035778e-6	1.1327382074022175e-8	1.011394715204573e-9	3.95983931463427e-5
517.0	2.2302095534196268e-8	1.7087460829054781e-9	3.849991832959589e-6	1.1326468502175254e-8	1.0114949608670629e-9	3.959839277716083e-5
518.0	2.231114405747603e-8	1.710429684450669e-9	3.849992024528021e-6	1.1325223842335983e-8	1.011565579887238e-9	3.959839308076539e-5
519.0	2.2294342177597756e-8	1.7082346129493227e-9	3.849991746768749e-6	1.1323640387514748e-8	1.0122243029759317e-9	3.959839268526223e-5
520.0	2.2329909869042516e-8	1.7084321583809569e-9	3.849991882185001e-6	1.1324038753888964e-8	1.011985301142201e-9	3.959839290769108e-5
521.0	2.2319359758440244e-8	1.7087275368592185e-9	3.849992248112132e-6	1.1324570509353902e-8	1.012603924833646e-9	3.9598392643435495e-5
522.0	2.230164875837285e-8	1.7072504936638673e-9	3.849991845358471e-6	1.132567611754196e-8	1.0121926487983843e-9	3.959839271617847e-5
523.0	2.230620184127115e-8	1.7087835525808362e-9	3.849991906799254e-6	1.1329153724901451e-8	1.0122929508194508e-9	3.9598392588637776e-5
524.0	2.2320706687957775e-8	1.710231143719648e-9	3.8499921507150865e-6	1.1329850847153843e-8	1.0119499778062261e-9	3.9598392502272216e-5
525.0	2.2309046121767203e-8	1.7093180514425598e-9	3.849991295444703e-6	1.1333712401672768e-8	1.0115912830063444e-9	3.959839229422012e-5
526.0	2.2304043581570872e-8	1.7090674937339224e-9	3.8499915265244e-6	1.1334118670155235e-8	1.0115149538610385e-9	3.959839209064513e-5
527.0	2.2313897972089303e-8	1.7117309984235782e-9	3.8499926654133575e-6	1.1335297422159786e-8	1.0109660369610909e-9	3.959839196463153e-5
528.0	2.2316558296116288e-8	1.70944859244414e-9	3.849991727121345e-6	1.1335702894783345e-8	1.011246745877745e-9	3.959839180459004e-5
529.0	2.23144902594967e-8	1.708493263611272e-9	3.849991581581925e-6	1.1334271845501043e-8	1.0108576354044591e-9	3.959839185606822e-5
530.0	2.2308564094878154e-8	1.7103301635326296e-9	3.849992128179358e-6	1.1332956955417462e-8	1.011199690458048e-9	3.959839178563014e-5
531.0	2.2318254444364578e-8	1.710000751972289e-9	3.849991883663186e-6	1.1330257250001313e-8	1.0110612527758883e-9	3.95983919043742e-5
532.0	2.232723382128034e-8	1.7100802959245726e-9	3.84999070189702e-6	1.132697076796853e-8	1.0110648463002537e-9	3.959839183144786e-5
533.0	2.2292486413134333e-8	1.7108177161660872e-9	3.849992173627363e-6	1.1324166040929106e-8	1.0111054725319597e-9	3.9598391855059586e-5
534.0	2.2316083538372344e-8	1.7118087381392532e-9	3.849992370003976e-6	1.1323079330014537e-8	1.0107898438200043e-9	3.959839179479841e-5
535.0	2.2353536539954874e-8	1.7105760712664453e-9	3.84999172277372e-6	1.132131679630638e-8	1.0108490231706522e-9	3.9598391716471837e-5
536.0	2.2322112350144563e-8	1.710039281872159e-9	3.849992114048314e-6	1.1325335075396523e-8	1.010566139966123e-9	3.959839173646039e-5
537.0	2.230157382003418e-8	1.7110347067552034e-9	3.849992002385747e-6	1.1325102110784164e-8	1.0105840264402642e-9	3.959839174703024e-5
538.0	2.229310497015836e-8	1.7093569341861e-9	3.849991228798258e-6	1.1331101663634677e-8	1.0106531508828317e-9	3.9598392004668786e-5
539.0	2.2346470187643253e-8	1.7112990384670459e-9	3.849991330828551e-6	1.1333486323436165e-8	1.0106590531344082e-9	3.959839208397373e-5
540.0	2.2354036765704276e-8	1.711400603187154e-9	3.8499920735226125e-6	1.1337600480173196e-8	1.0110140807174942e-9	3.959839223393329e-5
541.0	2.2297572257472305e-8	1.7108005359652198e-9	3.849991956321975e-6	1.1339553222153934e-8	1.0110460235017796e-9	3.95983923370275e-5
542.0	2.2284173309347144e-8	1.712106032818616e-9	3.8499918469583905e-6	1.1340044930255761e-8	1.0113338793778344e-9	3.9598392204777074e-5
543.0	2.232826831518265e-8	1.7104039074416671e-9	3.84999193616616e-6	1.1337924578828621e-8	1.0114842455451034e-9	3.959839238883236e-5
544.0	2.2331595460974386e-8	1.7106397770653256e-9	3.849991782995333e-6	1.133456626047836e-8	1.0115035580325573e-9	3.9598391965991385e-5
545.0	2.2328267478290394e-8	1.7114991069333773e-9	3.849991826403384e-6	1.1329506153808993e-8	1.0116492483485197e-9	3.959839231987409e-5
546.0	2.231710899146805e-8	1.7099568463083322e-9	3.849991724081265e-6	1.1324694275228095e-8	1.0113955101517609e-9	3.959839185885289e-5
547.0	2.2313209272381248e-8	1.7105999843110333e-9	3.849991709619876e-6	1.1321896716530717e-8	1.0114607014701015e-9	3.959839233966236e-5
548.0	2.2322108326147387e-8	1.7123441016514237e-9	3.8499912630526886e-6	1.1317474362842556e-8	1.0111738887667857e-9	3.9598392034433267e-5
549.0	2.2303123385735645e-8	1.7122306766212312e-9	3.849991223101561e-6	1.1320298585718754e-8	1.0112839569822142e-9	3.959839243892059e-5
550.0	2.2338145494760452e-8	1.7127820859003363e-9	3.849992090923068e-6	1.1319529247815051e-8	1.0113999446956713e-9	3.95983923637647e-5
551.0	2.2340576043160718e-8	1.7118511340368278e-9	3.8499927441671615e-6	1.1326179455346808e-8	1.0114566791046449e-9	3.959839266218432e-5
552.0	2.231863690201033e-8	1.711094624379119e-9	3.849992201285854e-6	1.1329562959792004e-8	1.0117613992231282e-9	3.95983926576293e-5
553.0	2.2296974937423763e-8	1.7099355198764594e-9	3.8499917485150635e-6	1.1335044868382458e-8	1.0115315727708339e-9	3.959839284711858e-5
554.0	2.2337798580950338e-8	1.7118765735757207e-9	3.8499908132886434e-6	1.1338337762681802e-8	1.0115195068011767e-9	3.9598392760598495e-5
555.0	2.232107658884716e-8	1.7125112739760955e-9	3.849990816337085e-6	1.1341394909667808e-8	1.0111898427860872e-9	3.9598392969508424e-5
556.0	2.2324241449921127e-8	1.7134531482558883e-9	3.849991479241944e-6	1.1340104365343967e-8	1.0111577898199117e-9	3.959839294000708e-5
557.0	2.230503927760056e-8	1.7156116605857313e-9	3.849992678753936e-6	1.133938491971381e-8	1.0110176094005534e-9	3.959839299900093e-5
558.0	2.233264256326022e-8	1.715076480752794e-9	3.8499922361244204e-6	1.1334657350931706e-8	1.0112748825805177e-9	3.959839308246956e-5
559.0	2.2324485172405157e-8	1.7144067294958872e-9	3.849992398013771e-6	1.1330725398733885e-8	1.011434367790263e-9	3.9598392925811194e-5
560.0	2.230036970015051e-8	1.715301948650025e-9	3.84999139610334e-6	1.1326695773834056e-8	1.0117334295811459e-9	3.959839330797387e-5
561.0	2.2330535648311015e-8	1.7142423264667757e-9	3.849990834661051e-6	1.1320857432946152e-8	1.011765372965992e-9	3.959839291555922e-5
562.0	2.2344136240007095e-8	1.714265125168819e-9	3.849991423920311e-6	1.1320764348310706e-8	1.011839063396644e-9	3.959839345269663e-5
563.0	2.2333087944158844e-8	1.715341777485389e-9	3.849992037098289e-6	1.1316517296086296e-8	1.0118904250534733e-9	3.9598393041018795e-5
564.0	2.228667330426593e-8	1.7151185090509097e-9	3.8499914885570555e-6	1.1320491836494957e-8	1.0117380001470025e-9	3.9598393427298236e-5
565.0	2.2339046849898748e-8	1.7168799024093421e-9	3.8499920240750686e-6	1.1322151656523297e-8	1.0121184010861592e-9	3.9598393053405554e-5
566.0	2.2352255670177867e-8	1.7157266885026918e-9	3.849992845369492e-6	1.1327245073739351e-8	1.011955146377433e-9	3.95983931849449e-5
567.0	2.233984184573859e-8	1.716613392085587e-9	3.849991468932053e-6	1.1331615901046231e-8	1.012436089569728e-9	3.959839296128608e-5
568.0	2.2285396449528562e-8	1.7155503281463198e-9	3.849991319341132e-6	1.133509155045517e-8	1.012215727958761e-9	3.95983929767587e-5
569.0	2.2315669757661515e-8	1.7160305326183352e-9	3.849992210940121e-6	1.1335949767619143e-8	1.0123576795931504e-9	3.959839302728031e-5
570.0	2.2365460383987262e-8	1.7159540503264234e-9	3.849991516842644e-6	1.1337830635250827e-8	1.012242456610831e-9	3.959839288748025e-5
571.0	2.2325148435756904e-8	1.7157322428657357e-9	3.849991316850328e-6	1.1335236459014178e-8	1.0119495375748661e-9	3.9598393112798054e-5
572.0	2.2299775125102454e-8	1.7174566579562917e-9	3.849992281247628e-6	1.1334686747086406e-8	1.0120489700616252e-9	3.959839275166309e-5
573.0	2.2311924352439594e-8	1.7169460297248903e-9	3.84999186809945e-6	1.1331725549760165e-8	1.0116407941076017e-9	3.959839304476238e-5
574.0	2.235567941321351e-8	1.7159420521409022e-9	3.849991072444854e-6	1.1327268501651588e-8	1.0120318666794395e-9	3.959839251228605e-5
575.0	2.2336319168283164e-8	1.71711902653496e-9	3.8499914321224325e-6	1.1326719524298276e-8	1.0116494529157318e-9	3.959839270766273e-5
576.0	2.2309558418441347e-8	1.7165927531829916e-9	3.849992290431813e-6	1.1321960981883295e-8	1.0118603138876308e-9	3.9598392121976866e-5
577.0	2.2316514134395443e-8	1.717045960255384e-9	3.849990945348548e-6	1.1324198613456488e-8	1.0116442860985922e-9	3.9598392364070944e-5
578.0	2.2348049156157616e-8	1.718512150433146e-9	3.849991970005484e-6	1.132351736521149e-8	1.011498734181984e-9	3.959839192754597e-5
579.0	2.231786782854065e-8	1.719134870713409e-9	3.849991871258493e-6	1.1325582952055602e-8	1.0113871601211161e-9	3.959839218542844e-5
580.0	2.2316299210726063e-8	1.7193921612950475e-9	3.849991160966057e-6	1.1327917561958995e-8	1.0110028343969591e-9	3.959839202456502e-5
581.0	2.2342110640594406e-8	1.7197352081610272e-9	3.849991434501068e-6	1.132901315197855e-8	1.0111110450392218e-9	3.959839213161943e-5
582.0	2.2325360866324783e-8	1.7188306308622447e-9	3.849991994610676e-6	1.1331338649925958e-8	1.0107872637931138e-9	3.9598392210471e-5
583.0	2.2310415931362617e-8	1.718097933177349e-9	3.849991596827392e-6	1.1332762309921841e-8	1.0112848013159066e-9	3.959839210490675e-5
584.0	2.2315721276467037e-8	1.7169468980757188e-9	3.849991767403506e-6	1.1332788925192631e-8	1.0110770347509776e-9	3.959839225582796e-5
585.0	2.2370162633836753e-8	1.7198989636692987e-9	3.849992211630187e-6	1.1333389964168126e-8	1.0113948014398866e-9	3.9598392104607974e-5
586.0	2.2350170682205434e-8	1.7180782836737396e-9	3.849991431796548e-6	1.133352956746259e-8	1.0113405106925309e-9	3.9598392269356384e-5
587.0	2.2290730977623833e-8	1.7199895887826331e-9	3.849991115527885e-6	1.1331098377104311e-8	1.0113116995409266e-9	3.959839196040887e-5
588.0	2.2313397682454747e-8	1.7221846934367274e-9	3.84999228992318e-6	1.1332658257551824e-8	1.0114577599145724e-9	3.9598392253841797e-5
589.0	2.235384791124382e-8	1.7214394875640987e-9	3.849991342664599e-6	1.1328508576864703e-8	1.0113115267651093e-9	3.9598391905542926e-5
590.0	2.2354160208159896e-8	1.7198204341877247e-9	3.849991559367267e-6	1.1331259891850867e-8	1.0117391279483877e-9	3.9598392087245534e-5
591.0	2.23070028217066e-8	1.7199676591997006e-9	3.849992036645732e-6	1.1328994168804676e-8	1.0115743967693187e-9	3.959839177436359e-5
592.0	2.230252971976803e-8	1.7183068694157914e-9	3.849991522656413e-6	1.1330711767693219e-8	1.0119218662240276e-9	3.959839168776139e-5
593.0	2.2338411557733642e-8	1.7174329530280649e-9	3.849990873538918e-6	1.1330230056057933e-8	1.0118741133478117e-9	3.959839163879648e-5
594.0	2.2332880397129816e-8	1.7186162157814818e-9	3.849991482017456e-6	1.133012131707e-8	1.0118809654067471e-9	3.95983915179877e-5
595.0	2.2321199378562707e-8	1.720071140061267e-9	3.8499923624589364e-6	1.1329848860543946e-8	1.0120581154957162e-9	3.959839173281673e-5
596.0	2.234044438144902e-8	1.7207439421479769e-9	3.8499913885333225e-6	1.1328889087709275e-8	1.0119009713593729e-9	3.9598391751264914e-5
597.0	2.2347790031723182e-8	1.7214329901705915e-9	3.84999173623202e-6	1.1328754979358363e-8	1.0122892005506219e-9	3.959839202335466e-5
598.0	2.2302215578639784e-8	1.7218091433943437e-9	3.849991598647232e-6	1.1327243408996646e-8	1.0121340690023758e-9	3.9598392200306516e-5
599.0	2.2308553649496944e-8	1.7197258953305871e-9	3.849991201011617e-6	1.132797831666841e-8	1.012348709087684e-9	3.9598392287405674e-5
600.0	2.2350529335314064e-8	1.7200342632237272e-9	3.849991111435658e-6	1.1325721051864286e-8	1.0123153997743096e-9	3.959839244079336e-5
601.0	2.2383857738384115e-8	1.7190183251960896e-9	3.8499918600863915e-6	1.1328998146337928e-8	1.0120872337424788e-9	3.9598392510123934e-5
602.0	2.2309923098351296e-8	1.7178297140610893e-9	3.849992064284299e-6	1.132641321343178e-8	1.0121371279134524e-9	3.959839269176974e-5
603.0	2.229897921182829e-8	1.7188897785528578e-9	3.849991216100289e-6	1.133130979628039e-8	1.0118359022690673e-9	3.959839269191309e-5
604.0	2.234098986824938e-8	1.7206179441823186e-9	3.849991398593726e-6	1.1330109730805923e-8	1.0118788434886409e-9	3.959839290844861e-5
605.0	2.2370098217228087e-8	1.7223647889557147e-9	3.849991509930332e-6	1.133442490922977e-8	1.0117095106299428e-9	3.9598392790447116e-5
606.0	2.2344435109163996e-8	1.7238307772968467e-9	3.84999138062517e-6	1.133382695721897e-8	1.0117579196758216e-9	3.959839289036363e-5
607.0	2.229944165319015e-8	1.7230207392964276e-9	3.8499913022706656e-6	1.1335751105787023e-8	1.0114884837391968e-9	3.9598392853603675e-5
608.0	2.2338181914210663e-8	1.7238505459347179e-9	3.849991593870985e-6	1.1334427401527738e-8	1.0114302993205015e-9	3.959839305491304e-5
609.0	2.2337407011899973e-8	1.7205272094597134e-9	3.849991532018338e-6	1.1333439986032347e-8	1.0112772280666112e-9	3.9598393061900305e-5
610.0	2.23262496380194e-8	1.7222407968693103e-9	3.849991379286452e-6	1.1331802637237208e-8	1.0110731703476338e-9	3.95983933330678e-5
611.0	2.2337911876367934e-8	1.7202209745327538e-9	3.8499916147405065e-6	1.1329040271543207e-8	1.0111046441340946e-9	3.959839309019747e-5
612.0	2.236475235212178e-8	1.7207908324465273e-9	3.849991442969413e-6	1.1327885036172163e-8	1.0110995191031349e-9	3.959839332251898e-5
613.0	2.2334103069779064e-8	1.7233037456684726e-9	3.849991808683522e-6	1.1324314216418281e-8	1.0112003395152668e-9	3.9598392838477435e-5
614.0	2.2285794996169918e-8	1.7246523593631011e-9	3.8499912989889135e-6	1.1325919801386908e-8	1.0111867582981019e-9	3.959839313067814e-5
615.0	2.2321666600145404e-8	1.7253730493885848e-9	3.849991691130883e-6	1.1323621133009576e-8	1.0112882164910455e-9	3.9598392724994e-5
616.0	2.2384757762847326e-8	1.7260451774962788e-9	3.8499917381184075e-6	1.1326605939578772e-8	1.0115628733405163e-9	3.959839320241678e-5
617.0	2.2356341947905146e-8	1.724331914035323e-9	3.8499919930426e-6	1.1326506824041352e-8	1.0116232132784916e-9	3.959839302590983e-5
618.0	2.2300837458051456e-8	1.7239388635059968e-9	3.849991221892649e-6	1.1329716608356438e-8	1.0119480760468142e-9	3.959839329762972e-5
619.0	2.2297345072130274e-8	1.721759207839234e-9	3.849991517826243e-6	1.1330258454241744e-8	1.012106276636212e-9	3.9598393125540106e-5
620.0	2.237695121896301e-8	1.723238809971337e-9	3.84999186550047e-6	1.1333641756676092e-8	1.0121088693245163e-9	3.9598393052477483e-5
621.0	2.236090513815125e-8	1.7221553294385504e-9	3.849991687840675e-6	1.133318162900739e-8	1.0123683389741082e-9	3.959839300704855e-5
622.0	2.2324743828729678e-8	1.7243620220533066e-9	3.849991693243714e-6	1.1334463447100191e-8	1.012178739143469e-9	3.959839260052701e-5
623.0	2.2324096327003547e-8	1.7259941959986456e-9	3.849991442808261e-6	1.1332898411241342e-8	1.0124095348778305e-9	3.9598392810633456e-5
624.0	2.2345897715314563e-8	1.725302569689807e-9	3.849991777280298e-6	1.1331760348508697e-8	1.0123238467196995e-9	3.9598392370406723e-5
625.0	2.235368404423466e-8	1.7268807832427597e-9	3.849990936375648e-6	1.1330763743424353e-8	1.0122085389646801e-9	3.9598392628638805e-5
626.0	2.230072021108372e-8	1.724113613031912e-9	3.8499915742718295e-6	1.132770460761268e-8	1.0122042624417444e-9	3.959839216740819e-5
627.0	2.234401888977898e-8	1.723986642225442e-9	3.849991633044428e-6	1.132949661447028e-8	1.011683514815471e-9	3.9598392214740574e-5
628.0	2.237106658162128e-8	1.7228754885738402e-9	3.849991791148868e-6	1.1326434204221493e-8	1.012017691339935e-9	3.9598391890200605e-5
629.0	2.2350735395285293e-8	1.7240841976944642e-9	3.849991683148479e-6	1.1328767476950465e-8	1.0113894533557454e-9	3.9598391710288e-5
630.0	2.2315998627982847e-8	1.7239176531439851e-9	3.849991166044704e-6	1.1327578751030584e-8	1.0116283735362384e-9	3.959839148042043e-5
631.0	2.2315065814775864e-8	1.7257717771283925e-9	3.849991262987327e-6	1.1329592884392704e-8	1.0114094927770413e-9	3.9598391460545134e-5
632.0	2.2358496237311934e-8	1.7253461066775942e-9	3.84999140977219e-6	1.1329700609189967e-8	1.0113230495915673e-9	3.9598391218516264e-5
633.0	2.2350141550678807e-8	1.7258437976141914e-9	3.8499913119605e-6	1.1331648786109382e-8	1.011368993070188e-9	3.959839148541179e-5
634.0	2.234920664318089e-8	1.7268756614936568e-9	3.849991721369485e-6	1.1331860986674735e-8	1.011008336267091e-9	3.9598391194565676e-5
635.0	2.2334498332755507e-8	1.724669855851571e-9	3.849991986946275e-6	1.1332280459710251e-8	1.01152986975589e-9	3.959839170020349e-5
636.0	2.2327928853292173e-8	1.7250668376773073e-9	3.849991561459046e-6	1.1330957892432883e-8	1.0111249277225259e-9	3.9598391365550145e-5
637.0	2.2333112858316116e-8	1.7244911882111535e-9	3.8499911458418906e-6	1.1330042611856077e-8	1.0116154227356407e-9	3.959839186059336e-5
638.0	2.2349438895213747e-8	1.7244216576232273e-9	3.849991511760864e-6	1.1329061536495199e-8	1.0114898966105602e-9	3.959839144954568e-5
639.0	2.2375558453405715e-8	1.7261925834335433e-9	3.849991449704136e-6	1.1327271082398725e-8	1.0119506813015624e-9	3.959839191419609e-5
640.0	2.235476338304001e-8	1.7262405514098355e-9	3.849991754912235e-6	1.1328473148293614e-8	1.0121892268366995e-9	3.959839136311175e-5
641.0	2.229608005772286e-8	1.7272271441344587e-9	3.849991775842246e-6	1.132599856435779e-8	1.0123317619396907e-9	3.959839189066623e-5
642.0	2.2317613351136162e-8	1.72581224112477e-9	3.849991681387012e-6	1.1328497327689542e-8	1.0129543289368561e-9	3.9598391301048715e-5
643.0	2.2354955772130187e-8	1.7269136018871746e-9	3.849991349229195e-6	1.1327368638034375e-8	1.012649395437009e-9	3.959839192420466e-5
644.0	2.2383159571652696e-8	1.7261053647014195e-9	3.849991870720719e-6	1.1330435830686681e-8	1.013081696241515e-9	3.959839154586744e-5
645.0	2.232742134281328e-8	1.7262754957829588e-9	3.849992282493053e-6	1.133038503965989e-8	1.0125487584623956e-9	3.9598391873374166e-5
646.0	2.2315273546355712e-8	1.7261980533113627e-9	3.849991640106826e-6	1.1332333240233579e-8	1.0125861853089211e-9	3.959839187751188e-5
647.0	2.2339975326113977e-8	1.7261039651460526e-9	3.849991468089079e-6	1.1332454898024896e-8	1.012153489522764e-9	3.9598391875211435e-5
648.0	2.2332682605461067e-8	1.7267189773126298e-9	3.849991643285536e-6	1.1333073261353675e-8	1.0119512857636619e-9	3.959839232858218e-5
649.0	2.23496752488472e-8	1.7273485724623631e-9	3.849991036183977e-6	1.1332443383106875e-8	1.0119335477283897e-9	3.959839209031527e-5
650.0	2.2346915802667973e-8	1.7268234461112235e-9	3.8499914591322795e-6	1.1331653835966896e-8	1.0114996392560905e-9	3.9598392693366204e-5
651.0	2.2362568407793204e-8	1.7268284509745975e-9	3.8499926397401125e-6	1.1330851862915023e-8	1.0118684629421171e-9	3.9598392366932384e-5
652.0	2.231353041287347e-8	1.7256067955286208e-9	3.849991772465148e-6	1.1328059768200217e-8	1.0113125774295069e-9	3.959839297484295e-5
653.0	2.2319137142888738e-8	1.7257602303122028e-9	3.849990715729675e-6	1.1328411418920866e-8	1.0115688459537554e-9	3.959839258373744e-5
654.0	2.2351784997590606e-8	1.727009432791783e-9	3.849991160238384e-6	1.132539754409425e-8	1.0111375688517703e-9	3.959839306266744e-5
655.0	2.2406475132583997e-8	1.7260796562626495e-9	3.849991400883673e-6	1.1326492945669465e-8	1.0109777052841698e-9	3.959839263986134e-5
656.0	2.23490862387525e-8	1.7277479155947938e-9	3.849991189162803e-6	1.1325476045496846e-8	1.0109548269402104e-9	3.959839318584648e-5
657.0	2.2301393013154076e-8	1.726588035428715e-9	3.849991727601649e-6	1.1327872892559035e-8	1.010479991738699e-9	3.959839268281643e-5
658.0	2.2348182869607707e-8	1.726934626599857e-9	3.849991825791446e-6	1.1328966068032281e-8	1.0111035924462552e-9	3.9598393347221707e-5
659.0	2.2363966275989493e-8	1.728118921828942e-9	3.849991251870549e-6	1.133159024908027e-8	1.0108051625673772e-9	3.959839293030348e-5
660.0	2.2385411762787113e-8	1.7272646350035196e-9	3.8499914189095164e-6	1.1333279504016757e-8	1.0115324699715766e-9	3.9598393538438195e-5
661.0	2.232744022627332e-8	1.7289806081936145e-9	3.849991370633733e-6	1.1334509516999147e-8	1.0115533793494159e-9	3.959839325855302e-5
662.0	2.234684843466834e-8	1.7283635417833295e-9	3.849992281722958e-6	1.1335364849586492e-8	1.0117945629594547e-9	3.9598393524164545e-5
663.0	2.235198332638053e-8	1.7296962851375887e-9	3.849991943449118e-6	1.1334481362527281e-8	1.0121048485776298e-9	3.959839350598597e-5
664.0	2.234471026090865e-8	1.7276247923077058e-9	3.849991591079006e-6	1.1334282967626907e-8	1.0117335058880882e-9	3.9598393422630305e-5
665.0	2.235599888588155e-8	1.7271819152867624e-9	3.849991315970448e-6	1.1330685928445858e-8	1.0123521319832126e-9	3.95983935493264e-5
666.0	2.2362431061092344e-8	1.7286816898812385e-9	3.849991624959444e-6	1.1330060684050011e-8	1.0119562708701996e-9	3.95983933965667e-5
667.0	2.237123714785623e-8	1.7267836624904788e-9	3.849991571242895e-6	1.1325599786553054e-8	1.012476294780375e-9	3.959839331390416e-5
668.0	2.2330820181399966e-8	1.7279584911501709e-9	3.849991726848965e-6	1.1326268349790543e-8	1.012391245445778e-9	3.959839331397509e-5
669.0	2.2365436022769518e-8	1.7282052041572351e-9	3.849991697852985e-6	1.1323770632110363e-8	1.0123205277423606e-9	3.9598392845239055e-5
670.0	2.236380551842108e-8	1.7283636523556114e-9	3.849991241000469e-6	1.1326290440897368e-8	1.012533299692971e-9	3.959839292129379e-5
671.0	2.2381477648078517e-8	1.729828276289972e-9	3.8499916828889785e-6	1.1326137773461087e-8	1.0121179982957112e-9	3.9598392412954056e-5
672.0	2.2335618598922084e-8	1.7279703346132928e-9	3.849991210743318e-6	1.1329027207882013e-8	1.0124319525280947e-9	3.9598392582310115e-5
673.0	2.235565084658442e-8	1.7268656699148688e-9	3.849991352699117e-6	1.1330617564486446e-8	1.0121092160294948e-9	3.959839241372374e-5
674.0	2.2378940422901586e-8	1.727399908880395e-9	3.8499916743176175e-6	1.1332002970251843e-8	1.012334439731705e-9	3.959839241219581e-5
675.0	2.238398793050527e-8	1.727366546465347e-9	3.84999100116204e-6	1.1334751263653755e-8	1.0121463379420213e-9	3.9598392528190794e-5
676.0	2.234214514780897e-8	1.7273745529352481e-9	3.849990827435481e-6	1.1333775517916107e-8	1.012028108992331e-9	3.9598392211692475e-5
677.0	2.235026248835163e-8	1.7291342960671393e-9	3.849991837409168e-6	1.1335624564942265e-8	1.0118763726103012e-9	3.959839249499551e-5
678.0	2.2356515738948324e-8	1.7285888978037418e-9	3.849992410166858e-6	1.1332056836557575e-8	1.0115982820045908e-9	3.959839211033936e-5
679.0	2.2386341042470545e-8	1.730521719716004e-9	3.849991807036629e-6	1.1332091135268345e-8	1.011742455230467e-9	3.959839228608898e-5
680.0	2.2370964011188346e-8	1.7297962108987673e-9	3.849991941697685e-6	1.1327141767088785e-8	1.011514136387186e-9	3.959839196924095e-5
681.0	2.2345917631477482e-8	1.729688679471627e-9	3.849991345760051e-6	1.1327716320808438e-8	1.0117569726360736e-9	3.9598392114466564e-5
682.0	2.2362958948100653e-8	1.7297511715476473e-9	3.849990766089771e-6	1.1324649288126325e-8	1.0116726874199826e-9	3.959839185166401e-5
683.0	2.2361075221257968e-8	1.7293047247318825e-9	3.849991351715797e-6	1.1327167835374685e-8	1.0116772302668067e-9	3.959839197851868e-5
684.0	2.2383128101793e-8	1.7310052263990516e-9	3.849992385378046e-6	1.1325426797275605e-8	1.0115845355871822e-9	3.959839171110918e-5
685.0	2.2378562721503085e-8	1.7306180271515513e-9	3.849992072425883e-6	1.1329266989147489e-8	1.0114993652647491e-9	3.9598391900005045e-5
686.0	2.2359589891516707e-8	1.732001794103847e-9	3.849991975191966e-6	1.132845427323935e-8	1.0114952932771959e-9	3.95983915472045e-5
687.0	2.23652474187293e-8	1.7310305422278032e-9	3.849991808910949e-6	1.1331213736634715e-8	1.0116465879691668e-9	3.959839192039388e-5
688.0	2.2374008446635482e-8	1.7300194077780078e-9	3.84999132803586e-6	1.13329506832537e-8	1.0117213292564368e-9	3.959839157755903e-5
689.0	2.2373301354994342e-8	1.7305812469026646e-9	3.849991103997413e-6	1.1333327568517704e-8	1.0118904766735947e-9	3.9598392053046545e-5
690.0	2.2394192735363882e-8	1.7305794213329026e-9	3.849991709296662e-6	1.133573273431014e-8	1.0119485545223666e-9	3.959839168180503e-5
691.0	2.2366035753852336e-8	1.7311721812574193e-9	3.849991284382005e-6	1.1332701711558098e-8	1.0118190125193974e-9	3.959839190134193e-5
692.0	2.2374200368717852e-8	1.7316695075246283e-9	3.849991556396448e-6	1.1333837656755018e-8	1.0119875549567535e-9	3.9598391705153443e-5
693.0	2.2365491095330626e-8	1.732039140699325e-9	3.84999176670805e-6	1.1328947777625754e-8	1.011786795949273e-9	3.959839161861197e-5
694.0	2.2359241638636226e-8	1.7328033453379125e-9	3.84999202160797e-6	1.1329672368984123e-8	1.0121443744603978e-9	3.9598391825317054e-5
695.0	2.240194743779671e-8	1.7324546153293225e-9	3.8499913515505876e-6	1.1326534353502532e-8	1.0121018990411319e-9	3.959839153295711e-5
696.0	2.236349688687249e-8	1.7306119321537943e-9	3.849991883813421e-6	1.1327948101906508e-8	1.0123536864527669e-9	3.959839212884367e-5
697.0	2.2371260545751827e-8	1.7317779087466239e-9	3.849991399690995e-6	1.1325818882282792e-8	1.0123442430972348e-9	3.959839176635141e-5
698.0	2.2362887297043275e-8	1.7308117696839634e-9	3.849991441681613e-6	1.1328503455968517e-8	1.0122683325160771e-9	3.9598392402353364e-5
699.0	2.236867812519871e-8	1.7320745514412441e-9	3.849991744883619e-6	1.1327091935698873e-8	1.012343208344082e-9	3.959839203655757e-5
700.0	2.2397200166752994e-8	1.7330578839020447e-9	3.8499915954232925e-6	1.132927147705551e-8	1.0121245614562139e-9	3.9598392538279594e-5
701.0	2.2365901452155086e-8	1.7333879992480102e-9	3.849991433959666e-6	1.1329522505391182e-8	1.0124231625939928e-9	3.959839226489111e-5
702.0	2.2365728620715888e-8	1.73289531504333e-9	3.849991141608517e-6	1.1330427753701004e-8	1.0120654205174487e-9	3.959839257755366e-5
703.0	2.2378899994593785e-8	1.7327075824463967e-9	3.849992279991669e-6	1.133106454211089e-8	1.0122459016039858e-9	3.959839239617296e-5
704.0	2.2368436542483312e-8	1.7322995309521385e-9	3.849992316678117e-6	1.1329972749705883e-8	1.0119034772890921e-9	3.959839255003733e-5
705.0	2.2404415155969077e-8	1.7314869164848572e-9	3.84999184788621e-6	1.1331230911376218e-8	1.0117798586517463e-9	3.959839266000133e-5
706.0	2.2370228622292618e-8	1.7322999156239045e-9	3.8499909990761225e-6	1.132901665143138e-8	1.0117531544909035e-9	3.959839277589107e-5
707.0	2.2371046286915017e-8	1.7329609970476064e-9	3.849990422001266e-6	1.1331113965041492e-8	1.0115255499772603e-9	3.959839317420882e-5
708.0	2.2360344593395433e-8	1.7337411545925423e-9	3.849991254956133e-6	1.1329911408532518e-8	1.0118008770166281e-9	3.959839313058903e-5
709.0	2.2379444822475256e-8	1.7351527831714664e-9	3.849991329976444e-6	1.133122717805684e-8	1.0114365797012909e-9	3.959839355632755e-5
710.0	2.2395572199596862e-8	1.7349270367801494e-9	3.849992469580537e-6	1.1330735095107194e-8	1.0119372574535056e-9	3.95983933318128e-5
711.0	2.238614214963759e-8	1.7348882320846324e-9	3.8499923992889895e-6	1.1331115120886574e-8	1.0115375226709847e-9	3.95983934697328e-5
712.0	2.235044998993148e-8	1.7334904676137905e-9	3.849991595507573e-6	1.133123070414758e-8	1.011814175414525e-9	3.9598393245251726e-5
713.0	2.2359821589832087e-8	1.7332031707873693e-9	3.849990220350315e-6	1.1331136514000465e-8	1.0117057808501155e-9	3.959839331980341e-5
714.0	2.239493389276527e-8	1.733168743963279e-9	3.849990437027639e-6	1.1331087043661518e-8	1.0115531768361253e-9	3.959839303066259e-5
715.0	2.2406216425953723e-8	1.7341947053977971e-9	3.8499920425072e-6	1.1330359553573975e-8	1.011789621225736e-9	3.9598393178462094e-5
716.0	2.234670740665971e-8	1.7346579020465119e-9	3.8499920281620025e-6	1.132903387941828e-8	1.0115319162115486e-9	3.9598392966900634e-5
717.0	2.236390688491479e-8	1.734518998948059e-9	3.8499915740667e-6	1.1326919696799892e-8	1.012166580980811e-9	3.959839314906471e-5
718.0	2.2370296900853073e-8	1.7352879473473522e-9	3.849992196840579e-6	1.132705009393398e-8	1.0119808757740859e-9	3.959839303815767e-5
719.0	2.2405316380914024e-8	1.7356922714246304e-9	3.849991761221122e-6	1.1324673763402513e-8	1.0125914580125092e-9	3.959839317521909e-5
720.0	2.2384522217382606e-8	1.735798743373228e-9	3.849990595945795e-6	1.1326986256855532e-8	1.0124048976739005e-9	3.9598392986598364e-5
721.0	2.234251836694481e-8	1.7360779199636652e-9	3.849991778193474e-6	1.1326407807507027e-8	1.01253243596787e-9	3.959839308573727e-5
722.0	2.2380217095864663e-8	1.7365882650568645e-9	3.849991829833646e-6	1.132846518759038e-8	1.0125099950443292e-9	3.959839291313631e-5
723.0	2.2359196538358827e-8	1.735681129934696e-9	3.849991576625296e-6	1.133023925201818e-8	1.012092829098615e-9	3.9598393023010725e-5
724.0	2.2383311631939656e-8	1.7354677895020045e-9	3.849991616914616e-6	1.1331176566059278e-8	1.0124591183426124e-9	3.9598392905783595e-5
725.0	2.237819681542528e-8	1.7362269480397747e-9	3.849991974592255e-6	1.1334441424132343e-8	1.0118654545096412e-9	3.95983928577595e-5
726.0	2.238349887127073e-8	1.7350127194144156e-9	3.849991470029562e-6	1.133387019541615e-8	1.0121579749032552e-9	3.959839278312167e-5
727.0	2.2385735151572067e-8	1.734562228915065e-9	3.849991484159329e-6	1.1336605979373809e-8	1.0117944680531185e-9	3.959839260649304e-5
728.0	2.2329317096195384e-8	1.7358982861212893e-9	3.849991614655426e-6	1.1334031276064984e-8	1.0117111147484983e-9	3.959839236144111e-5
729.0	2.237139492761879e-8	1.7363880519107471e-9	3.849991602288207e-6	1.1334047707520047e-8	1.01165056535665e-9	3.959839219892166e-5
730.0	2.2393474389838202e-8	1.7370377628619934e-9	3.8499914049430434e-6	1.1329861947381088e-8	1.0113150022590228e-9	3.9598391924048956e-5
731.0	2.2402411466928656e-8	1.7363663097215946e-9	3.849991656425291e-6	1.1328453843852986e-8	1.0116905313858002e-9	3.9598391936785337e-5
732.0	2.2372711142814968e-8	1.7376034067094232e-9	3.8499911975595226e-6	1.132406168735976e-8	1.0112238646475883e-9	3.9598391783004635e-5
733.0	2.2335395116066888e-8	1.7362694323887704e-9	3.8499914088745325e-6	1.1324461143912798e-8	1.0117309030014392e-9	3.959839167461772e-5
734.0	2.239262552756776e-8	1.736579302171863e-9	3.849991191889401e-6	1.1322318155707692e-8	1.0114424517056697e-9	3.959839179705506e-5
735.0	2.2397921310473125e-8	1.7361393915819822e-9	3.849992188436345e-6	1.1324561587220491e-8	1.0117657457191313e-9	3.959839137838849e-5
736.0	2.2394020866039412e-8	1.7367983321608154e-9	3.849991689158262e-6	1.1326371170088649e-8	1.0117947150711585e-9	3.959839187575696e-5
737.0	2.2359759120965224e-8	1.736656476117465e-9	3.849991209615579e-6	1.1328979119152331e-8	1.0116606974678792e-9	3.9598391272348515e-5
738.0	2.2358954115231848e-8	1.737234262018294e-9	3.849990996887415e-6	1.1333940873978056e-8	1.012038415027963e-9	3.9598392096224496e-5
739.0	2.2377716602780464e-8	1.738449076009281e-9	3.8499908583555294e-6	1.1334938641233657e-8	1.0115962994548544e-9	3.959839162363577e-5
740.0	2.2378470131525163e-8	1.736987569703772e-9	3.849991275392419e-6	1.1339954595989821e-8	1.0120589722441173e-9	3.9598392337464094e-5
741.0	2.2372068190467993e-8	1.7378884570840488e-9	3.8499921588682995e-6	1.1337925651090211e-8	1.012040296242092e-9	3.959839214901246e-5
742.0	2.2376188715188773e-8	1.737365963494212e-9	3.849992393947178e-6	1.1339421360801142e-8	1.012226599235695e-9	3.959839244685082e-5
743.0	2.237928707192589e-8	1.7366707222185208e-9	3.8499917009811195e-6	1.133406488684212e-8	1.012647936785421e-9	3.959839251013642e-5
744.0	2.2374680083186762e-8	1.7372860106304327e-9	3.849991404400172e-6	1.1331790781769632e-8	1.0124025709097583e-9	3.9598392318255095e-5
745.0	2.2362864053862514e-8	1.738201119117216e-9	3.84999140260946e-6	1.1324965231860267e-8	1.012674719906025e-9	3.959839250934746e-5
746.0	2.2377177047810033e-8	1.7391619456408465e-9	3.849990913485947e-6	1.1323075634242507e-8	1.0122470415637175e-9	3.959839216509535e-5
747.0	2.2393350684253173e-8	1.738672480068853e-9	3.849992038285217e-6	1.1318441384454511e-8	1.0122077688892027e-9	3.9598392467752364e-5
748.0	2.238258683636841e-8	1.7404009061063848e-9	3.849991985786884e-6	1.131959014963242e-8	1.0120185476703595e-9	3.9598392244475286e-5
749.0	2.2370107443979015e-8	1.7398227015664244e-9	3.849991348153444e-6	1.132052154036274e-8	1.0117391040791307e-9	3.9598392414605845e-5
750.0	2.2359100416762713e-8	1.7387265173758022e-9	3.849991470560342e-6	1.1324514259240648e-8	1.0121431116597391e-9	3.9598392347383426e-5
751.0	2.2377839511798154e-8	1.737209176283822e-9	3.849992268706478e-6	1.1330106483163275e-8	1.0116834693546013e-9	3.9598392422689446e-5
752.0	2.240154914991409e-8	1.7372665862491086e-9	3.8499918501538765e-6	1.1334555494797875e-8	1.0122032139868605e-9	3.9598392465855126e-5
753.0	2.2366680816832687e-8	1.7372744101899706e-9	3.849991298070794e-6	1.1341056329636654e-8	1.0117842499909834e-9	3.9598392629272156e-5
754.0	2.2361858676521466e-8	1.7378599574601953e-9	3.849991690306469e-6	1.1341674651688656e-8	1.0117845362577178e-9	3.959839265146383e-5
755.0	2.2386061803384627e-8	1.7389705592655623e-9	3.849991092129239e-6	1.1344048315809651e-8	1.0116692306697098e-9	3.9598392939216344e-5
756.0	2.2370332845093518e-8	1.740107777975082e-9	3.849990849298946e-6	1.1339788528484834e-8	1.0113566746974774e-9	3.959839296373061e-5
757.0	2.2383309748560413e-8	1.7401093673618584e-9	3.849992100023403e-6	1.1337365294242411e-8	1.0116873636057302e-9	3.959839336954969e-5
758.0	2.236075425347903e-8	1.739249867417423e-9	3.849992589177864e-6	1.133036480532294e-8	1.0112216453626543e-9	3.9598393377988254e-5
759.0	2.2400090445538636e-8	1.740213199212747e-9	3.8499917536970205e-6	1.1326900712438028e-8	1.0117898842417617e-9	3.959839364671063e-5
760.0	2.2412300260011516e-8	1.7386073349145753e-9	3.849991320826698e-6	1.1320336693873883e-8	1.0115773992190585e-9	3.9598393675055346e-5
761.0	2.2360805807025353e-8	1.7391987964598024e-9	3.849991516035948e-6	1.131983030740084e-8	1.011672932741293e-9	3.95983937245823e-5
762.0	2.235584305160178e-8	1.739159032798843e-9	3.849990932310735e-6	1.1318527085721696e-8	1.0120185461083674e-9	3.9598393961207355e-5
763.0	2.240668241662671e-8	1.7386234493468783e-9	3.849992077818057e-6	1.1321799691070264e-8	1.0117579624312365e-9	3.959839382862995e-5
764.0	2.2411179461614473e-8	1.7396263772163258e-9	3.849992072097739e-6	1.1326025888572925e-8	1.012453521163044e-9	3.9598394265008366e-5
765.0	2.240293317143648e-8	1.7391144837530062e-9	3.849991975889134e-6	1.1331474102364052e-8	1.0117992302281726e-9	3.959839381733215e-5
766.0	2.2333970961682765e-8	1.7411038278139498e-9	3.849991189491588e-6	1.1337456941879518e-8	1.0122615980261422e-9	3.959839412207591e-5
767.0	2.236865096288584e-8	1.7392303245755497e-9	3.849991436561065e-6	1.1340748539703628e-8	1.011728555434465e-9	3.959839359147261e-5
768.0	2.2400636359527627e-8	1.740014560284468e-9	3.849991415743396e-6	1.1343397332181834e-8	1.0118047058428225e-9	3.959839367532087e-5
769.0	2.2391371750004103e-8	1.740822227022558e-9	3.849991878111659e-6	1.1341856856122572e-8	1.0120362436254155e-9	3.959839339616702e-5
770.0	2.2387703311372385e-8	1.7391055359419921e-9	3.849992266358944e-6	1.1339709440830725e-8	1.011700929842939e-9	3.959839311956424e-5
771.0	2.2371008345564258e-8	1.7389982329871443e-9	3.849991707894888e-6	1.1334011600178186e-8	1.0125129414193041e-9	3.959839307096075e-5
772.0	2.2397419237069732e-8	1.738104027198012e-9	3.849991195940276e-6	1.1329164304758331e-8	1.011752490755396e-9	3.959839271697438e-5
773.0	2.2372985471704035e-8	1.7384402760513699e-9	3.8499910614196735e-6	1.1323469483687779e-8	1.012395517182187e-9	3.959839293023697e-5
774.0	2.2404150416877967e-8	1.7383372565979189e-9	3.849991699921e-6	1.1320357008511963e-8	1.0116950639675636e-9	3.95983926755175e-5
775.0	2.2412720645837026e-8	1.7412468149416177e-9	3.84999159049876e-6	1.1318197565311062e-8	1.011998262193826e-9	3.9598392926414485e-5
776.0	2.2398660173433694e-8	1.7404836882418374e-9	3.849991803744034e-6	1.131966649271363e-8	1.0119401389637236e-9	3.959839270608319e-5
777.0	2.2366681156359028e-8	1.7412853298911333e-9	3.8499919480115285e-6	1.1322693161340076e-8	1.011575631471379e-9	3.959839295631384e-5
778.0	2.235767466578669e-8	1.7405710428602727e-9	3.849991817900252e-6	1.1328135730778907e-8	1.0121118533836711e-9	3.959839266383836e-5
779.0	2.241579033904966e-8	1.7397318256387597e-9	3.849990939492795e-6	1.1333754779142158e-8	1.0113474083229425e-9	3.9598392826938854e-5
780.0	2.2398782709979702e-8	1.739507566230818e-9	3.849991633284989e-6	1.1340118547497287e-8	1.0120274784830236e-9	3.959839242500605e-5
781.0	2.2378460562101034e-8	1.7386107890637722e-9	3.849992095670488e-6	1.1343292455821696e-8	1.0114801459195713e-9	3.9598392600203706e-5
782.0	2.2367036537506382e-8	1.7399067173394725e-9	3.849991084963683e-6	1.1345229337642348e-8	1.0121283565600685e-9	3.959839218751623e-5
783.0	2.238570946545245e-8	1.7393193187656675e-9	3.849991280200595e-6	1.1343424505160463e-8	1.0120453335148783e-9	3.959839246605566e-5
784.0	2.2391328149836813e-8	1.7419248311659925e-9	3.849991576962201e-6	1.1339678704361513e-8	1.0119849294878018e-9	3.959839200856172e-5
785.0	2.23899959413196e-8	1.741456405621451e-9	3.849991545688499e-6	1.133400703803316e-8	1.0122425474048073e-9	3.9598392250191105e-5
786.0	2.239479713039887e-8	1.7412131660426336e-9	3.849991374554524e-6	1.132917893896823e-8	1.0114995740711191e-9	3.9598392025273805e-5
787.0	2.240102979006615e-8	1.7418365269068182e-9	3.8499921345199826e-6	1.1323554878514715e-8	1.0119306907542671e-9	3.9598392021283744e-5
788.0	2.238152040160968e-8	1.7406336691770662e-9	3.84999222524387e-6	1.1320741650437169e-8	1.011345258713669e-9	3.959839239178893e-5
789.0	2.238163595581089e-8	1.7408771497520764e-9	3.849991347842358e-6	1.1318082283136951e-8	1.0118061001902253e-9	3.959839197278287e-5
790.0	2.2409864519071898e-8	1.7416577259813696e-9	3.849991238142519e-6	1.131990539651099e-8	1.0118775907937683e-9	3.959839263040267e-5
791.0	2.2414167634625938e-8	1.7416562830851415e-9	3.849991122031289e-6	1.1321739046533808e-8	1.012240604911254e-9	3.959839187358671e-5
792.0	2.23891883738466e-8	1.7416948789943922e-9	3.849991969897944e-6	1.1326721503569385e-8	1.0122610020012008e-9	3.959839237412584e-5
793.0	2.2368145437617556e-8	1.7422397461182303e-9	3.849992082160325e-6	1.1332287417735678e-8	1.012236582633669e-9	3.959839184627068e-5
794.0	2.2389707040956852e-8	1.741049931353269e-9	3.849991942148504e-6	1.1336472636917797e-8	1.0120844485181114e-9	3.959839205777218e-5
795.0	2.2420922617310585e-8	1.741279817723063e-9	3.849991809469949e-6	1.1341117778206876e-8	1.0120398314681048e-9	3.959839205105994e-5
796.0	2.2376718250798255e-8	1.7423441078345407e-9	3.849991107261478e-6	1.1341539091174423e-8	1.011934994243608e-9	3.959839191166268e-5
797.0	2.2358496112694666e-8	1.7412653631431283e-9	3.849991101784676e-6	1.1342379433274847e-8	1.0121217675850973e-9	3.959839236446791e-5
798.0	2.240000378050036e-8	1.7415800493245976e-9	3.8499918684940185e-6	1.1339199020211762e-8	1.0122058403261826e-9	3.959839198893636e-5
799.0	2.2401410034537333e-8	1.7425071270140116e-9	3.849992410195122e-6	1.1337601149377981e-8	1.0122834705091374e-9	3.959839262661536e-5
800.0	2.2404119150907117e-8	1.7423180225822849e-9	3.8499915480872e-6	1.1332333583957766e-8	1.0125641270531619e-9	3.959839230686778e-5
