turn	ele_ex	ele_ey	ele_ez	pro_ex	pro_ey	pro_ez
0.0	2.042863688674095e-8	1.6115897272034455e-9	3.849993070495706e-6	1.1281234336020398e-8	1.0034661128962659e-9	3.9598392805126434e-5
1.0	2.0954541261881518e-8	1.6253912563334933e-9	3.8499941414640676e-6	1.128383457643167e-8	1.0051218186181513e-9	3.959839271473497e-5
2.0	2.107320699983082e-8	1.623152478754878e-9	3.849995304497412e-6	1.1299838294658445e-8	1.0055002315914807e-9	3.9598393293500505e-5
3.0	2.08724404711224e-8	1.63039862516533e-9	3.849993551753733e-6	1.1317132916986232e-8	1.0067905670677242e-9	3.9598392723149244e-5
4.0	2.079193947315382e-8	1.6414609628749005e-9	3.849993678073384e-6	1.1335205302173208e-8	1.0076960630762884e-9	3.9598392947593805e-5
5.0	2.1525694845292326e-8	1.633612459915968e-9	3.8499935708829266e-6	1.1342350611944055e-8	1.0074262152549984e-9	3.9598392460192514e-5
6.0	2.2092893156527798e-8	1.6403776801963548e-9	3.8499925414530435e-6	1.1350505803385485e-8	1.0085851901264188e-9	3.95983926582416e-5
7.0	2.1616804028815298e-8	1.6346641858790241e-9	3.8499942092555634e-6	1.1349126460558899e-8	1.0082966034314393e-9	3.959839250954881e-5
8.0	2.1431101839330328e-8	1.6375559771014553e-9	3.8499944884977605e-6	1.1341936974103332e-8	1.009647243723391e-9	3.959839227497502e-5
9.0	2.1917772640647303e-8	1.646035093998536e-9	3.849993474339369e-6	1.1332408854246117e-8	1.0100072203299244e-9	3.959839256195947e-5
10.0	2.2617315940014577e-8	1.6408257629247236e-9	3.849993201003754e-6	1.1317543341274955e-8	1.011153545958225e-9	3.9598392186226124e-5
11.0	2.2368606149847166e-8	1.644843275343275e-9	3.849993630267175e-6	1.130339118926515e-8	1.0118062025684389e-9	3.959839272437323e-5
12.0	2.1909296132976357e-8	1.6450171054700915e-9	3.8499934195301795e-6	1.1288220451642718e-8	1.012141739537465e-9	3.959839219203226e-5
13.0	2.2032618679828194e-8	1.6435836321296305e-9	3.849993686171041e-6	1.1282488208558823e-8	1.0124514860469683e-9	3.959839252258683e-5
14.0	2.2381354734750773e-8	1.6475716647182912e-9	3.8499938662635e-6	1.128026125036384e-8	1.0121233435838235e-9	3.9598392137649334e-5
15.0	2.2428801272835958e-8	1.6461095809261416e-9	3.849993149368874e-6	1.1287378786899445e-8	1.0122829670021727e-9	3.959839206892496e-5
16.0	2.2228338491138152e-8	1.644254393832003e-9	3.8499933025148224e-6	1.1295722668351661e-8	1.0118361471760038e-9	3.959839213288589e-5
17.0	2.215946854853925e-8	1.6451283337702473e-9	3.8499935373313205e-6	1.1310741505793846e-8	1.0115642455416339e-9	3.959839181808442e-5
18.0	2.218545701777179e-8	1.6444981140297323e-9	3.849993893328355e-6	1.132308684662809e-8	1.0108825425177863e-9	3.959839212499578e-5
19.0	2.222007890525194e-8	1.6465327997041658e-9	3.849994216102984e-6	1.1334461044230638e-8	1.010187349183289e-9	3.9598391731561e-5
20.0	2.2267267907574567e-8	1.6473026417108426e-9	3.849993685077113e-6	1.1340870683306445e-8	1.0092667348025338e-9	3.95983919436339e-5
21.0	2.2319977476811184e-8	1.6465892801639924e-9	3.849992923287087e-6	1.1339730601769888e-8	1.0087774841325617e-9	3.959839179092574e-5
22.0	2.225094684297079e-8	1.6478629651641937e-9	3.849993591339392e-6	1.1337233881446644e-8	1.0079623241134092e-9	3.95983915991626e-5
23.0	2.2179213527716883e-8	1.647274253864663e-9	3.849993984844386e-6	1.1325697114523041e-8	1.007730395523146e-9	3.9598391723089115e-5
24.0	2.2200273296157766e-8	1.6471011981503596e-9	3.849993474342369e-6	1.1318414306350445e-8	1.0071948924255311e-9	3.959839117738377e-5
25.0	2.229689012373794e-8	1.6471013516970949e-9	3.8499940421674395e-6	1.1305871677773167e-8	1.0070021410782735e-9	3.959839152925912e-5
26.0	2.2303188197600063e-8	1.6469045455744358e-9	3.849993931689475e-6	1.1301917068048093e-8	1.0071297327337253e-9	3.959839114245365e-5
27.0	2.2268429274809373e-8	1.6475144378244614e-9	3.849992758142983e-6	1.1296100990018262e-8	1.0069890643958744e-9	3.959839158020925e-5
28.0	2.224622374033081e-8	1.6471610976893695e-9	3.8499928973163706e-6	1.1300265398886399e-8	1.0077397480811554e-9	3.9598391423432616e-5
29.0	2.2227301584576643e-8	1.6489911971332342e-9	3.849994055538308e-6	1.1303175079072957e-8	1.0075335180534572e-9	3.959839163328932e-5
30.0	2.2284431929958784e-8	1.6479088843456642e-9	3.849993416288598e-6	1.131277393934309e-8	1.0084096548583357e-9	3.959839162763674e-5
31.0	2.2259325365810887e-8	1.6473550117969224e-9	3.8499931851078795e-6	1.131961660988019e-8	1.0082508038470822e-9	3.959839163620707e-5
32.0	2.2329111006318343e-8	1.6472734600241393e-9	3.8499935334592195e-6	1.1326654593310207e-8	1.0087886045741375e-9	3.9598391736524345e-5
33.0	2.2271626500963263e-8	1.6473270186812217e-9	3.849993032882002e-6	1.1331791620694596e-8	1.0090430867404336e-9	3.95983917426955e-5
34.0	2.2261773859310116e-8	1.6475797489378907e-9	3.849992696745704e-6	1.1330829125242382e-8	1.0090356264851245e-9	3.959839192117242e-5
35.0	2.2263072553708963e-8	1.6478833840729605e-9	3.8499937112352585e-6	1.1330859706974078e-8	1.009825144984808e-9	3.959839185044194e-5
36.0	2.2280860597300263e-8	1.6505219660873682e-9	3.849993731677172e-6	1.1322459568365703e-8	1.0094518448315576e-9	3.959839191489975e-5
37.0	2.231666771161762e-8	1.649369284434038e-9	3.84999304089996e-6	1.1319173272120428e-8	1.0104590750739394e-9	3.9598391689219846e-5
38.0	2.2268267786247425e-8	1.6496650279199542e-9	3.849993391608933e-6	1.1308643861528233e-8	1.010114242464928e-9	3.959839168518907e-5
39.0	2.2273115878770574e-8	1.6492726718177149e-9	3.849993249137394e-6	1.1307121399074854e-8	1.0106792306224031e-9	3.9598391446899535e-5
40.0	2.226885732768663e-8	1.6481744073039697e-9	3.849993499647132e-6	1.1301120168507563e-8	1.0104943802032546e-9	3.9598391487258365e-5
41.0	2.2290381350879797e-8	1.6491679973382145e-9	3.849993524451514e-6	1.1305203036467944e-8	1.0101567737821393e-9	3.959839138499106e-5
42.0	2.2269771231668137e-8	1.6481818060353326e-9	3.8499934436286e-6	1.130561147458281e-8	1.0100461169136697e-9	3.959839151798472e-5
43.0	2.2286580767732212e-8	1.6507336356110372e-9	3.8499931160731485e-6	1.1313348321442613e-8	1.009121912621407e-9	3.959839149288771e-5
44.0	2.2269706506912898e-8	1.6508417732090156e-9	3.849993461536525e-6	1.1317479932962908e-8	1.009263711838044e-9	3.959839169188045e-5
45.0	2.231599289293143e-8	1.6515914072194877e-9	3.849993400189712e-6	1.1322944843911964e-8	1.0084616397915165e-9	3.959839172999e-5
46.0	2.226813658006196e-8	1.6519589996783083e-9	3.849994020410084e-6	1.1327141777797175e-8	1.008676793141339e-9	3.9598391760503076e-5
47.0	2.2264453130052647e-8	1.6502328119050039e-9	3.849993491113948e-6	1.1326974381771526e-8	1.0083166935468134e-9	3.959839186088505e-5
48.0	2.227578908095732e-8	1.649227250759966e-9	3.8499928637521835e-6	1.1328893387632001e-8	1.0084104658481864e-9	3.9598391648160025e-5
49.0	2.2318596436180536e-8	1.6500760405888694e-9	3.849993203375404e-6	1.1322911524096e-8	1.0085245033329333e-9	3.959839180054667e-5
50.0	2.2315551865843658e-8	1.6500699857575633e-9	3.849993668250363e-6	1.1322736366913765e-8	1.0083853047734821e-9	3.95983915859122e-5
51.0	2.2274402781510334e-8	1.6512510275699455e-9	3.849993178093034e-6	1.131427488440692e-8	1.0087749210858981e-9	3.959839186380208e-5
52.0	2.2251456453786604e-8	1.6520090216731293e-9	3.849993451635687e-6	1.131489012196019e-8	1.0087257582065616e-9	3.959839190304678e-5
53.0	2.2287971837828503e-8	1.6519296541039023e-9	3.849993676838128e-6	1.1309052604928558e-8	1.008758846422888e-9	3.959839200192431e-5
54.0	2.2329644966049538e-8	1.652265830466465e-9	3.849992449264058e-6	1.1312915829162843e-8	1.0089306914472603e-9	3.959839222977186e-5
55.0	2.230375291452875e-8	1.6497905662191394e-9	3.849992800974836e-6	1.1311503691607041e-8	1.0089441885541668e-9	3.959839208074908e-5
56.0	2.2260967348980906e-8	1.6512669221938016e-9	3.849993806491029e-6	1.1316494745013534e-8	1.0094190528347597e-9	3.959839249948734e-5
57.0	2.224523637650416e-8	1.6504392813645137e-9	3.849993702381384e-6	1.1317093920914147e-8	1.0097329077599258e-9	3.959839219341816e-5
58.0	2.230844799506078e-8	1.6508244071247918e-9	3.849992815355827e-6	1.1320370704281105e-8	1.0101745533216571e-9	3.9598392543631405e-5
59.0	2.2294488733288755e-8	1.6537176008752994e-9	3.849993173134067e-6	1.1321550459478967e-8	1.0106206244679518e-9	3.959839226331163e-5
60.0	2.2261633794234786e-8	1.6525220848986206e-9	3.849993211505126e-6	1.1320902003086018e-8	1.0105567536920666e-9	3.9598392344970493e-5
61.0	2.2227826856174084e-8	1.6524320501508125e-9	3.849992959127118e-6	1.1322421744756567e-8	1.0108948752676861e-9	3.9598392241785224e-5
62.0	2.229084718717813e-8	1.6519952670042359e-9	3.849993286983851e-6	1.1317222856928389e-8	1.0103883711311197e-9	3.959839213410044e-5
63.0	2.229217165879243e-8	1.6515676654826218e-9	3.849993538919178e-6	1.1319944638787494e-8	1.0105592973973945e-9	3.9598392297925084e-5
64.0	2.2251058809026083e-8	1.650404211968379e-9	3.849993542388217e-6	1.1313564041113008e-8	1.0103447416484294e-9	3.959839216420099e-5
65.0	2.2242015391664428e-8	1.6517276822157779e-9	3.849993571774523e-6	1.1317489728336301e-8	1.0100125675505461e-9	3.959839236158079e-5
66.0	2.228557007838126e-8	1.653019763971359e-9	3.849993150853334e-6	1.1313815692693263e-8	1.0103387744417295e-9	3.959839230160533e-5
67.0	2.230830194675545e-8	1.6516345492214824e-9	3.849993386090143e-6	1.1319015624232733e-8	1.0095045252542047e-9	3.959839239465077e-5
68.0	2.2245156196678872e-8	1.6533698476134307e-9	3.8499930399538915e-6	1.1317737442259496e-8	1.0100933682153898e-9	3.959839249595004e-5
69.0	2.2212562576284955e-8	1.6525293832102454e-9	3.849992965552993e-6	1.1322362351150215e-8	1.0091255756978586e-9	3.9598392395740625e-5
70.0	2.228993013728393e-8	1.652403699887704e-9	3.84999338881398e-6	1.1320679674947032e-8	1.00950823473943e-9	3.959839254880132e-5
71.0	2.2313650246272644e-8	1.6515270004051393e-9	3.849993416752696e-6	1.132347274944694e-8	1.008920926462179e-9	3.959839223187273e-5
72.0	2.225367228388919e-8	1.6513843249768463e-9	3.849993664368318e-6	1.1320917678087057e-8	1.0086099042345076e-9	3.959839221649225e-5
73.0	2.2232890064749656e-8	1.6522156949751768e-9	3.849992817513924e-6	1.1320755165801062e-8	1.0087816247525847e-9	3.959839198816098e-5
74.0	2.2237611076821566e-8	1.6512228278717135e-9	3.849992840472557e-6	1.132024416755208e-8	1.0079333768027377e-9	3.95983917956016e-5
75.0	2.2364226258689196e-8	1.6540786777223512e-9	3.849992712233773e-6	1.1316515342784095e-8	1.0087777762132854e-9	3.9598391912661235e-5
76.0	2.225454684487862e-8	1.6517378004326401e-9	3.849993177791557e-6	1.131937950115248e-8	1.0078337020545927e-9	3.9598391594615515e-5
77.0	2.2236833817036307e-8	1.6518785953459415e-9	3.8499929195631505e-6	1.1314751692741782e-8	1.0087331241803338e-9	3.959839191053275e-5
78.0	2.2244618599567936e-8	1.6522390215994584e-9	3.849993280209884e-6	1.1320036451729218e-8	1.008332689971686e-9	3.9598391516709294e-5
79.0	2.23054297855784e-8	1.6512582523542598e-9	3.849993389150453e-6	1.1317481215487679e-8	1.0086439434605106e-9	3.9598391641555825e-5
80.0	2.231856565537642e-8	1.6522337560349157e-9	3.8499930122505134e-6	1.1322948151975988e-8	1.0093238078229797e-9	3.959839130444948e-5
81.0	2.223809523965707e-8	1.653025029599064e-9	3.849992737756934e-6	1.1321430236884906e-8	1.0088586416916004e-9	3.9598391169585915e-5
82.0	2.2227768671709155e-8	1.6530967105902296e-9	3.849993134417946e-6	1.1324941066383997e-8	1.010088058467838e-9	3.9598390915363755e-5
83.0	2.226638967682189e-8	1.6525945803772346e-9	3.8499931775209334e-6	1.1321970089460064e-8	1.0093476934570586e-9	3.9598390736655084e-5
84.0	2.231370318946732e-8	1.6534129576375481e-9	3.84999306608252e-6	1.1324280336373459e-8	1.010326857664725e-9	3.959839053156916e-5
85.0	2.2284116815832565e-8	1.6533627398974389e-9	3.849993442881594e-6	1.1320057174550412e-8	1.0099238394453858e-9	3.959839055442436e-5
86.0	2.2233015417464747e-8	1.6518622385277657e-9	3.849993059336365e-6	1.1320731129775203e-8	1.0102696585277432e-9	3.95983904489501e-5
87.0	2.221975560663424e-8	1.6517189628956565e-9	3.849993104741006e-6	1.1317729208730814e-8	1.0107343761771912e-9	3.9598390626561536e-5
88.0	2.227265972683035e-8	1.651947957136162e-9	3.849992901676118e-6	1.131551942577575e-8	1.0103430685531392e-9	3.9598390630465674e-5
89.0	2.230085265757515e-8	1.6510938386862768e-9	3.849993573597705e-6	1.131608250611765e-8	1.0113992917957251e-9	3.959839065991656e-5
90.0	2.227095402255633e-8	1.6535720631764507e-9	3.849993314129231e-6	1.1312697021469343e-8	1.0105794093960695e-9	3.959839079861925e-5
91.0	2.2208649226179215e-8	1.6528908432396102e-9	3.849992905715558e-6	1.1316432626401172e-8	1.0113183246980202e-9	3.959839063346462e-5
92.0	2.2238954092889038e-8	1.653385888339934e-9	3.849992776022453e-6	1.131426270462835e-8	1.0106203575750436e-9	3.959839096428769e-5
93.0	2.2275333701919937e-8	1.6538699392398739e-9	3.849992400602242e-6	1.1319393068453244e-8	1.0107334038273532e-9	3.9598390825879386e-5
94.0	2.2237967578154845e-8	1.654066935844124e-9	3.849993417652344e-6	1.1318329355921929e-8	1.0105213637036935e-9	3.959839119764632e-5
95.0	2.2230504779637318e-8	1.6522570942190778e-9	3.849993938297601e-6	1.132226386519438e-8	1.0099992008725694e-9	3.9598391242367614e-5
96.0	2.2242870612812946e-8	1.6517184012802182e-9	3.8499932573207815e-6	1.132073275223898e-8	1.010160267433988e-9	3.9598391321681205e-5
97.0	2.2276969532442953e-8	1.6520410460176803e-9	3.849992633016597e-6	1.1324203642063188e-8	1.0093029406000743e-9	3.959839160177359e-5
98.0	2.2211267084748464e-8	1.6507783659205832e-9	3.849992760022716e-6	1.1322339267329371e-8	1.0095989412710386e-9	3.959839146916591e-5
99.0	2.216896971709031e-8	1.6526971380265648e-9	3.849992110434544e-6	1.1324395891300821e-8	1.0088792749511477e-9	3.959839187141001e-5
100.0	2.2300655544322326e-8	1.6548829083030794e-9	3.849993068712979e-6	1.132282584572226e-8	1.009063891767097e-9	3.9598391839692626e-5
101.0	2.2310293354943638e-8	1.6540986808688896e-9	3.849994146645886e-6	1.1322181239215308e-8	1.0086991469960657e-9	3.959839216544252e-5
102.0	2.2251132000989127e-8	1.6539798252052997e-9	3.849993395795813e-6	1.1321585605204444e-8	1.0085921154085722e-9	3.9598392373462195e-5
103.0	2.2170871258258657e-8	1.6538507808609744e-9	3.849992414009383e-6	1.1319750202248745e-8	1.00847116006866e-9	3.9598392215857614e-5
104.0	2.224121864528693e-8	1.6523426133815025e-9	3.849992811204058e-6	1.132071341622523e-8	1.0081537962928268e-9	3.959839257240014e-5
105.0	2.2365859299601484e-8	1.6527670126751982e-9	3.8499929145953895e-6	1.1318569684396269e-8	1.0084651145845808e-9	3.959839195806081e-5
106.0	2.228872813893848e-8	1.6528666107698858e-9	3.849992925443703e-6	1.1320057850867449e-8	1.0081833030921467e-9	3.959839238839626e-5
107.0	2.2210318404582515e-8	1.6536787689876305e-9	3.849992894824926e-6	1.131743018764652e-8	1.0086889964582087e-9	3.959839158135544e-5
108.0	2.22123307207224e-8	1.6550105959800404e-9	3.8499936565244365e-6	1.1319447101019681e-8	1.0086573706673118e-9	3.959839213089565e-5
109.0	2.228627948765943e-8	1.6564299665522143e-9	3.849993105832223e-6	1.1317332959419183e-8	1.009052980241386e-9	3.959839142762956e-5
110.0	2.2322489636881247e-8	1.6551486486906002e-9	3.849992903916763e-6	1.1320165285684507e-8	1.0091959322171967e-9	3.9598392017871706e-5
111.0	2.225330620305962e-8	1.6539253060950421e-9	3.849993294161893e-6	1.1319529447997294e-8	1.009447441095641e-9	3.959839164526417e-5
112.0	2.2227298303484755e-8	1.6550192466609185e-9	3.849993140091667e-6	1.132144803528031e-8	1.0097926181448005e-9	3.9598392112935216e-5
113.0	2.2243543888931935e-8	1.652562900904923e-9	3.8499929814681e-6	1.132184528013092e-8	1.0099085574538091e-9	3.959839206361781e-5
114.0	2.229427933381359e-8	1.6525306419927836e-9	3.849992665460736e-6	1.1322053623174285e-8	1.0102477705779681e-9	3.95983920948512e-5
115.0	2.2297029221799783e-8	1.6540511336755824e-9	3.849993685043547e-6	1.1323082152555679e-8	1.0100969328787027e-9	3.9598392348821756e-5
116.0	2.2256359598032733e-8	1.6553270824089484e-9	3.849993154463035e-6	1.132238307777482e-8	1.0102098479921795e-9	3.95983919681355e-5
117.0	2.2212111285755064e-8	1.6544185471011372e-9	3.8499928526173315e-6	1.13231894804857e-8	1.0099225282480193e-9	3.9598392402384155e-5
118.0	2.2254239068039588e-8	1.6553311149844906e-9	3.849992829281398e-6	1.132141794023806e-8	1.0098672538466503e-9	3.9598391820830856e-5
119.0	2.2289109310173053e-8	1.655775889549079e-9	3.8499928160629775e-6	1.132174334383708e-8	1.0097438858868866e-9	3.959839226893331e-5
120.0	2.2254069730301114e-8	1.6540123316553673e-9	3.849992618326503e-6	1.1318817144519251e-8	1.0098003152640454e-9	3.959839172171794e-5
121.0	2.2203949697696742e-8	1.65361779307556e-9	3.849992797359488e-6	1.131897097237223e-8	1.009868466807727e-9	3.959839192158466e-5
122.0	2.2226155369088975e-8	1.652921534629684e-9	3.849993353254795e-6	1.131548697690502e-8	1.009863682774721e-9	3.959839156795194e-5
123.0	2.2289766026214496e-8	1.6528763359075144e-9	3.849992827311332e-6	1.1316518601269382e-8	1.0097941803563197e-9	3.959839157687511e-5
124.0	2.2235186185644562e-8	1.6529809985765633e-9	3.849992780346841e-6	1.1314860443706095e-8	1.0094299422016269e-9	3.959839127519052e-5
125.0	2.2198211565912816e-8	1.6550012626442996e-9	3.849992953134893e-6	1.1315941677578452e-8	1.0092646943248475e-9	3.959839138934283e-5
126.0	2.2244683276242276e-8	1.6560483593189198e-9	3.849992117289724e-6	1.1316775540455203e-8	1.0088674909014253e-9	3.9598391056123955e-5
127.0	2.2281640104420936e-8	1.6536672387293162e-9	3.8499926179389455e-6	1.1318246982688455e-8	1.0090464551673409e-9	3.959839136616247e-5
128.0	2.2237090000356364e-8	1.6549059119399147e-9	3.849992646477755e-6	1.132148204841363e-8	1.0088408463346472e-9	3.9598390959746005e-5
129.0	2.2210385860878196e-8	1.653906013546798e-9	3.8499931589213435e-6	1.1322980903000393e-8	1.0090535334040858e-9	3.959839113011475e-5
130.0	2.22723279030604e-8	1.6534426500132509e-9	3.849993206654008e-6	1.1325828167680071e-8	1.0091068937751148e-9	3.9598390730078795e-5
131.0	2.2320013185182e-8	1.6522951473960806e-9	3.849993213131096e-6	1.1325692401392394e-8	1.0090802435531029e-9	3.9598390721465425e-5
132.0	2.2261322790082704e-8	1.652865071019585e-9	3.849992371282307e-6	1.1326843064544207e-8	1.0094132400253817e-9	3.959839057554279e-5
133.0	2.219492978112682e-8	1.654745878925082e-9	3.849992006101843e-6	1.1324334923804366e-8	1.0092400582687908e-9	3.95983905587985e-5
134.0	2.2264026948281375e-8	1.654762534784484e-9	3.8499929600124474e-6	1.1324171088672838e-8	1.009663395566894e-9	3.95983907449829e-5
135.0	2.2357363379037092e-8	1.6564352485987604e-9	3.849992980364155e-6	1.131983138774409e-8	1.0096137985583582e-9	3.959839066422673e-5
136.0	2.230300856159145e-8	1.6556951954676199e-9	3.849992962856874e-6	1.1318998261891787e-8	1.0097776128647524e-9	3.9598390832576334e-5
137.0	2.222649090185618e-8	1.6546336370105386e-9	3.849993094757054e-6	1.131468780741828e-8	1.0099825806727828e-9	3.95983907462419e-5
138.0	2.223031943083354e-8	1.6543872604377077e-9	3.849992900500844e-6	1.131422056535801e-8	1.009882756751446e-9	3.959839084551931e-5
139.0	2.232052220840166e-8	1.6530516553338208e-9	3.849992019730116e-6	1.1313125666223637e-8	1.010285131618934e-9	3.95983908551397e-5
140.0	2.236175053930746e-8	1.6532769075562967e-9	3.8499920840909435e-6	1.1313955099746357e-8	1.0100035223825258e-9	3.9598390942627584e-5
141.0	2.2253501344569683e-8	1.6541958528841673e-9	3.849993181824838e-6	1.1315918973812703e-8	1.0102967287533392e-9	3.959839103191826e-5
142.0	2.222741965864612e-8	1.653803381447539e-9	3.849992604697901e-6	1.1317936525075304e-8	1.0099025450295068e-9	3.959839110604823e-5
143.0	2.224670939722446e-8	1.6540533162133014e-9	3.849992148268517e-6	1.1320935844921754e-8	1.0098579055494547e-9	3.959839118445383e-5
144.0	2.2329998407923717e-8	1.6549338191048777e-9	3.849992577633036e-6	1.1323244421924353e-8	1.0097620809388206e-9	3.9598391331498906e-5
145.0	2.232797576103557e-8	1.6541451067432417e-9	3.849992926276581e-6	1.1325360296726047e-8	1.0093880463019383e-9	3.9598391455591286e-5
146.0	2.2236065344971048e-8	1.6544135907170816e-9	3.849992276540914e-6	1.1325406235014821e-8	1.0096112580861882e-9	3.9598391534936576e-5
147.0	2.224653213122328e-8	1.6542543779021556e-9	3.849992473678666e-6	1.1326338691618588e-8	1.009061207729191e-9	3.959839156979131e-5
148.0	2.2249805869793525e-8	1.6546140299795437e-9	3.849993196422574e-6	1.132340680068759e-8	1.0093906459075082e-9	3.959839152079404e-5
149.0	2.2312691546409586e-8	1.6555749565202433e-9	3.84999264050394e-6	1.1323316703620816e-8	1.008913683621841e-9	3.9598391421637835e-5
150.0	2.2295335861934192e-8	1.6544507687145023e-9	3.849992086362883e-6	1.1319559191712975e-8	1.0092132481884024e-9	3.9598391589831825e-5
151.0	2.224171825213193e-8	1.6543488903604638e-9	3.849992351952505e-6	1.1318601194479925e-8	1.0090672844469017e-9	3.959839139646899e-5
152.0	2.2243300661138464e-8	1.6533937337397277e-9	3.849993003412853e-6	1.1315937156392673e-8	1.009098308142099e-9	3.959839183275274e-5
153.0	2.2254097448684185e-8	1.654356487266409e-9	3.849992796509597e-6	1.1315860708770075e-8	1.0091374093118948e-9	3.9598391448796794e-5
154.0	2.2286127924572133e-8	1.6534716789041585e-9	3.849993437704318e-6	1.1315778882051493e-8	1.0088337553512041e-9	3.959839209500362e-5
155.0	2.2278397467268558e-8	1.6557101516049923e-9	3.849992892061972e-6	1.1317800916712017e-8	1.0092872257546889e-9	3.959839162333063e-5
156.0	2.2249208424538872e-8	1.6555909782063985e-9	3.849992596437123e-6	1.1318205826867065e-8	1.0089769316836254e-9	3.95983923249578e-5
157.0	2.2242096558746193e-8	1.6550748128298892e-9	3.849991858120063e-6	1.132086393965131e-8	1.0096703233414495e-9	3.9598391814147875e-5
158.0	2.2245239810809145e-8	1.6539933886133206e-9	3.849992190069614e-6	1.1321227943063278e-8	1.009623571134766e-9	3.959839236333402e-5
159.0	2.223953160574479e-8	1.6550339835696758e-9	3.849992523771549e-6	1.1322736412125474e-8	1.0098825203862757e-9	3.9598391991491834e-5
160.0	2.230168713225909e-8	1.6539013662783982e-9	3.849993596271938e-6	1.1323254306581102e-8	1.009942715876999e-9	3.9598392198597224e-5
161.0	2.2273925252349267e-8	1.6527980993570655e-9	3.8499932755467045e-6	1.1322709989107841e-8	1.0099093812333515e-9	3.959839208991667e-5
162.0	2.2268757849188922e-8	1.6556308503169852e-9	3.849991981325524e-6	1.1322199163771164e-8	1.0101740719363899e-9	3.959839198400639e-5
163.0	2.221773009611576e-8	1.6542488874935062e-9	3.849992501016558e-6	1.13203210606529e-8	1.0099953515714754e-9	3.9598392306446554e-5
164.0	2.2242487100856843e-8	1.656852836943141e-9	3.849992169782589e-6	1.1319128344776992e-8	1.0104602660313779e-9	3.959839186343804e-5
165.0	2.232327953261298e-8	1.6568408243385036e-9	3.849992191071579e-6	1.131762327028125e-8	1.0100582357460588e-9	3.9598392347001475e-5
166.0	2.2313990241197076e-8	1.6539139403717092e-9	3.849992254262758e-6	1.1317268270161912e-8	1.0101188184902487e-9	3.9598391790687786e-5
167.0	2.2233598155008366e-8	1.6541009537414682e-9	3.849992925820922e-6	1.1316861369295261e-8	1.0095312363557076e-9	3.959839217332561e-5
168.0	2.2219378505386423e-8	1.6533798768744751e-9	3.849992444491658e-6	1.1318666199373124e-8	1.0093132904338513e-9	3.9598391777514174e-5
169.0	2.2281397805908615e-8	1.6532222385215148e-9	3.849992020801288e-6	1.131856198765904e-8	1.0091950447027468e-9	3.959839208721588e-5
170.0	2.2361698743382202e-8	1.6538523277117867e-9	3.849992581394631e-6	1.1321192984333449e-8	1.0092169021476053e-9	3.959839198433306e-5
171.0	2.2307611920223405e-8	1.654755165278425e-9	3.8499927270141395e-6	1.1320536510044124e-8	1.0097424036761844e-9	3.959839222165834e-5
172.0	2.220948572896801e-8	1.6557484994725606e-9	3.849992411918789e-6	1.1322276864365113e-8	1.0093789192195677e-9	3.959839205832332e-5
173.0	2.2240537941407127e-8	1.6546590997305044e-9	3.849991469598412e-6	1.1321580423818513e-8	1.0098175567823715e-9	3.9598392140070405e-5
174.0	2.2311247940958118e-8	1.655720699096824e-9	3.8499925019167634e-6	1.1322305914740255e-8	1.0089814447631491e-9	3.9598391759703355e-5
175.0	2.2340327443799033e-8	1.656223611891968e-9	3.849992197288526e-6	1.1320803002183692e-8	1.00900181563291e-9	3.959839167800221e-5
176.0	2.224971478097556e-8	1.652596066908674e-9	3.849992380995284e-6	1.1320395825257368e-8	1.0086736628999434e-9	3.9598391419382776e-5
177.0	2.223254730031768e-8	1.654908596683626e-9	3.84999250564851e-6	1.131856576206307e-8	1.0087694145895222e-9	3.959839123002421e-5
178.0	2.225421177512595e-8	1.6550271534007407e-9	3.8499929371843056e-6	1.1318457152518322e-8	1.0093751633572077e-9	3.959839128768788e-5
179.0	2.2321828061929607e-8	1.6544116586975938e-9	3.849992614484189e-6	1.1318343367638642e-8	1.0092737680996653e-9	3.95983909623575e-5
180.0	2.2273685247381707e-8	1.6574703794287541e-9	3.8499921396659745e-6	1.1319111652590394e-8	1.010077443866758e-9	3.959839119659676e-5
181.0	2.2251802989024292e-8	1.6574049126623255e-9	3.849992279543453e-6	1.1320083332380458e-8	1.009628247219759e-9	3.959839088221154e-5
182.0	2.224233840421974e-8	1.6561366978713144e-9	3.849992397517568e-6	1.1319600266538577e-8	1.0100652843219114e-9	3.9598391075388845e-5
183.0	2.2272665812188976e-8	1.654896771318312e-9	3.849992742857178e-6	1.1320626464699852e-8	1.0098893312951721e-9	3.959839089294708e-5
184.0	2.2263694381427574e-8	1.654402433803198e-9	3.849992111752495e-6	1.1319481881404537e-8	1.0097556440318033e-9	3.95983908005298e-5
185.0	2.2285823228812122e-8	1.6531778137224888e-9	3.849992909978589e-6	1.1320495880635193e-8	1.0100193265059762e-9	3.959839078417992e-5
186.0	2.2274655702769973e-8	1.6544555688727197e-9	3.8499933203191085e-6	1.1319489526912016e-8	1.0097137935681273e-9	3.9598390597363816e-5
187.0	2.2243758794279182e-8	1.6548634693430856e-9	3.849992114138314e-6	1.1320400445193759e-8	1.0101933232401026e-9	3.959839070617112e-5
188.0	2.224342258474236e-8	1.656354522651878e-9	3.849991919047489e-6	1.1318976953926508e-8	1.0099261408160457e-9	3.959839064233562e-5
189.0	2.2254540728047515e-8	1.6580479008110674e-9	3.849992796010308e-6	1.131958603703038e-8	1.01012627184346e-9	3.95983908051249e-5
190.0	2.2321635854670702e-8	1.6584260895060154e-9	3.8499921491519744e-6	1.1318310277428343e-8	1.0101218997097738e-9	3.959839082571181e-5
191.0	2.224540374586484e-8	1.6550750577037406e-9	3.8499918618137035e-6	1.1318930097895136e-8	1.009779242354065e-9	3.9598390873187674e-5
192.0	2.221487817179548e-8	1.6545777714998384e-9	3.84999283441688e-6	1.1318891208739536e-8	1.0099754743344803e-9	3.959839088045641e-5
193.0	2.2239232880992996e-8	1.6528162618396892e-9	3.8499931089118254e-6	1.1319843138453654e-8	1.0094719382806464e-9	3.9598390973277045e-5
194.0	2.2275880724265443e-8	1.6531558065952279e-9	3.849992012385236e-6	1.13208925218233e-8	1.0098510935548146e-9	3.95983910001146e-5
195.0	2.23079557275745e-8	1.6545835780106206e-9	3.849992228219e-6	1.1320734647718e-8	1.0094659147012583e-9	3.9598391191417044e-5
196.0	2.222117696282899e-8	1.6558021352464865e-9	3.849993080178141e-6	1.1321190216699683e-8	1.0097196781615614e-9	3.959839130312984e-5
197.0	2.2218621864899413e-8	1.6567731207368069e-9	3.849992196994326e-6	1.132041205309591e-8	1.0096603388864342e-9	3.95983915938666e-5
198.0	2.2242869951998085e-8	1.6562336026404423e-9	3.849992108001479e-6	1.132070590629715e-8	1.0092255014952442e-9	3.959839162795999e-5
199.0	2.22494575343549e-8	1.6574909909745355e-9	3.849993325487027e-6	1.1319894026528834e-8	1.0094064501702603e-9	3.959839183423479e-5
200.0	2.2300641851838917e-8	1.65633858794042e-9	3.849992981065675e-6	1.1320009355046876e-8	1.0088855863578115e-9	3.959839169756764e-5
201.0	2.2279832498952623e-8	1.6548274570306936e-9	3.849992349354398e-6	1.1318520709605254e-8	1.009264825668794e-9	3.959839194397468e-5
202.0	2.2228832541934673e-8	1.6547756089793235e-9	3.84999250000504e-6	1.1318575601688869e-8	1.0092124247289398e-9	3.959839180886135e-5
203.0	2.219976826451927e-8	1.6560494182125162e-9	3.8499924367676936e-6	1.1318088839745454e-8	1.0094870636764997e-9	3.959839195380013e-5
204.0	2.2260384320086838e-8	1.6555854103460577e-9	3.8499918639719375e-6	1.1319006378452761e-8	1.0098321117772767e-9	3.9598392054067165e-5
205.0	2.2361339776834847e-8	1.6572749776056704e-9	3.849992808551055e-6	1.1319739217352007e-8	1.0094263976113694e-9	3.9598391883192146e-5
206.0	2.2284587364494385e-8	1.6565284707820011e-9	3.849993159489374e-6	1.1320415152630377e-8	1.0097798421810988e-9	3.959839208453687e-5
207.0	2.2183459007940734e-8	1.6546279860659462e-9	3.84999260280253e-6	1.1321283353960965e-8	1.0090528367973727e-9	3.959839176354143e-5
208.0	2.2185918429543806e-8	1.6556073830801337e-9	3.849992105280282e-6	1.1321158817343807e-8	1.0093813948451954e-9	3.959839186431903e-5
209.0	2.2339102520157915e-8	1.6556136713812213e-9	3.849991936801282e-6	1.1321801043190713e-8	1.0092224494924311e-9	3.9598391774914637e-5
210.0	2.2355583705756763e-8	1.6548441941493833e-9	3.849992416179e-6	1.1321129886188566e-8	1.0093683127137529e-9	3.95983916072412e-5
211.0	2.223346899339614e-8	1.656495914964992e-9	3.8499928877294086e-6	1.1321081448843747e-8	1.009833825353201e-9	3.9598391881405245e-5
212.0	2.2177231469388034e-8	1.6551151633747653e-9	3.849992854362143e-6	1.1320010126689482e-8	1.0095601785533154e-9	3.9598391447552726e-5
213.0	2.222004396681421e-8	1.6546499205270215e-9	3.849992523911077e-6	1.1319598350932755e-8	1.0101464347223403e-9	3.959839190496323e-5
214.0	2.230732888978306e-8	1.6554607925933862e-9	3.8499922410157935e-6	1.131873842515019e-8	1.009818036034241e-9	3.9598391528290884e-5
215.0	2.227985172819873e-8	1.6558322073391159e-9	3.849991972044371e-6	1.1318321341049105e-8	1.010241452569e-9	3.959839173766156e-5
216.0	2.220605440336396e-8	1.6555759512703742e-9	3.849992354233077e-6	1.131807050285898e-8	1.0102503972901412e-9	3.959839168128144e-5
217.0	2.2185301428488176e-8	1.6555255883296574e-9	3.849993191540128e-6	1.1317846443191909e-8	1.0101658286695911e-9	3.9598391510024496e-5
218.0	2.2215233960631787e-8	1.65602882548223e-9	3.84999278092763e-6	1.1318829829050235e-8	1.0106340767022086e-9	3.959839177560999e-5
219.0	2.2246993102899013e-8	1.655558932199418e-9	3.849992277997127e-6	1.1319329944675887e-8	1.0099340354343198e-9	3.9598391293472514e-5
220.0	2.2245449930789156e-8	1.6568680989934865e-9	3.8499921548489164e-6	1.1320810663004031e-8	1.010302507894715e-9	3.959839177767559e-5
221.0	2.2237618114082716e-8	1.656042939184064e-9	3.849991813925911e-6	1.1320749387111906e-8	1.0100121826044076e-9	3.959839132264351e-5
222.0	2.2200280688080806e-8	1.6539733348284486e-9	3.849992314935817e-6	1.1321408129061472e-8	1.010200112966173e-9	3.9598391700424804e-5
223.0	2.219633387165539e-8	1.6557067579737656e-9	3.849992866297788e-6	1.1320666017814281e-8	1.0105319743781858e-9	3.959839133609292e-5
224.0	2.2210935351154037e-8	1.6555207231662453e-9	3.8499926522002865e-6	1.1320318963005107e-8	1.0103336668379993e-9	3.959839130189678e-5
225.0	2.2273514774431148e-8	1.6553865718631447e-9	3.849992653366096e-6	1.1319178945756354e-8	1.0108057468215257e-9	3.959839120585614e-5
226.0	2.2267545171185976e-8	1.6583016735670137e-9	3.849992677479417e-6	1.13177277305471e-8	1.0100403347326222e-9	3.9598390955234945e-5
227.0	2.2211772259803435e-8	1.6555719524612355e-9	3.849991946057901e-6	1.131718618043198e-8	1.0100685133021708e-9	3.9598390979310074e-5
228.0	2.2166202649864396e-8	1.6559423960896128e-9	3.849991789518073e-6	1.1316423962077445e-8	1.0093896555848225e-9	3.9598390764957565e-5
229.0	2.2217589652790815e-8	1.6584652928881014e-9	3.849992426088173e-6	1.1318213813224239e-8	1.0091242419563917e-9	3.9598390765233305e-5
230.0	2.2335894799719803e-8	1.656000467564136e-9	3.8499928410341085e-6	1.1319051141623447e-8	1.009428271376738e-9	3.959839072681724e-5
231.0	2.231930714795758e-8	1.654851240438789e-9	3.849992798698847e-6	1.1321822938415682e-8	1.0089454797437964e-9	3.9598390591771406e-5
232.0	2.220651996899749e-8	1.655545762713206e-9	3.849992835819034e-6	1.1322822981938045e-8	1.0098480126174677e-9	3.9598390638448444e-5
233.0	2.216819259501536e-8	1.6551724925028675e-9	3.84999216494815e-6	1.1325423279862746e-8	1.009221852923109e-9	3.959839040660177e-5
234.0	2.2286025897196124e-8	1.6546015118555677e-9	3.849992010230896e-6	1.1325189521503428e-8	1.0096303194243145e-9	3.959839047755691e-5
235.0	2.235465324519577e-8	1.657241465646189e-9	3.849992014160837e-6	1.1325922982164668e-8	1.0092920975941226e-9	3.959839041442318e-5
236.0	2.2281026672337677e-8	1.656853177375407e-9	3.84999262941346e-6	1.1323715150582915e-8	1.0091484873535008e-9	3.959839049892535e-5
237.0	2.2183989782427893e-8	1.6568700165089839e-9	3.849992628743182e-6	1.1321837728352565e-8	1.0093475796356232e-9	3.959839065714103e-5
238.0	2.222167850496854e-8	1.6562310627393897e-9	3.849992430673795e-6	1.1318898783835835e-8	1.0086735250861977e-9	3.9598390580597456e-5
239.0	2.2306203745157287e-8	1.6568348378027637e-9	3.849992397232686e-6	1.131604206920474e-8	1.0095455857906339e-9	3.959839092893047e-5
240.0	2.2302424605309745e-8	1.656368545819533e-9	3.849992706313312e-6	1.1315006441720056e-8	1.0089407161528859e-9	3.9598390758759784e-5
241.0	2.227204044517731e-8	1.6564725753811654e-9	3.8499918670454965e-6	1.131325505161647e-8	1.0096742977291824e-9	3.959839115008578e-5
242.0	2.2216074786300942e-8	1.6551384373342293e-9	3.849992744805803e-6	1.1315001726470525e-8	1.0096194200360373e-9	3.9598390911605064e-5
243.0	2.2230612112261202e-8	1.6560289403295839e-9	3.849992896477188e-6	1.1315692635447133e-8	1.0099167249143344e-9	3.9598391192059536e-5
244.0	2.2270228952272586e-8	1.6560208909328865e-9	3.849992159365826e-6	1.131979244340896e-8	1.0103434574389239e-9	3.9598391003751054e-5
245.0	2.2283210097290928e-8	1.6567872846249158e-9	3.849992035693665e-6	1.1321151404903422e-8	1.0099697964739523e-9	3.959839115190427e-5
246.0	2.2271826334690812e-8	1.6570084414055769e-9	3.8499932830095036e-6	1.1324909856473142e-8	1.0107175375900717e-9	3.9598391143310926e-5
247.0	2.22288442596257e-8	1.6561444750225231e-9	3.8499919028828955e-6	1.1324382266128488e-8	1.0099685254894127e-9	3.9598391250040716e-5
248.0	2.2245452303793568e-8	1.6562047964503025e-9	3.849991937958356e-6	1.1326836835883664e-8	1.0104653404589474e-9	3.959839131044613e-5
249.0	2.2251382276102646e-8	1.6571450269896995e-9	3.849993315317433e-6	1.1324557670219837e-8	1.01002569404986e-9	3.9598391372265274e-5
250.0	2.228355829156691e-8	1.6565908777037195e-9	3.849993133771809e-6	1.1324423129960432e-8	1.0100011604134146e-9	3.959839140397799e-5
251.0	2.2274606249544803e-8	1.6566791527739184e-9	3.849991748336614e-6	1.1321473138925136e-8	1.0102854918216306e-9	3.9598391448576606e-5
252.0	2.225043188669949e-8	1.6550671669629968e-9	3.849992478513013e-6	1.1318719463823552e-8	1.0098315712292965e-9	3.959839145058333e-5
253.0	2.2248647356654637e-8	1.6559229144616786e-9	3.849992696261344e-6	1.1316874200924891e-8	1.0104366489070651e-9	3.959839149488174e-5
254.0	2.2227493233732157e-8	1.6561169239166092e-9	3.849991973946233e-6	1.1314329866581712e-8	1.0098565885999213e-9	3.959839165095808e-5
255.0	2.2284701851836453e-8	1.6567319877344266e-9	3.849992835779243e-6	1.1315154978103337e-8	1.0100532264012006e-9	3.9598391509386653e-5
256.0	2.2272684749876596e-8	1.657198443692297e-9	3.849993232098246e-6	1.1314614713849644e-8	1.0095224527308255e-9	3.959839177006452e-5
257.0	2.227699779813643e-8	1.6567336916322766e-9	3.849992431709587e-6	1.131787225432909e-8	1.0093493194675208e-9	3.95983915433063e-5
258.0	2.2232856417097375e-8	1.657235910015068e-9	3.849991824230879e-6	1.1318875273291572e-8	1.009269621797606e-9	3.959839195643796e-5
259.0	2.2235182113258607e-8	1.656396908029174e-9	3.849992365598892e-6	1.1322976579831721e-8	1.008948763887605e-9	3.9598391824030045e-5
260.0	2.2312756773246922e-8	1.657725561979969e-9	3.849992949277506e-6	1.1322946708041568e-8	1.0093808294555293e-9	3.959839216264566e-5
261.0	2.2298852258749347e-8	1.6548232242285146e-9	3.849992836210446e-6	1.132630939087001e-8	1.008990840810746e-9	3.959839202952379e-5
262.0	2.2253667372538072e-8	1.6556814471871408e-9	3.849992993625175e-6	1.1323757785876463e-8	1.0093653250441224e-9	3.959839229503407e-5
263.0	2.2235672218816443e-8	1.6562589733014852e-9	3.8499922951778414e-6	1.1325533192308708e-8	1.0091397631665996e-9	3.959839214283625e-5
264.0	2.229369107567316e-8	1.6557038239487125e-9	3.849992357219624e-6	1.1322281573130483e-8	1.009111518710842e-9	3.959839229207564e-5
265.0	2.234265902806478e-8	1.6567911844915274e-9	3.849992512564039e-6	1.1321519674710913e-8	1.0091890154563603e-9	3.9598392122316154e-5
266.0	2.2275160177294177e-8	1.6580437207692472e-9	3.849992909049214e-6	1.131941239977692e-8	1.009034193108508e-9	3.959839223706938e-5
267.0	2.222065077691008e-8	1.658174187116143e-9	3.849993181829539e-6	1.1317606976890059e-8	1.0092598198774777e-9	3.959839215142317e-5
268.0	2.2247031322885046e-8	1.6572857015413692e-9	3.8499930802560876e-6	1.1317982718220604e-8	1.0091513874525939e-9	3.959839213114649e-5
269.0	2.2320485029870074e-8	1.6573610840906342e-9	3.8499927116996356e-6	1.131781726047483e-8	1.0095004908658602e-9	3.9598391995608644e-5
270.0	2.2363373555017084e-8	1.6574404182333683e-9	3.84999224239335e-6	1.1319711871911199e-8	1.0094375657338914e-9	3.9598391862804855e-5
271.0	2.2216528416995837e-8	1.655953701491757e-9	3.849992656167495e-6	1.1320526247861604e-8	1.009751536292678e-9	3.959839172251976e-5
272.0	2.2211103981555172e-8	1.6560299748365893e-9	3.849992959641823e-6	1.1322698342630774e-8	1.0098696982190039e-9	3.959839167306509e-5
273.0	2.2265834396592012e-8	1.655844135854226e-9	3.849992921874836e-6	1.132169253056835e-8	1.0099576246348996e-9	3.9598391594005624e-5
274.0	2.235705876295965e-8	1.6574127307061686e-9	3.8499923169691625e-6	1.1324046292022353e-8	1.0100519962992184e-9	3.959839152368475e-5
275.0	2.229528161316548e-8	1.6575212709184477e-9	3.849992093744162e-6	1.1320761990080504e-8	1.0098215720740763e-9	3.959839149454282e-5
276.0	2.2177235229137384e-8	1.6574461308493724e-9	3.849992745517847e-6	1.1321864009808145e-8	1.0099714059391975e-9	3.9598391340857156e-5
277.0	2.2215037957032328e-8	1.657806707591742e-9	3.849992724678892e-6	1.1318469416740589e-8	1.0097775700907503e-9	3.959839140049725e-5
278.0	2.2276796010010897e-8	1.656002760066766e-9	3.8499931226693456e-6	1.1318625811889064e-8	1.0099326521000098e-9	3.9598391074146634e-5
279.0	2.227287633812813e-8	1.6570325086292517e-9	3.849992928484742e-6	1.1317187642118419e-8	1.0099719294956852e-9	3.959839132420183e-5
280.0	2.2224598837718235e-8	1.656137868329644e-9	3.8499927870857635e-6	1.1317533339060455e-8	1.0099552085031582e-9	3.959839089984457e-5
281.0	2.2240230790461943e-8	1.6564758304208053e-9	3.84999158985056e-6	1.1317404096384103e-8	1.0098488655616742e-9	3.959839108349416e-5
282.0	2.2231313168344535e-8	1.6578855230909318e-9	3.8499922459548985e-6	1.1319070393334831e-8	1.0096401357197585e-9	3.9598390668941806e-5
283.0	2.222578686958333e-8	1.6581990565538964e-9	3.84999330752669e-6	1.1320279100539313e-8	1.0095088645395807e-9	3.959839075157896e-5
284.0	2.220681460605325e-8	1.6578939530003427e-9	3.849993153908865e-6	1.1322480061723287e-8	1.0093245333399997e-9	3.9598390548230037e-5
285.0	2.2311169225410292e-8	1.6583470145194976e-9	3.849993390403444e-6	1.1324319558667415e-8	1.0092440521590572e-9	3.959839048739512e-5
286.0	2.2298816893383068e-8	1.65682683670551e-9	3.8499929885076116e-6	1.1323844176826245e-8	1.0092260934068823e-9	3.959839045774577e-5
287.0	2.221960542875591e-8	1.6549654593484157e-9	3.849992442079276e-6	1.1325535840298252e-8	1.0093326048492521e-9	3.959839040386871e-5
288.0	2.2184269823552464e-8	1.6558953569611442e-9	3.849992337433729e-6	1.1322808835172406e-8	1.009367258846646e-9	3.9598390326762885e-5
289.0	2.228417115496731e-8	1.6563133509335634e-9	3.849992907570669e-6	1.1322860715564495e-8	1.0096173289608988e-9	3.9598390413944896e-5
290.0	2.2354036407130364e-8	1.6568174701709852e-9	3.849992512475803e-6	1.1320285743989423e-8	1.0095643391459564e-9	3.959839034693918e-5
291.0	2.2274584679389496e-8	1.6586054126634709e-9	3.8499934015074884e-6	1.1319106677869899e-8	1.0097777097478312e-9	3.9598390669919106e-5
292.0	2.2181550584601472e-8	1.6594215105426761e-9	3.849993059448357e-6	1.1317093342364538e-8	1.0095994083508396e-9	3.959839050215535e-5
293.0	2.2218240513769956e-8	1.6579062799670204e-9	3.849992526710039e-6	1.131742014226717e-8	1.0096191047934508e-9	3.9598390954776625e-5
294.0	2.2303571471482104e-8	1.6579096806940764e-9	3.849992585917708e-6	1.1316225296953324e-8	1.0097949556449378e-9	3.9598390806119016e-5
295.0	2.2328069665013884e-8	1.6570386395563858e-9	3.849993228153694e-6	1.1318518878461788e-8	1.0097790952985396e-9	3.959839120612662e-5
296.0	2.225633407105374e-8	1.6542354561055025e-9	3.849992647525871e-6	1.1318130366713163e-8	1.0102622189053923e-9	3.959839119502742e-5
297.0	2.2218617690326292e-8	1.6541418753811214e-9	3.84999247450025e-6	1.1320093371913497e-8	1.0102236472764274e-9	3.9598391420672095e-5
298.0	2.224026617480966e-8	1.6555328005855252e-9	3.849992715473792e-6	1.1322036992446722e-8	1.0105915457366588e-9	3.9598391610516655e-5
299.0	2.22597281838031e-8	1.657181740541052e-9	3.8499927840702144e-6	1.1321464986341058e-8	1.0103615794536158e-9	3.959839150254332e-5
300.0	2.2318866578162852e-8	1.6596650070177897e-9	3.849992115395788e-6	1.1323507135246453e-8	1.010308112469013e-9	3.959839182181984e-5
301.0	2.228293890999972e-8	1.657877247302537e-9	3.849992876721521e-6	1.1321668098330575e-8	1.0101708751783407e-9	3.9598391604617355e-5
302.0	2.222603737426395e-8	1.6597785036714351e-9	3.8499930342265605e-6	1.132143062315888e-8	1.00989356812625e-9	3.959839198982155e-5
303.0	2.2208332019377718e-8	1.6563357790134292e-9	3.849993505876602e-6	1.1320865544492352e-8	1.010085953062889e-9	3.9598391696981595e-5
304.0	2.2260370791129677e-8	1.655954881163033e-9	3.849992435109446e-6	1.13198409084097e-8	1.0095871610080126e-9	3.959839201074013e-5
305.0	2.2347868896652578e-8	1.6554837900813843e-9	3.849992697220878e-6	1.1320053557034444e-8	1.0097211157003335e-9	3.959839169295081e-5
306.0	2.2270544090784278e-8	1.6550736279529335e-9	3.849992580003081e-6	1.132093869514217e-8	1.0093921914443647e-9	3.959839201727778e-5
307.0	2.2201520171745918e-8	1.6566831882191187e-9	3.849992468058319e-6	1.1319674424689475e-8	1.0092697474332423e-9	3.9598391834569236e-5
308.0	2.2208649703101136e-8	1.6576533529185657e-9	3.849992929657246e-6	1.1322227896448207e-8	1.0091553424056513e-9	3.959839222792099e-5
309.0	2.2278521478431506e-8	1.658097663312383e-9	3.849993641108906e-6	1.1320601837222725e-8	1.008867669513466e-9	3.95983922173485e-5
310.0	2.2342447717912025e-8	1.6585096137080315e-9	3.849993434604734e-6	1.1321374186226097e-8	1.00889024456735e-9	3.9598392311609484e-5
311.0	2.2237364063414928e-8	1.6572376363695971e-9	3.849992776810989e-6	1.1321874484606252e-8	1.00830906072774e-9	3.959839228788426e-5
312.0	2.220639071064227e-8	1.65695128534371e-9	3.849992530799193e-6	1.1320087676451309e-8	1.0084499430914915e-9	3.959839206695011e-5
313.0	2.2227137698978115e-8	1.6558024613040097e-9	3.849992304247228e-6	1.1321592718972679e-8	1.0080991347401049e-9	3.959839201032278e-5
314.0	2.2286677278873405e-8	1.6562695254229275e-9	3.849992812727144e-6	1.1319747693431907e-8	1.0084950781483498e-9	3.959839179166362e-5
315.0	2.2281626472117256e-8	1.6575762733351946e-9	3.84999305218224e-6	1.1320234622620349e-8	1.008620831382661e-9	3.959839181580219e-5
316.0	2.2216906817268854e-8	1.6558260499623249e-9	3.849993132570711e-6	1.1320236611260784e-8	1.0090882266293609e-9	3.959839188399481e-5
317.0	2.2227656868351895e-8	1.6566807760627827e-9	3.849992948388721e-6	1.132035934553111e-8	1.009420608650926e-9	3.9598391834096646e-5
318.0	2.2238304725760323e-8	1.6561556949752484e-9	3.849992840828096e-6	1.1321681109563971e-8	1.009483756336526e-9	3.959839203783086e-5
319.0	2.2233472212258628e-8	1.6561934406768487e-9	3.849992164100037e-6	1.1323337465239942e-8	1.0098326263625783e-9	3.9598391883741375e-5
320.0	2.2220407968624726e-8	1.6572026101411285e-9	3.849992820683908e-6	1.1322545281998681e-8	1.0096667416234377e-9	3.959839200335105e-5
321.0	2.226261180368265e-8	1.657166125500536e-9	3.849993084353882e-6	1.132409346458984e-8	1.0102343576622887e-9	3.959839191076231e-5
322.0	2.227496915225609e-8	1.6569698192930717e-9	3.849992708790635e-6	1.132130286022071e-8	1.0102575757111702e-9	3.959839184374685e-5
323.0	2.221568551364539e-8	1.6574987608874715e-9	3.849992914556702e-6	1.1320855701228475e-8	1.0106777506603298e-9	3.959839177075281e-5
324.0	2.2186980336060658e-8	1.6589290502119114e-9	3.849993581610878e-6	1.1319184374347306e-8	1.0107610536084406e-9	3.9598391550956964e-5
325.0	2.2266489264778826e-8	1.65631638215834e-9	3.849992700645565e-6	1.131729326113284e-8	1.0106367932079517e-9	3.959839134955626e-5
326.0	2.234193083677548e-8	1.6567257312927139e-9	3.849992341361955e-6	1.1316728225469888e-8	1.0108518575914696e-9	3.959839120233127e-5
327.0	2.2245601551078767e-8	1.6572256429084496e-9	3.849993205951952e-6	1.1315371613304816e-8	1.0104961785690273e-9	3.959839084544358e-5
328.0	2.218916384234612e-8	1.6560006101343863e-9	3.849993065363287e-6	1.1315583723177457e-8	1.0108365347381282e-9	3.9598390856938635e-5
329.0	2.2228075871645024e-8	1.656791260459722e-9	3.849993011484619e-6	1.1316819577881086e-8	1.0105705197330986e-9	3.959839071684849e-5
330.0	2.233596596748428e-8	1.6595225373567086e-9	3.849993238182963e-6	1.131801420874623e-8	1.0105271159961675e-9	3.9598390637543535e-5
331.0	2.2317972110953947e-8	1.6579381913014264e-9	3.849993193475091e-6	1.1320717009573901e-8	1.010212757346547e-9	3.9598390770988955e-5
332.0	2.2200377578794284e-8	1.6570685572934304e-9	3.8499929004139235e-6	1.1323374487565484e-8	1.0096298738049305e-9	3.959839050822465e-5
333.0	2.2200025333111987e-8	1.6583046796793256e-9	3.8499925703643075e-6	1.1324118980015216e-8	1.0094578592285287e-9	3.959839083042809e-5
334.0	2.2290685070158898e-8	1.6568516814601677e-9	3.849993306080194e-6	1.1326053001633192e-8	1.0089622804545143e-9	3.959839054478758e-5
335.0	2.2339047746385555e-8	1.6556188261358782e-9	3.849993363750915e-6	1.1324411797411191e-8	1.0091467875336528e-9	3.9598390845809225e-5
336.0	2.223846726937708e-8	1.6571009386153611e-9	3.849992628391331e-6	1.1324012308663514e-8	1.0090552781685256e-9	3.959839062071482e-5
337.0	2.2186969345285347e-8	1.6562398318416566e-9	3.849992271160971e-6	1.1321692649032901e-8	1.009073115823811e-9	3.959839067225613e-5
338.0	2.225100050357816e-8	1.6561413216759024e-9	3.849992799351948e-6	1.131973379137055e-8	1.0093187269522614e-9	3.9598390606362314e-5
339.0	2.2329281042131976e-8	1.6583267364928332e-9	3.849993564567561e-6	1.1317896306506542e-8	1.0091115011410538e-9	3.959839057184131e-5
340.0	2.2254789270938902e-8	1.6582127777958445e-9	3.849993254743022e-6	1.1316448204016368e-8	1.0094074022720262e-9	3.9598390787853435e-5
341.0	2.2176456043511142e-8	1.656752504261847e-9	3.849992899490245e-6	1.1315714893107981e-8	1.0092210408948008e-9	3.9598390825143986e-5
342.0	2.2219699095052356e-8	1.6569258541880234e-9	3.849992536795835e-6	1.1316894531072035e-8	1.0093803953927587e-9	3.959839100191437e-5
343.0	2.229435741900447e-8	1.6560452400106925e-9	3.84999245325292e-6	1.131807664781291e-8	1.0093578824411386e-9	3.959839100477658e-5
344.0	2.2255848060078924e-8	1.6555445384490996e-9	3.849992231155247e-6	1.1321073001486542e-8	1.0091906491619477e-9	3.959839110102168e-5
345.0	2.2216547253981186e-8	1.6566603614517428e-9	3.849992861787364e-6	1.1323110784918554e-8	1.0096182005829722e-9	3.959839120927128e-5
346.0	2.2209165447630102e-8	1.6558085285664618e-9	3.849993662623301e-6	1.1324576085454331e-8	1.0095597054229244e-9	3.9598391141059e-5
347.0	2.2276392860045848e-8	1.657489860445983e-9	3.849993210075775e-6	1.1325654723346791e-8	1.010189323510429e-9	3.95983914738986e-5
348.0	2.2246140508295413e-8	1.6581775001590757e-9	3.849992841216021e-6	1.1324614407793102e-8	1.0103950916606654e-9	3.95983914626911e-5
349.0	2.2203942510546653e-8	1.6582618043929192e-9	3.8499926991421815e-6	1.1323906091140154e-8	1.01051768891758e-9	3.9598391767533497e-5
350.0	2.2284614581464e-8	1.6588969977335462e-9	3.849993072155323e-6	1.1321554448483205e-8	1.010655292622728e-9	3.959839190284305e-5
351.0	2.2259021258315384e-8	1.6571452122429482e-9	3.849992958399578e-6	1.131908047728605e-8	1.0102166940363099e-9	3.959839185642556e-5
352.0	2.2252322472137508e-8	1.6567437362703875e-9	3.849992859077677e-6	1.1316779967539332e-8	1.0104286901641027e-9	3.95983922443153e-5
353.0	2.221363996725017e-8	1.656349425846639e-9	3.849992859744167e-6	1.1314817238749251e-8	1.0097077269621007e-9	3.959839176389105e-5
354.0	2.2266272070739165e-8	1.657608698458543e-9	3.849993519165974e-6	1.1314483932111487e-8	1.0099870164251534e-9	3.9598392189411104e-5
355.0	2.2334170434278287e-8	1.6577708551052638e-9	3.849992920090062e-6	1.1315370244976632e-8	1.0098567847479735e-9	3.959839167524565e-5
356.0	2.2285364095897402e-8	1.6578398034473013e-9	3.849993046707263e-6	1.1316876482787692e-8	1.0098360290393137e-9	3.959839187240106e-5
357.0	2.222555870197074e-8	1.6599543659637863e-9	3.849993161968233e-6	1.1320050937868073e-8	1.0101941789277959e-9	3.9598391522409114e-5
358.0	2.2250210055153536e-8	1.6578550562751162e-9	3.849992949055803e-6	1.1322046976292124e-8	1.0097005002985716e-9	3.959839158362165e-5
359.0	2.2283239985322562e-8	1.6588664906009657e-9	3.849992538219344e-6	1.1324400309573808e-8	1.0101015503136935e-9	3.959839151634121e-5
360.0	2.2341571952786713e-8	1.6585707884571946e-9	3.849992727066285e-6	1.1325034814467152e-8	1.0095067939488473e-9	3.959839159170313e-5
361.0	2.229741955273136e-8	1.6545261717071796e-9	3.849993638987576e-6	1.1324713337359452e-8	1.0095039520454672e-9	3.959839163985812e-5
362.0	2.225011000959123e-8	1.6563995575969703e-9	3.849992593617367e-6	1.1323711109281686e-8	1.0093611425238658e-9	3.9598391966991555e-5
363.0	2.2206144319295978e-8	1.6566787358967942e-9	3.84999263089896e-6	1.1322130543983311e-8	1.0091703130583825e-9	3.959839201869137e-5
364.0	2.230575984735419e-8	1.6575801664885268e-9	3.849992450157669e-6	1.1320079418657294e-8	1.0095923718646188e-9	3.959839240539986e-5
365.0	2.2364107552783848e-8	1.658838916593107e-9	3.8499926851416e-6	1.1318938927845914e-8	1.0092607980764698e-9	3.959839233783143e-5
366.0	2.2314934875639983e-8	1.6591084684375812e-9	3.8499934675988045e-6	1.1316763066681501e-8	1.0098975862767712e-9	3.959839250384338e-5
367.0	2.2186880950185904e-8	1.6582852604675227e-9	3.849993734791246e-6	1.1317382602132016e-8	1.0096085967571312e-9	3.959839241632327e-5
368.0	2.221451483049851e-8	1.655833070759487e-9	3.8499931130601574e-6	1.1316660967341186e-8	1.0098265178970583e-9	3.9598392224286716e-5
369.0	2.2342095805052767e-8	1.6573857239457042e-9	3.849992276727857e-6	1.1318754395076249e-8	1.009871730405478e-9	3.959839221261363e-5
370.0	2.2355298638108287e-8	1.6570498727906247e-9	3.849991932611351e-6	1.1320166856165046e-8	1.0095400147461573e-9	3.9598391885313326e-5
371.0	2.2230247722990865e-8	1.6561481685297918e-9	3.849992678187997e-6	1.1321601115159172e-8	1.009861696661091e-9	3.959839186919106e-5
372.0	2.2161619993217977e-8	1.6580885618220527e-9	3.849993754876774e-6	1.1322922134168057e-8	1.0094675736159679e-9	3.9598391585403185e-5
373.0	2.2254016672178325e-8	1.6575671550425096e-9	3.849994295120031e-6	1.1323341783142103e-8	1.009909256961271e-9	3.959839150773938e-5
374.0	2.2303473308072834e-8	1.6581983166587283e-9	3.849993381359078e-6	1.1323045848887292e-8	1.0099462851274118e-9	3.9598391521478984e-5
375.0	2.225534302895025e-8	1.6586397872522353e-9	3.849992530285667e-6	1.1322628914757831e-8	1.0101602274286426e-9	3.959839143769429e-5
376.0	2.217255546432635e-8	1.6581016694148627e-9	3.849992122951516e-6	1.1320478422172186e-8	1.010276833479925e-9	3.959839169492743e-5
377.0	2.2212749563675874e-8	1.6567212373716237e-9	3.849992271904026e-6	1.1319357790923103e-8	1.009901687012469e-9	3.959839141009825e-5
378.0	2.224853889482959e-8	1.6569974082508091e-9	3.8499935204437764e-6	1.1317698250502097e-8	1.0099665850047953e-9	3.959839148682248e-5
379.0	2.221145587364634e-8	1.6576040186912686e-9	3.849993106687519e-6	1.131610173944379e-8	1.0094110152505538e-9	3.9598391165862874e-5
380.0	2.2208090670715795e-8	1.657098794075514e-9	3.849993613755766e-6	1.1317626925768831e-8	1.0095723101579179e-9	3.959839108579256e-5
381.0	2.226339476180989e-8	1.6590882447080735e-9	3.849992777662423e-6	1.1317166047623223e-8	1.0095388117885914e-9	3.959839097884332e-5
382.0	2.2266157360812933e-8	1.6570555744028936e-9	3.849992533720854e-6	1.1320036195970303e-8	1.0096448937853327e-9	3.959839094204848e-5
383.0	2.2206416619951296e-8	1.6569611639244952e-9	3.849992797035402e-6	1.1321910332429326e-8	1.009761137786643e-9	3.959839091213464e-5
384.0	2.21637985435842e-8	1.6572818122142205e-9	3.849992807998458e-6	1.132382990572774e-8	1.0093337434961487e-9	3.959839075078071e-5
385.0	2.2299624298063665e-8	1.6572697955606976e-9	3.8499927133598125e-6	1.1325397728416324e-8	1.0095371253402104e-9	3.9598390743029895e-5
386.0	2.2341837432862966e-8	1.6565671999931575e-9	3.849992814881626e-6	1.1325208590075276e-8	1.0091211528739409e-9	3.95983906919993e-5
387.0	2.2268439757033886e-8	1.6565550593781285e-9	3.849993192630056e-6	1.1324102813160092e-8	1.0094475009361229e-9	3.959839072670811e-5
388.0	2.215535258926952e-8	1.6571788440432823e-9	3.849992726860682e-6	1.1323159541999777e-8	1.0093761257754776e-9	3.9598390642132766e-5
389.0	2.2239321528217413e-8	1.6569543162540693e-9	3.849992955309573e-6	1.1320096170967602e-8	1.009463375619427e-9	3.959839063713701e-5
390.0	2.2370769389296417e-8	1.6565427282527029e-9	3.8499925420710955e-6	1.1318887094145339e-8	1.0096716307868443e-9	3.959839047973088e-5
391.0	2.2349985360718242e-8	1.6579289735063672e-9	3.849992704560359e-6	1.131697159856451e-8	1.0096288784407301e-9	3.959839065852225e-5
392.0	2.221931273954712e-8	1.6571131965993702e-9	3.849993133773037e-6	1.131531046558657e-8	1.010075482249025e-9	3.959839042980071e-5
393.0	2.218771656528889e-8	1.6566393579185299e-9	3.849992944407407e-6	1.1316626580099604e-8	1.0100130796864878e-9	3.9598390830938104e-5
394.0	2.230561178707184e-8	1.658346425227169e-9	3.849993136866258e-6	1.1316372170161274e-8	1.0104693650447872e-9	3.959839051101514e-5
395.0	2.2363627488910777e-8	1.6584213403513773e-9	3.849993086615259e-6	1.1318528630230774e-8	1.010387565071797e-9	3.9598391054230694e-5
396.0	2.226945419859069e-8	1.6583033573429456e-9	3.849992574632532e-6	1.1320127267446693e-8	1.0104043298285244e-9	3.959839059645045e-5
397.0	2.220530259095329e-8	1.6584293985766716e-9	3.849992539992034e-6	1.1321034419369273e-8	1.0104665123302655e-9	3.959839116168361e-5
398.0	2.2235715634158126e-8	1.6567276366085208e-9	3.84999340216926e-6	1.1322622752859146e-8	1.0104613491069345e-9	3.9598390826861606e-5
399.0	2.2306465879972226e-8	1.6572187339099962e-9	3.849993132274315e-6	1.1322506980796115e-8	1.0107557811601828e-9	3.959839125830309e-5
400.0	2.2296774172030094e-8	1.6589348799032596e-9	3.849993109956216e-6	1.1322533087173789e-8	1.0107774617889232e-9	3.959839125080462e-5
401.0	2.222049680999619e-8	1.6594651466055727e-9	3.8499930731209954e-6	1.1321826487024418e-8	1.0108715888152638e-9	3.959839120789212e-5
402.0	2.224543636340563e-8	1.658569756117191e-9	3.8499927410302046e-6	1.1320210028244137e-8	1.0107463930113904e-9	3.9598391402188386e-5
403.0	2.2262115380458147e-8	1.6585411283190623e-9	3.849992368708979e-6	1.131895323078295e-8	1.0104653912263454e-9	3.9598391009650306e-5
404.0	2.2263443967529235e-8	1.6581062788935011e-9	3.849992966130673e-6	1.13188931929532e-8	1.0101763138968983e-9	3.959839133837e-5
405.0	2.226023678770502e-8	1.6568467941526157e-9	3.849993370068987e-6	1.1317128597053385e-8	1.010103884692604e-9	3.9598390932613514e-5
406.0	2.2245625998438994e-8	1.656909758644622e-9	3.849992773147873e-6	1.1319283763206301e-8	1.0099428321605463e-9	3.9598391341357136e-5
407.0	2.2273851090072627e-8	1.6581159761539825e-9	3.849992903313705e-6	1.1318185024632567e-8	1.0101955229586174e-9	3.959839109534764e-5
408.0	2.2232956749319578e-8	1.6589252787071614e-9	3.849993030429241e-6	1.132027029673874e-8	1.0099477457407847e-9	3.959839139460547e-5
409.0	2.2254251551087318e-8	1.6605830663724392e-9	3.849993075941773e-6	1.1320875491517479e-8	1.0100841633297062e-9	3.959839143081539e-5
410.0	2.2262976442782888e-8	1.6617441030737779e-9	3.8499929730280014e-6	1.1321352452323441e-8	1.0095948717074464e-9	3.959839144976138e-5
411.0	2.225323844583479e-8	1.6591610682019007e-9	3.8499932240200115e-6	1.1321599666310726e-8	1.0094448855215998e-9	3.9598391782620814e-5
412.0	2.2241153658187216e-8	1.659094010904958e-9	3.84999274033072e-6	1.1321172476037332e-8	1.009312501660751e-9	3.959839170837576e-5
413.0	2.224390894113965e-8	1.6578654777169692e-9	3.84999242810385e-6	1.1320599246320899e-8	1.0089838734366797e-9	3.959839200410212e-5
414.0	2.2267479689766686e-8	1.657210298598755e-9	3.849992613223128e-6	1.132069334931787e-8	1.0094113312835486e-9	3.9598391774602e-5
415.0	2.224212684524843e-8	1.6576114072659552e-9	3.849993589946213e-6	1.1320176543718863e-8	1.0091898994589317e-9	3.959839179824291e-5
416.0	2.2250215152182816e-8	1.6584388019735391e-9	3.84999318405755e-6	1.1319532183194275e-8	1.0098229859261206e-9	3.959839161058675e-5
417.0	2.2234503790499186e-8	1.6591654656086707e-9	3.849993178476013e-6	1.1320985369503803e-8	1.0097512641608427e-9	3.95983916326663e-5
418.0	2.226628554680432e-8	1.658827881179076e-9	3.849992608487315e-6	1.1319331512981536e-8	1.0101430656791365e-9	3.9598391416531446e-5
419.0	2.2205757943911268e-8	1.6599381027039905e-9	3.849991759519561e-6	1.1322097053274086e-8	1.0102404119910552e-9	3.959839154453916e-5
420.0	2.2278318791574866e-8	1.6582457982092975e-9	3.849992260971998e-6	1.1320532995120719e-8	1.00992069831114e-9	3.959839126937977e-5
421.0	2.228190890084769e-8	1.658107264906175e-9	3.849993337163985e-6	1.1321960536234128e-8	1.010343108519927e-9	3.959839150423324e-5
422.0	2.2262509948125103e-8	1.6584514575785848e-9	3.849993634845679e-6	1.13205314894615e-8	1.0097228675369887e-9	3.9598391229855596e-5
423.0	2.2199296303021568e-8	1.6595131950632459e-9	3.849992865421069e-6	1.1320458654505649e-8	1.0102670846287744e-9	3.959839118032411e-5
424.0	2.2248239383803766e-8	1.66096535579261e-9	3.84999313498748e-6	1.1319453996267746e-8	1.0099903484062205e-9	3.959839120684007e-5
425.0	2.2377087704813717e-8	1.6620071466597746e-9	3.849992261674071e-6	1.1319102112168025e-8	1.0103275995832178e-9	3.9598390855269925e-5
426.0	2.229938992171072e-8	1.6615607869692346e-9	3.849992000878264e-6	1.1317990487598863e-8	1.010493484925731e-9	3.9598391129495446e-5
427.0	2.2194083330010793e-8	1.6606797481537712e-9	3.84999324976693e-6	1.1318284769074705e-8	1.0102127194451197e-9	3.959839056514463e-5
428.0	2.2193753693392246e-8	1.6605854064514888e-9	3.849993749250388e-6	1.1318600550616324e-8	1.0106678569891858e-9	3.959839098208565e-5
429.0	2.2357389848855138e-8	1.6591960716072424e-9	3.849992559630117e-6	1.1318695585369161e-8	1.010051618304697e-9	3.959839049896601e-5
430.0	2.237855671792388e-8	1.6583148360691909e-9	3.8499929513691005e-6	1.1320877996889996e-8	1.0103830700911311e-9	3.9598390878242916e-5
431.0	2.223837911224326e-8	1.6592594571379038e-9	3.84999333207957e-6	1.1320034862792596e-8	1.0097427242454453e-9	3.9598390407324676e-5
432.0	2.216304576899285e-8	1.6591719846161605e-9	3.8499924437825934e-6	1.1322482789160773e-8	1.009660786207375e-9	3.9598390613130846e-5
433.0	2.2278690845934687e-8	1.6601241391916877e-9	3.849992492272497e-6	1.1321696284217005e-8	1.0095811879625496e-9	3.959839012452066e-5
434.0	2.233045074475298e-8	1.6626094309986287e-9	3.849992986865805e-6	1.1323569660194363e-8	1.0092207030874959e-9	3.959839021894239e-5
435.0	2.2271154002497345e-8	1.6622034122553125e-9	3.849992813504796e-6	1.1322493453628068e-8	1.009802383810857e-9	3.9598389976308315e-5
436.0	2.219807766586348e-8	1.6606250976794858e-9	3.8499927837718335e-6	1.1322798428924241e-8	1.0094887868314332e-9	3.959839009753927e-5
437.0	2.222140611097323e-8	1.6598392352608542e-9	3.849992788994504e-6	1.1320363410945914e-8	1.0102145619662524e-9	3.959839004756323e-5
438.0	2.2271918530052787e-8	1.6588342050805576e-9	3.849992989151762e-6	1.1320080202879228e-8	1.0098355786147718e-9	3.959839004850533e-5
439.0	2.2229696310596652e-8	1.6594788648528848e-9	3.8499926283834115e-6	1.1318283037705826e-8	1.0099823644987686e-9	3.9598390239327787e-5
440.0	2.222870097762771e-8	1.660144298467805e-9	3.849992296427901e-6	1.131801456214005e-8	1.01007072695802e-9	3.959839016213525e-5
441.0	2.2265139332458353e-8	1.660072153648876e-9	3.8499928208938165e-6	1.1318101484446326e-8	1.009695907712088e-9	3.959839063477339e-5
442.0	2.2265438399200327e-8	1.662334950705244e-9	3.849992915696346e-6	1.1317175623810433e-8	1.010285843142972e-9	3.959839049389128e-5
443.0	2.2221052763245984e-8	1.6619757054273452e-9	3.849992839087713e-6	1.131877086118823e-8	1.0097082818533294e-9	3.9598391078447366e-5
444.0	2.2189026511049467e-8	1.6623021765912922e-9	3.849992719863764e-6	1.1318584627126429e-8	1.0104051101634771e-9	3.9598390889859e-5
445.0	2.2292358786385842e-8	1.6622511163284918e-9	3.8499928432939865e-6	1.1320434883636802e-8	1.0100308739661654e-9	3.959839123001538e-5
446.0	2.2332590167674692e-8	1.660282629352222e-9	3.849992720725078e-6	1.1320605848239204e-8	1.0104397939093625e-9	3.9598390861778825e-5
447.0	2.2248333465342377e-8	1.6591578707062734e-9	3.8499925288159405e-6	1.132237216578629e-8	1.0104954414171564e-9	3.959839091727857e-5
448.0	2.2197198417183043e-8	1.6591036995053308e-9	3.849992556326149e-6	1.1321245551143833e-8	1.0103212650781171e-9	3.959839067158661e-5
449.0	2.22461565833216e-8	1.6602951481117568e-9	3.84999277575147e-6	1.1322775288618208e-8	1.0108156043972027e-9	3.9598390673884786e-5
450.0	2.235367819751665e-8	1.6610653638417173e-9	3.84999265295079e-6	1.1320252132405984e-8	1.0101983166546995e-9	3.95983908116805e-5
451.0	2.2322085623014485e-8	1.6619617494259278e-9	3.849993013481163e-6	1.1321202564235266e-8	1.0105498742573262e-9	3.959839081455871e-5
452.0	2.2218424298684256e-8	1.664466663356501e-9	3.849992709864945e-6	1.1319819527748684e-8	1.0099523438068164e-9	3.959839129994581e-5
453.0	2.222477122821146e-8	1.6625029537606273e-9	3.849992533837699e-6	1.1319672619941127e-8	1.0100030959932192e-9	3.959839111459896e-5
454.0	2.2311779707434543e-8	1.66111012081158e-9	3.849992671829718e-6	1.1320081142784485e-8	1.0097807365160592e-9	3.95983916580694e-5
455.0	2.235880395451029e-8	1.6608324688696122e-9	3.849992410038897e-6	1.1319621496844648e-8	1.0097171594017446e-9	3.9598391279836733e-5
456.0	2.226387450756104e-8	1.660064493519551e-9	3.8499926116743305e-6	1.131971393020505e-8	1.0100197407927313e-9	3.959839155055292e-5
457.0	2.2206667678828706e-8	1.659595287014028e-9	3.849992684014879e-6	1.1319912406932276e-8	1.009812089602079e-9	3.959839133567662e-5
458.0	2.2267117494001706e-8	1.6595818905780476e-9	3.849992880109784e-6	1.1319763492842172e-8	1.0103181488909805e-9	3.959839125437443e-5
459.0	2.2328512482031516e-8	1.6633972464531492e-9	3.849992188138362e-6	1.1320087675574205e-8	1.009962582523035e-9	3.959839148601774e-5
460.0	2.227731725453197e-8	1.6627801419662155e-9	3.84999289005512e-6	1.1321209052659631e-8	1.0100972859829342e-9	3.959839116852884e-5
461.0	2.2223882892231634e-8	1.664575345276256e-9	3.849993001409034e-6	1.1319316985409936e-8	1.0098540780910842e-9	3.95983917280859e-5
462.0	2.225512869648003e-8	1.6638096734907523e-9	3.8499929888168175e-6	1.1321506560455053e-8	1.0096496277511012e-9	3.959839128630461e-5
463.0	2.2286123649892303e-8	1.6617578596359973e-9	3.8499920873567095e-6	1.1318267103637116e-8	1.0097057519892607e-9	3.959839188241965e-5
464.0	2.226517437067828e-8	1.660240161912507e-9	3.849992634479056e-6	1.1320251412666103e-8	1.0096815692329973e-9	3.959839143842449e-5
465.0	2.2243676540544266e-8	1.6615346537365522e-9	3.849992723876509e-6	1.131965116949941e-8	1.009862413318932e-9	3.959839181632306e-5
466.0	2.2271490267758945e-8	1.6612467242425768e-9	3.849992682327359e-6	1.1320007152943899e-8	1.00999491796099e-9	3.9598391510171636e-5
467.0	2.2273997882984953e-8	1.6613253500334494e-9	3.849992996282347e-6	1.1321089636112808e-8	1.0101301575378659e-9	3.959839156753552e-5
468.0	2.224588001710672e-8	1.6632179369483772e-9	3.849992942677225e-6	1.13212068992941e-8	1.0101331991463789e-9	3.959839158094481e-5
469.0	2.223640107007979e-8	1.6625743489604713e-9	3.849992234912327e-6	1.1320824529453468e-8	1.010248578427455e-9	3.9598391272179684e-5
470.0	2.2292143758173558e-8	1.6621299761623829e-9	3.849992413149024e-6	1.1322329242713017e-8	1.0101530049748425e-9	3.959839161642584e-5
471.0	2.2312926706233505e-8	1.663146189041158e-9	3.84999286735396e-6	1.1320190588312142e-8	1.0103280995192283e-9	3.959839121889834e-5
472.0	2.2248097899495038e-8	1.660780208514909e-9	3.849993108515855e-6	1.1321395122043812e-8	1.0101122618498719e-9	3.959839146969918e-5
473.0	2.2245390442454896e-8	1.6607327370102493e-9	3.849992382781036e-6	1.132105536012032e-8	1.0104680010053478e-9	3.959839141085791e-5
474.0	2.2265216937090507e-8	1.6611776597683205e-9	3.849992614790945e-6	1.1319076231639857e-8	1.0099111046107043e-9	3.959839128643125e-5
475.0	2.231990565112994e-8	1.6630890368138529e-9	3.849991987615415e-6	1.1321086313907904e-8	1.0102180942630877e-9	3.959839161724253e-5
476.0	2.2273442798745567e-8	1.6606526056476255e-9	3.8499927641615165e-6	1.1317687110799996e-8	1.0097854892583237e-9	3.95983911594547e-5
477.0	2.2267246753904423e-8	1.6621831422457576e-9	3.84999312497641e-6	1.1319291521252438e-8	1.0097348717629462e-9	3.959839156694945e-5
478.0	2.225892627777821e-8	1.663326839891362e-9	3.8499934198224355e-6	1.1318944437307769e-8	1.0100379329033035e-9	3.959839111712562e-5
479.0	2.2271999441292518e-8	1.6618605722623027e-9	3.849992501782356e-6	1.131895601044993e-8	1.009534001202788e-9	3.9598391279996775e-5
480.0	2.2307868217942753e-8	1.661795795645964e-9	3.849992400534614e-6	1.1320410696955625e-8	1.0102987884675378e-9	3.959839110672377e-5
481.0	2.2281799686119775e-8	1.661556546681351e-9	3.84999243013594e-6	1.1320392435546003e-8	1.0093286223489904e-9	3.959839083358719e-5
482.0	2.227699539210577e-8	1.6625273477371772e-9	3.849991977801013e-6	1.1320054760176992e-8	1.0097870466036998e-9	3.9598390873494185e-5
483.0	2.2232075636650773e-8	1.6620276828945015e-9	3.849992705483143e-6	1.132218447961773e-8	1.009082167546228e-9	3.959839041189461e-5
484.0	2.228253662249332e-8	1.6627908251323893e-9	3.849993520193618e-6	1.1320900414060635e-8	1.0091027935608682e-9	3.9598390777821414e-5
485.0	2.233488718913663e-8	1.6624633621256833e-9	3.849992926001144e-6	1.1322991484815719e-8	1.0094307610860215e-9	3.959839038427688e-5
486.0	2.2283075152464765e-8	1.661620563937297e-9	3.849992336455711e-6	1.132346081311133e-8	1.0088832086548316e-9	3.9598390872062564e-5
487.0	2.222964414440561e-8	1.6615704381358912e-9	3.849992803503954e-6	1.1321971733731598e-8	1.0099478297074594e-9	3.9598390461619474e-5
488.0	2.2247275669618157e-8	1.6627888446741441e-9	3.849992411995898e-6	1.1323815986357277e-8	1.0089680901569892e-9	3.959839076875138e-5
489.0	2.2328772702273006e-8	1.6613691989131452e-9	3.849991698677737e-6	1.1320246728201724e-8	1.0099859583073709e-9	3.959839041888317e-5
490.0	2.23437909986414e-8	1.66151820127266e-9	3.849992635804179e-6	1.1320855013783527e-8	1.0093335783281066e-9	3.959839056299382e-5
491.0	2.223708634206356e-8	1.6628101729190738e-9	3.849993209559503e-6	1.1319042336359279e-8	1.009828575002788e-9	3.959839038692492e-5
492.0	2.2223658384775448e-8	1.662137194951862e-9	3.8499931563804115e-6	1.1317789133822573e-8	1.0100464887628605e-9	3.959839052212945e-5
493.0	2.227282719400111e-8	1.661709226126313e-9	3.849992985743738e-6	1.1317587139126925e-8	1.0098533589985114e-9	3.959839039164531e-5
494.0	2.2317719500796542e-8	1.6629697603785113e-9	3.8499927503479575e-6	1.1317158267005002e-8	1.0108002910505997e-9	3.9598390391022246e-5
495.0	2.2291584364764745e-8	1.6630608866795813e-9	3.849992308804612e-6	1.1316618537888558e-8	1.0099440813690159e-9	3.95983905530748e-5
496.0	2.221972236736299e-8	1.6618060219085771e-9	3.849992372747693e-6	1.1318464223913499e-8	1.0110446978608414e-9	3.9598390384378e-5
497.0	2.222861435286487e-8	1.663357275650659e-9	3.849992351905413e-6	1.1318156996412363e-8	1.0102419757431753e-9	3.9598390894135714e-5
498.0	2.2259971651008168e-8	1.6627084282115685e-9	3.849993045121447e-6	1.1320920614167381e-8	1.010923303490689e-9	3.9598390613513495e-5
499.0	2.2265600719016663e-8	1.6617538370133963e-9	3.8499937156722915e-6	1.132292110164826e-8	1.0106497153254516e-9	3.959839118603672e-5
500.0	2.2282716598173914e-8	1.6629882299973469e-9	3.849992513423281e-6	1.1322993825541853e-8	1.010669837027819e-9	3.9598391087049256e-5
501.0	2.2255190589861152e-8	1.6622258837394031e-9	3.849992119206597e-6	1.1325517623761752e-8	1.0109205228885107e-9	3.959839138179404e-5
502.0	2.2233256524406532e-8	1.6628714071637018e-9	3.849992585685848e-6	1.1322864937653678e-8	1.0102340745384448e-9	3.959839160605351e-5
503.0	2.2221901478173088e-8	1.6613201785028093e-9	3.849992603029529e-6	1.132346999592147e-8	1.0108256680541615e-9	3.9598391424105025e-5
504.0	2.2229531113580144e-8	1.663544183821358e-9	3.849992192927933e-6	1.1320996143005745e-8	1.0098092062686847e-9	3.959839179278161e-5
505.0	2.232775195902254e-8	1.662071777278626e-9	3.849993227050994e-6	1.1319551892733505e-8	1.010503863995678e-9	3.959839132229371e-5
506.0	2.2296750002786815e-8	1.6624777745293493e-9	3.849992873215083e-6	1.1317246657581787e-8	1.009614296575741e-9	3.959839173406289e-5
507.0	2.2219964736885023e-8	1.6629616411790877e-9	3.849992267340499e-6	1.1316095151109175e-8	1.0100747395715341e-9	3.959839142419227e-5
508.0	2.2190504762956236e-8	1.6620115853003289e-9	3.8499923149792195e-6	1.131409372330304e-8	1.0094687912902762e-9	3.959839154506493e-5
509.0	2.225972299112156e-8	1.6636620696705922e-9	3.849992772373655e-6	1.1315709683329677e-8	1.0093639540397904e-9	3.9598391548134704e-5
510.0	2.236102243475237e-8	1.6622479829322155e-9	3.849992596194719e-6	1.1315611401733443e-8	1.0092716544365492e-9	3.9598391241409444e-5
511.0	2.228738939975159e-8	1.6626221151749535e-9	3.8499920449371114e-6	1.131828699647359e-8	1.008853155004412e-9	3.9598391637262337e-5
512.0	2.2199399661136685e-8	1.6614399031635152e-9	3.849992578969241e-6	1.1321363598747365e-8	1.0095337070579832e-9	3.959839127983608e-5
513.0	2.220561741863546e-8	1.6641827022301935e-9	3.849993322543966e-6	1.1323245667841569e-8	1.0087175945369296e-9	3.959839181517704e-5
514.0	2.2295834553814642e-8	1.6620466427257406e-9	3.849993006714892e-6	1.1327173102816538e-8	1.0096879947975814e-9	3.959839151133102e-5
515.0	2.2325561305059664e-8	1.6642687322775721e-9	3.849992648160478e-6	1.1327407152423424e-8	1.0087524745963766e-9	3.9598391810870575e-5
516.0	2.223135059487657e-8	1.664946357061636e-9	3.849993044835155e-6	1.1328049740439948e-8	1.0094799376582447e-9	3.9598391696449014e-5
517.0	2.220853828560265e-8	1.6630559665429526e-9	3.8499917014100375e-6	1.1326113614712643e-8	1.00914498334446e-9	3.959839166064348e-5
518.0	2.223689314283124e-8	1.663425181909555e-9	3.849991985808373e-6	1.1323881694134907e-8	1.009659613279594e-9	3.959839185818666e-5
519.0	2.2262655226181727e-8	1.6636064734766627e-9	3.849993158380109e-6	1.1320215113043759e-8	1.0102249991156426e-9	3.959839146155084e-5
520.0	2.2266238761365016e-8	1.6625278120476174e-9	3.84999331315197e-6	1.1317841775651722e-8	1.0100191089377514e-9	3.95983918777411e-5
521.0	2.2262036724012317e-8	1.6634477592418973e-9	3.84999292588833e-6	1.1313611155920662e-8	1.0109910553847398e-9	3.959839133547294e-5
522.0	2.2278759701673097e-8	1.664008348530868e-9	3.849993286243425e-6	1.1312720087533647e-8	1.0100816378898806e-9	3.959839174066793e-5
523.0	2.2202081874252313e-8	1.6641094929096886e-9	3.8499919657113645e-6	1.131102816474704e-8	1.010985596736348e-9	3.959839126874425e-5
524.0	2.2220756557808177e-8	1.6650392552144869e-9	3.849991987468563e-6	1.1312709881201118e-8	1.0102035168692683e-9	3.959839150609106e-5
525.0	2.2281043775962264e-8	1.664286293404911e-9	3.84999301982258e-6	1.13156164471003e-8	1.0106724028746147e-9	3.9598391171308394e-5
526.0	2.2313532626223386e-8	1.6647976662919934e-9	3.849992809779996e-6	1.1318416649708237e-8	1.0103748629041755e-9	3.959839119366088e-5
527.0	2.2245224557041788e-8	1.6629256361083363e-9	3.8499925964151235e-6	1.13226406165666e-8	1.0102706924623904e-9	3.959839093687445e-5
528.0	2.21935608274924e-8	1.6644252074063894e-9	3.84999317686231e-6	1.1325347959272938e-8	1.0106045276816581e-9	3.9598390674104804e-5
529.0	2.2272437687801258e-8	1.6639527094239387e-9	3.849993401183826e-6	1.1327344456868292e-8	1.009834067121203e-9	3.95983906706456e-5
530.0	2.2326654762551887e-8	1.6656528007238267e-9	3.849992163516375e-6	1.1327885406852102e-8	1.0107104356388956e-9	3.959839041499019e-5
531.0	2.2285591422308972e-8	1.6655483395227542e-9	3.8499921942593274e-6	1.1326455196302383e-8	1.0097473463090526e-9	3.9598390612300524e-5
532.0	2.2206903093925552e-8	1.664550001920633e-9	3.849993193234548e-6	1.1323531315723617e-8	1.010395499919668e-9	3.9598390308897564e-5
533.0	2.2238802989127086e-8	1.6654898486613903e-9	3.8499925987256235e-6	1.1320318972629937e-8	1.0095448595012315e-9	3.959839046008623e-5
534.0	2.2301739264793838e-8	1.6634780172145253e-9	3.849992209102088e-6	1.1315917484683421e-8	1.009730942740004e-9	3.959839019437293e-5
535.0	2.2285992971922922e-8	1.6634732779345316e-9	3.8499926271415706e-6	1.1313564489108744e-8	1.0095323200392352e-9	3.95983902985278e-5
536.0	2.2242982897721e-8	1.6648732526221337e-9	3.849993384867631e-6	1.1311930024014039e-8	1.0093168926531022e-9	3.95983902483988e-5
537.0	2.2224117648353434e-8	1.664474670232205e-9	3.849991921072858e-6	1.1312120616656598e-8	1.0097227878803043e-9	3.9598390299364526e-5
538.0	2.227371648832499e-8	1.664987964066e-9	3.849992242918311e-6	1.1314908285953669e-8	1.0093057223853977e-9	3.959839050669021e-5
539.0	2.2260869801197713e-8	1.666481942497649e-9	3.849993235894548e-6	1.1318599660580442e-8	1.00984164025785e-9	3.95983905764835e-5
540.0	2.227262386189803e-8	1.6664176244510203e-9	3.849992848597306e-6	1.1322461674771026e-8	1.0092123930260663e-9	3.959839093283022e-5
541.0	2.2245579236399677e-8	1.664277149315365e-9	3.849992093402221e-6	1.132655304722113e-8	1.0096817930230836e-9	3.959839100632254e-5
542.0	2.2254225110271706e-8	1.6636906747208885e-9	3.849992275166611e-6	1.132815881746863e-8	1.0093053139222707e-9	3.959839130655036e-5
543.0	2.2241962271128658e-8	1.6639891935151306e-9	3.849993233343345e-6	1.1329492239702358e-8	1.009512116075623e-9	3.959839152905499e-5
544.0	2.22605198509599e-8	1.665159899383859e-9	3.849992424813894e-6	1.1327779973061669e-8	1.0095860665652217e-9	3.959839148224174e-5
545.0	2.2277601297510672e-8	1.6660702127239636e-9	3.849992342081419e-6	1.1325226250821965e-8	1.0093815012047577e-9	3.959839174355598e-5
546.0	2.2258735097749494e-8	1.6668300389928142e-9	3.849993158035237e-6	1.1321003835190105e-8	1.009552455705779e-9	3.959839143219891e-5
547.0	2.2251295841350726e-8	1.6662409289493417e-9	3.849992652279721e-6	1.1317143703257784e-8	1.0091685207051034e-9	3.959839167283324e-5
548.0	2.224331475763955e-8	1.6638784426558736e-9	3.849992576036066e-6	1.1312557746670346e-8	1.009570689242144e-9	3.9598391361679544e-5
549.0	2.227503348325216e-8	1.664630842678006e-9	3.849992691409901e-6	1.1312088254547447e-8	1.0092951350640384e-9	3.959839155742414e-5
550.0	2.2298025122690936e-8	1.6633395753358563e-9	3.849992929396996e-6	1.1310242867696777e-8	1.0097259823089242e-9	3.9598391395712406e-5
551.0	2.2282420281584512e-8	1.6639045807561057e-9	3.849992621642966e-6	1.1313438221162666e-8	1.0096107974810624e-9	3.959839146987115e-5
552.0	2.2230405178151068e-8	1.6649033113427893e-9	3.849992529969669e-6	1.131603282381772e-8	1.0097216898467745e-9	3.959839143154479e-5
553.0	2.2250472386179697e-8	1.665927171685809e-9	3.849992331804085e-6	1.1320827513325668e-8	1.0097462970138567e-9	3.959839144064956e-5
554.0	2.227832705397891e-8	1.6680103106867277e-9	3.849992585475986e-6	1.1325502301281156e-8	1.0095158164737678e-9	3.959839152355328e-5
555.0	2.233146227851575e-8	1.6664700360384462e-9	3.849992802268683e-6	1.1327885878079595e-8	1.00993403015014e-9	3.959839163475558e-5
556.0	2.226037290531861e-8	1.6661561277198972e-9	3.84999252678585e-6	1.1330277890780391e-8	1.0096696846079214e-9	3.959839179969973e-5
557.0	2.2223631486968204e-8	1.6644161271183013e-9	3.849992700471593e-6	1.1328999536596052e-8	1.0100518542878311e-9	3.9598391871727704e-5
558.0	2.2255620085646243e-8	1.663575597971896e-9	3.849992591182892e-6	1.1327709620997094e-8	1.0098513319194322e-9	3.95983920115484e-5
559.0	2.231654094423472e-8	1.6644804905749887e-9	3.84999215872464e-6	1.1323795007397468e-8	1.0100567032502647e-9	3.959839191797597e-5
560.0	2.231906126792341e-8	1.6659457700332682e-9	3.84999270397398e-6	1.1320582939542028e-8	1.0101414912663453e-9	3.9598392009381705e-5
561.0	2.225138382009167e-8	1.6660890415321497e-9	3.849992807259551e-6	1.1314714249541695e-8	1.0101066122955754e-9	3.959839178322874e-5
562.0	2.221625463136739e-8	1.6660896545345585e-9	3.849992835907765e-6	1.1313301994451266e-8	1.0104610104517078e-9	3.959839198091549e-5
563.0	2.2275087544711977e-8	1.6678775958216887e-9	3.849992900493378e-6	1.1308358087109845e-8	1.0101960213275502e-9	3.959839163324753e-5
564.0	2.230244578332529e-8	1.6672370943927753e-9	3.849992457246082e-6	1.1311332304428465e-8	1.0102925902817315e-9	3.959839184065295e-5
565.0	2.2308792920414788e-8	1.6653926835336683e-9	3.849992445843869e-6	1.1310749026671184e-8	1.0099696298418937e-9	3.959839153409495e-5
566.0	2.2266040098693667e-8	1.6659993522921448e-9	3.849992913478367e-6	1.1316413177625537e-8	1.0099355790009115e-9	3.959839159913297e-5
567.0	2.2220768629234452e-8	1.6650040175878585e-9	3.849992957601027e-6	1.1319151362274564e-8	1.0099525265664305e-9	3.959839151476293e-5
568.0	2.2252185549188634e-8	1.664967387596306e-9	3.84999271037857e-6	1.1324369840894964e-8	1.0098783294593877e-9	3.95983913665981e-5
569.0	2.228655004019154e-8	1.6669030526096052e-9	3.849992918061681e-6	1.1327694022676692e-8	1.010278524975525e-9	3.9598391427823804e-5
570.0	2.2338716556610183e-8	1.6678885744488002e-9	3.84999254526619e-6	1.1329478753209353e-8	1.0100996366508143e-9	3.9598391213857454e-5
571.0	2.2239054803965953e-8	1.6663261613658415e-9	3.849992166802755e-6	1.1330042650434515e-8	1.0103093387900612e-9	3.959839128198445e-5
572.0	2.2201008392473094e-8	1.6669105475996364e-9	3.849992885822932e-6	1.132798006961555e-8	1.0102092935807744e-9	3.9598391206606093e-5
573.0	2.2244429627007647e-8	1.6667032746993187e-9	3.849992699086487e-6	1.1326047425814375e-8	1.009930417185757e-9	3.9598391254110866e-5
574.0	2.2308118890717915e-8	1.6653631277616799e-9	3.849992514292025e-6	1.1320909489603943e-8	1.010030593230013e-9	3.959839129240832e-5
575.0	2.2326617651346816e-8	1.665982152034686e-9	3.849992692594587e-6	1.1319365332278549e-8	1.0096165494842103e-9	3.959839122445273e-5
576.0	2.2204399156551802e-8	1.6654626372902458e-9	3.849992481482517e-6	1.1313353320812695e-8	1.0098790443940406e-9	3.9598391253009126e-5
577.0	2.2223289312838102e-8	1.66489471566684e-9	3.849993254685634e-6	1.1314664704722265e-8	1.009810826290584e-9	3.9598391143794006e-5
578.0	2.224010957106665e-8	1.665781359402373e-9	3.849993006411316e-6	1.1310407197330907e-8	1.009974276968066e-9	3.959839107813034e-5
579.0	2.2277594148192255e-8	1.6666024897002913e-9	3.849992331872885e-6	1.131470133611368e-8	1.0102474766354663e-9	3.9598391045280544e-5
580.0	2.227113377524546e-8	1.6667170929224625e-9	3.849992342529605e-6	1.1313825987055426e-8	1.0100701552184886e-9	3.959839086734076e-5
581.0	2.224563464614072e-8	1.6670976819590416e-9	3.849992278893614e-6	1.1318172309944838e-8	1.0103064707767373e-9	3.9598390820790053e-5
582.0	2.2229638582451028e-8	1.6662513280869137e-9	3.849992828020251e-6	1.1319127889249077e-8	1.0099363291631913e-9	3.9598390671611166e-5
583.0	2.2208026230287305e-8	1.6658297239570548e-9	3.849993156874122e-6	1.1323753907480797e-8	1.0100630583412406e-9	3.959839054284163e-5
584.0	2.2253432048054687e-8	1.6659740461790946e-9	3.849994083979607e-6	1.1324702985752157e-8	1.0097882255371561e-9	3.959839060582846e-5
585.0	2.2312724720786797e-8	1.666826978457029e-9	3.8499927037840136e-6	1.1326967325425008e-8	1.0097538583352756e-9	3.959839039780116e-5
586.0	2.229912997919772e-8	1.6656519805233655e-9	3.849992052149952e-6	1.1326758901586554e-8	1.0096324066015201e-9	3.959839058029904e-5
587.0	2.2216299702041147e-8	1.6658929853775623e-9	3.849992151757719e-6	1.1325276097094744e-8	1.009467617496999e-9	3.959839042207179e-5
588.0	2.21862144946705e-8	1.6651590681201006e-9	3.849992580380611e-6	1.1325267677650638e-8	1.0096547950702108e-9	3.959839044586327e-5
589.0	2.2258260398737263e-8	1.6650804930768432e-9	3.8499929466785674e-6	1.1321102625014313e-8	1.0094959221389897e-9	3.959839052656793e-5
590.0	2.2368803817848222e-8	1.6651176145688426e-9	3.849993635200017e-6	1.1322192099548032e-8	1.00986677234767e-9	3.9598390410375546e-5
591.0	2.2291007934826903e-8	1.6657652087422873e-9	3.849993606102658e-6	1.1317075517705489e-8	1.0097325377567841e-9	3.9598390616354694e-5
592.0	2.2201409557948857e-8	1.6664774191419673e-9	3.849992340655698e-6	1.1318661638265842e-8	1.0099147058925753e-9	3.9598390397142744e-5
593.0	2.218572570100735e-8	1.665514577605468e-9	3.849992529827138e-6	1.1314876332349293e-8	1.0097278212680094e-9	3.959839065212904e-5
594.0	2.2284399722893844e-8	1.6682601074470576e-9	3.849991984083915e-6	1.1317225634240576e-8	1.0098400907320266e-9	3.959839054354607e-5
595.0	2.2357119032936583e-8	1.6671770646684539e-9	3.849992371429256e-6	1.131526161309098e-8	1.0097430163657926e-9	3.9598390783711376e-5
596.0	2.2268302088220793e-8	1.667095025721276e-9	3.849993348613774e-6	1.1318738123669172e-8	1.009715707901922e-9	3.95983908206421e-5
597.0	2.22003258008973e-8	1.6656590804968577e-9	3.849993411101774e-6	1.1317786550870506e-8	1.0100198904795107e-9	3.9598391030829e-5
598.0	2.2238636144460448e-8	1.6647266210322134e-9	3.849992741350083e-6	1.1321418191732022e-8	1.0098631545681999e-9	3.959839105859238e-5
599.0	2.2280233471989482e-8	1.665526437455888e-9	3.849992935919082e-6	1.132119919143963e-8	1.010426276937282e-9	3.959839120795716e-5
600.0	2.2304101242777127e-8	1.665728319930323e-9	3.849992319032355e-6	1.1322717565637656e-8	1.0101983582470542e-9	3.959839114774565e-5
601.0	2.2274699906463938e-8	1.6662050588482324e-9	3.8499919190012185e-6	1.1322891943133583e-8	1.0106775215158161e-9	3.959839135733722e-5
602.0	2.222418124852452e-8	1.6671209700561485e-9	3.849992591248095e-6	1.1321719224631689e-8	1.0104580758491762e-9	3.9598391224631415e-5
603.0	2.2238185988114586e-8	1.6672870299172523e-9	3.849993355190838e-6	1.1323027875100206e-8	1.010583285428806e-9	3.9598391600324084e-5
604.0	2.2214855259039865e-8	1.6674599534332968e-9	3.849993294182155e-6	1.1320485976028426e-8	1.01053566426823e-9	3.959839143995375e-5
605.0	2.2287748085637363e-8	1.6671164684725784e-9	3.849992957970477e-6	1.1321330566010072e-8	1.0102003896838871e-9	3.9598391649964687e-5
606.0	2.2290715525860658e-8	1.6661544745783838e-9	3.849992601407146e-6	1.1318601122861818e-8	1.0104715294424607e-9	3.9598391568024196e-5
607.0	2.2253407364487156e-8	1.6665646755770424e-9	3.849992416791635e-6	1.1319122481449103e-8	1.0099576622798769e-9	3.959839155842865e-5
608.0	2.2199459253012222e-8	1.6656008176082005e-9	3.849992155918104e-6	1.1316926438810766e-8	1.0103994458226477e-9	3.959839162927944e-5
609.0	2.2242177100872212e-8	1.6661068215228238e-9	3.849992636701747e-6	1.1319304502255215e-8	1.0098076626970546e-9	3.959839144312997e-5
610.0	2.2306261357301117e-8	1.667802984655926e-9	3.849993414834507e-6	1.1318111978702583e-8	1.010149474095398e-9	3.959839163824244e-5
611.0	2.2289536120880744e-8	1.6678045159062813e-9	3.849993118229049e-6	1.1320742199472484e-8	1.0096613939889145e-9	3.959839143186714e-5
612.0	2.221939006898843e-8	1.6669534735740463e-9	3.849992503403751e-6	1.1319628927083537e-8	1.0096222972557348e-9	3.9598391700310367e-5
613.0	2.2232053636925836e-8	1.6668376285046988e-9	3.849992374873322e-6	1.1321273734931164e-8	1.0096133098803612e-9	3.9598391433435086e-5
614.0	2.227488609319061e-8	1.6676135688267872e-9	3.849992618139257e-6	1.132134917772109e-8	1.0093037343067943e-9	3.959839167186762e-5
615.0	2.227678092630705e-8	1.6665798547364895e-9	3.849992242343705e-6	1.1321292337566138e-8	1.0095673052513425e-9	3.959839140749641e-5
616.0	2.223561971683217e-8	1.6658680532633776e-9	3.849992786882112e-6	1.1322085800176457e-8	1.0091314501252644e-9	3.959839165868102e-5
617.0	2.224720181100768e-8	1.6668698356494808e-9	3.849993781251244e-6	1.132085346767626e-8	1.0095228928502416e-9	3.959839149671498e-5
618.0	2.2271588578256926e-8	1.6669068257596242e-9	3.849992638550704e-6	1.1320611607154412e-8	1.0091675723653853e-9	3.9598391927482204e-5
619.0	2.2232583507625532e-8	1.6674027883311088e-9	3.849992181014446e-6	1.1319865307686817e-8	1.0094625195826022e-9	3.9598391759483526e-5
620.0	2.222876211874618e-8	1.6686651207957225e-9	3.849992632281337e-6	1.131925690274501e-8	1.0094773835515864e-9	3.959839215133739e-5
621.0	2.2265812629325844e-8	1.6675649909213434e-9	3.849992812415363e-6	1.1318950089257544e-8	1.0096071145566108e-9	3.959839188502633e-5
622.0	2.2286411841681572e-8	1.6677046065547909e-9	3.849992682001245e-6	1.1319412781730908e-8	1.0098059957735192e-9	3.9598391948397955e-5
623.0	2.2241192910753967e-8	1.6663927521761388e-9	3.849992970703693e-6	1.1319000986071209e-8	1.0097801732035052e-9	3.9598391702287226e-5
624.0	2.2228825100106523e-8	1.667571306218589e-9	3.8499931222750145e-6	1.132047317681362e-8	1.0099312563739288e-9	3.959839135286599e-5
625.0	2.228100693365444e-8	1.6673637794731335e-9	3.849992633527753e-6	1.1319911909871902e-8	1.0097096726298708e-9	3.959839142388741e-5
626.0	2.2316075578184263e-8	1.6682351444757439e-9	3.849992339585569e-6	1.1320703712529228e-8	1.0097781194860753e-9	3.9598390884000395e-5
627.0	2.2221945580566005e-8	1.6684317653015478e-9	3.849992277392316e-6	1.1321521163083118e-8	1.0094539807295956e-9	3.959839114323492e-5
628.0	2.2218098899574903e-8	1.6665265274869332e-9	3.849993375274385e-6	1.1320878272227848e-8	1.0096911435530035e-9	3.959839063733486e-5
629.0	2.2296522204098155e-8	1.6675829644057564e-9	3.849992412993405e-6	1.1322481049312546e-8	1.0095006273814365e-9	3.959839069037854e-5
630.0	2.235091851172243e-8	1.6671012356037721e-9	3.849992648612501e-6	1.1320834482227807e-8	1.0101217980590407e-9	3.959839057594733e-5
631.0	2.225846554283447e-8	1.667156329952537e-9	3.849993178081881e-6	1.1320545167634735e-8	1.0099010800217913e-9	3.95983902056464e-5
632.0	2.218787393449196e-8	1.6661952397241456e-9	3.849992631555795e-6	1.1319233442518346e-8	1.0101434041702867e-9	3.959839039913729e-5
633.0	2.226844571591139e-8	1.6676680166200688e-9	3.8499925378158764e-6	1.1317918257329353e-8	1.009962091934346e-9	3.9598389864723264e-5
634.0	2.2341827494816107e-8	1.6685704547084495e-9	3.849992971379303e-6	1.1318040344302305e-8	1.0096410340151472e-9	3.9598390083823054e-5
635.0	2.2299939496993093e-8	1.6681274760580938e-9	3.849992865240863e-6	1.1317668101604104e-8	1.0098885545788323e-9	3.959838980985253e-5
636.0	2.2216729513893863e-8	1.667996935683255e-9	3.8499925449693865e-6	1.1318366332807806e-8	1.0093474701145245e-9	3.9598389916443015e-5
637.0	2.2235992217543835e-8	1.6670850404138067e-9	3.8499930348207905e-6	1.1319238269432537e-8	1.010369847092828e-9	3.959839012024919e-5
638.0	2.2277084160087968e-8	1.6666171791166702e-9	3.849992784334312e-6	1.1320700240720563e-8	1.0099964027318464e-9	3.959839003212667e-5
639.0	2.2296606833921653e-8	1.667716352512556e-9	3.8499928039993115e-6	1.1321056894734382e-8	1.0106835829307068e-9	3.959839047223961e-5
640.0	2.226886923657626e-8	1.6660659706958052e-9	3.849992792195838e-6	1.1322983283206345e-8	1.0105262937264446e-9	3.959839022725679e-5
641.0	2.2258056383999503e-8	1.6686206612256825e-9	3.849992903864858e-6	1.1321204475769244e-8	1.010523676867686e-9	3.959839066202382e-5
642.0	2.226538445655737e-8	1.6686129322473992e-9	3.84999252627909e-6	1.132242910077804e-8	1.0107135632120756e-9	3.959839022445578e-5
643.0	2.222359228294237e-8	1.667715540387037e-9	3.849992877336742e-6	1.1319557098457617e-8	1.0101602085847567e-9	3.9598390691527384e-5
644.0	2.2263987260578194e-8	1.6681936929453494e-9	3.849993379059302e-6	1.1319562484487244e-8	1.01095911982886e-9	3.959839019229483e-5
645.0	2.231550552542045e-8	1.6685046476339378e-9	3.849992743475468e-6	1.1317257785413195e-8	1.0102598813567241e-9	3.9598390839286414e-5
646.0	2.2301989502788725e-8	1.6674460550529404e-9	3.849992167287834e-6	1.1316553484855017e-8	1.0108858431786041e-9	3.9598390336333225e-5
647.0	2.2230485429065605e-8	1.6674718702661994e-9	3.849992700172739e-6	1.1315609149081727e-8	1.0102530778236628e-9	3.9598391023229186e-5
648.0	2.2209167878831773e-8	1.6678690071503197e-9	3.8499925032245535e-6	1.1316491320960561e-8	1.0103085540374995e-9	3.9598390824783156e-5
649.0	2.228995170743782e-8	1.6676906714339924e-9	3.849992998867906e-6	1.1317698011792615e-8	1.0100721504311589e-9	3.959839122684495e-5
650.0	2.2343444191074545e-8	1.6667158073568649e-9	3.849993909055624e-6	1.1319421731852675e-8	1.0097522418869626e-9	3.959839144212215e-5
651.0	2.2271134788013767e-8	1.668569236158341e-9	3.84999310720726e-6	1.1322021364932969e-8	1.01007814981834e-9	3.95983913222006e-5
652.0	2.2238988785346546e-8	1.6679668158130134e-9	3.849992376129371e-6	1.1321971800419673e-8	1.0095188382968414e-9	3.959839187347025e-5
653.0	2.2226677613534628e-8	1.6680657862978618e-9	3.849992029820015e-6	1.1325328937860746e-8	1.009952234663453e-9	3.959839131094416e-5
654.0	2.227618678280937e-8	1.6691766448469996e-9	3.849992619467112e-6	1.1323256994380056e-8	1.009295101352877e-9	3.959839205524743e-5
655.0	2.2319476319373266e-8	1.6696092705792484e-9	3.849992816376133e-6	1.1325442526814905e-8	1.0095189417431937e-9	3.959839135906416e-5
656.0	2.2270620457932573e-8	1.6692415469526323e-9	3.849993928956405e-6	1.1322026024770195e-8	1.0090587022745186e-9	3.959839215561992e-5
657.0	2.2259700198039068e-8	1.6683104776185458e-9	3.84999262334504e-6	1.1322026618827947e-8	1.0091903680736596e-9	3.959839154235611e-5
658.0	2.2225929448448115e-8	1.6680295907139347e-9	3.8499924865947514e-6	1.1318575205758364e-8	1.0092703825603397e-9	3.9598392162668756e-5
659.0	2.227973867183912e-8	1.6687375523557885e-9	3.8499923211007656e-6	1.1318345388916632e-8	1.0091909205208774e-9	3.959839175178169e-5
660.0	2.2319827457858192e-8	1.667749050617411e-9	3.8499926398192685e-6	1.131575622033974e-8	1.009586000319834e-9	3.959839203160056e-5
661.0	2.228314079530475e-8	1.6696918579531387e-9	3.849992564883233e-6	1.1317232874386896e-8	1.0093037489553153e-9	3.959839191723325e-5
662.0	2.2244151329696946e-8	1.6686898538508646e-9	3.8499930517887705e-6	1.1316325504096377e-8	1.0095801953089372e-9	3.9598391953274676e-5
663.0	2.2240646954054822e-8	1.6688090992107362e-9	3.849992675996892e-6	1.1318813365600631e-8	1.0090499383307217e-9	3.959839200182644e-5
664.0	2.2283835121455985e-8	1.6703386754173844e-9	3.849992195328993e-6	1.132091711954418e-8	1.0095068733692568e-9	3.9598391909303136e-5
665.0	2.231387650091831e-8	1.6704423582520446e-9	3.849992518458611e-6	1.1321739802203714e-8	1.0091357441924036e-9	3.959839201658069e-5
666.0	2.2257146603132145e-8	1.6691395185108177e-9	3.849992950212336e-6	1.1324831845552428e-8	1.0096512265229019e-9	3.959839201066481e-5
667.0	2.224606502186719e-8	1.6699344483362331e-9	3.849993080325997e-6	1.1323348068698887e-8	1.0097552535273121e-9	3.959839195376957e-5
668.0	2.2266203600589516e-8	1.6697352100561573e-9	3.849993182889735e-6	1.1325960462735014e-8	1.0099818108474776e-9	3.959839206501162e-5
669.0	2.2281735432936246e-8	1.6677160941558274e-9	3.849992531158618e-6	1.1323115195855713e-8	1.010341507122735e-9	3.959839176529458e-5
670.0	2.229439169360271e-8	1.6680679131940851e-9	3.84999271973268e-6	1.1323689112969879e-8	1.010076256265855e-9	3.9598391805387806e-5
671.0	2.224637608968218e-8	1.6687957293262327e-9	3.8499926115130936e-6	1.1319763966981828e-8	1.0104704563395594e-9	3.959839147703218e-5
672.0	2.2277340778324173e-8	1.6675598426940932e-9	3.849992151077784e-6	1.1319514762957253e-8	1.0099543565303159e-9	3.959839141139738e-5
673.0	2.225485064672107e-8	1.670115632398051e-9	3.849992753321162e-6	1.1315878048842336e-8	1.0103892038071643e-9	3.959839122629599e-5
674.0	2.2247698326908496e-8	1.6716670346344195e-9	3.8499936495306294e-6	1.1317480089415096e-8	1.009744095180804e-9	3.959839102661446e-5
675.0	2.2299505710189655e-8	1.6716473859886532e-9	3.849993047290758e-6	1.1316451279272144e-8	1.0101186007334478e-9	3.959839102580974e-5
676.0	2.2278407225226273e-8	1.670368889492621e-9	3.84999261632041e-6	1.1318342333060492e-8	1.0099273141641005e-9	3.9598390820145136e-5
677.0	2.2245623797907265e-8	1.6699340059675823e-9	3.849992187316696e-6	1.1319266369439019e-8	1.0100224958432288e-9	3.9598390956028086e-5
678.0	2.224604701863855e-8	1.6678932283877706e-9	3.849992307012047e-6	1.1320236834419608e-8	1.0105103438609209e-9	3.959839074289733e-5
679.0	2.2265092801753892e-8	1.6672562064587459e-9	3.8499924433578394e-6	1.1321970416117547e-8	1.0100222200478648e-9	3.959839083173126e-5
680.0	2.2325356402362144e-8	1.6672232887649618e-9	3.849992944250651e-6	1.132116176134435e-8	1.010530257441194e-9	3.9598390521050464e-5
681.0	2.2298887646150468e-8	1.6677346482828171e-9	3.849993399158779e-6	1.1322785106209894e-8	1.009779662373835e-9	3.959839058385933e-5
682.0	2.2233312352029253e-8	1.6695343469707087e-9	3.849992722416098e-6	1.132051425177896e-8	1.010060543225588e-9	3.9598390249246664e-5
683.0	2.223410660116004e-8	1.6707945774285793e-9	3.849991580891977e-6	1.1321665568850939e-8	1.0096772888168121e-9	3.959839049648904e-5
684.0	2.2254632550686276e-8	1.6712715447465476e-9	3.849992491244296e-6	1.1318822690453277e-8	1.0098038655096943e-9	3.959839011574813e-5
685.0	2.2332638878224154e-8	1.6704191241956176e-9	3.849993480551411e-6	1.1320233163627659e-8	1.0099031020259276e-9	3.959839052923024e-5
686.0	2.2281971378403864e-8	1.668850933517758e-9	3.849993307986922e-6	1.1317983295971677e-8	1.0097277206832677e-9	3.9598390097026136e-5
687.0	2.221922304847087e-8	1.6689943888055983e-9	3.84999264331849e-6	1.1320396232324655e-8	1.010120753146765e-9	3.959839056830271e-5
688.0	2.2216831652499075e-8	1.668035455894665e-9	3.8499924196515285e-6	1.1320195998711144e-8	1.009616562307988e-9	3.9598390229096245e-5
689.0	2.2280366446748674e-8	1.6691257632925043e-9	3.8499922346593e-6	1.1322130512429417e-8	1.0099691499223837e-9	3.9598390483637276e-5
690.0	2.2327723857871482e-8	1.6716905256010352e-9	3.84999223673852e-6	1.1322802552889008e-8	1.009727041847974e-9	3.9598390423571324e-5
691.0	2.226257981887362e-8	1.6712283174837852e-9	3.849993639827052e-6	1.1322909767058752e-8	1.0097753014732241e-9	3.9598390396625715e-5
692.0	2.2195321889994972e-8	1.6712412940831017e-9	3.849993768778633e-6	1.1323095449283994e-8	1.0099958234863562e-9	3.959839065528068e-5
693.0	2.2237230166683845e-8	1.6697876258756738e-9	3.8499928330602615e-6	1.1321738542347576e-8	1.0098149155496763e-9	3.959839039382242e-5
694.0	2.2299811347499813e-8	1.6711859086919022e-9	3.849991894525672e-6	1.1321631902502468e-8	1.0102023801703582e-9	3.959839092788804e-5
695.0	2.230645216686522e-8	1.6682653567085566e-9	3.849992476556963e-6	1.1319055821949957e-8	1.0099367764526176e-9	3.959839060685688e-5
696.0	2.2205044994970375e-8	1.6687065320222899e-9	3.849993168539673e-6	1.1318748811312363e-8	1.010099103616796e-9	3.9598391195015755e-5
697.0	2.222988190777164e-8	1.6704770613800883e-9	3.84999295584031e-6	1.1315306168638685e-8	1.0099892829162069e-9	3.959839094994237e-5
698.0	2.22771228108622e-8	1.6689551886917103e-9	3.849992948592891e-6	1.1316922158779277e-8	1.0097955992532484e-9	3.959839133916773e-5
699.0	2.225196043325568e-8	1.6717986463865576e-9	3.849992831833183e-6	1.1315289752370322e-8	1.010025336083469e-9	3.9598391161640665e-5
700.0	2.2254148600616276e-8	1.6729957049395555e-9	3.849992336853979e-6	1.1317968156154323e-8	1.0098533716814517e-9	3.9598391269495816e-5
701.0	2.2222408479096307e-8	1.6710274599510576e-9	3.849992270633413e-6	1.1319365275645656e-8	1.0102100579020642e-9	3.959839121802933e-5
702.0	2.2270046076498187e-8	1.6709107673751976e-9	3.8499927671183035e-6	1.1321553734247672e-8	1.0101869866365337e-9	3.9598391275091574e-5
703.0	2.2245429775514415e-8	1.6692713639968424e-9	3.849993047958277e-6	1.1324145901086738e-8	1.010258717793528e-9	3.959839118952693e-5
704.0	2.222406520413548e-8	1.6693255321880017e-9	3.849992703184053e-6	1.1325040492092618e-8	1.010293870380947e-9	3.9598391271797456e-5
705.0	2.2287145019601672e-8	1.6693351634944064e-9	3.849992171541151e-6	1.1326169259730189e-8	1.0097761798997045e-9	3.959839100861493e-5
706.0	2.229097114793471e-8	1.668680170795968e-9	3.849992649168015e-6	1.1324594524430004e-8	1.0100138876314536e-9	3.959839121508649e-5
707.0	2.223834245042826e-8	1.6705376662445079e-9	3.849993048387126e-6	1.1324060827948996e-8	1.009511936833777e-9	3.959839102799722e-5
708.0	2.221301879378935e-8	1.6685481579869731e-9	3.849992484870446e-6	1.1320592182090428e-8	1.0100016351291537e-9	3.9598391295866934e-5
709.0	2.2261410239823434e-8	1.6721319581636526e-9	3.849992413724507e-6	1.1319894149979021e-8	1.0098900128151748e-9	3.959839126153449e-5
710.0	2.233136728877798e-8	1.6714284872541313e-9	3.849992943252434e-6	1.1315802526159967e-8	1.0100839460157548e-9	3.959839135542844e-5
711.0	2.2298019740413408e-8	1.6710006720636616e-9	3.8499926953708326e-6	1.131596309111436e-8	1.0102634690265577e-9	3.959839142820834e-5
712.0	2.220019713152574e-8	1.6716437320172804e-9	3.849992417495998e-6	1.1314005553617273e-8	1.0098452846384048e-9	3.959839122296842e-5
713.0	2.2230422752403876e-8	1.6702299808489117e-9	3.8499934683531314e-6	1.1315245945152909e-8	1.0103156328999762e-9	3.95983915507785e-5
714.0	2.2326781635165796e-8	1.6698492531073806e-9	3.84999332814825e-6	1.1317059512125254e-8	1.009628081034087e-9	3.95983911242236e-5
715.0	2.234178014442348e-8	1.6707217228784564e-9	3.849992789293212e-6	1.131888376602682e-8	1.0102250748113838e-9	3.9598391592911204e-5
716.0	2.2258290047117177e-8	1.670791884209094e-9	3.8499923668437245e-6	1.1321980134846655e-8	1.009823129191163e-9	3.959839123012959e-5
717.0	2.2192636032143102e-8	1.6697365366539795e-9	3.849992225624655e-6	1.1323327133570854e-8	1.0100650667250027e-9	3.9598391462707894e-5
718.0	2.2261463489596275e-8	1.6706010081003425e-9	3.8499922990496485e-6	1.1325767162951517e-8	1.010374193928565e-9	3.959839143351004e-5
719.0	2.2312308258582397e-8	1.6722083390946624e-9	3.849993140470675e-6	1.132490414165591e-8	1.0101311712078017e-9	3.9598391236486475e-5
720.0	2.2317448032765664e-8	1.6695543413044868e-9	3.84999340551075e-6	1.1325587112769509e-8	1.0108626917849955e-9	3.959839155125474e-5
721.0	2.2225512774652916e-8	1.6692890472705429e-9	3.849992932429154e-6	1.1321611515585318e-8	1.010259082642153e-9	3.959839115471626e-5
722.0	2.222430382602617e-8	1.6698721000213975e-9	3.849993250421069e-6	1.1321318747945764e-8	1.0107623118074807e-9	3.959839129872998e-5
723.0	2.2253029481068792e-8	1.668065143900987e-9	3.849991950464108e-6	1.1316439121868034e-8	1.0100104439255107e-9	3.959839105819229e-5
724.0	2.226923343465833e-8	1.668064971318164e-9	3.849992008732658e-6	1.1316460930668672e-8	1.009846549623826e-9	3.959839070556731e-5
725.0	2.2295059672785956e-8	1.6715685240567198e-9	3.849992782064157e-6	1.131514534051037e-8	1.0099984509996804e-9	3.959839094809053e-5
726.0	2.2262947384184104e-8	1.6693980907511402e-9	3.849993160880169e-6	1.1315785118753139e-8	1.0094433291435522e-9	3.959839043283111e-5
727.0	2.2240087428359005e-8	1.6704846053053667e-9	3.849992657734495e-6	1.1318279702499381e-8	1.0103233304525632e-9	3.959839089756053e-5
728.0	2.2207559717906918e-8	1.6711169889872273e-9	3.849993165919847e-6	1.1320037870349296e-8	1.0097696138215077e-9	3.9598390406292915e-5
729.0	2.2259658731669656e-8	1.6701335880191694e-9	3.849993191065621e-6	1.1323666612943107e-8	1.0101902839530854e-9	3.95983908124611e-5
730.0	2.2329533271645933e-8	1.6706693437095423e-9	3.849992870464431e-6	1.1324625883679975e-8	1.0098113385796625e-9	3.959839053048253e-5
731.0	2.2312182405013605e-8	1.670694095503575e-9	3.849992654990249e-6	1.1326395460548418e-8	1.0093319275561106e-9	3.9598390684693224e-5
732.0	2.220566158444954e-8	1.6694025058290922e-9	3.849992424970516e-6	1.1324475085354572e-8	1.0094957415013987e-9	3.959839077990617e-5
733.0	2.2200802668966317e-8	1.6678318393642207e-9	3.849992682142802e-6	1.1324603042554859e-8	1.008764656674223e-9	3.959839077561631e-5
734.0	2.2321641828874944e-8	1.671077162961988e-9	3.849992518150951e-6	1.131970073592645e-8	1.0093393770180675e-9	3.9598390916310975e-5
735.0	2.234003991547855e-8	1.6700839881915088e-9	3.8499927825079e-6	1.1319306977700429e-8	1.0089575955671408e-9	3.959839073245417e-5
736.0	2.2266212961069136e-8	1.6692653807480358e-9	3.849993125650196e-6	1.1314786817933859e-8	1.009454623149253e-9	3.959839055135861e-5
737.0	2.221396024020952e-8	1.6709911519738796e-9	3.8499932972674194e-6	1.1314903983763215e-8	1.0095822455734867e-9	3.959839039546608e-5
738.0	2.2238489613122163e-8	1.6704102402383919e-9	3.849992259698369e-6	1.1314414041405278e-8	1.009703906168598e-9	3.959839011438863e-5
739.0	2.2285730409496634e-8	1.6710020768887581e-9	3.849992675577249e-6	1.1316082814950161e-8	1.0102350761472219e-9	3.9598390024040356e-5
740.0	2.2290423539873898e-8	1.671230177838032e-9	3.8499929195633335e-6	1.1319349469211311e-8	1.0097509110263856e-9	3.959839003998024e-5
741.0	2.2270691609622105e-8	1.6714541972522704e-9	3.849992590096257e-6	1.1321516544172208e-8	1.010235182902214e-9	3.959838973043046e-5
742.0	2.2251479513961152e-8	1.668823731875985e-9	3.849992197044574e-6	1.1326000019051523e-8	1.009770678948914e-9	3.9598390229038484e-5
743.0	2.2219231817716227e-8	1.668692094365108e-9	3.849993361327943e-6	1.1327019614735674e-8	1.01003011411636e-9	3.9598389692417776e-5
744.0	2.2256572421407806e-8	1.6697186084014517e-9	3.849992792982377e-6	1.1329555323828066e-8	1.0101955478753336e-9	3.959839072184357e-5
745.0	2.2317659130121528e-8	1.6690608712714392e-9	3.849993116565481e-6	1.1327260758171983e-8	1.010409900579638e-9	3.9598390287106035e-5
746.0	2.2329599014602183e-8	1.6713331374595147e-9	3.8499931171412105e-6	1.1326384681357645e-8	1.0107112899739964e-9	3.9598391305830176e-5
747.0	2.223678272811786e-8	1.6715339317975715e-9	3.8499930999364475e-6	1.1320266723037267e-8	1.01079135013173e-9	3.9598391031251286e-5
748.0	2.220645814425754e-8	1.6698329071838443e-9	3.8499921631161215e-6	1.1317713444483077e-8	1.0109643960245387e-9	3.959839156163888e-5
749.0	2.2260641952241372e-8	1.6703766894631903e-9	3.849992075296846e-6	1.1311776897612925e-8	1.010741687288013e-9	3.959839152195153e-5
750.0	2.2353898470614927e-8	1.6700782273928976e-9	3.849992923557361e-6	1.1310241813576894e-8	1.0107609648707369e-9	3.959839139782057e-5
751.0	2.2307898754306445e-8	1.6686347338820955e-9	3.849992887794061e-6	1.1308650631125098e-8	1.0104642944107836e-9	3.9598391584951845e-5
752.0	2.2234689633280375e-8	1.6668038449762539e-9	3.849992771851469e-6	1.1309996324724274e-8	1.010471321302174e-9	3.9598391168559725e-5
753.0	2.2226764732473215e-8	1.6692568927175181e-9	3.849992866623273e-6	1.1314301244357768e-8	1.0100184968100534e-9	3.959839151594069e-5
754.0	2.228928314787755e-8	1.669070750130312e-9	3.849992851221871e-6	1.1318431265680473e-8	1.0099651107429828e-9	3.9598391102660175e-5
755.0	2.2322419486910313e-8	1.6704211245087544e-9	3.849992134185213e-6	1.1325035403574828e-8	1.0095704835558602e-9	3.959839149551683e-5
756.0	2.2288652259090997e-8	1.6717636578412524e-9	3.849992488348961e-6	1.1328480982793745e-8	1.0095222245899431e-9	3.959839123048035e-5
757.0	2.2249377969222708e-8	1.670229984568292e-9	3.849992666200538e-6	1.1332829172665365e-8	1.0093232499088687e-9	3.959839140394706e-5
758.0	2.224817186496087e-8	1.6695345036756363e-9	3.849992734372818e-6	1.1332445980066742e-8	1.0092819829625715e-9	3.9598391339996205e-5
759.0	2.226860078914947e-8	1.6686924911561732e-9	3.8499927184212715e-6	1.1332838572715432e-8	1.0094761801712101e-9	3.959839141080211e-5
760.0	2.2296921711089224e-8	1.6695023645061e-9	3.8499929734186446e-6	1.1327266371381017e-8	1.0090922218868331e-9	3.959839144371717e-5
761.0	2.2275908443549833e-8	1.6689887815246279e-9	3.8499929082190085e-6	1.1324212823188163e-8	1.0094167380835184e-9	3.959839143484336e-5
762.0	2.2264954695616054e-8	1.6694569738902071e-9	3.849992771763761e-6	1.1316691410712368e-8	1.0088568842341127e-9	3.959839151324732e-5
763.0	2.2255086913575446e-8	1.6704539682218949e-9	3.849992998851416e-6	1.1312932043564863e-8	1.0093901565583712e-9	3.959839161866882e-5
764.0	2.223339747699056e-8	1.6701999209966756e-9	3.84999256562143e-6	1.1309689679040096e-8	1.0092076366449553e-9	3.959839179225738e-5
765.0	2.229165784747649e-8	1.6702580115612798e-9	3.849992852549101e-6	1.1308735947777419e-8	1.0095416728023043e-9	3.959839192694748e-5
766.0	2.2281669415509962e-8	1.6694631633589517e-9	3.849992507415015e-6	1.1310935322883032e-8	1.0099859094164412e-9	3.959839206918105e-5
767.0	2.228149143931052e-8	1.6684344004263404e-9	3.849992810735634e-6	1.131345559402585e-8	1.0098364825693499e-9	3.959839195550192e-5
768.0	2.2239590040601873e-8	1.6689039552375165e-9	3.8499924481799624e-6	1.1318470981413962e-8	1.0104764376550067e-9	3.9598391885347906e-5
769.0	2.2257969953841386e-8	1.6702456207817364e-9	3.849992863104863e-6	1.1323069744561168e-8	1.0099909007783968e-9	3.959839157595518e-5
770.0	2.2290671326483822e-8	1.6706864002293969e-9	3.849992976927588e-6	1.1327434799318854e-8	1.010880625630631e-9	3.959839147196249e-5
771.0	2.226630591659557e-8	1.6712003416559085e-9	3.849992873149206e-6	1.1329136908379663e-8	1.0103659055404686e-9	3.959839116044412e-5
772.0	2.223744913367465e-8	1.670198472477668e-9	3.849992537407545e-6	1.1330531756808133e-8	1.0108744083191668e-9	3.959839102679081e-5
773.0	2.2245757012276143e-8	1.6706318463773021e-9	3.849992444504208e-6	1.132774752665631e-8	1.0105900358633871e-9	3.95983908373251e-5
774.0	2.2279988670346845e-8	1.6687714335833108e-9	3.849992331469868e-6	1.1325705028562107e-8	1.010290383584186e-9	3.9598390579533915e-5
775.0	2.229180952820138e-8	1.6683362234068132e-9	3.849992847143916e-6	1.1321035777814906e-8	1.010618320280013e-9	3.959839065888955e-5
776.0	2.2253090969540636e-8	1.6695029124143283e-9	3.8499931742243735e-6	1.131762875413274e-8	1.0099393426436373e-9	3.9598390357128385e-5
777.0	2.2238188097196247e-8	1.6696446425983207e-9	3.849993116582983e-6	1.131428224608679e-8	1.0108266704008558e-9	3.9598390683021933e-5
778.0	2.226964897723799e-8	1.6712305864643153e-9	3.849993073600892e-6	1.1312015587009174e-8	1.0101548460501034e-9	3.959839030099483e-5
779.0	2.226246749487775e-8	1.6724616451836401e-9	3.84999231428127e-6	1.1312218992211649e-8	1.0107277477118672e-9	3.959839081043649e-5
780.0	2.2290479463400777e-8	1.670165792445912e-9	3.849992811718257e-6	1.1313157600162955e-8	1.0101092610932178e-9	3.959839025767467e-5
781.0	2.2268822526632152e-8	1.6702179356720502e-9	3.849992738285091e-6	1.1315613540378384e-8	1.0098534092794786e-9	3.9598390657652375e-5
782.0	2.2242544093637924e-8	1.6678874221483026e-9	3.849993044515331e-6	1.1319235519080325e-8	1.0098371263411348e-9	3.9598390167687624e-5
783.0	2.2238368159047974e-8	1.6682675386382354e-9	3.84999281916004e-6	1.1322328063225893e-8	1.00927730533266e-9	3.959839034619336e-5
784.0	2.2261658720313084e-8	1.6682032218192954e-9	3.849993214976997e-6	1.132540724404505e-8	1.0100944559813638e-9	3.9598390037420895e-5
785.0	2.2352946632071236e-8	1.6701696431811386e-9	3.849992677441677e-6	1.1326427581021423e-8	1.0095048500436162e-9	3.9598390120306044e-5
786.0	2.2255206073890578e-8	1.6723817535752964e-9	3.849992953658167e-6	1.1326751927067465e-8	1.0102753372698115e-9	3.959838997663849e-5
787.0	2.2197963963143604e-8	1.6718906694094381e-9	3.849992688425062e-6	1.1325078495738196e-8	1.009809577386419e-9	3.9598390021123046e-5
788.0	2.2220885116686055e-8	1.670831135646296e-9	3.849992805973417e-6	1.1323517744105513e-8	1.0098014174739566e-9	3.9598390128860155e-5
789.0	2.23226165414918e-8	1.6706362935904973e-9	3.849992939173197e-6	1.132022520648327e-8	1.0097617983440407e-9	3.95983900567627e-5
790.0	2.2349253205103468e-8	1.6678373594204941e-9	3.849992782546029e-6	1.1318895360158219e-8	1.0094552966126496e-9	3.959839036116925e-5
791.0	2.2225431894728275e-8	1.6682878745626028e-9	3.849992801522514e-6	1.1315669997528144e-8	1.0100419094186111e-9	3.959839021154517e-5
792.0	2.2187800184116775e-8	1.668606473988918e-9	3.849992842574814e-6	1.1315621987292088e-8	1.0098470752492852e-9	3.9598390615478706e-5
793.0	2.2256113033272874e-8	1.66906391118466e-9	3.84999218056687e-6	1.1315052414991422e-8	1.0105519814265748e-9	3.95983903021634e-5
794.0	2.2308091882039627e-8	1.6705926429162134e-9	3.849992402628113e-6	1.1316761100409456e-8	1.0103677441896505e-9	3.959839082937096e-5
795.0	2.228375119200088e-8	1.6720923760309492e-9	3.849993158798925e-6	1.1318411586448419e-8	1.0104969707029103e-9	3.9598390408422925e-5
796.0	2.222274930766428e-8	1.6713562925072735e-9	3.849993140217665e-6	1.1320093558835962e-8	1.0103068972392306e-9	3.959839106942113e-5
797.0	2.22344308408292e-8	1.6693953663425075e-9	3.849992629900849e-6	1.132193976709654e-8	1.0100179224672354e-9	3.959839067780293e-5
798.0	2.2240005288688745e-8	1.669825753261443e-9	3.849992404114905e-6	1.1322245896717652e-8	1.0101438385956032e-9	3.959839121703454e-5
799.0	2.226644446119921e-8	1.6695239917006842e-9	3.849992307744154e-6	1.1324158275723005e-8	1.009766724901321e-9	3.959839109042094e-5
800.0	2.2259543930477017e-8	1.6683403681740505e-9	3.849992534909578e-6	1.1322879500061155e-8	1.0101974897875542e-9	3.9598391139919996e-5
