turn	ele_ex	ele_ey	ele_ez	pro_ex	pro_ey	pro_ez
0.0	2.0428842304874772e-8	1.6115669894774362e-9	3.849936673285857e-6	1.1281162183209662e-8	1.0034722142894757e-9	3.959845975238462e-5
1.0	2.1014603794255425e-8	1.625864405434565e-9	3.849936174869374e-6	1.1285022674464899e-8	1.0061590938322927e-9	3.959845994749935e-5
2.0	2.110586883945639e-8	1.6237798323720527e-9	3.849937772491467e-6	1.1297944896773208e-8	1.0057791292006322e-9	3.95984597574317e-5
3.0	2.095284667004287e-8	1.6334038493041032e-9	3.84993714143375e-6	1.132004237118394e-8	1.0086387018264307e-9	3.959845927999065e-5
4.0	2.0795441571460886e-8	1.6443635635893766e-9	3.849937112454529e-6	1.1331676756260608e-8	1.0089209001920967e-9	3.959845974047052e-5
5.0	2.1448461231101365e-8	1.6368379266378743e-9	3.849936941673548e-6	1.1343021193043607e-8	1.0091629966809917e-9	3.959845916534282e-5
6.0	2.201320896357089e-8	1.6438292064330912e-9	3.849937299088051e-6	1.1355968643909044e-8	1.010734304430758e-9	3.95984594717744e-5
7.0	2.1600624454505057e-8	1.6382607006123394e-9	3.849937153471901e-6	1.1362236386729851e-8	1.0097852938722785e-9	3.9598459123542186e-5
8.0	2.1420164251628205e-8	1.639509485231767e-9	3.849937071308384e-6	1.1357435506016694e-8	1.0116762982267696e-9	3.959845950633002e-5
9.0	2.183079488639806e-8	1.6488988818105217e-9	3.84993732094527e-6	1.1351429017668703e-8	1.0109148419793537e-9	3.959845983601562e-5
10.0	2.253408824106512e-8	1.6440992474863647e-9	3.84993703225256e-6	1.1334493258679055e-8	1.0126046345182162e-9	3.9598459258318864e-5
11.0	2.2351398439472742e-8	1.649273974180286e-9	3.849937158503851e-6	1.1315173582039426e-8	1.0125238075025551e-9	3.959845987057133e-5
12.0	2.1872591156364326e-8	1.6519802552851454e-9	3.849937156508981e-6	1.1304767460551675e-8	1.0130361597108327e-9	3.9598459030823744e-5
13.0	2.200083227719868e-8	1.6484683841737902e-9	3.849937858327594e-6	1.1296254686603045e-8	1.013408299900457e-9	3.959845961711083e-5
14.0	2.2424263183245146e-8	1.6534270846814195e-9	3.849937287798865e-6	1.1290364397487513e-8	1.012970300738175e-9	3.9598459142344224e-5
15.0	2.2454097159926853e-8	1.6519703211731435e-9	3.849936725618399e-6	1.1291120919267608e-8	1.0133523194600442e-9	3.9598459102619775e-5
16.0	2.2213840301968114e-8	1.6476163233242152e-9	3.849936802776473e-6	1.1300924252998715e-8	1.0119877144631397e-9	3.959845927842218e-5
17.0	2.2155012669658116e-8	1.6481445492767969e-9	3.849937022833383e-6	1.1310446987045617e-8	1.0120459081721147e-9	3.959845849004172e-5
18.0	2.222596862815862e-8	1.64897873957704e-9	3.8499370920262195e-6	1.1323222888135307e-8	1.0103904810066684e-9	3.9598459360130835e-5
19.0	2.2231659937919153e-8	1.6498896111821065e-9	3.849937403914912e-6	1.133333161264979e-8	1.0099809411705593e-9	3.959845833780785e-5
20.0	2.2263061195583886e-8	1.6503710126718185e-9	3.849937669308688e-6	1.1343023960919603e-8	1.0090472017224863e-9	3.9598459463568174e-5
21.0	2.2317168182036514e-8	1.6510709526890478e-9	3.849936643610592e-6	1.1343604509669639e-8	1.0087949541537014e-9	3.95984586248662e-5
22.0	2.226473039808232e-8	1.6515041643137087e-9	3.849936709512434e-6	1.1348670269664442e-8	1.0082925471722442e-9	3.9598459584904824e-5
23.0	2.2186905131805257e-8	1.6508240236960082e-9	3.849936656379067e-6	1.1340702720041984e-8	1.0080240481149504e-9	3.959845915688527e-5
24.0	2.2181474258694166e-8	1.6525055534704565e-9	3.849937464270267e-6	1.133467404625791e-8	1.0079919216619016e-9	3.959845938739304e-5
25.0	2.23359742899708e-8	1.6517333931250874e-9	3.849936916712967e-6	1.1326115896812978e-8	1.0078531951014128e-9	3.9598459551787326e-5
26.0	2.233669138050296e-8	1.650485862802263e-9	3.849937200419625e-6	1.1318713145051293e-8	1.0082657178877896e-9	3.95984592613543e-5
27.0	2.227147487481169e-8	1.6524266071704644e-9	3.849937138253471e-6	1.1313974727922236e-8	1.0081038882246705e-9	3.9598459876782017e-5
28.0	2.223528004306868e-8	1.65153279136481e-9	3.849936904238597e-6	1.131233404244663e-8	1.0087993044252162e-9	3.9598459438208475e-5
29.0	2.2276436148208416e-8	1.6522178978951e-9	3.849936456838325e-6	1.131505730619978e-8	1.008535714821854e-9	3.959846004222328e-5
30.0	2.2297765436001713e-8	1.6540258897232425e-9	3.849937172274754e-6	1.131721385396261e-8	1.0094039393406014e-9	3.95984597878226e-5
31.0	2.227903006807788e-8	1.6532247505845736e-9	3.8499373375728285e-6	1.1323773192532432e-8	1.009313160936683e-9	3.959846008209892e-5
32.0	2.230504420473244e-8	1.652503412974562e-9	3.84993698810851e-6	1.1326640013471204e-8	1.0102034265111582e-9	3.9598460200738116e-5
33.0	2.2303923578475114e-8	1.6537378306157724e-9	3.849937386885785e-6	1.1331509110437543e-8	1.0105182138535847e-9	3.959845993384211e-5
34.0	2.227292066130939e-8	1.6533140031920916e-9	3.8499374688750995e-6	1.1329870888075209e-8	1.0110268117195919e-9	3.9598460024606166e-5
35.0	2.225079441414164e-8	1.6520481178080942e-9	3.8499367667533925e-6	1.1332430974423066e-8	1.0118544399735103e-9	3.959845949664952e-5
36.0	2.2310876536764918e-8	1.653797347466874e-9	3.84993593441138e-6	1.1325849851733515e-8	1.0113718957609202e-9	3.959845941941283e-5
37.0	2.2299766038942283e-8	1.6526356823302848e-9	3.849936872189983e-6	1.1325644995616672e-8	1.01231909188274e-9	3.959845912003372e-5
38.0	2.2310213676034e-8	1.6551478549380275e-9	3.849937251706433e-6	1.1319754203739137e-8	1.0112397735957098e-9	3.959845896711814e-5
39.0	2.2276910013618516e-8	1.6548775358984501e-9	3.84993735812473e-6	1.132030198567729e-8	1.011910675978678e-9	3.959845914199074e-5
40.0	2.2300040905182587e-8	1.6542997881896652e-9	3.849936992405321e-6	1.1318583951691314e-8	1.0110637578907802e-9	3.9598458954441145e-5
41.0	2.2283418579649007e-8	1.6549041403658357e-9	3.84993720857624e-6	1.1321820879261619e-8	1.0112424118102166e-9	3.959845921745104e-5
42.0	2.2301363897366006e-8	1.6542211097550856e-9	3.849936084711146e-6	1.132480797528671e-8	1.0111768248349808e-9	3.9598458959051275e-5
43.0	2.231389669696028e-8	1.6545982446736305e-9	3.8499355277081085e-6	1.1327544230780574e-8	1.0105385858436695e-9	3.959845914500313e-5
44.0	2.230629507912005e-8	1.6539767734025692e-9	3.849936813489504e-6	1.1332186961466149e-8	1.0109045162380177e-9	3.959845882854169e-5
45.0	2.2303543506734227e-8	1.6572082064783207e-9	3.849937339935883e-6	1.1331879681036201e-8	1.0094881087342561e-9	3.95984588337452e-5
46.0	2.2263018103958932e-8	1.6568747792526205e-9	3.849937497074156e-6	1.1334422914452864e-8	1.0099438624829902e-9	3.959845847841615e-5
47.0	2.2309582457372783e-8	1.6559655144485088e-9	3.849936572038295e-6	1.1330317075350664e-8	1.0087615525279006e-9	3.9598458512386156e-5
48.0	2.231070007678282e-8	1.6569356639432454e-9	3.849937294170779e-6	1.1329982757024788e-8	1.0092182173742767e-9	3.959845827563175e-5
49.0	2.2324696476367672e-8	1.6568022982873097e-9	3.849936558334112e-6	1.1324074673651028e-8	1.0089221697461025e-9	3.959845841672118e-5
50.0	2.2302501667357163e-8	1.6539864844426303e-9	3.849936056502947e-6	1.1323571151786415e-8	1.0089829074332353e-9	3.959845835335793e-5
51.0	2.227430508322262e-8	1.6564032101297694e-9	3.84993638142787e-6	1.1318796363875492e-8	1.0093433343095797e-9	3.9598458372771064e-5
52.0	2.2300108257184825e-8	1.6561260803383254e-9	3.849937713590289e-6	1.1321851528263866e-8	1.0086891905001474e-9	3.95984584127594e-5
53.0	2.231872563740598e-8	1.657934575588533e-9	3.849937291893397e-6	1.1319623426300815e-8	1.0094776365351614e-9	3.9598458431991074e-5
54.0	2.2316517220851227e-8	1.658801673754757e-9	3.849937023542132e-6	1.1326032253108931e-8	1.008886905072561e-9	3.9598458661348406e-5
55.0	2.2318200983407117e-8	1.6588049988678789e-9	3.849936934376448e-6	1.132708829365319e-8	1.0099908257053092e-9	3.959845860788826e-5
56.0	2.228062424696332e-8	1.6590720920677616e-9	3.849936457844494e-6	1.1332594150198403e-8	1.0100116209232794e-9	3.959845895623544e-5
57.0	2.2319346454697236e-8	1.6576360429797217e-9	3.849935898142218e-6	1.133554663506848e-8	1.0108858013697432e-9	3.959845881667181e-5
58.0	2.2309787851240852e-8	1.6569998348885982e-9	3.849936517925647e-6	1.1334955887495869e-8	1.0112913706079366e-9	3.959845905993125e-5
59.0	2.231994222731393e-8	1.6556078369396149e-9	3.849937154290056e-6	1.1335270894804736e-8	1.0114552855445782e-9	3.959845887598066e-5
60.0	2.232749763607238e-8	1.6569877119506478e-9	3.849937412945984e-6	1.1329732365699408e-8	1.0119964293163508e-9	3.959845915469548e-5
61.0	2.2296745610542228e-8	1.6574773212315119e-9	3.849936683987794e-6	1.1326782748193441e-8	1.0117616414236143e-9	3.9598459027384926e-5
62.0	2.2317276548114113e-8	1.6589568237705092e-9	3.849936051389796e-6	1.1320865372654512e-8	1.0121537043912655e-9	3.959845911869777e-5
63.0	2.2308905145415133e-8	1.6609356133420456e-9	3.849936111716503e-6	1.1318195032260803e-8	1.0115896777019087e-9	3.959845911253245e-5
64.0	2.2322368727890952e-8	1.6591371270340463e-9	3.849936642929954e-6	1.1315258548648343e-8	1.0119323843222543e-9	3.959845885538709e-5
65.0	2.2328307174639223e-8	1.6596995394237033e-9	3.849936823294934e-6	1.1317473966229793e-8	1.0115259221444185e-9	3.95984591290016e-5
66.0	2.2310820219709662e-8	1.6587696077266537e-9	3.8499371826562385e-6	1.1316924775835233e-8	1.0116439386008693e-9	3.959845890349166e-5
67.0	2.2307320972720267e-8	1.6579374056643926e-9	3.849937019874044e-6	1.1324906851027504e-8	1.0114473812983334e-9	3.959845933579367e-5
68.0	2.2306659493168148e-8	1.6581571278056495e-9	3.84993638658244e-6	1.1326801045406204e-8	1.0111958633279901e-9	3.959845936760178e-5
69.0	2.2317440016015813e-8	1.6598228151268914e-9	3.849936294716672e-6	1.1334652556762095e-8	1.0106209652891737e-9	3.959845956037868e-5
70.0	2.2336134423143265e-8	1.6613350347920386e-9	3.849936474301127e-6	1.1337266733984568e-8	1.009919239260646e-9	3.9598459685093365e-5
71.0	2.230100813383613e-8	1.6605472403211327e-9	3.849937350067492e-6	1.13392214892047e-8	1.0093337297619655e-9	3.959845942604569e-5
72.0	2.2288068136816963e-8	1.6624301676371194e-9	3.84993712045347e-6	1.1338959551473107e-8	1.0086998831871063e-9	3.959845968202076e-5
73.0	2.2289400291053064e-8	1.6601788168365936e-9	3.849936932162557e-6	1.1335877359432795e-8	1.0088649591243786e-9	3.9598459362805135e-5
74.0	2.2356142673946546e-8	1.6598657852407775e-9	3.849936602508537e-6	1.1332182761486058e-8	1.0084174468156296e-9	3.959845954616922e-5
75.0	2.233395618149194e-8	1.6600536350017822e-9	3.849936962319908e-6	1.1327640066189997e-8	1.0089087778581063e-9	3.9598459348153e-5
76.0	2.2299701798571716e-8	1.6603352289153486e-9	3.849936057462657e-6	1.1323532265851452e-8	1.0086044841100008e-9	3.959845943527099e-5
77.0	2.2276753129123948e-8	1.6601273125573713e-9	3.8499366190531735e-6	1.13202631061973e-8	1.0089979653809842e-9	3.959845938639683e-5
78.0	2.231540446745176e-8	1.663007140890931e-9	3.84993672236956e-6	1.1320091124818413e-8	1.0089969352538107e-9	3.959845914206738e-5
79.0	2.234499334267091e-8	1.6627777096892556e-9	3.849936724146378e-6	1.1318240130752745e-8	1.00919486781078e-9	3.959845918016848e-5
80.0	2.230984528070017e-8	1.6625341516094922e-9	3.849936740622044e-6	1.1322948919581589e-8	1.009804024107014e-9	3.9598458822425545e-5
81.0	2.2281688989109344e-8	1.6633851747754615e-9	3.849936970448355e-6	1.1323981972041764e-8	1.0097556528465982e-9	3.959845886984726e-5
82.0	2.2295440463073594e-8	1.6609632364144702e-9	3.849936715998019e-6	1.1329812852502265e-8	1.010864321938252e-9	3.95984586722409e-5
83.0	2.231959849485235e-8	1.6603167249041733e-9	3.849935589349901e-6	1.1332812243483741e-8	1.0106426267005222e-9	3.959845880022842e-5
84.0	2.2308158444073412e-8	1.6615766605062285e-9	3.8499363683846605e-6	1.1335183335793089e-8	1.0117679225581402e-9	3.9598458798189574e-5
85.0	2.2288716112156672e-8	1.6621733823249253e-9	3.849936911462252e-6	1.1335690810389842e-8	1.0115550029875256e-9	3.959845880093609e-5
86.0	2.2295998196593445e-8	1.662762642785636e-9	3.8499370036949844e-6	1.1334330072274494e-8	1.0121759267941207e-9	3.959845887464621e-5
87.0	2.23038625588413e-8	1.6644074989186298e-9	3.849937156127337e-6	1.1331374778519866e-8	1.0123025628170049e-9	3.959845851551893e-5
88.0	2.2306217806167926e-8	1.665434966260833e-9	3.849937182956938e-6	1.1328183874383943e-8	1.0121978501618536e-9	3.959845868299986e-5
89.0	2.2273393816824354e-8	1.662830640534852e-9	3.849936215635143e-6	1.1324420823448499e-8	1.0126045562083873e-9	3.9598458141647675e-5
90.0	2.2311095763971888e-8	1.6629476203364035e-9	3.849935715477351e-6	1.1321991840781749e-8	1.01205831242033e-9	3.959845851288385e-5
91.0	2.2324879084137488e-8	1.6633757941002625e-9	3.849936405816399e-6	1.1321110955850515e-8	1.0125813213051044e-9	3.959845798532121e-5
92.0	2.2312227372135744e-8	1.661129364645208e-9	3.8499373718900295e-6	1.1319299413933209e-8	1.0117508420506225e-9	3.959845847523784e-5
93.0	2.227101845914807e-8	1.6627722588625052e-9	3.849936880676273e-6	1.1323532394397199e-8	1.0119922005280248e-9	3.9598458262984406e-5
94.0	2.227030478778418e-8	1.6643394063162344e-9	3.849936375197763e-6	1.1323836799678344e-8	1.0110688533301666e-9	3.959845857307569e-5
95.0	2.2333311104130798e-8	1.664045428766883e-9	3.8499366117062376e-6	1.1329417793234922e-8	1.0108535991035711e-9	3.959845856899463e-5
96.0	2.2323916121738588e-8	1.6653489477720264e-9	3.849936071558671e-6	1.133136467366688e-8	1.010314717965537e-9	3.959845848136229e-5
97.0	2.228730180471418e-8	1.6644282349816475e-9	3.8499359475582085e-6	1.1334229287714784e-8	1.0096848071682778e-9	3.959845870470478e-5
98.0	2.2243287633189082e-8	1.6640548766598417e-9	3.8499363806830664e-6	1.1334943977409733e-8	1.0096679231384574e-9	3.959845829740437e-5
99.0	2.2308308106421358e-8	1.6643296492988036e-9	3.849936854387275e-6	1.1335505461415263e-8	1.009036310010193e-9	3.959845871994829e-5
100.0	2.235362666864767e-8	1.6638588380517375e-9	3.849936162087852e-6	1.1333808480362771e-8	1.0095408198080556e-9	3.959845817157461e-5
101.0	2.230160762072911e-8	1.6645766159909315e-9	3.849936461034926e-6	1.1331995138615645e-8	1.009079213444559e-9	3.9598458793438044e-5
102.0	2.225594888935663e-8	1.6650545237186831e-9	3.849936329069712e-6	1.1329120581965231e-8	1.0098008548877063e-9	3.959845845656971e-5
103.0	2.2263561231937532e-8	1.6660368101684024e-9	3.849936492328398e-6	1.1326265633883237e-8	1.0094718068609257e-9	3.95984589557865e-5
104.0	2.2358161946526495e-8	1.6655532316788315e-9	3.8499363746318554e-6	1.1325450354512923e-8	1.0098694836476178e-9	3.959845883892288e-5
105.0	2.231980874821338e-8	1.6663597702675233e-9	3.849936275022217e-6	1.1322462462536896e-8	1.0095879286429677e-9	3.9598458949191215e-5
106.0	2.2255140289735704e-8	1.6655716738487908e-9	3.849936343617548e-6	1.132516182421351e-8	1.009611618035595e-9	3.959845918194379e-5
107.0	2.2283504588891666e-8	1.6648126808725716e-9	3.849936492438032e-6	1.1324154110196714e-8	1.0098042325704025e-9	3.959845908096913e-5
108.0	2.2328084391819912e-8	1.6646360504327134e-9	3.849936444191772e-6	1.1327996301813444e-8	1.0096724484895254e-9	3.9598459451698274e-5
109.0	2.2342741686981645e-8	1.6652154444990295e-9	3.849936296854779e-6	1.1329202377410907e-8	1.0104696901809513e-9	3.959845914210978e-5
110.0	2.2259425466147815e-8	1.6661820356191521e-9	3.849936231247648e-6	1.1332024927364253e-8	1.01022795479083e-9	3.959845956278469e-5
111.0	2.2276368150687167e-8	1.6660114921728737e-9	3.8499364034084175e-6	1.1332358912423916e-8	1.0111600772049062e-9	3.959845919922844e-5
112.0	2.2317536836209523e-8	1.667629405967071e-9	3.849936651369257e-6	1.1334729372637886e-8	1.0106341346756978e-9	3.959845951269456e-5
113.0	2.2319733877217183e-8	1.666149066081631e-9	3.849936512207896e-6	1.1332043779033206e-8	1.0113254723812354e-9	3.959845921002976e-5
114.0	2.2270253844168644e-8	1.667041068096919e-9	3.8499356872853024e-6	1.1332929222062495e-8	1.0108762695015718e-9	3.959845936320059e-5
115.0	2.22857046205211e-8	1.6677759422926276e-9	3.849936331313697e-6	1.1329318386567324e-8	1.011010250117458e-9	3.9598459257371596e-5
116.0	2.2322984099706467e-8	1.667261204681533e-9	3.8499357166039e-6	1.1328031407875084e-8	1.0109337276528794e-9	3.959845930621262e-5
117.0	2.232097957794038e-8	1.667521588527045e-9	3.849936293050152e-6	1.1327310094097185e-8	1.010741561756279e-9	3.9598459452125437e-5
118.0	2.2269274997833654e-8	1.6683673200969685e-9	3.849936988502424e-6	1.1324723381835307e-8	1.011109685255384e-9	3.959845939428993e-5
119.0	2.2297616910017304e-8	1.6673925280258876e-9	3.849936772775474e-6	1.1327206592240664e-8	1.0104446610115802e-9	3.9598459645793516e-5
120.0	2.2338931491012205e-8	1.6681896464121352e-9	3.849936064422842e-6	1.1325223542568146e-8	1.0110842426957318e-9	3.959845948796205e-5
121.0	2.234663584767087e-8	1.668778742034031e-9	3.8499359457239485e-6	1.132790314765723e-8	1.0102513237921094e-9	3.959845968439822e-5
122.0	2.2283094768478247e-8	1.6670212191491781e-9	3.8499359253645045e-6	1.1327345240543543e-8	1.010727725077847e-9	3.959845941337052e-5
123.0	2.2276899295462164e-8	1.6686857131259042e-9	3.8499357943135346e-6	1.1329577462740265e-8	1.010236247431741e-9	3.959845955368198e-5
124.0	2.2338182999015943e-8	1.6693492357063734e-9	3.849936702662046e-6	1.132874632858375e-8	1.0104278766679929e-9	3.9598459393550926e-5
125.0	2.236487174091493e-8	1.6686930395926415e-9	3.849936718643489e-6	1.133110137159528e-8	1.0104965175553314e-9	3.959845957415367e-5
126.0	2.2332286038040838e-8	1.6691649356097804e-9	3.849936483062665e-6	1.1328179931563612e-8	1.010263771130686e-9	3.9598459496748935e-5
127.0	2.227979941068687e-8	1.6698396881541675e-9	3.84993636721602e-6	1.1330844553363603e-8	1.0105087322239303e-9	3.959845944372107e-5
128.0	2.229734349859666e-8	1.6695824960078174e-9	3.8499362941502915e-6	1.1327611691454398e-8	1.0099948141039678e-9	3.959845951102502e-5
129.0	2.2343306378639436e-8	1.6695765841764672e-9	3.8499362173145505e-6	1.1329760711279479e-8	1.010437575396778e-9	3.959845924469363e-5
130.0	2.2383713116506803e-8	1.6708351512980504e-9	3.849936111680138e-6	1.132818402522691e-8	1.0100641946793344e-9	3.959845949817594e-5
131.0	2.230021019306463e-8	1.6698855581761412e-9	3.849936052604561e-6	1.1329560735363025e-8	1.010517050811661e-9	3.9598459218494756e-5
132.0	2.228600710043306e-8	1.670566088713507e-9	3.8499364360765445e-6	1.133014584278461e-8	1.010222082362423e-9	3.959845964983415e-5
133.0	2.2300086464892493e-8	1.671462778261659e-9	3.849936722518173e-6	1.1330689853452045e-8	1.0104894068430926e-9	3.959845941595908e-5
134.0	2.2365956099577967e-8	1.6712493418999002e-9	3.849936186346054e-6	1.1332472545598183e-8	1.0102732496004803e-9	3.95984595938884e-5
135.0	2.235829606467111e-8	1.6713901087816194e-9	3.8499364925426356e-6	1.1332255816533276e-8	1.0104624891993814e-9	3.959845950132029e-5
136.0	2.2285911229048088e-8	1.671354513130239e-9	3.849936442529386e-6	1.1333577695850442e-8	1.0106902850842606e-9	3.959845935172196e-5
137.0	2.230179972547841e-8	1.6695753219165218e-9	3.849935885811169e-6	1.1330389947297444e-8	1.0109595195870517e-9	3.959845958805462e-5
138.0	2.2330702804753153e-8	1.669030869676786e-9	3.849935819378078e-6	1.133050966519702e-8	1.0112903584747706e-9	3.9598459085508774e-5
139.0	2.233464190467561e-8	1.6704474867549816e-9	3.84993674529593e-6	1.1325432171326071e-8	1.0109372972094272e-9	3.9598459322941386e-5
140.0	2.2318176487245977e-8	1.670341787824675e-9	3.849936162175778e-6	1.1326027157837223e-8	1.0109281478105737e-9	3.9598458604146184e-5
141.0	2.2310729153599102e-8	1.6716246721498093e-9	3.849936094825856e-6	1.1321758729159627e-8	1.0104044773811537e-9	3.959845893776952e-5
142.0	2.2347409763560126e-8	1.67236083049577e-9	3.849936587157271e-6	1.132405795152983e-8	1.0105819074772725e-9	3.959845840110687e-5
143.0	2.2304431994604094e-8	1.6719877690282885e-9	3.849936077918314e-6	1.1321415430921557e-8	1.0103907917346408e-9	3.959845873932753e-5
144.0	2.2276195261605943e-8	1.6724521492792161e-9	3.849936329204979e-6	1.1325793612737922e-8	1.0109461302718776e-9	3.959845853823294e-5
145.0	2.23489314846142e-8	1.6714545129885776e-9	3.849936747809902e-6	1.1325301506763182e-8	1.0110193275849792e-9	3.959845873650165e-5
146.0	2.237625348563507e-8	1.6700922728957942e-9	3.849936350090868e-6	1.1331191328286552e-8	1.0110755050794667e-9	3.959845871964738e-5
147.0	2.2357734142319937e-8	1.6696250515274482e-9	3.849936127366569e-6	1.1332858606914865e-8	1.0110248931002075e-9	3.959845876106821e-5
148.0	2.2246266316671743e-8	1.669754023906314e-9	3.8499363166853e-6	1.1336872956538807e-8	1.010427821474631e-9	3.959845871012395e-5
149.0	2.2324023745967794e-8	1.6715601778558558e-9	3.84993573889431e-6	1.133773980087129e-8	1.0105592677436e-9	3.959845879748549e-5
150.0	2.2403261606277175e-8	1.6721691509655303e-9	3.849936161287473e-6	1.1337218306217795e-8	1.0099293975096047e-9	3.9598458683871426e-5
151.0	2.2391519818777634e-8	1.673413517282931e-9	3.849936609521831e-6	1.1335640101611784e-8	1.010291222826712e-9	3.95984587251132e-5
152.0	2.2297820648533553e-8	1.6729109945383374e-9	3.849936796714381e-6	1.1332241697958888e-8	1.0102041271911683e-9	3.959845871266738e-5
153.0	2.2283376749298897e-8	1.6716862362626057e-9	3.849936242897917e-6	1.1330257685664383e-8	1.0103226787101603e-9	3.9598458649068976e-5
154.0	2.2367556810877415e-8	1.6726815953708146e-9	3.8499358046894256e-6	1.1325503408684361e-8	1.0105257105695934e-9	3.959845887724351e-5
155.0	2.242898270281858e-8	1.6705282872536814e-9	3.8499363102076755e-6	1.1324186893910254e-8	1.0104077812004782e-9	3.959845878651662e-5
156.0	2.2320260025538454e-8	1.6716363216280933e-9	3.849935677220997e-6	1.1320016108400165e-8	1.01062431939588e-9	3.959845900947514e-5
157.0	2.230615589447074e-8	1.6717644749919948e-9	3.849936480461939e-6	1.1321144542794608e-8	1.0103649391773096e-9	3.959845888034192e-5
158.0	2.2332132409596996e-8	1.6731571336960856e-9	3.849936490464662e-6	1.131928396777031e-8	1.0106557521294865e-9	3.959845907606879e-5
159.0	2.2368697018651754e-8	1.6735674351026755e-9	3.84993686383123e-6	1.1324568278582309e-8	1.0105606397351382e-9	3.9598458898122575e-5
160.0	2.2350312830429247e-8	1.674953362514256e-9	3.849935924565951e-6	1.1325626219809136e-8	1.0108406322555136e-9	3.959845904724516e-5
161.0	2.2303755568481157e-8	1.6749659609228456e-9	3.849935919932646e-6	1.1331266516600782e-8	1.0108212308894211e-9	3.9598458847188946e-5
162.0	2.2340362547193895e-8	1.6731146667586708e-9	3.8499360171001615e-6	1.1332791470092356e-8	1.0109548651221673e-9	3.959845894601652e-5
163.0	2.2339765479677274e-8	1.6734032827500252e-9	3.849936589865323e-6	1.1336372693125364e-8	1.0112151575106803e-9	3.9598458872860536e-5
164.0	2.2311916432939154e-8	1.6729242792939437e-9	3.849936377775463e-6	1.1335973053540184e-8	1.011135243074808e-9	3.959845892386295e-5
165.0	2.2347704894321305e-8	1.672682361336093e-9	3.849936203244442e-6	1.1335923833311727e-8	1.01122365407014e-9	3.959845891759239e-5
166.0	2.2372196352927755e-8	1.6731026147119301e-9	3.849936336029471e-6	1.1333261122167565e-8	1.011263683361707e-9	3.9598459037768574e-5
167.0	2.2352040483573843e-8	1.6733568845892678e-9	3.849935547288669e-6	1.1330431725691465e-8	1.0111452684696596e-9	3.959845894835805e-5
168.0	2.230460679354294e-8	1.6734227209918906e-9	3.849935810374158e-6	1.1326948902707426e-8	1.0112093511178701e-9	3.959845925682776e-5
169.0	2.230730840093116e-8	1.6743512296332732e-9	3.849936426091119e-6	1.1323959022392432e-8	1.0110882223262821e-9	3.959845906629804e-5
170.0	2.2407190070382172e-8	1.673437291495662e-9	3.849936848920971e-6	1.1321993364613556e-8	1.010941035320391e-9	3.959845929838334e-5
171.0	2.237220879104797e-8	1.6735942356329916e-9	3.849936527493181e-6	1.1320802065051173e-8	1.0109200707913728e-9	3.9598459237466586e-5
172.0	2.2326603766614552e-8	1.673920624468758e-9	3.849935844991692e-6	1.1322303963422037e-8	1.0105344424178394e-9	3.9598459262912926e-5
173.0	2.2303765850389117e-8	1.6720197411287587e-9	3.849935770878692e-6	1.1324072676610735e-8	1.0108240236709586e-9	3.959845944428585e-5
174.0	2.237961253230438e-8	1.6735361990239602e-9	3.849935560124379e-6	1.1328254337851244e-8	1.010427215062945e-9	3.9598459175484733e-5
175.0	2.2378881873080362e-8	1.6740170166440972e-9	3.849936303612164e-6	1.1331105432027693e-8	1.0108086724903294e-9	3.9598459582682894e-5
176.0	2.231239926773852e-8	1.6737944924887216e-9	3.849936407329125e-6	1.1334611502773693e-8	1.0106432728829344e-9	3.959845914526422e-5
177.0	2.2323884939722182e-8	1.6737894550374262e-9	3.849936528362336e-6	1.1334821222524367e-8	1.010481990843578e-9	3.959845947642275e-5
178.0	2.2366154673866705e-8	1.6750410882320683e-9	3.849936389018726e-6	1.1335432786364982e-8	1.0105986904236564e-9	3.959845916276242e-5
179.0	2.236352506657117e-8	1.6749929466679665e-9	3.84993553013829e-6	1.1333656606988763e-8	1.0099783102213533e-9	3.95984593667187e-5
180.0	2.2312344283589286e-8	1.674384658718556e-9	3.849935487638138e-6	1.1331427057275505e-8	1.0103567154200274e-9	3.959845921868431e-5
181.0	2.2317178772497765e-8	1.6762699587495983e-9	3.849936308392775e-6	1.132890325844266e-8	1.00979856655744e-9	3.959845932978285e-5
182.0	2.2372719432332096e-8	1.6749173347559969e-9	3.849936243358808e-6	1.1326667356933254e-8	1.0104505098534492e-9	3.959845911499826e-5
183.0	2.235642426509279e-8	1.6747096756199766e-9	3.8499362390877865e-6	1.1323960801954494e-8	1.0105716645226544e-9	3.9598459277320306e-5
184.0	2.2302430684307226e-8	1.675873252619688e-9	3.8499362650009435e-6	1.1323708391549289e-8	1.0108687702950627e-9	3.959845921809125e-5
185.0	2.2357804837478476e-8	1.675225640312672e-9	3.849935831673578e-6	1.1322861112304198e-8	1.0113035947891118e-9	3.959845942067056e-5
186.0	2.2379350741984587e-8	1.675653555205615e-9	3.849936006578405e-6	1.1325160297826082e-8	1.0109431859337993e-9	3.959845938603736e-5
187.0	2.2351792753111824e-8	1.6783417534326198e-9	3.8499360022959365e-6	1.1326305657991315e-8	1.0111366408045196e-9	3.959845933498019e-5
188.0	2.2281822645963075e-8	1.6774330290425363e-9	3.849936424503437e-6	1.1329455557685612e-8	1.0103167683196113e-9	3.959845951988973e-5
189.0	2.2377398127228025e-8	1.6784203498691053e-9	3.849936190329562e-6	1.1331150082592901e-8	1.0104681458379942e-9	3.9598459049203024e-5
190.0	2.2408167212991293e-8	1.6790672902665393e-9	3.849935846517958e-6	1.13335856178054e-8	1.0102388144741423e-9	3.9598459510443025e-5
191.0	2.2371270735172012e-8	1.6766800617880281e-9	3.84993575830769e-6	1.133325930960516e-8	1.010497269671342e-9	3.959845877871266e-5
192.0	2.227951859832439e-8	1.67591492057623e-9	3.849936097227997e-6	1.1334248817239945e-8	1.0108867392528454e-9	3.9598459321741946e-5
193.0	2.2344948474513494e-8	1.6772904881202358e-9	3.849936523834245e-6	1.133150503604949e-8	1.0110038703895427e-9	3.9598458765243746e-5
194.0	2.2421724149392827e-8	1.6753840611558389e-9	3.849935974104585e-6	1.1330278950179493e-8	1.0113854148285518e-9	3.959845898429179e-5
195.0	2.2399345931693326e-8	1.6761835250469162e-9	3.849936360865896e-6	1.1326967066201742e-8	1.0110146100376887e-9	3.9598458800087524e-5
196.0	2.2309925060162962e-8	1.6781257799267584e-9	3.849935337169567e-6	1.1324407141212757e-8	1.0111135401485865e-9	3.959845864389311e-5
197.0	2.2327572746672353e-8	1.6779848691406373e-9	3.849935585518684e-6	1.1323244381339684e-8	1.0107053062453218e-9	3.959845880186017e-5
198.0	2.235637396566019e-8	1.679165521316432e-9	3.849936239794638e-6	1.1321110105557102e-8	1.0106859835836233e-9	3.959845855655265e-5
199.0	2.2385137502148394e-8	1.6792714330843473e-9	3.849936432351815e-6	1.1322588264909165e-8	1.0105304377959799e-9	3.959845886445901e-5
200.0	2.2372405472611165e-8	1.678521520386287e-9	3.849936294536854e-6	1.1323176764070603e-8	1.010620322046932e-9	3.959845867681582e-5
201.0	2.2334160235837615e-8	1.6782033076626392e-9	3.849936166692725e-6	1.1326858064443701e-8	1.0106652801823667e-9	3.959845870286773e-5
202.0	2.2343577715137188e-8	1.6765853083670736e-9	3.849936207521639e-6	1.1329013797450056e-8	1.0107601974347555e-9	3.95984586038655e-5
203.0	2.231363809643284e-8	1.6774052415216792e-9	3.8499354836290976e-6	1.1333196731453908e-8	1.0110302820939994e-9	3.959845849170196e-5
204.0	2.237204184777148e-8	1.677448252634861e-9	3.849936125506463e-6	1.1332895671173973e-8	1.0109831284552316e-9	3.9598458567786834e-5
205.0	2.2384931126829538e-8	1.679727535930454e-9	3.849936496728333e-6	1.1335988907175204e-8	1.0112959587321478e-9	3.959845867075548e-5
206.0	2.235093069448446e-8	1.6801106992044515e-9	3.849936225004318e-6	1.1332148991471026e-8	1.0110447174970445e-9	3.959845875356708e-5
207.0	2.232972825498068e-8	1.6794851865093014e-9	3.849936027798095e-6	1.1333794487362627e-8	1.0111638815186004e-9	3.9598459074102195e-5
208.0	2.232283179867437e-8	1.6802156195905038e-9	3.849936460063436e-6	1.132935523839943e-8	1.0109381293991252e-9	3.959845909694485e-5
209.0	2.2364735406803435e-8	1.6794505968721313e-9	3.849936564586073e-6	1.1328967840941832e-8	1.0108829250970203e-9	3.959845935046396e-5
210.0	2.2391095976160346e-8	1.6788899278671494e-9	3.849935888314867e-6	1.1325623748242173e-8	1.0110235856402982e-9	3.959845939442799e-5
211.0	2.2356103329426993e-8	1.6798049953213447e-9	3.8499360559850496e-6	1.1324508818359222e-8	1.0111310748922946e-9	3.959845956266354e-5
212.0	2.237133006442652e-8	1.678555771927288e-9	3.849936030235774e-6	1.1323397319202942e-8	1.0115679030263658e-9	3.9598459560781054e-5
213.0	2.2316656937074436e-8	1.6798939006970797e-9	3.8499358046169805e-6	1.132324398716468e-8	1.0113109383897684e-9	3.9598459663962475e-5
214.0	2.2352074711450882e-8	1.6803321926314652e-9	3.849935895612869e-6	1.1324064224097392e-8	1.0115623736839572e-9	3.959845943283442e-5
215.0	2.239649225996408e-8	1.6820348007354338e-9	3.8499367091231165e-6	1.1325152980973482e-8	1.0112318507267561e-9	3.959845958228388e-5
216.0	2.2405556733956957e-8	1.6811957242641865e-9	3.849936293093094e-6	1.1327774086142288e-8	1.0111145605590048e-9	3.9598459332180814e-5
217.0	2.237009091301827e-8	1.6821001242215987e-9	3.849935897499783e-6	1.1327378662113119e-8	1.0111485075053709e-9	3.959845956760395e-5
218.0	2.2296198655033663e-8	1.681751032318774e-9	3.849935711196821e-6	1.1331269284081563e-8	1.0108407161925436e-9	3.9598459465213295e-5
219.0	2.2373695135214686e-8	1.681066870530517e-9	3.8499359885000585e-6	1.1328910322094166e-8	1.0110242738049465e-9	3.9598459638539106e-5
220.0	2.2432466424408047e-8	1.6806877208550677e-9	3.849935976489613e-6	1.1333722907183132e-8	1.0105582135696e-9	3.959845957520193e-5
221.0	2.2387179813400248e-8	1.6799190280067207e-9	3.849936282942184e-6	1.1330958537625313e-8	1.0106435648708333e-9	3.959845963298111e-5
222.0	2.231357773235536e-8	1.6793092018167924e-9	3.849936390186195e-6	1.1333615957503913e-8	1.0102962015507328e-9	3.9598459604116276e-5
223.0	2.2339908555323837e-8	1.6811974434529616e-9	3.849936638128061e-6	1.1330779433281183e-8	1.01040278183588e-9	3.959845968939357e-5
224.0	2.2426415977142255e-8	1.6824463478511126e-9	3.8499353993096045e-6	1.133191202581184e-8	1.0103096255553309e-9	3.9598459655907835e-5
225.0	2.2389230035758598e-8	1.6824285491182593e-9	3.849935971275475e-6	1.1328871708040004e-8	1.010354077845013e-9	3.9598459718479094e-5
226.0	2.231821155392468e-8	1.6838779511652919e-9	3.849936303869976e-6	1.1330580572732773e-8	1.010347719106375e-9	3.9598459643526266e-5
227.0	2.2350298389757718e-8	1.6823126069699311e-9	3.8499360537842615e-6	1.1328057961609766e-8	1.0102062687309338e-9	3.9598459726687094e-5
228.0	2.24019313225089e-8	1.6826804064527693e-9	3.849936180678314e-6	1.1330311924784184e-8	1.0103764169197673e-9	3.9598459616735834e-5
229.0	2.2380803010356937e-8	1.683296123119615e-9	3.849936624291585e-6	1.1328609006527459e-8	1.0102463022414681e-9	3.959845983278614e-5
230.0	2.232734324946889e-8	1.680779476774873e-9	3.849936151137084e-6	1.13284262245001e-8	1.0103921674909739e-9	3.95984596126365e-5
231.0	2.2361530170491107e-8	1.683190068732531e-9	3.849935238668896e-6	1.1328927095099188e-8	1.010546481858706e-9	3.959845981050677e-5
232.0	2.2391759441715915e-8	1.6822215681559232e-9	3.849936607008046e-6	1.1326428583177136e-8	1.0105991581164642e-9	3.959845963923463e-5
233.0	2.2373815468556944e-8	1.6847958956728442e-9	3.849935999279031e-6	1.1329157687166216e-8	1.0108735228318615e-9	3.959845960107703e-5
234.0	2.2338395736102817e-8	1.6844641850023419e-9	3.8499360187119915e-6	1.1326563564071428e-8	1.0109017634365017e-9	3.959845965110563e-5
235.0	2.2391360679308176e-8	1.6851658386815152e-9	3.849936406942241e-6	1.1329242551227161e-8	1.0110163851152693e-9	3.959845946266183e-5
236.0	2.2388675009859224e-8	1.6850446787857435e-9	3.8499363849792624e-6	1.1327620670369966e-8	1.011079895049635e-9	3.959845965940981e-5
237.0	2.2360122466231262e-8	1.682966060128081e-9	3.849935726366817e-6	1.1329424766291882e-8	1.0110074037968421e-9	3.9598459220790154e-5
238.0	2.2352064774162806e-8	1.6850818632195118e-9	3.849936207586629e-6	1.1328254061767026e-8	1.011068540194107e-9	3.95984593392774e-5
239.0	2.24087684540952e-8	1.6840285782254665e-9	3.849936557986603e-6	1.1330873968568538e-8	1.0112879293671543e-9	3.9598458975769144e-5
240.0	2.240804569657309e-8	1.6836843260433761e-9	3.849936233902571e-6	1.1329702551053836e-8	1.0113862306995739e-9	3.959845889241884e-5
241.0	2.2361012377648986e-8	1.6840572448911078e-9	3.8499359967723694e-6	1.1331922465402038e-8	1.0115976556325809e-9	3.9598458655634735e-5
242.0	2.2352737475373357e-8	1.684494557192969e-9	3.849935972357564e-6	1.1329456703606488e-8	1.0115210346245318e-9	3.95984585282244e-5
243.0	2.238994739331122e-8	1.6846707156148168e-9	3.849935973079829e-6	1.1330301282492494e-8	1.011530686557598e-9	3.9598458476350596e-5
244.0	2.2400343578562273e-8	1.6848507221910885e-9	3.849936164922474e-6	1.1327577234466177e-8	1.0111711766470294e-9	3.9598458354437944e-5
245.0	2.2376296466520975e-8	1.6848948239955712e-9	3.849936362102883e-6	1.1326723153272341e-8	1.011039033950608e-9	3.959845825598298e-5
246.0	2.2368261598238313e-8	1.6842515617993935e-9	3.8499365965095305e-6	1.1326482580901e-8	1.0110293197034227e-9	3.959845819514172e-5
247.0	2.2404250853569537e-8	1.6848920405658678e-9	3.849936046486424e-6	1.1325411200316664e-8	1.0110337736806742e-9	3.959845806079063e-5
248.0	2.2361824529788985e-8	1.6836714080638356e-9	3.849936132787934e-6	1.1326566243966154e-8	1.0111893873701396e-9	3.959845813409292e-5
249.0	2.2373597405571683e-8	1.6845138059524868e-9	3.849935527757349e-6	1.1326278934640014e-8	1.0112458910336634e-9	3.959845817041564e-5
250.0	2.240900154340371e-8	1.6843407889478308e-9	3.849936168716391e-6	1.1327921447535508e-8	1.0111136588100856e-9	3.959845829661692e-5
251.0	2.2423652949646864e-8	1.6851103708831952e-9	3.849936264811243e-6	1.1327829632391598e-8	1.01079492610946e-9	3.9598458362551124e-5
252.0	2.239693765425186e-8	1.6847650007128655e-9	3.8499360594706435e-6	1.1329976431336507e-8	1.0103799556198274e-9	3.95984584690983e-5
253.0	2.2337243457657567e-8	1.6859900794706144e-9	3.849936107299266e-6	1.1330005749716547e-8	1.010437908963416e-9	3.959845861278738e-5
254.0	2.24202973726917e-8	1.6872658414883148e-9	3.849935847489906e-6	1.1331398102924289e-8	1.0103623384239563e-9	3.959845873887992e-5
255.0	2.246022399674313e-8	1.6850694554917256e-9	3.84993622381516e-6	1.1330623552630407e-8	1.0108836973003382e-9	3.959845885313901e-5
256.0	2.2409139286461785e-8	1.6866221620393429e-9	3.849935953876647e-6	1.1330771300375503e-8	1.0110112579066284e-9	3.959845869686922e-5
257.0	2.2355118616097453e-8	1.6852171413635632e-9	3.849936501849339e-6	1.1329153981764126e-8	1.0110950394371917e-9	3.959845872069972e-5
258.0	2.2376985833741397e-8	1.6854580850528146e-9	3.849935982458196e-6	1.1327876452312193e-8	1.0112355916939324e-9	3.959845866800697e-5
259.0	2.2461182860340272e-8	1.6863688321225415e-9	3.849935674435189e-6	1.1326347260938376e-8	1.010883272464919e-9	3.959845872883596e-5
260.0	2.243879594485021e-8	1.686811117643938e-9	3.849935449332965e-6	1.1325902955465572e-8	1.0110558226217926e-9	3.959845879113357e-5
261.0	2.2384448411363054e-8	1.6876479312420811e-9	3.849936044470659e-6	1.1325506312894771e-8	1.0109951762731755e-9	3.95984588795453e-5
262.0	2.238637966964035e-8	1.6881236046253527e-9	3.849936598856333e-6	1.1326461629796983e-8	1.0110261330555927e-9	3.959845891972385e-5
263.0	2.242176857286795e-8	1.6878484657391682e-9	3.8499366260934005e-6	1.1327537047056272e-8	1.011190543732844e-9	3.959845898005825e-5
264.0	2.2439104742312997e-8	1.6869016443808657e-9	3.849936587038413e-6	1.1329246276669881e-8	1.0110309793325699e-9	3.9598458792571496e-5
265.0	2.240874814268467e-8	1.6877199752207315e-9	3.849935755841702e-6	1.13297472626953e-8	1.0112422685985998e-9	3.9598458893898896e-5
266.0	2.2402199491189226e-8	1.6880446577823548e-9	3.849935141675416e-6	1.1331820625987207e-8	1.0110549168712424e-9	3.959845888907046e-5
267.0	2.2401751122960098e-8	1.6877788464581853e-9	3.849936020579489e-6	1.133146152252075e-8	1.01151985523136e-9	3.959845913234213e-5
268.0	2.2416210019731548e-8	1.689246879704842e-9	3.8499364116094066e-6	1.1332377310592868e-8	1.01117894267429e-9	3.9598459253880547e-5
269.0	2.2408564331576876e-8	1.6893810397779894e-9	3.8499364670258925e-6	1.1330588383560365e-8	1.0113451873088406e-9	3.9598459399517325e-5
270.0	2.2429701808173508e-8	1.689345326504397e-9	3.8499364663308054e-6	1.1330697625424472e-8	1.0110674257996538e-9	3.959845942102151e-5
271.0	2.2410116687695102e-8	1.6886802111427516e-9	3.849936055625505e-6	1.1326919077784755e-8	1.0107198762921394e-9	3.959845931150183e-5
272.0	2.241106911924982e-8	1.6881695596343885e-9	3.849935586593034e-6	1.1326672249836382e-8	1.010713696959277e-9	3.9598459252914726e-5
273.0	2.2408690983963416e-8	1.6878381925598953e-9	3.849935877448762e-6	1.1323707159231597e-8	1.0103590756131008e-9	3.9598459187825793e-5
274.0	2.243152538963104e-8	1.6870303544442014e-9	3.849936321741981e-6	1.1324703246781813e-8	1.010764020208899e-9	3.959845918562425e-5
275.0	2.2425834297000044e-8	1.6895474675373583e-9	3.849935944359814e-6	1.1324344211269906e-8	1.0105861808983455e-9	3.959845922774962e-5
276.0	2.2409451848917464e-8	1.688258622496684e-9	3.849935637638163e-6	1.1326140224954545e-8	1.010843545889774e-9	3.959845913813142e-5
277.0	2.239591924244916e-8	1.6903590146721532e-9	3.849935424260825e-6	1.1327944258216685e-8	1.010822207484317e-9	3.9598459057693215e-5
278.0	2.2398059924335512e-8	1.6899418568545031e-9	3.849935755004579e-6	1.1328480845420072e-8	1.0109115536918908e-9	3.959845901876224e-5
279.0	2.2423137607883957e-8	1.6885934386940955e-9	3.849936079801045e-6	1.1330794787387732e-8	1.011031428632931e-9	3.959845885171793e-5
280.0	2.2444553965772028e-8	1.6901660614550248e-9	3.849936119419285e-6	1.132952427002488e-8	1.0110839456512909e-9	3.959845888982546e-5
281.0	2.242397812316254e-8	1.6898056011244321e-9	3.849936149104733e-6	1.1332007694402308e-8	1.0113485417643406e-9	3.959845863131376e-5
282.0	2.237637239584471e-8	1.6909321945874265e-9	3.8499355763137025e-6	1.132942763131271e-8	1.0112000736075812e-9	3.959845873906618e-5
283.0	2.2396016865010294e-8	1.689633631249399e-9	3.849935217748189e-6	1.1331839777861448e-8	1.0114279594220467e-9	3.959845849370482e-5
284.0	2.243552931615528e-8	1.6926012961271823e-9	3.849935254229606e-6	1.1327850395230929e-8	1.0112253488396484e-9	3.959845859216846e-5
285.0	2.2467809220093804e-8	1.6915864288014632e-9	3.849936545971189e-6	1.1329437745410573e-8	1.0116528685724638e-9	3.9598458574333145e-5
286.0	2.2382999486528905e-8	1.6905939758027222e-9	3.8499361510790245e-6	1.1325372983377801e-8	1.0116705104188916e-9	3.959845852402255e-5
287.0	2.2359872355501556e-8	1.6912096330269579e-9	3.849936446786907e-6	1.1327251826951285e-8	1.0119826432013489e-9	3.9598458543027275e-5
288.0	2.2402688608149667e-8	1.6910686228368522e-9	3.849936737505635e-6	1.1324752839789098e-8	1.0121397606385455e-9	3.959845824793833e-5
289.0	2.2450072079467952e-8	1.6921991502458252e-9	3.849935388461821e-6	1.1326804912034535e-8	1.0119677474280948e-9	3.959845836715184e-5
290.0	2.2435881251718163e-8	1.6923828132086899e-9	3.8499354907201965e-6	1.1325896822051997e-8	1.0120757612804762e-9	3.959845801387242e-5
291.0	2.236254465938185e-8	1.6943219094863434e-9	3.849935854795749e-6	1.1326719304684495e-8	1.0117384403180885e-9	3.9598458207654114e-5
292.0	2.237543252923732e-8	1.6937941373074533e-9	3.849936410997002e-6	1.1326792984091963e-8	1.0120311788222656e-9	3.959845788414902e-5
293.0	2.2398366981253365e-8	1.694114552058503e-9	3.849936395147847e-6	1.132678593624016e-8	1.0118909231621912e-9	3.959845819131863e-5
294.0	2.2391351685236212e-8	1.6928348960546692e-9	3.8499370316073365e-6	1.1328786170583785e-8	1.012282953548869e-9	3.9598458053423055e-5
295.0	2.2416971872907467e-8	1.6928770480132358e-9	3.849936272851661e-6	1.1327575014355742e-8	1.0120680942265655e-9	3.959845829977147e-5
296.0	2.2379259070113732e-8	1.6918300455516511e-9	3.8499353406793095e-6	1.133098191312618e-8	1.0117754014111269e-9	3.9598458181563466e-5
297.0	2.239648760247298e-8	1.6907680728951247e-9	3.849935719318108e-6	1.1328618655702423e-8	1.0113974228777865e-9	3.9598458349974006e-5
298.0	2.2346013298861723e-8	1.693939040424399e-9	3.849935635978446e-6	1.1332140777554223e-8	1.010617016483846e-9	3.95984582128158e-5
299.0	2.2391689443599032e-8	1.6933047687151138e-9	3.849936222851294e-6	1.1329654108666586e-8	1.0106136465474716e-9	3.9598458464862404e-5
300.0	2.245018794674798e-8	1.6966531071814866e-9	3.849936678090563e-6	1.1333445226648863e-8	1.0101931255020686e-9	3.959845823959719e-5
301.0	2.24267974169182e-8	1.695166704650361e-9	3.8499368040615305e-6	1.1330706884429731e-8	1.0107531023095394e-9	3.959845841489426e-5
302.0	2.2370961679662314e-8	1.694475348315952e-9	3.849935710961993e-6	1.1333910839362053e-8	1.0107265661625087e-9	3.9598458326830335e-5
303.0	2.234406647382762e-8	1.6947077051545689e-9	3.849935541833065e-6	1.1331367266767318e-8	1.0111332207906766e-9	3.959845832103633e-5
304.0	2.2415665487851722e-8	1.6933238612263748e-9	3.849936047396686e-6	1.133219748032587e-8	1.011030467098277e-9	3.959845857718382e-5
305.0	2.2470712152892584e-8	1.6934629466175242e-9	3.849935496480906e-6	1.1328401982198577e-8	1.0109439520017126e-9	3.9598458419227765e-5
306.0	2.2419054148686745e-8	1.6924900401139906e-9	3.849936227678063e-6	1.13277381290112e-8	1.0108789647866759e-9	3.959845885208823e-5
307.0	2.236480238846307e-8	1.6951206317139891e-9	3.849936437356655e-6	1.1325314294887956e-8	1.010566291945313e-9	3.959845867080423e-5
308.0	2.237084632708253e-8	1.6958332924033343e-9	3.849936209762962e-6	1.1324227939770362e-8	1.0107456324446382e-9	3.959845902495473e-5
309.0	2.2427520254488998e-8	1.696284284266706e-9	3.849935804717266e-6	1.1324766513430274e-8	1.0108187970957057e-9	3.959845895670752e-5
310.0	2.244742174456495e-8	1.6976132322219507e-9	3.849935768556979e-6	1.1324240534997348e-8	1.0110747560501313e-9	3.959845912332912e-5
311.0	2.2390440238485586e-8	1.6957627987162593e-9	3.849936075336793e-6	1.1327312980359878e-8	1.011448220500319e-9	3.959845915254218e-5
312.0	2.239103271041333e-8	1.6940016652343316e-9	3.849936240152315e-6	1.1328013165558844e-8	1.0117560428697207e-9	3.9598459041961746e-5
313.0	2.237081471875002e-8	1.693622331813519e-9	3.84993559552473e-6	1.133196092054359e-8	1.0120069039804133e-9	3.959845895866887e-5
314.0	2.2432400355836775e-8	1.6933631868805232e-9	3.84993598739716e-6	1.13332264039455e-8	1.0121796649864617e-9	3.959845885318491e-5
315.0	2.2397724371989505e-8	1.6937730793917014e-9	3.849936221476755e-6	1.133565947115163e-8	1.0121909878454332e-9	3.9598458761805226e-5
316.0	2.241574993652957e-8	1.6970009270158846e-9	3.849936182937282e-6	1.1335153384799284e-8	1.0122873662091095e-9	3.959845886215613e-5
317.0	2.240356405478047e-8	1.6966732010307999e-9	3.8499358750356965e-6	1.133593695768375e-8	1.0120890388925258e-9	3.959845881159381e-5
318.0	2.238609089279069e-8	1.699200084326031e-9	3.849936484237091e-6	1.1333028733473313e-8	1.0120835677484043e-9	3.9598459112396764e-5
319.0	2.2389036535390128e-8	1.698422472739375e-9	3.849936371611261e-6	1.1332176656714052e-8	1.011949062599508e-9	3.9598459278998556e-5
320.0	2.2405737123832555e-8	1.6965532397346916e-9	3.84993581387686e-6	1.132918937233902e-8	1.0117829564450176e-9	3.9598459495601076e-5
321.0	2.2450474891523622e-8	1.69608871854987e-9	3.849935691652845e-6	1.1326659552478254e-8	1.0116595835557756e-9	3.959845963841332e-5
322.0	2.2421034976163802e-8	1.6956095390453719e-9	3.849936745268888e-6	1.132530035477192e-8	1.0113766398040668e-9	3.9598459535886126e-5
323.0	2.2370845631891544e-8	1.696537482721515e-9	3.849936560699083e-6	1.1323422450628756e-8	1.0114392471006033e-9	3.959845958442149e-5
324.0	2.2383085943147205e-8	1.6971549177944214e-9	3.849935864385156e-6	1.1324747445204614e-8	1.011124559661627e-9	3.959845938253694e-5
325.0	2.246803499822437e-8	1.6985712925344812e-9	3.849936151129696e-6	1.132545822107685e-8	1.0113093331203763e-9	3.959845944259835e-5
326.0	2.2436117961314977e-8	1.6996642761556053e-9	3.849936171709938e-6	1.1327965991949946e-8	1.0111986423851227e-9	3.959845932903216e-5
327.0	2.2407954218588293e-8	1.698112372717898e-9	3.849935590066568e-6	1.1330809020102153e-8	1.011208144008244e-9	3.9598459574026054e-5
328.0	2.2335646038107948e-8	1.6976177984034925e-9	3.849935964038635e-6	1.1332263137435584e-8	1.0112582950921076e-9	3.9598459626119855e-5
329.0	2.2448183836676427e-8	1.696383055288347e-9	3.8499362862390995e-6	1.1333711177852254e-8	1.0109419112431621e-9	3.959845986300629e-5
330.0	2.2465656002482095e-8	1.6953868767127456e-9	3.84993591037029e-6	1.1334393140974559e-8	1.0108534538377966e-9	3.9598459917640114e-5
331.0	2.2382956709023025e-8	1.6986422122702526e-9	3.849935573248442e-6	1.1334666035008287e-8	1.010366665109677e-9	3.959845974452708e-5
332.0	2.2367114662462275e-8	1.6982903146759617e-9	3.8499357915460086e-6	1.1333650423376645e-8	1.010532295141157e-9	3.9598459811148374e-5
333.0	2.2393914307592144e-8	1.699557771366846e-9	3.849935859192632e-6	1.1333410279041751e-8	1.0103099831088166e-9	3.9598459421797124e-5
334.0	2.2452924568580777e-8	1.7003076141149624e-9	3.8499357568373606e-6	1.1330329962756528e-8	1.0110358637336116e-9	3.959845965692638e-5
335.0	2.2397180991713655e-8	1.6988772858186274e-9	3.849936031604468e-6	1.1331927699452008e-8	1.0111596652707504e-9	3.959845916493757e-5
336.0	2.2346364925589374e-8	1.699084980912985e-9	3.849935417177062e-6	1.1328697985666363e-8	1.0116171475432566e-9	3.95984592789008e-5
337.0	2.2424401452283815e-8	1.6975999250370105e-9	3.849935806711534e-6	1.1332061213965851e-8	1.0118788191412055e-9	3.959845883643759e-5
338.0	2.240958858637257e-8	1.697177044943229e-9	3.8499361541429045e-6	1.1329958597317762e-8	1.0117195922141827e-9	3.959845890322423e-5
339.0	2.240386692076462e-8	1.6991250441987935e-9	3.849936486557553e-6	1.133220658917457e-8	1.012087386171462e-9	3.9598458812791e-5
340.0	2.2366559977204765e-8	1.6995678183568642e-9	3.849935901777041e-6	1.1331928373105414e-8	1.0115997312532511e-9	3.959845880538747e-5
341.0	2.240458438463222e-8	1.7017654138504108e-9	3.849936429339551e-6	1.1332321447379797e-8	1.0118730594624475e-9	3.959845893794158e-5
342.0	2.244036992541701e-8	1.7008881950261365e-9	3.849935588526028e-6	1.1331376003459612e-8	1.011413734595737e-9	3.9598458781792886e-5
343.0	2.237404312176002e-8	1.6987746741188243e-9	3.849935227865834e-6	1.133115439894484e-8	1.011524774720623e-9	3.959845903022015e-5
344.0	2.2387985701936644e-8	1.7008586487736835e-9	3.849936525922006e-6	1.1330511876019697e-8	1.0116945960814484e-9	3.9598458647648536e-5
345.0	2.2422664204821987e-8	1.6990552826810965e-9	3.849936675216515e-6	1.1329359712266543e-8	1.0117142497650635e-9	3.95984589425551e-5
346.0	2.2454406308937355e-8	1.699193338101978e-9	3.849936400590643e-6	1.1329724547632993e-8	1.0124351163247007e-9	3.959845855031847e-5
347.0	2.2397498628781553e-8	1.700325667528252e-9	3.849936001650226e-6	1.132704321977458e-8	1.0120827571465869e-9	3.9598458635014985e-5
348.0	2.2379798212284464e-8	1.7008250558090211e-9	3.8499357412328995e-6	1.1329708161114785e-8	1.0124049929463328e-9	3.959845835110554e-5
349.0	2.2430458567079145e-8	1.7020469036395699e-9	3.849935098993661e-6	1.132672342980608e-8	1.01170128573771e-9	3.95984584111058e-5
350.0	2.246258240942598e-8	1.7019544245733116e-9	3.849935558112005e-6	1.1331769891928487e-8	1.011528908104513e-9	3.9598458293990075e-5
351.0	2.2415307337380804e-8	1.7022537799988586e-9	3.849936622363804e-6	1.133053732357332e-8	1.0111397667231806e-9	3.9598458571568565e-5
352.0	2.2419035868215615e-8	1.701638006323063e-9	3.849935891081111e-6	1.1334888876744052e-8	1.0109470102165154e-9	3.959845854188965e-5
353.0	2.241424092122908e-8	1.6997764314475073e-9	3.8499363218039e-6	1.133460040878912e-8	1.0109319416447021e-9	3.959845867615908e-5
354.0	2.244644659575078e-8	1.7022054046357624e-9	3.849935385425317e-6	1.1336948114195256e-8	1.0109488062280514e-9	3.959845858587563e-5
355.0	2.24164070272998e-8	1.7004425547093352e-9	3.849935289350964e-6	1.1335468553546337e-8	1.0110825885249156e-9	3.9598458373793094e-5
356.0	2.243555523069098e-8	1.7004222542458413e-9	3.84993576694836e-6	1.1335485186006782e-8	1.011263019211258e-9	3.959845855880699e-5
357.0	2.2440542246349185e-8	1.7026372853664038e-9	3.849936122648447e-6	1.1333292770483362e-8	1.0113679879976374e-9	3.959845826218721e-5
358.0	2.2420861944425836e-8	1.7016463704760941e-9	3.849935848226538e-6	1.1331087232370425e-8	1.0115170973890207e-9	3.959845869523117e-5
359.0	2.241233320556561e-8	1.702198171538371e-9	3.84993577269862e-6	1.1329222407536356e-8	1.011453224082137e-9	3.9598458429914183e-5
360.0	2.2437371313437902e-8	1.7021504224775103e-9	3.849936051716376e-6	1.1326906160806442e-8	1.011537656344869e-9	3.959845880721468e-5
361.0	2.2465820683037978e-8	1.70286203708442e-9	3.849935236576571e-6	1.1328641788272912e-8	1.0114634654976651e-9	3.9598458727434445e-5
362.0	2.241521202675509e-8	1.7011000806850453e-9	3.849935405087768e-6	1.1326912750029412e-8	1.0115469612804388e-9	3.959845904318221e-5
363.0	2.2404674829218617e-8	1.702398619039561e-9	3.8499361810402485e-6	1.1331413668615158e-8	1.0116849890046652e-9	3.9598458977223174e-5
364.0	2.243554343423484e-8	1.702564174756633e-9	3.849935912836723e-6	1.1330603608179485e-8	1.0115687084441226e-9	3.959845902824786e-5
365.0	2.2474219115123898e-8	1.70292637370494e-9	3.849935314766871e-6	1.1334652410815966e-8	1.0118156485283942e-9	3.959845899138814e-5
366.0	2.2437076616038793e-8	1.7035187385878322e-9	3.849935519962843e-6	1.1334263137117848e-8	1.0116680680662055e-9	3.9598458983710206e-5
367.0	2.240234551350815e-8	1.7038737012319308e-9	3.84993575755128e-6	1.1335994633374785e-8	1.0117599871275005e-9	3.959845909639688e-5
368.0	2.2433613108334733e-8	1.7043224299658997e-9	3.8499358158284094e-6	1.1334928807814991e-8	1.0117880076351904e-9	3.9598459023607484e-5
369.0	2.2487524568762573e-8	1.7035883582670662e-9	3.849935645118562e-6	1.1333488943691706e-8	1.0116391245862825e-9	3.959845934030071e-5
370.0	2.2442737187409785e-8	1.7033923113281584e-9	3.849935809700783e-6	1.1331745750135247e-8	1.0118673967808537e-9	3.959845918103029e-5
371.0	2.2427871277733378e-8	1.7037290244695942e-9	3.849935527332484e-6	1.1328698444770707e-8	1.011527426332395e-9	3.959845949301518e-5
372.0	2.2432437494607296e-8	1.702832683717005e-9	3.849935597031391e-6	1.1327310537065989e-8	1.0118332890234382e-9	3.959845931851609e-5
373.0	2.2469182807459154e-8	1.702868039950703e-9	3.849935621277367e-6	1.1325517079721394e-8	1.0113373746018072e-9	3.959845947843374e-5
374.0	2.2457501310208894e-8	1.704285703825237e-9	3.849935784579162e-6	1.1327522992833318e-8	1.01158240100556e-9	3.959845922947471e-5
375.0	2.2441101330261254e-8	1.7051345403409997e-9	3.849936007008825e-6	1.1327789330148882e-8	1.011154994109473e-9	3.959845930566991e-5
376.0	2.2449824746297446e-8	1.7053096397754567e-9	3.8499360197363525e-6	1.1331240412038614e-8	1.0111297039822325e-9	3.959845898208189e-5
377.0	2.2454253892681493e-8	1.7056918278153319e-9	3.849935249067417e-6	1.1332302837450492e-8	1.0110994295431582e-9	3.959845897362008e-5
378.0	2.2426213063133296e-8	1.7040419050299542e-9	3.849935730257225e-6	1.1335888095017453e-8	1.0108487651102502e-9	3.9598458941826744e-5
379.0	2.245179809974828e-8	1.7034993912395334e-9	3.849936008628763e-6	1.1336468746691959e-8	1.0112556275867126e-9	3.959845897965493e-5
380.0	2.24803009779857e-8	1.70406693291351e-9	3.849935422252138e-6	1.1338279638977212e-8	1.0108488053539938e-9	3.959845916939036e-5
381.0	2.245599360228658e-8	1.7039311899443078e-9	3.849935447589986e-6	1.1337962909390513e-8	1.0112441719661482e-9	3.9598459151880724e-5
382.0	2.2425882125264977e-8	1.7056075796486077e-9	3.8499358699292195e-6	1.1335014870237345e-8	1.0108373628154854e-9	3.959845932526631e-5
383.0	2.241579274793384e-8	1.7047409537839918e-9	3.849935876873998e-6	1.1333847575886911e-8	1.0109981053322463e-9	3.95984591351053e-5
384.0	2.246611563732927e-8	1.708410802523607e-9	3.849935625449361e-6	1.1328053062278434e-8	1.0110331349867769e-9	3.959845925799539e-5
385.0	2.2481734696816055e-8	1.7064154614312158e-9	3.849936016969167e-6	1.1328002139104515e-8	1.0110482255124012e-9	3.959845919180945e-5
386.0	2.242900404575854e-8	1.7060181534939339e-9	3.8499361839238434e-6	1.1323421858762395e-8	1.0114438147231428e-9	3.9598459146202364e-5
387.0	2.2434876174651863e-8	1.7053482008573332e-9	3.849934934260249e-6	1.1325661735842442e-8	1.0112426271544665e-9	3.959845928400398e-5
388.0	2.243823966340201e-8	1.703434319545489e-9	3.849935438777788e-6	1.1325121142138964e-8	1.0116255044033915e-9	3.959845888068458e-5
389.0	2.2467035590948563e-8	1.7049120893726409e-9	3.849935809321182e-6	1.1328069836178684e-8	1.0113961160850238e-9	3.959845908703595e-5
390.0	2.247491706614699e-8	1.7052597330977378e-9	3.849935948733937e-6	1.1329720536188108e-8	1.0115965794449113e-9	3.9598458447502484e-5
391.0	2.2440011724837858e-8	1.7064284653295049e-9	3.8499359481704905e-6	1.1333592498213528e-8	1.0116142853636732e-9	3.959845877035594e-5
392.0	2.2445995409127925e-8	1.707480893418041e-9	3.849936354119302e-6	1.1334957778082657e-8	1.0117381314532269e-9	3.959845814222543e-5
393.0	2.2409652142218048e-8	1.7073154980668413e-9	3.849935717938745e-6	1.1337218954179608e-8	1.011784584185389e-9	3.959845837828672e-5
394.0	2.244527825625461e-8	1.7078585098534574e-9	3.849935234235194e-6	1.1337984259679636e-8	1.0117334885531827e-9	3.959845811535482e-5
395.0	2.2461918206192185e-8	1.7057378334560293e-9	3.849936004023758e-6	1.1335786503790601e-8	1.0118114644284836e-9	3.959845809477542e-5
396.0	2.247048063042124e-8	1.7062914188208233e-9	3.849935481377136e-6	1.1335381557688922e-8	1.0117269747395711e-9	3.959845825098542e-5
397.0	2.2425874407712852e-8	1.7062922322375843e-9	3.849935697536425e-6	1.1329386043230264e-8	1.01204912067809e-9	3.95984580509488e-5
398.0	2.243794823080297e-8	1.7067254385115858e-9	3.849935913394861e-6	1.133023172960043e-8	1.0120258327818031e-9	3.959845841393447e-5
399.0	2.2464444713170942e-8	1.7081477822913329e-9	3.8499362733723726e-6	1.1323353256424594e-8	1.0121623415116499e-9	3.9598458231455536e-5
400.0	2.24843688072138e-8	1.7100519593572523e-9	3.8499361723898474e-6	1.1326151532008674e-8	1.0119733543293974e-9	3.959845851750135e-5
401.0	2.2454597429137376e-8	1.7093928727576223e-9	3.849936183321241e-6	1.1322559484783063e-8	1.0115426456269379e-9	3.959845831429141e-5
402.0	2.2434024270458327e-8	1.7081901609934428e-9	3.84993561853778e-6	1.1325701251556436e-8	1.0114915130405804e-9	3.9598458449366234e-5
403.0	2.2441611208852502e-8	1.7082123461338694e-9	3.84993537692556e-6	1.1326756125224993e-8	1.0111026060941801e-9	3.959845832471996e-5
404.0	2.2457828916719026e-8	1.7073974404200618e-9	3.84993544175631e-6	1.1330719944990938e-8	1.0114707459128667e-9	3.959845846725006e-5
405.0	2.2450608518290822e-8	1.7060014830622124e-9	3.849935658667896e-6	1.1333718282968371e-8	1.0116002318432883e-9	3.959845841899391e-5
406.0	2.2464426827946726e-8	1.708288712787696e-9	3.8499363326390544e-6	1.1336714407512374e-8	1.01196200018356e-9	3.959845856560792e-5
407.0	2.2459827322514463e-8	1.708278256228554e-9	3.849936201676727e-6	1.1338153154808582e-8	1.011811591227334e-9	3.959845861229367e-5
408.0	2.2439399270672768e-8	1.7078309934468783e-9	3.849935847585504e-6	1.1338275277043125e-8	1.0117174600816778e-9	3.959845862816455e-5
409.0	2.2435326876950383e-8	1.7108020122720722e-9	3.84993555681048e-6	1.1337338951609175e-8	1.0111883751859924e-9	3.9598458947309196e-5
410.0	2.2465898538956508e-8	1.7090686727616912e-9	3.849935645697014e-6	1.133338214508168e-8	1.0108959535745399e-9	3.959845884531019e-5
411.0	2.2482822225687343e-8	1.7095034841353928e-9	3.849935711335663e-6	1.133379368885172e-8	1.010932728529639e-9	3.959845914114862e-5
412.0	2.2459822867540012e-8	1.709425900524861e-9	3.849935789915526e-6	1.132697330180629e-8	1.0110446776264216e-9	3.959845917212275e-5
413.0	2.2425640980484328e-8	1.7094970221970497e-9	3.849935356560502e-6	1.1328774477643764e-8	1.0114571615604945e-9	3.959845922013799e-5
414.0	2.2449369901071995e-8	1.7097754266205664e-9	3.849935961751185e-6	1.1324263116258546e-8	1.0116152293339222e-9	3.959845935070183e-5
415.0	2.2510641178503737e-8	1.7095811292715652e-9	3.849936513032353e-6	1.1325691670174803e-8	1.0116103738551255e-9	3.959845927239627e-5
416.0	2.2466608371053046e-8	1.7103336207139706e-9	3.84993561598422e-6	1.1325313641227747e-8	1.011409241424726e-9	3.9598459347585504e-5
417.0	2.24712239524783e-8	1.7086358947357437e-9	3.849935992295503e-6	1.1327274996539403e-8	1.011139063484204e-9	3.959845931587626e-5
418.0	2.24254859878941e-8	1.7100184166696495e-9	3.849935911356281e-6	1.1329981607914795e-8	1.0109780858261694e-9	3.959845933220727e-5
419.0	2.2490015912459638e-8	1.709511807885313e-9	3.849935327511056e-6	1.1332362279441976e-8	1.0111580129425123e-9	3.9598459583840395e-5
420.0	2.2482636698661958e-8	1.7096496194652438e-9	3.849935486709419e-6	1.1334882259211313e-8	1.0112091096967389e-9	3.959845946207755e-5
421.0	2.2462740949707076e-8	1.7101404984603768e-9	3.849936703850187e-6	1.1336555225582509e-8	1.0115230639799175e-9	3.959845987831137e-5
422.0	2.2456698131140784e-8	1.7113087409231457e-9	3.849936162752541e-6	1.133691372678687e-8	1.0114774605726414e-9	3.959845957779147e-5
423.0	2.2440872471216573e-8	1.710164325133889e-9	3.849935572720285e-6	1.1335581493987937e-8	1.011363833656957e-9	3.959845986830859e-5
424.0	2.246943898106951e-8	1.7113410429624143e-9	3.849935941154685e-6	1.1335731006543321e-8	1.0115388046242031e-9	3.959845963333956e-5
425.0	2.2466443084702438e-8	1.7117624533016383e-9	3.8499357360605385e-6	1.133107449819523e-8	1.0110593941921912e-9	3.959845973367377e-5
426.0	2.2479592248987455e-8	1.7093130196617908e-9	3.849935658777549e-6	1.1331472415650663e-8	1.0115176634049353e-9	3.9598459728047395e-5
427.0	2.2479475947351438e-8	1.7116829239381172e-9	3.849936157790835e-6	1.132776153313345e-8	1.0109768220610874e-9	3.959845947539159e-5
428.0	2.2431546030134778e-8	1.7102755950077382e-9	3.8499359883924955e-6	1.1327326845226123e-8	1.0111943508839139e-9	3.9598459576871075e-5
429.0	2.246869153568269e-8	1.7117717053353463e-9	3.849935650921889e-6	1.1327156800724632e-8	1.010904252386937e-9	3.959845925551018e-5
430.0	2.2483508422962173e-8	1.711253123220266e-9	3.849935513727978e-6	1.1326627029401332e-8	1.0109297733180081e-9	3.959845940051049e-5
431.0	2.2490304867821937e-8	1.712365637901617e-9	3.849935914474919e-6	1.132986797272191e-8	1.0112127245913365e-9	3.9598459481689116e-5
432.0	2.2469810379538643e-8	1.7128777899790168e-9	3.849935843972367e-6	1.1329903171733697e-8	1.0110955190364598e-9	3.959845947160309e-5
433.0	2.2437376471370644e-8	1.7122259337693345e-9	3.849935967469309e-6	1.1333446877703854e-8	1.011693871082591e-9	3.9598459653737635e-5
434.0	2.2469154630720215e-8	1.713091604695989e-9	3.849935837346478e-6	1.1333901657647523e-8	1.0111024455541004e-9	3.9598459462534116e-5
435.0	2.24801921099713e-8	1.7109323252232613e-9	3.849935823612616e-6	1.133608292969497e-8	1.0114192415525828e-9	3.959845937348195e-5
436.0	2.247799854358112e-8	1.712996348762074e-9	3.849935547547816e-6	1.1334780609893085e-8	1.0110294140273255e-9	3.9598459279073414e-5
437.0	2.2463057533339572e-8	1.7119071516450234e-9	3.849935716085253e-6	1.1335941537103204e-8	1.0111378132571997e-9	3.959845893463478e-5
438.0	2.246510499922829e-8	1.7114320096399146e-9	3.8499360218906495e-6	1.1332682873001354e-8	1.0115377658699356e-9	3.9598459277089764e-5
439.0	2.2449898729703105e-8	1.713061423403537e-9	3.849935400189209e-6	1.1332924059314503e-8	1.0114773591276224e-9	3.959845877338491e-5
440.0	2.248496599638283e-8	1.7132343999574803e-9	3.84993578044119e-6	1.1329601906093358e-8	1.012016739765812e-9	3.959845916186008e-5
441.0	2.2466596225635296e-8	1.7120894064909794e-9	3.849936134071232e-6	1.1328702398666475e-8	1.0116925848157806e-9	3.959845861429267e-5
442.0	2.250743985876337e-8	1.7123923852758894e-9	3.849935859148242e-6	1.1327493164590414e-8	1.0118987031364797e-9	3.959845878548466e-5
443.0	2.245421599000413e-8	1.713672343196628e-9	3.849935637223517e-6	1.1325489717232377e-8	1.0116300771802394e-9	3.959845851384363e-5
444.0	2.2453975946961576e-8	1.7132688757894133e-9	3.8499362359785835e-6	1.1327656555286794e-8	1.0116693804798256e-9	3.959845856985177e-5
445.0	2.2485406693983242e-8	1.7125228425503424e-9	3.849936257153088e-6	1.132623099434905e-8	1.0117649544074253e-9	3.9598458652721755e-5
446.0	2.2503696675789236e-8	1.7154704422763005e-9	3.8499350246455596e-6	1.133057592790398e-8	1.011623257826386e-9	3.959845863256498e-5
447.0	2.248353477308798e-8	1.7140322701577006e-9	3.849935687175683e-6	1.133028807673545e-8	1.0119654592535928e-9	3.9598458881611836e-5
448.0	2.2447462663832765e-8	1.7141460180466012e-9	3.8499362026349046e-6	1.1334713582273705e-8	1.0115635740763251e-9	3.959845884490541e-5
449.0	2.2473015382748848e-8	1.7131912516638047e-9	3.849936001507961e-6	1.1333226514504049e-8	1.0116837140798257e-9	3.959845913535572e-5
450.0	2.2504656670556728e-8	1.7138877736812095e-9	3.849936187412416e-6	1.1336686009238651e-8	1.0113614049657633e-9	3.959845907795758e-5
451.0	2.2487609697297865e-8	1.7121169262140258e-9	3.849936386425492e-6	1.1333962621939499e-8	1.0111218832410715e-9	3.9598459185136864e-5
452.0	2.246881733379728e-8	1.713794480383866e-9	3.84993578268468e-6	1.1335747380706714e-8	1.0110336662408039e-9	3.9598459130824196e-5
453.0	2.2473618786011543e-8	1.714710555275575e-9	3.849935373368682e-6	1.1332854346213616e-8	1.0105398674774453e-9	3.959845913494782e-5
454.0	2.2479374724918393e-8	1.714418935368394e-9	3.849935298045506e-6	1.1332176605235546e-8	1.0107104947930778e-9	3.9598459161466955e-5
455.0	2.2485398035310243e-8	1.715327174231654e-9	3.849936069692579e-6	1.1330273706224624e-8	1.0103129309915838e-9	3.959845909098053e-5
456.0	2.2465910626460444e-8	1.7152440317769214e-9	3.8499359034319755e-6	1.1328527120993008e-8	1.010451282221622e-9	3.95984591378194e-5
457.0	2.249334937606029e-8	1.7161327636838042e-9	3.849936341373454e-6	1.1328318949638342e-8	1.010441168687092e-9	3.9598459079210664e-5
458.0	2.2483858537883285e-8	1.7154597282067403e-9	3.849935438277025e-6	1.1327698301879558e-8	1.0106416913491572e-9	3.959845909008292e-5
459.0	2.2469205730032918e-8	1.7147223958964407e-9	3.8499363589819765e-6	1.1329589636057863e-8	1.0107853156780959e-9	3.9598459083390006e-5
460.0	2.2493810160932215e-8	1.7159887233999943e-9	3.849935957784431e-6	1.1329829801081414e-8	1.0107845166035385e-9	3.959845900990692e-5
461.0	2.249501410440757e-8	1.7153783140761714e-9	3.849936076036551e-6	1.1333421238834795e-8	1.011107702198485e-9	3.9598459019020814e-5
462.0	2.2481440627867483e-8	1.7151387009946538e-9	3.849935285368739e-6	1.1332485461886248e-8	1.0108362124961834e-9	3.9598458977509424e-5
463.0	2.2468890954081324e-8	1.71449020889664e-9	3.849936035045439e-6	1.1336390843315725e-8	1.0111936325187872e-9	3.9598459089246635e-5
464.0	2.2479769641954067e-8	1.717016832780564e-9	3.849935886425785e-6	1.1334779982717722e-8	1.0112633652608366e-9	3.9598459187429565e-5
465.0	2.252677396428085e-8	1.7169471416870798e-9	3.849935810686963e-6	1.133744518946811e-8	1.0114634582325138e-9	3.959845926504939e-5
466.0	2.2476501574480532e-8	1.7171829611410814e-9	3.849936241399752e-6	1.1335042485887087e-8	1.0117627228123681e-9	3.9598459317983316e-5
467.0	2.2457809894726766e-8	1.717421708565906e-9	3.849936711424791e-6	1.1334482795623004e-8	1.0117832833047023e-9	3.9598459227043446e-5
468.0	2.2485150989181524e-8	1.7174762900920526e-9	3.84993607033763e-6	1.1331768015308784e-8	1.0122115546347588e-9	3.959845923723812e-5
469.0	2.2498978735633978e-8	1.7165572417567253e-9	3.849935266326057e-6	1.1329565116870808e-8	1.0121394634272885e-9	3.959845924110895e-5
470.0	2.2492667634977162e-8	1.71722976552062e-9	3.849936095093616e-6	1.1326483066403418e-8	1.0124778333341732e-9	3.9598459207063985e-5
471.0	2.2451911320674643e-8	1.716866431354072e-9	3.849935774452146e-6	1.1324903232230938e-8	1.0123748975071268e-9	3.95984593842976e-5
472.0	2.2488907066701688e-8	1.7145820768227697e-9	3.849935354631106e-6	1.1323987671617741e-8	1.0122929339788887e-9	3.959845932828859e-5
473.0	2.24968276244969e-8	1.717789361316021e-9	3.849935453930955e-6	1.1324310224656233e-8	1.01218435979675e-9	3.9598459316819154e-5
474.0	2.248278227331763e-8	1.7171202283981004e-9	3.849936637989194e-6	1.132589036056671e-8	1.0116215471395287e-9	3.959845932251816e-5
475.0	2.246858069205665e-8	1.7184930049671479e-9	3.8499362172166886e-6	1.1327518682772257e-8	1.0116642043970393e-9	3.959845898194949e-5
476.0	2.2504984433504554e-8	1.7181237233190582e-9	3.849935918831293e-6	1.1330476390647597e-8	1.0111898266415267e-9	3.9598459213231015e-5
477.0	2.249491234295701e-8	1.7168769082042276e-9	3.849936174611324e-6	1.133383444238195e-8	1.0115177443713696e-9	3.95984588442855e-5
478.0	2.2472747864473426e-8	1.716302043398848e-9	3.8499353791613825e-6	1.1336035516706111e-8	1.0113422484697655e-9	3.959845899517326e-5
479.0	2.24704314757977e-8	1.7166318462123839e-9	3.849934941258598e-6	1.1339233705970148e-8	1.0115187977617778e-9	3.959845888634365e-5
480.0	2.2516527912267352e-8	1.717576931210244e-9	3.849935655362138e-6	1.1338609056977429e-8	1.011524766963081e-9	3.959845895659702e-5
481.0	2.252115921659934e-8	1.7175323870663083e-9	3.8499367049067745e-6	1.13397733296414e-8	1.0111410999637966e-9	3.95984590602198e-5
482.0	2.2470099356432947e-8	1.7185385875296192e-9	3.849936556164848e-6	1.133691476736777e-8	1.0112893381929446e-9	3.959845926805109e-5
483.0	2.245766866525721e-8	1.7192680127005472e-9	3.849936234436146e-6	1.1335191758333781e-8	1.010686673609066e-9	3.9598459327833184e-5
484.0	2.2518709439248127e-8	1.719560335685896e-9	3.849936091985712e-6	1.133120875833498e-8	1.0110748503599059e-9	3.959845968930965e-5
485.0	2.2531734214377313e-8	1.720061946797894e-9	3.849935328325262e-6	1.1329067144081583e-8	1.01072343806385e-9	3.959845947265084e-5
486.0	2.249076319363226e-8	1.7175791756434734e-9	3.849935865076512e-6	1.1325806129566014e-8	1.011330043604115e-9	3.959845979535425e-5
487.0	2.2460445269516183e-8	1.7175481173388785e-9	3.849935958332749e-6	1.1325321710131735e-8	1.0113974711904758e-9	3.9598459601944755e-5
488.0	2.2500671246612235e-8	1.7183608508162892e-9	3.849936353165333e-6	1.1324349172680315e-8	1.011493310094471e-9	3.95984595477755e-5
489.0	2.25285277534769e-8	1.7182395639088455e-9	3.84993617019082e-6	1.1324632016387024e-8	1.0120564160536155e-9	3.959845966116932e-5
490.0	2.252081080984087e-8	1.7193170949412795e-9	3.849935586109591e-6	1.1327185184416939e-8	1.011258678881983e-9	3.9598459183400514e-5
491.0	2.2473645637289533e-8	1.7205620062815944e-9	3.849935990242714e-6	1.1327190938600546e-8	1.011935327081074e-9	3.9598459539080924e-5
492.0	2.249318863274597e-8	1.7221943943617922e-9	3.849936052688548e-6	1.1333783301905662e-8	1.0110418690008931e-9	3.959845892203557e-5
493.0	2.249564842440539e-8	1.7193188418167385e-9	3.8499360904602926e-6	1.1332457990475577e-8	1.0114056615751306e-9	3.959845927484359e-5
494.0	2.2491953424460474e-8	1.719999598828471e-9	3.8499358444881106e-6	1.133966426822471e-8	1.0110674864945983e-9	3.9598458880173574e-5
495.0	2.251901954120177e-8	1.7193441554460594e-9	3.849936349585336e-6	1.133740944754209e-8	1.0110050100020422e-9	3.9598458915023254e-5
496.0	2.2488557450602855e-8	1.7179001786800154e-9	3.849935698282269e-6	1.1340998789476676e-8	1.0114508805467822e-9	3.9598458721227144e-5
497.0	2.250270233571338e-8	1.7192093284334217e-9	3.8499355469187895e-6	1.1336918923390856e-8	1.0109643141521712e-9	3.9598458644853923e-5
498.0	2.2462546051794088e-8	1.7200060318780032e-9	3.849935932448297e-6	1.1338671166320882e-8	1.0115393472741165e-9	3.959845852766971e-5
499.0	2.248788199062991e-8	1.7203766599610311e-9	3.8499363815287865e-6	1.1332319354818607e-8	1.0109802436403863e-9	3.959845864515337e-5
500.0	2.2549374937621873e-8	1.7223196940600392e-9	3.849935802903071e-6	1.1334229004228768e-8	1.0112665977347668e-9	3.959845842504547e-5
501.0	2.2496737733567794e-8	1.721137519021085e-9	3.849936271633965e-6	1.1327691144995793e-8	1.0111655644780901e-9	3.95984588144605e-5
502.0	2.24926870730943e-8	1.7202344429548201e-9	3.849936187696996e-6	1.1329013597999313e-8	1.0111206381600505e-9	3.9598458548056435e-5
503.0	2.2463020798940535e-8	1.7205092655034966e-9	3.849935941066383e-6	1.1326332457683108e-8	1.011743190832468e-9	3.959845903376535e-5
504.0	2.2522576712436288e-8	1.7201488506628628e-9	3.849935671772572e-6	1.1325548326252774e-8	1.0114849757067678e-9	3.9598458894711506e-5
505.0	2.253223645233727e-8	1.7196052077194322e-9	3.849935953070043e-6	1.1329001476564219e-8	1.0122678090643758e-9	3.959845906920547e-5
506.0	2.2509357812542753e-8	1.7211405612191485e-9	3.849935858691304e-6	1.1326523880737182e-8	1.0120652679260833e-9	3.959845922240851e-5
507.0	2.248492917103617e-8	1.7212912801519606e-9	3.849936260015922e-6	1.1332518633101574e-8	1.0122310940204601e-9	3.95984589470168e-5
508.0	2.2480216901479338e-8	1.7215187291222797e-9	3.84993634876799e-6	1.1330770186663356e-8	1.0122316402358464e-9	3.9598459333656725e-5
509.0	2.25019264667594e-8	1.7212208347789261e-9	3.8499362000936465e-6	1.1335847424400282e-8	1.0119508547883272e-9	3.9598458788480327e-5
510.0	2.2524367986449225e-8	1.7224397022558096e-9	3.849936084297157e-6	1.133334343918537e-8	1.012151347257612e-9	3.959845932861408e-5
511.0	2.2506876256270187e-8	1.72180883919768e-9	3.849935549801814e-6	1.1337677281169824e-8	1.0119706858214479e-9	3.959845887014096e-5
512.0	2.2481270823115326e-8	1.7204745383209153e-9	3.849935422831022e-6	1.1332540991503234e-8	1.012242524961723e-9	3.9598459331428486e-5
513.0	2.2473303047884003e-8	1.7223477826138574e-9	3.849936343900695e-6	1.1336830603790777e-8	1.0121214172349889e-9	3.9598459022610106e-5
514.0	2.2506836536109465e-8	1.7204583746798273e-9	3.849936043272351e-6	1.1329620588247189e-8	1.0119814971031555e-9	3.9598459126437426e-5
515.0	2.2513190555685545e-8	1.721862530618345e-9	3.84993591002662e-6	1.13342398628801e-8	1.0119007928669104e-9	3.9598459074086934e-5
516.0	2.2498930798387815e-8	1.7224630177757832e-9	3.849936159944485e-6	1.1328677358535783e-8	1.0115800701350687e-9	3.959845907654109e-5
517.0	2.246710665702729e-8	1.7204954344374153e-9	3.849936006816994e-6	1.1330811270384272e-8	1.01139451421618e-9	3.959845911825983e-5
518.0	2.2498970236505713e-8	1.721501051688086e-9	3.8499353551204724e-6	1.1330287153753072e-8	1.0113967191015358e-9	3.95984593451092e-5
519.0	2.2505053546176382e-8	1.7201070651230154e-9	3.849936042827679e-6	1.1330082986719934e-8	1.0113245064002715e-9	3.959845944031885e-5
520.0	2.249756817718298e-8	1.7222731978814865e-9	3.849936316514779e-6	1.1332435001324093e-8	1.011450672900191e-9	3.959845976265933e-5
521.0	2.248719313186513e-8	1.7221235131704358e-9	3.849935618405255e-6	1.1332154956211743e-8	1.011457078243166e-9	3.959845965075027e-5
522.0	2.250456762235418e-8	1.7218442687097932e-9	3.8499359192158915e-6	1.133489138845116e-8	1.0115910670780224e-9	3.959845994599925e-5
523.0	2.2494211351602057e-8	1.7240735297116858e-9	3.8499365343339495e-6	1.1334065715117475e-8	1.0114429726048699e-9	3.959845969405236e-5
524.0	2.248917142500892e-8	1.7213822640539984e-9	3.849936092209948e-6	1.1335207694258748e-8	1.011509698381914e-9	3.959845991908256e-5
525.0	2.249129957241457e-8	1.7230421950030095e-9	3.849935692342169e-6	1.133237141699974e-8	1.0116377525515295e-9	3.959845965594148e-5
526.0	2.252513560768119e-8	1.7226268376406589e-9	3.849935801147544e-6	1.1332836197758637e-8	1.0114878974682427e-9	3.959845985385333e-5
527.0	2.250621583202742e-8	1.7212503188849237e-9	3.849935428789947e-6	1.1327712771718208e-8	1.0119445313433033e-9	3.95984596806097e-5
528.0	2.2462899742516935e-8	1.7230851547208273e-9	3.849935629411664e-6	1.1330065917481581e-8	1.011592858697191e-9	3.959845981336776e-5
529.0	2.250764898665422e-8	1.7231166535804952e-9	3.849936280348237e-6	1.1325834347619896e-8	1.0120016906135278e-9	3.9598459776416574e-5
530.0	2.2546458706625893e-8	1.7232686862413096e-9	3.84993644036593e-6	1.1328615626427147e-8	1.0116450775518174e-9	3.959845976244451e-5
531.0	2.2511340923149917e-8	1.7237742208992317e-9	3.849935837737501e-6	1.1327719217183936e-8	1.0117610389616142e-9	3.9598459859111e-5
532.0	2.246068549068452e-8	1.723876377123713e-9	3.849935397414492e-6	1.1329342715279838e-8	1.0116990203131765e-9	3.959845964671767e-5
533.0	2.248259594422736e-8	1.7226739237689255e-9	3.849935427135992e-6	1.133140602336229e-8	1.011622814875523e-9	3.959845994179519e-5
534.0	2.255564078067467e-8	1.7227735617869001e-9	3.8499356131944556e-6	1.1332833871334327e-8	1.0118365622496278e-9	3.95984595784358e-5
535.0	2.2537112204039627e-8	1.7227220450512808e-9	3.849935689179817e-6	1.1335551522161714e-8	1.0112663956290007e-9	3.9598460018248526e-5
536.0	2.2461112390594706e-8	1.7234944651154522e-9	3.849936284827554e-6	1.1337173374582864e-8	1.0116963300395247e-9	3.9598459529962174e-5
537.0	2.2476505583145544e-8	1.7226661687645842e-9	3.849935939065561e-6	1.1337245371915114e-8	1.0109139358353433e-9	3.959845988434271e-5
538.0	2.2534460615007978e-8	1.724051817619205e-9	3.849935654288367e-6	1.1337366116705922e-8	1.0113237957758686e-9	3.9598459363605635e-5
539.0	2.251724346572869e-8	1.7241973094923461e-9	3.849936567826511e-6	1.1334806805432201e-8	1.0110128192772166e-9	3.9598459670101464e-5
540.0	2.2492436690795868e-8	1.7243835438710066e-9	3.849935905530351e-6	1.1332597198617854e-8	1.0113678935874514e-9	3.9598459266574975e-5
541.0	2.2494601402925687e-8	1.7238995960900865e-9	3.849935285272286e-6	1.1330603951046156e-8	1.0114373653037053e-9	3.9598459394335916e-5
542.0	2.2517814957918034e-8	1.7248106440399347e-9	3.849935893042584e-6	1.1327933833577054e-8	1.0112631363877323e-9	3.959845913362097e-5
543.0	2.2506403753416576e-8	1.7260529828160318e-9	3.849935453658017e-6	1.132680961955685e-8	1.01168776221511e-9	3.959845915855303e-5
544.0	2.247060408556262e-8	1.7248152865132502e-9	3.84993545815013e-6	1.1326480508724804e-8	1.011073451268395e-9	3.959845901473296e-5
545.0	2.252099085878337e-8	1.726843338712327e-9	3.849936480925056e-6	1.1325079679125456e-8	1.0117685194780916e-9	3.9598459133881247e-5
546.0	2.2540207888423512e-8	1.725311903493341e-9	3.8499371257796075e-6	1.1327460152677383e-8	1.0113915364941933e-9	3.959845908721324e-5
547.0	2.251191593245579e-8	1.7248641536603154e-9	3.849935686143864e-6	1.1327368327315546e-8	1.0120609577716235e-9	3.959845940332017e-5
548.0	2.247604947749679e-8	1.7247170527296856e-9	3.849935150410045e-6	1.1331593033610282e-8	1.0119841641189278e-9	3.959845944881165e-5
549.0	2.250612571935555e-8	1.724898852366935e-9	3.849935465040551e-6	1.133233834542909e-8	1.0118706554095308e-9	3.959845959488868e-5
550.0	2.2550437088489307e-8	1.7269195233080303e-9	3.849935893532656e-6	1.1335196207587126e-8	1.0120955519398526e-9	3.959845956153677e-5
551.0	2.2524065752972967e-8	1.7260066865538608e-9	3.8499359927555715e-6	1.1335254291458123e-8	1.011460224747939e-9	3.959845949786581e-5
552.0	2.249185753717619e-8	1.7272898541834875e-9	3.849936679315317e-6	1.133476490696936e-8	1.0119813387116393e-9	3.9598459453403115e-5
553.0	2.2496901029088793e-8	1.7292729140010986e-9	3.849936962535068e-6	1.1334872569921118e-8	1.0115875663980291e-9	3.95984594210866e-5
554.0	2.2545313373965607e-8	1.7270834461283742e-9	3.8499357197466204e-6	1.133290770424468e-8	1.012028567912907e-9	3.959845934560394e-5
555.0	2.252956506363249e-8	1.7258805584461752e-9	3.849934948279701e-6	1.1333141723893327e-8	1.0118208297590424e-9	3.9598459339127494e-5
556.0	2.2501459756872446e-8	1.7264670579228662e-9	3.8499357961969445e-6	1.1330726460136993e-8	1.0116359383702506e-9	3.9598459202499663e-5
557.0	2.2523471937898252e-8	1.7248461610429628e-9	3.849936436792125e-6	1.1331183690712733e-8	1.0114940375787203e-9	3.9598459222204665e-5
558.0	2.253942454620352e-8	1.7252285806080153e-9	3.849935692595883e-6	1.1328559790351385e-8	1.011182714345647e-9	3.95984592688129e-5
559.0	2.2553944224824795e-8	1.7273978847059698e-9	3.849936153207815e-6	1.133015634216022e-8	1.011407862851842e-9	3.959845926613904e-5
560.0	2.2507153421136063e-8	1.7287467203743453e-9	3.84993639509873e-6	1.1328419606585604e-8	1.0112554067169364e-9	3.959845935289526e-5
561.0	2.2523305120962797e-8	1.7285780763212629e-9	3.849934961181989e-6	1.133141127195332e-8	1.0115241892380253e-9	3.959845933297143e-5
562.0	2.252261971819502e-8	1.7280888722279644e-9	3.8499353864119405e-6	1.1330403993913355e-8	1.0114369245253927e-9	3.959845946298166e-5
563.0	2.254393166876707e-8	1.7291383894815955e-9	3.849936475942533e-6	1.1332789792962498e-8	1.0113050300087748e-9	3.959845948647247e-5
564.0	2.252012986128744e-8	1.7270281561722077e-9	3.849936011008469e-6	1.1331637657790795e-8	1.0115142765970379e-9	3.959845973541867e-5
565.0	2.255145353731641e-8	1.7248326018287161e-9	3.849935310786413e-6	1.1332248518825021e-8	1.0110710351024706e-9	3.959845972143068e-5
566.0	2.248506642166748e-8	1.7267367070866835e-9	3.849936320039766e-6	1.1332203645035182e-8	1.011696550408943e-9	3.95984601039182e-5
567.0	2.251436923026853e-8	1.7267709089455874e-9	3.849935969119301e-6	1.1331465831946055e-8	1.0113685523009093e-9	3.9598459886534e-5
568.0	2.251575854248983e-8	1.7286393115325398e-9	3.849935249686498e-6	1.1332352020235845e-8	1.0118765081852821e-9	3.959846025075932e-5
569.0	2.256323558313217e-8	1.7303303011659198e-9	3.849936202478507e-6	1.1331011488847037e-8	1.0118282753165398e-9	3.959845983848812e-5
570.0	2.253189408846085e-8	1.7307518678816685e-9	3.849936368261685e-6	1.1332177846104161e-8	1.0116965615344526e-9	3.9598459874778675e-5
571.0	2.2486405210315866e-8	1.729886380895368e-9	3.849934987769574e-6	1.133075300364036e-8	1.0120166825333588e-9	3.9598459426768834e-5
572.0	2.2483558501268972e-8	1.7279879986501286e-9	3.849935849138273e-6	1.133245728607822e-8	1.0115345961593538e-9	3.959845935194221e-5
573.0	2.2539960352779147e-8	1.7289039833078205e-9	3.849936243079853e-6	1.1331741685464928e-8	1.0120823923545483e-9	3.959845906268755e-5
574.0	2.2556769835805294e-8	1.7272971662927513e-9	3.849935938915333e-6	1.1333660506004559e-8	1.0118593856589582e-9	3.9598459265764344e-5
575.0	2.253325248350533e-8	1.7264610172618711e-9	3.84993577523885e-6	1.133317331236385e-8	1.0120521033560679e-9	3.959845917360582e-5
576.0	2.2494530595540355e-8	1.7292514457732914e-9	3.849935607548902e-6	1.133335247376797e-8	1.0121026735758986e-9	3.959845949649324e-5
577.0	2.2494009972263912e-8	1.7287261623555955e-9	3.849935380891358e-6	1.1333081679647164e-8	1.0117229305367001e-9	3.959845936002123e-5
578.0	2.2506793040109572e-8	1.7305145527698065e-9	3.849935116588788e-6	1.1331535699072124e-8	1.012106615353446e-9	3.959845969969834e-5
579.0	2.253196007257552e-8	1.7306896543846251e-9	3.849936631511546e-6	1.1331919563742425e-8	1.011593391437526e-9	3.9598459619712504e-5
580.0	2.255508031941149e-8	1.73082006953939e-9	3.849936335755701e-6	1.1329344490283218e-8	1.0121728518441997e-9	3.959845977653531e-5
581.0	2.2525952810927573e-8	1.7293861203949356e-9	3.849935785483041e-6	1.1330737652368985e-8	1.0118915274451463e-9	3.959845992780533e-5
582.0	2.249750534684164e-8	1.7280672326200148e-9	3.849935976723605e-6	1.1328288543061018e-8	1.0122282273698617e-9	3.9598459845312574e-5
583.0	2.2474127802519947e-8	1.7290878423301268e-9	3.849935566053215e-6	1.133080790578419e-8	1.0120618662075688e-9	3.959846008596256e-5
584.0	2.2551229019304008e-8	1.7288869763252557e-9	3.849935102027315e-6	1.1329182157138472e-8	1.0119123825792785e-9	3.959845976357675e-5
585.0	2.257366476433828e-8	1.729993036405082e-9	3.849935796152221e-6	1.1332013455976142e-8	1.0120496852709188e-9	3.959845988156387e-5
586.0	2.2534889353922967e-8	1.7317672977281001e-9	3.849936755245247e-6	1.1331208445736883e-8	1.0117655810479219e-9	3.959845934431225e-5
587.0	2.2478424377377256e-8	1.7314922665713156e-9	3.849936422935702e-6	1.133365201558178e-8	1.0121667622653911e-9	3.959845926817103e-5
588.0	2.2504843801018294e-8	1.7321920961559956e-9	3.849935297500377e-6	1.1333509014631541e-8	1.01191481840796e-9	3.959845876934865e-5
589.0	2.2529295073397877e-8	1.7302487003191117e-9	3.849935738948988e-6	1.1334259117555233e-8	1.0120954056815974e-9	3.959845875258427e-5
590.0	2.2582068609633496e-8	1.730156312229788e-9	3.849935432526708e-6	1.1335054991439182e-8	1.0119746567166596e-9	3.959845854290447e-5
591.0	2.253782558565891e-8	1.7297039591406369e-9	3.849934955310438e-6	1.1333305028930289e-8	1.011760057283308e-9	3.959845870098228e-5
592.0	2.251177847487396e-8	1.7300363555250712e-9	3.849935492299383e-6	1.1334615239206098e-8	1.011810099496384e-9	3.959845870041162e-5
593.0	2.2502492212685562e-8	1.7294981010250574e-9	3.849936771399103e-6	1.1331068553780995e-8	1.0117237052180046e-9	3.959845902628411e-5
594.0	2.2505126131423117e-8	1.731185598009587e-9	3.849935882915544e-6	1.1332687330698624e-8	1.0118919468153736e-9	3.959845900273533e-5
595.0	2.2568327097081228e-8	1.732924400076959e-9	3.849935339047051e-6	1.132866713754075e-8	1.0118793751334675e-9	3.9598459328574595e-5
596.0	2.2540056199605236e-8	1.7331704449358827e-9	3.849935200836265e-6	1.133181109808106e-8	1.0119654603128468e-9	3.9598459114905445e-5
597.0	2.2526924952684226e-8	1.7318283073086882e-9	3.849935747724642e-6	1.1328023584855426e-8	1.0117584407770951e-9	3.95984593130756e-5
598.0	2.248655519016367e-8	1.7316958620224102e-9	3.849935682246018e-6	1.1331801172405064e-8	1.0116369348931063e-9	3.959845908531766e-5
599.0	2.252798760643143e-8	1.731465846059395e-9	3.8499358295444775e-6	1.1329242664885982e-8	1.0116445686054816e-9	3.959845918505131e-5
600.0	2.2535332773416556e-8	1.7312034856147857e-9	3.849935938556004e-6	1.1333178453130656e-8	1.0115915909929218e-9	3.959845916664657e-5
601.0	2.253720334406233e-8	1.7312363037661318e-9	3.849935703893392e-6	1.1332407543419084e-8	1.0119694369090644e-9	3.959845917943229e-5
602.0	2.2533711058502785e-8	1.732468682362282e-9	3.84993555032724e-6	1.1334964571274177e-8	1.0119840918467215e-9	3.9598459306824775e-5
603.0	2.251187989762261e-8	1.7321329781262617e-9	3.8499354509385276e-6	1.1335391733441074e-8	1.0121452831377297e-9	3.959845910302811e-5
604.0	2.250095830720852e-8	1.7330266300253083e-9	3.849936031492542e-6	1.1335399875133772e-8	1.0121041437530718e-9	3.9598459357996556e-5
605.0	2.2512064026685618e-8	1.7347933638115143e-9	3.84993585426651e-6	1.133579383917837e-8	1.0118857348438112e-9	3.9598459125557996e-5
606.0	2.253748367732432e-8	1.7325608944978656e-9	3.84993590717456e-6	1.1333772680609174e-8	1.0117341672948842e-9	3.959845948237429e-5
607.0	2.2563492068498138e-8	1.7322990472836127e-9	3.849934971311674e-6	1.1334943164566829e-8	1.0114847015691188e-9	3.959845940948594e-5
608.0	2.251264834770658e-8	1.7322176868394087e-9	3.849935413805766e-6	1.1331410618941454e-8	1.0114221353176881e-9	3.9598459769985074e-5
609.0	2.250134476179503e-8	1.7318861354303678e-9	3.849936200981962e-6	1.1333729512760297e-8	1.011414204477822e-9	3.959845969035615e-5
610.0	2.2535774334465344e-8	1.7318825751291773e-9	3.8499361988947704e-6	1.1330213083049774e-8	1.0115286456684577e-9	3.959845989704815e-5
611.0	2.2562784864194995e-8	1.7338473427683503e-9	3.8499354647585045e-6	1.1332754160382486e-8	1.0116061460935215e-9	3.95984597787843e-5
612.0	2.2535382750006232e-8	1.7357489968974838e-9	3.849935624384198e-6	1.132895956164404e-8	1.011731549313036e-9	3.959845982841531e-5
613.0	2.251144727385595e-8	1.7341454313236085e-9	3.849935283902652e-6	1.133175799677974e-8	1.0116673004810976e-9	3.959845972349559e-5
614.0	2.2531391364492317e-8	1.7354643515319652e-9	3.849935047533857e-6	1.1329331679856582e-8	1.0114248293503102e-9	3.9598459753543575e-5
615.0	2.255726010983129e-8	1.7355574957248338e-9	3.8499355462213926e-6	1.133180498755613e-8	1.0114505147573707e-9	3.959845974438866e-5
616.0	2.2529696843739153e-8	1.7322491950591905e-9	3.8499364431248284e-6	1.1331490618137328e-8	1.0111828812215671e-9	3.959845981481542e-5
617.0	2.2528186762393803e-8	1.7344649253883908e-9	3.849936104469087e-6	1.1332807977641994e-8	1.011260762280529e-9	3.959845980044144e-5
618.0	2.253672475413163e-8	1.7334504804798275e-9	3.849935224279782e-6	1.1333330749557568e-8	1.0114220409606497e-9	3.959845996173643e-5
619.0	2.2564248840768205e-8	1.7341357224866804e-9	3.849934977344251e-6	1.1333861621903747e-8	1.0116069657246348e-9	3.9598459876200864e-5
620.0	2.2525677463440854e-8	1.734319624664798e-9	3.8499351526997956e-6	1.1334718389775528e-8	1.0117948661544115e-9	3.959846006137217e-5
621.0	2.2519174311942393e-8	1.735269434225181e-9	3.849935450286419e-6	1.1334383365737644e-8	1.0119068957358067e-9	3.959845990683012e-5
622.0	2.254485794788845e-8	1.7343558220304116e-9	3.849935825567822e-6	1.1334964547313704e-8	1.0121026045205442e-9	3.9598459962889035e-5
623.0	2.2533394690524318e-8	1.7340231020530692e-9	3.849936165444986e-6	1.1333096407402356e-8	1.0121345260295242e-9	3.959845983436657e-5
624.0	2.2559034251806578e-8	1.7353857481820481e-9	3.849935708245091e-6	1.1333429344513306e-8	1.0121957850806253e-9	3.959845984001989e-5
625.0	2.253293188655892e-8	1.7338143444640675e-9	3.849935754305109e-6	1.1330421298476e-8	1.0122308367364395e-9	3.959845987156544e-5
626.0	2.255631060316172e-8	1.7358401776140679e-9	3.849935040129903e-6	1.1330880708944449e-8	1.0121633838853223e-9	3.959845989851871e-5
627.0	2.2533813690993942e-8	1.7364091154841444e-9	3.84993507867208e-6	1.1328950244868793e-8	1.0122063606383844e-9	3.9598459955362456e-5
628.0	2.252168096084192e-8	1.7374026815181556e-9	3.849935654953726e-6	1.1328782860590861e-8	1.0122302327763537e-9	3.95984599762202e-5
629.0	2.255723732741622e-8	1.7369716441228246e-9	3.8499357961734995e-6	1.1329620331692816e-8	1.0123169765257615e-9	3.959846006184283e-5
630.0	2.257288544640173e-8	1.7356838349734588e-9	3.849935593152504e-6	1.1328861937030572e-8	1.012434495626182e-9	3.9598459870137484e-5
631.0	2.254952043830307e-8	1.736089675419085e-9	3.849936098400436e-6	1.1331017105759569e-8	1.012321034864051e-9	3.9598459965716925e-5
632.0	2.2532582628924703e-8	1.7352948178715415e-9	3.84993632118243e-6	1.133127031766881e-8	1.0122302289252938e-9	3.95984596215509e-5
633.0	2.2524088757304036e-8	1.7345293589664612e-9	3.849934951417556e-6	1.1333568279740456e-8	1.0119086206644652e-9	3.959845973461573e-5
634.0	2.2576902747826016e-8	1.7363790414708061e-9	3.849935252794209e-6	1.1335140336876902e-8	1.0117258859976677e-9	3.959845952344018e-5
635.0	2.2558375226881576e-8	1.7359457427430416e-9	3.8499350440675516e-6	1.1335923044642508e-8	1.0113971212642164e-9	3.959845971686261e-5
636.0	2.2542563945619974e-8	1.7377446082976231e-9	3.849935247630551e-6	1.1336058365821923e-8	1.0114214796408835e-9	3.959845952425498e-5
637.0	2.2548946870244355e-8	1.737649669874542e-9	3.849935859475942e-6	1.1335594937058935e-8	1.011500479943141e-9	3.9598459799487834e-5
638.0	2.2532299883314266e-8	1.7364471375751186e-9	3.849936133017819e-6	1.1333460788123264e-8	1.0114522790111915e-9	3.9598459559265536e-5
639.0	2.2562221158252606e-8	1.7384965520017925e-9	3.849935688258505e-6	1.1332288347941613e-8	1.011676930244305e-9	3.959845969904153e-5
640.0	2.2552124123912958e-8	1.7379793066824268e-9	3.849935311931508e-6	1.1330705855054813e-8	1.0114893217007928e-9	3.959845956871895e-5
641.0	2.2560672881833303e-8	1.7372016617046334e-9	3.8499353790074e-6	1.1327493978418715e-8	1.0114473252350111e-9	3.959845944605515e-5
642.0	2.2562790352041197e-8	1.7381954250195236e-9	3.849935177219992e-6	1.1329298758847823e-8	1.0112725615919728e-9	3.959845953720147e-5
643.0	2.2510087761388092e-8	1.7372220232285525e-9	3.849935149898193e-6	1.132523670101018e-8	1.0111299080095131e-9	3.9598459107743734e-5
644.0	2.255810726620919e-8	1.7375087968487382e-9	3.849935868305706e-6	1.1329612603022406e-8	1.011213545682014e-9	3.959845937427197e-5
645.0	2.2588990134851366e-8	1.7369720194571403e-9	3.8499356208807646e-6	1.1328943479751618e-8	1.0113406345329248e-9	3.959845886535032e-5
646.0	2.255991797972542e-8	1.7375255923081454e-9	3.849935453413657e-6	1.1334018781100276e-8	1.0116659434556876e-9	3.959845905425842e-5
647.0	2.2547032916984856e-8	1.7385589788913814e-9	3.849935829910512e-6	1.1335488245844737e-8	1.0119293450652938e-9	3.959845869021773e-5
648.0	2.2517383865542052e-8	1.739213574669292e-9	3.8499358105045795e-6	1.1338386253206698e-8	1.012139352055273e-9	3.959845882107423e-5
649.0	2.2570508102421404e-8	1.7400812949859817e-9	3.849935275390802e-6	1.1338253927258743e-8	1.012434558125372e-9	3.9598458720641905e-5
650.0	2.2595023145329495e-8	1.7392829091307797e-9	3.849935173328542e-6	1.1338777077371602e-8	1.012270753158799e-9	3.959845879201196e-5
651.0	2.2537228571092974e-8	1.7392976267429223e-9	3.84993549228831e-6	1.1335900268711178e-8	1.0122972221039839e-9	3.9598458911603694e-5
652.0	2.2546907166822782e-8	1.7376740580914918e-9	3.849935323653808e-6	1.1333947229687946e-8	1.0121336961092251e-9	3.9598458997731556e-5
653.0	2.254915091764276e-8	1.7353863034762627e-9	3.8499354231385505e-6	1.1331143945467862e-8	1.0120868374908235e-9	3.9598459297038644e-5
654.0	2.2572843584673157e-8	1.7379593471441174e-9	3.849935646440999e-6	1.1325886284655208e-8	1.0120923618706112e-9	3.959845922466174e-5
655.0	2.2580948230966518e-8	1.7386085243335468e-9	3.8499357202713235e-6	1.1326293168788254e-8	1.0121307308792329e-9	3.959845950142155e-5
656.0	2.255377292841888e-8	1.7381429933788918e-9	3.849935006797963e-6	1.1320861960376135e-8	1.0122292157367349e-9	3.9598459133082176e-5
657.0	2.2557926259092187e-8	1.7395329093203547e-9	3.849935287615734e-6	1.1325173810447172e-8	1.0123072830754218e-9	3.959845951012877e-5
658.0	2.2542791005721934e-8	1.7402791754078665e-9	3.849935168957022e-6	1.1325065012303426e-8	1.0123310955710677e-9	3.95984589965831e-5
659.0	2.2541770169347748e-8	1.7386491442327918e-9	3.84993527291049e-6	1.1330781137935948e-8	1.012105491070671e-9	3.9598459347861224e-5
660.0	2.25943341946082e-8	1.738406101558497e-9	3.849935313096926e-6	1.1334105291660143e-8	1.0120341875071367e-9	3.959845904127687e-5
661.0	2.2570138146368174e-8	1.7374159287270138e-9	3.849935914410362e-6	1.133862205862022e-8	1.0116186382973548e-9	3.959845931792866e-5
662.0	2.25500432962859e-8	1.7376712236026314e-9	3.849935360485677e-6	1.1340487122056108e-8	1.0115450644092182e-9	3.9598459506814885e-5
663.0	2.252350294029924e-8	1.7380024721208721e-9	3.84993501677855e-6	1.134273742008279e-8	1.011294665344076e-9	3.9598459569584315e-5
664.0	2.2555560759342044e-8	1.7409169096168825e-9	3.84993553724616e-6	1.1341244625598359e-8	1.0112458318532235e-9	3.959846000654763e-5
665.0	2.2609188785722603e-8	1.7424551976922314e-9	3.849935410544977e-6	1.1339555000533594e-8	1.0112408286859414e-9	3.959845983454124e-5
666.0	2.2565764693050205e-8	1.7413131911236827e-9	3.849935345106521e-6	1.133607320900539e-8	1.0110615147219307e-9	3.959846013344657e-5
667.0	2.2545262782822836e-8	1.7419473114652092e-9	3.8499356384663485e-6	1.1329525900990829e-8	1.0112521780033188e-9	3.9598459844905165e-5
668.0	2.2541933296764008e-8	1.741098728322315e-9	3.84993621577342e-6	1.1327879199154726e-8	1.011046130102877e-9	3.959845993504984e-5
669.0	2.2588696846169897e-8	1.7403828633944463e-9	3.84993514452511e-6	1.1321079479143374e-8	1.0114612270002244e-9	3.959845985152834e-5
670.0	2.2589523730217134e-8	1.7395307088736827e-9	3.849935558761674e-6	1.1323690339257843e-8	1.011455402605193e-9	3.959846006900926e-5
671.0	2.255923700839891e-8	1.740233077421866e-9	3.849935537611824e-6	1.1322767532891676e-8	1.0116578926127634e-9	3.959846000763476e-5
672.0	2.258352722474624e-8	1.7410305630897563e-9	3.849935306873505e-6	1.13272491832291e-8	1.011653393815418e-9	3.9598460171366543e-5
673.0	2.2555377543193243e-8	1.7408706356720311e-9	3.849934950568283e-6	1.1331299786343636e-8	1.011540831365759e-9	3.959845986245171e-5
674.0	2.2557863829231308e-8	1.7419536955389543e-9	3.849935440676086e-6	1.1335905513515376e-8	1.0116010702221717e-9	3.9598459833513046e-5
675.0	2.25655100548087e-8	1.7415931398362324e-9	3.849935743798171e-6	1.1339958360237163e-8	1.0115713463506943e-9	3.959845966613333e-5
676.0	2.2586832828804876e-8	1.740944747118432e-9	3.849935756634616e-6	1.1342476369933707e-8	1.0118989965982051e-9	3.9598459565646845e-5
677.0	2.2594701127797067e-8	1.7395409947882432e-9	3.849935496796607e-6	1.1343787299568649e-8	1.0121834911183018e-9	3.9598459843185024e-5
678.0	2.2540147407920618e-8	1.7415415762532916e-9	3.849934812624332e-6	1.1341738523200139e-8	1.012304589371097e-9	3.959845957357658e-5
679.0	2.254278893566017e-8	1.742137241547802e-9	3.849934660949954e-6	1.133985045101878e-8	1.012389606054913e-9	3.959845999102845e-5
680.0	2.2588012195122467e-8	1.7417149714623215e-9	3.849935095153766e-6	1.1332450879164199e-8	1.012323002299948e-9	3.959845955144947e-5
681.0	2.2593542368251753e-8	1.7434796974627595e-9	3.849935128306233e-6	1.1330238104807423e-8	1.0121337439359098e-9	3.959845991340397e-5
682.0	2.2584175568442397e-8	1.7422142582178372e-9	3.849935800151702e-6	1.1321685420014625e-8	1.0124183658238561e-9	3.9598459605431576e-5
683.0	2.2534381048484173e-8	1.7421886037583163e-9	3.849935802860883e-6	1.1322961812609815e-8	1.0122469807030238e-9	3.959845974961221e-5
684.0	2.2586359138632043e-8	1.7420322940617814e-9	3.849935220566364e-6	1.1319373360577222e-8	1.0124619255567834e-9	3.9598459699396966e-5
685.0	2.2587553559216568e-8	1.7421117278524552e-9	3.849934643178615e-6	1.1322582621134419e-8	1.0119623166680638e-9	3.95984595424206e-5
686.0	2.2570314451777384e-8	1.7418669120894659e-9	3.849935176886926e-6	1.1325602350944458e-8	1.0120167773375948e-9	3.959845984421611e-5
687.0	2.256176057733642e-8	1.7426954279400886e-9	3.849935675410841e-6	1.1330198049023466e-8	1.0115607644888267e-9	3.959845942962083e-5
688.0	2.2573073137446018e-8	1.7422882245610961e-9	3.849935389855634e-6	1.1336095275226358e-8	1.011456814185701e-9	3.959845991889299e-5
689.0	2.2593025502684336e-8	1.743131839001729e-9	3.849935060444546e-6	1.1340132157890434e-8	1.0118181041882917e-9	3.959845925460187e-5
690.0	2.2558688050888664e-8	1.7420268266650435e-9	3.849935314704136e-6	1.1343949153043403e-8	1.0114083741749961e-9	3.959845967585296e-5
691.0	2.2555962366908555e-8	1.7417173361084434e-9	3.8499352188360756e-6	1.134336597308929e-8	1.0120152055089825e-9	3.959845886774737e-5
692.0	2.2559646248653183e-8	1.7414723482962682e-9	3.8499349562530896e-6	1.1343584290170084e-8	1.0113792214301458e-9	3.959845905209667e-5
693.0	2.259228320199241e-8	1.7427034615676019e-9	3.849935647885939e-6	1.1337651733743856e-8	1.011852644883602e-9	3.959845856984506e-5
694.0	2.259163490225877e-8	1.7444782175827422e-9	3.849935691447053e-6	1.1337179884133574e-8	1.0113105183161152e-9	3.959845852138425e-5
695.0	2.256639097018387e-8	1.7433937877764267e-9	3.849934877781886e-6	1.1329459742601244e-8	1.0115352645502533e-9	3.9598458617383656e-5
696.0	2.256460688255655e-8	1.745538877210438e-9	3.849935372562493e-6	1.1330136710211545e-8	1.0115593644663148e-9	3.959845821882115e-5
697.0	2.2549446068305345e-8	1.744935866398833e-9	3.849935624142529e-6	1.1324063427057263e-8	1.0114074574980634e-9	3.959845874392101e-5
698.0	2.259971317785932e-8	1.7439965120412346e-9	3.849935179570678e-6	1.1326598766412367e-8	1.012208507382812e-9	3.9598458286030594e-5
699.0	2.2581037593074335e-8	1.7434870779735047e-9	3.849935207655626e-6	1.1325231381172228e-8	1.0115669367038307e-9	3.959845897102583e-5
700.0	2.259751317905385e-8	1.744379899798746e-9	3.849935241312989e-6	1.1328661936603629e-8	1.0125395171798826e-9	3.959845856671948e-5
701.0	2.2546880139262975e-8	1.743921481816465e-9	3.849935033134748e-6	1.133138344692165e-8	1.0120092496377183e-9	3.959845925435733e-5
702.0	2.2563266183657754e-8	1.74417550665137e-9	3.8499355426389e-6	1.1334383452579614e-8	1.012731882124417e-9	3.959845880314681e-5
703.0	2.258669461527189e-8	1.7452151078396777e-9	3.849935917917582e-6	1.1337188732816511e-8	1.0124932445311416e-9	3.959845943153089e-5
704.0	2.2571581029294834e-8	1.746307689690558e-9	3.849935640312557e-6	1.13372294515064e-8	1.0125242519255214e-9	3.9598459042209344e-5
705.0	2.2611709262523427e-8	1.7455317771853374e-9	3.8499352427656635e-6	1.1338067172213751e-8	1.012992855557945e-9	3.9598459521190335e-5
706.0	2.2549897991054383e-8	1.74524998810722e-9	3.849934731199389e-6	1.1335502009845185e-8	1.0124864485030796e-9	3.9598459474831164e-5
707.0	2.257302185590825e-8	1.745983600677666e-9	3.849934232896492e-6	1.1335131739255362e-8	1.0131184840074286e-9	3.959845972769718e-5
708.0	2.254910874480543e-8	1.7443028410282077e-9	3.849935565862637e-6	1.1331209814297557e-8	1.0123820255766197e-9	3.959845992560732e-5
709.0	2.2597859111010626e-8	1.7460238284796547e-9	3.84993559439334e-6	1.1331331851863421e-8	1.0126980065862563e-9	3.959845973348348e-5
710.0	2.2626972342842027e-8	1.7452338429354036e-9	3.849936130764599e-6	1.1326636721896676e-8	1.0119750367136216e-9	3.959845995495645e-5
711.0	2.258637282415515e-8	1.7463736657981943e-9	3.8499353018917286e-6	1.1328734201114457e-8	1.0119909405139767e-9	3.959845951160336e-5
712.0	2.255478259152043e-8	1.746207337092818e-9	3.849935314972216e-6	1.1325894906434729e-8	1.0119500451715867e-9	3.959845973233616e-5
713.0	2.25462990299895e-8	1.74875112819348e-9	3.849934038124807e-6	1.132885478854593e-8	1.011514190097841e-9	3.959845940585022e-5
714.0	2.2603133987166402e-8	1.7472064041690326e-9	3.849934852451624e-6	1.1329272298862207e-8	1.0120580917395043e-9	3.959845961709276e-5
715.0	2.2638429008853233e-8	1.7483320470259738e-9	3.849935703172205e-6	1.1332422205231018e-8	1.0112000459235663e-9	3.9598459540532454e-5
716.0	2.2601083791558948e-8	1.7493843429190345e-9	3.8499363088517985e-6	1.1334115933719809e-8	1.0117233639835171e-9	3.959845985770639e-5
717.0	2.2549229462039968e-8	1.747476230734253e-9	3.8499357241446535e-6	1.1335813692931115e-8	1.0109310658548573e-9	3.959845986948711e-5
718.0	2.2568056041188547e-8	1.7464259483043934e-9	3.84993492915111e-6	1.1336778648611265e-8	1.011175774768261e-9	3.9598460051117985e-5
719.0	2.2583571356867787e-8	1.7468278908753481e-9	3.8499350374365906e-6	1.1338174361523664e-8	1.010983585429159e-9	3.9598460188456944e-5
720.0	2.2621071396943218e-8	1.7460887776545687e-9	3.84993466130402e-6	1.1337554475034477e-8	1.0110389962080316e-9	3.959846011908015e-5
721.0	2.2600377719339463e-8	1.7468086641740271e-9	3.849935115524337e-6	1.1337994215299048e-8	1.0115221702076842e-9	3.959846037864921e-5
722.0	2.2588998624570475e-8	1.7474354481720679e-9	3.84993591739287e-6	1.1336657475646732e-8	1.0111488441698418e-9	3.959846005991272e-5
723.0	2.256522364414578e-8	1.7481239767739035e-9	3.8499356983771845e-6	1.1334915557634137e-8	1.011940110373229e-9	3.959846042899851e-5
724.0	2.257972425939304e-8	1.7497511613456304e-9	3.849935200814548e-6	1.1333112866287008e-8	1.0114463657781469e-9	3.9598460022660125e-5
725.0	2.260682657892549e-8	1.7488172690499177e-9	3.84993465933381e-6	1.1330750482353318e-8	1.0120883828770624e-9	3.959846044220209e-5
726.0	2.2631396021863393e-8	1.7493824247980357e-9	3.849935280376522e-6	1.1329597675606252e-8	1.0120628605945613e-9	3.9598460202104454e-5
727.0	2.261286682533898e-8	1.747839611157504e-9	3.849935435491255e-6	1.1327824506437903e-8	1.0124917925069702e-9	3.9598460491325074e-5
728.0	2.256517447861682e-8	1.7475354368598163e-9	3.8499352189581915e-6	1.132637080833883e-8	1.012878764539389e-9	3.959846038883925e-5
729.0	2.2581342567359862e-8	1.7473472439811974e-9	3.849935247406545e-6	1.1325654099561891e-8	1.0126303801228718e-9	3.959846043843853e-5
730.0	2.2630883771242314e-8	1.7484353683781059e-9	3.849935028651259e-6	1.132502352115286e-8	1.0130217418572272e-9	3.959846039807922e-5
731.0	2.2621877496764577e-8	1.7489896040176483e-9	3.849935089639963e-6	1.132542239921096e-8	1.0124425726888287e-9	3.959846041015807e-5
732.0	2.2610753698362956e-8	1.750105137591836e-9	3.849935764096307e-6	1.132877710332657e-8	1.0126315151820485e-9	3.9598460324768256e-5
733.0	2.2565307489160696e-8	1.7492481575079064e-9	3.849935958575692e-6	1.1330102686143814e-8	1.0123171477844546e-9	3.959846033122612e-5
734.0	2.2618797098061104e-8	1.7492337183724018e-9	3.849935200476482e-6	1.1335505646796895e-8	1.0123748019827842e-9	3.959846008817712e-5
735.0	2.2605655074994663e-8	1.7497349750233437e-9	3.849935029840102e-6	1.133666436432915e-8	1.0121881473930479e-9	3.959846000064396e-5
736.0	2.2595015038957943e-8	1.7485067557485068e-9	3.8499347633987545e-6	1.1340806342858337e-8	1.0119000027464431e-9	3.959845972934314e-5
737.0	2.260822220811894e-8	1.749031777811283e-9	3.84993461080659e-6	1.1340352824393926e-8	1.0119034234903142e-9	3.959845962121036e-5
738.0	2.260455056313896e-8	1.7481792253208168e-9	3.849935554355912e-6	1.134216408222334e-8	1.0115695918114078e-9	3.9598459621591555e-5
739.0	2.2610817563647637e-8	1.7506587098798233e-9	3.849936485275848e-6	1.133949405647953e-8	1.0115433288942162e-9	3.959845934820431e-5
740.0	2.258277053647451e-8	1.7503845035675401e-9	3.8499357346715095e-6	1.133891647782308e-8	1.0113443883906097e-9	3.959845954524157e-5
741.0	2.260775077866925e-8	1.749458959064641e-9	3.849935227481152e-6	1.1332885890493792e-8	1.0112365461637144e-9	3.95984591191694e-5
742.0	2.2614867410974505e-8	1.7512000883451209e-9	3.849934813561817e-6	1.1330914073332309e-8	1.0112116990808623e-9	3.959845944035292e-5
743.0	2.26216645766374e-8	1.7501807115863698e-9	3.849935209749833e-6	1.1325098207823432e-8	1.0111323130764379e-9	3.959845897117191e-5
744.0	2.2594458720974203e-8	1.7517697936323502e-9	3.849934909416235e-6	1.1324166303611748e-8	1.0113935502138372e-9	3.95984594279829e-5
745.0	2.2616498710677648e-8	1.7523289094980422e-9	3.8499355310545654e-6	1.1322790408542495e-8	1.011702168238632e-9	3.9598459004927745e-5
746.0	2.259712357341419e-8	1.7512917063635025e-9	3.84993639149573e-6	1.1324857685161842e-8	1.0119104680530208e-9	3.959845946334206e-5
747.0	2.2622169706052244e-8	1.7521145586681388e-9	3.8499355038695555e-6	1.1327164087412548e-8	1.0123304572382534e-9	3.959845918255382e-5
748.0	2.2598661077290986e-8	1.7516127127713013e-9	3.849934626357262e-6	1.1330855365647794e-8	1.0123573787171158e-9	3.959845951018465e-5
749.0	2.2612891446225702e-8	1.7501700979986675e-9	3.849935224238499e-6	1.1335296593476153e-8	1.0126063061729389e-9	3.9598459485327366e-5
750.0	2.262373553903893e-8	1.7521738947600827e-9	3.849935265449949e-6	1.1338169565835996e-8	1.0125998902840767e-9	3.9598459536328494e-5
751.0	2.2585910098211474e-8	1.7510207932745188e-9	3.849935086500492e-6	1.1342070882677158e-8	1.0126056532797256e-9	3.959845963121904e-5
752.0	2.2633771042267185e-8	1.7519470577181012e-9	3.849935321617634e-6	1.1341458780044138e-8	1.0127264271401123e-9	3.959845951120145e-5
753.0	2.2583123335218312e-8	1.75071877397606e-9	3.849935869803719e-6	1.1343747108407028e-8	1.0124747310548624e-9	3.959845955129582e-5
754.0	2.261965085045589e-8	1.7526501889502863e-9	3.849934617994408e-6	1.133791271599242e-8	1.0128254036806236e-9	3.9598459607244755e-5
755.0	2.261386319748439e-8	1.7514456909219964e-9	3.849935069351863e-6	1.1338000303559192e-8	1.0125291103595407e-9	3.9598459419931354e-5
756.0	2.2623313138897347e-8	1.7518868517531904e-9	3.849935486918701e-6	1.1330306064648932e-8	1.0127516736416654e-9	3.9598459634428374e-5
757.0	2.2634710581996266e-8	1.7519541061361143e-9	3.849935239919119e-6	1.133043996397202e-8	1.0125276480342004e-9	3.959845927357105e-5
758.0	2.2584602388744334e-8	1.7523080539086655e-9	3.849935573312783e-6	1.1324915261909782e-8	1.0122525019659317e-9	3.959845940682724e-5
759.0	2.262125927897916e-8	1.7528221014133816e-9	3.849935171628434e-6	1.132749769933176e-8	1.0120462293397647e-9	3.959845907446846e-5
760.0	2.265219488178316e-8	1.7542647034889675e-9	3.849935359844312e-6	1.1325248534355228e-8	1.0114565674061487e-9	3.959845914460267e-5
761.0	2.2628319627833862e-8	1.7544726359273918e-9	3.849934814293353e-6	1.1330497356769592e-8	1.0116445212695923e-9	3.959845918648085e-5
762.0	2.261494343584249e-8	1.7525100124657e-9	3.849935826385081e-6	1.133093132199891e-8	1.011196243204571e-9	3.9598459337340146e-5
763.0	2.259288000968483e-8	1.7556454567194334e-9	3.849935324464565e-6	1.1336612988872015e-8	1.0115968110217444e-9	3.959845966407355e-5
764.0	2.265738700078635e-8	1.75314181328143e-9	3.849935878651896e-6	1.1337744512367229e-8	1.0116076608355567e-9	3.959845965817827e-5
765.0	2.2645839172521703e-8	1.7537225783508843e-9	3.8499353758010106e-6	1.1340986415132451e-8	1.011766280703604e-9	3.95984599534712e-5
766.0	2.2599647848925067e-8	1.7544755521343807e-9	3.849935358499754e-6	1.1341576508052266e-8	1.012212312914362e-9	3.959845983550089e-5
767.0	2.262162542778949e-8	1.7549223184575344e-9	3.849934791020809e-6	1.133872007951445e-8	1.0119042276086635e-9	3.9598460034691035e-5
768.0	2.2637451055550824e-8	1.7534205613786015e-9	3.84993539018945e-6	1.1338525597372106e-8	1.0125936567285256e-9	3.959845997493387e-5
769.0	2.264264920469161e-8	1.754414812497332e-9	3.849935831706965e-6	1.1332408268608229e-8	1.0121656558556842e-9	3.959846000990787e-5
770.0	2.2611539096109652e-8	1.7560859777225155e-9	3.8499355858806246e-6	1.1332274443722977e-8	1.0124561530068487e-9	3.9598459946142285e-5
771.0	2.2603893948757118e-8	1.7539303154930871e-9	3.849935684437667e-6	1.1327757723611648e-8	1.0123267091002638e-9	3.959845986686698e-5
772.0	2.2652468761075773e-8	1.7550773991954057e-9	3.849934815678311e-6	1.1329376048533477e-8	1.0121822886587088e-9	3.959845982954326e-5
773.0	2.263324351949923e-8	1.7546482643988024e-9	3.849935011412995e-6	1.1327209583951e-8	1.0125508050737328e-9	3.959845973244785e-5
774.0	2.2609341008253446e-8	1.7538481590824091e-9	3.849935273419968e-6	1.133133098008303e-8	1.0122230781187302e-9	3.959845977423575e-5
775.0	2.2629901126710977e-8	1.754094790126591e-9	3.8499355746342674e-6	1.1330725977263215e-8	1.0128533749428318e-9	3.959845969881892e-5
776.0	2.2633188374206333e-8	1.754979016318873e-9	3.849935723206389e-6	1.133678634399485e-8	1.012537722663672e-9	3.95984597483341e-5
777.0	2.2649290981554934e-8	1.7545904488069497e-9	3.849935971708032e-6	1.1335379591488067e-8	1.012840915257096e-9	3.959845973286165e-5
778.0	2.260376667568697e-8	1.7554275536718473e-9	3.8499350738264075e-6	1.1339676055416244e-8	1.0125901235504906e-9	3.959845982932905e-5
779.0	2.263121310027504e-8	1.7558391830811017e-9	3.84993530700826e-6	1.1337215299263837e-8	1.012307300295226e-9	3.959845976215189e-5
780.0	2.2655512502543186e-8	1.7550380132668805e-9	3.849935842891936e-6	1.1336995818630041e-8	1.0122296458612095e-9	3.95984598209785e-5
781.0	2.2623733311251927e-8	1.7546413552660111e-9	3.849935851261199e-6	1.133475411390676e-8	1.0116604963406815e-9	3.959845977286858e-5
782.0	2.263753229130103e-8	1.7554520255710435e-9	3.849935176927128e-6	1.1332319162623792e-8	1.0120116761181402e-9	3.9598459741635945e-5
783.0	2.2620631484349175e-8	1.7543676588579973e-9	3.849935441541158e-6	1.1331702280127445e-8	1.0117030256382667e-9	3.95984596964761e-5
784.0	2.264408719467737e-8	1.7539623895647718e-9	3.84993503721371e-6	1.132959747797345e-8	1.0121610237258127e-9	3.959845958425843e-5
785.0	2.265836206280656e-8	1.7542122587435894e-9	3.849935360417393e-6	1.13305799692679e-8	1.0122475459814823e-9	3.9598459535185365e-5
786.0	2.261519739128458e-8	1.7550100612214767e-9	3.849935858778453e-6	1.13300170757452e-8	1.0120790801325188e-9	3.959845943411735e-5
787.0	2.263466483744998e-8	1.7555684785287059e-9	3.849935990385963e-6	1.1332662895829785e-8	1.0123277057156516e-9	3.9598459450028244e-5
788.0	2.261766972708018e-8	1.7556853397381716e-9	3.849935162663474e-6	1.1333041652113639e-8	1.011814450142291e-9	3.959845930785139e-5
789.0	2.2641734810448942e-8	1.754961086644875e-9	3.8499348057246165e-6	1.133713271748054e-8	1.012016606753862e-9	3.959845944945111e-5
790.0	2.2646045900046355e-8	1.7548184329978152e-9	3.849934868304396e-6	1.1336366117979352e-8	1.0118890793559158e-9	3.959845935873525e-5
791.0	2.2623120807701117e-8	1.7540619050899244e-9	3.849935149429086e-6	1.1339000657031494e-8	1.0122688196134953e-9	3.959845942275781e-5
792.0	2.2628043976779945e-8	1.7539772836196444e-9	3.849935405208428e-6	1.1336186254533896e-8	1.0125041061919668e-9	3.959845942204267e-5
793.0	2.2624064543452334e-8	1.7552070806531373e-9	3.8499361987209e-6	1.1336580382702943e-8	1.0124606609986813e-9	3.9598459302303706e-5
794.0	2.2646690756201787e-8	1.757087533587002e-9	3.849935904504784e-6	1.13335414047704e-8	1.012788536536842e-9	3.9598459325773715e-5
795.0	2.264845389016761e-8	1.7560391815363407e-9	3.849935204676965e-6	1.1332673275893382e-8	1.0122511828513368e-9	3.959845909891766e-5
796.0	2.262610877304067e-8	1.7571035613439886e-9	3.849935110941512e-6	1.1330536276293765e-8	1.0124465215397652e-9	3.959845907300151e-5
797.0	2.262678818339102e-8	1.7573929791232544e-9	3.84993525880409e-6	1.1329974649563099e-8	1.0121233562875029e-9	3.959845888435115e-5
798.0	2.2645324098731116e-8	1.7548320346944057e-9	3.849935517662546e-6	1.1329293798565956e-8	1.0123272167202969e-9	3.959845874815684e-5
799.0	2.2644905048293128e-8	1.7570429240914553e-9	3.849935583179684e-6	1.1330183962020242e-8	1.0125566542070797e-9	3.959845868493813e-5
800.0	2.264445533056291e-8	1.7566075089223192e-9	3.849936190420636e-6	1.1332271551842642e-8	1.0125981869719641e-9	3.959845869349979e-5
