turn	ele_ex	ele_ey	ele_ez	pro_ex	pro_ey	pro_ez
0.0	2.042863688674095e-8	1.6115897272034455e-9	3.849993070495706e-6	1.1281234336020398e-8	1.0034661128962659e-9	3.9598392805126434e-5
1.0	2.0922783735487382e-8	1.6250758968827532e-9	3.849994126785717e-6	1.1283990647264145e-8	1.005196895592349e-9	3.959839279138337e-5
2.0	2.104205140293125e-8	1.6227766834098467e-9	3.849995246838266e-6	1.1304901317496201e-8	1.0058768606332997e-9	3.9598393495746284e-5
3.0	2.085379179646499e-8	1.629798006502187e-9	3.849993514000807e-6	1.132280609002525e-8	1.0072257129595112e-9	3.959839300106986e-5
4.0	2.075809758472919e-8	1.6405744863740594e-9	3.849993628854481e-6	1.1339271381004977e-8	1.0081802473644293e-9	3.9598393271014166e-5
5.0	2.1396532232567195e-8	1.6329987220705651e-9	3.849993565226769e-6	1.1347108436096513e-8	1.0079250476418749e-9	3.959839285705868e-5
6.0	2.195316474673366e-8	1.6391201400930676e-9	3.849992499567847e-6	1.1360908375870073e-8	1.009468093363158e-9	3.959839298519392e-5
7.0	2.1561670763629794e-8	1.6340182949027774e-9	3.8499940108212786e-6	1.1359707312395051e-8	1.0092919483520858e-9	3.959839284007035e-5
8.0	2.134421152816777e-8	1.6359463108644859e-9	3.849994464467594e-6	1.135389155533569e-8	1.0105613748803828e-9	3.959839259494667e-5
9.0	2.1770503019926136e-8	1.6448831332049776e-9	3.849993548718006e-6	1.1345351402934039e-8	1.0110687487821578e-9	3.95983929729229e-5
10.0	2.248871434276407e-8	1.6403226503403478e-9	3.8499931932547856e-6	1.1325125741369552e-8	1.0122548695293252e-9	3.959839270069915e-5
11.0	2.232987654859833e-8	1.6448708305903786e-9	3.849993568688947e-6	1.1305863785020623e-8	1.0131467292214943e-9	3.959839331231746e-5
12.0	2.1838872720531244e-8	1.6456234881473067e-9	3.849993319948852e-6	1.1292477379465024e-8	1.0134105352653845e-9	3.9598392699496716e-5
13.0	2.1938096477620612e-8	1.6442720437786042e-9	3.849993552951442e-6	1.1287623148624837e-8	1.0137533545425727e-9	3.959839300760029e-5
14.0	2.2344463486317214e-8	1.648677303309585e-9	3.849993935986731e-6	1.128211631629114e-8	1.0134990153304253e-9	3.959839267850168e-5
15.0	2.241564033512291e-8	1.6473010851947515e-9	3.8499932222265125e-6	1.12912937268805e-8	1.0134806599946758e-9	3.959839256176748e-5
16.0	2.2163623405965767e-8	1.6452674735552377e-9	3.849993182356221e-6	1.1300482260443171e-8	1.0130428224260444e-9	3.959839254186009e-5
17.0	2.2081112767728896e-8	1.645738767988903e-9	3.849993529126476e-6	1.1317101384343136e-8	1.0126907741650962e-9	3.959839228126569e-5
18.0	2.2156221357875385e-8	1.6456922884433478e-9	3.849993783746485e-6	1.1329522753036966e-8	1.011953375617458e-9	3.959839257869631e-5
19.0	2.2175107507598542e-8	1.6469032664110243e-9	3.849994199611669e-6	1.1344376256385747e-8	1.0110588385374765e-9	3.959839217218575e-5
20.0	2.219033120989963e-8	1.6484733763601064e-9	3.849993783718396e-6	1.1350151501791247e-8	1.0100177735400015e-9	3.9598392250910216e-5
21.0	2.222432410178351e-8	1.6476050411341876e-9	3.849993100528019e-6	1.134995244752959e-8	1.0094760944917982e-9	3.959839208457228e-5
22.0	2.2215821468426704e-8	1.649348075033982e-9	3.8499932509411335e-6	1.1347315022921588e-8	1.0084522566742344e-9	3.959839174343259e-5
23.0	2.2120393145735088e-8	1.6489480676712379e-9	3.8499938205468136e-6	1.1335583149330057e-8	1.0081847600126425e-9	3.959839189895139e-5
24.0	2.2123707233931262e-8	1.6483155357619372e-9	3.849993548493492e-6	1.1326428424037413e-8	1.007569528049184e-9	3.959839131770285e-5
25.0	2.2223051955250594e-8	1.6485339472047943e-9	3.849993998575972e-6	1.1313511186717254e-8	1.007393827537812e-9	3.959839168608959e-5
26.0	2.2276268989307096e-8	1.6483789937122727e-9	3.849993823763253e-6	1.130894272414109e-8	1.0075786664231765e-9	3.959839127927779e-5
27.0	2.221660675343801e-8	1.648751516819494e-9	3.849992942870942e-6	1.1302373783716926e-8	1.0074117036432255e-9	3.9598391762951726e-5
28.0	2.2170082542626755e-8	1.6486181926748635e-9	3.849992689100885e-6	1.1307006304212815e-8	1.0082882694460433e-9	3.959839162449923e-5
29.0	2.2166592154834034e-8	1.650148742039099e-9	3.84999378494289e-6	1.1309634601164615e-8	1.0081052920807098e-9	3.9598391816562786e-5
30.0	2.2251772421536236e-8	1.6498949447297138e-9	3.849993484464382e-6	1.1320506025786375e-8	1.0091645334431486e-9	3.9598391866072377e-5
31.0	2.2203798923188674e-8	1.6492666717547126e-9	3.849993161921304e-6	1.1327888894530018e-8	1.0090437300088994e-9	3.959839193114424e-5
32.0	2.224494801866481e-8	1.648944525817558e-9	3.8499934178506e-6	1.1336141612789346e-8	1.0096567504895952e-9	3.95983920475064e-5
33.0	2.220559697565955e-8	1.6484205568095365e-9	3.849993062188755e-6	1.1340705996705784e-8	1.0099378394334012e-9	3.959839212785301e-5
34.0	2.2203421911920206e-8	1.6489757142086122e-9	3.849992507423693e-6	1.1340220253908307e-8	1.009867286195642e-9	3.959839228030848e-5
35.0	2.2211907211321053e-8	1.648891563732536e-9	3.849993524311144e-6	1.1339786536647783e-8	1.01075594665669e-9	3.959839219929455e-5
36.0	2.2207144976005834e-8	1.65191981460304e-9	3.849993789304004e-6	1.1330743300861083e-8	1.0103017050417401e-9	3.959839223057536e-5
37.0	2.2245391756185322e-8	1.6506810417363646e-9	3.849993123577821e-6	1.132619630869721e-8	1.0114038570913332e-9	3.959839204069716e-5
38.0	2.2204881006355812e-8	1.6505717589347074e-9	3.849993160292837e-6	1.1314826311918913e-8	1.011024193807319e-9	3.959839210638315e-5
39.0	2.2227064089174697e-8	1.6506501539078336e-9	3.849993248056992e-6	1.1312231247668053e-8	1.0115897211816856e-9	3.959839180723145e-5
40.0	2.220965974664841e-8	1.6493350734466308e-9	3.849992990558936e-6	1.1306153905208553e-8	1.0114303829464907e-9	3.9598391907814106e-5
41.0	2.221804939356627e-8	1.649993658361842e-9	3.849993446908056e-6	1.1310397199401835e-8	1.0109842293873125e-9	3.9598391629142984e-5
42.0	2.2206811325620172e-8	1.649940377213915e-9	3.849993507772546e-6	1.131131379513164e-8	1.010873374467234e-9	3.959839174808814e-5
43.0	2.223763565809518e-8	1.6514919742715236e-9	3.849993070201535e-6	1.1319581660507817e-8	1.0098695211332563e-9	3.959839161986604e-5
44.0	2.22332722854249e-8	1.6535999247279315e-9	3.849993160158828e-6	1.1324458666890531e-8	1.0100466586130254e-9	3.959839174904321e-5
45.0	2.222513248694599e-8	1.6525088670234314e-9	3.849993258025503e-6	1.1330371054666511e-8	1.0091891094822892e-9	3.959839175596254e-5
46.0	2.2204690007875163e-8	1.6527308464227468e-9	3.849993440538245e-6	1.1335551654091273e-8	1.0093640575801656e-9	3.959839169018847e-5
47.0	2.2209338969337963e-8	1.6519232426333059e-9	3.849993322025668e-6	1.1335559123589932e-8	1.0090320249990934e-9	3.959839182650139e-5
48.0	2.2237708915599066e-8	1.6503786523067503e-9	3.849992904734625e-6	1.1338215501000915e-8	1.0090715339967201e-9	3.959839155489911e-5
49.0	2.223701159990165e-8	1.6509667673914092e-9	3.849992913393067e-6	1.1331294951710707e-8	1.0092125999589107e-9	3.9598391792386887e-5
50.0	2.223637504829904e-8	1.6514994848803864e-9	3.849993100501421e-6	1.1331186825104699e-8	1.0090957895529658e-9	3.9598391574615976e-5
51.0	2.2218866044910106e-8	1.6523385792947487e-9	3.849992993343044e-6	1.1321365987111932e-8	1.0095286568075667e-9	3.959839196238244e-5
52.0	2.22151978641075e-8	1.653523131545734e-9	3.849993369477274e-6	1.13216760227115e-8	1.0096544070054448e-9	3.95983921611249e-5
53.0	2.2226726488484714e-8	1.6528003363991012e-9	3.8499937161819165e-6	1.1314905379925432e-8	1.0096393510121387e-9	3.959839229943185e-5
54.0	2.224455303808056e-8	1.654410591993192e-9	3.849992193925609e-6	1.1318936474485116e-8	1.0099902077848133e-9	3.95983926018553e-5
55.0	2.2248887799129465e-8	1.6522398774617092e-9	3.8499924262932e-6	1.1317003568287881e-8	1.0099604080562935e-9	3.959839244659236e-5
56.0	2.2228104955008958e-8	1.6536054756445714e-9	3.8499933640982665e-6	1.1322828691265027e-8	1.0105167760009185e-9	3.959839294096144e-5
57.0	2.2220188937727005e-8	1.6530203440532607e-9	3.8499936658290765e-6	1.1323254030030559e-8	1.0108058405115866e-9	3.959839264813241e-5
58.0	2.2231272007362026e-8	1.6534309303766901e-9	3.849992959610955e-6	1.1326720365580459e-8	1.0112382525698694e-9	3.9598393039566445e-5
59.0	2.225602305353451e-8	1.6549362792474e-9	3.849993291216759e-6	1.1328409170369856e-8	1.0117359954213252e-9	3.959839281767677e-5
60.0	2.2232447939401824e-8	1.6550951582490002e-9	3.849992908815771e-6	1.1327865222369813e-8	1.0116334679144685e-9	3.959839294588553e-5
61.0	2.222720900559596e-8	1.6539657450817964e-9	3.8499924356531464e-6	1.1330745796633705e-8	1.0120163502494149e-9	3.959839290589988e-5
62.0	2.2233193617060074e-8	1.6549368169473267e-9	3.8499930801064355e-6	1.132464569063143e-8	1.0113917059070486e-9	3.9598392797254124e-5
63.0	2.2248864060062407e-8	1.6545294968692752e-9	3.849993750212848e-6	1.1328412510675363e-8	1.0115910715393652e-9	3.959839300911609e-5
64.0	2.222788912459762e-8	1.6525207143264067e-9	3.8499933775342995e-6	1.1320903921675368e-8	1.0112543797836671e-9	3.959839285294102e-5
65.0	2.2246365228747243e-8	1.6543624291174373e-9	3.84999304319168e-6	1.1325397010688543e-8	1.0108783988518721e-9	3.959839308803705e-5
66.0	2.2234895110812546e-8	1.6561004982291641e-9	3.849992734410408e-6	1.1321280224292403e-8	1.01116688861824e-9	3.959839300095101e-5
67.0	2.2257321964441533e-8	1.6549553821398643e-9	3.849993154664242e-6	1.1326833557238699e-8	1.0102538013923802e-9	3.9598393118431995e-5
68.0	2.223231185014939e-8	1.6560559755262363e-9	3.84999295550449e-6	1.1325005039808886e-8	1.0109638517655502e-9	3.95983931433592e-5
69.0	2.2220562080755738e-8	1.655415974124853e-9	3.849992975000228e-6	1.133071925434496e-8	1.0099184929211135e-9	3.9598393004122026e-5
70.0	2.2261227375704524e-8	1.655978689766644e-9	3.8499927132340595e-6	1.1328155889753433e-8	1.0104025528420225e-9	3.959839302758238e-5
71.0	2.225963848421696e-8	1.6548825504240826e-9	3.84999286610376e-6	1.133188465877807e-8	1.009724946446823e-9	3.9598392632727853e-5
72.0	2.2230365265441572e-8	1.6556709640040756e-9	3.849993163177702e-6	1.1328547031182437e-8	1.009464493438756e-9	3.9598392540933294e-5
73.0	2.2235417438672035e-8	1.6554256618975958e-9	3.8499928278066506e-6	1.1328620721079326e-8	1.0096347640003332e-9	3.9598392272266566e-5
74.0	2.223726648980368e-8	1.6561579860301482e-9	3.849992825591028e-6	1.1327883322164271e-8	1.008832710826092e-9	3.959839206543237e-5
75.0	2.2281495324439885e-8	1.65762386567382e-9	3.849992681683726e-6	1.1323596153297263e-8	1.0098166525349207e-9	3.9598392218339705e-5
76.0	2.223280046628028e-8	1.655838338184775e-9	3.849992304279458e-6	1.132653047413362e-8	1.0088226509230488e-9	3.959839186287846e-5
77.0	2.221910465158326e-8	1.656061893513032e-9	3.849992832787697e-6	1.132133272032426e-8	1.0099049971100974e-9	3.9598392240526005e-5
78.0	2.2248969791725666e-8	1.6582759922250272e-9	3.849992911217793e-6	1.132673324030577e-8	1.0094397183036399e-9	3.959839182564775e-5
79.0	2.2264304975453592e-8	1.655800846713986e-9	3.8499932541195924e-6	1.1324030705137433e-8	1.009902214504887e-9	3.9598391949447076e-5
80.0	2.225184124711867e-8	1.6571090059856e-9	3.849992888164514e-6	1.1329800564693306e-8	1.0105721263910531e-9	3.959839161793194e-5
81.0	2.2220648209070043e-8	1.6586227265298088e-9	3.849992523417011e-6	1.1328439192578104e-8	1.0101442961362184e-9	3.959839153010193e-5
82.0	2.2212814143141834e-8	1.6571826989661887e-9	3.849992483682602e-6	1.1332409310781917e-8	1.0114099790821515e-9	3.9598391305291246e-5
83.0	2.2257176264474684e-8	1.6571504143058655e-9	3.8499930855010325e-6	1.1329151905155683e-8	1.010628210476307e-9	3.959839112589478e-5
84.0	2.225935612267295e-8	1.6580813677089742e-9	3.849992647575517e-6	1.1332179123504707e-8	1.0116965864817726e-9	3.9598390990182596e-5
85.0	2.22317500689688e-8	1.6569847803863837e-9	3.849992898662979e-6	1.1327284895305903e-8	1.0111817841814523e-9	3.95983910076932e-5
86.0	2.2228856528641267e-8	1.6562336994245918e-9	3.849993524172806e-6	1.1328655218318567e-8	1.0115921310030996e-9	3.95983908884485e-5
87.0	2.2223444453670965e-8	1.6576435543346915e-9	3.849992974970867e-6	1.13249521605877e-8	1.0119047379450129e-9	3.959839110284243e-5
88.0	2.2262121315233138e-8	1.657727603097157e-9	3.849992524891466e-6	1.1322622395194127e-8	1.0114963615871718e-9	3.959839114776348e-5
89.0	2.225247068723936e-8	1.6564035255216861e-9	3.849992991596301e-6	1.1322694500628833e-8	1.012476755122577e-9	3.959839124654923e-5
90.0	2.223379890220309e-8	1.6598217842552404e-9	3.849992960089746e-6	1.1319082558796655e-8	1.0115163688167614e-9	3.959839133546938e-5
91.0	2.2224851075690025e-8	1.659478964835179e-9	3.849992582770072e-6	1.1322885542780082e-8	1.012294079173531e-9	3.959839111938521e-5
92.0	2.2240557003606357e-8	1.6582009608190747e-9	3.849993173218137e-6	1.132079964540314e-8	1.011406093179692e-9	3.959839131263325e-5
93.0	2.224006407058047e-8	1.6596726837542604e-9	3.849993243216576e-6	1.1325868968145865e-8	1.0115630839800588e-9	3.959839114690744e-5
94.0	2.2232767703578084e-8	1.658662714208752e-9	3.849993037012491e-6	1.1325230641266229e-8	1.011275127678091e-9	3.959839144116225e-5
95.0	2.2231247261934114e-8	1.657679414741552e-9	3.8499927467027774e-6	1.1329629252176863e-8	1.0107767398604055e-9	3.959839144867421e-5
96.0	2.225459991828443e-8	1.6573075403184103e-9	3.8499931182366595e-6	1.1328458201523868e-8	1.0109304250734066e-9	3.959839148477378e-5
97.0	2.224532897649303e-8	1.6573380551086697e-9	3.849992860606168e-6	1.1332726315713762e-8	1.0101172559447876e-9	3.9598391709140035e-5
98.0	2.2195968388713837e-8	1.6586572718168708e-9	3.849992823516287e-6	1.133142496016016e-8	1.010478545199265e-9	3.9598391589114605e-5
99.0	2.2200321232973398e-8	1.6587765740705485e-9	3.849992715977121e-6	1.1333215199213959e-8	1.009782999417091e-9	3.959839195602869e-5
100.0	2.2273637748061586e-8	1.6600459588908962e-9	3.849992458038934e-6	1.1331528130083026e-8	1.0101402019952827e-9	3.959839197583986e-5
101.0	2.2274689729219376e-8	1.6584438043754106e-9	3.849993510633209e-6	1.1330267963451161e-8	1.0097765830294775e-9	3.9598392352505014e-5
102.0	2.219952360557439e-8	1.6594474327510419e-9	3.849993398468537e-6	1.1329218855181762e-8	1.0097850182031278e-9	3.9598392660746104e-5
103.0	2.2163934644546735e-8	1.6588875824224539e-9	3.849992681483128e-6	1.1326532676910847e-8	1.0096895155031722e-9	3.9598392613285276e-5
104.0	2.2236579006358574e-8	1.6575535292044257e-9	3.849992821416451e-6	1.1326890427777606e-8	1.009378733634554e-9	3.959839299926903e-5
105.0	2.232117621952103e-8	1.6590567436383244e-9	3.849992626434558e-6	1.1323853288736113e-8	1.0097527104289248e-9	3.959839242010868e-5
106.0	2.22193194195474e-8	1.6589200868678704e-9	3.849991897896373e-6	1.1325152986295056e-8	1.0095275346695713e-9	3.959839279502831e-5
107.0	2.2149645815682444e-8	1.660889659353023e-9	3.849993155458409e-6	1.1322496157028425e-8	1.0101012683405114e-9	3.959839203775702e-5
108.0	2.2205119659739987e-8	1.6618496554146057e-9	3.849993920762135e-6	1.1324814126781073e-8	1.0101381939835014e-9	3.959839264285591e-5
109.0	2.229596116417394e-8	1.6610058349915675e-9	3.849993115694605e-6	1.1322912995283423e-8	1.0105374756877985e-9	3.959839194747377e-5
110.0	2.224240775913829e-8	1.6621946051118133e-9	3.849992497299431e-6	1.1327022614113422e-8	1.0106819947398318e-9	3.959839259302821e-5
111.0	2.213451480260055e-8	1.6602202050168142e-9	3.849992615332972e-6	1.1327351103731806e-8	1.010777164192356e-9	3.959839222967747e-5
112.0	2.216954816823207e-8	1.6595625864529622e-9	3.8499925525631436e-6	1.1329446280918962e-8	1.011040896677186e-9	3.959839270043628e-5
113.0	2.2287651100246186e-8	1.6598044370411583e-9	3.84999290968308e-6	1.1330343196242654e-8	1.0110437022364091e-9	3.959839263472989e-5
114.0	2.2225151463821372e-8	1.658913794269274e-9	3.8499933146468355e-6	1.1330393741604315e-8	1.011285934934469e-9	3.959839256195732e-5
115.0	2.2144820359158788e-8	1.6603947342165479e-9	3.8499931249633785e-6	1.1331657464694648e-8	1.01112042278086e-9	3.959839281911032e-5
116.0	2.218275081332819e-8	1.6608200472633888e-9	3.849992887840483e-6	1.1330489521209333e-8	1.0112829596419638e-9	3.9598392428245e-5
117.0	2.226751617565878e-8	1.6618890074754165e-9	3.8499921840295394e-6	1.1331583765254176e-8	1.0110832645819478e-9	3.9598392923810814e-5
118.0	2.2258342809689e-8	1.6609945737878775e-9	3.849992568753245e-6	1.1329172173438144e-8	1.0109636707258655e-9	3.959839223958846e-5
119.0	2.212065242913898e-8	1.6615438694800222e-9	3.849992986703357e-6	1.1329473146062282e-8	1.0108883290034242e-9	3.959839276550144e-5
120.0	2.2199790148222173e-8	1.6612609329215646e-9	3.849992474761832e-6	1.1326254092992756e-8	1.0109013857125774e-9	3.959839215069802e-5
121.0	2.2289598680634685e-8	1.659868795073128e-9	3.8499924338648845e-6	1.1326351938932895e-8	1.0109896267953849e-9	3.959839232948652e-5
122.0	2.2267693690261488e-8	1.6609665075097546e-9	3.849992980122729e-6	1.1322114252677962e-8	1.0109773147000913e-9	3.959839180420015e-5
123.0	2.2161950015923238e-8	1.6610246916824193e-9	3.849992703307926e-6	1.1323772962220525e-8	1.010879944322445e-9	3.959839175991053e-5
124.0	2.21812910074989e-8	1.663047524857872e-9	3.849992507004267e-6	1.1322095694333695e-8	1.0106228974933703e-9	3.9598391380156646e-5
125.0	2.2314390883511393e-8	1.6628693635492344e-9	3.849992885784106e-6	1.1323738725263953e-8	1.0105681672577088e-9	3.959839153918513e-5
126.0	2.2294338290612054e-8	1.6632521802652156e-9	3.849992226622641e-6	1.1324441448264486e-8	1.0102531747520653e-9	3.9598391132618585e-5
127.0	2.2175962066461382e-8	1.663340099552263e-9	3.849992234493245e-6	1.1326068996532079e-8	1.0104825243562004e-9	3.959839150645558e-5
128.0	2.2187004787340742e-8	1.6611267536237815e-9	3.8499927264015695e-6	1.1328671071863054e-8	1.0103642390136923e-9	3.959839105833833e-5
129.0	2.2279542106016375e-8	1.6627761416711248e-9	3.849993142932521e-6	1.1329766707881112e-8	1.0106443931877935e-9	3.9598391265497773e-5
130.0	2.2329007804642495e-8	1.6625281960422618e-9	3.849993053154694e-6	1.133187301791776e-8	1.0107274695515306e-9	3.9598390902861624e-5
131.0	2.2210403535194453e-8	1.6622052078923477e-9	3.849992897942041e-6	1.1331527315956747e-8	1.0106732340614867e-9	3.959839095759418e-5
132.0	2.2189210269184392e-8	1.6631203376549113e-9	3.849992507359008e-6	1.1332061640134946e-8	1.0109414200638635e-9	3.959839082612786e-5
133.0	2.22523043422313e-8	1.663810619009471e-9	3.849991925087282e-6	1.132958313394596e-8	1.0106537103422855e-9	3.9598390895880236e-5
134.0	2.2280598295678758e-8	1.663820195122567e-9	3.849992562801322e-6	1.132873347854884e-8	1.0109077194830743e-9	3.9598391056250894e-5
135.0	2.2279304720869198e-8	1.6643946852086738e-9	3.84999304908649e-6	1.1324490726225551e-8	1.0107855676583566e-9	3.9598391002649416e-5
136.0	2.2204464990635453e-8	1.664192207762406e-9	3.84999266520471e-6	1.1324226801246191e-8	1.010835847937394e-9	3.9598391156444857e-5
137.0	2.2230951742863356e-8	1.664016670912248e-9	3.849992918571398e-6	1.13210921120093e-8	1.0110944896785372e-9	3.9598391012261567e-5
138.0	2.223720523585597e-8	1.6643921167821036e-9	3.8499927087272665e-6	1.1321588927267787e-8	1.011088323382176e-9	3.9598391112176035e-5
139.0	2.2268010339297402e-8	1.6630079005982704e-9	3.8499916804568e-6	1.132163487438664e-8	1.0114582820532808e-9	3.959839106400113e-5
140.0	2.2256472924878077e-8	1.6654691261371328e-9	3.849991809806534e-6	1.1323494061062238e-8	1.0112741431232522e-9	3.9598391181699855e-5
141.0	2.2207085926648415e-8	1.6634056163179204e-9	3.849992736688489e-6	1.1325733837507975e-8	1.0114644602293337e-9	3.959839107573703e-5
142.0	2.2223361661844545e-8	1.66377886950142e-9	3.8499926789700165e-6	1.1327851244390561e-8	1.0110611886994708e-9	3.959839117308148e-5
143.0	2.2240684098558258e-8	1.664859282905854e-9	3.849992299078269e-6	1.133000759227902e-8	1.0109331373336952e-9	3.959839111976715e-5
144.0	2.2260347437807567e-8	1.6642989558196772e-9	3.849992708784816e-6	1.133153549498469e-8	1.0108262739478318e-9	3.95983912741238e-5
145.0	2.2218658959754115e-8	1.665053302757816e-9	3.849992406504388e-6	1.1332290261392862e-8	1.0105419103490098e-9	3.959839129668013e-5
146.0	2.2238180181759762e-8	1.6642885412522333e-9	3.849991942855305e-6	1.1331749661641231e-8	1.0106807836804676e-9	3.9598391306738134e-5
147.0	2.2257869555184054e-8	1.6650580548682803e-9	3.849992268324271e-6	1.1331284929454587e-8	1.0102249224301152e-9	3.9598391302641815e-5
148.0	2.224339056947904e-8	1.6662495649035623e-9	3.849992918840039e-6	1.132848655638471e-8	1.0105172837355992e-9	3.9598391278198836e-5
149.0	2.2205602410317165e-8	1.6650340502408841e-9	3.84999273890308e-6	1.1327075643860275e-8	1.0101546287507497e-9	3.9598391216105724e-5
150.0	2.2233254872232154e-8	1.6671241197858147e-9	3.849991889454719e-6	1.1324208253905876e-8	1.010524314296037e-9	3.959839141502771e-5
151.0	2.2290463075533003e-8	1.6649439017000266e-9	3.849992121462658e-6	1.1322874852087209e-8	1.0105056774169768e-9	3.959839123593274e-5
152.0	2.2273808924812912e-8	1.6655917237965126e-9	3.849992517479729e-6	1.132261490332228e-8	1.0106778033524706e-9	3.9598391946808996e-5
153.0	2.2185483285638543e-8	1.6652024877872198e-9	3.849992745742168e-6	1.1322748523663726e-8	1.0106871351346386e-9	3.9598391533186585e-5
154.0	2.2217404637457643e-8	1.6642700186903483e-9	3.849992905419999e-6	1.132446972733691e-8	1.0104550634411464e-9	3.959839238802977e-5
155.0	2.2332862403101687e-8	1.6662262689156203e-9	3.849992233144598e-6	1.132675134028813e-8	1.010878658866645e-9	3.9598391875890884e-5
156.0	2.2302595064991195e-8	1.664542428240179e-9	3.849992487487142e-6	1.1327542785472505e-8	1.010513029133132e-9	3.959839274890672e-5
157.0	2.2216820189595314e-8	1.6667949096535901e-9	3.8499915128593404e-6	1.1329573664352492e-8	1.011007248552882e-9	3.959839231465156e-5
158.0	2.2182131842997754e-8	1.6663686507711657e-9	3.849991720986037e-6	1.1329573170700691e-8	1.0109410787848569e-9	3.959839283906469e-5
159.0	2.2307242290246312e-8	1.6665308087466976e-9	3.8499925052633305e-6	1.1329560916170954e-8	1.011112453667749e-9	3.959839249242159e-5
160.0	2.2352473568723943e-8	1.6674467906903073e-9	3.849993242042717e-6	1.1329641564893076e-8	1.0111524033020044e-9	3.959839266047811e-5
161.0	2.2219333271366624e-8	1.6672251189598564e-9	3.849992635000995e-6	1.132803751831264e-8	1.0110945433858819e-9	3.959839266620903e-5
162.0	2.2185813372815392e-8	1.6670012712202103e-9	3.849991872341367e-6	1.132726432500242e-8	1.0112226730410907e-9	3.959839252014795e-5
163.0	2.2241318878201076e-8	1.6659964258668575e-9	3.849992301052456e-6	1.1325259578231509e-8	1.0110887132877602e-9	3.959839286825923e-5
164.0	2.232021301594148e-8	1.6671344967719934e-9	3.84999183119389e-6	1.1323845851662429e-8	1.0115494298784349e-9	3.959839246883255e-5
165.0	2.224263497470799e-8	1.6677566037417072e-9	3.849991626380217e-6	1.1323484481246069e-8	1.0110171208148803e-9	3.959839294222933e-5
166.0	2.219879352605413e-8	1.667404284881419e-9	3.84999248002847e-6	1.1323187268562241e-8	1.0112076228056842e-9	3.9598392442926296e-5
167.0	2.221392140646457e-8	1.6673245702922686e-9	3.849992852575069e-6	1.132501460900926e-8	1.0105961738280636e-9	3.95983925928188e-5
168.0	2.2279224957472805e-8	1.6673739353835538e-9	3.849992759509371e-6	1.132622128806863e-8	1.0103647965562685e-9	3.959839228547438e-5
169.0	2.2250064348876742e-8	1.6666398408984355e-9	3.849992142056159e-6	1.1327705878082952e-8	1.010237883903459e-9	3.959839234274253e-5
170.0	2.2206223270604672e-8	1.6671538527541532e-9	3.849992044778732e-6	1.1328900266776782e-8	1.0102116030179216e-9	3.9598392375978716e-5
171.0	2.222877031815264e-8	1.6670170763825768e-9	3.849992121066238e-6	1.1329700414439976e-8	1.010799034005752e-9	3.959839235172909e-5
172.0	2.2253737518143468e-8	1.6664674104921807e-9	3.849992318985281e-6	1.132943902099831e-8	1.0104441622557513e-9	3.959839226564721e-5
173.0	2.2249781064226012e-8	1.667505719001501e-9	3.849992565504022e-6	1.1329788650219783e-8	1.010997717985869e-9	3.959839216540015e-5
174.0	2.221192594168221e-8	1.6693314438011558e-9	3.849992408198193e-6	1.1328190445903788e-8	1.0102513370466487e-9	3.9598391899040274e-5
175.0	2.2232715675002365e-8	1.669116482521168e-9	3.849992316875786e-6	1.1327447920939857e-8	1.0104338823359021e-9	3.959839178153379e-5
176.0	2.2271366606591385e-8	1.668441203784874e-9	3.849991799625705e-6	1.1324883866115133e-8	1.010285825259348e-9	3.9598391507336705e-5
177.0	2.2255710890928618e-8	1.6688814894626436e-9	3.8499917547489244e-6	1.1324137845316523e-8	1.0104604309185407e-9	3.9598391316942984e-5
178.0	2.220866992854792e-8	1.668490107905151e-9	3.84999203308302e-6	1.1323510039428408e-8	1.0111328748639436e-9	3.959839148776996e-5
179.0	2.2220969434109773e-8	1.6678468065199896e-9	3.849993134746012e-6	1.1325177865448536e-8	1.0109501511087367e-9	3.9598391158921256e-5
180.0	2.2284689653773914e-8	1.6691644960410654e-9	3.849992320845598e-6	1.132610184000837e-8	1.0117212442492453e-9	3.959839151195514e-5
181.0	2.2299058184857882e-8	1.6687014404598037e-9	3.849991663571249e-6	1.1328517859715643e-8	1.011214305252329e-9	3.9598391181237985e-5
182.0	2.2236635159135424e-8	1.6673135586608327e-9	3.84999160752669e-6	1.132807921141424e-8	1.0115247673283838e-9	3.959839142511588e-5
183.0	2.2200054320461943e-8	1.669526977415274e-9	3.849992099550805e-6	1.1329428219516107e-8	1.011197258309606e-9	3.9598391232103865e-5
184.0	2.227298055218553e-8	1.6685384167165125e-9	3.849991973293972e-6	1.1328398953930431e-8	1.0110862696151577e-9	3.959839122702659e-5
185.0	2.233948417082627e-8	1.6685058685465306e-9	3.8499920987975445e-6	1.1328844546857989e-8	1.0112632345777546e-9	3.9598391185754074e-5
186.0	2.226611773236952e-8	1.670604129325807e-9	3.849992631899527e-6	1.1328628059687339e-8	1.0108589784929007e-9	3.959839094312351e-5
187.0	2.219335303410894e-8	1.669060511141997e-9	3.8499921893632525e-6	1.1327543200931151e-8	1.0112500740680998e-9	3.9598391081662533e-5
188.0	2.223883517516567e-8	1.6693755653737879e-9	3.8499914272547645e-6	1.1326291752889978e-8	1.0109263272345654e-9	3.959839094585771e-5
189.0	2.2320973033004543e-8	1.6710077566757972e-9	3.8499920753658265e-6	1.1324267715177079e-8	1.0110173192566034e-9	3.959839117375327e-5
190.0	2.2316402122127465e-8	1.6703618692148222e-9	3.849992295384983e-6	1.1323565481726485e-8	1.0110223840307704e-9	3.95983910148814e-5
191.0	2.2218938214374608e-8	1.6698153868533209e-9	3.8499915656458476e-6	1.132328761369562e-8	1.0106920169693104e-9	3.9598391113743574e-5
192.0	2.2207464488450486e-8	1.6697532542221033e-9	3.849991694987347e-6	1.1325152499083806e-8	1.010862604246499e-9	3.959839101188324e-5
193.0	2.2292608546404127e-8	1.6699982601208992e-9	3.849992591541916e-6	1.1325923843647133e-8	1.010392679921463e-9	3.959839112695187e-5
194.0	2.2315058933903455e-8	1.6702751254324178e-9	3.849992135836561e-6	1.1328973488394476e-8	1.0107425309044511e-9	3.95983910767335e-5
195.0	2.2243499081408115e-8	1.6695097492212166e-9	3.8499921779387525e-6	1.132835248028419e-8	1.0104303082172845e-9	3.959839110629901e-5
196.0	2.2231349023536095e-8	1.6707973063099103e-9	3.849991647642616e-6	1.1330958685858063e-8	1.0108319560952327e-9	3.959839120559726e-5
197.0	2.223410725979013e-8	1.6704702315138403e-9	3.849991879590324e-6	1.1330637375884632e-8	1.0110343905203478e-9	3.959839140006317e-5
198.0	2.226884841492926e-8	1.6706354428851546e-9	3.849991915266299e-6	1.133232941942518e-8	1.0107292926440611e-9	3.959839149879941e-5
199.0	2.2239489131763554e-8	1.6717475495193433e-9	3.849992378036866e-6	1.1331186170778677e-8	1.0110058904511002e-9	3.959839170881365e-5
200.0	2.22611079677589e-8	1.6720246635495868e-9	3.849993066644645e-6	1.1331116340991785e-8	1.0103338752398668e-9	3.9598391600357856e-5
201.0	2.2269895049605134e-8	1.672499728130448e-9	3.849992227359668e-6	1.1328758514072411e-8	1.0106409131490791e-9	3.9598391898987386e-5
202.0	2.22246142264464e-8	1.6698658382826873e-9	3.849991331070958e-6	1.1327371309161098e-8	1.0103967750961307e-9	3.9598391811402044e-5
203.0	2.221911152750643e-8	1.6703722764306066e-9	3.849991359056652e-6	1.132550500347253e-8	1.0107624724366433e-9	3.9598392091728744e-5
204.0	2.2260437431135266e-8	1.6714179885614067e-9	3.849992158569007e-6	1.1325349886042758e-8	1.0111489440641189e-9	3.959839221651314e-5
205.0	2.2338348566443824e-8	1.6712619902308794e-9	3.8499923005443525e-6	1.132514192321854e-8	1.0109267894426903e-9	3.9598392177714846e-5
206.0	2.2257103491361674e-8	1.6707644013644926e-9	3.849993167534867e-6	1.1324824388291263e-8	1.0114216883844425e-9	3.9598392354686544e-5
207.0	2.2211237832232713e-8	1.6722202011356837e-9	3.8499924804035835e-6	1.1325710230567502e-8	1.0105948651479472e-9	3.95983920293361e-5
208.0	2.2221304445129315e-8	1.6714678993025612e-9	3.84999151927033e-6	1.132458129497195e-8	1.0110308596867453e-9	3.959839214063981e-5
209.0	2.2319267385940764e-8	1.671594076416928e-9	3.849991240377943e-6	1.1326119961405463e-8	1.0106345055158259e-9	3.95983919652476e-5
210.0	2.2282771562142066e-8	1.6716262669248037e-9	3.849992210624055e-6	1.1325230966629747e-8	1.0109996757048785e-9	3.959839196616955e-5
211.0	2.2231802057036032e-8	1.6692922076131485e-9	3.849992128325438e-6	1.1326621891782488e-8	1.0113925784044684e-9	3.9598392142487884e-5
212.0	2.222024756028886e-8	1.6697099172600044e-9	3.849992761641601e-6	1.1326729563079894e-8	1.0112291828478165e-9	3.9598391895711455e-5
213.0	2.225684527609715e-8	1.671000603704419e-9	3.8499924346951e-6	1.132740861513536e-8	1.0117236184760652e-9	3.959839225080341e-5
214.0	2.2269266119814142e-8	1.6707784209910776e-9	3.849991704542264e-6	1.1328087877540546e-8	1.0111489528447211e-9	3.959839198928515e-5
215.0	2.223031530467657e-8	1.672706075627141e-9	3.8499920413653226e-6	1.132797945352258e-8	1.0115004570318262e-9	3.959839215297488e-5
216.0	2.2273606253849258e-8	1.673437559452717e-9	3.849992124032656e-6	1.1328639134301148e-8	1.0111575236013709e-9	3.959839218738626e-5
217.0	2.2226602728421074e-8	1.6716599954943495e-9	3.8499918568167105e-6	1.1328786374145641e-8	1.0114147855646528e-9	3.9598392003065075e-5
218.0	2.224102796416822e-8	1.6729158166340594e-9	3.849992204845418e-6	1.1329312760416133e-8	1.011733139414312e-9	3.959839237441108e-5
219.0	2.22144242318006e-8	1.6702856013906948e-9	3.849992459797145e-6	1.1329443349082402e-8	1.011444503754862e-9	3.9598391786224214e-5
220.0	2.2308345177962272e-8	1.6710264433490062e-9	3.849991344554085e-6	1.1329454988937476e-8	1.0118968315392782e-9	3.9598392209389385e-5
221.0	2.229293160755582e-8	1.6707388487079834e-9	3.8499923106139446e-6	1.1328818763097756e-8	1.011628578311532e-9	3.959839161821123e-5
222.0	2.2212333001788127e-8	1.671979641404349e-9	3.849992574232579e-6	1.1327813891975374e-8	1.011842256773121e-9	3.959839191497909e-5
223.0	2.221665154334277e-8	1.6719273209000659e-9	3.849992077067482e-6	1.1326790890006173e-8	1.011709980683087e-9	3.959839154785201e-5
224.0	2.2271454575284046e-8	1.6741441121412626e-9	3.849991327745593e-6	1.1324918290529266e-8	1.011675425601503e-9	3.9598391512992405e-5
225.0	2.2343389676926433e-8	1.674543071526232e-9	3.849992464745631e-6	1.1324146743887813e-8	1.0117466262605607e-9	3.9598391502276476e-5
226.0	2.2264015875972537e-8	1.6726657970852772e-9	3.849992302222785e-6	1.1321937577594088e-8	1.0112561220525562e-9	3.95983911661445e-5
227.0	2.221720383827609e-8	1.6730108450890302e-9	3.84999199079607e-6	1.1323142102567978e-8	1.0111764130475567e-9	3.959839131571988e-5
228.0	2.2254384865193915e-8	1.6712724754593703e-9	3.849992790513375e-6	1.1322443420526518e-8	1.0108516279806816e-9	3.959839107931516e-5
229.0	2.2295949919709956e-8	1.6726865023402983e-9	3.849992206088609e-6	1.1326412603457098e-8	1.0106586725154783e-9	3.959839116953636e-5
230.0	2.230706068268725e-8	1.6734870747776242e-9	3.849991421962571e-6	1.1327407612403933e-8	1.0108560595072508e-9	3.9598390964852224e-5
231.0	2.2253470275846664e-8	1.6737893252702954e-9	3.84999176106031e-6	1.133150309276591e-8	1.010486779683399e-9	3.959839102806073e-5
232.0	2.2233880729948252e-8	1.6736067541919944e-9	3.849992453425762e-6	1.1332815373845175e-8	1.0110270526681915e-9	3.959839085650999e-5
233.0	2.226195994053571e-8	1.6744152661736986e-9	3.8499925936634395e-6	1.1335541255949468e-8	1.0106823606079257e-9	3.959839077884539e-5
234.0	2.228323169900817e-8	1.6738073289621935e-9	3.8499926661353904e-6	1.1334925556794419e-8	1.010921797707983e-9	3.959839079022056e-5
235.0	2.229891268659105e-8	1.6730544983328224e-9	3.849991741084956e-6	1.1334507115470139e-8	1.0107693523786935e-9	3.95983907024883e-5
236.0	2.2266967494773507e-8	1.672903291388352e-9	3.849991747550411e-6	1.1332474881032061e-8	1.0105712559754722e-9	3.959839079871153e-5
237.0	2.221424391019726e-8	1.6749145575760252e-9	3.849991537293896e-6	1.1329292545404962e-8	1.0106904770397657e-9	3.959839075471202e-5
238.0	2.2270914762525665e-8	1.6729665372205548e-9	3.849991909028443e-6	1.1326935777078217e-8	1.0102310829456348e-9	3.9598390834706534e-5
239.0	2.2290451790055553e-8	1.67533183145601e-9	3.849992723304476e-6	1.132322113333186e-8	1.0108475976836928e-9	3.959839104021362e-5
240.0	2.2301334299096895e-8	1.675302584843494e-9	3.849992800344319e-6	1.1323379073140028e-8	1.0106148809020763e-9	3.9598391049702056e-5
241.0	2.2228581156986964e-8	1.6748394720448266e-9	3.849992172076449e-6	1.132080725150926e-8	1.0113438407383911e-9	3.9598391341153753e-5
242.0	2.222381910529037e-8	1.6740303622483146e-9	3.849991692225342e-6	1.1324237768638576e-8	1.0113608689469057e-9	3.959839111143945e-5
243.0	2.2300095007102548e-8	1.6744062195949256e-9	3.84999146497983e-6	1.132373462965851e-8	1.0117781168879117e-9	3.9598391474642534e-5
244.0	2.22450180524451e-8	1.6749330184756432e-9	3.849991992554451e-6	1.1328811967531175e-8	1.0118955099931723e-9	3.959839111511394e-5
245.0	2.2246443023541592e-8	1.6752168851763055e-9	3.84999238425387e-6	1.1328616310007888e-8	1.0115425755164676e-9	3.959839141926201e-5
246.0	2.2234062621570345e-8	1.676436166114755e-9	3.849992745793945e-6	1.133280652273562e-8	1.0119517014502372e-9	3.959839109365521e-5
247.0	2.22944106040827e-8	1.675064387689261e-9	3.84999255789409e-6	1.133110123093058e-8	1.0112561508509553e-9	3.95983914076624e-5
248.0	2.2244988925125482e-8	1.6760126401398486e-9	3.849991752037735e-6	1.1334238199470916e-8	1.011693599929331e-9	3.959839126129469e-5
249.0	2.2197888006392457e-8	1.67472922239761e-9	3.849991872079567e-6	1.1331421126789966e-8	1.0113892832225692e-9	3.959839139787812e-5
250.0	2.228731656131579e-8	1.6764968147999614e-9	3.849991516997785e-6	1.1331696533917419e-8	1.0116393391337225e-9	3.9598391446107675e-5
251.0	2.232425921286502e-8	1.674800902974589e-9	3.8499923926721045e-6	1.1328361465268135e-8	1.0117368117358351e-9	3.959839148120597e-5
252.0	2.2251004970383592e-8	1.676476042076217e-9	3.849992384349557e-6	1.132631193503334e-8	1.01155546692097e-9	3.959839190064483e-5
253.0	2.219132741656998e-8	1.676043588789208e-9	3.849992969418534e-6	1.1325200854586732e-8	1.01165366014405e-9	3.9598391843850034e-5
254.0	2.227068685895673e-8	1.6763275403480258e-9	3.849991679655308e-6	1.1323270389557943e-8	1.0110547320533155e-9	3.959839226448817e-5
255.0	2.2386413327273472e-8	1.6769409882797764e-9	3.849991617296819e-6	1.1325438730739684e-8	1.0111321409246705e-9	3.9598392044547125e-5
256.0	2.2298012150569294e-8	1.6763768157388143e-9	3.849992226911476e-6	1.1324919196468636e-8	1.0104328246133388e-9	3.959839250639271e-5
257.0	2.2187211187188474e-8	1.6758957761654268e-9	3.849991927236627e-6	1.1329173040264524e-8	1.0106138590175834e-9	3.959839229814584e-5
258.0	2.2267833017854807e-8	1.6761673938451517e-9	3.849992168064598e-6	1.132928026986849e-8	1.010346692627324e-9	3.9598392657445806e-5
259.0	2.2353919748748062e-8	1.676237289899668e-9	3.849992883962399e-6	1.1333491290247187e-8	1.0104824005306307e-9	3.959839266343961e-5
260.0	2.233721295399786e-8	1.6769638452417219e-9	3.849992574535252e-6	1.1331499079972941e-8	1.0106014215929721e-9	3.959839297529213e-5
261.0	2.222535544090407e-8	1.6753941982328809e-9	3.84999166169816e-6	1.1334872254469335e-8	1.0102796168580735e-9	3.9598392895310933e-5
262.0	2.224086754763555e-8	1.678096359696899e-9	3.84999206484752e-6	1.1330576184762547e-8	1.0106025000162518e-9	3.959839305645768e-5
263.0	2.2309557163680912e-8	1.67794349181166e-9	3.84999202081755e-6	1.1333483501597057e-8	1.0102368860592297e-9	3.959839272408845e-5
264.0	2.229802433437377e-8	1.678501373488991e-9	3.8499918777232014e-6	1.1327697052135775e-8	1.0106578900065744e-9	3.9598392960945646e-5
265.0	2.2249423854884528e-8	1.67940119739874e-9	3.849992323028087e-6	1.1328477857225345e-8	1.0105516121749572e-9	3.959839247432883e-5
266.0	2.2275143675868482e-8	1.677573667304353e-9	3.849992761621357e-6	1.1325327966464676e-8	1.0110204265124696e-9	3.9598392779606883e-5
267.0	2.2292584959536796e-8	1.678630744026477e-9	3.849992222680664e-6	1.132508382236192e-8	1.0109916575453506e-9	3.9598392297288034e-5
268.0	2.226631534053059e-8	1.6748086148368372e-9	3.849992347765763e-6	1.1325625246927365e-8	1.0111419318274806e-9	3.9598392556853156e-5
269.0	2.2248580756854198e-8	1.6766258758115063e-9	3.849991933824063e-6	1.1326715023184858e-8	1.0113112316307626e-9	3.959839222590548e-5
270.0	2.2311092352772973e-8	1.6764544626866745e-9	3.849991701498361e-6	1.132860988007106e-8	1.0111368910303693e-9	3.9598392307377884e-5
271.0	2.233182829879439e-8	1.6756017098989072e-9	3.849992010530777e-6	1.1330622916006479e-8	1.0116330562344074e-9	3.959839197713229e-5
272.0	2.226642358888506e-8	1.6775499718569708e-9	3.849992847708373e-6	1.1331585335100913e-8	1.0114710328818555e-9	3.9598392061856006e-5
273.0	2.2229947349076565e-8	1.6783005396704947e-9	3.849992386633335e-6	1.1331386644474558e-8	1.011895719278066e-9	3.9598391892001654e-5
274.0	2.2312544571214455e-8	1.6793446047121123e-9	3.849992127197263e-6	1.1332256728343689e-8	1.0117092956387657e-9	3.959839191657896e-5
275.0	2.2346391287923842e-8	1.6793600577031632e-9	3.849992084179294e-6	1.1328993751302324e-8	1.01164360963537e-9	3.959839172214666e-5
276.0	2.2299804318519558e-8	1.6786552543957162e-9	3.849991956886746e-6	1.1329962291922953e-8	1.0116449055771192e-9	3.959839153165559e-5
277.0	2.225057092613687e-8	1.6774060390898948e-9	3.8499918499760386e-6	1.132612226409219e-8	1.0114865090588808e-9	3.9598391497445407e-5
278.0	2.2293980330026262e-8	1.6764492832308598e-9	3.849991985153119e-6	1.1326789590509036e-8	1.0117094308433443e-9	3.959839128358253e-5
279.0	2.2309168248996037e-8	1.677757312667176e-9	3.849992672752424e-6	1.132417279260126e-8	1.011597458363041e-9	3.9598391417904134e-5
280.0	2.232283439871876e-8	1.6767605713418017e-9	3.849992285588711e-6	1.1325018869209416e-8	1.011786865721599e-9	3.959839109064996e-5
281.0	2.2296113214830342e-8	1.678484650414351e-9	3.84999197755098e-6	1.1325160277072883e-8	1.011359035797524e-9	3.959839128343007e-5
282.0	2.230247620272195e-8	1.6806240952965979e-9	3.849991786520401e-6	1.1327231096591847e-8	1.0113593310688836e-9	3.9598390926912514e-5
283.0	2.228492951692975e-8	1.6797209664912016e-9	3.849992027314469e-6	1.1328874897046345e-8	1.0108397696938993e-9	3.95983911639915e-5
284.0	2.227593192997617e-8	1.6804141459485908e-9	3.849992291428243e-6	1.1331733616229813e-8	1.0106501787515255e-9	3.95983908835903e-5
285.0	2.2335593718340616e-8	1.679346958918037e-9	3.849991898505662e-6	1.1332851171923202e-8	1.0104716011975656e-9	3.9598391092612474e-5
286.0	2.2339023027699522e-8	1.6780434088803265e-9	3.849992646421893e-6	1.1334057222030635e-8	1.0103630557081992e-9	3.959839093933244e-5
287.0	2.2283011182497446e-8	1.6765690835106624e-9	3.8499926412704325e-6	1.1333928800532787e-8	1.0105826244525816e-9	3.959839113131251e-5
288.0	2.2262124570933778e-8	1.6774140075696933e-9	3.849991836406399e-6	1.133275846437555e-8	1.0105902618581548e-9	3.959839103232907e-5
289.0	2.232624528819158e-8	1.6797386813592852e-9	3.849991874722928e-6	1.133166027370041e-8	1.0111469127521516e-9	3.9598391202372975e-5
290.0	2.234855980911638e-8	1.6793473421015054e-9	3.8499923068872325e-6	1.1329536000977205e-8	1.0110578576920404e-9	3.959839116157237e-5
291.0	2.229733896599405e-8	1.6815625609122183e-9	3.8499926982844065e-6	1.1327966724710828e-8	1.0114395891001059e-9	3.959839139158285e-5
292.0	2.2248301758381223e-8	1.6813650815202314e-9	3.849992181671397e-6	1.1325546224802818e-8	1.011153987953983e-9	3.959839119512377e-5
293.0	2.231417448742059e-8	1.681330388098833e-9	3.849992473271388e-6	1.1324752422720222e-8	1.011099822689287e-9	3.959839169153951e-5
294.0	2.2344235704320555e-8	1.6814700181768194e-9	3.849992190039672e-6	1.1323811084823989e-8	1.0109615842763037e-9	3.959839131632163e-5
295.0	2.227712349800377e-8	1.680490656189321e-9	3.849992220616305e-6	1.1324183332422026e-8	1.010849558817226e-9	3.9598391736279295e-5
296.0	2.2266232041887583e-8	1.6798434420459962e-9	3.849992495471644e-6	1.132510564043368e-8	1.0112855876601738e-9	3.959839141657516e-5
297.0	2.230221791808232e-8	1.680199463530034e-9	3.8499925451166855e-6	1.1326004748810134e-8	1.0114408651311077e-9	3.959839180135697e-5
298.0	2.234245609347384e-8	1.6796910528084888e-9	3.849992730006549e-6	1.1329381557615326e-8	1.0120805224380623e-9	3.959839164090709e-5
299.0	2.2281275425269393e-8	1.6826234979187309e-9	3.849991442628748e-6	1.132941262005188e-8	1.0119854608633807e-9	3.959839178218173e-5
300.0	2.2245005862538904e-8	1.6799909054017237e-9	3.8499918825608785e-6	1.1331380554996962e-8	1.0120291424853468e-9	3.959839185100383e-5
301.0	2.2332696192148218e-8	1.6809329131077002e-9	3.8499919929640405e-6	1.1330926285903306e-8	1.0117524743042732e-9	3.959839197121135e-5
302.0	2.2318414649411487e-8	1.6814665734386488e-9	3.8499923838131885e-6	1.1330568890143381e-8	1.0112576167277767e-9	3.959839226365049e-5
303.0	2.2275521246178962e-8	1.681395226894138e-9	3.849992414650853e-6	1.1331001234981616e-8	1.0111306821291901e-9	3.9598392228253826e-5
304.0	2.2255146527353902e-8	1.6821377245765233e-9	3.8499919619177385e-6	1.1330544064944778e-8	1.0106201450769279e-9	3.9598392572744904e-5
305.0	2.2354135002318845e-8	1.6829751523573068e-9	3.849992068264523e-6	1.1330396148656592e-8	1.0107532097308012e-9	3.959839239100097e-5
306.0	2.2354252812462016e-8	1.6819983199606352e-9	3.849991902588766e-6	1.1331703048475025e-8	1.010580130510272e-9	3.959839272303796e-5
307.0	2.223875800236423e-8	1.6815275795789118e-9	3.849992563014327e-6	1.132983821783197e-8	1.0107549678152519e-9	3.9598392493207514e-5
308.0	2.2266513959006432e-8	1.6822028679133945e-9	3.849992288278307e-6	1.1331017903414069e-8	1.010783408250838e-9	3.959839274991485e-5
309.0	2.2357184783119357e-8	1.6825120569509822e-9	3.8499924681385955e-6	1.132968082535744e-8	1.0109141750828606e-9	3.959839280487978e-5
310.0	2.2392632172914192e-8	1.6819913446965478e-9	3.849992225770383e-6	1.13282651482665e-8	1.010866601486231e-9	3.959839285047372e-5
311.0	2.2288263396759366e-8	1.6832025661989196e-9	3.849991992455782e-6	1.1329607068705344e-8	1.01046885477223e-9	3.959839304332969e-5
312.0	2.2225136297813557e-8	1.6822429753578355e-9	3.8499926989344865e-6	1.1326855178741534e-8	1.0103820238410422e-9	3.959839276388422e-5
313.0	2.2338299519936425e-8	1.683145863788892e-9	3.8499931448652155e-6	1.132808468710493e-8	1.0099430486784856e-9	3.95983929605803e-5
314.0	2.2362584153390443e-8	1.6834236123209153e-9	3.849992442278141e-6	1.132615796839383e-8	1.010224401746944e-9	3.959839267446523e-5
315.0	2.2317636001829252e-8	1.682878131569342e-9	3.849992330603477e-6	1.1326822012578901e-8	1.0101690909817084e-9	3.9598392832137515e-5
316.0	2.2267870108515948e-8	1.6827735702151902e-9	3.849992312829471e-6	1.132805941359264e-8	1.0108910412588205e-9	3.959839274410726e-5
317.0	2.2306435043586354e-8	1.6824935353039791e-9	3.8499921265467115e-6	1.1329597847596062e-8	1.011155449746202e-9	3.95983928283606e-5
318.0	2.2329526513551162e-8	1.6835749675808834e-9	3.849992413066922e-6	1.1332010011836807e-8	1.011442471429653e-9	3.959839285580873e-5
319.0	2.2280198533741684e-8	1.6834705621183252e-9	3.849992945783767e-6	1.1334903838976755e-8	1.0117178038269577e-9	3.9598392789929755e-5
320.0	2.2315013737900113e-8	1.6836280490068701e-9	3.849992106243949e-6	1.1333991562462367e-8	1.011474313460972e-9	3.959839266046453e-5
321.0	2.2353199555495485e-8	1.6823666108395565e-9	3.849992091619801e-6	1.1335460007274112e-8	1.0118491550563838e-9	3.959839256534059e-5
322.0	2.2323526923539673e-8	1.6825493044189218e-9	3.8499924585894874e-6	1.1332424414205138e-8	1.0115919297007808e-9	3.959839224214846e-5
323.0	2.226740741388167e-8	1.6823016253911654e-9	3.849992213817088e-6	1.1330828120317232e-8	1.0119917073112785e-9	3.9598392155076454e-5
324.0	2.228070946558158e-8	1.6835225886893527e-9	3.849992312401358e-6	1.1329304408682895e-8	1.0120810220051173e-9	3.959839193388888e-5
325.0	2.2374816668405912e-8	1.682954501958524e-9	3.849992539898149e-6	1.1326207004879988e-8	1.0120129232473478e-9	3.959839160850323e-5
326.0	2.2374824559120884e-8	1.6835788468472658e-9	3.849992407203691e-6	1.1325596930201427e-8	1.0122724885515947e-9	3.9598391655566285e-5
327.0	2.2279432132760883e-8	1.6840118578341956e-9	3.849991830941118e-6	1.1323284484155223e-8	1.011771272128803e-9	3.9598391113549814e-5
328.0	2.229061691505225e-8	1.683527778656542e-9	3.84999204749685e-6	1.1323415619075007e-8	1.0120733907938543e-9	3.9598391377522055e-5
329.0	2.2298171654057885e-8	1.6849203750538196e-9	3.849992559778487e-6	1.1324701169017194e-8	1.0116425803604822e-9	3.9598390978550475e-5
330.0	2.2386920677621075e-8	1.6843727863957638e-9	3.849992730898223e-6	1.1326419711602376e-8	1.0118682533387543e-9	3.959839126675553e-5
331.0	2.2341212813166654e-8	1.6852521435553697e-9	3.849992527208509e-6	1.1329740724078976e-8	1.011865904229247e-9	3.959839121041648e-5
332.0	2.230396410969391e-8	1.6841697798821431e-9	3.849992598454517e-6	1.1333114903279961e-8	1.0114959731569955e-9	3.959839114424245e-5
333.0	2.2304189231798477e-8	1.684422645457262e-9	3.849992614234488e-6	1.1333557712061501e-8	1.0116683356040331e-9	3.959839119055446e-5
334.0	2.2305010740593927e-8	1.6851918335739274e-9	3.849991520738501e-6	1.1335822758626033e-8	1.0112498404645985e-9	3.9598391018365665e-5
335.0	2.236471790156721e-8	1.6841577497741183e-9	3.849991855216878e-6	1.1334044564307296e-8	1.0114152617319321e-9	3.959839102245631e-5
336.0	2.2328016538080818e-8	1.6851617228507277e-9	3.849992577889069e-6	1.1333746724911468e-8	1.011333916246761e-9	3.9598391029165986e-5
337.0	2.2309717171843237e-8	1.6865295220888733e-9	3.8499930694261445e-6	1.1331872259233984e-8	1.0112925833708899e-9	3.959839095249973e-5
338.0	2.230076347299728e-8	1.6855925865203189e-9	3.84999237114684e-6	1.1329247628162796e-8	1.0117097256309615e-9	3.95983912524471e-5
339.0	2.2329412273225737e-8	1.6859745260335993e-9	3.8499928510289296e-6	1.1327548403668548e-8	1.0114025432536463e-9	3.959839108998134e-5
340.0	2.2347388087307315e-8	1.6855215489175786e-9	3.849991993971054e-6	1.1325432382489532e-8	1.0118518455470698e-9	3.9598391489706026e-5
341.0	2.228458774126244e-8	1.6858197295236266e-9	3.849991630453474e-6	1.1324651769698613e-8	1.0114440910621144e-9	3.959839138661937e-5
342.0	2.2305131680558924e-8	1.6846287329389383e-9	3.849992082087606e-6	1.1325834712955389e-8	1.0115166156800483e-9	3.959839153898572e-5
343.0	2.233435194175466e-8	1.6841511163305925e-9	3.849993006507301e-6	1.1326420552656258e-8	1.011330130314101e-9	3.95983915910176e-5
344.0	2.234841032104655e-8	1.6862537162543685e-9	3.849992844572978e-6	1.1329761056150343e-8	1.0110291575223111e-9	3.9598391357629e-5
345.0	2.2285355453170668e-8	1.6858890301311008e-9	3.849992489357375e-6	1.1331875730778402e-8	1.0115032380980612e-9	3.9598391754835795e-5
346.0	2.2275969978204642e-8	1.6855963931719662e-9	3.849992216295438e-6	1.1333113068605046e-8	1.0111740315126765e-9	3.9598391398452436e-5
347.0	2.2322049994575607e-8	1.6873601767934331e-9	3.849992347871604e-6	1.1335136713110087e-8	1.0117958039051783e-9	3.9598392062108035e-5
348.0	2.2334559882809183e-8	1.6861509559134624e-9	3.849992239649286e-6	1.1334326179961702e-8	1.011497236049715e-9	3.959839164906227e-5
349.0	2.2289000382989592e-8	1.6861240649638592e-9	3.84999254818333e-6	1.133393682439244e-8	1.0115248503622308e-9	3.959839226814464e-5
350.0	2.228432277332753e-8	1.688480623913963e-9	3.849992895535338e-6	1.1332661456303143e-8	1.0114543378859242e-9	3.959839214441531e-5
351.0	2.232950015312916e-8	1.687443794744578e-9	3.849992929423384e-6	1.133035209189966e-8	1.0110830294818942e-9	3.959839238877475e-5
352.0	2.230643204886915e-8	1.6882484497330524e-9	3.8499919168368816e-6	1.1329204232706174e-8	1.0115914090694411e-9	3.959839267279572e-5
353.0	2.2277463992271622e-8	1.6879973284708e-9	3.849992507963452e-6	1.1326984116151619e-8	1.0111148624675658e-9	3.9598392517006924e-5
354.0	2.23036733767753e-8	1.6889256482739348e-9	3.849992842537235e-6	1.1327091011175713e-8	1.011669158408779e-9	3.959839283546747e-5
355.0	2.2377458261579546e-8	1.6877239575437106e-9	3.849992444654226e-6	1.1327631590080034e-8	1.0115254673715203e-9	3.959839255954686e-5
356.0	2.2349812155345192e-8	1.6869406901402248e-9	3.849992401749325e-6	1.1327901760853807e-8	1.0115682358264632e-9	3.959839274582634e-5
357.0	2.2251068689010398e-8	1.6877700583233677e-9	3.849992816865447e-6	1.13300158479137e-8	1.0118432755055501e-9	3.959839259890376e-5
358.0	2.2292880687046024e-8	1.6868344276856514e-9	3.849992536650069e-6	1.1330309956750255e-8	1.0114709929366412e-9	3.9598392766924124e-5
359.0	2.2357022458802384e-8	1.688644400131072e-9	3.8499921051017355e-6	1.1331244573537118e-8	1.0120715683782878e-9	3.9598392890283786e-5
360.0	2.2373463399650182e-8	1.6892362610200592e-9	3.849992615545265e-6	1.1331238677469368e-8	1.011563758645954e-9	3.959839297946479e-5
361.0	2.2315549386031574e-8	1.689175304529422e-9	3.849992535823287e-6	1.1330582175710203e-8	1.0117970979505852e-9	3.959839306540211e-5
362.0	2.226397981636679e-8	1.6886827572730398e-9	3.849992139686849e-6	1.1329721930327805e-8	1.0116787502756732e-9	3.95983932031571e-5
363.0	2.2318262326076132e-8	1.6876258291958619e-9	3.849991899118396e-6	1.1328737725347728e-8	1.0115752254754854e-9	3.9598393321919796e-5
364.0	2.2313009058704534e-8	1.688216464653548e-9	3.849992540289046e-6	1.132678820839388e-8	1.0119099715444924e-9	3.959839357129927e-5
365.0	2.2351756369388165e-8	1.688534436073985e-9	3.849992413336965e-6	1.1327180439483712e-8	1.0114860017249782e-9	3.9598393425463305e-5
366.0	2.2343412844043463e-8	1.688339293983763e-9	3.849992323031451e-6	1.1325191594088771e-8	1.012067285268208e-9	3.9598393516012544e-5
367.0	2.2283946257443596e-8	1.6899804225831339e-9	3.8499920963702336e-6	1.1328605011960457e-8	1.0116808654320368e-9	3.959839315542704e-5
368.0	2.2273366085417947e-8	1.6907848859118574e-9	3.8499923423879885e-6	1.1328013443799868e-8	1.0117394130929748e-9	3.9598392900970706e-5
369.0	2.229373262990084e-8	1.6913695652190417e-9	3.849992429510904e-6	1.1331147414309288e-8	1.011762035739719e-9	3.9598392703555624e-5
370.0	2.2375982392244446e-8	1.6904263409901316e-9	3.8499923365770816e-6	1.1332253233219737e-8	1.0113070360981267e-9	3.959839225852826e-5
371.0	2.2346901248182612e-8	1.6894139103647388e-9	3.8499921890073835e-6	1.1333724737091378e-8	1.011641173767254e-9	3.959839231193867e-5
372.0	2.226683424209081e-8	1.6890447216638179e-9	3.849992719404792e-6	1.1334737736603737e-8	1.0110479143014981e-9	3.9598391845148115e-5
373.0	2.227827204349113e-8	1.6895340842341519e-9	3.849992838560955e-6	1.1335071817802245e-8	1.0115703461075012e-9	3.959839212754501e-5
374.0	2.231350317958856e-8	1.6921753777039337e-9	3.849992196931251e-6	1.1334368707729701e-8	1.0115001917708898e-9	3.9598391934024924e-5
375.0	2.233743952809905e-8	1.6918238830892303e-9	3.8499924401242065e-6	1.1333333322771592e-8	1.011787459206218e-9	3.959839228827626e-5
376.0	2.2305630193669996e-8	1.6939318993626463e-9	3.8499929500234785e-6	1.1330472961510331e-8	1.0120303444459735e-9	3.9598392281070884e-5
377.0	2.2305955215237594e-8	1.6931057054164533e-9	3.849992325620362e-6	1.1328119534926804e-8	1.0116233765733615e-9	3.959839233913748e-5
378.0	2.231116842014986e-8	1.691609629094552e-9	3.8499917394312314e-6	1.1326900259650276e-8	1.0119230606542355e-9	3.9598392239198596e-5
379.0	2.2269113334437584e-8	1.6913030695903925e-9	3.849992581772065e-6	1.1323625372930083e-8	1.0111272675047547e-9	3.959839201269623e-5
380.0	2.231952263718798e-8	1.69013150276454e-9	3.8499927959874284e-6	1.1325879621739046e-8	1.011550219561093e-9	3.9598391937733004e-5
381.0	2.2355308817127092e-8	1.6901795972935382e-9	3.849991988847707e-6	1.1324615619354771e-8	1.0112870359459022e-9	3.9598391853995164e-5
382.0	2.235485571745337e-8	1.6900120703176088e-9	3.849992291015067e-6	1.1329164784315302e-8	1.011641817969184e-9	3.959839184155087e-5
383.0	2.2270689520627724e-8	1.692625744321716e-9	3.849992701222567e-6	1.1330311909394391e-8	1.0118216811432897e-9	3.959839172860204e-5
384.0	2.2261649055697365e-8	1.6931424154236491e-9	3.849991979003662e-6	1.1333763725964751e-8	1.01158451464419e-9	3.9598391562464604e-5
385.0	2.2352260138992122e-8	1.693349809227155e-9	3.849991786071768e-6	1.1334747480759027e-8	1.0120744565360966e-9	3.9598391512468925e-5
386.0	2.2364401719353047e-8	1.6929219473222739e-9	3.849992489348091e-6	1.1336908034653322e-8	1.0116112049980279e-9	3.95983913707436e-5
387.0	2.2298563686068583e-8	1.6921302903883175e-9	3.849992753653951e-6	1.1335344287903422e-8	1.0120143426251454e-9	3.9598391291962213e-5
388.0	2.2269674375180557e-8	1.6905237260286583e-9	3.849992436506396e-6	1.1336382448921512e-8	1.0116656509512376e-9	3.959839137830255e-5
389.0	2.2324472716299063e-8	1.692546966566589e-9	3.849992356222486e-6	1.1332481339990893e-8	1.0116947449468904e-9	3.959839119270654e-5
390.0	2.2360489948699457e-8	1.6920852926235363e-9	3.849992366223939e-6	1.1332062736869748e-8	1.0117115301336472e-9	3.9598391397704485e-5
391.0	2.229744809033894e-8	1.6934943713974548e-9	3.849992244604174e-6	1.1330066220542019e-8	1.0115318242439638e-9	3.95983911401456e-5
392.0	2.2292959217319054e-8	1.695249948738641e-9	3.8499922457432825e-6	1.1327823263175567e-8	1.0119640487461155e-9	3.959839129243014e-5
393.0	2.2326725128670195e-8	1.6941194437421243e-9	3.849993217630557e-6	1.1328001507203929e-8	1.0118697278734406e-9	3.959839124286246e-5
394.0	2.234159774271717e-8	1.6953057323342388e-9	3.8499926926499374e-6	1.1325876730337311e-8	1.0123155689820823e-9	3.9598391041859236e-5
395.0	2.2319920337221023e-8	1.692568715360232e-9	3.849992164259082e-6	1.1326591234086728e-8	1.0122182987747684e-9	3.9598391300357374e-5
396.0	2.228758510679707e-8	1.6939863001915743e-9	3.849991945347762e-6	1.1326803461582274e-8	1.0121166835940933e-9	3.9598390932997375e-5
397.0	2.232638264637274e-8	1.6927826459676449e-9	3.849992206244632e-6	1.1328548044927642e-8	1.0122392806735718e-9	3.959839165262163e-5
398.0	2.234560310540243e-8	1.6927144830150183e-9	3.8499924241743965e-6	1.1329055715624682e-8	1.011812747231273e-9	3.959839136449483e-5
399.0	2.232643755454955e-8	1.6941779381620204e-9	3.849992768031195e-6	1.133115539078339e-8	1.0120192115631468e-9	3.9598392014634305e-5
400.0	2.2331127366249047e-8	1.6946950391477082e-9	3.849992727839318e-6	1.1330502384376397e-8	1.0119105302061406e-9	3.959839184885869e-5
401.0	2.231719877649056e-8	1.6956764114113838e-9	3.849991733557069e-6	1.1333356898414044e-8	1.012106671720294e-9	3.9598391985438875e-5
402.0	2.2307722528403393e-8	1.6944239218321202e-9	3.849992039606581e-6	1.1331277491042845e-8	1.0122648000712218e-9	3.9598392072280535e-5
403.0	2.2338030579588744e-8	1.6955220596158722e-9	3.8499920058824975e-6	1.133327653053588e-8	1.0121699809149107e-9	3.959839189057891e-5
404.0	2.2321553871457112e-8	1.6932806511439502e-9	3.8499924830656725e-6	1.1334100768051477e-8	1.0122511296033207e-9	3.9598392162218256e-5
405.0	2.2346064577055123e-8	1.6941889591330684e-9	3.849992998844232e-6	1.1332864556919039e-8	1.0119324907947123e-9	3.959839194712812e-5
406.0	2.231547184306209e-8	1.6948412317013408e-9	3.84999224380433e-6	1.1334235665535184e-8	1.011948665051718e-9	3.959839234304888e-5
407.0	2.2297367458488365e-8	1.6935654153723195e-9	3.849991810554612e-6	1.133261901934184e-8	1.0117862143765226e-9	3.9598392181967094e-5
408.0	2.2344981973212487e-8	1.6953415670187363e-9	3.8499923764389865e-6	1.1331694276665343e-8	1.0116241062267513e-9	3.95983925153543e-5
409.0	2.2329534116340967e-8	1.6952600793173367e-9	3.849992532584878e-6	1.133075048826372e-8	1.0117737806060039e-9	3.95983925082635e-5
410.0	2.2360849670853273e-8	1.6957504337898092e-9	3.849992241428629e-6	1.132856136470292e-8	1.01141625068514e-9	3.959839276063426e-5
411.0	2.233043085238537e-8	1.6959940692766403e-9	3.849993364069033e-6	1.1328037095597497e-8	1.0116330445325964e-9	3.9598392788243956e-5
412.0	2.2312989342213946e-8	1.6965461776295004e-9	3.849992594920407e-6	1.1327367237578296e-8	1.0114242765624252e-9	3.959839283361565e-5
413.0	2.2307651349475628e-8	1.696583090263384e-9	3.849991819005946e-6	1.1326424252454967e-8	1.0115643463799167e-9	3.95983927804835e-5
414.0	2.2335654973665075e-8	1.6973114884561816e-9	3.849992515135792e-6	1.1327977745645244e-8	1.0116306599292153e-9	3.959839275958112e-5
415.0	2.2370932962894773e-8	1.6978409965402986e-9	3.8499925352377004e-6	1.132745885871901e-8	1.0118358728342052e-9	3.959839260086474e-5
416.0	2.236308621454582e-8	1.6968804963784614e-9	3.849992246294921e-6	1.1329465420165285e-8	1.012045922296286e-9	3.959839253099123e-5
417.0	2.2273266596366622e-8	1.6967168949255472e-9	3.849992754158648e-6	1.1332334009362732e-8	1.0120965605682994e-9	3.959839243644466e-5
418.0	2.2282757270622378e-8	1.6956785671288184e-9	3.849992905369079e-6	1.1332242505670334e-8	1.0122890184222717e-9	3.959839235116748e-5
419.0	2.2367961297461996e-8	1.6959907750600063e-9	3.849991935265285e-6	1.1335964051773e-8	1.0122860403684016e-9	3.9598392383134606e-5
420.0	2.2391474258837e-8	1.6960077189502114e-9	3.849991866739367e-6	1.1334600328146893e-8	1.0119838889980696e-9	3.959839212600847e-5
421.0	2.2326084949208498e-8	1.6969521343363448e-9	3.849992514977912e-6	1.1335098273511233e-8	1.0121447562581959e-9	3.9598392199122885e-5
422.0	2.2256703705683428e-8	1.6977160637353243e-9	3.849992182226792e-6	1.1333247548328988e-8	1.0117867680663894e-9	3.9598391892731776e-5
423.0	2.2313203186843393e-8	1.6973630210169286e-9	3.849992106756544e-6	1.1330873332923201e-8	1.0120634549736916e-9	3.95983919997242e-5
424.0	2.2376220049097595e-8	1.6983613951253344e-9	3.8499925001988815e-6	1.132910360326249e-8	1.0120308444907496e-9	3.9598391822393246e-5
425.0	2.2337406533052472e-8	1.7001011742738327e-9	3.849992228965105e-6	1.1327171962931176e-8	1.0120892166773638e-9	3.959839178147281e-5
426.0	2.2303547420555812e-8	1.6971231046065843e-9	3.849991821575145e-6	1.1325723404507897e-8	1.0124225524551166e-9	3.9598391656714326e-5
427.0	2.2308549351757166e-8	1.6976856260565764e-9	3.849992122497501e-6	1.1326430490604045e-8	1.011961406041294e-9	3.959839148562281e-5
428.0	2.2331347773569344e-8	1.697399762883503e-9	3.849992763669575e-6	1.1326610371980254e-8	1.0125916467792228e-9	3.9598391589427465e-5
429.0	2.2314080468349067e-8	1.6978786133176067e-9	3.8499927107407655e-6	1.132729404888592e-8	1.0117989935763243e-9	3.959839119923304e-5
430.0	2.231578513380964e-8	1.6986490874422916e-9	3.849992096594792e-6	1.133061404433258e-8	1.0121647657085412e-9	3.959839158888882e-5
431.0	2.2367445437138875e-8	1.6990816928552343e-9	3.8499921121953095e-6	1.1330906821834098e-8	1.0115967849099094e-9	3.9598390964542935e-5
432.0	2.2332442054214198e-8	1.7010714683198485e-9	3.8499919007518165e-6	1.1335933602601908e-8	1.0115376775181031e-9	3.9598391348941164e-5
433.0	2.230031073736804e-8	1.698461008023758e-9	3.849992509019218e-6	1.1335735649616101e-8	1.0117439164225292e-9	3.95983905590454e-5
434.0	2.2274908830005745e-8	1.7004631851380192e-9	3.8499922013112655e-6	1.1338109963356541e-8	1.0113272320623694e-9	3.959839085986084e-5
435.0	2.2393977114699174e-8	1.6999745675272999e-9	3.849993375563403e-6	1.1336587103696354e-8	1.0124361792860091e-9	3.959839035669185e-5
436.0	2.23917090001897e-8	1.6993540268972576e-9	3.849992590342672e-6	1.1335451080505668e-8	1.0117416565846484e-9	3.9598390610147366e-5
437.0	2.2314684905037155e-8	1.6990111377317467e-9	3.849991696275006e-6	1.1332270616742364e-8	1.0125887808312556e-9	3.959839055628261e-5
438.0	2.228546360111825e-8	1.6985763244882234e-9	3.849991900292038e-6	1.133078533555304e-8	1.0118520841965149e-9	3.9598390663675443e-5
439.0	2.235841140006357e-8	1.6986273786899555e-9	3.849992211793881e-6	1.1328022519366574e-8	1.0119830801154272e-9	3.959839083039846e-5
440.0	2.2412484876792687e-8	1.69831615249799e-9	3.849991916366119e-6	1.132741282639537e-8	1.0119471180799643e-9	3.9598390887608735e-5
441.0	2.2350134555408323e-8	1.6998500323879784e-9	3.849992551614323e-6	1.1326499045206173e-8	1.0114992812418117e-9	3.959839126446859e-5
442.0	2.231324621197693e-8	1.7002073764769916e-9	3.849992542523272e-6	1.1325865375675841e-8	1.0123457740863257e-9	3.9598391209186013e-5
443.0	2.2356347905219654e-8	1.6993459086297579e-9	3.84999252814503e-6	1.1327292477315553e-8	1.0113547957296643e-9	3.959839159615262e-5
444.0	2.238363999243954e-8	1.701107309928078e-9	3.849991737648712e-6	1.132756062779999e-8	1.0124689404015171e-9	3.959839130811249e-5
445.0	2.2347596607688276e-8	1.7022792204713197e-9	3.849992357163568e-6	1.133099434083196e-8	1.0117197979129921e-9	3.95983916384136e-5
446.0	2.2330663369994104e-8	1.7002025968207706e-9	3.849992488486156e-6	1.1331373762068615e-8	1.012355881890938e-9	3.959839114961311e-5
447.0	2.2349513612206352e-8	1.7005613271128422e-9	3.849991735650783e-6	1.1334591247867697e-8	1.012250870861417e-9	3.9598391463870525e-5
448.0	2.2375079308682724e-8	1.700831673251129e-9	3.849991522812223e-6	1.133376845062882e-8	1.0121859984744727e-9	3.9598390980965596e-5
449.0	2.2330529396686674e-8	1.700906031122548e-9	3.8499923133192534e-6	1.1335466871183766e-8	1.0126654092907844e-9	3.959839128614516e-5
450.0	2.2362338644920206e-8	1.699889351316385e-9	3.8499922760738426e-6	1.133332559783672e-8	1.0121199293127501e-9	3.9598391068721686e-5
451.0	2.2364349998869565e-8	1.700492336739471e-9	3.8499923566845765e-6	1.1333991972218317e-8	1.012783579124978e-9	3.959839114615094e-5
452.0	2.2353749156059536e-8	1.7018396991698344e-9	3.849992878532886e-6	1.1332099319418059e-8	1.012127644816098e-9	3.959839135156015e-5
453.0	2.233824159214324e-8	1.7001104507279565e-9	3.8499920511549465e-6	1.1332032800727066e-8	1.0126037523212412e-9	3.959839119801846e-5
454.0	2.2354377061485824e-8	1.7012749387075385e-9	3.8499910156253014e-6	1.1330956347927571e-8	1.0122302015285855e-9	3.95983916690801e-5
455.0	2.238955249930774e-8	1.7025313584310398e-9	3.849991465976582e-6	1.133097914677091e-8	1.0122498987225123e-9	3.9598391432395675e-5
456.0	2.2360145976289017e-8	1.7005157813664846e-9	3.849991821189458e-6	1.1330162418205622e-8	1.0123670776839515e-9	3.9598391853385456e-5
457.0	2.232235221885175e-8	1.7016813087132307e-9	3.849992513988752e-6	1.1329925347814589e-8	1.0121024455161405e-9	3.9598391819428705e-5
458.0	2.2355743229181214e-8	1.7012117230517598e-9	3.849992928890277e-6	1.133046081113704e-8	1.0125012042894856e-9	3.959839195952784e-5
459.0	2.2387021334717934e-8	1.702777961091962e-9	3.849992271381173e-6	1.13299095555026e-8	1.0121898615000902e-9	3.959839235284572e-5
460.0	2.238179205067896e-8	1.7027486865643826e-9	3.849992178174459e-6	1.1331515539960167e-8	1.0124365235364447e-9	3.959839225967519e-5
461.0	2.235494772694567e-8	1.703150231993117e-9	3.849991676908728e-6	1.132990152780741e-8	1.0122091573981507e-9	3.9598392841772746e-5
462.0	2.2319400749432234e-8	1.703653828150322e-9	3.8499917008799024e-6	1.1331918880107816e-8	1.0120543154724168e-9	3.959839247184112e-5
463.0	2.2363735728163095e-8	1.7021247862273144e-9	3.849992071008837e-6	1.1329793128161248e-8	1.0119225917042999e-9	3.9598392975494094e-5
464.0	2.236679308079689e-8	1.7034068557228485e-9	3.849992157903371e-6	1.1331176271940557e-8	1.0118363062075673e-9	3.959839243100391e-5
465.0	2.2415231916435674e-8	1.702342913688038e-9	3.849991981862927e-6	1.1330715981446888e-8	1.011813290525502e-9	3.9598392758985006e-5
466.0	2.237639608337699e-8	1.701657736347725e-9	3.849992532905233e-6	1.1331540943100047e-8	1.011806641735741e-9	3.959839227843377e-5
467.0	2.2325261581903287e-8	1.7027206391901528e-9	3.849992328484308e-6	1.1331484225438019e-8	1.0119089512554312e-9	3.9598392264639976e-5
468.0	2.2338107043867547e-8	1.7020538845577536e-9	3.84999171968953e-6	1.133260645786697e-8	1.0119484203109874e-9	3.959839220539146e-5
469.0	2.2386645893203274e-8	1.7036751048493014e-9	3.849991116599156e-6	1.1331261803880302e-8	1.0119317804620615e-9	3.9598391912989945e-5
470.0	2.243394832617127e-8	1.7029386192317134e-9	3.849991761734253e-6	1.1332369201771249e-8	1.0119199516246358e-9	3.9598392317052674e-5
471.0	2.233335990860195e-8	1.7032888564550682e-9	3.849991762378381e-6	1.1331410673256329e-8	1.0118820294161045e-9	3.9598391972872227e-5
472.0	2.2298773035420152e-8	1.701555816989741e-9	3.849992108611516e-6	1.1331430899653419e-8	1.0118073391391355e-9	3.9598392334045564e-5
473.0	2.236262625248289e-8	1.7020203935038667e-9	3.849992797744344e-6	1.1332704286578402e-8	1.0120681034999439e-9	3.959839218882719e-5
474.0	2.2378912698163287e-8	1.7036340665484257e-9	3.849992206835361e-6	1.1330148718429128e-8	1.011778615119019e-9	3.959839203600471e-5
475.0	2.2377068438613573e-8	1.703790864828049e-9	3.849991285783394e-6	1.1332281276210468e-8	1.0123054902431549e-9	3.959839216677259e-5
476.0	2.2305136692821246e-8	1.704203209755427e-9	3.849991587537702e-6	1.1329754939138242e-8	1.0121521524218683e-9	3.9598391741407714e-5
477.0	2.2334767122350987e-8	1.7036153534427223e-9	3.8499928085606746e-6	1.1330521981560092e-8	1.0122520030584917e-9	3.959839194869594e-5
478.0	2.23571494648546e-8	1.7044364775901704e-9	3.849992197970828e-6	1.1331102801093297e-8	1.0124209408044945e-9	3.959839160120247e-5
479.0	2.2321466370462064e-8	1.7018850159134324e-9	3.84999270563383e-6	1.1331070336862902e-8	1.0118909795010382e-9	3.9598391623573905e-5
480.0	2.2343848462566343e-8	1.7041123825613682e-9	3.84999154025234e-6	1.1331085191060131e-8	1.0122083531137124e-9	3.9598391495476516e-5
481.0	2.237178905547709e-8	1.703404509250117e-9	3.849991939202288e-6	1.1331310443265985e-8	1.0115018019479084e-9	3.9598391257711935e-5
482.0	2.234929059067152e-8	1.7040441456880612e-9	3.849991513090007e-6	1.1329148773720223e-8	1.0120095451029878e-9	3.959839122847465e-5
483.0	2.230866565258558e-8	1.7037427757051659e-9	3.8499918493952975e-6	1.1330332353894107e-8	1.0117468600761544e-9	3.959839087664194e-5
484.0	2.231036260377415e-8	1.7056499120151768e-9	3.849992134681825e-6	1.1329632172847158e-8	1.011893406257851e-9	3.959839106555177e-5
485.0	2.240921593006099e-8	1.7049958233206998e-9	3.849992464367159e-6	1.1329952670854898e-8	1.0122960198258346e-9	3.959839084262725e-5
486.0	2.2415161078653995e-8	1.703092826804733e-9	3.849991515273414e-6	1.1331802012835206e-8	1.0118857399180292e-9	3.9598391103288e-5
487.0	2.2310536133953057e-8	1.7035391084680975e-9	3.8499912284375505e-6	1.1329530743748327e-8	1.0124847275521351e-9	3.95983910097765e-5
488.0	2.229900155422509e-8	1.7036452618891335e-9	3.849992108475843e-6	1.1332058057739049e-8	1.0116494701006427e-9	3.9598391210361505e-5
489.0	2.2390363416122853e-8	1.70460195014415e-9	3.849991152518966e-6	1.1330527404986361e-8	1.0122938257363289e-9	3.959839110667274e-5
490.0	2.2435947845682045e-8	1.7048244703542926e-9	3.849991170007559e-6	1.1332380610384547e-8	1.011794555306755e-9	3.959839113346916e-5
491.0	2.2364383813892886e-8	1.7063008059742955e-9	3.849992046098807e-6	1.133267040104909e-8	1.0120255257539326e-9	3.959839076060242e-5
492.0	2.2281186870029438e-8	1.7045150091438407e-9	3.849992687919669e-6	1.1333625601137237e-8	1.012238918286582e-9	3.959839075106036e-5
493.0	2.2352545813738804e-8	1.703636850982731e-9	3.849991684810946e-6	1.1332885384543518e-8	1.0120440681835994e-9	3.9598390536052786e-5
494.0	2.241041219674981e-8	1.7036139668411833e-9	3.84999267326295e-6	1.1333379425265156e-8	1.0124902692857844e-9	3.9598390491248355e-5
495.0	2.2376913464441927e-8	1.7031065190838912e-9	3.849991611588254e-6	1.1331348103782625e-8	1.0118847415296932e-9	3.9598390694610876e-5
496.0	2.2315798429008514e-8	1.7038821616784012e-9	3.849990846299883e-6	1.1332302862302986e-8	1.0124418739826157e-9	3.9598390631014924e-5
497.0	2.2340201678748757e-8	1.705219594578211e-9	3.849991297060369e-6	1.1331340458093108e-8	1.0119584810487039e-9	3.959839118315303e-5
498.0	2.2369983203562064e-8	1.7053194077924842e-9	3.849992313246242e-6	1.1331013337885344e-8	1.012497232652818e-9	3.959839114689688e-5
499.0	2.2363035306396835e-8	1.7060201458887144e-9	3.849992441403189e-6	1.133116358051237e-8	1.012431118063065e-9	3.9598391584566255e-5
500.0	2.233011914424137e-8	1.7053444100435567e-9	3.849992854396463e-6	1.1328833121021356e-8	1.0126532450266543e-9	3.959839162813143e-5
501.0	2.2366909186089388e-8	1.7047031957116096e-9	3.849992249377519e-6	1.1329750757595424e-8	1.0129931352217442e-9	3.959839174097557e-5
502.0	2.2381027550400635e-8	1.7037521070758652e-9	3.849991181984788e-6	1.1328054052471042e-8	1.012532766105857e-9	3.959839197173509e-5
503.0	2.2323396117601685e-8	1.7021484983887317e-9	3.849990720651038e-6	1.1329094554048896e-8	1.0129769547028237e-9	3.959839188395859e-5
504.0	2.231767645533245e-8	1.7057849187269958e-9	3.849991207384147e-6	1.1329261582001002e-8	1.0122443113991702e-9	3.959839220355001e-5
505.0	2.239238692924473e-8	1.705051280967296e-9	3.849992328003614e-6	1.1330213369541696e-8	1.0124952823100905e-9	3.959839210849987e-5
506.0	2.2414860708297686e-8	1.7065826105555851e-9	3.849992107243704e-6	1.132925027410365e-8	1.0118507048361286e-9	3.959839231765364e-5
507.0	2.2353310625812272e-8	1.7059102316692388e-9	3.849992244423873e-6	1.1331030363490164e-8	1.0120091825872505e-9	3.959839219109817e-5
508.0	2.231421263299104e-8	1.70489685268962e-9	3.849991954108088e-6	1.1330051863187895e-8	1.011583431342192e-9	3.95983921225676e-5
509.0	2.2372789020114836e-8	1.7055479489011835e-9	3.849991409742583e-6	1.1332240777770443e-8	1.0117569876501814e-9	3.9598392113374955e-5
510.0	2.2432647132477637e-8	1.7033332507431301e-9	3.8499908788067e-6	1.1332647936008942e-8	1.0119188353683611e-9	3.9598391948252834e-5
511.0	2.2386173002352748e-8	1.7042713432092254e-9	3.8499919695182744e-6	1.133310437639615e-8	1.0117618276485759e-9	3.9598392019610454e-5
512.0	2.231802981750581e-8	1.7051891713601447e-9	3.849992257755944e-6	1.1334198304711408e-8	1.0122753418944955e-9	3.9598391845839395e-5
513.0	2.2370541853637784e-8	1.7055375495033518e-9	3.84999154311323e-6	1.1333249702920187e-8	1.0116801328746817e-9	3.959839199610378e-5
514.0	2.2401563547269976e-8	1.7067474946101163e-9	3.849991577113169e-6	1.1332679931011273e-8	1.0120075938215806e-9	3.95983919020794e-5
515.0	2.24015171590074e-8	1.7072839134079496e-9	3.849991767022864e-6	1.133225931133272e-8	1.0114855041060369e-9	3.959839204510793e-5
516.0	2.2358078426560547e-8	1.7062127346202285e-9	3.849991808992949e-6	1.1330571474438625e-8	1.0116923557755524e-9	3.959839199171318e-5
517.0	2.235047438805116e-8	1.704898102132535e-9	3.8499915275809425e-6	1.133033970746828e-8	1.0116428952572292e-9	3.9598391923869765e-5
518.0	2.2402534554725053e-8	1.7050702500388697e-9	3.849991753017959e-6	1.1329306818512175e-8	1.011994837225702e-9	3.959839198459218e-5
519.0	2.2375851661110532e-8	1.7057892449072416e-9	3.849991939360744e-6	1.132757169979022e-8	1.0124394374972956e-9	3.959839169060041e-5
520.0	2.2391592320461626e-8	1.705400393026427e-9	3.849991193961795e-6	1.132750594036098e-8	1.0125885616005441e-9	3.959839177908895e-5
521.0	2.2356878567330013e-8	1.7071465604053148e-9	3.849991414104031e-6	1.1326849026759744e-8	1.0130766140968264e-9	3.9598391473664116e-5
522.0	2.237158423672138e-8	1.7091533241408907e-9	3.849991585412051e-6	1.1327194001455838e-8	1.012922595473094e-9	3.959839151334549e-5
523.0	2.2382874863532046e-8	1.7078639422456408e-9	3.84999186102721e-6	1.1329512036994256e-8	1.0131659152959868e-9	3.959839125562711e-5
524.0	2.2371514201076338e-8	1.708363187192348e-9	3.849991746049446e-6	1.1329613868782712e-8	1.0130415968711111e-9	3.9598391274210205e-5
525.0	2.239203281166351e-8	1.7072453356675175e-9	3.849991822190829e-6	1.1332621176463178e-8	1.0131723832331994e-9	3.95983909549065e-5
526.0	2.2382278279845396e-8	1.7063439169814411e-9	3.849991654222431e-6	1.1332689158399935e-8	1.0130943212329364e-9	3.959839092631084e-5
527.0	2.2356857066809254e-8	1.7054511782063044e-9	3.849991865056459e-6	1.1333529941048315e-8	1.0129908071022708e-9	3.959839062923566e-5
528.0	2.2374579528122245e-8	1.708253219094502e-9	3.84999148514913e-6	1.1334099963077094e-8	1.0130483890147539e-9	3.959839061684149e-5
529.0	2.2373599225956213e-8	1.7076445115488334e-9	3.8499916694955885e-6	1.1332953812335081e-8	1.0127738597079238e-9	3.9598390473714224e-5
530.0	2.24111425422254e-8	1.7078530548374058e-9	3.849991213593306e-6	1.1332520340009264e-8	1.0128457289970473e-9	3.959839052211823e-5
531.0	2.2390556924287275e-8	1.7096041411949641e-9	3.84999207117e-6	1.1330315814847509e-8	1.0127876458470672e-9	3.9598390499095864e-5
532.0	2.234328640168065e-8	1.7092591389171898e-9	3.849991428929653e-6	1.1328059621462905e-8	1.0126694941830255e-9	3.959839056448049e-5
533.0	2.2370425203713053e-8	1.7085534845498952e-9	3.849991714775137e-6	1.1326045797894982e-8	1.0127227996862465e-9	3.9598390570053624e-5
534.0	2.2385853275594334e-8	1.7086647752671293e-9	3.849991741282927e-6	1.1325341604524925e-8	1.012486101339986e-9	3.959839059668301e-5
535.0	2.2441522288371645e-8	1.7090289248110719e-9	3.849991802213349e-6	1.1323909287225886e-8	1.0123173072142034e-9	3.959839048941009e-5
536.0	2.238057079515437e-8	1.7078730204206075e-9	3.849991246001174e-6	1.132764385113727e-8	1.0120157038321527e-9	3.9598390479179125e-5
537.0	2.2342069626341545e-8	1.7086750313117276e-9	3.849991219992126e-6	1.1327038079513353e-8	1.0116287441349234e-9	3.9598390539118313e-5
538.0	2.2368249133477158e-8	1.7080274799121403e-9	3.849991663163214e-6	1.1332625374054106e-8	1.0116123831102926e-9	3.959839066519181e-5
539.0	2.2411883346772726e-8	1.7081493370758993e-9	3.849991965390795e-6	1.1334382626924357e-8	1.0111541203001145e-9	3.959839087644541e-5
540.0	2.2408405761731976e-8	1.7095965468480693e-9	3.849991550020643e-6	1.1337848803908071e-8	1.0114813309891848e-9	3.959839096706874e-5
541.0	2.238755309816833e-8	1.709827905304899e-9	3.849991772901997e-6	1.1339198431657364e-8	1.011247578282602e-9	3.959839125088432e-5
542.0	2.235454529117988e-8	1.709801574613904e-9	3.8499917294222006e-6	1.1339370557360006e-8	1.0115382046899104e-9	3.9598391101421935e-5
543.0	2.237568455169624e-8	1.7106170615725696e-9	3.849991683958738e-6	1.133749455993895e-8	1.0115905080639906e-9	3.959839144474579e-5
544.0	2.2384159392735572e-8	1.710173030731257e-9	3.849991451609941e-6	1.1334370130227361e-8	1.0115993473911198e-9	3.9598390982690474e-5
545.0	2.241267540165558e-8	1.7094834722522066e-9	3.8499916711488715e-6	1.1330064762166817e-8	1.011856418298812e-9	3.959839135899127e-5
546.0	2.241223542373053e-8	1.709211534624541e-9	3.849991915432052e-6	1.1325920180539303e-8	1.0116682711224368e-9	3.9598390917952505e-5
547.0	2.238416945339217e-8	1.709511000703841e-9	3.849991068425892e-6	1.1323545772708552e-8	1.0119327838154548e-9	3.959839137360843e-5
548.0	2.2363628600540836e-8	1.7094983079511132e-9	3.84999130759062e-6	1.1319718290567111e-8	1.0117683760055081e-9	3.959839112185882e-5
549.0	2.2398323497588483e-8	1.7095670260679956e-9	3.849991826701272e-6	1.1322605942256528e-8	1.0121276452963005e-9	3.959839141315239e-5
550.0	2.2441327140098168e-8	1.7123435426764185e-9	3.8499919990531935e-6	1.1321111009238332e-8	1.0121338493014508e-9	3.959839138778613e-5
551.0	2.24084372883364e-8	1.7108558823045007e-9	3.849991738104057e-6	1.1327514050380204e-8	1.0124949344652904e-9	3.95983915304663e-5
552.0	2.2376864306119635e-8	1.7106668477146372e-9	3.849991597534835e-6	1.1330174029951413e-8	1.0127048077081761e-9	3.959839152584114e-5
553.0	2.2368684797131118e-8	1.7116602532634038e-9	3.849991218352955e-6	1.1335045679804935e-8	1.0127463040392794e-9	3.9598391624745195e-5
554.0	2.2419658965636137e-8	1.7108511673001987e-9	3.84999123488353e-6	1.1338136912298967e-8	1.0128169141784833e-9	3.9598391457526506e-5
555.0	2.2400107392465043e-8	1.7105100852015518e-9	3.849991410885086e-6	1.134057975890148e-8	1.012649873550236e-9	3.9598391697634454e-5
556.0	2.239231334426039e-8	1.7101773285706434e-9	3.849991963656353e-6	1.1339271270610884e-8	1.0127015263259415e-9	3.959839149955492e-5
557.0	2.2388523750452556e-8	1.7127166703573372e-9	3.849991699911933e-6	1.1338372126011485e-8	1.0124467081072358e-9	3.959839174126226e-5
558.0	2.242458294501093e-8	1.7117093584626963e-9	3.849991757578025e-6	1.1333470945504353e-8	1.0128168068170995e-9	3.959839159368193e-5
559.0	2.236883484495585e-8	1.712528334575623e-9	3.849991362972906e-6	1.13305401851943e-8	1.012608358934428e-9	3.959839170840064e-5
560.0	2.23903141814797e-8	1.7132647378142354e-9	3.849991165737153e-6	1.1326804812948232e-8	1.0130484810532873e-9	3.9598391933549894e-5
561.0	2.2411815953593722e-8	1.7126759655871515e-9	3.8499914045663255e-6	1.1322123295341153e-8	1.0127358035833961e-9	3.9598391726975004e-5
562.0	2.242269497767727e-8	1.7130285391853129e-9	3.849991746342755e-6	1.1322482242080763e-8	1.0129656933992554e-9	3.959839227066495e-5
563.0	2.2401313381884874e-8	1.7133859765373187e-9	3.849991469749022e-6	1.1318794406753573e-8	1.0125761604534828e-9	3.9598391798125006e-5
564.0	2.2357108488275422e-8	1.7141361476556461e-9	3.849991630171938e-6	1.1322978736221857e-8	1.0124243344909025e-9	3.9598392310442124e-5
565.0	2.245171099336993e-8	1.7141962838818067e-9	3.849991951103165e-6	1.1324225783896034e-8	1.0126698081172076e-9	3.959839175087745e-5
566.0	2.243923569777857e-8	1.7145928786197908e-9	3.849991659178256e-6	1.1329122223324655e-8	1.012307446260571e-9	3.959839192039908e-5
567.0	2.2382380134314465e-8	1.713787939332677e-9	3.8499911374496e-6	1.1333427622459492e-8	1.0130710299094414e-9	3.959839160376945e-5
568.0	2.2378806399860732e-8	1.7132024504669263e-9	3.8499914082715085e-6	1.1336254851670687e-8	1.0124468234565566e-9	3.9598391583037896e-5
569.0	2.2409296695582954e-8	1.7139110905641376e-9	3.849991778058916e-6	1.1337221831311025e-8	1.0129928781266053e-9	3.95983916282921e-5
570.0	2.2465923655350142e-8	1.7134535253182348e-9	3.84999165745873e-6	1.1338121608008401e-8	1.0124023914621944e-9	3.959839143308467e-5
571.0	2.2389145089817805e-8	1.7132361427713422e-9	3.849992019185556e-6	1.1335440158470489e-8	1.0121525431913635e-9	3.9598391688331315e-5
572.0	2.2364961286734466e-8	1.7153564933801142e-9	3.8499914616933674e-6	1.1334478088988277e-8	1.0122401265255717e-9	3.9598391447169224e-5
573.0	2.2412123139208206e-8	1.7143722902653194e-9	3.8499914238626254e-6	1.1331334118424007e-8	1.011865880371203e-9	3.9598391818692017e-5
574.0	2.244381329322454e-8	1.7156229181084622e-9	3.849991236405995e-6	1.1327667423195482e-8	1.0126992011911432e-9	3.959839144063449e-5
575.0	2.2400950891265548e-8	1.7153974527489802e-9	3.849991321270518e-6	1.1327203114627508e-8	1.0123001462233267e-9	3.9598391569437115e-5
576.0	2.239923006746283e-8	1.7146005039246298e-9	3.849991230151626e-6	1.1323310012466898e-8	1.0130475980780382e-9	3.9598391017229584e-5
577.0	2.239953596527982e-8	1.7136671395741087e-9	3.8499915091756806e-6	1.1325210229655755e-8	1.0126532534563167e-9	3.959839104305217e-5
578.0	2.243205417907696e-8	1.714868870085661e-9	3.8499917350455125e-6	1.1324258185551071e-8	1.0128019584326688e-9	3.9598390563794335e-5
579.0	2.2392634509219747e-8	1.7134102711615427e-9	3.849991305001701e-6	1.1326311621880024e-8	1.0126472637940283e-9	3.959839066401692e-5
580.0	2.2409825661176727e-8	1.7143784204115892e-9	3.8499914789485475e-6	1.1328372932547114e-8	1.0123284284324197e-9	3.959839065735709e-5
581.0	2.2462044787869007e-8	1.7158050194758506e-9	3.8499919515703205e-6	1.1329645083979645e-8	1.0126026887329551e-9	3.9598390745576706e-5
582.0	2.24028549636654e-8	1.7168352242621675e-9	3.8499907226285895e-6	1.1331753478088839e-8	1.0119119723673363e-9	3.959839097979423e-5
583.0	2.23924051054201e-8	1.7164174411861232e-9	3.849990682234303e-6	1.133290269232521e-8	1.0125597481371109e-9	3.959839076481192e-5
584.0	2.2383130760331083e-8	1.71540122347988e-9	3.849991606506338e-6	1.1332791854592987e-8	1.0120103676778481e-9	3.9598391037537606e-5
585.0	2.2464416153821245e-8	1.7169765975455737e-9	3.849992272103599e-6	1.1333046076798606e-8	1.012651065864319e-9	3.95983907976953e-5
586.0	2.245372119043994e-8	1.7151087880152912e-9	3.849991876674306e-6	1.1333318171158004e-8	1.0124966764976324e-9	3.959839097033134e-5
587.0	2.238042843397559e-8	1.7158385054750058e-9	3.8499914137774175e-6	1.1330719182654897e-8	1.0124786662035992e-9	3.9598390679730675e-5
588.0	2.2391915555894785e-8	1.7155679925866213e-9	3.849991750626718e-6	1.1332447641958242e-8	1.0126049668806122e-9	3.959839089183346e-5
589.0	2.2423379072083152e-8	1.717401474251021e-9	3.8499908784875095e-6	1.1328507982604705e-8	1.0119259463363927e-9	3.959839054080139e-5
590.0	2.24470867735874e-8	1.7166720898977638e-9	3.849991043536097e-6	1.133119864816735e-8	1.012289637424652e-9	3.9598390760121623e-5
591.0	2.241565239264593e-8	1.7184750786273377e-9	3.849991876693877e-6	1.1329322327433927e-8	1.0115508001300656e-9	3.959839044402731e-5
592.0	2.237772511911808e-8	1.716947778217911e-9	3.849992349839653e-6	1.1330788478036271e-8	1.0121740077346705e-9	3.959839050700713e-5
593.0	2.2436740491488824e-8	1.7174133325378446e-9	3.8499913437467485e-6	1.133043245214331e-8	1.0118592760635626e-9	3.959839044204762e-5
594.0	2.2407993200336334e-8	1.7165127857151868e-9	3.849990688463591e-6	1.1330633341541665e-8	1.0121406664307862e-9	3.959839034928108e-5
595.0	2.2414975753579952e-8	1.7156900202189826e-9	3.849991535616851e-6	1.1330469806501824e-8	1.0123576112986003e-9	3.959839060806666e-5
596.0	2.2429393730863856e-8	1.7178152132915923e-9	3.849991501351234e-6	1.1329955693156927e-8	1.0119695569679898e-9	3.959839042575183e-5
597.0	2.2415373590766893e-8	1.7161175778416761e-9	3.849991828279073e-6	1.1329834683116716e-8	1.0126265269138868e-9	3.959839089593834e-5
598.0	2.2424751711439603e-8	1.7192381260951641e-9	3.849991673214878e-6	1.1327974118350387e-8	1.0120166546025245e-9	3.9598390751033204e-5
599.0	2.2392021120483746e-8	1.7175535643395635e-9	3.849991734644188e-6	1.1328832526132058e-8	1.0128342047997488e-9	3.959839107141232e-5
600.0	2.2418992205934625e-8	1.7190914089594157e-9	3.849990864807212e-6	1.1326165509286273e-8	1.0126397158294105e-9	3.959839111378737e-5
601.0	2.2450495049239248e-8	1.7183415487539328e-9	3.849990648074228e-6	1.1329411767543931e-8	1.0129135468158777e-9	3.959839126724637e-5
602.0	2.239375663043761e-8	1.7172235274218358e-9	3.8499913211795885e-6	1.1326925811443545e-8	1.0131309383391351e-9	3.959839154718247e-5
603.0	2.2416098179435207e-8	1.71779185366653e-9	3.849991943211972e-6	1.1331466228740088e-8	1.012761460604408e-9	3.9598391476863936e-5
604.0	2.2420151634940874e-8	1.7183299174604003e-9	3.849991943802493e-6	1.1330527850036278e-8	1.0130659264388085e-9	3.9598391845637415e-5
605.0	2.2424990348913912e-8	1.7182645876350383e-9	3.849991520619693e-6	1.1334363051138488e-8	1.0126332029852655e-9	3.959839159638379e-5
606.0	2.2415724194613756e-8	1.719167792470465e-9	3.849991228619242e-6	1.1333726270604173e-8	1.0130549120201757e-9	3.959839174151073e-5
607.0	2.2389862657391554e-8	1.718535693148851e-9	3.849990926723631e-6	1.133577683412576e-8	1.0127868349539523e-9	3.9598391804402964e-5
608.0	2.24339631832029e-8	1.7187725739563727e-9	3.849990667811458e-6	1.1334372464515214e-8	1.0129625373539164e-9	3.959839177086603e-5
609.0	2.2418540439253224e-8	1.7183919281347942e-9	3.849991808236034e-6	1.1333999128731401e-8	1.012821659027842e-9	3.9598392107075774e-5
610.0	2.2399984558346768e-8	1.7206114374350969e-9	3.849991896794353e-6	1.1332146892265672e-8	1.012359822736224e-9	3.959839205131919e-5
611.0	2.242058051639917e-8	1.7192939789241446e-9	3.8499920047286954e-6	1.1329514249750586e-8	1.0122751737232993e-9	3.959839224024941e-5
612.0	2.2428138772706777e-8	1.7193350903611355e-9	3.849991362391849e-6	1.1328459379137964e-8	1.0118021284817027e-9	3.9598392154280616e-5
613.0	2.2424612361766183e-8	1.719852030205462e-9	3.8499912011023285e-6	1.1324615277573539e-8	1.011792371436234e-9	3.959839194952894e-5
614.0	2.2393313289204912e-8	1.7202420894410234e-9	3.84999130856911e-6	1.1326752734212293e-8	1.0117472399691998e-9	3.959839209231076e-5
615.0	2.241263677228153e-8	1.7198375388662269e-9	3.849991415618654e-6	1.13242787117258e-8	1.011667789935406e-9	3.959839162968392e-5
616.0	2.244178013628133e-8	1.719686870300296e-9	3.849991855955704e-6	1.1328140323974186e-8	1.0119861834278163e-9	3.959839216035688e-5
617.0	2.2406405491986523e-8	1.7202606675080641e-9	3.849992189827294e-6	1.1328114389109548e-8	1.0116576345641642e-9	3.959839161704123e-5
618.0	2.2396078425847345e-8	1.7196710362981002e-9	3.8499915333162635e-6	1.1331892514837222e-8	1.0120112339581965e-9	3.959839228539375e-5
619.0	2.2410733986398195e-8	1.7196742348061751e-9	3.849991292804307e-6	1.1332489090178783e-8	1.0119130067772297e-9	3.959839183703655e-5
620.0	2.2443266342288797e-8	1.7202043477945027e-9	3.8499912413158496e-6	1.133642823582574e-8	1.0120207535634955e-9	3.959839215201389e-5
621.0	2.2420737240038766e-8	1.7193930817094031e-9	3.8499914937501586e-6	1.1335589995771259e-8	1.0123757995663951e-9	3.959839194856082e-5
622.0	2.237964985681838e-8	1.7200158758768128e-9	3.849990906221496e-6	1.1337124699238297e-8	1.0121232742869027e-9	3.95983916635729e-5
623.0	2.2434069637462507e-8	1.7196391047770582e-9	3.84999147477148e-6	1.1334884651025278e-8	1.0128006002184018e-9	3.95983917810649e-5
624.0	2.244534580144161e-8	1.7202828843899908e-9	3.849991674767604e-6	1.1333611701721372e-8	1.0124411601761277e-9	3.959839116332493e-5
625.0	2.2426296373800547e-8	1.7196931540823934e-9	3.849991142672241e-6	1.133212768846865e-8	1.0127951040040572e-9	3.959839150888213e-5
626.0	2.2398812973033926e-8	1.7200014374534178e-9	3.849991100486169e-6	1.1328563854058415e-8	1.0127042612184168e-9	3.9598390999013585e-5
627.0	2.2406391313207682e-8	1.719581319588e-9	3.849991052700281e-6	1.1329968697589001e-8	1.0124976181248402e-9	3.959839118222147e-5
628.0	2.244912378259746e-8	1.7212154339100595e-9	3.849991295245288e-6	1.1326087981395398e-8	1.013062028641034e-9	3.9598390948185516e-5
629.0	2.241656641914014e-8	1.721052890142309e-9	3.84999095796516e-6	1.1328097230213698e-8	1.0122953403170156e-9	3.959839074575079e-5
630.0	2.241927232156991e-8	1.7201383643078794e-9	3.849991621666589e-6	1.132672138209158e-8	1.0129882993793247e-9	3.9598390718024716e-5
631.0	2.2420024693132807e-8	1.7230178332842205e-9	3.849991354570866e-6	1.1329060911992979e-8	1.012371628505648e-9	3.959839043501377e-5
632.0	2.240904890506007e-8	1.7198307624319198e-9	3.8499915716656286e-6	1.1329152167649025e-8	1.0125279909553503e-9	3.959839032777172e-5
633.0	2.2411136546146643e-8	1.7213503363457126e-9	3.849991045055378e-6	1.1332267064908817e-8	1.0123853334049487e-9	3.95983904065829e-5
634.0	2.2432563425431012e-8	1.7196960365582749e-9	3.849991733985832e-6	1.1332219712941165e-8	1.0121179533326428e-9	3.95983901228134e-5
635.0	2.2452840231721782e-8	1.7213947601486492e-9	3.849991747682408e-6	1.1334323454955997e-8	1.0126528365441776e-9	3.959839065564469e-5
636.0	2.240667336727364e-8	1.7215669826308788e-9	3.849991315215928e-6	1.1332439083927424e-8	1.012100226263241e-9	3.959839016502429e-5
637.0	2.236721437300962e-8	1.721906834044498e-9	3.849991909020348e-6	1.133258533094399e-8	1.012673668823167e-9	3.959839079914884e-5
638.0	2.242186589376406e-8	1.72354734089678e-9	3.8499913607232175e-6	1.1331064660423765e-8	1.012144136677873e-9	3.9598390275775086e-5
639.0	2.246893254337264e-8	1.7210055480194724e-9	3.849991466997429e-6	1.1329310487820976e-8	1.0124340208286097e-9	3.9598390764288226e-5
640.0	2.2460873143404585e-8	1.722645416916438e-9	3.849991597487424e-6	1.1330087670927527e-8	1.0123595400781736e-9	3.959839019352715e-5
641.0	2.238062034631546e-8	1.7210986452002094e-9	3.849992360990347e-6	1.1327065088924823e-8	1.0123321241757228e-9	3.959839053151301e-5
642.0	2.238686742088519e-8	1.7192057395266417e-9	3.849991462299187e-6	1.1328995479759208e-8	1.0130318869903173e-9	3.9598390044817316e-5
643.0	2.2438830229112422e-8	1.7217472831116862e-9	3.849991582536572e-6	1.1327262970013066e-8	1.0127118831887608e-9	3.959839047571007e-5
644.0	2.2455276025515217e-8	1.7229096246744563e-9	3.849991574271537e-6	1.1329716448179578e-8	1.0135958818552591e-9	3.9598390234382185e-5
645.0	2.243416305669909e-8	1.7246585741279027e-9	3.849991219316366e-6	1.1329662256373167e-8	1.0130914906784842e-9	3.959839062026038e-5
646.0	2.2410501542837705e-8	1.7235978507187135e-9	3.849991757105952e-6	1.1331832001984904e-8	1.013418964364029e-9	3.959839064980702e-5
647.0	2.2407295206653882e-8	1.7246562185060122e-9	3.849991865734252e-6	1.1332006450761115e-8	1.0129206882461432e-9	3.959839077623033e-5
648.0	2.240483619504036e-8	1.721948448629236e-9	3.849991629012016e-6	1.1333219287374721e-8	1.012790409061316e-9	3.959839114474126e-5
649.0	2.243296325630302e-8	1.7213891114835298e-9	3.849991340382207e-6	1.1332109823611138e-8	1.012778876332261e-9	3.9598390938514365e-5
650.0	2.2468468346117147e-8	1.7207917702321164e-9	3.849991223346148e-6	1.1332301926224428e-8	1.0124174042813774e-9	3.95983914709586e-5
651.0	2.244270671042481e-8	1.7212651295612287e-9	3.8499913469010755e-6	1.1331144389922186e-8	1.012936140359152e-9	3.959839112896938e-5
652.0	2.238290754705497e-8	1.7226964289041487e-9	3.8499913115891765e-6	1.132945132501142e-8	1.0122887434964188e-9	3.959839173580806e-5
653.0	2.238541609057973e-8	1.7245685149110405e-9	3.849991553992838e-6	1.1330061371764766e-8	1.0128010539944837e-9	3.959839131346228e-5
654.0	2.244519656793302e-8	1.725713737781823e-9	3.849991439328785e-6	1.1327784689369228e-8	1.0122072443579273e-9	3.959839186870454e-5
655.0	2.2470511623098155e-8	1.725151306221762e-9	3.849991551246666e-6	1.1329098687106632e-8	1.0122775633698675e-9	3.95983915369831e-5
656.0	2.2424844888305565e-8	1.7249500005179955e-9	3.849991292602152e-6	1.132796858728111e-8	1.0120511104308964e-9	3.959839199735912e-5
657.0	2.2387471647729667e-8	1.7230329901973319e-9	3.849991541645463e-6	1.1329868556710072e-8	1.0117101502726599e-9	3.9598391774464544e-5
658.0	2.2407799598538114e-8	1.7227438015581574e-9	3.8499916412771086e-6	1.1329725928429557e-8	1.012221253699759e-9	3.959839215669647e-5
659.0	2.2430228561333177e-8	1.721523978858334e-9	3.849991113573724e-6	1.1331812731521114e-8	1.0116218424571874e-9	3.959839202540805e-5
660.0	2.243975525333266e-8	1.7236468936253373e-9	3.849991391417223e-6	1.133194329901874e-8	1.0123905066090037e-9	3.959839234019991e-5
661.0	2.246760539895703e-8	1.7240602949888876e-9	3.849991410898433e-6	1.133320448890192e-8	1.011916124970925e-9	3.959839231181258e-5
662.0	2.2391981278334855e-8	1.725229007714718e-9	3.849991907272483e-6	1.1333199721770021e-8	1.012466616462177e-9	3.9598392430662614e-5
663.0	2.2408556144093625e-8	1.7252411232423856e-9	3.849991547229137e-6	1.1332731616329354e-8	1.0122582199986818e-9	3.959839257849694e-5
664.0	2.2402235020105978e-8	1.7245152266202258e-9	3.849991391260563e-6	1.1332889372207458e-8	1.0123681903784578e-9	3.959839252993438e-5
665.0	2.24757908110353e-8	1.7243297095121456e-9	3.849991304791236e-6	1.133049848673244e-8	1.0126839485814188e-9	3.959839265659566e-5
666.0	2.247969141882987e-8	1.722600077152303e-9	3.849990923474845e-6	1.1331120763804295e-8	1.0123116198159684e-9	3.9598392591605515e-5
667.0	2.239441752732847e-8	1.7214301532509716e-9	3.849990984327024e-6	1.1328246745600583e-8	1.0128423533025088e-9	3.959839239451677e-5
668.0	2.2410086010175805e-8	1.7219889919174915e-9	3.849991424246722e-6	1.1329530294896799e-8	1.012393542368387e-9	3.959839249475465e-5
669.0	2.245013880947782e-8	1.7221612205595807e-9	3.849992536859466e-6	1.1327832439830955e-8	1.0126940717709257e-9	3.9598391828976935e-5
670.0	2.245518550512397e-8	1.7247785538426955e-9	3.849990910337519e-6	1.1330115516178513e-8	1.01254399928736e-9	3.9598392073000906e-5
671.0	2.2432302221873374e-8	1.7243087333116587e-9	3.849990841307957e-6	1.1329728344918687e-8	1.01269411234662e-9	3.959839138722615e-5
672.0	2.2397626625816267e-8	1.7258117787822548e-9	3.849991081878285e-6	1.1332105138147299e-8	1.0125715151511608e-9	3.959839166698237e-5
673.0	2.243211198598275e-8	1.7240838187519968e-9	3.849991043484699e-6	1.1332164500538216e-8	1.012630889072223e-9	3.959839143935122e-5
674.0	2.2431494213859182e-8	1.7242304372534206e-9	3.849990861886675e-6	1.1333272001232344e-8	1.0125920954622439e-9	3.959839145339454e-5
675.0	2.241007666141654e-8	1.725197327219613e-9	3.8499923344686285e-6	1.1333740952531203e-8	1.012509862100945e-9	3.9598391633137476e-5
676.0	2.244269998332572e-8	1.7227085482337164e-9	3.849991850841294e-6	1.1332256517473682e-8	1.0128455679544355e-9	3.9598391252537864e-5
677.0	2.244752552215186e-8	1.7232983397060435e-9	3.849990804964006e-6	1.1333167510851415e-8	1.0126417822072372e-9	3.959839167905112e-5
678.0	2.2435292053415283e-8	1.7241828436950776e-9	3.849991271863976e-6	1.132910564637326e-8	1.013118770804743e-9	3.9598391165989203e-5
679.0	2.23858508477419e-8	1.7247788635515502e-9	3.849991336209644e-6	1.1329903457929594e-8	1.012727956925608e-9	3.959839154385375e-5
680.0	2.2445706278679564e-8	1.7252513559392834e-9	3.849991078467831e-6	1.1325606014198635e-8	1.0129674536646356e-9	3.959839108720266e-5
681.0	2.247517076585497e-8	1.7256736143576948e-9	3.849991725581644e-6	1.1327350463640529e-8	1.0125457811352826e-9	3.9598391332689224e-5
682.0	2.2440532641221615e-8	1.724949713565483e-9	3.849992094402502e-6	1.1325086314242278e-8	1.0126027011183788e-9	3.95983909521849e-5
683.0	2.240161649919691e-8	1.7242162015363177e-9	3.8499912372000225e-6	1.132803304195975e-8	1.0126096142150084e-9	3.9598391042372185e-5
684.0	2.2407312961681243e-8	1.7247470966802487e-9	3.84999094139909e-6	1.1327624879934618e-8	1.0125302670341977e-9	3.9598390776169164e-5
685.0	2.248563745790863e-8	1.724708041172135e-9	3.849991331599374e-6	1.1332020035875296e-8	1.01308613763919e-9	3.95983907681443e-5
686.0	2.246191884138294e-8	1.724842565491503e-9	3.849991171707693e-6	1.1331593987286264e-8	1.0126745902065017e-9	3.959839056648858e-5
687.0	2.237813045687441e-8	1.7253875892713957e-9	3.849991062746358e-6	1.1334514169319071e-8	1.0132643982094055e-9	3.959839074159242e-5
688.0	2.244041724807538e-8	1.7267827775157281e-9	3.849991772944938e-6	1.1334849087964524e-8	1.0124923055044546e-9	3.959839061630513e-5
689.0	2.2448334907546103e-8	1.7261704291516344e-9	3.849991996870017e-6	1.1334736696938135e-8	1.0126367744320461e-9	3.959839093244028e-5
690.0	2.2482856237795504e-8	1.7271294714295006e-9	3.849990960142331e-6	1.1335580070693955e-8	1.0122703200474155e-9	3.959839082462263e-5
691.0	2.240569811239521e-8	1.7261408537765945e-9	3.8499904881383076e-6	1.1332175234161355e-8	1.0121477260293197e-9	3.959839099743754e-5
692.0	2.2402534740880653e-8	1.7254650461030298e-9	3.849991343579658e-6	1.1333374029585767e-8	1.0126621012230597e-9	3.959839090380446e-5
693.0	2.2466084444862307e-8	1.7248538293725998e-9	3.8499911213188485e-6	1.1328249666008931e-8	1.0122797486738215e-9	3.959839100193056e-5
694.0	2.245005057589859e-8	1.7250281981477832e-9	3.849990717977466e-6	1.1329498040669901e-8	1.0131778565504988e-9	3.959839114434085e-5
695.0	2.2434901444288845e-8	1.7257579917850187e-9	3.849992016890497e-6	1.132665043446732e-8	1.0123912804041155e-9	3.9598390970494494e-5
696.0	2.2418337655366177e-8	1.726566207585065e-9	3.849991916723956e-6	1.1328172022055804e-8	1.0128641471896109e-9	3.959839123078006e-5
697.0	2.2441415332192735e-8	1.7262699091841723e-9	3.849991378128337e-6	1.1327061647805538e-8	1.0122383336432984e-9	3.9598390938534924e-5
698.0	2.246221092590295e-8	1.7275395494299382e-9	3.849990815495859e-6	1.1329844923518331e-8	1.012381083278009e-9	3.959839122620961e-5
699.0	2.2432640945983704e-8	1.7258830617997196e-9	3.849991330074248e-6	1.1329374755164068e-8	1.0125681478758748e-9	3.959839095711971e-5
700.0	2.2433912717739217e-8	1.7271482548385238e-9	3.849991012572499e-6	1.1331649563012263e-8	1.0126602847512104e-9	3.959839132497049e-5
701.0	2.2450131461946555e-8	1.7270067967044655e-9	3.849990972511882e-6	1.1331670251336315e-8	1.013390256565138e-9	3.959839112498918e-5
702.0	2.2447063438826388e-8	1.7253728978418983e-9	3.849991815553276e-6	1.1332681561628824e-8	1.0129903049304203e-9	3.95983916159927e-5
703.0	2.243569816160843e-8	1.726122826722322e-9	3.849991903758397e-6	1.1332711904809462e-8	1.0134138710087354e-9	3.959839136174087e-5
704.0	2.2429204670304917e-8	1.7265738768721355e-9	3.849991817851262e-6	1.13311152246662e-8	1.0126333872790353e-9	3.9598391678150474e-5
705.0	2.245678998135129e-8	1.7274645569510036e-9	3.849990662133824e-6	1.1332153876909703e-8	1.0128894421027156e-9	3.959839161665207e-5
706.0	2.246024070287199e-8	1.7269577149242665e-9	3.849991129550734e-6	1.132876772943879e-8	1.0127104313057556e-9	3.9598391878110646e-5
707.0	2.244057560493069e-8	1.7285106791360648e-9	3.849991011370887e-6	1.133113248671466e-8	1.01290018167669e-9	3.9598392182675315e-5
708.0	2.2412946361148944e-8	1.7271476408407394e-9	3.849991010645761e-6	1.13290259223015e-8	1.0131343005877773e-9	3.9598392201378195e-5
709.0	2.244722235569542e-8	1.7267223353679376e-9	3.849991420572926e-6	1.1330775422022918e-8	1.0127706069203543e-9	3.959839270185758e-5
710.0	2.2485005082194053e-8	1.727945907424964e-9	3.8499917339013735e-6	1.1330130901426905e-8	1.013016823248283e-9	3.9598392211037454e-5
711.0	2.2471265763059353e-8	1.7271649902286517e-9	3.8499912840089384e-6	1.1331215837707478e-8	1.0121989365707967e-9	3.959839270665047e-5
712.0	2.2415669682255423e-8	1.7264044087132607e-9	3.849991097963227e-6	1.133225418328673e-8	1.0127440043660853e-9	3.959839202795905e-5
713.0	2.242631398519418e-8	1.7276425030836135e-9	3.849991381401713e-6	1.1332375321804149e-8	1.0123830285644173e-9	3.959839248577349e-5
714.0	2.2452242665743365e-8	1.7278242645864538e-9	3.849991440155049e-6	1.133297447042069e-8	1.0129161973640662e-9	3.95983919189796e-5
715.0	2.251043126152514e-8	1.7293004970743937e-9	3.8499914734584924e-6	1.1331752726108701e-8	1.0127444059775174e-9	3.959839215464316e-5
716.0	2.245733551399441e-8	1.728663092831377e-9	3.849991742601055e-6	1.133049291567347e-8	1.0129358001219723e-9	3.959839187956446e-5
717.0	2.240954057795235e-8	1.7293753059161345e-9	3.849991682899785e-6	1.1328069416413465e-8	1.0127488534379153e-9	3.959839187203373e-5
718.0	2.244443619836695e-8	1.728020536194041e-9	3.849991601790296e-6	1.1327878055330132e-8	1.0125378423152634e-9	3.959839195282072e-5
719.0	2.246224123407548e-8	1.7275133337835375e-9	3.849990776814503e-6	1.1325539060819947e-8	1.012752548179128e-9	3.9598391826673466e-5
720.0	2.2493665085223153e-8	1.7282281038931824e-9	3.84999147390336e-6	1.1327685414473531e-8	1.012366905754627e-9	3.959839192593142e-5
721.0	2.2447303971673825e-8	1.7281424269363582e-9	3.849991462873866e-6	1.13267964908762e-8	1.0129834758907213e-9	3.959839182976902e-5
722.0	2.241672137832583e-8	1.727968236303339e-9	3.849991364879286e-6	1.1329266598344157e-8	1.0125950727855265e-9	3.959839183129265e-5
723.0	2.2452545856289512e-8	1.728455299402969e-9	3.8499919045783395e-6	1.1330264176366548e-8	1.013218754530793e-9	3.959839189537932e-5
724.0	2.242935506378335e-8	1.7295579231804615e-9	3.849991916025554e-6	1.1331960568375452e-8	1.012742212904267e-9	3.9598391793403116e-5
725.0	2.2465523418249528e-8	1.7286045611644673e-9	3.8499912006245045e-6	1.1334978036187833e-8	1.012922932979182e-9	3.959839187067154e-5
726.0	2.2448952332563455e-8	1.7291992684606527e-9	3.849990593241378e-6	1.1335297643739298e-8	1.0128384747340963e-9	3.959839189095788e-5
727.0	2.2440393593578968e-8	1.7284413035915685e-9	3.849991201735097e-6	1.1337455679423706e-8	1.012595120931551e-9	3.959839184452059e-5
728.0	2.2437521938064003e-8	1.7280848024305316e-9	3.849991155282076e-6	1.1334934488431756e-8	1.0127870370085948e-9	3.959839176753939e-5
729.0	2.2423928433889818e-8	1.7273340725097617e-9	3.849990877817857e-6	1.1334292341788797e-8	1.0121263478826846e-9	3.9598391500624836e-5
730.0	2.24626094675019e-8	1.7283477715393773e-9	3.849991945246067e-6	1.1330023301229912e-8	1.0124613456305194e-9	3.959839130659323e-5
731.0	2.248011669161518e-8	1.72908378595168e-9	3.849992049471414e-6	1.1328537726696013e-8	1.0118690032160905e-9	3.9598391078233175e-5
732.0	2.244846468020937e-8	1.7285371344479546e-9	3.849990948981223e-6	1.1324459755282e-8	1.0122404196124307e-9	3.9598390991175874e-5
733.0	2.24342029611778e-8	1.7298611279562701e-9	3.849991367645196e-6	1.1325336109514854e-8	1.0121356105856872e-9	3.9598390902956254e-5
734.0	2.241295565551255e-8	1.7300484924297952e-9	3.8499916060522855e-6	1.1323388574431175e-8	1.012288943164298e-9	3.95983908766958e-5
735.0	2.2471388527516934e-8	1.7298130344277075e-9	3.849990761838947e-6	1.1326549628717266e-8	1.0124685761225878e-9	3.959839074378649e-5
736.0	2.245260448088271e-8	1.7299493709489839e-9	3.849990857579698e-6	1.1328118444297163e-8	1.0121981631927006e-9	3.9598390795006005e-5
737.0	2.244753069510538e-8	1.7282659946675308e-9	3.84999163709666e-6	1.1331465947989302e-8	1.0124004150382708e-9	3.959839044738967e-5
738.0	2.243715917391416e-8	1.730262288478798e-9	3.849991216947506e-6	1.1335381540266889e-8	1.0120845527061785e-9	3.959839094153779e-5
739.0	2.2440760630449662e-8	1.7285014626715955e-9	3.849991413188341e-6	1.1336904377048954e-8	1.012184850084265e-9	3.959839050168925e-5
740.0	2.2451599898559655e-8	1.7303726436113058e-9	3.849992196563686e-6	1.1340569828012068e-8	1.0122299162396086e-9	3.9598391376095516e-5
741.0	2.2454705147177768e-8	1.7306626173602247e-9	3.849991871689579e-6	1.1338701787566834e-8	1.0123983994798257e-9	3.9598390863697605e-5
742.0	2.244697308520761e-8	1.7302081476836908e-9	3.849991121346857e-6	1.1338988551997506e-8	1.0125465103837696e-9	3.959839169697263e-5
743.0	2.245284383095709e-8	1.730654288593511e-9	3.849990826317439e-6	1.1334044544353699e-8	1.0128737632094035e-9	3.959839119914991e-5
744.0	2.2450301382144714e-8	1.729765062704679e-9	3.849990997937627e-6	1.1331218773123715e-8	1.0128360157566446e-9	3.959839156198243e-5
745.0	2.243670226464794e-8	1.7323573882299854e-9	3.8499906851884525e-6	1.1325252219663562e-8	1.0132930463605524e-9	3.959839136636173e-5
746.0	2.2457442666741742e-8	1.7311701086793867e-9	3.8499918298632565e-6	1.1323400678279207e-8	1.0132291716290706e-9	3.959839126846796e-5
747.0	2.246573148459155e-8	1.7308392100184474e-9	3.849992126522368e-6	1.1319360832797039e-8	1.0134465567064284e-9	3.9598391576541004e-5
748.0	2.245515494466708e-8	1.7334384965447747e-9	3.84999219689234e-6	1.132069212288858e-8	1.0132132501675323e-9	3.959839112102737e-5
749.0	2.244604867681804e-8	1.7318366037243694e-9	3.84999147837721e-6	1.1321746069315488e-8	1.0128836510287154e-9	3.95983916266116e-5
750.0	2.2449802766843235e-8	1.732004070552361e-9	3.849991014804642e-6	1.132549114954125e-8	1.0127867017424024e-9	3.959839103409007e-5
751.0	2.245709679429515e-8	1.7323789648109193e-9	3.8499912472389096e-6	1.1331143045435666e-8	1.0121883994687458e-9	3.9598391545941905e-5
752.0	2.2457212271988002e-8	1.7315331515715248e-9	3.849990909149831e-6	1.1335487363539565e-8	1.0127224181074197e-9	3.95983912449337e-5
753.0	2.2421354363762402e-8	1.730938062571129e-9	3.849991875877582e-6	1.1341697014705562e-8	1.012302259420601e-9	3.9598391691973516e-5
754.0	2.246229394830642e-8	1.731881012171124e-9	3.849991975516149e-6	1.134245478948383e-8	1.0130314030177828e-9	3.959839158927599e-5
755.0	2.2473648633433486e-8	1.7314887750048624e-9	3.84999204110467e-6	1.1344358388753752e-8	1.0127744509807944e-9	3.9598391900215096e-5
756.0	2.2460772465983286e-8	1.7319226122905543e-9	3.849991371645203e-6	1.134005850695195e-8	1.0131306527381845e-9	3.959839195413531e-5
757.0	2.2425183674929934e-8	1.732094048131386e-9	3.849991519223694e-6	1.1336619884543492e-8	1.0128738736887262e-9	3.959839218604687e-5
758.0	2.243514235801954e-8	1.7321995960414936e-9	3.849991324892998e-6	1.1329680319544253e-8	1.0123949963670922e-9	3.959839236359076e-5
759.0	2.2486973158269505e-8	1.7319416769863918e-9	3.849991187012661e-6	1.1325099537843466e-8	1.012557358774288e-9	3.9598392502588946e-5
760.0	2.248375770624312e-8	1.7322099962380667e-9	3.849991834641745e-6	1.1319105441613019e-8	1.011779363195613e-9	3.959839266299945e-5
761.0	2.2455332944751924e-8	1.7315175278700401e-9	3.849992187539007e-6	1.1318090147749282e-8	1.0123043839559451e-9	3.9598392707838825e-5
762.0	2.2415267520880755e-8	1.7329661040093552e-9	3.849991368922334e-6	1.1317075335999574e-8	1.011866746561185e-9	3.9598392940535676e-5
763.0	2.246504323646292e-8	1.7330855357986285e-9	3.849991222851295e-6	1.1320744404945894e-8	1.0126068652049698e-9	3.9598392888096097e-5
764.0	2.2483073908889054e-8	1.7326466966794987e-9	3.849991580356779e-6	1.1325497418159867e-8	1.01272276161354e-9	3.9598393311820994e-5
765.0	2.2460152999913152e-8	1.7332059713424553e-9	3.8499914362116696e-6	1.1331633683169549e-8	1.0127858004185994e-9	3.9598392929288176e-5
766.0	2.245208610961508e-8	1.7316028825634541e-9	3.8499916699089084e-6	1.1338482429702625e-8	1.0131927546165928e-9	3.959839328907141e-5
767.0	2.2435380136140265e-8	1.7314848281519426e-9	3.849991871078109e-6	1.1341892457363088e-8	1.0125189937320224e-9	3.959839265028521e-5
768.0	2.245776208587687e-8	1.7298842682835496e-9	3.849992191959937e-6	1.1345159802428529e-8	1.0129242777857553e-9	3.959839276279972e-5
769.0	2.244270308455232e-8	1.7315214164456956e-9	3.849991203987548e-6	1.1343171105337574e-8	1.0122513009550269e-9	3.959839220635586e-5
770.0	2.245040670408408e-8	1.7305087602736497e-9	3.849991146998609e-6	1.1340866999405018e-8	1.012614373982959e-9	3.959839194751343e-5
771.0	2.2490224335877184e-8	1.7322925483123065e-9	3.849991275687204e-6	1.1335062029925175e-8	1.0125357076359067e-9	3.959839185765168e-5
772.0	2.2455056146795068e-8	1.7327271162588772e-9	3.849991759859357e-6	1.1329845287481619e-8	1.0125797319287218e-9	3.959839147074923e-5
773.0	2.243690097251035e-8	1.7334215730743695e-9	3.849990973415379e-6	1.1324304023728857e-8	1.0127777193127728e-9	3.9598391887667624e-5
774.0	2.2421236275248662e-8	1.7326030308647671e-9	3.8499915227712e-6	1.1320563579890633e-8	1.0124161299334345e-9	3.95983914888088e-5
775.0	2.250400495293476e-8	1.7323171876620927e-9	3.849991871933855e-6	1.1318211235227765e-8	1.0128629769766784e-9	3.9598391934083166e-5
776.0	2.2506055240274968e-8	1.7319688511919406e-9	3.849991584933924e-6	1.1318637392124113e-8	1.0125674900217122e-9	3.9598391532182404e-5
777.0	2.2458697955613755e-8	1.731994195756786e-9	3.849991508825004e-6	1.1320719939812005e-8	1.0129536062459449e-9	3.9598391782471526e-5
778.0	2.2415108455893425e-8	1.7324957770692656e-9	3.849991780701854e-6	1.1325019736644775e-8	1.0130541797037599e-9	3.959839145772119e-5
779.0	2.2464138062154625e-8	1.7325875224925214e-9	3.8499914383837975e-6	1.133002427843218e-8	1.0129646885836569e-9	3.959839140201444e-5
780.0	2.2509156826652084e-8	1.7327974332622037e-9	3.849990957562572e-6	1.1335885148026796e-8	1.0131508487167375e-9	3.959839124480435e-5
781.0	2.247674754452639e-8	1.7331674686434919e-9	3.8499914816970305e-6	1.1339794018675612e-8	1.0127218289800481e-9	3.959839103318443e-5
782.0	2.2422722287427597e-8	1.732508224176957e-9	3.849992125518542e-6	1.1342018892691233e-8	1.0131289871833541e-9	3.9598391090120395e-5
783.0	2.2456436828369357e-8	1.7323251801988428e-9	3.849992348466863e-6	1.1341553782374531e-8	1.012898913020302e-9	3.959839094164287e-5
784.0	2.245512101895924e-8	1.7332662358129033e-9	3.849991986570969e-6	1.133916355831414e-8	1.0132001724355002e-9	3.9598390832077825e-5
785.0	2.2475958003247847e-8	1.733036249609386e-9	3.8499916220824475e-6	1.1334627482033654e-8	1.0133951014620634e-9	3.959839085885031e-5
786.0	2.2434432862738595e-8	1.7340444639586622e-9	3.849991199166724e-6	1.1331245606398311e-8	1.0131766261025598e-9	3.95983906265469e-5
787.0	2.2469086702937646e-8	1.734130467271048e-9	3.8499912125329145e-6	1.1326148700257221e-8	1.0134097862568886e-9	3.959839074375278e-5
788.0	2.2480174096781938e-8	1.7327401141971531e-9	3.8499914524710955e-6	1.1323464089206323e-8	1.0128809108223274e-9	3.9598390697120777e-5
789.0	2.2440786956708458e-8	1.734063028486002e-9	3.849991606299495e-6	1.1320315190001914e-8	1.0131321170556938e-9	3.959839083235951e-5
790.0	2.2449554008198934e-8	1.7335251892962184e-9	3.849992477258484e-6	1.1320675382222661e-8	1.0129148009468818e-9	3.959839101834875e-5
791.0	2.2474655019687246e-8	1.7333517738771898e-9	3.84999073317954e-6	1.132144697002533e-8	1.0129819498210115e-9	3.959839095658906e-5
792.0	2.249934826979969e-8	1.7337656476543953e-9	3.849990910460173e-6	1.1324700732341825e-8	1.0130667657635922e-9	3.959839115049752e-5
793.0	2.2462210692398275e-8	1.7350389875407925e-9	3.8499916438979395e-6	1.132880520721306e-8	1.0126921587558724e-9	3.959839093912527e-5
794.0	2.243078874585694e-8	1.7348221287476518e-9	3.849991700684991e-6	1.1332571097715245e-8	1.0128766348171467e-9	3.959839110845102e-5
795.0	2.2461099886698978e-8	1.7342186352463045e-9	3.849991262198198e-6	1.1336343041759669e-8	1.0123765031488265e-9	3.959839089202668e-5
796.0	2.2486325410763613e-8	1.7344401979837834e-9	3.849991986679034e-6	1.1337433189410857e-8	1.0126017644090461e-9	3.959839111749707e-5
797.0	2.2466958737962578e-8	1.7333793211517865e-9	3.849991234370382e-6	1.1339381497193784e-8	1.0125569598683008e-9	3.9598391079609624e-5
798.0	2.2460353126440996e-8	1.732392236896558e-9	3.849990357212591e-6	1.1337504422574822e-8	1.0126625538790797e-9	3.9598391243123723e-5
799.0	2.2455208295247116e-8	1.7336949617023875e-9	3.84999139301289e-6	1.1337820686747391e-8	1.0128919803527614e-9	3.959839141376219e-5
800.0	2.2464350231581684e-8	1.7340857280705567e-9	3.849991848964548e-6	1.1334187200461894e-8	1.0127308169956287e-9	3.959839144103178e-5
