turn	ele_ex	ele_ey	ele_ez	pro_ex	pro_ey	pro_ez
0.0	2.042908293953415e-8	1.6115840823421875e-9	3.8499871731240865e-6	1.1281249147272375e-8	1.0034676489862682e-9	3.959997587408601e-5
1.0	2.0893857542610142e-8	1.6245198825807698e-9	3.849987604307186e-6	1.1285486305005416e-8	1.0050211690957803e-9	3.959997591010301e-5
2.0	2.0999148290517083e-8	1.6229231186165576e-9	3.849988230229331e-6	1.1296301945993673e-8	1.0047934986283791e-9	3.959997611534939e-5
3.0	2.0846920710625354e-8	1.631325973849369e-9	3.849988446464495e-6	1.1313729928895337e-8	1.0067312069911238e-9	3.9599975788321196e-5
4.0	2.0722493971212094e-8	1.6443551925071896e-9	3.8499879860647496e-6	1.1324470401021851e-8	1.0073625552769457e-9	3.959997617357514e-5
5.0	2.1307941760734397e-8	1.6341518345938516e-9	3.849987515875944e-6	1.1333433161859205e-8	1.007656278634092e-9	3.95999757535737e-5
6.0	2.1882248963911166e-8	1.6422421072926031e-9	3.849986778935068e-6	1.134346474656349e-8	1.008844748943658e-9	3.959997594169916e-5
7.0	2.1518155793001014e-8	1.6362422137698598e-9	3.8499876171037775e-6	1.134885617363032e-8	1.0084808736169709e-9	3.959997559883022e-5
8.0	2.131967851014724e-8	1.6376973906735717e-9	3.8499880091691106e-6	1.134684140736904e-8	1.0095962175177964e-9	3.959997547062896e-5
9.0	2.1670508283169928e-8	1.649648363028373e-9	3.849987879150403e-6	1.1340193343402368e-8	1.0092389365752441e-9	3.95999756164633e-5
10.0	2.242274344997361e-8	1.6432232083200033e-9	3.84998811168598e-6	1.132790517328389e-8	1.01058700894273e-9	3.95999752763869e-5
11.0	2.2303828111338064e-8	1.6495332833585443e-9	3.849987725145675e-6	1.1306569926762304e-8	1.0107475252492898e-9	3.95999756115576e-5
12.0	2.1817353747622037e-8	1.6511618444607564e-9	3.849987160642085e-6	1.129847754692645e-8	1.0114565751214308e-9	3.9599975075377074e-5
13.0	2.188905202320178e-8	1.6493915468512534e-9	3.849987700865481e-6	1.1288899935561001e-8	1.0117325111973663e-9	3.95999752404728e-5
14.0	2.2314864085570843e-8	1.6536149498457136e-9	3.849988387088485e-6	1.1285829464246128e-8	1.0116932543469328e-9	3.959997502371828e-5
15.0	2.2435956204280407e-8	1.649355630671159e-9	3.849987300727297e-6	1.1285563510339166e-8	1.0117375475509648e-9	3.959997491769571e-5
16.0	2.2176205969535887e-8	1.6479662509852092e-9	3.849986981587615e-6	1.1293380937900287e-8	1.0107250035815704e-9	3.9599974766620954e-5
17.0	2.2061012256265224e-8	1.6478538109771169e-9	3.849987859151937e-6	1.1301689949825851e-8	1.0109336115188925e-9	3.959997432306884e-5
18.0	2.2140339991087262e-8	1.648526341419426e-9	3.849987553404879e-6	1.1313818892406469e-8	1.0094620934367468e-9	3.959997432166518e-5
19.0	2.219300932393189e-8	1.650671300132406e-9	3.849988119233468e-6	1.132427327584509e-8	1.0095679941404542e-9	3.9599974028945524e-5
20.0	2.2198053855177813e-8	1.6527514147816176e-9	3.849988006457904e-6	1.1335443990391883e-8	1.0085871086595394e-9	3.95999741216517e-5
21.0	2.2225501138400055e-8	1.6522682698694852e-9	3.849986812200984e-6	1.1336178053308975e-8	1.00858104230842e-9	3.959997412433618e-5
22.0	2.217836303155118e-8	1.652754369754413e-9	3.84998684505017e-6	1.1341513326425843e-8	1.0081257934472413e-9	3.9599974036956355e-5
23.0	2.213787450321045e-8	1.6519949345258373e-9	3.849987592105913e-6	1.1333440470562658e-8	1.007837487964297e-9	3.9599974414583816e-5
24.0	2.2113387634981665e-8	1.6507923390993047e-9	3.849987866345469e-6	1.1327786161679767e-8	1.0078940606969295e-9	3.9599974034148664e-5
25.0	2.221826031694248e-8	1.6503110566406061e-9	3.8499880579345295e-6	1.1318329923032302e-8	1.0072980562798188e-9	3.959997451663171e-5
26.0	2.2268560533251056e-8	1.6515347067794015e-9	3.849987579886108e-6	1.1311068437386601e-8	1.007772155132043e-9	3.959997410422832e-5
27.0	2.2201254080708717e-8	1.6514390280851737e-9	3.849986556326418e-6	1.1303239868786287e-8	1.007143227872499e-9	3.959997470856335e-5
28.0	2.2160931840404332e-8	1.6518621487063333e-9	3.849986404519225e-6	1.1302664241919777e-8	1.0079564737470979e-9	3.9599974519182146e-5
29.0	2.21563373536306e-8	1.6542409486178362e-9	3.84998741741541e-6	1.1301132549043968e-8	1.007749836152494e-9	3.9599975072426235e-5
30.0	2.2207362403842153e-8	1.6544067146220962e-9	3.849988250023425e-6	1.1307345533235873e-8	1.008491080040344e-9	3.9599975062702595e-5
31.0	2.2242110011807633e-8	1.6542079166260842e-9	3.8499881719907185e-6	1.1312277647644203e-8	1.0088364714806816e-9	3.959997527591819e-5
32.0	2.2215633655165814e-8	1.6537103210723779e-9	3.849987469684134e-6	1.131945552131218e-8	1.0090602927804372e-9	3.959997539299207e-5
33.0	2.2214768243048504e-8	1.654043085617541e-9	3.849987106880063e-6	1.1327568369093212e-8	1.0097918898547626e-9	3.959997514339614e-5
34.0	2.215697110919301e-8	1.6536391859325265e-9	3.849986426640814e-6	1.1328579383443489e-8	1.009434215165472e-9	3.959997548564054e-5
35.0	2.2194149825121814e-8	1.654586421461436e-9	3.849986741708275e-6	1.1333862737798005e-8	1.010062655097556e-9	3.959997493432666e-5
36.0	2.2237690133727547e-8	1.6555537493691616e-9	3.8499876307457445e-6	1.1327598117587218e-8	1.0095298968002357e-9	3.959997529030776e-5
37.0	2.225634181167145e-8	1.6558474261689347e-9	3.849988371155646e-6	1.1327611036669071e-8	1.009868331060202e-9	3.9599974758290216e-5
38.0	2.2205061872392527e-8	1.6560909679332063e-9	3.84998788331663e-6	1.1318678717639207e-8	1.009656717183885e-9	3.959997493473168e-5
39.0	2.2181297586005753e-8	1.6555898007310006e-9	3.849987216214039e-6	1.1317447171799899e-8	1.009946560204878e-9	3.9599974699406146e-5
40.0	2.2224324028628484e-8	1.6556561516674187e-9	3.849986925715878e-6	1.1308912382367586e-8	1.010067093981534e-9	3.9599974814871156e-5
41.0	2.2260006910910806e-8	1.657305363023176e-9	3.849986242084452e-6	1.1310767857444181e-8	1.0099974195717168e-9	3.9599974843145e-5
42.0	2.2218858550158573e-8	1.6558445043915895e-9	3.849986773803481e-6	1.1305298702738362e-8	1.0100923027210088e-9	3.959997492783232e-5
43.0	2.2211487658438993e-8	1.6576535080124838e-9	3.849988013601334e-6	1.1312512191422187e-8	1.009236883596857e-9	3.959997499961052e-5
44.0	2.220398937825786e-8	1.6581995719961666e-9	3.849988481479538e-6	1.1312832401275724e-8	1.0091410206442472e-9	3.9599975057834277e-5
45.0	2.2251117528957808e-8	1.6582059011750776e-9	3.8499876011673566e-6	1.132085273672003e-8	1.0082153325004761e-9	3.959997505143753e-5
46.0	2.220201027788995e-8	1.6580677991990255e-9	3.849986827185233e-6	1.1324022347509327e-8	1.0083041343727376e-9	3.959997505670361e-5
47.0	2.2196462474914417e-8	1.657711225318365e-9	3.849987318359747e-6	1.1328065679206918e-8	1.0081669614105333e-9	3.959997505780956e-5
48.0	2.223591903372498e-8	1.6583401275046662e-9	3.849986867007558e-6	1.133032301632573e-8	1.0083854773805624e-9	3.959997492581515e-5
49.0	2.2247813600846605e-8	1.6566104839996437e-9	3.849987310815131e-6	1.1328605593770657e-8	1.0087991768029446e-9	3.959997511065337e-5
50.0	2.222276644751662e-8	1.6580813709443233e-9	3.849988275805551e-6	1.1328812293037367e-8	1.00883031665842e-9	3.959997486683742e-5
51.0	2.217960780601179e-8	1.658418259547732e-9	3.849988006035271e-6	1.1322947920369858e-8	1.0090327501970861e-9	3.9599975093412235e-5
52.0	2.223134896951391e-8	1.6582873533738127e-9	3.849987000100394e-6	1.1322000340038766e-8	1.008837326712098e-9	3.959997505784726e-5
53.0	2.2283060705653872e-8	1.6596974667663405e-9	3.849987118035907e-6	1.1314199713554003e-8	1.0089162058546623e-9	3.959997516983232e-5
54.0	2.222370843692603e-8	1.6586635326965209e-9	3.849987606350142e-6	1.1315459117461718e-8	1.0087592196565674e-9	3.959997509256521e-5
55.0	2.217356688333007e-8	1.6584564664351866e-9	3.849986953680434e-6	1.1310578445795307e-8	1.008949453385808e-9	3.9599975035572015e-5
56.0	2.2227244490360588e-8	1.6577124859472757e-9	3.849987376530144e-6	1.1316493442069481e-8	1.00911304781165e-9	3.95999750101502e-5
57.0	2.229381754171927e-8	1.6572027546366187e-9	3.849987664860635e-6	1.1316010013258486e-8	1.009467959884322e-9	3.9599974841469346e-5
58.0	2.22643338553459e-8	1.6572747403681883e-9	3.849986898936248e-6	1.1323778059191433e-8	1.0097448062257531e-9	3.9599974811730805e-5
59.0	2.2167405151538098e-8	1.6566128500700519e-9	3.84998726950998e-6	1.1324640936221e-8	1.010066016049828e-9	3.959997477169732e-5
60.0	2.223754079450108e-8	1.6581538140959042e-9	3.849987503966675e-6	1.1328614890543813e-8	1.010312019830157e-9	3.959997482378268e-5
61.0	2.228943087904857e-8	1.6595788414780917e-9	3.8499872003977876e-6	1.1327696340237407e-8	1.0101983480485138e-9	3.959997493380737e-5
62.0	2.2263109595555963e-8	1.659127513817284e-9	3.8499869072635344e-6	1.1326787847795754e-8	1.0102632891619241e-9	3.959997487651642e-5
63.0	2.219219527439747e-8	1.6585709834213487e-9	3.849987587864307e-6	1.132428196287158e-8	1.00987412592337e-9	3.959997477835921e-5
64.0	2.222903380135509e-8	1.659008407425402e-9	3.849986932621572e-6	1.131974698138346e-8	1.0098418899642067e-9	3.959997472617163e-5
65.0	2.2297506221013266e-8	1.6584846613181315e-9	3.849986589769243e-6	1.1316597975087518e-8	1.0094732234727874e-9	3.9599974518608434e-5
66.0	2.225307964563279e-8	1.6587312238352975e-9	3.849987554512662e-6	1.1311311134606695e-8	1.0095401474385247e-9	3.9599974606319664e-5
67.0	2.219958531210084e-8	1.6594820372292904e-9	3.849987717453384e-6	1.1311952937708862e-8	1.0094529382081737e-9	3.959997457551994e-5
68.0	2.2250254076671145e-8	1.6588872701577656e-9	3.8499870496168445e-6	1.1309774855669981e-8	1.0094028863970578e-9	3.959997462817084e-5
69.0	2.2279234327281757e-8	1.6602265179383377e-9	3.8499868017270536e-6	1.1315958858253014e-8	1.0095707931205453e-9	3.9599974686554664e-5
70.0	2.2270430619308694e-8	1.6606900571346088e-9	3.849987470133822e-6	1.1318223127715508e-8	1.0093005008454059e-9	3.9599974689688306e-5
71.0	2.2196061064191064e-8	1.6608051008311658e-9	3.849986846900172e-6	1.1325200105155808e-8	1.0094613182157255e-9	3.959997482202653e-5
72.0	2.2220462950123257e-8	1.6606387110493072e-9	3.849986922469747e-6	1.1327934538321094e-8	1.0090128692537987e-9	3.959997476112672e-5
73.0	2.2273597058607942e-8	1.6609658742744212e-9	3.849987526471748e-6	1.1331409933301333e-8	1.009123920445736e-9	3.9599974939103344e-5
74.0	2.225496585137917e-8	1.6618781531948452e-9	3.84998748230831e-6	1.133234636958682e-8	1.0086632663448897e-9	3.9599974858339966e-5
75.0	2.2222884327248098e-8	1.6614877892692838e-9	3.849986919089295e-6	1.1330932165749757e-8	1.0084268113483723e-9	3.959997503055962e-5
76.0	2.2238816713487714e-8	1.6603014971503487e-9	3.849986941083573e-6	1.1329458882791802e-8	1.0084087402654191e-9	3.95999748311798e-5
77.0	2.2235181162355704e-8	1.6591799702038222e-9	3.849987221957085e-6	1.1323879610036794e-8	1.0080464257759948e-9	3.959997474877789e-5
78.0	2.2277819640242355e-8	1.6609287738846485e-9	3.849987483419339e-6	1.1320551276055949e-8	1.008496932923728e-9	3.959997442831826e-5
79.0	2.223969883215581e-8	1.6610007311110166e-9	3.849986670323275e-6	1.1313324913305478e-8	1.0082830104837418e-9	3.9599974224928274e-5
80.0	2.2255146931926424e-8	1.6618156921076578e-9	3.849986947516324e-6	1.131194828647159e-8	1.0086577836503951e-9	3.959997410824538e-5
81.0	2.2256665359799053e-8	1.6647609033541533e-9	3.8499874409400166e-6	1.1308387809058902e-8	1.0086160662617674e-9	3.959997400939553e-5
82.0	2.2236981844222905e-8	1.6641897135033109e-9	3.849986892655785e-6	1.1311761642203689e-8	1.0087962942509685e-9	3.9599974280340186e-5
83.0	2.2284336574483468e-8	1.6642006122785076e-9	3.849987277331754e-6	1.131356252382368e-8	1.008900820563814e-9	3.959997405713737e-5
84.0	2.2239170746312242e-8	1.6630194213083824e-9	3.849987759669999e-6	1.1318602310810785e-8	1.0088773818225395e-9	3.959997459959907e-5
85.0	2.225344763394317e-8	1.6612370722116176e-9	3.84998714953918e-6	1.132329274039572e-8	1.009205802552104e-9	3.959997423651796e-5
86.0	2.2262866913025303e-8	1.6597909126992467e-9	3.849986412225203e-6	1.1326099658822587e-8	1.0092819636542e-9	3.9599974792173506e-5
87.0	2.227246243084509e-8	1.6609303533646598e-9	3.849987167157545e-6	1.1330823546804039e-8	1.0095747089266043e-9	3.959997440038374e-5
88.0	2.225283308932722e-8	1.6624119532265134e-9	3.84998733727107e-6	1.1329724727161426e-8	1.009751655452714e-9	3.959997476361814e-5
89.0	2.2208141712431608e-8	1.663989394297182e-9	3.849987152365348e-6	1.1332211892255985e-8	1.009902686853985e-9	3.959997458957822e-5
90.0	2.2252343045457806e-8	1.665735946004397e-9	3.8499876251194595e-6	1.1326808293036259e-8	1.0100468591271887e-9	3.959997473939103e-5
91.0	2.2315940986340436e-8	1.66693765587913e-9	3.849987767021766e-6	1.1326212092689685e-8	1.0102966069910159e-9	3.959997490259726e-5
92.0	2.2232976121099507e-8	1.663687800474843e-9	3.849986932716894e-6	1.1317191146993596e-8	1.0102866811556277e-9	3.9599974812630205e-5
93.0	2.2204291486100904e-8	1.663182138617365e-9	3.8499860756715955e-6	1.1317025321718763e-8	1.0102969566328532e-9	3.9599975370283914e-5
94.0	2.222351901172565e-8	1.661782521555984e-9	3.849986937084494e-6	1.1310760536816116e-8	1.0102285378791538e-9	3.9599974948339635e-5
95.0	2.232865534981212e-8	1.660600041094196e-9	3.8499870850550004e-6	1.1313186115270012e-8	1.010050543534393e-9	3.959997542552798e-5
96.0	2.2283592635217084e-8	1.6616256169230533e-9	3.849987551725922e-6	1.1310550046545078e-8	1.0098544268232506e-9	3.9599974876124384e-5
97.0	2.2168500540065545e-8	1.6644993014793658e-9	3.849987351204346e-6	1.1314371006617619e-8	1.0096106592374944e-9	3.95999751425043e-5
98.0	2.2231841512484393e-8	1.6658305813073117e-9	3.849987372505836e-6	1.1316106332673839e-8	1.0097212227990214e-9	3.95999749578994e-5
99.0	2.230482869063179e-8	1.6653245308969944e-9	3.849986890604927e-6	1.1320550568796539e-8	1.0091837744052677e-9	3.959997495643109e-5
100.0	2.2274645525087412e-8	1.6656736646199777e-9	3.849986491165207e-6	1.1325504525678865e-8	1.0092241824547612e-9	3.959997507629937e-5
101.0	2.2183905187779933e-8	1.6642731996973916e-9	3.849986899000845e-6	1.1326749408604854e-8	1.0087259603102375e-9	3.959997491599641e-5
102.0	2.220171398584278e-8	1.6625241122981814e-9	3.849987259812231e-6	1.1331105518692746e-8	1.008544292503192e-9	3.9599975216020424e-5
103.0	2.2314195676026822e-8	1.6622621512541459e-9	3.849987318697708e-6	1.1327933094360699e-8	1.0084051565552233e-9	3.9599975094314807e-5
104.0	2.2264620548071827e-8	1.6636409710225613e-9	3.849986946113948e-6	1.1330731651779024e-8	1.0083101416694575e-9	3.959997532066465e-5
105.0	2.2167044719649724e-8	1.664577620439878e-9	3.8499874567815e-6	1.132464040636238e-8	1.008579671695303e-9	3.959997536585395e-5
106.0	2.222975679073837e-8	1.6657470807129184e-9	3.849987805097939e-6	1.1325825459085135e-8	1.008198032982986e-9	3.959997560338081e-5
107.0	2.2282675229966716e-8	1.6673599928889207e-9	3.849987354777259e-6	1.1319866809532635e-8	1.0086709532620873e-9	3.959997546161643e-5
108.0	2.228657746048614e-8	1.6658273074223123e-9	3.84998642175513e-6	1.1320648687974119e-8	1.0081678235335268e-9	3.959997556345445e-5
109.0	2.21708084762021e-8	1.6656606142539651e-9	3.849986817725539e-6	1.1316867946218343e-8	1.0085389610922116e-9	3.959997527566922e-5
110.0	2.2249783835095488e-8	1.6670382647158908e-9	3.849987168100397e-6	1.1318973979988066e-8	1.0085360259993474e-9	3.959997527776377e-5
111.0	2.2305276166393034e-8	1.664039962457513e-9	3.8499870819591196e-6	1.1316227078542354e-8	1.0088340990698178e-9	3.95999751564025e-5
112.0	2.2265903168905217e-8	1.6647492097402455e-9	3.849987659422256e-6	1.1320241220455608e-8	1.0090811663306142e-9	3.959997488712003e-5
113.0	2.220735990896165e-8	1.6652077450928246e-9	3.849987933817757e-6	1.1321118964992721e-8	1.0090328611839956e-9	3.95999751184706e-5
114.0	2.2233970572862483e-8	1.6652098816029095e-9	3.849986773633273e-6	1.132333217846602e-8	1.0092811818569482e-9	3.959997463121455e-5
115.0	2.233299189917881e-8	1.665880965804803e-9	3.849986531985682e-6	1.1324955657745887e-8	1.0089526115141212e-9	3.9599975163054864e-5
116.0	2.2259031001427553e-8	1.6666017887425444e-9	3.849987205208835e-6	1.1324516640451438e-8	1.009471685004045e-9	3.959997470458647e-5
117.0	2.220846725875615e-8	1.666993982528179e-9	3.849987217718742e-6	1.1325919847758081e-8	1.0092257042725753e-9	3.959997531279551e-5
118.0	2.2239043683493843e-8	1.6668607417161359e-9	3.849986870573366e-6	1.132301697198086e-8	1.0097583137324678e-9	3.9599975012286896e-5
119.0	2.2301855239886428e-8	1.6675387753085227e-9	3.84998678086223e-6	1.1323278486896534e-8	1.0096125973900226e-9	3.959997540911668e-5
120.0	2.229894922841037e-8	1.66656484147433e-9	3.849987061280381e-6	1.1320847583057206e-8	1.009563661923333e-9	3.95999752039577e-5
121.0	2.2236265020432023e-8	1.6673108145989532e-9	3.849987624480402e-6	1.1319117607595242e-8	1.0094179814389184e-9	3.959997525295424e-5
122.0	2.2207283395378842e-8	1.6659333727631823e-9	3.849987345536838e-6	1.1318400084710097e-8	1.009145582725444e-9	3.959997509376002e-5
123.0	2.228412834845045e-8	1.6677405796893535e-9	3.84998747560817e-6	1.1318173221950028e-8	1.0093165042227573e-9	3.9599974877865586e-5
124.0	2.2266661733641895e-8	1.6670716292030362e-9	3.849986305875345e-6	1.1318555145092728e-8	1.009139616050114e-9	3.9599974992287655e-5
125.0	2.2292853489526816e-8	1.6694562431918343e-9	3.849985872399052e-6	1.1320362904759504e-8	1.0094679727286226e-9	3.959997452891459e-5
126.0	2.2249627405146815e-8	1.6694297566959036e-9	3.849986968166938e-6	1.1321482330811989e-8	1.0093532241016434e-9	3.9599974933186046e-5
127.0	2.2226176428953356e-8	1.6689213161099002e-9	3.8499876573189824e-6	1.1323490680839876e-8	1.0094825690321025e-9	3.959997427600393e-5
128.0	2.2268471430082222e-8	1.6696618379445678e-9	3.849987495891043e-6	1.1324667025863172e-8	1.009349593348188e-9	3.959997484646556e-5
129.0	2.227817202612904e-8	1.6679100880495477e-9	3.849987419837985e-6	1.1325206480564545e-8	1.009143193897547e-9	3.959997436605197e-5
130.0	2.226420454014466e-8	1.6672330693145076e-9	3.849986782473376e-6	1.1326046524960225e-8	1.0090633519647104e-9	3.959997485550227e-5
131.0	2.2260980036091753e-8	1.6672394668874218e-9	3.849985804100197e-6	1.1325008904562338e-8	1.008670420241431e-9	3.959997473056054e-5
132.0	2.223235833778086e-8	1.668318822534707e-9	3.849986535297791e-6	1.132347579804592e-8	1.0087204616991075e-9	3.959997484897706e-5
133.0	2.2275611233172516e-8	1.6682083323152444e-9	3.849987617520322e-6	1.1323641605188936e-8	1.0085106685257784e-9	3.959997511910277e-5
134.0	2.225192071139276e-8	1.6700035205661369e-9	3.8499869401036904e-6	1.1319806812444846e-8	1.0084889800199197e-9	3.959997482975259e-5
135.0	2.223437805448712e-8	1.67098839133441e-9	3.849986782827347e-6	1.1321807096447024e-8	1.0085331940133051e-9	3.9599975314141845e-5
136.0	2.229096194947492e-8	1.6711360259860872e-9	3.84998665201592e-6	1.131908355023012e-8	1.0087291453282564e-9	3.9599974764238596e-5
137.0	2.2277592202318185e-8	1.669218560971438e-9	3.849986647410582e-6	1.1322568748529366e-8	1.008698707425899e-9	3.959997513912194e-5
138.0	2.2233090410457578e-8	1.670678632697212e-9	3.849986689295567e-6	1.1321768336296898e-8	1.0089879173590506e-9	3.9599974590354245e-5
139.0	2.220306435643896e-8	1.6677079507424998e-9	3.84998754622384e-6	1.1325053077604106e-8	1.0089000521938638e-9	3.95999747964595e-5
140.0	2.230197148918548e-8	1.6680755875489804e-9	3.849986599012148e-6	1.132414302677795e-8	1.009232368016673e-9	3.959997479638873e-5
141.0	2.23394069154402e-8	1.669438337121958e-9	3.84998575605634e-6	1.1327829573428462e-8	1.0091733912926665e-9	3.959997486600061e-5
142.0	2.2253708324259215e-8	1.6686317104631275e-9	3.849987039498142e-6	1.1325656442577183e-8	1.0092164078561535e-9	3.959997507286055e-5
143.0	2.2198040935632803e-8	1.6706435699464282e-9	3.849986609720622e-6	1.1327984296681885e-8	1.0093236277258454e-9	3.959997516742181e-5
144.0	2.227629178759696e-8	1.6704171745167983e-9	3.849987135774405e-6	1.1325686608573281e-8	1.0092144127719826e-9	3.959997530709089e-5
145.0	2.2354808840602517e-8	1.6715828553171356e-9	3.849987091436304e-6	1.1323847790421543e-8	1.0096225445070882e-9	3.9599975477007504e-5
146.0	2.226791393446285e-8	1.670196033297168e-9	3.849986937215654e-6	1.1323172156478615e-8	1.0096067490902506e-9	3.9599975622963044e-5
147.0	2.2203222028550577e-8	1.6711853308863058e-9	3.849985509872976e-6	1.1319447675381074e-8	1.0100183231866367e-9	3.959997548572796e-5
148.0	2.2258517146673756e-8	1.6708666333242448e-9	3.849986558978989e-6	1.1320395113910705e-8	1.0099081884870737e-9	3.959997567321125e-5
149.0	2.2321367845114517e-8	1.6704082558895972e-9	3.849987408339733e-6	1.1317012944918699e-8	1.0098725352390883e-9	3.9599975274909014e-5
150.0	2.229550504275637e-8	1.670074817250122e-9	3.849987084702407e-6	1.1319595091618332e-8	1.009885203215287e-9	3.959997542038517e-5
151.0	2.222869340491541e-8	1.671019446145112e-9	3.849986845623763e-6	1.1317914902927184e-8	1.0095267961949832e-9	3.959997501294081e-5
152.0	2.227432478491999e-8	1.6711012411633686e-9	3.849986511934334e-6	1.1322016623412322e-8	1.0098157000176678e-9	3.95999752353307e-5
153.0	2.2296996946978732e-8	1.6708063341050752e-9	3.849986565465654e-6	1.1320711343282292e-8	1.0094473503230116e-9	3.959997502340928e-5
154.0	2.228154269949498e-8	1.6723626875265833e-9	3.849986484351257e-6	1.132647967093985e-8	1.009611850915245e-9	3.959997505625659e-5
155.0	2.224774875627474e-8	1.672070901189779e-9	3.8499875480519305e-6	1.132397227465233e-8	1.0092703838060015e-9	3.959997529598605e-5
156.0	2.2297617374600677e-8	1.6726689534113862e-9	3.84998699916366e-6	1.1328908806687081e-8	1.009172267066676e-9	3.9599975157338754e-5
157.0	2.2290491535686774e-8	1.6733924606314039e-9	3.849986448909115e-6	1.1326346444782729e-8	1.0088730687441693e-9	3.959997559447738e-5
158.0	2.2248917625293555e-8	1.6710942291877472e-9	3.849986509590478e-6	1.1326768654100754e-8	1.0085936311112938e-9	3.959997534064194e-5
159.0	2.2260207939750056e-8	1.6721696342305537e-9	3.8499866312881825e-6	1.1325270516928098e-8	1.0085592037479422e-9	3.959997574418819e-5
160.0	2.2307532498776747e-8	1.6725004957592536e-9	3.849987032153552e-6	1.1323319023480285e-8	1.00825705858246e-9	3.9599975375456345e-5
161.0	2.230123105131092e-8	1.6717759329437715e-9	3.849987133723034e-6	1.1322683701004833e-8	1.008346099431694e-9	3.959997574525656e-5
162.0	2.2247794249630035e-8	1.671655522795445e-9	3.849986733237195e-6	1.132080587514994e-8	1.0082216367785572e-9	3.95999752341371e-5
163.0	2.2270710609218612e-8	1.672961787924469e-9	3.849986191420123e-6	1.132097377918183e-8	1.0084905397596145e-9	3.959997548251919e-5
164.0	2.2292134850758977e-8	1.6739811914483945e-9	3.849986294158895e-6	1.132066050414876e-8	1.0085856409428653e-9	3.9599975008221646e-5
165.0	2.2296212723949377e-8	1.6719912797342335e-9	3.849987433995267e-6	1.132184406341886e-8	1.0088873823086372e-9	3.959997517920239e-5
166.0	2.2269498191538663e-8	1.6740689609444131e-9	3.849987143428449e-6	1.1321395068297753e-8	1.0092448981985878e-9	3.959997486432543e-5
167.0	2.225437573463963e-8	1.6736878647278612e-9	3.849986998626409e-6	1.1324781073120106e-8	1.0093494741644635e-9	3.9599975121459854e-5
168.0	2.229243623253046e-8	1.6722031093276526e-9	3.849986594809351e-6	1.1322423166576445e-8	1.0096105278435299e-9	3.9599974917922255e-5
169.0	2.224297918747528e-8	1.67381878607132e-9	3.849986437547293e-6	1.1325711361710629e-8	1.0093956069934526e-9	3.9599974937274485e-5
170.0	2.229637355349727e-8	1.6740549422876376e-9	3.849986362557129e-6	1.132365089553015e-8	1.0096988415017908e-9	3.959997481335248e-5
171.0	2.2277770229996516e-8	1.6732838315924816e-9	3.849987162211047e-6	1.1323827460663587e-8	1.0094932130882429e-9	3.9599974513861986e-5
172.0	2.2262228994318544e-8	1.6736595050629002e-9	3.849987479523992e-6	1.1322792382375349e-8	1.0100608248947696e-9	3.959997451850048e-5
173.0	2.222677969475173e-8	1.6747073138960597e-9	3.849986948896367e-6	1.1322137531926582e-8	1.010175122078558e-9	3.95999741095808e-5
174.0	2.2293650016097972e-8	1.6736743154839256e-9	3.849986921998666e-6	1.1321210011920516e-8	1.0105012471213084e-9	3.9599974394140635e-5
175.0	2.2342915812024433e-8	1.6745131989201341e-9	3.84998645331612e-6	1.1321345344040287e-8	1.0106142352061473e-9	3.9599974114676954e-5
176.0	2.2254745805973456e-8	1.6747841433634571e-9	3.849986354078922e-6	1.1320390407153423e-8	1.010315888915485e-9	3.959997446528279e-5
177.0	2.2215892320340208e-8	1.6751691550421376e-9	3.849985992375699e-6	1.1322373416472343e-8	1.0103544186903818e-9	3.9599974284503455e-5
178.0	2.2255319693202535e-8	1.6742404484005809e-9	3.849986919944008e-6	1.1322236559256443e-8	1.0097251792506664e-9	3.95999745789228e-5
179.0	2.234693948953828e-8	1.6764007655075416e-9	3.849987412038225e-6	1.1323826532226459e-8	1.0099121464018453e-9	3.959997439784507e-5
180.0	2.2275036625004017e-8	1.6759713186810471e-9	3.849986891312309e-6	1.1325080163475678e-8	1.0095111754898695e-9	3.959997477067313e-5
181.0	2.221336475537796e-8	1.6737567906801157e-9	3.849987162432639e-6	1.1325083481827316e-8	1.0094423252899784e-9	3.9599974469881366e-5
182.0	2.2242490338215642e-8	1.6756782084893588e-9	3.849986486872194e-6	1.1326145856863322e-8	1.0092945447951938e-9	3.9599974620433754e-5
183.0	2.228705698541997e-8	1.6735710124665678e-9	3.849985860392364e-6	1.1326181243730678e-8	1.0088524818923822e-9	3.959997435723596e-5
184.0	2.2252559489671834e-8	1.6761331450666626e-9	3.8499861551701e-6	1.132479876537415e-8	1.0089951072347702e-9	3.959997449036191e-5
185.0	2.2213874670067984e-8	1.6753099804844995e-9	3.849987054714243e-6	1.1324920009490526e-8	1.0085452158040281e-9	3.959997445354406e-5
186.0	2.22931758754325e-8	1.6755195530521266e-9	3.849987752529828e-6	1.1322668625946282e-8	1.0089730685967546e-9	3.959997453056549e-5
187.0	2.228902510061837e-8	1.6767607657041513e-9	3.849987565195861e-6	1.1322266327941009e-8	1.0087074922860715e-9	3.9599974390816966e-5
188.0	2.222310938244114e-8	1.6752026641265857e-9	3.849987018499701e-6	1.1320873127530343e-8	1.0090166104510334e-9	3.959997458722062e-5
189.0	2.2191489428715463e-8	1.6759281075258712e-9	3.849986245708069e-6	1.1320577892366417e-8	1.0088533300632965e-9	3.959997436643632e-5
190.0	2.2334648457741404e-8	1.6756576661143165e-9	3.849986162331875e-6	1.1321121882742102e-8	1.0088451462477416e-9	3.959997487038693e-5
191.0	2.2362818814453934e-8	1.6762547053744548e-9	3.849986949291344e-6	1.1321614850086871e-8	1.0090982510562063e-9	3.95999747112179e-5
192.0	2.2222788284232465e-8	1.6751020791254367e-9	3.84998675985926e-6	1.1322599286129747e-8	1.009035213241272e-9	3.9599975409251414e-5
193.0	2.2174576284051293e-8	1.6756551916176824e-9	3.849987265911642e-6	1.1324201550225322e-8	1.0094040928711504e-9	3.9599975205366315e-5
194.0	2.230116403848087e-8	1.677659608162975e-9	3.8499876118197725e-6	1.1325206471058223e-8	1.0093287940007077e-9	3.95999755052695e-5
195.0	2.2401461206178127e-8	1.6766785088909043e-9	3.84998643483991e-6	1.1326386150886109e-8	1.0096762249809842e-9	3.959997523547819e-5
196.0	2.2291707086052388e-8	1.6769329822204548e-9	3.8499861335346235e-6	1.13274588722744e-8	1.0095512414566655e-9	3.959997529095902e-5
197.0	2.2153172340220026e-8	1.676451582147482e-9	3.849986350223118e-6	1.132643574979475e-8	1.0095854354940883e-9	3.959997528093816e-5
198.0	2.225146839505141e-8	1.6757314250209781e-9	3.849986437230116e-6	1.1326889216417908e-8	1.009662149830204e-9	3.9599975260795216e-5
199.0	2.2346783525979106e-8	1.6752929913002363e-9	3.849986340049336e-6	1.1323966866953122e-8	1.0094361768216471e-9	3.9599975429061726e-5
200.0	2.2319311692314398e-8	1.6775402542700176e-9	3.849986962505291e-6	1.1323805715621242e-8	1.0098600962284643e-9	3.95999751757348e-5
201.0	2.2216544954639543e-8	1.6762567476043697e-9	3.849986877140887e-6	1.1322016346833207e-8	1.0096404711482277e-9	3.959997564523049e-5
202.0	2.222754503917079e-8	1.6773403810886238e-9	3.849986596334829e-6	1.13213695613098e-8	1.010133621451018e-9	3.9599975225256295e-5
203.0	2.2298850845554814e-8	1.677866912323053e-9	3.8499865305385e-6	1.1319028068859716e-8	1.0099588467122269e-9	3.9599975752990984e-5
204.0	2.226812543225795e-8	1.6771389126467267e-9	3.849986613546058e-6	1.1319090324021604e-8	1.0099407530468953e-9	3.959997523456424e-5
205.0	2.225814789701435e-8	1.6779826160057917e-9	3.8499865695853754e-6	1.1317245878022582e-8	1.0097208486207667e-9	3.959997574577493e-5
206.0	2.2280722630346005e-8	1.6776949852825734e-9	3.84998667209179e-6	1.1319448251357455e-8	1.0093828550986379e-9	3.959997539364212e-5
207.0	2.227067435002839e-8	1.6790706190025545e-9	3.849986972168785e-6	1.1319204422955672e-8	1.0093623689735641e-9	3.9599975618220134e-5
208.0	2.226699268010376e-8	1.6779923818518011e-9	3.84998691182849e-6	1.1322692539704024e-8	1.009224475589158e-9	3.959997542615899e-5
209.0	2.2218207690289048e-8	1.6789648021206759e-9	3.849986561835704e-6	1.1324580265384838e-8	1.009584083328244e-9	3.959997539788836e-5
210.0	2.2279380715737566e-8	1.6795223300534808e-9	3.849986934165094e-6	1.1326215430000472e-8	1.0097073926650183e-9	3.959997541500068e-5
211.0	2.2335012620168558e-8	1.6791606941637625e-9	3.849986388006286e-6	1.1327994639319182e-8	1.0101150164670497e-9	3.9599975227534204e-5
212.0	2.2276027696515033e-8	1.6782998866227006e-9	3.849986379531758e-6	1.132743365408457e-8	1.0099599365228762e-9	3.959997529663258e-5
213.0	2.2236636526919677e-8	1.6790994762483557e-9	3.849986691830213e-6	1.1327522025036605e-8	1.0099030738549998e-9	3.959997519442232e-5
214.0	2.2223824055715185e-8	1.6776301746603178e-9	3.849987034087758e-6	1.1326005516626474e-8	1.0094148378288022e-9	3.95999752321613e-5
215.0	2.235270101516872e-8	1.6800155835746094e-9	3.849986577875651e-6	1.1324221730331757e-8	1.0090940813672198e-9	3.959997536033647e-5
216.0	2.2349602278997916e-8	1.6788014544717362e-9	3.84998638345634e-6	1.1320967992979967e-8	1.0090550121210079e-9	3.959997524396457e-5
217.0	2.2255608563783315e-8	1.678962303202763e-9	3.84998609321423e-6	1.1319269701054781e-8	1.0087974480219341e-9	3.9599975409289666e-5
218.0	2.2209209072004422e-8	1.6780762938694941e-9	3.849986221763078e-6	1.1316283258030561e-8	1.009331148514458e-9	3.9599975314133375e-5
219.0	2.229222071479147e-8	1.679470151793901e-9	3.849986461942694e-6	1.1317456001084241e-8	1.009170608200782e-9	3.9599975416537266e-5
220.0	2.237499948159568e-8	1.6796033360602858e-9	3.849986756258525e-6	1.1316426725886658e-8	1.0097532032754867e-9	3.959997526718878e-5
221.0	2.2312925381275475e-8	1.678963208184818e-9	3.849986856174225e-6	1.1320577989457153e-8	1.0093138928120676e-9	3.959997525415403e-5
222.0	2.2181170896057805e-8	1.6794394271126592e-9	3.849986549656427e-6	1.1321939361505073e-8	1.0096801162111185e-9	3.959997505444144e-5
223.0	2.225652157499102e-8	1.6799968758871477e-9	3.849986038233672e-6	1.1324894402717199e-8	1.0093756995001903e-9	3.959997513525026e-5
224.0	2.232042442149574e-8	1.6793503601534254e-9	3.849986012677534e-6	1.1326982531005278e-8	1.0093426555418857e-9	3.9599975041779336e-5
225.0	2.2323118181947106e-8	1.679228838643439e-9	3.849986301836971e-6	1.132916068365223e-8	1.0094006643216462e-9	3.959997514468484e-5
226.0	2.2225014688419146e-8	1.6802902575772954e-9	3.849986834185409e-6	1.1330188865881511e-8	1.0090791865446541e-9	3.95999751702797e-5
227.0	2.2202582935838683e-8	1.6794903098623887e-9	3.849986669237324e-6	1.1330766251095154e-8	1.0094234122206002e-9	3.959997489247757e-5
228.0	2.23032783404613e-8	1.6798292235094327e-9	3.84998625352525e-6	1.1328653392225e-8	1.009141291883376e-9	3.959997497751301e-5
229.0	2.2258267395092115e-8	1.6807882800142413e-9	3.849986643774009e-6	1.1326728468703797e-8	1.0098387373193284e-9	3.9599974617360596e-5
230.0	2.2240523455848963e-8	1.6820111343026068e-9	3.849986381992383e-6	1.1322410707454031e-8	1.0097348028748522e-9	3.9599974946576296e-5
231.0	2.223299695589116e-8	1.680444565308021e-9	3.849985636736516e-6	1.131933773788113e-8	1.0101737647210308e-9	3.959997466014002e-5
232.0	2.2285534679873227e-8	1.6810890918008825e-9	3.849986507706235e-6	1.1317188736715538e-8	1.0099702287276804e-9	3.959997490265367e-5
233.0	2.2258075235818546e-8	1.6809606602663222e-9	3.849987265027712e-6	1.1315344680772099e-8	1.0097816519201835e-9	3.95999748541253e-5
234.0	2.2198116869393444e-8	1.6803759367646829e-9	3.8499859762292464e-6	1.1316346743665605e-8	1.0095704576371055e-9	3.959997481956221e-5
235.0	2.2281508600299105e-8	1.6816704825246881e-9	3.849985741357456e-6	1.1317294251489423e-8	1.0091860294661209e-9	3.959997511312984e-5
236.0	2.230679528611773e-8	1.681272910696859e-9	3.84998650450811e-6	1.1319606649142056e-8	1.0095309863547918e-9	3.959997489782612e-5
237.0	2.2275119535167315e-8	1.6805696387757507e-9	3.8499861127441125e-6	1.1322674415839859e-8	1.0092372638991825e-9	3.9599975269580465e-5
238.0	2.2214858269547733e-8	1.6804002910406358e-9	3.849986024021591e-6	1.1325745230438873e-8	1.0098495848070505e-9	3.959997512275663e-5
239.0	2.2219563643744192e-8	1.6819238360852996e-9	3.8499866203549624e-6	1.1328536506256119e-8	1.009292413150027e-9	3.9599975298666574e-5
240.0	2.2360595060157392e-8	1.6819242887072085e-9	3.849986401939459e-6	1.1331462141423735e-8	1.0096540880309418e-9	3.9599975287870705e-5
241.0	2.2304461824955097e-8	1.6812178675738916e-9	3.8499856533933595e-6	1.1330520306937926e-8	1.0091022737540307e-9	3.959997514780253e-5
242.0	2.2245623432442333e-8	1.6816507991280771e-9	3.849985983159807e-6	1.1330218176233718e-8	1.0092982437979866e-9	3.959997531253659e-5
243.0	2.222922012833778e-8	1.6826456113537804e-9	3.849986105530927e-6	1.1326222509099643e-8	1.0094442069274638e-9	3.959997506557951e-5
244.0	2.2273446311571604e-8	1.682550915097638e-9	3.849986531892369e-6	1.132435430669741e-8	1.0094367410510435e-9	3.959997537746327e-5
245.0	2.2365146804938466e-8	1.6845404641619078e-9	3.849986519000863e-6	1.132097277303707e-8	1.0100196392176772e-9	3.959997514607658e-5
246.0	2.2269409332507952e-8	1.6827077964232237e-9	3.849986071859169e-6	1.1320101580288657e-8	1.0094402027845925e-9	3.9599975386600865e-5
247.0	2.2243225740005737e-8	1.683057070933945e-9	3.849985913014605e-6	1.1318471326904429e-8	1.0098169575818717e-9	3.959997517266615e-5
248.0	2.2261022750262458e-8	1.6822432901279207e-9	3.8499864008893806e-6	1.1319283623431909e-8	1.0091467446634868e-9	3.959997544869563e-5
249.0	2.2292208573354705e-8	1.6828238272392135e-9	3.84998654777054e-6	1.1318978112903481e-8	1.0095881019949996e-9	3.959997552359373e-5
250.0	2.231122350205844e-8	1.6825074232746208e-9	3.849986144330733e-6	1.1321817704843826e-8	1.0094372308216646e-9	3.959997566361979e-5
251.0	2.2282172485132594e-8	1.6831632180315729e-9	3.84998608665275e-6	1.1322876120901972e-8	1.0095421201668452e-9	3.959997585543966e-5
252.0	2.2249494631366346e-8	1.6848817699959951e-9	3.849986432089995e-6	1.132579929693493e-8	1.0098766325190604e-9	3.9599975729338646e-5
253.0	2.2277092655558868e-8	1.6844611434371955e-9	3.849985804275005e-6	1.1327280671092089e-8	1.009385422402003e-9	3.959997591706252e-5
254.0	2.2275088398994345e-8	1.6847009406844887e-9	3.849986405297957e-6	1.1327244404095258e-8	1.0098278271009194e-9	3.959997562954484e-5
255.0	2.2286210393643735e-8	1.684089851624468e-9	3.849986663477111e-6	1.1327407835191336e-8	1.0092896076739272e-9	3.959997600071046e-5
256.0	2.2293787352625202e-8	1.6832072512296435e-9	3.849985890266324e-6	1.1323760556382001e-8	1.0096573004236521e-9	3.959997582226637e-5
257.0	2.227906061913154e-8	1.6832452373758293e-9	3.849985475471092e-6	1.1322835028822445e-8	1.0094037747508056e-9	3.9599976161834706e-5
258.0	2.228248106949611e-8	1.6823751961312964e-9	3.849985727135531e-6	1.131947452666135e-8	1.009449001728144e-9	3.959997579494753e-5
259.0	2.2272263549374913e-8	1.683579481576683e-9	3.849986013290801e-6	1.1320348163867176e-8	1.0092800531433307e-9	3.959997604607652e-5
260.0	2.227644519171199e-8	1.685615931911667e-9	3.849986479033643e-6	1.1318725810306228e-8	1.009129782767398e-9	3.9599975570787956e-5
261.0	2.2312680632406842e-8	1.6867344922285962e-9	3.8499866959058764e-6	1.1321898945349938e-8	1.009175199128957e-9	3.9599975785961044e-5
262.0	2.230358758697458e-8	1.6857737508945673e-9	3.849985918354951e-6	1.1321016274010809e-8	1.0089869529947883e-9	3.9599975425906616e-5
263.0	2.2254581851838806e-8	1.6861397806599669e-9	3.849985661640473e-6	1.1326319041297631e-8	1.0092707462828528e-9	3.959997547420608e-5
264.0	2.225870290263014e-8	1.6846068728493692e-9	3.849985586938046e-6	1.1326056977444702e-8	1.0092029744697978e-9	3.9599975344907485e-5
265.0	2.23162543318385e-8	1.6829968330962764e-9	3.8499860799931855e-6	1.1330560882169678e-8	1.0093295654595279e-9	3.9599975279607336e-5
266.0	2.233186135041923e-8	1.6842107485695755e-9	3.84998643679202e-6	1.1330296488691696e-8	1.0093164548789622e-9	3.9599975260865574e-5
267.0	2.228707996710561e-8	1.6831494937316408e-9	3.849987205232781e-6	1.1330896571209652e-8	1.009350083022425e-9	3.9599975113669665e-5
268.0	2.2227848359347802e-8	1.685708055666694e-9	3.849986044247137e-6	1.1329102294348445e-8	1.0092902984401541e-9	3.959997519119455e-5
269.0	2.229003759408269e-8	1.6878267335807574e-9	3.849985759039617e-6	1.1326225394283974e-8	1.009494791302505e-9	3.9599975144390954e-5
270.0	2.2328458931204196e-8	1.6884214985733938e-9	3.849985837879263e-6	1.1323627253251583e-8	1.0094505207550468e-9	3.959997516209759e-5
271.0	2.2301562336379388e-8	1.6883307661593649e-9	3.849986163254638e-6	1.1319069791175896e-8	1.009708020408729e-9	3.9599975013411295e-5
272.0	2.2242633031783543e-8	1.6871844521167983e-9	3.84998602110083e-6	1.1318812073212102e-8	1.0096898608132859e-9	3.9599974810923285e-5
273.0	2.2271056163190757e-8	1.685689257960266e-9	3.8499870486475e-6	1.1314808138734594e-8	1.0099219347818973e-9	3.959997451386904e-5
274.0	2.2315606895051595e-8	1.6845065257046286e-9	3.849986655000206e-6	1.1318246741521542e-8	1.0100366473483531e-9	3.95999743015091e-5
275.0	2.230156598181537e-8	1.6844078668466678e-9	3.849985335092934e-6	1.131605574175938e-8	1.010131669118286e-9	3.9599974036648374e-5
276.0	2.226980075893805e-8	1.6861779898853594e-9	3.8499853919126946e-6	1.1322385266983886e-8	1.010289336026651e-9	3.959997411010924e-5
277.0	2.2259463116870883e-8	1.687961069247464e-9	3.849985664767722e-6	1.1322028502829372e-8	1.0101057967888196e-9	3.959997392818476e-5
278.0	2.230603862646249e-8	1.6883574475125723e-9	3.849985911470993e-6	1.1328930688577848e-8	1.0103800828222e-9	3.9599974210976353e-5
279.0	2.228178701140446e-8	1.6897457783442962e-9	3.849986148393786e-6	1.1328952970930504e-8	1.010083612339068e-9	3.959997428960389e-5
280.0	2.2264378520270263e-8	1.6870473199181039e-9	3.8499870747204844e-6	1.133253408798797e-8	1.0102702945122702e-9	3.9599974688914755e-5
281.0	2.2283022756735803e-8	1.686265551485764e-9	3.849985833250108e-6	1.1330808573335076e-8	1.0101189294324877e-9	3.9599974805085615e-5
282.0	2.227811487094874e-8	1.6854455702809828e-9	3.849985579170693e-6	1.1330959203596978e-8	1.010157616345546e-9	3.9599975138538736e-5
283.0	2.2308085901642175e-8	1.6848067096809847e-9	3.849985165588421e-6	1.1327248967144354e-8	1.0101302232159416e-9	3.95999749584047e-5
284.0	2.2265535605321782e-8	1.6870372059653647e-9	3.8499855527861945e-6	1.132471849669239e-8	1.0098958021289717e-9	3.95999751104619e-5
285.0	2.2285030600491127e-8	1.6883491837318002e-9	3.849986354721006e-6	1.1322338851779972e-8	1.0101333316881045e-9	3.959997470805934e-5
286.0	2.229738208802494e-8	1.6898453623129834e-9	3.849986430204416e-6	1.1318470621770057e-8	1.0097257704703235e-9	3.9599974824976835e-5
287.0	2.2309706587026226e-8	1.6903570610472781e-9	3.849986773116355e-6	1.1320027163096274e-8	1.009994181439832e-9	3.959997455760783e-5
288.0	2.2308452434742888e-8	1.6904743875193995e-9	3.849986510546503e-6	1.1317132179430434e-8	1.0095389248050245e-9	3.9599974727917885e-5
289.0	2.2285437064812775e-8	1.6883877241823422e-9	3.849986124649063e-6	1.1322084828411716e-8	1.0096342315804931e-9	3.959997488344779e-5
290.0	2.2281624643306525e-8	1.6885181841504224e-9	3.849985405306087e-6	1.1320918874318145e-8	1.0092206159422792e-9	3.9599975045261604e-5
291.0	2.230935856249131e-8	1.6870190629502923e-9	3.849985809480595e-6	1.1326605541046382e-8	1.0090745298085973e-9	3.959997536282955e-5
292.0	2.232931615952141e-8	1.6880705309423376e-9	3.849986387696651e-6	1.1326639664950037e-8	1.0090060822134823e-9	3.9599975519470967e-5
293.0	2.2287124765368505e-8	1.6887631754206977e-9	3.849986509856191e-6	1.1330350312685672e-8	1.0086458472791403e-9	3.959997571694905e-5
294.0	2.2279201350095444e-8	1.6905866205182993e-9	3.849986713212149e-6	1.1328475241895841e-8	1.0089442125846383e-9	3.9599975793263355e-5
295.0	2.2317723486779898e-8	1.691256415268746e-9	3.849986333395226e-6	1.1329835582020288e-8	1.008681288615541e-9	3.959997570757789e-5
296.0	2.233145821339257e-8	1.6902749717791727e-9	3.84998647061397e-6	1.1325640254670586e-8	1.0091594428456947e-9	3.959997584032474e-5
297.0	2.2282483846886105e-8	1.6906145880718165e-9	3.8499858292755726e-6	1.132613259240109e-8	1.009058946256319e-9	3.959997571972181e-5
298.0	2.2281453038876226e-8	1.6884716514056483e-9	3.849986003242247e-6	1.1322862031284135e-8	1.0092427868829805e-9	3.9599975791360716e-5
299.0	2.2316511477795765e-8	1.6888455987887744e-9	3.849985871071644e-6	1.1322251410230462e-8	1.0093598283089033e-9	3.9599975727943386e-5
300.0	2.2370988031309344e-8	1.688506128137956e-9	3.849986838972736e-6	1.1321933686690476e-8	1.009145794820836e-9	3.9599975585027746e-5
301.0	2.2282520076362255e-8	1.688163907750816e-9	3.849986411690246e-6	1.1320709459720707e-8	1.0095561680336054e-9	3.9599975542596416e-5
302.0	2.2266887682724057e-8	1.689478016523312e-9	3.8499858846970755e-6	1.1323560130721888e-8	1.0092605862527672e-9	3.959997537172704e-5
303.0	2.2309706719836754e-8	1.6895972037363004e-9	3.849985928974345e-6	1.1323334479774938e-8	1.0098864955306385e-9	3.9599975505419246e-5
304.0	2.2369153689022553e-8	1.689833433069438e-9	3.849986256027615e-6	1.1327028003420397e-8	1.0097170361923987e-9	3.9599975326133094e-5
305.0	2.2333005863218473e-8	1.690456019873801e-9	3.849985980374691e-6	1.132770841803172e-8	1.0101760650361392e-9	3.959997575664524e-5
306.0	2.2259645966759676e-8	1.68962301768329e-9	3.8499862564701834e-6	1.1329449838547086e-8	1.010126118183242e-9	3.959997563643628e-5
307.0	2.2278482349879827e-8	1.6899681393063364e-9	3.849986480662008e-6	1.1328015311904979e-8	1.0102101941096159e-9	3.959997597503231e-5
308.0	2.232576919081414e-8	1.6889702034929015e-9	3.849986318280178e-6	1.1328295050538066e-8	1.0103442893033412e-9	3.959997582051762e-5
309.0	2.2339762968687965e-8	1.6912365022749414e-9	3.849985212409074e-6	1.1323806295313283e-8	1.0100821510722456e-9	3.959997599968577e-5
310.0	2.229221989285688e-8	1.6916432947087396e-9	3.849985681560992e-6	1.1324209159030394e-8	1.0101914842986182e-9	3.959997579874695e-5
311.0	2.2306710435591593e-8	1.691268564960737e-9	3.849986567808562e-6	1.1320089820718648e-8	1.0098471318563188e-9	3.959997591947262e-5
312.0	2.2286000711391674e-8	1.692323529945476e-9	3.849986656794954e-6	1.1320803401630472e-8	1.0097237650951442e-9	3.959997561153251e-5
313.0	2.2305924183073834e-8	1.6909508183727777e-9	3.849986500587589e-6	1.13192382214279e-8	1.0095662673997794e-9	3.9599975648656305e-5
314.0	2.2294883734680748e-8	1.691449360794369e-9	3.849986186422261e-6	1.132036253756703e-8	1.0093489161316946e-9	3.959997543228049e-5
315.0	2.235780546713829e-8	1.6912305935537663e-9	3.849986184993098e-6	1.1321381718360458e-8	1.0094645477362006e-9	3.9599975367769256e-5
316.0	2.233153426046863e-8	1.6911235543703312e-9	3.849985486044777e-6	1.1324303853064472e-8	1.0092357544764225e-9	3.9599975331908964e-5
317.0	2.2280303561939553e-8	1.691936418955686e-9	3.849985854522911e-6	1.1325194566584065e-8	1.0093288913729673e-9	3.959997507565159e-5
318.0	2.228221447994009e-8	1.6909531285674108e-9	3.8499865262860515e-6	1.1328976428551725e-8	1.0089886596850147e-9	3.959997533061247e-5
319.0	2.2323355621942466e-8	1.6929546474246398e-9	3.849986809860423e-6	1.1328690250997323e-8	1.0089086256492937e-9	3.959997483285291e-5
320.0	2.2377292006679344e-8	1.691962020201139e-9	3.849986335432952e-6	1.133047518063202e-8	1.008825477900897e-9	3.959997530068471e-5
321.0	2.2313978049218454e-8	1.6921190236433587e-9	3.849986254530288e-6	1.1329819025983632e-8	1.008856897554563e-9	3.9599974747182626e-5
322.0	2.229169174260708e-8	1.6935512319596563e-9	3.849986080739647e-6	1.1327634810464695e-8	1.0090242186874576e-9	3.9599975283657977e-5
323.0	2.2284202957538978e-8	1.6920589463211363e-9	3.849985902527935e-6	1.1327238336283891e-8	1.0092963494115084e-9	3.959997495209818e-5
324.0	2.232081775209992e-8	1.6917737508599566e-9	3.849985596840474e-6	1.1323805190289017e-8	1.0095158534344884e-9	3.9599975313652857e-5
325.0	2.2325272110108715e-8	1.6930863252173267e-9	3.849986541797636e-6	1.132297761283701e-8	1.0096093990319574e-9	3.959997526560889e-5
326.0	2.235721679377699e-8	1.6928160474320897e-9	3.8499865035735474e-6	1.1320610579126852e-8	1.0096888443679598e-9	3.9599975391190544e-5
327.0	2.2323861142038714e-8	1.6918931415241621e-9	3.8499866419930704e-6	1.1319888132349383e-8	1.0096029932104995e-9	3.95999753277814e-5
328.0	2.2279503911692407e-8	1.6939823774736478e-9	3.8499866570886875e-6	1.131927494283e-8	1.0096294184672987e-9	3.9599975222751314e-5
329.0	2.2276943035296925e-8	1.6941168696510376e-9	3.849986180187423e-6	1.1321073850491233e-8	1.0095799159355496e-9	3.959997507409409e-5
330.0	2.234811406878036e-8	1.694772770320613e-9	3.849985884403311e-6	1.1320512136601454e-8	1.0096030135391374e-9	3.9599974859151775e-5
331.0	2.2390735367726725e-8	1.6943550067400235e-9	3.8499860652993424e-6	1.132655275447811e-8	1.0098360403691604e-9	3.9599974766192335e-5
332.0	2.230011850021655e-8	1.6962761752053923e-9	3.849986125291942e-6	1.1325272800060803e-8	1.0098354670767995e-9	3.959997443761324e-5
333.0	2.226231306191692e-8	1.6932967081603869e-9	3.849986239881225e-6	1.1330345923758601e-8	1.0100552479767248e-9	3.9599974516259394e-5
334.0	2.2286606788468437e-8	1.6925220070632507e-9	3.849986379878593e-6	1.1328986321645724e-8	1.0099141201374774e-9	3.9599974183236885e-5
335.0	2.2375342533657253e-8	1.6946056840936831e-9	3.8499867062462615e-6	1.133075531695125e-8	1.0100264780397432e-9	3.959997436372797e-5
336.0	2.2337658930741916e-8	1.693161391790435e-9	3.849986477137356e-6	1.1329173791525623e-8	1.0097664733433866e-9	3.9599974241824257e-5
337.0	2.2279776530146513e-8	1.6940557841599387e-9	3.849985964134699e-6	1.1328366828380286e-8	1.0096637865962783e-9	3.959997450275115e-5
338.0	2.229050258959559e-8	1.6945391832701375e-9	3.849985714542643e-6	1.1326254110780468e-8	1.009587746038016e-9	3.959997472627392e-5
339.0	2.2312322853299845e-8	1.6968110168354411e-9	3.8499856768922955e-6	1.1324189621721555e-8	1.0094360507866481e-9	3.9599974939078136e-5
340.0	2.2340617033233445e-8	1.6960718293331415e-9	3.849985981322662e-6	1.1321661427157484e-8	1.0095836406529927e-9	3.959997534635177e-5
341.0	2.2296438779067792e-8	1.6967806911072278e-9	3.84998648034146e-6	1.1320042002036361e-8	1.0095322793521777e-9	3.959997535709636e-5
342.0	2.2320806376144908e-8	1.6970675480387197e-9	3.849986837730433e-6	1.1319648920557417e-8	1.0096587630570807e-9	3.959997558991148e-5
343.0	2.2340691310896292e-8	1.6948701941479832e-9	3.849986736347632e-6	1.1318682903744354e-8	1.0097779948356933e-9	3.959997553186442e-5
344.0	2.2299647977505278e-8	1.694656272995042e-9	3.849986207126705e-6	1.1322011562232924e-8	1.009624359909137e-9	3.95999755025372e-5
345.0	2.2315518300424565e-8	1.6942391121724219e-9	3.849985733411575e-6	1.132155293244453e-8	1.009730094710911e-9	3.959997555656907e-5
346.0	2.230933886993233e-8	1.695061203564458e-9	3.849985893049141e-6	1.1326670067414416e-8	1.009592693624822e-9	3.959997527007728e-5
347.0	2.232340330251172e-8	1.6950557519404214e-9	3.849986613402415e-6	1.132583587321083e-8	1.009537447092065e-9	3.959997541585659e-5
348.0	2.231957050098516e-8	1.6973762097614883e-9	3.849986279099393e-6	1.1330307861980736e-8	1.0094319199970304e-9	3.959997508706414e-5
349.0	2.228289825593141e-8	1.6989724748874488e-9	3.849986134161329e-6	1.1329227713072819e-8	1.0094334710543166e-9	3.959997527380342e-5
350.0	2.232947398599586e-8	1.6975519110304408e-9	3.849986890368565e-6	1.1331473778629952e-8	1.0095375938434544e-9	3.95999750879046e-5
351.0	2.231918343493213e-8	1.6975038401875216e-9	3.849986477344008e-6	1.1328444258246766e-8	1.0095614629546702e-9	3.9599975331161814e-5
352.0	2.2301113701839637e-8	1.695583028951083e-9	3.849986097769951e-6	1.1328867375016592e-8	1.0098453000993102e-9	3.9599975411528266e-5
353.0	2.232567171792115e-8	1.6939369540950382e-9	3.849986150616499e-6	1.1324465526406059e-8	1.0097799899795134e-9	3.959997553399978e-5
354.0	2.2316156913221455e-8	1.6939786065347557e-9	3.849986080308505e-6	1.1323719388105754e-8	1.009672636443018e-9	3.959997553191168e-5
355.0	2.23404255425504e-8	1.6961155468065497e-9	3.849985730097707e-6	1.1320415583690645e-8	1.0097158389053751e-9	3.9599975510350793e-5
356.0	2.229412863628921e-8	1.6975870570598414e-9	3.849986994590583e-6	1.1319630590420793e-8	1.009381379905036e-9	3.959997553384801e-5
357.0	2.2299571013959398e-8	1.6986088422793348e-9	3.849986972545328e-6	1.1319482007676193e-8	1.0097894733284815e-9	3.959997550650282e-5
358.0	2.2317246884694364e-8	1.6993453091174245e-9	3.8499864706119235e-6	1.1320339991441548e-8	1.0094994500353352e-9	3.9599975484623096e-5
359.0	2.2309364569286e-8	1.6980998137784048e-9	3.849986290441226e-6	1.1322911967107447e-8	1.00989011426051e-9	3.959997534140209e-5
360.0	2.2315481916347403e-8	1.6964148160365123e-9	3.849985932971908e-6	1.132432080254451e-8	1.0096405777813905e-9	3.9599975356166145e-5
361.0	2.2311146521138246e-8	1.6952178942575908e-9	3.849985791487956e-6	1.1327728401995674e-8	1.009738481188923e-9	3.959997504497052e-5
362.0	2.231289465422883e-8	1.6942326252154182e-9	3.849986643713307e-6	1.1328137798641407e-8	1.0098346653115832e-9	3.959997528238085e-5
363.0	2.2291455210621552e-8	1.6950426062136471e-9	3.849987360436714e-6	1.1330455130879141e-8	1.009629856441725e-9	3.959997478658247e-5
364.0	2.229365896788188e-8	1.6977140625660574e-9	3.849986483976969e-6	1.132783572838795e-8	1.0100829466942386e-9	3.959997522842378e-5
365.0	2.232948737579153e-8	1.698027571833958e-9	3.8499859136886035e-6	1.1329046771618054e-8	1.009634436389271e-9	3.9599974783300314e-5
366.0	2.2332397912213087e-8	1.6982055220887495e-9	3.849986097721557e-6	1.1324597232632586e-8	1.0099760287790909e-9	3.959997515004886e-5
367.0	2.228153176547493e-8	1.699171565031896e-9	3.849986285005709e-6	1.1324715954665246e-8	1.0094765492597483e-9	3.959997476738626e-5
368.0	2.2289837486846977e-8	1.6969562598247409e-9	3.849985919554059e-6	1.1320803398047858e-8	1.0096531176746495e-9	3.9599975010303755e-5
369.0	2.23057432802293e-8	1.695792589883828e-9	3.849985997382685e-6	1.1321587929796521e-8	1.0097141878915498e-9	3.959997480854475e-5
370.0	2.236301402241598e-8	1.6962154724089725e-9	3.849986930728437e-6	1.131997708082013e-8	1.0095792564300954e-9	3.959997483531875e-5
371.0	2.2325551303543415e-8	1.695662077342142e-9	3.849986552104822e-6	1.1321801490971238e-8	1.010002431072782e-9	3.9599974729571035e-5
372.0	2.227794098061168e-8	1.6968270645764524e-9	3.84998549904806e-6	1.1322769475800445e-8	1.0096199367502704e-9	3.959997458313585e-5
373.0	2.231863052289448e-8	1.6971331087295613e-9	3.8499868363151425e-6	1.1325729299499031e-8	1.0098182937519705e-9	3.959997464559429e-5
374.0	2.2306741823341475e-8	1.6998224767874498e-9	3.849986553945156e-6	1.1327196965704143e-8	1.0093331198275512e-9	3.959997437548737e-5
375.0	2.2332652566263922e-8	1.6970605946019814e-9	3.849985907786766e-6	1.1329471647399654e-8	1.0094060821998234e-9	3.959997463507038e-5
376.0	2.2292575857213188e-8	1.6986909213126153e-9	3.84998560750989e-6	1.1330286331524235e-8	1.0091385419502011e-9	3.959997434827123e-5
377.0	2.2313248663409468e-8	1.698081944468277e-9	3.8499870807318095e-6	1.1329534272877745e-8	1.0095037364680213e-9	3.959997455540006e-5
378.0	2.23141604825725e-8	1.6970436080468857e-9	3.849986471061557e-6	1.1329873902199777e-8	1.009634783496472e-9	3.9599974238831974e-5
379.0	2.229684058023214e-8	1.697547261034722e-9	3.849985823338224e-6	1.1325993497256491e-8	1.0097276887895188e-9	3.9599974564391974e-5
380.0	2.231061816884398e-8	1.6972513661243176e-9	3.849987188025436e-6	1.1325982513228058e-8	1.009950356103975e-9	3.9599974305317406e-5
381.0	2.232513790417177e-8	1.6984032212596992e-9	3.849986976004352e-6	1.1321392150435909e-8	1.00968001513043e-9	3.959997462397985e-5
382.0	2.2336909733114954e-8	1.697531226535606e-9	3.849985828689152e-6	1.1322087641194124e-8	1.0097245130306224e-9	3.959997436332208e-5
383.0	2.2295173893051864e-8	1.6992639761566814e-9	3.8499857738907e-6	1.1319772439246535e-8	1.009575827724617e-9	3.959997466322996e-5
384.0	2.2280010236738104e-8	1.6989076070676739e-9	3.849986600523298e-6	1.1321395490643943e-8	1.009713770759693e-9	3.959997446700823e-5
385.0	2.2337946190332026e-8	1.7001265159599153e-9	3.849986002928423e-6	1.1321095536120663e-8	1.009918858675353e-9	3.959997480036274e-5
386.0	2.2338967745535297e-8	1.6982574789795272e-9	3.849986370662153e-6	1.1324377972129548e-8	1.0101313475591568e-9	3.959997453739076e-5
387.0	2.2291069133241214e-8	1.6988838237374196e-9	3.849986994254028e-6	1.1324202770217269e-8	1.0102558240413429e-9	3.9599974845803695e-5
388.0	2.2304083534551967e-8	1.6983219771100379e-9	3.849986859765058e-6	1.132690817783527e-8	1.0103269524027426e-9	3.959997465929949e-5
389.0	2.231083943946833e-8	1.6969054905292422e-9	3.849986104603614e-6	1.1327046237561083e-8	1.0101625770280334e-9	3.959997476690603e-5
390.0	2.2375543592414044e-8	1.6985847588160891e-9	3.849985827219812e-6	1.1327679119099997e-8	1.0101628188448711e-9	3.959997482827768e-5
391.0	2.228260852899082e-8	1.6982196688365871e-9	3.849986489426393e-6	1.132777576421483e-8	1.0099647504894744e-9	3.9599974721726236e-5
392.0	2.228290774764432e-8	1.7002697276886175e-9	3.849986616309297e-6	1.1325400371934284e-8	1.0099744173878422e-9	3.959997495314124e-5
393.0	2.2339108004872392e-8	1.700058213500183e-9	3.849986679946326e-6	1.1325084937788568e-8	1.0100824941979631e-9	3.959997490183859e-5
394.0	2.2355146691498786e-8	1.700343728177743e-9	3.8499864157292275e-6	1.1322704535480078e-8	1.0099335388984565e-9	3.959997502706298e-5
395.0	2.2318761801311802e-8	1.7005574352393553e-9	3.849986323113957e-6	1.1323163453423452e-8	1.0101934228587175e-9	3.9599975102239416e-5
396.0	2.2258081729241395e-8	1.6992239236926696e-9	3.8499865649919005e-6	1.1322860573110385e-8	1.0097849383578468e-9	3.959997497047103e-5
397.0	2.2325618418794468e-8	1.6997301524275012e-9	3.849986365414949e-6	1.132397496548911e-8	1.0101470892832829e-9	3.9599975160116466e-5
398.0	2.2373536921767343e-8	1.699746587085655e-9	3.849986953958628e-6	1.132423588822189e-8	1.0098898650022527e-9	3.959997495599996e-5
399.0	2.2322387809811372e-8	1.6996962608272783e-9	3.849986981328353e-6	1.1325652773210714e-8	1.0100293294185714e-9	3.959997504923173e-5
400.0	2.2281129916941456e-8	1.7013437145007578e-9	3.849986373956004e-6	1.132648808356145e-8	1.0101175704013542e-9	3.959997508351303e-5
401.0	2.2302299336992018e-8	1.7001046099198688e-9	3.8499860484882965e-6	1.132730507694915e-8	1.009814162590023e-9	3.959997483959638e-5
402.0	2.235067497856182e-8	1.6997284829083082e-9	3.849986335731421e-6	1.1328402922763914e-8	1.0100543769472026e-9	3.9599975293482014e-5
403.0	2.2327012193143e-8	1.7007785822003975e-9	3.849986933100099e-6	1.1327081971060561e-8	1.009480254963877e-9	3.959997492898944e-5
404.0	2.230481666906076e-8	1.6998106774877126e-9	3.849986677312115e-6	1.1327003959972253e-8	1.0098127340192747e-9	3.9599975440869284e-5
405.0	2.2320916190302414e-8	1.7007819476819248e-9	3.84998664369621e-6	1.1324077176523646e-8	1.0095871539829097e-9	3.9599975188774145e-5
406.0	2.2339999617092946e-8	1.7010832202991765e-9	3.849986067169534e-6	1.1323709299571164e-8	1.009815740387521e-9	3.959997559670019e-5
407.0	2.2305170681183587e-8	1.7023288336203696e-9	3.849986359312358e-6	1.1322279529478446e-8	1.0100416374814137e-9	3.959997537554142e-5
408.0	2.2307466402835227e-8	1.7021507507950645e-9	3.849986139384471e-6	1.1322686863265537e-8	1.0098946016399107e-9	3.9599975470521346e-5
409.0	2.2333999809221006e-8	1.7008698224037626e-9	3.849986767036524e-6	1.1323796132773384e-8	1.0101073908011342e-9	3.9599975274911745e-5
410.0	2.236778998508642e-8	1.7015021649253126e-9	3.849987138085347e-6	1.1325066860152502e-8	1.009614169602335e-9	3.959997529627061e-5
411.0	2.2322097100583324e-8	1.7003181802515985e-9	3.849986769573655e-6	1.1326847606158276e-8	1.0097059222493453e-9	3.959997516428403e-5
412.0	2.2285832786145504e-8	1.699804537673142e-9	3.84998538262196e-6	1.1327731987739433e-8	1.0094092517242389e-9	3.9599975239427725e-5
413.0	2.2333271511701847e-8	1.70078694045749e-9	3.849985870251006e-6	1.1329311291716845e-8	1.0095436106001596e-9	3.959997526931926e-5
414.0	2.2384520344482547e-8	1.7020162104271188e-9	3.849986829877861e-6	1.1329007632983192e-8	1.009768981971875e-9	3.9599975229523694e-5
415.0	2.2362930917185438e-8	1.7023632655435671e-9	3.849987055440165e-6	1.1329866811297178e-8	1.009734829341622e-9	3.959997541048512e-5
416.0	2.230444227754043e-8	1.7026751367166964e-9	3.849987404705645e-6	1.1326985667449399e-8	1.0100109550190606e-9	3.95999749785493e-5
417.0	2.2296242627412902e-8	1.7030044191813957e-9	3.849987109351724e-6	1.1326946083984968e-8	1.0098143303574693e-9	3.9599975255128375e-5
418.0	2.2366246753199897e-8	1.7028451281271636e-9	3.849986022786627e-6	1.1321422712229379e-8	1.0098480967296658e-9	3.959997454983348e-5
419.0	2.2364020936262383e-8	1.701309821607691e-9	3.849985577379665e-6	1.1321440884403366e-8	1.0097291925335513e-9	3.959997499030992e-5
420.0	2.233380953093985e-8	1.7022033498723815e-9	3.8499867561884905e-6	1.1318043435065402e-8	1.009826434285727e-9	3.959997436543716e-5
421.0	2.2317773798796934e-8	1.702705496122717e-9	3.8499874132713465e-6	1.1318774442526238e-8	1.0099307661455044e-9	3.9599974798790446e-5
422.0	2.231350249055426e-8	1.7011706899637732e-9	3.849986917862099e-6	1.1319696691036582e-8	1.0101157244869765e-9	3.959997444353119e-5
423.0	2.2354981332917043e-8	1.7034510487327058e-9	3.849986967992774e-6	1.1321893092865074e-8	1.0103214949049584e-9	3.959997459695935e-5
424.0	2.2346081310669192e-8	1.7041161651146649e-9	3.849986674990573e-6	1.1325015932704725e-8	1.0104838801335584e-9	3.9599974726252706e-5
425.0	2.23474090811632e-8	1.7034582167192143e-9	3.849986219555951e-6	1.1327564131633804e-8	1.0103910385546135e-9	3.9599974623800507e-5
426.0	2.2352474878092444e-8	1.702987100098049e-9	3.849986644225286e-6	1.1329989961101087e-8	1.0103073087005522e-9	3.959997501059707e-5
427.0	2.230389808265725e-8	1.7033588650965405e-9	3.849986806174481e-6	1.1331168302077406e-8	1.0101271829638092e-9	3.959997447183755e-5
428.0	2.233690706625108e-8	1.7028928986880039e-9	3.849986499597153e-6	1.1331261076385469e-8	1.0099478089919954e-9	3.959997488889139e-5
429.0	2.2348793738570207e-8	1.7017856141361002e-9	3.8499863047428105e-6	1.1329872989927234e-8	1.0100136605909332e-9	3.959997429555817e-5
430.0	2.2384805233003864e-8	1.7032627123904763e-9	3.8499868012056285e-6	1.1328989095275227e-8	1.0099704822233668e-9	3.9599974580949584e-5
431.0	2.2349282169929514e-8	1.703569356620182e-9	3.849987081130867e-6	1.1324993636213995e-8	1.0102845405640246e-9	3.959997424000179e-5
432.0	2.230083924593486e-8	1.7026234133233556e-9	3.849986780677872e-6	1.1323915112324489e-8	1.0102568270568473e-9	3.959997429093079e-5
433.0	2.233198496664956e-8	1.7045250915393638e-9	3.849986758119249e-6	1.132101541272205e-8	1.0102746056028633e-9	3.9599974224651836e-5
434.0	2.2367198253879704e-8	1.7050319409523103e-9	3.849986184939418e-6	1.1320352395053233e-8	1.0101701267459958e-9	3.95999740382768e-5
435.0	2.2387339428625054e-8	1.7036921226296234e-9	3.849986359151004e-6	1.131962430652835e-8	1.009963491079299e-9	3.959997436683505e-5
436.0	2.2347165062645033e-8	1.7046024560366018e-9	3.849986870503888e-6	1.1320820339861592e-8	1.0100615352277528e-9	3.959997431595176e-5
437.0	2.2313199478420964e-8	1.7047693502521254e-9	3.849987389555529e-6	1.1322179935516368e-8	1.009766402595867e-9	3.959997473650425e-5
438.0	2.2341127213048187e-8	1.7041660175895636e-9	3.849986433800295e-6	1.1324691678110953e-8	1.0097902334852654e-9	3.9599974777762704e-5
439.0	2.2336926072867253e-8	1.704874367556233e-9	3.849986324719818e-6	1.1326109039913597e-8	1.0095330481965652e-9	3.959997504891396e-5
440.0	2.2395742541408522e-8	1.7049482790234777e-9	3.849986510595789e-6	1.132842218509407e-8	1.0096538255970585e-9	3.9599975132777326e-5
441.0	2.2366912848003352e-8	1.7033920880566771e-9	3.8499863989096e-6	1.1328116267863689e-8	1.0097767075693465e-9	3.959997514603356e-5
442.0	2.233031061562737e-8	1.7059760944602938e-9	3.849986526085591e-6	1.1329320984201732e-8	1.0100357548624413e-9	3.9599975361249407e-5
443.0	2.2316453622406975e-8	1.705367053409949e-9	3.849987390435948e-6	1.1327586263457736e-8	1.0103631182262864e-9	3.959997521579091e-5
444.0	2.233704670024607e-8	1.705067515844691e-9	3.849986117738548e-6	1.1327243636791952e-8	1.010144970769847e-9	3.959997538600586e-5
445.0	2.2418583917475986e-8	1.7056374984624848e-9	3.849985916529521e-6	1.1324823726521902e-8	1.0102247198933905e-9	3.959997503049623e-5
446.0	2.2361118429040454e-8	1.7056903689247518e-9	3.849986261878178e-6	1.132500918096697e-8	1.0097361383638221e-9	3.959997511569318e-5
447.0	2.2316324374960264e-8	1.7042456533245353e-9	3.849987107800299e-6	1.1322986723438234e-8	1.0097763337261037e-9	3.9599974661662324e-5
448.0	2.231291630023485e-8	1.7049370026615713e-9	3.8499867947903755e-6	1.1323983339447367e-8	1.0097384944635108e-9	3.9599974819831706e-5
449.0	2.2373690081241907e-8	1.7051769035816808e-9	3.849986770846021e-6	1.132350008044668e-8	1.0098804138990434e-9	3.959997459865779e-5
450.0	2.2393921787219358e-8	1.7056286551640427e-9	3.849986695456898e-6	1.1325197842194853e-8	1.010268496040233e-9	3.9599974811773604e-5
451.0	2.232943098152815e-8	1.7069492545634894e-9	3.849986582869685e-6	1.1325715532931106e-8	1.0102152927916115e-9	3.959997483833053e-5
452.0	2.2328399522366024e-8	1.7065376455100358e-9	3.849986278814425e-6	1.1326186296686098e-8	1.0105387249055057e-9	3.9599974975976484e-5
453.0	2.234062185715702e-8	1.7064430683098266e-9	3.849986673539716e-6	1.1326582992982425e-8	1.01019772202033e-9	3.959997514608979e-5
454.0	2.2341392040377393e-8	1.706526623227025e-9	3.8499870663621065e-6	1.1325935256601565e-8	1.0104155300116912e-9	3.959997512532904e-5
455.0	2.235435306005995e-8	1.7072212121883403e-9	3.849986886350515e-6	1.132566364556694e-8	1.0101385854608682e-9	3.959997544978221e-5
456.0	2.234448259524892e-8	1.7052168370310182e-9	3.849986472794805e-6	1.1323834495761212e-8	1.0102988343721836e-9	3.9599975311371865e-5
457.0	2.237724822982265e-8	1.7054472473703232e-9	3.849987116264823e-6	1.1324799530483774e-8	1.0103476033032864e-9	3.959997554268199e-5
458.0	2.2350847617575736e-8	1.707341661031671e-9	3.849986839209693e-6	1.1321654912787156e-8	1.0101755746164537e-9	3.959997526884346e-5
459.0	2.2327431568094774e-8	1.7056239118098174e-9	3.849986514648749e-6	1.1324708938033838e-8	1.0104318012245281e-9	3.9599975431144234e-5
460.0	2.2349438138882958e-8	1.7073130197585712e-9	3.849986132552462e-6	1.1322086470296702e-8	1.0100889896127912e-9	3.959997525759134e-5
461.0	2.2384366243469653e-8	1.708043456425116e-9	3.849986388532602e-6	1.1325539252116023e-8	1.0103561273600718e-9	3.959997531669643e-5
462.0	2.2357961400973008e-8	1.7067521723142457e-9	3.849986449962672e-6	1.1323815134969259e-8	1.0099996814114994e-9	3.959997508046541e-5
463.0	2.2342810378031952e-8	1.7060323696355167e-9	3.849986674746492e-6	1.1326629106897474e-8	1.0101708684787898e-9	3.959997494553737e-5
464.0	2.233322409462309e-8	1.706549605866964e-9	3.8499869092720435e-6	1.1325614903512635e-8	1.0101355060905563e-9	3.959997470369286e-5
465.0	2.2384787762401958e-8	1.7065483252050113e-9	3.849986862276658e-6	1.1327004674613801e-8	1.0099686602307884e-9	3.959997453784352e-5
466.0	2.2381140409398696e-8	1.7075182337000793e-9	3.849986570438884e-6	1.132612234820175e-8	1.0100410340705707e-9	3.95999742778337e-5
467.0	2.2327740944637877e-8	1.7083601256168752e-9	3.8499864498404674e-6	1.1327566691765301e-8	1.0098596104669017e-9	3.9599974342657186e-5
468.0	2.2359271012847192e-8	1.7081282492325888e-9	3.8499858896258256e-6	1.1325823155456678e-8	1.0100588183943504e-9	3.959997426573214e-5
469.0	2.2365618307351527e-8	1.7098600342125054e-9	3.849986167781168e-6	1.1326358254924632e-8	1.0098581603235014e-9	3.959997463179136e-5
470.0	2.2380435055491784e-8	1.7095374008902886e-9	3.849986916863605e-6	1.1325477355977443e-8	1.0102843642167409e-9	3.959997469202515e-5
471.0	2.2358573051812226e-8	1.7090258129752293e-9	3.849986665592436e-6	1.132398865552387e-8	1.0101860157011528e-9	3.959997499792142e-5
472.0	2.2323906294623958e-8	1.707245362763305e-9	3.84998715181234e-6	1.1325523900243871e-8	1.0105415473010232e-9	3.959997508983594e-5
473.0	2.2370018424051405e-8	1.7092477713388153e-9	3.8499869193583865e-6	1.1322876776341751e-8	1.0103809061469624e-9	3.959997488022838e-5
474.0	2.2365259727181897e-8	1.7076464356521065e-9	3.849986262695052e-6	1.1325441256758845e-8	1.0103831695620497e-9	3.959997506736148e-5
475.0	2.2387754322966687e-8	1.7071682184233964e-9	3.849985808288953e-6	1.1322505357831956e-8	1.0102747374085878e-9	3.95999744821569e-5
476.0	2.2345654757155554e-8	1.7074347651183695e-9	3.849986450448883e-6	1.1324452510636937e-8	1.0102054354676697e-9	3.9599974831403484e-5
477.0	2.234209504448622e-8	1.7068266265218175e-9	3.84998655738087e-6	1.1322408936311024e-8	1.0104440793162838e-9	3.9599974281531826e-5
478.0	2.2360545874996597e-8	1.7074640630475072e-9	3.84998710513649e-6	1.1324206425420998e-8	1.0102063818900252e-9	3.959997462892885e-5
479.0	2.2375070103385228e-8	1.7085266107727338e-9	3.849987037523926e-6	1.1323467201381724e-8	1.0106771508936758e-9	3.959997453428728e-5
480.0	2.238279396601766e-8	1.7107959616479447e-9	3.849986468019487e-6	1.132635779414864e-8	1.0100616070734712e-9	3.959997469359815e-5
481.0	2.2348031158647894e-8	1.7094956606594863e-9	3.849985795807073e-6	1.1324924821161397e-8	1.010383055288031e-9	3.959997486363964e-5
482.0	2.234387617343207e-8	1.710295476578312e-9	3.849986803270405e-6	1.1327718663793342e-8	1.009820790727516e-9	3.9599974692556766e-5
483.0	2.2352330866981116e-8	1.7099858368664338e-9	3.849986940875714e-6	1.1325438933772922e-8	1.0099629956205551e-9	3.9599975097755515e-5
484.0	2.2363960740721926e-8	1.7085863736012625e-9	3.8499866172262286e-6	1.1327450448188491e-8	1.009864043568145e-9	3.9599974775368006e-5
485.0	2.2380484426659414e-8	1.707983673393571e-9	3.849987005610081e-6	1.1326197016000553e-8	1.0094896825216942e-9	3.959997518128616e-5
486.0	2.2376312402949317e-8	1.7086202099129468e-9	3.849986265030364e-6	1.1326419682895303e-8	1.0097802834790706e-9	3.9599974767614856e-5
487.0	2.235055012997875e-8	1.708420545009573e-9	3.849985894944747e-6	1.1327031381881803e-8	1.0090391693265971e-9	3.9599974864506616e-5
488.0	2.234907128935891e-8	1.7097252192113415e-9	3.849986115021957e-6	1.1325574302263624e-8	1.009634888240226e-9	3.9599974618769836e-5
489.0	2.232835445841647e-8	1.7111813335555054e-9	3.849986936333525e-6	1.132599417679819e-8	1.0091770796894072e-9	3.9599974552129776e-5
490.0	2.2401695707934517e-8	1.7109406407569214e-9	3.849986937898549e-6	1.1324404666535122e-8	1.0098815457878209e-9	3.9599974607307664e-5
491.0	2.238208070106536e-8	1.7090363390909113e-9	3.849986604104793e-6	1.1324696973527752e-8	1.0101608957752162e-9	3.9599974664344104e-5
492.0	2.2340794015376535e-8	1.7097073260987499e-9	3.8499861154566856e-6	1.1324276873542956e-8	1.0102732309793126e-9	3.9599974952417564e-5
493.0	2.2332998241573662e-8	1.7078705450010766e-9	3.8499863627679885e-6	1.1324957776648273e-8	1.0107410820831924e-9	3.959997512492968e-5
494.0	2.2348991458833586e-8	1.7082086736032657e-9	3.84998605995618e-6	1.1324162864114983e-8	1.010225525016981e-9	3.9599975416653886e-5
495.0	2.2406705271833002e-8	1.7090660704682842e-9	3.8499862707936825e-6	1.1325718215335816e-8	1.0107289583877443e-9	3.9599975383195014e-5
496.0	2.2368352664331278e-8	1.7106928636979783e-9	3.849986339755964e-6	1.1323254281366099e-8	1.0101976511646159e-9	3.959997577650501e-5
497.0	2.2325174082303765e-8	1.711403773966805e-9	3.8499869556741465e-6	1.1326183496780256e-8	1.0106718132850766e-9	3.959997538809871e-5
498.0	2.235598433497376e-8	1.711139847575651e-9	3.849986438024213e-6	1.1323367475323357e-8	1.0107586022141707e-9	3.9599975890134156e-5
499.0	2.237413045277682e-8	1.7123698767012983e-9	3.84998642741202e-6	1.1325918157446835e-8	1.0108251027453388e-9	3.9599975185577165e-5
500.0	2.2380237962537935e-8	1.711576419051439e-9	3.849986583810453e-6	1.1324942659352476e-8	1.01130803304076e-9	3.959997559234513e-5
501.0	2.2357106485776234e-8	1.708902542335324e-9	3.849986249224488e-6	1.1325829422278674e-8	1.0109113818055288e-9	3.95999750769059e-5
502.0	2.2360681370027318e-8	1.709414236884688e-9	3.849985970358278e-6	1.1325171040667594e-8	1.0113972769792416e-9	3.959997533568852e-5
503.0	2.23773299369014e-8	1.709282395134262e-9	3.849986012991426e-6	1.1325526241754328e-8	1.0108784579299668e-9	3.959997529206494e-5
504.0	2.2355617543213408e-8	1.7110293034145096e-9	3.84998707485927e-6	1.1324459686852947e-8	1.010765737490735e-9	3.9599975200964135e-5
505.0	2.2372442645504865e-8	1.711936692009758e-9	3.849987260081844e-6	1.1325766728539094e-8	1.0106279120587579e-9	3.959997569827028e-5
506.0	2.235828525632127e-8	1.7137900282495517e-9	3.849986492185354e-6	1.13238618038269e-8	1.0100500128052684e-9	3.95999754473229e-5
507.0	2.236573310735966e-8	1.7133369744706893e-9	3.849986771974927e-6	1.1325682271100425e-8	1.0102466922152832e-9	3.95999760589251e-5
508.0	2.2343175141287696e-8	1.7132665963815768e-9	3.849986040531727e-6	1.132511722813591e-8	1.0097791164731161e-9	3.959997575402401e-5
509.0	2.2365270677492102e-8	1.7116244483135083e-9	3.849985882374922e-6	1.132485394405368e-8	1.0099019144135142e-9	3.959997608758817e-5
510.0	2.23818945938931e-8	1.7111896722976556e-9	3.849986223792686e-6	1.1326970636065372e-8	1.0097565672580754e-9	3.9599975811207836e-5
511.0	2.2360023795753e-8	1.7105837710608694e-9	3.849987315033905e-6	1.1325066340308022e-8	1.009542560410407e-9	3.959997574313184e-5
512.0	2.2338255869407852e-8	1.7114998366138818e-9	3.849987321305802e-6	1.1328209704563338e-8	1.0097283010394712e-9	3.9599975662026015e-5
513.0	2.2368598151402988e-8	1.7128120041079924e-9	3.849986552410661e-6	1.1326438387837106e-8	1.0094332851893827e-9	3.9599975346907526e-5
514.0	2.237212672249297e-8	1.7126261715667715e-9	3.849985998133997e-6	1.1328621724627108e-8	1.0097593816523112e-9	3.95999755725748e-5
515.0	2.2370816074028353e-8	1.714311198806446e-9	3.8499855163589336e-6	1.132708152783661e-8	1.0096505481906637e-9	3.959997540660626e-5
516.0	2.2342556022413095e-8	1.7138809006894891e-9	3.849985797457019e-6	1.1328191788853047e-8	1.0097481693249473e-9	3.959997555485142e-5
517.0	2.234993326866576e-8	1.7121035976262996e-9	3.84998623475116e-6	1.1326272752289565e-8	1.0099345746591801e-9	3.959997569855871e-5
518.0	2.2373386952169498e-8	1.712305173390554e-9	3.849987105051691e-6	1.132744136179268e-8	1.0096971725581158e-9	3.95999756015744e-5
519.0	2.2353372121863465e-8	1.7111958170234719e-9	3.849987183664708e-6	1.1323949349406965e-8	1.0100337403075306e-9	3.959997582891972e-5
520.0	2.2371141639942753e-8	1.7116212553131942e-9	3.849986411431752e-6	1.1326034627464897e-8	1.0096964154790157e-9	3.9599975519447555e-5
521.0	2.2375135606697682e-8	1.7124913715680425e-9	3.849985367001084e-6	1.132304896735278e-8	1.0099962261532189e-9	3.959997549544805e-5
522.0	2.2363670020953132e-8	1.7119653106117266e-9	3.849985536572555e-6	1.1324330388936225e-8	1.0099551274183095e-9	3.9599975228161286e-5
523.0	2.2328227759707873e-8	1.7140821026073593e-9	3.849986068088677e-6	1.1324067850420825e-8	1.0099846768569786e-9	3.959997493216492e-5
524.0	2.234842569093891e-8	1.7126806137615326e-9	3.849986622983941e-6	1.1324236564873043e-8	1.0103653007101969e-9	3.9599974952865265e-5
525.0	2.2401319637020884e-8	1.7142354108919663e-9	3.849986779873918e-6	1.1326701313980742e-8	1.0101266143082417e-9	3.959997474357556e-5
526.0	2.239002332967963e-8	1.712960845560617e-9	3.849986996320944e-6	1.132578092294341e-8	1.0106512884803457e-9	3.959997493813059e-5
527.0	2.2338349345882906e-8	1.7139702342168746e-9	3.849985999619334e-6	1.1328605871827898e-8	1.0103883790587765e-9	3.9599974955887044e-5
528.0	2.2319647416658032e-8	1.7117384526157722e-9	3.849985725503424e-6	1.1327034528471718e-8	1.0104883081999076e-9	3.959997499913226e-5
529.0	2.2364676063850536e-8	1.7119255039952568e-9	3.849985865867263e-6	1.1329035616283404e-8	1.0103264744517872e-9	3.9599975145169086e-5
530.0	2.2408855323126667e-8	1.7137967554946963e-9	3.849986423071194e-6	1.1326795845012881e-8	1.0100318691247882e-9	3.9599974991020555e-5
531.0	2.236691443724745e-8	1.7122051884980825e-9	3.849986505680128e-6	1.1328558698263354e-8	1.0102546446330956e-9	3.959997506746328e-5
532.0	2.2343237687251176e-8	1.7133951314417244e-9	3.849986340256031e-6	1.1325310124264242e-8	1.0099138855044523e-9	3.959997469297077e-5
533.0	2.2358224697271334e-8	1.714745170840379e-9	3.849986228445734e-6	1.1327454573427525e-8	1.0104777523198044e-9	3.959997488872032e-5
534.0	2.2345418349625144e-8	1.714904037055359e-9	3.849986169207186e-6	1.1323454221664804e-8	1.0103409701518e-9	3.959997454629692e-5
535.0	2.2380279266983086e-8	1.7133237580467925e-9	3.849986238609202e-6	1.1325265251307647e-8	1.010654736745568e-9	3.959997490876679e-5
536.0	2.238148863267449e-8	1.7146447190049593e-9	3.849986376833629e-6	1.1323510353604191e-8	1.01054230768853e-9	3.95999747077657e-5
537.0	2.237458335112778e-8	1.713601317586796e-9	3.849985893037044e-6	1.132459096150728e-8	1.010332932383632e-9	3.9599974963558114e-5
538.0	2.2362603366218294e-8	1.7123800374720844e-9	3.849986026664549e-6	1.1325467951603005e-8	1.0105228639173616e-9	3.959997501894279e-5
539.0	2.231790183238499e-8	1.713997763404197e-9	3.84998618376612e-6	1.1325045671989886e-8	1.0099505751654469e-9	3.959997496628546e-5
540.0	2.2394829004064654e-8	1.713841687291364e-9	3.849986197001699e-6	1.1326857179149436e-8	1.0105619549725194e-9	3.9599975407532086e-5
541.0	2.2394130715551908e-8	1.7149494428175246e-9	3.849986626457737e-6	1.1325864740158626e-8	1.010191842434247e-9	3.959997510762321e-5
542.0	2.2358266685894666e-8	1.7166289351041578e-9	3.849986368417937e-6	1.1327543639056771e-8	1.010502051555316e-9	3.959997578390711e-5
543.0	2.2351758739315386e-8	1.7152215630406122e-9	3.849985784175738e-6	1.1325764814433444e-8	1.0103800610014198e-9	3.959997536968836e-5
544.0	2.2351292669633957e-8	1.7156082550884322e-9	3.849985493006837e-6	1.132781403199674e-8	1.0100698344413419e-9	3.9599975891553695e-5
545.0	2.23841912290457e-8	1.7155873987023907e-9	3.849985577802863e-6	1.1324709220762993e-8	1.0102262996164258e-9	3.959997546150323e-5
546.0	2.236474946834579e-8	1.714642760201755e-9	3.849986500448905e-6	1.1326975271284026e-8	1.0097599830144045e-9	3.959997569227645e-5
547.0	2.235429445556654e-8	1.7158707460300228e-9	3.8499866206586365e-6	1.1323359299843387e-8	1.0103503254950139e-9	3.9599975405077534e-5
548.0	2.2385292286888162e-8	1.7153151161276913e-9	3.849986279185686e-6	1.1325543124751596e-8	1.010032432438502e-9	3.959997549733698e-5
549.0	2.2371417580281013e-8	1.7168045821498822e-9	3.849986175931822e-6	1.1323917544284133e-8	1.0103765798311681e-9	3.959997547195837e-5
550.0	2.234746339308548e-8	1.7173623372436349e-9	3.849985963898476e-6	1.132535980829215e-8	1.0102308677850337e-9	3.959997545869885e-5
551.0	2.2345381892903853e-8	1.7169329217028129e-9	3.849985110218785e-6	1.1326707828429264e-8	1.009890443737134e-9	3.9599975659107526e-5
552.0	2.2378389733639183e-8	1.715987137436185e-9	3.849986079045258e-6	1.1327117524624727e-8	1.0101594346868383e-9	3.9599975649781964e-5
553.0	2.2391631341845876e-8	1.7157555511364315e-9	3.8499867695744986e-6	1.132901221388979e-8	1.009565043945192e-9	3.9599976067712405e-5
554.0	2.2347958305263282e-8	1.7162945002929208e-9	3.849985845694413e-6	1.132934670191257e-8	1.0101703461234776e-9	3.959997579899531e-5
555.0	2.234661843512837e-8	1.7167798308275181e-9	3.8499866094345495e-6	1.1330328379155361e-8	1.0098262448188387e-9	3.959997629815253e-5
556.0	2.236904766301251e-8	1.7176603232364536e-9	3.849986934887821e-6	1.132968547969186e-8	1.0102479674205414e-9	3.9599975779872435e-5
557.0	2.2376681021214046e-8	1.7181940754513229e-9	3.849985975011498e-6	1.132982919440696e-8	1.0103056296022644e-9	3.959997616115611e-5
558.0	2.235294688206278e-8	1.7185853360976345e-9	3.849985448480942e-6	1.1327136380131128e-8	1.0101234689746033e-9	3.959997551178077e-5
559.0	2.233992331538549e-8	1.7176556609774327e-9	3.849986100847636e-6	1.1326889351893712e-8	1.0106109968269194e-9	3.959997587569633e-5
560.0	2.2402994615757186e-8	1.7191588673421074e-9	3.849985808064145e-6	1.1323082475248147e-8	1.0100827272899978e-9	3.959997540077142e-5
561.0	2.237448698623147e-8	1.7168107277975714e-9	3.849985863083066e-6	1.132283086309988e-8	1.0104839449534826e-9	3.95999757600108e-5
562.0	2.2339798497776228e-8	1.717653926433079e-9	3.849986860530858e-6	1.1320704510146496e-8	1.0100946425281077e-9	3.9599975444528026e-5
563.0	2.233394228024425e-8	1.7183483590649764e-9	3.8499866313923294e-6	1.1320856472123176e-8	1.0101329396231845e-9	3.959997548220152e-5
564.0	2.2393687729582854e-8	1.7165761263980584e-9	3.8499858336491315e-6	1.1322210421377937e-8	1.0100809347673048e-9	3.959997532922922e-5
565.0	2.2423390255725944e-8	1.7190795770597807e-9	3.849985265980313e-6	1.1323061779916943e-8	1.0098834339063737e-9	3.9599975141928385e-5
566.0	2.2354422100497873e-8	1.7168690446504284e-9	3.84998593237642e-6	1.1326555826295498e-8	1.0102721046826696e-9	3.9599975336190553e-5
567.0	2.231225632827174e-8	1.7178326497728128e-9	3.849985611331855e-6	1.1327879531701687e-8	1.0100168121788868e-9	3.959997509327002e-5
568.0	2.2359759907599405e-8	1.7166417791413456e-9	3.849985812810991e-6	1.1330829983263376e-8	1.0105609049749839e-9	3.9599975315164295e-5
569.0	2.2393540558937435e-8	1.7183018761590572e-9	3.849986287008645e-6	1.1331112192703355e-8	1.010239618111269e-9	3.95999750271989e-5
570.0	2.2397575781767305e-8	1.7180496305115687e-9	3.849986560528906e-6	1.1331840537819262e-8	1.0104624484754007e-9	3.9599975095780465e-5
571.0	2.2354453904497907e-8	1.7190670253270046e-9	3.849985837541135e-6	1.1330963296313513e-8	1.0102910489386278e-9	3.959997481724293e-5
572.0	2.2325455785174544e-8	1.7220759582718879e-9	3.849986060412158e-6	1.1329156365049283e-8	1.0101424933829852e-9	3.959997476909644e-5
573.0	2.2359810705996504e-8	1.7190842326238064e-9	3.8499862087970406e-6	1.1327612145294003e-8	1.0101204639579716e-9	3.959997453729715e-5
574.0	2.236473718252075e-8	1.719957980649363e-9	3.8499853558417414e-6	1.1324948560981524e-8	1.009983363175512e-9	3.959997465145991e-5
575.0	2.2396525681634577e-8	1.7203853018743514e-9	3.849985930328017e-6	1.1324198925810594e-8	1.0102128350229533e-9	3.959997447018242e-5
576.0	2.2393063716994078e-8	1.7188051383524393e-9	3.8499861487257045e-6	1.1321498275881949e-8	1.0103552969299144e-9	3.959997481174466e-5
577.0	2.2349369897957047e-8	1.7187356220539876e-9	3.8499864604908e-6	1.1322654427685623e-8	1.010635116453191e-9	3.959997458277646e-5
578.0	2.2360572234891904e-8	1.7195039989540309e-9	3.8499867000291346e-6	1.1321050916726623e-8	1.010856336673824e-9	3.959997507233345e-5
579.0	2.2341654492875983e-8	1.720996010360183e-9	3.849986072995134e-6	1.132435412781502e-8	1.010724054362304e-9	3.959997481824234e-5
580.0	2.2409193214684022e-8	1.7212004861900676e-9	3.849985694526631e-6	1.1323731426902876e-8	1.0105257099593924e-9	3.9599975099785914e-5
581.0	2.2409115035556547e-8	1.7225000578016586e-9	3.849985445231358e-6	1.1327588547427959e-8	1.0100930804890822e-9	3.9599975009182784e-5
582.0	2.2355764082268107e-8	1.7206341524795229e-9	3.849985922066297e-6	1.1326491191227969e-8	1.0099127773025961e-9	3.9599974947929434e-5
583.0	2.2350421190325058e-8	1.7196419667763272e-9	3.849985689961834e-6	1.132934503875121e-8	1.0099382637948205e-9	3.959997516234053e-5
584.0	2.2359957058717266e-8	1.7188856612061031e-9	3.849986335272445e-6	1.1327901868452093e-8	1.0100226503644258e-9	3.959997498001264e-5
585.0	2.2408184535989148e-8	1.7192423057653253e-9	3.849985818963141e-6	1.132898671128484e-8	1.0102644242337166e-9	3.959997513635476e-5
586.0	2.242918307827823e-8	1.7195884405269775e-9	3.849985666442041e-6	1.132831142449001e-8	1.01039906800702e-9	3.959997492444214e-5
587.0	2.234422039490623e-8	1.7199840876198044e-9	3.849985557913747e-6	1.1327815007871862e-8	1.0101210859228498e-9	3.959997484650249e-5
588.0	2.2353859171390722e-8	1.7220778030636175e-9	3.849986050002245e-6	1.1327984102863763e-8	1.0101649277475723e-9	3.959997478212233e-5
589.0	2.2363523352891202e-8	1.7230096185170819e-9	3.849986062099767e-6	1.1325808723783678e-8	1.009777204415075e-9	3.95999746224793e-5
590.0	2.24048819347438e-8	1.723914922806045e-9	3.849985654803441e-6	1.132704464814862e-8	1.0099313863504122e-9	3.959997474785133e-5
591.0	2.2400146839641164e-8	1.722474084013481e-9	3.849985382818647e-6	1.1324194570937296e-8	1.0098032660734736e-9	3.959997462281812e-5
592.0	2.234943334533371e-8	1.7225703413112083e-9	3.849986072074185e-6	1.1327088073914449e-8	1.010050803255134e-9	3.959997483378511e-5
593.0	2.236800471935401e-8	1.7225649141341797e-9	3.849986590054776e-6	1.1324759965164599e-8	1.0102341307440762e-9	3.959997498598417e-5
594.0	2.2380901130299993e-8	1.721002297792413e-9	3.849986117558198e-6	1.1328076532583318e-8	1.010323129260024e-9	3.959997514935396e-5
595.0	2.2398156948393026e-8	1.7236149003231053e-9	3.849986057688027e-6	1.132551982315189e-8	1.0107270013250432e-9	3.9599975430319055e-5
596.0	2.236167571980459e-8	1.7236584907396e-9	3.849986134812926e-6	1.1327168386890312e-8	1.0107063684441614e-9	3.9599975375541095e-5
597.0	2.237118814946538e-8	1.7235508311041834e-9	3.849984984450601e-6	1.132360368150255e-8	1.0109884624206413e-9	3.959997549504804e-5
598.0	2.2366256104231076e-8	1.7227965712829806e-9	3.849985048162907e-6	1.1324022131065436e-8	1.010984238626371e-9	3.959997531374759e-5
599.0	2.2366892967224593e-8	1.7243084940588635e-9	3.849986296832052e-6	1.1321456057348957e-8	1.010924240332639e-9	3.959997527473465e-5
600.0	2.2372742993087125e-8	1.722957916566999e-9	3.849986530911553e-6	1.1322584195683912e-8	1.0109139582959455e-9	3.959997518180503e-5
601.0	2.237991381581044e-8	1.7215678696708041e-9	3.849985404958012e-6	1.1322609435195916e-8	1.0107815402639382e-9	3.959997517320407e-5
602.0	2.2399687202582254e-8	1.723333481218152e-9	3.8499856921534635e-6	1.1324282922835547e-8	1.01075413162772e-9	3.959997528896532e-5
603.0	2.2355682990780404e-8	1.7230489403810898e-9	3.8499856269189144e-6	1.1326596652903059e-8	1.0107947072865476e-9	3.9599975436205446e-5
604.0	2.2344822160269727e-8	1.7229440989474306e-9	3.849984944536064e-6	1.1327285598701781e-8	1.0106990941977664e-9	3.9599975429514746e-5
605.0	2.238370564332696e-8	1.7258166976473237e-9	3.8499855017545355e-6	1.1330539706895903e-8	1.0108368824322824e-9	3.959997565026704e-5
606.0	2.2405695544180894e-8	1.7242291054158109e-9	3.84998606967672e-6	1.1329803637777828e-8	1.0106895607139297e-9	3.9599975511154865e-5
607.0	2.2389025455148235e-8	1.7236433681249302e-9	3.849985827787658e-6	1.1332247423357545e-8	1.0107896669716828e-9	3.959997558768984e-5
608.0	2.2343475263844317e-8	1.7243671666905498e-9	3.849985749640227e-6	1.1329510104415426e-8	1.010682975107024e-9	3.959997543403584e-5
609.0	2.2360852632633304e-8	1.7239640688799336e-9	3.8499859057729265e-6	1.1329297619617957e-8	1.0103898101352875e-9	3.959997526293697e-5
610.0	2.242027743697929e-8	1.7250606525344182e-9	3.849986018137381e-6	1.1324667570834515e-8	1.010461278825962e-9	3.959997536393235e-5
611.0	2.24124999155175e-8	1.7261753121508602e-9	3.849985921548039e-6	1.1322636078047434e-8	1.0101057229651272e-9	3.959997524856542e-5
612.0	2.2362506187581787e-8	1.7264022413146555e-9	3.849985864871859e-6	1.1319554685844582e-8	1.010121266169646e-9	3.9599975512728184e-5
613.0	2.2351062826659293e-8	1.7275348777188337e-9	3.8499855275800525e-6	1.1319702992464045e-8	1.010004302036679e-9	3.959997545044769e-5
614.0	2.239486047081402e-8	1.7266701119065614e-9	3.8499857877124045e-6	1.1319640585602042e-8	1.0098935319812977e-9	3.959997557816229e-5
615.0	2.240923531488436e-8	1.7266346366048912e-9	3.849985900021723e-6	1.1322311677244225e-8	1.0100991553330222e-9	3.959997563576765e-5
616.0	2.2391872281707096e-8	1.7256263919682939e-9	3.849985800004826e-6	1.1324907757848301e-8	1.0097192674482847e-9	3.9599975526897406e-5
617.0	2.2366098524952985e-8	1.7238547978772594e-9	3.849986236564388e-6	1.1327429796454404e-8	1.0099878327446905e-9	3.959997564345297e-5
618.0	2.2380480995686723e-8	1.725888680477991e-9	3.84998602236474e-6	1.133089358268968e-8	1.0096440825631926e-9	3.959997536672294e-5
619.0	2.2390365473296747e-8	1.7248778606196684e-9	3.8499852179865855e-6	1.1332399656645067e-8	1.0097511525717652e-9	3.959997551343528e-5
620.0	2.2386250039989616e-8	1.7264342076729802e-9	3.849984882503915e-6	1.1334770540100533e-8	1.0095357325329871e-9	3.959997532836519e-5
621.0	2.2379142744139246e-8	1.7273514438952002e-9	3.8499854578792884e-6	1.1333253970713374e-8	1.0095346117489094e-9	3.959997541473571e-5
622.0	2.2376120966157358e-8	1.7268977065539993e-9	3.849985557072186e-6	1.1332306822257715e-8	1.0097545742090143e-9	3.959997531325129e-5
623.0	2.2395616186857567e-8	1.7271211346029681e-9	3.849985703646364e-6	1.1328105739188199e-8	1.0094669747506612e-9	3.959997522990909e-5
624.0	2.2369693554960187e-8	1.726369433193141e-9	3.849985856083522e-6	1.132464664205095e-8	1.0099953325491706e-9	3.95999752083524e-5
625.0	2.2389969200454282e-8	1.7261032316755821e-9	3.849985507199229e-6	1.1321411868414087e-8	1.0096903067658146e-9	3.959997507000541e-5
626.0	2.2392213890368382e-8	1.7264237650966933e-9	3.849984871282752e-6	1.1318995843030082e-8	1.0100881284692286e-9	3.959997507333506e-5
627.0	2.2387078508256765e-8	1.7257583439896256e-9	3.849984774276659e-6	1.1318992611324936e-8	1.010086124428924e-9	3.959997499790837e-5
628.0	2.2401792804167168e-8	1.7271274209585568e-9	3.849986015642577e-6	1.1318608123918375e-8	1.0102062378803894e-9	3.9599975070318675e-5
629.0	2.2362647337967952e-8	1.7286286727356806e-9	3.849986150303319e-6	1.1321418998574457e-8	1.0105521715950306e-9	3.95999751591146e-5
630.0	2.2397334328396188e-8	1.7280672921055913e-9	3.849985933296548e-6	1.132341933013049e-8	1.010234707115e-9	3.9599975156460306e-5
631.0	2.2377228720855947e-8	1.7294316399718243e-9	3.849985196404026e-6	1.132717142758741e-8	1.0106570199227557e-9	3.959997518794772e-5
632.0	2.238230871491416e-8	1.7292113633272578e-9	3.849985639098673e-6	1.1329552413444177e-8	1.0102828332354429e-9	3.959997500341741e-5
633.0	2.2399575497316544e-8	1.7284441741586824e-9	3.84998550624139e-6	1.1332495107923028e-8	1.010491306909578e-9	3.959997509090052e-5
634.0	2.2371582900083546e-8	1.7281827992663599e-9	3.849985805509261e-6	1.1332163793166515e-8	1.0104303592672937e-9	3.959997493834275e-5
635.0	2.2393402041963015e-8	1.7278428155386852e-9	3.8499861817191015e-6	1.1332138580587176e-8	1.0104601158086808e-9	3.959997505780935e-5
636.0	2.2379207656595275e-8	1.7287169959360034e-9	3.849986561226104e-6	1.132932082597351e-8	1.0105626546139008e-9	3.959997508065181e-5
637.0	2.2374988025919506e-8	1.7285120381442208e-9	3.849985176642227e-6	1.1326865829808204e-8	1.0102908567263212e-9	3.959997502718418e-5
638.0	2.2390679865890262e-8	1.7293906112544384e-9	3.8499849321926606e-6	1.132461734791678e-8	1.010462838430474e-9	3.959997535961809e-5
639.0	2.2375986480443788e-8	1.7307608058168101e-9	3.849985620017501e-6	1.1320921146366708e-8	1.0100231090925425e-9	3.9599975137329525e-5
640.0	2.2391953625216235e-8	1.7288768279038096e-9	3.8499857119509e-6	1.1321360522839315e-8	1.0101567564804112e-9	3.9599975571370105e-5
641.0	2.2381862609094223e-8	1.728837680238193e-9	3.849985414934994e-6	1.1318038543411544e-8	1.0099403403436898e-9	3.9599975244140034e-5
642.0	2.237401272171438e-8	1.7297405382481278e-9	3.8499859627044766e-6	1.1321397418862661e-8	1.0098959737889434e-9	3.959997548053198e-5
643.0	2.2387235328872787e-8	1.7293146009010997e-9	3.84998571724168e-6	1.1321170649493279e-8	1.01002045061751e-9	3.959997544793529e-5
644.0	2.2395532399398442e-8	1.7292160341719518e-9	3.849984917818593e-6	1.132568922154543e-8	1.0097079634528298e-9	3.959997545035052e-5
645.0	2.238586314611354e-8	1.7301181369895566e-9	3.849985191556849e-6	1.1326785867117027e-8	1.0099737843455173e-9	3.959997569063418e-5
646.0	2.2381525767143674e-8	1.7302308724024326e-9	3.849985451806436e-6	1.1329837278977776e-8	1.0096626223802537e-9	3.959997556379879e-5
647.0	2.2382959166478777e-8	1.7295297883118447e-9	3.849985088058769e-6	1.1329608205338136e-8	1.0097901615834528e-9	3.959997587781646e-5
648.0	2.2381169343003184e-8	1.730238806560435e-9	3.849985076217588e-6	1.1330120414355061e-8	1.0099286589861986e-9	3.959997573297408e-5
649.0	2.2396057069349376e-8	1.72991673911779e-9	3.849985898274381e-6	1.132920638667407e-8	1.0098308604640803e-9	3.9599976018519564e-5
650.0	2.2399846197067644e-8	1.7282335620324848e-9	3.849985558049567e-6	1.1327478065325763e-8	1.010447147188051e-9	3.959997596430501e-5
651.0	2.2404051438561105e-8	1.7284552181432294e-9	3.8499851399572615e-6	1.1327079789534068e-8	1.0102054661600231e-9	3.959997613068364e-5
652.0	2.2372205817494075e-8	1.729998371381585e-9	3.84998525133568e-6	1.1323249611899355e-8	1.0105463379318158e-9	3.9599976006352694e-5
653.0	2.2357353018909683e-8	1.7292555438467311e-9	3.849985646215889e-6	1.1323910887686967e-8	1.0103431700269122e-9	3.959997611578291e-5
654.0	2.2401534524417376e-8	1.729850199958791e-9	3.849985385276174e-6	1.132044056301126e-8	1.0102450129499963e-9	3.959997580794119e-5
655.0	2.2418382182756833e-8	1.7311691382924757e-9	3.849985643713524e-6	1.1323406091789361e-8	1.0103741529992446e-9	3.959997616221005e-5
656.0	2.239067582565417e-8	1.7305371390237794e-9	3.8499856167938815e-6	1.132243259461283e-8	1.0099571461199034e-9	3.9599975770835305e-5
657.0	2.2351596595851306e-8	1.7297661467451375e-9	3.849985537049899e-6	1.1327041662316516e-8	1.010386508615541e-9	3.959997607181513e-5
658.0	2.237852770902731e-8	1.7313692791164798e-9	3.849985323346422e-6	1.1326092564125052e-8	1.0099795819022437e-9	3.959997560639966e-5
659.0	2.242307000496016e-8	1.730721981710302e-9	3.849985778799418e-6	1.133016286891908e-8	1.0105053347634467e-9	3.959997577364728e-5
660.0	2.2398151626067467e-8	1.7304078154634992e-9	3.849985887447168e-6	1.132777865258791e-8	1.0102535668526755e-9	3.9599975507543564e-5
661.0	2.2372665639866175e-8	1.7314187275316152e-9	3.849986036533663e-6	1.13288223902102e-8	1.01026142947152e-9	3.959997567254853e-5
662.0	2.2374418580889455e-8	1.7303729847153556e-9	3.849984840066448e-6	1.132800875632508e-8	1.010308429406804e-9	3.9599975687641566e-5
663.0	2.2413567217314825e-8	1.7306339871223832e-9	3.849984853159727e-6	1.1325468890953848e-8	1.0098086058241336e-9	3.9599975717761474e-5
664.0	2.2369575510314992e-8	1.7300835877481093e-9	3.849985424335206e-6	1.1326631971373143e-8	1.010061342863716e-9	3.959997569110015e-5
665.0	2.238063650534063e-8	1.7304546899882616e-9	3.849985618641799e-6	1.132242669498177e-8	1.009743888015203e-9	3.959997579794556e-5
666.0	2.238236973675328e-8	1.7298466754429984e-9	3.849985183017784e-6	1.132423094867979e-8	1.0101415984604989e-9	3.9599975514400885e-5
667.0	2.2419264654612878e-8	1.7311093806830805e-9	3.849986153949736e-6	1.1321031331103868e-8	1.010019152974272e-9	3.959997578779532e-5
668.0	2.2378760260499455e-8	1.7313923069228055e-9	3.849985444056052e-6	1.1323751054158118e-8	1.0103328610908294e-9	3.959997545545689e-5
669.0	2.2353556739325522e-8	1.7315177718203923e-9	3.849984497946643e-6	1.1322994813016885e-8	1.0100713367112775e-9	3.9599975651685864e-5
670.0	2.2397375012173447e-8	1.731938977942851e-9	3.849985243375033e-6	1.1327632718456013e-8	1.0102498595379687e-9	3.9599975506395915e-5
671.0	2.2402853412295767e-8	1.7325640216978492e-9	3.849985796049808e-6	1.132569186986541e-8	1.0100148044167933e-9	3.959997530096103e-5
672.0	2.2398165766556687e-8	1.7321139999522193e-9	3.849985389277148e-6	1.1330869384195274e-8	1.0101401524078833e-9	3.9599975391330054e-5
673.0	2.2361380614732986e-8	1.7320641065162275e-9	3.849985698866353e-6	1.132723680062117e-8	1.0103330995997322e-9	3.959997478197768e-5
674.0	2.2376630377435463e-8	1.7326574110624942e-9	3.849986490917862e-6	1.1329681963915578e-8	1.0104237608469408e-9	3.959997510192672e-5
675.0	2.2413365002056286e-8	1.732222076320013e-9	3.849985306101538e-6	1.1326787948010472e-8	1.0107947808210613e-9	3.959997455295907e-5
676.0	2.2390187582840305e-8	1.732959379699128e-9	3.849985168604815e-6	1.132517499019531e-8	1.0105682601639057e-9	3.959997500034938e-5
677.0	2.2370568012093027e-8	1.7323711485319222e-9	3.849985065693073e-6	1.1325309747362779e-8	1.0109965219434945e-9	3.9599974646964066e-5
678.0	2.2387887396611612e-8	1.7330675015210432e-9	3.849985411505867e-6	1.1321468239391297e-8	1.0105045091610058e-9	3.9599975055251314e-5
679.0	2.239203481473302e-8	1.7309894596388204e-9	3.8499854583742225e-6	1.1323512398424048e-8	1.010829453821269e-9	3.95999748911947e-5
680.0	2.240011231667526e-8	1.7323231980047964e-9	3.849986115964621e-6	1.1320919109027194e-8	1.010557860704167e-9	3.959997515634502e-5
681.0	2.2380207869762027e-8	1.7319529089013693e-9	3.849986343452761e-6	1.1323076969625299e-8	1.0105585817557326e-9	3.9599974993496595e-5
682.0	2.2382968657776484e-8	1.7313540096363965e-9	3.849985362943817e-6	1.1322961745131076e-8	1.0108401510945205e-9	3.9599975218292885e-5
683.0	2.2405934760890167e-8	1.7322021216129515e-9	3.849984667578253e-6	1.1326641842586722e-8	1.0104249226069384e-9	3.959997520579068e-5
684.0	2.2376448156804405e-8	1.7328850133861802e-9	3.849984566720807e-6	1.132514429675122e-8	1.0110184634543716e-9	3.959997553008078e-5
685.0	2.2387982916279955e-8	1.7334205747490793e-9	3.849985275896684e-6	1.1330724148657866e-8	1.0102307757730429e-9	3.959997566601666e-5
686.0	2.2388504575889542e-8	1.7334250800476434e-9	3.8499856025978e-6	1.1326523630809397e-8	1.0106110730969008e-9	3.9599975872571084e-5
687.0	2.2391030020699134e-8	1.7327942848687756e-9	3.8499859409269164e-6	1.1329718944401291e-8	1.0098608410909758e-9	3.9599975859503256e-5
688.0	2.2391039838370488e-8	1.732741429792786e-9	3.849986173052326e-6	1.1325166862493652e-8	1.0100225711319653e-9	3.959997591717005e-5
689.0	2.2374604381603615e-8	1.7317744754879361e-9	3.849985563284453e-6	1.1325058315397832e-8	1.0096846550963429e-9	3.959997588094243e-5
690.0	2.241068443181895e-8	1.7319634092386162e-9	3.8499841972031055e-6	1.1323274651400086e-8	1.0096503747069577e-9	3.959997589563827e-5
691.0	2.239480864827537e-8	1.732510436613389e-9	3.849984809132921e-6	1.1322524956226384e-8	1.009778665258355e-9	3.95999757762268e-5
692.0	2.2379764903565548e-8	1.7320559151594401e-9	3.849985575277575e-6	1.1322393981227257e-8	1.0093933554360041e-9	3.9599975880677684e-5
693.0	2.2394430396209438e-8	1.7334767801132448e-9	3.849985814973325e-6	1.1323190945992593e-8	1.0097400396108879e-9	3.959997585462907e-5
694.0	2.2395434990185832e-8	1.734150344347241e-9	3.849985650715031e-6	1.1323282099941841e-8	1.0093236350353884e-9	3.959997598382978e-5
695.0	2.2410365334115098e-8	1.7332221865446856e-9	3.8499860098220946e-6	1.1324694864931207e-8	1.0096096278988492e-9	3.959997601147699e-5
696.0	2.2391274898737694e-8	1.7360745111248718e-9	3.849985304708519e-6	1.1327117320614496e-8	1.0094137711487896e-9	3.959997605423336e-5
697.0	2.235808217887981e-8	1.7344549790063292e-9	3.849984852453113e-6	1.1326779600043224e-8	1.0096266781686582e-9	3.9599975992896505e-5
698.0	2.2414442546820817e-8	1.7346093520878924e-9	3.849985411480886e-6	1.1330614167236124e-8	1.0097471593760352e-9	3.95999759791318e-5
699.0	2.239077775668521e-8	1.7342095409558587e-9	3.849985464626821e-6	1.1328475397302736e-8	1.0098623737772236e-9	3.959997593390231e-5
700.0	2.2395611841428818e-8	1.733623668526369e-9	3.849985686013999e-6	1.1329595326431631e-8	1.010249449831619e-9	3.959997582264447e-5
701.0	2.2386017604778214e-8	1.7339650137464284e-9	3.8499855056983895e-6	1.1326972770655689e-8	1.0103329773706362e-9	3.959997584225298e-5
702.0	2.2386289269519414e-8	1.734539574998642e-9	3.849985405350714e-6	1.1325987783186513e-8	1.010701048199608e-9	3.9599975819254155e-5
703.0	2.2409928855294973e-8	1.7359799757584986e-9	3.849985080947013e-6	1.1324374123075703e-8	1.0107478003942504e-9	3.9599975807042155e-5
704.0	2.2379238871067803e-8	1.7350203699408808e-9	3.849985497903849e-6	1.1323985812209517e-8	1.0111168362549153e-9	3.959997584220653e-5
705.0	2.2388115517662785e-8	1.736518791253821e-9	3.84998541463728e-6	1.1322259085871898e-8	1.011214973273204e-9	3.959997601441623e-5
706.0	2.2405543238537407e-8	1.7360145633765706e-9	3.849985672213396e-6	1.1323312000139119e-8	1.0114238952412519e-9	3.959997600373297e-5
707.0	2.2401854209220934e-8	1.7359598325459492e-9	3.84998571061865e-6	1.1320634002626093e-8	1.0115864807677825e-9	3.9599976257776075e-5
708.0	2.2387949558677463e-8	1.7351283628424394e-9	3.8499857336035315e-6	1.1321170841167226e-8	1.0114929615709243e-9	3.959997592576246e-5
709.0	2.2376620858215e-8	1.7354194409861368e-9	3.849985375968324e-6	1.1321191502389069e-8	1.0114936339933367e-9	3.9599976265264584e-5
710.0	2.2410937554412827e-8	1.7365074651715358e-9	3.849985263728283e-6	1.1320440730694955e-8	1.0111869218733683e-9	3.959997560454294e-5
711.0	2.239737257370606e-8	1.7362565181350921e-9	3.849985475232252e-6	1.132218110761746e-8	1.0112255090988129e-9	3.959997614690063e-5
712.0	2.2389805048657306e-8	1.7386105901512287e-9	3.849985478735411e-6	1.132201999956551e-8	1.0111559818960286e-9	3.959997529558664e-5
713.0	2.2367209485495795e-8	1.738765507851803e-9	3.849986110066484e-6	1.1321833266961432e-8	1.0109625644464008e-9	3.959997586759531e-5
714.0	2.239949896754065e-8	1.738795489808679e-9	3.849986108323295e-6	1.1323454583816877e-8	1.0112737130402098e-9	3.959997517444992e-5
715.0	2.2404006780021436e-8	1.739619134140238e-9	3.849985634030098e-6	1.1322656116368471e-8	1.0106963715972971e-9	3.959997564196404e-5
716.0	2.238547385904418e-8	1.7384335998808724e-9	3.849985175730938e-6	1.132585435372125e-8	1.0107092008573382e-9	3.959997543911359e-5
717.0	2.237547964624889e-8	1.7389451755689654e-9	3.849985238155919e-6	1.1326918566276422e-8	1.0099513839662274e-9	3.9599975598330113e-5
718.0	2.2369307391191402e-8	1.737531286289635e-9	3.849985230570264e-6	1.1328560202089216e-8	1.0097814422617713e-9	3.959997585172991e-5
719.0	2.2409874422078244e-8	1.738810995680318e-9	3.849985234043935e-6	1.1330956106030583e-8	1.009286329240185e-9	3.959997564888199e-5
720.0	2.238705988888839e-8	1.7379784068995422e-9	3.849986055453862e-6	1.1330234356544543e-8	1.0091627624325065e-9	3.95999761605379e-5
721.0	2.2401944263554596e-8	1.7382606854452564e-9	3.8499857063910565e-6	1.132992955211774e-8	1.0095817795435096e-9	3.959997574098985e-5
722.0	2.237032145701458e-8	1.739304115735982e-9	3.849985613020603e-6	1.1329824601080228e-8	1.0092050608941955e-9	3.9599976143127346e-5
723.0	2.239214641275064e-8	1.7408956266506394e-9	3.849985542222297e-6	1.1325633283474054e-8	1.009966123053202e-9	3.9599975546159084e-5
724.0	2.239883305561574e-8	1.7396052995601483e-9	3.849985484309881e-6	1.1325147378823752e-8	1.0093113231480238e-9	3.959997578067237e-5
725.0	2.2401835020272636e-8	1.7413037195068852e-9	3.849985248012472e-6	1.1320895618503932e-8	1.0099675945404043e-9	3.959997532225261e-5
726.0	2.2400693393780566e-8	1.7410980221138778e-9	3.849985058727769e-6	1.1318162850534128e-8	1.0095941305720533e-9	3.9599975554065e-5
727.0	2.2386387375788996e-8	1.7395401882147089e-9	3.849985347659486e-6	1.1317722116177302e-8	1.0099223806680015e-9	3.95999753760629e-5
728.0	2.2390638692256856e-8	1.7402101006472959e-9	3.849985942105312e-6	1.1315126320823577e-8	1.010341411848539e-9	3.959997568895506e-5
729.0	2.2403132773554915e-8	1.7392762979222475e-9	3.849985905502847e-6	1.1319944624897022e-8	1.010100091851354e-9	3.959997559178803e-5
730.0	2.240101194707618e-8	1.7397319860499176e-9	3.8499858516921555e-6	1.1320162355640607e-8	1.0109248429454455e-9	3.959997572771911e-5
731.0	2.240063471619094e-8	1.741130932518989e-9	3.849985985272937e-6	1.1326153535461611e-8	1.0101421994128586e-9	3.959997549513209e-5
732.0	2.238929965091435e-8	1.740999327838882e-9	3.849985468730275e-6	1.1328835668925985e-8	1.011263961632931e-9	3.959997558364844e-5
733.0	2.237115881988401e-8	1.7430628056795168e-9	3.849985082678419e-6	1.133282223933381e-8	1.0106332967253523e-9	3.95999755505506e-5
734.0	2.237581014792434e-8	1.7423345554280292e-9	3.849985586143624e-6	1.1332816627606141e-8	1.011244687096888e-9	3.959997553740105e-5
735.0	2.24024011521466e-8	1.742446854797201e-9	3.849985688376779e-6	1.1335693604899602e-8	1.011172592456113e-9	3.9599975825251385e-5
736.0	2.240856167070428e-8	1.741183767249171e-9	3.849985686146002e-6	1.1330295365954056e-8	1.010652168669351e-9	3.9599975386167544e-5
737.0	2.238802942496997e-8	1.739740982084564e-9	3.849985710079388e-6	1.1330768650649013e-8	1.0110597358291735e-9	3.9599975860925973e-5
738.0	2.2367824034592358e-8	1.741585263347613e-9	3.849985856798343e-6	1.1323506703532032e-8	1.0100906328253525e-9	3.9599975170427615e-5
739.0	2.2374212109474913e-8	1.7405868447614583e-9	3.849986005493658e-6	1.1321293465447594e-8	1.0109509061070591e-9	3.95999757809945e-5
740.0	2.2436863512781534e-8	1.742561759549307e-9	3.84998530682081e-6	1.1316616713402197e-8	1.0103921035365688e-9	3.95999752502012e-5
741.0	2.2405805082839402e-8	1.7438483190791349e-9	3.849985745491531e-6	1.1314248139071417e-8	1.0109716744770612e-9	3.959997567924986e-5
742.0	2.238088007799298e-8	1.7437461476290166e-9	3.849985468163434e-6	1.1315517858531612e-8	1.0107441470991413e-9	3.9599975508933064e-5
743.0	2.2383854927899252e-8	1.743293186421074e-9	3.849985095181204e-6	1.131577739151727e-8	1.0103322727410794e-9	3.959997547393693e-5
744.0	2.2390717473182427e-8	1.7430560633250605e-9	3.8499852656281476e-6	1.132168721508427e-8	1.0106616098003523e-9	3.9599975764092015e-5
745.0	2.2434279098684226e-8	1.7422058577456935e-9	3.849986021216844e-6	1.1324301421534831e-8	1.009742929514845e-9	3.95999753636876e-5
746.0	2.240549226628135e-8	1.7403316268522177e-9	3.849986076527675e-6	1.1331257888274672e-8	1.0106149263870043e-9	3.95999759444824e-5
747.0	2.2387297631377855e-8	1.740958627822176e-9	3.849986095892595e-6	1.1332062281482788e-8	1.0101144932571133e-9	3.959997551684732e-5
748.0	2.240678492676098e-8	1.7412169466575784e-9	3.8499862629755845e-6	1.1337843828489297e-8	1.0106250414017732e-9	3.959997600749054e-5
749.0	2.2379576756451214e-8	1.7430700870899154e-9	3.849985786621111e-6	1.1334061486756397e-8	1.0106304512230202e-9	3.959997575593815e-5
750.0	2.2424305044288353e-8	1.744140792897721e-9	3.84998448812477e-6	1.1336250221546363e-8	1.010141161725447e-9	3.959997594134761e-5
751.0	2.23906986587433e-8	1.7457385282639777e-9	3.849984825638611e-6	1.1328845237597025e-8	1.0107439081036744e-9	3.95999759899641e-5
752.0	2.2385590086862522e-8	1.7452789123720724e-9	3.84998612820109e-6	1.1327709076252641e-8	1.0099577311685129e-9	3.95999761788105e-5
753.0	2.2404741140045544e-8	1.7439024659511813e-9	3.8499863546968055e-6	1.1320059872141534e-8	1.0107951315473541e-9	3.95999763777415e-5
754.0	2.2384521439795012e-8	1.743566853277503e-9	3.849986291739994e-6	1.131821957469729e-8	1.0104042608855168e-9	3.959997645817726e-5
755.0	2.2431779819656873e-8	1.743477165054688e-9	3.849986605464498e-6	1.1314726497014961e-8	1.0106370772965634e-9	3.959997643072382e-5
756.0	2.2388461072763422e-8	1.74291466710946e-9	3.849985831695722e-6	1.1315414886676146e-8	1.010571918688958e-9	3.959997635024822e-5
757.0	2.2402468025827528e-8	1.7424397816607651e-9	3.849984386728421e-6	1.1316831768373905e-8	1.0100863227225197e-9	3.9599976171455035e-5
758.0	2.2403457291671503e-8	1.7433747369070151e-9	3.849985043168481e-6	1.1320530164482244e-8	1.0105251375499496e-9	3.9599975932342465e-5
759.0	2.2407540447463885e-8	1.7442874061905773e-9	3.849986135754461e-6	1.13254823341258e-8	1.0099792871593154e-9	3.9599975982253136e-5
760.0	2.2407842320465728e-8	1.7439105364858542e-9	3.849985837056472e-6	1.1328987438624793e-8	1.0106958970637505e-9	3.959997557144113e-5
761.0	2.2399651376892065e-8	1.7441712602174058e-9	3.849986037124385e-6	1.1334254477976967e-8	1.0104546050595499e-9	3.959997598764893e-5
762.0	2.2403465730793148e-8	1.744084890033927e-9	3.849986662086251e-6	1.133475594812724e-8	1.0106892618109525e-9	3.959997550948547e-5
763.0	2.2410790322390997e-8	1.743283496713367e-9	3.849986127778443e-6	1.1337186004109407e-8	1.0106961350562403e-9	3.95999760426457e-5
764.0	2.2401849565720516e-8	1.7443472988402306e-9	3.8499851997112355e-6	1.1332929521178799e-8	1.010277127268072e-9	3.959997568776606e-5
765.0	2.2413460021566284e-8	1.7445210478483384e-9	3.8499853446189005e-6	1.1331988551085055e-8	1.0105828025176507e-9	3.959997617871288e-5
766.0	2.241263694701982e-8	1.7444494414071867e-9	3.8499853855187274e-6	1.1325503808052271e-8	1.0100414621840828e-9	3.95999760020595e-5
767.0	2.2406185148593036e-8	1.7447858874942623e-9	3.849985791249993e-6	1.1323348262639076e-8	1.010334484853453e-9	3.9599975986544714e-5
768.0	2.24150379954498e-8	1.7456994738281675e-9	3.849986280193637e-6	1.131830492277647e-8	1.0101960590964143e-9	3.9599976013326594e-5
769.0	2.240062637051595e-8	1.7452430264483837e-9	3.8499865408845365e-6	1.1318549541510112e-8	1.01032522280774e-9	3.9599975520472356e-5
770.0	2.2446366602469348e-8	1.7461530781653106e-9	3.849986679141767e-6	1.1315940211116829e-8	1.0105265303257978e-9	3.95999758629011e-5
771.0	2.2411930395065712e-8	1.746851783703461e-9	3.84998569797191e-6	1.1319493030122942e-8	1.0104552677765694e-9	3.9599975159504116e-5
772.0	2.240492272503838e-8	1.7461927273743332e-9	3.849985031615056e-6	1.1320090368903484e-8	1.010688273588692e-9	3.959997568443951e-5
773.0	2.2403971486014562e-8	1.745997483452093e-9	3.8499852192593524e-6	1.1324651511789324e-8	1.0103979128799364e-9	3.959997502696358e-5
774.0	2.2419320208068482e-8	1.746293861399228e-9	3.849986196763959e-6	1.1326489443995358e-8	1.0102986833733606e-9	3.959997541022712e-5
775.0	2.244587365461745e-8	1.7453621872823197e-9	3.849985669613444e-6	1.1330344116293814e-8	1.0102133045481144e-9	3.9599975144601635e-5
776.0	2.240676069777824e-8	1.7451146572837118e-9	3.849986577110987e-6	1.1330746423036493e-8	1.0100754308182136e-9	3.959997520647334e-5
777.0	2.2409439645872995e-8	1.7461548959221695e-9	3.8499865922336854e-6	1.1331496803326246e-8	1.010532432646732e-9	3.959997540951612e-5
778.0	2.2399396492180294e-8	1.7457242311701676e-9	3.849985307044403e-6	1.1329998086530062e-8	1.0105226319704558e-9	3.959997524579963e-5
779.0	2.2413917534019728e-8	1.746605227768035e-9	3.8499849897960755e-6	1.1328433546819354e-8	1.0108665575831845e-9	3.959997556040245e-5
780.0	2.2431704146529957e-8	1.7469672316679947e-9	3.84998576783787e-6	1.1326085016237133e-8	1.0108313866297056e-9	3.959997536702931e-5
781.0	2.2427771579181122e-8	1.7457351595785223e-9	3.849985678899126e-6	1.1323753384391483e-8	1.0105368318505797e-9	3.9599975480860006e-5
782.0	2.2404606884497044e-8	1.746438524688692e-9	3.849986331063213e-6	1.1323310059612044e-8	1.0107717778170465e-9	3.9599975469592415e-5
783.0	2.2394412932171674e-8	1.745766518792671e-9	3.849986852982435e-6	1.1321268556072741e-8	1.0104208561931225e-9	3.959997541469044e-5
784.0	2.241899532871432e-8	1.7461040136189064e-9	3.849985504599706e-6	1.132307012919627e-8	1.0110714850783003e-9	3.9599975631575614e-5
785.0	2.245003839283988e-8	1.746162508463164e-9	3.849985688061308e-6	1.1321675718222289e-8	1.0110219089435538e-9	3.959997551555989e-5
786.0	2.2439914790120317e-8	1.7471637091338997e-9	3.849985918408106e-6	1.1324652935238765e-8	1.0112599292898586e-9	3.959997575116758e-5
787.0	2.2387396311850798e-8	1.748066618315774e-9	3.84998558833748e-6	1.1323189410487038e-8	1.0113026680828556e-9	3.959997562180179e-5
788.0	2.2402964784334385e-8	1.7481126831286858e-9	3.849985935917628e-6	1.132594709973708e-8	1.0107791042758614e-9	3.9599975803753465e-5
789.0	2.242003842532264e-8	1.748576126234309e-9	3.84998671380326e-6	1.1323765695634833e-8	1.0109045402318697e-9	3.9599975733097894e-5
790.0	2.2449083341257198e-8	1.7479228655276545e-9	3.849985318657344e-6	1.132568526446863e-8	1.0102247982018776e-9	3.9599976065495394e-5
791.0	2.2420691215846584e-8	1.7458069768305894e-9	3.849985436798732e-6	1.1323525194789666e-8	1.0105199916201779e-9	3.95999759096082e-5
792.0	2.239888816271567e-8	1.7472988889627188e-9	3.8499857120907395e-6	1.132516213885656e-8	1.0101567573281708e-9	3.959997618993171e-5
793.0	2.2409547200407815e-8	1.7458344863578722e-9	3.849985879750248e-6	1.132415207665909e-8	1.0103769239829782e-9	3.959997613277868e-5
794.0	2.242076695277653e-8	1.7465996039750367e-9	3.849985378834987e-6	1.1325680569422902e-8	1.0102979462559538e-9	3.959997623325949e-5
795.0	2.243177483032949e-8	1.748552794215893e-9	3.849985984073631e-6	1.1326034845460832e-8	1.0101252210434562e-9	3.959997647276332e-5
796.0	2.242239622129496e-8	1.7494017775369095e-9	3.849985717584321e-6	1.1327436003724175e-8	1.0101835105064325e-9	3.9599976201582947e-5
797.0	2.2415112343537136e-8	1.7487363192493181e-9	3.8499850908186585e-6	1.1328064724346465e-8	1.0097241994686667e-9	3.9599976582847275e-5
798.0	2.2411775152041878e-8	1.7483744302444057e-9	3.849985795052569e-6	1.1328717603453813e-8	1.0100234447283472e-9	3.959997608695225e-5
799.0	2.242207329993722e-8	1.7491851027030138e-9	3.849985571290227e-6	1.1329215437367632e-8	1.0096125596954565e-9	3.959997651082437e-5
800.0	2.2426980521921605e-8	1.7477475021228152e-9	3.849985968095436e-6	1.132746084527226e-8	1.009922308260772e-9	3.9599975893526645e-5
