turn	ele_ex	ele_ey	ele_ez	pro_ex	pro_ey	pro_ez
0.0	2.0428842304874772e-8	1.6115669894774362e-9	3.849936673285857e-6	1.1281162183209662e-8	1.0034722142894757e-9	3.959845975238462e-5
1.0	2.1014592166247738e-8	1.625861256869377e-9	3.849936169950155e-6	1.1285021512135966e-8	1.0061691089660697e-9	3.959845994049793e-5
2.0	2.1105855701651052e-8	1.6237771693269607e-9	3.849937769918943e-6	1.1297925230861891e-8	1.0057944066024101e-9	3.959845978177748e-5
3.0	2.0952839187254584e-8	1.6334006794240574e-9	3.84993714314997e-6	1.1319944044361547e-8	1.008644612783069e-9	3.95984593213527e-5
4.0	2.0795446135572065e-8	1.6443598121410736e-9	3.849937114097789e-6	1.1331567101954483e-8	1.0089241037732467e-9	3.9598459789998036e-5
5.0	2.144854351742761e-8	1.6368324031702497e-9	3.849936941054732e-6	1.1342865064772354e-8	1.00915227426742e-9	3.959845926305536e-5
6.0	2.2013271581630397e-8	1.6438254598224826e-9	3.849937299599973e-6	1.1355798927629998e-8	1.0107238002859609e-9	3.959845957370392e-5
7.0	2.1600604722063323e-8	1.638258120898656e-9	3.849937150673721e-6	1.1362014289631022e-8	1.0097761256916057e-9	3.959845928945465e-5
8.0	2.1420164448131352e-8	1.639510407480403e-9	3.849937065746402e-6	1.1357204236560565e-8	1.0116638822468892e-9	3.959845970205454e-5
9.0	2.183093178558625e-8	1.648900867035438e-9	3.849937314193807e-6	1.1351176274469246e-8	1.010918137913311e-9	3.959846006088262e-5
10.0	2.253416975709968e-8	1.6440951114716917e-9	3.849937029189774e-6	1.1334255557957906e-8	1.0126040768885347e-9	3.95984594916108e-5
11.0	2.235136686891123e-8	1.6492757958639483e-9	3.849937149313142e-6	1.131497298113067e-8	1.0125284081736991e-9	3.959846011222018e-5
12.0	2.1872592895639456e-8	1.6519787674167458e-9	3.849937143576362e-6	1.13045929203827e-8	1.013041868012435e-9	3.959845926409707e-5
13.0	2.2000909495131707e-8	1.6484694033340433e-9	3.849937844852587e-6	1.1296111382022806e-8	1.0134084545237755e-9	3.959845990464487e-5
14.0	2.2424195738263516e-8	1.6534265591326802e-9	3.849937270953974e-6	1.1290250667616697e-8	1.0129753694144149e-9	3.95984594696779e-5
15.0	2.2454036828312287e-8	1.6519676405430187e-9	3.84993670776167e-6	1.1291024886409895e-8	1.0133467043069599e-9	3.959845945071996e-5
16.0	2.2213891255140533e-8	1.6476189773058206e-9	3.849936789396082e-6	1.130081611034436e-8	1.0119950016563097e-9	3.959845961989717e-5
17.0	2.2155056813377612e-8	1.6481392934881336e-9	3.84993701335467e-6	1.1310333213132841e-8	1.0120490292985803e-9	3.95984588359994e-5
18.0	2.2225899786199095e-8	1.6489812927092117e-9	3.849937083673603e-6	1.132310373697297e-8	1.010394790960568e-9	3.9598459718682544e-5
19.0	2.223169379152905e-8	1.6498860520737591e-9	3.84993739280358e-6	1.133320930789023e-8	1.009988119840091e-9	3.9598458639915376e-5
20.0	2.2263162595995097e-8	1.6503677671956682e-9	3.849937660993256e-6	1.1342880054658842e-8	1.0090548912371431e-9	3.95984597945901e-5
21.0	2.2317199378082382e-8	1.6510711284930523e-9	3.849936636522518e-6	1.1343477745957666e-8	1.0088073732114185e-9	3.959845892775505e-5
22.0	2.2264705882753283e-8	1.6515006018553274e-9	3.849936699563264e-6	1.1348506592040065e-8	1.008301406155519e-9	3.9598459851791726e-5
23.0	2.218691468301546e-8	1.6508244518616989e-9	3.8499366464089385e-6	1.1340549133826567e-8	1.0080400829429083e-9	3.959845941673202e-5
24.0	2.2181523102759635e-8	1.6524941694435603e-9	3.8499374560279475e-6	1.1334493243886214e-8	1.0080058103071812e-9	3.9598459594317704e-5
25.0	2.233602532603495e-8	1.651726812322198e-9	3.849936909591123e-6	1.1325957359035e-8	1.007865832742151e-9	3.959845979552378e-5
26.0	2.2336660469232917e-8	1.650474502952126e-9	3.849937186072845e-6	1.131853676307363e-8	1.0082713219127745e-9	3.9598459496392076e-5
27.0	2.2271495076730634e-8	1.6524139412655523e-9	3.849937125893499e-6	1.1313805132074645e-8	1.0081157600857333e-9	3.959846009925043e-5
28.0	2.223542288697951e-8	1.6515170751229486e-9	3.849936895486447e-6	1.1312153906042574e-8	1.0088133363167915e-9	3.9598459701085604e-5
29.0	2.2276567605754255e-8	1.6521992844249738e-9	3.8499364413255755e-6	1.1314847036032009e-8	1.0085518655493324e-9	3.959846035066455e-5
30.0	2.229782378916558e-8	1.6540212860434322e-9	3.849937152524822e-6	1.131700841738695e-8	1.00942456906055e-9	3.95984601042346e-5
31.0	2.227911298940114e-8	1.6532103909071464e-9	3.849937321893032e-6	1.1323548708620882e-8	1.0093236045505653e-9	3.959846044410336e-5
32.0	2.2305214933380362e-8	1.6524961836784155e-9	3.84993697356869e-6	1.1326420299546933e-8	1.010204702848858e-9	3.959846057586462e-5
33.0	2.2304085833379368e-8	1.653730833020761e-9	3.849937376180199e-6	1.1331302949376561e-8	1.0105120974369986e-9	3.95984603199827e-5
34.0	2.2273109833877168e-8	1.653304365793518e-9	3.8499374549951645e-6	1.132966666369915e-8	1.0110183854077277e-9	3.9598460378509176e-5
35.0	2.2251003096602992e-8	1.6520388607486292e-9	3.8499367578182326e-6	1.1332229105627562e-8	1.0118498721414294e-9	3.959845984494745e-5
36.0	2.231105276469796e-8	1.653780382668681e-9	3.849935927044556e-6	1.1325668282208862e-8	1.011378872701148e-9	3.959845974108443e-5
37.0	2.2299988441016512e-8	1.6526243117144867e-9	3.849936857701694e-6	1.1325467451194346e-8	1.0123150231452523e-9	3.9598459436959407e-5
38.0	2.2310493945413208e-8	1.6551123354054809e-9	3.849937242388004e-6	1.1319621370669105e-8	1.0112436137520003e-9	3.959845928768239e-5
39.0	2.22770583356115e-8	1.654857143502666e-9	3.849937352077407e-6	1.1320168046717772e-8	1.0118979724252024e-9	3.959845943957223e-5
40.0	2.2300133098456695e-8	1.6542738439688135e-9	3.849936984083157e-6	1.1318493883151925e-8	1.0110509984083523e-9	3.95984592358471e-5
41.0	2.2283624358136507e-8	1.654886555354719e-9	3.849937199313425e-6	1.1321713729983855e-8	1.011224699385195e-9	3.9598459478174796e-5
42.0	2.230161524142031e-8	1.6541967022510756e-9	3.849936080916486e-6	1.1324714997374918e-8	1.0111553683774994e-9	3.9598459172683616e-5
43.0	2.2314015381260963e-8	1.6545846864552307e-9	3.849935515009688e-6	1.1327431563381788e-8	1.0105304230577522e-9	3.959845931347928e-5
44.0	2.2306377311293197e-8	1.6539661258238395e-9	3.84993680194446e-6	1.1332041445211937e-8	1.0108802431098572e-9	3.959845895237138e-5
45.0	2.2303720847302445e-8	1.6571945651652141e-9	3.849937333238765e-6	1.1331742637567413e-8	1.0094799397749422e-9	3.959845895564511e-5
46.0	2.226334712638715e-8	1.6568495891914245e-9	3.849937496001795e-6	1.1334270688798513e-8	1.0099218169259183e-9	3.959845857930744e-5
47.0	2.2309647585675977e-8	1.6559421079486682e-9	3.849936567008778e-6	1.1330152243557301e-8	1.0087585031548554e-9	3.959845859402713e-5
48.0	2.2310747982184832e-8	1.6568948898621283e-9	3.8499372882219895e-6	1.1329810679334251e-8	1.0092122338203877e-9	3.959845838590775e-5
49.0	2.232491100649819e-8	1.6567701810868616e-9	3.84993655101444e-6	1.1323903579037943e-8	1.008916137854482e-9	3.9598458474059515e-5
50.0	2.230285770090511e-8	1.6539441893386524e-9	3.849936050530647e-6	1.1323398165930534e-8	1.0089867910539053e-9	3.9598458414015334e-5
51.0	2.227446517716874e-8	1.6563689883621743e-9	3.849936368152421e-6	1.1318614052056818e-8	1.0093228758697859e-9	3.959845845888184e-5
52.0	2.2300046369070545e-8	1.6561146248959446e-9	3.849937707279971e-6	1.132164915488485e-8	1.0086904165469566e-9	3.959845850545243e-5
53.0	2.2318957135932594e-8	1.6579107561493117e-9	3.849937285027517e-6	1.1319416083969892e-8	1.0094538035654088e-9	3.959845852037332e-5
54.0	2.2316954796358668e-8	1.6587650538464355e-9	3.849937016272303e-6	1.132580318482556e-8	1.0088811949672314e-9	3.9598458746895895e-5
55.0	2.231844347500977e-8	1.65875368885414e-9	3.849936916560296e-6	1.132686913304917e-8	1.0099792777870476e-9	3.95984587448212e-5
56.0	2.2280622140051284e-8	1.6590470988616548e-9	3.849936444093708e-6	1.1332353413974975e-8	1.0100002239432432e-9	3.9598459097425674e-5
57.0	2.2319561133473116e-8	1.6576151790524414e-9	3.849935885166162e-6	1.1335311925245554e-8	1.0108800457818995e-9	3.959845899015582e-5
58.0	2.231006167345213e-8	1.6569578773881721e-9	3.849936503515474e-6	1.1334713456296045e-8	1.0112682505136052e-9	3.959845925446039e-5
59.0	2.232004584683808e-8	1.655579496921917e-9	3.849937142924948e-6	1.1335053759424595e-8	1.011448518409979e-9	3.959845910728968e-5
60.0	2.23274000874236e-8	1.6569429609230953e-9	3.849937400632851e-6	1.1329526999731013e-8	1.0119677745301933e-9	3.959845939760699e-5
61.0	2.2296695799675616e-8	1.6574652474206885e-9	3.84993667898959e-6	1.132662818341634e-8	1.011754112650476e-9	3.9598459279373867e-5
62.0	2.2317449832005466e-8	1.6589603510947669e-9	3.8499360477325405e-6	1.132072698970136e-8	1.0121343769181324e-9	3.95984593771418e-5
63.0	2.2309007477001774e-8	1.6609168239036529e-9	3.84993610567468e-6	1.1318085158959095e-8	1.0115738616090802e-9	3.9598459429293074e-5
64.0	2.232226608439124e-8	1.659116783580588e-9	3.849936639393498e-6	1.131514928069276e-8	1.011924034567541e-9	3.959845923970789e-5
65.0	2.2328213701750043e-8	1.6596738599972723e-9	3.849936815973786e-6	1.1317373521270896e-8	1.011511035993436e-9	3.9598459493338455e-5
66.0	2.231100212901132e-8	1.6587634795347214e-9	3.849937171947423e-6	1.1316799678722892e-8	1.0116354659884858e-9	3.959845928969951e-5
67.0	2.2307385219939665e-8	1.6579422896606171e-9	3.8499370052598516e-6	1.1324771294749645e-8	1.0114236122834986e-9	3.959845973313918e-5
68.0	2.230632265966228e-8	1.6581664586907952e-9	3.8499363790987235e-6	1.1326629247602863e-8	1.0111857340376416e-9	3.959845977656476e-5
69.0	2.2317028128330497e-8	1.6598370459462757e-9	3.849936284200702e-6	1.1334461291839948e-8	1.0106018405988355e-9	3.9598459918921025e-5
70.0	2.233605198694239e-8	1.6613374090967124e-9	3.84993647248894e-6	1.133703240482471e-8	1.00991101622935e-9	3.959846005850593e-5
71.0	2.2301013038145295e-8	1.6605205430367586e-9	3.849937339802255e-6	1.1338971392494346e-8	1.0093329025069863e-9	3.95984597909876e-5
72.0	2.228785230539677e-8	1.6624072216651626e-9	3.849937113292951e-6	1.1338668770710476e-8	1.0086964570439702e-9	3.959845999923009e-5
73.0	2.228895304109635e-8	1.6601506867155332e-9	3.849936926755831e-6	1.1335582844719709e-8	1.0088644131491212e-9	3.959845968017762e-5
74.0	2.2355915786778522e-8	1.6597982170165404e-9	3.84993659305413e-6	1.1331887335687855e-8	1.0083983306037978e-9	3.959845980968741e-5
75.0	2.2333846942384773e-8	1.6600004307106858e-9	3.849936958965897e-6	1.132736356626072e-8	1.0088945277188846e-9	3.9598459615907605e-5
76.0	2.229934346092772e-8	1.6602961289443245e-9	3.849936056220107e-6	1.1323259507205441e-8	1.008576909493535e-9	3.959845968386553e-5
77.0	2.2276454311146035e-8	1.6600670012665059e-9	3.8499366111002515e-6	1.1320027309289177e-8	1.0089798295927102e-9	3.959845959704879e-5
78.0	2.2315095279951852e-8	1.66292728658871e-9	3.849936708095739e-6	1.1319867816565336e-8	1.0089892697892128e-9	3.959845938807824e-5
79.0	2.2344751553474253e-8	1.6626979468071155e-9	3.8499367195235215e-6	1.131804314263201e-8	1.009187768855022e-9	3.959845946523505e-5
80.0	2.2309678197724485e-8	1.6624709293074763e-9	3.849936727998262e-6	1.1322742859291936e-8	1.0098030220254801e-9	3.9598459133395036e-5
81.0	2.2281097433697407e-8	1.6633083183175124e-9	3.8499369703474566e-6	1.1323815151892645e-8	1.0097350996830423e-9	3.959845920179115e-5
82.0	2.2295260252467754e-8	1.6608784870279755e-9	3.849936707539308e-6	1.1329630713719058e-8	1.0108347466329402e-9	3.9598458993104215e-5
83.0	2.2319369915137554e-8	1.6602413562992817e-9	3.849935585570679e-6	1.1332639981061123e-8	1.0105992942928297e-9	3.959845914208755e-5
84.0	2.2308369366768418e-8	1.6615158232313114e-9	3.849936363061252e-6	1.133500928170564e-8	1.0117208103821837e-9	3.95984591336831e-5
85.0	2.2288001682711137e-8	1.6621598462410263e-9	3.849936901108104e-6	1.133551818508639e-8	1.0115173784448886e-9	3.959845912160284e-5
86.0	2.2295769733616816e-8	1.6626481565685778e-9	3.849937004292716e-6	1.133416280671282e-8	1.0121421282242911e-9	3.9598459200826604e-5
87.0	2.2303908036301876e-8	1.6643274601624527e-9	3.849937153357095e-6	1.1331195840941856e-8	1.012289574852685e-9	3.959845885111731e-5
88.0	2.230618440925846e-8	1.665345253385998e-9	3.849937186792748e-6	1.1327999445342753e-8	1.0121806574829832e-9	3.9598458997607117e-5
89.0	2.2273319463380924e-8	1.6626960840202706e-9	3.849936205921443e-6	1.1324212544612492e-8	1.0125856867256392e-9	3.959845845164217e-5
90.0	2.2310510113056607e-8	1.662829903244831e-9	3.849935719627753e-6	1.1321769701492828e-8	1.0120378604481203e-9	3.959845876724877e-5
91.0	2.232488404972209e-8	1.6632360001858047e-9	3.84993639781657e-6	1.1320865226240883e-8	1.0125451388924189e-9	3.959845824784694e-5
92.0	2.2312526643397863e-8	1.6610395752991827e-9	3.849937370068612e-6	1.1319046613412282e-8	1.0117277998034885e-9	3.959845867808223e-5
93.0	2.227071033758079e-8	1.6626906066104726e-9	3.849936886916226e-6	1.1323270377616734e-8	1.0119579719592475e-9	3.959845841865626e-5
94.0	2.227021358618779e-8	1.6642354378612534e-9	3.849936376617384e-6	1.1323594398746409e-8	1.0110728019510823e-9	3.9598458700338044e-5
95.0	2.2333141979850173e-8	1.6639749168310533e-9	3.849936603307905e-6	1.1329145952495914e-8	1.0108527575500626e-9	3.959845867188379e-5
96.0	2.2323567199285547e-8	1.66524737335752e-9	3.849936066064878e-6	1.133111489513277e-8	1.0103251367876108e-9	3.959845858073704e-5
97.0	2.228745683004523e-8	1.6643837248766748e-9	3.849935935112128e-6	1.1333946402506306e-8	1.0096920050968395e-9	3.9598458769322576e-5
98.0	2.2242788085807675e-8	1.6639477017003334e-9	3.849936369032839e-6	1.1334712469146518e-8	1.0096389618845732e-9	3.9598458357005186e-5
99.0	2.2308679070783875e-8	1.6642421409123155e-9	3.849936845831542e-6	1.1335255698868439e-8	1.0090403225573712e-9	3.9598458724635076e-5
100.0	2.2353359632106943e-8	1.6637365161890855e-9	3.849936167235586e-6	1.1333587918562358e-8	1.0094927531592119e-9	3.959845815389564e-5
101.0	2.230148665559156e-8	1.664490601425338e-9	3.849936460387219e-6	1.1331771009948283e-8	1.0090876332024672e-9	3.959845877478621e-5
102.0	2.2256139568330615e-8	1.6649012753497238e-9	3.849936323115998e-6	1.1328935620905745e-8	1.0097586338632024e-9	3.9598458429522705e-5
103.0	2.2263398963184372e-8	1.6658762093838587e-9	3.84993649289816e-6	1.13260775667809e-8	1.0094683831819827e-9	3.959845893213971e-5
104.0	2.2358489249218803e-8	1.6654448932501472e-9	3.849936379273762e-6	1.1325315860178523e-8	1.009837132804544e-9	3.959845880478482e-5
105.0	2.2319580436309142e-8	1.666203261424943e-9	3.849936267161338e-6	1.1322306219497109e-8	1.0095566351234025e-9	3.9598458983651354e-5
106.0	2.2254881793132646e-8	1.6654661132866651e-9	3.8499363385628065e-6	1.1325027211257107e-8	1.0095965327685654e-9	3.959845920679922e-5
107.0	2.2283027767468208e-8	1.6646853298309622e-9	3.849936508217621e-6	1.1323984082279814e-8	1.0097459472988104e-9	3.959845916447657e-5
108.0	2.232758006428231e-8	1.664476134840462e-9	3.849936441077095e-6	1.132781386497028e-8	1.009666317504016e-9	3.9598459573153495e-5
109.0	2.2343369887447432e-8	1.6651393059959296e-9	3.849936287677715e-6	1.1328987776506449e-8	1.010402358734142e-9	3.959845929529488e-5
110.0	2.2258831128781338e-8	1.6660528798043677e-9	3.849936248088384e-6	1.1331789698228794e-8	1.0102270306334462e-9	3.9598459709661827e-5
111.0	2.22764246761827e-8	1.6659871113469361e-9	3.849936394200683e-6	1.1332118720728421e-8	1.0111242147576222e-9	3.959845936859001e-5
112.0	2.2316364580347413e-8	1.6675596078886454e-9	3.849936647809018e-6	1.1334439896119251e-8	1.0106413984065194e-9	3.9598459650252e-5
113.0	2.2320086471815836e-8	1.666118124330357e-9	3.849936517563399e-6	1.1331762120385982e-8	1.0113220391620966e-9	3.959845942395661e-5
114.0	2.2270650374447993e-8	1.6669377550567312e-9	3.849935693452316e-6	1.13326256978562e-8	1.0108606725851316e-9	3.9598459614208356e-5
115.0	2.228530165041693e-8	1.6676653242026989e-9	3.8499363340952125e-6	1.1329071379272169e-8	1.0110158274300354e-9	3.959845952152109e-5
116.0	2.232293003323502e-8	1.6671831663202571e-9	3.849935718067349e-6	1.1327767486290692e-8	1.010894112471933e-9	3.959845957548356e-5
117.0	2.232122328296584e-8	1.6673849721603328e-9	3.849936279905551e-6	1.1327118611491768e-8	1.0107640163379538e-9	3.9598459720777874e-5
118.0	2.2269974383655763e-8	1.6683219714241676e-9	3.849936979382218e-6	1.1324518032636076e-8	1.0110807125145538e-9	3.9598459672176505e-5
119.0	2.2297803095896837e-8	1.6673237403359748e-9	3.849936772241321e-6	1.1327054797814015e-8	1.0104725894870102e-9	3.9598459847305616e-5
120.0	2.233839629119842e-8	1.6680124766646502e-9	3.849936048582415e-6	1.1325059722463696e-8	1.011080343400206e-9	3.959845973842004e-5
121.0	2.2347449282983556e-8	1.6685901403090456e-9	3.849935942945618e-6	1.1327740428543221e-8	1.010266334454076e-9	3.95984598805209e-5
122.0	2.2283978102913854e-8	1.666932776897354e-9	3.849935928480849e-6	1.1327176518304618e-8	1.0107385151967504e-9	3.9598459606921257e-5
123.0	2.227675930141698e-8	1.6685305262234206e-9	3.84993577751925e-6	1.1329396749185752e-8	1.010221368420928e-9	3.959845972260212e-5
124.0	2.2338274715552022e-8	1.6692602250780963e-9	3.84993669296831e-6	1.1328536562013507e-8	1.0104088007867055e-9	3.959845952789457e-5
125.0	2.236536580102716e-8	1.6686016264980215e-9	3.849936719522732e-6	1.1330877414531515e-8	1.0104545736934736e-9	3.95984597243923e-5
126.0	2.2334436204864974e-8	1.6690825301827022e-9	3.849936460116171e-6	1.1327947748063676e-8	1.0102314578697515e-9	3.9598459672281605e-5
127.0	2.2280323720142507e-8	1.6697718241357587e-9	3.849936344449119e-6	1.1330620385713901e-8	1.0104712926937808e-9	3.9598459595802194e-5
128.0	2.2297054531475397e-8	1.6694140826134959e-9	3.849936296297522e-6	1.132741990491311e-8	1.0099699618561581e-9	3.9598459671503257e-5
129.0	2.2344480598290075e-8	1.6694606317459597e-9	3.849936208537643e-6	1.132955129619446e-8	1.0104350213125731e-9	3.959845946254425e-5
130.0	2.2385266989104318e-8	1.670616271172833e-9	3.849936106950127e-6	1.1328020323422809e-8	1.0100620689243648e-9	3.959845967450296e-5
131.0	2.2300806144227466e-8	1.6697846851648646e-9	3.849936040577376e-6	1.1329382743660682e-8	1.0105151340115412e-9	3.959845944267642e-5
132.0	2.2286537749287272e-8	1.6703618975050208e-9	3.849936402755611e-6	1.1329996141736237e-8	1.0102070205029042e-9	3.959845986541375e-5
133.0	2.2299991196190322e-8	1.6712807159922966e-9	3.849936702270081e-6	1.133051032626095e-8	1.0104477005798626e-9	3.9598459615542094e-5
134.0	2.2368663052364263e-8	1.6711327870956283e-9	3.849936184730782e-6	1.1332285360131648e-8	1.010252329516342e-9	3.9598459805835716e-5
135.0	2.2359745545433755e-8	1.6712262824036134e-9	3.8499365049598955e-6	1.1332049203726534e-8	1.0104154344806482e-9	3.9598459688391765e-5
136.0	2.2285487210894667e-8	1.6712334060064232e-9	3.84993644117457e-6	1.1333363093239002e-8	1.0106614825161979e-9	3.9598459565942074e-5
137.0	2.2303508534692193e-8	1.6693873299148648e-9	3.8499358541009935e-6	1.1330163613653326e-8	1.0109256183227131e-9	3.959845979155452e-5
138.0	2.2330779002351776e-8	1.6690017062168437e-9	3.849935802551779e-6	1.1330299767069095e-8	1.0112583897704954e-9	3.959845930316851e-5
139.0	2.2337514346401425e-8	1.6703338275279741e-9	3.849936709893691e-6	1.1325244144656387e-8	1.0109183119586164e-9	3.959845951003926e-5
140.0	2.231785508104098e-8	1.670347293872974e-9	3.849936122710859e-6	1.1325884823137656e-8	1.010896531086261e-9	3.9598458732601895e-5
141.0	2.2311355884029432e-8	1.6715588967527774e-9	3.849936125993655e-6	1.1321622463737528e-8	1.010404927444033e-9	3.959845906221982e-5
142.0	2.2350515367206772e-8	1.6722758877232131e-9	3.849936552279517e-6	1.1324009015723515e-8	1.0105667132838011e-9	3.9598458465664754e-5
143.0	2.2305246082080685e-8	1.6719612314313353e-9	3.849936008818922e-6	1.132132832558455e-8	1.010404442214193e-9	3.9598458772811274e-5
144.0	2.2279744160046173e-8	1.6725565493526828e-9	3.849936291458018e-6	1.1325730594122905e-8	1.0109581973620723e-9	3.9598458540959715e-5
145.0	2.2346455890393745e-8	1.6715799261019428e-9	3.849936730407995e-6	1.132523512794985e-8	1.0110321085459888e-9	3.9598458725575276e-5
146.0	2.2378718998674302e-8	1.6701977247850887e-9	3.8499362864823614e-6	1.133109442798832e-8	1.0110885571324852e-9	3.959845869339193e-5
147.0	2.2359975128967587e-8	1.6696730454227068e-9	3.849936103480668e-6	1.1332723739963666e-8	1.0110167381735873e-9	3.9598458694963105e-5
148.0	2.224763392310507e-8	1.669805057659403e-9	3.849936277219246e-6	1.1336694151960168e-8	1.0104148165558553e-9	3.959845863766989e-5
149.0	2.232534692245253e-8	1.6715117294526285e-9	3.84993566327606e-6	1.1337533545396121e-8	1.010541131553484e-9	3.959845865374156e-5
150.0	2.24010094390343e-8	1.672340207307745e-9	3.8499361267642034e-6	1.1336989689516267e-8	1.0099115681326055e-9	3.9598458531839765e-5
151.0	2.239502968789329e-8	1.6735915146038184e-9	3.849936599145191e-6	1.1335376489579967e-8	1.0102856300115803e-9	3.959845856331695e-5
152.0	2.2299623483308897e-8	1.6728999968005236e-9	3.849936796304778e-6	1.1332001776103016e-8	1.0102010595780823e-9	3.959845859028229e-5
153.0	2.2285222366442582e-8	1.6717983251075712e-9	3.849936162660411e-6	1.133002806326992e-8	1.0103301255750307e-9	3.9598458521856744e-5
154.0	2.2368957708745173e-8	1.6727756965190606e-9	3.8499357690632325e-6	1.1325317614356845e-8	1.0105113047673641e-9	3.959845873342575e-5
155.0	2.2431271741516962e-8	1.6707066756969372e-9	3.849936175772882e-6	1.1324070029123587e-8	1.0103770262588006e-9	3.9598458670745213e-5
156.0	2.232268588143836e-8	1.6718463495850749e-9	3.8499356449962855e-6	1.1319911990536521e-8	1.0105859960151627e-9	3.959845886211483e-5
157.0	2.2310136391252912e-8	1.6719130283042875e-9	3.849936421080988e-6	1.1321108000398076e-8	1.0103133265360138e-9	3.959845879288829e-5
158.0	2.2333195441233522e-8	1.6732041494332318e-9	3.8499365181711065e-6	1.1319247521254435e-8	1.0106192355926902e-9	3.959845898272678e-5
159.0	2.2374416092880524e-8	1.6738435259366304e-9	3.849936789026735e-6	1.1324557443632012e-8	1.0105104723161203e-9	3.959845887251521e-5
160.0	2.2351333114531202e-8	1.6751027333998266e-9	3.849935868892474e-6	1.1325608375767609e-8	1.010817791557823e-9	3.959845899701982e-5
161.0	2.230659420686063e-8	1.6751776019589009e-9	3.849935777603839e-6	1.133124958495179e-8	1.0107796586177608e-9	3.959845884779883e-5
162.0	2.2343636630092825e-8	1.6731120982727599e-9	3.849935908417674e-6	1.1332762645246647e-8	1.010952055157556e-9	3.9598458910232626e-5
163.0	2.2344188987313917e-8	1.673582070785269e-9	3.849936526575411e-6	1.1336297795918316e-8	1.0111761445709792e-9	3.959845894227322e-5
164.0	2.2319065275071114e-8	1.6731371729497683e-9	3.849936324761017e-6	1.1335834561711503e-8	1.011140019823856e-9	3.959845902867268e-5
165.0	2.2347905202569328e-8	1.6727791873903198e-9	3.849936196673946e-6	1.1335724771827555e-8	1.0112175018287046e-9	3.959845904349352e-5
166.0	2.237444490712784e-8	1.673283968966857e-9	3.849936239797808e-6	1.1333042235659827e-8	1.0112955218083346e-9	3.959845915414336e-5
167.0	2.2356148305343277e-8	1.673451760749314e-9	3.849935454045239e-6	1.1330144843984208e-8	1.0111851047789727e-9	3.959845909308398e-5
168.0	2.231048161804728e-8	1.6736331209260173e-9	3.849935668938487e-6	1.13266617915831e-8	1.0112409976380317e-9	3.9598459415925356e-5
169.0	2.2312073569098536e-8	1.674547136482236e-9	3.849936405536939e-6	1.1323640700946757e-8	1.0111533933687735e-9	3.9598459153260066e-5
170.0	2.2409059073831423e-8	1.673584357769591e-9	3.849936743257657e-6	1.1321701621368985e-8	1.0109477596453538e-9	3.959845939253176e-5
171.0	2.2374911345593984e-8	1.6735055313494795e-9	3.849936473152078e-6	1.1320521984059636e-8	1.0109686270912576e-9	3.9598459320161695e-5
172.0	2.2331480149090895e-8	1.6740536045277285e-9	3.849935890556413e-6	1.1322097734067157e-8	1.0105363438938677e-9	3.959845929806465e-5
173.0	2.2307232545191106e-8	1.6720544710311026e-9	3.849935663287355e-6	1.1323918312053209e-8	1.010850711247019e-9	3.959845947221163e-5
174.0	2.238551934319127e-8	1.6734904197412273e-9	3.849935419296378e-6	1.1328190334765827e-8	1.0104386473569204e-9	3.959845913418822e-5
175.0	2.2380488549636433e-8	1.67400694147271e-9	3.849936253502193e-6	1.1331053620748565e-8	1.0108040648888717e-9	3.959845953771493e-5
176.0	2.231430503584329e-8	1.6738181708507758e-9	3.8499364707199845e-6	1.1334640937884837e-8	1.0106731866117484e-9	3.959845910579903e-5
177.0	2.2327764361410467e-8	1.67392977417987e-9	3.849936312176176e-6	1.1334865423237104e-8	1.0104631088071568e-9	3.9598459366142987e-5
178.0	2.2368118760455486e-8	1.6750225352108995e-9	3.84993640879551e-6	1.1335460229929366e-8	1.0106183542849067e-9	3.959845913906151e-5
179.0	2.2370313606598097e-8	1.6753949122259903e-9	3.849935528186312e-6	1.133371545852417e-8	1.0099574689822818e-9	3.959845934569499e-5
180.0	2.231314014396286e-8	1.6743061413445384e-9	3.849935402520894e-6	1.1331447704388375e-8	1.0103438337313629e-9	3.9598459253529895e-5
181.0	2.232025380351081e-8	1.6763650267178779e-9	3.84993618694032e-6	1.1328891550892094e-8	1.0097582684579796e-9	3.9598459387530535e-5
182.0	2.2376105535420655e-8	1.6750017407417014e-9	3.849936308979251e-6	1.1326593150241075e-8	1.010403421685074e-9	3.959845920295907e-5
183.0	2.235789663374989e-8	1.6748275308413126e-9	3.849936190903484e-6	1.1323795471316948e-8	1.0105421278599914e-9	3.9598459384792504e-5
184.0	2.2308953806093472e-8	1.6761470921276226e-9	3.849936112221308e-6	1.1323495214081002e-8	1.0108156023855439e-9	3.959845931896803e-5
185.0	2.2358107604245348e-8	1.6755495788131324e-9	3.849935821052253e-6	1.132262790696604e-8	1.0112816492286786e-9	3.959845950087715e-5
186.0	2.2380621391753256e-8	1.6759549738298392e-9	3.849935957507572e-6	1.1324876850924136e-8	1.0108782023968391e-9	3.959845947780359e-5
187.0	2.235245070599596e-8	1.6782446056879416e-9	3.84993596021913e-6	1.1326099560742548e-8	1.0110860666025055e-9	3.959845940440368e-5
188.0	2.228215965086535e-8	1.6775863899791855e-9	3.8499363533918055e-6	1.1329189057393936e-8	1.0102491931606187e-9	3.959845959146155e-5
189.0	2.238371342503128e-8	1.678707570844756e-9	3.849936230965973e-6	1.1330943897426495e-8	1.0104194761875662e-9	3.959845908626999e-5
190.0	2.2409712342246158e-8	1.67919025711635e-9	3.849935776178145e-6	1.1333349044549554e-8	1.010199218087028e-9	3.959845953758073e-5
191.0	2.2372383092636046e-8	1.6769824460372425e-9	3.84993569281925e-6	1.1333102520274621e-8	1.01047419955101e-9	3.959845878865047e-5
192.0	2.227715896262451e-8	1.6761510751848256e-9	3.849936009198636e-6	1.1334036453527269e-8	1.0108687990171135e-9	3.9598459267038695e-5
193.0	2.2347951581790585e-8	1.6772338612036289e-9	3.84993648617714e-6	1.1331350239336819e-8	1.01097220761949e-9	3.9598458697438224e-5
194.0	2.2426814432093152e-8	1.6755096469466146e-9	3.849935936825196e-6	1.133005179234133e-8	1.0113731343545437e-9	3.959845881336915e-5
195.0	2.240042616569389e-8	1.6763911916880634e-9	3.849936423411834e-6	1.1326810426886904e-8	1.0109701561314756e-9	3.959845865280477e-5
196.0	2.2307983524432702e-8	1.6780927546150108e-9	3.849935345620466e-6	1.1324173169866444e-8	1.0110990416547312e-9	3.959845846185406e-5
197.0	2.2324814104374103e-8	1.6781049172765612e-9	3.8499354730169335e-6	1.132304537756614e-8	1.0106554760218122e-9	3.959845860612947e-5
198.0	2.2358394135714564e-8	1.6794421971099466e-9	3.849936234592624e-6	1.1320930533177513e-8	1.0106838862971407e-9	3.9598458374552916e-5
199.0	2.2386036420112286e-8	1.6795773114553191e-9	3.849936340394853e-6	1.1322390111063093e-8	1.0104881041983206e-9	3.9598458622001476e-5
200.0	2.2375669404396616e-8	1.6787204414070463e-9	3.849936136183768e-6	1.132306789599066e-8	1.0105978655290475e-9	3.959845842827065e-5
201.0	2.2333747630939128e-8	1.6785993484038162e-9	3.849936194878984e-6	1.1326724975011148e-8	1.0106467277480034e-9	3.959845844093036e-5
202.0	2.234449947819969e-8	1.6770489398139722e-9	3.849936263188296e-6	1.1328935842159296e-8	1.0107233036730273e-9	3.959845836683789e-5
203.0	2.2313230846882513e-8	1.6776195007270013e-9	3.849935313626449e-6	1.1333058625701815e-8	1.0110582733281146e-9	3.9598458256674336e-5
204.0	2.2377160443422142e-8	1.6776250106122043e-9	3.849936034427861e-6	1.133277565946364e-8	1.0109618174744317e-9	3.959845835092833e-5
205.0	2.239118699585239e-8	1.6798139161838005e-9	3.849936607795887e-6	1.1335761564560937e-8	1.0113601276837556e-9	3.959845850442539e-5
206.0	2.2351787192373946e-8	1.6803575432163352e-9	3.849936073181144e-6	1.1331898090231155e-8	1.0110347594558015e-9	3.9598458576279546e-5
207.0	2.2332907622661787e-8	1.6795212853684482e-9	3.8499358836144335e-6	1.1333399190148487e-8	1.0111886710406345e-9	3.959845893607986e-5
208.0	2.2322814656415648e-8	1.6806703900062273e-9	3.849936343012949e-6	1.1328937940717832e-8	1.0109326781475845e-9	3.9598458961619546e-5
209.0	2.2370137863946655e-8	1.6797212291418646e-9	3.849936535172265e-6	1.1328401476504791e-8	1.0108697094883942e-9	3.959845926347034e-5
210.0	2.2399589880475638e-8	1.6794696384197761e-9	3.849935639242128e-6	1.1325077218976283e-8	1.0110590877354118e-9	3.959845930053221e-5
211.0	2.2357064367036803e-8	1.679925829950372e-9	3.8499360818179095e-6	1.13239062267283e-8	1.0111224995892528e-9	3.959845948749477e-5
212.0	2.2375852046203163e-8	1.6788788039952355e-9	3.849936164427646e-6	1.1322901678443349e-8	1.0116440504713071e-9	3.959845946233718e-5
213.0	2.2319201144674264e-8	1.680405726173209e-9	3.8499358419943625e-6	1.13227574742171e-8	1.0112862525517184e-9	3.95984596129408e-5
214.0	2.235776607612929e-8	1.6805361197238732e-9	3.849935586297549e-6	1.1323755405873855e-8	1.0115934704976591e-9	3.959845943630195e-5
215.0	2.2402761843040446e-8	1.6825652808919794e-9	3.8499365327893036e-6	1.1324927523574026e-8	1.0112086706046071e-9	3.959845961830532e-5
216.0	2.2409010882260428e-8	1.6817607148341968e-9	3.849936267441625e-6	1.1327714404851284e-8	1.0111015433340333e-9	3.959845934716359e-5
217.0	2.2373827026926334e-8	1.6826736260747831e-9	3.849935782854289e-6	1.132744655286329e-8	1.0111453175415557e-9	3.9598459635758805e-5
218.0	2.229785321211692e-8	1.6821570658850888e-9	3.849935729145795e-6	1.1331356126075696e-8	1.0108112725539779e-9	3.959845949585902e-5
219.0	2.2380056636825777e-8	1.6815117188940049e-9	3.849936091862145e-6	1.1329038622229385e-8	1.0110487576218425e-9	3.959845965335313e-5
220.0	2.2437417679106784e-8	1.6812180374173447e-9	3.849935939607748e-6	1.1333749321914523e-8	1.0105176081203152e-9	3.959845958747944e-5
221.0	2.2394129396712814e-8	1.6806132868705076e-9	3.849936000252091e-6	1.13309461692879e-8	1.010637316523864e-9	3.959845963372206e-5
222.0	2.231509574818689e-8	1.6802860189529542e-9	3.849936222840113e-6	1.1333428270831961e-8	1.010255006738098e-9	3.959845960388753e-5
223.0	2.2347002359372583e-8	1.6813740820724455e-9	3.849936528853661e-6	1.1330480811874501e-8	1.0103577812762117e-9	3.95984596568018e-5
224.0	2.2428258373172793e-8	1.6825300536793029e-9	3.849935410922401e-6	1.133143703842465e-8	1.0102845734536656e-9	3.9598459620633514e-5
225.0	2.2398567470517387e-8	1.6835927842831259e-9	3.849935929314396e-6	1.1328245909079379e-8	1.0103204954926625e-9	3.959845964845494e-5
226.0	2.232292988262998e-8	1.6839158129149548e-9	3.849936215744233e-6	1.1329872120796408e-8	1.0103684427745337e-9	3.959845963806234e-5
227.0	2.2355179686967558e-8	1.6823983680787738e-9	3.849935942257482e-6	1.1327297329933734e-8	1.0102259238655649e-9	3.9598459625080545e-5
228.0	2.2405126467226102e-8	1.6829102996204513e-9	3.84993624733766e-6	1.1329612138856674e-8	1.0104422172212996e-9	3.959845957493305e-5
229.0	2.238065964408462e-8	1.6833222447063675e-9	3.8499362830133575e-6	1.1327872426448216e-8	1.0102949701016911e-9	3.959845980725145e-5
230.0	2.234024521732423e-8	1.6807516001449672e-9	3.849936055697939e-6	1.1327856239599736e-8	1.0104345659994256e-9	3.959845960716439e-5
231.0	2.2365381129179004e-8	1.6832301171266381e-9	3.849935281073742e-6	1.1328380202777829e-8	1.010609069710701e-9	3.9598459864434106e-5
232.0	2.2398113210640947e-8	1.6819360029657707e-9	3.84993655830721e-6	1.1326101678771906e-8	1.0105945749810134e-9	3.9598459663314176e-5
233.0	2.2371848826654252e-8	1.6848375424815027e-9	3.849935686625176e-6	1.1328865392978957e-8	1.0109190065680998e-9	3.959845967679739e-5
234.0	2.2340030841874275e-8	1.6843117225688375e-9	3.849936093233027e-6	1.1326401341565082e-8	1.0108755740218111e-9	3.9598459657097605e-5
235.0	2.2401842840945894e-8	1.6850837947561742e-9	3.849936390006902e-6	1.1329103839956476e-8	1.0110225886227263e-9	3.9598459513064856e-5
236.0	2.2386933008978098e-8	1.6848870007846408e-9	3.849936127077603e-6	1.132751110810636e-8	1.0110715586839613e-9	3.959845966980141e-5
237.0	2.236492737363725e-8	1.6827382096282086e-9	3.849935720604143e-6	1.132931827016917e-8	1.0109597474211537e-9	3.95984592332889e-5
238.0	2.234976428712112e-8	1.685042380126948e-9	3.849936257944482e-6	1.1328077818700218e-8	1.0110780901557444e-9	3.959845937080111e-5
239.0	2.241309609794393e-8	1.683452312436521e-9	3.849936506990227e-6	1.1330624789919363e-8	1.0112315017237618e-9	3.95984589603633e-5
240.0	2.240979904547594e-8	1.6842970506363386e-9	3.849935856554996e-6	1.1329285854576538e-8	1.0113965267414732e-9	3.9598458890855426e-5
241.0	2.235778999905971e-8	1.6841627829477068e-9	3.84993609191752e-6	1.1331495485569847e-8	1.0115320985992347e-9	3.959845862102628e-5
242.0	2.236100461892206e-8	1.6843162664870479e-9	3.84993581813491e-6	1.1328872602654448e-8	1.0114704217489822e-9	3.9598458482902234e-5
243.0	2.239320875723057e-8	1.6846494027400988e-9	3.8499360144317214e-6	1.1329862636065848e-8	1.0114678205177425e-9	3.959845839852879e-5
244.0	2.2393946607597063e-8	1.6850264043128074e-9	3.849936103376634e-6	1.1327127116190631e-8	1.0110460461394556e-9	3.959845822894956e-5
245.0	2.238023723973014e-8	1.6849541404888806e-9	3.8499363862355665e-6	1.1326307828576564e-8	1.01098389422865e-9	3.959845816221831e-5
246.0	2.236055608785076e-8	1.6840320029765681e-9	3.849936290285779e-6	1.1326113162915326e-8	1.0109210021643617e-9	3.9598458073104793e-5
247.0	2.241371325937018e-8	1.6852456922302154e-9	3.849935859442948e-6	1.1325068902586982e-8	1.0110090815564903e-9	3.959845795648276e-5
248.0	2.2352306405772287e-8	1.684059005077609e-9	3.84993595619813e-6	1.1326387212410784e-8	1.0111186777160539e-9	3.9598458010376224e-5
249.0	2.236137681816982e-8	1.6843906624215816e-9	3.8499356161440166e-6	1.1326095935768751e-8	1.0111813647688181e-9	3.959845799120613e-5
250.0	2.241550159341314e-8	1.6844779089682375e-9	3.849936131318107e-6	1.1327794064709116e-8	1.0110414453364627e-9	3.9598458143219647e-5
251.0	2.2417915146367878e-8	1.6853477188785126e-9	3.849936174438024e-6	1.1327591319101914e-8	1.0107004537076993e-9	3.959845816356728e-5
252.0	2.2400630190366848e-8	1.6849789876940388e-9	3.849935965484072e-6	1.1329756396442605e-8	1.0103412179518368e-9	3.959845831467667e-5
253.0	2.2322911036302306e-8	1.6865328663956115e-9	3.849935884941888e-6	1.1329669877942078e-8	1.0104019546615666e-9	3.959845843978334e-5
254.0	2.2421634592081046e-8	1.6877953619966648e-9	3.8499356453801075e-6	1.1331147728267058e-8	1.010382765199396e-9	3.9598458576872096e-5
255.0	2.2463327234796278e-8	1.6853390381396046e-9	3.849936042610364e-6	1.1330131284739098e-8	1.0108824182308763e-9	3.959845874171026e-5
256.0	2.2399217549809715e-8	1.6869508858495335e-9	3.849935957567857e-6	1.133035413740972e-8	1.010993993239452e-9	3.959845854969732e-5
257.0	2.235001815878509e-8	1.686327837242025e-9	3.849936420454441e-6	1.1328624896339447e-8	1.0110577080762043e-9	3.959845862663219e-5
258.0	2.2374341158796084e-8	1.6854701686523709e-9	3.849935955539306e-6	1.132733839827823e-8	1.0111604977484818e-9	3.9598458601910986e-5
259.0	2.2460884901502736e-8	1.6867119177815677e-9	3.849935539778276e-6	1.1325828669431178e-8	1.0108140649921107e-9	3.959845874514003e-5
260.0	2.2429327677209327e-8	1.6868325137022525e-9	3.849935355452092e-6	1.1325343901015878e-8	1.0109599167697632e-9	3.959845879712252e-5
261.0	2.2375025758877138e-8	1.6875658925803211e-9	3.849935715826989e-6	1.132506234042852e-8	1.0109193360684521e-9	3.959845891690655e-5
262.0	2.23807304041451e-8	1.6886800219903027e-9	3.849936508319115e-6	1.1325940826897835e-8	1.0109693848983566e-9	3.9598458863685814e-5
263.0	2.2420067185017797e-8	1.688352298550675e-9	3.849936366989653e-6	1.1327142632428233e-8	1.011156894821504e-9	3.959845904412633e-5
264.0	2.2427607028266126e-8	1.6875419100226008e-9	3.849936677422476e-6	1.1328815748885288e-8	1.0110405725114054e-9	3.959845882556068e-5
265.0	2.2394183370736395e-8	1.6883275008421147e-9	3.8499357473130155e-6	1.1329328747504259e-8	1.0112280463184722e-9	3.9598459011170825e-5
266.0	2.239676680268133e-8	1.6885463176045996e-9	3.849935066137829e-6	1.13314167290658e-8	1.011070733205891e-9	3.9598458955492516e-5
267.0	2.2401270152923993e-8	1.6883614347559867e-9	3.849935760342769e-6	1.1331055315046358e-8	1.0114860621729297e-9	3.959845922513064e-5
268.0	2.2409411232457744e-8	1.6894464010352729e-9	3.849936250318664e-6	1.1331830057762817e-8	1.0111927235130388e-9	3.959845936516912e-5
269.0	2.2388689090116004e-8	1.6901397138864463e-9	3.849936190676129e-6	1.1330141982168866e-8	1.0113024679034368e-9	3.959845940906695e-5
270.0	2.2425796375732185e-8	1.690033727402992e-9	3.84993615564227e-6	1.1330034348071251e-8	1.0110761236846658e-9	3.959845951566352e-5
271.0	2.2404351752746255e-8	1.6894700745047628e-9	3.849936106049937e-6	1.1326300357606644e-8	1.0107171864818492e-9	3.9598459325780735e-5
272.0	2.2413482393615888e-8	1.6893925984161387e-9	3.84993575973137e-6	1.1325874241727475e-8	1.010702732007043e-9	3.959845928819452e-5
273.0	2.239996646716211e-8	1.689041962781632e-9	3.8499356506650036e-6	1.132308105669331e-8	1.0103569987700212e-9	3.959845916372585e-5
274.0	2.2420358835050472e-8	1.6885853516342847e-9	3.849935982730266e-6	1.132400895914155e-8	1.010665918488397e-9	3.959845913595886e-5
275.0	2.2427919755466864e-8	1.690250688450269e-9	3.849935951459545e-6	1.1323823615739703e-8	1.010577216162599e-9	3.9598459193460704e-5
276.0	2.2405856020369024e-8	1.689108991597408e-9	3.849935287901555e-6	1.1325581417443961e-8	1.010737532630658e-9	3.9598459131223305e-5
277.0	2.240698944646296e-8	1.6909705430568558e-9	3.8499351756604295e-6	1.1327484963773898e-8	1.0108222165661582e-9	3.9598459036055175e-5
278.0	2.239160630616055e-8	1.6906392723671514e-9	3.849936033177888e-6	1.1328021986516486e-8	1.0108797488379724e-9	3.959845899779884e-5
279.0	2.2427728695053965e-8	1.6901251341222077e-9	3.849936125948421e-6	1.1330337383238266e-8	1.011028041100534e-9	3.959845889552098e-5
280.0	2.2447882514636426e-8	1.6908489009376403e-9	3.8499358169159735e-6	1.1329123557320256e-8	1.0110855767469355e-9	3.959845892341944e-5
281.0	2.2425513509825067e-8	1.6915734425833746e-9	3.849935957190763e-6	1.13315253054046e-8	1.0112601801805074e-9	3.959845873136748e-5
282.0	2.2380846044298143e-8	1.6921273052685966e-9	3.849935377120825e-6	1.1328994385461697e-8	1.011192980251688e-9	3.959845885726335e-5
283.0	2.23984224461524e-8	1.6903196702465273e-9	3.849934952305235e-6	1.1331133028002914e-8	1.011283160662288e-9	3.959845867423774e-5
284.0	2.2446185813198306e-8	1.693385271184677e-9	3.849935289176297e-6	1.1327276269856284e-8	1.011195353258046e-9	3.959845874192899e-5
285.0	2.2464498532301668e-8	1.6921192489255365e-9	3.849936577793567e-6	1.1328550525814273e-8	1.0115049733419624e-9	3.95984587441142e-5
286.0	2.239035718337894e-8	1.6914425395721498e-9	3.8499359987668135e-6	1.1324732522164513e-8	1.011606668197612e-9	3.959845868223175e-5
287.0	2.236178647857339e-8	1.6918877234442668e-9	3.849936119875298e-6	1.132643450998497e-8	1.0119071881422125e-9	3.959845874072729e-5
288.0	2.241799944552367e-8	1.6925266672771617e-9	3.849936378694599e-6	1.1324244197146688e-8	1.0120531795838505e-9	3.959845845067032e-5
289.0	2.246171479739239e-8	1.6928316170080673e-9	3.8499353272714394e-6	1.1326106351559742e-8	1.0119787538056085e-9	3.959845859867306e-5
290.0	2.2438513688897637e-8	1.6932303700054484e-9	3.849935446349167e-6	1.1325529092071067e-8	1.0119648948646278e-9	3.959845821485125e-5
291.0	2.2370754092370286e-8	1.695201293205244e-9	3.84993588514879e-6	1.1326289949475518e-8	1.011729193283434e-9	3.959845840090954e-5
292.0	2.238836833479403e-8	1.6941803629496659e-9	3.849936253088609e-6	1.1326630657828171e-8	1.0118967121342581e-9	3.9598458069704146e-5
293.0	2.2412701467556834e-8	1.695816324680683e-9	3.849936001658126e-6	1.1326421809217724e-8	1.0118530889236137e-9	3.95984583042882e-5
294.0	2.2396032445456435e-8	1.6943658217378573e-9	3.849936943116653e-6	1.132854786705059e-8	1.0121687371725788e-9	3.959845818638209e-5
295.0	2.2422129688495864e-8	1.693473396351483e-9	3.849936151115569e-6	1.1327183365011026e-8	1.0119946478554863e-9	3.959845836285147e-5
296.0	2.239976646693333e-8	1.6928499983082366e-9	3.849935251966319e-6	1.1330461622779377e-8	1.0117242780775642e-9	3.959845824446967e-5
297.0	2.2408272966829593e-8	1.6917039416954568e-9	3.849935646094306e-6	1.1328025322800632e-8	1.0112770353883327e-9	3.959845835484517e-5
298.0	2.236311817303652e-8	1.694603962231548e-9	3.849935655840584e-6	1.1331422967454713e-8	1.0105837784489089e-9	3.959845819213287e-5
299.0	2.2398249645057133e-8	1.6932133776236058e-9	3.849935910389783e-6	1.1328958542477291e-8	1.0104887345486848e-9	3.959845840960498e-5
300.0	2.246632813080165e-8	1.696560494941192e-9	3.849936350784964e-6	1.1332672829870251e-8	1.010134650038549e-9	3.9598458136926226e-5
301.0	2.243983373289564e-8	1.696800312186724e-9	3.849936982735924e-6	1.1330004438867985e-8	1.010596766339356e-9	3.959845836258629e-5
302.0	2.2381444651926418e-8	1.6951000356090197e-9	3.849935344504417e-6	1.1333089934165187e-8	1.0106119343907692e-9	3.959845820429636e-5
303.0	2.2347455501849555e-8	1.695180907892257e-9	3.84993522041065e-6	1.1330676472045622e-8	1.0109957609497064e-9	3.959845827107747e-5
304.0	2.2427143134056036e-8	1.6943477971943295e-9	3.849935758357534e-6	1.1331270551311985e-8	1.0109083540898716e-9	3.959845841392847e-5
305.0	2.2481099154387583e-8	1.6942771639480417e-9	3.849935617509507e-6	1.1327836484812348e-8	1.010854183663272e-9	3.959845837565073e-5
306.0	2.2416473456059065e-8	1.6943139792744177e-9	3.849935977195856e-6	1.1326891766235771e-8	1.010779884583726e-9	3.9598458717271866e-5
307.0	2.2376168584642607e-8	1.6947450610307438e-9	3.849936364842407e-6	1.1324887682582888e-8	1.0104984915815828e-9	3.959845865419045e-5
308.0	2.2370908923690024e-8	1.6965813353526155e-9	3.849936035713536e-6	1.13236582075297e-8	1.0106491336035084e-9	3.959845905803943e-5
309.0	2.2437917381939797e-8	1.6980454370594102e-9	3.849935516067103e-6	1.1324623358464336e-8	1.0107683955685525e-9	3.959845901853482e-5
310.0	2.245235587644857e-8	1.6980949236768551e-9	3.849935401644983e-6	1.1323878151213286e-8	1.0110076967030625e-9	3.95984592543382e-5
311.0	2.239166607457594e-8	1.6967730090683114e-9	3.849936109908642e-6	1.1327276932499296e-8	1.0114136299583746e-9	3.959845923644806e-5
312.0	2.2399509874435374e-8	1.6950469785439698e-9	3.849936570142453e-6	1.1327750298114477e-8	1.0117362827241051e-9	3.959845917038817e-5
313.0	2.23691235218518e-8	1.694922967030753e-9	3.849935749768996e-6	1.1331834344836594e-8	1.0119979518763498e-9	3.959845909572579e-5
314.0	2.2435898188576656e-8	1.694386256175421e-9	3.849935576709851e-6	1.1332823847510356e-8	1.01218008061584e-9	3.959845905479481e-5
315.0	2.2393429997129437e-8	1.6959867038797515e-9	3.84993588646943e-6	1.1335201341871024e-8	1.0121590577523727e-9	3.9598458978323375e-5
316.0	2.2421583865266403e-8	1.6993084187256073e-9	3.849935907434649e-6	1.133446598875313e-8	1.0122280674589804e-9	3.959845904215741e-5
317.0	2.2403009349461887e-8	1.6980171705996134e-9	3.849935843692928e-6	1.1335151090638865e-8	1.0120505913716807e-9	3.959845909771026e-5
318.0	2.238564612132677e-8	1.7007219947556533e-9	3.84993627797031e-6	1.1332120880452378e-8	1.0120164320549762e-9	3.959845937672048e-5
319.0	2.2388036870709847e-8	1.6992080206229274e-9	3.849936633502293e-6	1.1331034087133538e-8	1.0118816149897337e-9	3.959845957281339e-5
320.0	2.240232968612014e-8	1.698369963890691e-9	3.849935625035906e-6	1.1328077763296758e-8	1.0116959410759972e-9	3.959845973226496e-5
321.0	2.2461258151849262e-8	1.6969158375888285e-9	3.84993559140626e-6	1.132540096679618e-8	1.01154160702346e-9	3.959845987390573e-5
322.0	2.2419823588041776e-8	1.6965538464763943e-9	3.8499362100047815e-6	1.1324337109880501e-8	1.0112558877311732e-9	3.959845968002533e-5
323.0	2.2374019317437315e-8	1.6978661111343056e-9	3.849936508343464e-6	1.132230938267588e-8	1.0112923917589828e-9	3.959845970406808e-5
324.0	2.237681123028514e-8	1.6988279438102455e-9	3.849935804720006e-6	1.1324054737470253e-8	1.0109942501084636e-9	3.959845950918893e-5
325.0	2.2463498680630966e-8	1.700563230911479e-9	3.849935662399647e-6	1.1324498574618988e-8	1.011143468959494e-9	3.9598459561664374e-5
326.0	2.2447828612505712e-8	1.7008334360548926e-9	3.8499363294943176e-6	1.1327604795132421e-8	1.0110230476972272e-9	3.95984594759302e-5
327.0	2.23988908235458e-8	1.6997282920252784e-9	3.849935820664712e-6	1.1330186163325302e-8	1.0110004990771757e-9	3.959845968304042e-5
328.0	2.2337490058663064e-8	1.6988603321272406e-9	3.849935852704484e-6	1.1332179890466604e-8	1.0110583698877743e-9	3.9598459775606425e-5
329.0	2.2441857253789362e-8	1.6971984134643733e-9	3.84993609138253e-6	1.1333114300924348e-8	1.0107405045007364e-9	3.959846003979981e-5
330.0	2.2465608106042624e-8	1.6963487936840147e-9	3.849935865377672e-6	1.1334247131853106e-8	1.010682895851553e-9	3.959846014368573e-5
331.0	2.238961290799505e-8	1.6985963144432784e-9	3.8499353288192134e-6	1.1334012543807612e-8	1.0102202926931718e-9	3.9598459944228296e-5
332.0	2.2362305729433854e-8	1.6990126730999563e-9	3.849935470473346e-6	1.1333082880973813e-8	1.0104283579980899e-9	3.959846004481e-5
333.0	2.239805273655916e-8	1.7000427383353094e-9	3.849936298436703e-6	1.1332497474978963e-8	1.0102440888944543e-9	3.959845964193053e-5
334.0	2.2447388961495276e-8	1.7011941291320437e-9	3.8499357618071925e-6	1.1329433847311334e-8	1.0109713301606877e-9	3.959845989957933e-5
335.0	2.2397132316593434e-8	1.6998904759567342e-9	3.849935910528946e-6	1.133071402512906e-8	1.0111057571765056e-9	3.9598459361770474e-5
336.0	2.234113282545034e-8	1.7006722172472786e-9	3.84993526439957e-6	1.1327598353748366e-8	1.011523518142362e-9	3.9598459501762855e-5
337.0	2.2420341417050953e-8	1.6979795357286192e-9	3.849936008484652e-6	1.1330780384370416e-8	1.0118155128716081e-9	3.959845909523929e-5
338.0	2.242503226504004e-8	1.6981508153387873e-9	3.849935691628143e-6	1.1328760096992667e-8	1.0116123221037105e-9	3.959845912669924e-5
339.0	2.239025476192256e-8	1.699077241150834e-9	3.849936186461766e-6	1.1331208508927311e-8	1.0120337241731079e-9	3.959845904522166e-5
340.0	2.2364148064561723e-8	1.7000604802834685e-9	3.849936053158876e-6	1.1331055401601875e-8	1.0114821196514117e-9	3.9598458968149676e-5
341.0	2.2407798562966012e-8	1.7013708662578591e-9	3.849935844989836e-6	1.1331684442768815e-8	1.0117944451310706e-9	3.9598459108986054e-5
342.0	2.2457517368273762e-8	1.7013150438548845e-9	3.849935555099763e-6	1.1330701288756392e-8	1.0112948628908375e-9	3.9598458892883446e-5
343.0	2.238219818604775e-8	1.7010986767253954e-9	3.849935580837574e-6	1.1330844243610159e-8	1.0114029758375052e-9	3.959845906156029e-5
344.0	2.2372374851518288e-8	1.7007326602111662e-9	3.8499365571383956e-6	1.1329942914016059e-8	1.0116000928229655e-9	3.95984587016203e-5
345.0	2.24330223972468e-8	1.7006536762355345e-9	3.849936193714227e-6	1.1329087793481306e-8	1.011573256592045e-9	3.95984589416966e-5
346.0	2.2467095317346954e-8	1.6998080458357244e-9	3.84993586190463e-6	1.1328914001280994e-8	1.0123526824508667e-9	3.9598458629032846e-5
347.0	2.2407558692791198e-8	1.7006087324473548e-9	3.849935896701909e-6	1.1326581527966778e-8	1.011916953588176e-9	3.9598458601276436e-5
348.0	2.2384853128729805e-8	1.7007780117212876e-9	3.849935566953848e-6	1.1328757993493315e-8	1.0123008032109927e-9	3.95984583466383e-5
349.0	2.242080526059848e-8	1.7010148841364057e-9	3.8499354110304415e-6	1.132608087999728e-8	1.0115590332144222e-9	3.9598458327878406e-5
350.0	2.2486738644724515e-8	1.7020913970568106e-9	3.849936043675999e-6	1.133079543701786e-8	1.0113860058710777e-9	3.959845820007314e-5
351.0	2.242304008267774e-8	1.7021975507810242e-9	3.849936266749978e-6	1.132988728794571e-8	1.0110259278735524e-9	3.959845854736461e-5
352.0	2.242409647352343e-8	1.7013713151623057e-9	3.8499353765957706e-6	1.1333951214347314e-8	1.0107308683917916e-9	3.959845841012312e-5
353.0	2.2420820010591407e-8	1.700786988072781e-9	3.849936217114688e-6	1.1334121584928915e-8	1.0107909910760756e-9	3.959845864122005e-5
354.0	2.2455106426291167e-8	1.7020724774618184e-9	3.849935589444302e-6	1.1336167914646894e-8	1.0107422041314949e-9	3.959845847765757e-5
355.0	2.2436613056430874e-8	1.7010591438131355e-9	3.849935469180218e-6	1.1335130916272837e-8	1.0109438560833447e-9	3.9598458390416834e-5
356.0	2.2429059190518238e-8	1.7003254086284513e-9	3.8499359956830495e-6	1.1335003251806315e-8	1.011154699831417e-9	3.9598458589799994e-5
357.0	2.2451495368317285e-8	1.702476704980656e-9	3.849936022084493e-6	1.1333142968226537e-8	1.011170063904019e-9	3.959845827033207e-5
358.0	2.2431868147402374e-8	1.7016916547716191e-9	3.849935715457446e-6	1.1330718411295739e-8	1.0114206950132112e-9	3.959845882469867e-5
359.0	2.2423030703997238e-8	1.7025243895558068e-9	3.849935672344099e-6	1.1328906973304973e-8	1.011193668661241e-9	3.9598458485739747e-5
360.0	2.2447136449044015e-8	1.7016971377746043e-9	3.849936218785875e-6	1.1326375061499863e-8	1.0113773946483392e-9	3.9598458953030713e-5
361.0	2.245818581015752e-8	1.7028200423328672e-9	3.849935842593398e-6	1.1328071922440146e-8	1.0112290830826057e-9	3.959845885341763e-5
362.0	2.2432786130998805e-8	1.7022491892162616e-9	3.849935496598349e-6	1.1326222954310125e-8	1.0113365888668613e-9	3.9598459155085897e-5
363.0	2.2410505961098208e-8	1.7030036020176e-9	3.849935727637207e-6	1.1330680841652542e-8	1.0115429603866254e-9	3.95984592175262e-5
364.0	2.2436744535925613e-8	1.7033996258381776e-9	3.849935977967042e-6	1.1329919366729406e-8	1.011314919921666e-9	3.9598459210412794e-5
365.0	2.2473608870712293e-8	1.703581526331251e-9	3.849935465993439e-6	1.1333871448402088e-8	1.0117403163324003e-9	3.9598459299517354e-5
366.0	2.2430558642628464e-8	1.7048670466816523e-9	3.849935412664408e-6	1.1333543195112846e-8	1.0114886681288573e-9	3.95984591679362e-5
367.0	2.2417121300288324e-8	1.7046096909693984e-9	3.8499361814963825e-6	1.133523233707399e-8	1.0117073832331768e-9	3.959845936144587e-5
368.0	2.2430711540311803e-8	1.7057436562680735e-9	3.849936071075263e-6	1.1334458141859417e-8	1.011698805471525e-9	3.9598459230023755e-5
369.0	2.247240856733094e-8	1.7039196244592825e-9	3.849935378441158e-6	1.1332997424039386e-8	1.0115167731132164e-9	3.95984594533702e-5
370.0	2.2435017893307897e-8	1.7044121296860422e-9	3.849935417461903e-6	1.1331632155516209e-8	1.0118161399423944e-9	3.9598459382984746e-5
371.0	2.242170840072036e-8	1.7045436990240867e-9	3.849935804366977e-6	1.1328457504879137e-8	1.0113767122460428e-9	3.9598459552469784e-5
372.0	2.244588325789201e-8	1.7031945650678509e-9	3.849935570970223e-6	1.1327447647403042e-8	1.0118143406633965e-9	3.9598459441174175e-5
373.0	2.2456906492120756e-8	1.7039250604998672e-9	3.849935736950092e-6	1.132546267420182e-8	1.011259709994231e-9	3.9598459542997015e-5
374.0	2.2437915750139166e-8	1.7051763678942034e-9	3.849936143888467e-6	1.13277645565684e-8	1.0115714087534383e-9	3.9598459239122495e-5
375.0	2.243342452574629e-8	1.7062830946016313e-9	3.849935961418073e-6	1.1327809977893242e-8	1.0111628924123646e-9	3.959845934968369e-5
376.0	2.2448403198885397e-8	1.7057630372401096e-9	3.8499358832559e-6	1.1331391037657548e-8	1.0110931154711894e-9	3.9598458949438074e-5
377.0	2.2448307201229702e-8	1.7073250791017728e-9	3.8499351395025504e-6	1.1332145404737515e-8	1.0111458082318327e-9	3.959845897388418e-5
378.0	2.240466085426228e-8	1.7054970639364329e-9	3.849935982159708e-6	1.1335922170897086e-8	1.0108343091216091e-9	3.9598458975733934e-5
379.0	2.244701153425041e-8	1.7051012055495636e-9	3.8499359752862115e-6	1.133628991207498e-8	1.011359846284673e-9	3.959845906610183e-5
380.0	2.247204926949641e-8	1.7051811009862967e-9	3.849935617320574e-6	1.1338127700378094e-8	1.0108826828044244e-9	3.959845926421858e-5
381.0	2.2443944522111384e-8	1.7056486259611148e-9	3.849935297322502e-6	1.133754447632507e-8	1.011305336743723e-9	3.959845927914808e-5
382.0	2.2420474799183425e-8	1.7060810696111548e-9	3.849935881562898e-6	1.1334806074494843e-8	1.0108617808313552e-9	3.9598459481739856e-5
383.0	2.241579032526458e-8	1.7070562760380481e-9	3.849935916318074e-6	1.1333411584593323e-8	1.0109663113412868e-9	3.959845929784922e-5
384.0	2.2465831703622924e-8	1.7084868513098738e-9	3.8499356248096574e-6	1.1327847651118374e-8	1.0110347640857605e-9	3.9598459453690055e-5
385.0	2.2460813088141774e-8	1.7081983253114724e-9	3.849936033317562e-6	1.1327551474636973e-8	1.0109718361687674e-9	3.9598459348867716e-5
386.0	2.241699008003138e-8	1.7085920711108716e-9	3.849935953817338e-6	1.1323144605559871e-8	1.0114864130089012e-9	3.9598459360469106e-5
387.0	2.2436652690772203e-8	1.707703798429236e-9	3.849935162983883e-6	1.1325236441218704e-8	1.011173168524439e-9	3.9598459448469534e-5
388.0	2.2446631342991666e-8	1.707067394884804e-9	3.849935144492764e-6	1.1324694296765789e-8	1.0116636978001762e-9	3.959845907700862e-5
389.0	2.2440985821236847e-8	1.7070238888613961e-9	3.849935744736682e-6	1.1327564574320374e-8	1.011354402918467e-9	3.959845924649908e-5
390.0	2.2463318749142077e-8	1.7084170975356018e-9	3.8499360968057315e-6	1.1329056102789379e-8	1.0115158590025596e-9	3.9598458540927345e-5
391.0	2.2437509254271278e-8	1.708831201075479e-9	3.849935813114664e-6	1.1332942222950992e-8	1.0115726263542552e-9	3.959845891566607e-5
392.0	2.2450389441206837e-8	1.7092872921181057e-9	3.849935970665644e-6	1.133419403081891e-8	1.011590789406139e-9	3.959845817201419e-5
393.0	2.2412916995033777e-8	1.709809654709166e-9	3.849935736747018e-6	1.1336433282583518e-8	1.011774977725474e-9	3.959845841935138e-5
394.0	2.24354387768893e-8	1.7106442404628269e-9	3.849935373640302e-6	1.1337058812392365e-8	1.0116079738446185e-9	3.959845806466956e-5
395.0	2.246603762121977e-8	1.7093856357003866e-9	3.849935675556761e-6	1.1334990726474889e-8	1.0118231043983454e-9	3.959845807909221e-5
396.0	2.2443172764722302e-8	1.7100565334467217e-9	3.84993527778814e-6	1.1334484202770065e-8	1.0116947798513623e-9	3.9598458240728805e-5
397.0	2.2416988168224288e-8	1.7095729498000368e-9	3.849935572352687e-6	1.1328728512027755e-8	1.0120091366406737e-9	3.9598457968922594e-5
398.0	2.244280808605916e-8	1.709550297726915e-9	3.84993536433246e-6	1.1329414978890703e-8	1.0120145047381057e-9	3.9598458420176544e-5
399.0	2.2475241717344777e-8	1.7097911190993661e-9	3.849935692500271e-6	1.1322742711725335e-8	1.0120675205336396e-9	3.959845810905431e-5
400.0	2.2450077039009878e-8	1.7110225720698729e-9	3.849936289996194e-6	1.132554761256459e-8	1.0119395262004806e-9	3.9598458430557285e-5
401.0	2.2415976970827295e-8	1.7124563625820675e-9	3.849935996670609e-6	1.1322173925510031e-8	1.0114175847485411e-9	3.959845818849677e-5
402.0	2.243288938495121e-8	1.7103014089827164e-9	3.8499352320004795e-6	1.1325167692841686e-8	1.0114156993258086e-9	3.959845833718974e-5
403.0	2.245954690938108e-8	1.7119499830607424e-9	3.849934965644084e-6	1.132645282774075e-8	1.011025876331855e-9	3.95984582697668e-5
404.0	2.242671543181427e-8	1.7117467413941668e-9	3.849935311811393e-6	1.1330210031542541e-8	1.011381878899271e-9	3.9598458332739826e-5
405.0	2.2416146168853342e-8	1.70981851672055e-9	3.849935304980713e-6	1.1333214618242306e-8	1.0115583280040605e-9	3.95984584516221e-5
406.0	2.2432087435938427e-8	1.7120484588209614e-9	3.849936030009768e-6	1.1336341319152999e-8	1.0118843172816759e-9	3.959845849981962e-5
407.0	2.2460596521586748e-8	1.7111954059571873e-9	3.849936585598994e-6	1.1337724718015723e-8	1.0117015314196867e-9	3.959845867797471e-5
408.0	2.2426840636707726e-8	1.7106106610134991e-9	3.849935414561987e-6	1.133802751156793e-8	1.0115453126587091e-9	3.9598458653765916e-5
409.0	2.2411508385302087e-8	1.7125490050722599e-9	3.849935119211489e-6	1.133699344719785e-8	1.0109585079637102e-9	3.9598459031564274e-5
410.0	2.2464600298457748e-8	1.7128864578631952e-9	3.849935134017013e-6	1.1333303348897077e-8	1.0107261119680016e-9	3.9598458942761415e-5
411.0	2.245550132008787e-8	1.7127353287693324e-9	3.849935585244653e-6	1.1333425185489559e-8	1.0107277505544211e-9	3.959845926358635e-5
412.0	2.2435829303968912e-8	1.7129519447901708e-9	3.84993557792203e-6	1.1326854104105381e-8	1.0109094043937539e-9	3.959845928780787e-5
413.0	2.23970586460038e-8	1.7147251439048335e-9	3.849935575376046e-6	1.1328253986366319e-8	1.011319989805866e-9	3.959845939461453e-5
414.0	2.2468631602631426e-8	1.7122615132098305e-9	3.849936031295022e-6	1.1323986597254786e-8	1.0114886012732956e-9	3.959845957588066e-5
415.0	2.2493907099248888e-8	1.7121073931901274e-9	3.849935970255887e-6	1.1325135876221725e-8	1.011505617108966e-9	3.959845946105107e-5
416.0	2.2428460301321888e-8	1.7136109326399157e-9	3.8499353549611015e-6	1.1324810710701459e-8	1.0112669389297873e-9	3.959845956075826e-5
417.0	2.2419393566823324e-8	1.7115414017337241e-9	3.849935568050839e-6	1.132651433360119e-8	1.0110660006383856e-9	3.959845950433576e-5
418.0	2.243148525465216e-8	1.7128254549877762e-9	3.84993589378132e-6	1.1329317829969416e-8	1.0108937587610532e-9	3.959845956285493e-5
419.0	2.2484456066026137e-8	1.7134841018575966e-9	3.849935222264128e-6	1.133167412836685e-8	1.0111882137708194e-9	3.959845972648754e-5
420.0	2.246300201394996e-8	1.7141613896442836e-9	3.849935722677611e-6	1.1334173826737167e-8	1.0111740291003835e-9	3.959845965761612e-5
421.0	2.242316526897556e-8	1.7134000527673246e-9	3.849936471990769e-6	1.1335915187127793e-8	1.0115445465517026e-9	3.959846001811344e-5
422.0	2.2443716275585228e-8	1.7152019056068567e-9	3.849935930962216e-6	1.1336260097614383e-8	1.011443196350106e-9	3.95984597234309e-5
423.0	2.2439246430702637e-8	1.7150448323353498e-9	3.849935168809642e-6	1.1335242166580634e-8	1.011381350200326e-9	3.9598459994066224e-5
424.0	2.244330302218987e-8	1.7133293460887587e-9	3.849935764987246e-6	1.1335173894887315e-8	1.0115276102131481e-9	3.959845981224944e-5
425.0	2.2466230696994972e-8	1.7146014849022557e-9	3.849935308837566e-6	1.1330959545876597e-8	1.011081041885076e-9	3.9598459878189596e-5
426.0	2.245741993168086e-8	1.7128423729028914e-9	3.849935256299584e-6	1.1330853888789375e-8	1.0115612400010428e-9	3.95984599002214e-5
427.0	2.2460436201906258e-8	1.7151070231540962e-9	3.849936104414246e-6	1.1327691082474466e-8	1.0109638405327938e-9	3.9598459583668244e-5
428.0	2.2411564265613252e-8	1.7136268000411597e-9	3.849936224686597e-6	1.1326629133161039e-8	1.0112463442029053e-9	3.959845971626011e-5
429.0	2.2464252362027754e-8	1.7155346977138182e-9	3.84993520822322e-6	1.1326852149504629e-8	1.0109031899677005e-9	3.959845941675681e-5
430.0	2.2490574817810267e-8	1.7146768808107092e-9	3.849935629304011e-6	1.1325840565529225e-8	1.0110381562284151e-9	3.959845956621503e-5
431.0	2.245888838284584e-8	1.7157150360105232e-9	3.849935831108406e-6	1.1329238196592335e-8	1.0112110365886672e-9	3.959845964889729e-5
432.0	2.244613419476476e-8	1.7171422759492373e-9	3.849935227463316e-6	1.1329007204951769e-8	1.0111247845978672e-9	3.959845965753869e-5
433.0	2.2433583575977825e-8	1.7157148568878847e-9	3.8499358332607956e-6	1.1332593213883336e-8	1.0116209724696946e-9	3.959845980236311e-5
434.0	2.2470629682333572e-8	1.7165338013656645e-9	3.849936219263172e-6	1.1333100341484574e-8	1.0110027560712488e-9	3.959845961817769e-5
435.0	2.2477976948191895e-8	1.7161883971017204e-9	3.849936102785005e-6	1.1335348087700799e-8	1.0112899329707214e-9	3.959845948584045e-5
436.0	2.2454631500384488e-8	1.7163611436055702e-9	3.8499353625521794e-6	1.1334106662678292e-8	1.010892547998699e-9	3.959845938166394e-5
437.0	2.246233207489588e-8	1.7144583347181523e-9	3.849935848212766e-6	1.1335474946280012e-8	1.0110865681318352e-9	3.959845901504975e-5
438.0	2.2468059939119992e-8	1.715966895068681e-9	3.849935702750817e-6	1.1332528294451734e-8	1.0114485697602803e-9	3.9598459376566804e-5
439.0	2.2441079455671956e-8	1.7158470331394838e-9	3.849935225840272e-6	1.133286997457307e-8	1.0115071151889734e-9	3.959845885892684e-5
440.0	2.24724024752947e-8	1.716465320364544e-9	3.849935739382186e-6	1.1329747321276702e-8	1.0119564889752543e-9	3.9598459284083864e-5
441.0	2.247332320809453e-8	1.7179415095404533e-9	3.849935967180125e-6	1.1328477067725448e-8	1.011695170468787e-9	3.959845872687872e-5
442.0	2.249381511845576e-8	1.7170411235080727e-9	3.849935608688558e-6	1.1327680773750859e-8	1.0118577956717497e-9	3.9598458921255384e-5
443.0	2.2445087088815545e-8	1.7171121017881156e-9	3.849935335019311e-6	1.1325013994115182e-8	1.0116219092851291e-9	3.959845855518758e-5
444.0	2.2436851595997604e-8	1.7177210415689799e-9	3.849936007200487e-6	1.1327461866427437e-8	1.0116942359607314e-9	3.959845861203604e-5
445.0	2.2486736726597915e-8	1.716897677462899e-9	3.849935865910707e-6	1.1325522895665033e-8	1.011791391875143e-9	3.959845865263239e-5
446.0	2.24912138580665e-8	1.7183718528050324e-9	3.849935474472047e-6	1.1330236546523515e-8	1.0116887694173345e-9	3.9598458610704245e-5
447.0	2.24699935040605e-8	1.7170918182808231e-9	3.8499354142430715e-6	1.1329564145722082e-8	1.0119740919371511e-9	3.959845881680407e-5
448.0	2.244436805555238e-8	1.7177601275529684e-9	3.84993562277993e-6	1.1334337486684881e-8	1.0116152074823174e-9	3.9598458727389187e-5
449.0	2.2479515261012585e-8	1.7174665575655889e-9	3.849935707164135e-6	1.1332662499819457e-8	1.011715985568707e-9	3.959845899237867e-5
450.0	2.2502603107808758e-8	1.7179203987934857e-9	3.8499358698339105e-6	1.1336705372325087e-8	1.0113965081099134e-9	3.959845886239064e-5
451.0	2.245301857795874e-8	1.7171544404864797e-9	3.8499363213257995e-6	1.133362251773622e-8	1.011167112341018e-9	3.9598459018399214e-5
452.0	2.247018556670206e-8	1.7177497643627927e-9	3.849936044708204e-6	1.1335752793803741e-8	1.0110552581287853e-9	3.9598458909289315e-5
453.0	2.247415138360136e-8	1.7190777249612662e-9	3.8499355225527585e-6	1.133281882908268e-8	1.0105846542660472e-9	3.959845895570767e-5
454.0	2.248623531092391e-8	1.7195688046940412e-9	3.849935070419603e-6	1.1332194151045407e-8	1.0106969195459847e-9	3.9598458908949466e-5
455.0	2.2479970212850758e-8	1.7198221495804654e-9	3.849935297645635e-6	1.1330346298219308e-8	1.0103392279581615e-9	3.959845897182865e-5
456.0	2.2446172046699874e-8	1.719303414696599e-9	3.84993600894974e-6	1.1328331917525653e-8	1.0104364002393782e-9	3.959845888825759e-5
457.0	2.2523811753384908e-8	1.7194603499151274e-9	3.84993600406601e-6	1.1328246783872812e-8	1.0104446847069344e-9	3.9598458947036146e-5
458.0	2.2484640962232866e-8	1.718302711017878e-9	3.849935940933873e-6	1.1327192153093514e-8	1.0106480427808983e-9	3.959845892815219e-5
459.0	2.2488728511858714e-8	1.7197263629844678e-9	3.849935976156239e-6	1.1329299291430407e-8	1.0108188497517588e-9	3.959845902245916e-5
460.0	2.249560518174234e-8	1.7191052617196302e-9	3.849936238863633e-6	1.132919380781629e-8	1.0108770337185118e-9	3.959845895994956e-5
461.0	2.251091884456607e-8	1.720039683017053e-9	3.84993482390861e-6	1.1333062859442563e-8	1.0111690793570106e-9	3.959845899220953e-5
462.0	2.2487005374616557e-8	1.7203298720459967e-9	3.84993548566646e-6	1.1331624382514736e-8	1.0109429057759176e-9	3.959845896835167e-5
463.0	2.2479306941733964e-8	1.7201491146044129e-9	3.849936168729512e-6	1.1336044070253585e-8	1.0112258026775774e-9	3.9598459148409346e-5
464.0	2.250027566611311e-8	1.7203216329992644e-9	3.8499359378110785e-6	1.1333814158813557e-8	1.011286378689548e-9	3.959845923381455e-5
465.0	2.2567385765703798e-8	1.7198911847708753e-9	3.849935647055274e-6	1.1337320501243334e-8	1.011500560713819e-9	3.95984593782033e-5
466.0	2.2483188343377896e-8	1.7201849142237384e-9	3.849936497871856e-6	1.1334331722443065e-8	1.0117704036370332e-9	3.959845933752458e-5
467.0	2.2462639460266915e-8	1.7197672156144164e-9	3.84993610730063e-6	1.1334357281907329e-8	1.0119040083015408e-9	3.959845937145478e-5
468.0	2.249837325551543e-8	1.7197322373114995e-9	3.849935378822263e-6	1.1331422902153426e-8	1.0122704531619759e-9	3.9598459274952145e-5
469.0	2.2535507655168962e-8	1.7211873524536736e-9	3.849935580230697e-6	1.1329350890377426e-8	1.0122433690605858e-9	3.959845924406094e-5
470.0	2.252092918784734e-8	1.7212568774042773e-9	3.849935856777223e-6	1.1326467887904064e-8	1.0125424780001285e-9	3.959845917769761e-5
471.0	2.2462303851836974e-8	1.7217187353757877e-9	3.849935594710508e-6	1.1324888198626956e-8	1.012412851475511e-9	3.9598459273027855e-5
472.0	2.2500417963561765e-8	1.7218700560574308e-9	3.849935782887232e-6	1.132410827062471e-8	1.0123712169628194e-9	3.959845919237083e-5
473.0	2.251568176421472e-8	1.7212098029000866e-9	3.849936033621225e-6	1.1324558224591769e-8	1.0121681122238857e-9	3.9598459096082035e-5
474.0	2.2499884456673323e-8	1.721837219966763e-9	3.84993583615862e-6	1.1326046829887973e-8	1.0116788862447371e-9	3.959845911330662e-5
475.0	2.251121855624021e-8	1.7210499461953407e-9	3.84993562492206e-6	1.1327466491101754e-8	1.0116851421064414e-9	3.9598458750682335e-5
476.0	2.252150683290663e-8	1.7197883986136126e-9	3.849935558506773e-6	1.1330612206610936e-8	1.0112423188561892e-9	3.959845901887369e-5
477.0	2.252365536567041e-8	1.7215181139098624e-9	3.849935542048428e-6	1.1333406500433588e-8	1.0116166781403156e-9	3.959845860701557e-5
478.0	2.2476644902527656e-8	1.7194198651846891e-9	3.8499361454512995e-6	1.1335895657878492e-8	1.0113591631232986e-9	3.9598458781169226e-5
479.0	2.2485269650741362e-8	1.7211550556008184e-9	3.8499359528758415e-6	1.1338424791566978e-8	1.01161152935169e-9	3.959845872946834e-5
480.0	2.256990395715636e-8	1.720868289777052e-9	3.849935649953247e-6	1.1338107493375135e-8	1.0115407798521536e-9	3.959845881690252e-5
481.0	2.2535051516874022e-8	1.7213752784517644e-9	3.849935444732702e-6	1.1338608195197504e-8	1.0111859218052827e-9	3.959845896260396e-5
482.0	2.2486904716295146e-8	1.7226054661821096e-9	3.849935803363775e-6	1.133606378297263e-8	1.0112808682796914e-9	3.959845918112232e-5
483.0	2.2459324356016544e-8	1.7212110343598057e-9	3.849935741264013e-6	1.1334032920121845e-8	1.0106916200101426e-9	3.959845921699017e-5
484.0	2.2543629973980916e-8	1.7224824615729563e-9	3.849936145084993e-6	1.133072329384727e-8	1.0110524304477475e-9	3.959845956020806e-5
485.0	2.2563294593338148e-8	1.7225600470734916e-9	3.849936594090304e-6	1.1328253455945292e-8	1.0107246619853973e-9	3.959845936568465e-5
486.0	2.25196562833448e-8	1.7214291819554878e-9	3.849936058486542e-6	1.1325611095783961e-8	1.0113734870772494e-9	3.959845968240517e-5
487.0	2.2477840927607744e-8	1.7225632139772258e-9	3.849934939869593e-6	1.1325130604135588e-8	1.0113963250417219e-9	3.9598459479994216e-5
488.0	2.2511753187048903e-8	1.7226906848911997e-9	3.849935487269894e-6	1.1324493921033523e-8	1.0115111629734198e-9	3.9598459457199753e-5
489.0	2.2529063928205087e-8	1.7230180909888083e-9	3.849935989823266e-6	1.1324992696228359e-8	1.012012971425506e-9	3.959845949327165e-5
490.0	2.2544025239097653e-8	1.7233804398391742e-9	3.8499358396426704e-6	1.1327422409457811e-8	1.0112919897138705e-9	3.959845900752449e-5
491.0	2.2508080354390166e-8	1.7244390472063052e-9	3.849936179091811e-6	1.1327750781946797e-8	1.0118923535442065e-9	3.9598459298263135e-5
492.0	2.2521375998403493e-8	1.7242704724207473e-9	3.849936489861767e-6	1.1333842355259988e-8	1.0110773453997733e-9	3.959845867107308e-5
493.0	2.2498428870274113e-8	1.723323871522295e-9	3.849935388228798e-6	1.1332461281079302e-8	1.0114834077171085e-9	3.959845894276939e-5
494.0	2.2492538796367787e-8	1.7230790665392213e-9	3.849934934188358e-6	1.1339007296761559e-8	1.0111560390716684e-9	3.959845850527997e-5
495.0	2.253140201100406e-8	1.7224206892554054e-9	3.849936251794017e-6	1.1336648355259028e-8	1.0111697949519366e-9	3.959845849567745e-5
496.0	2.253319012893364e-8	1.722761714428711e-9	3.849935865372654e-6	1.1339572534048283e-8	1.0115066835560644e-9	3.959845825929083e-5
497.0	2.2516986717535084e-8	1.7232214923338578e-9	3.849935316854317e-6	1.1335532662961307e-8	1.0111053930574957e-9	3.9598458170403265e-5
498.0	2.247415808136653e-8	1.7246126209144415e-9	3.849936008141681e-6	1.1336572086026996e-8	1.0116205005429856e-9	3.959845810181839e-5
499.0	2.249732465837267e-8	1.724812889223223e-9	3.849935962923092e-6	1.1330631618277805e-8	1.0111639677709602e-9	3.9598458141467915e-5
500.0	2.2548014222576246e-8	1.7257507487584335e-9	3.849935225968991e-6	1.1332010392340976e-8	1.0114467173535844e-9	3.9598458013449225e-5
501.0	2.253215834706751e-8	1.725918631372901e-9	3.849935791349479e-6	1.1326328471923006e-8	1.0113558692203812e-9	3.959845834158318e-5
502.0	2.250188138868041e-8	1.723893926547579e-9	3.849936506137071e-6	1.1327413264201432e-8	1.0113115551672101e-9	3.9598458175827366e-5
503.0	2.2502848277607807e-8	1.724481040400062e-9	3.849935167890866e-6	1.132531761102263e-8	1.0118637559324376e-9	3.959845863812425e-5
504.0	2.252155886037308e-8	1.7241039352657948e-9	3.849935789788225e-6	1.1324835283087175e-8	1.0116080684608103e-9	3.9598458581335526e-5
505.0	2.2555852868035277e-8	1.725120049525314e-9	3.84993601541211e-6	1.1328726425616322e-8	1.0122328278505177e-9	3.959845880004064e-5
506.0	2.2530598415647772e-8	1.7251853669323754e-9	3.849935978604525e-6	1.1326490121455287e-8	1.0120442019287092e-9	3.9598458972436455e-5
507.0	2.2526022917032868e-8	1.7271284438678815e-9	3.849935676647059e-6	1.1332963363432353e-8	1.0121369292187076e-9	3.959845876419908e-5
508.0	2.2503032771498887e-8	1.7263217626861967e-9	3.849936287327448e-6	1.1330955465757259e-8	1.0121949080485132e-9	3.9598459142749804e-5
509.0	2.25245524828895e-8	1.7253531248694494e-9	3.849935892574613e-6	1.1336124673435756e-8	1.0119483688117803e-9	3.9598458709052516e-5
510.0	2.252330161078592e-8	1.7252004421612074e-9	3.849935768708574e-6	1.1333337444823013e-8	1.0121864174527709e-9	3.959845913561298e-5
511.0	2.2545848048220798e-8	1.7244179986006907e-9	3.8499358639663404e-6	1.1336817581912631e-8	1.012023523058058e-9	3.959845877173718e-5
512.0	2.250648771813746e-8	1.724861520521238e-9	3.849935537759633e-6	1.1331740846581264e-8	1.0122462476064306e-9	3.959845911026679e-5
513.0	2.250268435481277e-8	1.7253993230653206e-9	3.849936115818572e-6	1.1334882859900571e-8	1.0120713926173392e-9	3.9598458967482566e-5
514.0	2.253457290075122e-8	1.7265753485950774e-9	3.849935545690471e-6	1.1328120877633006e-8	1.0118499226794643e-9	3.959845903045577e-5
515.0	2.2528231450952025e-8	1.7271742379413414e-9	3.849935704373342e-6	1.133184395961078e-8	1.011771213352605e-9	3.959845908388151e-5
516.0	2.2515211311895955e-8	1.72773620471763e-9	3.849935738250594e-6	1.1326887803803062e-8	1.0114382192581146e-9	3.959845904009699e-5
517.0	2.2508848194681134e-8	1.7259558872920073e-9	3.849935718791959e-6	1.1328701466457308e-8	1.0112809387619407e-9	3.959845919575045e-5
518.0	2.2512652199262727e-8	1.7242850168215748e-9	3.849935343315538e-6	1.1329029581426286e-8	1.0113122567658376e-9	3.959845936799414e-5
519.0	2.254632087061234e-8	1.7239957259904908e-9	3.8499360988614135e-6	1.1328576675862525e-8	1.0112175276744312e-9	3.959845938212362e-5
520.0	2.2519432845118157e-8	1.7236663218273094e-9	3.849935860159797e-6	1.1332220427848495e-8	1.0113897734698342e-9	3.9598459676321e-5
521.0	2.250273916511538e-8	1.7244767475818632e-9	3.849935855993772e-6	1.1331497354368226e-8	1.0113213450756317e-9	3.9598459475646444e-5
522.0	2.25269424945871e-8	1.7270437299175542e-9	3.849935662373641e-6	1.1335337319343386e-8	1.0115369847858962e-9	3.959845975788553e-5
523.0	2.251417151041006e-8	1.7281139601606614e-9	3.8499358226796574e-6	1.133375153980836e-8	1.0114019239631506e-9	3.9598459369289e-5
524.0	2.2511772156386677e-8	1.7287071620744152e-9	3.849935902065705e-6	1.133563440550902e-8	1.0114930355791126e-9	3.959845955536277e-5
525.0	2.2516601176817735e-8	1.7289407978078728e-9	3.849935778620949e-6	1.1332471981629364e-8	1.0117396923909099e-9	3.959845934590703e-5
526.0	2.2526157850650254e-8	1.7273880645200979e-9	3.849935522392543e-6	1.1332820585330932e-8	1.0114663053061894e-9	3.9598459474620145e-5
527.0	2.2523843408651128e-8	1.725123300955917e-9	3.849935878112135e-6	1.1327720799003154e-8	1.0121538886948199e-9	3.959845940376953e-5
528.0	2.248160227277488e-8	1.7260143289026624e-9	3.84993584012592e-6	1.1329622356421316e-8	1.0116224640705443e-9	3.959845945491727e-5
529.0	2.2519924188474672e-8	1.7243987896489794e-9	3.849936095231847e-6	1.1325581526845323e-8	1.0121720888583105e-9	3.9598459559325784e-5
530.0	2.2574865445050253e-8	1.72593535602692e-9	3.849935914053094e-6	1.1327796523962506e-8	1.0118073534957203e-9	3.959845950118161e-5
531.0	2.2544486393880762e-8	1.7280546552335344e-9	3.8499361243039285e-6	1.132710924012882e-8	1.0118806047767979e-9	3.959845963198879e-5
532.0	2.247682333616197e-8	1.7280681978113362e-9	3.849934883894818e-6	1.1328077696080053e-8	1.0120070246963478e-9	3.959845943622923e-5
533.0	2.249419115364203e-8	1.7286625271725114e-9	3.84993521615462e-6	1.1330840827447791e-8	1.0117680747685748e-9	3.959845968960373e-5
534.0	2.2551187435369794e-8	1.7274385740570285e-9	3.84993585885624e-6	1.1331181091219429e-8	1.0122279217701534e-9	3.959845935148165e-5
535.0	2.258121152362792e-8	1.7288203973145515e-9	3.8499361449226976e-6	1.1334893845615266e-8	1.011452776520423e-9	3.959845974368836e-5
536.0	2.249271979127282e-8	1.7262936018352437e-9	3.849936292576172e-6	1.1335312679794225e-8	1.0120127616183203e-9	3.959845925684522e-5
537.0	2.249437215593629e-8	1.7271298740866315e-9	3.849935991199317e-6	1.1336279993930598e-8	1.011121395985998e-9	3.959845962503544e-5
538.0	2.2512420054068087e-8	1.7275624775546486e-9	3.849935585523835e-6	1.1335771250090338e-8	1.0114200519526345e-9	3.9598459033369024e-5
539.0	2.2547057591934766e-8	1.7282492391542132e-9	3.84993520174051e-6	1.1333763680284994e-8	1.01122849638109e-9	3.95984593887187e-5
540.0	2.2530250473811474e-8	1.7285464536367414e-9	3.849935351786874e-6	1.1331298842029533e-8	1.0113673247195518e-9	3.959845881143629e-5
541.0	2.251687182047727e-8	1.7298056374932979e-9	3.849935460820596e-6	1.1329771198359887e-8	1.0116619507217025e-9	3.9598459023809756e-5
542.0	2.2537807614196455e-8	1.7302648258355751e-9	3.849936197982675e-6	1.1327114037820102e-8	1.0113135343808514e-9	3.959845861517577e-5
543.0	2.2492816647961278e-8	1.7298333846886632e-9	3.8499360359778095e-6	1.1326377703075826e-8	1.0118993161230684e-9	3.9598458633920436e-5
544.0	2.252186118680941e-8	1.7298654984800115e-9	3.849935403034601e-6	1.1326100111010496e-8	1.0112467891430065e-9	3.959845846967584e-5
545.0	2.253239182460793e-8	1.7298078155599627e-9	3.849936096182696e-6	1.1325231397361749e-8	1.0118955219657983e-9	3.9598458490832454e-5
546.0	2.256750603969205e-8	1.7294241012900273e-9	3.849935838970907e-6	1.1327742284940225e-8	1.0116258055901067e-9	3.9598458594428704e-5
547.0	2.2530196160474495e-8	1.7286493952927087e-9	3.849935175402276e-6	1.132745114138546e-8	1.0121162860000693e-9	3.9598458754948454e-5
548.0	2.2493380612027885e-8	1.7300777302380528e-9	3.8499352342339106e-6	1.1331964707076595e-8	1.0121957601408341e-9	3.959845893456634e-5
549.0	2.2522540217563676e-8	1.7300118130942162e-9	3.849936015764617e-6	1.133197171607669e-8	1.011972396237226e-9	3.95984589842311e-5
550.0	2.2547413070513593e-8	1.7320093119597335e-9	3.849936027183285e-6	1.1335065906090327e-8	1.0122779422421172e-9	3.9598458998167825e-5
551.0	2.2557145494709912e-8	1.7323172282006765e-9	3.8499354547674045e-6	1.1334375533444753e-8	1.0116274587502341e-9	3.959845901137914e-5
552.0	2.2516990575641082e-8	1.7322805755627834e-9	3.8499362639001946e-6	1.133396278627767e-8	1.0120876459675264e-9	3.959845895239371e-5
553.0	2.2513886427882977e-8	1.7321399870486815e-9	3.849936071573683e-6	1.133355875239585e-8	1.011738154794528e-9	3.9598458982470394e-5
554.0	2.253401452960707e-8	1.7304112076219836e-9	3.84993521512021e-6	1.133175325929627e-8	1.0120889507403101e-9	3.959845881372778e-5
555.0	2.2548820718055986e-8	1.730902141428185e-9	3.849935000920538e-6	1.1331538270802078e-8	1.0119469661031434e-9	3.959845893727071e-5
556.0	2.2539763541344768e-8	1.7312176417511866e-9	3.849936015743986e-6	1.1329430286112054e-8	1.0118008311504448e-9	3.959845879081505e-5
557.0	2.2551187697305317e-8	1.7302402589369204e-9	3.849935957822612e-6	1.1329278460705448e-8	1.0116672287864476e-9	3.959845882443471e-5
558.0	2.2537560578089294e-8	1.731937328550319e-9	3.849935269160592e-6	1.1327630073223694e-8	1.011410106752866e-9	3.959845894413653e-5
559.0	2.253013178269543e-8	1.7331026530888307e-9	3.849936121448237e-6	1.1328701459063155e-8	1.011527944542618e-9	3.9598458866850397e-5
560.0	2.2539098227266043e-8	1.7332121869975442e-9	3.849935871305965e-6	1.1327912795273737e-8	1.011401989271171e-9	3.9598459074227976e-5
561.0	2.2537368387542495e-8	1.7336452346973494e-9	3.84993524712776e-6	1.1330752066351063e-8	1.0116334417750787e-9	3.9598458922842446e-5
562.0	2.2544563110032337e-8	1.732965817229358e-9	3.8499354553726316e-6	1.133012481198483e-8	1.0115786742444947e-9	3.959845908049546e-5
563.0	2.2542238450578462e-8	1.731783101812429e-9	3.849936148893543e-6	1.1332301787857983e-8	1.0115554150013422e-9	3.959845912228995e-5
564.0	2.2529078297728876e-8	1.7324717347757374e-9	3.849936023599481e-6	1.1331390987548794e-8	1.011715408136067e-9	3.959845938576491e-5
565.0	2.2562264348664263e-8	1.7312872501829567e-9	3.849935270751946e-6	1.133193071252553e-8	1.0113397648781429e-9	3.959845939430548e-5
566.0	2.2511052224386074e-8	1.732579949294392e-9	3.849936027341957e-6	1.1331856323451856e-8	1.0118361035609678e-9	3.9598459681210525e-5
567.0	2.2532522593976524e-8	1.733772216417085e-9	3.8499355026947555e-6	1.1331140636720454e-8	1.011573318600116e-9	3.959845953550068e-5
568.0	2.2534809937011284e-8	1.73316338016588e-9	3.849935229968053e-6	1.133174727255451e-8	1.0120006102798905e-9	3.959845984370691e-5
569.0	2.2565951209595582e-8	1.7336099618189414e-9	3.849936179627046e-6	1.133053866863954e-8	1.0119591916070167e-9	3.9598459420186514e-5
570.0	2.2545265291438887e-8	1.73398016352559e-9	3.849935882150001e-6	1.1331344240164633e-8	1.0119569233468164e-9	3.9598459544568844e-5
571.0	2.2516241000586586e-8	1.7329941412440607e-9	3.849935333870011e-6	1.1330189471571288e-8	1.0121272142876405e-9	3.959845908050976e-5
572.0	2.2519962475924295e-8	1.732125870627475e-9	3.849935664774888e-6	1.1331473041522836e-8	1.011834563853518e-9	3.959845903005734e-5
573.0	2.2550166787384924e-8	1.7315836464538768e-9	3.849935458393016e-6	1.1331185158930987e-8	1.012137384168844e-9	3.959845870980808e-5
574.0	2.25634108578806e-8	1.7319362591497624e-9	3.849935146194204e-6	1.133249743317172e-8	1.0120578982011674e-9	3.9598458889798606e-5
575.0	2.2548868271300752e-8	1.7323981784329761e-9	3.849935710610582e-6	1.1332617974065792e-8	1.012157775273553e-9	3.959845884723565e-5
576.0	2.253506662579472e-8	1.7346768446517675e-9	3.84993638798813e-6	1.1332271647493808e-8	1.0121677286347895e-9	3.95984591432228e-5
577.0	2.2509662737047247e-8	1.733335771336923e-9	3.8499352886065885e-6	1.1332297537605683e-8	1.0118817878385313e-9	3.959845902425071e-5
578.0	2.2521102608536196e-8	1.7340261487738756e-9	3.849935500436499e-6	1.1330468647686223e-8	1.0121003911817035e-9	3.959845929993503e-5
579.0	2.2548385730448396e-8	1.7350897275726082e-9	3.849935645223971e-6	1.133123452621873e-8	1.0117665680408082e-9	3.959845935059103e-5
580.0	2.2593079849612293e-8	1.7332108550137728e-9	3.8499351259704774e-6	1.13285286828476e-8	1.0121969061549508e-9	3.9598459506233115e-5
581.0	2.252895012777838e-8	1.7327262581846727e-9	3.849935549376271e-6	1.1330209590340086e-8	1.012032172608367e-9	3.959845970038188e-5
582.0	2.251029134749455e-8	1.7331718372785626e-9	3.8499365483008375e-6	1.132787256591131e-8	1.012322536528455e-9	3.95984597241289e-5
583.0	2.24878288115203e-8	1.7340884031270207e-9	3.849935768505776e-6	1.1330338997518521e-8	1.0121546052673272e-9	3.9598459881012086e-5
584.0	2.2565071051916092e-8	1.733140191346465e-9	3.849935339684551e-6	1.1328604953448199e-8	1.0120078578265216e-9	3.9598459632503623e-5
585.0	2.2577649915462578e-8	1.7348291419403393e-9	3.849935303218818e-6	1.1331744510289316e-8	1.012055471046307e-9	3.9598459561991126e-5
586.0	2.2520200397551185e-8	1.7343837714349356e-9	3.849935056674476e-6	1.1330919114778544e-8	1.011877288300421e-9	3.9598459201388946e-5
587.0	2.250671794546856e-8	1.7322933927940009e-9	3.849935559514005e-6	1.1333125081459713e-8	1.0122138657572004e-9	3.959845898698942e-5
588.0	2.2510568721353315e-8	1.7349112701167394e-9	3.849936031272194e-6	1.133314837255396e-8	1.0119828498856718e-9	3.9598458639964626e-5
589.0	2.2527907127118144e-8	1.733723483015261e-9	3.8499359504764174e-6	1.133384224730579e-8	1.0121548167218094e-9	3.9598458550087606e-5
590.0	2.2566853484624298e-8	1.7350832186146452e-9	3.8499354495518194e-6	1.1334942881684402e-8	1.011880508192449e-9	3.9598458274753855e-5
591.0	2.2545390838000892e-8	1.7361951638319667e-9	3.849935315567081e-6	1.1332796972368681e-8	1.0117737798618098e-9	3.9598458389944217e-5
592.0	2.2545758836020345e-8	1.7344590960681874e-9	3.8499348980232175e-6	1.1334225838305143e-8	1.0116744230784853e-9	3.9598458264315454e-5
593.0	2.2490433382778537e-8	1.734834123722371e-9	3.849935217570334e-6	1.1330127656912239e-8	1.0117925811760362e-9	3.9598458578594913e-5
594.0	2.250298335991223e-8	1.7338604715268187e-9	3.849935942667681e-6	1.1331805548499238e-8	1.0120019222317987e-9	3.9598458465366165e-5
595.0	2.2564891419377274e-8	1.7342400335831906e-9	3.84993536239831e-6	1.1327411513899824e-8	1.011982682283544e-9	3.959845875893922e-5
596.0	2.2583231235097398e-8	1.7340397512072228e-9	3.849935351193024e-6	1.1330523212273932e-8	1.012250954853204e-9	3.959845852028693e-5
597.0	2.2546123181680717e-8	1.735831177361011e-9	3.849935913597348e-6	1.1326579569304356e-8	1.0118779422152269e-9	3.959845860917631e-5
598.0	2.24866574389775e-8	1.7354245400621785e-9	3.8499355328175485e-6	1.1330082328878256e-8	1.0119995420546402e-9	3.9598458419112874e-5
599.0	2.2531661233490774e-8	1.735476657847723e-9	3.84993567825709e-6	1.1327561973160719e-8	1.0118876966325006e-9	3.959845840243099e-5
600.0	2.2545793133269695e-8	1.736660157529075e-9	3.849935229572044e-6	1.1331272379142346e-8	1.01199059135922e-9	3.9598458365795416e-5
601.0	2.2565593306487934e-8	1.7345272400159618e-9	3.849935201544126e-6	1.1330736346881251e-8	1.0123795862096258e-9	3.9598458390487605e-5
602.0	2.254629424149703e-8	1.7355495615041105e-9	3.8499349923187885e-6	1.1333226684473468e-8	1.0124161093679275e-9	3.9598458451522766e-5
603.0	2.2534311310441607e-8	1.7353734870350896e-9	3.849935609067549e-6	1.1334432317946378e-8	1.012687876400829e-9	3.959845833443652e-5
604.0	2.252196884837865e-8	1.7358489427840168e-9	3.849936033103088e-6	1.1334221969518342e-8	1.0125077004004246e-9	3.959845854511922e-5
605.0	2.2510468691180312e-8	1.7362434380652525e-9	3.849936111904964e-6	1.1335534792634265e-8	1.0125471196612333e-9	3.959845843429188e-5
606.0	2.2559222459967122e-8	1.7365967642043132e-9	3.849935496744046e-6	1.133291424524514e-8	1.0122058608831312e-9	3.95984588068174e-5
607.0	2.258071346136047e-8	1.7367041833723296e-9	3.849934965231442e-6	1.133472455983018e-8	1.012137730882037e-9	3.9598458780892666e-5
608.0	2.2552198188106065e-8	1.7352134983586004e-9	3.849935162021003e-6	1.1330948262768765e-8	1.0119166691688922e-9	3.95984592733971e-5
609.0	2.2490940272536583e-8	1.7342660404306987e-9	3.849935462424733e-6	1.133331714908137e-8	1.0119207990619522e-9	3.9598459193027294e-5
610.0	2.2528042613360236e-8	1.7344814617225491e-9	3.849935542211694e-6	1.1329675411933024e-8	1.0119181837493464e-9	3.9598459493439916e-5
611.0	2.2566630951799882e-8	1.7347338504820977e-9	3.8499358240625285e-6	1.1331789150046253e-8	1.0119182667764409e-9	3.959845930815612e-5
612.0	2.259318808726133e-8	1.7348328406634114e-9	3.8499353396811896e-6	1.1327752460771066e-8	1.012005946934586e-9	3.9598459371556205e-5
613.0	2.253736414904673e-8	1.7359523122490575e-9	3.8499355703137895e-6	1.1330637145434744e-8	1.011894634813552e-9	3.959845933861297e-5
614.0	2.2528785927331386e-8	1.7367378778879777e-9	3.849935352389965e-6	1.132796252131884e-8	1.0116102208041233e-9	3.9598459328052776e-5
615.0	2.2551682550764417e-8	1.7360057394376253e-9	3.8499354090311405e-6	1.1330833968072596e-8	1.0115822240184264e-9	3.9598459454900554e-5
616.0	2.2521975191709715e-8	1.7373832292524764e-9	3.849935973056552e-6	1.1330810967129584e-8	1.0112888717385184e-9	3.959845939605165e-5
617.0	2.2541712930615613e-8	1.7367372078351285e-9	3.849935332210536e-6	1.133227013842445e-8	1.0112750001998722e-9	3.959845962462117e-5
618.0	2.2568290264540434e-8	1.735589106031196e-9	3.849935141222335e-6	1.1333551408163019e-8	1.0115221295736868e-9	3.959845966283076e-5
619.0	2.255971554089664e-8	1.7365298775429705e-9	3.849935505233501e-6	1.1333745015046983e-8	1.0115995924414642e-9	3.9598459713509945e-5
620.0	2.2539239734367342e-8	1.7359358551151962e-9	3.849935576787101e-6	1.1335684981490549e-8	1.011888040238868e-9	3.959845984185483e-5
621.0	2.249317074315297e-8	1.736581773859445e-9	3.849935551107759e-6	1.1334840217223828e-8	1.0118647287852702e-9	3.95984597661568e-5
622.0	2.255452132455908e-8	1.7366227638016576e-9	3.8499364569854435e-6	1.1336413148324532e-8	1.0121660443591365e-9	3.959845977611279e-5
623.0	2.2598325870679162e-8	1.7373141967838173e-9	3.849935628461688e-6	1.1334025332903728e-8	1.0120986023126458e-9	3.959845963501074e-5
624.0	2.256143088110079e-8	1.7367444795017602e-9	3.84993499426704e-6	1.1334605660237706e-8	1.0122228317094457e-9	3.9598459673558944e-5
625.0	2.2550051318222542e-8	1.7365655972834847e-9	3.849935125634217e-6	1.133101276594168e-8	1.0123310898579723e-9	3.959845965075898e-5
626.0	2.249108245697185e-8	1.737085197948752e-9	3.84993530108092e-6	1.1331589844940412e-8	1.01220783369946e-9	3.959845985115263e-5
627.0	2.2566271206803003e-8	1.7356851457689105e-9	3.84993492148253e-6	1.1329145810800028e-8	1.0125578603144435e-9	3.959845983345518e-5
628.0	2.2573101674868543e-8	1.73665927074403e-9	3.849935835057914e-6	1.1329481273316702e-8	1.0123458381589478e-9	3.959845994269918e-5
629.0	2.2585502003875657e-8	1.7385643047261452e-9	3.849936136070906e-6	1.1329516994463536e-8	1.0127039224969964e-9	3.959845995056802e-5
630.0	2.2549699639237667e-8	1.737364958135004e-9	3.849935789921493e-6	1.1329429359072053e-8	1.0125623630700583e-9	3.95984597500413e-5
631.0	2.2508690959608593e-8	1.7380494654913869e-9	3.849935528066367e-6	1.1330430052615367e-8	1.01264722640161e-9	3.959845976557421e-5
632.0	2.252597801293635e-8	1.738641899423899e-9	3.849935153319039e-6	1.1331175673751255e-8	1.0125032176014496e-9	3.959845941104149e-5
633.0	2.257397699919865e-8	1.737254768921453e-9	3.84993509451206e-6	1.1332893662942354e-8	1.0122030078228299e-9	3.959845945178411e-5
634.0	2.2590692175316174e-8	1.7381117568783572e-9	3.84993523756076e-6	1.1334779160087726e-8	1.0122222043201089e-9	3.9598459265385375e-5
635.0	2.2541662457491073e-8	1.7373278842468775e-9	3.84993564492873e-6	1.1335264832997414e-8	1.011670882212736e-9	3.9598459369627924e-5
636.0	2.25152353784042e-8	1.7382761046468063e-9	3.849936068874159e-6	1.1335584730794845e-8	1.0120200021936546e-9	3.9598459201974794e-5
637.0	2.2530637837754855e-8	1.7374519479750557e-9	3.849936508887024e-6	1.1335006472241571e-8	1.0118078763271685e-9	3.959845948204975e-5
638.0	2.2569114036398185e-8	1.7388720453374327e-9	3.84993529029076e-6	1.1333180097934167e-8	1.012104420661472e-9	3.95984592631898e-5
639.0	2.2552481221528547e-8	1.7397122310398851e-9	3.849935553845179e-6	1.1332101555014157e-8	1.0121627148327438e-9	3.959845944096411e-5
640.0	2.255582871757128e-8	1.7384658577562774e-9	3.84993495773528e-6	1.1330783165335173e-8	1.012081021539058e-9	3.959845921182266e-5
641.0	2.2542888110488837e-8	1.7378602510734245e-9	3.849935470346641e-6	1.1327994589336494e-8	1.012043181295031e-9	3.959845910308945e-5
642.0	2.2536436764586612e-8	1.739364244434058e-9	3.849935509101431e-6	1.1329861286716576e-8	1.0117446995484615e-9	3.9598459078265145e-5
643.0	2.251228230615317e-8	1.7377558458507817e-9	3.849935330206225e-6	1.1327076285191969e-8	1.0118214379744536e-9	3.9598458617664064e-5
644.0	2.255743093340108e-8	1.7390348263128277e-9	3.849935640218346e-6	1.1330657896715558e-8	1.0116533620322802e-9	3.9598458942510395e-5
645.0	2.260497387769331e-8	1.7416023365469837e-9	3.8499357896121705e-6	1.1331048630371115e-8	1.012049731682528e-9	3.9598458388248565e-5
646.0	2.254861718155398e-8	1.7394033157590464e-9	3.849935044458911e-6	1.1335044537821271e-8	1.0121051749038171e-9	3.95984587340487e-5
647.0	2.2508288696449516e-8	1.7405654836100077e-9	3.8499350032527565e-6	1.1337391206490337e-8	1.0124645931535649e-9	3.95984582076553e-5
648.0	2.2515913106759933e-8	1.7402028018295365e-9	3.849935210623951e-6	1.1338929376164081e-8	1.0125891462157902e-9	3.95984585101974e-5
649.0	2.2605173921376442e-8	1.738712037896755e-9	3.849935183255444e-6	1.1339211489309044e-8	1.0128470939531922e-9	3.959845816427339e-5
650.0	2.2617600427767622e-8	1.7399867389600303e-9	3.84993485561284e-6	1.133835091379726e-8	1.0126736952679478e-9	3.95984583216526e-5
651.0	2.2529928972733028e-8	1.738767073403251e-9	3.8499357563479136e-6	1.1335802273141407e-8	1.0126269929903204e-9	3.9598458421979355e-5
652.0	2.2527645930621402e-8	1.7401643835213912e-9	3.849935594910179e-6	1.1332765232064966e-8	1.0124622667357205e-9	3.959845840258663e-5
653.0	2.256244739442141e-8	1.7402779582636436e-9	3.849935499186543e-6	1.1330654558384082e-8	1.012259309918753e-9	3.959845877822324e-5
654.0	2.260349549102534e-8	1.7402410308071809e-9	3.8499347581123296e-6	1.132466283002375e-8	1.0122690845720548e-9	3.959845851012067e-5
655.0	2.2582208606068492e-8	1.7416161965365955e-9	3.849935425923713e-6	1.1326278969259417e-8	1.0123027954527257e-9	3.959845899625028e-5
656.0	2.255787585475627e-8	1.7404345671363605e-9	3.849935460937555e-6	1.1321158908676816e-8	1.0125056416574287e-9	3.9598458523822734e-5
657.0	2.2571206906857415e-8	1.7420767936017022e-9	3.8499354434339664e-6	1.1326590296263458e-8	1.0125136285835536e-9	3.959845904751574e-5
658.0	2.255400709829978e-8	1.7412759909882556e-9	3.849935412207994e-6	1.1326870674057563e-8	1.0127413522513792e-9	3.9598458552592676e-5
659.0	2.2567239193345282e-8	1.7416753204422967e-9	3.849935680782178e-6	1.1333023572391423e-8	1.0123480375291578e-9	3.959845893353653e-5
660.0	2.2571167371895395e-8	1.7420351671867289e-9	3.849935375826669e-6	1.1336662758455495e-8	1.0123724949687704e-9	3.959845875129904e-5
661.0	2.2608631938695685e-8	1.7415079444547845e-9	3.8499352020779395e-6	1.134092341075378e-8	1.0118859093027176e-9	3.9598458954429124e-5
662.0	2.2556845654201925e-8	1.7412649053395976e-9	3.849935461843235e-6	1.1342624690676275e-8	1.011774047715861e-9	3.9598459252997294e-5
663.0	2.2542849710291866e-8	1.7413143351974923e-9	3.849935295911426e-6	1.1344096409779133e-8	1.0116608443649742e-9	3.959845929045281e-5
664.0	2.2577617032915302e-8	1.7417936176024344e-9	3.849935225531933e-6	1.1342060541377089e-8	1.0115541421080416e-9	3.959845984595383e-5
665.0	2.260862578361569e-8	1.7419846916249136e-9	3.849935727423598e-6	1.1339445464773028e-8	1.0118610912633742e-9	3.959845969313184e-5
666.0	2.260304186416892e-8	1.7421551549720088e-9	3.849935333682184e-6	1.1336250116550327e-8	1.0115006871543e-9	3.959845998704825e-5
667.0	2.256004704422919e-8	1.7427901398769155e-9	3.849935378583917e-6	1.1328615499834938e-8	1.0119168388796897e-9	3.959845975068828e-5
668.0	2.2569691709662646e-8	1.7430453282455697e-9	3.849935931733759e-6	1.1327633140716417e-8	1.0115040720684425e-9	3.959845976186188e-5
669.0	2.2593409009324397e-8	1.74227322780785e-9	3.849935334106102e-6	1.1319693985455827e-8	1.011998432917477e-9	3.959845967347709e-5
670.0	2.2601305617898382e-8	1.7419988676099868e-9	3.849935248439097e-6	1.1323256971699072e-8	1.01194091414341e-9	3.95984597159381e-5
671.0	2.2566436094044144e-8	1.7416731976719604e-9	3.849935361733723e-6	1.132240035472761e-8	1.0121303231795876e-9	3.9598459664899415e-5
672.0	2.259846511993438e-8	1.7428434821494112e-9	3.849935400303223e-6	1.1327620537270755e-8	1.0122622792137853e-9	3.959845960886755e-5
673.0	2.2583712414303663e-8	1.7427130950225687e-9	3.849935152835034e-6	1.1332037432993687e-8	1.0119109877486577e-9	3.9598459347400384e-5
674.0	2.2583586905146018e-8	1.74365280631265e-9	3.849935742813933e-6	1.1336829736971244e-8	1.0121865367397196e-9	3.9598459220946666e-5
675.0	2.256915085846962e-8	1.7434730643550172e-9	3.849935815432497e-6	1.134099252631358e-8	1.0119099468708074e-9	3.959845914206978e-5
676.0	2.2593659192438184e-8	1.7428528704805347e-9	3.849935822331884e-6	1.134357306185874e-8	1.0124015347473642e-9	3.959845899760033e-5
677.0	2.2616381290902035e-8	1.7425999263674933e-9	3.849934419580089e-6	1.134467976434822e-8	1.0126067583865378e-9	3.959845935467446e-5
678.0	2.258371251949256e-8	1.7412867827575865e-9	3.8499345854931305e-6	1.1342599486179836e-8	1.0127911444584087e-9	3.9598459031356026e-5
679.0	2.257261477903407e-8	1.742334504146568e-9	3.849935231849038e-6	1.1340345508969932e-8	1.0129232213918459e-9	3.9598459502356435e-5
680.0	2.259412212828985e-8	1.7421709959629226e-9	3.8499354187807794e-6	1.1332472709822732e-8	1.012760333947366e-9	3.959845901354731e-5
681.0	2.260790894593407e-8	1.7423249607405727e-9	3.849935357413053e-6	1.1330163581852958e-8	1.0127083896728684e-9	3.9598459385901656e-5
682.0	2.2596970882523893e-8	1.7442705476593398e-9	3.849935767170115e-6	1.1321240576508165e-8	1.0128198687893274e-9	3.9598459258689945e-5
683.0	2.2584094853899168e-8	1.743726034438163e-9	3.849935131652359e-6	1.1322943984762574e-8	1.0127475623893717e-9	3.9598459284089204e-5
684.0	2.2610848005419748e-8	1.7446549833477631e-9	3.849934067735847e-6	1.1319489663584271e-8	1.0127931680750217e-9	3.9598459514443677e-5
685.0	2.258593068209793e-8	1.7450035154126086e-9	3.849934832627277e-6	1.1323218178580133e-8	1.0123558883055744e-9	3.959845905682742e-5
686.0	2.2598985460465994e-8	1.7437633590212967e-9	3.8499360770810954e-6	1.1326356361850183e-8	1.012293993065107e-9	3.959845961508289e-5
687.0	2.2578891300686375e-8	1.7441198956978884e-9	3.8499359242275525e-6	1.1331318682733564e-8	1.0119189394235047e-9	3.9598458910910116e-5
688.0	2.2609332847355638e-8	1.7442509994936513e-9	3.8499352463657195e-6	1.1337115404593287e-8	1.0117563205419768e-9	3.9598459585828774e-5
689.0	2.2600624639462343e-8	1.7440101488442501e-9	3.849935231067176e-6	1.1340922996275292e-8	1.0121958600893906e-9	3.959845879165628e-5
690.0	2.2592202510796323e-8	1.7442066619884429e-9	3.849935127922211e-6	1.134433704917481e-8	1.011793300214584e-9	3.959845917465942e-5
691.0	2.2564055856490812e-8	1.7442583849451431e-9	3.849934768635405e-6	1.134352991687726e-8	1.0123873510846646e-9	3.959845847525568e-5
692.0	2.2586468972327353e-8	1.7442351130553174e-9	3.84993552728654e-6	1.1343207064157238e-8	1.0117067933824472e-9	3.959845841333899e-5
693.0	2.2599026693294268e-8	1.744029779284115e-9	3.8499361434580175e-6	1.133719997248004e-8	1.0120945042467944e-9	3.9598458187775585e-5
694.0	2.2620543696135548e-8	1.745585862285904e-9	3.849935695809811e-6	1.1336140997276958e-8	1.0116238309042294e-9	3.959845787326853e-5
695.0	2.261792893947515e-8	1.7444881187143104e-9	3.849934846418479e-6	1.1328242621122995e-8	1.0117105047083126e-9	3.959845817168843e-5
696.0	2.255483780526062e-8	1.7453205547204206e-9	3.849934935407807e-6	1.1328905422591356e-8	1.0119388617031914e-9	3.959845768709666e-5
697.0	2.2580696773354373e-8	1.7457257359491915e-9	3.849935152891493e-6	1.1323193012815715e-8	1.0115671208951881e-9	3.959845822888129e-5
698.0	2.26145862062348e-8	1.7445311858948113e-9	3.849935152413887e-6	1.1325991300671272e-8	1.0125483294959864e-9	3.959845777784954e-5
699.0	2.2630212399811843e-8	1.745322853043455e-9	3.849934930242475e-6	1.1325087683267505e-8	1.011739183950025e-9	3.959845831581723e-5
700.0	2.2592007336612346e-8	1.744990820482126e-9	3.8499359248820735e-6	1.1328884427524262e-8	1.0128789493093836e-9	3.9598457956652244e-5
701.0	2.255543664495478e-8	1.7451840961911375e-9	3.849935037641981e-6	1.133159128905936e-8	1.012420272224517e-9	3.959845855195315e-5
702.0	2.257993639492328e-8	1.745098278049146e-9	3.849935089150609e-6	1.1334974213246098e-8	1.013108427516985e-9	3.959845815068148e-5
703.0	2.261471620459017e-8	1.7459900901777937e-9	3.849935680842417e-6	1.1337442170646301e-8	1.0131385316829099e-9	3.959845864591846e-5
704.0	2.2590057303930828e-8	1.7474678184095438e-9	3.849935356446409e-6	1.1337661054529973e-8	1.0129881515462583e-9	3.9598458295051156e-5
705.0	2.2594302066818456e-8	1.7462956434824747e-9	3.8499346646047685e-6	1.1337949980611198e-8	1.013724660354815e-9	3.959845877612546e-5
706.0	2.2564154435856892e-8	1.7472154840601821e-9	3.849935654524902e-6	1.133531775251196e-8	1.01291683851412e-9	3.9598458701735466e-5
707.0	2.2589918598408398e-8	1.7467812957204777e-9	3.849935428279873e-6	1.1333993405626734e-8	1.0137374493388478e-9	3.9598458863707396e-5
708.0	2.2573807081763345e-8	1.7451672163385753e-9	3.849935135131065e-6	1.1330287939774328e-8	1.0128197957321115e-9	3.959845915623062e-5
709.0	2.259587188173146e-8	1.746235098697823e-9	3.849935769651672e-6	1.1330084550728993e-8	1.0131616226187635e-9	3.959845883503637e-5
710.0	2.2626535181873557e-8	1.7452321992039798e-9	3.849935571128594e-6	1.1326154496993125e-8	1.012625357690741e-9	3.9598459156772136e-5
711.0	2.262073056776274e-8	1.7458168358374072e-9	3.849934566891165e-6	1.1328216733810968e-8	1.0125360750277013e-9	3.9598458620201104e-5
712.0	2.256969195038319e-8	1.74656590826576e-9	3.849935211743854e-6	1.1326014076806297e-8	1.0128040666188525e-9	3.9598458989297005e-5
713.0	2.2579244872826406e-8	1.7485658297914884e-9	3.849935614799104e-6	1.132895614254335e-8	1.0121500575260109e-9	3.959845861297324e-5
714.0	2.2618641669115536e-8	1.7493007013377702e-9	3.849935431397785e-6	1.1329500434315711e-8	1.0128609409601532e-9	3.959845901609593e-5
715.0	2.2657436938984593e-8	1.748846468906888e-9	3.849935228007981e-6	1.1332500406138478e-8	1.0117892235159518e-9	3.959845872441458e-5
716.0	2.2598233565163e-8	1.7486429480632966e-9	3.849935186456985e-6	1.1334055043913728e-8	1.0123772489616e-9	3.959845916140904e-5
717.0	2.2552416165830747e-8	1.7479243658075624e-9	3.849935005747797e-6	1.1335696651430857e-8	1.0116043911118064e-9	3.95984590631701e-5
718.0	2.258519455298077e-8	1.7473347108823704e-9	3.849934565124616e-6	1.1336320711173694e-8	1.011835521062006e-9	3.959845928132853e-5
719.0	2.2628315101050852e-8	1.747375206998679e-9	3.8499352899539825e-6	1.1337306644484408e-8	1.0118382081045925e-9	3.959845942164294e-5
720.0	2.2628961513974806e-8	1.7486500827752872e-9	3.849936222791002e-6	1.1336185775611231e-8	1.011707420276741e-9	3.95984593182586e-5
721.0	2.2588205914192958e-8	1.7488578056125324e-9	3.849935082192765e-6	1.133663126695113e-8	1.012426828252281e-9	3.959845967926101e-5
722.0	2.257563723684942e-8	1.7483363282028508e-9	3.849934800694341e-6	1.1334800391645009e-8	1.011877399996805e-9	3.9598459282039554e-5
723.0	2.2580189809377987e-8	1.7484212777476389e-9	3.849935139094861e-6	1.1333837993195188e-8	1.0127274424777418e-9	3.959845975065462e-5
724.0	2.2623481526952932e-8	1.7474108976379483e-9	3.8499349196341205e-6	1.1331745731896725e-8	1.0123024017428435e-9	3.959845931812912e-5
725.0	2.2616980190115553e-8	1.7481630476537014e-9	3.849934838020205e-6	1.133012258995006e-8	1.0127886221870314e-9	3.959845975613953e-5
726.0	2.2628750247327546e-8	1.7486163079953177e-9	3.849935804704896e-6	1.1328680624611362e-8	1.0129323710772575e-9	3.959845957693572e-5
727.0	2.2577550919834302e-8	1.7481190318625427e-9	3.849935723114019e-6	1.1327035668525975e-8	1.013097755828757e-9	3.9598459686252025e-5
728.0	2.259349127785378e-8	1.7502733886907598e-9	3.84993479595668e-6	1.1325649830743833e-8	1.0135879986236112e-9	3.959845966381604e-5
729.0	2.2598689632624096e-8	1.7494678908573901e-9	3.8499349964700055e-6	1.1324786866073677e-8	1.0131745061890025e-9	3.959845968942594e-5
730.0	2.2645840874728514e-8	1.7495756041004018e-9	3.849935174647686e-6	1.1324552514224464e-8	1.0135952526968938e-9	3.959845970231422e-5
731.0	2.2595392801116473e-8	1.748524508066781e-9	3.8499348706976424e-6	1.1324704400147273e-8	1.0130732490849996e-9	3.959845984412174e-5
732.0	2.260118788084935e-8	1.7493281365364519e-9	3.849935450226919e-6	1.1327776284775536e-8	1.0130553249394874e-9	3.9598459702552564e-5
733.0	2.2579925747985683e-8	1.7499169205923798e-9	3.849935572386335e-6	1.1329482893841354e-8	1.0129085206157452e-9	3.959845985824071e-5
734.0	2.261159412982931e-8	1.7503092435350292e-9	3.849935000805147e-6	1.1334154153186336e-8	1.012690098792224e-9	3.959845954491929e-5
735.0	2.262294259846578e-8	1.7508389481461429e-9	3.84993499199596e-6	1.1336122510522317e-8	1.0127237087073299e-9	3.959845951324935e-5
736.0	2.259134121109833e-8	1.7492408322179275e-9	3.849935437986537e-6	1.1339846446200294e-8	1.0123759458893616e-9	3.959845930971289e-5
737.0	2.2629012805957323e-8	1.750046178058666e-9	3.8499354184530505e-6	1.1339834555905077e-8	1.0124125081862256e-9	3.959845916159331e-5
738.0	2.25836515226741e-8	1.7478565101291522e-9	3.849935466120407e-6	1.1341572736582097e-8	1.0122282151129384e-9	3.959845931975636e-5
739.0	2.259507636491176e-8	1.7481153184637908e-9	3.849935188160756e-6	1.1338713589849724e-8	1.0119591339943403e-9	3.959845884399541e-5
740.0	2.261513897368275e-8	1.7505722020969806e-9	3.849934863325575e-6	1.133818488510439e-8	1.0118851907577508e-9	3.959845915094172e-5
741.0	2.2624775869049283e-8	1.7507409064659767e-9	3.849934937244692e-6	1.1331710290626654e-8	1.0116236390656033e-9	3.9598458614583975e-5
742.0	2.2611361613596152e-8	1.7509899035551052e-9	3.849935601800047e-6	1.1329640862949622e-8	1.0116749732981355e-9	3.9598458952354314e-5
743.0	2.257713321736197e-8	1.7535327162289412e-9	3.8499359892463945e-6	1.1323908009612722e-8	1.0116657401071002e-9	3.959845845515807e-5
744.0	2.2580665627629323e-8	1.7513006308275488e-9	3.849935545328086e-6	1.132258605729667e-8	1.011848233811825e-9	3.959845877804436e-5
745.0	2.2659906513587422e-8	1.7499399983088388e-9	3.8499348993287325e-6	1.1321462663379081e-8	1.0123300570304206e-9	3.959845844810341e-5
746.0	2.2611121080411947e-8	1.749323717836394e-9	3.849934309992099e-6	1.1323366324898134e-8	1.012364284817409e-9	3.9598458771635945e-5
747.0	2.2601117250490383e-8	1.7498054305154817e-9	3.849934726295028e-6	1.1326081844108382e-8	1.012850879193347e-9	3.959845862785715e-5
748.0	2.2581775057923754e-8	1.7501876085570635e-9	3.849935589113933e-6	1.132970911548535e-8	1.012820226028938e-9	3.9598458895236544e-5
749.0	2.2619579304570385e-8	1.7507195029211864e-9	3.8499361107812855e-6	1.133442554523936e-8	1.013033599533418e-9	3.959845886282933e-5
750.0	2.2640730642400717e-8	1.7530869088985843e-9	3.849935978798376e-6	1.1337592159821126e-8	1.0130679092475966e-9	3.959845886625403e-5
751.0	2.2598225621432922e-8	1.7533180244853955e-9	3.849935215587987e-6	1.1341565973314087e-8	1.012933188018387e-9	3.959845891360782e-5
752.0	2.2610900331700677e-8	1.752879702714221e-9	3.849934194702143e-6	1.1341016032891474e-8	1.0131375004787077e-9	3.9598458815813646e-5
753.0	2.259913483785032e-8	1.7513915371086734e-9	3.8499343642340216e-6	1.1342985133430732e-8	1.0128132903522207e-9	3.9598458804850234e-5
754.0	2.261770054690237e-8	1.751467636279298e-9	3.849935627307983e-6	1.1336823181211587e-8	1.0132554325520317e-9	3.959845884656188e-5
755.0	2.2620317448120596e-8	1.7507901687739753e-9	3.849935989239255e-6	1.1336469472152282e-8	1.0130661584438348e-9	3.959845869747909e-5
756.0	2.2623461206455534e-8	1.7522332755471232e-9	3.849935435331262e-6	1.1328671175520627e-8	1.0132466275127352e-9	3.9598458817630816e-5
757.0	2.263031761165755e-8	1.751328264135379e-9	3.849935554640902e-6	1.1328234714960267e-8	1.0131967770656844e-9	3.959845855252917e-5
758.0	2.2613635787260187e-8	1.7515236685689128e-9	3.849935191025844e-6	1.1322575649078749e-8	1.0128125569929205e-9	3.959845869876964e-5
759.0	2.2612071758328895e-8	1.7529651567511199e-9	3.849934509144754e-6	1.1324763872764365e-8	1.0127657328877645e-9	3.959845850091523e-5
760.0	2.2641078357826447e-8	1.7521554273738635e-9	3.849935352273873e-6	1.1323011954923433e-8	1.0120574919267908e-9	3.959845867825626e-5
761.0	2.2643832281258835e-8	1.7535633236868863e-9	3.8499356037637195e-6	1.1328027149801869e-8	1.0122702479016586e-9	3.9598458815259056e-5
762.0	2.2626833931122803e-8	1.7525145808442415e-9	3.849935300250337e-6	1.1329259786376496e-8	1.0117536673944844e-9	3.9598458995509734e-5
763.0	2.2601731835480096e-8	1.7521494156504512e-9	3.8499346949376655e-6	1.1335402366308247e-8	1.011963628733109e-9	3.9598459371057146e-5
764.0	2.263046820154684e-8	1.751655091908738e-9	3.849935483035237e-6	1.1337481643789584e-8	1.012123051244126e-9	3.9598459376220036e-5
765.0	2.2633167191505062e-8	1.7515722131555614e-9	3.8499356145306e-6	1.1340945164268801e-8	1.012138669290103e-9	3.959845963805182e-5
766.0	2.2619000989871725e-8	1.7521866850413308e-9	3.849935328937352e-6	1.134204917382004e-8	1.0127205083991e-9	3.9598459383964146e-5
767.0	2.2621608188783867e-8	1.7525391920693004e-9	3.849935352679101e-6	1.1339262185173392e-8	1.0123775345841e-9	3.959845960805856e-5
768.0	2.2611769243861282e-8	1.7521409054253717e-9	3.849935044869852e-6	1.1338687746525951e-8	1.013042918333468e-9	3.9598459390711394e-5
769.0	2.263444898567842e-8	1.754347484342926e-9	3.849934915279014e-6	1.1332483450424692e-8	1.0125045985442477e-9	3.959845953391443e-5
770.0	2.261441683227514e-8	1.7543785266843462e-9	3.8499350992254045e-6	1.1332001774175634e-8	1.0127659440358023e-9	3.9598459404526196e-5
771.0	2.262327229872527e-8	1.7528844288436856e-9	3.849935835892729e-6	1.1326460320858785e-8	1.0126231559588068e-9	3.9598459425273625e-5
772.0	2.2643241940917474e-8	1.7545957260016671e-9	3.849935388771994e-6	1.1328143377409201e-8	1.0124592818831537e-9	3.95984593678134e-5
773.0	2.262302892236756e-8	1.7521288362206377e-9	3.849935446237313e-6	1.1325635187077903e-8	1.0129085198058287e-9	3.959845924382942e-5
774.0	2.260194470512279e-8	1.7527765150619644e-9	3.849935126005275e-6	1.1329846229434951e-8	1.0126411739588092e-9	3.959845935432737e-5
775.0	2.2637447555062596e-8	1.7530678355192788e-9	3.8499351774385295e-6	1.1329125975532883e-8	1.0132959845663214e-9	3.959845922384889e-5
776.0	2.2644619981123325e-8	1.7537862193118861e-9	3.849935512872568e-6	1.1335734324663822e-8	1.0129730993416873e-9	3.9598459409033096e-5
777.0	2.2634666110038358e-8	1.754005359782936e-9	3.849935603758463e-6	1.1334259417264107e-8	1.013322686468447e-9	3.959845925677438e-5
778.0	2.2604189890776094e-8	1.7527999577374205e-9	3.8499353069816215e-6	1.133919237798693e-8	1.0130291477373617e-9	3.95984594043212e-5
779.0	2.2613622521508668e-8	1.7545540074850068e-9	3.8499348546949175e-6	1.1337008696474939e-8	1.0128414958349856e-9	3.959845938346215e-5
780.0	2.267821330333244e-8	1.7526414690892016e-9	3.849934992377272e-6	1.1337664277634192e-8	1.012752839088897e-9	3.959845944789143e-5
781.0	2.262417650024143e-8	1.7524090210438318e-9	3.8499354255239266e-6	1.1335367205561054e-8	1.012261217361378e-9	3.959845945744059e-5
782.0	2.2606331660840564e-8	1.754807616605146e-9	3.8499355779517e-6	1.1333004382883295e-8	1.012572989412412e-9	3.959845938282056e-5
783.0	2.262461879911361e-8	1.7548579204014292e-9	3.849935599709416e-6	1.1332193411987282e-8	1.0122312764558982e-9	3.95984594066124e-5
784.0	2.2645183775372677e-8	1.7551095772423264e-9	3.849934900961749e-6	1.1328989281710544e-8	1.0127007324177833e-9	3.95984592903637e-5
785.0	2.2657386923373e-8	1.7556526373907876e-9	3.849935153772828e-6	1.1330167212200346e-8	1.0126408342722461e-9	3.959845934027833e-5
786.0	2.260182335972499e-8	1.7554587329526716e-9	3.8499351113082965e-6	1.1328993235348458e-8	1.0124935194838445e-9	3.9598459074980276e-5
787.0	2.260942310305307e-8	1.7532811083811976e-9	3.849935401824828e-6	1.1331784331389604e-8	1.0125818816413465e-9	3.95984591806194e-5
788.0	2.2657494607369992e-8	1.7539117493037963e-9	3.84993531044722e-6	1.1332350652927331e-8	1.01225015065825e-9	3.959845885341695e-5
789.0	2.262635180847167e-8	1.7552439111800783e-9	3.8499354868352655e-6	1.133626480630009e-8	1.0124651719917511e-9	3.9598459096057167e-5
790.0	2.2637792064451895e-8	1.7550283446898435e-9	3.8499350421713955e-6	1.1335405427877312e-8	1.0124149976318294e-9	3.959845885488104e-5
791.0	2.2600321836939753e-8	1.7561384785526603e-9	3.849935406805773e-6	1.1338597282805005e-8	1.0127487852361844e-9	3.959845902082424e-5
792.0	2.2639223840180706e-8	1.7568929850919143e-9	3.849935143264988e-6	1.1335226657506977e-8	1.0129332532010501e-9	3.959845892555841e-5
793.0	2.262437287985465e-8	1.7560890205192147e-9	3.849935776509102e-6	1.1336828296186716e-8	1.0127035144559764e-9	3.9598458801535774e-5
794.0	2.26263278368143e-8	1.7560024994783374e-9	3.849935306320869e-6	1.1333168397927757e-8	1.012901814256392e-9	3.959845882952228e-5
795.0	2.2647164140103177e-8	1.7561076370242383e-9	3.849934860715312e-6	1.1333283710155833e-8	1.0124765393629687e-9	3.959845855470888e-5
796.0	2.2629786053075216e-8	1.7540067412137653e-9	3.849935321501803e-6	1.1330500382877438e-8	1.012673105732663e-9	3.9598458616152287e-5
797.0	2.263337808736539e-8	1.7565916541727899e-9	3.849935339832319e-6	1.1329621473766622e-8	1.012659929378932e-9	3.9598458236119855e-5
798.0	2.2603621754750832e-8	1.7561644193122472e-9	3.849935765808166e-6	1.1328623729920788e-8	1.0128469173043985e-9	3.95984582578513e-5
799.0	2.2645025496267167e-8	1.7572517174286072e-9	3.849935069145622e-6	1.1329138180868826e-8	1.01318454374921e-9	3.9598457978256944e-5
800.0	2.2640970113685428e-8	1.757815385947828e-9	3.849935589415034e-6	1.133109601655911e-8	1.0131237109875843e-9	3.959845801263459e-5
